[run] seed=2024 device=cuda:0 problem_size=100 batch_size=64 rollout_steps=20
[run] train_data=easynco:uniform size=20000 eval_data=easynco:uniform eval_size=128
[run] selector_device=cuda:0 easynco_solver_device=cuda:0 dact_solver_device=cuda:0
[run] init_zoo=lehd,elg,difusco operator_zoo=two_opt,lehd_rrc_step,dact_2opt_step
[run] heuristic_init_restarts=4 metric=cartesian p=2 regret_k=1
[run] output_dir=0new/operator_policy/outputs/去掉迭代特征
[run] enabled_easynco_runtime_patches=special_selected,TSPEnv,ARInitialization,ELGInitialization,POMOInitialization,LEHDPolicy.forward,LEHDDecoder
[run] solver_zoo_ready init=3 operators=3 elapsed=2.66s
[data] building train loader...
[data] train loader ready elapsed=0.28s
[run] training started
[train:prepare] step=00001/00500 fetching batch
[train:batch] step=00001 shape=(64, 100, 2) device=cuda:0 fetch_t=0.00s
[train:init] step=00001 batch=64 n=100 device=cuda:0 select_t=0.63s init_mean_entropy=1.0596
[solver:init] name=lehd count=15 start
[solver:init] name=lehd count=15 done elapsed=0.71s
[solver:init] name=elg count=31 start
[solver:init] name=elg count=31 done elapsed=0.65s
[solver:init] name=difusco count=18 start
[solver:init] name=difusco count=18 done elapsed=5.23s
[solver:init] all done elapsed=6.59s
[train:reset] step=00001 reset_t=6.59s init_len=7.9469
[train:rollout] step=00001 iter=01/20 current=7.9323 best=7.9234 stagnation=0.56
[train:rollout] step=00001 iter=02/20 current=7.9259 best=7.9199 stagnation=1.19
[train:rollout] step=00001 iter=04/20 current=7.8803 best=7.8681 stagnation=1.95
[train:rollout] step=00001 iter=06/20 current=7.8564 best=7.8460 stagnation=2.75
[train:rollout] step=00001 iter=08/20 current=7.8501 best=7.8403 stagnation=3.88
[train:rollout] step=00001 iter=10/20 current=7.8444 best=7.8360 stagnation=5.64
[train:rollout] step=00001 iter=12/20 current=7.8436 best=7.8329 stagnation=6.92
[train:rollout] step=00001 iter=14/20 current=7.8427 best=7.8319 stagnation=7.81
[train:rollout] step=00001 iter=16/20 current=7.8400 best=7.8262 stagnation=9.56
[train:rollout] step=00001 iter=18/20 current=7.8320 best=7.8239 stagnation=10.28
[train:rollout] step=00001 iter=20/20 current=7.8378 best=7.8239 stagnation=12.27
[train:done] step=00001 total_t=14.20s rollout_t=6.79s opt_t=0.19s loss=-0.0064 init=7.9469 final=7.8239 improve=0.1230 baseline=0.1230 entropy=22.9962
[train] step=00001 loss=-0.0064 init=7.9469 final=7.8239 improve=0.1230 entropy=22.9962 baseline=0.1230 adv_mean=-0.0000 total_t=14.20s
[train] step=00001 init_dist=lehd:0.23, elg:0.48, difusco:0.28
[train] step=00001 op_dist=two_opt:0.31, lehd_rrc_step:0.36, dact_2opt_step:0.33
[train] step=00001 timing select=0.63s reset=6.59s rollout=6.79s optimize=0.19s
[train:prepare] step=00002/00500 fetching batch
[train:batch] step=00002 shape=(64, 100, 2) device=cuda:0 fetch_t=0.00s
[train:init] step=00002 batch=64 n=100 device=cuda:0 select_t=0.00s init_mean_entropy=1.0435
[solver:init] name=lehd count=11 start
[solver:init] name=lehd count=11 done elapsed=0.69s
[solver:init] name=elg count=21 start
[solver:init] name=elg count=21 done elapsed=0.49s
[solver:init] name=difusco count=32 start
[solver:init] name=difusco count=32 done elapsed=7.07s
[solver:init] all done elapsed=8.26s
[train:reset] step=00002 reset_t=8.26s init_len=7.8524
[train:rollout] step=00002 iter=01/20 current=7.8273 best=7.8212 stagnation=0.56
[train:rollout] step=00002 iter=02/20 current=7.8284 best=7.8156 stagnation=1.33
[train:rollout] step=00002 iter=04/20 current=7.7898 best=7.7844 stagnation=2.30
[train:rollout] step=00002 iter=06/20 current=7.7938 best=7.7793 stagnation=3.55
[train:rollout] step=00002 iter=08/20 current=7.7921 best=7.7775 stagnation=4.55
[train:rollout] step=00002 iter=10/20 current=7.7825 best=7.7696 stagnation=5.09
[train:rollout] step=00002 iter=12/20 current=7.7747 best=7.7632 stagnation=5.72
[train:rollout] step=00002 iter=14/20 current=7.7764 best=7.7627 stagnation=7.30
[train:rollout] step=00002 iter=16/20 current=7.7727 best=7.7615 stagnation=8.17
[train:rollout] step=00002 iter=18/20 current=7.7656 best=7.7578 stagnation=8.53
[train:rollout] step=00002 iter=20/20 current=7.7741 best=7.7573 stagnation=10.14
[train:done] step=00002 total_t=17.77s rollout_t=9.35s opt_t=0.16s loss=-0.0897 init=7.8524 final=7.7573 improve=0.0951 baseline=0.0951 entropy=22.9810
[train] step=00002 loss=-0.0897 init=7.8524 final=7.7573 improve=0.0951 entropy=22.9810 baseline=0.0951 adv_mean=-0.0000 total_t=17.77s
[train] step=00002 init_dist=lehd:0.17, elg:0.33, difusco:0.50
[train] step=00002 op_dist=two_opt:0.31, lehd_rrc_step:0.35, dact_2opt_step:0.35
[train] step=00002 timing select=0.00s reset=8.26s rollout=9.35s optimize=0.16s
[train:prepare] step=00003/00500 fetching batch
[train:batch] step=00003 shape=(64, 100, 2) device=cuda:0 fetch_t=0.00s
[train:init] step=00003 batch=64 n=100 device=cuda:0 select_t=0.00s init_mean_entropy=0.9605
[solver:init] name=lehd count=5 start
[solver:init] name=lehd count=5 done elapsed=0.72s
[solver:init] name=elg count=17 start
[solver:init] name=elg count=17 done elapsed=0.50s
[solver:init] name=difusco count=42 start
[solver:init] name=difusco count=42 done elapsed=10.62s
[solver:init] all done elapsed=11.85s
[train:reset] step=00003 reset_t=11.85s init_len=7.8659
[train:rollout] step=00003 iter=01/20 current=7.8357 best=7.8255 stagnation=0.53
[train:rollout] step=00003 iter=02/20 current=7.8290 best=7.8171 stagnation=1.22
[train:rollout] step=00003 iter=04/20 current=7.7814 best=7.7737 stagnation=1.95
[train:rollout] step=00003 iter=06/20 current=7.7829 best=7.7717 stagnation=3.58
[train:rollout] step=00003 iter=08/20 current=7.7748 best=7.7687 stagnation=4.70
[train:rollout] step=00003 iter=10/20 current=7.7784 best=7.7663 stagnation=5.70
[train:rollout] step=00003 iter=12/20 current=7.7750 best=7.7647 stagnation=7.38
[train:rollout] step=00003 iter=14/20 current=7.7740 best=7.7641 stagnation=9.02
[train:rollout] step=00003 iter=16/20 current=7.7800 best=7.7638 stagnation=10.72
[train:rollout] step=00003 iter=18/20 current=7.7789 best=7.7633 stagnation=11.75
[train:rollout] step=00003 iter=20/20 current=7.7710 best=7.7608 stagnation=11.97
[train:done] step=00003 total_t=20.45s rollout_t=8.44s opt_t=0.16s loss=-0.0466 init=7.8659 final=7.7608 improve=0.1051 baseline=0.1051 entropy=22.8981
[train] step=00003 loss=-0.0466 init=7.8659 final=7.7608 improve=0.1051 entropy=22.8981 baseline=0.1051 adv_mean=-0.0000 total_t=20.45s
[train] step=00003 init_dist=lehd:0.08, elg:0.27, difusco:0.66
[train] step=00003 op_dist=two_opt:0.30, lehd_rrc_step:0.34, dact_2opt_step:0.36
[train] step=00003 timing select=0.00s reset=11.85s rollout=8.44s optimize=0.16s
[train:prepare] step=00004/00500 fetching batch
[train:batch] step=00004 shape=(64, 100, 2) device=cuda:0 fetch_t=0.00s
[train:init] step=00004 batch=64 n=100 device=cuda:0 select_t=0.00s init_mean_entropy=0.8249
[solver:init] name=lehd count=9 start
[solver:init] name=lehd count=9 done elapsed=0.77s
[solver:init] name=elg count=10 start
[solver:init] name=elg count=10 done elapsed=0.47s
[solver:init] name=difusco count=45 start
[solver:init] name=difusco count=45 done elapsed=11.27s
[solver:init] all done elapsed=12.52s
[train:reset] step=00004 reset_t=12.52s init_len=7.8822
[train:rollout] step=00004 iter=01/20 current=7.8554 best=7.8505 stagnation=0.48
[train:rollout] step=00004 iter=02/20 current=7.8369 best=7.8296 stagnation=1.06
[train:rollout] step=00004 iter=04/20 current=7.8081 best=7.7880 stagnation=2.30
[train:rollout] step=00004 iter=06/20 current=7.7935 best=7.7810 stagnation=3.69
[train:rollout] step=00004 iter=08/20 current=7.7887 best=7.7747 stagnation=4.80
[train:rollout] step=00004 iter=10/20 current=7.7779 best=7.7678 stagnation=6.14
[train:rollout] step=00004 iter=12/20 current=7.7816 best=7.7667 stagnation=7.27
[train:rollout] step=00004 iter=14/20 current=7.7759 best=7.7621 stagnation=8.30
[run] seed=2024 device=cuda:0 problem_size=100 batch_size=128 rollout_steps=20
[run] train_data=easynco:uniform size=20000 eval_data=easynco:uniform eval_size=128
[run] selector_device=cuda:0 easynco_solver_device=cuda:0 dact_solver_device=cuda:0
[run] init_zoo=lehd,elg,difusco operator_zoo=two_opt,lehd_rrc_step,dact_2opt_step
[run] heuristic_init_restarts=4 metric=cartesian p=2 regret_k=1
[run] output_dir=0new/operator_policy/outputs/去掉迭代特征
[run] enabled_easynco_runtime_patches=special_selected,TSPEnv,ARInitialization,ELGInitialization,POMOInitialization,LEHDPolicy.forward,LEHDDecoder
[run] solver_zoo_ready init=3 operators=3 elapsed=2.67s
[data] building train loader...
[data] train loader ready elapsed=0.23s
[run] training started
[train:prepare] step=00001/00100 fetching batch
[train:batch] step=00001 shape=(128, 100, 2) device=cuda:0 fetch_t=0.01s
[train:init] step=00001 batch=128 n=100 device=cuda:0 select_t=0.64s init_mean_entropy=1.0596
[solver:init] name=lehd count=26 start
[solver:init] name=lehd count=26 done elapsed=0.69s
[solver:init] name=elg count=64 start
[solver:init] name=elg count=64 done elapsed=0.67s
[solver:init] name=difusco count=38 start
[solver:init] name=difusco count=38 done elapsed=10.01s
[solver:init] all done elapsed=11.36s
[train:reset] step=00001 reset_t=11.36s init_len=7.8895
[train:rollout] step=00001 iter=01/20 current=7.8868 best=7.8780 stagnation=0.62
[train:rollout] step=00001 iter=02/20 current=7.8560 best=7.8494 stagnation=1.09
[train:rollout] step=00001 iter=03/20 current=7.8549 best=7.8432 stagnation=1.66
[train:rollout] step=00001 iter=04/20 current=7.8488 best=7.8380 stagnation=2.34
[train:rollout] step=00001 iter=05/20 current=7.8401 best=7.8294 stagnation=2.87
[train:rollout] step=00001 iter=06/20 current=7.8271 best=7.8151 stagnation=3.19
[train:rollout] step=00001 iter=07/20 current=7.8194 best=7.8098 stagnation=3.41
[train:rollout] step=00001 iter=08/20 current=7.8188 best=7.8076 stagnation=4.02
[train:rollout] step=00001 iter=09/20 current=7.8176 best=7.8041 stagnation=4.80
[train:rollout] step=00001 iter=10/20 current=7.8149 best=7.8006 stagnation=5.20
[train:rollout] step=00001 iter=11/20 current=7.8096 best=7.7980 stagnation=5.72
[train:rollout] step=00001 iter=12/20 current=7.8042 best=7.7941 stagnation=5.80
[train:rollout] step=00001 iter=13/20 current=7.8040 best=7.7908 stagnation=6.05
[train:rollout] step=00001 iter=14/20 current=7.8050 best=7.7906 stagnation=7.03
[train:rollout] step=00001 iter=15/20 current=7.8009 best=7.7893 stagnation=7.05
[train:rollout] step=00001 iter=16/20 current=7.8075 best=7.7893 stagnation=7.91
[train:rollout] step=00001 iter=17/20 current=7.7973 best=7.7870 stagnation=8.22
[train:rollout] step=00001 iter=18/20 current=7.7970 best=7.7866 stagnation=8.96
[train:rollout] step=00001 iter=19/20 current=7.7981 best=7.7866 stagnation=9.62
[train:rollout] step=00001 iter=20/20 current=7.7973 best=7.7866 stagnation=10.56
[train:done] step=00001 total_t=20.48s rollout_t=8.21s opt_t=0.26s loss=-0.0372 init=7.8895 final=7.7866 improve=0.1030 baseline=0.1030 entropy=22.9962
[train] step=00001 loss=-0.0372 init=7.8895 final=7.7866 improve=0.1030 entropy=22.9962 baseline=0.1030 adv_mean=0.0000 total_t=20.48s
[train] step=00001 init_dist=lehd:0.20, elg:0.50, difusco:0.30
[train] step=00001 op_dist=two_opt:0.31, lehd_rrc_step:0.33, dact_2opt_step:0.36
[train] step=00001 timing select=0.64s reset=11.36s rollout=8.21s optimize=0.26s
[train:prepare] step=00002/00100 fetching batch
[train:batch] step=00002 shape=(128, 100, 2) device=cuda:0 fetch_t=0.01s
[train:init] step=00002 batch=128 n=100 device=cuda:0 select_t=0.00s init_mean_entropy=1.0445
[solver:init] name=lehd count=29 start
[solver:init] name=lehd count=29 done elapsed=0.66s
[solver:init] name=elg count=44 start
[solver:init] name=elg count=44 done elapsed=0.56s
[solver:init] name=difusco count=55 start
[solver:init] name=difusco count=55 done elapsed=13.95s
[solver:init] all done elapsed=15.17s
[train:reset] step=00002 reset_t=15.17s init_len=7.8516
[train:rollout] step=00002 iter=01/20 current=7.8469 best=7.8392 stagnation=0.73
[train:rollout] step=00002 iter=02/20 current=7.8099 best=7.7981 stagnation=1.24
[train:rollout] step=00002 iter=03/20 current=7.8064 best=7.7926 stagnation=1.92
[train:rollout] step=00002 iter=04/20 current=7.7897 best=7.7784 stagnation=2.41
[train:rollout] step=00002 iter=05/20 current=7.7803 best=7.7723 stagnation=2.97
[train:rollout] step=00002 iter=06/20 current=7.7855 best=7.7713 stagnation=3.81
[train:rollout] step=00002 iter=07/20 current=7.7827 best=7.7698 stagnation=4.40
[train:rollout] step=00002 iter=08/20 current=7.7827 best=7.7693 stagnation=4.94
[train:rollout] step=00002 iter=09/20 current=7.7849 best=7.7693 stagnation=5.79
[train:rollout] step=00002 iter=10/20 current=7.7838 best=7.7681 stagnation=6.20
[train:rollout] step=00002 iter=11/20 current=7.7843 best=7.7676 stagnation=6.92
[train:rollout] step=00002 iter=12/20 current=7.7836 best=7.7673 stagnation=7.77
[train:rollout] step=00002 iter=13/20 current=7.7810 best=7.7661 stagnation=7.98
[train:rollout] step=00002 iter=14/20 current=7.7792 best=7.7654 stagnation=8.79
[train:rollout] step=00002 iter=15/20 current=7.7802 best=7.7651 stagnation=9.55
[train:rollout] step=00002 iter=16/20 current=7.7799 best=7.7649 stagnation=10.45
[train:rollout] step=00002 iter=17/20 current=7.7805 best=7.7643 stagnation=10.61
[train:rollout] step=00002 iter=18/20 current=7.7760 best=7.7626 stagnation=11.20
[train:rollout] step=00002 iter=19/20 current=7.7748 best=7.7620 stagnation=11.69
[train:rollout] step=00002 iter=20/20 current=7.7734 best=7.7615 stagnation=11.92
[train:done] step=00002 total_t=21.85s rollout_t=6.41s opt_t=0.26s loss=-0.0980 init=7.8516 final=7.7615 improve=0.0901 baseline=0.0901 entropy=22.9779
[train] step=00002 loss=-0.0980 init=7.8516 final=7.7615 improve=0.0901 entropy=22.9779 baseline=0.0901 adv_mean=0.0000 total_t=21.85s
[train] step=00002 init_dist=lehd:0.23, elg:0.34, difusco:0.43
[train] step=00002 op_dist=two_opt:0.30, lehd_rrc_step:0.33, dact_2opt_step:0.37
[train] step=00002 timing select=0.00s reset=15.17s rollout=6.41s optimize=0.26s
[train:prepare] step=00003/00100 fetching batch
[train:batch] step=00003 shape=(128, 100, 2) device=cuda:0 fetch_t=0.00s
[train:init] step=00003 batch=128 n=100 device=cuda:0 select_t=0.00s init_mean_entropy=0.9597
[solver:init] name=lehd count=21 start
[solver:init] name=lehd count=21 done elapsed=0.78s
[solver:init] name=elg count=24 start
[solver:init] name=elg count=24 done elapsed=0.49s
[solver:init] name=difusco count=83 start
[solver:init] name=difusco count=83 done elapsed=21.10s
[solver:init] all done elapsed=22.36s
[train:reset] step=00003 reset_t=22.36s init_len=7.8380
[train:rollout] step=00003 iter=01/20 current=7.8367 best=7.8293 stagnation=0.65
[train:rollout] step=00003 iter=02/20 current=7.8311 best=7.8205 stagnation=1.31
[train:rollout] step=00003 iter=03/20 current=7.8168 best=7.8036 stagnation=2.00
[train:rollout] step=00003 iter=04/20 current=7.8095 best=7.7990 stagnation=2.45
[train:rollout] step=00003 iter=05/20 current=7.8099 best=7.7968 stagnation=2.94
[train:rollout] step=00003 iter=06/20 current=7.7997 best=7.7893 stagnation=3.28
[train:rollout] step=00003 iter=07/20 current=7.7914 best=7.7793 stagnation=3.70
[train:rollout] step=00003 iter=08/20 current=7.7891 best=7.7788 stagnation=4.58
[train:rollout] step=00003 iter=09/20 current=7.7869 best=7.7777 stagnation=5.07
[train:rollout] step=00003 iter=10/20 current=7.7795 best=7.7699 stagnation=5.42
[train:rollout] step=00003 iter=11/20 current=7.7758 best=7.7666 stagnation=5.94
[train:rollout] step=00003 iter=12/20 current=7.7751 best=7.7635 stagnation=6.36
[train:rollout] step=00003 iter=13/20 current=7.7753 best=7.7631 stagnation=6.92
[train:rollout] step=00003 iter=14/20 current=7.7766 best=7.7629 stagnation=7.34
[train:rollout] step=00003 iter=15/20 current=7.7761 best=7.7629 stagnation=8.22
[train:rollout] step=00003 iter=16/20 current=7.7752 best=7.7627 stagnation=8.83
[train:rollout] step=00003 iter=17/20 current=7.7764 best=7.7627 stagnation=9.47
[train:rollout] step=00003 iter=18/20 current=7.7790 best=7.7625 stagnation=10.15
[train:rollout] step=00003 iter=19/20 current=7.7710 best=7.7613 stagnation=10.52
[train:rollout] step=00003 iter=20/20 current=7.7761 best=7.7613 stagnation=11.36
[train:done] step=00003 total_t=30.84s rollout_t=8.17s opt_t=0.29s loss=-0.0735 init=7.8380 final=7.7613 improve=0.0767 baseline=0.0767 entropy=22.8914
[train] step=00003 loss=-0.0735 init=7.8380 final=7.7613 improve=0.0767 entropy=22.8914 baseline=0.0767 adv_mean=0.0000 total_t=30.84s
[train] step=00003 init_dist=lehd:0.16, elg:0.19, difusco:0.65
[train] step=00003 op_dist=two_opt:0.30, lehd_rrc_step:0.35, dact_2opt_step:0.34
[train] step=00003 timing select=0.00s reset=22.36s rollout=8.17s optimize=0.29s
[train:prepare] step=00004/00100 fetching batch
[train:batch] step=00004 shape=(128, 100, 2) device=cuda:0 fetch_t=0.00s
[train:init] step=00004 batch=128 n=100 device=cuda:0 select_t=0.00s init_mean_entropy=0.8201
[solver:init] name=lehd count=23 start
[solver:init] name=lehd count=23 done elapsed=0.66s
[solver:init] name=elg count=13 start
[solver:init] name=elg count=13 done elapsed=0.50s
[solver:init] name=difusco count=92 start
[solver:init] name=difusco count=92 done elapsed=23.71s
[solver:init] all done elapsed=24.86s
[train:reset] step=00004 reset_t=24.86s init_len=7.8870
[train:rollout] step=00004 iter=01/20 current=7.8772 best=7.8702 stagnation=0.59
[train:rollout] step=00004 iter=02/20 current=7.8453 best=7.8342 stagnation=1.12
[train:rollout] step=00004 iter=03/20 current=7.8402 best=7.8261 stagnation=1.73
[train:rollout] step=00004 iter=04/20 current=7.8194 best=7.8054 stagnation=2.23
[train:rollout] step=00004 iter=05/20 current=7.8126 best=7.7982 stagnation=2.77
[train:rollout] step=00004 iter=06/20 current=7.7947 best=7.7809 stagnation=3.09
[train:rollout] step=00004 iter=07/20 current=7.7898 best=7.7783 stagnation=3.76
[train:rollout] step=00004 iter=08/20 current=7.7906 best=7.7769 stagnation=4.17
[train:rollout] step=00004 iter=09/20 current=7.7911 best=7.7765 stagnation=4.94
[train:rollout] step=00004 iter=10/20 current=7.7935 best=7.7760 stagnation=5.73
[train:rollout] step=00004 iter=11/20 current=7.7901 best=7.7742 stagnation=6.47
[train:rollout] step=00004 iter=12/20 current=7.7850 best=7.7714 stagnation=6.84
[train:rollout] step=00004 iter=13/20 current=7.7881 best=7.7713 stagnation=7.42
[train:rollout] step=00004 iter=14/20 current=7.7896 best=7.7700 stagnation=8.22
[train:rollout] step=00004 iter=15/20 current=7.7863 best=7.7700 stagnation=9.14
[train:rollout] step=00004 iter=16/20 current=7.7830 best=7.7689 stagnation=9.75
[train:rollout] step=00004 iter=17/20 current=7.7851 best=7.7682 stagnation=10.42
[train:rollout] step=00004 iter=18/20 current=7.7812 best=7.7665 stagnation=10.93
[train:rollout] step=00004 iter=19/20 current=7.7782 best=7.7654 stagnation=11.32
[train:rollout] step=00004 iter=20/20 current=7.7762 best=7.7647 stagnation=12.05
[train:done] step=00004 total_t=32.64s rollout_t=7.50s opt_t=0.28s loss=-0.1704 init=7.8870 final=7.7647 improve=0.1224 baseline=0.1224 entropy=22.7528
[train] step=00004 loss=-0.1704 init=7.8870 final=7.7647 improve=0.1224 entropy=22.7528 baseline=0.1224 adv_mean=0.0000 total_t=32.64s
[train] step=00004 init_dist=lehd:0.18, elg:0.10, difusco:0.72
[train] step=00004 op_dist=two_opt:0.29, lehd_rrc_step:0.34, dact_2opt_step:0.37
[train] step=00004 timing select=0.00s reset=24.86s rollout=7.50s optimize=0.28s
[train:prepare] step=00005/00100 fetching batch
[train:batch] step=00005 shape=(128, 100, 2) device=cuda:0 fetch_t=0.00s
[train:init] step=00005 batch=128 n=100 device=cuda:0 select_t=0.00s init_mean_entropy=0.6577
[solver:init] name=lehd count=13 start
[solver:init] name=lehd count=13 done elapsed=0.61s
[solver:init] name=elg count=15 start
[solver:init] name=elg count=15 done elapsed=0.52s
[solver:init] name=difusco count=100 start
[solver:init] name=difusco count=100 done elapsed=24.88s
[solver:init] all done elapsed=26.01s
[train:reset] step=00005 reset_t=26.01s init_len=7.8552
[train:rollout] step=00005 iter=01/20 current=7.8384 best=7.8309 stagnation=0.54
[train:rollout] step=00005 iter=02/20 current=7.8112 best=7.8039 stagnation=1.02
[train:rollout] step=00005 iter=03/20 current=7.8030 best=7.7901 stagnation=1.66
[train:rollout] step=00005 iter=04/20 current=7.7987 best=7.7846 stagnation=2.32
[train:rollout] step=00005 iter=05/20 current=7.7929 best=7.7798 stagnation=3.02
[train:rollout] step=00005 iter=06/20 current=7.7939 best=7.7777 stagnation=3.75
[train:rollout] step=00005 iter=07/20 current=7.7887 best=7.7744 stagnation=4.02
[train:rollout] step=00005 iter=08/20 current=7.7862 best=7.7739 stagnation=4.79
[train:rollout] step=00005 iter=09/20 current=7.7820 best=7.7696 stagnation=5.01
[train:rollout] step=00005 iter=10/20 current=7.7821 best=7.7689 stagnation=5.45
[train:rollout] step=00005 iter=11/20 current=7.7884 best=7.7689 stagnation=6.28
[train:rollout] step=00005 iter=12/20 current=7.7820 best=7.7686 stagnation=6.85
[train:rollout] step=00005 iter=13/20 current=7.7842 best=7.7684 stagnation=7.65
[train:rollout] step=00005 iter=14/20 current=7.7851 best=7.7681 stagnation=8.16
[train:rollout] step=00005 iter=15/20 current=7.7827 best=7.7681 stagnation=8.93
[train:rollout] step=00005 iter=16/20 current=7.7794 best=7.7674 stagnation=9.35
[train:rollout] step=00005 iter=17/20 current=7.7819 best=7.7672 stagnation=10.09
[train:rollout] step=00005 iter=18/20 current=7.7816 best=7.7672 stagnation=10.96
[train:rollout] step=00005 iter=19/20 current=7.7813 best=7.7668 stagnation=11.31
[train:rollout] step=00005 iter=20/20 current=7.7825 best=7.7668 stagnation=12.12
[train:done] step=00005 total_t=36.06s rollout_t=9.77s opt_t=0.28s loss=-0.1562 init=7.8552 final=7.7668 improve=0.0884 baseline=0.0884 entropy=22.5908
[train] step=00005 loss=-0.1562 init=7.8552 final=7.7668 improve=0.0884 entropy=22.5908 baseline=0.0884 adv_mean=0.0000 total_t=36.06s
[train] step=00005 init_dist=lehd:0.10, elg:0.12, difusco:0.78
[train] step=00005 op_dist=two_opt:0.30, lehd_rrc_step:0.35, dact_2opt_step:0.36
[train] step=00005 timing select=0.00s reset=26.01s rollout=9.77s optimize=0.28s
[train:prepare] step=00006/00100 fetching batch
[train:batch] step=00006 shape=(128, 100, 2) device=cuda:0 fetch_t=0.00s
[train:init] step=00006 batch=128 n=100 device=cuda:0 select_t=0.00s init_mean_entropy=0.4993
[solver:init] name=lehd count=6 start
[solver:init] name=lehd count=6 done elapsed=0.73s
[solver:init] name=elg count=7 start
[solver:init] name=elg count=7 done elapsed=0.66s
[solver:init] name=difusco count=115 start
[solver:init] name=difusco count=115 done elapsed=23.46s
[solver:init] all done elapsed=24.85s
[train:reset] step=00006 reset_t=24.85s init_len=7.8560
[train:rollout] step=00006 iter=01/20 current=7.8450 best=7.8349 stagnation=0.59
[train:rollout] step=00006 iter=02/20 current=7.8402 best=7.8237 stagnation=1.24
[train:rollout] step=00006 iter=03/20 current=7.8311 best=7.8143 stagnation=1.84
[train:rollout] step=00006 iter=04/20 current=7.8241 best=7.8085 stagnation=2.62
[train:rollout] step=00006 iter=05/20 current=7.8209 best=7.8047 stagnation=3.37
[train:rollout] step=00006 iter=06/20 current=7.8202 best=7.8012 stagnation=4.09
[train:rollout] step=00006 iter=07/20 current=7.8152 best=7.7997 stagnation=4.57
[train:rollout] step=00006 iter=08/20 current=7.8121 best=7.7970 stagnation=5.18
[train:rollout] step=00006 iter=09/20 current=7.8120 best=7.7943 stagnation=5.73
[train:rollout] step=00006 iter=10/20 current=7.8128 best=7.7932 stagnation=6.63
[train:rollout] step=00006 iter=11/20 current=7.8096 best=7.7911 stagnation=7.45
[train:rollout] step=00006 iter=12/20 current=7.8028 best=7.7885 stagnation=7.99
[train:rollout] step=00006 iter=13/20 current=7.8064 best=7.7881 stagnation=8.84
[train:rollout] step=00006 iter=14/20 current=7.8043 best=7.7881 stagnation=9.63
[train:rollout] step=00006 iter=15/20 current=7.7943 best=7.7848 stagnation=9.58
[train:rollout] step=00006 iter=16/20 current=7.7925 best=7.7815 stagnation=10.08
[train:rollout] step=00006 iter=17/20 current=7.7962 best=7.7808 stagnation=10.16
[train:rollout] step=00006 iter=18/20 current=7.7953 best=7.7804 stagnation=10.57
[train:rollout] step=00006 iter=19/20 current=7.7956 best=7.7802 stagnation=11.23
[train:rollout] step=00006 iter=20/20 current=7.7938 best=7.7792 stagnation=11.12
[train:done] step=00006 total_t=33.62s rollout_t=8.49s opt_t=0.28s loss=-0.1067 init=7.8560 final=7.7792 improve=0.0768 baseline=0.0768 entropy=22.4315
[train] step=00006 loss=-0.1067 init=7.8560 final=7.7792 improve=0.0768 entropy=22.4315 baseline=0.0768 adv_mean=0.0000 total_t=33.62s
[train] step=00006 init_dist=lehd:0.05, elg:0.05, difusco:0.90
[train] step=00006 op_dist=two_opt:0.32, lehd_rrc_step:0.32, dact_2opt_step:0.36
[train] step=00006 timing select=0.00s reset=24.85s rollout=8.49s optimize=0.28s
[train:prepare] step=00007/00100 fetching batch
[train:batch] step=00007 shape=(128, 100, 2) device=cuda:0 fetch_t=0.00s
[train:init] step=00007 batch=128 n=100 device=cuda:0 select_t=0.00s init_mean_entropy=0.3646
[solver:init] name=lehd count=6 start
[solver:init] name=lehd count=6 done elapsed=0.65s
[solver:init] name=elg count=7 start
[solver:init] name=elg count=7 done elapsed=0.47s
[solver:init] name=difusco count=115 start
[solver:init] name=difusco count=115 done elapsed=26.74s
[solver:init] all done elapsed=27.86s
[train:reset] step=00007 reset_t=27.86s init_len=7.9022
[train:rollout] step=00007 iter=01/20 current=7.8564 best=7.8498 stagnation=0.51
[train:rollout] step=00007 iter=02/20 current=7.8388 best=7.8292 stagnation=1.05
[train:rollout] step=00007 iter=03/20 current=7.8014 best=7.7922 stagnation=1.66
[train:rollout] step=00007 iter=04/20 current=7.8030 best=7.7915 stagnation=2.32
[train:rollout] step=00007 iter=05/20 current=7.7922 best=7.7816 stagnation=2.80
[train:rollout] step=00007 iter=06/20 current=7.7892 best=7.7789 stagnation=3.38
[train:rollout] step=00007 iter=07/20 current=7.7910 best=7.7788 stagnation=4.12
[train:rollout] step=00007 iter=08/20 current=7.7894 best=7.7784 stagnation=4.88
[train:rollout] step=00007 iter=09/20 current=7.7871 best=7.7772 stagnation=5.25
[train:rollout] step=00007 iter=10/20 current=7.7879 best=7.7772 stagnation=5.98
[train:rollout] step=00007 iter=11/20 current=7.7876 best=7.7771 stagnation=6.61
[train:rollout] step=00007 iter=12/20 current=7.7881 best=7.7770 stagnation=7.25
[train:rollout] step=00007 iter=13/20 current=7.7845 best=7.7729 stagnation=7.64
[train:rollout] step=00007 iter=14/20 current=7.7885 best=7.7728 stagnation=8.45
[train:rollout] step=00007 iter=15/20 current=7.7806 best=7.7723 stagnation=8.87
[train:rollout] step=00007 iter=16/20 current=7.7838 best=7.7720 stagnation=9.51
[train:rollout] step=00007 iter=17/20 current=7.7845 best=7.7705 stagnation=9.92
[train:rollout] step=00007 iter=18/20 current=7.7850 best=7.7703 stagnation=10.67
[train:rollout] step=00007 iter=19/20 current=7.7840 best=7.7703 stagnation=11.08
[train:rollout] step=00007 iter=20/20 current=7.7843 best=7.7702 stagnation=11.89
[train:done] step=00007 total_t=37.83s rollout_t=9.68s opt_t=0.28s loss=-0.1785 init=7.9022 final=7.7702 improve=0.1319 baseline=0.1319 entropy=22.2951
[train] step=00007 loss=-0.1785 init=7.9022 final=7.7702 improve=0.1319 entropy=22.2951 baseline=0.1319 adv_mean=-0.0000 total_t=37.83s
[train] step=00007 init_dist=lehd:0.05, elg:0.05, difusco:0.90
[train] step=00007 op_dist=two_opt:0.30, lehd_rrc_step:0.34, dact_2opt_step:0.37
[train] step=00007 timing select=0.00s reset=27.86s rollout=9.68s optimize=0.28s
[train:prepare] step=00008/00100 fetching batch
[train:batch] step=00008 shape=(128, 100, 2) device=cuda:0 fetch_t=0.01s
[train:init] step=00008 batch=128 n=100 device=cuda:0 select_t=0.00s init_mean_entropy=0.2590
[solver:init] name=lehd count=3 start
[solver:init] name=lehd count=3 done elapsed=0.65s
[solver:init] name=elg count=5 start
[solver:init] name=elg count=5 done elapsed=0.58s
[solver:init] name=difusco count=120 start
[solver:init] name=difusco count=120 done elapsed=32.39s
[solver:init] all done elapsed=33.62s
[train:reset] step=00008 reset_t=33.62s init_len=7.7992
[train:rollout] step=00008 iter=01/20 current=7.7827 best=7.7776 stagnation=0.49
[train:rollout] step=00008 iter=02/20 current=7.7793 best=7.7722 stagnation=1.14
[train:rollout] step=00008 iter=03/20 current=7.7726 best=7.7625 stagnation=1.56
[train:rollout] step=00008 iter=04/20 current=7.7704 best=7.7613 stagnation=2.34
[train:rollout] step=00008 iter=05/20 current=7.7729 best=7.7590 stagnation=3.14
[train:rollout] step=00008 iter=06/20 current=7.7662 best=7.7533 stagnation=3.52
[train:rollout] step=00008 iter=07/20 current=7.7585 best=7.7480 stagnation=4.07
[train:rollout] step=00008 iter=08/20 current=7.7565 best=7.7464 stagnation=4.56
[train:rollout] step=00008 iter=09/20 current=7.7558 best=7.7462 stagnation=5.33
[train:rollout] step=00008 iter=10/20 current=7.7547 best=7.7458 stagnation=5.72
[train:rollout] step=00008 iter=11/20 current=7.7552 best=7.7457 stagnation=6.52
[train:rollout] step=00008 iter=12/20 current=7.7562 best=7.7457 stagnation=7.30
[train:rollout] step=00008 iter=13/20 current=7.7569 best=7.7457 stagnation=8.09
[train:rollout] step=00008 iter=14/20 current=7.7562 best=7.7455 stagnation=8.46
[train:rollout] step=00008 iter=15/20 current=7.7586 best=7.7454 stagnation=9.38
[train:rollout] step=00008 iter=16/20 current=7.7532 best=7.7448 stagnation=9.66
[train:rollout] step=00008 iter=17/20 current=7.7575 best=7.7440 stagnation=10.30
[train:rollout] step=00008 iter=18/20 current=7.7512 best=7.7432 stagnation=10.80
[train:rollout] step=00008 iter=19/20 current=7.7531 best=7.7429 stagnation=11.49
[train:rollout] step=00008 iter=20/20 current=7.7531 best=7.7423 stagnation=11.61
[train:done] step=00008 total_t=42.31s rollout_t=8.41s opt_t=0.28s loss=-0.0583 init=7.7992 final=7.7423 improve=0.0569 baseline=0.0569 entropy=22.1872
[train] step=00008 loss=-0.0583 init=7.7992 final=7.7423 improve=0.0569 entropy=22.1872 baseline=0.0569 adv_mean=0.0000 total_t=42.31s
[train] step=00008 init_dist=lehd:0.02, elg:0.04, difusco:0.94
[train] step=00008 op_dist=two_opt:0.30, lehd_rrc_step:0.34, dact_2opt_step:0.37
[train] step=00008 timing select=0.00s reset=33.62s rollout=8.41s optimize=0.28s
[train:prepare] step=00009/00100 fetching batch
[train:batch] step=00009 shape=(128, 100, 2) device=cuda:0 fetch_t=0.00s
[train:init] step=00009 batch=128 n=100 device=cuda:0 select_t=0.00s init_mean_entropy=0.1840
[solver:init] name=lehd count=3 start
[solver:init] name=lehd count=3 done elapsed=0.42s
[solver:init] name=elg count=2 start
[solver:init] name=elg count=2 done elapsed=0.28s
[solver:init] name=difusco count=123 start
[solver:init] name=difusco count=123 done elapsed=30.31s
[solver:init] all done elapsed=31.01s
[train:reset] step=00009 reset_t=31.01s init_len=7.9574
[train:rollout] step=00009 iter=01/20 current=7.9077 best=7.9015 stagnation=0.38
[train:rollout] step=00009 iter=02/20 current=7.8900 best=7.8775 stagnation=1.01
[train:rollout] step=00009 iter=03/20 current=7.8439 best=7.8322 stagnation=1.44
[train:rollout] step=00009 iter=04/20 current=7.8332 best=7.8213 stagnation=2.00
[train:rollout] step=00009 iter=05/20 current=7.8336 best=7.8176 stagnation=2.60
[train:rollout] step=00009 iter=06/20 current=7.8311 best=7.8156 stagnation=3.23
[train:rollout] step=00009 iter=07/20 current=7.8280 best=7.8116 stagnation=3.84
[train:rollout] step=00009 iter=08/20 current=7.8179 best=7.8032 stagnation=4.05
[train:rollout] step=00009 iter=09/20 current=7.8198 best=7.8030 stagnation=4.80
[train:rollout] step=00009 iter=10/20 current=7.8139 best=7.8010 stagnation=5.48
[train:rollout] step=00009 iter=11/20 current=7.8160 best=7.7998 stagnation=6.27
[train:rollout] step=00009 iter=12/20 current=7.8137 best=7.7994 stagnation=7.19
[train:rollout] step=00009 iter=13/20 current=7.8121 best=7.7980 stagnation=7.74
[train:rollout] step=00009 iter=14/20 current=7.8130 best=7.7969 stagnation=8.46
[train:rollout] step=00009 iter=15/20 current=7.8103 best=7.7967 stagnation=8.94
[train:rollout] step=00009 iter=16/20 current=7.8097 best=7.7956 stagnation=9.11
[train:rollout] step=00009 iter=17/20 current=7.8088 best=7.7951 stagnation=9.84
[train:rollout] step=00009 iter=18/20 current=7.8117 best=7.7948 stagnation=10.35
[train:rollout] step=00009 iter=19/20 current=7.8081 best=7.7932 stagnation=10.87
[train:rollout] step=00009 iter=20/20 current=7.8062 best=7.7930 stagnation=11.52
[train:done] step=00009 total_t=40.50s rollout_t=9.21s opt_t=0.27s loss=-0.0490 init=7.9574 final=7.7930 improve=0.1644 baseline=0.1644 entropy=22.1099
[train] step=00009 loss=-0.0490 init=7.9574 final=7.7930 improve=0.1644 entropy=22.1099 baseline=0.1644 adv_mean=0.0000 total_t=40.50s
[train] step=00009 init_dist=lehd:0.02, elg:0.02, difusco:0.96
[train] step=00009 op_dist=two_opt:0.30, lehd_rrc_step:0.34, dact_2opt_step:0.35
[train] step=00009 timing select=0.00s reset=31.01s rollout=9.21s optimize=0.27s
[train:prepare] step=00010/00100 fetching batch
[train:batch] step=00010 shape=(128, 100, 2) device=cuda:0 fetch_t=0.00s
[train:init] step=00010 batch=128 n=100 device=cuda:0 select_t=0.00s init_mean_entropy=0.1296
[solver:init] name=lehd count=2 start
[solver:init] name=lehd count=2 done elapsed=0.75s
[solver:init] name=elg count=2 start
[solver:init] name=elg count=2 done elapsed=0.51s
[solver:init] name=difusco count=124 start
[solver:init] name=difusco count=124 done elapsed=27.84s
[solver:init] all done elapsed=29.10s
[train:reset] step=00010 reset_t=29.10s init_len=7.9022
[train:rollout] step=00010 iter=01/20 current=7.8909 best=7.8876 stagnation=0.55
[train:rollout] step=00010 iter=02/20 current=7.8677 best=7.8538 stagnation=1.03
[train:rollout] step=00010 iter=03/20 current=7.8294 best=7.8218 stagnation=1.62
[train:rollout] step=00010 iter=04/20 current=7.8117 best=7.8041 stagnation=2.11
[train:rollout] step=00010 iter=05/20 current=7.8089 best=7.7988 stagnation=2.96
[train:rollout] step=00010 iter=06/20 current=7.8066 best=7.7960 stagnation=3.72
[train:rollout] step=00010 iter=07/20 current=7.7962 best=7.7878 stagnation=4.38
[train:rollout] step=00010 iter=08/20 current=7.7956 best=7.7844 stagnation=5.04
[train:rollout] step=00010 iter=09/20 current=7.7932 best=7.7826 stagnation=5.55
[train:rollout] step=00010 iter=10/20 current=7.7895 best=7.7796 stagnation=5.80
[train:rollout] step=00010 iter=11/20 current=7.7900 best=7.7792 stagnation=6.56
[train:rollout] step=00010 iter=12/20 current=7.7879 best=7.7786 stagnation=7.32
[train:rollout] step=00010 iter=13/20 current=7.7867 best=7.7771 stagnation=8.09
[train:rollout] step=00010 iter=14/20 current=7.7850 best=7.7756 stagnation=8.50
[train:rollout] step=00010 iter=15/20 current=7.7864 best=7.7755 stagnation=9.20
[train:rollout] step=00010 iter=16/20 current=7.7849 best=7.7755 stagnation=10.08
[train:rollout] step=00010 iter=17/20 current=7.7853 best=7.7747 stagnation=10.52
[train:rollout] step=00010 iter=18/20 current=7.7847 best=7.7744 stagnation=10.98
[train:rollout] step=00010 iter=19/20 current=7.7859 best=7.7743 stagnation=11.59
[train:rollout] step=00010 iter=20/20 current=7.7859 best=7.7742 stagnation=12.27
[train:done] step=00010 total_t=36.68s rollout_t=7.29s opt_t=0.28s loss=-0.0782 init=7.9022 final=7.7742 improve=0.1281 baseline=0.1281 entropy=22.0551
[train] step=00010 loss=-0.0782 init=7.9022 final=7.7742 improve=0.1281 entropy=22.0551 baseline=0.1281 adv_mean=0.0000 total_t=36.68s
[train] step=00010 init_dist=lehd:0.02, elg:0.02, difusco:0.97
[train] step=00010 op_dist=two_opt:0.32, lehd_rrc_step:0.35, dact_2opt_step:0.34
[train] step=00010 timing select=0.00s reset=29.10s rollout=7.29s optimize=0.28s
[eval] step=00010 starting evaluation
[eval] batch=0001 items=32/128 avg_init=7.8657 avg_final=7.8055 improve=0.0602 elapsed=9.00s
[eval] batch=0002 items=64/128 avg_init=7.9122 avg_final=7.8207 improve=0.0914 elapsed=17.80s
[eval] batch=0003 items=96/128 avg_init=7.9015 avg_final=7.7997 improve=0.1018 elapsed=27.10s
[eval] batch=0004 items=128/128 avg_init=7.9239 avg_final=7.8300 improve=0.0939 elapsed=36.31s
[eval] step=00010 init=7.9239 final=7.8300 improve=0.0939 elapsed=36.31s
[eval] step=00010 init_dist=lehd:0.00, elg:0.00, difusco:1.00
[eval] step=00010 op_dist=two_opt:0.00, lehd_rrc_step:0.00, dact_2opt_step:1.00
[eval] step=00010 instance_trace=0new/operator_policy/outputs/去掉迭代特征/eval_traces/step_00010_instance_actions.jsonl
[eval] step=00010 step_summary=0new/operator_policy/outputs/去掉迭代特征/eval_traces/step_00010_instance_actions_step_summary.json
[ckpt] saved 0new/operator_policy/outputs/去掉迭代特征/selector_last.pt
[ckpt] saved new best 0new/operator_policy/outputs/去掉迭代特征/selector_best.pt final=7.8300
[save] wrote eval snapshot -> 0new/operator_policy/outputs/去掉迭代特征/latest_metrics.json
[train:prepare] step=00011/00100 fetching batch
[train:batch] step=00011 shape=(128, 100, 2) device=cuda:0 fetch_t=0.00s
[train:init] step=00011 batch=128 n=100 device=cuda:0 select_t=0.00s init_mean_entropy=0.0913
[solver:init] name=lehd count=1 start
[solver:init] name=lehd count=1 done elapsed=0.67s
[solver:init] name=elg count=1 start
[solver:init] name=elg count=1 done elapsed=0.48s
[solver:init] name=difusco count=126 start
[solver:init] name=difusco count=126 done elapsed=29.15s
[solver:init] all done elapsed=30.30s
[train:reset] step=00011 reset_t=30.30s init_len=7.9781
[train:rollout] step=00011 iter=01/20 current=7.9645 best=7.9584 stagnation=0.57
[train:rollout] step=00011 iter=02/20 current=7.9291 best=7.9174 stagnation=1.15
[train:rollout] step=00011 iter=03/20 current=7.9088 best=7.8981 stagnation=1.80
[train:rollout] step=00011 iter=04/20 current=7.8727 best=7.8606 stagnation=2.13
[train:rollout] step=00011 iter=05/20 current=7.8498 best=7.8407 stagnation=2.39
[train:rollout] step=00011 iter=06/20 current=7.8415 best=7.8282 stagnation=3.12
[train:rollout] step=00011 iter=07/20 current=7.8242 best=7.8132 stagnation=3.45
[train:rollout] step=00011 iter=08/20 current=7.7999 best=7.7935 stagnation=3.67
[train:rollout] step=00011 iter=09/20 current=7.7986 best=7.7885 stagnation=4.33
[train:rollout] step=00011 iter=10/20 current=7.7886 best=7.7764 stagnation=4.52
[train:rollout] step=00011 iter=11/20 current=7.7866 best=7.7740 stagnation=5.15
[train:rollout] step=00011 iter=12/20 current=7.7817 best=7.7720 stagnation=5.43
[train:rollout] step=00011 iter=13/20 current=7.7847 best=7.7706 stagnation=5.72
[train:rollout] step=00011 iter=14/20 current=7.7835 best=7.7702 stagnation=6.21
[train:rollout] step=00011 iter=15/20 current=7.7859 best=7.7702 stagnation=7.07
[train:rollout] step=00011 iter=16/20 current=7.7750 best=7.7685 stagnation=7.34
[train:rollout] step=00011 iter=17/20 current=7.7759 best=7.7667 stagnation=7.56
[train:rollout] step=00011 iter=18/20 current=7.7780 best=7.7667 stagnation=8.55
[train:rollout] step=00011 iter=19/20 current=7.7773 best=7.7664 stagnation=9.15
[train:rollout] step=00011 iter=20/20 current=7.7781 best=7.7663 stagnation=9.89
[train:done] step=00011 total_t=40.80s rollout_t=10.21s opt_t=0.29s loss=-0.0538 init=7.9781 final=7.7663 improve=0.2117 baseline=0.2117 entropy=22.0165
[train] step=00011 loss=-0.0538 init=7.9781 final=7.7663 improve=0.2117 entropy=22.0165 baseline=0.2117 adv_mean=-0.0000 total_t=40.80s
[train] step=00011 init_dist=lehd:0.01, elg:0.01, difusco:0.98
[train] step=00011 op_dist=two_opt:0.30, lehd_rrc_step:0.35, dact_2opt_step:0.35
[train] step=00011 timing select=0.00s reset=30.30s rollout=10.21s optimize=0.29s
[train:prepare] step=00012/00100 fetching batch
[train:batch] step=00012 shape=(128, 100, 2) device=cuda:0 fetch_t=0.00s
[train:init] step=00012 batch=128 n=100 device=cuda:0 select_t=0.00s init_mean_entropy=0.0660
[solver:init] name=elg count=1 start
[solver:init] name=elg count=1 done elapsed=0.40s
[solver:init] name=difusco count=127 start
[solver:init] name=difusco count=127 done elapsed=31.68s
[solver:init] all done elapsed=32.08s
[train:reset] step=00012 reset_t=32.08s init_len=7.8680
[train:rollout] step=00012 iter=01/20 current=7.8547 best=7.8454 stagnation=0.52
[train:rollout] step=00012 iter=02/20 current=7.8348 best=7.8230 stagnation=1.05
[train:rollout] step=00012 iter=03/20 current=7.8277 best=7.8137 stagnation=1.63
[train:rollout] step=00012 iter=04/20 current=7.8161 best=7.8040 stagnation=2.09
[train:rollout] step=00012 iter=05/20 current=7.7929 best=7.7836 stagnation=2.60
[train:rollout] step=00012 iter=06/20 current=7.7974 best=7.7826 stagnation=3.42
[train:rollout] step=00012 iter=07/20 current=7.7932 best=7.7806 stagnation=3.96
[train:rollout] step=00012 iter=08/20 current=7.7883 best=7.7772 stagnation=4.18
[train:rollout] step=00012 iter=09/20 current=7.7872 best=7.7727 stagnation=4.79
[train:rollout] step=00012 iter=10/20 current=7.7870 best=7.7716 stagnation=5.66
[train:rollout] step=00012 iter=11/20 current=7.7844 best=7.7709 stagnation=6.47
[train:rollout] step=00012 iter=12/20 current=7.7754 best=7.7654 stagnation=6.89
[train:rollout] step=00012 iter=13/20 current=7.7781 best=7.7653 stagnation=7.73
[train:rollout] step=00012 iter=14/20 current=7.7798 best=7.7651 stagnation=8.36
[train:rollout] step=00012 iter=15/20 current=7.7753 best=7.7646 stagnation=8.81
[train:rollout] step=00012 iter=16/20 current=7.7722 best=7.7622 stagnation=8.88
[train:rollout] step=00012 iter=17/20 current=7.7695 best=7.7608 stagnation=9.02
[train:rollout] step=00012 iter=18/20 current=7.7728 best=7.7608 stagnation=9.87
[train:rollout] step=00012 iter=19/20 current=7.7701 best=7.7597 stagnation=10.12
[train:rollout] step=00012 iter=20/20 current=7.7720 best=7.7595 stagnation=10.82
[train:done] step=00012 total_t=39.92s rollout_t=7.57s opt_t=0.27s loss=-0.0270 init=7.8680 final=7.7595 improve=0.1085 baseline=0.1085 entropy=21.9903
[train] step=00012 loss=-0.0270 init=7.8680 final=7.7595 improve=0.1085 entropy=21.9903 baseline=0.1085 adv_mean=0.0000 total_t=39.92s
[train] step=00012 init_dist=lehd:0.00, elg:0.01, difusco:0.99
[train] step=00012 op_dist=two_opt:0.31, lehd_rrc_step:0.34, dact_2opt_step:0.35
[train] step=00012 timing select=0.00s reset=32.08s rollout=7.57s optimize=0.27s
[train:prepare] step=00013/00100 fetching batch
[train:batch] step=00013 shape=(128, 100, 2) device=cuda:0 fetch_t=0.00s
[train:init] step=00013 batch=128 n=100 device=cuda:0 select_t=0.00s init_mean_entropy=0.0486
[solver:init] name=elg count=1 start
[solver:init] name=elg count=1 done elapsed=0.41s
[solver:init] name=difusco count=127 start
[solver:init] name=difusco count=127 done elapsed=32.80s
[solver:init] all done elapsed=33.21s
[train:reset] step=00013 reset_t=33.21s init_len=7.8957
[train:rollout] step=00013 iter=01/20 current=7.8709 best=7.8618 stagnation=0.55
[train:rollout] step=00013 iter=02/20 current=7.8229 best=7.8170 stagnation=1.08
[train:rollout] step=00013 iter=03/20 current=7.8217 best=7.8114 stagnation=1.72
[train:rollout] step=00013 iter=04/20 current=7.8124 best=7.7976 stagnation=2.25
[train:rollout] step=00013 iter=05/20 current=7.7932 best=7.7833 stagnation=2.82
[train:rollout] step=00013 iter=06/20 current=7.7814 best=7.7722 stagnation=3.13
[train:rollout] step=00013 iter=07/20 current=7.7771 best=7.7679 stagnation=3.70
[train:rollout] step=00013 iter=08/20 current=7.7747 best=7.7661 stagnation=4.31
[train:rollout] step=00013 iter=09/20 current=7.7785 best=7.7634 stagnation=4.73
[train:rollout] step=00013 iter=10/20 current=7.7764 best=7.7626 stagnation=5.23
[train:rollout] step=00013 iter=11/20 current=7.7763 best=7.7615 stagnation=5.96
[train:rollout] step=00013 iter=12/20 current=7.7656 best=7.7572 stagnation=6.08
[train:rollout] step=00013 iter=13/20 current=7.7710 best=7.7559 stagnation=6.77
[train:rollout] step=00013 iter=14/20 current=7.7651 best=7.7536 stagnation=7.30
[train:rollout] step=00013 iter=15/20 current=7.7684 best=7.7535 stagnation=8.05
[train:rollout] step=00013 iter=16/20 current=7.7579 best=7.7477 stagnation=8.48
[train:rollout] step=00013 iter=17/20 current=7.7610 best=7.7473 stagnation=9.12
[train:rollout] step=00013 iter=18/20 current=7.7600 best=7.7471 stagnation=9.71
[train:rollout] step=00013 iter=19/20 current=7.7602 best=7.7467 stagnation=9.95
[train:rollout] step=00013 iter=20/20 current=7.7580 best=7.7456 stagnation=10.45
[train:done] step=00013 total_t=42.90s rollout_t=9.40s opt_t=0.28s loss=-0.0626 init=7.8957 final=7.7456 improve=0.1501 baseline=0.1501 entropy=21.9724
[train] step=00013 loss=-0.0626 init=7.8957 final=7.7456 improve=0.1501 entropy=21.9724 baseline=0.1501 adv_mean=-0.0000 total_t=42.90s
[train] step=00013 init_dist=lehd:0.00, elg:0.01, difusco:0.99
[train] step=00013 op_dist=two_opt:0.30, lehd_rrc_step:0.34, dact_2opt_step:0.36
[train] step=00013 timing select=0.00s reset=33.21s rollout=9.40s optimize=0.28s
[train:prepare] step=00014/00100 fetching batch
[train:batch] step=00014 shape=(128, 100, 2) device=cuda:0 fetch_t=0.00s
[train:init] step=00014 batch=128 n=100 device=cuda:0 select_t=0.00s init_mean_entropy=0.0362
[solver:init] name=difusco count=128 start
[solver:init] name=difusco count=128 done elapsed=26.06s
[solver:init] all done elapsed=26.06s
[train:reset] step=00014 reset_t=26.06s init_len=7.8660
[train:rollout] step=00014 iter=01/20 current=7.8534 best=7.8483 stagnation=0.51
[train:rollout] step=00014 iter=02/20 current=7.8249 best=7.8184 stagnation=1.09
[train:rollout] step=00014 iter=03/20 current=7.7866 best=7.7761 stagnation=1.53
[train:rollout] step=00014 iter=04/20 current=7.7850 best=7.7719 stagnation=2.24
[train:rollout] step=00014 iter=05/20 current=7.7867 best=7.7713 stagnation=3.08
[train:rollout] step=00014 iter=06/20 current=7.7825 best=7.7691 stagnation=3.73
[train:rollout] step=00014 iter=07/20 current=7.7724 best=7.7618 stagnation=3.73
[train:rollout] step=00014 iter=08/20 current=7.7726 best=7.7575 stagnation=4.14
[train:rollout] step=00014 iter=09/20 current=7.7611 best=7.7522 stagnation=4.80
[train:rollout] step=00014 iter=10/20 current=7.7623 best=7.7519 stagnation=5.45
[train:rollout] step=00014 iter=11/20 current=7.7602 best=7.7497 stagnation=6.18
[train:rollout] step=00014 iter=12/20 current=7.7596 best=7.7494 stagnation=6.62
[train:rollout] step=00014 iter=13/20 current=7.7605 best=7.7486 stagnation=7.24
[train:rollout] step=00014 iter=14/20 current=7.7583 best=7.7477 stagnation=7.84
[train:rollout] step=00014 iter=15/20 current=7.7547 best=7.7445 stagnation=8.11
[train:rollout] step=00014 iter=16/20 current=7.7534 best=7.7421 stagnation=8.02
[train:rollout] step=00014 iter=17/20 current=7.7553 best=7.7420 stagnation=8.86
[train:rollout] step=00014 iter=18/20 current=7.7593 best=7.7420 stagnation=9.62
[train:rollout] step=00014 iter=19/20 current=7.7538 best=7.7415 stagnation=9.94
[train:rollout] step=00014 iter=20/20 current=7.7476 best=7.7412 stagnation=10.58
[train:done] step=00014 total_t=34.84s rollout_t=8.49s opt_t=0.28s loss=-0.0553 init=7.8660 final=7.7412 improve=0.1248 baseline=0.1248 entropy=21.9588
[train] step=00014 loss=-0.0553 init=7.8660 final=7.7412 improve=0.1248 entropy=21.9588 baseline=0.1248 adv_mean=0.0000 total_t=34.84s
[train] step=00014 init_dist=lehd:0.00, elg:0.00, difusco:1.00
[train] step=00014 op_dist=two_opt:0.32, lehd_rrc_step:0.33, dact_2opt_step:0.35
[train] step=00014 timing select=0.00s reset=26.06s rollout=8.49s optimize=0.28s
[train:prepare] step=00015/00100 fetching batch
[train:batch] step=00015 shape=(128, 100, 2) device=cuda:0 fetch_t=0.00s
[train:init] step=00015 batch=128 n=100 device=cuda:0 select_t=0.00s init_mean_entropy=0.0275
[solver:init] name=lehd count=1 start
[solver:init] name=lehd count=1 done elapsed=0.64s
[solver:init] name=difusco count=127 start
[solver:init] name=difusco count=127 done elapsed=32.51s
[solver:init] all done elapsed=33.15s
[train:reset] step=00015 reset_t=33.15s init_len=7.9615
[train:rollout] step=00015 iter=01/20 current=7.9512 best=7.9344 stagnation=0.54
[train:rollout] step=00015 iter=02/20 current=7.8903 best=7.8812 stagnation=1.07
[train:rollout] step=00015 iter=03/20 current=7.8838 best=7.8691 stagnation=1.48
[train:rollout] step=00015 iter=04/20 current=7.8797 best=7.8654 stagnation=2.20
[train:rollout] step=00015 iter=05/20 current=7.8806 best=7.8624 stagnation=2.95
[train:rollout] step=00015 iter=06/20 current=7.8461 best=7.8342 stagnation=3.29
[train:rollout] step=00015 iter=07/20 current=7.8371 best=7.8264 stagnation=3.82
[train:rollout] step=00015 iter=08/20 current=7.8351 best=7.8227 stagnation=4.60
[train:rollout] step=00015 iter=09/20 current=7.8358 best=7.8218 stagnation=4.75
[train:rollout] step=00015 iter=10/20 current=7.8350 best=7.8217 stagnation=5.59
[train:rollout] step=00015 iter=11/20 current=7.8378 best=7.8210 stagnation=6.06
[train:rollout] step=00015 iter=12/20 current=7.8314 best=7.8208 stagnation=6.80
[train:rollout] step=00015 iter=13/20 current=7.8331 best=7.8207 stagnation=7.40
[train:rollout] step=00015 iter=14/20 current=7.8295 best=7.8191 stagnation=8.05
[train:rollout] step=00015 iter=15/20 current=7.8337 best=7.8187 stagnation=8.86
[train:rollout] step=00015 iter=16/20 current=7.8309 best=7.8186 stagnation=9.64
[train:rollout] step=00015 iter=17/20 current=7.8319 best=7.8180 stagnation=10.09
[train:rollout] step=00015 iter=18/20 current=7.8261 best=7.8168 stagnation=11.07
[train:rollout] step=00015 iter=19/20 current=7.8308 best=7.8168 stagnation=11.93
[train:rollout] step=00015 iter=20/20 current=7.8298 best=7.8167 stagnation=12.75
[train:done] step=00015 total_t=42.64s rollout_t=9.20s opt_t=0.28s loss=-0.0463 init=7.9615 final=7.8167 improve=0.1448 baseline=0.1448 entropy=21.9487
[train] step=00015 loss=-0.0463 init=7.9615 final=7.8167 improve=0.1448 entropy=21.9487 baseline=0.1448 adv_mean=0.0000 total_t=42.64s
[train] step=00015 init_dist=lehd:0.01, elg:0.00, difusco:0.99
[train] step=00015 op_dist=two_opt:0.31, lehd_rrc_step:0.34, dact_2opt_step:0.36
[train] step=00015 timing select=0.00s reset=33.15s rollout=9.20s optimize=0.28s
[train:prepare] step=00016/00100 fetching batch
[train:batch] step=00016 shape=(128, 100, 2) device=cuda:0 fetch_t=0.00s
[train:init] step=00016 batch=128 n=100 device=cuda:0 select_t=0.00s init_mean_entropy=0.0211
[solver:init] name=difusco count=128 start
[solver:init] name=difusco count=128 done elapsed=32.95s
[solver:init] all done elapsed=32.95s
[train:reset] step=00016 reset_t=32.95s init_len=7.9535
[train:rollout] step=00016 iter=01/20 current=7.9203 best=7.9131 stagnation=0.45
[train:rollout] step=00016 iter=02/20 current=7.9067 best=7.8982 stagnation=1.24
[train:rollout] step=00016 iter=03/20 current=7.8813 best=7.8717 stagnation=1.87
[train:rollout] step=00016 iter=04/20 current=7.8676 best=7.8569 stagnation=2.26
[train:rollout] step=00016 iter=05/20 current=7.8486 best=7.8378 stagnation=2.55
[train:rollout] step=00016 iter=06/20 current=7.8385 best=7.8284 stagnation=2.95
[train:rollout] step=00016 iter=07/20 current=7.8292 best=7.8220 stagnation=3.14
[train:rollout] step=00016 iter=08/20 current=7.8321 best=7.8197 stagnation=3.77
[train:rollout] step=00016 iter=09/20 current=7.8317 best=7.8183 stagnation=4.46
[train:rollout] step=00016 iter=10/20 current=7.8323 best=7.8170 stagnation=5.05
[train:rollout] step=00016 iter=11/20 current=7.8300 best=7.8170 stagnation=5.95
[train:rollout] step=00016 iter=12/20 current=7.8310 best=7.8156 stagnation=6.44
[train:rollout] step=00016 iter=13/20 current=7.8258 best=7.8129 stagnation=6.90
[train:rollout] step=00016 iter=14/20 current=7.8297 best=7.8129 stagnation=7.70
[train:rollout] step=00016 iter=15/20 current=7.8256 best=7.8109 stagnation=8.55
[train:rollout] step=00016 iter=16/20 current=7.8249 best=7.8108 stagnation=9.39
[train:rollout] step=00016 iter=17/20 current=7.8255 best=7.8108 stagnation=10.23
[train:rollout] step=00016 iter=18/20 current=7.8198 best=7.8107 stagnation=10.90
[train:rollout] step=00016 iter=19/20 current=7.8247 best=7.8107 stagnation=11.73
[train:rollout] step=00016 iter=20/20 current=7.8256 best=7.8107 stagnation=12.67
[train:done] step=00016 total_t=41.53s rollout_t=8.31s opt_t=0.27s loss=-0.0206 init=7.9535 final=7.8107 improve=0.1429 baseline=0.1429 entropy=21.9407
[train] step=00016 loss=-0.0206 init=7.9535 final=7.8107 improve=0.1429 entropy=21.9407 baseline=0.1429 adv_mean=0.0000 total_t=41.53s
[train] step=00016 init_dist=lehd:0.00, elg:0.00, difusco:1.00
[train] step=00016 op_dist=two_opt:0.30, lehd_rrc_step:0.35, dact_2opt_step:0.35
[train] step=00016 timing select=0.00s reset=32.95s rollout=8.31s optimize=0.27s
[train:prepare] step=00017/00100 fetching batch
[train:batch] step=00017 shape=(128, 100, 2) device=cuda:0 fetch_t=0.00s
[train:init] step=00017 batch=128 n=100 device=cuda:0 select_t=0.00s init_mean_entropy=0.0166
[solver:init] name=elg count=1 start
[solver:init] name=elg count=1 done elapsed=0.40s
[solver:init] name=difusco count=127 start
[solver:init] name=difusco count=127 done elapsed=29.08s
[solver:init] all done elapsed=29.48s
[train:reset] step=00017 reset_t=29.48s init_len=7.9263
[train:rollout] step=00017 iter=01/20 current=7.9035 best=7.8965 stagnation=0.55
[train:rollout] step=00017 iter=02/20 current=7.9016 best=7.8840 stagnation=1.23
[train:rollout] step=00017 iter=03/20 current=7.8789 best=7.8679 stagnation=1.75
[train:rollout] step=00017 iter=04/20 current=7.8351 best=7.8268 stagnation=1.84
[train:rollout] step=00017 iter=05/20 current=7.8277 best=7.8182 stagnation=2.24
[train:rollout] step=00017 iter=06/20 current=7.8258 best=7.8150 stagnation=2.74
[train:rollout] step=00017 iter=07/20 current=7.8234 best=7.8129 stagnation=3.09
[train:rollout] step=00017 iter=08/20 current=7.8251 best=7.8127 stagnation=3.88
[train:rollout] step=00017 iter=09/20 current=7.8241 best=7.8096 stagnation=4.35
[train:rollout] step=00017 iter=10/20 current=7.8219 best=7.8083 stagnation=5.02
[train:rollout] step=00017 iter=11/20 current=7.8188 best=7.8083 stagnation=5.90
[train:rollout] step=00017 iter=12/20 current=7.8203 best=7.8077 stagnation=6.45
[train:rollout] step=00017 iter=13/20 current=7.8172 best=7.8074 stagnation=7.17
[train:rollout] step=00017 iter=14/20 current=7.8181 best=7.8067 stagnation=7.66
[train:rollout] step=00017 iter=15/20 current=7.8147 best=7.8041 stagnation=8.23
[train:rollout] step=00017 iter=16/20 current=7.8168 best=7.8041 stagnation=9.15
[train:rollout] step=00017 iter=17/20 current=7.8178 best=7.8037 stagnation=9.82
[train:rollout] step=00017 iter=18/20 current=7.8148 best=7.8035 stagnation=10.44
[train:rollout] step=00017 iter=19/20 current=7.8171 best=7.8035 stagnation=11.44
[train:rollout] step=00017 iter=20/20 current=7.8179 best=7.8035 stagnation=12.25
[train:done] step=00017 total_t=38.88s rollout_t=9.12s opt_t=0.28s loss=-0.0286 init=7.9263 final=7.8035 improve=0.1229 baseline=0.1229 entropy=21.9349
[train] step=00017 loss=-0.0286 init=7.9263 final=7.8035 improve=0.1229 entropy=21.9349 baseline=0.1229 adv_mean=-0.0000 total_t=38.88s
[train] step=00017 init_dist=lehd:0.00, elg:0.01, difusco:0.99
[train] step=00017 op_dist=two_opt:0.30, lehd_rrc_step:0.34, dact_2opt_step:0.36
[train] step=00017 timing select=0.00s reset=29.48s rollout=9.12s optimize=0.28s
[train:prepare] step=00018/00100 fetching batch
[train:batch] step=00018 shape=(128, 100, 2) device=cuda:0 fetch_t=0.00s
[train:init] step=00018 batch=128 n=100 device=cuda:0 select_t=0.00s init_mean_entropy=0.0129
[solver:init] name=difusco count=128 start
[solver:init] name=difusco count=128 done elapsed=32.68s
[solver:init] all done elapsed=32.68s
[train:reset] step=00018 reset_t=32.68s init_len=7.9153
[train:rollout] step=00018 iter=01/20 current=7.8688 best=7.8616 stagnation=0.46
[train:rollout] step=00018 iter=02/20 current=7.8550 best=7.8441 stagnation=1.16
[train:rollout] step=00018 iter=03/20 current=7.8392 best=7.8270 stagnation=1.65
[train:rollout] step=00018 iter=04/20 current=7.8124 best=7.8016 stagnation=2.05
[train:rollout] step=00018 iter=05/20 current=7.8106 best=7.7979 stagnation=2.48
[train:rollout] step=00018 iter=06/20 current=7.8091 best=7.7957 stagnation=3.16
[train:rollout] step=00018 iter=07/20 current=7.8077 best=7.7952 stagnation=3.98
[train:rollout] step=00018 iter=08/20 current=7.8067 best=7.7945 stagnation=4.65
[train:rollout] step=00018 iter=09/20 current=7.8034 best=7.7899 stagnation=5.02
[train:rollout] step=00018 iter=10/20 current=7.7925 best=7.7837 stagnation=5.35
[train:rollout] step=00018 iter=11/20 current=7.7967 best=7.7837 stagnation=6.22
[train:rollout] step=00018 iter=12/20 current=7.7955 best=7.7833 stagnation=6.82
[train:rollout] step=00018 iter=13/20 current=7.7949 best=7.7833 stagnation=7.82
[train:rollout] step=00018 iter=14/20 current=7.7960 best=7.7832 stagnation=8.52
[train:rollout] step=00018 iter=15/20 current=7.7935 best=7.7820 stagnation=9.20
[train:rollout] step=00018 iter=16/20 current=7.7963 best=7.7820 stagnation=10.20
[train:rollout] step=00018 iter=17/20 current=7.7983 best=7.7819 stagnation=11.09
[train:rollout] step=00018 iter=18/20 current=7.7948 best=7.7814 stagnation=11.47
[train:rollout] step=00018 iter=19/20 current=7.7912 best=7.7812 stagnation=11.87
[train:rollout] step=00018 iter=20/20 current=7.7900 best=7.7809 stagnation=12.50
[train:done] step=00018 total_t=41.32s rollout_t=8.35s opt_t=0.28s loss=0.0177 init=7.9153 final=7.7809 improve=0.1344 baseline=0.1344 entropy=21.9303
[train] step=00018 loss=0.0177 init=7.9153 final=7.7809 improve=0.1344 entropy=21.9303 baseline=0.1344 adv_mean=0.0000 total_t=41.32s
[train] step=00018 init_dist=lehd:0.00, elg:0.00, difusco:1.00
[train] step=00018 op_dist=two_opt:0.30, lehd_rrc_step:0.34, dact_2opt_step:0.35
[train] step=00018 timing select=0.00s reset=32.68s rollout=8.35s optimize=0.28s
[train:prepare] step=00019/00100 fetching batch
[train:batch] step=00019 shape=(128, 100, 2) device=cuda:0 fetch_t=0.00s
[train:init] step=00019 batch=128 n=100 device=cuda:0 select_t=0.00s init_mean_entropy=0.0103
[solver:init] name=difusco count=128 start
[solver:init] name=difusco count=128 done elapsed=31.57s
[solver:init] all done elapsed=31.57s
[train:reset] step=00019 reset_t=31.58s init_len=7.9027
[train:rollout] step=00019 iter=01/20 current=7.8864 best=7.8777 stagnation=0.56
[train:rollout] step=00019 iter=02/20 current=7.8672 best=7.8558 stagnation=1.21
[train:rollout] step=00019 iter=03/20 current=7.8507 best=7.8395 stagnation=1.77
[train:rollout] step=00019 iter=04/20 current=7.8473 best=7.8330 stagnation=2.39
[train:rollout] step=00019 iter=05/20 current=7.8189 best=7.8096 stagnation=2.74
[train:rollout] step=00019 iter=06/20 current=7.8141 best=7.8004 stagnation=3.24
[train:rollout] step=00019 iter=07/20 current=7.7959 best=7.7856 stagnation=3.68
[train:rollout] step=00019 iter=08/20 current=7.7950 best=7.7837 stagnation=4.35
[train:rollout] step=00019 iter=09/20 current=7.7865 best=7.7760 stagnation=4.94
[train:rollout] step=00019 iter=10/20 current=7.7862 best=7.7739 stagnation=5.25
[train:rollout] step=00019 iter=11/20 current=7.7892 best=7.7732 stagnation=5.91
[train:rollout] step=00019 iter=12/20 current=7.7873 best=7.7731 stagnation=6.59
[train:rollout] step=00019 iter=13/20 current=7.7892 best=7.7730 stagnation=7.45
[train:rollout] step=00019 iter=14/20 current=7.7815 best=7.7717 stagnation=7.75
[train:rollout] step=00019 iter=15/20 current=7.7821 best=7.7698 stagnation=7.89
[train:rollout] step=00019 iter=16/20 current=7.7847 best=7.7698 stagnation=8.61
[train:rollout] step=00019 iter=17/20 current=7.7766 best=7.7680 stagnation=8.88
[train:rollout] step=00019 iter=18/20 current=7.7832 best=7.7679 stagnation=9.14
[train:rollout] step=00019 iter=19/20 current=7.7828 best=7.7679 stagnation=9.99
[train:rollout] step=00019 iter=20/20 current=7.7817 best=7.7671 stagnation=10.50
[train:done] step=00019 total_t=40.30s rollout_t=8.45s opt_t=0.27s loss=-0.0536 init=7.9027 final=7.7671 improve=0.1356 baseline=0.1356 entropy=21.9277
[train] step=00019 loss=-0.0536 init=7.9027 final=7.7671 improve=0.1356 entropy=21.9277 baseline=0.1356 adv_mean=0.0000 total_t=40.30s
[train] step=00019 init_dist=lehd:0.00, elg:0.00, difusco:1.00
[train] step=00019 op_dist=two_opt:0.32, lehd_rrc_step:0.32, dact_2opt_step:0.35
[train] step=00019 timing select=0.00s reset=31.58s rollout=8.45s optimize=0.27s
[train:prepare] step=00020/00100 fetching batch
[train:batch] step=00020 shape=(128, 100, 2) device=cuda:0 fetch_t=0.00s
[train:init] step=00020 batch=128 n=100 device=cuda:0 select_t=0.00s init_mean_entropy=0.0083
[solver:init] name=difusco count=128 start
[solver:init] name=difusco count=128 done elapsed=31.35s
[solver:init] all done elapsed=31.36s
[train:reset] step=00020 reset_t=31.36s init_len=7.8782
[train:rollout] step=00020 iter=01/20 current=7.8715 best=7.8625 stagnation=0.64
[train:rollout] step=00020 iter=02/20 current=7.8491 best=7.8373 stagnation=1.06
[train:rollout] step=00020 iter=03/20 current=7.8338 best=7.8212 stagnation=1.55
[train:rollout] step=00020 iter=04/20 current=7.8124 best=7.8061 stagnation=2.06
[train:rollout] step=00020 iter=05/20 current=7.8113 best=7.8038 stagnation=2.76
[train:rollout] step=00020 iter=06/20 current=7.8096 best=7.7989 stagnation=3.45
[train:rollout] step=00020 iter=07/20 current=7.8054 best=7.7960 stagnation=4.30
[train:rollout] step=00020 iter=08/20 current=7.8024 best=7.7929 stagnation=4.55
[train:rollout] step=00020 iter=09/20 current=7.8035 best=7.7916 stagnation=5.11
[train:rollout] step=00020 iter=10/20 current=7.7939 best=7.7851 stagnation=5.27
[train:rollout] step=00020 iter=11/20 current=7.7917 best=7.7828 stagnation=5.80
[train:rollout] step=00020 iter=12/20 current=7.7889 best=7.7806 stagnation=6.30
[train:rollout] step=00020 iter=13/20 current=7.7885 best=7.7798 stagnation=6.91
[train:rollout] step=00020 iter=14/20 current=7.7905 best=7.7791 stagnation=7.65
[train:rollout] step=00020 iter=15/20 current=7.7873 best=7.7776 stagnation=7.89
[train:rollout] step=00020 iter=16/20 current=7.7869 best=7.7775 stagnation=8.56
[train:rollout] step=00020 iter=17/20 current=7.7860 best=7.7775 stagnation=9.32
[train:rollout] step=00020 iter=18/20 current=7.7864 best=7.7775 stagnation=10.10
[train:rollout] step=00020 iter=19/20 current=7.7873 best=7.7775 stagnation=10.84
[train:rollout] step=00020 iter=20/20 current=7.7869 best=7.7774 stagnation=11.46
[train:done] step=00020 total_t=39.65s rollout_t=8.01s opt_t=0.28s loss=-0.0264 init=7.8782 final=7.7774 improve=0.1008 baseline=0.1008 entropy=21.9252
[train] step=00020 loss=-0.0264 init=7.8782 final=7.7774 improve=0.1008 entropy=21.9252 baseline=0.1008 adv_mean=-0.0000 total_t=39.65s
[train] step=00020 init_dist=lehd:0.00, elg:0.00, difusco:1.00
[train] step=00020 op_dist=two_opt:0.30, lehd_rrc_step:0.35, dact_2opt_step:0.36
[train] step=00020 timing select=0.00s reset=31.36s rollout=8.01s optimize=0.28s
[save] wrote metrics snapshot -> 0new/operator_policy/outputs/去掉迭代特征/latest_metrics.json
[eval] step=00020 starting evaluation
[eval] batch=0001 items=32/128 avg_init=7.8774 avg_final=7.8271 improve=0.0503 elapsed=9.58s
[eval] batch=0002 items=64/128 avg_init=7.8903 avg_final=7.8227 improve=0.0676 elapsed=18.99s
[eval] batch=0003 items=96/128 avg_init=7.8475 avg_final=7.8018 improve=0.0457 elapsed=27.75s
[eval] batch=0004 items=128/128 avg_init=7.8585 avg_final=7.8037 improve=0.0548 elapsed=37.02s
[eval] step=00020 init=7.8585 final=7.8037 improve=0.0548 elapsed=37.03s
[eval] step=00020 init_dist=lehd:0.00, elg:0.00, difusco:1.00
[eval] step=00020 op_dist=two_opt:0.00, lehd_rrc_step:0.00, dact_2opt_step:1.00
[eval] step=00020 instance_trace=0new/operator_policy/outputs/去掉迭代特征/eval_traces/step_00020_instance_actions.jsonl
[eval] step=00020 step_summary=0new/operator_policy/outputs/去掉迭代特征/eval_traces/step_00020_instance_actions_step_summary.json
[ckpt] saved 0new/operator_policy/outputs/去掉迭代特征/selector_last.pt
[ckpt] saved new best 0new/operator_policy/outputs/去掉迭代特征/selector_best.pt final=7.8037
[save] wrote eval snapshot -> 0new/operator_policy/outputs/去掉迭代特征/latest_metrics.json
[train:prepare] step=00021/00100 fetching batch
[train:batch] step=00021 shape=(128, 100, 2) device=cuda:0 fetch_t=0.01s
[train:init] step=00021 batch=128 n=100 device=cuda:0 select_t=0.01s init_mean_entropy=0.0069
[solver:init] name=difusco count=128 start
[solver:init] name=difusco count=128 done elapsed=31.97s
[solver:init] all done elapsed=31.97s
[train:reset] step=00021 reset_t=31.97s init_len=7.9081
[train:rollout] step=00021 iter=01/20 current=7.9042 best=7.8953 stagnation=0.71
[train:rollout] step=00021 iter=02/20 current=7.8884 best=7.8778 stagnation=1.35
[train:rollout] step=00021 iter=03/20 current=7.8586 best=7.8470 stagnation=1.72
[train:rollout] step=00021 iter=04/20 current=7.8366 best=7.8217 stagnation=1.96
[train:rollout] step=00021 iter=05/20 current=7.8335 best=7.8155 stagnation=2.70
[train:rollout] step=00021 iter=06/20 current=7.8310 best=7.8131 stagnation=3.58
[train:rollout] step=00021 iter=07/20 current=7.8274 best=7.8106 stagnation=4.10
[train:rollout] step=00021 iter=08/20 current=7.8256 best=7.8093 stagnation=5.00
[train:rollout] step=00021 iter=09/20 current=7.8212 best=7.8070 stagnation=5.43
[train:rollout] step=00021 iter=10/20 current=7.8105 best=7.8018 stagnation=5.62
[train:rollout] step=00021 iter=11/20 current=7.8118 best=7.7985 stagnation=6.17
[train:rollout] step=00021 iter=12/20 current=7.8075 best=7.7974 stagnation=7.00
[train:rollout] step=00021 iter=13/20 current=7.8104 best=7.7959 stagnation=7.51
[train:rollout] step=00021 iter=14/20 current=7.8095 best=7.7954 stagnation=8.40
[train:rollout] step=00021 iter=15/20 current=7.8037 best=7.7909 stagnation=9.12
[train:rollout] step=00021 iter=16/20 current=7.8059 best=7.7907 stagnation=9.83
[train:rollout] step=00021 iter=17/20 current=7.8027 best=7.7901 stagnation=10.08
[train:rollout] step=00021 iter=18/20 current=7.8025 best=7.7900 stagnation=10.94
[train:rollout] step=00021 iter=19/20 current=7.8000 best=7.7896 stagnation=11.54
[train:rollout] step=00021 iter=20/20 current=7.8014 best=7.7896 stagnation=12.16
[train:done] step=00021 total_t=41.83s rollout_t=9.58s opt_t=0.28s loss=-0.0377 init=7.9081 final=7.7896 improve=0.1185 baseline=0.1185 entropy=21.9231
[train] step=00021 loss=-0.0377 init=7.9081 final=7.7896 improve=0.1185 entropy=21.9231 baseline=0.1185 adv_mean=0.0000 total_t=41.83s
[train] step=00021 init_dist=lehd:0.00, elg:0.00, difusco:1.00
[train] step=00021 op_dist=two_opt:0.30, lehd_rrc_step:0.35, dact_2opt_step:0.35
[train] step=00021 timing select=0.01s reset=31.97s rollout=9.58s optimize=0.28s
[train:prepare] step=00022/00100 fetching batch
[train:batch] step=00022 shape=(128, 100, 2) device=cuda:0 fetch_t=0.00s
[train:init] step=00022 batch=128 n=100 device=cuda:0 select_t=0.00s init_mean_entropy=0.0057
[solver:init] name=difusco count=128 start
[solver:init] name=difusco count=128 done elapsed=33.67s
[solver:init] all done elapsed=33.67s
[train:reset] step=00022 reset_t=33.67s init_len=7.9230
[train:rollout] step=00022 iter=01/20 current=7.8882 best=7.8806 stagnation=0.45
[train:rollout] step=00022 iter=02/20 current=7.8520 best=7.8455 stagnation=1.05
[train:rollout] step=00022 iter=03/20 current=7.8545 best=7.8399 stagnation=1.66
[train:rollout] step=00022 iter=04/20 current=7.8514 best=7.8337 stagnation=2.45
[train:rollout] step=00022 iter=05/20 current=7.8341 best=7.8259 stagnation=3.13
[train:rollout] step=00022 iter=06/20 current=7.8332 best=7.8208 stagnation=3.68
[train:rollout] step=00022 iter=07/20 current=7.8108 best=7.8024 stagnation=3.96
[train:rollout] step=00022 iter=08/20 current=7.8092 best=7.8002 stagnation=4.09
[train:rollout] step=00022 iter=09/20 current=7.8073 best=7.7980 stagnation=4.56
[train:rollout] step=00022 iter=10/20 current=7.8057 best=7.7966 stagnation=5.21
[train:rollout] step=00022 iter=11/20 current=7.8048 best=7.7949 stagnation=5.59
[train:rollout] step=00022 iter=12/20 current=7.8041 best=7.7948 stagnation=6.32
[train:rollout] step=00022 iter=13/20 current=7.8050 best=7.7948 stagnation=7.32
[train:rollout] step=00022 iter=14/20 current=7.8051 best=7.7947 stagnation=7.98
[train:rollout] step=00022 iter=15/20 current=7.7999 best=7.7935 stagnation=8.12
[train:rollout] step=00022 iter=16/20 current=7.8046 best=7.7931 stagnation=8.52
[train:rollout] step=00022 iter=17/20 current=7.8036 best=7.7931 stagnation=9.51
[train:rollout] step=00022 iter=18/20 current=7.8053 best=7.7931 stagnation=10.34
[train:rollout] step=00022 iter=19/20 current=7.8032 best=7.7930 stagnation=11.09
[train:rollout] step=00022 iter=20/20 current=7.8058 best=7.7930 stagnation=11.74
[train:done] step=00022 total_t=43.77s rollout_t=9.80s opt_t=0.30s loss=-0.0040 init=7.9230 final=7.7930 improve=0.1300 baseline=0.1300 entropy=21.9212
[train] step=00022 loss=-0.0040 init=7.9230 final=7.7930 improve=0.1300 entropy=21.9212 baseline=0.1300 adv_mean=0.0000 total_t=43.77s
[train] step=00022 init_dist=lehd:0.00, elg:0.00, difusco:1.00
[train] step=00022 op_dist=two_opt:0.31, lehd_rrc_step:0.34, dact_2opt_step:0.35
[train] step=00022 timing select=0.00s reset=33.67s rollout=9.80s optimize=0.30s
[train:prepare] step=00023/00100 fetching batch
[train:batch] step=00023 shape=(128, 100, 2) device=cuda:0 fetch_t=0.00s
[train:init] step=00023 batch=128 n=100 device=cuda:0 select_t=0.00s init_mean_entropy=0.0049
[solver:init] name=difusco count=128 start
[solver:init] name=difusco count=128 done elapsed=32.66s
[solver:init] all done elapsed=32.66s
[train:reset] step=00023 reset_t=32.66s init_len=7.9192
[train:rollout] step=00023 iter=01/20 current=7.9128 best=7.9032 stagnation=0.58
[train:rollout] step=00023 iter=02/20 current=7.8707 best=7.8552 stagnation=1.05
[train:rollout] step=00023 iter=03/20 current=7.8294 best=7.8191 stagnation=1.48
[train:rollout] step=00023 iter=04/20 current=7.8155 best=7.8031 stagnation=2.13
[train:rollout] step=00023 iter=05/20 current=7.8019 best=7.7887 stagnation=2.77
[train:rollout] step=00023 iter=06/20 current=7.7827 best=7.7740 stagnation=3.16
[train:rollout] step=00023 iter=07/20 current=7.7778 best=7.7674 stagnation=3.72
[train:rollout] step=00023 iter=08/20 current=7.7735 best=7.7643 stagnation=3.85
[train:rollout] step=00023 iter=09/20 current=7.7743 best=7.7619 stagnation=4.43
[train:rollout] step=00023 iter=10/20 current=7.7731 best=7.7613 stagnation=5.19
[train:rollout] step=00023 iter=11/20 current=7.7729 best=7.7606 stagnation=5.71
[train:rollout] step=00023 iter=12/20 current=7.7742 best=7.7595 stagnation=6.32
[train:rollout] step=00023 iter=13/20 current=7.7737 best=7.7582 stagnation=7.23
[train:rollout] step=00023 iter=14/20 current=7.7746 best=7.7579 stagnation=7.86
[train:rollout] step=00023 iter=15/20 current=7.7707 best=7.7577 stagnation=8.34
[train:rollout] step=00023 iter=16/20 current=7.7721 best=7.7577 stagnation=8.97
[train:rollout] step=00023 iter=17/20 current=7.7702 best=7.7567 stagnation=9.23
[train:rollout] step=00023 iter=18/20 current=7.7685 best=7.7566 stagnation=9.94
[train:rollout] step=00023 iter=19/20 current=7.7661 best=7.7554 stagnation=10.44
[train:rollout] step=00023 iter=20/20 current=7.7665 best=7.7547 stagnation=11.02
[train:done] step=00023 total_t=41.22s rollout_t=8.27s opt_t=0.28s loss=-0.0222 init=7.9192 final=7.7547 improve=0.1645 baseline=0.1645 entropy=21.9199
[train] step=00023 loss=-0.0222 init=7.9192 final=7.7547 improve=0.1645 entropy=21.9199 baseline=0.1645 adv_mean=-0.0000 total_t=41.22s
[train] step=00023 init_dist=lehd:0.00, elg:0.00, difusco:1.00
[train] step=00023 op_dist=two_opt:0.29, lehd_rrc_step:0.36, dact_2opt_step:0.35
[train] step=00023 timing select=0.00s reset=32.66s rollout=8.27s optimize=0.28s
[train:prepare] step=00024/00100 fetching batch
[train:batch] step=00024 shape=(128, 100, 2) device=cuda:0 fetch_t=0.00s
[train:init] step=00024 batch=128 n=100 device=cuda:0 select_t=0.00s init_mean_entropy=0.0042
[solver:init] name=difusco count=128 start
[solver:init] name=difusco count=128 done elapsed=33.47s
[solver:init] all done elapsed=33.47s
[train:reset] step=00024 reset_t=33.47s init_len=7.9373
[train:rollout] step=00024 iter=01/20 current=7.8725 best=7.8653 stagnation=0.43
[train:rollout] step=00024 iter=02/20 current=7.8214 best=7.8107 stagnation=0.98
[train:rollout] step=00024 iter=03/20 current=7.8094 best=7.7956 stagnation=1.64
[train:rollout] step=00024 iter=04/20 current=7.8029 best=7.7920 stagnation=2.17
[train:rollout] step=00024 iter=05/20 current=7.8014 best=7.7863 stagnation=2.62
[train:rollout] step=00024 iter=06/20 current=7.8017 best=7.7856 stagnation=3.35
[train:rollout] step=00024 iter=07/20 current=7.7947 best=7.7831 stagnation=3.67
[train:rollout] step=00024 iter=08/20 current=7.7925 best=7.7827 stagnation=4.45
[train:rollout] step=00024 iter=09/20 current=7.7885 best=7.7798 stagnation=4.81
[train:rollout] step=00024 iter=10/20 current=7.7935 best=7.7797 stagnation=5.55
[train:rollout] step=00024 iter=11/20 current=7.7935 best=7.7796 stagnation=6.30
[train:rollout] step=00024 iter=12/20 current=7.7911 best=7.7790 stagnation=7.14
[train:rollout] step=00024 iter=13/20 current=7.7897 best=7.7787 stagnation=7.76
[train:rollout] step=00024 iter=14/20 current=7.7898 best=7.7781 stagnation=8.37
[train:rollout] step=00024 iter=15/20 current=7.7858 best=7.7781 stagnation=9.05
[train:rollout] step=00024 iter=16/20 current=7.7842 best=7.7774 stagnation=9.12
[train:rollout] step=00024 iter=17/20 current=7.7869 best=7.7774 stagnation=10.12
[train:rollout] step=00024 iter=18/20 current=7.7895 best=7.7772 stagnation=10.66
[train:rollout] step=00024 iter=19/20 current=7.7908 best=7.7772 stagnation=11.66
[train:rollout] step=00024 iter=20/20 current=7.7901 best=7.7772 stagnation=12.33
[train:done] step=00024 total_t=41.25s rollout_t=7.50s opt_t=0.28s loss=-0.0245 init=7.9373 final=7.7772 improve=0.1601 baseline=0.1601 entropy=21.9188
[train] step=00024 loss=-0.0245 init=7.9373 final=7.7772 improve=0.1601 entropy=21.9188 baseline=0.1601 adv_mean=0.0000 total_t=41.25s
[train] step=00024 init_dist=lehd:0.00, elg:0.00, difusco:1.00
[train] step=00024 op_dist=two_opt:0.30, lehd_rrc_step:0.35, dact_2opt_step:0.35
[train] step=00024 timing select=0.00s reset=33.47s rollout=7.50s optimize=0.28s
[train:prepare] step=00025/00100 fetching batch
[train:batch] step=00025 shape=(128, 100, 2) device=cuda:0 fetch_t=0.00s
[train:init] step=00025 batch=128 n=100 device=cuda:0 select_t=0.00s init_mean_entropy=0.0037
[solver:init] name=difusco count=128 start
[solver:init] name=difusco count=128 done elapsed=31.21s
[solver:init] all done elapsed=31.21s
[train:reset] step=00025 reset_t=31.21s init_len=7.9436
[train:rollout] step=00025 iter=01/20 current=7.9353 best=7.9222 stagnation=0.55
[train:rollout] step=00025 iter=02/20 current=7.8554 best=7.8462 stagnation=0.93
[train:rollout] step=00025 iter=03/20 current=7.8396 best=7.8287 stagnation=1.63
[train:rollout] step=00025 iter=04/20 current=7.8245 best=7.8105 stagnation=1.93
[train:rollout] step=00025 iter=05/20 current=7.7946 best=7.7853 stagnation=2.25
[train:rollout] step=00025 iter=06/20 current=7.7962 best=7.7820 stagnation=3.02
[train:rollout] step=00025 iter=07/20 current=7.7913 best=7.7779 stagnation=3.52
[train:rollout] step=00025 iter=08/20 current=7.7857 best=7.7730 stagnation=4.19
[train:rollout] step=00025 iter=09/20 current=7.7780 best=7.7677 stagnation=4.46
[train:rollout] step=00025 iter=10/20 current=7.7776 best=7.7665 stagnation=5.19
[train:rollout] step=00025 iter=11/20 current=7.7788 best=7.7659 stagnation=5.80
[train:rollout] step=00025 iter=12/20 current=7.7751 best=7.7645 stagnation=6.30
[train:rollout] step=00025 iter=13/20 current=7.7739 best=7.7632 stagnation=6.65
[train:rollout] step=00025 iter=14/20 current=7.7742 best=7.7629 stagnation=7.03
[train:rollout] step=00025 iter=15/20 current=7.7705 best=7.7597 stagnation=7.62
[train:rollout] step=00025 iter=16/20 current=7.7726 best=7.7594 stagnation=8.16
[train:rollout] step=00025 iter=17/20 current=7.7703 best=7.7589 stagnation=8.77
[train:rollout] step=00025 iter=18/20 current=7.7681 best=7.7583 stagnation=9.45
[train:rollout] step=00025 iter=19/20 current=7.7712 best=7.7582 stagnation=10.12
[train:rollout] step=00025 iter=20/20 current=7.7680 best=7.7580 stagnation=10.63
[train:done] step=00025 total_t=41.64s rollout_t=10.15s opt_t=0.27s loss=0.0057 init=7.9436 final=7.7580 improve=0.1856 baseline=0.1856 entropy=21.9179
[train] step=00025 loss=0.0057 init=7.9436 final=7.7580 improve=0.1856 entropy=21.9179 baseline=0.1856 adv_mean=0.0000 total_t=41.64s
[train] step=00025 init_dist=lehd:0.00, elg:0.00, difusco:1.00
[train] step=00025 op_dist=two_opt:0.32, lehd_rrc_step:0.34, dact_2opt_step:0.35
[train] step=00025 timing select=0.00s reset=31.21s rollout=10.15s optimize=0.27s
[train:prepare] step=00026/00100 fetching batch
[train:batch] step=00026 shape=(128, 100, 2) device=cuda:0 fetch_t=0.00s
[train:init] step=00026 batch=128 n=100 device=cuda:0 select_t=0.00s init_mean_entropy=0.0032
[solver:init] name=difusco count=128 start
[solver:init] name=difusco count=128 done elapsed=32.60s
[solver:init] all done elapsed=32.60s
[train:reset] step=00026 reset_t=32.60s init_len=7.8772
[train:rollout] step=00026 iter=01/20 current=7.8770 best=7.8671 stagnation=0.65
[train:rollout] step=00026 iter=02/20 current=7.8456 best=7.8397 stagnation=0.93
[train:rollout] step=00026 iter=03/20 current=7.8334 best=7.8219 stagnation=1.53
[train:rollout] step=00026 iter=04/20 current=7.8186 best=7.8106 stagnation=2.16
[train:rollout] step=00026 iter=05/20 current=7.8050 best=7.7965 stagnation=2.52
[train:rollout] step=00026 iter=06/20 current=7.8059 best=7.7949 stagnation=3.27
[train:rollout] step=00026 iter=07/20 current=7.8012 best=7.7896 stagnation=3.83
[train:rollout] step=00026 iter=08/20 current=7.8026 best=7.7889 stagnation=4.64
[train:rollout] step=00026 iter=09/20 current=7.7961 best=7.7837 stagnation=5.16
[train:rollout] step=00026 iter=10/20 current=7.7929 best=7.7827 stagnation=5.66
[train:rollout] step=00026 iter=11/20 current=7.7943 best=7.7826 stagnation=6.40
[train:rollout] step=00026 iter=12/20 current=7.7964 best=7.7823 stagnation=7.20
[train:rollout] step=00026 iter=13/20 current=7.7990 best=7.7818 stagnation=7.81
[train:rollout] step=00026 iter=14/20 current=7.7929 best=7.7815 stagnation=8.48
[train:rollout] step=00026 iter=15/20 current=7.7918 best=7.7813 stagnation=8.89
[train:rollout] step=00026 iter=16/20 current=7.7956 best=7.7813 stagnation=9.70
[train:rollout] step=00026 iter=17/20 current=7.7874 best=7.7807 stagnation=10.06
[train:rollout] step=00026 iter=18/20 current=7.7908 best=7.7805 stagnation=10.83
[train:rollout] step=00026 iter=19/20 current=7.7912 best=7.7804 stagnation=11.41
[train:rollout] step=00026 iter=20/20 current=7.7896 best=7.7798 stagnation=11.62
[train:done] step=00026 total_t=40.56s rollout_t=7.68s opt_t=0.29s loss=0.0088 init=7.8772 final=7.7798 improve=0.0974 baseline=0.0974 entropy=21.9176
[train] step=00026 loss=0.0088 init=7.8772 final=7.7798 improve=0.0974 entropy=21.9176 baseline=0.0974 adv_mean=-0.0000 total_t=40.56s
[train] step=00026 init_dist=lehd:0.00, elg:0.00, difusco:1.00
[train] step=00026 op_dist=two_opt:0.31, lehd_rrc_step:0.33, dact_2opt_step:0.36
[train] step=00026 timing select=0.00s reset=32.60s rollout=7.68s optimize=0.29s
[train:prepare] step=00027/00100 fetching batch
[train:batch] step=00027 shape=(128, 100, 2) device=cuda:0 fetch_t=0.00s
[train:init] step=00027 batch=128 n=100 device=cuda:0 select_t=0.00s init_mean_entropy=0.0029
[solver:init] name=difusco count=128 start
[solver:init] name=difusco count=128 done elapsed=31.94s
[solver:init] all done elapsed=31.94s
[train:reset] step=00027 reset_t=31.94s init_len=7.8857
[train:rollout] step=00027 iter=01/20 current=7.8790 best=7.8704 stagnation=0.56
[train:rollout] step=00027 iter=02/20 current=7.8558 best=7.8449 stagnation=1.02
[train:rollout] step=00027 iter=03/20 current=7.8575 best=7.8409 stagnation=1.73
[train:rollout] step=00027 iter=04/20 current=7.8359 best=7.8141 stagnation=2.02
[train:rollout] step=00027 iter=05/20 current=7.8240 best=7.8097 stagnation=2.61
[train:rollout] step=00027 iter=06/20 current=7.8198 best=7.8066 stagnation=3.45
[train:rollout] step=00027 iter=07/20 current=7.8208 best=7.8012 stagnation=3.87
[train:rollout] step=00027 iter=08/20 current=7.8198 best=7.7990 stagnation=4.34
[train:rollout] step=00027 iter=09/20 current=7.8215 best=7.7982 stagnation=5.05
[train:rollout] step=00027 iter=10/20 current=7.8096 best=7.7952 stagnation=5.09
[train:rollout] step=00027 iter=11/20 current=7.8065 best=7.7884 stagnation=5.59
[train:rollout] step=00027 iter=12/20 current=7.8090 best=7.7877 stagnation=6.43
[train:rollout] step=00027 iter=13/20 current=7.8126 best=7.7871 stagnation=7.29
[train:rollout] step=00027 iter=14/20 current=7.8082 best=7.7867 stagnation=7.55
[train:rollout] step=00027 iter=15/20 current=7.8091 best=7.7859 stagnation=8.15
[train:rollout] step=00027 iter=16/20 current=7.8037 best=7.7856 stagnation=8.73
[train:rollout] step=00027 iter=17/20 current=7.8079 best=7.7855 stagnation=9.48
[train:rollout] step=00027 iter=18/20 current=7.7985 best=7.7854 stagnation=9.95
[train:rollout] step=00027 iter=19/20 current=7.7994 best=7.7836 stagnation=10.26
[train:rollout] step=00027 iter=20/20 current=7.7925 best=7.7804 stagnation=11.25
[train:done] step=00027 total_t=40.55s rollout_t=8.32s opt_t=0.28s loss=-0.0148 init=7.8857 final=7.7804 improve=0.1053 baseline=0.1053 entropy=21.9180
[train] step=00027 loss=-0.0148 init=7.8857 final=7.7804 improve=0.1053 entropy=21.9180 baseline=0.1053 adv_mean=-0.0000 total_t=40.55s
[train] step=00027 init_dist=lehd:0.00, elg:0.00, difusco:1.00
[train] step=00027 op_dist=two_opt:0.29, lehd_rrc_step:0.36, dact_2opt_step:0.35
[train] step=00027 timing select=0.00s reset=31.94s rollout=8.32s optimize=0.28s
[train:prepare] step=00028/00100 fetching batch
[train:batch] step=00028 shape=(128, 100, 2) device=cuda:0 fetch_t=0.00s
[train:init] step=00028 batch=128 n=100 device=cuda:0 select_t=0.00s init_mean_entropy=0.0026
[solver:init] name=difusco count=128 start
[solver:init] name=difusco count=128 done elapsed=25.87s
[solver:init] all done elapsed=25.87s
[train:reset] step=00028 reset_t=25.87s init_len=7.8471
[train:rollout] step=00028 iter=01/20 current=7.8490 best=7.8372 stagnation=0.72
[train:rollout] step=00028 iter=02/20 current=7.8007 best=7.7937 stagnation=1.15
[train:rollout] step=00028 iter=03/20 current=7.7855 best=7.7772 stagnation=1.73
[train:rollout] step=00028 iter=04/20 current=7.7731 best=7.7615 stagnation=2.20
[train:rollout] step=00028 iter=05/20 current=7.7689 best=7.7549 stagnation=2.87
[train:rollout] step=00028 iter=06/20 current=7.7617 best=7.7521 stagnation=3.37
[train:rollout] step=00028 iter=07/20 current=7.7626 best=7.7504 stagnation=3.77
[train:rollout] step=00028 iter=08/20 current=7.7598 best=7.7496 stagnation=4.42
[train:rollout] step=00028 iter=09/20 current=7.7587 best=7.7479 stagnation=4.91
[train:rollout] step=00028 iter=10/20 current=7.7587 best=7.7477 stagnation=5.62
[train:rollout] step=00028 iter=11/20 current=7.7615 best=7.7476 stagnation=6.23
[train:rollout] step=00028 iter=12/20 current=7.7629 best=7.7476 stagnation=7.16
[train:rollout] step=00028 iter=13/20 current=7.7575 best=7.7463 stagnation=7.39
[train:rollout] step=00028 iter=14/20 current=7.7554 best=7.7457 stagnation=7.99
[train:rollout] step=00028 iter=15/20 current=7.7580 best=7.7457 stagnation=8.91
[train:rollout] step=00028 iter=16/20 current=7.7572 best=7.7456 stagnation=9.70
[train:rollout] step=00028 iter=17/20 current=7.7577 best=7.7456 stagnation=10.67
[train:rollout] step=00028 iter=18/20 current=7.7550 best=7.7449 stagnation=11.25
[train:rollout] step=00028 iter=19/20 current=7.7605 best=7.7448 stagnation=11.96
[train:rollout] step=00028 iter=20/20 current=7.7538 best=7.7445 stagnation=12.61
[train:done] step=00028 total_t=36.35s rollout_t=10.20s opt_t=0.28s loss=-0.0182 init=7.8471 final=7.7445 improve=0.1026 baseline=0.1026 entropy=21.9184
[train] step=00028 loss=-0.0182 init=7.8471 final=7.7445 improve=0.1026 entropy=21.9184 baseline=0.1026 adv_mean=-0.0000 total_t=36.35s
[train] step=00028 init_dist=lehd:0.00, elg:0.00, difusco:1.00
[train] step=00028 op_dist=two_opt:0.31, lehd_rrc_step:0.36, dact_2opt_step:0.33
[train] step=00028 timing select=0.00s reset=25.87s rollout=10.20s optimize=0.28s
[train:prepare] step=00029/00100 fetching batch
[train:batch] step=00029 shape=(128, 100, 2) device=cuda:0 fetch_t=0.00s
[train:init] step=00029 batch=128 n=100 device=cuda:0 select_t=0.00s init_mean_entropy=0.0024
[solver:init] name=difusco count=128 start
[solver:init] name=difusco count=128 done elapsed=32.51s
[solver:init] all done elapsed=32.51s
[train:reset] step=00029 reset_t=32.51s init_len=7.9042
[train:rollout] step=00029 iter=01/20 current=7.8806 best=7.8697 stagnation=0.52
[train:rollout] step=00029 iter=02/20 current=7.8511 best=7.8424 stagnation=1.12
[train:rollout] step=00029 iter=03/20 current=7.8265 best=7.8176 stagnation=1.63
[train:rollout] step=00029 iter=04/20 current=7.8210 best=7.8101 stagnation=2.28
[train:rollout] step=00029 iter=05/20 current=7.8096 best=7.7983 stagnation=2.70
[train:rollout] step=00029 iter=06/20 current=7.8096 best=7.7947 stagnation=3.30
[train:rollout] step=00029 iter=07/20 current=7.8062 best=7.7940 stagnation=3.91
[train:rollout] step=00029 iter=08/20 current=7.8065 best=7.7936 stagnation=4.66
[train:rollout] step=00029 iter=09/20 current=7.8018 best=7.7929 stagnation=5.04
[train:rollout] step=00029 iter=10/20 current=7.8026 best=7.7918 stagnation=5.70
[train:rollout] step=00029 iter=11/20 current=7.8018 best=7.7917 stagnation=6.29
[train:rollout] step=00029 iter=12/20 current=7.8055 best=7.7909 stagnation=6.95
[train:rollout] step=00029 iter=13/20 current=7.8022 best=7.7908 stagnation=7.59
[train:rollout] step=00029 iter=14/20 current=7.8061 best=7.7907 stagnation=8.22
[train:rollout] step=00029 iter=15/20 current=7.8034 best=7.7906 stagnation=8.95
[train:rollout] step=00029 iter=16/20 current=7.8063 best=7.7906 stagnation=9.95
[train:rollout] step=00029 iter=17/20 current=7.8048 best=7.7905 stagnation=10.47
[train:rollout] step=00029 iter=18/20 current=7.8072 best=7.7905 stagnation=11.37
[train:rollout] step=00029 iter=19/20 current=7.8020 best=7.7905 stagnation=12.37
[train:rollout] step=00029 iter=20/20 current=7.8020 best=7.7899 stagnation=12.52
[train:done] step=00029 total_t=43.26s rollout_t=10.47s opt_t=0.27s loss=0.0202 init=7.9042 final=7.7899 improve=0.1143 baseline=0.1143 entropy=21.9188
[train] step=00029 loss=0.0202 init=7.9042 final=7.7899 improve=0.1143 entropy=21.9188 baseline=0.1143 adv_mean=0.0000 total_t=43.26s
[train] step=00029 init_dist=lehd:0.00, elg:0.00, difusco:1.00
[train] step=00029 op_dist=two_opt:0.31, lehd_rrc_step:0.34, dact_2opt_step:0.35
[train] step=00029 timing select=0.00s reset=32.51s rollout=10.47s optimize=0.27s
[train:prepare] step=00030/00100 fetching batch
[train:batch] step=00030 shape=(128, 100, 2) device=cuda:0 fetch_t=0.00s
[train:init] step=00030 batch=128 n=100 device=cuda:0 select_t=0.00s init_mean_entropy=0.0022
[solver:init] name=difusco count=128 start
[solver:init] name=difusco count=128 done elapsed=32.95s
[solver:init] all done elapsed=32.96s
[train:reset] step=00030 reset_t=32.96s init_len=7.8978
[train:rollout] step=00030 iter=01/20 current=7.8827 best=7.8712 stagnation=0.58
[train:rollout] step=00030 iter=02/20 current=7.8472 best=7.8369 stagnation=1.17
[train:rollout] step=00030 iter=03/20 current=7.8225 best=7.8116 stagnation=1.54
[train:rollout] step=00030 iter=04/20 current=7.8062 best=7.7924 stagnation=2.21
[train:rollout] step=00030 iter=05/20 current=7.8024 best=7.7847 stagnation=2.96
[train:rollout] step=00030 iter=06/20 current=7.7961 best=7.7831 stagnation=3.80
[train:rollout] step=00030 iter=07/20 current=7.7921 best=7.7818 stagnation=4.23
[train:rollout] step=00030 iter=08/20 current=7.7903 best=7.7806 stagnation=4.16
[train:rollout] step=00030 iter=09/20 current=7.7885 best=7.7790 stagnation=4.68
[train:rollout] step=00030 iter=10/20 current=7.7905 best=7.7778 stagnation=5.19
[train:rollout] step=00030 iter=11/20 current=7.7872 best=7.7770 stagnation=5.64
[train:rollout] step=00030 iter=12/20 current=7.7889 best=7.7766 stagnation=6.28
[train:rollout] step=00030 iter=13/20 current=7.7891 best=7.7765 stagnation=7.02
[train:rollout] step=00030 iter=14/20 current=7.7911 best=7.7765 stagnation=8.02
[train:rollout] step=00030 iter=15/20 current=7.7893 best=7.7765 stagnation=8.79
[train:rollout] step=00030 iter=16/20 current=7.7893 best=7.7760 stagnation=9.13
[train:rollout] step=00030 iter=17/20 current=7.7879 best=7.7758 stagnation=9.95
[train:rollout] step=00030 iter=18/20 current=7.7917 best=7.7758 stagnation=10.72
[train:rollout] step=00030 iter=19/20 current=7.7885 best=7.7757 stagnation=11.29
[train:rollout] step=00030 iter=20/20 current=7.7935 best=7.7757 stagnation=12.06
[train:done] step=00030 total_t=42.09s rollout_t=8.86s opt_t=0.28s loss=-0.0654 init=7.8978 final=7.7757 improve=0.1221 baseline=0.1221 entropy=21.9199
[train] step=00030 loss=-0.0654 init=7.8978 final=7.7757 improve=0.1221 entropy=21.9199 baseline=0.1221 adv_mean=0.0000 total_t=42.09s
[train] step=00030 init_dist=lehd:0.00, elg:0.00, difusco:1.00
[train] step=00030 op_dist=two_opt:0.30, lehd_rrc_step:0.35, dact_2opt_step:0.35
[train] step=00030 timing select=0.00s reset=32.96s rollout=8.86s optimize=0.28s
[eval] step=00030 starting evaluation
[eval] batch=0001 items=32/128 avg_init=7.8589 avg_final=7.7948 improve=0.0640 elapsed=9.32s
[eval] batch=0002 items=64/128 avg_init=7.8469 avg_final=7.7882 improve=0.0587 elapsed=18.61s
[eval] batch=0003 items=96/128 avg_init=7.8433 avg_final=7.7826 improve=0.0607 elapsed=27.75s
[eval] batch=0004 items=128/128 avg_init=7.8434 avg_final=7.7656 improve=0.0779 elapsed=37.00s
[eval] step=00030 init=7.8434 final=7.7656 improve=0.0779 elapsed=37.00s
[eval] step=00030 init_dist=lehd:0.00, elg:0.00, difusco:1.00
[eval] step=00030 op_dist=two_opt:0.00, lehd_rrc_step:0.00, dact_2opt_step:1.00
[eval] step=00030 instance_trace=0new/operator_policy/outputs/去掉迭代特征/eval_traces/step_00030_instance_actions.jsonl
[eval] step=00030 step_summary=0new/operator_policy/outputs/去掉迭代特征/eval_traces/step_00030_instance_actions_step_summary.json
[ckpt] saved 0new/operator_policy/outputs/去掉迭代特征/selector_last.pt
[ckpt] saved new best 0new/operator_policy/outputs/去掉迭代特征/selector_best.pt final=7.7656
[save] wrote eval snapshot -> 0new/operator_policy/outputs/去掉迭代特征/latest_metrics.json
[train:prepare] step=00031/00100 fetching batch
[train:batch] step=00031 shape=(128, 100, 2) device=cuda:0 fetch_t=0.00s
[train:init] step=00031 batch=128 n=100 device=cuda:0 select_t=0.00s init_mean_entropy=0.0020
[solver:init] name=difusco count=128 start
[solver:init] name=difusco count=128 done elapsed=32.18s
[solver:init] all done elapsed=32.19s
[train:reset] step=00031 reset_t=32.19s init_len=7.9359
[train:rollout] step=00031 iter=01/20 current=7.9290 best=7.9146 stagnation=0.55
[train:rollout] step=00031 iter=02/20 current=7.9030 best=7.8898 stagnation=1.21
[train:rollout] step=00031 iter=03/20 current=7.8864 best=7.8711 stagnation=1.70
[train:rollout] step=00031 iter=04/20 current=7.8635 best=7.8488 stagnation=2.35
[train:rollout] step=00031 iter=05/20 current=7.8562 best=7.8375 stagnation=3.09
[train:rollout] step=00031 iter=06/20 current=7.8286 best=7.8161 stagnation=3.48
[train:rollout] step=00031 iter=07/20 current=7.8262 best=7.8144 stagnation=4.21
[train:rollout] step=00031 iter=08/20 current=7.8152 best=7.8055 stagnation=4.66
[train:rollout] step=00031 iter=09/20 current=7.8122 best=7.8019 stagnation=5.41
[train:rollout] step=00031 iter=10/20 current=7.8107 best=7.7990 stagnation=5.76
[train:rollout] step=00031 iter=11/20 current=7.8068 best=7.7961 stagnation=6.19
[train:rollout] step=00031 iter=12/20 current=7.8117 best=7.7960 stagnation=7.02
[train:rollout] step=00031 iter=13/20 current=7.8063 best=7.7951 stagnation=7.61
[train:rollout] step=00031 iter=14/20 current=7.8060 best=7.7943 stagnation=7.77
[train:rollout] step=00031 iter=15/20 current=7.8085 best=7.7919 stagnation=7.85
[train:rollout] step=00031 iter=16/20 current=7.8087 best=7.7919 stagnation=8.84
[train:rollout] step=00031 iter=17/20 current=7.8093 best=7.7919 stagnation=9.73
[train:rollout] step=00031 iter=18/20 current=7.8106 best=7.7919 stagnation=10.66
[train:rollout] step=00031 iter=19/20 current=7.8112 best=7.7919 stagnation=11.66
[train:rollout] step=00031 iter=20/20 current=7.8062 best=7.7909 stagnation=12.12
[train:done] step=00031 total_t=40.62s rollout_t=8.15s opt_t=0.28s loss=0.0205 init=7.9359 final=7.7909 improve=0.1450 baseline=0.1450 entropy=21.9202
[train] step=00031 loss=0.0205 init=7.9359 final=7.7909 improve=0.1450 entropy=21.9202 baseline=0.1450 adv_mean=0.0000 total_t=40.62s
[train] step=00031 init_dist=lehd:0.00, elg:0.00, difusco:1.00
[train] step=00031 op_dist=two_opt:0.29, lehd_rrc_step:0.35, dact_2opt_step:0.35
[train] step=00031 timing select=0.00s reset=32.19s rollout=8.15s optimize=0.28s
[train:prepare] step=00032/00100 fetching batch
[train:batch] step=00032 shape=(128, 100, 2) device=cuda:0 fetch_t=0.00s
[train:init] step=00032 batch=128 n=100 device=cuda:0 select_t=0.00s init_mean_entropy=0.0019
[solver:init] name=difusco count=128 start
[solver:init] name=difusco count=128 done elapsed=32.06s
[solver:init] all done elapsed=32.06s
[train:reset] step=00032 reset_t=32.06s init_len=7.8856
[train:rollout] step=00032 iter=01/20 current=7.8897 best=7.8790 stagnation=0.66
[train:rollout] step=00032 iter=02/20 current=7.8479 best=7.8386 stagnation=1.02
[train:rollout] step=00032 iter=03/20 current=7.8380 best=7.8269 stagnation=1.59
[train:rollout] step=00032 iter=04/20 current=7.8371 best=7.8236 stagnation=2.37
[train:rollout] step=00032 iter=05/20 current=7.8364 best=7.8201 stagnation=3.09
[train:rollout] step=00032 iter=06/20 current=7.8285 best=7.8126 stagnation=3.51
[train:rollout] step=00032 iter=07/20 current=7.8162 best=7.8034 stagnation=4.04
[train:rollout] step=00032 iter=08/20 current=7.8157 best=7.8027 stagnation=4.79
[train:rollout] step=00032 iter=09/20 current=7.8172 best=7.8025 stagnation=5.62
[train:rollout] step=00032 iter=10/20 current=7.8156 best=7.8019 stagnation=6.12
[train:rollout] step=00032 iter=11/20 current=7.8147 best=7.8002 stagnation=6.48
[train:rollout] step=00032 iter=12/20 current=7.8115 best=7.7991 stagnation=6.89
[train:rollout] step=00032 iter=13/20 current=7.8124 best=7.7985 stagnation=7.48
[train:rollout] step=00032 iter=14/20 current=7.8108 best=7.7982 stagnation=8.34
[train:rollout] step=00032 iter=15/20 current=7.8118 best=7.7981 stagnation=9.16
[train:rollout] step=00032 iter=16/20 current=7.8082 best=7.7981 stagnation=9.94
[train:rollout] step=00032 iter=17/20 current=7.8094 best=7.7974 stagnation=9.95
[train:rollout] step=00032 iter=18/20 current=7.8124 best=7.7972 stagnation=10.48
[train:rollout] step=00032 iter=19/20 current=7.8096 best=7.7970 stagnation=11.27
[train:rollout] step=00032 iter=20/20 current=7.8109 best=7.7970 stagnation=12.27
[train:done] step=00032 total_t=39.28s rollout_t=6.94s opt_t=0.27s loss=0.0173 init=7.8856 final=7.7970 improve=0.0886 baseline=0.0886 entropy=21.9210
[train] step=00032 loss=0.0173 init=7.8856 final=7.7970 improve=0.0886 entropy=21.9210 baseline=0.0886 adv_mean=-0.0000 total_t=39.28s
[train] step=00032 init_dist=lehd:0.00, elg:0.00, difusco:1.00
[train] step=00032 op_dist=two_opt:0.30, lehd_rrc_step:0.33, dact_2opt_step:0.37
[train] step=00032 timing select=0.00s reset=32.06s rollout=6.94s optimize=0.27s
[train:prepare] step=00033/00100 fetching batch
[train:batch] step=00033 shape=(128, 100, 2) device=cuda:0 fetch_t=0.00s
[train:init] step=00033 batch=128 n=100 device=cuda:0 select_t=0.00s init_mean_entropy=0.0017
[solver:init] name=difusco count=128 start
[solver:init] name=difusco count=128 done elapsed=33.13s
[solver:init] all done elapsed=33.13s
[train:reset] step=00033 reset_t=33.13s init_len=7.8437
[train:rollout] step=00033 iter=01/20 current=7.8283 best=7.8218 stagnation=0.56
[train:rollout] step=00033 iter=02/20 current=7.8182 best=7.8077 stagnation=1.27
[train:rollout] step=00033 iter=03/20 current=7.8037 best=7.7912 stagnation=1.65
[train:rollout] step=00033 iter=04/20 current=7.7970 best=7.7814 stagnation=2.48
[train:rollout] step=00033 iter=05/20 current=7.7900 best=7.7769 stagnation=2.91
[train:rollout] step=00033 iter=06/20 current=7.7879 best=7.7752 stagnation=3.57
[train:rollout] step=00033 iter=07/20 current=7.7814 best=7.7699 stagnation=4.03
[train:rollout] step=00033 iter=08/20 current=7.7792 best=7.7669 stagnation=4.60
[train:rollout] step=00033 iter=09/20 current=7.7763 best=7.7655 stagnation=5.30
[train:rollout] step=00033 iter=10/20 current=7.7781 best=7.7655 stagnation=6.12
[train:rollout] step=00033 iter=11/20 current=7.7718 best=7.7606 stagnation=6.80
[train:rollout] step=00033 iter=12/20 current=7.7738 best=7.7603 stagnation=7.54
[train:rollout] step=00033 iter=13/20 current=7.7724 best=7.7589 stagnation=8.13
[train:rollout] step=00033 iter=14/20 current=7.7646 best=7.7535 stagnation=8.81
[train:rollout] step=00033 iter=15/20 current=7.7654 best=7.7510 stagnation=8.97
[train:rollout] step=00033 iter=16/20 current=7.7622 best=7.7510 stagnation=9.88
[train:rollout] step=00033 iter=17/20 current=7.7603 best=7.7495 stagnation=10.39
[train:rollout] step=00033 iter=18/20 current=7.7613 best=7.7493 stagnation=11.27
[train:rollout] step=00033 iter=19/20 current=7.7677 best=7.7493 stagnation=12.23
[train:rollout] step=00033 iter=20/20 current=7.7597 best=7.7488 stagnation=12.70
[train:done] step=00033 total_t=42.00s rollout_t=8.59s opt_t=0.27s loss=0.0048 init=7.8437 final=7.7488 improve=0.0949 baseline=0.0949 entropy=21.9221
[train] step=00033 loss=0.0048 init=7.8437 final=7.7488 improve=0.0949 entropy=21.9221 baseline=0.0949 adv_mean=-0.0000 total_t=42.00s
[train] step=00033 init_dist=lehd:0.00, elg:0.00, difusco:1.00
[train] step=00033 op_dist=two_opt:0.28, lehd_rrc_step:0.37, dact_2opt_step:0.35
[train] step=00033 timing select=0.00s reset=33.13s rollout=8.59s optimize=0.27s
[train:prepare] step=00034/00100 fetching batch
[train:batch] step=00034 shape=(128, 100, 2) device=cuda:0 fetch_t=0.00s
[train:init] step=00034 batch=128 n=100 device=cuda:0 select_t=0.00s init_mean_entropy=0.0016
[solver:init] name=difusco count=128 start
[solver:init] name=difusco count=128 done elapsed=32.90s
[solver:init] all done elapsed=32.90s
[train:reset] step=00034 reset_t=32.90s init_len=7.8766
[train:rollout] step=00034 iter=01/20 current=7.8479 best=7.8360 stagnation=0.45
[train:rollout] step=00034 iter=02/20 current=7.8268 best=7.8180 stagnation=1.03
[train:rollout] step=00034 iter=03/20 current=7.8233 best=7.8090 stagnation=1.68
[train:rollout] step=00034 iter=04/20 current=7.8132 best=7.7986 stagnation=2.32
[train:rollout] step=00034 iter=05/20 current=7.8009 best=7.7853 stagnation=2.97
[train:rollout] step=00034 iter=06/20 current=7.8012 best=7.7815 stagnation=3.75
[train:rollout] step=00034 iter=07/20 current=7.7911 best=7.7776 stagnation=4.26
[train:rollout] step=00034 iter=08/20 current=7.7915 best=7.7737 stagnation=4.77
[train:rollout] step=00034 iter=09/20 current=7.7651 best=7.7525 stagnation=5.12
[train:rollout] step=00034 iter=10/20 current=7.7670 best=7.7506 stagnation=5.73
[train:rollout] step=00034 iter=11/20 current=7.7563 best=7.7422 stagnation=6.34
[train:rollout] step=00034 iter=12/20 current=7.7611 best=7.7418 stagnation=7.12
[train:rollout] step=00034 iter=13/20 current=7.7575 best=7.7416 stagnation=7.62
[train:rollout] step=00034 iter=14/20 current=7.7527 best=7.7408 stagnation=8.36
[train:rollout] step=00034 iter=15/20 current=7.7548 best=7.7408 stagnation=9.26
[train:rollout] step=00034 iter=16/20 current=7.7536 best=7.7401 stagnation=9.73
[train:rollout] step=00034 iter=17/20 current=7.7574 best=7.7391 stagnation=10.22
[train:rollout] step=00034 iter=18/20 current=7.7562 best=7.7388 stagnation=10.62
[train:rollout] step=00034 iter=19/20 current=7.7579 best=7.7388 stagnation=11.48
[train:rollout] step=00034 iter=20/20 current=7.7582 best=7.7388 stagnation=12.44
[train:done] step=00034 total_t=42.11s rollout_t=8.93s opt_t=0.28s loss=-0.0749 init=7.8766 final=7.7388 improve=0.1379 baseline=0.1379 entropy=21.9235
[train] step=00034 loss=-0.0749 init=7.8766 final=7.7388 improve=0.1379 entropy=21.9235 baseline=0.1379 adv_mean=0.0000 total_t=42.11s
[train] step=00034 init_dist=lehd:0.00, elg:0.00, difusco:1.00
[train] step=00034 op_dist=two_opt:0.30, lehd_rrc_step:0.33, dact_2opt_step:0.36
[train] step=00034 timing select=0.00s reset=32.90s rollout=8.93s optimize=0.28s
[train:prepare] step=00035/00100 fetching batch
[train:batch] step=00035 shape=(128, 100, 2) device=cuda:0 fetch_t=0.00s
[train:init] step=00035 batch=128 n=100 device=cuda:0 select_t=0.00s init_mean_entropy=0.0015
[solver:init] name=difusco count=128 start
[solver:init] name=difusco count=128 done elapsed=26.65s
[solver:init] all done elapsed=26.65s
[train:reset] step=00035 reset_t=26.65s init_len=7.9293
[train:rollout] step=00035 iter=01/20 current=7.8784 best=7.8725 stagnation=0.52
[train:rollout] step=00035 iter=02/20 current=7.8590 best=7.8525 stagnation=1.24
[train:rollout] step=00035 iter=03/20 current=7.8301 best=7.8223 stagnation=1.59
[train:rollout] step=00035 iter=04/20 current=7.8208 best=7.8088 stagnation=2.14
[train:rollout] step=00035 iter=05/20 current=7.8064 best=7.7956 stagnation=2.75
[train:rollout] step=00035 iter=06/20 current=7.8045 best=7.7912 stagnation=3.16
[train:rollout] step=00035 iter=07/20 current=7.8039 best=7.7897 stagnation=3.93
[train:rollout] step=00035 iter=08/20 current=7.7992 best=7.7872 stagnation=4.48
[train:rollout] step=00035 iter=09/20 current=7.7892 best=7.7802 stagnation=4.96
[train:rollout] step=00035 iter=10/20 current=7.7877 best=7.7790 stagnation=5.51
[train:rollout] step=00035 iter=11/20 current=7.7863 best=7.7746 stagnation=5.56
[train:rollout] step=00035 iter=12/20 current=7.7863 best=7.7738 stagnation=6.05
[train:rollout] step=00035 iter=13/20 current=7.7853 best=7.7737 stagnation=6.76
[train:rollout] step=00035 iter=14/20 current=7.7850 best=7.7727 stagnation=7.37
[train:rollout] step=00035 iter=15/20 current=7.7847 best=7.7724 stagnation=8.05
[train:rollout] step=00035 iter=16/20 current=7.7844 best=7.7724 stagnation=8.64
[train:rollout] step=00035 iter=17/20 current=7.7846 best=7.7723 stagnation=9.36
[train:rollout] step=00035 iter=18/20 current=7.7862 best=7.7720 stagnation=9.88
[train:rollout] step=00035 iter=19/20 current=7.7809 best=7.7708 stagnation=9.90
[train:rollout] step=00035 iter=20/20 current=7.7827 best=7.7706 stagnation=10.78
[train:done] step=00035 total_t=36.80s rollout_t=9.87s opt_t=0.27s loss=-0.0657 init=7.9293 final=7.7706 improve=0.1587 baseline=0.1587 entropy=21.9240
[train] step=00035 loss=-0.0657 init=7.9293 final=7.7706 improve=0.1587 entropy=21.9240 baseline=0.1587 adv_mean=-0.0000 total_t=36.80s
[train] step=00035 init_dist=lehd:0.00, elg:0.00, difusco:1.00
[train] step=00035 op_dist=two_opt:0.31, lehd_rrc_step:0.35, dact_2opt_step:0.35
[train] step=00035 timing select=0.00s reset=26.65s rollout=9.87s optimize=0.27s
[train:prepare] step=00036/00100 fetching batch
[train:batch] step=00036 shape=(128, 100, 2) device=cuda:0 fetch_t=0.00s
[train:init] step=00036 batch=128 n=100 device=cuda:0 select_t=0.00s init_mean_entropy=0.0015
[solver:init] name=difusco count=128 start
[solver:init] name=difusco count=128 done elapsed=34.38s
[solver:init] all done elapsed=34.38s
[train:reset] step=00036 reset_t=34.38s init_len=7.9459
[train:rollout] step=00036 iter=01/20 current=7.9245 best=7.9170 stagnation=0.54
[train:rollout] step=00036 iter=02/20 current=7.8729 best=7.8634 stagnation=1.05
[train:rollout] step=00036 iter=03/20 current=7.8747 best=7.8563 stagnation=1.73
[train:rollout] step=00036 iter=04/20 current=7.8658 best=7.8526 stagnation=2.37
[train:rollout] step=00036 iter=05/20 current=7.8609 best=7.8487 stagnation=2.76
[train:rollout] step=00036 iter=06/20 current=7.8578 best=7.8432 stagnation=3.35
[train:rollout] step=00036 iter=07/20 current=7.8530 best=7.8374 stagnation=3.95
[train:rollout] step=00036 iter=08/20 current=7.8445 best=7.8311 stagnation=4.52
[train:rollout] step=00036 iter=09/20 current=7.8431 best=7.8304 stagnation=5.02
[train:rollout] step=00036 iter=10/20 current=7.8408 best=7.8285 stagnation=5.23
[train:rollout] step=00036 iter=11/20 current=7.8386 best=7.8283 stagnation=5.84
[train:rollout] step=00036 iter=12/20 current=7.8401 best=7.8278 stagnation=6.56
[train:rollout] step=00036 iter=13/20 current=7.8462 best=7.8275 stagnation=7.53
[train:rollout] step=00036 iter=14/20 current=7.8404 best=7.8267 stagnation=8.34
[train:rollout] step=00036 iter=15/20 current=7.8392 best=7.8265 stagnation=8.97
[train:rollout] step=00036 iter=16/20 current=7.8379 best=7.8259 stagnation=9.64
[train:rollout] step=00036 iter=17/20 current=7.8375 best=7.8248 stagnation=10.28
[train:rollout] step=00036 iter=18/20 current=7.8387 best=7.8246 stagnation=10.83
[train:rollout] step=00036 iter=19/20 current=7.8365 best=7.8246 stagnation=11.66
[train:rollout] step=00036 iter=20/20 current=7.8386 best=7.8246 stagnation=12.36
[train:done] step=00036 total_t=43.46s rollout_t=8.80s opt_t=0.28s loss=0.0008 init=7.9459 final=7.8246 improve=0.1213 baseline=0.1213 entropy=21.9240
[train] step=00036 loss=0.0008 init=7.9459 final=7.8246 improve=0.1213 entropy=21.9240 baseline=0.1213 adv_mean=0.0000 total_t=43.46s
[train] step=00036 init_dist=lehd:0.00, elg:0.00, difusco:1.00
[train] step=00036 op_dist=two_opt:0.29, lehd_rrc_step:0.35, dact_2opt_step:0.36
[train] step=00036 timing select=0.00s reset=34.38s rollout=8.80s optimize=0.28s
[train:prepare] step=00037/00100 fetching batch
[train:batch] step=00037 shape=(128, 100, 2) device=cuda:0 fetch_t=0.00s
[train:init] step=00037 batch=128 n=100 device=cuda:0 select_t=0.00s init_mean_entropy=0.0014
[solver:init] name=difusco count=128 start
[solver:init] name=difusco count=128 done elapsed=32.93s
[solver:init] all done elapsed=32.93s
[train:reset] step=00037 reset_t=32.93s init_len=7.8469
[train:rollout] step=00037 iter=01/20 current=7.8129 best=7.8010 stagnation=0.53
[train:rollout] step=00037 iter=02/20 current=7.7921 best=7.7791 stagnation=1.12
[train:rollout] step=00037 iter=03/20 current=7.7699 best=7.7608 stagnation=1.73
[train:rollout] step=00037 iter=04/20 current=7.7727 best=7.7593 stagnation=2.45
[train:rollout] step=00037 iter=05/20 current=7.7628 best=7.7530 stagnation=2.82
[train:rollout] step=00037 iter=06/20 current=7.7617 best=7.7507 stagnation=3.38
[train:rollout] step=00037 iter=07/20 current=7.7635 best=7.7494 stagnation=4.20
[train:rollout] step=00037 iter=08/20 current=7.7583 best=7.7465 stagnation=4.66
[train:rollout] step=00037 iter=09/20 current=7.7581 best=7.7450 stagnation=5.04
[train:rollout] step=00037 iter=10/20 current=7.7573 best=7.7449 stagnation=5.76
[train:rollout] step=00037 iter=11/20 current=7.7533 best=7.7443 stagnation=6.41
[train:rollout] step=00037 iter=12/20 current=7.7572 best=7.7442 stagnation=7.16
[train:rollout] step=00037 iter=13/20 current=7.7549 best=7.7441 stagnation=8.11
[train:rollout] step=00037 iter=14/20 current=7.7524 best=7.7437 stagnation=8.60
[train:rollout] step=00037 iter=15/20 current=7.7563 best=7.7437 stagnation=9.24
[train:rollout] step=00037 iter=16/20 current=7.7546 best=7.7434 stagnation=10.16
[train:rollout] step=00037 iter=17/20 current=7.7559 best=7.7432 stagnation=10.77
[train:rollout] step=00037 iter=18/20 current=7.7577 best=7.7426 stagnation=11.25
[train:rollout] step=00037 iter=19/20 current=7.7563 best=7.7426 stagnation=12.12
[train:rollout] step=00037 iter=20/20 current=7.7546 best=7.7425 stagnation=12.87
[train:done] step=00037 total_t=43.19s rollout_t=9.97s opt_t=0.28s loss=-0.0329 init=7.8469 final=7.7425 improve=0.1044 baseline=0.1044 entropy=21.9242
[train] step=00037 loss=-0.0329 init=7.8469 final=7.7425 improve=0.1044 entropy=21.9242 baseline=0.1044 adv_mean=0.0000 total_t=43.19s
[train] step=00037 init_dist=lehd:0.00, elg:0.00, difusco:1.00
[train] step=00037 op_dist=two_opt:0.32, lehd_rrc_step:0.32, dact_2opt_step:0.36
[train] step=00037 timing select=0.00s reset=32.93s rollout=9.97s optimize=0.28s
[train:prepare] step=00038/00100 fetching batch
[train:batch] step=00038 shape=(128, 100, 2) device=cuda:0 fetch_t=0.00s
[train:init] step=00038 batch=128 n=100 device=cuda:0 select_t=0.00s init_mean_entropy=0.0013
[solver:init] name=difusco count=128 start
[solver:init] name=difusco count=128 done elapsed=32.10s
[solver:init] all done elapsed=32.10s
[train:reset] step=00038 reset_t=32.10s init_len=7.8761
[train:rollout] step=00038 iter=01/20 current=7.8771 best=7.8646 stagnation=0.60
[train:rollout] step=00038 iter=02/20 current=7.8515 best=7.8428 stagnation=1.20
[train:rollout] step=00038 iter=03/20 current=7.8273 best=7.8149 stagnation=1.71
[train:rollout] step=00038 iter=04/20 current=7.8150 best=7.8020 stagnation=2.50
[train:rollout] step=00038 iter=05/20 current=7.8094 best=7.7954 stagnation=3.34
[train:rollout] step=00038 iter=06/20 current=7.7976 best=7.7850 stagnation=4.04
[train:rollout] step=00038 iter=07/20 current=7.7843 best=7.7775 stagnation=4.30
[train:rollout] step=00038 iter=08/20 current=7.7852 best=7.7739 stagnation=4.61
[train:rollout] step=00038 iter=09/20 current=7.7829 best=7.7705 stagnation=5.40
[train:rollout] step=00038 iter=10/20 current=7.7810 best=7.7701 stagnation=6.01
[train:rollout] step=00038 iter=11/20 current=7.7855 best=7.7691 stagnation=6.83
[train:rollout] step=00038 iter=12/20 current=7.7796 best=7.7677 stagnation=7.44
[train:rollout] step=00038 iter=13/20 current=7.7870 best=7.7677 stagnation=8.28
[train:rollout] step=00038 iter=14/20 current=7.7772 best=7.7646 stagnation=8.66
[train:rollout] step=00038 iter=15/20 current=7.7767 best=7.7634 stagnation=8.84
[train:rollout] step=00038 iter=16/20 current=7.7753 best=7.7628 stagnation=9.27
[train:rollout] step=00038 iter=17/20 current=7.7726 best=7.7615 stagnation=9.48
[train:rollout] step=00038 iter=18/20 current=7.7749 best=7.7612 stagnation=10.14
[train:rollout] step=00038 iter=19/20 current=7.7761 best=7.7605 stagnation=10.94
[train:rollout] step=00038 iter=20/20 current=7.7717 best=7.7602 stagnation=11.18
[train:done] step=00038 total_t=41.14s rollout_t=8.76s opt_t=0.28s loss=-0.0382 init=7.8761 final=7.7602 improve=0.1159 baseline=0.1159 entropy=21.9243
[train] step=00038 loss=-0.0382 init=7.8761 final=7.7602 improve=0.1159 entropy=21.9243 baseline=0.1159 adv_mean=0.0000 total_t=41.14s
[train] step=00038 init_dist=lehd:0.00, elg:0.00, difusco:1.00
[train] step=00038 op_dist=two_opt:0.29, lehd_rrc_step:0.34, dact_2opt_step:0.37
[train] step=00038 timing select=0.00s reset=32.10s rollout=8.76s optimize=0.28s
[train:prepare] step=00039/00100 fetching batch
[train:batch] step=00039 shape=(128, 100, 2) device=cuda:0 fetch_t=0.00s
[train:init] step=00039 batch=128 n=100 device=cuda:0 select_t=0.00s init_mean_entropy=0.0013
[solver:init] name=difusco count=128 start
[solver:init] name=difusco count=128 done elapsed=32.36s
[solver:init] all done elapsed=32.36s
[train:reset] step=00039 reset_t=32.36s init_len=7.9536
[train:rollout] step=00039 iter=01/20 current=7.8890 best=7.8818 stagnation=0.52
[train:rollout] step=00039 iter=02/20 current=7.8687 best=7.8598 stagnation=1.18
[train:rollout] step=00039 iter=03/20 current=7.8574 best=7.8427 stagnation=1.70
[train:rollout] step=00039 iter=04/20 current=7.8480 best=7.8347 stagnation=2.34
[train:rollout] step=00039 iter=05/20 current=7.8280 best=7.8182 stagnation=2.71
[train:rollout] step=00039 iter=06/20 current=7.8298 best=7.8173 stagnation=3.47
[train:rollout] step=00039 iter=07/20 current=7.8261 best=7.8154 stagnation=3.87
[train:rollout] step=00039 iter=08/20 current=7.8272 best=7.8137 stagnation=4.31
[train:rollout] step=00039 iter=09/20 current=7.8245 best=7.8111 stagnation=5.08
[train:rollout] step=00039 iter=10/20 current=7.8256 best=7.8111 stagnation=5.77
[train:rollout] step=00039 iter=11/20 current=7.8223 best=7.8089 stagnation=6.16
[train:rollout] step=00039 iter=12/20 current=7.8236 best=7.8072 stagnation=6.63
[train:rollout] step=00039 iter=13/20 current=7.8188 best=7.8066 stagnation=6.91
[train:rollout] step=00039 iter=14/20 current=7.8214 best=7.8063 stagnation=7.71
[train:rollout] step=00039 iter=15/20 current=7.8191 best=7.8048 stagnation=8.30
[train:rollout] step=00039 iter=16/20 current=7.8220 best=7.8047 stagnation=9.09
[train:rollout] step=00039 iter=17/20 current=7.8134 best=7.8015 stagnation=9.57
[train:rollout] step=00039 iter=18/20 current=7.8105 best=7.8003 stagnation=9.83
[train:rollout] step=00039 iter=19/20 current=7.8134 best=7.8003 stagnation=10.73
[train:rollout] step=00039 iter=20/20 current=7.8090 best=7.7999 stagnation=11.15
[train:done] step=00039 total_t=42.35s rollout_t=9.71s opt_t=0.27s loss=-0.0157 init=7.9536 final=7.7999 improve=0.1537 baseline=0.1537 entropy=21.9242
[train] step=00039 loss=-0.0157 init=7.9536 final=7.7999 improve=0.1537 entropy=21.9242 baseline=0.1537 adv_mean=-0.0000 total_t=42.35s
[train] step=00039 init_dist=lehd:0.00, elg:0.00, difusco:1.00
[train] step=00039 op_dist=two_opt:0.29, lehd_rrc_step:0.35, dact_2opt_step:0.35
[train] step=00039 timing select=0.00s reset=32.36s rollout=9.71s optimize=0.27s
[train:prepare] step=00040/00100 fetching batch
[train:batch] step=00040 shape=(128, 100, 2) device=cuda:0 fetch_t=0.00s
[train:init] step=00040 batch=128 n=100 device=cuda:0 select_t=0.00s init_mean_entropy=0.0012
[solver:init] name=difusco count=128 start
[solver:init] name=difusco count=128 done elapsed=31.66s
[solver:init] all done elapsed=31.66s
[train:reset] step=00040 reset_t=31.66s init_len=7.9455
[train:rollout] step=00040 iter=01/20 current=7.9344 best=7.9253 stagnation=0.61
[train:rollout] step=00040 iter=02/20 current=7.8960 best=7.8844 stagnation=1.05
[train:rollout] step=00040 iter=03/20 current=7.8759 best=7.8670 stagnation=1.55
[train:rollout] step=00040 iter=04/20 current=7.8678 best=7.8527 stagnation=2.14
[train:rollout] step=00040 iter=05/20 current=7.8549 best=7.8425 stagnation=2.79
[train:rollout] step=00040 iter=06/20 current=7.8473 best=7.8350 stagnation=3.35
[train:rollout] step=00040 iter=07/20 current=7.8429 best=7.8284 stagnation=3.70
[train:rollout] step=00040 iter=08/20 current=7.8330 best=7.8183 stagnation=3.93
[train:rollout] step=00040 iter=09/20 current=7.8334 best=7.8178 stagnation=4.72
[train:rollout] step=00040 iter=10/20 current=7.8292 best=7.8159 stagnation=5.12
[train:rollout] step=00040 iter=11/20 current=7.8292 best=7.8125 stagnation=5.57
[train:rollout] step=00040 iter=12/20 current=7.8243 best=7.8075 stagnation=5.77
[train:rollout] step=00040 iter=13/20 current=7.8249 best=7.8074 stagnation=6.38
[train:rollout] step=00040 iter=14/20 current=7.8201 best=7.8070 stagnation=6.81
[train:rollout] step=00040 iter=15/20 current=7.8185 best=7.8061 stagnation=7.37
[train:rollout] step=00040 iter=16/20 current=7.8200 best=7.8061 stagnation=8.07
[train:rollout] step=00040 iter=17/20 current=7.8199 best=7.8059 stagnation=8.59
[train:rollout] step=00040 iter=18/20 current=7.8187 best=7.8044 stagnation=9.09
[train:rollout] step=00040 iter=19/20 current=7.8174 best=7.8041 stagnation=9.88
[train:rollout] step=00040 iter=20/20 current=7.8178 best=7.8041 stagnation=10.65
[train:done] step=00040 total_t=40.37s rollout_t=8.43s opt_t=0.27s loss=-0.0215 init=7.9455 final=7.8041 improve=0.1414 baseline=0.1414 entropy=21.9241
[train] step=00040 loss=-0.0215 init=7.9455 final=7.8041 improve=0.1414 entropy=21.9241 baseline=0.1414 adv_mean=-0.0000 total_t=40.37s
[train] step=00040 init_dist=lehd:0.00, elg:0.00, difusco:1.00
[train] step=00040 op_dist=two_opt:0.33, lehd_rrc_step:0.32, dact_2opt_step:0.35
[train] step=00040 timing select=0.00s reset=31.66s rollout=8.43s optimize=0.27s
[save] wrote metrics snapshot -> 0new/operator_policy/outputs/去掉迭代特征/latest_metrics.json
[eval] step=00040 starting evaluation
[eval] batch=0001 items=32/128 avg_init=7.8710 avg_final=7.8084 improve=0.0626 elapsed=9.08s
[eval] batch=0002 items=64/128 avg_init=7.9489 avg_final=7.8649 improve=0.0840 elapsed=18.47s
[eval] batch=0003 items=96/128 avg_init=7.9379 avg_final=7.8687 improve=0.0692 elapsed=27.15s
[eval] batch=0004 items=128/128 avg_init=7.9267 avg_final=7.8488 improve=0.0779 elapsed=36.63s
[eval] step=00040 init=7.9267 final=7.8488 improve=0.0779 elapsed=36.63s
[eval] step=00040 init_dist=lehd:0.00, elg:0.00, difusco:1.00
[eval] step=00040 op_dist=two_opt:0.00, lehd_rrc_step:0.00, dact_2opt_step:1.00
[eval] step=00040 instance_trace=0new/operator_policy/outputs/去掉迭代特征/eval_traces/step_00040_instance_actions.jsonl
[eval] step=00040 step_summary=0new/operator_policy/outputs/去掉迭代特征/eval_traces/step_00040_instance_actions_step_summary.json
[ckpt] saved 0new/operator_policy/outputs/去掉迭代特征/selector_last.pt
[save] wrote eval snapshot -> 0new/operator_policy/outputs/去掉迭代特征/latest_metrics.json
[train:prepare] step=00041/00100 fetching batch
[train:batch] step=00041 shape=(128, 100, 2) device=cuda:0 fetch_t=0.00s
[train:init] step=00041 batch=128 n=100 device=cuda:0 select_t=0.00s init_mean_entropy=0.0012
[solver:init] name=difusco count=128 start
[solver:init] name=difusco count=128 done elapsed=26.76s
[solver:init] all done elapsed=26.76s
[train:reset] step=00041 reset_t=26.76s init_len=7.8568
[train:rollout] step=00041 iter=01/20 current=7.8472 best=7.8306 stagnation=0.52
[train:rollout] step=00041 iter=02/20 current=7.8252 best=7.8136 stagnation=1.16
[train:rollout] step=00041 iter=03/20 current=7.8011 best=7.7926 stagnation=1.66
[train:rollout] step=00041 iter=04/20 current=7.7796 best=7.7700 stagnation=2.20
[train:rollout] step=00041 iter=05/20 current=7.7777 best=7.7639 stagnation=2.93
[train:rollout] step=00041 iter=06/20 current=7.7761 best=7.7610 stagnation=3.72
[train:rollout] step=00041 iter=07/20 current=7.7718 best=7.7585 stagnation=4.28
[train:rollout] step=00041 iter=08/20 current=7.7696 best=7.7579 stagnation=5.02
[train:rollout] step=00041 iter=09/20 current=7.7662 best=7.7543 stagnation=5.25
[train:rollout] step=00041 iter=10/20 current=7.7650 best=7.7530 stagnation=5.66
[train:rollout] step=00041 iter=11/20 current=7.7627 best=7.7492 stagnation=5.77
[train:rollout] step=00041 iter=12/20 current=7.7588 best=7.7486 stagnation=6.21
[train:rollout] step=00041 iter=13/20 current=7.7574 best=7.7477 stagnation=6.99
[train:rollout] step=00041 iter=14/20 current=7.7577 best=7.7475 stagnation=7.62
[train:rollout] step=00041 iter=15/20 current=7.7598 best=7.7474 stagnation=8.45
[train:rollout] step=00041 iter=16/20 current=7.7584 best=7.7467 stagnation=9.05
[train:rollout] step=00041 iter=17/20 current=7.7586 best=7.7464 stagnation=9.74
[train:rollout] step=00041 iter=18/20 current=7.7573 best=7.7461 stagnation=10.32
[train:rollout] step=00041 iter=19/20 current=7.7540 best=7.7451 stagnation=10.70
[train:rollout] step=00041 iter=20/20 current=7.7579 best=7.7450 stagnation=11.07
[train:done] step=00041 total_t=35.55s rollout_t=8.50s opt_t=0.28s loss=-0.0281 init=7.8568 final=7.7450 improve=0.1118 baseline=0.1118 entropy=21.9240
[train] step=00041 loss=-0.0281 init=7.8568 final=7.7450 improve=0.1118 entropy=21.9240 baseline=0.1118 adv_mean=-0.0000 total_t=35.55s
[train] step=00041 init_dist=lehd:0.00, elg:0.00, difusco:1.00
[train] step=00041 op_dist=two_opt:0.30, lehd_rrc_step:0.34, dact_2opt_step:0.35
[train] step=00041 timing select=0.00s reset=26.76s rollout=8.50s optimize=0.28s
[train:prepare] step=00042/00100 fetching batch
[train:batch] step=00042 shape=(128, 100, 2) device=cuda:0 fetch_t=0.00s
[train:init] step=00042 batch=128 n=100 device=cuda:0 select_t=0.00s init_mean_entropy=0.0012
[solver:init] name=difusco count=128 start
[solver:init] name=difusco count=128 done elapsed=30.84s
[solver:init] all done elapsed=30.84s
[train:reset] step=00042 reset_t=30.84s init_len=7.9433
[train:rollout] step=00042 iter=01/20 current=7.9314 best=7.9254 stagnation=0.58
[train:rollout] step=00042 iter=02/20 current=7.8926 best=7.8824 stagnation=1.11
[train:rollout] step=00042 iter=03/20 current=7.8324 best=7.8234 stagnation=1.31
[train:rollout] step=00042 iter=04/20 current=7.8296 best=7.8201 stagnation=2.10
[train:rollout] step=00042 iter=05/20 current=7.8287 best=7.8154 stagnation=2.66
[train:rollout] step=00042 iter=06/20 current=7.8165 best=7.8054 stagnation=3.32
[train:rollout] step=00042 iter=07/20 current=7.8042 best=7.7952 stagnation=3.52
[train:rollout] step=00042 iter=08/20 current=7.8036 best=7.7931 stagnation=4.12
[train:rollout] step=00042 iter=09/20 current=7.8039 best=7.7926 stagnation=5.02
[train:rollout] step=00042 iter=10/20 current=7.7984 best=7.7872 stagnation=5.49
[train:rollout] step=00042 iter=11/20 current=7.8015 best=7.7871 stagnation=6.34
[train:rollout] step=00042 iter=12/20 current=7.8041 best=7.7869 stagnation=7.07
[train:rollout] step=00042 iter=13/20 current=7.7968 best=7.7854 stagnation=7.35
[train:rollout] step=00042 iter=14/20 current=7.7978 best=7.7852 stagnation=7.91
[train:rollout] step=00042 iter=15/20 current=7.7949 best=7.7843 stagnation=8.30
[train:rollout] step=00042 iter=16/20 current=7.8011 best=7.7839 stagnation=9.05
[train:rollout] step=00042 iter=17/20 current=7.7985 best=7.7839 stagnation=9.80
[train:rollout] step=00042 iter=18/20 current=7.7994 best=7.7838 stagnation=10.62
[train:rollout] step=00042 iter=19/20 current=7.8008 best=7.7838 stagnation=11.48
[train:rollout] step=00042 iter=20/20 current=7.7964 best=7.7822 stagnation=11.69
[train:done] step=00042 total_t=39.20s rollout_t=8.07s opt_t=0.28s loss=-0.0303 init=7.9433 final=7.7822 improve=0.1611 baseline=0.1611 entropy=21.9239
[train] step=00042 loss=-0.0303 init=7.9433 final=7.7822 improve=0.1611 entropy=21.9239 baseline=0.1611 adv_mean=-0.0000 total_t=39.20s
[train] step=00042 init_dist=lehd:0.00, elg:0.00, difusco:1.00
[train] step=00042 op_dist=two_opt:0.31, lehd_rrc_step:0.34, dact_2opt_step:0.35
[train] step=00042 timing select=0.00s reset=30.84s rollout=8.07s optimize=0.28s
[train:prepare] step=00043/00100 fetching batch
[train:batch] step=00043 shape=(128, 100, 2) device=cuda:0 fetch_t=0.00s
[train:init] step=00043 batch=128 n=100 device=cuda:0 select_t=0.00s init_mean_entropy=0.0011
[solver:init] name=difusco count=128 start
[solver:init] name=difusco count=128 done elapsed=33.11s
[solver:init] all done elapsed=33.11s
[train:reset] step=00043 reset_t=33.11s init_len=7.9198
[train:rollout] step=00043 iter=01/20 current=7.9000 best=7.8909 stagnation=0.52
[train:rollout] step=00043 iter=02/20 current=7.8707 best=7.8596 stagnation=1.11
[train:rollout] step=00043 iter=03/20 current=7.8404 best=7.8323 stagnation=1.55
[train:rollout] step=00043 iter=04/20 current=7.8200 best=7.8085 stagnation=1.98
[train:rollout] step=00043 iter=05/20 current=7.8133 best=7.7994 stagnation=2.48
[train:rollout] step=00043 iter=06/20 current=7.8047 best=7.7936 stagnation=3.14
[train:rollout] step=00043 iter=07/20 current=7.7989 best=7.7880 stagnation=3.72
[train:rollout] step=00043 iter=08/20 current=7.7934 best=7.7827 stagnation=4.48
[train:rollout] step=00043 iter=09/20 current=7.7857 best=7.7723 stagnation=4.86
[train:rollout] step=00043 iter=10/20 current=7.7850 best=7.7691 stagnation=5.43
[train:rollout] step=00043 iter=11/20 current=7.7812 best=7.7686 stagnation=6.20
[train:rollout] step=00043 iter=12/20 current=7.7812 best=7.7652 stagnation=6.71
[train:rollout] step=00043 iter=13/20 current=7.7749 best=7.7618 stagnation=7.14
[train:rollout] step=00043 iter=14/20 current=7.7804 best=7.7609 stagnation=7.96
[train:rollout] step=00043 iter=15/20 current=7.7718 best=7.7596 stagnation=8.39
[train:rollout] step=00043 iter=16/20 current=7.7715 best=7.7596 stagnation=9.20
[train:rollout] step=00043 iter=17/20 current=7.7711 best=7.7594 stagnation=9.95
[train:rollout] step=00043 iter=18/20 current=7.7708 best=7.7589 stagnation=10.66
[train:rollout] step=00043 iter=19/20 current=7.7744 best=7.7588 stagnation=11.54
[train:rollout] step=00043 iter=20/20 current=7.7732 best=7.7587 stagnation=11.94
[train:done] step=00043 total_t=42.20s rollout_t=8.81s opt_t=0.28s loss=-0.0355 init=7.9198 final=7.7587 improve=0.1612 baseline=0.1612 entropy=21.9237
[train] step=00043 loss=-0.0355 init=7.9198 final=7.7587 improve=0.1612 entropy=21.9237 baseline=0.1612 adv_mean=0.0000 total_t=42.20s
[train] step=00043 init_dist=lehd:0.00, elg:0.00, difusco:1.00
[train] step=00043 op_dist=two_opt:0.30, lehd_rrc_step:0.35, dact_2opt_step:0.35
[train] step=00043 timing select=0.00s reset=33.11s rollout=8.81s optimize=0.28s
[train:prepare] step=00044/00100 fetching batch
[train:batch] step=00044 shape=(128, 100, 2) device=cuda:0 fetch_t=0.00s
[train:init] step=00044 batch=128 n=100 device=cuda:0 select_t=0.00s init_mean_entropy=0.0011
[solver:init] name=difusco count=128 start
[solver:init] name=difusco count=128 done elapsed=32.88s
[solver:init] all done elapsed=32.88s
[train:reset] step=00044 reset_t=32.88s init_len=7.8702
[train:rollout] step=00044 iter=01/20 current=7.8481 best=7.8383 stagnation=0.49
[train:rollout] step=00044 iter=02/20 current=7.8094 best=7.8007 stagnation=0.94
[train:rollout] step=00044 iter=03/20 current=7.8002 best=7.7898 stagnation=1.64
[train:rollout] step=00044 iter=04/20 current=7.7991 best=7.7848 stagnation=2.27
[train:rollout] step=00044 iter=05/20 current=7.7914 best=7.7793 stagnation=2.84
[train:rollout] step=00044 iter=06/20 current=7.7906 best=7.7775 stagnation=3.55
[train:rollout] step=00044 iter=07/20 current=7.7881 best=7.7752 stagnation=4.03
[train:rollout] step=00044 iter=08/20 current=7.7878 best=7.7713 stagnation=4.52
[train:rollout] step=00044 iter=09/20 current=7.7846 best=7.7697 stagnation=5.19
[train:rollout] step=00044 iter=10/20 current=7.7889 best=7.7695 stagnation=5.94
[train:rollout] step=00044 iter=11/20 current=7.7876 best=7.7690 stagnation=6.68
[train:rollout] step=00044 iter=12/20 current=7.7777 best=7.7660 stagnation=6.57
[train:rollout] step=00044 iter=13/20 current=7.7796 best=7.7658 stagnation=7.36
[train:rollout] step=00044 iter=14/20 current=7.7765 best=7.7657 stagnation=7.77
[train:rollout] step=00044 iter=15/20 current=7.7790 best=7.7657 stagnation=8.64
[train:rollout] step=00044 iter=16/20 current=7.7805 best=7.7654 stagnation=9.40
[train:rollout] step=00044 iter=17/20 current=7.7833 best=7.7653 stagnation=10.05
[train:rollout] step=00044 iter=18/20 current=7.7838 best=7.7653 stagnation=10.77
[train:rollout] step=00044 iter=19/20 current=7.7759 best=7.7647 stagnation=11.29
[train:rollout] step=00044 iter=20/20 current=7.7763 best=7.7640 stagnation=12.23
[train:done] step=00044 total_t=41.29s rollout_t=8.12s opt_t=0.28s loss=-0.0487 init=7.8702 final=7.7640 improve=0.1062 baseline=0.1062 entropy=21.9235
[train] step=00044 loss=-0.0487 init=7.8702 final=7.7640 improve=0.1062 entropy=21.9235 baseline=0.1062 adv_mean=0.0000 total_t=41.29s
[train] step=00044 init_dist=lehd:0.00, elg:0.00, difusco:1.00
[train] step=00044 op_dist=two_opt:0.30, lehd_rrc_step:0.33, dact_2opt_step:0.36
[train] step=00044 timing select=0.00s reset=32.88s rollout=8.12s optimize=0.28s
[train:prepare] step=00045/00100 fetching batch
[train:batch] step=00045 shape=(128, 100, 2) device=cuda:0 fetch_t=0.00s
[train:init] step=00045 batch=128 n=100 device=cuda:0 select_t=0.00s init_mean_entropy=0.0011
[solver:init] name=difusco count=128 start
[solver:init] name=difusco count=128 done elapsed=32.51s
[solver:init] all done elapsed=32.51s
[train:reset] step=00045 reset_t=32.51s init_len=7.9321
[train:rollout] step=00045 iter=01/20 current=7.8958 best=7.8859 stagnation=0.55
[train:rollout] step=00045 iter=02/20 current=7.8819 best=7.8702 stagnation=1.20
[train:rollout] step=00045 iter=03/20 current=7.8493 best=7.8362 stagnation=1.64
[train:rollout] step=00045 iter=04/20 current=7.8313 best=7.8237 stagnation=2.11
[train:rollout] step=00045 iter=05/20 current=7.8079 best=7.7969 stagnation=2.62
[train:rollout] step=00045 iter=06/20 current=7.8047 best=7.7941 stagnation=3.14
[train:rollout] step=00045 iter=07/20 current=7.8060 best=7.7910 stagnation=3.79
[train:rollout] step=00045 iter=08/20 current=7.7997 best=7.7901 stagnation=4.50
[train:rollout] step=00045 iter=09/20 current=7.7989 best=7.7896 stagnation=5.12
[train:rollout] step=00045 iter=10/20 current=7.7976 best=7.7891 stagnation=5.63
[train:rollout] step=00045 iter=11/20 current=7.7982 best=7.7887 stagnation=6.42
[train:rollout] step=00045 iter=12/20 current=7.7985 best=7.7871 stagnation=7.21
[train:rollout] step=00045 iter=13/20 current=7.7967 best=7.7869 stagnation=8.07
[train:rollout] step=00045 iter=14/20 current=7.8021 best=7.7869 stagnation=8.70
[train:rollout] step=00045 iter=15/20 current=7.8007 best=7.7867 stagnation=9.59
[train:rollout] step=00045 iter=16/20 current=7.7952 best=7.7862 stagnation=10.36
[train:rollout] step=00045 iter=17/20 current=7.7941 best=7.7847 stagnation=10.22
[train:rollout] step=00045 iter=18/20 current=7.7949 best=7.7844 stagnation=11.21
[train:rollout] step=00045 iter=19/20 current=7.7960 best=7.7839 stagnation=11.47
[train:rollout] step=00045 iter=20/20 current=7.7944 best=7.7836 stagnation=12.16
[train:done] step=00045 total_t=41.30s rollout_t=8.51s opt_t=0.28s loss=-0.0766 init=7.9321 final=7.7836 improve=0.1485 baseline=0.1485 entropy=21.9230
[train] step=00045 loss=-0.0766 init=7.9321 final=7.7836 improve=0.1485 entropy=21.9230 baseline=0.1485 adv_mean=0.0000 total_t=41.30s
[train] step=00045 init_dist=lehd:0.00, elg:0.00, difusco:1.00
[train] step=00045 op_dist=two_opt:0.31, lehd_rrc_step:0.34, dact_2opt_step:0.35
[train] step=00045 timing select=0.00s reset=32.51s rollout=8.51s optimize=0.28s
[train:prepare] step=00046/00100 fetching batch
[train:batch] step=00046 shape=(128, 100, 2) device=cuda:0 fetch_t=0.00s
[train:init] step=00046 batch=128 n=100 device=cuda:0 select_t=0.00s init_mean_entropy=0.0011
[solver:init] name=difusco count=128 start
[solver:init] name=difusco count=128 done elapsed=32.64s
[solver:init] all done elapsed=32.64s
[train:reset] step=00046 reset_t=32.64s init_len=7.9239
[train:rollout] step=00046 iter=01/20 current=7.9151 best=7.9050 stagnation=0.60
[train:rollout] step=00046 iter=02/20 current=7.8545 best=7.8456 stagnation=1.05
[train:rollout] step=00046 iter=03/20 current=7.8363 best=7.8200 stagnation=1.61
[train:rollout] step=00046 iter=04/20 current=7.8299 best=7.8138 stagnation=2.34
[train:rollout] step=00046 iter=05/20 current=7.8032 best=7.7930 stagnation=2.80
[train:rollout] step=00046 iter=06/20 current=7.7991 best=7.7869 stagnation=3.49
[train:rollout] step=00046 iter=07/20 current=7.7854 best=7.7759 stagnation=3.62
[train:rollout] step=00046 iter=08/20 current=7.7864 best=7.7721 stagnation=4.28
[train:rollout] step=00046 iter=09/20 current=7.7827 best=7.7682 stagnation=4.97
[train:rollout] step=00046 iter=10/20 current=7.7863 best=7.7666 stagnation=5.47
[train:rollout] step=00046 iter=11/20 current=7.7827 best=7.7659 stagnation=6.43
[train:rollout] step=00046 iter=12/20 current=7.7781 best=7.7631 stagnation=6.93
[train:rollout] step=00046 iter=13/20 current=7.7729 best=7.7605 stagnation=7.21
[train:rollout] step=00046 iter=14/20 current=7.7732 best=7.7593 stagnation=7.87
[train:rollout] step=00046 iter=15/20 current=7.7718 best=7.7591 stagnation=8.53
[train:rollout] step=00046 iter=16/20 current=7.7700 best=7.7590 stagnation=8.73
[train:rollout] step=00046 iter=17/20 current=7.7705 best=7.7589 stagnation=9.55
[train:rollout] step=00046 iter=18/20 current=7.7725 best=7.7589 stagnation=10.55
[train:rollout] step=00046 iter=19/20 current=7.7778 best=7.7589 stagnation=11.35
[train:rollout] step=00046 iter=20/20 current=7.7709 best=7.7589 stagnation=12.35
[train:done] step=00046 total_t=42.11s rollout_t=9.18s opt_t=0.28s loss=-0.0826 init=7.9239 final=7.7589 improve=0.1650 baseline=0.1650 entropy=21.9221
[train] step=00046 loss=-0.0826 init=7.9239 final=7.7589 improve=0.1650 entropy=21.9221 baseline=0.1650 adv_mean=-0.0000 total_t=42.11s
[train] step=00046 init_dist=lehd:0.00, elg:0.00, difusco:1.00
[train] step=00046 op_dist=two_opt:0.30, lehd_rrc_step:0.34, dact_2opt_step:0.36
[train] step=00046 timing select=0.00s reset=32.64s rollout=9.18s optimize=0.28s
[train:prepare] step=00047/00100 fetching batch
[train:batch] step=00047 shape=(128, 100, 2) device=cuda:0 fetch_t=0.00s
[train:init] step=00047 batch=128 n=100 device=cuda:0 select_t=0.00s init_mean_entropy=0.0011
[solver:init] name=difusco count=128 start
[solver:init] name=difusco count=128 done elapsed=32.41s
[solver:init] all done elapsed=32.41s
[train:reset] step=00047 reset_t=32.41s init_len=7.8612
[train:rollout] step=00047 iter=01/20 current=7.8465 best=7.8416 stagnation=0.52
[train:rollout] step=00047 iter=02/20 current=7.8266 best=7.8145 stagnation=1.14
[train:rollout] step=00047 iter=03/20 current=7.8030 best=7.7972 stagnation=1.82
[train:rollout] step=00047 iter=04/20 current=7.7929 best=7.7864 stagnation=2.24
[train:rollout] step=00047 iter=05/20 current=7.7936 best=7.7827 stagnation=2.96
[train:rollout] step=00047 iter=06/20 current=7.7978 best=7.7822 stagnation=3.62
[train:rollout] step=00047 iter=07/20 current=7.7908 best=7.7803 stagnation=4.30
[train:rollout] step=00047 iter=08/20 current=7.7896 best=7.7794 stagnation=4.86
[train:rollout] step=00047 iter=09/20 current=7.7909 best=7.7784 stagnation=5.42
[train:rollout] step=00047 iter=10/20 current=7.7929 best=7.7784 stagnation=6.04
[train:rollout] step=00047 iter=11/20 current=7.7939 best=7.7778 stagnation=6.76
[train:rollout] step=00047 iter=12/20 current=7.7908 best=7.7775 stagnation=7.62
[train:rollout] step=00047 iter=13/20 current=7.7956 best=7.7774 stagnation=8.52
[train:rollout] step=00047 iter=14/20 current=7.7901 best=7.7770 stagnation=9.12
[train:rollout] step=00047 iter=15/20 current=7.7887 best=7.7758 stagnation=9.35
[train:rollout] step=00047 iter=16/20 current=7.7929 best=7.7757 stagnation=10.03
[train:rollout] step=00047 iter=17/20 current=7.7854 best=7.7751 stagnation=10.53
[train:rollout] step=00047 iter=18/20 current=7.7885 best=7.7749 stagnation=11.42
[train:rollout] step=00047 iter=19/20 current=7.7836 best=7.7746 stagnation=12.10
[train:rollout] step=00047 iter=20/20 current=7.7922 best=7.7746 stagnation=12.19
[train:done] step=00047 total_t=41.22s rollout_t=8.53s opt_t=0.28s loss=-0.0223 init=7.8612 final=7.7746 improve=0.0866 baseline=0.0866 entropy=21.9207
[train] step=00047 loss=-0.0223 init=7.8612 final=7.7746 improve=0.0866 entropy=21.9207 baseline=0.0866 adv_mean=-0.0000 total_t=41.22s
[train] step=00047 init_dist=lehd:0.00, elg:0.00, difusco:1.00
[train] step=00047 op_dist=two_opt:0.30, lehd_rrc_step:0.34, dact_2opt_step:0.36
[train] step=00047 timing select=0.00s reset=32.41s rollout=8.53s optimize=0.28s
[train:prepare] step=00048/00100 fetching batch
[train:batch] step=00048 shape=(128, 100, 2) device=cuda:0 fetch_t=0.00s
[train:init] step=00048 batch=128 n=100 device=cuda:0 select_t=0.01s init_mean_entropy=0.0010
[solver:init] name=difusco count=128 start
[solver:init] name=difusco count=128 done elapsed=32.14s
[solver:init] all done elapsed=32.14s
[train:reset] step=00048 reset_t=32.14s init_len=7.9204
[train:rollout] step=00048 iter=01/20 current=7.9030 best=7.8950 stagnation=0.52
[train:rollout] step=00048 iter=02/20 current=7.8837 best=7.8724 stagnation=1.09
[train:rollout] step=00048 iter=03/20 current=7.8251 best=7.8177 stagnation=1.41
[train:rollout] step=00048 iter=04/20 current=7.8083 best=7.7968 stagnation=1.98
[train:rollout] step=00048 iter=05/20 current=7.7777 best=7.7696 stagnation=2.26
[train:rollout] step=00048 iter=06/20 current=7.7739 best=7.7630 stagnation=2.96
[train:rollout] step=00048 iter=07/20 current=7.7636 best=7.7552 stagnation=3.23
[train:rollout] step=00048 iter=08/20 current=7.7691 best=7.7550 stagnation=3.88
[train:rollout] step=00048 iter=09/20 current=7.7651 best=7.7525 stagnation=4.37
[train:rollout] step=00048 iter=10/20 current=7.7683 best=7.7524 stagnation=5.20
[train:rollout] step=00048 iter=11/20 current=7.7692 best=7.7519 stagnation=5.98
[train:rollout] step=00048 iter=12/20 current=7.7620 best=7.7509 stagnation=6.59
[train:rollout] step=00048 iter=13/20 current=7.7609 best=7.7499 stagnation=7.11
[train:rollout] step=00048 iter=14/20 current=7.7622 best=7.7495 stagnation=7.77
[train:rollout] step=00048 iter=15/20 current=7.7616 best=7.7494 stagnation=8.48
[train:rollout] step=00048 iter=16/20 current=7.7611 best=7.7493 stagnation=9.42
[train:rollout] step=00048 iter=17/20 current=7.7644 best=7.7493 stagnation=10.16
[train:rollout] step=00048 iter=18/20 current=7.7640 best=7.7483 stagnation=10.40
[train:rollout] step=00048 iter=19/20 current=7.7651 best=7.7480 stagnation=11.36
[train:rollout] step=00048 iter=20/20 current=7.7628 best=7.7480 stagnation=11.80
[train:done] step=00048 total_t=40.66s rollout_t=8.24s opt_t=0.27s loss=-0.0200 init=7.9204 final=7.7480 improve=0.1725 baseline=0.1725 entropy=21.9195
[train] step=00048 loss=-0.0200 init=7.9204 final=7.7480 improve=0.1725 entropy=21.9195 baseline=0.1725 adv_mean=0.0000 total_t=40.66s
[train] step=00048 init_dist=lehd:0.00, elg:0.00, difusco:1.00
[train] step=00048 op_dist=two_opt:0.31, lehd_rrc_step:0.35, dact_2opt_step:0.35
[train] step=00048 timing select=0.01s reset=32.14s rollout=8.24s optimize=0.27s
[train:prepare] step=00049/00100 fetching batch
[train:batch] step=00049 shape=(128, 100, 2) device=cuda:0 fetch_t=0.00s
[train:init] step=00049 batch=128 n=100 device=cuda:0 select_t=0.00s init_mean_entropy=0.0010
[solver:init] name=elg count=1 start
[solver:init] name=elg count=1 done elapsed=0.45s
[solver:init] name=difusco count=127 start
[solver:init] name=difusco count=127 done elapsed=32.84s
[solver:init] all done elapsed=33.29s
[train:reset] step=00049 reset_t=33.29s init_len=7.8636
[train:rollout] step=00049 iter=01/20 current=7.8384 best=7.8319 stagnation=0.49
[train:rollout] step=00049 iter=02/20 current=7.7983 best=7.7883 stagnation=1.05
[train:rollout] step=00049 iter=03/20 current=7.7829 best=7.7734 stagnation=1.52
[train:rollout] step=00049 iter=04/20 current=7.7843 best=7.7701 stagnation=2.13
[train:rollout] step=00049 iter=05/20 current=7.7847 best=7.7700 stagnation=2.82
[train:rollout] step=00049 iter=06/20 current=7.7815 best=7.7697 stagnation=3.58
[train:rollout] step=00049 iter=07/20 current=7.7823 best=7.7659 stagnation=4.12
[train:rollout] step=00049 iter=08/20 current=7.7835 best=7.7658 stagnation=4.80
[train:rollout] step=00049 iter=09/20 current=7.7769 best=7.7638 stagnation=5.04
[train:rollout] step=00049 iter=10/20 current=7.7798 best=7.7634 stagnation=5.77
[train:rollout] step=00049 iter=11/20 current=7.7789 best=7.7634 stagnation=6.57
[train:rollout] step=00049 iter=12/20 current=7.7802 best=7.7634 stagnation=7.16
[train:rollout] step=00049 iter=13/20 current=7.7802 best=7.7634 stagnation=7.96
[train:rollout] step=00049 iter=14/20 current=7.7821 best=7.7634 stagnation=8.92
[train:rollout] step=00049 iter=15/20 current=7.7797 best=7.7633 stagnation=9.70
[train:rollout] step=00049 iter=16/20 current=7.7797 best=7.7633 stagnation=10.38
[train:rollout] step=00049 iter=17/20 current=7.7798 best=7.7633 stagnation=11.01
[train:rollout] step=00049 iter=18/20 current=7.7740 best=7.7617 stagnation=11.14
[train:rollout] step=00049 iter=19/20 current=7.7772 best=7.7613 stagnation=11.50
[train:rollout] step=00049 iter=20/20 current=7.7757 best=7.7612 stagnation=12.06
[train:done] step=00049 total_t=41.60s rollout_t=8.03s opt_t=0.27s loss=-0.0131 init=7.8636 final=7.7612 improve=0.1023 baseline=0.1023 entropy=21.9183
[train] step=00049 loss=-0.0131 init=7.8636 final=7.7612 improve=0.1023 entropy=21.9183 baseline=0.1023 adv_mean=-0.0000 total_t=41.60s
[train] step=00049 init_dist=lehd:0.00, elg:0.01, difusco:0.99
[train] step=00049 op_dist=two_opt:0.29, lehd_rrc_step:0.35, dact_2opt_step:0.36
[train] step=00049 timing select=0.00s reset=33.29s rollout=8.03s optimize=0.27s
[train:prepare] step=00050/00100 fetching batch
[train:batch] step=00050 shape=(128, 100, 2) device=cuda:0 fetch_t=0.00s
[train:init] step=00050 batch=128 n=100 device=cuda:0 select_t=0.00s init_mean_entropy=0.0009
[solver:init] name=difusco count=128 start
[solver:init] name=difusco count=128 done elapsed=28.59s
[solver:init] all done elapsed=28.59s
[train:reset] step=00050 reset_t=28.60s init_len=7.8579
[train:rollout] step=00050 iter=01/20 current=7.8241 best=7.8137 stagnation=0.48
[train:rollout] step=00050 iter=02/20 current=7.8063 best=7.7984 stagnation=1.09
[train:rollout] step=00050 iter=03/20 current=7.8001 best=7.7868 stagnation=1.72
[train:rollout] step=00050 iter=04/20 current=7.7930 best=7.7811 stagnation=2.26
[train:rollout] step=00050 iter=05/20 current=7.7907 best=7.7775 stagnation=2.95
[train:rollout] step=00050 iter=06/20 current=7.7866 best=7.7737 stagnation=3.58
[train:rollout] step=00050 iter=07/20 current=7.7854 best=7.7724 stagnation=4.23
[train:rollout] step=00050 iter=08/20 current=7.7850 best=7.7695 stagnation=4.97
[train:rollout] step=00050 iter=09/20 current=7.7801 best=7.7690 stagnation=5.65
[train:rollout] step=00050 iter=10/20 current=7.7793 best=7.7666 stagnation=6.51
[train:rollout] step=00050 iter=11/20 current=7.7789 best=7.7652 stagnation=7.16
[train:rollout] step=00050 iter=12/20 current=7.7747 best=7.7609 stagnation=7.34
[train:rollout] step=00050 iter=13/20 current=7.7730 best=7.7608 stagnation=7.90
[train:rollout] step=00050 iter=14/20 current=7.7687 best=7.7601 stagnation=8.51
[train:rollout] step=00050 iter=15/20 current=7.7693 best=7.7593 stagnation=8.70
[train:rollout] step=00050 iter=16/20 current=7.7664 best=7.7557 stagnation=8.92
[train:rollout] step=00050 iter=17/20 current=7.7706 best=7.7556 stagnation=9.80
[train:rollout] step=00050 iter=18/20 current=7.7653 best=7.7554 stagnation=10.12
[train:rollout] step=00050 iter=19/20 current=7.7671 best=7.7552 stagnation=10.82
[train:rollout] step=00050 iter=20/20 current=7.7690 best=7.7552 stagnation=11.71
[train:done] step=00050 total_t=36.09s rollout_t=7.21s opt_t=0.28s loss=-0.0347 init=7.8579 final=7.7552 improve=0.1028 baseline=0.1028 entropy=21.9176
[train] step=00050 loss=-0.0347 init=7.8579 final=7.7552 improve=0.1028 entropy=21.9176 baseline=0.1028 adv_mean=-0.0000 total_t=36.09s
[train] step=00050 init_dist=lehd:0.00, elg:0.00, difusco:1.00
[train] step=00050 op_dist=two_opt:0.30, lehd_rrc_step:0.35, dact_2opt_step:0.35
[train] step=00050 timing select=0.00s reset=28.60s rollout=7.21s optimize=0.28s
[eval] step=00050 starting evaluation
[eval] batch=0001 items=32/128 avg_init=7.8050 avg_final=7.7494 improve=0.0557 elapsed=9.21s
[eval] batch=0002 items=64/128 avg_init=7.7889 avg_final=7.7488 improve=0.0401 elapsed=16.74s
[eval] batch=0003 items=96/128 avg_init=7.8022 avg_final=7.7707 improve=0.0315 elapsed=25.64s
[eval] batch=0004 items=128/128 avg_init=7.8228 avg_final=7.7943 improve=0.0285 elapsed=34.99s
[eval] step=00050 init=7.8228 final=7.7943 improve=0.0285 elapsed=35.00s
[eval] step=00050 init_dist=lehd:0.00, elg:0.00, difusco:1.00
[eval] step=00050 op_dist=two_opt:0.00, lehd_rrc_step:0.00, dact_2opt_step:1.00
[eval] step=00050 instance_trace=0new/operator_policy/outputs/去掉迭代特征/eval_traces/step_00050_instance_actions.jsonl
[eval] step=00050 step_summary=0new/operator_policy/outputs/去掉迭代特征/eval_traces/step_00050_instance_actions_step_summary.json
[ckpt] saved 0new/operator_policy/outputs/去掉迭代特征/selector_last.pt
[save] wrote eval snapshot -> 0new/operator_policy/outputs/去掉迭代特征/latest_metrics.json
[train:prepare] step=00051/00100 fetching batch
[train:batch] step=00051 shape=(128, 100, 2) device=cuda:0 fetch_t=0.01s
[train:init] step=00051 batch=128 n=100 device=cuda:0 select_t=0.00s init_mean_entropy=0.0009
[solver:init] name=difusco count=128 start
[solver:init] name=difusco count=128 done elapsed=32.86s
[solver:init] all done elapsed=32.86s
[train:reset] step=00051 reset_t=32.86s init_len=7.8964
[train:rollout] step=00051 iter=01/20 current=7.8824 best=7.8756 stagnation=0.58
[train:rollout] step=00051 iter=02/20 current=7.8654 best=7.8583 stagnation=1.19
[train:rollout] step=00051 iter=03/20 current=7.8585 best=7.8485 stagnation=1.71
[train:rollout] step=00051 iter=04/20 current=7.8462 best=7.8349 stagnation=2.09
[train:rollout] step=00051 iter=05/20 current=7.8242 best=7.8182 stagnation=2.44
[train:rollout] step=00051 iter=06/20 current=7.8235 best=7.8151 stagnation=3.16
[train:rollout] step=00051 iter=07/20 current=7.8187 best=7.8070 stagnation=3.67
[train:rollout] step=00051 iter=08/20 current=7.8151 best=7.8027 stagnation=4.41
[train:rollout] step=00051 iter=09/20 current=7.8083 best=7.7988 stagnation=4.80
[train:rollout] step=00051 iter=10/20 current=7.8096 best=7.7966 stagnation=5.54
[train:rollout] step=00051 iter=11/20 current=7.8068 best=7.7942 stagnation=6.09
[train:rollout] step=00051 iter=12/20 current=7.8048 best=7.7939 stagnation=6.81
[train:rollout] step=00051 iter=13/20 current=7.8035 best=7.7914 stagnation=6.82
[train:rollout] step=00051 iter=14/20 current=7.8020 best=7.7902 stagnation=7.35
[train:rollout] step=00051 iter=15/20 current=7.8056 best=7.7898 stagnation=8.14
[train:rollout] step=00051 iter=16/20 current=7.7989 best=7.7891 stagnation=8.56
[train:rollout] step=00051 iter=17/20 current=7.7984 best=7.7890 stagnation=9.30
[train:rollout] step=00051 iter=18/20 current=7.8004 best=7.7890 stagnation=10.30
[train:rollout] step=00051 iter=19/20 current=7.7982 best=7.7890 stagnation=10.77
[train:rollout] step=00051 iter=20/20 current=7.8017 best=7.7890 stagnation=11.31
[train:done] step=00051 total_t=41.24s rollout_t=8.09s opt_t=0.28s loss=0.0316 init=7.8964 final=7.7890 improve=0.1074 baseline=0.1074 entropy=21.9168
[train] step=00051 loss=0.0316 init=7.8964 final=7.7890 improve=0.1074 entropy=21.9168 baseline=0.1074 adv_mean=0.0000 total_t=41.24s
[train] step=00051 init_dist=lehd:0.00, elg:0.00, difusco:1.00
[train] step=00051 op_dist=two_opt:0.30, lehd_rrc_step:0.35, dact_2opt_step:0.35
[train] step=00051 timing select=0.00s reset=32.86s rollout=8.09s optimize=0.28s
[train:prepare] step=00052/00100 fetching batch
[train:batch] step=00052 shape=(128, 100, 2) device=cuda:0 fetch_t=0.00s
[train:init] step=00052 batch=128 n=100 device=cuda:0 select_t=0.00s init_mean_entropy=0.0008
[solver:init] name=difusco count=128 start
[solver:init] name=difusco count=128 done elapsed=32.54s
[solver:init] all done elapsed=32.54s
[train:reset] step=00052 reset_t=32.54s init_len=7.8897
[train:rollout] step=00052 iter=01/20 current=7.8798 best=7.8689 stagnation=0.62
[train:rollout] step=00052 iter=02/20 current=7.8490 best=7.8365 stagnation=1.09
[train:rollout] step=00052 iter=03/20 current=7.8190 best=7.8054 stagnation=1.52
[train:rollout] step=00052 iter=04/20 current=7.8167 best=7.7991 stagnation=2.12
[train:rollout] step=00052 iter=05/20 current=7.8003 best=7.7905 stagnation=2.56
[train:rollout] step=00052 iter=06/20 current=7.8032 best=7.7899 stagnation=3.23
[train:rollout] step=00052 iter=07/20 current=7.8023 best=7.7864 stagnation=3.76
[train:rollout] step=00052 iter=08/20 current=7.7878 best=7.7762 stagnation=3.85
[train:rollout] step=00052 iter=09/20 current=7.7854 best=7.7736 stagnation=4.59
[train:rollout] step=00052 iter=10/20 current=7.7811 best=7.7722 stagnation=4.83
[train:rollout] step=00052 iter=11/20 current=7.7833 best=7.7703 stagnation=5.54
[train:rollout] step=00052 iter=12/20 current=7.7841 best=7.7697 stagnation=6.26
[train:rollout] step=00052 iter=13/20 current=7.7855 best=7.7696 stagnation=7.09
[train:rollout] step=00052 iter=14/20 current=7.7807 best=7.7680 stagnation=7.47
[train:rollout] step=00052 iter=15/20 current=7.7766 best=7.7642 stagnation=8.07
[train:rollout] step=00052 iter=16/20 current=7.7763 best=7.7639 stagnation=8.91
[train:rollout] step=00052 iter=17/20 current=7.7733 best=7.7619 stagnation=8.41
[train:rollout] step=00052 iter=18/20 current=7.7723 best=7.7611 stagnation=9.36
[train:rollout] step=00052 iter=19/20 current=7.7680 best=7.7595 stagnation=9.82
[train:rollout] step=00052 iter=20/20 current=7.7715 best=7.7591 stagnation=10.22
[train:done] step=00052 total_t=40.19s rollout_t=7.36s opt_t=0.28s loss=0.0171 init=7.8897 final=7.7591 improve=0.1307 baseline=0.1307 entropy=21.9166
[train] step=00052 loss=0.0171 init=7.8897 final=7.7591 improve=0.1307 entropy=21.9166 baseline=0.1307 adv_mean=-0.0000 total_t=40.19s
[train] step=00052 init_dist=lehd:0.00, elg:0.00, difusco:1.00
[train] step=00052 op_dist=two_opt:0.30, lehd_rrc_step:0.34, dact_2opt_step:0.35
[train] step=00052 timing select=0.00s reset=32.54s rollout=7.36s optimize=0.28s
[train:prepare] step=00053/00100 fetching batch
[train:batch] step=00053 shape=(128, 100, 2) device=cuda:0 fetch_t=0.00s
[train:init] step=00053 batch=128 n=100 device=cuda:0 select_t=0.00s init_mean_entropy=0.0008
[solver:init] name=difusco count=128 start
[solver:init] name=difusco count=128 done elapsed=33.47s
[solver:init] all done elapsed=33.47s
[train:reset] step=00053 reset_t=33.47s init_len=7.9366
[train:rollout] step=00053 iter=01/20 current=7.9022 best=7.8925 stagnation=0.51
[train:rollout] step=00053 iter=02/20 current=7.8680 best=7.8587 stagnation=0.99
[train:rollout] step=00053 iter=03/20 current=7.8458 best=7.8314 stagnation=1.76
[train:rollout] step=00053 iter=04/20 current=7.8099 best=7.8010 stagnation=2.08
[train:rollout] step=00053 iter=05/20 current=7.8088 best=7.7963 stagnation=2.93
[train:rollout] step=00053 iter=06/20 current=7.8015 best=7.7902 stagnation=3.46
[train:rollout] step=00053 iter=07/20 current=7.7852 best=7.7743 stagnation=3.69
[train:rollout] step=00053 iter=08/20 current=7.7766 best=7.7673 stagnation=4.34
[train:rollout] step=00053 iter=09/20 current=7.7777 best=7.7666 stagnation=5.04
[train:rollout] step=00053 iter=10/20 current=7.7708 best=7.7614 stagnation=5.19
[train:rollout] step=00053 iter=11/20 current=7.7754 best=7.7614 stagnation=6.13
[train:rollout] step=00053 iter=12/20 current=7.7700 best=7.7606 stagnation=6.79
[train:rollout] step=00053 iter=13/20 current=7.7734 best=7.7596 stagnation=7.55
[train:rollout] step=00053 iter=14/20 current=7.7703 best=7.7596 stagnation=8.34
[train:rollout] step=00053 iter=15/20 current=7.7716 best=7.7594 stagnation=9.27
[train:rollout] step=00053 iter=16/20 current=7.7734 best=7.7593 stagnation=9.98
[train:rollout] step=00053 iter=17/20 current=7.7719 best=7.7591 stagnation=10.77
[train:rollout] step=00053 iter=18/20 current=7.7715 best=7.7590 stagnation=11.25
[train:rollout] step=00053 iter=19/20 current=7.7683 best=7.7586 stagnation=11.43
[train:rollout] step=00053 iter=20/20 current=7.7653 best=7.7582 stagnation=11.98
[train:done] step=00053 total_t=42.61s rollout_t=8.85s opt_t=0.28s loss=-0.0666 init=7.9366 final=7.7582 improve=0.1784 baseline=0.1784 entropy=21.9168
[train] step=00053 loss=-0.0666 init=7.9366 final=7.7582 improve=0.1784 entropy=21.9168 baseline=0.1784 adv_mean=-0.0000 total_t=42.61s
[train] step=00053 init_dist=lehd:0.00, elg:0.00, difusco:1.00
[train] step=00053 op_dist=two_opt:0.31, lehd_rrc_step:0.34, dact_2opt_step:0.34
[train] step=00053 timing select=0.00s reset=33.47s rollout=8.85s optimize=0.28s
[train:prepare] step=00054/00100 fetching batch
[train:batch] step=00054 shape=(128, 100, 2) device=cuda:0 fetch_t=0.00s
[train:init] step=00054 batch=128 n=100 device=cuda:0 select_t=0.00s init_mean_entropy=0.0007
[solver:init] name=difusco count=128 start
[solver:init] name=difusco count=128 done elapsed=33.18s
[solver:init] all done elapsed=33.18s
[train:reset] step=00054 reset_t=33.18s init_len=7.8858
[train:rollout] step=00054 iter=01/20 current=7.8763 best=7.8673 stagnation=0.55
[train:rollout] step=00054 iter=02/20 current=7.8607 best=7.8505 stagnation=1.18
[train:rollout] step=00054 iter=03/20 current=7.8529 best=7.8377 stagnation=1.80
[train:rollout] step=00054 iter=04/20 current=7.8475 best=7.8305 stagnation=2.44
[train:rollout] step=00054 iter=05/20 current=7.8332 best=7.8210 stagnation=3.01
[train:rollout] step=00054 iter=06/20 current=7.8249 best=7.8125 stagnation=3.40
[train:rollout] step=00054 iter=07/20 current=7.8213 best=7.8071 stagnation=3.85
[train:rollout] step=00054 iter=08/20 current=7.8091 best=7.7994 stagnation=3.97
[train:rollout] step=00054 iter=09/20 current=7.8042 best=7.7920 stagnation=4.50
[train:rollout] step=00054 iter=10/20 current=7.7939 best=7.7838 stagnation=5.18
[train:rollout] step=00054 iter=11/20 current=7.7942 best=7.7831 stagnation=5.91
[train:rollout] step=00054 iter=12/20 current=7.7928 best=7.7820 stagnation=6.40
[train:rollout] step=00054 iter=13/20 current=7.7882 best=7.7792 stagnation=6.85
[train:rollout] step=00054 iter=14/20 current=7.7892 best=7.7788 stagnation=7.46
[train:rollout] step=00054 iter=15/20 current=7.7889 best=7.7775 stagnation=8.23
[train:rollout] step=00054 iter=16/20 current=7.7898 best=7.7757 stagnation=8.77
[train:rollout] step=00054 iter=17/20 current=7.7850 best=7.7748 stagnation=9.20
[train:rollout] step=00054 iter=18/20 current=7.7853 best=7.7729 stagnation=9.41
[train:rollout] step=00054 iter=19/20 current=7.7841 best=7.7705 stagnation=10.15
[train:rollout] step=00054 iter=20/20 current=7.7788 best=7.7701 stagnation=10.62
[train:done] step=00054 total_t=41.65s rollout_t=8.19s opt_t=0.27s loss=-0.0371 init=7.8858 final=7.7701 improve=0.1157 baseline=0.1157 entropy=21.9165
[train] step=00054 loss=-0.0371 init=7.8858 final=7.7701 improve=0.1157 entropy=21.9165 baseline=0.1157 adv_mean=-0.0000 total_t=41.65s
[train] step=00054 init_dist=lehd:0.00, elg:0.00, difusco:1.00
[train] step=00054 op_dist=two_opt:0.32, lehd_rrc_step:0.34, dact_2opt_step:0.34
[train] step=00054 timing select=0.00s reset=33.18s rollout=8.19s optimize=0.27s
[train:prepare] step=00055/00100 fetching batch
[train:batch] step=00055 shape=(128, 100, 2) device=cuda:0 fetch_t=0.00s
[train:init] step=00055 batch=128 n=100 device=cuda:0 select_t=0.00s init_mean_entropy=0.0007
[solver:init] name=difusco count=128 start
[solver:init] name=difusco count=128 done elapsed=32.93s
[solver:init] all done elapsed=32.93s
[train:reset] step=00055 reset_t=32.93s init_len=7.9130
[train:rollout] step=00055 iter=01/20 current=7.9087 best=7.8993 stagnation=0.61
[train:rollout] step=00055 iter=02/20 current=7.8611 best=7.8546 stagnation=1.00
[train:rollout] step=00055 iter=03/20 current=7.8223 best=7.8102 stagnation=1.52
[train:rollout] step=00055 iter=04/20 current=7.8145 best=7.8025 stagnation=2.26
[train:rollout] step=00055 iter=05/20 current=7.8057 best=7.7940 stagnation=3.02
[train:rollout] step=00055 iter=06/20 current=7.7943 best=7.7862 stagnation=3.40
[train:rollout] step=00055 iter=07/20 current=7.7859 best=7.7763 stagnation=3.80
[train:rollout] step=00055 iter=08/20 current=7.7880 best=7.7740 stagnation=4.48
[train:rollout] step=00055 iter=09/20 current=7.7877 best=7.7711 stagnation=5.13
[train:rollout] step=00055 iter=10/20 current=7.7794 best=7.7668 stagnation=5.84
[train:rollout] step=00055 iter=11/20 current=7.7817 best=7.7663 stagnation=6.20
[train:rollout] step=00055 iter=12/20 current=7.7836 best=7.7663 stagnation=7.06
[train:rollout] step=00055 iter=13/20 current=7.7808 best=7.7663 stagnation=7.91
[train:rollout] step=00055 iter=14/20 current=7.7792 best=7.7663 stagnation=8.49
[train:rollout] step=00055 iter=15/20 current=7.7783 best=7.7657 stagnation=8.59
[train:rollout] step=00055 iter=16/20 current=7.7791 best=7.7653 stagnation=9.03
[train:rollout] step=00055 iter=17/20 current=7.7755 best=7.7649 stagnation=9.64
[train:rollout] step=00055 iter=18/20 current=7.7786 best=7.7646 stagnation=10.32
[train:rollout] step=00055 iter=19/20 current=7.7742 best=7.7645 stagnation=11.27
[train:rollout] step=00055 iter=20/20 current=7.7793 best=7.7645 stagnation=12.20
[train:done] step=00055 total_t=42.26s rollout_t=9.05s opt_t=0.28s loss=-0.0093 init=7.9130 final=7.7645 improve=0.1485 baseline=0.1485 entropy=21.9160
[train] step=00055 loss=-0.0093 init=7.9130 final=7.7645 improve=0.1485 entropy=21.9160 baseline=0.1485 adv_mean=-0.0000 total_t=42.26s
[train] step=00055 init_dist=lehd:0.00, elg:0.00, difusco:1.00
[train] step=00055 op_dist=two_opt:0.30, lehd_rrc_step:0.35, dact_2opt_step:0.35
[train] step=00055 timing select=0.00s reset=32.93s rollout=9.05s optimize=0.28s
[train:prepare] step=00056/00100 fetching batch
[train:batch] step=00056 shape=(128, 100, 2) device=cuda:0 fetch_t=0.00s
[train:init] step=00056 batch=128 n=100 device=cuda:0 select_t=0.00s init_mean_entropy=0.0007
[solver:init] name=difusco count=128 start
[solver:init] name=difusco count=128 done elapsed=27.14s
[solver:init] all done elapsed=27.14s
[train:reset] step=00056 reset_t=27.14s init_len=7.8882
[train:rollout] step=00056 iter=01/20 current=7.8880 best=7.8780 stagnation=0.63
[train:rollout] step=00056 iter=02/20 current=7.8587 best=7.8486 stagnation=0.98
[train:rollout] step=00056 iter=03/20 current=7.8391 best=7.8284 stagnation=1.52
[train:rollout] step=00056 iter=04/20 current=7.8308 best=7.8202 stagnation=2.09
[train:rollout] step=00056 iter=05/20 current=7.8247 best=7.8110 stagnation=2.86
[train:rollout] step=00056 iter=06/20 current=7.8159 best=7.8060 stagnation=3.59
[train:rollout] step=00056 iter=07/20 current=7.7989 best=7.7894 stagnation=4.00
[train:rollout] step=00056 iter=08/20 current=7.7998 best=7.7867 stagnation=4.87
[train:rollout] step=00056 iter=09/20 current=7.7990 best=7.7856 stagnation=5.55
[train:rollout] step=00056 iter=10/20 current=7.7941 best=7.7841 stagnation=6.34
[train:rollout] step=00056 iter=11/20 current=7.7966 best=7.7835 stagnation=7.17
[train:rollout] step=00056 iter=12/20 current=7.7930 best=7.7822 stagnation=8.05
[train:rollout] step=00056 iter=13/20 current=7.7868 best=7.7769 stagnation=8.07
[train:rollout] step=00056 iter=14/20 current=7.7899 best=7.7769 stagnation=8.98
[train:rollout] step=00056 iter=15/20 current=7.7910 best=7.7766 stagnation=9.68
[train:rollout] step=00056 iter=16/20 current=7.7903 best=7.7761 stagnation=10.34
[train:rollout] step=00056 iter=17/20 current=7.7890 best=7.7761 stagnation=10.97
[train:rollout] step=00056 iter=18/20 current=7.7913 best=7.7761 stagnation=11.79
[train:rollout] step=00056 iter=19/20 current=7.7885 best=7.7726 stagnation=11.36
[train:rollout] step=00056 iter=20/20 current=7.7867 best=7.7726 stagnation=12.23
[train:done] step=00056 total_t=34.28s rollout_t=6.86s opt_t=0.28s loss=-0.0054 init=7.8882 final=7.7726 improve=0.1156 baseline=0.1156 entropy=21.9156
[train] step=00056 loss=-0.0054 init=7.8882 final=7.7726 improve=0.1156 entropy=21.9156 baseline=0.1156 adv_mean=-0.0000 total_t=34.28s
[train] step=00056 init_dist=lehd:0.00, elg:0.00, difusco:1.00
[train] step=00056 op_dist=two_opt:0.31, lehd_rrc_step:0.34, dact_2opt_step:0.35
[train] step=00056 timing select=0.00s reset=27.14s rollout=6.86s optimize=0.28s
[train:prepare] step=00057/00100 fetching batch
[train:batch] step=00057 shape=(128, 100, 2) device=cuda:0 fetch_t=0.00s
[train:init] step=00057 batch=128 n=100 device=cuda:0 select_t=0.00s init_mean_entropy=0.0007
[solver:init] name=difusco count=128 start
[solver:init] name=difusco count=128 done elapsed=25.16s
[solver:init] all done elapsed=25.16s
[train:reset] step=00057 reset_t=25.16s init_len=7.8562
[train:rollout] step=00057 iter=01/20 current=7.8096 best=7.8049 stagnation=0.51
[train:rollout] step=00057 iter=02/20 current=7.7833 best=7.7781 stagnation=1.10
[train:rollout] step=00057 iter=03/20 current=7.7764 best=7.7647 stagnation=1.83
[train:rollout] step=00057 iter=04/20 current=7.7711 best=7.7590 stagnation=2.54
[train:rollout] step=00057 iter=05/20 current=7.7613 best=7.7543 stagnation=3.12
[train:rollout] step=00057 iter=06/20 current=7.7519 best=7.7414 stagnation=3.34
[train:rollout] step=00057 iter=07/20 current=7.7544 best=7.7394 stagnation=4.02
[train:rollout] step=00057 iter=08/20 current=7.7497 best=7.7375 stagnation=4.62
[train:rollout] step=00057 iter=09/20 current=7.7409 best=7.7314 stagnation=4.96
[train:rollout] step=00057 iter=10/20 current=7.7429 best=7.7307 stagnation=5.61
[train:rollout] step=00057 iter=11/20 current=7.7385 best=7.7279 stagnation=6.33
[train:rollout] step=00057 iter=12/20 current=7.7363 best=7.7265 stagnation=6.95
[train:rollout] step=00057 iter=13/20 current=7.7370 best=7.7254 stagnation=7.15
[train:rollout] step=00057 iter=14/20 current=7.7354 best=7.7251 stagnation=7.84
[train:rollout] step=00057 iter=15/20 current=7.7383 best=7.7240 stagnation=8.20
[train:rollout] step=00057 iter=16/20 current=7.7346 best=7.7235 stagnation=8.93
[train:rollout] step=00057 iter=17/20 current=7.7315 best=7.7219 stagnation=9.23
[train:rollout] step=00057 iter=18/20 current=7.7354 best=7.7219 stagnation=10.14
[train:rollout] step=00057 iter=19/20 current=7.7322 best=7.7215 stagnation=11.02
[train:rollout] step=00057 iter=20/20 current=7.7308 best=7.7208 stagnation=11.52
[train:done] step=00057 total_t=36.56s rollout_t=11.11s opt_t=0.29s loss=-0.0121 init=7.8562 final=7.7208 improve=0.1353 baseline=0.1353 entropy=21.9155
[train] step=00057 loss=-0.0121 init=7.8562 final=7.7208 improve=0.1353 entropy=21.9155 baseline=0.1353 adv_mean=-0.0000 total_t=36.56s
[train] step=00057 init_dist=lehd:0.00, elg:0.00, difusco:1.00
[train] step=00057 op_dist=two_opt:0.30, lehd_rrc_step:0.33, dact_2opt_step:0.37
[train] step=00057 timing select=0.00s reset=25.16s rollout=11.11s optimize=0.29s
[train:prepare] step=00058/00100 fetching batch
[train:batch] step=00058 shape=(128, 100, 2) device=cuda:0 fetch_t=0.00s
[train:init] step=00058 batch=128 n=100 device=cuda:0 select_t=0.00s init_mean_entropy=0.0006
[solver:init] name=difusco count=128 start
[solver:init] name=difusco count=128 done elapsed=31.33s
[solver:init] all done elapsed=31.33s
[train:reset] step=00058 reset_t=31.33s init_len=7.8611
[train:rollout] step=00058 iter=01/20 current=7.8399 best=7.8316 stagnation=0.52
[train:rollout] step=00058 iter=02/20 current=7.8282 best=7.8176 stagnation=1.24
[train:rollout] step=00058 iter=03/20 current=7.8296 best=7.8155 stagnation=1.98
[train:rollout] step=00058 iter=04/20 current=7.8215 best=7.8097 stagnation=2.66
[train:rollout] step=00058 iter=05/20 current=7.8183 best=7.8024 stagnation=3.32
[train:rollout] step=00058 iter=06/20 current=7.8110 best=7.7962 stagnation=3.90
[train:rollout] step=00058 iter=07/20 current=7.8067 best=7.7932 stagnation=4.30
[train:rollout] step=00058 iter=08/20 current=7.8066 best=7.7928 stagnation=4.70
[train:rollout] step=00058 iter=09/20 current=7.8024 best=7.7913 stagnation=5.24
[train:rollout] step=00058 iter=10/20 current=7.7986 best=7.7871 stagnation=5.47
[train:rollout] step=00058 iter=11/20 current=7.7958 best=7.7857 stagnation=5.64
[train:rollout] step=00058 iter=12/20 current=7.7973 best=7.7849 stagnation=6.17
[train:rollout] step=00058 iter=13/20 current=7.7954 best=7.7845 stagnation=6.55
[train:rollout] step=00058 iter=14/20 current=7.7981 best=7.7839 stagnation=7.30
[train:rollout] step=00058 iter=15/20 current=7.7953 best=7.7804 stagnation=7.81
[train:rollout] step=00058 iter=16/20 current=7.7893 best=7.7784 stagnation=7.78
[train:rollout] step=00058 iter=17/20 current=7.7913 best=7.7778 stagnation=8.70
[train:rollout] step=00058 iter=18/20 current=7.7902 best=7.7771 stagnation=9.37
[train:rollout] step=00058 iter=19/20 current=7.7909 best=7.7769 stagnation=9.80
[train:rollout] step=00058 iter=20/20 current=7.7934 best=7.7768 stagnation=10.48
[train:done] step=00058 total_t=38.42s rollout_t=6.80s opt_t=0.28s loss=-0.0192 init=7.8611 final=7.7768 improve=0.0844 baseline=0.0844 entropy=21.9156
[train] step=00058 loss=-0.0192 init=7.8611 final=7.7768 improve=0.0844 entropy=21.9156 baseline=0.0844 adv_mean=0.0000 total_t=38.42s
[train] step=00058 init_dist=lehd:0.00, elg:0.00, difusco:1.00
[train] step=00058 op_dist=two_opt:0.30, lehd_rrc_step:0.34, dact_2opt_step:0.36
[train] step=00058 timing select=0.00s reset=31.33s rollout=6.80s optimize=0.28s
[train:prepare] step=00059/00100 fetching batch
[train:batch] step=00059 shape=(128, 100, 2) device=cuda:0 fetch_t=0.00s
[train:init] step=00059 batch=128 n=100 device=cuda:0 select_t=0.00s init_mean_entropy=0.0006
[solver:init] name=difusco count=128 start
[solver:init] name=difusco count=128 done elapsed=25.59s
[solver:init] all done elapsed=25.59s
[train:reset] step=00059 reset_t=25.59s init_len=7.8544
[train:rollout] step=00059 iter=01/20 current=7.8439 best=7.8335 stagnation=0.55
[train:rollout] step=00059 iter=02/20 current=7.8156 best=7.8006 stagnation=1.00
[train:rollout] step=00059 iter=03/20 current=7.8051 best=7.7925 stagnation=1.69
[train:rollout] step=00059 iter=04/20 current=7.7995 best=7.7887 stagnation=2.33
[train:rollout] step=00059 iter=05/20 current=7.7931 best=7.7799 stagnation=2.94
[train:rollout] step=00059 iter=06/20 current=7.7762 best=7.7675 stagnation=3.38
[train:rollout] step=00059 iter=07/20 current=7.7777 best=7.7665 stagnation=3.86
[train:rollout] step=00059 iter=08/20 current=7.7760 best=7.7639 stagnation=4.29
[train:rollout] step=00059 iter=09/20 current=7.7716 best=7.7587 stagnation=5.02
[train:rollout] step=00059 iter=10/20 current=7.7701 best=7.7580 stagnation=5.52
[train:rollout] step=00059 iter=11/20 current=7.7690 best=7.7572 stagnation=6.23
[train:rollout] step=00059 iter=12/20 current=7.7640 best=7.7541 stagnation=6.84
[train:rollout] step=00059 iter=13/20 current=7.7613 best=7.7522 stagnation=6.92
[train:rollout] step=00059 iter=14/20 current=7.7633 best=7.7521 stagnation=7.77
[train:rollout] step=00059 iter=15/20 current=7.7624 best=7.7517 stagnation=8.50
[train:rollout] step=00059 iter=16/20 current=7.7590 best=7.7504 stagnation=9.23
[train:rollout] step=00059 iter=17/20 current=7.7618 best=7.7501 stagnation=9.88
[train:rollout] step=00059 iter=18/20 current=7.7602 best=7.7500 stagnation=10.52
[train:rollout] step=00059 iter=19/20 current=7.7633 best=7.7499 stagnation=11.30
[train:rollout] step=00059 iter=20/20 current=7.7621 best=7.7498 stagnation=11.83
[train:done] step=00059 total_t=37.43s rollout_t=11.56s opt_t=0.27s loss=-0.0552 init=7.8544 final=7.7498 improve=0.1046 baseline=0.1046 entropy=21.9157
[train] step=00059 loss=-0.0552 init=7.8544 final=7.7498 improve=0.1046 entropy=21.9157 baseline=0.1046 adv_mean=-0.0000 total_t=37.43s
[train] step=00059 init_dist=lehd:0.00, elg:0.00, difusco:1.00
[train] step=00059 op_dist=two_opt:0.29, lehd_rrc_step:0.34, dact_2opt_step:0.37
[train] step=00059 timing select=0.00s reset=25.59s rollout=11.56s optimize=0.27s
[train:prepare] step=00060/00100 fetching batch
[train:batch] step=00060 shape=(128, 100, 2) device=cuda:0 fetch_t=0.00s
[train:init] step=00060 batch=128 n=100 device=cuda:0 select_t=0.00s init_mean_entropy=0.0006
[solver:init] name=difusco count=128 start
[solver:init] name=difusco count=128 done elapsed=31.21s
[solver:init] all done elapsed=31.21s
[train:reset] step=00060 reset_t=31.21s init_len=7.8601
[train:rollout] step=00060 iter=01/20 current=7.8576 best=7.8440 stagnation=0.52
[train:rollout] step=00060 iter=02/20 current=7.8521 best=7.8349 stagnation=1.17
[train:rollout] step=00060 iter=03/20 current=7.8373 best=7.8229 stagnation=1.59
[train:rollout] step=00060 iter=04/20 current=7.8087 best=7.7969 stagnation=2.11
[train:rollout] step=00060 iter=05/20 current=7.8115 best=7.7962 stagnation=2.88
[train:rollout] step=00060 iter=06/20 current=7.8112 best=7.7913 stagnation=3.49
[train:rollout] step=00060 iter=07/20 current=7.8020 best=7.7887 stagnation=3.98
[train:rollout] step=00060 iter=08/20 current=7.7973 best=7.7819 stagnation=4.58
[train:rollout] step=00060 iter=09/20 current=7.7903 best=7.7792 stagnation=4.22
[train:rollout] step=00060 iter=10/20 current=7.7911 best=7.7791 stagnation=4.96
[train:rollout] step=00060 iter=11/20 current=7.7875 best=7.7779 stagnation=5.51
[train:rollout] step=00060 iter=12/20 current=7.7865 best=7.7772 stagnation=6.03
[train:rollout] step=00060 iter=13/20 current=7.7875 best=7.7766 stagnation=6.70
[train:rollout] step=00060 iter=14/20 current=7.7895 best=7.7757 stagnation=6.96
[train:rollout] step=00060 iter=15/20 current=7.7898 best=7.7750 stagnation=7.57
[train:rollout] step=00060 iter=16/20 current=7.7828 best=7.7748 stagnation=8.38
[train:rollout] step=00060 iter=17/20 current=7.7909 best=7.7748 stagnation=9.31
[train:rollout] step=00060 iter=18/20 current=7.7904 best=7.7747 stagnation=10.17
[train:rollout] step=00060 iter=19/20 current=7.7919 best=7.7747 stagnation=11.06
[train:rollout] step=00060 iter=20/20 current=7.7854 best=7.7742 stagnation=11.66
[train:done] step=00060 total_t=41.15s rollout_t=9.67s opt_t=0.27s loss=-0.0515 init=7.8601 final=7.7742 improve=0.0859 baseline=0.0859 entropy=21.9153
[train] step=00060 loss=-0.0515 init=7.8601 final=7.7742 improve=0.0859 entropy=21.9153 baseline=0.0859 adv_mean=0.0000 total_t=41.15s
[train] step=00060 init_dist=lehd:0.00, elg:0.00, difusco:1.00
[train] step=00060 op_dist=two_opt:0.30, lehd_rrc_step:0.34, dact_2opt_step:0.36
[train] step=00060 timing select=0.00s reset=31.21s rollout=9.67s optimize=0.27s
[save] wrote metrics snapshot -> 0new/operator_policy/outputs/去掉迭代特征/latest_metrics.json
[eval] step=00060 starting evaluation
[eval] batch=0001 items=32/128 avg_init=7.9710 avg_final=7.8426 improve=0.1284 elapsed=8.94s
[eval] batch=0002 items=64/128 avg_init=7.9051 avg_final=7.8325 improve=0.0726 elapsed=17.95s
[eval] batch=0003 items=96/128 avg_init=7.9594 avg_final=7.8585 improve=0.1009 elapsed=27.43s
[eval] batch=0004 items=128/128 avg_init=7.9704 avg_final=7.8645 improve=0.1059 elapsed=34.75s
[eval] step=00060 init=7.9704 final=7.8645 improve=0.1059 elapsed=34.75s
[eval] step=00060 init_dist=lehd:0.00, elg:0.00, difusco:1.00
[eval] step=00060 op_dist=two_opt:0.00, lehd_rrc_step:0.00, dact_2opt_step:1.00
[eval] step=00060 instance_trace=0new/operator_policy/outputs/去掉迭代特征/eval_traces/step_00060_instance_actions.jsonl
[eval] step=00060 step_summary=0new/operator_policy/outputs/去掉迭代特征/eval_traces/step_00060_instance_actions_step_summary.json
[ckpt] saved 0new/operator_policy/outputs/去掉迭代特征/selector_last.pt
[save] wrote eval snapshot -> 0new/operator_policy/outputs/去掉迭代特征/latest_metrics.json
[train:prepare] step=00061/00100 fetching batch
[train:batch] step=00061 shape=(128, 100, 2) device=cuda:0 fetch_t=0.00s
[train:init] step=00061 batch=128 n=100 device=cuda:0 select_t=0.00s init_mean_entropy=0.0006
[solver:init] name=difusco count=128 start
[solver:init] name=difusco count=128 done elapsed=32.93s
[solver:init] all done elapsed=32.93s
[train:reset] step=00061 reset_t=32.93s init_len=7.9246
[train:rollout] step=00061 iter=01/20 current=7.8875 best=7.8725 stagnation=0.52
[train:rollout] step=00061 iter=02/20 current=7.8690 best=7.8563 stagnation=0.99
[train:rollout] step=00061 iter=03/20 current=7.8297 best=7.8220 stagnation=1.52
[train:rollout] step=00061 iter=04/20 current=7.8243 best=7.8137 stagnation=2.28
[train:rollout] step=00061 iter=05/20 current=7.8201 best=7.8093 stagnation=3.02
[train:rollout] step=00061 iter=06/20 current=7.7881 best=7.7766 stagnation=3.61
[train:rollout] step=00061 iter=07/20 current=7.7797 best=7.7700 stagnation=4.26
[train:rollout] step=00061 iter=08/20 current=7.7764 best=7.7648 stagnation=4.62
[train:rollout] step=00061 iter=09/20 current=7.7781 best=7.7643 stagnation=5.59
[train:rollout] step=00061 iter=10/20 current=7.7757 best=7.7627 stagnation=6.20
[train:rollout] step=00061 iter=11/20 current=7.7751 best=7.7625 stagnation=6.82
[train:rollout] step=00061 iter=12/20 current=7.7723 best=7.7609 stagnation=7.12
[train:rollout] step=00061 iter=13/20 current=7.7738 best=7.7609 stagnation=7.79
[train:rollout] step=00061 iter=14/20 current=7.7745 best=7.7609 stagnation=8.53
[train:rollout] step=00061 iter=15/20 current=7.7695 best=7.7595 stagnation=8.63
[train:rollout] step=00061 iter=16/20 current=7.7722 best=7.7582 stagnation=9.16
[train:rollout] step=00061 iter=17/20 current=7.7716 best=7.7571 stagnation=9.72
[train:rollout] step=00061 iter=18/20 current=7.7715 best=7.7566 stagnation=10.55
[train:rollout] step=00061 iter=19/20 current=7.7698 best=7.7562 stagnation=11.30
[train:rollout] step=00061 iter=20/20 current=7.7683 best=7.7561 stagnation=12.07
[train:done] step=00061 total_t=42.65s rollout_t=9.44s opt_t=0.28s loss=-0.0046 init=7.9246 final=7.7561 improve=0.1685 baseline=0.1685 entropy=21.9147
[train] step=00061 loss=-0.0046 init=7.9246 final=7.7561 improve=0.1685 entropy=21.9147 baseline=0.1685 adv_mean=0.0000 total_t=42.65s
[train] step=00061 init_dist=lehd:0.00, elg:0.00, difusco:1.00
[train] step=00061 op_dist=two_opt:0.30, lehd_rrc_step:0.35, dact_2opt_step:0.35
[train] step=00061 timing select=0.00s reset=32.93s rollout=9.44s optimize=0.28s
[train:prepare] step=00062/00100 fetching batch
[train:batch] step=00062 shape=(128, 100, 2) device=cuda:0 fetch_t=0.00s
[train:init] step=00062 batch=128 n=100 device=cuda:0 select_t=0.00s init_mean_entropy=0.0006
[solver:init] name=difusco count=128 start
[solver:init] name=difusco count=128 done elapsed=33.16s
[solver:init] all done elapsed=33.16s
[train:reset] step=00062 reset_t=33.16s init_len=7.9281
[train:rollout] step=00062 iter=01/20 current=7.9236 best=7.9129 stagnation=0.65
[train:rollout] step=00062 iter=02/20 current=7.9052 best=7.8912 stagnation=1.28
[train:rollout] step=00062 iter=03/20 current=7.8949 best=7.8826 stagnation=1.98
[train:rollout] step=00062 iter=04/20 current=7.8682 best=7.8535 stagnation=2.50
[train:rollout] step=00062 iter=05/20 current=7.8241 best=7.8167 stagnation=2.62
[train:rollout] step=00062 iter=06/20 current=7.8056 best=7.7975 stagnation=2.70
[train:rollout] step=00062 iter=07/20 current=7.8026 best=7.7938 stagnation=3.49
[train:rollout] step=00062 iter=08/20 current=7.7988 best=7.7867 stagnation=3.85
[train:rollout] step=00062 iter=09/20 current=7.7948 best=7.7848 stagnation=4.27
[train:rollout] step=00062 iter=10/20 current=7.7978 best=7.7836 stagnation=5.05
[train:rollout] step=00062 iter=11/20 current=7.7945 best=7.7817 stagnation=5.57
[train:rollout] step=00062 iter=12/20 current=7.7976 best=7.7810 stagnation=6.40
[train:rollout] step=00062 iter=13/20 current=7.7945 best=7.7803 stagnation=7.19
[train:rollout] step=00062 iter=14/20 current=7.7928 best=7.7799 stagnation=7.80
[train:rollout] step=00062 iter=15/20 current=7.7960 best=7.7790 stagnation=8.62
[train:rollout] step=00062 iter=16/20 current=7.7971 best=7.7788 stagnation=9.48
[train:rollout] step=00062 iter=17/20 current=7.7922 best=7.7776 stagnation=10.02
[train:rollout] step=00062 iter=18/20 current=7.7933 best=7.7774 stagnation=10.55
[train:rollout] step=00062 iter=19/20 current=7.7879 best=7.7756 stagnation=11.03
[train:rollout] step=00062 iter=20/20 current=7.7906 best=7.7754 stagnation=11.42
[train:done] step=00062 total_t=41.80s rollout_t=8.35s opt_t=0.28s loss=-0.0218 init=7.9281 final=7.7754 improve=0.1527 baseline=0.1527 entropy=21.9144
[train] step=00062 loss=-0.0218 init=7.9281 final=7.7754 improve=0.1527 entropy=21.9144 baseline=0.1527 adv_mean=0.0000 total_t=41.80s
[train] step=00062 init_dist=lehd:0.00, elg:0.00, difusco:1.00
[train] step=00062 op_dist=two_opt:0.30, lehd_rrc_step:0.34, dact_2opt_step:0.35
[train] step=00062 timing select=0.00s reset=33.16s rollout=8.35s optimize=0.28s
[train:prepare] step=00063/00100 fetching batch
[train:batch] step=00063 shape=(128, 100, 2) device=cuda:0 fetch_t=0.00s
[train:init] step=00063 batch=128 n=100 device=cuda:0 select_t=0.00s init_mean_entropy=0.0006
[solver:init] name=difusco count=128 start
[solver:init] name=difusco count=128 done elapsed=32.64s
[solver:init] all done elapsed=32.64s
[train:reset] step=00063 reset_t=32.64s init_len=7.8687
[train:rollout] step=00063 iter=01/20 current=7.8627 best=7.8537 stagnation=0.65
[train:rollout] step=00063 iter=02/20 current=7.8518 best=7.8390 stagnation=1.19
[train:rollout] step=00063 iter=03/20 current=7.8106 best=7.8004 stagnation=1.76
[train:rollout] step=00063 iter=04/20 current=7.7987 best=7.7906 stagnation=2.23
[train:rollout] step=00063 iter=05/20 current=7.7770 best=7.7675 stagnation=2.72
[train:rollout] step=00063 iter=06/20 current=7.7696 best=7.7593 stagnation=3.23
[train:rollout] step=00063 iter=07/20 current=7.7720 best=7.7574 stagnation=3.77
[train:rollout] step=00063 iter=08/20 current=7.7696 best=7.7570 stagnation=4.44
[train:rollout] step=00063 iter=09/20 current=7.7773 best=7.7568 stagnation=5.26
[train:rollout] step=00063 iter=10/20 current=7.7689 best=7.7567 stagnation=5.98
[train:rollout] step=00063 iter=11/20 current=7.7711 best=7.7565 stagnation=6.43
[train:rollout] step=00063 iter=12/20 current=7.7675 best=7.7553 stagnation=6.80
[train:rollout] step=00063 iter=13/20 current=7.7670 best=7.7550 stagnation=7.52
[train:rollout] step=00063 iter=14/20 current=7.7703 best=7.7549 stagnation=8.42
[train:rollout] step=00063 iter=15/20 current=7.7711 best=7.7549 stagnation=9.09
[train:rollout] step=00063 iter=16/20 current=7.7728 best=7.7547 stagnation=10.07
[train:rollout] step=00063 iter=17/20 current=7.7689 best=7.7546 stagnation=10.86
[train:rollout] step=00063 iter=18/20 current=7.7701 best=7.7546 stagnation=11.80
[train:rollout] step=00063 iter=19/20 current=7.7711 best=7.7545 stagnation=12.23
[train:rollout] step=00063 iter=20/20 current=7.7685 best=7.7545 stagnation=13.23
[train:done] step=00063 total_t=42.40s rollout_t=9.47s opt_t=0.28s loss=-0.0872 init=7.8687 final=7.7545 improve=0.1142 baseline=0.1142 entropy=21.9141
[train] step=00063 loss=-0.0872 init=7.8687 final=7.7545 improve=0.1142 entropy=21.9141 baseline=0.1142 adv_mean=0.0000 total_t=42.40s
[train] step=00063 init_dist=lehd:0.00, elg:0.00, difusco:1.00
[train] step=00063 op_dist=two_opt:0.29, lehd_rrc_step:0.35, dact_2opt_step:0.36
[train] step=00063 timing select=0.00s reset=32.64s rollout=9.47s optimize=0.28s
[train:prepare] step=00064/00100 fetching batch
[train:batch] step=00064 shape=(128, 100, 2) device=cuda:0 fetch_t=0.00s
[train:init] step=00064 batch=128 n=100 device=cuda:0 select_t=0.00s init_mean_entropy=0.0006
[solver:init] name=difusco count=128 start
[solver:init] name=difusco count=128 done elapsed=28.60s
[solver:init] all done elapsed=28.60s
[train:reset] step=00064 reset_t=28.60s init_len=7.8745
[train:rollout] step=00064 iter=01/20 current=7.8287 best=7.8214 stagnation=0.60
[train:rollout] step=00064 iter=02/20 current=7.8241 best=7.8126 stagnation=1.32
[train:rollout] step=00064 iter=03/20 current=7.7895 best=7.7830 stagnation=1.61
[train:rollout] step=00064 iter=04/20 current=7.7889 best=7.7782 stagnation=2.44
[train:rollout] step=00064 iter=05/20 current=7.7871 best=7.7759 stagnation=3.22
[train:rollout] step=00064 iter=06/20 current=7.7812 best=7.7735 stagnation=3.66
[train:rollout] step=00064 iter=07/20 current=7.7861 best=7.7726 stagnation=4.18
[train:rollout] step=00064 iter=08/20 current=7.7826 best=7.7722 stagnation=4.98
[train:rollout] step=00064 iter=09/20 current=7.7773 best=7.7695 stagnation=5.35
[train:rollout] step=00064 iter=10/20 current=7.7776 best=7.7693 stagnation=5.91
[train:rollout] step=00064 iter=11/20 current=7.7783 best=7.7690 stagnation=6.60
[train:rollout] step=00064 iter=12/20 current=7.7810 best=7.7690 stagnation=7.16
[train:rollout] step=00064 iter=13/20 current=7.7835 best=7.7689 stagnation=7.91
[train:rollout] step=00064 iter=14/20 current=7.7840 best=7.7685 stagnation=8.36
[train:rollout] step=00064 iter=15/20 current=7.7798 best=7.7683 stagnation=9.05
[train:rollout] step=00064 iter=16/20 current=7.7793 best=7.7674 stagnation=9.30
[train:rollout] step=00064 iter=17/20 current=7.7791 best=7.7668 stagnation=9.69
[train:rollout] step=00064 iter=18/20 current=7.7802 best=7.7668 stagnation=10.58
[train:rollout] step=00064 iter=19/20 current=7.7786 best=7.7665 stagnation=11.06
[train:rollout] step=00064 iter=20/20 current=7.7811 best=7.7665 stagnation=11.77
[train:done] step=00064 total_t=37.65s rollout_t=8.77s opt_t=0.28s loss=-0.0908 init=7.8745 final=7.7665 improve=0.1080 baseline=0.1080 entropy=21.9131
[train] step=00064 loss=-0.0908 init=7.8745 final=7.7665 improve=0.1080 entropy=21.9131 baseline=0.1080 adv_mean=0.0000 total_t=37.65s
[train] step=00064 init_dist=lehd:0.00, elg:0.00, difusco:1.00
[train] step=00064 op_dist=two_opt:0.30, lehd_rrc_step:0.34, dact_2opt_step:0.35
[train] step=00064 timing select=0.00s reset=28.60s rollout=8.77s optimize=0.28s
[train:prepare] step=00065/00100 fetching batch
[train:batch] step=00065 shape=(128, 100, 2) device=cuda:0 fetch_t=0.00s
[train:init] step=00065 batch=128 n=100 device=cuda:0 select_t=0.00s init_mean_entropy=0.0005
[solver:init] name=difusco count=128 start
[solver:init] name=difusco count=128 done elapsed=25.80s
[solver:init] all done elapsed=25.80s
[train:reset] step=00065 reset_t=25.80s init_len=7.8814
[train:rollout] step=00065 iter=01/20 current=7.8680 best=7.8604 stagnation=0.58
[train:rollout] step=00065 iter=02/20 current=7.8452 best=7.8362 stagnation=1.16
[train:rollout] step=00065 iter=03/20 current=7.8381 best=7.8280 stagnation=1.63
[train:rollout] step=00065 iter=04/20 current=7.8223 best=7.8136 stagnation=2.20
[train:rollout] step=00065 iter=05/20 current=7.7989 best=7.7886 stagnation=2.64
[train:rollout] step=00065 iter=06/20 current=7.7909 best=7.7810 stagnation=2.84
[train:rollout] step=00065 iter=07/20 current=7.7890 best=7.7800 stagnation=3.48
[train:rollout] step=00065 iter=08/20 current=7.7882 best=7.7773 stagnation=3.90
[train:rollout] step=00065 iter=09/20 current=7.7929 best=7.7768 stagnation=4.66
[train:rollout] step=00065 iter=10/20 current=7.7881 best=7.7748 stagnation=5.41
[train:rollout] step=00065 iter=11/20 current=7.7843 best=7.7713 stagnation=6.00
[train:rollout] step=00065 iter=12/20 current=7.7819 best=7.7694 stagnation=6.10
[train:rollout] step=00065 iter=13/20 current=7.7830 best=7.7691 stagnation=6.60
[train:rollout] step=00065 iter=14/20 current=7.7852 best=7.7691 stagnation=7.34
[train:rollout] step=00065 iter=15/20 current=7.7780 best=7.7678 stagnation=7.59
[train:rollout] step=00065 iter=16/20 current=7.7797 best=7.7671 stagnation=8.05
[train:rollout] step=00065 iter=17/20 current=7.7776 best=7.7664 stagnation=8.65
[train:rollout] step=00065 iter=18/20 current=7.7786 best=7.7660 stagnation=9.30
[train:rollout] step=00065 iter=19/20 current=7.7803 best=7.7659 stagnation=9.60
[train:rollout] step=00065 iter=20/20 current=7.7779 best=7.7658 stagnation=10.41
[train:done] step=00065 total_t=35.38s rollout_t=9.28s opt_t=0.29s loss=-0.0601 init=7.8814 final=7.7658 improve=0.1156 baseline=0.1156 entropy=21.9113
[train] step=00065 loss=-0.0601 init=7.8814 final=7.7658 improve=0.1156 entropy=21.9113 baseline=0.1156 adv_mean=0.0000 total_t=35.38s
[train] step=00065 init_dist=lehd:0.00, elg:0.00, difusco:1.00
[train] step=00065 op_dist=two_opt:0.30, lehd_rrc_step:0.36, dact_2opt_step:0.35
[train] step=00065 timing select=0.00s reset=25.80s rollout=9.28s optimize=0.29s
[train:prepare] step=00066/00100 fetching batch
[train:batch] step=00066 shape=(128, 100, 2) device=cuda:0 fetch_t=0.00s
[train:init] step=00066 batch=128 n=100 device=cuda:0 select_t=0.00s init_mean_entropy=0.0005
[solver:init] name=difusco count=128 start
[solver:init] name=difusco count=128 done elapsed=32.79s
[solver:init] all done elapsed=32.79s
[train:reset] step=00066 reset_t=32.79s init_len=7.8961
[train:rollout] step=00066 iter=01/20 current=7.8781 best=7.8707 stagnation=0.54
[train:rollout] step=00066 iter=02/20 current=7.8548 best=7.8459 stagnation=1.20
[train:rollout] step=00066 iter=03/20 current=7.8424 best=7.8299 stagnation=1.85
[train:rollout] step=00066 iter=04/20 current=7.8335 best=7.8226 stagnation=2.45
[train:rollout] step=00066 iter=05/20 current=7.8232 best=7.8119 stagnation=2.80
[train:rollout] step=00066 iter=06/20 current=7.8169 best=7.8029 stagnation=3.36
[train:rollout] step=00066 iter=07/20 current=7.7950 best=7.7849 stagnation=4.08
[train:rollout] step=00066 iter=08/20 current=7.7967 best=7.7827 stagnation=4.93
[train:rollout] step=00066 iter=09/20 current=7.7800 best=7.7710 stagnation=5.16
[train:rollout] step=00066 iter=10/20 current=7.7781 best=7.7684 stagnation=5.83
[train:rollout] step=00066 iter=11/20 current=7.7767 best=7.7657 stagnation=6.11
[train:rollout] step=00066 iter=12/20 current=7.7740 best=7.7656 stagnation=6.62
[train:rollout] step=00066 iter=13/20 current=7.7751 best=7.7641 stagnation=7.04
[train:rollout] step=00066 iter=14/20 current=7.7821 best=7.7641 stagnation=7.93
[train:rollout] step=00066 iter=15/20 current=7.7758 best=7.7633 stagnation=8.53
[train:rollout] step=00066 iter=16/20 current=7.7763 best=7.7630 stagnation=9.04
[train:rollout] step=00066 iter=17/20 current=7.7697 best=7.7627 stagnation=9.77
[train:rollout] step=00066 iter=18/20 current=7.7788 best=7.7627 stagnation=10.74
[train:rollout] step=00066 iter=19/20 current=7.7788 best=7.7626 stagnation=11.40
[train:rollout] step=00066 iter=20/20 current=7.7779 best=7.7620 stagnation=11.86
[train:done] step=00066 total_t=41.16s rollout_t=8.08s opt_t=0.28s loss=-0.0207 init=7.8961 final=7.7620 improve=0.1341 baseline=0.1341 entropy=21.9093
[train] step=00066 loss=-0.0207 init=7.8961 final=7.7620 improve=0.1341 entropy=21.9093 baseline=0.1341 adv_mean=0.0000 total_t=41.16s
[train] step=00066 init_dist=lehd:0.00, elg:0.00, difusco:1.00
[train] step=00066 op_dist=two_opt:0.31, lehd_rrc_step:0.34, dact_2opt_step:0.36
[train] step=00066 timing select=0.00s reset=32.79s rollout=8.08s optimize=0.28s
[train:prepare] step=00067/00100 fetching batch
[train:batch] step=00067 shape=(128, 100, 2) device=cuda:0 fetch_t=0.00s
[train:init] step=00067 batch=128 n=100 device=cuda:0 select_t=0.00s init_mean_entropy=0.0005
[solver:init] name=difusco count=128 start
[solver:init] name=difusco count=128 done elapsed=25.80s
[solver:init] all done elapsed=25.80s
[train:reset] step=00067 reset_t=25.80s init_len=7.8837
[train:rollout] step=00067 iter=01/20 current=7.8241 best=7.8162 stagnation=0.43
[train:rollout] step=00067 iter=02/20 current=7.8046 best=7.7939 stagnation=0.95
[train:rollout] step=00067 iter=03/20 current=7.7694 best=7.7556 stagnation=1.59
[train:rollout] step=00067 iter=04/20 current=7.7564 best=7.7458 stagnation=2.23
[train:rollout] step=00067 iter=05/20 current=7.7542 best=7.7411 stagnation=2.93
[train:rollout] step=00067 iter=06/20 current=7.7517 best=7.7369 stagnation=3.67
[train:rollout] step=00067 iter=07/20 current=7.7464 best=7.7330 stagnation=4.13
[train:rollout] step=00067 iter=08/20 current=7.7435 best=7.7316 stagnation=4.88
[train:rollout] step=00067 iter=09/20 current=7.7446 best=7.7313 stagnation=5.62
[train:rollout] step=00067 iter=10/20 current=7.7370 best=7.7253 stagnation=6.14
[train:rollout] step=00067 iter=11/20 current=7.7373 best=7.7236 stagnation=6.66
[train:rollout] step=00067 iter=12/20 current=7.7309 best=7.7217 stagnation=7.44
[train:rollout] step=00067 iter=13/20 current=7.7314 best=7.7216 stagnation=7.99
[train:rollout] step=00067 iter=14/20 current=7.7335 best=7.7215 stagnation=8.93
[train:rollout] step=00067 iter=15/20 current=7.7326 best=7.7213 stagnation=9.63
[train:rollout] step=00067 iter=16/20 current=7.7299 best=7.7208 stagnation=10.34
[train:rollout] step=00067 iter=17/20 current=7.7316 best=7.7203 stagnation=10.85
[train:rollout] step=00067 iter=18/20 current=7.7262 best=7.7162 stagnation=11.38
[train:rollout] step=00067 iter=19/20 current=7.7323 best=7.7162 stagnation=12.05
[train:rollout] step=00067 iter=20/20 current=7.7297 best=7.7162 stagnation=12.80
[train:done] step=00067 total_t=35.31s rollout_t=9.24s opt_t=0.27s loss=0.0135 init=7.8837 final=7.7162 improve=0.1676 baseline=0.1676 entropy=21.9073
[train] step=00067 loss=0.0135 init=7.8837 final=7.7162 improve=0.1676 entropy=21.9073 baseline=0.1676 adv_mean=-0.0000 total_t=35.31s
[train] step=00067 init_dist=lehd:0.00, elg:0.00, difusco:1.00
[train] step=00067 op_dist=two_opt:0.31, lehd_rrc_step:0.34, dact_2opt_step:0.35
[train] step=00067 timing select=0.00s reset=25.80s rollout=9.24s optimize=0.27s
[train:prepare] step=00068/00100 fetching batch
[train:batch] step=00068 shape=(128, 100, 2) device=cuda:0 fetch_t=0.00s
[train:init] step=00068 batch=128 n=100 device=cuda:0 select_t=0.00s init_mean_entropy=0.0005
[solver:init] name=difusco count=128 start
[solver:init] name=difusco count=128 done elapsed=25.55s
[solver:init] all done elapsed=25.55s
[train:reset] step=00068 reset_t=25.56s init_len=7.8854
[train:rollout] step=00068 iter=01/20 current=7.8796 best=7.8703 stagnation=0.62
[train:rollout] step=00068 iter=02/20 current=7.8473 best=7.8381 stagnation=1.23
[train:rollout] step=00068 iter=03/20 current=7.8383 best=7.8261 stagnation=1.88
[train:rollout] step=00068 iter=04/20 current=7.8226 best=7.8106 stagnation=2.38
[train:rollout] step=00068 iter=05/20 current=7.8205 best=7.8068 stagnation=2.84
[train:rollout] step=00068 iter=06/20 current=7.8145 best=7.8024 stagnation=3.34
[train:rollout] step=00068 iter=07/20 current=7.8129 best=7.8013 stagnation=4.08
[train:rollout] step=00068 iter=08/20 current=7.8178 best=7.7996 stagnation=4.84
[train:rollout] step=00068 iter=09/20 current=7.8127 best=7.7982 stagnation=5.41
[train:rollout] step=00068 iter=10/20 current=7.8028 best=7.7931 stagnation=5.55
[train:rollout] step=00068 iter=11/20 current=7.8031 best=7.7913 stagnation=6.07
[train:rollout] step=00068 iter=12/20 current=7.8013 best=7.7886 stagnation=6.64
[train:rollout] step=00068 iter=13/20 current=7.7989 best=7.7853 stagnation=7.39
[train:rollout] step=00068 iter=14/20 current=7.7947 best=7.7844 stagnation=7.94
[train:rollout] step=00068 iter=15/20 current=7.8049 best=7.7840 stagnation=8.68
[train:rollout] step=00068 iter=16/20 current=7.8009 best=7.7839 stagnation=9.46
[train:rollout] step=00068 iter=17/20 current=7.7973 best=7.7839 stagnation=10.12
[train:rollout] step=00068 iter=18/20 current=7.7942 best=7.7836 stagnation=10.71
[train:rollout] step=00068 iter=19/20 current=7.7988 best=7.7835 stagnation=11.48
[train:rollout] step=00068 iter=20/20 current=7.7929 best=7.7827 stagnation=11.52
[train:done] step=00068 total_t=33.41s rollout_t=7.58s opt_t=0.28s loss=-0.0004 init=7.8854 final=7.7827 improve=0.1027 baseline=0.1027 entropy=21.9060
[train] step=00068 loss=-0.0004 init=7.8854 final=7.7827 improve=0.1027 entropy=21.9060 baseline=0.1027 adv_mean=0.0000 total_t=33.41s
[train] step=00068 init_dist=lehd:0.00, elg:0.00, difusco:1.00
[train] step=00068 op_dist=two_opt:0.30, lehd_rrc_step:0.34, dact_2opt_step:0.36
[train] step=00068 timing select=0.00s reset=25.56s rollout=7.58s optimize=0.28s
[train:prepare] step=00069/00100 fetching batch
[train:batch] step=00069 shape=(128, 100, 2) device=cuda:0 fetch_t=0.00s
[train:init] step=00069 batch=128 n=100 device=cuda:0 select_t=0.00s init_mean_entropy=0.0005
[solver:init] name=difusco count=128 start
[solver:init] name=difusco count=128 done elapsed=31.91s
[solver:init] all done elapsed=31.91s
[train:reset] step=00069 reset_t=31.91s init_len=7.8773
[train:rollout] step=00069 iter=01/20 current=7.8780 best=7.8708 stagnation=0.68
[train:rollout] step=00069 iter=02/20 current=7.8665 best=7.8556 stagnation=1.35
[train:rollout] step=00069 iter=03/20 current=7.8434 best=7.8342 stagnation=1.80
[train:rollout] step=00069 iter=04/20 current=7.8271 best=7.8176 stagnation=2.12
[train:rollout] step=00069 iter=05/20 current=7.8199 best=7.8088 stagnation=2.62
[train:rollout] step=00069 iter=06/20 current=7.7967 best=7.7882 stagnation=2.89
[train:rollout] step=00069 iter=07/20 current=7.7979 best=7.7854 stagnation=3.66
[train:rollout] step=00069 iter=08/20 current=7.7905 best=7.7809 stagnation=4.18
[train:rollout] step=00069 iter=09/20 current=7.7906 best=7.7777 stagnation=4.84
[train:rollout] step=00069 iter=10/20 current=7.7890 best=7.7761 stagnation=5.45
[train:rollout] step=00069 iter=11/20 current=7.7836 best=7.7738 stagnation=6.12
[train:rollout] step=00069 iter=12/20 current=7.7823 best=7.7725 stagnation=6.62
[train:rollout] step=00069 iter=13/20 current=7.7836 best=7.7699 stagnation=7.00
[train:rollout] step=00069 iter=14/20 current=7.7796 best=7.7694 stagnation=7.64
[train:rollout] step=00069 iter=15/20 current=7.7820 best=7.7688 stagnation=8.34
[train:rollout] step=00069 iter=16/20 current=7.7813 best=7.7680 stagnation=8.70
[train:rollout] step=00069 iter=17/20 current=7.7782 best=7.7677 stagnation=9.32
[train:rollout] step=00069 iter=18/20 current=7.7766 best=7.7675 stagnation=9.95
[train:rollout] step=00069 iter=19/20 current=7.7797 best=7.7675 stagnation=10.78
[train:rollout] step=00069 iter=20/20 current=7.7795 best=7.7675 stagnation=11.63
[train:done] step=00069 total_t=41.59s rollout_t=9.39s opt_t=0.28s loss=-0.0251 init=7.8773 final=7.7675 improve=0.1098 baseline=0.1098 entropy=21.9051
[train] step=00069 loss=-0.0251 init=7.8773 final=7.7675 improve=0.1098 entropy=21.9051 baseline=0.1098 adv_mean=0.0000 total_t=41.59s
[train] step=00069 init_dist=lehd:0.00, elg:0.00, difusco:1.00
[train] step=00069 op_dist=two_opt:0.30, lehd_rrc_step:0.35, dact_2opt_step:0.35
[train] step=00069 timing select=0.00s reset=31.91s rollout=9.39s optimize=0.28s
[train:prepare] step=00070/00100 fetching batch
[train:batch] step=00070 shape=(128, 100, 2) device=cuda:0 fetch_t=0.00s
[train:init] step=00070 batch=128 n=100 device=cuda:0 select_t=0.01s init_mean_entropy=0.0005
[solver:init] name=difusco count=128 start
[solver:init] name=difusco count=128 done elapsed=32.09s
[solver:init] all done elapsed=32.09s
[train:reset] step=00070 reset_t=32.09s init_len=7.8683
[train:rollout] step=00070 iter=01/20 current=7.8422 best=7.8338 stagnation=0.52
[train:rollout] step=00070 iter=02/20 current=7.8091 best=7.8017 stagnation=1.11
[train:rollout] step=00070 iter=03/20 current=7.7962 best=7.7899 stagnation=1.55
[train:rollout] step=00070 iter=04/20 current=7.7879 best=7.7765 stagnation=2.18
[train:rollout] step=00070 iter=05/20 current=7.7868 best=7.7733 stagnation=2.98
[train:rollout] step=00070 iter=06/20 current=7.7787 best=7.7705 stagnation=3.50
[train:rollout] step=00070 iter=07/20 current=7.7854 best=7.7675 stagnation=4.09
[train:rollout] step=00070 iter=08/20 current=7.7805 best=7.7635 stagnation=4.66
[train:rollout] step=00070 iter=09/20 current=7.7787 best=7.7626 stagnation=5.45
[train:rollout] step=00070 iter=10/20 current=7.7776 best=7.7621 stagnation=6.20
[train:rollout] step=00070 iter=11/20 current=7.7728 best=7.7600 stagnation=6.95
[train:rollout] step=00070 iter=12/20 current=7.7741 best=7.7600 stagnation=7.77
[train:rollout] step=00070 iter=13/20 current=7.7761 best=7.7597 stagnation=8.30
[train:rollout] step=00070 iter=14/20 current=7.7733 best=7.7597 stagnation=9.02
[train:rollout] step=00070 iter=15/20 current=7.7751 best=7.7597 stagnation=9.61
[train:rollout] step=00070 iter=16/20 current=7.7730 best=7.7586 stagnation=9.95
[train:rollout] step=00070 iter=17/20 current=7.7762 best=7.7586 stagnation=10.89
[train:rollout] step=00070 iter=18/20 current=7.7736 best=7.7586 stagnation=11.88
[train:rollout] step=00070 iter=19/20 current=7.7753 best=7.7584 stagnation=12.53
[train:rollout] step=00070 iter=20/20 current=7.7756 best=7.7584 stagnation=13.47
[train:done] step=00070 total_t=41.56s rollout_t=9.18s opt_t=0.29s loss=-0.0034 init=7.8683 final=7.7584 improve=0.1099 baseline=0.1099 entropy=21.9043
[train] step=00070 loss=-0.0034 init=7.8683 final=7.7584 improve=0.1099 entropy=21.9043 baseline=0.1099 adv_mean=0.0000 total_t=41.56s
[train] step=00070 init_dist=lehd:0.00, elg:0.00, difusco:1.00
[train] step=00070 op_dist=two_opt:0.30, lehd_rrc_step:0.33, dact_2opt_step:0.37
[train] step=00070 timing select=0.01s reset=32.09s rollout=9.18s optimize=0.29s
[eval] step=00070 starting evaluation
[eval] batch=0001 items=32/128 avg_init=7.9505 avg_final=7.8719 improve=0.0785 elapsed=8.84s
[eval] batch=0002 items=64/128 avg_init=7.9174 avg_final=7.8493 improve=0.0681 elapsed=17.94s
[eval] batch=0003 items=96/128 avg_init=7.9049 avg_final=7.8233 improve=0.0816 elapsed=26.86s
[eval] batch=0004 items=128/128 avg_init=7.8754 avg_final=7.8106 improve=0.0648 elapsed=36.35s
[eval] step=00070 init=7.8754 final=7.8106 improve=0.0648 elapsed=36.35s
[eval] step=00070 init_dist=lehd:0.00, elg:0.00, difusco:1.00
[eval] step=00070 op_dist=two_opt:0.00, lehd_rrc_step:0.00, dact_2opt_step:1.00
[eval] step=00070 instance_trace=0new/operator_policy/outputs/去掉迭代特征/eval_traces/step_00070_instance_actions.jsonl
[eval] step=00070 step_summary=0new/operator_policy/outputs/去掉迭代特征/eval_traces/step_00070_instance_actions_step_summary.json
[ckpt] saved 0new/operator_policy/outputs/去掉迭代特征/selector_last.pt
[save] wrote eval snapshot -> 0new/operator_policy/outputs/去掉迭代特征/latest_metrics.json
[train:prepare] step=00071/00100 fetching batch
[train:batch] step=00071 shape=(128, 100, 2) device=cuda:0 fetch_t=0.00s
[train:init] step=00071 batch=128 n=100 device=cuda:0 select_t=0.00s init_mean_entropy=0.0005
[solver:init] name=difusco count=128 start
[solver:init] name=difusco count=128 done elapsed=32.42s
[solver:init] all done elapsed=32.42s
[train:reset] step=00071 reset_t=32.42s init_len=7.9474
[train:rollout] step=00071 iter=01/20 current=7.8964 best=7.8854 stagnation=0.48
[train:rollout] step=00071 iter=02/20 current=7.8806 best=7.8673 stagnation=1.16
[train:rollout] step=00071 iter=03/20 current=7.8354 best=7.8270 stagnation=1.65
[train:rollout] step=00071 iter=04/20 current=7.8276 best=7.8157 stagnation=2.30
[train:rollout] step=00071 iter=05/20 current=7.8151 best=7.8041 stagnation=2.81
[train:rollout] step=00071 iter=06/20 current=7.8103 best=7.7977 stagnation=3.41
[train:rollout] step=00071 iter=07/20 current=7.7990 best=7.7914 stagnation=3.85
[train:rollout] step=00071 iter=08/20 current=7.7994 best=7.7896 stagnation=4.66
[train:rollout] step=00071 iter=09/20 current=7.7964 best=7.7873 stagnation=5.40
[train:rollout] step=00071 iter=10/20 current=7.7942 best=7.7862 stagnation=5.82
[train:rollout] step=00071 iter=11/20 current=7.7940 best=7.7835 stagnation=6.59
[train:rollout] step=00071 iter=12/20 current=7.7972 best=7.7832 stagnation=7.49
[train:rollout] step=00071 iter=13/20 current=7.8005 best=7.7832 stagnation=8.30
[train:rollout] step=00071 iter=14/20 current=7.7963 best=7.7827 stagnation=8.94
[train:rollout] step=00071 iter=15/20 current=7.7958 best=7.7825 stagnation=9.83
[train:rollout] step=00071 iter=16/20 current=7.7951 best=7.7825 stagnation=10.72
[train:rollout] step=00071 iter=17/20 current=7.7901 best=7.7804 stagnation=11.05
[train:rollout] step=00071 iter=18/20 current=7.7908 best=7.7802 stagnation=11.56
[train:rollout] step=00071 iter=19/20 current=7.7869 best=7.7794 stagnation=11.97
[train:rollout] step=00071 iter=20/20 current=7.7902 best=7.7794 stagnation=12.73
[train:done] step=00071 total_t=42.23s rollout_t=9.53s opt_t=0.27s loss=-0.0014 init=7.9474 final=7.7794 improve=0.1680 baseline=0.1680 entropy=21.9038
[train] step=00071 loss=-0.0014 init=7.9474 final=7.7794 improve=0.1680 entropy=21.9038 baseline=0.1680 adv_mean=-0.0000 total_t=42.23s
[train] step=00071 init_dist=lehd:0.00, elg:0.00, difusco:1.00
[train] step=00071 op_dist=two_opt:0.29, lehd_rrc_step:0.36, dact_2opt_step:0.34
[train] step=00071 timing select=0.00s reset=32.42s rollout=9.53s optimize=0.27s
[train:prepare] step=00072/00100 fetching batch
[train:batch] step=00072 shape=(128, 100, 2) device=cuda:0 fetch_t=0.00s
[train:init] step=00072 batch=128 n=100 device=cuda:0 select_t=0.00s init_mean_entropy=0.0005
[solver:init] name=difusco count=128 start
[solver:init] name=difusco count=128 done elapsed=33.56s
[solver:init] all done elapsed=33.57s
[train:reset] step=00072 reset_t=33.57s init_len=7.8797
[train:rollout] step=00072 iter=01/20 current=7.8666 best=7.8605 stagnation=0.54
[train:rollout] step=00072 iter=02/20 current=7.8651 best=7.8530 stagnation=1.16
[train:rollout] step=00072 iter=03/20 current=7.8426 best=7.8307 stagnation=1.70
[train:rollout] step=00072 iter=04/20 current=7.8289 best=7.8194 stagnation=2.37
[train:rollout] step=00072 iter=05/20 current=7.7929 best=7.7812 stagnation=2.47
[train:rollout] step=00072 iter=06/20 current=7.7919 best=7.7785 stagnation=3.19
[train:rollout] step=00072 iter=07/20 current=7.7832 best=7.7719 stagnation=3.28
[train:rollout] step=00072 iter=08/20 current=7.7732 best=7.7614 stagnation=3.80
[train:rollout] step=00072 iter=09/20 current=7.7748 best=7.7598 stagnation=4.73
[train:rollout] step=00072 iter=10/20 current=7.7711 best=7.7592 stagnation=5.39
[train:rollout] step=00072 iter=11/20 current=7.7694 best=7.7550 stagnation=6.17
[train:rollout] step=00072 iter=12/20 current=7.7687 best=7.7545 stagnation=6.88
[train:rollout] step=00072 iter=13/20 current=7.7690 best=7.7532 stagnation=7.53
[train:rollout] step=00072 iter=14/20 current=7.7651 best=7.7522 stagnation=8.16
[train:rollout] step=00072 iter=15/20 current=7.7678 best=7.7516 stagnation=8.31
[train:rollout] step=00072 iter=16/20 current=7.7617 best=7.7507 stagnation=8.67
[train:rollout] step=00072 iter=17/20 current=7.7601 best=7.7506 stagnation=9.31
[train:rollout] step=00072 iter=18/20 current=7.7622 best=7.7495 stagnation=9.81
[train:rollout] step=00072 iter=19/20 current=7.7624 best=7.7493 stagnation=10.72
[train:rollout] step=00072 iter=20/20 current=7.7616 best=7.7489 stagnation=11.16
[train:done] step=00072 total_t=41.64s rollout_t=7.79s opt_t=0.28s loss=-0.0486 init=7.8797 final=7.7489 improve=0.1308 baseline=0.1308 entropy=21.9037
[train] step=00072 loss=-0.0486 init=7.8797 final=7.7489 improve=0.1308 entropy=21.9037 baseline=0.1308 adv_mean=0.0000 total_t=41.64s
[train] step=00072 init_dist=lehd:0.00, elg:0.00, difusco:1.00
[train] step=00072 op_dist=two_opt:0.29, lehd_rrc_step:0.37, dact_2opt_step:0.35
[train] step=00072 timing select=0.00s reset=33.57s rollout=7.79s optimize=0.28s
[train:prepare] step=00073/00100 fetching batch
[train:batch] step=00073 shape=(128, 100, 2) device=cuda:0 fetch_t=0.00s
[train:init] step=00073 batch=128 n=100 device=cuda:0 select_t=0.00s init_mean_entropy=0.0005
[solver:init] name=difusco count=128 start
[solver:init] name=difusco count=128 done elapsed=32.94s
[solver:init] all done elapsed=32.94s
[train:reset] step=00073 reset_t=32.94s init_len=7.8478
[train:rollout] step=00073 iter=01/20 current=7.8272 best=7.8186 stagnation=0.56
[train:rollout] step=00073 iter=02/20 current=7.8062 best=7.7976 stagnation=1.00
[train:rollout] step=00073 iter=03/20 current=7.7958 best=7.7830 stagnation=1.44
[train:rollout] step=00073 iter=04/20 current=7.7884 best=7.7777 stagnation=2.11
[train:rollout] step=00073 iter=05/20 current=7.7881 best=7.7757 stagnation=2.58
[train:rollout] step=00073 iter=06/20 current=7.7802 best=7.7699 stagnation=2.97
[train:rollout] step=00073 iter=07/20 current=7.7782 best=7.7672 stagnation=3.61
[train:rollout] step=00073 iter=08/20 current=7.7790 best=7.7669 stagnation=4.45
[train:rollout] step=00073 iter=09/20 current=7.7722 best=7.7627 stagnation=4.94
[train:rollout] step=00073 iter=10/20 current=7.7754 best=7.7620 stagnation=5.78
[train:rollout] step=00073 iter=11/20 current=7.7750 best=7.7617 stagnation=6.54
[train:rollout] step=00073 iter=12/20 current=7.7666 best=7.7570 stagnation=6.62
[train:rollout] step=00073 iter=13/20 current=7.7667 best=7.7549 stagnation=6.92
[train:rollout] step=00073 iter=14/20 current=7.7690 best=7.7548 stagnation=7.87
[train:rollout] step=00073 iter=15/20 current=7.7649 best=7.7544 stagnation=8.21
[train:rollout] step=00073 iter=16/20 current=7.7667 best=7.7541 stagnation=8.89
[train:rollout] step=00073 iter=17/20 current=7.7648 best=7.7535 stagnation=9.23
[train:rollout] step=00073 iter=18/20 current=7.7635 best=7.7528 stagnation=10.06
[train:rollout] step=00073 iter=19/20 current=7.7674 best=7.7525 stagnation=10.41
[train:rollout] step=00073 iter=20/20 current=7.7592 best=7.7519 stagnation=11.04
[train:done] step=00073 total_t=42.73s rollout_t=9.52s opt_t=0.27s loss=-0.0193 init=7.8478 final=7.7519 improve=0.0959 baseline=0.0959 entropy=21.9032
[train] step=00073 loss=-0.0193 init=7.8478 final=7.7519 improve=0.0959 entropy=21.9032 baseline=0.0959 adv_mean=-0.0000 total_t=42.73s
[train] step=00073 init_dist=lehd:0.00, elg:0.00, difusco:1.00
[train] step=00073 op_dist=two_opt:0.30, lehd_rrc_step:0.35, dact_2opt_step:0.35
[train] step=00073 timing select=0.00s reset=32.94s rollout=9.52s optimize=0.27s
[train:prepare] step=00074/00100 fetching batch
[train:batch] step=00074 shape=(128, 100, 2) device=cuda:0 fetch_t=0.00s
[train:init] step=00074 batch=128 n=100 device=cuda:0 select_t=0.01s init_mean_entropy=0.0005
[solver:init] name=difusco count=128 start
[solver:init] name=difusco count=128 done elapsed=32.37s
[solver:init] all done elapsed=32.37s
[train:reset] step=00074 reset_t=32.37s init_len=7.9341
[train:rollout] step=00074 iter=01/20 current=7.8789 best=7.8735 stagnation=0.48
[train:rollout] step=00074 iter=02/20 current=7.8708 best=7.8584 stagnation=1.23
[train:rollout] step=00074 iter=03/20 current=7.8400 best=7.8304 stagnation=1.69
[train:rollout] step=00074 iter=04/20 current=7.8360 best=7.8244 stagnation=2.38
[train:rollout] step=00074 iter=05/20 current=7.8236 best=7.8115 stagnation=2.70
[train:rollout] step=00074 iter=06/20 current=7.8234 best=7.8104 stagnation=3.21
[train:rollout] step=00074 iter=07/20 current=7.8232 best=7.8075 stagnation=3.80
[train:rollout] step=00074 iter=08/20 current=7.8241 best=7.8068 stagnation=4.41
[train:rollout] step=00074 iter=09/20 current=7.8185 best=7.8056 stagnation=4.81
[train:rollout] step=00074 iter=10/20 current=7.8156 best=7.8056 stagnation=5.61
[train:rollout] step=00074 iter=11/20 current=7.8136 best=7.8026 stagnation=5.93
[train:rollout] step=00074 iter=12/20 current=7.8117 best=7.8016 stagnation=6.52
[train:rollout] step=00074 iter=13/20 current=7.8146 best=7.8014 stagnation=7.32
[train:rollout] step=00074 iter=14/20 current=7.8098 best=7.7994 stagnation=7.78
[train:rollout] step=00074 iter=15/20 current=7.8133 best=7.7990 stagnation=8.28
[train:rollout] step=00074 iter=16/20 current=7.8106 best=7.7973 stagnation=9.01
[train:rollout] step=00074 iter=17/20 current=7.8095 best=7.7973 stagnation=9.75
[train:rollout] step=00074 iter=18/20 current=7.8099 best=7.7973 stagnation=10.67
[train:rollout] step=00074 iter=19/20 current=7.8102 best=7.7967 stagnation=11.15
[train:rollout] step=00074 iter=20/20 current=7.8129 best=7.7967 stagnation=12.15
[train:done] step=00074 total_t=40.34s rollout_t=7.69s opt_t=0.28s loss=0.0062 init=7.9341 final=7.7967 improve=0.1374 baseline=0.1374 entropy=21.9026
[train] step=00074 loss=0.0062 init=7.9341 final=7.7967 improve=0.1374 entropy=21.9026 baseline=0.1374 adv_mean=-0.0000 total_t=40.34s
[train] step=00074 init_dist=lehd:0.00, elg:0.00, difusco:1.00
[train] step=00074 op_dist=two_opt:0.30, lehd_rrc_step:0.33, dact_2opt_step:0.36
[train] step=00074 timing select=0.01s reset=32.37s rollout=7.69s optimize=0.28s
[train:prepare] step=00075/00100 fetching batch
[train:batch] step=00075 shape=(128, 100, 2) device=cuda:0 fetch_t=0.00s
[train:init] step=00075 batch=128 n=100 device=cuda:0 select_t=0.00s init_mean_entropy=0.0005
[solver:init] name=difusco count=128 start
[solver:init] name=difusco count=128 done elapsed=32.27s
[solver:init] all done elapsed=32.27s
[train:reset] step=00075 reset_t=32.27s init_len=7.8682
[train:rollout] step=00075 iter=01/20 current=7.8543 best=7.8467 stagnation=0.57
[train:rollout] step=00075 iter=02/20 current=7.8179 best=7.8085 stagnation=1.02
[train:rollout] step=00075 iter=03/20 current=7.8126 best=7.8014 stagnation=1.74
[train:rollout] step=00075 iter=04/20 current=7.8085 best=7.7964 stagnation=2.42
[train:rollout] step=00075 iter=05/20 current=7.7949 best=7.7833 stagnation=2.99
[train:rollout] step=00075 iter=06/20 current=7.7920 best=7.7793 stagnation=3.31
[train:rollout] step=00075 iter=07/20 current=7.7884 best=7.7775 stagnation=3.94
[train:rollout] step=00075 iter=08/20 current=7.7857 best=7.7749 stagnation=4.40
[train:rollout] step=00075 iter=09/20 current=7.7844 best=7.7735 stagnation=5.18
[train:rollout] step=00075 iter=10/20 current=7.7835 best=7.7732 stagnation=5.48
[train:rollout] step=00075 iter=11/20 current=7.7838 best=7.7725 stagnation=6.11
[train:rollout] step=00075 iter=12/20 current=7.7847 best=7.7725 stagnation=6.85
[train:rollout] step=00075 iter=13/20 current=7.7868 best=7.7725 stagnation=7.56
[train:rollout] step=00075 iter=14/20 current=7.7865 best=7.7700 stagnation=8.13
[train:rollout] step=00075 iter=15/20 current=7.7875 best=7.7700 stagnation=9.07
[train:rollout] step=00075 iter=16/20 current=7.7874 best=7.7700 stagnation=9.84
[train:rollout] step=00075 iter=17/20 current=7.7818 best=7.7693 stagnation=10.30
[train:rollout] step=00075 iter=18/20 current=7.7816 best=7.7693 stagnation=11.01
[train:rollout] step=00075 iter=19/20 current=7.7818 best=7.7691 stagnation=11.62
[train:rollout] step=00075 iter=20/20 current=7.7846 best=7.7691 stagnation=12.46
[train:done] step=00075 total_t=38.60s rollout_t=6.04s opt_t=0.29s loss=-0.0700 init=7.8682 final=7.7691 improve=0.0991 baseline=0.0991 entropy=21.9023
[train] step=00075 loss=-0.0700 init=7.8682 final=7.7691 improve=0.0991 entropy=21.9023 baseline=0.0991 adv_mean=-0.0000 total_t=38.60s
[train] step=00075 init_dist=lehd:0.00, elg:0.00, difusco:1.00
[train] step=00075 op_dist=two_opt:0.30, lehd_rrc_step:0.34, dact_2opt_step:0.36
[train] step=00075 timing select=0.00s reset=32.27s rollout=6.04s optimize=0.29s
[train:prepare] step=00076/00100 fetching batch
[train:batch] step=00076 shape=(128, 100, 2) device=cuda:0 fetch_t=0.00s
[train:init] step=00076 batch=128 n=100 device=cuda:0 select_t=0.00s init_mean_entropy=0.0005
[solver:init] name=difusco count=128 start
[solver:init] name=difusco count=128 done elapsed=27.78s
[solver:init] all done elapsed=27.78s
[train:reset] step=00076 reset_t=27.78s init_len=7.9347
[train:rollout] step=00076 iter=01/20 current=7.8929 best=7.8878 stagnation=0.51
[train:rollout] step=00076 iter=02/20 current=7.8589 best=7.8495 stagnation=1.06
[train:rollout] step=00076 iter=03/20 current=7.8550 best=7.8435 stagnation=1.79
[train:rollout] step=00076 iter=04/20 current=7.8309 best=7.8213 stagnation=2.42
[train:rollout] step=00076 iter=05/20 current=7.8168 best=7.8074 stagnation=2.90
[train:rollout] step=00076 iter=06/20 current=7.8095 best=7.7997 stagnation=3.34
[train:rollout] step=00076 iter=07/20 current=7.8009 best=7.7918 stagnation=4.13
[train:rollout] step=00076 iter=08/20 current=7.7936 best=7.7839 stagnation=4.75
[train:rollout] step=00076 iter=09/20 current=7.7911 best=7.7816 stagnation=5.18
[train:rollout] step=00076 iter=10/20 current=7.7930 best=7.7807 stagnation=5.88
[train:rollout] step=00076 iter=11/20 current=7.7925 best=7.7800 stagnation=6.80
[train:rollout] step=00076 iter=12/20 current=7.7891 best=7.7794 stagnation=7.50
[train:rollout] step=00076 iter=13/20 current=7.7940 best=7.7790 stagnation=8.03
[train:rollout] step=00076 iter=14/20 current=7.7945 best=7.7788 stagnation=8.89
[train:rollout] step=00076 iter=15/20 current=7.7888 best=7.7777 stagnation=9.60
[train:rollout] step=00076 iter=16/20 current=7.7920 best=7.7776 stagnation=10.22
[train:rollout] step=00076 iter=17/20 current=7.7904 best=7.7764 stagnation=10.59
[train:rollout] step=00076 iter=18/20 current=7.7901 best=7.7763 stagnation=11.31
[train:rollout] step=00076 iter=19/20 current=7.7934 best=7.7763 stagnation=12.29
[train:rollout] step=00076 iter=20/20 current=7.7910 best=7.7763 stagnation=12.95
[train:done] step=00076 total_t=38.10s rollout_t=9.99s opt_t=0.33s loss=0.0487 init=7.9347 final=7.7763 improve=0.1584 baseline=0.1584 entropy=21.9011
[train] step=00076 loss=0.0487 init=7.9347 final=7.7763 improve=0.1584 entropy=21.9011 baseline=0.1584 adv_mean=0.0000 total_t=38.10s
[train] step=00076 init_dist=lehd:0.00, elg:0.00, difusco:1.00
[train] step=00076 op_dist=two_opt:0.29, lehd_rrc_step:0.35, dact_2opt_step:0.36
[train] step=00076 timing select=0.00s reset=27.78s rollout=9.99s optimize=0.33s
[train:prepare] step=00077/00100 fetching batch
[train:batch] step=00077 shape=(128, 100, 2) device=cuda:0 fetch_t=0.00s
[train:init] step=00077 batch=128 n=100 device=cuda:0 select_t=0.00s init_mean_entropy=0.0005
[solver:init] name=difusco count=128 start
[solver:init] name=difusco count=128 done elapsed=32.86s
[solver:init] all done elapsed=32.86s
[train:reset] step=00077 reset_t=32.86s init_len=8.0167
[train:rollout] step=00077 iter=01/20 current=8.0053 best=7.9989 stagnation=0.58
[train:rollout] step=00077 iter=02/20 current=7.9412 best=7.9312 stagnation=1.11
[train:rollout] step=00077 iter=03/20 current=7.8950 best=7.8906 stagnation=1.44
[train:rollout] step=00077 iter=04/20 current=7.8487 best=7.8395 stagnation=1.87
[train:rollout] step=00077 iter=05/20 current=7.8382 best=7.8292 stagnation=2.28
[train:rollout] step=00077 iter=06/20 current=7.8339 best=7.8232 stagnation=3.01
[train:rollout] step=00077 iter=07/20 current=7.8277 best=7.8181 stagnation=3.59
[train:rollout] step=00077 iter=08/20 current=7.8220 best=7.8131 stagnation=4.34
[train:rollout] step=00077 iter=09/20 current=7.8192 best=7.8075 stagnation=4.84
[train:rollout] step=00077 iter=10/20 current=7.8108 best=7.8026 stagnation=4.97
[train:rollout] step=00077 iter=11/20 current=7.8146 best=7.8023 stagnation=5.80
[train:rollout] step=00077 iter=12/20 current=7.8137 best=7.8022 stagnation=6.52
[train:rollout] step=00077 iter=13/20 current=7.8104 best=7.8014 stagnation=6.99
[train:rollout] step=00077 iter=14/20 current=7.8100 best=7.7993 stagnation=7.57
[train:rollout] step=00077 iter=15/20 current=7.8119 best=7.7975 stagnation=7.99
[train:rollout] step=00077 iter=16/20 current=7.8110 best=7.7975 stagnation=8.67
[train:rollout] step=00077 iter=17/20 current=7.8098 best=7.7974 stagnation=9.40
[train:rollout] step=00077 iter=18/20 current=7.8149 best=7.7972 stagnation=10.23
[train:rollout] step=00077 iter=19/20 current=7.8070 best=7.7969 stagnation=10.79
[train:rollout] step=00077 iter=20/20 current=7.8053 best=7.7949 stagnation=11.02
[train:done] step=00077 total_t=42.20s rollout_t=9.05s opt_t=0.28s loss=0.0098 init=8.0167 final=7.7949 improve=0.2218 baseline=0.2218 entropy=21.9012
[train] step=00077 loss=0.0098 init=8.0167 final=7.7949 improve=0.2218 entropy=21.9012 baseline=0.2218 adv_mean=0.0000 total_t=42.20s
[train] step=00077 init_dist=lehd:0.00, elg:0.00, difusco:1.00
[train] step=00077 op_dist=two_opt:0.30, lehd_rrc_step:0.36, dact_2opt_step:0.34
[train] step=00077 timing select=0.00s reset=32.86s rollout=9.05s optimize=0.28s
[train:prepare] step=00078/00100 fetching batch
[train:batch] step=00078 shape=(128, 100, 2) device=cuda:0 fetch_t=0.00s
[train:init] step=00078 batch=128 n=100 device=cuda:0 select_t=0.00s init_mean_entropy=0.0005
[solver:init] name=difusco count=128 start
[solver:init] name=difusco count=128 done elapsed=32.65s
[solver:init] all done elapsed=32.65s
[train:reset] step=00078 reset_t=32.65s init_len=7.9306
[train:rollout] step=00078 iter=01/20 current=7.9221 best=7.9077 stagnation=0.59
[train:rollout] step=00078 iter=02/20 current=7.8713 best=7.8631 stagnation=1.24
[train:rollout] step=00078 iter=03/20 current=7.8359 best=7.8261 stagnation=1.66
[train:rollout] step=00078 iter=04/20 current=7.8223 best=7.8089 stagnation=2.24
[train:rollout] step=00078 iter=05/20 current=7.7994 best=7.7913 stagnation=2.90
[train:rollout] step=00078 iter=06/20 current=7.8000 best=7.7878 stagnation=3.67
[train:rollout] step=00078 iter=07/20 current=7.7939 best=7.7824 stagnation=3.88
[train:rollout] step=00078 iter=08/20 current=7.7976 best=7.7822 stagnation=4.67
[train:rollout] step=00078 iter=09/20 current=7.7931 best=7.7820 stagnation=5.46
[train:rollout] step=00078 iter=10/20 current=7.7908 best=7.7803 stagnation=5.86
[train:rollout] step=00078 iter=11/20 current=7.7907 best=7.7802 stagnation=6.61
[train:rollout] step=00078 iter=12/20 current=7.7907 best=7.7796 stagnation=7.21
[train:rollout] step=00078 iter=13/20 current=7.7913 best=7.7795 stagnation=7.87
[train:rollout] step=00078 iter=14/20 current=7.7951 best=7.7794 stagnation=8.82
[train:rollout] step=00078 iter=15/20 current=7.7906 best=7.7785 stagnation=9.15
[train:rollout] step=00078 iter=16/20 current=7.7932 best=7.7785 stagnation=9.94
[train:rollout] step=00078 iter=17/20 current=7.7973 best=7.7785 stagnation=10.70
[train:rollout] step=00078 iter=18/20 current=7.7924 best=7.7785 stagnation=11.23
[train:rollout] step=00078 iter=19/20 current=7.7919 best=7.7778 stagnation=11.24
[train:rollout] step=00078 iter=20/20 current=7.7936 best=7.7778 stagnation=11.73
[train:done] step=00078 total_t=41.44s rollout_t=8.51s opt_t=0.27s loss=-0.0106 init=7.9306 final=7.7778 improve=0.1529 baseline=0.1529 entropy=21.9017
[train] step=00078 loss=-0.0106 init=7.9306 final=7.7778 improve=0.1529 entropy=21.9017 baseline=0.1529 adv_mean=0.0000 total_t=41.44s
[train] step=00078 init_dist=lehd:0.00, elg:0.00, difusco:1.00
[train] step=00078 op_dist=two_opt:0.30, lehd_rrc_step:0.37, dact_2opt_step:0.33
[train] step=00078 timing select=0.00s reset=32.65s rollout=8.51s optimize=0.27s
[train:prepare] step=00079/00100 fetching batch
[train:batch] step=00079 shape=(128, 100, 2) device=cuda:0 fetch_t=0.00s
[train:init] step=00079 batch=128 n=100 device=cuda:0 select_t=0.00s init_mean_entropy=0.0005
[solver:init] name=difusco count=128 start
[solver:init] name=difusco count=128 done elapsed=27.40s
[solver:init] all done elapsed=27.40s
[train:reset] step=00079 reset_t=27.40s init_len=7.8940
[train:rollout] step=00079 iter=01/20 current=7.8830 best=7.8751 stagnation=0.59
[train:rollout] step=00079 iter=02/20 current=7.8381 best=7.8299 stagnation=1.03
[train:rollout] step=00079 iter=03/20 current=7.8159 best=7.8077 stagnation=1.64
[train:rollout] step=00079 iter=04/20 current=7.8153 best=7.8021 stagnation=2.16
[train:rollout] step=00079 iter=05/20 current=7.8055 best=7.7938 stagnation=2.77
[train:rollout] step=00079 iter=06/20 current=7.7942 best=7.7841 stagnation=3.15
[train:rollout] step=00079 iter=07/20 current=7.7889 best=7.7779 stagnation=3.88
[train:rollout] step=00079 iter=08/20 current=7.7878 best=7.7775 stagnation=4.62
[train:rollout] step=00079 iter=09/20 current=7.7915 best=7.7775 stagnation=5.48
[train:rollout] step=00079 iter=10/20 current=7.7838 best=7.7751 stagnation=6.13
[train:rollout] step=00079 iter=11/20 current=7.7876 best=7.7746 stagnation=6.85
[train:rollout] step=00079 iter=12/20 current=7.7846 best=7.7743 stagnation=7.38
[train:rollout] step=00079 iter=13/20 current=7.7835 best=7.7741 stagnation=8.06
[train:rollout] step=00079 iter=14/20 current=7.7865 best=7.7741 stagnation=8.73
[train:rollout] step=00079 iter=15/20 current=7.7864 best=7.7738 stagnation=9.12
[train:rollout] step=00079 iter=16/20 current=7.7901 best=7.7738 stagnation=10.07
[train:rollout] step=00079 iter=17/20 current=7.7852 best=7.7736 stagnation=10.70
[train:rollout] step=00079 iter=18/20 current=7.7859 best=7.7731 stagnation=11.63
[train:rollout] step=00079 iter=19/20 current=7.7878 best=7.7731 stagnation=12.60
[train:rollout] step=00079 iter=20/20 current=7.7854 best=7.7726 stagnation=12.72
[train:done] step=00079 total_t=36.78s rollout_t=9.09s opt_t=0.29s loss=-0.0939 init=7.8940 final=7.7726 improve=0.1215 baseline=0.1215 entropy=21.9024
[train] step=00079 loss=-0.0939 init=7.8940 final=7.7726 improve=0.1215 entropy=21.9024 baseline=0.1215 adv_mean=0.0000 total_t=36.78s
[train] step=00079 init_dist=lehd:0.00, elg:0.00, difusco:1.00
[train] step=00079 op_dist=two_opt:0.29, lehd_rrc_step:0.36, dact_2opt_step:0.35
[train] step=00079 timing select=0.00s reset=27.40s rollout=9.09s optimize=0.29s
[train:prepare] step=00080/00100 fetching batch
[train:batch] step=00080 shape=(128, 100, 2) device=cuda:0 fetch_t=0.00s
[train:init] step=00080 batch=128 n=100 device=cuda:0 select_t=0.00s init_mean_entropy=0.0005
[solver:init] name=difusco count=128 start
[solver:init] name=difusco count=128 done elapsed=33.31s
[solver:init] all done elapsed=33.31s
[train:reset] step=00080 reset_t=33.31s init_len=7.9387
[train:rollout] step=00080 iter=01/20 current=7.9325 best=7.9179 stagnation=0.52
[train:rollout] step=00080 iter=02/20 current=7.9191 best=7.9010 stagnation=1.23
[train:rollout] step=00080 iter=03/20 current=7.8754 best=7.8639 stagnation=1.59
[train:rollout] step=00080 iter=04/20 current=7.8367 best=7.8233 stagnation=2.07
[train:rollout] step=00080 iter=05/20 current=7.8243 best=7.8151 stagnation=2.73
[train:rollout] step=00080 iter=06/20 current=7.8015 best=7.7920 stagnation=3.08
[train:rollout] step=00080 iter=07/20 current=7.7975 best=7.7836 stagnation=3.87
[train:rollout] step=00080 iter=08/20 current=7.7988 best=7.7821 stagnation=4.77
[train:rollout] step=00080 iter=09/20 current=7.7953 best=7.7813 stagnation=5.19
[train:rollout] step=00080 iter=10/20 current=7.7941 best=7.7806 stagnation=5.91
[train:rollout] step=00080 iter=11/20 current=7.7910 best=7.7788 stagnation=6.53
[train:rollout] step=00080 iter=12/20 current=7.7920 best=7.7767 stagnation=7.05
[train:rollout] step=00080 iter=13/20 current=7.7790 best=7.7696 stagnation=7.58
[train:rollout] step=00080 iter=14/20 current=7.7824 best=7.7695 stagnation=8.45
[train:rollout] step=00080 iter=15/20 current=7.7836 best=7.7691 stagnation=9.34
[train:rollout] step=00080 iter=16/20 current=7.7821 best=7.7691 stagnation=10.20
[train:rollout] step=00080 iter=17/20 current=7.7814 best=7.7689 stagnation=10.66
[train:rollout] step=00080 iter=18/20 current=7.7793 best=7.7685 stagnation=11.33
[train:rollout] step=00080 iter=19/20 current=7.7748 best=7.7672 stagnation=12.14
[train:rollout] step=00080 iter=20/20 current=7.7772 best=7.7670 stagnation=12.53
[train:done] step=00080 total_t=42.07s rollout_t=8.48s opt_t=0.28s loss=0.0381 init=7.9387 final=7.7670 improve=0.1716 baseline=0.1716 entropy=21.9018
[train] step=00080 loss=0.0381 init=7.9387 final=7.7670 improve=0.1716 entropy=21.9018 baseline=0.1716 adv_mean=0.0000 total_t=42.07s
[train] step=00080 init_dist=lehd:0.00, elg:0.00, difusco:1.00
[train] step=00080 op_dist=two_opt:0.30, lehd_rrc_step:0.34, dact_2opt_step:0.36
[train] step=00080 timing select=0.00s reset=33.31s rollout=8.48s optimize=0.28s
[save] wrote metrics snapshot -> 0new/operator_policy/outputs/去掉迭代特征/latest_metrics.json
[eval] step=00080 starting evaluation
[eval] batch=0001 items=32/128 avg_init=7.8950 avg_final=7.7680 improve=0.1270 elapsed=7.60s
[eval] batch=0002 items=64/128 avg_init=7.9089 avg_final=7.8068 improve=0.1021 elapsed=14.96s
[eval] batch=0003 items=96/128 avg_init=7.9021 avg_final=7.8071 improve=0.0950 elapsed=22.25s
[eval] batch=0004 items=128/128 avg_init=7.8826 avg_final=7.7976 improve=0.0850 elapsed=29.76s
[eval] step=00080 init=7.8826 final=7.7976 improve=0.0850 elapsed=29.77s
[eval] step=00080 init_dist=lehd:0.00, elg:0.00, difusco:1.00
[eval] step=00080 op_dist=two_opt:0.00, lehd_rrc_step:0.00, dact_2opt_step:1.00
[eval] step=00080 instance_trace=0new/operator_policy/outputs/去掉迭代特征/eval_traces/step_00080_instance_actions.jsonl
[eval] step=00080 step_summary=0new/operator_policy/outputs/去掉迭代特征/eval_traces/step_00080_instance_actions_step_summary.json
[ckpt] saved 0new/operator_policy/outputs/去掉迭代特征/selector_last.pt
[save] wrote eval snapshot -> 0new/operator_policy/outputs/去掉迭代特征/latest_metrics.json
[train:prepare] step=00081/00100 fetching batch
[train:batch] step=00081 shape=(128, 100, 2) device=cuda:0 fetch_t=0.01s
[train:init] step=00081 batch=128 n=100 device=cuda:0 select_t=0.00s init_mean_entropy=0.0005
[solver:init] name=difusco count=128 start
[solver:init] name=difusco count=128 done elapsed=31.92s
[solver:init] all done elapsed=31.92s
[train:reset] step=00081 reset_t=31.92s init_len=7.8892
[train:rollout] step=00081 iter=01/20 current=7.8595 best=7.8541 stagnation=0.48
[train:rollout] step=00081 iter=02/20 current=7.8303 best=7.8176 stagnation=1.12
[train:rollout] step=00081 iter=03/20 current=7.8027 best=7.7933 stagnation=1.68
[train:rollout] step=00081 iter=04/20 current=7.7981 best=7.7869 stagnation=2.15
[train:rollout] step=00081 iter=05/20 current=7.7898 best=7.7819 stagnation=2.65
[train:rollout] step=00081 iter=06/20 current=7.7950 best=7.7770 stagnation=3.22
[train:rollout] step=00081 iter=07/20 current=7.7882 best=7.7759 stagnation=4.01
[train:rollout] step=00081 iter=08/20 current=7.7887 best=7.7740 stagnation=4.56
[train:rollout] step=00081 iter=09/20 current=7.7851 best=7.7702 stagnation=5.06
[train:rollout] step=00081 iter=10/20 current=7.7891 best=7.7699 stagnation=5.91
[train:rollout] step=00081 iter=11/20 current=7.7854 best=7.7695 stagnation=6.62
[train:rollout] step=00081 iter=12/20 current=7.7865 best=7.7694 stagnation=7.43
[train:rollout] step=00081 iter=13/20 current=7.7814 best=7.7694 stagnation=8.08
[train:rollout] step=00081 iter=14/20 current=7.7810 best=7.7692 stagnation=8.88
[train:rollout] step=00081 iter=15/20 current=7.7804 best=7.7678 stagnation=9.28
[train:rollout] step=00081 iter=16/20 current=7.7786 best=7.7668 stagnation=9.47
[train:rollout] step=00081 iter=17/20 current=7.7788 best=7.7668 stagnation=10.33
[train:rollout] step=00081 iter=18/20 current=7.7785 best=7.7665 stagnation=10.78
[train:rollout] step=00081 iter=19/20 current=7.7837 best=7.7664 stagnation=11.70
[train:rollout] step=00081 iter=20/20 current=7.7833 best=7.7664 stagnation=12.51
[train:done] step=00081 total_t=41.13s rollout_t=8.91s opt_t=0.30s loss=0.0680 init=7.8892 final=7.7664 improve=0.1229 baseline=0.1229 entropy=21.9023
[train] step=00081 loss=0.0680 init=7.8892 final=7.7664 improve=0.1229 entropy=21.9023 baseline=0.1229 adv_mean=0.0000 total_t=41.13s
[train] step=00081 init_dist=lehd:0.00, elg:0.00, difusco:1.00
[train] step=00081 op_dist=two_opt:0.30, lehd_rrc_step:0.34, dact_2opt_step:0.36
[train] step=00081 timing select=0.00s reset=31.92s rollout=8.91s optimize=0.30s
[train:prepare] step=00082/00100 fetching batch
[train:batch] step=00082 shape=(128, 100, 2) device=cuda:0 fetch_t=0.00s
[train:init] step=00082 batch=128 n=100 device=cuda:0 select_t=0.00s init_mean_entropy=0.0005
[solver:init] name=difusco count=128 start
[solver:init] name=difusco count=128 done elapsed=32.02s
[solver:init] all done elapsed=32.02s
[train:reset] step=00082 reset_t=32.02s init_len=7.9070
[train:rollout] step=00082 iter=01/20 current=7.9015 best=7.8907 stagnation=0.60
[train:rollout] step=00082 iter=02/20 current=7.8571 best=7.8458 stagnation=1.14
[train:rollout] step=00082 iter=03/20 current=7.8386 best=7.8296 stagnation=1.48
[train:rollout] step=00082 iter=04/20 current=7.8313 best=7.8217 stagnation=2.19
[train:rollout] step=00082 iter=05/20 current=7.8303 best=7.8187 stagnation=2.89
[train:rollout] step=00082 iter=06/20 current=7.8292 best=7.8162 stagnation=3.48
[train:rollout] step=00082 iter=07/20 current=7.8192 best=7.8094 stagnation=3.73
[train:rollout] step=00082 iter=08/20 current=7.8175 best=7.8074 stagnation=3.87
[train:rollout] step=00082 iter=09/20 current=7.8156 best=7.8058 stagnation=4.67
[train:rollout] step=00082 iter=10/20 current=7.8205 best=7.8050 stagnation=5.44
[train:rollout] step=00082 iter=11/20 current=7.8124 best=7.7995 stagnation=5.38
[train:rollout] step=00082 iter=12/20 current=7.8124 best=7.7977 stagnation=6.12
[train:rollout] step=00082 iter=13/20 current=7.8130 best=7.7965 stagnation=6.35
[train:rollout] step=00082 iter=14/20 current=7.8122 best=7.7962 stagnation=7.27
[train:rollout] step=00082 iter=15/20 current=7.8091 best=7.7952 stagnation=7.62
[train:rollout] step=00082 iter=16/20 current=7.8086 best=7.7952 stagnation=8.36
[train:rollout] step=00082 iter=17/20 current=7.8063 best=7.7933 stagnation=8.46
[train:rollout] step=00082 iter=18/20 current=7.8054 best=7.7933 stagnation=9.26
[train:rollout] step=00082 iter=19/20 current=7.8071 best=7.7932 stagnation=10.06
[train:rollout] step=00082 iter=20/20 current=7.8042 best=7.7921 stagnation=10.61
[train:done] step=00082 total_t=39.99s rollout_t=7.69s opt_t=0.28s loss=-0.0138 init=7.9070 final=7.7921 improve=0.1149 baseline=0.1149 entropy=21.9041
[train] step=00082 loss=-0.0138 init=7.9070 final=7.7921 improve=0.1149 entropy=21.9041 baseline=0.1149 adv_mean=-0.0000 total_t=39.99s
[train] step=00082 init_dist=lehd:0.00, elg:0.00, difusco:1.00
[train] step=00082 op_dist=two_opt:0.31, lehd_rrc_step:0.35, dact_2opt_step:0.34
[train] step=00082 timing select=0.00s reset=32.02s rollout=7.69s optimize=0.28s
[train:prepare] step=00083/00100 fetching batch
[train:batch] step=00083 shape=(128, 100, 2) device=cuda:0 fetch_t=0.00s
[train:init] step=00083 batch=128 n=100 device=cuda:0 select_t=0.00s init_mean_entropy=0.0005
[solver:init] name=difusco count=128 start
[solver:init] name=difusco count=128 done elapsed=32.28s
[solver:init] all done elapsed=32.28s
[train:reset] step=00083 reset_t=32.28s init_len=7.9176
[train:rollout] step=00083 iter=01/20 current=7.8682 best=7.8602 stagnation=0.48
[train:rollout] step=00083 iter=02/20 current=7.8423 best=7.8313 stagnation=1.00
[train:rollout] step=00083 iter=03/20 current=7.8313 best=7.8217 stagnation=1.57
[train:rollout] step=00083 iter=04/20 current=7.8137 best=7.8038 stagnation=2.17
[train:rollout] step=00083 iter=05/20 current=7.8048 best=7.7942 stagnation=2.67
[train:rollout] step=00083 iter=06/20 current=7.7974 best=7.7863 stagnation=3.09
[train:rollout] step=00083 iter=07/20 current=7.7846 best=7.7734 stagnation=3.70
[train:rollout] step=00083 iter=08/20 current=7.7799 best=7.7693 stagnation=4.36
[train:rollout] step=00083 iter=09/20 current=7.7686 best=7.7590 stagnation=4.75
[train:rollout] step=00083 iter=10/20 current=7.7687 best=7.7558 stagnation=5.30
[train:rollout] step=00083 iter=11/20 current=7.7632 best=7.7540 stagnation=5.37
[train:rollout] step=00083 iter=12/20 current=7.7698 best=7.7538 stagnation=6.33
[train:rollout] step=00083 iter=13/20 current=7.7658 best=7.7534 stagnation=7.12
[train:rollout] step=00083 iter=14/20 current=7.7673 best=7.7534 stagnation=7.92
[train:rollout] step=00083 iter=15/20 current=7.7635 best=7.7526 stagnation=8.23
[train:rollout] step=00083 iter=16/20 current=7.7620 best=7.7513 stagnation=8.81
[train:rollout] step=00083 iter=17/20 current=7.7656 best=7.7507 stagnation=9.36
[train:rollout] step=00083 iter=18/20 current=7.7637 best=7.7504 stagnation=10.22
[train:rollout] step=00083 iter=19/20 current=7.7586 best=7.7504 stagnation=11.19
[train:rollout] step=00083 iter=20/20 current=7.7617 best=7.7504 stagnation=12.17
[train:done] step=00083 total_t=40.61s rollout_t=8.05s opt_t=0.28s loss=-0.0665 init=7.9176 final=7.7504 improve=0.1672 baseline=0.1672 entropy=21.9059
[train] step=00083 loss=-0.0665 init=7.9176 final=7.7504 improve=0.1672 entropy=21.9059 baseline=0.1672 adv_mean=0.0000 total_t=40.61s
[train] step=00083 init_dist=lehd:0.00, elg:0.00, difusco:1.00
[train] step=00083 op_dist=two_opt:0.30, lehd_rrc_step:0.36, dact_2opt_step:0.35
[train] step=00083 timing select=0.00s reset=32.28s rollout=8.05s optimize=0.28s
[train:prepare] step=00084/00100 fetching batch
[train:batch] step=00084 shape=(128, 100, 2) device=cuda:0 fetch_t=0.00s
[train:init] step=00084 batch=128 n=100 device=cuda:0 select_t=0.00s init_mean_entropy=0.0005
[solver:init] name=difusco count=128 start
[solver:init] name=difusco count=128 done elapsed=27.52s
[solver:init] all done elapsed=27.52s
[train:reset] step=00084 reset_t=27.52s init_len=7.8834
[train:rollout] step=00084 iter=01/20 current=7.8668 best=7.8563 stagnation=0.56
[train:rollout] step=00084 iter=02/20 current=7.8402 best=7.8340 stagnation=1.12
[train:rollout] step=00084 iter=03/20 current=7.8421 best=7.8304 stagnation=1.69
[train:rollout] step=00084 iter=04/20 current=7.8418 best=7.8268 stagnation=2.33
[train:rollout] step=00084 iter=05/20 current=7.8332 best=7.8216 stagnation=2.64
[train:rollout] step=00084 iter=06/20 current=7.8243 best=7.8120 stagnation=2.95
[train:rollout] step=00084 iter=07/20 current=7.8205 best=7.8086 stagnation=3.48
[train:rollout] step=00084 iter=08/20 current=7.8230 best=7.8072 stagnation=4.06
[train:rollout] step=00084 iter=09/20 current=7.8260 best=7.8067 stagnation=4.70
[train:rollout] step=00084 iter=10/20 current=7.8207 best=7.8059 stagnation=5.19
[train:rollout] step=00084 iter=11/20 current=7.8163 best=7.8057 stagnation=5.69
[train:rollout] step=00084 iter=12/20 current=7.8183 best=7.8056 stagnation=6.44
[train:rollout] step=00084 iter=13/20 current=7.8262 best=7.8056 stagnation=7.02
[train:rollout] step=00084 iter=14/20 current=7.8144 best=7.8053 stagnation=7.62
[train:rollout] step=00084 iter=15/20 current=7.8174 best=7.8053 stagnation=8.51
[train:rollout] step=00084 iter=16/20 current=7.8177 best=7.8048 stagnation=9.01
[train:rollout] step=00084 iter=17/20 current=7.8201 best=7.8048 stagnation=9.92
[train:rollout] step=00084 iter=18/20 current=7.8213 best=7.8048 stagnation=10.84
[train:rollout] step=00084 iter=19/20 current=7.8178 best=7.8048 stagnation=11.84
[train:rollout] step=00084 iter=20/20 current=7.8243 best=7.8048 stagnation=12.84
[train:done] step=00084 total_t=38.25s rollout_t=10.45s opt_t=0.28s loss=0.0053 init=7.8834 final=7.8048 improve=0.0786 baseline=0.0786 entropy=21.9068
[train] step=00084 loss=0.0053 init=7.8834 final=7.8048 improve=0.0786 entropy=21.9068 baseline=0.0786 adv_mean=0.0000 total_t=38.25s
[train] step=00084 init_dist=lehd:0.00, elg:0.00, difusco:1.00
[train] step=00084 op_dist=two_opt:0.28, lehd_rrc_step:0.36, dact_2opt_step:0.36
[train] step=00084 timing select=0.00s reset=27.52s rollout=10.45s optimize=0.28s
[train:prepare] step=00085/00100 fetching batch
[train:batch] step=00085 shape=(128, 100, 2) device=cuda:0 fetch_t=0.00s
[train:init] step=00085 batch=128 n=100 device=cuda:0 select_t=0.00s init_mean_entropy=0.0005
[solver:init] name=difusco count=128 start
[solver:init] name=difusco count=128 done elapsed=32.09s
[solver:init] all done elapsed=32.09s
[train:reset] step=00085 reset_t=32.09s init_len=7.9099
[train:rollout] step=00085 iter=01/20 current=7.8836 best=7.8765 stagnation=0.54
[train:rollout] step=00085 iter=02/20 current=7.8853 best=7.8686 stagnation=1.38
[train:rollout] step=00085 iter=03/20 current=7.8404 best=7.8294 stagnation=1.62
[train:rollout] step=00085 iter=04/20 current=7.8136 best=7.8034 stagnation=2.03
[train:rollout] step=00085 iter=05/20 current=7.8081 best=7.7969 stagnation=2.83
[train:rollout] step=00085 iter=06/20 current=7.8012 best=7.7877 stagnation=3.10
[train:rollout] step=00085 iter=07/20 current=7.7985 best=7.7851 stagnation=3.57
[train:rollout] step=00085 iter=08/20 current=7.7946 best=7.7825 stagnation=4.03
[train:rollout] step=00085 iter=09/20 current=7.7891 best=7.7792 stagnation=4.35
[train:rollout] step=00085 iter=10/20 current=7.7904 best=7.7778 stagnation=4.93
[train:rollout] step=00085 iter=11/20 current=7.7884 best=7.7757 stagnation=5.24
[train:rollout] step=00085 iter=12/20 current=7.7887 best=7.7741 stagnation=5.88
[train:rollout] step=00085 iter=13/20 current=7.7879 best=7.7740 stagnation=6.87
[train:rollout] step=00085 iter=14/20 current=7.7887 best=7.7738 stagnation=7.71
[train:rollout] step=00085 iter=15/20 current=7.7915 best=7.7738 stagnation=8.50
[train:rollout] step=00085 iter=16/20 current=7.7877 best=7.7735 stagnation=9.28
[train:rollout] step=00085 iter=17/20 current=7.7855 best=7.7716 stagnation=9.23
[train:rollout] step=00085 iter=18/20 current=7.7816 best=7.7691 stagnation=9.62
[train:rollout] step=00085 iter=19/20 current=7.7836 best=7.7691 stagnation=10.41
[train:rollout] step=00085 iter=20/20 current=7.7850 best=7.7691 stagnation=11.41
[train:done] step=00085 total_t=40.67s rollout_t=8.30s opt_t=0.28s loss=-0.0337 init=7.9099 final=7.7691 improve=0.1409 baseline=0.1409 entropy=21.9079
[train] step=00085 loss=-0.0337 init=7.9099 final=7.7691 improve=0.1409 entropy=21.9079 baseline=0.1409 adv_mean=0.0000 total_t=40.67s
[train] step=00085 init_dist=lehd:0.00, elg:0.00, difusco:1.00
[train] step=00085 op_dist=two_opt:0.30, lehd_rrc_step:0.34, dact_2opt_step:0.37
[train] step=00085 timing select=0.00s reset=32.09s rollout=8.30s optimize=0.28s
[train:prepare] step=00086/00100 fetching batch
[train:batch] step=00086 shape=(128, 100, 2) device=cuda:0 fetch_t=0.00s
[train:init] step=00086 batch=128 n=100 device=cuda:0 select_t=0.00s init_mean_entropy=0.0005
[solver:init] name=difusco count=128 start
[solver:init] name=difusco count=128 done elapsed=27.37s
[solver:init] all done elapsed=27.37s
[train:reset] step=00086 reset_t=27.37s init_len=7.9214
[train:rollout] step=00086 iter=01/20 current=7.8717 best=7.8600 stagnation=0.46
[train:rollout] step=00086 iter=02/20 current=7.8406 best=7.8310 stagnation=1.00
[train:rollout] step=00086 iter=03/20 current=7.7886 best=7.7810 stagnation=1.40
[train:rollout] step=00086 iter=04/20 current=7.7790 best=7.7696 stagnation=1.99
[train:rollout] step=00086 iter=05/20 current=7.7767 best=7.7642 stagnation=2.61
[train:rollout] step=00086 iter=06/20 current=7.7714 best=7.7612 stagnation=3.42
[train:rollout] step=00086 iter=07/20 current=7.7745 best=7.7612 stagnation=4.09
[train:rollout] step=00086 iter=08/20 current=7.7691 best=7.7589 stagnation=4.77
[train:rollout] step=00086 iter=09/20 current=7.7680 best=7.7582 stagnation=5.38
[train:rollout] step=00086 iter=10/20 current=7.7686 best=7.7578 stagnation=5.98
[train:rollout] step=00086 iter=11/20 current=7.7725 best=7.7575 stagnation=6.74
[train:rollout] step=00086 iter=12/20 current=7.7691 best=7.7575 stagnation=7.51
[train:rollout] step=00086 iter=13/20 current=7.7725 best=7.7568 stagnation=8.34
[train:rollout] step=00086 iter=14/20 current=7.7647 best=7.7546 stagnation=8.38
[train:rollout] step=00086 iter=15/20 current=7.7676 best=7.7541 stagnation=8.97
[train:rollout] step=00086 iter=16/20 current=7.7615 best=7.7512 stagnation=8.85
[train:rollout] step=00086 iter=17/20 current=7.7631 best=7.7507 stagnation=9.66
[train:rollout] step=00086 iter=18/20 current=7.7653 best=7.7501 stagnation=10.48
[train:rollout] step=00086 iter=19/20 current=7.7645 best=7.7501 stagnation=11.20
[train:rollout] step=00086 iter=20/20 current=7.7666 best=7.7501 stagnation=12.16
[train:done] step=00086 total_t=35.24s rollout_t=7.57s opt_t=0.29s loss=-0.0494 init=7.9214 final=7.7501 improve=0.1713 baseline=0.1713 entropy=21.9087
[train] step=00086 loss=-0.0494 init=7.9214 final=7.7501 improve=0.1713 entropy=21.9087 baseline=0.1713 adv_mean=-0.0000 total_t=35.24s
[train] step=00086 init_dist=lehd:0.00, elg:0.00, difusco:1.00
[train] step=00086 op_dist=two_opt:0.29, lehd_rrc_step:0.36, dact_2opt_step:0.35
[train] step=00086 timing select=0.00s reset=27.37s rollout=7.57s optimize=0.29s
[train:prepare] step=00087/00100 fetching batch
[train:batch] step=00087 shape=(128, 100, 2) device=cuda:0 fetch_t=0.00s
[train:init] step=00087 batch=128 n=100 device=cuda:0 select_t=0.00s init_mean_entropy=0.0005
[solver:init] name=difusco count=128 start
[solver:init] name=difusco count=128 done elapsed=32.07s
[solver:init] all done elapsed=32.07s
[train:reset] step=00087 reset_t=32.07s init_len=7.8879
[train:rollout] step=00087 iter=01/20 current=7.8778 best=7.8710 stagnation=0.66
[train:rollout] step=00087 iter=02/20 current=7.8503 best=7.8433 stagnation=1.07
[train:rollout] step=00087 iter=03/20 current=7.8366 best=7.8252 stagnation=1.55
[train:rollout] step=00087 iter=04/20 current=7.8240 best=7.8146 stagnation=2.32
[train:rollout] step=00087 iter=05/20 current=7.8135 best=7.8034 stagnation=3.01
[train:rollout] step=00087 iter=06/20 current=7.8064 best=7.7934 stagnation=3.35
[train:rollout] step=00087 iter=07/20 current=7.7926 best=7.7858 stagnation=3.80
[train:rollout] step=00087 iter=08/20 current=7.7827 best=7.7727 stagnation=4.31
[train:rollout] step=00087 iter=09/20 current=7.7895 best=7.7718 stagnation=5.16
[train:rollout] step=00087 iter=10/20 current=7.7817 best=7.7668 stagnation=5.41
[train:rollout] step=00087 iter=11/20 current=7.7810 best=7.7659 stagnation=6.12
[train:rollout] step=00087 iter=12/20 current=7.7781 best=7.7652 stagnation=6.47
[train:rollout] step=00087 iter=13/20 current=7.7806 best=7.7651 stagnation=7.31
[train:rollout] step=00087 iter=14/20 current=7.7775 best=7.7647 stagnation=8.16
[train:rollout] step=00087 iter=15/20 current=7.7773 best=7.7647 stagnation=8.91
[train:rollout] step=00087 iter=16/20 current=7.7813 best=7.7640 stagnation=9.56
[train:rollout] step=00087 iter=17/20 current=7.7762 best=7.7636 stagnation=10.08
[train:rollout] step=00087 iter=18/20 current=7.7781 best=7.7635 stagnation=10.95
[train:rollout] step=00087 iter=19/20 current=7.7761 best=7.7632 stagnation=11.62
[train:rollout] step=00087 iter=20/20 current=7.7754 best=7.7632 stagnation=12.51
[train:done] step=00087 total_t=40.69s rollout_t=8.34s opt_t=0.28s loss=-0.0143 init=7.8879 final=7.7632 improve=0.1248 baseline=0.1248 entropy=21.9090
[train] step=00087 loss=-0.0143 init=7.8879 final=7.7632 improve=0.1248 entropy=21.9090 baseline=0.1248 adv_mean=0.0000 total_t=40.69s
[train] step=00087 init_dist=lehd:0.00, elg:0.00, difusco:1.00
[train] step=00087 op_dist=two_opt:0.31, lehd_rrc_step:0.33, dact_2opt_step:0.36
[train] step=00087 timing select=0.00s reset=32.07s rollout=8.34s optimize=0.28s
[train:prepare] step=00088/00100 fetching batch
[train:batch] step=00088 shape=(128, 100, 2) device=cuda:0 fetch_t=0.00s
[train:init] step=00088 batch=128 n=100 device=cuda:0 select_t=0.00s init_mean_entropy=0.0005
[solver:init] name=difusco count=128 start
[solver:init] name=difusco count=128 done elapsed=31.46s
[solver:init] all done elapsed=31.46s
[train:reset] step=00088 reset_t=31.46s init_len=7.9630
[train:rollout] step=00088 iter=01/20 current=7.9541 best=7.9476 stagnation=0.59
[train:rollout] step=00088 iter=02/20 current=7.8915 best=7.8836 stagnation=0.88
[train:rollout] step=00088 iter=03/20 current=7.8745 best=7.8657 stagnation=1.36
[train:rollout] step=00088 iter=04/20 current=7.8668 best=7.8548 stagnation=2.02
[train:rollout] step=00088 iter=05/20 current=7.8383 best=7.8268 stagnation=2.36
[train:rollout] step=00088 iter=06/20 current=7.8292 best=7.8184 stagnation=2.80
[train:rollout] step=00088 iter=07/20 current=7.8215 best=7.8103 stagnation=3.52
[train:rollout] step=00088 iter=08/20 current=7.8119 best=7.8016 stagnation=4.12
[train:rollout] step=00088 iter=09/20 current=7.8073 best=7.7980 stagnation=4.73
[train:rollout] step=00088 iter=10/20 current=7.8073 best=7.7955 stagnation=5.37
[train:rollout] step=00088 iter=11/20 current=7.8043 best=7.7950 stagnation=6.23
[train:rollout] step=00088 iter=12/20 current=7.8032 best=7.7924 stagnation=6.47
[train:rollout] step=00088 iter=13/20 current=7.8014 best=7.7919 stagnation=7.42
[train:rollout] step=00088 iter=14/20 current=7.8041 best=7.7918 stagnation=8.17
[train:rollout] step=00088 iter=15/20 current=7.8036 best=7.7916 stagnation=8.89
[train:rollout] step=00088 iter=16/20 current=7.8007 best=7.7888 stagnation=9.02
[train:rollout] step=00088 iter=17/20 current=7.8015 best=7.7888 stagnation=9.92
[train:rollout] step=00088 iter=18/20 current=7.8002 best=7.7881 stagnation=9.93
[train:rollout] step=00088 iter=19/20 current=7.8004 best=7.7880 stagnation=10.53
[train:rollout] step=00088 iter=20/20 current=7.7966 best=7.7875 stagnation=11.17
[train:done] step=00088 total_t=40.51s rollout_t=8.77s opt_t=0.28s loss=-0.0265 init=7.9630 final=7.7875 improve=0.1755 baseline=0.1755 entropy=21.9096
[train] step=00088 loss=-0.0265 init=7.9630 final=7.7875 improve=0.1755 entropy=21.9096 baseline=0.1755 adv_mean=-0.0000 total_t=40.51s
[train] step=00088 init_dist=lehd:0.00, elg:0.00, difusco:1.00
[train] step=00088 op_dist=two_opt:0.29, lehd_rrc_step:0.37, dact_2opt_step:0.34
[train] step=00088 timing select=0.00s reset=31.46s rollout=8.77s optimize=0.28s
[train:prepare] step=00089/00100 fetching batch
[train:batch] step=00089 shape=(128, 100, 2) device=cuda:0 fetch_t=0.00s
[train:init] step=00089 batch=128 n=100 device=cuda:0 select_t=0.00s init_mean_entropy=0.0005
[solver:init] name=difusco count=128 start
[solver:init] name=difusco count=128 done elapsed=32.05s
[solver:init] all done elapsed=32.05s
[train:reset] step=00089 reset_t=32.05s init_len=7.8493
[train:rollout] step=00089 iter=01/20 current=7.8384 best=7.8319 stagnation=0.58
[train:rollout] step=00089 iter=02/20 current=7.8195 best=7.8113 stagnation=1.19
[train:rollout] step=00089 iter=03/20 current=7.7971 best=7.7905 stagnation=1.59
[train:rollout] step=00089 iter=04/20 current=7.7945 best=7.7827 stagnation=2.38
[train:rollout] step=00089 iter=05/20 current=7.7881 best=7.7778 stagnation=3.06
[train:rollout] step=00089 iter=06/20 current=7.7821 best=7.7723 stagnation=3.47
[train:rollout] step=00089 iter=07/20 current=7.7747 best=7.7661 stagnation=3.86
[train:rollout] step=00089 iter=08/20 current=7.7767 best=7.7651 stagnation=4.67
[train:rollout] step=00089 iter=09/20 current=7.7721 best=7.7612 stagnation=5.37
[train:rollout] step=00089 iter=10/20 current=7.7680 best=7.7597 stagnation=5.74
[train:rollout] step=00089 iter=11/20 current=7.7692 best=7.7597 stagnation=6.36
[train:rollout] step=00089 iter=12/20 current=7.7651 best=7.7583 stagnation=6.95
[train:rollout] step=00089 iter=13/20 current=7.7691 best=7.7582 stagnation=7.90
[train:rollout] step=00089 iter=14/20 current=7.7729 best=7.7582 stagnation=8.79
[train:rollout] step=00089 iter=15/20 current=7.7673 best=7.7571 stagnation=8.98
[train:rollout] step=00089 iter=16/20 current=7.7668 best=7.7564 stagnation=9.22
[train:rollout] step=00089 iter=17/20 current=7.7717 best=7.7563 stagnation=9.97
[train:rollout] step=00089 iter=18/20 current=7.7638 best=7.7544 stagnation=10.09
[train:rollout] step=00089 iter=19/20 current=7.7621 best=7.7521 stagnation=10.48
[train:rollout] step=00089 iter=20/20 current=7.7593 best=7.7519 stagnation=11.14
[train:done] step=00089 total_t=41.81s rollout_t=9.47s opt_t=0.28s loss=0.0326 init=7.8493 final=7.7519 improve=0.0974 baseline=0.0974 entropy=21.9099
[train] step=00089 loss=0.0326 init=7.8493 final=7.7519 improve=0.0974 entropy=21.9099 baseline=0.0974 adv_mean=0.0000 total_t=41.81s
[train] step=00089 init_dist=lehd:0.00, elg:0.00, difusco:1.00
[train] step=00089 op_dist=two_opt:0.31, lehd_rrc_step:0.36, dact_2opt_step:0.34
[train] step=00089 timing select=0.00s reset=32.05s rollout=9.47s optimize=0.28s
[train:prepare] step=00090/00100 fetching batch
[train:batch] step=00090 shape=(128, 100, 2) device=cuda:0 fetch_t=0.00s
[train:init] step=00090 batch=128 n=100 device=cuda:0 select_t=0.00s init_mean_entropy=0.0005
[solver:init] name=difusco count=128 start
[solver:init] name=difusco count=128 done elapsed=32.74s
[solver:init] all done elapsed=32.74s
[train:reset] step=00090 reset_t=32.74s init_len=7.8774
[train:rollout] step=00090 iter=01/20 current=7.8222 best=7.8167 stagnation=0.45
[train:rollout] step=00090 iter=02/20 current=7.8081 best=7.7954 stagnation=0.98
[train:rollout] step=00090 iter=03/20 current=7.8022 best=7.7886 stagnation=1.70
[train:rollout] step=00090 iter=04/20 current=7.7771 best=7.7682 stagnation=2.05
[train:rollout] step=00090 iter=05/20 current=7.7747 best=7.7633 stagnation=2.72
[train:rollout] step=00090 iter=06/20 current=7.7711 best=7.7580 stagnation=3.05
[train:rollout] step=00090 iter=07/20 current=7.7644 best=7.7533 stagnation=3.74
[train:rollout] step=00090 iter=08/20 current=7.7630 best=7.7516 stagnation=4.44
[train:rollout] step=00090 iter=09/20 current=7.7544 best=7.7477 stagnation=4.70
[train:rollout] step=00090 iter=10/20 current=7.7547 best=7.7445 stagnation=4.87
[train:rollout] step=00090 iter=11/20 current=7.7538 best=7.7429 stagnation=5.78
[train:rollout] step=00090 iter=12/20 current=7.7504 best=7.7418 stagnation=6.16
[train:rollout] step=00090 iter=13/20 current=7.7532 best=7.7415 stagnation=7.02
[train:rollout] step=00090 iter=14/20 current=7.7553 best=7.7414 stagnation=7.98
[train:rollout] step=00090 iter=15/20 current=7.7510 best=7.7403 stagnation=8.58
[train:rollout] step=00090 iter=16/20 current=7.7512 best=7.7388 stagnation=9.04
[train:rollout] step=00090 iter=17/20 current=7.7469 best=7.7381 stagnation=9.64
[train:rollout] step=00090 iter=18/20 current=7.7524 best=7.7380 stagnation=10.52
[train:rollout] step=00090 iter=19/20 current=7.7464 best=7.7379 stagnation=11.05
[train:rollout] step=00090 iter=20/20 current=7.7523 best=7.7379 stagnation=11.98
[train:done] step=00090 total_t=43.11s rollout_t=10.09s opt_t=0.27s loss=-0.0187 init=7.8774 final=7.7379 improve=0.1396 baseline=0.1396 entropy=21.9107
[train] step=00090 loss=-0.0187 init=7.8774 final=7.7379 improve=0.1396 entropy=21.9107 baseline=0.1396 adv_mean=-0.0000 total_t=43.11s
[train] step=00090 init_dist=lehd:0.00, elg:0.00, difusco:1.00
[train] step=00090 op_dist=two_opt:0.30, lehd_rrc_step:0.36, dact_2opt_step:0.34
[train] step=00090 timing select=0.00s reset=32.74s rollout=10.09s optimize=0.27s
[eval] step=00090 starting evaluation
[eval] batch=0001 items=32/128 avg_init=7.9623 avg_final=7.9024 improve=0.0599 elapsed=9.08s
[eval] batch=0002 items=64/128 avg_init=7.8652 avg_final=7.8205 improve=0.0447 elapsed=18.07s
[eval] batch=0003 items=96/128 avg_init=7.8498 avg_final=7.8146 improve=0.0352 elapsed=27.07s
[eval] batch=0004 items=128/128 avg_init=7.8640 avg_final=7.8257 improve=0.0383 elapsed=35.76s
[eval] step=00090 init=7.8640 final=7.8257 improve=0.0383 elapsed=35.77s
[eval] step=00090 init_dist=lehd:0.00, elg:0.00, difusco:1.00
[eval] step=00090 op_dist=two_opt:0.00, lehd_rrc_step:0.00, dact_2opt_step:1.00
[eval] step=00090 instance_trace=0new/operator_policy/outputs/去掉迭代特征/eval_traces/step_00090_instance_actions.jsonl
[eval] step=00090 step_summary=0new/operator_policy/outputs/去掉迭代特征/eval_traces/step_00090_instance_actions_step_summary.json
[ckpt] saved 0new/operator_policy/outputs/去掉迭代特征/selector_last.pt
[save] wrote eval snapshot -> 0new/operator_policy/outputs/去掉迭代特征/latest_metrics.json
[train:prepare] step=00091/00100 fetching batch
[train:batch] step=00091 shape=(128, 100, 2) device=cuda:0 fetch_t=0.00s
[train:init] step=00091 batch=128 n=100 device=cuda:0 select_t=0.00s init_mean_entropy=0.0005
[solver:init] name=difusco count=128 start
[solver:init] name=difusco count=128 done elapsed=32.49s
[solver:init] all done elapsed=32.49s
[train:reset] step=00091 reset_t=32.49s init_len=7.8807
[train:rollout] step=00091 iter=01/20 current=7.8702 best=7.8634 stagnation=0.55
[train:rollout] step=00091 iter=02/20 current=7.8457 best=7.8370 stagnation=1.12
[train:rollout] step=00091 iter=03/20 current=7.8308 best=7.8209 stagnation=1.71
[train:rollout] step=00091 iter=04/20 current=7.8311 best=7.8176 stagnation=2.48
[train:rollout] step=00091 iter=05/20 current=7.8269 best=7.8116 stagnation=2.81
[train:rollout] step=00091 iter=06/20 current=7.8114 best=7.7994 stagnation=3.30
[train:rollout] step=00091 iter=07/20 current=7.8087 best=7.7959 stagnation=3.92
[train:rollout] step=00091 iter=08/20 current=7.8071 best=7.7932 stagnation=4.42
[train:rollout] step=00091 iter=09/20 current=7.8064 best=7.7930 stagnation=5.23
[train:rollout] step=00091 iter=10/20 current=7.8032 best=7.7916 stagnation=5.63
[train:rollout] step=00091 iter=11/20 current=7.8043 best=7.7911 stagnation=6.00
[train:rollout] step=00091 iter=12/20 current=7.8035 best=7.7886 stagnation=6.16
[train:rollout] step=00091 iter=13/20 current=7.8010 best=7.7877 stagnation=6.76
[train:rollout] step=00091 iter=14/20 current=7.7998 best=7.7875 stagnation=7.36
[train:rollout] step=00091 iter=15/20 current=7.8009 best=7.7875 stagnation=8.20
[train:rollout] step=00091 iter=16/20 current=7.8000 best=7.7867 stagnation=8.90
[train:rollout] step=00091 iter=17/20 current=7.7994 best=7.7860 stagnation=9.48
[train:rollout] step=00091 iter=18/20 current=7.7976 best=7.7858 stagnation=9.91
[train:rollout] step=00091 iter=19/20 current=7.8001 best=7.7858 stagnation=10.59
[train:rollout] step=00091 iter=20/20 current=7.7947 best=7.7856 stagnation=11.35
[train:done] step=00091 total_t=41.05s rollout_t=8.27s opt_t=0.28s loss=0.0152 init=7.8807 final=7.7856 improve=0.0951 baseline=0.0951 entropy=21.9117
[train] step=00091 loss=0.0152 init=7.8807 final=7.7856 improve=0.0951 entropy=21.9117 baseline=0.0951 adv_mean=0.0000 total_t=41.05s
[train] step=00091 init_dist=lehd:0.00, elg:0.00, difusco:1.00
[train] step=00091 op_dist=two_opt:0.30, lehd_rrc_step:0.35, dact_2opt_step:0.35
[train] step=00091 timing select=0.00s reset=32.49s rollout=8.27s optimize=0.28s
[train:prepare] step=00092/00100 fetching batch
[train:batch] step=00092 shape=(128, 100, 2) device=cuda:0 fetch_t=0.00s
[train:init] step=00092 batch=128 n=100 device=cuda:0 select_t=0.00s init_mean_entropy=0.0005
[solver:init] name=difusco count=128 start
[solver:init] name=difusco count=128 done elapsed=32.59s
[solver:init] all done elapsed=32.59s
[train:reset] step=00092 reset_t=32.59s init_len=7.8995
[train:rollout] step=00092 iter=01/20 current=7.8887 best=7.8785 stagnation=0.55
[train:rollout] step=00092 iter=02/20 current=7.8213 best=7.8141 stagnation=0.98
[train:rollout] step=00092 iter=03/20 current=7.8089 best=7.8029 stagnation=1.58
[train:rollout] step=00092 iter=04/20 current=7.7974 best=7.7854 stagnation=1.81
[train:rollout] step=00092 iter=05/20 current=7.7867 best=7.7692 stagnation=2.41
[train:rollout] step=00092 iter=06/20 current=7.7670 best=7.7561 stagnation=2.86
[train:rollout] step=00092 iter=07/20 current=7.7668 best=7.7550 stagnation=3.66
[train:rollout] step=00092 iter=08/20 current=7.7693 best=7.7549 stagnation=4.52
[train:rollout] step=00092 iter=09/20 current=7.7663 best=7.7546 stagnation=5.35
[train:rollout] step=00092 iter=10/20 current=7.7668 best=7.7536 stagnation=6.18
[train:rollout] step=00092 iter=11/20 current=7.7744 best=7.7536 stagnation=7.01
[train:rollout] step=00092 iter=12/20 current=7.7674 best=7.7510 stagnation=7.59
[train:rollout] step=00092 iter=13/20 current=7.7679 best=7.7509 stagnation=8.33
[train:rollout] step=00092 iter=14/20 current=7.7648 best=7.7506 stagnation=8.88
[train:rollout] step=00092 iter=15/20 current=7.7636 best=7.7502 stagnation=9.34
[train:rollout] step=00092 iter=16/20 current=7.7644 best=7.7500 stagnation=9.97
[train:rollout] step=00092 iter=17/20 current=7.7647 best=7.7494 stagnation=10.48
[train:rollout] step=00092 iter=18/20 current=7.7667 best=7.7493 stagnation=11.41
[train:rollout] step=00092 iter=19/20 current=7.7654 best=7.7487 stagnation=12.02
[train:rollout] step=00092 iter=20/20 current=7.7691 best=7.7484 stagnation=12.66
[train:done] step=00092 total_t=41.45s rollout_t=8.58s opt_t=0.27s loss=-0.0005 init=7.8995 final=7.7484 improve=0.1511 baseline=0.1511 entropy=21.9128
[train] step=00092 loss=-0.0005 init=7.8995 final=7.7484 improve=0.1511 entropy=21.9128 baseline=0.1511 adv_mean=0.0000 total_t=41.45s
[train] step=00092 init_dist=lehd:0.00, elg:0.00, difusco:1.00
[train] step=00092 op_dist=two_opt:0.29, lehd_rrc_step:0.35, dact_2opt_step:0.36
[train] step=00092 timing select=0.00s reset=32.59s rollout=8.58s optimize=0.27s
[train:prepare] step=00093/00100 fetching batch
[train:batch] step=00093 shape=(128, 100, 2) device=cuda:0 fetch_t=0.00s
[train:init] step=00093 batch=128 n=100 device=cuda:0 select_t=0.00s init_mean_entropy=0.0005
[solver:init] name=difusco count=128 start
[solver:init] name=difusco count=128 done elapsed=31.20s
[solver:init] all done elapsed=31.20s
[train:reset] step=00093 reset_t=31.20s init_len=7.8927
[train:rollout] step=00093 iter=01/20 current=7.8892 best=7.8808 stagnation=0.74
[train:rollout] step=00093 iter=02/20 current=7.8684 best=7.8555 stagnation=1.11
[train:rollout] step=00093 iter=03/20 current=7.8523 best=7.8375 stagnation=1.66
[train:rollout] step=00093 iter=04/20 current=7.8405 best=7.8270 stagnation=1.98
[train:rollout] step=00093 iter=05/20 current=7.8309 best=7.8148 stagnation=2.70
[train:rollout] step=00093 iter=06/20 current=7.8262 best=7.8106 stagnation=3.28
[train:rollout] step=00093 iter=07/20 current=7.8161 best=7.8008 stagnation=3.49
[train:rollout] step=00093 iter=08/20 current=7.8065 best=7.7957 stagnation=4.01
[train:rollout] step=00093 iter=09/20 current=7.8080 best=7.7935 stagnation=4.59
[train:rollout] step=00093 iter=10/20 current=7.8060 best=7.7919 stagnation=5.05
[train:rollout] step=00093 iter=11/20 current=7.8034 best=7.7907 stagnation=5.55
[train:rollout] step=00093 iter=12/20 current=7.8026 best=7.7889 stagnation=6.20
[train:rollout] step=00093 iter=13/20 current=7.8048 best=7.7888 stagnation=7.13
[train:rollout] step=00093 iter=14/20 current=7.8047 best=7.7884 stagnation=7.74
[train:rollout] step=00093 iter=15/20 current=7.8055 best=7.7871 stagnation=8.22
[train:rollout] step=00093 iter=16/20 current=7.8033 best=7.7870 stagnation=9.09
[train:rollout] step=00093 iter=17/20 current=7.8066 best=7.7870 stagnation=10.09
[train:rollout] step=00093 iter=18/20 current=7.8086 best=7.7870 stagnation=10.95
[train:rollout] step=00093 iter=19/20 current=7.8054 best=7.7860 stagnation=11.39
[train:rollout] step=00093 iter=20/20 current=7.8023 best=7.7855 stagnation=11.84
[train:done] step=00093 total_t=40.80s rollout_t=9.33s opt_t=0.27s loss=0.0462 init=7.8927 final=7.7855 improve=0.1071 baseline=0.1071 entropy=21.9138
[train] step=00093 loss=0.0462 init=7.8927 final=7.7855 improve=0.1071 entropy=21.9138 baseline=0.1071 adv_mean=-0.0000 total_t=40.80s
[train] step=00093 init_dist=lehd:0.00, elg:0.00, difusco:1.00
[train] step=00093 op_dist=two_opt:0.28, lehd_rrc_step:0.36, dact_2opt_step:0.36
[train] step=00093 timing select=0.00s reset=31.20s rollout=9.33s optimize=0.27s
[train:prepare] step=00094/00100 fetching batch
[train:batch] step=00094 shape=(128, 100, 2) device=cuda:0 fetch_t=0.00s
[train:init] step=00094 batch=128 n=100 device=cuda:0 select_t=0.00s init_mean_entropy=0.0005
[solver:init] name=difusco count=128 start
[solver:init] name=difusco count=128 done elapsed=25.94s
[solver:init] all done elapsed=25.94s
[train:reset] step=00094 reset_t=25.94s init_len=7.8967
[train:rollout] step=00094 iter=01/20 current=7.8521 best=7.8446 stagnation=0.52
[train:rollout] step=00094 iter=02/20 current=7.8258 best=7.8162 stagnation=1.05
[train:rollout] step=00094 iter=03/20 current=7.7961 best=7.7844 stagnation=1.49
[train:rollout] step=00094 iter=04/20 current=7.7929 best=7.7796 stagnation=2.31
[train:rollout] step=00094 iter=05/20 current=7.7902 best=7.7785 stagnation=2.95
[train:rollout] step=00094 iter=06/20 current=7.7892 best=7.7775 stagnation=3.49
[train:rollout] step=00094 iter=07/20 current=7.7925 best=7.7772 stagnation=4.29
[train:rollout] step=00094 iter=08/20 current=7.7877 best=7.7760 stagnation=4.88
[train:rollout] step=00094 iter=09/20 current=7.7863 best=7.7741 stagnation=5.30
[train:rollout] step=00094 iter=10/20 current=7.7827 best=7.7733 stagnation=5.93
[train:rollout] step=00094 iter=11/20 current=7.7904 best=7.7732 stagnation=6.87
[train:rollout] step=00094 iter=12/20 current=7.7872 best=7.7732 stagnation=7.62
[train:rollout] step=00094 iter=13/20 current=7.7880 best=7.7732 stagnation=8.49
[train:rollout] step=00094 iter=14/20 current=7.7932 best=7.7731 stagnation=9.42
[train:rollout] step=00094 iter=15/20 current=7.7881 best=7.7730 stagnation=9.99
[train:rollout] step=00094 iter=16/20 current=7.7849 best=7.7729 stagnation=10.62
[train:rollout] step=00094 iter=17/20 current=7.7836 best=7.7728 stagnation=10.98
[train:rollout] step=00094 iter=18/20 current=7.7859 best=7.7716 stagnation=11.52
[train:rollout] step=00094 iter=19/20 current=7.7857 best=7.7713 stagnation=11.63
[train:rollout] step=00094 iter=20/20 current=7.7860 best=7.7712 stagnation=12.47
[train:done] step=00094 total_t=35.07s rollout_t=8.85s opt_t=0.28s loss=-0.0337 init=7.8967 final=7.7712 improve=0.1255 baseline=0.1255 entropy=21.9153
[train] step=00094 loss=-0.0337 init=7.8967 final=7.7712 improve=0.1255 entropy=21.9153 baseline=0.1255 adv_mean=0.0000 total_t=35.07s
[train] step=00094 init_dist=lehd:0.00, elg:0.00, difusco:1.00
[train] step=00094 op_dist=two_opt:0.29, lehd_rrc_step:0.35, dact_2opt_step:0.37
[train] step=00094 timing select=0.00s reset=25.94s rollout=8.85s optimize=0.28s
[train:prepare] step=00095/00100 fetching batch
[train:batch] step=00095 shape=(128, 100, 2) device=cuda:0 fetch_t=0.00s
[train:init] step=00095 batch=128 n=100 device=cuda:0 select_t=0.00s init_mean_entropy=0.0005
[solver:init] name=difusco count=128 start
[solver:init] name=difusco count=128 done elapsed=33.92s
[solver:init] all done elapsed=33.92s
[train:reset] step=00095 reset_t=33.92s init_len=7.9357
[train:rollout] step=00095 iter=01/20 current=7.8987 best=7.8882 stagnation=0.52
[train:rollout] step=00095 iter=02/20 current=7.8919 best=7.8800 stagnation=1.25
[train:rollout] step=00095 iter=03/20 current=7.8522 best=7.8445 stagnation=1.51
[train:rollout] step=00095 iter=04/20 current=7.8428 best=7.8312 stagnation=2.18
[train:rollout] step=00095 iter=05/20 current=7.8290 best=7.8168 stagnation=2.60
[train:rollout] step=00095 iter=06/20 current=7.8211 best=7.8078 stagnation=3.25
[train:rollout] step=00095 iter=07/20 current=7.8137 best=7.8003 stagnation=3.94
[train:rollout] step=00095 iter=08/20 current=7.8036 best=7.7914 stagnation=4.18
[train:rollout] step=00095 iter=09/20 current=7.8004 best=7.7869 stagnation=4.70
[train:rollout] step=00095 iter=10/20 current=7.8010 best=7.7849 stagnation=5.48
[train:rollout] step=00095 iter=11/20 current=7.7899 best=7.7807 stagnation=5.39
[train:rollout] step=00095 iter=12/20 current=7.7924 best=7.7797 stagnation=6.18
[train:rollout] step=00095 iter=13/20 current=7.7941 best=7.7787 stagnation=6.99
[train:rollout] step=00095 iter=14/20 current=7.7879 best=7.7764 stagnation=7.14
[train:rollout] step=00095 iter=15/20 current=7.7898 best=7.7759 stagnation=7.66
[train:rollout] step=00095 iter=16/20 current=7.7945 best=7.7746 stagnation=8.12
[train:rollout] step=00095 iter=17/20 current=7.7865 best=7.7739 stagnation=8.76
[train:rollout] step=00095 iter=18/20 current=7.7909 best=7.7733 stagnation=9.41
[train:rollout] step=00095 iter=19/20 current=7.7863 best=7.7731 stagnation=10.34
[train:rollout] step=00095 iter=20/20 current=7.7856 best=7.7728 stagnation=11.08
[train:done] step=00095 total_t=42.27s rollout_t=8.08s opt_t=0.27s loss=-0.0075 init=7.9357 final=7.7728 improve=0.1629 baseline=0.1629 entropy=21.9165
[train] step=00095 loss=-0.0075 init=7.9357 final=7.7728 improve=0.1629 entropy=21.9165 baseline=0.1629 adv_mean=0.0000 total_t=42.27s
[train] step=00095 init_dist=lehd:0.00, elg:0.00, difusco:1.00
[train] step=00095 op_dist=two_opt:0.31, lehd_rrc_step:0.34, dact_2opt_step:0.35
[train] step=00095 timing select=0.00s reset=33.92s rollout=8.08s optimize=0.27s
[train:prepare] step=00096/00100 fetching batch
[train:batch] step=00096 shape=(128, 100, 2) device=cuda:0 fetch_t=0.00s
[train:init] step=00096 batch=128 n=100 device=cuda:0 select_t=0.00s init_mean_entropy=0.0005
[solver:init] name=difusco count=128 start
[solver:init] name=difusco count=128 done elapsed=32.08s
[solver:init] all done elapsed=32.08s
[train:reset] step=00096 reset_t=32.08s init_len=7.8854
[train:rollout] step=00096 iter=01/20 current=7.8707 best=7.8659 stagnation=0.46
[train:rollout] step=00096 iter=02/20 current=7.8362 best=7.8292 stagnation=0.98
[train:rollout] step=00096 iter=03/20 current=7.8192 best=7.8125 stagnation=1.59
[train:rollout] step=00096 iter=04/20 current=7.8119 best=7.8025 stagnation=2.11
[train:rollout] step=00096 iter=05/20 current=7.8037 best=7.7925 stagnation=2.66
[train:rollout] step=00096 iter=06/20 current=7.8035 best=7.7897 stagnation=3.51
[train:rollout] step=00096 iter=07/20 current=7.8047 best=7.7874 stagnation=4.25
[train:rollout] step=00096 iter=08/20 current=7.7858 best=7.7797 stagnation=4.55
[train:rollout] step=00096 iter=09/20 current=7.7880 best=7.7750 stagnation=5.00
[train:rollout] step=00096 iter=10/20 current=7.7893 best=7.7748 stagnation=5.84
[train:rollout] step=00096 iter=11/20 current=7.7844 best=7.7738 stagnation=6.67
[train:rollout] step=00096 iter=12/20 current=7.7868 best=7.7736 stagnation=7.52
[train:rollout] step=00096 iter=13/20 current=7.7866 best=7.7726 stagnation=7.91
[train:rollout] step=00096 iter=14/20 current=7.7861 best=7.7726 stagnation=8.75
[train:rollout] step=00096 iter=15/20 current=7.7795 best=7.7712 stagnation=9.12
[train:rollout] step=00096 iter=16/20 current=7.7810 best=7.7708 stagnation=9.48
[train:rollout] step=00096 iter=17/20 current=7.7834 best=7.7708 stagnation=10.40
[train:rollout] step=00096 iter=18/20 current=7.7820 best=7.7701 stagnation=11.08
[train:rollout] step=00096 iter=19/20 current=7.7841 best=7.7701 stagnation=11.66
[train:rollout] step=00096 iter=20/20 current=7.7796 best=7.7699 stagnation=12.33
[train:done] step=00096 total_t=40.83s rollout_t=8.47s opt_t=0.28s loss=-0.0164 init=7.8854 final=7.7699 improve=0.1155 baseline=0.1155 entropy=21.9177
[train] step=00096 loss=-0.0164 init=7.8854 final=7.7699 improve=0.1155 entropy=21.9177 baseline=0.1155 adv_mean=-0.0000 total_t=40.83s
[train] step=00096 init_dist=lehd:0.00, elg:0.00, difusco:1.00
[train] step=00096 op_dist=two_opt:0.30, lehd_rrc_step:0.33, dact_2opt_step:0.36
[train] step=00096 timing select=0.00s reset=32.08s rollout=8.47s optimize=0.28s
[train:prepare] step=00097/00100 fetching batch
[train:batch] step=00097 shape=(128, 100, 2) device=cuda:0 fetch_t=0.00s
[train:init] step=00097 batch=128 n=100 device=cuda:0 select_t=0.00s init_mean_entropy=0.0005
[solver:init] name=difusco count=128 start
[solver:init] name=difusco count=128 done elapsed=32.76s
[solver:init] all done elapsed=32.76s
[train:reset] step=00097 reset_t=32.77s init_len=7.8105
[train:rollout] step=00097 iter=01/20 current=7.7987 best=7.7903 stagnation=0.55
[train:rollout] step=00097 iter=02/20 current=7.7905 best=7.7791 stagnation=1.19
[train:rollout] step=00097 iter=03/20 current=7.7810 best=7.7701 stagnation=1.70
[train:rollout] step=00097 iter=04/20 current=7.7829 best=7.7632 stagnation=2.30
[train:rollout] step=00097 iter=05/20 current=7.7714 best=7.7592 stagnation=2.84
[train:rollout] step=00097 iter=06/20 current=7.7718 best=7.7583 stagnation=3.50
[train:rollout] step=00097 iter=07/20 current=7.7680 best=7.7560 stagnation=3.61
[train:rollout] step=00097 iter=08/20 current=7.7694 best=7.7555 stagnation=4.40
[train:rollout] step=00097 iter=09/20 current=7.7724 best=7.7551 stagnation=5.28
[train:rollout] step=00097 iter=10/20 current=7.7704 best=7.7550 stagnation=6.05
[train:rollout] step=00097 iter=11/20 current=7.7658 best=7.7541 stagnation=6.32
[train:rollout] step=00097 iter=12/20 current=7.7714 best=7.7540 stagnation=7.18
[train:rollout] step=00097 iter=13/20 current=7.7659 best=7.7536 stagnation=8.00
[train:rollout] step=00097 iter=14/20 current=7.7639 best=7.7500 stagnation=8.38
[train:rollout] step=00097 iter=15/20 current=7.7625 best=7.7489 stagnation=8.73
[train:rollout] step=00097 iter=16/20 current=7.7604 best=7.7482 stagnation=9.05
[train:rollout] step=00097 iter=17/20 current=7.7628 best=7.7481 stagnation=9.82
[train:rollout] step=00097 iter=18/20 current=7.7613 best=7.7476 stagnation=10.47
[train:rollout] step=00097 iter=19/20 current=7.7624 best=7.7476 stagnation=11.38
[train:rollout] step=00097 iter=20/20 current=7.7616 best=7.7474 stagnation=12.12
[train:done] step=00097 total_t=42.18s rollout_t=9.12s opt_t=0.29s loss=0.0113 init=7.8105 final=7.7474 improve=0.0632 baseline=0.0632 entropy=21.9188
[train] step=00097 loss=0.0113 init=7.8105 final=7.7474 improve=0.0632 entropy=21.9188 baseline=0.0632 adv_mean=-0.0000 total_t=42.18s
[train] step=00097 init_dist=lehd:0.00, elg:0.00, difusco:1.00
[train] step=00097 op_dist=two_opt:0.29, lehd_rrc_step:0.35, dact_2opt_step:0.35
[train] step=00097 timing select=0.00s reset=32.77s rollout=9.12s optimize=0.29s
[train:prepare] step=00098/00100 fetching batch
[train:batch] step=00098 shape=(128, 100, 2) device=cuda:0 fetch_t=0.00s
[train:init] step=00098 batch=128 n=100 device=cuda:0 select_t=0.00s init_mean_entropy=0.0005
[solver:init] name=difusco count=128 start
[solver:init] name=difusco count=128 done elapsed=32.77s
[solver:init] all done elapsed=32.77s
[train:reset] step=00098 reset_t=32.77s init_len=7.8901
[train:rollout] step=00098 iter=01/20 current=7.8516 best=7.8326 stagnation=0.50
[train:rollout] step=00098 iter=02/20 current=7.8341 best=7.8205 stagnation=1.16
[train:rollout] step=00098 iter=03/20 current=7.8061 best=7.7934 stagnation=1.49
[train:rollout] step=00098 iter=04/20 current=7.7914 best=7.7796 stagnation=2.02
[train:rollout] step=00098 iter=05/20 current=7.7855 best=7.7724 stagnation=2.38
[train:rollout] step=00098 iter=06/20 current=7.7796 best=7.7685 stagnation=2.97
[train:rollout] step=00098 iter=07/20 current=7.7695 best=7.7596 stagnation=3.42
[train:rollout] step=00098 iter=08/20 current=7.7737 best=7.7590 stagnation=4.05
[train:rollout] step=00098 iter=09/20 current=7.7713 best=7.7578 stagnation=4.50
[train:rollout] step=00098 iter=10/20 current=7.7730 best=7.7576 stagnation=5.27
[train:rollout] step=00098 iter=11/20 current=7.7707 best=7.7565 stagnation=6.19
[train:rollout] step=00098 iter=12/20 current=7.7652 best=7.7544 stagnation=6.87
[train:rollout] step=00098 iter=13/20 current=7.7653 best=7.7535 stagnation=7.48
[train:rollout] step=00098 iter=14/20 current=7.7634 best=7.7527 stagnation=8.24
[train:rollout] step=00098 iter=15/20 current=7.7669 best=7.7522 stagnation=8.87
[train:rollout] step=00098 iter=16/20 current=7.7678 best=7.7522 stagnation=9.70
[train:rollout] step=00098 iter=17/20 current=7.7674 best=7.7522 stagnation=10.67
[train:rollout] step=00098 iter=18/20 current=7.7669 best=7.7518 stagnation=11.20
[train:rollout] step=00098 iter=19/20 current=7.7639 best=7.7517 stagnation=11.81
[train:rollout] step=00098 iter=20/20 current=7.7631 best=7.7513 stagnation=12.45
[train:done] step=00098 total_t=44.44s rollout_t=11.39s opt_t=0.28s loss=0.0258 init=7.8901 final=7.7513 improve=0.1388 baseline=0.1388 entropy=21.9199
[train] step=00098 loss=0.0258 init=7.8901 final=7.7513 improve=0.1388 entropy=21.9199 baseline=0.1388 adv_mean=0.0000 total_t=44.44s
[train] step=00098 init_dist=lehd:0.00, elg:0.00, difusco:1.00
[train] step=00098 op_dist=two_opt:0.29, lehd_rrc_step:0.34, dact_2opt_step:0.37
[train] step=00098 timing select=0.00s reset=32.77s rollout=11.39s optimize=0.28s
[train:prepare] step=00099/00100 fetching batch
[train:batch] step=00099 shape=(128, 100, 2) device=cuda:0 fetch_t=0.00s
[train:init] step=00099 batch=128 n=100 device=cuda:0 select_t=0.00s init_mean_entropy=0.0005
[solver:init] name=difusco count=128 start
[solver:init] name=difusco count=128 done elapsed=27.90s
[solver:init] all done elapsed=27.91s
[train:reset] step=00099 reset_t=27.91s init_len=7.9058
[train:rollout] step=00099 iter=01/20 current=7.8890 best=7.8807 stagnation=0.52
[train:rollout] step=00099 iter=02/20 current=7.8818 best=7.8656 stagnation=1.00
[train:rollout] step=00099 iter=03/20 current=7.8176 best=7.8100 stagnation=1.43
[train:rollout] step=00099 iter=04/20 current=7.8053 best=7.7957 stagnation=1.93
[train:rollout] step=00099 iter=05/20 current=7.8039 best=7.7894 stagnation=2.62
[train:rollout] step=00099 iter=06/20 current=7.7982 best=7.7839 stagnation=3.34
[train:rollout] step=00099 iter=07/20 current=7.7855 best=7.7786 stagnation=3.77
[train:rollout] step=00099 iter=08/20 current=7.7861 best=7.7773 stagnation=4.46
[train:rollout] step=00099 iter=09/20 current=7.7835 best=7.7744 stagnation=5.00
[train:rollout] step=00099 iter=10/20 current=7.7866 best=7.7743 stagnation=5.89
[train:rollout] step=00099 iter=11/20 current=7.7841 best=7.7738 stagnation=6.26
[train:rollout] step=00099 iter=12/20 current=7.7816 best=7.7710 stagnation=6.94
[train:rollout] step=00099 iter=13/20 current=7.7816 best=7.7709 stagnation=7.64
[train:rollout] step=00099 iter=14/20 current=7.7850 best=7.7708 stagnation=8.41
[train:rollout] step=00099 iter=15/20 current=7.7836 best=7.7708 stagnation=9.41
[train:rollout] step=00099 iter=16/20 current=7.7848 best=7.7707 stagnation=10.27
[train:rollout] step=00099 iter=17/20 current=7.7845 best=7.7706 stagnation=11.19
[train:rollout] step=00099 iter=18/20 current=7.7824 best=7.7706 stagnation=11.76
[train:rollout] step=00099 iter=19/20 current=7.7815 best=7.7706 stagnation=12.47
[train:rollout] step=00099 iter=20/20 current=7.7814 best=7.7706 stagnation=13.12
[train:done] step=00099 total_t=37.16s rollout_t=8.96s opt_t=0.29s loss=0.0093 init=7.9058 final=7.7706 improve=0.1352 baseline=0.1352 entropy=21.9212
[train] step=00099 loss=0.0093 init=7.9058 final=7.7706 improve=0.1352 entropy=21.9212 baseline=0.1352 adv_mean=-0.0000 total_t=37.16s
[train] step=00099 init_dist=lehd:0.00, elg:0.00, difusco:1.00
[train] step=00099 op_dist=two_opt:0.28, lehd_rrc_step:0.36, dact_2opt_step:0.36
[train] step=00099 timing select=0.00s reset=27.91s rollout=8.96s optimize=0.29s
[train:prepare] step=00100/00100 fetching batch
[train:batch] step=00100 shape=(128, 100, 2) device=cuda:0 fetch_t=0.00s
[train:init] step=00100 batch=128 n=100 device=cuda:0 select_t=0.01s init_mean_entropy=0.0005
[solver:init] name=difusco count=128 start
[solver:init] name=difusco count=128 done elapsed=26.40s
[solver:init] all done elapsed=26.40s
[train:reset] step=00100 reset_t=26.40s init_len=7.9278
[train:rollout] step=00100 iter=01/20 current=7.9246 best=7.9158 stagnation=0.58
[train:rollout] step=00100 iter=02/20 current=7.9166 best=7.9068 stagnation=1.25
[train:rollout] step=00100 iter=03/20 current=7.9038 best=7.8923 stagnation=1.81
[train:rollout] step=00100 iter=04/20 current=7.8676 best=7.8590 stagnation=2.16
[train:rollout] step=00100 iter=05/20 current=7.8576 best=7.8490 stagnation=2.62
[train:rollout] step=00100 iter=06/20 current=7.8360 best=7.8242 stagnation=3.06
[train:rollout] step=00100 iter=07/20 current=7.8270 best=7.8161 stagnation=3.57
[train:rollout] step=00100 iter=08/20 current=7.8060 best=7.7945 stagnation=4.14
[train:rollout] step=00100 iter=09/20 current=7.8046 best=7.7938 stagnation=4.35
[train:rollout] step=00100 iter=10/20 current=7.8062 best=7.7937 stagnation=5.11
[train:rollout] step=00100 iter=11/20 current=7.8045 best=7.7933 stagnation=5.76
[train:rollout] step=00100 iter=12/20 current=7.8021 best=7.7926 stagnation=6.45
[train:rollout] step=00100 iter=13/20 current=7.8052 best=7.7924 stagnation=7.22
[train:rollout] step=00100 iter=14/20 current=7.8047 best=7.7921 stagnation=7.67
[train:rollout] step=00100 iter=15/20 current=7.8030 best=7.7912 stagnation=8.04
[train:rollout] step=00100 iter=16/20 current=7.8019 best=7.7911 stagnation=8.31
[train:rollout] step=00100 iter=17/20 current=7.8018 best=7.7911 stagnation=9.07
[train:rollout] step=00100 iter=18/20 current=7.8052 best=7.7911 stagnation=9.85
[train:rollout] step=00100 iter=19/20 current=7.8067 best=7.7905 stagnation=10.78
[train:rollout] step=00100 iter=20/20 current=7.8077 best=7.7905 stagnation=11.77
[train:done] step=00100 total_t=34.76s rollout_t=8.06s opt_t=0.28s loss=-0.0442 init=7.9278 final=7.7905 improve=0.1373 baseline=0.1373 entropy=21.9226
[train] step=00100 loss=-0.0442 init=7.9278 final=7.7905 improve=0.1373 entropy=21.9226 baseline=0.1373 adv_mean=-0.0000 total_t=34.76s
[train] step=00100 init_dist=lehd:0.00, elg:0.00, difusco:1.00
[train] step=00100 op_dist=two_opt:0.30, lehd_rrc_step:0.35, dact_2opt_step:0.35
[train] step=00100 timing select=0.01s reset=26.40s rollout=8.06s optimize=0.28s
[save] wrote metrics snapshot -> 0new/operator_policy/outputs/去掉迭代特征/latest_metrics.json
[eval] step=00100 starting evaluation
[eval] batch=0001 items=32/128 avg_init=7.8965 avg_final=7.8128 improve=0.0837 elapsed=7.45s
[eval] batch=0002 items=64/128 avg_init=7.8986 avg_final=7.8174 improve=0.0812 elapsed=15.01s
[eval] batch=0003 items=96/128 avg_init=7.9010 avg_final=7.8238 improve=0.0771 elapsed=22.78s
[eval] batch=0004 items=128/128 avg_init=7.8955 avg_final=7.8075 improve=0.0880 elapsed=30.27s
[eval] step=00100 init=7.8955 final=7.8075 improve=0.0880 elapsed=30.28s
[eval] step=00100 init_dist=lehd:0.00, elg:0.00, difusco:1.00
[eval] step=00100 op_dist=two_opt:0.00, lehd_rrc_step:0.00, dact_2opt_step:1.00
[eval] step=00100 instance_trace=0new/operator_policy/outputs/去掉迭代特征/eval_traces/step_00100_instance_actions.jsonl
[eval] step=00100 step_summary=0new/operator_policy/outputs/去掉迭代特征/eval_traces/step_00100_instance_actions_step_summary.json
[ckpt] saved 0new/operator_policy/outputs/去掉迭代特征/selector_last.pt
[save] wrote eval snapshot -> 0new/operator_policy/outputs/去掉迭代特征/latest_metrics.json
[run] training finished elapsed=4311.50s
