source_split,original_index,customers,label,MOEL_cost,MTL_cost,R50B_static_reference_prediction,R50B_static_reference_score0,R50B_static_reference_score1,R50B_static_reference_probability1,A_static_seed2_prediction,A_static_seed2_score0,A_static_seed2_score1,A_static_seed2_probability1,B_behavior_seed2_prediction,B_behavior_seed2_score0,B_behavior_seed2_score1,B_behavior_seed2_probability1
train,0,50,1,10.0953922272,9.595044136,1,-0.03545951470732689,-0.030934013426303864,0.5011313733893639,1,-0.03545951470732689,-0.030934013426303864,0.5011313733893639,0,0.07940275967121124,-0.12577591836452484,0.4488845276285815
train,5,50,1,8.4725875854,8.1505374908,0,0.06005200371146202,-0.11861558258533478,0.45545154712830804,0,0.06005200371146202,-0.11861558258533478,0.45545154712830804,1,-0.031903620809316635,-0.027936026453971863,0.5009918972876487
train,7,50,0,7.2480053902,7.3704023361,0,0.19061040878295898,-0.22956028580665588,0.3964759051407763,0,0.19061040878295898,-0.22956028580665588,0.3964759051407763,1,-0.1722491979598999,0.10851584374904633,0.5697337741187279
train,13,50,0,7.7427744865,7.9062795639,0,-0.006835334002971649,-0.05193847417831421,0.48872612608850535,0,-0.006835334002971649,-0.05193847417831421,0.48872612608850535,0,0.023805838078260422,-0.0694538801908493,0.4767019539725226
train,18,50,0,8.2777290344,8.4881534576,0,0.1581995189189911,-0.20178940892219543,0.4109622462014033,0,0.1581995189189911,-0.20178940892219543,0.4109622462014033,0,0.06856265664100647,-0.11662106961011887,0.45383591854844596
train,27,50,0,8.7285337448,9.5550889969,0,0.1397182196378708,-0.17633996903896332,0.42163669670330495,0,0.1397182196378708,-0.17633996903896332,0.42163669670330495,0,0.32627078890800476,-0.3205868601799011,0.34369800788667376
train,55,50,1,8.6371126175,8.6357021332,0,-0.02010919153690338,-0.03597529977560043,0.4960335561471733,0,-0.02010919153690338,-0.03597529977560043,0.4960335561471733,0,0.035375986248254776,-0.08588670194149017,0.469721421827486
train,65,50,0,8.5303916931,8.8573789597,0,-0.00690031610429287,-0.061238378286361694,0.48641882596621616,0,-0.00690031610429287,-0.061238378286361694,0.48641882596621616,0,0.118547722697258,-0.16258537769317627,0.43017600332306305
train,90,50,0,5.8496198654,5.8949847221,0,0.04418543353676796,-0.10836116969585419,0.46193713230336003,0,0.04418543353676796,-0.10836116969585419,0.46193713230336003,1,-0.16259713470935822,0.06428268551826477,0.556477898565567
train,95,50,0,11.0112895966,11.139383316,0,0.003288751468062401,-0.06408854573965073,0.48316204515504896,0,0.003288751468062401,-0.06408854573965073,0.48316204515504896,0,0.17298273742198944,-0.21445927023887634,0.40433323664603876
train,102,50,1,5.5674781799,5.0428276062,0,0.09259176254272461,-0.13510973751544952,0.4433193118547365,0,0.09259176254272461,-0.13510973751544952,0.4433193118547365,0,0.039616648107767105,-0.06521009653806686,0.4738172854978907
train,111,50,0,7.0343723297,7.0617651939,1,-0.17381829023361206,0.062323592603206635,0.5587626590299306,1,-0.17381829023361206,0.062323592603206635,0.5587626590299306,1,-0.4024314284324646,0.23370088636875153,0.6538786425611905
train,127,50,1,6.6513323784,6.6114807129,0,0.10776501893997192,-0.1590488851070404,0.43368944352247124,0,0.10776501893997192,-0.1590488851070404,0.43368944352247124,1,-0.04981739819049835,0.0004627406597137451,0.512567387197804
train,153,50,1,8.6895503998,8.6525554657,0,-0.01930980756878853,-0.04891546070575714,0.4925991272766696,0,-0.01930980756878853,-0.04891546070575714,0.4925991272766696,1,-0.10945208370685577,0.008580446243286133,0.5294739219973715
train,181,50,1,8.0428352356,7.8887529373,0,0.06322838366031647,-0.11682020872831345,0.45510905742620145,0,0.06322838366031647,-0.11682020872831345,0.45510905742620145,1,-0.04672788456082344,-0.009858906269073486,0.5092162006149052
train,183,50,1,11.5535554886,11.5191364288,0,-0.008264105767011642,-0.049229104071855545,0.48976018236343083,0,-0.008264105767011642,-0.049229104071855545,0.48976018236343083,0,0.23578490316867828,-0.2871873676776886,0.3721574804247368
train,184,50,0,6.8596200943,7.0337119102,0,-0.00929567776620388,-0.06962257623672485,0.4849228476719862,0,-0.00929567776620388,-0.06962257623672485,0.4849228476719862,0,0.12496815621852875,-0.16849365830421448,0.42715656958087644
train,186,50,0,7.3499298096,7.3655776978,0,-0.012744901701807976,-0.047840096056461334,0.49122710183775925,0,-0.012744901701807976,-0.047840096056461334,0.49122710183775925,1,-0.047953348606824875,-0.03687259927392006,0.5027701589892469
train,192,50,0,7.2807846069,7.3858399391,0,-0.02892966940999031,-0.03587573766708374,0.4982634899176296,0,-0.02892966940999031,-0.03587573766708374,0.4982634899176296,1,-0.2811552882194519,0.21804283559322357,0.6222708688247239
train,193,50,0,7.2963085175,7.3261237144,1,-0.10765504837036133,0.019991911947727203,0.5318684804141454,1,-0.10765504837036133,0.019991911947727203,0.5318684804141454,1,-0.30579039454460144,0.19981063902378082,0.6237746892413204
train,197,51,1,10.4141082764,10.1282482147,0,0.0031629083678126335,-0.05807391181588173,0.48469557722118256,0,0.0031629083678126335,-0.05807391181588173,0.48469557722118256,1,-0.1356627643108368,0.023213297128677368,0.5396356780757862
train,201,51,0,9.2480773926,9.2850589752,0,0.14016011357307434,-0.18398122489452362,0.4196668048199773,0,0.14016011357307434,-0.18398122489452362,0.4196668048199773,0,0.03733672946691513,-0.07238903641700745,0.47259604772692054
train,204,51,1,6.3152804375,5.6369514465,0,0.32372212409973145,-0.34746378660202026,0.33823134643195885,0,0.32372212409973145,-0.34746378660202026,0.33823134643195885,0,0.018327288329601288,-0.0368928425014019,0.4861984741540325
train,211,51,0,8.6867542267,8.8469400406,0,-0.02431769110262394,-0.039029646664857864,0.4963220774471669,0,-0.02431769110262394,-0.039029646664857864,0.4963220774471669,0,0.08619913458824158,-0.15517543256282806,0.4399476381215011
train,221,51,1,4.5723876953,4.4354467392,1,-0.5678127408027649,0.35284554958343506,0.7151762179148377,1,-0.5678127408027649,0.35284554958343506,0.7151762179148377,1,-1.090978741645813,0.7178321480751038,0.8592180981135158
train,228,51,1,5.1594753265,5.0896978378,1,-0.06925290822982788,-0.00931498408317566,0.5149799966003362,1,-0.06925290822982788,-0.00931498408317566,0.5149799966003362,1,-0.1923505961894989,0.05920778214931488,0.5625600336689395
train,233,51,1,4.7685527802,4.6956548691,0,0.2676330804824829,-0.3021320700645447,0.36129101690259063,0,0.2676330804824829,-0.3021320700645447,0.36129101690259063,0,0.056218307465314865,-0.07184258103370667,0.46802845928706704
train,241,51,0,6.3818349838,6.4172940254,0,0.03473842889070511,-0.09294118732213974,0.46812338878595616,0,0.03473842889070511,-0.09294118732213974,0.46812338878595616,0,0.05831093713641167,-0.08648007363080978,0.4638653538038296
train,253,51,0,9.416217804,9.4350395203,0,-0.019539419561624527,-0.04533398896455765,0.49355171518109914,0,-0.019539419561624527,-0.04533398896455765,0.49355171518109914,0,0.2779950499534607,-0.3117489218711853,0.35669360121370747
train,272,51,1,9.2692394257,9.1598320007,0,-0.015333476476371288,-0.04132974147796631,0.4935012997337535,0,-0.015333476476371288,-0.04132974147796631,0.4935012997337535,1,-0.15153324604034424,0.07103376090526581,0.5554131943654135
train,277,51,0,6.5003166199,6.5240869522,1,-0.13452047109603882,0.04206075519323349,0.5440309554755183,1,-0.13452047109603882,0.04206075519323349,0.5440309554755183,1,-0.3536496162414551,0.23568381369113922,0.6432121889574296
train,287,51,0,9.38048172,9.6428203583,0,-0.027157805860042572,-0.039795633405447006,0.4968405851639491,0,-0.027157805860042572,-0.039795633405447006,0.4968405851639491,0,0.09879763424396515,-0.1427229940891266,0.4399116498801442
train,304,51,1,8.8482036591,8.8246479034,0,-0.009902294725179672,-0.054698482155799866,0.4888028255257403,0,-0.009902294725179672,-0.054698482155799866,0.4888028255257403,0,0.09431341290473938,-0.15020154416561127,0.4391740123186137
train,313,51,1,7.8965063095,7.6093225479,0,0.04480702057480812,-0.10046914964914322,0.46374469953605424,0,0.04480702057480812,-0.10046914964914322,0.46374469953605424,0,0.05827224627137184,-0.08469594269990921,0.46431870890694704
train,316,51,0,7.5385365486,7.611415863,1,-0.12046170234680176,0.021235965192317963,0.5353652640209239,1,-0.12046170234680176,0.021235965192317963,0.5353652640209239,0,0.011981772258877754,-0.08454663306474686,0.4758866192657484
train,341,51,0,9.638092041,9.7312479019,1,-0.7926128506660461,0.5309827923774719,0.7897793058003363,1,-0.7926128506660461,0.5309827923774719,0.7897793058003363,1,-0.7479701638221741,0.5142430663108826,0.779406867728784
train,343,51,1,6.943921566,6.904630661,0,0.016672678291797638,-0.08317015320062637,0.4750600067349159,0,0.016672678291797638,-0.08317015320062637,0.4750600067349159,0,0.047210413962602615,-0.10459981858730316,0.46212016325531485
train,371,51,0,5.9756426811,6.0031375885,1,-0.2232780158519745,0.10303095728158951,0.5808610230657999,1,-0.2232780158519745,0.10303095728158951,0.5808610230657999,1,-0.6278266310691833,0.4333317279815674,0.742911846984557
train,379,51,0,7.8941469193,7.9190993309,1,-0.04477047920227051,-0.028728976845741272,0.5040102895922502,1,-0.04477047920227051,-0.028728976845741272,0.5040102895922502,1,-0.12315447628498077,0.011486589908599854,0.5336095085111494
train,381,51,1,8.7654876709,8.5477190018,0,-0.026178531348705292,-0.0499088279902935,0.49406770422330665,0,-0.026178531348705292,-0.0499088279902935,0.49406770422330665,1,-0.24346889555454254,0.14986787736415863,0.5970857007181936
train,399,52,1,8.0088939667,7.8788027763,0,-0.021221205592155457,-0.052381232380867004,0.49221062354877293,0,-0.021221205592155457,-0.052381232380867004,0.49221062354877293,0,0.1032479852437973,-0.1611563265323639,0.4342813406841194
train,401,52,1,6.2760715485,5.602804184,1,-1.093140721321106,0.7433366179466248,0.8625315556384651,1,-1.093140721321106,0.7433366179466248,0.8625315556384651,1,-2.294114589691162,1.5764864683151245,0.9795798392224724
train,412,52,1,8.2974224091,8.1625156403,1,-0.18736417591571808,0.0743430033326149,0.5650559078711608,1,-0.18736417591571808,0.0743430033326149,0.5650559078711608,1,-0.1132192313671112,0.055341288447380066,0.5420406365715792
train,426,52,1,7.5724334717,7.3901748657,0,-0.007670007646083832,-0.0718945562839508,0.48394937958471074,0,-0.007670007646083832,-0.0718945562839508,0.48394937958471074,1,-0.11809441447257996,0.02121792733669281,0.5347718661435765
train,428,52,0,10.3663673401,10.628786087,0,-0.0007981490343809128,-0.06907051056623459,0.4829385362231549,0,-0.0007981490343809128,-0.06907051056623459,0.4829385362231549,1,-0.07137317955493927,-0.019266024231910706,0.513023842150898
train,446,52,1,8.1518182755,8.1509504318,0,0.014373240992426872,-0.0665014311671257,0.4797923451314975,0,0.014373240992426872,-0.0665014311671257,0.4797923451314975,0,0.021134864538908005,-0.0765984058380127,0.47558611234448356
train,450,52,0,8.7289590836,8.7517948151,0,0.18221032619476318,-0.2269383668899536,0.399116266135773,0,0.18221032619476318,-0.2269383668899536,0.399116266135773,0,0.3344130516052246,-0.3128211200237274,0.34361308081390857
train,454,52,1,7.8638696671,7.7508821487,0,0.015319287776947021,-0.06463441252708435,0.480022216278962,0,0.015319287776947021,-0.06463441252708435,0.480022216278962,1,-0.2127123773097992,0.11189085245132446,0.5804456830479693
train,480,52,0,9.9277534485,10.0833587646,0,0.013687167316675186,-0.0785747691988945,0.47695086358161387,0,0.013687167316675186,-0.0785747691988945,0.47695086358161387,0,0.17910166084766388,-0.20609796047210693,0.40487342627700434
train,502,52,0,10.1762046814,10.282043457,0,-0.003136027604341507,-0.06356774270534515,0.48489666738273435,0,-0.003136027604341507,-0.06356774270534515,0.48489666738273435,0,0.014532890170812607,-0.08540265262126923,0.4750368866302077
train,505,52,1,10.701086998,10.4238796234,0,-0.020024526864290237,-0.03530353307723999,0.4961803227544844,0,-0.020024526864290237,-0.03530353307723999,0.4961803227544844,1,-0.07610538601875305,0.01912028342485428,0.5237884440853091
train,508,52,1,8.6884346008,8.5845680237,0,-0.01428939402103424,-0.05792487412691116,0.48909286056817275,0,-0.01428939402103424,-0.05792487412691116,0.48909286056817275,0,0.00039798300713300705,-0.07238854467868805,0.4818113974536292
train,512,52,0,8.7062320709,8.8815059662,0,-0.01143735647201538,-0.04517797380685806,0.4915656458107395,0,-0.01143735647201538,-0.04517797380685806,0.4915656458107395,0,0.21840126812458038,-0.24077890813350677,0.38718032685019965
train,520,52,0,6.1473946571,6.1718678474,0,-0.014760680496692657,-0.047899238765239716,0.4917161185073886,0,-0.014760680496692657,-0.047899238765239716,0.4917161185073886,1,-0.2236856371164322,0.10473926365375519,0.5813760816547472
train,540,52,0,7.5289034843,7.9747729301,0,-0.023363078013062477,-0.05434589087963104,0.49225491633798807,0,-0.023363078013062477,-0.05434589087963104,0.49225491633798807,0,0.07871244847774506,-0.132432222366333,0.44740907164522165
train,546,52,0,11.4755935669,11.7189064026,0,-0.009300000965595245,-0.05498719587922096,0.4885801876025171,0,-0.009300000965595245,-0.05498719587922096,0.4885801876025171,0,0.009637972339987755,-0.0838271826505661,0.4766507065484624
train,551,52,1,9.3670024872,9.363822937,0,-0.028036952018737793,-0.041055772453546524,0.4967453408604308,0,-0.028036952018737793,-0.041055772453546524,0.4967453408604308,0,0.12157373130321503,-0.15886807441711426,0.4303454648320953
train,561,52,1,10.3326969147,10.2331733704,1,-0.04944613203406334,-0.01783260703086853,0.5079027230867864,1,-0.04944613203406334,-0.01783260703086853,0.5079027230867864,0,-0.020017942413687706,-0.05218968540430069,0.491957757897868
train,570,52,1,8.3850679398,8.2671251297,0,-0.024171438068151474,-0.047816116362810135,0.49408910580780385,0,-0.024171438068151474,-0.047816116362810135,0.49408910580780385,0,0.02389512211084366,-0.1152506172657013,0.46526958326851414
train,573,52,0,8.9309835434,9.0156383514,1,-0.037829384207725525,-0.03674934431910515,0.5002700099459082,1,-0.037829384207725525,-0.03674934431910515,0.5002700099459082,1,-0.08678734302520752,-0.004761785268783569,0.5204948995923053
train,599,53,1,9.2897996902,9.2255191803,0,0.002924785017967224,-0.06933950632810593,0.4819417850051472,0,0.002924785017967224,-0.06933950632810593,0.4819417850051472,0,0.021076306700706482,-0.07835766673088074,0.47516196797734667
train,613,53,0,7.952319622,8.1463594437,1,-0.0354863665997982,-0.034182336181402206,0.5003260075584011,1,-0.0354863665997982,-0.034182336181402206,0.5003260075584011,1,-0.13945437967777252,0.038263335824012756,0.5443128603014934
train,622,53,0,8.4550514221,8.6780929565,1,-0.03354237601161003,-0.03326084092259407,0.500070383771789,1,-0.03354237601161003,-0.03326084092259407,0.500070383771789,0,0.220956951379776,-0.24957522749900818,0.38449029174240923
train,625,53,0,7.2988977432,7.4479312897,0,0.05023445188999176,-0.10450992733240128,0.4613909183166441,0,0.05023445188999176,-0.10450992733240128,0.4613909183166441,0,0.13741038739681244,-0.15587541460990906,0.4271996393104684
train,639,53,1,5.2183170319,5.2118163109,0,0.15016886591911316,-0.1883409172296524,0.41617151390948,0,0.15016886591911316,-0.1883409172296524,0.41617151390948,1,-0.1517694890499115,0.07783834636211395,0.5571510965281417
train,648,53,1,10.4897108078,10.4009599686,0,-0.014235025271773338,-0.054146312177181244,0.49002350254438826,0,-0.014235025271773338,-0.054146312177181244,0.49002350254438826,0,0.13076519966125488,-0.194416806101799,0.41941337507122184
train,653,53,0,6.1781873703,6.5364127159,0,0.1691841334104538,-0.2088157832622528,0.4066093832723649,0,0.1691841334104538,-0.2088157832622528,0.4066093832723649,0,0.006070371717214584,-0.037082377821207047,0.4892134864144392
train,654,53,0,7.4297819138,7.4398965836,0,0.14824338257312775,-0.1883443295955658,0.4166385999634368,0,0.14824338257312775,-0.1883443295955658,0.4166385999634368,1,-0.05169707536697388,-0.008322402834892273,0.5108419683805112
train,664,53,0,10.723028183,10.8514146805,1,-0.040989987552165985,-0.027968164533376694,0.5032554097537512,1,-0.040989987552165985,-0.027968164533376694,0.5032554097537512,0,0.0317159965634346,-0.09482191503047943,0.4684076651486659
train,669,53,1,5.7449140549,5.729177475,1,-0.2223406881093979,0.0959760770201683,0.5789139802289689,1,-0.2223406881093979,0.0959760770201683,0.5789139802289689,1,-0.31445062160491943,0.17711016535758972,0.6204740448779293
train,670,53,0,11.4669485092,12.1263637543,0,-0.0004995837807655334,-0.06381648033857346,0.4841760620600378,0,-0.0004995837807655334,-0.06381648033857346,0.4841760620600378,0,0.18244384229183197,-0.2294166535139084,0.3984660931736544
train,675,53,1,6.7440581322,6.6771178246,0,-0.028079058974981308,-0.049123428761959076,0.4947391017076851,0,-0.028079058974981308,-0.049123428761959076,0.4947391017076851,1,-0.08074615895748138,-0.006858468055725098,0.5184635235236769
train,684,53,1,8.9494428635,8.7399101257,0,-0.01278645172715187,-0.05476878583431244,0.48950595775471145,0,-0.01278645172715187,-0.05476878583431244,0.48950595775471145,1,-0.19187258183956146,0.07682862877845764,0.5667740263235618
train,687,53,0,5.3065710068,5.528512001,1,-0.3830104172229767,0.21586570143699646,0.6453991378155506,1,-0.3830104172229767,0.21586570143699646,0.6453991378155506,1,-1.4327068328857422,0.8015845417976379,0.9032869014697614
train,693,53,1,9.6396141052,9.5669155121,0,-0.013173035345971584,-0.04678582027554512,0.4915975948526764,0,-0.013173035345971584,-0.04678582027554512,0.4915975948526764,0,0.14780710637569427,-0.19551101326942444,0.41500369197063475
train,711,53,0,6.8440723419,6.8734426498,0,0.023139551281929016,-0.08648437261581421,0.47262143181333865,0,0.023139551281929016,-0.08648437261581421,0.47262143181333865,0,0.046329203993082047,-0.08797889202833176,0.46647335883569785
train,738,53,1,9.3311786652,9.3030385971,0,-0.019573699682950974,-0.05094481632113457,0.4921578639810981,0,-0.019573699682950974,-0.05094481632113457,0.4921578639810981,0,0.24593345820903778,-0.2708491086959839,0.3736048844053139
train,767,53,1,6.8944511414,6.7119822502,0,-0.0013121217489242554,-0.060876600444316864,0.4851132814819414,0,-0.0013121217489242554,-0.060876600444316864,0.4851132814819414,1,-0.0908827930688858,0.01203066110610962,0.5257056797595012
train,769,53,1,6.501329422,6.4854202271,0,0.06429344415664673,-0.10478207468986511,0.4578315266580983,0,0.06429344415664673,-0.10478207468986511,0.4578315266580983,0,0.12332452833652496,-0.1594875156879425,0.42976450125769716
train,777,53,1,7.8992519379,7.7884063721,1,-0.7320871949195862,0.47642847895622253,0.7700362092750628,1,-0.7320871949195862,0.47642847895622253,0.7700362092750628,1,-0.7972896695137024,0.5869072079658508,0.7996641914347685
train,805,54,0,6.3704519272,6.3781104088,0,0.18004891276359558,-0.22727477550506592,0.39955402377811516,0,0.18004891276359558,-0.22727477550506592,0.39955402377811516,0,0.16971071064472198,-0.1795882284641266,0.4135524368396333
train,807,54,1,10.3431529999,10.3045959473,0,-0.009089695289731026,-0.05354958027601242,0.48888685928797754,0,-0.009089695289731026,-0.05354958027601242,0.48888685928797754,0,-0.008230769075453281,-0.051042232662439346,0.4892987685071814
train,827,54,1,9.7178230286,9.4909801483,1,-0.05883481726050377,-0.008990965783596039,0.5124583836654294,1,-0.05883481726050377,-0.008990965783596039,0.5124583836654294,0,0.09510670602321625,-0.14485310018062592,0.4402962558857995
train,833,54,1,5.8875255585,5.8639116287,0,0.2007688283920288,-0.24038872122764587,0.39146518294165344,0,0.2007688283920288,-0.24038872122764587,0.39146518294165344,0,0.17944680154323578,-0.1447138637304306,0.41966209784980857
train,846,54,0,8.9426994324,9.1658506393,0,-0.024277381598949432,-0.05967940017580986,0.4911504196035578,0,-0.024277381598949432,-0.05967940017580986,0.4911504196035578,0,0.0194932259619236,-0.08796216547489166,0.47316197130772075
train,851,54,1,8.882060051,8.7169628143,0,0.005983654409646988,-0.07196322828531265,0.48052313965134563,0,0.005983654409646988,-0.07196322828531265,0.48052313965134563,1,-0.08792057633399963,0.0037224814295768738,0.5228947433201471
train,854,54,1,9.4130525589,9.3871860504,0,0.0029577137902379036,-0.056869182735681534,0.48504773543631113,0,0.0029577137902379036,-0.056869182735681534,0.48504773543631113,1,-0.13921527564525604,0.04380671679973602,0.5456282016502446
train,859,54,1,8.5237979889,8.3369016647,1,-0.1346365213394165,0.03626880794763565,0.542622637049311,1,-0.1346365213394165,0.03626880794763565,0.542622637049311,1,-0.1743110567331314,0.06458674371242523,0.559442011662779
train,874,54,1,5.6617450714,5.6435446739,0,-0.021697677671909332,-0.05099782347679138,0.49267548754822177,0,-0.021697677671909332,-0.05099782347679138,0.49267548754822177,1,-0.10655844211578369,0.018738582730293274,0.5312833395894462
train,876,54,0,5.7573027611,5.8723974228,0,0.03936155512928963,-0.08767420053482056,0.46828370296939104,0,0.03936155512928963,-0.08767420053482056,0.46828370296939104,1,-0.14328834414482117,0.07041071355342865,0.5532223749601348
train,906,54,1,6.8347053528,6.8249769211,1,-0.03680136054754257,-0.03439995273947716,0.5006003516635094,1,-0.03680136054754257,-0.03439995273947716,0.5006003516635094,1,-0.06563804298639297,-0.011738516390323639,0.5134716203736951
train,913,54,1,7.1927981377,7.1582932472,0,0.07985036075115204,-0.12408965826034546,0.44919097539030045,0,0.07985036075115204,-0.12408965826034546,0.44919097539030045,1,-0.053615961223840714,-0.008103802800178528,0.5113760760145587
train,914,54,0,7.6555747986,7.7226428986,0,-0.009853055700659752,-0.05793321877717972,0.4879822742584782,0,-0.009853055700659752,-0.05793321877717972,0.4879822742584782,0,0.024038240313529968,-0.08952538669109344,0.4716395663602536
train,922,54,1,10.2240724564,10.201335907,0,-0.013775531202554703,-0.04243473336100578,0.4928356898207765,0,-0.013775531202554703,-0.04243473336100578,0.4928356898207765,0,0.0930454283952713,-0.15196934342384338,0.439050911591456
train,923,54,0,9.8467388153,10.140004158,0,-0.009181281551718712,-0.05738957226276398,0.4879502609041123,0,-0.009181281551718712,-0.05738957226276398,0.4879502609041123,1,-0.034519653767347336,-0.0324232280254364,0.5005241062435237
train,928,54,1,11.5054769516,11.3690299988,0,-0.01878269389271736,-0.04995066300034523,0.492208638451062,0,-0.01878269389271736,-0.04995066300034523,0.492208638451062,0,-0.006963063031435013,-0.07660733908414841,0.48259596502065333
train,931,54,0,5.5125279427,5.6170296669,0,0.03351306542754173,-0.09432392567396164,0.468084205171951,0,0.03351306542754173,-0.09432392567396164,0.468084205171951,0,0.002791275270283222,-0.05774315074086189,0.48487101312447145
train,938,54,1,7.8687624931,7.6677412987,1,-1.2092478275299072,0.79311603307724,0.8810450448552692,1,-1.2092478275299072,0.79311603307724,0.8810450448552692,1,-2.4541289806365967,1.5324512720108032,0.9817752213811239
train,978,54,0,8.6481142044,8.7448558807,0,-0.018374968320131302,-0.049580059945583344,0.4921993600778248,0,-0.018374968320131302,-0.049580059945583344,0.4921993600778248,0,0.11459536850452423,-0.16389963030815125,0.43082278570611304
train,987,55,0,8.9323539734,9.0191869736,0,-0.021217580884695053,-0.04379618540406227,0.49435558865841644,0,-0.021217580884695053,-0.04379618540406227,0.49435558865841644,1,-0.05720768868923187,-0.009749442338943481,0.5118623352243583
train,990,55,1,7.3149862289,7.3089437485,1,-0.3942297101020813,0.22744396328926086,0.6505991036899587,1,-0.3942297101020813,0.22744396328926086,0.6505991036899587,1,-0.30818843841552734,0.1514337658882141,0.6129245486732846
train,993,55,1,8.2670812607,7.9058036804,0,-0.009286189451813698,-0.06128703057765961,0.4870027184020853,0,-0.009286189451813698,-0.06128703057765961,0.4870027184020853,1,-0.17512516677379608,0.05159957706928253,0.5564396237896491
train,1028,55,1,6.2437963486,6.0115513802,0,0.10360921919345856,-0.15792569518089294,0.43498642975004514,0,0.10360921919345856,-0.15792569518089294,0.43498642975004514,0,0.1406146138906479,-0.1551380753517151,0.42659610043454466
train,1044,55,0,8.2594852448,8.2869720459,0,-0.01654094085097313,-0.058239176869392395,0.4895769512017946,0,-0.01654094085097313,-0.058239176869392395,0.4895769512017946,1,-0.11666086316108704,0.034502193331718445,0.5377189674136214
train,1062,55,1,7.7375879288,7.6524868011,0,0.1737910360097885,-0.22127345204353333,0.4024987251177319,0,0.1737910360097885,-0.22127345204353333,0.4024987251177319,0,0.10701890289783478,-0.12959718704223633,0.4411204299151355
train,1080,55,1,8.2825393677,8.15974617,0,-0.02467292547225952,-0.03425237163901329,0.4976051567720067,0,-0.02467292547225952,-0.03425237163901329,0.4976051567720067,0,0.21239890158176422,-0.23934818804264069,0.3889454602216739
train,1087,55,0,12.4864253998,12.5320320129,0,0.0027424413710832596,-0.07045691460371017,0.48170832773080385,0,0.0027424413710832596,-0.07045691460371017,0.48170832773080385,0,0.12211857736110687,-0.1693478524684906,0.4276448987299749
train,1091,55,1,6.6476392746,6.5151939392,0,0.07993997633457184,-0.1290198266506195,0.4479493075503489,0,0.07993997633457184,-0.1290198266506195,0.4479493075503489,0,0.19440890848636627,-0.20777501165866852,0.4007877428776466
train,1102,55,1,5.3044891357,5.2983541489,0,0.06078046187758446,-0.10620354115962982,0.4583507321211303,0,0.06078046187758446,-0.10620354115962982,0.4583507321211303,1,-0.024077411741018295,-0.022162001579999924,0.5004788523938536
train,1104,55,0,7.1574850082,7.1759338379,0,-0.008811421692371368,-0.06470146775245667,0.48603112450718094,0,-0.008811421692371368,-0.06470146775245667,0.48603112450718094,0,0.05613202974200249,-0.1085347831249237,0.45892606539065617
train,1119,55,1,9.078836441,8.7790679932,0,-0.01969938911497593,-0.04405974596738815,0.493910211937633,0,-0.01969938911497593,-0.04405974596738815,0.493910211937633,1,-0.4371452033519745,0.2540363073348999,0.666229708127307
train,1129,55,0,10.3979110718,10.5464382172,0,-0.019718267023563385,-0.04044467583298683,0.4948185832841355,0,-0.019718267023563385,-0.04044467583298683,0.4948185832841355,0,0.07492457330226898,-0.1271895319223404,0.4496427819264143
train,1136,55,1,9.6811637878,9.5160446167,1,-0.715156614780426,0.4505200684070587,0.7623626670627528,1,-0.715156614780426,0.4505200684070587,0.7623626670627528,1,-0.4864642918109894,0.31246417760849,0.68974522369982
train,1139,55,1,8.2646331787,7.1365933418,1,-0.7891787886619568,0.5257436633110046,0.7883356944376527,1,-0.7891787886619568,0.5257436633110046,0.7883356944376527,1,-1.2979263067245483,0.9235934019088745,0.9021654117211615
train,1152,55,0,6.1111392975,6.167485714,0,0.12627215683460236,-0.1721375584602356,0.4259462874490449,0,0.12627215683460236,-0.1721375584602356,0.4259462874490449,0,0.15998004376888275,-0.1849910020828247,0.4146024582351522
train,1159,55,1,6.5906629562,6.5763707161,0,0.19700616598129272,-0.2319643199443817,0.3943721968002067,0,0.19700616598129272,-0.2319643199443817,0.3943721968002067,0,0.20922116935253143,-0.21374644339084625,0.3958068450019251
train,1170,55,1,5.2934961319,5.243976593,1,-0.29679596424102783,0.15816748142242432,0.6118186875072679,1,-0.29679596424102783,0.15816748142242432,0.6118186875072679,1,-0.508671760559082,0.3387869596481323,0.7000337794753774
train,1172,55,1,5.7835264206,5.2338209152,0,-0.022377219051122665,-0.05168387293815613,0.4926738608769101,0,-0.022377219051122665,-0.05168387293815613,0.4926738608769101,1,-0.032088905572891235,-0.03127586841583252,0.500203259278068
train,1184,56,1,9.6283969879,9.4897537231,0,-0.016736790537834167,-0.0477159321308136,0.49225583393618527,0,-0.016736790537834167,-0.0477159321308136,0.49225583393618527,0,0.02310391515493393,-0.08007114380598068,0.47422909234675714
train,1188,56,1,7.6977453232,7.6141729355,0,0.00518740713596344,-0.06170035898685455,0.4832842901412113,0,0.00518740713596344,-0.06170035898685455,0.4832842901412113,1,-0.3061830997467041,0.1575097292661667,0.6138898513758223
train,1189,56,0,10.8538227081,10.98229599,1,-0.5756661891937256,0.3560545742511749,0.717424260649907,1,-0.5756661891937256,0.3560545742511749,0.717424260649907,1,-0.3582664430141449,0.18734528124332428,0.6331168794947251
train,1196,56,0,7.5082678795,7.8364744186,0,0.09981127083301544,-0.14202940464019775,0.439832795177597,0,0.09981127083301544,-0.14202940464019775,0.439832795177597,0,0.06887820363044739,-0.10055309534072876,0.4577432155939219
train,1215,56,1,7.0809569359,7.0376586914,0,-0.028390780091285706,-0.04335792735219002,0.49625828303472863,0,-0.028390780091285706,-0.04335792735219002,0.49625828303472863,0,0.09343670308589935,-0.14746850728988647,0.44006328793805655
train,1225,56,1,9.445558548,9.2803020477,0,-0.009251290932297707,-0.05453818291425705,0.488680211586994,0,-0.009251290932297707,-0.05453818291425705,0.488680211586994,0,0.027694541960954666,-0.08290836960077286,0.4723774252924493
train,1231,56,0,7.8955760002,8.1726541519,0,0.007440939545631409,-0.07655324041843414,0.4790137917390082,0,0.007440939545631409,-0.07655324041843414,0.4790137917390082,0,0.08805502951145172,-0.1326853483915329,0.4450378995417248
train,1248,56,1,9.8739376068,9.5695323944,0,-0.0009834915399551392,-0.06617313623428345,0.4837083579531995,0,-0.0009834915399551392,-0.06617313623428345,0.4837083579531995,1,-0.30087900161743164,0.14507268369197845,0.6096762808651031
train,1263,56,0,7.3913850784,7.4150443077,0,0.048634257167577744,-0.09369343519210815,0.46447802124411813,0,0.048634257167577744,-0.09369343519210815,0.46447802124411813,0,0.09801678359508514,-0.11724656075239182,0.4463910166750129
train,1274,56,1,11.8892173767,11.8645648956,0,-0.007953822612762451,-0.056828469038009644,0.4877837700708717,0,-0.007953822612762451,-0.056828469038009644,0.4877837700708717,1,-0.16261668503284454,0.03588785231113434,0.549463818002661
train,1293,56,1,5.8521718979,5.8375310898,0,0.209188312292099,-0.23466700315475464,0.3908227091512825,0,0.209188312292099,-0.23466700315475464,0.3908227091512825,0,0.08650198578834534,-0.10714441537857056,0.45173911649060855
train,1299,56,1,9.7132892609,9.5285663605,0,-0.03009941056370735,-0.043031953275203705,0.49676690938337886,0,-0.03009941056370735,-0.043031953275203705,0.49676690938337886,0,0.08184801042079926,-0.1319105327129364,0.446762922227252
train,1310,56,1,8.3284158707,7.9719824791,0,-0.023924363777041435,-0.0488392598927021,0.4937715981588517,0,-0.023924363777041435,-0.0488392598927021,0.4937715981588517,1,-0.10844816267490387,0.010811462998390198,0.5297796188406885
train,1312,56,1,9.8843069077,9.8574314117,0,-0.008754655718803406,-0.05096735805273056,0.4894483912067244,0,-0.008754655718803406,-0.05096735805273056,0.4894483912067244,0,0.11050745844841003,-0.17507779598236084,0.42908501175813185
train,1320,56,1,7.7599654198,7.7291107178,0,-0.0104852095246315,-0.05829538404941559,0.48804973262158685,0,-0.0104852095246315,-0.05829538404941559,0.48804973262158685,1,-0.2081577628850937,0.08066490292549133,0.5717078776287781
train,1338,56,0,7.0621538162,7.087998867,0,0.10167644917964935,-0.144392728805542,0.4387912436605131,0,0.10167644917964935,-0.144392728805542,0.4387912436605131,0,0.023234162479639053,-0.05995066463947296,0.4792157769140503
train,1342,56,0,7.7417821884,7.7826566696,1,-0.30192774534225464,0.15252551436424255,0.6116975131765895,1,-0.30192774534225464,0.15252551436424255,0.6116975131765895,1,-0.1889861822128296,0.049031779170036316,0.5592251493510986
train,1358,56,0,7.5536952019,7.5667676926,0,0.00844065472483635,-0.07497932761907578,0.4791570899782322,0,0.00844065472483635,-0.07497932761907578,0.4791570899782322,0,0.0020681042224168777,-0.0639788880944252,0.48349425160638665
train,1372,56,0,7.3337140083,7.5764350891,0,-0.023193582892417908,-0.051927193999290466,0.4928170914128077,0,-0.023193582892417908,-0.051927193999290466,0.4928170914128077,0,0.007483929395675659,-0.10901905596256256,0.47090715252192866
train,1380,57,0,6.3200244904,6.3770036697,0,0.39069217443466187,-0.42739030718803406,0.30617084735409766,0,0.39069217443466187,-0.42739030718803406,0.30617084735409766,0,0.34630727767944336,-0.3060493469238281,0.34245867403087815
train,1400,57,0,6.4408798218,6.6210432053,0,0.020740266889333725,-0.08843226730823517,0.47273394227152365,0,0.020740266889333725,-0.08843226730823517,0.47273394227152365,0,0.039806753396987915,-0.09251631796360016,0.46696741648028905
train,1404,57,1,9.1848583221,8.5488548279,1,-0.10550814867019653,0.013123005628585815,0.5296230554165949,1,-0.10550814867019653,0.013123005628585815,0.5296230554165949,1,-0.17087697982788086,0.04045168310403824,0.5526364170500737
train,1428,57,0,7.7076106071,7.7298326492,0,-0.02552480809390545,-0.03822913393378258,0.4968239612576091,0,-0.02552480809390545,-0.03822913393378258,0.4968239612576091,1,-0.060083966702222824,-0.027517169713974,0.5081409797353882
train,1438,57,1,9.8009128571,9.6175022125,0,-0.010770922526717186,-0.04910100996494293,0.49041865118468253,0,-0.010770922526717186,-0.04910100996494293,0.49041865118468253,1,-0.13929502665996552,0.02804962545633316,0.5417388031987029
train,1465,57,0,9.3931417465,9.4364681244,0,-0.015674546360969543,-0.045712877064943314,0.4924909819319201,0,-0.015674546360969543,-0.045712877064943314,0.4924909819319201,0,0.01328347623348236,-0.05674754083156586,0.48249939756277505
train,1469,57,1,8.4031648636,8.2904396057,0,-0.019965369254350662,-0.04593145474791527,0.4935088433376657,0,-0.019965369254350662,-0.04593145474791527,0.4935088433376657,1,-0.19162119925022125,0.08676983416080475,0.5691517202852193
train,1473,57,1,7.5508117676,7.4177107811,0,-0.011103462427854538,-0.055119141936302185,0.4889978563433309,0,-0.011103462427854538,-0.055119141936302185,0.4889978563433309,1,-0.0634663999080658,-0.038411565124988556,0.5062633810488184
train,1477,57,0,10.7770338058,10.8207416534,0,-0.009072782471776009,-0.04887249320745468,0.49005138551259714,0,-0.009072782471776009,-0.04887249320745468,0.49005138551259714,0,0.08380413055419922,-0.1340826153755188,0.4457427972698194
train,1481,57,1,8.7392730713,8.2682590485,0,-0.0077994707971811295,-0.06555977463722229,0.4855639373462551,0,-0.0077994707971811295,-0.06555977463722229,0.4855639373462551,1,-0.04522678628563881,-0.031280357390642166,0.5034865507119197
train,1489,57,1,7.4895606041,7.2689981461,0,-0.026662180200219154,-0.044621434062719345,0.49551030720724,0,-0.026662180200219154,-0.044621434062719345,0.49551030720724,0,0.057221051305532455,-0.10417639464139938,0.4597379997840182
train,1493,57,0,8.6689052582,8.8277425766,0,0.041838113218545914,-0.09703545272350311,0.46533729897071696,0,0.041838113218545914,-0.09703545272350311,0.46533729897071696,1,-0.13341926038265228,0.050441183149814606,0.545836060859055
train,1500,57,0,9.3811473846,9.497253418,0,-0.016567399725317955,-0.05229023098945618,0.49107024178452463,0,-0.016567399725317955,-0.05229023098945618,0.49107024178452463,1,-0.058943502604961395,-0.010507959872484207,0.5121065189493867
train,1507,57,1,9.0463638306,8.7325458527,1,-0.03444075211882591,-0.02713751420378685,0.5018258013634931,1,-0.03444075211882591,-0.02713751420378685,0.5018258013634931,1,-0.10299661755561829,0.007999196648597717,0.5277204995168142
train,1511,57,1,8.5112218857,8.3939437866,1,-0.6529635787010193,0.42211100459098816,0.7455607628294383,1,-0.6529635787010193,0.42211100459098816,0.7455607628294383,1,-0.7832111716270447,0.5047834515571594,0.7838075649342522
train,1518,57,0,8.6320056915,8.6847448349,0,-0.01624550111591816,-0.05868794023990631,0.48939098272670334,0,-0.01624550111591816,-0.05868794023990631,0.48939098272670334,0,-0.042518094182014465,-0.04835247993469238,0.4985414076993753
train,1528,57,0,10.037771225,10.19439888,1,-0.03309435024857521,-0.03196674957871437,0.5002819001375959,1,-0.03309435024857521,-0.03196674957871437,0.5002819001375959,0,0.16256771981716156,-0.1993270367383957,0.41050097631510984
train,1532,57,1,4.9865550995,4.8622636795,1,-0.3814028799533844,0.2257489264011383,0.6472908171642825,1,-0.3814028799533844,0.2257489264011383,0.6472908171642825,1,-1.0511292219161987,0.7245766520500183,0.8551658180347862
train,1547,57,1,6.6041946411,6.3475632668,0,0.21805474162101746,-0.24474164843559265,0.38632265242616576,0,0.21805474162101746,-0.24474164843559265,0.38632265242616576,0,0.2939944863319397,-0.26546943187713623,0.3636715077718635
train,1564,57,1,8.3805780411,8.3179550171,0,0.027141470462083817,-0.08270403742790222,0.4725662022468201,0,0.027141470462083817,-0.08270403742790222,0.4725662022468201,0,0.060380008071660995,-0.10460934787988663,0.4588459748333943
train,1584,58,1,5.0693149567,4.9618730545,0,0.2810673117637634,-0.30912336707115173,0.3565911049227933,0,0.2810673117637634,-0.30912336707115173,0.3565911049227933,0,0.43435537815093994,-0.40293389558792114,0.30210600123518766
train,1588,58,1,8.8259420395,8.5140171051,0,0.07424788177013397,-0.14022701978683472,0.4465858696745745,0,0.07424788177013397,-0.14022701978683472,0.4465858696745745,1,-0.09238539636135101,0.021083742380142212,0.5283368875091355
train,1606,58,1,9.780503273,9.5575094223,0,0.008419672027230263,-0.06779620796442032,0.4809552481350294,0,0.008419672027230263,-0.06779620796442032,0.4809552481350294,0,0.1076071709394455,-0.1515188217163086,0.4355785706857203
train,1608,58,1,10.8428621292,10.590089798,0,-0.018164673820137978,-0.04880351573228836,0.4923408886712305,0,-0.018164673820137978,-0.04880351573228836,0.4923408886712305,0,0.05144764855504036,-0.10812871158123016,0.4601903522461108
train,1619,58,0,8.7903957367,9.2514057159,0,-0.025831539183855057,-0.04814915359020233,0.4944208279674245,0,-0.025831539183855057,-0.04814915359020233,0.4944208279674245,0,0.05976949259638786,-0.10584874451160431,0.45868982369772804
train,1622,58,0,10.3211956024,10.500743866,0,-0.0046527199447155,-0.05218018218874931,0.48812037055612617,0,-0.0046527199447155,-0.05218018218874931,0.48812037055612617,0,0.028193611651659012,-0.08078216016292572,0.4727829868496188
train,1631,58,0,9.5362949371,9.731508255,0,-0.01873885653913021,-0.04811018332839012,0.49265769613016247,0,-0.01873885653913021,-0.04811018332839012,0.49265769613016247,0,0.033751070499420166,-0.08993030339479446,0.46911901224454866
train,1636,58,1,9.9203834534,9.850060463,0,-0.01818886399269104,-0.05020734295248985,0.4919960640399536,0,-0.01818886399269104,-0.05020734295248985,0.4919960640399536,0,0.042453404515981674,-0.10667749494314194,0.4627862192024594
train,1637,58,0,6.4402332306,6.6720657349,1,-0.37631791830062866,0.2294682264328003,0.6469789665407812,1,-0.37631791830062866,0.2294682264328003,0.6469789665407812,1,-0.40563297271728516,0.24560727179050446,0.6572898944889308
train,1646,58,0,9.1857280731,9.319606781,0,0.027172338217496872,-0.08145266771316528,0.4728704193190309,0,0.027172338217496872,-0.08145266771316528,0.4728704193190309,0,0.11880654096603394,-0.1564817726612091,0.4316092852471601
train,1673,58,0,7.9106483459,8.1907997131,1,-0.056315913796424866,-0.021579425781965256,0.5086832489034192,1,-0.056315913796424866,-0.021579425781965256,0.5086832489034192,0,0.052653487771749496,-0.12137418985366821,0.45660255194599747
train,1679,58,1,8.9024105072,8.1651535034,1,-1.5119714736938477,1.0204099416732788,0.9263809292671962,1,-1.5119714736938477,1.0204099416732788,0.9263809292671962,1,-2.156860113143921,1.3930600881576538,0.9720752601659473
train,1682,58,1,8.7854528427,8.6741056442,0,-0.019971419125795364,-0.04155964031815529,0.4946031543008589,0,-0.019971419125795364,-0.04155964031815529,0.4946031543008589,0,0.03906982019543648,-0.08818162977695465,0.4682299967319076
train,1699,58,1,7.2541818619,7.1828780174,0,0.09578174352645874,-0.13257041573524475,0.443158743354344,0,0.09578174352645874,-0.13257041573524475,0.443158743354344,1,-0.037874870002269745,-0.011229634284973145,0.5066609148472957
train,1719,58,0,8.0974340439,8.2100019455,0,0.39046865701675415,-0.4209173917770386,0.30759521577437476,0,0.39046865701675415,-0.4209173917770386,0.30759521577437476,0,0.478101909160614,-0.41907697916030884,0.2896305815224668
train,1728,58,1,8.1515598297,8.0722312927,0,-0.006842335686087608,-0.06347839534282684,0.4858447686279166,0,-0.006842335686087608,-0.06347839534282684,0.4858447686279166,0,0.10870687663555145,-0.1545114666223526,0.43457273336129054
train,1741,58,0,10.0493679047,10.1415224075,1,-0.032535701990127563,-0.028241179883480072,0.5010736288765913,1,-0.032535701990127563,-0.028241179883480072,0.5010736288765913,0,0.15249890089035034,-0.1859896332025528,0.4161766768609562
train,1743,58,0,9.5268230438,9.7819747925,0,-0.017776846885681152,-0.04499538987874985,0.49319578432129135,0,-0.017776846885681152,-0.04499538987874985,0.49319578432129135,0,0.09436167776584625,-0.13212403655052185,0.44361937297556125
train,1750,58,0,8.3857345581,8.4144954681,0,0.03754965215921402,-0.10330848395824432,0.4648435750191653,0,0.03754965215921402,-0.10330848395824432,0.4648435750191653,0,-0.012905525974929333,-0.05151823163032532,0.4903480227670991
train,1759,58,1,7.6231517792,7.5818367004,0,0.04829704016447067,-0.10192354023456573,0.46251531904111853,0,0.04829704016447067,-0.10192354023456573,0.46251531904111853,0,0.08902280032634735,-0.1251445710659027,0.4466618760587932
train,1773,59,1,7.1545028687,7.1251392365,0,0.14067301154136658,-0.1699308454990387,0.4229673510615267,0,0.14067301154136658,-0.1699308454990387,0.4229673510615267,0,0.19864581525325775,-0.19572055339813232,0.4026666297191277
train,1791,59,0,12.0675125122,12.3272819519,0,-0.014417456462979317,-0.04949507489800453,0.4912314944656349,0,-0.014417456462979317,-0.04949507489800453,0.4912314944656349,0,0.1806633472442627,-0.2180483490228653,0.4016219080187263
train,1804,59,1,8.8237609863,8.7188100815,0,-0.01497664488852024,-0.05508049577474594,0.4899753808077695,0,-0.01497664488852024,-0.05508049577474594,0.4899753808077695,1,-0.047870587557554245,-0.029263820499181747,0.5046515575633653
train,1811,59,1,9.1857624054,9.0603675842,1,-0.18929696083068848,0.08242950588464737,0.5675167008319628,1,-0.18929696083068848,0.08242950588464737,0.5675167008319628,1,-0.13483676314353943,0.011009842157363892,0.5363971564890025
train,1821,59,1,8.9830131531,8.8835897446,0,-0.02681022137403488,-0.039401084184646606,0.4968523258805898,0,-0.02681022137403488,-0.039401084184646606,0.4968523258805898,0,0.035991813987493515,-0.08602562546730042,0.46953343026642574
train,1824,59,0,7.7828564644,7.8391022682,0,-0.009952200576663017,-0.06277915090322495,0.4867963328837139,0,-0.009952200576663017,-0.06277915090322495,0.4867963328837139,1,-0.16405555605888367,0.07377104461193085,0.559177979858979
train,1841,59,0,7.8531637192,8.1059303284,0,-0.0028008408844470978,-0.06818272173404694,0.4836603500877416,0,-0.0028008408844470978,-0.06818272173404694,0.4836603500877416,0,0.06999814510345459,-0.12360841035842896,0.45174898513069794
train,1860,59,0,7.2239408493,7.2477164268,0,0.013485044240951538,-0.06564698368310928,0.4802273097898878,0,0.013485044240951538,-0.06564698368310928,0.4802273097898878,0,-0.00970874447375536,-0.045185208320617676,0.4911318141285102
train,1861,59,0,5.2346930504,5.2645273209,0,-0.026072822511196136,-0.04912097752094269,0.49423821630864156,0,-0.026072822511196136,-0.04912097752094269,0.49423821630864156,0,0.0781487226486206,-0.12140057981014252,0.45027756030196103
train,1864,59,1,7.5005331039,7.3348326683,0,0.0027251821011304855,-0.06342394649982452,0.4834687454043615,0,0.0027251821011304855,-0.06342394649982452,0.4834687454043615,1,-0.26149672269821167,0.1665218621492386,0.6054004256671685
train,1904,59,0,10.4346313477,10.6545610428,0,-0.03447837755084038,-0.0352759063243866,0.4998006178171816,0,-0.03447837755084038,-0.0352759063243866,0.4998006178171816,0,0.22781701385974884,-0.27628999948501587,0.37657599194865016
train,1907,59,1,8.8648471832,8.8423538208,1,-0.035512134432792664,-0.03298059105873108,0.500632885505517,1,-0.035512134432792664,-0.03298059105873108,0.500632885505517,1,-0.17497865855693817,0.05191526561975479,0.5564813795619472
train,1910,59,1,12.9665412903,12.8551311493,0,-0.00200787466019392,-0.059778355062007904,0.48556139532697984,0,-0.00200787466019392,-0.059778355062007904,0.48556139532697984,0,-0.01361378375440836,-0.05155198276042938,0.49051658768297635
train,1916,59,0,10.6083068848,10.6801958084,1,-0.04169902950525284,-0.03660493344068527,0.501273521262173,1,-0.04169902950525284,-0.03660493344068527,0.501273521262173,1,-0.1268589347600937,0.013977199792861938,0.5351509517788422
train,1917,59,0,5.0171265602,5.0505847931,0,-0.024315305054187775,-0.042039185762405396,0.4955691458132198,0,-0.024315305054187775,-0.042039185762405396,0.4955691458132198,1,-0.10173855721950531,0.04129455238580704,0.5356974385601507
train,1918,59,0,10.5489206314,10.7409820557,0,-0.02827325277030468,-0.04439910128712654,0.4959686252313118,0,-0.02827325277030468,-0.04439910128712654,0.4959686252313118,0,-0.028538772836327553,-0.031662918627262115,0.4992189641875274
train,1927,59,0,9.4262275696,9.4873943329,1,-0.04051970690488815,-0.035285431891679764,0.5013085657656695,1,-0.04051970690488815,-0.035285431891679764,0.5013085657656695,0,0.06425440311431885,-0.1286436915397644,0.4519244569132047
train,1928,59,1,7.459045887,7.4436635971,1,-0.04624473303556442,-0.02600151300430298,0.5050606321934848,1,-0.04624473303556442,-0.02600151300430298,0.5050606321934848,0,0.07333244383335114,-0.1335025131702423,0.44847482017835305
train,1936,59,1,10.096824646,9.9694814682,0,-0.005648026242852211,-0.05278305336833,0.4882184244089923,0,-0.005648026242852211,-0.05278305336833,0.4882184244089923,0,-0.027003418654203415,-0.04082460701465607,0.496544757912918
train,1939,59,0,5.3884820938,5.4341201782,1,-0.14985358715057373,0.06528366357088089,0.5535778220912644,1,-0.14985358715057373,0.06528366357088089,0.5535778220912644,1,-0.4182906746864319,0.2591608762741089,0.6631696728488509
train,1980,60,0,8.2876596451,8.4375991821,0,-0.010894021019339561,-0.05516254901885986,0.48893467500325494,0,-0.010894021019339561,-0.05516254901885986,0.48893467500325494,0,0.03316715732216835,-0.09111299365758896,0.46896989175000814
train,1996,60,0,11.2210226059,11.3800945282,0,-0.019491661339998245,-0.05086059123277664,0.49215841053297593,0,-0.019491661339998245,-0.05086059123277664,0.49215841053297593,0,0.07655517756938934,-0.12433706969022751,0.4499451665377741
train,2003,60,1,7.2711772919,7.2330093384,1,-0.6675538420677185,0.40512561798095703,0.7451061409938042,1,-0.6675538420677185,0.40512561798095703,0.7451061409938042,1,-0.39059507846832275,0.19473113119602203,0.6422920440763756
train,2006,60,0,6.8722205162,7.1192750931,0,0.18867844343185425,-0.2278704047203064,0.3973428746801801,0,0.18867844343185425,-0.2278704047203064,0.3973428746801801,1,-0.06421664357185364,0.011981204152107239,0.5190402503368523
train,2014,60,1,9.6504449844,9.4362068176,0,-0.025281988084316254,-0.0421314500272274,0.49578773417052296,0,-0.025281988084316254,-0.0421314500272274,0.49578773417052296,0,0.054220300167798996,-0.11130809783935547,0.45871213024252755
train,2015,60,1,7.4695339203,7.2080392838,1,-0.6629058122634888,0.4286099970340729,0.7486670509005161,1,-0.6629058122634888,0.4286099970340729,0.7486670509005161,1,-0.603245198726654,0.43014687299728394,0.7375729909947699
train,2033,60,0,10.7935247421,10.8073148727,0,-0.010704459622502327,-0.051252324134111404,0.48986442251738616,0,-0.010704459622502327,-0.051252324134111404,0.48986442251738616,0,0.027975358068943024,-0.07881002873182297,0.473328992873006
train,2036,60,0,7.4188785553,7.5244655609,1,-0.252955824136734,0.1278897523880005,0.5940770295109509,1,-0.252955824136734,0.1278897523880005,0.5940770295109509,1,-0.3020560145378113,0.1521751582622528,0.6116447609721192
train,2042,60,0,6.3857717514,7.1747097969,1,-0.12871693074703217,0.02926792949438095,0.539414270035514,1,-0.12871693074703217,0.02926792949438095,0.539414270035514,1,-0.1517241895198822,0.049860261380672455,0.5502261441232489
train,2046,60,0,10.5219583511,10.8780021667,0,-0.013172633945941925,-0.051555048674345016,0.4904055741724603,0,-0.013172633945941925,-0.051555048674345016,0.4904055741724603,1,-0.1467292457818985,0.03554810583591461,0.5454435854714982
train,2048,60,0,10.18932724,10.4441595078,0,-0.0029367320239543915,-0.05955979973077774,0.4858480140127879,0,-0.0029367320239543915,-0.05955979973077774,0.4858480140127879,0,-0.002192564308643341,-0.057389430701732635,0.4862042858339174
train,2055,60,1,7.4594221115,6.992295742,1,-0.6723615527153015,0.4248768985271454,0.7497423170195875,1,-0.6723615527153015,0.4248768985271454,0.7497423170195875,1,-1.0210669040679932,0.6818030476570129,0.8459091955076538
train,2071,60,0,7.2182035446,7.3425159454,0,0.17292770743370056,-0.20601853728294373,0.4063810751467056,0,0.17292770743370056,-0.20601853728294373,0.4063810751467056,0,0.01094895601272583,-0.051086731255054474,0.4844960500151595
train,2081,60,0,11.733707428,11.843044281,0,-0.010737670585513115,-0.042386554181575775,0.4920884394757184,0,-0.010737670585513115,-0.042386554181575775,0.4920884394757184,0,0.02159101888537407,-0.08405686914920807,0.47361256698576043
train,2095,60,0,9.9976243973,10.5774888992,0,-0.0211411714553833,-0.03754730522632599,0.4958985585526021,0,-0.0211411714553833,-0.03754730522632599,0.4958985585526021,0,0.08910219371318817,-0.12862178683280945,0.44578300981487945
train,2098,60,1,10.1686067581,10.1527843475,0,-0.006923966109752655,-0.05294777452945709,0.4884960784485918,0,-0.006923966109752655,-0.05294777452945709,0.4884960784485918,1,-0.07414750754833221,-0.020513415336608887,0.5134053097131234
train,2116,60,1,10.6800708771,10.2686347961,0,-0.027608772739768028,-0.03347831219434738,0.49853261934914067,0,-0.027608772739768028,-0.03347831219434738,0.49853261934914067,1,-0.08355990052223206,0.008004173636436462,0.522875038784077
train,2122,60,1,8.5566978455,8.2748622894,0,-0.014946265146136284,-0.05823979526758194,0.48917830770182374,0,-0.014946265146136284,-0.05823979526758194,0.48917830770182374,0,0.02282315120100975,-0.07978226989507675,0.4743711255750734
train,2134,60,0,7.1946325302,7.2671813965,0,0.034979984164237976,-0.08716072887182236,0.4695027264104648,0,0.034979984164237976,-0.08716072887182236,0.4695027264104648,0,0.027127735316753387,-0.07388988137245178,0.47476704977302603
train,2159,60,0,11.7898073196,12.0292415619,1,-0.04195918142795563,-0.019219480454921722,0.5056846802858638,1,-0.04195918142795563,-0.019219480454921722,0.5056846802858638,0,-0.01587817072868347,-0.04751148819923401,0.4920923300332482
train,2172,61,0,10.4655923843,10.6386766434,1,-0.032187703996896744,-0.02887783944606781,0.5008274653822864,1,-0.032187703996896744,-0.02887783944606781,0.5008274653822864,0,0.05943433567881584,-0.11011549830436707,0.4577137936486908
train,2173,61,0,7.9144101143,8.0969419479,1,-0.21025915443897247,0.09887010604143143,0.5766727092761544,1,-0.21025915443897247,0.09887010604143143,0.5766727092761544,1,-0.19738975167274475,0.07985140383243561,0.5688697270874801
train,2188,61,0,7.7599906921,7.8735232353,0,0.1522083878517151,-0.188556969165802,0.41562357468239053,0,0.1522083878517151,-0.188556969165802,0.41562357468239053,0,0.05006982013583183,-0.07941081374883652,0.46767499027900705
train,2190,61,1,11.2125930786,11.1600313187,0,-0.021494951099157333,-0.04769345000386238,0.49345074986554954,0,-0.021494951099157333,-0.04769345000386238,0.49345074986554954,1,-0.06759510934352875,-0.020020361989736557,0.5118914440415354
train,2193,61,0,6.2261710167,6.2978935242,0,0.23068687319755554,-0.26226750016212463,0.3791978401701067,0,0.23068687319755554,-0.26226750016212463,0.3791978401701067,0,0.2007244974374771,-0.20487843453884125,0.39996692272757917
train,2217,61,0,8.8224821091,8.9609003067,1,-0.08128385245800018,0.0018467381596565247,0.5207706873746278,1,-0.08128385245800018,0.0018467381596565247,0.5207706873746278,0,-0.012896383181214333,-0.0830739289522171,0.48246281035767974
train,2225,61,0,8.3406248093,8.410487175,0,0.055612485855817795,-0.10384988784790039,0.4602186683360935,0,0.055612485855817795,-0.10384988784790039,0.4602186683360935,0,0.045118022710084915,-0.08375047147274017,0.4678273885866762
train,2226,61,1,8.8753137589,8.5000324249,0,-0.02694678120315075,-0.043160319328308105,0.4959467042621212,0,-0.02694678120315075,-0.043160319328308105,0.4959467042621212,0,0.0953204333782196,-0.14116458594799042,0.4411527434218315
train,2232,61,1,11.2406492233,11.193649292,0,-0.015100667253136635,-0.046186137944459915,0.4922292580602879,0,-0.015100667253136635,-0.046186137944459915,0.4922292580602879,0,0.1705837994813919,-0.21742528676986694,0.40419666438798235
train,2237,61,0,8.739774704,9.0004405975,0,-0.024279186502099037,-0.049789875745773315,0.4936226735464854,0,-0.024279186502099037,-0.049789875745773315,0.4936226735464854,1,-0.12616251409053802,0.006445080041885376,0.5331034030891224
train,2250,61,1,9.9604644775,9.8637189865,1,-0.045891325920820236,-0.01973903179168701,0.5065377009189113,1,-0.045891325920820236,-0.01973903179168701,0.5065377009189113,1,-0.18023034930229187,0.07924109697341919,0.5645063571542189
train,2255,61,0,8.3203907013,8.3245296478,1,-0.052608639001846313,-0.025607511401176453,0.5067498718161866,1,-0.052608639001846313,-0.025607511401176453,0.5067498718161866,0,-0.03266025334596634,-0.04720183461904526,0.4963646687413688
train,2258,61,0,8.3855075836,8.450671196,1,-0.2822727859020233,0.1522427201271057,0.6069514125050438,1,-0.2822727859020233,0.1522427201271057,0.6069514125050438,1,-0.07734315097332001,-0.012625657021999359,0.5161737287733544
train,2262,61,1,12.49954319,12.4086074829,0,-0.003901403397321701,-0.05709531158208847,0.48670465783864236,0,-0.003901403397321701,-0.05709531158208847,0.48670465783864236,1,-0.06974843144416809,-0.008984044194221497,0.515186424350182
train,2310,61,0,9.3659534454,9.4043474197,1,-0.0518253855407238,-0.026647187769412994,0.5062942169324889,1,-0.0518253855407238,-0.026647187769412994,0.5062942169324889,0,-0.029011812061071396,-0.05504442751407623,0.4934922136582409
train,2320,61,0,8.0483551025,8.3911848068,0,0.0615207739174366,-0.12013854086399078,0.45470965171661293,0,0.0615207739174366,-0.12013854086399078,0.45470965171661293,1,-0.05307425931096077,-0.019290383905172348,0.5084451656257436
train,2323,61,0,7.2350330353,7.2776622772,0,0.1556534618139267,-0.1899263858795166,0.4144547052946121,0,0.1556534618139267,-0.1899263858795166,0.4144547052946121,0,0.13097666203975677,-0.14648312330245972,0.431076653230736
train,2338,61,1,7.2290849686,7.2215628624,0,0.012343727052211761,-0.0796484649181366,0.47701815683068616,0,0.012343727052211761,-0.0796484649181366,0.47701815683068616,1,-0.11223897337913513,0.03289525955915451,0.5362200025299597
train,2339,61,0,9.4326276779,9.6837882996,1,-0.04088142141699791,-0.03062700852751732,0.5025635807583957,1,-0.04088142141699791,-0.03062700852751732,0.5025635807583957,0,0.13997609913349152,-0.2076805979013443,0.4139507810481165
train,2349,61,1,11.4259490967,11.2949428558,1,-0.32723069190979004,0.21201297640800476,0.6316364581768422,1,-0.32723069190979004,0.21201297640800476,0.6316364581768422,1,-0.2156609445810318,0.12768466770648956,0.5850029825572822
train,2362,62,0,7.4969415665,7.8467559814,0,0.05346296355128288,-0.10330647230148315,0.4608877123477875,0,0.05346296355128288,-0.10330647230148315,0.4608877123477875,0,0.016050145030021667,-0.057360246777534485,0.4816556395856774
train,2376,62,0,7.4028625488,7.4441890717,1,-0.214177206158638,0.10813223570585251,0.5798869774899909,1,-0.214177206158638,0.10813223570585251,0.5798869774899909,1,-0.5360642671585083,0.3727242350578308,0.7127521888741722
train,2382,62,0,7.1310372353,7.1811275482,0,0.13987067341804504,-0.1857510805130005,0.4193062976399035,0,0.13987067341804504,-0.1857510805130005,0.4193062976399035,0,0.14909645915031433,-0.16499029099941254,0.4221175242375385
train,2392,62,1,6.6283664703,6.389330864,1,-0.23112033307552338,0.11404360085725784,0.5854443563311824,1,-0.23112033307552338,0.11404360085725784,0.5854443563311824,1,-0.29456016421318054,0.16502462327480316,0.6129156715693399
train,2421,62,1,6.0077466965,5.9442572594,0,0.1018352210521698,-0.15099331736564636,0.43712742228740425,0,0.1018352210521698,-0.15099331736564636,0.43712742228740425,0,0.04182814434170723,-0.06392671912908554,0.47358589768865034
train,2439,62,0,7.0519895554,7.164607048,1,-0.30248740315437317,0.17587530612945557,0.6173611779449439,1,-0.30248740315437317,0.17587530612945557,0.6173611779449439,1,-0.23193253576755524,0.12059791386127472,0.5872310715670083
train,2445,62,0,8.8170814514,8.9503536224,1,-0.9800812005996704,0.6434100270271301,0.8352760501553019,1,-0.9800812005996704,0.6434100270271301,0.8352760501553019,1,-0.8637583255767822,0.5369654297828674,0.8022987124858068
train,2456,62,1,10.7759904861,10.663271904,0,-0.013717351481318474,-0.05325992405414581,0.49011564476711017,0,-0.013717351481318474,-0.05325992405414581,0.49011564476711017,0,-0.03113539144396782,-0.04793547838926315,0.49580007704642187
train,2461,62,1,8.8422489166,8.7607479095,0,-0.030072320252656937,-0.034611776471138,0.4988651378941892,0,-0.030072320252656937,-0.034611776471138,0.4988651378941892,0,0.05907508358359337,-0.12259679287672043,0.4547065370653756
train,2462,62,1,8.8812103271,8.6117782593,0,0.27618369460105896,-0.29824283719062805,0.36021605440571,0,0.27618369460105896,-0.29824283719062805,0.36021605440571,0,0.3928513526916504,-0.33601492643356323,0.32544356394775864
train,2481,62,1,8.2367343903,8.1128540039,0,-0.02486778423190117,-0.038075871765613556,0.4966980261198617,0,-0.02486778423190117,-0.038075871765613556,0.4966980261198617,0,0.05135433003306389,-0.09042444825172424,0.4646145597959092
train,2504,62,1,9.6743745804,9.4382972717,1,-0.051162898540496826,-0.017188262194395065,0.508492842178643,1,-0.051162898540496826,-0.017188262194395065,0.508492842178643,0,-0.020392436534166336,-0.045875433832407,0.49362959540782625
train,2506,62,0,9.775970459,10.1510810852,1,-0.04464438185095787,-0.016622044146060944,0.5070051260334653,1,-0.04464438185095787,-0.016622044146060944,0.5070051260334653,0,-0.01984827220439911,-0.05237915739417076,0.49186799583678004
train,2519,62,1,9.37778759,8.9189863205,0,-0.01564299874007702,-0.04319246858358383,0.49311306811672523,0,-0.01564299874007702,-0.04319246858358383,0.49311306811672523,0,0.06445340812206268,-0.10488966107368469,0.45776511557316657
train,2520,62,0,7.0706272125,7.717186451,0,0.004191244021058083,-0.06977610290050507,0.48151658965550276,0,0.004191244021058083,-0.06977610290050507,0.48151658965550276,0,0.08986596763134003,-0.1313554346561432,0.4449190996828223
train,2521,62,1,6.8539571762,6.6914949417,0,-0.006233565509319305,-0.05900256708264351,0.48681080998049453,0,-0.006233565509319305,-0.05900256708264351,0.48681080998049453,1,-0.06909695267677307,-0.0113433338701725,0.514434392788384
train,2523,62,0,8.0029363632,8.081284523,0,-0.0256144218146801,-0.04642431437969208,0.4947977145955726,0,-0.0256144218146801,-0.04642431437969208,0.4947977145955726,0,-0.039877988398075104,-0.0407952181994915,0.49977069256572254
train,2527,62,1,4.9024281502,4.8287801743,1,-0.06273770332336426,-0.019307415932416916,0.5108558655494135,1,-0.06273770332336426,-0.019307415932416916,0.5108558655494135,1,-0.35470908880233765,0.19589416682720184,0.6342755395990608
train,2540,62,1,6.4828071594,6.2614250183,1,-0.5000544786453247,0.2911009192466736,0.6880793630592821,1,-0.5000544786453247,0.2911009192466736,0.6880793630592821,1,-0.4022347927093506,0.23642690479755402,0.6544508728762009
train,2545,62,1,9.7319784164,9.6486549377,1,-0.048076048493385315,-0.01894991844892502,0.5072810177920267,1,-0.048076048493385315,-0.01894991844892502,0.5072810177920267,0,0.01379486545920372,-0.08601157367229462,0.4750690821972161
train,2573,63,1,8.8010654449,8.6665964127,0,-0.030453834682703018,-0.03421560302376747,0.49905955902374094,0,-0.030453834682703018,-0.03421560302376747,0.49905955902374094,0,0.14033766090869904,-0.17548660933971405,0.4216937409078121
train,2574,63,1,9.8794374466,9.4700050354,1,-0.6695512533187866,0.41961565613746643,0.7482248127664142,1,-0.6695512533187866,0.41961565613746643,0.7482248127664142,1,-0.9380504488945007,0.5957638025283813,0.8225636994511182
train,2576,63,0,9.0643577576,9.1975727081,0,-0.03140730783343315,-0.043788254261016846,0.4969048029310077,0,-0.03140730783343315,-0.043788254261016846,0.4969048029310077,1,-0.21381255984306335,0.08027888834476471,0.5729974908240344
train,2580,63,0,10.5421485901,10.6510820389,0,0.011746121570467949,-0.07255670428276062,0.47893676670035545,0,0.011746121570467949,-0.07255670428276062,0.47893676670035545,0,-0.019675984978675842,-0.04968629032373428,0.4924979866929028
train,2609,63,1,7.4156942368,7.2714295387,0,0.09060291945934296,-0.13259151577949524,0.44443188054795685,0,0.09060291945934296,-0.13259151577949524,0.44443188054795685,0,0.014778105542063713,-0.056379903107881546,0.48221800041127577
train,2615,63,1,8.0524530411,7.9970970154,0,-0.01731262356042862,-0.05047537386417389,0.49171007215992363,0,-0.01731262356042862,-0.05047537386417389,0.49171007215992363,0,0.05028804391622543,-0.1143634244799614,0.4589298756235752
train,2629,63,1,9.909866333,9.709441185,1,-0.0352158397436142,-0.029259145259857178,0.5014891692176907,1,-0.0352158397436142,-0.029259145259857178,0.5014891692176907,0,0.2984490394592285,-0.31622666120529175,0.3509933466064526
train,2634,63,0,12.0950107574,12.340470314,0,0.01653807982802391,-0.07562574744224548,0.4769753388264844,0,0.01653807982802391,-0.07562574744224548,0.4769753388264844,1,-0.10050645470619202,0.015181705355644226,0.5288898260155186
train,2642,63,0,6.0462331772,6.0534515381,0,0.013181140646338463,-0.08436337113380432,0.4756331897032067,0,0.013181140646338463,-0.08436337113380432,0.4756331897032067,1,-0.32072684168815613,0.15980583429336548,0.6178736505536354
train,2647,63,0,6.0862379074,6.2947349548,0,0.2482004165649414,-0.2743116021156311,0.3722650275645009,0,0.2482004165649414,-0.2743116021156311,0.3722650275645009,0,0.26212337613105774,-0.23019008338451385,0.3793487273487846
train,2660,63,1,10.585729599,10.3620986938,0,-0.010569857433438301,-0.061701152473688126,0.4872199604731718,0,-0.010569857433438301,-0.061701152473688126,0.4872199604731718,0,-0.01609736494719982,-0.06167688965797424,0.48860709114478484
train,2674,63,0,11.0900697708,11.1676683426,0,-0.015302910469472408,-0.040869202464818954,0.49360877512487944,0,-0.015302910469472408,-0.040869202464818954,0.49360877512487944,0,-0.03016589768230915,-0.03822336718440056,0.4979856435226064
train,2688,63,0,6.4863901138,6.7509374619,1,-0.40364348888397217,0.22271808981895447,0.6516640041394101,1,-0.40364348888397217,0.22271808981895447,0.6516640041394101,1,-0.319871723651886,0.13164909183979034,0.6110007605579191
train,2694,63,1,8.0450363159,7.8196501732,0,0.015928681939840317,-0.07510367035865784,0.47725761505861486,0,0.015928681939840317,-0.07510367035865784,0.47725761505861486,1,-0.1163548082113266,0.029835239052772522,0.5364825609356088
train,2697,63,0,11.6475095749,11.7240371704,0,-0.013337358832359314,-0.047308340668678284,0.49150807118523726,0,-0.013337358832359314,-0.047308340668678284,0.49150807118523726,1,-0.18599896132946014,0.05591611564159393,0.5601855357744886
train,2702,63,1,8.8085765839,8.7944364548,1,-0.039829738438129425,-0.03572382777929306,0.5010264762226384,1,-0.039829738438129425,-0.03572382777929306,0.5010264762226384,1,-0.04933568462729454,-0.03321828320622444,0.5040292631319604
train,2709,63,1,12.0333461761,11.9736881256,1,-0.030807476490736008,-0.025483939796686172,0.5013308810304118,1,-0.030807476490736008,-0.025483939796686172,0.5013308810304118,0,-0.02777966298162937,-0.03867875784635544,0.4972752532565483
train,2730,63,0,10.2336750031,10.4717197418,0,0.06763699650764465,-0.11865321546792984,0.45356166921047286,0,0.06763699650764465,-0.11865321546792984,0.45356166921047286,1,-0.04676142707467079,-0.016202546656131744,0.5076391256338375
train,2734,63,1,8.627989769,8.4200744629,0,0.20099708437919617,-0.24451878666877747,0.3904274352957674,0,0.20099708437919617,-0.24451878666877747,0.3904274352957674,0,0.3122434616088867,-0.29904311895370483,0.351765767391023
train,2736,63,0,6.6727919579,7.2856564522,0,0.0024839192628860474,-0.07902157306671143,0.47963489969621126,0,0.0024839192628860474,-0.07902157306671143,0.47963489969621126,0,-0.013605856336653233,-0.048911333084106445,0.4911745475208243
train,2751,64,1,5.7174787521,5.6726360321,0,0.015116989612579346,-0.09041313081979752,0.473641926976333,0,0.015116989612579346,-0.09041313081979752,0.473641926976333,1,-0.1878100484609604,0.07113170623779297,0.5643761338972845
train,2764,64,1,5.7865629196,5.7366433144,1,-0.4777964651584625,0.29666683077812195,0.6844856024751538,1,-0.4777964651584625,0.29666683077812195,0.6844856024751538,1,-1.0475372076034546,0.7148513197898865,0.8535085540777331
train,2783,64,0,8.9377555847,8.9566249847,1,-0.05134864151477814,-0.02213488146662712,0.5073029206334119,1,-0.05134864151477814,-0.02213488146662712,0.5073029206334119,1,-0.1829221248626709,0.04978765547275543,0.5579163147669741
train,2798,64,1,10.1134681702,10.0591850281,0,-0.034712765365839005,-0.03756856918334961,0.49928604953084776,0,-0.034712765365839005,-0.03756856918334961,0.49928604953084776,1,-0.05760419741272926,-0.03381406515836716,0.5059472525688303
train,2800,64,0,9.9794750214,10.1587381363,0,-0.011270001530647278,-0.04965108260512352,0.4904059074631794,0,-0.011270001530647278,-0.04965108260512352,0.4904059074631794,1,-0.07888266444206238,-0.003829255700111389,0.518754549291752
train,2805,64,1,8.6312274933,8.4339962006,0,-0.024110371246933937,-0.05002769082784653,0.4935210327649275,0,-0.024110371246933937,-0.05002769082784653,0.4935210327649275,1,-0.0756121277809143,-0.019100457429885864,0.5141241589149413
train,2806,64,0,10.9607219696,11.0829296112,0,-0.029616018757224083,-0.038580238819122314,0.4977589599914881,0,-0.029616018757224083,-0.038580238819122314,0.4977589599914881,0,0.1390632688999176,-0.21111179888248444,0.41333996824534613
train,2810,64,1,10.5607023239,10.4202508926,0,-0.028486162424087524,-0.039969898760318756,0.4971290974661826,0,-0.028486162424087524,-0.039969898760318756,0.4971290974661826,0,0.19413447380065918,-0.23536907136440277,0.39424488662772
train,2839,64,0,11.2823886871,11.7162132263,1,-0.37205708026885986,0.19400867819786072,0.6378548747520637,1,-0.37205708026885986,0.19400867819786072,0.6378548747520637,1,-0.4143923819065094,0.23193024098873138,0.6561812963319849
train,2843,64,0,10.3400506973,10.3972063065,0,-0.023292694240808487,-0.04020313546061516,0.4957724904371858,0,-0.023292694240808487,-0.04020313546061516,0.4957724904371858,0,0.014522897079586983,-0.08810786157846451,0.47436480783138907
train,2844,64,0,12.5797357559,12.6218280792,0,-0.008429979905486107,-0.05348698049783707,0.4887376551258965,0,-0.008429979905486107,-0.05348698049783707,0.4887376551258965,0,0.052927445620298386,-0.10695156455039978,0.4601151702861116
train,2862,64,0,7.295042038,7.3551287651,1,-0.08678771555423737,0.0016492977738380432,0.5220948546933245,1,-0.08678771555423737,0.0016492977738380432,0.5220948546933245,0,0.03580787405371666,-0.0904301255941391,0.4684823445073996
train,2868,64,1,11.1477050781,10.8924427032,0,-0.02719351090490818,-0.04133205860853195,0.49646542195364457,0,-0.02719351090490818,-0.04133205860853195,0.49646542195364457,0,0.05252356454730034,-0.1069386899471283,0.46021869794976084
train,2880,64,0,7.0354280472,7.1495819092,0,0.19374336302280426,-0.2361016571521759,0.3941633399265915,0,0.19374336302280426,-0.2361016571521759,0.3941633399265915,0,0.19557048380374908,-0.19481471180915833,0.4036245761413726
train,2894,64,1,8.5400829315,8.5018863678,1,-0.5373263955116272,0.3574017286300659,0.7098649268715379,1,-0.5373263955116272,0.3574017286300659,0.7098649268715379,1,-0.37337154150009155,0.231171116232872,0.6466949057321087
train,2896,64,0,8.3099212646,8.6638498306,0,-0.034260958433151245,-0.041581448167562485,0.4981698857393096,0,-0.034260958433151245,-0.041581448167562485,0.4981698857393096,1,-0.21169449388980865,0.07374903559684753,0.5708802693825692
train,2909,64,0,8.8085575104,8.8542327881,0,0.20862120389938354,-0.22845765948295593,0.39243723732723035,0,0.20862120389938354,-0.22845765948295593,0.39243723732723035,0,0.2518492043018341,-0.24433065950870514,0.3784388340633887
train,2917,64,1,10.688955307,10.492770195,1,-0.7858334183692932,0.5045821070671082,0.7842175128644673,1,-0.7858334183692932,0.5045821070671082,0.7842175128644673,1,-0.7897902727127075,0.457542359828949,0.776837785593837
train,2929,64,0,9.0549812317,9.1102104187,1,-0.39565080404281616,0.23623168468475342,0.6529161881744873,1,-0.39565080404281616,0.23623168468475342,0.6529161881744873,1,-0.2560969293117523,0.12511660158634186,0.5941657584562685
train,2958,65,0,7.0512194633,7.0756597519,0,0.015014499425888062,-0.07255946844816208,0.47812048943940616,0,0.015014499425888062,-0.07255946844816208,0.47812048943940616,1,-0.07819373905658722,-0.02135957032442093,0.5142047188067723
train,2991,65,1,9.4779052734,9.3745250702,1,-0.4905615448951721,0.3080943524837494,0.6896868911524232,1,-0.4905615448951721,0.3080943524837494,0.6896868911524232,1,-0.4564768075942993,0.23666001856327057,0.6666643656843901
train,2993,65,1,6.9046630859,6.7703304291,1,-0.7130522131919861,0.46453121304512024,0.7645130192038717,1,-0.7130522131919861,0.46453121304512024,0.7645130192038717,1,-0.6917861700057983,0.4724195599555969,0.7620960777643567
train,3004,65,1,9.2136039734,8.8836708069,0,0.06585592031478882,-0.1192949116230011,0.45384407203735194,0,0.06585592031478882,-0.1192949116230011,0.45384407203735194,0,0.07380940020084381,-0.11162950098514557,0.453772669369167
train,3007,65,0,9.9141654968,10.1247177124,1,-0.04470079019665718,-0.018595624715089798,0.5065259207677429,1,-0.04470079019665718,-0.018595624715089798,0.5065259207677429,1,-0.1192416399717331,0.033234283328056335,0.5380453000659844
train,3010,65,0,6.7149276733,7.0658779144,0,0.01577286794781685,-0.08623094856739044,0.47452113387118977,0,0.01577286794781685,-0.08623094856739044,0.47452113387118977,0,0.012271270155906677,-0.07867375016212463,0.47727940292748744
train,3027,65,0,8.2008018494,8.233165741,0,0.077520951628685,-0.1164548397064209,0.4516575374330155,0,0.077520951628685,-0.1164548397064209,0.4516575374330155,0,0.06346370279788971,-0.0899156928062439,0.46173014731806344
train,3036,65,0,11.264995575,11.2854595184,0,-0.023919250816106796,-0.04082192853093147,0.4957744311747469,0,-0.023919250816106796,-0.04082192853093147,0.4957744311747469,0,0.08996191620826721,-0.12948887050151825,0.44535642423350724
train,3042,65,1,8.5210733414,8.4744586945,0,0.10269932448863983,-0.15530160069465637,0.43585518840783866,0,0.10269932448863983,-0.15530160069465637,0.43585518840783866,0,0.04221166670322418,-0.09567300975322723,0.465583341602284
train,3053,65,0,5.7792901993,5.9126582146,0,0.1273319572210312,-0.16386502981185913,0.4277108501112328,0,0.1273319572210312,-0.16386502981185913,0.4277108501112328,0,0.06640106439590454,-0.08825546503067017,0.4614127498853519
train,3070,65,1,8.99284935,8.9743881226,0,-0.017849985510110855,-0.05030431970953941,0.49188712853398875,0,-0.017849985510110855,-0.05030431970953941,0.49188712853398875,1,-0.09600651264190674,0.012174993753433228,0.5270190308907529
train,3071,65,1,10.4356298447,10.3228588104,0,-0.011794187128543854,-0.04943816363811493,0.4905901170507901,0,-0.011794187128543854,-0.04943816363811493,0.4905901170507901,1,-0.06083904951810837,-0.023372501134872437,0.5093655415542436
train,3074,65,0,9.5480852127,9.7214460373,0,-0.027101177722215652,-0.04144181311130524,0.4964149025932661,0,-0.027101177722215652,-0.04144181311130524,0.4964149025932661,0,0.036009274423122406,-0.09914402663707733,0.4662630135896629
train,3077,65,0,6.5568432808,6.6772451401,1,-0.32310059666633606,0.16733667254447937,0.6202094363834096,1,-0.32310059666633606,0.16733667254447937,0.6202094363834096,1,-1.191611647605896,0.7087476849555969,0.8699321895842249
train,3087,65,1,10.1285438538,9.9404087067,0,-0.03117855079472065,-0.03377700224518776,0.49935038750289584,0,-0.03117855079472065,-0.03377700224518776,0.49935038750289584,0,0.04073873162269592,-0.10317455232143402,0.46408364636000954
train,3088,65,1,10.9537448883,10.4738826752,1,-0.8621042966842651,0.5749427676200867,0.8079969558736957,1,-0.8621042966842651,0.5749427676200867,0.8079969558736957,1,-0.7782459259033203,0.41786694526672363,0.767832563228806
train,3089,65,1,10.3652820587,10.2655563354,1,-0.04069910943508148,-0.018069926649332047,0.5056570542931749,1,-0.04069910943508148,-0.018069926649332047,0.5056570542931749,1,-0.12992608547210693,0.037654176354408264,0.5417972945885775
train,3092,65,1,9.3459215164,9.3241024017,0,-0.026499390602111816,-0.04007291421294212,0.4966066711961943,0,-0.026499390602111816,-0.04007291421294212,0.4966066711961943,1,-0.1304778754711151,0.03270889073610306,0.5407063976079546
train,3104,65,0,5.9369058609,5.9673662186,1,-0.09010417759418488,-0.008640266954898834,0.5203547221179025,1,-0.09010417759418488,-0.008640266954898834,0.5203547221179025,0,0.004869846627116203,-0.08031812310218811,0.47871587756676603
train,3105,65,0,6.2498030663,6.3403892517,0,0.18238475918769836,-0.21025174856185913,0.40308277657857455,0,0.18238475918769836,-0.21025174856185913,0.40308277657857455,0,0.22994451224803925,-0.21437698602676392,0.3907117258454964
train,3140,66,1,11.5804128647,11.4783878326,0,-0.006732907146215439,-0.055333781987428665,0.4878521723385703,0,-0.006732907146215439,-0.055333781987428665,0.4878521723385703,0,-0.015683647245168686,-0.060477856546640396,0.48880331981002706
train,3156,66,1,8.3341398239,8.2233257294,0,0.2894127368927002,-0.31122681498527527,0.35419738801763445,0,0.2894127368927002,-0.31122681498527527,0.35419738801763445,0,0.2690536379814148,-0.24147585034370422,0.3750694093127667
train,3165,66,1,7.5993146896,7.3503408432,0,0.027444440871477127,-0.0819033831357956,0.47269025034512213,0,0.027444440871477127,-0.0819033831357956,0.47269025034512213,0,0.1656397432088852,-0.21043039858341217,0.407075079652456
train,3179,66,1,6.8696064949,6.6618213654,0,0.01534862071275711,-0.07971206307411194,0.4762527091265531,0,0.01534862071275711,-0.07971206307411194,0.4762527091265531,0,0.08219562470912933,-0.12205754220485687,0.4491134980571871
train,3188,66,1,9.980307579,9.8689661026,0,0.047943953424692154,-0.1108621209859848,0.4603817087809361,0,0.047943953424692154,-0.1108621209859848,0.4603817087809361,0,0.08500272035598755,-0.13005465269088745,0.44644191811635536
train,3190,66,1,7.2303566933,6.8419122696,1,-0.6341840624809265,0.40583422780036926,0.7388535351909461,1,-0.6341840624809265,0.40583422780036926,0.7388535351909461,1,-0.9270985126495361,0.6157677173614502,0.8238810044881263
train,3203,66,1,9.9661083221,9.8419160843,1,-0.04019250348210335,-0.028498388826847076,0.5029234953476597,1,-0.04019250348210335,-0.028498388826847076,0.5029234953476597,0,0.03759274259209633,-0.10031191259622574,0.4655783705876698
train,3215,66,0,7.5822677612,7.6813941002,1,-0.052702371031045914,-0.021576974540948868,0.5077807209754116,1,-0.052702371031045914,-0.021576974540948868,0.5077807209754116,1,-0.08096840977668762,-0.015121500939130783,0.5164557818696319
train,3237,66,1,11.756362915,11.6901245117,1,-0.02831254154443741,-0.02794007956981659,0.5000931154925787,1,-0.02831254154443741,-0.02794007956981659,0.5000931154925787,0,0.15221832692623138,-0.20035138726234436,0.41275941109989217
train,3241,66,0,11.6139707565,11.86079216,0,-0.006535936146974564,-0.06381195783615112,0.48568490780297263,0,-0.006535936146974564,-0.06381195783615112,0.48568490780297263,1,-0.15576590597629547,0.04273764789104462,0.5494635745397315
train,3251,66,1,12.4584503174,12.2481813431,0,-0.010728675872087479,-0.047300055623054504,0.4908581739462006,0,-0.010728675872087479,-0.047300055623054504,0.4908581739462006,1,-0.04908827692270279,-0.03433127701282501,0.5036891830285566
train,3255,66,1,12.2485027313,11.8568582535,0,-0.025523515418171883,-0.036363180726766586,0.49729011020676295,0,-0.025523515418171883,-0.036363180726766586,0.49729011020676295,1,-0.05412006005644798,-0.021488554775714874,0.5081571525114063
train,3261,66,0,10.1709413528,10.4181404114,1,-0.03014671429991722,-0.028259754180908203,0.5004717398897784,1,-0.03014671429991722,-0.028259754180908203,0.5004717398897784,1,-0.21508179605007172,0.08167882263660431,0.5736504328082977
train,3267,66,1,7.1255435944,7.0518403053,0,-0.021388011053204536,-0.05365724116563797,0.4919333924417738,0,-0.021388011053204536,-0.05365724116563797,0.4919333924417738,0,0.038026705384254456,-0.10104016214609146,0.4652892061484393
train,3271,66,1,8.8219127655,8.7823314667,0,-0.022413119673728943,-0.05106006935238838,0.4928387523121061,0,-0.022413119673728943,-0.05106006935238838,0.4928387523121061,1,-0.05387234315276146,-0.03845514729619026,0.5038542226219538
train,3286,66,0,10.0009145737,10.0322914124,1,-0.041556186974048615,-0.032010823488235474,0.5023863227525369,1,-0.041556186974048615,-0.032010823488235474,0.5023863227525369,0,-0.03489209711551666,-0.0460796058177948,0.49720315199557613
train,3294,66,0,8.1832008362,8.2160892487,0,-0.02074548229575157,-0.05039723217487335,0.49258760561991705,0,-0.02074548229575157,-0.05039723217487335,0.49258760561991705,1,-0.27593502402305603,0.07777749001979828,0.5875175634609077
train,3317,66,0,8.4539852142,8.5885868073,0,-0.002586210146546364,-0.06475935876369476,0.4844617177929635,0,-0.002586210146546364,-0.06475935876369476,0.4844617177929635,0,0.02944571152329445,-0.09031215310096741,0.4700962651167979
train,3318,66,0,10.6071176529,10.9858188629,0,-0.02402740716934204,-0.04084336757659912,0.4957961089611936,0,-0.02402740716934204,-0.04084336757659912,0.4957961089611936,1,-0.2892691493034363,0.1261887550354004,0.6023958570275668
train,3325,66,0,8.8096580505,8.8706626892,0,0.10016325116157532,-0.1504260003566742,0.437678469549987,0,0.10016325116157532,-0.1504260003566742,0.437678469549987,0,0.07342298328876495,-0.11275016516447067,0.4535906827990897
train,3341,67,0,9.3739814758,9.5717811584,0,-0.03074607625603676,-0.03284049779176712,0.49947639480747136,0,-0.03074607625603676,-0.03284049779176712,0.49947639480747136,0,0.05016971379518509,-0.09957309067249298,0.462634093825284
train,3354,67,0,7.0364627838,7.0691847801,0,0.21269282698631287,-0.2559830844402313,0.3849296854578095,0,0.21269282698631287,-0.2559830844402313,0.3849296854578095,0,0.3211483955383301,-0.28278613090515137,0.3534440528647888
train,3356,67,1,7.6556677818,7.6097064018,0,0.026624392718076706,-0.08220090717077255,0.47282049352012934,0,0.026624392718076706,-0.08220090717077255,0.47282049352012934,0,0.07955151796340942,-0.12042710185050964,0.45017129464354294
train,3358,67,0,16.3359680176,16.3388290405,1,-0.10508216917514801,0.02277291566133499,0.5319202998285888,1,-0.10508216917514801,0.02277291566133499,0.5319202998285888,1,-0.16778920590877533,0.001250922679901123,0.5421596886945877
train,3360,67,1,7.0704498291,6.9438123703,0,0.3856852054595947,-0.40795737504959106,0.3113870723733167,0,0.3856852054595947,-0.40795737504959106,0.3113870723733167,0,0.4247256815433502,-0.37129342555999756,0.3108777138261865
train,3367,67,1,7.814868927,7.7746062279,0,-0.02420160546898842,-0.044638823717832565,0.49489087326817527,0,-0.02420160546898842,-0.044638823717832565,0.49489087326817527,1,-0.3964287042617798,0.22873733937740326,0.651392570851471
train,3375,67,1,9.0172777176,8.705198288,0,-0.007961537688970566,-0.06452836841344833,0.48586206200648074,0,-0.007961537688970566,-0.06452836841344833,0.48586206200648074,0,0.05665102228522301,-0.12431284785270691,0.45488209179493566
train,3418,67,1,6.8855342865,6.7714071274,0,0.04760497063398361,-0.10592900216579437,0.4616917296374146,0,0.04760497063398361,-0.10592900216579437,0.4616917296374146,1,-0.279044508934021,0.13748978078365326,0.6026536391298372
train,3429,67,1,8.6573104858,8.4418449402,0,0.2618309259414673,-0.29886674880981445,0.3633860466161368,0,0.2618309259414673,-0.29886674880981445,0.3633860466161368,0,0.13557375967502594,-0.1349409967660904,0.4327807274457985
train,3430,67,0,7.1086468697,7.1369757652,0,0.04310071840882301,-0.09123729914426804,0.4664659120931183,0,0.04310071840882301,-0.09123729914426804,0.4664659120931183,0,0.18320128321647644,-0.19610409438610077,0.4062944424601748
train,3440,67,1,7.3098707199,7.1919460297,0,0.2788986265659332,-0.2986755669116974,0.35949096251538554,0,0.2788986265659332,-0.2986755669116974,0.35949096251538554,0,0.4259950518608093,-0.37661492824554443,0.30946749582103983
train,3455,67,1,12.2439880371,12.1146450043,0,0.0011966321617364883,-0.07345551252365112,0.4813456263370609,0,0.0011966321617364883,-0.07345551252365112,0.4813456263370609,1,-0.04519141837954521,-0.042621202766895294,0.5006425535494363
train,3461,67,1,10.0999174118,10.0605335236,0,-0.009702015668153763,-0.05446067452430725,0.488812202968087,0,-0.009702015668153763,-0.05446067452430725,0.488812202968087,0,0.09643638134002686,-0.15385815501213074,0.43775100500745673
train,3472,67,1,13.2030448914,13.1286315918,0,-0.026790201663970947,-0.04535121098160744,0.4953598808841916,0,-0.026790201663970947,-0.04535121098160744,0.4953598808841916,0,0.051405537873506546,-0.11354978382587433,0.45885442576603186
train,3474,67,1,10.3888196945,9.4113922119,1,-0.9343289136886597,0.594702422618866,0.8218645429462769,1,-0.9343289136886597,0.594702422618866,0.8218645429462769,1,-0.8030791878700256,0.48209095001220703,0.7833285630204001
train,3490,67,1,8.6450042725,8.2745838165,1,-0.7720189690589905,0.5048621296882629,0.781918402754119,1,-0.7720189690589905,0.5048621296882629,0.781918402754119,1,-0.8103616833686829,0.5495764017105103,0.795749634734762
train,3515,67,0,7.5772070885,7.6205267906,0,0.09106570482254028,-0.13579696416854858,0.44352633453945833,0,0.09106570482254028,-0.13579696416854858,0.44352633453945833,0,0.019036700949072838,-0.07419712841510773,0.47670841215017945
train,3519,67,1,6.7474851608,6.7470488548,1,-0.19525009393692017,0.07268206030130386,0.5665851815861479,1,-0.19525009393692017,0.07268206030130386,0.5665851815861479,1,-0.2122724950313568,0.07109834253787994,0.5703724352078823
train,3522,67,1,8.8877782822,8.8337574005,0,-0.03851700574159622,-0.044360287487506866,0.49853918372002215,0,-0.03851700574159622,-0.044360287487506866,0.49853918372002215,0,-0.037083763629198074,-0.04617161303758621,0.4977280532843667
train,3531,67,0,10.098695755,10.1687793732,0,-0.00833352655172348,-0.052654869854450226,0.4889214776519497,0,-0.00833352655172348,-0.052654869854450226,0.4889214776519497,0,0.09339447319507599,-0.13866135478019714,0.4422449858744133
train,3548,68,0,9.8383655548,10.0569572449,0,0.2891773581504822,-0.3059457242488861,0.35546024659774267,0,0.2891773581504822,-0.3059457242488861,0.35546024659774267,0,0.283588707447052,-0.2682294249534607,0.36544269133898116
train,3558,68,1,9.4585800171,9.3236789703,0,-0.013605643063783646,-0.055069535970687866,0.4896355116634204,0,-0.013605643063783646,-0.055069535970687866,0.4896355116634204,1,-0.1498565375804901,0.02722882479429245,0.5441560093371
train,3563,68,1,8.843462944,8.7662630081,0,-0.018193906173110008,-0.05246194452047348,0.4914338286668981,0,-0.018193906173110008,-0.05246194452047348,0.4914338286668981,0,-0.01336840819567442,-0.06277238577604294,0.48765151713579297
train,3568,68,1,7.0674934387,7.0514554977,0,0.16244915127754211,-0.2000989317893982,0.41034288713120426,0,0.16244915127754211,-0.2000989317893982,0.41034288713120426,0,0.3119400143623352,-0.3017517924308777,0.3512175075410406
train,3569,68,1,10.0400562286,9.6879758835,0,-0.024067044258117676,-0.04491005092859268,0.4947894369668262,0,-0.024067044258117676,-0.04491005092859268,0.4947894369668262,1,-0.25178849697113037,0.11025606095790863,0.5895352736219143
train,3595,68,1,11.9018211365,11.8252506256,0,-0.022488007321953773,-0.04055274277925491,0.49548393894728016,0,-0.022488007321953773,-0.04055274277925491,0.49548393894728016,1,-0.04008433595299721,-0.03978640213608742,0.5000744834536764
train,3608,68,1,11.4757432938,11.3536558151,0,-0.014174612239003181,-0.056282058358192444,0.48947469357074347,0,-0.014174612239003181,-0.056282058358192444,0.48947469357074347,0,0.045303571969270706,-0.10344482958316803,0.4628813153234401
train,3615,68,0,8.9542341232,9.2350997925,0,0.10005995631217957,-0.14782041311264038,0.4383452810124787,0,0.10005995631217957,-0.14782041311264038,0.4383452810124787,0,-0.014937514439225197,-0.046899810433387756,0.4920101061884247
train,3621,68,0,12.1803321838,12.2749385834,0,-0.012754518538713455,-0.056401677429676056,0.4890899422616478,0,-0.012754518538713455,-0.056401677429676056,0.4890899422616478,0,0.05846668407320976,-0.1282874494791031,0.453446691750889
train,3622,68,1,8.7459859848,8.6947383881,0,-0.014318285509943962,-0.0579119548201561,0.48910330829780174,0,-0.014318285509943962,-0.0579119548201561,0.48910330829780174,1,-0.2762972116470337,0.13968582451343536,0.6025216272565583
train,3639,68,1,8.7348575592,8.6929979324,0,-0.03232770785689354,-0.050790995359420776,0.4953843092450067,0,-0.03232770785689354,-0.050790995359420776,0.4953843092450067,1,-0.12273715436458588,-0.01004762202501297,0.5281426076342586
train,3648,68,1,11.8980474472,11.8332128525,0,-0.009305447340011597,-0.0462733656167984,0.4907590728152022,0,-0.009305447340011597,-0.0462733656167984,0.4907590728152022,1,-0.13921035826206207,0.041504696011543274,0.545056210042628
train,3659,68,1,8.1476716995,8.0413742065,0,-0.030958745628595352,-0.04581461101770401,0.49628610195623646,0,-0.030958745628595352,-0.04581461101770401,0.49628610195623646,1,-0.13954950869083405,0.012606874108314514,0.5379658764932008
train,3675,68,0,8.8240671158,8.9218873978,0,-0.014923367649316788,-0.05775359272956848,0.48929408028330423,0,-0.014923367649316788,-0.05775359272956848,0.48929408028330423,0,0.05940183624625206,-0.12036092579364777,0.4551799399180257
train,3677,68,0,11.022687912,11.0963830948,0,-0.020347176119685173,-0.05596708878874779,0.49109596325012117,0,-0.020347176119685173,-0.05596708878874779,0.49109596325012117,0,0.01652953028678894,-0.09718112647533417,0.47160292733184433
train,3679,68,0,10.756362915,11.0294399261,0,-0.012958701699972153,-0.055061377584934235,0.4894758856009036,0,-0.012958701699972153,-0.055061377584934235,0.4894758856009036,1,-0.14961199462413788,0.02904398739337921,0.5445455748298268
train,3683,68,1,10.3044548035,10.2698249817,0,-0.015494562685489655,-0.04098271578550339,0.49362830666665836,0,-0.015494562685489655,-0.04098271578550339,0.49362830666665836,0,0.14706741273403168,-0.19488917291164398,0.41533427744793255
train,3695,68,0,11.1139831543,11.3048458099,0,0.0010192664340138435,-0.06246163323521614,0.4841351024544605,0,0.0010192664340138435,-0.06246163323521614,0.4841351024544605,0,0.0349639467895031,-0.09282134473323822,0.46809707742575885
train,3701,68,1,13.4070930481,13.1834144592,0,-0.017520176246762276,-0.04884473979473114,0.4921694993949245,0,-0.017520176246762276,-0.04884473979473114,0.4921694993949245,1,-0.07900992035865784,-0.013126097619533539,0.5164650003434059
train,3751,69,1,7.8352360725,7.5137319565,1,-0.7334656715393066,0.48834487795829773,0.7723820155490584,1,-0.7334656715393066,0.48834487795829773,0.7723820155490584,1,-0.5831376910209656,0.43188852071762085,0.7340026342053336
train,3779,69,1,8.9844245911,8.8289957047,1,-0.07027418166399002,-0.01433439552783966,0.5139813007974442,1,-0.07027418166399002,-0.01433439552783966,0.5139813007974442,0,0.014954045414924622,-0.08286437392234802,0.4755648759005635
train,3787,69,1,7.873978138,7.7292523384,0,-0.015137463808059692,-0.05573241785168648,0.4898526549775047,0,-0.015137463808059692,-0.05573241785168648,0.4898526549775047,1,-0.10579699277877808,0.006433352828025818,0.528028173153088
train,3790,69,1,7.5768027306,7.4589691162,0,0.19211293756961823,-0.22326883673667908,0.39762237740604744,0,0.19211293756961823,-0.22326883673667908,0.39762237740604744,0,0.23337885737419128,-0.20923039317131042,0.3911194130064866
train,3798,69,0,8.9558887482,9.0002231598,0,0.04295241832733154,-0.08649270236492157,0.4676838314793025,0,0.04295241832733154,-0.08649270236492157,0.4676838314793025,0,0.1387203186750412,-0.18513478338718414,0.41973651831946995
train,3812,69,0,7.802052021,7.8129663467,1,-0.051077950745821,-0.030738070607185364,0.505084794733025,1,-0.051077950745821,-0.030738070607185364,0.505084794733025,0,0.015288962051272392,-0.07121475785970688,0.4783875453166028
train,3814,69,0,10.5468673706,10.7168369293,0,-0.018412383273243904,-0.04312252253293991,0.4938227794948054,0,-0.018412383273243904,-0.04312252253293991,0.4938227794948054,1,-0.302276611328125,0.15546949207782745,0.6124793532130393
train,3831,69,1,9.7670307159,9.7368068695,1,-0.03769964352250099,-0.02362215146422386,0.5035193148945125,1,-0.03769964352250099,-0.02362215146422386,0.5035193148945125,1,-0.14503370225429535,0.040371768176555634,0.5462190443696339
train,3841,69,1,10.8150348663,10.4263248444,1,-0.10633176565170288,0.0013995394110679626,0.5269068078540167,1,-0.10633176565170288,0.0013995394110679626,0.5269068078540167,1,-0.23027919232845306,0.12272167205810547,0.5873450910674449
train,3842,69,0,12.272354126,12.5833435059,1,-0.3371596932411194,0.18610236048698425,0.6279102266595807,1,-0.3371596932411194,0.18610236048698425,0.6279102266595807,1,-0.32357072830200195,0.1608264446258545,0.6187856641288239
train,3845,69,1,11.6737384796,11.4817476273,1,-0.042370591312646866,-0.02860274165868759,0.503441908044799,1,-0.042370591312646866,-0.02860274165868759,0.503441908044799,1,-0.05272515118122101,-0.028450701385736465,0.506068314472822
train,3853,69,0,9.6394090652,10.0566959381,0,-0.01279236376285553,-0.0502508208155632,0.4906364805688238,0,-0.01279236376285553,-0.0502508208155632,0.4906364805688238,0,0.040541086345911026,-0.10336296260356903,0.4640859431964342
train,3862,69,0,8.4547462463,8.7915763855,0,0.12391245365142822,-0.159265398979187,0.4296748559534973,0,0.12391245365142822,-0.159265398979187,0.4296748559534973,0,0.20780633389949799,-0.19767747819423676,0.3999955110518593
train,3874,69,1,10.5455875397,10.237405777,1,-0.038407087326049805,-0.03160791099071503,0.5016997875355774,1,-0.038407087326049805,-0.03160791099071503,0.5016997875355774,1,-0.11127699911594391,0.0017689168453216553,0.5282314203898919
train,3877,69,1,8.9374818802,8.9069213867,1,-0.038171522319316864,-0.025577940046787262,0.5031483539579398,1,-0.038171522319316864,-0.025577940046787262,0.5031483539579398,1,-0.16009138524532318,-0.013467002660036087,0.5365905649623798
train,3888,69,0,7.9726781845,8.024477005,0,-0.03149367496371269,-0.042638517916202545,0.49721381810054754,0,-0.03149367496371269,-0.042638517916202545,0.49721381810054754,1,-0.15835650265216827,0.030429288744926453,0.5470567718891093
train,3889,69,0,10.5649995804,10.7263183594,0,-0.006669018417596817,-0.056797094643116,0.48747060451424673,0,-0.006669018417596817,-0.056797094643116,0.48747060451424673,0,0.1453128308057785,-0.2121632844209671,0.4115706642805638
train,3904,69,0,15.3444900513,15.5865421295,0,-0.00761809479445219,-0.05567502975463867,0.48798807793444365,0,-0.00761809479445219,-0.05567502975463867,0.48798807793444365,1,-0.1340561956167221,0.026958942413330078,0.540167041508359
train,3916,69,0,10.6715450287,10.9757671356,1,-0.059525735676288605,-0.017408527433872223,0.5105277458783444,1,-0.059525735676288605,-0.017408527433872223,0.5105277458783444,1,-0.2386622577905655,0.09231284260749817,0.5819966148571563
train,3919,69,0,12.141251564,12.411067009,0,-0.03421417251229286,-0.036387231200933456,0.49945673554162273,0,-0.03421417251229286,-0.036387231200933456,0.49945673554162273,1,-0.17306333780288696,0.05127769708633423,0.5558512108080014
train,3929,70,0,7.6779842377,7.7237763405,0,0.06776095926761627,-0.1113566905260086,0.4553399266740418,0,0.06776095926761627,-0.1113566905260086,0.4553399266740418,0,0.07145698368549347,-0.09646129608154297,0.4581187926346491
train,3934,70,1,9.5913496017,9.4983692169,0,-0.00863308273255825,-0.05688444525003433,0.4879394992119548,0,-0.00863308273255825,-0.05688444525003433,0.4879394992119548,1,-0.27142947912216187,0.11400246620178223,0.5951825511716538
train,3936,70,1,9.0744314194,8.9621238708,1,-0.06229018047451973,-0.01370500773191452,0.5121439044531836,1,-0.06229018047451973,-0.01370500773191452,0.5121439044531836,1,-0.1214749813079834,-0.002062849700450897,0.5298176099054538
train,3945,70,0,8.2580184937,8.4503612518,0,-0.037705618888139725,-0.039151880890131,0.49963843456252527,0,-0.037705618888139725,-0.039151880890131,0.49963843456252527,1,-0.09273777902126312,-0.010210290551185608,0.5206201701479947
train,3948,70,1,9.0788059235,9.0084619522,0,-0.029615145176649094,-0.04188736528158188,0.49693198347916595,0,-0.029615145176649094,-0.04188736528158188,0.49693198347916595,0,-0.041353654116392136,-0.06541435420513153,0.49398511515175114
train,3959,70,1,6.3035173416,6.2250499725,0,0.23421768844127655,-0.2535742223262787,0.3804138748291893,0,0.23421768844127655,-0.2535742223262787,0.3804138748291893,0,0.288412868976593,-0.276383638381958,0.36243836848956934
train,3994,70,0,11.7454681396,11.8861923218,1,-0.040501683950424194,-0.03511863201856613,0.501345759733265,1,-0.040501683950424194,-0.03511863201856613,0.501345759733265,0,-0.038525186479091644,-0.047888703644275665,0.49765913781169185
train,3996,70,1,10.6938457489,10.2348861694,1,-0.48993438482284546,0.30140092968940735,0.6881179765646511,1,-0.48993438482284546,0.30140092968940735,0.6881179765646511,1,-0.8752413392066956,0.5554609894752502,0.8070107231232977
train,4005,70,0,11.9503898621,11.9681015015,0,-0.0281217060983181,-0.03648371249437332,0.4979095105821059,0,-0.0281217060983181,-0.03648371249437332,0.4979095105821059,1,-0.09379947185516357,-0.008681945502758026,0.5212665434744866
train,4021,70,1,10.4248428345,10.3852100372,0,-0.020155983045697212,-0.03665468096733093,0.49587541908082833,0,-0.020155983045697212,-0.03665468096733093,0.49587541908082833,1,-0.04014432057738304,-0.03629738837480545,0.5009617318645979
train,4025,70,0,5.9031505585,6.0344409943,1,-0.2231971174478531,0.10395253449678421,0.5810656820615224,1,-0.2231971174478531,0.10395253449678421,0.5810656820615224,1,-0.17289982736110687,0.0481068417429924,0.5550278678744871
train,4042,70,1,8.3057918549,8.1794176102,0,0.22487486898899078,-0.25494417548179626,0.3822948561542546,0,0.22487486898899078,-0.25494417548179626,0.3822948561542546,0,0.37704914808273315,-0.34501898288726807,0.3269377290688551
train,4045,70,1,6.6637821198,6.5330734253,1,-0.8799418210983276,0.5768311619758606,0.8110386147013557,1,-0.8799418210983276,0.5768311619758606,0.8110386147013557,1,-0.6154229044914246,0.4245530962944031,0.7388453753931409
train,4052,70,1,11.3698940277,11.1617336273,0,-0.0080074742436409,-0.05855625867843628,0.48736549406273255,0,-0.0080074742436409,-0.05855625867843628,0.48736549406273255,0,-0.034422095865011215,-0.04344318062067032,0.4977447441054526
train,4064,70,0,6.3901948929,6.5471515656,0,0.05173477157950401,-0.10005851835012436,0.46212437460242545,0,0.05173477157950401,-0.10005851835012436,0.46212437460242545,0,0.1089886724948883,-0.12556235492229462,0.4416295981081233
train,4065,70,0,7.3533601761,7.4584407806,0,0.0051039233803749084,-0.07148414105176926,0.48086233767679715,0,0.0051039233803749084,-0.07148414105176926,0.48086233767679715,1,-0.09108173847198486,-0.006083816289901733,0.5212366964489079
train,4097,70,0,12.7350254059,13.1302661896,0,-0.023146670311689377,-0.0447264239192009,0.49460527095054135,0,-0.023146670311689377,-0.0447264239192009,0.49460527095054135,1,-0.07557839155197144,-0.014268990606069565,0.5153225509489696
train,4098,70,0,8.4479198456,8.6148376465,1,-0.04360869899392128,-0.03720614314079285,0.5016006334954255,1,-0.04360869899392128,-0.03720614314079285,0.5016006334954255,1,-0.2768629491329193,0.09745301306247711,0.5925014539413472
train,4116,70,0,7.4383358955,7.5002174377,1,-0.07785862684249878,0.002038232982158661,0.5199635962707962,1,-0.07785862684249878,0.002038232982158661,0.5199635962707962,1,-0.0344025120139122,-0.007160589098930359,0.5068100595758285
train,4123,71,1,8.2240600586,8.184636116,0,-0.034085288643836975,-0.04122891277074814,0.4982141015630021,0,-0.034085288643836975,-0.04122891277074814,0.4982141015630021,1,-0.04307219758629799,-0.042855143547058105,0.5000542635095969
train,4134,71,1,6.6140918732,6.008975029,1,-1.7205440998077393,1.116328477859497,0.9446361293137298,1,-1.7205440998077393,1.116328477859497,0.9446361293137298,1,-1.207521915435791,0.8157787322998047,0.883221872063061
train,4158,71,1,5.1289806366,5.0764460564,1,-0.760600745677948,0.5098692774772644,0.7808231975081262,1,-0.760600745677948,0.5098692774772644,0.7808231975081262,1,-1.2523441314697266,0.7965952754020691,0.8858404078112089
train,4196,71,0,10.7711334229,10.9617767334,1,-0.059147246181964874,-0.006574541330337524,0.5131401498590179,1,-0.059147246181964874,-0.006574541330337524,0.5131401498590179,1,-0.16040314733982086,0.04245796799659729,0.5505420693341743
train,4198,71,0,12.9328289032,13.0564937592,1,-0.041518036276102066,-0.026075955480337143,0.5038604434864886,1,-0.041518036276102066,-0.026075955480337143,0.5038604434864886,1,-0.08451132476329803,-0.02321992814540863,0.5153180540927924
train,4209,71,1,11.0872297287,10.7346372604,0,0.03329828009009361,-0.07570929825305939,0.4727750587855292,0,0.03329828009009361,-0.07570929825305939,0.4727750587855292,0,0.08389194309711456,-0.11360792815685272,0.45078490277333544
train,4217,71,1,7.6659650803,7.5522007942,1,-0.6073691844940186,0.3713672459125519,0.7268574245789993,1,-0.6073691844940186,0.3713672459125519,0.7268574245789993,1,-0.6051413416862488,0.384354829788208,0.7289883952965006
train,4224,71,0,9.8732500076,9.9808197021,1,-0.29767268896102905,0.16435769200325012,0.6134957282772479,1,-0.29767268896102905,0.16435769200325012,0.6134957282772479,0,0.19250260293483734,-0.3075276017189026,0.3775335706186464
train,4226,71,1,10.6259183884,10.5525035858,0,0.023192867636680603,-0.08838408440351486,0.4721346649229626,0,0.023192867636680603,-0.08838408440351486,0.4721346649229626,0,0.11751000583171844,-0.1480957567691803,0.43398619031449104
train,4230,71,1,10.2723808289,10.1582746506,0,-0.030659757554531097,-0.032869961112737656,0.49944744933538254,0,-0.030659757554531097,-0.032869961112737656,0.49944744933538254,1,-0.05996350198984146,-0.022850193083286285,0.5092772623777636
train,4236,71,1,11.4492206573,11.2411727905,1,-0.03735552728176117,-0.025325030088424683,0.5030075880236863,1,-0.03735552728176117,-0.025325030088424683,0.5030075880236863,1,-0.1002727746963501,-0.0020413100719451904,0.524538137760923
train,4237,71,0,12.557182312,12.6559095383,1,-0.08844327926635742,0.009969539940357208,0.5245833670078432,1,-0.08844327926635742,0.009969539940357208,0.5245833670078432,0,-0.026579467579722404,-0.03374519944190979,0.49820857469991264
train,4242,71,1,13.0694351196,13.0664653778,0,-0.019668877124786377,-0.04553792625665665,0.49353309835470976,0,-0.019668877124786377,-0.04553792625665665,0.49353309835470976,0,-0.02238781377673149,-0.05388016253709793,0.49212756343506286
train,4244,71,0,6.3054904938,6.6249027252,0,0.12054945528507233,-0.1682009994983673,0.4283098039090323,0,0.12054945528507233,-0.1682009994983673,0.4283098039090323,0,0.24805159866809845,-0.244904026389122,0.379197545511991
train,4254,71,1,6.5860452652,5.995174408,1,-1.214104175567627,0.7942909598350525,0.8816756993687819,1,-1.214104175567627,0.7942909598350525,0.8816756993687819,1,-1.7430895566940308,1.1180499792099,0.9458916513330413
train,4258,71,0,11.4958381653,11.6229629517,0,-0.02211054228246212,-0.03747132793068886,0.49615987909521914,0,-0.02211054228246212,-0.03747132793068886,0.49615987909521914,1,-0.09244650602340698,-0.006376646459102631,0.5215041912386493
train,4262,71,1,16.3134002686,15.5212898254,1,-1.3207194805145264,0.851742684841156,0.8977492038755862,1,-1.3207194805145264,0.851742684841156,0.8977492038755862,1,-1.8895107507705688,1.1437245607376099,0.9540532035891861
train,4303,71,1,5.8071222305,5.6744203568,0,0.1084379106760025,-0.15752652287483215,0.43389808768851806,0,0.1084379106760025,-0.15752652287483215,0.43389808768851806,0,0.21686682105064392,-0.22526335716247559,0.39123350764478315
train,4312,71,1,13.1011791229,13.022190094,0,-0.007352346554398537,-0.05806880071759224,0.48732360348471604,0,-0.007352346554398537,-0.05806880071759224,0.48732360348471604,1,-0.14682519435882568,0.027036815881729126,0.5433563429201175
train,4317,72,0,12.1619586945,12.2747306824,1,-0.043466679751873016,-0.021741628646850586,0.5054310491666956,1,-0.043466679751873016,-0.021741628646850586,0.5054310491666956,1,-0.08839848637580872,-0.001300916075706482,0.5217606379880085
train,4341,72,0,12.3338346481,12.6310844421,1,-0.03311474993824959,-0.031186453998088837,0.5004820738356646,1,-0.03311474993824959,-0.031186453998088837,0.5004820738356646,1,-0.05044785514473915,-0.03155931085348129,0.5047219956819866
train,4347,72,1,10.2574157715,9.5718364716,1,-0.7767665982246399,0.492715984582901,0.7806541617551018,1,-0.7767665982246399,0.492715984582901,0.7806541617551018,1,-1.1310651302337646,0.6951679587364197,0.861312368724097
train,4364,72,0,6.9369311333,6.9968218803,0,0.05449378862977028,-0.11289085447788239,0.458251268739445,0,0.05449378862977028,-0.11289085447788239,0.458251268739445,0,-0.009144457057118416,-0.06021595001220703,0.48723490123843716
train,4379,72,1,10.0345840454,10.013589859,0,0.2945847809314728,-0.31512951850891113,0.35212437283369663,0,0.2945847809314728,-0.31512951850891113,0.35212437283369663,0,0.3226009011268616,-0.28789836168289185,0.3519453177365797
train,4382,72,1,11.6573381424,11.5452804565,0,-0.0303351953625679,-0.03177395462989807,0.4996403102452148,0,-0.0303351953625679,-0.03177395462989807,0.4996403102452148,0,0.04618727043271065,-0.10804776847362518,0.461517496628264
train,4384,72,0,8.6337814331,8.7899656296,1,-0.06650708615779877,-0.019816622138023376,0.5116704959424293,1,-0.06650708615779877,-0.019816622138023376,0.5116704959424293,1,-0.07587558031082153,-0.017025992274284363,0.5147081523906378
train,4391,72,0,12.2720127106,12.3697566986,0,-0.017349813133478165,-0.03801435977220535,0.49483404717094276,0,-0.017349813133478165,-0.03801435977220535,0.49483404717094276,0,0.0028935465961694717,-0.07054690271615982,0.4816481353284405
train,4410,72,1,8.0750980377,7.6475563049,0,0.1475038230419159,-0.19225159287452698,0.4158688906858278,0,0.1475038230419159,-0.19225159287452698,0.4158688906858278,0,0.08406476676464081,-0.11730881035327911,0.4498260429109214
train,4423,72,1,8.6514663696,8.5397262573,0,0.059184182435274124,-0.10823644697666168,0.4582423348993624,0,0.059184182435274124,-0.10823644697666168,0.4582423348993624,0,0.08872127532958984,-0.12493834644556046,0.4467873723340655
train,4432,72,1,13.3504676819,12.4925098419,1,-0.13399966061115265,0.03239855915307999,0.5415038346522836,1,-0.13399966061115265,0.03239855915307999,0.5415038346522836,1,-0.2336059957742691,0.09016108512878418,0.5802420432915345
train,4456,72,0,8.0596179962,8.1795349121,0,-0.020830249413847923,-0.05300987884402275,0.491955786798179,0,-0.020830249413847923,-0.05300987884402275,0.491955786798179,0,0.07103705406188965,-0.1349610686302185,0.44868181600471746
train,4457,72,0,8.8960523605,9.2890052795,0,-0.03563787788152695,-0.04184259474277496,0.4984488257611764,0,-0.03563787788152695,-0.04184259474277496,0.4984488257611764,1,-0.29534757137298584,0.11916889250278473,0.6021703461092653
train,4458,72,0,13.1710624695,13.1944313049,0,-0.011053908616304398,-0.04624345898628235,0.49120352011545804,0,-0.011053908616304398,-0.04624345898628235,0.49120352011545804,0,0.056285250931978226,-0.11451860517263412,0.4574025470099663
train,4463,72,1,9.6261253357,9.0716285706,0,0.149765282869339,-0.1945011019706726,0.4147734948637087,0,0.149765282869339,-0.1945011019706726,0.4147734948637087,0,0.025169212371110916,-0.09864157438278198,0.4690867825711615
train,4484,72,0,9.4202871323,9.7415513992,1,-0.21849676966667175,0.09658084064722061,0.5781241618919437,1,-0.21849676966667175,0.09658084064722061,0.5781241618919437,1,-0.2060055285692215,0.08196942508220673,0.5715002959356528
train,4499,72,0,6.8317875862,6.9838633537,0,-0.012151984497904778,-0.06339854001998901,0.48719116422058945,0,-0.012151984497904778,-0.06339854001998901,0.48719116422058945,0,0.13491065800189972,-0.18006473779678345,0.42190076808140803
train,4503,72,1,8.9312295914,8.8255672455,1,-0.05912952497601509,-0.018558282405138016,0.5101414195944198,1,-0.05912952497601509,-0.018558282405138016,0.5101414195944198,1,-0.09876182675361633,-0.008828237652778625,0.5224682556174559
train,4504,72,0,7.1789507866,7.1936903,0,0.02852030098438263,-0.08828819543123245,0.4708310340173889,0,0.02852030098438263,-0.08828819543123245,0.4708310340173889,0,0.15013058483600616,-0.1788858026266098,0.4184799704692757
train,4509,72,0,9.484046936,9.5168704987,0,0.22700989246368408,-0.25865766406059265,0.380914710382602,0,0.22700989246368408,-0.25865766406059265,0.380914710382602,0,0.04277893528342247,-0.12495701014995575,0.45816405674269267
train,4527,73,1,6.4182734489,6.3933858871,1,-0.13159599900245667,0.04321388155221939,0.5435915190356744,1,-0.13159599900245667,0.04321388155221939,0.5435915190356744,1,-0.2905382513999939,0.0994109958410263,0.5962704815435966
train,4529,73,0,8.8124294281,8.8262414932,0,-0.025887686759233475,-0.0412251316010952,0.4961657139531373,0,-0.025887686759233475,-0.0412251316010952,0.4961657139531373,1,-0.06094937399029732,-0.0336822085082531,0.5068163690458368
train,4534,73,1,8.6838531494,8.5353765488,1,-0.06777895987033844,0.0036797448992729187,0.5178570781366663,1,-0.06777895987033844,0.0036797448992729187,0.5178570781366663,0,0.013721730560064316,-0.08074498176574707,0.47640086911669255
train,4554,73,1,11.978685379,11.4679946899,0,-0.032143592834472656,-0.035001955926418304,0.49928540971354474,0,-0.032143592834472656,-0.035001955926418304,0.49928540971354474,1,-0.04950037598609924,-0.03718949109315872,0.5030776823527472
train,4562,73,0,9.3735256195,9.5367383957,1,-0.4448743462562561,0.2626288831233978,0.669849230238727,1,-0.4448743462562561,0.2626288831233978,0.669849230238727,1,-0.4457651376724243,0.2603129744529724,0.6695339875395064
train,4563,73,1,8.2141275406,7.8071784973,0,0.048674602061510086,-0.10136767476797104,0.46255964469506866,0,0.048674602061510086,-0.10136767476797104,0.46255964469506866,0,0.02920215204358101,-0.052823834121227264,0.4795049934855486
train,4600,73,1,10.6484622955,10.1280288696,0,0.04206889867782593,-0.09963198006153107,0.4646339371953618,0,0.04206889867782593,-0.09963198006153107,0.4646339371953618,1,-0.03810518980026245,-0.022298071533441544,0.5039516972844816
train,4627,73,1,8.1430501938,7.9016494751,0,-0.020154790952801704,-0.05528634414076805,0.4912180149306423,0,-0.020154790952801704,-0.05528634414076805,0.4912180149306423,1,-0.11336727440357208,0.007899239659309387,0.5302795311331567
train,4638,73,0,11.9975986481,12.0659322739,0,0.0376138798892498,-0.09115287661552429,0.4678527177827508,0,0.0376138798892498,-0.09115287661552429,0.4678527177827508,0,0.06905147433280945,-0.11025799810886383,0.455292354014242
train,4649,73,1,7.1318893433,6.5410451889,1,-1.8968029022216797,1.2424046993255615,0.9584813587793266,1,-1.8968029022216797,1.2424046993255615,0.9584813587793266,1,-2.791355848312378,1.8698911666870117,0.9906338885074978
train,4652,73,0,9.3377304077,9.4317378998,1,-0.047058336436748505,-0.026686280965805054,0.5050928377328878,1,-0.047058336436748505,-0.026686280965805054,0.5050928377328878,0,-0.005046742502599955,-0.07509409636259079,0.48249531836869364
train,4656,73,0,9.8393802643,9.899679184,1,-0.07261164486408234,-0.005313865840435028,0.516818097817093,1,-0.07261164486408234,-0.005313865840435028,0.516818097817093,1,-0.2506447732448578,0.08603857457637787,0.583384644180457
train,4659,73,0,10.2067337036,10.3503665924,0,0.07605823874473572,-0.11684620380401611,0.45192288461163876,0,0.07605823874473572,-0.11684620380401611,0.45192288461163876,0,0.12707166373729706,-0.14577659964561462,0.4322079845979396
train,4660,73,0,9.306848526,9.3371295929,0,-0.03278081864118576,-0.035598818212747574,0.4992955005733191,0,-0.03278081864118576,-0.035598818212747574,0.4992955005733191,0,-0.03368120640516281,-0.05118228867650032,0.4956248411031077
train,4666,73,0,8.6308441162,8.6405363083,0,0.015154466032981873,-0.08474086225032806,0.475046915207513,0,0.015154466032981873,-0.08474086225032806,0.475046915207513,0,-0.024116884917020798,-0.04126075655221939,0.495714137063018
train,4667,73,1,10.1731300354,9.7456245422,0,-0.025142043828964233,-0.039395082741975784,0.49643680059327766,0,-0.025142043828964233,-0.039395082741975784,0.49643680059327766,0,0.003357537090778351,-0.06844782829284668,0.48205636778798316
train,4670,73,1,11.1078939438,11.0228834152,1,-0.04635455459356308,-0.01941029727458954,0.5067356568313635,1,-0.04635455459356308,-0.01941029727458954,0.5067356568313635,1,-0.08228960633277893,-0.0036076828837394714,0.5196603390658742
train,4672,73,1,8.7412796021,8.3148479462,1,-0.042321402579545975,-0.03042161464691162,0.5029749118780534,1,-0.042321402579545975,-0.03042161464691162,0.5029749118780534,0,-0.018839776515960693,-0.06061800196766853,0.48955696255019615
train,4674,73,0,8.4956893921,8.5452861786,1,-0.03541155904531479,-0.03223544359207153,0.5007940281958171,1,-0.03541155904531479,-0.03223544359207153,0.5007940281958171,0,0.04449627175927162,-0.08756230771541595,0.4670332514258329
train,4685,73,1,11.8718166351,11.8689146042,1,-0.03070293739438057,-0.02912827581167221,0.500393665314334,1,-0.03070293739438057,-0.02912827581167221,0.500393665314334,1,-0.04245831072330475,-0.033929243683815,0.5021322538339904
train,4710,74,1,8.3415565491,8.2993545532,0,-0.015298060141503811,-0.04605028033256531,0.49231255077713604,0,-0.015298060141503811,-0.04605028033256531,0.49231255077713604,0,0.040955204516649246,-0.0923684686422348,0.46671836609145
train,4711,74,0,14.6384592056,14.8035202026,0,-0.02695690095424652,-0.03736843913793564,0.49739713896657417,0,-0.02695690095424652,-0.03736843913793564,0.49739713896657417,1,-0.03971394523978233,-0.03108372539281845,0.5021575415704913
train,4727,74,1,13.9312839508,13.8660449982,0,-0.012622583657503128,-0.048447296023368835,0.4910447796563378,0,-0.012622583657503128,-0.048447296023368835,0.4910447796563378,1,-0.08192436397075653,-0.011586565524339676,0.5175772034124397
train,4762,74,0,8.0865268707,8.2920627594,0,-0.02001902274787426,-0.06401820480823517,0.48900197870913137,0,-0.02001902274787426,-0.06401820480823517,0.48900197870913137,1,-0.1770038604736328,0.025961026549339294,0.550567747036261
train,4770,74,0,11.7237625122,11.9751663208,0,-0.010423729196190834,-0.059176310896873474,0.4878142680809681,0,-0.010423729196190834,-0.059176310896873474,0.4878142680809681,1,-0.10064144432544708,-0.008665308356285095,0.5229778376477591
train,4780,74,0,8.8697166443,8.9114837646,0,0.15440452098846436,-0.19092872738838196,0.4145145517727751,0,0.15440452098846436,-0.19092872738838196,0.4145145517727751,0,0.23712091147899628,-0.2389480322599411,0.38318081559295064
train,4790,74,1,11.7823104858,11.4662399292,0,-0.0026667416095733643,-0.058921679854393005,0.48593997312784265,0,-0.0026667416095733643,-0.058921679854393005,0.48593997312784265,1,-0.15399523079395294,0.037250518798828125,0.5476662433963786
train,4798,74,1,10.4251241684,10.2240009308,0,-0.023008661344647408,-0.03989994525909424,0.4957772794215372,0,-0.023008661344647408,-0.03989994525909424,0.4957772794215372,0,-0.005704957526177168,-0.07362844794988632,0.48302565296372013
train,4815,74,1,8.8997745514,8.5009832382,0,-0.017638515681028366,-0.05063585191965103,0.4917514143650666,0,-0.017638515681028366,-0.05063585191965103,0.4917514143650666,1,-0.18386957049369812,0.05304659903049469,0.5589535483562159
train,4817,74,0,11.1190595627,11.3355073929,0,-0.03343575447797775,-0.03670850396156311,0.4991818133593958,0,-0.03343575447797775,-0.03670850396156311,0.4991818133593958,1,-0.08233144879341125,-0.006274305284023285,0.5190051251988236
train,4827,74,0,11.4594812393,11.5535335541,1,-0.05535591021180153,-0.01637880876660347,0.5097430419117026,1,-0.05535591021180153,-0.01637880876660347,0.5097430419117026,1,-0.05352446064352989,-0.04222731664776802,0.5028242559617565
train,4832,74,1,9.5433416367,9.4229469299,1,-0.6447517275810242,0.42049556970596313,0.7436920329697646,1,-0.6447517275810242,0.42049556970596313,0.7436920329697646,1,-1.33517324924469,0.8571119904518127,0.8995545804870558
train,4843,74,0,8.093629837,8.1737194061,0,-0.00872199796140194,-0.05829016864299774,0.4876104939807441,0,-0.00872199796140194,-0.05829016864299774,0.4876104939807441,1,-0.0551590658724308,-0.04743315652012825,0.5019314677306951
train,4850,74,0,8.7831754684,8.8098230362,0,0.04572359099984169,-0.0961226373910904,0.46459778176568406,0,0.04572359099984169,-0.0961226373910904,0.46459778176568406,0,0.1540168970823288,-0.16091497242450714,0.42191138420227325
train,4857,74,1,11.4414215088,11.3666000366,0,-0.02401615120470524,-0.043280694633722305,0.49518401308530335,0,-0.02401615120470524,-0.043280694633722305,0.49518401308530335,0,0.01525454968214035,-0.07449661195278168,0.4775772593419634
train,4859,74,1,9.7423610687,9.7234916687,1,-0.05130520835518837,-0.025631148368120193,0.5064181624523906,1,-0.05130520835518837,-0.025631148368120193,0.5064181624523906,1,-0.19306223094463348,0.04916232079267502,0.5602617820352396
train,4872,74,1,16.8066577911,16.4796943665,0,-0.029961077496409416,-0.033831886947155,0.49903229884558226,0,-0.029961077496409416,-0.033831886947155,0.49903229884558226,0,0.026088476181030273,-0.08351383358240128,0.47262681914845206
train,4873,74,1,11.4004821777,11.2542896271,1,-0.044458258897066116,-0.020350493490695953,0.5060266494715553,1,-0.044458258897066116,-0.020350493490695953,0.5060266494715553,0,0.0038161762058734894,-0.08598832786083221,0.4775639505694094
train,4891,74,0,8.5295295715,8.6361560822,1,-0.23973733186721802,0.10715164989233017,0.5858629623611094,1,-0.23973733186721802,0.10715164989233017,0.5858629623611094,1,-0.38463473320007324,0.21604542434215546,0.6458119001319175
train,4935,75,1,10.3118810654,9.7324171066,0,0.07399545609951019,-0.12471340596675873,0.45048560124316955,0,0.07399545609951019,-0.12471340596675873,0.45048560124316955,0,0.0973319411277771,-0.12797167897224426,0.44391115833068645
train,4940,75,1,11.3928337097,11.0754575729,0,-0.00892874225974083,-0.05713813006877899,0.4879499867889122,0,-0.00892874225974083,-0.05713813006877899,0.4879499867889122,1,-0.20813985168933868,0.06597907841205597,0.5681038155050242
train,4952,75,1,11.5497589111,11.4922008514,0,-0.03386189043521881,-0.035732585936784744,0.499532326260994,0,-0.03386189043521881,-0.035732585936784744,0.499532326260994,1,-0.05131497606635094,-0.018996186554431915,0.5080789941783053
train,4957,75,1,13.196516037,13.0427761078,0,-0.027078624814748764,-0.04540415108203888,0.4954187466407108,0,-0.027078624814748764,-0.04540415108203888,0.4954187466407108,1,-0.09135307371616364,-0.0027256160974502563,0.522142372594303
train,4977,75,1,14.2875242233,13.9836502075,0,0.002101479098200798,-0.06396088004112244,0.4834904140882728,0,0.002101479098200798,-0.06396088004112244,0.4834904140882728,1,-0.07533104717731476,-0.011917445808649063,0.5158480898911035
train,4979,75,1,9.9320993423,9.9180450439,1,-0.04831304773688316,-0.021778173744678497,0.5066333292922778,1,-0.04831304773688316,-0.021778173744678497,0.5066333292922778,0,-0.020961277186870575,-0.06015749275684357,0.49020220047403845
train,4982,75,0,9.416015625,9.5679855347,1,-0.41313886642456055,0.24956336617469788,0.6598671460286848,1,-0.41313886642456055,0.24956336617469788,0.6598671460286848,1,-0.39243364334106445,0.2305963784456253,0.6509073656707273
train,4983,75,1,9.8090810776,9.4999475479,1,-0.05202953889966011,-0.027056440711021423,0.5062429500962825,1,-0.05202953889966011,-0.027056440711021423,0.5062429500962825,1,-0.20765776932239532,0.06434066593647003,0.5675834519717855
train,4984,75,1,8.9860420227,8.7420606613,0,0.021273329854011536,-0.0841817781329155,0.4736606280099146,0,0.021273329854011536,-0.0841817781329155,0.4736606280099146,0,0.02920406311750412,-0.08262600004673004,0.4720715841221409
train,4992,75,0,9.4250144958,9.5808200836,0,-0.03311978280544281,-0.0377148874104023,0.49885122587012193,0,-0.03311978280544281,-0.0377148874104023,0.49885122587012193,1,-0.24072545766830444,0.07596525549888611,0.5785175425579991
train,4993,75,1,9.3005638123,9.2998447418,0,-0.005614655092358589,-0.06202610209584236,0.48590087696362133,0,-0.005614655092358589,-0.06202610209584236,0.48590087696362133,0,-0.03657929599285126,-0.057882409542798996,0.49467442301661
train,5005,75,0,8.7591438293,8.8455753326,0,0.03221360221505165,-0.09086142480373383,0.46927002355255626,0,0.03221360221505165,-0.09086142480373383,0.46927002355255626,0,0.03693198785185814,-0.07924796640872955,0.47098763764052204
train,5017,75,1,12.7852754593,12.7662200928,1,-0.04766695573925972,-0.022270996123552322,0.5063486486916593,1,-0.04766695573925972,-0.022270996123552322,0.5063486486916593,1,-0.12694503366947174,0.020190507173538208,0.5367176677725943
train,5043,75,1,13.1719655991,12.8688926697,0,-0.013951420783996582,-0.04989425837993622,0.49101525785325056,0,-0.013951420783996582,-0.04989425837993622,0.49101525785325056,0,-0.01019851490855217,-0.04827477037906647,0.4904820860282022
train,5063,75,0,12.3589820862,12.3811626434,1,-0.05814356356859207,-0.01297188550233841,0.511290999659801,1,-0.05814356356859207,-0.01297188550233841,0.511290999659801,0,-0.005954468622803688,-0.07043800503015518,0.4838846996326249
train,5081,75,1,10.5620174408,10.4298171997,1,-0.0478164441883564,-0.028888873755931854,0.5047317513453039,1,-0.0478164441883564,-0.028888873755931854,0.5047317513453039,0,-0.042732443660497665,-0.05403269827365875,0.49717496640871206
train,5083,75,1,9.8461351395,9.7857780457,0,0.059330690652132034,-0.11236146092414856,0.45718209334865,0,0.059330690652132034,-0.11236146092414856,0.45718209334865,0,0.19921664893627167,-0.21574942767620087,0.3977219490642943
train,5085,75,0,10.7801933289,10.8856248856,0,-0.03490466997027397,-0.03970973566174507,0.4987987358884292,0,-0.03490466997027397,-0.03970973566174507,0.4987987358884292,1,-0.06197776272892952,-0.038321442902088165,0.5059138041683019
train,5090,75,0,18.2293891907,18.6368255615,0,0.11188486218452454,-0.15562468767166138,0.4335185987750686,0,0.11188486218452454,-0.15562468767166138,0.4335185987750686,0,0.019638031721115112,-0.07690387964248657,0.47588325061000747
train,5108,76,1,10.6551456451,10.5500402451,0,-0.010234387591481209,-0.046243369579315186,0.49099872710465226,0,-0.010234387591481209,-0.046243369579315186,0.49099872710465226,1,-0.13607724010944366,0.030243106186389923,0.5414845003650716
train,5115,76,1,11.2598810196,11.1936397552,1,-0.03577927500009537,-0.03102223575115204,0.5011892575695523,1,-0.03577927500009537,-0.03102223575115204,0.5011892575695523,0,0.014717256650328636,-0.07752833515405655,0.47695494107761083
train,5124,76,1,7.6271681786,7.3575429916,0,0.3246479332447052,-0.3494341969490051,0.3375833870418502,0,0.3246479332447052,-0.3494341969490051,0.3375833870418502,0,0.35893771052360535,-0.3168763518333435,0.33719619992045435
train,5127,76,0,11.0572748184,11.2815322876,0,-0.027714522555470467,-0.03852914646267891,0.49729637037364244,0,-0.027714522555470467,-0.03852914646267891,0.49729637037364244,0,0.008562635630369186,-0.07398993521928787,0.479373569925161
train,5130,76,1,8.7319660187,8.1827793121,1,-0.5267331004142761,0.3299940228462219,0.7019764033543928,1,-0.5267331004142761,0.3299940228462219,0.7019764033543928,1,-0.365378737449646,0.2133612185716629,0.6407774187246056
train,5149,76,0,7.0529346466,7.0811395645,0,0.1126304417848587,-0.1577526330947876,0.43281305312825424,0,0.1126304417848587,-0.1577526330947876,0.43281305312825424,0,0.03598706051707268,-0.07874279469251633,0.4713489569676808
train,5152,76,0,12.7059707642,12.748966217,1,-0.03791222721338272,-0.032317109405994415,0.5013987758027526,1,-0.03791222721338272,-0.032317109405994415,0.5013987758027526,1,-0.09957458078861237,-0.0026297718286514282,0.5242172384789793
train,5170,76,1,12.5326480865,12.2865619659,0,0.0029998477548360825,-0.06398287415504456,0.4832605777641681,0,0.0029998477548360825,-0.06398287415504456,0.4832605777641681,1,-0.0941808819770813,-0.004365593194961548,0.5224387401800227
train,5180,76,1,7.834854126,7.5100598335,1,-0.06883010268211365,-0.019806362688541412,0.5122534810031243,1,-0.06883010268211365,-0.019806362688541412,0.5122534810031243,1,-0.0782851129770279,-0.006562478840351105,0.5179229760069327
train,5186,76,1,10.9751701355,10.9027814865,1,-0.03574780002236366,-0.028702907264232635,0.5017612159053679,1,-0.03574780002236366,-0.028702907264232635,0.5017612159053679,0,0.019558999687433243,-0.07994668930768967,0.47514408336165515
train,5191,76,1,14.2887401581,14.1618967056,1,-0.04197721555829048,-0.022699907422065735,0.5048191777952411,1,-0.04197721555829048,-0.022699907422065735,0.5048191777952411,0,-0.021296339109539986,-0.0617804154753685,0.4898803630111801
train,5222,76,1,5.4276986122,4.7197999954,1,-2.381861925125122,1.5269722938537598,0.9803307636287356,1,-2.381861925125122,1.5269722938537598,0.9803307636287356,1,-3.2546424865722656,2.1086671352386475,0.9953364767450259
train,5224,76,0,7.3296947479,7.4044513702,0,0.03306746482849121,-0.09716580808162689,0.46748762152722,0,0.03306746482849121,-0.09716580808162689,0.46748762152722,1,-0.13689981400966644,0.02938178926706314,0.5414748812701689
train,5238,76,1,8.8877592087,8.5568332672,1,-0.057251304388046265,-0.012486957013607025,0.5111892184493803,1,-0.057251304388046265,-0.012486957013607025,0.5111892184493803,1,-0.2037871927022934,0.06346306204795837,0.5664177223775594
train,5241,76,1,9.7910079956,9.5414237976,1,-0.15557871758937836,0.06781775504350662,0.5556180043860576,1,-0.15557871758937836,0.06781775504350662,0.5556180043860576,1,-0.038933128118515015,-0.032886795699596405,0.5015115784996914
train,5252,76,1,10.466714859,10.2903413773,0,-0.006277268752455711,-0.059314630925655365,0.4867437667508213,0,-0.006277268752455711,-0.059314630925655365,0.4867437667508213,0,-0.005186490714550018,-0.07301940768957138,0.48304827026386105
train,5273,76,0,8.6514759064,8.8664169312,0,0.0007868455722928047,-0.07389307767152786,0.4813386913675866,0,0.0007868455722928047,-0.07389307767152786,0.4813386913675866,0,0.03285912051796913,-0.09131018072366714,0.4689974975458419
train,5276,76,0,8.7956628799,9.2904777527,0,0.09253150224685669,-0.14893969893455505,0.43992382824207216,0,0.09253150224685669,-0.14893969893455505,0.43992382824207216,0,0.022119097411632538,-0.07079251110553741,0.47678879316031303
train,5292,76,1,12.4531459808,12.3331680298,0,-0.018169501796364784,-0.04712319374084473,0.4927620826454764,0,-0.018169501796364784,-0.04712319374084473,0.4927620826454764,1,-0.08530604839324951,-0.00906991958618164,0.5190498067225779
train,5293,76,1,11.3741950989,11.1814823151,0,-0.01838333159685135,-0.044496651738882065,0.4934720409145374,0,-0.01838333159685135,-0.044496651738882065,0.4934720409145374,0,-0.018716149032115936,-0.04900794103741646,0.4924276310190047
train,5307,77,1,10.7774896622,10.6912355423,1,-0.03954555466771126,-0.020466715097427368,0.5047695652157947,1,-0.03954555466771126,-0.020466715097427368,0.5047695652157947,0,0.039420295506715775,-0.10510915517807007,0.4639304029165617
train,5321,77,0,11.29712677,11.4052066803,0,-0.01681520976126194,-0.054433129727840424,0.4905966288809346,0,-0.01681520976126194,-0.054433129727840424,0.4905966288809346,1,-0.08929549157619476,-0.01918572187423706,0.5175202664496853
train,5336,77,0,8.6145420074,9.0265769958,0,0.060927558690309525,-0.1189698576927185,0.45514654703255986,0,0.060927558690309525,-0.1189698576927185,0.45514654703255986,0,0.12882788479328156,-0.15422788262367249,0.4297047737259464
train,5337,77,0,12.2148036957,12.2787437439,1,-0.040507085621356964,-0.03001999482512474,0.502621748670978,1,-0.040507085621356964,-0.03001999482512474,0.502621748670978,1,-0.2683181166648865,0.10660304129123688,0.5926475663284666
train,5341,77,1,9.3174009323,8.9890975952,0,-0.0054460447281599045,-0.07176516205072403,0.48342629479827526,0,-0.0054460447281599045,-0.07176516205072403,0.48342629479827526,0,0.08716793358325958,-0.11897920072078705,0.44864495581409713
train,5357,77,0,10.7246284485,10.8537998199,0,-0.004401743412017822,-0.062236908823251724,0.48554523757481893,0,-0.004401743412017822,-0.062236908823251724,0.48554523757481893,0,0.08037881553173065,-0.11660768836736679,0.4509120043802249
train,5368,77,0,12.3023471832,12.4435386658,0,-0.02484242618083954,-0.030472654849290848,0.4985924465511107,0,-0.02484242618083954,-0.030472654849290848,0.4985924465511107,1,-0.07232912629842758,-0.011898711323738098,0.5151030078822534
train,5370,77,0,11.4497032166,11.7327013016,0,0.013419879600405693,-0.07358082383871078,0.47826353290925266,0,0.013419879600405693,-0.07358082383871078,0.47826353290925266,0,-0.008094364777207375,-0.05530189722776413,0.48820030815734555
train,5375,77,0,8.367357254,8.4862594604,1,-0.839212954044342,0.5363598465919495,0.7982790313675195,1,-0.839212954044342,0.5363598465919495,0.7982790313675195,1,-0.8567551970481873,0.5675778985023499,0.8060168104700771
train,5394,77,1,9.2743654251,9.1243515015,0,-0.00530073419213295,-0.06499189138412476,0.48508163999128184,0,-0.00530073419213295,-0.06499189138412476,0.48508163999128184,1,-0.1543089896440506,0.018516384065151215,0.5430991208903436
train,5406,77,1,10.8227758408,10.7638931274,0,-0.030416518449783325,-0.03603392094373703,0.4985956530693816,0,-0.030416518449783325,-0.03603392094373703,0.4985956530693816,0,-0.004932480864226818,-0.07472921907901764,0.4825578957620778
train,5419,77,1,6.3853349686,6.2844552994,1,-0.23310384154319763,0.11758521944284439,0.5867846644323812,1,-0.23310384154319763,0.11758521944284439,0.5867846644323812,1,-0.027194589376449585,-0.02099544182419777,0.501549781924963
train,5421,77,1,13.971871376,13.6019153595,0,-0.0006049992516636848,-0.06326516717672348,0.4843400814739377,0,-0.0006049992516636848,-0.06326516717672348,0.4843400814739377,1,-0.06653421372175217,-0.029096681624650955,0.5093582900258561
train,5432,77,0,12.7348966599,13.0782623291,1,-0.03901320695877075,-0.0282423235476017,0.5026926948207825,1,-0.03901320695877075,-0.0282423235476017,0.5026926948207825,0,-0.03558126837015152,-0.044534265995025635,0.4977617655444527
train,5448,77,1,11.0647754669,10.4237718582,1,-0.07076448202133179,-0.011090096086263657,0.5149141709260077,1,-0.07076448202133179,-0.011090096086263657,0.5149141709260077,1,-0.17635343968868256,0.07680803537368774,0.5629544940726756
train,5450,77,1,10.4875173569,10.2326335907,0,-0.025160085409879684,-0.046357881277799606,0.49470074946486264,0,-0.025160085409879684,-0.046357881277799606,0.49470074946486264,0,0.04468950256705284,-0.09654471278190613,0.4647500212735569
train,5460,77,0,13.4276027679,13.4955730438,0,-0.012989336624741554,-0.043092165142297745,0.49247486112306954,0,-0.012989336624741554,-0.043092165142297745,0.49247486112306954,1,-0.10271131992340088,0.00869511067867279,0.5278228369216316
train,5467,77,1,9.7306489944,9.3988380432,1,-0.11990508437156677,0.03127375990152359,0.5377228918947567,1,-0.11990508437156677,0.03127375990152359,0.5377228918947567,1,-0.09598059952259064,0.011671990156173706,0.5268871859545395
train,5474,77,0,8.3691596985,8.5082492828,1,-0.41898584365844727,0.2612171471118927,0.6637840013351571,1,-0.41898584365844727,0.2612171471118927,0.6637840013351571,1,-0.6718584299087524,0.4134975075721741,0.7475062060198093
train,5491,77,0,11.5222635269,11.5863609314,1,-0.0744202584028244,-0.008657611906528473,0.5164347390727829,1,-0.0744202584028244,-0.008657611906528473,0.5164347390727829,0,0.0038791149854660034,-0.07569502294063568,0.48011695610286165
train,5504,78,0,8.4419994354,8.6779403687,0,0.2652290463447571,-0.2920243740081787,0.3641832031142894,0,0.2652290463447571,-0.2920243740081787,0.3641832031142894,0,0.18483485281467438,-0.18670697510242462,0.4081685141874512
train,5509,78,1,11.3988056183,10.9900569916,0,0.016161836683750153,-0.06771870702505112,0.4790421508226383,0,0.016161836683750153,-0.06771870702505112,0.4790421508226383,0,0.11166684329509735,-0.1475612074136734,0.4355534798906766
train,5513,78,1,10.2021512985,9.7760477066,0,-0.03537358343601227,-0.041544362902641296,0.4984573100286188,0,-0.03537358343601227,-0.041544362902641296,0.4984573100286188,1,-0.21232642233371735,0.06686694920063019,0.5693484571407847
train,5517,78,0,9.8004970551,9.8844213486,1,-0.03798525407910347,-0.02995343878865242,0.5020079430282478,1,-0.03798525407910347,-0.02995343878865242,0.5020079430282478,1,-0.08588966727256775,-0.019518692046403885,0.516586655421763
train,5521,78,0,7.6067905426,7.7204017639,0,0.32608217000961304,-0.3512783944606781,0.336850651619993,0,0.32608217000961304,-0.3512783944606781,0.336850651619993,0,0.4033855199813843,-0.3584616184234619,0.3182453668806862
train,5530,78,0,10.9792156219,11.2474527359,0,-0.03361326828598976,-0.036727018654346466,0.49922156303685156,0,-0.03361326828598976,-0.036727018654346466,0.49922156303685156,1,-0.22718681395053864,0.07420440018177032,0.5747825753964645
train,5533,78,1,9.4072132111,9.0120248795,0,-0.016587553545832634,-0.04091057926416397,0.49391954333882915,0,-0.016587553545832634,-0.04091057926416397,0.49391954333882915,1,-0.1535046100616455,0.055729031562805176,0.5521184092397765
train,5544,78,1,9.6095066071,9.5628671646,1,-0.06375400722026825,-0.008644014596939087,0.5137740122316129,1,-0.06375400722026825,-0.008644014596939087,0.5137740122316129,1,-0.11440324783325195,0.003219231963157654,0.5293717644412366
train,5563,78,1,11.4137439728,11.2621068954,0,-0.019440006464719772,-0.033084686845541,0.4965888828273467,0,-0.019440006464719772,-0.033084686845541,0.4965888828273467,1,-0.09901104867458344,0.005374103784561157,0.5260726179109761
train,5564,78,1,11.8149394989,11.5451021194,1,-0.050801876932382584,-0.014709223061800003,0.5090221840709337,1,-0.050801876932382584,-0.014709223061800003,0.5090221840709337,0,0.004799949005246162,-0.07765652984380722,0.47939755209052204
train,5568,78,1,9.1114797592,9.0995693207,1,-0.06074045971035957,-0.008505918085575104,0.513055667066171,1,-0.06074045971035957,-0.008505918085575104,0.513055667066171,1,-0.04816308245062828,-0.030889347195625305,0.5043183264384034
train,5593,78,0,13.0123958588,13.061000824,0,0.09241516888141632,-0.13543856143951416,0.44328174368350487,0,0.09241516888141632,-0.13543856143951416,0.44328174368350487,0,0.09427691996097565,-0.11362302303314209,0.44821141553141064
train,5595,78,0,6.6780776978,6.7427692413,0,0.12044253945350647,-0.158845454454422,0.4306283424768004,0,0.12044253945350647,-0.158845454454422,0.4306283424768004,0,0.20325931906700134,-0.2537458539009094,0.38769652008643646
train,5600,78,0,16.183506012,16.3134727478,1,-0.03122446872293949,-0.0285191647708416,0.5006763255755409,1,-0.03122446872293949,-0.0285191647708416,0.5006763255755409,0,-0.03826000541448593,-0.04611481353640556,0.49803630806583354
train,5605,78,1,11.8958826065,11.6236362457,1,-0.03854218125343323,-0.02641533687710762,0.5030316739409187,1,-0.03854218125343323,-0.02641533687710762,0.5030316739409187,1,-0.1718773990869522,0.052294522523880005,0.5558094596189714
train,5610,78,1,12.1161594391,11.1245574951,1,-0.8583566546440125,0.5673953890800476,0.8062385719528098,1,-0.8583566546440125,0.5673953890800476,0.8062385719528098,1,-0.8957898020744324,0.5801200270652771,0.8139539895140477
train,5669,78,0,12.4214601517,12.4525671005,0,-0.024387061595916748,-0.05080196261405945,0.49339665869612914,0,-0.024387061595916748,-0.05080196261405945,0.49339665869612914,1,-0.20628385245800018,0.05748565495014191,0.5655626934058133
train,5674,78,1,11.7274837494,11.6130628586,0,-0.019885458052158356,-0.0459137037396431,0.49349330591458684,0,-0.019885458052158356,-0.0459137037396431,0.49349330591458684,1,-0.18072332441806793,0.04261857271194458,0.5556045292912498
train,5676,78,0,5.3512220383,5.5226740837,0,-0.017546165734529495,-0.0477789044380188,0.49244239096489156,0,-0.017546165734529495,-0.0477789044380188,0.49244239096489156,0,-0.034200794994831085,-0.12459512054920197,0.4774167940512868
train,5707,79,1,12.6598720551,12.4494724274,0,0.03486322984099388,-0.09060032665729523,0.4686751906893978,0,0.03486322984099388,-0.09060032665729523,0.4686751906893978,0,0.0501118041574955,-0.08480140566825867,0.46632276361389763
train,5720,79,0,6.346411705,6.3635911942,0,0.0983160138130188,-0.1362636685371399,0.4416225320170301,0,0.0983160138130188,-0.1362636685371399,0.4416225320170301,0,0.13164836168289185,-0.15649232268333435,0.42845911913052404
train,5723,79,1,9.8933029175,9.8805713654,0,0.008941933512687683,-0.0665268823504448,0.4811417458498275,0,0.008941933512687683,-0.0665268823504448,0.4811417458498275,0,0.04850233718752861,-0.08604469895362854,0.46641389285963564
train,5726,79,1,12.9568576813,12.6974630356,1,-0.03766726702451706,-0.030797019600868225,0.5017175551001579,1,-0.03766726702451706,-0.030797019600868225,0.5017175551001579,1,-0.08762741088867188,-0.010482631623744965,0.5192766356502828
train,5762,79,1,10.0754842758,10.0579586029,0,0.07236818969249725,-0.1213480532169342,0.45172181878259265,0,0.07236818969249725,-0.1213480532169342,0.45172181878259265,1,-0.23401807248592377,0.13284361362457275,0.5907004340548636
train,5766,79,1,8.9405584335,8.8696365356,1,-0.3275119364261627,0.17649304866790771,0.6234000549329662,1,-0.3275119364261627,0.17649304866790771,0.6234000549329662,1,-0.42662638425827026,0.21759341657161713,0.6557067284241105
train,5769,79,1,15.3890113831,15.3146953583,0,-0.01708386279642582,-0.04564175382256508,0.49286101242218167,0,-0.01708386279642582,-0.04564175382256508,0.49286101242218167,1,-0.12081038951873779,0.009660497307777405,0.5325715303237096
train,5782,79,0,10.1510019302,10.2688179016,1,-0.051484111696481705,-0.01402071863412857,0.5093647530007634,1,-0.051484111696481705,-0.01402071863412857,0.5093647530007634,1,-0.18359114229679108,0.061062172055244446,0.5608600648205911
train,5791,79,1,10.4202899933,10.1092414856,0,0.021286237984895706,-0.07974287122488022,0.47476418396102277,0,0.021286237984895706,-0.07974287122488022,0.47476418396102277,0,0.09188652038574219,-0.12336882203817368,0.4463929941598386
train,5796,79,1,11.606710434,11.5184803009,1,-0.16114482283592224,0.06460324674844742,0.5561985530841546,1,-0.16114482283592224,0.06460324674844742,0.5561985530841546,1,-0.3503425121307373,0.1813894361257553,0.6298869707317863
train,5815,79,1,10.9086303711,10.5629348755,0,0.08698496222496033,-0.13344919681549072,0.4451135304937808,0,0.08698496222496033,-0.13344919681549072,0.4451135304937808,0,0.10343413054943085,-0.12993402779102325,0.4419213053263383
train,5818,79,1,13.1424770355,13.0720291138,0,-0.005330576561391354,-0.05327349901199341,0.4880165646503818,0,-0.005330576561391354,-0.05327349901199341,0.4880165646503818,1,-0.14205540716648102,0.020204588770866394,0.5404762320422069
train,5829,79,0,10.4004869461,10.4921350479,0,-0.019295096397399902,-0.0573565848171711,0.4904857764536494,0,-0.019295096397399902,-0.0573565848171711,0.4904857764536494,1,-0.07912273705005646,-0.029515981674194336,0.5123991462654677
train,5832,79,1,14.6142988205,14.5115127563,0,-0.030160199850797653,-0.037338923662900925,0.49820532675420315,0,-0.030160199850797653,-0.037338923662900925,0.49820532675420315,0,-0.02549085021018982,-0.04913013055920601,0.4940904551056605
train,5843,79,1,6.7341127396,6.6384515762,1,-0.9563524723052979,0.6315098404884338,0.8303151328589007,1,-0.9563524723052979,0.6315098404884338,0.8303151328589007,1,-1.6889259815216064,1.106584906578064,0.9424327583398372
train,5851,79,1,10.4777412415,9.9142742157,1,-0.4499812722206116,0.2685735523700714,0.6722887002420072,1,-0.4499812722206116,0.2685735523700714,0.6722887002420072,1,-0.3743073344230652,0.15739306807518005,0.6298796164587549
train,5855,79,0,5.9859037399,5.9994211197,1,-0.048626743257045746,-0.03230472654104233,0.504080413591423,1,-0.048626743257045746,-0.03230472654104233,0.504080413591423,1,-0.1401287466287613,0.014507688581943512,0.5385822564766114
train,5875,79,1,14.1556272507,13.8019809723,0,-0.0014847759157419205,-0.054983045905828476,0.486628621496444,0,-0.0014847759157419205,-0.054983045905828476,0.486628621496444,1,-0.13562212884426117,0.030031800270080566,0.5413190383812884
train,5878,79,1,8.548576355,8.4348812103,0,0.04471856728196144,-0.10991474241018295,0.46141852025050506,0,0.04471856728196144,-0.10991474241018295,0.46141852025050506,1,-0.13656778633594513,0.023725539445877075,0.5399877478213594
train,5881,79,0,13.2614974976,13.3391227722,0,-0.031148385256528854,-0.0318441241979599,0.4998260652716584,0,-0.031148385256528854,-0.0318441241979599,0.4998260652716584,1,-0.1306723952293396,0.023114770650863647,0.5383711964551955
train,5891,80,0,10.2997379303,10.3341732025,0,-0.03174106031656265,-0.03760194778442383,0.49853478232721815,0,-0.03174106031656265,-0.03760194778442383,0.49853478232721815,1,-0.19197694957256317,0.05554310977458954,0.5615660091466653
train,5899,80,1,7.4700231552,7.3408002853,1,-1.0237412452697754,0.6566647887229919,0.8429582892221336,1,-1.0237412452697754,0.6566647887229919,0.8429582892221336,1,-1.2900524139404297,0.839725911617279,0.8937639621865165
train,5910,80,1,8.9471549988,8.4633808136,1,-0.44392040371894836,0.2687264084815979,0.6709857445496556,1,-0.44392040371894836,0.2687264084815979,0.6709857445496556,1,-0.2553001046180725,0.12181855738162994,0.5931779717056993
train,5923,80,1,8.8271665573,8.7656259537,0,0.1402309238910675,-0.19412925839424133,0.41718010338296985,0,0.1402309238910675,-0.19412925839424133,0.41718010338296985,0,0.1626949906349182,-0.16624325513839722,0.4184989867209417
train,5937,80,0,8.8130140305,9.5654850006,0,0.14176642894744873,-0.17026323080062866,0.42261939941487237,0,0.14176642894744873,-0.17026323080062866,0.42261939941487237,0,0.09611764550209045,-0.1193784698843956,0.4463334935993933
train,5949,80,0,11.6321401596,11.7419300079,0,-0.029868129640817642,-0.0320565439760685,0.4994528966345343,0,-0.029868129640817642,-0.0320565439760685,0.4994528966345343,0,0.021495018154382706,-0.09520284831523895,0.47085859746568587
train,5950,80,1,12.3978281021,11.7956943512,1,-0.30824118852615356,0.1733613908290863,0.6181262290706567,1,-0.30824118852615356,0.1733613908290863,0.6181262290706567,1,-0.24566017091274261,0.09658125042915344,0.5847348880243451
train,5961,80,1,14.3804941177,14.3129053116,1,-0.14509841799736023,0.05570218712091446,0.5500321524309998,1,-0.14509841799736023,0.05570218712091446,0.5500321524309998,1,-0.4534642994403839,0.2294629067182541,0.6643917060387899
train,5972,80,0,8.215716362,8.3188076019,0,0.2224200814962387,-0.2502020597457886,0.38399580601343347,0,0.2224200814962387,-0.2502020597457886,0.38399580601343347,0,0.18932153284549713,-0.1832723319530487,0.40791440139033347
train,5987,80,0,11.8151569366,11.872171402,0,-0.014275815337896347,-0.048460327088832855,0.4914547042018067,0,-0.014275815337896347,-0.048460327088832855,0.4914547042018067,1,-0.07840248942375183,-0.007946774363517761,0.5176066460735452
train,6008,80,0,10.3306322098,10.3585309982,0,0.21672648191452026,-0.24929150938987732,0.3855591636506685,0,0.21672648191452026,-0.24929150938987732,0.3855591636506685,0,0.23213960230350494,-0.22980637848377228,0.38652428477635653
train,6009,80,0,9.6754322052,9.8703613281,1,-0.03885148465633392,-0.030285336077213287,0.5021415240495727,1,-0.03885148465633392,-0.030285336077213287,0.5021415240495727,1,-0.061970748007297516,-0.03045123815536499,0.507879225153061
train,6028,80,0,12.8168563843,12.9846363068,1,-0.17983028292655945,0.07750121504068375,0.5639802021222583,1,-0.17983028292655945,0.07750121504068375,0.5639802021222583,1,-0.2606867849826813,0.13105563819408417,0.5967020817401353
train,6031,80,0,10.5297031403,10.8535833359,0,-0.02675885707139969,-0.04474085569381714,0.49550462147631535,0,-0.02675885707139969,-0.04474085569381714,0.49550462147631535,1,-0.08246433734893799,-0.01972658559679985,0.5156792954331616
train,6034,80,1,8.2852716446,8.2616558075,0,0.10975237190723419,-0.16221050918102264,0.43242527419734234,0,0.10975237190723419,-0.16221050918102264,0.43242527419734234,0,0.089604452252388,-0.12526211142539978,0.44648907360978907
train,6041,80,0,11.5578145981,11.8151931763,1,-0.04656323045492172,-0.02524399757385254,0.5053296063586517,1,-0.04656323045492172,-0.02524399757385254,0.5053296063586517,1,-0.25768914818763733,0.09843458235263824,0.5881017757313439
train,6043,80,0,7.9366674423,8.2293834686,1,-0.0687425285577774,-0.011713970452547073,0.5142532767930764,1,-0.0687425285577774,-0.011713970452547073,0.5142532767930764,0,0.008999964222311974,-0.05716216564178467,0.4834654986422901
train,6045,80,1,14.9473648071,14.8233919144,1,-0.030092820525169373,-0.026081927120685577,0.5010027220068667,1,-0.030092820525169373,-0.026081927120685577,0.5010027220068667,1,-0.10382075607776642,0.00015662610530853271,0.5259709514571376
train,6061,80,1,10.3089294434,9.5816278458,1,-1.3566020727157593,0.8755640387535095,0.9031010799699098,1,-1.3566020727157593,0.8755640387535095,0.9031010799699098,1,-2.3064794540405273,1.3900970220565796,0.9757922405696414
train,6072,80,0,6.5739850998,6.7270035744,0,0.017589367926120758,-0.07696476578712463,0.47637906250146617,0,0.017589367926120758,-0.07696476578712463,0.47637906250146617,0,0.004429001361131668,-0.06291814148426056,0.48316957520018583
train,6084,81,1,13.4291038513,13.1845970154,0,-0.03083241730928421,-0.03572997450828552,0.49877561314760077,0,-0.03083241730928421,-0.03572997450828552,0.49877561314760077,0,-0.022900359705090523,-0.05989466607570648,0.4907524780467577
train,6096,81,1,11.0224838257,10.775683403,0,-0.013342373073101044,-0.04936041682958603,0.4909964623968851,0,-0.013342373073101044,-0.04936041682958603,0.4909964623968851,1,-0.1239495575428009,0.0017287880182266235,0.5313782954558043
train,6111,81,0,8.0962753296,8.6466493607,0,0.071495920419693,-0.12665045261383057,0.45062484833521366,0,0.071495920419693,-0.12665045261383057,0.45062484833521366,1,-0.07075375318527222,-0.025439389050006866,0.5113266529289814
train,6130,81,1,15.5977010727,15.296125412,1,-0.037800952792167664,-0.024344604462385178,0.5033640363211661,1,-0.037800952792167664,-0.024344604462385178,0.5033640363211661,1,-0.051271434873342514,-0.032195739448070526,0.5047687792510553
train,6137,81,1,10.3336582184,10.3246212006,0,-0.013965715654194355,-0.05230618640780449,0.4904160563093063,0,-0.013965715654194355,-0.05230618640780449,0.4904160563093063,0,0.03064854070544243,-0.08508990705013275,0.47109764405047067
train,6165,81,1,13.874370575,13.8650569916,0,-0.03507502004504204,-0.03800060600042343,0.49926860403282597,0,-0.03507502004504204,-0.03800060600042343,0.49926860403282597,1,-0.13184791803359985,0.025882527232170105,0.539351060887877
train,6172,81,0,12.7477416992,12.8546247482,0,-0.020724019035696983,-0.04789656400680542,0.4932072817007913,0,-0.020724019035696983,-0.04789656400680542,0.4932072817007913,1,-0.11723160743713379,0.004148691892623901,0.5303078730281745
train,6180,81,0,9.4039764404,9.5643196106,0,-0.024513430893421173,-0.049630213528871536,0.4937211344243119,0,-0.024513430893421173,-0.049630213528871536,0.4937211344243119,1,-0.07612663507461548,-0.03623588755726814,0.5099713646518406
train,6184,81,1,9.1614608765,8.6712779999,1,-1.1039011478424072,0.7079432606697083,0.8595846399996095,1,-1.1039011478424072,0.7079432606697083,0.8595846399996095,1,-0.9405362010002136,0.6130384206771851,0.825429418768024
train,6187,81,1,10.6359519958,10.1235818863,0,-0.018296295776963234,-0.05735458433628082,0.4902366690326657,0,-0.018296295776963234,-0.05735458433628082,0.4902366690326657,1,-0.04468810558319092,-0.03753069415688515,0.501789345217788
train,6195,81,1,9.1463851929,8.8558340073,0,-0.022624723613262177,-0.051610346883535385,0.49275410148867393,0,-0.022624723613262177,-0.051610346883535385,0.49275410148867393,0,-0.0012278053909540176,-0.05970727279782295,0.4853842982009034
train,6211,81,1,11.2254772186,11.2244758606,1,-0.04132653772830963,-0.02480340376496315,0.5041306895132738,1,-0.04132653772830963,-0.02480340376496315,0.5041306895132738,0,0.037100937217473984,-0.09950896352529526,0.4659005394243744
train,6213,81,0,12.7299346924,12.8401050568,1,-0.05381857603788376,-0.00948982685804367,0.5110803729082264,1,-0.05381857603788376,-0.00948982685804367,0.5110803729082264,1,-0.22006653249263763,0.07888509333133698,0.5741862130511713
train,6214,81,0,7.1812505722,7.1998319626,0,0.022319246083498,-0.08741593360900879,0.47259370134492984,0,0.022319246083498,-0.08741593360900879,0.47259370134492984,0,0.18101616203784943,-0.20767150819301605,0.40403325725571565
train,6218,81,1,12.9888114929,12.8603849411,0,-0.01315908320248127,-0.05401879921555519,0.4897864919254573,0,-0.01315908320248127,-0.05401879921555519,0.4897864919254573,0,-0.028294559568166733,-0.05372677743434906,0.49364228820921036
train,6224,81,1,12.6129493713,12.2972650528,1,-0.04522910341620445,-0.02124641090631485,0.505995385766621,1,-0.04522910341620445,-0.02124641090631485,0.505995385766621,1,-0.23955561220645905,0.08456401526927948,0.5803279075330336
train,6232,81,1,15.8918876648,15.6660995483,0,-0.02381771430373192,-0.04251990467309952,0.4953245886841649,0,-0.02381771430373192,-0.04251990467309952,0.4953245886841649,1,-0.07667729258537292,-0.013836517930030823,0.515705025790195
train,6238,81,1,7.2333555222,7.1603727341,0,0.1879308521747589,-0.22195953130722046,0.3989384054275551,0,0.1879308521747589,-0.22195953130722046,0.3989384054275551,0,0.34412458539009094,-0.33422791957855225,0.33662910555175624
train,6243,81,1,11.2119598389,11.000287056,1,-0.046027153730392456,-0.02122308313846588,0.5062006997403747,1,-0.046027153730392456,-0.02122308313846588,0.5062006997403747,1,-0.1001911610364914,0.0037046819925308228,0.5259506216229543
train,6272,81,0,9.0395174026,9.1134586334,0,0.10415737330913544,-0.14979591965675354,0.43685069935925264,0,0.10415737330913544,-0.14979591965675354,0.43685069935925264,0,0.08411256968975067,-0.1345626711845398,0.4455480030835115
train,6292,82,0,15.6084213257,15.7599544525,0,-0.022289374843239784,-0.04221147298812866,0.4950196401839365,0,-0.022289374843239784,-0.04221147298812866,0.4950196401839365,1,-0.07805904746055603,-0.0209658220410347,0.514269430469208
train,6314,82,0,9.642496109,9.7362565994,1,-0.5436723232269287,0.33576735854148865,0.7067060959353302,1,-0.5436723232269287,0.33576735854148865,0.7067060959353302,1,-0.40260955691337585,0.2092929631471634,0.6483746703791907
train,6321,82,0,10.1743774414,10.3170900345,0,-0.0170571468770504,-0.05173741281032562,0.4913308023846549,0,-0.0170571468770504,-0.05173741281032562,0.4913308023846549,0,0.110793337225914,-0.14189398288726807,0.4371621689415575
train,6326,82,1,12.6526145935,12.5504636765,0,-0.02883029356598854,-0.039121124893426895,0.49742731487230585,0,-0.02883029356598854,-0.039121124893426895,0.49742731487230585,1,-0.06951688230037689,-0.029590792953968048,0.5099801965920212
train,6329,82,1,11.5658578873,11.5217189789,0,0.06818267703056335,-0.11549834907054901,0.454208416918379,0,0.06818267703056335,-0.11549834907054901,0.454208416918379,0,0.09849762916564941,-0.13819271326065063,0.4411021242924175
train,6341,82,0,10.7506217957,10.9427890778,0,-0.018330588936805725,-0.04570755735039711,0.49315618534360695,0,-0.018330588936805725,-0.04570755735039711,0.49315618534360695,0,-0.023506291210651398,-0.053151875734329224,0.4925891466201018
train,6367,82,0,13.8350734711,14.0243215561,1,-0.03977983444929123,-0.02880874276161194,0.5027427454111293,1,-0.03977983444929123,-0.02880874276161194,0.5027427454111293,0,0.010752743110060692,-0.07786506414413452,0.4778600352659153
train,6388,82,0,10.7379875183,10.783949852,1,-0.22945910692214966,0.12561392784118652,0.587847233667633,1,-0.22945910692214966,0.12561392784118652,0.587847233667633,1,-0.13262584805488586,0.050262853503227234,0.5455951562302649
train,6411,82,1,11.4148597717,11.38240242,0,-0.010700739920139313,-0.06888321787118912,0.4854584824438121,0,-0.010700739920139313,-0.06888321787118912,0.4854584824438121,0,0.0990225225687027,-0.13481542468070984,0.4418054459237274
train,6423,82,1,8.9337978363,8.9153556824,1,-0.042634010314941406,-0.033369556069374084,0.50231609699551,1,-0.042634010314941406,-0.033369556069374084,0.50231609699551,1,-0.17006219923496246,0.031001344323158264,0.5500972279927104
train,6425,82,0,8.0797319412,8.129193306,0,0.053828272968530655,-0.11181299388408661,0.4586841055679775,0,0.053828272968530655,-0.11181299388408661,0.4586841055679775,0,0.2621268630027771,-0.2957678437232971,0.36403472375645
train,6428,82,1,10.2364635468,10.1891498566,0,0.19608931243419647,-0.23122721910476685,0.3947673007787424,0,0.19608931243419647,-0.23122721910476685,0.3947673007787424,0,0.20098143815994263,-0.19282186031341553,0.40280207027715736
train,6455,82,0,13.1255741119,13.2178249359,1,-0.06753288209438324,-0.002159595489501953,0.5163375036453045,1,-0.06753288209438324,-0.002159595489501953,0.5163375036453045,0,0.11983606219291687,-0.16701894998550415,0.4287739858991728
train,6456,82,1,10.0142326355,9.9253864288,1,-0.03708052635192871,-0.025483928620815277,0.5028991169431533,1,-0.03708052635192871,-0.025483928620815277,0.5028991169431533,1,-0.1228933036327362,-0.0023055300116539,0.530110464857735
train,6458,82,0,11.6025629044,11.7321977615,0,-0.03209603577852249,-0.035079583525657654,0.499254113616512,0,-0.03209603577852249,-0.035079583525657654,0.499254113616512,1,-0.13867010176181793,0.026880890130996704,0.541293479708124
train,6461,82,0,9.7286128998,9.8909053802,0,-0.02922905795276165,-0.042049210518598557,0.4967950057551733,0,-0.02922905795276165,-0.042049210518598557,0.4967950057551733,1,-0.2982681095600128,0.10958518087863922,0.6005730266377571
train,6462,82,0,7.2239646912,7.3108115196,1,-0.566613495349884,0.34939971566200256,0.7142290740070839,1,-0.566613495349884,0.34939971566200256,0.7142290740070839,1,-0.786113440990448,0.4740797281265259,0.7790593589752576
train,6468,82,1,10.0428771973,9.4540987015,1,-0.09964467585086823,0.01610197126865387,0.5289043989407245,1,-0.09964467585086823,0.01610197126865387,0.5289043989407245,1,-0.1508828103542328,0.0461772084236145,0.5491061971300167
train,6471,82,0,12.6932325363,12.7514410019,0,-0.03253094479441643,-0.041783809661865234,0.49768680028692835,0,-0.03253094479441643,-0.041783809661865234,0.49768680028692835,1,-0.14165900647640228,0.015077821910381317,0.539104185657342
train,6472,83,0,8.0564088821,8.5407819748,0,0.23388712108135223,-0.2599043846130371,0.37900079343238474,0,0.23388712108135223,-0.2599043846130371,0.37900079343238474,0,0.27506542205810547,-0.2543075680732727,0.37066313999886846
train,6486,83,0,8.6466970444,8.8031167984,0,0.05457107350230217,-0.10272142291069031,0.4607577500323754,0,0.05457107350230217,-0.10272142291069031,0.4607577500323754,1,-0.0819881409406662,-0.008634522557258606,0.5183301861486677
train,6489,83,0,9.7447328568,10.2977333069,1,-0.16746757924556732,0.06865177303552628,0.5587571041827829,1,-0.16746757924556732,0.06865177303552628,0.5587571041827829,1,-0.16315534710884094,0.05270920693874359,0.5537575531266575
train,6496,83,0,12.5360689163,12.5586681366,0,-0.02976297214627266,-0.03674772009253502,0.4982538201126254,0,-0.02976297214627266,-0.03674772009253502,0.4982538201126254,1,-0.10941182076931,0.003558814525604248,0.5282126601831193
train,6497,83,1,11.7910861969,11.6729106903,1,-0.6578442454338074,0.42430076003074646,0.7468996910422075,1,-0.6578442454338074,0.42430076003074646,0.7468996910422075,1,-0.7417594194412231,0.47475773096084595,0.7714500518878459
train,6502,83,0,9.7153596878,9.8258199692,1,-0.04083003103733063,-0.03130496293306351,0.5023812490224777,1,-0.04083003103733063,-0.03130496293306351,0.5023812490224777,1,-0.10266895592212677,-0.006004504859447479,0.5241473129531546
train,6507,83,0,11.59466362,11.819196701,0,-0.02242453023791313,-0.041781190782785416,0.49516098595311103,0,-0.02242453023791313,-0.041781190782785416,0.49516098595311103,1,-0.1189052164554596,0.00787632167339325,0.5316529978601566
train,6515,83,1,7.0921845436,6.611779213,1,-1.205681324005127,0.8045212626457214,0.8818641292576043,1,-1.205681324005127,0.8045212626457214,0.8818641292576043,1,-1.356601357460022,0.8959662318229675,0.9048717800847554
train,6529,83,1,9.5905914307,9.343079567,1,-0.041720107197761536,-0.03633066639304161,0.501347356939896,1,-0.041720107197761536,-0.03633066639304161,0.501347356939896,1,-0.08046703040599823,-0.03353790193796158,0.5117301293819013
train,6548,83,1,14.1571388245,14.0129623413,1,-0.03638686239719391,-0.02975713461637497,0.5016574258744324,1,-0.03638686239719391,-0.02975713461637497,0.5016574258744324,1,-0.171545147895813,0.04782480001449585,0.5546236073566458
train,6589,83,1,11.376994133,11.2916593552,1,-0.035085197538137436,-0.030946053564548492,0.501034784516026,1,-0.035085197538137436,-0.030946053564548492,0.501034784516026,1,-0.2119131088256836,0.0578014999628067,0.5670228404979999
train,6596,83,0,10.7186946869,10.7383918762,0,-0.033180832862854004,-0.03444385528564453,0.4996842444362775,0,-0.033180832862854004,-0.03444385528564453,0.4996842444362775,1,-0.06566736102104187,-0.03501451760530472,0.5076626108829349
train,6599,83,1,9.6874465942,9.5243787766,0,0.013454070314764977,-0.0760168582201004,0.4776471771604537,0,0.013454070314764977,-0.0760168582201004,0.4776471771604537,0,-0.01030909176915884,-0.056868456304073334,0.488362261123045
train,6603,83,0,11.3807487488,11.4575634003,0,0.23716774582862854,-0.2633049488067627,0.37742959023603806,0,0.23716774582862854,-0.2633049488067627,0.37742959023603806,0,0.24198783934116364,-0.21733202040195465,0.38714718443160884
train,6611,83,0,11.331451416,11.6256790161,0,-0.030759373679757118,-0.04405294358730316,0.4966766564644652,0,-0.030759373679757118,-0.04405294358730316,0.4966766564644652,1,-0.12215453386306763,0.010385654866695404,0.5330866255662465
train,6614,83,1,14.712594986,14.479596138,1,-0.056592319160699844,-0.012699037790298462,0.5109715588969567,1,-0.056592319160699844,-0.012699037790298462,0.5109715588969567,1,-0.16103556752204895,0.04605510085821152,0.5515884279582846
train,6635,83,1,10.0316104889,9.9444007874,1,-0.35216227173805237,0.1968856155872345,0.6339146653948504,1,-0.35216227173805237,0.1968856155872345,0.6339146653948504,1,-0.614672839641571,0.388558566570282,0.7316934370866363
train,6655,83,1,14.3793964386,14.2129535675,0,-0.028411313891410828,-0.040467340499162674,0.4969860298541288,0,-0.028411313891410828,-0.040467340499162674,0.4969860298541288,1,-0.1654341071844101,0.03909885883331299,0.5509557262107863
train,6658,83,1,16.0101699829,15.0278816223,1,-1.1483662128448486,0.7437172532081604,0.8689929035675876,1,-1.1483662128448486,0.7437172532081604,0.8689929035675876,1,-1.0260125398635864,0.6566756367683411,0.8432601619781948
train,6671,84,1,10.090675354,10.0114803314,0,-0.025195976719260216,-0.04876196011900902,0.4941087767911763,0,-0.025195976719260216,-0.04876196011900902,0.4941087767911763,1,-0.17805115878582,0.05006447434425354,0.5567828885273033
train,6687,84,1,9.4935789108,9.3577222824,0,0.013730036094784737,-0.062374331057071686,0.4809830859580752,0,0.013730036094784737,-0.062374331057071686,0.4809830859580752,0,-0.031163154169917107,-0.03148544579744339,0.49991942709381587
train,6692,84,0,17.1977958679,17.2049541473,1,-0.03845106065273285,-0.02768956869840622,0.5026903470246062,1,-0.03845106065273285,-0.02768956869840622,0.5026903470246062,0,0.011096123605966568,-0.07985758781433105,0.4772772346389179
train,6712,84,0,14.5715560913,14.8317995071,1,-0.0509013794362545,-0.016688227653503418,0.5085524537130399,1,-0.0509013794362545,-0.016688227653503418,0.5085524537130399,0,0.0014283405616879463,-0.06465029716491699,0.48348634887954134
train,6726,84,1,11.3448448181,10.9104309082,1,-0.6207965016365051,0.39516955614089966,0.734186091985958,1,-0.6207965016365051,0.39516955614089966,0.734186091985958,1,-1.2360608577728271,0.73823082447052,0.8780713355741853
train,6728,84,0,8.6398735046,8.700881958,0,0.12084180116653442,-0.16403597593307495,0.4292583319213883,0,0.12084180116653442,-0.16403597593307495,0.4292583319213883,0,0.19120462238788605,-0.2181321680545807,0.39907115701853724
train,6735,84,1,11.0840406418,11.06179142,0,0.17978397011756897,-0.2238452136516571,0.4004407026272265,0,0.17978397011756897,-0.2238452136516571,0.4004407026272265,0,0.040822628885507584,-0.1071145310997963,0.46308301405176217
train,6743,84,1,8.3648815155,7.8938817978,1,-1.2372629642486572,0.7922346591949463,0.8838595179818278,1,-1.2372629642486572,0.7922346591949463,0.8838595179818278,1,-1.5316084623336792,0.963249146938324,0.9237805320668251
train,6784,84,1,8.1335334778,7.8067846298,1,-1.3202075958251953,0.8737422823905945,0.8997048907853278,1,-1.3202075958251953,0.8737422823905945,0.8997048907853278,1,-1.393526554107666,0.9528900980949402,0.912648982231519
train,6805,84,0,8.5492143631,8.8234367371,0,0.09704074263572693,-0.14283829927444458,0.44031615916786065,0,0.09704074263572693,-0.14283829927444458,0.44031615916786065,0,0.149298295378685,-0.1603771597146988,0.4231939585742745
train,6809,84,1,15.6270666122,15.5533189774,0,8.754804730415344e-05,-0.06653755903244019,0.48334988179871996,0,8.754804730415344e-05,-0.06653755903244019,0.48334988179871996,1,-0.09327040612697601,-0.0020925402641296387,0.5227786879503155
train,6814,84,1,9.3276996613,9.1814155579,0,-0.03653450682759285,-0.03883104771375656,0.49942586503079617,0,-0.03653450682759285,-0.03883104771375656,0.49942586503079617,1,-0.13202787935733795,0.01844528317451477,0.5375474709937733
train,6820,84,0,7.4718952179,7.7086324692,1,-0.05441344901919365,-0.026910550892353058,0.5068752911592654,1,-0.05441344901919365,-0.026910550892353058,0.5068752911592654,1,-0.13573119044303894,0.03100760281085968,0.5415883901675876
train,6825,84,1,14.5148448944,14.5042667389,1,-0.03868228197097778,-0.022349469363689423,0.5040831123843761,1,-0.03868228197097778,-0.022349469363689423,0.5040831123843761,1,-0.07434232532978058,-0.029636718332767487,0.5111745406995946
train,6829,84,1,8.8300733566,7.3439016342,1,-1.6939626932144165,1.1033172607421875,0.9425286608325404,1,-1.6939626932144165,1.1033172607421875,0.9425286608325404,1,-1.6156574487686157,1.102548360824585,0.9380924179338619
train,6843,84,0,12.832490921,12.8909797668,0,-0.02417840249836445,-0.0498260036110878,0.493588451177403,0,-0.02417840249836445,-0.0498260036110878,0.493588451177403,1,-0.1163056492805481,0.00039627403020858765,0.5291424132993223
train,6844,84,1,7.5327153206,7.4761571884,1,-0.8915479779243469,0.5798524022102356,0.8132701436052586,1,-0.8915479779243469,0.5798524022102356,0.8132701436052586,1,-0.5957213044166565,0.3742770552635193,0.7251191708391674
train,6845,84,1,8.7557506561,8.718873024,0,0.12711192667484283,-0.16355258226394653,0.4278411920667911,0,0.12711192667484283,-0.16355258226394653,0.4278411920667911,0,0.09275190532207489,-0.10388384014368057,0.4509988502844806
train,6857,84,1,12.5557346344,12.4705505371,0,-0.027633648365736008,-0.03921586275100708,0.49710447877256686,0,-0.027633648365736008,-0.03921586275100708,0.49710447877256686,0,-0.03446105495095253,-0.05644175410270691,0.494505046451367
train,6867,85,0,18.043340683,18.1171760559,0,-0.01717435196042061,-0.04430478811264038,0.49321780696557854,0,-0.01717435196042061,-0.04430478811264038,0.49321780696557854,0,-0.019305221736431122,-0.045749224722385406,0.49338938447454017
train,6868,85,1,10.3493070602,9.9513492584,1,-0.9463546872138977,0.6199142336845398,0.8272510627635128,1,-0.9463546872138977,0.6199142336845398,0.8272510627635128,1,-0.484882116317749,0.27736252546310425,0.6818408713083134
train,6878,85,1,11.42345047,11.3752317429,0,-0.014640510082244873,-0.05182524770498276,0.4907048866027255,0,-0.014640510082244873,-0.05182524770498276,0.4907048866027255,1,-0.2127527892589569,0.05282969772815704,0.5660080922042847
train,6885,85,0,11.8948421478,12.1015472412,1,-0.03914683312177658,-0.03343288600444794,0.5014284828927665,1,-0.03914683312177658,-0.03343288600444794,0.5014284828927665,1,-0.07039754092693329,-0.020722974091768265,0.5124160886907874
train,6886,85,1,7.5345463753,7.4888391495,0,0.2532365918159485,-0.28454697132110596,0.3687033324347908,0,0.2532365918159485,-0.28454697132110596,0.3687033324347908,0,0.268177330493927,-0.24954988062381744,0.3733838411371842
train,6898,85,1,10.2392292023,10.196062088,0,-0.021567774936556816,-0.05241408199071884,0.4922890346386268,0,-0.021567774936556816,-0.05241408199071884,0.4922890346386268,1,-0.29166093468666077,0.1148211658000946,0.6002440533297894
train,6901,85,0,10.6711158752,10.6911277771,0,-0.01626182347536087,-0.05725448578596115,0.48975326926462837,0,-0.01626182347536087,-0.05725448578596115,0.48975326926462837,1,-0.08119072020053864,-0.0006528869271278381,0.5201235821234305
train,6911,85,1,10.2214927673,10.0871553421,0,-0.02996664121747017,-0.038192760199308395,0.49794348185141035,0,-0.02996664121747017,-0.038192760199308395,0.49794348185141035,1,-0.16557635366916656,0.04479619115591049,0.552400024658099
train,6927,85,1,8.3360700607,8.0928153992,1,-1.107377290725708,0.7250890731811523,0.8620552788777405,1,-1.107377290725708,0.7250890731811523,0.8620552788777405,1,-1.0168933868408203,0.6503771543502808,0.8412115740757702
train,6928,85,0,11.4652919769,11.4897928238,1,-0.04628633335232735,-0.019148122519254684,0.5067841363469113,1,-0.04628633335232735,-0.019148122519254684,0.5067841363469113,1,-0.3058733344078064,0.1154862493276596,0.6038085404948019
train,6951,85,0,8.5562429428,8.9285326004,0,0.2575812041759491,-0.2833012342453003,0.36798232848450996,0,0.2575812041759491,-0.2833012342453003,0.36798232848450996,0,0.18431740999221802,-0.1586669385433197,0.4150847257593657
train,6957,85,0,9.3726139069,9.4741516113,0,-0.004642883315682411,-0.057984452694654465,0.48666776871407585,0,-0.004642883315682411,-0.057984452694654465,0.48666776871407585,0,0.06875781714916229,-0.10637366771697998,0.45632869212483984
train,6959,85,0,9.4670238495,9.6945648193,0,0.16249100863933563,-0.204112708568573,0.4093619374308894,0,0.16249100863933563,-0.204112708568573,0.4093619374308894,0,0.20472092926502228,-0.21206757426261902,0.39728548785310486
train,7014,85,1,9.0687141418,8.9574489594,1,-0.04451153427362442,-0.021921776235103607,0.5056471993658522,1,-0.04451153427362442,-0.021921776235103607,0.5056471993658522,1,-0.07571698725223541,-0.03359105810523033,0.5105299251377237
train,7016,85,0,14.5288639069,14.616651535,0,-0.02451445907354355,-0.03499460592865944,0.4973799872666031,0,-0.02451445907354355,-0.03499460592865944,0.4973799872666031,1,-0.1448037475347519,0.02576713263988495,0.5425396311788104
train,7018,85,1,9.3387889862,9.2949762344,0,0.31042152643203735,-0.33983418345451355,0.3429319160017234,0,0.31042152643203735,-0.33983418345451355,0.3429319160017234,0,0.10417167842388153,-0.13964395225048065,0.43934626386934905
train,7027,85,1,10.229511261,10.0531520844,1,-0.0428953655064106,-0.03488500416278839,0.5020025796278085,1,-0.0428953655064106,-0.03488500416278839,0.5020025796278085,1,-0.22825278341770172,0.05777563154697418,0.5710235463361759
train,7037,85,1,11.2624130249,10.5225391388,1,-0.3838518261909485,0.2302161157131195,0.6488681952261888,1,-0.3838518261909485,0.2302161157131195,0.6488681952261888,1,-0.5561161637306213,0.34387850761413574,0.7109484075834829
train,7039,85,0,10.2014141083,10.2257652283,0,0.18506105244159698,-0.21535655856132507,0.4012120084929773,0,0.18506105244159698,-0.21535655856132507,0.4012120084929773,0,0.20638008415699005,-0.18671151995658875,0.4029732820154716
train,7040,85,0,12.4782629013,12.5330219269,1,-0.04741043969988823,-0.024815529584884644,0.5056484872206313,1,-0.04741043969988823,-0.024815529584884644,0.5056484872206313,0,0.004345323890447617,-0.07354772090911865,0.4805365787159801
train,7062,86,0,10.9126291275,11.2271175385,0,-0.02828681841492653,-0.036091938614845276,0.49804872985594234,0,-0.02828681841492653,-0.036091938614845276,0.49804872985594234,1,-0.11108221113681793,0.029383443295955658,0.5350587883109446
train,7063,86,0,9.4379072189,9.6327629089,0,0.05400882288813591,-0.11079898476600647,0.4588910547644724,0,0.05400882288813591,-0.11079898476600647,0.4588910547644724,1,-0.13178633153438568,0.032125018537044525,0.5408863376154756
train,7067,86,1,11.9497079849,11.4101963043,0,-0.033981338143348694,-0.038462672382593155,0.49887966831509667,0,-0.033981338143348694,-0.038462672382593155,0.49887966831509667,1,-0.21846544742584229,0.07206717133522034,0.5721265218196732
train,7070,86,1,11.0133228302,10.8156356812,0,0.018357809633016586,-0.07310446351766586,0.477150358257891,0,0.018357809633016586,-0.07310446351766586,0.477150358257891,0,0.002570316195487976,-0.06038660928606987,0.4842659652045504
train,7091,86,1,12.5643692017,12.472495079,1,-0.04670558497309685,-0.02270643413066864,0.5059994997577606,1,-0.04670558497309685,-0.02270643413066864,0.5059994997577606,1,-0.1375356763601303,0.022479712963104248,0.539918707365787
train,7112,86,1,12.7897462845,12.686170578,1,-0.03653542697429657,-0.029105648398399353,0.5018574360995269,1,-0.03653542697429657,-0.029105648398399353,0.5018574360995269,1,-0.054598040878772736,-0.02790067344903946,0.5066739454579083
train,7119,86,0,9.8866119385,10.0619831085,1,-0.04434038698673248,-0.020539861172437668,0.5059498505910346,1,-0.04434038698673248,-0.020539861172437668,0.5059498505910346,1,-0.16288624703884125,0.02096615731716156,0.545834067954068
train,7123,86,1,7.240436554,7.1546459198,1,-0.341526597738266,0.18478980660438538,0.628623562760521,1,-0.341526597738266,0.18478980660438538,0.628623562760521,1,-0.26799842715263367,0.1441212147474289,0.6015960201433729
train,7125,86,1,7.4312391281,7.3026943207,0,0.24722561240196228,-0.2704448699951172,0.37339711395759234,0,0.24722561240196228,-0.2704448699951172,0.37339711395759234,0,0.3014160692691803,-0.3073531985282898,0.3523399956640622
train,7130,86,1,10.163105011,9.7140445709,1,-0.34569302201271057,0.1993042528629303,0.632974143585584,1,-0.34569302201271057,0.1993042528629303,0.632974143585584,1,-0.3413507342338562,0.18463744223117828,0.6285469327655183
train,7156,86,0,8.6548805237,8.9899311066,1,-0.03544554114341736,-0.02840423583984375,0.5017603190528507,1,-0.03544554114341736,-0.02840423583984375,0.5017603190528507,1,-0.14853700995445251,0.016174331307411194,0.5410849915654188
train,7157,86,0,11.9964523315,12.1068954468,0,-0.02949916012585163,-0.038293007761240005,0.49780155225862005,0,-0.02949916012585163,-0.038293007761240005,0.49780155225862005,0,0.02159225568175316,-0.08849092572927475,0.4725069631293378
train,7159,86,1,13.9694404602,13.6680603027,1,-0.7389679551124573,0.4696092903614044,0.7700471122198054,1,-0.7389679551124573,0.4696092903614044,0.7700471122198054,1,-1.2954450845718384,0.7811692357063293,0.8886093499856821
train,7178,86,1,9.7410736084,9.6283054352,1,-0.06867273151874542,-0.00080079585313797,0.5169614731898842,1,-0.06867273151874542,-0.00080079585313797,0.5169614731898842,1,-0.2522794306278229,0.10170261561870575,0.5875828805362261
train,7195,86,0,7.2717437744,7.6292734146,0,0.06987650692462921,-0.1280379295349121,0.45068226769653985,0,0.06987650692462921,-0.1280379295349121,0.45068226769653985,1,-0.02855638787150383,-0.018933475017547607,0.5024057096493676
train,7202,86,1,6.5721750259,6.4946126938,0,0.03450828418135643,-0.09560956805944443,0.4675163547963747,0,0.03450828418135643,-0.09560956805944443,0.4675163547963747,0,0.1412685364484787,-0.15268835425376892,0.42703543186314175
train,7205,86,0,12.022354126,12.3474712372,1,-0.03334517776966095,-0.02886456623673439,0.5011201510092308,1,-0.03334517776966095,-0.02886456623673439,0.5011201510092308,0,-0.017913343384861946,-0.046692825853824615,0.4928056259427602
train,7235,86,1,11.6053361893,11.5602531433,1,-0.0379335843026638,-0.01906707137823105,0.5047164883309464,1,-0.0379335843026638,-0.01906707137823105,0.5047164883309464,1,-0.07380229234695435,-0.00921696424484253,0.5161407218137428
train,7238,86,1,13.2470760345,13.1054935455,0,-0.028457077220082283,-0.040824007242918015,0.4969083068980661,0,-0.028457077220082283,-0.040824007242918015,0.4969083068980661,1,-0.26587560772895813,0.09614059329032898,0.5895284117020714
train,7259,87,0,12.946554184,13.2811946869,0,0.12676037847995758,-0.1603563129901886,0.42870989480817345,0,0.12676037847995758,-0.1603563129901886,0.42870989480817345,0,0.08968068659305573,-0.11389396339654922,0.44928137610202135
train,7278,87,0,9.8766546249,10.2011222839,1,-0.040218010544776917,-0.0366869680583477,0.5008827597044009,1,-0.040218010544776917,-0.0366869680583477,0.5008827597044009,1,-0.2586665153503418,0.0927247554063797,0.5869549177449946
train,7281,87,1,6.9781713486,6.6984996796,0,0.06643529236316681,-0.11175214499235153,0.4555706340219785,0,0.06643529236316681,-0.11175214499235153,0.4555706340219785,0,0.0678711086511612,-0.12586304545402527,0.45171738273459655
train,7286,87,1,9.6293811798,9.4379987717,0,-0.023302888497710228,-0.03514327108860016,0.4970399389342596,0,-0.023302888497710228,-0.03514327108860016,0.4970399389342596,1,-0.14613668620586395,0.013038471341133118,0.5397099813451572
train,7296,87,0,14.8357620239,15.0178880692,0,0.021372351795434952,-0.08488652855157852,0.4734602468000588,0,0.021372351795434952,-0.08488652855157852,0.4734602468000588,0,0.06623131036758423,-0.09823597967624664,0.4589756098937012
train,7309,87,1,6.9563236237,6.7794313431,1,-0.5774596333503723,0.359187513589859,0.7184218994700704,1,-0.5774596333503723,0.359187513589859,0.7184218994700704,1,-0.9005147218704224,0.518298864364624,0.8051523567799846
train,7326,87,1,8.7241411209,8.4544992447,1,-0.4183521568775177,0.23742064833641052,0.6583101694836117,1,-0.4183521568775177,0.23742064833641052,0.6583101694836117,1,-0.8249619603157043,0.5051101446151733,0.7908525615378239
train,7331,87,1,14.4222431183,14.0365982056,1,-0.036004237830638885,-0.032894305884838104,0.5007774823598204,1,-0.036004237830638885,-0.032894305884838104,0.5007774823598204,1,-0.10476294159889221,0.006096154451370239,0.5276864249070368
train,7332,87,1,8.9732570648,8.6985492706,0,0.05799967423081398,-0.11526262015104294,0.4567924625798994,0,0.05799967423081398,-0.11526262015104294,0.4567924625798994,0,0.02198348194360733,-0.07213927805423737,0.4764866663406732
train,7343,87,0,10.7044401169,10.7614593506,1,-0.17669856548309326,0.05737573653459549,0.5582528415258463,1,-0.17669856548309326,0.05737573653459549,0.5582528415258463,1,-0.07238434255123138,-0.022099588066339493,0.5125685403774174
train,7346,87,0,13.3075733185,13.5312042236,0,-0.022766517475247383,-0.039390917867422104,0.49584399561799813,0,-0.022766517475247383,-0.039390917867422104,0.49584399561799813,0,-0.02211921662092209,-0.0589999258518219,0.49078086764703105
train,7355,87,0,6.5045285225,6.5822987556,0,0.3053573966026306,-0.3287546932697296,0.3465787195233648,0,0.3053573966026306,-0.3287546932697296,0.3465787195233648,0,0.34830766916275024,-0.3078230023384094,0.3416093373898576
train,7376,87,0,9.9353179932,10.2117881775,1,-0.07410323619842529,-0.003874830901622772,0.5175498888704398,1,-0.07410323619842529,-0.003874830901622772,0.5175498888704398,1,-0.12087418138980865,-0.00630931556224823,0.5286099309294215
train,7389,87,1,13.6074113846,13.555223465,0,-0.031123321503400803,-0.037766821682453156,0.49833913106392147,0,-0.031123321503400803,-0.037766821682453156,0.49833913106392147,0,-0.00921703688800335,-0.06792284548282623,0.4853277614419067
train,7401,87,0,11.2055053711,11.2580070496,1,-0.05999314412474632,-0.01155836135149002,0.5121063290709653,1,-0.05999314412474632,-0.01155836135149002,0.5121063290709653,1,-0.3111917972564697,0.11800000071525574,0.6056806607454338
train,7417,87,1,15.5994720459,14.8341693878,1,-1.2536835670471191,0.8172484040260315,0.8880456520547192,1,-1.2536835670471191,0.8172484040260315,0.8880456520547192,1,-0.9603336453437805,0.6244733929634094,0.8298842348632087
train,7423,87,0,10.4116249084,10.7135019302,0,0.05762985721230507,-0.0994429960846901,0.4608123230412008,0,0.05762985721230507,-0.0994429960846901,0.4608123230412008,0,0.1018994003534317,-0.11232898384332657,0.4466467964854561
train,7426,87,1,12.115945816,11.9323377609,1,-0.03671984374523163,-0.02946554869413376,0.5018135658095705,1,-0.03671984374523163,-0.02946554869413376,0.5018135658095705,1,-0.1536390483379364,0.030423156917095184,0.5458860769368035
train,7443,87,1,11.5636548996,11.1321640015,0,0.07542267441749573,-0.12900015711784363,0.4490715216000511,0,0.07542267441749573,-0.12900015711784363,0.4490715216000511,0,0.08641929924488068,-0.10961505025625229,0.4511477596398995
train,7446,87,0,11.6297235489,11.6399478912,0,-0.02302759699523449,-0.0322960801422596,0.4976828958007472,0,-0.02302759699523449,-0.0322960801422596,0.4976828958007472,1,-0.07049784064292908,-0.01809743046760559,0.5130971058416062
train,7476,88,1,10.639799118,10.5718278885,1,-0.0376531146466732,-0.03643255680799484,0.5003051394217876,1,-0.0376531146466732,-0.03643255680799484,0.5003051394217876,0,0.08023366332054138,-0.1269189417362213,0.4483962527577019
train,7497,88,0,9.7187633514,9.770734787,1,-0.0462668314576149,-0.02720170095562935,0.5047661382603603,1,-0.0462668314576149,-0.02720170095562935,0.5047661382603603,0,0.04793277010321617,-0.09562233090400696,0.46417273118890473
train,7516,88,1,14.3571529388,14.3153324127,0,-0.024462956935167313,-0.04999169707298279,0.4936181615576048,0,-0.024462956935167313,-0.04999169707298279,0.4936181615576048,0,-0.03369077295064926,-0.05264103412628174,0.495262576477537
train,7522,88,1,9.9923171997,9.9797239304,0,-0.02729932963848114,-0.04131079092621803,0.4964971919841232,0,-0.02729932963848114,-0.04131079092621803,0.4964971919841232,1,-0.02822200208902359,-0.02161100134253502,0.501652744167149
train,7534,88,1,15.4556255341,15.1489229202,0,-0.02804265171289444,-0.030255433171987534,0.49944680486094883,0,-0.02804265171289444,-0.030255433171987534,0.49944680486094883,1,-0.12693902850151062,0.025596484541893005,0.5380601112154371
train,7537,88,0,7.2132863998,7.5335774422,0,-0.01718769781291485,-0.05339016765356064,0.4909503709027686,0,-0.01718769781291485,-0.05339016765356064,0.4909503709027686,0,0.07472716271877289,-0.11303573846817017,0.45319669781533284
train,7546,88,1,8.9988412857,8.929901123,0,0.11954207718372345,-0.16148462891578674,0.43020208337579835,0,0.11954207718372345,-0.16148462891578674,0.43020208337579835,0,0.20898063480854034,-0.21725238859653473,0.3950262086242214
train,7553,88,1,9.5944099426,9.405254364,1,-0.1032470315694809,0.009123384952545166,0.5280630807080937,1,-0.1032470315694809,0.009123384952545166,0.5280630807080937,1,-0.24414867162704468,0.13520482182502747,0.5937171639575106
train,7558,88,1,11.228978157,10.7906265259,0,0.20261240005493164,-0.23665496706962585,0.3919155548413445,0,0.20261240005493164,-0.23665496706962585,0.3919155548413445,0,0.07933004200458527,-0.10397230088710785,0.454302295298397
train,7579,88,0,10.2501449585,10.2526741028,1,-0.04156091436743736,-0.037154313176870346,0.5011016485149791,1,-0.04156091436743736,-0.037154313176870346,0.5011016485149791,1,-0.27954524755477905,0.09147591888904572,0.5917057051826553
train,7597,88,0,7.4071769714,7.6456289291,1,-0.06167777255177498,-0.02048652619123459,0.5102963557962849,1,-0.06167777255177498,-0.02048652619123459,0.5102963557962849,0,0.04265453293919563,-0.11378322541713715,0.46097012539962684
train,7600,88,1,13.4895267487,13.3317127228,1,-0.03966594859957695,-0.026066143065690994,0.5033998989813553,1,-0.03966594859957695,-0.026066143065690994,0.5033998989813553,1,-0.15374082326889038,0.03720341622829437,0.5475915498518326
train,7601,88,0,9.2132282257,9.4663476944,0,0.24405765533447266,-0.2725543677806854,0.37364479665229827,0,0.24405765533447266,-0.2725543677806854,0.37364479665229827,0,0.24820353090763092,-0.24382013082504272,0.3794169606718115
train,7608,88,0,10.4070949554,10.9484195709,1,-0.06072327867150307,-0.01678089052438736,0.5109838296732881,1,-0.06072327867150307,-0.01678089052438736,0.5109838296732881,0,0.007584370672702789,-0.06903478503227234,0.4808545762503906
train,7612,88,0,15.8017635345,15.8699655533,0,-0.006837788037955761,-0.06232920289039612,0.48613070507757966,0,-0.006837788037955761,-0.06232920289039612,0.48613070507757966,0,-0.03151100128889084,-0.04826730489730835,0.49581102211034245
train,7614,88,0,8.8928623199,9.0165433884,0,-0.021022535860538483,-0.047363150864839554,0.4934152269695134,0,-0.021022535860538483,-0.047363150864839554,0.4934152269695134,1,-0.35262352228164673,0.15941596031188965,0.6252844549667569
train,7616,88,1,14.3213481903,13.8677139282,1,-0.1615535318851471,0.06311874836683273,0.5559329873622508,1,-0.1615535318851471,0.06311874836683273,0.5559329873622508,1,-0.17654289305210114,0.06277002394199371,0.5595443215207129
train,7635,88,1,10.5169210434,10.4113769531,0,-0.02538152039051056,-0.03801896423101425,0.49684068108634427,0,-0.02538152039051056,-0.03801896423101425,0.49684068108634427,1,-0.20380689203739166,0.04539451003074646,0.5619799289662233
train,7645,88,0,10.8506097794,11.0101766586,1,-0.041948311030864716,-0.018290512263774872,0.5059141738516376,1,-0.041948311030864716,-0.018290512263774872,0.5059141738516376,1,-0.1719243824481964,0.04042241722345352,0.5528881168824873
train,7653,89,1,9.9066781998,9.5271959305,1,-0.14057061076164246,0.044670604169368744,0.54617833106829,1,-0.14057061076164246,0.044670604169368744,0.54617833106829,1,-0.08700132369995117,0.0035995393991470337,0.5226347347599734
train,7661,89,0,8.6075820923,8.6545543671,0,0.27457618713378906,-0.3174571692943573,0.3561684440471677,0,0.27457618713378906,-0.3174571692943573,0.3561684440471677,0,0.17621195316314697,-0.17741867899894714,0.41250227999162414
train,7665,89,1,10.4546260834,10.2055625916,1,-0.04182129353284836,-0.02611270546913147,0.5039270662627742,1,-0.04182129353284836,-0.02611270546913147,0.5039270662627742,1,-0.2078510820865631,0.06309746205806732,0.5673257563338263
train,7680,89,1,15.9046516418,15.7678575516,0,-0.02116313762962818,-0.04277074337005615,0.49459830872894217,0,-0.02116313762962818,-0.04277074337005615,0.49459830872894217,1,-0.10554392635822296,0.0044610947370529175,0.5274735558286814
train,7690,89,0,13.7861719131,13.8388996124,1,-0.04455457627773285,-0.01690681278705597,0.5069115006163649,1,-0.04455457627773285,-0.01690681278705597,0.5069115006163649,1,-0.0746549665927887,-0.018787197768688202,0.5139633105290369
train,7709,89,0,7.5477104187,7.5573234558,1,-0.13176926970481873,0.027284324169158936,0.5396797819728014,1,-0.13176926970481873,0.027284324169158936,0.5396797819728014,1,-1.0170681476593018,0.5938513278961182,0.8335390043799051
train,7717,89,1,9.0593013763,8.8055925369,0,-0.017194753512740135,-0.05656476318836212,0.4901587687053823,0,-0.017194753512740135,-0.05656476318836212,0.4901587687053823,0,0.010501965880393982,-0.07688331604003906,0.4781675707956238
train,7734,89,0,10.2551174164,10.2696800232,1,-0.09530973434448242,0.014363095164299011,0.5273907579141357,1,-0.09530973434448242,0.014363095164299011,0.5273907579141357,1,-0.045012447983026505,-0.01952456682920456,0.5063716253578342
train,7736,89,0,10.3918676376,10.6115856171,1,-0.04837975651025772,-0.027727581560611725,0.5051628602367534,1,-0.04837975651025772,-0.027727581560611725,0.5051628602367534,1,-0.10457831621170044,-0.007151022553443909,0.5243375752801102
train,7756,89,1,10.6905269623,10.2566375732,0,0.09982702136039734,-0.1457453817129135,0.43891357993274777,0,0.09982702136039734,-0.1457453817129135,0.43891357993274777,0,0.09913040697574615,-0.13342109322547913,0.44212272470539193
train,7760,89,0,10.7775249481,10.7951545715,1,-0.05386260151863098,-0.01984865963459015,0.5085026657248028,1,-0.05386260151863098,-0.01984865963459015,0.5085026657248028,1,-0.2911057472229004,0.12330327928066254,0.6021446079987651
train,7775,89,1,8.5845947266,8.5824279785,0,-0.015510432422161102,-0.04778183996677399,0.4919328482254243,0,-0.015510432422161102,-0.04778183996677399,0.4919328482254243,1,-0.1579262763261795,0.013468354940414429,0.5427440710996086
train,7789,89,0,8.1141672134,8.3581428528,0,-0.022279128432273865,-0.04529348760843277,0.49424666414672347,0,-0.022279128432273865,-0.04529348760843277,0.49424666414672347,0,0.05556684359908104,-0.10777551680803299,0.45925496190815646
train,7805,89,1,15.3923416138,14.7295017242,0,0.17597410082817078,-0.20488780736923218,0.4059190321201977,0,0.17597410082817078,-0.20488780736923218,0.4059190321201977,0,0.17001548409461975,-0.17983192205429077,0.41341942518307845
train,7807,89,0,11.7364740372,11.7605857849,1,-0.2803313434123993,0.14104440808296204,0.6038124082010586,1,-0.2803313434123993,0.14104440808296204,0.6038124082010586,1,-0.3355107307434082,0.20056001842021942,0.6308979013751722
train,7808,89,1,16.927690506,16.8964385986,0,-0.030346667394042015,-0.04094778373837471,0.4973497457343116,0,-0.030346667394042015,-0.04094778373837471,0.4973497457343116,1,-0.053159210830926895,-0.03206101804971695,0.5052743525473983
train,7812,89,1,10.4581165314,10.1783866882,1,-0.04723184555768967,-0.027018599212169647,0.5050531395385396,1,-0.04723184555768967,-0.027018599212169647,0.5050531395385396,1,-0.19321201741695404,0.04473473131656647,0.5592075959015297
train,7815,89,1,8.7642803192,8.183465004,0,0.08988097310066223,-0.13090386986732483,0.4450269176238275,0,0.08988097310066223,-0.13090386986732483,0.4450269176238275,0,0.1576305329799652,-0.1712103635072708,0.4185226775960336
train,7827,89,1,11.0832700729,11.0061721802,0,-0.028286879882216454,-0.04207750782370567,0.4965523976536134,0,-0.028286879882216454,-0.04207750782370567,0.4965523976536134,1,-0.18059362471103668,0.03216021507978439,0.5529887361913473
train,7850,90,0,14.6110572815,14.7664546967,0,-0.020673085004091263,-0.04535018280148506,0.4938310386012681,0,-0.020673085004091263,-0.04535018280148506,0.4938310386012681,1,-0.17588995397090912,0.05474843084812164,0.5574053528526797
train,7853,90,0,10.072426796,10.2444725037,0,0.07120659947395325,-0.1205214112997055,0.4522142897884977,0,0.07120659947395325,-0.1205214112997055,0.4522142897884977,0,0.14267411828041077,-0.16941618919372559,0.42260460069667916
train,7866,90,1,14.9634895325,14.8611888885,1,-0.048419494181871414,-0.029305975884199142,0.5047782341073094,1,-0.048419494181871414,-0.029305975884199142,0.5047782341073094,1,-0.07939708232879639,-0.01438303291797638,0.516247789706665
train,7888,90,0,14.4742422104,14.6401767731,1,-0.03398650139570236,-0.027974002063274384,0.5015031203049413,1,-0.03398650139570236,-0.027974002063274384,0.5015031203049413,1,-0.22359906136989594,0.07913272082805634,0.575110187482459
train,7891,90,0,9.1856985092,9.2273159027,0,0.1879158914089203,-0.21183228492736816,0.40137284473212653,0,0.1879158914089203,-0.21183228492736816,0.40137284473212653,0,0.21712569892406464,-0.2058769166469574,0.3957984743237149
train,7898,90,1,10.0075912476,9.8668146133,0,-0.011674094013869762,-0.04892474785447121,0.4906884132534628,0,-0.011674094013869762,-0.04892474785447121,0.4906884132534628,1,-0.09218420088291168,0.009755194187164307,0.5254628025618048
train,7941,90,1,11.0171985626,10.6085224152,1,-0.6200476884841919,0.39061540365219116,0.7331498973849215,1,-0.6200476884841919,0.39061540365219116,0.7331498973849215,1,-0.857557475566864,0.5387272834777832,0.8015936739816868
train,7949,90,0,15.8446044922,16.1078338623,0,-0.010048341006040573,-0.05290035530924797,0.48928863547624485,0,-0.010048341006040573,-0.05290035530924797,0.48928863547624485,1,-0.050317034125328064,-0.0279126837849617,0.5056008533057315
train,7959,90,0,11.4798526764,11.6509990692,0,-0.014952922239899635,-0.045008186250925064,0.4924867495604859,0,-0.014952922239899635,-0.045008186250925064,0.4924867495604859,1,-0.0914219468832016,0.0011768192052841187,0.5231331642134751
train,7974,90,1,12.8695106506,12.6878004074,1,-0.07527710497379303,-0.00860239565372467,0.5166625050000762,1,-0.07527710497379303,-0.00860239565372467,0.5166625050000762,1,-0.0985584557056427,-0.007524356245994568,0.5227428208279955
train,7980,90,0,17.40284729,17.5225868225,1,-0.03163862228393555,-0.02458224818110466,0.501764086205871,1,-0.03163862228393555,-0.02458224818110466,0.501764086205871,1,-0.10655207931995392,0.00936979055404663,0.52894805801576
train,7983,90,1,9.2087745667,8.8413562775,1,-0.5592471361160278,0.3616885244846344,0.7152327146320256,1,-0.5592471361160278,0.3616885244846344,0.7152327146320256,1,-1.2751190662384033,0.7777838110923767,0.8862406098608382
train,7992,90,0,13.5644416809,13.635761261,1,-0.04309970885515213,-0.027838125824928284,0.5038153217037474,1,-0.04309970885515213,-0.027838125824928284,0.5038153217037474,1,-0.1534997820854187,0.03653326630592346,0.5473658061090279
train,7997,90,0,8.9281167984,9.0341901779,0,0.10564960539340973,-0.1612245738506317,0.4336746398178472,0,0.10564960539340973,-0.1612245738506317,0.4336746398178472,0,0.19110044836997986,-0.19102810323238373,0.4056136190551881
train,8008,90,0,12.2015743256,12.3386917114,0,-0.026574967429041862,-0.046697698533535004,0.4949694869708147,0,-0.026574967429041862,-0.046697698533535004,0.4949694869708147,1,-0.061677198857069016,-0.038719292730093,0.5057392244550465
train,8009,90,1,12.5564880371,12.3389091492,0,-0.029170362278819084,-0.035930924117565155,0.4983098659776342,0,-0.029170362278819084,-0.035930924117565155,0.4983098659776342,1,-0.18068191409111023,0.04724644869565964,0.5567366742652808
train,8015,90,0,11.2517547607,11.2554864883,1,-0.03469415009021759,-0.03381537273526192,0.5002196943246007,1,-0.03469415009021759,-0.03381537273526192,0.5002196943246007,0,-0.02091231197118759,-0.06366824358701706,0.4893126451488944
train,8031,90,0,12.0986089706,12.1653823853,0,0.08299034833908081,-0.12296118587255478,0.448693340459014,0,0.08299034833908081,-0.12296118587255478,0.448693340459014,0,0.2438635677099228,-0.24826081097126007,0.37939324617427284
train,8033,90,0,9.9183082581,9.9822473526,0,0.25662192702293396,-0.28503909707069397,0.3678012703953106,0,0.25662192702293396,-0.28503909707069397,0.3678012703953106,0,0.15925216674804688,-0.1863168478012085,0.4144573343061739
train,8037,90,1,12.8637161255,12.831788063,0,-0.01059691235423088,-0.055172428488731384,0.4888579658187499,0,-0.01059691235423088,-0.055172428488731384,0.4888579658187499,1,-0.20178712904453278,0.05720628798007965,0.5643888353330182
train,8047,91,1,9.3954782486,9.2895030975,0,-0.026315217837691307,-0.04837779700756073,0.49448457892838593,0,-0.026315217837691307,-0.04837779700756073,0.49448457892838593,1,-0.29815229773521423,0.13217191398143768,0.6059510845380106
train,8054,91,0,12.8374443054,12.967300415,1,-0.04726595804095268,-0.02285141497850418,0.5061033326008796,1,-0.04726595804095268,-0.02285141497850418,0.5061033326008796,1,-0.11693473160266876,0.004055038094520569,0.5302105981976103
train,8064,91,0,11.6316757202,11.7397880554,1,-0.035896483808755875,-0.0331287607550621,0.5006919303217245,1,-0.035896483808755875,-0.0331287607550621,0.5006919303217245,0,-0.03171161189675331,-0.04835730418562889,0.4958386730120557
train,8071,91,1,14.2624912262,14.0446138382,1,-0.04085029661655426,-0.036619968712329865,0.5010575803988804,1,-0.04085029661655426,-0.036619968712329865,0.5010575803988804,1,-0.15689438581466675,0.02897617220878601,0.5463343202676023
train,8078,91,1,7.3142962456,7.2838573456,1,-0.07209353148937225,-0.011912591755390167,0.5150406957431322,1,-0.07209353148937225,-0.011912591755390167,0.5150406957431322,1,-0.06148326024413109,-0.043715111911296844,0.5044419202216792
train,8137,91,1,13.5258216858,13.3896121979,0,-0.030499082058668137,-0.03938669711351395,0.49777811086179924,0,-0.030499082058668137,-0.03938669711351395,0.49777811086179924,1,-0.2017926275730133,0.060204312205314636,0.5651271203156302
train,8148,91,1,7.8018169403,7.7664899826,1,-0.16285640001296997,0.04719316214323044,0.5523201644737239,1,-0.16285640001296997,0.04719316214323044,0.5523201644737239,1,-0.5627140402793884,0.309935986995697,0.7052968142031367
train,8151,91,1,13.8494415283,13.8271846771,1,-0.06231870874762535,-0.004672400653362274,0.5144075874271735,1,-0.06231870874762535,-0.004672400653362274,0.5144075874271735,1,-0.15126636624336243,0.034080132842063904,0.5462044274680339
train,8161,91,1,14.6774845123,14.4906654358,0,-0.02711823396384716,-0.040528737008571625,0.4966474244830448,0,-0.02711823396384716,-0.040528737008571625,0.4966474244830448,0,0.027979664504528046,-0.09943727403879166,0.46818879183900086
train,8162,91,0,10.6153745651,10.735458374,1,-0.10827800631523132,0.02107097953557968,0.5322922351329568,1,-0.10827800631523132,0.02107097953557968,0.5322922351329568,0,0.02012006938457489,-0.0667705237865448,0.4782910085177455
train,8169,91,0,10.0523014069,10.090959549,1,-0.03578599542379379,-0.025308482348918915,0.5026193543064116,1,-0.03578599542379379,-0.025308482348918915,0.5026193543064116,0,-0.045393988490104675,-0.047216322273015976,0.49954441668035104
train,8172,91,1,8.7561531067,8.7453241348,0,0.0006969962269067764,-0.052186768501996994,0.48678213919862223,0,0.0006969962269067764,-0.052186768501996994,0.48678213919862223,0,0.12774118781089783,-0.18465787172317505,0.42252926392214796
train,8199,91,1,10.0653648376,9.9603633881,1,-0.10218261182308197,0.00672362744808197,0.5271996814890638,1,-0.10218261182308197,0.00672362744808197,0.5271996814890638,0,-0.0008023884147405624,-0.08119349181652069,0.47991304103303256
train,8203,91,0,15.1900367737,15.2409362793,1,-0.04674416780471802,-0.019238244742155075,0.5068760472501928,1,-0.04674416780471802,-0.019238244742155075,0.5068760472501928,1,-0.17169475555419922,0.04283224046230316,0.5534270052753764
train,8206,91,0,9.3990650177,9.4028987885,0,-0.013980019837617874,-0.05068829655647278,0.49082396118798705,0,-0.013980019837617874,-0.05068829655647278,0.49082396118798705,1,-0.09880800545215607,0.007805913686752319,0.5266282619884076
train,8207,91,1,13.2376079559,13.1970558167,1,-0.04728272557258606,-0.016805369406938553,0.507618749315385,1,-0.04728272557258606,-0.016805369406938553,0.507618749315385,0,-0.02158462069928646,-0.05954853072762489,0.4905101622412877
train,8208,91,0,15.4316883087,15.807091713,0,-0.01636960729956627,-0.046690940856933594,0.49242024732657563,0,-0.01636960729956627,-0.046690940856933594,0.49242024732657563,1,-0.14978615939617157,0.03420712798833847,0.5458689925239382
train,8210,91,0,12.8465919495,13.1210622787,1,-0.04203053191304207,-0.0358867347240448,0.5015359444659078,1,-0.04203053191304207,-0.0358867347240448,0.5015359444659078,1,-0.07715244591236115,-0.026629485189914703,0.5126280541293339
train,8211,91,0,11.2877931595,11.3449754715,0,-0.024288421496748924,-0.046684056520462036,0.4944013252501426,0,-0.024288421496748924,-0.046684056520462036,0.4944013252501426,1,-0.13761112093925476,0.017675548791885376,0.5387438431142803
train,8212,91,0,11.8706769943,11.8906002045,0,-0.02991238236427307,-0.03982968255877495,0.49752069527189696,0,-0.02991238236427307,-0.03982968255877495,0.49752069527189696,1,-0.2527761459350586,0.09452448785305023,0.5859628369534051
train,8239,92,1,16.2010498047,16.1994686127,1,-0.044662583619356155,-0.0236734077334404,0.505247101340651,1,-0.044662583619356155,-0.0236734077334404,0.505247101340651,1,-0.18449674546718597,0.04896903783082962,0.5581027714743799
train,8251,92,1,14.0057382584,13.8093414307,1,-0.0454963743686676,-0.018498852849006653,0.5067489704602083,1,-0.0454963743686676,-0.018498852849006653,0.5067489704602083,1,-0.051504816859960556,-0.027933605015277863,0.5058925301385557
train,8261,92,0,9.9567260742,10.0832796097,0,-0.0131834726780653,-0.05403689295053482,0.4897880652039648,0,-0.0131834726780653,-0.05403689295053482,0.4897880652039648,0,0.08469974994659424,-0.14196057617664337,0.44357627549990053
train,8272,92,1,14.7192840576,14.7038145065,0,-0.005118003115057945,-0.0607650950551033,0.48609181583535466,0,-0.005118003115057945,-0.0607650950551033,0.48609181583535466,0,-0.03502711281180382,-0.035434041172266006,0.4998982679112883
train,8298,92,1,13.5825061798,13.2617073059,0,0.2348221242427826,-0.2459927797317505,0.38205971599673866,0,0.2348221242427826,-0.2459927797317505,0.38205971599673866,0,0.23412828147411346,-0.20940183103084564,0.39090013631983334
train,8316,92,0,14.8610286713,15.2771663666,0,-0.03773054853081703,-0.03925872594118118,0.4996179557217588,0,-0.03773054853081703,-0.03925872594118118,0.4996179557217588,0,-0.032713670283555984,-0.05239027366042137,0.4950810078614173
train,8319,92,0,7.6545057297,7.8838005066,1,-0.03664449602365494,-0.03441357985138893,0.5005577288117491,1,-0.03664449602365494,-0.03441357985138893,0.5005577288117491,0,0.0422821082174778,-0.08992096781730652,0.4669972844970051
train,8326,92,1,11.9639997482,11.6661291122,1,-0.04201136901974678,-0.032759010791778564,0.5023130730559123,1,-0.04201136901974678,-0.032759010791778564,0.5023130730559123,1,-0.07419104874134064,-0.016149815171957016,0.5145062362552998
train,8331,92,0,17.984254837,18.1640548706,1,-0.04745600000023842,-0.014129899442195892,0.5083307541223707,1,-0.04745600000023842,-0.014129899442195892,0.5083307541223707,1,-0.15822358429431915,0.043996408581733704,0.5503834213315623
train,8341,92,0,16.1486091614,16.4609069824,0,0.3611307144165039,-0.36536988615989685,0.32596311578308657,0,0.3611307144165039,-0.36536988615989685,0.32596311578308657,0,0.5361478924751282,-0.5161565542221069,0.2587828293910152
train,8356,92,1,12.1540126801,11.999004364,1,-0.0541435107588768,-0.02175874263048172,0.5080954845171942,1,-0.0541435107588768,-0.02175874263048172,0.5080954845171942,1,-0.1285073161125183,0.011921420693397522,0.5350496042684876
train,8360,92,1,14.7493801117,14.6086111069,0,0.0198390930891037,-0.08704487979412079,0.47330441654551436,0,0.0198390930891037,-0.08704487979412079,0.47330441654551436,1,-0.04847206175327301,-0.020309370011091232,0.5070402076208128
train,8366,92,0,11.7089328766,11.7195091248,1,-0.04134679585695267,-0.039321668446063995,0.5005062816796945,1,-0.04134679585695267,-0.039321668446063995,0.5005062816796945,1,-0.4550475776195526,0.20480115711688995,0.6592264079896338
train,8370,92,1,13.0176954269,12.8498210907,0,-0.016434375196695328,-0.04883681237697601,0.4919000993784404,0,-0.016434375196695328,-0.04883681237697601,0.4919000993784404,0,-0.019929595291614532,-0.05584052577614784,0.491023232057667
train,8377,92,0,15.0459861755,15.5059709549,0,-0.007280848920345306,-0.05761178210377693,0.4874199222494122,0,-0.007280848920345306,-0.05761178210377693,0.4874199222494122,1,-0.3110223412513733,0.12756039202213287,0.6079212726897336
train,8388,92,0,9.1216983795,9.1780977249,0,0.007341425865888596,-0.06275609135627747,0.48248279290990137,0,0.007341425865888596,-0.06275609135627747,0.48248279290990137,1,-0.08781346678733826,0.011159822344779968,0.5247231438441784
train,8393,92,0,8.7236700058,8.7440252304,0,0.13983124494552612,-0.18686366081237793,0.4190450201337962,0,0.13983124494552612,-0.18686366081237793,0.4190450201337962,0,0.22497622668743134,-0.23136784136295319,0.38785347006020027
train,8413,92,0,13.372220993,13.4864826202,1,-0.06362910568714142,-0.010653868317604065,0.5132407129525366,1,-0.06362910568714142,-0.010653868317604065,0.5132407129525366,1,-0.06901122629642487,-0.022497378289699554,0.5116263659035059
train,8427,92,0,14.2000961304,14.3192024231,1,-0.04086645320057869,-0.02481647953391075,0.5040124072834739,1,-0.04086645320057869,-0.02481647953391075,0.5040124072834739,0,0.009632810950279236,-0.06577097624540329,0.4811579799102037
train,8439,93,1,21.7345848083,20.9811515808,1,-0.0923776626586914,0.011775985360145569,0.5260148988251825,1,-0.0923776626586914,0.011775985360145569,0.5260148988251825,1,-0.13620729744434357,0.008571356534957886,0.5361315731322327
train,8442,93,1,14.8357439041,14.4967880249,1,-0.04965955391526222,-0.01497688889503479,0.5086697972067674,1,-0.04965955391526222,-0.01497688889503479,0.5086697972067674,0,-0.037729550153017044,-0.04311959072947502,0.4986524931182585
train,8450,93,1,11.1681995392,10.565533638,0,0.10886195302009583,-0.1553882360458374,0.43431920609805585,0,0.10886195302009583,-0.1553882360458374,0.43431920609805585,0,0.06829218566417694,-0.1091761589050293,0.45574899344269404
train,8463,93,1,10.1971530914,10.0611248016,1,-0.06612320244312286,-0.010420873761177063,0.5139219826546544,1,-0.06612320244312286,-0.010420873761177063,0.5139219826546544,0,-0.02361089363694191,-0.05067099630832672,0.49323538710895654
train,8470,93,0,11.7194833755,11.7462663651,0,-0.012952324002981186,-0.046160630881786346,0.49169868615124085,0,-0.012952324002981186,-0.046160630881786346,0.49169868615124085,1,-0.1280444860458374,0.023164428770542145,0.537730366731218
train,8472,93,1,9.6701793671,9.0828819275,1,-0.22069111466407776,0.09879929572343826,0.5792000562375305,1,-0.22069111466407776,0.09879929572343826,0.5792000562375305,1,-0.3527618944644928,0.17497684061527252,0.6289555535832502
train,8486,93,0,17.0523223877,17.1745147705,0,0.2606935501098633,-0.2866901755332947,0.36647161738138684,0,0.2606935501098633,-0.2866901755332947,0.36647161738138684,0,0.2624277174472809,-0.2395516037940979,0.3770756338287361
train,8500,93,1,18.4614944458,18.2621231079,1,-0.03583157807588577,-0.03005426749587059,0.501444323627702,1,-0.03583157807588577,-0.03005426749587059,0.501444323627702,1,-0.11097410321235657,0.005066990852355957,0.5289777640521909
train,8509,93,0,18.0208244324,18.132106781,1,-0.2581896185874939,0.1431911587715149,0.5990193614582185,1,-0.2581896185874939,0.1431911587715149,0.5990193614582185,1,-0.4134014844894409,0.23177199065685272,0.6559219935831282
train,8521,93,0,11.5327453613,11.8553524017,0,-0.016595060005784035,-0.04978681355714798,0.49170282334294974,0,-0.016595060005784035,-0.04978681355714798,0.49170282334294974,1,-0.1912439912557602,0.05492202937602997,0.5612326040376346
train,8530,93,1,13.3092594147,13.2210178375,0,-0.01927221193909645,-0.048308536410331726,0.4927414288550592,0,-0.01927221193909645,-0.048308536410331726,0.4927414288550592,1,-0.04238089919090271,-0.023801911622285843,0.504644613291094
train,8555,93,0,15.462220192,15.4919910431,1,-0.10376618802547455,0.02210485190153122,0.5314262790306449,1,-0.10376618802547455,0.02210485190153122,0.5314262790306449,1,-0.10780341923236847,0.027981191873550415,0.5338940920232832
train,8558,93,0,8.6359624863,8.9286308289,1,-0.07709792256355286,-0.005946077406406403,0.5177804606642493,1,-0.07709792256355286,-0.005946077406406403,0.5177804606642493,0,0.04725519195199013,-0.10763681679964066,0.46135423120912145
train,8567,93,1,6.893620491,6.8856611252,1,-0.19893139600753784,0.08623138815164566,0.5708114921505928,1,-0.19893139600753784,0.08623138815164566,0.5708114921505928,1,-0.14665775001049042,0.061474427580833435,0.5518460195603162
train,8578,93,0,14.2242069244,14.2264766693,1,-0.04481980577111244,-0.023494191467761993,0.5053312015329053,1,-0.04481980577111244,-0.023494191467761993,0.5053312015329053,1,-0.17358820140361786,0.03731504827737808,0.5525312400305011
train,8584,93,1,14.7247467041,14.5375032425,0,-0.028637411072850227,-0.030818048864603043,0.4994548407680894,0,-0.028637411072850227,-0.030818048864603043,0.4994548407680894,1,-0.11766666173934937,0.01165761798620224,0.532286084359997
train,8591,93,1,10.2026329041,10.1363286972,1,-0.8369280099868774,0.5533384084701538,0.8006347719342081,1,-0.8369280099868774,0.5533384084701538,0.8006347719342081,1,-0.9852259755134583,0.6271228194236755,0.8337372303857187
train,8593,93,0,10.2345199585,10.8186454773,1,-0.06077452749013901,-0.009434916079044342,0.5128320844566024,1,-0.06077452749013901,-0.009434916079044342,0.5128320844566024,0,-0.036275848746299744,-0.04924318939447403,0.4967582102639274
train,8605,93,1,12.8811836243,12.8154125214,1,-0.04223302751779556,-0.0209985189139843,0.5053084276863546,1,-0.04223302751779556,-0.0209985189139843,0.5053084276863546,0,-0.02051849663257599,-0.053040098398923874,0.491870316078903
train,8621,93,1,8.3000030518,8.0405979156,1,-1.0495216846466064,0.6850221753120422,0.8499927074367607,1,-1.0495216846466064,0.6850221753120422,0.8499927074367607,1,-0.9248875975608826,0.5718691945075989,0.8170902649435101
train,8643,94,0,14.1893386841,14.2316570282,1,-0.24382677674293518,0.12757492065429688,0.591797634470752,1,-0.24382677674293518,0.12757492065429688,0.591797634470752,1,-0.2280644327402115,0.11834326386451721,0.5857461844987879
train,8662,94,1,9.4360141754,9.177283287,1,-0.25394371151924133,0.125818133354187,0.5938156615295408,1,-0.25394371151924133,0.125818133354187,0.5938156615295408,1,-0.1637132465839386,0.03902910649776459,0.5505126819724042
train,8665,94,0,13.9214382172,14.2065238953,1,-0.03481080383062363,-0.028171364217996597,0.5016598538056664,1,-0.03481080383062363,-0.028171364217996597,0.5016598538056664,1,-0.15575669705867767,0.03916873037815094,0.5485776414846322
train,8672,94,0,13.9561653137,13.993434906,1,-0.25106707215309143,0.12951350212097168,0.5940131227545239,1,-0.25106707215309143,0.12951350212097168,0.5940131227545239,1,-0.22820232808589935,0.10815916955471039,0.5833064173605214
train,8675,94,1,7.346657753,7.2281680107,0,0.034618958830833435,-0.10540945827960968,0.4650499852687546,0,0.034618958830833435,-0.10540945827960968,0.4650499852687546,0,0.18954212963581085,-0.211447611451149,0.4010745671998163
train,8676,94,1,17.0300693512,16.9617729187,0,-0.027207091450691223,-0.04603729397058487,0.49529258846400737,0,-0.027207091450691223,-0.04603729397058487,0.49529258846400737,1,-0.17721733450889587,0.04395303875207901,0.5550682978423795
train,8685,94,1,16.8312206268,16.6691665649,1,-0.030177010223269463,-0.028709404170513153,0.5003669014473343,1,-0.030177010223269463,-0.028709404170513153,0.5003669014473343,1,-0.16219522058963776,0.03881235420703888,0.55008337623012
train,8690,94,1,12.999835968,12.5817317963,0,-0.02680892124772072,-0.050386942923069,0.4941057676402964,0,-0.02680892124772072,-0.050386942923069,0.4941057676402964,1,-0.1416267603635788,0.020894810557365417,0.5405411965549901
train,8694,94,1,11.3283948898,11.3192968369,1,-0.04759775474667549,-0.022815868258476257,0.5061951545666298,1,-0.04759775474667549,-0.022815868258476257,0.5061951545666298,1,-0.09700877964496613,-0.013386853039264679,0.5208933081448935
train,8715,94,1,9.6043014526,9.2135181427,0,0.019746052101254463,-0.07251906394958496,0.47695007038702303,0,0.019746052101254463,-0.07251906394958496,0.47695007038702303,0,0.05685091391205788,-0.08269374072551727,0.4651703370019039
train,8717,94,0,6.1802668571,6.3921694756,1,-0.05457700416445732,-0.021330520510673523,0.5083108554086481,1,-0.05457700416445732,-0.021330520510673523,0.5083108554086481,0,-0.012493117712438107,-0.09372616559267044,0.47970289819253376
train,8727,94,1,12.4814519882,11.9116859436,1,-0.16154418885707855,0.06427428871393204,0.5562159326440889,1,-0.16154418885707855,0.06427428871393204,0.5562159326440889,1,-0.3116415739059448,0.16841058433055878,0.6177601911016266
train,8736,94,1,8.8390836716,8.8254079819,0,0.22158564627170563,-0.24415022134780884,0.3856260018387338,0,0.22158564627170563,-0.24415022134780884,0.3856260018387338,0,0.3014677166938782,-0.2710147500038147,0.3606642061629771
train,8742,94,1,13.3645877838,12.9573802948,1,-0.0671534538269043,-0.018427763134241104,0.5121790131579271,1,-0.0671534538269043,-0.018427763134241104,0.5121790131579271,1,-0.3265981674194336,0.1518852859735489,0.6173897004813875
train,8777,94,0,10.0218811035,10.0329780579,0,0.024575185030698776,-0.08611473441123962,0.47235573976211864,0,0.024575185030698776,-0.08611473441123962,0.47235573976211864,0,0.16164542734622955,-0.184359610080719,0.41435152315321633
train,8788,94,0,13.9609336853,14.0379295349,1,-0.04390672966837883,-0.022304870188236237,0.5054002548736078,1,-0.04390672966837883,-0.022304870188236237,0.5054002548736078,1,-0.057801079005002975,-0.024577371776103973,0.5083051628745244
train,8799,94,1,13.7879705429,13.7310619354,1,-0.04631901904940605,-0.027638699859380722,0.504669943998533,1,-0.04631901904940605,-0.027638699859380722,0.504669943998533,1,-0.2503354847431183,0.07941879332065582,0.5816995877087112
train,8805,94,1,16.7978172302,16.0563526154,0,-0.028531193733215332,-0.03543803095817566,0.4982732975580299,0,-0.028531193733215332,-0.03543803095817566,0.4982732975580299,1,-0.278508722782135,0.11761215329170227,0.5977553031478285
train,8814,94,0,16.7486572266,16.8069534302,1,-0.03071065992116928,-0.02962302789092064,0.5002719079807578,1,-0.03071065992116928,-0.02962302789092064,0.5002719079807578,1,-0.056188952177762985,-0.017208434641361237,0.5097438956101963
train,8820,94,0,9.6005992889,10.2435722351,0,0.12382382154464722,-0.16772833466529846,0.427623916064999,0,0.12382382154464722,-0.16772833466529846,0.427623916064999,1,-0.02847203239798546,-0.0013529732823371887,0.5067793492983818
train,8828,95,0,15.2697639465,15.5041179657,0,-0.015635687857866287,-0.04019623249769211,0.4938601724760178,0,-0.015635687857866287,-0.04019623249769211,0.4938601724760178,1,-0.0844305008649826,-0.005005247890949249,0.5198458814086756
train,8863,95,0,12.9785079956,13.0412368774,0,-0.03553394973278046,-0.0390043780207634,0.4991323937987823,0,-0.03553394973278046,-0.0390043780207634,0.4991323937987823,1,-0.106483593583107,0.006921738386154175,0.528320987022844
train,8869,95,0,13.0110502243,13.0969238281,1,-0.054082196205854416,-0.005943767726421356,0.5120322836670288,1,-0.054082196205854416,-0.005943767726421356,0.5120322836670288,1,-0.14410579204559326,0.036160439252853394,0.5449449131885276
train,8879,95,0,8.4607629776,8.6311740875,1,-1.103007197380066,0.6927745938301086,0.8576346791782754,1,-1.103007197380066,0.6927745938301086,0.8576346791782754,1,-0.7480836510658264,0.4501730799674988,0.7682145204823612
train,8908,95,0,11.8538885117,11.9677143097,0,0.1399577558040619,-0.16678646206855774,0.4239096366316351,0,0.1399577558040619,-0.16678646206855774,0.4239096366316351,0,0.16310036182403564,-0.17196139693260193,0.41700953139105595
train,8925,95,1,7.6247587204,7.3875412941,0,0.025222167372703552,-0.08520367741584778,0.47242155709835604,0,0.025222167372703552,-0.08520367741584778,0.47242155709835604,0,0.1130400151014328,-0.12649768590927124,0.4404002801944786
train,8928,95,1,14.1337156296,13.9771175385,0,-0.016891632229089737,-0.05169149488210678,0.4913009122240353,0,-0.016891632229089737,-0.05169149488210678,0.4913009122240353,0,-0.0367630235850811,-0.03901483863592148,0.49943704647516923
train,8936,95,1,11.0657596588,10.7007379532,0,0.011096546426415443,-0.06473695486783981,0.4810507048136224,0,0.011096546426415443,-0.06473695486783981,0.4810507048136224,0,0.03320236876606941,-0.0615190714597702,0.47633732938679085
train,8938,95,0,13.2166404724,13.3036880493,1,-0.04672713577747345,-0.02576468512415886,0.5052404207673654,1,-0.04672713577747345,-0.02576468512415886,0.5052404207673654,1,-0.07182323187589645,-0.023094993084669113,0.5121796498045931
train,8942,95,0,13.548166275,13.7055683136,1,-0.044271741062402725,-0.014891427010297775,0.5073445502009024,1,-0.044271741062402725,-0.014891427010297775,0.5073445502009024,0,-0.029580308124423027,-0.037447940558195114,0.49803310203740286
train,8950,95,1,12.5352811813,12.4744501114,1,-0.03964656963944435,-0.03802552446722984,0.5004052612043086,1,-0.03964656963944435,-0.03802552446722984,0.5004052612043086,1,-0.1122552901506424,0.003126978874206543,0.5288136078867194
train,8955,95,1,11.3127403259,11.3031272888,0,0.1639823317527771,-0.2071762979030609,0.4082610854899011,0,0.1639823317527771,-0.2071762979030609,0.4082610854899011,0,0.1682760864496231,-0.1878664195537567,0.4118936761441003
train,8957,95,1,12.7060432434,12.6503887177,1,-0.037457071244716644,-0.032297056168317795,0.5012900009068302,1,-0.037457071244716644,-0.032297056168317795,0.5012900009068302,1,-0.13927467167377472,0.027908846735954285,0.5416988002185984
train,8958,95,1,16.2308139801,16.0618896484,1,-0.046886786818504333,-0.014742210507392883,0.5080354521878507,1,-0.046886786818504333,-0.014742210507392883,0.5080354521878507,1,-0.1140495091676712,0.019332610070705414,0.5332961806613202
train,8959,95,0,17.845117569,17.9063186646,0,-0.02937435917556286,-0.0425012931227684,0.49671831363709357,0,-0.02937435917556286,-0.0425012931227684,0.49671831363709357,1,-0.15406234562397003,0.033498793840408325,0.5467533032510088
train,8970,95,1,12.8619918823,12.7277441025,1,-0.03165588900446892,-0.026111505925655365,0.5013860922189778,1,-0.03165588900446892,-0.026111505925655365,0.5013860922189778,1,-0.044091567397117615,-0.027105040848255157,0.5042465295291666
train,8978,95,1,18.4377918243,18.2113304138,0,-0.012991735711693764,-0.05354910343885422,0.48986204768999175,0,-0.012991735711693764,-0.05354910343885422,0.48986204768999175,1,-0.1331488937139511,0.015510335564613342,0.5370965143959927
train,8989,95,1,17.0215320587,17.0156040192,0,-0.017877448350191116,-0.04401560500264168,0.49346583284632856,0,-0.017877448350191116,-0.04401560500264168,0.49346583284632856,1,-0.11247768998146057,0.010265767574310303,0.5306473963525006
train,8998,95,0,9.9551477432,10.0529031754,1,-0.05421074107289314,-0.012570805847644806,0.5104084799248587,1,-0.05421074107289314,-0.012570805847644806,0.5104084799248587,1,-0.22696737945079803,0.06865106523036957,0.5733710614290957
train,9011,95,1,10.2640743256,10.2443256378,1,-0.06440283358097076,-0.00790463387966156,0.5141207939391564,1,-0.06440283358097076,-0.00790463387966156,0.5141207939391564,0,0.06368474662303925,-0.10976594686508179,0.4567457149046604
train,9028,96,0,12.2069740295,12.4335718155,1,-0.16511958837509155,0.052971743047237396,0.554307746274327,1,-0.16511958837509155,0.052971743047237396,0.554307746274327,1,-0.10988657176494598,0.018302932381629944,0.5320035630248329
train,9035,96,1,12.7219963074,12.6269073486,1,-1.092549204826355,0.7230046391487122,0.8600317678133583,1,-1.092549204826355,0.7230046391487122,0.8600317678133583,1,-1.2356418371200562,0.7838811874389648,0.8828316798384866
train,9042,96,0,11.0136919022,11.1295318604,0,-0.032956358045339584,-0.036742180585861206,0.49905354549528724,0,-0.032956358045339584,-0.036742180585861206,0.49905354549528724,1,-0.1609419733285904,0.020346030592918396,0.5451982806598287
train,9046,96,0,15.0683193207,15.1992769241,0,-0.017834946513175964,-0.04662439227104187,0.4928031356364029,0,-0.017834946513175964,-0.04662439227104187,0.4928031356364029,1,-0.15470007061958313,0.04527595639228821,0.5498280635935301
train,9047,96,1,14.0393791199,13.8573732376,1,-1.5645748376846313,1.0376089811325073,0.9310019943461296,1,-1.5645748376846313,1.0376089811325073,0.9310019943461296,1,-1.7341855764389038,1.1268137693405151,0.9458844758648861
train,9048,96,0,12.1821155548,12.348526001,1,-0.07322901487350464,-0.005804337561130524,0.516849786428623,1,-0.07322901487350464,-0.005804337561130524,0.516849786428623,0,-0.005856458097696304,-0.06696613132953644,0.4847273342398595
train,9065,96,0,8.9968891144,9.0272159576,0,0.25275489687919617,-0.2771320641040802,0.3705432529744825,0,0.25275489687919617,-0.2771320641040802,0.3705432529744825,0,0.2581774592399597,-0.23501868546009064,0.37914092720581327
train,9068,96,1,14.4653482437,14.4456281662,1,-0.03788761794567108,-0.027245845645666122,0.5026604179679487,1,-0.03788761794567108,-0.027245845645666122,0.5026604179679487,1,-0.09538096189498901,-0.007061213254928589,0.5220655956921265
train,9098,96,0,13.5850801468,13.6220741272,1,-0.04669845476746559,-0.014845088124275208,0.5079626684040398,1,-0.04669845476746559,-0.014845088124275208,0.5079626684040398,1,-0.09870080649852753,0.005620390176773071,0.5260566724143843
train,9110,96,0,16.3129291534,16.4074325562,0,-0.024927563965320587,-0.040075965225696564,0.49621297210335147,0,-0.024927563965320587,-0.040075965225696564,0.49621297210335147,1,-0.27719566226005554,0.1127697229385376,0.5962743664602728
train,9117,96,1,11.351269722,11.3105106354,0,-0.02571883052587509,-0.04276323318481445,0.49573900249055475,0,-0.02571883052587509,-0.04276323318481445,0.49573900249055475,0,0.021439626812934875,-0.06979040056467056,0.4772082987514333
train,9128,96,0,13.754611969,14.0618953705,1,-0.06164804473519325,-0.006307788193225861,0.5138315343421213,1,-0.06164804473519325,-0.006307788193225861,0.5138315343421213,0,0.05629121884703636,-0.0971805676817894,0.4617071849821473
train,9130,96,1,11.255273819,11.0855350494,1,-0.049990735948085785,-0.02813822776079178,0.505462909655654,1,-0.049990735948085785,-0.02813822776079178,0.505462909655654,1,-0.12064585089683533,-0.011316101998090744,0.5273052443563433
train,9143,96,0,10.2207565308,10.2650079727,1,-0.0900304764509201,0.007549293339252472,0.5243756038576033,1,-0.0900304764509201,0.007549293339252472,0.5243756038576033,1,-0.3435935974121094,0.11428992450237274,0.6125119687713142
train,9153,96,1,11.5753335953,11.3651428223,0,-0.03760715201497078,-0.04124782979488373,0.49908983156034314,0,-0.03760715201497078,-0.04124782979488373,0.49908983156034314,1,-0.16880671679973602,0.031361475586891174,0.5498756273665434
train,9166,96,1,10.5985574722,9.9953861237,1,-0.5991471409797668,0.38555899262428284,0.7280410174142695,1,-0.5991471409797668,0.38555899262428284,0.7280410174142695,1,-0.726955235004425,0.45984965562820435,0.7661691345092079
train,9195,96,1,13.1990222931,13.130487442,1,-0.04356452450156212,-0.026124730706214905,0.5043598379469761,1,-0.04356452450156212,-0.026124730706214905,0.5043598379469761,1,-0.23162440955638885,0.08765386044979095,0.5791483509557939
train,9199,96,0,12.7051849365,13.049577713,1,-0.044082578271627426,-0.01728026568889618,0.5067001770533417,1,-0.044082578271627426,-0.01728026568889618,0.5067001770533417,1,-0.1801730841398239,0.04391747713088989,0.5557893728554537
train,9215,96,1,7.8656406403,7.5037059784,0,0.08750000596046448,-0.1393059492111206,0.44354033216320216,0,0.08750000596046448,-0.1393059492111206,0.44354033216320216,0,0.12031473219394684,-0.17332379519939423,0.4271133295876526
train,9239,97,0,12.2367963791,12.3151092529,0,0.000864710658788681,-0.05624224618077278,0.48572713947239976,0,0.000864710658788681,-0.05624224618077278,0.48572713947239976,0,0.06509611010551453,-0.10016100108623505,0.4587794902410251
train,9242,97,1,12.1426906586,11.7133836746,1,-0.07538726925849915,-0.002632938325405121,0.5181805640049814,1,-0.07538726925849915,-0.002632938325405121,0.5181805640049814,1,-0.12717247009277344,0.013644024729728699,0.5351460661094991
train,9244,97,1,8.7717008591,8.7255525589,0,0.06682547926902771,-0.11998291313648224,0.45343324466191626,0,0.06682547926902771,-0.11998291313648224,0.45343324466191626,0,0.11023472249507904,-0.14547771215438843,0.4364179772857423
train,9247,97,0,13.857131958,13.9472694397,0,-0.0170693788677454,-0.04783274233341217,0.4923097656172561,0,-0.0170693788677454,-0.04783274233341217,0.4923097656172561,1,-0.1269908994436264,0.012386053800582886,0.5347879408456241
train,9248,97,0,11.4948005676,11.7000598907,0,-0.03150937706232071,-0.03998725116252899,0.49788054416947514,0,-0.03150937706232071,-0.03998725116252899,0.49788054416947514,0,-0.037268828600645065,-0.0503411591053009,0.49673196391212376
train,9255,97,1,10.0595903397,9.8567962646,0,0.14143991470336914,-0.1875985562801361,0.4184745963551024,0,0.14143991470336914,-0.1875985562801361,0.4184745963551024,1,-0.45560240745544434,0.22731174528598785,0.6643887954420523
train,9261,97,1,11.4871330261,11.4619436264,1,-0.5548027157783508,0.36313048005104065,0.7146207930027914,1,-0.5548027157783508,0.36313048005104065,0.7146207930027914,1,-0.7326759696006775,0.4777289032936096,0.7703705788004553
train,9270,97,0,10.5554122925,10.9555244446,0,0.2649749517440796,-0.29338905215263367,0.36392608208659194,0,0.2649749517440796,-0.29338905215263367,0.36392608208659194,0,0.2851690649986267,-0.2596112787723541,0.36707625484174256
train,9283,97,0,9.4947032928,9.7181758881,0,0.0535222627222538,-0.10665334761142731,0.4600414929489306,0,0.0535222627222538,-0.10665334761142731,0.4600414929489306,0,0.09600476920604706,-0.13413429260253906,0.4427178359720995
train,9295,97,1,16.1502342224,15.8214092255,0,-0.024815449491143227,-0.040348343551158905,0.4961168545588154,0,-0.024815449491143227,-0.040348343551158905,0.4961168545588154,1,-0.21727734804153442,0.07599620521068573,0.5727973634153158
train,9298,97,0,9.9846019745,10.0859451294,0,-0.02324994094669819,-0.044688086956739426,0.49464066875567103,0,-0.02324994094669819,-0.044688086956739426,0.49464066875567103,0,-0.0011564288288354874,-0.07703834772109985,0.4810386178107992
train,9299,97,0,10.3619222641,10.3796825409,1,-0.038310617208480835,-0.025787796825170517,0.5031306641831026,1,-0.038310617208480835,-0.025787796825170517,0.5031306641831026,1,-0.11530131101608276,-0.008084028959274292,0.5267786724736216
train,9321,97,1,13.8846588135,13.8319206238,1,-0.04252323880791664,-0.030684296041727066,0.5029597011221795,1,-0.04252323880791664,-0.030684296041727066,0.5029597011221795,1,-0.10340210795402527,0.010390862822532654,0.5284175847463006
train,9337,97,0,11.0166254044,11.093875885,1,-0.05047815293073654,-0.022038191556930542,0.5071095111502547,1,-0.05047815293073654,-0.022038191556930542,0.5071095111502547,1,-0.10700961947441101,0.005633071064949036,0.528130934267823
train,9340,97,1,9.5608406067,9.5526371002,0,0.12214386463165283,-0.15656353533267975,0.43077070262661327,0,0.12214386463165283,-0.15656353533267975,0.43077070262661327,0,0.09743477404117584,-0.10639692842960358,0.4492177750476226
train,9351,97,1,11.0750427246,10.7227287292,1,-0.05763699859380722,-0.01957329362630844,0.509514777482628,1,-0.05763699859380722,-0.01957329362630844,0.509514777482628,1,-0.3402985632419586,0.1542111486196518,0.6211682282951739
train,9352,97,1,9.645819664,9.2802724838,1,-0.2574910819530487,0.13482165336608887,0.596839319047596,1,-0.2574910819530487,0.13482165336608887,0.596839319047596,1,-0.17957480251789093,0.06315989792346954,0.5603874627487644
train,9384,97,1,15.4549036026,15.3769741058,0,0.07265476882457733,-0.12176674604415894,0.45154715058306644,0,0.07265476882457733,-0.12176674604415894,0.45154715058306644,0,0.09667789936065674,-0.1801127791404724,0.43124075895927066
train,9393,97,0,7.8758459091,7.9327530861,1,-0.3400246798992157,0.2000761330127716,0.6318358690771507,1,-0.3400246798992157,0.2000761330127716,0.6318358690771507,1,-0.22485065460205078,0.10609400272369385,0.5819892087529074
train,9419,98,1,12.0734205246,11.9149398804,1,-0.03748210519552231,-0.021818988025188446,0.5039156992386458,1,-0.03748210519552231,-0.021818988025188446,0.5039156992386458,0,-0.028715461492538452,-0.05142281949520111,0.4943234044130327
train,9427,98,0,9.1594409943,9.2415866852,0,0.025219295173883438,-0.08525566756725311,0.4724093149844616,0,0.025219295173883438,-0.08525566756725311,0.4724093149844616,0,-0.017413321882486343,-0.03183195739984512,0.4963954035691911
train,9436,98,1,13.1309242249,13.1184158325,1,-0.04033828154206276,-0.027154214680194855,0.5032959689735994,1,-0.04033828154206276,-0.027154214680194855,0.5032959689735994,1,-0.1613718420267105,0.03394712507724762,0.5486750958672093
train,9438,98,1,13.1989517212,13.1447877884,0,-0.028301240876317024,-0.04348450526595116,0.49620425682218094,0,-0.028301240876317024,-0.04348450526595116,0.49620425682218094,0,0.017826303839683533,-0.08866710215806961,0.4734017809416838
train,9449,98,0,11.6623878479,11.9116287231,1,-0.19294807314872742,0.08646460622549057,0.5694022285856158,1,-0.19294807314872742,0.08646460622549057,0.5694022285856158,1,-0.043165527284145355,-0.02305781841278076,0.505026757850773
train,9460,98,1,8.6887588501,8.4037399292,1,-0.10928212106227875,0.03523195534944534,0.5360657735152253,1,-0.10928212106227875,0.03523195534944534,0.5360657735152253,1,-0.3318327069282532,0.13402080535888672,0.6144018699948085
train,9466,98,1,15.6468276978,15.3957166672,0,-0.02825973555445671,-0.03467297554016113,0.4983966954988492,0,-0.02825973555445671,-0.03467297554016113,0.4983966954988492,0,-0.012428877875208855,-0.059493668377399445,0.4882359738300978
train,9471,98,1,9.7746086121,9.2931556702,0,0.003112996928393841,-0.06898766756057739,0.48198263848147027,0,0.003112996928393841,-0.06898766756057739,0.48198263848147027,0,0.005116678774356842,-0.05131372809410095,0.4858961407675859
train,9484,98,1,12.4931583405,12.2127285004,0,0.08531825244426727,-0.1309943050146103,0.4461317433621486,0,0.08531825244426727,-0.1309943050146103,0.4461317433621486,0,0.07365244626998901,-0.11136969923973083,0.45387596968412064
train,9523,98,0,9.4273052216,9.9902439117,0,0.3641934394836426,-0.37278690934181213,0.32366481093487515,0,0.3641934394836426,-0.37278690934181213,0.32366481093487515,0,0.3369133770465851,-0.29393455386161804,0.3473182969165733
train,9532,98,1,10.1848163605,9.9814491272,0,0.17016170918941498,-0.21567803621292114,0.40471919717752214,0,0.17016170918941498,-0.21567803621292114,0.40471919717752214,0,0.14707361161708832,-0.16129565238952637,0.42351283285051056
train,9538,98,0,17.105266571,17.5084838867,0,-0.026119329035282135,-0.04160843417048454,0.49612780113159305,0,-0.026119329035282135,-0.04160843417048454,0.49612780113159305,1,-0.1806875616312027,0.05227118730545044,0.5579777209162686
train,9539,98,1,10.7799129486,10.3066797256,1,-0.2721291482448578,0.1480458378791809,0.6035251217489768,1,-0.2721291482448578,0.1480458378791809,0.6035251217489768,1,-0.28572624921798706,0.14892472326755524,0.6069837291036477
train,9540,98,0,12.9150686264,13.0408315659,1,-0.06222770735621452,-0.005780845880508423,0.5141079696101407,1,-0.06222770735621452,-0.005780845880508423,0.5141079696101407,1,-0.2028525471687317,0.07312716543674469,0.5685603225972558
train,9564,98,1,8.1649208069,7.5050349236,0,-0.030126279219985008,-0.04238840937614441,0.49693450587146343,0,-0.030126279219985008,-0.04238840937614441,0.49693450587146343,0,0.19655825197696686,-0.2665609121322632,0.386246132781738
train,9582,98,1,12.7864189148,12.4549427032,0,-0.02522832155227661,-0.04510261118412018,0.4950315911291996,0,-0.02522832155227661,-0.04510261118412018,0.4950315911291996,0,-0.027699846774339676,-0.05847505107522011,0.49230680610898564
train,9591,98,0,9.9651451111,10.681927681,1,-0.11493466794490814,0.03680746257305145,0.5378629089114185,1,-0.11493466794490814,0.03680746257305145,0.5378629089114185,1,-0.2649914026260376,0.1386329084634781,0.5995581275005413
train,9593,98,0,11.6968727112,11.9242248535,1,-0.06375160813331604,-0.0005060210824012756,0.5158061283988375,1,-0.06375160813331604,-0.0005060210824012756,0.5158061283988375,1,-0.16070693731307983,0.04210473597049713,0.5505298350901565
train,9600,98,1,12.4748268127,12.0766038895,0,-0.02054460719227791,-0.03990045189857483,0.4951611898936519,0,-0.02054460719227791,-0.03990045189857483,0.4951611898936519,0,0.0539449043571949,-0.09433530271053314,0.4629977208886358
train,9613,99,0,14.7533817291,14.8360652924,0,0.10799461603164673,-0.14548182487487793,0.4369680142976236,0,0.10799461603164673,-0.14548182487487793,0.4369680142976236,0,0.16315621137619019,-0.1809292584657669,0.4148174102037896
train,9625,99,0,9.9412479401,10.1850976944,0,0.03051024302840233,-0.08465695381164551,0.4712399819332812,0,0.03051024302840233,-0.08465695381164551,0.4712399819332812,0,0.06870882213115692,-0.10352513194084167,0.45704763917332913
train,9631,99,0,7.3320965767,7.3852562904,0,0.30491024255752563,-0.3224835693836212,0.34810171764684156,0,0.30491024255752563,-0.3224835693836212,0.34810171764684156,0,0.5357878804206848,-0.535499095916748,0.25515841391325605
train,9634,99,0,14.9473972321,15.5164527893,1,-0.06857749819755554,-0.004973255097866058,0.515895702297914,1,-0.06857749819755554,-0.004973255097866058,0.515895702297914,1,-0.11347278952598572,0.012315519154071808,0.5314056778716485
train,9648,99,1,11.1341457367,10.7685489655,1,-0.38373011350631714,0.2543356418609619,0.6543160911821938,1,-0.38373011350631714,0.2543356418609619,0.6543160911821938,1,-0.5504348874092102,0.28507155179977417,0.6975179769946609
train,9650,99,0,11.0806007385,11.1559562683,1,-0.03614518418908119,-0.032821767032146454,0.5008308535244953,1,-0.03614518418908119,-0.032821767032146454,0.5008308535244953,1,-0.17127381265163422,0.034954458475112915,0.5513751143225053
train,9657,99,1,12.0166625977,11.7382936478,1,-0.6558288931846619,0.4275684058666229,0.7471363520969189,1,-0.6558288931846619,0.4275684058666229,0.7471363520969189,1,-0.5675134062767029,0.34881675243377686,0.7142937605108614
train,9662,99,1,8.3273305893,8.2764024734,1,-0.5670876502990723,0.3623461425304413,0.7169604002157776,1,-0.5670876502990723,0.3623461425304413,0.7169604002157776,1,-0.5719295144081116,0.3547391891479492,0.7163989492037874
train,9669,99,1,11.5581197739,11.4284963608,0,0.2143019139766693,-0.256017804145813,0.38454057340918163,0,0.2143019139766693,-0.256017804145813,0.38454057340918163,0,0.16109172999858856,-0.17760998010635376,0.4161248816328439
train,9674,99,0,13.5846939087,13.7627592087,1,-0.05026772990822792,-0.02493361383676529,0.5063331902921587,1,-0.05026772990822792,-0.02493361383676529,0.5063331902921587,1,-0.04254891723394394,-0.04055997356772423,0.5004972357526372
train,9686,99,0,9.6089935303,9.7639255524,1,-0.11527739465236664,0.025489844381809235,0.5351338129842218,1,-0.11527739465236664,0.025489844381809235,0.5351338129842218,1,-0.16675157845020294,0.045303136110305786,0.5528159114965165
train,9702,99,1,6.6061134338,6.4810714722,1,-0.33123594522476196,0.18886172771453857,0.6271706052294741,1,-0.33123594522476196,0.18886172771453857,0.6271706052294741,1,-1.3977833986282349,0.7605406641960144,0.8964440711147901
train,9703,99,0,10.6372928619,10.9358453751,0,-0.030336571857333183,-0.03585018217563629,0.4986216009123552,0,-0.030336571857333183,-0.03585018217563629,0.4986216009123552,1,-0.05951857194304466,-0.02484075352549553,0.5086685859203437
train,9735,99,0,12.4397192001,12.4518079758,0,-0.029790222644805908,-0.031119294464588165,0.49966773209396514,0,-0.029790222644805908,-0.031119294464588165,0.49966773209396514,0,-0.02819282002747059,-0.055878862738609314,0.4930789314096062
train,9747,99,1,9.8347434998,9.3754081726,0,0.3667464256286621,-0.38813820481300354,0.3197578971333742,0,0.3667464256286621,-0.38813820481300354,0.3197578971333742,0,0.14366313815116882,-0.12727448344230652,0.4326769247966587
train,9766,99,0,14.6847677231,14.7336883545,1,-0.24950014054775238,0.1311340034008026,0.5940260416342674,1,-0.24950014054775238,0.1311340034008026,0.5940260416342674,1,-0.21872401237487793,0.10548241436481476,0.5803490471230517
train,9772,99,1,16.2381305695,15.6131916046,0,0.037870172411203384,-0.09118232131004333,0.46778157942705506,0,0.037870172411203384,-0.09118232131004333,0.46778157942705506,0,0.09781147539615631,-0.11267760396003723,0.44757116186125667
train,9781,99,0,11.981297493,12.1726732254,1,-0.05418308079242706,-0.017114415764808655,0.5092661052458017,1,-0.05418308079242706,-0.017114415764808655,0.5092661052458017,1,-0.0589103177189827,-0.03567107021808624,0.5058095504174904
train,9783,99,1,20.6998195648,20.2089958191,1,-0.6330044865608215,0.40484729409217834,0.738435293081401,1,-0.6330044865608215,0.40484729409217834,0.738435293081401,1,-1.2775357961654663,0.7214272618293762,0.8806881627218981
train,9803,99,1,13.6614322662,13.6374692917,1,-0.04330291226506233,-0.02584550529718399,0.5043642409049762,1,-0.04330291226506233,-0.02584550529718399,0.5043642409049762,1,-0.21393699944019318,0.06024077534675598,0.568118253689264
train,9821,100,0,15.0065259933,15.3994579315,1,-0.038546882569789886,-0.028588607907295227,0.502489548092191,1,-0.038546882569789886,-0.028588607907295227,0.502489548092191,1,-0.10204435884952545,-0.000332072377204895,0.525406172331966
train,9839,100,0,13.1398906708,13.2364578247,0,-0.009770430624485016,-0.05019865930080414,0.489894319222244,0,-0.009770430624485016,-0.05019865930080414,0.489894319222244,1,-0.059996407479047775,-0.02129446715116501,0.5096742775686394
train,9840,100,1,13.6817703247,13.540353775,1,-0.04595029354095459,-0.021871421486139297,0.5060194271818306,1,-0.04595029354095459,-0.021871421486139297,0.5060194271818306,1,-0.2756151556968689,0.11830614507198334,0.5972263151517978
train,9841,100,1,8.5082817078,8.4480848312,1,-0.15419788658618927,0.05313479155302048,0.5516482855738934,1,-0.15419788658618927,0.05313479155302048,0.5516482855738934,1,-0.0680643767118454,-0.007101140916347504,0.5152360904764846
train,9844,100,1,14.0344104767,13.8634033203,0,-0.0167362242937088,-0.04482472687959671,0.4929783360007875,0,-0.0167362242937088,-0.04482472687959671,0.4929783360007875,0,-0.011769493110477924,-0.059002358466386795,0.4881939784600694
train,9851,100,1,11.2775878906,10.6596832275,1,-0.6545515656471252,0.444828063249588,0.750143848690583,1,-0.6545515656471252,0.444828063249588,0.750143848690583,1,-0.5794184803962708,0.40188008546829224,0.7273658041900912
train,9852,100,0,10.97742939,11.2041921616,0,0.1223919540643692,-0.15726903080940247,0.4305368920944239,0,0.1223919540643692,-0.15726903080940247,0.4305368920944239,0,0.21461446583271027,-0.20807014405727386,0.39587452537109885
train,9863,100,0,9.2814445496,9.5851049423,0,-0.009654121473431587,-0.06074555590748787,0.4872299191193826,0,-0.009654121473431587,-0.06074555590748787,0.4872299191193826,0,0.06526441872119904,-0.11413958668708801,0.4552689098216882
train,9875,100,1,11.7427005768,11.7274665833,1,-0.04974009096622467,-0.01806122064590454,0.5079190553266146,1,-0.04974009096622467,-0.01806122064590454,0.5079190553266146,0,-0.0009944504126906395,-0.07571307569742203,0.4813290293421089
train,9916,100,0,14.6089944839,14.694527626,1,-0.4084737300872803,0.25226306915283203,0.6594258807534527,1,-0.4084737300872803,0.25226306915283203,0.6594258807534527,1,-0.3718950152397156,0.20500348508358002,0.6403534394971132
train,9923,100,0,12.7758646011,13.3475646973,0,0.20968246459960938,-0.24162650108337402,0.3890495928408881,0,0.20968246459960938,-0.24162650108337402,0.3890495928408881,0,0.18175449967384338,-0.1816016286611557,0.41014738537771994
train,9933,100,1,12.3934717178,12.1857185364,0,0.02636498212814331,-0.08514010906219482,0.47215257437299163,0,0.02636498212814331,-0.08514010906219482,0.47215257437299163,0,0.00013916287571191788,-0.049658674746751785,0.4875531126628987
train,9941,100,0,11.6308670044,12.0563793182,1,-0.04796724393963814,-0.020171310752630234,0.5069485359245584,1,-0.04796724393963814,-0.020171310752630234,0.5069485359245584,1,-0.15584862232208252,0.033551305532455444,0.5472089416943011
train,9948,100,0,8.2737178802,8.4336738586,0,0.11225661635398865,-0.1565483808517456,0.43320048996672583,0,0.11225661635398865,-0.1565483808517456,0.43320048996672583,0,0.06202242895960808,-0.1331254243850708,0.45136727751160044
train,9950,100,1,11.5931472778,11.2646865845,1,-0.04447672516107559,-0.028864599764347076,0.5039029520745437,1,-0.04447672516107559,-0.028864599764347076,0.5039029520745437,0,-0.017250215634703636,-0.05988918989896774,0.4893418711644674
train,9954,100,1,15.778468132,15.4996557236,1,-0.046638861298561096,-0.01685328036546707,0.5074458447571844,1,-0.046638861298561096,-0.01685328036546707,0.5074458447571844,1,-0.10023733973503113,0.00023356080055236816,0.525096617406364
train,9955,100,1,9.5252285004,9.3651256561,1,-0.752055823802948,0.48558762669563293,0.7751535563662588,1,-0.752055823802948,0.48558762669563293,0.7751535563662588,1,-0.8533686995506287,0.5723980069160461,0.806240862525927
train,9956,100,1,8.6484680176,8.5320806503,0,0.07439713180065155,-0.1150851920247078,0.45277064302701325,0,0.07439713180065155,-0.1150851920247078,0.45277064302701325,0,0.1357237845659256,-0.13460668921470642,0.4328259660027646
train,9980,100,1,13.8304157257,13.6699647903,0,-0.03367074951529503,-0.03810909017920494,0.4988904166554832,0,-0.03367074951529503,-0.03810909017920494,0.4988904166554832,1,-0.0520310215651989,-0.047594137489795685,0.5011092191991828
train,9981,100,0,10.0074729919,10.3292808533,1,-0.08020107448101044,-0.0007989853620529175,0.5198400995655419,1,-0.08020107448101044,-0.0007989853620529175,0.5198400995655419,1,-0.07898779213428497,-0.006761819124221802,0.5180486478998073
