21:25:21 | epoch=1 | TRAIN[0] | CVRP | select arm=0(bq) | reason=warm_start
     0(bq              ): pulls=   0 | mean=+0.0000 | bonus=26.8755 | score=+13.4378 <--
     1(elg             ): pulls=   0 | mean=+0.0000 | bonus=26.9634 | score=+13.4817
     2(lehd            ): pulls=   0 | mean=+0.0000 | bonus=27.0094 | score=+13.5047
     7(omni            ): pulls=   0 | mean=+0.0000 | bonus=26.8462 | score=+13.4231
     8(mvmoe           ): pulls=   0 | mean=+0.0000 | bonus=26.8714 | score=+13.4357
21:25:21 | t=1 | UPDATE | problem=CVRP | head=CVRP | uid=cvrp:train:1639 | global_index=1639 | arm=0(bq)
    outcome: reward=0.5000 | selected_cost=29.5983 | best_cost=28.3997 | regret=1.1986
    result: record_global_index=1639 | name=None | score=29.5983
    arm_stats: problem_pulls=1 | problem_avg_reward=0.5000 | global_pulls=1 | global_avg_reward=0.5000
    state: rep_history=1/5000 | linear_history=1/10000 | head_mode=problem_specific | theta_norm=0.0186 | A_inv_diag_mean=0.984397 | A_inv_diag_min=0.842330 | A_inv_diag_max=0.999994
21:25:21 | epoch=1 | TRAIN[1] | TSP | select arm=1(elg) | reason=warm_start
     0(bq              ): pulls=   0 | mean=+0.0000 | bonus=9.0332 | score=+4.5166
     1(elg             ): pulls=   0 | mean=+0.0000 | bonus=9.1274 | score=+4.5637 <--
     2(lehd            ): pulls=   0 | mean=+0.0000 | bonus=9.1529 | score=+4.5765
     3(t2t             ): pulls=   0 | mean=+0.0000 | bonus=9.1239 | score=+4.5620
     4(t2t500          ): pulls=   0 | mean=+0.0000 | bonus=9.1371 | score=+4.5686
     5(difusco         ): pulls=   0 | mean=+0.0000 | bonus=9.0053 | score=+4.5026
     6(difusco500      ): pulls=   0 | mean=+0.0000 | bonus=9.1634 | score=+4.5817
21:25:21 | t=2 | UPDATE | problem=TSP | head=TSP | uid=tsp:train:8499 | global_index=8499 | arm=1(elg)
    outcome: reward=0.6667 | selected_cost=5.6944 | best_cost=5.6728 | regret=0.0216
    result: record_global_index=8499 | name=None | score=5.6944
    arm_stats: problem_pulls=1 | problem_avg_reward=0.6667 | global_pulls=1 | global_avg_reward=0.6667
    state: rep_history=2/5000 | linear_history=2/10000 | head_mode=problem_specific | theta_norm=0.0722 | A_inv_diag_mean=0.984560 | A_inv_diag_min=0.843040 | A_inv_diag_max=0.999988
21:25:21 | epoch=1 | TRAIN[2] | CVRP | select arm=2(lehd) | reason=warm_start
     0(bq              ): pulls=   1 | mean=+0.1017 | bonus=0.9355 | score=+0.5694
     1(elg             ): pulls=   0 | mean=+0.1037 | bonus=0.9216 | score=+0.5645
     2(lehd            ): pulls=   0 | mean=+0.1042 | bonus=1.0589 | score=+0.6336 <--
     7(omni            ): pulls=   0 | mean=+0.1013 | bonus=0.9473 | score=+0.5749
     8(mvmoe           ): pulls=   0 | mean=+0.1017 | bonus=0.8806 | score=+0.5420
21:25:21 | t=3 | UPDATE | problem=CVRP | head=CVRP | uid=cvrp:train:3899 | global_index=3899 | arm=2(lehd)
    outcome: reward=0.0000 | selected_cost=13.5820 | best_cost=12.9803 | regret=0.6017
    result: record_global_index=3899 | name=None | score=13.5820
    arm_stats: problem_pulls=1 | problem_avg_reward=0.0000 | global_pulls=1 | global_avg_reward=0.0000
    state: rep_history=3/5000 | linear_history=3/10000 | head_mode=problem_specific | theta_norm=0.0541 | A_inv_diag_mean=0.976457 | A_inv_diag_min=0.834132 | A_inv_diag_max=0.999128
21:25:21 | epoch=1 | TRAIN[3] | TSP | select arm=3(t2t) | reason=warm_start
     0(bq              ): pulls=   0 | mean=+0.6209 | bonus=1.0301 | score=+1.1360
     1(elg             ): pulls=   1 | mean=+0.6285 | bonus=0.9649 | score=+1.1109
     2(lehd            ): pulls=   0 | mean=+0.6292 | bonus=1.0914 | score=+1.1749
     3(t2t             ): pulls=   0 | mean=+0.6265 | bonus=1.1604 | score=+1.2067 <--
     4(t2t500          ): pulls=   0 | mean=+0.6274 | bonus=1.1534 | score=+1.2041
     5(difusco         ): pulls=   0 | mean=+0.6189 | bonus=1.0399 | score=+1.1388
     6(difusco500      ): pulls=   0 | mean=+0.6300 | bonus=1.0630 | score=+1.1615
21:25:21 | t=4 | UPDATE | problem=TSP | head=TSP | uid=tsp:train:5987 | global_index=5987 | arm=3(t2t)
    outcome: reward=0.1667 | selected_cost=4.8168 | best_cost=4.7548 | regret=0.0620
    result: record_global_index=5987 | name=None | score=4.8168
    arm_stats: problem_pulls=1 | problem_avg_reward=0.1667 | global_pulls=1 | global_avg_reward=0.1667
    state: rep_history=4/5000 | linear_history=4/10000 | head_mode=problem_specific | theta_norm=0.1417 | A_inv_diag_mean=0.981475 | A_inv_diag_min=0.842824 | A_inv_diag_max=0.999962
21:25:21 | epoch=1 | TRAIN[4] | TSP | select arm=4(t2t500) | reason=warm_start
     0(bq              ): pulls=   0 | mean=+0.2264 | bonus=0.6682 | score=+0.5605
     1(elg             ): pulls=   1 | mean=+0.2398 | bonus=0.6402 | score=+0.5599
     2(lehd            ): pulls=   0 | mean=+0.2094 | bonus=0.7154 | score=+0.5671
     3(t2t             ): pulls=   1 | mean=+0.1558 | bonus=0.6882 | score=+0.4999
     4(t2t500          ): pulls=   0 | mean=+0.2042 | bonus=0.7403 | score=+0.5744 <--
     5(difusco         ): pulls=   0 | mean=+0.2155 | bonus=0.6747 | score=+0.5529
     6(difusco500      ): pulls=   0 | mean=+0.2179 | bonus=0.6941 | score=+0.5650
21:25:21 | t=5 | UPDATE | problem=TSP | head=TSP | uid=tsp:train:1682 | global_index=1682 | arm=4(t2t500)
    outcome: reward=0.7500 | selected_cost=4.0656 | best_cost=4.0558 | regret=0.0097
    result: record_global_index=1682 | name=None | score=4.0656
    arm_stats: problem_pulls=1 | problem_avg_reward=0.7500 | global_pulls=1 | global_avg_reward=0.7500
    state: rep_history=5/5000 | linear_history=5/10000 | head_mode=problem_specific | theta_norm=0.2609 | A_inv_diag_mean=0.977237 | A_inv_diag_min=0.842816 | A_inv_diag_max=0.999530
21:25:21 | epoch=1 | TRAIN[5] | CVRP | select arm=7(omni) | reason=warm_start
     0(bq              ): pulls=   1 | mean=+0.2108 | bonus=0.6820 | score=+0.5518
     1(elg             ): pulls=   0 | mean=+0.2099 | bonus=0.6761 | score=+0.5479
     2(lehd            ): pulls=   1 | mean=+0.1980 | bonus=0.7131 | score=+0.5545
     7(omni            ): pulls=   0 | mean=+0.2059 | bonus=0.7460 | score=+0.5789 <--
     8(mvmoe           ): pulls=   0 | mean=+0.2081 | bonus=0.6821 | score=+0.5492
21:25:21 | t=6 | UPDATE | problem=CVRP | head=CVRP | uid=cvrp:train:3954 | global_index=3954 | arm=7(omni)
    outcome: reward=1.0000 | selected_cost=12.0160 | best_cost=12.0160 | regret=0.0000
    result: record_global_index=3954 | name=None | score=12.0160
    arm_stats: problem_pulls=1 | problem_avg_reward=1.0000 | global_pulls=1 | global_avg_reward=1.0000
    state: rep_history=6/5000 | linear_history=6/10000 | head_mode=problem_specific | theta_norm=0.2712 | A_inv_diag_mean=0.973367 | A_inv_diag_min=0.834072 | A_inv_diag_max=0.997981
21:25:21 | epoch=1 | TRAIN[6] | CVRP | select arm=8(mvmoe) | reason=warm_start
     0(bq              ): pulls=   1 | mean=+0.9881 | bonus=1.4077 | score=+1.6919
     1(elg             ): pulls=   0 | mean=+0.9944 | bonus=1.4948 | score=+1.7418
     2(lehd            ): pulls=   1 | mean=+0.9965 | bonus=1.5545 | score=+1.7737
     7(omni            ): pulls=   1 | mean=+1.0653 | bonus=1.4848 | score=+1.8077
     8(mvmoe           ): pulls=   0 | mean=+1.0146 | bonus=1.4612 | score=+1.7452 <--
21:25:21 | t=7 | UPDATE | problem=CVRP | head=CVRP | uid=cvrp:train:760 | global_index=760 | arm=8(mvmoe)
    outcome: reward=0.0000 | selected_cost=26.8143 | best_cost=23.9252 | regret=2.8892
    result: record_global_index=760 | name=None | score=26.8143
    arm_stats: problem_pulls=1 | problem_avg_reward=0.0000 | global_pulls=1 | global_avg_reward=0.0000
    state: rep_history=7/5000 | linear_history=7/10000 | head_mode=problem_specific | theta_norm=0.3729 | A_inv_diag_mean=0.970704 | A_inv_diag_min=0.831001 | A_inv_diag_max=0.996615
21:25:21 | epoch=1 | TRAIN[7] | TSP | select arm=5(difusco) | reason=warm_start
     0(bq              ): pulls=   0 | mean=+1.7147 | bonus=3.6019 | score=+3.5156
     1(elg             ): pulls=   1 | mean=+1.7171 | bonus=3.5602 | score=+3.4972
     2(lehd            ): pulls=   0 | mean=+1.7626 | bonus=3.5947 | score=+3.5600
     3(t2t             ): pulls=   1 | mean=+1.6538 | bonus=3.5335 | score=+3.4205
     4(t2t500          ): pulls=   1 | mean=+1.7800 | bonus=3.6104 | score=+3.5852
     5(difusco         ): pulls=   0 | mean=+1.7221 | bonus=3.5865 | score=+3.5153 <--
     6(difusco500      ): pulls=   0 | mean=+1.7362 | bonus=3.5898 | score=+3.5311
21:25:21 | t=8 | UPDATE | problem=TSP | head=TSP | uid=tsp:train:2580 | global_index=2580 | arm=5(difusco)
    outcome: reward=0.3333 | selected_cost=10.2499 | best_cost=10.0872 | regret=0.1627
    result: record_global_index=2580 | name=None | score=10.2499
    arm_stats: problem_pulls=1 | problem_avg_reward=0.3333 | global_pulls=1 | global_avg_reward=0.3333
    state: rep_history=8/5000 | linear_history=8/10000 | head_mode=problem_specific | theta_norm=0.4038 | A_inv_diag_mean=0.969547 | A_inv_diag_min=0.838449 | A_inv_diag_max=0.998587
21:25:21 | epoch=1 | TRAIN[8] | CVRP | select arm=0(bq) | reason=warm_start
     0(bq              ): pulls=   1 | mean=+0.2502 | bonus=0.9184 | score=+0.7093 <--
     1(elg             ): pulls=   0 | mean=+0.2409 | bonus=0.8482 | score=+0.6650
     2(lehd            ): pulls=   1 | mean=+0.2011 | bonus=0.9019 | score=+0.6520
     7(omni            ): pulls=   1 | mean=+0.2999 | bonus=0.8045 | score=+0.7022
     8(mvmoe           ): pulls=   1 | mean=+0.2347 | bonus=0.8213 | score=+0.6454
21:25:21 | t=9 | UPDATE | problem=CVRP | head=CVRP | uid=cvrp:train:6515 | global_index=6515 | arm=0(bq)
    outcome: reward=0.0000 | selected_cost=6.1842 | best_cost=5.6594 | regret=0.5248
    result: record_global_index=6515 | name=None | score=6.1842
    arm_stats: problem_pulls=2 | problem_avg_reward=0.2500 | global_pulls=2 | global_avg_reward=0.2500
    state: rep_history=9/5000 | linear_history=9/10000 | head_mode=problem_specific | theta_norm=0.3553 | A_inv_diag_mean=0.965730 | A_inv_diag_min=0.826830 | A_inv_diag_max=0.996553
21:25:21 | epoch=1 | TRAIN[9] | TSP | select arm=6(difusco500) | reason=warm_start
     0(bq              ): pulls=   0 | mean=+0.4671 | bonus=1.1172 | score=+1.0257
     1(elg             ): pulls=   1 | mean=+0.4846 | bonus=1.1090 | score=+1.0391
     2(lehd            ): pulls=   0 | mean=+0.5202 | bonus=1.1537 | score=+1.0971
     3(t2t             ): pulls=   1 | mean=+0.4373 | bonus=1.1545 | score=+1.0146
     4(t2t500          ): pulls=   1 | mean=+0.5347 | bonus=1.1570 | score=+1.1131
     5(difusco         ): pulls=   1 | mean=+0.4710 | bonus=1.0285 | score=+0.9853
     6(difusco500      ): pulls=   0 | mean=+0.4978 | bonus=1.1348 | score=+1.0652 <--
21:25:21 | t=10 | UPDATE | problem=TSP | head=TSP | uid=tsp:train:768 | global_index=768 | arm=6(difusco500)
    outcome: reward=0.3333 | selected_cost=11.5781 | best_cost=11.4499 | regret=0.1283
    result: record_global_index=768 | name=None | score=11.5781
    arm_stats: problem_pulls=1 | problem_avg_reward=0.3333 | global_pulls=1 | global_avg_reward=0.3333
    state: rep_history=10/5000 | linear_history=10/10000 | head_mode=problem_specific | theta_norm=0.4144 | A_inv_diag_mean=0.967105 | A_inv_diag_min=0.838316 | A_inv_diag_max=0.998560
21:25:21 | epoch=1 | TRAIN[10] | CVRP | select arm=1(elg) | reason=warm_start
     0(bq              ): pulls=   2 | mean=+0.2632 | bonus=0.5295 | score=+0.5279
     1(elg             ): pulls=   0 | mean=+0.2540 | bonus=0.5610 | score=+0.5345 <--
     2(lehd            ): pulls=   1 | mean=+0.2307 | bonus=0.5999 | score=+0.5306
     7(omni            ): pulls=   1 | mean=+0.3240 | bonus=0.5340 | score=+0.5910
     8(mvmoe           ): pulls=   1 | mean=+0.2614 | bonus=0.5465 | score=+0.5347
21:25:21 | t=11 | UPDATE | problem=CVRP | head=CVRP | uid=cvrp:train:6063 | global_index=6063 | arm=1(elg)
    outcome: reward=0.7500 | selected_cost=13.5494 | best_cost=13.1088 | regret=0.4405
    result: record_global_index=6063 | name=None | score=13.5494
    arm_stats: problem_pulls=1 | problem_avg_reward=0.7500 | global_pulls=2 | global_avg_reward=0.7083
    state: rep_history=11/5000 | linear_history=11/10000 | head_mode=problem_specific | theta_norm=0.4042 | A_inv_diag_mean=0.963982 | A_inv_diag_min=0.826122 | A_inv_diag_max=0.994972
21:25:21 | epoch=1 | TRAIN[11] | CVRP | select arm=2(lehd) | reason=warm_start
     0(bq              ): pulls=   2 | mean=+0.4928 | bonus=0.9359 | score=+0.9608
     1(elg             ): pulls=   1 | mean=+0.5192 | bonus=0.9842 | score=+1.0113
     2(lehd            ): pulls=   1 | mean=+0.4614 | bonus=1.0113 | score=+0.9671 <--
     7(omni            ): pulls=   1 | mean=+0.5507 | bonus=0.9592 | score=+1.0303
     8(mvmoe           ): pulls=   1 | mean=+0.4797 | bonus=0.9159 | score=+0.9377
21:25:21 | t=12 | UPDATE | problem=CVRP | head=CVRP | uid=cvrp:train:7289 | global_index=7289 | arm=2(lehd)
    outcome: reward=1.0000 | selected_cost=11.3769 | best_cost=11.3769 | regret=0.0000
    result: record_global_index=7289 | name=None | score=11.3769
    arm_stats: problem_pulls=2 | problem_avg_reward=0.5000 | global_pulls=2 | global_avg_reward=0.5000
    state: rep_history=12/5000 | linear_history=12/10000 | head_mode=problem_specific | theta_norm=0.3609 | A_inv_diag_mean=0.961793 | A_inv_diag_min=0.826106 | A_inv_diag_max=0.994755
21:25:21 | epoch=1 | TRAIN[12] | TSP | select arm=3(t2t) | reason=warm_start
     0(bq              ): pulls=   0 | mean=+0.3332 | bonus=0.6093 | score=+0.6378
     1(elg             ): pulls=   1 | mean=+0.3470 | bonus=0.5404 | score=+0.6172
     2(lehd            ): pulls=   0 | mean=+0.3777 | bonus=0.5557 | score=+0.6556
     3(t2t             ): pulls=   1 | mean=+0.2977 | bonus=0.5974 | score=+0.5964 <--
     4(t2t500          ): pulls=   1 | mean=+0.3915 | bonus=0.6021 | score=+0.6925
     5(difusco         ): pulls=   1 | mean=+0.3362 | bonus=0.5445 | score=+0.6085
     6(difusco500      ): pulls=   1 | mean=+0.3485 | bonus=0.5372 | score=+0.6171
21:25:21 | t=13 | UPDATE | problem=TSP | head=TSP | uid=tsp:train:8085 | global_index=8085 | arm=3(t2t)
    outcome: reward=0.8333 | selected_cost=7.1330 | best_cost=7.1078 | regret=0.0252
    result: record_global_index=8085 | name=None | score=7.1330
    arm_stats: problem_pulls=2 | problem_avg_reward=0.5000 | global_pulls=2 | global_avg_reward=0.5000
    state: rep_history=13/5000 | linear_history=13/10000 | head_mode=problem_specific | theta_norm=0.4168 | A_inv_diag_mean=0.965499 | A_inv_diag_min=0.838306 | A_inv_diag_max=0.998252
21:25:21 | epoch=1 | TRAIN[13] | CVRP | select arm=7(omni) | reason=warm_start
     0(bq              ): pulls=   2 | mean=+0.6729 | bonus=0.7141 | score=+1.0299
     1(elg             ): pulls=   1 | mean=+0.7242 | bonus=0.7192 | score=+1.0838
     2(lehd            ): pulls=   2 | mean=+0.7010 | bonus=0.6746 | score=+1.0383
     7(omni            ): pulls=   1 | mean=+0.7519 | bonus=0.6943 | score=+1.0990 <--
     8(mvmoe           ): pulls=   1 | mean=+0.6723 | bonus=0.6596 | score=+1.0021
21:25:21 | t=14 | UPDATE | problem=CVRP | head=CVRP | uid=cvrp:train:4841 | global_index=4841 | arm=7(omni)
    outcome: reward=1.0000 | selected_cost=32.4755 | best_cost=32.4755 | regret=0.0000
    result: record_global_index=4841 | name=None | score=32.4755
    arm_stats: problem_pulls=2 | problem_avg_reward=1.0000 | global_pulls=2 | global_avg_reward=1.0000
    state: rep_history=14/5000 | linear_history=14/10000 | head_mode=problem_specific | theta_norm=0.3834 | A_inv_diag_mean=0.960809 | A_inv_diag_min=0.826099 | A_inv_diag_max=0.994377
21:25:21 | epoch=1 | TRAIN[14] | TSP | select arm=4(t2t500) | reason=warm_start
     0(bq              ): pulls=   0 | mean=+0.3950 | bonus=0.7204 | score=+0.7552
     1(elg             ): pulls=   1 | mean=+0.4170 | bonus=0.6695 | score=+0.7517
     2(lehd            ): pulls=   0 | mean=+0.4487 | bonus=0.7011 | score=+0.7993
     3(t2t             ): pulls=   2 | mean=+0.4263 | bonus=0.6413 | score=+0.7470
     4(t2t500          ): pulls=   1 | mean=+0.4588 | bonus=0.7159 | score=+0.8168 <--
     5(difusco         ): pulls=   1 | mean=+0.3989 | bonus=0.6798 | score=+0.7388
     6(difusco500      ): pulls=   1 | mean=+0.4139 | bonus=0.6446 | score=+0.7363
21:25:21 | t=15 | UPDATE | problem=TSP | head=TSP | uid=tsp:train:923 | global_index=923 | arm=4(t2t500)
    outcome: reward=0.1667 | selected_cost=4.8926 | best_cost=4.7862 | regret=0.1064
    result: record_global_index=923 | name=None | score=4.8926
    arm_stats: problem_pulls=2 | problem_avg_reward=0.4583 | global_pulls=2 | global_avg_reward=0.4583
    state: rep_history=15/5000 | linear_history=15/10000 | head_mode=problem_specific | theta_norm=0.3744 | A_inv_diag_mean=0.962071 | A_inv_diag_min=0.836031 | A_inv_diag_max=0.996695
21:25:21 | epoch=1 | TRAIN[15] | CVRP | select arm=8(mvmoe) | reason=warm_start
     0(bq              ): pulls=   2 | mean=+0.3124 | bonus=0.5178 | score=+0.5713
     1(elg             ): pulls=   1 | mean=+0.3717 | bonus=0.4878 | score=+0.6156
     2(lehd            ): pulls=   2 | mean=+0.3435 | bonus=0.4782 | score=+0.5827
     7(omni            ): pulls=   2 | mean=+0.4108 | bonus=0.5081 | score=+0.6648
     8(mvmoe           ): pulls=   1 | mean=+0.3153 | bonus=0.4753 | score=+0.5529 <--
21:25:21 | t=16 | UPDATE | problem=CVRP | head=CVRP | uid=cvrp:train:2736 | global_index=2736 | arm=8(mvmoe)
    outcome: reward=0.5000 | selected_cost=17.9826 | best_cost=17.7855 | regret=0.1970
    result: record_global_index=2736 | name=None | score=17.9826
    arm_stats: problem_pulls=2 | problem_avg_reward=0.2500 | global_pulls=2 | global_avg_reward=0.2500
    state: rep_history=16/5000 | linear_history=16/10000 | head_mode=problem_specific | theta_norm=0.4036 | A_inv_diag_mean=0.958653 | A_inv_diag_min=0.826024 | A_inv_diag_max=0.994337
21:25:21 | epoch=1 | TRAIN[16] | TSP | select arm=5(difusco) | reason=warm_start
     0(bq              ): pulls=   0 | mean=+0.5444 | bonus=0.9591 | score=+1.0240
     1(elg             ): pulls=   1 | mean=+0.5618 | bonus=0.9016 | score=+1.0126
     2(lehd            ): pulls=   0 | mean=+0.5736 | bonus=0.9327 | score=+1.0400
     3(t2t             ): pulls=   2 | mean=+0.5839 | bonus=0.8973 | score=+1.0326
     4(t2t500          ): pulls=   2 | mean=+0.5720 | bonus=0.9434 | score=+1.0437
     5(difusco         ): pulls=   1 | mean=+0.5487 | bonus=0.8540 | score=+0.9757 <--
     6(difusco500      ): pulls=   1 | mean=+0.5574 | bonus=0.8532 | score=+0.9840
21:25:21 | t=17 | UPDATE | problem=TSP | head=TSP | uid=tsp:train:8894 | global_index=8894 | arm=5(difusco)
    outcome: reward=0.6667 | selected_cost=12.2400 | best_cost=12.1895 | regret=0.0504
    result: record_global_index=8894 | name=None | score=12.2400
    arm_stats: problem_pulls=2 | problem_avg_reward=0.5000 | global_pulls=2 | global_avg_reward=0.5000
    state: rep_history=17/5000 | linear_history=17/10000 | head_mode=problem_specific | theta_norm=0.3640 | A_inv_diag_mean=0.961092 | A_inv_diag_min=0.836031 | A_inv_diag_max=0.996515
21:25:21 | epoch=1 | TRAIN[17] | CVRP | select arm=1(elg) | reason=warm_start
     0(bq              ): pulls=   2 | mean=+0.3410 | bonus=0.4790 | score=+0.5805
     1(elg             ): pulls=   1 | mean=+0.3931 | bonus=0.4587 | score=+0.6225 <--
     2(lehd            ): pulls=   2 | mean=+0.3688 | bonus=0.4662 | score=+0.6019
     7(omni            ): pulls=   2 | mean=+0.4411 | bonus=0.4746 | score=+0.6784
     8(mvmoe           ): pulls=   2 | mean=+0.3520 | bonus=0.4399 | score=+0.5720
21:25:21 | t=18 | UPDATE | problem=CVRP | head=CVRP | uid=cvrp:train:2281 | global_index=2281 | arm=1(elg)
    outcome: reward=0.5000 | selected_cost=16.7701 | best_cost=16.7330 | regret=0.0371
    result: record_global_index=2281 | name=None | score=16.7701
    arm_stats: problem_pulls=2 | problem_avg_reward=0.6250 | global_pulls=3 | global_avg_reward=0.6389
    state: rep_history=18/5000 | linear_history=18/10000 | head_mode=problem_specific | theta_norm=0.4257 | A_inv_diag_mean=0.956839 | A_inv_diag_min=0.825813 | A_inv_diag_max=0.992639
21:25:21 | epoch=1 | TRAIN[18] | TSP | select arm=6(difusco500) | reason=warm_start
     0(bq              ): pulls=   0 | mean=+0.5203 | bonus=0.6684 | score=+0.8545
     1(elg             ): pulls=   1 | mean=+0.5345 | bonus=0.6234 | score=+0.8462
     2(lehd            ): pulls=   0 | mean=+0.5460 | bonus=0.6478 | score=+0.8699
     3(t2t             ): pulls=   2 | mean=+0.5531 | bonus=0.6672 | score=+0.8867
     4(t2t500          ): pulls=   2 | mean=+0.5444 | bonus=0.6681 | score=+0.8785
     5(difusco         ): pulls=   2 | mean=+0.5235 | bonus=0.5415 | score=+0.7942
     6(difusco500      ): pulls=   1 | mean=+0.5254 | bonus=0.6264 | score=+0.8386 <--
21:25:21 | t=19 | UPDATE | problem=TSP | head=TSP | uid=tsp:train:858 | global_index=858 | arm=6(difusco500)
    outcome: reward=0.8333 | selected_cost=10.0043 | best_cost=9.9386 | regret=0.0657
    result: record_global_index=858 | name=None | score=10.0043
    arm_stats: problem_pulls=2 | problem_avg_reward=0.5833 | global_pulls=2 | global_avg_reward=0.5833
    state: rep_history=19/5000 | linear_history=19/10000 | head_mode=problem_specific | theta_norm=0.3698 | A_inv_diag_mean=0.959549 | A_inv_diag_min=0.835173 | A_inv_diag_max=0.995168
21:25:21 | epoch=1 | TRAIN[19] | TSP | select arm=0(bq) | reason=warm_start
     0(bq              ): pulls=   0 | mean=+0.5411 | bonus=0.7011 | score=+0.8916 <--
     1(elg             ): pulls=   1 | mean=+0.5660 | bonus=0.6559 | score=+0.8940
     2(lehd            ): pulls=   0 | mean=+0.5774 | bonus=0.6921 | score=+0.9234
     3(t2t             ): pulls=   2 | mean=+0.5847 | bonus=0.6659 | score=+0.9177
     4(t2t500          ): pulls=   2 | mean=+0.5809 | bonus=0.6687 | score=+0.9152
     5(difusco         ): pulls=   2 | mean=+0.5420 | bonus=0.5896 | score=+0.8369
     6(difusco500      ): pulls=   2 | mean=+0.5803 | bonus=0.5862 | score=+0.8734
21:25:21 | t=20 | UPDATE | problem=TSP | head=TSP | uid=tsp:train:9390 | global_index=9390 | arm=0(bq)
    outcome: reward=0.8333 | selected_cost=9.5543 | best_cost=9.5476 | regret=0.0067
    result: record_global_index=9390 | name=None | score=9.5543
    arm_stats: problem_pulls=1 | problem_avg_reward=0.8333 | global_pulls=3 | global_avg_reward=0.4444
    state: rep_history=20/5000 | linear_history=20/10000 | head_mode=problem_specific | theta_norm=0.3563 | A_inv_diag_mean=0.956431 | A_inv_diag_min=0.833966 | A_inv_diag_max=0.992260
21:25:21 | epoch=1 | TRAIN[20] | CVRP | select arm=7(omni) | reason=score
     0(bq              ): pulls=   2 | mean=+0.7531 | bonus=0.6239 | score=+1.0651
     1(elg             ): pulls=   2 | mean=+0.8019 | bonus=0.6359 | score=+1.1199
     2(lehd            ): pulls=   2 | mean=+0.7690 | bonus=0.6302 | score=+1.0841
     7(omni            ): pulls=   2 | mean=+0.8438 | bonus=0.5801 | score=+1.1339 <--
     8(mvmoe           ): pulls=   2 | mean=+0.7558 | bonus=0.6024 | score=+1.0570
21:25:21 | t=21 | UPDATE | problem=CVRP | head=CVRP | uid=cvrp:train:9012 | global_index=9012 | arm=7(omni)
    outcome: reward=1.0000 | selected_cost=52.2550 | best_cost=52.2550 | regret=0.0000
    result: record_global_index=9012 | name=None | score=52.2550
    arm_stats: problem_pulls=3 | problem_avg_reward=1.0000 | global_pulls=3 | global_avg_reward=1.0000
    state: rep_history=21/5000 | linear_history=21/10000 | head_mode=problem_specific | theta_norm=0.4284 | A_inv_diag_mean=0.956045 | A_inv_diag_min=0.825792 | A_inv_diag_max=0.992453
21:25:21 | epoch=1 | TRAIN[21] | TSP | select arm=2(lehd) | reason=warm_start
     0(bq              ): pulls=   1 | mean=+0.5069 | bonus=0.5915 | score=+0.8026
     1(elg             ): pulls=   1 | mean=+0.5112 | bonus=0.5820 | score=+0.8022
     2(lehd            ): pulls=   0 | mean=+0.5071 | bonus=0.6351 | score=+0.8246 <--
     3(t2t             ): pulls=   2 | mean=+0.5136 | bonus=0.6026 | score=+0.8148
     4(t2t500          ): pulls=   2 | mean=+0.5109 | bonus=0.6151 | score=+0.8185
     5(difusco         ): pulls=   2 | mean=+0.4725 | bonus=0.5744 | score=+0.7597
     6(difusco500      ): pulls=   2 | mean=+0.4954 | bonus=0.5769 | score=+0.7838
21:25:21 | t=22 | UPDATE | problem=TSP | head=TSP | uid=tsp:train:5115 | global_index=5115 | arm=2(lehd)
    outcome: reward=0.0000 | selected_cost=8.3277 | best_cost=8.0539 | regret=0.2738
    result: record_global_index=5115 | name=None | score=8.3277
    arm_stats: problem_pulls=1 | problem_avg_reward=0.0000 | global_pulls=3 | global_avg_reward=0.3333
    state: rep_history=22/5000 | linear_history=22/10000 | head_mode=problem_specific | theta_norm=0.3971 | A_inv_diag_mean=0.953569 | A_inv_diag_min=0.833246 | A_inv_diag_max=0.991844
21:25:21 | epoch=1 | TRAIN[22] | CVRP | select arm=7(omni) | reason=score
     0(bq              ): pulls=   2 | mean=+0.2851 | bonus=0.5070 | score=+0.5386
     1(elg             ): pulls=   2 | mean=+0.3497 | bonus=0.4820 | score=+0.5907
     2(lehd            ): pulls=   2 | mean=+0.3159 | bonus=0.5000 | score=+0.5659
     7(omni            ): pulls=   3 | mean=+0.3985 | bonus=0.5144 | score=+0.6557 <--
     8(mvmoe           ): pulls=   2 | mean=+0.2984 | bonus=0.4481 | score=+0.5225
21:25:21 | t=23 | UPDATE | problem=CVRP | head=CVRP | uid=cvrp:train:4591 | global_index=4591 | arm=7(omni)
    outcome: reward=0.7500 | selected_cost=13.2418 | best_cost=13.2183 | regret=0.0235
    result: record_global_index=4591 | name=None | score=13.2418
    arm_stats: problem_pulls=4 | problem_avg_reward=0.9375 | global_pulls=4 | global_avg_reward=0.9375
    state: rep_history=23/5000 | linear_history=23/10000 | head_mode=problem_specific | theta_norm=0.5159 | A_inv_diag_mean=0.953949 | A_inv_diag_min=0.825533 | A_inv_diag_max=0.991230
21:25:21 | epoch=1 | TRAIN[23] | CVRP | select arm=7(omni) | reason=score
     0(bq              ): pulls=   2 | mean=+0.5639 | bonus=0.4756 | score=+0.8017
     1(elg             ): pulls=   2 | mean=+0.6123 | bonus=0.4463 | score=+0.8354
     2(lehd            ): pulls=   2 | mean=+0.5812 | bonus=0.4498 | score=+0.8061
     7(omni            ): pulls=   4 | mean=+0.6847 | bonus=0.4065 | score=+0.8879 <--
     8(mvmoe           ): pulls=   2 | mean=+0.5716 | bonus=0.3889 | score=+0.7661
21:25:21 | t=24 | UPDATE | problem=CVRP | head=CVRP | uid=cvrp:train:9166 | global_index=9166 | arm=7(omni)
    outcome: reward=0.5000 | selected_cost=12.1352 | best_cost=11.8635 | regret=0.2717
    result: record_global_index=9166 | name=None | score=12.1352
    arm_stats: problem_pulls=5 | problem_avg_reward=0.8500 | global_pulls=5 | global_avg_reward=0.8500
    state: rep_history=24/5000 | linear_history=24/10000 | head_mode=problem_specific | theta_norm=0.4948 | A_inv_diag_mean=0.953053 | A_inv_diag_min=0.825392 | A_inv_diag_max=0.990833
21:25:21 | epoch=1 | TRAIN[24] | TSP | select arm=0(bq) | reason=warm_start
     0(bq              ): pulls=   1 | mean=+0.5474 | bonus=0.4879 | score=+0.7914 <--
     1(elg             ): pulls=   1 | mean=+0.5321 | bonus=0.4575 | score=+0.7609
     2(lehd            ): pulls=   1 | mean=+0.4810 | bonus=0.4656 | score=+0.7138
     3(t2t             ): pulls=   2 | mean=+0.5400 | bonus=0.4965 | score=+0.7883
     4(t2t500          ): pulls=   2 | mean=+0.5125 | bonus=0.4829 | score=+0.7540
     5(difusco         ): pulls=   2 | mean=+0.4997 | bonus=0.4287 | score=+0.7140
     6(difusco500      ): pulls=   2 | mean=+0.5223 | bonus=0.4370 | score=+0.7408
21:25:21 | t=25 | UPDATE | problem=TSP | head=TSP | uid=tsp:train:4940 | global_index=4940 | arm=0(bq)
    outcome: reward=0.3333 | selected_cost=8.4860 | best_cost=8.2102 | regret=0.2758
    result: record_global_index=4940 | name=None | score=8.4860
    arm_stats: problem_pulls=2 | problem_avg_reward=0.5833 | global_pulls=4 | global_avg_reward=0.4167
    state: rep_history=25/5000 | linear_history=25/10000 | head_mode=problem_specific | theta_norm=0.3888 | A_inv_diag_mean=0.952296 | A_inv_diag_min=0.832697 | A_inv_diag_max=0.991277
21:25:21 | epoch=1 | TRAIN[25] | CVRP | select arm=7(omni) | reason=score
     0(bq              ): pulls=   2 | mean=+0.3483 | bonus=0.4458 | score=+0.5713
     1(elg             ): pulls=   2 | mean=+0.4103 | bonus=0.4133 | score=+0.6169
     2(lehd            ): pulls=   2 | mean=+0.3782 | bonus=0.4477 | score=+0.6020
     7(omni            ): pulls=   5 | mean=+0.4749 | bonus=0.4043 | score=+0.6771 <--
     8(mvmoe           ): pulls=   2 | mean=+0.3636 | bonus=0.4006 | score=+0.5639
21:25:21 | t=26 | UPDATE | problem=CVRP | head=CVRP | uid=cvrp:train:3338 | global_index=3338 | arm=7(omni)
    outcome: reward=0.7500 | selected_cost=18.8139 | best_cost=18.7943 | regret=0.0196
    result: record_global_index=3338 | name=None | score=18.8139
    arm_stats: problem_pulls=6 | problem_avg_reward=0.8333 | global_pulls=6 | global_avg_reward=0.8333
    state: rep_history=26/5000 | linear_history=26/10000 | head_mode=problem_specific | theta_norm=0.5479 | A_inv_diag_mean=0.952033 | A_inv_diag_min=0.825392 | A_inv_diag_max=0.990784
21:25:21 | epoch=1 | TRAIN[26] | TSP | select arm=1(elg) | reason=warm_start
     0(bq              ): pulls=   2 | mean=+0.5079 | bonus=0.4347 | score=+0.7252
     1(elg             ): pulls=   1 | mean=+0.5069 | bonus=0.4227 | score=+0.7182 <--
     2(lehd            ): pulls=   1 | mean=+0.4680 | bonus=0.4420 | score=+0.6891
     3(t2t             ): pulls=   2 | mean=+0.5253 | bonus=0.4830 | score=+0.7668
     4(t2t500          ): pulls=   2 | mean=+0.4957 | bonus=0.4690 | score=+0.7302
     5(difusco         ): pulls=   2 | mean=+0.4780 | bonus=0.3952 | score=+0.6756
     6(difusco500      ): pulls=   2 | mean=+0.5114 | bonus=0.4169 | score=+0.7199
21:25:21 | t=27 | UPDATE | problem=TSP | head=TSP | uid=tsp:train:1259 | global_index=1259 | arm=1(elg)
    outcome: reward=0.3333 | selected_cost=8.9279 | best_cost=8.7606 | regret=0.1672
    result: record_global_index=1259 | name=None | score=8.9279
    arm_stats: problem_pulls=2 | problem_avg_reward=0.5000 | global_pulls=4 | global_avg_reward=0.5625
    state: rep_history=27/5000 | linear_history=27/10000 | head_mode=problem_specific | theta_norm=0.3826 | A_inv_diag_mean=0.951287 | A_inv_diag_min=0.831821 | A_inv_diag_max=0.991052
21:25:21 | epoch=1 | TRAIN[27] | TSP | select arm=2(lehd) | reason=warm_start
     0(bq              ): pulls=   2 | mean=+0.5248 | bonus=0.4526 | score=+0.7511
     1(elg             ): pulls=   2 | mean=+0.5147 | bonus=0.4263 | score=+0.7278
     2(lehd            ): pulls=   1 | mean=+0.4891 | bonus=0.4818 | score=+0.7299 <--
     3(t2t             ): pulls=   2 | mean=+0.5488 | bonus=0.5116 | score=+0.8046
     4(t2t500          ): pulls=   2 | mean=+0.5236 | bonus=0.5128 | score=+0.7799
     5(difusco         ): pulls=   2 | mean=+0.5002 | bonus=0.4285 | score=+0.7145
     6(difusco500      ): pulls=   2 | mean=+0.5323 | bonus=0.4437 | score=+0.7541
21:25:21 | t=28 | UPDATE | problem=TSP | head=TSP | uid=tsp:train:1948 | global_index=1948 | arm=2(lehd)
    outcome: reward=0.8333 | selected_cost=9.4915 | best_cost=9.4691 | regret=0.0225
    result: record_global_index=1948 | name=None | score=9.4915
    arm_stats: problem_pulls=2 | problem_avg_reward=0.4167 | global_pulls=4 | global_avg_reward=0.4583
    state: rep_history=28/5000 | linear_history=28/10000 | head_mode=problem_specific | theta_norm=0.3759 | A_inv_diag_mean=0.949874 | A_inv_diag_min=0.831734 | A_inv_diag_max=0.990861
21:25:21 | epoch=1 | TRAIN[28] | TSP | select arm=3(t2t) | reason=score
     0(bq              ): pulls=   2 | mean=+0.5258 | bonus=0.4605 | score=+0.7561
     1(elg             ): pulls=   2 | mean=+0.5256 | bonus=0.4202 | score=+0.7357
     2(lehd            ): pulls=   2 | mean=+0.5317 | bonus=0.4301 | score=+0.7468
     3(t2t             ): pulls=   2 | mean=+0.5613 | bonus=0.5058 | score=+0.8143 <--
     4(t2t500          ): pulls=   2 | mean=+0.5543 | bonus=0.4893 | score=+0.7989
     5(difusco         ): pulls=   2 | mean=+0.5090 | bonus=0.4227 | score=+0.7203
     6(difusco500      ): pulls=   2 | mean=+0.5408 | bonus=0.4438 | score=+0.7628
21:25:21 | t=29 | UPDATE | problem=TSP | head=TSP | uid=tsp:train:9496 | global_index=9496 | arm=3(t2t)
    outcome: reward=0.5000 | selected_cost=9.3022 | best_cost=9.1870 | regret=0.1152
    result: record_global_index=9496 | name=None | score=9.3022
    arm_stats: problem_pulls=3 | problem_avg_reward=0.5000 | global_pulls=3 | global_avg_reward=0.5000
    state: rep_history=29/5000 | linear_history=29/10000 | head_mode=problem_specific | theta_norm=0.3712 | A_inv_diag_mean=0.948345 | A_inv_diag_min=0.831693 | A_inv_diag_max=0.990696
21:25:21 | epoch=1 | TRAIN[29] | TSP | select arm=4(t2t500) | reason=score
     0(bq              ): pulls=   2 | mean=+0.3394 | bonus=0.4557 | score=+0.5673
     1(elg             ): pulls=   2 | mean=+0.3477 | bonus=0.4284 | score=+0.5619
     2(lehd            ): pulls=   2 | mean=+0.3465 | bonus=0.4085 | score=+0.5508
     3(t2t             ): pulls=   3 | mean=+0.3685 | bonus=0.4515 | score=+0.5942
     4(t2t500          ): pulls=   2 | mean=+0.3671 | bonus=0.4695 | score=+0.6019 <--
     5(difusco         ): pulls=   2 | mean=+0.3197 | bonus=0.4466 | score=+0.5430
     6(difusco500      ): pulls=   2 | mean=+0.3572 | bonus=0.4533 | score=+0.5838
21:25:21 | t=30 | UPDATE | problem=TSP | head=TSP | uid=tsp:train:6386 | global_index=6386 | arm=4(t2t500)
    outcome: reward=0.5000 | selected_cost=6.8873 | best_cost=6.8481 | regret=0.0392
    result: record_global_index=6386 | name=None | score=6.8873
    arm_stats: problem_pulls=3 | problem_avg_reward=0.4722 | global_pulls=3 | global_avg_reward=0.4722
    state: rep_history=30/5000 | linear_history=30/10000 | head_mode=problem_specific | theta_norm=0.3844 | A_inv_diag_mean=0.946792 | A_inv_diag_min=0.830558 | A_inv_diag_max=0.989140
21:25:21 | epoch=1 | TRAIN[30] | TSP | select arm=4(t2t500) | reason=score
     0(bq              ): pulls=   2 | mean=+0.5509 | bonus=0.4661 | score=+0.7839
     1(elg             ): pulls=   2 | mean=+0.5467 | bonus=0.4272 | score=+0.7603
     2(lehd            ): pulls=   2 | mean=+0.5615 | bonus=0.4374 | score=+0.7802
     3(t2t             ): pulls=   3 | mean=+0.5774 | bonus=0.4696 | score=+0.8122
     4(t2t500          ): pulls=   3 | mean=+0.5931 | bonus=0.4816 | score=+0.8339 <--
     5(difusco         ): pulls=   2 | mean=+0.5351 | bonus=0.4256 | score=+0.7479
     6(difusco500      ): pulls=   2 | mean=+0.5682 | bonus=0.4466 | score=+0.7915
21:25:21 | t=31 | UPDATE | problem=TSP | head=TSP | uid=tsp:train:1706 | global_index=1706 | arm=4(t2t500)
    outcome: reward=0.6667 | selected_cost=8.5680 | best_cost=8.2990 | regret=0.2691
    result: record_global_index=1706 | name=None | score=8.5680
    arm_stats: problem_pulls=4 | problem_avg_reward=0.5208 | global_pulls=4 | global_avg_reward=0.5208
    state: rep_history=31/5000 | linear_history=31/10000 | head_mode=problem_specific | theta_norm=0.3899 | A_inv_diag_mean=0.945357 | A_inv_diag_min=0.829117 | A_inv_diag_max=0.988230
21:25:21 | epoch=1 | TRAIN[31] | CVRP | select arm=7(omni) | reason=score
     0(bq              ): pulls=   2 | mean=+0.7410 | bonus=0.5527 | score=+1.0173
     1(elg             ): pulls=   2 | mean=+0.7875 | bonus=0.5549 | score=+1.0650
     2(lehd            ): pulls=   2 | mean=+0.7606 | bonus=0.5472 | score=+1.0342
     7(omni            ): pulls=   6 | mean=+0.8698 | bonus=0.4616 | score=+1.1006 <--
     8(mvmoe           ): pulls=   2 | mean=+0.7546 | bonus=0.5117 | score=+1.0104
21:25:21 | t=32 | UPDATE | problem=CVRP | head=CVRP | uid=cvrp:train:200 | global_index=200 | arm=7(omni)
    outcome: reward=0.7500 | selected_cost=19.8871 | best_cost=19.4509 | regret=0.4362
    result: record_global_index=200 | name=None | score=19.8871
    arm_stats: problem_pulls=7 | problem_avg_reward=0.8214 | global_pulls=7 | global_avg_reward=0.8214
    state: rep_history=32/5000 | linear_history=32/10000 | head_mode=problem_specific | theta_norm=0.5465 | A_inv_diag_mean=0.951663 | A_inv_diag_min=0.825276 | A_inv_diag_max=0.990755
21:25:21 | epoch=1 | TRAIN[32] | CVRP | select arm=7(omni) | reason=score
     0(bq              ): pulls=   2 | mean=+0.3330 | bonus=0.4887 | score=+0.5773
     1(elg             ): pulls=   2 | mean=+0.4014 | bonus=0.4581 | score=+0.6304
     2(lehd            ): pulls=   2 | mean=+0.3707 | bonus=0.5477 | score=+0.6446
     7(omni            ): pulls=   7 | mean=+0.4817 | bonus=0.4603 | score=+0.7118 <--
     8(mvmoe           ): pulls=   2 | mean=+0.3566 | bonus=0.4791 | score=+0.5962
21:25:21 | t=33 | UPDATE | problem=CVRP | head=CVRP | uid=cvrp:train:3463 | global_index=3463 | arm=7(omni)
    outcome: reward=1.0000 | selected_cost=12.5442 | best_cost=12.5442 | regret=0.0000
    result: record_global_index=3463 | name=None | score=12.5442
    arm_stats: problem_pulls=8 | problem_avg_reward=0.8438 | global_pulls=8 | global_avg_reward=0.8438
    state: rep_history=33/5000 | linear_history=33/10000 | head_mode=problem_specific | theta_norm=0.6284 | A_inv_diag_mean=0.950679 | A_inv_diag_min=0.823693 | A_inv_diag_max=0.990617
21:25:21 | epoch=1 | TRAIN[33] | TSP | select arm=3(t2t) | reason=score
     0(bq              ): pulls=   2 | mean=+0.3928 | bonus=0.4182 | score=+0.6019
     1(elg             ): pulls=   2 | mean=+0.3918 | bonus=0.3825 | score=+0.5831
     2(lehd            ): pulls=   2 | mean=+0.4063 | bonus=0.3568 | score=+0.5847
     3(t2t             ): pulls=   3 | mean=+0.4201 | bonus=0.4274 | score=+0.6338 <--
     4(t2t500          ): pulls=   4 | mean=+0.4419 | bonus=0.3786 | score=+0.6312
     5(difusco         ): pulls=   2 | mean=+0.3741 | bonus=0.4027 | score=+0.5755
     6(difusco500      ): pulls=   2 | mean=+0.4130 | bonus=0.4022 | score=+0.6141
21:25:21 | t=34 | UPDATE | problem=TSP | head=TSP | uid=tsp:train:2813 | global_index=2813 | arm=3(t2t)
    outcome: reward=0.3333 | selected_cost=7.4955 | best_cost=7.4067 | regret=0.0888
    result: record_global_index=2813 | name=None | score=7.4955
    arm_stats: problem_pulls=4 | problem_avg_reward=0.4583 | global_pulls=4 | global_avg_reward=0.4583
    state: rep_history=34/5000 | linear_history=34/10000 | head_mode=problem_specific | theta_norm=0.3871 | A_inv_diag_mean=0.944227 | A_inv_diag_min=0.828994 | A_inv_diag_max=0.988061
21:25:21 | epoch=1 | TRAIN[34] | CVRP | select arm=7(omni) | reason=score
     0(bq              ): pulls=   2 | mean=+0.5523 | bonus=0.4462 | score=+0.7754
     1(elg             ): pulls=   2 | mean=+0.5969 | bonus=0.4473 | score=+0.8206
     2(lehd            ): pulls=   2 | mean=+0.5866 | bonus=0.4804 | score=+0.8268
     7(omni            ): pulls=   8 | mean=+0.7050 | bonus=0.3642 | score=+0.8871 <--
     8(mvmoe           ): pulls=   2 | mean=+0.5789 | bonus=0.4260 | score=+0.7919
21:25:21 | t=35 | UPDATE | problem=CVRP | head=CVRP | uid=cvrp:train:6200 | global_index=6200 | arm=7(omni)
    outcome: reward=0.2500 | selected_cost=12.3825 | best_cost=11.7736 | regret=0.6089
    result: record_global_index=6200 | name=None | score=12.3825
    arm_stats: problem_pulls=9 | problem_avg_reward=0.7778 | global_pulls=9 | global_avg_reward=0.7778
    state: rep_history=35/5000 | linear_history=35/10000 | head_mode=problem_specific | theta_norm=0.6210 | A_inv_diag_mean=0.950020 | A_inv_diag_min=0.823692 | A_inv_diag_max=0.990395
21:25:21 | epoch=1 | TRAIN[35] | TSP | select arm=4(t2t500) | reason=score
     0(bq              ): pulls=   2 | mean=+0.2579 | bonus=0.6096 | score=+0.5627
     1(elg             ): pulls=   2 | mean=+0.2623 | bonus=0.5905 | score=+0.5575
     2(lehd            ): pulls=   2 | mean=+0.2744 | bonus=0.5874 | score=+0.5681
     3(t2t             ): pulls=   4 | mean=+0.2754 | bonus=0.6023 | score=+0.5766
     4(t2t500          ): pulls=   4 | mean=+0.3099 | bonus=0.5743 | score=+0.5971 <--
     5(difusco         ): pulls=   2 | mean=+0.2373 | bonus=0.5798 | score=+0.5272
     6(difusco500      ): pulls=   2 | mean=+0.2766 | bonus=0.5873 | score=+0.5702
21:25:21 | t=36 | UPDATE | problem=TSP | head=TSP | uid=tsp:train:6839 | global_index=6839 | arm=4(t2t500)
    outcome: reward=0.5000 | selected_cost=5.6658 | best_cost=5.6356 | regret=0.0302
    result: record_global_index=6839 | name=None | score=5.6658
    arm_stats: problem_pulls=5 | problem_avg_reward=0.5167 | global_pulls=5 | global_avg_reward=0.5167
    state: rep_history=36/5000 | linear_history=36/10000 | head_mode=problem_specific | theta_norm=0.3873 | A_inv_diag_mean=0.942778 | A_inv_diag_min=0.827878 | A_inv_diag_max=0.986883
21:25:21 | epoch=1 | TRAIN[36] | CVRP | select arm=7(omni) | reason=score
     0(bq              ): pulls=   2 | mean=+0.5519 | bonus=0.4300 | score=+0.7669
     1(elg             ): pulls=   2 | mean=+0.5906 | bonus=0.4076 | score=+0.7945
     2(lehd            ): pulls=   2 | mean=+0.5764 | bonus=0.4287 | score=+0.7907
     7(omni            ): pulls=   9 | mean=+0.6847 | bonus=0.3266 | score=+0.8480 <--
     8(mvmoe           ): pulls=   2 | mean=+0.5670 | bonus=0.4025 | score=+0.7682
21:25:21 | t=37 | UPDATE | problem=CVRP | head=CVRP | uid=cvrp:train:8949 | global_index=8949 | arm=7(omni)
    outcome: reward=1.0000 | selected_cost=30.4695 | best_cost=30.4695 | regret=0.0000
    result: record_global_index=8949 | name=None | score=30.4695
    arm_stats: problem_pulls=10 | problem_avg_reward=0.8000 | global_pulls=10 | global_avg_reward=0.8000
    state: rep_history=37/5000 | linear_history=37/10000 | head_mode=problem_specific | theta_norm=0.6409 | A_inv_diag_mean=0.949530 | A_inv_diag_min=0.823334 | A_inv_diag_max=0.990121
21:25:21 | epoch=1 | TRAIN[37] | TSP | select arm=4(t2t500) | reason=score
     0(bq              ): pulls=   2 | mean=+0.5233 | bonus=0.4495 | score=+0.7480
     1(elg             ): pulls=   2 | mean=+0.5152 | bonus=0.4060 | score=+0.7183
     2(lehd            ): pulls=   2 | mean=+0.5423 | bonus=0.3814 | score=+0.7330
     3(t2t             ): pulls=   4 | mean=+0.5396 | bonus=0.4129 | score=+0.7461
     4(t2t500          ): pulls=   5 | mean=+0.5854 | bonus=0.4123 | score=+0.7916 <--
     5(difusco         ): pulls=   2 | mean=+0.5055 | bonus=0.4083 | score=+0.7096
     6(difusco500      ): pulls=   2 | mean=+0.5433 | bonus=0.4247 | score=+0.7556
21:25:21 | t=38 | UPDATE | problem=TSP | head=TSP | uid=tsp:train:8595 | global_index=8595 | arm=4(t2t500)
    outcome: reward=0.5000 | selected_cost=7.8319 | best_cost=7.7343 | regret=0.0976
    result: record_global_index=8595 | name=None | score=7.8319
    arm_stats: problem_pulls=6 | problem_avg_reward=0.5139 | global_pulls=6 | global_avg_reward=0.5139
    state: rep_history=38/5000 | linear_history=38/10000 | head_mode=problem_specific | theta_norm=0.3791 | A_inv_diag_mean=0.941739 | A_inv_diag_min=0.826951 | A_inv_diag_max=0.986278
21:25:21 | epoch=1 | TRAIN[38] | CVRP | select arm=7(omni) | reason=score
     0(bq              ): pulls=   2 | mean=+0.5617 | bonus=0.5097 | score=+0.8165
     1(elg             ): pulls=   2 | mean=+0.6045 | bonus=0.4822 | score=+0.8456
     2(lehd            ): pulls=   2 | mean=+0.5886 | bonus=0.4762 | score=+0.8267
     7(omni            ): pulls=  10 | mean=+0.7082 | bonus=0.3970 | score=+0.9067 <--
     8(mvmoe           ): pulls=   2 | mean=+0.5833 | bonus=0.3991 | score=+0.7828
21:25:21 | t=39 | UPDATE | problem=CVRP | head=CVRP | uid=cvrp:train:3712 | global_index=3712 | arm=7(omni)
    outcome: reward=0.7500 | selected_cost=31.3129 | best_cost=31.2190 | regret=0.0939
    result: record_global_index=3712 | name=None | score=31.3129
    arm_stats: problem_pulls=11 | problem_avg_reward=0.7955 | global_pulls=11 | global_avg_reward=0.7955
    state: rep_history=39/5000 | linear_history=39/10000 | head_mode=problem_specific | theta_norm=0.6421 | A_inv_diag_mean=0.948714 | A_inv_diag_min=0.822990 | A_inv_diag_max=0.989273
21:25:21 | epoch=1 | TRAIN[39] | CVRP | select arm=7(omni) | reason=score
     0(bq              ): pulls=   2 | mean=+0.4822 | bonus=0.4181 | score=+0.6913
     1(elg             ): pulls=   2 | mean=+0.5257 | bonus=0.3745 | score=+0.7129
     2(lehd            ): pulls=   2 | mean=+0.5098 | bonus=0.3999 | score=+0.7097
     7(omni            ): pulls=  11 | mean=+0.6297 | bonus=0.2932 | score=+0.7763 <--
     8(mvmoe           ): pulls=   2 | mean=+0.5033 | bonus=0.3371 | score=+0.6718
21:25:21 | t=40 | UPDATE | problem=CVRP | head=CVRP | uid=cvrp:train:4419 | global_index=4419 | arm=7(omni)
    outcome: reward=1.0000 | selected_cost=17.9712 | best_cost=17.9712 | regret=0.0000
    result: record_global_index=4419 | name=None | score=17.9712
    arm_stats: problem_pulls=12 | problem_avg_reward=0.8125 | global_pulls=12 | global_avg_reward=0.8125
    state: rep_history=40/5000 | linear_history=40/10000 | head_mode=problem_specific | theta_norm=0.6737 | A_inv_diag_mean=0.948236 | A_inv_diag_min=0.822702 | A_inv_diag_max=0.989012
21:25:21 | epoch=1 | TRAIN[40] | TSP | select arm=4(t2t500) | reason=score
     0(bq              ): pulls=   2 | mean=+0.5092 | bonus=0.4084 | score=+0.7135
     1(elg             ): pulls=   2 | mean=+0.5029 | bonus=0.3876 | score=+0.6968
     2(lehd            ): pulls=   2 | mean=+0.5267 | bonus=0.3878 | score=+0.7206
     3(t2t             ): pulls=   4 | mean=+0.5271 | bonus=0.4103 | score=+0.7323
     4(t2t500          ): pulls=   6 | mean=+0.5665 | bonus=0.3611 | score=+0.7471 <--
     5(difusco         ): pulls=   2 | mean=+0.4920 | bonus=0.3766 | score=+0.6804
     6(difusco500      ): pulls=   2 | mean=+0.5297 | bonus=0.4006 | score=+0.7300
21:25:21 | t=41 | UPDATE | problem=TSP | head=TSP | uid=tsp:train:5563 | global_index=5563 | arm=4(t2t500)
    outcome: reward=0.8333 | selected_cost=10.5457 | best_cost=10.5379 | regret=0.0078
    result: record_global_index=5563 | name=None | score=10.5457
    arm_stats: problem_pulls=7 | problem_avg_reward=0.5595 | global_pulls=7 | global_avg_reward=0.5595
    state: rep_history=41/5000 | linear_history=41/10000 | head_mode=problem_specific | theta_norm=0.3818 | A_inv_diag_mean=0.941191 | A_inv_diag_min=0.826826 | A_inv_diag_max=0.985904
21:25:21 | epoch=1 | TRAIN[41] | CVRP | select arm=7(omni) | reason=score
     0(bq              ): pulls=   2 | mean=+0.4445 | bonus=0.5186 | score=+0.7038
     1(elg             ): pulls=   2 | mean=+0.5092 | bonus=0.4939 | score=+0.7562
     2(lehd            ): pulls=   2 | mean=+0.4893 | bonus=0.4946 | score=+0.7366
     7(omni            ): pulls=  12 | mean=+0.6261 | bonus=0.4445 | score=+0.8484 <--
     8(mvmoe           ): pulls=   2 | mean=+0.4738 | bonus=0.4199 | score=+0.6837
21:25:21 | t=42 | UPDATE | problem=CVRP | head=CVRP | uid=cvrp:train:1084 | global_index=1084 | arm=7(omni)
    outcome: reward=1.0000 | selected_cost=20.6605 | best_cost=20.6605 | regret=0.0000
    result: record_global_index=1084 | name=None | score=20.6605
    arm_stats: problem_pulls=13 | problem_avg_reward=0.8269 | global_pulls=13 | global_avg_reward=0.8269
    state: rep_history=42/5000 | linear_history=42/10000 | head_mode=problem_specific | theta_norm=0.7440 | A_inv_diag_mean=0.947010 | A_inv_diag_min=0.822701 | A_inv_diag_max=0.988574
21:25:21 | epoch=1 | TRAIN[42] | TSP | select arm=4(t2t500) | reason=score
     0(bq              ): pulls=   2 | mean=+0.4887 | bonus=0.4242 | score=+0.7008
     1(elg             ): pulls=   2 | mean=+0.4791 | bonus=0.3887 | score=+0.6734
     2(lehd            ): pulls=   2 | mean=+0.5169 | bonus=0.3661 | score=+0.6999
     3(t2t             ): pulls=   4 | mean=+0.5075 | bonus=0.4204 | score=+0.7177
     4(t2t500          ): pulls=   7 | mean=+0.5647 | bonus=0.3573 | score=+0.7433 <--
     5(difusco         ): pulls=   2 | mean=+0.4711 | bonus=0.3744 | score=+0.6583
     6(difusco500      ): pulls=   2 | mean=+0.5111 | bonus=0.3978 | score=+0.7100
21:25:21 | t=43 | UPDATE | problem=TSP | head=TSP | uid=tsp:train:5857 | global_index=5857 | arm=4(t2t500)
    outcome: reward=0.1667 | selected_cost=7.5636 | best_cost=7.4547 | regret=0.1089
    result: record_global_index=5857 | name=None | score=7.5636
    arm_stats: problem_pulls=8 | problem_avg_reward=0.5104 | global_pulls=8 | global_avg_reward=0.5104
    state: rep_history=43/5000 | linear_history=43/10000 | head_mode=problem_specific | theta_norm=0.3497 | A_inv_diag_mean=0.940453 | A_inv_diag_min=0.826219 | A_inv_diag_max=0.985564
21:25:21 | epoch=1 | TRAIN[43] | CVRP | select arm=7(omni) | reason=score
     0(bq              ): pulls=   2 | mean=+0.6021 | bonus=0.4513 | score=+0.8278
     1(elg             ): pulls=   2 | mean=+0.6393 | bonus=0.4195 | score=+0.8491
     2(lehd            ): pulls=   2 | mean=+0.6247 | bonus=0.4115 | score=+0.8305
     7(omni            ): pulls=  13 | mean=+0.7729 | bonus=0.2929 | score=+0.9193 <--
     8(mvmoe           ): pulls=   2 | mean=+0.6210 | bonus=0.3645 | score=+0.8032
21:25:21 | t=44 | UPDATE | problem=CVRP | head=CVRP | uid=cvrp:train:5539 | global_index=5539 | arm=7(omni)
    outcome: reward=1.0000 | selected_cost=22.2004 | best_cost=22.2004 | regret=0.0000
    result: record_global_index=5539 | name=None | score=22.2004
    arm_stats: problem_pulls=14 | problem_avg_reward=0.8393 | global_pulls=14 | global_avg_reward=0.8393
    state: rep_history=44/5000 | linear_history=44/10000 | head_mode=problem_specific | theta_norm=0.7526 | A_inv_diag_mean=0.946852 | A_inv_diag_min=0.822692 | A_inv_diag_max=0.988516
21:25:21 | epoch=1 | TRAIN[44] | CVRP | select arm=7(omni) | reason=score
     0(bq              ): pulls=   2 | mean=+0.6536 | bonus=0.4889 | score=+0.8980
     1(elg             ): pulls=   2 | mean=+0.6909 | bonus=0.4582 | score=+0.9200
     2(lehd            ): pulls=   2 | mean=+0.6737 | bonus=0.4427 | score=+0.8951
     7(omni            ): pulls=  14 | mean=+0.8285 | bonus=0.3242 | score=+0.9906 <--
     8(mvmoe           ): pulls=   2 | mean=+0.6723 | bonus=0.3935 | score=+0.8690
21:25:21 | t=45 | UPDATE | problem=CVRP | head=CVRP | uid=cvrp:train:2714 | global_index=2714 | arm=7(omni)
    outcome: reward=1.0000 | selected_cost=21.2384 | best_cost=21.2384 | regret=0.0000
    result: record_global_index=2714 | name=None | score=21.2384
    arm_stats: problem_pulls=15 | problem_avg_reward=0.8500 | global_pulls=15 | global_avg_reward=0.8500
    state: rep_history=45/5000 | linear_history=45/10000 | head_mode=problem_specific | theta_norm=0.7588 | A_inv_diag_mean=0.946636 | A_inv_diag_min=0.822692 | A_inv_diag_max=0.988471
21:25:21 | epoch=1 | TRAIN[45] | TSP | select arm=6(difusco500) | reason=score
     0(bq              ): pulls=   2 | mean=+0.4169 | bonus=0.4143 | score=+0.6241
     1(elg             ): pulls=   2 | mean=+0.4153 | bonus=0.3947 | score=+0.6126
     2(lehd            ): pulls=   2 | mean=+0.4342 | bonus=0.3773 | score=+0.6228
     3(t2t             ): pulls=   4 | mean=+0.4357 | bonus=0.4108 | score=+0.6411
     4(t2t500          ): pulls=   8 | mean=+0.4674 | bonus=0.3432 | score=+0.6390
     5(difusco         ): pulls=   2 | mean=+0.3999 | bonus=0.4195 | score=+0.6096
     6(difusco500      ): pulls=   2 | mean=+0.4380 | bonus=0.4251 | score=+0.6506 <--
21:25:21 | t=46 | UPDATE | problem=TSP | head=TSP | uid=tsp:train:9523 | global_index=9523 | arm=6(difusco500)
    outcome: reward=0.1667 | selected_cost=7.9641 | best_cost=7.7922 | regret=0.1719
    result: record_global_index=9523 | name=None | score=7.9641
    arm_stats: problem_pulls=3 | problem_avg_reward=0.4444 | global_pulls=3 | global_avg_reward=0.4444
    state: rep_history=46/5000 | linear_history=46/10000 | head_mode=problem_specific | theta_norm=0.3607 | A_inv_diag_mean=0.938971 | A_inv_diag_min=0.826090 | A_inv_diag_max=0.984879
21:25:21 | epoch=1 | TRAIN[46] | CVRP | select arm=7(omni) | reason=score
     0(bq              ): pulls=   2 | mean=+0.4302 | bonus=0.4616 | score=+0.6610
     1(elg             ): pulls=   2 | mean=+0.4981 | bonus=0.4212 | score=+0.7087
     2(lehd            ): pulls=   2 | mean=+0.4695 | bonus=0.4912 | score=+0.7151
     7(omni            ): pulls=  15 | mean=+0.6356 | bonus=0.3696 | score=+0.8204 <--
     8(mvmoe           ): pulls=   2 | mean=+0.4575 | bonus=0.4154 | score=+0.6652
21:25:21 | t=47 | UPDATE | problem=CVRP | head=CVRP | uid=cvrp:train:8809 | global_index=8809 | arm=7(omni)
    outcome: reward=0.0000 | selected_cost=10.4124 | best_cost=9.7372 | regret=0.6751
    result: record_global_index=8809 | name=None | score=10.4124
    arm_stats: problem_pulls=16 | problem_avg_reward=0.7969 | global_pulls=16 | global_avg_reward=0.7969
    state: rep_history=47/5000 | linear_history=47/10000 | head_mode=problem_specific | theta_norm=0.6887 | A_inv_diag_mean=0.946136 | A_inv_diag_min=0.822479 | A_inv_diag_max=0.988054
21:25:21 | epoch=1 | TRAIN[47] | TSP | select arm=3(t2t) | reason=score
     0(bq              ): pulls=   2 | mean=+0.3817 | bonus=0.4244 | score=+0.5939
     1(elg             ): pulls=   2 | mean=+0.3713 | bonus=0.3854 | score=+0.5640
     2(lehd            ): pulls=   2 | mean=+0.3930 | bonus=0.3478 | score=+0.5669
     3(t2t             ): pulls=   4 | mean=+0.3949 | bonus=0.4026 | score=+0.5961 <--
     4(t2t500          ): pulls=   8 | mean=+0.4262 | bonus=0.3129 | score=+0.5827
     5(difusco         ): pulls=   2 | mean=+0.3542 | bonus=0.4147 | score=+0.5615
     6(difusco500      ): pulls=   3 | mean=+0.3719 | bonus=0.3606 | score=+0.5522
21:25:21 | t=48 | UPDATE | problem=TSP | head=TSP | uid=tsp:train:2148 | global_index=2148 | arm=3(t2t)
    outcome: reward=0.0000 | selected_cost=7.8752 | best_cost=7.7018 | regret=0.1734
    result: record_global_index=2148 | name=None | score=7.8752
    arm_stats: problem_pulls=5 | problem_avg_reward=0.3667 | global_pulls=5 | global_avg_reward=0.3667
    state: rep_history=48/5000 | linear_history=48/10000 | head_mode=problem_specific | theta_norm=0.3732 | A_inv_diag_mean=0.938063 | A_inv_diag_min=0.825610 | A_inv_diag_max=0.984709
21:25:21 | epoch=1 | TRAIN[48] | CVRP | select arm=7(omni) | reason=score
     0(bq              ): pulls=   2 | mean=+0.4543 | bonus=0.4596 | score=+0.6841
     1(elg             ): pulls=   2 | mean=+0.5158 | bonus=0.4178 | score=+0.7247
     2(lehd            ): pulls=   2 | mean=+0.4786 | bonus=0.4292 | score=+0.6932
     7(omni            ): pulls=  16 | mean=+0.6298 | bonus=0.3312 | score=+0.7954 <--
     8(mvmoe           ): pulls=   2 | mean=+0.4681 | bonus=0.3787 | score=+0.6575
21:25:21 | t=49 | UPDATE | problem=CVRP | head=CVRP | uid=cvrp:train:9112 | global_index=9112 | arm=7(omni)
    outcome: reward=0.7500 | selected_cost=20.0738 | best_cost=19.9741 | regret=0.0997
    result: record_global_index=9112 | name=None | score=20.0738
    arm_stats: problem_pulls=17 | problem_avg_reward=0.7941 | global_pulls=17 | global_avg_reward=0.7941
    state: rep_history=49/5000 | linear_history=49/10000 | head_mode=problem_specific | theta_norm=0.7059 | A_inv_diag_mean=0.945604 | A_inv_diag_min=0.822369 | A_inv_diag_max=0.988038
21:25:21 | epoch=1 | TRAIN[49] | TSP | select arm=4(t2t500) | reason=score
     0(bq              ): pulls=   2 | mean=+0.5068 | bonus=0.4056 | score=+0.7096
     1(elg             ): pulls=   2 | mean=+0.4925 | bonus=0.3767 | score=+0.6808
     2(lehd            ): pulls=   2 | mean=+0.5195 | bonus=0.3659 | score=+0.7025
     3(t2t             ): pulls=   5 | mean=+0.4811 | bonus=0.3796 | score=+0.6708
     4(t2t500          ): pulls=   8 | mean=+0.5565 | bonus=0.3423 | score=+0.7276 <--
     5(difusco         ): pulls=   2 | mean=+0.4795 | bonus=0.3780 | score=+0.6685
     6(difusco500      ): pulls=   3 | mean=+0.4953 | bonus=0.3891 | score=+0.6898
21:25:21 | t=50 | UPDATE | problem=TSP | head=TSP | uid=tsp:train:9951 | global_index=9951 | arm=4(t2t500)
    outcome: reward=0.6667 | selected_cost=8.2846 | best_cost=8.2713 | regret=0.0133
    result: record_global_index=9951 | name=None | score=8.2846
    arm_stats: problem_pulls=9 | problem_avg_reward=0.5278 | global_pulls=9 | global_avg_reward=0.5278
    state: rep_history=50/5000 | linear_history=50/10000 | head_mode=problem_specific | theta_norm=0.3806 | A_inv_diag_mean=0.937543 | A_inv_diag_min=0.824667 | A_inv_diag_max=0.984624
21:25:21 | epoch=1 | TRAIN[50] | TSP | select arm=4(t2t500) | reason=score
     0(bq              ): pulls=   2 | mean=+0.2852 | bonus=0.4820 | score=+0.5262
     1(elg             ): pulls=   2 | mean=+0.2824 | bonus=0.4708 | score=+0.5178
     2(lehd            ): pulls=   2 | mean=+0.3011 | bonus=0.4360 | score=+0.5191
     3(t2t             ): pulls=   5 | mean=+0.2556 | bonus=0.4521 | score=+0.4817
     4(t2t500          ): pulls=   9 | mean=+0.3441 | bonus=0.3945 | score=+0.5414 <--
     5(difusco         ): pulls=   2 | mean=+0.2543 | bonus=0.4418 | score=+0.4752
     6(difusco500      ): pulls=   3 | mean=+0.2851 | bonus=0.4501 | score=+0.5101
21:25:21 | t=51 | UPDATE | problem=TSP | head=TSP | uid=tsp:train:5046 | global_index=5046 | arm=4(t2t500)
    outcome: reward=0.3333 | selected_cost=4.5394 | best_cost=4.5146 | regret=0.0248
    result: record_global_index=5046 | name=None | score=4.5394
    arm_stats: problem_pulls=10 | problem_avg_reward=0.5083 | global_pulls=10 | global_avg_reward=0.5083
    state: rep_history=51/5000 | linear_history=51/10000 | head_mode=problem_specific | theta_norm=0.3794 | A_inv_diag_mean=0.936981 | A_inv_diag_min=0.824654 | A_inv_diag_max=0.983800
21:25:21 | epoch=1 | TRAIN[51] | TSP | select arm=0(bq) | reason=score
     0(bq              ): pulls=   2 | mean=+0.2996 | bonus=0.4881 | score=+0.5436 <--
     1(elg             ): pulls=   2 | mean=+0.2967 | bonus=0.4650 | score=+0.5292
     2(lehd            ): pulls=   2 | mean=+0.3157 | bonus=0.4026 | score=+0.5170
     3(t2t             ): pulls=   5 | mean=+0.2720 | bonus=0.4210 | score=+0.4825
     4(t2t500          ): pulls=  10 | mean=+0.3578 | bonus=0.3658 | score=+0.5407
     5(difusco         ): pulls=   2 | mean=+0.2681 | bonus=0.4792 | score=+0.5077
     6(difusco500      ): pulls=   3 | mean=+0.2991 | bonus=0.4357 | score=+0.5169
21:25:21 | t=52 | UPDATE | problem=TSP | head=TSP | uid=tsp:train:4163 | global_index=4163 | arm=0(bq)
    outcome: reward=1.0000 | selected_cost=5.5889 | best_cost=5.5889 | regret=0.0000
    result: record_global_index=4163 | name=None | score=5.5889
    arm_stats: problem_pulls=3 | problem_avg_reward=0.7222 | global_pulls=5 | global_avg_reward=0.5333
    state: rep_history=52/5000 | linear_history=52/10000 | head_mode=problem_specific | theta_norm=0.4772 | A_inv_diag_mean=0.935342 | A_inv_diag_min=0.824167 | A_inv_diag_max=0.983504
21:25:21 | epoch=1 | TRAIN[52] | CVRP | select arm=7(omni) | reason=score
     0(bq              ): pulls=   2 | mean=+0.5985 | bonus=0.4289 | score=+0.8130
     1(elg             ): pulls=   2 | mean=+0.6347 | bonus=0.3992 | score=+0.8342
     2(lehd            ): pulls=   2 | mean=+0.6045 | bonus=0.4162 | score=+0.8126
     7(omni            ): pulls=  17 | mean=+0.7552 | bonus=0.2769 | score=+0.8937 <--
     8(mvmoe           ): pulls=   2 | mean=+0.6060 | bonus=0.3902 | score=+0.8011
21:25:21 | t=53 | UPDATE | problem=CVRP | head=CVRP | uid=cvrp:train:9513 | global_index=9513 | arm=7(omni)
    outcome: reward=0.7500 | selected_cost=15.1614 | best_cost=14.9685 | regret=0.1929
    result: record_global_index=9513 | name=None | score=15.1614
    arm_stats: problem_pulls=18 | problem_avg_reward=0.7917 | global_pulls=18 | global_avg_reward=0.7917
    state: rep_history=53/5000 | linear_history=53/10000 | head_mode=problem_specific | theta_norm=0.7057 | A_inv_diag_mean=0.945244 | A_inv_diag_min=0.821964 | A_inv_diag_max=0.987821
21:25:21 | epoch=1 | TRAIN[53] | TSP | select arm=0(bq) | reason=score
     0(bq              ): pulls=   3 | mean=+0.5220 | bonus=0.3725 | score=+0.7082 <--
     1(elg             ): pulls=   2 | mean=+0.4676 | bonus=0.3557 | score=+0.6455
     2(lehd            ): pulls=   2 | mean=+0.4451 | bonus=0.3208 | score=+0.6055
     3(t2t             ): pulls=   5 | mean=+0.4120 | bonus=0.3415 | score=+0.5828
     4(t2t500          ): pulls=  10 | mean=+0.4952 | bonus=0.2824 | score=+0.6364
     5(difusco         ): pulls=   2 | mean=+0.4472 | bonus=0.3856 | score=+0.6400
     6(difusco500      ): pulls=   3 | mean=+0.4342 | bonus=0.3554 | score=+0.6119
21:25:21 | t=54 | UPDATE | problem=TSP | head=TSP | uid=tsp:train:365 | global_index=365 | arm=0(bq)
    outcome: reward=1.0000 | selected_cost=7.9905 | best_cost=7.9905 | regret=0.0000
    result: record_global_index=365 | name=None | score=7.9905
    arm_stats: problem_pulls=4 | problem_avg_reward=0.7917 | global_pulls=6 | global_avg_reward=0.6111
    state: rep_history=54/5000 | linear_history=54/10000 | head_mode=problem_specific | theta_norm=0.5396 | A_inv_diag_mean=0.934438 | A_inv_diag_min=0.824150 | A_inv_diag_max=0.983474
21:25:21 | epoch=1 | TRAIN[54] | CVRP | select arm=7(omni) | reason=score
     0(bq              ): pulls=   2 | mean=+0.5170 | bonus=0.4073 | score=+0.7207
     1(elg             ): pulls=   2 | mean=+0.5577 | bonus=0.3516 | score=+0.7336
     2(lehd            ): pulls=   2 | mean=+0.5263 | bonus=0.3765 | score=+0.7146
     7(omni            ): pulls=  18 | mean=+0.6772 | bonus=0.2281 | score=+0.7913 <--
     8(mvmoe           ): pulls=   2 | mean=+0.5254 | bonus=0.3409 | score=+0.6958
21:25:21 | t=55 | UPDATE | problem=CVRP | head=CVRP | uid=cvrp:train:3498 | global_index=3498 | arm=7(omni)
    outcome: reward=1.0000 | selected_cost=18.5233 | best_cost=18.5233 | regret=0.0000
    result: record_global_index=3498 | name=None | score=18.5233
    arm_stats: problem_pulls=19 | problem_avg_reward=0.8026 | global_pulls=19 | global_avg_reward=0.8026
    state: rep_history=55/5000 | linear_history=55/10000 | head_mode=problem_specific | theta_norm=0.7267 | A_inv_diag_mean=0.945028 | A_inv_diag_min=0.820758 | A_inv_diag_max=0.987731
21:25:21 | epoch=1 | TRAIN[55] | CVRP | select arm=7(omni) | reason=score
     0(bq              ): pulls=   2 | mean=+0.7035 | bonus=0.4984 | score=+0.9527
     1(elg             ): pulls=   2 | mean=+0.7386 | bonus=0.4661 | score=+0.9716
     2(lehd            ): pulls=   2 | mean=+0.7082 | bonus=0.4505 | score=+0.9335
     7(omni            ): pulls=  19 | mean=+0.8677 | bonus=0.3158 | score=+1.0256 <--
     8(mvmoe           ): pulls=   2 | mean=+0.7141 | bonus=0.4020 | score=+0.9150
21:25:21 | t=56 | UPDATE | problem=CVRP | head=CVRP | uid=cvrp:train:9547 | global_index=9547 | arm=7(omni)
    outcome: reward=1.0000 | selected_cost=14.9714 | best_cost=14.9714 | regret=0.0000
    result: record_global_index=9547 | name=None | score=14.9714
    arm_stats: problem_pulls=20 | problem_avg_reward=0.8125 | global_pulls=20 | global_avg_reward=0.8125
    state: rep_history=56/5000 | linear_history=56/10000 | head_mode=problem_specific | theta_norm=0.7292 | A_inv_diag_mean=0.944848 | A_inv_diag_min=0.820661 | A_inv_diag_max=0.987728
21:25:21 | epoch=1 | TRAIN[56] | TSP | select arm=0(bq) | reason=score
     0(bq              ): pulls=   4 | mean=+0.4856 | bonus=0.4284 | score=+0.6999 <--
     1(elg             ): pulls=   2 | mean=+0.4205 | bonus=0.4602 | score=+0.6507
     2(lehd            ): pulls=   2 | mean=+0.3562 | bonus=0.4028 | score=+0.5575
     3(t2t             ): pulls=   5 | mean=+0.3186 | bonus=0.4074 | score=+0.5223
     4(t2t500          ): pulls=  10 | mean=+0.4120 | bonus=0.3717 | score=+0.5979
     5(difusco         ): pulls=   2 | mean=+0.3810 | bonus=0.4876 | score=+0.6248
     6(difusco500      ): pulls=   3 | mean=+0.3570 | bonus=0.4661 | score=+0.5900
21:25:21 | t=57 | UPDATE | problem=TSP | head=TSP | uid=tsp:train:8743 | global_index=8743 | arm=0(bq)
    outcome: reward=0.1667 | selected_cost=5.7899 | best_cost=5.6736 | regret=0.1163
    result: record_global_index=8743 | name=None | score=5.7899
    arm_stats: problem_pulls=5 | problem_avg_reward=0.6667 | global_pulls=7 | global_avg_reward=0.5476
    state: rep_history=57/5000 | linear_history=57/10000 | head_mode=problem_specific | theta_norm=0.4737 | A_inv_diag_mean=0.933197 | A_inv_diag_min=0.824143 | A_inv_diag_max=0.983447
21:25:21 | epoch=1 | TRAIN[57] | CVRP | select arm=7(omni) | reason=score
     0(bq              ): pulls=   2 | mean=+0.5235 | bonus=0.4104 | score=+0.7287
     1(elg             ): pulls=   2 | mean=+0.5653 | bonus=0.3588 | score=+0.7447
     2(lehd            ): pulls=   2 | mean=+0.5312 | bonus=0.3713 | score=+0.7169
     7(omni            ): pulls=  20 | mean=+0.6927 | bonus=0.2361 | score=+0.8108 <--
     8(mvmoe           ): pulls=   2 | mean=+0.5331 | bonus=0.3314 | score=+0.6988
21:25:21 | t=58 | UPDATE | problem=CVRP | head=CVRP | uid=cvrp:train:7141 | global_index=7141 | arm=7(omni)
    outcome: reward=0.2500 | selected_cost=11.2008 | best_cost=10.6331 | regret=0.5677
    result: record_global_index=7141 | name=None | score=11.2008
    arm_stats: problem_pulls=21 | problem_avg_reward=0.7857 | global_pulls=21 | global_avg_reward=0.7857
    state: rep_history=58/5000 | linear_history=58/10000 | head_mode=problem_specific | theta_norm=0.6895 | A_inv_diag_mean=0.944588 | A_inv_diag_min=0.820023 | A_inv_diag_max=0.987457
21:25:21 | epoch=1 | TRAIN[58] | CVRP | select arm=7(omni) | reason=score
     0(bq              ): pulls=   2 | mean=+0.6383 | bonus=0.4248 | score=+0.8507
     1(elg             ): pulls=   2 | mean=+0.6759 | bonus=0.4029 | score=+0.8773
     2(lehd            ): pulls=   2 | mean=+0.6450 | bonus=0.4214 | score=+0.8557
     7(omni            ): pulls=  21 | mean=+0.7939 | bonus=0.2417 | score=+0.9148 <--
     8(mvmoe           ): pulls=   2 | mean=+0.6467 | bonus=0.3520 | score=+0.8227
21:25:21 | t=59 | UPDATE | problem=CVRP | head=CVRP | uid=cvrp:train:5369 | global_index=5369 | arm=7(omni)
    outcome: reward=1.0000 | selected_cost=30.2327 | best_cost=30.2327 | regret=0.0000
    result: record_global_index=5369 | name=None | score=30.2327
    arm_stats: problem_pulls=22 | problem_avg_reward=0.7955 | global_pulls=22 | global_avg_reward=0.7955
    state: rep_history=59/5000 | linear_history=59/10000 | head_mode=problem_specific | theta_norm=0.6897 | A_inv_diag_mean=0.944518 | A_inv_diag_min=0.819811 | A_inv_diag_max=0.987455
21:25:21 | epoch=1 | TRAIN[59] | TSP | select arm=0(bq) | reason=score
     0(bq              ): pulls=   5 | mean=+0.3266 | bonus=1.0941 | score=+0.8737 <--
     1(elg             ): pulls=   2 | mean=+0.2577 | bonus=1.0696 | score=+0.7926
     2(lehd            ): pulls=   2 | mean=+0.2145 | bonus=1.1337 | score=+0.7813
     3(t2t             ): pulls=   5 | mean=+0.1844 | bonus=1.1137 | score=+0.7413
     4(t2t500          ): pulls=  10 | mean=+0.2585 | bonus=1.1124 | score=+0.8147
     5(difusco         ): pulls=   2 | mean=+0.2434 | bonus=1.0807 | score=+0.7838
     6(difusco500      ): pulls=   3 | mean=+0.2014 | bonus=1.1029 | score=+0.7529
21:25:21 | t=60 | UPDATE | problem=TSP | head=TSP | uid=tsp:train:8015 | global_index=8015 | arm=0(bq)
    outcome: reward=1.0000 | selected_cost=4.5970 | best_cost=4.5970 | regret=0.0000
    result: record_global_index=8015 | name=None | score=4.5970
    arm_stats: problem_pulls=6 | problem_avg_reward=0.7222 | global_pulls=8 | global_avg_reward=0.6042
    state: rep_history=60/5000 | linear_history=60/10000 | head_mode=problem_specific | theta_norm=0.5368 | A_inv_diag_mean=0.927957 | A_inv_diag_min=0.815767 | A_inv_diag_max=0.982757
21:25:21 | epoch=1 | TRAIN[60] | TSP | select arm=0(bq) | reason=score
     0(bq              ): pulls=   6 | mean=+0.6204 | bonus=0.3997 | score=+0.8203 <--
     1(elg             ): pulls=   2 | mean=+0.5423 | bonus=0.4021 | score=+0.7434
     2(lehd            ): pulls=   2 | mean=+0.5116 | bonus=0.3835 | score=+0.7033
     3(t2t             ): pulls=   5 | mean=+0.4693 | bonus=0.3916 | score=+0.6651
     4(t2t500          ): pulls=  10 | mean=+0.5490 | bonus=0.3535 | score=+0.7258
     5(difusco         ): pulls=   2 | mean=+0.5168 | bonus=0.3966 | score=+0.7151
     6(difusco500      ): pulls=   3 | mean=+0.4761 | bonus=0.4161 | score=+0.6841
21:25:21 | t=61 | UPDATE | problem=TSP | head=TSP | uid=tsp:train:6634 | global_index=6634 | arm=0(bq)
    outcome: reward=1.0000 | selected_cost=9.0644 | best_cost=9.0644 | regret=0.0000
    result: record_global_index=6634 | name=None | score=9.0644
    arm_stats: problem_pulls=7 | problem_avg_reward=0.7619 | global_pulls=9 | global_avg_reward=0.6481
    state: rep_history=61/5000 | linear_history=61/10000 | head_mode=problem_specific | theta_norm=0.5804 | A_inv_diag_mean=0.927207 | A_inv_diag_min=0.815725 | A_inv_diag_max=0.982753
21:25:21 | epoch=1 | TRAIN[61] | CVRP | select arm=7(omni) | reason=score
     0(bq              ): pulls=   2 | mean=+0.3147 | bonus=0.4573 | score=+0.5434
     1(elg             ): pulls=   2 | mean=+0.3816 | bonus=0.4263 | score=+0.5948
     2(lehd            ): pulls=   2 | mean=+0.3405 | bonus=0.5067 | score=+0.5938
     7(omni            ): pulls=  22 | mean=+0.5003 | bonus=0.3670 | score=+0.6838 <--
     8(mvmoe           ): pulls=   2 | mean=+0.3344 | bonus=0.4283 | score=+0.5486
21:25:21 | t=62 | UPDATE | problem=CVRP | head=CVRP | uid=cvrp:train:4286 | global_index=4286 | arm=7(omni)
    outcome: reward=0.2500 | selected_cost=10.8609 | best_cost=10.6616 | regret=0.1993
    result: record_global_index=4286 | name=None | score=10.8609
    arm_stats: problem_pulls=23 | problem_avg_reward=0.7717 | global_pulls=23 | global_avg_reward=0.7717
    state: rep_history=62/5000 | linear_history=62/10000 | head_mode=problem_specific | theta_norm=0.6782 | A_inv_diag_mean=0.943955 | A_inv_diag_min=0.817426 | A_inv_diag_max=0.987348
21:25:21 | epoch=1 | TRAIN[62] | CVRP | select arm=7(omni) | reason=score
     0(bq              ): pulls=   2 | mean=+0.3740 | bonus=0.4809 | score=+0.6144
     1(elg             ): pulls=   2 | mean=+0.4267 | bonus=0.4326 | score=+0.6430
     2(lehd            ): pulls=   2 | mean=+0.3889 | bonus=0.5035 | score=+0.6406
     7(omni            ): pulls=  23 | mean=+0.5390 | bonus=0.3749 | score=+0.7264 <--
     8(mvmoe           ): pulls=   2 | mean=+0.3850 | bonus=0.4813 | score=+0.6256
21:25:21 | t=63 | UPDATE | problem=CVRP | head=CVRP | uid=cvrp:train:3820 | global_index=3820 | arm=7(omni)
    outcome: reward=1.0000 | selected_cost=17.8360 | best_cost=17.8360 | regret=0.0000
    result: record_global_index=3820 | name=None | score=17.8360
    arm_stats: problem_pulls=24 | problem_avg_reward=0.7812 | global_pulls=24 | global_avg_reward=0.7812
    state: rep_history=63/5000 | linear_history=63/10000 | head_mode=problem_specific | theta_norm=0.6947 | A_inv_diag_mean=0.943139 | A_inv_diag_min=0.815623 | A_inv_diag_max=0.986805
21:25:21 | epoch=1 | TRAIN[63] | CVRP | select arm=7(omni) | reason=score
     0(bq              ): pulls=   2 | mean=+0.7629 | bonus=0.5064 | score=+1.0161
     1(elg             ): pulls=   2 | mean=+0.8024 | bonus=0.4896 | score=+1.0472
     2(lehd            ): pulls=   2 | mean=+0.7735 | bonus=0.4916 | score=+1.0194
     7(omni            ): pulls=  24 | mean=+0.9289 | bonus=0.3502 | score=+1.1040 <--
     8(mvmoe           ): pulls=   2 | mean=+0.7809 | bonus=0.4029 | score=+0.9823
21:25:21 | t=64 | UPDATE | problem=CVRP | head=CVRP | uid=cvrp:train:9759 | global_index=9759 | arm=7(omni)
    outcome: reward=0.2500 | selected_cost=13.0341 | best_cost=12.1564 | regret=0.8777
    result: record_global_index=9759 | name=None | score=13.0341
    arm_stats: problem_pulls=25 | problem_avg_reward=0.7600 | global_pulls=25 | global_avg_reward=0.7600
    state: rep_history=64/5000 | linear_history=64/10000 | head_mode=problem_specific | theta_norm=0.7065 | A_inv_diag_mean=0.942753 | A_inv_diag_min=0.814677 | A_inv_diag_max=0.985997
21:25:21 | epoch=1 | TRAIN[64] | TSP | select arm=0(bq) | reason=score
     0(bq              ): pulls=   7 | mean=+0.7341 | bonus=0.3894 | score=+0.9288 <--
     1(elg             ): pulls=   2 | mean=+0.6377 | bonus=0.4095 | score=+0.8424
     2(lehd            ): pulls=   2 | mean=+0.5906 | bonus=0.4178 | score=+0.7994
     3(t2t             ): pulls=   5 | mean=+0.5511 | bonus=0.4240 | score=+0.7631
     4(t2t500          ): pulls=  10 | mean=+0.6330 | bonus=0.3780 | score=+0.8220
     5(difusco         ): pulls=   2 | mean=+0.6096 | bonus=0.3896 | score=+0.8044
     6(difusco500      ): pulls=   3 | mean=+0.5562 | bonus=0.4235 | score=+0.7679
21:25:21 | t=65 | UPDATE | problem=TSP | head=TSP | uid=tsp:train:7044 | global_index=7044 | arm=0(bq)
    outcome: reward=1.0000 | selected_cost=9.0816 | best_cost=9.0816 | regret=0.0000
    result: record_global_index=7044 | name=None | score=9.0816
    arm_stats: problem_pulls=8 | problem_avg_reward=0.7917 | global_pulls=10 | global_avg_reward=0.6833
    state: rep_history=65/5000 | linear_history=65/10000 | head_mode=problem_specific | theta_norm=0.6035 | A_inv_diag_mean=0.926681 | A_inv_diag_min=0.815718 | A_inv_diag_max=0.982505
21:25:21 | epoch=1 | TRAIN[65] | CVRP | select arm=7(omni) | reason=score
     0(bq              ): pulls=   2 | mean=+0.4846 | bonus=0.4062 | score=+0.6877
     1(elg             ): pulls=   2 | mean=+0.5227 | bonus=0.3574 | score=+0.7014
     2(lehd            ): pulls=   2 | mean=+0.5033 | bonus=0.4102 | score=+0.7084
     7(omni            ): pulls=  25 | mean=+0.6498 | bonus=0.2478 | score=+0.7737 <--
     8(mvmoe           ): pulls=   2 | mean=+0.5154 | bonus=0.3631 | score=+0.6969
21:25:21 | t=66 | UPDATE | problem=CVRP | head=CVRP | uid=cvrp:train:8902 | global_index=8902 | arm=7(omni)
    outcome: reward=0.5000 | selected_cost=22.5520 | best_cost=22.3961 | regret=0.1559
    result: record_global_index=8902 | name=None | score=22.5520
    arm_stats: problem_pulls=26 | problem_avg_reward=0.7500 | global_pulls=26 | global_avg_reward=0.7500
    state: rep_history=66/5000 | linear_history=66/10000 | head_mode=problem_specific | theta_norm=0.6984 | A_inv_diag_mean=0.942451 | A_inv_diag_min=0.812910 | A_inv_diag_max=0.985995
21:25:21 | epoch=1 | TRAIN[66] | TSP | select arm=0(bq) | reason=score
     0(bq              ): pulls=   8 | mean=+0.5677 | bonus=0.4247 | score=+0.7800 <--
     1(elg             ): pulls=   2 | mean=+0.4684 | bonus=0.4619 | score=+0.6993
     2(lehd            ): pulls=   2 | mean=+0.3946 | bonus=0.4664 | score=+0.6279
     3(t2t             ): pulls=   5 | mean=+0.3577 | bonus=0.4833 | score=+0.5994
     4(t2t500          ): pulls=  10 | mean=+0.4429 | bonus=0.4231 | score=+0.6545
     5(difusco         ): pulls=   2 | mean=+0.4074 | bonus=0.4833 | score=+0.6490
     6(difusco500      ): pulls=   3 | mean=+0.3699 | bonus=0.4696 | score=+0.6047
21:25:21 | t=67 | UPDATE | problem=TSP | head=TSP | uid=tsp:train:3140 | global_index=3140 | arm=0(bq)
    outcome: reward=0.3333 | selected_cost=6.7719 | best_cost=6.7006 | regret=0.0714
    result: record_global_index=3140 | name=None | score=6.7719
    arm_stats: problem_pulls=9 | problem_avg_reward=0.7407 | global_pulls=11 | global_avg_reward=0.6515
    state: rep_history=67/5000 | linear_history=67/10000 | head_mode=problem_specific | theta_norm=0.5976 | A_inv_diag_mean=0.925813 | A_inv_diag_min=0.815582 | A_inv_diag_max=0.981969
21:25:21 | epoch=1 | TRAIN[67] | CVRP | select arm=7(omni) | reason=score
     0(bq              ): pulls=   2 | mean=+0.6358 | bonus=0.4351 | score=+0.8533
     1(elg             ): pulls=   2 | mean=+0.6699 | bonus=0.4278 | score=+0.8838
     2(lehd            ): pulls=   2 | mean=+0.6467 | bonus=0.4449 | score=+0.8692
     7(omni            ): pulls=  26 | mean=+0.7923 | bonus=0.2815 | score=+0.9330 <--
     8(mvmoe           ): pulls=   2 | mean=+0.6612 | bonus=0.4025 | score=+0.8624
21:25:21 | t=68 | UPDATE | problem=CVRP | head=CVRP | uid=cvrp:train:5852 | global_index=5852 | arm=7(omni)
    outcome: reward=0.5000 | selected_cost=11.7370 | best_cost=10.5262 | regret=1.2107
    result: record_global_index=5852 | name=None | score=11.7370
    arm_stats: problem_pulls=27 | problem_avg_reward=0.7407 | global_pulls=27 | global_avg_reward=0.7407
    state: rep_history=68/5000 | linear_history=68/10000 | head_mode=problem_specific | theta_norm=0.6979 | A_inv_diag_mean=0.942147 | A_inv_diag_min=0.812578 | A_inv_diag_max=0.985553
21:25:21 | epoch=1 | TRAIN[68] | CVRP | select arm=7(omni) | reason=score
     0(bq              ): pulls=   2 | mean=+0.5496 | bonus=0.4301 | score=+0.7647
     1(elg             ): pulls=   2 | mean=+0.5827 | bonus=0.3824 | score=+0.7739
     2(lehd            ): pulls=   2 | mean=+0.5587 | bonus=0.3774 | score=+0.7474
     7(omni            ): pulls=  27 | mean=+0.7012 | bonus=0.2421 | score=+0.8223 <--
     8(mvmoe           ): pulls=   2 | mean=+0.5688 | bonus=0.3308 | score=+0.7342
21:25:21 | t=69 | UPDATE | problem=CVRP | head=CVRP | uid=cvrp:train:2880 | global_index=2880 | arm=7(omni)
    outcome: reward=0.7500 | selected_cost=21.0442 | best_cost=21.0432 | regret=0.0010
    result: record_global_index=2880 | name=None | score=21.0442
    arm_stats: problem_pulls=28 | problem_avg_reward=0.7411 | global_pulls=28 | global_avg_reward=0.7411
    state: rep_history=69/5000 | linear_history=69/10000 | head_mode=problem_specific | theta_norm=0.7010 | A_inv_diag_mean=0.941883 | A_inv_diag_min=0.812458 | A_inv_diag_max=0.985494
21:25:21 | epoch=1 | TRAIN[69] | TSP | select arm=0(bq) | reason=score
     0(bq              ): pulls=   9 | mean=+0.6147 | bonus=0.3307 | score=+0.7801 <--
     1(elg             ): pulls=   2 | mean=+0.5193 | bonus=0.3565 | score=+0.6975
     2(lehd            ): pulls=   2 | mean=+0.4664 | bonus=0.3227 | score=+0.6277
     3(t2t             ): pulls=   5 | mean=+0.4252 | bonus=0.3606 | score=+0.6055
     4(t2t500          ): pulls=  10 | mean=+0.5099 | bonus=0.3004 | score=+0.6601
     5(difusco         ): pulls=   2 | mean=+0.4796 | bonus=0.3658 | score=+0.6625
     6(difusco500      ): pulls=   3 | mean=+0.4343 | bonus=0.3774 | score=+0.6229
21:25:21 | t=70 | UPDATE | problem=TSP | head=TSP | uid=tsp:train:5961 | global_index=5961 | arm=0(bq)
    outcome: reward=1.0000 | selected_cost=8.0987 | best_cost=8.0987 | regret=0.0000
    result: record_global_index=5961 | name=None | score=8.0987
    arm_stats: problem_pulls=10 | problem_avg_reward=0.7667 | global_pulls=12 | global_avg_reward=0.6806
    state: rep_history=70/5000 | linear_history=70/10000 | head_mode=problem_specific | theta_norm=0.6426 | A_inv_diag_mean=0.925224 | A_inv_diag_min=0.815581 | A_inv_diag_max=0.981677
21:25:21 | epoch=1 | TRAIN[70] | CVRP | select arm=7(omni) | reason=score
     0(bq              ): pulls=   2 | mean=+0.5485 | bonus=0.3854 | score=+0.7412
     1(elg             ): pulls=   2 | mean=+0.5798 | bonus=0.3504 | score=+0.7550
     2(lehd            ): pulls=   2 | mean=+0.5569 | bonus=0.3758 | score=+0.7448
     7(omni            ): pulls=  28 | mean=+0.7002 | bonus=0.1940 | score=+0.7972 <--
     8(mvmoe           ): pulls=   2 | mean=+0.5683 | bonus=0.3089 | score=+0.7227
21:25:21 | t=71 | UPDATE | problem=CVRP | head=CVRP | uid=cvrp:train:8449 | global_index=8449 | arm=7(omni)
    outcome: reward=1.0000 | selected_cost=24.8127 | best_cost=24.8127 | regret=0.0000
    result: record_global_index=8449 | name=None | score=24.8127
    arm_stats: problem_pulls=29 | problem_avg_reward=0.7500 | global_pulls=29 | global_avg_reward=0.7500
    state: rep_history=71/5000 | linear_history=71/10000 | head_mode=problem_specific | theta_norm=0.7114 | A_inv_diag_mean=0.941765 | A_inv_diag_min=0.811798 | A_inv_diag_max=0.985436
21:25:21 | epoch=1 | TRAIN[71] | CVRP | select arm=7(omni) | reason=score
     0(bq              ): pulls=   2 | mean=+0.5943 | bonus=0.4045 | score=+0.7965
     1(elg             ): pulls=   2 | mean=+0.6256 | bonus=0.3908 | score=+0.8210
     2(lehd            ): pulls=   2 | mean=+0.6026 | bonus=0.4186 | score=+0.8119
     7(omni            ): pulls=  29 | mean=+0.7513 | bonus=0.2273 | score=+0.8649 <--
     8(mvmoe           ): pulls=   2 | mean=+0.6155 | bonus=0.3462 | score=+0.7886
21:25:21 | t=72 | UPDATE | problem=CVRP | head=CVRP | uid=cvrp:train:3082 | global_index=3082 | arm=7(omni)
    outcome: reward=0.7500 | selected_cost=24.5384 | best_cost=24.4680 | regret=0.0704
    result: record_global_index=3082 | name=None | score=24.5384
    arm_stats: problem_pulls=30 | problem_avg_reward=0.7500 | global_pulls=30 | global_avg_reward=0.7500
    state: rep_history=72/5000 | linear_history=72/10000 | head_mode=problem_specific | theta_norm=0.7114 | A_inv_diag_mean=0.941628 | A_inv_diag_min=0.811453 | A_inv_diag_max=0.985435
21:25:21 | epoch=1 | TRAIN[72] | TSP | select arm=0(bq) | reason=score
     0(bq              ): pulls=  10 | mean=+0.6397 | bonus=0.3079 | score=+0.7936 <--
     1(elg             ): pulls=   2 | mean=+0.5291 | bonus=0.3474 | score=+0.7027
     2(lehd            ): pulls=   2 | mean=+0.4580 | bonus=0.3270 | score=+0.6215
     3(t2t             ): pulls=   5 | mean=+0.4225 | bonus=0.3600 | score=+0.6025
     4(t2t500          ): pulls=  10 | mean=+0.5096 | bonus=0.2870 | score=+0.6530
     5(difusco         ): pulls=   2 | mean=+0.4840 | bonus=0.3752 | score=+0.6716
     6(difusco500      ): pulls=   3 | mean=+0.4326 | bonus=0.3541 | score=+0.6097
21:25:21 | t=73 | UPDATE | problem=TSP | head=TSP | uid=tsp:train:8924 | global_index=8924 | arm=0(bq)
    outcome: reward=0.0000 | selected_cost=7.2057 | best_cost=6.9959 | regret=0.2098
    result: record_global_index=8924 | name=None | score=7.2057
    arm_stats: problem_pulls=11 | problem_avg_reward=0.6970 | global_pulls=13 | global_avg_reward=0.6282
    state: rep_history=73/5000 | linear_history=73/10000 | head_mode=problem_specific | theta_norm=0.6151 | A_inv_diag_mean=0.924720 | A_inv_diag_min=0.815401 | A_inv_diag_max=0.981375
21:25:21 | epoch=1 | TRAIN[73] | CVRP | select arm=7(omni) | reason=score
     0(bq              ): pulls=   2 | mean=+0.6424 | bonus=0.4415 | score=+0.8632
     1(elg             ): pulls=   2 | mean=+0.6749 | bonus=0.4208 | score=+0.8853
     2(lehd            ): pulls=   2 | mean=+0.6503 | bonus=0.4388 | score=+0.8697
     7(omni            ): pulls=  30 | mean=+0.8001 | bonus=0.2415 | score=+0.9209 <--
     8(mvmoe           ): pulls=   2 | mean=+0.6634 | bonus=0.3640 | score=+0.8454
21:25:21 | t=74 | UPDATE | problem=CVRP | head=CVRP | uid=cvrp:train:6778 | global_index=6778 | arm=7(omni)
    outcome: reward=0.2500 | selected_cost=20.0379 | best_cost=18.8811 | regret=1.1567
    result: record_global_index=6778 | name=None | score=20.0379
    arm_stats: problem_pulls=31 | problem_avg_reward=0.7339 | global_pulls=31 | global_avg_reward=0.7339
    state: rep_history=74/5000 | linear_history=74/10000 | head_mode=problem_specific | theta_norm=0.7239 | A_inv_diag_mean=0.941524 | A_inv_diag_min=0.811452 | A_inv_diag_max=0.985151
21:25:21 | epoch=1 | TRAIN[74] | CVRP | select arm=7(omni) | reason=score
     0(bq              ): pulls=   2 | mean=+0.4899 | bonus=0.5134 | score=+0.7466
     1(elg             ): pulls=   2 | mean=+0.5176 | bonus=0.5215 | score=+0.7784
     2(lehd            ): pulls=   2 | mean=+0.4978 | bonus=0.5527 | score=+0.7741
     7(omni            ): pulls=  31 | mean=+0.6449 | bonus=0.4153 | score=+0.8526 <--
     8(mvmoe           ): pulls=   2 | mean=+0.5129 | bonus=0.5014 | score=+0.7636
21:25:21 | t=75 | UPDATE | problem=CVRP | head=CVRP | uid=cvrp:train:8009 | global_index=8009 | arm=7(omni)
    outcome: reward=0.5000 | selected_cost=16.1152 | best_cost=15.1755 | regret=0.9397
    result: record_global_index=8009 | name=None | score=16.1152
    arm_stats: problem_pulls=32 | problem_avg_reward=0.7266 | global_pulls=32 | global_avg_reward=0.7266
    state: rep_history=75/5000 | linear_history=75/10000 | head_mode=problem_specific | theta_norm=0.7359 | A_inv_diag_mean=0.940363 | A_inv_diag_min=0.811064 | A_inv_diag_max=0.984593
21:25:21 | epoch=1 | TRAIN[75] | TSP | select arm=0(bq) | reason=score
     0(bq              ): pulls=  11 | mean=+0.4598 | bonus=0.3537 | score=+0.6367 <--
     1(elg             ): pulls=   2 | mean=+0.3846 | bonus=0.4238 | score=+0.5965
     2(lehd            ): pulls=   2 | mean=+0.3218 | bonus=0.3859 | score=+0.5148
     3(t2t             ): pulls=   5 | mean=+0.2747 | bonus=0.4012 | score=+0.4753
     4(t2t500          ): pulls=  10 | mean=+0.3709 | bonus=0.3536 | score=+0.5477
     5(difusco         ): pulls=   2 | mean=+0.3177 | bonus=0.4494 | score=+0.5424
     6(difusco500      ): pulls=   3 | mean=+0.3076 | bonus=0.4383 | score=+0.5267
21:25:21 | t=76 | UPDATE | problem=TSP | head=TSP | uid=tsp:train:47 | global_index=47 | arm=0(bq)
    outcome: reward=0.0000 | selected_cost=6.1749 | best_cost=5.9931 | regret=0.1818
    result: record_global_index=47 | name=None | score=6.1749
    arm_stats: problem_pulls=12 | problem_avg_reward=0.6389 | global_pulls=14 | global_avg_reward=0.5833
    state: rep_history=76/5000 | linear_history=76/10000 | head_mode=problem_specific | theta_norm=0.5730 | A_inv_diag_mean=0.924047 | A_inv_diag_min=0.815390 | A_inv_diag_max=0.981375
21:25:21 | epoch=1 | TRAIN[76] | TSP | select arm=0(bq) | reason=score
     0(bq              ): pulls=  12 | mean=+0.8694 | bonus=0.4461 | score=+1.0925 <--
     1(elg             ): pulls=   2 | mean=+0.7871 | bonus=0.4846 | score=+1.0294
     2(lehd            ): pulls=   2 | mean=+0.7647 | bonus=0.5067 | score=+1.0181
     3(t2t             ): pulls=   5 | mean=+0.7197 | bonus=0.5152 | score=+0.9773
     4(t2t500          ): pulls=  10 | mean=+0.8034 | bonus=0.4655 | score=+1.0361
     5(difusco         ): pulls=   2 | mean=+0.7544 | bonus=0.4338 | score=+0.9713
     6(difusco500      ): pulls=   3 | mean=+0.7201 | bonus=0.4829 | score=+0.9616
21:25:21 | t=77 | UPDATE | problem=TSP | head=TSP | uid=tsp:train:2309 | global_index=2309 | arm=0(bq)
    outcome: reward=0.1667 | selected_cost=8.8429 | best_cost=8.6821 | regret=0.1609
    result: record_global_index=2309 | name=None | score=8.8429
    arm_stats: problem_pulls=13 | problem_avg_reward=0.6026 | global_pulls=15 | global_avg_reward=0.5556
    state: rep_history=77/5000 | linear_history=77/10000 | head_mode=problem_specific | theta_norm=0.5456 | A_inv_diag_mean=0.923371 | A_inv_diag_min=0.815341 | A_inv_diag_max=0.980208
21:25:21 | epoch=1 | TRAIN[77] | TSP | select arm=0(bq) | reason=score
     0(bq              ): pulls=  13 | mean=+0.6552 | bonus=0.3636 | score=+0.8370 <--
     1(elg             ): pulls=   2 | mean=+0.5919 | bonus=0.4103 | score=+0.7971
     2(lehd            ): pulls=   2 | mean=+0.5806 | bonus=0.4281 | score=+0.7947
     3(t2t             ): pulls=   5 | mean=+0.5336 | bonus=0.4455 | score=+0.7563
     4(t2t500          ): pulls=  10 | mean=+0.6187 | bonus=0.3889 | score=+0.8132
     5(difusco         ): pulls=   2 | mean=+0.5768 | bonus=0.3870 | score=+0.7702
     6(difusco500      ): pulls=   3 | mean=+0.5501 | bonus=0.4261 | score=+0.7632
21:25:21 | t=78 | UPDATE | problem=TSP | head=TSP | uid=tsp:train:160 | global_index=160 | arm=0(bq)
    outcome: reward=0.1667 | selected_cost=9.3069 | best_cost=9.1518 | regret=0.1552
    result: record_global_index=160 | name=None | score=9.3069
    arm_stats: problem_pulls=14 | problem_avg_reward=0.5714 | global_pulls=16 | global_avg_reward=0.5312
    state: rep_history=78/5000 | linear_history=78/10000 | head_mode=problem_specific | theta_norm=0.5371 | A_inv_diag_mean=0.922969 | A_inv_diag_min=0.815340 | A_inv_diag_max=0.980133
21:25:21 | epoch=1 | TRAIN[78] | TSP | select arm=4(t2t500) | reason=score
     0(bq              ): pulls=  14 | mean=+0.6647 | bonus=0.3645 | score=+0.8469
     1(elg             ): pulls=   2 | mean=+0.6151 | bonus=0.4229 | score=+0.8265
     2(lehd            ): pulls=   2 | mean=+0.6130 | bonus=0.4436 | score=+0.8348
     3(t2t             ): pulls=   5 | mean=+0.5622 | bonus=0.4629 | score=+0.7937
     4(t2t500          ): pulls=  10 | mean=+0.6482 | bonus=0.4066 | score=+0.8515 <--
     5(difusco         ): pulls=   2 | mean=+0.6069 | bonus=0.3827 | score=+0.7983
     6(difusco500      ): pulls=   3 | mean=+0.5866 | bonus=0.4404 | score=+0.8068
21:25:21 | t=79 | UPDATE | problem=TSP | head=TSP | uid=tsp:train:7549 | global_index=7549 | arm=4(t2t500)
    outcome: reward=0.3333 | selected_cost=8.4615 | best_cost=8.3863 | regret=0.0752
    result: record_global_index=7549 | name=None | score=8.4615
    arm_stats: problem_pulls=11 | problem_avg_reward=0.4924 | global_pulls=11 | global_avg_reward=0.4924
    state: rep_history=79/5000 | linear_history=79/10000 | head_mode=problem_specific | theta_norm=0.5399 | A_inv_diag_mean=0.922390 | A_inv_diag_min=0.815145 | A_inv_diag_max=0.979787
21:25:21 | epoch=1 | TRAIN[79] | CVRP | select arm=7(omni) | reason=score
     0(bq              ): pulls=   2 | mean=+0.5009 | bonus=0.4117 | score=+0.7067
     1(elg             ): pulls=   2 | mean=+0.5371 | bonus=0.3560 | score=+0.7151
     2(lehd            ): pulls=   2 | mean=+0.5125 | bonus=0.3836 | score=+0.7043
     7(omni            ): pulls=  32 | mean=+0.6604 | bonus=0.2264 | score=+0.7736 <--
     8(mvmoe           ): pulls=   2 | mean=+0.5217 | bonus=0.3551 | score=+0.6992
21:25:21 | t=80 | UPDATE | problem=CVRP | head=CVRP | uid=cvrp:train:8644 | global_index=8644 | arm=7(omni)
    outcome: reward=0.5000 | selected_cost=8.2593 | best_cost=7.6928 | regret=0.5665
    result: record_global_index=8644 | name=None | score=8.2593
    arm_stats: problem_pulls=33 | problem_avg_reward=0.7197 | global_pulls=33 | global_avg_reward=0.7197
    state: rep_history=80/5000 | linear_history=80/10000 | head_mode=problem_specific | theta_norm=0.7205 | A_inv_diag_mean=0.940129 | A_inv_diag_min=0.810271 | A_inv_diag_max=0.984381
21:25:21 | epoch=1 | TRAIN[80] | TSP | select arm=0(bq) | reason=score
     0(bq              ): pulls=  14 | mean=+0.5099 | bonus=0.2767 | score=+0.6483 <--
     1(elg             ): pulls=   2 | mean=+0.4641 | bonus=0.3402 | score=+0.6342
     2(lehd            ): pulls=   2 | mean=+0.4467 | bonus=0.3292 | score=+0.6113
     3(t2t             ): pulls=   5 | mean=+0.4059 | bonus=0.3762 | score=+0.5941
     4(t2t500          ): pulls=  11 | mean=+0.4756 | bonus=0.2820 | score=+0.6166
     5(difusco         ): pulls=   2 | mean=+0.4532 | bonus=0.3259 | score=+0.6162
     6(difusco500      ): pulls=   3 | mean=+0.4321 | bonus=0.3607 | score=+0.6124
21:25:21 | t=81 | UPDATE | problem=TSP | head=TSP | uid=tsp:train:924 | global_index=924 | arm=0(bq)
    outcome: reward=1.0000 | selected_cost=9.3199 | best_cost=9.3199 | regret=0.0000
    result: record_global_index=924 | name=None | score=9.3199
    arm_stats: problem_pulls=15 | problem_avg_reward=0.6000 | global_pulls=17 | global_avg_reward=0.5588
    state: rep_history=81/5000 | linear_history=81/10000 | head_mode=problem_specific | theta_norm=0.5569 | A_inv_diag_mean=0.922116 | A_inv_diag_min=0.815118 | A_inv_diag_max=0.979505
21:25:21 | epoch=1 | TRAIN[81] | TSP | select arm=0(bq) | reason=score
     0(bq              ): pulls=  15 | mean=+0.6586 | bonus=0.6596 | score=+0.9884 <--
     1(elg             ): pulls=   2 | mean=+0.6007 | bonus=0.7079 | score=+0.9546
     2(lehd            ): pulls=   2 | mean=+0.5649 | bonus=0.7310 | score=+0.9304
     3(t2t             ): pulls=   5 | mean=+0.5311 | bonus=0.7555 | score=+0.9088
     4(t2t500          ): pulls=  11 | mean=+0.6057 | bonus=0.6812 | score=+0.9463
     5(difusco         ): pulls=   2 | mean=+0.5769 | bonus=0.7026 | score=+0.9282
     6(difusco500      ): pulls=   3 | mean=+0.5595 | bonus=0.6982 | score=+0.9086
21:25:21 | t=82 | UPDATE | problem=TSP | head=TSP | uid=tsp:train:3273 | global_index=3273 | arm=0(bq)
    outcome: reward=0.1667 | selected_cost=9.7466 | best_cost=9.7097 | regret=0.0369
    result: record_global_index=3273 | name=None | score=9.7466
    arm_stats: problem_pulls=16 | problem_avg_reward=0.5729 | global_pulls=18 | global_avg_reward=0.5370
    state: rep_history=82/5000 | linear_history=82/10000 | head_mode=problem_specific | theta_norm=0.6372 | A_inv_diag_mean=0.919994 | A_inv_diag_min=0.813808 | A_inv_diag_max=0.979424
21:25:22 | epoch=1 | TRAIN[82] | TSP | select arm=0(bq) | reason=score
     0(bq              ): pulls=  16 | mean=+0.6270 | bonus=0.2943 | score=+0.7741 <--
     1(elg             ): pulls=   2 | mean=+0.5712 | bonus=0.3741 | score=+0.7582
     2(lehd            ): pulls=   2 | mean=+0.5439 | bonus=0.3894 | score=+0.7386
     3(t2t             ): pulls=   5 | mean=+0.5036 | bonus=0.4139 | score=+0.7105
     4(t2t500          ): pulls=  11 | mean=+0.5803 | bonus=0.3311 | score=+0.7458
     5(difusco         ): pulls=   2 | mean=+0.5621 | bonus=0.3489 | score=+0.7365
     6(difusco500      ): pulls=   3 | mean=+0.5382 | bonus=0.3975 | score=+0.7369
21:25:22 | t=83 | UPDATE | problem=TSP | head=TSP | uid=tsp:train:9021 | global_index=9021 | arm=0(bq)
    outcome: reward=0.8333 | selected_cost=9.8835 | best_cost=9.8165 | regret=0.0670
    result: record_global_index=9021 | name=None | score=9.8835
    arm_stats: problem_pulls=17 | problem_avg_reward=0.5882 | global_pulls=19 | global_avg_reward=0.5526
    state: rep_history=83/5000 | linear_history=83/10000 | head_mode=problem_specific | theta_norm=0.6418 | A_inv_diag_mean=0.919809 | A_inv_diag_min=0.813786 | A_inv_diag_max=0.979257
21:25:22 | epoch=1 | TRAIN[83] | TSP | select arm=0(bq) | reason=score
     0(bq              ): pulls=  17 | mean=+0.4791 | bonus=0.2973 | score=+0.6278 <--
     1(elg             ): pulls=   2 | mean=+0.4240 | bonus=0.3729 | score=+0.6105
     2(lehd            ): pulls=   2 | mean=+0.3843 | bonus=0.3912 | score=+0.5800
     3(t2t             ): pulls=   5 | mean=+0.3488 | bonus=0.3838 | score=+0.5407
     4(t2t500          ): pulls=  11 | mean=+0.4240 | bonus=0.3589 | score=+0.6034
     5(difusco         ): pulls=   2 | mean=+0.3969 | bonus=0.4306 | score=+0.6122
     6(difusco500      ): pulls=   3 | mean=+0.3829 | bonus=0.4259 | score=+0.5958
21:25:22 | t=84 | UPDATE | problem=TSP | head=TSP | uid=tsp:train:6264 | global_index=6264 | arm=0(bq)
    outcome: reward=0.0000 | selected_cost=7.6637 | best_cost=7.1349 | regret=0.5287
    result: record_global_index=6264 | name=None | score=7.6637
    arm_stats: problem_pulls=18 | problem_avg_reward=0.5556 | global_pulls=20 | global_avg_reward=0.5250
    state: rep_history=84/5000 | linear_history=84/10000 | head_mode=problem_specific | theta_norm=0.6494 | A_inv_diag_mean=0.919353 | A_inv_diag_min=0.811364 | A_inv_diag_max=0.979225
21:25:22 | epoch=1 | TRAIN[84] | CVRP | select arm=7(omni) | reason=score
     0(bq              ): pulls=   2 | mean=+0.4549 | bonus=0.4708 | score=+0.6903
     1(elg             ): pulls=   2 | mean=+0.4799 | bonus=0.4611 | score=+0.7105
     2(lehd            ): pulls=   2 | mean=+0.4600 | bonus=0.5144 | score=+0.7172
     7(omni            ): pulls=  33 | mean=+0.6029 | bonus=0.3549 | score=+0.7804 <--
     8(mvmoe           ): pulls=   2 | mean=+0.4732 | bonus=0.4623 | score=+0.7044
21:25:22 | t=85 | UPDATE | problem=CVRP | head=CVRP | uid=cvrp:train:9358 | global_index=9358 | arm=7(omni)
    outcome: reward=0.5000 | selected_cost=13.1133 | best_cost=12.4660 | regret=0.6473
    result: record_global_index=9358 | name=None | score=13.1133
    arm_stats: problem_pulls=34 | problem_avg_reward=0.7132 | global_pulls=34 | global_avg_reward=0.7132
    state: rep_history=85/5000 | linear_history=85/10000 | head_mode=problem_specific | theta_norm=0.7250 | A_inv_diag_mean=0.939426 | A_inv_diag_min=0.808499 | A_inv_diag_max=0.984141
21:25:22 | epoch=1 | TRAIN[85] | TSP | select arm=0(bq) | reason=score
     0(bq              ): pulls=  18 | mean=+0.4955 | bonus=0.2410 | score=+0.6160 <--
     1(elg             ): pulls=   2 | mean=+0.4513 | bonus=0.3143 | score=+0.6085
     2(lehd            ): pulls=   2 | mean=+0.4217 | bonus=0.3090 | score=+0.5763
     3(t2t             ): pulls=   5 | mean=+0.3872 | bonus=0.3572 | score=+0.5658
     4(t2t500          ): pulls=  11 | mean=+0.4559 | bonus=0.2685 | score=+0.5902
     5(difusco         ): pulls=   2 | mean=+0.4228 | bonus=0.3351 | score=+0.5903
     6(difusco500      ): pulls=   3 | mean=+0.4155 | bonus=0.3410 | score=+0.5860
21:25:22 | t=86 | UPDATE | problem=TSP | head=TSP | uid=tsp:train:2042 | global_index=2042 | arm=0(bq)
    outcome: reward=0.6667 | selected_cost=7.3754 | best_cost=7.3002 | regret=0.0752
    result: record_global_index=2042 | name=None | score=7.3754
    arm_stats: problem_pulls=19 | problem_avg_reward=0.5614 | global_pulls=21 | global_avg_reward=0.5317
    state: rep_history=86/5000 | linear_history=86/10000 | head_mode=problem_specific | theta_norm=0.6560 | A_inv_diag_mean=0.919081 | A_inv_diag_min=0.811005 | A_inv_diag_max=0.979058
21:25:22 | epoch=1 | TRAIN[86] | TSP | select arm=0(bq) | reason=score
     0(bq              ): pulls=  19 | mean=+0.5625 | bonus=0.3320 | score=+0.7285 <--
     1(elg             ): pulls=   2 | mean=+0.5091 | bonus=0.4297 | score=+0.7239
     2(lehd            ): pulls=   2 | mean=+0.4799 | bonus=0.4627 | score=+0.7113
     3(t2t             ): pulls=   5 | mean=+0.4467 | bonus=0.4758 | score=+0.6846
     4(t2t500          ): pulls=  11 | mean=+0.5197 | bonus=0.3955 | score=+0.7175
     5(difusco         ): pulls=   2 | mean=+0.4878 | bonus=0.4155 | score=+0.6956
     6(difusco500      ): pulls=   3 | mean=+0.4745 | bonus=0.4497 | score=+0.6994
21:25:22 | t=87 | UPDATE | problem=TSP | head=TSP | uid=tsp:train:3223 | global_index=3223 | arm=0(bq)
    outcome: reward=1.0000 | selected_cost=11.1791 | best_cost=11.1791 | regret=0.0000
    result: record_global_index=3223 | name=None | score=11.1791
    arm_stats: problem_pulls=20 | problem_avg_reward=0.5833 | global_pulls=22 | global_avg_reward=0.5530
    state: rep_history=87/5000 | linear_history=87/10000 | head_mode=problem_specific | theta_norm=0.6242 | A_inv_diag_mean=0.918717 | A_inv_diag_min=0.809080 | A_inv_diag_max=0.979036
21:25:22 | epoch=1 | TRAIN[87] | CVRP | select arm=7(omni) | reason=score
     0(bq              ): pulls=   2 | mean=+0.4492 | bonus=0.4097 | score=+0.6541
     1(elg             ): pulls=   2 | mean=+0.4909 | bonus=0.3646 | score=+0.6733
     2(lehd            ): pulls=   2 | mean=+0.4622 | bonus=0.3799 | score=+0.6522
     7(omni            ): pulls=  34 | mean=+0.6082 | bonus=0.2447 | score=+0.7306 <--
     8(mvmoe           ): pulls=   2 | mean=+0.4675 | bonus=0.3366 | score=+0.6359
21:25:22 | t=88 | UPDATE | problem=CVRP | head=CVRP | uid=cvrp:train:8961 | global_index=8961 | arm=7(omni)
    outcome: reward=0.7500 | selected_cost=47.5264 | best_cost=47.4930 | regret=0.0334
    result: record_global_index=8961 | name=None | score=47.5264
    arm_stats: problem_pulls=35 | problem_avg_reward=0.7143 | global_pulls=35 | global_avg_reward=0.7143
    state: rep_history=88/5000 | linear_history=88/10000 | head_mode=problem_specific | theta_norm=0.7366 | A_inv_diag_mean=0.939091 | A_inv_diag_min=0.808291 | A_inv_diag_max=0.984079
21:25:22 | epoch=1 | TRAIN[88] | CVRP | select arm=7(omni) | reason=score
     0(bq              ): pulls=   2 | mean=+0.4784 | bonus=0.4528 | score=+0.7049
     1(elg             ): pulls=   2 | mean=+0.5312 | bonus=0.4151 | score=+0.7387
     2(lehd            ): pulls=   2 | mean=+0.4993 | bonus=0.4176 | score=+0.7081
     7(omni            ): pulls=  35 | mean=+0.6503 | bonus=0.3059 | score=+0.8032 <--
     8(mvmoe           ): pulls=   2 | mean=+0.4995 | bonus=0.3613 | score=+0.6801
21:25:22 | t=89 | UPDATE | problem=CVRP | head=CVRP | uid=cvrp:train:2765 | global_index=2765 | arm=7(omni)
    outcome: reward=1.0000 | selected_cost=15.1067 | best_cost=15.1067 | regret=0.0000
    result: record_global_index=2765 | name=None | score=15.1067
    arm_stats: problem_pulls=36 | problem_avg_reward=0.7222 | global_pulls=36 | global_avg_reward=0.7222
    state: rep_history=89/5000 | linear_history=89/10000 | head_mode=problem_specific | theta_norm=0.7789 | A_inv_diag_mean=0.938673 | A_inv_diag_min=0.808138 | A_inv_diag_max=0.984061
21:25:22 | epoch=1 | TRAIN[89] | TSP | select arm=0(bq) | reason=epsilon_random
     0(bq              ): pulls=  20 | mean=+0.4797 | bonus=0.2397 | score=+0.5995 <--
     1(elg             ): pulls=   2 | mean=+0.4293 | bonus=0.3279 | score=+0.5932
     2(lehd            ): pulls=   2 | mean=+0.3887 | bonus=0.3285 | score=+0.5530
     3(t2t             ): pulls=   5 | mean=+0.3579 | bonus=0.3494 | score=+0.5326
     4(t2t500          ): pulls=  11 | mean=+0.4217 | bonus=0.2952 | score=+0.5693
     5(difusco         ): pulls=   2 | mean=+0.3902 | bonus=0.3677 | score=+0.5741
     6(difusco500      ): pulls=   3 | mean=+0.3777 | bonus=0.3646 | score=+0.5600
21:25:22 | t=90 | UPDATE | problem=TSP | head=TSP | uid=tsp:train:3196 | global_index=3196 | arm=0(bq)
    outcome: reward=0.8333 | selected_cost=11.0900 | best_cost=10.9864 | regret=0.1036
    result: record_global_index=3196 | name=None | score=11.0900
    arm_stats: problem_pulls=21 | problem_avg_reward=0.5952 | global_pulls=23 | global_avg_reward=0.5652
    state: rep_history=90/5000 | linear_history=90/10000 | head_mode=problem_specific | theta_norm=0.6387 | A_inv_diag_mean=0.918459 | A_inv_diag_min=0.809080 | A_inv_diag_max=0.979012
21:25:22 | epoch=1 | TRAIN[90] | TSP | select arm=0(bq) | reason=score
     0(bq              ): pulls=  21 | mean=+0.6927 | bonus=0.3488 | score=+0.8671 <--
     1(elg             ): pulls=   2 | mean=+0.6268 | bonus=0.4300 | score=+0.8418
     2(lehd            ): pulls=   2 | mean=+0.5879 | bonus=0.4489 | score=+0.8124
     3(t2t             ): pulls=   5 | mean=+0.5567 | bonus=0.4808 | score=+0.7971
     4(t2t500          ): pulls=  11 | mean=+0.6238 | bonus=0.4013 | score=+0.8244
     5(difusco         ): pulls=   2 | mean=+0.6054 | bonus=0.4015 | score=+0.8062
     6(difusco500      ): pulls=   3 | mean=+0.5744 | bonus=0.4452 | score=+0.7970
21:25:22 | t=91 | UPDATE | problem=TSP | head=TSP | uid=tsp:train:2283 | global_index=2283 | arm=0(bq)
    outcome: reward=0.5000 | selected_cost=8.7897 | best_cost=8.6039 | regret=0.1858
    result: record_global_index=2283 | name=None | score=8.7897
    arm_stats: problem_pulls=22 | problem_avg_reward=0.5909 | global_pulls=24 | global_avg_reward=0.5625
    state: rep_history=91/5000 | linear_history=91/10000 | head_mode=problem_specific | theta_norm=0.6463 | A_inv_diag_mean=0.918041 | A_inv_diag_min=0.809055 | A_inv_diag_max=0.978474
21:25:22 | epoch=1 | TRAIN[91] | TSP | select arm=0(bq) | reason=score
     0(bq              ): pulls=  22 | mean=+0.6030 | bonus=0.2386 | score=+0.7223 <--
     1(elg             ): pulls=   2 | mean=+0.5410 | bonus=0.3519 | score=+0.7170
     2(lehd            ): pulls=   2 | mean=+0.5029 | bonus=0.3751 | score=+0.6904
     3(t2t             ): pulls=   5 | mean=+0.4703 | bonus=0.3948 | score=+0.6677
     4(t2t500          ): pulls=  11 | mean=+0.5415 | bonus=0.3152 | score=+0.6991
     5(difusco         ): pulls=   2 | mean=+0.5192 | bonus=0.3496 | score=+0.6940
     6(difusco500      ): pulls=   3 | mean=+0.4962 | bonus=0.3872 | score=+0.6898
21:25:22 | t=92 | UPDATE | problem=TSP | head=TSP | uid=tsp:train:8726 | global_index=8726 | arm=0(bq)
    outcome: reward=0.3333 | selected_cost=8.9714 | best_cost=8.8617 | regret=0.1097
    result: record_global_index=8726 | name=None | score=8.9714
    arm_stats: problem_pulls=23 | problem_avg_reward=0.5797 | global_pulls=25 | global_avg_reward=0.5533
    state: rep_history=92/5000 | linear_history=92/10000 | head_mode=problem_specific | theta_norm=0.6525 | A_inv_diag_mean=0.917911 | A_inv_diag_min=0.808986 | A_inv_diag_max=0.978456
21:25:22 | epoch=1 | TRAIN[92] | TSP | select arm=5(difusco) | reason=epsilon_random
     0(bq              ): pulls=  23 | mean=+0.7007 | bonus=0.3044 | score=+0.8529
     1(elg             ): pulls=   2 | mean=+0.6406 | bonus=0.4003 | score=+0.8408
     2(lehd            ): pulls=   2 | mean=+0.6078 | bonus=0.4267 | score=+0.8211
     3(t2t             ): pulls=   5 | mean=+0.5733 | bonus=0.4427 | score=+0.7947
     4(t2t500          ): pulls=  11 | mean=+0.6424 | bonus=0.3743 | score=+0.8296
     5(difusco         ): pulls=   2 | mean=+0.6241 | bonus=0.3701 | score=+0.8091 <--
     6(difusco500      ): pulls=   3 | mean=+0.5968 | bonus=0.4285 | score=+0.8110
21:25:22 | t=93 | UPDATE | problem=TSP | head=TSP | uid=tsp:train:9030 | global_index=9030 | arm=5(difusco)
    outcome: reward=0.1667 | selected_cost=8.8624 | best_cost=8.7358 | regret=0.1266
    result: record_global_index=9030 | name=None | score=8.8624
    arm_stats: problem_pulls=3 | problem_avg_reward=0.3889 | global_pulls=3 | global_avg_reward=0.3889
    state: rep_history=93/5000 | linear_history=93/10000 | head_mode=problem_specific | theta_norm=0.6759 | A_inv_diag_mean=0.917113 | A_inv_diag_min=0.807793 | A_inv_diag_max=0.977089
21:25:22 | epoch=1 | TRAIN[93] | TSP | select arm=0(bq) | reason=score
     0(bq              ): pulls=  23 | mean=+0.4893 | bonus=0.2705 | score=+0.6245 <--
     1(elg             ): pulls=   2 | mean=+0.4330 | bonus=0.3563 | score=+0.6112
     2(lehd            ): pulls=   2 | mean=+0.3876 | bonus=0.3353 | score=+0.5552
     3(t2t             ): pulls=   5 | mean=+0.3606 | bonus=0.3396 | score=+0.5304
     4(t2t500          ): pulls=  11 | mean=+0.4295 | bonus=0.3095 | score=+0.5843
     5(difusco         ): pulls=   3 | mean=+0.3771 | bonus=0.4098 | score=+0.5820
     6(difusco500      ): pulls=   3 | mean=+0.3855 | bonus=0.4061 | score=+0.5886
21:25:22 | t=94 | UPDATE | problem=TSP | head=TSP | uid=tsp:train:5496 | global_index=5496 | arm=0(bq)
    outcome: reward=0.0000 | selected_cost=5.6924 | best_cost=5.2092 | regret=0.4832
    result: record_global_index=5496 | name=None | score=5.6924
    arm_stats: problem_pulls=24 | problem_avg_reward=0.5556 | global_pulls=26 | global_avg_reward=0.5321
    state: rep_history=94/5000 | linear_history=94/10000 | head_mode=problem_specific | theta_norm=0.6450 | A_inv_diag_mean=0.916673 | A_inv_diag_min=0.807056 | A_inv_diag_max=0.976939
21:25:22 | epoch=1 | TRAIN[94] | TSP | select arm=0(bq) | reason=score
     0(bq              ): pulls=  24 | mean=+0.4889 | bonus=0.3998 | score=+0.6888 <--
     1(elg             ): pulls=   2 | mean=+0.4222 | bonus=0.4591 | score=+0.6517
     2(lehd            ): pulls=   2 | mean=+0.3970 | bonus=0.4762 | score=+0.6351
     3(t2t             ): pulls=   5 | mean=+0.3592 | bonus=0.4822 | score=+0.6003
     4(t2t500          ): pulls=  11 | mean=+0.4501 | bonus=0.4221 | score=+0.6612
     5(difusco         ): pulls=   3 | mean=+0.3705 | bonus=0.4865 | score=+0.6138
     6(difusco500      ): pulls=   3 | mean=+0.3854 | bonus=0.4903 | score=+0.6305
21:25:22 | t=95 | UPDATE | problem=TSP | head=TSP | uid=tsp:train:3034 | global_index=3034 | arm=0(bq)
    outcome: reward=0.1667 | selected_cost=4.5231 | best_cost=4.4254 | regret=0.0977
    result: record_global_index=3034 | name=None | score=4.5231
    arm_stats: problem_pulls=25 | problem_avg_reward=0.5400 | global_pulls=27 | global_avg_reward=0.5185
    state: rep_history=95/5000 | linear_history=95/10000 | head_mode=problem_specific | theta_norm=0.6021 | A_inv_diag_mean=0.915772 | A_inv_diag_min=0.795993 | A_inv_diag_max=0.976932
21:25:22 | epoch=1 | TRAIN[95] | CVRP | select arm=7(omni) | reason=score
     0(bq              ): pulls=   2 | mean=+0.5301 | bonus=0.3847 | score=+0.7224
     1(elg             ): pulls=   2 | mean=+0.5532 | bonus=0.3584 | score=+0.7324
     2(lehd            ): pulls=   2 | mean=+0.5279 | bonus=0.3827 | score=+0.7192
     7(omni            ): pulls=  36 | mean=+0.6843 | bonus=0.1865 | score=+0.7775 <--
     8(mvmoe           ): pulls=   2 | mean=+0.5436 | bonus=0.3156 | score=+0.7014
21:25:22 | t=96 | UPDATE | problem=CVRP | head=CVRP | uid=cvrp:train:3759 | global_index=3759 | arm=7(omni)
    outcome: reward=1.0000 | selected_cost=24.5650 | best_cost=24.5650 | regret=0.0000
    result: record_global_index=3759 | name=None | score=24.5650
    arm_stats: problem_pulls=37 | problem_avg_reward=0.7297 | global_pulls=37 | global_avg_reward=0.7297
    state: rep_history=96/5000 | linear_history=96/10000 | head_mode=problem_specific | theta_norm=0.7811 | A_inv_diag_mean=0.938574 | A_inv_diag_min=0.808074 | A_inv_diag_max=0.984027
21:25:22 | epoch=1 | TRAIN[96] | CVRP | select arm=7(omni) | reason=score
     0(bq              ): pulls=   2 | mean=+0.5563 | bonus=0.4180 | score=+0.7653
     1(elg             ): pulls=   2 | mean=+0.5799 | bonus=0.3938 | score=+0.7768
     2(lehd            ): pulls=   2 | mean=+0.5550 | bonus=0.4086 | score=+0.7593
     7(omni            ): pulls=  37 | mean=+0.7152 | bonus=0.2212 | score=+0.8258 <--
     8(mvmoe           ): pulls=   2 | mean=+0.5722 | bonus=0.3640 | score=+0.7542
21:25:22 | t=97 | UPDATE | problem=CVRP | head=CVRP | uid=cvrp:train:2642 | global_index=2642 | arm=7(omni)
    outcome: reward=1.0000 | selected_cost=18.1863 | best_cost=18.1863 | regret=0.0000
    result: record_global_index=2642 | name=None | score=18.1863
    arm_stats: problem_pulls=38 | problem_avg_reward=0.7368 | global_pulls=38 | global_avg_reward=0.7368
    state: rep_history=97/5000 | linear_history=97/10000 | head_mode=problem_specific | theta_norm=0.7799 | A_inv_diag_mean=0.938421 | A_inv_diag_min=0.807760 | A_inv_diag_max=0.983514
21:25:22 | epoch=1 | TRAIN[97] | TSP | select arm=0(bq) | reason=score
     0(bq              ): pulls=  25 | mean=+0.6535 | bonus=0.3146 | score=+0.8108 <--
     1(elg             ): pulls=   2 | mean=+0.6020 | bonus=0.4034 | score=+0.8037
     2(lehd            ): pulls=   2 | mean=+0.5809 | bonus=0.4249 | score=+0.7933
     3(t2t             ): pulls=   5 | mean=+0.5580 | bonus=0.4309 | score=+0.7734
     4(t2t500          ): pulls=  11 | mean=+0.6208 | bonus=0.3762 | score=+0.8089
     5(difusco         ): pulls=   3 | mean=+0.5516 | bonus=0.3666 | score=+0.7349
     6(difusco500      ): pulls=   3 | mean=+0.5644 | bonus=0.4349 | score=+0.7818
21:25:22 | t=98 | UPDATE | problem=TSP | head=TSP | uid=tsp:train:1498 | global_index=1498 | arm=0(bq)
    outcome: reward=0.6667 | selected_cost=10.5641 | best_cost=10.4084 | regret=0.1557
    result: record_global_index=1498 | name=None | score=10.5641
    arm_stats: problem_pulls=26 | problem_avg_reward=0.5449 | global_pulls=28 | global_avg_reward=0.5238
    state: rep_history=98/5000 | linear_history=98/10000 | head_mode=problem_specific | theta_norm=0.6024 | A_inv_diag_mean=0.915523 | A_inv_diag_min=0.795981 | A_inv_diag_max=0.976479
21:25:22 | epoch=1 | TRAIN[98] | CVRP | select arm=7(omni) | reason=score
     0(bq              ): pulls=   2 | mean=+0.5378 | bonus=0.4045 | score=+0.7400
     1(elg             ): pulls=   2 | mean=+0.5619 | bonus=0.3774 | score=+0.7506
     2(lehd            ): pulls=   2 | mean=+0.5364 | bonus=0.4076 | score=+0.7402
     7(omni            ): pulls=  38 | mean=+0.6982 | bonus=0.2229 | score=+0.8096 <--
     8(mvmoe           ): pulls=   2 | mean=+0.5553 | bonus=0.3602 | score=+0.7354
21:25:22 | t=99 | UPDATE | problem=CVRP | head=CVRP | uid=cvrp:train:6264 | global_index=6264 | arm=7(omni)
    outcome: reward=0.5000 | selected_cost=13.5329 | best_cost=12.9690 | regret=0.5639
    result: record_global_index=6264 | name=None | score=13.5329
    arm_stats: problem_pulls=39 | problem_avg_reward=0.7308 | global_pulls=39 | global_avg_reward=0.7308
    state: rep_history=99/5000 | linear_history=99/10000 | head_mode=problem_specific | theta_norm=0.7776 | A_inv_diag_mean=0.938173 | A_inv_diag_min=0.806823 | A_inv_diag_max=0.983293
21:25:22 | epoch=1 | TRAIN[99] | TSP | select arm=4(t2t500) | reason=score
     0(bq              ): pulls=  26 | mean=+0.5723 | bonus=0.2323 | score=+0.6885
     1(elg             ): pulls=   2 | mean=+0.5213 | bonus=0.3491 | score=+0.6958
     2(lehd            ): pulls=   2 | mean=+0.4995 | bonus=0.3773 | score=+0.6881
     3(t2t             ): pulls=   5 | mean=+0.4771 | bonus=0.4053 | score=+0.6797
     4(t2t500          ): pulls=  11 | mean=+0.5418 | bonus=0.3135 | score=+0.6985 <--
     5(difusco         ): pulls=   3 | mean=+0.4690 | bonus=0.3198 | score=+0.6289
     6(difusco500      ): pulls=   3 | mean=+0.4858 | bonus=0.3871 | score=+0.6793
21:25:22 | t=100 | UPDATE | problem=TSP | head=TSP | uid=tsp:train:1859 | global_index=1859 | arm=4(t2t500)
    outcome: reward=0.8333 | selected_cost=9.5455 | best_cost=9.5216 | regret=0.0239
    result: record_global_index=1859 | name=None | score=9.5455
    arm_stats: problem_pulls=12 | problem_avg_reward=0.5208 | global_pulls=12 | global_avg_reward=0.5208
    state: rep_history=100/5000 | linear_history=100/10000 | head_mode=problem_specific | theta_norm=0.5964 | A_inv_diag_mean=0.915177 | A_inv_diag_min=0.793375 | A_inv_diag_max=0.976439
21:25:24 | t=100 | TRAIN | module=representation | trigger=train_every(100)
    optimize: epochs=10 | opt_steps=10 | batch_size=512 | lr=0.001
    buffers: rep_history=100/5000 | linear_history=100/10000
    sampling: balance_mode=problem_arm | power=0.500 | loss_reweight=True | groups=12 | group_count_min=2 | group_count_max=39
    heads: mode=problem_specific | active=CVRP,TSP
    loss: avg=0.446809 | min=0.172044 | max=0.993465 | last=0.419704
21:25:24 | epoch=1 | TRAIN[100] | CVRP | select arm=7(omni) | reason=score
     0(bq              ): pulls=   2 | mean=+0.5681 | bonus=0.4232 | score=+0.7797
     1(elg             ): pulls=   2 | mean=+0.6667 | bonus=0.3397 | score=+0.8366
     2(lehd            ): pulls=   2 | mean=+0.6026 | bonus=0.3435 | score=+0.7744
     7(omni            ): pulls=  39 | mean=+0.7527 | bonus=0.1997 | score=+0.8526 <--
     8(mvmoe           ): pulls=   2 | mean=+0.5730 | bonus=0.3224 | score=+0.7342
21:25:24 | t=101 | UPDATE | problem=CVRP | head=CVRP | uid=cvrp:train:3062 | global_index=3062 | arm=7(omni)
    outcome: reward=1.0000 | selected_cost=16.1108 | best_cost=16.1108 | regret=0.0000
    result: record_global_index=3062 | name=None | score=16.1108
    arm_stats: problem_pulls=40 | problem_avg_reward=0.7375 | global_pulls=40 | global_avg_reward=0.7375
    state: rep_history=101/5000 | linear_history=101/10000 | head_mode=problem_specific | theta_norm=0.7384 | A_inv_diag_mean=0.941549 | A_inv_diag_min=0.810483 | A_inv_diag_max=0.985494
21:25:24 | epoch=1 | TRAIN[101] | TSP | select arm=2(lehd) | reason=epsilon_random
     0(bq              ): pulls=  26 | mean=+0.6201 | bonus=0.2551 | score=+0.7477
     1(elg             ): pulls=   2 | mean=+0.5454 | bonus=0.3891 | score=+0.7400
     2(lehd            ): pulls=   2 | mean=+0.5576 | bonus=0.3521 | score=+0.7337 <--
     3(t2t             ): pulls=   5 | mean=+0.5508 | bonus=0.3996 | score=+0.7506
     4(t2t500          ): pulls=  12 | mean=+0.5969 | bonus=0.3176 | score=+0.7557
     5(difusco         ): pulls=   3 | mean=+0.5029 | bonus=0.3476 | score=+0.6767
     6(difusco500      ): pulls=   3 | mean=+0.5032 | bonus=0.3964 | score=+0.7014
21:25:24 | t=102 | UPDATE | problem=TSP | head=TSP | uid=tsp:train:9661 | global_index=9661 | arm=2(lehd)
    outcome: reward=0.5000 | selected_cost=7.1763 | best_cost=6.9985 | regret=0.1778
    result: record_global_index=9661 | name=None | score=7.1763
    arm_stats: problem_pulls=3 | problem_avg_reward=0.4444 | global_pulls=5 | global_avg_reward=0.4667
    state: rep_history=102/5000 | linear_history=102/10000 | head_mode=problem_specific | theta_norm=0.6090 | A_inv_diag_mean=0.918882 | A_inv_diag_min=0.821165 | A_inv_diag_max=0.979692
21:25:24 | epoch=1 | TRAIN[102] | CVRP | select arm=7(omni) | reason=score
     0(bq              ): pulls=   2 | mean=+0.4381 | bonus=0.4480 | score=+0.6621
     1(elg             ): pulls=   2 | mean=+0.5403 | bonus=0.3756 | score=+0.7280
     2(lehd            ): pulls=   2 | mean=+0.4748 | bonus=0.4323 | score=+0.6909
     7(omni            ): pulls=  40 | mean=+0.6293 | bonus=0.2693 | score=+0.7640 <--
     8(mvmoe           ): pulls=   2 | mean=+0.4480 | bonus=0.3994 | score=+0.6477
21:25:24 | t=103 | UPDATE | problem=CVRP | head=CVRP | uid=cvrp:train:6960 | global_index=6960 | arm=7(omni)
    outcome: reward=0.5000 | selected_cost=15.8263 | best_cost=15.2173 | regret=0.6089
    result: record_global_index=6960 | name=None | score=15.8263
    arm_stats: problem_pulls=41 | problem_avg_reward=0.7317 | global_pulls=41 | global_avg_reward=0.7317
    state: rep_history=103/5000 | linear_history=103/10000 | head_mode=problem_specific | theta_norm=0.7394 | A_inv_diag_mean=0.941190 | A_inv_diag_min=0.809770 | A_inv_diag_max=0.985417
21:25:24 | epoch=1 | TRAIN[103] | CVRP | select arm=7(omni) | reason=score
     0(bq              ): pulls=   2 | mean=+0.6307 | bonus=0.4759 | score=+0.8686
     1(elg             ): pulls=   2 | mean=+0.7299 | bonus=0.4178 | score=+0.9388
     2(lehd            ): pulls=   2 | mean=+0.6613 | bonus=0.4192 | score=+0.8709
     7(omni            ): pulls=  41 | mean=+0.8174 | bonus=0.2742 | score=+0.9545 <--
     8(mvmoe           ): pulls=   2 | mean=+0.6336 | bonus=0.3705 | score=+0.8189
21:25:24 | t=104 | UPDATE | problem=CVRP | head=CVRP | uid=cvrp:train:5634 | global_index=5634 | arm=7(omni)
    outcome: reward=0.2500 | selected_cost=19.5349 | best_cost=17.9990 | regret=1.5359
    result: record_global_index=5634 | name=None | score=19.5349
    arm_stats: problem_pulls=42 | problem_avg_reward=0.7202 | global_pulls=42 | global_avg_reward=0.7202
    state: rep_history=104/5000 | linear_history=104/10000 | head_mode=problem_specific | theta_norm=0.7429 | A_inv_diag_mean=0.941023 | A_inv_diag_min=0.809185 | A_inv_diag_max=0.985327
21:25:24 | epoch=1 | TRAIN[104] | CVRP | select arm=7(omni) | reason=score
     0(bq              ): pulls=   2 | mean=+0.4980 | bonus=0.4142 | score=+0.7051
     1(elg             ): pulls=   2 | mean=+0.5991 | bonus=0.3253 | score=+0.7617
     2(lehd            ): pulls=   2 | mean=+0.5368 | bonus=0.3609 | score=+0.7172
     7(omni            ): pulls=  42 | mean=+0.6871 | bonus=0.1851 | score=+0.7797 <--
     8(mvmoe           ): pulls=   2 | mean=+0.5102 | bonus=0.3312 | score=+0.6758
21:25:24 | t=105 | UPDATE | problem=CVRP | head=CVRP | uid=cvrp:train:8747 | global_index=8747 | arm=7(omni)
    outcome: reward=1.0000 | selected_cost=25.4073 | best_cost=25.4073 | regret=0.0000
    result: record_global_index=8747 | name=None | score=25.4073
    arm_stats: problem_pulls=43 | problem_avg_reward=0.7267 | global_pulls=43 | global_avg_reward=0.7267
    state: rep_history=105/5000 | linear_history=105/10000 | head_mode=problem_specific | theta_norm=0.7578 | A_inv_diag_mean=0.940901 | A_inv_diag_min=0.808788 | A_inv_diag_max=0.985300
21:25:24 | epoch=1 | TRAIN[105] | CVRP | select arm=7(omni) | reason=score
     0(bq              ): pulls=   2 | mean=+0.4371 | bonus=0.4113 | score=+0.6428
     1(elg             ): pulls=   2 | mean=+0.5624 | bonus=0.3586 | score=+0.7417
     2(lehd            ): pulls=   2 | mean=+0.4967 | bonus=0.3982 | score=+0.6958
     7(omni            ): pulls=  43 | mean=+0.6587 | bonus=0.2315 | score=+0.7744 <--
     8(mvmoe           ): pulls=   2 | mean=+0.4638 | bonus=0.3153 | score=+0.6214
21:25:24 | t=106 | UPDATE | problem=CVRP | head=CVRP | uid=cvrp:train:4710 | global_index=4710 | arm=7(omni)
    outcome: reward=0.2500 | selected_cost=19.5888 | best_cost=19.2826 | regret=0.3063
    result: record_global_index=4710 | name=None | score=19.5888
    arm_stats: problem_pulls=44 | problem_avg_reward=0.7159 | global_pulls=44 | global_avg_reward=0.7159
    state: rep_history=106/5000 | linear_history=106/10000 | head_mode=problem_specific | theta_norm=0.7339 | A_inv_diag_mean=0.940727 | A_inv_diag_min=0.808521 | A_inv_diag_max=0.985289
21:25:24 | epoch=1 | TRAIN[106] | TSP | select arm=4(t2t500) | reason=score
     0(bq              ): pulls=  26 | mean=+0.7347 | bonus=1.3318 | score=+1.4006
     1(elg             ): pulls=   2 | mean=+0.6693 | bonus=1.3743 | score=+1.3565
     2(lehd            ): pulls=   3 | mean=+0.6680 | bonus=1.4078 | score=+1.3718
     3(t2t             ): pulls=   5 | mean=+0.6611 | bonus=1.4157 | score=+1.3690
     4(t2t500          ): pulls=  12 | mean=+0.7143 | bonus=1.3943 | score=+1.4114 <--
     5(difusco         ): pulls=   3 | mean=+0.6174 | bonus=1.3827 | score=+1.3087
     6(difusco500      ): pulls=   3 | mean=+0.6254 | bonus=1.3974 | score=+1.3241
21:25:24 | t=107 | UPDATE | problem=TSP | head=TSP | uid=tsp:train:3081 | global_index=3081 | arm=4(t2t500)
    outcome: reward=0.8333 | selected_cost=6.8763 | best_cost=6.8530 | regret=0.0233
    result: record_global_index=3081 | name=None | score=6.8763
    arm_stats: problem_pulls=13 | problem_avg_reward=0.5449 | global_pulls=13 | global_avg_reward=0.5449
    state: rep_history=107/5000 | linear_history=107/10000 | head_mode=problem_specific | theta_norm=0.5929 | A_inv_diag_mean=0.915175 | A_inv_diag_min=0.795023 | A_inv_diag_max=0.976259
21:25:24 | epoch=1 | TRAIN[107] | CVRP | select arm=7(omni) | reason=score
     0(bq              ): pulls=   2 | mean=+0.5805 | bonus=0.4440 | score=+0.8025
     1(elg             ): pulls=   2 | mean=+0.6716 | bonus=0.3902 | score=+0.8667
     2(lehd            ): pulls=   2 | mean=+0.6087 | bonus=0.3948 | score=+0.8060
     7(omni            ): pulls=  44 | mean=+0.7610 | bonus=0.2461 | score=+0.8840 <--
     8(mvmoe           ): pulls=   2 | mean=+0.5896 | bonus=0.3316 | score=+0.7554
21:25:24 | t=108 | UPDATE | problem=CVRP | head=CVRP | uid=cvrp:train:3259 | global_index=3259 | arm=7(omni)
    outcome: reward=1.0000 | selected_cost=29.4476 | best_cost=29.4476 | regret=0.0000
    result: record_global_index=3259 | name=None | score=29.4476
    arm_stats: problem_pulls=45 | problem_avg_reward=0.7222 | global_pulls=45 | global_avg_reward=0.7222
    state: rep_history=108/5000 | linear_history=108/10000 | head_mode=problem_specific | theta_norm=0.7348 | A_inv_diag_mean=0.940560 | A_inv_diag_min=0.808354 | A_inv_diag_max=0.985184
21:25:24 | epoch=1 | TRAIN[108] | CVRP | select arm=7(omni) | reason=score
     0(bq              ): pulls=   2 | mean=+0.6439 | bonus=0.4968 | score=+0.8923
     1(elg             ): pulls=   2 | mean=+0.7377 | bonus=0.4431 | score=+0.9593
     2(lehd            ): pulls=   2 | mean=+0.6714 | bonus=0.4475 | score=+0.8952
     7(omni            ): pulls=  45 | mean=+0.8275 | bonus=0.3057 | score=+0.9804 <--
     8(mvmoe           ): pulls=   2 | mean=+0.6510 | bonus=0.4089 | score=+0.8555
21:25:24 | t=109 | UPDATE | problem=CVRP | head=CVRP | uid=cvrp:train:9229 | global_index=9229 | arm=7(omni)
    outcome: reward=0.2500 | selected_cost=13.8092 | best_cost=12.7332 | regret=1.0760
    result: record_global_index=9229 | name=None | score=13.8092
    arm_stats: problem_pulls=46 | problem_avg_reward=0.7120 | global_pulls=46 | global_avg_reward=0.7120
    state: rep_history=109/5000 | linear_history=109/10000 | head_mode=problem_specific | theta_norm=0.7531 | A_inv_diag_mean=0.940342 | A_inv_diag_min=0.807071 | A_inv_diag_max=0.985108
21:25:24 | epoch=1 | TRAIN[109] | CVRP | select arm=7(omni) | reason=score
     0(bq              ): pulls=   2 | mean=+0.5780 | bonus=0.4776 | score=+0.8167
     1(elg             ): pulls=   2 | mean=+0.6670 | bonus=0.4240 | score=+0.8790
     2(lehd            ): pulls=   2 | mean=+0.6065 | bonus=0.4335 | score=+0.8233
     7(omni            ): pulls=  46 | mean=+0.7607 | bonus=0.2921 | score=+0.9068 <--
     8(mvmoe           ): pulls=   2 | mean=+0.5880 | bonus=0.3965 | score=+0.7862
21:25:24 | t=110 | UPDATE | problem=CVRP | head=CVRP | uid=cvrp:train:3230 | global_index=3230 | arm=7(omni)
    outcome: reward=1.0000 | selected_cost=22.3629 | best_cost=22.3629 | regret=0.0000
    result: record_global_index=3230 | name=None | score=22.3629
    arm_stats: problem_pulls=47 | problem_avg_reward=0.7181 | global_pulls=47 | global_avg_reward=0.7181
    state: rep_history=110/5000 | linear_history=110/10000 | head_mode=problem_specific | theta_norm=0.7428 | A_inv_diag_mean=0.940121 | A_inv_diag_min=0.806618 | A_inv_diag_max=0.985070
21:25:24 | epoch=1 | TRAIN[110] | CVRP | select arm=7(omni) | reason=score
     0(bq              ): pulls=   2 | mean=+0.5658 | bonus=0.4397 | score=+0.7856
     1(elg             ): pulls=   2 | mean=+0.6579 | bonus=0.3454 | score=+0.8306
     2(lehd            ): pulls=   2 | mean=+0.5950 | bonus=0.3654 | score=+0.7777
     7(omni            ): pulls=  47 | mean=+0.7471 | bonus=0.2006 | score=+0.8474 <--
     8(mvmoe           ): pulls=   2 | mean=+0.5744 | bonus=0.3366 | score=+0.7427
21:25:24 | t=111 | UPDATE | problem=CVRP | head=CVRP | uid=cvrp:train:6398 | global_index=6398 | arm=7(omni)
    outcome: reward=0.2500 | selected_cost=12.0908 | best_cost=11.5246 | regret=0.5662
    result: record_global_index=6398 | name=None | score=12.0908
    arm_stats: problem_pulls=48 | problem_avg_reward=0.7083 | global_pulls=48 | global_avg_reward=0.7083
    state: rep_history=111/5000 | linear_history=111/10000 | head_mode=problem_specific | theta_norm=0.7180 | A_inv_diag_mean=0.939955 | A_inv_diag_min=0.806559 | A_inv_diag_max=0.985069
21:25:24 | epoch=1 | TRAIN[111] | CVRP | select arm=7(omni) | reason=score
     0(bq              ): pulls=   2 | mean=+0.5330 | bonus=0.4332 | score=+0.7496
     1(elg             ): pulls=   2 | mean=+0.6271 | bonus=0.3523 | score=+0.8032
     2(lehd            ): pulls=   2 | mean=+0.5673 | bonus=0.3581 | score=+0.7464
     7(omni            ): pulls=  48 | mean=+0.7137 | bonus=0.2038 | score=+0.8156 <--
     8(mvmoe           ): pulls=   2 | mean=+0.5444 | bonus=0.3247 | score=+0.7067
21:25:24 | t=112 | UPDATE | problem=CVRP | head=CVRP | uid=cvrp:train:8990 | global_index=8990 | arm=7(omni)
    outcome: reward=1.0000 | selected_cost=18.3640 | best_cost=18.3640 | regret=0.0000
    result: record_global_index=8990 | name=None | score=18.3640
    arm_stats: problem_pulls=49 | problem_avg_reward=0.7143 | global_pulls=49 | global_avg_reward=0.7143
    state: rep_history=112/5000 | linear_history=112/10000 | head_mode=problem_specific | theta_norm=0.7328 | A_inv_diag_mean=0.939764 | A_inv_diag_min=0.806558 | A_inv_diag_max=0.985020
21:25:24 | epoch=1 | TRAIN[112] | TSP | select arm=4(t2t500) | reason=score
     0(bq              ): pulls=  26 | mean=+0.3972 | bonus=0.2419 | score=+0.5182
     1(elg             ): pulls=   2 | mean=+0.3289 | bonus=0.3507 | score=+0.5042
     2(lehd            ): pulls=   3 | mean=+0.3392 | bonus=0.3022 | score=+0.4903
     3(t2t             ): pulls=   5 | mean=+0.3354 | bonus=0.3479 | score=+0.5093
     4(t2t500          ): pulls=  13 | mean=+0.3803 | bonus=0.2849 | score=+0.5228 <--
     5(difusco         ): pulls=   3 | mean=+0.2803 | bonus=0.3609 | score=+0.4607
     6(difusco500      ): pulls=   3 | mean=+0.2855 | bonus=0.3633 | score=+0.4671
21:25:24 | t=113 | UPDATE | problem=TSP | head=TSP | uid=tsp:train:9887 | global_index=9887 | arm=4(t2t500)
    outcome: reward=0.5000 | selected_cost=6.4733 | best_cost=6.4086 | regret=0.0647
    result: record_global_index=9887 | name=None | score=6.4733
    arm_stats: problem_pulls=14 | problem_avg_reward=0.5417 | global_pulls=14 | global_avg_reward=0.5417
    state: rep_history=113/5000 | linear_history=113/10000 | head_mode=problem_specific | theta_norm=0.5991 | A_inv_diag_mean=0.914787 | A_inv_diag_min=0.794965 | A_inv_diag_max=0.975881
21:25:24 | epoch=1 | TRAIN[113] | TSP | select arm=4(t2t500) | reason=score
     0(bq              ): pulls=  26 | mean=+0.4885 | bonus=0.2014 | score=+0.5891
     1(elg             ): pulls=   2 | mean=+0.4136 | bonus=0.3214 | score=+0.5743
     2(lehd            ): pulls=   3 | mean=+0.4290 | bonus=0.2819 | score=+0.5700
     3(t2t             ): pulls=   5 | mean=+0.4246 | bonus=0.3245 | score=+0.5868
     4(t2t500          ): pulls=  14 | mean=+0.4748 | bonus=0.2433 | score=+0.5965 <--
     5(difusco         ): pulls=   3 | mean=+0.3717 | bonus=0.3272 | score=+0.5352
     6(difusco500      ): pulls=   3 | mean=+0.3741 | bonus=0.3334 | score=+0.5408
21:25:24 | t=114 | UPDATE | problem=TSP | head=TSP | uid=tsp:train:8677 | global_index=8677 | arm=4(t2t500)
    outcome: reward=0.8333 | selected_cost=8.0126 | best_cost=7.9760 | regret=0.0366
    result: record_global_index=8677 | name=None | score=8.0126
    arm_stats: problem_pulls=15 | problem_avg_reward=0.5611 | global_pulls=15 | global_avg_reward=0.5611
    state: rep_history=114/5000 | linear_history=114/10000 | head_mode=problem_specific | theta_norm=0.6153 | A_inv_diag_mean=0.914515 | A_inv_diag_min=0.794716 | A_inv_diag_max=0.975560
21:25:24 | epoch=1 | TRAIN[114] | TSP | select arm=4(t2t500) | reason=score
     0(bq              ): pulls=  26 | mean=+0.3925 | bonus=0.3858 | score=+0.5854
     1(elg             ): pulls=   2 | mean=+0.3161 | bonus=0.4366 | score=+0.5344
     2(lehd            ): pulls=   3 | mean=+0.3338 | bonus=0.4482 | score=+0.5579
     3(t2t             ): pulls=   5 | mean=+0.3011 | bonus=0.5099 | score=+0.5560
     4(t2t500          ): pulls=  15 | mean=+0.3992 | bonus=0.3909 | score=+0.5946 <--
     5(difusco         ): pulls=   3 | mean=+0.2775 | bonus=0.4513 | score=+0.5032
     6(difusco500      ): pulls=   3 | mean=+0.2810 | bonus=0.4171 | score=+0.4895
21:25:24 | t=115 | UPDATE | problem=TSP | head=TSP | uid=tsp:train:919 | global_index=919 | arm=4(t2t500)
    outcome: reward=0.5833 | selected_cost=4.3250 | best_cost=4.2982 | regret=0.0268
    result: record_global_index=919 | name=None | score=4.3250
    arm_stats: problem_pulls=16 | problem_avg_reward=0.5625 | global_pulls=16 | global_avg_reward=0.5625
    state: rep_history=115/5000 | linear_history=115/10000 | head_mode=problem_specific | theta_norm=0.6434 | A_inv_diag_mean=0.913510 | A_inv_diag_min=0.792838 | A_inv_diag_max=0.975340
21:25:24 | epoch=1 | TRAIN[115] | CVRP | select arm=7(omni) | reason=score
     0(bq              ): pulls=   2 | mean=+0.5413 | bonus=0.4380 | score=+0.7603
     1(elg             ): pulls=   2 | mean=+0.6352 | bonus=0.3705 | score=+0.8205
     2(lehd            ): pulls=   2 | mean=+0.5731 | bonus=0.3886 | score=+0.7674
     7(omni            ): pulls=  49 | mean=+0.7256 | bonus=0.2078 | score=+0.8295 <--
     8(mvmoe           ): pulls=   2 | mean=+0.5519 | bonus=0.3272 | score=+0.7155
21:25:24 | t=116 | UPDATE | problem=CVRP | head=CVRP | uid=cvrp:train:4854 | global_index=4854 | arm=7(omni)
    outcome: reward=1.0000 | selected_cost=31.5051 | best_cost=31.5051 | regret=0.0000
    result: record_global_index=4854 | name=None | score=31.5051
    arm_stats: problem_pulls=50 | problem_avg_reward=0.7200 | global_pulls=50 | global_avg_reward=0.7200
    state: rep_history=116/5000 | linear_history=116/10000 | head_mode=problem_specific | theta_norm=0.7291 | A_inv_diag_mean=0.939661 | A_inv_diag_min=0.806197 | A_inv_diag_max=0.984875
21:25:24 | epoch=1 | TRAIN[116] | CVRP | select arm=7(omni) | reason=score
     0(bq              ): pulls=   2 | mean=+0.4766 | bonus=0.4306 | score=+0.6919
     1(elg             ): pulls=   2 | mean=+0.5719 | bonus=0.3462 | score=+0.7449
     2(lehd            ): pulls=   2 | mean=+0.5095 | bonus=0.3990 | score=+0.7091
     7(omni            ): pulls=  50 | mean=+0.6608 | bonus=0.2145 | score=+0.7680 <--
     8(mvmoe           ): pulls=   2 | mean=+0.4867 | bonus=0.3742 | score=+0.6738
21:25:24 | t=117 | UPDATE | problem=CVRP | head=CVRP | uid=cvrp:train:1277 | global_index=1277 | arm=7(omni)
    outcome: reward=0.7500 | selected_cost=20.5543 | best_cost=20.4298 | regret=0.1245
    result: record_global_index=1277 | name=None | score=20.5543
    arm_stats: problem_pulls=51 | problem_avg_reward=0.7206 | global_pulls=51 | global_avg_reward=0.7206
    state: rep_history=117/5000 | linear_history=117/10000 | head_mode=problem_specific | theta_norm=0.7282 | A_inv_diag_mean=0.939472 | A_inv_diag_min=0.805975 | A_inv_diag_max=0.984875
21:25:24 | epoch=1 | TRAIN[117] | CVRP | select arm=7(omni) | reason=score
     0(bq              ): pulls=   2 | mean=+0.4837 | bonus=0.5312 | score=+0.7493
     1(elg             ): pulls=   2 | mean=+0.5802 | bonus=0.4842 | score=+0.8223
     2(lehd            ): pulls=   2 | mean=+0.5193 | bonus=0.5265 | score=+0.7825
     7(omni            ): pulls=  51 | mean=+0.6729 | bonus=0.3697 | score=+0.8577 <--
     8(mvmoe           ): pulls=   2 | mean=+0.4964 | bonus=0.4974 | score=+0.7451
21:25:24 | t=118 | UPDATE | problem=CVRP | head=CVRP | uid=cvrp:train:4214 | global_index=4214 | arm=7(omni)
    outcome: reward=1.0000 | selected_cost=31.7514 | best_cost=31.7514 | regret=0.0000
    result: record_global_index=4214 | name=None | score=31.7514
    arm_stats: problem_pulls=52 | problem_avg_reward=0.7260 | global_pulls=52 | global_avg_reward=0.7260
    state: rep_history=118/5000 | linear_history=118/10000 | head_mode=problem_specific | theta_norm=0.7031 | A_inv_diag_mean=0.938889 | A_inv_diag_min=0.805940 | A_inv_diag_max=0.984869
21:25:24 | epoch=1 | TRAIN[118] | TSP | select arm=4(t2t500) | reason=score
     0(bq              ): pulls=  26 | mean=+0.4620 | bonus=0.4148 | score=+0.6694
     1(elg             ): pulls=   2 | mean=+0.3864 | bonus=0.4928 | score=+0.6328
     2(lehd            ): pulls=   3 | mean=+0.4050 | bonus=0.4598 | score=+0.6349
     3(t2t             ): pulls=   5 | mean=+0.3956 | bonus=0.5073 | score=+0.6492
     4(t2t500          ): pulls=  16 | mean=+0.4618 | bonus=0.4186 | score=+0.6711 <--
     5(difusco         ): pulls=   3 | mean=+0.3327 | bonus=0.4646 | score=+0.5650
     6(difusco500      ): pulls=   3 | mean=+0.3421 | bonus=0.4939 | score=+0.5890
21:25:24 | t=119 | UPDATE | problem=TSP | head=TSP | uid=tsp:train:8026 | global_index=8026 | arm=4(t2t500)
    outcome: reward=0.1667 | selected_cost=6.2943 | best_cost=6.2068 | regret=0.0876
    result: record_global_index=8026 | name=None | score=6.2943
    arm_stats: problem_pulls=17 | problem_avg_reward=0.5392 | global_pulls=17 | global_avg_reward=0.5392
    state: rep_history=119/5000 | linear_history=119/10000 | head_mode=problem_specific | theta_norm=0.6408 | A_inv_diag_mean=0.912851 | A_inv_diag_min=0.790959 | A_inv_diag_max=0.974795
21:25:24 | epoch=1 | TRAIN[119] | CVRP | select arm=7(omni) | reason=score
     0(bq              ): pulls=   2 | mean=+0.5916 | bonus=0.4449 | score=+0.8141
     1(elg             ): pulls=   2 | mean=+0.6908 | bonus=0.3695 | score=+0.8756
     2(lehd            ): pulls=   2 | mean=+0.6299 | bonus=0.3851 | score=+0.8225
     7(omni            ): pulls=  52 | mean=+0.7799 | bonus=0.2228 | score=+0.8913 <--
     8(mvmoe           ): pulls=   2 | mean=+0.6062 | bonus=0.3415 | score=+0.7770
21:25:25 | t=120 | UPDATE | problem=CVRP | head=CVRP | uid=cvrp:train:6119 | global_index=6119 | arm=7(omni)
    outcome: reward=0.7500 | selected_cost=25.4490 | best_cost=25.2125 | regret=0.2365
    result: record_global_index=6119 | name=None | score=25.4490
    arm_stats: problem_pulls=53 | problem_avg_reward=0.7264 | global_pulls=53 | global_avg_reward=0.7264
    state: rep_history=120/5000 | linear_history=120/10000 | head_mode=problem_specific | theta_norm=0.7033 | A_inv_diag_mean=0.938800 | A_inv_diag_min=0.805882 | A_inv_diag_max=0.984845
21:25:25 | epoch=1 | TRAIN[120] | CVRP | select arm=7(omni) | reason=score
     0(bq              ): pulls=   2 | mean=+0.5616 | bonus=0.4305 | score=+0.7769
     1(elg             ): pulls=   2 | mean=+0.6603 | bonus=0.3548 | score=+0.8377
     2(lehd            ): pulls=   2 | mean=+0.6002 | bonus=0.3728 | score=+0.7866
     7(omni            ): pulls=  53 | mean=+0.7482 | bonus=0.1911 | score=+0.8438 <--
     8(mvmoe           ): pulls=   2 | mean=+0.5762 | bonus=0.3135 | score=+0.7330
21:25:25 | t=121 | UPDATE | problem=CVRP | head=CVRP | uid=cvrp:train:5615 | global_index=5615 | arm=7(omni)
    outcome: reward=0.5000 | selected_cost=12.5554 | best_cost=11.7001 | regret=0.8553
    result: record_global_index=5615 | name=None | score=12.5554
    arm_stats: problem_pulls=54 | problem_avg_reward=0.7222 | global_pulls=54 | global_avg_reward=0.7222
    state: rep_history=121/5000 | linear_history=121/10000 | head_mode=problem_specific | theta_norm=0.6977 | A_inv_diag_mean=0.938691 | A_inv_diag_min=0.805829 | A_inv_diag_max=0.984844
21:25:25 | epoch=1 | TRAIN[121] | CVRP | select arm=7(omni) | reason=score
     0(bq              ): pulls=   2 | mean=+0.4020 | bonus=0.4682 | score=+0.6361
     1(elg             ): pulls=   2 | mean=+0.5175 | bonus=0.4012 | score=+0.7181
     2(lehd            ): pulls=   2 | mean=+0.4581 | bonus=0.4673 | score=+0.6918
     7(omni            ): pulls=  54 | mean=+0.6101 | bonus=0.3041 | score=+0.7621 <--
     8(mvmoe           ): pulls=   2 | mean=+0.4330 | bonus=0.3983 | score=+0.6321
21:25:25 | t=122 | UPDATE | problem=CVRP | head=CVRP | uid=cvrp:train:316 | global_index=316 | arm=7(omni)
    outcome: reward=1.0000 | selected_cost=18.8866 | best_cost=18.8866 | regret=0.0000
    result: record_global_index=316 | name=None | score=18.8866
    arm_stats: problem_pulls=55 | problem_avg_reward=0.7273 | global_pulls=55 | global_avg_reward=0.7273
    state: rep_history=122/5000 | linear_history=122/10000 | head_mode=problem_specific | theta_norm=0.7063 | A_inv_diag_mean=0.938260 | A_inv_diag_min=0.805480 | A_inv_diag_max=0.984725
21:25:25 | epoch=1 | TRAIN[122] | CVRP | select arm=7(omni) | reason=score
     0(bq              ): pulls=   2 | mean=+0.4431 | bonus=0.4080 | score=+0.6471
     1(elg             ): pulls=   2 | mean=+0.5666 | bonus=0.3718 | score=+0.7525
     2(lehd            ): pulls=   2 | mean=+0.5128 | bonus=0.3933 | score=+0.7094
     7(omni            ): pulls=  55 | mean=+0.6628 | bonus=0.2422 | score=+0.7839 <--
     8(mvmoe           ): pulls=   2 | mean=+0.4774 | bonus=0.3046 | score=+0.6297
21:25:25 | t=123 | UPDATE | problem=CVRP | head=CVRP | uid=cvrp:train:4982 | global_index=4982 | arm=7(omni)
    outcome: reward=1.0000 | selected_cost=15.6463 | best_cost=15.6463 | regret=0.0000
    result: record_global_index=4982 | name=None | score=15.6463
    arm_stats: problem_pulls=56 | problem_avg_reward=0.7321 | global_pulls=56 | global_avg_reward=0.7321
    state: rep_history=123/5000 | linear_history=123/10000 | head_mode=problem_specific | theta_norm=0.7309 | A_inv_diag_mean=0.938027 | A_inv_diag_min=0.805466 | A_inv_diag_max=0.984658
21:25:25 | epoch=1 | TRAIN[123] | TSP | select arm=4(t2t500) | reason=score
     0(bq              ): pulls=  26 | mean=+0.5829 | bonus=0.2529 | score=+0.7093
     1(elg             ): pulls=   2 | mean=+0.5065 | bonus=0.3828 | score=+0.6979
     2(lehd            ): pulls=   3 | mean=+0.5311 | bonus=0.3298 | score=+0.6960
     3(t2t             ): pulls=   5 | mean=+0.5155 | bonus=0.3810 | score=+0.7060
     4(t2t500          ): pulls=  17 | mean=+0.5834 | bonus=0.2692 | score=+0.7180 <--
     5(difusco         ): pulls=   3 | mean=+0.4699 | bonus=0.3589 | score=+0.6493
     6(difusco500      ): pulls=   3 | mean=+0.4743 | bonus=0.3697 | score=+0.6592
21:25:25 | t=124 | UPDATE | problem=TSP | head=TSP | uid=tsp:train:5080 | global_index=5080 | arm=4(t2t500)
    outcome: reward=0.6667 | selected_cost=8.8115 | best_cost=8.7509 | regret=0.0606
    result: record_global_index=5080 | name=None | score=8.8115
    arm_stats: problem_pulls=18 | problem_avg_reward=0.5463 | global_pulls=18 | global_avg_reward=0.5463
    state: rep_history=124/5000 | linear_history=124/10000 | head_mode=problem_specific | theta_norm=0.6397 | A_inv_diag_mean=0.912607 | A_inv_diag_min=0.790643 | A_inv_diag_max=0.974292
21:25:25 | epoch=1 | TRAIN[124] | TSP | select arm=4(t2t500) | reason=score
     0(bq              ): pulls=  26 | mean=+0.6777 | bonus=0.3027 | score=+0.8291
     1(elg             ): pulls=   2 | mean=+0.5990 | bonus=0.4047 | score=+0.8013
     2(lehd            ): pulls=   3 | mean=+0.6273 | bonus=0.3759 | score=+0.8152
     3(t2t             ): pulls=   5 | mean=+0.6100 | bonus=0.4297 | score=+0.8249
     4(t2t500          ): pulls=  18 | mean=+0.6808 | bonus=0.3488 | score=+0.8552 <--
     5(difusco         ): pulls=   3 | mean=+0.5641 | bonus=0.3569 | score=+0.7425
     6(difusco500      ): pulls=   3 | mean=+0.5681 | bonus=0.4084 | score=+0.7723
21:25:25 | t=125 | UPDATE | problem=TSP | head=TSP | uid=tsp:train:587 | global_index=587 | arm=4(t2t500)
    outcome: reward=0.5000 | selected_cost=12.0190 | best_cost=11.8588 | regret=0.1603
    result: record_global_index=587 | name=None | score=12.0190
    arm_stats: problem_pulls=19 | problem_avg_reward=0.5439 | global_pulls=19 | global_avg_reward=0.5439
    state: rep_history=125/5000 | linear_history=125/10000 | head_mode=problem_specific | theta_norm=0.6401 | A_inv_diag_mean=0.912203 | A_inv_diag_min=0.790534 | A_inv_diag_max=0.974292
21:25:25 | epoch=1 | TRAIN[125] | TSP | select arm=4(t2t500) | reason=score
     0(bq              ): pulls=  26 | mean=+0.3592 | bonus=0.2738 | score=+0.4961
     1(elg             ): pulls=   2 | mean=+0.2972 | bonus=0.3925 | score=+0.4934
     2(lehd            ): pulls=   3 | mean=+0.3108 | bonus=0.3521 | score=+0.4869
     3(t2t             ): pulls=   5 | mean=+0.2830 | bonus=0.4198 | score=+0.4929
     4(t2t500          ): pulls=  19 | mean=+0.3612 | bonus=0.2798 | score=+0.5011 <--
     5(difusco         ): pulls=   3 | mean=+0.2466 | bonus=0.3744 | score=+0.4338
     6(difusco500      ): pulls=   3 | mean=+0.2515 | bonus=0.3872 | score=+0.4450
21:25:25 | t=126 | UPDATE | problem=TSP | head=TSP | uid=tsp:train:9199 | global_index=9199 | arm=4(t2t500)
    outcome: reward=0.0000 | selected_cost=5.1042 | best_cost=4.9361 | regret=0.1681
    result: record_global_index=9199 | name=None | score=5.1042
    arm_stats: problem_pulls=20 | problem_avg_reward=0.5167 | global_pulls=20 | global_avg_reward=0.5167
    state: rep_history=126/5000 | linear_history=126/10000 | head_mode=problem_specific | theta_norm=0.6181 | A_inv_diag_mean=0.911869 | A_inv_diag_min=0.790534 | A_inv_diag_max=0.974281
21:25:25 | epoch=1 | TRAIN[126] | TSP | select arm=0(bq) | reason=score
     0(bq              ): pulls=  26 | mean=+0.4231 | bonus=0.2426 | score=+0.5444 <--
     1(elg             ): pulls=   2 | mean=+0.3523 | bonus=0.3433 | score=+0.5240
     2(lehd            ): pulls=   3 | mean=+0.3653 | bonus=0.3069 | score=+0.5188
     3(t2t             ): pulls=   5 | mean=+0.3585 | bonus=0.3570 | score=+0.5370
     4(t2t500          ): pulls=  20 | mean=+0.4081 | bonus=0.2563 | score=+0.5362
     5(difusco         ): pulls=   3 | mean=+0.3102 | bonus=0.3561 | score=+0.4882
     6(difusco500      ): pulls=   3 | mean=+0.3095 | bonus=0.3427 | score=+0.4809
21:25:25 | t=127 | UPDATE | problem=TSP | head=TSP | uid=tsp:train:7186 | global_index=7186 | arm=0(bq)
    outcome: reward=1.0000 | selected_cost=6.7547 | best_cost=6.7547 | regret=0.0000
    result: record_global_index=7186 | name=None | score=6.7547
    arm_stats: problem_pulls=27 | problem_avg_reward=0.5617 | global_pulls=29 | global_avg_reward=0.5402
    state: rep_history=127/5000 | linear_history=127/10000 | head_mode=problem_specific | theta_norm=0.6488 | A_inv_diag_mean=0.911596 | A_inv_diag_min=0.790251 | A_inv_diag_max=0.974206
21:25:25 | epoch=1 | TRAIN[127] | CVRP | select arm=7(omni) | reason=score
     0(bq              ): pulls=   2 | mean=+0.5051 | bonus=0.4161 | score=+0.7131
     1(elg             ): pulls=   2 | mean=+0.6170 | bonus=0.3311 | score=+0.7825
     2(lehd            ): pulls=   2 | mean=+0.5622 | bonus=0.3599 | score=+0.7422
     7(omni            ): pulls=  56 | mean=+0.7100 | bonus=0.1882 | score=+0.8041 <--
     8(mvmoe           ): pulls=   2 | mean=+0.5284 | bonus=0.3188 | score=+0.6878
21:25:25 | t=128 | UPDATE | problem=CVRP | head=CVRP | uid=cvrp:train:5840 | global_index=5840 | arm=7(omni)
    outcome: reward=0.2500 | selected_cost=11.4627 | best_cost=10.4872 | regret=0.9755
    result: record_global_index=5840 | name=None | score=11.4627
    arm_stats: problem_pulls=57 | problem_avg_reward=0.7237 | global_pulls=57 | global_avg_reward=0.7237
    state: rep_history=128/5000 | linear_history=128/10000 | head_mode=problem_specific | theta_norm=0.7053 | A_inv_diag_mean=0.937906 | A_inv_diag_min=0.805223 | A_inv_diag_max=0.984650
21:25:25 | epoch=1 | TRAIN[128] | TSP | select arm=0(bq) | reason=score
     0(bq              ): pulls=  27 | mean=+0.5848 | bonus=0.3289 | score=+0.7493 <--
     1(elg             ): pulls=   2 | mean=+0.4999 | bonus=0.4392 | score=+0.7195
     2(lehd            ): pulls=   3 | mean=+0.5031 | bonus=0.4004 | score=+0.7033
     3(t2t             ): pulls=   5 | mean=+0.4966 | bonus=0.4262 | score=+0.7097
     4(t2t500          ): pulls=  20 | mean=+0.5494 | bonus=0.3300 | score=+0.7144
     5(difusco         ): pulls=   3 | mean=+0.4627 | bonus=0.4368 | score=+0.6811
     6(difusco500      ): pulls=   3 | mean=+0.4485 | bonus=0.4257 | score=+0.6613
21:25:25 | t=129 | UPDATE | problem=TSP | head=TSP | uid=tsp:train:2529 | global_index=2529 | arm=0(bq)
    outcome: reward=0.8333 | selected_cost=8.1452 | best_cost=8.1400 | regret=0.0052
    result: record_global_index=2529 | name=None | score=8.1452
    arm_stats: problem_pulls=28 | problem_avg_reward=0.5714 | global_pulls=30 | global_avg_reward=0.5500
    state: rep_history=129/5000 | linear_history=129/10000 | head_mode=problem_specific | theta_norm=0.6478 | A_inv_diag_mean=0.911335 | A_inv_diag_min=0.789876 | A_inv_diag_max=0.974031
21:25:25 | epoch=1 | TRAIN[129] | CVRP | select arm=7(omni) | reason=score
     0(bq              ): pulls=   2 | mean=+0.5991 | bonus=0.4627 | score=+0.8305
     1(elg             ): pulls=   2 | mean=+0.7050 | bonus=0.3827 | score=+0.8963
     2(lehd            ): pulls=   2 | mean=+0.6499 | bonus=0.3974 | score=+0.8486
     7(omni            ): pulls=  57 | mean=+0.7960 | bonus=0.2329 | score=+0.9125 <--
     8(mvmoe           ): pulls=   2 | mean=+0.6179 | bonus=0.3716 | score=+0.8037
21:25:25 | t=130 | UPDATE | problem=CVRP | head=CVRP | uid=cvrp:train:2947 | global_index=2947 | arm=7(omni)
    outcome: reward=1.0000 | selected_cost=33.9198 | best_cost=33.9198 | regret=0.0000
    result: record_global_index=2947 | name=None | score=33.9198
    arm_stats: problem_pulls=58 | problem_avg_reward=0.7284 | global_pulls=58 | global_avg_reward=0.7284
    state: rep_history=130/5000 | linear_history=130/10000 | head_mode=problem_specific | theta_norm=0.7017 | A_inv_diag_mean=0.937827 | A_inv_diag_min=0.805024 | A_inv_diag_max=0.984649
21:25:25 | epoch=1 | TRAIN[130] | TSP | select arm=0(bq) | reason=score
     0(bq              ): pulls=  28 | mean=+0.5419 | bonus=0.1940 | score=+0.6389 <--
     1(elg             ): pulls=   2 | mean=+0.4500 | bonus=0.3153 | score=+0.6076
     2(lehd            ): pulls=   3 | mean=+0.4565 | bonus=0.2672 | score=+0.5901
     3(t2t             ): pulls=   5 | mean=+0.4490 | bonus=0.3277 | score=+0.6129
     4(t2t500          ): pulls=  20 | mean=+0.5000 | bonus=0.2219 | score=+0.6110
     5(difusco         ): pulls=   3 | mean=+0.4172 | bonus=0.2969 | score=+0.5656
     6(difusco500      ): pulls=   3 | mean=+0.3972 | bonus=0.3339 | score=+0.5642
21:25:25 | t=131 | UPDATE | problem=TSP | head=TSP | uid=tsp:train:3165 | global_index=3165 | arm=0(bq)
    outcome: reward=0.6667 | selected_cost=7.5742 | best_cost=7.4598 | regret=0.1144
    result: record_global_index=3165 | name=None | score=7.5742
    arm_stats: problem_pulls=29 | problem_avg_reward=0.5747 | global_pulls=31 | global_avg_reward=0.5538
    state: rep_history=131/5000 | linear_history=131/10000 | head_mode=problem_specific | theta_norm=0.6530 | A_inv_diag_mean=0.911199 | A_inv_diag_min=0.789863 | A_inv_diag_max=0.974019
21:25:25 | epoch=1 | TRAIN[131] | TSP | select arm=0(bq) | reason=score
     0(bq              ): pulls=  29 | mean=+0.4697 | bonus=0.2093 | score=+0.5744 <--
     1(elg             ): pulls=   2 | mean=+0.3793 | bonus=0.3347 | score=+0.5466
     2(lehd            ): pulls=   3 | mean=+0.3819 | bonus=0.2805 | score=+0.5221
     3(t2t             ): pulls=   5 | mean=+0.3764 | bonus=0.3400 | score=+0.5464
     4(t2t500          ): pulls=  20 | mean=+0.4242 | bonus=0.2299 | score=+0.5392
     5(difusco         ): pulls=   3 | mean=+0.3424 | bonus=0.3451 | score=+0.5149
     6(difusco500      ): pulls=   3 | mean=+0.3225 | bonus=0.3490 | score=+0.4970
21:25:25 | t=132 | UPDATE | problem=TSP | head=TSP | uid=tsp:train:7261 | global_index=7261 | arm=0(bq)
    outcome: reward=0.1667 | selected_cost=4.5432 | best_cost=4.2784 | regret=0.2649
    result: record_global_index=7261 | name=None | score=4.5432
    arm_stats: problem_pulls=30 | problem_avg_reward=0.5611 | global_pulls=32 | global_avg_reward=0.5417
    state: rep_history=132/5000 | linear_history=132/10000 | head_mode=problem_specific | theta_norm=0.6467 | A_inv_diag_mean=0.911011 | A_inv_diag_min=0.789563 | A_inv_diag_max=0.973712
21:25:25 | epoch=1 | TRAIN[132] | TSP | select arm=0(bq) | reason=score
     0(bq              ): pulls=  30 | mean=+0.6147 | bonus=0.2161 | score=+0.7228 <--
     1(elg             ): pulls=   2 | mean=+0.5242 | bonus=0.3295 | score=+0.6890
     2(lehd            ): pulls=   3 | mean=+0.5335 | bonus=0.3001 | score=+0.6836
     3(t2t             ): pulls=   5 | mean=+0.5236 | bonus=0.3611 | score=+0.7042
     4(t2t500          ): pulls=  20 | mean=+0.5776 | bonus=0.2449 | score=+0.7001
     5(difusco         ): pulls=   3 | mean=+0.4910 | bonus=0.3073 | score=+0.6446
     6(difusco500      ): pulls=   3 | mean=+0.4747 | bonus=0.3318 | score=+0.6406
21:25:25 | t=133 | UPDATE | problem=TSP | head=TSP | uid=tsp:train:8966 | global_index=8966 | arm=0(bq)
    outcome: reward=0.0000 | selected_cost=6.9679 | best_cost=6.2648 | regret=0.7031
    result: record_global_index=8966 | name=None | score=6.9679
    arm_stats: problem_pulls=31 | problem_avg_reward=0.5430 | global_pulls=33 | global_avg_reward=0.5253
    state: rep_history=133/5000 | linear_history=133/10000 | head_mode=problem_specific | theta_norm=0.6214 | A_inv_diag_mean=0.910813 | A_inv_diag_min=0.789547 | A_inv_diag_max=0.973676
21:25:25 | epoch=1 | TRAIN[133] | CVRP | select arm=7(omni) | reason=score
     0(bq              ): pulls=   2 | mean=+0.5167 | bonus=0.4326 | score=+0.7330
     1(elg             ): pulls=   2 | mean=+0.6209 | bonus=0.3469 | score=+0.7944
     2(lehd            ): pulls=   2 | mean=+0.5676 | bonus=0.3991 | score=+0.7671
     7(omni            ): pulls=  58 | mean=+0.7115 | bonus=0.2099 | score=+0.8164 <--
     8(mvmoe           ): pulls=   2 | mean=+0.5364 | bonus=0.3666 | score=+0.7197
21:25:25 | t=134 | UPDATE | problem=CVRP | head=CVRP | uid=cvrp:train:2495 | global_index=2495 | arm=7(omni)
    outcome: reward=0.7500 | selected_cost=30.2549 | best_cost=30.1047 | regret=0.1502
    result: record_global_index=2495 | name=None | score=30.2549
    arm_stats: problem_pulls=59 | problem_avg_reward=0.7288 | global_pulls=59 | global_avg_reward=0.7288
    state: rep_history=134/5000 | linear_history=134/10000 | head_mode=problem_specific | theta_norm=0.7013 | A_inv_diag_mean=0.937661 | A_inv_diag_min=0.804739 | A_inv_diag_max=0.984648
21:25:25 | epoch=1 | TRAIN[134] | TSP | select arm=0(bq) | reason=score
     0(bq              ): pulls=  31 | mean=+0.6046 | bonus=0.2086 | score=+0.7089 <--
     1(elg             ): pulls=   2 | mean=+0.5256 | bonus=0.3386 | score=+0.6949
     2(lehd            ): pulls=   3 | mean=+0.5391 | bonus=0.2981 | score=+0.6881
     3(t2t             ): pulls=   5 | mean=+0.5248 | bonus=0.3557 | score=+0.7026
     4(t2t500          ): pulls=  20 | mean=+0.5829 | bonus=0.2491 | score=+0.7074
     5(difusco         ): pulls=   3 | mean=+0.4941 | bonus=0.3119 | score=+0.6501
     6(difusco500      ): pulls=   3 | mean=+0.4846 | bonus=0.3408 | score=+0.6550
21:25:25 | t=135 | UPDATE | problem=TSP | head=TSP | uid=tsp:train:6661 | global_index=6661 | arm=0(bq)
    outcome: reward=0.6667 | selected_cost=15.0240 | best_cost=14.9342 | regret=0.0898
    result: record_global_index=6661 | name=None | score=15.0240
    arm_stats: problem_pulls=32 | problem_avg_reward=0.5469 | global_pulls=34 | global_avg_reward=0.5294
    state: rep_history=135/5000 | linear_history=135/10000 | head_mode=problem_specific | theta_norm=0.6225 | A_inv_diag_mean=0.910730 | A_inv_diag_min=0.789547 | A_inv_diag_max=0.973593
21:25:25 | epoch=1 | TRAIN[135] | TSP | select arm=6(difusco500) | reason=epsilon_random
     0(bq              ): pulls=  32 | mean=+0.3826 | bonus=0.3276 | score=+0.5464
     1(elg             ): pulls=   2 | mean=+0.3113 | bonus=0.4195 | score=+0.5210
     2(lehd            ): pulls=   3 | mean=+0.3150 | bonus=0.4012 | score=+0.5155
     3(t2t             ): pulls=   5 | mean=+0.2804 | bonus=0.4723 | score=+0.5165
     4(t2t500          ): pulls=  20 | mean=+0.3617 | bonus=0.3259 | score=+0.5246
     5(difusco         ): pulls=   3 | mean=+0.2732 | bonus=0.3992 | score=+0.4727
     6(difusco500      ): pulls=   3 | mean=+0.2578 | bonus=0.4121 | score=+0.4639 <--
21:25:25 | t=136 | UPDATE | problem=TSP | head=TSP | uid=tsp:train:888 | global_index=888 | arm=6(difusco500)
    outcome: reward=0.1667 | selected_cost=4.1537 | best_cost=4.1414 | regret=0.0123
    result: record_global_index=888 | name=None | score=4.1537
    arm_stats: problem_pulls=4 | problem_avg_reward=0.3750 | global_pulls=4 | global_avg_reward=0.3750
    state: rep_history=136/5000 | linear_history=136/10000 | head_mode=problem_specific | theta_norm=0.6193 | A_inv_diag_mean=0.909367 | A_inv_diag_min=0.789531 | A_inv_diag_max=0.973589
21:25:25 | epoch=1 | TRAIN[136] | TSP | select arm=0(bq) | reason=score
     0(bq              ): pulls=  32 | mean=+0.3558 | bonus=0.3043 | score=+0.5079 <--
     1(elg             ): pulls=   2 | mean=+0.2865 | bonus=0.3943 | score=+0.4837
     2(lehd            ): pulls=   3 | mean=+0.2891 | bonus=0.3629 | score=+0.4706
     3(t2t             ): pulls=   5 | mean=+0.2548 | bonus=0.4450 | score=+0.4773
     4(t2t500          ): pulls=  20 | mean=+0.3364 | bonus=0.2969 | score=+0.4848
     5(difusco         ): pulls=   3 | mean=+0.2459 | bonus=0.3910 | score=+0.4414
     6(difusco500      ): pulls=   4 | mean=+0.2273 | bonus=0.3756 | score=+0.4151
21:25:25 | t=137 | UPDATE | problem=TSP | head=TSP | uid=tsp:train:4178 | global_index=4178 | arm=0(bq)
    outcome: reward=0.3333 | selected_cost=5.2328 | best_cost=5.2066 | regret=0.0263
    result: record_global_index=4178 | name=None | score=5.2328
    arm_stats: problem_pulls=33 | problem_avg_reward=0.5404 | global_pulls=35 | global_avg_reward=0.5238
    state: rep_history=137/5000 | linear_history=137/10000 | head_mode=problem_specific | theta_norm=0.6178 | A_inv_diag_mean=0.908790 | A_inv_diag_min=0.787614 | A_inv_diag_max=0.973327
21:25:25 | epoch=1 | TRAIN[137] | TSP | select arm=0(bq) | reason=score
     0(bq              ): pulls=  33 | mean=+0.6269 | bonus=0.2530 | score=+0.7534 <--
     1(elg             ): pulls=   2 | mean=+0.5433 | bonus=0.3695 | score=+0.7281
     2(lehd            ): pulls=   3 | mean=+0.5568 | bonus=0.3286 | score=+0.7211
     3(t2t             ): pulls=   5 | mean=+0.5429 | bonus=0.3882 | score=+0.7370
     4(t2t500          ): pulls=  20 | mean=+0.6037 | bonus=0.2949 | score=+0.7511
     5(difusco         ): pulls=   3 | mean=+0.5147 | bonus=0.3241 | score=+0.6767
     6(difusco500      ): pulls=   4 | mean=+0.4980 | bonus=0.3747 | score=+0.6854
21:25:25 | t=138 | UPDATE | problem=TSP | head=TSP | uid=tsp:train:4719 | global_index=4719 | arm=0(bq)
    outcome: reward=0.8333 | selected_cost=9.6965 | best_cost=9.6007 | regret=0.0957
    result: record_global_index=4719 | name=None | score=9.6965
    arm_stats: problem_pulls=34 | problem_avg_reward=0.5490 | global_pulls=36 | global_avg_reward=0.5324
    state: rep_history=138/5000 | linear_history=138/10000 | head_mode=problem_specific | theta_norm=0.6175 | A_inv_diag_mean=0.908636 | A_inv_diag_min=0.787604 | A_inv_diag_max=0.973142
21:25:25 | epoch=1 | TRAIN[138] | TSP | select arm=0(bq) | reason=score
     0(bq              ): pulls=  34 | mean=+0.4827 | bonus=0.1939 | score=+0.5796 <--
     1(elg             ): pulls=   2 | mean=+0.3984 | bonus=0.3158 | score=+0.5563
     2(lehd            ): pulls=   3 | mean=+0.4101 | bonus=0.2676 | score=+0.5439
     3(t2t             ): pulls=   5 | mean=+0.4010 | bonus=0.3267 | score=+0.5643
     4(t2t500          ): pulls=  20 | mean=+0.4569 | bonus=0.2328 | score=+0.5733
     5(difusco         ): pulls=   3 | mean=+0.3657 | bonus=0.3178 | score=+0.5246
     6(difusco500      ): pulls=   4 | mean=+0.3497 | bonus=0.3243 | score=+0.5119
21:25:25 | t=139 | UPDATE | problem=TSP | head=TSP | uid=tsp:train:7644 | global_index=7644 | arm=0(bq)
    outcome: reward=0.8333 | selected_cost=8.1369 | best_cost=8.1024 | regret=0.0345
    result: record_global_index=7644 | name=None | score=8.1369
    arm_stats: problem_pulls=35 | problem_avg_reward=0.5571 | global_pulls=37 | global_avg_reward=0.5405
    state: rep_history=139/5000 | linear_history=139/10000 | head_mode=problem_specific | theta_norm=0.6318 | A_inv_diag_mean=0.908522 | A_inv_diag_min=0.787366 | A_inv_diag_max=0.973042
21:25:25 | epoch=1 | TRAIN[139] | TSP | select arm=6(difusco500) | reason=epsilon_random
     0(bq              ): pulls=  35 | mean=+0.3863 | bonus=0.2414 | score=+0.5070
     1(elg             ): pulls=   2 | mean=+0.3109 | bonus=0.3681 | score=+0.4950
     2(lehd            ): pulls=   3 | mean=+0.3108 | bonus=0.3195 | score=+0.4705
     3(t2t             ): pulls=   5 | mean=+0.2939 | bonus=0.3731 | score=+0.4805
     4(t2t500          ): pulls=  20 | mean=+0.3568 | bonus=0.2707 | score=+0.4922
     5(difusco         ): pulls=   3 | mean=+0.2664 | bonus=0.3705 | score=+0.4516
     6(difusco500      ): pulls=   4 | mean=+0.2528 | bonus=0.3537 | score=+0.4297 <--
21:25:25 | t=140 | UPDATE | problem=TSP | head=TSP | uid=tsp:train:7622 | global_index=7622 | arm=6(difusco500)
    outcome: reward=0.8333 | selected_cost=6.1152 | best_cost=6.1146 | regret=0.0006
    result: record_global_index=7622 | name=None | score=6.1152
    arm_stats: problem_pulls=5 | problem_avg_reward=0.4667 | global_pulls=5 | global_avg_reward=0.4667
    state: rep_history=140/5000 | linear_history=140/10000 | head_mode=problem_specific | theta_norm=0.6307 | A_inv_diag_mean=0.907709 | A_inv_diag_min=0.787313 | A_inv_diag_max=0.973004
21:25:25 | epoch=1 | TRAIN[140] | CVRP | select arm=7(omni) | reason=score
     0(bq              ): pulls=   2 | mean=+0.5006 | bonus=0.4113 | score=+0.7063
     1(elg             ): pulls=   2 | mean=+0.6080 | bonus=0.3359 | score=+0.7760
     2(lehd            ): pulls=   2 | mean=+0.5533 | bonus=0.3579 | score=+0.7323
     7(omni            ): pulls=  59 | mean=+0.6960 | bonus=0.1980 | score=+0.7950 <--
     8(mvmoe           ): pulls=   2 | mean=+0.5205 | bonus=0.2890 | score=+0.6650
21:25:25 | t=141 | UPDATE | problem=CVRP | head=CVRP | uid=cvrp:train:3865 | global_index=3865 | arm=7(omni)
    outcome: reward=1.0000 | selected_cost=16.3910 | best_cost=16.3910 | regret=0.0000
    result: record_global_index=3865 | name=None | score=16.3910
    arm_stats: problem_pulls=60 | problem_avg_reward=0.7333 | global_pulls=60 | global_avg_reward=0.7333
    state: rep_history=141/5000 | linear_history=141/10000 | head_mode=problem_specific | theta_norm=0.7167 | A_inv_diag_mean=0.937496 | A_inv_diag_min=0.804675 | A_inv_diag_max=0.984603
21:25:25 | epoch=1 | TRAIN[141] | TSP | select arm=0(bq) | reason=score
     0(bq              ): pulls=  35 | mean=+0.5831 | bonus=0.1872 | score=+0.6767 <--
     1(elg             ): pulls=   2 | mean=+0.5126 | bonus=0.3148 | score=+0.6701
     2(lehd            ): pulls=   3 | mean=+0.5109 | bonus=0.2816 | score=+0.6517
     3(t2t             ): pulls=   5 | mean=+0.4946 | bonus=0.3419 | score=+0.6656
     4(t2t500          ): pulls=  20 | mean=+0.5549 | bonus=0.2313 | score=+0.6706
     5(difusco         ): pulls=   3 | mean=+0.4713 | bonus=0.3030 | score=+0.6228
     6(difusco500      ): pulls=   5 | mean=+0.4874 | bonus=0.2991 | score=+0.6369
21:25:25 | t=142 | UPDATE | problem=TSP | head=TSP | uid=tsp:train:3823 | global_index=3823 | arm=0(bq)
    outcome: reward=0.8333 | selected_cost=9.3723 | best_cost=9.2250 | regret=0.1474
    result: record_global_index=3823 | name=None | score=9.3723
    arm_stats: problem_pulls=36 | problem_avg_reward=0.5648 | global_pulls=38 | global_avg_reward=0.5482
    state: rep_history=142/5000 | linear_history=142/10000 | head_mode=problem_specific | theta_norm=0.6381 | A_inv_diag_mean=0.907633 | A_inv_diag_min=0.787265 | A_inv_diag_max=0.972992
21:25:25 | epoch=1 | TRAIN[142] | CVRP | select arm=7(omni) | reason=score
     0(bq              ): pulls=   2 | mean=+0.5301 | bonus=0.4276 | score=+0.7439
     1(elg             ): pulls=   2 | mean=+0.6365 | bonus=0.3651 | score=+0.8190
     2(lehd            ): pulls=   2 | mean=+0.5821 | bonus=0.4015 | score=+0.7828
     7(omni            ): pulls=  60 | mean=+0.7313 | bonus=0.2028 | score=+0.8327 <--
     8(mvmoe           ): pulls=   2 | mean=+0.5488 | bonus=0.3448 | score=+0.7213
21:25:25 | t=143 | UPDATE | problem=CVRP | head=CVRP | uid=cvrp:train:1101 | global_index=1101 | arm=7(omni)
    outcome: reward=1.0000 | selected_cost=25.4577 | best_cost=25.4577 | regret=0.0000
    result: record_global_index=1101 | name=None | score=25.4577
    arm_stats: problem_pulls=61 | problem_avg_reward=0.7377 | global_pulls=61 | global_avg_reward=0.7377
    state: rep_history=143/5000 | linear_history=143/10000 | head_mode=problem_specific | theta_norm=0.7113 | A_inv_diag_mean=0.937385 | A_inv_diag_min=0.804651 | A_inv_diag_max=0.984601
21:25:25 | epoch=1 | TRAIN[143] | TSP | select arm=0(bq) | reason=score
     0(bq              ): pulls=  36 | mean=+0.5286 | bonus=0.2041 | score=+0.6307 <--
     1(elg             ): pulls=   2 | mean=+0.4545 | bonus=0.3393 | score=+0.6241
     2(lehd            ): pulls=   3 | mean=+0.4513 | bonus=0.2765 | score=+0.5895
     3(t2t             ): pulls=   5 | mean=+0.4370 | bonus=0.3472 | score=+0.6106
     4(t2t500          ): pulls=  20 | mean=+0.4950 | bonus=0.2427 | score=+0.6163
     5(difusco         ): pulls=   3 | mean=+0.4125 | bonus=0.3254 | score=+0.5752
     6(difusco500      ): pulls=   5 | mean=+0.4253 | bonus=0.3416 | score=+0.5961
21:25:25 | t=144 | UPDATE | problem=TSP | head=TSP | uid=tsp:train:7535 | global_index=7535 | arm=0(bq)
    outcome: reward=0.0000 | selected_cost=8.0443 | best_cost=7.6181 | regret=0.4262
    result: record_global_index=7535 | name=None | score=8.0443
    arm_stats: problem_pulls=37 | problem_avg_reward=0.5495 | global_pulls=39 | global_avg_reward=0.5342
    state: rep_history=144/5000 | linear_history=144/10000 | head_mode=problem_specific | theta_norm=0.6349 | A_inv_diag_mean=0.907446 | A_inv_diag_min=0.787116 | A_inv_diag_max=0.972915
21:25:25 | epoch=1 | TRAIN[144] | CVRP | select arm=7(omni) | reason=score
     0(bq              ): pulls=   2 | mean=+0.5171 | bonus=0.4073 | score=+0.7207
     1(elg             ): pulls=   2 | mean=+0.6245 | bonus=0.3292 | score=+0.7892
     2(lehd            ): pulls=   2 | mean=+0.5708 | bonus=0.3715 | score=+0.7565
     7(omni            ): pulls=  61 | mean=+0.7177 | bonus=0.1598 | score=+0.7976 <--
     8(mvmoe           ): pulls=   2 | mean=+0.5361 | bonus=0.3253 | score=+0.6987
21:25:25 | t=145 | UPDATE | problem=CVRP | head=CVRP | uid=cvrp:train:3462 | global_index=3462 | arm=7(omni)
    outcome: reward=1.0000 | selected_cost=21.6759 | best_cost=21.6759 | regret=0.0000
    result: record_global_index=3462 | name=None | score=21.6759
    arm_stats: problem_pulls=62 | problem_avg_reward=0.7419 | global_pulls=62 | global_avg_reward=0.7419
    state: rep_history=145/5000 | linear_history=145/10000 | head_mode=problem_specific | theta_norm=0.7114 | A_inv_diag_mean=0.937323 | A_inv_diag_min=0.804544 | A_inv_diag_max=0.984600
21:25:25 | epoch=1 | TRAIN[145] | CVRP | select arm=7(omni) | reason=score
     0(bq              ): pulls=   2 | mean=+0.5116 | bonus=0.3987 | score=+0.7110
     1(elg             ): pulls=   2 | mean=+0.6215 | bonus=0.3069 | score=+0.7750
     2(lehd            ): pulls=   2 | mean=+0.5674 | bonus=0.3458 | score=+0.7403
     7(omni            ): pulls=  62 | mean=+0.7138 | bonus=0.1395 | score=+0.7836 <--
     8(mvmoe           ): pulls=   2 | mean=+0.5320 | bonus=0.3038 | score=+0.6839
21:25:25 | t=146 | UPDATE | problem=CVRP | head=CVRP | uid=cvrp:train:6271 | global_index=6271 | arm=7(omni)
    outcome: reward=0.7500 | selected_cost=19.3031 | best_cost=19.1306 | regret=0.1726
    result: record_global_index=6271 | name=None | score=19.3031
    arm_stats: problem_pulls=63 | problem_avg_reward=0.7421 | global_pulls=63 | global_avg_reward=0.7421
    state: rep_history=146/5000 | linear_history=146/10000 | head_mode=problem_specific | theta_norm=0.7123 | A_inv_diag_mean=0.937268 | A_inv_diag_min=0.804324 | A_inv_diag_max=0.984600
21:25:25 | epoch=1 | TRAIN[146] | CVRP | select arm=7(omni) | reason=score
     0(bq              ): pulls=   2 | mean=+0.5411 | bonus=0.4256 | score=+0.7539
     1(elg             ): pulls=   2 | mean=+0.6506 | bonus=0.3320 | score=+0.8166
     2(lehd            ): pulls=   2 | mean=+0.5957 | bonus=0.3492 | score=+0.7703
     7(omni            ): pulls=  63 | mean=+0.7431 | bonus=0.1727 | score=+0.8295 <--
     8(mvmoe           ): pulls=   2 | mean=+0.5598 | bonus=0.3113 | score=+0.7154
21:25:25 | t=147 | UPDATE | problem=CVRP | head=CVRP | uid=cvrp:train:3206 | global_index=3206 | arm=7(omni)
    outcome: reward=1.0000 | selected_cost=23.6380 | best_cost=23.6380 | regret=0.0000
    result: record_global_index=3206 | name=None | score=23.6380
    arm_stats: problem_pulls=64 | problem_avg_reward=0.7461 | global_pulls=64 | global_avg_reward=0.7461
    state: rep_history=147/5000 | linear_history=147/10000 | head_mode=problem_specific | theta_norm=0.7177 | A_inv_diag_mean=0.937188 | A_inv_diag_min=0.804324 | A_inv_diag_max=0.984587
21:25:25 | epoch=1 | TRAIN[147] | CVRP | select arm=7(omni) | reason=score
     0(bq              ): pulls=   2 | mean=+0.5711 | bonus=0.4287 | score=+0.7854
     1(elg             ): pulls=   2 | mean=+0.6807 | bonus=0.3420 | score=+0.8517
     2(lehd            ): pulls=   2 | mean=+0.6248 | bonus=0.3792 | score=+0.8144
     7(omni            ): pulls=  64 | mean=+0.7769 | bonus=0.1811 | score=+0.8674 <--
     8(mvmoe           ): pulls=   2 | mean=+0.5899 | bonus=0.3544 | score=+0.7672
21:25:25 | t=148 | UPDATE | problem=CVRP | head=CVRP | uid=cvrp:train:815 | global_index=815 | arm=7(omni)
    outcome: reward=1.0000 | selected_cost=30.7603 | best_cost=30.7603 | regret=0.0000
    result: record_global_index=815 | name=None | score=30.7603
    arm_stats: problem_pulls=65 | problem_avg_reward=0.7500 | global_pulls=65 | global_avg_reward=0.7500
    state: rep_history=148/5000 | linear_history=148/10000 | head_mode=problem_specific | theta_norm=0.7138 | A_inv_diag_mean=0.937132 | A_inv_diag_min=0.804323 | A_inv_diag_max=0.984580
21:25:25 | epoch=1 | TRAIN[148] | TSP | select arm=0(bq) | reason=score
     0(bq              ): pulls=  37 | mean=+0.4551 | bonus=0.2308 | score=+0.5705 <--
     1(elg             ): pulls=   2 | mean=+0.3937 | bonus=0.3328 | score=+0.5601
     2(lehd            ): pulls=   3 | mean=+0.3958 | bonus=0.2873 | score=+0.5394
     3(t2t             ): pulls=   5 | mean=+0.3777 | bonus=0.3429 | score=+0.5491
     4(t2t500          ): pulls=  20 | mean=+0.4339 | bonus=0.2650 | score=+0.5664
     5(difusco         ): pulls=   3 | mean=+0.3468 | bonus=0.3419 | score=+0.5177
     6(difusco500      ): pulls=   5 | mean=+0.3656 | bonus=0.3337 | score=+0.5325
21:25:25 | t=149 | UPDATE | problem=TSP | head=TSP | uid=tsp:train:944 | global_index=944 | arm=0(bq)
    outcome: reward=0.8333 | selected_cost=6.2692 | best_cost=6.2104 | regret=0.0588
    result: record_global_index=944 | name=None | score=6.2692
    arm_stats: problem_pulls=38 | problem_avg_reward=0.5570 | global_pulls=40 | global_avg_reward=0.5417
    state: rep_history=149/5000 | linear_history=149/10000 | head_mode=problem_specific | theta_norm=0.6517 | A_inv_diag_mean=0.907190 | A_inv_diag_min=0.786988 | A_inv_diag_max=0.972791
21:25:25 | epoch=1 | TRAIN[149] | TSP | select arm=0(bq) | reason=score
     0(bq              ): pulls=  38 | mean=+0.4992 | bonus=0.1858 | score=+0.5921 <--
     1(elg             ): pulls=   2 | mean=+0.4272 | bonus=0.3122 | score=+0.5833
     2(lehd            ): pulls=   3 | mean=+0.4260 | bonus=0.2642 | score=+0.5581
     3(t2t             ): pulls=   5 | mean=+0.4100 | bonus=0.3237 | score=+0.5719
     4(t2t500          ): pulls=  20 | mean=+0.4682 | bonus=0.2299 | score=+0.5832
     5(difusco         ): pulls=   3 | mean=+0.3840 | bonus=0.3260 | score=+0.5470
     6(difusco500      ): pulls=   5 | mean=+0.3969 | bonus=0.3129 | score=+0.5533
21:25:25 | t=150 | UPDATE | problem=TSP | head=TSP | uid=tsp:train:6967 | global_index=6967 | arm=0(bq)
    outcome: reward=1.0000 | selected_cost=7.2628 | best_cost=7.2628 | regret=0.0000
    result: record_global_index=6967 | name=None | score=7.2628
    arm_stats: problem_pulls=39 | problem_avg_reward=0.5684 | global_pulls=41 | global_avg_reward=0.5528
    state: rep_history=150/5000 | linear_history=150/10000 | head_mode=problem_specific | theta_norm=0.6702 | A_inv_diag_mean=0.907077 | A_inv_diag_min=0.786900 | A_inv_diag_max=0.972707
21:25:25 | epoch=1 | TRAIN[150] | CVRP | select arm=7(omni) | reason=score
     0(bq              ): pulls=   2 | mean=+0.2386 | bonus=0.9127 | score=+0.6949
     1(elg             ): pulls=   2 | mean=+0.3863 | bonus=0.8628 | score=+0.8177
     2(lehd            ): pulls=   2 | mean=+0.3249 | bonus=0.9197 | score=+0.7848
     7(omni            ): pulls=  65 | mean=+0.4965 | bonus=0.8171 | score=+0.9050 <--
     8(mvmoe           ): pulls=   2 | mean=+0.2891 | bonus=0.8883 | score=+0.7333
21:25:25 | t=151 | UPDATE | problem=CVRP | head=CVRP | uid=cvrp:train:47 | global_index=47 | arm=7(omni)
    outcome: reward=0.2500 | selected_cost=13.8299 | best_cost=13.5985 | regret=0.2314
    result: record_global_index=47 | name=None | score=13.8299
    arm_stats: problem_pulls=66 | problem_avg_reward=0.7424 | global_pulls=66 | global_avg_reward=0.7424
    state: rep_history=151/5000 | linear_history=151/10000 | head_mode=problem_specific | theta_norm=0.7248 | A_inv_diag_mean=0.935043 | A_inv_diag_min=0.804239 | A_inv_diag_max=0.981758
21:25:25 | epoch=1 | TRAIN[151] | TSP | select arm=0(bq) | reason=score
     0(bq              ): pulls=  39 | mean=+0.3957 | bonus=0.2759 | score=+0.5336 <--
     1(elg             ): pulls=   2 | mean=+0.3345 | bonus=0.3757 | score=+0.5224
     2(lehd            ): pulls=   3 | mean=+0.3188 | bonus=0.3477 | score=+0.4926
     3(t2t             ): pulls=   5 | mean=+0.2750 | bonus=0.4276 | score=+0.4888
     4(t2t500          ): pulls=  20 | mean=+0.3624 | bonus=0.2855 | score=+0.5052
     5(difusco         ): pulls=   3 | mean=+0.2819 | bonus=0.3789 | score=+0.4714
     6(difusco500      ): pulls=   5 | mean=+0.2886 | bonus=0.3509 | score=+0.4641
21:25:25 | t=152 | UPDATE | problem=TSP | head=TSP | uid=tsp:train:4192 | global_index=4192 | arm=0(bq)
    outcome: reward=0.1667 | selected_cost=4.8314 | best_cost=4.8071 | regret=0.0242
    result: record_global_index=4192 | name=None | score=4.8314
    arm_stats: problem_pulls=40 | problem_avg_reward=0.5583 | global_pulls=42 | global_avg_reward=0.5437
    state: rep_history=152/5000 | linear_history=152/10000 | head_mode=problem_specific | theta_norm=0.6606 | A_inv_diag_mean=0.906665 | A_inv_diag_min=0.785322 | A_inv_diag_max=0.972547
21:25:25 | epoch=1 | TRAIN[152] | TSP | select arm=0(bq) | reason=score
     0(bq              ): pulls=  40 | mean=+0.3488 | bonus=0.3732 | score=+0.5354 <--
     1(elg             ): pulls=   2 | mean=+0.2875 | bonus=0.4479 | score=+0.5115
     2(lehd            ): pulls=   3 | mean=+0.2770 | bonus=0.4317 | score=+0.4928
     3(t2t             ): pulls=   5 | mean=+0.2237 | bonus=0.4987 | score=+0.4731
     4(t2t500          ): pulls=  20 | mean=+0.3252 | bonus=0.3773 | score=+0.5139
     5(difusco         ): pulls=   3 | mean=+0.2441 | bonus=0.4355 | score=+0.4619
     6(difusco500      ): pulls=   5 | mean=+0.2507 | bonus=0.4066 | score=+0.4541
21:25:25 | t=153 | UPDATE | problem=TSP | head=TSP | uid=tsp:train:7698 | global_index=7698 | arm=0(bq)
    outcome: reward=0.9167 | selected_cost=4.9739 | best_cost=4.9739 | regret=0.0000
    result: record_global_index=7698 | name=None | score=4.9739
    arm_stats: problem_pulls=41 | problem_avg_reward=0.5671 | global_pulls=43 | global_avg_reward=0.5523
    state: rep_history=153/5000 | linear_history=153/10000 | head_mode=problem_specific | theta_norm=0.7106 | A_inv_diag_mean=0.905619 | A_inv_diag_min=0.780823 | A_inv_diag_max=0.972536
21:25:25 | epoch=1 | TRAIN[153] | CVRP | select arm=7(omni) | reason=score
     0(bq              ): pulls=   2 | mean=+0.5191 | bonus=0.3982 | score=+0.7182
     1(elg             ): pulls=   2 | mean=+0.6316 | bonus=0.3086 | score=+0.7859
     2(lehd            ): pulls=   2 | mean=+0.5703 | bonus=0.3406 | score=+0.7406
     7(omni            ): pulls=  66 | mean=+0.7242 | bonus=0.1606 | score=+0.8045 <--
     8(mvmoe           ): pulls=   2 | mean=+0.5361 | bonus=0.2794 | score=+0.6758
21:25:25 | t=154 | UPDATE | problem=CVRP | head=CVRP | uid=cvrp:train:3125 | global_index=3125 | arm=7(omni)
    outcome: reward=1.0000 | selected_cost=16.3402 | best_cost=16.3402 | regret=0.0000
    result: record_global_index=3125 | name=None | score=16.3402
    arm_stats: problem_pulls=67 | problem_avg_reward=0.7463 | global_pulls=67 | global_avg_reward=0.7463
    state: rep_history=154/5000 | linear_history=154/10000 | head_mode=problem_specific | theta_norm=0.7371 | A_inv_diag_mean=0.934940 | A_inv_diag_min=0.803977 | A_inv_diag_max=0.981758
21:25:25 | epoch=1 | TRAIN[154] | CVRP | select arm=7(omni) | reason=score
     0(bq              ): pulls=   2 | mean=+0.6480 | bonus=0.4758 | score=+0.8859
     1(elg             ): pulls=   2 | mean=+0.7586 | bonus=0.4081 | score=+0.9627
     2(lehd            ): pulls=   2 | mean=+0.6959 | bonus=0.4280 | score=+0.9099
     7(omni            ): pulls=  67 | mean=+0.8575 | bonus=0.2444 | score=+0.9796 <--
     8(mvmoe           ): pulls=   2 | mean=+0.6626 | bonus=0.3763 | score=+0.8508
21:25:25 | t=155 | UPDATE | problem=CVRP | head=CVRP | uid=cvrp:train:5784 | global_index=5784 | arm=7(omni)
    outcome: reward=0.2500 | selected_cost=13.7357 | best_cost=12.6729 | regret=1.0628
    result: record_global_index=5784 | name=None | score=13.7357
    arm_stats: problem_pulls=68 | problem_avg_reward=0.7390 | global_pulls=68 | global_avg_reward=0.7390
    state: rep_history=155/5000 | linear_history=155/10000 | head_mode=problem_specific | theta_norm=0.7578 | A_inv_diag_mean=0.934815 | A_inv_diag_min=0.803743 | A_inv_diag_max=0.981735
21:25:25 | epoch=1 | TRAIN[155] | TSP | select arm=0(bq) | reason=score
     0(bq              ): pulls=  41 | mean=+0.5094 | bonus=0.1921 | score=+0.6055 <--
     1(elg             ): pulls=   2 | mean=+0.4288 | bonus=0.3193 | score=+0.5885
     2(lehd            ): pulls=   3 | mean=+0.4224 | bonus=0.2740 | score=+0.5594
     3(t2t             ): pulls=   5 | mean=+0.4084 | bonus=0.3245 | score=+0.5706
     4(t2t500          ): pulls=  20 | mean=+0.4625 | bonus=0.2423 | score=+0.5836
     5(difusco         ): pulls=   3 | mean=+0.3842 | bonus=0.3385 | score=+0.5535
     6(difusco500      ): pulls=   5 | mean=+0.3855 | bonus=0.3190 | score=+0.5450
21:25:25 | t=156 | UPDATE | problem=TSP | head=TSP | uid=tsp:train:1029 | global_index=1029 | arm=0(bq)
    outcome: reward=0.5000 | selected_cost=7.1300 | best_cost=7.0606 | regret=0.0694
    result: record_global_index=1029 | name=None | score=7.1300
    arm_stats: problem_pulls=42 | problem_avg_reward=0.5655 | global_pulls=44 | global_avg_reward=0.5511
    state: rep_history=156/5000 | linear_history=156/10000 | head_mode=problem_specific | theta_norm=0.7102 | A_inv_diag_mean=0.905498 | A_inv_diag_min=0.780455 | A_inv_diag_max=0.972445
21:25:25 | epoch=1 | TRAIN[156] | TSP | select arm=0(bq) | reason=score
     0(bq              ): pulls=  42 | mean=+0.4692 | bonus=0.2061 | score=+0.5722 <--
     1(elg             ): pulls=   2 | mean=+0.3961 | bonus=0.3354 | score=+0.5638
     2(lehd            ): pulls=   3 | mean=+0.3837 | bonus=0.2920 | score=+0.5297
     3(t2t             ): pulls=   5 | mean=+0.3678 | bonus=0.3498 | score=+0.5427
     4(t2t500          ): pulls=  20 | mean=+0.4199 | bonus=0.2445 | score=+0.5422
     5(difusco         ): pulls=   3 | mean=+0.3440 | bonus=0.3496 | score=+0.5188
     6(difusco500      ): pulls=   5 | mean=+0.3455 | bonus=0.3279 | score=+0.5095
21:25:25 | t=157 | UPDATE | problem=TSP | head=TSP | uid=tsp:train:4832 | global_index=4832 | arm=0(bq)
    outcome: reward=1.0000 | selected_cost=6.0963 | best_cost=6.0963 | regret=0.0000
    result: record_global_index=4832 | name=None | score=6.0963
    arm_stats: problem_pulls=43 | problem_avg_reward=0.5756 | global_pulls=45 | global_avg_reward=0.5611
    state: rep_history=157/5000 | linear_history=157/10000 | head_mode=problem_specific | theta_norm=0.7271 | A_inv_diag_mean=0.905350 | A_inv_diag_min=0.780444 | A_inv_diag_max=0.972438
21:25:25 | epoch=1 | TRAIN[157] | CVRP | select arm=7(omni) | reason=score
     0(bq              ): pulls=   2 | mean=+0.5431 | bonus=0.4083 | score=+0.7473
     1(elg             ): pulls=   2 | mean=+0.6514 | bonus=0.3064 | score=+0.8045
     2(lehd            ): pulls=   2 | mean=+0.5910 | bonus=0.3296 | score=+0.7558
     7(omni            ): pulls=  68 | mean=+0.7521 | bonus=0.1656 | score=+0.8349 <--
     8(mvmoe           ): pulls=   2 | mean=+0.5608 | bonus=0.3144 | score=+0.7180
21:25:25 | t=158 | UPDATE | problem=CVRP | head=CVRP | uid=cvrp:train:297 | global_index=297 | arm=7(omni)
    outcome: reward=1.0000 | selected_cost=23.5539 | best_cost=23.5539 | regret=0.0000
    result: record_global_index=297 | name=None | score=23.5539
    arm_stats: problem_pulls=69 | problem_avg_reward=0.7428 | global_pulls=69 | global_avg_reward=0.7428
    state: rep_history=158/5000 | linear_history=158/10000 | head_mode=problem_specific | theta_norm=0.7667 | A_inv_diag_mean=0.934716 | A_inv_diag_min=0.803738 | A_inv_diag_max=0.981660
21:25:25 | epoch=1 | TRAIN[158] | TSP | select arm=0(bq) | reason=score
     0(bq              ): pulls=  43 | mean=+0.6229 | bonus=0.1916 | score=+0.7187 <--
     1(elg             ): pulls=   2 | mean=+0.5332 | bonus=0.3366 | score=+0.7015
     2(lehd            ): pulls=   3 | mean=+0.5223 | bonus=0.2925 | score=+0.6685
     3(t2t             ): pulls=   5 | mean=+0.5058 | bonus=0.3581 | score=+0.6848
     4(t2t500          ): pulls=  20 | mean=+0.5676 | bonus=0.2361 | score=+0.6856
     5(difusco         ): pulls=   3 | mean=+0.4940 | bonus=0.3044 | score=+0.6462
     6(difusco500      ): pulls=   5 | mean=+0.4898 | bonus=0.3150 | score=+0.6473
21:25:25 | t=159 | UPDATE | problem=TSP | head=TSP | uid=tsp:train:8378 | global_index=8378 | arm=0(bq)
    outcome: reward=1.0000 | selected_cost=8.2567 | best_cost=8.2567 | regret=0.0000
    result: record_global_index=8378 | name=None | score=8.2567
    arm_stats: problem_pulls=44 | problem_avg_reward=0.5852 | global_pulls=46 | global_avg_reward=0.5707
    state: rep_history=159/5000 | linear_history=159/10000 | head_mode=problem_specific | theta_norm=0.7262 | A_inv_diag_mean=0.905268 | A_inv_diag_min=0.780378 | A_inv_diag_max=0.972431
21:25:25 | epoch=1 | TRAIN[159] | TSP | select arm=0(bq) | reason=score
     0(bq              ): pulls=  44 | mean=+0.5847 | bonus=0.1831 | score=+0.6762 <--
     1(elg             ): pulls=   2 | mean=+0.4921 | bonus=0.3316 | score=+0.6580
     2(lehd            ): pulls=   3 | mean=+0.4756 | bonus=0.2805 | score=+0.6158
     3(t2t             ): pulls=   5 | mean=+0.4656 | bonus=0.3356 | score=+0.6334
     4(t2t500          ): pulls=  20 | mean=+0.5193 | bonus=0.2212 | score=+0.6299
     5(difusco         ): pulls=   3 | mean=+0.4490 | bonus=0.3275 | score=+0.6127
     6(difusco500      ): pulls=   5 | mean=+0.4408 | bonus=0.3207 | score=+0.6011
21:25:25 | t=160 | UPDATE | problem=TSP | head=TSP | uid=tsp:train:7046 | global_index=7046 | arm=0(bq)
    outcome: reward=1.0000 | selected_cost=7.8610 | best_cost=7.8610 | regret=0.0000
    result: record_global_index=7046 | name=None | score=7.8610
    arm_stats: problem_pulls=45 | problem_avg_reward=0.5944 | global_pulls=47 | global_avg_reward=0.5798
    state: rep_history=160/5000 | linear_history=160/10000 | head_mode=problem_specific | theta_norm=0.7274 | A_inv_diag_mean=0.905157 | A_inv_diag_min=0.780258 | A_inv_diag_max=0.972429
21:25:25 | epoch=1 | TRAIN[160] | CVRP | select arm=1(elg) | reason=epsilon_random
     0(bq              ): pulls=   2 | mean=+0.5615 | bonus=0.4238 | score=+0.7734
     1(elg             ): pulls=   2 | mean=+0.6681 | bonus=0.3381 | score=+0.8371 <--
     2(lehd            ): pulls=   2 | mean=+0.6077 | bonus=0.3577 | score=+0.7865
     7(omni            ): pulls=  69 | mean=+0.7744 | bonus=0.1568 | score=+0.8527
     8(mvmoe           ): pulls=   2 | mean=+0.5807 | bonus=0.3259 | score=+0.7436
21:25:25 | t=161 | UPDATE | problem=CVRP | head=CVRP | uid=cvrp:train:734 | global_index=734 | arm=1(elg)
    outcome: reward=0.2500 | selected_cost=22.6920 | best_cost=22.0451 | regret=0.6469
    result: record_global_index=734 | name=None | score=22.6920
    arm_stats: problem_pulls=3 | problem_avg_reward=0.5000 | global_pulls=5 | global_avg_reward=0.5000
    state: rep_history=161/5000 | linear_history=161/10000 | head_mode=problem_specific | theta_norm=0.7823 | A_inv_diag_mean=0.933773 | A_inv_diag_min=0.803738 | A_inv_diag_max=0.981462
21:25:25 | epoch=1 | TRAIN[161] | CVRP | select arm=7(omni) | reason=score
     0(bq              ): pulls=   2 | mean=+0.5077 | bonus=0.3945 | score=+0.7050
     1(elg             ): pulls=   3 | mean=+0.6003 | bonus=0.2957 | score=+0.7482
     2(lehd            ): pulls=   2 | mean=+0.5667 | bonus=0.3368 | score=+0.7351
     7(omni            ): pulls=  69 | mean=+0.7387 | bonus=0.1367 | score=+0.8070 <--
     8(mvmoe           ): pulls=   2 | mean=+0.5465 | bonus=0.3035 | score=+0.6983
21:25:25 | t=162 | UPDATE | problem=CVRP | head=CVRP | uid=cvrp:train:2739 | global_index=2739 | arm=7(omni)
    outcome: reward=1.0000 | selected_cost=25.8507 | best_cost=25.8507 | regret=0.0000
    result: record_global_index=2739 | name=None | score=25.8507
    arm_stats: problem_pulls=70 | problem_avg_reward=0.7464 | global_pulls=70 | global_avg_reward=0.7464
    state: rep_history=162/5000 | linear_history=162/10000 | head_mode=problem_specific | theta_norm=0.7887 | A_inv_diag_mean=0.933722 | A_inv_diag_min=0.803709 | A_inv_diag_max=0.981391
21:25:25 | epoch=1 | TRAIN[162] | CVRP | select arm=7(omni) | reason=score
     0(bq              ): pulls=   2 | mean=+0.5249 | bonus=0.4457 | score=+0.7478
     1(elg             ): pulls=   3 | mean=+0.6268 | bonus=0.3414 | score=+0.7974
     2(lehd            ): pulls=   2 | mean=+0.5922 | bonus=0.3745 | score=+0.7794
     7(omni            ): pulls=  70 | mean=+0.7668 | bonus=0.2224 | score=+0.8780 <--
     8(mvmoe           ): pulls=   2 | mean=+0.5690 | bonus=0.3615 | score=+0.7498
21:25:25 | t=163 | UPDATE | problem=CVRP | head=CVRP | uid=cvrp:train:6049 | global_index=6049 | arm=7(omni)
    outcome: reward=0.7500 | selected_cost=10.1125 | best_cost=9.7689 | regret=0.3436
    result: record_global_index=6049 | name=None | score=10.1125
    arm_stats: problem_pulls=71 | problem_avg_reward=0.7465 | global_pulls=71 | global_avg_reward=0.7465
    state: rep_history=163/5000 | linear_history=163/10000 | head_mode=problem_specific | theta_norm=0.7878 | A_inv_diag_mean=0.933475 | A_inv_diag_min=0.803064 | A_inv_diag_max=0.981143
21:25:25 | epoch=1 | TRAIN[163] | CVRP | select arm=7(omni) | reason=score
     0(bq              ): pulls=   2 | mean=+0.3537 | bonus=0.4100 | score=+0.5587
     1(elg             ): pulls=   3 | mean=+0.4873 | bonus=0.3369 | score=+0.6557
     2(lehd            ): pulls=   2 | mean=+0.4479 | bonus=0.4017 | score=+0.6487
     7(omni            ): pulls=  71 | mean=+0.6340 | bonus=0.2218 | score=+0.7449 <--
     8(mvmoe           ): pulls=   2 | mean=+0.4177 | bonus=0.3318 | score=+0.5836
21:25:25 | t=164 | UPDATE | problem=CVRP | head=CVRP | uid=cvrp:train:8178 | global_index=8178 | arm=7(omni)
    outcome: reward=0.0000 | selected_cost=14.4517 | best_cost=13.7037 | regret=0.7480
    result: record_global_index=8178 | name=None | score=14.4517
    arm_stats: problem_pulls=72 | problem_avg_reward=0.7361 | global_pulls=72 | global_avg_reward=0.7361
    state: rep_history=164/5000 | linear_history=164/10000 | head_mode=problem_specific | theta_norm=0.7683 | A_inv_diag_mean=0.933356 | A_inv_diag_min=0.802915 | A_inv_diag_max=0.981084
21:25:25 | epoch=1 | TRAIN[164] | TSP | select arm=0(bq) | reason=score
     0(bq              ): pulls=  45 | mean=+0.5487 | bonus=0.1833 | score=+0.6403 <--
     1(elg             ): pulls=   2 | mean=+0.4551 | bonus=0.3143 | score=+0.6122
     2(lehd            ): pulls=   3 | mean=+0.4338 | bonus=0.2758 | score=+0.5717
     3(t2t             ): pulls=   5 | mean=+0.4234 | bonus=0.3253 | score=+0.5860
     4(t2t500          ): pulls=  20 | mean=+0.4753 | bonus=0.2418 | score=+0.5961
     5(difusco         ): pulls=   3 | mean=+0.4082 | bonus=0.3307 | score=+0.5736
     6(difusco500      ): pulls=   5 | mean=+0.3993 | bonus=0.3111 | score=+0.5548
21:25:25 | t=165 | UPDATE | problem=TSP | head=TSP | uid=tsp:train:7696 | global_index=7696 | arm=0(bq)
    outcome: reward=1.0000 | selected_cost=7.6083 | best_cost=7.6083 | regret=0.0000
    result: record_global_index=7696 | name=None | score=7.6083
    arm_stats: problem_pulls=46 | problem_avg_reward=0.6033 | global_pulls=48 | global_avg_reward=0.5885
    state: rep_history=165/5000 | linear_history=165/10000 | head_mode=problem_specific | theta_norm=0.7501 | A_inv_diag_mean=0.905039 | A_inv_diag_min=0.780118 | A_inv_diag_max=0.972384
21:25:25 | epoch=1 | TRAIN[165] | CVRP | select arm=7(omni) | reason=score
     0(bq              ): pulls=   2 | mean=+0.3908 | bonus=0.4701 | score=+0.6259
     1(elg             ): pulls=   3 | mean=+0.4875 | bonus=0.3934 | score=+0.6842
     2(lehd            ): pulls=   2 | mean=+0.4518 | bonus=0.4561 | score=+0.6798
     7(omni            ): pulls=  72 | mean=+0.6254 | bonus=0.2798 | score=+0.7653 <--
     8(mvmoe           ): pulls=   2 | mean=+0.4360 | bonus=0.4124 | score=+0.6423
21:25:25 | t=166 | UPDATE | problem=CVRP | head=CVRP | uid=cvrp:train:7092 | global_index=7092 | arm=7(omni)
    outcome: reward=0.5000 | selected_cost=10.2532 | best_cost=9.7484 | regret=0.5048
    result: record_global_index=7092 | name=None | score=10.2532
    arm_stats: problem_pulls=73 | problem_avg_reward=0.7329 | global_pulls=73 | global_avg_reward=0.7329
    state: rep_history=166/5000 | linear_history=166/10000 | head_mode=problem_specific | theta_norm=0.7678 | A_inv_diag_mean=0.933096 | A_inv_diag_min=0.802017 | A_inv_diag_max=0.981068
21:25:25 | epoch=1 | TRAIN[166] | TSP | select arm=0(bq) | reason=score
     0(bq              ): pulls=  46 | mean=+0.6831 | bonus=0.2547 | score=+0.8105 <--
     1(elg             ): pulls=   2 | mean=+0.5802 | bonus=0.3832 | score=+0.7718
     2(lehd            ): pulls=   3 | mean=+0.5575 | bonus=0.3431 | score=+0.7290
     3(t2t             ): pulls=   5 | mean=+0.5408 | bonus=0.4062 | score=+0.7439
     4(t2t500          ): pulls=  20 | mean=+0.6040 | bonus=0.3068 | score=+0.7574
     5(difusco         ): pulls=   3 | mean=+0.5402 | bonus=0.3336 | score=+0.7070
     6(difusco500      ): pulls=   5 | mean=+0.5249 | bonus=0.3800 | score=+0.7149
21:25:25 | t=167 | UPDATE | problem=TSP | head=TSP | uid=tsp:train:1717 | global_index=1717 | arm=0(bq)
    outcome: reward=1.0000 | selected_cost=9.4300 | best_cost=9.4300 | regret=0.0000
    result: record_global_index=1717 | name=None | score=9.4300
    arm_stats: problem_pulls=47 | problem_avg_reward=0.6117 | global_pulls=49 | global_avg_reward=0.5969
    state: rep_history=167/5000 | linear_history=167/10000 | head_mode=problem_specific | theta_norm=0.7430 | A_inv_diag_mean=0.904863 | A_inv_diag_min=0.780097 | A_inv_diag_max=0.972223
21:25:25 | epoch=1 | TRAIN[167] | TSP | select arm=0(bq) | reason=score
     0(bq              ): pulls=  47 | mean=+0.6409 | bonus=0.1607 | score=+0.7212 <--
     1(elg             ): pulls=   2 | mean=+0.5348 | bonus=0.3112 | score=+0.6904
     2(lehd            ): pulls=   3 | mean=+0.5090 | bonus=0.2701 | score=+0.6441
     3(t2t             ): pulls=   5 | mean=+0.4982 | bonus=0.3385 | score=+0.6674
     4(t2t500          ): pulls=  20 | mean=+0.5571 | bonus=0.2196 | score=+0.6669
     5(difusco         ): pulls=   3 | mean=+0.4913 | bonus=0.2964 | score=+0.6395
     6(difusco500      ): pulls=   5 | mean=+0.4777 | bonus=0.3040 | score=+0.6297
21:25:25 | t=168 | UPDATE | problem=TSP | head=TSP | uid=tsp:train:7045 | global_index=7045 | arm=0(bq)
    outcome: reward=1.0000 | selected_cost=9.2196 | best_cost=9.2196 | regret=0.0000
    result: record_global_index=7045 | name=None | score=9.2196
    arm_stats: problem_pulls=48 | problem_avg_reward=0.6198 | global_pulls=50 | global_avg_reward=0.6050
    state: rep_history=168/5000 | linear_history=168/10000 | head_mode=problem_specific | theta_norm=0.7491 | A_inv_diag_mean=0.904821 | A_inv_diag_min=0.780080 | A_inv_diag_max=0.972212
21:25:25 | epoch=1 | TRAIN[168] | TSP | select arm=0(bq) | reason=score
     0(bq              ): pulls=  48 | mean=+0.6478 | bonus=0.1647 | score=+0.7302 <--
     1(elg             ): pulls=   2 | mean=+0.5373 | bonus=0.3127 | score=+0.6936
     2(lehd            ): pulls=   3 | mean=+0.5090 | bonus=0.2784 | score=+0.6482
     3(t2t             ): pulls=   5 | mean=+0.5002 | bonus=0.3365 | score=+0.6684
     4(t2t500          ): pulls=  20 | mean=+0.5576 | bonus=0.2288 | score=+0.6720
     5(difusco         ): pulls=   3 | mean=+0.4931 | bonus=0.3069 | score=+0.6466
     6(difusco500      ): pulls=   5 | mean=+0.4773 | bonus=0.2993 | score=+0.6270
21:25:25 | t=169 | UPDATE | problem=TSP | head=TSP | uid=tsp:train:4941 | global_index=4941 | arm=0(bq)
    outcome: reward=0.8333 | selected_cost=13.8701 | best_cost=13.7549 | regret=0.1152
    result: record_global_index=4941 | name=None | score=13.8701
    arm_stats: problem_pulls=49 | problem_avg_reward=0.6241 | global_pulls=51 | global_avg_reward=0.6095
    state: rep_history=169/5000 | linear_history=169/10000 | head_mode=problem_specific | theta_norm=0.7548 | A_inv_diag_mean=0.904757 | A_inv_diag_min=0.780073 | A_inv_diag_max=0.972206
21:25:25 | epoch=1 | TRAIN[169] | CVRP | select arm=7(omni) | reason=score
     0(bq              ): pulls=   2 | mean=+0.6027 | bonus=0.4539 | score=+0.8297
     1(elg             ): pulls=   3 | mean=+0.6922 | bonus=0.3640 | score=+0.8742
     2(lehd            ): pulls=   2 | mean=+0.6514 | bonus=0.4030 | score=+0.8529
     7(omni            ): pulls=  73 | mean=+0.8283 | bonus=0.2206 | score=+0.9386 <--
     8(mvmoe           ): pulls=   2 | mean=+0.6371 | bonus=0.3632 | score=+0.8186
21:25:25 | t=170 | UPDATE | problem=CVRP | head=CVRP | uid=cvrp:train:5884 | global_index=5884 | arm=7(omni)
    outcome: reward=0.7500 | selected_cost=30.1544 | best_cost=30.1344 | regret=0.0199
    result: record_global_index=5884 | name=None | score=30.1544
    arm_stats: problem_pulls=74 | problem_avg_reward=0.7331 | global_pulls=74 | global_avg_reward=0.7331
    state: rep_history=170/5000 | linear_history=170/10000 | head_mode=problem_specific | theta_norm=0.7700 | A_inv_diag_mean=0.933018 | A_inv_diag_min=0.801917 | A_inv_diag_max=0.981063
21:25:25 | epoch=1 | TRAIN[170] | CVRP | select arm=7(omni) | reason=score
     0(bq              ): pulls=   2 | mean=+0.3289 | bonus=0.4580 | score=+0.5579
     1(elg             ): pulls=   3 | mean=+0.4374 | bonus=0.3923 | score=+0.6335
     2(lehd            ): pulls=   2 | mean=+0.3988 | bonus=0.4306 | score=+0.6141
     7(omni            ): pulls=  74 | mean=+0.5783 | bonus=0.2943 | score=+0.7254 <--
     8(mvmoe           ): pulls=   2 | mean=+0.3809 | bonus=0.3965 | score=+0.5792
21:25:25 | t=171 | UPDATE | problem=CVRP | head=CVRP | uid=cvrp:train:3455 | global_index=3455 | arm=7(omni)
    outcome: reward=1.0000 | selected_cost=14.3495 | best_cost=14.3495 | regret=0.0000
    result: record_global_index=3455 | name=None | score=14.3495
    arm_stats: problem_pulls=75 | problem_avg_reward=0.7367 | global_pulls=75 | global_avg_reward=0.7367
    state: rep_history=171/5000 | linear_history=171/10000 | head_mode=problem_specific | theta_norm=0.7800 | A_inv_diag_mean=0.932686 | A_inv_diag_min=0.801908 | A_inv_diag_max=0.981062
21:25:25 | epoch=1 | TRAIN[171] | CVRP | select arm=7(omni) | reason=score
     0(bq              ): pulls=   2 | mean=+0.4995 | bonus=0.4055 | score=+0.7022
     1(elg             ): pulls=   3 | mean=+0.5926 | bonus=0.3172 | score=+0.7512
     2(lehd            ): pulls=   2 | mean=+0.5541 | bonus=0.3623 | score=+0.7352
     7(omni            ): pulls=  75 | mean=+0.7313 | bonus=0.1418 | score=+0.8022 <--
     8(mvmoe           ): pulls=   2 | mean=+0.5398 | bonus=0.3109 | score=+0.6952
21:25:25 | t=172 | UPDATE | problem=CVRP | head=CVRP | uid=cvrp:train:8625 | global_index=8625 | arm=7(omni)
    outcome: reward=0.2500 | selected_cost=14.7930 | best_cost=14.1669 | regret=0.6261
    result: record_global_index=8625 | name=None | score=14.7930
    arm_stats: problem_pulls=76 | problem_avg_reward=0.7303 | global_pulls=76 | global_avg_reward=0.7303
    state: rep_history=172/5000 | linear_history=172/10000 | head_mode=problem_specific | theta_norm=0.7822 | A_inv_diag_mean=0.932650 | A_inv_diag_min=0.801866 | A_inv_diag_max=0.981058
21:25:25 | epoch=1 | TRAIN[172] | CVRP | select arm=7(omni) | reason=score
     0(bq              ): pulls=   2 | mean=+0.3620 | bonus=0.5268 | score=+0.6254
     1(elg             ): pulls=   3 | mean=+0.4600 | bonus=0.4597 | score=+0.6898
     2(lehd            ): pulls=   2 | mean=+0.4234 | bonus=0.5228 | score=+0.6848
     7(omni            ): pulls=  76 | mean=+0.6013 | bonus=0.3635 | score=+0.7831 <--
     8(mvmoe           ): pulls=   2 | mean=+0.4119 | bonus=0.4802 | score=+0.6520
21:25:25 | t=173 | UPDATE | problem=CVRP | head=CVRP | uid=cvrp:train:4283 | global_index=4283 | arm=7(omni)
    outcome: reward=1.0000 | selected_cost=16.9168 | best_cost=16.9168 | regret=0.0000
    result: record_global_index=4283 | name=None | score=16.9168
    arm_stats: problem_pulls=77 | problem_avg_reward=0.7338 | global_pulls=77 | global_avg_reward=0.7338
    state: rep_history=173/5000 | linear_history=173/10000 | head_mode=problem_specific | theta_norm=0.7794 | A_inv_diag_mean=0.932277 | A_inv_diag_min=0.801247 | A_inv_diag_max=0.981058
21:25:25 | epoch=1 | TRAIN[173] | TSP | select arm=0(bq) | reason=score
     0(bq              ): pulls=  49 | mean=+0.5204 | bonus=0.2091 | score=+0.6249 <--
     1(elg             ): pulls=   2 | mean=+0.4206 | bonus=0.3456 | score=+0.5934
     2(lehd            ): pulls=   3 | mean=+0.3815 | bonus=0.3104 | score=+0.5367
     3(t2t             ): pulls=   5 | mean=+0.3734 | bonus=0.3518 | score=+0.5493
     4(t2t500          ): pulls=  20 | mean=+0.4226 | bonus=0.2510 | score=+0.5482
     5(difusco         ): pulls=   3 | mean=+0.3617 | bonus=0.3574 | score=+0.5404
     6(difusco500      ): pulls=   5 | mean=+0.3457 | bonus=0.3315 | score=+0.5115
21:25:25 | t=174 | UPDATE | problem=TSP | head=TSP | uid=tsp:train:9161 | global_index=9161 | arm=0(bq)
    outcome: reward=0.6667 | selected_cost=9.2959 | best_cost=9.2119 | regret=0.0840
    result: record_global_index=9161 | name=None | score=9.2959
    arm_stats: problem_pulls=50 | problem_avg_reward=0.6250 | global_pulls=52 | global_avg_reward=0.6106
    state: rep_history=174/5000 | linear_history=174/10000 | head_mode=problem_specific | theta_norm=0.7603 | A_inv_diag_mean=0.904587 | A_inv_diag_min=0.780038 | A_inv_diag_max=0.972203
21:25:25 | epoch=1 | TRAIN[174] | CVRP | select arm=7(omni) | reason=score
     0(bq              ): pulls=   2 | mean=+0.4956 | bonus=0.4172 | score=+0.7043
     1(elg             ): pulls=   3 | mean=+0.5957 | bonus=0.3258 | score=+0.7586
     2(lehd            ): pulls=   2 | mean=+0.5621 | bonus=0.3592 | score=+0.7417
     7(omni            ): pulls=  77 | mean=+0.7335 | bonus=0.1960 | score=+0.8315 <--
     8(mvmoe           ): pulls=   2 | mean=+0.5433 | bonus=0.3273 | score=+0.7069
21:25:25 | t=175 | UPDATE | problem=CVRP | head=CVRP | uid=cvrp:train:7210 | global_index=7210 | arm=7(omni)
    outcome: reward=1.0000 | selected_cost=14.0971 | best_cost=14.0971 | regret=0.0000
    result: record_global_index=7210 | name=None | score=14.0971
    arm_stats: problem_pulls=78 | problem_avg_reward=0.7372 | global_pulls=78 | global_avg_reward=0.7372
    state: rep_history=175/5000 | linear_history=175/10000 | head_mode=problem_specific | theta_norm=0.7940 | A_inv_diag_mean=0.932158 | A_inv_diag_min=0.800951 | A_inv_diag_max=0.980972
21:25:25 | epoch=1 | TRAIN[175] | CVRP | select arm=7(omni) | reason=score
     0(bq              ): pulls=   2 | mean=+0.4857 | bonus=0.4074 | score=+0.6894
     1(elg             ): pulls=   3 | mean=+0.5774 | bonus=0.3072 | score=+0.7310
     2(lehd            ): pulls=   2 | mean=+0.5430 | bonus=0.3692 | score=+0.7276
     7(omni            ): pulls=  78 | mean=+0.7169 | bonus=0.1465 | score=+0.7902 <--
     8(mvmoe           ): pulls=   2 | mean=+0.5296 | bonus=0.3298 | score=+0.6945
21:25:25 | t=176 | UPDATE | problem=CVRP | head=CVRP | uid=cvrp:train:5648 | global_index=5648 | arm=7(omni)
    outcome: reward=0.2500 | selected_cost=17.0407 | best_cost=15.9480 | regret=1.0926
    result: record_global_index=5648 | name=None | score=17.0407
    arm_stats: problem_pulls=79 | problem_avg_reward=0.7310 | global_pulls=79 | global_avg_reward=0.7310
    state: rep_history=176/5000 | linear_history=176/10000 | head_mode=problem_specific | theta_norm=0.7922 | A_inv_diag_mean=0.932072 | A_inv_diag_min=0.800912 | A_inv_diag_max=0.980958
21:25:25 | epoch=1 | TRAIN[176] | TSP | select arm=0(bq) | reason=score
     0(bq              ): pulls=  50 | mean=+0.5806 | bonus=0.1947 | score=+0.6779 <--
     1(elg             ): pulls=   2 | mean=+0.4723 | bonus=0.3177 | score=+0.6312
     2(lehd            ): pulls=   3 | mean=+0.4381 | bonus=0.2883 | score=+0.5822
     3(t2t             ): pulls=   5 | mean=+0.4318 | bonus=0.3434 | score=+0.6035
     4(t2t500          ): pulls=  20 | mean=+0.4834 | bonus=0.2518 | score=+0.6093
     5(difusco         ): pulls=   3 | mean=+0.4221 | bonus=0.3363 | score=+0.5903
     6(difusco500      ): pulls=   5 | mean=+0.4047 | bonus=0.3019 | score=+0.5556
21:25:25 | t=177 | UPDATE | problem=TSP | head=TSP | uid=tsp:train:8592 | global_index=8592 | arm=0(bq)
    outcome: reward=0.3333 | selected_cost=7.5291 | best_cost=7.3737 | regret=0.1555
    result: record_global_index=8592 | name=None | score=7.5291
    arm_stats: problem_pulls=51 | problem_avg_reward=0.6193 | global_pulls=53 | global_avg_reward=0.6053
    state: rep_history=177/5000 | linear_history=177/10000 | head_mode=problem_specific | theta_norm=0.7480 | A_inv_diag_mean=0.904419 | A_inv_diag_min=0.779660 | A_inv_diag_max=0.972090
21:25:25 | epoch=1 | TRAIN[177] | CVRP | select arm=7(omni) | reason=score
     0(bq              ): pulls=   2 | mean=+0.5094 | bonus=0.4178 | score=+0.7183
     1(elg             ): pulls=   3 | mean=+0.6049 | bonus=0.3200 | score=+0.7649
     2(lehd            ): pulls=   2 | mean=+0.5671 | bonus=0.3408 | score=+0.7375
     7(omni            ): pulls=  79 | mean=+0.7416 | bonus=0.1821 | score=+0.8326 <--
     8(mvmoe           ): pulls=   2 | mean=+0.5515 | bonus=0.3126 | score=+0.7078
21:25:25 | t=178 | UPDATE | problem=CVRP | head=CVRP | uid=cvrp:train:1345 | global_index=1345 | arm=7(omni)
    outcome: reward=1.0000 | selected_cost=20.1169 | best_cost=20.1169 | regret=0.0000
    result: record_global_index=1345 | name=None | score=20.1169
    arm_stats: problem_pulls=80 | problem_avg_reward=0.7344 | global_pulls=80 | global_avg_reward=0.7344
    state: rep_history=178/5000 | linear_history=178/10000 | head_mode=problem_specific | theta_norm=0.8052 | A_inv_diag_mean=0.931959 | A_inv_diag_min=0.800864 | A_inv_diag_max=0.980957
21:25:25 | epoch=1 | TRAIN[178] | TSP | select arm=0(bq) | reason=score
     0(bq              ): pulls=  51 | mean=+0.4977 | bonus=0.2202 | score=+0.6077 <--
     1(elg             ): pulls=   2 | mean=+0.4048 | bonus=0.3444 | score=+0.5770
     2(lehd            ): pulls=   3 | mean=+0.3628 | bonus=0.3190 | score=+0.5223
     3(t2t             ): pulls=   5 | mean=+0.3478 | bonus=0.3947 | score=+0.5452
     4(t2t500          ): pulls=  20 | mean=+0.4022 | bonus=0.2543 | score=+0.5294
     5(difusco         ): pulls=   3 | mean=+0.3404 | bonus=0.3451 | score=+0.5130
     6(difusco500      ): pulls=   5 | mean=+0.3270 | bonus=0.3261 | score=+0.4900
21:25:25 | t=179 | UPDATE | problem=TSP | head=TSP | uid=tsp:train:6495 | global_index=6495 | arm=0(bq)
    outcome: reward=1.0000 | selected_cost=6.1706 | best_cost=6.1706 | regret=0.0000
    result: record_global_index=6495 | name=None | score=6.1706
    arm_stats: problem_pulls=52 | problem_avg_reward=0.6266 | global_pulls=54 | global_avg_reward=0.6127
    state: rep_history=179/5000 | linear_history=179/10000 | head_mode=problem_specific | theta_norm=0.7658 | A_inv_diag_mean=0.904246 | A_inv_diag_min=0.779660 | A_inv_diag_max=0.972089
21:25:25 | epoch=1 | TRAIN[179] | CVRP | select arm=7(omni) | reason=score
     0(bq              ): pulls=   2 | mean=+0.5134 | bonus=0.4067 | score=+0.7168
     1(elg             ): pulls=   3 | mean=+0.6042 | bonus=0.3121 | score=+0.7602
     2(lehd            ): pulls=   2 | mean=+0.5642 | bonus=0.3478 | score=+0.7381
     7(omni            ): pulls=  80 | mean=+0.7440 | bonus=0.1488 | score=+0.8184 <--
     8(mvmoe           ): pulls=   2 | mean=+0.5522 | bonus=0.2931 | score=+0.6988
21:25:25 | t=180 | UPDATE | problem=CVRP | head=CVRP | uid=cvrp:train:384 | global_index=384 | arm=7(omni)
    outcome: reward=0.7500 | selected_cost=27.9579 | best_cost=27.8950 | regret=0.0630
    result: record_global_index=384 | name=None | score=27.9579
    arm_stats: problem_pulls=81 | problem_avg_reward=0.7346 | global_pulls=81 | global_avg_reward=0.7346
    state: rep_history=180/5000 | linear_history=180/10000 | head_mode=problem_specific | theta_norm=0.8053 | A_inv_diag_mean=0.931912 | A_inv_diag_min=0.800806 | A_inv_diag_max=0.980915
21:25:25 | epoch=1 | TRAIN[180] | TSP | select arm=0(bq) | reason=score
     0(bq              ): pulls=  52 | mean=+0.7164 | bonus=0.2009 | score=+0.8168 <--
     1(elg             ): pulls=   2 | mean=+0.6028 | bonus=0.3428 | score=+0.7742
     2(lehd            ): pulls=   3 | mean=+0.5682 | bonus=0.3105 | score=+0.7235
     3(t2t             ): pulls=   5 | mean=+0.5606 | bonus=0.3704 | score=+0.7457
     4(t2t500          ): pulls=  20 | mean=+0.6155 | bonus=0.2611 | score=+0.7460
     5(difusco         ): pulls=   3 | mean=+0.5537 | bonus=0.3121 | score=+0.7097
     6(difusco500      ): pulls=   5 | mean=+0.5369 | bonus=0.3298 | score=+0.7018
21:25:25 | t=181 | UPDATE | problem=TSP | head=TSP | uid=tsp:train:8111 | global_index=8111 | arm=0(bq)
    outcome: reward=1.0000 | selected_cost=9.2759 | best_cost=9.2759 | regret=0.0000
    result: record_global_index=8111 | name=None | score=9.2759
    arm_stats: problem_pulls=53 | problem_avg_reward=0.6336 | global_pulls=55 | global_avg_reward=0.6197
    state: rep_history=181/5000 | linear_history=181/10000 | head_mode=problem_specific | theta_norm=0.7684 | A_inv_diag_mean=0.904158 | A_inv_diag_min=0.779649 | A_inv_diag_max=0.971900
21:25:25 | epoch=1 | TRAIN[181] | TSP | select arm=0(bq) | reason=score
     0(bq              ): pulls=  53 | mean=+0.4606 | bonus=0.2229 | score=+0.5720 <--
     1(elg             ): pulls=   2 | mean=+0.3675 | bonus=0.3640 | score=+0.5496
     2(lehd            ): pulls=   3 | mean=+0.3193 | bonus=0.3167 | score=+0.4777
     3(t2t             ): pulls=   5 | mean=+0.2954 | bonus=0.3933 | score=+0.4921
     4(t2t500          ): pulls=  20 | mean=+0.3610 | bonus=0.2687 | score=+0.4954
     5(difusco         ): pulls=   3 | mean=+0.2962 | bonus=0.3480 | score=+0.4702
     6(difusco500      ): pulls=   5 | mean=+0.2846 | bonus=0.3546 | score=+0.4619
21:25:25 | t=182 | UPDATE | problem=TSP | head=TSP | uid=tsp:train:3088 | global_index=3088 | arm=0(bq)
    outcome: reward=0.6667 | selected_cost=4.4650 | best_cost=4.4586 | regret=0.0064
    result: record_global_index=3088 | name=None | score=4.4650
    arm_stats: problem_pulls=54 | problem_avg_reward=0.6343 | global_pulls=56 | global_avg_reward=0.6205
    state: rep_history=182/5000 | linear_history=182/10000 | head_mode=problem_specific | theta_norm=0.7772 | A_inv_diag_mean=0.903926 | A_inv_diag_min=0.779604 | A_inv_diag_max=0.971867
21:25:25 | epoch=1 | TRAIN[182] | CVRP | select arm=7(omni) | reason=score
     0(bq              ): pulls=   2 | mean=+0.5034 | bonus=0.4082 | score=+0.7075
     1(elg             ): pulls=   3 | mean=+0.5939 | bonus=0.3033 | score=+0.7455
     2(lehd            ): pulls=   2 | mean=+0.5540 | bonus=0.3597 | score=+0.7338
     7(omni            ): pulls=  81 | mean=+0.7338 | bonus=0.1379 | score=+0.8028 <--
     8(mvmoe           ): pulls=   2 | mean=+0.5423 | bonus=0.3235 | score=+0.7040
21:25:25 | t=183 | UPDATE | problem=CVRP | head=CVRP | uid=cvrp:train:7116 | global_index=7116 | arm=7(omni)
    outcome: reward=0.2500 | selected_cost=18.6264 | best_cost=17.0483 | regret=1.5781
    result: record_global_index=7116 | name=None | score=18.6264
    arm_stats: problem_pulls=82 | problem_avg_reward=0.7287 | global_pulls=82 | global_avg_reward=0.7287
    state: rep_history=183/5000 | linear_history=183/10000 | head_mode=problem_specific | theta_norm=0.8082 | A_inv_diag_mean=0.931854 | A_inv_diag_min=0.800806 | A_inv_diag_max=0.980912
21:25:25 | epoch=1 | TRAIN[183] | TSP | select arm=0(bq) | reason=score
     0(bq              ): pulls=  54 | mean=+0.5713 | bonus=0.1784 | score=+0.6605 <--
     1(elg             ): pulls=   2 | mean=+0.4597 | bonus=0.3169 | score=+0.6181
     2(lehd            ): pulls=   3 | mean=+0.4168 | bonus=0.2792 | score=+0.5564
     3(t2t             ): pulls=   5 | mean=+0.4164 | bonus=0.3349 | score=+0.5838
     4(t2t500          ): pulls=  20 | mean=+0.4607 | bonus=0.2437 | score=+0.5825
     5(difusco         ): pulls=   3 | mean=+0.4006 | bonus=0.3379 | score=+0.5696
     6(difusco500      ): pulls=   5 | mean=+0.3841 | bonus=0.3122 | score=+0.5402
21:25:25 | t=184 | UPDATE | problem=TSP | head=TSP | uid=tsp:train:4322 | global_index=4322 | arm=0(bq)
    outcome: reward=1.0000 | selected_cost=7.0221 | best_cost=7.0221 | regret=0.0000
    result: record_global_index=4322 | name=None | score=7.0221
    arm_stats: problem_pulls=55 | problem_avg_reward=0.6409 | global_pulls=57 | global_avg_reward=0.6272
    state: rep_history=184/5000 | linear_history=184/10000 | head_mode=problem_specific | theta_norm=0.7944 | A_inv_diag_mean=0.903820 | A_inv_diag_min=0.779204 | A_inv_diag_max=0.971780
21:25:25 | epoch=1 | TRAIN[184] | CVRP | select arm=7(omni) | reason=score
     0(bq              ): pulls=   2 | mean=+0.5337 | bonus=0.4268 | score=+0.7471
     1(elg             ): pulls=   3 | mean=+0.6247 | bonus=0.3230 | score=+0.7863
     2(lehd            ): pulls=   2 | mean=+0.5824 | bonus=0.3611 | score=+0.7630
     7(omni            ): pulls=  82 | mean=+0.7634 | bonus=0.1616 | score=+0.8442 <--
     8(mvmoe           ): pulls=   2 | mean=+0.5705 | bonus=0.3325 | score=+0.7367
21:25:25 | t=185 | UPDATE | problem=CVRP | head=CVRP | uid=cvrp:train:6542 | global_index=6542 | arm=7(omni)
    outcome: reward=1.0000 | selected_cost=14.4014 | best_cost=14.4014 | regret=0.0000
    result: record_global_index=6542 | name=None | score=14.4014
    arm_stats: problem_pulls=83 | problem_avg_reward=0.7319 | global_pulls=83 | global_avg_reward=0.7319
    state: rep_history=185/5000 | linear_history=185/10000 | head_mode=problem_specific | theta_norm=0.8062 | A_inv_diag_mean=0.931830 | A_inv_diag_min=0.800753 | A_inv_diag_max=0.980903
21:25:25 | epoch=1 | TRAIN[185] | CVRP | select arm=7(omni) | reason=score
     0(bq              ): pulls=   2 | mean=+0.4885 | bonus=0.4311 | score=+0.7040
     1(elg             ): pulls=   3 | mean=+0.5800 | bonus=0.3445 | score=+0.7522
     2(lehd            ): pulls=   2 | mean=+0.5389 | bonus=0.3985 | score=+0.7382
     7(omni            ): pulls=  83 | mean=+0.7204 | bonus=0.1989 | score=+0.8199 <--
     8(mvmoe           ): pulls=   2 | mean=+0.5275 | bonus=0.3663 | score=+0.7107
21:25:25 | t=186 | UPDATE | problem=CVRP | head=CVRP | uid=cvrp:train:2079 | global_index=2079 | arm=7(omni)
    outcome: reward=1.0000 | selected_cost=18.3523 | best_cost=18.3523 | regret=0.0000
    result: record_global_index=2079 | name=None | score=18.3523
    arm_stats: problem_pulls=84 | problem_avg_reward=0.7351 | global_pulls=84 | global_avg_reward=0.7351
    state: rep_history=186/5000 | linear_history=186/10000 | head_mode=problem_specific | theta_norm=0.7987 | A_inv_diag_mean=0.931744 | A_inv_diag_min=0.800747 | A_inv_diag_max=0.980878
21:25:25 | epoch=1 | TRAIN[186] | TSP | select arm=0(bq) | reason=score
     0(bq              ): pulls=  55 | mean=+0.6094 | bonus=0.2072 | score=+0.7130 <--
     1(elg             ): pulls=   2 | mean=+0.4893 | bonus=0.3424 | score=+0.6605
     2(lehd            ): pulls=   3 | mean=+0.4407 | bonus=0.3046 | score=+0.5930
     3(t2t             ): pulls=   5 | mean=+0.4444 | bonus=0.3458 | score=+0.6173
     4(t2t500          ): pulls=  20 | mean=+0.4855 | bonus=0.2501 | score=+0.6105
     5(difusco         ): pulls=   3 | mean=+0.4341 | bonus=0.3512 | score=+0.6097
     6(difusco500      ): pulls=   5 | mean=+0.4059 | bonus=0.3361 | score=+0.5739
21:25:25 | t=187 | UPDATE | problem=TSP | head=TSP | uid=tsp:train:7783 | global_index=7783 | arm=0(bq)
    outcome: reward=1.0000 | selected_cost=7.3427 | best_cost=7.3427 | regret=0.0000
    result: record_global_index=7783 | name=None | score=7.3427
    arm_stats: problem_pulls=56 | problem_avg_reward=0.6473 | global_pulls=58 | global_avg_reward=0.6336
    state: rep_history=187/5000 | linear_history=187/10000 | head_mode=problem_specific | theta_norm=0.7989 | A_inv_diag_mean=0.903702 | A_inv_diag_min=0.779012 | A_inv_diag_max=0.971770
21:25:25 | epoch=1 | TRAIN[187] | TSP | select arm=0(bq) | reason=score
     0(bq              ): pulls=  56 | mean=+0.7487 | bonus=0.2274 | score=+0.8624 <--
     1(elg             ): pulls=   2 | mean=+0.6246 | bonus=0.3736 | score=+0.8114
     2(lehd            ): pulls=   3 | mean=+0.5804 | bonus=0.3316 | score=+0.7462
     3(t2t             ): pulls=   5 | mean=+0.5722 | bonus=0.3908 | score=+0.7676
     4(t2t500          ): pulls=  20 | mean=+0.6294 | bonus=0.2806 | score=+0.7697
     5(difusco         ): pulls=   3 | mean=+0.5754 | bonus=0.3158 | score=+0.7333
     6(difusco500      ): pulls=   5 | mean=+0.5497 | bonus=0.3630 | score=+0.7312
21:25:25 | t=188 | UPDATE | problem=TSP | head=TSP | uid=tsp:train:9269 | global_index=9269 | arm=0(bq)
    outcome: reward=0.8333 | selected_cost=11.6578 | best_cost=11.6051 | regret=0.0527
    result: record_global_index=9269 | name=None | score=11.6578
    arm_stats: problem_pulls=57 | problem_avg_reward=0.6506 | global_pulls=59 | global_avg_reward=0.6370
    state: rep_history=188/5000 | linear_history=188/10000 | head_mode=problem_specific | theta_norm=0.7973 | A_inv_diag_mean=0.903589 | A_inv_diag_min=0.778900 | A_inv_diag_max=0.971603
21:25:25 | epoch=1 | TRAIN[188] | TSP | select arm=0(bq) | reason=score
     0(bq              ): pulls=  57 | mean=+0.7117 | bonus=0.1793 | score=+0.8014 <--
     1(elg             ): pulls=   2 | mean=+0.5854 | bonus=0.3276 | score=+0.7492
     2(lehd            ): pulls=   3 | mean=+0.5404 | bonus=0.2871 | score=+0.6839
     3(t2t             ): pulls=   5 | mean=+0.5347 | bonus=0.3555 | score=+0.7125
     4(t2t500          ): pulls=  20 | mean=+0.5896 | bonus=0.2446 | score=+0.7119
     5(difusco         ): pulls=   3 | mean=+0.5357 | bonus=0.3088 | score=+0.6901
     6(difusco500      ): pulls=   5 | mean=+0.5098 | bonus=0.3169 | score=+0.6683
21:25:25 | t=189 | UPDATE | problem=TSP | head=TSP | uid=tsp:train:4056 | global_index=4056 | arm=0(bq)
    outcome: reward=0.3333 | selected_cost=9.1464 | best_cost=9.0849 | regret=0.0615
    result: record_global_index=4056 | name=None | score=9.1464
    arm_stats: problem_pulls=58 | problem_avg_reward=0.6451 | global_pulls=60 | global_avg_reward=0.6319
    state: rep_history=189/5000 | linear_history=189/10000 | head_mode=problem_specific | theta_norm=0.7949 | A_inv_diag_mean=0.903520 | A_inv_diag_min=0.778840 | A_inv_diag_max=0.971532
21:25:25 | epoch=1 | TRAIN[189] | TSP | select arm=0(bq) | reason=score
     0(bq              ): pulls=  58 | mean=+0.6216 | bonus=0.1658 | score=+0.7045 <--
     1(elg             ): pulls=   2 | mean=+0.5016 | bonus=0.3184 | score=+0.6609
     2(lehd            ): pulls=   3 | mean=+0.4545 | bonus=0.2860 | score=+0.5975
     3(t2t             ): pulls=   5 | mean=+0.4527 | bonus=0.3330 | score=+0.6192
     4(t2t500          ): pulls=  20 | mean=+0.4988 | bonus=0.2248 | score=+0.6112
     5(difusco         ): pulls=   3 | mean=+0.4480 | bonus=0.3255 | score=+0.6108
     6(difusco500      ): pulls=   5 | mean=+0.4221 | bonus=0.3088 | score=+0.5765
21:25:25 | t=190 | UPDATE | problem=TSP | head=TSP | uid=tsp:train:2825 | global_index=2825 | arm=0(bq)
    outcome: reward=0.6667 | selected_cost=8.3916 | best_cost=8.3858 | regret=0.0058
    result: record_global_index=2825 | name=None | score=8.3916
    arm_stats: problem_pulls=59 | problem_avg_reward=0.6455 | global_pulls=61 | global_avg_reward=0.6325
    state: rep_history=190/5000 | linear_history=190/10000 | head_mode=problem_specific | theta_norm=0.7960 | A_inv_diag_mean=0.903421 | A_inv_diag_min=0.778773 | A_inv_diag_max=0.971520
21:25:25 | epoch=1 | TRAIN[190] | TSP | select arm=0(bq) | reason=score
     0(bq              ): pulls=  59 | mean=+0.6543 | bonus=0.1587 | score=+0.7336 <--
     1(elg             ): pulls=   2 | mean=+0.5315 | bonus=0.3102 | score=+0.6865
     2(lehd            ): pulls=   3 | mean=+0.4885 | bonus=0.2775 | score=+0.6272
     3(t2t             ): pulls=   5 | mean=+0.4824 | bonus=0.3339 | score=+0.6494
     4(t2t500          ): pulls=  20 | mean=+0.5358 | bonus=0.2339 | score=+0.6527
     5(difusco         ): pulls=   3 | mean=+0.4822 | bonus=0.3082 | score=+0.6363
     6(difusco500      ): pulls=   5 | mean=+0.4573 | bonus=0.3048 | score=+0.6097
21:25:25 | t=191 | UPDATE | problem=TSP | head=TSP | uid=tsp:train:4875 | global_index=4875 | arm=0(bq)
    outcome: reward=1.0000 | selected_cost=13.4580 | best_cost=13.4580 | regret=0.0000
    result: record_global_index=4875 | name=None | score=13.4580
    arm_stats: problem_pulls=60 | problem_avg_reward=0.6514 | global_pulls=62 | global_avg_reward=0.6384
    state: rep_history=191/5000 | linear_history=191/10000 | head_mode=problem_specific | theta_norm=0.8074 | A_inv_diag_mean=0.903356 | A_inv_diag_min=0.778768 | A_inv_diag_max=0.971516
21:25:25 | epoch=1 | TRAIN[191] | CVRP | select arm=7(omni) | reason=score
     0(bq              ): pulls=   2 | mean=+0.5118 | bonus=0.4069 | score=+0.7152
     1(elg             ): pulls=   3 | mean=+0.6038 | bonus=0.2999 | score=+0.7538
     2(lehd            ): pulls=   2 | mean=+0.5626 | bonus=0.3465 | score=+0.7359
     7(omni            ): pulls=  84 | mean=+0.7405 | bonus=0.1457 | score=+0.8134 <--
     8(mvmoe           ): pulls=   2 | mean=+0.5506 | bonus=0.3073 | score=+0.7042
21:25:25 | t=192 | UPDATE | problem=CVRP | head=CVRP | uid=cvrp:train:5741 | global_index=5741 | arm=7(omni)
    outcome: reward=0.2500 | selected_cost=11.3908 | best_cost=10.3656 | regret=1.0252
    result: record_global_index=5741 | name=None | score=11.3908
    arm_stats: problem_pulls=85 | problem_avg_reward=0.7294 | global_pulls=85 | global_avg_reward=0.7294
    state: rep_history=192/5000 | linear_history=192/10000 | head_mode=problem_specific | theta_norm=0.7873 | A_inv_diag_mean=0.931688 | A_inv_diag_min=0.800693 | A_inv_diag_max=0.980877
21:25:25 | epoch=1 | TRAIN[192] | CVRP | select arm=7(omni) | reason=score
     0(bq              ): pulls=   2 | mean=+0.5082 | bonus=0.3997 | score=+0.7080
     1(elg             ): pulls=   3 | mean=+0.6013 | bonus=0.3002 | score=+0.7515
     2(lehd            ): pulls=   2 | mean=+0.5609 | bonus=0.3296 | score=+0.7257
     7(omni            ): pulls=  85 | mean=+0.7352 | bonus=0.1506 | score=+0.8105 <--
     8(mvmoe           ): pulls=   2 | mean=+0.5483 | bonus=0.3098 | score=+0.7032
21:25:25 | t=193 | UPDATE | problem=CVRP | head=CVRP | uid=cvrp:train:4488 | global_index=4488 | arm=7(omni)
    outcome: reward=1.0000 | selected_cost=18.8490 | best_cost=18.8490 | regret=0.0000
    result: record_global_index=4488 | name=None | score=18.8490
    arm_stats: problem_pulls=86 | problem_avg_reward=0.7326 | global_pulls=86 | global_avg_reward=0.7326
    state: rep_history=193/5000 | linear_history=193/10000 | head_mode=problem_specific | theta_norm=0.7990 | A_inv_diag_mean=0.931572 | A_inv_diag_min=0.800687 | A_inv_diag_max=0.980796
21:25:25 | epoch=1 | TRAIN[193] | CVRP | select arm=7(omni) | reason=score
     0(bq              ): pulls=   2 | mean=+0.2966 | bonus=0.4372 | score=+0.5152
     1(elg             ): pulls=   3 | mean=+0.4531 | bonus=0.3724 | score=+0.6393
     2(lehd            ): pulls=   2 | mean=+0.3969 | bonus=0.4367 | score=+0.6152
     7(omni            ): pulls=  86 | mean=+0.5954 | bonus=0.2742 | score=+0.7325 <--
     8(mvmoe           ): pulls=   2 | mean=+0.3725 | bonus=0.3771 | score=+0.5611
21:25:25 | t=194 | UPDATE | problem=CVRP | head=CVRP | uid=cvrp:train:6680 | global_index=6680 | arm=7(omni)
    outcome: reward=1.0000 | selected_cost=12.8587 | best_cost=12.8587 | regret=0.0000
    result: record_global_index=6680 | name=None | score=12.8587
    arm_stats: problem_pulls=87 | problem_avg_reward=0.7356 | global_pulls=87 | global_avg_reward=0.7356
    state: rep_history=194/5000 | linear_history=194/10000 | head_mode=problem_specific | theta_norm=0.8150 | A_inv_diag_mean=0.931113 | A_inv_diag_min=0.798409 | A_inv_diag_max=0.980091
21:25:25 | epoch=1 | TRAIN[194] | TSP | select arm=0(bq) | reason=score
     0(bq              ): pulls=  60 | mean=+0.6301 | bonus=0.1389 | score=+0.6995 <--
     1(elg             ): pulls=   2 | mean=+0.5042 | bonus=0.3069 | score=+0.6577
     2(lehd            ): pulls=   3 | mean=+0.4590 | bonus=0.2586 | score=+0.5883
     3(t2t             ): pulls=   5 | mean=+0.4552 | bonus=0.3263 | score=+0.6183
     4(t2t500          ): pulls=  20 | mean=+0.5062 | bonus=0.2107 | score=+0.6116
     5(difusco         ): pulls=   3 | mean=+0.4548 | bonus=0.3030 | score=+0.6063
     6(difusco500      ): pulls=   5 | mean=+0.4265 | bonus=0.3055 | score=+0.5792
21:25:25 | t=195 | UPDATE | problem=TSP | head=TSP | uid=tsp:train:8313 | global_index=8313 | arm=0(bq)
    outcome: reward=0.8333 | selected_cost=8.6789 | best_cost=8.6313 | regret=0.0476
    result: record_global_index=8313 | name=None | score=8.6789
    arm_stats: problem_pulls=61 | problem_avg_reward=0.6544 | global_pulls=63 | global_avg_reward=0.6415
    state: rep_history=195/5000 | linear_history=195/10000 | head_mode=problem_specific | theta_norm=0.8106 | A_inv_diag_mean=0.903301 | A_inv_diag_min=0.778748 | A_inv_diag_max=0.971495
21:25:25 | epoch=1 | TRAIN[195] | TSP | select arm=0(bq) | reason=score
     0(bq              ): pulls=  61 | mean=+0.7353 | bonus=0.2246 | score=+0.8476 <--
     1(elg             ): pulls=   2 | mean=+0.6080 | bonus=0.3703 | score=+0.7932
     2(lehd            ): pulls=   3 | mean=+0.5622 | bonus=0.3303 | score=+0.7274
     3(t2t             ): pulls=   5 | mean=+0.5533 | bonus=0.3868 | score=+0.7467
     4(t2t500          ): pulls=  20 | mean=+0.6108 | bonus=0.2896 | score=+0.7556
     5(difusco         ): pulls=   3 | mean=+0.5595 | bonus=0.3165 | score=+0.7177
     6(difusco500      ): pulls=   5 | mean=+0.5314 | bonus=0.3692 | score=+0.7160
21:25:25 | t=196 | UPDATE | problem=TSP | head=TSP | uid=tsp:train:3909 | global_index=3909 | arm=0(bq)
    outcome: reward=0.3333 | selected_cost=8.7034 | best_cost=8.4995 | regret=0.2040
    result: record_global_index=3909 | name=None | score=8.7034
    arm_stats: problem_pulls=62 | problem_avg_reward=0.6492 | global_pulls=64 | global_avg_reward=0.6367
    state: rep_history=196/5000 | linear_history=196/10000 | head_mode=problem_specific | theta_norm=0.8200 | A_inv_diag_mean=0.903166 | A_inv_diag_min=0.778736 | A_inv_diag_max=0.971349
21:25:25 | epoch=1 | TRAIN[196] | CVRP | select arm=7(omni) | reason=score
     0(bq              ): pulls=   2 | mean=+0.5080 | bonus=0.4034 | score=+0.7097
     1(elg             ): pulls=   3 | mean=+0.6056 | bonus=0.3065 | score=+0.7588
     2(lehd            ): pulls=   2 | mean=+0.5649 | bonus=0.3231 | score=+0.7265
     7(omni            ): pulls=  87 | mean=+0.7439 | bonus=0.1453 | score=+0.8166 <--
     8(mvmoe           ): pulls=   2 | mean=+0.5522 | bonus=0.2868 | score=+0.6956
21:25:25 | t=197 | UPDATE | problem=CVRP | head=CVRP | uid=cvrp:train:7422 | global_index=7422 | arm=7(omni)
    outcome: reward=0.7500 | selected_cost=29.4176 | best_cost=29.2208 | regret=0.1968
    result: record_global_index=7422 | name=None | score=29.4176
    arm_stats: problem_pulls=88 | problem_avg_reward=0.7358 | global_pulls=88 | global_avg_reward=0.7358
    state: rep_history=197/5000 | linear_history=197/10000 | head_mode=problem_specific | theta_norm=0.8152 | A_inv_diag_mean=0.931052 | A_inv_diag_min=0.798387 | A_inv_diag_max=0.980091
21:25:25 | epoch=1 | TRAIN[197] | TSP | select arm=0(bq) | reason=score
     0(bq              ): pulls=  62 | mean=+0.5561 | bonus=0.1923 | score=+0.6523 <--
     1(elg             ): pulls=   2 | mean=+0.4409 | bonus=0.3404 | score=+0.6111
     2(lehd            ): pulls=   3 | mean=+0.3915 | bonus=0.2873 | score=+0.5351
     3(t2t             ): pulls=   5 | mean=+0.3844 | bonus=0.3304 | score=+0.5496
     4(t2t500          ): pulls=  20 | mean=+0.4323 | bonus=0.2574 | score=+0.5609
     5(difusco         ): pulls=   3 | mean=+0.3870 | bonus=0.3522 | score=+0.5632
     6(difusco500      ): pulls=   5 | mean=+0.3571 | bonus=0.3468 | score=+0.5305
21:25:25 | t=198 | UPDATE | problem=TSP | head=TSP | uid=tsp:train:3339 | global_index=3339 | arm=0(bq)
    outcome: reward=0.8333 | selected_cost=6.8857 | best_cost=6.8699 | regret=0.0157
    result: record_global_index=3339 | name=None | score=6.8857
    arm_stats: problem_pulls=63 | problem_avg_reward=0.6521 | global_pulls=65 | global_avg_reward=0.6397
    state: rep_history=198/5000 | linear_history=198/10000 | head_mode=problem_specific | theta_norm=0.8292 | A_inv_diag_mean=0.903005 | A_inv_diag_min=0.778662 | A_inv_diag_max=0.971324
21:25:25 | epoch=1 | TRAIN[198] | CVRP | select arm=7(omni) | reason=score
     0(bq              ): pulls=   2 | mean=+0.4438 | bonus=0.3977 | score=+0.6427
     1(elg             ): pulls=   3 | mean=+0.5533 | bonus=0.3146 | score=+0.7106
     2(lehd            ): pulls=   2 | mean=+0.5134 | bonus=0.3589 | score=+0.6929
     7(omni            ): pulls=  88 | mean=+0.6955 | bonus=0.1620 | score=+0.7765 <--
     8(mvmoe           ): pulls=   2 | mean=+0.4983 | bonus=0.3043 | score=+0.6504
21:25:25 | t=199 | UPDATE | problem=CVRP | head=CVRP | uid=cvrp:train:4472 | global_index=4472 | arm=7(omni)
    outcome: reward=1.0000 | selected_cost=16.9095 | best_cost=16.9095 | regret=0.0000
    result: record_global_index=4472 | name=None | score=16.9095
    arm_stats: problem_pulls=89 | problem_avg_reward=0.7388 | global_pulls=89 | global_avg_reward=0.7388
    state: rep_history=199/5000 | linear_history=199/10000 | head_mode=problem_specific | theta_norm=0.8286 | A_inv_diag_mean=0.930938 | A_inv_diag_min=0.798378 | A_inv_diag_max=0.980075
21:25:25 | epoch=1 | TRAIN[199] | CVRP | select arm=7(omni) | reason=score
     0(bq              ): pulls=   2 | mean=+0.3762 | bonus=0.3826 | score=+0.5676
     1(elg             ): pulls=   3 | mean=+0.5193 | bonus=0.3332 | score=+0.6859
     2(lehd            ): pulls=   2 | mean=+0.4721 | bonus=0.3859 | score=+0.6651
     7(omni            ): pulls=  89 | mean=+0.6666 | bonus=0.2113 | score=+0.7722 <--
     8(mvmoe           ): pulls=   2 | mean=+0.4485 | bonus=0.2894 | score=+0.5932
21:25:25 | t=200 | UPDATE | problem=CVRP | head=CVRP | uid=cvrp:train:5317 | global_index=5317 | arm=7(omni)
    outcome: reward=0.0000 | selected_cost=10.6839 | best_cost=10.4804 | regret=0.2035
    result: record_global_index=5317 | name=None | score=10.6839
    arm_stats: problem_pulls=90 | problem_avg_reward=0.7306 | global_pulls=90 | global_avg_reward=0.7306
    state: rep_history=200/5000 | linear_history=200/10000 | head_mode=problem_specific | theta_norm=0.8040 | A_inv_diag_mean=0.930773 | A_inv_diag_min=0.798293 | A_inv_diag_max=0.979946
21:25:31 | t=200 | TRAIN | module=representation | trigger=train_every(100)
    optimize: epochs=10 | opt_steps=10 | batch_size=512 | lr=0.001
    buffers: rep_history=200/5000 | linear_history=200/10000
    sampling: balance_mode=problem_arm | power=0.500 | loss_reweight=True | groups=12 | group_count_min=2 | group_count_max=90
    heads: mode=problem_specific | active=CVRP,TSP
    loss: avg=0.188841 | min=0.141527 | max=0.252225 | last=0.155568
21:25:31 | epoch=1 | TRAIN[200] | CVRP | select arm=7(omni) | reason=score
     0(bq              ): pulls=   2 | mean=+0.4984 | bonus=0.4425 | score=+0.7196
     1(elg             ): pulls=   3 | mean=+0.6116 | bonus=0.3100 | score=+0.7666
     2(lehd            ): pulls=   2 | mean=+0.5447 | bonus=0.3620 | score=+0.7257
     7(omni            ): pulls=  90 | mean=+0.7498 | bonus=0.1429 | score=+0.8212 <--
     8(mvmoe           ): pulls=   2 | mean=+0.5435 | bonus=0.3435 | score=+0.7152
21:25:31 | t=201 | UPDATE | problem=CVRP | head=CVRP | uid=cvrp:train:518 | global_index=518 | arm=7(omni)
    outcome: reward=0.7500 | selected_cost=22.7552 | best_cost=22.0266 | regret=0.7287
    result: record_global_index=518 | name=None | score=22.7552
    arm_stats: problem_pulls=91 | problem_avg_reward=0.7308 | global_pulls=91 | global_avg_reward=0.7308
    state: rep_history=201/5000 | linear_history=201/10000 | head_mode=problem_specific | theta_norm=0.7025 | A_inv_diag_mean=0.927602 | A_inv_diag_min=0.825441 | A_inv_diag_max=0.978969
21:25:31 | epoch=1 | TRAIN[201] | CVRP | select arm=7(omni) | reason=score
     0(bq              ): pulls=   2 | mean=+0.5229 | bonus=0.4655 | score=+0.7557
     1(elg             ): pulls=   3 | mean=+0.6400 | bonus=0.3452 | score=+0.8126
     2(lehd            ): pulls=   2 | mean=+0.5725 | bonus=0.3970 | score=+0.7710
     7(omni            ): pulls=  91 | mean=+0.7817 | bonus=0.2022 | score=+0.8828 <--
     8(mvmoe           ): pulls=   2 | mean=+0.5713 | bonus=0.3778 | score=+0.7602
21:25:31 | t=202 | UPDATE | problem=CVRP | head=CVRP | uid=cvrp:train:2740 | global_index=2740 | arm=7(omni)
    outcome: reward=1.0000 | selected_cost=27.6870 | best_cost=27.6870 | regret=0.0000
    result: record_global_index=2740 | name=None | score=27.6870
    arm_stats: problem_pulls=92 | problem_avg_reward=0.7337 | global_pulls=92 | global_avg_reward=0.7337
    state: rep_history=202/5000 | linear_history=202/10000 | head_mode=problem_specific | theta_norm=0.6968 | A_inv_diag_mean=0.927520 | A_inv_diag_min=0.825080 | A_inv_diag_max=0.978560
21:25:31 | epoch=1 | TRAIN[202] | TSP | select arm=0(bq) | reason=score
     0(bq              ): pulls=  63 | mean=+0.5452 | bonus=0.2091 | score=+0.6498 <--
     1(elg             ): pulls=   2 | mean=+0.4159 | bonus=0.3703 | score=+0.6011
     2(lehd            ): pulls=   3 | mean=+0.3555 | bonus=0.2954 | score=+0.5032
     3(t2t             ): pulls=   5 | mean=+0.3599 | bonus=0.3727 | score=+0.5463
     4(t2t500          ): pulls=  20 | mean=+0.4247 | bonus=0.2664 | score=+0.5579
     5(difusco         ): pulls=   3 | mean=+0.3828 | bonus=0.3626 | score=+0.5642
     6(difusco500      ): pulls=   5 | mean=+0.3700 | bonus=0.3580 | score=+0.5490
21:25:31 | t=203 | UPDATE | problem=TSP | head=TSP | uid=tsp:train:3369 | global_index=3369 | arm=0(bq)
    outcome: reward=0.1667 | selected_cost=5.3141 | best_cost=5.2802 | regret=0.0339
    result: record_global_index=3369 | name=None | score=5.3141
    arm_stats: problem_pulls=64 | problem_avg_reward=0.6445 | global_pulls=66 | global_avg_reward=0.6326
    state: rep_history=203/5000 | linear_history=203/10000 | head_mode=problem_specific | theta_norm=0.7597 | A_inv_diag_mean=0.899389 | A_inv_diag_min=0.775201 | A_inv_diag_max=0.974064
21:25:31 | epoch=1 | TRAIN[203] | TSP | select arm=0(bq) | reason=score
     0(bq              ): pulls=  64 | mean=+0.6866 | bonus=0.1811 | score=+0.7771 <--
     1(elg             ): pulls=   2 | mean=+0.5343 | bonus=0.3528 | score=+0.7107
     2(lehd            ): pulls=   3 | mean=+0.4910 | bonus=0.3027 | score=+0.6424
     3(t2t             ): pulls=   5 | mean=+0.5167 | bonus=0.3587 | score=+0.6960
     4(t2t500          ): pulls=  20 | mean=+0.5742 | bonus=0.2572 | score=+0.7028
     5(difusco         ): pulls=   3 | mean=+0.5200 | bonus=0.3230 | score=+0.6815
     6(difusco500      ): pulls=   5 | mean=+0.5063 | bonus=0.3220 | score=+0.6673
21:25:31 | t=204 | UPDATE | problem=TSP | head=TSP | uid=tsp:train:8998 | global_index=8998 | arm=0(bq)
    outcome: reward=1.0000 | selected_cost=14.8674 | best_cost=14.8674 | regret=0.0000
    result: record_global_index=8998 | name=None | score=14.8674
    arm_stats: problem_pulls=65 | problem_avg_reward=0.6500 | global_pulls=67 | global_avg_reward=0.6381
    state: rep_history=204/5000 | linear_history=204/10000 | head_mode=problem_specific | theta_norm=0.7623 | A_inv_diag_mean=0.899330 | A_inv_diag_min=0.775197 | A_inv_diag_max=0.974030
21:25:31 | epoch=1 | TRAIN[204] | CVRP | select arm=7(omni) | reason=score
     0(bq              ): pulls=   2 | mean=+0.5238 | bonus=0.4578 | score=+0.7527
     1(elg             ): pulls=   3 | mean=+0.6395 | bonus=0.3270 | score=+0.8030
     2(lehd            ): pulls=   2 | mean=+0.5726 | bonus=0.3775 | score=+0.7614
     7(omni            ): pulls=  92 | mean=+0.7799 | bonus=0.1671 | score=+0.8634 <--
     8(mvmoe           ): pulls=   2 | mean=+0.5716 | bonus=0.3637 | score=+0.7534
21:25:31 | t=205 | UPDATE | problem=CVRP | head=CVRP | uid=cvrp:train:479 | global_index=479 | arm=7(omni)
    outcome: reward=1.0000 | selected_cost=23.9135 | best_cost=23.9135 | regret=0.0000
    result: record_global_index=479 | name=None | score=23.9135
    arm_stats: problem_pulls=93 | problem_avg_reward=0.7366 | global_pulls=93 | global_avg_reward=0.7366
    state: rep_history=205/5000 | linear_history=205/10000 | head_mode=problem_specific | theta_norm=0.6927 | A_inv_diag_mean=0.927474 | A_inv_diag_min=0.825062 | A_inv_diag_max=0.978421
21:25:31 | epoch=1 | TRAIN[205] | CVRP | select arm=7(omni) | reason=score
     0(bq              ): pulls=   2 | mean=+0.4522 | bonus=0.4347 | score=+0.6695
     1(elg             ): pulls=   3 | mean=+0.5673 | bonus=0.3057 | score=+0.7202
     2(lehd            ): pulls=   2 | mean=+0.4983 | bonus=0.3628 | score=+0.6797
     7(omni            ): pulls=  93 | mean=+0.7003 | bonus=0.1460 | score=+0.7734 <--
     8(mvmoe           ): pulls=   2 | mean=+0.5003 | bonus=0.3266 | score=+0.6636
21:25:31 | t=206 | UPDATE | problem=CVRP | head=CVRP | uid=cvrp:train:9246 | global_index=9246 | arm=7(omni)
    outcome: reward=0.5000 | selected_cost=17.6379 | best_cost=17.2284 | regret=0.4095
    result: record_global_index=9246 | name=None | score=17.6379
    arm_stats: problem_pulls=94 | problem_avg_reward=0.7340 | global_pulls=94 | global_avg_reward=0.7340
    state: rep_history=206/5000 | linear_history=206/10000 | head_mode=problem_specific | theta_norm=0.6892 | A_inv_diag_mean=0.927412 | A_inv_diag_min=0.824887 | A_inv_diag_max=0.978343
21:25:31 | epoch=1 | TRAIN[206] | CVRP | select arm=7(omni) | reason=score
     0(bq              ): pulls=   2 | mean=+0.3377 | bonus=0.4332 | score=+0.5543
     1(elg             ): pulls=   3 | mean=+0.5044 | bonus=0.3140 | score=+0.6614
     2(lehd            ): pulls=   2 | mean=+0.4283 | bonus=0.3886 | score=+0.6226
     7(omni            ): pulls=  94 | mean=+0.6537 | bonus=0.2024 | score=+0.7549 <--
     8(mvmoe           ): pulls=   2 | mean=+0.4142 | bonus=0.3612 | score=+0.5948
21:25:31 | t=207 | UPDATE | problem=CVRP | head=CVRP | uid=cvrp:train:5228 | global_index=5228 | arm=7(omni)
    outcome: reward=0.2500 | selected_cost=11.4362 | best_cost=11.1396 | regret=0.2966
    result: record_global_index=5228 | name=None | score=11.4362
    arm_stats: problem_pulls=95 | problem_avg_reward=0.7289 | global_pulls=95 | global_avg_reward=0.7289
    state: rep_history=207/5000 | linear_history=207/10000 | head_mode=problem_specific | theta_norm=0.6829 | A_inv_diag_mean=0.927284 | A_inv_diag_min=0.824545 | A_inv_diag_max=0.978340
21:25:31 | epoch=1 | TRAIN[207] | TSP | select arm=0(bq) | reason=score
     0(bq              ): pulls=  65 | mean=+0.4936 | bonus=0.3476 | score=+0.6674 <--
     1(elg             ): pulls=   2 | mean=+0.3846 | bonus=0.4197 | score=+0.5945
     2(lehd            ): pulls=   3 | mean=+0.3169 | bonus=0.3883 | score=+0.5110
     3(t2t             ): pulls=   5 | mean=+0.2804 | bonus=0.4737 | score=+0.5173
     4(t2t500          ): pulls=  20 | mean=+0.3902 | bonus=0.3411 | score=+0.5608
     5(difusco         ): pulls=   3 | mean=+0.3400 | bonus=0.4309 | score=+0.5554
     6(difusco500      ): pulls=   5 | mean=+0.3229 | bonus=0.3863 | score=+0.5161
21:25:31 | t=208 | UPDATE | problem=TSP | head=TSP | uid=tsp:train:2591 | global_index=2591 | arm=0(bq)
    outcome: reward=0.1667 | selected_cost=4.4935 | best_cost=4.4586 | regret=0.0349
    result: record_global_index=2591 | name=None | score=4.4935
    arm_stats: problem_pulls=66 | problem_avg_reward=0.6427 | global_pulls=68 | global_avg_reward=0.6311
    state: rep_history=208/5000 | linear_history=208/10000 | head_mode=problem_specific | theta_norm=0.7478 | A_inv_diag_mean=0.898759 | A_inv_diag_min=0.773063 | A_inv_diag_max=0.974028
21:25:31 | epoch=1 | TRAIN[208] | TSP | select arm=0(bq) | reason=score
     0(bq              ): pulls=  66 | mean=+0.6367 | bonus=0.4742 | score=+0.8738 <--
     1(elg             ): pulls=   2 | mean=+0.4935 | bonus=0.5764 | score=+0.7818
     2(lehd            ): pulls=   3 | mean=+0.4277 | bonus=0.5297 | score=+0.6925
     3(t2t             ): pulls=   5 | mean=+0.4482 | bonus=0.5781 | score=+0.7372
     4(t2t500          ): pulls=  20 | mean=+0.4883 | bonus=0.4800 | score=+0.7282
     5(difusco         ): pulls=   3 | mean=+0.4590 | bonus=0.5503 | score=+0.7341
     6(difusco500      ): pulls=   5 | mean=+0.4264 | bonus=0.5578 | score=+0.7053
21:25:31 | t=209 | UPDATE | problem=TSP | head=TSP | uid=tsp:train:4257 | global_index=4257 | arm=0(bq)
    outcome: reward=1.0000 | selected_cost=6.6947 | best_cost=6.6947 | regret=0.0000
    result: record_global_index=4257 | name=None | score=6.6947
    arm_stats: problem_pulls=67 | problem_avg_reward=0.6480 | global_pulls=69 | global_avg_reward=0.6365
    state: rep_history=209/5000 | linear_history=209/10000 | head_mode=problem_specific | theta_norm=0.7416 | A_inv_diag_mean=0.898289 | A_inv_diag_min=0.772401 | A_inv_diag_max=0.973833
21:25:31 | epoch=1 | TRAIN[209] | TSP | select arm=0(bq) | reason=score
     0(bq              ): pulls=  67 | mean=+0.6231 | bonus=0.1528 | score=+0.6995 <--
     1(elg             ): pulls=   2 | mean=+0.4706 | bonus=0.3351 | score=+0.6382
     2(lehd            ): pulls=   3 | mean=+0.4208 | bonus=0.2631 | score=+0.5524
     3(t2t             ): pulls=   5 | mean=+0.4443 | bonus=0.3246 | score=+0.6066
     4(t2t500          ): pulls=  20 | mean=+0.4903 | bonus=0.2220 | score=+0.6013
     5(difusco         ): pulls=   3 | mean=+0.4455 | bonus=0.3270 | score=+0.6091
     6(difusco500      ): pulls=   5 | mean=+0.4263 | bonus=0.3063 | score=+0.5794
21:25:31 | t=210 | UPDATE | problem=TSP | head=TSP | uid=tsp:train:139 | global_index=139 | arm=0(bq)
    outcome: reward=0.0000 | selected_cost=8.0677 | best_cost=7.1488 | regret=0.9189
    result: record_global_index=139 | name=None | score=8.0677
    arm_stats: problem_pulls=68 | problem_avg_reward=0.6385 | global_pulls=70 | global_avg_reward=0.6274
    state: rep_history=210/5000 | linear_history=210/10000 | head_mode=problem_specific | theta_norm=0.7190 | A_inv_diag_mean=0.898217 | A_inv_diag_min=0.772376 | A_inv_diag_max=0.973772
21:25:31 | epoch=1 | TRAIN[210] | CVRP | select arm=7(omni) | reason=score
     0(bq              ): pulls=   2 | mean=+0.0517 | bonus=0.5415 | score=+0.3224
     1(elg             ): pulls=   3 | mean=+0.2571 | bonus=0.4205 | score=+0.4674
     2(lehd            ): pulls=   2 | mean=+0.1655 | bonus=0.5192 | score=+0.4250
     7(omni            ): pulls=  95 | mean=+0.3990 | bonus=0.3549 | score=+0.5764 <--
     8(mvmoe           ): pulls=   2 | mean=+0.1438 | bonus=0.4970 | score=+0.3923
21:25:31 | t=211 | UPDATE | problem=CVRP | head=CVRP | uid=cvrp:train:2635 | global_index=2635 | arm=7(omni)
    outcome: reward=1.0000 | selected_cost=13.8809 | best_cost=13.8809 | regret=0.0000
    result: record_global_index=2635 | name=None | score=13.8809
    arm_stats: problem_pulls=96 | problem_avg_reward=0.7318 | global_pulls=96 | global_avg_reward=0.7318
    state: rep_history=211/5000 | linear_history=211/10000 | head_mode=problem_specific | theta_norm=0.6874 | A_inv_diag_mean=0.926471 | A_inv_diag_min=0.823185 | A_inv_diag_max=0.977053
21:25:31 | epoch=1 | TRAIN[211] | TSP | select arm=0(bq) | reason=score
     0(bq              ): pulls=  68 | mean=+0.4992 | bonus=0.2804 | score=+0.6394 <--
     1(elg             ): pulls=   2 | mean=+0.3939 | bonus=0.3800 | score=+0.5839
     2(lehd            ): pulls=   3 | mean=+0.3221 | bonus=0.3534 | score=+0.4988
     3(t2t             ): pulls=   5 | mean=+0.2986 | bonus=0.4385 | score=+0.5179
     4(t2t500          ): pulls=  20 | mean=+0.3844 | bonus=0.2950 | score=+0.5319
     5(difusco         ): pulls=   3 | mean=+0.3401 | bonus=0.3942 | score=+0.5372
     6(difusco500      ): pulls=   5 | mean=+0.3275 | bonus=0.3596 | score=+0.5073
21:25:31 | t=212 | UPDATE | problem=TSP | head=TSP | uid=tsp:train:7359 | global_index=7359 | arm=0(bq)
    outcome: reward=0.8333 | selected_cost=6.5040 | best_cost=6.5040 | regret=0.0000
    result: record_global_index=7359 | name=None | score=6.5040
    arm_stats: problem_pulls=69 | problem_avg_reward=0.6413 | global_pulls=71 | global_avg_reward=0.6303
    state: rep_history=212/5000 | linear_history=212/10000 | head_mode=problem_specific | theta_norm=0.7345 | A_inv_diag_mean=0.897943 | A_inv_diag_min=0.771862 | A_inv_diag_max=0.973752
21:25:31 | epoch=1 | TRAIN[212] | CVRP | select arm=7(omni) | reason=score
     0(bq              ): pulls=   2 | mean=+0.5167 | bonus=0.4680 | score=+0.7507
     1(elg             ): pulls=   3 | mean=+0.6420 | bonus=0.3613 | score=+0.8226
     2(lehd            ): pulls=   2 | mean=+0.5817 | bonus=0.4256 | score=+0.7945
     7(omni            ): pulls=  96 | mean=+0.7844 | bonus=0.2090 | score=+0.8889 <--
     8(mvmoe           ): pulls=   2 | mean=+0.5771 | bonus=0.3742 | score=+0.7642
21:25:31 | t=213 | UPDATE | problem=CVRP | head=CVRP | uid=cvrp:train:9924 | global_index=9924 | arm=7(omni)
    outcome: reward=0.5000 | selected_cost=15.6256 | best_cost=15.2548 | regret=0.3708
    result: record_global_index=9924 | name=None | score=15.6256
    arm_stats: problem_pulls=97 | problem_avg_reward=0.7294 | global_pulls=97 | global_avg_reward=0.7294
    state: rep_history=213/5000 | linear_history=213/10000 | head_mode=problem_specific | theta_norm=0.6971 | A_inv_diag_mean=0.926385 | A_inv_diag_min=0.823022 | A_inv_diag_max=0.977050
21:25:31 | epoch=1 | TRAIN[213] | CVRP | select arm=7(omni) | reason=score
     0(bq              ): pulls=   2 | mean=+0.4769 | bonus=0.4717 | score=+0.7128
     1(elg             ): pulls=   3 | mean=+0.5980 | bonus=0.3631 | score=+0.7795
     2(lehd            ): pulls=   2 | mean=+0.5361 | bonus=0.4145 | score=+0.7433
     7(omni            ): pulls=  97 | mean=+0.7392 | bonus=0.2168 | score=+0.8476 <--
     8(mvmoe           ): pulls=   2 | mean=+0.5357 | bonus=0.3957 | score=+0.7335
21:25:31 | t=214 | UPDATE | problem=CVRP | head=CVRP | uid=cvrp:train:252 | global_index=252 | arm=7(omni)
    outcome: reward=1.0000 | selected_cost=32.1173 | best_cost=32.1173 | regret=0.0000
    result: record_global_index=252 | name=None | score=32.1173
    arm_stats: problem_pulls=98 | problem_avg_reward=0.7321 | global_pulls=98 | global_avg_reward=0.7321
    state: rep_history=214/5000 | linear_history=214/10000 | head_mode=problem_specific | theta_norm=0.6919 | A_inv_diag_mean=0.926277 | A_inv_diag_min=0.823017 | A_inv_diag_max=0.977012
21:25:31 | epoch=1 | TRAIN[214] | TSP | select arm=0(bq) | reason=score
     0(bq              ): pulls=  69 | mean=+0.7003 | bonus=0.1989 | score=+0.7997 <--
     1(elg             ): pulls=   2 | mean=+0.5522 | bonus=0.3670 | score=+0.7357
     2(lehd            ): pulls=   3 | mean=+0.5068 | bonus=0.3129 | score=+0.6632
     3(t2t             ): pulls=   5 | mean=+0.5346 | bonus=0.3749 | score=+0.7221
     4(t2t500          ): pulls=  20 | mean=+0.5833 | bonus=0.2677 | score=+0.7171
     5(difusco         ): pulls=   3 | mean=+0.5311 | bonus=0.3170 | score=+0.6896
     6(difusco500      ): pulls=   5 | mean=+0.5182 | bonus=0.3375 | score=+0.6869
21:25:31 | t=215 | UPDATE | problem=TSP | head=TSP | uid=tsp:train:9203 | global_index=9203 | arm=0(bq)
    outcome: reward=0.8333 | selected_cost=9.4850 | best_cost=9.4420 | regret=0.0430
    result: record_global_index=9203 | name=None | score=9.4850
    arm_stats: problem_pulls=70 | problem_avg_reward=0.6440 | global_pulls=72 | global_avg_reward=0.6331
    state: rep_history=215/5000 | linear_history=215/10000 | head_mode=problem_specific | theta_norm=0.7337 | A_inv_diag_mean=0.897864 | A_inv_diag_min=0.771850 | A_inv_diag_max=0.973655
21:25:31 | epoch=1 | TRAIN[215] | TSP | select arm=3(t2t) | reason=epsilon_random
     0(bq              ): pulls=  70 | mean=+0.7499 | bonus=0.2266 | score=+0.8632
     1(elg             ): pulls=   2 | mean=+0.6024 | bonus=0.4089 | score=+0.8069
     2(lehd            ): pulls=   3 | mean=+0.5549 | bonus=0.3317 | score=+0.7208
     3(t2t             ): pulls=   5 | mean=+0.5800 | bonus=0.3819 | score=+0.7709 <--
     4(t2t500          ): pulls=  20 | mean=+0.6257 | bonus=0.2678 | score=+0.7596
     5(difusco         ): pulls=   3 | mean=+0.5782 | bonus=0.3751 | score=+0.7658
     6(difusco500      ): pulls=   5 | mean=+0.5584 | bonus=0.3593 | score=+0.7380
21:25:31 | t=216 | UPDATE | problem=TSP | head=TSP | uid=tsp:train:4233 | global_index=4233 | arm=3(t2t)
    outcome: reward=0.3333 | selected_cost=10.9437 | best_cost=10.8867 | regret=0.0570
    result: record_global_index=4233 | name=None | score=10.9437
    arm_stats: problem_pulls=6 | problem_avg_reward=0.3611 | global_pulls=6 | global_avg_reward=0.3611
    state: rep_history=216/5000 | linear_history=216/10000 | head_mode=problem_specific | theta_norm=0.7525 | A_inv_diag_mean=0.897179 | A_inv_diag_min=0.770381 | A_inv_diag_max=0.973387
21:25:31 | epoch=1 | TRAIN[216] | CVRP | select arm=7(omni) | reason=score
     0(bq              ): pulls=   2 | mean=-0.1000 | bonus=0.7396 | score=+0.2699
     1(elg             ): pulls=   3 | mean=+0.1018 | bonus=0.6365 | score=+0.4200
     2(lehd            ): pulls=   2 | mean=+0.0142 | bonus=0.7062 | score=+0.3673
     7(omni            ): pulls=  98 | mean=+0.2536 | bonus=0.5775 | score=+0.5423 <--
     8(mvmoe           ): pulls=   2 | mean=+0.0094 | bonus=0.6871 | score=+0.3530
21:25:31 | t=217 | UPDATE | problem=CVRP | head=CVRP | uid=cvrp:train:3643 | global_index=3643 | arm=7(omni)
    outcome: reward=0.5000 | selected_cost=8.5610 | best_cost=8.5407 | regret=0.0203
    result: record_global_index=3643 | name=None | score=8.5610
    arm_stats: problem_pulls=99 | problem_avg_reward=0.7298 | global_pulls=99 | global_avg_reward=0.7298
    state: rep_history=217/5000 | linear_history=217/10000 | head_mode=problem_specific | theta_norm=0.7024 | A_inv_diag_mean=0.924414 | A_inv_diag_min=0.822519 | A_inv_diag_max=0.976962
21:25:31 | epoch=1 | TRAIN[217] | TSP | select arm=0(bq) | reason=score
     0(bq              ): pulls=  70 | mean=+0.6587 | bonus=0.1407 | score=+0.7290 <--
     1(elg             ): pulls=   2 | mean=+0.5057 | bonus=0.3270 | score=+0.6692
     2(lehd            ): pulls=   3 | mean=+0.4592 | bonus=0.2605 | score=+0.5895
     3(t2t             ): pulls=   6 | mean=+0.4694 | bonus=0.3109 | score=+0.6249
     4(t2t500          ): pulls=  20 | mean=+0.5347 | bonus=0.2229 | score=+0.6461
     5(difusco         ): pulls=   3 | mean=+0.4768 | bonus=0.3056 | score=+0.6295
     6(difusco500      ): pulls=   5 | mean=+0.4642 | bonus=0.3004 | score=+0.6144
21:25:31 | t=218 | UPDATE | problem=TSP | head=TSP | uid=tsp:train:8128 | global_index=8128 | arm=0(bq)
    outcome: reward=1.0000 | selected_cost=9.2070 | best_cost=9.2070 | regret=0.0000
    result: record_global_index=8128 | name=None | score=9.2070
    arm_stats: problem_pulls=71 | problem_avg_reward=0.6491 | global_pulls=73 | global_avg_reward=0.6381
    state: rep_history=218/5000 | linear_history=218/10000 | head_mode=problem_specific | theta_norm=0.7611 | A_inv_diag_mean=0.897132 | A_inv_diag_min=0.770381 | A_inv_diag_max=0.973131
21:25:31 | epoch=1 | TRAIN[218] | CVRP | select arm=7(omni) | reason=score
     0(bq              ): pulls=   2 | mean=+0.4333 | bonus=0.4344 | score=+0.6505
     1(elg             ): pulls=   3 | mean=+0.5733 | bonus=0.3006 | score=+0.7236
     2(lehd            ): pulls=   2 | mean=+0.5133 | bonus=0.3475 | score=+0.6871
     7(omni            ): pulls=  99 | mean=+0.7118 | bonus=0.1540 | score=+0.7888 <--
     8(mvmoe           ): pulls=   2 | mean=+0.5052 | bonus=0.3369 | score=+0.6737
21:25:31 | t=219 | UPDATE | problem=CVRP | head=CVRP | uid=cvrp:train:5215 | global_index=5215 | arm=7(omni)
    outcome: reward=0.5000 | selected_cost=11.5682 | best_cost=11.4767 | regret=0.0915
    result: record_global_index=5215 | name=None | score=11.5682
    arm_stats: problem_pulls=100 | problem_avg_reward=0.7275 | global_pulls=100 | global_avg_reward=0.7275
    state: rep_history=219/5000 | linear_history=219/10000 | head_mode=problem_specific | theta_norm=0.6957 | A_inv_diag_mean=0.924344 | A_inv_diag_min=0.822519 | A_inv_diag_max=0.976959
21:25:31 | epoch=1 | TRAIN[219] | CVRP | select arm=7(omni) | reason=score
     0(bq              ): pulls=   2 | mean=+0.4898 | bonus=0.4336 | score=+0.7066
     1(elg             ): pulls=   3 | mean=+0.6149 | bonus=0.3111 | score=+0.7704
     2(lehd            ): pulls=   2 | mean=+0.5572 | bonus=0.3601 | score=+0.7372
     7(omni            ): pulls= 100 | mean=+0.7519 | bonus=0.1494 | score=+0.8266 <--
     8(mvmoe           ): pulls=   2 | mean=+0.5515 | bonus=0.3122 | score=+0.7076
21:25:31 | t=220 | UPDATE | problem=CVRP | head=CVRP | uid=cvrp:train:3278 | global_index=3278 | arm=7(omni)
    outcome: reward=1.0000 | selected_cost=16.8125 | best_cost=16.8125 | regret=0.0000
    result: record_global_index=3278 | name=None | score=16.8125
    arm_stats: problem_pulls=101 | problem_avg_reward=0.7302 | global_pulls=101 | global_avg_reward=0.7302
    state: rep_history=220/5000 | linear_history=220/10000 | head_mode=problem_specific | theta_norm=0.6962 | A_inv_diag_mean=0.924296 | A_inv_diag_min=0.822508 | A_inv_diag_max=0.976929
21:25:31 | epoch=1 | TRAIN[220] | CVRP | select arm=7(omni) | reason=score
     0(bq              ): pulls=   2 | mean=+0.4857 | bonus=0.4372 | score=+0.7043
     1(elg             ): pulls=   3 | mean=+0.6110 | bonus=0.3070 | score=+0.7645
     2(lehd            ): pulls=   2 | mean=+0.5527 | bonus=0.3653 | score=+0.7354
     7(omni            ): pulls= 101 | mean=+0.7477 | bonus=0.1347 | score=+0.8151 <--
     8(mvmoe           ): pulls=   2 | mean=+0.5466 | bonus=0.3383 | score=+0.7157
21:25:31 | t=221 | UPDATE | problem=CVRP | head=CVRP | uid=cvrp:train:4290 | global_index=4290 | arm=7(omni)
    outcome: reward=1.0000 | selected_cost=26.4675 | best_cost=26.4675 | regret=0.0000
    result: record_global_index=4290 | name=None | score=26.4675
    arm_stats: problem_pulls=102 | problem_avg_reward=0.7328 | global_pulls=102 | global_avg_reward=0.7328
    state: rep_history=221/5000 | linear_history=221/10000 | head_mode=problem_specific | theta_norm=0.6937 | A_inv_diag_mean=0.924263 | A_inv_diag_min=0.822479 | A_inv_diag_max=0.976912
21:25:31 | epoch=1 | TRAIN[221] | TSP | select arm=0(bq) | reason=score
     0(bq              ): pulls=  71 | mean=+0.5298 | bonus=0.2290 | score=+0.6443 <--
     1(elg             ): pulls=   2 | mean=+0.4067 | bonus=0.3705 | score=+0.5919
     2(lehd            ): pulls=   3 | mean=+0.3299 | bonus=0.3204 | score=+0.4901
     3(t2t             ): pulls=   6 | mean=+0.3040 | bonus=0.3976 | score=+0.5028
     4(t2t500          ): pulls=  20 | mean=+0.3934 | bonus=0.2677 | score=+0.5272
     5(difusco         ): pulls=   3 | mean=+0.3491 | bonus=0.3649 | score=+0.5315
     6(difusco500      ): pulls=   5 | mean=+0.3363 | bonus=0.3623 | score=+0.5174
21:25:31 | t=222 | UPDATE | problem=TSP | head=TSP | uid=tsp:train:5089 | global_index=5089 | arm=0(bq)
    outcome: reward=0.1667 | selected_cost=6.9885 | best_cost=6.9624 | regret=0.0261
    result: record_global_index=5089 | name=None | score=6.9885
    arm_stats: problem_pulls=72 | problem_avg_reward=0.6424 | global_pulls=74 | global_avg_reward=0.6318
    state: rep_history=222/5000 | linear_history=222/10000 | head_mode=problem_specific | theta_norm=0.7549 | A_inv_diag_mean=0.896927 | A_inv_diag_min=0.770381 | A_inv_diag_max=0.973067
21:25:31 | epoch=1 | TRAIN[222] | CVRP | select arm=8(mvmoe) | reason=epsilon_random
     0(bq              ): pulls=   2 | mean=+0.4987 | bonus=0.4244 | score=+0.7109
     1(elg             ): pulls=   3 | mean=+0.6244 | bonus=0.2830 | score=+0.7659
     2(lehd            ): pulls=   2 | mean=+0.5666 | bonus=0.3415 | score=+0.7373
     7(omni            ): pulls= 102 | mean=+0.7606 | bonus=0.1418 | score=+0.8315
     8(mvmoe           ): pulls=   2 | mean=+0.5591 | bonus=0.3226 | score=+0.7204 <--
21:25:31 | t=223 | UPDATE | problem=CVRP | head=CVRP | uid=cvrp:train:4285 | global_index=4285 | arm=8(mvmoe)
    outcome: reward=0.0000 | selected_cost=26.1393 | best_cost=25.0263 | regret=1.1130
    result: record_global_index=4285 | name=None | score=26.1393
    arm_stats: problem_pulls=3 | problem_avg_reward=0.1667 | global_pulls=3 | global_avg_reward=0.1667
    state: rep_history=223/5000 | linear_history=223/10000 | head_mode=problem_specific | theta_norm=0.7380 | A_inv_diag_mean=0.923340 | A_inv_diag_min=0.820905 | A_inv_diag_max=0.975991
21:25:31 | epoch=1 | TRAIN[223] | TSP | select arm=2(lehd) | reason=epsilon_random
     0(bq              ): pulls=  72 | mean=+0.7256 | bonus=0.1637 | score=+0.8075
     1(elg             ): pulls=   2 | mean=+0.5731 | bonus=0.3508 | score=+0.7485
     2(lehd            ): pulls=   3 | mean=+0.5259 | bonus=0.2853 | score=+0.6686 <--
     3(t2t             ): pulls=   6 | mean=+0.5335 | bonus=0.3287 | score=+0.6978
     4(t2t500          ): pulls=  20 | mean=+0.6067 | bonus=0.2390 | score=+0.7262
     5(difusco         ): pulls=   3 | mean=+0.5477 | bonus=0.3117 | score=+0.7035
     6(difusco500      ): pulls=   5 | mean=+0.5343 | bonus=0.3171 | score=+0.6929
21:25:31 | t=224 | UPDATE | problem=TSP | head=TSP | uid=tsp:train:7264 | global_index=7264 | arm=2(lehd)
    outcome: reward=0.5000 | selected_cost=10.2234 | best_cost=10.0551 | regret=0.1683
    result: record_global_index=7264 | name=None | score=10.2234
    arm_stats: problem_pulls=4 | problem_avg_reward=0.4583 | global_pulls=6 | global_avg_reward=0.4722
    state: rep_history=224/5000 | linear_history=224/10000 | head_mode=problem_specific | theta_norm=0.7554 | A_inv_diag_mean=0.896416 | A_inv_diag_min=0.769975 | A_inv_diag_max=0.973065
21:25:31 | epoch=1 | TRAIN[224] | CVRP | select arm=7(omni) | reason=score
     0(bq              ): pulls=   2 | mean=+0.4576 | bonus=0.4419 | score=+0.6785
     1(elg             ): pulls=   3 | mean=+0.6260 | bonus=0.3432 | score=+0.7976
     2(lehd            ): pulls=   2 | mean=+0.5486 | bonus=0.3872 | score=+0.7423
     7(omni            ): pulls= 102 | mean=+0.7594 | bonus=0.1779 | score=+0.8483 <--
     8(mvmoe           ): pulls=   3 | mean=+0.5099 | bonus=0.3404 | score=+0.6801
21:25:31 | t=225 | UPDATE | problem=CVRP | head=CVRP | uid=cvrp:train:508 | global_index=508 | arm=7(omni)
    outcome: reward=1.0000 | selected_cost=27.7139 | best_cost=27.7139 | regret=0.0000
    result: record_global_index=508 | name=None | score=27.7139
    arm_stats: problem_pulls=103 | problem_avg_reward=0.7354 | global_pulls=103 | global_avg_reward=0.7354
    state: rep_history=225/5000 | linear_history=225/10000 | head_mode=problem_specific | theta_norm=0.7380 | A_inv_diag_mean=0.923261 | A_inv_diag_min=0.820851 | A_inv_diag_max=0.975746
21:25:31 | epoch=1 | TRAIN[225] | CVRP | select arm=7(omni) | reason=score
     0(bq              ): pulls=   2 | mean=+0.3937 | bonus=0.4280 | score=+0.6077
     1(elg             ): pulls=   3 | mean=+0.5721 | bonus=0.3090 | score=+0.7266
     2(lehd            ): pulls=   2 | mean=+0.4944 | bonus=0.3461 | score=+0.6674
     7(omni            ): pulls= 103 | mean=+0.7024 | bonus=0.1544 | score=+0.7797 <--
     8(mvmoe           ): pulls=   3 | mean=+0.4516 | bonus=0.3090 | score=+0.6060
21:25:31 | t=226 | UPDATE | problem=CVRP | head=CVRP | uid=cvrp:train:3207 | global_index=3207 | arm=7(omni)
    outcome: reward=1.0000 | selected_cost=19.2523 | best_cost=19.2523 | regret=0.0000
    result: record_global_index=3207 | name=None | score=19.2523
    arm_stats: problem_pulls=104 | problem_avg_reward=0.7380 | global_pulls=104 | global_avg_reward=0.7380
    state: rep_history=226/5000 | linear_history=226/10000 | head_mode=problem_specific | theta_norm=0.7465 | A_inv_diag_mean=0.923175 | A_inv_diag_min=0.820844 | A_inv_diag_max=0.975692
21:25:31 | epoch=1 | TRAIN[226] | TSP | select arm=4(t2t500) | reason=epsilon_random
     0(bq              ): pulls=  72 | mean=+0.6368 | bonus=0.1415 | score=+0.7076
     1(elg             ): pulls=   2 | mean=+0.4815 | bonus=0.3373 | score=+0.6502
     2(lehd            ): pulls=   4 | mean=+0.4342 | bonus=0.2596 | score=+0.5640
     3(t2t             ): pulls=   6 | mean=+0.4423 | bonus=0.3012 | score=+0.5929
     4(t2t500          ): pulls=  20 | mean=+0.5080 | bonus=0.2106 | score=+0.6133 <--
     5(difusco         ): pulls=   3 | mean=+0.4530 | bonus=0.3264 | score=+0.6162
     6(difusco500      ): pulls=   5 | mean=+0.4360 | bonus=0.3002 | score=+0.5861
21:25:31 | t=227 | UPDATE | problem=TSP | head=TSP | uid=tsp:train:6429 | global_index=6429 | arm=4(t2t500)
    outcome: reward=0.6667 | selected_cost=8.6587 | best_cost=8.5731 | regret=0.0856
    result: record_global_index=6429 | name=None | score=8.6587
    arm_stats: problem_pulls=21 | problem_avg_reward=0.5238 | global_pulls=21 | global_avg_reward=0.5238
    state: rep_history=227/5000 | linear_history=227/10000 | head_mode=problem_specific | theta_norm=0.7607 | A_inv_diag_mean=0.896242 | A_inv_diag_min=0.769963 | A_inv_diag_max=0.972970
21:25:31 | epoch=1 | TRAIN[227] | CVRP | select arm=7(omni) | reason=score
     0(bq              ): pulls=   2 | mean=+0.4449 | bonus=0.4304 | score=+0.6601
     1(elg             ): pulls=   3 | mean=+0.6132 | bonus=0.2936 | score=+0.7600
     2(lehd            ): pulls=   2 | mean=+0.5341 | bonus=0.3481 | score=+0.7081
     7(omni            ): pulls= 104 | mean=+0.7412 | bonus=0.1240 | score=+0.8032 <--
     8(mvmoe           ): pulls=   3 | mean=+0.4938 | bonus=0.2957 | score=+0.6417
21:25:31 | t=228 | UPDATE | problem=CVRP | head=CVRP | uid=cvrp:train:4138 | global_index=4138 | arm=7(omni)
    outcome: reward=1.0000 | selected_cost=17.1097 | best_cost=17.1097 | regret=0.0000
    result: record_global_index=4138 | name=None | score=17.1097
    arm_stats: problem_pulls=105 | problem_avg_reward=0.7405 | global_pulls=105 | global_avg_reward=0.7405
    state: rep_history=228/5000 | linear_history=228/10000 | head_mode=problem_specific | theta_norm=0.7498 | A_inv_diag_mean=0.923121 | A_inv_diag_min=0.820815 | A_inv_diag_max=0.975687
21:25:31 | epoch=1 | TRAIN[228] | CVRP | select arm=7(omni) | reason=score
     0(bq              ): pulls=   2 | mean=+0.3218 | bonus=0.4346 | score=+0.5390
     1(elg             ): pulls=   3 | mean=+0.5213 | bonus=0.3385 | score=+0.6906
     2(lehd            ): pulls=   2 | mean=+0.4399 | bonus=0.4035 | score=+0.6417
     7(omni            ): pulls= 105 | mean=+0.6658 | bonus=0.1911 | score=+0.7614 <--
     8(mvmoe           ): pulls=   3 | mean=+0.3918 | bonus=0.3131 | score=+0.5484
21:25:31 | t=229 | UPDATE | problem=CVRP | head=CVRP | uid=cvrp:train:9365 | global_index=9365 | arm=7(omni)
    outcome: reward=0.0000 | selected_cost=7.8394 | best_cost=7.3286 | regret=0.5108
    result: record_global_index=9365 | name=None | score=7.8394
    arm_stats: problem_pulls=106 | problem_avg_reward=0.7335 | global_pulls=106 | global_avg_reward=0.7335
    state: rep_history=229/5000 | linear_history=229/10000 | head_mode=problem_specific | theta_norm=0.7457 | A_inv_diag_mean=0.922960 | A_inv_diag_min=0.820580 | A_inv_diag_max=0.975588
21:25:31 | epoch=1 | TRAIN[229] | TSP | select arm=0(bq) | reason=score
     0(bq              ): pulls=  72 | mean=+0.6686 | bonus=0.1543 | score=+0.7458 <--
     1(elg             ): pulls=   2 | mean=+0.5113 | bonus=0.3380 | score=+0.6803
     2(lehd            ): pulls=   4 | mean=+0.4688 | bonus=0.2649 | score=+0.6012
     3(t2t             ): pulls=   6 | mean=+0.4768 | bonus=0.3274 | score=+0.6405
     4(t2t500          ): pulls=  21 | mean=+0.5541 | bonus=0.2287 | score=+0.6684
     5(difusco         ): pulls=   3 | mean=+0.4883 | bonus=0.3011 | score=+0.6388
     6(difusco500      ): pulls=   5 | mean=+0.4763 | bonus=0.3133 | score=+0.6329
21:25:31 | t=230 | UPDATE | problem=TSP | head=TSP | uid=tsp:train:9450 | global_index=9450 | arm=0(bq)
    outcome: reward=0.8333 | selected_cost=9.5437 | best_cost=9.4793 | regret=0.0644
    result: record_global_index=9450 | name=None | score=9.5437
    arm_stats: problem_pulls=73 | problem_avg_reward=0.6450 | global_pulls=75 | global_avg_reward=0.6344
    state: rep_history=230/5000 | linear_history=230/10000 | head_mode=problem_specific | theta_norm=0.7621 | A_inv_diag_mean=0.896203 | A_inv_diag_min=0.769963 | A_inv_diag_max=0.972919
21:25:31 | epoch=1 | TRAIN[230] | TSP | select arm=0(bq) | reason=score
     0(bq              ): pulls=  73 | mean=+0.5804 | bonus=0.1819 | score=+0.6714 <--
     1(elg             ): pulls=   2 | mean=+0.4301 | bonus=0.3435 | score=+0.6019
     2(lehd            ): pulls=   4 | mean=+0.3840 | bonus=0.2831 | score=+0.5255
     3(t2t             ): pulls=   6 | mean=+0.3844 | bonus=0.3411 | score=+0.5549
     4(t2t500          ): pulls=  21 | mean=+0.4593 | bonus=0.2446 | score=+0.5816
     5(difusco         ): pulls=   3 | mean=+0.3965 | bonus=0.3551 | score=+0.5740
     6(difusco500      ): pulls=   5 | mean=+0.3864 | bonus=0.3087 | score=+0.5407
21:25:31 | t=231 | UPDATE | problem=TSP | head=TSP | uid=tsp:train:7826 | global_index=7826 | arm=0(bq)
    outcome: reward=0.0000 | selected_cost=8.1836 | best_cost=4.9655 | regret=3.2180
    result: record_global_index=7826 | name=None | score=8.1836
    arm_stats: problem_pulls=74 | problem_avg_reward=0.6363 | global_pulls=76 | global_avg_reward=0.6261
    state: rep_history=231/5000 | linear_history=231/10000 | head_mode=problem_specific | theta_norm=0.7376 | A_inv_diag_mean=0.896037 | A_inv_diag_min=0.769852 | A_inv_diag_max=0.972897
21:25:31 | epoch=1 | TRAIN[231] | TSP | select arm=0(bq) | reason=score
     0(bq              ): pulls=  74 | mean=+0.7182 | bonus=0.2054 | score=+0.8209 <--
     1(elg             ): pulls=   2 | mean=+0.5692 | bonus=0.3738 | score=+0.7561
     2(lehd            ): pulls=   4 | mean=+0.5243 | bonus=0.3111 | score=+0.6798
     3(t2t             ): pulls=   6 | mean=+0.5314 | bonus=0.3669 | score=+0.7148
     4(t2t500          ): pulls=  21 | mean=+0.6115 | bonus=0.2748 | score=+0.7489
     5(difusco         ): pulls=   3 | mean=+0.5416 | bonus=0.3113 | score=+0.6972
     6(difusco500      ): pulls=   5 | mean=+0.5395 | bonus=0.3525 | score=+0.7158
21:25:31 | t=232 | UPDATE | problem=TSP | head=TSP | uid=tsp:train:5455 | global_index=5455 | arm=0(bq)
    outcome: reward=0.6667 | selected_cost=10.8132 | best_cost=10.6751 | regret=0.1381
    result: record_global_index=5455 | name=None | score=10.8132
    arm_stats: problem_pulls=75 | problem_avg_reward=0.6367 | global_pulls=77 | global_avg_reward=0.6266
    state: rep_history=232/5000 | linear_history=232/10000 | head_mode=problem_specific | theta_norm=0.7381 | A_inv_diag_mean=0.895944 | A_inv_diag_min=0.769680 | A_inv_diag_max=0.972861
21:25:31 | epoch=1 | TRAIN[232] | TSP | select arm=0(bq) | reason=score
     0(bq              ): pulls=  75 | mean=+0.4900 | bonus=0.1953 | score=+0.5877 <--
     1(elg             ): pulls=   2 | mean=+0.3748 | bonus=0.3642 | score=+0.5569
     2(lehd            ): pulls=   4 | mean=+0.3138 | bonus=0.2984 | score=+0.4630
     3(t2t             ): pulls=   6 | mean=+0.2809 | bonus=0.3695 | score=+0.4656
     4(t2t500          ): pulls=  21 | mean=+0.3896 | bonus=0.2540 | score=+0.5167
     5(difusco         ): pulls=   3 | mean=+0.3195 | bonus=0.3572 | score=+0.4982
     6(difusco500      ): pulls=   5 | mean=+0.3263 | bonus=0.3467 | score=+0.4996
21:25:31 | t=233 | UPDATE | problem=TSP | head=TSP | uid=tsp:train:2054 | global_index=2054 | arm=0(bq)
    outcome: reward=0.3333 | selected_cost=4.8210 | best_cost=4.8071 | regret=0.0139
    result: record_global_index=2054 | name=None | score=4.8210
    arm_stats: problem_pulls=76 | problem_avg_reward=0.6327 | global_pulls=78 | global_avg_reward=0.6229
    state: rep_history=233/5000 | linear_history=233/10000 | head_mode=problem_specific | theta_norm=0.7346 | A_inv_diag_mean=0.895796 | A_inv_diag_min=0.769675 | A_inv_diag_max=0.972817
21:25:31 | epoch=1 | TRAIN[233] | TSP | select arm=0(bq) | reason=score
     0(bq              ): pulls=  76 | mean=+0.7078 | bonus=0.1863 | score=+0.8009 <--
     1(elg             ): pulls=   2 | mean=+0.5589 | bonus=0.3555 | score=+0.7366
     2(lehd            ): pulls=   4 | mean=+0.5159 | bonus=0.2975 | score=+0.6646
     3(t2t             ): pulls=   6 | mean=+0.5229 | bonus=0.3587 | score=+0.7022
     4(t2t500          ): pulls=  21 | mean=+0.6027 | bonus=0.2616 | score=+0.7335
     5(difusco         ): pulls=   3 | mean=+0.5324 | bonus=0.3180 | score=+0.6914
     6(difusco500      ): pulls=   5 | mean=+0.5297 | bonus=0.3338 | score=+0.6966
21:25:31 | t=234 | UPDATE | problem=TSP | head=TSP | uid=tsp:train:133 | global_index=133 | arm=0(bq)
    outcome: reward=0.0000 | selected_cost=9.2365 | best_cost=8.7097 | regret=0.5268
    result: record_global_index=133 | name=None | score=9.2365
    arm_stats: problem_pulls=77 | problem_avg_reward=0.6245 | global_pulls=79 | global_avg_reward=0.6150
    state: rep_history=234/5000 | linear_history=234/10000 | head_mode=problem_specific | theta_norm=0.7402 | A_inv_diag_mean=0.895735 | A_inv_diag_min=0.769644 | A_inv_diag_max=0.972776
21:25:31 | epoch=1 | TRAIN[234] | CVRP | select arm=7(omni) | reason=score
     0(bq              ): pulls=   2 | mean=+0.3415 | bonus=0.4227 | score=+0.5529
     1(elg             ): pulls=   3 | mean=+0.5292 | bonus=0.2977 | score=+0.6780
     2(lehd            ): pulls=   2 | mean=+0.4454 | bonus=0.3635 | score=+0.6271
     7(omni            ): pulls= 106 | mean=+0.6693 | bonus=0.1646 | score=+0.7516 <--
     8(mvmoe           ): pulls=   3 | mean=+0.4099 | bonus=0.3244 | score=+0.5721
21:25:31 | t=235 | UPDATE | problem=CVRP | head=CVRP | uid=cvrp:train:2460 | global_index=2460 | arm=7(omni)
    outcome: reward=0.7500 | selected_cost=18.3969 | best_cost=18.3434 | regret=0.0536
    result: record_global_index=2460 | name=None | score=18.3969
    arm_stats: problem_pulls=107 | problem_avg_reward=0.7336 | global_pulls=107 | global_avg_reward=0.7336
    state: rep_history=235/5000 | linear_history=235/10000 | head_mode=problem_specific | theta_norm=0.7463 | A_inv_diag_mean=0.922901 | A_inv_diag_min=0.820537 | A_inv_diag_max=0.975342
21:25:31 | epoch=1 | TRAIN[235] | CVRP | select arm=7(omni) | reason=score
     0(bq              ): pulls=   2 | mean=+0.4068 | bonus=0.4479 | score=+0.6307
     1(elg             ): pulls=   3 | mean=+0.5749 | bonus=0.3228 | score=+0.7363
     2(lehd            ): pulls=   2 | mean=+0.4912 | bonus=0.3766 | score=+0.6795
     7(omni            ): pulls= 107 | mean=+0.7037 | bonus=0.1619 | score=+0.7846 <--
     8(mvmoe           ): pulls=   3 | mean=+0.4632 | bonus=0.3425 | score=+0.6345
21:25:31 | t=236 | UPDATE | problem=CVRP | head=CVRP | uid=cvrp:train:8646 | global_index=8646 | arm=7(omni)
    outcome: reward=0.5000 | selected_cost=13.9700 | best_cost=13.6282 | regret=0.3418
    result: record_global_index=8646 | name=None | score=13.9700
    arm_stats: problem_pulls=108 | problem_avg_reward=0.7315 | global_pulls=108 | global_avg_reward=0.7315
    state: rep_history=236/5000 | linear_history=236/10000 | head_mode=problem_specific | theta_norm=0.7456 | A_inv_diag_mean=0.922815 | A_inv_diag_min=0.820121 | A_inv_diag_max=0.975304
21:25:31 | epoch=1 | TRAIN[236] | TSP | select arm=0(bq) | reason=score
     0(bq              ): pulls=  77 | mean=+0.6972 | bonus=0.1736 | score=+0.7840 <--
     1(elg             ): pulls=   2 | mean=+0.5556 | bonus=0.3566 | score=+0.7339
     2(lehd            ): pulls=   4 | mean=+0.5136 | bonus=0.2906 | score=+0.6588
     3(t2t             ): pulls=   6 | mean=+0.5164 | bonus=0.3461 | score=+0.6895
     4(t2t500          ): pulls=  21 | mean=+0.5981 | bonus=0.2507 | score=+0.7235
     5(difusco         ): pulls=   3 | mean=+0.5309 | bonus=0.3170 | score=+0.6894
     6(difusco500      ): pulls=   5 | mean=+0.5272 | bonus=0.3323 | score=+0.6933
21:25:31 | t=237 | UPDATE | problem=TSP | head=TSP | uid=tsp:train:2446 | global_index=2446 | arm=0(bq)
    outcome: reward=0.0000 | selected_cost=10.0196 | best_cost=9.0387 | regret=0.9809
    result: record_global_index=2446 | name=None | score=10.0196
    arm_stats: problem_pulls=78 | problem_avg_reward=0.6165 | global_pulls=80 | global_avg_reward=0.6073
    state: rep_history=237/5000 | linear_history=237/10000 | head_mode=problem_specific | theta_norm=0.7451 | A_inv_diag_mean=0.895687 | A_inv_diag_min=0.769642 | A_inv_diag_max=0.972740
21:25:31 | epoch=1 | TRAIN[237] | TSP | select arm=0(bq) | reason=score
     0(bq              ): pulls=  78 | mean=+0.5186 | bonus=0.3895 | score=+0.7133 <--
     1(elg             ): pulls=   2 | mean=+0.4222 | bonus=0.4275 | score=+0.6359
     2(lehd            ): pulls=   4 | mean=+0.3539 | bonus=0.4169 | score=+0.5623
     3(t2t             ): pulls=   6 | mean=+0.3002 | bonus=0.5023 | score=+0.5513
     4(t2t500          ): pulls=  21 | mean=+0.4176 | bonus=0.3967 | score=+0.6159
     5(difusco         ): pulls=   3 | mean=+0.3703 | bonus=0.4426 | score=+0.5916
     6(difusco500      ): pulls=   5 | mean=+0.3501 | bonus=0.4247 | score=+0.5625
21:25:31 | t=238 | UPDATE | problem=TSP | head=TSP | uid=tsp:train:2677 | global_index=2677 | arm=0(bq)
    outcome: reward=0.3333 | selected_cost=5.3514 | best_cost=5.3403 | regret=0.0110
    result: record_global_index=2677 | name=None | score=5.3514
    arm_stats: problem_pulls=79 | problem_avg_reward=0.6129 | global_pulls=81 | global_avg_reward=0.6039
    state: rep_history=238/5000 | linear_history=238/10000 | head_mode=problem_specific | theta_norm=0.7337 | A_inv_diag_mean=0.895075 | A_inv_diag_min=0.767565 | A_inv_diag_max=0.972729
21:25:31 | epoch=1 | TRAIN[238] | CVRP | select arm=7(omni) | reason=score
     0(bq              ): pulls=   2 | mean=+0.3627 | bonus=0.4424 | score=+0.5839
     1(elg             ): pulls=   3 | mean=+0.5452 | bonus=0.3107 | score=+0.7005
     2(lehd            ): pulls=   2 | mean=+0.4614 | bonus=0.3729 | score=+0.6478
     7(omni            ): pulls= 108 | mean=+0.6822 | bonus=0.1687 | score=+0.7665 <--
     8(mvmoe           ): pulls=   3 | mean=+0.4274 | bonus=0.3460 | score=+0.6004
21:25:31 | t=239 | UPDATE | problem=CVRP | head=CVRP | uid=cvrp:train:3931 | global_index=3931 | arm=7(omni)
    outcome: reward=0.7500 | selected_cost=15.8611 | best_cost=15.7818 | regret=0.0793
    result: record_global_index=3931 | name=None | score=15.8611
    arm_stats: problem_pulls=109 | problem_avg_reward=0.7317 | global_pulls=109 | global_avg_reward=0.7317
    state: rep_history=239/5000 | linear_history=239/10000 | head_mode=problem_specific | theta_norm=0.7456 | A_inv_diag_mean=0.922728 | A_inv_diag_min=0.819934 | A_inv_diag_max=0.975234
21:25:31 | epoch=1 | TRAIN[239] | TSP | select arm=0(bq) | reason=score
     0(bq              ): pulls=  79 | mean=+0.6057 | bonus=0.1447 | score=+0.6780 <--
     1(elg             ): pulls=   2 | mean=+0.4702 | bonus=0.3337 | score=+0.6370
     2(lehd            ): pulls=   4 | mean=+0.4323 | bonus=0.2553 | score=+0.5600
     3(t2t             ): pulls=   6 | mean=+0.4289 | bonus=0.3097 | score=+0.5837
     4(t2t500          ): pulls=  21 | mean=+0.5070 | bonus=0.2152 | score=+0.6146
     5(difusco         ): pulls=   3 | mean=+0.4431 | bonus=0.3223 | score=+0.6042
     6(difusco500      ): pulls=   5 | mean=+0.4363 | bonus=0.2978 | score=+0.5852
21:25:31 | t=240 | UPDATE | problem=TSP | head=TSP | uid=tsp:train:6511 | global_index=6511 | arm=0(bq)
    outcome: reward=0.1667 | selected_cost=6.9135 | best_cost=6.6819 | regret=0.2317
    result: record_global_index=6511 | name=None | score=6.9135
    arm_stats: problem_pulls=80 | problem_avg_reward=0.6073 | global_pulls=82 | global_avg_reward=0.5986
    state: rep_history=240/5000 | linear_history=240/10000 | head_mode=problem_specific | theta_norm=0.7195 | A_inv_diag_mean=0.895008 | A_inv_diag_min=0.767280 | A_inv_diag_max=0.972720
21:25:31 | epoch=1 | TRAIN[240] | CVRP | select arm=7(omni) | reason=score
     0(bq              ): pulls=   2 | mean=+0.4199 | bonus=0.4395 | score=+0.6397
     1(elg             ): pulls=   3 | mean=+0.5899 | bonus=0.3004 | score=+0.7401
     2(lehd            ): pulls=   2 | mean=+0.5073 | bonus=0.3541 | score=+0.6843
     7(omni            ): pulls= 109 | mean=+0.7204 | bonus=0.1591 | score=+0.7999 <--
     8(mvmoe           ): pulls=   3 | mean=+0.4742 | bonus=0.3105 | score=+0.6294
21:25:31 | t=241 | UPDATE | problem=CVRP | head=CVRP | uid=cvrp:train:6000 | global_index=6000 | arm=7(omni)
    outcome: reward=0.2500 | selected_cost=15.6709 | best_cost=14.8156 | regret=0.8553
    result: record_global_index=6000 | name=None | score=15.6709
    arm_stats: problem_pulls=110 | problem_avg_reward=0.7273 | global_pulls=110 | global_avg_reward=0.7273
    state: rep_history=241/5000 | linear_history=241/10000 | head_mode=problem_specific | theta_norm=0.7390 | A_inv_diag_mean=0.922642 | A_inv_diag_min=0.819901 | A_inv_diag_max=0.975192
21:25:31 | epoch=1 | TRAIN[241] | TSP | select arm=0(bq) | reason=score
     0(bq              ): pulls=  80 | mean=+0.5618 | bonus=0.1903 | score=+0.6570 <--
     1(elg             ): pulls=   2 | mean=+0.4475 | bonus=0.3578 | score=+0.6264
     2(lehd            ): pulls=   4 | mean=+0.3977 | bonus=0.2905 | score=+0.5429
     3(t2t             ): pulls=   6 | mean=+0.3822 | bonus=0.3499 | score=+0.5572
     4(t2t500          ): pulls=  21 | mean=+0.4596 | bonus=0.2422 | score=+0.5806
     5(difusco         ): pulls=   3 | mean=+0.4056 | bonus=0.3520 | score=+0.5815
     6(difusco500      ): pulls=   5 | mean=+0.4002 | bonus=0.3294 | score=+0.5649
21:25:31 | t=242 | UPDATE | problem=TSP | head=TSP | uid=tsp:train:2134 | global_index=2134 | arm=0(bq)
    outcome: reward=1.0000 | selected_cost=6.4084 | best_cost=6.4084 | regret=0.0000
    result: record_global_index=2134 | name=None | score=6.4084
    arm_stats: problem_pulls=81 | problem_avg_reward=0.6121 | global_pulls=83 | global_avg_reward=0.6034
    state: rep_history=242/5000 | linear_history=242/10000 | head_mode=problem_specific | theta_norm=0.7274 | A_inv_diag_mean=0.894910 | A_inv_diag_min=0.767263 | A_inv_diag_max=0.972525
21:25:31 | epoch=1 | TRAIN[242] | CVRP | select arm=7(omni) | reason=score
     0(bq              ): pulls=   2 | mean=+0.4660 | bonus=0.4592 | score=+0.6956
     1(elg             ): pulls=   3 | mean=+0.6340 | bonus=0.3572 | score=+0.8126
     2(lehd            ): pulls=   2 | mean=+0.5499 | bonus=0.4148 | score=+0.7573
     7(omni            ): pulls= 110 | mean=+0.7655 | bonus=0.1949 | score=+0.8630 <--
     8(mvmoe           ): pulls=   3 | mean=+0.5229 | bonus=0.3603 | score=+0.7031
21:25:31 | t=243 | UPDATE | problem=CVRP | head=CVRP | uid=cvrp:train:6989 | global_index=6989 | arm=7(omni)
    outcome: reward=0.5000 | selected_cost=22.7044 | best_cost=22.3537 | regret=0.3506
    result: record_global_index=6989 | name=None | score=22.7044
    arm_stats: problem_pulls=111 | problem_avg_reward=0.7252 | global_pulls=111 | global_avg_reward=0.7252
    state: rep_history=243/5000 | linear_history=243/10000 | head_mode=problem_specific | theta_norm=0.7438 | A_inv_diag_mean=0.922536 | A_inv_diag_min=0.819895 | A_inv_diag_max=0.975085
21:25:31 | epoch=1 | TRAIN[243] | TSP | select arm=0(bq) | reason=score
     0(bq              ): pulls=  81 | mean=+0.5424 | bonus=0.1708 | score=+0.6278 <--
     1(elg             ): pulls=   2 | mean=+0.4224 | bonus=0.3409 | score=+0.5929
     2(lehd            ): pulls=   4 | mean=+0.3769 | bonus=0.2737 | score=+0.5138
     3(t2t             ): pulls=   6 | mean=+0.3616 | bonus=0.3350 | score=+0.5292
     4(t2t500          ): pulls=  21 | mean=+0.4451 | bonus=0.2419 | score=+0.5661
     5(difusco         ): pulls=   3 | mean=+0.3846 | bonus=0.3490 | score=+0.5591
     6(difusco500      ): pulls=   5 | mean=+0.3842 | bonus=0.3258 | score=+0.5471
21:25:31 | t=244 | UPDATE | problem=TSP | head=TSP | uid=tsp:train:9009 | global_index=9009 | arm=0(bq)
    outcome: reward=1.0000 | selected_cost=9.2513 | best_cost=9.2513 | regret=0.0000
    result: record_global_index=9009 | name=None | score=9.2513
    arm_stats: problem_pulls=82 | problem_avg_reward=0.6169 | global_pulls=84 | global_avg_reward=0.6081
    state: rep_history=244/5000 | linear_history=244/10000 | head_mode=problem_specific | theta_norm=0.7437 | A_inv_diag_mean=0.894827 | A_inv_diag_min=0.767262 | A_inv_diag_max=0.972496
21:25:31 | epoch=1 | TRAIN[244] | TSP | select arm=0(bq) | reason=score
     0(bq              ): pulls=  82 | mean=+0.5276 | bonus=0.1958 | score=+0.6255 <--
     1(elg             ): pulls=   2 | mean=+0.4248 | bonus=0.3666 | score=+0.6081
     2(lehd            ): pulls=   4 | mean=+0.3641 | bonus=0.2996 | score=+0.5139
     3(t2t             ): pulls=   6 | mean=+0.3307 | bonus=0.3699 | score=+0.5157
     4(t2t500          ): pulls=  21 | mean=+0.4281 | bonus=0.2513 | score=+0.5537
     5(difusco         ): pulls=   3 | mean=+0.3757 | bonus=0.3625 | score=+0.5570
     6(difusco500      ): pulls=   5 | mean=+0.3731 | bonus=0.3435 | score=+0.5449
21:25:31 | t=245 | UPDATE | problem=TSP | head=TSP | uid=tsp:train:6100 | global_index=6100 | arm=0(bq)
    outcome: reward=0.0000 | selected_cost=5.7985 | best_cost=5.6365 | regret=0.1620
    result: record_global_index=6100 | name=None | score=5.7985
    arm_stats: problem_pulls=83 | problem_avg_reward=0.6094 | global_pulls=85 | global_avg_reward=0.6010
    state: rep_history=245/5000 | linear_history=245/10000 | head_mode=problem_specific | theta_norm=0.7448 | A_inv_diag_mean=0.894653 | A_inv_diag_min=0.767220 | A_inv_diag_max=0.971564
21:25:31 | epoch=1 | TRAIN[245] | CVRP | select arm=7(omni) | reason=score
     0(bq              ): pulls=   2 | mean=+0.4349 | bonus=0.4233 | score=+0.6466
     1(elg             ): pulls=   3 | mean=+0.5987 | bonus=0.2989 | score=+0.7482
     2(lehd            ): pulls=   2 | mean=+0.5141 | bonus=0.3383 | score=+0.6833
     7(omni            ): pulls= 111 | mean=+0.7267 | bonus=0.1360 | score=+0.7946 <--
     8(mvmoe           ): pulls=   3 | mean=+0.4879 | bonus=0.2788 | score=+0.6273
21:25:31 | t=246 | UPDATE | problem=CVRP | head=CVRP | uid=cvrp:train:35 | global_index=35 | arm=7(omni)
    outcome: reward=1.0000 | selected_cost=25.0011 | best_cost=25.0011 | regret=0.0000
    result: record_global_index=35 | name=None | score=25.0011
    arm_stats: problem_pulls=112 | problem_avg_reward=0.7277 | global_pulls=112 | global_avg_reward=0.7277
    state: rep_history=246/5000 | linear_history=246/10000 | head_mode=problem_specific | theta_norm=0.7520 | A_inv_diag_mean=0.922432 | A_inv_diag_min=0.819834 | A_inv_diag_max=0.975080
21:25:31 | epoch=1 | TRAIN[246] | TSP | select arm=0(bq) | reason=score
     0(bq              ): pulls=  83 | mean=+0.7482 | bonus=0.3589 | score=+0.9276 <--
     1(elg             ): pulls=   2 | mean=+0.6194 | bonus=0.4888 | score=+0.8639
     2(lehd            ): pulls=   4 | mean=+0.5727 | bonus=0.4225 | score=+0.7839
     3(t2t             ): pulls=   6 | mean=+0.5639 | bonus=0.4502 | score=+0.7891
     4(t2t500          ): pulls=  21 | mean=+0.6410 | bonus=0.3727 | score=+0.8274
     5(difusco         ): pulls=   3 | mean=+0.5898 | bonus=0.4681 | score=+0.8239
     6(difusco500      ): pulls=   5 | mean=+0.5701 | bonus=0.4588 | score=+0.7995
21:25:31 | t=247 | UPDATE | problem=TSP | head=TSP | uid=tsp:train:2063 | global_index=2063 | arm=0(bq)
    outcome: reward=0.5000 | selected_cost=7.8258 | best_cost=7.7680 | regret=0.0578
    result: record_global_index=2063 | name=None | score=7.8258
    arm_stats: problem_pulls=84 | problem_avg_reward=0.6081 | global_pulls=86 | global_avg_reward=0.5998
    state: rep_history=247/5000 | linear_history=247/10000 | head_mode=problem_specific | theta_norm=0.7449 | A_inv_diag_mean=0.894418 | A_inv_diag_min=0.766672 | A_inv_diag_max=0.971465
21:25:31 | epoch=1 | TRAIN[247] | CVRP | select arm=7(omni) | reason=score
     0(bq              ): pulls=   2 | mean=+0.4485 | bonus=0.4603 | score=+0.6786
     1(elg             ): pulls=   3 | mean=+0.6139 | bonus=0.3537 | score=+0.7907
     2(lehd            ): pulls=   2 | mean=+0.5271 | bonus=0.3927 | score=+0.7234
     7(omni            ): pulls= 112 | mean=+0.7448 | bonus=0.1993 | score=+0.8444 <--
     8(mvmoe           ): pulls=   3 | mean=+0.5018 | bonus=0.3705 | score=+0.6871
21:25:31 | t=248 | UPDATE | problem=CVRP | head=CVRP | uid=cvrp:train:71 | global_index=71 | arm=7(omni)
    outcome: reward=0.5000 | selected_cost=17.4014 | best_cost=17.1620 | regret=0.2394
    result: record_global_index=71 | name=None | score=17.4014
    arm_stats: problem_pulls=113 | problem_avg_reward=0.7257 | global_pulls=113 | global_avg_reward=0.7257
    state: rep_history=248/5000 | linear_history=248/10000 | head_mode=problem_specific | theta_norm=0.7524 | A_inv_diag_mean=0.922330 | A_inv_diag_min=0.819779 | A_inv_diag_max=0.974886
21:25:31 | epoch=1 | TRAIN[248] | TSP | select arm=0(bq) | reason=score
     0(bq              ): pulls=  84 | mean=+0.4680 | bonus=0.2897 | score=+0.6128 <--
     1(elg             ): pulls=   2 | mean=+0.3846 | bonus=0.3901 | score=+0.5796
     2(lehd            ): pulls=   4 | mean=+0.3228 | bonus=0.3599 | score=+0.5028
     3(t2t             ): pulls=   6 | mean=+0.2615 | bonus=0.4302 | score=+0.4766
     4(t2t500          ): pulls=  21 | mean=+0.3923 | bonus=0.3085 | score=+0.5466
     5(difusco         ): pulls=   3 | mean=+0.3271 | bonus=0.4011 | score=+0.5276
     6(difusco500      ): pulls=   5 | mean=+0.3242 | bonus=0.3565 | score=+0.5025
21:25:31 | t=249 | UPDATE | problem=TSP | head=TSP | uid=tsp:train:9741 | global_index=9741 | arm=0(bq)
    outcome: reward=0.6667 | selected_cost=4.0277 | best_cost=4.0223 | regret=0.0054
    result: record_global_index=9741 | name=None | score=4.0277
    arm_stats: problem_pulls=85 | problem_avg_reward=0.6088 | global_pulls=87 | global_avg_reward=0.6006
    state: rep_history=249/5000 | linear_history=249/10000 | head_mode=problem_specific | theta_norm=0.7527 | A_inv_diag_mean=0.894143 | A_inv_diag_min=0.765410 | A_inv_diag_max=0.971458
21:25:31 | epoch=1 | TRAIN[249] | CVRP | select arm=7(omni) | reason=score
     0(bq              ): pulls=   2 | mean=+0.4654 | bonus=0.4341 | score=+0.6824
     1(elg             ): pulls=   3 | mean=+0.6327 | bonus=0.3180 | score=+0.7917
     2(lehd            ): pulls=   2 | mean=+0.5474 | bonus=0.3807 | score=+0.7378
     7(omni            ): pulls= 113 | mean=+0.7675 | bonus=0.1631 | score=+0.8490 <--
     8(mvmoe           ): pulls=   3 | mean=+0.5182 | bonus=0.3243 | score=+0.6803
21:25:31 | t=250 | UPDATE | problem=CVRP | head=CVRP | uid=cvrp:train:5226 | global_index=5226 | arm=7(omni)
    outcome: reward=0.2500 | selected_cost=24.7079 | best_cost=23.8741 | regret=0.8338
    result: record_global_index=5226 | name=None | score=24.7079
    arm_stats: problem_pulls=114 | problem_avg_reward=0.7215 | global_pulls=114 | global_avg_reward=0.7215
    state: rep_history=250/5000 | linear_history=250/10000 | head_mode=problem_specific | theta_norm=0.7608 | A_inv_diag_mean=0.922275 | A_inv_diag_min=0.819543 | A_inv_diag_max=0.974885
21:25:31 | epoch=1 | TRAIN[250] | CVRP | select arm=7(omni) | reason=score
     0(bq              ): pulls=   2 | mean=+0.3323 | bonus=0.4358 | score=+0.5502
     1(elg             ): pulls=   3 | mean=+0.5268 | bonus=0.3314 | score=+0.6925
     2(lehd            ): pulls=   2 | mean=+0.4395 | bonus=0.3813 | score=+0.6301
     7(omni            ): pulls= 114 | mean=+0.6748 | bonus=0.2112 | score=+0.7804 <--
     8(mvmoe           ): pulls=   3 | mean=+0.4051 | bonus=0.3317 | score=+0.5710
21:25:31 | t=251 | UPDATE | problem=CVRP | head=CVRP | uid=cvrp:train:5471 | global_index=5471 | arm=7(omni)
    outcome: reward=1.0000 | selected_cost=19.6337 | best_cost=19.6337 | regret=0.0000
    result: record_global_index=5471 | name=None | score=19.6337
    arm_stats: problem_pulls=115 | problem_avg_reward=0.7239 | global_pulls=115 | global_avg_reward=0.7239
    state: rep_history=251/5000 | linear_history=251/10000 | head_mode=problem_specific | theta_norm=0.7673 | A_inv_diag_mean=0.922163 | A_inv_diag_min=0.819487 | A_inv_diag_max=0.974866
21:25:31 | epoch=1 | TRAIN[251] | CVRP | select arm=7(omni) | reason=score
     0(bq              ): pulls=   2 | mean=+0.4630 | bonus=0.4411 | score=+0.6835
     1(elg             ): pulls=   3 | mean=+0.6303 | bonus=0.3389 | score=+0.7998
     2(lehd            ): pulls=   2 | mean=+0.5433 | bonus=0.3758 | score=+0.7312
     7(omni            ): pulls= 115 | mean=+0.7683 | bonus=0.1828 | score=+0.8597 <--
     8(mvmoe           ): pulls=   3 | mean=+0.5169 | bonus=0.3439 | score=+0.6888
21:25:31 | t=252 | UPDATE | problem=CVRP | head=CVRP | uid=cvrp:train:948 | global_index=948 | arm=7(omni)
    outcome: reward=1.0000 | selected_cost=21.7381 | best_cost=21.7381 | regret=0.0000
    result: record_global_index=948 | name=None | score=21.7381
    arm_stats: problem_pulls=116 | problem_avg_reward=0.7263 | global_pulls=116 | global_avg_reward=0.7263
    state: rep_history=252/5000 | linear_history=252/10000 | head_mode=problem_specific | theta_norm=0.7683 | A_inv_diag_mean=0.922053 | A_inv_diag_min=0.819337 | A_inv_diag_max=0.974629
21:25:31 | epoch=1 | TRAIN[252] | CVRP | select arm=7(omni) | reason=score
     0(bq              ): pulls=   2 | mean=+0.4044 | bonus=0.4373 | score=+0.6231
     1(elg             ): pulls=   3 | mean=+0.5811 | bonus=0.3110 | score=+0.7366
     2(lehd            ): pulls=   2 | mean=+0.4940 | bonus=0.3565 | score=+0.6722
     7(omni            ): pulls= 116 | mean=+0.7169 | bonus=0.1671 | score=+0.8004 <--
     8(mvmoe           ): pulls=   3 | mean=+0.4617 | bonus=0.3054 | score=+0.6144
21:25:31 | t=253 | UPDATE | problem=CVRP | head=CVRP | uid=cvrp:train:2300 | global_index=2300 | arm=7(omni)
    outcome: reward=1.0000 | selected_cost=19.5937 | best_cost=19.5937 | regret=0.0000
    result: record_global_index=2300 | name=None | score=19.5937
    arm_stats: problem_pulls=117 | problem_avg_reward=0.7286 | global_pulls=117 | global_avg_reward=0.7286
    state: rep_history=253/5000 | linear_history=253/10000 | head_mode=problem_specific | theta_norm=0.7751 | A_inv_diag_mean=0.921990 | A_inv_diag_min=0.819174 | A_inv_diag_max=0.974603
21:25:31 | epoch=1 | TRAIN[253] | TSP | select arm=0(bq) | reason=score
     0(bq              ): pulls=  85 | mean=+0.5494 | bonus=0.1630 | score=+0.6309 <--
     1(elg             ): pulls=   2 | mean=+0.4263 | bonus=0.3397 | score=+0.5961
     2(lehd            ): pulls=   4 | mean=+0.3847 | bonus=0.2726 | score=+0.5210
     3(t2t             ): pulls=   6 | mean=+0.3697 | bonus=0.3382 | score=+0.5388
     4(t2t500          ): pulls=  21 | mean=+0.4524 | bonus=0.2323 | score=+0.5686
     5(difusco         ): pulls=   3 | mean=+0.3928 | bonus=0.3366 | score=+0.5611
     6(difusco500      ): pulls=   5 | mean=+0.3868 | bonus=0.3204 | score=+0.5470
21:25:31 | t=254 | UPDATE | problem=TSP | head=TSP | uid=tsp:train:4104 | global_index=4104 | arm=0(bq)
    outcome: reward=0.0000 | selected_cost=6.1332 | best_cost=5.9382 | regret=0.1950
    result: record_global_index=4104 | name=None | score=6.1332
    arm_stats: problem_pulls=86 | problem_avg_reward=0.6017 | global_pulls=88 | global_avg_reward=0.5938
    state: rep_history=254/5000 | linear_history=254/10000 | head_mode=problem_specific | theta_norm=0.7359 | A_inv_diag_mean=0.894058 | A_inv_diag_min=0.765383 | A_inv_diag_max=0.971450
21:25:31 | epoch=1 | TRAIN[254] | CVRP | select arm=7(omni) | reason=score
     0(bq              ): pulls=   2 | mean=+0.4484 | bonus=0.4426 | score=+0.6696
     1(elg             ): pulls=   3 | mean=+0.6139 | bonus=0.2956 | score=+0.7617
     2(lehd            ): pulls=   2 | mean=+0.5262 | bonus=0.3348 | score=+0.6936
     7(omni            ): pulls= 117 | mean=+0.7455 | bonus=0.1364 | score=+0.8137 <--
     8(mvmoe           ): pulls=   3 | mean=+0.4978 | bonus=0.3308 | score=+0.6632
21:25:31 | t=255 | UPDATE | problem=CVRP | head=CVRP | uid=cvrp:train:1851 | global_index=1851 | arm=7(omni)
    outcome: reward=0.7500 | selected_cost=27.1165 | best_cost=26.9018 | regret=0.2147
    result: record_global_index=1851 | name=None | score=27.1165
    arm_stats: problem_pulls=118 | problem_avg_reward=0.7288 | global_pulls=118 | global_avg_reward=0.7288
    state: rep_history=255/5000 | linear_history=255/10000 | head_mode=problem_specific | theta_norm=0.7751 | A_inv_diag_mean=0.921875 | A_inv_diag_min=0.819070 | A_inv_diag_max=0.974499
21:25:31 | epoch=1 | TRAIN[255] | CVRP | select arm=7(omni) | reason=score
     0(bq              ): pulls=   2 | mean=+0.3481 | bonus=0.4291 | score=+0.5626
     1(elg             ): pulls=   3 | mean=+0.5385 | bonus=0.3037 | score=+0.6904
     2(lehd            ): pulls=   2 | mean=+0.4494 | bonus=0.3667 | score=+0.6327
     7(omni            ): pulls= 118 | mean=+0.6839 | bonus=0.1639 | score=+0.7659 <--
     8(mvmoe           ): pulls=   3 | mean=+0.4141 | bonus=0.3242 | score=+0.5762
21:25:31 | t=256 | UPDATE | problem=CVRP | head=CVRP | uid=cvrp:train:7498 | global_index=7498 | arm=7(omni)
    outcome: reward=0.2500 | selected_cost=12.0642 | best_cost=11.8236 | regret=0.2406
    result: record_global_index=7498 | name=None | score=12.0642
    arm_stats: problem_pulls=119 | problem_avg_reward=0.7248 | global_pulls=119 | global_avg_reward=0.7248
    state: rep_history=256/5000 | linear_history=256/10000 | head_mode=problem_specific | theta_norm=0.7745 | A_inv_diag_mean=0.921812 | A_inv_diag_min=0.819001 | A_inv_diag_max=0.974457
21:25:31 | epoch=1 | TRAIN[256] | CVRP | select arm=7(omni) | reason=score
     0(bq              ): pulls=   2 | mean=+0.3901 | bonus=0.4275 | score=+0.6038
     1(elg             ): pulls=   3 | mean=+0.5636 | bonus=0.2940 | score=+0.7106
     2(lehd            ): pulls=   2 | mean=+0.4735 | bonus=0.3461 | score=+0.6466
     7(omni            ): pulls= 119 | mean=+0.6953 | bonus=0.1296 | score=+0.7601 <--
     8(mvmoe           ): pulls=   3 | mean=+0.4456 | bonus=0.3020 | score=+0.5966
21:25:31 | t=257 | UPDATE | problem=CVRP | head=CVRP | uid=cvrp:train:4031 | global_index=4031 | arm=7(omni)
    outcome: reward=1.0000 | selected_cost=18.0847 | best_cost=18.0847 | regret=0.0000
    result: record_global_index=4031 | name=None | score=18.0847
    arm_stats: problem_pulls=120 | problem_avg_reward=0.7271 | global_pulls=120 | global_avg_reward=0.7271
    state: rep_history=257/5000 | linear_history=257/10000 | head_mode=problem_specific | theta_norm=0.7791 | A_inv_diag_mean=0.921767 | A_inv_diag_min=0.818865 | A_inv_diag_max=0.974456
21:25:31 | epoch=1 | TRAIN[257] | CVRP | select arm=7(omni) | reason=score
     0(bq              ): pulls=   2 | mean=+0.4547 | bonus=0.4202 | score=+0.6648
     1(elg             ): pulls=   3 | mean=+0.6203 | bonus=0.2815 | score=+0.7611
     2(lehd            ): pulls=   2 | mean=+0.5307 | bonus=0.3320 | score=+0.6967
     7(omni            ): pulls= 120 | mean=+0.7523 | bonus=0.1137 | score=+0.8091 <--
     8(mvmoe           ): pulls=   3 | mean=+0.5028 | bonus=0.3024 | score=+0.6540
21:25:31 | t=258 | UPDATE | problem=CVRP | head=CVRP | uid=cvrp:train:1883 | global_index=1883 | arm=7(omni)
    outcome: reward=1.0000 | selected_cost=19.2699 | best_cost=19.2699 | regret=0.0000
    result: record_global_index=1883 | name=None | score=19.2699
    arm_stats: problem_pulls=121 | problem_avg_reward=0.7293 | global_pulls=121 | global_avg_reward=0.7293
    state: rep_history=258/5000 | linear_history=258/10000 | head_mode=problem_specific | theta_norm=0.7828 | A_inv_diag_mean=0.921738 | A_inv_diag_min=0.818858 | A_inv_diag_max=0.974451
21:25:31 | epoch=1 | TRAIN[258] | CVRP | select arm=7(omni) | reason=score
     0(bq              ): pulls=   2 | mean=+0.4695 | bonus=0.4407 | score=+0.6898
     1(elg             ): pulls=   3 | mean=+0.6397 | bonus=0.3353 | score=+0.8074
     2(lehd            ): pulls=   2 | mean=+0.5485 | bonus=0.3785 | score=+0.7378
     7(omni            ): pulls= 121 | mean=+0.7785 | bonus=0.1805 | score=+0.8688 <--
     8(mvmoe           ): pulls=   3 | mean=+0.5219 | bonus=0.3294 | score=+0.6866
21:25:31 | t=259 | UPDATE | problem=CVRP | head=CVRP | uid=cvrp:train:3090 | global_index=3090 | arm=7(omni)
    outcome: reward=0.7500 | selected_cost=28.0676 | best_cost=27.9828 | regret=0.0848
    result: record_global_index=3090 | name=None | score=28.0676
    arm_stats: problem_pulls=122 | problem_avg_reward=0.7295 | global_pulls=122 | global_avg_reward=0.7295
    state: rep_history=259/5000 | linear_history=259/10000 | head_mode=problem_specific | theta_norm=0.7828 | A_inv_diag_mean=0.921647 | A_inv_diag_min=0.818592 | A_inv_diag_max=0.974316
21:25:31 | epoch=1 | TRAIN[259] | CVRP | select arm=7(omni) | reason=score
     0(bq              ): pulls=   2 | mean=+0.0929 | bonus=0.6445 | score=+0.4152
     1(elg             ): pulls=   3 | mean=+0.2988 | bonus=0.5410 | score=+0.5693
     2(lehd            ): pulls=   2 | mean=+0.1945 | bonus=0.5812 | score=+0.4851
     7(omni            ): pulls= 122 | mean=+0.4436 | bonus=0.4497 | score=+0.6685 <--
     8(mvmoe           ): pulls=   3 | mean=+0.1737 | bonus=0.5471 | score=+0.4473
21:25:31 | t=260 | UPDATE | problem=CVRP | head=CVRP | uid=cvrp:train:2592 | global_index=2592 | arm=7(omni)
    outcome: reward=0.7500 | selected_cost=11.1423 | best_cost=11.1192 | regret=0.0232
    result: record_global_index=2592 | name=None | score=11.1423
    arm_stats: problem_pulls=123 | problem_avg_reward=0.7297 | global_pulls=123 | global_avg_reward=0.7297
    state: rep_history=260/5000 | linear_history=260/10000 | head_mode=problem_specific | theta_norm=0.7859 | A_inv_diag_mean=0.921072 | A_inv_diag_min=0.818575 | A_inv_diag_max=0.974139
21:25:31 | epoch=1 | TRAIN[260] | CVRP | select arm=7(omni) | reason=score
     0(bq              ): pulls=   2 | mean=+0.4344 | bonus=0.4318 | score=+0.6504
     1(elg             ): pulls=   3 | mean=+0.6008 | bonus=0.2864 | score=+0.7440
     2(lehd            ): pulls=   2 | mean=+0.5105 | bonus=0.3320 | score=+0.6765
     7(omni            ): pulls= 123 | mean=+0.7322 | bonus=0.1179 | score=+0.7912 <--
     8(mvmoe           ): pulls=   3 | mean=+0.4834 | bonus=0.3096 | score=+0.6382
21:25:31 | t=261 | UPDATE | problem=CVRP | head=CVRP | uid=cvrp:train:9368 | global_index=9368 | arm=7(omni)
    outcome: reward=0.2500 | selected_cost=14.1818 | best_cost=12.7814 | regret=1.4004
    result: record_global_index=9368 | name=None | score=14.1818
    arm_stats: problem_pulls=124 | problem_avg_reward=0.7258 | global_pulls=124 | global_avg_reward=0.7258
    state: rep_history=261/5000 | linear_history=261/10000 | head_mode=problem_specific | theta_norm=0.7759 | A_inv_diag_mean=0.921028 | A_inv_diag_min=0.818575 | A_inv_diag_max=0.974082
21:25:31 | epoch=1 | TRAIN[261] | TSP | select arm=0(bq) | reason=score
     0(bq              ): pulls=  86 | mean=+0.7038 | bonus=0.2012 | score=+0.8044 <--
     1(elg             ): pulls=   2 | mean=+0.5721 | bonus=0.3736 | score=+0.7589
     2(lehd            ): pulls=   4 | mean=+0.5389 | bonus=0.3124 | score=+0.6951
     3(t2t             ): pulls=   6 | mean=+0.5371 | bonus=0.3684 | score=+0.7213
     4(t2t500          ): pulls=  21 | mean=+0.6231 | bonus=0.2717 | score=+0.7589
     5(difusco         ): pulls=   3 | mean=+0.5540 | bonus=0.3178 | score=+0.7129
     6(difusco500      ): pulls=   5 | mean=+0.5511 | bonus=0.3518 | score=+0.7270
21:25:31 | t=262 | UPDATE | problem=TSP | head=TSP | uid=tsp:train:1934 | global_index=1934 | arm=0(bq)
    outcome: reward=0.6667 | selected_cost=10.8996 | best_cost=10.8066 | regret=0.0930
    result: record_global_index=1934 | name=None | score=10.8996
    arm_stats: problem_pulls=87 | problem_avg_reward=0.6025 | global_pulls=89 | global_avg_reward=0.5946
    state: rep_history=262/5000 | linear_history=262/10000 | head_mode=problem_specific | theta_norm=0.7366 | A_inv_diag_mean=0.893974 | A_inv_diag_min=0.765136 | A_inv_diag_max=0.971382
21:25:31 | epoch=1 | TRAIN[262] | CVRP | select arm=1(elg) | reason=epsilon_random
     0(bq              ): pulls=   2 | mean=+0.3978 | bonus=0.4390 | score=+0.6173
     1(elg             ): pulls=   3 | mean=+0.5712 | bonus=0.3254 | score=+0.7340 <--
     2(lehd            ): pulls=   2 | mean=+0.4821 | bonus=0.3670 | score=+0.6656
     7(omni            ): pulls= 124 | mean=+0.7026 | bonus=0.1495 | score=+0.7774
     8(mvmoe           ): pulls=   3 | mean=+0.4522 | bonus=0.2864 | score=+0.5954
21:25:31 | t=263 | UPDATE | problem=CVRP | head=CVRP | uid=cvrp:train:3107 | global_index=3107 | arm=1(elg)
    outcome: reward=0.7500 | selected_cost=14.9224 | best_cost=14.6836 | regret=0.2389
    result: record_global_index=3107 | name=None | score=14.9224
    arm_stats: problem_pulls=4 | problem_avg_reward=0.5625 | global_pulls=6 | global_avg_reward=0.5417
    state: rep_history=263/5000 | linear_history=263/10000 | head_mode=problem_specific | theta_norm=0.7763 | A_inv_diag_mean=0.919997 | A_inv_diag_min=0.816642 | A_inv_diag_max=0.973820
21:25:31 | epoch=1 | TRAIN[263] | TSP | select arm=0(bq) | reason=score
     0(bq              ): pulls=  87 | mean=+0.4879 | bonus=0.2364 | score=+0.6061 <--
     1(elg             ): pulls=   2 | mean=+0.3931 | bonus=0.3624 | score=+0.5743
     2(lehd            ): pulls=   4 | mean=+0.3323 | bonus=0.3239 | score=+0.4942
     3(t2t             ): pulls=   6 | mean=+0.2874 | bonus=0.4119 | score=+0.4934
     4(t2t500          ): pulls=  21 | mean=+0.3947 | bonus=0.2828 | score=+0.5361
     5(difusco         ): pulls=   3 | mean=+0.3403 | bonus=0.3646 | score=+0.5226
     6(difusco500      ): pulls=   5 | mean=+0.3306 | bonus=0.3589 | score=+0.5100
21:25:31 | t=264 | UPDATE | problem=TSP | head=TSP | uid=tsp:train:558 | global_index=558 | arm=0(bq)
    outcome: reward=0.6667 | selected_cost=5.5042 | best_cost=5.4979 | regret=0.0063
    result: record_global_index=558 | name=None | score=5.5042
    arm_stats: problem_pulls=88 | problem_avg_reward=0.6032 | global_pulls=90 | global_avg_reward=0.5954
    state: rep_history=264/5000 | linear_history=264/10000 | head_mode=problem_specific | theta_norm=0.7380 | A_inv_diag_mean=0.893747 | A_inv_diag_min=0.765103 | A_inv_diag_max=0.971223
21:25:31 | epoch=1 | TRAIN[264] | TSP | select arm=0(bq) | reason=score
     0(bq              ): pulls=  88 | mean=+0.5091 | bonus=0.2369 | score=+0.6275 <--
     1(elg             ): pulls=   2 | mean=+0.4107 | bonus=0.3625 | score=+0.5920
     2(lehd            ): pulls=   4 | mean=+0.3480 | bonus=0.3312 | score=+0.5136
     3(t2t             ): pulls=   6 | mean=+0.3060 | bonus=0.4102 | score=+0.5111
     4(t2t500          ): pulls=  21 | mean=+0.4103 | bonus=0.2921 | score=+0.5563
     5(difusco         ): pulls=   3 | mean=+0.3574 | bonus=0.3671 | score=+0.5409
     6(difusco500      ): pulls=   5 | mean=+0.3461 | bonus=0.3638 | score=+0.5280
21:25:31 | t=265 | UPDATE | problem=TSP | head=TSP | uid=tsp:train:9019 | global_index=9019 | arm=0(bq)
    outcome: reward=0.8333 | selected_cost=7.3982 | best_cost=7.3905 | regret=0.0077
    result: record_global_index=9019 | name=None | score=7.3982
    arm_stats: problem_pulls=89 | problem_avg_reward=0.6058 | global_pulls=91 | global_avg_reward=0.5980
    state: rep_history=265/5000 | linear_history=265/10000 | head_mode=problem_specific | theta_norm=0.7458 | A_inv_diag_mean=0.893552 | A_inv_diag_min=0.765090 | A_inv_diag_max=0.971223
21:25:31 | epoch=1 | TRAIN[265] | TSP | select arm=0(bq) | reason=score
     0(bq              ): pulls=  89 | mean=+0.5982 | bonus=0.1714 | score=+0.6839 <--
     1(elg             ): pulls=   2 | mean=+0.4683 | bonus=0.3506 | score=+0.6436
     2(lehd            ): pulls=   4 | mean=+0.4273 | bonus=0.2840 | score=+0.5694
     3(t2t             ): pulls=   6 | mean=+0.4218 | bonus=0.3310 | score=+0.5873
     4(t2t500          ): pulls=  21 | mean=+0.4911 | bonus=0.2313 | score=+0.6068
     5(difusco         ): pulls=   3 | mean=+0.4346 | bonus=0.3462 | score=+0.6077
     6(difusco500      ): pulls=   5 | mean=+0.4218 | bonus=0.3207 | score=+0.5821
21:25:31 | t=266 | UPDATE | problem=TSP | head=TSP | uid=tsp:train:391 | global_index=391 | arm=0(bq)
    outcome: reward=0.1667 | selected_cost=6.6147 | best_cost=6.5029 | regret=0.1118
    result: record_global_index=391 | name=None | score=6.6147
    arm_stats: problem_pulls=90 | problem_avg_reward=0.6009 | global_pulls=92 | global_avg_reward=0.5933
    state: rep_history=266/5000 | linear_history=266/10000 | head_mode=problem_specific | theta_norm=0.7355 | A_inv_diag_mean=0.893473 | A_inv_diag_min=0.764938 | A_inv_diag_max=0.971155
21:25:31 | epoch=1 | TRAIN[266] | TSP | select arm=0(bq) | reason=score
     0(bq              ): pulls=  90 | mean=+0.5252 | bonus=0.2533 | score=+0.6519 <--
     1(elg             ): pulls=   2 | mean=+0.4190 | bonus=0.3719 | score=+0.6049
     2(lehd            ): pulls=   4 | mean=+0.3569 | bonus=0.3368 | score=+0.5253
     3(t2t             ): pulls=   6 | mean=+0.3225 | bonus=0.4173 | score=+0.5312
     4(t2t500          ): pulls=  21 | mean=+0.4205 | bonus=0.3073 | score=+0.5741
     5(difusco         ): pulls=   3 | mean=+0.3688 | bonus=0.3631 | score=+0.5504
     6(difusco500      ): pulls=   5 | mean=+0.3559 | bonus=0.3861 | score=+0.5490
21:25:32 | t=267 | UPDATE | problem=TSP | head=TSP | uid=tsp:train:3294 | global_index=3294 | arm=0(bq)
    outcome: reward=0.3333 | selected_cost=5.5674 | best_cost=5.4390 | regret=0.1284
    result: record_global_index=3294 | name=None | score=5.5674
    arm_stats: problem_pulls=91 | problem_avg_reward=0.5980 | global_pulls=93 | global_avg_reward=0.5905
    state: rep_history=267/5000 | linear_history=267/10000 | head_mode=problem_specific | theta_norm=0.7313 | A_inv_diag_mean=0.893228 | A_inv_diag_min=0.764926 | A_inv_diag_max=0.971154
21:25:32 | epoch=1 | TRAIN[267] | TSP | select arm=0(bq) | reason=score
     0(bq              ): pulls=  91 | mean=+0.5953 | bonus=0.1392 | score=+0.6649 <--
     1(elg             ): pulls=   2 | mean=+0.4590 | bonus=0.3365 | score=+0.6272
     2(lehd            ): pulls=   4 | mean=+0.4321 | bonus=0.2533 | score=+0.5587
     3(t2t             ): pulls=   6 | mean=+0.4337 | bonus=0.3157 | score=+0.5916
     4(t2t500          ): pulls=  21 | mean=+0.5093 | bonus=0.2132 | score=+0.6159
     5(difusco         ): pulls=   3 | mean=+0.4382 | bonus=0.3195 | score=+0.5980
     6(difusco500      ): pulls=   5 | mean=+0.4323 | bonus=0.3005 | score=+0.5825
21:25:32 | t=268 | UPDATE | problem=TSP | head=TSP | uid=tsp:train:1968 | global_index=1968 | arm=0(bq)
    outcome: reward=0.8333 | selected_cost=6.4912 | best_cost=6.4290 | regret=0.0621
    result: record_global_index=1968 | name=None | score=6.4912
    arm_stats: problem_pulls=92 | problem_avg_reward=0.6005 | global_pulls=94 | global_avg_reward=0.5931
    state: rep_history=268/5000 | linear_history=268/10000 | head_mode=problem_specific | theta_norm=0.7347 | A_inv_diag_mean=0.893166 | A_inv_diag_min=0.764837 | A_inv_diag_max=0.971109
21:25:32 | epoch=1 | TRAIN[268] | CVRP | select arm=7(omni) | reason=score
     0(bq              ): pulls=   2 | mean=+0.4689 | bonus=0.4447 | score=+0.6913
     1(elg             ): pulls=   4 | mean=+0.6443 | bonus=0.3168 | score=+0.8027
     2(lehd            ): pulls=   2 | mean=+0.5451 | bonus=0.3829 | score=+0.7365
     7(omni            ): pulls= 124 | mean=+0.7655 | bonus=0.1680 | score=+0.8495 <--
     8(mvmoe           ): pulls=   3 | mean=+0.5113 | bonus=0.3606 | score=+0.6916
21:25:32 | t=269 | UPDATE | problem=CVRP | head=CVRP | uid=cvrp:train:5573 | global_index=5573 | arm=7(omni)
    outcome: reward=0.7500 | selected_cost=21.6228 | best_cost=21.5783 | regret=0.0446
    result: record_global_index=5573 | name=None | score=21.6228
    arm_stats: problem_pulls=125 | problem_avg_reward=0.7260 | global_pulls=125 | global_avg_reward=0.7260
    state: rep_history=269/5000 | linear_history=269/10000 | head_mode=problem_specific | theta_norm=0.7767 | A_inv_diag_mean=0.919898 | A_inv_diag_min=0.816578 | A_inv_diag_max=0.973810
21:25:32 | epoch=1 | TRAIN[269] | CVRP | select arm=7(omni) | reason=score
     0(bq              ): pulls=   2 | mean=+0.3635 | bonus=0.4522 | score=+0.5896
     1(elg             ): pulls=   4 | mean=+0.5513 | bonus=0.3222 | score=+0.7124
     2(lehd            ): pulls=   2 | mean=+0.4507 | bonus=0.3934 | score=+0.6474
     7(omni            ): pulls= 125 | mean=+0.6739 | bonus=0.1965 | score=+0.7721 <--
     8(mvmoe           ): pulls=   3 | mean=+0.4160 | bonus=0.3602 | score=+0.5960
21:25:32 | t=270 | UPDATE | problem=CVRP | head=CVRP | uid=cvrp:train:8886 | global_index=8886 | arm=7(omni)
    outcome: reward=0.7500 | selected_cost=10.3859 | best_cost=9.8913 | regret=0.4946
    result: record_global_index=8886 | name=None | score=10.3859
    arm_stats: problem_pulls=126 | problem_avg_reward=0.7262 | global_pulls=126 | global_avg_reward=0.7262
    state: rep_history=270/5000 | linear_history=270/10000 | head_mode=problem_specific | theta_norm=0.7764 | A_inv_diag_mean=0.919805 | A_inv_diag_min=0.816378 | A_inv_diag_max=0.973790
21:25:32 | epoch=1 | TRAIN[270] | CVRP | select arm=7(omni) | reason=score
     0(bq              ): pulls=   2 | mean=+0.4424 | bonus=0.4238 | score=+0.6543
     1(elg             ): pulls=   4 | mean=+0.6150 | bonus=0.2673 | score=+0.7487
     2(lehd            ): pulls=   2 | mean=+0.5167 | bonus=0.3302 | score=+0.6819
     7(omni            ): pulls= 126 | mean=+0.7311 | bonus=0.1286 | score=+0.7954 <--
     8(mvmoe           ): pulls=   3 | mean=+0.4813 | bonus=0.3079 | score=+0.6353
21:25:32 | t=271 | UPDATE | problem=CVRP | head=CVRP | uid=cvrp:train:7583 | global_index=7583 | arm=7(omni)
    outcome: reward=0.5000 | selected_cost=10.6164 | best_cost=9.7807 | regret=0.8357
    result: record_global_index=7583 | name=None | score=10.6164
    arm_stats: problem_pulls=127 | problem_avg_reward=0.7244 | global_pulls=127 | global_avg_reward=0.7244
    state: rep_history=271/5000 | linear_history=271/10000 | head_mode=problem_specific | theta_norm=0.7726 | A_inv_diag_mean=0.919754 | A_inv_diag_min=0.816372 | A_inv_diag_max=0.973777
21:25:32 | epoch=1 | TRAIN[271] | CVRP | select arm=7(omni) | reason=score
     0(bq              ): pulls=   2 | mean=+0.4719 | bonus=0.4542 | score=+0.6990
     1(elg             ): pulls=   4 | mean=+0.6502 | bonus=0.3466 | score=+0.8235
     2(lehd            ): pulls=   2 | mean=+0.5509 | bonus=0.4140 | score=+0.7579
     7(omni            ): pulls= 127 | mean=+0.7721 | bonus=0.1881 | score=+0.8662 <--
     8(mvmoe           ): pulls=   3 | mean=+0.5162 | bonus=0.3395 | score=+0.6859
21:25:32 | t=272 | UPDATE | problem=CVRP | head=CVRP | uid=cvrp:train:4094 | global_index=4094 | arm=7(omni)
    outcome: reward=0.7500 | selected_cost=20.4257 | best_cost=20.3731 | regret=0.0526
    result: record_global_index=4094 | name=None | score=20.4257
    arm_stats: problem_pulls=128 | problem_avg_reward=0.7246 | global_pulls=128 | global_avg_reward=0.7246
    state: rep_history=272/5000 | linear_history=272/10000 | head_mode=problem_specific | theta_norm=0.7730 | A_inv_diag_mean=0.919665 | A_inv_diag_min=0.816369 | A_inv_diag_max=0.973753
21:25:32 | epoch=1 | TRAIN[272] | CVRP | select arm=7(omni) | reason=score
     0(bq              ): pulls=   2 | mean=+0.4612 | bonus=0.4283 | score=+0.6754
     1(elg             ): pulls=   4 | mean=+0.6370 | bonus=0.2996 | score=+0.7868
     2(lehd            ): pulls=   2 | mean=+0.5382 | bonus=0.3606 | score=+0.7185
     7(omni            ): pulls= 128 | mean=+0.7566 | bonus=0.1319 | score=+0.8226 <--
     8(mvmoe           ): pulls=   3 | mean=+0.5033 | bonus=0.3162 | score=+0.6614
21:25:32 | t=273 | UPDATE | problem=CVRP | head=CVRP | uid=cvrp:train:1647 | global_index=1647 | arm=7(omni)
    outcome: reward=1.0000 | selected_cost=21.9818 | best_cost=21.9818 | regret=0.0000
    result: record_global_index=1647 | name=None | score=21.9818
    arm_stats: problem_pulls=129 | problem_avg_reward=0.7267 | global_pulls=129 | global_avg_reward=0.7267
    state: rep_history=273/5000 | linear_history=273/10000 | head_mode=problem_specific | theta_norm=0.7730 | A_inv_diag_mean=0.919647 | A_inv_diag_min=0.816358 | A_inv_diag_max=0.973742
21:25:32 | epoch=1 | TRAIN[273] | TSP | select arm=0(bq) | reason=score
     0(bq              ): pulls=  92 | mean=+0.6314 | bonus=0.1258 | score=+0.6943 <--
     1(elg             ): pulls=   2 | mean=+0.4951 | bonus=0.3294 | score=+0.6598
     2(lehd            ): pulls=   4 | mean=+0.4650 | bonus=0.2492 | score=+0.5897
     3(t2t             ): pulls=   6 | mean=+0.4669 | bonus=0.3074 | score=+0.6206
     4(t2t500          ): pulls=  21 | mean=+0.5423 | bonus=0.2053 | score=+0.6449
     5(difusco         ): pulls=   3 | mean=+0.4740 | bonus=0.3147 | score=+0.6314
     6(difusco500      ): pulls=   5 | mean=+0.4652 | bonus=0.2876 | score=+0.6090
21:25:32 | t=274 | UPDATE | problem=TSP | head=TSP | uid=tsp:train:5392 | global_index=5392 | arm=0(bq)
    outcome: reward=0.5000 | selected_cost=9.3573 | best_cost=9.2838 | regret=0.0736
    result: record_global_index=5392 | name=None | score=9.3573
    arm_stats: problem_pulls=93 | problem_avg_reward=0.5995 | global_pulls=95 | global_avg_reward=0.5921
    state: rep_history=274/5000 | linear_history=274/10000 | head_mode=problem_specific | theta_norm=0.7325 | A_inv_diag_mean=0.893118 | A_inv_diag_min=0.764675 | A_inv_diag_max=0.971097
21:25:32 | epoch=1 | TRAIN[274] | CVRP | select arm=7(omni) | reason=score
     0(bq              ): pulls=   2 | mean=+0.4504 | bonus=0.4218 | score=+0.6613
     1(elg             ): pulls=   4 | mean=+0.6243 | bonus=0.2896 | score=+0.7691
     2(lehd            ): pulls=   2 | mean=+0.5255 | bonus=0.3552 | score=+0.7031
     7(omni            ): pulls= 129 | mean=+0.7411 | bonus=0.1242 | score=+0.8032 <--
     8(mvmoe           ): pulls=   3 | mean=+0.4911 | bonus=0.3180 | score=+0.6501
21:25:32 | t=275 | UPDATE | problem=CVRP | head=CVRP | uid=cvrp:train:3228 | global_index=3228 | arm=7(omni)
    outcome: reward=0.7500 | selected_cost=22.3952 | best_cost=22.2763 | regret=0.1190
    result: record_global_index=3228 | name=None | score=22.3952
    arm_stats: problem_pulls=130 | problem_avg_reward=0.7269 | global_pulls=130 | global_avg_reward=0.7269
    state: rep_history=275/5000 | linear_history=275/10000 | head_mode=problem_specific | theta_norm=0.7729 | A_inv_diag_mean=0.919612 | A_inv_diag_min=0.816353 | A_inv_diag_max=0.973740
21:25:32 | epoch=1 | TRAIN[275] | CVRP | select arm=7(omni) | reason=score
     0(bq              ): pulls=   2 | mean=+0.4491 | bonus=0.4208 | score=+0.6595
     1(elg             ): pulls=   4 | mean=+0.6239 | bonus=0.2821 | score=+0.7650
     2(lehd            ): pulls=   2 | mean=+0.5255 | bonus=0.3529 | score=+0.7019
     7(omni            ): pulls= 130 | mean=+0.7413 | bonus=0.1175 | score=+0.8001 <--
     8(mvmoe           ): pulls=   3 | mean=+0.4896 | bonus=0.3054 | score=+0.6422
21:25:32 | t=276 | UPDATE | problem=CVRP | head=CVRP | uid=cvrp:train:3042 | global_index=3042 | arm=7(omni)
    outcome: reward=0.7500 | selected_cost=36.7855 | best_cost=35.9880 | regret=0.7975
    result: record_global_index=3042 | name=None | score=36.7855
    arm_stats: problem_pulls=131 | problem_avg_reward=0.7271 | global_pulls=131 | global_avg_reward=0.7271
    state: rep_history=276/5000 | linear_history=276/10000 | head_mode=problem_specific | theta_norm=0.7729 | A_inv_diag_mean=0.919589 | A_inv_diag_min=0.816287 | A_inv_diag_max=0.973725
21:25:32 | epoch=1 | TRAIN[276] | TSP | select arm=0(bq) | reason=score
     0(bq              ): pulls=  93 | mean=+0.5892 | bonus=0.2462 | score=+0.7123 <--
     1(elg             ): pulls=   2 | mean=+0.4664 | bonus=0.4017 | score=+0.6672
     2(lehd            ): pulls=   4 | mean=+0.4185 | bonus=0.3481 | score=+0.5925
     3(t2t             ): pulls=   6 | mean=+0.4126 | bonus=0.3829 | score=+0.6041
     4(t2t500          ): pulls=  21 | mean=+0.4795 | bonus=0.2927 | score=+0.6258
     5(difusco         ): pulls=   3 | mean=+0.4266 | bonus=0.3884 | score=+0.6208
     6(difusco500      ): pulls=   5 | mean=+0.4118 | bonus=0.3770 | score=+0.6003
21:25:32 | t=277 | UPDATE | problem=TSP | head=TSP | uid=tsp:train:4334 | global_index=4334 | arm=0(bq)
    outcome: reward=0.8333 | selected_cost=6.1953 | best_cost=6.1887 | regret=0.0066
    result: record_global_index=4334 | name=None | score=6.1953
    arm_stats: problem_pulls=94 | problem_avg_reward=0.6020 | global_pulls=96 | global_avg_reward=0.5946
    state: rep_history=277/5000 | linear_history=277/10000 | head_mode=problem_specific | theta_norm=0.7361 | A_inv_diag_mean=0.892954 | A_inv_diag_min=0.764335 | A_inv_diag_max=0.971095
21:25:32 | epoch=1 | TRAIN[277] | CVRP | select arm=7(omni) | reason=score
     0(bq              ): pulls=   2 | mean=+0.1204 | bonus=0.5909 | score=+0.4158
     1(elg             ): pulls=   4 | mean=+0.3654 | bonus=0.4820 | score=+0.6065
     2(lehd            ): pulls=   2 | mean=+0.2491 | bonus=0.5601 | score=+0.5292
     7(omni            ): pulls= 131 | mean=+0.4906 | bonus=0.4281 | score=+0.7046 <--
     8(mvmoe           ): pulls=   3 | mean=+0.1998 | bonus=0.5542 | score=+0.4769
21:25:32 | t=278 | UPDATE | problem=CVRP | head=CVRP | uid=cvrp:train:6860 | global_index=6860 | arm=7(omni)
    outcome: reward=1.0000 | selected_cost=8.2443 | best_cost=8.2443 | regret=0.0000
    result: record_global_index=6860 | name=None | score=8.2443
    arm_stats: problem_pulls=132 | problem_avg_reward=0.7292 | global_pulls=132 | global_avg_reward=0.7292
    state: rep_history=278/5000 | linear_history=278/10000 | head_mode=problem_specific | theta_norm=0.8066 | A_inv_diag_mean=0.918427 | A_inv_diag_min=0.816126 | A_inv_diag_max=0.973588
21:25:32 | epoch=1 | TRAIN[278] | CVRP | select arm=7(omni) | reason=score
     0(bq              ): pulls=   2 | mean=+0.4344 | bonus=0.4206 | score=+0.6447
     1(elg             ): pulls=   4 | mean=+0.6184 | bonus=0.2779 | score=+0.7573
     2(lehd            ): pulls=   2 | mean=+0.5254 | bonus=0.3230 | score=+0.6869
     7(omni            ): pulls= 132 | mean=+0.7374 | bonus=0.1124 | score=+0.7936 <--
     8(mvmoe           ): pulls=   3 | mean=+0.4874 | bonus=0.2980 | score=+0.6364
21:25:32 | t=279 | UPDATE | problem=CVRP | head=CVRP | uid=cvrp:train:1010 | global_index=1010 | arm=7(omni)
    outcome: reward=1.0000 | selected_cost=25.0695 | best_cost=25.0695 | regret=0.0000
    result: record_global_index=1010 | name=None | score=25.0695
    arm_stats: problem_pulls=133 | problem_avg_reward=0.7312 | global_pulls=133 | global_avg_reward=0.7312
    state: rep_history=279/5000 | linear_history=279/10000 | head_mode=problem_specific | theta_norm=0.8153 | A_inv_diag_mean=0.918362 | A_inv_diag_min=0.816125 | A_inv_diag_max=0.973560
21:25:32 | epoch=1 | TRAIN[279] | TSP | select arm=0(bq) | reason=score
     0(bq              ): pulls=  94 | mean=+0.5631 | bonus=0.1438 | score=+0.6350 <--
     1(elg             ): pulls=   2 | mean=+0.4320 | bonus=0.3324 | score=+0.5982
     2(lehd            ): pulls=   4 | mean=+0.3992 | bonus=0.2620 | score=+0.5302
     3(t2t             ): pulls=   6 | mean=+0.3943 | bonus=0.3179 | score=+0.5532
     4(t2t500          ): pulls=  21 | mean=+0.4689 | bonus=0.2194 | score=+0.5786
     5(difusco         ): pulls=   3 | mean=+0.4040 | bonus=0.3362 | score=+0.5721
     6(difusco500      ): pulls=   5 | mean=+0.3963 | bonus=0.3084 | score=+0.5505
21:25:32 | t=280 | UPDATE | problem=TSP | head=TSP | uid=tsp:train:9397 | global_index=9397 | arm=0(bq)
    outcome: reward=0.0000 | selected_cost=6.5477 | best_cost=6.1889 | regret=0.3588
    result: record_global_index=9397 | name=None | score=6.5477
    arm_stats: problem_pulls=95 | problem_avg_reward=0.5956 | global_pulls=97 | global_avg_reward=0.5885
    state: rep_history=280/5000 | linear_history=280/10000 | head_mode=problem_specific | theta_norm=0.7214 | A_inv_diag_mean=0.892894 | A_inv_diag_min=0.764245 | A_inv_diag_max=0.971059
21:25:32 | epoch=1 | TRAIN[280] | CVRP | select arm=7(omni) | reason=score
     0(bq              ): pulls=   2 | mean=+0.3791 | bonus=0.4320 | score=+0.5951
     1(elg             ): pulls=   4 | mean=+0.5796 | bonus=0.3030 | score=+0.7311
     2(lehd            ): pulls=   2 | mean=+0.4855 | bonus=0.3470 | score=+0.6590
     7(omni            ): pulls= 133 | mean=+0.7101 | bonus=0.1607 | score=+0.7905 <--
     8(mvmoe           ): pulls=   3 | mean=+0.4435 | bonus=0.3184 | score=+0.6027
21:25:32 | t=281 | UPDATE | problem=CVRP | head=CVRP | uid=cvrp:train:5926 | global_index=5926 | arm=7(omni)
    outcome: reward=1.0000 | selected_cost=20.6203 | best_cost=20.6203 | regret=0.0000
    result: record_global_index=5926 | name=None | score=20.6203
    arm_stats: problem_pulls=134 | problem_avg_reward=0.7332 | global_pulls=134 | global_avg_reward=0.7332
    state: rep_history=281/5000 | linear_history=281/10000 | head_mode=problem_specific | theta_norm=0.8235 | A_inv_diag_mean=0.918261 | A_inv_diag_min=0.816118 | A_inv_diag_max=0.973489
21:25:32 | epoch=1 | TRAIN[281] | TSP | select arm=0(bq) | reason=score
     0(bq              ): pulls=  95 | mean=+0.7259 | bonus=0.1999 | score=+0.8258 <--
     1(elg             ): pulls=   2 | mean=+0.5992 | bonus=0.3844 | score=+0.7914
     2(lehd            ): pulls=   4 | mean=+0.5665 | bonus=0.3121 | score=+0.7226
     3(t2t             ): pulls=   6 | mean=+0.5663 | bonus=0.3640 | score=+0.7483
     4(t2t500          ): pulls=  21 | mean=+0.6475 | bonus=0.2684 | score=+0.7817
     5(difusco         ): pulls=   3 | mean=+0.5753 | bonus=0.3298 | score=+0.7402
     6(difusco500      ): pulls=   5 | mean=+0.5741 | bonus=0.3548 | score=+0.7515
21:25:32 | t=282 | UPDATE | problem=TSP | head=TSP | uid=tsp:train:2920 | global_index=2920 | arm=0(bq)
    outcome: reward=0.3333 | selected_cost=11.7028 | best_cost=11.5339 | regret=0.1689
    result: record_global_index=2920 | name=None | score=11.7028
    arm_stats: problem_pulls=96 | problem_avg_reward=0.5929 | global_pulls=98 | global_avg_reward=0.5859
    state: rep_history=282/5000 | linear_history=282/10000 | head_mode=problem_specific | theta_norm=0.7315 | A_inv_diag_mean=0.892816 | A_inv_diag_min=0.764146 | A_inv_diag_max=0.970897
21:25:32 | epoch=1 | TRAIN[282] | TSP | select arm=0(bq) | reason=score
     0(bq              ): pulls=  96 | mean=+0.6461 | bonus=0.1584 | score=+0.7253 <--
     1(elg             ): pulls=   2 | mean=+0.5167 | bonus=0.3427 | score=+0.6881
     2(lehd            ): pulls=   4 | mean=+0.4895 | bonus=0.2784 | score=+0.6286
     3(t2t             ): pulls=   6 | mean=+0.4903 | bonus=0.3353 | score=+0.6579
     4(t2t500          ): pulls=  21 | mean=+0.5700 | bonus=0.2346 | score=+0.6873
     5(difusco         ): pulls=   3 | mean=+0.4964 | bonus=0.3067 | score=+0.6498
     6(difusco500      ): pulls=   5 | mean=+0.4942 | bonus=0.3091 | score=+0.6488
21:25:32 | t=283 | UPDATE | problem=TSP | head=TSP | uid=tsp:train:5197 | global_index=5197 | arm=0(bq)
    outcome: reward=0.1667 | selected_cost=7.9321 | best_cost=7.2533 | regret=0.6788
    result: record_global_index=5197 | name=None | score=7.9321
    arm_stats: problem_pulls=97 | problem_avg_reward=0.5885 | global_pulls=99 | global_avg_reward=0.5816
    state: rep_history=283/5000 | linear_history=283/10000 | head_mode=problem_specific | theta_norm=0.7267 | A_inv_diag_mean=0.892751 | A_inv_diag_min=0.764143 | A_inv_diag_max=0.970816
21:25:32 | epoch=1 | TRAIN[283] | TSP | select arm=0(bq) | reason=score
     0(bq              ): pulls=  97 | mean=+0.5982 | bonus=0.1338 | score=+0.6651 <--
     1(elg             ): pulls=   2 | mean=+0.4702 | bonus=0.3312 | score=+0.6359
     2(lehd            ): pulls=   4 | mean=+0.4466 | bonus=0.2528 | score=+0.5730
     3(t2t             ): pulls=   6 | mean=+0.4462 | bonus=0.3139 | score=+0.6032
     4(t2t500          ): pulls=  21 | mean=+0.5223 | bonus=0.2132 | score=+0.6289
     5(difusco         ): pulls=   3 | mean=+0.4499 | bonus=0.3180 | score=+0.6089
     6(difusco500      ): pulls=   5 | mean=+0.4467 | bonus=0.2987 | score=+0.5960
21:25:32 | t=284 | UPDATE | problem=TSP | head=TSP | uid=tsp:train:690 | global_index=690 | arm=0(bq)
    outcome: reward=0.0000 | selected_cost=7.9303 | best_cost=7.4574 | regret=0.4729
    result: record_global_index=690 | name=None | score=7.9303
    arm_stats: problem_pulls=98 | problem_avg_reward=0.5825 | global_pulls=100 | global_avg_reward=0.5758
    state: rep_history=284/5000 | linear_history=284/10000 | head_mode=problem_specific | theta_norm=0.7187 | A_inv_diag_mean=0.892708 | A_inv_diag_min=0.763728 | A_inv_diag_max=0.970816
21:25:32 | epoch=1 | TRAIN[284] | TSP | select arm=0(bq) | reason=score
     0(bq              ): pulls=  98 | mean=+0.4694 | bonus=0.1907 | score=+0.5647 <--
     1(elg             ): pulls=   2 | mean=+0.3840 | bonus=0.3598 | score=+0.5639
     2(lehd            ): pulls=   4 | mean=+0.3441 | bonus=0.2964 | score=+0.4923
     3(t2t             ): pulls=   6 | mean=+0.3029 | bonus=0.3720 | score=+0.4889
     4(t2t500          ): pulls=  21 | mean=+0.4117 | bonus=0.2589 | score=+0.5412
     5(difusco         ): pulls=   3 | mean=+0.3380 | bonus=0.3595 | score=+0.5177
     6(difusco500      ): pulls=   5 | mean=+0.3496 | bonus=0.3376 | score=+0.5184
21:25:32 | t=285 | UPDATE | problem=TSP | head=TSP | uid=tsp:train:6029 | global_index=6029 | arm=0(bq)
    outcome: reward=0.1667 | selected_cost=5.1546 | best_cost=5.0748 | regret=0.0798
    result: record_global_index=6029 | name=None | score=5.1546
    arm_stats: problem_pulls=99 | problem_avg_reward=0.5783 | global_pulls=101 | global_avg_reward=0.5718
    state: rep_history=285/5000 | linear_history=285/10000 | head_mode=problem_specific | theta_norm=0.7157 | A_inv_diag_mean=0.892550 | A_inv_diag_min=0.763697 | A_inv_diag_max=0.970693
21:25:32 | epoch=1 | TRAIN[285] | TSP | select arm=0(bq) | reason=score
     0(bq              ): pulls=  99 | mean=+0.5748 | bonus=0.2196 | score=+0.6846 <--
     1(elg             ): pulls=   2 | mean=+0.4635 | bonus=0.3980 | score=+0.6625
     2(lehd            ): pulls=   4 | mean=+0.4280 | bonus=0.3275 | score=+0.5917
     3(t2t             ): pulls=   6 | mean=+0.4168 | bonus=0.3601 | score=+0.5968
     4(t2t500          ): pulls=  21 | mean=+0.4849 | bonus=0.2630 | score=+0.6164
     5(difusco         ): pulls=   3 | mean=+0.4254 | bonus=0.3727 | score=+0.6118
     6(difusco500      ): pulls=   5 | mean=+0.4179 | bonus=0.3671 | score=+0.6014
21:25:32 | t=286 | UPDATE | problem=TSP | head=TSP | uid=tsp:train:3625 | global_index=3625 | arm=0(bq)
    outcome: reward=1.0000 | selected_cost=6.7259 | best_cost=6.7259 | regret=0.0000
    result: record_global_index=3625 | name=None | score=6.7259
    arm_stats: problem_pulls=100 | problem_avg_reward=0.5825 | global_pulls=102 | global_avg_reward=0.5760
    state: rep_history=286/5000 | linear_history=286/10000 | head_mode=problem_specific | theta_norm=0.7194 | A_inv_diag_mean=0.892358 | A_inv_diag_min=0.763307 | A_inv_diag_max=0.970684
21:25:32 | epoch=1 | TRAIN[286] | CVRP | select arm=7(omni) | reason=score
     0(bq              ): pulls=   2 | mean=+0.4463 | bonus=0.4603 | score=+0.6765
     1(elg             ): pulls=   4 | mean=+0.6328 | bonus=0.3518 | score=+0.8087
     2(lehd            ): pulls=   2 | mean=+0.5356 | bonus=0.4051 | score=+0.7381
     7(omni            ): pulls= 134 | mean=+0.7593 | bonus=0.2038 | score=+0.8612 <--
     8(mvmoe           ): pulls=   3 | mean=+0.5021 | bonus=0.3722 | score=+0.6882
21:25:32 | t=287 | UPDATE | problem=CVRP | head=CVRP | uid=cvrp:train:6075 | global_index=6075 | arm=7(omni)
    outcome: reward=0.5000 | selected_cost=16.2162 | best_cost=15.1514 | regret=1.0648
    result: record_global_index=6075 | name=None | score=16.2162
    arm_stats: problem_pulls=135 | problem_avg_reward=0.7315 | global_pulls=135 | global_avg_reward=0.7315
    state: rep_history=287/5000 | linear_history=287/10000 | head_mode=problem_specific | theta_norm=0.8232 | A_inv_diag_mean=0.918132 | A_inv_diag_min=0.816045 | A_inv_diag_max=0.973483
21:25:32 | epoch=1 | TRAIN[287] | TSP | select arm=0(bq) | reason=score
     0(bq              ): pulls= 100 | mean=+0.5054 | bonus=0.2472 | score=+0.6290 <--
     1(elg             ): pulls=   2 | mean=+0.4258 | bonus=0.3731 | score=+0.6124
     2(lehd            ): pulls=   4 | mean=+0.3681 | bonus=0.3380 | score=+0.5371
     3(t2t             ): pulls=   6 | mean=+0.3155 | bonus=0.4101 | score=+0.5206
     4(t2t500          ): pulls=  21 | mean=+0.4296 | bonus=0.2997 | score=+0.5795
     5(difusco         ): pulls=   3 | mean=+0.3692 | bonus=0.3734 | score=+0.5559
     6(difusco500      ): pulls=   5 | mean=+0.3678 | bonus=0.3743 | score=+0.5550
21:25:32 | t=288 | UPDATE | problem=TSP | head=TSP | uid=tsp:train:9663 | global_index=9663 | arm=0(bq)
    outcome: reward=0.0000 | selected_cost=4.2034 | best_cost=4.1010 | regret=0.1025
    result: record_global_index=9663 | name=None | score=4.2034
    arm_stats: problem_pulls=101 | problem_avg_reward=0.5767 | global_pulls=103 | global_avg_reward=0.5704
    state: rep_history=288/5000 | linear_history=288/10000 | head_mode=problem_specific | theta_norm=0.7047 | A_inv_diag_mean=0.892161 | A_inv_diag_min=0.763071 | A_inv_diag_max=0.970683
21:25:32 | epoch=1 | TRAIN[288] | CVRP | select arm=7(omni) | reason=score
     0(bq              ): pulls=   2 | mean=+0.3180 | bonus=0.4327 | score=+0.5344
     1(elg             ): pulls=   4 | mean=+0.5240 | bonus=0.3023 | score=+0.6751
     2(lehd            ): pulls=   2 | mean=+0.4256 | bonus=0.3822 | score=+0.6167
     7(omni            ): pulls= 135 | mean=+0.6592 | bonus=0.1798 | score=+0.7491 <--
     8(mvmoe           ): pulls=   3 | mean=+0.3879 | bonus=0.3475 | score=+0.5616
21:25:32 | t=289 | UPDATE | problem=CVRP | head=CVRP | uid=cvrp:train:7949 | global_index=7949 | arm=7(omni)
    outcome: reward=0.2500 | selected_cost=8.9242 | best_cost=8.6183 | regret=0.3059
    result: record_global_index=7949 | name=None | score=8.9242
    arm_stats: problem_pulls=136 | problem_avg_reward=0.7279 | global_pulls=136 | global_avg_reward=0.7279
    state: rep_history=289/5000 | linear_history=289/10000 | head_mode=problem_specific | theta_norm=0.8264 | A_inv_diag_mean=0.918068 | A_inv_diag_min=0.816037 | A_inv_diag_max=0.973459
21:25:32 | epoch=1 | TRAIN[289] | TSP | select arm=0(bq) | reason=score
     0(bq              ): pulls= 101 | mean=+0.6362 | bonus=0.1618 | score=+0.7171 <--
     1(elg             ): pulls=   2 | mean=+0.5212 | bonus=0.3496 | score=+0.6960
     2(lehd            ): pulls=   4 | mean=+0.4944 | bonus=0.2845 | score=+0.6367
     3(t2t             ): pulls=   6 | mean=+0.4887 | bonus=0.3375 | score=+0.6574
     4(t2t500          ): pulls=  21 | mean=+0.5713 | bonus=0.2436 | score=+0.6930
     5(difusco         ): pulls=   3 | mean=+0.4965 | bonus=0.3079 | score=+0.6505
     6(difusco500      ): pulls=   5 | mean=+0.5003 | bonus=0.3264 | score=+0.6635
21:25:32 | t=290 | UPDATE | problem=TSP | head=TSP | uid=tsp:train:6646 | global_index=6646 | arm=0(bq)
    outcome: reward=1.0000 | selected_cost=12.3148 | best_cost=12.3148 | regret=0.0000
    result: record_global_index=6646 | name=None | score=12.3148
    arm_stats: problem_pulls=102 | problem_avg_reward=0.5809 | global_pulls=104 | global_avg_reward=0.5745
    state: rep_history=290/5000 | linear_history=290/10000 | head_mode=problem_specific | theta_norm=0.7047 | A_inv_diag_mean=0.892111 | A_inv_diag_min=0.762994 | A_inv_diag_max=0.970660
21:25:32 | epoch=1 | TRAIN[290] | TSP | select arm=0(bq) | reason=score
     0(bq              ): pulls= 102 | mean=+0.5091 | bonus=0.1560 | score=+0.5871 <--
     1(elg             ): pulls=   2 | mean=+0.4050 | bonus=0.3397 | score=+0.5748
     2(lehd            ): pulls=   4 | mean=+0.3713 | bonus=0.2640 | score=+0.5033
     3(t2t             ): pulls=   6 | mean=+0.3500 | bonus=0.3346 | score=+0.5173
     4(t2t500          ): pulls=  21 | mean=+0.4341 | bonus=0.2311 | score=+0.5497
     5(difusco         ): pulls=   3 | mean=+0.3662 | bonus=0.3327 | score=+0.5325
     6(difusco500      ): pulls=   5 | mean=+0.3705 | bonus=0.3282 | score=+0.5346
21:25:32 | t=291 | UPDATE | problem=TSP | head=TSP | uid=tsp:train:7088 | global_index=7088 | arm=0(bq)
    outcome: reward=0.6667 | selected_cost=5.9897 | best_cost=5.9831 | regret=0.0066
    result: record_global_index=7088 | name=None | score=5.9897
    arm_stats: problem_pulls=103 | problem_avg_reward=0.5817 | global_pulls=105 | global_avg_reward=0.5754
    state: rep_history=291/5000 | linear_history=291/10000 | head_mode=problem_specific | theta_norm=0.7073 | A_inv_diag_mean=0.892045 | A_inv_diag_min=0.762969 | A_inv_diag_max=0.970644
21:25:32 | epoch=1 | TRAIN[291] | CVRP | select arm=7(omni) | reason=score
     0(bq              ): pulls=   2 | mean=+0.4514 | bonus=0.4190 | score=+0.6609
     1(elg             ): pulls=   4 | mean=+0.6346 | bonus=0.2781 | score=+0.7737
     2(lehd            ): pulls=   2 | mean=+0.5363 | bonus=0.3244 | score=+0.6985
     7(omni            ): pulls= 136 | mean=+0.7562 | bonus=0.1347 | score=+0.8236 <--
     8(mvmoe           ): pulls=   3 | mean=+0.4993 | bonus=0.2928 | score=+0.6457
21:25:32 | t=292 | UPDATE | problem=CVRP | head=CVRP | uid=cvrp:train:1183 | global_index=1183 | arm=7(omni)
    outcome: reward=1.0000 | selected_cost=23.6490 | best_cost=23.6490 | regret=0.0000
    result: record_global_index=1183 | name=None | score=23.6490
    arm_stats: problem_pulls=137 | problem_avg_reward=0.7299 | global_pulls=137 | global_avg_reward=0.7299
    state: rep_history=292/5000 | linear_history=292/10000 | head_mode=problem_specific | theta_norm=0.8356 | A_inv_diag_mean=0.917986 | A_inv_diag_min=0.815975 | A_inv_diag_max=0.973380
21:25:32 | epoch=1 | TRAIN[292] | CVRP | select arm=7(omni) | reason=score
     0(bq              ): pulls=   2 | mean=+0.4528 | bonus=0.4302 | score=+0.6679
     1(elg             ): pulls=   4 | mean=+0.6379 | bonus=0.2908 | score=+0.7833
     2(lehd            ): pulls=   2 | mean=+0.5376 | bonus=0.3494 | score=+0.7123
     7(omni            ): pulls= 137 | mean=+0.7633 | bonus=0.1226 | score=+0.8246 <--
     8(mvmoe           ): pulls=   3 | mean=+0.5016 | bonus=0.3100 | score=+0.6566
21:25:32 | t=293 | UPDATE | problem=CVRP | head=CVRP | uid=cvrp:train:5535 | global_index=5535 | arm=7(omni)
    outcome: reward=0.7500 | selected_cost=95.5665 | best_cost=95.2121 | regret=0.3544
    result: record_global_index=5535 | name=None | score=95.5665
    arm_stats: problem_pulls=138 | problem_avg_reward=0.7301 | global_pulls=138 | global_avg_reward=0.7301
    state: rep_history=293/5000 | linear_history=293/10000 | head_mode=problem_specific | theta_norm=0.8355 | A_inv_diag_mean=0.917949 | A_inv_diag_min=0.815937 | A_inv_diag_max=0.973241
21:25:32 | epoch=1 | TRAIN[293] | CVRP | select arm=7(omni) | reason=epsilon_random
     0(bq              ): pulls=   2 | mean=+0.4557 | bonus=0.4191 | score=+0.6652
     1(elg             ): pulls=   4 | mean=+0.6426 | bonus=0.3024 | score=+0.7938
     2(lehd            ): pulls=   2 | mean=+0.5422 | bonus=0.3613 | score=+0.7228
     7(omni            ): pulls= 138 | mean=+0.7700 | bonus=0.1602 | score=+0.8501 <--
     8(mvmoe           ): pulls=   3 | mean=+0.5059 | bonus=0.3060 | score=+0.6589
21:25:32 | t=294 | UPDATE | problem=CVRP | head=CVRP | uid=cvrp:train:5344 | global_index=5344 | arm=7(omni)
    outcome: reward=0.5000 | selected_cost=13.6127 | best_cost=12.7648 | regret=0.8480
    result: record_global_index=5344 | name=None | score=13.6127
    arm_stats: problem_pulls=139 | problem_avg_reward=0.7284 | global_pulls=139 | global_avg_reward=0.7284
    state: rep_history=294/5000 | linear_history=294/10000 | head_mode=problem_specific | theta_norm=0.8324 | A_inv_diag_mean=0.917855 | A_inv_diag_min=0.815875 | A_inv_diag_max=0.972759
21:25:32 | epoch=1 | TRAIN[294] | CVRP | select arm=7(omni) | reason=score
     0(bq              ): pulls=   2 | mean=+0.4673 | bonus=0.4422 | score=+0.6884
     1(elg             ): pulls=   4 | mean=+0.6536 | bonus=0.3234 | score=+0.8153
     2(lehd            ): pulls=   2 | mean=+0.5534 | bonus=0.3798 | score=+0.7433
     7(omni            ): pulls= 139 | mean=+0.7826 | bonus=0.1712 | score=+0.8682 <--
     8(mvmoe           ): pulls=   3 | mean=+0.5196 | bonus=0.3516 | score=+0.6953
21:25:32 | t=295 | UPDATE | problem=CVRP | head=CVRP | uid=cvrp:train:1126 | global_index=1126 | arm=7(omni)
    outcome: reward=1.0000 | selected_cost=25.5271 | best_cost=25.5271 | regret=0.0000
    result: record_global_index=1126 | name=None | score=25.5271
    arm_stats: problem_pulls=140 | problem_avg_reward=0.7304 | global_pulls=140 | global_avg_reward=0.7304
    state: rep_history=295/5000 | linear_history=295/10000 | head_mode=problem_specific | theta_norm=0.8300 | A_inv_diag_mean=0.917791 | A_inv_diag_min=0.815771 | A_inv_diag_max=0.972688
21:25:32 | epoch=1 | TRAIN[295] | CVRP | select arm=7(omni) | reason=score
     0(bq              ): pulls=   2 | mean=+0.2830 | bonus=0.4254 | score=+0.4957
     1(elg             ): pulls=   4 | mean=+0.4907 | bonus=0.3075 | score=+0.6444
     2(lehd            ): pulls=   2 | mean=+0.3868 | bonus=0.3865 | score=+0.5800
     7(omni            ): pulls= 140 | mean=+0.6254 | bonus=0.1838 | score=+0.7173 <--
     8(mvmoe           ): pulls=   3 | mean=+0.3523 | bonus=0.3297 | score=+0.5172
21:25:32 | t=296 | UPDATE | problem=CVRP | head=CVRP | uid=cvrp:train:6289 | global_index=6289 | arm=7(omni)
    outcome: reward=0.2500 | selected_cost=9.3840 | best_cost=8.8451 | regret=0.5389
    result: record_global_index=6289 | name=None | score=9.3840
    arm_stats: problem_pulls=141 | problem_avg_reward=0.7270 | global_pulls=141 | global_avg_reward=0.7270
    state: rep_history=296/5000 | linear_history=296/10000 | head_mode=problem_specific | theta_norm=0.8314 | A_inv_diag_mean=0.917707 | A_inv_diag_min=0.815766 | A_inv_diag_max=0.972521
21:25:32 | epoch=1 | TRAIN[296] | TSP | select arm=0(bq) | reason=score
     0(bq              ): pulls= 103 | mean=+0.6013 | bonus=0.1254 | score=+0.6640 <--
     1(elg             ): pulls=   2 | mean=+0.4813 | bonus=0.3363 | score=+0.6495
     2(lehd            ): pulls=   4 | mean=+0.4530 | bonus=0.2543 | score=+0.5802
     3(t2t             ): pulls=   6 | mean=+0.4461 | bonus=0.3054 | score=+0.5988
     4(t2t500          ): pulls=  21 | mean=+0.5211 | bonus=0.2034 | score=+0.6228
     5(difusco         ): pulls=   3 | mean=+0.4507 | bonus=0.3215 | score=+0.6115
     6(difusco500      ): pulls=   5 | mean=+0.4495 | bonus=0.2997 | score=+0.5993
21:25:32 | t=297 | UPDATE | problem=TSP | head=TSP | uid=tsp:train:7069 | global_index=7069 | arm=0(bq)
    outcome: reward=1.0000 | selected_cost=8.7766 | best_cost=8.7766 | regret=0.0000
    result: record_global_index=7069 | name=None | score=8.7766
    arm_stats: problem_pulls=104 | problem_avg_reward=0.5857 | global_pulls=106 | global_avg_reward=0.5794
    state: rep_history=297/5000 | linear_history=297/10000 | head_mode=problem_specific | theta_norm=0.7161 | A_inv_diag_mean=0.891989 | A_inv_diag_min=0.762944 | A_inv_diag_max=0.970477
21:25:32 | epoch=1 | TRAIN[297] | CVRP | select arm=7(omni) | reason=score
     0(bq              ): pulls=   2 | mean=+0.0840 | bonus=0.6264 | score=+0.3972
     1(elg             ): pulls=   4 | mean=+0.2953 | bonus=0.5129 | score=+0.5517
     2(lehd            ): pulls=   2 | mean=+0.1807 | bonus=0.5743 | score=+0.4678
     7(omni            ): pulls= 141 | mean=+0.4271 | bonus=0.4321 | score=+0.6432 <--
     8(mvmoe           ): pulls=   3 | mean=+0.1592 | bonus=0.5342 | score=+0.4264
21:25:32 | t=298 | UPDATE | problem=CVRP | head=CVRP | uid=cvrp:train:6964 | global_index=6964 | arm=7(omni)
    outcome: reward=0.7500 | selected_cost=5.4833 | best_cost=5.4062 | regret=0.0771
    result: record_global_index=6964 | name=None | score=5.4833
    arm_stats: problem_pulls=142 | problem_avg_reward=0.7271 | global_pulls=142 | global_avg_reward=0.7271
    state: rep_history=298/5000 | linear_history=298/10000 | head_mode=problem_specific | theta_norm=0.8283 | A_inv_diag_mean=0.917227 | A_inv_diag_min=0.815727 | A_inv_diag_max=0.972279
21:25:32 | epoch=1 | TRAIN[298] | CVRP | select arm=7(omni) | reason=score
     0(bq              ): pulls=   2 | mean=+0.3427 | bonus=0.4287 | score=+0.5571
     1(elg             ): pulls=   4 | mean=+0.5447 | bonus=0.3116 | score=+0.7005
     2(lehd            ): pulls=   2 | mean=+0.4448 | bonus=0.3794 | score=+0.6345
     7(omni            ): pulls= 142 | mean=+0.6784 | bonus=0.1781 | score=+0.7675 <--
     8(mvmoe           ): pulls=   3 | mean=+0.4047 | bonus=0.3143 | score=+0.5618
21:25:32 | t=299 | UPDATE | problem=CVRP | head=CVRP | uid=cvrp:train:8028 | global_index=8028 | arm=7(omni)
    outcome: reward=0.0000 | selected_cost=9.3850 | best_cost=8.6727 | regret=0.7123
    result: record_global_index=8028 | name=None | score=9.3850
    arm_stats: problem_pulls=143 | problem_avg_reward=0.7220 | global_pulls=143 | global_avg_reward=0.7220
    state: rep_history=299/5000 | linear_history=299/10000 | head_mode=problem_specific | theta_norm=0.8288 | A_inv_diag_mean=0.917148 | A_inv_diag_min=0.815721 | A_inv_diag_max=0.972279
21:25:32 | epoch=1 | TRAIN[299] | CVRP | select arm=7(omni) | reason=score
     0(bq              ): pulls=   2 | mean=+0.4796 | bonus=0.4355 | score=+0.6974
     1(elg             ): pulls=   4 | mean=+0.6624 | bonus=0.3284 | score=+0.8267
     2(lehd            ): pulls=   2 | mean=+0.5588 | bonus=0.3945 | score=+0.7561
     7(omni            ): pulls= 143 | mean=+0.7862 | bonus=0.1780 | score=+0.8752 <--
     8(mvmoe           ): pulls=   3 | mean=+0.5327 | bonus=0.3290 | score=+0.6972
21:25:32 | t=300 | UPDATE | problem=CVRP | head=CVRP | uid=cvrp:train:3119 | global_index=3119 | arm=7(omni)
    outcome: reward=0.7500 | selected_cost=26.2402 | best_cost=25.9632 | regret=0.2770
    result: record_global_index=3119 | name=None | score=26.2402
    arm_stats: problem_pulls=144 | problem_avg_reward=0.7222 | global_pulls=144 | global_avg_reward=0.7222
    state: rep_history=300/5000 | linear_history=300/10000 | head_mode=problem_specific | theta_norm=0.8294 | A_inv_diag_mean=0.917054 | A_inv_diag_min=0.815603 | A_inv_diag_max=0.972243
21:25:41 | t=300 | TRAIN | module=representation | trigger=train_every(100)
    optimize: epochs=10 | opt_steps=10 | batch_size=512 | lr=0.001
    buffers: rep_history=300/5000 | linear_history=300/10000
    sampling: balance_mode=problem_arm | power=0.500 | loss_reweight=True | groups=12 | group_count_min=2 | group_count_max=144
    heads: mode=problem_specific | active=CVRP,TSP
    loss: avg=0.123068 | min=0.088571 | max=0.153207 | last=0.088571
21:25:41 | epoch=1 | TRAIN[300] | TSP | select arm=0(bq) | reason=score
     0(bq              ): pulls= 104 | mean=+0.5543 | bonus=0.1802 | score=+0.6444 <--
     1(elg             ): pulls=   2 | mean=+0.4306 | bonus=0.4029 | score=+0.6321
     2(lehd            ): pulls=   4 | mean=+0.3814 | bonus=0.2993 | score=+0.5311
     3(t2t             ): pulls=   6 | mean=+0.3795 | bonus=0.3546 | score=+0.5568
     4(t2t500          ): pulls=  21 | mean=+0.4724 | bonus=0.2389 | score=+0.5918
     5(difusco         ): pulls=   3 | mean=+0.3889 | bonus=0.3572 | score=+0.5675
     6(difusco500      ): pulls=   5 | mean=+0.4173 | bonus=0.3328 | score=+0.5837
21:25:41 | t=301 | UPDATE | problem=TSP | head=TSP | uid=tsp:train:4276 | global_index=4276 | arm=0(bq)
    outcome: reward=0.8333 | selected_cost=7.8236 | best_cost=7.8038 | regret=0.0198
    result: record_global_index=4276 | name=None | score=7.8236
    arm_stats: problem_pulls=105 | problem_avg_reward=0.5881 | global_pulls=107 | global_avg_reward=0.5818
    state: rep_history=301/5000 | linear_history=301/10000 | head_mode=problem_specific | theta_norm=0.6464 | A_inv_diag_mean=0.890233 | A_inv_diag_min=0.759533 | A_inv_diag_max=0.969646
21:25:41 | epoch=1 | TRAIN[301] | TSP | select arm=0(bq) | reason=score
     0(bq              ): pulls= 105 | mean=+0.6025 | bonus=0.1359 | score=+0.6705 <--
     1(elg             ): pulls=   2 | mean=+0.4626 | bonus=0.3685 | score=+0.6469
     2(lehd            ): pulls=   4 | mean=+0.4214 | bonus=0.2610 | score=+0.5519
     3(t2t             ): pulls=   6 | mean=+0.4301 | bonus=0.3308 | score=+0.5954
     4(t2t500          ): pulls=  21 | mean=+0.5234 | bonus=0.2195 | score=+0.6332
     5(difusco         ): pulls=   3 | mean=+0.4394 | bonus=0.3076 | score=+0.5932
     6(difusco500      ): pulls=   5 | mean=+0.4635 | bonus=0.3095 | score=+0.6182
21:25:41 | t=302 | UPDATE | problem=TSP | head=TSP | uid=tsp:train:2447 | global_index=2447 | arm=0(bq)
    outcome: reward=1.0000 | selected_cost=8.7770 | best_cost=8.7770 | regret=0.0000
    result: record_global_index=2447 | name=None | score=8.7770
    arm_stats: problem_pulls=106 | problem_avg_reward=0.5920 | global_pulls=108 | global_avg_reward=0.5856
    state: rep_history=302/5000 | linear_history=302/10000 | head_mode=problem_specific | theta_norm=0.6476 | A_inv_diag_mean=0.890175 | A_inv_diag_min=0.759529 | A_inv_diag_max=0.969629
21:25:41 | epoch=1 | TRAIN[302] | TSP | select arm=0(bq) | reason=score
     0(bq              ): pulls= 106 | mean=+0.5589 | bonus=0.1534 | score=+0.6356 <--
     1(elg             ): pulls=   2 | mean=+0.4206 | bonus=0.3825 | score=+0.6119
     2(lehd            ): pulls=   4 | mean=+0.3751 | bonus=0.2772 | score=+0.5137
     3(t2t             ): pulls=   6 | mean=+0.3827 | bonus=0.3200 | score=+0.5427
     4(t2t500          ): pulls=  21 | mean=+0.4737 | bonus=0.2313 | score=+0.5894
     5(difusco         ): pulls=   3 | mean=+0.3846 | bonus=0.3486 | score=+0.5589
     6(difusco500      ): pulls=   5 | mean=+0.4134 | bonus=0.3101 | score=+0.5685
21:25:41 | t=303 | UPDATE | problem=TSP | head=TSP | uid=tsp:train:3985 | global_index=3985 | arm=0(bq)
    outcome: reward=0.0000 | selected_cost=7.7188 | best_cost=7.5999 | regret=0.1189
    result: record_global_index=3985 | name=None | score=7.7188
    arm_stats: problem_pulls=107 | problem_avg_reward=0.5864 | global_pulls=109 | global_avg_reward=0.5803
    state: rep_history=303/5000 | linear_history=303/10000 | head_mode=problem_specific | theta_norm=0.6342 | A_inv_diag_mean=0.890107 | A_inv_diag_min=0.759508 | A_inv_diag_max=0.969603
21:25:41 | epoch=1 | TRAIN[303] | CVRP | select arm=7(omni) | reason=score
     0(bq              ): pulls=   2 | mean=+0.2352 | bonus=0.5105 | score=+0.4905
     1(elg             ): pulls=   4 | mean=+0.4813 | bonus=0.3917 | score=+0.6772
     2(lehd            ): pulls=   2 | mean=+0.3373 | bonus=0.4664 | score=+0.5705
     7(omni            ): pulls= 144 | mean=+0.5828 | bonus=0.3091 | score=+0.7374 <--
     8(mvmoe           ): pulls=   3 | mean=+0.2957 | bonus=0.4260 | score=+0.5087
21:25:41 | t=304 | UPDATE | problem=CVRP | head=CVRP | uid=cvrp:train:9215 | global_index=9215 | arm=7(omni)
    outcome: reward=0.2500 | selected_cost=8.3235 | best_cost=8.1233 | regret=0.2003
    result: record_global_index=9215 | name=None | score=8.3235
    arm_stats: problem_pulls=145 | problem_avg_reward=0.7190 | global_pulls=145 | global_avg_reward=0.7190
    state: rep_history=304/5000 | linear_history=304/10000 | head_mode=problem_specific | theta_norm=0.7433 | A_inv_diag_mean=0.917462 | A_inv_diag_min=0.807514 | A_inv_diag_max=0.980323
21:25:41 | epoch=1 | TRAIN[304] | CVRP | select arm=7(omni) | reason=score
     0(bq              ): pulls=   2 | mean=+0.3972 | bonus=0.4406 | score=+0.6175
     1(elg             ): pulls=   4 | mean=+0.6198 | bonus=0.2774 | score=+0.7585
     2(lehd            ): pulls=   2 | mean=+0.4865 | bonus=0.3464 | score=+0.6597
     7(omni            ): pulls= 145 | mean=+0.7106 | bonus=0.1112 | score=+0.7662 <--
     8(mvmoe           ): pulls=   3 | mean=+0.4367 | bonus=0.3073 | score=+0.5904
21:25:41 | t=305 | UPDATE | problem=CVRP | head=CVRP | uid=cvrp:train:4074 | global_index=4074 | arm=7(omni)
    outcome: reward=1.0000 | selected_cost=25.6020 | best_cost=25.6020 | regret=0.0000
    result: record_global_index=4074 | name=None | score=25.6020
    arm_stats: problem_pulls=146 | problem_avg_reward=0.7209 | global_pulls=146 | global_avg_reward=0.7209
    state: rep_history=305/5000 | linear_history=305/10000 | head_mode=problem_specific | theta_norm=0.7465 | A_inv_diag_mean=0.917399 | A_inv_diag_min=0.807508 | A_inv_diag_max=0.980317
21:25:41 | epoch=1 | TRAIN[305] | CVRP | select arm=7(omni) | reason=score
     0(bq              ): pulls=   2 | mean=+0.3430 | bonus=0.4624 | score=+0.5742
     1(elg             ): pulls=   4 | mean=+0.5700 | bonus=0.3184 | score=+0.7292
     2(lehd            ): pulls=   2 | mean=+0.4342 | bonus=0.3921 | score=+0.6302
     7(omni            ): pulls= 146 | mean=+0.6630 | bonus=0.1621 | score=+0.7441 <--
     8(mvmoe           ): pulls=   3 | mean=+0.3874 | bonus=0.3413 | score=+0.5581
21:25:41 | t=306 | UPDATE | problem=CVRP | head=CVRP | uid=cvrp:train:8486 | global_index=8486 | arm=7(omni)
    outcome: reward=0.0000 | selected_cost=10.8773 | best_cost=10.2712 | regret=0.6061
    result: record_global_index=8486 | name=None | score=10.8773
    arm_stats: problem_pulls=147 | problem_avg_reward=0.7160 | global_pulls=147 | global_avg_reward=0.7160
    state: rep_history=306/5000 | linear_history=306/10000 | head_mode=problem_specific | theta_norm=0.7501 | A_inv_diag_mean=0.917321 | A_inv_diag_min=0.807507 | A_inv_diag_max=0.980305
21:25:41 | epoch=1 | TRAIN[306] | CVRP | select arm=7(omni) | reason=score
     0(bq              ): pulls=   2 | mean=+0.4071 | bonus=0.4406 | score=+0.6273
     1(elg             ): pulls=   4 | mean=+0.6287 | bonus=0.2655 | score=+0.7615
     2(lehd            ): pulls=   2 | mean=+0.4937 | bonus=0.3278 | score=+0.6576
     7(omni            ): pulls= 147 | mean=+0.7219 | bonus=0.1150 | score=+0.7794 <--
     8(mvmoe           ): pulls=   3 | mean=+0.4470 | bonus=0.3079 | score=+0.6009
21:25:41 | t=307 | UPDATE | problem=CVRP | head=CVRP | uid=cvrp:train:1057 | global_index=1057 | arm=7(omni)
    outcome: reward=1.0000 | selected_cost=23.3269 | best_cost=23.3269 | regret=0.0000
    result: record_global_index=1057 | name=None | score=23.3269
    arm_stats: problem_pulls=148 | problem_avg_reward=0.7179 | global_pulls=148 | global_avg_reward=0.7179
    state: rep_history=307/5000 | linear_history=307/10000 | head_mode=problem_specific | theta_norm=0.7565 | A_inv_diag_mean=0.917279 | A_inv_diag_min=0.807471 | A_inv_diag_max=0.980251
21:25:41 | epoch=1 | TRAIN[307] | CVRP | select arm=0(bq) | reason=epsilon_random
     0(bq              ): pulls=   2 | mean=+0.3418 | bonus=0.4534 | score=+0.5685 <--
     1(elg             ): pulls=   4 | mean=+0.5699 | bonus=0.2992 | score=+0.7195
     2(lehd            ): pulls=   2 | mean=+0.4341 | bonus=0.3717 | score=+0.6199
     7(omni            ): pulls= 148 | mean=+0.6710 | bonus=0.1497 | score=+0.7458
     8(mvmoe           ): pulls=   3 | mean=+0.3891 | bonus=0.3279 | score=+0.5530
21:25:41 | t=308 | UPDATE | problem=CVRP | head=CVRP | uid=cvrp:train:9552 | global_index=9552 | arm=0(bq)
    outcome: reward=1.0000 | selected_cost=8.9009 | best_cost=8.9009 | regret=0.0000
    result: record_global_index=9552 | name=None | score=8.9009
    arm_stats: problem_pulls=3 | problem_avg_reward=0.5000 | global_pulls=110 | global_avg_reward=0.5841
    state: rep_history=308/5000 | linear_history=308/10000 | head_mode=problem_specific | theta_norm=0.7085 | A_inv_diag_mean=0.915737 | A_inv_diag_min=0.807438 | A_inv_diag_max=0.979083
21:25:41 | epoch=1 | TRAIN[308] | TSP | select arm=0(bq) | reason=score
     0(bq              ): pulls= 107 | mean=+0.5148 | bonus=0.1621 | score=+0.5959 <--
     1(elg             ): pulls=   2 | mean=+0.3937 | bonus=0.3782 | score=+0.5828
     2(lehd            ): pulls=   4 | mean=+0.3455 | bonus=0.2767 | score=+0.4839
     3(t2t             ): pulls=   6 | mean=+0.3427 | bonus=0.3471 | score=+0.5162
     4(t2t500          ): pulls=  21 | mean=+0.4406 | bonus=0.2396 | score=+0.5604
     5(difusco         ): pulls=   3 | mean=+0.3499 | bonus=0.3397 | score=+0.5198
     6(difusco500      ): pulls=   5 | mean=+0.3862 | bonus=0.3269 | score=+0.5497
21:25:41 | t=309 | UPDATE | problem=TSP | head=TSP | uid=tsp:train:6703 | global_index=6703 | arm=0(bq)
    outcome: reward=0.0000 | selected_cost=6.0126 | best_cost=5.7124 | regret=0.3002
    result: record_global_index=6703 | name=None | score=6.0126
    arm_stats: problem_pulls=108 | problem_avg_reward=0.5810 | global_pulls=111 | global_avg_reward=0.5788
    state: rep_history=309/5000 | linear_history=309/10000 | head_mode=problem_specific | theta_norm=0.6372 | A_inv_diag_mean=0.890020 | A_inv_diag_min=0.759309 | A_inv_diag_max=0.969592
21:25:41 | epoch=1 | TRAIN[309] | TSP | select arm=4(t2t500) | reason=epsilon_random
     0(bq              ): pulls= 108 | mean=+0.7354 | bonus=0.2064 | score=+0.8386
     1(elg             ): pulls=   2 | mean=+0.6011 | bonus=0.4235 | score=+0.8128
     2(lehd            ): pulls=   4 | mean=+0.5619 | bonus=0.3247 | score=+0.7243
     3(t2t             ): pulls=   6 | mean=+0.5693 | bonus=0.3707 | score=+0.7547
     4(t2t500          ): pulls=  21 | mean=+0.6633 | bonus=0.2715 | score=+0.7990 <--
     5(difusco         ): pulls=   3 | mean=+0.5778 | bonus=0.3533 | score=+0.7544
     6(difusco500      ): pulls=   5 | mean=+0.6020 | bonus=0.3582 | score=+0.7811
21:25:41 | t=310 | UPDATE | problem=TSP | head=TSP | uid=tsp:train:8854 | global_index=8854 | arm=4(t2t500)
    outcome: reward=0.8333 | selected_cost=8.6183 | best_cost=8.6113 | regret=0.0070
    result: record_global_index=8854 | name=None | score=8.6183
    arm_stats: problem_pulls=22 | problem_avg_reward=0.5379 | global_pulls=22 | global_avg_reward=0.5379
    state: rep_history=310/5000 | linear_history=310/10000 | head_mode=problem_specific | theta_norm=0.6343 | A_inv_diag_mean=0.889815 | A_inv_diag_min=0.759242 | A_inv_diag_max=0.968907
21:25:41 | epoch=1 | TRAIN[310] | TSP | select arm=0(bq) | reason=score
     0(bq              ): pulls= 108 | mean=+0.5070 | bonus=0.1739 | score=+0.5940 <--
     1(elg             ): pulls=   2 | mean=+0.3979 | bonus=0.3880 | score=+0.5919
     2(lehd            ): pulls=   4 | mean=+0.3474 | bonus=0.2950 | score=+0.4948
     3(t2t             ): pulls=   6 | mean=+0.3355 | bonus=0.3696 | score=+0.5203
     4(t2t500          ): pulls=  22 | mean=+0.4382 | bonus=0.2390 | score=+0.5577
     5(difusco         ): pulls=   3 | mean=+0.3450 | bonus=0.3545 | score=+0.5223
     6(difusco500      ): pulls=   5 | mean=+0.3825 | bonus=0.3293 | score=+0.5471
21:25:41 | t=311 | UPDATE | problem=TSP | head=TSP | uid=tsp:train:2195 | global_index=2195 | arm=0(bq)
    outcome: reward=0.0000 | selected_cost=6.4952 | best_cost=5.7455 | regret=0.7497
    result: record_global_index=2195 | name=None | score=6.4952
    arm_stats: problem_pulls=109 | problem_avg_reward=0.5757 | global_pulls=112 | global_avg_reward=0.5737
    state: rep_history=311/5000 | linear_history=311/10000 | head_mode=problem_specific | theta_norm=0.6424 | A_inv_diag_mean=0.889709 | A_inv_diag_min=0.759208 | A_inv_diag_max=0.968710
21:25:41 | epoch=1 | TRAIN[311] | CVRP | select arm=7(omni) | reason=score
     0(bq              ): pulls=   3 | mean=+0.5420 | bonus=0.4142 | score=+0.7492
     1(elg             ): pulls=   4 | mean=+0.6783 | bonus=0.2917 | score=+0.8242
     2(lehd            ): pulls=   2 | mean=+0.5307 | bonus=0.3586 | score=+0.7100
     7(omni            ): pulls= 148 | mean=+0.7652 | bonus=0.1261 | score=+0.8283 <--
     8(mvmoe           ): pulls=   3 | mean=+0.5253 | bonus=0.3160 | score=+0.6833
21:25:41 | t=312 | UPDATE | problem=CVRP | head=CVRP | uid=cvrp:train:2147 | global_index=2147 | arm=7(omni)
    outcome: reward=1.0000 | selected_cost=24.2481 | best_cost=24.2481 | regret=0.0000
    result: record_global_index=2147 | name=None | score=24.2481
    arm_stats: problem_pulls=149 | problem_avg_reward=0.7198 | global_pulls=149 | global_avg_reward=0.7198
    state: rep_history=312/5000 | linear_history=312/10000 | head_mode=problem_specific | theta_norm=0.7076 | A_inv_diag_mean=0.915715 | A_inv_diag_min=0.807417 | A_inv_diag_max=0.979071
21:25:41 | epoch=1 | TRAIN[312] | CVRP | select arm=7(omni) | reason=score
     0(bq              ): pulls=   3 | mean=+0.5284 | bonus=0.4095 | score=+0.7331
     1(elg             ): pulls=   4 | mean=+0.6626 | bonus=0.2747 | score=+0.8000
     2(lehd            ): pulls=   2 | mean=+0.5144 | bonus=0.3253 | score=+0.6770
     7(omni            ): pulls= 149 | mean=+0.7459 | bonus=0.1242 | score=+0.8080 <--
     8(mvmoe           ): pulls=   3 | mean=+0.5092 | bonus=0.3041 | score=+0.6612
21:25:41 | t=313 | UPDATE | problem=CVRP | head=CVRP | uid=cvrp:train:5616 | global_index=5616 | arm=7(omni)
    outcome: reward=0.7500 | selected_cost=33.1321 | best_cost=33.0007 | regret=0.1314
    result: record_global_index=5616 | name=None | score=33.1321
    arm_stats: problem_pulls=150 | problem_avg_reward=0.7200 | global_pulls=150 | global_avg_reward=0.7200
    state: rep_history=313/5000 | linear_history=313/10000 | head_mode=problem_specific | theta_norm=0.7077 | A_inv_diag_mean=0.915649 | A_inv_diag_min=0.807387 | A_inv_diag_max=0.979012
21:25:41 | epoch=1 | TRAIN[313] | CVRP | select arm=7(omni) | reason=score
     0(bq              ): pulls=   3 | mean=+0.2827 | bonus=0.4705 | score=+0.5179
     1(elg             ): pulls=   4 | mean=+0.4453 | bonus=0.3763 | score=+0.6335
     2(lehd            ): pulls=   2 | mean=+0.2764 | bonus=0.4461 | score=+0.4995
     7(omni            ): pulls= 150 | mean=+0.5332 | bonus=0.2584 | score=+0.6624 <--
     8(mvmoe           ): pulls=   3 | mean=+0.2812 | bonus=0.3730 | score=+0.4677
21:25:41 | t=314 | UPDATE | problem=CVRP | head=CVRP | uid=cvrp:train:8065 | global_index=8065 | arm=7(omni)
    outcome: reward=1.0000 | selected_cost=12.4397 | best_cost=12.4397 | regret=0.0000
    result: record_global_index=8065 | name=None | score=12.4397
    arm_stats: problem_pulls=151 | problem_avg_reward=0.7219 | global_pulls=151 | global_avg_reward=0.7219
    state: rep_history=314/5000 | linear_history=314/10000 | head_mode=problem_specific | theta_norm=0.7275 | A_inv_diag_mean=0.915322 | A_inv_diag_min=0.807244 | A_inv_diag_max=0.978690
21:25:41 | epoch=1 | TRAIN[314] | CVRP | select arm=7(omni) | reason=score
     0(bq              ): pulls=   3 | mean=+0.3036 | bonus=0.4632 | score=+0.5352
     1(elg             ): pulls=   4 | mean=+0.4589 | bonus=0.3682 | score=+0.6430
     2(lehd            ): pulls=   2 | mean=+0.2933 | bonus=0.4415 | score=+0.5140
     7(omni            ): pulls= 151 | mean=+0.5424 | bonus=0.2609 | score=+0.6729 <--
     8(mvmoe           ): pulls=   3 | mean=+0.2985 | bonus=0.3852 | score=+0.4911
21:25:41 | t=315 | UPDATE | problem=CVRP | head=CVRP | uid=cvrp:train:8455 | global_index=8455 | arm=7(omni)
    outcome: reward=1.0000 | selected_cost=11.9411 | best_cost=11.9411 | regret=0.0000
    result: record_global_index=8455 | name=None | score=11.9411
    arm_stats: problem_pulls=152 | problem_avg_reward=0.7237 | global_pulls=152 | global_avg_reward=0.7237
    state: rep_history=315/5000 | linear_history=315/10000 | head_mode=problem_specific | theta_norm=0.7330 | A_inv_diag_mean=0.915139 | A_inv_diag_min=0.806148 | A_inv_diag_max=0.978564
21:25:41 | epoch=1 | TRAIN[315] | CVRP | select arm=7(omni) | reason=score
     0(bq              ): pulls=   3 | mean=+0.3477 | bonus=0.4828 | score=+0.5891
     1(elg             ): pulls=   4 | mean=+0.5232 | bonus=0.3821 | score=+0.7142
     2(lehd            ): pulls=   2 | mean=+0.3606 | bonus=0.4438 | score=+0.5825
     7(omni            ): pulls= 152 | mean=+0.6126 | bonus=0.2863 | score=+0.7558 <--
     8(mvmoe           ): pulls=   3 | mean=+0.3511 | bonus=0.4018 | score=+0.5520
21:25:41 | t=316 | UPDATE | problem=CVRP | head=CVRP | uid=cvrp:train:4103 | global_index=4103 | arm=7(omni)
    outcome: reward=0.5000 | selected_cost=11.0896 | best_cost=10.9129 | regret=0.1768
    result: record_global_index=4103 | name=None | score=11.0896
    arm_stats: problem_pulls=153 | problem_avg_reward=0.7222 | global_pulls=153 | global_avg_reward=0.7222
    state: rep_history=316/5000 | linear_history=316/10000 | head_mode=problem_specific | theta_norm=0.7274 | A_inv_diag_mean=0.914751 | A_inv_diag_min=0.805417 | A_inv_diag_max=0.978212
21:25:41 | epoch=1 | TRAIN[316] | TSP | select arm=1(elg) | reason=score
     0(bq              ): pulls= 109 | mean=+0.4560 | bonus=0.1730 | score=+0.5425
     1(elg             ): pulls=   2 | mean=+0.3520 | bonus=0.3892 | score=+0.5466 <--
     2(lehd            ): pulls=   4 | mean=+0.3106 | bonus=0.2884 | score=+0.4548
     3(t2t             ): pulls=   6 | mean=+0.2871 | bonus=0.3533 | score=+0.4638
     4(t2t500          ): pulls=  22 | mean=+0.4089 | bonus=0.2503 | score=+0.5341
     5(difusco         ): pulls=   3 | mean=+0.3038 | bonus=0.3500 | score=+0.4788
     6(difusco500      ): pulls=   5 | mean=+0.3461 | bonus=0.3337 | score=+0.5129
21:25:41 | t=317 | UPDATE | problem=TSP | head=TSP | uid=tsp:train:3362 | global_index=3362 | arm=1(elg)
    outcome: reward=0.8333 | selected_cost=5.2384 | best_cost=5.2206 | regret=0.0178
    result: record_global_index=3362 | name=None | score=5.2384
    arm_stats: problem_pulls=3 | problem_avg_reward=0.6111 | global_pulls=7 | global_avg_reward=0.5833
    state: rep_history=317/5000 | linear_history=317/10000 | head_mode=problem_specific | theta_norm=0.6488 | A_inv_diag_mean=0.888651 | A_inv_diag_min=0.758161 | A_inv_diag_max=0.967909
21:25:41 | epoch=1 | TRAIN[317] | TSP | select arm=1(elg) | reason=score
     0(bq              ): pulls= 109 | mean=+0.6438 | bonus=0.1431 | score=+0.7153
     1(elg             ): pulls=   3 | mean=+0.5600 | bonus=0.3534 | score=+0.7367 <--
     2(lehd            ): pulls=   4 | mean=+0.4925 | bonus=0.2729 | score=+0.6289
     3(t2t             ): pulls=   6 | mean=+0.4744 | bonus=0.3342 | score=+0.6415
     4(t2t500          ): pulls=  22 | mean=+0.5796 | bonus=0.2203 | score=+0.6898
     5(difusco         ): pulls=   3 | mean=+0.4985 | bonus=0.3053 | score=+0.6512
     6(difusco500      ): pulls=   5 | mean=+0.5332 | bonus=0.3009 | score=+0.6836
21:25:41 | t=318 | UPDATE | problem=TSP | head=TSP | uid=tsp:train:3330 | global_index=3330 | arm=1(elg)
    outcome: reward=0.5000 | selected_cost=10.4452 | best_cost=10.2419 | regret=0.2033
    result: record_global_index=3330 | name=None | score=10.4452
    arm_stats: problem_pulls=4 | problem_avg_reward=0.5833 | global_pulls=8 | global_avg_reward=0.5729
    state: rep_history=318/5000 | linear_history=318/10000 | head_mode=problem_specific | theta_norm=0.6484 | A_inv_diag_mean=0.887857 | A_inv_diag_min=0.757797 | A_inv_diag_max=0.965351
21:25:41 | epoch=1 | TRAIN[318] | TSP | select arm=1(elg) | reason=score
     0(bq              ): pulls= 109 | mean=+0.6177 | bonus=0.1594 | score=+0.6974
     1(elg             ): pulls=   4 | mean=+0.5283 | bonus=0.3703 | score=+0.7134 <--
     2(lehd            ): pulls=   4 | mean=+0.4637 | bonus=0.2817 | score=+0.6045
     3(t2t             ): pulls=   6 | mean=+0.4488 | bonus=0.3293 | score=+0.6135
     4(t2t500          ): pulls=  22 | mean=+0.5485 | bonus=0.2142 | score=+0.6556
     5(difusco         ): pulls=   3 | mean=+0.4628 | bonus=0.3486 | score=+0.6371
     6(difusco500      ): pulls=   5 | mean=+0.4949 | bonus=0.3056 | score=+0.6477
21:25:41 | t=319 | UPDATE | problem=TSP | head=TSP | uid=tsp:train:1816 | global_index=1816 | arm=1(elg)
    outcome: reward=0.0000 | selected_cost=9.6956 | best_cost=9.4509 | regret=0.2447
    result: record_global_index=1816 | name=None | score=9.6956
    arm_stats: problem_pulls=5 | problem_avg_reward=0.4667 | global_pulls=9 | global_avg_reward=0.5093
    state: rep_history=319/5000 | linear_history=319/10000 | head_mode=problem_specific | theta_norm=0.6485 | A_inv_diag_mean=0.887079 | A_inv_diag_min=0.757767 | A_inv_diag_max=0.964248
21:25:41 | epoch=1 | TRAIN[319] | CVRP | select arm=7(omni) | reason=score
     0(bq              ): pulls=   3 | mean=+0.4530 | bonus=0.4071 | score=+0.6566
     1(elg             ): pulls=   4 | mean=+0.6025 | bonus=0.2829 | score=+0.7440
     2(lehd            ): pulls=   2 | mean=+0.4540 | bonus=0.3570 | score=+0.6325
     7(omni            ): pulls= 153 | mean=+0.6877 | bonus=0.1529 | score=+0.7642 <--
     8(mvmoe           ): pulls=   3 | mean=+0.4418 | bonus=0.3176 | score=+0.6006
21:25:41 | t=320 | UPDATE | problem=CVRP | head=CVRP | uid=cvrp:train:7566 | global_index=7566 | arm=7(omni)
    outcome: reward=0.2500 | selected_cost=21.0952 | best_cost=20.8399 | regret=0.2553
    result: record_global_index=7566 | name=None | score=21.0952
    arm_stats: problem_pulls=154 | problem_avg_reward=0.7192 | global_pulls=154 | global_avg_reward=0.7192
    state: rep_history=320/5000 | linear_history=320/10000 | head_mode=problem_specific | theta_norm=0.7242 | A_inv_diag_mean=0.914703 | A_inv_diag_min=0.805385 | A_inv_diag_max=0.978175
21:25:42 | epoch=1 | TRAIN[320] | CVRP | select arm=1(elg) | reason=score
     0(bq              ): pulls=   3 | mean=+0.5139 | bonus=0.4008 | score=+0.7143
     1(elg             ): pulls=   4 | mean=+0.6537 | bonus=0.2689 | score=+0.7882 <--
     2(lehd            ): pulls=   2 | mean=+0.5072 | bonus=0.3254 | score=+0.6699
     7(omni            ): pulls= 154 | mean=+0.7326 | bonus=0.1064 | score=+0.7858
     8(mvmoe           ): pulls=   3 | mean=+0.4958 | bonus=0.2856 | score=+0.6386
21:25:42 | t=321 | UPDATE | problem=CVRP | head=CVRP | uid=cvrp:train:5636 | global_index=5636 | arm=1(elg)
    outcome: reward=1.0000 | selected_cost=56.2229 | best_cost=56.2229 | regret=0.0000
    result: record_global_index=5636 | name=None | score=56.2229
    arm_stats: problem_pulls=5 | problem_avg_reward=0.6500 | global_pulls=10 | global_avg_reward=0.5583
    state: rep_history=321/5000 | linear_history=321/10000 | head_mode=problem_specific | theta_norm=0.7304 | A_inv_diag_mean=0.914036 | A_inv_diag_min=0.805385 | A_inv_diag_max=0.978161
21:25:42 | epoch=1 | TRAIN[321] | TSP | select arm=0(bq) | reason=score
     0(bq              ): pulls= 109 | mean=+0.4451 | bonus=0.1806 | score=+0.5354 <--
     1(elg             ): pulls=   5 | mean=+0.3406 | bonus=0.3479 | score=+0.5145
     2(lehd            ): pulls=   4 | mean=+0.3001 | bonus=0.2852 | score=+0.4427
     3(t2t             ): pulls=   6 | mean=+0.2742 | bonus=0.3670 | score=+0.4577
     4(t2t500          ): pulls=  22 | mean=+0.4036 | bonus=0.2531 | score=+0.5301
     5(difusco         ): pulls=   3 | mean=+0.2895 | bonus=0.3473 | score=+0.4631
     6(difusco500      ): pulls=   5 | mean=+0.3397 | bonus=0.3247 | score=+0.5021
21:25:42 | t=322 | UPDATE | problem=TSP | head=TSP | uid=tsp:train:9728 | global_index=9728 | arm=0(bq)
    outcome: reward=0.8333 | selected_cost=4.4954 | best_cost=4.4676 | regret=0.0278
    result: record_global_index=9728 | name=None | score=4.4954
    arm_stats: problem_pulls=110 | problem_avg_reward=0.5780 | global_pulls=113 | global_avg_reward=0.5760
    state: rep_history=322/5000 | linear_history=322/10000 | head_mode=problem_specific | theta_norm=0.6434 | A_inv_diag_mean=0.886962 | A_inv_diag_min=0.757698 | A_inv_diag_max=0.964146
21:25:42 | epoch=1 | TRAIN[322] | CVRP | select arm=1(elg) | reason=score
     0(bq              ): pulls=   3 | mean=+0.5116 | bonus=0.4050 | score=+0.7141
     1(elg             ): pulls=   5 | mean=+0.6667 | bonus=0.2595 | score=+0.7964 <--
     2(lehd            ): pulls=   2 | mean=+0.4997 | bonus=0.3252 | score=+0.6623
     7(omni            ): pulls= 154 | mean=+0.7225 | bonus=0.1029 | score=+0.7740
     8(mvmoe           ): pulls=   3 | mean=+0.4813 | bonus=0.2939 | score=+0.6283
21:25:42 | t=323 | UPDATE | problem=CVRP | head=CVRP | uid=cvrp:train:1097 | global_index=1097 | arm=1(elg)
    outcome: reward=0.5000 | selected_cost=17.0935 | best_cost=16.5483 | regret=0.5452
    result: record_global_index=1097 | name=None | score=17.0935
    arm_stats: problem_pulls=6 | problem_avg_reward=0.6250 | global_pulls=11 | global_avg_reward=0.5530
    state: rep_history=323/5000 | linear_history=323/10000 | head_mode=problem_specific | theta_norm=0.7270 | A_inv_diag_mean=0.913455 | A_inv_diag_min=0.805385 | A_inv_diag_max=0.978126
21:25:42 | epoch=1 | TRAIN[323] | TSP | select arm=0(bq) | reason=score
     0(bq              ): pulls= 110 | mean=+0.4908 | bonus=0.1728 | score=+0.5773 <--
     1(elg             ): pulls=   5 | mean=+0.3746 | bonus=0.3414 | score=+0.5453
     2(lehd            ): pulls=   4 | mean=+0.3353 | bonus=0.2805 | score=+0.4755
     3(t2t             ): pulls=   6 | mean=+0.3231 | bonus=0.3492 | score=+0.4977
     4(t2t500          ): pulls=  22 | mean=+0.4406 | bonus=0.2553 | score=+0.5682
     5(difusco         ): pulls=   3 | mean=+0.3289 | bonus=0.3481 | score=+0.5030
     6(difusco500      ): pulls=   5 | mean=+0.3761 | bonus=0.3243 | score=+0.5383
21:25:42 | t=324 | UPDATE | problem=TSP | head=TSP | uid=tsp:train:883 | global_index=883 | arm=0(bq)
    outcome: reward=1.0000 | selected_cost=5.9657 | best_cost=5.9657 | regret=0.0000
    result: record_global_index=883 | name=None | score=5.9657
    arm_stats: problem_pulls=111 | problem_avg_reward=0.5818 | global_pulls=114 | global_avg_reward=0.5797
    state: rep_history=324/5000 | linear_history=324/10000 | head_mode=problem_specific | theta_norm=0.6480 | A_inv_diag_mean=0.886856 | A_inv_diag_min=0.757693 | A_inv_diag_max=0.964146
21:25:42 | epoch=1 | TRAIN[324] | CVRP | select arm=2(lehd) | reason=epsilon_random
     0(bq              ): pulls=   3 | mean=+0.5405 | bonus=0.4102 | score=+0.7456
     1(elg             ): pulls=   6 | mean=+0.6915 | bonus=0.2792 | score=+0.8312
     2(lehd            ): pulls=   2 | mean=+0.5351 | bonus=0.3647 | score=+0.7175 <--
     7(omni            ): pulls= 154 | mean=+0.7638 | bonus=0.1233 | score=+0.8254
     8(mvmoe           ): pulls=   3 | mean=+0.5182 | bonus=0.3035 | score=+0.6699
21:25:42 | t=325 | UPDATE | problem=CVRP | head=CVRP | uid=cvrp:train:7228 | global_index=7228 | arm=2(lehd)
    outcome: reward=0.7500 | selected_cost=11.2530 | best_cost=11.0180 | regret=0.2351
    result: record_global_index=7228 | name=None | score=11.2530
    arm_stats: problem_pulls=3 | problem_avg_reward=0.5833 | global_pulls=7 | global_avg_reward=0.5119
    state: rep_history=325/5000 | linear_history=325/10000 | head_mode=problem_specific | theta_norm=0.7132 | A_inv_diag_mean=0.912326 | A_inv_diag_min=0.805284 | A_inv_diag_max=0.977955
21:25:42 | epoch=1 | TRAIN[325] | CVRP | select arm=1(elg) | reason=score
     0(bq              ): pulls=   3 | mean=+0.5352 | bonus=0.4061 | score=+0.7382
     1(elg             ): pulls=   6 | mean=+0.6890 | bonus=0.2745 | score=+0.8263 <--
     2(lehd            ): pulls=   3 | mean=+0.5521 | bonus=0.3421 | score=+0.7232
     7(omni            ): pulls= 154 | mean=+0.7590 | bonus=0.1208 | score=+0.8194
     8(mvmoe           ): pulls=   3 | mean=+0.5177 | bonus=0.3145 | score=+0.6749
21:25:42 | t=326 | UPDATE | problem=CVRP | head=CVRP | uid=cvrp:train:7968 | global_index=7968 | arm=1(elg)
    outcome: reward=0.5000 | selected_cost=21.8242 | best_cost=21.2391 | regret=0.5850
    result: record_global_index=7968 | name=None | score=21.8242
    arm_stats: problem_pulls=7 | problem_avg_reward=0.6071 | global_pulls=12 | global_avg_reward=0.5486
    state: rep_history=326/5000 | linear_history=326/10000 | head_mode=problem_specific | theta_norm=0.7176 | A_inv_diag_mean=0.911795 | A_inv_diag_min=0.805248 | A_inv_diag_max=0.977953
21:25:42 | epoch=1 | TRAIN[326] | TSP | select arm=0(bq) | reason=score
     0(bq              ): pulls= 111 | mean=+0.5634 | bonus=0.1449 | score=+0.6358 <--
     1(elg             ): pulls=   5 | mean=+0.4206 | bonus=0.3174 | score=+0.5792
     2(lehd            ): pulls=   4 | mean=+0.3855 | bonus=0.2610 | score=+0.5160
     3(t2t             ): pulls=   6 | mean=+0.3980 | bonus=0.3227 | score=+0.5593
     4(t2t500          ): pulls=  22 | mean=+0.4938 | bonus=0.2292 | score=+0.6084
     5(difusco         ): pulls=   3 | mean=+0.3865 | bonus=0.3495 | score=+0.5612
     6(difusco500      ): pulls=   5 | mean=+0.4236 | bonus=0.2876 | score=+0.5674
21:25:42 | t=327 | UPDATE | problem=TSP | head=TSP | uid=tsp:train:9814 | global_index=9814 | arm=0(bq)
    outcome: reward=0.3333 | selected_cost=7.2464 | best_cost=7.2058 | regret=0.0407
    result: record_global_index=9814 | name=None | score=7.2464
    arm_stats: problem_pulls=112 | problem_avg_reward=0.5796 | global_pulls=115 | global_avg_reward=0.5775
    state: rep_history=327/5000 | linear_history=327/10000 | head_mode=problem_specific | theta_norm=0.6456 | A_inv_diag_mean=0.886787 | A_inv_diag_min=0.757628 | A_inv_diag_max=0.964128
21:25:42 | epoch=1 | TRAIN[327] | TSP | select arm=0(bq) | reason=score
     0(bq              ): pulls= 112 | mean=+0.4780 | bonus=0.1746 | score=+0.5653 <--
     1(elg             ): pulls=   5 | mean=+0.3697 | bonus=0.3260 | score=+0.5326
     2(lehd            ): pulls=   4 | mean=+0.3221 | bonus=0.2799 | score=+0.4620
     3(t2t             ): pulls=   6 | mean=+0.3014 | bonus=0.3662 | score=+0.4845
     4(t2t500          ): pulls=  22 | mean=+0.4259 | bonus=0.2475 | score=+0.5497
     5(difusco         ): pulls=   3 | mean=+0.3177 | bonus=0.3446 | score=+0.4900
     6(difusco500      ): pulls=   5 | mean=+0.3686 | bonus=0.3188 | score=+0.5280
21:25:42 | t=328 | UPDATE | problem=TSP | head=TSP | uid=tsp:train:1039 | global_index=1039 | arm=0(bq)
    outcome: reward=0.3333 | selected_cost=4.5922 | best_cost=4.4974 | regret=0.0948
    result: record_global_index=1039 | name=None | score=4.5922
    arm_stats: problem_pulls=113 | problem_avg_reward=0.5774 | global_pulls=116 | global_avg_reward=0.5754
    state: rep_history=328/5000 | linear_history=328/10000 | head_mode=problem_specific | theta_norm=0.6479 | A_inv_diag_mean=0.886635 | A_inv_diag_min=0.757458 | A_inv_diag_max=0.964113
21:25:42 | epoch=1 | TRAIN[328] | CVRP | select arm=7(omni) | reason=score
     0(bq              ): pulls=   3 | mean=+0.5343 | bonus=0.4122 | score=+0.7404
     1(elg             ): pulls=   7 | mean=+0.6806 | bonus=0.2730 | score=+0.8172
     2(lehd            ): pulls=   3 | mean=+0.5522 | bonus=0.3483 | score=+0.7264
     7(omni            ): pulls= 154 | mean=+0.7612 | bonus=0.1244 | score=+0.8235 <--
     8(mvmoe           ): pulls=   3 | mean=+0.5217 | bonus=0.3022 | score=+0.6728
21:25:42 | t=329 | UPDATE | problem=CVRP | head=CVRP | uid=cvrp:train:5964 | global_index=5964 | arm=7(omni)
    outcome: reward=0.5000 | selected_cost=22.9859 | best_cost=22.8145 | regret=0.1714
    result: record_global_index=5964 | name=None | score=22.9859
    arm_stats: problem_pulls=155 | problem_avg_reward=0.7177 | global_pulls=155 | global_avg_reward=0.7177
    state: rep_history=329/5000 | linear_history=329/10000 | head_mode=problem_specific | theta_norm=0.7174 | A_inv_diag_mean=0.911768 | A_inv_diag_min=0.805191 | A_inv_diag_max=0.977918
21:25:42 | epoch=1 | TRAIN[329] | TSP | select arm=0(bq) | reason=score
     0(bq              ): pulls= 113 | mean=+0.6574 | bonus=0.1512 | score=+0.7330 <--
     1(elg             ): pulls=   5 | mean=+0.5166 | bonus=0.3250 | score=+0.6791
     2(lehd            ): pulls=   4 | mean=+0.4835 | bonus=0.2776 | score=+0.6223
     3(t2t             ): pulls=   6 | mean=+0.4947 | bonus=0.3380 | score=+0.6637
     4(t2t500          ): pulls=  22 | mean=+0.5962 | bonus=0.2260 | score=+0.7092
     5(difusco         ): pulls=   3 | mean=+0.4938 | bonus=0.3166 | score=+0.6521
     6(difusco500      ): pulls=   5 | mean=+0.5285 | bonus=0.2944 | score=+0.6757
21:25:42 | t=330 | UPDATE | problem=TSP | head=TSP | uid=tsp:train:7272 | global_index=7272 | arm=0(bq)
    outcome: reward=0.8333 | selected_cost=11.2517 | best_cost=11.2293 | regret=0.0225
    result: record_global_index=7272 | name=None | score=11.2517
    arm_stats: problem_pulls=114 | problem_avg_reward=0.5797 | global_pulls=117 | global_avg_reward=0.5776
    state: rep_history=330/5000 | linear_history=330/10000 | head_mode=problem_specific | theta_norm=0.6476 | A_inv_diag_mean=0.886602 | A_inv_diag_min=0.757448 | A_inv_diag_max=0.964074
21:25:42 | epoch=1 | TRAIN[330] | TSP | select arm=0(bq) | reason=score
     0(bq              ): pulls= 114 | mean=+0.5819 | bonus=0.1233 | score=+0.6435 <--
     1(elg             ): pulls=   5 | mean=+0.4350 | bonus=0.3027 | score=+0.5864
     2(lehd            ): pulls=   4 | mean=+0.4044 | bonus=0.2438 | score=+0.5263
     3(t2t             ): pulls=   6 | mean=+0.4199 | bonus=0.3116 | score=+0.5757
     4(t2t500          ): pulls=  22 | mean=+0.5145 | bonus=0.2102 | score=+0.6196
     5(difusco         ): pulls=   3 | mean=+0.4065 | bonus=0.3291 | score=+0.5711
     6(difusco500      ): pulls=   5 | mean=+0.4411 | bonus=0.2825 | score=+0.5823
21:25:42 | t=331 | UPDATE | problem=TSP | head=TSP | uid=tsp:train:136 | global_index=136 | arm=0(bq)
    outcome: reward=0.1667 | selected_cost=8.5465 | best_cost=8.3908 | regret=0.1557
    result: record_global_index=136 | name=None | score=8.5465
    arm_stats: problem_pulls=115 | problem_avg_reward=0.5761 | global_pulls=118 | global_avg_reward=0.5742
    state: rep_history=331/5000 | linear_history=331/10000 | head_mode=problem_specific | theta_norm=0.6378 | A_inv_diag_mean=0.886551 | A_inv_diag_min=0.757418 | A_inv_diag_max=0.963940
21:25:42 | epoch=1 | TRAIN[331] | CVRP | select arm=7(omni) | reason=score
     0(bq              ): pulls=   3 | mean=+0.5469 | bonus=0.4146 | score=+0.7542
     1(elg             ): pulls=   7 | mean=+0.6940 | bonus=0.2760 | score=+0.8319
     2(lehd            ): pulls=   3 | mean=+0.5652 | bonus=0.3499 | score=+0.7401
     7(omni            ): pulls= 155 | mean=+0.7755 | bonus=0.1327 | score=+0.8419 <--
     8(mvmoe           ): pulls=   3 | mean=+0.5364 | bonus=0.3242 | score=+0.6986
21:25:42 | t=332 | UPDATE | problem=CVRP | head=CVRP | uid=cvrp:train:5163 | global_index=5163 | arm=7(omni)
    outcome: reward=0.2500 | selected_cost=14.6745 | best_cost=14.0867 | regret=0.5877
    result: record_global_index=5163 | name=None | score=14.6745
    arm_stats: problem_pulls=156 | problem_avg_reward=0.7147 | global_pulls=156 | global_avg_reward=0.7147
    state: rep_history=332/5000 | linear_history=332/10000 | head_mode=problem_specific | theta_norm=0.7242 | A_inv_diag_mean=0.911746 | A_inv_diag_min=0.805156 | A_inv_diag_max=0.977913
21:25:42 | epoch=1 | TRAIN[332] | CVRP | select arm=7(omni) | reason=score
     0(bq              ): pulls=   3 | mean=+0.5028 | bonus=0.4162 | score=+0.7109
     1(elg             ): pulls=   7 | mean=+0.6472 | bonus=0.2552 | score=+0.7748
     2(lehd            ): pulls=   3 | mean=+0.5158 | bonus=0.3128 | score=+0.6722
     7(omni            ): pulls= 156 | mean=+0.7201 | bonus=0.1374 | score=+0.7888 <--
     8(mvmoe           ): pulls=   3 | mean=+0.4874 | bonus=0.3090 | score=+0.6419
21:25:42 | t=333 | UPDATE | problem=CVRP | head=CVRP | uid=cvrp:train:8310 | global_index=8310 | arm=7(omni)
    outcome: reward=0.7500 | selected_cost=11.3885 | best_cost=10.9685 | regret=0.4200
    result: record_global_index=8310 | name=None | score=11.3885
    arm_stats: problem_pulls=157 | problem_avg_reward=0.7150 | global_pulls=157 | global_avg_reward=0.7150
    state: rep_history=333/5000 | linear_history=333/10000 | head_mode=problem_specific | theta_norm=0.7250 | A_inv_diag_mean=0.911678 | A_inv_diag_min=0.805056 | A_inv_diag_max=0.977912
21:25:42 | epoch=1 | TRAIN[333] | CVRP | select arm=7(omni) | reason=score
     0(bq              ): pulls=   3 | mean=+0.3913 | bonus=0.4011 | score=+0.5918
     1(elg             ): pulls=   7 | mean=+0.5569 | bonus=0.2885 | score=+0.7012
     2(lehd            ): pulls=   3 | mean=+0.4158 | bonus=0.3626 | score=+0.5971
     7(omni            ): pulls= 157 | mean=+0.6411 | bonus=0.1679 | score=+0.7250 <--
     8(mvmoe           ): pulls=   3 | mean=+0.3907 | bonus=0.3170 | score=+0.5492
21:25:42 | t=334 | UPDATE | problem=CVRP | head=CVRP | uid=cvrp:train:1158 | global_index=1158 | arm=7(omni)
    outcome: reward=0.7500 | selected_cost=16.2705 | best_cost=16.2310 | regret=0.0396
    result: record_global_index=1158 | name=None | score=16.2705
    arm_stats: problem_pulls=158 | problem_avg_reward=0.7152 | global_pulls=158 | global_avg_reward=0.7152
    state: rep_history=334/5000 | linear_history=334/10000 | head_mode=problem_specific | theta_norm=0.7256 | A_inv_diag_mean=0.911590 | A_inv_diag_min=0.805035 | A_inv_diag_max=0.977868
21:25:42 | epoch=1 | TRAIN[334] | TSP | select arm=0(bq) | reason=score
     0(bq              ): pulls= 115 | mean=+0.5566 | bonus=0.1341 | score=+0.6236 <--
     1(elg             ): pulls=   5 | mean=+0.4145 | bonus=0.3146 | score=+0.5718
     2(lehd            ): pulls=   4 | mean=+0.3840 | bonus=0.2508 | score=+0.5094
     3(t2t             ): pulls=   6 | mean=+0.3987 | bonus=0.3128 | score=+0.5551
     4(t2t500          ): pulls=  22 | mean=+0.4920 | bonus=0.2188 | score=+0.6013
     5(difusco         ): pulls=   3 | mean=+0.3803 | bonus=0.3390 | score=+0.5498
     6(difusco500      ): pulls=   5 | mean=+0.4208 | bonus=0.2922 | score=+0.5669
21:25:42 | t=335 | UPDATE | problem=TSP | head=TSP | uid=tsp:train:7905 | global_index=7905 | arm=0(bq)
    outcome: reward=0.8333 | selected_cost=7.6868 | best_cost=7.6620 | regret=0.0248
    result: record_global_index=7905 | name=None | score=7.6868
    arm_stats: problem_pulls=116 | problem_avg_reward=0.5783 | global_pulls=119 | global_avg_reward=0.5763
    state: rep_history=335/5000 | linear_history=335/10000 | head_mode=problem_specific | theta_norm=0.6430 | A_inv_diag_mean=0.886501 | A_inv_diag_min=0.757156 | A_inv_diag_max=0.963914
21:25:42 | epoch=1 | TRAIN[335] | CVRP | select arm=7(omni) | reason=score
     0(bq              ): pulls=   3 | mean=+0.4398 | bonus=0.4130 | score=+0.6463
     1(elg             ): pulls=   7 | mean=+0.5982 | bonus=0.2858 | score=+0.7411
     2(lehd            ): pulls=   3 | mean=+0.4645 | bonus=0.3525 | score=+0.6407
     7(omni            ): pulls= 158 | mean=+0.6803 | bonus=0.1751 | score=+0.7679 <--
     8(mvmoe           ): pulls=   3 | mean=+0.4342 | bonus=0.3213 | score=+0.5948
21:25:42 | t=336 | UPDATE | problem=CVRP | head=CVRP | uid=cvrp:train:1875 | global_index=1875 | arm=7(omni)
    outcome: reward=0.5000 | selected_cost=13.4413 | best_cost=13.4151 | regret=0.0262
    result: record_global_index=1875 | name=None | score=13.4413
    arm_stats: problem_pulls=159 | problem_avg_reward=0.7138 | global_pulls=159 | global_avg_reward=0.7138
    state: rep_history=336/5000 | linear_history=336/10000 | head_mode=problem_specific | theta_norm=0.7247 | A_inv_diag_mean=0.911519 | A_inv_diag_min=0.805019 | A_inv_diag_max=0.977866
21:25:42 | epoch=1 | TRAIN[336] | CVRP | select arm=7(omni) | reason=score
     0(bq              ): pulls=   3 | mean=+0.5305 | bonus=0.4083 | score=+0.7346
     1(elg             ): pulls=   7 | mean=+0.6775 | bonus=0.2734 | score=+0.8142
     2(lehd            ): pulls=   3 | mean=+0.5475 | bonus=0.3388 | score=+0.7169
     7(omni            ): pulls= 159 | mean=+0.7576 | bonus=0.1370 | score=+0.8261 <--
     8(mvmoe           ): pulls=   3 | mean=+0.5190 | bonus=0.3074 | score=+0.6727
21:25:42 | t=337 | UPDATE | problem=CVRP | head=CVRP | uid=cvrp:train:8802 | global_index=8802 | arm=7(omni)
    outcome: reward=0.7500 | selected_cost=13.4591 | best_cost=12.6992 | regret=0.7599
    result: record_global_index=8802 | name=None | score=13.4591
    arm_stats: problem_pulls=160 | problem_avg_reward=0.7141 | global_pulls=160 | global_avg_reward=0.7141
    state: rep_history=337/5000 | linear_history=337/10000 | head_mode=problem_specific | theta_norm=0.7245 | A_inv_diag_mean=0.911439 | A_inv_diag_min=0.805011 | A_inv_diag_max=0.977865
21:25:42 | epoch=1 | TRAIN[337] | TSP | select arm=0(bq) | reason=score
     0(bq              ): pulls= 116 | mean=+0.6792 | bonus=0.1807 | score=+0.7695 <--
     1(elg             ): pulls=   5 | mean=+0.5407 | bonus=0.3511 | score=+0.7163
     2(lehd            ): pulls=   4 | mean=+0.5073 | bonus=0.2893 | score=+0.6520
     3(t2t             ): pulls=   6 | mean=+0.5164 | bonus=0.3482 | score=+0.6905
     4(t2t500          ): pulls=  22 | mean=+0.6188 | bonus=0.2375 | score=+0.7375
     5(difusco         ): pulls=   3 | mean=+0.5141 | bonus=0.3439 | score=+0.6860
     6(difusco500      ): pulls=   5 | mean=+0.5493 | bonus=0.3195 | score=+0.7091
21:25:42 | t=338 | UPDATE | problem=TSP | head=TSP | uid=tsp:train:4712 | global_index=4712 | arm=0(bq)
    outcome: reward=0.8333 | selected_cost=10.9416 | best_cost=10.9187 | regret=0.0230
    result: record_global_index=4712 | name=None | score=10.9416
    arm_stats: problem_pulls=117 | problem_avg_reward=0.5805 | global_pulls=120 | global_avg_reward=0.5785
    state: rep_history=338/5000 | linear_history=338/10000 | head_mode=problem_specific | theta_norm=0.6402 | A_inv_diag_mean=0.886418 | A_inv_diag_min=0.757146 | A_inv_diag_max=0.963817
21:25:42 | epoch=1 | TRAIN[338] | TSP | select arm=0(bq) | reason=score
     0(bq              ): pulls= 117 | mean=+0.6392 | bonus=0.1324 | score=+0.7055 <--
     1(elg             ): pulls=   5 | mean=+0.4979 | bonus=0.3131 | score=+0.6545
     2(lehd            ): pulls=   4 | mean=+0.4639 | bonus=0.2589 | score=+0.5933
     3(t2t             ): pulls=   6 | mean=+0.4759 | bonus=0.3296 | score=+0.6407
     4(t2t500          ): pulls=  22 | mean=+0.5759 | bonus=0.2145 | score=+0.6831
     5(difusco         ): pulls=   3 | mean=+0.4729 | bonus=0.3056 | score=+0.6257
     6(difusco500      ): pulls=   5 | mean=+0.5078 | bonus=0.2935 | score=+0.6546
21:25:42 | t=339 | UPDATE | problem=TSP | head=TSP | uid=tsp:train:5253 | global_index=5253 | arm=0(bq)
    outcome: reward=1.0000 | selected_cost=9.3762 | best_cost=9.3762 | regret=0.0000
    result: record_global_index=5253 | name=None | score=9.3762
    arm_stats: problem_pulls=118 | problem_avg_reward=0.5840 | global_pulls=121 | global_avg_reward=0.5820
    state: rep_history=339/5000 | linear_history=339/10000 | head_mode=problem_specific | theta_norm=0.6412 | A_inv_diag_mean=0.886402 | A_inv_diag_min=0.757145 | A_inv_diag_max=0.963815
21:25:42 | epoch=1 | TRAIN[339] | CVRP | select arm=1(elg) | reason=score
     0(bq              ): pulls=   3 | mean=+0.5077 | bonus=0.3996 | score=+0.7075
     1(elg             ): pulls=   7 | mean=+0.6522 | bonus=0.2472 | score=+0.7758 <--
     2(lehd            ): pulls=   3 | mean=+0.5212 | bonus=0.3036 | score=+0.6730
     7(omni            ): pulls= 160 | mean=+0.7277 | bonus=0.0955 | score=+0.7754
     8(mvmoe           ): pulls=   3 | mean=+0.4941 | bonus=0.3004 | score=+0.6443
21:25:42 | t=340 | UPDATE | problem=CVRP | head=CVRP | uid=cvrp:train:2505 | global_index=2505 | arm=1(elg)
    outcome: reward=0.5000 | selected_cost=26.0215 | best_cost=25.4017 | regret=0.6198
    result: record_global_index=2505 | name=None | score=26.0215
    arm_stats: problem_pulls=8 | problem_avg_reward=0.5938 | global_pulls=13 | global_avg_reward=0.5449
    state: rep_history=340/5000 | linear_history=340/10000 | head_mode=problem_specific | theta_norm=0.7247 | A_inv_diag_mean=0.910977 | A_inv_diag_min=0.805009 | A_inv_diag_max=0.977845
21:25:42 | epoch=1 | TRAIN[340] | TSP | select arm=0(bq) | reason=score
     0(bq              ): pulls= 118 | mean=+0.6594 | bonus=0.1299 | score=+0.7243 <--
     1(elg             ): pulls=   5 | mean=+0.5154 | bonus=0.3124 | score=+0.6716
     2(lehd            ): pulls=   4 | mean=+0.4808 | bonus=0.2621 | score=+0.6119
     3(t2t             ): pulls=   6 | mean=+0.4937 | bonus=0.3211 | score=+0.6542
     4(t2t500          ): pulls=  22 | mean=+0.5933 | bonus=0.2110 | score=+0.6988
     5(difusco         ): pulls=   3 | mean=+0.4893 | bonus=0.3268 | score=+0.6527
     6(difusco500      ): pulls=   5 | mean=+0.5236 | bonus=0.2869 | score=+0.6670
21:25:42 | t=341 | UPDATE | problem=TSP | head=TSP | uid=tsp:train:7742 | global_index=7742 | arm=0(bq)
    outcome: reward=1.0000 | selected_cost=14.6759 | best_cost=14.6759 | regret=0.0000
    result: record_global_index=7742 | name=None | score=14.6759
    arm_stats: problem_pulls=119 | problem_avg_reward=0.5875 | global_pulls=122 | global_avg_reward=0.5854
    state: rep_history=341/5000 | linear_history=341/10000 | head_mode=problem_specific | theta_norm=0.6461 | A_inv_diag_mean=0.886357 | A_inv_diag_min=0.757145 | A_inv_diag_max=0.963717
21:25:42 | epoch=1 | TRAIN[341] | TSP | select arm=0(bq) | reason=score
     0(bq              ): pulls= 119 | mean=+0.5866 | bonus=0.1266 | score=+0.6499 <--
     1(elg             ): pulls=   5 | mean=+0.4370 | bonus=0.3288 | score=+0.6014
     2(lehd            ): pulls=   4 | mean=+0.4028 | bonus=0.2536 | score=+0.5296
     3(t2t             ): pulls=   6 | mean=+0.4183 | bonus=0.3132 | score=+0.5749
     4(t2t500          ): pulls=  22 | mean=+0.5125 | bonus=0.1996 | score=+0.6123
     5(difusco         ): pulls=   3 | mean=+0.4074 | bonus=0.3261 | score=+0.5704
     6(difusco500      ): pulls=   5 | mean=+0.4388 | bonus=0.2888 | score=+0.5832
21:25:42 | t=342 | UPDATE | problem=TSP | head=TSP | uid=tsp:train:5972 | global_index=5972 | arm=0(bq)
    outcome: reward=0.1667 | selected_cost=9.8798 | best_cost=9.6126 | regret=0.2671
    result: record_global_index=5972 | name=None | score=9.8798
    arm_stats: problem_pulls=120 | problem_avg_reward=0.5840 | global_pulls=123 | global_avg_reward=0.5820
    state: rep_history=342/5000 | linear_history=342/10000 | head_mode=problem_specific | theta_norm=0.6409 | A_inv_diag_mean=0.886278 | A_inv_diag_min=0.757091 | A_inv_diag_max=0.963587
21:25:42 | epoch=1 | TRAIN[342] | TSP | select arm=5(difusco) | reason=epsilon_random
     0(bq              ): pulls= 120 | mean=+0.6561 | bonus=0.1478 | score=+0.7300
     1(elg             ): pulls=   5 | mean=+0.5103 | bonus=0.3211 | score=+0.6709
     2(lehd            ): pulls=   4 | mean=+0.4779 | bonus=0.2720 | score=+0.6139
     3(t2t             ): pulls=   6 | mean=+0.4908 | bonus=0.3382 | score=+0.6599
     4(t2t500          ): pulls=  22 | mean=+0.5912 | bonus=0.2288 | score=+0.7057
     5(difusco         ): pulls=   3 | mean=+0.4877 | bonus=0.3084 | score=+0.6420 <--
     6(difusco500      ): pulls=   5 | mean=+0.5216 | bonus=0.3029 | score=+0.6731
21:25:42 | t=343 | UPDATE | problem=TSP | head=TSP | uid=tsp:train:4313 | global_index=4313 | arm=5(difusco)
    outcome: reward=0.6667 | selected_cost=10.0080 | best_cost=9.9411 | regret=0.0669
    result: record_global_index=4313 | name=None | score=10.0080
    arm_stats: problem_pulls=4 | problem_avg_reward=0.4583 | global_pulls=4 | global_avg_reward=0.4583
    state: rep_history=343/5000 | linear_history=343/10000 | head_mode=problem_specific | theta_norm=0.6335 | A_inv_diag_mean=0.885570 | A_inv_diag_min=0.755940 | A_inv_diag_max=0.962428
21:25:42 | epoch=1 | TRAIN[343] | TSP | select arm=0(bq) | reason=score
     0(bq              ): pulls= 120 | mean=+0.5842 | bonus=0.1407 | score=+0.6546 <--
     1(elg             ): pulls=   5 | mean=+0.4414 | bonus=0.3307 | score=+0.6067
     2(lehd            ): pulls=   4 | mean=+0.4089 | bonus=0.2608 | score=+0.5393
     3(t2t             ): pulls=   6 | mean=+0.4239 | bonus=0.3237 | score=+0.5858
     4(t2t500          ): pulls=  22 | mean=+0.5137 | bonus=0.2113 | score=+0.6194
     5(difusco         ): pulls=   4 | mean=+0.4197 | bonus=0.3199 | score=+0.5796
     6(difusco500      ): pulls=   5 | mean=+0.4422 | bonus=0.2887 | score=+0.5865
21:25:42 | t=344 | UPDATE | problem=TSP | head=TSP | uid=tsp:train:9342 | global_index=9342 | arm=0(bq)
    outcome: reward=0.0000 | selected_cost=6.4442 | best_cost=6.0666 | regret=0.3776
    result: record_global_index=9342 | name=None | score=6.4442
    arm_stats: problem_pulls=121 | problem_avg_reward=0.5792 | global_pulls=124 | global_avg_reward=0.5773
    state: rep_history=344/5000 | linear_history=344/10000 | head_mode=problem_specific | theta_norm=0.6302 | A_inv_diag_mean=0.885484 | A_inv_diag_min=0.755925 | A_inv_diag_max=0.962401
21:25:42 | epoch=1 | TRAIN[344] | CVRP | select arm=7(omni) | reason=score
     0(bq              ): pulls=   3 | mean=+0.5452 | bonus=0.4200 | score=+0.7552
     1(elg             ): pulls=   8 | mean=+0.6874 | bonus=0.2793 | score=+0.8270
     2(lehd            ): pulls=   3 | mean=+0.5651 | bonus=0.3601 | score=+0.7451
     7(omni            ): pulls= 160 | mean=+0.7761 | bonus=0.1414 | score=+0.8468 <--
     8(mvmoe           ): pulls=   3 | mean=+0.5385 | bonus=0.3209 | score=+0.6990
21:25:42 | t=345 | UPDATE | problem=CVRP | head=CVRP | uid=cvrp:train:3336 | global_index=3336 | arm=7(omni)
    outcome: reward=0.7500 | selected_cost=23.6703 | best_cost=23.6012 | regret=0.0691
    result: record_global_index=3336 | name=None | score=23.6703
    arm_stats: problem_pulls=161 | problem_avg_reward=0.7143 | global_pulls=161 | global_avg_reward=0.7143
    state: rep_history=345/5000 | linear_history=345/10000 | head_mode=problem_specific | theta_norm=0.7250 | A_inv_diag_mean=0.910942 | A_inv_diag_min=0.804916 | A_inv_diag_max=0.977845
21:25:42 | epoch=1 | TRAIN[345] | TSP | select arm=0(bq) | reason=score
     0(bq              ): pulls= 121 | mean=+0.5538 | bonus=0.1436 | score=+0.6256 <--
     1(elg             ): pulls=   5 | mean=+0.4109 | bonus=0.3146 | score=+0.5682
     2(lehd            ): pulls=   4 | mean=+0.3838 | bonus=0.2613 | score=+0.5145
     3(t2t             ): pulls=   6 | mean=+0.3995 | bonus=0.3221 | score=+0.5605
     4(t2t500          ): pulls=  22 | mean=+0.4906 | bonus=0.2274 | score=+0.6043
     5(difusco         ): pulls=   4 | mean=+0.3910 | bonus=0.3423 | score=+0.5621
     6(difusco500      ): pulls=   5 | mean=+0.4197 | bonus=0.2809 | score=+0.5602
21:25:42 | t=346 | UPDATE | problem=TSP | head=TSP | uid=tsp:train:9018 | global_index=9018 | arm=0(bq)
    outcome: reward=0.0000 | selected_cost=6.7739 | best_cost=6.0494 | regret=0.7245
    result: record_global_index=9018 | name=None | score=6.7739
    arm_stats: problem_pulls=122 | problem_avg_reward=0.5745 | global_pulls=125 | global_avg_reward=0.5727
    state: rep_history=346/5000 | linear_history=346/10000 | head_mode=problem_specific | theta_norm=0.6235 | A_inv_diag_mean=0.885398 | A_inv_diag_min=0.755583 | A_inv_diag_max=0.962399
21:25:42 | epoch=1 | TRAIN[346] | TSP | select arm=0(bq) | reason=score
     0(bq              ): pulls= 122 | mean=+0.7273 | bonus=0.5006 | score=+0.9776 <--
     1(elg             ): pulls=   5 | mean=+0.6000 | bonus=0.6043 | score=+0.9022
     2(lehd            ): pulls=   4 | mean=+0.5689 | bonus=0.5508 | score=+0.8443
     3(t2t             ): pulls=   6 | mean=+0.5690 | bonus=0.6021 | score=+0.8701
     4(t2t500          ): pulls=  22 | mean=+0.6731 | bonus=0.5125 | score=+0.9293
     5(difusco         ): pulls=   4 | mean=+0.5702 | bonus=0.5723 | score=+0.8563
     6(difusco500      ): pulls=   5 | mean=+0.6036 | bonus=0.5970 | score=+0.9021
21:25:42 | t=347 | UPDATE | problem=TSP | head=TSP | uid=tsp:train:6367 | global_index=6367 | arm=0(bq)
    outcome: reward=0.0000 | selected_cost=5.6526 | best_cost=4.9314 | regret=0.7212
    result: record_global_index=6367 | name=None | score=5.6526
    arm_stats: problem_pulls=123 | problem_avg_reward=0.5698 | global_pulls=126 | global_avg_reward=0.5681
    state: rep_history=347/5000 | linear_history=347/10000 | head_mode=problem_specific | theta_norm=0.6494 | A_inv_diag_mean=0.884857 | A_inv_diag_min=0.753133 | A_inv_diag_max=0.961867
21:25:42 | epoch=1 | TRAIN[347] | CVRP | select arm=7(omni) | reason=score
     0(bq              ): pulls=   3 | mean=+0.5102 | bonus=0.3985 | score=+0.7095
     1(elg             ): pulls=   8 | mean=+0.6504 | bonus=0.2523 | score=+0.7765
     2(lehd            ): pulls=   3 | mean=+0.5274 | bonus=0.3244 | score=+0.6896
     7(omni            ): pulls= 161 | mean=+0.7359 | bonus=0.1106 | score=+0.7912 <--
     8(mvmoe           ): pulls=   3 | mean=+0.5018 | bonus=0.3097 | score=+0.6566
21:25:42 | t=348 | UPDATE | problem=CVRP | head=CVRP | uid=cvrp:train:4184 | global_index=4184 | arm=7(omni)
    outcome: reward=1.0000 | selected_cost=25.1891 | best_cost=25.1891 | regret=0.0000
    result: record_global_index=4184 | name=None | score=25.1891
    arm_stats: problem_pulls=162 | problem_avg_reward=0.7160 | global_pulls=162 | global_avg_reward=0.7160
    state: rep_history=348/5000 | linear_history=348/10000 | head_mode=problem_specific | theta_norm=0.7276 | A_inv_diag_mean=0.910900 | A_inv_diag_min=0.804916 | A_inv_diag_max=0.977844
21:25:42 | epoch=1 | TRAIN[348] | CVRP | select arm=7(omni) | reason=score
     0(bq              ): pulls=   3 | mean=+0.5265 | bonus=0.4050 | score=+0.7291
     1(elg             ): pulls=   8 | mean=+0.6679 | bonus=0.2527 | score=+0.7942
     2(lehd            ): pulls=   3 | mean=+0.5448 | bonus=0.3215 | score=+0.7056
     7(omni            ): pulls= 162 | mean=+0.7558 | bonus=0.1237 | score=+0.8177 <--
     8(mvmoe           ): pulls=   3 | mean=+0.5196 | bonus=0.3119 | score=+0.6755
21:25:42 | t=349 | UPDATE | problem=CVRP | head=CVRP | uid=cvrp:train:8891 | global_index=8891 | arm=7(omni)
    outcome: reward=1.0000 | selected_cost=18.5451 | best_cost=18.5451 | regret=0.0000
    result: record_global_index=8891 | name=None | score=18.5451
    arm_stats: problem_pulls=163 | problem_avg_reward=0.7178 | global_pulls=163 | global_avg_reward=0.7178
    state: rep_history=349/5000 | linear_history=349/10000 | head_mode=problem_specific | theta_norm=0.7270 | A_inv_diag_mean=0.910847 | A_inv_diag_min=0.804910 | A_inv_diag_max=0.977728
21:25:42 | epoch=1 | TRAIN[349] | TSP | select arm=0(bq) | reason=score
     0(bq              ): pulls= 123 | mean=+0.6949 | bonus=0.1797 | score=+0.7848 <--
     1(elg             ): pulls=   5 | mean=+0.5543 | bonus=0.3478 | score=+0.7282
     2(lehd            ): pulls=   4 | mean=+0.5360 | bonus=0.2993 | score=+0.6856
     3(t2t             ): pulls=   6 | mean=+0.5434 | bonus=0.3547 | score=+0.7208
     4(t2t500          ): pulls=  22 | mean=+0.6508 | bonus=0.2524 | score=+0.7769
     5(difusco         ): pulls=   4 | mean=+0.5461 | bonus=0.2928 | score=+0.6925
     6(difusco500      ): pulls=   5 | mean=+0.5765 | bonus=0.3282 | score=+0.7405
21:25:42 | t=350 | UPDATE | problem=TSP | head=TSP | uid=tsp:train:6942 | global_index=6942 | arm=0(bq)
    outcome: reward=0.6667 | selected_cost=13.6416 | best_cost=13.5053 | regret=0.1363
    result: record_global_index=6942 | name=None | score=13.6416
    arm_stats: problem_pulls=124 | problem_avg_reward=0.5706 | global_pulls=127 | global_avg_reward=0.5689
    state: rep_history=350/5000 | linear_history=350/10000 | head_mode=problem_specific | theta_norm=0.6497 | A_inv_diag_mean=0.884777 | A_inv_diag_min=0.753085 | A_inv_diag_max=0.961707
21:25:42 | epoch=1 | TRAIN[350] | TSP | select arm=0(bq) | reason=score
     0(bq              ): pulls= 124 | mean=+0.4799 | bonus=0.2112 | score=+0.5855 <--
     1(elg             ): pulls=   5 | mean=+0.3571 | bonus=0.3492 | score=+0.5317
     2(lehd            ): pulls=   4 | mean=+0.3181 | bonus=0.3213 | score=+0.4788
     3(t2t             ): pulls=   6 | mean=+0.3094 | bonus=0.3935 | score=+0.5061
     4(t2t500          ): pulls=  22 | mean=+0.4152 | bonus=0.2711 | score=+0.5508
     5(difusco         ): pulls=   4 | mean=+0.3201 | bonus=0.3604 | score=+0.5003
     6(difusco500      ): pulls=   5 | mean=+0.3529 | bonus=0.3415 | score=+0.5237
21:25:42 | t=351 | UPDATE | problem=TSP | head=TSP | uid=tsp:train:2023 | global_index=2023 | arm=0(bq)
    outcome: reward=0.0000 | selected_cost=6.1426 | best_cost=5.7700 | regret=0.3726
    result: record_global_index=2023 | name=None | score=6.1426
    arm_stats: problem_pulls=125 | problem_avg_reward=0.5660 | global_pulls=128 | global_avg_reward=0.5645
    state: rep_history=351/5000 | linear_history=351/10000 | head_mode=problem_specific | theta_norm=0.6476 | A_inv_diag_mean=0.884610 | A_inv_diag_min=0.753064 | A_inv_diag_max=0.961541
21:25:42 | epoch=1 | TRAIN[351] | CVRP | select arm=7(omni) | reason=score
     0(bq              ): pulls=   3 | mean=+0.5230 | bonus=0.4021 | score=+0.7241
     1(elg             ): pulls=   8 | mean=+0.6648 | bonus=0.2582 | score=+0.7939
     2(lehd            ): pulls=   3 | mean=+0.5412 | bonus=0.3388 | score=+0.7106
     7(omni            ): pulls= 163 | mean=+0.7542 | bonus=0.1092 | score=+0.8088 <--
     8(mvmoe           ): pulls=   3 | mean=+0.5171 | bonus=0.3010 | score=+0.6676
21:25:42 | t=352 | UPDATE | problem=CVRP | head=CVRP | uid=cvrp:train:5853 | global_index=5853 | arm=7(omni)
    outcome: reward=0.5000 | selected_cost=12.4604 | best_cost=11.6772 | regret=0.7832
    result: record_global_index=5853 | name=None | score=12.4604
    arm_stats: problem_pulls=164 | problem_avg_reward=0.7165 | global_pulls=164 | global_avg_reward=0.7165
    state: rep_history=352/5000 | linear_history=352/10000 | head_mode=problem_specific | theta_norm=0.7266 | A_inv_diag_mean=0.910831 | A_inv_diag_min=0.804884 | A_inv_diag_max=0.977708
21:25:42 | epoch=1 | TRAIN[352] | TSP | select arm=4(t2t500) | reason=score
     0(bq              ): pulls= 125 | mean=+0.6709 | bonus=0.1442 | score=+0.7429
     1(elg             ): pulls=   5 | mean=+0.5321 | bonus=0.3233 | score=+0.6938
     2(lehd            ): pulls=   4 | mean=+0.5151 | bonus=0.2741 | score=+0.6521
     3(t2t             ): pulls=   6 | mean=+0.5207 | bonus=0.3325 | score=+0.6870
     4(t2t500          ): pulls=  22 | mean=+0.6308 | bonus=0.2258 | score=+0.7437 <--
     5(difusco         ): pulls=   4 | mean=+0.5253 | bonus=0.2874 | score=+0.6690
     6(difusco500      ): pulls=   5 | mean=+0.5557 | bonus=0.3025 | score=+0.7070
21:25:42 | t=353 | UPDATE | problem=TSP | head=TSP | uid=tsp:train:4319 | global_index=4319 | arm=4(t2t500)
    outcome: reward=0.6667 | selected_cost=12.1238 | best_cost=11.9304 | regret=0.1934
    result: record_global_index=4319 | name=None | score=12.1238
    arm_stats: problem_pulls=23 | problem_avg_reward=0.5435 | global_pulls=23 | global_avg_reward=0.5435
    state: rep_history=353/5000 | linear_history=353/10000 | head_mode=problem_specific | theta_norm=0.6484 | A_inv_diag_mean=0.884493 | A_inv_diag_min=0.752930 | A_inv_diag_max=0.961474
21:25:42 | epoch=1 | TRAIN[353] | TSP | select arm=0(bq) | reason=score
     0(bq              ): pulls= 125 | mean=+0.5677 | bonus=0.1281 | score=+0.6318 <--
     1(elg             ): pulls=   5 | mean=+0.4262 | bonus=0.3140 | score=+0.5832
     2(lehd            ): pulls=   4 | mean=+0.4123 | bonus=0.2519 | score=+0.5382
     3(t2t             ): pulls=   6 | mean=+0.4199 | bonus=0.3205 | score=+0.5802
     4(t2t500          ): pulls=  23 | mean=+0.5261 | bonus=0.2077 | score=+0.6299
     5(difusco         ): pulls=   4 | mean=+0.4143 | bonus=0.3277 | score=+0.5782
     6(difusco500      ): pulls=   5 | mean=+0.4447 | bonus=0.2839 | score=+0.5867
21:25:42 | t=354 | UPDATE | problem=TSP | head=TSP | uid=tsp:train:7806 | global_index=7806 | arm=0(bq)
    outcome: reward=0.1667 | selected_cost=7.5072 | best_cost=6.9850 | regret=0.5222
    result: record_global_index=7806 | name=None | score=7.5072
    arm_stats: problem_pulls=126 | problem_avg_reward=0.5628 | global_pulls=129 | global_avg_reward=0.5614
    state: rep_history=354/5000 | linear_history=354/10000 | head_mode=problem_specific | theta_norm=0.6522 | A_inv_diag_mean=0.884394 | A_inv_diag_min=0.752871 | A_inv_diag_max=0.961474
21:25:42 | epoch=1 | TRAIN[354] | TSP | select arm=0(bq) | reason=score
     0(bq              ): pulls= 126 | mean=+0.6999 | bonus=0.1725 | score=+0.7862 <--
     1(elg             ): pulls=   5 | mean=+0.5645 | bonus=0.3422 | score=+0.7355
     2(lehd            ): pulls=   4 | mean=+0.5488 | bonus=0.2962 | score=+0.6969
     3(t2t             ): pulls=   6 | mean=+0.5526 | bonus=0.3497 | score=+0.7275
     4(t2t500          ): pulls=  23 | mean=+0.6643 | bonus=0.2427 | score=+0.7856
     5(difusco         ): pulls=   4 | mean=+0.5543 | bonus=0.3136 | score=+0.7111
     6(difusco500      ): pulls=   5 | mean=+0.5902 | bonus=0.3162 | score=+0.7483
21:25:42 | t=355 | UPDATE | problem=TSP | head=TSP | uid=tsp:train:2532 | global_index=2532 | arm=0(bq)
    outcome: reward=0.3333 | selected_cost=9.2035 | best_cost=8.8791 | regret=0.3244
    result: record_global_index=2532 | name=None | score=9.2035
    arm_stats: problem_pulls=127 | problem_avg_reward=0.5610 | global_pulls=130 | global_avg_reward=0.5596
    state: rep_history=355/5000 | linear_history=355/10000 | head_mode=problem_specific | theta_norm=0.6566 | A_inv_diag_mean=0.884314 | A_inv_diag_min=0.752857 | A_inv_diag_max=0.961081
21:25:42 | epoch=1 | TRAIN[355] | TSP | select arm=4(t2t500) | reason=score
     0(bq              ): pulls= 127 | mean=+0.6269 | bonus=0.1369 | score=+0.6953
     1(elg             ): pulls=   5 | mean=+0.4923 | bonus=0.3226 | score=+0.6536
     2(lehd            ): pulls=   4 | mean=+0.4779 | bonus=0.2610 | score=+0.6085
     3(t2t             ): pulls=   6 | mean=+0.4827 | bonus=0.3356 | score=+0.6505
     4(t2t500          ): pulls=  23 | mean=+0.5935 | bonus=0.2135 | score=+0.7003 <--
     5(difusco         ): pulls=   4 | mean=+0.4830 | bonus=0.2946 | score=+0.6303
     6(difusco500      ): pulls=   5 | mean=+0.5186 | bonus=0.3003 | score=+0.6688
21:25:42 | t=356 | UPDATE | problem=TSP | head=TSP | uid=tsp:train:1086 | global_index=1086 | arm=4(t2t500)
    outcome: reward=0.3333 | selected_cost=8.4225 | best_cost=8.3219 | regret=0.1006
    result: record_global_index=1086 | name=None | score=8.4225
    arm_stats: problem_pulls=24 | problem_avg_reward=0.5347 | global_pulls=24 | global_avg_reward=0.5347
    state: rep_history=356/5000 | linear_history=356/10000 | head_mode=problem_specific | theta_norm=0.6557 | A_inv_diag_mean=0.884187 | A_inv_diag_min=0.752797 | A_inv_diag_max=0.960874
21:25:42 | epoch=1 | TRAIN[356] | TSP | select arm=0(bq) | reason=score
     0(bq              ): pulls= 127 | mean=+0.6920 | bonus=0.1747 | score=+0.7794 <--
     1(elg             ): pulls=   5 | mean=+0.5588 | bonus=0.3359 | score=+0.7268
     2(lehd            ): pulls=   4 | mean=+0.5395 | bonus=0.2949 | score=+0.6870
     3(t2t             ): pulls=   6 | mean=+0.5450 | bonus=0.3538 | score=+0.7219
     4(t2t500          ): pulls=  24 | mean=+0.6502 | bonus=0.2409 | score=+0.7707
     5(difusco         ): pulls=   4 | mean=+0.5516 | bonus=0.3069 | score=+0.7051
     6(difusco500      ): pulls=   5 | mean=+0.5824 | bonus=0.3121 | score=+0.7385
21:25:42 | t=357 | UPDATE | problem=TSP | head=TSP | uid=tsp:train:1365 | global_index=1365 | arm=0(bq)
    outcome: reward=0.5000 | selected_cost=10.9955 | best_cost=10.9253 | regret=0.0702
    result: record_global_index=1365 | name=None | score=10.9955
    arm_stats: problem_pulls=128 | problem_avg_reward=0.5605 | global_pulls=131 | global_avg_reward=0.5592
    state: rep_history=357/5000 | linear_history=357/10000 | head_mode=problem_specific | theta_norm=0.6573 | A_inv_diag_mean=0.884111 | A_inv_diag_min=0.752741 | A_inv_diag_max=0.960716
21:25:42 | epoch=1 | TRAIN[357] | TSP | select arm=0(bq) | reason=score
     0(bq              ): pulls= 128 | mean=+0.5386 | bonus=0.1292 | score=+0.6032 <--
     1(elg             ): pulls=   5 | mean=+0.4044 | bonus=0.3130 | score=+0.5609
     2(lehd            ): pulls=   4 | mean=+0.3876 | bonus=0.2460 | score=+0.5106
     3(t2t             ): pulls=   6 | mean=+0.3950 | bonus=0.3107 | score=+0.5503
     4(t2t500          ): pulls=  24 | mean=+0.4938 | bonus=0.2104 | score=+0.5991
     5(difusco         ): pulls=   4 | mean=+0.3890 | bonus=0.3112 | score=+0.5446
     6(difusco500      ): pulls=   5 | mean=+0.4214 | bonus=0.2980 | score=+0.5703
21:25:42 | t=358 | UPDATE | problem=TSP | head=TSP | uid=tsp:train:3084 | global_index=3084 | arm=0(bq)
    outcome: reward=1.0000 | selected_cost=6.0493 | best_cost=6.0493 | regret=0.0000
    result: record_global_index=3084 | name=None | score=6.0493
    arm_stats: problem_pulls=129 | problem_avg_reward=0.5640 | global_pulls=132 | global_avg_reward=0.5625
    state: rep_history=358/5000 | linear_history=358/10000 | head_mode=problem_specific | theta_norm=0.6663 | A_inv_diag_mean=0.884053 | A_inv_diag_min=0.752741 | A_inv_diag_max=0.960537
21:25:42 | epoch=1 | TRAIN[358] | CVRP | select arm=7(omni) | reason=score
     0(bq              ): pulls=   3 | mean=+0.5244 | bonus=0.3984 | score=+0.7235
     1(elg             ): pulls=   8 | mean=+0.6644 | bonus=0.2414 | score=+0.7851
     2(lehd            ): pulls=   3 | mean=+0.5401 | bonus=0.3131 | score=+0.6967
     7(omni            ): pulls= 164 | mean=+0.7517 | bonus=0.1119 | score=+0.8077 <--
     8(mvmoe           ): pulls=   3 | mean=+0.5173 | bonus=0.3052 | score=+0.6698
21:25:42 | t=359 | UPDATE | problem=CVRP | head=CVRP | uid=cvrp:train:7264 | global_index=7264 | arm=7(omni)
    outcome: reward=0.5000 | selected_cost=14.1192 | best_cost=12.9179 | regret=1.2012
    result: record_global_index=7264 | name=None | score=14.1192
    arm_stats: problem_pulls=165 | problem_avg_reward=0.7152 | global_pulls=165 | global_avg_reward=0.7152
    state: rep_history=359/5000 | linear_history=359/10000 | head_mode=problem_specific | theta_norm=0.7244 | A_inv_diag_mean=0.910778 | A_inv_diag_min=0.804869 | A_inv_diag_max=0.977520
21:25:42 | epoch=1 | TRAIN[359] | TSP | select arm=0(bq) | reason=score
     0(bq              ): pulls= 129 | mean=+0.5142 | bonus=0.1432 | score=+0.5857 <--
     1(elg             ): pulls=   5 | mean=+0.3904 | bonus=0.3188 | score=+0.5498
     2(lehd            ): pulls=   4 | mean=+0.3637 | bonus=0.2627 | score=+0.4951
     3(t2t             ): pulls=   6 | mean=+0.3588 | bonus=0.3284 | score=+0.5231
     4(t2t500          ): pulls=  24 | mean=+0.4671 | bonus=0.2274 | score=+0.5808
     5(difusco         ): pulls=   4 | mean=+0.3656 | bonus=0.3134 | score=+0.5223
     6(difusco500      ): pulls=   5 | mean=+0.4015 | bonus=0.3097 | score=+0.5564
21:25:42 | t=360 | UPDATE | problem=TSP | head=TSP | uid=tsp:train:86 | global_index=86 | arm=0(bq)
    outcome: reward=1.0000 | selected_cost=6.7476 | best_cost=6.7476 | regret=0.0000
    result: record_global_index=86 | name=None | score=6.7476
    arm_stats: problem_pulls=130 | problem_avg_reward=0.5673 | global_pulls=133 | global_avg_reward=0.5658
    state: rep_history=360/5000 | linear_history=360/10000 | head_mode=problem_specific | theta_norm=0.6742 | A_inv_diag_mean=0.883987 | A_inv_diag_min=0.752526 | A_inv_diag_max=0.960502
21:25:42 | epoch=1 | TRAIN[360] | TSP | select arm=0(bq) | reason=score
     0(bq              ): pulls= 130 | mean=+0.6049 | bonus=0.1197 | score=+0.6647 <--
     1(elg             ): pulls=   5 | mean=+0.4623 | bonus=0.2978 | score=+0.6112
     2(lehd            ): pulls=   4 | mean=+0.4437 | bonus=0.2428 | score=+0.5651
     3(t2t             ): pulls=   6 | mean=+0.4529 | bonus=0.3131 | score=+0.6094
     4(t2t500          ): pulls=  24 | mean=+0.5569 | bonus=0.2053 | score=+0.6595
     5(difusco         ): pulls=   4 | mean=+0.4535 | bonus=0.3100 | score=+0.6084
     6(difusco500      ): pulls=   5 | mean=+0.4865 | bonus=0.2819 | score=+0.6275
21:25:42 | t=361 | UPDATE | problem=TSP | head=TSP | uid=tsp:train:1833 | global_index=1833 | arm=0(bq)
    outcome: reward=0.0000 | selected_cost=10.1178 | best_cost=9.3164 | regret=0.8014
    result: record_global_index=1833 | name=None | score=10.1178
    arm_stats: problem_pulls=131 | problem_avg_reward=0.5630 | global_pulls=134 | global_avg_reward=0.5616
    state: rep_history=361/5000 | linear_history=361/10000 | head_mode=problem_specific | theta_norm=0.6636 | A_inv_diag_mean=0.883950 | A_inv_diag_min=0.752483 | A_inv_diag_max=0.960423
21:25:42 | epoch=1 | TRAIN[361] | CVRP | select arm=1(elg) | reason=epsilon_random
     0(bq              ): pulls=   3 | mean=+0.5205 | bonus=0.4084 | score=+0.7247
     1(elg             ): pulls=   8 | mean=+0.6618 | bonus=0.2587 | score=+0.7911 <--
     2(lehd            ): pulls=   3 | mean=+0.5384 | bonus=0.3425 | score=+0.7097
     7(omni            ): pulls= 165 | mean=+0.7495 | bonus=0.1220 | score=+0.8105
     8(mvmoe           ): pulls=   3 | mean=+0.5137 | bonus=0.3009 | score=+0.6642
21:25:42 | t=362 | UPDATE | problem=CVRP | head=CVRP | uid=cvrp:train:3816 | global_index=3816 | arm=1(elg)
    outcome: reward=0.5000 | selected_cost=24.6942 | best_cost=24.1614 | regret=0.5328
    result: record_global_index=3816 | name=None | score=24.6942
    arm_stats: problem_pulls=9 | problem_avg_reward=0.5833 | global_pulls=14 | global_avg_reward=0.5417
    state: rep_history=362/5000 | linear_history=362/10000 | head_mode=problem_specific | theta_norm=0.7278 | A_inv_diag_mean=0.910344 | A_inv_diag_min=0.804783 | A_inv_diag_max=0.977449
21:25:42 | epoch=1 | TRAIN[362] | TSP | select arm=0(bq) | reason=score
     0(bq              ): pulls= 131 | mean=+0.5660 | bonus=0.1202 | score=+0.6260 <--
     1(elg             ): pulls=   5 | mean=+0.4298 | bonus=0.3126 | score=+0.5861
     2(lehd            ): pulls=   4 | mean=+0.4113 | bonus=0.2458 | score=+0.5342
     3(t2t             ): pulls=   6 | mean=+0.4193 | bonus=0.3045 | score=+0.5715
     4(t2t500          ): pulls=  24 | mean=+0.5196 | bonus=0.2064 | score=+0.6228
     5(difusco         ): pulls=   4 | mean=+0.4121 | bonus=0.3161 | score=+0.5701
     6(difusco500      ): pulls=   5 | mean=+0.4510 | bonus=0.2907 | score=+0.5964
21:25:42 | t=363 | UPDATE | problem=TSP | head=TSP | uid=tsp:train:8322 | global_index=8322 | arm=0(bq)
    outcome: reward=1.0000 | selected_cost=7.6172 | best_cost=7.6172 | regret=0.0000
    result: record_global_index=8322 | name=None | score=7.6172
    arm_stats: problem_pulls=132 | problem_avg_reward=0.5663 | global_pulls=135 | global_avg_reward=0.5648
    state: rep_history=363/5000 | linear_history=363/10000 | head_mode=problem_specific | theta_norm=0.6719 | A_inv_diag_mean=0.883901 | A_inv_diag_min=0.752332 | A_inv_diag_max=0.960389
21:25:42 | epoch=1 | TRAIN[363] | CVRP | select arm=7(omni) | reason=score
     0(bq              ): pulls=   3 | mean=+0.4935 | bonus=0.3966 | score=+0.6918
     1(elg             ): pulls=   9 | mean=+0.6271 | bonus=0.2312 | score=+0.7427
     2(lehd            ): pulls=   3 | mean=+0.5095 | bonus=0.3217 | score=+0.6704
     7(omni            ): pulls= 165 | mean=+0.7193 | bonus=0.1044 | score=+0.7715 <--
     8(mvmoe           ): pulls=   3 | mean=+0.4893 | bonus=0.2933 | score=+0.6360
21:25:42 | t=364 | UPDATE | problem=CVRP | head=CVRP | uid=cvrp:train:9115 | global_index=9115 | arm=7(omni)
    outcome: reward=0.2500 | selected_cost=19.5368 | best_cost=18.9602 | regret=0.5767
    result: record_global_index=9115 | name=None | score=19.5368
    arm_stats: problem_pulls=166 | problem_avg_reward=0.7123 | global_pulls=166 | global_avg_reward=0.7123
    state: rep_history=364/5000 | linear_history=364/10000 | head_mode=problem_specific | theta_norm=0.7265 | A_inv_diag_mean=0.910297 | A_inv_diag_min=0.804781 | A_inv_diag_max=0.977405
21:25:42 | epoch=1 | TRAIN[364] | CVRP | select arm=7(omni) | reason=score
     0(bq              ): pulls=   3 | mean=+0.4814 | bonus=0.4057 | score=+0.6842
     1(elg             ): pulls=   9 | mean=+0.6150 | bonus=0.2658 | score=+0.7479
     2(lehd            ): pulls=   3 | mean=+0.4949 | bonus=0.3400 | score=+0.6649
     7(omni            ): pulls= 166 | mean=+0.7015 | bonus=0.1457 | score=+0.7744 <--
     8(mvmoe           ): pulls=   3 | mean=+0.4776 | bonus=0.3329 | score=+0.6440
21:25:42 | t=365 | UPDATE | problem=CVRP | head=CVRP | uid=cvrp:train:8108 | global_index=8108 | arm=7(omni)
    outcome: reward=0.2500 | selected_cost=11.8195 | best_cost=11.4499 | regret=0.3696
    result: record_global_index=8108 | name=None | score=11.8195
    arm_stats: problem_pulls=167 | problem_avg_reward=0.7096 | global_pulls=167 | global_avg_reward=0.7096
    state: rep_history=365/5000 | linear_history=365/10000 | head_mode=problem_specific | theta_norm=0.7239 | A_inv_diag_mean=0.910215 | A_inv_diag_min=0.804781 | A_inv_diag_max=0.977153
21:25:42 | epoch=1 | TRAIN[365] | CVRP | select arm=7(omni) | reason=score
     0(bq              ): pulls=   3 | mean=+0.4933 | bonus=0.3978 | score=+0.6922
     1(elg             ): pulls=   9 | mean=+0.6237 | bonus=0.2359 | score=+0.7416
     2(lehd            ): pulls=   3 | mean=+0.5047 | bonus=0.3016 | score=+0.6555
     7(omni            ): pulls= 167 | mean=+0.7083 | bonus=0.1055 | score=+0.7610 <--
     8(mvmoe           ): pulls=   3 | mean=+0.4832 | bonus=0.3004 | score=+0.6334
21:25:42 | t=366 | UPDATE | problem=CVRP | head=CVRP | uid=cvrp:train:4797 | global_index=4797 | arm=7(omni)
    outcome: reward=0.7500 | selected_cost=22.1974 | best_cost=21.9689 | regret=0.2285
    result: record_global_index=4797 | name=None | score=22.1974
    arm_stats: problem_pulls=168 | problem_avg_reward=0.7098 | global_pulls=168 | global_avg_reward=0.7098
    state: rep_history=366/5000 | linear_history=366/10000 | head_mode=problem_specific | theta_norm=0.7248 | A_inv_diag_mean=0.910160 | A_inv_diag_min=0.804622 | A_inv_diag_max=0.977119
21:25:42 | epoch=1 | TRAIN[366] | CVRP | select arm=7(omni) | reason=score
     0(bq              ): pulls=   3 | mean=+0.5041 | bonus=0.4002 | score=+0.7042
     1(elg             ): pulls=   9 | mean=+0.6345 | bonus=0.2287 | score=+0.7489
     2(lehd            ): pulls=   3 | mean=+0.5167 | bonus=0.3106 | score=+0.6720
     7(omni            ): pulls= 168 | mean=+0.7217 | bonus=0.1117 | score=+0.7775 <--
     8(mvmoe           ): pulls=   3 | mean=+0.4939 | bonus=0.2968 | score=+0.6423
21:25:42 | t=367 | UPDATE | problem=CVRP | head=CVRP | uid=cvrp:train:890 | global_index=890 | arm=7(omni)
    outcome: reward=1.0000 | selected_cost=24.7667 | best_cost=24.7667 | regret=0.0000
    result: record_global_index=890 | name=None | score=24.7667
    arm_stats: problem_pulls=169 | problem_avg_reward=0.7115 | global_pulls=169 | global_avg_reward=0.7115
    state: rep_history=367/5000 | linear_history=367/10000 | head_mode=problem_specific | theta_norm=0.7308 | A_inv_diag_mean=0.910124 | A_inv_diag_min=0.804584 | A_inv_diag_max=0.977088
21:25:42 | epoch=1 | TRAIN[367] | TSP | select arm=0(bq) | reason=score
     0(bq              ): pulls= 132 | mean=+0.5344 | bonus=0.1417 | score=+0.6053 <--
     1(elg             ): pulls=   5 | mean=+0.3974 | bonus=0.3348 | score=+0.5648
     2(lehd            ): pulls=   4 | mean=+0.3753 | bonus=0.2602 | score=+0.5054
     3(t2t             ): pulls=   6 | mean=+0.3809 | bonus=0.3255 | score=+0.5436
     4(t2t500          ): pulls=  24 | mean=+0.4829 | bonus=0.2150 | score=+0.5904
     5(difusco         ): pulls=   4 | mean=+0.3785 | bonus=0.3349 | score=+0.5459
     6(difusco500      ): pulls=   5 | mean=+0.4144 | bonus=0.2978 | score=+0.5633
21:25:42 | t=368 | UPDATE | problem=TSP | head=TSP | uid=tsp:train:1593 | global_index=1593 | arm=0(bq)
    outcome: reward=1.0000 | selected_cost=5.9935 | best_cost=5.9935 | regret=0.0000
    result: record_global_index=1593 | name=None | score=5.9935
    arm_stats: problem_pulls=133 | problem_avg_reward=0.5695 | global_pulls=136 | global_avg_reward=0.5680
    state: rep_history=368/5000 | linear_history=368/10000 | head_mode=problem_specific | theta_norm=0.6643 | A_inv_diag_mean=0.883789 | A_inv_diag_min=0.752146 | A_inv_diag_max=0.960316
21:25:42 | epoch=1 | TRAIN[368] | CVRP | select arm=7(omni) | reason=score
     0(bq              ): pulls=   3 | mean=+0.4732 | bonus=0.4177 | score=+0.6821
     1(elg             ): pulls=   9 | mean=+0.6043 | bonus=0.2803 | score=+0.7444
     2(lehd            ): pulls=   3 | mean=+0.4828 | bonus=0.3460 | score=+0.6558
     7(omni            ): pulls= 169 | mean=+0.6903 | bonus=0.1628 | score=+0.7717 <--
     8(mvmoe           ): pulls=   3 | mean=+0.4655 | bonus=0.3411 | score=+0.6360
21:25:42 | t=369 | UPDATE | problem=CVRP | head=CVRP | uid=cvrp:train:9477 | global_index=9477 | arm=7(omni)
    outcome: reward=0.5000 | selected_cost=16.7076 | best_cost=16.2005 | regret=0.5071
    result: record_global_index=9477 | name=None | score=16.7076
    arm_stats: problem_pulls=170 | problem_avg_reward=0.7103 | global_pulls=170 | global_avg_reward=0.7103
    state: rep_history=369/5000 | linear_history=369/10000 | head_mode=problem_specific | theta_norm=0.7317 | A_inv_diag_mean=0.910037 | A_inv_diag_min=0.804583 | A_inv_diag_max=0.976963
21:25:42 | epoch=1 | TRAIN[369] | TSP | select arm=0(bq) | reason=score
     0(bq              ): pulls= 133 | mean=+0.6257 | bonus=0.1286 | score=+0.6900 <--
     1(elg             ): pulls=   5 | mean=+0.4877 | bonus=0.2994 | score=+0.6375
     2(lehd            ): pulls=   4 | mean=+0.4634 | bonus=0.2516 | score=+0.5892
     3(t2t             ): pulls=   6 | mean=+0.4701 | bonus=0.3210 | score=+0.6306
     4(t2t500          ): pulls=  24 | mean=+0.5767 | bonus=0.2071 | score=+0.6802
     5(difusco         ): pulls=   4 | mean=+0.4784 | bonus=0.3049 | score=+0.6308
     6(difusco500      ): pulls=   5 | mean=+0.5108 | bonus=0.2810 | score=+0.6513
21:25:42 | t=370 | UPDATE | problem=TSP | head=TSP | uid=tsp:train:6934 | global_index=6934 | arm=0(bq)
    outcome: reward=0.0000 | selected_cost=9.3676 | best_cost=8.7719 | regret=0.5957
    result: record_global_index=6934 | name=None | score=9.3676
    arm_stats: problem_pulls=134 | problem_avg_reward=0.5653 | global_pulls=137 | global_avg_reward=0.5639
    state: rep_history=370/5000 | linear_history=370/10000 | head_mode=problem_specific | theta_norm=0.6542 | A_inv_diag_mean=0.883746 | A_inv_diag_min=0.752115 | A_inv_diag_max=0.960218
21:25:42 | epoch=1 | TRAIN[370] | CVRP | select arm=7(omni) | reason=score
     0(bq              ): pulls=   3 | mean=+0.5175 | bonus=0.4017 | score=+0.7183
     1(elg             ): pulls=   9 | mean=+0.6499 | bonus=0.2451 | score=+0.7724
     2(lehd            ): pulls=   3 | mean=+0.5327 | bonus=0.3291 | score=+0.6972
     7(omni            ): pulls= 170 | mean=+0.7433 | bonus=0.1038 | score=+0.7952 <--
     8(mvmoe           ): pulls=   3 | mean=+0.5092 | bonus=0.3010 | score=+0.6597
21:25:42 | t=371 | UPDATE | problem=CVRP | head=CVRP | uid=cvrp:train:8571 | global_index=8571 | arm=7(omni)
    outcome: reward=1.0000 | selected_cost=26.9275 | best_cost=26.9275 | regret=0.0000
    result: record_global_index=8571 | name=None | score=26.9275
    arm_stats: problem_pulls=171 | problem_avg_reward=0.7120 | global_pulls=171 | global_avg_reward=0.7120
    state: rep_history=371/5000 | linear_history=371/10000 | head_mode=problem_specific | theta_norm=0.7322 | A_inv_diag_mean=0.910026 | A_inv_diag_min=0.804575 | A_inv_diag_max=0.976953
21:25:42 | epoch=1 | TRAIN[371] | TSP | select arm=0(bq) | reason=score
     0(bq              ): pulls= 134 | mean=+0.4569 | bonus=0.3047 | score=+0.6092 <--
     1(elg             ): pulls=   5 | mean=+0.3729 | bonus=0.4069 | score=+0.5763
     2(lehd            ): pulls=   4 | mean=+0.3298 | bonus=0.3714 | score=+0.5154
     3(t2t             ): pulls=   6 | mean=+0.2760 | bonus=0.4359 | score=+0.4939
     4(t2t500          ): pulls=  24 | mean=+0.4379 | bonus=0.3328 | score=+0.6043
     5(difusco         ): pulls=   4 | mean=+0.3311 | bonus=0.3971 | score=+0.5297
     6(difusco500      ): pulls=   5 | mean=+0.3753 | bonus=0.3681 | score=+0.5593
21:25:42 | t=372 | UPDATE | problem=TSP | head=TSP | uid=tsp:train:6627 | global_index=6627 | arm=0(bq)
    outcome: reward=0.1667 | selected_cost=4.0121 | best_cost=3.9878 | regret=0.0243
    result: record_global_index=6627 | name=None | score=4.0121
    arm_stats: problem_pulls=135 | problem_avg_reward=0.5623 | global_pulls=138 | global_avg_reward=0.5610
    state: rep_history=372/5000 | linear_history=372/10000 | head_mode=problem_specific | theta_norm=0.6459 | A_inv_diag_mean=0.883304 | A_inv_diag_min=0.750859 | A_inv_diag_max=0.960215
21:25:42 | epoch=1 | TRAIN[372] | CVRP | select arm=7(omni) | reason=score
     0(bq              ): pulls=   3 | mean=+0.5053 | bonus=0.4076 | score=+0.7091
     1(elg             ): pulls=   9 | mean=+0.6355 | bonus=0.2383 | score=+0.7546
     2(lehd            ): pulls=   3 | mean=+0.5171 | bonus=0.3151 | score=+0.6746
     7(omni            ): pulls= 171 | mean=+0.7226 | bonus=0.1402 | score=+0.7927 <--
     8(mvmoe           ): pulls=   3 | mean=+0.4934 | bonus=0.3091 | score=+0.6480
21:25:42 | t=373 | UPDATE | problem=CVRP | head=CVRP | uid=cvrp:train:6929 | global_index=6929 | arm=7(omni)
    outcome: reward=0.2500 | selected_cost=11.3552 | best_cost=10.7470 | regret=0.6082
    result: record_global_index=6929 | name=None | score=11.3552
    arm_stats: problem_pulls=172 | problem_avg_reward=0.7093 | global_pulls=172 | global_avg_reward=0.7093
    state: rep_history=373/5000 | linear_history=373/10000 | head_mode=problem_specific | theta_norm=0.7225 | A_inv_diag_mean=0.909938 | A_inv_diag_min=0.804412 | A_inv_diag_max=0.976643
21:25:42 | epoch=1 | TRAIN[373] | CVRP | select arm=7(omni) | reason=score
     0(bq              ): pulls=   3 | mean=+0.5088 | bonus=0.3975 | score=+0.7076
     1(elg             ): pulls=   9 | mean=+0.6401 | bonus=0.2386 | score=+0.7594
     2(lehd            ): pulls=   3 | mean=+0.5246 | bonus=0.3252 | score=+0.6871
     7(omni            ): pulls= 172 | mean=+0.7291 | bonus=0.0965 | score=+0.7773 <--
     8(mvmoe           ): pulls=   3 | mean=+0.4982 | bonus=0.3054 | score=+0.6509
21:25:42 | t=374 | UPDATE | problem=CVRP | head=CVRP | uid=cvrp:train:8785 | global_index=8785 | arm=7(omni)
    outcome: reward=0.2500 | selected_cost=15.1452 | best_cost=13.8215 | regret=1.3236
    result: record_global_index=8785 | name=None | score=15.1452
    arm_stats: problem_pulls=173 | problem_avg_reward=0.7066 | global_pulls=173 | global_avg_reward=0.7066
    state: rep_history=374/5000 | linear_history=374/10000 | head_mode=problem_specific | theta_norm=0.7242 | A_inv_diag_mean=0.909915 | A_inv_diag_min=0.804403 | A_inv_diag_max=0.976628
21:25:42 | epoch=1 | TRAIN[374] | CVRP | select arm=7(omni) | reason=score
     0(bq              ): pulls=   3 | mean=+0.4411 | bonus=0.4030 | score=+0.6426
     1(elg             ): pulls=   9 | mean=+0.5796 | bonus=0.2506 | score=+0.7049
     2(lehd            ): pulls=   3 | mean=+0.4581 | bonus=0.3416 | score=+0.6289
     7(omni            ): pulls= 173 | mean=+0.6649 | bonus=0.1349 | score=+0.7323 <--
     8(mvmoe           ): pulls=   3 | mean=+0.4319 | bonus=0.3141 | score=+0.5889
21:25:42 | t=375 | UPDATE | problem=CVRP | head=CVRP | uid=cvrp:train:255 | global_index=255 | arm=7(omni)
    outcome: reward=0.7500 | selected_cost=15.7954 | best_cost=15.7435 | regret=0.0519
    result: record_global_index=255 | name=None | score=15.7954
    arm_stats: problem_pulls=174 | problem_avg_reward=0.7069 | global_pulls=174 | global_avg_reward=0.7069
    state: rep_history=375/5000 | linear_history=375/10000 | head_mode=problem_specific | theta_norm=0.7237 | A_inv_diag_mean=0.909875 | A_inv_diag_min=0.804394 | A_inv_diag_max=0.976529
21:25:42 | epoch=1 | TRAIN[375] | CVRP | select arm=7(omni) | reason=score
     0(bq              ): pulls=   3 | mean=+0.4430 | bonus=0.4034 | score=+0.6447
     1(elg             ): pulls=   9 | mean=+0.5809 | bonus=0.2577 | score=+0.7098
     2(lehd            ): pulls=   3 | mean=+0.4587 | bonus=0.3431 | score=+0.6302
     7(omni            ): pulls= 174 | mean=+0.6656 | bonus=0.1375 | score=+0.7343 <--
     8(mvmoe           ): pulls=   3 | mean=+0.4338 | bonus=0.3122 | score=+0.5899
21:25:42 | t=376 | UPDATE | problem=CVRP | head=CVRP | uid=cvrp:train:9020 | global_index=9020 | arm=7(omni)
    outcome: reward=0.0000 | selected_cost=12.6208 | best_cost=12.3135 | regret=0.3072
    result: record_global_index=9020 | name=None | score=12.6208
    arm_stats: problem_pulls=175 | problem_avg_reward=0.7029 | global_pulls=175 | global_avg_reward=0.7029
    state: rep_history=376/5000 | linear_history=376/10000 | head_mode=problem_specific | theta_norm=0.7176 | A_inv_diag_mean=0.909820 | A_inv_diag_min=0.804299 | A_inv_diag_max=0.976430
21:25:42 | epoch=1 | TRAIN[376] | TSP | select arm=0(bq) | reason=score
     0(bq              ): pulls= 135 | mean=+0.5723 | bonus=0.1211 | score=+0.6329 <--
     1(elg             ): pulls=   5 | mean=+0.4404 | bonus=0.3077 | score=+0.5942
     2(lehd            ): pulls=   4 | mean=+0.4157 | bonus=0.2478 | score=+0.5397
     3(t2t             ): pulls=   6 | mean=+0.4211 | bonus=0.3064 | score=+0.5744
     4(t2t500          ): pulls=  24 | mean=+0.5239 | bonus=0.2078 | score=+0.6278
     5(difusco         ): pulls=   4 | mean=+0.4207 | bonus=0.3237 | score=+0.5825
     6(difusco500      ): pulls=   5 | mean=+0.4595 | bonus=0.2872 | score=+0.6031
21:25:42 | t=377 | UPDATE | problem=TSP | head=TSP | uid=tsp:train:9693 | global_index=9693 | arm=0(bq)
    outcome: reward=0.5000 | selected_cost=11.6008 | best_cost=11.5454 | regret=0.0555
    result: record_global_index=9693 | name=None | score=11.6008
    arm_stats: problem_pulls=136 | problem_avg_reward=0.5619 | global_pulls=139 | global_avg_reward=0.5606
    state: rep_history=377/5000 | linear_history=377/10000 | head_mode=problem_specific | theta_norm=0.6437 | A_inv_diag_mean=0.883251 | A_inv_diag_min=0.750834 | A_inv_diag_max=0.959958
21:25:42 | epoch=1 | TRAIN[377] | TSP | select arm=0(bq) | reason=score
     0(bq              ): pulls= 136 | mean=+0.6415 | bonus=0.1347 | score=+0.7089 <--
     1(elg             ): pulls=   5 | mean=+0.5156 | bonus=0.3133 | score=+0.6722
     2(lehd            ): pulls=   4 | mean=+0.4889 | bonus=0.2650 | score=+0.6214
     3(t2t             ): pulls=   6 | mean=+0.4914 | bonus=0.3282 | score=+0.6555
     4(t2t500          ): pulls=  24 | mean=+0.6012 | bonus=0.2148 | score=+0.7086
     5(difusco         ): pulls=   4 | mean=+0.5013 | bonus=0.2971 | score=+0.6499
     6(difusco500      ): pulls=   5 | mean=+0.5427 | bonus=0.2942 | score=+0.6898
21:25:42 | t=378 | UPDATE | problem=TSP | head=TSP | uid=tsp:train:9626 | global_index=9626 | arm=0(bq)
    outcome: reward=1.0000 | selected_cost=10.6979 | best_cost=10.6979 | regret=0.0000
    result: record_global_index=9626 | name=None | score=10.6979
    arm_stats: problem_pulls=137 | problem_avg_reward=0.5651 | global_pulls=140 | global_avg_reward=0.5637
    state: rep_history=378/5000 | linear_history=378/10000 | head_mode=problem_specific | theta_norm=0.6451 | A_inv_diag_mean=0.883224 | A_inv_diag_min=0.750830 | A_inv_diag_max=0.959957
21:25:42 | epoch=1 | TRAIN[378] | TSP | select arm=0(bq) | reason=score
     0(bq              ): pulls= 137 | mean=+0.6162 | bonus=0.1150 | score=+0.6737 <--
     1(elg             ): pulls=   5 | mean=+0.4853 | bonus=0.3013 | score=+0.6359
     2(lehd            ): pulls=   4 | mean=+0.4597 | bonus=0.2476 | score=+0.5835
     3(t2t             ): pulls=   6 | mean=+0.4641 | bonus=0.3189 | score=+0.6235
     4(t2t500          ): pulls=  24 | mean=+0.5723 | bonus=0.2002 | score=+0.6724
     5(difusco         ): pulls=   4 | mean=+0.4706 | bonus=0.2936 | score=+0.6174
     6(difusco500      ): pulls=   5 | mean=+0.5109 | bonus=0.2843 | score=+0.6530
21:25:42 | t=379 | UPDATE | problem=TSP | head=TSP | uid=tsp:train:9777 | global_index=9777 | arm=0(bq)
    outcome: reward=1.0000 | selected_cost=8.9167 | best_cost=8.9167 | regret=0.0000
    result: record_global_index=9777 | name=None | score=8.9167
    arm_stats: problem_pulls=138 | problem_avg_reward=0.5682 | global_pulls=141 | global_avg_reward=0.5668
    state: rep_history=379/5000 | linear_history=379/10000 | head_mode=problem_specific | theta_norm=0.6482 | A_inv_diag_mean=0.883206 | A_inv_diag_min=0.750821 | A_inv_diag_max=0.959912
21:25:42 | epoch=1 | TRAIN[379] | TSP | select arm=4(t2t500) | reason=epsilon_random
     0(bq              ): pulls= 138 | mean=+0.5958 | bonus=0.1118 | score=+0.6517
     1(elg             ): pulls=   5 | mean=+0.4596 | bonus=0.3007 | score=+0.6099
     2(lehd            ): pulls=   4 | mean=+0.4348 | bonus=0.2464 | score=+0.5580
     3(t2t             ): pulls=   6 | mean=+0.4415 | bonus=0.3130 | score=+0.5980
     4(t2t500          ): pulls=  24 | mean=+0.5478 | bonus=0.1984 | score=+0.6470 <--
     5(difusco         ): pulls=   4 | mean=+0.4447 | bonus=0.2994 | score=+0.5944
     6(difusco500      ): pulls=   5 | mean=+0.4833 | bonus=0.2790 | score=+0.6228
21:25:42 | t=380 | UPDATE | problem=TSP | head=TSP | uid=tsp:train:5025 | global_index=5025 | arm=4(t2t500)
    outcome: reward=0.8333 | selected_cost=8.7561 | best_cost=8.7242 | regret=0.0319
    result: record_global_index=5025 | name=None | score=8.7561
    arm_stats: problem_pulls=25 | problem_avg_reward=0.5467 | global_pulls=25 | global_avg_reward=0.5467
    state: rep_history=380/5000 | linear_history=380/10000 | head_mode=problem_specific | theta_norm=0.6577 | A_inv_diag_mean=0.883090 | A_inv_diag_min=0.750812 | A_inv_diag_max=0.959905
21:25:42 | epoch=1 | TRAIN[380] | TSP | select arm=0(bq) | reason=score
     0(bq              ): pulls= 138 | mean=+0.6953 | bonus=0.1815 | score=+0.7860 <--
     1(elg             ): pulls=   5 | mean=+0.5626 | bonus=0.3453 | score=+0.7352
     2(lehd            ): pulls=   4 | mean=+0.5397 | bonus=0.3037 | score=+0.6915
     3(t2t             ): pulls=   6 | mean=+0.5398 | bonus=0.3546 | score=+0.7171
     4(t2t500          ): pulls=  25 | mean=+0.6593 | bonus=0.2467 | score=+0.7827
     5(difusco         ): pulls=   4 | mean=+0.5506 | bonus=0.3089 | score=+0.7050
     6(difusco500      ): pulls=   5 | mean=+0.5934 | bonus=0.3223 | score=+0.7546
21:25:42 | t=381 | UPDATE | problem=TSP | head=TSP | uid=tsp:train:1122 | global_index=1122 | arm=0(bq)
    outcome: reward=0.8333 | selected_cost=10.0167 | best_cost=10.0029 | regret=0.0138
    result: record_global_index=1122 | name=None | score=10.0167
    arm_stats: problem_pulls=139 | problem_avg_reward=0.5701 | global_pulls=142 | global_avg_reward=0.5687
    state: rep_history=381/5000 | linear_history=381/10000 | head_mode=problem_specific | theta_norm=0.6576 | A_inv_diag_mean=0.882992 | A_inv_diag_min=0.750750 | A_inv_diag_max=0.959827
21:25:42 | epoch=1 | TRAIN[381] | TSP | select arm=0(bq) | reason=score
     0(bq              ): pulls= 139 | mean=+0.5700 | bonus=0.1279 | score=+0.6340 <--
     1(elg             ): pulls=   5 | mean=+0.4302 | bonus=0.3071 | score=+0.5838
     2(lehd            ): pulls=   4 | mean=+0.4111 | bonus=0.2512 | score=+0.5367
     3(t2t             ): pulls=   6 | mean=+0.4155 | bonus=0.3138 | score=+0.5724
     4(t2t500          ): pulls=  25 | mean=+0.5270 | bonus=0.2105 | score=+0.6322
     5(difusco         ): pulls=   4 | mean=+0.4109 | bonus=0.3258 | score=+0.5739
     6(difusco500      ): pulls=   5 | mean=+0.4538 | bonus=0.2892 | score=+0.5984
21:25:42 | t=382 | UPDATE | problem=TSP | head=TSP | uid=tsp:train:7384 | global_index=7384 | arm=0(bq)
    outcome: reward=0.8333 | selected_cost=7.1616 | best_cost=7.1391 | regret=0.0225
    result: record_global_index=7384 | name=None | score=7.1616
    arm_stats: problem_pulls=140 | problem_avg_reward=0.5720 | global_pulls=143 | global_avg_reward=0.5705
    state: rep_history=382/5000 | linear_history=382/10000 | head_mode=problem_specific | theta_norm=0.6655 | A_inv_diag_mean=0.882930 | A_inv_diag_min=0.750705 | A_inv_diag_max=0.959655
21:25:42 | epoch=1 | TRAIN[382] | CVRP | select arm=7(omni) | reason=score
     0(bq              ): pulls=   3 | mean=+0.4145 | bonus=0.4067 | score=+0.6179
     1(elg             ): pulls=   9 | mean=+0.5572 | bonus=0.2723 | score=+0.6933
     2(lehd            ): pulls=   3 | mean=+0.4335 | bonus=0.3484 | score=+0.6077
     7(omni            ): pulls= 175 | mean=+0.6449 | bonus=0.1517 | score=+0.7208 <--
     8(mvmoe           ): pulls=   3 | mean=+0.4079 | bonus=0.3115 | score=+0.5637
21:25:42 | t=383 | UPDATE | problem=CVRP | head=CVRP | uid=cvrp:train:2200 | global_index=2200 | arm=7(omni)
    outcome: reward=1.0000 | selected_cost=15.7121 | best_cost=15.7121 | regret=0.0000
    result: record_global_index=2200 | name=None | score=15.7121
    arm_stats: problem_pulls=176 | problem_avg_reward=0.7045 | global_pulls=176 | global_avg_reward=0.7045
    state: rep_history=383/5000 | linear_history=383/10000 | head_mode=problem_specific | theta_norm=0.7206 | A_inv_diag_mean=0.909757 | A_inv_diag_min=0.804299 | A_inv_diag_max=0.976400
21:25:42 | epoch=1 | TRAIN[383] | TSP | select arm=4(t2t500) | reason=epsilon_random
     0(bq              ): pulls= 140 | mean=+0.5043 | bonus=0.1624 | score=+0.5854
     1(elg             ): pulls=   5 | mean=+0.3912 | bonus=0.3284 | score=+0.5554
     2(lehd            ): pulls=   4 | mean=+0.3512 | bonus=0.2928 | score=+0.4976
     3(t2t             ): pulls=   6 | mean=+0.3294 | bonus=0.3533 | score=+0.5061
     4(t2t500          ): pulls=  25 | mean=+0.4557 | bonus=0.2368 | score=+0.5741 <--
     5(difusco         ): pulls=   4 | mean=+0.3502 | bonus=0.3447 | score=+0.5225
     6(difusco500      ): pulls=   5 | mean=+0.3949 | bonus=0.3145 | score=+0.5522
21:25:42 | t=384 | UPDATE | problem=TSP | head=TSP | uid=tsp:train:4404 | global_index=4404 | arm=4(t2t500)
    outcome: reward=0.4167 | selected_cost=8.1274 | best_cost=8.1274 | regret=0.0000
    result: record_global_index=4404 | name=None | score=8.1274
    arm_stats: problem_pulls=26 | problem_avg_reward=0.5417 | global_pulls=26 | global_avg_reward=0.5417
    state: rep_history=384/5000 | linear_history=384/10000 | head_mode=problem_specific | theta_norm=0.6639 | A_inv_diag_mean=0.882736 | A_inv_diag_min=0.750169 | A_inv_diag_max=0.959637
21:25:42 | epoch=1 | TRAIN[384] | TSP | select arm=0(bq) | reason=score
     0(bq              ): pulls= 140 | mean=+0.5874 | bonus=0.1230 | score=+0.6489 <--
     1(elg             ): pulls=   5 | mean=+0.4453 | bonus=0.3160 | score=+0.6033
     2(lehd            ): pulls=   4 | mean=+0.4256 | bonus=0.2496 | score=+0.5504
     3(t2t             ): pulls=   6 | mean=+0.4309 | bonus=0.3230 | score=+0.5924
     4(t2t500          ): pulls=  26 | mean=+0.5440 | bonus=0.1998 | score=+0.6440
     5(difusco         ): pulls=   4 | mean=+0.4327 | bonus=0.3153 | score=+0.5903
     6(difusco500      ): pulls=   5 | mean=+0.4718 | bonus=0.2832 | score=+0.6134
21:25:42 | t=385 | UPDATE | problem=TSP | head=TSP | uid=tsp:train:474 | global_index=474 | arm=0(bq)
    outcome: reward=0.5000 | selected_cost=8.4561 | best_cost=8.2269 | regret=0.2292
    result: record_global_index=474 | name=None | score=8.4561
    arm_stats: problem_pulls=141 | problem_avg_reward=0.5715 | global_pulls=144 | global_avg_reward=0.5700
    state: rep_history=385/5000 | linear_history=385/10000 | head_mode=problem_specific | theta_norm=0.6643 | A_inv_diag_mean=0.882671 | A_inv_diag_min=0.749731 | A_inv_diag_max=0.959580
21:25:42 | epoch=1 | TRAIN[385] | CVRP | select arm=7(omni) | reason=score
     0(bq              ): pulls=   3 | mean=+0.5530 | bonus=0.4156 | score=+0.7608
     1(elg             ): pulls=   9 | mean=+0.6850 | bonus=0.2656 | score=+0.8178
     2(lehd            ): pulls=   3 | mean=+0.5690 | bonus=0.3500 | score=+0.7440
     7(omni            ): pulls= 176 | mean=+0.7743 | bonus=0.1403 | score=+0.8445 <--
     8(mvmoe           ): pulls=   3 | mean=+0.5418 | bonus=0.3311 | score=+0.7073
21:25:42 | t=386 | UPDATE | problem=CVRP | head=CVRP | uid=cvrp:train:3836 | global_index=3836 | arm=7(omni)
    outcome: reward=1.0000 | selected_cost=28.5881 | best_cost=28.5881 | regret=0.0000
    result: record_global_index=3836 | name=None | score=28.5881
    arm_stats: problem_pulls=177 | problem_avg_reward=0.7062 | global_pulls=177 | global_avg_reward=0.7062
    state: rep_history=386/5000 | linear_history=386/10000 | head_mode=problem_specific | theta_norm=0.7178 | A_inv_diag_mean=0.909712 | A_inv_diag_min=0.804281 | A_inv_diag_max=0.976399
21:25:42 | epoch=1 | TRAIN[386] | TSP | select arm=4(t2t500) | reason=score
     0(bq              ): pulls= 141 | mean=+0.6159 | bonus=0.1111 | score=+0.6715
     1(elg             ): pulls=   5 | mean=+0.4783 | bonus=0.3046 | score=+0.6306
     2(lehd            ): pulls=   4 | mean=+0.4568 | bonus=0.2462 | score=+0.5799
     3(t2t             ): pulls=   6 | mean=+0.4590 | bonus=0.3207 | score=+0.6193
     4(t2t500          ): pulls=  26 | mean=+0.5760 | bonus=0.1927 | score=+0.6724 <--
     5(difusco         ): pulls=   4 | mean=+0.4659 | bonus=0.2900 | score=+0.6109
     6(difusco500      ): pulls=   5 | mean=+0.5068 | bonus=0.2846 | score=+0.6491
21:25:42 | t=387 | UPDATE | problem=TSP | head=TSP | uid=tsp:train:9286 | global_index=9286 | arm=4(t2t500)
    outcome: reward=0.8333 | selected_cost=9.3863 | best_cost=9.3695 | regret=0.0168
    result: record_global_index=9286 | name=None | score=9.3863
    arm_stats: problem_pulls=27 | problem_avg_reward=0.5525 | global_pulls=27 | global_avg_reward=0.5525
    state: rep_history=387/5000 | linear_history=387/10000 | head_mode=problem_specific | theta_norm=0.6677 | A_inv_diag_mean=0.882583 | A_inv_diag_min=0.749719 | A_inv_diag_max=0.959539
21:25:42 | epoch=1 | TRAIN[387] | CVRP | select arm=7(omni) | reason=score
     0(bq              ): pulls=   3 | mean=+0.4818 | bonus=0.3998 | score=+0.6817
     1(elg             ): pulls=   9 | mean=+0.6087 | bonus=0.2409 | score=+0.7292
     2(lehd            ): pulls=   3 | mean=+0.4914 | bonus=0.3320 | score=+0.6575
     7(omni            ): pulls= 177 | mean=+0.6905 | bonus=0.0981 | score=+0.7396 <--
     8(mvmoe           ): pulls=   3 | mean=+0.4667 | bonus=0.2920 | score=+0.6127
21:25:42 | t=388 | UPDATE | problem=CVRP | head=CVRP | uid=cvrp:train:6183 | global_index=6183 | arm=7(omni)
    outcome: reward=1.0000 | selected_cost=19.0953 | best_cost=19.0953 | regret=0.0000
    result: record_global_index=6183 | name=None | score=19.0953
    arm_stats: problem_pulls=178 | problem_avg_reward=0.7079 | global_pulls=178 | global_avg_reward=0.7079
    state: rep_history=388/5000 | linear_history=388/10000 | head_mode=problem_specific | theta_norm=0.7204 | A_inv_diag_mean=0.909660 | A_inv_diag_min=0.804271 | A_inv_diag_max=0.976398
21:25:42 | epoch=1 | TRAIN[388] | TSP | select arm=4(t2t500) | reason=score
     0(bq              ): pulls= 141 | mean=+0.5784 | bonus=0.1085 | score=+0.6327
     1(elg             ): pulls=   5 | mean=+0.4355 | bonus=0.3070 | score=+0.5890
     2(lehd            ): pulls=   4 | mean=+0.4203 | bonus=0.2384 | score=+0.5395
     3(t2t             ): pulls=   6 | mean=+0.4234 | bonus=0.3100 | score=+0.5784
     4(t2t500          ): pulls=  27 | mean=+0.5415 | bonus=0.1910 | score=+0.6370 <--
     5(difusco         ): pulls=   4 | mean=+0.4196 | bonus=0.3111 | score=+0.5751
     6(difusco500      ): pulls=   5 | mean=+0.4629 | bonus=0.2856 | score=+0.6057
21:25:42 | t=389 | UPDATE | problem=TSP | head=TSP | uid=tsp:train:3522 | global_index=3522 | arm=4(t2t500)
    outcome: reward=1.0000 | selected_cost=7.9425 | best_cost=7.9425 | regret=0.0000
    result: record_global_index=3522 | name=None | score=7.9425
    arm_stats: problem_pulls=28 | problem_avg_reward=0.5685 | global_pulls=28 | global_avg_reward=0.5685
    state: rep_history=389/5000 | linear_history=389/10000 | head_mode=problem_specific | theta_norm=0.6825 | A_inv_diag_mean=0.882468 | A_inv_diag_min=0.749678 | A_inv_diag_max=0.959526
21:25:42 | epoch=1 | TRAIN[389] | CVRP | select arm=7(omni) | reason=score
     0(bq              ): pulls=   3 | mean=-0.0135 | bonus=0.9927 | score=+0.4828
     1(elg             ): pulls=   9 | mean=+0.1324 | bonus=0.8273 | score=+0.5460
     2(lehd            ): pulls=   3 | mean=-0.0137 | bonus=0.8647 | score=+0.4186
     7(omni            ): pulls= 178 | mean=+0.2226 | bonus=0.7586 | score=+0.6019 <--
     8(mvmoe           ): pulls=   3 | mean=-0.0141 | bonus=0.8749 | score=+0.4233
21:25:42 | t=390 | UPDATE | problem=CVRP | head=CVRP | uid=cvrp:train:5229 | global_index=5229 | arm=7(omni)
    outcome: reward=0.5000 | selected_cost=9.0590 | best_cost=8.9286 | regret=0.1304
    result: record_global_index=5229 | name=None | score=9.0590
    arm_stats: problem_pulls=179 | problem_avg_reward=0.7067 | global_pulls=179 | global_avg_reward=0.7067
    state: rep_history=390/5000 | linear_history=390/10000 | head_mode=problem_specific | theta_norm=0.7390 | A_inv_diag_mean=0.906946 | A_inv_diag_min=0.792197 | A_inv_diag_max=0.976220
21:25:42 | epoch=1 | TRAIN[390] | CVRP | select arm=7(omni) | reason=epsilon_random
     0(bq              ): pulls=   3 | mean=+0.4446 | bonus=0.4140 | score=+0.6517
     1(elg             ): pulls=   9 | mean=+0.5720 | bonus=0.2738 | score=+0.7089
     2(lehd            ): pulls=   3 | mean=+0.4512 | bonus=0.3501 | score=+0.6262
     7(omni            ): pulls= 179 | mean=+0.6518 | bonus=0.1535 | score=+0.7285 <--
     8(mvmoe           ): pulls=   3 | mean=+0.4301 | bonus=0.3239 | score=+0.5920
21:25:42 | t=391 | UPDATE | problem=CVRP | head=CVRP | uid=cvrp:train:9394 | global_index=9394 | arm=7(omni)
    outcome: reward=0.0000 | selected_cost=11.4993 | best_cost=10.9350 | regret=0.5642
    result: record_global_index=9394 | name=None | score=11.4993
    arm_stats: problem_pulls=180 | problem_avg_reward=0.7028 | global_pulls=180 | global_avg_reward=0.7028
    state: rep_history=391/5000 | linear_history=391/10000 | head_mode=problem_specific | theta_norm=0.7428 | A_inv_diag_mean=0.906877 | A_inv_diag_min=0.792085 | A_inv_diag_max=0.976219
21:25:42 | epoch=1 | TRAIN[391] | CVRP | select arm=7(omni) | reason=score
     0(bq              ): pulls=   3 | mean=+0.5302 | bonus=0.4052 | score=+0.7328
     1(elg             ): pulls=   9 | mean=+0.6526 | bonus=0.2474 | score=+0.7763
     2(lehd            ): pulls=   3 | mean=+0.5394 | bonus=0.3235 | score=+0.7012
     7(omni            ): pulls= 180 | mean=+0.7383 | bonus=0.1200 | score=+0.7983 <--
     8(mvmoe           ): pulls=   3 | mean=+0.5135 | bonus=0.3045 | score=+0.6658
21:25:42 | t=392 | UPDATE | problem=CVRP | head=CVRP | uid=cvrp:train:9913 | global_index=9913 | arm=7(omni)
    outcome: reward=0.2500 | selected_cost=14.1082 | best_cost=13.4466 | regret=0.6616
    result: record_global_index=9913 | name=None | score=14.1082
    arm_stats: problem_pulls=181 | problem_avg_reward=0.7003 | global_pulls=181 | global_avg_reward=0.7003
    state: rep_history=392/5000 | linear_history=392/10000 | head_mode=problem_specific | theta_norm=0.7315 | A_inv_diag_mean=0.906816 | A_inv_diag_min=0.792072 | A_inv_diag_max=0.976177
21:25:42 | epoch=1 | TRAIN[392] | TSP | select arm=4(t2t500) | reason=score
     0(bq              ): pulls= 141 | mean=+0.5954 | bonus=0.1132 | score=+0.6520
     1(elg             ): pulls=   5 | mean=+0.4514 | bonus=0.3054 | score=+0.6041
     2(lehd            ): pulls=   4 | mean=+0.4423 | bonus=0.2437 | score=+0.5642
     3(t2t             ): pulls=   6 | mean=+0.4420 | bonus=0.3107 | score=+0.5973
     4(t2t500          ): pulls=  28 | mean=+0.5734 | bonus=0.1900 | score=+0.6684 <--
     5(difusco         ): pulls=   4 | mean=+0.4386 | bonus=0.3222 | score=+0.5997
     6(difusco500      ): pulls=   5 | mean=+0.4855 | bonus=0.2737 | score=+0.6224
21:25:42 | t=393 | UPDATE | problem=TSP | head=TSP | uid=tsp:train:2958 | global_index=2958 | arm=4(t2t500)
    outcome: reward=0.3333 | selected_cost=8.6778 | best_cost=8.5444 | regret=0.1334
    result: record_global_index=2958 | name=None | score=8.6778
    arm_stats: problem_pulls=29 | problem_avg_reward=0.5603 | global_pulls=29 | global_avg_reward=0.5603
    state: rep_history=393/5000 | linear_history=393/10000 | head_mode=problem_specific | theta_norm=0.6756 | A_inv_diag_mean=0.882345 | A_inv_diag_min=0.749568 | A_inv_diag_max=0.959508
21:25:42 | epoch=1 | TRAIN[393] | CVRP | select arm=7(omni) | reason=score
     0(bq              ): pulls=   3 | mean=+0.3720 | bonus=0.4215 | score=+0.5827
     1(elg             ): pulls=   9 | mean=+0.5200 | bonus=0.3006 | score=+0.6703
     2(lehd            ): pulls=   3 | mean=+0.3917 | bonus=0.3954 | score=+0.5894
     7(omni            ): pulls= 181 | mean=+0.6087 | bonus=0.1996 | score=+0.7086 <--
     8(mvmoe           ): pulls=   3 | mean=+0.3677 | bonus=0.3384 | score=+0.5368
21:25:42 | t=394 | UPDATE | problem=CVRP | head=CVRP | uid=cvrp:train:875 | global_index=875 | arm=7(omni)
    outcome: reward=1.0000 | selected_cost=13.5465 | best_cost=13.5465 | regret=0.0000
    result: record_global_index=875 | name=None | score=13.5465
    arm_stats: problem_pulls=182 | problem_avg_reward=0.7019 | global_pulls=182 | global_avg_reward=0.7019
    state: rep_history=394/5000 | linear_history=394/10000 | head_mode=problem_specific | theta_norm=0.7392 | A_inv_diag_mean=0.906655 | A_inv_diag_min=0.791803 | A_inv_diag_max=0.976073
21:25:42 | epoch=1 | TRAIN[394] | TSP | select arm=0(bq) | reason=score
     0(bq              ): pulls= 141 | mean=+0.5497 | bonus=0.1647 | score=+0.6320 <--
     1(elg             ): pulls=   5 | mean=+0.4116 | bonus=0.3526 | score=+0.5879
     2(lehd            ): pulls=   4 | mean=+0.3937 | bonus=0.2866 | score=+0.5370
     3(t2t             ): pulls=   6 | mean=+0.3904 | bonus=0.3360 | score=+0.5585
     4(t2t500          ): pulls=  29 | mean=+0.5156 | bonus=0.2172 | score=+0.6242
     5(difusco         ): pulls=   4 | mean=+0.3884 | bonus=0.3601 | score=+0.5684
     6(difusco500      ): pulls=   5 | mean=+0.4333 | bonus=0.2954 | score=+0.5810
21:25:42 | t=395 | UPDATE | problem=TSP | head=TSP | uid=tsp:train:1707 | global_index=1707 | arm=0(bq)
    outcome: reward=0.8333 | selected_cost=5.9643 | best_cost=5.9547 | regret=0.0096
    result: record_global_index=1707 | name=None | score=5.9643
    arm_stats: problem_pulls=142 | problem_avg_reward=0.5734 | global_pulls=145 | global_avg_reward=0.5718
    state: rep_history=395/5000 | linear_history=395/10000 | head_mode=problem_specific | theta_norm=0.6707 | A_inv_diag_mean=0.882213 | A_inv_diag_min=0.749060 | A_inv_diag_max=0.959233
21:25:42 | epoch=1 | TRAIN[395] | TSP | select arm=4(t2t500) | reason=epsilon_random
     0(bq              ): pulls= 142 | mean=+0.6130 | bonus=0.1065 | score=+0.6662
     1(elg             ): pulls=   5 | mean=+0.4732 | bonus=0.3087 | score=+0.6275
     2(lehd            ): pulls=   4 | mean=+0.4573 | bonus=0.2477 | score=+0.5812
     3(t2t             ): pulls=   6 | mean=+0.4561 | bonus=0.3165 | score=+0.6144
     4(t2t500          ): pulls=  29 | mean=+0.5847 | bonus=0.1785 | score=+0.6740 <--
     5(difusco         ): pulls=   4 | mean=+0.4622 | bonus=0.3008 | score=+0.6126
     6(difusco500      ): pulls=   5 | mean=+0.5048 | bonus=0.2768 | score=+0.6432
21:25:42 | t=396 | UPDATE | problem=TSP | head=TSP | uid=tsp:train:5000 | global_index=5000 | arm=4(t2t500)
    outcome: reward=0.1667 | selected_cost=9.1288 | best_cost=8.7410 | regret=0.3878
    result: record_global_index=5000 | name=None | score=9.1288
    arm_stats: problem_pulls=30 | problem_avg_reward=0.5472 | global_pulls=30 | global_avg_reward=0.5472
    state: rep_history=396/5000 | linear_history=396/10000 | head_mode=problem_specific | theta_norm=0.6651 | A_inv_diag_mean=0.882138 | A_inv_diag_min=0.749018 | A_inv_diag_max=0.959081
21:25:42 | epoch=1 | TRAIN[396] | TSP | select arm=0(bq) | reason=score
     0(bq              ): pulls= 142 | mean=+0.6401 | bonus=0.1241 | score=+0.7021 <--
     1(elg             ): pulls=   5 | mean=+0.5030 | bonus=0.3172 | score=+0.6615
     2(lehd            ): pulls=   4 | mean=+0.4798 | bonus=0.2616 | score=+0.6106
     3(t2t             ): pulls=   6 | mean=+0.4809 | bonus=0.3249 | score=+0.6433
     4(t2t500          ): pulls=  30 | mean=+0.6017 | bonus=0.1908 | score=+0.6972
     5(difusco         ): pulls=   4 | mean=+0.4927 | bonus=0.2929 | score=+0.6392
     6(difusco500      ): pulls=   5 | mean=+0.5329 | bonus=0.2903 | score=+0.6781
21:25:42 | t=397 | UPDATE | problem=TSP | head=TSP | uid=tsp:train:3611 | global_index=3611 | arm=0(bq)
    outcome: reward=0.8333 | selected_cost=8.2064 | best_cost=8.0277 | regret=0.1787
    result: record_global_index=3611 | name=None | score=8.2064
    arm_stats: problem_pulls=143 | problem_avg_reward=0.5752 | global_pulls=146 | global_avg_reward=0.5736
    state: rep_history=397/5000 | linear_history=397/10000 | head_mode=problem_specific | theta_norm=0.6646 | A_inv_diag_mean=0.882118 | A_inv_diag_min=0.749016 | A_inv_diag_max=0.959056
21:25:42 | epoch=1 | TRAIN[397] | CVRP | select arm=7(omni) | reason=score
     0(bq              ): pulls=   3 | mean=+0.4646 | bonus=0.4248 | score=+0.6770
     1(elg             ): pulls=   9 | mean=+0.5935 | bonus=0.2784 | score=+0.7327
     2(lehd            ): pulls=   3 | mean=+0.4813 | bonus=0.3407 | score=+0.6517
     7(omni            ): pulls= 182 | mean=+0.6736 | bonus=0.1621 | score=+0.7547 <--
     8(mvmoe           ): pulls=   3 | mean=+0.4498 | bonus=0.3074 | score=+0.6036
21:25:42 | t=398 | UPDATE | problem=CVRP | head=CVRP | uid=cvrp:train:8450 | global_index=8450 | arm=7(omni)
    outcome: reward=1.0000 | selected_cost=11.7736 | best_cost=11.7736 | regret=0.0000
    result: record_global_index=8450 | name=None | score=11.7736
    arm_stats: problem_pulls=183 | problem_avg_reward=0.7036 | global_pulls=183 | global_avg_reward=0.7036
    state: rep_history=398/5000 | linear_history=398/10000 | head_mode=problem_specific | theta_norm=0.7519 | A_inv_diag_mean=0.906487 | A_inv_diag_min=0.791662 | A_inv_diag_max=0.976020
21:25:42 | epoch=1 | TRAIN[398] | CVRP | select arm=7(omni) | reason=score
     0(bq              ): pulls=   3 | mean=+0.5319 | bonus=0.3996 | score=+0.7317
     1(elg             ): pulls=   9 | mean=+0.6594 | bonus=0.2495 | score=+0.7842
     2(lehd            ): pulls=   3 | mean=+0.5483 | bonus=0.3259 | score=+0.7112
     7(omni            ): pulls= 183 | mean=+0.7465 | bonus=0.1115 | score=+0.8023 <--
     8(mvmoe           ): pulls=   3 | mean=+0.5170 | bonus=0.3124 | score=+0.6732
21:25:42 | t=399 | UPDATE | problem=CVRP | head=CVRP | uid=cvrp:train:8463 | global_index=8463 | arm=7(omni)
    outcome: reward=0.5000 | selected_cost=15.5170 | best_cost=14.5841 | regret=0.9329
    result: record_global_index=8463 | name=None | score=15.5170
    arm_stats: problem_pulls=184 | problem_avg_reward=0.7024 | global_pulls=184 | global_avg_reward=0.7024
    state: rep_history=399/5000 | linear_history=399/10000 | head_mode=problem_specific | theta_norm=0.7515 | A_inv_diag_mean=0.906462 | A_inv_diag_min=0.791659 | A_inv_diag_max=0.975996
21:25:42 | epoch=1 | TRAIN[399] | TSP | select arm=0(bq) | reason=score
     0(bq              ): pulls= 143 | mean=+0.5234 | bonus=0.1458 | score=+0.5963 <--
     1(elg             ): pulls=   5 | mean=+0.4016 | bonus=0.3274 | score=+0.5653
     2(lehd            ): pulls=   4 | mean=+0.3680 | bonus=0.2608 | score=+0.4984
     3(t2t             ): pulls=   6 | mean=+0.3521 | bonus=0.3338 | score=+0.5191
     4(t2t500          ): pulls=  30 | mean=+0.4782 | bonus=0.2105 | score=+0.5835
     5(difusco         ): pulls=   4 | mean=+0.3695 | bonus=0.3201 | score=+0.5295
     6(difusco500      ): pulls=   5 | mean=+0.4123 | bonus=0.3160 | score=+0.5703
21:25:42 | t=400 | UPDATE | problem=TSP | head=TSP | uid=tsp:train:7031 | global_index=7031 | arm=0(bq)
    outcome: reward=0.5000 | selected_cost=5.4089 | best_cost=5.4017 | regret=0.0072
    result: record_global_index=7031 | name=None | score=5.4089
    arm_stats: problem_pulls=144 | problem_avg_reward=0.5747 | global_pulls=147 | global_avg_reward=0.5731
    state: rep_history=400/5000 | linear_history=400/10000 | head_mode=problem_specific | theta_norm=0.6643 | A_inv_diag_mean=0.882039 | A_inv_diag_min=0.748881 | A_inv_diag_max=0.959056
