[train] V4 R31c multi-query problem-to-solver attention + solver-set transformer
[train] problems=['TSP', 'CVRP', 'ATSP', 'OVRP', 'VRPB', 'VRPL', 'VRPTW', 'OVRPTW', 'OVRPB', 'OVRPL', 'VRPBL', 'VRPBTW', 'VRPLTW', 'OVRPBL', 'OVRPBTW', 'OVRPLTW', 'VRPBLTW', 'OVRPBLTW']
[train] model_params={'embedding_dim': 128, 'head_num': 4, 'qkv_dim': 32, 'ff_hidden_dim': 512, 'head_hidden_dim': 256, 'encoder_layer_num': 4, 'solver_set_layer_num': 2, 'query_num': 4, 'dropout': 0.1, 'stats_dim': 12, 'rezero': False, 'gap_score_weight': 0.25, 'pre_score_weight': 0.25}
ep000 step000020 loss=0.8633 ce=1.8397 pair=0.0883 gap=0.0077 pre=1.8455 div=0.1536 risk=0.1125 time=0.1m
ep000 step000040 loss=0.8387 ce=1.7915 pair=0.0801 gap=0.0078 pre=1.7917 div=0.1672 risk=0.0943 time=0.1m
ep000 step000060 loss=0.8179 ce=1.7471 pair=0.0748 gap=0.0077 pre=1.7561 div=0.1705 risk=0.0860 time=0.2m
ep000 step000080 loss=0.7981 ce=1.7052 pair=0.0718 gap=0.0074 pre=1.7149 div=0.1715 risk=0.0797 time=0.2m
ep000 step000100 loss=0.7840 ce=1.6757 pair=0.0691 gap=0.0070 pre=1.6877 div=0.1706 risk=0.0755 time=0.3m
ep000 step000120 loss=0.7771 ce=1.6616 pair=0.0682 gap=0.0068 pre=1.6719 div=0.1698 risk=0.0726 time=0.3m
ep000 step000140 loss=0.7675 ce=1.6409 pair=0.0666 gap=0.0065 pre=1.6544 div=0.1677 risk=0.0693 time=0.4m
ep000 step000160 loss=0.7565 ce=1.6165 pair=0.0670 gap=0.0063 pre=1.6300 div=0.1662 risk=0.0679 time=0.4m
ep000 step000180 loss=0.7516 ce=1.6063 pair=0.0664 gap=0.0061 pre=1.6201 div=0.1637 risk=0.0661 time=0.5m
ep000 step000200 loss=0.7487 ce=1.6009 pair=0.0656 gap=0.0059 pre=1.6144 div=0.1609 risk=0.0641 time=0.5m
ep000 step000220 loss=0.7410 ce=1.5837 pair=0.0656 gap=0.0058 pre=1.5982 div=0.1595 risk=0.0630 time=0.6m
ep000 step000240 loss=0.7386 ce=1.5792 pair=0.0651 gap=0.0056 pre=1.5935 div=0.1564 risk=0.0616 time=0.6m
ep000 step000260 loss=0.7332 ce=1.5676 pair=0.0648 gap=0.0055 pre=1.5820 div=0.1542 risk=0.0610 time=0.6m
ep000 step000280 loss=0.7322 ce=1.5659 pair=0.0643 gap=0.0054 pre=1.5803 div=0.1519 risk=0.0601 time=0.7m
ep000 step000300 loss=0.7276 ce=1.5557 pair=0.0642 gap=0.0053 pre=1.5703 div=0.1499 risk=0.0596 time=0.7m
ep000 step000320 loss=0.7286 ce=1.5584 pair=0.0638 gap=0.0052 pre=1.5736 div=0.1486 risk=0.0592 time=0.8m
ep000 step000340 loss=0.7249 ce=1.5502 pair=0.0638 gap=0.0052 pre=1.5657 div=0.1466 risk=0.0585 time=0.9m
ep000 step000360 loss=0.7228 ce=1.5461 pair=0.0636 gap=0.0051 pre=1.5612 div=0.1444 risk=0.0579 time=0.9m
ep000 step000380 loss=0.7206 ce=1.5414 pair=0.0634 gap=0.0050 pre=1.5564 div=0.1424 risk=0.0575 time=1.0m
[eval epoch 0] macro_top1=0.4013 top2=0.7320 top3=0.8617 vs_sbs=+0.024% vbs_closed=-9.66%
          components: pre_top1=0.3971 gap_top1=0.3324 utility_top1=0.3971 corr(pre/final)=+0.985 corr(gap/final)=+0.816 corr(util/final)=+0.999
       TSP: top1=0.290 mean_cost=7.9955 (sbs=7.9578) vs_sbs=+0.47% pre=0.176 gap=0.290 util=0.290
      CVRP: top1=0.281 mean_cost=18.4167 (sbs=18.2943) vs_sbs=+0.67% pre=0.281 gap=0.025 util=0.218
      ATSP: top1=0.489 mean_cost=1.6735 (sbs=1.6735) vs_sbs=-0.00% pre=0.489 gap=0.489 util=0.489
      OVRP: top1=0.282 mean_cost=7.4713 (sbs=7.4617) vs_sbs=+0.13% pre=0.282 gap=0.145 util=0.282
      VRPB: top1=0.504 mean_cost=9.3403 (sbs=9.3403) vs_sbs=+0.00% pre=0.504 gap=0.362 util=0.504
      VRPL: top1=0.292 mean_cost=12.4078 (sbs=12.4072) vs_sbs=+0.00% pre=0.292 gap=0.105 util=0.292
     VRPTW: top1=0.246 mean_cost=18.5975 (sbs=18.6571) vs_sbs=-0.32% pre=0.247 gap=0.244 util=0.246
    OVRPTW: top1=0.457 mean_cost=10.0667 (sbs=10.0484) vs_sbs=+0.18% pre=0.457 gap=0.457 util=0.449
     OVRPB: top1=0.545 mean_cost=6.3220 (sbs=6.3220) vs_sbs=+0.00% pre=0.545 gap=0.545 util=0.545
     OVRPL: top1=0.340 mean_cost=7.4445 (sbs=7.4376) vs_sbs=+0.09% pre=0.358 gap=0.220 util=0.340
     VRPBL: top1=0.528 mean_cost=9.3593 (sbs=9.3593) vs_sbs=+0.00% pre=0.528 gap=0.485 util=0.528
    VRPBTW: top1=0.372 mean_cost=19.6697 (sbs=19.6697) vs_sbs=+0.00% pre=0.372 gap=0.301 util=0.372
    VRPLTW: top1=0.309 mean_cost=18.2838 (sbs=18.5091) vs_sbs=-1.22% pre=0.308 gap=0.293 util=0.309
    OVRPBL: top1=0.555 mean_cost=6.3103 (sbs=6.3103) vs_sbs=+0.00% pre=0.555 gap=0.282 util=0.555
   OVRPBTW: top1=0.467 mean_cost=10.5207 (sbs=10.5068) vs_sbs=+0.13% pre=0.462 gap=0.461 util=0.468
   OVRPLTW: top1=0.450 mean_cost=10.1475 (sbs=10.1272) vs_sbs=+0.20% pre=0.470 gap=0.494 util=0.443
   VRPBLTW: top1=0.347 mean_cost=19.5198 (sbs=19.5198) vs_sbs=-0.00% pre=0.347 gap=0.336 util=0.347
  OVRPBLTW: top1=0.470 mean_cost=10.5509 (sbs=10.5412) vs_sbs=+0.09% pre=0.474 gap=0.449 util=0.470
[save] best.pt epoch=0 score=0.3952
ep001 step000400 loss=0.7649 ce=1.6571 pair=0.0481 gap=0.0034 pre=1.6635 div=0.0863 risk=0.0464 time=1.3m
ep001 step000420 loss=0.6992 ce=1.5059 pair=0.0562 gap=0.0037 pre=1.5050 div=0.1016 risk=0.0496 time=1.3m
ep001 step000440 loss=0.7028 ce=1.5130 pair=0.0562 gap=0.0036 pre=1.5169 div=0.0996 risk=0.0484 time=1.3m
ep001 step000460 loss=0.6878 ce=1.4778 pair=0.0587 gap=0.0037 pre=1.4826 div=0.0989 risk=0.0494 time=1.4m
ep001 step000480 loss=0.6906 ce=1.4843 pair=0.0584 gap=0.0036 pre=1.4897 div=0.0978 risk=0.0487 time=1.4m
ep001 step000500 loss=0.6877 ce=1.4774 pair=0.0587 gap=0.0036 pre=1.4836 div=0.0963 risk=0.0488 time=1.5m
ep001 step000520 loss=0.6870 ce=1.4756 pair=0.0594 gap=0.0036 pre=1.4819 div=0.0951 risk=0.0494 time=1.6m
ep001 step000540 loss=0.6887 ce=1.4788 pair=0.0595 gap=0.0035 pre=1.4873 div=0.0938 risk=0.0491 time=1.6m
ep001 step000560 loss=0.6885 ce=1.4783 pair=0.0596 gap=0.0035 pre=1.4865 div=0.0945 risk=0.0493 time=1.6m
ep001 step000580 loss=0.6872 ce=1.4758 pair=0.0593 gap=0.0035 pre=1.4844 div=0.0928 risk=0.0487 time=1.7m
ep001 step000600 loss=0.6871 ce=1.4755 pair=0.0593 gap=0.0035 pre=1.4847 div=0.0921 risk=0.0490 time=1.8m
ep001 step000620 loss=0.6881 ce=1.4781 pair=0.0590 gap=0.0035 pre=1.4864 div=0.0911 risk=0.0489 time=1.8m
ep001 step000640 loss=0.6892 ce=1.4805 pair=0.0592 gap=0.0035 pre=1.4882 div=0.0916 risk=0.0488 time=1.9m
ep001 step000660 loss=0.6865 ce=1.4745 pair=0.0590 gap=0.0035 pre=1.4838 div=0.0913 risk=0.0481 time=1.9m
ep001 step000680 loss=0.6865 ce=1.4739 pair=0.0596 gap=0.0035 pre=1.4840 div=0.0909 risk=0.0486 time=2.0m
ep001 step000700 loss=0.6859 ce=1.4724 pair=0.0598 gap=0.0035 pre=1.4821 div=0.0903 risk=0.0490 time=2.0m
ep001 step000720 loss=0.6855 ce=1.4719 pair=0.0596 gap=0.0034 pre=1.4811 div=0.0898 risk=0.0487 time=2.1m
ep001 step000740 loss=0.6835 ce=1.4677 pair=0.0594 gap=0.0034 pre=1.4767 div=0.0893 risk=0.0484 time=2.1m
ep001 step000760 loss=0.6838 ce=1.4683 pair=0.0593 gap=0.0034 pre=1.4774 div=0.0890 risk=0.0484 time=2.2m
ep001 step000780 loss=0.6836 ce=1.4681 pair=0.0593 gap=0.0034 pre=1.4769 div=0.0892 risk=0.0483 time=2.2m
[eval epoch 1] macro_top1=0.4131 top2=0.7511 top3=0.8634 vs_sbs=-0.132% vbs_closed=-6.28%
          components: pre_top1=0.4033 gap_top1=0.3894 utility_top1=0.4191 corr(pre/final)=+0.982 corr(gap/final)=+0.932 corr(util/final)=+0.995
       TSP: top1=0.299 mean_cost=7.9883 (sbs=7.9578) vs_sbs=+0.38% pre=0.297 gap=0.241 util=0.290
      CVRP: top1=0.272 mean_cost=18.4691 (sbs=18.2943) vs_sbs=+0.96% pre=0.221 gap=0.163 util=0.281
      ATSP: top1=0.720 mean_cost=1.6381 (sbs=1.6735) vs_sbs=-2.12% pre=0.719 gap=0.694 util=0.721
      OVRP: top1=0.333 mean_cost=7.4638 (sbs=7.4617) vs_sbs=+0.03% pre=0.329 gap=0.345 util=0.348
      VRPB: top1=0.504 mean_cost=9.3403 (sbs=9.3403) vs_sbs=+0.00% pre=0.504 gap=0.478 util=0.504
      VRPL: top1=0.279 mean_cost=12.4231 (sbs=12.4072) vs_sbs=+0.13% pre=0.284 gap=0.163 util=0.279
     VRPTW: top1=0.271 mean_cost=18.3801 (sbs=18.6571) vs_sbs=-1.48% pre=0.279 gap=0.261 util=0.271
    OVRPTW: top1=0.457 mean_cost=10.0667 (sbs=10.0484) vs_sbs=+0.18% pre=0.457 gap=0.492 util=0.449
     OVRPB: top1=0.545 mean_cost=6.3220 (sbs=6.3220) vs_sbs=+0.00% pre=0.520 gap=0.497 util=0.545
     OVRPL: top1=0.349 mean_cost=7.4389 (sbs=7.4376) vs_sbs=+0.02% pre=0.349 gap=0.309 util=0.349
     VRPBL: top1=0.528 mean_cost=9.3593 (sbs=9.3593) vs_sbs=+0.00% pre=0.508 gap=0.485 util=0.528
    VRPBTW: top1=0.372 mean_cost=19.6697 (sbs=19.6697) vs_sbs=+0.00% pre=0.372 gap=0.301 util=0.372
    VRPLTW: top1=0.309 mean_cost=18.2838 (sbs=18.5091) vs_sbs=-1.22% pre=0.318 gap=0.292 util=0.309
    OVRPBL: top1=0.477 mean_cost=6.3352 (sbs=6.3103) vs_sbs=+0.40% pre=0.400 gap=0.541 util=0.544
   OVRPBTW: top1=0.461 mean_cost=10.5068 (sbs=10.5068) vs_sbs=-0.00% pre=0.461 gap=0.456 util=0.457
   OVRPLTW: top1=0.454 mean_cost=10.1431 (sbs=10.1272) vs_sbs=+0.16% pre=0.451 gap=0.494 util=0.478
   VRPBLTW: top1=0.335 mean_cost=19.5592 (sbs=19.5198) vs_sbs=+0.20% pre=0.319 gap=0.336 util=0.347
  OVRPBLTW: top1=0.471 mean_cost=10.5412 (sbs=10.5412) vs_sbs=-0.00% pre=0.471 gap=0.461 util=0.471
[save] best.pt epoch=1 score=0.4131
ep002 step000800 loss=0.6923 ce=1.4961 pair=0.0503 gap=0.0031 pre=1.4931 div=0.0928 risk=0.0430 time=2.5m
ep002 step000820 loss=0.6794 ce=1.4609 pair=0.0549 gap=0.0032 pre=1.4772 div=0.0770 risk=0.0481 time=2.5m
ep002 step000840 loss=0.6739 ce=1.4489 pair=0.0564 gap=0.0033 pre=1.4599 div=0.0773 risk=0.0448 time=2.6m
ep002 step000860 loss=0.6744 ce=1.4504 pair=0.0574 gap=0.0033 pre=1.4569 div=0.0780 risk=0.0456 time=2.6m
ep002 step000880 loss=0.6768 ce=1.4561 pair=0.0568 gap=0.0033 pre=1.4611 div=0.0798 risk=0.0455 time=2.7m
ep002 step000900 loss=0.6794 ce=1.4621 pair=0.0564 gap=0.0033 pre=1.4673 div=0.0793 risk=0.0462 time=2.7m
ep002 step000920 loss=0.6768 ce=1.4565 pair=0.0564 gap=0.0033 pre=1.4620 div=0.0789 risk=0.0453 time=2.8m
ep002 step000940 loss=0.6750 ce=1.4524 pair=0.0566 gap=0.0033 pre=1.4576 div=0.0783 risk=0.0452 time=2.8m
ep002 step000960 loss=0.6730 ce=1.4479 pair=0.0567 gap=0.0033 pre=1.4532 div=0.0782 risk=0.0453 time=2.9m
ep002 step000980 loss=0.6765 ce=1.4562 pair=0.0563 gap=0.0033 pre=1.4611 div=0.0770 risk=0.0455 time=2.9m
ep002 step001000 loss=0.6734 ce=1.4493 pair=0.0561 gap=0.0032 pre=1.4545 div=0.0765 risk=0.0451 time=3.0m
ep002 step001020 loss=0.6734 ce=1.4493 pair=0.0560 gap=0.0032 pre=1.4554 div=0.0767 risk=0.0449 time=3.0m
ep002 step001040 loss=0.6715 ce=1.4449 pair=0.0563 gap=0.0032 pre=1.4506 div=0.0762 risk=0.0454 time=3.0m
ep002 step001060 loss=0.6750 ce=1.4533 pair=0.0557 gap=0.0032 pre=1.4581 div=0.0758 risk=0.0452 time=3.1m
ep002 step001080 loss=0.6741 ce=1.4511 pair=0.0562 gap=0.0032 pre=1.4556 div=0.0754 risk=0.0454 time=3.2m
ep002 step001100 loss=0.6737 ce=1.4504 pair=0.0559 gap=0.0032 pre=1.4551 div=0.0751 risk=0.0452 time=3.2m
ep002 step001120 loss=0.6725 ce=1.4475 pair=0.0560 gap=0.0032 pre=1.4529 div=0.0752 risk=0.0453 time=3.3m
ep002 step001140 loss=0.6719 ce=1.4462 pair=0.0559 gap=0.0032 pre=1.4517 div=0.0750 risk=0.0452 time=3.3m
ep002 step001160 loss=0.6714 ce=1.4452 pair=0.0558 gap=0.0032 pre=1.4505 div=0.0744 risk=0.0449 time=3.4m
ep002 step001180 loss=0.6714 ce=1.4454 pair=0.0556 gap=0.0031 pre=1.4508 div=0.0738 risk=0.0448 time=3.4m
[eval epoch 2] macro_top1=0.4239 top2=0.7627 top3=0.8728 vs_sbs=-0.264% vbs_closed=+3.71%
          components: pre_top1=0.4189 gap_top1=0.3936 utility_top1=0.4241 corr(pre/final)=+0.988 corr(gap/final)=+0.959 corr(util/final)=+0.999
       TSP: top1=0.289 mean_cost=7.9817 (sbs=7.9578) vs_sbs=+0.30% pre=0.288 gap=0.198 util=0.289
      CVRP: top1=0.286 mean_cost=18.3850 (sbs=18.2943) vs_sbs=+0.50% pre=0.268 gap=0.276 util=0.301
      ATSP: top1=0.696 mean_cost=1.6404 (sbs=1.6735) vs_sbs=-1.98% pre=0.743 gap=0.658 util=0.679
      OVRP: top1=0.345 mean_cost=7.4593 (sbs=7.4617) vs_sbs=-0.03% pre=0.287 gap=0.255 util=0.363
      VRPB: top1=0.502 mean_cost=9.3407 (sbs=9.3403) vs_sbs=+0.00% pre=0.500 gap=0.460 util=0.504
      VRPL: top1=0.292 mean_cost=12.4078 (sbs=12.4072) vs_sbs=+0.00% pre=0.280 gap=0.220 util=0.292
     VRPTW: top1=0.279 mean_cost=18.4140 (sbs=18.6571) vs_sbs=-1.30% pre=0.256 gap=0.254 util=0.271
    OVRPTW: top1=0.472 mean_cost=10.0504 (sbs=10.0484) vs_sbs=+0.02% pre=0.483 gap=0.489 util=0.475
     OVRPB: top1=0.545 mean_cost=6.3220 (sbs=6.3220) vs_sbs=+0.00% pre=0.555 gap=0.545 util=0.545
     OVRPL: top1=0.382 mean_cost=7.4357 (sbs=7.4376) vs_sbs=-0.03% pre=0.381 gap=0.311 util=0.353
     VRPBL: top1=0.528 mean_cost=9.3593 (sbs=9.3593) vs_sbs=+0.00% pre=0.524 gap=0.528 util=0.528
    VRPBTW: top1=0.372 mean_cost=19.6697 (sbs=19.6697) vs_sbs=+0.00% pre=0.372 gap=0.291 util=0.372
    VRPLTW: top1=0.304 mean_cost=18.1439 (sbs=18.5091) vs_sbs=-1.97% pre=0.314 gap=0.292 util=0.319
    OVRPBL: top1=0.555 mean_cost=6.3103 (sbs=6.3103) vs_sbs=+0.00% pre=0.546 gap=0.556 util=0.555
   OVRPBTW: top1=0.461 mean_cost=10.5068 (sbs=10.5068) vs_sbs=-0.00% pre=0.461 gap=0.461 util=0.461
   OVRPLTW: top1=0.494 mean_cost=10.1272 (sbs=10.1272) vs_sbs=-0.00% pre=0.494 gap=0.494 util=0.500
   VRPBLTW: top1=0.348 mean_cost=19.4694 (sbs=19.5198) vs_sbs=-0.26% pre=0.308 gap=0.338 util=0.346
  OVRPBLTW: top1=0.480 mean_cost=10.5409 (sbs=10.5412) vs_sbs=-0.00% pre=0.481 gap=0.459 util=0.480
[save] best.pt epoch=2 score=0.4239
ep003 step001200 loss=0.6220 ce=1.3380 pair=0.0548 gap=0.0031 pre=1.3383 div=0.0662 risk=0.0406 time=3.7m
ep003 step001220 loss=0.6424 ce=1.3849 pair=0.0497 gap=0.0032 pre=1.3926 div=0.0671 risk=0.0407 time=3.7m
ep003 step001240 loss=0.6465 ce=1.3937 pair=0.0505 gap=0.0031 pre=1.4007 div=0.0674 risk=0.0409 time=3.8m
ep003 step001260 loss=0.6593 ce=1.4228 pair=0.0498 gap=0.0030 pre=1.4295 div=0.0668 risk=0.0408 time=3.8m
ep003 step001280 loss=0.6583 ce=1.4197 pair=0.0508 gap=0.0031 pre=1.4275 div=0.0664 risk=0.0416 time=3.9m
ep003 step001300 loss=0.6591 ce=1.4217 pair=0.0505 gap=0.0030 pre=1.4291 div=0.0659 risk=0.0407 time=4.0m
ep003 step001320 loss=0.6577 ce=1.4186 pair=0.0508 gap=0.0030 pre=1.4253 div=0.0662 risk=0.0408 time=4.0m
ep003 step001340 loss=0.6590 ce=1.4216 pair=0.0508 gap=0.0030 pre=1.4276 div=0.0663 risk=0.0414 time=4.1m
ep003 step001360 loss=0.6565 ce=1.4160 pair=0.0511 gap=0.0030 pre=1.4218 div=0.0660 risk=0.0413 time=4.1m
ep003 step001380 loss=0.6575 ce=1.4180 pair=0.0510 gap=0.0030 pre=1.4248 div=0.0660 risk=0.0413 time=4.1m
ep003 step001400 loss=0.6587 ce=1.4208 pair=0.0509 gap=0.0030 pre=1.4279 div=0.0655 risk=0.0412 time=4.2m
ep003 step001420 loss=0.6571 ce=1.4173 pair=0.0508 gap=0.0030 pre=1.4243 div=0.0657 risk=0.0414 time=4.2m
ep003 step001440 loss=0.6568 ce=1.4165 pair=0.0507 gap=0.0030 pre=1.4239 div=0.0655 risk=0.0412 time=4.3m
ep003 step001460 loss=0.6560 ce=1.4148 pair=0.0506 gap=0.0030 pre=1.4223 div=0.0653 risk=0.0410 time=4.3m
ep003 step001480 loss=0.6541 ce=1.4111 pair=0.0503 gap=0.0030 pre=1.4181 div=0.0653 risk=0.0406 time=4.4m
ep003 step001500 loss=0.6559 ce=1.4154 pair=0.0497 gap=0.0030 pre=1.4222 div=0.0648 risk=0.0405 time=4.5m
ep003 step001520 loss=0.6566 ce=1.4171 pair=0.0494 gap=0.0030 pre=1.4246 div=0.0648 risk=0.0403 time=4.5m
ep003 step001540 loss=0.6558 ce=1.4151 pair=0.0495 gap=0.0030 pre=1.4228 div=0.0647 risk=0.0403 time=4.5m
ep003 step001560 loss=0.6559 ce=1.4155 pair=0.0494 gap=0.0030 pre=1.4232 div=0.0644 risk=0.0401 time=4.6m
ep003 step001580 loss=0.6541 ce=1.4117 pair=0.0491 gap=0.0030 pre=1.4193 div=0.0645 risk=0.0400 time=4.6m
[eval epoch 3] macro_top1=0.4259 top2=0.7426 top3=0.8692 vs_sbs=-0.237% vbs_closed=+1.05%
          components: pre_top1=0.3850 gap_top1=0.3643 utility_top1=0.4315 corr(pre/final)=+0.982 corr(gap/final)=+0.932 corr(util/final)=+0.999
       TSP: top1=0.304 mean_cost=7.9743 (sbs=7.9578) vs_sbs=+0.21% pre=0.309 gap=0.199 util=0.301
      CVRP: top1=0.299 mean_cost=18.3975 (sbs=18.2943) vs_sbs=+0.56% pre=0.293 gap=0.168 util=0.303
      ATSP: top1=0.752 mean_cost=1.6407 (sbs=1.6735) vs_sbs=-1.96% pre=0.753 gap=0.581 util=0.747
      OVRP: top1=0.349 mean_cost=7.4588 (sbs=7.4617) vs_sbs=-0.04% pre=0.283 gap=0.356 util=0.347
      VRPB: top1=0.532 mean_cost=9.3386 (sbs=9.3403) vs_sbs=-0.02% pre=0.491 gap=0.508 util=0.504
      VRPL: top1=0.281 mean_cost=12.4149 (sbs=12.4072) vs_sbs=+0.06% pre=0.287 gap=0.192 util=0.286
     VRPTW: top1=0.281 mean_cost=18.3048 (sbs=18.6571) vs_sbs=-1.89% pre=0.259 gap=0.259 util=0.327
    OVRPTW: top1=0.481 mean_cost=10.0593 (sbs=10.0484) vs_sbs=+0.11% pre=0.445 gap=0.468 util=0.475
     OVRPB: top1=0.570 mean_cost=6.3183 (sbs=6.3220) vs_sbs=-0.06% pre=0.535 gap=0.542 util=0.540
     OVRPL: top1=0.356 mean_cost=7.4376 (sbs=7.4376) vs_sbs=+0.00% pre=0.336 gap=0.307 util=0.359
     VRPBL: top1=0.535 mean_cost=9.3625 (sbs=9.3593) vs_sbs=+0.04% pre=0.431 gap=0.528 util=0.528
    VRPBTW: top1=0.327 mean_cost=19.7045 (sbs=19.6697) vs_sbs=+0.18% pre=0.278 gap=0.198 util=0.373
    VRPLTW: top1=0.291 mean_cost=18.1994 (sbs=18.5091) vs_sbs=-1.67% pre=0.240 gap=0.297 util=0.339
    OVRPBL: top1=0.540 mean_cost=6.3156 (sbs=6.3103) vs_sbs=+0.08% pre=0.491 gap=0.539 util=0.555
   OVRPBTW: top1=0.487 mean_cost=10.5087 (sbs=10.5068) vs_sbs=+0.02% pre=0.473 gap=0.347 util=0.479
   OVRPLTW: top1=0.485 mean_cost=10.1364 (sbs=10.1272) vs_sbs=+0.09% pre=0.386 gap=0.347 util=0.477
   VRPBLTW: top1=0.310 mean_cost=19.5094 (sbs=19.5198) vs_sbs=-0.05% pre=0.262 gap=0.238 util=0.336
  OVRPBLTW: top1=0.487 mean_cost=10.5497 (sbs=10.5412) vs_sbs=+0.08% pre=0.378 gap=0.484 util=0.491
[save] best.pt epoch=3 score=0.4259
ep004 step001600 loss=0.6394 ce=1.3822 pair=0.0441 gap=0.0027 pre=1.3954 div=0.0573 risk=0.0324 time=4.9m
ep004 step001620 loss=0.6512 ce=1.4074 pair=0.0439 gap=0.0028 pre=1.4237 div=0.0610 risk=0.0354 time=4.9m
ep004 step001640 loss=0.6469 ce=1.3966 pair=0.0462 gap=0.0028 pre=1.4108 div=0.0617 risk=0.0377 time=5.0m
ep004 step001660 loss=0.6439 ce=1.3908 pair=0.0461 gap=0.0028 pre=1.4011 div=0.0617 risk=0.0373 time=5.0m
ep004 step001680 loss=0.6551 ce=1.4166 pair=0.0458 gap=0.0028 pre=1.4247 div=0.0613 risk=0.0370 time=5.1m
ep004 step001700 loss=0.6558 ce=1.4168 pair=0.0473 gap=0.0029 pre=1.4256 div=0.0619 risk=0.0377 time=5.2m
ep004 step001720 loss=0.6512 ce=1.4066 pair=0.0471 gap=0.0029 pre=1.4157 div=0.0617 risk=0.0378 time=5.2m
ep004 step001740 loss=0.6480 ce=1.3995 pair=0.0471 gap=0.0029 pre=1.4087 div=0.0619 risk=0.0369 time=5.2m
ep004 step001760 loss=0.6526 ce=1.4104 pair=0.0464 gap=0.0028 pre=1.4194 div=0.0617 risk=0.0372 time=5.3m
ep004 step001780 loss=0.6539 ce=1.4125 pair=0.0469 gap=0.0028 pre=1.4225 div=0.0615 risk=0.0375 time=5.3m
ep004 step001800 loss=0.6510 ce=1.4067 pair=0.0464 gap=0.0028 pre=1.4160 div=0.0617 risk=0.0372 time=5.4m
ep004 step001820 loss=0.6509 ce=1.4066 pair=0.0462 gap=0.0028 pre=1.4161 div=0.0616 risk=0.0368 time=5.4m
ep004 step001840 loss=0.6493 ce=1.4031 pair=0.0460 gap=0.0028 pre=1.4130 div=0.0616 risk=0.0369 time=5.5m
ep004 step001860 loss=0.6486 ce=1.4020 pair=0.0454 gap=0.0028 pre=1.4113 div=0.0615 risk=0.0367 time=5.5m
ep004 step001880 loss=0.6479 ce=1.4008 pair=0.0450 gap=0.0028 pre=1.4101 div=0.0613 risk=0.0361 time=5.6m
ep004 step001900 loss=0.6459 ce=1.3966 pair=0.0446 gap=0.0027 pre=1.4058 div=0.0612 risk=0.0359 time=5.6m
ep004 step001920 loss=0.6457 ce=1.3967 pair=0.0442 gap=0.0027 pre=1.4053 div=0.0608 risk=0.0356 time=5.7m
ep004 step001940 loss=0.6443 ce=1.3936 pair=0.0440 gap=0.0027 pre=1.4024 div=0.0607 risk=0.0355 time=5.7m
ep004 step001960 loss=0.6436 ce=1.3922 pair=0.0437 gap=0.0027 pre=1.4011 div=0.0605 risk=0.0353 time=5.8m
ep004 step001980 loss=0.6430 ce=1.3913 pair=0.0435 gap=0.0027 pre=1.3999 div=0.0602 risk=0.0352 time=5.8m
[eval epoch 4] macro_top1=0.4293 top2=0.7555 top3=0.8840 vs_sbs=-0.577% vbs_closed=+9.08%
          components: pre_top1=0.4006 gap_top1=0.4177 utility_top1=0.4366 corr(pre/final)=+0.983 corr(gap/final)=+0.956 corr(util/final)=+0.998
       TSP: top1=0.335 mean_cost=7.9303 (sbs=7.9578) vs_sbs=-0.35% pre=0.335 gap=0.251 util=0.331
      CVRP: top1=0.293 mean_cost=18.3667 (sbs=18.2943) vs_sbs=+0.40% pre=0.314 gap=0.202 util=0.282
      ATSP: top1=0.774 mean_cost=1.6367 (sbs=1.6735) vs_sbs=-2.20% pre=0.772 gap=0.723 util=0.777
      OVRP: top1=0.356 mean_cost=7.4555 (sbs=7.4617) vs_sbs=-0.08% pre=0.350 gap=0.355 util=0.360
      VRPB: top1=0.538 mean_cost=9.3397 (sbs=9.3403) vs_sbs=-0.01% pre=0.453 gap=0.527 util=0.549
      VRPL: top1=0.281 mean_cost=12.4169 (sbs=12.4072) vs_sbs=+0.08% pre=0.265 gap=0.242 util=0.274
     VRPTW: top1=0.358 mean_cost=18.0752 (sbs=18.6571) vs_sbs=-3.12% pre=0.307 gap=0.365 util=0.358
    OVRPTW: top1=0.466 mean_cost=10.0512 (sbs=10.0484) vs_sbs=+0.03% pre=0.424 gap=0.486 util=0.492
     OVRPB: top1=0.534 mean_cost=6.3286 (sbs=6.3220) vs_sbs=+0.10% pre=0.533 gap=0.534 util=0.537
     OVRPL: top1=0.361 mean_cost=7.4380 (sbs=7.4376) vs_sbs=+0.01% pre=0.357 gap=0.353 util=0.382
     VRPBL: top1=0.500 mean_cost=9.3800 (sbs=9.3593) vs_sbs=+0.22% pre=0.449 gap=0.504 util=0.505
    VRPBTW: top1=0.345 mean_cost=19.3183 (sbs=19.6697) vs_sbs=-1.79% pre=0.323 gap=0.333 util=0.370
    VRPLTW: top1=0.331 mean_cost=17.9452 (sbs=18.5091) vs_sbs=-3.05% pre=0.303 gap=0.334 util=0.346
    OVRPBL: top1=0.520 mean_cost=6.3135 (sbs=6.3103) vs_sbs=+0.05% pre=0.527 gap=0.543 util=0.515
   OVRPBTW: top1=0.477 mean_cost=10.5189 (sbs=10.5068) vs_sbs=+0.12% pre=0.371 gap=0.482 util=0.498
   OVRPLTW: top1=0.477 mean_cost=10.1340 (sbs=10.1272) vs_sbs=+0.07% pre=0.425 gap=0.494 util=0.462
   VRPBLTW: top1=0.317 mean_cost=19.3147 (sbs=19.5198) vs_sbs=-1.05% pre=0.304 gap=0.314 util=0.331
  OVRPBLTW: top1=0.465 mean_cost=10.5611 (sbs=10.5412) vs_sbs=+0.19% pre=0.399 gap=0.477 util=0.490
[save] best.pt epoch=4 score=0.4293
ep005 step002000 loss=0.6418 ce=1.3933 pair=0.0373 gap=0.0026 pre=1.3999 div=0.0580 risk=0.0317 time=6.1m
ep005 step002020 loss=0.6432 ce=1.3941 pair=0.0401 gap=0.0025 pre=1.4036 div=0.0565 risk=0.0316 time=6.2m
ep005 step002040 loss=0.6204 ce=1.3434 pair=0.0399 gap=0.0026 pre=1.3539 div=0.0571 risk=0.0328 time=6.2m
ep005 step002060 loss=0.6214 ce=1.3462 pair=0.0396 gap=0.0026 pre=1.3554 div=0.0567 risk=0.0318 time=6.2m
ep005 step002080 loss=0.6299 ce=1.3657 pair=0.0391 gap=0.0026 pre=1.3737 div=0.0558 risk=0.0315 time=6.3m
ep005 step002100 loss=0.6251 ce=1.3556 pair=0.0383 gap=0.0026 pre=1.3629 div=0.0555 risk=0.0313 time=6.4m
ep005 step002120 loss=0.6305 ce=1.3677 pair=0.0383 gap=0.0025 pre=1.3754 div=0.0550 risk=0.0310 time=6.4m
ep005 step002140 loss=0.6252 ce=1.3564 pair=0.0377 gap=0.0025 pre=1.3635 div=0.0552 risk=0.0306 time=6.5m
ep005 step002160 loss=0.6248 ce=1.3561 pair=0.0373 gap=0.0025 pre=1.3627 div=0.0550 risk=0.0304 time=6.5m
ep005 step002180 loss=0.6247 ce=1.3557 pair=0.0372 gap=0.0025 pre=1.3627 div=0.0546 risk=0.0304 time=6.5m
ep005 step002200 loss=0.6218 ce=1.3494 pair=0.0370 gap=0.0025 pre=1.3561 div=0.0547 risk=0.0302 time=6.6m
ep005 step002220 loss=0.6259 ce=1.3589 pair=0.0366 gap=0.0025 pre=1.3654 div=0.0540 risk=0.0299 time=6.7m
ep005 step002240 loss=0.6234 ce=1.3534 pair=0.0367 gap=0.0025 pre=1.3597 div=0.0536 risk=0.0301 time=6.7m
ep005 step002260 loss=0.6221 ce=1.3505 pair=0.0369 gap=0.0025 pre=1.3568 div=0.0535 risk=0.0301 time=6.7m
ep005 step002280 loss=0.6215 ce=1.3493 pair=0.0367 gap=0.0025 pre=1.3555 div=0.0531 risk=0.0301 time=6.8m
ep005 step002300 loss=0.6218 ce=1.3497 pair=0.0368 gap=0.0025 pre=1.3563 div=0.0530 risk=0.0299 time=6.8m
ep005 step002320 loss=0.6230 ce=1.3525 pair=0.0367 gap=0.0025 pre=1.3593 div=0.0524 risk=0.0299 time=6.9m
ep005 step002340 loss=0.6223 ce=1.3511 pair=0.0364 gap=0.0024 pre=1.3584 div=0.0523 risk=0.0297 time=7.0m
ep005 step002360 loss=0.6221 ce=1.3507 pair=0.0365 gap=0.0024 pre=1.3580 div=0.0521 risk=0.0297 time=7.0m
[eval epoch 5] macro_top1=0.4306 top2=0.7654 top3=0.8962 vs_sbs=-0.667% vbs_closed=+11.46%
          components: pre_top1=0.4074 gap_top1=0.3836 utility_top1=0.4396 corr(pre/final)=+0.977 corr(gap/final)=+0.877 corr(util/final)=+0.998
       TSP: top1=0.337 mean_cost=7.9324 (sbs=7.9578) vs_sbs=-0.32% pre=0.332 gap=0.110 util=0.338
      CVRP: top1=0.258 mean_cost=18.3532 (sbs=18.2943) vs_sbs=+0.32% pre=0.242 gap=0.075 util=0.258
      ATSP: top1=0.720 mean_cost=1.6499 (sbs=1.6735) vs_sbs=-1.41% pre=0.726 gap=0.736 util=0.718
      OVRP: top1=0.344 mean_cost=7.4573 (sbs=7.4617) vs_sbs=-0.06% pre=0.305 gap=0.360 util=0.363
      VRPB: top1=0.536 mean_cost=9.3403 (sbs=9.3403) vs_sbs=+0.00% pre=0.444 gap=0.463 util=0.552
      VRPL: top1=0.295 mean_cost=12.4079 (sbs=12.4072) vs_sbs=+0.01% pre=0.280 gap=0.213 util=0.303
     VRPTW: top1=0.382 mean_cost=18.0195 (sbs=18.6571) vs_sbs=-3.42% pre=0.359 gap=0.306 util=0.390
    OVRPTW: top1=0.479 mean_cost=10.0498 (sbs=10.0484) vs_sbs=+0.01% pre=0.443 gap=0.445 util=0.481
     OVRPB: top1=0.536 mean_cost=6.3265 (sbs=6.3220) vs_sbs=+0.07% pre=0.532 gap=0.518 util=0.543
     OVRPL: top1=0.380 mean_cost=7.4352 (sbs=7.4376) vs_sbs=-0.03% pre=0.375 gap=0.329 util=0.381
     VRPBL: top1=0.520 mean_cost=9.3674 (sbs=9.3593) vs_sbs=+0.09% pre=0.469 gap=0.428 util=0.521
    VRPBTW: top1=0.344 mean_cost=19.2444 (sbs=19.6697) vs_sbs=-2.16% pre=0.339 gap=0.351 util=0.364
    VRPLTW: top1=0.372 mean_cost=17.7683 (sbs=18.5091) vs_sbs=-4.00% pre=0.378 gap=0.346 util=0.376
    OVRPBL: top1=0.517 mean_cost=6.3121 (sbs=6.3103) vs_sbs=+0.03% pre=0.512 gap=0.549 util=0.517
   OVRPBTW: top1=0.459 mean_cost=10.5399 (sbs=10.5068) vs_sbs=+0.32% pre=0.411 gap=0.440 util=0.496
   OVRPLTW: top1=0.490 mean_cost=10.1287 (sbs=10.1272) vs_sbs=+0.01% pre=0.454 gap=0.494 util=0.487
   VRPBLTW: top1=0.342 mean_cost=19.1822 (sbs=19.5198) vs_sbs=-1.73% pre=0.333 gap=0.333 util=0.335
  OVRPBLTW: top1=0.439 mean_cost=10.5687 (sbs=10.5412) vs_sbs=+0.26% pre=0.399 gap=0.409 util=0.489
[save] best.pt epoch=5 score=0.4306
ep006 step002380 loss=0.5178 ce=1.1186 pair=0.0365 gap=0.0025 pre=1.1263 div=0.0535 risk=0.0324 time=7.3m
ep006 step002400 loss=0.6278 ce=1.3660 pair=0.0341 gap=0.0023 pre=1.3703 div=0.0453 risk=0.0299 time=7.3m
ep006 step002420 loss=0.6154 ce=1.3392 pair=0.0325 gap=0.0023 pre=1.3454 div=0.0465 risk=0.0277 time=7.4m
ep006 step002440 loss=0.6049 ce=1.3148 pair=0.0346 gap=0.0023 pre=1.3191 div=0.0474 risk=0.0281 time=7.4m
ep006 step002460 loss=0.6055 ce=1.3168 pair=0.0339 gap=0.0023 pre=1.3204 div=0.0471 risk=0.0277 time=7.5m
ep006 step002480 loss=0.6100 ce=1.3261 pair=0.0346 gap=0.0023 pre=1.3304 div=0.0466 risk=0.0276 time=7.5m
ep006 step002500 loss=0.6099 ce=1.3259 pair=0.0343 gap=0.0023 pre=1.3315 div=0.0465 risk=0.0277 time=7.6m
ep006 step002520 loss=0.6124 ce=1.3314 pair=0.0343 gap=0.0023 pre=1.3377 div=0.0461 risk=0.0278 time=7.6m
ep006 step002540 loss=0.6152 ce=1.3374 pair=0.0345 gap=0.0023 pre=1.3439 div=0.0455 risk=0.0280 time=7.7m
ep006 step002560 loss=0.6150 ce=1.3366 pair=0.0345 gap=0.0023 pre=1.3441 div=0.0455 risk=0.0281 time=7.7m
ep006 step002580 loss=0.6162 ce=1.3389 pair=0.0347 gap=0.0023 pre=1.3473 div=0.0457 risk=0.0280 time=7.8m
ep006 step002600 loss=0.6147 ce=1.3357 pair=0.0347 gap=0.0023 pre=1.3440 div=0.0457 risk=0.0282 time=7.8m
ep006 step002620 loss=0.6142 ce=1.3346 pair=0.0349 gap=0.0023 pre=1.3424 div=0.0456 risk=0.0282 time=7.9m
ep006 step002640 loss=0.6140 ce=1.3341 pair=0.0349 gap=0.0024 pre=1.3418 div=0.0456 risk=0.0283 time=7.9m
ep006 step002660 loss=0.6166 ce=1.3396 pair=0.0351 gap=0.0024 pre=1.3479 div=0.0454 risk=0.0284 time=8.0m
ep006 step002680 loss=0.6163 ce=1.3391 pair=0.0351 gap=0.0024 pre=1.3469 div=0.0455 risk=0.0283 time=8.0m
ep006 step002700 loss=0.6160 ce=1.3384 pair=0.0349 gap=0.0024 pre=1.3465 div=0.0454 risk=0.0283 time=8.1m
ep006 step002720 loss=0.6155 ce=1.3375 pair=0.0348 gap=0.0023 pre=1.3450 div=0.0453 risk=0.0282 time=8.1m
ep006 step002740 loss=0.6142 ce=1.3348 pair=0.0347 gap=0.0023 pre=1.3420 div=0.0452 risk=0.0281 time=8.2m
ep006 step002760 loss=0.6146 ce=1.3357 pair=0.0347 gap=0.0023 pre=1.3435 div=0.0449 risk=0.0279 time=8.2m
[eval epoch 6] macro_top1=0.4336 top2=0.7716 top3=0.8855 vs_sbs=-0.642% vbs_closed=+9.74%
          components: pre_top1=0.4266 gap_top1=0.3795 utility_top1=0.4391 corr(pre/final)=+0.972 corr(gap/final)=+0.862 corr(util/final)=+0.997
       TSP: top1=0.320 mean_cost=7.9512 (sbs=7.9578) vs_sbs=-0.08% pre=0.324 gap=0.100 util=0.320
      CVRP: top1=0.248 mean_cost=18.3545 (sbs=18.2943) vs_sbs=+0.33% pre=0.261 gap=0.176 util=0.239
      ATSP: top1=0.748 mean_cost=1.6425 (sbs=1.6735) vs_sbs=-1.85% pre=0.752 gap=0.744 util=0.746
      OVRP: top1=0.359 mean_cost=7.4555 (sbs=7.4617) vs_sbs=-0.08% pre=0.352 gap=0.338 util=0.356
      VRPB: top1=0.445 mean_cost=9.3723 (sbs=9.3403) vs_sbs=+0.34% pre=0.449 gap=0.470 util=0.518
      VRPL: top1=0.280 mean_cost=12.4321 (sbs=12.4072) vs_sbs=+0.20% pre=0.256 gap=0.171 util=0.284
     VRPTW: top1=0.360 mean_cost=18.0244 (sbs=18.6571) vs_sbs=-3.39% pre=0.353 gap=0.299 util=0.370
    OVRPTW: top1=0.499 mean_cost=10.0431 (sbs=10.0484) vs_sbs=-0.05% pre=0.479 gap=0.480 util=0.495
     OVRPB: top1=0.546 mean_cost=6.3244 (sbs=6.3220) vs_sbs=+0.04% pre=0.566 gap=0.540 util=0.553
     OVRPL: top1=0.378 mean_cost=7.4348 (sbs=7.4376) vs_sbs=-0.04% pre=0.374 gap=0.238 util=0.373
     VRPBL: top1=0.531 mean_cost=9.3624 (sbs=9.3593) vs_sbs=+0.03% pre=0.491 gap=0.450 util=0.524
    VRPBTW: top1=0.401 mean_cost=19.2920 (sbs=19.6697) vs_sbs=-1.92% pre=0.394 gap=0.288 util=0.407
    VRPLTW: top1=0.352 mean_cost=17.9218 (sbs=18.5091) vs_sbs=-3.17% pre=0.348 gap=0.285 util=0.366
    OVRPBL: top1=0.510 mean_cost=6.3133 (sbs=6.3103) vs_sbs=+0.05% pre=0.528 gap=0.520 util=0.503
   OVRPBTW: top1=0.474 mean_cost=10.5062 (sbs=10.5068) vs_sbs=-0.01% pre=0.466 gap=0.460 util=0.503
   OVRPLTW: top1=0.485 mean_cost=10.1260 (sbs=10.1272) vs_sbs=-0.01% pre=0.427 gap=0.494 util=0.489
   VRPBLTW: top1=0.386 mean_cost=19.1482 (sbs=19.5198) vs_sbs=-1.90% pre=0.387 gap=0.323 util=0.380
  OVRPBLTW: top1=0.482 mean_cost=10.5377 (sbs=10.5412) vs_sbs=-0.03% pre=0.471 gap=0.455 util=0.478
[save] best.pt epoch=6 score=0.4336
ep007 step002780 loss=0.6169 ce=1.3444 pair=0.0320 gap=0.0022 pre=1.3455 div=0.0426 risk=0.0257 time=8.5m
ep007 step002800 loss=0.6200 ce=1.3509 pair=0.0313 gap=0.0022 pre=1.3559 div=0.0398 risk=0.0276 time=8.6m
ep007 step002820 loss=0.6114 ce=1.3300 pair=0.0335 gap=0.0023 pre=1.3356 div=0.0413 risk=0.0283 time=8.6m
ep007 step002840 loss=0.6121 ce=1.3315 pair=0.0334 gap=0.0023 pre=1.3380 div=0.0411 risk=0.0281 time=8.7m
ep007 step002860 loss=0.6141 ce=1.3354 pair=0.0344 gap=0.0023 pre=1.3419 div=0.0407 risk=0.0279 time=8.7m
ep007 step002880 loss=0.6118 ce=1.3308 pair=0.0339 gap=0.0023 pre=1.3364 div=0.0407 risk=0.0277 time=8.8m
ep007 step002900 loss=0.6101 ce=1.3271 pair=0.0338 gap=0.0023 pre=1.3324 div=0.0404 risk=0.0273 time=8.8m
ep007 step002920 loss=0.6080 ce=1.3228 pair=0.0334 gap=0.0022 pre=1.3277 div=0.0401 risk=0.0269 time=8.9m
ep007 step002940 loss=0.6090 ce=1.3249 pair=0.0336 gap=0.0023 pre=1.3303 div=0.0398 risk=0.0269 time=8.9m
ep007 step002960 loss=0.6077 ce=1.3215 pair=0.0339 gap=0.0023 pre=1.3277 div=0.0400 risk=0.0272 time=9.0m
ep007 step002980 loss=0.6105 ce=1.3278 pair=0.0339 gap=0.0023 pre=1.3341 div=0.0398 risk=0.0269 time=9.0m
ep007 step003000 loss=0.6089 ce=1.3242 pair=0.0340 gap=0.0023 pre=1.3303 div=0.0397 risk=0.0267 time=9.1m
ep007 step003020 loss=0.6086 ce=1.3239 pair=0.0338 gap=0.0023 pre=1.3299 div=0.0392 risk=0.0269 time=9.1m
ep007 step003040 loss=0.6095 ce=1.3256 pair=0.0339 gap=0.0023 pre=1.3317 div=0.0390 risk=0.0268 time=9.2m
ep007 step003060 loss=0.6080 ce=1.3225 pair=0.0336 gap=0.0022 pre=1.3289 div=0.0389 risk=0.0267 time=9.2m
ep007 step003080 loss=0.6077 ce=1.3220 pair=0.0334 gap=0.0022 pre=1.3281 div=0.0385 risk=0.0265 time=9.3m
ep007 step003100 loss=0.6062 ce=1.3188 pair=0.0333 gap=0.0022 pre=1.3250 div=0.0381 risk=0.0265 time=9.3m
ep007 step003120 loss=0.6071 ce=1.3209 pair=0.0333 gap=0.0022 pre=1.3271 div=0.0378 risk=0.0263 time=9.4m
ep007 step003140 loss=0.6082 ce=1.3233 pair=0.0334 gap=0.0022 pre=1.3297 div=0.0374 risk=0.0265 time=9.4m
ep007 step003160 loss=0.6091 ce=1.3251 pair=0.0335 gap=0.0022 pre=1.3316 div=0.0373 risk=0.0266 time=9.5m
[eval epoch 7] macro_top1=0.4518 top2=0.7878 top3=0.9048 vs_sbs=-0.850% vbs_closed=+19.70%
          components: pre_top1=0.4410 gap_top1=0.4149 utility_top1=0.4550 corr(pre/final)=+0.968 corr(gap/final)=+0.902 corr(util/final)=+0.997
       TSP: top1=0.325 mean_cost=7.9238 (sbs=7.9578) vs_sbs=-0.43% pre=0.320 gap=0.185 util=0.336
      CVRP: top1=0.307 mean_cost=18.3809 (sbs=18.2943) vs_sbs=+0.47% pre=0.301 gap=0.166 util=0.316
      ATSP: top1=0.768 mean_cost=1.6361 (sbs=1.6735) vs_sbs=-2.24% pre=0.763 gap=0.765 util=0.774
      OVRP: top1=0.353 mean_cost=7.4569 (sbs=7.4617) vs_sbs=-0.06% pre=0.347 gap=0.309 util=0.352
      VRPB: top1=0.544 mean_cost=9.3349 (sbs=9.3403) vs_sbs=-0.06% pre=0.514 gap=0.544 util=0.550
      VRPL: top1=0.304 mean_cost=12.4118 (sbs=12.4072) vs_sbs=+0.04% pre=0.301 gap=0.235 util=0.293
     VRPTW: top1=0.407 mean_cost=17.9783 (sbs=18.6571) vs_sbs=-3.64% pre=0.409 gap=0.381 util=0.412
    OVRPTW: top1=0.491 mean_cost=10.0440 (sbs=10.0484) vs_sbs=-0.04% pre=0.470 gap=0.455 util=0.476
     OVRPB: top1=0.555 mean_cost=6.3198 (sbs=6.3220) vs_sbs=-0.03% pre=0.550 gap=0.555 util=0.556
     OVRPL: top1=0.359 mean_cost=7.4359 (sbs=7.4376) vs_sbs=-0.02% pre=0.365 gap=0.338 util=0.367
     VRPBL: top1=0.540 mean_cost=9.3559 (sbs=9.3593) vs_sbs=-0.04% pre=0.544 gap=0.520 util=0.540
    VRPBTW: top1=0.389 mean_cost=19.1468 (sbs=19.6697) vs_sbs=-2.66% pre=0.349 gap=0.394 util=0.414
    VRPLTW: top1=0.411 mean_cost=17.7199 (sbs=18.5091) vs_sbs=-4.26% pre=0.410 gap=0.387 util=0.411
    OVRPBL: top1=0.527 mean_cost=6.3090 (sbs=6.3103) vs_sbs=-0.02% pre=0.535 gap=0.518 util=0.523
   OVRPBTW: top1=0.494 mean_cost=10.5058 (sbs=10.5068) vs_sbs=-0.01% pre=0.454 gap=0.440 util=0.501
   OVRPLTW: top1=0.488 mean_cost=10.1270 (sbs=10.1272) vs_sbs=-0.00% pre=0.469 gap=0.437 util=0.496
   VRPBLTW: top1=0.370 mean_cost=19.0783 (sbs=19.5198) vs_sbs=-2.26% pre=0.365 gap=0.388 util=0.367
  OVRPBLTW: top1=0.501 mean_cost=10.5376 (sbs=10.5412) vs_sbs=-0.03% pre=0.472 gap=0.452 util=0.506
[save] best.pt epoch=7 score=0.4518
ep008 step003180 loss=0.6193 ce=1.3482 pair=0.0307 gap=0.0021 pre=1.3622 div=0.0359 risk=0.0239 time=9.8m
ep008 step003200 loss=0.6040 ce=1.3138 pair=0.0322 gap=0.0023 pre=1.3257 div=0.0332 risk=0.0249 time=9.8m
ep008 step003220 loss=0.5996 ce=1.3052 pair=0.0319 gap=0.0023 pre=1.3131 div=0.0316 risk=0.0249 time=9.8m
ep008 step003240 loss=0.6056 ce=1.3185 pair=0.0316 gap=0.0022 pre=1.3275 div=0.0318 risk=0.0252 time=9.9m
ep008 step003260 loss=0.6087 ce=1.3243 pair=0.0330 gap=0.0023 pre=1.3342 div=0.0311 risk=0.0257 time=10.0m
ep008 step003280 loss=0.6024 ce=1.3107 pair=0.0328 gap=0.0022 pre=1.3196 div=0.0313 risk=0.0253 time=10.0m
ep008 step003300 loss=0.6040 ce=1.3147 pair=0.0325 gap=0.0022 pre=1.3223 div=0.0307 risk=0.0251 time=10.1m
ep008 step003320 loss=0.6070 ce=1.3212 pair=0.0326 gap=0.0022 pre=1.3287 div=0.0306 risk=0.0251 time=10.1m
ep008 step003340 loss=0.6016 ce=1.3095 pair=0.0324 gap=0.0022 pre=1.3169 div=0.0303 risk=0.0250 time=10.2m
ep008 step003360 loss=0.6039 ce=1.3147 pair=0.0323 gap=0.0022 pre=1.3220 div=0.0295 risk=0.0251 time=10.2m
ep008 step003380 loss=0.6031 ce=1.3129 pair=0.0323 gap=0.0022 pre=1.3206 div=0.0297 risk=0.0251 time=10.3m
ep008 step003400 loss=0.6013 ce=1.3091 pair=0.0320 gap=0.0022 pre=1.3169 div=0.0296 risk=0.0249 time=10.3m
ep008 step003420 loss=0.6014 ce=1.3096 pair=0.0318 gap=0.0021 pre=1.3171 div=0.0293 risk=0.0248 time=10.3m
ep008 step003440 loss=0.6010 ce=1.3088 pair=0.0318 gap=0.0021 pre=1.3161 div=0.0290 risk=0.0247 time=10.4m
ep008 step003460 loss=0.5997 ce=1.3059 pair=0.0318 gap=0.0021 pre=1.3131 div=0.0288 risk=0.0247 time=10.4m
ep008 step003480 loss=0.6006 ce=1.3079 pair=0.0318 gap=0.0021 pre=1.3155 div=0.0284 risk=0.0248 time=10.5m
ep008 step003500 loss=0.5993 ce=1.3045 pair=0.0322 gap=0.0021 pre=1.3123 div=0.0285 risk=0.0251 time=10.5m
ep008 step003520 loss=0.6025 ce=1.3116 pair=0.0323 gap=0.0021 pre=1.3198 div=0.0284 risk=0.0252 time=10.6m
ep008 step003540 loss=0.6017 ce=1.3099 pair=0.0322 gap=0.0021 pre=1.3181 div=0.0279 risk=0.0252 time=10.6m
ep008 step003560 loss=0.6030 ce=1.3129 pair=0.0321 gap=0.0021 pre=1.3207 div=0.0278 risk=0.0251 time=10.7m
[eval epoch 8] macro_top1=0.4544 top2=0.7896 top3=0.9091 vs_sbs=-0.892% vbs_closed=+20.22%
          components: pre_top1=0.4397 gap_top1=0.3740 utility_top1=0.4556 corr(pre/final)=+0.979 corr(gap/final)=+0.830 corr(util/final)=+0.997
       TSP: top1=0.320 mean_cost=7.9238 (sbs=7.9578) vs_sbs=-0.43% pre=0.319 gap=0.119 util=0.323
      CVRP: top1=0.351 mean_cost=18.3385 (sbs=18.2943) vs_sbs=+0.24% pre=0.339 gap=0.143 util=0.350
      ATSP: top1=0.758 mean_cost=1.6394 (sbs=1.6735) vs_sbs=-2.04% pre=0.756 gap=0.713 util=0.759
      OVRP: top1=0.280 mean_cost=7.4639 (sbs=7.4617) vs_sbs=+0.03% pre=0.286 gap=0.190 util=0.283
      VRPB: top1=0.548 mean_cost=9.3352 (sbs=9.3403) vs_sbs=-0.05% pre=0.537 gap=0.482 util=0.548
      VRPL: top1=0.298 mean_cost=12.4109 (sbs=12.4072) vs_sbs=+0.03% pre=0.287 gap=0.170 util=0.303
     VRPTW: top1=0.410 mean_cost=17.9675 (sbs=18.6571) vs_sbs=-3.70% pre=0.385 gap=0.334 util=0.410
    OVRPTW: top1=0.477 mean_cost=10.0528 (sbs=10.0484) vs_sbs=+0.04% pre=0.442 gap=0.468 util=0.473
     OVRPB: top1=0.556 mean_cost=6.3208 (sbs=6.3220) vs_sbs=-0.02% pre=0.556 gap=0.515 util=0.560
     OVRPL: top1=0.380 mean_cost=7.4343 (sbs=7.4376) vs_sbs=-0.04% pre=0.375 gap=0.188 util=0.372
     VRPBL: top1=0.541 mean_cost=9.3558 (sbs=9.3593) vs_sbs=-0.04% pre=0.542 gap=0.443 util=0.539
    VRPBTW: top1=0.416 mean_cost=19.0886 (sbs=19.6697) vs_sbs=-2.95% pre=0.388 gap=0.403 util=0.417
    VRPLTW: top1=0.442 mean_cost=17.6809 (sbs=18.5091) vs_sbs=-4.47% pre=0.399 gap=0.365 util=0.448
    OVRPBL: top1=0.535 mean_cost=6.3093 (sbs=6.3103) vs_sbs=-0.02% pre=0.533 gap=0.475 util=0.530
   OVRPBTW: top1=0.484 mean_cost=10.5070 (sbs=10.5068) vs_sbs=+0.00% pre=0.446 gap=0.461 util=0.502
   OVRPLTW: top1=0.496 mean_cost=10.1273 (sbs=10.1272) vs_sbs=+0.00% pre=0.478 gap=0.444 util=0.498
   VRPBLTW: top1=0.407 mean_cost=18.9964 (sbs=19.5198) vs_sbs=-2.68% pre=0.412 gap=0.376 util=0.391
  OVRPBLTW: top1=0.480 mean_cost=10.5444 (sbs=10.5412) vs_sbs=+0.03% pre=0.434 gap=0.443 util=0.495
[save] best.pt epoch=8 score=0.4544
ep009 step003580 loss=0.6015 ce=1.3097 pair=0.0339 gap=0.0021 pre=1.3130 div=0.0231 risk=0.0268 time=10.9m
ep009 step003600 loss=0.5920 ce=1.2903 pair=0.0315 gap=0.0021 pre=1.2936 div=0.0236 risk=0.0248 time=11.0m
ep009 step003620 loss=0.5976 ce=1.3027 pair=0.0313 gap=0.0021 pre=1.3063 div=0.0236 risk=0.0249 time=11.0m
ep009 step003640 loss=0.5955 ce=1.2980 pair=0.0312 gap=0.0021 pre=1.3019 div=0.0246 risk=0.0243 time=11.1m
ep009 step003660 loss=0.5944 ce=1.2953 pair=0.0310 gap=0.0021 pre=1.3012 div=0.0239 risk=0.0241 time=11.1m
ep009 step003680 loss=0.5916 ce=1.2889 pair=0.0312 gap=0.0021 pre=1.2949 div=0.0232 risk=0.0243 time=11.2m
ep009 step003700 loss=0.5901 ce=1.2862 pair=0.0306 gap=0.0021 pre=1.2921 div=0.0229 risk=0.0241 time=11.2m
ep009 step003720 loss=0.5930 ce=1.2920 pair=0.0312 gap=0.0021 pre=1.2984 div=0.0230 risk=0.0243 time=11.3m
ep009 step003740 loss=0.5980 ce=1.3032 pair=0.0309 gap=0.0021 pre=1.3096 div=0.0231 risk=0.0243 time=11.3m
ep009 step003760 loss=0.5954 ce=1.2974 pair=0.0309 gap=0.0021 pre=1.3042 div=0.0229 risk=0.0244 time=11.4m
ep009 step003780 loss=0.5981 ce=1.3032 pair=0.0312 gap=0.0021 pre=1.3103 div=0.0230 risk=0.0246 time=11.4m
ep009 step003800 loss=0.5979 ce=1.3029 pair=0.0312 gap=0.0021 pre=1.3098 div=0.0230 risk=0.0246 time=11.5m
ep009 step003820 loss=0.5979 ce=1.3028 pair=0.0313 gap=0.0021 pre=1.3096 div=0.0232 risk=0.0245 time=11.5m
ep009 step003840 loss=0.5960 ce=1.2986 pair=0.0311 gap=0.0021 pre=1.3056 div=0.0229 risk=0.0244 time=11.6m
ep009 step003860 loss=0.5963 ce=1.2994 pair=0.0311 gap=0.0021 pre=1.3060 div=0.0226 risk=0.0245 time=11.6m
ep009 step003880 loss=0.5956 ce=1.2979 pair=0.0311 gap=0.0021 pre=1.3045 div=0.0227 risk=0.0243 time=11.7m
ep009 step003900 loss=0.5964 ce=1.2998 pair=0.0310 gap=0.0021 pre=1.3064 div=0.0227 risk=0.0243 time=11.7m
ep009 step003920 loss=0.5966 ce=1.3001 pair=0.0310 gap=0.0021 pre=1.3068 div=0.0225 risk=0.0242 time=11.8m
ep009 step003940 loss=0.5961 ce=1.2989 pair=0.0310 gap=0.0021 pre=1.3055 div=0.0224 risk=0.0243 time=11.8m
ep009 step003960 loss=0.5967 ce=1.3003 pair=0.0310 gap=0.0021 pre=1.3069 div=0.0223 risk=0.0243 time=11.9m
[eval epoch 9] macro_top1=0.4519 top2=0.7874 top3=0.9073 vs_sbs=-0.868% vbs_closed=+19.67%
          components: pre_top1=0.4389 gap_top1=0.4292 utility_top1=0.4559 corr(pre/final)=+0.974 corr(gap/final)=+0.958 corr(util/final)=+0.998
       TSP: top1=0.362 mean_cost=7.9243 (sbs=7.9578) vs_sbs=-0.42% pre=0.365 gap=0.281 util=0.362
      CVRP: top1=0.330 mean_cost=18.3303 (sbs=18.2943) vs_sbs=+0.20% pre=0.310 gap=0.314 util=0.341
      ATSP: top1=0.763 mean_cost=1.6395 (sbs=1.6735) vs_sbs=-2.03% pre=0.764 gap=0.769 util=0.765
      OVRP: top1=0.346 mean_cost=7.4564 (sbs=7.4617) vs_sbs=-0.07% pre=0.284 gap=0.307 util=0.357
      VRPB: top1=0.549 mean_cost=9.3340 (sbs=9.3403) vs_sbs=-0.07% pre=0.538 gap=0.533 util=0.549
      VRPL: top1=0.316 mean_cost=12.4060 (sbs=12.4072) vs_sbs=-0.01% pre=0.313 gap=0.285 util=0.308
     VRPTW: top1=0.401 mean_cost=17.9565 (sbs=18.6571) vs_sbs=-3.75% pre=0.392 gap=0.338 util=0.406
    OVRPTW: top1=0.483 mean_cost=10.0543 (sbs=10.0484) vs_sbs=+0.06% pre=0.480 gap=0.452 util=0.470
     OVRPB: top1=0.553 mean_cost=6.3223 (sbs=6.3220) vs_sbs=+0.01% pre=0.552 gap=0.553 util=0.555
     OVRPL: top1=0.359 mean_cost=7.4362 (sbs=7.4376) vs_sbs=-0.02% pre=0.358 gap=0.353 util=0.365
     VRPBL: top1=0.538 mean_cost=9.3578 (sbs=9.3593) vs_sbs=-0.02% pre=0.537 gap=0.519 util=0.539
    VRPBTW: top1=0.376 mean_cost=19.1447 (sbs=19.6697) vs_sbs=-2.67% pre=0.368 gap=0.385 util=0.370
    VRPLTW: top1=0.419 mean_cost=17.6725 (sbs=18.5091) vs_sbs=-4.52% pre=0.398 gap=0.403 util=0.435
    OVRPBL: top1=0.522 mean_cost=6.3098 (sbs=6.3103) vs_sbs=-0.01% pre=0.523 gap=0.548 util=0.523
   OVRPBTW: top1=0.480 mean_cost=10.5157 (sbs=10.5068) vs_sbs=+0.08% pre=0.442 gap=0.411 util=0.482
   OVRPLTW: top1=0.477 mean_cost=10.1321 (sbs=10.1272) vs_sbs=+0.05% pre=0.457 gap=0.448 util=0.490
   VRPBLTW: top1=0.390 mean_cost=19.0285 (sbs=19.5198) vs_sbs=-2.52% pre=0.377 gap=0.369 util=0.399
  OVRPBLTW: top1=0.471 mean_cost=10.5501 (sbs=10.5412) vs_sbs=+0.09% pre=0.442 gap=0.458 util=0.490
ep010 step003980 loss=0.5746 ce=1.2521 pair=0.0296 gap=0.0021 pre=1.2601 div=0.0202 risk=0.0233 time=12.2m
ep010 step004000 loss=0.5754 ce=1.2536 pair=0.0298 gap=0.0020 pre=1.2615 div=0.0217 risk=0.0228 time=12.2m
ep010 step004020 loss=0.5911 ce=1.2885 pair=0.0302 gap=0.0020 pre=1.2962 div=0.0209 risk=0.0235 time=12.3m
ep010 step004040 loss=0.5934 ce=1.2929 pair=0.0313 gap=0.0020 pre=1.2998 div=0.0208 risk=0.0240 time=12.3m
ep010 step004060 loss=0.5909 ce=1.2874 pair=0.0310 gap=0.0020 pre=1.2949 div=0.0210 risk=0.0241 time=12.4m
ep010 step004080 loss=0.5909 ce=1.2878 pair=0.0306 gap=0.0020 pre=1.2947 div=0.0206 risk=0.0237 time=12.4m
ep010 step004100 loss=0.5932 ce=1.2932 pair=0.0304 gap=0.0020 pre=1.2998 div=0.0202 risk=0.0238 time=12.5m
ep010 step004120 loss=0.5951 ce=1.2975 pair=0.0304 gap=0.0021 pre=1.3034 div=0.0200 risk=0.0237 time=12.5m
ep010 step004140 loss=0.5925 ce=1.2919 pair=0.0302 gap=0.0021 pre=1.2981 div=0.0201 risk=0.0236 time=12.6m
ep010 step004160 loss=0.5947 ce=1.2967 pair=0.0301 gap=0.0021 pre=1.3029 div=0.0200 risk=0.0237 time=12.6m
ep010 step004180 loss=0.5945 ce=1.2964 pair=0.0301 gap=0.0021 pre=1.3026 div=0.0199 risk=0.0238 time=12.7m
ep010 step004200 loss=0.5952 ce=1.2977 pair=0.0304 gap=0.0021 pre=1.3038 div=0.0201 risk=0.0237 time=12.7m
ep010 step004220 loss=0.5938 ce=1.2947 pair=0.0302 gap=0.0021 pre=1.3007 div=0.0200 risk=0.0238 time=12.8m
ep010 step004240 loss=0.5937 ce=1.2947 pair=0.0302 gap=0.0021 pre=1.3007 div=0.0197 risk=0.0237 time=12.8m
ep010 step004260 loss=0.5938 ce=1.2948 pair=0.0302 gap=0.0021 pre=1.3006 div=0.0196 risk=0.0237 time=12.9m
ep010 step004280 loss=0.5937 ce=1.2946 pair=0.0302 gap=0.0021 pre=1.3008 div=0.0195 risk=0.0236 time=12.9m
ep010 step004300 loss=0.5947 ce=1.2967 pair=0.0302 gap=0.0021 pre=1.3028 div=0.0196 risk=0.0237 time=13.0m
ep010 step004320 loss=0.5943 ce=1.2958 pair=0.0301 gap=0.0021 pre=1.3020 div=0.0196 risk=0.0237 time=13.0m
ep010 step004340 loss=0.5938 ce=1.2947 pair=0.0301 gap=0.0021 pre=1.3012 div=0.0194 risk=0.0238 time=13.1m
[eval epoch 10] macro_top1=0.4588 top2=0.7982 top3=0.9072 vs_sbs=-0.874% vbs_closed=+20.32%
          components: pre_top1=0.4572 gap_top1=0.4316 utility_top1=0.4557 corr(pre/final)=+0.973 corr(gap/final)=+0.892 corr(util/final)=+0.997
       TSP: top1=0.363 mean_cost=7.9211 (sbs=7.9578) vs_sbs=-0.46% pre=0.373 gap=0.156 util=0.359
      CVRP: top1=0.321 mean_cost=18.3470 (sbs=18.2943) vs_sbs=+0.29% pre=0.332 gap=0.206 util=0.318
      ATSP: top1=0.756 mean_cost=1.6422 (sbs=1.6735) vs_sbs=-1.87% pre=0.749 gap=0.763 util=0.755
      OVRP: top1=0.355 mean_cost=7.4576 (sbs=7.4617) vs_sbs=-0.05% pre=0.364 gap=0.327 util=0.353
      VRPB: top1=0.551 mean_cost=9.3353 (sbs=9.3403) vs_sbs=-0.05% pre=0.512 gap=0.553 util=0.550
      VRPL: top1=0.295 mean_cost=12.4113 (sbs=12.4072) vs_sbs=+0.03% pre=0.286 gap=0.247 util=0.295
     VRPTW: top1=0.416 mean_cost=17.9627 (sbs=18.6571) vs_sbs=-3.72% pre=0.401 gap=0.392 util=0.411
    OVRPTW: top1=0.492 mean_cost=10.0478 (sbs=10.0484) vs_sbs=-0.01% pre=0.492 gap=0.492 util=0.478
     OVRPB: top1=0.549 mean_cost=6.3230 (sbs=6.3220) vs_sbs=+0.02% pre=0.549 gap=0.559 util=0.548
     OVRPL: top1=0.362 mean_cost=7.4363 (sbs=7.4376) vs_sbs=-0.02% pre=0.365 gap=0.333 util=0.363
     VRPBL: top1=0.540 mean_cost=9.3559 (sbs=9.3593) vs_sbs=-0.04% pre=0.546 gap=0.539 util=0.541
    VRPBTW: top1=0.428 mean_cost=19.1245 (sbs=19.6697) vs_sbs=-2.77% pre=0.399 gap=0.419 util=0.408
    VRPLTW: top1=0.446 mean_cost=17.6807 (sbs=18.5091) vs_sbs=-4.48% pre=0.447 gap=0.406 util=0.433
    OVRPBL: top1=0.518 mean_cost=6.3105 (sbs=6.3103) vs_sbs=+0.00% pre=0.543 gap=0.516 util=0.516
   OVRPBTW: top1=0.497 mean_cost=10.4996 (sbs=10.5068) vs_sbs=-0.07% pre=0.493 gap=0.472 util=0.499
   OVRPLTW: top1=0.484 mean_cost=10.1287 (sbs=10.1272) vs_sbs=+0.01% pre=0.491 gap=0.501 util=0.487
   VRPBLTW: top1=0.390 mean_cost=19.0302 (sbs=19.5198) vs_sbs=-2.51% pre=0.399 gap=0.415 util=0.397
  OVRPBLTW: top1=0.495 mean_cost=10.5364 (sbs=10.5412) vs_sbs=-0.05% pre=0.489 gap=0.473 util=0.491
[save] best.pt epoch=10 score=0.4588
ep011 step004360 loss=0.6720 ce=1.4711 pair=0.0310 gap=0.0015 pre=1.4633 div=0.0238 risk=0.0232 time=13.4m
ep011 step004380 loss=0.5997 ce=1.3065 pair=0.0308 gap=0.0020 pre=1.3176 div=0.0200 risk=0.0217 time=13.4m
ep011 step004400 loss=0.5844 ce=1.2744 pair=0.0290 gap=0.0020 pre=1.2823 div=0.0186 risk=0.0225 time=13.5m
ep011 step004420 loss=0.5876 ce=1.2812 pair=0.0301 gap=0.0020 pre=1.2873 div=0.0179 risk=0.0232 time=13.5m
ep011 step004440 loss=0.5907 ce=1.2880 pair=0.0303 gap=0.0020 pre=1.2945 div=0.0186 risk=0.0233 time=13.5m
ep011 step004460 loss=0.5896 ce=1.2856 pair=0.0301 gap=0.0020 pre=1.2924 div=0.0180 risk=0.0235 time=13.6m
ep011 step004480 loss=0.5942 ce=1.2956 pair=0.0300 gap=0.0020 pre=1.3027 div=0.0181 risk=0.0235 time=13.7m
ep011 step004500 loss=0.5915 ce=1.2898 pair=0.0298 gap=0.0020 pre=1.2968 div=0.0182 risk=0.0234 time=13.7m
ep011 step004520 loss=0.5913 ce=1.2894 pair=0.0297 gap=0.0020 pre=1.2965 div=0.0182 risk=0.0234 time=13.8m
ep011 step004540 loss=0.5900 ce=1.2865 pair=0.0297 gap=0.0020 pre=1.2940 div=0.0181 risk=0.0234 time=13.8m
ep011 step004560 loss=0.5897 ce=1.2855 pair=0.0300 gap=0.0020 pre=1.2934 div=0.0182 risk=0.0234 time=13.8m
ep011 step004580 loss=0.5904 ce=1.2875 pair=0.0298 gap=0.0020 pre=1.2947 div=0.0181 risk=0.0236 time=13.9m
ep011 step004600 loss=0.5920 ce=1.2910 pair=0.0299 gap=0.0020 pre=1.2980 div=0.0182 risk=0.0235 time=14.0m
ep011 step004620 loss=0.5924 ce=1.2917 pair=0.0299 gap=0.0020 pre=1.2986 div=0.0183 risk=0.0234 time=14.0m
ep011 step004640 loss=0.5917 ce=1.2905 pair=0.0297 gap=0.0020 pre=1.2974 div=0.0182 risk=0.0234 time=14.0m
ep011 step004660 loss=0.5920 ce=1.2910 pair=0.0297 gap=0.0020 pre=1.2979 div=0.0181 risk=0.0234 time=14.1m
ep011 step004680 loss=0.5906 ce=1.2880 pair=0.0297 gap=0.0020 pre=1.2947 div=0.0180 risk=0.0233 time=14.2m
ep011 step004700 loss=0.5905 ce=1.2877 pair=0.0297 gap=0.0020 pre=1.2948 div=0.0179 risk=0.0233 time=14.2m
ep011 step004720 loss=0.5908 ce=1.2886 pair=0.0296 gap=0.0020 pre=1.2955 div=0.0178 risk=0.0233 time=14.2m
ep011 step004740 loss=0.5909 ce=1.2887 pair=0.0297 gap=0.0020 pre=1.2958 div=0.0177 risk=0.0234 time=14.3m
[eval epoch 11] macro_top1=0.4514 top2=0.7918 top3=0.9078 vs_sbs=-0.858% vbs_closed=+20.30%
          components: pre_top1=0.4440 gap_top1=0.4312 utility_top1=0.4559 corr(pre/final)=+0.975 corr(gap/final)=+0.963 corr(util/final)=+0.998
       TSP: top1=0.363 mean_cost=7.9247 (sbs=7.9578) vs_sbs=-0.42% pre=0.359 gap=0.303 util=0.361
      CVRP: top1=0.347 mean_cost=18.3147 (sbs=18.2943) vs_sbs=+0.11% pre=0.349 gap=0.292 util=0.346
      ATSP: top1=0.779 mean_cost=1.6363 (sbs=1.6735) vs_sbs=-2.22% pre=0.779 gap=0.778 util=0.781
      OVRP: top1=0.333 mean_cost=7.4585 (sbs=7.4617) vs_sbs=-0.04% pre=0.328 gap=0.273 util=0.335
      VRPB: top1=0.548 mean_cost=9.3356 (sbs=9.3403) vs_sbs=-0.05% pre=0.544 gap=0.540 util=0.549
      VRPL: top1=0.323 mean_cost=12.4047 (sbs=12.4072) vs_sbs=-0.02% pre=0.331 gap=0.267 util=0.318
     VRPTW: top1=0.398 mean_cost=17.9831 (sbs=18.6571) vs_sbs=-3.61% pre=0.389 gap=0.369 util=0.380
    OVRPTW: top1=0.470 mean_cost=10.0523 (sbs=10.0484) vs_sbs=+0.04% pre=0.454 gap=0.500 util=0.478
     OVRPB: top1=0.552 mean_cost=6.3222 (sbs=6.3220) vs_sbs=+0.00% pre=0.555 gap=0.542 util=0.552
     OVRPL: top1=0.357 mean_cost=7.4361 (sbs=7.4376) vs_sbs=-0.02% pre=0.351 gap=0.341 util=0.359
     VRPBL: top1=0.541 mean_cost=9.3558 (sbs=9.3593) vs_sbs=-0.04% pre=0.531 gap=0.525 util=0.538
    VRPBTW: top1=0.357 mean_cost=19.2279 (sbs=19.6697) vs_sbs=-2.25% pre=0.345 gap=0.369 util=0.359
    VRPLTW: top1=0.421 mean_cost=17.6748 (sbs=18.5091) vs_sbs=-4.51% pre=0.411 gap=0.405 util=0.444
    OVRPBL: top1=0.513 mean_cost=6.3124 (sbs=6.3103) vs_sbs=+0.03% pre=0.521 gap=0.517 util=0.516
   OVRPBTW: top1=0.467 mean_cost=10.5185 (sbs=10.5068) vs_sbs=+0.11% pre=0.438 gap=0.472 util=0.499
   OVRPLTW: top1=0.464 mean_cost=10.1311 (sbs=10.1272) vs_sbs=+0.04% pre=0.447 gap=0.430 util=0.493
   VRPBLTW: top1=0.393 mean_cost=19.0191 (sbs=19.5198) vs_sbs=-2.56% pre=0.383 gap=0.382 util=0.403
  OVRPBLTW: top1=0.500 mean_cost=10.5368 (sbs=10.5412) vs_sbs=-0.04% pre=0.477 gap=0.457 util=0.496
ep012 step004760 loss=0.6195 ce=1.3524 pair=0.0306 gap=0.0018 pre=1.3561 div=0.0203 risk=0.0215 time=14.6m
ep012 step004780 loss=0.5693 ce=1.2416 pair=0.0290 gap=0.0020 pre=1.2472 div=0.0146 risk=0.0236 time=14.6m
ep012 step004800 loss=0.5973 ce=1.3041 pair=0.0281 gap=0.0019 pre=1.3112 div=0.0160 risk=0.0223 time=14.7m
ep012 step004820 loss=0.5915 ce=1.2905 pair=0.0291 gap=0.0019 pre=1.2974 div=0.0165 risk=0.0235 time=14.7m
ep012 step004840 loss=0.5934 ce=1.2946 pair=0.0293 gap=0.0019 pre=1.3014 div=0.0165 risk=0.0234 time=14.8m
ep012 step004860 loss=0.5898 ce=1.2866 pair=0.0292 gap=0.0020 pre=1.2932 div=0.0160 risk=0.0232 time=14.8m
ep012 step004880 loss=0.5904 ce=1.2879 pair=0.0293 gap=0.0020 pre=1.2946 div=0.0160 risk=0.0230 time=14.9m
ep012 step004900 loss=0.5891 ce=1.2853 pair=0.0292 gap=0.0020 pre=1.2916 div=0.0157 risk=0.0229 time=14.9m
ep012 step004920 loss=0.5870 ce=1.2808 pair=0.0291 gap=0.0019 pre=1.2867 div=0.0156 risk=0.0226 time=15.0m
ep012 step004940 loss=0.5861 ce=1.2788 pair=0.0291 gap=0.0019 pre=1.2847 div=0.0158 risk=0.0226 time=15.0m
ep012 step004960 loss=0.5878 ce=1.2828 pair=0.0290 gap=0.0019 pre=1.2888 div=0.0156 risk=0.0227 time=15.1m
ep012 step004980 loss=0.5863 ce=1.2791 pair=0.0291 gap=0.0019 pre=1.2858 div=0.0154 risk=0.0229 time=15.1m
ep012 step005000 loss=0.5889 ce=1.2849 pair=0.0289 gap=0.0019 pre=1.2917 div=0.0155 risk=0.0227 time=15.2m
ep012 step005020 loss=0.5881 ce=1.2830 pair=0.0293 gap=0.0019 pre=1.2895 div=0.0155 risk=0.0230 time=15.2m
ep012 step005040 loss=0.5893 ce=1.2855 pair=0.0294 gap=0.0019 pre=1.2924 div=0.0155 risk=0.0231 time=15.3m
ep012 step005060 loss=0.5890 ce=1.2847 pair=0.0295 gap=0.0019 pre=1.2914 div=0.0154 risk=0.0232 time=15.3m
ep012 step005080 loss=0.5880 ce=1.2826 pair=0.0295 gap=0.0019 pre=1.2892 div=0.0155 risk=0.0232 time=15.4m
ep012 step005100 loss=0.5892 ce=1.2853 pair=0.0294 gap=0.0019 pre=1.2919 div=0.0155 risk=0.0231 time=15.5m
ep012 step005120 loss=0.5889 ce=1.2848 pair=0.0294 gap=0.0019 pre=1.2912 div=0.0154 risk=0.0230 time=15.5m
ep012 step005140 loss=0.5906 ce=1.2886 pair=0.0294 gap=0.0019 pre=1.2949 div=0.0153 risk=0.0231 time=15.5m
[eval epoch 12] macro_top1=0.4588 top2=0.7852 top3=0.9062 vs_sbs=-0.909% vbs_closed=+20.48%
          components: pre_top1=0.4531 gap_top1=0.4406 utility_top1=0.4588 corr(pre/final)=+0.971 corr(gap/final)=+0.942 corr(util/final)=+0.997
       TSP: top1=0.327 mean_cost=7.9378 (sbs=7.9578) vs_sbs=-0.25% pre=0.329 gap=0.270 util=0.332
      CVRP: top1=0.335 mean_cost=18.3192 (sbs=18.2943) vs_sbs=+0.14% pre=0.333 gap=0.259 util=0.332
      ATSP: top1=0.779 mean_cost=1.6353 (sbs=1.6735) vs_sbs=-2.28% pre=0.770 gap=0.767 util=0.778
      OVRP: top1=0.361 mean_cost=7.4569 (sbs=7.4617) vs_sbs=-0.06% pre=0.348 gap=0.386 util=0.364
      VRPB: top1=0.554 mean_cost=9.3345 (sbs=9.3403) vs_sbs=-0.06% pre=0.553 gap=0.541 util=0.557
      VRPL: top1=0.299 mean_cost=12.4096 (sbs=12.4072) vs_sbs=+0.02% pre=0.301 gap=0.250 util=0.295
     VRPTW: top1=0.448 mean_cost=17.9287 (sbs=18.6571) vs_sbs=-3.90% pre=0.430 gap=0.388 util=0.437
    OVRPTW: top1=0.491 mean_cost=10.0502 (sbs=10.0484) vs_sbs=+0.02% pre=0.501 gap=0.494 util=0.484
     OVRPB: top1=0.546 mean_cost=6.3232 (sbs=6.3220) vs_sbs=+0.02% pre=0.553 gap=0.539 util=0.551
     OVRPL: top1=0.358 mean_cost=7.4363 (sbs=7.4376) vs_sbs=-0.02% pre=0.361 gap=0.364 util=0.363
     VRPBL: top1=0.544 mean_cost=9.3549 (sbs=9.3593) vs_sbs=-0.05% pre=0.544 gap=0.539 util=0.543
    VRPBTW: top1=0.391 mean_cost=19.1265 (sbs=19.6697) vs_sbs=-2.76% pre=0.395 gap=0.384 util=0.363
    VRPLTW: top1=0.459 mean_cost=17.6497 (sbs=18.5091) vs_sbs=-4.64% pre=0.426 gap=0.435 util=0.450
    OVRPBL: top1=0.519 mean_cost=6.3110 (sbs=6.3103) vs_sbs=+0.01% pre=0.529 gap=0.508 util=0.516
   OVRPBTW: top1=0.483 mean_cost=10.5171 (sbs=10.5068) vs_sbs=+0.10% pre=0.456 gap=0.453 util=0.489
   OVRPLTW: top1=0.482 mean_cost=10.1285 (sbs=10.1272) vs_sbs=+0.01% pre=0.460 gap=0.485 util=0.496
   VRPBLTW: top1=0.413 mean_cost=18.9903 (sbs=19.5198) vs_sbs=-2.71% pre=0.412 gap=0.397 util=0.427
  OVRPBLTW: top1=0.470 mean_cost=10.5474 (sbs=10.5412) vs_sbs=+0.06% pre=0.454 gap=0.472 util=0.482
[save] best.pt epoch=12 score=0.4588
ep013 step005160 loss=0.6062 ce=1.3236 pair=0.0295 gap=0.0018 pre=1.3278 div=0.0181 risk=0.0226 time=15.8m
ep013 step005180 loss=0.5783 ce=1.2627 pair=0.0273 gap=0.0019 pre=1.2691 div=0.0135 risk=0.0218 time=15.8m
ep013 step005200 loss=0.5822 ce=1.2708 pair=0.0281 gap=0.0019 pre=1.2778 div=0.0142 risk=0.0224 time=15.9m
ep013 step005220 loss=0.5815 ce=1.2690 pair=0.0283 gap=0.0019 pre=1.2759 div=0.0140 risk=0.0221 time=15.9m
ep013 step005240 loss=0.5803 ce=1.2668 pair=0.0285 gap=0.0019 pre=1.2713 div=0.0138 risk=0.0223 time=16.0m
ep013 step005260 loss=0.5852 ce=1.2773 pair=0.0288 gap=0.0019 pre=1.2824 div=0.0141 risk=0.0222 time=16.0m
ep013 step005280 loss=0.5867 ce=1.2803 pair=0.0288 gap=0.0019 pre=1.2869 div=0.0143 risk=0.0224 time=16.1m
ep013 step005300 loss=0.5819 ce=1.2695 pair=0.0287 gap=0.0019 pre=1.2768 div=0.0137 risk=0.0224 time=16.1m
ep013 step005320 loss=0.5837 ce=1.2738 pair=0.0285 gap=0.0019 pre=1.2807 div=0.0141 risk=0.0224 time=16.2m
ep013 step005340 loss=0.5853 ce=1.2772 pair=0.0288 gap=0.0019 pre=1.2841 div=0.0137 risk=0.0226 time=16.2m
ep013 step005360 loss=0.5860 ce=1.2788 pair=0.0287 gap=0.0019 pre=1.2855 div=0.0139 risk=0.0225 time=16.3m
ep013 step005380 loss=0.5858 ce=1.2783 pair=0.0289 gap=0.0019 pre=1.2846 div=0.0139 risk=0.0225 time=16.3m
ep013 step005400 loss=0.5850 ce=1.2768 pair=0.0288 gap=0.0019 pre=1.2827 div=0.0137 risk=0.0226 time=16.4m
ep013 step005420 loss=0.5850 ce=1.2766 pair=0.0288 gap=0.0019 pre=1.2829 div=0.0135 risk=0.0226 time=16.4m
ep013 step005440 loss=0.5855 ce=1.2777 pair=0.0289 gap=0.0019 pre=1.2838 div=0.0134 risk=0.0228 time=16.5m
ep013 step005460 loss=0.5855 ce=1.2778 pair=0.0288 gap=0.0019 pre=1.2839 div=0.0135 risk=0.0227 time=16.5m
ep013 step005480 loss=0.5864 ce=1.2798 pair=0.0288 gap=0.0019 pre=1.2857 div=0.0134 risk=0.0227 time=16.6m
ep013 step005500 loss=0.5865 ce=1.2802 pair=0.0288 gap=0.0019 pre=1.2859 div=0.0135 risk=0.0227 time=16.6m
ep013 step005520 loss=0.5854 ce=1.2777 pair=0.0288 gap=0.0019 pre=1.2834 div=0.0133 risk=0.0227 time=16.7m
ep013 step005540 loss=0.5860 ce=1.2789 pair=0.0288 gap=0.0019 pre=1.2848 div=0.0134 risk=0.0226 time=16.7m
[eval epoch 13] macro_top1=0.4518 top2=0.7797 top3=0.9032 vs_sbs=-0.842% vbs_closed=+19.14%
          components: pre_top1=0.4366 gap_top1=0.4366 utility_top1=0.4555 corr(pre/final)=+0.968 corr(gap/final)=+0.930 corr(util/final)=+0.997
       TSP: top1=0.316 mean_cost=7.9201 (sbs=7.9578) vs_sbs=-0.47% pre=0.292 gap=0.245 util=0.325
      CVRP: top1=0.330 mean_cost=18.3627 (sbs=18.2943) vs_sbs=+0.37% pre=0.331 gap=0.244 util=0.322
      ATSP: top1=0.770 mean_cost=1.6392 (sbs=1.6735) vs_sbs=-2.05% pre=0.765 gap=0.778 util=0.770
      OVRP: top1=0.345 mean_cost=7.4568 (sbs=7.4617) vs_sbs=-0.07% pre=0.344 gap=0.312 util=0.349
      VRPB: top1=0.549 mean_cost=9.3344 (sbs=9.3403) vs_sbs=-0.06% pre=0.502 gap=0.556 util=0.550
      VRPL: top1=0.304 mean_cost=12.4074 (sbs=12.4072) vs_sbs=+0.00% pre=0.272 gap=0.221 util=0.299
     VRPTW: top1=0.399 mean_cost=17.9924 (sbs=18.6571) vs_sbs=-3.56% pre=0.377 gap=0.392 util=0.398
    OVRPTW: top1=0.490 mean_cost=10.0503 (sbs=10.0484) vs_sbs=+0.02% pre=0.487 gap=0.482 util=0.478
     OVRPB: top1=0.550 mean_cost=6.3226 (sbs=6.3220) vs_sbs=+0.01% pre=0.560 gap=0.534 util=0.551
     OVRPL: top1=0.357 mean_cost=7.4361 (sbs=7.4376) vs_sbs=-0.02% pre=0.377 gap=0.358 util=0.355
     VRPBL: top1=0.548 mean_cost=9.3542 (sbs=9.3593) vs_sbs=-0.05% pre=0.454 gap=0.536 util=0.543
    VRPBTW: top1=0.366 mean_cost=19.1913 (sbs=19.6697) vs_sbs=-2.43% pre=0.359 gap=0.436 util=0.384
    VRPLTW: top1=0.445 mean_cost=17.6712 (sbs=18.5091) vs_sbs=-4.53% pre=0.420 gap=0.442 util=0.453
    OVRPBL: top1=0.529 mean_cost=6.3091 (sbs=6.3103) vs_sbs=-0.02% pre=0.534 gap=0.521 util=0.530
   OVRPBTW: top1=0.504 mean_cost=10.5030 (sbs=10.5068) vs_sbs=-0.04% pre=0.470 gap=0.469 util=0.510
   OVRPLTW: top1=0.477 mean_cost=10.1316 (sbs=10.1272) vs_sbs=+0.04% pre=0.463 gap=0.448 util=0.486
   VRPBLTW: top1=0.397 mean_cost=19.0414 (sbs=19.5198) vs_sbs=-2.45% pre=0.399 gap=0.425 util=0.409
  OVRPBLTW: top1=0.457 mean_cost=10.5567 (sbs=10.5412) vs_sbs=+0.15% pre=0.452 gap=0.459 util=0.487
ep014 step005560 loss=0.5872 ce=1.2819 pair=0.0270 gap=0.0018 pre=1.2926 div=0.0131 risk=0.0212 time=17.0m
ep014 step005580 loss=0.5845 ce=1.2762 pair=0.0273 gap=0.0018 pre=1.2845 div=0.0125 risk=0.0218 time=17.0m
ep014 step005600 loss=0.5874 ce=1.2825 pair=0.0276 gap=0.0018 pre=1.2903 div=0.0121 risk=0.0221 time=17.1m
ep014 step005620 loss=0.5862 ce=1.2798 pair=0.0280 gap=0.0019 pre=1.2872 div=0.0119 risk=0.0221 time=17.1m
ep014 step005640 loss=0.5855 ce=1.2781 pair=0.0284 gap=0.0019 pre=1.2844 div=0.0125 risk=0.0223 time=17.2m
ep014 step005660 loss=0.5821 ce=1.2704 pair=0.0287 gap=0.0019 pre=1.2766 div=0.0120 risk=0.0224 time=17.2m
ep014 step005680 loss=0.5878 ce=1.2832 pair=0.0284 gap=0.0019 pre=1.2899 div=0.0123 risk=0.0222 time=17.3m
ep014 step005700 loss=0.5841 ce=1.2750 pair=0.0284 gap=0.0019 pre=1.2815 div=0.0120 risk=0.0224 time=17.3m
ep014 step005720 loss=0.5840 ce=1.2746 pair=0.0286 gap=0.0019 pre=1.2808 div=0.0120 risk=0.0225 time=17.4m
ep014 step005740 loss=0.5867 ce=1.2806 pair=0.0286 gap=0.0019 pre=1.2871 div=0.0121 risk=0.0224 time=17.4m
ep014 step005760 loss=0.5857 ce=1.2784 pair=0.0285 gap=0.0019 pre=1.2851 div=0.0121 risk=0.0225 time=17.5m
ep014 step005780 loss=0.5871 ce=1.2816 pair=0.0285 gap=0.0019 pre=1.2883 div=0.0122 risk=0.0224 time=17.5m
ep014 step005800 loss=0.5856 ce=1.2782 pair=0.0287 gap=0.0019 pre=1.2846 div=0.0122 risk=0.0226 time=17.6m
ep014 step005820 loss=0.5858 ce=1.2785 pair=0.0285 gap=0.0019 pre=1.2854 div=0.0122 risk=0.0225 time=17.6m
ep014 step005840 loss=0.5843 ce=1.2752 pair=0.0286 gap=0.0019 pre=1.2820 div=0.0120 risk=0.0224 time=17.6m
ep014 step005860 loss=0.5840 ce=1.2746 pair=0.0286 gap=0.0019 pre=1.2815 div=0.0121 risk=0.0224 time=17.7m
ep014 step005880 loss=0.5834 ce=1.2732 pair=0.0285 gap=0.0019 pre=1.2802 div=0.0120 risk=0.0224 time=17.8m
ep014 step005900 loss=0.5851 ce=1.2769 pair=0.0286 gap=0.0019 pre=1.2842 div=0.0121 risk=0.0224 time=17.8m
ep014 step005920 loss=0.5851 ce=1.2769 pair=0.0286 gap=0.0019 pre=1.2843 div=0.0121 risk=0.0225 time=17.9m
ep014 step005940 loss=0.5853 ce=1.2773 pair=0.0286 gap=0.0019 pre=1.2847 div=0.0121 risk=0.0225 time=17.9m
[eval epoch 14] macro_top1=0.4446 top2=0.7738 top3=0.9007 vs_sbs=-0.722% vbs_closed=+17.21%
          components: pre_top1=0.4287 gap_top1=0.4321 utility_top1=0.4482 corr(pre/final)=+0.967 corr(gap/final)=+0.930 corr(util/final)=+0.998
       TSP: top1=0.342 mean_cost=7.9286 (sbs=7.9578) vs_sbs=-0.37% pre=0.341 gap=0.253 util=0.339
      CVRP: top1=0.335 mean_cost=18.3126 (sbs=18.2943) vs_sbs=+0.10% pre=0.340 gap=0.255 util=0.337
      ATSP: top1=0.695 mean_cost=1.6524 (sbs=1.6735) vs_sbs=-1.26% pre=0.696 gap=0.712 util=0.697
      OVRP: top1=0.361 mean_cost=7.4574 (sbs=7.4617) vs_sbs=-0.06% pre=0.348 gap=0.368 util=0.372
      VRPB: top1=0.552 mean_cost=9.3364 (sbs=9.3403) vs_sbs=-0.04% pre=0.531 gap=0.550 util=0.549
      VRPL: top1=0.317 mean_cost=12.4045 (sbs=12.4072) vs_sbs=-0.02% pre=0.306 gap=0.272 util=0.312
     VRPTW: top1=0.381 mean_cost=18.0306 (sbs=18.6571) vs_sbs=-3.36% pre=0.363 gap=0.347 util=0.371
    OVRPTW: top1=0.486 mean_cost=10.0465 (sbs=10.0484) vs_sbs=-0.02% pre=0.443 gap=0.471 util=0.478
     OVRPB: top1=0.552 mean_cost=6.3206 (sbs=6.3220) vs_sbs=-0.02% pre=0.545 gap=0.539 util=0.550
     OVRPL: top1=0.371 mean_cost=7.4346 (sbs=7.4376) vs_sbs=-0.04% pre=0.379 gap=0.360 util=0.367
     VRPBL: top1=0.552 mean_cost=9.3534 (sbs=9.3593) vs_sbs=-0.06% pre=0.499 gap=0.539 util=0.545
    VRPBTW: top1=0.335 mean_cost=19.2966 (sbs=19.6697) vs_sbs=-1.90% pre=0.338 gap=0.375 util=0.333
    VRPLTW: top1=0.408 mean_cost=17.7148 (sbs=18.5091) vs_sbs=-4.29% pre=0.378 gap=0.419 util=0.441
    OVRPBL: top1=0.531 mean_cost=6.3089 (sbs=6.3103) vs_sbs=-0.02% pre=0.555 gap=0.526 util=0.529
   OVRPBTW: top1=0.475 mean_cost=10.5214 (sbs=10.5068) vs_sbs=+0.14% pre=0.427 gap=0.454 util=0.507
   OVRPLTW: top1=0.487 mean_cost=10.1258 (sbs=10.1272) vs_sbs=-0.01% pre=0.471 gap=0.493 util=0.492
   VRPBLTW: top1=0.340 mean_cost=19.1652 (sbs=19.5198) vs_sbs=-1.82% pre=0.321 gap=0.380 util=0.363
  OVRPBLTW: top1=0.482 mean_cost=10.5475 (sbs=10.5412) vs_sbs=+0.06% pre=0.435 gap=0.465 util=0.485
ep015 step005960 loss=0.6035 ce=1.3154 pair=0.0297 gap=0.0019 pre=1.3295 div=0.0140 risk=0.0238 time=18.2m
ep015 step005980 loss=0.5915 ce=1.2903 pair=0.0288 gap=0.0020 pre=1.3000 div=0.0127 risk=0.0232 time=18.2m
ep015 step006000 loss=0.5908 ce=1.2887 pair=0.0294 gap=0.0020 pre=1.2967 div=0.0125 risk=0.0227 time=18.3m
ep015 step006020 loss=0.5858 ce=1.2781 pair=0.0291 gap=0.0020 pre=1.2852 div=0.0118 risk=0.0228 time=18.3m
ep015 step006040 loss=0.5840 ce=1.2743 pair=0.0298 gap=0.0020 pre=1.2787 div=0.0124 risk=0.0232 time=18.4m
ep015 step006060 loss=0.5880 ce=1.2833 pair=0.0292 gap=0.0020 pre=1.2882 div=0.0121 risk=0.0230 time=18.5m
ep015 step006080 loss=0.5885 ce=1.2846 pair=0.0291 gap=0.0020 pre=1.2893 div=0.0121 risk=0.0227 time=18.5m
ep015 step006100 loss=0.5861 ce=1.2792 pair=0.0294 gap=0.0020 pre=1.2837 div=0.0119 risk=0.0230 time=18.5m
ep015 step006120 loss=0.5855 ce=1.2780 pair=0.0292 gap=0.0019 pre=1.2826 div=0.0118 risk=0.0228 time=18.6m
ep015 step006140 loss=0.5868 ce=1.2808 pair=0.0290 gap=0.0019 pre=1.2861 div=0.0118 risk=0.0225 time=18.6m
ep015 step006160 loss=0.5868 ce=1.2808 pair=0.0290 gap=0.0019 pre=1.2860 div=0.0119 risk=0.0226 time=18.7m
ep015 step006180 loss=0.5863 ce=1.2799 pair=0.0289 gap=0.0019 pre=1.2852 div=0.0120 risk=0.0225 time=18.7m
ep015 step006200 loss=0.5843 ce=1.2754 pair=0.0286 gap=0.0019 pre=1.2808 div=0.0118 risk=0.0224 time=18.8m
ep015 step006220 loss=0.5826 ce=1.2717 pair=0.0289 gap=0.0019 pre=1.2768 div=0.0117 risk=0.0225 time=18.8m
ep015 step006240 loss=0.5839 ce=1.2747 pair=0.0288 gap=0.0019 pre=1.2799 div=0.0117 risk=0.0224 time=18.9m
ep015 step006260 loss=0.5857 ce=1.2787 pair=0.0288 gap=0.0019 pre=1.2839 div=0.0116 risk=0.0224 time=18.9m
ep015 step006280 loss=0.5840 ce=1.2749 pair=0.0287 gap=0.0019 pre=1.2799 div=0.0114 risk=0.0224 time=19.0m
ep015 step006300 loss=0.5847 ce=1.2765 pair=0.0286 gap=0.0019 pre=1.2815 div=0.0115 risk=0.0223 time=19.0m
ep015 step006320 loss=0.5852 ce=1.2776 pair=0.0285 gap=0.0019 pre=1.2829 div=0.0114 risk=0.0224 time=19.1m
[eval epoch 15] macro_top1=0.4586 top2=0.7865 top3=0.9068 vs_sbs=-0.871% vbs_closed=+19.75%
          components: pre_top1=0.4495 gap_top1=0.4428 utility_top1=0.4557 corr(pre/final)=+0.974 corr(gap/final)=+0.945 corr(util/final)=+0.997
       TSP: top1=0.341 mean_cost=7.9256 (sbs=7.9578) vs_sbs=-0.40% pre=0.326 gap=0.288 util=0.337
      CVRP: top1=0.338 mean_cost=18.3222 (sbs=18.2943) vs_sbs=+0.15% pre=0.340 gap=0.291 util=0.336
      ATSP: top1=0.780 mean_cost=1.6363 (sbs=1.6735) vs_sbs=-2.22% pre=0.772 gap=0.782 util=0.776
      OVRP: top1=0.353 mean_cost=7.4565 (sbs=7.4617) vs_sbs=-0.07% pre=0.329 gap=0.300 util=0.359
      VRPB: top1=0.550 mean_cost=9.3369 (sbs=9.3403) vs_sbs=-0.04% pre=0.547 gap=0.549 util=0.549
      VRPL: top1=0.296 mean_cost=12.4107 (sbs=12.4072) vs_sbs=+0.03% pre=0.271 gap=0.245 util=0.294
     VRPTW: top1=0.413 mean_cost=17.9658 (sbs=18.6571) vs_sbs=-3.71% pre=0.408 gap=0.407 util=0.419
    OVRPTW: top1=0.492 mean_cost=10.0487 (sbs=10.0484) vs_sbs=+0.00% pre=0.492 gap=0.483 util=0.472
     OVRPB: top1=0.554 mean_cost=6.3243 (sbs=6.3220) vs_sbs=+0.04% pre=0.553 gap=0.528 util=0.549
     OVRPL: top1=0.361 mean_cost=7.4357 (sbs=7.4376) vs_sbs=-0.02% pre=0.359 gap=0.374 util=0.363
     VRPBL: top1=0.535 mean_cost=9.3581 (sbs=9.3593) vs_sbs=-0.01% pre=0.527 gap=0.538 util=0.539
    VRPBTW: top1=0.396 mean_cost=19.1491 (sbs=19.6697) vs_sbs=-2.65% pre=0.393 gap=0.421 util=0.386
    VRPLTW: top1=0.471 mean_cost=17.6351 (sbs=18.5091) vs_sbs=-4.72% pre=0.465 gap=0.439 util=0.459
    OVRPBL: top1=0.509 mean_cost=6.3157 (sbs=6.3103) vs_sbs=+0.09% pre=0.514 gap=0.515 util=0.514
   OVRPBTW: top1=0.499 mean_cost=10.5104 (sbs=10.5068) vs_sbs=+0.03% pre=0.470 gap=0.458 util=0.500
   OVRPLTW: top1=0.496 mean_cost=10.1271 (sbs=10.1272) vs_sbs=-0.00% pre=0.492 gap=0.484 util=0.491
   VRPBLTW: top1=0.388 mean_cost=19.0872 (sbs=19.5198) vs_sbs=-2.22% pre=0.378 gap=0.402 util=0.360
  OVRPBLTW: top1=0.483 mean_cost=10.5456 (sbs=10.5412) vs_sbs=+0.04% pre=0.455 gap=0.467 util=0.499
ep016 step006340 loss=0.4583 ce=0.9937 pair=0.0343 gap=0.0022 pre=0.9879 div=0.0144 risk=0.0264 time=19.4m
ep016 step006360 loss=0.5720 ce=1.2485 pair=0.0297 gap=0.0020 pre=1.2494 div=0.0099 risk=0.0251 time=19.4m
ep016 step006380 loss=0.5883 ce=1.2841 pair=0.0292 gap=0.0019 pre=1.2894 div=0.0104 risk=0.0233 time=19.5m
ep016 step006400 loss=0.5924 ce=1.2927 pair=0.0293 gap=0.0019 pre=1.2997 div=0.0101 risk=0.0234 time=19.5m
ep016 step006420 loss=0.5869 ce=1.2802 pair=0.0294 gap=0.0019 pre=1.2890 div=0.0097 risk=0.0231 time=19.6m
ep016 step006440 loss=0.5850 ce=1.2753 pair=0.0298 gap=0.0019 pre=1.2858 div=0.0105 risk=0.0231 time=19.6m
ep016 step006460 loss=0.5904 ce=1.2876 pair=0.0295 gap=0.0019 pre=1.2975 div=0.0107 risk=0.0232 time=19.7m
ep016 step006480 loss=0.5874 ce=1.2812 pair=0.0292 gap=0.0019 pre=1.2909 div=0.0109 risk=0.0230 time=19.7m
ep016 step006500 loss=0.5883 ce=1.2833 pair=0.0292 gap=0.0019 pre=1.2921 div=0.0110 risk=0.0230 time=19.8m
ep016 step006520 loss=0.5893 ce=1.2856 pair=0.0292 gap=0.0019 pre=1.2940 div=0.0111 risk=0.0230 time=19.8m
ep016 step006540 loss=0.5880 ce=1.2827 pair=0.0291 gap=0.0019 pre=1.2914 div=0.0109 risk=0.0229 time=19.9m
ep016 step006560 loss=0.5873 ce=1.2813 pair=0.0289 gap=0.0019 pre=1.2900 div=0.0108 risk=0.0230 time=19.9m
ep016 step006580 loss=0.5862 ce=1.2789 pair=0.0289 gap=0.0019 pre=1.2878 div=0.0107 risk=0.0228 time=20.0m
ep016 step006600 loss=0.5856 ce=1.2777 pair=0.0288 gap=0.0019 pre=1.2864 div=0.0108 risk=0.0227 time=20.0m
ep016 step006620 loss=0.5864 ce=1.2795 pair=0.0287 gap=0.0019 pre=1.2879 div=0.0108 risk=0.0226 time=20.1m
ep016 step006640 loss=0.5845 ce=1.2753 pair=0.0287 gap=0.0019 pre=1.2835 div=0.0107 risk=0.0227 time=20.1m
ep016 step006660 loss=0.5855 ce=1.2777 pair=0.0285 gap=0.0019 pre=1.2858 div=0.0108 risk=0.0225 time=20.2m
ep016 step006680 loss=0.5846 ce=1.2758 pair=0.0286 gap=0.0019 pre=1.2836 div=0.0107 risk=0.0226 time=20.2m
ep016 step006700 loss=0.5853 ce=1.2773 pair=0.0286 gap=0.0019 pre=1.2851 div=0.0106 risk=0.0225 time=20.3m
ep016 step006720 loss=0.5857 ce=1.2785 pair=0.0285 gap=0.0019 pre=1.2861 div=0.0106 risk=0.0224 time=20.3m
[eval epoch 16] macro_top1=0.4459 top2=0.7752 top3=0.9079 vs_sbs=-0.852% vbs_closed=+16.54%
          components: pre_top1=0.4176 gap_top1=0.4377 utility_top1=0.4584 corr(pre/final)=+0.970 corr(gap/final)=+0.944 corr(util/final)=+0.998
       TSP: top1=0.346 mean_cost=7.9186 (sbs=7.9578) vs_sbs=-0.49% pre=0.292 gap=0.196 util=0.345
      CVRP: top1=0.335 mean_cost=18.3263 (sbs=18.2943) vs_sbs=+0.17% pre=0.329 gap=0.290 util=0.332
      ATSP: top1=0.767 mean_cost=1.6381 (sbs=1.6735) vs_sbs=-2.12% pre=0.764 gap=0.783 util=0.770
      OVRP: top1=0.358 mean_cost=7.4571 (sbs=7.4617) vs_sbs=-0.06% pre=0.361 gap=0.367 util=0.371
      VRPB: top1=0.548 mean_cost=9.3362 (sbs=9.3403) vs_sbs=-0.04% pre=0.509 gap=0.551 util=0.549
      VRPL: top1=0.300 mean_cost=12.4067 (sbs=12.4072) vs_sbs=-0.00% pre=0.296 gap=0.285 util=0.296
     VRPTW: top1=0.425 mean_cost=17.9275 (sbs=18.6571) vs_sbs=-3.91% pre=0.410 gap=0.413 util=0.435
    OVRPTW: top1=0.446 mean_cost=10.0702 (sbs=10.0484) vs_sbs=+0.22% pre=0.391 gap=0.453 util=0.482
     OVRPB: top1=0.559 mean_cost=6.3242 (sbs=6.3220) vs_sbs=+0.04% pre=0.538 gap=0.559 util=0.554
     OVRPL: top1=0.363 mean_cost=7.4355 (sbs=7.4376) vs_sbs=-0.03% pre=0.365 gap=0.372 util=0.364
     VRPBL: top1=0.538 mean_cost=9.3574 (sbs=9.3593) vs_sbs=-0.02% pre=0.493 gap=0.527 util=0.544
    VRPBTW: top1=0.365 mean_cost=19.1444 (sbs=19.6697) vs_sbs=-2.67% pre=0.360 gap=0.392 util=0.372
    VRPLTW: top1=0.444 mean_cost=17.6565 (sbs=18.5091) vs_sbs=-4.61% pre=0.377 gap=0.447 util=0.462
    OVRPBL: top1=0.529 mean_cost=6.3112 (sbs=6.3103) vs_sbs=+0.01% pre=0.507 gap=0.524 util=0.522
   OVRPBTW: top1=0.472 mean_cost=10.5257 (sbs=10.5068) vs_sbs=+0.18% pre=0.439 gap=0.449 util=0.482
   OVRPLTW: top1=0.432 mean_cost=10.1537 (sbs=10.1272) vs_sbs=+0.26% pre=0.347 gap=0.447 util=0.477
   VRPBLTW: top1=0.368 mean_cost=19.0300 (sbs=19.5198) vs_sbs=-2.51% pre=0.324 gap=0.383 util=0.398
  OVRPBLTW: top1=0.432 mean_cost=10.5679 (sbs=10.5412) vs_sbs=+0.25% pre=0.414 gap=0.440 util=0.497
ep017 step006740 loss=0.4840 ce=1.0490 pair=0.0314 gap=0.0022 pre=1.0619 div=0.0101 risk=0.0225 time=20.6m
ep017 step006760 loss=0.5876 ce=1.2839 pair=0.0270 gap=0.0018 pre=1.2911 div=0.0092 risk=0.0205 time=20.7m
ep017 step006780 loss=0.5789 ce=1.2643 pair=0.0275 gap=0.0018 pre=1.2710 div=0.0095 risk=0.0208 time=20.7m
ep017 step006800 loss=0.5723 ce=1.2496 pair=0.0276 gap=0.0019 pre=1.2557 div=0.0091 risk=0.0218 time=20.7m
ep017 step006820 loss=0.5787 ce=1.2634 pair=0.0277 gap=0.0019 pre=1.2709 div=0.0096 risk=0.0216 time=20.8m
ep017 step006840 loss=0.5815 ce=1.2698 pair=0.0279 gap=0.0019 pre=1.2765 div=0.0095 risk=0.0218 time=20.8m
ep017 step006860 loss=0.5822 ce=1.2711 pair=0.0281 gap=0.0019 pre=1.2781 div=0.0093 risk=0.0222 time=20.9m
ep017 step006880 loss=0.5812 ce=1.2684 pair=0.0286 gap=0.0019 pre=1.2759 div=0.0092 risk=0.0224 time=20.9m
ep017 step006900 loss=0.5836 ce=1.2739 pair=0.0285 gap=0.0019 pre=1.2810 div=0.0094 risk=0.0223 time=21.0m
ep017 step006920 loss=0.5841 ce=1.2752 pair=0.0282 gap=0.0019 pre=1.2824 div=0.0092 risk=0.0221 time=21.0m
ep017 step006940 loss=0.5841 ce=1.2750 pair=0.0284 gap=0.0019 pre=1.2825 div=0.0093 risk=0.0223 time=21.1m
ep017 step006960 loss=0.5828 ce=1.2722 pair=0.0285 gap=0.0019 pre=1.2794 div=0.0093 risk=0.0223 time=21.1m
ep017 step006980 loss=0.5815 ce=1.2692 pair=0.0283 gap=0.0019 pre=1.2765 div=0.0093 risk=0.0222 time=21.2m
ep017 step007000 loss=0.5819 ce=1.2702 pair=0.0283 gap=0.0019 pre=1.2773 div=0.0094 risk=0.0221 time=21.2m
ep017 step007020 loss=0.5830 ce=1.2724 pair=0.0284 gap=0.0019 pre=1.2802 div=0.0093 risk=0.0222 time=21.3m
ep017 step007040 loss=0.5832 ce=1.2728 pair=0.0284 gap=0.0019 pre=1.2806 div=0.0093 risk=0.0222 time=21.3m
ep017 step007060 loss=0.5838 ce=1.2741 pair=0.0286 gap=0.0019 pre=1.2819 div=0.0093 risk=0.0222 time=21.4m
ep017 step007080 loss=0.5838 ce=1.2741 pair=0.0287 gap=0.0019 pre=1.2817 div=0.0095 risk=0.0223 time=21.4m
ep017 step007100 loss=0.5823 ce=1.2710 pair=0.0284 gap=0.0019 pre=1.2786 div=0.0094 risk=0.0223 time=21.5m
ep017 step007120 loss=0.5833 ce=1.2729 pair=0.0285 gap=0.0019 pre=1.2811 div=0.0094 risk=0.0222 time=21.5m
[eval epoch 17] macro_top1=0.4659 top2=0.7969 top3=0.9117 vs_sbs=-0.933% vbs_closed=+22.18%
          components: pre_top1=0.4559 gap_top1=0.4569 utility_top1=0.4661 corr(pre/final)=+0.969 corr(gap/final)=+0.968 corr(util/final)=+0.998
       TSP: top1=0.341 mean_cost=7.9212 (sbs=7.9578) vs_sbs=-0.46% pre=0.316 gap=0.310 util=0.338
      CVRP: top1=0.363 mean_cost=18.3221 (sbs=18.2943) vs_sbs=+0.15% pre=0.344 gap=0.315 util=0.368
      ATSP: top1=0.767 mean_cost=1.6396 (sbs=1.6735) vs_sbs=-2.03% pre=0.771 gap=0.770 util=0.767
      OVRP: top1=0.348 mean_cost=7.4585 (sbs=7.4617) vs_sbs=-0.04% pre=0.327 gap=0.330 util=0.353
      VRPB: top1=0.554 mean_cost=9.3346 (sbs=9.3403) vs_sbs=-0.06% pre=0.542 gap=0.557 util=0.550
      VRPL: top1=0.305 mean_cost=12.4071 (sbs=12.4072) vs_sbs=-0.00% pre=0.304 gap=0.293 util=0.303
     VRPTW: top1=0.454 mean_cost=17.9034 (sbs=18.6571) vs_sbs=-4.04% pre=0.426 gap=0.443 util=0.456
    OVRPTW: top1=0.497 mean_cost=10.0464 (sbs=10.0484) vs_sbs=-0.02% pre=0.504 gap=0.511 util=0.493
     OVRPB: top1=0.553 mean_cost=6.3239 (sbs=6.3220) vs_sbs=+0.03% pre=0.556 gap=0.552 util=0.551
     OVRPL: top1=0.378 mean_cost=7.4351 (sbs=7.4376) vs_sbs=-0.03% pre=0.380 gap=0.338 util=0.370
     VRPBL: top1=0.541 mean_cost=9.3558 (sbs=9.3593) vs_sbs=-0.04% pre=0.520 gap=0.538 util=0.543
    VRPBTW: top1=0.419 mean_cost=19.0941 (sbs=19.6697) vs_sbs=-2.93% pre=0.415 gap=0.444 util=0.423
    VRPLTW: top1=0.460 mean_cost=17.6328 (sbs=18.5091) vs_sbs=-4.73% pre=0.453 gap=0.460 util=0.458
    OVRPBL: top1=0.529 mean_cost=6.3107 (sbs=6.3103) vs_sbs=+0.01% pre=0.516 gap=0.518 util=0.525
   OVRPBTW: top1=0.498 mean_cost=10.5083 (sbs=10.5068) vs_sbs=+0.01% pre=0.488 gap=0.458 util=0.502
   OVRPLTW: top1=0.482 mean_cost=10.1278 (sbs=10.1272) vs_sbs=+0.01% pre=0.473 gap=0.498 util=0.493
   VRPBLTW: top1=0.409 mean_cost=19.0040 (sbs=19.5198) vs_sbs=-2.64% pre=0.407 gap=0.404 util=0.409
  OVRPBLTW: top1=0.489 mean_cost=10.5424 (sbs=10.5412) vs_sbs=+0.01% pre=0.465 gap=0.486 util=0.488
[save] best.pt epoch=17 score=0.4659
ep018 step007140 loss=0.5437 ce=1.1873 pair=0.0262 gap=0.0018 pre=1.1927 div=0.0083 risk=0.0216 time=21.7m
ep018 step007160 loss=0.5682 ce=1.2405 pair=0.0271 gap=0.0018 pre=1.2484 div=0.0094 risk=0.0210 time=21.8m
ep018 step007180 loss=0.5765 ce=1.2589 pair=0.0274 gap=0.0018 pre=1.2659 div=0.0095 risk=0.0215 time=21.9m
ep018 step007200 loss=0.5778 ce=1.2615 pair=0.0273 gap=0.0018 pre=1.2699 div=0.0094 risk=0.0215 time=21.9m
ep018 step007220 loss=0.5789 ce=1.2640 pair=0.0277 gap=0.0018 pre=1.2715 div=0.0094 risk=0.0216 time=22.0m
ep018 step007240 loss=0.5831 ce=1.2730 pair=0.0279 gap=0.0019 pre=1.2813 div=0.0092 risk=0.0221 time=22.0m
ep018 step007260 loss=0.5824 ce=1.2709 pair=0.0285 gap=0.0019 pre=1.2789 div=0.0093 risk=0.0225 time=22.1m
ep018 step007280 loss=0.5869 ce=1.2808 pair=0.0289 gap=0.0019 pre=1.2887 div=0.0092 risk=0.0227 time=22.1m
ep018 step007300 loss=0.5859 ce=1.2787 pair=0.0288 gap=0.0019 pre=1.2866 div=0.0091 risk=0.0226 time=22.1m
ep018 step007320 loss=0.5848 ce=1.2761 pair=0.0286 gap=0.0019 pre=1.2845 div=0.0090 risk=0.0225 time=22.2m
ep018 step007340 loss=0.5863 ce=1.2797 pair=0.0286 gap=0.0019 pre=1.2875 div=0.0091 risk=0.0226 time=22.3m
ep018 step007360 loss=0.5850 ce=1.2769 pair=0.0286 gap=0.0019 pre=1.2841 div=0.0091 risk=0.0224 time=22.3m
ep018 step007380 loss=0.5843 ce=1.2753 pair=0.0285 gap=0.0019 pre=1.2827 div=0.0090 risk=0.0224 time=22.3m
ep018 step007400 loss=0.5833 ce=1.2731 pair=0.0285 gap=0.0019 pre=1.2805 div=0.0089 risk=0.0225 time=22.4m
ep018 step007420 loss=0.5830 ce=1.2725 pair=0.0285 gap=0.0019 pre=1.2798 div=0.0089 risk=0.0223 time=22.4m
ep018 step007440 loss=0.5832 ce=1.2730 pair=0.0284 gap=0.0019 pre=1.2800 div=0.0089 risk=0.0223 time=22.5m
ep018 step007460 loss=0.5827 ce=1.2719 pair=0.0285 gap=0.0019 pre=1.2789 div=0.0088 risk=0.0223 time=22.5m
ep018 step007480 loss=0.5835 ce=1.2737 pair=0.0284 gap=0.0019 pre=1.2808 div=0.0088 risk=0.0222 time=22.6m
ep018 step007500 loss=0.5824 ce=1.2713 pair=0.0283 gap=0.0019 pre=1.2782 div=0.0088 risk=0.0222 time=22.6m
ep018 step007520 loss=0.5832 ce=1.2732 pair=0.0283 gap=0.0019 pre=1.2799 div=0.0088 risk=0.0222 time=22.7m
[eval epoch 18] macro_top1=0.4567 top2=0.7904 top3=0.9131 vs_sbs=-0.879% vbs_closed=+20.63%
          components: pre_top1=0.4522 gap_top1=0.4509 utility_top1=0.4537 corr(pre/final)=+0.973 corr(gap/final)=+0.957 corr(util/final)=+0.997
       TSP: top1=0.345 mean_cost=7.9186 (sbs=7.9578) vs_sbs=-0.49% pre=0.331 gap=0.261 util=0.347
      CVRP: top1=0.364 mean_cost=18.3051 (sbs=18.2943) vs_sbs=+0.06% pre=0.356 gap=0.313 util=0.360
      ATSP: top1=0.719 mean_cost=1.6492 (sbs=1.6735) vs_sbs=-1.45% pre=0.719 gap=0.732 util=0.721
      OVRP: top1=0.364 mean_cost=7.4556 (sbs=7.4617) vs_sbs=-0.08% pre=0.354 gap=0.374 util=0.368
      VRPB: top1=0.552 mean_cost=9.3366 (sbs=9.3403) vs_sbs=-0.04% pre=0.509 gap=0.559 util=0.557
      VRPL: top1=0.300 mean_cost=12.4075 (sbs=12.4072) vs_sbs=+0.00% pre=0.307 gap=0.298 util=0.297
     VRPTW: top1=0.405 mean_cost=17.9350 (sbs=18.6571) vs_sbs=-3.87% pre=0.418 gap=0.405 util=0.424
    OVRPTW: top1=0.493 mean_cost=10.0476 (sbs=10.0484) vs_sbs=-0.01% pre=0.471 gap=0.505 util=0.475
     OVRPB: top1=0.556 mean_cost=6.3238 (sbs=6.3220) vs_sbs=+0.03% pre=0.555 gap=0.549 util=0.553
     OVRPL: top1=0.366 mean_cost=7.4348 (sbs=7.4376) vs_sbs=-0.04% pre=0.359 gap=0.357 util=0.369
     VRPBL: top1=0.537 mean_cost=9.3577 (sbs=9.3593) vs_sbs=-0.02% pre=0.503 gap=0.546 util=0.541
    VRPBTW: top1=0.414 mean_cost=19.1167 (sbs=19.6697) vs_sbs=-2.81% pre=0.422 gap=0.420 util=0.373
    VRPLTW: top1=0.448 mean_cost=17.6437 (sbs=18.5091) vs_sbs=-4.68% pre=0.449 gap=0.446 util=0.434
    OVRPBL: top1=0.522 mean_cost=6.3112 (sbs=6.3103) vs_sbs=+0.01% pre=0.538 gap=0.515 util=0.519
   OVRPBTW: top1=0.504 mean_cost=10.5083 (sbs=10.5068) vs_sbs=+0.01% pre=0.493 gap=0.464 util=0.496
   OVRPLTW: top1=0.490 mean_cost=10.1278 (sbs=10.1272) vs_sbs=+0.01% pre=0.499 gap=0.500 util=0.482
   VRPBLTW: top1=0.373 mean_cost=19.0198 (sbs=19.5198) vs_sbs=-2.56% pre=0.383 gap=0.419 util=0.375
  OVRPBLTW: top1=0.468 mean_cost=10.5518 (sbs=10.5412) vs_sbs=+0.10% pre=0.473 gap=0.453 util=0.475
ep019 step007540 loss=0.5637 ce=1.2312 pair=0.0274 gap=0.0018 pre=1.2353 div=0.0085 risk=0.0212 time=23.0m
ep019 step007560 loss=0.5729 ce=1.2517 pair=0.0265 gap=0.0018 pre=1.2581 div=0.0085 risk=0.0204 time=23.0m
ep019 step007580 loss=0.5741 ce=1.2536 pair=0.0273 gap=0.0018 pre=1.2617 div=0.0084 risk=0.0209 time=23.1m
ep019 step007600 loss=0.5820 ce=1.2712 pair=0.0274 gap=0.0018 pre=1.2786 div=0.0085 risk=0.0211 time=23.1m
ep019 step007620 loss=0.5762 ce=1.2582 pair=0.0276 gap=0.0018 pre=1.2651 div=0.0084 risk=0.0214 time=23.2m
ep019 step007640 loss=0.5802 ce=1.2671 pair=0.0274 gap=0.0018 pre=1.2743 div=0.0083 risk=0.0211 time=23.2m
ep019 step007660 loss=0.5770 ce=1.2598 pair=0.0276 gap=0.0018 pre=1.2671 div=0.0084 risk=0.0217 time=23.3m
ep019 step007680 loss=0.5786 ce=1.2632 pair=0.0279 gap=0.0018 pre=1.2710 div=0.0084 risk=0.0217 time=23.3m
ep019 step007700 loss=0.5821 ce=1.2709 pair=0.0279 gap=0.0018 pre=1.2787 div=0.0083 risk=0.0217 time=23.4m
ep019 step007720 loss=0.5774 ce=1.2606 pair=0.0277 gap=0.0018 pre=1.2685 div=0.0084 risk=0.0216 time=23.4m
ep019 step007740 loss=0.5777 ce=1.2615 pair=0.0276 gap=0.0018 pre=1.2689 div=0.0085 risk=0.0214 time=23.5m
ep019 step007760 loss=0.5785 ce=1.2632 pair=0.0277 gap=0.0018 pre=1.2706 div=0.0085 risk=0.0215 time=23.5m
ep019 step007780 loss=0.5786 ce=1.2632 pair=0.0278 gap=0.0018 pre=1.2706 div=0.0085 risk=0.0215 time=23.6m
ep019 step007800 loss=0.5763 ce=1.2581 pair=0.0277 gap=0.0018 pre=1.2660 div=0.0084 risk=0.0216 time=23.6m
ep019 step007820 loss=0.5774 ce=1.2606 pair=0.0276 gap=0.0018 pre=1.2685 div=0.0083 risk=0.0215 time=23.7m
ep019 step007840 loss=0.5788 ce=1.2639 pair=0.0276 gap=0.0018 pre=1.2715 div=0.0083 risk=0.0214 time=23.8m
ep019 step007860 loss=0.5783 ce=1.2627 pair=0.0277 gap=0.0018 pre=1.2699 div=0.0082 risk=0.0215 time=23.8m
ep019 step007880 loss=0.5773 ce=1.2607 pair=0.0277 gap=0.0018 pre=1.2677 div=0.0082 risk=0.0216 time=23.8m
ep019 step007900 loss=0.5785 ce=1.2631 pair=0.0278 gap=0.0018 pre=1.2704 div=0.0082 risk=0.0217 time=23.9m
ep019 step007920 loss=0.5788 ce=1.2636 pair=0.0278 gap=0.0018 pre=1.2710 div=0.0082 risk=0.0217 time=23.9m
[eval epoch 19] macro_top1=0.4606 top2=0.7848 top3=0.9087 vs_sbs=-0.921% vbs_closed=+22.14%
          components: pre_top1=0.4519 gap_top1=0.4466 utility_top1=0.4615 corr(pre/final)=+0.976 corr(gap/final)=+0.948 corr(util/final)=+0.998
       TSP: top1=0.350 mean_cost=7.9224 (sbs=7.9578) vs_sbs=-0.44% pre=0.330 gap=0.279 util=0.356
      CVRP: top1=0.332 mean_cost=18.3218 (sbs=18.2943) vs_sbs=+0.15% pre=0.341 gap=0.312 util=0.332
      ATSP: top1=0.786 mean_cost=1.6359 (sbs=1.6735) vs_sbs=-2.25% pre=0.772 gap=0.780 util=0.786
      OVRP: top1=0.354 mean_cost=7.4569 (sbs=7.4617) vs_sbs=-0.06% pre=0.358 gap=0.348 util=0.358
      VRPB: top1=0.556 mean_cost=9.3342 (sbs=9.3403) vs_sbs=-0.06% pre=0.533 gap=0.555 util=0.552
      VRPL: top1=0.314 mean_cost=12.4057 (sbs=12.4072) vs_sbs=-0.01% pre=0.287 gap=0.264 util=0.298
     VRPTW: top1=0.421 mean_cost=17.9079 (sbs=18.6571) vs_sbs=-4.02% pre=0.414 gap=0.430 util=0.419
    OVRPTW: top1=0.506 mean_cost=10.0453 (sbs=10.0484) vs_sbs=-0.03% pre=0.506 gap=0.492 util=0.501
     OVRPB: top1=0.558 mean_cost=6.3240 (sbs=6.3220) vs_sbs=+0.03% pre=0.554 gap=0.552 util=0.552
     OVRPL: top1=0.364 mean_cost=7.4344 (sbs=7.4376) vs_sbs=-0.04% pre=0.370 gap=0.330 util=0.364
     VRPBL: top1=0.542 mean_cost=9.3545 (sbs=9.3593) vs_sbs=-0.05% pre=0.528 gap=0.525 util=0.545
    VRPBTW: top1=0.388 mean_cost=19.1059 (sbs=19.6697) vs_sbs=-2.87% pre=0.376 gap=0.379 util=0.394
    VRPLTW: top1=0.413 mean_cost=17.6896 (sbs=18.5091) vs_sbs=-4.43% pre=0.397 gap=0.427 util=0.439
    OVRPBL: top1=0.525 mean_cost=6.3109 (sbs=6.3103) vs_sbs=+0.01% pre=0.525 gap=0.513 util=0.523
   OVRPBTW: top1=0.501 mean_cost=10.5075 (sbs=10.5068) vs_sbs=+0.01% pre=0.504 gap=0.491 util=0.498
   OVRPLTW: top1=0.485 mean_cost=10.1369 (sbs=10.1272) vs_sbs=+0.10% pre=0.451 gap=0.484 util=0.499
   VRPBLTW: top1=0.403 mean_cost=19.0102 (sbs=19.5198) vs_sbs=-2.61% pre=0.401 gap=0.407 util=0.396
  OVRPBLTW: top1=0.493 mean_cost=10.5421 (sbs=10.5412) vs_sbs=+0.01% pre=0.487 gap=0.470 util=0.495
ep020 step007940 loss=0.5808 ce=1.2675 pair=0.0277 gap=0.0018 pre=1.2785 div=0.0079 risk=0.0211 time=24.2m
ep020 step007960 loss=0.5958 ce=1.3006 pair=0.0279 gap=0.0018 pre=1.3113 div=0.0090 risk=0.0220 time=24.3m
ep020 step007980 loss=0.5877 ce=1.2827 pair=0.0280 gap=0.0019 pre=1.2929 div=0.0082 risk=0.0216 time=24.3m
ep020 step008000 loss=0.5786 ce=1.2624 pair=0.0285 gap=0.0019 pre=1.2712 div=0.0078 risk=0.0225 time=24.4m
ep020 step008020 loss=0.5849 ce=1.2765 pair=0.0283 gap=0.0019 pre=1.2852 div=0.0081 risk=0.0221 time=24.4m
ep020 step008040 loss=0.5761 ce=1.2578 pair=0.0278 gap=0.0019 pre=1.2652 div=0.0081 risk=0.0220 time=24.5m
ep020 step008060 loss=0.5810 ce=1.2686 pair=0.0279 gap=0.0019 pre=1.2758 div=0.0081 risk=0.0216 time=24.5m
ep020 step008080 loss=0.5789 ce=1.2638 pair=0.0279 gap=0.0019 pre=1.2714 div=0.0082 risk=0.0219 time=24.6m
ep020 step008100 loss=0.5793 ce=1.2645 pair=0.0280 gap=0.0019 pre=1.2727 div=0.0082 risk=0.0219 time=24.6m
ep020 step008120 loss=0.5779 ce=1.2615 pair=0.0279 gap=0.0019 pre=1.2695 div=0.0082 risk=0.0218 time=24.7m
ep020 step008140 loss=0.5791 ce=1.2641 pair=0.0279 gap=0.0019 pre=1.2720 div=0.0082 risk=0.0218 time=24.7m
ep020 step008160 loss=0.5773 ce=1.2603 pair=0.0278 gap=0.0019 pre=1.2679 div=0.0082 risk=0.0217 time=24.8m
ep020 step008180 loss=0.5779 ce=1.2615 pair=0.0279 gap=0.0019 pre=1.2691 div=0.0081 risk=0.0218 time=24.8m
ep020 step008200 loss=0.5785 ce=1.2629 pair=0.0280 gap=0.0019 pre=1.2702 div=0.0082 risk=0.0218 time=24.9m
ep020 step008220 loss=0.5797 ce=1.2656 pair=0.0279 gap=0.0019 pre=1.2726 div=0.0081 risk=0.0217 time=24.9m
ep020 step008240 loss=0.5792 ce=1.2646 pair=0.0279 gap=0.0019 pre=1.2717 div=0.0081 risk=0.0217 time=25.0m
ep020 step008260 loss=0.5795 ce=1.2653 pair=0.0279 gap=0.0019 pre=1.2722 div=0.0081 risk=0.0218 time=25.0m
ep020 step008280 loss=0.5798 ce=1.2660 pair=0.0279 gap=0.0019 pre=1.2730 div=0.0081 risk=0.0218 time=25.1m
ep020 step008300 loss=0.5793 ce=1.2648 pair=0.0279 gap=0.0019 pre=1.2722 div=0.0080 risk=0.0219 time=25.1m
[eval epoch 20] macro_top1=0.4564 top2=0.7894 top3=0.9074 vs_sbs=-0.875% vbs_closed=+19.99%
          components: pre_top1=0.4430 gap_top1=0.4498 utility_top1=0.4600 corr(pre/final)=+0.976 corr(gap/final)=+0.964 corr(util/final)=+0.997
       TSP: top1=0.348 mean_cost=7.9223 (sbs=7.9578) vs_sbs=-0.45% pre=0.338 gap=0.284 util=0.348
      CVRP: top1=0.345 mean_cost=18.3114 (sbs=18.2943) vs_sbs=+0.09% pre=0.341 gap=0.304 util=0.347
      ATSP: top1=0.757 mean_cost=1.6414 (sbs=1.6735) vs_sbs=-1.92% pre=0.754 gap=0.768 util=0.756
      OVRP: top1=0.355 mean_cost=7.4571 (sbs=7.4617) vs_sbs=-0.06% pre=0.341 gap=0.376 util=0.353
      VRPB: top1=0.552 mean_cost=9.3369 (sbs=9.3403) vs_sbs=-0.04% pre=0.478 gap=0.549 util=0.557
      VRPL: top1=0.306 mean_cost=12.4067 (sbs=12.4072) vs_sbs=-0.00% pre=0.311 gap=0.299 util=0.304
     VRPTW: top1=0.422 mean_cost=17.9440 (sbs=18.6571) vs_sbs=-3.82% pre=0.403 gap=0.402 util=0.434
    OVRPTW: top1=0.477 mean_cost=10.0515 (sbs=10.0484) vs_sbs=+0.03% pre=0.463 gap=0.494 util=0.482
     OVRPB: top1=0.551 mean_cost=6.3253 (sbs=6.3220) vs_sbs=+0.05% pre=0.547 gap=0.546 util=0.545
     OVRPL: top1=0.380 mean_cost=7.4351 (sbs=7.4376) vs_sbs=-0.03% pre=0.370 gap=0.361 util=0.382
     VRPBL: top1=0.536 mean_cost=9.3592 (sbs=9.3593) vs_sbs=-0.00% pre=0.498 gap=0.528 util=0.548
    VRPBTW: top1=0.388 mean_cost=19.1471 (sbs=19.6697) vs_sbs=-2.66% pre=0.395 gap=0.403 util=0.386
    VRPLTW: top1=0.438 mean_cost=17.6677 (sbs=18.5091) vs_sbs=-4.55% pre=0.429 gap=0.446 util=0.448
    OVRPBL: top1=0.530 mean_cost=6.3115 (sbs=6.3103) vs_sbs=+0.02% pre=0.522 gap=0.523 util=0.521
   OVRPBTW: top1=0.483 mean_cost=10.5078 (sbs=10.5068) vs_sbs=+0.01% pre=0.473 gap=0.464 util=0.495
   OVRPLTW: top1=0.469 mean_cost=10.1329 (sbs=10.1272) vs_sbs=+0.06% pre=0.440 gap=0.476 util=0.481
   VRPBLTW: top1=0.414 mean_cost=19.0176 (sbs=19.5198) vs_sbs=-2.57% pre=0.421 gap=0.408 util=0.416
  OVRPBLTW: top1=0.464 mean_cost=10.5505 (sbs=10.5412) vs_sbs=+0.09% pre=0.450 gap=0.465 util=0.477
ep021 step008320 loss=0.5785 ce=1.2615 pair=0.0325 gap=0.0022 pre=1.2612 div=0.0046 risk=0.0247 time=25.4m
ep021 step008340 loss=0.5807 ce=1.2677 pair=0.0294 gap=0.0019 pre=1.2715 div=0.0084 risk=0.0223 time=25.5m
ep021 step008360 loss=0.5703 ce=1.2452 pair=0.0279 gap=0.0019 pre=1.2505 div=0.0076 risk=0.0224 time=25.5m
ep021 step008380 loss=0.5749 ce=1.2557 pair=0.0272 gap=0.0019 pre=1.2622 div=0.0075 risk=0.0210 time=25.6m
ep021 step008400 loss=0.5746 ce=1.2552 pair=0.0269 gap=0.0018 pre=1.2624 div=0.0074 risk=0.0212 time=25.6m
ep021 step008420 loss=0.5738 ce=1.2526 pair=0.0276 gap=0.0019 pre=1.2607 div=0.0074 risk=0.0213 time=25.7m
ep021 step008440 loss=0.5771 ce=1.2603 pair=0.0273 gap=0.0018 pre=1.2679 div=0.0075 risk=0.0212 time=25.7m
ep021 step008460 loss=0.5764 ce=1.2586 pair=0.0273 gap=0.0018 pre=1.2665 div=0.0075 risk=0.0213 time=25.8m
ep021 step008480 loss=0.5790 ce=1.2643 pair=0.0274 gap=0.0018 pre=1.2726 div=0.0076 risk=0.0212 time=25.8m
ep021 step008500 loss=0.5766 ce=1.2591 pair=0.0273 gap=0.0018 pre=1.2671 div=0.0075 risk=0.0212 time=25.9m
ep021 step008520 loss=0.5756 ce=1.2571 pair=0.0272 gap=0.0018 pre=1.2645 div=0.0075 risk=0.0211 time=25.9m
ep021 step008540 loss=0.5776 ce=1.2615 pair=0.0274 gap=0.0018 pre=1.2686 div=0.0074 risk=0.0212 time=26.0m
ep021 step008560 loss=0.5764 ce=1.2587 pair=0.0275 gap=0.0018 pre=1.2657 div=0.0075 risk=0.0211 time=26.0m
ep021 step008580 loss=0.5741 ce=1.2536 pair=0.0274 gap=0.0018 pre=1.2610 div=0.0074 risk=0.0213 time=26.1m
ep021 step008600 loss=0.5754 ce=1.2566 pair=0.0274 gap=0.0018 pre=1.2641 div=0.0074 risk=0.0211 time=26.1m
ep021 step008620 loss=0.5749 ce=1.2554 pair=0.0274 gap=0.0018 pre=1.2628 div=0.0074 risk=0.0212 time=26.2m
ep021 step008640 loss=0.5759 ce=1.2576 pair=0.0274 gap=0.0018 pre=1.2650 div=0.0074 risk=0.0213 time=26.2m
ep021 step008660 loss=0.5764 ce=1.2587 pair=0.0274 gap=0.0018 pre=1.2662 div=0.0074 risk=0.0214 time=26.2m
ep021 step008680 loss=0.5773 ce=1.2607 pair=0.0274 gap=0.0018 pre=1.2684 div=0.0074 risk=0.0213 time=26.3m
ep021 step008700 loss=0.5761 ce=1.2581 pair=0.0274 gap=0.0018 pre=1.2659 div=0.0074 risk=0.0214 time=26.3m
[eval epoch 21] macro_top1=0.4484 top2=0.7789 top3=0.9090 vs_sbs=-0.892% vbs_closed=+18.50%
          components: pre_top1=0.4406 gap_top1=0.4418 utility_top1=0.4494 corr(pre/final)=+0.971 corr(gap/final)=+0.945 corr(util/final)=+0.998
       TSP: top1=0.341 mean_cost=7.9214 (sbs=7.9578) vs_sbs=-0.46% pre=0.334 gap=0.234 util=0.338
      CVRP: top1=0.334 mean_cost=18.3034 (sbs=18.2943) vs_sbs=+0.05% pre=0.320 gap=0.297 util=0.329
      ATSP: top1=0.785 mean_cost=1.6359 (sbs=1.6735) vs_sbs=-2.25% pre=0.774 gap=0.779 util=0.782
      OVRP: top1=0.354 mean_cost=7.4564 (sbs=7.4617) vs_sbs=-0.07% pre=0.335 gap=0.365 util=0.364
      VRPB: top1=0.543 mean_cost=9.3380 (sbs=9.3403) vs_sbs=-0.02% pre=0.513 gap=0.544 util=0.546
      VRPL: top1=0.288 mean_cost=12.4097 (sbs=12.4072) vs_sbs=+0.02% pre=0.281 gap=0.257 util=0.294
     VRPTW: top1=0.413 mean_cost=17.9308 (sbs=18.6571) vs_sbs=-3.89% pre=0.419 gap=0.387 util=0.419
    OVRPTW: top1=0.448 mean_cost=10.0721 (sbs=10.0484) vs_sbs=+0.24% pre=0.423 gap=0.481 util=0.473
     OVRPB: top1=0.553 mean_cost=6.3227 (sbs=6.3220) vs_sbs=+0.01% pre=0.553 gap=0.564 util=0.550
     OVRPL: top1=0.352 mean_cost=7.4364 (sbs=7.4376) vs_sbs=-0.02% pre=0.337 gap=0.374 util=0.359
     VRPBL: top1=0.522 mean_cost=9.3608 (sbs=9.3593) vs_sbs=+0.02% pre=0.486 gap=0.510 util=0.536
    VRPBTW: top1=0.383 mean_cost=19.1240 (sbs=19.6697) vs_sbs=-2.77% pre=0.384 gap=0.406 util=0.377
    VRPLTW: top1=0.454 mean_cost=17.6395 (sbs=18.5091) vs_sbs=-4.70% pre=0.461 gap=0.446 util=0.435
    OVRPBL: top1=0.529 mean_cost=6.3125 (sbs=6.3103) vs_sbs=+0.04% pre=0.525 gap=0.520 util=0.511
   OVRPBTW: top1=0.479 mean_cost=10.5223 (sbs=10.5068) vs_sbs=+0.15% pre=0.476 gap=0.456 util=0.463
   OVRPLTW: top1=0.470 mean_cost=10.1359 (sbs=10.1272) vs_sbs=+0.09% pre=0.486 gap=0.472 util=0.472
   VRPBLTW: top1=0.377 mean_cost=18.9964 (sbs=19.5198) vs_sbs=-2.68% pre=0.374 gap=0.402 util=0.386
  OVRPBLTW: top1=0.446 mean_cost=10.5620 (sbs=10.5412) vs_sbs=+0.20% pre=0.449 gap=0.459 util=0.456
ep022 step008720 loss=0.5760 ce=1.2558 pair=0.0294 gap=0.0018 pre=1.2657 div=0.0086 risk=0.0226 time=26.7m
ep022 step008740 loss=0.5736 ce=1.2533 pair=0.0269 gap=0.0018 pre=1.2591 div=0.0083 risk=0.0204 time=26.7m
ep022 step008760 loss=0.5717 ce=1.2488 pair=0.0269 gap=0.0018 pre=1.2561 div=0.0078 risk=0.0209 time=26.8m
ep022 step008780 loss=0.5762 ce=1.2579 pair=0.0279 gap=0.0018 pre=1.2656 div=0.0075 risk=0.0215 time=26.8m
ep022 step008800 loss=0.5712 ce=1.2472 pair=0.0275 gap=0.0018 pre=1.2545 div=0.0074 risk=0.0211 time=26.9m
ep022 step008820 loss=0.5739 ce=1.2531 pair=0.0273 gap=0.0018 pre=1.2616 div=0.0074 risk=0.0211 time=26.9m
ep022 step008840 loss=0.5750 ce=1.2558 pair=0.0271 gap=0.0018 pre=1.2634 div=0.0074 risk=0.0211 time=27.0m
ep022 step008860 loss=0.5746 ce=1.2549 pair=0.0271 gap=0.0018 pre=1.2623 div=0.0073 risk=0.0209 time=27.1m
ep022 step008880 loss=0.5753 ce=1.2563 pair=0.0274 gap=0.0018 pre=1.2637 div=0.0072 risk=0.0213 time=27.1m
ep022 step008900 loss=0.5768 ce=1.2596 pair=0.0275 gap=0.0018 pre=1.2670 div=0.0073 risk=0.0213 time=27.1m
ep022 step008920 loss=0.5758 ce=1.2572 pair=0.0275 gap=0.0018 pre=1.2647 div=0.0071 risk=0.0213 time=27.2m
ep022 step008940 loss=0.5758 ce=1.2576 pair=0.0274 gap=0.0018 pre=1.2648 div=0.0070 risk=0.0214 time=27.2m
ep022 step008960 loss=0.5767 ce=1.2593 pair=0.0275 gap=0.0018 pre=1.2663 div=0.0070 risk=0.0214 time=27.3m
ep022 step008980 loss=0.5766 ce=1.2592 pair=0.0275 gap=0.0018 pre=1.2659 div=0.0071 risk=0.0214 time=27.3m
ep022 step009000 loss=0.5763 ce=1.2583 pair=0.0276 gap=0.0018 pre=1.2659 div=0.0070 risk=0.0214 time=27.4m
ep022 step009020 loss=0.5747 ce=1.2547 pair=0.0276 gap=0.0018 pre=1.2626 div=0.0071 risk=0.0214 time=27.4m
ep022 step009040 loss=0.5761 ce=1.2574 pair=0.0278 gap=0.0018 pre=1.2662 div=0.0071 risk=0.0215 time=27.5m
ep022 step009060 loss=0.5761 ce=1.2576 pair=0.0277 gap=0.0018 pre=1.2662 div=0.0071 risk=0.0214 time=27.5m
ep022 step009080 loss=0.5753 ce=1.2559 pair=0.0277 gap=0.0018 pre=1.2643 div=0.0070 risk=0.0215 time=27.6m
ep022 step009100 loss=0.5765 ce=1.2585 pair=0.0276 gap=0.0018 pre=1.2667 div=0.0071 risk=0.0215 time=27.6m
[eval epoch 22] macro_top1=0.4563 top2=0.7902 top3=0.9086 vs_sbs=-0.908% vbs_closed=+20.11%
          components: pre_top1=0.4447 gap_top1=0.4517 utility_top1=0.4562 corr(pre/final)=+0.972 corr(gap/final)=+0.977 corr(util/final)=+0.998
       TSP: top1=0.354 mean_cost=7.9221 (sbs=7.9578) vs_sbs=-0.45% pre=0.348 gap=0.343 util=0.353
      CVRP: top1=0.339 mean_cost=18.2915 (sbs=18.2943) vs_sbs=-0.02% pre=0.343 gap=0.299 util=0.340
      ATSP: top1=0.726 mean_cost=1.6460 (sbs=1.6735) vs_sbs=-1.65% pre=0.708 gap=0.735 util=0.732
      OVRP: top1=0.339 mean_cost=7.4606 (sbs=7.4617) vs_sbs=-0.01% pre=0.293 gap=0.338 util=0.343
      VRPB: top1=0.539 mean_cost=9.3440 (sbs=9.3403) vs_sbs=+0.04% pre=0.533 gap=0.556 util=0.554
      VRPL: top1=0.289 mean_cost=12.4101 (sbs=12.4072) vs_sbs=+0.02% pre=0.266 gap=0.268 util=0.295
     VRPTW: top1=0.450 mean_cost=17.9012 (sbs=18.6571) vs_sbs=-4.05% pre=0.456 gap=0.434 util=0.444
    OVRPTW: top1=0.488 mean_cost=10.0474 (sbs=10.0484) vs_sbs=-0.01% pre=0.505 gap=0.500 util=0.488
     OVRPB: top1=0.547 mean_cost=6.3266 (sbs=6.3220) vs_sbs=+0.07% pre=0.541 gap=0.544 util=0.548
     OVRPL: top1=0.366 mean_cost=7.4350 (sbs=7.4376) vs_sbs=-0.03% pre=0.352 gap=0.346 util=0.360
     VRPBL: top1=0.532 mean_cost=9.3568 (sbs=9.3593) vs_sbs=-0.03% pre=0.485 gap=0.511 util=0.528
    VRPBTW: top1=0.390 mean_cost=19.1008 (sbs=19.6697) vs_sbs=-2.89% pre=0.403 gap=0.409 util=0.376
    VRPLTW: top1=0.444 mean_cost=17.6385 (sbs=18.5091) vs_sbs=-4.70% pre=0.431 gap=0.446 util=0.455
    OVRPBL: top1=0.520 mean_cost=6.3141 (sbs=6.3103) vs_sbs=+0.06% pre=0.504 gap=0.516 util=0.517
   OVRPBTW: top1=0.502 mean_cost=10.5081 (sbs=10.5068) vs_sbs=+0.01% pre=0.496 gap=0.477 util=0.510
   OVRPLTW: top1=0.475 mean_cost=10.1346 (sbs=10.1272) vs_sbs=+0.07% pre=0.458 gap=0.489 util=0.492
   VRPBLTW: top1=0.426 mean_cost=18.9741 (sbs=19.5198) vs_sbs=-2.80% pre=0.421 gap=0.425 util=0.390
  OVRPBLTW: top1=0.488 mean_cost=10.5422 (sbs=10.5412) vs_sbs=+0.01% pre=0.461 gap=0.494 util=0.487
ep023 step009120 loss=0.5822 ce=1.2718 pair=0.0263 gap=0.0017 pre=1.2816 div=0.0080 risk=0.0214 time=27.9m
ep023 step009140 loss=0.5724 ce=1.2495 pair=0.0270 gap=0.0018 pre=1.2597 div=0.0084 risk=0.0216 time=27.9m
ep023 step009160 loss=0.5747 ce=1.2544 pair=0.0270 gap=0.0019 pre=1.2657 div=0.0077 risk=0.0214 time=28.0m
ep023 step009180 loss=0.5755 ce=1.2567 pair=0.0270 gap=0.0018 pre=1.2656 div=0.0081 risk=0.0211 time=28.0m
ep023 step009200 loss=0.5738 ce=1.2527 pair=0.0273 gap=0.0019 pre=1.2611 div=0.0079 risk=0.0211 time=28.1m
ep023 step009220 loss=0.5751 ce=1.2555 pair=0.0275 gap=0.0019 pre=1.2646 div=0.0076 risk=0.0213 time=28.1m
ep023 step009240 loss=0.5792 ce=1.2645 pair=0.0275 gap=0.0018 pre=1.2736 div=0.0076 risk=0.0212 time=28.2m
ep023 step009260 loss=0.5761 ce=1.2578 pair=0.0274 gap=0.0018 pre=1.2664 div=0.0075 risk=0.0212 time=28.2m
ep023 step009280 loss=0.5750 ce=1.2551 pair=0.0274 gap=0.0018 pre=1.2642 div=0.0074 risk=0.0212 time=28.3m
ep023 step009300 loss=0.5771 ce=1.2597 pair=0.0276 gap=0.0018 pre=1.2690 div=0.0075 risk=0.0213 time=28.3m
ep023 step009320 loss=0.5779 ce=1.2615 pair=0.0277 gap=0.0018 pre=1.2703 div=0.0075 risk=0.0213 time=28.4m
ep023 step009340 loss=0.5759 ce=1.2575 pair=0.0275 gap=0.0018 pre=1.2658 div=0.0074 risk=0.0211 time=28.4m
ep023 step009360 loss=0.5753 ce=1.2563 pair=0.0274 gap=0.0018 pre=1.2643 div=0.0074 risk=0.0211 time=28.5m
ep023 step009380 loss=0.5747 ce=1.2547 pair=0.0274 gap=0.0018 pre=1.2629 div=0.0074 risk=0.0212 time=28.5m
ep023 step009400 loss=0.5747 ce=1.2546 pair=0.0275 gap=0.0018 pre=1.2629 div=0.0075 risk=0.0212 time=28.6m
ep023 step009420 loss=0.5760 ce=1.2575 pair=0.0276 gap=0.0018 pre=1.2660 div=0.0073 risk=0.0212 time=28.6m
ep023 step009440 loss=0.5752 ce=1.2558 pair=0.0274 gap=0.0018 pre=1.2641 div=0.0073 risk=0.0212 time=28.7m
ep023 step009460 loss=0.5744 ce=1.2542 pair=0.0274 gap=0.0018 pre=1.2621 div=0.0072 risk=0.0212 time=28.7m
ep023 step009480 loss=0.5753 ce=1.2561 pair=0.0275 gap=0.0018 pre=1.2641 div=0.0073 risk=0.0212 time=28.8m
ep023 step009500 loss=0.5745 ce=1.2545 pair=0.0274 gap=0.0018 pre=1.2623 div=0.0072 risk=0.0211 time=28.8m
[eval epoch 23] macro_top1=0.4503 top2=0.7876 top3=0.9113 vs_sbs=-0.883% vbs_closed=+17.87%
          components: pre_top1=0.4455 gap_top1=0.4500 utility_top1=0.4507 corr(pre/final)=+0.971 corr(gap/final)=+0.969 corr(util/final)=+0.997
       TSP: top1=0.342 mean_cost=7.9250 (sbs=7.9578) vs_sbs=-0.41% pre=0.345 gap=0.326 util=0.351
      CVRP: top1=0.352 mean_cost=18.3009 (sbs=18.2943) vs_sbs=+0.04% pre=0.344 gap=0.314 util=0.339
      ATSP: top1=0.759 mean_cost=1.6379 (sbs=1.6735) vs_sbs=-2.13% pre=0.754 gap=0.758 util=0.762
      OVRP: top1=0.359 mean_cost=7.4560 (sbs=7.4617) vs_sbs=-0.08% pre=0.355 gap=0.379 util=0.363
      VRPB: top1=0.546 mean_cost=9.3381 (sbs=9.3403) vs_sbs=-0.02% pre=0.542 gap=0.558 util=0.553
      VRPL: top1=0.297 mean_cost=12.4076 (sbs=12.4072) vs_sbs=+0.00% pre=0.301 gap=0.299 util=0.295
     VRPTW: top1=0.434 mean_cost=17.9176 (sbs=18.6571) vs_sbs=-3.96% pre=0.419 gap=0.420 util=0.453
    OVRPTW: top1=0.467 mean_cost=10.0612 (sbs=10.0484) vs_sbs=+0.13% pre=0.476 gap=0.445 util=0.450
     OVRPB: top1=0.549 mean_cost=6.3254 (sbs=6.3220) vs_sbs=+0.05% pre=0.542 gap=0.558 util=0.550
     OVRPL: top1=0.365 mean_cost=7.4356 (sbs=7.4376) vs_sbs=-0.03% pre=0.351 gap=0.369 util=0.356
     VRPBL: top1=0.514 mean_cost=9.3632 (sbs=9.3593) vs_sbs=+0.04% pre=0.482 gap=0.513 util=0.528
    VRPBTW: top1=0.388 mean_cost=19.1206 (sbs=19.6697) vs_sbs=-2.79% pre=0.414 gap=0.414 util=0.377
    VRPLTW: top1=0.447 mean_cost=17.6409 (sbs=18.5091) vs_sbs=-4.69% pre=0.464 gap=0.444 util=0.442
    OVRPBL: top1=0.522 mean_cost=6.3149 (sbs=6.3103) vs_sbs=+0.07% pre=0.484 gap=0.510 util=0.516
   OVRPBTW: top1=0.470 mean_cost=10.5233 (sbs=10.5068) vs_sbs=+0.16% pre=0.450 gap=0.450 util=0.467
   OVRPLTW: top1=0.461 mean_cost=10.1402 (sbs=10.1272) vs_sbs=+0.13% pre=0.455 gap=0.486 util=0.472
   VRPBLTW: top1=0.387 mean_cost=18.9983 (sbs=19.5198) vs_sbs=-2.67% pre=0.398 gap=0.415 util=0.392
  OVRPBLTW: top1=0.446 mean_cost=10.5694 (sbs=10.5412) vs_sbs=+0.27% pre=0.443 gap=0.442 util=0.446
ep024 step009520 loss=0.5805 ce=1.2685 pair=0.0277 gap=0.0018 pre=1.2727 div=0.0071 risk=0.0215 time=29.1m
ep024 step009540 loss=0.5719 ce=1.2485 pair=0.0276 gap=0.0018 pre=1.2565 div=0.0069 risk=0.0209 time=29.2m
ep024 step009560 loss=0.5739 ce=1.2540 pair=0.0268 gap=0.0018 pre=1.2590 div=0.0070 risk=0.0209 time=29.2m
ep024 step009580 loss=0.5695 ce=1.2434 pair=0.0273 gap=0.0019 pre=1.2508 div=0.0070 risk=0.0207 time=29.2m
ep024 step009600 loss=0.5700 ce=1.2448 pair=0.0270 gap=0.0018 pre=1.2516 div=0.0069 risk=0.0209 time=29.3m
ep024 step009620 loss=0.5729 ce=1.2516 pair=0.0268 gap=0.0018 pre=1.2580 div=0.0070 risk=0.0207 time=29.3m
ep024 step009640 loss=0.5739 ce=1.2538 pair=0.0270 gap=0.0018 pre=1.2598 div=0.0070 risk=0.0207 time=29.4m
ep024 step009660 loss=0.5702 ce=1.2455 pair=0.0272 gap=0.0018 pre=1.2513 div=0.0067 risk=0.0209 time=29.4m
ep024 step009680 loss=0.5706 ce=1.2462 pair=0.0272 gap=0.0018 pre=1.2525 div=0.0067 risk=0.0208 time=29.5m
ep024 step009700 loss=0.5711 ce=1.2471 pair=0.0273 gap=0.0018 pre=1.2538 div=0.0067 risk=0.0209 time=29.5m
ep024 step009720 loss=0.5719 ce=1.2489 pair=0.0273 gap=0.0018 pre=1.2559 div=0.0066 risk=0.0209 time=29.6m
ep024 step009740 loss=0.5721 ce=1.2493 pair=0.0273 gap=0.0018 pre=1.2564 div=0.0066 risk=0.0209 time=29.6m
ep024 step009760 loss=0.5721 ce=1.2493 pair=0.0273 gap=0.0018 pre=1.2564 div=0.0067 risk=0.0210 time=29.7m
ep024 step009780 loss=0.5715 ce=1.2480 pair=0.0274 gap=0.0018 pre=1.2551 div=0.0067 risk=0.0211 time=29.7m
ep024 step009800 loss=0.5716 ce=1.2483 pair=0.0273 gap=0.0018 pre=1.2555 div=0.0066 risk=0.0210 time=29.8m
ep024 step009820 loss=0.5715 ce=1.2480 pair=0.0273 gap=0.0018 pre=1.2552 div=0.0066 risk=0.0209 time=29.9m
ep024 step009840 loss=0.5697 ce=1.2440 pair=0.0273 gap=0.0018 pre=1.2511 div=0.0066 risk=0.0209 time=29.9m
ep024 step009860 loss=0.5705 ce=1.2459 pair=0.0272 gap=0.0018 pre=1.2533 div=0.0066 risk=0.0209 time=29.9m
ep024 step009880 loss=0.5711 ce=1.2472 pair=0.0272 gap=0.0018 pre=1.2548 div=0.0066 risk=0.0209 time=30.0m
ep024 step009900 loss=0.5719 ce=1.2488 pair=0.0272 gap=0.0018 pre=1.2563 div=0.0066 risk=0.0209 time=30.0m
[eval epoch 24] macro_top1=0.4506 top2=0.7778 top3=0.9109 vs_sbs=-0.860% vbs_closed=+17.25%
          components: pre_top1=0.4458 gap_top1=0.4482 utility_top1=0.4519 corr(pre/final)=+0.971 corr(gap/final)=+0.964 corr(util/final)=+0.997
       TSP: top1=0.343 mean_cost=7.9240 (sbs=7.9578) vs_sbs=-0.42% pre=0.333 gap=0.309 util=0.343
      CVRP: top1=0.332 mean_cost=18.2972 (sbs=18.2943) vs_sbs=+0.02% pre=0.347 gap=0.297 util=0.334
      ATSP: top1=0.776 mean_cost=1.6371 (sbs=1.6735) vs_sbs=-2.18% pre=0.778 gap=0.776 util=0.776
      OVRP: top1=0.363 mean_cost=7.4561 (sbs=7.4617) vs_sbs=-0.07% pre=0.336 gap=0.341 util=0.372
      VRPB: top1=0.534 mean_cost=9.3569 (sbs=9.3403) vs_sbs=+0.18% pre=0.467 gap=0.505 util=0.547
      VRPL: top1=0.315 mean_cost=12.4025 (sbs=12.4072) vs_sbs=-0.04% pre=0.304 gap=0.285 util=0.309
     VRPTW: top1=0.434 mean_cost=17.9100 (sbs=18.6571) vs_sbs=-4.00% pre=0.425 gap=0.410 util=0.445
    OVRPTW: top1=0.480 mean_cost=10.0519 (sbs=10.0484) vs_sbs=+0.03% pre=0.454 gap=0.490 util=0.470
     OVRPB: top1=0.551 mean_cost=6.3239 (sbs=6.3220) vs_sbs=+0.03% pre=0.547 gap=0.547 util=0.554
     OVRPL: top1=0.364 mean_cost=7.4356 (sbs=7.4376) vs_sbs=-0.03% pre=0.369 gap=0.377 util=0.370
     VRPBL: top1=0.528 mean_cost=9.3781 (sbs=9.3593) vs_sbs=+0.20% pre=0.497 gap=0.524 util=0.528
    VRPBTW: top1=0.364 mean_cost=19.1318 (sbs=19.6697) vs_sbs=-2.73% pre=0.390 gap=0.415 util=0.368
    VRPLTW: top1=0.415 mean_cost=17.6843 (sbs=18.5091) vs_sbs=-4.46% pre=0.421 gap=0.449 util=0.410
    OVRPBL: top1=0.548 mean_cost=6.3086 (sbs=6.3103) vs_sbs=-0.03% pre=0.562 gap=0.533 util=0.539
   OVRPBTW: top1=0.481 mean_cost=10.5197 (sbs=10.5068) vs_sbs=+0.12% pre=0.490 gap=0.453 util=0.481
   OVRPLTW: top1=0.463 mean_cost=10.1388 (sbs=10.1272) vs_sbs=+0.11% pre=0.467 gap=0.492 util=0.470
   VRPBLTW: top1=0.368 mean_cost=19.0483 (sbs=19.5198) vs_sbs=-2.42% pre=0.386 gap=0.384 util=0.357
  OVRPBLTW: top1=0.451 mean_cost=10.5625 (sbs=10.5412) vs_sbs=+0.20% pre=0.452 gap=0.481 util=0.461
ep025 step009920 loss=0.5641 ce=1.2302 pair=0.0292 gap=0.0019 pre=1.2375 div=0.0070 risk=0.0227 time=30.3m
ep025 step009940 loss=0.5748 ce=1.2542 pair=0.0289 gap=0.0019 pre=1.2620 div=0.0064 risk=0.0217 time=30.4m
ep025 step009960 loss=0.5690 ce=1.2422 pair=0.0279 gap=0.0018 pre=1.2482 div=0.0067 risk=0.0215 time=30.4m
ep025 step009980 loss=0.5745 ce=1.2546 pair=0.0276 gap=0.0018 pre=1.2613 div=0.0066 risk=0.0211 time=30.5m
ep025 step010000 loss=0.5743 ce=1.2540 pair=0.0278 gap=0.0018 pre=1.2609 div=0.0069 risk=0.0210 time=30.5m
ep025 step010020 loss=0.5702 ce=1.2449 pair=0.0274 gap=0.0018 pre=1.2525 div=0.0067 risk=0.0209 time=30.6m
ep025 step010040 loss=0.5684 ce=1.2408 pair=0.0275 gap=0.0018 pre=1.2487 div=0.0066 risk=0.0211 time=30.6m
ep025 step010060 loss=0.5695 ce=1.2431 pair=0.0276 gap=0.0018 pre=1.2515 div=0.0065 risk=0.0209 time=30.7m
ep025 step010080 loss=0.5706 ce=1.2455 pair=0.0275 gap=0.0018 pre=1.2545 div=0.0066 risk=0.0209 time=30.7m
ep025 step010100 loss=0.5719 ce=1.2481 pair=0.0275 gap=0.0018 pre=1.2577 div=0.0066 risk=0.0211 time=30.8m
ep025 step010120 loss=0.5718 ce=1.2481 pair=0.0274 gap=0.0018 pre=1.2579 div=0.0066 risk=0.0210 time=30.8m
ep025 step010140 loss=0.5718 ce=1.2481 pair=0.0274 gap=0.0018 pre=1.2577 div=0.0067 risk=0.0211 time=30.9m
ep025 step010160 loss=0.5720 ce=1.2487 pair=0.0273 gap=0.0018 pre=1.2580 div=0.0066 risk=0.0210 time=30.9m
ep025 step010180 loss=0.5747 ce=1.2546 pair=0.0275 gap=0.0018 pre=1.2639 div=0.0067 risk=0.0212 time=31.0m
ep025 step010200 loss=0.5730 ce=1.2509 pair=0.0273 gap=0.0018 pre=1.2603 div=0.0067 risk=0.0211 time=31.0m
ep025 step010220 loss=0.5742 ce=1.2533 pair=0.0273 gap=0.0018 pre=1.2632 div=0.0068 risk=0.0211 time=31.1m
ep025 step010240 loss=0.5739 ce=1.2525 pair=0.0274 gap=0.0018 pre=1.2628 div=0.0068 risk=0.0212 time=31.1m
ep025 step010260 loss=0.5743 ce=1.2534 pair=0.0274 gap=0.0018 pre=1.2638 div=0.0068 risk=0.0212 time=31.2m
ep025 step010280 loss=0.5741 ce=1.2531 pair=0.0275 gap=0.0018 pre=1.2632 div=0.0068 risk=0.0212 time=31.2m
[eval epoch 25] macro_top1=0.4414 top2=0.7747 top3=0.9105 vs_sbs=-0.806% vbs_closed=+12.89%
          components: pre_top1=0.4279 gap_top1=0.4489 utility_top1=0.4438 corr(pre/final)=+0.967 corr(gap/final)=+0.971 corr(util/final)=+0.997
       TSP: top1=0.352 mean_cost=7.9189 (sbs=7.9578) vs_sbs=-0.49% pre=0.348 gap=0.326 util=0.354
      CVRP: top1=0.365 mean_cost=18.2922 (sbs=18.2943) vs_sbs=-0.01% pre=0.358 gap=0.333 util=0.361
      ATSP: top1=0.761 mean_cost=1.6404 (sbs=1.6735) vs_sbs=-1.98% pre=0.748 gap=0.764 util=0.765
      OVRP: top1=0.354 mean_cost=7.4580 (sbs=7.4617) vs_sbs=-0.05% pre=0.347 gap=0.364 util=0.358
      VRPB: top1=0.476 mean_cost=9.3747 (sbs=9.3403) vs_sbs=+0.37% pre=0.451 gap=0.511 util=0.494
      VRPL: top1=0.310 mean_cost=12.4045 (sbs=12.4072) vs_sbs=-0.02% pre=0.293 gap=0.289 util=0.305
     VRPTW: top1=0.413 mean_cost=17.9340 (sbs=18.6571) vs_sbs=-3.88% pre=0.421 gap=0.395 util=0.426
    OVRPTW: top1=0.433 mean_cost=10.0696 (sbs=10.0484) vs_sbs=+0.21% pre=0.420 gap=0.467 util=0.455
     OVRPB: top1=0.564 mean_cost=6.3206 (sbs=6.3220) vs_sbs=-0.02% pre=0.567 gap=0.541 util=0.547
     OVRPL: top1=0.354 mean_cost=7.4359 (sbs=7.4376) vs_sbs=-0.02% pre=0.366 gap=0.386 util=0.364
     VRPBL: top1=0.505 mean_cost=9.3796 (sbs=9.3593) vs_sbs=+0.22% pre=0.476 gap=0.520 util=0.523
    VRPBTW: top1=0.353 mean_cost=19.1864 (sbs=19.6697) vs_sbs=-2.46% pre=0.361 gap=0.399 util=0.348
    VRPLTW: top1=0.428 mean_cost=17.6491 (sbs=18.5091) vs_sbs=-4.65% pre=0.407 gap=0.434 util=0.420
    OVRPBL: top1=0.537 mean_cost=6.3108 (sbs=6.3103) vs_sbs=+0.01% pre=0.543 gap=0.507 util=0.532
   OVRPBTW: top1=0.472 mean_cost=10.5314 (sbs=10.5068) vs_sbs=+0.23% pre=0.417 gap=0.474 util=0.458
   OVRPLTW: top1=0.457 mean_cost=10.1461 (sbs=10.1272) vs_sbs=+0.19% pre=0.418 gap=0.491 util=0.453
   VRPBLTW: top1=0.365 mean_cost=19.0455 (sbs=19.5198) vs_sbs=-2.43% pre=0.343 gap=0.393 util=0.382
  OVRPBLTW: top1=0.446 mean_cost=10.5697 (sbs=10.5412) vs_sbs=+0.27% pre=0.418 gap=0.487 util=0.443
ep026 step010300 loss=0.6903 ce=1.5134 pair=0.0253 gap=0.0013 pre=1.5226 div=0.0089 risk=0.0140 time=31.5m
ep026 step010320 loss=0.5752 ce=1.2582 pair=0.0249 gap=0.0017 pre=1.2636 div=0.0069 risk=0.0202 time=31.6m
ep026 step010340 loss=0.5696 ce=1.2444 pair=0.0266 gap=0.0017 pre=1.2509 div=0.0070 risk=0.0202 time=31.6m
ep026 step010360 loss=0.5735 ce=1.2528 pair=0.0269 gap=0.0017 pre=1.2601 div=0.0068 risk=0.0210 time=31.7m
ep026 step010380 loss=0.5690 ce=1.2424 pair=0.0272 gap=0.0018 pre=1.2503 div=0.0063 risk=0.0207 time=31.7m
ep026 step010400 loss=0.5697 ce=1.2438 pair=0.0271 gap=0.0018 pre=1.2525 div=0.0067 risk=0.0205 time=31.8m
ep026 step010420 loss=0.5663 ce=1.2362 pair=0.0269 gap=0.0018 pre=1.2455 div=0.0069 risk=0.0206 time=31.8m
ep026 step010440 loss=0.5695 ce=1.2432 pair=0.0271 gap=0.0018 pre=1.2524 div=0.0067 risk=0.0208 time=31.8m
ep026 step010460 loss=0.5690 ce=1.2423 pair=0.0271 gap=0.0018 pre=1.2513 div=0.0067 risk=0.0208 time=31.9m
ep026 step010480 loss=0.5695 ce=1.2434 pair=0.0272 gap=0.0018 pre=1.2519 div=0.0067 risk=0.0207 time=32.0m
ep026 step010500 loss=0.5690 ce=1.2422 pair=0.0273 gap=0.0018 pre=1.2506 div=0.0066 risk=0.0208 time=32.0m
ep026 step010520 loss=0.5696 ce=1.2439 pair=0.0270 gap=0.0018 pre=1.2518 div=0.0066 risk=0.0208 time=32.1m
ep026 step010540 loss=0.5706 ce=1.2461 pair=0.0271 gap=0.0018 pre=1.2536 div=0.0065 risk=0.0207 time=32.1m
ep026 step010560 loss=0.5709 ce=1.2468 pair=0.0271 gap=0.0018 pre=1.2545 div=0.0065 risk=0.0208 time=32.2m
ep026 step010580 loss=0.5696 ce=1.2439 pair=0.0271 gap=0.0018 pre=1.2514 div=0.0065 risk=0.0209 time=32.2m
ep026 step010600 loss=0.5707 ce=1.2464 pair=0.0271 gap=0.0018 pre=1.2539 div=0.0065 risk=0.0208 time=32.3m
ep026 step010620 loss=0.5707 ce=1.2464 pair=0.0270 gap=0.0018 pre=1.2542 div=0.0065 risk=0.0208 time=32.3m
ep026 step010640 loss=0.5703 ce=1.2456 pair=0.0271 gap=0.0018 pre=1.2531 div=0.0064 risk=0.0208 time=32.4m
ep026 step010660 loss=0.5708 ce=1.2466 pair=0.0271 gap=0.0018 pre=1.2543 div=0.0064 risk=0.0209 time=32.4m
ep026 step010680 loss=0.5722 ce=1.2495 pair=0.0272 gap=0.0018 pre=1.2576 div=0.0065 risk=0.0209 time=32.5m
[eval epoch 26] macro_top1=0.4572 top2=0.7863 top3=0.9112 vs_sbs=-0.926% vbs_closed=+21.44%
          components: pre_top1=0.4492 gap_top1=0.4607 utility_top1=0.4562 corr(pre/final)=+0.959 corr(gap/final)=+0.969 corr(util/final)=+0.997
       TSP: top1=0.339 mean_cost=7.9238 (sbs=7.9578) vs_sbs=-0.43% pre=0.327 gap=0.325 util=0.340
      CVRP: top1=0.346 mean_cost=18.3041 (sbs=18.2943) vs_sbs=+0.05% pre=0.335 gap=0.329 util=0.349
      ATSP: top1=0.789 mean_cost=1.6352 (sbs=1.6735) vs_sbs=-2.29% pre=0.786 gap=0.785 util=0.790
      OVRP: top1=0.363 mean_cost=7.4560 (sbs=7.4617) vs_sbs=-0.08% pre=0.357 gap=0.367 util=0.363
      VRPB: top1=0.547 mean_cost=9.3393 (sbs=9.3403) vs_sbs=-0.01% pre=0.530 gap=0.542 util=0.550
      VRPL: top1=0.297 mean_cost=12.4075 (sbs=12.4072) vs_sbs=+0.00% pre=0.275 gap=0.306 util=0.303
     VRPTW: top1=0.435 mean_cost=17.9173 (sbs=18.6571) vs_sbs=-3.97% pre=0.411 gap=0.417 util=0.434
    OVRPTW: top1=0.493 mean_cost=10.0461 (sbs=10.0484) vs_sbs=-0.02% pre=0.505 gap=0.485 util=0.478
     OVRPB: top1=0.557 mean_cost=6.3229 (sbs=6.3220) vs_sbs=+0.02% pre=0.549 gap=0.563 util=0.565
     OVRPL: top1=0.379 mean_cost=7.4352 (sbs=7.4376) vs_sbs=-0.03% pre=0.379 gap=0.385 util=0.381
     VRPBL: top1=0.532 mean_cost=9.3547 (sbs=9.3593) vs_sbs=-0.05% pre=0.513 gap=0.537 util=0.542
    VRPBTW: top1=0.392 mean_cost=19.1121 (sbs=19.6697) vs_sbs=-2.83% pre=0.397 gap=0.416 util=0.366
    VRPLTW: top1=0.443 mean_cost=17.6355 (sbs=18.5091) vs_sbs=-4.72% pre=0.432 gap=0.450 util=0.437
    OVRPBL: top1=0.524 mean_cost=6.3126 (sbs=6.3103) vs_sbs=+0.04% pre=0.521 gap=0.520 util=0.518
   OVRPBTW: top1=0.492 mean_cost=10.5104 (sbs=10.5068) vs_sbs=+0.03% pre=0.488 gap=0.488 util=0.490
   OVRPLTW: top1=0.474 mean_cost=10.1333 (sbs=10.1272) vs_sbs=+0.06% pre=0.490 gap=0.485 util=0.464
   VRPBLTW: top1=0.384 mean_cost=19.0022 (sbs=19.5198) vs_sbs=-2.65% pre=0.362 gap=0.418 util=0.381
  OVRPBLTW: top1=0.443 mean_cost=10.5632 (sbs=10.5412) vs_sbs=+0.21% pre=0.429 gap=0.475 util=0.461
ep027 step010700 loss=0.5493 ce=1.1982 pair=0.0259 gap=0.0019 pre=1.2107 div=0.0081 risk=0.0217 time=32.7m
ep027 step010720 loss=0.5713 ce=1.2475 pair=0.0254 gap=0.0017 pre=1.2606 div=0.0068 risk=0.0201 time=32.8m
ep027 step010740 loss=0.5665 ce=1.2369 pair=0.0263 gap=0.0018 pre=1.2468 div=0.0063 risk=0.0211 time=32.8m
ep027 step010760 loss=0.5736 ce=1.2524 pair=0.0269 gap=0.0018 pre=1.2617 div=0.0067 risk=0.0211 time=32.9m
ep027 step010780 loss=0.5738 ce=1.2530 pair=0.0267 gap=0.0018 pre=1.2625 div=0.0065 risk=0.0208 time=32.9m
ep027 step010800 loss=0.5718 ce=1.2485 pair=0.0270 gap=0.0018 pre=1.2577 div=0.0065 risk=0.0208 time=33.0m
ep027 step010820 loss=0.5716 ce=1.2480 pair=0.0268 gap=0.0018 pre=1.2577 div=0.0065 risk=0.0208 time=33.0m
ep027 step010840 loss=0.5692 ce=1.2423 pair=0.0272 gap=0.0018 pre=1.2528 div=0.0067 risk=0.0209 time=33.1m
ep027 step010860 loss=0.5699 ce=1.2438 pair=0.0271 gap=0.0018 pre=1.2543 div=0.0067 risk=0.0210 time=33.1m
ep027 step010880 loss=0.5741 ce=1.2535 pair=0.0272 gap=0.0018 pre=1.2628 div=0.0067 risk=0.0209 time=33.2m
ep027 step010900 loss=0.5707 ce=1.2459 pair=0.0274 gap=0.0018 pre=1.2546 div=0.0066 risk=0.0210 time=33.2m
ep027 step010920 loss=0.5708 ce=1.2461 pair=0.0274 gap=0.0018 pre=1.2548 div=0.0067 risk=0.0210 time=33.3m
ep027 step010940 loss=0.5725 ce=1.2499 pair=0.0273 gap=0.0018 pre=1.2587 div=0.0066 risk=0.0209 time=33.3m
ep027 step010960 loss=0.5720 ce=1.2488 pair=0.0273 gap=0.0018 pre=1.2576 div=0.0065 risk=0.0209 time=33.4m
ep027 step010980 loss=0.5715 ce=1.2478 pair=0.0273 gap=0.0018 pre=1.2562 div=0.0065 risk=0.0209 time=33.4m
ep027 step011000 loss=0.5702 ce=1.2448 pair=0.0272 gap=0.0018 pre=1.2535 div=0.0065 risk=0.0208 time=33.5m
ep027 step011020 loss=0.5695 ce=1.2432 pair=0.0272 gap=0.0018 pre=1.2523 div=0.0065 risk=0.0208 time=33.5m
ep027 step011040 loss=0.5708 ce=1.2462 pair=0.0271 gap=0.0018 pre=1.2557 div=0.0065 risk=0.0207 time=33.6m
ep027 step011060 loss=0.5700 ce=1.2442 pair=0.0272 gap=0.0018 pre=1.2536 div=0.0064 risk=0.0208 time=33.6m
ep027 step011080 loss=0.5700 ce=1.2442 pair=0.0272 gap=0.0018 pre=1.2538 div=0.0064 risk=0.0208 time=33.6m
[eval epoch 27] macro_top1=0.4676 top2=0.8028 top3=0.9152 vs_sbs=-0.988% vbs_closed=+24.97%
          components: pre_top1=0.4653 gap_top1=0.4631 utility_top1=0.4644 corr(pre/final)=+0.966 corr(gap/final)=+0.970 corr(util/final)=+0.997
       TSP: top1=0.334 mean_cost=7.9198 (sbs=7.9578) vs_sbs=-0.48% pre=0.313 gap=0.325 util=0.338
      CVRP: top1=0.371 mean_cost=18.2780 (sbs=18.2943) vs_sbs=-0.09% pre=0.378 gap=0.350 util=0.364
      ATSP: top1=0.785 mean_cost=1.6362 (sbs=1.6735) vs_sbs=-2.23% pre=0.780 gap=0.788 util=0.788
      OVRP: top1=0.346 mean_cost=7.4563 (sbs=7.4617) vs_sbs=-0.07% pre=0.328 gap=0.372 util=0.351
      VRPB: top1=0.547 mean_cost=9.3517 (sbs=9.3403) vs_sbs=+0.12% pre=0.535 gap=0.544 util=0.541
      VRPL: top1=0.325 mean_cost=12.4017 (sbs=12.4072) vs_sbs=-0.04% pre=0.310 gap=0.318 util=0.324
     VRPTW: top1=0.434 mean_cost=17.9032 (sbs=18.6571) vs_sbs=-4.04% pre=0.418 gap=0.429 util=0.446
    OVRPTW: top1=0.502 mean_cost=10.0419 (sbs=10.0484) vs_sbs=-0.06% pre=0.517 gap=0.491 util=0.484
     OVRPB: top1=0.554 mean_cost=6.3197 (sbs=6.3220) vs_sbs=-0.04% pre=0.572 gap=0.561 util=0.564
     OVRPL: top1=0.367 mean_cost=7.4355 (sbs=7.4376) vs_sbs=-0.03% pre=0.362 gap=0.378 util=0.369
     VRPBL: top1=0.538 mean_cost=9.3557 (sbs=9.3593) vs_sbs=-0.04% pre=0.532 gap=0.525 util=0.535
    VRPBTW: top1=0.412 mean_cost=19.0586 (sbs=19.6697) vs_sbs=-3.11% pre=0.416 gap=0.409 util=0.394
    VRPLTW: top1=0.450 mean_cost=17.6341 (sbs=18.5091) vs_sbs=-4.73% pre=0.457 gap=0.471 util=0.448
    OVRPBL: top1=0.541 mean_cost=6.3084 (sbs=6.3103) vs_sbs=-0.03% pre=0.544 gap=0.533 util=0.541
   OVRPBTW: top1=0.499 mean_cost=10.5045 (sbs=10.5068) vs_sbs=-0.02% pre=0.484 gap=0.463 util=0.490
   OVRPLTW: top1=0.495 mean_cost=10.1289 (sbs=10.1272) vs_sbs=+0.02% pre=0.496 gap=0.479 util=0.489
   VRPBLTW: top1=0.419 mean_cost=18.9540 (sbs=19.5198) vs_sbs=-2.90% pre=0.421 gap=0.409 util=0.407
  OVRPBLTW: top1=0.497 mean_cost=10.5395 (sbs=10.5412) vs_sbs=-0.02% pre=0.513 gap=0.491 util=0.487
[save] best.pt epoch=27 score=0.4676
ep028 step011100 loss=0.5989 ce=1.3082 pair=0.0260 gap=0.0017 pre=1.3222 div=0.0064 risk=0.0214 time=33.9m
ep028 step011120 loss=0.5568 ce=1.2160 pair=0.0257 gap=0.0018 pre=1.2257 div=0.0054 risk=0.0206 time=33.9m
ep028 step011140 loss=0.5661 ce=1.2348 pair=0.0274 gap=0.0018 pre=1.2471 div=0.0062 risk=0.0210 time=34.0m
ep028 step011160 loss=0.5672 ce=1.2376 pair=0.0270 gap=0.0018 pre=1.2493 div=0.0063 risk=0.0206 time=34.0m
ep028 step011180 loss=0.5657 ce=1.2347 pair=0.0267 gap=0.0018 pre=1.2456 div=0.0062 risk=0.0206 time=34.1m
ep028 step011200 loss=0.5637 ce=1.2306 pair=0.0268 gap=0.0018 pre=1.2406 div=0.0062 risk=0.0203 time=34.2m
ep028 step011220 loss=0.5612 ce=1.2250 pair=0.0267 gap=0.0018 pre=1.2344 div=0.0062 risk=0.0204 time=34.2m
ep028 step011240 loss=0.5666 ce=1.2371 pair=0.0268 gap=0.0018 pre=1.2468 div=0.0063 risk=0.0203 time=34.3m
ep028 step011260 loss=0.5636 ce=1.2302 pair=0.0265 gap=0.0018 pre=1.2409 div=0.0062 risk=0.0203 time=34.3m
ep028 step011280 loss=0.5659 ce=1.2353 pair=0.0266 gap=0.0018 pre=1.2462 div=0.0062 risk=0.0202 time=34.4m
ep028 step011300 loss=0.5643 ce=1.2318 pair=0.0266 gap=0.0018 pre=1.2423 div=0.0062 risk=0.0202 time=34.4m
ep028 step011320 loss=0.5670 ce=1.2378 pair=0.0267 gap=0.0018 pre=1.2480 div=0.0062 risk=0.0203 time=34.5m
ep028 step011340 loss=0.5664 ce=1.2365 pair=0.0267 gap=0.0018 pre=1.2465 div=0.0062 risk=0.0203 time=34.5m
ep028 step011360 loss=0.5664 ce=1.2364 pair=0.0268 gap=0.0018 pre=1.2464 div=0.0061 risk=0.0203 time=34.6m
ep028 step011380 loss=0.5668 ce=1.2375 pair=0.0268 gap=0.0018 pre=1.2473 div=0.0061 risk=0.0203 time=34.6m
ep028 step011400 loss=0.5675 ce=1.2390 pair=0.0268 gap=0.0018 pre=1.2486 div=0.0061 risk=0.0203 time=34.7m
ep028 step011420 loss=0.5674 ce=1.2389 pair=0.0268 gap=0.0018 pre=1.2485 div=0.0060 risk=0.0204 time=34.7m
ep028 step011440 loss=0.5671 ce=1.2382 pair=0.0268 gap=0.0018 pre=1.2478 div=0.0060 risk=0.0204 time=34.8m
ep028 step011460 loss=0.5657 ce=1.2351 pair=0.0267 gap=0.0018 pre=1.2449 div=0.0061 risk=0.0204 time=34.8m
ep028 step011480 loss=0.5678 ce=1.2396 pair=0.0268 gap=0.0018 pre=1.2492 div=0.0060 risk=0.0204 time=34.9m
[eval epoch 28] macro_top1=0.4498 top2=0.7793 top3=0.9060 vs_sbs=-0.890% vbs_closed=+16.60%
          components: pre_top1=0.4403 gap_top1=0.4451 utility_top1=0.4533 corr(pre/final)=+0.969 corr(gap/final)=+0.979 corr(util/final)=+0.997
       TSP: top1=0.352 mean_cost=7.9264 (sbs=7.9578) vs_sbs=-0.39% pre=0.357 gap=0.347 util=0.349
      CVRP: top1=0.302 mean_cost=18.2981 (sbs=18.2943) vs_sbs=+0.02% pre=0.284 gap=0.269 util=0.307
      ATSP: top1=0.786 mean_cost=1.6363 (sbs=1.6735) vs_sbs=-2.22% pre=0.775 gap=0.795 util=0.788
      OVRP: top1=0.349 mean_cost=7.4563 (sbs=7.4617) vs_sbs=-0.07% pre=0.361 gap=0.354 util=0.346
      VRPB: top1=0.523 mean_cost=9.3536 (sbs=9.3403) vs_sbs=+0.14% pre=0.449 gap=0.506 util=0.538
      VRPL: top1=0.274 mean_cost=12.4145 (sbs=12.4072) vs_sbs=+0.06% pre=0.250 gap=0.300 util=0.293
     VRPTW: top1=0.420 mean_cost=17.9187 (sbs=18.6571) vs_sbs=-3.96% pre=0.414 gap=0.406 util=0.432
    OVRPTW: top1=0.469 mean_cost=10.0604 (sbs=10.0484) vs_sbs=+0.12% pre=0.448 gap=0.455 util=0.479
     OVRPB: top1=0.551 mean_cost=6.3250 (sbs=6.3220) vs_sbs=+0.05% pre=0.553 gap=0.549 util=0.550
     OVRPL: top1=0.372 mean_cost=7.4353 (sbs=7.4376) vs_sbs=-0.03% pre=0.377 gap=0.374 util=0.364
     VRPBL: top1=0.520 mean_cost=9.3728 (sbs=9.3593) vs_sbs=+0.14% pre=0.496 gap=0.501 util=0.520
    VRPBTW: top1=0.382 mean_cost=19.1178 (sbs=19.6697) vs_sbs=-2.81% pre=0.373 gap=0.406 util=0.382
    VRPLTW: top1=0.443 mean_cost=17.6408 (sbs=18.5091) vs_sbs=-4.69% pre=0.437 gap=0.437 util=0.448
    OVRPBL: top1=0.530 mean_cost=6.3137 (sbs=6.3103) vs_sbs=+0.05% pre=0.558 gap=0.496 util=0.518
   OVRPBTW: top1=0.485 mean_cost=10.5169 (sbs=10.5068) vs_sbs=+0.10% pre=0.484 gap=0.492 util=0.492
   OVRPLTW: top1=0.460 mean_cost=10.1413 (sbs=10.1272) vs_sbs=+0.14% pre=0.451 gap=0.464 util=0.479
   VRPBLTW: top1=0.417 mean_cost=18.9674 (sbs=19.5198) vs_sbs=-2.83% pre=0.391 gap=0.407 util=0.413
  OVRPBLTW: top1=0.461 mean_cost=10.5588 (sbs=10.5412) vs_sbs=+0.17% pre=0.467 gap=0.453 util=0.461
ep029 step011500 loss=0.5593 ce=1.2186 pair=0.0299 gap=0.0019 pre=1.2287 div=0.0055 risk=0.0211 time=35.2m
ep029 step011520 loss=0.5668 ce=1.2366 pair=0.0274 gap=0.0018 pre=1.2479 div=0.0059 risk=0.0202 time=35.2m
ep029 step011540 loss=0.5697 ce=1.2434 pair=0.0272 gap=0.0018 pre=1.2541 div=0.0059 risk=0.0205 time=35.3m
ep029 step011560 loss=0.5660 ce=1.2351 pair=0.0270 gap=0.0018 pre=1.2465 div=0.0058 risk=0.0206 time=35.3m
ep029 step011580 loss=0.5668 ce=1.2368 pair=0.0271 gap=0.0018 pre=1.2478 div=0.0058 risk=0.0207 time=35.4m
ep029 step011600 loss=0.5675 ce=1.2384 pair=0.0271 gap=0.0018 pre=1.2495 div=0.0061 risk=0.0204 time=35.4m
ep029 step011620 loss=0.5687 ce=1.2411 pair=0.0269 gap=0.0018 pre=1.2531 div=0.0059 risk=0.0207 time=35.5m
ep029 step011640 loss=0.5688 ce=1.2415 pair=0.0266 gap=0.0018 pre=1.2536 div=0.0060 risk=0.0203 time=35.5m
ep029 step011660 loss=0.5704 ce=1.2449 pair=0.0268 gap=0.0018 pre=1.2570 div=0.0060 risk=0.0204 time=35.6m
ep029 step011680 loss=0.5696 ce=1.2430 pair=0.0270 gap=0.0018 pre=1.2553 div=0.0060 risk=0.0204 time=35.6m
ep029 step011700 loss=0.5680 ce=1.2396 pair=0.0269 gap=0.0018 pre=1.2517 div=0.0060 risk=0.0204 time=35.7m
ep029 step011720 loss=0.5680 ce=1.2397 pair=0.0267 gap=0.0018 pre=1.2516 div=0.0061 risk=0.0202 time=35.7m
ep029 step011740 loss=0.5663 ce=1.2359 pair=0.0267 gap=0.0018 pre=1.2476 div=0.0061 risk=0.0203 time=35.8m
ep029 step011760 loss=0.5667 ce=1.2369 pair=0.0266 gap=0.0018 pre=1.2484 div=0.0061 risk=0.0202 time=35.8m
ep029 step011780 loss=0.5668 ce=1.2371 pair=0.0267 gap=0.0018 pre=1.2482 div=0.0061 risk=0.0202 time=35.9m
ep029 step011800 loss=0.5679 ce=1.2395 pair=0.0268 gap=0.0018 pre=1.2504 div=0.0062 risk=0.0204 time=35.9m
ep029 step011820 loss=0.5678 ce=1.2394 pair=0.0268 gap=0.0018 pre=1.2501 div=0.0061 risk=0.0203 time=36.0m
ep029 step011840 loss=0.5663 ce=1.2360 pair=0.0269 gap=0.0018 pre=1.2467 div=0.0061 risk=0.0203 time=36.0m
ep029 step011860 loss=0.5674 ce=1.2384 pair=0.0268 gap=0.0018 pre=1.2492 div=0.0061 risk=0.0202 time=36.0m
ep029 step011880 loss=0.5667 ce=1.2370 pair=0.0268 gap=0.0018 pre=1.2477 div=0.0061 risk=0.0203 time=36.1m
[eval epoch 29] macro_top1=0.4689 top2=0.7991 top3=0.9136 vs_sbs=-0.931% vbs_closed=+18.31%
          components: pre_top1=0.4671 gap_top1=0.4602 utility_top1=0.4646 corr(pre/final)=+0.961 corr(gap/final)=+0.971 corr(util/final)=+0.996
       TSP: top1=0.351 mean_cost=7.9193 (sbs=7.9578) vs_sbs=-0.48% pre=0.351 gap=0.338 util=0.352
      CVRP: top1=0.394 mean_cost=18.2689 (sbs=18.2943) vs_sbs=-0.14% pre=0.405 gap=0.334 util=0.385
      ATSP: top1=0.792 mean_cost=1.6355 (sbs=1.6735) vs_sbs=-2.27% pre=0.784 gap=0.793 util=0.791
      OVRP: top1=0.348 mean_cost=7.4565 (sbs=7.4617) vs_sbs=-0.07% pre=0.358 gap=0.364 util=0.352
      VRPB: top1=0.537 mean_cost=9.3605 (sbs=9.3403) vs_sbs=+0.22% pre=0.511 gap=0.528 util=0.544
      VRPL: top1=0.305 mean_cost=12.4084 (sbs=12.4072) vs_sbs=+0.01% pre=0.300 gap=0.304 util=0.310
     VRPTW: top1=0.463 mean_cost=17.8915 (sbs=18.6571) vs_sbs=-4.10% pre=0.460 gap=0.460 util=0.455
    OVRPTW: top1=0.494 mean_cost=10.0454 (sbs=10.0484) vs_sbs=-0.03% pre=0.502 gap=0.456 util=0.479
     OVRPB: top1=0.563 mean_cost=6.3411 (sbs=6.3220) vs_sbs=+0.30% pre=0.569 gap=0.549 util=0.560
     OVRPL: top1=0.367 mean_cost=7.4356 (sbs=7.4376) vs_sbs=-0.03% pre=0.357 gap=0.365 util=0.377
     VRPBL: top1=0.521 mean_cost=9.3880 (sbs=9.3593) vs_sbs=+0.31% pre=0.512 gap=0.500 util=0.527
    VRPBTW: top1=0.400 mean_cost=19.0781 (sbs=19.6697) vs_sbs=-3.01% pre=0.407 gap=0.438 util=0.390
    VRPLTW: top1=0.462 mean_cost=17.6351 (sbs=18.5091) vs_sbs=-4.72% pre=0.452 gap=0.461 util=0.453
    OVRPBL: top1=0.527 mean_cost=6.3170 (sbs=6.3103) vs_sbs=+0.11% pre=0.526 gap=0.528 util=0.526
   OVRPBTW: top1=0.499 mean_cost=10.5109 (sbs=10.5068) vs_sbs=+0.04% pre=0.490 gap=0.475 util=0.493
   OVRPLTW: top1=0.496 mean_cost=10.1302 (sbs=10.1272) vs_sbs=+0.03% pre=0.495 gap=0.470 util=0.469
   VRPBLTW: top1=0.431 mean_cost=18.9520 (sbs=19.5198) vs_sbs=-2.91% pre=0.417 gap=0.429 util=0.423
  OVRPBLTW: top1=0.490 mean_cost=10.5406 (sbs=10.5412) vs_sbs=-0.01% pre=0.512 gap=0.492 util=0.477
[save] best.pt epoch=29 score=0.4689
[test last] macro_top1=0.4588 top2=0.7917 top3=0.9114 vs_sbs=-0.878% vbs_closed=+15.99%
          components: pre_top1=0.4583 gap_top1=0.4514 utility_top1=0.4563 corr(pre/final)=+0.961 corr(gap/final)=+0.971 corr(util/final)=+0.996
       TSP: top1=0.357 mean_cost=8.0441 (sbs=8.0829) vs_sbs=-0.48% pre=0.354 gap=0.335 util=0.356
      CVRP: top1=0.349 mean_cost=18.3350 (sbs=18.3323) vs_sbs=+0.01% pre=0.353 gap=0.278 util=0.337
      ATSP: top1=0.771 mean_cost=1.6336 (sbs=1.6697) vs_sbs=-2.16% pre=0.771 gap=0.769 util=0.768
      OVRP: top1=0.335 mean_cost=7.4681 (sbs=7.4695) vs_sbs=-0.02% pre=0.327 gap=0.357 util=0.338
      VRPB: top1=0.503 mean_cost=9.3514 (sbs=9.2951) vs_sbs=+0.61% pre=0.486 gap=0.502 util=0.510
      VRPL: top1=0.283 mean_cost=12.3610 (sbs=12.3607) vs_sbs=+0.00% pre=0.287 gap=0.271 util=0.290
     VRPTW: top1=0.417 mean_cost=17.6512 (sbs=18.4357) vs_sbs=-4.26% pre=0.420 gap=0.407 util=0.411
    OVRPTW: top1=0.465 mean_cost=10.1180 (sbs=10.1233) vs_sbs=-0.05% pre=0.458 gap=0.454 util=0.467
     OVRPB: top1=0.534 mean_cost=6.3105 (sbs=6.2963) vs_sbs=+0.23% pre=0.577 gap=0.553 util=0.524
     OVRPL: top1=0.372 mean_cost=7.4478 (sbs=7.4537) vs_sbs=-0.08% pre=0.374 gap=0.371 util=0.373
     VRPBL: top1=0.549 mean_cost=9.2685 (sbs=9.2492) vs_sbs=+0.21% pre=0.534 gap=0.537 util=0.546
    VRPBTW: top1=0.411 mean_cost=19.0276 (sbs=19.5263) vs_sbs=-2.55% pre=0.417 gap=0.406 util=0.405
    VRPLTW: top1=0.441 mean_cost=17.6147 (sbs=18.4269) vs_sbs=-4.41% pre=0.450 gap=0.439 util=0.429
    OVRPBL: top1=0.562 mean_cost=6.3053 (sbs=6.3068) vs_sbs=-0.02% pre=0.559 gap=0.555 util=0.549
   OVRPBTW: top1=0.511 mean_cost=10.6177 (sbs=10.6090) vs_sbs=+0.08% pre=0.491 gap=0.474 util=0.516
   OVRPLTW: top1=0.483 mean_cost=10.1065 (sbs=10.1036) vs_sbs=+0.03% pre=0.494 gap=0.496 util=0.482
   VRPBLTW: top1=0.438 mean_cost=19.0936 (sbs=19.6770) vs_sbs=-2.96% pre=0.429 gap=0.435 util=0.435
  OVRPBLTW: top1=0.477 mean_cost=10.5953 (sbs=10.5928) vs_sbs=+0.02% pre=0.469 gap=0.487 util=0.477
[test best] macro_top1=0.4588 top2=0.7917 top3=0.9114 vs_sbs=-0.878% vbs_closed=+15.99%
          components: pre_top1=0.4583 gap_top1=0.4514 utility_top1=0.4563 corr(pre/final)=+0.961 corr(gap/final)=+0.971 corr(util/final)=+0.996
       TSP: top1=0.357 mean_cost=8.0441 (sbs=8.0829) vs_sbs=-0.48% pre=0.354 gap=0.335 util=0.356
      CVRP: top1=0.349 mean_cost=18.3350 (sbs=18.3323) vs_sbs=+0.01% pre=0.353 gap=0.278 util=0.337
      ATSP: top1=0.771 mean_cost=1.6336 (sbs=1.6697) vs_sbs=-2.16% pre=0.771 gap=0.769 util=0.768
      OVRP: top1=0.335 mean_cost=7.4681 (sbs=7.4695) vs_sbs=-0.02% pre=0.327 gap=0.357 util=0.338
      VRPB: top1=0.503 mean_cost=9.3514 (sbs=9.2951) vs_sbs=+0.61% pre=0.486 gap=0.502 util=0.510
      VRPL: top1=0.283 mean_cost=12.3610 (sbs=12.3607) vs_sbs=+0.00% pre=0.287 gap=0.271 util=0.290
     VRPTW: top1=0.417 mean_cost=17.6512 (sbs=18.4357) vs_sbs=-4.26% pre=0.420 gap=0.407 util=0.411
    OVRPTW: top1=0.465 mean_cost=10.1180 (sbs=10.1233) vs_sbs=-0.05% pre=0.458 gap=0.454 util=0.467
     OVRPB: top1=0.534 mean_cost=6.3105 (sbs=6.2963) vs_sbs=+0.23% pre=0.577 gap=0.553 util=0.524
     OVRPL: top1=0.372 mean_cost=7.4478 (sbs=7.4537) vs_sbs=-0.08% pre=0.374 gap=0.371 util=0.373
     VRPBL: top1=0.549 mean_cost=9.2685 (sbs=9.2492) vs_sbs=+0.21% pre=0.534 gap=0.537 util=0.546
    VRPBTW: top1=0.411 mean_cost=19.0276 (sbs=19.5263) vs_sbs=-2.55% pre=0.417 gap=0.406 util=0.405
    VRPLTW: top1=0.441 mean_cost=17.6147 (sbs=18.4269) vs_sbs=-4.41% pre=0.450 gap=0.439 util=0.429
    OVRPBL: top1=0.562 mean_cost=6.3053 (sbs=6.3068) vs_sbs=-0.02% pre=0.559 gap=0.555 util=0.549
   OVRPBTW: top1=0.511 mean_cost=10.6177 (sbs=10.6090) vs_sbs=+0.08% pre=0.491 gap=0.474 util=0.516
   OVRPLTW: top1=0.483 mean_cost=10.1065 (sbs=10.1036) vs_sbs=+0.03% pre=0.494 gap=0.496 util=0.482
   VRPBLTW: top1=0.438 mean_cost=19.0936 (sbs=19.6770) vs_sbs=-2.96% pre=0.429 gap=0.435 util=0.435
  OVRPBLTW: top1=0.477 mean_cost=10.5953 (sbs=10.5928) vs_sbs=+0.02% pre=0.469 gap=0.487 util=0.477
