[cache] TSP/train: 10000 instances, 45.0 MiB on cuda:0
[cache] CVRP/train: 10000 instances, 83.3 MiB on cuda:0
[cache] ATSP/train: 10000 instances, 384.5 MiB on cuda:0
[cache] OVRP/train: 10000 instances, 33.9 MiB on cuda:0
[cache] VRPB/train: 10000 instances, 33.9 MiB on cuda:0
[cache] VRPL/train: 10000 instances, 33.9 MiB on cuda:0
[cache] VRPTW/train: 10000 instances, 33.9 MiB on cuda:0
[cache] OVRPTW/train: 10000 instances, 33.9 MiB on cuda:0
[cache] OVRPB/train: 10000 instances, 33.9 MiB on cuda:0
[cache] OVRPL/train: 10000 instances, 33.9 MiB on cuda:0
[cache] VRPBL/train: 10000 instances, 33.9 MiB on cuda:0
[cache] VRPBTW/train: 10000 instances, 33.9 MiB on cuda:0
[cache] VRPLTW/train: 10000 instances, 33.9 MiB on cuda:0
[cache] OVRPBL/train: 10000 instances, 33.9 MiB on cuda:0
[cache] OVRPBTW/train: 10000 instances, 33.9 MiB on cuda:0
[cache] OVRPLTW/train: 10000 instances, 33.9 MiB on cuda:0
[cache] VRPBLTW/train: 10000 instances, 33.9 MiB on cuda:0
[cache] OVRPBLTW/train: 10000 instances, 33.9 MiB on cuda:0
[train] V4 dual-stream joint encoder + instance-query solver decoder (logits only)
[train] problems=['TSP', 'CVRP', 'ATSP', 'OVRP', 'VRPB', 'VRPL', 'VRPTW', 'OVRPTW', 'OVRPB', 'OVRPL', 'VRPBL', 'VRPBTW', 'VRPLTW', 'OVRPBL', 'OVRPBTW', 'OVRPLTW', 'VRPBLTW', 'OVRPBLTW']
[train] model_params={'embedding_dim': 128, 'head_num': 4, 'qkv_dim': 32, 'ff_hidden_dim': 512, 'head_hidden_dim': 256, 'encoder_layer_num': 4, 'solver_set_layer_num': 2, 'query_num': 4, 'dropout': 0.1, 'stats_dim': 12, 'rezero': False, 'gap_score_weight': 0.0, 'pre_score_weight': 0.0, 'support_branch': False, 'support_generators': 0, 'support_hidden': 128, 'support_score_weight': 0.0, 'support_score_mode': 'g0', 'support_g0_as_main': False, 'support_feature_to_token': True, 'support_main_utility_weight': 0.0, 'support_main_pre_weight': 0.0, 'support_main_gap_weight': 0.0, 'solver_feature_spec': {'feature_dim': 34, 'index_base': 0, 'feature_order': ['构造式', '扩散式', '坐标与节点属性', '成本矩阵', '图与边', 'MHA／Transformer', 'GNN', '矩阵双流注意力', '静态编码复用', '动态状态更新', '动态局部更新', '迭代去噪', '实例条件', '属性条件', '约束条件', '元学习任务条件', 'FFN 专家', 'LoRA 专家', '监督学习', '强化学习', '扩散训练', '单任务', '多任务', '元学习', '子问题重编码', '重解码器', '梯度引导搜索', '全局—局部双策略', '近邻成本输入', '伪 one-hot 输入', '统一矩阵表示', '全局分区与局部重构', '解码器 FFN 残差', '全局属性嵌入'], 'solver_active_indices': {'BQ': [0, 2, 5, 9, 18, 21, 24], 'LEHD': [0, 2, 5, 9, 18, 21, 25], 'DIFUSCO': [1, 4, 6, 11, 20, 21], 'DIFUSCO500': [1, 4, 6, 11, 20, 21], 'T2T': [1, 4, 6, 11, 20, 21, 26], 'T2T500': [1, 4, 6, 11, 20, 21, 26], 'ELG': [0, 2, 5, 8, 10, 19, 21, 27], 'OMNI': [0, 2, 5, 8, 15, 19, 23], 'ICAM': [0, 2, 5, 8, 12, 19, 21], 'ICAM_ATSP': [0, 3, 7, 8, 12, 19, 21, 28], 'MATNET': [0, 3, 7, 8, 19, 21], 'MATPOENET': [0, 3, 7, 8, 19, 21, 29], 'UNICO_MatPOENet': [0, 3, 7, 8, 19, 22, 29, 30], 'GLOP': [0, 3, 4, 6, 7, 19, 31], 'MTPOMO': [0, 2, 5, 8, 13, 19, 22], 'MVMOE': [0, 2, 5, 8, 13, 16, 19, 22], 'RELD_CVRP': [0, 2, 5, 8, 19, 21, 32], 'RELD_MTL': [0, 2, 5, 8, 13, 19, 22, 32], 'RELD_MOEL': [0, 2, 5, 8, 13, 16, 19, 22, 32], 'RouteFinder': [0, 2, 5, 8, 13, 19, 22, 33], 'MoSES_RF': [0, 2, 5, 8, 13, 17, 22, 33], 'MoSES_CaDA': [0, 2, 5, 8, 14, 17, 22]}, 'solver_names': ['BQ', 'DIFUSCO', 'DIFUSCO500', 'ELG', 'GLOP', 'ICAM', 'ICAM_ATSP', 'LEHD', 'MATNET', 'MATPOENET', 'MTPOMO', 'MVMOE', 'MoSES_CaDA', 'MoSES_RF', 'OMNI', 'RELD_CVRP', 'RELD_MOEL', 'RELD_MTL', 'RouteFinder', 'T2T', 'T2T500', 'UNICO_MatPOENet']}, 'solver_feature_weight': 1.0, 'solver_feature_hidden': 128, 'sdpa': True, 'architecture': 'dual_stream', 'joint_layer_num': 2}
wandb: Tracking run with wandb version 0.19.11
wandb: W&B syncing is set to `offline` in this directory. Run `wandb online` or set WANDB_MODE=online to enable cloud syncing.
/public/home/shiys/0selection2/code/V4/train.py:721: FutureWarning: `torch.cuda.amp.GradScaler(args...)` is deprecated. Please use `torch.amp.GradScaler('cuda', args...)` instead.
  scaler = torch.cuda.amp.GradScaler(enabled=args.amp)
/public/home/shiys/0selection2/code/V4/train.py:757: FutureWarning: `torch.cuda.amp.autocast(args...)` is deprecated. Please use `torch.amp.autocast('cuda', args...)` instead.
  with torch.cuda.amp.autocast(enabled=args.amp, dtype=amp_dtype):
ep000 step000050 loss=0.8049 ce=1.7837 pair=0.1612 topk_ce=1.6305 risk=0.0921 samples/s=7160 peak_GiB=17.27 time=0.1m
ep000 step000100 loss=0.7954 ce=1.7697 pair=0.1530 topk_ce=1.6048 risk=0.0853 samples/s=7232 peak_GiB=17.27 time=0.1m
ep000 step000150 loss=0.7860 ce=1.7518 pair=0.1486 topk_ce=1.5825 risk=0.0818 samples/s=8581 peak_GiB=17.27 time=0.2m
ep000 step000200 loss=0.7845 ce=1.7503 pair=0.1468 topk_ce=1.5788 risk=0.0795 samples/s=6758 peak_GiB=17.27 time=0.3m
ep000 step000250 loss=0.7782 ce=1.7382 pair=0.1443 topk_ce=1.5622 risk=0.0786 samples/s=9435 peak_GiB=17.27 time=0.3m
[cache] TSP/val: 1000 instances, 4.5 MiB on cuda:0
[cache] CVRP/val: 1000 instances, 8.3 MiB on cuda:0
[cache] ATSP/val: 1000 instances, 38.4 MiB on cuda:0
[cache] OVRP/val: 1000 instances, 3.4 MiB on cuda:0
[cache] VRPB/val: 1000 instances, 3.4 MiB on cuda:0
[cache] VRPL/val: 1000 instances, 3.4 MiB on cuda:0
[cache] VRPTW/val: 1000 instances, 3.4 MiB on cuda:0
[cache] OVRPTW/val: 1000 instances, 3.4 MiB on cuda:0
[cache] OVRPB/val: 1000 instances, 3.4 MiB on cuda:0
[cache] OVRPL/val: 1000 instances, 3.4 MiB on cuda:0
[cache] VRPBL/val: 1000 instances, 3.4 MiB on cuda:0
[cache] VRPBTW/val: 1000 instances, 3.4 MiB on cuda:0
[cache] VRPLTW/val: 1000 instances, 3.4 MiB on cuda:0
[cache] OVRPBL/val: 1000 instances, 3.4 MiB on cuda:0
[cache] OVRPBTW/val: 1000 instances, 3.4 MiB on cuda:0
[cache] OVRPLTW/val: 1000 instances, 3.4 MiB on cuda:0
[cache] VRPBLTW/val: 1000 instances, 3.4 MiB on cuda:0
[cache] OVRPBLTW/val: 1000 instances, 3.4 MiB on cuda:0
[eval epoch 0] macro_top1=0.3619 top2=0.6588 top3=0.7713 vs_sbs=+0.355% vbs_closed=-39.06%
       TSP: top1=0.290 mean_cost=7.9953 (sbs=7.9578) vs_sbs=+0.47%
      CVRP: top1=0.219 mean_cost=18.2943 (sbs=18.2943) vs_sbs=-0.00%
      ATSP: top1=0.489 mean_cost=1.6735 (sbs=1.6735) vs_sbs=-0.00%
      OVRP: top1=0.085 mean_cost=7.5915 (sbs=7.4617) vs_sbs=+1.74%
      VRPB: top1=0.504 mean_cost=9.3403 (sbs=9.3403) vs_sbs=+0.00%
      VRPL: top1=0.117 mean_cost=12.5087 (sbs=12.4072) vs_sbs=+0.82%
     VRPTW: top1=0.236 mean_cost=18.8505 (sbs=18.6571) vs_sbs=+1.04%
    OVRPTW: top1=0.476 mean_cost=10.0484 (sbs=10.0484) vs_sbs=+0.00%
     OVRPB: top1=0.545 mean_cost=6.3220 (sbs=6.3220) vs_sbs=+0.00%
     OVRPL: top1=0.068 mean_cost=7.5832 (sbs=7.4376) vs_sbs=+1.96%
     VRPBL: top1=0.528 mean_cost=9.3593 (sbs=9.3593) vs_sbs=+0.00%
    VRPBTW: top1=0.372 mean_cost=19.6697 (sbs=19.6697) vs_sbs=+0.00%
    VRPLTW: top1=0.257 mean_cost=18.5770 (sbs=18.5091) vs_sbs=+0.37%
    OVRPBL: top1=0.555 mean_cost=6.3103 (sbs=6.3103) vs_sbs=+0.00%
   OVRPBTW: top1=0.461 mean_cost=10.5068 (sbs=10.5068) vs_sbs=-0.00%
   OVRPLTW: top1=0.494 mean_cost=10.1272 (sbs=10.1272) vs_sbs=-0.00%
   VRPBLTW: top1=0.347 mean_cost=19.5198 (sbs=19.5198) vs_sbs=-0.00%
  OVRPBLTW: top1=0.471 mean_cost=10.5412 (sbs=10.5412) vs_sbs=-0.00%
[save] best.pt epoch=0 score=0.2731
[save] best_top1.pt epoch=0 top1=0.3619
[save] best_top3_safe.pt epoch=0 score=0.6826
[save] best_cost.pt epoch=0 vs_sbs=+0.355%
ep001 step000300 loss=0.7390 ce=1.6590 pair=0.1299 topk_ce=1.4744 risk=0.0681 samples/s=3080 peak_GiB=17.37 time=0.5m
ep001 step000350 loss=0.7485 ce=1.6828 pair=0.1332 topk_ce=1.4766 risk=0.0692 samples/s=7870 peak_GiB=17.37 time=0.6m
ep001 step000400 loss=0.7373 ce=1.6633 pair=0.1269 topk_ce=1.4471 risk=0.0666 samples/s=8592 peak_GiB=17.37 time=0.6m
ep001 step000450 loss=0.7240 ce=1.6373 pair=0.1221 topk_ce=1.4132 risk=0.0638 samples/s=8581 peak_GiB=17.37 time=0.7m
ep001 step000500 loss=0.7116 ce=1.6115 pair=0.1184 topk_ce=1.3860 risk=0.0615 samples/s=8589 peak_GiB=17.37 time=0.8m
[eval epoch 1] macro_top1=0.4075 top2=0.7396 top3=0.8607 vs_sbs=+0.003% vbs_closed=-1.36%
       TSP: top1=0.290 mean_cost=7.9953 (sbs=7.9578) vs_sbs=+0.47%
      CVRP: top1=0.212 mean_cost=18.2994 (sbs=18.2943) vs_sbs=+0.03%
      ATSP: top1=0.489 mean_cost=1.6735 (sbs=1.6735) vs_sbs=-0.00%
      OVRP: top1=0.381 mean_cost=7.4542 (sbs=7.4617) vs_sbs=-0.10%
      VRPB: top1=0.504 mean_cost=9.3403 (sbs=9.3403) vs_sbs=+0.00%
      VRPL: top1=0.285 mean_cost=12.4079 (sbs=12.4072) vs_sbs=+0.01%
     VRPTW: top1=0.249 mean_cost=18.7026 (sbs=18.6571) vs_sbs=+0.24%
    OVRPTW: top1=0.498 mean_cost=10.0458 (sbs=10.0484) vs_sbs=-0.03%
     OVRPB: top1=0.545 mean_cost=6.3220 (sbs=6.3220) vs_sbs=+0.00%
     OVRPL: top1=0.363 mean_cost=7.4374 (sbs=7.4376) vs_sbs=-0.00%
     VRPBL: top1=0.528 mean_cost=9.3593 (sbs=9.3593) vs_sbs=+0.00%
    VRPBTW: top1=0.375 mean_cost=19.6782 (sbs=19.6697) vs_sbs=+0.04%
    VRPLTW: top1=0.307 mean_cost=18.2900 (sbs=18.5091) vs_sbs=-1.18%
    OVRPBL: top1=0.555 mean_cost=6.3103 (sbs=6.3103) vs_sbs=+0.00%
   OVRPBTW: top1=0.471 mean_cost=10.5029 (sbs=10.5068) vs_sbs=-0.04%
   OVRPLTW: top1=0.494 mean_cost=10.1273 (sbs=10.1272) vs_sbs=+0.00%
   VRPBLTW: top1=0.295 mean_cost=19.6463 (sbs=19.5198) vs_sbs=+0.65%
  OVRPBLTW: top1=0.494 mean_cost=10.5376 (sbs=10.5412) vs_sbs=-0.03%
[save] best.pt epoch=1 score=0.4067
[save] best_top1.pt epoch=1 top1=0.4075
[save] best_top3_safe.pt epoch=1 score=0.8599
[save] best_cost.pt epoch=1 vs_sbs=+0.003%
ep002 step000550 loss=0.6727 ce=1.5323 pair=0.1035 topk_ce=1.3067 risk=0.0406 samples/s=5412 peak_GiB=17.37 time=0.9m
ep002 step000600 loss=0.6523 ce=1.4869 pair=0.1002 topk_ce=1.2613 risk=0.0475 samples/s=8314 peak_GiB=17.37 time=0.9m
ep002 step000650 loss=0.6469 ce=1.4767 pair=0.0974 topk_ce=1.2486 risk=0.0458 samples/s=8588 peak_GiB=17.37 time=1.0m
ep002 step000700 loss=0.6470 ce=1.4779 pair=0.0971 topk_ce=1.2457 risk=0.0453 samples/s=9430 peak_GiB=17.37 time=1.1m
ep002 step000750 loss=0.6469 ce=1.4782 pair=0.0965 topk_ce=1.2464 risk=0.0445 samples/s=7270 peak_GiB=17.37 time=1.1m
ep002 step000800 loss=0.6485 ce=1.4818 pair=0.0966 topk_ce=1.2501 risk=0.0444 samples/s=7872 peak_GiB=17.37 time=1.2m
[eval epoch 2] macro_top1=0.4172 top2=0.7508 top3=0.8754 vs_sbs=-0.174% vbs_closed=+0.24%
       TSP: top1=0.290 mean_cost=7.9947 (sbs=7.9578) vs_sbs=+0.46%
      CVRP: top1=0.272 mean_cost=18.3564 (sbs=18.2943) vs_sbs=+0.34%
      ATSP: top1=0.594 mean_cost=1.6467 (sbs=1.6735) vs_sbs=-1.60%
      OVRP: top1=0.325 mean_cost=7.4661 (sbs=7.4617) vs_sbs=+0.06%
      VRPB: top1=0.507 mean_cost=9.3379 (sbs=9.3403) vs_sbs=-0.03%
      VRPL: top1=0.314 mean_cost=12.4042 (sbs=12.4072) vs_sbs=-0.02%
     VRPTW: top1=0.297 mean_cost=18.5242 (sbs=18.6571) vs_sbs=-0.71%
    OVRPTW: top1=0.491 mean_cost=10.0482 (sbs=10.0484) vs_sbs=-0.00%
     OVRPB: top1=0.507 mean_cost=6.3320 (sbs=6.3220) vs_sbs=+0.16%
     OVRPL: top1=0.333 mean_cost=7.4458 (sbs=7.4376) vs_sbs=+0.11%
     VRPBL: top1=0.530 mean_cost=9.3577 (sbs=9.3593) vs_sbs=-0.02%
    VRPBTW: top1=0.344 mean_cost=19.6594 (sbs=19.6697) vs_sbs=-0.05%
    VRPLTW: top1=0.313 mean_cost=18.2069 (sbs=18.5091) vs_sbs=-1.63%
    OVRPBL: top1=0.562 mean_cost=6.3088 (sbs=6.3103) vs_sbs=-0.02%
   OVRPBTW: top1=0.492 mean_cost=10.5046 (sbs=10.5068) vs_sbs=-0.02%
   OVRPLTW: top1=0.486 mean_cost=10.1308 (sbs=10.1272) vs_sbs=+0.04%
   VRPBLTW: top1=0.366 mean_cost=19.4830 (sbs=19.5198) vs_sbs=-0.19%
  OVRPBLTW: top1=0.487 mean_cost=10.5410 (sbs=10.5412) vs_sbs=-0.00%
[save] best.pt epoch=2 score=0.4172
[save] best_top1.pt epoch=2 top1=0.4172
[save] best_top3_safe.pt epoch=2 score=0.8754
[save] best_cost.pt epoch=2 vs_sbs=-0.174%
ep003 step000850 loss=0.6268 ce=1.4354 pair=0.0898 topk_ce=1.2086 risk=0.0409 samples/s=6291 peak_GiB=17.37 time=1.3m
ep003 step000900 loss=0.6316 ce=1.4469 pair=0.0904 topk_ce=1.2157 risk=0.0400 samples/s=7869 peak_GiB=17.37 time=1.3m
ep003 step000950 loss=0.6361 ce=1.4542 pair=0.0934 topk_ce=1.2290 risk=0.0411 samples/s=7872 peak_GiB=17.37 time=1.4m
ep003 step001000 loss=0.6381 ce=1.4594 pair=0.0932 topk_ce=1.2319 risk=0.0408 samples/s=8576 peak_GiB=17.37 time=1.5m
ep003 step001050 loss=0.6367 ce=1.4562 pair=0.0928 topk_ce=1.2295 risk=0.0410 samples/s=7864 peak_GiB=17.37 time=1.5m
[eval epoch 3] macro_top1=0.4239 top2=0.7611 top3=0.8857 vs_sbs=-0.392% vbs_closed=+2.05%
       TSP: top1=0.291 mean_cost=7.9863 (sbs=7.9578) vs_sbs=+0.36%
      CVRP: top1=0.241 mean_cost=18.5199 (sbs=18.2943) vs_sbs=+1.23%
      ATSP: top1=0.720 mean_cost=1.6381 (sbs=1.6735) vs_sbs=-2.12%
      OVRP: top1=0.302 mean_cost=7.4617 (sbs=7.4617) vs_sbs=+0.00%
      VRPB: top1=0.542 mean_cost=9.3417 (sbs=9.3403) vs_sbs=+0.02%
      VRPL: top1=0.276 mean_cost=12.4085 (sbs=12.4072) vs_sbs=+0.01%
     VRPTW: top1=0.294 mean_cost=18.3942 (sbs=18.6571) vs_sbs=-1.41%
    OVRPTW: top1=0.485 mean_cost=10.0482 (sbs=10.0484) vs_sbs=-0.00%
     OVRPB: top1=0.533 mean_cost=6.3292 (sbs=6.3220) vs_sbs=+0.11%
     OVRPL: top1=0.334 mean_cost=7.4376 (sbs=7.4376) vs_sbs=+0.00%
     VRPBL: top1=0.526 mean_cost=9.3601 (sbs=9.3593) vs_sbs=+0.01%
    VRPBTW: top1=0.385 mean_cost=19.4350 (sbs=19.6697) vs_sbs=-1.19%
    VRPLTW: top1=0.348 mean_cost=17.9403 (sbs=18.5091) vs_sbs=-3.07%
    OVRPBL: top1=0.555 mean_cost=6.3095 (sbs=6.3103) vs_sbs=-0.01%
   OVRPBTW: top1=0.464 mean_cost=10.5056 (sbs=10.5068) vs_sbs=-0.01%
   OVRPLTW: top1=0.501 mean_cost=10.1283 (sbs=10.1272) vs_sbs=+0.01%
   VRPBLTW: top1=0.352 mean_cost=19.3277 (sbs=19.5198) vs_sbs=-0.98%
  OVRPBLTW: top1=0.482 mean_cost=10.5405 (sbs=10.5412) vs_sbs=-0.01%
[save] best.pt epoch=3 score=0.4239
[save] best_top1.pt epoch=3 top1=0.4239
[save] best_top3_safe.pt epoch=3 score=0.8857
[save] best_cost.pt epoch=3 vs_sbs=-0.392%
ep004 step001100 loss=0.6111 ce=1.4054 pair=0.0819 topk_ce=1.1746 risk=0.0346 samples/s=6243 peak_GiB=17.37 time=1.6m
ep004 step001150 loss=0.6216 ce=1.4258 pair=0.0857 topk_ce=1.2016 risk=0.0358 samples/s=7864 peak_GiB=17.37 time=1.7m
ep004 step001200 loss=0.6172 ce=1.4161 pair=0.0848 topk_ce=1.1931 risk=0.0357 samples/s=8591 peak_GiB=17.37 time=1.8m
ep004 step001250 loss=0.6127 ce=1.4070 pair=0.0837 topk_ce=1.1800 risk=0.0349 samples/s=8596 peak_GiB=17.37 time=1.8m
ep004 step001300 loss=0.6152 ce=1.4123 pair=0.0841 topk_ce=1.1865 risk=0.0348 samples/s=7267 peak_GiB=17.37 time=1.9m
ep004 step001350 loss=0.6116 ce=1.4046 pair=0.0832 topk_ce=1.1789 risk=0.0342 samples/s=8587 peak_GiB=17.37 time=2.0m
[eval epoch 4] macro_top1=0.4367 top2=0.7770 top3=0.8948 vs_sbs=-0.669% vbs_closed=+12.45%
       TSP: top1=0.314 mean_cost=7.9494 (sbs=7.9578) vs_sbs=-0.10%
      CVRP: top1=0.297 mean_cost=18.4006 (sbs=18.2943) vs_sbs=+0.58%
      ATSP: top1=0.684 mean_cost=1.6409 (sbs=1.6735) vs_sbs=-1.95%
      OVRP: top1=0.321 mean_cost=7.4606 (sbs=7.4617) vs_sbs=-0.01%
      VRPB: top1=0.555 mean_cost=9.3376 (sbs=9.3403) vs_sbs=-0.03%
      VRPL: top1=0.284 mean_cost=12.4067 (sbs=12.4072) vs_sbs=-0.00%
     VRPTW: top1=0.382 mean_cost=18.0557 (sbs=18.6571) vs_sbs=-3.22%
    OVRPTW: top1=0.483 mean_cost=10.0488 (sbs=10.0484) vs_sbs=+0.00%
     OVRPB: top1=0.540 mean_cost=6.3248 (sbs=6.3220) vs_sbs=+0.04%
     OVRPL: top1=0.351 mean_cost=7.4416 (sbs=7.4376) vs_sbs=+0.05%
     VRPBL: top1=0.530 mean_cost=9.3590 (sbs=9.3593) vs_sbs=-0.00%
    VRPBTW: top1=0.377 mean_cost=19.2523 (sbs=19.6697) vs_sbs=-2.12%
    VRPLTW: top1=0.369 mean_cost=17.8365 (sbs=18.5091) vs_sbs=-3.63%
    OVRPBL: top1=0.555 mean_cost=6.3103 (sbs=6.3103) vs_sbs=+0.00%
   OVRPBTW: top1=0.491 mean_cost=10.5078 (sbs=10.5068) vs_sbs=+0.01%
   OVRPLTW: top1=0.481 mean_cost=10.1289 (sbs=10.1272) vs_sbs=+0.02%
   VRPBLTW: top1=0.359 mean_cost=19.2005 (sbs=19.5198) vs_sbs=-1.64%
  OVRPBLTW: top1=0.488 mean_cost=10.5383 (sbs=10.5412) vs_sbs=-0.03%
[save] best.pt epoch=4 score=0.4367
[save] best_top1.pt epoch=4 top1=0.4367
[save] best_top3_safe.pt epoch=4 score=0.8948
[save] best_cost.pt epoch=4 vs_sbs=-0.669%
ep005 step001400 loss=0.6090 ce=1.4007 pair=0.0803 topk_ce=1.1758 risk=0.0316 samples/s=5891 peak_GiB=17.37 time=2.0m
ep005 step001450 loss=0.6001 ce=1.3795 pair=0.0798 topk_ce=1.1586 risk=0.0322 samples/s=9446 peak_GiB=17.37 time=2.1m
ep005 step001500 loss=0.6024 ce=1.3848 pair=0.0803 topk_ce=1.1623 risk=0.0322 samples/s=7874 peak_GiB=17.37 time=2.2m
ep005 step001550 loss=0.6020 ce=1.3850 pair=0.0796 topk_ce=1.1594 risk=0.0315 samples/s=7879 peak_GiB=17.37 time=2.2m
ep005 step001600 loss=0.5998 ce=1.3802 pair=0.0788 topk_ce=1.1559 risk=0.0307 samples/s=7871 peak_GiB=17.37 time=2.3m
[eval epoch 5] macro_top1=0.4362 top2=0.7698 top3=0.8942 vs_sbs=-0.760% vbs_closed=+17.97%
       TSP: top1=0.282 mean_cost=7.9412 (sbs=7.9578) vs_sbs=-0.21%
      CVRP: top1=0.316 mean_cost=18.3051 (sbs=18.2943) vs_sbs=+0.06%
      ATSP: top1=0.730 mean_cost=1.6376 (sbs=1.6735) vs_sbs=-2.14%
      OVRP: top1=0.324 mean_cost=7.4604 (sbs=7.4617) vs_sbs=-0.02%
      VRPB: top1=0.550 mean_cost=9.3358 (sbs=9.3403) vs_sbs=-0.05%
      VRPL: top1=0.284 mean_cost=12.4112 (sbs=12.4072) vs_sbs=+0.03%
     VRPTW: top1=0.375 mean_cost=18.0072 (sbs=18.6571) vs_sbs=-3.48%
    OVRPTW: top1=0.483 mean_cost=10.0449 (sbs=10.0484) vs_sbs=-0.03%
     OVRPB: top1=0.553 mean_cost=6.3220 (sbs=6.3220) vs_sbs=+0.00%
     OVRPL: top1=0.383 mean_cost=7.4340 (sbs=7.4376) vs_sbs=-0.05%
     VRPBL: top1=0.540 mean_cost=9.3563 (sbs=9.3593) vs_sbs=-0.03%
    VRPBTW: top1=0.347 mean_cost=19.2776 (sbs=19.6697) vs_sbs=-1.99%
    VRPLTW: top1=0.361 mean_cost=17.7573 (sbs=18.5091) vs_sbs=-4.06%
    OVRPBL: top1=0.523 mean_cost=6.3126 (sbs=6.3103) vs_sbs=+0.04%
   OVRPBTW: top1=0.499 mean_cost=10.4982 (sbs=10.5068) vs_sbs=-0.08%
   OVRPLTW: top1=0.486 mean_cost=10.1301 (sbs=10.1272) vs_sbs=+0.03%
   VRPBLTW: top1=0.336 mean_cost=19.1884 (sbs=19.5198) vs_sbs=-1.70%
  OVRPBLTW: top1=0.480 mean_cost=10.5436 (sbs=10.5412) vs_sbs=+0.02%
[save] best_cost.pt epoch=5 vs_sbs=-0.760%
ep006 step001650 loss=0.5843 ce=1.3467 pair=0.0744 topk_ce=1.1263 risk=0.0288 samples/s=6572 peak_GiB=17.37 time=2.4m
ep006 step001700 loss=0.5932 ce=1.3656 pair=0.0768 topk_ce=1.1449 risk=0.0296 samples/s=7889 peak_GiB=17.37 time=2.5m
ep006 step001750 loss=0.5977 ce=1.3751 pair=0.0780 topk_ce=1.1560 risk=0.0293 samples/s=7257 peak_GiB=17.37 time=2.5m
ep006 step001800 loss=0.5997 ce=1.3795 pair=0.0788 topk_ce=1.1574 risk=0.0302 samples/s=9426 peak_GiB=17.37 time=2.6m
ep006 step001850 loss=0.5950 ce=1.3697 pair=0.0776 topk_ce=1.1470 risk=0.0300 samples/s=9439 peak_GiB=17.37 time=2.6m
[eval epoch 6] macro_top1=0.4322 top2=0.7798 top3=0.8981 vs_sbs=-0.597% vbs_closed=+10.12%
       TSP: top1=0.319 mean_cost=7.9354 (sbs=7.9578) vs_sbs=-0.28%
      CVRP: top1=0.312 mean_cost=18.3767 (sbs=18.2943) vs_sbs=+0.45%
      ATSP: top1=0.536 mean_cost=1.6866 (sbs=1.6735) vs_sbs=+0.78%
      OVRP: top1=0.319 mean_cost=7.4598 (sbs=7.4617) vs_sbs=-0.02%
      VRPB: top1=0.543 mean_cost=9.3358 (sbs=9.3403) vs_sbs=-0.05%
      VRPL: top1=0.299 mean_cost=12.4061 (sbs=12.4072) vs_sbs=-0.01%
     VRPTW: top1=0.384 mean_cost=18.0221 (sbs=18.6571) vs_sbs=-3.40%
    OVRPTW: top1=0.483 mean_cost=10.0468 (sbs=10.0484) vs_sbs=-0.02%
     OVRPB: top1=0.557 mean_cost=6.3202 (sbs=6.3220) vs_sbs=-0.03%
     OVRPL: top1=0.333 mean_cost=7.4458 (sbs=7.4376) vs_sbs=+0.11%
     VRPBL: top1=0.542 mean_cost=9.3547 (sbs=9.3593) vs_sbs=-0.05%
    VRPBTW: top1=0.370 mean_cost=19.2390 (sbs=19.6697) vs_sbs=-2.19%
    VRPLTW: top1=0.389 mean_cost=17.7690 (sbs=18.5091) vs_sbs=-4.00%
    OVRPBL: top1=0.552 mean_cost=6.3091 (sbs=6.3103) vs_sbs=-0.02%
   OVRPBTW: top1=0.494 mean_cost=10.5000 (sbs=10.5068) vs_sbs=-0.06%
   OVRPLTW: top1=0.476 mean_cost=10.1309 (sbs=10.1272) vs_sbs=+0.04%
   VRPBLTW: top1=0.389 mean_cost=19.1225 (sbs=19.5198) vs_sbs=-2.04%
  OVRPBLTW: top1=0.482 mean_cost=10.5454 (sbs=10.5412) vs_sbs=+0.04%
[save] best_top3_safe.pt epoch=6 score=0.8981
ep007 step001900 loss=0.6306 ce=1.4510 pair=0.0836 topk_ce=1.2136 risk=0.0284 samples/s=5776 peak_GiB=17.37 time=2.7m
ep007 step001950 loss=0.5868 ce=1.3519 pair=0.0751 topk_ce=1.1318 risk=0.0289 samples/s=8601 peak_GiB=17.37 time=2.8m
ep007 step002000 loss=0.5876 ce=1.3542 pair=0.0748 topk_ce=1.1329 risk=0.0283 samples/s=7891 peak_GiB=17.37 time=2.9m
ep007 step002050 loss=0.5872 ce=1.3540 pair=0.0744 topk_ce=1.1302 risk=0.0277 samples/s=7889 peak_GiB=17.37 time=2.9m
ep007 step002100 loss=0.5866 ce=1.3520 pair=0.0745 topk_ce=1.1308 risk=0.0280 samples/s=8593 peak_GiB=17.37 time=3.0m
ep007 step002150 loss=0.5890 ce=1.3572 pair=0.0752 topk_ce=1.1356 risk=0.0278 samples/s=7864 peak_GiB=17.37 time=3.1m
[eval epoch 7] macro_top1=0.4419 top2=0.7789 top3=0.8924 vs_sbs=-0.607% vbs_closed=+14.59%
       TSP: top1=0.308 mean_cost=7.9457 (sbs=7.9578) vs_sbs=-0.15%
      CVRP: top1=0.312 mean_cost=18.3350 (sbs=18.2943) vs_sbs=+0.22%
      ATSP: top1=0.756 mean_cost=1.6365 (sbs=1.6735) vs_sbs=-2.21%
      OVRP: top1=0.348 mean_cost=7.4567 (sbs=7.4617) vs_sbs=-0.07%
      VRPB: top1=0.557 mean_cost=9.3339 (sbs=9.3403) vs_sbs=-0.07%
      VRPL: top1=0.293 mean_cost=12.4068 (sbs=12.4072) vs_sbs=-0.00%
     VRPTW: top1=0.347 mean_cost=18.1124 (sbs=18.6571) vs_sbs=-2.92%
    OVRPTW: top1=0.478 mean_cost=10.0491 (sbs=10.0484) vs_sbs=+0.01%
     OVRPB: top1=0.547 mean_cost=6.3233 (sbs=6.3220) vs_sbs=+0.02%
     OVRPL: top1=0.362 mean_cost=7.4379 (sbs=7.4376) vs_sbs=+0.00%
     VRPBL: top1=0.537 mean_cost=9.3561 (sbs=9.3593) vs_sbs=-0.03%
    VRPBTW: top1=0.391 mean_cost=19.3173 (sbs=19.6697) vs_sbs=-1.79%
    VRPLTW: top1=0.358 mean_cost=18.0529 (sbs=18.5091) vs_sbs=-2.46%
    OVRPBL: top1=0.528 mean_cost=6.3088 (sbs=6.3103) vs_sbs=-0.02%
   OVRPBTW: top1=0.494 mean_cost=10.5054 (sbs=10.5068) vs_sbs=-0.01%
   OVRPLTW: top1=0.481 mean_cost=10.1297 (sbs=10.1272) vs_sbs=+0.02%
   VRPBLTW: top1=0.364 mean_cost=19.2346 (sbs=19.5198) vs_sbs=-1.46%
  OVRPBLTW: top1=0.493 mean_cost=10.5411 (sbs=10.5412) vs_sbs=-0.00%
[save] best.pt epoch=7 score=0.4419
[save] best_top1.pt epoch=7 top1=0.4419
ep008 step002200 loss=0.5777 ce=1.3316 pair=0.0734 topk_ce=1.1133 risk=0.0272 samples/s=6477 peak_GiB=17.37 time=3.1m
ep008 step002250 loss=0.5761 ce=1.3292 pair=0.0718 topk_ce=1.1104 risk=0.0259 samples/s=7876 peak_GiB=17.37 time=3.2m
ep008 step002300 loss=0.5764 ce=1.3303 pair=0.0715 topk_ce=1.1108 risk=0.0253 samples/s=7867 peak_GiB=17.37 time=3.3m
ep008 step002350 loss=0.5749 ce=1.3274 pair=0.0710 topk_ce=1.1067 risk=0.0252 samples/s=7866 peak_GiB=17.37 time=3.3m
ep008 step002400 loss=0.5745 ce=1.3266 pair=0.0706 topk_ce=1.1057 risk=0.0251 samples/s=9433 peak_GiB=17.37 time=3.4m
[eval epoch 8] macro_top1=0.4535 top2=0.7918 top3=0.9048 vs_sbs=-0.896% vbs_closed=+22.03%
       TSP: top1=0.321 mean_cost=7.9324 (sbs=7.9578) vs_sbs=-0.32%
      CVRP: top1=0.314 mean_cost=18.3155 (sbs=18.2943) vs_sbs=+0.12%
      ATSP: top1=0.767 mean_cost=1.6369 (sbs=1.6735) vs_sbs=-2.19%
      OVRP: top1=0.318 mean_cost=7.4588 (sbs=7.4617) vs_sbs=-0.04%
      VRPB: top1=0.550 mean_cost=9.3338 (sbs=9.3403) vs_sbs=-0.07%
      VRPL: top1=0.299 mean_cost=12.4073 (sbs=12.4072) vs_sbs=+0.00%
     VRPTW: top1=0.415 mean_cost=17.9526 (sbs=18.6571) vs_sbs=-3.78%
    OVRPTW: top1=0.488 mean_cost=10.0455 (sbs=10.0484) vs_sbs=-0.03%
     OVRPB: top1=0.547 mean_cost=6.3234 (sbs=6.3220) vs_sbs=+0.02%
     OVRPL: top1=0.387 mean_cost=7.4358 (sbs=7.4376) vs_sbs=-0.02%
     VRPBL: top1=0.543 mean_cost=9.3535 (sbs=9.3593) vs_sbs=-0.06%
    VRPBTW: top1=0.400 mean_cost=19.1402 (sbs=19.6697) vs_sbs=-2.69%
    VRPLTW: top1=0.423 mean_cost=17.6936 (sbs=18.5091) vs_sbs=-4.41%
    OVRPBL: top1=0.533 mean_cost=6.3078 (sbs=6.3103) vs_sbs=-0.04%
   OVRPBTW: top1=0.495 mean_cost=10.5022 (sbs=10.5068) vs_sbs=-0.04%
   OVRPLTW: top1=0.483 mean_cost=10.1272 (sbs=10.1272) vs_sbs=-0.00%
   VRPBLTW: top1=0.390 mean_cost=19.0218 (sbs=19.5198) vs_sbs=-2.55%
  OVRPBLTW: top1=0.490 mean_cost=10.5375 (sbs=10.5412) vs_sbs=-0.04%
[save] best.pt epoch=8 score=0.4535
[save] best_top1.pt epoch=8 top1=0.4535
[save] best_top3_safe.pt epoch=8 score=0.9048
[save] best_cost.pt epoch=8 vs_sbs=-0.896%
ep009 step002450 loss=0.5498 ce=1.2727 pair=0.0647 topk_ce=1.0558 risk=0.0240 samples/s=5867 peak_GiB=17.37 time=3.5m
ep009 step002500 loss=0.5653 ce=1.3057 pair=0.0685 topk_ce=1.0901 risk=0.0243 samples/s=8599 peak_GiB=17.37 time=3.6m
ep009 step002550 loss=0.5699 ce=1.3165 pair=0.0697 topk_ce=1.0965 risk=0.0243 samples/s=7879 peak_GiB=17.37 time=3.6m
ep009 step002600 loss=0.5706 ce=1.3182 pair=0.0696 topk_ce=1.0991 risk=0.0244 samples/s=7871 peak_GiB=17.37 time=3.7m
ep009 step002650 loss=0.5715 ce=1.3204 pair=0.0696 topk_ce=1.0998 risk=0.0243 samples/s=8594 peak_GiB=17.37 time=3.8m
ep009 step002700 loss=0.5712 ce=1.3197 pair=0.0695 topk_ce=1.0996 risk=0.0245 samples/s=7872 peak_GiB=17.37 time=3.8m
[eval epoch 9] macro_top1=0.4338 top2=0.7528 top3=0.8876 vs_sbs=-0.652% vbs_closed=+15.53%
       TSP: top1=0.317 mean_cost=7.9305 (sbs=7.9578) vs_sbs=-0.34%
      CVRP: top1=0.302 mean_cost=18.3272 (sbs=18.2943) vs_sbs=+0.18%
      ATSP: top1=0.768 mean_cost=1.6366 (sbs=1.6735) vs_sbs=-2.20%
      OVRP: top1=0.368 mean_cost=7.4555 (sbs=7.4617) vs_sbs=-0.08%
      VRPB: top1=0.548 mean_cost=9.3333 (sbs=9.3403) vs_sbs=-0.07%
      VRPL: top1=0.296 mean_cost=12.4064 (sbs=12.4072) vs_sbs=-0.01%
     VRPTW: top1=0.336 mean_cost=18.0907 (sbs=18.6571) vs_sbs=-3.04%
    OVRPTW: top1=0.472 mean_cost=10.0520 (sbs=10.0484) vs_sbs=+0.04%
     OVRPB: top1=0.555 mean_cost=6.3224 (sbs=6.3220) vs_sbs=+0.01%
     OVRPL: top1=0.388 mean_cost=7.4359 (sbs=7.4376) vs_sbs=-0.02%
     VRPBL: top1=0.545 mean_cost=9.3543 (sbs=9.3593) vs_sbs=-0.05%
    VRPBTW: top1=0.313 mean_cost=19.3360 (sbs=19.6697) vs_sbs=-1.70%
    VRPLTW: top1=0.339 mean_cost=17.8657 (sbs=18.5091) vs_sbs=-3.48%
    OVRPBL: top1=0.538 mean_cost=6.3063 (sbs=6.3103) vs_sbs=-0.06%
   OVRPBTW: top1=0.474 mean_cost=10.5207 (sbs=10.5068) vs_sbs=+0.13%
   OVRPLTW: top1=0.482 mean_cost=10.1310 (sbs=10.1272) vs_sbs=+0.04%
   VRPBLTW: top1=0.316 mean_cost=19.2761 (sbs=19.5198) vs_sbs=-1.25%
  OVRPBLTW: top1=0.452 mean_cost=10.5602 (sbs=10.5412) vs_sbs=+0.18%
ep010 step002750 loss=0.5811 ce=1.3386 pair=0.0730 topk_ce=1.1269 risk=0.0265 samples/s=6687 peak_GiB=17.37 time=3.9m
ep010 step002800 loss=0.5778 ce=1.3321 pair=0.0724 topk_ce=1.1163 risk=0.0272 samples/s=7884 peak_GiB=17.37 time=4.0m
ep010 step002850 loss=0.5707 ce=1.3171 pair=0.0704 topk_ce=1.1007 risk=0.0258 samples/s=8594 peak_GiB=17.37 time=4.0m
ep010 step002900 loss=0.5741 ce=1.3245 pair=0.0711 topk_ce=1.1086 risk=0.0253 samples/s=7874 peak_GiB=17.37 time=4.1m
ep010 step002950 loss=0.5747 ce=1.3259 pair=0.0713 topk_ce=1.1093 risk=0.0254 samples/s=7874 peak_GiB=17.37 time=4.2m
[eval epoch 10] macro_top1=0.4521 top2=0.7924 top3=0.9008 vs_sbs=-0.869% vbs_closed=+19.76%
       TSP: top1=0.337 mean_cost=7.9426 (sbs=7.9578) vs_sbs=-0.19%
      CVRP: top1=0.319 mean_cost=18.3435 (sbs=18.2943) vs_sbs=+0.27%
      ATSP: top1=0.764 mean_cost=1.6360 (sbs=1.6735) vs_sbs=-2.24%
      OVRP: top1=0.302 mean_cost=7.4626 (sbs=7.4617) vs_sbs=+0.01%
      VRPB: top1=0.553 mean_cost=9.3343 (sbs=9.3403) vs_sbs=-0.06%
      VRPL: top1=0.317 mean_cost=12.4065 (sbs=12.4072) vs_sbs=-0.01%
     VRPTW: top1=0.413 mean_cost=17.9491 (sbs=18.6571) vs_sbs=-3.79%
    OVRPTW: top1=0.483 mean_cost=10.0474 (sbs=10.0484) vs_sbs=-0.01%
     OVRPB: top1=0.553 mean_cost=6.3223 (sbs=6.3220) vs_sbs=+0.00%
     OVRPL: top1=0.376 mean_cost=7.4365 (sbs=7.4376) vs_sbs=-0.01%
     VRPBL: top1=0.543 mean_cost=9.3543 (sbs=9.3593) vs_sbs=-0.05%
    VRPBTW: top1=0.400 mean_cost=19.1471 (sbs=19.6697) vs_sbs=-2.66%
    VRPLTW: top1=0.417 mean_cost=17.6965 (sbs=18.5091) vs_sbs=-4.39%
    OVRPBL: top1=0.527 mean_cost=6.3087 (sbs=6.3103) vs_sbs=-0.03%
   OVRPBTW: top1=0.495 mean_cost=10.5017 (sbs=10.5068) vs_sbs=-0.05%
   OVRPLTW: top1=0.489 mean_cost=10.1270 (sbs=10.1272) vs_sbs=-0.00%
   VRPBLTW: top1=0.363 mean_cost=19.0414 (sbs=19.5198) vs_sbs=-2.45%
  OVRPBLTW: top1=0.487 mean_cost=10.5428 (sbs=10.5412) vs_sbs=+0.02%
ep011 step003000 loss=0.5658 ce=1.3087 pair=0.0682 topk_ce=1.0859 risk=0.0236 samples/s=6250 peak_GiB=17.37 time=4.3m
ep011 step003050 loss=0.5677 ce=1.3123 pair=0.0680 topk_ce=1.0948 risk=0.0234 samples/s=8600 peak_GiB=17.37 time=4.3m
ep011 step003100 loss=0.5702 ce=1.3173 pair=0.0692 topk_ce=1.0991 risk=0.0241 samples/s=7882 peak_GiB=17.37 time=4.4m
ep011 step003150 loss=0.5682 ce=1.3130 pair=0.0689 topk_ce=1.0939 risk=0.0241 samples/s=8579 peak_GiB=17.37 time=4.4m
ep011 step003200 loss=0.5661 ce=1.3087 pair=0.0684 topk_ce=1.0887 risk=0.0239 samples/s=7882 peak_GiB=17.37 time=4.5m
[eval epoch 11] macro_top1=0.4306 top2=0.7686 top3=0.9046 vs_sbs=-0.733% vbs_closed=+9.91%
       TSP: top1=0.345 mean_cost=7.9345 (sbs=7.9578) vs_sbs=-0.29%
      CVRP: top1=0.315 mean_cost=18.3334 (sbs=18.2943) vs_sbs=+0.21%
      ATSP: top1=0.671 mean_cost=1.6554 (sbs=1.6735) vs_sbs=-1.09%
      OVRP: top1=0.314 mean_cost=7.4611 (sbs=7.4617) vs_sbs=-0.01%
      VRPB: top1=0.507 mean_cost=9.3573 (sbs=9.3403) vs_sbs=+0.18%
      VRPL: top1=0.302 mean_cost=12.4106 (sbs=12.4072) vs_sbs=+0.03%
     VRPTW: top1=0.401 mean_cost=17.9576 (sbs=18.6571) vs_sbs=-3.75%
    OVRPTW: top1=0.444 mean_cost=10.0694 (sbs=10.0484) vs_sbs=+0.21%
     OVRPB: top1=0.549 mean_cost=6.3238 (sbs=6.3220) vs_sbs=+0.03%
     OVRPL: top1=0.381 mean_cost=7.4350 (sbs=7.4376) vs_sbs=-0.03%
     VRPBL: top1=0.520 mean_cost=9.3676 (sbs=9.3593) vs_sbs=+0.09%
    VRPBTW: top1=0.361 mean_cost=19.1597 (sbs=19.6697) vs_sbs=-2.59%
    VRPLTW: top1=0.417 mean_cost=17.6774 (sbs=18.5091) vs_sbs=-4.49%
    OVRPBL: top1=0.518 mean_cost=6.3104 (sbs=6.3103) vs_sbs=+0.00%
   OVRPBTW: top1=0.450 mean_cost=10.5336 (sbs=10.5068) vs_sbs=+0.26%
   OVRPLTW: top1=0.467 mean_cost=10.1388 (sbs=10.1272) vs_sbs=+0.11%
   VRPBLTW: top1=0.363 mean_cost=19.0475 (sbs=19.5198) vs_sbs=-2.42%
  OVRPBLTW: top1=0.425 mean_cost=10.5781 (sbs=10.5412) vs_sbs=+0.35%
ep012 step003250 loss=0.5476 ce=1.2591 pair=0.0706 topk_ce=1.0650 risk=0.0271 samples/s=7200 peak_GiB=17.37 time=4.6m
ep012 step003300 loss=0.5540 ce=1.2807 pair=0.0658 topk_ce=1.0701 risk=0.0227 samples/s=7279 peak_GiB=17.37 time=4.7m
ep012 step003350 loss=0.5596 ce=1.2929 pair=0.0673 topk_ce=1.0801 risk=0.0228 samples/s=7885 peak_GiB=17.37 time=4.7m
ep012 step003400 loss=0.5612 ce=1.2975 pair=0.0671 topk_ce=1.0812 risk=0.0231 samples/s=8598 peak_GiB=17.37 time=4.8m
ep012 step003450 loss=0.5611 ce=1.2972 pair=0.0670 topk_ce=1.0820 risk=0.0229 samples/s=7858 peak_GiB=17.37 time=4.9m
ep012 step003500 loss=0.5599 ce=1.2947 pair=0.0668 topk_ce=1.0783 risk=0.0231 samples/s=8557 peak_GiB=17.37 time=4.9m
[eval epoch 12] macro_top1=0.4495 top2=0.7957 top3=0.9067 vs_sbs=-0.829% vbs_closed=+19.02%
       TSP: top1=0.347 mean_cost=7.9302 (sbs=7.9578) vs_sbs=-0.35%
      CVRP: top1=0.340 mean_cost=18.3244 (sbs=18.2943) vs_sbs=+0.16%
      ATSP: top1=0.664 mean_cost=1.6567 (sbs=1.6735) vs_sbs=-1.01%
      OVRP: top1=0.322 mean_cost=7.4593 (sbs=7.4617) vs_sbs=-0.03%
      VRPB: top1=0.533 mean_cost=9.3374 (sbs=9.3403) vs_sbs=-0.03%
      VRPL: top1=0.316 mean_cost=12.4018 (sbs=12.4072) vs_sbs=-0.04%
     VRPTW: top1=0.416 mean_cost=17.9665 (sbs=18.6571) vs_sbs=-3.70%
    OVRPTW: top1=0.482 mean_cost=10.0463 (sbs=10.0484) vs_sbs=-0.02%
     OVRPB: top1=0.561 mean_cost=6.3202 (sbs=6.3220) vs_sbs=-0.03%
     OVRPL: top1=0.371 mean_cost=7.4345 (sbs=7.4376) vs_sbs=-0.04%
     VRPBL: top1=0.539 mean_cost=9.3563 (sbs=9.3593) vs_sbs=-0.03%
    VRPBTW: top1=0.400 mean_cost=19.1352 (sbs=19.6697) vs_sbs=-2.72%
    VRPLTW: top1=0.435 mean_cost=17.6830 (sbs=18.5091) vs_sbs=-4.46%
    OVRPBL: top1=0.526 mean_cost=6.3122 (sbs=6.3103) vs_sbs=+0.03%
   OVRPBTW: top1=0.485 mean_cost=10.5028 (sbs=10.5068) vs_sbs=-0.04%
   OVRPLTW: top1=0.487 mean_cost=10.1265 (sbs=10.1272) vs_sbs=-0.01%
   VRPBLTW: top1=0.391 mean_cost=18.9965 (sbs=19.5198) vs_sbs=-2.68%
  OVRPBLTW: top1=0.476 mean_cost=10.5492 (sbs=10.5412) vs_sbs=+0.08%
[save] best_top3_safe.pt epoch=12 score=0.9067
ep013 step003550 loss=0.5614 ce=1.2994 pair=0.0666 topk_ce=1.0769 risk=0.0235 samples/s=6563 peak_GiB=17.37 time=5.0m
ep013 step003600 loss=0.5626 ce=1.2996 pair=0.0677 topk_ce=1.0872 risk=0.0234 samples/s=7848 peak_GiB=17.37 time=5.1m
ep013 step003650 loss=0.5639 ce=1.3033 pair=0.0675 topk_ce=1.0878 risk=0.0231 samples/s=7891 peak_GiB=17.37 time=5.1m
ep013 step003700 loss=0.5617 ce=1.2991 pair=0.0669 topk_ce=1.0806 risk=0.0232 samples/s=8584 peak_GiB=17.37 time=5.2m
ep013 step003750 loss=0.5614 ce=1.2980 pair=0.0672 topk_ce=1.0814 risk=0.0233 samples/s=8591 peak_GiB=17.37 time=5.3m
[eval epoch 13] macro_top1=0.4519 top2=0.7988 top3=0.9077 vs_sbs=-0.816% vbs_closed=+19.24%
       TSP: top1=0.332 mean_cost=7.9298 (sbs=7.9578) vs_sbs=-0.35%
      CVRP: top1=0.354 mean_cost=18.3159 (sbs=18.2943) vs_sbs=+0.12%
      ATSP: top1=0.668 mean_cost=1.6566 (sbs=1.6735) vs_sbs=-1.01%
      OVRP: top1=0.311 mean_cost=7.4605 (sbs=7.4617) vs_sbs=-0.02%
      VRPB: top1=0.553 mean_cost=9.3338 (sbs=9.3403) vs_sbs=-0.07%
      VRPL: top1=0.324 mean_cost=12.4034 (sbs=12.4072) vs_sbs=-0.03%
     VRPTW: top1=0.442 mean_cost=17.9294 (sbs=18.6571) vs_sbs=-3.90%
    OVRPTW: top1=0.491 mean_cost=10.0455 (sbs=10.0484) vs_sbs=-0.03%
     OVRPB: top1=0.549 mean_cost=6.3224 (sbs=6.3220) vs_sbs=+0.01%
     OVRPL: top1=0.360 mean_cost=7.4340 (sbs=7.4376) vs_sbs=-0.05%
     VRPBL: top1=0.541 mean_cost=9.3539 (sbs=9.3593) vs_sbs=-0.06%
    VRPBTW: top1=0.389 mean_cost=19.1768 (sbs=19.6697) vs_sbs=-2.51%
    VRPLTW: top1=0.461 mean_cost=17.6560 (sbs=18.5091) vs_sbs=-4.61%
    OVRPBL: top1=0.529 mean_cost=6.3084 (sbs=6.3103) vs_sbs=-0.03%
   OVRPBTW: top1=0.494 mean_cost=10.5034 (sbs=10.5068) vs_sbs=-0.03%
   OVRPLTW: top1=0.475 mean_cost=10.1292 (sbs=10.1272) vs_sbs=+0.02%
   VRPBLTW: top1=0.375 mean_cost=19.0963 (sbs=19.5198) vs_sbs=-2.17%
  OVRPBLTW: top1=0.487 mean_cost=10.5432 (sbs=10.5412) vs_sbs=+0.02%
[save] best_top3_safe.pt epoch=13 score=0.9077
ep014 step003800 loss=0.5544 ce=1.2791 pair=0.0673 topk_ce=1.0748 risk=0.0246 samples/s=6156 peak_GiB=17.37 time=5.3m
ep014 step003850 loss=0.5560 ce=1.2841 pair=0.0669 topk_ce=1.0751 risk=0.0226 samples/s=7871 peak_GiB=17.37 time=5.4m
ep014 step003900 loss=0.5563 ce=1.2857 pair=0.0662 topk_ce=1.0745 risk=0.0225 samples/s=8598 peak_GiB=17.37 time=5.5m
ep014 step003950 loss=0.5626 ce=1.2994 pair=0.0678 topk_ce=1.0873 risk=0.0227 samples/s=7883 peak_GiB=17.37 time=5.5m
ep014 step004000 loss=0.5602 ce=1.2945 pair=0.0673 topk_ce=1.0816 risk=0.0229 samples/s=7883 peak_GiB=17.37 time=5.6m
ep014 step004050 loss=0.5604 ce=1.2952 pair=0.0671 topk_ce=1.0811 risk=0.0229 samples/s=8595 peak_GiB=17.37 time=5.7m
[eval epoch 14] macro_top1=0.4570 top2=0.7925 top3=0.9079 vs_sbs=-0.898% vbs_closed=+21.31%
       TSP: top1=0.341 mean_cost=7.9392 (sbs=7.9578) vs_sbs=-0.23%
      CVRP: top1=0.341 mean_cost=18.3142 (sbs=18.2943) vs_sbs=+0.11%
      ATSP: top1=0.772 mean_cost=1.6356 (sbs=1.6735) vs_sbs=-2.27%
      OVRP: top1=0.347 mean_cost=7.4578 (sbs=7.4617) vs_sbs=-0.05%
      VRPB: top1=0.545 mean_cost=9.3364 (sbs=9.3403) vs_sbs=-0.04%
      VRPL: top1=0.302 mean_cost=12.4078 (sbs=12.4072) vs_sbs=+0.00%
     VRPTW: top1=0.420 mean_cost=17.9497 (sbs=18.6571) vs_sbs=-3.79%
    OVRPTW: top1=0.490 mean_cost=10.0469 (sbs=10.0484) vs_sbs=-0.01%
     OVRPB: top1=0.561 mean_cost=6.3191 (sbs=6.3220) vs_sbs=-0.04%
     OVRPL: top1=0.383 mean_cost=7.4351 (sbs=7.4376) vs_sbs=-0.03%
     VRPBL: top1=0.545 mean_cost=9.3543 (sbs=9.3593) vs_sbs=-0.05%
    VRPBTW: top1=0.398 mean_cost=19.1219 (sbs=19.6697) vs_sbs=-2.79%
    VRPLTW: top1=0.417 mean_cost=17.6915 (sbs=18.5091) vs_sbs=-4.42%
    OVRPBL: top1=0.544 mean_cost=6.3077 (sbs=6.3103) vs_sbs=-0.04%
   OVRPBTW: top1=0.481 mean_cost=10.5109 (sbs=10.5068) vs_sbs=+0.04%
   OVRPLTW: top1=0.473 mean_cost=10.1307 (sbs=10.1272) vs_sbs=+0.03%
   VRPBLTW: top1=0.382 mean_cost=19.0104 (sbs=19.5198) vs_sbs=-2.61%
  OVRPBLTW: top1=0.484 mean_cost=10.5441 (sbs=10.5412) vs_sbs=+0.03%
[save] best.pt epoch=14 score=0.4570
[save] best_top1.pt epoch=14 top1=0.4570
[save] best_top3_safe.pt epoch=14 score=0.9079
[save] best_cost.pt epoch=14 vs_sbs=-0.898%
ep015 step004100 loss=0.5540 ce=1.2817 pair=0.0655 topk_ce=1.0661 risk=0.0221 samples/s=5881 peak_GiB=17.37 time=5.8m
ep015 step004150 loss=0.5567 ce=1.2874 pair=0.0659 topk_ce=1.0742 risk=0.0218 samples/s=7901 peak_GiB=17.37 time=5.8m
ep015 step004200 loss=0.5583 ce=1.2910 pair=0.0665 topk_ce=1.0755 risk=0.0224 samples/s=8599 peak_GiB=17.37 time=5.9m
ep015 step004250 loss=0.5586 ce=1.2920 pair=0.0665 topk_ce=1.0751 risk=0.0224 samples/s=8597 peak_GiB=17.37 time=6.0m
ep015 step004300 loss=0.5578 ce=1.2903 pair=0.0662 topk_ce=1.0737 risk=0.0223 samples/s=7883 peak_GiB=17.37 time=6.0m
[eval epoch 15] macro_top1=0.4507 top2=0.7892 top3=0.9067 vs_sbs=-0.871% vbs_closed=+19.33%
       TSP: top1=0.333 mean_cost=7.9492 (sbs=7.9578) vs_sbs=-0.11%
      CVRP: top1=0.307 mean_cost=18.3297 (sbs=18.2943) vs_sbs=+0.19%
      ATSP: top1=0.744 mean_cost=1.6441 (sbs=1.6735) vs_sbs=-1.76%
      OVRP: top1=0.359 mean_cost=7.4573 (sbs=7.4617) vs_sbs=-0.06%
      VRPB: top1=0.549 mean_cost=9.3332 (sbs=9.3403) vs_sbs=-0.08%
      VRPL: top1=0.307 mean_cost=12.4061 (sbs=12.4072) vs_sbs=-0.01%
     VRPTW: top1=0.397 mean_cost=17.9304 (sbs=18.6571) vs_sbs=-3.89%
    OVRPTW: top1=0.477 mean_cost=10.0482 (sbs=10.0484) vs_sbs=-0.00%
     OVRPB: top1=0.549 mean_cost=6.3222 (sbs=6.3220) vs_sbs=+0.00%
     OVRPL: top1=0.382 mean_cost=7.4352 (sbs=7.4376) vs_sbs=-0.03%
     VRPBL: top1=0.539 mean_cost=9.3542 (sbs=9.3593) vs_sbs=-0.05%
    VRPBTW: top1=0.384 mean_cost=19.1164 (sbs=19.6697) vs_sbs=-2.81%
    VRPLTW: top1=0.432 mean_cost=17.6613 (sbs=18.5091) vs_sbs=-4.58%
    OVRPBL: top1=0.523 mean_cost=6.3100 (sbs=6.3103) vs_sbs=-0.00%
   OVRPBTW: top1=0.487 mean_cost=10.5107 (sbs=10.5068) vs_sbs=+0.04%
   OVRPLTW: top1=0.491 mean_cost=10.1267 (sbs=10.1272) vs_sbs=-0.00%
   VRPBLTW: top1=0.372 mean_cost=19.0163 (sbs=19.5198) vs_sbs=-2.58%
  OVRPBLTW: top1=0.481 mean_cost=10.5484 (sbs=10.5412) vs_sbs=+0.07%
ep016 step004350 loss=0.5517 ce=1.2761 pair=0.0648 topk_ce=1.0640 risk=0.0223 samples/s=6696 peak_GiB=17.37 time=6.1m
ep016 step004400 loss=0.5631 ce=1.3024 pair=0.0671 topk_ce=1.0835 risk=0.0221 samples/s=7899 peak_GiB=17.37 time=6.2m
ep016 step004450 loss=0.5579 ce=1.2907 pair=0.0661 topk_ce=1.0736 risk=0.0222 samples/s=8596 peak_GiB=17.37 time=6.2m
ep016 step004500 loss=0.5566 ce=1.2879 pair=0.0659 topk_ce=1.0709 risk=0.0220 samples/s=7877 peak_GiB=17.37 time=6.3m
ep016 step004550 loss=0.5565 ce=1.2875 pair=0.0659 topk_ce=1.0713 risk=0.0222 samples/s=8581 peak_GiB=17.37 time=6.4m
[eval epoch 16] macro_top1=0.4488 top2=0.7778 top3=0.9108 vs_sbs=-0.868% vbs_closed=+20.20%
       TSP: top1=0.363 mean_cost=7.9233 (sbs=7.9578) vs_sbs=-0.43%
      CVRP: top1=0.334 mean_cost=18.3127 (sbs=18.2943) vs_sbs=+0.10%
      ATSP: top1=0.741 mean_cost=1.6369 (sbs=1.6735) vs_sbs=-2.19%
      OVRP: top1=0.360 mean_cost=7.4565 (sbs=7.4617) vs_sbs=-0.07%
      VRPB: top1=0.532 mean_cost=9.3463 (sbs=9.3403) vs_sbs=+0.06%
      VRPL: top1=0.308 mean_cost=12.4038 (sbs=12.4072) vs_sbs=-0.03%
     VRPTW: top1=0.406 mean_cost=17.9522 (sbs=18.6571) vs_sbs=-3.78%
    OVRPTW: top1=0.485 mean_cost=10.0499 (sbs=10.0484) vs_sbs=+0.01%
     OVRPB: top1=0.555 mean_cost=6.3213 (sbs=6.3220) vs_sbs=-0.01%
     OVRPL: top1=0.374 mean_cost=7.4352 (sbs=7.4376) vs_sbs=-0.03%
     VRPBL: top1=0.517 mean_cost=9.3630 (sbs=9.3593) vs_sbs=+0.04%
    VRPBTW: top1=0.348 mean_cost=19.1694 (sbs=19.6697) vs_sbs=-2.54%
    VRPLTW: top1=0.424 mean_cost=17.6797 (sbs=18.5091) vs_sbs=-4.48%
    OVRPBL: top1=0.523 mean_cost=6.3101 (sbs=6.3103) vs_sbs=-0.00%
   OVRPBTW: top1=0.499 mean_cost=10.5072 (sbs=10.5068) vs_sbs=+0.00%
   OVRPLTW: top1=0.489 mean_cost=10.1299 (sbs=10.1272) vs_sbs=+0.03%
   VRPBLTW: top1=0.340 mean_cost=19.0575 (sbs=19.5198) vs_sbs=-2.37%
  OVRPBLTW: top1=0.481 mean_cost=10.5467 (sbs=10.5412) vs_sbs=+0.05%
[save] best_top3_safe.pt epoch=16 score=0.9108
ep017 step004600 loss=0.6028 ce=1.3906 pair=0.0731 topk_ce=1.1723 risk=0.0181 samples/s=5775 peak_GiB=17.37 time=6.5m
ep017 step004650 loss=0.5531 ce=1.2812 pair=0.0642 topk_ce=1.0622 risk=0.0218 samples/s=8587 peak_GiB=17.37 time=6.5m
ep017 step004700 loss=0.5557 ce=1.2848 pair=0.0661 topk_ce=1.0723 risk=0.0220 samples/s=8577 peak_GiB=17.37 time=6.6m
ep017 step004750 loss=0.5539 ce=1.2807 pair=0.0657 topk_ce=1.0686 risk=0.0223 samples/s=7871 peak_GiB=17.37 time=6.6m
ep017 step004800 loss=0.5567 ce=1.2873 pair=0.0661 topk_ce=1.0739 risk=0.0220 samples/s=7883 peak_GiB=17.37 time=6.7m
ep017 step004850 loss=0.5553 ce=1.2840 pair=0.0658 topk_ce=1.0720 risk=0.0220 samples/s=7893 peak_GiB=17.37 time=6.8m
[eval epoch 17] macro_top1=0.4505 top2=0.7876 top3=0.9021 vs_sbs=-0.858% vbs_closed=+19.63%
       TSP: top1=0.307 mean_cost=7.9312 (sbs=7.9578) vs_sbs=-0.33%
      CVRP: top1=0.284 mean_cost=18.3998 (sbs=18.2943) vs_sbs=+0.58%
      ATSP: top1=0.730 mean_cost=1.6374 (sbs=1.6735) vs_sbs=-2.16%
      OVRP: top1=0.356 mean_cost=7.4573 (sbs=7.4617) vs_sbs=-0.06%
      VRPB: top1=0.541 mean_cost=9.3367 (sbs=9.3403) vs_sbs=-0.04%
      VRPL: top1=0.322 mean_cost=12.4020 (sbs=12.4072) vs_sbs=-0.04%
     VRPTW: top1=0.391 mean_cost=17.9953 (sbs=18.6571) vs_sbs=-3.55%
    OVRPTW: top1=0.497 mean_cost=10.0446 (sbs=10.0484) vs_sbs=-0.04%
     OVRPB: top1=0.550 mean_cost=6.3228 (sbs=6.3220) vs_sbs=+0.01%
     OVRPL: top1=0.383 mean_cost=7.4353 (sbs=7.4376) vs_sbs=-0.03%
     VRPBL: top1=0.549 mean_cost=9.3521 (sbs=9.3593) vs_sbs=-0.08%
    VRPBTW: top1=0.375 mean_cost=19.2006 (sbs=19.6697) vs_sbs=-2.38%
    VRPLTW: top1=0.456 mean_cost=17.6426 (sbs=18.5091) vs_sbs=-4.68%
    OVRPBL: top1=0.524 mean_cost=6.3089 (sbs=6.3103) vs_sbs=-0.02%
   OVRPBTW: top1=0.504 mean_cost=10.5017 (sbs=10.5068) vs_sbs=-0.05%
   OVRPLTW: top1=0.478 mean_cost=10.1278 (sbs=10.1272) vs_sbs=+0.01%
   VRPBLTW: top1=0.370 mean_cost=19.0177 (sbs=19.5198) vs_sbs=-2.57%
  OVRPBLTW: top1=0.492 mean_cost=10.5396 (sbs=10.5412) vs_sbs=-0.02%
ep018 step004900 loss=0.5615 ce=1.2950 pair=0.0698 topk_ce=1.0856 risk=0.0243 samples/s=7207 peak_GiB=17.37 time=6.9m
ep018 step004950 loss=0.5625 ce=1.2992 pair=0.0682 topk_ce=1.0859 risk=0.0233 samples/s=7892 peak_GiB=17.37 time=6.9m
ep018 step005000 loss=0.5605 ce=1.2951 pair=0.0673 topk_ce=1.0823 risk=0.0224 samples/s=7897 peak_GiB=17.37 time=7.0m
ep018 step005050 loss=0.5592 ce=1.2925 pair=0.0670 topk_ce=1.0782 risk=0.0224 samples/s=8613 peak_GiB=17.37 time=7.1m
ep018 step005100 loss=0.5570 ce=1.2877 pair=0.0665 topk_ce=1.0745 risk=0.0223 samples/s=7892 peak_GiB=17.37 time=7.1m
[eval epoch 18] macro_top1=0.4628 top2=0.7975 top3=0.9093 vs_sbs=-0.918% vbs_closed=+21.14%
       TSP: top1=0.351 mean_cost=7.9309 (sbs=7.9578) vs_sbs=-0.34%
      CVRP: top1=0.313 mean_cost=18.3317 (sbs=18.2943) vs_sbs=+0.20%
      ATSP: top1=0.771 mean_cost=1.6393 (sbs=1.6735) vs_sbs=-2.04%
      OVRP: top1=0.359 mean_cost=7.4585 (sbs=7.4617) vs_sbs=-0.04%
      VRPB: top1=0.545 mean_cost=9.3467 (sbs=9.3403) vs_sbs=+0.07%
      VRPL: top1=0.313 mean_cost=12.4071 (sbs=12.4072) vs_sbs=-0.00%
     VRPTW: top1=0.444 mean_cost=17.9071 (sbs=18.6571) vs_sbs=-4.02%
    OVRPTW: top1=0.499 mean_cost=10.0452 (sbs=10.0484) vs_sbs=-0.03%
     OVRPB: top1=0.556 mean_cost=6.3195 (sbs=6.3220) vs_sbs=-0.04%
     OVRPL: top1=0.378 mean_cost=7.4354 (sbs=7.4376) vs_sbs=-0.03%
     VRPBL: top1=0.551 mean_cost=9.3530 (sbs=9.3593) vs_sbs=-0.07%
    VRPBTW: top1=0.388 mean_cost=19.1194 (sbs=19.6697) vs_sbs=-2.80%
    VRPLTW: top1=0.460 mean_cost=17.6440 (sbs=18.5091) vs_sbs=-4.67%
    OVRPBL: top1=0.535 mean_cost=6.3098 (sbs=6.3103) vs_sbs=-0.01%
   OVRPBTW: top1=0.491 mean_cost=10.5044 (sbs=10.5068) vs_sbs=-0.02%
   OVRPLTW: top1=0.497 mean_cost=10.1269 (sbs=10.1272) vs_sbs=-0.00%
   VRPBLTW: top1=0.390 mean_cost=18.9916 (sbs=19.5198) vs_sbs=-2.71%
  OVRPBLTW: top1=0.489 mean_cost=10.5434 (sbs=10.5412) vs_sbs=+0.02%
[save] best.pt epoch=18 score=0.4628
[save] best_top1.pt epoch=18 top1=0.4628
[save] best_cost.pt epoch=18 vs_sbs=-0.918%
ep019 step005150 loss=0.5647 ce=1.3029 pair=0.0686 topk_ce=1.0962 risk=0.0213 samples/s=6381 peak_GiB=17.37 time=7.2m
ep019 step005200 loss=0.5498 ce=1.2722 pair=0.0646 topk_ce=1.0594 risk=0.0220 samples/s=7898 peak_GiB=17.37 time=7.3m
ep019 step005250 loss=0.5508 ce=1.2745 pair=0.0645 topk_ce=1.0626 risk=0.0215 samples/s=7820 peak_GiB=17.37 time=7.3m
ep019 step005300 loss=0.5462 ce=1.2640 pair=0.0638 topk_ce=1.0524 risk=0.0213 samples/s=8575 peak_GiB=17.37 time=7.4m
ep019 step005350 loss=0.5498 ce=1.2719 pair=0.0646 topk_ce=1.0606 risk=0.0215 samples/s=8565 peak_GiB=17.37 time=7.5m
ep019 step005400 loss=0.5516 ce=1.2760 pair=0.0648 topk_ce=1.0641 risk=0.0218 samples/s=7861 peak_GiB=17.37 time=7.5m
[eval epoch 19] macro_top1=0.4526 top2=0.7793 top3=0.8982 vs_sbs=-0.796% vbs_closed=+18.97%
       TSP: top1=0.354 mean_cost=7.9233 (sbs=7.9578) vs_sbs=-0.43%
      CVRP: top1=0.343 mean_cost=18.3154 (sbs=18.2943) vs_sbs=+0.12%
      ATSP: top1=0.735 mean_cost=1.6429 (sbs=1.6735) vs_sbs=-1.83%
      OVRP: top1=0.346 mean_cost=7.4588 (sbs=7.4617) vs_sbs=-0.04%
      VRPB: top1=0.546 mean_cost=9.3365 (sbs=9.3403) vs_sbs=-0.04%
      VRPL: top1=0.325 mean_cost=12.4034 (sbs=12.4072) vs_sbs=-0.03%
     VRPTW: top1=0.356 mean_cost=18.0606 (sbs=18.6571) vs_sbs=-3.20%
    OVRPTW: top1=0.495 mean_cost=10.0471 (sbs=10.0484) vs_sbs=-0.01%
     OVRPB: top1=0.548 mean_cost=6.3262 (sbs=6.3220) vs_sbs=+0.07%
     OVRPL: top1=0.383 mean_cost=7.4345 (sbs=7.4376) vs_sbs=-0.04%
     VRPBL: top1=0.536 mean_cost=9.3586 (sbs=9.3593) vs_sbs=-0.01%
    VRPBTW: top1=0.402 mean_cost=19.1165 (sbs=19.6697) vs_sbs=-2.81%
    VRPLTW: top1=0.369 mean_cost=17.8298 (sbs=18.5091) vs_sbs=-3.67%
    OVRPBL: top1=0.539 mean_cost=6.3078 (sbs=6.3103) vs_sbs=-0.04%
   OVRPBTW: top1=0.478 mean_cost=10.5180 (sbs=10.5068) vs_sbs=+0.11%
   OVRPLTW: top1=0.498 mean_cost=10.1282 (sbs=10.1272) vs_sbs=+0.01%
   VRPBLTW: top1=0.409 mean_cost=19.0219 (sbs=19.5198) vs_sbs=-2.55%
  OVRPBLTW: top1=0.485 mean_cost=10.5487 (sbs=10.5412) vs_sbs=+0.07%
ep020 step005450 loss=0.5640 ce=1.3010 pair=0.0686 topk_ce=1.0944 risk=0.0236 samples/s=6251 peak_GiB=17.37 time=7.6m
ep020 step005500 loss=0.5607 ce=1.2954 pair=0.0674 topk_ce=1.0835 risk=0.0232 samples/s=7873 peak_GiB=17.37 time=7.7m
ep020 step005550 loss=0.5577 ce=1.2889 pair=0.0666 topk_ce=1.0766 risk=0.0228 samples/s=8593 peak_GiB=17.37 time=7.7m
ep020 step005600 loss=0.5561 ce=1.2853 pair=0.0662 topk_ce=1.0738 risk=0.0226 samples/s=8584 peak_GiB=17.37 time=7.8m
ep020 step005650 loss=0.5575 ce=1.2881 pair=0.0668 topk_ce=1.0769 risk=0.0227 samples/s=8580 peak_GiB=17.37 time=7.9m
[eval epoch 20] macro_top1=0.4468 top2=0.7754 top3=0.8969 vs_sbs=-0.793% vbs_closed=+15.97%
       TSP: top1=0.339 mean_cost=7.9433 (sbs=7.9578) vs_sbs=-0.18%
      CVRP: top1=0.241 mean_cost=18.3599 (sbs=18.2943) vs_sbs=+0.36%
      ATSP: top1=0.778 mean_cost=1.6353 (sbs=1.6735) vs_sbs=-2.29%
      OVRP: top1=0.361 mean_cost=7.4572 (sbs=7.4617) vs_sbs=-0.06%
      VRPB: top1=0.544 mean_cost=9.3460 (sbs=9.3403) vs_sbs=+0.06%
      VRPL: top1=0.289 mean_cost=12.4185 (sbs=12.4072) vs_sbs=+0.09%
     VRPTW: top1=0.375 mean_cost=18.0375 (sbs=18.6571) vs_sbs=-3.32%
    OVRPTW: top1=0.510 mean_cost=10.0429 (sbs=10.0484) vs_sbs=-0.06%
     OVRPB: top1=0.542 mean_cost=6.3270 (sbs=6.3220) vs_sbs=+0.08%
     OVRPL: top1=0.379 mean_cost=7.4331 (sbs=7.4376) vs_sbs=-0.06%
     VRPBL: top1=0.540 mean_cost=9.3555 (sbs=9.3593) vs_sbs=-0.04%
    VRPBTW: top1=0.353 mean_cost=19.2115 (sbs=19.6697) vs_sbs=-2.33%
    VRPLTW: top1=0.416 mean_cost=17.7019 (sbs=18.5091) vs_sbs=-4.36%
    OVRPBL: top1=0.526 mean_cost=6.3119 (sbs=6.3103) vs_sbs=+0.03%
   OVRPBTW: top1=0.491 mean_cost=10.5087 (sbs=10.5068) vs_sbs=+0.02%
   OVRPLTW: top1=0.498 mean_cost=10.1287 (sbs=10.1272) vs_sbs=+0.01%
   VRPBLTW: top1=0.368 mean_cost=19.0772 (sbs=19.5198) vs_sbs=-2.27%
  OVRPBLTW: top1=0.493 mean_cost=10.5463 (sbs=10.5412) vs_sbs=+0.05%
ep021 step005700 loss=0.5637 ce=1.3047 pair=0.0658 topk_ce=1.0859 risk=0.0224 samples/s=5846 peak_GiB=17.37 time=8.0m
ep021 step005750 loss=0.5540 ce=1.2809 pair=0.0656 topk_ce=1.0697 risk=0.0218 samples/s=8584 peak_GiB=17.37 time=8.0m
ep021 step005800 loss=0.5521 ce=1.2770 pair=0.0651 topk_ce=1.0654 risk=0.0213 samples/s=8597 peak_GiB=17.37 time=8.1m
ep021 step005850 loss=0.5502 ce=1.2725 pair=0.0646 topk_ce=1.0618 risk=0.0214 samples/s=7866 peak_GiB=17.37 time=8.2m
ep021 step005900 loss=0.5500 ce=1.2721 pair=0.0648 topk_ce=1.0609 risk=0.0214 samples/s=8564 peak_GiB=17.37 time=8.2m
[eval epoch 21] macro_top1=0.4558 top2=0.7941 top3=0.9104 vs_sbs=-0.853% vbs_closed=+21.67%
       TSP: top1=0.346 mean_cost=7.9217 (sbs=7.9578) vs_sbs=-0.45%
      CVRP: top1=0.337 mean_cost=18.3265 (sbs=18.2943) vs_sbs=+0.18%
      ATSP: top1=0.774 mean_cost=1.6355 (sbs=1.6735) vs_sbs=-2.27%
      OVRP: top1=0.355 mean_cost=7.4576 (sbs=7.4617) vs_sbs=-0.05%
      VRPB: top1=0.551 mean_cost=9.3338 (sbs=9.3403) vs_sbs=-0.07%
      VRPL: top1=0.325 mean_cost=12.4033 (sbs=12.4072) vs_sbs=-0.03%
     VRPTW: top1=0.392 mean_cost=17.9900 (sbs=18.6571) vs_sbs=-3.58%
    OVRPTW: top1=0.495 mean_cost=10.0455 (sbs=10.0484) vs_sbs=-0.03%
     OVRPB: top1=0.553 mean_cost=6.3222 (sbs=6.3220) vs_sbs=+0.00%
     OVRPL: top1=0.372 mean_cost=7.4356 (sbs=7.4376) vs_sbs=-0.03%
     VRPBL: top1=0.546 mean_cost=9.3534 (sbs=9.3593) vs_sbs=-0.06%
    VRPBTW: top1=0.371 mean_cost=19.1762 (sbs=19.6697) vs_sbs=-2.51%
    VRPLTW: top1=0.419 mean_cost=17.7123 (sbs=18.5091) vs_sbs=-4.31%
    OVRPBL: top1=0.541 mean_cost=6.3072 (sbs=6.3103) vs_sbs=-0.05%
   OVRPBTW: top1=0.489 mean_cost=10.5053 (sbs=10.5068) vs_sbs=-0.01%
   OVRPLTW: top1=0.489 mean_cost=10.1275 (sbs=10.1272) vs_sbs=+0.00%
   VRPBLTW: top1=0.358 mean_cost=19.1054 (sbs=19.5198) vs_sbs=-2.12%
  OVRPBLTW: top1=0.491 mean_cost=10.5454 (sbs=10.5412) vs_sbs=+0.04%
ep022 step005950 loss=0.5986 ce=1.3748 pair=0.0728 topk_ce=1.1887 risk=0.0221 samples/s=5851 peak_GiB=17.37 time=8.3m
ep022 step006000 loss=0.5437 ce=1.2565 pair=0.0639 topk_ce=1.0543 risk=0.0212 samples/s=9438 peak_GiB=17.37 time=8.4m
ep022 step006050 loss=0.5461 ce=1.2633 pair=0.0635 topk_ce=1.0560 risk=0.0207 samples/s=7878 peak_GiB=17.37 time=8.4m
ep022 step006100 loss=0.5457 ce=1.2626 pair=0.0635 topk_ce=1.0543 risk=0.0210 samples/s=7871 peak_GiB=17.37 time=8.5m
ep022 step006150 loss=0.5459 ce=1.2633 pair=0.0635 topk_ce=1.0535 risk=0.0211 samples/s=9431 peak_GiB=17.37 time=8.6m
ep022 step006200 loss=0.5482 ce=1.2678 pair=0.0642 topk_ce=1.0594 risk=0.0213 samples/s=7254 peak_GiB=17.37 time=8.6m
[eval epoch 22] macro_top1=0.4685 top2=0.8018 top3=0.9124 vs_sbs=-0.961% vbs_closed=+24.81%
       TSP: top1=0.345 mean_cost=7.9242 (sbs=7.9578) vs_sbs=-0.42%
      CVRP: top1=0.355 mean_cost=18.2843 (sbs=18.2943) vs_sbs=-0.05%
      ATSP: top1=0.776 mean_cost=1.6359 (sbs=1.6735) vs_sbs=-2.25%
      OVRP: top1=0.355 mean_cost=7.4581 (sbs=7.4617) vs_sbs=-0.05%
      VRPB: top1=0.543 mean_cost=9.3384 (sbs=9.3403) vs_sbs=-0.02%
      VRPL: top1=0.317 mean_cost=12.4041 (sbs=12.4072) vs_sbs=-0.02%
     VRPTW: top1=0.449 mean_cost=17.9024 (sbs=18.6571) vs_sbs=-4.04%
    OVRPTW: top1=0.503 mean_cost=10.0443 (sbs=10.0484) vs_sbs=-0.04%
     OVRPB: top1=0.553 mean_cost=6.3221 (sbs=6.3220) vs_sbs=+0.00%
     OVRPL: top1=0.381 mean_cost=7.4354 (sbs=7.4376) vs_sbs=-0.03%
     VRPBL: top1=0.541 mean_cost=9.3535 (sbs=9.3593) vs_sbs=-0.06%
    VRPBTW: top1=0.420 mean_cost=19.0920 (sbs=19.6697) vs_sbs=-2.94%
    VRPLTW: top1=0.446 mean_cost=17.6706 (sbs=18.5091) vs_sbs=-4.53%
    OVRPBL: top1=0.538 mean_cost=6.3090 (sbs=6.3103) vs_sbs=-0.02%
   OVRPBTW: top1=0.505 mean_cost=10.5024 (sbs=10.5068) vs_sbs=-0.04%
   OVRPLTW: top1=0.495 mean_cost=10.1261 (sbs=10.1272) vs_sbs=-0.01%
   VRPBLTW: top1=0.405 mean_cost=18.9951 (sbs=19.5198) vs_sbs=-2.69%
  OVRPBLTW: top1=0.506 mean_cost=10.5335 (sbs=10.5412) vs_sbs=-0.07%
[save] best.pt epoch=22 score=0.4685
[save] best_top1.pt epoch=22 top1=0.4685
[save] best_top3_safe.pt epoch=22 score=0.9124
[save] best_cost.pt epoch=22 vs_sbs=-0.961%
ep023 step006250 loss=0.5397 ce=1.2492 pair=0.0633 topk_ce=1.0384 risk=0.0220 samples/s=6275 peak_GiB=17.37 time=8.7m
ep023 step006300 loss=0.5529 ce=1.2776 pair=0.0658 topk_ce=1.0697 risk=0.0220 samples/s=7876 peak_GiB=17.37 time=8.8m
ep023 step006350 loss=0.5505 ce=1.2722 pair=0.0651 topk_ce=1.0658 risk=0.0218 samples/s=7887 peak_GiB=17.37 time=8.9m
ep023 step006400 loss=0.5524 ce=1.2769 pair=0.0656 topk_ce=1.0676 risk=0.0218 samples/s=8592 peak_GiB=17.37 time=8.9m
ep023 step006450 loss=0.5489 ce=1.2694 pair=0.0646 topk_ce=1.0604 risk=0.0216 samples/s=8617 peak_GiB=17.37 time=9.0m
[eval epoch 23] macro_top1=0.4664 top2=0.7978 top3=0.9106 vs_sbs=-0.955% vbs_closed=+24.02%
       TSP: top1=0.346 mean_cost=7.9237 (sbs=7.9578) vs_sbs=-0.43%
      CVRP: top1=0.354 mean_cost=18.2852 (sbs=18.2943) vs_sbs=-0.05%
      ATSP: top1=0.778 mean_cost=1.6375 (sbs=1.6735) vs_sbs=-2.15%
      OVRP: top1=0.355 mean_cost=7.4567 (sbs=7.4617) vs_sbs=-0.07%
      VRPB: top1=0.548 mean_cost=9.3367 (sbs=9.3403) vs_sbs=-0.04%
      VRPL: top1=0.319 mean_cost=12.4075 (sbs=12.4072) vs_sbs=+0.00%
     VRPTW: top1=0.453 mean_cost=17.8995 (sbs=18.6571) vs_sbs=-4.06%
    OVRPTW: top1=0.500 mean_cost=10.0452 (sbs=10.0484) vs_sbs=-0.03%
     OVRPB: top1=0.557 mean_cost=6.3223 (sbs=6.3220) vs_sbs=+0.00%
     OVRPL: top1=0.394 mean_cost=7.4349 (sbs=7.4376) vs_sbs=-0.04%
     VRPBL: top1=0.541 mean_cost=9.3538 (sbs=9.3593) vs_sbs=-0.06%
    VRPBTW: top1=0.400 mean_cost=19.0919 (sbs=19.6697) vs_sbs=-2.94%
    VRPLTW: top1=0.445 mean_cost=17.6571 (sbs=18.5091) vs_sbs=-4.60%
    OVRPBL: top1=0.538 mean_cost=6.3095 (sbs=6.3103) vs_sbs=-0.01%
   OVRPBTW: top1=0.496 mean_cost=10.5042 (sbs=10.5068) vs_sbs=-0.03%
   OVRPLTW: top1=0.482 mean_cost=10.1309 (sbs=10.1272) vs_sbs=+0.04%
   VRPBLTW: top1=0.399 mean_cost=18.9924 (sbs=19.5198) vs_sbs=-2.70%
  OVRPBLTW: top1=0.490 mean_cost=10.5382 (sbs=10.5412) vs_sbs=-0.03%
ep024 step006500 loss=0.5405 ce=1.2504 pair=0.0619 topk_ce=1.0485 risk=0.0219 samples/s=6253 peak_GiB=17.37 time=9.1m
ep024 step006550 loss=0.5454 ce=1.2612 pair=0.0640 topk_ce=1.0541 risk=0.0209 samples/s=7887 peak_GiB=17.37 time=9.1m
ep024 step006600 loss=0.5426 ce=1.2556 pair=0.0630 topk_ce=1.0472 risk=0.0209 samples/s=9453 peak_GiB=17.37 time=9.2m
ep024 step006650 loss=0.5430 ce=1.2569 pair=0.0630 topk_ce=1.0473 risk=0.0211 samples/s=7878 peak_GiB=17.37 time=9.3m
ep024 step006700 loss=0.5456 ce=1.2623 pair=0.0635 topk_ce=1.0531 risk=0.0212 samples/s=7874 peak_GiB=17.37 time=9.3m
ep024 step006750 loss=0.5475 ce=1.2664 pair=0.0642 topk_ce=1.0579 risk=0.0212 samples/s=7874 peak_GiB=17.37 time=9.4m
[eval epoch 24] macro_top1=0.4588 top2=0.7906 top3=0.9114 vs_sbs=-0.894% vbs_closed=+20.43%
       TSP: top1=0.347 mean_cost=7.9360 (sbs=7.9578) vs_sbs=-0.27%
      CVRP: top1=0.336 mean_cost=18.2951 (sbs=18.2943) vs_sbs=+0.00%
      ATSP: top1=0.745 mean_cost=1.6423 (sbs=1.6735) vs_sbs=-1.87%
      OVRP: top1=0.357 mean_cost=7.4574 (sbs=7.4617) vs_sbs=-0.06%
      VRPB: top1=0.535 mean_cost=9.3434 (sbs=9.3403) vs_sbs=+0.03%
      VRPL: top1=0.336 mean_cost=12.4010 (sbs=12.4072) vs_sbs=-0.05%
     VRPTW: top1=0.413 mean_cost=17.9356 (sbs=18.6571) vs_sbs=-3.87%
    OVRPTW: top1=0.500 mean_cost=10.0484 (sbs=10.0484) vs_sbs=-0.00%
     OVRPB: top1=0.553 mean_cost=6.3239 (sbs=6.3220) vs_sbs=+0.03%
     OVRPL: top1=0.366 mean_cost=7.4350 (sbs=7.4376) vs_sbs=-0.03%
     VRPBL: top1=0.520 mean_cost=9.3597 (sbs=9.3593) vs_sbs=+0.00%
    VRPBTW: top1=0.411 mean_cost=19.0999 (sbs=19.6697) vs_sbs=-2.90%
    VRPLTW: top1=0.439 mean_cost=17.6551 (sbs=18.5091) vs_sbs=-4.61%
    OVRPBL: top1=0.536 mean_cost=6.3105 (sbs=6.3103) vs_sbs=+0.00%
   OVRPBTW: top1=0.484 mean_cost=10.5142 (sbs=10.5068) vs_sbs=+0.07%
   OVRPLTW: top1=0.487 mean_cost=10.1316 (sbs=10.1272) vs_sbs=+0.04%
   VRPBLTW: top1=0.408 mean_cost=19.0042 (sbs=19.5198) vs_sbs=-2.64%
  OVRPBLTW: top1=0.486 mean_cost=10.5432 (sbs=10.5412) vs_sbs=+0.02%
ep025 step006800 loss=0.5461 ce=1.2627 pair=0.0632 topk_ce=1.0592 risk=0.0210 samples/s=6241 peak_GiB=17.37 time=9.5m
ep025 step006850 loss=0.5448 ce=1.2607 pair=0.0635 topk_ce=1.0514 risk=0.0214 samples/s=8592 peak_GiB=17.37 time=9.5m
ep025 step006900 loss=0.5543 ce=1.2802 pair=0.0662 topk_ce=1.0738 risk=0.0225 samples/s=7867 peak_GiB=17.37 time=9.6m
ep025 step006950 loss=0.5538 ce=1.2794 pair=0.0660 topk_ce=1.0717 risk=0.0222 samples/s=8573 peak_GiB=17.37 time=9.7m
ep025 step007000 loss=0.5562 ce=1.2849 pair=0.0664 topk_ce=1.0768 risk=0.0223 samples/s=7865 peak_GiB=17.37 time=9.7m
[eval epoch 25] macro_top1=0.4586 top2=0.7851 top3=0.9091 vs_sbs=-0.869% vbs_closed=+21.79%
       TSP: top1=0.348 mean_cost=7.9215 (sbs=7.9578) vs_sbs=-0.46%
      CVRP: top1=0.351 mean_cost=18.2925 (sbs=18.2943) vs_sbs=-0.01%
      ATSP: top1=0.752 mean_cost=1.6419 (sbs=1.6735) vs_sbs=-1.89%
      OVRP: top1=0.361 mean_cost=7.4573 (sbs=7.4617) vs_sbs=-0.06%
      VRPB: top1=0.551 mean_cost=9.3371 (sbs=9.3403) vs_sbs=-0.03%
      VRPL: top1=0.326 mean_cost=12.4041 (sbs=12.4072) vs_sbs=-0.03%
     VRPTW: top1=0.391 mean_cost=17.9885 (sbs=18.6571) vs_sbs=-3.58%
    OVRPTW: top1=0.505 mean_cost=10.0447 (sbs=10.0484) vs_sbs=-0.04%
     OVRPB: top1=0.549 mean_cost=6.3256 (sbs=6.3220) vs_sbs=+0.06%
     OVRPL: top1=0.356 mean_cost=7.4358 (sbs=7.4376) vs_sbs=-0.02%
     VRPBL: top1=0.535 mean_cost=9.3551 (sbs=9.3593) vs_sbs=-0.04%
    VRPBTW: top1=0.367 mean_cost=19.1692 (sbs=19.6697) vs_sbs=-2.54%
    VRPLTW: top1=0.411 mean_cost=17.7075 (sbs=18.5091) vs_sbs=-4.33%
    OVRPBL: top1=0.543 mean_cost=6.3093 (sbs=6.3103) vs_sbs=-0.02%
   OVRPBTW: top1=0.499 mean_cost=10.5084 (sbs=10.5068) vs_sbs=+0.02%
   OVRPLTW: top1=0.495 mean_cost=10.1282 (sbs=10.1272) vs_sbs=+0.01%
   VRPBLTW: top1=0.414 mean_cost=19.0001 (sbs=19.5198) vs_sbs=-2.66%
  OVRPBLTW: top1=0.500 mean_cost=10.5401 (sbs=10.5412) vs_sbs=-0.01%
ep026 step007050 loss=0.5553 ce=1.2843 pair=0.0649 topk_ce=1.0744 risk=0.0208 samples/s=6242 peak_GiB=17.37 time=9.8m
ep026 step007100 loss=0.5519 ce=1.2773 pair=0.0644 topk_ce=1.0642 risk=0.0207 samples/s=8562 peak_GiB=17.37 time=9.9m
ep026 step007150 loss=0.5499 ce=1.2722 pair=0.0645 topk_ce=1.0607 risk=0.0212 samples/s=8600 peak_GiB=17.37 time=9.9m
ep026 step007200 loss=0.5511 ce=1.2744 pair=0.0651 topk_ce=1.0642 risk=0.0214 samples/s=7872 peak_GiB=17.37 time=10.0m
ep026 step007250 loss=0.5505 ce=1.2731 pair=0.0647 topk_ce=1.0636 risk=0.0212 samples/s=7879 peak_GiB=17.37 time=10.1m
[eval epoch 26] macro_top1=0.4584 top2=0.7943 top3=0.9119 vs_sbs=-0.914% vbs_closed=+21.73%
       TSP: top1=0.349 mean_cost=7.9215 (sbs=7.9578) vs_sbs=-0.46%
      CVRP: top1=0.356 mean_cost=18.3092 (sbs=18.2943) vs_sbs=+0.08%
      ATSP: top1=0.782 mean_cost=1.6362 (sbs=1.6735) vs_sbs=-2.23%
      OVRP: top1=0.351 mean_cost=7.4585 (sbs=7.4617) vs_sbs=-0.04%
      VRPB: top1=0.532 mean_cost=9.3400 (sbs=9.3403) vs_sbs=-0.00%
      VRPL: top1=0.298 mean_cost=12.4083 (sbs=12.4072) vs_sbs=+0.01%
     VRPTW: top1=0.401 mean_cost=17.9496 (sbs=18.6571) vs_sbs=-3.79%
    OVRPTW: top1=0.494 mean_cost=10.0451 (sbs=10.0484) vs_sbs=-0.03%
     OVRPB: top1=0.559 mean_cost=6.3225 (sbs=6.3220) vs_sbs=+0.01%
     OVRPL: top1=0.353 mean_cost=7.4369 (sbs=7.4376) vs_sbs=-0.01%
     VRPBL: top1=0.533 mean_cost=9.3571 (sbs=9.3593) vs_sbs=-0.02%
    VRPBTW: top1=0.396 mean_cost=19.1294 (sbs=19.6697) vs_sbs=-2.75%
    VRPLTW: top1=0.428 mean_cost=17.6655 (sbs=18.5091) vs_sbs=-4.56%
    OVRPBL: top1=0.538 mean_cost=6.3107 (sbs=6.3103) vs_sbs=+0.01%
   OVRPBTW: top1=0.484 mean_cost=10.5094 (sbs=10.5068) vs_sbs=+0.03%
   OVRPLTW: top1=0.498 mean_cost=10.1298 (sbs=10.1272) vs_sbs=+0.03%
   VRPBLTW: top1=0.414 mean_cost=18.9893 (sbs=19.5198) vs_sbs=-2.72%
  OVRPBLTW: top1=0.486 mean_cost=10.5416 (sbs=10.5412) vs_sbs=+0.00%
ep027 step007300 loss=0.4979 ce=1.1553 pair=0.0546 topk_ce=0.9594 risk=0.0201 samples/s=6679 peak_GiB=17.37 time=10.2m
ep027 step007350 loss=0.5473 ce=1.2653 pair=0.0633 topk_ce=1.0627 risk=0.0203 samples/s=7274 peak_GiB=17.37 time=10.2m
ep027 step007400 loss=0.5467 ce=1.2630 pair=0.0644 topk_ce=1.0615 risk=0.0210 samples/s=9452 peak_GiB=17.37 time=10.3m
ep027 step007450 loss=0.5434 ce=1.2563 pair=0.0639 topk_ce=1.0519 risk=0.0208 samples/s=8600 peak_GiB=17.37 time=10.4m
ep027 step007500 loss=0.5439 ce=1.2577 pair=0.0636 topk_ce=1.0522 risk=0.0208 samples/s=8605 peak_GiB=17.37 time=10.4m
ep027 step007550 loss=0.5449 ce=1.2599 pair=0.0637 topk_ce=1.0544 risk=0.0209 samples/s=6752 peak_GiB=17.37 time=10.5m
[eval epoch 27] macro_top1=0.4531 top2=0.7802 top3=0.8981 vs_sbs=-0.755% vbs_closed=+19.21%
       TSP: top1=0.339 mean_cost=7.9173 (sbs=7.9578) vs_sbs=-0.51%
      CVRP: top1=0.326 mean_cost=18.3408 (sbs=18.2943) vs_sbs=+0.25%
      ATSP: top1=0.777 mean_cost=1.6368 (sbs=1.6735) vs_sbs=-2.20%
      OVRP: top1=0.355 mean_cost=7.4565 (sbs=7.4617) vs_sbs=-0.07%
      VRPB: top1=0.547 mean_cost=9.3368 (sbs=9.3403) vs_sbs=-0.04%
      VRPL: top1=0.322 mean_cost=12.4031 (sbs=12.4072) vs_sbs=-0.03%
     VRPTW: top1=0.374 mean_cost=18.0492 (sbs=18.6571) vs_sbs=-3.26%
    OVRPTW: top1=0.500 mean_cost=10.0432 (sbs=10.0484) vs_sbs=-0.05%
     OVRPB: top1=0.556 mean_cost=6.3213 (sbs=6.3220) vs_sbs=-0.01%
     OVRPL: top1=0.367 mean_cost=7.4354 (sbs=7.4376) vs_sbs=-0.03%
     VRPBL: top1=0.557 mean_cost=9.3535 (sbs=9.3593) vs_sbs=-0.06%
    VRPBTW: top1=0.358 mean_cost=19.3202 (sbs=19.6697) vs_sbs=-1.78%
    VRPLTW: top1=0.413 mean_cost=17.7688 (sbs=18.5091) vs_sbs=-4.00%
    OVRPBL: top1=0.559 mean_cost=6.3057 (sbs=6.3103) vs_sbs=-0.07%
   OVRPBTW: top1=0.466 mean_cost=10.5128 (sbs=10.5068) vs_sbs=+0.06%
   OVRPLTW: top1=0.489 mean_cost=10.1293 (sbs=10.1272) vs_sbs=+0.02%
   VRPBLTW: top1=0.374 mean_cost=19.1526 (sbs=19.5198) vs_sbs=-1.88%
  OVRPBLTW: top1=0.477 mean_cost=10.5488 (sbs=10.5412) vs_sbs=+0.07%
ep028 step007600 loss=0.5556 ce=1.2839 pair=0.0656 topk_ce=1.0761 risk=0.0210 samples/s=6691 peak_GiB=17.37 time=10.6m
ep028 step007650 loss=0.5462 ce=1.2637 pair=0.0637 topk_ce=1.0549 risk=0.0206 samples/s=8600 peak_GiB=17.37 time=10.6m
ep028 step007700 loss=0.5459 ce=1.2627 pair=0.0637 topk_ce=1.0560 risk=0.0205 samples/s=7879 peak_GiB=17.37 time=10.7m
ep028 step007750 loss=0.5443 ce=1.2588 pair=0.0636 topk_ce=1.0524 risk=0.0206 samples/s=8577 peak_GiB=17.37 time=10.8m
ep028 step007800 loss=0.5480 ce=1.2671 pair=0.0642 topk_ce=1.0605 risk=0.0207 samples/s=7865 peak_GiB=17.37 time=10.8m
[eval epoch 28] macro_top1=0.4579 top2=0.7943 top3=0.9089 vs_sbs=-0.897% vbs_closed=+21.32%
       TSP: top1=0.342 mean_cost=7.9394 (sbs=7.9578) vs_sbs=-0.23%
      CVRP: top1=0.348 mean_cost=18.3153 (sbs=18.2943) vs_sbs=+0.11%
      ATSP: top1=0.653 mean_cost=1.6414 (sbs=1.6735) vs_sbs=-1.92%
      OVRP: top1=0.333 mean_cost=7.4587 (sbs=7.4617) vs_sbs=-0.04%
      VRPB: top1=0.521 mean_cost=9.3442 (sbs=9.3403) vs_sbs=+0.04%
      VRPL: top1=0.335 mean_cost=12.4020 (sbs=12.4072) vs_sbs=-0.04%
     VRPTW: top1=0.424 mean_cost=17.9343 (sbs=18.6571) vs_sbs=-3.87%
    OVRPTW: top1=0.510 mean_cost=10.0437 (sbs=10.0484) vs_sbs=-0.05%
     OVRPB: top1=0.567 mean_cost=6.3199 (sbs=6.3220) vs_sbs=-0.03%
     OVRPL: top1=0.366 mean_cost=7.4331 (sbs=7.4376) vs_sbs=-0.06%
     VRPBL: top1=0.558 mean_cost=9.3610 (sbs=9.3593) vs_sbs=+0.02%
    VRPBTW: top1=0.396 mean_cost=19.1301 (sbs=19.6697) vs_sbs=-2.74%
    VRPLTW: top1=0.461 mean_cost=17.6402 (sbs=18.5091) vs_sbs=-4.69%
    OVRPBL: top1=0.554 mean_cost=6.3067 (sbs=6.3103) vs_sbs=-0.06%
   OVRPBTW: top1=0.481 mean_cost=10.5048 (sbs=10.5068) vs_sbs=-0.02%
   OVRPLTW: top1=0.496 mean_cost=10.1262 (sbs=10.1272) vs_sbs=-0.01%
   VRPBLTW: top1=0.398 mean_cost=19.0310 (sbs=19.5198) vs_sbs=-2.50%
  OVRPBLTW: top1=0.499 mean_cost=10.5355 (sbs=10.5412) vs_sbs=-0.05%
ep029 step007850 loss=0.5480 ce=1.2639 pair=0.0655 topk_ce=1.0692 risk=0.0215 samples/s=6680 peak_GiB=17.37 time=10.9m
ep029 step007900 loss=0.5405 ce=1.2491 pair=0.0636 topk_ce=1.0474 risk=0.0210 samples/s=8595 peak_GiB=17.37 time=11.0m
ep029 step007950 loss=0.5438 ce=1.2572 pair=0.0638 topk_ce=1.0531 risk=0.0207 samples/s=7266 peak_GiB=17.37 time=11.0m
ep029 step008000 loss=0.5494 ce=1.2697 pair=0.0646 topk_ce=1.0647 risk=0.0207 samples/s=7881 peak_GiB=17.37 time=11.1m
ep029 step008050 loss=0.5464 ce=1.2627 pair=0.0645 topk_ce=1.0591 risk=0.0208 samples/s=8601 peak_GiB=17.37 time=11.2m
ep029 step008100 loss=0.5464 ce=1.2633 pair=0.0642 topk_ce=1.0574 risk=0.0210 samples/s=8586 peak_GiB=17.37 time=11.2m
[eval epoch 29] macro_top1=0.4632 top2=0.7976 top3=0.9126 vs_sbs=-0.917% vbs_closed=+22.76%
       TSP: top1=0.365 mean_cost=7.9200 (sbs=7.9578) vs_sbs=-0.48%
      CVRP: top1=0.359 mean_cost=18.2833 (sbs=18.2943) vs_sbs=-0.06%
      ATSP: top1=0.770 mean_cost=1.6394 (sbs=1.6735) vs_sbs=-2.04%
      OVRP: top1=0.361 mean_cost=7.4582 (sbs=7.4617) vs_sbs=-0.05%
      VRPB: top1=0.547 mean_cost=9.3410 (sbs=9.3403) vs_sbs=+0.01%
      VRPL: top1=0.312 mean_cost=12.4053 (sbs=12.4072) vs_sbs=-0.02%
     VRPTW: top1=0.419 mean_cost=17.9280 (sbs=18.6571) vs_sbs=-3.91%
    OVRPTW: top1=0.503 mean_cost=10.0441 (sbs=10.0484) vs_sbs=-0.04%
     OVRPB: top1=0.558 mean_cost=6.3240 (sbs=6.3220) vs_sbs=+0.03%
     OVRPL: top1=0.379 mean_cost=7.4355 (sbs=7.4376) vs_sbs=-0.03%
     VRPBL: top1=0.550 mean_cost=9.3536 (sbs=9.3593) vs_sbs=-0.06%
    VRPBTW: top1=0.396 mean_cost=19.1082 (sbs=19.6697) vs_sbs=-2.85%
    VRPLTW: top1=0.429 mean_cost=17.6729 (sbs=18.5091) vs_sbs=-4.52%
    OVRPBL: top1=0.545 mean_cost=6.3074 (sbs=6.3103) vs_sbs=-0.04%
   OVRPBTW: top1=0.484 mean_cost=10.5110 (sbs=10.5068) vs_sbs=+0.04%
   OVRPLTW: top1=0.494 mean_cost=10.1284 (sbs=10.1272) vs_sbs=+0.01%
   VRPBLTW: top1=0.391 mean_cost=19.0158 (sbs=19.5198) vs_sbs=-2.58%
  OVRPBLTW: top1=0.475 mean_cost=10.5484 (sbs=10.5412) vs_sbs=+0.07%
[save] best_top3_safe.pt epoch=29 score=0.9126
[cache] TSP/test: 1000 instances, 4.5 MiB on cuda:0
[cache] CVRP/test: 1000 instances, 8.3 MiB on cuda:0
[cache] ATSP/test: 1000 instances, 38.4 MiB on cuda:0
[cache] OVRP/test: 1000 instances, 3.4 MiB on cuda:0
[cache] VRPB/test: 1000 instances, 3.4 MiB on cuda:0
[cache] VRPL/test: 1000 instances, 3.4 MiB on cuda:0
[cache] VRPTW/test: 1000 instances, 3.4 MiB on cuda:0
[cache] OVRPTW/test: 1000 instances, 3.4 MiB on cuda:0
[cache] OVRPB/test: 1000 instances, 3.4 MiB on cuda:0
[cache] OVRPL/test: 1000 instances, 3.4 MiB on cuda:0
[cache] VRPBL/test: 1000 instances, 3.4 MiB on cuda:0
[cache] VRPBTW/test: 1000 instances, 3.4 MiB on cuda:0
[cache] VRPLTW/test: 1000 instances, 3.4 MiB on cuda:0
[cache] OVRPBL/test: 1000 instances, 3.4 MiB on cuda:0
[cache] OVRPBTW/test: 1000 instances, 3.4 MiB on cuda:0
[cache] OVRPLTW/test: 1000 instances, 3.4 MiB on cuda:0
[cache] VRPBLTW/test: 1000 instances, 3.4 MiB on cuda:0
[cache] OVRPBLTW/test: 1000 instances, 3.4 MiB on cuda:0
[test last] macro_top1=0.4544 top2=0.7917 top3=0.9103 vs_sbs=-0.866% vbs_closed=+19.41%
       TSP: top1=0.349 mean_cost=8.0475 (sbs=8.0829) vs_sbs=-0.44%
      CVRP: top1=0.323 mean_cost=18.3746 (sbs=18.3323) vs_sbs=+0.23%
      ATSP: top1=0.763 mean_cost=1.6370 (sbs=1.6697) vs_sbs=-1.96%
      OVRP: top1=0.332 mean_cost=7.4683 (sbs=7.4695) vs_sbs=-0.02%
      VRPB: top1=0.509 mean_cost=9.2946 (sbs=9.2951) vs_sbs=-0.00%
      VRPL: top1=0.298 mean_cost=12.3572 (sbs=12.3607) vs_sbs=-0.03%
     VRPTW: top1=0.415 mean_cost=17.6822 (sbs=18.4357) vs_sbs=-4.09%
    OVRPTW: top1=0.458 mean_cost=10.1252 (sbs=10.1233) vs_sbs=+0.02%
     OVRPB: top1=0.537 mean_cost=6.2992 (sbs=6.2963) vs_sbs=+0.05%
     OVRPL: top1=0.377 mean_cost=7.4460 (sbs=7.4537) vs_sbs=-0.10%
     VRPBL: top1=0.549 mean_cost=9.2491 (sbs=9.2492) vs_sbs=-0.00%
    VRPBTW: top1=0.419 mean_cost=19.0359 (sbs=19.5263) vs_sbs=-2.51%
    VRPLTW: top1=0.425 mean_cost=17.6556 (sbs=18.4269) vs_sbs=-4.19%
    OVRPBL: top1=0.565 mean_cost=6.3043 (sbs=6.3068) vs_sbs=-0.04%
   OVRPBTW: top1=0.476 mean_cost=10.6233 (sbs=10.6090) vs_sbs=+0.13%
   OVRPLTW: top1=0.486 mean_cost=10.1051 (sbs=10.1036) vs_sbs=+0.01%
   VRPBLTW: top1=0.426 mean_cost=19.1245 (sbs=19.6770) vs_sbs=-2.81%
  OVRPBLTW: top1=0.472 mean_cost=10.6083 (sbs=10.5928) vs_sbs=+0.15%
/public/home/shiys/0selection2/code/V4/train.py:842: FutureWarning: You are using `torch.load` with `weights_only=False` (the current default value), which uses the default pickle module implicitly. It is possible to construct malicious pickle data which will execute arbitrary code during unpickling (See https://github.com/pytorch/pytorch/blob/main/SECURITY.md#untrusted-models for more details). In a future release, the default value for `weights_only` will be flipped to `True`. This limits the functions that could be executed during unpickling. Arbitrary objects will no longer be allowed to be loaded via this mode unless they are explicitly allowlisted by the user via `torch.serialization.add_safe_globals`. We recommend you start setting `weights_only=True` for any use case where you don't have full control of the loaded file. Please open an issue on GitHub for any issues related to this experimental feature.
  best_ckpt = torch.load(best_path, map_location=args.device)
[test best] macro_top1=0.4568 top2=0.7956 top3=0.9103 vs_sbs=-0.898% vbs_closed=+21.95%
       TSP: top1=0.343 mean_cost=8.0480 (sbs=8.0829) vs_sbs=-0.43%
      CVRP: top1=0.325 mean_cost=18.3518 (sbs=18.3323) vs_sbs=+0.11%
      ATSP: top1=0.751 mean_cost=1.6336 (sbs=1.6697) vs_sbs=-2.16%
      OVRP: top1=0.321 mean_cost=7.4717 (sbs=7.4695) vs_sbs=+0.03%
      VRPB: top1=0.515 mean_cost=9.2875 (sbs=9.2951) vs_sbs=-0.08%
      VRPL: top1=0.299 mean_cost=12.3554 (sbs=12.3607) vs_sbs=-0.04%
     VRPTW: top1=0.420 mean_cost=17.6772 (sbs=18.4357) vs_sbs=-4.11%
    OVRPTW: top1=0.461 mean_cost=10.1223 (sbs=10.1233) vs_sbs=-0.01%
     OVRPB: top1=0.537 mean_cost=6.2998 (sbs=6.2963) vs_sbs=+0.06%
     OVRPL: top1=0.366 mean_cost=7.4478 (sbs=7.4537) vs_sbs=-0.08%
     VRPBL: top1=0.553 mean_cost=9.2468 (sbs=9.2492) vs_sbs=-0.03%
    VRPBTW: top1=0.421 mean_cost=19.0633 (sbs=19.5263) vs_sbs=-2.37%
    VRPLTW: top1=0.432 mean_cost=17.6437 (sbs=18.4269) vs_sbs=-4.25%
    OVRPBL: top1=0.564 mean_cost=6.3039 (sbs=6.3068) vs_sbs=-0.05%
   OVRPBTW: top1=0.500 mean_cost=10.6175 (sbs=10.6090) vs_sbs=+0.08%
   OVRPLTW: top1=0.484 mean_cost=10.1067 (sbs=10.1036) vs_sbs=+0.03%
   VRPBLTW: top1=0.428 mean_cost=19.1193 (sbs=19.6770) vs_sbs=-2.83%
  OVRPBLTW: top1=0.503 mean_cost=10.5903 (sbs=10.5928) vs_sbs=-0.02%
/public/home/shiys/0selection2/code/V4/train.py:861: FutureWarning: You are using `torch.load` with `weights_only=False` (the current default value), which uses the default pickle module implicitly. It is possible to construct malicious pickle data which will execute arbitrary code during unpickling (See https://github.com/pytorch/pytorch/blob/main/SECURITY.md#untrusted-models for more details). In a future release, the default value for `weights_only` will be flipped to `True`. This limits the functions that could be executed during unpickling. Arbitrary objects will no longer be allowed to be loaded via this mode unless they are explicitly allowlisted by the user via `torch.serialization.add_safe_globals`. We recommend you start setting `weights_only=True` for any use case where you don't have full control of the loaded file. Please open an issue on GitHub for any issues related to this experimental feature.
  ckpt = torch.load(ckpt_path, map_location=args.device)
[test best_top1] macro_top1=0.4568 top2=0.7956 top3=0.9103 vs_sbs=-0.898% vbs_closed=+21.95%
       TSP: top1=0.343 mean_cost=8.0480 (sbs=8.0829) vs_sbs=-0.43%
      CVRP: top1=0.325 mean_cost=18.3518 (sbs=18.3323) vs_sbs=+0.11%
      ATSP: top1=0.751 mean_cost=1.6336 (sbs=1.6697) vs_sbs=-2.16%
      OVRP: top1=0.321 mean_cost=7.4717 (sbs=7.4695) vs_sbs=+0.03%
      VRPB: top1=0.515 mean_cost=9.2875 (sbs=9.2951) vs_sbs=-0.08%
      VRPL: top1=0.299 mean_cost=12.3554 (sbs=12.3607) vs_sbs=-0.04%
     VRPTW: top1=0.420 mean_cost=17.6772 (sbs=18.4357) vs_sbs=-4.11%
    OVRPTW: top1=0.461 mean_cost=10.1223 (sbs=10.1233) vs_sbs=-0.01%
     OVRPB: top1=0.537 mean_cost=6.2998 (sbs=6.2963) vs_sbs=+0.06%
     OVRPL: top1=0.366 mean_cost=7.4478 (sbs=7.4537) vs_sbs=-0.08%
     VRPBL: top1=0.553 mean_cost=9.2468 (sbs=9.2492) vs_sbs=-0.03%
    VRPBTW: top1=0.421 mean_cost=19.0633 (sbs=19.5263) vs_sbs=-2.37%
    VRPLTW: top1=0.432 mean_cost=17.6437 (sbs=18.4269) vs_sbs=-4.25%
    OVRPBL: top1=0.564 mean_cost=6.3039 (sbs=6.3068) vs_sbs=-0.05%
   OVRPBTW: top1=0.500 mean_cost=10.6175 (sbs=10.6090) vs_sbs=+0.08%
   OVRPLTW: top1=0.484 mean_cost=10.1067 (sbs=10.1036) vs_sbs=+0.03%
   VRPBLTW: top1=0.428 mean_cost=19.1193 (sbs=19.6770) vs_sbs=-2.83%
  OVRPBLTW: top1=0.503 mean_cost=10.5903 (sbs=10.5928) vs_sbs=-0.02%
[test best_top3_safe] macro_top1=0.4544 top2=0.7917 top3=0.9103 vs_sbs=-0.866% vbs_closed=+19.41%
       TSP: top1=0.349 mean_cost=8.0475 (sbs=8.0829) vs_sbs=-0.44%
      CVRP: top1=0.323 mean_cost=18.3746 (sbs=18.3323) vs_sbs=+0.23%
      ATSP: top1=0.763 mean_cost=1.6370 (sbs=1.6697) vs_sbs=-1.96%
      OVRP: top1=0.332 mean_cost=7.4683 (sbs=7.4695) vs_sbs=-0.02%
      VRPB: top1=0.509 mean_cost=9.2946 (sbs=9.2951) vs_sbs=-0.00%
      VRPL: top1=0.298 mean_cost=12.3572 (sbs=12.3607) vs_sbs=-0.03%
     VRPTW: top1=0.415 mean_cost=17.6822 (sbs=18.4357) vs_sbs=-4.09%
    OVRPTW: top1=0.458 mean_cost=10.1252 (sbs=10.1233) vs_sbs=+0.02%
     OVRPB: top1=0.537 mean_cost=6.2992 (sbs=6.2963) vs_sbs=+0.05%
     OVRPL: top1=0.377 mean_cost=7.4460 (sbs=7.4537) vs_sbs=-0.10%
     VRPBL: top1=0.549 mean_cost=9.2491 (sbs=9.2492) vs_sbs=-0.00%
    VRPBTW: top1=0.419 mean_cost=19.0359 (sbs=19.5263) vs_sbs=-2.51%
    VRPLTW: top1=0.425 mean_cost=17.6556 (sbs=18.4269) vs_sbs=-4.19%
    OVRPBL: top1=0.565 mean_cost=6.3043 (sbs=6.3068) vs_sbs=-0.04%
   OVRPBTW: top1=0.476 mean_cost=10.6233 (sbs=10.6090) vs_sbs=+0.13%
   OVRPLTW: top1=0.486 mean_cost=10.1051 (sbs=10.1036) vs_sbs=+0.01%
   VRPBLTW: top1=0.426 mean_cost=19.1245 (sbs=19.6770) vs_sbs=-2.81%
  OVRPBLTW: top1=0.472 mean_cost=10.6083 (sbs=10.5928) vs_sbs=+0.15%
[test best_cost] macro_top1=0.4568 top2=0.7956 top3=0.9103 vs_sbs=-0.898% vbs_closed=+21.95%
       TSP: top1=0.343 mean_cost=8.0480 (sbs=8.0829) vs_sbs=-0.43%
      CVRP: top1=0.325 mean_cost=18.3518 (sbs=18.3323) vs_sbs=+0.11%
      ATSP: top1=0.751 mean_cost=1.6336 (sbs=1.6697) vs_sbs=-2.16%
      OVRP: top1=0.321 mean_cost=7.4717 (sbs=7.4695) vs_sbs=+0.03%
      VRPB: top1=0.515 mean_cost=9.2875 (sbs=9.2951) vs_sbs=-0.08%
      VRPL: top1=0.299 mean_cost=12.3554 (sbs=12.3607) vs_sbs=-0.04%
     VRPTW: top1=0.420 mean_cost=17.6772 (sbs=18.4357) vs_sbs=-4.11%
    OVRPTW: top1=0.461 mean_cost=10.1223 (sbs=10.1233) vs_sbs=-0.01%
     OVRPB: top1=0.537 mean_cost=6.2998 (sbs=6.2963) vs_sbs=+0.06%
     OVRPL: top1=0.366 mean_cost=7.4478 (sbs=7.4537) vs_sbs=-0.08%
     VRPBL: top1=0.553 mean_cost=9.2468 (sbs=9.2492) vs_sbs=-0.03%
    VRPBTW: top1=0.421 mean_cost=19.0633 (sbs=19.5263) vs_sbs=-2.37%
    VRPLTW: top1=0.432 mean_cost=17.6437 (sbs=18.4269) vs_sbs=-4.25%
    OVRPBL: top1=0.564 mean_cost=6.3039 (sbs=6.3068) vs_sbs=-0.05%
   OVRPBTW: top1=0.500 mean_cost=10.6175 (sbs=10.6090) vs_sbs=+0.08%
   OVRPLTW: top1=0.484 mean_cost=10.1067 (sbs=10.1036) vs_sbs=+0.03%
   VRPBLTW: top1=0.428 mean_cost=19.1193 (sbs=19.6770) vs_sbs=-2.83%
  OVRPBLTW: top1=0.503 mean_cost=10.5903 (sbs=10.5928) vs_sbs=-0.02%
wandb:                                                                                
wandb: 
wandb: Run history:
wandb:                                           epoch ▁▁▁▁▁▂▂▂▂▃▃▃▃▃▃▄▄▄▄▅▅▅▅▅▆▆▆▆▆▆▇▇▇▇▇▇████
wandb:                             gpu/peak_memory_gib ▁███████████████████████████████████████
wandb:                           speed/samples_per_sec ▅▆▅▁▇▆▇▄█▆▇▄▆▇▅▆▇▅▆▄▆▆▇▇▇▆▆█▆▆▄▆▆█▅▆▅▇▆▇
wandb:                        test_best/ATSP/mean_cost ▁
wandb:                                test_best/ATSP/n ▁
wandb:                              test_best/ATSP/sbs ▁
wandb:                        test_best/ATSP/std_final ▁
wandb:                             test_best/ATSP/top1 ▁
wandb:                             test_best/ATSP/top2 ▁
wandb:                             test_best/ATSP/top3 ▁
wandb:                              test_best/ATSP/vbs ▁
wandb:               test_best/ATSP/vbs_gap_closed_pct ▁
wandb:                       test_best/ATSP/vs_sbs_pct ▁
wandb:                        test_best/CVRP/mean_cost ▁
wandb:                                test_best/CVRP/n ▁
wandb:                              test_best/CVRP/sbs ▁
wandb:                        test_best/CVRP/std_final ▁
wandb:                             test_best/CVRP/top1 ▁
wandb:                             test_best/CVRP/top2 ▁
wandb:                             test_best/CVRP/top3 ▁
wandb:                              test_best/CVRP/vbs ▁
wandb:               test_best/CVRP/vbs_gap_closed_pct ▁
wandb:                       test_best/CVRP/vs_sbs_pct ▁
wandb:                        test_best/OVRP/mean_cost ▁
wandb:                                test_best/OVRP/n ▁
wandb:                              test_best/OVRP/sbs ▁
wandb:                        test_best/OVRP/std_final ▁
wandb:                             test_best/OVRP/top1 ▁
wandb:                             test_best/OVRP/top2 ▁
wandb:                             test_best/OVRP/top3 ▁
wandb:                              test_best/OVRP/vbs ▁
wandb:               test_best/OVRP/vbs_gap_closed_pct ▁
wandb:                       test_best/OVRP/vs_sbs_pct ▁
wandb:                       test_best/OVRPB/mean_cost ▁
wandb:                               test_best/OVRPB/n ▁
wandb:                             test_best/OVRPB/sbs ▁
wandb:                       test_best/OVRPB/std_final ▁
wandb:                            test_best/OVRPB/top1 ▁
wandb:                            test_best/OVRPB/top2 ▁
wandb:                            test_best/OVRPB/top3 ▁
wandb:                             test_best/OVRPB/vbs ▁
wandb:              test_best/OVRPB/vbs_gap_closed_pct ▁
wandb:                      test_best/OVRPB/vs_sbs_pct ▁
wandb:                      test_best/OVRPBL/mean_cost ▁
wandb:                              test_best/OVRPBL/n ▁
wandb:                            test_best/OVRPBL/sbs ▁
wandb:                      test_best/OVRPBL/std_final ▁
wandb:                           test_best/OVRPBL/top1 ▁
wandb:                           test_best/OVRPBL/top2 ▁
wandb:                           test_best/OVRPBL/top3 ▁
wandb:                            test_best/OVRPBL/vbs ▁
wandb:             test_best/OVRPBL/vbs_gap_closed_pct ▁
wandb:                     test_best/OVRPBL/vs_sbs_pct ▁
wandb:                    test_best/OVRPBLTW/mean_cost ▁
wandb:                            test_best/OVRPBLTW/n ▁
wandb:                          test_best/OVRPBLTW/sbs ▁
wandb:                    test_best/OVRPBLTW/std_final ▁
wandb:                         test_best/OVRPBLTW/top1 ▁
wandb:                         test_best/OVRPBLTW/top2 ▁
wandb:                         test_best/OVRPBLTW/top3 ▁
wandb:                          test_best/OVRPBLTW/vbs ▁
wandb:           test_best/OVRPBLTW/vbs_gap_closed_pct ▁
wandb:                   test_best/OVRPBLTW/vs_sbs_pct ▁
wandb:                     test_best/OVRPBTW/mean_cost ▁
wandb:                             test_best/OVRPBTW/n ▁
wandb:                           test_best/OVRPBTW/sbs ▁
wandb:                     test_best/OVRPBTW/std_final ▁
wandb:                          test_best/OVRPBTW/top1 ▁
wandb:                          test_best/OVRPBTW/top2 ▁
wandb:                          test_best/OVRPBTW/top3 ▁
wandb:                           test_best/OVRPBTW/vbs ▁
wandb:            test_best/OVRPBTW/vbs_gap_closed_pct ▁
wandb:                    test_best/OVRPBTW/vs_sbs_pct ▁
wandb:                       test_best/OVRPL/mean_cost ▁
wandb:                               test_best/OVRPL/n ▁
wandb:                             test_best/OVRPL/sbs ▁
wandb:                       test_best/OVRPL/std_final ▁
wandb:                            test_best/OVRPL/top1 ▁
wandb:                            test_best/OVRPL/top2 ▁
wandb:                            test_best/OVRPL/top3 ▁
wandb:                             test_best/OVRPL/vbs ▁
wandb:              test_best/OVRPL/vbs_gap_closed_pct ▁
wandb:                      test_best/OVRPL/vs_sbs_pct ▁
wandb:                     test_best/OVRPLTW/mean_cost ▁
wandb:                             test_best/OVRPLTW/n ▁
wandb:                           test_best/OVRPLTW/sbs ▁
wandb:                     test_best/OVRPLTW/std_final ▁
wandb:                          test_best/OVRPLTW/top1 ▁
wandb:                          test_best/OVRPLTW/top2 ▁
wandb:                          test_best/OVRPLTW/top3 ▁
wandb:                           test_best/OVRPLTW/vbs ▁
wandb:            test_best/OVRPLTW/vbs_gap_closed_pct ▁
wandb:                    test_best/OVRPLTW/vs_sbs_pct ▁
wandb:                      test_best/OVRPTW/mean_cost ▁
wandb:                              test_best/OVRPTW/n ▁
wandb:                            test_best/OVRPTW/sbs ▁
wandb:                      test_best/OVRPTW/std_final ▁
wandb:                           test_best/OVRPTW/top1 ▁
wandb:                           test_best/OVRPTW/top2 ▁
wandb:                           test_best/OVRPTW/top3 ▁
wandb:                            test_best/OVRPTW/vbs ▁
wandb:             test_best/OVRPTW/vbs_gap_closed_pct ▁
wandb:                     test_best/OVRPTW/vs_sbs_pct ▁
wandb:                         test_best/TSP/mean_cost ▁
wandb:                                 test_best/TSP/n ▁
wandb:                               test_best/TSP/sbs ▁
wandb:                         test_best/TSP/std_final ▁
wandb:                              test_best/TSP/top1 ▁
wandb:                              test_best/TSP/top2 ▁
wandb:                              test_best/TSP/top3 ▁
wandb:                               test_best/TSP/vbs ▁
wandb:                test_best/TSP/vbs_gap_closed_pct ▁
wandb:                        test_best/TSP/vs_sbs_pct ▁
wandb:                        test_best/VRPB/mean_cost ▁
wandb:                                test_best/VRPB/n ▁
wandb:                              test_best/VRPB/sbs ▁
wandb:                        test_best/VRPB/std_final ▁
wandb:                             test_best/VRPB/top1 ▁
wandb:                             test_best/VRPB/top2 ▁
wandb:                             test_best/VRPB/top3 ▁
wandb:                              test_best/VRPB/vbs ▁
wandb:               test_best/VRPB/vbs_gap_closed_pct ▁
wandb:                       test_best/VRPB/vs_sbs_pct ▁
wandb:                       test_best/VRPBL/mean_cost ▁
wandb:                               test_best/VRPBL/n ▁
wandb:                             test_best/VRPBL/sbs ▁
wandb:                       test_best/VRPBL/std_final ▁
wandb:                            test_best/VRPBL/top1 ▁
wandb:                            test_best/VRPBL/top2 ▁
wandb:                            test_best/VRPBL/top3 ▁
wandb:                             test_best/VRPBL/vbs ▁
wandb:              test_best/VRPBL/vbs_gap_closed_pct ▁
wandb:                      test_best/VRPBL/vs_sbs_pct ▁
wandb:                     test_best/VRPBLTW/mean_cost ▁
wandb:                             test_best/VRPBLTW/n ▁
wandb:                           test_best/VRPBLTW/sbs ▁
wandb:                     test_best/VRPBLTW/std_final ▁
wandb:                          test_best/VRPBLTW/top1 ▁
wandb:                          test_best/VRPBLTW/top2 ▁
wandb:                          test_best/VRPBLTW/top3 ▁
wandb:                           test_best/VRPBLTW/vbs ▁
wandb:            test_best/VRPBLTW/vbs_gap_closed_pct ▁
wandb:                    test_best/VRPBLTW/vs_sbs_pct ▁
wandb:                      test_best/VRPBTW/mean_cost ▁
wandb:                              test_best/VRPBTW/n ▁
wandb:                            test_best/VRPBTW/sbs ▁
wandb:                      test_best/VRPBTW/std_final ▁
wandb:                           test_best/VRPBTW/top1 ▁
wandb:                           test_best/VRPBTW/top2 ▁
wandb:                           test_best/VRPBTW/top3 ▁
wandb:                            test_best/VRPBTW/vbs ▁
wandb:             test_best/VRPBTW/vbs_gap_closed_pct ▁
wandb:                     test_best/VRPBTW/vs_sbs_pct ▁
wandb:                        test_best/VRPL/mean_cost ▁
wandb:                                test_best/VRPL/n ▁
wandb:                              test_best/VRPL/sbs ▁
wandb:                        test_best/VRPL/std_final ▁
wandb:                             test_best/VRPL/top1 ▁
wandb:                             test_best/VRPL/top2 ▁
wandb:                             test_best/VRPL/top3 ▁
wandb:                              test_best/VRPL/vbs ▁
wandb:               test_best/VRPL/vbs_gap_closed_pct ▁
wandb:                       test_best/VRPL/vs_sbs_pct ▁
wandb:                      test_best/VRPLTW/mean_cost ▁
wandb:                              test_best/VRPLTW/n ▁
wandb:                            test_best/VRPLTW/sbs ▁
wandb:                      test_best/VRPLTW/std_final ▁
wandb:                           test_best/VRPLTW/top1 ▁
wandb:                           test_best/VRPLTW/top2 ▁
wandb:                           test_best/VRPLTW/top3 ▁
wandb:                            test_best/VRPLTW/vbs ▁
wandb:             test_best/VRPLTW/vbs_gap_closed_pct ▁
wandb:                     test_best/VRPLTW/vs_sbs_pct ▁
wandb:                       test_best/VRPTW/mean_cost ▁
wandb:                               test_best/VRPTW/n ▁
wandb:                             test_best/VRPTW/sbs ▁
wandb:                       test_best/VRPTW/std_final ▁
wandb:                            test_best/VRPTW/top1 ▁
wandb:                            test_best/VRPTW/top2 ▁
wandb:                            test_best/VRPTW/top3 ▁
wandb:                             test_best/VRPTW/vbs ▁
wandb:              test_best/VRPTW/vbs_gap_closed_pct ▁
wandb:                      test_best/VRPTW/vs_sbs_pct ▁
wandb:                            test_best/macro_top1 ▁
wandb:                            test_best/macro_top2 ▁
wandb:                            test_best/macro_top3 ▁
wandb:              test_best/macro_vbs_gap_closed_pct ▁
wandb:                      test_best/macro_vs_sbs_pct ▁
wandb:                   test_best_cost/ATSP/mean_cost ▁
wandb:                           test_best_cost/ATSP/n ▁
wandb:                         test_best_cost/ATSP/sbs ▁
wandb:                   test_best_cost/ATSP/std_final ▁
wandb:                        test_best_cost/ATSP/top1 ▁
wandb:                        test_best_cost/ATSP/top2 ▁
wandb:                        test_best_cost/ATSP/top3 ▁
wandb:                         test_best_cost/ATSP/vbs ▁
wandb:          test_best_cost/ATSP/vbs_gap_closed_pct ▁
wandb:                  test_best_cost/ATSP/vs_sbs_pct ▁
wandb:                   test_best_cost/CVRP/mean_cost ▁
wandb:                           test_best_cost/CVRP/n ▁
wandb:                         test_best_cost/CVRP/sbs ▁
wandb:                   test_best_cost/CVRP/std_final ▁
wandb:                        test_best_cost/CVRP/top1 ▁
wandb:                        test_best_cost/CVRP/top2 ▁
wandb:                        test_best_cost/CVRP/top3 ▁
wandb:                         test_best_cost/CVRP/vbs ▁
wandb:          test_best_cost/CVRP/vbs_gap_closed_pct ▁
wandb:                  test_best_cost/CVRP/vs_sbs_pct ▁
wandb:                   test_best_cost/OVRP/mean_cost ▁
wandb:                           test_best_cost/OVRP/n ▁
wandb:                         test_best_cost/OVRP/sbs ▁
wandb:                   test_best_cost/OVRP/std_final ▁
wandb:                        test_best_cost/OVRP/top1 ▁
wandb:                        test_best_cost/OVRP/top2 ▁
wandb:                        test_best_cost/OVRP/top3 ▁
wandb:                         test_best_cost/OVRP/vbs ▁
wandb:          test_best_cost/OVRP/vbs_gap_closed_pct ▁
wandb:                  test_best_cost/OVRP/vs_sbs_pct ▁
wandb:                  test_best_cost/OVRPB/mean_cost ▁
wandb:                          test_best_cost/OVRPB/n ▁
wandb:                        test_best_cost/OVRPB/sbs ▁
wandb:                  test_best_cost/OVRPB/std_final ▁
wandb:                       test_best_cost/OVRPB/top1 ▁
wandb:                       test_best_cost/OVRPB/top2 ▁
wandb:                       test_best_cost/OVRPB/top3 ▁
wandb:                        test_best_cost/OVRPB/vbs ▁
wandb:         test_best_cost/OVRPB/vbs_gap_closed_pct ▁
wandb:                 test_best_cost/OVRPB/vs_sbs_pct ▁
wandb:                 test_best_cost/OVRPBL/mean_cost ▁
wandb:                         test_best_cost/OVRPBL/n ▁
wandb:                       test_best_cost/OVRPBL/sbs ▁
wandb:                 test_best_cost/OVRPBL/std_final ▁
wandb:                      test_best_cost/OVRPBL/top1 ▁
wandb:                      test_best_cost/OVRPBL/top2 ▁
wandb:                      test_best_cost/OVRPBL/top3 ▁
wandb:                       test_best_cost/OVRPBL/vbs ▁
wandb:        test_best_cost/OVRPBL/vbs_gap_closed_pct ▁
wandb:                test_best_cost/OVRPBL/vs_sbs_pct ▁
wandb:               test_best_cost/OVRPBLTW/mean_cost ▁
wandb:                       test_best_cost/OVRPBLTW/n ▁
wandb:                     test_best_cost/OVRPBLTW/sbs ▁
wandb:               test_best_cost/OVRPBLTW/std_final ▁
wandb:                    test_best_cost/OVRPBLTW/top1 ▁
wandb:                    test_best_cost/OVRPBLTW/top2 ▁
wandb:                    test_best_cost/OVRPBLTW/top3 ▁
wandb:                     test_best_cost/OVRPBLTW/vbs ▁
wandb:      test_best_cost/OVRPBLTW/vbs_gap_closed_pct ▁
wandb:              test_best_cost/OVRPBLTW/vs_sbs_pct ▁
wandb:                test_best_cost/OVRPBTW/mean_cost ▁
wandb:                        test_best_cost/OVRPBTW/n ▁
wandb:                      test_best_cost/OVRPBTW/sbs ▁
wandb:                test_best_cost/OVRPBTW/std_final ▁
wandb:                     test_best_cost/OVRPBTW/top1 ▁
wandb:                     test_best_cost/OVRPBTW/top2 ▁
wandb:                     test_best_cost/OVRPBTW/top3 ▁
wandb:                      test_best_cost/OVRPBTW/vbs ▁
wandb:       test_best_cost/OVRPBTW/vbs_gap_closed_pct ▁
wandb:               test_best_cost/OVRPBTW/vs_sbs_pct ▁
wandb:                  test_best_cost/OVRPL/mean_cost ▁
wandb:                          test_best_cost/OVRPL/n ▁
wandb:                        test_best_cost/OVRPL/sbs ▁
wandb:                  test_best_cost/OVRPL/std_final ▁
wandb:                       test_best_cost/OVRPL/top1 ▁
wandb:                       test_best_cost/OVRPL/top2 ▁
wandb:                       test_best_cost/OVRPL/top3 ▁
wandb:                        test_best_cost/OVRPL/vbs ▁
wandb:         test_best_cost/OVRPL/vbs_gap_closed_pct ▁
wandb:                 test_best_cost/OVRPL/vs_sbs_pct ▁
wandb:                test_best_cost/OVRPLTW/mean_cost ▁
wandb:                        test_best_cost/OVRPLTW/n ▁
wandb:                      test_best_cost/OVRPLTW/sbs ▁
wandb:                test_best_cost/OVRPLTW/std_final ▁
wandb:                     test_best_cost/OVRPLTW/top1 ▁
wandb:                     test_best_cost/OVRPLTW/top2 ▁
wandb:                     test_best_cost/OVRPLTW/top3 ▁
wandb:                      test_best_cost/OVRPLTW/vbs ▁
wandb:       test_best_cost/OVRPLTW/vbs_gap_closed_pct ▁
wandb:               test_best_cost/OVRPLTW/vs_sbs_pct ▁
wandb:                 test_best_cost/OVRPTW/mean_cost ▁
wandb:                         test_best_cost/OVRPTW/n ▁
wandb:                       test_best_cost/OVRPTW/sbs ▁
wandb:                 test_best_cost/OVRPTW/std_final ▁
wandb:                      test_best_cost/OVRPTW/top1 ▁
wandb:                      test_best_cost/OVRPTW/top2 ▁
wandb:                      test_best_cost/OVRPTW/top3 ▁
wandb:                       test_best_cost/OVRPTW/vbs ▁
wandb:        test_best_cost/OVRPTW/vbs_gap_closed_pct ▁
wandb:                test_best_cost/OVRPTW/vs_sbs_pct ▁
wandb:                    test_best_cost/TSP/mean_cost ▁
wandb:                            test_best_cost/TSP/n ▁
wandb:                          test_best_cost/TSP/sbs ▁
wandb:                    test_best_cost/TSP/std_final ▁
wandb:                         test_best_cost/TSP/top1 ▁
wandb:                         test_best_cost/TSP/top2 ▁
wandb:                         test_best_cost/TSP/top3 ▁
wandb:                          test_best_cost/TSP/vbs ▁
wandb:           test_best_cost/TSP/vbs_gap_closed_pct ▁
wandb:                   test_best_cost/TSP/vs_sbs_pct ▁
wandb:                   test_best_cost/VRPB/mean_cost ▁
wandb:                           test_best_cost/VRPB/n ▁
wandb:                         test_best_cost/VRPB/sbs ▁
wandb:                   test_best_cost/VRPB/std_final ▁
wandb:                        test_best_cost/VRPB/top1 ▁
wandb:                        test_best_cost/VRPB/top2 ▁
wandb:                        test_best_cost/VRPB/top3 ▁
wandb:                         test_best_cost/VRPB/vbs ▁
wandb:          test_best_cost/VRPB/vbs_gap_closed_pct ▁
wandb:                  test_best_cost/VRPB/vs_sbs_pct ▁
wandb:                  test_best_cost/VRPBL/mean_cost ▁
wandb:                          test_best_cost/VRPBL/n ▁
wandb:                        test_best_cost/VRPBL/sbs ▁
wandb:                  test_best_cost/VRPBL/std_final ▁
wandb:                       test_best_cost/VRPBL/top1 ▁
wandb:                       test_best_cost/VRPBL/top2 ▁
wandb:                       test_best_cost/VRPBL/top3 ▁
wandb:                        test_best_cost/VRPBL/vbs ▁
wandb:         test_best_cost/VRPBL/vbs_gap_closed_pct ▁
wandb:                 test_best_cost/VRPBL/vs_sbs_pct ▁
wandb:                test_best_cost/VRPBLTW/mean_cost ▁
wandb:                        test_best_cost/VRPBLTW/n ▁
wandb:                      test_best_cost/VRPBLTW/sbs ▁
wandb:                test_best_cost/VRPBLTW/std_final ▁
wandb:                     test_best_cost/VRPBLTW/top1 ▁
wandb:                     test_best_cost/VRPBLTW/top2 ▁
wandb:                     test_best_cost/VRPBLTW/top3 ▁
wandb:                      test_best_cost/VRPBLTW/vbs ▁
wandb:       test_best_cost/VRPBLTW/vbs_gap_closed_pct ▁
wandb:               test_best_cost/VRPBLTW/vs_sbs_pct ▁
wandb:                 test_best_cost/VRPBTW/mean_cost ▁
wandb:                         test_best_cost/VRPBTW/n ▁
wandb:                       test_best_cost/VRPBTW/sbs ▁
wandb:                 test_best_cost/VRPBTW/std_final ▁
wandb:                      test_best_cost/VRPBTW/top1 ▁
wandb:                      test_best_cost/VRPBTW/top2 ▁
wandb:                      test_best_cost/VRPBTW/top3 ▁
wandb:                       test_best_cost/VRPBTW/vbs ▁
wandb:        test_best_cost/VRPBTW/vbs_gap_closed_pct ▁
wandb:                test_best_cost/VRPBTW/vs_sbs_pct ▁
wandb:                   test_best_cost/VRPL/mean_cost ▁
wandb:                           test_best_cost/VRPL/n ▁
wandb:                         test_best_cost/VRPL/sbs ▁
wandb:                   test_best_cost/VRPL/std_final ▁
wandb:                        test_best_cost/VRPL/top1 ▁
wandb:                        test_best_cost/VRPL/top2 ▁
wandb:                        test_best_cost/VRPL/top3 ▁
wandb:                         test_best_cost/VRPL/vbs ▁
wandb:          test_best_cost/VRPL/vbs_gap_closed_pct ▁
wandb:                  test_best_cost/VRPL/vs_sbs_pct ▁
wandb:                 test_best_cost/VRPLTW/mean_cost ▁
wandb:                         test_best_cost/VRPLTW/n ▁
wandb:                       test_best_cost/VRPLTW/sbs ▁
wandb:                 test_best_cost/VRPLTW/std_final ▁
wandb:                      test_best_cost/VRPLTW/top1 ▁
wandb:                      test_best_cost/VRPLTW/top2 ▁
wandb:                      test_best_cost/VRPLTW/top3 ▁
wandb:                       test_best_cost/VRPLTW/vbs ▁
wandb:        test_best_cost/VRPLTW/vbs_gap_closed_pct ▁
wandb:                test_best_cost/VRPLTW/vs_sbs_pct ▁
wandb:                  test_best_cost/VRPTW/mean_cost ▁
wandb:                          test_best_cost/VRPTW/n ▁
wandb:                        test_best_cost/VRPTW/sbs ▁
wandb:                  test_best_cost/VRPTW/std_final ▁
wandb:                       test_best_cost/VRPTW/top1 ▁
wandb:                       test_best_cost/VRPTW/top2 ▁
wandb:                       test_best_cost/VRPTW/top3 ▁
wandb:                        test_best_cost/VRPTW/vbs ▁
wandb:         test_best_cost/VRPTW/vbs_gap_closed_pct ▁
wandb:                 test_best_cost/VRPTW/vs_sbs_pct ▁
wandb:                       test_best_cost/macro_top1 ▁
wandb:                       test_best_cost/macro_top2 ▁
wandb:                       test_best_cost/macro_top3 ▁
wandb:         test_best_cost/macro_vbs_gap_closed_pct ▁
wandb:                 test_best_cost/macro_vs_sbs_pct ▁
wandb:                   test_best_top1/ATSP/mean_cost ▁
wandb:                           test_best_top1/ATSP/n ▁
wandb:                         test_best_top1/ATSP/sbs ▁
wandb:                   test_best_top1/ATSP/std_final ▁
wandb:                        test_best_top1/ATSP/top1 ▁
wandb:                        test_best_top1/ATSP/top2 ▁
wandb:                        test_best_top1/ATSP/top3 ▁
wandb:                         test_best_top1/ATSP/vbs ▁
wandb:          test_best_top1/ATSP/vbs_gap_closed_pct ▁
wandb:                  test_best_top1/ATSP/vs_sbs_pct ▁
wandb:                   test_best_top1/CVRP/mean_cost ▁
wandb:                           test_best_top1/CVRP/n ▁
wandb:                         test_best_top1/CVRP/sbs ▁
wandb:                   test_best_top1/CVRP/std_final ▁
wandb:                        test_best_top1/CVRP/top1 ▁
wandb:                        test_best_top1/CVRP/top2 ▁
wandb:                        test_best_top1/CVRP/top3 ▁
wandb:                         test_best_top1/CVRP/vbs ▁
wandb:          test_best_top1/CVRP/vbs_gap_closed_pct ▁
wandb:                  test_best_top1/CVRP/vs_sbs_pct ▁
wandb:                   test_best_top1/OVRP/mean_cost ▁
wandb:                           test_best_top1/OVRP/n ▁
wandb:                         test_best_top1/OVRP/sbs ▁
wandb:                   test_best_top1/OVRP/std_final ▁
wandb:                        test_best_top1/OVRP/top1 ▁
wandb:                        test_best_top1/OVRP/top2 ▁
wandb:                        test_best_top1/OVRP/top3 ▁
wandb:                         test_best_top1/OVRP/vbs ▁
wandb:          test_best_top1/OVRP/vbs_gap_closed_pct ▁
wandb:                  test_best_top1/OVRP/vs_sbs_pct ▁
wandb:                  test_best_top1/OVRPB/mean_cost ▁
wandb:                          test_best_top1/OVRPB/n ▁
wandb:                        test_best_top1/OVRPB/sbs ▁
wandb:                  test_best_top1/OVRPB/std_final ▁
wandb:                       test_best_top1/OVRPB/top1 ▁
wandb:                       test_best_top1/OVRPB/top2 ▁
wandb:                       test_best_top1/OVRPB/top3 ▁
wandb:                        test_best_top1/OVRPB/vbs ▁
wandb:         test_best_top1/OVRPB/vbs_gap_closed_pct ▁
wandb:                 test_best_top1/OVRPB/vs_sbs_pct ▁
wandb:                 test_best_top1/OVRPBL/mean_cost ▁
wandb:                         test_best_top1/OVRPBL/n ▁
wandb:                       test_best_top1/OVRPBL/sbs ▁
wandb:                 test_best_top1/OVRPBL/std_final ▁
wandb:                      test_best_top1/OVRPBL/top1 ▁
wandb:                      test_best_top1/OVRPBL/top2 ▁
wandb:                      test_best_top1/OVRPBL/top3 ▁
wandb:                       test_best_top1/OVRPBL/vbs ▁
wandb:        test_best_top1/OVRPBL/vbs_gap_closed_pct ▁
wandb:                test_best_top1/OVRPBL/vs_sbs_pct ▁
wandb:               test_best_top1/OVRPBLTW/mean_cost ▁
wandb:                       test_best_top1/OVRPBLTW/n ▁
wandb:                     test_best_top1/OVRPBLTW/sbs ▁
wandb:               test_best_top1/OVRPBLTW/std_final ▁
wandb:                    test_best_top1/OVRPBLTW/top1 ▁
wandb:                    test_best_top1/OVRPBLTW/top2 ▁
wandb:                    test_best_top1/OVRPBLTW/top3 ▁
wandb:                     test_best_top1/OVRPBLTW/vbs ▁
wandb:      test_best_top1/OVRPBLTW/vbs_gap_closed_pct ▁
wandb:              test_best_top1/OVRPBLTW/vs_sbs_pct ▁
wandb:                test_best_top1/OVRPBTW/mean_cost ▁
wandb:                        test_best_top1/OVRPBTW/n ▁
wandb:                      test_best_top1/OVRPBTW/sbs ▁
wandb:                test_best_top1/OVRPBTW/std_final ▁
wandb:                     test_best_top1/OVRPBTW/top1 ▁
wandb:                     test_best_top1/OVRPBTW/top2 ▁
wandb:                     test_best_top1/OVRPBTW/top3 ▁
wandb:                      test_best_top1/OVRPBTW/vbs ▁
wandb:       test_best_top1/OVRPBTW/vbs_gap_closed_pct ▁
wandb:               test_best_top1/OVRPBTW/vs_sbs_pct ▁
wandb:                  test_best_top1/OVRPL/mean_cost ▁
wandb:                          test_best_top1/OVRPL/n ▁
wandb:                        test_best_top1/OVRPL/sbs ▁
wandb:                  test_best_top1/OVRPL/std_final ▁
wandb:                       test_best_top1/OVRPL/top1 ▁
wandb:                       test_best_top1/OVRPL/top2 ▁
wandb:                       test_best_top1/OVRPL/top3 ▁
wandb:                        test_best_top1/OVRPL/vbs ▁
wandb:         test_best_top1/OVRPL/vbs_gap_closed_pct ▁
wandb:                 test_best_top1/OVRPL/vs_sbs_pct ▁
wandb:                test_best_top1/OVRPLTW/mean_cost ▁
wandb:                        test_best_top1/OVRPLTW/n ▁
wandb:                      test_best_top1/OVRPLTW/sbs ▁
wandb:                test_best_top1/OVRPLTW/std_final ▁
wandb:                     test_best_top1/OVRPLTW/top1 ▁
wandb:                     test_best_top1/OVRPLTW/top2 ▁
wandb:                     test_best_top1/OVRPLTW/top3 ▁
wandb:                      test_best_top1/OVRPLTW/vbs ▁
wandb:       test_best_top1/OVRPLTW/vbs_gap_closed_pct ▁
wandb:               test_best_top1/OVRPLTW/vs_sbs_pct ▁
wandb:                 test_best_top1/OVRPTW/mean_cost ▁
wandb:                         test_best_top1/OVRPTW/n ▁
wandb:                       test_best_top1/OVRPTW/sbs ▁
wandb:                 test_best_top1/OVRPTW/std_final ▁
wandb:                      test_best_top1/OVRPTW/top1 ▁
wandb:                      test_best_top1/OVRPTW/top2 ▁
wandb:                      test_best_top1/OVRPTW/top3 ▁
wandb:                       test_best_top1/OVRPTW/vbs ▁
wandb:        test_best_top1/OVRPTW/vbs_gap_closed_pct ▁
wandb:                test_best_top1/OVRPTW/vs_sbs_pct ▁
wandb:                    test_best_top1/TSP/mean_cost ▁
wandb:                            test_best_top1/TSP/n ▁
wandb:                          test_best_top1/TSP/sbs ▁
wandb:                    test_best_top1/TSP/std_final ▁
wandb:                         test_best_top1/TSP/top1 ▁
wandb:                         test_best_top1/TSP/top2 ▁
wandb:                         test_best_top1/TSP/top3 ▁
wandb:                          test_best_top1/TSP/vbs ▁
wandb:           test_best_top1/TSP/vbs_gap_closed_pct ▁
wandb:                   test_best_top1/TSP/vs_sbs_pct ▁
wandb:                   test_best_top1/VRPB/mean_cost ▁
wandb:                           test_best_top1/VRPB/n ▁
wandb:                         test_best_top1/VRPB/sbs ▁
wandb:                   test_best_top1/VRPB/std_final ▁
wandb:                        test_best_top1/VRPB/top1 ▁
wandb:                        test_best_top1/VRPB/top2 ▁
wandb:                        test_best_top1/VRPB/top3 ▁
wandb:                         test_best_top1/VRPB/vbs ▁
wandb:          test_best_top1/VRPB/vbs_gap_closed_pct ▁
wandb:                  test_best_top1/VRPB/vs_sbs_pct ▁
wandb:                  test_best_top1/VRPBL/mean_cost ▁
wandb:                          test_best_top1/VRPBL/n ▁
wandb:                        test_best_top1/VRPBL/sbs ▁
wandb:                  test_best_top1/VRPBL/std_final ▁
wandb:                       test_best_top1/VRPBL/top1 ▁
wandb:                       test_best_top1/VRPBL/top2 ▁
wandb:                       test_best_top1/VRPBL/top3 ▁
wandb:                        test_best_top1/VRPBL/vbs ▁
wandb:         test_best_top1/VRPBL/vbs_gap_closed_pct ▁
wandb:                 test_best_top1/VRPBL/vs_sbs_pct ▁
wandb:                test_best_top1/VRPBLTW/mean_cost ▁
wandb:                        test_best_top1/VRPBLTW/n ▁
wandb:                      test_best_top1/VRPBLTW/sbs ▁
wandb:                test_best_top1/VRPBLTW/std_final ▁
wandb:                     test_best_top1/VRPBLTW/top1 ▁
wandb:                     test_best_top1/VRPBLTW/top2 ▁
wandb:                     test_best_top1/VRPBLTW/top3 ▁
wandb:                      test_best_top1/VRPBLTW/vbs ▁
wandb:       test_best_top1/VRPBLTW/vbs_gap_closed_pct ▁
wandb:               test_best_top1/VRPBLTW/vs_sbs_pct ▁
wandb:                 test_best_top1/VRPBTW/mean_cost ▁
wandb:                         test_best_top1/VRPBTW/n ▁
wandb:                       test_best_top1/VRPBTW/sbs ▁
wandb:                 test_best_top1/VRPBTW/std_final ▁
wandb:                      test_best_top1/VRPBTW/top1 ▁
wandb:                      test_best_top1/VRPBTW/top2 ▁
wandb:                      test_best_top1/VRPBTW/top3 ▁
wandb:                       test_best_top1/VRPBTW/vbs ▁
wandb:        test_best_top1/VRPBTW/vbs_gap_closed_pct ▁
wandb:                test_best_top1/VRPBTW/vs_sbs_pct ▁
wandb:                   test_best_top1/VRPL/mean_cost ▁
wandb:                           test_best_top1/VRPL/n ▁
wandb:                         test_best_top1/VRPL/sbs ▁
wandb:                   test_best_top1/VRPL/std_final ▁
wandb:                        test_best_top1/VRPL/top1 ▁
wandb:                        test_best_top1/VRPL/top2 ▁
wandb:                        test_best_top1/VRPL/top3 ▁
wandb:                         test_best_top1/VRPL/vbs ▁
wandb:          test_best_top1/VRPL/vbs_gap_closed_pct ▁
wandb:                  test_best_top1/VRPL/vs_sbs_pct ▁
wandb:                 test_best_top1/VRPLTW/mean_cost ▁
wandb:                         test_best_top1/VRPLTW/n ▁
wandb:                       test_best_top1/VRPLTW/sbs ▁
wandb:                 test_best_top1/VRPLTW/std_final ▁
wandb:                      test_best_top1/VRPLTW/top1 ▁
wandb:                      test_best_top1/VRPLTW/top2 ▁
wandb:                      test_best_top1/VRPLTW/top3 ▁
wandb:                       test_best_top1/VRPLTW/vbs ▁
wandb:        test_best_top1/VRPLTW/vbs_gap_closed_pct ▁
wandb:                test_best_top1/VRPLTW/vs_sbs_pct ▁
wandb:                  test_best_top1/VRPTW/mean_cost ▁
wandb:                          test_best_top1/VRPTW/n ▁
wandb:                        test_best_top1/VRPTW/sbs ▁
wandb:                  test_best_top1/VRPTW/std_final ▁
wandb:                       test_best_top1/VRPTW/top1 ▁
wandb:                       test_best_top1/VRPTW/top2 ▁
wandb:                       test_best_top1/VRPTW/top3 ▁
wandb:                        test_best_top1/VRPTW/vbs ▁
wandb:         test_best_top1/VRPTW/vbs_gap_closed_pct ▁
wandb:                 test_best_top1/VRPTW/vs_sbs_pct ▁
wandb:                       test_best_top1/macro_top1 ▁
wandb:                       test_best_top1/macro_top2 ▁
wandb:                       test_best_top1/macro_top3 ▁
wandb:         test_best_top1/macro_vbs_gap_closed_pct ▁
wandb:                 test_best_top1/macro_vs_sbs_pct ▁
wandb:              test_best_top3_safe/ATSP/mean_cost ▁
wandb:                      test_best_top3_safe/ATSP/n ▁
wandb:                    test_best_top3_safe/ATSP/sbs ▁
wandb:              test_best_top3_safe/ATSP/std_final ▁
wandb:                   test_best_top3_safe/ATSP/top1 ▁
wandb:                   test_best_top3_safe/ATSP/top2 ▁
wandb:                   test_best_top3_safe/ATSP/top3 ▁
wandb:                    test_best_top3_safe/ATSP/vbs ▁
wandb:     test_best_top3_safe/ATSP/vbs_gap_closed_pct ▁
wandb:             test_best_top3_safe/ATSP/vs_sbs_pct ▁
wandb:              test_best_top3_safe/CVRP/mean_cost ▁
wandb:                      test_best_top3_safe/CVRP/n ▁
wandb:                    test_best_top3_safe/CVRP/sbs ▁
wandb:              test_best_top3_safe/CVRP/std_final ▁
wandb:                   test_best_top3_safe/CVRP/top1 ▁
wandb:                   test_best_top3_safe/CVRP/top2 ▁
wandb:                   test_best_top3_safe/CVRP/top3 ▁
wandb:                    test_best_top3_safe/CVRP/vbs ▁
wandb:     test_best_top3_safe/CVRP/vbs_gap_closed_pct ▁
wandb:             test_best_top3_safe/CVRP/vs_sbs_pct ▁
wandb:              test_best_top3_safe/OVRP/mean_cost ▁
wandb:                      test_best_top3_safe/OVRP/n ▁
wandb:                    test_best_top3_safe/OVRP/sbs ▁
wandb:              test_best_top3_safe/OVRP/std_final ▁
wandb:                   test_best_top3_safe/OVRP/top1 ▁
wandb:                   test_best_top3_safe/OVRP/top2 ▁
wandb:                   test_best_top3_safe/OVRP/top3 ▁
wandb:                    test_best_top3_safe/OVRP/vbs ▁
wandb:     test_best_top3_safe/OVRP/vbs_gap_closed_pct ▁
wandb:             test_best_top3_safe/OVRP/vs_sbs_pct ▁
wandb:             test_best_top3_safe/OVRPB/mean_cost ▁
wandb:                     test_best_top3_safe/OVRPB/n ▁
wandb:                   test_best_top3_safe/OVRPB/sbs ▁
wandb:             test_best_top3_safe/OVRPB/std_final ▁
wandb:                  test_best_top3_safe/OVRPB/top1 ▁
wandb:                  test_best_top3_safe/OVRPB/top2 ▁
wandb:                  test_best_top3_safe/OVRPB/top3 ▁
wandb:                   test_best_top3_safe/OVRPB/vbs ▁
wandb:    test_best_top3_safe/OVRPB/vbs_gap_closed_pct ▁
wandb:            test_best_top3_safe/OVRPB/vs_sbs_pct ▁
wandb:            test_best_top3_safe/OVRPBL/mean_cost ▁
wandb:                    test_best_top3_safe/OVRPBL/n ▁
wandb:                  test_best_top3_safe/OVRPBL/sbs ▁
wandb:            test_best_top3_safe/OVRPBL/std_final ▁
wandb:                 test_best_top3_safe/OVRPBL/top1 ▁
wandb:                 test_best_top3_safe/OVRPBL/top2 ▁
wandb:                 test_best_top3_safe/OVRPBL/top3 ▁
wandb:                  test_best_top3_safe/OVRPBL/vbs ▁
wandb:   test_best_top3_safe/OVRPBL/vbs_gap_closed_pct ▁
wandb:           test_best_top3_safe/OVRPBL/vs_sbs_pct ▁
wandb:          test_best_top3_safe/OVRPBLTW/mean_cost ▁
wandb:                  test_best_top3_safe/OVRPBLTW/n ▁
wandb:                test_best_top3_safe/OVRPBLTW/sbs ▁
wandb:          test_best_top3_safe/OVRPBLTW/std_final ▁
wandb:               test_best_top3_safe/OVRPBLTW/top1 ▁
wandb:               test_best_top3_safe/OVRPBLTW/top2 ▁
wandb:               test_best_top3_safe/OVRPBLTW/top3 ▁
wandb:                test_best_top3_safe/OVRPBLTW/vbs ▁
wandb: test_best_top3_safe/OVRPBLTW/vbs_gap_closed_pct ▁
wandb:         test_best_top3_safe/OVRPBLTW/vs_sbs_pct ▁
wandb:           test_best_top3_safe/OVRPBTW/mean_cost ▁
wandb:                   test_best_top3_safe/OVRPBTW/n ▁
wandb:                 test_best_top3_safe/OVRPBTW/sbs ▁
wandb:           test_best_top3_safe/OVRPBTW/std_final ▁
wandb:                test_best_top3_safe/OVRPBTW/top1 ▁
wandb:                test_best_top3_safe/OVRPBTW/top2 ▁
wandb:                test_best_top3_safe/OVRPBTW/top3 ▁
wandb:                 test_best_top3_safe/OVRPBTW/vbs ▁
wandb:  test_best_top3_safe/OVRPBTW/vbs_gap_closed_pct ▁
wandb:          test_best_top3_safe/OVRPBTW/vs_sbs_pct ▁
wandb:             test_best_top3_safe/OVRPL/mean_cost ▁
wandb:                     test_best_top3_safe/OVRPL/n ▁
wandb:                   test_best_top3_safe/OVRPL/sbs ▁
wandb:             test_best_top3_safe/OVRPL/std_final ▁
wandb:                  test_best_top3_safe/OVRPL/top1 ▁
wandb:                  test_best_top3_safe/OVRPL/top2 ▁
wandb:                  test_best_top3_safe/OVRPL/top3 ▁
wandb:                   test_best_top3_safe/OVRPL/vbs ▁
wandb:    test_best_top3_safe/OVRPL/vbs_gap_closed_pct ▁
wandb:            test_best_top3_safe/OVRPL/vs_sbs_pct ▁
wandb:           test_best_top3_safe/OVRPLTW/mean_cost ▁
wandb:                   test_best_top3_safe/OVRPLTW/n ▁
wandb:                 test_best_top3_safe/OVRPLTW/sbs ▁
wandb:           test_best_top3_safe/OVRPLTW/std_final ▁
wandb:                test_best_top3_safe/OVRPLTW/top1 ▁
wandb:                test_best_top3_safe/OVRPLTW/top2 ▁
wandb:                test_best_top3_safe/OVRPLTW/top3 ▁
wandb:                 test_best_top3_safe/OVRPLTW/vbs ▁
wandb:  test_best_top3_safe/OVRPLTW/vbs_gap_closed_pct ▁
wandb:          test_best_top3_safe/OVRPLTW/vs_sbs_pct ▁
wandb:            test_best_top3_safe/OVRPTW/mean_cost ▁
wandb:                    test_best_top3_safe/OVRPTW/n ▁
wandb:                  test_best_top3_safe/OVRPTW/sbs ▁
wandb:            test_best_top3_safe/OVRPTW/std_final ▁
wandb:                 test_best_top3_safe/OVRPTW/top1 ▁
wandb:                 test_best_top3_safe/OVRPTW/top2 ▁
wandb:                 test_best_top3_safe/OVRPTW/top3 ▁
wandb:                  test_best_top3_safe/OVRPTW/vbs ▁
wandb:   test_best_top3_safe/OVRPTW/vbs_gap_closed_pct ▁
wandb:           test_best_top3_safe/OVRPTW/vs_sbs_pct ▁
wandb:               test_best_top3_safe/TSP/mean_cost ▁
wandb:                       test_best_top3_safe/TSP/n ▁
wandb:                     test_best_top3_safe/TSP/sbs ▁
wandb:               test_best_top3_safe/TSP/std_final ▁
wandb:                    test_best_top3_safe/TSP/top1 ▁
wandb:                    test_best_top3_safe/TSP/top2 ▁
wandb:                    test_best_top3_safe/TSP/top3 ▁
wandb:                     test_best_top3_safe/TSP/vbs ▁
wandb:      test_best_top3_safe/TSP/vbs_gap_closed_pct ▁
wandb:              test_best_top3_safe/TSP/vs_sbs_pct ▁
wandb:              test_best_top3_safe/VRPB/mean_cost ▁
wandb:                      test_best_top3_safe/VRPB/n ▁
wandb:                    test_best_top3_safe/VRPB/sbs ▁
wandb:              test_best_top3_safe/VRPB/std_final ▁
wandb:                   test_best_top3_safe/VRPB/top1 ▁
wandb:                   test_best_top3_safe/VRPB/top2 ▁
wandb:                   test_best_top3_safe/VRPB/top3 ▁
wandb:                    test_best_top3_safe/VRPB/vbs ▁
wandb:     test_best_top3_safe/VRPB/vbs_gap_closed_pct ▁
wandb:             test_best_top3_safe/VRPB/vs_sbs_pct ▁
wandb:             test_best_top3_safe/VRPBL/mean_cost ▁
wandb:                     test_best_top3_safe/VRPBL/n ▁
wandb:                   test_best_top3_safe/VRPBL/sbs ▁
wandb:             test_best_top3_safe/VRPBL/std_final ▁
wandb:                  test_best_top3_safe/VRPBL/top1 ▁
wandb:                  test_best_top3_safe/VRPBL/top2 ▁
wandb:                  test_best_top3_safe/VRPBL/top3 ▁
wandb:                   test_best_top3_safe/VRPBL/vbs ▁
wandb:    test_best_top3_safe/VRPBL/vbs_gap_closed_pct ▁
wandb:            test_best_top3_safe/VRPBL/vs_sbs_pct ▁
wandb:           test_best_top3_safe/VRPBLTW/mean_cost ▁
wandb:                   test_best_top3_safe/VRPBLTW/n ▁
wandb:                 test_best_top3_safe/VRPBLTW/sbs ▁
wandb:           test_best_top3_safe/VRPBLTW/std_final ▁
wandb:                test_best_top3_safe/VRPBLTW/top1 ▁
wandb:                test_best_top3_safe/VRPBLTW/top2 ▁
wandb:                test_best_top3_safe/VRPBLTW/top3 ▁
wandb:                 test_best_top3_safe/VRPBLTW/vbs ▁
wandb:  test_best_top3_safe/VRPBLTW/vbs_gap_closed_pct ▁
wandb:          test_best_top3_safe/VRPBLTW/vs_sbs_pct ▁
wandb:            test_best_top3_safe/VRPBTW/mean_cost ▁
wandb:                    test_best_top3_safe/VRPBTW/n ▁
wandb:                  test_best_top3_safe/VRPBTW/sbs ▁
wandb:            test_best_top3_safe/VRPBTW/std_final ▁
wandb:                 test_best_top3_safe/VRPBTW/top1 ▁
wandb:                 test_best_top3_safe/VRPBTW/top2 ▁
wandb:                 test_best_top3_safe/VRPBTW/top3 ▁
wandb:                  test_best_top3_safe/VRPBTW/vbs ▁
wandb:   test_best_top3_safe/VRPBTW/vbs_gap_closed_pct ▁
wandb:           test_best_top3_safe/VRPBTW/vs_sbs_pct ▁
wandb:              test_best_top3_safe/VRPL/mean_cost ▁
wandb:                      test_best_top3_safe/VRPL/n ▁
wandb:                    test_best_top3_safe/VRPL/sbs ▁
wandb:              test_best_top3_safe/VRPL/std_final ▁
wandb:                   test_best_top3_safe/VRPL/top1 ▁
wandb:                   test_best_top3_safe/VRPL/top2 ▁
wandb:                   test_best_top3_safe/VRPL/top3 ▁
wandb:                    test_best_top3_safe/VRPL/vbs ▁
wandb:     test_best_top3_safe/VRPL/vbs_gap_closed_pct ▁
wandb:             test_best_top3_safe/VRPL/vs_sbs_pct ▁
wandb:            test_best_top3_safe/VRPLTW/mean_cost ▁
wandb:                    test_best_top3_safe/VRPLTW/n ▁
wandb:                  test_best_top3_safe/VRPLTW/sbs ▁
wandb:            test_best_top3_safe/VRPLTW/std_final ▁
wandb:                 test_best_top3_safe/VRPLTW/top1 ▁
wandb:                 test_best_top3_safe/VRPLTW/top2 ▁
wandb:                 test_best_top3_safe/VRPLTW/top3 ▁
wandb:                  test_best_top3_safe/VRPLTW/vbs ▁
wandb:   test_best_top3_safe/VRPLTW/vbs_gap_closed_pct ▁
wandb:           test_best_top3_safe/VRPLTW/vs_sbs_pct ▁
wandb:             test_best_top3_safe/VRPTW/mean_cost ▁
wandb:                     test_best_top3_safe/VRPTW/n ▁
wandb:                   test_best_top3_safe/VRPTW/sbs ▁
wandb:             test_best_top3_safe/VRPTW/std_final ▁
wandb:                  test_best_top3_safe/VRPTW/top1 ▁
wandb:                  test_best_top3_safe/VRPTW/top2 ▁
wandb:                  test_best_top3_safe/VRPTW/top3 ▁
wandb:                   test_best_top3_safe/VRPTW/vbs ▁
wandb:    test_best_top3_safe/VRPTW/vbs_gap_closed_pct ▁
wandb:            test_best_top3_safe/VRPTW/vs_sbs_pct ▁
wandb:                  test_best_top3_safe/macro_top1 ▁
wandb:                  test_best_top3_safe/macro_top2 ▁
wandb:                  test_best_top3_safe/macro_top3 ▁
wandb:    test_best_top3_safe/macro_vbs_gap_closed_pct ▁
wandb:            test_best_top3_safe/macro_vs_sbs_pct ▁
wandb:                        test_last/ATSP/mean_cost ▁
wandb:                                test_last/ATSP/n ▁
wandb:                              test_last/ATSP/sbs ▁
wandb:                        test_last/ATSP/std_final ▁
wandb:                             test_last/ATSP/top1 ▁
wandb:                             test_last/ATSP/top2 ▁
wandb:                             test_last/ATSP/top3 ▁
wandb:                              test_last/ATSP/vbs ▁
wandb:               test_last/ATSP/vbs_gap_closed_pct ▁
wandb:                       test_last/ATSP/vs_sbs_pct ▁
wandb:                        test_last/CVRP/mean_cost ▁
wandb:                                test_last/CVRP/n ▁
wandb:                              test_last/CVRP/sbs ▁
wandb:                        test_last/CVRP/std_final ▁
wandb:                             test_last/CVRP/top1 ▁
wandb:                             test_last/CVRP/top2 ▁
wandb:                             test_last/CVRP/top3 ▁
wandb:                              test_last/CVRP/vbs ▁
wandb:               test_last/CVRP/vbs_gap_closed_pct ▁
wandb:                       test_last/CVRP/vs_sbs_pct ▁
wandb:                        test_last/OVRP/mean_cost ▁
wandb:                                test_last/OVRP/n ▁
wandb:                              test_last/OVRP/sbs ▁
wandb:                        test_last/OVRP/std_final ▁
wandb:                             test_last/OVRP/top1 ▁
wandb:                             test_last/OVRP/top2 ▁
wandb:                             test_last/OVRP/top3 ▁
wandb:                              test_last/OVRP/vbs ▁
wandb:               test_last/OVRP/vbs_gap_closed_pct ▁
wandb:                       test_last/OVRP/vs_sbs_pct ▁
wandb:                       test_last/OVRPB/mean_cost ▁
wandb:                               test_last/OVRPB/n ▁
wandb:                             test_last/OVRPB/sbs ▁
wandb:                       test_last/OVRPB/std_final ▁
wandb:                            test_last/OVRPB/top1 ▁
wandb:                            test_last/OVRPB/top2 ▁
wandb:                            test_last/OVRPB/top3 ▁
wandb:                             test_last/OVRPB/vbs ▁
wandb:              test_last/OVRPB/vbs_gap_closed_pct ▁
wandb:                      test_last/OVRPB/vs_sbs_pct ▁
wandb:                      test_last/OVRPBL/mean_cost ▁
wandb:                              test_last/OVRPBL/n ▁
wandb:                            test_last/OVRPBL/sbs ▁
wandb:                      test_last/OVRPBL/std_final ▁
wandb:                           test_last/OVRPBL/top1 ▁
wandb:                           test_last/OVRPBL/top2 ▁
wandb:                           test_last/OVRPBL/top3 ▁
wandb:                            test_last/OVRPBL/vbs ▁
wandb:             test_last/OVRPBL/vbs_gap_closed_pct ▁
wandb:                     test_last/OVRPBL/vs_sbs_pct ▁
wandb:                    test_last/OVRPBLTW/mean_cost ▁
wandb:                            test_last/OVRPBLTW/n ▁
wandb:                          test_last/OVRPBLTW/sbs ▁
wandb:                    test_last/OVRPBLTW/std_final ▁
wandb:                         test_last/OVRPBLTW/top1 ▁
wandb:                         test_last/OVRPBLTW/top2 ▁
wandb:                         test_last/OVRPBLTW/top3 ▁
wandb:                          test_last/OVRPBLTW/vbs ▁
wandb:           test_last/OVRPBLTW/vbs_gap_closed_pct ▁
wandb:                   test_last/OVRPBLTW/vs_sbs_pct ▁
wandb:                     test_last/OVRPBTW/mean_cost ▁
wandb:                             test_last/OVRPBTW/n ▁
wandb:                           test_last/OVRPBTW/sbs ▁
wandb:                     test_last/OVRPBTW/std_final ▁
wandb:                          test_last/OVRPBTW/top1 ▁
wandb:                          test_last/OVRPBTW/top2 ▁
wandb:                          test_last/OVRPBTW/top3 ▁
wandb:                           test_last/OVRPBTW/vbs ▁
wandb:            test_last/OVRPBTW/vbs_gap_closed_pct ▁
wandb:                    test_last/OVRPBTW/vs_sbs_pct ▁
wandb:                       test_last/OVRPL/mean_cost ▁
wandb:                               test_last/OVRPL/n ▁
wandb:                             test_last/OVRPL/sbs ▁
wandb:                       test_last/OVRPL/std_final ▁
wandb:                            test_last/OVRPL/top1 ▁
wandb:                            test_last/OVRPL/top2 ▁
wandb:                            test_last/OVRPL/top3 ▁
wandb:                             test_last/OVRPL/vbs ▁
wandb:              test_last/OVRPL/vbs_gap_closed_pct ▁
wandb:                      test_last/OVRPL/vs_sbs_pct ▁
wandb:                     test_last/OVRPLTW/mean_cost ▁
wandb:                             test_last/OVRPLTW/n ▁
wandb:                           test_last/OVRPLTW/sbs ▁
wandb:                     test_last/OVRPLTW/std_final ▁
wandb:                          test_last/OVRPLTW/top1 ▁
wandb:                          test_last/OVRPLTW/top2 ▁
wandb:                          test_last/OVRPLTW/top3 ▁
wandb:                           test_last/OVRPLTW/vbs ▁
wandb:            test_last/OVRPLTW/vbs_gap_closed_pct ▁
wandb:                    test_last/OVRPLTW/vs_sbs_pct ▁
wandb:                      test_last/OVRPTW/mean_cost ▁
wandb:                              test_last/OVRPTW/n ▁
wandb:                            test_last/OVRPTW/sbs ▁
wandb:                      test_last/OVRPTW/std_final ▁
wandb:                           test_last/OVRPTW/top1 ▁
wandb:                           test_last/OVRPTW/top2 ▁
wandb:                           test_last/OVRPTW/top3 ▁
wandb:                            test_last/OVRPTW/vbs ▁
wandb:             test_last/OVRPTW/vbs_gap_closed_pct ▁
wandb:                     test_last/OVRPTW/vs_sbs_pct ▁
wandb:                         test_last/TSP/mean_cost ▁
wandb:                                 test_last/TSP/n ▁
wandb:                               test_last/TSP/sbs ▁
wandb:                         test_last/TSP/std_final ▁
wandb:                              test_last/TSP/top1 ▁
wandb:                              test_last/TSP/top2 ▁
wandb:                              test_last/TSP/top3 ▁
wandb:                               test_last/TSP/vbs ▁
wandb:                test_last/TSP/vbs_gap_closed_pct ▁
wandb:                        test_last/TSP/vs_sbs_pct ▁
wandb:                        test_last/VRPB/mean_cost ▁
wandb:                                test_last/VRPB/n ▁
wandb:                              test_last/VRPB/sbs ▁
wandb:                        test_last/VRPB/std_final ▁
wandb:                             test_last/VRPB/top1 ▁
wandb:                             test_last/VRPB/top2 ▁
wandb:                             test_last/VRPB/top3 ▁
wandb:                              test_last/VRPB/vbs ▁
wandb:               test_last/VRPB/vbs_gap_closed_pct ▁
wandb:                       test_last/VRPB/vs_sbs_pct ▁
wandb:                       test_last/VRPBL/mean_cost ▁
wandb:                               test_last/VRPBL/n ▁
wandb:                             test_last/VRPBL/sbs ▁
wandb:                       test_last/VRPBL/std_final ▁
wandb:                            test_last/VRPBL/top1 ▁
wandb:                            test_last/VRPBL/top2 ▁
wandb:                            test_last/VRPBL/top3 ▁
wandb:                             test_last/VRPBL/vbs ▁
wandb:              test_last/VRPBL/vbs_gap_closed_pct ▁
wandb:                      test_last/VRPBL/vs_sbs_pct ▁
wandb:                     test_last/VRPBLTW/mean_cost ▁
wandb:                             test_last/VRPBLTW/n ▁
wandb:                           test_last/VRPBLTW/sbs ▁
wandb:                     test_last/VRPBLTW/std_final ▁
wandb:                          test_last/VRPBLTW/top1 ▁
wandb:                          test_last/VRPBLTW/top2 ▁
wandb:                          test_last/VRPBLTW/top3 ▁
wandb:                           test_last/VRPBLTW/vbs ▁
wandb:            test_last/VRPBLTW/vbs_gap_closed_pct ▁
wandb:                    test_last/VRPBLTW/vs_sbs_pct ▁
wandb:                      test_last/VRPBTW/mean_cost ▁
wandb:                              test_last/VRPBTW/n ▁
wandb:                            test_last/VRPBTW/sbs ▁
wandb:                      test_last/VRPBTW/std_final ▁
wandb:                           test_last/VRPBTW/top1 ▁
wandb:                           test_last/VRPBTW/top2 ▁
wandb:                           test_last/VRPBTW/top3 ▁
wandb:                            test_last/VRPBTW/vbs ▁
wandb:             test_last/VRPBTW/vbs_gap_closed_pct ▁
wandb:                     test_last/VRPBTW/vs_sbs_pct ▁
wandb:                        test_last/VRPL/mean_cost ▁
wandb:                                test_last/VRPL/n ▁
wandb:                              test_last/VRPL/sbs ▁
wandb:                        test_last/VRPL/std_final ▁
wandb:                             test_last/VRPL/top1 ▁
wandb:                             test_last/VRPL/top2 ▁
wandb:                             test_last/VRPL/top3 ▁
wandb:                              test_last/VRPL/vbs ▁
wandb:               test_last/VRPL/vbs_gap_closed_pct ▁
wandb:                       test_last/VRPL/vs_sbs_pct ▁
wandb:                      test_last/VRPLTW/mean_cost ▁
wandb:                              test_last/VRPLTW/n ▁
wandb:                            test_last/VRPLTW/sbs ▁
wandb:                      test_last/VRPLTW/std_final ▁
wandb:                           test_last/VRPLTW/top1 ▁
wandb:                           test_last/VRPLTW/top2 ▁
wandb:                           test_last/VRPLTW/top3 ▁
wandb:                            test_last/VRPLTW/vbs ▁
wandb:             test_last/VRPLTW/vbs_gap_closed_pct ▁
wandb:                     test_last/VRPLTW/vs_sbs_pct ▁
wandb:                       test_last/VRPTW/mean_cost ▁
wandb:                               test_last/VRPTW/n ▁
wandb:                             test_last/VRPTW/sbs ▁
wandb:                       test_last/VRPTW/std_final ▁
wandb:                            test_last/VRPTW/top1 ▁
wandb:                            test_last/VRPTW/top2 ▁
wandb:                            test_last/VRPTW/top3 ▁
wandb:                             test_last/VRPTW/vbs ▁
wandb:              test_last/VRPTW/vbs_gap_closed_pct ▁
wandb:                      test_last/VRPTW/vs_sbs_pct ▁
wandb:                            test_last/macro_top1 ▁
wandb:                            test_last/macro_top2 ▁
wandb:                            test_last/macro_top3 ▁
wandb:              test_last/macro_vbs_gap_closed_pct ▁
wandb:                      test_last/macro_vs_sbs_pct ▁
wandb:                                        train/ce ███▇▇▄▄▄▄▄▃▃▃▂▂▂▂▂▂▂▂▂▁▁▂▂▁▁▃▁▁▁▁▁▁▁▁▁▁▁
wandb:                                      train/loss ██▅▅▅▄▄▄▄▃▃▃▃▃▃▃▃▃▃▃▄▃▃▃▂▃▄▂▃▂▂▃▃▃▁▂▂▂▂▂
wandb:                                        train/lr ▁▁▁▁▁▁▁▁▁▁▁▁▁▁▁▁▁▁▁▁▁▁▁▁▁▁▁▁▁▁▁▁▁▁▁▁▁▁▁▁
wandb:                                      train/pair ██▆▄▃▂▂▂▂▃▂▂▁▂▂▂▂▁▁▁▁▁▁▁▁▁▁▁▁▁▁▁▁▁▁▁▁▁▁▁
wandb:                                      train/risk █▇▃▃▃▂▂▂▂▂▂▂▂▂▂▂▂▁▁▁▁▁▁▁▂▁▁▁▁▁▁▁▁▁▁▁▁▁▁▁
wandb:                                   train/topk_ce █▄▄▃▄▃▂▃▄▂▁▂▂▂▁▁▁▂▁▁▁▁▂▁▁▁▁▁▁▁▁▁▁▁▁▁▁▁▁▁
wandb:                              val/ATSP/mean_cost ▆▆▃▁▂▁█▁▁▁▁▄▄▄▁▂▁▁▂▂▁▁▁▁▂▂▁▁▂▂
wandb:                                      val/ATSP/n ▁▁▁▁▁▁▁▁▁▁▁▁▁▁▁▁▁▁▁▁▁▁▁▁▁▁▁▁▁▁
wandb:                                    val/ATSP/sbs ▁▁▁▁▁▁▁▁▁▁▁▁▁▁▁▁▁▁▁▁▁▁▁▁▁▁▁▁▁▁
wandb:                              val/ATSP/std_final ▁▁▂▃▄▅▄▅▆▆▆▆▇▇▇▇▇▇▇▇▇▇█▇▇▇██▇█
wandb:                                   val/ATSP/top1 ▁▁▄▇▆▇▂▇███▅▅▅█▇▇▇█▇████▇▇██▅█
wandb:                                   val/ATSP/top2 ▁▁▁▃▇█▅████▇▇▇██▇▇██████████▄█
wandb:                                   val/ATSP/top3 ▁▁██████████████████████████▇█
wandb:                                    val/ATSP/vbs ▁▁▁▁▁▁▁▁▁▁▁▁▁▁▁▁▁▁▁▁▁▁▁▁▁▁▁▁▁▁
wandb:                     val/ATSP/vbs_gap_closed_pct ▃▃▆█▇█▁████▅▅▅█▇██▇▇████▇▇██▇▇
wandb:                             val/ATSP/vs_sbs_pct ▆▆▃▁▂▁█▁▁▁▁▄▄▄▁▂▁▁▂▂▁▁▁▁▂▂▁▁▂▂
wandb:                              val/CVRP/mean_cost ▁▁▃█▄▂▄▃▂▂▃▂▂▂▂▂▂▄▂▂▃▂▁▁▁▁▂▃▂▁
wandb:                                      val/CVRP/n ▁▁▁▁▁▁▁▁▁▁▁▁▁▁▁▁▁▁▁▁▁▁▁▁▁▁▁▁▁▁
wandb:                                    val/CVRP/sbs ▁▁▁▁▁▁▁▁▁▁▁▁▁▁▁▁▁▁▁▁▁▁▁▁▁▁▁▁▁▁
wandb:                              val/CVRP/std_final ▁▃▃▃▆▅▅▅▆▅▆▇▆▇▇▇▆▄▆██▅▇▇▆██▆▇▇
wandb:                                   val/CVRP/top1 ▁▁▄▂▅▆▆▆▆▅▆▆▇█▇▆▇▄▆▇▂▇██▇██▆▇█
wandb:                                   val/CVRP/top2 ▁▁▆▄▆▆▆▇▆▆▆▆▇█▇▅▆▅▆▇▄███▇██▇▇█
wandb:                                   val/CVRP/top3 ▁▁▆▅▆▆▆▇▇▆▇▇▇█▇▆▆▅▆▇▅▇██▇▇█▇▇█
wandb:                                    val/CVRP/vbs ▁▁▁▁▁▁▁▁▁▁▁▁▁▁▁▁▁▁▁▁▁▁▁▁▁▁▁▁▁▁
wandb:                     val/CVRP/vbs_gap_closed_pct ██▆▁▅▇▅▆▇▇▆▇▇▇▇▇▇▅▇▇▆▇████▇▆▇█
wandb:                             val/CVRP/vs_sbs_pct ▁▁▃█▄▂▄▃▂▂▃▂▂▂▂▂▂▄▂▂▃▂▁▁▁▁▂▃▂▁
wandb:                              val/OVRP/mean_cost █▁▂▁▁▁▁▁▁▁▁▁▁▁▁▁▁▁▁▁▁▁▁▁▁▁▁▁▁▁
wandb:                                      val/OVRP/n ▁▁▁▁▁▁▁▁▁▁▁▁▁▁▁▁▁▁▁▁▁▁▁▁▁▁▁▁▁▁
wandb:                                    val/OVRP/sbs ▁▁▁▁▁▁▁▁▁▁▁▁▁▁▁▁▁▁▁▁▁▁▁▁▁▁▁▁▁▁
wandb:                              val/OVRP/std_final ▁▄▄▄▅▅▅▆▆▇▆▆▆▅▇▆▆▇▇▇▅███▆▇██▇▆
wandb:                                   val/OVRP/top1 ▁█▇▆▇▇▇▇▇█▆▆▇▆▇▇█▇▇▇█▇▇▇▇█▇▇▇█
wandb:                                   val/OVRP/top2 ▁▇▇▇▇▇████████████████████████
wandb:                                   val/OVRP/top3 ▁█████████████████████████████
wandb:                                    val/OVRP/vbs ▁▁▁▁▁▁▁▁▁▁▁▁▁▁▁▁▁▁▁▁▁▁▁▁▁▁▁▁▁▁
wandb:                     val/OVRP/vbs_gap_closed_pct ▁█▇███████████████████████████
wandb:                             val/OVRP/vs_sbs_pct █▁▂▁▁▁▁▁▁▁▁▁▁▁▁▁▁▁▁▁▁▁▁▁▁▁▁▁▁▁
wandb:                             val/OVRPB/mean_cost ▃▃█▆▄▃▂▃▃▃▃▄▂▃▁▃▂▃▁▅▅▃▃▃▄▅▃▂▁▄
wandb:                                     val/OVRPB/n ▁▁▁▁▁▁▁▁▁▁▁▁▁▁▁▁▁▁▁▁▁▁▁▁▁▁▁▁▁▁
wandb:                                   val/OVRPB/sbs ▁▁▁▁▁▁▁▁▁▁▁▁▁▁▁▁▁▁▁▁▁▁▁▁▁▁▁▁▁▁
wandb:                             val/OVRPB/std_final ▁▅▄▅▆▆▅▇▆▇▇▇▇▆▇▇█▆▆▇█▇▇▇▇▇█▇▇█
wandb:                                  val/OVRPB/top1 ▅▅▁▄▅▆▇▆▆▇▆▆▇▆▇▆▇▆▇▆▅▆▆▇▆▆▇▇█▇
wandb:                                  val/OVRPB/top2 ▆▆▆▆▆▆▆▆▆▆▆▃▆▆▁▆▆▆▆▆▆▆▆▆▆▆▃▆█▆
wandb:                                  val/OVRPB/top3 ▁▇████▇▇██████▇▇█▇▇▇██▇▇▇█▇▇▅█
wandb:                                   val/OVRPB/vbs ▁▁▁▁▁▁▁▁▁▁▁▁▁▁▁▁▁▁▁▁▁▁▁▁▁▁▁▁▁▁
wandb:                    val/OVRPB/vbs_gap_closed_pct ▆▆▁▃▅▆▇▆▆▆▆▅▇▆█▆▇▆█▄▄▆▆▆▅▄▆▇█▅
wandb:                            val/OVRPB/vs_sbs_pct ▃▃█▆▄▃▂▃▃▃▃▄▂▃▁▃▂▃▁▅▅▃▃▃▄▅▃▂▁▄
wandb:                            val/OVRPBL/mean_cost ▆▆▄▅▆█▄▄▃▂▄▆█▄▃▅▅▄▅▃▇▃▄▅▆▅▆▁▂▃
wandb:                                    val/OVRPBL/n ▁▁▁▁▁▁▁▁▁▁▁▁▁▁▁▁▁▁▁▁▁▁▁▁▁▁▁▁▁▁
wandb:                                  val/OVRPBL/sbs ▁▁▁▁▁▁▁▁▁▁▁▁▁▁▁▁▁▁▁▁▁▁▁▁▁▁▁▁▁▁
wandb:                            val/OVRPBL/std_final ▁▄▅▅▅▆▅▆▆▆▇▆▇▇▇▇█▆▆▇█▆▇▇▇▇█▇▇█
wandb:                                 val/OVRPBL/top1 ▇▇█▇▇▂▆▃▃▄▂▁▂▃▅▂▂▂▄▄▂▅▄▄▄▅▄█▇▅
wandb:                                 val/OVRPBL/top2 █████████████▇▇▇▇██▆▄█▇██▇▁▅▂▇
wandb:                                 val/OVRPBL/top3 ▁▇▅█▇▆▆███▇▇▇▇█▇▇▇██▅█▇▇▇██▇▇▇
wandb:                                  val/OVRPBL/vbs ▁▁▁▁▁▁▁▁▁▁▁▁▁▁▁▁▁▁▁▁▁▁▁▁▁▁▁▁▁▁
wandb:                   val/OVRPBL/vbs_gap_closed_pct ▃▃▅▄▃▁▅▅▆▇▅▃▁▅▆▄▄▅▄▆▂▆▅▄▃▄▃█▇▆
wandb:                           val/OVRPBL/vs_sbs_pct ▆▆▄▅▆█▄▄▃▂▄▆█▄▃▅▅▄▅▃▇▃▄▅▆▅▆▁▂▃
wandb:                          val/OVRPBLTW/mean_cost ▂▂▂▂▂▃▃▂▂▅▂█▃▃▃▃▃▂▃▃▃▃▁▂▃▂▂▃▁▃
wandb:                                  val/OVRPBLTW/n ▁▁▁▁▁▁▁▁▁▁▁▁▁▁▁▁▁▁▁▁▁▁▁▁▁▁▁▁▁▁
wandb:                                val/OVRPBLTW/sbs ▁▁▁▁▁▁▁▁▁▁▁▁▁▁▁▁▁▁▁▁▁▁▁▁▁▁▁▁▁▁
wandb:                          val/OVRPBLTW/std_final ▁▃▃▅▅▅▄▅▆▆▆▆▆▆▇▇▇▇▆▇▇▇▇▇▇██▇▆█
wandb:                               val/OVRPBLTW/top1 ▅▇▆▆▆▆▆▇▇▃▆▁▅▆▆▆▆▇▇▆▇▇█▇▆▇▆▅▇▅
wandb:                               val/OVRPBLTW/top2 █████████▁█▁▆█▅▇▁▇▆▄▇▅▆▆▂▄▅▆▇▅
wandb:                               val/OVRPBLTW/top3 ▁█████▁███████████████████████
wandb:                                val/OVRPBLTW/vbs ▁▁▁▁▁▁▁▁▁▁▁▁▁▁▁▁▁▁▁▁▁▁▁▁▁▁▁▁▁▁
wandb:                 val/OVRPBLTW/vbs_gap_closed_pct ▇▇▇▇▇▆▆▇▇▄▇▁▆▆▆▆▆▇▆▆▆▆█▇▆▇▇▆█▆
wandb:                         val/OVRPBLTW/vs_sbs_pct ▂▂▂▂▂▃▃▂▂▅▂█▃▃▃▃▃▂▃▃▃▃▁▂▃▂▂▃▁▃
wandb:                           val/OVRPBTW/mean_cost ▃▂▂▂▃▁▁▂▂▅▂█▂▂▄▃▃▂▂▅▃▂▂▂▄▃▃▄▂▄
wandb:                                   val/OVRPBTW/n ▁▁▁▁▁▁▁▁▁▁▁▁▁▁▁▁▁▁▁▁▁▁▁▁▁▁▁▁▁▁
wandb:                                 val/OVRPBTW/sbs ▁▁▁▁▁▁▁▁▁▁▁▁▁▁▁▁▁▁▁▁▁▁▁▁▁▁▁▁▁▁
wandb:                           val/OVRPBTW/std_final ▁▂▄▄▅▅▄▆▆▆▇▆▇▇▇▇▇▇▆▇▇▇█▇▇██▇▆█
wandb:                                val/OVRPBTW/top1 ▂▄▆▃▆▇▇▇▇▄▇▁▅▇▅▆▇█▆▅▆▆█▇▅▇▅▃▅▅
wandb:                                val/OVRPBTW/top2 █████████▂█▁██▅▃▂▇▇▃▅▇▇▇▃▂▅▅▇▅
wandb:                                val/OVRPBTW/top3 ▁███▇█▅█▇█▇█▇▇▇███▇██▇███▇▇▄▇▅
wandb:                                 val/OVRPBTW/vbs ▁▁▁▁▁▁▁▁▁▁▁▁▁▁▁▁▁▁▁▁▁▁▁▁▁▁▁▁▁▁
wandb:                  val/OVRPBTW/vbs_gap_closed_pct ▆▇▇▇▆██▇▇▄▇▁▇▇▅▆▆▇▇▄▆▇▇▇▅▆▆▅▇▅
wandb:                          val/OVRPBTW/vs_sbs_pct ▃▂▂▂▃▁▁▂▂▅▂█▂▂▄▃▃▂▂▅▃▂▂▂▄▃▃▄▂▄
wandb:                             val/OVRPL/mean_cost █▁▂▁▁▁▂▁▁▁▁▁▁▁▁▁▁▁▁▁▁▁▁▁▁▁▁▁▁▁
wandb:                                     val/OVRPL/n ▁▁▁▁▁▁▁▁▁▁▁▁▁▁▁▁▁▁▁▁▁▁▁▁▁▁▁▁▁▁
wandb:                                   val/OVRPL/sbs ▁▁▁▁▁▁▁▁▁▁▁▁▁▁▁▁▁▁▁▁▁▁▁▁▁▁▁▁▁▁
wandb:                             val/OVRPL/std_final ▁▄▄▅▇▅█▅▆▇▆▆▆▅▇▆▆▇▇▇▅▇██▆▇██▇▆
wandb:                                  val/OVRPL/top1 ▁▇▇▇▇█▇▇█████▇██████████▇▇▇▇▇█
wandb:                                  val/OVRPL/top2 ▁█████████████████████████████
wandb:                                  val/OVRPL/top3 ▁█████████▇███▇███████████▇███
wandb:                                   val/OVRPL/vbs ▁▁▁▁▁▁▁▁▁▁▁▁▁▁▁▁▁▁▁▁▁▁▁▁▁▁▁▁▁▁
wandb:                    val/OVRPL/vbs_gap_closed_pct ▁█▇███▇███████████████████████
wandb:                            val/OVRPL/vs_sbs_pct █▁▂▁▁▁▂▁▁▁▁▁▁▁▁▁▁▁▁▁▁▁▁▁▁▁▁▁▁▁
wandb:                           val/OVRPLTW/mean_cost ▂▂▄▂▃▃▄▃▂▄▁█▁▃▃▁▃▂▁▂▂▂▁▄▄▂▃▃▁▂
wandb:                                   val/OVRPLTW/n ▁▁▁▁▁▁▁▁▁▁▁▁▁▁▁▁▁▁▁▁▁▁▁▁▁▁▁▁▁▁
wandb:                                 val/OVRPLTW/sbs ▁▁▁▁▁▁▁▁▁▁▁▁▁▁▁▁▁▁▁▁▁▁▁▁▁▁▁▁▁▁
wandb:                           val/OVRPLTW/std_final ▁▂▃▅▅▅▄▅▆▆▆▆▆▆▆▇▇▆▆▇▆▆▇▇▆▇█▇▆█
wandb:                                val/OVRPLTW/top1 ▇▇▅█▄▅▃▄▄▄▆▁▅▃▂▆▆▃▇▇▇▆▇▄▅▇▇▆▇▇
wandb:                                val/OVRPLTW/top2 █████████▃█▁██▇▇▄██▆▇▇▇▇▅▇▆▆█▇
wandb:                                val/OVRPLTW/top3 ▅▅▅█▁█▁█▅██▅▁▅▅███████████▅▅██
wandb:                                 val/OVRPLTW/vbs ▁▁▁▁▁▁▁▁▁▁▁▁▁▁▁▁▁▁▁▁▁▁▁▁▁▁▁▁▁▁
wandb:                  val/OVRPLTW/vbs_gap_closed_pct ▇▇▅▇▆▆▅▆▇▅█▁█▆▆█▆▇█▇▇▇█▅▅▇▆▆█▇
wandb:                          val/OVRPLTW/vs_sbs_pct ▂▂▄▂▃▃▄▃▂▄▁█▁▃▃▁▃▂▁▂▂▂▁▄▄▂▃▃▁▂
wandb:                            val/OVRPTW/mean_cost ▂▂▂▂▃▂▂▃▂▃▂█▂▂▂▂▃▁▂▂▁▂▁▂▂▁▂▁▁▁
wandb:                                    val/OVRPTW/n ▁▁▁▁▁▁▁▁▁▁▁▁▁▁▁▁▁▁▁▁▁▁▁▁▁▁▁▁▁▁
wandb:                                  val/OVRPTW/sbs ▁▁▁▁▁▁▁▁▁▁▁▁▁▁▁▁▁▁▁▁▁▁▁▁▁▁▁▁▁▁
wandb:                            val/OVRPTW/std_final ▁▃▄▄▅▅▄▅▆▆▆▆▇▇▇▇▇▇▆▇▆▇▇▇▆▇█▇▇█
wandb:                                 val/OVRPTW/top1 ▄▇▆▅▅▅▅▅▆▄▅▁▅▆▆▅▅▇▇▆█▆▇▇▇▇▆▇█▇
wandb:                                 val/OVRPTW/top2 █████████▂█▁▇█▇▆▂█▇▅████▆▅▇▇█▇
wandb:                                 val/OVRPTW/top3 ▁▇▇▇▇▇█▇█▇█▇███▇▇▇▇▇▇▇▇▇██▇▇▇▇
wandb:                                  val/OVRPTW/vbs ▁▁▁▁▁▁▁▁▁▁▁▁▁▁▁▁▁▁▁▁▁▁▁▁▁▁▁▁▁▁
wandb:                   val/OVRPTW/vbs_gap_closed_pct ▇▇▇▇▆▇▇▆▇▆▇▁▇▇▇▇▆█▇▇█▇█▇▇█▇███
wandb:                           val/OVRPTW/vs_sbs_pct ▂▂▂▂▃▂▂▃▂▃▂█▂▂▂▂▃▁▂▂▁▂▁▂▂▁▂▁▁▁
wandb:                               val/TSP/mean_cost ███▇▄▃▃▄▂▂▃▃▂▂▃▄▂▂▂▂▃▁▂▂▃▁▁▁▃▁
wandb:                                       val/TSP/n ▁▁▁▁▁▁▁▁▁▁▁▁▁▁▁▁▁▁▁▁▁▁▁▁▁▁▁▁▁▁
wandb:                                     val/TSP/sbs ▁▁▁▁▁▁▁▁▁▁▁▁▁▁▁▁▁▁▁▁▁▁▁▁▁▁▁▁▁▁
wandb:                               val/TSP/std_final ▁▂▂▂▄▅▃▅▆▆▇▄▆▆▆▅▆▃▇▇█▄▇▆▃▆█▄▄▅
wandb:                                    val/TSP/top1 ▂▂▂▂▄▁▄▃▄▄▆▆▆▅▆▅█▃▇▇▆▆▆▆▆▇▇▆▆█
wandb:                                    val/TSP/top2 ▁▁▁▄▅▂▅▅▆▄▇▇█▇█▆█▅▇▇█▇██▇██▆▆█
wandb:                                    val/TSP/top3 ▁▁▁▂▄▂▃▄▅▄▅▅▇▅▇▄▇▄▆█▇▆▇▆▆▆█▅▆▇
wandb:                                     val/TSP/vbs ▁▁▁▁▁▁▁▁▁▁▁▁▁▁▁▁▁▁▁▁▁▁▁▁▁▁▁▁▁▁
wandb:                      val/TSP/vbs_gap_closed_pct ▁▁▁▂▅▆▆▅▇▇▆▆▇▇▆▅▇▇▇▇▆█▇▇▆███▆█
wandb:                              val/TSP/vs_sbs_pct ███▇▄▃▃▄▂▂▃▃▂▂▃▄▂▂▂▂▃▁▂▂▃▁▁▁▃▁
wandb:                              val/VRPB/mean_cost ▃▃▂▃▂▂▂▁▁▁▁█▂▁▂▁▅▂▅▂▅▁▃▂▄▂▃▂▄▃
wandb:                                      val/VRPB/n ▁▁▁▁▁▁▁▁▁▁▁▁▁▁▁▁▁▁▁▁▁▁▁▁▁▁▁▁▁▁
wandb:                                    val/VRPB/sbs ▁▁▁▁▁▁▁▁▁▁▁▁▁▁▁▁▁▁▁▁▁▁▁▁▁▁▁▁▁▁
wandb:                              val/VRPB/std_final ▁▄▄▄▅▅▄▆▆▆▆▆▆▇▇▇▇▆▇▇▇▇▇▇▇▇█▇▇▇
wandb:                                   val/VRPB/top1 ▁▁▁▆█▇▆█▇▇▇▁▅▇▆▇▅▆▆▇▆▇▆▇▅▇▅▇▃▇
wandb:                                   val/VRPB/top2 █████████▆█▁▄▇▇▆▃█▇█▇██▇█▇▆▇▇▇
wandb:                                   val/VRPB/top3 ▁█████████████▇█████████████▇▇
wandb:                                    val/VRPB/vbs ▁▁▁▁▁▁▁▁▁▁▁▁▁▁▁▁▁▁▁▁▁▁▁▁▁▁▁▁▁▁
wandb:                     val/VRPB/vbs_gap_closed_pct ▆▆▇▆▇▇▇████▁▇█▇█▄▇▄▇▄█▆▇▅▇▆▇▅▆
wandb:                             val/VRPB/vs_sbs_pct ▃▃▂▃▂▂▂▁▁▁▁█▂▁▂▁▅▂▅▂▅▁▃▂▄▂▃▂▄▃
wandb:                             val/VRPBL/mean_cost ▄▄▄▅▄▃▂▃▂▂▂█▃▂▂▂▆▁▁▄▃▂▂▂▄▂▃▂▅▂
wandb:                                     val/VRPBL/n ▁▁▁▁▁▁▁▁▁▁▁▁▁▁▁▁▁▁▁▁▁▁▁▁▁▁▁▁▁▁
wandb:                                   val/VRPBL/sbs ▁▁▁▁▁▁▁▁▁▁▁▁▁▁▁▁▁▁▁▁▁▁▁▁▁▁▁▁▁▁
wandb:                             val/VRPBL/std_final ▁▄▄▅▅▅▄▆▆▆▆▆▇▇▇▇█▆▇▇▇▆▇▇▇▇█▇▇▇
wandb:                                  val/VRPBL/top1 ▃▃▃▃▃▅▅▄▅▆▅▂▅▅▆▅▁▆▇▄▅▆▅▅▂▄▄██▇
wandb:                                  val/VRPBL/top2 ███████████▁▇▇▇▇▃██▇▆▇█▆█▇▅▆▄▆
wandb:                                  val/VRPBL/top3 ▁▇▇▇▇█▇██▇█████████▇███████▇▇▇
wandb:                                   val/VRPBL/vbs ▁▁▁▁▁▁▁▁▁▁▁▁▁▁▁▁▁▁▁▁▁▁▁▁▁▁▁▁▁▁
wandb:                    val/VRPBL/vbs_gap_closed_pct ▅▅▅▄▅▆▇▆▇▇▇▁▆▇▇▇▃██▅▆▇▇▇▅▇▆▇▄▇
wandb:                            val/VRPBL/vs_sbs_pct ▄▄▄▅▄▃▂▃▂▂▂█▃▂▂▂▆▁▁▄▃▂▂▂▄▂▃▂▅▂
wandb:                           val/VRPBLTW/mean_cost ▇█▆▅▃▃▂▄▁▄▂▂▁▂▁▁▂▁▁▁▂▂▁▁▁▁▁▃▁▁
wandb:                                   val/VRPBLTW/n ▁▁▁▁▁▁▁▁▁▁▁▁▁▁▁▁▁▁▁▁▁▁▁▁▁▁▁▁▁▁
wandb:                                 val/VRPBLTW/sbs ▁▁▁▁▁▁▁▁▁▁▁▁▁▁▁▁▁▁▁▁▁▁▁▁▁▁▁▁▁▁
wandb:                           val/VRPBLTW/std_final ▁▂▁▄▅▄▄▂▆▄▆▆▅▆▆▇▇▆▆▆▃▅▇█▆▆█▆▅▆
wandb:                                val/VRPBLTW/top1 ▄▁▅▄▅▃▇▅▇▂▅▅▇▆▆▆▄▅▇█▅▅▇▇███▆▇▇
wandb:                                val/VRPBLTW/top2 ▃▁▄▅▄▃▅▅▆▁▅▅█▆▆▆▅▆▇▆▅▆▇▇▇▆█▃▇▇
wandb:                                val/VRPBLTW/top3 ▁▃▃▄▅▅▆▆▇▄▆▇▇▇▇▇▇▇▇▆▆▇▇████▅▇█
wandb:                                 val/VRPBLTW/vbs ▁▁▁▁▁▁▁▁▁▁▁▁▁▁▁▁▁▁▁▁▁▁▁▁▁▁▁▁▁▁
wandb:                  val/VRPBLTW/vbs_gap_closed_pct ▂▁▃▄▆▆▇▅█▅▇▇█▇██▇███▇▇█████▆██
wandb:                          val/VRPBLTW/vs_sbs_pct ▇█▆▅▃▃▂▄▁▄▂▂▁▂▁▁▂▁▁▁▂▂▁▁▁▁▁▃▁▁
wandb:                            val/VRPBTW/mean_cost ███▅▃▃▃▄▂▄▂▂▂▂▁▁▂▂▁▁▂▂▁▁▁▂▁▄▁▁
wandb:                                    val/VRPBTW/n ▁▁▁▁▁▁▁▁▁▁▁▁▁▁▁▁▁▁▁▁▁▁▁▁▁▁▁▁▁▁
wandb:                                  val/VRPBTW/sbs ▁▁▁▁▁▁▁▁▁▁▁▁▁▁▁▁▁▁▁▁▁▁▁▁▁▁▁▁▁▁
wandb:                            val/VRPBTW/std_final ▁▂▂▄▅▄▄▃▅▅▆▆▅▆▆▇▆▆▆▇▃▆▇█▆▆█▅▅▆
wandb:                                 val/VRPBTW/top1 ▅▅▃▆▅▃▅▆▇▁▇▄▇▆▇▆▃▅▆▇▄▅█▇▇▅▆▄▆▆
wandb:                                 val/VRPBTW/top2 ▄▄▅▆▆▄▅▆▇▁▇▅█▆▇▇▅▅██▄▅▇█▇▄▆▄▆▇
wandb:                                 val/VRPBTW/top3 ▁▃▃▅▆▅▆▆▇▄▇▇▆▆█▇█▇█▇▇▇▇██▇▇▅▇█
wandb:                                  val/VRPBTW/vbs ▁▁▁▁▁▁▁▁▁▁▁▁▁▁▁▁▁▁▁▁▁▁▁▁▁▁▁▁▁▁
wandb:                   val/VRPBTW/vbs_gap_closed_pct ▁▁▁▄▆▆▆▅▇▅▇▇▇▇██▇▇██▇▇███▇█▅██
wandb:                           val/VRPBTW/vs_sbs_pct ███▅▃▃▃▄▂▄▂▂▂▂▁▁▂▂▁▁▂▂▁▁▁▂▁▄▁▁
wandb:                              val/VRPL/mean_cost █▁▁▁▁▂▁▁▁▁▁▂▁▁▁▁▁▁▁▁▂▁▁▁▁▁▁▁▁▁
wandb:                                      val/VRPL/n ▁▁▁▁▁▁▁▁▁▁▁▁▁▁▁▁▁▁▁▁▁▁▁▁▁▁▁▁▁▁
wandb:                                    val/VRPL/sbs ▁▁▁▁▁▁▁▁▁▁▁▁▁▁▁▁▁▁▁▁▁▁▁▁▁▁▁▁▁▁
wandb:                              val/VRPL/std_final ▁▄▄▃▄▂▅▂▄▅▅▄▅▃▆▅▅▆▅▅▃▆█▇▅▄▇▆▆▆
wandb:                                   val/VRPL/top1 ▁▆▇▆▆▆▇▇▇▇▇▇▇█▇▇▇█▇█▆█▇▇██▇██▇
wandb:                                   val/VRPL/top2 ▁██▇▇▆▇▇▇█▇▇██▇▇▇█▇▇▆██▇█▇▇██▇
wandb:                                   val/VRPL/top3 ▁████▇█▆▇█▇▆▇▇▇██▇▇▇▅█▇▇▇▇▇██▇
wandb:                                    val/VRPL/vbs ▁▁▁▁▁▁▁▁▁▁▁▁▁▁▁▁▁▁▁▁▁▁▁▁▁▁▁▁▁▁
wandb:                     val/VRPL/vbs_gap_closed_pct ▁████▇█████▇████████▇█████████
wandb:                             val/VRPL/vs_sbs_pct █▁▁▁▁▂▁▁▁▁▁▂▁▁▁▁▁▁▁▁▂▁▁▁▁▁▁▁▁▁
wandb:                            val/VRPLTW/mean_cost █▆▅▃▂▂▂▄▁▃▁▁▁▁▁▁▁▁▁▂▁▂▁▁▁▂▁▂▁▁
wandb:                                    val/VRPLTW/n ▁▁▁▁▁▁▁▁▁▁▁▁▁▁▁▁▁▁▁▁▁▁▁▁▁▁▁▁▁▁
wandb:                                  val/VRPLTW/sbs ▁▁▁▁▁▁▁▁▁▁▁▁▁▁▁▁▁▁▁▁▁▁▁▁▁▁▁▁▁▁
wandb:                            val/VRPLTW/std_final ▁▂▁▄▄▄▄▂▅▅▅▆▅▆▆▆▇▆▆▇▄▅▇▇▆▇█▆▆▇
wandb:                                 val/VRPLTW/top1 ▁▃▃▄▅▅▆▄▇▄▆▆▇█▆▇▇██▅▆▇▇▇▇▆▇▆█▇
wandb:                                 val/VRPLTW/top2 ▁▃▃▄▅▅▆▄▇▃▇▇██▇▇▇██▄▇██▇▇▆█▆█▇
wandb:                                 val/VRPLTW/top3 ▁▄▄▅▆▇▇▅▇▅▇█▇██████▅█████▇█▇██
wandb:                                  val/VRPLTW/vbs ▁▁▁▁▁▁▁▁▁▁▁▁▁▁▁▁▁▁▁▁▁▁▁▁▁▁▁▁▁▁
wandb:                   val/VRPLTW/vbs_gap_closed_pct ▁▃▄▆▇▇▇▅█▆█████████▇█▇███▇█▇██
wandb:                           val/VRPLTW/vs_sbs_pct █▆▅▃▂▂▂▄▁▃▁▁▁▁▁▁▁▁▁▂▁▂▁▁▁▂▁▂▁▁
wandb:                             val/VRPTW/mean_cost █▇▆▅▂▂▂▃▁▂▁▁▁▁▁▁▁▂▁▂▂▂▁▁▁▂▁▂▁▁
wandb:                                     val/VRPTW/n ▁▁▁▁▁▁▁▁▁▁▁▁▁▁▁▁▁▁▁▁▁▁▁▁▁▁▁▁▁▁
wandb:                                   val/VRPTW/sbs ▁▁▁▁▁▁▁▁▁▁▁▁▁▁▁▁▁▁▁▁▁▁▁▁▁▁▁▁▁▁
wandb:                             val/VRPTW/std_final ▁▂▂▃▄▄▄▂▅▄▅▆▅▆▅▆▆▆▆▇▄▅▆█▆▇█▆▅▇
wandb:                                  val/VRPTW/top1 ▁▁▃▃▆▅▆▅▇▄▇▆▇█▇▆▆▆█▅▅▆██▇▆▆▅▇▇
wandb:                                  val/VRPTW/top2 ▁▃▂▄▅▆▆▅▇▅▇▇▆█▇▇▇▇█▅▆▇█▇▇▇▇▆██
wandb:                                  val/VRPTW/top3 ▁▅▄▅▆▇▇▆█▆▇█▇████▇█▆▇████▇█▇██
wandb:                                   val/VRPTW/vbs ▁▁▁▁▁▁▁▁▁▁▁▁▁▁▁▁▁▁▁▁▁▁▁▁▁▁▁▁▁▁
wandb:                    val/VRPTW/vbs_gap_closed_pct ▁▂▃▄▇▇▇▆█▇███████▇█▇▇▇███▇█▇██
wandb:                            val/VRPTW/vs_sbs_pct █▇▆▅▂▂▂▃▁▂▁▁▁▁▁▁▁▂▁▂▂▂▁▁▁▂▁▂▁▁
wandb:                                  val/macro_top1 ▁▄▅▅▆▆▆▆▇▆▇▆▇▇▇▇▇▇█▇▇▇██▇▇▇▇▇█
wandb:                                  val/macro_top2 ▁▅▆▆▇▆▇▇█▆█▆███▇▇▇█▇▇███▇▇█▇██
wandb:                                  val/macro_top3 ▁▅▆▇▇▇▇▇█▇▇██████▇█▇▇██████▇██
wandb:                    val/macro_vbs_gap_closed_pct ▁▅▅▆▇▇▆▇█▇▇▆▇▇█▇▇▇█▇▇██████▇██
wandb:                            val/macro_vs_sbs_pct █▆▅▄▃▂▃▃▁▃▁▂▂▂▁▁▁▂▁▂▂▂▁▁▁▁▁▂▁▁
wandb: 
wandb: Run summary:
wandb:                                           epoch 29
wandb:                             gpu/peak_memory_gib 17.36815
wandb:                           speed/samples_per_sec 8586.06605
wandb:                        test_best/ATSP/mean_cost 1.63361
wandb:                                test_best/ATSP/n 1000
wandb:                              test_best/ATSP/sbs 1.66968
wandb:                        test_best/ATSP/std_final 3.48518
wandb:                             test_best/ATSP/top1 0.751
wandb:                             test_best/ATSP/top2 0.952
wandb:                             test_best/ATSP/top3 0.993
wandb:                              test_best/ATSP/vbs 1.62456
wandb:               test_best/ATSP/vbs_gap_closed_pct 79.93629
wandb:                       test_best/ATSP/vs_sbs_pct -2.16024
wandb:                        test_best/CVRP/mean_cost 18.35183
wandb:                                test_best/CVRP/n 1000
wandb:                              test_best/CVRP/sbs 18.33232
wandb:                        test_best/CVRP/std_final 2.13449
wandb:                             test_best/CVRP/top1 0.325
wandb:                             test_best/CVRP/top2 0.558
wandb:                             test_best/CVRP/top3 0.705
wandb:                              test_best/CVRP/vbs 18.1586
wandb:               test_best/CVRP/vbs_gap_closed_pct -11.23091
wandb:                       test_best/CVRP/vs_sbs_pct 0.10642
wandb:                        test_best/OVRP/mean_cost 7.47168
wandb:                                test_best/OVRP/n 1000
wandb:                              test_best/OVRP/sbs 7.46951
wandb:                        test_best/OVRP/std_final 1.59796
wandb:                             test_best/OVRP/top1 0.321
wandb:                             test_best/OVRP/top2 0.644
wandb:                             test_best/OVRP/top3 0.823
wandb:                              test_best/OVRP/vbs 7.40869
wandb:               test_best/OVRP/vbs_gap_closed_pct -3.57382
wandb:                       test_best/OVRP/vs_sbs_pct 0.0291
wandb:                       test_best/OVRPB/mean_cost 6.2998
wandb:                               test_best/OVRPB/n 1000
wandb:                             test_best/OVRPB/sbs 6.29631
wandb:                       test_best/OVRPB/std_final 2.84404
wandb:                            test_best/OVRPB/top1 0.537
wandb:                            test_best/OVRPB/top2 0.964
wandb:                            test_best/OVRPB/top3 0.989
wandb:                             test_best/OVRPB/vbs 6.23288
wandb:              test_best/OVRPB/vbs_gap_closed_pct -5.50356
wandb:                      test_best/OVRPB/vs_sbs_pct 0.05544
wandb:                      test_best/OVRPBL/mean_cost 6.30386
wandb:                              test_best/OVRPBL/n 1000
wandb:                            test_best/OVRPBL/sbs 6.30683
wandb:                      test_best/OVRPBL/std_final 2.81424
wandb:                           test_best/OVRPBL/top1 0.564
wandb:                           test_best/OVRPBL/top2 0.971
wandb:                           test_best/OVRPBL/top3 0.99
wandb:                            test_best/OVRPBL/vbs 6.24177
wandb:             test_best/OVRPBL/vbs_gap_closed_pct 4.5641
wandb:                     test_best/OVRPBL/vs_sbs_pct -0.04708
wandb:                    test_best/OVRPBLTW/mean_cost 10.59034
wandb:                            test_best/OVRPBLTW/n 1000
wandb:                          test_best/OVRPBLTW/sbs 10.59278
wandb:                    test_best/OVRPBLTW/std_final 4.40718
wandb:                         test_best/OVRPBLTW/top1 0.503
wandb:                         test_best/OVRPBLTW/top2 0.911
wandb:                         test_best/OVRPBLTW/top3 0.999
wandb:                          test_best/OVRPBLTW/vbs 10.47102
wandb:           test_best/OVRPBLTW/vbs_gap_closed_pct 1.99838
wandb:                   test_best/OVRPBLTW/vs_sbs_pct -0.02297
wandb:                     test_best/OVRPBTW/mean_cost 10.61753
wandb:                             test_best/OVRPBTW/n 1000
wandb:                           test_best/OVRPBTW/sbs 10.60899
wandb:                     test_best/OVRPBTW/std_final 4.50493
wandb:                          test_best/OVRPBTW/top1 0.5
wandb:                          test_best/OVRPBTW/top2 0.905
wandb:                          test_best/OVRPBTW/top3 0.998
wandb:                           test_best/OVRPBTW/vbs 10.47819
wandb:            test_best/OVRPBTW/vbs_gap_closed_pct -6.52708
wandb:                    test_best/OVRPBTW/vs_sbs_pct 0.08048
wandb:                       test_best/OVRPL/mean_cost 7.44781
wandb:                               test_best/OVRPL/n 1000
wandb:                             test_best/OVRPL/sbs 7.45366
wandb:                       test_best/OVRPL/std_final 1.59552
wandb:                            test_best/OVRPL/top1 0.366
wandb:                            test_best/OVRPL/top2 0.675
wandb:                            test_best/OVRPL/top3 0.849
wandb:                             test_best/OVRPL/vbs 7.39367
wandb:              test_best/OVRPL/vbs_gap_closed_pct 9.74975
wandb:                      test_best/OVRPL/vs_sbs_pct -0.07846
wandb:                     test_best/OVRPLTW/mean_cost 10.10666
wandb:                             test_best/OVRPLTW/n 1000
wandb:                           test_best/OVRPLTW/sbs 10.1036
wandb:                     test_best/OVRPLTW/std_final 4.4557
wandb:                          test_best/OVRPLTW/top1 0.484
wandb:                          test_best/OVRPLTW/top2 0.918
wandb:                          test_best/OVRPLTW/top3 1
wandb:                           test_best/OVRPLTW/vbs 10.01722
wandb:            test_best/OVRPLTW/vbs_gap_closed_pct -3.53914
wandb:                    test_best/OVRPLTW/vs_sbs_pct 0.03026
wandb:                      test_best/OVRPTW/mean_cost 10.12233
wandb:                              test_best/OVRPTW/n 1000
wandb:                            test_best/OVRPTW/sbs 10.12329
wandb:                      test_best/OVRPTW/std_final 4.34206
wandb:                           test_best/OVRPTW/top1 0.461
wandb:                           test_best/OVRPTW/top2 0.908
wandb:                           test_best/OVRPTW/top3 1
wandb:                            test_best/OVRPTW/vbs 10.03361
wandb:             test_best/OVRPTW/vbs_gap_closed_pct 1.07732
wandb:                     test_best/OVRPTW/vs_sbs_pct -0.00954
wandb:                         test_best/TSP/mean_cost 8.04798
wandb:                                 test_best/TSP/n 1000
wandb:                               test_best/TSP/sbs 8.08288
wandb:                         test_best/TSP/std_final 1.99839
wandb:                              test_best/TSP/top1 0.343
wandb:                              test_best/TSP/top2 0.574
wandb:                              test_best/TSP/top3 0.722
wandb:                               test_best/TSP/vbs 7.99465
wandb:                test_best/TSP/vbs_gap_closed_pct 39.55318
wandb:                        test_best/TSP/vs_sbs_pct -0.43174
wandb:                        test_best/VRPB/mean_cost 9.28745
wandb:                                test_best/VRPB/n 1000
wandb:                              test_best/VRPB/sbs 9.29506
wandb:                        test_best/VRPB/std_final 3.5611
wandb:                             test_best/VRPB/top1 0.515
wandb:                             test_best/VRPB/top2 0.916
wandb:                             test_best/VRPB/top3 0.986
wandb:                              test_best/VRPB/vbs 9.21779
wandb:               test_best/VRPB/vbs_gap_closed_pct 9.84322
wandb:                       test_best/VRPB/vs_sbs_pct -0.08183
wandb:                       test_best/VRPBL/mean_cost 9.24682
wandb:                               test_best/VRPBL/n 1000
wandb:                             test_best/VRPBL/sbs 9.24919
wandb:                       test_best/VRPBL/std_final 3.38529
wandb:                            test_best/VRPBL/top1 0.553
wandb:                            test_best/VRPBL/top2 0.937
wandb:                            test_best/VRPBL/top3 0.992
wandb:                             test_best/VRPBL/vbs 9.17729
wandb:              test_best/VRPBL/vbs_gap_closed_pct 3.29608
wandb:                      test_best/VRPBL/vs_sbs_pct -0.02562
wandb:                     test_best/VRPBLTW/mean_cost 19.11929
wandb:                             test_best/VRPBLTW/n 1000
wandb:                           test_best/VRPBLTW/sbs 19.67695
wandb:                     test_best/VRPBLTW/std_final 3.18453
wandb:                          test_best/VRPBLTW/top1 0.428
wandb:                          test_best/VRPBLTW/top2 0.748
wandb:                          test_best/VRPBLTW/top3 0.917
wandb:                           test_best/VRPBLTW/vbs 18.78856
wandb:            test_best/VRPBLTW/vbs_gap_closed_pct 62.77154
wandb:                    test_best/VRPBLTW/vs_sbs_pct -2.83407
wandb:                      test_best/VRPBTW/mean_cost 19.06328
wandb:                              test_best/VRPBTW/n 1000
wandb:                            test_best/VRPBTW/sbs 19.52632
wandb:                      test_best/VRPBTW/std_final 3.21873
wandb:                           test_best/VRPBTW/top1 0.421
wandb:                           test_best/VRPBTW/top2 0.758
wandb:                           test_best/VRPBTW/top3 0.916
wandb:                            test_best/VRPBTW/vbs 18.69053
wandb:             test_best/VRPBTW/vbs_gap_closed_pct 55.40109
wandb:                     test_best/VRPBTW/vs_sbs_pct -2.37135
wandb:                        test_best/VRPL/mean_cost 12.35542
wandb:                                test_best/VRPL/n 1000
wandb:                              test_best/VRPL/sbs 12.36069
wandb:                        test_best/VRPL/std_final 1.32347
wandb:                             test_best/VRPL/top1 0.299
wandb:                             test_best/VRPL/top2 0.503
wandb:                             test_best/VRPL/top3 0.702
wandb:                              test_best/VRPL/vbs 12.29504
wandb:               test_best/VRPL/vbs_gap_closed_pct 8.03134
wandb:                       test_best/VRPL/vs_sbs_pct -0.04265
wandb:                      test_best/VRPLTW/mean_cost 17.64365
wandb:                              test_best/VRPLTW/n 1000
wandb:                            test_best/VRPLTW/sbs 18.42686
wandb:                      test_best/VRPLTW/std_final 3.05284
wandb:                           test_best/VRPLTW/top1 0.432
wandb:                           test_best/VRPLTW/top2 0.743
wandb:                           test_best/VRPLTW/top3 0.895
wandb:                            test_best/VRPLTW/vbs 17.37247
wandb:             test_best/VRPLTW/vbs_gap_closed_pct 74.2805
wandb:                     test_best/VRPLTW/vs_sbs_pct -4.25036
wandb:                       test_best/VRPTW/mean_cost 17.67722
wandb:                               test_best/VRPTW/n 1000
wandb:                             test_best/VRPTW/sbs 18.43568
wandb:                       test_best/VRPTW/std_final 3.06591
wandb:                            test_best/VRPTW/top1 0.42
wandb:                            test_best/VRPTW/top2 0.736
wandb:                            test_best/VRPTW/top3 0.909
wandb:                             test_best/VRPTW/vbs 17.42396
wandb:              test_best/VRPTW/vbs_gap_closed_pct 74.96678
wandb:                      test_best/VRPTW/vs_sbs_pct -4.11406
wandb:                            test_best/macro_top1 0.45683
wandb:                            test_best/macro_top2 0.79561
wandb:                            test_best/macro_top3 0.91028
wandb:              test_best/macro_vbs_gap_closed_pct 21.94973
wandb:                      test_best/macro_vs_sbs_pct -0.89824
wandb:                   test_best_cost/ATSP/mean_cost 1.63361
wandb:                           test_best_cost/ATSP/n 1000
wandb:                         test_best_cost/ATSP/sbs 1.66968
wandb:                   test_best_cost/ATSP/std_final 3.48518
wandb:                        test_best_cost/ATSP/top1 0.751
wandb:                        test_best_cost/ATSP/top2 0.952
wandb:                        test_best_cost/ATSP/top3 0.993
wandb:                         test_best_cost/ATSP/vbs 1.62456
wandb:          test_best_cost/ATSP/vbs_gap_closed_pct 79.93629
wandb:                  test_best_cost/ATSP/vs_sbs_pct -2.16024
wandb:                   test_best_cost/CVRP/mean_cost 18.35183
wandb:                           test_best_cost/CVRP/n 1000
wandb:                         test_best_cost/CVRP/sbs 18.33232
wandb:                   test_best_cost/CVRP/std_final 2.13449
wandb:                        test_best_cost/CVRP/top1 0.325
wandb:                        test_best_cost/CVRP/top2 0.558
wandb:                        test_best_cost/CVRP/top3 0.705
wandb:                         test_best_cost/CVRP/vbs 18.1586
wandb:          test_best_cost/CVRP/vbs_gap_closed_pct -11.23091
wandb:                  test_best_cost/CVRP/vs_sbs_pct 0.10642
wandb:                   test_best_cost/OVRP/mean_cost 7.47168
wandb:                           test_best_cost/OVRP/n 1000
wandb:                         test_best_cost/OVRP/sbs 7.46951
wandb:                   test_best_cost/OVRP/std_final 1.59796
wandb:                        test_best_cost/OVRP/top1 0.321
wandb:                        test_best_cost/OVRP/top2 0.644
wandb:                        test_best_cost/OVRP/top3 0.823
wandb:                         test_best_cost/OVRP/vbs 7.40869
wandb:          test_best_cost/OVRP/vbs_gap_closed_pct -3.57382
wandb:                  test_best_cost/OVRP/vs_sbs_pct 0.0291
wandb:                  test_best_cost/OVRPB/mean_cost 6.2998
wandb:                          test_best_cost/OVRPB/n 1000
wandb:                        test_best_cost/OVRPB/sbs 6.29631
wandb:                  test_best_cost/OVRPB/std_final 2.84404
wandb:                       test_best_cost/OVRPB/top1 0.537
wandb:                       test_best_cost/OVRPB/top2 0.964
wandb:                       test_best_cost/OVRPB/top3 0.989
wandb:                        test_best_cost/OVRPB/vbs 6.23288
wandb:         test_best_cost/OVRPB/vbs_gap_closed_pct -5.50356
wandb:                 test_best_cost/OVRPB/vs_sbs_pct 0.05544
wandb:                 test_best_cost/OVRPBL/mean_cost 6.30386
wandb:                         test_best_cost/OVRPBL/n 1000
wandb:                       test_best_cost/OVRPBL/sbs 6.30683
wandb:                 test_best_cost/OVRPBL/std_final 2.81424
wandb:                      test_best_cost/OVRPBL/top1 0.564
wandb:                      test_best_cost/OVRPBL/top2 0.971
wandb:                      test_best_cost/OVRPBL/top3 0.99
wandb:                       test_best_cost/OVRPBL/vbs 6.24177
wandb:        test_best_cost/OVRPBL/vbs_gap_closed_pct 4.5641
wandb:                test_best_cost/OVRPBL/vs_sbs_pct -0.04708
wandb:               test_best_cost/OVRPBLTW/mean_cost 10.59034
wandb:                       test_best_cost/OVRPBLTW/n 1000
wandb:                     test_best_cost/OVRPBLTW/sbs 10.59278
wandb:               test_best_cost/OVRPBLTW/std_final 4.40718
wandb:                    test_best_cost/OVRPBLTW/top1 0.503
wandb:                    test_best_cost/OVRPBLTW/top2 0.911
wandb:                    test_best_cost/OVRPBLTW/top3 0.999
wandb:                     test_best_cost/OVRPBLTW/vbs 10.47102
wandb:      test_best_cost/OVRPBLTW/vbs_gap_closed_pct 1.99838
wandb:              test_best_cost/OVRPBLTW/vs_sbs_pct -0.02297
wandb:                test_best_cost/OVRPBTW/mean_cost 10.61753
wandb:                        test_best_cost/OVRPBTW/n 1000
wandb:                      test_best_cost/OVRPBTW/sbs 10.60899
wandb:                test_best_cost/OVRPBTW/std_final 4.50493
wandb:                     test_best_cost/OVRPBTW/top1 0.5
wandb:                     test_best_cost/OVRPBTW/top2 0.905
wandb:                     test_best_cost/OVRPBTW/top3 0.998
wandb:                      test_best_cost/OVRPBTW/vbs 10.47819
wandb:       test_best_cost/OVRPBTW/vbs_gap_closed_pct -6.52708
wandb:               test_best_cost/OVRPBTW/vs_sbs_pct 0.08048
wandb:                  test_best_cost/OVRPL/mean_cost 7.44781
wandb:                          test_best_cost/OVRPL/n 1000
wandb:                        test_best_cost/OVRPL/sbs 7.45366
wandb:                  test_best_cost/OVRPL/std_final 1.59552
wandb:                       test_best_cost/OVRPL/top1 0.366
wandb:                       test_best_cost/OVRPL/top2 0.675
wandb:                       test_best_cost/OVRPL/top3 0.849
wandb:                        test_best_cost/OVRPL/vbs 7.39367
wandb:         test_best_cost/OVRPL/vbs_gap_closed_pct 9.74975
wandb:                 test_best_cost/OVRPL/vs_sbs_pct -0.07846
wandb:                test_best_cost/OVRPLTW/mean_cost 10.10666
wandb:                        test_best_cost/OVRPLTW/n 1000
wandb:                      test_best_cost/OVRPLTW/sbs 10.1036
wandb:                test_best_cost/OVRPLTW/std_final 4.4557
wandb:                     test_best_cost/OVRPLTW/top1 0.484
wandb:                     test_best_cost/OVRPLTW/top2 0.918
wandb:                     test_best_cost/OVRPLTW/top3 1
wandb:                      test_best_cost/OVRPLTW/vbs 10.01722
wandb:       test_best_cost/OVRPLTW/vbs_gap_closed_pct -3.53914
wandb:               test_best_cost/OVRPLTW/vs_sbs_pct 0.03026
wandb:                 test_best_cost/OVRPTW/mean_cost 10.12233
wandb:                         test_best_cost/OVRPTW/n 1000
wandb:                       test_best_cost/OVRPTW/sbs 10.12329
wandb:                 test_best_cost/OVRPTW/std_final 4.34206
wandb:                      test_best_cost/OVRPTW/top1 0.461
wandb:                      test_best_cost/OVRPTW/top2 0.908
wandb:                      test_best_cost/OVRPTW/top3 1
wandb:                       test_best_cost/OVRPTW/vbs 10.03361
wandb:        test_best_cost/OVRPTW/vbs_gap_closed_pct 1.07732
wandb:                test_best_cost/OVRPTW/vs_sbs_pct -0.00954
wandb:                    test_best_cost/TSP/mean_cost 8.04798
wandb:                            test_best_cost/TSP/n 1000
wandb:                          test_best_cost/TSP/sbs 8.08288
wandb:                    test_best_cost/TSP/std_final 1.99839
wandb:                         test_best_cost/TSP/top1 0.343
wandb:                         test_best_cost/TSP/top2 0.574
wandb:                         test_best_cost/TSP/top3 0.722
wandb:                          test_best_cost/TSP/vbs 7.99465
wandb:           test_best_cost/TSP/vbs_gap_closed_pct 39.55318
wandb:                   test_best_cost/TSP/vs_sbs_pct -0.43174
wandb:                   test_best_cost/VRPB/mean_cost 9.28745
wandb:                           test_best_cost/VRPB/n 1000
wandb:                         test_best_cost/VRPB/sbs 9.29506
wandb:                   test_best_cost/VRPB/std_final 3.5611
wandb:                        test_best_cost/VRPB/top1 0.515
wandb:                        test_best_cost/VRPB/top2 0.916
wandb:                        test_best_cost/VRPB/top3 0.986
wandb:                         test_best_cost/VRPB/vbs 9.21779
wandb:          test_best_cost/VRPB/vbs_gap_closed_pct 9.84322
wandb:                  test_best_cost/VRPB/vs_sbs_pct -0.08183
wandb:                  test_best_cost/VRPBL/mean_cost 9.24682
wandb:                          test_best_cost/VRPBL/n 1000
wandb:                        test_best_cost/VRPBL/sbs 9.24919
wandb:                  test_best_cost/VRPBL/std_final 3.38529
wandb:                       test_best_cost/VRPBL/top1 0.553
wandb:                       test_best_cost/VRPBL/top2 0.937
wandb:                       test_best_cost/VRPBL/top3 0.992
wandb:                        test_best_cost/VRPBL/vbs 9.17729
wandb:         test_best_cost/VRPBL/vbs_gap_closed_pct 3.29608
wandb:                 test_best_cost/VRPBL/vs_sbs_pct -0.02562
wandb:                test_best_cost/VRPBLTW/mean_cost 19.11929
wandb:                        test_best_cost/VRPBLTW/n 1000
wandb:                      test_best_cost/VRPBLTW/sbs 19.67695
wandb:                test_best_cost/VRPBLTW/std_final 3.18453
wandb:                     test_best_cost/VRPBLTW/top1 0.428
wandb:                     test_best_cost/VRPBLTW/top2 0.748
wandb:                     test_best_cost/VRPBLTW/top3 0.917
wandb:                      test_best_cost/VRPBLTW/vbs 18.78856
wandb:       test_best_cost/VRPBLTW/vbs_gap_closed_pct 62.77154
wandb:               test_best_cost/VRPBLTW/vs_sbs_pct -2.83407
wandb:                 test_best_cost/VRPBTW/mean_cost 19.06328
wandb:                         test_best_cost/VRPBTW/n 1000
wandb:                       test_best_cost/VRPBTW/sbs 19.52632
wandb:                 test_best_cost/VRPBTW/std_final 3.21873
wandb:                      test_best_cost/VRPBTW/top1 0.421
wandb:                      test_best_cost/VRPBTW/top2 0.758
wandb:                      test_best_cost/VRPBTW/top3 0.916
wandb:                       test_best_cost/VRPBTW/vbs 18.69053
wandb:        test_best_cost/VRPBTW/vbs_gap_closed_pct 55.40109
wandb:                test_best_cost/VRPBTW/vs_sbs_pct -2.37135
wandb:                   test_best_cost/VRPL/mean_cost 12.35542
wandb:                           test_best_cost/VRPL/n 1000
wandb:                         test_best_cost/VRPL/sbs 12.36069
wandb:                   test_best_cost/VRPL/std_final 1.32347
wandb:                        test_best_cost/VRPL/top1 0.299
wandb:                        test_best_cost/VRPL/top2 0.503
wandb:                        test_best_cost/VRPL/top3 0.702
wandb:                         test_best_cost/VRPL/vbs 12.29504
wandb:          test_best_cost/VRPL/vbs_gap_closed_pct 8.03134
wandb:                  test_best_cost/VRPL/vs_sbs_pct -0.04265
wandb:                 test_best_cost/VRPLTW/mean_cost 17.64365
wandb:                         test_best_cost/VRPLTW/n 1000
wandb:                       test_best_cost/VRPLTW/sbs 18.42686
wandb:                 test_best_cost/VRPLTW/std_final 3.05284
wandb:                      test_best_cost/VRPLTW/top1 0.432
wandb:                      test_best_cost/VRPLTW/top2 0.743
wandb:                      test_best_cost/VRPLTW/top3 0.895
wandb:                       test_best_cost/VRPLTW/vbs 17.37247
wandb:        test_best_cost/VRPLTW/vbs_gap_closed_pct 74.2805
wandb:                test_best_cost/VRPLTW/vs_sbs_pct -4.25036
wandb:                  test_best_cost/VRPTW/mean_cost 17.67722
wandb:                          test_best_cost/VRPTW/n 1000
wandb:                        test_best_cost/VRPTW/sbs 18.43568
wandb:                  test_best_cost/VRPTW/std_final 3.06591
wandb:                       test_best_cost/VRPTW/top1 0.42
wandb:                       test_best_cost/VRPTW/top2 0.736
wandb:                       test_best_cost/VRPTW/top3 0.909
wandb:                        test_best_cost/VRPTW/vbs 17.42396
wandb:         test_best_cost/VRPTW/vbs_gap_closed_pct 74.96678
wandb:                 test_best_cost/VRPTW/vs_sbs_pct -4.11406
wandb:                       test_best_cost/macro_top1 0.45683
wandb:                       test_best_cost/macro_top2 0.79561
wandb:                       test_best_cost/macro_top3 0.91028
wandb:         test_best_cost/macro_vbs_gap_closed_pct 21.94973
wandb:                 test_best_cost/macro_vs_sbs_pct -0.89824
wandb:                   test_best_top1/ATSP/mean_cost 1.63361
wandb:                           test_best_top1/ATSP/n 1000
wandb:                         test_best_top1/ATSP/sbs 1.66968
wandb:                   test_best_top1/ATSP/std_final 3.48518
wandb:                        test_best_top1/ATSP/top1 0.751
wandb:                        test_best_top1/ATSP/top2 0.952
wandb:                        test_best_top1/ATSP/top3 0.993
wandb:                         test_best_top1/ATSP/vbs 1.62456
wandb:          test_best_top1/ATSP/vbs_gap_closed_pct 79.93629
wandb:                  test_best_top1/ATSP/vs_sbs_pct -2.16024
wandb:                   test_best_top1/CVRP/mean_cost 18.35183
wandb:                           test_best_top1/CVRP/n 1000
wandb:                         test_best_top1/CVRP/sbs 18.33232
wandb:                   test_best_top1/CVRP/std_final 2.13449
wandb:                        test_best_top1/CVRP/top1 0.325
wandb:                        test_best_top1/CVRP/top2 0.558
wandb:                        test_best_top1/CVRP/top3 0.705
wandb:                         test_best_top1/CVRP/vbs 18.1586
wandb:          test_best_top1/CVRP/vbs_gap_closed_pct -11.23091
wandb:                  test_best_top1/CVRP/vs_sbs_pct 0.10642
wandb:                   test_best_top1/OVRP/mean_cost 7.47168
wandb:                           test_best_top1/OVRP/n 1000
wandb:                         test_best_top1/OVRP/sbs 7.46951
wandb:                   test_best_top1/OVRP/std_final 1.59796
wandb:                        test_best_top1/OVRP/top1 0.321
wandb:                        test_best_top1/OVRP/top2 0.644
wandb:                        test_best_top1/OVRP/top3 0.823
wandb:                         test_best_top1/OVRP/vbs 7.40869
wandb:          test_best_top1/OVRP/vbs_gap_closed_pct -3.57382
wandb:                  test_best_top1/OVRP/vs_sbs_pct 0.0291
wandb:                  test_best_top1/OVRPB/mean_cost 6.2998
wandb:                          test_best_top1/OVRPB/n 1000
wandb:                        test_best_top1/OVRPB/sbs 6.29631
wandb:                  test_best_top1/OVRPB/std_final 2.84404
wandb:                       test_best_top1/OVRPB/top1 0.537
wandb:                       test_best_top1/OVRPB/top2 0.964
wandb:                       test_best_top1/OVRPB/top3 0.989
wandb:                        test_best_top1/OVRPB/vbs 6.23288
wandb:         test_best_top1/OVRPB/vbs_gap_closed_pct -5.50356
wandb:                 test_best_top1/OVRPB/vs_sbs_pct 0.05544
wandb:                 test_best_top1/OVRPBL/mean_cost 6.30386
wandb:                         test_best_top1/OVRPBL/n 1000
wandb:                       test_best_top1/OVRPBL/sbs 6.30683
wandb:                 test_best_top1/OVRPBL/std_final 2.81424
wandb:                      test_best_top1/OVRPBL/top1 0.564
wandb:                      test_best_top1/OVRPBL/top2 0.971
wandb:                      test_best_top1/OVRPBL/top3 0.99
wandb:                       test_best_top1/OVRPBL/vbs 6.24177
wandb:        test_best_top1/OVRPBL/vbs_gap_closed_pct 4.5641
wandb:                test_best_top1/OVRPBL/vs_sbs_pct -0.04708
wandb:               test_best_top1/OVRPBLTW/mean_cost 10.59034
wandb:                       test_best_top1/OVRPBLTW/n 1000
wandb:                     test_best_top1/OVRPBLTW/sbs 10.59278
wandb:               test_best_top1/OVRPBLTW/std_final 4.40718
wandb:                    test_best_top1/OVRPBLTW/top1 0.503
wandb:                    test_best_top1/OVRPBLTW/top2 0.911
wandb:                    test_best_top1/OVRPBLTW/top3 0.999
wandb:                     test_best_top1/OVRPBLTW/vbs 10.47102
wandb:      test_best_top1/OVRPBLTW/vbs_gap_closed_pct 1.99838
wandb:              test_best_top1/OVRPBLTW/vs_sbs_pct -0.02297
wandb:                test_best_top1/OVRPBTW/mean_cost 10.61753
wandb:                        test_best_top1/OVRPBTW/n 1000
wandb:                      test_best_top1/OVRPBTW/sbs 10.60899
wandb:                test_best_top1/OVRPBTW/std_final 4.50493
wandb:                     test_best_top1/OVRPBTW/top1 0.5
wandb:                     test_best_top1/OVRPBTW/top2 0.905
wandb:                     test_best_top1/OVRPBTW/top3 0.998
wandb:                      test_best_top1/OVRPBTW/vbs 10.47819
wandb:       test_best_top1/OVRPBTW/vbs_gap_closed_pct -6.52708
wandb:               test_best_top1/OVRPBTW/vs_sbs_pct 0.08048
wandb:                  test_best_top1/OVRPL/mean_cost 7.44781
wandb:                          test_best_top1/OVRPL/n 1000
wandb:                        test_best_top1/OVRPL/sbs 7.45366
wandb:                  test_best_top1/OVRPL/std_final 1.59552
wandb:                       test_best_top1/OVRPL/top1 0.366
wandb:                       test_best_top1/OVRPL/top2 0.675
wandb:                       test_best_top1/OVRPL/top3 0.849
wandb:                        test_best_top1/OVRPL/vbs 7.39367
wandb:         test_best_top1/OVRPL/vbs_gap_closed_pct 9.74975
wandb:                 test_best_top1/OVRPL/vs_sbs_pct -0.07846
wandb:                test_best_top1/OVRPLTW/mean_cost 10.10666
wandb:                        test_best_top1/OVRPLTW/n 1000
wandb:                      test_best_top1/OVRPLTW/sbs 10.1036
wandb:                test_best_top1/OVRPLTW/std_final 4.4557
wandb:                     test_best_top1/OVRPLTW/top1 0.484
wandb:                     test_best_top1/OVRPLTW/top2 0.918
wandb:                     test_best_top1/OVRPLTW/top3 1
wandb:                      test_best_top1/OVRPLTW/vbs 10.01722
wandb:       test_best_top1/OVRPLTW/vbs_gap_closed_pct -3.53914
wandb:               test_best_top1/OVRPLTW/vs_sbs_pct 0.03026
wandb:                 test_best_top1/OVRPTW/mean_cost 10.12233
wandb:                         test_best_top1/OVRPTW/n 1000
wandb:                       test_best_top1/OVRPTW/sbs 10.12329
wandb:                 test_best_top1/OVRPTW/std_final 4.34206
wandb:                      test_best_top1/OVRPTW/top1 0.461
wandb:                      test_best_top1/OVRPTW/top2 0.908
wandb:                      test_best_top1/OVRPTW/top3 1
wandb:                       test_best_top1/OVRPTW/vbs 10.03361
wandb:        test_best_top1/OVRPTW/vbs_gap_closed_pct 1.07732
wandb:                test_best_top1/OVRPTW/vs_sbs_pct -0.00954
wandb:                    test_best_top1/TSP/mean_cost 8.04798
wandb:                            test_best_top1/TSP/n 1000
wandb:                          test_best_top1/TSP/sbs 8.08288
wandb:                    test_best_top1/TSP/std_final 1.99839
wandb:                         test_best_top1/TSP/top1 0.343
wandb:                         test_best_top1/TSP/top2 0.574
wandb:                         test_best_top1/TSP/top3 0.722
wandb:                          test_best_top1/TSP/vbs 7.99465
wandb:           test_best_top1/TSP/vbs_gap_closed_pct 39.55318
wandb:                   test_best_top1/TSP/vs_sbs_pct -0.43174
wandb:                   test_best_top1/VRPB/mean_cost 9.28745
wandb:                           test_best_top1/VRPB/n 1000
wandb:                         test_best_top1/VRPB/sbs 9.29506
wandb:                   test_best_top1/VRPB/std_final 3.5611
wandb:                        test_best_top1/VRPB/top1 0.515
wandb:                        test_best_top1/VRPB/top2 0.916
wandb:                        test_best_top1/VRPB/top3 0.986
wandb:                         test_best_top1/VRPB/vbs 9.21779
wandb:          test_best_top1/VRPB/vbs_gap_closed_pct 9.84322
wandb:                  test_best_top1/VRPB/vs_sbs_pct -0.08183
wandb:                  test_best_top1/VRPBL/mean_cost 9.24682
wandb:                          test_best_top1/VRPBL/n 1000
wandb:                        test_best_top1/VRPBL/sbs 9.24919
wandb:                  test_best_top1/VRPBL/std_final 3.38529
wandb:                       test_best_top1/VRPBL/top1 0.553
wandb:                       test_best_top1/VRPBL/top2 0.937
wandb:                       test_best_top1/VRPBL/top3 0.992
wandb:                        test_best_top1/VRPBL/vbs 9.17729
wandb:         test_best_top1/VRPBL/vbs_gap_closed_pct 3.29608
wandb:                 test_best_top1/VRPBL/vs_sbs_pct -0.02562
wandb:                test_best_top1/VRPBLTW/mean_cost 19.11929
wandb:                        test_best_top1/VRPBLTW/n 1000
wandb:                      test_best_top1/VRPBLTW/sbs 19.67695
wandb:                test_best_top1/VRPBLTW/std_final 3.18453
wandb:                     test_best_top1/VRPBLTW/top1 0.428
wandb:                     test_best_top1/VRPBLTW/top2 0.748
wandb:                     test_best_top1/VRPBLTW/top3 0.917
wandb:                      test_best_top1/VRPBLTW/vbs 18.78856
wandb:       test_best_top1/VRPBLTW/vbs_gap_closed_pct 62.77154
wandb:               test_best_top1/VRPBLTW/vs_sbs_pct -2.83407
wandb:                 test_best_top1/VRPBTW/mean_cost 19.06328
wandb:                         test_best_top1/VRPBTW/n 1000
wandb:                       test_best_top1/VRPBTW/sbs 19.52632
wandb:                 test_best_top1/VRPBTW/std_final 3.21873
wandb:                      test_best_top1/VRPBTW/top1 0.421
wandb:                      test_best_top1/VRPBTW/top2 0.758
wandb:                      test_best_top1/VRPBTW/top3 0.916
wandb:                       test_best_top1/VRPBTW/vbs 18.69053
wandb:        test_best_top1/VRPBTW/vbs_gap_closed_pct 55.40109
wandb:                test_best_top1/VRPBTW/vs_sbs_pct -2.37135
wandb:                   test_best_top1/VRPL/mean_cost 12.35542
wandb:                           test_best_top1/VRPL/n 1000
wandb:                         test_best_top1/VRPL/sbs 12.36069
wandb:                   test_best_top1/VRPL/std_final 1.32347
wandb:                        test_best_top1/VRPL/top1 0.299
wandb:                        test_best_top1/VRPL/top2 0.503
wandb:                        test_best_top1/VRPL/top3 0.702
wandb:                         test_best_top1/VRPL/vbs 12.29504
wandb:          test_best_top1/VRPL/vbs_gap_closed_pct 8.03134
wandb:                  test_best_top1/VRPL/vs_sbs_pct -0.04265
wandb:                 test_best_top1/VRPLTW/mean_cost 17.64365
wandb:                         test_best_top1/VRPLTW/n 1000
wandb:                       test_best_top1/VRPLTW/sbs 18.42686
wandb:                 test_best_top1/VRPLTW/std_final 3.05284
wandb:                      test_best_top1/VRPLTW/top1 0.432
wandb:                      test_best_top1/VRPLTW/top2 0.743
wandb:                      test_best_top1/VRPLTW/top3 0.895
wandb:                       test_best_top1/VRPLTW/vbs 17.37247
wandb:        test_best_top1/VRPLTW/vbs_gap_closed_pct 74.2805
wandb:                test_best_top1/VRPLTW/vs_sbs_pct -4.25036
wandb:                  test_best_top1/VRPTW/mean_cost 17.67722
wandb:                          test_best_top1/VRPTW/n 1000
wandb:                        test_best_top1/VRPTW/sbs 18.43568
wandb:                  test_best_top1/VRPTW/std_final 3.06591
wandb:                       test_best_top1/VRPTW/top1 0.42
wandb:                       test_best_top1/VRPTW/top2 0.736
wandb:                       test_best_top1/VRPTW/top3 0.909
wandb:                        test_best_top1/VRPTW/vbs 17.42396
wandb:         test_best_top1/VRPTW/vbs_gap_closed_pct 74.96678
wandb:                 test_best_top1/VRPTW/vs_sbs_pct -4.11406
wandb:                       test_best_top1/macro_top1 0.45683
wandb:                       test_best_top1/macro_top2 0.79561
wandb:                       test_best_top1/macro_top3 0.91028
wandb:         test_best_top1/macro_vbs_gap_closed_pct 21.94973
wandb:                 test_best_top1/macro_vs_sbs_pct -0.89824
wandb:              test_best_top3_safe/ATSP/mean_cost 1.63698
wandb:                      test_best_top3_safe/ATSP/n 1000
wandb:                    test_best_top3_safe/ATSP/sbs 1.66968
wandb:              test_best_top3_safe/ATSP/std_final 3.5398
wandb:                   test_best_top3_safe/ATSP/top1 0.763
wandb:                   test_best_top3_safe/ATSP/top2 0.959
wandb:                   test_best_top3_safe/ATSP/top3 0.994
wandb:                    test_best_top3_safe/ATSP/vbs 1.62456
wandb:     test_best_top3_safe/ATSP/vbs_gap_closed_pct 72.47718
wandb:             test_best_top3_safe/ATSP/vs_sbs_pct -1.95866
wandb:              test_best_top3_safe/CVRP/mean_cost 18.37457
wandb:                      test_best_top3_safe/CVRP/n 1000
wandb:                    test_best_top3_safe/CVRP/sbs 18.33232
wandb:              test_best_top3_safe/CVRP/std_final 2.15268
wandb:                   test_best_top3_safe/CVRP/top1 0.323
wandb:                   test_best_top3_safe/CVRP/top2 0.553
wandb:                   test_best_top3_safe/CVRP/top3 0.713
wandb:                    test_best_top3_safe/CVRP/vbs 18.1586
wandb:     test_best_top3_safe/CVRP/vbs_gap_closed_pct -24.32197
wandb:             test_best_top3_safe/CVRP/vs_sbs_pct 0.23047
wandb:              test_best_top3_safe/OVRP/mean_cost 7.46829
wandb:                      test_best_top3_safe/OVRP/n 1000
wandb:                    test_best_top3_safe/OVRP/sbs 7.46951
wandb:              test_best_top3_safe/OVRP/std_final 1.31093
wandb:                   test_best_top3_safe/OVRP/top1 0.332
wandb:                   test_best_top3_safe/OVRP/top2 0.652
wandb:                   test_best_top3_safe/OVRP/top3 0.824
wandb:                    test_best_top3_safe/OVRP/vbs 7.40869
wandb:     test_best_top3_safe/OVRP/vbs_gap_closed_pct 2.00383
wandb:             test_best_top3_safe/OVRP/vs_sbs_pct -0.01631
wandb:             test_best_top3_safe/OVRPB/mean_cost 6.29916
wandb:                     test_best_top3_safe/OVRPB/n 1000
wandb:                   test_best_top3_safe/OVRPB/sbs 6.29631
wandb:             test_best_top3_safe/OVRPB/std_final 3.059
wandb:                  test_best_top3_safe/OVRPB/top1 0.537
wandb:                  test_best_top3_safe/OVRPB/top2 0.963
wandb:                  test_best_top3_safe/OVRPB/top3 0.99
wandb:                   test_best_top3_safe/OVRPB/vbs 6.23288
wandb:    test_best_top3_safe/OVRPB/vbs_gap_closed_pct -4.49348
wandb:            test_best_top3_safe/OVRPB/vs_sbs_pct 0.04526
wandb:            test_best_top3_safe/OVRPBL/mean_cost 6.30427
wandb:                    test_best_top3_safe/OVRPBL/n 1000
wandb:                  test_best_top3_safe/OVRPBL/sbs 6.30683
wandb:            test_best_top3_safe/OVRPBL/std_final 3.19997
wandb:                 test_best_top3_safe/OVRPBL/top1 0.565
wandb:                 test_best_top3_safe/OVRPBL/top2 0.97
wandb:                 test_best_top3_safe/OVRPBL/top3 0.992
wandb:                  test_best_top3_safe/OVRPBL/vbs 6.24177
wandb:   test_best_top3_safe/OVRPBL/vbs_gap_closed_pct 3.93961
wandb:           test_best_top3_safe/OVRPBL/vs_sbs_pct -0.04064
wandb:          test_best_top3_safe/OVRPBLTW/mean_cost 10.60834
wandb:                  test_best_top3_safe/OVRPBLTW/n 1000
wandb:                test_best_top3_safe/OVRPBLTW/sbs 10.59278
wandb:          test_best_top3_safe/OVRPBLTW/std_final 4.54823
wandb:               test_best_top3_safe/OVRPBLTW/top1 0.472
wandb:               test_best_top3_safe/OVRPBLTW/top2 0.903
wandb:               test_best_top3_safe/OVRPBLTW/top3 1
wandb:                test_best_top3_safe/OVRPBLTW/vbs 10.47102
wandb: test_best_top3_safe/OVRPBLTW/vbs_gap_closed_pct -12.7866
wandb:         test_best_top3_safe/OVRPBLTW/vs_sbs_pct 0.14697
wandb:           test_best_top3_safe/OVRPBTW/mean_cost 10.62331
wandb:                   test_best_top3_safe/OVRPBTW/n 1000
wandb:                 test_best_top3_safe/OVRPBTW/sbs 10.60899
wandb:           test_best_top3_safe/OVRPBTW/std_final 4.48787
wandb:                test_best_top3_safe/OVRPBTW/top1 0.476
wandb:                test_best_top3_safe/OVRPBTW/top2 0.891
wandb:                test_best_top3_safe/OVRPBTW/top3 0.998
wandb:                 test_best_top3_safe/OVRPBTW/vbs 10.47819
wandb:  test_best_top3_safe/OVRPBTW/vbs_gap_closed_pct -10.94234
wandb:          test_best_top3_safe/OVRPBTW/vs_sbs_pct 0.13492
wandb:             test_best_top3_safe/OVRPL/mean_cost 7.44605
wandb:                     test_best_top3_safe/OVRPL/n 1000
wandb:                   test_best_top3_safe/OVRPL/sbs 7.45366
wandb:             test_best_top3_safe/OVRPL/std_final 1.31136
wandb:                  test_best_top3_safe/OVRPL/top1 0.377
wandb:                  test_best_top3_safe/OVRPL/top2 0.677
wandb:                  test_best_top3_safe/OVRPL/top3 0.834
wandb:                   test_best_top3_safe/OVRPL/vbs 7.39367
wandb:    test_best_top3_safe/OVRPL/vbs_gap_closed_pct 12.68928
wandb:            test_best_top3_safe/OVRPL/vs_sbs_pct -0.10211
wandb:           test_best_top3_safe/OVRPLTW/mean_cost 10.10509
wandb:                   test_best_top3_safe/OVRPLTW/n 1000
wandb:                 test_best_top3_safe/OVRPLTW/sbs 10.1036
wandb:           test_best_top3_safe/OVRPLTW/std_final 4.59692
wandb:                test_best_top3_safe/OVRPLTW/top1 0.486
wandb:                test_best_top3_safe/OVRPLTW/top2 0.913
wandb:                test_best_top3_safe/OVRPLTW/top3 1
wandb:                 test_best_top3_safe/OVRPLTW/vbs 10.01722
wandb:  test_best_top3_safe/OVRPLTW/vbs_gap_closed_pct -1.72864
wandb:          test_best_top3_safe/OVRPLTW/vs_sbs_pct 0.01478
wandb:            test_best_top3_safe/OVRPTW/mean_cost 10.12516
wandb:                    test_best_top3_safe/OVRPTW/n 1000
wandb:                  test_best_top3_safe/OVRPTW/sbs 10.12329
wandb:            test_best_top3_safe/OVRPTW/std_final 4.47883
wandb:                 test_best_top3_safe/OVRPTW/top1 0.458
wandb:                 test_best_top3_safe/OVRPTW/top2 0.892
wandb:                 test_best_top3_safe/OVRPTW/top3 0.999
wandb:                  test_best_top3_safe/OVRPTW/vbs 10.03361
wandb:   test_best_top3_safe/OVRPTW/vbs_gap_closed_pct -2.08035
wandb:           test_best_top3_safe/OVRPTW/vs_sbs_pct 0.01843
wandb:               test_best_top3_safe/TSP/mean_cost 8.04746
wandb:                       test_best_top3_safe/TSP/n 1000
wandb:                     test_best_top3_safe/TSP/sbs 8.08288
wandb:               test_best_top3_safe/TSP/std_final 1.30263
wandb:                    test_best_top3_safe/TSP/top1 0.349
wandb:                    test_best_top3_safe/TSP/top2 0.574
wandb:                    test_best_top3_safe/TSP/top3 0.729
wandb:                     test_best_top3_safe/TSP/vbs 7.99465
wandb:      test_best_top3_safe/TSP/vbs_gap_closed_pct 40.14867
wandb:              test_best_top3_safe/TSP/vs_sbs_pct -0.43824
wandb:              test_best_top3_safe/VRPB/mean_cost 9.29464
wandb:                      test_best_top3_safe/VRPB/n 1000
wandb:                    test_best_top3_safe/VRPB/sbs 9.29506
wandb:              test_best_top3_safe/VRPB/std_final 3.57157
wandb:                   test_best_top3_safe/VRPB/top1 0.509
wandb:                   test_best_top3_safe/VRPB/top2 0.895
wandb:                   test_best_top3_safe/VRPB/top3 0.984
wandb:                    test_best_top3_safe/VRPB/vbs 9.21779
wandb:     test_best_top3_safe/VRPB/vbs_gap_closed_pct 0.5339
wandb:             test_best_top3_safe/VRPB/vs_sbs_pct -0.00444
wandb:             test_best_top3_safe/VRPBL/mean_cost 9.24906
wandb:                     test_best_top3_safe/VRPBL/n 1000
wandb:                   test_best_top3_safe/VRPBL/sbs 9.24919
wandb:             test_best_top3_safe/VRPBL/std_final 3.60292
wandb:                  test_best_top3_safe/VRPBL/top1 0.549
wandb:                  test_best_top3_safe/VRPBL/top2 0.915
wandb:                  test_best_top3_safe/VRPBL/top3 0.99
wandb:                   test_best_top3_safe/VRPBL/vbs 9.17729
wandb:    test_best_top3_safe/VRPBL/vbs_gap_closed_pct 0.17253
wandb:            test_best_top3_safe/VRPBL/vs_sbs_pct -0.00134
wandb:           test_best_top3_safe/VRPBLTW/mean_cost 19.12446
wandb:                   test_best_top3_safe/VRPBLTW/n 1000
wandb:                 test_best_top3_safe/VRPBLTW/sbs 19.67695
wandb:           test_best_top3_safe/VRPBLTW/std_final 3.12521
wandb:                test_best_top3_safe/VRPBLTW/top1 0.426
wandb:                test_best_top3_safe/VRPBLTW/top2 0.75
wandb:                test_best_top3_safe/VRPBLTW/top3 0.919
wandb:                 test_best_top3_safe/VRPBLTW/vbs 18.78856
wandb:  test_best_top3_safe/VRPBLTW/vbs_gap_closed_pct 62.18949
wandb:          test_best_top3_safe/VRPBLTW/vs_sbs_pct -2.8078
wandb:            test_best_top3_safe/VRPBTW/mean_cost 19.03585
wandb:                    test_best_top3_safe/VRPBTW/n 1000
wandb:                  test_best_top3_safe/VRPBTW/sbs 19.52632
wandb:            test_best_top3_safe/VRPBTW/std_final 3.0824
wandb:                 test_best_top3_safe/VRPBTW/top1 0.419
wandb:                 test_best_top3_safe/VRPBTW/top2 0.758
wandb:                 test_best_top3_safe/VRPBTW/top3 0.923
wandb:                  test_best_top3_safe/VRPBTW/vbs 18.69053
wandb:   test_best_top3_safe/VRPBTW/vbs_gap_closed_pct 58.68285
wandb:           test_best_top3_safe/VRPBTW/vs_sbs_pct -2.51182
wandb:              test_best_top3_safe/VRPL/mean_cost 12.35719
wandb:                      test_best_top3_safe/VRPL/n 1000
wandb:                    test_best_top3_safe/VRPL/sbs 12.36069
wandb:              test_best_top3_safe/VRPL/std_final 1.04479
wandb:                   test_best_top3_safe/VRPL/top1 0.298
wandb:                   test_best_top3_safe/VRPL/top2 0.519
wandb:                   test_best_top3_safe/VRPL/top3 0.692
wandb:                    test_best_top3_safe/VRPL/vbs 12.29504
wandb:     test_best_top3_safe/VRPL/vbs_gap_closed_pct 5.33575
wandb:             test_best_top3_safe/VRPL/vs_sbs_pct -0.02834
wandb:            test_best_top3_safe/VRPLTW/mean_cost 17.65557
wandb:                    test_best_top3_safe/VRPLTW/n 1000
wandb:                  test_best_top3_safe/VRPLTW/sbs 18.42686
wandb:            test_best_top3_safe/VRPLTW/std_final 3.12561
wandb:                 test_best_top3_safe/VRPLTW/top1 0.425
wandb:                 test_best_top3_safe/VRPLTW/top2 0.733
wandb:                 test_best_top3_safe/VRPLTW/top3 0.898
wandb:                  test_best_top3_safe/VRPLTW/vbs 17.37247
wandb:   test_best_top3_safe/VRPLTW/vbs_gap_closed_pct 73.15
wandb:           test_best_top3_safe/VRPLTW/vs_sbs_pct -4.18567
wandb:             test_best_top3_safe/VRPTW/mean_cost 17.68218
wandb:                     test_best_top3_safe/VRPTW/n 1000
wandb:                   test_best_top3_safe/VRPTW/sbs 18.43568
wandb:             test_best_top3_safe/VRPTW/std_final 3.0808
wandb:                  test_best_top3_safe/VRPTW/top1 0.415
wandb:                  test_best_top3_safe/VRPTW/top2 0.734
wandb:                  test_best_top3_safe/VRPTW/top3 0.907
wandb:                   test_best_top3_safe/VRPTW/vbs 17.42396
wandb:    test_best_top3_safe/VRPTW/vbs_gap_closed_pct 74.47662
wandb:            test_best_top3_safe/VRPTW/vs_sbs_pct -4.08716
wandb:                  test_best_top3_safe/macro_top1 0.45439
wandb:                  test_best_top3_safe/macro_top2 0.79172
wandb:                  test_best_top3_safe/macro_top3 0.91033
wandb:    test_best_top3_safe/macro_vbs_gap_closed_pct 19.41368
wandb:            test_best_top3_safe/macro_vs_sbs_pct -0.86621
wandb:                        test_last/ATSP/mean_cost 1.63698
wandb:                                test_last/ATSP/n 1000
wandb:                              test_last/ATSP/sbs 1.66968
wandb:                        test_last/ATSP/std_final 3.5398
wandb:                             test_last/ATSP/top1 0.763
wandb:                             test_last/ATSP/top2 0.959
wandb:                             test_last/ATSP/top3 0.994
wandb:                              test_last/ATSP/vbs 1.62456
wandb:               test_last/ATSP/vbs_gap_closed_pct 72.47718
wandb:                       test_last/ATSP/vs_sbs_pct -1.95866
wandb:                        test_last/CVRP/mean_cost 18.37457
wandb:                                test_last/CVRP/n 1000
wandb:                              test_last/CVRP/sbs 18.33232
wandb:                        test_last/CVRP/std_final 2.15268
wandb:                             test_last/CVRP/top1 0.323
wandb:                             test_last/CVRP/top2 0.553
wandb:                             test_last/CVRP/top3 0.713
wandb:                              test_last/CVRP/vbs 18.1586
wandb:               test_last/CVRP/vbs_gap_closed_pct -24.32197
wandb:                       test_last/CVRP/vs_sbs_pct 0.23047
wandb:                        test_last/OVRP/mean_cost 7.46829
wandb:                                test_last/OVRP/n 1000
wandb:                              test_last/OVRP/sbs 7.46951
wandb:                        test_last/OVRP/std_final 1.31093
wandb:                             test_last/OVRP/top1 0.332
wandb:                             test_last/OVRP/top2 0.652
wandb:                             test_last/OVRP/top3 0.824
wandb:                              test_last/OVRP/vbs 7.40869
wandb:               test_last/OVRP/vbs_gap_closed_pct 2.00383
wandb:                       test_last/OVRP/vs_sbs_pct -0.01631
wandb:                       test_last/OVRPB/mean_cost 6.29916
wandb:                               test_last/OVRPB/n 1000
wandb:                             test_last/OVRPB/sbs 6.29631
wandb:                       test_last/OVRPB/std_final 3.059
wandb:                            test_last/OVRPB/top1 0.537
wandb:                            test_last/OVRPB/top2 0.963
wandb:                            test_last/OVRPB/top3 0.99
wandb:                             test_last/OVRPB/vbs 6.23288
wandb:              test_last/OVRPB/vbs_gap_closed_pct -4.49348
wandb:                      test_last/OVRPB/vs_sbs_pct 0.04526
wandb:                      test_last/OVRPBL/mean_cost 6.30427
wandb:                              test_last/OVRPBL/n 1000
wandb:                            test_last/OVRPBL/sbs 6.30683
wandb:                      test_last/OVRPBL/std_final 3.19997
wandb:                           test_last/OVRPBL/top1 0.565
wandb:                           test_last/OVRPBL/top2 0.97
wandb:                           test_last/OVRPBL/top3 0.992
wandb:                            test_last/OVRPBL/vbs 6.24177
wandb:             test_last/OVRPBL/vbs_gap_closed_pct 3.93961
wandb:                     test_last/OVRPBL/vs_sbs_pct -0.04064
wandb:                    test_last/OVRPBLTW/mean_cost 10.60834
wandb:                            test_last/OVRPBLTW/n 1000
wandb:                          test_last/OVRPBLTW/sbs 10.59278
wandb:                    test_last/OVRPBLTW/std_final 4.54823
wandb:                         test_last/OVRPBLTW/top1 0.472
wandb:                         test_last/OVRPBLTW/top2 0.903
wandb:                         test_last/OVRPBLTW/top3 1
wandb:                          test_last/OVRPBLTW/vbs 10.47102
wandb:           test_last/OVRPBLTW/vbs_gap_closed_pct -12.7866
wandb:                   test_last/OVRPBLTW/vs_sbs_pct 0.14697
wandb:                     test_last/OVRPBTW/mean_cost 10.62331
wandb:                             test_last/OVRPBTW/n 1000
wandb:                           test_last/OVRPBTW/sbs 10.60899
wandb:                     test_last/OVRPBTW/std_final 4.48787
wandb:                          test_last/OVRPBTW/top1 0.476
wandb:                          test_last/OVRPBTW/top2 0.891
wandb:                          test_last/OVRPBTW/top3 0.998
wandb:                           test_last/OVRPBTW/vbs 10.47819
wandb:            test_last/OVRPBTW/vbs_gap_closed_pct -10.94234
wandb:                    test_last/OVRPBTW/vs_sbs_pct 0.13492
wandb:                       test_last/OVRPL/mean_cost 7.44605
wandb:                               test_last/OVRPL/n 1000
wandb:                             test_last/OVRPL/sbs 7.45366
wandb:                       test_last/OVRPL/std_final 1.31136
wandb:                            test_last/OVRPL/top1 0.377
wandb:                            test_last/OVRPL/top2 0.677
wandb:                            test_last/OVRPL/top3 0.834
wandb:                             test_last/OVRPL/vbs 7.39367
wandb:              test_last/OVRPL/vbs_gap_closed_pct 12.68928
wandb:                      test_last/OVRPL/vs_sbs_pct -0.10211
wandb:                     test_last/OVRPLTW/mean_cost 10.10509
wandb:                             test_last/OVRPLTW/n 1000
wandb:                           test_last/OVRPLTW/sbs 10.1036
wandb:                     test_last/OVRPLTW/std_final 4.59692
wandb:                          test_last/OVRPLTW/top1 0.486
wandb:                          test_last/OVRPLTW/top2 0.913
wandb:                          test_last/OVRPLTW/top3 1
wandb:                           test_last/OVRPLTW/vbs 10.01722
wandb:            test_last/OVRPLTW/vbs_gap_closed_pct -1.72864
wandb:                    test_last/OVRPLTW/vs_sbs_pct 0.01478
wandb:                      test_last/OVRPTW/mean_cost 10.12516
wandb:                              test_last/OVRPTW/n 1000
wandb:                            test_last/OVRPTW/sbs 10.12329
wandb:                      test_last/OVRPTW/std_final 4.47883
wandb:                           test_last/OVRPTW/top1 0.458
wandb:                           test_last/OVRPTW/top2 0.892
wandb:                           test_last/OVRPTW/top3 0.999
wandb:                            test_last/OVRPTW/vbs 10.03361
wandb:             test_last/OVRPTW/vbs_gap_closed_pct -2.08035
wandb:                     test_last/OVRPTW/vs_sbs_pct 0.01843
wandb:                         test_last/TSP/mean_cost 8.04746
wandb:                                 test_last/TSP/n 1000
wandb:                               test_last/TSP/sbs 8.08288
wandb:                         test_last/TSP/std_final 1.30263
wandb:                              test_last/TSP/top1 0.349
wandb:                              test_last/TSP/top2 0.574
wandb:                              test_last/TSP/top3 0.729
wandb:                               test_last/TSP/vbs 7.99465
wandb:                test_last/TSP/vbs_gap_closed_pct 40.14867
wandb:                        test_last/TSP/vs_sbs_pct -0.43824
wandb:                        test_last/VRPB/mean_cost 9.29464
wandb:                                test_last/VRPB/n 1000
wandb:                              test_last/VRPB/sbs 9.29506
wandb:                        test_last/VRPB/std_final 3.57157
wandb:                             test_last/VRPB/top1 0.509
wandb:                             test_last/VRPB/top2 0.895
wandb:                             test_last/VRPB/top3 0.984
wandb:                              test_last/VRPB/vbs 9.21779
wandb:               test_last/VRPB/vbs_gap_closed_pct 0.5339
wandb:                       test_last/VRPB/vs_sbs_pct -0.00444
wandb:                       test_last/VRPBL/mean_cost 9.24906
wandb:                               test_last/VRPBL/n 1000
wandb:                             test_last/VRPBL/sbs 9.24919
wandb:                       test_last/VRPBL/std_final 3.60292
wandb:                            test_last/VRPBL/top1 0.549
wandb:                            test_last/VRPBL/top2 0.915
wandb:                            test_last/VRPBL/top3 0.99
wandb:                             test_last/VRPBL/vbs 9.17729
wandb:              test_last/VRPBL/vbs_gap_closed_pct 0.17253
wandb:                      test_last/VRPBL/vs_sbs_pct -0.00134
wandb:                     test_last/VRPBLTW/mean_cost 19.12446
wandb:                             test_last/VRPBLTW/n 1000
wandb:                           test_last/VRPBLTW/sbs 19.67695
wandb:                     test_last/VRPBLTW/std_final 3.12521
wandb:                          test_last/VRPBLTW/top1 0.426
wandb:                          test_last/VRPBLTW/top2 0.75
wandb:                          test_last/VRPBLTW/top3 0.919
wandb:                           test_last/VRPBLTW/vbs 18.78856
wandb:            test_last/VRPBLTW/vbs_gap_closed_pct 62.18949
wandb:                    test_last/VRPBLTW/vs_sbs_pct -2.8078
wandb:                      test_last/VRPBTW/mean_cost 19.03585
wandb:                              test_last/VRPBTW/n 1000
wandb:                            test_last/VRPBTW/sbs 19.52632
wandb:                      test_last/VRPBTW/std_final 3.0824
wandb:                           test_last/VRPBTW/top1 0.419
wandb:                           test_last/VRPBTW/top2 0.758
wandb:                           test_last/VRPBTW/top3 0.923
wandb:                            test_last/VRPBTW/vbs 18.69053
wandb:             test_last/VRPBTW/vbs_gap_closed_pct 58.68285
wandb:                     test_last/VRPBTW/vs_sbs_pct -2.51182
wandb:                        test_last/VRPL/mean_cost 12.35719
wandb:                                test_last/VRPL/n 1000
wandb:                              test_last/VRPL/sbs 12.36069
wandb:                        test_last/VRPL/std_final 1.04479
wandb:                             test_last/VRPL/top1 0.298
wandb:                             test_last/VRPL/top2 0.519
wandb:                             test_last/VRPL/top3 0.692
wandb:                              test_last/VRPL/vbs 12.29504
wandb:               test_last/VRPL/vbs_gap_closed_pct 5.33575
wandb:                       test_last/VRPL/vs_sbs_pct -0.02834
wandb:                      test_last/VRPLTW/mean_cost 17.65557
wandb:                              test_last/VRPLTW/n 1000
wandb:                            test_last/VRPLTW/sbs 18.42686
wandb:                      test_last/VRPLTW/std_final 3.12561
wandb:                           test_last/VRPLTW/top1 0.425
wandb:                           test_last/VRPLTW/top2 0.733
wandb:                           test_last/VRPLTW/top3 0.898
wandb:                            test_last/VRPLTW/vbs 17.37247
wandb:             test_last/VRPLTW/vbs_gap_closed_pct 73.15
wandb:                     test_last/VRPLTW/vs_sbs_pct -4.18567
wandb:                       test_last/VRPTW/mean_cost 17.68218
wandb:                               test_last/VRPTW/n 1000
wandb:                             test_last/VRPTW/sbs 18.43568
wandb:                       test_last/VRPTW/std_final 3.0808
wandb:                            test_last/VRPTW/top1 0.415
wandb:                            test_last/VRPTW/top2 0.734
wandb:                            test_last/VRPTW/top3 0.907
wandb:                             test_last/VRPTW/vbs 17.42396
wandb:              test_last/VRPTW/vbs_gap_closed_pct 74.47662
wandb:                      test_last/VRPTW/vs_sbs_pct -4.08716
wandb:                            test_last/macro_top1 0.45439
wandb:                            test_last/macro_top2 0.79172
wandb:                            test_last/macro_top3 0.91033
wandb:              test_last/macro_vbs_gap_closed_pct 19.41368
wandb:                      test_last/macro_vs_sbs_pct -0.86621
wandb:                                        train/ce 1.26329
wandb:                                      train/loss 0.54643
wandb:                                        train/lr 0.0002
wandb:                                      train/pair 0.06421
wandb:                                      train/risk 0.021
wandb:                                   train/topk_ce 1.05738
wandb:                              val/ATSP/mean_cost 1.63939
wandb:                                      val/ATSP/n 1000
wandb:                                    val/ATSP/sbs 1.67352
wandb:                              val/ATSP/std_final 3.53786
wandb:                                   val/ATSP/top1 0.77
wandb:                                   val/ATSP/top2 0.971
wandb:                                   val/ATSP/top3 0.995
wandb:                                    val/ATSP/vbs 1.62958
wandb:                     val/ATSP/vbs_gap_closed_pct 77.67984
wandb:                             val/ATSP/vs_sbs_pct -2.03962
wandb:                              val/CVRP/mean_cost 18.28334
wandb:                                      val/CVRP/n 1000
wandb:                                    val/CVRP/sbs 18.29433
wandb:                              val/CVRP/std_final 2.15795
wandb:                                   val/CVRP/top1 0.359
wandb:                                   val/CVRP/top2 0.572
wandb:                                   val/CVRP/top3 0.728
wandb:                                    val/CVRP/vbs 18.10996
wandb:                     val/CVRP/vbs_gap_closed_pct 5.96478
wandb:                             val/CVRP/vs_sbs_pct -0.06011
wandb:                              val/OVRP/mean_cost 7.45816
wandb:                                      val/OVRP/n 1000
wandb:                                    val/OVRP/sbs 7.46166
wandb:                              val/OVRP/std_final 1.2948
wandb:                                   val/OVRP/top1 0.361
wandb:                                   val/OVRP/top2 0.65
wandb:                                   val/OVRP/top3 0.837
wandb:                                    val/OVRP/vbs 7.40346
wandb:                     val/OVRP/vbs_gap_closed_pct 5.99857
wandb:                             val/OVRP/vs_sbs_pct -0.04679
wandb:                             val/OVRPB/mean_cost 6.32399
wandb:                                     val/OVRPB/n 1000
wandb:                                   val/OVRPB/sbs 6.32198
wandb:                             val/OVRPB/std_final 3.05395
wandb:                                  val/OVRPB/top1 0.558
wandb:                                  val/OVRPB/top2 0.968
wandb:                                  val/OVRPB/top3 0.987
wandb:                                   val/OVRPB/vbs 6.26069
wandb:                    val/OVRPB/vbs_gap_closed_pct -3.27254
wandb:                            val/OVRPB/vs_sbs_pct 0.03173
wandb:                            val/OVRPBL/mean_cost 6.30745
wandb:                                    val/OVRPBL/n 1000
wandb:                                  val/OVRPBL/sbs 6.31026
wandb:                            val/OVRPBL/std_final 3.25728
wandb:                                 val/OVRPBL/top1 0.545
wandb:                                 val/OVRPBL/top2 0.954
wandb:                                 val/OVRPBL/top3 0.986
wandb:                                  val/OVRPBL/vbs 6.24593
wandb:                   val/OVRPBL/vbs_gap_closed_pct 4.37313
wandb:                           val/OVRPBL/vs_sbs_pct -0.04458
wandb:                          val/OVRPBLTW/mean_cost 10.54841
wandb:                                  val/OVRPBLTW/n 1000
wandb:                                val/OVRPBLTW/sbs 10.54118
wandb:                          val/OVRPBLTW/std_final 4.5344
wandb:                               val/OVRPBLTW/top1 0.475
wandb:                               val/OVRPBLTW/top2 0.896
wandb:                               val/OVRPBLTW/top3 0.999
wandb:                                val/OVRPBLTW/vbs 10.41123
wandb:                 val/OVRPBLTW/vbs_gap_closed_pct -5.56281
wandb:                         val/OVRPBLTW/vs_sbs_pct 0.06857
wandb:                           val/OVRPBTW/mean_cost 10.51105
wandb:                                   val/OVRPBTW/n 1000
wandb:                                 val/OVRPBTW/sbs 10.50678
wandb:                           val/OVRPBTW/std_final 4.48864
wandb:                                val/OVRPBTW/top1 0.484
wandb:                                val/OVRPBTW/top2 0.891
wandb:                                val/OVRPBTW/top3 0.997
wandb:                                 val/OVRPBTW/vbs 10.3798
wandb:                  val/OVRPBTW/vbs_gap_closed_pct -3.35951
wandb:                          val/OVRPBTW/vs_sbs_pct 0.0406
wandb:                             val/OVRPL/mean_cost 7.4355
wandb:                                     val/OVRPL/n 1000
wandb:                                   val/OVRPL/sbs 7.43756
wandb:                             val/OVRPL/std_final 1.32429
wandb:                                  val/OVRPL/top1 0.379
wandb:                                  val/OVRPL/top2 0.693
wandb:                                  val/OVRPL/top3 0.84
wandb:                                   val/OVRPL/vbs 7.37957
wandb:                    val/OVRPL/vbs_gap_closed_pct 3.53583
wandb:                            val/OVRPL/vs_sbs_pct -0.02757
wandb:                           val/OVRPLTW/mean_cost 10.12844
wandb:                                   val/OVRPLTW/n 1000
wandb:                                 val/OVRPLTW/sbs 10.12721
wandb:                           val/OVRPLTW/std_final 4.57816
wandb:                                val/OVRPLTW/top1 0.494
wandb:                                val/OVRPLTW/top2 0.918
wandb:                                val/OVRPLTW/top3 1
wandb:                                 val/OVRPLTW/vbs 10.03984
wandb:                  val/OVRPLTW/vbs_gap_closed_pct -1.41473
wandb:                          val/OVRPLTW/vs_sbs_pct 0.01221
wandb:                            val/OVRPTW/mean_cost 10.04414
wandb:                                    val/OVRPTW/n 1000
wandb:                                  val/OVRPTW/sbs 10.04843
wandb:                            val/OVRPTW/std_final 4.45569
wandb:                                 val/OVRPTW/top1 0.503
wandb:                                 val/OVRPTW/top2 0.92
wandb:                                 val/OVRPTW/top3 0.999
wandb:                                  val/OVRPTW/vbs 9.95852
wandb:                   val/OVRPTW/vbs_gap_closed_pct 4.77313
wandb:                           val/OVRPTW/vs_sbs_pct -0.04271
wandb:                               val/TSP/mean_cost 7.91995
wandb:                                       val/TSP/n 1000
wandb:                                     val/TSP/sbs 7.9578
wandb:                               val/TSP/std_final 1.31494
wandb:                                    val/TSP/top1 0.365
wandb:                                    val/TSP/top2 0.571
wandb:                                    val/TSP/top3 0.732
wandb:                                     val/TSP/vbs 7.86948
wandb:                      val/TSP/vbs_gap_closed_pct 42.84945
wandb:                              val/TSP/vs_sbs_pct -0.47556
wandb:                              val/VRPB/mean_cost 9.34099
wandb:                                      val/VRPB/n 1000
wandb:                                    val/VRPB/sbs 9.34027
wandb:                              val/VRPB/std_final 3.6065
wandb:                                   val/VRPB/top1 0.547
wandb:                                   val/VRPB/top2 0.909
wandb:                                   val/VRPB/top3 0.989
wandb:                                    val/VRPB/vbs 9.26825
wandb:                     val/VRPB/vbs_gap_closed_pct -1.00878
wandb:                             val/VRPB/vs_sbs_pct 0.00778
wandb:                             val/VRPBL/mean_cost 9.3536
wandb:                                     val/VRPBL/n 1000
wandb:                                   val/VRPBL/sbs 9.35926
wandb:                             val/VRPBL/std_final 3.64275
wandb:                                  val/VRPBL/top1 0.55
wandb:                                  val/VRPBL/top2 0.898
wandb:                                  val/VRPBL/top3 0.985
wandb:                                   val/VRPBL/vbs 9.28459
wandb:                    val/VRPBL/vbs_gap_closed_pct 7.57815
wandb:                            val/VRPBL/vs_sbs_pct -0.06047
wandb:                           val/VRPBLTW/mean_cost 19.01581
wandb:                                   val/VRPBLTW/n 1000
wandb:                                 val/VRPBLTW/sbs 19.51978
wandb:                           val/VRPBLTW/std_final 3.12951
wandb:                                val/VRPBLTW/top1 0.391
wandb:                                val/VRPBLTW/top2 0.743
wandb:                                val/VRPBLTW/top3 0.911
wandb:                                 val/VRPBLTW/vbs 18.65153
wandb:                  val/VRPBLTW/vbs_gap_closed_pct 58.04423
wandb:                          val/VRPBLTW/vs_sbs_pct -2.58184
wandb:                            val/VRPBTW/mean_cost 19.10819
wandb:                                    val/VRPBTW/n 1000
wandb:                                  val/VRPBTW/sbs 19.66974
wandb:                            val/VRPBTW/std_final 3.09243
wandb:                                 val/VRPBTW/top1 0.396
wandb:                                 val/VRPBTW/top2 0.743
wandb:                                 val/VRPBTW/top3 0.923
wandb:                                  val/VRPBTW/vbs 18.74439
wandb:                   val/VRPBTW/vbs_gap_closed_pct 60.68501
wandb:                           val/VRPBTW/vs_sbs_pct -2.85489
wandb:                              val/VRPL/mean_cost 12.40534
wandb:                                      val/VRPL/n 1000
wandb:                                    val/VRPL/sbs 12.40722
wandb:                              val/VRPL/std_final 1.07068
wandb:                                   val/VRPL/top1 0.312
wandb:                                   val/VRPL/top2 0.548
wandb:                                   val/VRPL/top3 0.707
wandb:                                    val/VRPL/vbs 12.34403
wandb:                     val/VRPL/vbs_gap_closed_pct 2.97915
wandb:                             val/VRPL/vs_sbs_pct -0.01517
wandb:                            val/VRPLTW/mean_cost 17.67292
wandb:                                    val/VRPLTW/n 1000
wandb:                                  val/VRPLTW/sbs 18.50915
wandb:                            val/VRPLTW/std_final 3.15467
wandb:                                 val/VRPLTW/top1 0.429
wandb:                                 val/VRPLTW/top2 0.755
wandb:                                 val/VRPLTW/top3 0.906
wandb:                                  val/VRPLTW/vbs 17.41942
wandb:                   val/VRPLTW/vbs_gap_closed_pct 76.73756
wandb:                           val/VRPLTW/vs_sbs_pct -4.51791
wandb:                             val/VRPTW/mean_cost 17.92801
wandb:                                     val/VRPTW/n 1000
wandb:                                   val/VRPTW/sbs 18.65708
wandb:                             val/VRPTW/std_final 3.06172
wandb:                                  val/VRPTW/top1 0.419
wandb:                                  val/VRPTW/top2 0.757
wandb:                                  val/VRPTW/top3 0.906
wandb:                                   val/VRPTW/vbs 17.66025
wandb:                    val/VRPTW/vbs_gap_closed_pct 73.13898
wandb:                            val/VRPTW/vs_sbs_pct -3.90774
wandb:                                  val/macro_top1 0.46317
wandb:                                  val/macro_top2 0.79761
wandb:                                  val/macro_top3 0.91261
wandb:                    val/macro_vbs_gap_closed_pct 22.76219
wandb:                            val/macro_vs_sbs_pct -0.91745
wandb: 
wandb: You can sync this run to the cloud by running:
wandb: wandb sync code/V4/runs/R33a_dualstream_seed2_4090/wandb/offline-run-20260930_010348-jew459xa
wandb: Find logs at: code/V4/runs/R33a_dualstream_seed2_4090/wandb/offline-run-20260930_010348-jew459xa/logs
