[cache] TSP/train: 10000 instances, 45.0 MiB on cuda:0
[cache] CVRP/train: 10000 instances, 83.3 MiB on cuda:0
[cache] ATSP/train: 10000 instances, 384.5 MiB on cuda:0
[cache] OVRP/train: 10000 instances, 33.9 MiB on cuda:0
[cache] VRPB/train: 10000 instances, 33.9 MiB on cuda:0
[cache] VRPL/train: 10000 instances, 33.9 MiB on cuda:0
[cache] VRPTW/train: 10000 instances, 33.9 MiB on cuda:0
[cache] OVRPTW/train: 10000 instances, 33.9 MiB on cuda:0
[cache] OVRPB/train: 10000 instances, 33.9 MiB on cuda:0
[cache] OVRPL/train: 10000 instances, 33.9 MiB on cuda:0
[cache] VRPBL/train: 10000 instances, 33.9 MiB on cuda:0
[cache] VRPBTW/train: 10000 instances, 33.9 MiB on cuda:0
[cache] VRPLTW/train: 10000 instances, 33.9 MiB on cuda:0
[cache] OVRPBL/train: 10000 instances, 33.9 MiB on cuda:0
[cache] OVRPBTW/train: 10000 instances, 33.9 MiB on cuda:0
[cache] OVRPLTW/train: 10000 instances, 33.9 MiB on cuda:0
[cache] VRPBLTW/train: 10000 instances, 33.9 MiB on cuda:0
[cache] OVRPBLTW/train: 10000 instances, 33.9 MiB on cuda:0
[cache] TSP/val: 1000 instances, 4.5 MiB on cuda:0
[cache] CVRP/val: 1000 instances, 8.3 MiB on cuda:0
[cache] ATSP/val: 1000 instances, 38.4 MiB on cuda:0
[cache] OVRP/val: 1000 instances, 3.4 MiB on cuda:0
[cache] VRPB/val: 1000 instances, 3.4 MiB on cuda:0
[cache] VRPL/val: 1000 instances, 3.4 MiB on cuda:0
[cache] VRPTW/val: 1000 instances, 3.4 MiB on cuda:0
[cache] OVRPTW/val: 1000 instances, 3.4 MiB on cuda:0
[cache] OVRPB/val: 1000 instances, 3.4 MiB on cuda:0
[cache] OVRPL/val: 1000 instances, 3.4 MiB on cuda:0
[cache] VRPBL/val: 1000 instances, 3.4 MiB on cuda:0
[cache] VRPBTW/val: 1000 instances, 3.4 MiB on cuda:0
[cache] VRPLTW/val: 1000 instances, 3.4 MiB on cuda:0
[cache] OVRPBL/val: 1000 instances, 3.4 MiB on cuda:0
[cache] OVRPBTW/val: 1000 instances, 3.4 MiB on cuda:0
[cache] OVRPLTW/val: 1000 instances, 3.4 MiB on cuda:0
[cache] VRPBLTW/val: 1000 instances, 3.4 MiB on cuda:0
[cache] OVRPBLTW/val: 1000 instances, 3.4 MiB on cuda:0
wandb: Tracking run with wandb version 0.19.11
wandb: W&B syncing is set to `offline` in this directory. Run `wandb online` or set WANDB_MODE=online to enable cloud syncing.
[start] direct_seed2 scratch=True batch=64 accumulation=1 total_updates=162000
ep001 step000300 loss=1.13679 ce=1.87487 grad=1.3864 lr=7.41e-06 samples/s=2307 elapsed=0.1m
ep001 step000600 loss=0.88956 ce=1.64671 grad=1.5060 lr=1.48e-05 samples/s=2391 elapsed=0.3m
ep001 step000900 loss=0.81764 ce=1.64528 grad=1.6219 lr=2.22e-05 samples/s=2429 elapsed=0.4m
ep001 step001200 loss=0.78370 ce=1.59685 grad=1.6832 lr=2.96e-05 samples/s=2454 elapsed=0.5m
ep001 step001500 loss=0.69227 ce=1.45147 grad=1.5465 lr=3.7e-05 samples/s=2463 elapsed=0.6m
ep001 step001800 loss=0.60153 ce=1.30580 grad=1.6637 lr=4.44e-05 samples/s=2470 elapsed=0.8m
[AMP retry] attempt=1 scale=131072->65536
ep001 step002100 loss=0.57583 ce=1.27657 grad=1.8376 lr=5.19e-05 samples/s=2473 elapsed=0.9m
ep001 step002400 loss=0.56941 ce=1.25921 grad=1.8322 lr=5.93e-05 samples/s=2481 elapsed=1.0m
ep001 step002700 loss=0.55293 ce=1.24337 grad=1.8153 lr=6.67e-05 samples/s=2486 elapsed=1.2m
[eval epoch 1 B] macro_top1=0.4405 top2=0.7801 top3=0.8977 vs_sbs=-0.750% vbs_closed=+18.24%
       TSP: top1=0.340 mean_cost=7.9339 (sbs=7.9578) vs_sbs=-0.30%
      CVRP: top1=0.313 mean_cost=18.3176 (sbs=18.2943) vs_sbs=+0.13%
      ATSP: top1=0.740 mean_cost=1.6380 (sbs=1.6735) vs_sbs=-2.12%
      OVRP: top1=0.307 mean_cost=7.4612 (sbs=7.4617) vs_sbs=-0.01%
      VRPB: top1=0.545 mean_cost=9.3355 (sbs=9.3403) vs_sbs=-0.05%
      VRPL: top1=0.282 mean_cost=12.4072 (sbs=12.4072) vs_sbs=+0.00%
     VRPTW: top1=0.329 mean_cost=18.0631 (sbs=18.6571) vs_sbs=-3.18%
    OVRPTW: top1=0.485 mean_cost=10.0472 (sbs=10.0484) vs_sbs=-0.01%
     OVRPB: top1=0.554 mean_cost=6.3218 (sbs=6.3220) vs_sbs=-0.00%
     OVRPL: top1=0.332 mean_cost=7.4455 (sbs=7.4376) vs_sbs=+0.11%
     VRPBL: top1=0.547 mean_cost=9.3544 (sbs=9.3593) vs_sbs=-0.05%
    VRPBTW: top1=0.407 mean_cost=19.2047 (sbs=19.6697) vs_sbs=-2.36%
    VRPLTW: top1=0.361 mean_cost=17.8902 (sbs=18.5091) vs_sbs=-3.34%
    OVRPBL: top1=0.527 mean_cost=6.3077 (sbs=6.3103) vs_sbs=-0.04%
   OVRPBTW: top1=0.488 mean_cost=10.4974 (sbs=10.5068) vs_sbs=-0.09%
   OVRPLTW: top1=0.497 mean_cost=10.1259 (sbs=10.1272) vs_sbs=-0.01%
   VRPBLTW: top1=0.372 mean_cost=19.1093 (sbs=19.5198) vs_sbs=-2.10%
  OVRPBLTW: top1=0.503 mean_cost=10.5355 (sbs=10.5412) vs_sbs=-0.05%
[save] best.pt epoch=1 vs_sbs=-0.75020%
[epoch done 1] successful_updates=2700 per_problem=150 skipped=1
ep002 step003000 loss=0.54702 ce=1.23167 grad=1.7484 lr=7.41e-05 samples/s=2503 elapsed=1.3m
ep002 step003300 loss=0.55376 ce=1.24168 grad=1.8542 lr=8.15e-05 samples/s=2513 elapsed=1.4m
ep002 step003600 loss=0.54793 ce=1.23523 grad=1.6575 lr=8.89e-05 samples/s=2512 elapsed=1.6m
ep002 step003900 loss=0.53716 ce=1.21972 grad=1.5374 lr=9.63e-05 samples/s=2485 elapsed=1.7m
[AMP retry] attempt=1 scale=131072->65536
ep002 step004200 loss=0.53784 ce=1.21925 grad=1.5311 lr=0.000104 samples/s=2487 elapsed=1.8m
[AMP retry] attempt=1 scale=65536->32768
ep002 step004500 loss=0.53674 ce=1.22075 grad=1.4830 lr=0.000111 samples/s=2491 elapsed=2.0m
ep002 step004800 loss=0.53114 ce=1.21456 grad=1.4039 lr=0.000119 samples/s=2491 elapsed=2.1m
ep002 step005100 loss=0.54649 ce=1.23777 grad=1.5140 lr=0.000126 samples/s=2490 elapsed=2.2m
ep002 step005400 loss=0.52659 ce=1.20087 grad=1.3227 lr=0.000133 samples/s=2493 elapsed=2.3m
[eval epoch 2 B] macro_top1=0.4437 top2=0.7732 top3=0.9002 vs_sbs=-0.783% vbs_closed=+17.64%
       TSP: top1=0.355 mean_cost=7.9153 (sbs=7.9578) vs_sbs=-0.53%
      CVRP: top1=0.338 mean_cost=18.3355 (sbs=18.2943) vs_sbs=+0.22%
      ATSP: top1=0.737 mean_cost=1.6407 (sbs=1.6735) vs_sbs=-1.96%
      OVRP: top1=0.299 mean_cost=7.4618 (sbs=7.4617) vs_sbs=+0.00%
      VRPB: top1=0.555 mean_cost=9.3333 (sbs=9.3403) vs_sbs=-0.07%
      VRPL: top1=0.276 mean_cost=12.4085 (sbs=12.4072) vs_sbs=+0.01%
     VRPTW: top1=0.349 mean_cost=18.0265 (sbs=18.6571) vs_sbs=-3.38%
    OVRPTW: top1=0.490 mean_cost=10.0573 (sbs=10.0484) vs_sbs=+0.09%
     OVRPB: top1=0.555 mean_cost=6.3239 (sbs=6.3220) vs_sbs=+0.03%
     OVRPL: top1=0.337 mean_cost=7.4370 (sbs=7.4376) vs_sbs=-0.01%
     VRPBL: top1=0.547 mean_cost=9.3545 (sbs=9.3593) vs_sbs=-0.05%
    VRPBTW: top1=0.401 mean_cost=19.1690 (sbs=19.6697) vs_sbs=-2.55%
    VRPLTW: top1=0.361 mean_cost=17.7847 (sbs=18.5091) vs_sbs=-3.91%
    OVRPBL: top1=0.541 mean_cost=6.3079 (sbs=6.3103) vs_sbs=-0.04%
   OVRPBTW: top1=0.492 mean_cost=10.5153 (sbs=10.5068) vs_sbs=+0.08%
   OVRPLTW: top1=0.465 mean_cost=10.1408 (sbs=10.1272) vs_sbs=+0.13%
   VRPBLTW: top1=0.398 mean_cost=19.1008 (sbs=19.5198) vs_sbs=-2.15%
  OVRPBLTW: top1=0.490 mean_cost=10.5393 (sbs=10.5412) vs_sbs=-0.02%
[save] best.pt epoch=2 vs_sbs=-0.78348%
[epoch done 2] successful_updates=5400 per_problem=300 skipped=3
ep003 step005700 loss=0.52889 ce=1.20807 grad=1.2965 lr=0.000141 samples/s=2508 elapsed=2.5m
ep003 step006000 loss=0.52049 ce=1.19443 grad=1.2787 lr=0.000148 samples/s=2509 elapsed=2.6m
ep003 step006300 loss=0.53330 ce=1.21281 grad=1.2858 lr=0.000156 samples/s=2505 elapsed=2.7m
ep003 step006600 loss=0.52987 ce=1.20878 grad=1.1869 lr=0.000163 samples/s=2501 elapsed=2.9m
[AMP retry] attempt=1 scale=65536->32768
ep003 step006900 loss=0.52534 ce=1.20240 grad=1.1574 lr=0.00017 samples/s=2502 elapsed=3.0m
ep003 step007200 loss=0.51764 ce=1.18839 grad=1.1108 lr=0.000178 samples/s=2503 elapsed=3.1m
ep003 step007500 loss=0.51706 ce=1.18790 grad=1.1298 lr=0.000185 samples/s=2489 elapsed=3.3m
ep003 step007800 loss=0.52952 ce=1.20988 grad=1.1547 lr=0.000193 samples/s=2493 elapsed=3.4m
ep003 step008100 loss=0.52076 ce=1.19172 grad=1.0983 lr=0.0002 samples/s=2493 elapsed=3.5m
[eval epoch 3 B] macro_top1=0.4463 top2=0.7941 top3=0.9052 vs_sbs=-0.866% vbs_closed=+20.68%
       TSP: top1=0.360 mean_cost=7.9180 (sbs=7.9578) vs_sbs=-0.50%
      CVRP: top1=0.344 mean_cost=18.3122 (sbs=18.2943) vs_sbs=+0.10%
      ATSP: top1=0.681 mean_cost=1.6389 (sbs=1.6735) vs_sbs=-2.07%
      OVRP: top1=0.326 mean_cost=7.4664 (sbs=7.4617) vs_sbs=+0.06%
      VRPB: top1=0.550 mean_cost=9.3336 (sbs=9.3403) vs_sbs=-0.07%
      VRPL: top1=0.297 mean_cost=12.4063 (sbs=12.4072) vs_sbs=-0.01%
     VRPTW: top1=0.356 mean_cost=17.9808 (sbs=18.6571) vs_sbs=-3.62%
    OVRPTW: top1=0.476 mean_cost=10.0474 (sbs=10.0484) vs_sbs=-0.01%
     OVRPB: top1=0.560 mean_cost=6.3185 (sbs=6.3220) vs_sbs=-0.06%
     OVRPL: top1=0.334 mean_cost=7.4454 (sbs=7.4376) vs_sbs=+0.11%
     VRPBL: top1=0.545 mean_cost=9.3549 (sbs=9.3593) vs_sbs=-0.05%
    VRPBTW: top1=0.440 mean_cost=19.1019 (sbs=19.6697) vs_sbs=-2.89%
    VRPLTW: top1=0.365 mean_cost=17.7737 (sbs=18.5091) vs_sbs=-3.97%
    OVRPBL: top1=0.557 mean_cost=6.3101 (sbs=6.3103) vs_sbs=-0.00%
   OVRPBTW: top1=0.463 mean_cost=10.5063 (sbs=10.5068) vs_sbs=-0.00%
   OVRPLTW: top1=0.496 mean_cost=10.1273 (sbs=10.1272) vs_sbs=+0.00%
   VRPBLTW: top1=0.410 mean_cost=19.0118 (sbs=19.5198) vs_sbs=-2.60%
  OVRPBLTW: top1=0.474 mean_cost=10.5401 (sbs=10.5412) vs_sbs=-0.01%
[save] best.pt epoch=3 vs_sbs=-0.86636%
[epoch done 3] successful_updates=8100 per_problem=450 skipped=4
ep004 step008400 loss=0.51693 ce=1.19055 grad=1.0650 lr=0.0002 samples/s=2513 elapsed=3.7m
ep004 step008700 loss=0.51570 ce=1.18644 grad=1.0651 lr=0.0002 samples/s=2512 elapsed=3.8m
ep004 step009000 loss=0.51009 ce=1.17577 grad=0.9961 lr=0.0002 samples/s=2509 elapsed=3.9m
ep004 step009300 loss=0.51245 ce=1.18342 grad=1.0265 lr=0.0002 samples/s=2508 elapsed=4.1m
ep004 step009600 loss=0.51301 ce=1.18157 grad=1.0106 lr=0.0002 samples/s=2504 elapsed=4.2m
ep004 step009900 loss=0.50710 ce=1.17329 grad=1.0124 lr=0.0002 samples/s=2506 elapsed=4.3m
ep004 step010200 loss=0.50748 ce=1.17341 grad=1.0250 lr=0.0002 samples/s=2507 elapsed=4.4m
ep004 step010500 loss=0.50178 ce=1.16401 grad=1.0230 lr=0.0002 samples/s=2509 elapsed=4.6m
ep004 step010800 loss=0.50992 ce=1.17745 grad=1.0606 lr=0.0002 samples/s=2508 elapsed=4.7m
[eval epoch 4 B] macro_top1=0.4529 top2=0.7882 top3=0.8997 vs_sbs=-0.785% vbs_closed=+21.14%
       TSP: top1=0.372 mean_cost=7.9168 (sbs=7.9578) vs_sbs=-0.52%
      CVRP: top1=0.421 mean_cost=18.2450 (sbs=18.2943) vs_sbs=-0.27%
      ATSP: top1=0.753 mean_cost=1.6363 (sbs=1.6735) vs_sbs=-2.22%
      OVRP: top1=0.294 mean_cost=7.4678 (sbs=7.4617) vs_sbs=+0.08%
      VRPB: top1=0.548 mean_cost=9.3361 (sbs=9.3403) vs_sbs=-0.04%
      VRPL: top1=0.294 mean_cost=12.4064 (sbs=12.4072) vs_sbs=-0.01%
     VRPTW: top1=0.330 mean_cost=18.1555 (sbs=18.6571) vs_sbs=-2.69%
    OVRPTW: top1=0.509 mean_cost=10.0416 (sbs=10.0484) vs_sbs=-0.07%
     OVRPB: top1=0.555 mean_cost=6.3218 (sbs=6.3220) vs_sbs=-0.00%
     OVRPL: top1=0.339 mean_cost=7.4440 (sbs=7.4376) vs_sbs=+0.09%
     VRPBL: top1=0.548 mean_cost=9.3553 (sbs=9.3593) vs_sbs=-0.04%
    VRPBTW: top1=0.392 mean_cost=19.2277 (sbs=19.6697) vs_sbs=-2.25%
    VRPLTW: top1=0.399 mean_cost=17.7973 (sbs=18.5091) vs_sbs=-3.85%
    OVRPBL: top1=0.530 mean_cost=6.3082 (sbs=6.3103) vs_sbs=-0.03%
   OVRPBTW: top1=0.500 mean_cost=10.4967 (sbs=10.5068) vs_sbs=-0.10%
   OVRPLTW: top1=0.479 mean_cost=10.1297 (sbs=10.1272) vs_sbs=+0.02%
   VRPBLTW: top1=0.399 mean_cost=19.0898 (sbs=19.5198) vs_sbs=-2.20%
  OVRPBLTW: top1=0.491 mean_cost=10.5378 (sbs=10.5412) vs_sbs=-0.03%
[epoch done 4] successful_updates=10800 per_problem=600 skipped=4
[AMP retry] attempt=1 scale=131072->65536
ep005 step011100 loss=0.49627 ce=1.15708 grad=1.0020 lr=0.0002 samples/s=2506 elapsed=4.8m
ep005 step011400 loss=0.49944 ce=1.16170 grad=1.0395 lr=0.0002 samples/s=2469 elapsed=5.0m
ep005 step011700 loss=0.50037 ce=1.16331 grad=1.0376 lr=0.0002 samples/s=2489 elapsed=5.1m
ep005 step012000 loss=0.50715 ce=1.17503 grad=1.0176 lr=0.0002 samples/s=2491 elapsed=5.2m
ep005 step012300 loss=0.49918 ce=1.15625 grad=0.9842 lr=0.0002 samples/s=2496 elapsed=5.4m
ep005 step012600 loss=0.50826 ce=1.17331 grad=1.0808 lr=0.0002 samples/s=2498 elapsed=5.5m
ep005 step012900 loss=0.50095 ce=1.16412 grad=1.0055 lr=0.0002 samples/s=2500 elapsed=5.6m
ep005 step013200 loss=0.49415 ce=1.15087 grad=0.9959 lr=0.000199 samples/s=2500 elapsed=5.7m
[AMP retry] attempt=1 scale=131072->65536
ep005 step013500 loss=0.49432 ce=1.14992 grad=1.0001 lr=0.000199 samples/s=2499 elapsed=5.9m
[eval epoch 5 B] macro_top1=0.4628 top2=0.8042 top3=0.9147 vs_sbs=-0.967% vbs_closed=+25.37%
       TSP: top1=0.381 mean_cost=7.9177 (sbs=7.9578) vs_sbs=-0.50%
      CVRP: top1=0.463 mean_cost=18.2065 (sbs=18.2943) vs_sbs=-0.48%
      ATSP: top1=0.772 mean_cost=1.6356 (sbs=1.6735) vs_sbs=-2.26%
      OVRP: top1=0.312 mean_cost=7.4585 (sbs=7.4617) vs_sbs=-0.04%
      VRPB: top1=0.542 mean_cost=9.3394 (sbs=9.3403) vs_sbs=-0.01%
      VRPL: top1=0.289 mean_cost=12.4068 (sbs=12.4072) vs_sbs=-0.00%
     VRPTW: top1=0.378 mean_cost=17.9355 (sbs=18.6571) vs_sbs=-3.87%
    OVRPTW: top1=0.484 mean_cost=10.0529 (sbs=10.0484) vs_sbs=+0.04%
     OVRPB: top1=0.552 mean_cost=6.3238 (sbs=6.3220) vs_sbs=+0.03%
     OVRPL: top1=0.347 mean_cost=7.4380 (sbs=7.4376) vs_sbs=+0.01%
     VRPBL: top1=0.536 mean_cost=9.3566 (sbs=9.3593) vs_sbs=-0.03%
    VRPBTW: top1=0.423 mean_cost=19.0767 (sbs=19.6697) vs_sbs=-3.02%
    VRPLTW: top1=0.424 mean_cost=17.6734 (sbs=18.5091) vs_sbs=-4.52%
    OVRPBL: top1=0.531 mean_cost=6.3094 (sbs=6.3103) vs_sbs=-0.01%
   OVRPBTW: top1=0.495 mean_cost=10.5046 (sbs=10.5068) vs_sbs=-0.02%
   OVRPLTW: top1=0.485 mean_cost=10.1332 (sbs=10.1272) vs_sbs=+0.06%
   VRPBLTW: top1=0.424 mean_cost=18.9857 (sbs=19.5198) vs_sbs=-2.74%
  OVRPBLTW: top1=0.492 mean_cost=10.5357 (sbs=10.5412) vs_sbs=-0.05%
[train_eval epoch 5 B] macro_top1=0.4669 top2=0.8046 top3=0.9163 vs_sbs=-0.996% vbs_closed=+26.41%
       TSP: top1=0.384 mean_cost=8.0094 (sbs=8.0483) vs_sbs=-0.48%
      CVRP: top1=0.440 mean_cost=17.9938 (sbs=18.0705) vs_sbs=-0.42%
      ATSP: top1=0.751 mean_cost=1.6425 (sbs=1.6795) vs_sbs=-2.20%
      OVRP: top1=0.353 mean_cost=7.4548 (sbs=7.4591) vs_sbs=-0.06%
      VRPB: top1=0.540 mean_cost=9.3126 (sbs=9.3166) vs_sbs=-0.04%
      VRPL: top1=0.297 mean_cost=12.3948 (sbs=12.3957) vs_sbs=-0.01%
     VRPTW: top1=0.409 mean_cost=17.8479 (sbs=18.5949) vs_sbs=-4.02%
    OVRPTW: top1=0.496 mean_cost=10.1024 (sbs=10.1037) vs_sbs=-0.01%
     OVRPB: top1=0.554 mean_cost=6.3212 (sbs=6.3216) vs_sbs=-0.01%
     OVRPL: top1=0.347 mean_cost=7.4514 (sbs=7.4526) vs_sbs=-0.02%
     VRPBL: top1=0.534 mean_cost=9.3176 (sbs=9.3209) vs_sbs=-0.04%
    VRPBTW: top1=0.432 mean_cost=19.0851 (sbs=19.6924) vs_sbs=-3.08%
    VRPLTW: top1=0.405 mean_cost=17.8332 (sbs=18.6720) vs_sbs=-4.49%
    OVRPBL: top1=0.546 mean_cost=6.3074 (sbs=6.3079) vs_sbs=-0.01%
   OVRPBTW: top1=0.485 mean_cost=10.5896 (sbs=10.5894) vs_sbs=+0.00%
   OVRPLTW: top1=0.499 mean_cost=10.1132 (sbs=10.1136) vs_sbs=-0.00%
   VRPBLTW: top1=0.438 mean_cost=19.0742 (sbs=19.6661) vs_sbs=-3.01%
  OVRPBLTW: top1=0.495 mean_cost=10.5445 (sbs=10.5476) vs_sbs=-0.03%
[save] best.pt epoch=5 vs_sbs=-0.96745%
[epoch done 5] successful_updates=13500 per_problem=750 skipped=6
ep006 step013800 loss=0.48904 ce=1.14002 grad=1.0219 lr=0.000199 samples/s=2487 elapsed=6.3m
ep006 step014100 loss=0.49005 ce=1.14554 grad=1.0030 lr=0.000199 samples/s=2497 elapsed=6.4m
ep006 step014400 loss=0.49307 ce=1.14938 grad=1.0027 lr=0.000199 samples/s=2467 elapsed=6.5m
ep006 step014700 loss=0.50735 ce=1.17082 grad=1.0795 lr=0.000199 samples/s=2477 elapsed=6.6m
ep006 step015000 loss=0.49574 ce=1.15511 grad=0.9895 lr=0.000199 samples/s=2485 elapsed=6.8m
[AMP retry] attempt=1 scale=131072->65536
ep006 step015300 loss=0.48531 ce=1.13423 grad=0.9915 lr=0.000199 samples/s=2487 elapsed=6.9m
ep006 step015600 loss=0.49178 ce=1.14797 grad=1.0284 lr=0.000199 samples/s=2492 elapsed=7.0m
ep006 step015900 loss=0.48716 ce=1.13707 grad=0.9882 lr=0.000199 samples/s=2496 elapsed=7.2m
ep006 step016200 loss=0.49498 ce=1.15384 grad=1.0104 lr=0.000199 samples/s=2498 elapsed=7.3m
[eval epoch 6 B] macro_top1=0.4669 top2=0.8097 top3=0.9194 vs_sbs=-0.994% vbs_closed=+26.66%
       TSP: top1=0.370 mean_cost=7.9200 (sbs=7.9578) vs_sbs=-0.48%
      CVRP: top1=0.429 mean_cost=18.2360 (sbs=18.2943) vs_sbs=-0.32%
      ATSP: top1=0.698 mean_cost=1.6388 (sbs=1.6735) vs_sbs=-2.07%
      OVRP: top1=0.303 mean_cost=7.4597 (sbs=7.4617) vs_sbs=-0.03%
      VRPB: top1=0.548 mean_cost=9.3349 (sbs=9.3403) vs_sbs=-0.06%
      VRPL: top1=0.315 mean_cost=12.4044 (sbs=12.4072) vs_sbs=-0.02%
     VRPTW: top1=0.424 mean_cost=17.9135 (sbs=18.6571) vs_sbs=-3.99%
    OVRPTW: top1=0.506 mean_cost=10.0476 (sbs=10.0484) vs_sbs=-0.01%
     OVRPB: top1=0.562 mean_cost=6.3201 (sbs=6.3220) vs_sbs=-0.03%
     OVRPL: top1=0.367 mean_cost=7.4344 (sbs=7.4376) vs_sbs=-0.04%
     VRPBL: top1=0.545 mean_cost=9.3542 (sbs=9.3593) vs_sbs=-0.05%
    VRPBTW: top1=0.446 mean_cost=19.0351 (sbs=19.6697) vs_sbs=-3.23%
    VRPLTW: top1=0.436 mean_cost=17.6545 (sbs=18.5091) vs_sbs=-4.62%
    OVRPBL: top1=0.535 mean_cost=6.3074 (sbs=6.3103) vs_sbs=-0.05%
   OVRPBTW: top1=0.496 mean_cost=10.5062 (sbs=10.5068) vs_sbs=-0.01%
   OVRPLTW: top1=0.497 mean_cost=10.1307 (sbs=10.1272) vs_sbs=+0.03%
   VRPBLTW: top1=0.420 mean_cost=18.9669 (sbs=19.5198) vs_sbs=-2.83%
  OVRPBLTW: top1=0.508 mean_cost=10.5298 (sbs=10.5412) vs_sbs=-0.11%
[save] best.pt epoch=6 vs_sbs=-0.99413%
[epoch done 6] successful_updates=16200 per_problem=900 skipped=7
ep007 step016500 loss=0.48558 ce=1.13632 grad=0.9756 lr=0.000199 samples/s=2514 elapsed=7.4m
ep007 step016800 loss=0.48966 ce=1.13949 grad=1.0199 lr=0.000198 samples/s=2473 elapsed=7.6m
ep007 step017100 loss=0.48971 ce=1.14334 grad=0.9759 lr=0.000198 samples/s=2515 elapsed=7.7m
[AMP retry] attempt=1 scale=131072->65536
ep007 step017400 loss=0.48263 ce=1.13067 grad=0.9584 lr=0.000198 samples/s=2533 elapsed=7.8m
ep007 step017700 loss=0.48641 ce=1.13680 grad=0.9716 lr=0.000198 samples/s=2542 elapsed=7.9m
ep007 step018000 loss=0.49122 ce=1.14618 grad=0.9551 lr=0.000198 samples/s=2532 elapsed=8.1m
[AMP retry] attempt=1 scale=65536->32768
ep007 step018300 loss=0.48554 ce=1.13739 grad=0.9653 lr=0.000198 samples/s=2454 elapsed=8.2m
ep007 step018600 loss=0.49589 ce=1.15577 grad=0.9528 lr=0.000198 samples/s=2374 elapsed=8.4m
ep007 step018900 loss=0.48547 ce=1.13626 grad=0.9384 lr=0.000198 samples/s=2403 elapsed=8.5m
[eval epoch 7 B] macro_top1=0.4701 top2=0.8091 top3=0.9181 vs_sbs=-0.957% vbs_closed=+25.90%
       TSP: top1=0.375 mean_cost=7.9211 (sbs=7.9578) vs_sbs=-0.46%
      CVRP: top1=0.464 mean_cost=18.2150 (sbs=18.2943) vs_sbs=-0.43%
      ATSP: top1=0.717 mean_cost=1.6491 (sbs=1.6735) vs_sbs=-1.46%
      OVRP: top1=0.341 mean_cost=7.4595 (sbs=7.4617) vs_sbs=-0.03%
      VRPB: top1=0.550 mean_cost=9.3341 (sbs=9.3403) vs_sbs=-0.07%
      VRPL: top1=0.296 mean_cost=12.4084 (sbs=12.4072) vs_sbs=+0.01%
     VRPTW: top1=0.440 mean_cost=17.9154 (sbs=18.6571) vs_sbs=-3.98%
    OVRPTW: top1=0.504 mean_cost=10.0445 (sbs=10.0484) vs_sbs=-0.04%
     OVRPB: top1=0.560 mean_cost=6.3207 (sbs=6.3220) vs_sbs=-0.02%
     OVRPL: top1=0.342 mean_cost=7.4389 (sbs=7.4376) vs_sbs=+0.02%
     VRPBL: top1=0.551 mean_cost=9.3540 (sbs=9.3593) vs_sbs=-0.06%
    VRPBTW: top1=0.445 mean_cost=19.0582 (sbs=19.6697) vs_sbs=-3.11%
    VRPLTW: top1=0.437 mean_cost=17.6898 (sbs=18.5091) vs_sbs=-4.43%
    OVRPBL: top1=0.534 mean_cost=6.3078 (sbs=6.3103) vs_sbs=-0.04%
   OVRPBTW: top1=0.494 mean_cost=10.4968 (sbs=10.5068) vs_sbs=-0.10%
   OVRPLTW: top1=0.510 mean_cost=10.1215 (sbs=10.1272) vs_sbs=-0.06%
   VRPBLTW: top1=0.423 mean_cost=18.9474 (sbs=19.5198) vs_sbs=-2.93%
  OVRPBLTW: top1=0.479 mean_cost=10.5351 (sbs=10.5412) vs_sbs=-0.06%
[epoch done 7] successful_updates=18900 per_problem=1050 skipped=9
ep008 step019200 loss=0.48370 ce=1.13168 grad=0.9357 lr=0.000197 samples/s=2609 elapsed=8.7m
ep008 step019500 loss=0.49250 ce=1.14914 grad=0.9519 lr=0.000197 samples/s=2587 elapsed=8.8m
ep008 step019800 loss=0.48385 ce=1.13068 grad=0.9345 lr=0.000197 samples/s=2570 elapsed=8.9m
ep008 step020100 loss=0.48039 ce=1.12392 grad=0.9017 lr=0.000197 samples/s=2560 elapsed=9.0m
ep008 step020400 loss=0.48027 ce=1.12735 grad=0.9570 lr=0.000197 samples/s=2541 elapsed=9.2m
[AMP retry] attempt=1 scale=65536->32768
ep008 step020700 loss=0.49319 ce=1.14628 grad=0.9945 lr=0.000197 samples/s=2531 elapsed=9.3m
ep008 step021000 loss=0.47783 ce=1.12250 grad=0.8948 lr=0.000197 samples/s=2524 elapsed=9.4m
ep008 step021300 loss=0.48384 ce=1.13171 grad=0.8632 lr=0.000196 samples/s=2519 elapsed=9.5m
ep008 step021600 loss=0.48461 ce=1.13325 grad=0.9543 lr=0.000196 samples/s=2527 elapsed=9.7m
[eval epoch 8 B] macro_top1=0.4688 top2=0.8050 top3=0.9112 vs_sbs=-0.965% vbs_closed=+27.85%
       TSP: top1=0.381 mean_cost=7.9192 (sbs=7.9578) vs_sbs=-0.48%
      CVRP: top1=0.453 mean_cost=18.2196 (sbs=18.2943) vs_sbs=-0.41%
      ATSP: top1=0.765 mean_cost=1.6380 (sbs=1.6735) vs_sbs=-2.12%
      OVRP: top1=0.330 mean_cost=7.4575 (sbs=7.4617) vs_sbs=-0.06%
      VRPB: top1=0.547 mean_cost=9.3344 (sbs=9.3403) vs_sbs=-0.06%
      VRPL: top1=0.290 mean_cost=12.4070 (sbs=12.4072) vs_sbs=-0.00%
     VRPTW: top1=0.395 mean_cost=17.9518 (sbs=18.6571) vs_sbs=-3.78%
    OVRPTW: top1=0.497 mean_cost=10.0437 (sbs=10.0484) vs_sbs=-0.05%
     OVRPB: top1=0.579 mean_cost=6.3152 (sbs=6.3220) vs_sbs=-0.11%
     OVRPL: top1=0.366 mean_cost=7.4347 (sbs=7.4376) vs_sbs=-0.04%
     VRPBL: top1=0.545 mean_cost=9.3547 (sbs=9.3593) vs_sbs=-0.05%
    VRPBTW: top1=0.433 mean_cost=19.0820 (sbs=19.6697) vs_sbs=-2.99%
    VRPLTW: top1=0.387 mean_cost=17.7320 (sbs=18.5091) vs_sbs=-4.20%
    OVRPBL: top1=0.569 mean_cost=6.3031 (sbs=6.3103) vs_sbs=-0.11%
   OVRPBTW: top1=0.502 mean_cost=10.4985 (sbs=10.5068) vs_sbs=-0.08%
   OVRPLTW: top1=0.500 mean_cost=10.1234 (sbs=10.1272) vs_sbs=-0.04%
   VRPBLTW: top1=0.407 mean_cost=18.9817 (sbs=19.5198) vs_sbs=-2.76%
  OVRPBLTW: top1=0.493 mean_cost=10.5362 (sbs=10.5412) vs_sbs=-0.05%
[epoch done 8] successful_updates=21600 per_problem=1200 skipped=10
ep009 step021900 loss=0.48380 ce=1.12948 grad=0.9751 lr=0.000196 samples/s=2612 elapsed=9.8m
ep009 step022200 loss=0.47926 ce=1.12446 grad=0.8642 lr=0.000196 samples/s=2608 elapsed=9.9m
ep009 step022500 loss=0.47965 ce=1.12551 grad=0.9251 lr=0.000196 samples/s=2568 elapsed=10.1m
ep009 step022800 loss=0.48406 ce=1.13459 grad=0.9267 lr=0.000196 samples/s=2572 elapsed=10.2m
[AMP retry] attempt=1 scale=65536->32768
ep009 step023100 loss=0.48182 ce=1.12859 grad=0.9362 lr=0.000195 samples/s=2571 elapsed=10.3m
ep009 step023400 loss=0.47479 ce=1.11590 grad=0.8855 lr=0.000195 samples/s=2578 elapsed=10.4m
ep009 step023700 loss=0.47455 ce=1.11633 grad=0.8777 lr=0.000195 samples/s=2580 elapsed=10.6m
ep009 step024000 loss=0.47924 ce=1.12394 grad=0.9624 lr=0.000195 samples/s=2579 elapsed=10.7m
ep009 step024300 loss=0.48259 ce=1.13178 grad=0.8646 lr=0.000195 samples/s=2581 elapsed=10.8m
[eval epoch 9 B] macro_top1=0.4706 top2=0.8103 top3=0.9198 vs_sbs=-1.000% vbs_closed=+26.52%
       TSP: top1=0.368 mean_cost=7.9214 (sbs=7.9578) vs_sbs=-0.46%
      CVRP: top1=0.464 mean_cost=18.2078 (sbs=18.2943) vs_sbs=-0.47%
      ATSP: top1=0.771 mean_cost=1.6352 (sbs=1.6735) vs_sbs=-2.29%
      OVRP: top1=0.334 mean_cost=7.4571 (sbs=7.4617) vs_sbs=-0.06%
      VRPB: top1=0.528 mean_cost=9.3355 (sbs=9.3403) vs_sbs=-0.05%
      VRPL: top1=0.288 mean_cost=12.4127 (sbs=12.4072) vs_sbs=+0.04%
     VRPTW: top1=0.451 mean_cost=17.9021 (sbs=18.6571) vs_sbs=-4.05%
    OVRPTW: top1=0.479 mean_cost=10.0514 (sbs=10.0484) vs_sbs=+0.03%
     OVRPB: top1=0.546 mean_cost=6.3210 (sbs=6.3220) vs_sbs=-0.02%
     OVRPL: top1=0.354 mean_cost=7.4376 (sbs=7.4376) vs_sbs=-0.00%
     VRPBL: top1=0.557 mean_cost=9.3558 (sbs=9.3593) vs_sbs=-0.04%
    VRPBTW: top1=0.422 mean_cost=19.0647 (sbs=19.6697) vs_sbs=-3.08%
    VRPLTW: top1=0.455 mean_cost=17.6489 (sbs=18.5091) vs_sbs=-4.65%
    OVRPBL: top1=0.553 mean_cost=6.3093 (sbs=6.3103) vs_sbs=-0.02%
   OVRPBTW: top1=0.488 mean_cost=10.4997 (sbs=10.5068) vs_sbs=-0.07%
   OVRPLTW: top1=0.502 mean_cost=10.1286 (sbs=10.1272) vs_sbs=+0.01%
   VRPBLTW: top1=0.414 mean_cost=18.9783 (sbs=19.5198) vs_sbs=-2.77%
  OVRPBLTW: top1=0.496 mean_cost=10.5341 (sbs=10.5412) vs_sbs=-0.07%
[save] best.pt epoch=9 vs_sbs=-0.99951%
[epoch done 9] successful_updates=24300 per_problem=1350 skipped=11
ep010 step024600 loss=0.47806 ce=1.12312 grad=0.9001 lr=0.000194 samples/s=2599 elapsed=11.0m
ep010 step024900 loss=0.47370 ce=1.11287 grad=0.9166 lr=0.000194 samples/s=2597 elapsed=11.1m
ep010 step025200 loss=0.47656 ce=1.12134 grad=0.8656 lr=0.000194 samples/s=2604 elapsed=11.2m
[AMP retry] attempt=1 scale=65536->32768
ep010 step025500 loss=0.47598 ce=1.11942 grad=0.9035 lr=0.000194 samples/s=2598 elapsed=11.3m
ep010 step025800 loss=0.47842 ce=1.12491 grad=0.9038 lr=0.000194 samples/s=2598 elapsed=11.5m
ep010 step026100 loss=0.47430 ce=1.11500 grad=0.8986 lr=0.000193 samples/s=2581 elapsed=11.6m
ep010 step026400 loss=0.47757 ce=1.12087 grad=0.9046 lr=0.000193 samples/s=2549 elapsed=11.7m
ep010 step026700 loss=0.47392 ce=1.11447 grad=0.8601 lr=0.000193 samples/s=2539 elapsed=11.8m
ep010 step027000 loss=0.47869 ce=1.12264 grad=0.9059 lr=0.000193 samples/s=2529 elapsed=12.0m
[eval epoch 10 B] macro_top1=0.4792 top2=0.8116 top3=0.9207 vs_sbs=-1.014% vbs_closed=+29.08%
       TSP: top1=0.365 mean_cost=7.9248 (sbs=7.9578) vs_sbs=-0.42%
      CVRP: top1=0.473 mean_cost=18.2034 (sbs=18.2943) vs_sbs=-0.50%
      ATSP: top1=0.772 mean_cost=1.6367 (sbs=1.6735) vs_sbs=-2.20%
      OVRP: top1=0.342 mean_cost=7.4556 (sbs=7.4617) vs_sbs=-0.08%
      VRPB: top1=0.548 mean_cost=9.3338 (sbs=9.3403) vs_sbs=-0.07%
      VRPL: top1=0.302 mean_cost=12.4052 (sbs=12.4072) vs_sbs=-0.02%
     VRPTW: top1=0.425 mean_cost=17.9373 (sbs=18.6571) vs_sbs=-3.86%
    OVRPTW: top1=0.497 mean_cost=10.0459 (sbs=10.0484) vs_sbs=-0.02%
     OVRPB: top1=0.583 mean_cost=6.3148 (sbs=6.3220) vs_sbs=-0.11%
     OVRPL: top1=0.368 mean_cost=7.4345 (sbs=7.4376) vs_sbs=-0.04%
     VRPBL: top1=0.542 mean_cost=9.3553 (sbs=9.3593) vs_sbs=-0.04%
    VRPBTW: top1=0.452 mean_cost=19.0560 (sbs=19.6697) vs_sbs=-3.12%
    VRPLTW: top1=0.454 mean_cost=17.6528 (sbs=18.5091) vs_sbs=-4.63%
    OVRPBL: top1=0.565 mean_cost=6.3040 (sbs=6.3103) vs_sbs=-0.10%
   OVRPBTW: top1=0.517 mean_cost=10.4953 (sbs=10.5068) vs_sbs=-0.11%
   OVRPLTW: top1=0.493 mean_cost=10.1275 (sbs=10.1272) vs_sbs=+0.00%
   VRPBLTW: top1=0.427 mean_cost=18.9584 (sbs=19.5198) vs_sbs=-2.88%
  OVRPBLTW: top1=0.500 mean_cost=10.5346 (sbs=10.5412) vs_sbs=-0.06%
[train_eval epoch 10 B] macro_top1=0.4826 top2=0.8168 top3=0.9258 vs_sbs=-1.039% vbs_closed=+29.21%
       TSP: top1=0.384 mean_cost=8.0183 (sbs=8.0483) vs_sbs=-0.37%
      CVRP: top1=0.457 mean_cost=17.9880 (sbs=18.0705) vs_sbs=-0.46%
      ATSP: top1=0.752 mean_cost=1.6432 (sbs=1.6795) vs_sbs=-2.16%
      OVRP: top1=0.380 mean_cost=7.4525 (sbs=7.4591) vs_sbs=-0.09%
      VRPB: top1=0.547 mean_cost=9.3094 (sbs=9.3166) vs_sbs=-0.08%
      VRPL: top1=0.327 mean_cost=12.3915 (sbs=12.3957) vs_sbs=-0.03%
     VRPTW: top1=0.442 mean_cost=17.8417 (sbs=18.5949) vs_sbs=-4.05%
    OVRPTW: top1=0.508 mean_cost=10.0978 (sbs=10.1037) vs_sbs=-0.06%
     OVRPB: top1=0.557 mean_cost=6.3180 (sbs=6.3216) vs_sbs=-0.06%
     OVRPL: top1=0.373 mean_cost=7.4483 (sbs=7.4526) vs_sbs=-0.06%
     VRPBL: top1=0.533 mean_cost=9.3156 (sbs=9.3209) vs_sbs=-0.06%
    VRPBTW: top1=0.449 mean_cost=19.0664 (sbs=19.6924) vs_sbs=-3.18%
    VRPLTW: top1=0.450 mean_cost=17.7983 (sbs=18.6720) vs_sbs=-4.68%
    OVRPBL: top1=0.563 mean_cost=6.3042 (sbs=6.3079) vs_sbs=-0.06%
   OVRPBTW: top1=0.494 mean_cost=10.5807 (sbs=10.5894) vs_sbs=-0.08%
   OVRPLTW: top1=0.511 mean_cost=10.1088 (sbs=10.1136) vs_sbs=-0.05%
   VRPBLTW: top1=0.457 mean_cost=19.0490 (sbs=19.6661) vs_sbs=-3.14%
  OVRPBLTW: top1=0.502 mean_cost=10.5420 (sbs=10.5476) vs_sbs=-0.05%
[save] best.pt epoch=10 vs_sbs=-1.01386%
[epoch done 10] successful_updates=27000 per_problem=1500 skipped=12
ep011 step027300 loss=0.47075 ce=1.10828 grad=0.8660 lr=0.000192 samples/s=2488 elapsed=12.4m
ep011 step027600 loss=0.47379 ce=1.11418 grad=0.8627 lr=0.000192 samples/s=2489 elapsed=12.5m
ep011 step027900 loss=0.47461 ce=1.11365 grad=0.8979 lr=0.000192 samples/s=2497 elapsed=12.6m
[AMP retry] attempt=1 scale=65536->32768
ep011 step028200 loss=0.47739 ce=1.12106 grad=0.8971 lr=0.000192 samples/s=2493 elapsed=12.7m
ep011 step028500 loss=0.47377 ce=1.11339 grad=0.8745 lr=0.000192 samples/s=2500 elapsed=12.9m
ep011 step028800 loss=0.47557 ce=1.11847 grad=0.8836 lr=0.000191 samples/s=2500 elapsed=13.0m
ep011 step029100 loss=0.46901 ce=1.10528 grad=0.9040 lr=0.000191 samples/s=2497 elapsed=13.1m
ep011 step029400 loss=0.47390 ce=1.11551 grad=0.8611 lr=0.000191 samples/s=2497 elapsed=13.3m
ep011 step029700 loss=0.47646 ce=1.12166 grad=0.8948 lr=0.000191 samples/s=2493 elapsed=13.4m
[eval epoch 11 B] macro_top1=0.4703 top2=0.8148 top3=0.9220 vs_sbs=-0.986% vbs_closed=+28.41%
       TSP: top1=0.360 mean_cost=7.9152 (sbs=7.9578) vs_sbs=-0.54%
      CVRP: top1=0.471 mean_cost=18.2025 (sbs=18.2943) vs_sbs=-0.50%
      ATSP: top1=0.764 mean_cost=1.6360 (sbs=1.6735) vs_sbs=-2.24%
      OVRP: top1=0.327 mean_cost=7.4578 (sbs=7.4617) vs_sbs=-0.05%
      VRPB: top1=0.534 mean_cost=9.3348 (sbs=9.3403) vs_sbs=-0.06%
      VRPL: top1=0.311 mean_cost=12.4048 (sbs=12.4072) vs_sbs=-0.02%
     VRPTW: top1=0.420 mean_cost=17.9592 (sbs=18.6571) vs_sbs=-3.74%
    OVRPTW: top1=0.488 mean_cost=10.0429 (sbs=10.0484) vs_sbs=-0.06%
     OVRPB: top1=0.565 mean_cost=6.3183 (sbs=6.3220) vs_sbs=-0.06%
     OVRPL: top1=0.379 mean_cost=7.4315 (sbs=7.4376) vs_sbs=-0.08%
     VRPBL: top1=0.546 mean_cost=9.3555 (sbs=9.3593) vs_sbs=-0.04%
    VRPBTW: top1=0.431 mean_cost=19.0817 (sbs=19.6697) vs_sbs=-2.99%
    VRPLTW: top1=0.432 mean_cost=17.6888 (sbs=18.5091) vs_sbs=-4.43%
    OVRPBL: top1=0.552 mean_cost=6.3091 (sbs=6.3103) vs_sbs=-0.02%
   OVRPBTW: top1=0.476 mean_cost=10.5048 (sbs=10.5068) vs_sbs=-0.02%
   OVRPLTW: top1=0.484 mean_cost=10.1273 (sbs=10.1272) vs_sbs=+0.00%
   VRPBLTW: top1=0.421 mean_cost=18.9692 (sbs=19.5198) vs_sbs=-2.82%
  OVRPBLTW: top1=0.504 mean_cost=10.5322 (sbs=10.5412) vs_sbs=-0.09%
[epoch done 11] successful_updates=29700 per_problem=1650 skipped=13
ep012 step030000 loss=0.46851 ce=1.10519 grad=0.8819 lr=0.00019 samples/s=2563 elapsed=13.5m
[AMP retry] attempt=1 scale=65536->32768
ep012 step030300 loss=0.46820 ce=1.10494 grad=0.8575 lr=0.00019 samples/s=2524 elapsed=13.7m
ep012 step030600 loss=0.46975 ce=1.10710 grad=0.8644 lr=0.00019 samples/s=2487 elapsed=13.8m
ep012 step030900 loss=0.47182 ce=1.11111 grad=0.8828 lr=0.000189 samples/s=2491 elapsed=13.9m
ep012 step031200 loss=0.47388 ce=1.11315 grad=0.8600 lr=0.000189 samples/s=2492 elapsed=14.1m
ep012 step031500 loss=0.46828 ce=1.10390 grad=0.8636 lr=0.000189 samples/s=2491 elapsed=14.2m
ep012 step031800 loss=0.47393 ce=1.11551 grad=0.8857 lr=0.000189 samples/s=2491 elapsed=14.3m
ep012 step032100 loss=0.46954 ce=1.10561 grad=0.8525 lr=0.000188 samples/s=2492 elapsed=14.4m
ep012 step032400 loss=0.47818 ce=1.12579 grad=0.8632 lr=0.000188 samples/s=2491 elapsed=14.6m
[eval epoch 12 B] macro_top1=0.4763 top2=0.8150 top3=0.9218 vs_sbs=-0.985% vbs_closed=+28.74%
       TSP: top1=0.361 mean_cost=7.9181 (sbs=7.9578) vs_sbs=-0.50%
      CVRP: top1=0.456 mean_cost=18.2162 (sbs=18.2943) vs_sbs=-0.43%
      ATSP: top1=0.774 mean_cost=1.6366 (sbs=1.6735) vs_sbs=-2.21%
      OVRP: top1=0.335 mean_cost=7.4565 (sbs=7.4617) vs_sbs=-0.07%
      VRPB: top1=0.554 mean_cost=9.3337 (sbs=9.3403) vs_sbs=-0.07%
      VRPL: top1=0.307 mean_cost=12.4043 (sbs=12.4072) vs_sbs=-0.02%
     VRPTW: top1=0.424 mean_cost=18.0126 (sbs=18.6571) vs_sbs=-3.45%
    OVRPTW: top1=0.496 mean_cost=10.0417 (sbs=10.0484) vs_sbs=-0.07%
     OVRPB: top1=0.576 mean_cost=6.3148 (sbs=6.3220) vs_sbs=-0.11%
     OVRPL: top1=0.377 mean_cost=7.4321 (sbs=7.4376) vs_sbs=-0.07%
     VRPBL: top1=0.538 mean_cost=9.3555 (sbs=9.3593) vs_sbs=-0.04%
    VRPBTW: top1=0.436 mean_cost=19.0709 (sbs=19.6697) vs_sbs=-3.04%
    VRPLTW: top1=0.450 mean_cost=17.6671 (sbs=18.5091) vs_sbs=-4.55%
    OVRPBL: top1=0.550 mean_cost=6.3072 (sbs=6.3103) vs_sbs=-0.05%
   OVRPBTW: top1=0.503 mean_cost=10.4994 (sbs=10.5068) vs_sbs=-0.07%
   OVRPLTW: top1=0.507 mean_cost=10.1252 (sbs=10.1272) vs_sbs=-0.02%
   VRPBLTW: top1=0.432 mean_cost=18.9554 (sbs=19.5198) vs_sbs=-2.89%
  OVRPBLTW: top1=0.497 mean_cost=10.5346 (sbs=10.5412) vs_sbs=-0.06%
[epoch done 12] successful_updates=32400 per_problem=1800 skipped=14
ep013 step032700 loss=0.46737 ce=1.10219 grad=0.8971 lr=0.000188 samples/s=2483 elapsed=14.7m
ep013 step033000 loss=0.47238 ce=1.11445 grad=0.8883 lr=0.000187 samples/s=2492 elapsed=14.8m
ep013 step033300 loss=0.46621 ce=1.09727 grad=0.8809 lr=0.000187 samples/s=2498 elapsed=15.0m
ep013 step033600 loss=0.46776 ce=1.10344 grad=0.8751 lr=0.000187 samples/s=2473 elapsed=15.1m
[AMP retry] attempt=1 scale=65536->32768
ep013 step033900 loss=0.46681 ce=1.10163 grad=0.8706 lr=0.000187 samples/s=2472 elapsed=15.2m
ep013 step034200 loss=0.46921 ce=1.10604 grad=0.8775 lr=0.000186 samples/s=2476 elapsed=15.4m
ep013 step034500 loss=0.46384 ce=1.09583 grad=0.8444 lr=0.000186 samples/s=2475 elapsed=15.5m
ep013 step034800 loss=0.47039 ce=1.11035 grad=0.8577 lr=0.000186 samples/s=2478 elapsed=15.6m
ep013 step035100 loss=0.46876 ce=1.10574 grad=0.8434 lr=0.000185 samples/s=2479 elapsed=15.8m
[eval epoch 13 B] macro_top1=0.4759 top2=0.8151 top3=0.9217 vs_sbs=-1.022% vbs_closed=+29.14%
       TSP: top1=0.333 mean_cost=7.9193 (sbs=7.9578) vs_sbs=-0.48%
      CVRP: top1=0.477 mean_cost=18.2065 (sbs=18.2943) vs_sbs=-0.48%
      ATSP: top1=0.774 mean_cost=1.6351 (sbs=1.6735) vs_sbs=-2.29%
      OVRP: top1=0.351 mean_cost=7.4559 (sbs=7.4617) vs_sbs=-0.08%
      VRPB: top1=0.525 mean_cost=9.3346 (sbs=9.3403) vs_sbs=-0.06%
      VRPL: top1=0.303 mean_cost=12.4071 (sbs=12.4072) vs_sbs=-0.00%
     VRPTW: top1=0.440 mean_cost=17.9302 (sbs=18.6571) vs_sbs=-3.90%
    OVRPTW: top1=0.492 mean_cost=10.0449 (sbs=10.0484) vs_sbs=-0.04%
     OVRPB: top1=0.577 mean_cost=6.3179 (sbs=6.3220) vs_sbs=-0.06%
     OVRPL: top1=0.387 mean_cost=7.4315 (sbs=7.4376) vs_sbs=-0.08%
     VRPBL: top1=0.517 mean_cost=9.3591 (sbs=9.3593) vs_sbs=-0.00%
    VRPBTW: top1=0.452 mean_cost=19.0312 (sbs=19.6697) vs_sbs=-3.25%
    VRPLTW: top1=0.457 mean_cost=17.6776 (sbs=18.5091) vs_sbs=-4.49%
    OVRPBL: top1=0.577 mean_cost=6.3046 (sbs=6.3103) vs_sbs=-0.09%
   OVRPBTW: top1=0.485 mean_cost=10.5012 (sbs=10.5068) vs_sbs=-0.05%
   OVRPLTW: top1=0.508 mean_cost=10.1263 (sbs=10.1272) vs_sbs=-0.01%
   VRPBLTW: top1=0.427 mean_cost=18.9476 (sbs=19.5198) vs_sbs=-2.93%
  OVRPBLTW: top1=0.485 mean_cost=10.5301 (sbs=10.5412) vs_sbs=-0.10%
[save] best.pt epoch=13 vs_sbs=-1.02228%
[epoch done 13] successful_updates=35100 per_problem=1950 skipped=15
ep014 step035400 loss=0.46463 ce=1.09474 grad=0.8537 lr=0.000185 samples/s=2507 elapsed=15.9m
ep014 step035700 loss=0.46329 ce=1.09463 grad=0.8751 lr=0.000185 samples/s=2498 elapsed=16.0m
ep014 step036000 loss=0.46459 ce=1.09884 grad=0.8463 lr=0.000184 samples/s=2479 elapsed=16.2m
ep014 step036300 loss=0.46782 ce=1.10260 grad=0.8588 lr=0.000184 samples/s=2500 elapsed=16.3m
ep014 step036600 loss=0.46547 ce=1.10007 grad=0.8770 lr=0.000184 samples/s=2513 elapsed=16.4m
ep014 step036900 loss=0.46358 ce=1.09403 grad=0.8761 lr=0.000183 samples/s=2525 elapsed=16.5m
ep014 step037200 loss=0.46838 ce=1.10856 grad=0.8410 lr=0.000183 samples/s=2530 elapsed=16.7m
ep014 step037500 loss=0.46539 ce=1.09785 grad=0.8806 lr=0.000183 samples/s=2398 elapsed=16.8m
ep014 step037800 loss=0.46584 ce=1.10025 grad=0.8923 lr=0.000182 samples/s=2404 elapsed=17.0m
[eval epoch 14 B] macro_top1=0.4768 top2=0.8158 top3=0.9231 vs_sbs=-0.975% vbs_closed=+27.79%
       TSP: top1=0.350 mean_cost=7.9182 (sbs=7.9578) vs_sbs=-0.50%
      CVRP: top1=0.485 mean_cost=18.2043 (sbs=18.2943) vs_sbs=-0.49%
      ATSP: top1=0.777 mean_cost=1.6352 (sbs=1.6735) vs_sbs=-2.29%
      OVRP: top1=0.321 mean_cost=7.4589 (sbs=7.4617) vs_sbs=-0.04%
      VRPB: top1=0.554 mean_cost=9.3353 (sbs=9.3403) vs_sbs=-0.05%
      VRPL: top1=0.307 mean_cost=12.4047 (sbs=12.4072) vs_sbs=-0.02%
     VRPTW: top1=0.455 mean_cost=17.9399 (sbs=18.6571) vs_sbs=-3.84%
    OVRPTW: top1=0.500 mean_cost=10.0435 (sbs=10.0484) vs_sbs=-0.05%
     OVRPB: top1=0.558 mean_cost=6.3216 (sbs=6.3220) vs_sbs=-0.01%
     OVRPL: top1=0.382 mean_cost=7.4335 (sbs=7.4376) vs_sbs=-0.05%
     VRPBL: top1=0.522 mean_cost=9.3586 (sbs=9.3593) vs_sbs=-0.01%
    VRPBTW: top1=0.412 mean_cost=19.0776 (sbs=19.6697) vs_sbs=-3.01%
    VRPLTW: top1=0.457 mean_cost=17.7509 (sbs=18.5091) vs_sbs=-4.10%
    OVRPBL: top1=0.540 mean_cost=6.3079 (sbs=6.3103) vs_sbs=-0.04%
   OVRPBTW: top1=0.524 mean_cost=10.4947 (sbs=10.5068) vs_sbs=-0.11%
   OVRPLTW: top1=0.498 mean_cost=10.1270 (sbs=10.1272) vs_sbs=-0.00%
   VRPBLTW: top1=0.431 mean_cost=18.9609 (sbs=19.5198) vs_sbs=-2.86%
  OVRPBLTW: top1=0.509 mean_cost=10.5330 (sbs=10.5412) vs_sbs=-0.08%
[epoch done 14] successful_updates=37800 per_problem=2100 skipped=15
ep015 step038100 loss=0.45938 ce=1.08788 grad=0.8419 lr=0.000182 samples/s=2532 elapsed=17.1m
[AMP retry] attempt=1 scale=131072->65536
ep015 step038400 loss=0.45911 ce=1.08744 grad=0.8607 lr=0.000182 samples/s=2558 elapsed=17.2m
ep015 step038700 loss=0.46142 ce=1.09138 grad=0.8615 lr=0.000181 samples/s=2569 elapsed=17.4m
ep015 step039000 loss=0.45948 ce=1.08701 grad=0.8579 lr=0.000181 samples/s=2582 elapsed=17.5m
ep015 step039300 loss=0.46261 ce=1.09538 grad=0.8651 lr=0.000181 samples/s=2580 elapsed=17.6m
ep015 step039600 loss=0.46314 ce=1.09451 grad=0.8964 lr=0.00018 samples/s=2587 elapsed=17.7m
ep015 step039900 loss=0.47032 ce=1.10897 grad=0.8898 lr=0.00018 samples/s=2591 elapsed=17.9m
ep015 step040200 loss=0.46481 ce=1.09789 grad=0.8648 lr=0.000179 samples/s=2591 elapsed=18.0m
ep015 step040500 loss=0.46659 ce=1.10221 grad=0.8890 lr=0.000179 samples/s=2594 elapsed=18.1m
[eval epoch 15 B] macro_top1=0.4787 top2=0.8154 top3=0.9244 vs_sbs=-1.021% vbs_closed=+29.35%
       TSP: top1=0.372 mean_cost=7.9178 (sbs=7.9578) vs_sbs=-0.50%
      CVRP: top1=0.477 mean_cost=18.2046 (sbs=18.2943) vs_sbs=-0.49%
      ATSP: top1=0.774 mean_cost=1.6365 (sbs=1.6735) vs_sbs=-2.21%
      OVRP: top1=0.312 mean_cost=7.4588 (sbs=7.4617) vs_sbs=-0.04%
      VRPB: top1=0.555 mean_cost=9.3329 (sbs=9.3403) vs_sbs=-0.08%
      VRPL: top1=0.320 mean_cost=12.4018 (sbs=12.4072) vs_sbs=-0.04%
     VRPTW: top1=0.423 mean_cost=17.9395 (sbs=18.6571) vs_sbs=-3.85%
    OVRPTW: top1=0.498 mean_cost=10.0414 (sbs=10.0484) vs_sbs=-0.07%
     OVRPB: top1=0.553 mean_cost=6.3207 (sbs=6.3220) vs_sbs=-0.02%
     OVRPL: top1=0.381 mean_cost=7.4324 (sbs=7.4376) vs_sbs=-0.07%
     VRPBL: top1=0.542 mean_cost=9.3558 (sbs=9.3593) vs_sbs=-0.04%
    VRPBTW: top1=0.432 mean_cost=19.0601 (sbs=19.6697) vs_sbs=-3.10%
    VRPLTW: top1=0.464 mean_cost=17.6270 (sbs=18.5091) vs_sbs=-4.77%
    OVRPBL: top1=0.555 mean_cost=6.3056 (sbs=6.3103) vs_sbs=-0.07%
   OVRPBTW: top1=0.517 mean_cost=10.5009 (sbs=10.5068) vs_sbs=-0.06%
   OVRPLTW: top1=0.506 mean_cost=10.1241 (sbs=10.1272) vs_sbs=-0.03%
   VRPBLTW: top1=0.434 mean_cost=18.9547 (sbs=19.5198) vs_sbs=-2.90%
  OVRPBLTW: top1=0.502 mean_cost=10.5365 (sbs=10.5412) vs_sbs=-0.04%
[train_eval epoch 15 B] macro_top1=0.4913 top2=0.8246 top3=0.9306 vs_sbs=-1.078% vbs_closed=+31.19%
       TSP: top1=0.405 mean_cost=8.0077 (sbs=8.0483) vs_sbs=-0.50%
      CVRP: top1=0.469 mean_cost=17.9864 (sbs=18.0705) vs_sbs=-0.46%
      ATSP: top1=0.754 mean_cost=1.6432 (sbs=1.6795) vs_sbs=-2.16%
      OVRP: top1=0.367 mean_cost=7.4528 (sbs=7.4591) vs_sbs=-0.08%
      VRPB: top1=0.556 mean_cost=9.3079 (sbs=9.3166) vs_sbs=-0.09%
      VRPL: top1=0.341 mean_cost=12.3883 (sbs=12.3957) vs_sbs=-0.06%
     VRPTW: top1=0.476 mean_cost=17.8105 (sbs=18.5949) vs_sbs=-4.22%
    OVRPTW: top1=0.512 mean_cost=10.0970 (sbs=10.1037) vs_sbs=-0.07%
     OVRPB: top1=0.563 mean_cost=6.3193 (sbs=6.3216) vs_sbs=-0.04%
     OVRPL: top1=0.376 mean_cost=7.4459 (sbs=7.4526) vs_sbs=-0.09%
     VRPBL: top1=0.546 mean_cost=9.3128 (sbs=9.3209) vs_sbs=-0.09%
    VRPBTW: top1=0.458 mean_cost=19.0450 (sbs=19.6924) vs_sbs=-3.29%
    VRPLTW: top1=0.470 mean_cost=17.7850 (sbs=18.6720) vs_sbs=-4.75%
    OVRPBL: top1=0.554 mean_cost=6.3063 (sbs=6.3079) vs_sbs=-0.02%
   OVRPBTW: top1=0.500 mean_cost=10.5819 (sbs=10.5894) vs_sbs=-0.07%
   OVRPLTW: top1=0.520 mean_cost=10.1062 (sbs=10.1136) vs_sbs=-0.07%
   VRPBLTW: top1=0.472 mean_cost=19.0261 (sbs=19.6661) vs_sbs=-3.25%
  OVRPBLTW: top1=0.505 mean_cost=10.5396 (sbs=10.5476) vs_sbs=-0.08%
[epoch done 15] successful_updates=40500 per_problem=2250 skipped=16
ep016 step040800 loss=0.45800 ce=1.08559 grad=0.8662 lr=0.000179 samples/s=2579 elapsed=18.5m
ep016 step041100 loss=0.45596 ce=1.08120 grad=0.8704 lr=0.000178 samples/s=2543 elapsed=18.6m
ep016 step041400 loss=0.46193 ce=1.09437 grad=0.8742 lr=0.000178 samples/s=2559 elapsed=18.7m
[AMP retry] attempt=1 scale=131072->65536
ep016 step041700 loss=0.46035 ce=1.09082 grad=0.8488 lr=0.000178 samples/s=2567 elapsed=18.9m
ep016 step042000 loss=0.46038 ce=1.08734 grad=0.8753 lr=0.000177 samples/s=2575 elapsed=19.0m
ep016 step042300 loss=0.46592 ce=1.10004 grad=0.8646 lr=0.000177 samples/s=2580 elapsed=19.1m
ep016 step042600 loss=0.46236 ce=1.09579 grad=0.8634 lr=0.000176 samples/s=2576 elapsed=19.2m
ep016 step042900 loss=0.45730 ce=1.08044 grad=0.8907 lr=0.000176 samples/s=2579 elapsed=19.4m
ep016 step043200 loss=0.45984 ce=1.08931 grad=0.8621 lr=0.000176 samples/s=2567 elapsed=19.5m
[eval epoch 16 B] macro_top1=0.4801 top2=0.8187 top3=0.9224 vs_sbs=-1.030% vbs_closed=+29.60%
       TSP: top1=0.371 mean_cost=7.9202 (sbs=7.9578) vs_sbs=-0.47%
      CVRP: top1=0.462 mean_cost=18.2171 (sbs=18.2943) vs_sbs=-0.42%
      ATSP: top1=0.769 mean_cost=1.6355 (sbs=1.6735) vs_sbs=-2.27%
      OVRP: top1=0.360 mean_cost=7.4537 (sbs=7.4617) vs_sbs=-0.11%
      VRPB: top1=0.524 mean_cost=9.3367 (sbs=9.3403) vs_sbs=-0.04%
      VRPL: top1=0.339 mean_cost=12.4019 (sbs=12.4072) vs_sbs=-0.04%
     VRPTW: top1=0.416 mean_cost=17.9140 (sbs=18.6571) vs_sbs=-3.98%
    OVRPTW: top1=0.494 mean_cost=10.0454 (sbs=10.0484) vs_sbs=-0.03%
     OVRPB: top1=0.573 mean_cost=6.3168 (sbs=6.3220) vs_sbs=-0.08%
     OVRPL: top1=0.411 mean_cost=7.4294 (sbs=7.4376) vs_sbs=-0.11%
     VRPBL: top1=0.530 mean_cost=9.3612 (sbs=9.3593) vs_sbs=+0.02%
    VRPBTW: top1=0.445 mean_cost=19.0584 (sbs=19.6697) vs_sbs=-3.11%
    VRPLTW: top1=0.442 mean_cost=17.6399 (sbs=18.5091) vs_sbs=-4.70%
    OVRPBL: top1=0.586 mean_cost=6.3023 (sbs=6.3103) vs_sbs=-0.13%
   OVRPBTW: top1=0.489 mean_cost=10.4991 (sbs=10.5068) vs_sbs=-0.07%
   OVRPLTW: top1=0.523 mean_cost=10.1234 (sbs=10.1272) vs_sbs=-0.04%
   VRPBLTW: top1=0.425 mean_cost=18.9486 (sbs=19.5198) vs_sbs=-2.93%
  OVRPBLTW: top1=0.483 mean_cost=10.5381 (sbs=10.5412) vs_sbs=-0.03%
[save] best.pt epoch=16 vs_sbs=-1.02991%
[epoch done 16] successful_updates=43200 per_problem=2400 skipped=17
ep017 step043500 loss=0.45620 ce=1.08288 grad=0.8637 lr=0.000175 samples/s=2434 elapsed=19.6m
ep017 step043800 loss=0.45608 ce=1.07892 grad=0.8900 lr=0.000175 samples/s=2452 elapsed=19.8m
ep017 step044100 loss=0.45949 ce=1.08871 grad=0.8638 lr=0.000174 samples/s=2463 elapsed=19.9m
ep017 step044400 loss=0.45366 ce=1.07650 grad=0.8687 lr=0.000174 samples/s=2471 elapsed=20.0m
ep017 step044700 loss=0.45859 ce=1.08738 grad=0.9298 lr=0.000174 samples/s=2461 elapsed=20.2m
[AMP retry] attempt=1 scale=131072->65536
ep017 step045000 loss=0.46113 ce=1.09068 grad=0.9071 lr=0.000173 samples/s=2456 elapsed=20.3m
ep017 step045300 loss=0.45909 ce=1.08540 grad=0.8740 lr=0.000173 samples/s=2477 elapsed=20.4m
ep017 step045600 loss=0.45829 ce=1.08778 grad=0.8796 lr=0.000172 samples/s=2492 elapsed=20.5m
ep017 step045900 loss=0.45744 ce=1.08226 grad=0.8993 lr=0.000172 samples/s=2504 elapsed=20.7m
[eval epoch 17 B] macro_top1=0.4803 top2=0.8171 top3=0.9226 vs_sbs=-1.000% vbs_closed=+29.41%
       TSP: top1=0.374 mean_cost=7.9154 (sbs=7.9578) vs_sbs=-0.53%
      CVRP: top1=0.461 mean_cost=18.2165 (sbs=18.2943) vs_sbs=-0.43%
      ATSP: top1=0.783 mean_cost=1.6351 (sbs=1.6735) vs_sbs=-2.30%
      OVRP: top1=0.358 mean_cost=7.4534 (sbs=7.4617) vs_sbs=-0.11%
      VRPB: top1=0.539 mean_cost=9.3347 (sbs=9.3403) vs_sbs=-0.06%
      VRPL: top1=0.318 mean_cost=12.4035 (sbs=12.4072) vs_sbs=-0.03%
     VRPTW: top1=0.445 mean_cost=17.9413 (sbs=18.6571) vs_sbs=-3.84%
    OVRPTW: top1=0.501 mean_cost=10.0442 (sbs=10.0484) vs_sbs=-0.04%
     OVRPB: top1=0.575 mean_cost=6.3160 (sbs=6.3220) vs_sbs=-0.09%
     OVRPL: top1=0.381 mean_cost=7.4321 (sbs=7.4376) vs_sbs=-0.07%
     VRPBL: top1=0.522 mean_cost=9.3591 (sbs=9.3593) vs_sbs=-0.00%
    VRPBTW: top1=0.419 mean_cost=19.0898 (sbs=19.6697) vs_sbs=-2.95%
    VRPLTW: top1=0.450 mean_cost=17.7006 (sbs=18.5091) vs_sbs=-4.37%
    OVRPBL: top1=0.561 mean_cost=6.3058 (sbs=6.3103) vs_sbs=-0.07%
   OVRPBTW: top1=0.515 mean_cost=10.4976 (sbs=10.5068) vs_sbs=-0.09%
   OVRPLTW: top1=0.503 mean_cost=10.1248 (sbs=10.1272) vs_sbs=-0.02%
   VRPBLTW: top1=0.431 mean_cost=18.9576 (sbs=19.5198) vs_sbs=-2.88%
  OVRPBLTW: top1=0.510 mean_cost=10.5287 (sbs=10.5412) vs_sbs=-0.12%
[epoch done 17] successful_updates=45900 per_problem=2550 skipped=18
ep018 step046200 loss=0.45080 ce=1.06993 grad=0.8817 lr=0.000172 samples/s=2511 elapsed=20.8m
ep018 step046500 loss=0.45474 ce=1.07986 grad=0.9259 lr=0.000171 samples/s=2543 elapsed=20.9m
ep018 step046800 loss=0.45683 ce=1.08241 grad=0.9042 lr=0.000171 samples/s=2551 elapsed=21.1m
ep018 step047100 loss=0.45577 ce=1.08159 grad=0.8706 lr=0.00017 samples/s=2561 elapsed=21.2m
ep018 step047400 loss=0.45370 ce=1.07774 grad=0.8975 lr=0.00017 samples/s=2567 elapsed=21.3m
ep018 step047700 loss=0.45366 ce=1.07683 grad=0.8690 lr=0.000169 samples/s=2574 elapsed=21.4m
ep018 step048000 loss=0.45566 ce=1.07944 grad=0.9087 lr=0.000169 samples/s=2578 elapsed=21.6m
ep018 step048300 loss=0.45528 ce=1.08020 grad=0.8964 lr=0.000168 samples/s=2581 elapsed=21.7m
ep018 step048600 loss=0.45946 ce=1.08755 grad=0.9030 lr=0.000168 samples/s=2584 elapsed=21.8m
[eval epoch 18 B] macro_top1=0.4802 top2=0.8125 top3=0.9227 vs_sbs=-1.014% vbs_closed=+29.27%
       TSP: top1=0.349 mean_cost=7.9170 (sbs=7.9578) vs_sbs=-0.51%
      CVRP: top1=0.461 mean_cost=18.2116 (sbs=18.2943) vs_sbs=-0.45%
      ATSP: top1=0.761 mean_cost=1.6357 (sbs=1.6735) vs_sbs=-2.26%
      OVRP: top1=0.337 mean_cost=7.4587 (sbs=7.4617) vs_sbs=-0.04%
      VRPB: top1=0.560 mean_cost=9.3322 (sbs=9.3403) vs_sbs=-0.09%
      VRPL: top1=0.308 mean_cost=12.4051 (sbs=12.4072) vs_sbs=-0.02%
     VRPTW: top1=0.451 mean_cost=17.9365 (sbs=18.6571) vs_sbs=-3.86%
    OVRPTW: top1=0.496 mean_cost=10.0461 (sbs=10.0484) vs_sbs=-0.02%
     OVRPB: top1=0.574 mean_cost=6.3159 (sbs=6.3220) vs_sbs=-0.10%
     OVRPL: top1=0.417 mean_cost=7.4294 (sbs=7.4376) vs_sbs=-0.11%
     VRPBL: top1=0.523 mean_cost=9.3594 (sbs=9.3593) vs_sbs=+0.00%
    VRPBTW: top1=0.418 mean_cost=19.0692 (sbs=19.6697) vs_sbs=-3.05%
    VRPLTW: top1=0.457 mean_cost=17.6535 (sbs=18.5091) vs_sbs=-4.62%
    OVRPBL: top1=0.585 mean_cost=6.3022 (sbs=6.3103) vs_sbs=-0.13%
   OVRPBTW: top1=0.522 mean_cost=10.4993 (sbs=10.5068) vs_sbs=-0.07%
   OVRPLTW: top1=0.500 mean_cost=10.1257 (sbs=10.1272) vs_sbs=-0.02%
   VRPBLTW: top1=0.425 mean_cost=18.9636 (sbs=19.5198) vs_sbs=-2.85%
  OVRPBLTW: top1=0.499 mean_cost=10.5363 (sbs=10.5412) vs_sbs=-0.05%
[epoch done 18] successful_updates=48600 per_problem=2700 skipped=18
[AMP retry] attempt=1 scale=262144->131072
[AMP retry] attempt=1 scale=131072->65536
ep019 step048900 loss=0.44607 ce=1.06216 grad=0.9019 lr=0.000168 samples/s=2502 elapsed=22.0m
ep019 step049200 loss=0.45475 ce=1.07753 grad=0.9034 lr=0.000167 samples/s=2550 elapsed=22.1m
ep019 step049500 loss=0.45430 ce=1.07880 grad=0.9222 lr=0.000167 samples/s=2563 elapsed=22.2m
ep019 step049800 loss=0.45138 ce=1.07332 grad=0.9077 lr=0.000166 samples/s=2567 elapsed=22.3m
ep019 step050100 loss=0.45472 ce=1.07680 grad=0.9171 lr=0.000166 samples/s=2573 elapsed=22.4m
ep019 step050400 loss=0.45268 ce=1.07446 grad=0.8793 lr=0.000165 samples/s=2577 elapsed=22.6m
ep019 step050700 loss=0.45134 ce=1.07330 grad=0.9061 lr=0.000165 samples/s=2580 elapsed=22.7m
ep019 step051000 loss=0.45090 ce=1.06964 grad=0.9048 lr=0.000164 samples/s=2582 elapsed=22.8m
ep019 step051300 loss=0.45454 ce=1.07915 grad=0.9013 lr=0.000164 samples/s=2583 elapsed=22.9m
[eval epoch 19 B] macro_top1=0.4779 top2=0.8176 top3=0.9243 vs_sbs=-1.007% vbs_closed=+28.48%
       TSP: top1=0.362 mean_cost=7.9187 (sbs=7.9578) vs_sbs=-0.49%
      CVRP: top1=0.479 mean_cost=18.2029 (sbs=18.2943) vs_sbs=-0.50%
      ATSP: top1=0.762 mean_cost=1.6390 (sbs=1.6735) vs_sbs=-2.06%
      OVRP: top1=0.357 mean_cost=7.4558 (sbs=7.4617) vs_sbs=-0.08%
      VRPB: top1=0.569 mean_cost=9.3307 (sbs=9.3403) vs_sbs=-0.10%
      VRPL: top1=0.300 mean_cost=12.4097 (sbs=12.4072) vs_sbs=+0.02%
     VRPTW: top1=0.422 mean_cost=17.9157 (sbs=18.6571) vs_sbs=-3.97%
    OVRPTW: top1=0.482 mean_cost=10.0447 (sbs=10.0484) vs_sbs=-0.04%
     OVRPB: top1=0.576 mean_cost=6.3187 (sbs=6.3220) vs_sbs=-0.05%
     OVRPL: top1=0.386 mean_cost=7.4333 (sbs=7.4376) vs_sbs=-0.06%
     VRPBL: top1=0.522 mean_cost=9.3576 (sbs=9.3593) vs_sbs=-0.02%
    VRPBTW: top1=0.439 mean_cost=19.0552 (sbs=19.6697) vs_sbs=-3.12%
    VRPLTW: top1=0.452 mean_cost=17.6637 (sbs=18.5091) vs_sbs=-4.57%
    OVRPBL: top1=0.572 mean_cost=6.3041 (sbs=6.3103) vs_sbs=-0.10%
   OVRPBTW: top1=0.487 mean_cost=10.5073 (sbs=10.5068) vs_sbs=+0.00%
   OVRPLTW: top1=0.507 mean_cost=10.1263 (sbs=10.1272) vs_sbs=-0.01%
   VRPBLTW: top1=0.417 mean_cost=18.9573 (sbs=19.5198) vs_sbs=-2.88%
  OVRPBLTW: top1=0.511 mean_cost=10.5307 (sbs=10.5412) vs_sbs=-0.10%
[epoch done 19] successful_updates=51300 per_problem=2850 skipped=20
ep020 step051600 loss=0.44671 ce=1.06345 grad=0.9211 lr=0.000163 samples/s=2493 elapsed=23.1m
ep020 step051900 loss=0.44665 ce=1.06168 grad=0.9444 lr=0.000163 samples/s=2531 elapsed=23.2m
ep020 step052200 loss=0.45278 ce=1.07393 grad=0.9232 lr=0.000163 samples/s=2530 elapsed=23.3m
[AMP retry] attempt=1 scale=131072->65536
ep020 step052500 loss=0.44940 ce=1.06719 grad=0.9171 lr=0.000162 samples/s=2548 elapsed=23.5m
ep020 step052800 loss=0.44815 ce=1.06482 grad=0.9189 lr=0.000162 samples/s=2536 elapsed=23.6m
ep020 step053100 loss=0.45007 ce=1.07037 grad=0.9333 lr=0.000161 samples/s=2546 elapsed=23.7m
ep020 step053400 loss=0.45118 ce=1.07326 grad=0.9158 lr=0.000161 samples/s=2554 elapsed=23.8m
ep020 step053700 loss=0.45134 ce=1.07459 grad=0.9254 lr=0.00016 samples/s=2547 elapsed=24.0m
ep020 step054000 loss=0.44711 ce=1.06121 grad=0.9260 lr=0.00016 samples/s=2536 elapsed=24.1m
[eval epoch 20 B] macro_top1=0.4826 top2=0.8137 top3=0.9242 vs_sbs=-0.992% vbs_closed=+29.80%
       TSP: top1=0.362 mean_cost=7.9150 (sbs=7.9578) vs_sbs=-0.54%
      CVRP: top1=0.482 mean_cost=18.2057 (sbs=18.2943) vs_sbs=-0.48%
      ATSP: top1=0.726 mean_cost=1.6469 (sbs=1.6735) vs_sbs=-1.59%
      OVRP: top1=0.363 mean_cost=7.4557 (sbs=7.4617) vs_sbs=-0.08%
      VRPB: top1=0.566 mean_cost=9.3286 (sbs=9.3403) vs_sbs=-0.13%
      VRPL: top1=0.318 mean_cost=12.4035 (sbs=12.4072) vs_sbs=-0.03%
     VRPTW: top1=0.433 mean_cost=17.9325 (sbs=18.6571) vs_sbs=-3.88%
    OVRPTW: top1=0.491 mean_cost=10.0418 (sbs=10.0484) vs_sbs=-0.07%
     OVRPB: top1=0.602 mean_cost=6.3101 (sbs=6.3220) vs_sbs=-0.19%
     OVRPL: top1=0.386 mean_cost=7.4325 (sbs=7.4376) vs_sbs=-0.07%
     VRPBL: top1=0.529 mean_cost=9.3573 (sbs=9.3593) vs_sbs=-0.02%
    VRPBTW: top1=0.426 mean_cost=19.0710 (sbs=19.6697) vs_sbs=-3.04%
    VRPLTW: top1=0.462 mean_cost=17.6765 (sbs=18.5091) vs_sbs=-4.50%
    OVRPBL: top1=0.575 mean_cost=6.3034 (sbs=6.3103) vs_sbs=-0.11%
   OVRPBTW: top1=0.508 mean_cost=10.4977 (sbs=10.5068) vs_sbs=-0.09%
   OVRPLTW: top1=0.507 mean_cost=10.1248 (sbs=10.1272) vs_sbs=-0.02%
   VRPBLTW: top1=0.445 mean_cost=18.9491 (sbs=19.5198) vs_sbs=-2.92%
  OVRPBLTW: top1=0.505 mean_cost=10.5300 (sbs=10.5412) vs_sbs=-0.11%
[train_eval epoch 20 B] macro_top1=0.5003 top2=0.8322 top3=0.9371 vs_sbs=-1.059% vbs_closed=+31.99%
       TSP: top1=0.413 mean_cost=8.0046 (sbs=8.0483) vs_sbs=-0.54%
      CVRP: top1=0.495 mean_cost=17.9795 (sbs=18.0705) vs_sbs=-0.50%
      ATSP: top1=0.700 mean_cost=1.6550 (sbs=1.6795) vs_sbs=-1.45%
      OVRP: top1=0.396 mean_cost=7.4507 (sbs=7.4591) vs_sbs=-0.11%
      VRPB: top1=0.564 mean_cost=9.3056 (sbs=9.3166) vs_sbs=-0.12%
      VRPL: top1=0.340 mean_cost=12.3889 (sbs=12.3957) vs_sbs=-0.06%
     VRPTW: top1=0.487 mean_cost=17.7957 (sbs=18.5949) vs_sbs=-4.30%
    OVRPTW: top1=0.520 mean_cost=10.0950 (sbs=10.1037) vs_sbs=-0.09%
     OVRPB: top1=0.575 mean_cost=6.3154 (sbs=6.3216) vs_sbs=-0.10%
     OVRPL: top1=0.397 mean_cost=7.4442 (sbs=7.4526) vs_sbs=-0.11%
     VRPBL: top1=0.552 mean_cost=9.3112 (sbs=9.3209) vs_sbs=-0.10%
    VRPBTW: top1=0.477 mean_cost=19.0257 (sbs=19.6924) vs_sbs=-3.39%
    VRPLTW: top1=0.475 mean_cost=17.8238 (sbs=18.6720) vs_sbs=-4.54%
    OVRPBL: top1=0.574 mean_cost=6.3023 (sbs=6.3079) vs_sbs=-0.09%
   OVRPBTW: top1=0.515 mean_cost=10.5763 (sbs=10.5894) vs_sbs=-0.12%
   OVRPLTW: top1=0.523 mean_cost=10.1047 (sbs=10.1136) vs_sbs=-0.09%
   VRPBLTW: top1=0.482 mean_cost=19.0275 (sbs=19.6661) vs_sbs=-3.25%
  OVRPBLTW: top1=0.520 mean_cost=10.5362 (sbs=10.5476) vs_sbs=-0.11%
[epoch done 20] successful_updates=54000 per_problem=3000 skipped=21
ep021 step054300 loss=0.44087 ce=1.05140 grad=0.9495 lr=0.000159 samples/s=2579 elapsed=24.5m
ep021 step054600 loss=0.44366 ce=1.05758 grad=0.9550 lr=0.000159 samples/s=2599 elapsed=24.6m
ep021 step054900 loss=0.44634 ce=1.06371 grad=0.9622 lr=0.000158 samples/s=2602 elapsed=24.7m
[AMP retry] attempt=1 scale=131072->65536
ep021 step055200 loss=0.44969 ce=1.06875 grad=0.9342 lr=0.000158 samples/s=2601 elapsed=24.9m
ep021 step055500 loss=0.44495 ce=1.05889 grad=0.9621 lr=0.000157 samples/s=2593 elapsed=25.0m
ep021 step055800 loss=0.44166 ce=1.05314 grad=0.9722 lr=0.000157 samples/s=2589 elapsed=25.1m
ep021 step056100 loss=0.44169 ce=1.05115 grad=0.9340 lr=0.000156 samples/s=2568 elapsed=25.2m
ep021 step056400 loss=0.44988 ce=1.07055 grad=0.9477 lr=0.000156 samples/s=2430 elapsed=25.4m
ep021 step056700 loss=0.44621 ce=1.05988 grad=0.9547 lr=0.000155 samples/s=2441 elapsed=25.5m
[eval epoch 21 B] macro_top1=0.4783 top2=0.8157 top3=0.9241 vs_sbs=-1.001% vbs_closed=+28.05%
       TSP: top1=0.373 mean_cost=7.9166 (sbs=7.9578) vs_sbs=-0.52%
      CVRP: top1=0.472 mean_cost=18.2074 (sbs=18.2943) vs_sbs=-0.48%
      ATSP: top1=0.756 mean_cost=1.6396 (sbs=1.6735) vs_sbs=-2.03%
      OVRP: top1=0.356 mean_cost=7.4552 (sbs=7.4617) vs_sbs=-0.09%
      VRPB: top1=0.551 mean_cost=9.3331 (sbs=9.3403) vs_sbs=-0.08%
      VRPL: top1=0.314 mean_cost=12.4071 (sbs=12.4072) vs_sbs=-0.00%
     VRPTW: top1=0.441 mean_cost=17.9288 (sbs=18.6571) vs_sbs=-3.90%
    OVRPTW: top1=0.495 mean_cost=10.0428 (sbs=10.0484) vs_sbs=-0.06%
     OVRPB: top1=0.565 mean_cost=6.3213 (sbs=6.3220) vs_sbs=-0.01%
     OVRPL: top1=0.391 mean_cost=7.4333 (sbs=7.4376) vs_sbs=-0.06%
     VRPBL: top1=0.532 mean_cost=9.3577 (sbs=9.3593) vs_sbs=-0.02%
    VRPBTW: top1=0.428 mean_cost=19.0573 (sbs=19.6697) vs_sbs=-3.11%
    VRPLTW: top1=0.452 mean_cost=17.6451 (sbs=18.5091) vs_sbs=-4.67%
    OVRPBL: top1=0.531 mean_cost=6.3097 (sbs=6.3103) vs_sbs=-0.01%
   OVRPBTW: top1=0.515 mean_cost=10.4975 (sbs=10.5068) vs_sbs=-0.09%
   OVRPLTW: top1=0.509 mean_cost=10.1261 (sbs=10.1272) vs_sbs=-0.01%
   VRPBLTW: top1=0.428 mean_cost=18.9612 (sbs=19.5198) vs_sbs=-2.86%
  OVRPBLTW: top1=0.500 mean_cost=10.5364 (sbs=10.5412) vs_sbs=-0.04%
[epoch done 21] successful_updates=56700 per_problem=3150 skipped=22
ep022 step057000 loss=0.44188 ce=1.05410 grad=0.9526 lr=0.000155 samples/s=2567 elapsed=25.7m
ep022 step057300 loss=0.43943 ce=1.04725 grad=0.9744 lr=0.000154 samples/s=2543 elapsed=25.8m
ep022 step057600 loss=0.43708 ce=1.04420 grad=0.9646 lr=0.000154 samples/s=2535 elapsed=25.9m
[AMP retry] attempt=1 scale=131072->65536
ep022 step057900 loss=0.44321 ce=1.05687 grad=0.9865 lr=0.000153 samples/s=2536 elapsed=26.1m
ep022 step058200 loss=0.44051 ce=1.05123 grad=1.0060 lr=0.000153 samples/s=2543 elapsed=26.2m
ep022 step058500 loss=0.44214 ce=1.05255 grad=0.9886 lr=0.000152 samples/s=2555 elapsed=26.3m
ep022 step058800 loss=0.44356 ce=1.05422 grad=1.0011 lr=0.000152 samples/s=2562 elapsed=26.4m
ep022 step059100 loss=0.44702 ce=1.06533 grad=0.9797 lr=0.000151 samples/s=2568 elapsed=26.6m
ep022 step059400 loss=0.44315 ce=1.05619 grad=0.9650 lr=0.00015 samples/s=2568 elapsed=26.7m
[eval epoch 22 B] macro_top1=0.4822 top2=0.8163 top3=0.9243 vs_sbs=-1.008% vbs_closed=+29.34%
       TSP: top1=0.356 mean_cost=7.9165 (sbs=7.9578) vs_sbs=-0.52%
      CVRP: top1=0.479 mean_cost=18.2044 (sbs=18.2943) vs_sbs=-0.49%
      ATSP: top1=0.774 mean_cost=1.6363 (sbs=1.6735) vs_sbs=-2.23%
      OVRP: top1=0.359 mean_cost=7.4552 (sbs=7.4617) vs_sbs=-0.09%
      VRPB: top1=0.561 mean_cost=9.3326 (sbs=9.3403) vs_sbs=-0.08%
      VRPL: top1=0.310 mean_cost=12.4036 (sbs=12.4072) vs_sbs=-0.03%
     VRPTW: top1=0.426 mean_cost=17.9603 (sbs=18.6571) vs_sbs=-3.73%
    OVRPTW: top1=0.502 mean_cost=10.0454 (sbs=10.0484) vs_sbs=-0.03%
     OVRPB: top1=0.595 mean_cost=6.3152 (sbs=6.3220) vs_sbs=-0.11%
     OVRPL: top1=0.380 mean_cost=7.4318 (sbs=7.4376) vs_sbs=-0.08%
     VRPBL: top1=0.523 mean_cost=9.3617 (sbs=9.3593) vs_sbs=+0.03%
    VRPBTW: top1=0.412 mean_cost=19.0832 (sbs=19.6697) vs_sbs=-2.98%
    VRPLTW: top1=0.468 mean_cost=17.6383 (sbs=18.5091) vs_sbs=-4.70%
    OVRPBL: top1=0.584 mean_cost=6.3027 (sbs=6.3103) vs_sbs=-0.12%
   OVRPBTW: top1=0.504 mean_cost=10.5027 (sbs=10.5068) vs_sbs=-0.04%
   OVRPLTW: top1=0.510 mean_cost=10.1266 (sbs=10.1272) vs_sbs=-0.01%
   VRPBLTW: top1=0.430 mean_cost=18.9609 (sbs=19.5198) vs_sbs=-2.86%
  OVRPBLTW: top1=0.506 mean_cost=10.5334 (sbs=10.5412) vs_sbs=-0.07%
[epoch done 22] successful_updates=59400 per_problem=3300 skipped=23
ep023 step059700 loss=0.43192 ce=1.03255 grad=0.9408 lr=0.00015 samples/s=2593 elapsed=26.8m
ep023 step060000 loss=0.43631 ce=1.04296 grad=0.9921 lr=0.000149 samples/s=2584 elapsed=27.0m
ep023 step060300 loss=0.43674 ce=1.04218 grad=1.0187 lr=0.000149 samples/s=2584 elapsed=27.1m
ep023 step060600 loss=0.43677 ce=1.04219 grad=1.0181 lr=0.000148 samples/s=2563 elapsed=27.2m
ep023 step060900 loss=0.44083 ce=1.05144 grad=0.9914 lr=0.000148 samples/s=2569 elapsed=27.3m
ep023 step061200 loss=0.43640 ce=1.04193 grad=1.0075 lr=0.000147 samples/s=2576 elapsed=27.5m
ep023 step061500 loss=0.44160 ce=1.05405 grad=1.0101 lr=0.000147 samples/s=2578 elapsed=27.6m
[AMP retry] attempt=1 scale=262144->131072
ep023 step061800 loss=0.43962 ce=1.04777 grad=1.0017 lr=0.000146 samples/s=2578 elapsed=27.7m
ep023 step062100 loss=0.44027 ce=1.05072 grad=0.9935 lr=0.000146 samples/s=2581 elapsed=27.8m
[eval epoch 23 B] macro_top1=0.4808 top2=0.8189 top3=0.9240 vs_sbs=-1.010% vbs_closed=+28.56%
       TSP: top1=0.375 mean_cost=7.9140 (sbs=7.9578) vs_sbs=-0.55%
      CVRP: top1=0.482 mean_cost=18.2096 (sbs=18.2943) vs_sbs=-0.46%
      ATSP: top1=0.784 mean_cost=1.6348 (sbs=1.6735) vs_sbs=-2.32%
      OVRP: top1=0.349 mean_cost=7.4552 (sbs=7.4617) vs_sbs=-0.09%
      VRPB: top1=0.527 mean_cost=9.3380 (sbs=9.3403) vs_sbs=-0.02%
      VRPL: top1=0.316 mean_cost=12.4044 (sbs=12.4072) vs_sbs=-0.02%
     VRPTW: top1=0.440 mean_cost=17.9375 (sbs=18.6571) vs_sbs=-3.86%
    OVRPTW: top1=0.484 mean_cost=10.0490 (sbs=10.0484) vs_sbs=+0.01%
     OVRPB: top1=0.567 mean_cost=6.3216 (sbs=6.3220) vs_sbs=-0.01%
     OVRPL: top1=0.394 mean_cost=7.4305 (sbs=7.4376) vs_sbs=-0.09%
     VRPBL: top1=0.514 mean_cost=9.3626 (sbs=9.3593) vs_sbs=+0.04%
    VRPBTW: top1=0.419 mean_cost=19.0878 (sbs=19.6697) vs_sbs=-2.96%
    VRPLTW: top1=0.465 mean_cost=17.6290 (sbs=18.5091) vs_sbs=-4.76%
    OVRPBL: top1=0.576 mean_cost=6.3028 (sbs=6.3103) vs_sbs=-0.12%
   OVRPBTW: top1=0.520 mean_cost=10.5011 (sbs=10.5068) vs_sbs=-0.05%
   OVRPLTW: top1=0.507 mean_cost=10.1258 (sbs=10.1272) vs_sbs=-0.01%
   VRPBLTW: top1=0.425 mean_cost=18.9704 (sbs=19.5198) vs_sbs=-2.81%
  OVRPBLTW: top1=0.511 mean_cost=10.5318 (sbs=10.5412) vs_sbs=-0.09%
[epoch done 23] successful_updates=62100 per_problem=3450 skipped=24
ep024 step062400 loss=0.42992 ce=1.03021 grad=1.0071 lr=0.000145 samples/s=2494 elapsed=28.0m
ep024 step062700 loss=0.43207 ce=1.03130 grad=1.0764 lr=0.000145 samples/s=2540 elapsed=28.1m
[AMP retry] attempt=1 scale=131072->65536
ep024 step063000 loss=0.43540 ce=1.03984 grad=1.0208 lr=0.000144 samples/s=2552 elapsed=28.2m
ep024 step063300 loss=0.43351 ce=1.03753 grad=1.0230 lr=0.000144 samples/s=2554 elapsed=28.3m
ep024 step063600 loss=0.43383 ce=1.03705 grad=1.0657 lr=0.000143 samples/s=2562 elapsed=28.5m
ep024 step063900 loss=0.43295 ce=1.03351 grad=1.0640 lr=0.000142 samples/s=2569 elapsed=28.6m
ep024 step064200 loss=0.43677 ce=1.04291 grad=1.0539 lr=0.000142 samples/s=2563 elapsed=28.7m
ep024 step064500 loss=0.43317 ce=1.03670 grad=1.0380 lr=0.000141 samples/s=2542 elapsed=28.9m
ep024 step064800 loss=0.43584 ce=1.04248 grad=1.0398 lr=0.000141 samples/s=2536 elapsed=29.0m
[eval epoch 24 B] macro_top1=0.4811 top2=0.8168 top3=0.9235 vs_sbs=-1.035% vbs_closed=+29.92%
       TSP: top1=0.372 mean_cost=7.9171 (sbs=7.9578) vs_sbs=-0.51%
      CVRP: top1=0.483 mean_cost=18.2113 (sbs=18.2943) vs_sbs=-0.45%
      ATSP: top1=0.782 mean_cost=1.6349 (sbs=1.6735) vs_sbs=-2.31%
      OVRP: top1=0.367 mean_cost=7.4554 (sbs=7.4617) vs_sbs=-0.08%
      VRPB: top1=0.539 mean_cost=9.3280 (sbs=9.3403) vs_sbs=-0.13%
      VRPL: top1=0.314 mean_cost=12.4050 (sbs=12.4072) vs_sbs=-0.02%
     VRPTW: top1=0.434 mean_cost=17.9222 (sbs=18.6571) vs_sbs=-3.94%
    OVRPTW: top1=0.477 mean_cost=10.0462 (sbs=10.0484) vs_sbs=-0.02%
     OVRPB: top1=0.580 mean_cost=6.3175 (sbs=6.3220) vs_sbs=-0.07%
     OVRPL: top1=0.391 mean_cost=7.4309 (sbs=7.4376) vs_sbs=-0.09%
     VRPBL: top1=0.516 mean_cost=9.3602 (sbs=9.3593) vs_sbs=+0.01%
    VRPBTW: top1=0.451 mean_cost=19.0530 (sbs=19.6697) vs_sbs=-3.14%
    VRPLTW: top1=0.447 mean_cost=17.6511 (sbs=18.5091) vs_sbs=-4.64%
    OVRPBL: top1=0.557 mean_cost=6.3069 (sbs=6.3103) vs_sbs=-0.05%
   OVRPBTW: top1=0.498 mean_cost=10.5057 (sbs=10.5068) vs_sbs=-0.01%
   OVRPLTW: top1=0.510 mean_cost=10.1235 (sbs=10.1272) vs_sbs=-0.04%
   VRPBLTW: top1=0.431 mean_cost=18.9335 (sbs=19.5198) vs_sbs=-3.00%
  OVRPBLTW: top1=0.511 mean_cost=10.5266 (sbs=10.5412) vs_sbs=-0.14%
[save] best.pt epoch=24 vs_sbs=-1.03514%
[epoch done 24] successful_updates=64800 per_problem=3600 skipped=25
ep025 step065100 loss=0.42386 ce=1.01535 grad=1.0370 lr=0.00014 samples/s=2452 elapsed=29.1m
ep025 step065400 loss=0.42987 ce=1.02884 grad=1.0910 lr=0.00014 samples/s=2511 elapsed=29.3m
ep025 step065700 loss=0.42914 ce=1.02803 grad=1.0604 lr=0.000139 samples/s=2532 elapsed=29.4m
[AMP retry] attempt=1 scale=131072->65536
ep025 step066000 loss=0.42845 ce=1.02791 grad=1.0849 lr=0.000139 samples/s=2541 elapsed=29.5m
ep025 step066300 loss=0.42534 ce=1.01861 grad=1.0989 lr=0.000138 samples/s=2549 elapsed=29.6m
ep025 step066600 loss=0.43157 ce=1.03256 grad=1.1156 lr=0.000137 samples/s=2557 elapsed=29.8m
ep025 step066900 loss=0.43252 ce=1.03450 grad=1.0408 lr=0.000137 samples/s=2563 elapsed=29.9m
ep025 step067200 loss=0.42945 ce=1.02780 grad=1.0844 lr=0.000136 samples/s=2565 elapsed=30.0m
ep025 step067500 loss=0.43097 ce=1.03065 grad=1.1123 lr=0.000136 samples/s=2570 elapsed=30.1m
[eval epoch 25 B] macro_top1=0.4783 top2=0.8178 top3=0.9217 vs_sbs=-1.014% vbs_closed=+28.00%
       TSP: top1=0.379 mean_cost=7.9137 (sbs=7.9578) vs_sbs=-0.55%
      CVRP: top1=0.482 mean_cost=18.2135 (sbs=18.2943) vs_sbs=-0.44%
      ATSP: top1=0.782 mean_cost=1.6347 (sbs=1.6735) vs_sbs=-2.32%
      OVRP: top1=0.368 mean_cost=7.4545 (sbs=7.4617) vs_sbs=-0.10%
      VRPB: top1=0.518 mean_cost=9.3389 (sbs=9.3403) vs_sbs=-0.01%
      VRPL: top1=0.333 mean_cost=12.4017 (sbs=12.4072) vs_sbs=-0.04%
     VRPTW: top1=0.429 mean_cost=17.9191 (sbs=18.6571) vs_sbs=-3.96%
    OVRPTW: top1=0.486 mean_cost=10.0468 (sbs=10.0484) vs_sbs=-0.02%
     OVRPB: top1=0.570 mean_cost=6.3211 (sbs=6.3220) vs_sbs=-0.01%
     OVRPL: top1=0.392 mean_cost=7.4311 (sbs=7.4376) vs_sbs=-0.09%
     VRPBL: top1=0.517 mean_cost=9.3654 (sbs=9.3593) vs_sbs=+0.07%
    VRPBTW: top1=0.413 mean_cost=19.0765 (sbs=19.6697) vs_sbs=-3.02%
    VRPLTW: top1=0.474 mean_cost=17.6374 (sbs=18.5091) vs_sbs=-4.71%
    OVRPBL: top1=0.547 mean_cost=6.3116 (sbs=6.3103) vs_sbs=+0.02%
   OVRPBTW: top1=0.494 mean_cost=10.5072 (sbs=10.5068) vs_sbs=+0.00%
   OVRPLTW: top1=0.499 mean_cost=10.1261 (sbs=10.1272) vs_sbs=-0.01%
   VRPBLTW: top1=0.426 mean_cost=18.9455 (sbs=19.5198) vs_sbs=-2.94%
  OVRPBLTW: top1=0.501 mean_cost=10.5287 (sbs=10.5412) vs_sbs=-0.12%
[train_eval epoch 25 B] macro_top1=0.5321 top2=0.8449 top3=0.9451 vs_sbs=-1.182% vbs_closed=+38.44%
       TSP: top1=0.432 mean_cost=8.0028 (sbs=8.0483) vs_sbs=-0.57%
      CVRP: top1=0.523 mean_cost=17.9795 (sbs=18.0705) vs_sbs=-0.50%
      ATSP: top1=0.763 mean_cost=1.6412 (sbs=1.6795) vs_sbs=-2.28%
      OVRP: top1=0.430 mean_cost=7.4466 (sbs=7.4591) vs_sbs=-0.17%
      VRPB: top1=0.600 mean_cost=9.2978 (sbs=9.3166) vs_sbs=-0.20%
      VRPL: top1=0.382 mean_cost=12.3840 (sbs=12.3957) vs_sbs=-0.09%
     VRPTW: top1=0.520 mean_cost=17.7696 (sbs=18.5949) vs_sbs=-4.44%
    OVRPTW: top1=0.551 mean_cost=10.0888 (sbs=10.1037) vs_sbs=-0.15%
     OVRPB: top1=0.606 mean_cost=6.3135 (sbs=6.3216) vs_sbs=-0.13%
     OVRPL: top1=0.428 mean_cost=7.4404 (sbs=7.4526) vs_sbs=-0.16%
     VRPBL: top1=0.585 mean_cost=9.3053 (sbs=9.3209) vs_sbs=-0.17%
    VRPBTW: top1=0.507 mean_cost=19.0076 (sbs=19.6924) vs_sbs=-3.48%
    VRPLTW: top1=0.511 mean_cost=17.7556 (sbs=18.6720) vs_sbs=-4.91%
    OVRPBL: top1=0.591 mean_cost=6.3002 (sbs=6.3079) vs_sbs=-0.12%
   OVRPBTW: top1=0.548 mean_cost=10.5677 (sbs=10.5894) vs_sbs=-0.21%
   OVRPLTW: top1=0.548 mean_cost=10.1015 (sbs=10.1136) vs_sbs=-0.12%
   VRPBLTW: top1=0.504 mean_cost=18.9954 (sbs=19.6661) vs_sbs=-3.41%
  OVRPBLTW: top1=0.547 mean_cost=10.5286 (sbs=10.5476) vs_sbs=-0.18%
[epoch done 25] successful_updates=67500 per_problem=3750 skipped=26
ep026 step067800 loss=0.41881 ce=1.00444 grad=1.0951 lr=0.000135 samples/s=2478 elapsed=30.5m
ep026 step068100 loss=0.41957 ce=1.00793 grad=1.1342 lr=0.000135 samples/s=2539 elapsed=30.6m
[AMP retry] attempt=1 scale=131072->65536
ep026 step068400 loss=0.42388 ce=1.01671 grad=1.1581 lr=0.000134 samples/s=2552 elapsed=30.8m
ep026 step068700 loss=0.42293 ce=1.01521 grad=1.1120 lr=0.000133 samples/s=2565 elapsed=30.9m
ep026 step069000 loss=0.42563 ce=1.01930 grad=1.1313 lr=0.000133 samples/s=2566 elapsed=31.0m
ep026 step069300 loss=0.42725 ce=1.02385 grad=1.1148 lr=0.000132 samples/s=2558 elapsed=31.1m
ep026 step069600 loss=0.42611 ce=1.01964 grad=1.1333 lr=0.000132 samples/s=2547 elapsed=31.3m
ep026 step069900 loss=0.42553 ce=1.02094 grad=1.0970 lr=0.000131 samples/s=2528 elapsed=31.4m
ep026 step070200 loss=0.42823 ce=1.02462 grad=1.1433 lr=0.000131 samples/s=2528 elapsed=31.5m
[eval epoch 26 B] macro_top1=0.4761 top2=0.8163 top3=0.9227 vs_sbs=-0.999% vbs_closed=+26.88%
       TSP: top1=0.360 mean_cost=7.9197 (sbs=7.9578) vs_sbs=-0.48%
      CVRP: top1=0.476 mean_cost=18.2054 (sbs=18.2943) vs_sbs=-0.49%
      ATSP: top1=0.774 mean_cost=1.6362 (sbs=1.6735) vs_sbs=-2.23%
      OVRP: top1=0.389 mean_cost=7.4547 (sbs=7.4617) vs_sbs=-0.09%
      VRPB: top1=0.520 mean_cost=9.3409 (sbs=9.3403) vs_sbs=+0.01%
      VRPL: top1=0.315 mean_cost=12.4042 (sbs=12.4072) vs_sbs=-0.02%
     VRPTW: top1=0.422 mean_cost=17.9184 (sbs=18.6571) vs_sbs=-3.96%
    OVRPTW: top1=0.478 mean_cost=10.0469 (sbs=10.0484) vs_sbs=-0.02%
     OVRPB: top1=0.577 mean_cost=6.3188 (sbs=6.3220) vs_sbs=-0.05%
     OVRPL: top1=0.392 mean_cost=7.4326 (sbs=7.4376) vs_sbs=-0.07%
     VRPBL: top1=0.501 mean_cost=9.3703 (sbs=9.3593) vs_sbs=+0.12%
    VRPBTW: top1=0.440 mean_cost=19.0581 (sbs=19.6697) vs_sbs=-3.11%
    VRPLTW: top1=0.452 mean_cost=17.6450 (sbs=18.5091) vs_sbs=-4.67%
    OVRPBL: top1=0.559 mean_cost=6.3102 (sbs=6.3103) vs_sbs=-0.00%
   OVRPBTW: top1=0.488 mean_cost=10.5091 (sbs=10.5068) vs_sbs=+0.02%
   OVRPLTW: top1=0.515 mean_cost=10.1213 (sbs=10.1272) vs_sbs=-0.06%
   VRPBLTW: top1=0.425 mean_cost=18.9590 (sbs=19.5198) vs_sbs=-2.87%
  OVRPBLTW: top1=0.486 mean_cost=10.5386 (sbs=10.5412) vs_sbs=-0.02%
[epoch done 26] successful_updates=70200 per_problem=3900 skipped=27
ep027 step070500 loss=0.41549 ce=0.99616 grad=1.1110 lr=0.00013 samples/s=2461 elapsed=31.7m
[AMP retry] attempt=1 scale=131072->65536
ep027 step070800 loss=0.41725 ce=1.00421 grad=1.1823 lr=0.000129 samples/s=2479 elapsed=31.8m
ep027 step071100 loss=0.41781 ce=1.00121 grad=1.1725 lr=0.000129 samples/s=2486 elapsed=31.9m
ep027 step071400 loss=0.41934 ce=1.00542 grad=1.1921 lr=0.000128 samples/s=2499 elapsed=32.1m
ep027 step071700 loss=0.42080 ce=1.01041 grad=1.1888 lr=0.000128 samples/s=2495 elapsed=32.2m
ep027 step072000 loss=0.42155 ce=1.00953 grad=1.1597 lr=0.000127 samples/s=2512 elapsed=32.3m
ep027 step072300 loss=0.41957 ce=1.00591 grad=1.1787 lr=0.000126 samples/s=2520 elapsed=32.4m
ep027 step072600 loss=0.42010 ce=1.01068 grad=1.1728 lr=0.000126 samples/s=2521 elapsed=32.6m
ep027 step072900 loss=0.42354 ce=1.01807 grad=1.1921 lr=0.000125 samples/s=2511 elapsed=32.7m
[eval epoch 27 B] macro_top1=0.4776 top2=0.8149 top3=0.9231 vs_sbs=-0.985% vbs_closed=+26.77%
       TSP: top1=0.372 mean_cost=7.9175 (sbs=7.9578) vs_sbs=-0.51%
      CVRP: top1=0.461 mean_cost=18.2303 (sbs=18.2943) vs_sbs=-0.35%
      ATSP: top1=0.752 mean_cost=1.6401 (sbs=1.6735) vs_sbs=-2.00%
      OVRP: top1=0.362 mean_cost=7.4573 (sbs=7.4617) vs_sbs=-0.06%
      VRPB: top1=0.541 mean_cost=9.3353 (sbs=9.3403) vs_sbs=-0.05%
      VRPL: top1=0.310 mean_cost=12.4055 (sbs=12.4072) vs_sbs=-0.01%
     VRPTW: top1=0.438 mean_cost=17.9186 (sbs=18.6571) vs_sbs=-3.96%
    OVRPTW: top1=0.480 mean_cost=10.0482 (sbs=10.0484) vs_sbs=-0.00%
     OVRPB: top1=0.588 mean_cost=6.3176 (sbs=6.3220) vs_sbs=-0.07%
     OVRPL: top1=0.412 mean_cost=7.4321 (sbs=7.4376) vs_sbs=-0.07%
     VRPBL: top1=0.502 mean_cost=9.3614 (sbs=9.3593) vs_sbs=+0.02%
    VRPBTW: top1=0.429 mean_cost=19.0674 (sbs=19.6697) vs_sbs=-3.06%
    VRPLTW: top1=0.462 mean_cost=17.6618 (sbs=18.5091) vs_sbs=-4.58%
    OVRPBL: top1=0.586 mean_cost=6.3035 (sbs=6.3103) vs_sbs=-0.11%
   OVRPBTW: top1=0.492 mean_cost=10.5074 (sbs=10.5068) vs_sbs=+0.01%
   OVRPLTW: top1=0.488 mean_cost=10.1299 (sbs=10.1272) vs_sbs=+0.03%
   VRPBLTW: top1=0.426 mean_cost=18.9555 (sbs=19.5198) vs_sbs=-2.89%
  OVRPBLTW: top1=0.496 mean_cost=10.5340 (sbs=10.5412) vs_sbs=-0.07%
[epoch done 27] successful_updates=72900 per_problem=4050 skipped=28
ep028 step073200 loss=0.41205 ce=0.99089 grad=1.1954 lr=0.000125 samples/s=2390 elapsed=32.9m
ep028 step073500 loss=0.41111 ce=0.98742 grad=1.2269 lr=0.000124 samples/s=2415 elapsed=33.0m
ep028 step073800 loss=0.41303 ce=0.99301 grad=1.2289 lr=0.000124 samples/s=2436 elapsed=33.1m
[AMP retry] attempt=1 scale=131072->65536
ep028 step074100 loss=0.41268 ce=0.99319 grad=1.2645 lr=0.000123 samples/s=2448 elapsed=33.2m
ep028 step074400 loss=0.41756 ce=1.00298 grad=1.2259 lr=0.000122 samples/s=2470 elapsed=33.4m
ep028 step074700 loss=0.41270 ce=0.99262 grad=1.1960 lr=0.000122 samples/s=2492 elapsed=33.5m
ep028 step075000 loss=0.41686 ce=1.00027 grad=1.2720 lr=0.000121 samples/s=2494 elapsed=33.6m
ep028 step075300 loss=0.41907 ce=1.00721 grad=1.2381 lr=0.000121 samples/s=2461 elapsed=33.8m
ep028 step075600 loss=0.41628 ce=1.00139 grad=1.2137 lr=0.00012 samples/s=2367 elapsed=33.9m
[eval epoch 28 B] macro_top1=0.4767 top2=0.8174 top3=0.9225 vs_sbs=-0.999% vbs_closed=+26.54%
       TSP: top1=0.372 mean_cost=7.9174 (sbs=7.9578) vs_sbs=-0.51%
      CVRP: top1=0.486 mean_cost=18.2095 (sbs=18.2943) vs_sbs=-0.46%
      ATSP: top1=0.775 mean_cost=1.6349 (sbs=1.6735) vs_sbs=-2.31%
      OVRP: top1=0.387 mean_cost=7.4546 (sbs=7.4617) vs_sbs=-0.10%
      VRPB: top1=0.506 mean_cost=9.3435 (sbs=9.3403) vs_sbs=+0.03%
      VRPL: top1=0.300 mean_cost=12.4082 (sbs=12.4072) vs_sbs=+0.01%
     VRPTW: top1=0.433 mean_cost=17.9184 (sbs=18.6571) vs_sbs=-3.96%
    OVRPTW: top1=0.483 mean_cost=10.0494 (sbs=10.0484) vs_sbs=+0.01%
     OVRPB: top1=0.585 mean_cost=6.3183 (sbs=6.3220) vs_sbs=-0.06%
     OVRPL: top1=0.393 mean_cost=7.4330 (sbs=7.4376) vs_sbs=-0.06%
     VRPBL: top1=0.505 mean_cost=9.3678 (sbs=9.3593) vs_sbs=+0.09%
    VRPBTW: top1=0.419 mean_cost=19.0847 (sbs=19.6697) vs_sbs=-2.97%
    VRPLTW: top1=0.454 mean_cost=17.6403 (sbs=18.5091) vs_sbs=-4.69%
    OVRPBL: top1=0.567 mean_cost=6.3070 (sbs=6.3103) vs_sbs=-0.05%
   OVRPBTW: top1=0.510 mean_cost=10.5032 (sbs=10.5068) vs_sbs=-0.03%
   OVRPLTW: top1=0.500 mean_cost=10.1255 (sbs=10.1272) vs_sbs=-0.02%
   VRPBLTW: top1=0.424 mean_cost=18.9488 (sbs=19.5198) vs_sbs=-2.93%
  OVRPBLTW: top1=0.481 mean_cost=10.5439 (sbs=10.5412) vs_sbs=+0.03%
[epoch done 28] successful_updates=75600 per_problem=4200 skipped=29
ep029 step075900 loss=0.40537 ce=0.97549 grad=1.2717 lr=0.000119 samples/s=2657 elapsed=34.1m
ep029 step076200 loss=0.40669 ce=0.97931 grad=1.2550 lr=0.000119 samples/s=2566 elapsed=34.2m
ep029 step076500 loss=0.40849 ce=0.98332 grad=1.2586 lr=0.000118 samples/s=2537 elapsed=34.3m
ep029 step076800 loss=0.40742 ce=0.98101 grad=1.3078 lr=0.000118 samples/s=2525 elapsed=34.5m
ep029 step077100 loss=0.40845 ce=0.98188 grad=1.2695 lr=0.000117 samples/s=2521 elapsed=34.6m
ep029 step077400 loss=0.41346 ce=0.99476 grad=1.3089 lr=0.000116 samples/s=2514 elapsed=34.7m
ep029 step077700 loss=0.41154 ce=0.99040 grad=1.2981 lr=0.000116 samples/s=2518 elapsed=34.9m
[AMP retry] attempt=1 scale=262144->131072
ep029 step078000 loss=0.41033 ce=0.98792 grad=1.2628 lr=0.000115 samples/s=2527 elapsed=35.0m
ep029 step078300 loss=0.41113 ce=0.98977 grad=1.2985 lr=0.000115 samples/s=2535 elapsed=35.1m
[eval epoch 29 B] macro_top1=0.4746 top2=0.8111 top3=0.9184 vs_sbs=-0.971% vbs_closed=+25.98%
       TSP: top1=0.363 mean_cost=7.9143 (sbs=7.9578) vs_sbs=-0.55%
      CVRP: top1=0.468 mean_cost=18.2202 (sbs=18.2943) vs_sbs=-0.41%
      ATSP: top1=0.785 mean_cost=1.6346 (sbs=1.6735) vs_sbs=-2.33%
      OVRP: top1=0.374 mean_cost=7.4570 (sbs=7.4617) vs_sbs=-0.06%
      VRPB: top1=0.518 mean_cost=9.3377 (sbs=9.3403) vs_sbs=-0.03%
      VRPL: top1=0.302 mean_cost=12.4121 (sbs=12.4072) vs_sbs=+0.04%
     VRPTW: top1=0.413 mean_cost=17.9667 (sbs=18.6571) vs_sbs=-3.70%
    OVRPTW: top1=0.484 mean_cost=10.0447 (sbs=10.0484) vs_sbs=-0.04%
     OVRPB: top1=0.580 mean_cost=6.3182 (sbs=6.3220) vs_sbs=-0.06%
     OVRPL: top1=0.372 mean_cost=7.4366 (sbs=7.4376) vs_sbs=-0.01%
     VRPBL: top1=0.510 mean_cost=9.3644 (sbs=9.3593) vs_sbs=+0.05%
    VRPBTW: top1=0.425 mean_cost=19.0681 (sbs=19.6697) vs_sbs=-3.06%
    VRPLTW: top1=0.464 mean_cost=17.7035 (sbs=18.5091) vs_sbs=-4.35%
    OVRPBL: top1=0.564 mean_cost=6.3082 (sbs=6.3103) vs_sbs=-0.03%
   OVRPBTW: top1=0.487 mean_cost=10.5109 (sbs=10.5068) vs_sbs=+0.04%
   OVRPLTW: top1=0.498 mean_cost=10.1273 (sbs=10.1272) vs_sbs=+0.00%
   VRPBLTW: top1=0.435 mean_cost=18.9529 (sbs=19.5198) vs_sbs=-2.90%
  OVRPBLTW: top1=0.501 mean_cost=10.5314 (sbs=10.5412) vs_sbs=-0.09%
[epoch done 29] successful_updates=78300 per_problem=4350 skipped=30
ep030 step078600 loss=0.39827 ce=0.95973 grad=1.3536 lr=0.000114 samples/s=2595 elapsed=35.2m
ep030 step078900 loss=0.39946 ce=0.96424 grad=1.3330 lr=0.000113 samples/s=2587 elapsed=35.4m
ep030 step079200 loss=0.40184 ce=0.96874 grad=1.3383 lr=0.000113 samples/s=2581 elapsed=35.5m
ep030 step079500 loss=0.40607 ce=0.97782 grad=1.3525 lr=0.000112 samples/s=2583 elapsed=35.6m
ep030 step079800 loss=0.40670 ce=0.98019 grad=1.4089 lr=0.000112 samples/s=2568 elapsed=35.7m
[AMP retry] attempt=1 scale=262144->131072
ep030 step080100 loss=0.40482 ce=0.97514 grad=1.3666 lr=0.000111 samples/s=2570 elapsed=35.9m
ep030 step080400 loss=0.40326 ce=0.97250 grad=1.3740 lr=0.00011 samples/s=2572 elapsed=36.0m
ep030 step080700 loss=0.40763 ce=0.98247 grad=1.3689 lr=0.00011 samples/s=2577 elapsed=36.1m
ep030 step081000 loss=0.40764 ce=0.98049 grad=1.3644 lr=0.000109 samples/s=2579 elapsed=36.2m
[eval epoch 30 B] macro_top1=0.4739 top2=0.8126 top3=0.9213 vs_sbs=-0.989% vbs_closed=+26.74%
       TSP: top1=0.355 mean_cost=7.9164 (sbs=7.9578) vs_sbs=-0.52%
      CVRP: top1=0.464 mean_cost=18.2123 (sbs=18.2943) vs_sbs=-0.45%
      ATSP: top1=0.785 mean_cost=1.6346 (sbs=1.6735) vs_sbs=-2.33%
      OVRP: top1=0.358 mean_cost=7.4564 (sbs=7.4617) vs_sbs=-0.07%
      VRPB: top1=0.550 mean_cost=9.3310 (sbs=9.3403) vs_sbs=-0.10%
      VRPL: top1=0.307 mean_cost=12.4074 (sbs=12.4072) vs_sbs=+0.00%
     VRPTW: top1=0.418 mean_cost=17.9443 (sbs=18.6571) vs_sbs=-3.82%
    OVRPTW: top1=0.478 mean_cost=10.0475 (sbs=10.0484) vs_sbs=-0.01%
     OVRPB: top1=0.589 mean_cost=6.3167 (sbs=6.3220) vs_sbs=-0.08%
     OVRPL: top1=0.390 mean_cost=7.4330 (sbs=7.4376) vs_sbs=-0.06%
     VRPBL: top1=0.495 mean_cost=9.3716 (sbs=9.3593) vs_sbs=+0.13%
    VRPBTW: top1=0.430 mean_cost=19.0661 (sbs=19.6697) vs_sbs=-3.07%
    VRPLTW: top1=0.446 mean_cost=17.6576 (sbs=18.5091) vs_sbs=-4.60%
    OVRPBL: top1=0.561 mean_cost=6.3087 (sbs=6.3103) vs_sbs=-0.03%
   OVRPBTW: top1=0.495 mean_cost=10.5060 (sbs=10.5068) vs_sbs=-0.01%
   OVRPLTW: top1=0.494 mean_cost=10.1299 (sbs=10.1272) vs_sbs=+0.03%
   VRPBLTW: top1=0.435 mean_cost=18.9691 (sbs=19.5198) vs_sbs=-2.82%
  OVRPBLTW: top1=0.481 mean_cost=10.5406 (sbs=10.5412) vs_sbs=-0.01%
[train_eval epoch 30 B] macro_top1=0.5668 top2=0.8625 top3=0.9541 vs_sbs=-1.260% vbs_closed=+44.59%
       TSP: top1=0.453 mean_cost=7.9989 (sbs=8.0483) vs_sbs=-0.61%
      CVRP: top1=0.551 mean_cost=17.9705 (sbs=18.0705) vs_sbs=-0.55%
      ATSP: top1=0.765 mean_cost=1.6412 (sbs=1.6795) vs_sbs=-2.28%
      OVRP: top1=0.479 mean_cost=7.4426 (sbs=7.4591) vs_sbs=-0.22%
      VRPB: top1=0.638 mean_cost=9.2908 (sbs=9.3166) vs_sbs=-0.28%
      VRPL: top1=0.410 mean_cost=12.3836 (sbs=12.3957) vs_sbs=-0.10%
     VRPTW: top1=0.558 mean_cost=17.7487 (sbs=18.5949) vs_sbs=-4.55%
    OVRPTW: top1=0.597 mean_cost=10.0817 (sbs=10.1037) vs_sbs=-0.22%
     OVRPB: top1=0.647 mean_cost=6.3043 (sbs=6.3216) vs_sbs=-0.27%
     OVRPL: top1=0.475 mean_cost=7.4363 (sbs=7.4526) vs_sbs=-0.22%
     VRPBL: top1=0.631 mean_cost=9.2967 (sbs=9.3209) vs_sbs=-0.26%
    VRPBTW: top1=0.548 mean_cost=18.9741 (sbs=19.6924) vs_sbs=-3.65%
    VRPLTW: top1=0.529 mean_cost=17.7448 (sbs=18.6720) vs_sbs=-4.97%
    OVRPBL: top1=0.633 mean_cost=6.2932 (sbs=6.3079) vs_sbs=-0.23%
   OVRPBTW: top1=0.583 mean_cost=10.5576 (sbs=10.5894) vs_sbs=-0.30%
   OVRPLTW: top1=0.589 mean_cost=10.0928 (sbs=10.1136) vs_sbs=-0.21%
   VRPBLTW: top1=0.537 mean_cost=18.9782 (sbs=19.6661) vs_sbs=-3.50%
  OVRPBLTW: top1=0.579 mean_cost=10.5198 (sbs=10.5476) vs_sbs=-0.26%
[epoch done 30] successful_updates=81000 per_problem=4500 skipped=31
[AMP retry] attempt=1 scale=131072->65536
ep031 step081300 loss=0.39123 ce=0.94595 grad=1.3826 lr=0.000109 samples/s=2540 elapsed=36.6m
ep031 step081600 loss=0.39241 ce=0.94778 grad=1.4314 lr=0.000108 samples/s=2500 elapsed=36.8m
ep031 step081900 loss=0.39783 ce=0.96219 grad=1.3816 lr=0.000107 samples/s=2488 elapsed=36.9m
ep031 step082200 loss=0.39882 ce=0.96169 grad=1.4010 lr=0.000107 samples/s=2483 elapsed=37.0m
ep031 step082500 loss=0.39707 ce=0.96016 grad=1.4193 lr=0.000106 samples/s=2480 elapsed=37.1m
ep031 step082800 loss=0.40023 ce=0.96419 grad=1.4656 lr=0.000106 samples/s=2477 elapsed=37.3m
ep031 step083100 loss=0.40222 ce=0.96955 grad=1.4356 lr=0.000105 samples/s=2464 elapsed=37.4m
ep031 step083400 loss=0.40011 ce=0.96470 grad=1.4220 lr=0.000104 samples/s=2463 elapsed=37.5m
[AMP retry] attempt=1 scale=131072->65536
ep031 step083700 loss=0.40060 ce=0.96631 grad=1.4348 lr=0.000104 samples/s=2466 elapsed=37.7m
[eval epoch 31 B] macro_top1=0.4719 top2=0.8117 top3=0.9199 vs_sbs=-0.984% vbs_closed=+25.65%
       TSP: top1=0.359 mean_cost=7.9193 (sbs=7.9578) vs_sbs=-0.48%
      CVRP: top1=0.469 mean_cost=18.2101 (sbs=18.2943) vs_sbs=-0.46%
      ATSP: top1=0.785 mean_cost=1.6347 (sbs=1.6735) vs_sbs=-2.32%
      OVRP: top1=0.353 mean_cost=7.4560 (sbs=7.4617) vs_sbs=-0.08%
      VRPB: top1=0.527 mean_cost=9.3369 (sbs=9.3403) vs_sbs=-0.04%
      VRPL: top1=0.304 mean_cost=12.4096 (sbs=12.4072) vs_sbs=+0.02%
     VRPTW: top1=0.411 mean_cost=17.9517 (sbs=18.6571) vs_sbs=-3.78%
    OVRPTW: top1=0.494 mean_cost=10.0478 (sbs=10.0484) vs_sbs=-0.01%
     OVRPB: top1=0.583 mean_cost=6.3191 (sbs=6.3220) vs_sbs=-0.05%
     OVRPL: top1=0.403 mean_cost=7.4315 (sbs=7.4376) vs_sbs=-0.08%
     VRPBL: top1=0.493 mean_cost=9.3749 (sbs=9.3593) vs_sbs=+0.17%
    VRPBTW: top1=0.425 mean_cost=19.0685 (sbs=19.6697) vs_sbs=-3.06%
    VRPLTW: top1=0.447 mean_cost=17.6474 (sbs=18.5091) vs_sbs=-4.66%
    OVRPBL: top1=0.563 mean_cost=6.3082 (sbs=6.3103) vs_sbs=-0.03%
   OVRPBTW: top1=0.485 mean_cost=10.5093 (sbs=10.5068) vs_sbs=+0.02%
   OVRPLTW: top1=0.483 mean_cost=10.1310 (sbs=10.1272) vs_sbs=+0.04%
   VRPBLTW: top1=0.426 mean_cost=18.9529 (sbs=19.5198) vs_sbs=-2.90%
  OVRPBLTW: top1=0.485 mean_cost=10.5392 (sbs=10.5412) vs_sbs=-0.02%
[epoch done 31] successful_updates=83700 per_problem=4650 skipped=33
ep032 step084000 loss=0.38449 ce=0.93009 grad=1.4229 lr=0.000103 samples/s=2479 elapsed=37.8m
ep032 step084300 loss=0.38729 ce=0.93772 grad=1.4640 lr=0.000103 samples/s=2467 elapsed=37.9m
ep032 step084600 loss=0.38848 ce=0.93883 grad=1.4831 lr=0.000102 samples/s=2471 elapsed=38.1m
ep032 step084900 loss=0.39202 ce=0.94901 grad=1.4921 lr=0.000101 samples/s=2472 elapsed=38.2m
ep032 step085200 loss=0.39208 ce=0.94806 grad=1.5349 lr=0.000101 samples/s=2473 elapsed=38.3m
ep032 step085500 loss=0.39252 ce=0.94816 grad=1.5005 lr=0.0001 samples/s=2475 elapsed=38.5m
ep032 step085800 loss=0.39442 ce=0.95118 grad=1.5272 lr=9.95e-05 samples/s=2479 elapsed=38.6m
[AMP retry] attempt=1 scale=131072->65536
ep032 step086100 loss=0.39374 ce=0.95175 grad=1.5296 lr=9.89e-05 samples/s=2480 elapsed=38.7m
ep032 step086400 loss=0.39344 ce=0.94930 grad=1.5048 lr=9.83e-05 samples/s=2479 elapsed=38.9m
[eval epoch 32 B] macro_top1=0.4696 top2=0.8087 top3=0.9184 vs_sbs=-0.966% vbs_closed=+24.69%
       TSP: top1=0.360 mean_cost=7.9167 (sbs=7.9578) vs_sbs=-0.52%
      CVRP: top1=0.459 mean_cost=18.2202 (sbs=18.2943) vs_sbs=-0.40%
      ATSP: top1=0.782 mean_cost=1.6345 (sbs=1.6735) vs_sbs=-2.33%
      OVRP: top1=0.371 mean_cost=7.4556 (sbs=7.4617) vs_sbs=-0.08%
      VRPB: top1=0.530 mean_cost=9.3446 (sbs=9.3403) vs_sbs=+0.05%
      VRPL: top1=0.283 mean_cost=12.4086 (sbs=12.4072) vs_sbs=+0.01%
     VRPTW: top1=0.420 mean_cost=17.9421 (sbs=18.6571) vs_sbs=-3.83%
    OVRPTW: top1=0.482 mean_cost=10.0471 (sbs=10.0484) vs_sbs=-0.01%
     OVRPB: top1=0.566 mean_cost=6.3211 (sbs=6.3220) vs_sbs=-0.01%
     OVRPL: top1=0.387 mean_cost=7.4352 (sbs=7.4376) vs_sbs=-0.03%
     VRPBL: top1=0.505 mean_cost=9.3715 (sbs=9.3593) vs_sbs=+0.13%
    VRPBTW: top1=0.412 mean_cost=19.0984 (sbs=19.6697) vs_sbs=-2.90%
    VRPLTW: top1=0.431 mean_cost=17.6741 (sbs=18.5091) vs_sbs=-4.51%
    OVRPBL: top1=0.569 mean_cost=6.3085 (sbs=6.3103) vs_sbs=-0.03%
   OVRPBTW: top1=0.477 mean_cost=10.5149 (sbs=10.5068) vs_sbs=+0.08%
   OVRPLTW: top1=0.491 mean_cost=10.1305 (sbs=10.1272) vs_sbs=+0.03%
   VRPBLTW: top1=0.425 mean_cost=18.9477 (sbs=19.5198) vs_sbs=-2.93%
  OVRPBLTW: top1=0.503 mean_cost=10.5313 (sbs=10.5412) vs_sbs=-0.09%
[epoch done 32] successful_updates=86400 per_problem=4800 skipped=34
ep033 step086700 loss=0.37859 ce=0.91728 grad=1.4871 lr=9.77e-05 samples/s=2370 elapsed=39.0m
ep033 step087000 loss=0.38480 ce=0.93124 grad=1.5227 lr=9.71e-05 samples/s=2417 elapsed=39.1m
ep033 step087300 loss=0.38130 ce=0.92366 grad=1.5568 lr=9.65e-05 samples/s=2448 elapsed=39.3m
ep033 step087600 loss=0.38940 ce=0.94179 grad=1.6012 lr=9.58e-05 samples/s=2456 elapsed=39.4m
ep033 step087900 loss=0.38784 ce=0.93708 grad=1.5297 lr=9.52e-05 samples/s=2459 elapsed=39.5m
ep033 step088200 loss=0.38597 ce=0.93341 grad=1.5403 lr=9.46e-05 samples/s=2465 elapsed=39.7m
ep033 step088500 loss=0.38750 ce=0.93914 grad=1.5580 lr=9.4e-05 samples/s=2470 elapsed=39.8m
ep033 step088800 loss=0.38894 ce=0.94027 grad=1.5877 lr=9.34e-05 samples/s=2473 elapsed=39.9m
ep033 step089100 loss=0.38882 ce=0.94094 grad=1.5615 lr=9.28e-05 samples/s=2476 elapsed=40.0m
[eval epoch 33 B] macro_top1=0.4646 top2=0.8097 top3=0.9176 vs_sbs=-0.938% vbs_closed=+21.55%
       TSP: top1=0.349 mean_cost=7.9218 (sbs=7.9578) vs_sbs=-0.45%
      CVRP: top1=0.475 mean_cost=18.2153 (sbs=18.2943) vs_sbs=-0.43%
      ATSP: top1=0.768 mean_cost=1.6371 (sbs=1.6735) vs_sbs=-2.17%
      OVRP: top1=0.345 mean_cost=7.4603 (sbs=7.4617) vs_sbs=-0.02%
      VRPB: top1=0.521 mean_cost=9.3397 (sbs=9.3403) vs_sbs=-0.01%
      VRPL: top1=0.285 mean_cost=12.4127 (sbs=12.4072) vs_sbs=+0.04%
     VRPTW: top1=0.439 mean_cost=17.9290 (sbs=18.6571) vs_sbs=-3.90%
    OVRPTW: top1=0.491 mean_cost=10.0484 (sbs=10.0484) vs_sbs=-0.00%
     OVRPB: top1=0.560 mean_cost=6.3246 (sbs=6.3220) vs_sbs=+0.04%
     OVRPL: top1=0.384 mean_cost=7.4358 (sbs=7.4376) vs_sbs=-0.02%
     VRPBL: top1=0.494 mean_cost=9.3840 (sbs=9.3593) vs_sbs=+0.26%
    VRPBTW: top1=0.407 mean_cost=19.0914 (sbs=19.6697) vs_sbs=-2.94%
    VRPLTW: top1=0.440 mean_cost=17.6491 (sbs=18.5091) vs_sbs=-4.65%
    OVRPBL: top1=0.541 mean_cost=6.3136 (sbs=6.3103) vs_sbs=+0.05%
   OVRPBTW: top1=0.490 mean_cost=10.5132 (sbs=10.5068) vs_sbs=+0.06%
   OVRPLTW: top1=0.463 mean_cost=10.1342 (sbs=10.1272) vs_sbs=+0.07%
   VRPBLTW: top1=0.415 mean_cost=18.9742 (sbs=19.5198) vs_sbs=-2.80%
  OVRPBLTW: top1=0.495 mean_cost=10.5385 (sbs=10.5412) vs_sbs=-0.03%
[epoch done 33] successful_updates=89100 per_problem=4950 skipped=34
ep034 step089400 loss=0.37115 ce=0.90072 grad=1.5783 lr=9.22e-05 samples/s=2572 elapsed=40.2m
ep034 step089700 loss=0.37885 ce=0.91805 grad=1.5829 lr=9.16e-05 samples/s=2594 elapsed=40.3m
ep034 step090000 loss=0.37701 ce=0.91443 grad=1.5994 lr=9.1e-05 samples/s=2595 elapsed=40.4m
[AMP retry] attempt=1 scale=262144->131072
ep034 step090300 loss=0.37797 ce=0.91499 grad=1.6751 lr=9.04e-05 samples/s=2582 elapsed=40.6m
ep034 step090600 loss=0.38095 ce=0.92511 grad=1.6129 lr=8.98e-05 samples/s=2539 elapsed=40.7m
ep034 step090900 loss=0.38203 ce=0.92440 grad=1.6161 lr=8.92e-05 samples/s=2528 elapsed=40.8m
[AMP retry] attempt=1 scale=131072->65536
ep034 step091200 loss=0.38112 ce=0.92175 grad=1.5996 lr=8.86e-05 samples/s=2523 elapsed=41.0m
ep034 step091500 loss=0.38353 ce=0.92784 grad=1.6696 lr=8.8e-05 samples/s=2519 elapsed=41.1m
ep034 step091800 loss=0.38412 ce=0.93010 grad=1.6452 lr=8.74e-05 samples/s=2517 elapsed=41.2m
[eval epoch 34 B] macro_top1=0.4671 top2=0.8083 top3=0.9178 vs_sbs=-0.947% vbs_closed=+22.58%
       TSP: top1=0.358 mean_cost=7.9200 (sbs=7.9578) vs_sbs=-0.48%
      CVRP: top1=0.465 mean_cost=18.2204 (sbs=18.2943) vs_sbs=-0.40%
      ATSP: top1=0.781 mean_cost=1.6348 (sbs=1.6735) vs_sbs=-2.31%
      OVRP: top1=0.353 mean_cost=7.4569 (sbs=7.4617) vs_sbs=-0.06%
      VRPB: top1=0.537 mean_cost=9.3395 (sbs=9.3403) vs_sbs=-0.01%
      VRPL: top1=0.295 mean_cost=12.4177 (sbs=12.4072) vs_sbs=+0.08%
     VRPTW: top1=0.410 mean_cost=17.9365 (sbs=18.6571) vs_sbs=-3.86%
    OVRPTW: top1=0.480 mean_cost=10.0463 (sbs=10.0484) vs_sbs=-0.02%
     OVRPB: top1=0.586 mean_cost=6.3180 (sbs=6.3220) vs_sbs=-0.06%
     OVRPL: top1=0.381 mean_cost=7.4367 (sbs=7.4376) vs_sbs=-0.01%
     VRPBL: top1=0.505 mean_cost=9.3811 (sbs=9.3593) vs_sbs=+0.23%
    VRPBTW: top1=0.399 mean_cost=19.1154 (sbs=19.6697) vs_sbs=-2.82%
    VRPLTW: top1=0.425 mean_cost=17.6558 (sbs=18.5091) vs_sbs=-4.61%
    OVRPBL: top1=0.555 mean_cost=6.3122 (sbs=6.3103) vs_sbs=+0.03%
   OVRPBTW: top1=0.501 mean_cost=10.5106 (sbs=10.5068) vs_sbs=+0.04%
   OVRPLTW: top1=0.483 mean_cost=10.1342 (sbs=10.1272) vs_sbs=+0.07%
   VRPBLTW: top1=0.405 mean_cost=18.9666 (sbs=19.5198) vs_sbs=-2.83%
  OVRPBLTW: top1=0.488 mean_cost=10.5390 (sbs=10.5412) vs_sbs=-0.02%
[epoch done 34] successful_updates=91800 per_problem=5100 skipped=36
ep035 step092100 loss=0.36465 ce=0.88501 grad=1.5885 lr=8.68e-05 samples/s=2505 elapsed=41.4m
ep035 step092400 loss=0.37547 ce=0.91060 grad=1.7045 lr=8.62e-05 samples/s=2496 elapsed=41.5m
ep035 step092700 loss=0.37306 ce=0.90628 grad=1.6782 lr=8.56e-05 samples/s=2497 elapsed=41.6m
ep035 step093000 loss=0.37388 ce=0.90643 grad=1.6699 lr=8.5e-05 samples/s=2498 elapsed=41.7m
[AMP retry] attempt=1 scale=131072->65536
ep035 step093300 loss=0.37528 ce=0.90892 grad=1.7382 lr=8.44e-05 samples/s=2494 elapsed=41.9m
ep035 step093600 loss=0.37620 ce=0.91213 grad=1.6855 lr=8.38e-05 samples/s=2508 elapsed=42.0m
ep035 step093900 loss=0.37432 ce=0.90678 grad=1.7152 lr=8.32e-05 samples/s=2520 elapsed=42.1m
ep035 step094200 loss=0.37769 ce=0.91758 grad=1.6969 lr=8.26e-05 samples/s=2527 elapsed=42.2m
ep035 step094500 loss=0.37885 ce=0.91831 grad=1.7002 lr=8.2e-05 samples/s=2415 elapsed=42.4m
[eval epoch 35 B] macro_top1=0.4694 top2=0.8082 top3=0.9166 vs_sbs=-0.965% vbs_closed=+23.43%
       TSP: top1=0.334 mean_cost=7.9230 (sbs=7.9578) vs_sbs=-0.44%
      CVRP: top1=0.467 mean_cost=18.2177 (sbs=18.2943) vs_sbs=-0.42%
      ATSP: top1=0.787 mean_cost=1.6345 (sbs=1.6735) vs_sbs=-2.33%
      OVRP: top1=0.356 mean_cost=7.4589 (sbs=7.4617) vs_sbs=-0.04%
      VRPB: top1=0.532 mean_cost=9.3392 (sbs=9.3403) vs_sbs=-0.01%
      VRPL: top1=0.295 mean_cost=12.4174 (sbs=12.4072) vs_sbs=+0.08%
     VRPTW: top1=0.435 mean_cost=17.9252 (sbs=18.6571) vs_sbs=-3.92%
    OVRPTW: top1=0.488 mean_cost=10.0452 (sbs=10.0484) vs_sbs=-0.03%
     OVRPB: top1=0.591 mean_cost=6.3176 (sbs=6.3220) vs_sbs=-0.07%
     OVRPL: top1=0.386 mean_cost=7.4374 (sbs=7.4376) vs_sbs=-0.00%
     VRPBL: top1=0.489 mean_cost=9.3822 (sbs=9.3593) vs_sbs=+0.25%
    VRPBTW: top1=0.412 mean_cost=19.0856 (sbs=19.6697) vs_sbs=-2.97%
    VRPLTW: top1=0.441 mean_cost=17.6611 (sbs=18.5091) vs_sbs=-4.58%
    OVRPBL: top1=0.557 mean_cost=6.3105 (sbs=6.3103) vs_sbs=+0.00%
   OVRPBTW: top1=0.482 mean_cost=10.5084 (sbs=10.5068) vs_sbs=+0.02%
   OVRPLTW: top1=0.492 mean_cost=10.1270 (sbs=10.1272) vs_sbs=-0.00%
   VRPBLTW: top1=0.422 mean_cost=18.9673 (sbs=19.5198) vs_sbs=-2.83%
  OVRPBLTW: top1=0.484 mean_cost=10.5349 (sbs=10.5412) vs_sbs=-0.06%
[train_eval epoch 35 B] macro_top1=0.6080 top2=0.8779 top3=0.9620 vs_sbs=-1.339% vbs_closed=+50.76%
       TSP: top1=0.493 mean_cost=7.9993 (sbs=8.0483) vs_sbs=-0.61%
      CVRP: top1=0.583 mean_cost=17.9710 (sbs=18.0705) vs_sbs=-0.55%
      ATSP: top1=0.770 mean_cost=1.6410 (sbs=1.6795) vs_sbs=-2.29%
      OVRP: top1=0.521 mean_cost=7.4383 (sbs=7.4591) vs_sbs=-0.28%
      VRPB: top1=0.694 mean_cost=9.2809 (sbs=9.3166) vs_sbs=-0.38%
      VRPL: top1=0.469 mean_cost=12.3803 (sbs=12.3957) vs_sbs=-0.12%
     VRPTW: top1=0.585 mean_cost=17.7314 (sbs=18.5949) vs_sbs=-4.64%
    OVRPTW: top1=0.636 mean_cost=10.0736 (sbs=10.1037) vs_sbs=-0.30%
     OVRPB: top1=0.707 mean_cost=6.2955 (sbs=6.3216) vs_sbs=-0.41%
     OVRPL: top1=0.508 mean_cost=7.4344 (sbs=7.4526) vs_sbs=-0.25%
     VRPBL: top1=0.670 mean_cost=9.2896 (sbs=9.3209) vs_sbs=-0.34%
    VRPBTW: top1=0.589 mean_cost=18.9503 (sbs=19.6924) vs_sbs=-3.77%
    VRPLTW: top1=0.570 mean_cost=17.7250 (sbs=18.6720) vs_sbs=-5.07%
    OVRPBL: top1=0.687 mean_cost=6.2853 (sbs=6.3079) vs_sbs=-0.36%
   OVRPBTW: top1=0.633 mean_cost=10.5437 (sbs=10.5894) vs_sbs=-0.43%
   OVRPLTW: top1=0.627 mean_cost=10.0858 (sbs=10.1136) vs_sbs=-0.27%
   VRPBLTW: top1=0.570 mean_cost=18.9501 (sbs=19.6661) vs_sbs=-3.64%
  OVRPBLTW: top1=0.631 mean_cost=10.5062 (sbs=10.5476) vs_sbs=-0.39%
[epoch done 35] successful_updates=94500 per_problem=5250 skipped=37
ep036 step094800 loss=0.36205 ce=0.87900 grad=1.6890 lr=8.14e-05 samples/s=2575 elapsed=42.8m
ep036 step095100 loss=0.36416 ce=0.88498 grad=1.7001 lr=8.08e-05 samples/s=2577 elapsed=42.9m
ep036 step095400 loss=0.36650 ce=0.88924 grad=1.7497 lr=8.02e-05 samples/s=2575 elapsed=43.1m
ep036 step095700 loss=0.36481 ce=0.88619 grad=1.7323 lr=7.96e-05 samples/s=2578 elapsed=43.2m
[AMP retry] attempt=1 scale=131072->65536
ep036 step096000 loss=0.37003 ce=0.89711 grad=1.7740 lr=7.91e-05 samples/s=2570 elapsed=43.3m
ep036 step096300 loss=0.37089 ce=0.89969 grad=1.7330 lr=7.85e-05 samples/s=2570 elapsed=43.4m
ep036 step096600 loss=0.37012 ce=0.89934 grad=1.8009 lr=7.79e-05 samples/s=2571 elapsed=43.6m
ep036 step096900 loss=0.37373 ce=0.90700 grad=1.7523 lr=7.73e-05 samples/s=2571 elapsed=43.7m
ep036 step097200 loss=0.37108 ce=0.89999 grad=1.7725 lr=7.67e-05 samples/s=2570 elapsed=43.8m
[eval epoch 36 B] macro_top1=0.4642 top2=0.8069 top3=0.9159 vs_sbs=-0.956% vbs_closed=+22.49%
       TSP: top1=0.343 mean_cost=7.9188 (sbs=7.9578) vs_sbs=-0.49%
      CVRP: top1=0.453 mean_cost=18.2224 (sbs=18.2943) vs_sbs=-0.39%
      ATSP: top1=0.787 mean_cost=1.6345 (sbs=1.6735) vs_sbs=-2.33%
      OVRP: top1=0.353 mean_cost=7.4601 (sbs=7.4617) vs_sbs=-0.02%
      VRPB: top1=0.520 mean_cost=9.3433 (sbs=9.3403) vs_sbs=+0.03%
      VRPL: top1=0.293 mean_cost=12.4180 (sbs=12.4072) vs_sbs=+0.09%
     VRPTW: top1=0.418 mean_cost=17.9381 (sbs=18.6571) vs_sbs=-3.85%
    OVRPTW: top1=0.474 mean_cost=10.0488 (sbs=10.0484) vs_sbs=+0.00%
     OVRPB: top1=0.581 mean_cost=6.3204 (sbs=6.3220) vs_sbs=-0.03%
     OVRPL: top1=0.380 mean_cost=7.4379 (sbs=7.4376) vs_sbs=+0.00%
     VRPBL: top1=0.497 mean_cost=9.3716 (sbs=9.3593) vs_sbs=+0.13%
    VRPBTW: top1=0.413 mean_cost=19.0902 (sbs=19.6697) vs_sbs=-2.95%
    VRPLTW: top1=0.437 mean_cost=17.6458 (sbs=18.5091) vs_sbs=-4.66%
    OVRPBL: top1=0.539 mean_cost=6.3137 (sbs=6.3103) vs_sbs=+0.05%
   OVRPBTW: top1=0.485 mean_cost=10.5103 (sbs=10.5068) vs_sbs=+0.03%
   OVRPLTW: top1=0.481 mean_cost=10.1327 (sbs=10.1272) vs_sbs=+0.05%
   VRPBLTW: top1=0.417 mean_cost=18.9643 (sbs=19.5198) vs_sbs=-2.85%
  OVRPBLTW: top1=0.484 mean_cost=10.5375 (sbs=10.5412) vs_sbs=-0.04%
[epoch done 36] successful_updates=97200 per_problem=5400 skipped=38
ep037 step097500 loss=0.35713 ce=0.87009 grad=1.6998 lr=7.61e-05 samples/s=2562 elapsed=44.0m
ep037 step097800 loss=0.35723 ce=0.86856 grad=1.7889 lr=7.55e-05 samples/s=2571 elapsed=44.1m
ep037 step098100 loss=0.35975 ce=0.87606 grad=1.7944 lr=7.49e-05 samples/s=2550 elapsed=44.2m
[AMP retry] attempt=1 scale=131072->65536
ep037 step098400 loss=0.36132 ce=0.87857 grad=1.8308 lr=7.44e-05 samples/s=2559 elapsed=44.3m
ep037 step098700 loss=0.36630 ce=0.89134 grad=1.7941 lr=7.38e-05 samples/s=2564 elapsed=44.5m
ep037 step099000 loss=0.36531 ce=0.88808 grad=1.8008 lr=7.32e-05 samples/s=2565 elapsed=44.6m
ep037 step099300 loss=0.36515 ce=0.88755 grad=1.8670 lr=7.26e-05 samples/s=2568 elapsed=44.7m
ep037 step099600 loss=0.36897 ce=0.89534 grad=1.8236 lr=7.2e-05 samples/s=2568 elapsed=44.8m
ep037 step099900 loss=0.36367 ce=0.88249 grad=1.7973 lr=7.14e-05 samples/s=2570 elapsed=45.0m
[eval epoch 37 B] macro_top1=0.4648 top2=0.8037 top3=0.9147 vs_sbs=-0.930% vbs_closed=+21.03%
       TSP: top1=0.344 mean_cost=7.9204 (sbs=7.9578) vs_sbs=-0.47%
      CVRP: top1=0.468 mean_cost=18.2128 (sbs=18.2943) vs_sbs=-0.45%
      ATSP: top1=0.769 mean_cost=1.6374 (sbs=1.6735) vs_sbs=-2.16%
      OVRP: top1=0.352 mean_cost=7.4591 (sbs=7.4617) vs_sbs=-0.03%
      VRPB: top1=0.534 mean_cost=9.3406 (sbs=9.3403) vs_sbs=+0.00%
      VRPL: top1=0.271 mean_cost=12.4313 (sbs=12.4072) vs_sbs=+0.19%
     VRPTW: top1=0.420 mean_cost=17.9409 (sbs=18.6571) vs_sbs=-3.84%
    OVRPTW: top1=0.495 mean_cost=10.0457 (sbs=10.0484) vs_sbs=-0.03%
     OVRPB: top1=0.573 mean_cost=6.3221 (sbs=6.3220) vs_sbs=+0.00%
     OVRPL: top1=0.370 mean_cost=7.4393 (sbs=7.4376) vs_sbs=+0.02%
     VRPBL: top1=0.502 mean_cost=9.3806 (sbs=9.3593) vs_sbs=+0.23%
    VRPBTW: top1=0.400 mean_cost=19.1046 (sbs=19.6697) vs_sbs=-2.87%
    VRPLTW: top1=0.429 mean_cost=17.6654 (sbs=18.5091) vs_sbs=-4.56%
    OVRPBL: top1=0.550 mean_cost=6.3116 (sbs=6.3103) vs_sbs=+0.02%
   OVRPBTW: top1=0.480 mean_cost=10.5111 (sbs=10.5068) vs_sbs=+0.04%
   OVRPLTW: top1=0.502 mean_cost=10.1267 (sbs=10.1272) vs_sbs=-0.01%
   VRPBLTW: top1=0.402 mean_cost=18.9743 (sbs=19.5198) vs_sbs=-2.79%
  OVRPBLTW: top1=0.506 mean_cost=10.5354 (sbs=10.5412) vs_sbs=-0.05%
[epoch done 37] successful_updates=99900 per_problem=5550 skipped=39
ep038 step100200 loss=0.34919 ce=0.84944 grad=1.7544 lr=7.09e-05 samples/s=2448 elapsed=45.1m
ep038 step100500 loss=0.35716 ce=0.87013 grad=1.8702 lr=7.03e-05 samples/s=2468 elapsed=45.2m
[AMP retry] attempt=1 scale=131072->65536
ep038 step100800 loss=0.35048 ce=0.85434 grad=1.8685 lr=6.97e-05 samples/s=2472 elapsed=45.4m
ep038 step101100 loss=0.35541 ce=0.86466 grad=1.8310 lr=6.91e-05 samples/s=2470 elapsed=45.5m
ep038 step101400 loss=0.36126 ce=0.87871 grad=1.9274 lr=6.86e-05 samples/s=2476 elapsed=45.6m
ep038 step101700 loss=0.35748 ce=0.86710 grad=1.8196 lr=6.8e-05 samples/s=2475 elapsed=45.8m
ep038 step102000 loss=0.35822 ce=0.87139 grad=1.9302 lr=6.74e-05 samples/s=2461 elapsed=45.9m
ep038 step102300 loss=0.36387 ce=0.88393 grad=1.9136 lr=6.69e-05 samples/s=2462 elapsed=46.0m
ep038 step102600 loss=0.35737 ce=0.86943 grad=1.9246 lr=6.63e-05 samples/s=2463 elapsed=46.1m
[eval epoch 38 B] macro_top1=0.4655 top2=0.8044 top3=0.9151 vs_sbs=-0.934% vbs_closed=+20.87%
       TSP: top1=0.345 mean_cost=7.9209 (sbs=7.9578) vs_sbs=-0.46%
      CVRP: top1=0.446 mean_cost=18.2231 (sbs=18.2943) vs_sbs=-0.39%
      ATSP: top1=0.767 mean_cost=1.6369 (sbs=1.6735) vs_sbs=-2.19%
      OVRP: top1=0.355 mean_cost=7.4578 (sbs=7.4617) vs_sbs=-0.05%
      VRPB: top1=0.521 mean_cost=9.3444 (sbs=9.3403) vs_sbs=+0.04%
      VRPL: top1=0.289 mean_cost=12.4213 (sbs=12.4072) vs_sbs=+0.11%
     VRPTW: top1=0.427 mean_cost=17.9285 (sbs=18.6571) vs_sbs=-3.91%
    OVRPTW: top1=0.491 mean_cost=10.0473 (sbs=10.0484) vs_sbs=-0.01%
     OVRPB: top1=0.569 mean_cost=6.3224 (sbs=6.3220) vs_sbs=+0.01%
     OVRPL: top1=0.385 mean_cost=7.4393 (sbs=7.4376) vs_sbs=+0.02%
     VRPBL: top1=0.505 mean_cost=9.3823 (sbs=9.3593) vs_sbs=+0.25%
    VRPBTW: top1=0.407 mean_cost=19.0934 (sbs=19.6697) vs_sbs=-2.93%
    VRPLTW: top1=0.427 mean_cost=17.6614 (sbs=18.5091) vs_sbs=-4.58%
    OVRPBL: top1=0.555 mean_cost=6.3111 (sbs=6.3103) vs_sbs=+0.01%
   OVRPBTW: top1=0.489 mean_cost=10.5177 (sbs=10.5068) vs_sbs=+0.10%
   OVRPLTW: top1=0.489 mean_cost=10.1283 (sbs=10.1272) vs_sbs=+0.01%
   VRPBLTW: top1=0.420 mean_cost=18.9646 (sbs=19.5198) vs_sbs=-2.84%
  OVRPBLTW: top1=0.492 mean_cost=10.5402 (sbs=10.5412) vs_sbs=-0.01%
[epoch done 38] successful_updates=102600 per_problem=5700 skipped=40
ep039 step102900 loss=0.34365 ce=0.83806 grad=1.8167 lr=6.57e-05 samples/s=2559 elapsed=46.3m
ep039 step103200 loss=0.35043 ce=0.85437 grad=1.9469 lr=6.52e-05 samples/s=2579 elapsed=46.4m
ep039 step103500 loss=0.34855 ce=0.84868 grad=1.9389 lr=6.46e-05 samples/s=2582 elapsed=46.5m
[AMP retry] attempt=1 scale=131072->65536
ep039 step103800 loss=0.34856 ce=0.84933 grad=1.8951 lr=6.4e-05 samples/s=2590 elapsed=46.7m
ep039 step104100 loss=0.35380 ce=0.86102 grad=1.9299 lr=6.35e-05 samples/s=2590 elapsed=46.8m
ep039 step104400 loss=0.35097 ce=0.85437 grad=1.9374 lr=6.29e-05 samples/s=2581 elapsed=46.9m
ep039 step104700 loss=0.35254 ce=0.85777 grad=1.9656 lr=6.23e-05 samples/s=2581 elapsed=47.0m
ep039 step105000 loss=0.35429 ce=0.86450 grad=1.9592 lr=6.18e-05 samples/s=2580 elapsed=47.2m
ep039 step105300 loss=0.35216 ce=0.85618 grad=1.9174 lr=6.12e-05 samples/s=2579 elapsed=47.3m
[eval epoch 39 B] macro_top1=0.4669 top2=0.8062 top3=0.9138 vs_sbs=-0.956% vbs_closed=+23.75%
       TSP: top1=0.336 mean_cost=7.9193 (sbs=7.9578) vs_sbs=-0.48%
      CVRP: top1=0.456 mean_cost=18.2176 (sbs=18.2943) vs_sbs=-0.42%
      ATSP: top1=0.783 mean_cost=1.6347 (sbs=1.6735) vs_sbs=-2.32%
      OVRP: top1=0.353 mean_cost=7.4588 (sbs=7.4617) vs_sbs=-0.04%
      VRPB: top1=0.522 mean_cost=9.3413 (sbs=9.3403) vs_sbs=+0.01%
      VRPL: top1=0.302 mean_cost=12.4216 (sbs=12.4072) vs_sbs=+0.12%
     VRPTW: top1=0.409 mean_cost=17.9530 (sbs=18.6571) vs_sbs=-3.77%
    OVRPTW: top1=0.485 mean_cost=10.0469 (sbs=10.0484) vs_sbs=-0.01%
     OVRPB: top1=0.583 mean_cost=6.3184 (sbs=6.3220) vs_sbs=-0.06%
     OVRPL: top1=0.373 mean_cost=7.4379 (sbs=7.4376) vs_sbs=+0.00%
     VRPBL: top1=0.513 mean_cost=9.3648 (sbs=9.3593) vs_sbs=+0.06%
    VRPBTW: top1=0.422 mean_cost=19.0869 (sbs=19.6697) vs_sbs=-2.96%
    VRPLTW: top1=0.426 mean_cost=17.6717 (sbs=18.5091) vs_sbs=-4.52%
    OVRPBL: top1=0.551 mean_cost=6.3109 (sbs=6.3103) vs_sbs=+0.01%
   OVRPBTW: top1=0.473 mean_cost=10.5167 (sbs=10.5068) vs_sbs=+0.09%
   OVRPLTW: top1=0.506 mean_cost=10.1226 (sbs=10.1272) vs_sbs=-0.05%
   VRPBLTW: top1=0.416 mean_cost=18.9686 (sbs=19.5198) vs_sbs=-2.82%
  OVRPBLTW: top1=0.496 mean_cost=10.5370 (sbs=10.5412) vs_sbs=-0.04%
[epoch done 39] successful_updates=105300 per_problem=5850 skipped=41
[AMP retry] attempt=1 scale=131072->65536
ep040 step105600 loss=0.34393 ce=0.83720 grad=1.8753 lr=6.07e-05 samples/s=2570 elapsed=47.4m
ep040 step105900 loss=0.34416 ce=0.83955 grad=2.0052 lr=6.01e-05 samples/s=2459 elapsed=47.6m
ep040 step106200 loss=0.34079 ce=0.82930 grad=1.9460 lr=5.96e-05 samples/s=2472 elapsed=47.7m
ep040 step106500 loss=0.34518 ce=0.84218 grad=1.9591 lr=5.9e-05 samples/s=2461 elapsed=47.8m
ep040 step106800 loss=0.34541 ce=0.84096 grad=2.0339 lr=5.85e-05 samples/s=2462 elapsed=48.0m
ep040 step107100 loss=0.34492 ce=0.84197 grad=2.0390 lr=5.79e-05 samples/s=2464 elapsed=48.1m
ep040 step107400 loss=0.34487 ce=0.84073 grad=1.9923 lr=5.74e-05 samples/s=2468 elapsed=48.2m
[AMP retry] attempt=1 scale=131072->65536
ep040 step107700 loss=0.34992 ce=0.85273 grad=2.0144 lr=5.68e-05 samples/s=2471 elapsed=48.3m
ep040 step108000 loss=0.34925 ce=0.85126 grad=1.9820 lr=5.63e-05 samples/s=2473 elapsed=48.5m
[eval epoch 40 B] macro_top1=0.4646 top2=0.8036 top3=0.9139 vs_sbs=-0.928% vbs_closed=+21.77%
       TSP: top1=0.348 mean_cost=7.9203 (sbs=7.9578) vs_sbs=-0.47%
      CVRP: top1=0.458 mean_cost=18.2255 (sbs=18.2943) vs_sbs=-0.38%
      ATSP: top1=0.785 mean_cost=1.6349 (sbs=1.6735) vs_sbs=-2.31%
      OVRP: top1=0.352 mean_cost=7.4587 (sbs=7.4617) vs_sbs=-0.04%
      VRPB: top1=0.516 mean_cost=9.3427 (sbs=9.3403) vs_sbs=+0.03%
      VRPL: top1=0.283 mean_cost=12.4192 (sbs=12.4072) vs_sbs=+0.10%
     VRPTW: top1=0.426 mean_cost=17.9452 (sbs=18.6571) vs_sbs=-3.82%
    OVRPTW: top1=0.483 mean_cost=10.0468 (sbs=10.0484) vs_sbs=-0.02%
     OVRPB: top1=0.572 mean_cost=6.3218 (sbs=6.3220) vs_sbs=-0.00%
     OVRPL: top1=0.384 mean_cost=7.4362 (sbs=7.4376) vs_sbs=-0.02%
     VRPBL: top1=0.506 mean_cost=9.3727 (sbs=9.3593) vs_sbs=+0.14%
    VRPBTW: top1=0.396 mean_cost=19.1249 (sbs=19.6697) vs_sbs=-2.77%
    VRPLTW: top1=0.434 mean_cost=17.6633 (sbs=18.5091) vs_sbs=-4.57%
    OVRPBL: top1=0.549 mean_cost=6.3133 (sbs=6.3103) vs_sbs=+0.05%
   OVRPBTW: top1=0.481 mean_cost=10.5209 (sbs=10.5068) vs_sbs=+0.13%
   OVRPLTW: top1=0.504 mean_cost=10.1281 (sbs=10.1272) vs_sbs=+0.01%
   VRPBLTW: top1=0.403 mean_cost=18.9843 (sbs=19.5198) vs_sbs=-2.74%
  OVRPBLTW: top1=0.483 mean_cost=10.5386 (sbs=10.5412) vs_sbs=-0.02%
[train_eval epoch 40 B] macro_top1=0.6503 top2=0.8935 top3=0.9699 vs_sbs=-1.422% vbs_closed=+57.03%
       TSP: top1=0.538 mean_cost=7.9951 (sbs=8.0483) vs_sbs=-0.66%
      CVRP: top1=0.630 mean_cost=17.9620 (sbs=18.0705) vs_sbs=-0.60%
      ATSP: top1=0.767 mean_cost=1.6413 (sbs=1.6795) vs_sbs=-2.27%
      OVRP: top1=0.581 mean_cost=7.4335 (sbs=7.4591) vs_sbs=-0.34%
      VRPB: top1=0.724 mean_cost=9.2758 (sbs=9.3166) vs_sbs=-0.44%
      VRPL: top1=0.511 mean_cost=12.3758 (sbs=12.3957) vs_sbs=-0.16%
     VRPTW: top1=0.637 mean_cost=17.7063 (sbs=18.5949) vs_sbs=-4.78%
    OVRPTW: top1=0.692 mean_cost=10.0649 (sbs=10.1037) vs_sbs=-0.38%
     OVRPB: top1=0.751 mean_cost=6.2893 (sbs=6.3216) vs_sbs=-0.51%
     OVRPL: top1=0.559 mean_cost=7.4289 (sbs=7.4526) vs_sbs=-0.32%
     VRPBL: top1=0.709 mean_cost=9.2828 (sbs=9.3209) vs_sbs=-0.41%
    VRPBTW: top1=0.634 mean_cost=18.9217 (sbs=19.6924) vs_sbs=-3.91%
    VRPLTW: top1=0.608 mean_cost=17.7026 (sbs=18.6720) vs_sbs=-5.19%
    OVRPBL: top1=0.723 mean_cost=6.2798 (sbs=6.3079) vs_sbs=-0.45%
   OVRPBTW: top1=0.677 mean_cost=10.5341 (sbs=10.5894) vs_sbs=-0.52%
   OVRPLTW: top1=0.677 mean_cost=10.0781 (sbs=10.1136) vs_sbs=-0.35%
   VRPBLTW: top1=0.618 mean_cost=18.9194 (sbs=19.6661) vs_sbs=-3.80%
  OVRPBLTW: top1=0.670 mean_cost=10.4955 (sbs=10.5476) vs_sbs=-0.49%
[epoch done 40] successful_updates=108000 per_problem=6000 skipped=43
ep041 step108300 loss=0.33818 ce=0.82436 grad=2.0021 lr=5.58e-05 samples/s=2474 elapsed=48.9m
ep041 step108600 loss=0.33838 ce=0.82663 grad=1.9863 lr=5.52e-05 samples/s=2480 elapsed=49.0m
ep041 step108900 loss=0.34141 ce=0.83365 grad=2.0386 lr=5.47e-05 samples/s=2494 elapsed=49.1m
ep041 step109200 loss=0.34168 ce=0.83378 grad=2.0601 lr=5.41e-05 samples/s=2472 elapsed=49.3m
ep041 step109500 loss=0.34064 ce=0.83024 grad=2.0451 lr=5.36e-05 samples/s=2497 elapsed=49.4m
ep041 step109800 loss=0.34193 ce=0.83289 grad=2.0334 lr=5.31e-05 samples/s=2511 elapsed=49.5m
[AMP retry] attempt=1 scale=131072->65536
ep041 step110100 loss=0.34135 ce=0.83289 grad=1.9773 lr=5.26e-05 samples/s=2522 elapsed=49.6m
ep041 step110400 loss=0.34122 ce=0.83056 grad=2.0590 lr=5.2e-05 samples/s=2526 elapsed=49.7m
ep041 step110700 loss=0.34634 ce=0.84340 grad=2.1095 lr=5.15e-05 samples/s=2529 elapsed=49.9m
[eval epoch 41 B] macro_top1=0.4646 top2=0.8027 top3=0.9122 vs_sbs=-0.927% vbs_closed=+21.33%
       TSP: top1=0.334 mean_cost=7.9229 (sbs=7.9578) vs_sbs=-0.44%
      CVRP: top1=0.453 mean_cost=18.2195 (sbs=18.2943) vs_sbs=-0.41%
      ATSP: top1=0.783 mean_cost=1.6346 (sbs=1.6735) vs_sbs=-2.32%
      OVRP: top1=0.359 mean_cost=7.4580 (sbs=7.4617) vs_sbs=-0.05%
      VRPB: top1=0.516 mean_cost=9.3451 (sbs=9.3403) vs_sbs=+0.05%
      VRPL: top1=0.287 mean_cost=12.4208 (sbs=12.4072) vs_sbs=+0.11%
     VRPTW: top1=0.423 mean_cost=17.9545 (sbs=18.6571) vs_sbs=-3.77%
    OVRPTW: top1=0.492 mean_cost=10.0487 (sbs=10.0484) vs_sbs=+0.00%
     OVRPB: top1=0.587 mean_cost=6.3188 (sbs=6.3220) vs_sbs=-0.05%
     OVRPL: top1=0.392 mean_cost=7.4356 (sbs=7.4376) vs_sbs=-0.03%
     VRPBL: top1=0.490 mean_cost=9.3816 (sbs=9.3593) vs_sbs=+0.24%
    VRPBTW: top1=0.396 mean_cost=19.1102 (sbs=19.6697) vs_sbs=-2.84%
    VRPLTW: top1=0.435 mean_cost=17.6597 (sbs=18.5091) vs_sbs=-4.59%
    OVRPBL: top1=0.544 mean_cost=6.3103 (sbs=6.3103) vs_sbs=+0.00%
   OVRPBTW: top1=0.485 mean_cost=10.5178 (sbs=10.5068) vs_sbs=+0.11%
   OVRPLTW: top1=0.478 mean_cost=10.1308 (sbs=10.1272) vs_sbs=+0.04%
   VRPBLTW: top1=0.401 mean_cost=18.9927 (sbs=19.5198) vs_sbs=-2.70%
  OVRPBLTW: top1=0.507 mean_cost=10.5383 (sbs=10.5412) vs_sbs=-0.03%
[epoch done 41] successful_updates=110700 per_problem=6150 skipped=44
ep042 step111000 loss=0.32953 ce=0.80342 grad=2.0037 lr=5.1e-05 samples/s=2583 elapsed=50.0m
ep042 step111300 loss=0.33322 ce=0.81326 grad=2.0292 lr=5.05e-05 samples/s=2532 elapsed=50.2m
ep042 step111600 loss=0.33538 ce=0.81858 grad=2.0730 lr=4.99e-05 samples/s=2515 elapsed=50.3m
ep042 step111900 loss=0.33289 ce=0.81329 grad=2.0817 lr=4.94e-05 samples/s=2506 elapsed=50.4m
[AMP retry] attempt=1 scale=131072->65536
ep042 step112200 loss=0.33894 ce=0.82723 grad=2.0861 lr=4.89e-05 samples/s=2497 elapsed=50.5m
ep042 step112500 loss=0.33958 ce=0.82872 grad=2.0636 lr=4.84e-05 samples/s=2496 elapsed=50.7m
ep042 step112800 loss=0.33884 ce=0.82686 grad=2.0591 lr=4.79e-05 samples/s=2484 elapsed=50.8m
ep042 step113100 loss=0.33633 ce=0.82075 grad=2.1133 lr=4.74e-05 samples/s=2371 elapsed=51.0m
ep042 step113400 loss=0.33669 ce=0.82184 grad=2.1040 lr=4.69e-05 samples/s=2390 elapsed=51.1m
[eval epoch 42 B] macro_top1=0.4616 top2=0.8016 top3=0.9136 vs_sbs=-0.928% vbs_closed=+21.66%
       TSP: top1=0.338 mean_cost=7.9225 (sbs=7.9578) vs_sbs=-0.44%
      CVRP: top1=0.460 mean_cost=18.2218 (sbs=18.2943) vs_sbs=-0.40%
      ATSP: top1=0.780 mean_cost=1.6346 (sbs=1.6735) vs_sbs=-2.32%
      OVRP: top1=0.348 mean_cost=7.4591 (sbs=7.4617) vs_sbs=-0.03%
      VRPB: top1=0.525 mean_cost=9.3395 (sbs=9.3403) vs_sbs=-0.01%
      VRPL: top1=0.291 mean_cost=12.4188 (sbs=12.4072) vs_sbs=+0.09%
     VRPTW: top1=0.420 mean_cost=17.9458 (sbs=18.6571) vs_sbs=-3.81%
    OVRPTW: top1=0.478 mean_cost=10.0475 (sbs=10.0484) vs_sbs=-0.01%
     OVRPB: top1=0.563 mean_cost=6.3218 (sbs=6.3220) vs_sbs=-0.00%
     OVRPL: top1=0.378 mean_cost=7.4382 (sbs=7.4376) vs_sbs=+0.01%
     VRPBL: top1=0.500 mean_cost=9.3815 (sbs=9.3593) vs_sbs=+0.24%
    VRPBTW: top1=0.399 mean_cost=19.1194 (sbs=19.6697) vs_sbs=-2.80%
    VRPLTW: top1=0.426 mean_cost=17.6662 (sbs=18.5091) vs_sbs=-4.55%
    OVRPBL: top1=0.541 mean_cost=6.3118 (sbs=6.3103) vs_sbs=+0.02%
   OVRPBTW: top1=0.469 mean_cost=10.5161 (sbs=10.5068) vs_sbs=+0.09%
   OVRPLTW: top1=0.496 mean_cost=10.1264 (sbs=10.1272) vs_sbs=-0.01%
   VRPBLTW: top1=0.399 mean_cost=18.9898 (sbs=19.5198) vs_sbs=-2.72%
  OVRPBLTW: top1=0.497 mean_cost=10.5359 (sbs=10.5412) vs_sbs=-0.05%
[epoch done 42] successful_updates=113400 per_problem=6300 skipped=45
ep043 step113700 loss=0.32561 ce=0.79595 grad=2.0425 lr=4.63e-05 samples/s=2584 elapsed=51.3m
ep043 step114000 loss=0.33287 ce=0.81365 grad=2.1169 lr=4.58e-05 samples/s=2584 elapsed=51.4m
[AMP retry] attempt=1 scale=131072->65536
ep043 step114300 loss=0.32941 ce=0.80439 grad=2.1116 lr=4.53e-05 samples/s=2584 elapsed=51.5m
ep043 step114600 loss=0.33240 ce=0.81231 grad=2.1264 lr=4.48e-05 samples/s=2581 elapsed=51.6m
ep043 step114900 loss=0.33063 ce=0.80818 grad=2.1591 lr=4.43e-05 samples/s=2582 elapsed=51.7m
ep043 step115200 loss=0.33197 ce=0.81068 grad=2.1013 lr=4.38e-05 samples/s=2588 elapsed=51.9m
ep043 step115500 loss=0.33145 ce=0.81030 grad=2.1684 lr=4.34e-05 samples/s=2590 elapsed=52.0m
ep043 step115800 loss=0.33806 ce=0.82523 grad=2.1467 lr=4.29e-05 samples/s=2592 elapsed=52.1m
ep043 step116100 loss=0.33316 ce=0.81375 grad=2.0858 lr=4.24e-05 samples/s=2592 elapsed=52.2m
[eval epoch 43 B] macro_top1=0.4629 top2=0.8021 top3=0.9122 vs_sbs=-0.921% vbs_closed=+20.73%
       TSP: top1=0.329 mean_cost=7.9213 (sbs=7.9578) vs_sbs=-0.46%
      CVRP: top1=0.458 mean_cost=18.2227 (sbs=18.2943) vs_sbs=-0.39%
      ATSP: top1=0.778 mean_cost=1.6351 (sbs=1.6735) vs_sbs=-2.30%
      OVRP: top1=0.351 mean_cost=7.4593 (sbs=7.4617) vs_sbs=-0.03%
      VRPB: top1=0.521 mean_cost=9.3456 (sbs=9.3403) vs_sbs=+0.06%
      VRPL: top1=0.274 mean_cost=12.4224 (sbs=12.4072) vs_sbs=+0.12%
     VRPTW: top1=0.426 mean_cost=17.9534 (sbs=18.6571) vs_sbs=-3.77%
    OVRPTW: top1=0.487 mean_cost=10.0489 (sbs=10.0484) vs_sbs=+0.00%
     OVRPB: top1=0.580 mean_cost=6.3196 (sbs=6.3220) vs_sbs=-0.04%
     OVRPL: top1=0.375 mean_cost=7.4375 (sbs=7.4376) vs_sbs=-0.00%
     VRPBL: top1=0.507 mean_cost=9.3797 (sbs=9.3593) vs_sbs=+0.22%
    VRPBTW: top1=0.401 mean_cost=19.1225 (sbs=19.6697) vs_sbs=-2.78%
    VRPLTW: top1=0.424 mean_cost=17.6704 (sbs=18.5091) vs_sbs=-4.53%
    OVRPBL: top1=0.554 mean_cost=6.3120 (sbs=6.3103) vs_sbs=+0.03%
   OVRPBTW: top1=0.472 mean_cost=10.5212 (sbs=10.5068) vs_sbs=+0.14%
   OVRPLTW: top1=0.487 mean_cost=10.1306 (sbs=10.1272) vs_sbs=+0.03%
   VRPBLTW: top1=0.404 mean_cost=18.9703 (sbs=19.5198) vs_sbs=-2.82%
  OVRPBLTW: top1=0.505 mean_cost=10.5352 (sbs=10.5412) vs_sbs=-0.06%
[epoch done 43] successful_updates=116100 per_problem=6450 skipped=46
[AMP retry] attempt=1 scale=131072->65536
ep044 step116400 loss=0.31829 ce=0.77799 grad=2.0443 lr=4.19e-05 samples/s=2583 elapsed=52.4m
ep044 step116700 loss=0.32724 ce=0.80058 grad=2.1277 lr=4.14e-05 samples/s=2588 elapsed=52.5m
ep044 step117000 loss=0.32416 ce=0.79225 grad=2.1880 lr=4.09e-05 samples/s=2579 elapsed=52.6m
ep044 step117300 loss=0.32457 ce=0.79357 grad=2.1387 lr=4.04e-05 samples/s=2546 elapsed=52.8m
ep044 step117600 loss=0.33256 ce=0.81213 grad=2.1538 lr=4e-05 samples/s=2539 elapsed=52.9m
[AMP retry] attempt=1 scale=65536->32768
ep044 step117900 loss=0.32919 ce=0.80385 grad=2.1735 lr=3.95e-05 samples/s=2545 elapsed=53.0m
ep044 step118200 loss=0.32680 ce=0.79821 grad=2.1726 lr=3.9e-05 samples/s=2556 elapsed=53.1m
ep044 step118500 loss=0.33034 ce=0.80794 grad=2.1625 lr=3.85e-05 samples/s=2556 elapsed=53.3m
ep044 step118800 loss=0.32884 ce=0.80318 grad=2.2231 lr=3.81e-05 samples/s=2561 elapsed=53.4m
[eval epoch 44 B] macro_top1=0.4626 top2=0.8019 top3=0.9116 vs_sbs=-0.914% vbs_closed=+21.30%
       TSP: top1=0.334 mean_cost=7.9219 (sbs=7.9578) vs_sbs=-0.45%
      CVRP: top1=0.456 mean_cost=18.2220 (sbs=18.2943) vs_sbs=-0.40%
      ATSP: top1=0.784 mean_cost=1.6345 (sbs=1.6735) vs_sbs=-2.33%
      OVRP: top1=0.340 mean_cost=7.4590 (sbs=7.4617) vs_sbs=-0.04%
      VRPB: top1=0.520 mean_cost=9.3417 (sbs=9.3403) vs_sbs=+0.01%
      VRPL: top1=0.288 mean_cost=12.4176 (sbs=12.4072) vs_sbs=+0.08%
     VRPTW: top1=0.414 mean_cost=17.9690 (sbs=18.6571) vs_sbs=-3.69%
    OVRPTW: top1=0.493 mean_cost=10.0444 (sbs=10.0484) vs_sbs=-0.04%
     OVRPB: top1=0.562 mean_cost=6.3249 (sbs=6.3220) vs_sbs=+0.05%
     OVRPL: top1=0.387 mean_cost=7.4370 (sbs=7.4376) vs_sbs=-0.01%
     VRPBL: top1=0.508 mean_cost=9.3767 (sbs=9.3593) vs_sbs=+0.19%
    VRPBTW: top1=0.388 mean_cost=19.1297 (sbs=19.6697) vs_sbs=-2.75%
    VRPLTW: top1=0.443 mean_cost=17.6720 (sbs=18.5091) vs_sbs=-4.52%
    OVRPBL: top1=0.543 mean_cost=6.3141 (sbs=6.3103) vs_sbs=+0.06%
   OVRPBTW: top1=0.478 mean_cost=10.5191 (sbs=10.5068) vs_sbs=+0.12%
   OVRPLTW: top1=0.492 mean_cost=10.1278 (sbs=10.1272) vs_sbs=+0.01%
   VRPBLTW: top1=0.400 mean_cost=18.9897 (sbs=19.5198) vs_sbs=-2.72%
  OVRPBLTW: top1=0.497 mean_cost=10.5387 (sbs=10.5412) vs_sbs=-0.02%
[epoch done 44] successful_updates=118800 per_problem=6600 skipped=48
ep045 step119100 loss=0.31922 ce=0.77988 grad=2.1271 lr=3.76e-05 samples/s=2590 elapsed=53.5m
ep045 step119400 loss=0.31930 ce=0.78121 grad=2.1531 lr=3.71e-05 samples/s=2591 elapsed=53.7m
ep045 step119700 loss=0.32131 ce=0.78622 grad=2.2095 lr=3.67e-05 samples/s=2597 elapsed=53.8m
ep045 step120000 loss=0.32233 ce=0.78885 grad=2.1822 lr=3.62e-05 samples/s=2596 elapsed=53.9m
ep045 step120300 loss=0.32225 ce=0.78804 grad=2.1338 lr=3.58e-05 samples/s=2602 elapsed=54.0m
ep045 step120600 loss=0.32669 ce=0.79880 grad=2.2135 lr=3.53e-05 samples/s=2599 elapsed=54.2m
ep045 step120900 loss=0.32384 ce=0.79184 grad=2.2392 lr=3.48e-05 samples/s=2598 elapsed=54.3m
ep045 step121200 loss=0.32675 ce=0.79770 grad=2.2429 lr=3.44e-05 samples/s=2582 elapsed=54.4m
ep045 step121500 loss=0.32766 ce=0.80148 grad=2.1905 lr=3.39e-05 samples/s=2582 elapsed=54.5m
[eval epoch 45 B] macro_top1=0.4632 top2=0.7996 top3=0.9114 vs_sbs=-0.931% vbs_closed=+21.40%
       TSP: top1=0.340 mean_cost=7.9224 (sbs=7.9578) vs_sbs=-0.45%
      CVRP: top1=0.451 mean_cost=18.2205 (sbs=18.2943) vs_sbs=-0.40%
      ATSP: top1=0.789 mean_cost=1.6343 (sbs=1.6735) vs_sbs=-2.35%
      OVRP: top1=0.354 mean_cost=7.4575 (sbs=7.4617) vs_sbs=-0.06%
      VRPB: top1=0.512 mean_cost=9.3436 (sbs=9.3403) vs_sbs=+0.04%
      VRPL: top1=0.271 mean_cost=12.4224 (sbs=12.4072) vs_sbs=+0.12%
     VRPTW: top1=0.426 mean_cost=17.9451 (sbs=18.6571) vs_sbs=-3.82%
    OVRPTW: top1=0.469 mean_cost=10.0522 (sbs=10.0484) vs_sbs=+0.04%
     OVRPB: top1=0.583 mean_cost=6.3197 (sbs=6.3220) vs_sbs=-0.04%
     OVRPL: top1=0.367 mean_cost=7.4379 (sbs=7.4376) vs_sbs=+0.00%
     VRPBL: top1=0.518 mean_cost=9.3766 (sbs=9.3593) vs_sbs=+0.19%
    VRPBTW: top1=0.405 mean_cost=19.1097 (sbs=19.6697) vs_sbs=-2.85%
    VRPLTW: top1=0.428 mean_cost=17.6671 (sbs=18.5091) vs_sbs=-4.55%
    OVRPBL: top1=0.551 mean_cost=6.3113 (sbs=6.3103) vs_sbs=+0.02%
   OVRPBTW: top1=0.489 mean_cost=10.5163 (sbs=10.5068) vs_sbs=+0.09%
   OVRPLTW: top1=0.491 mean_cost=10.1274 (sbs=10.1272) vs_sbs=+0.00%
   VRPBLTW: top1=0.409 mean_cost=18.9808 (sbs=19.5198) vs_sbs=-2.76%
  OVRPBLTW: top1=0.484 mean_cost=10.5415 (sbs=10.5412) vs_sbs=+0.00%
[train_eval epoch 45 B] macro_top1=0.6772 top2=0.9032 top3=0.9736 vs_sbs=-1.476% vbs_closed=+61.09%
       TSP: top1=0.563 mean_cost=7.9917 (sbs=8.0483) vs_sbs=-0.70%
      CVRP: top1=0.662 mean_cost=17.9532 (sbs=18.0705) vs_sbs=-0.65%
      ATSP: top1=0.770 mean_cost=1.6410 (sbs=1.6795) vs_sbs=-2.29%
      OVRP: top1=0.620 mean_cost=7.4303 (sbs=7.4591) vs_sbs=-0.39%
      VRPB: top1=0.746 mean_cost=9.2729 (sbs=9.3166) vs_sbs=-0.47%
      VRPL: top1=0.552 mean_cost=12.3724 (sbs=12.3957) vs_sbs=-0.19%
     VRPTW: top1=0.666 mean_cost=17.6895 (sbs=18.5949) vs_sbs=-4.87%
    OVRPTW: top1=0.719 mean_cost=10.0591 (sbs=10.1037) vs_sbs=-0.44%
     OVRPB: top1=0.777 mean_cost=6.2858 (sbs=6.3216) vs_sbs=-0.57%
     OVRPL: top1=0.596 mean_cost=7.4256 (sbs=7.4526) vs_sbs=-0.36%
     VRPBL: top1=0.729 mean_cost=9.2796 (sbs=9.3209) vs_sbs=-0.44%
    VRPBTW: top1=0.664 mean_cost=18.9046 (sbs=19.6924) vs_sbs=-4.00%
    VRPLTW: top1=0.642 mean_cost=17.6788 (sbs=18.6720) vs_sbs=-5.32%
    OVRPBL: top1=0.744 mean_cost=6.2766 (sbs=6.3079) vs_sbs=-0.50%
   OVRPBTW: top1=0.708 mean_cost=10.5256 (sbs=10.5894) vs_sbs=-0.60%
   OVRPLTW: top1=0.702 mean_cost=10.0740 (sbs=10.1136) vs_sbs=-0.39%
   VRPBLTW: top1=0.633 mean_cost=18.9118 (sbs=19.6661) vs_sbs=-3.84%
  OVRPBLTW: top1=0.696 mean_cost=10.4896 (sbs=10.5476) vs_sbs=-0.55%
[epoch done 45] successful_updates=121500 per_problem=6750 skipped=48
ep046 step121800 loss=0.31295 ce=0.76537 grad=2.1551 lr=3.35e-05 samples/s=2601 elapsed=54.9m
[AMP retry] attempt=1 scale=131072->65536
ep046 step122100 loss=0.31931 ce=0.78083 grad=2.1839 lr=3.31e-05 samples/s=2593 elapsed=55.0m
ep046 step122400 loss=0.31927 ce=0.78081 grad=2.2222 lr=3.26e-05 samples/s=2594 elapsed=55.2m
ep046 step122700 loss=0.31859 ce=0.77983 grad=2.2267 lr=3.22e-05 samples/s=2595 elapsed=55.3m
ep046 step123000 loss=0.32234 ce=0.78894 grad=2.1886 lr=3.18e-05 samples/s=2594 elapsed=55.4m
ep046 step123300 loss=0.32141 ce=0.78604 grad=2.2316 lr=3.13e-05 samples/s=2595 elapsed=55.5m
ep046 step123600 loss=0.32086 ce=0.78491 grad=2.1991 lr=3.09e-05 samples/s=2593 elapsed=55.6m
ep046 step123900 loss=0.31906 ce=0.78091 grad=2.2507 lr=3.05e-05 samples/s=2594 elapsed=55.8m
[AMP retry] attempt=1 scale=131072->65536
ep046 step124200 loss=0.32015 ce=0.78363 grad=2.2930 lr=3e-05 samples/s=2596 elapsed=55.9m
[eval epoch 46 B] macro_top1=0.4611 top2=0.7992 top3=0.9107 vs_sbs=-0.919% vbs_closed=+20.35%
       TSP: top1=0.326 mean_cost=7.9238 (sbs=7.9578) vs_sbs=-0.43%
      CVRP: top1=0.452 mean_cost=18.2253 (sbs=18.2943) vs_sbs=-0.38%
      ATSP: top1=0.776 mean_cost=1.6353 (sbs=1.6735) vs_sbs=-2.28%
      OVRP: top1=0.349 mean_cost=7.4602 (sbs=7.4617) vs_sbs=-0.02%
      VRPB: top1=0.519 mean_cost=9.3426 (sbs=9.3403) vs_sbs=+0.02%
      VRPL: top1=0.267 mean_cost=12.4261 (sbs=12.4072) vs_sbs=+0.15%
     VRPTW: top1=0.417 mean_cost=17.9535 (sbs=18.6571) vs_sbs=-3.77%
    OVRPTW: top1=0.487 mean_cost=10.0478 (sbs=10.0484) vs_sbs=-0.01%
     OVRPB: top1=0.576 mean_cost=6.3222 (sbs=6.3220) vs_sbs=+0.00%
     OVRPL: top1=0.375 mean_cost=7.4388 (sbs=7.4376) vs_sbs=+0.02%
     VRPBL: top1=0.495 mean_cost=9.3817 (sbs=9.3593) vs_sbs=+0.24%
    VRPBTW: top1=0.397 mean_cost=19.1092 (sbs=19.6697) vs_sbs=-2.85%
    VRPLTW: top1=0.426 mean_cost=17.6636 (sbs=18.5091) vs_sbs=-4.57%
    OVRPBL: top1=0.555 mean_cost=6.3109 (sbs=6.3103) vs_sbs=+0.01%
   OVRPBTW: top1=0.483 mean_cost=10.5193 (sbs=10.5068) vs_sbs=+0.12%
   OVRPLTW: top1=0.503 mean_cost=10.1254 (sbs=10.1272) vs_sbs=-0.02%
   VRPBLTW: top1=0.394 mean_cost=18.9875 (sbs=19.5198) vs_sbs=-2.73%
  OVRPBLTW: top1=0.502 mean_cost=10.5351 (sbs=10.5412) vs_sbs=-0.06%
[epoch done 46] successful_updates=124200 per_problem=6900 skipped=50
ep047 step124500 loss=0.31005 ce=0.75937 grad=2.1328 lr=2.96e-05 samples/s=2503 elapsed=56.0m
ep047 step124800 loss=0.31501 ce=0.77122 grad=2.1710 lr=2.92e-05 samples/s=2544 elapsed=56.2m
ep047 step125100 loss=0.31524 ce=0.77116 grad=2.2048 lr=2.88e-05 samples/s=2556 elapsed=56.3m
ep047 step125400 loss=0.31632 ce=0.77379 grad=2.2174 lr=2.84e-05 samples/s=2570 elapsed=56.4m
ep047 step125700 loss=0.31630 ce=0.77535 grad=2.1814 lr=2.8e-05 samples/s=2575 elapsed=56.5m
[AMP retry] attempt=1 scale=131072->65536
ep047 step126000 loss=0.31873 ce=0.77940 grad=2.2591 lr=2.76e-05 samples/s=2578 elapsed=56.7m
ep047 step126300 loss=0.31569 ce=0.77254 grad=2.2283 lr=2.71e-05 samples/s=2580 elapsed=56.8m
ep047 step126600 loss=0.31385 ce=0.76745 grad=2.3043 lr=2.67e-05 samples/s=2585 elapsed=56.9m
ep047 step126900 loss=0.31538 ce=0.77270 grad=2.3343 lr=2.63e-05 samples/s=2585 elapsed=57.0m
[eval epoch 47 B] macro_top1=0.4602 top2=0.7982 top3=0.9107 vs_sbs=-0.900% vbs_closed=+19.38%
       TSP: top1=0.329 mean_cost=7.9229 (sbs=7.9578) vs_sbs=-0.44%
      CVRP: top1=0.458 mean_cost=18.2267 (sbs=18.2943) vs_sbs=-0.37%
      ATSP: top1=0.769 mean_cost=1.6372 (sbs=1.6735) vs_sbs=-2.17%
      OVRP: top1=0.343 mean_cost=7.4580 (sbs=7.4617) vs_sbs=-0.05%
      VRPB: top1=0.522 mean_cost=9.3424 (sbs=9.3403) vs_sbs=+0.02%
      VRPL: top1=0.263 mean_cost=12.4247 (sbs=12.4072) vs_sbs=+0.14%
     VRPTW: top1=0.422 mean_cost=17.9553 (sbs=18.6571) vs_sbs=-3.76%
    OVRPTW: top1=0.482 mean_cost=10.0494 (sbs=10.0484) vs_sbs=+0.01%
     OVRPB: top1=0.573 mean_cost=6.3230 (sbs=6.3220) vs_sbs=+0.02%
     OVRPL: top1=0.376 mean_cost=7.4384 (sbs=7.4376) vs_sbs=+0.01%
     VRPBL: top1=0.510 mean_cost=9.3914 (sbs=9.3593) vs_sbs=+0.34%
    VRPBTW: top1=0.396 mean_cost=19.1231 (sbs=19.6697) vs_sbs=-2.78%
    VRPLTW: top1=0.418 mean_cost=17.6763 (sbs=18.5091) vs_sbs=-4.50%
    OVRPBL: top1=0.549 mean_cost=6.3101 (sbs=6.3103) vs_sbs=-0.00%
   OVRPBTW: top1=0.486 mean_cost=10.5138 (sbs=10.5068) vs_sbs=+0.07%
   OVRPLTW: top1=0.493 mean_cost=10.1290 (sbs=10.1272) vs_sbs=+0.02%
   VRPBLTW: top1=0.398 mean_cost=18.9841 (sbs=19.5198) vs_sbs=-2.74%
  OVRPBLTW: top1=0.496 mean_cost=10.5396 (sbs=10.5412) vs_sbs=-0.02%
[epoch done 47] successful_updates=126900 per_problem=7050 skipped=51
ep048 step127200 loss=0.31307 ce=0.76659 grad=2.2244 lr=2.59e-05 samples/s=2586 elapsed=57.2m
ep048 step127500 loss=0.30807 ce=0.75500 grad=2.2129 lr=2.56e-05 samples/s=2599 elapsed=57.3m
[AMP retry] attempt=1 scale=65536->32768
ep048 step127800 loss=0.31361 ce=0.76916 grad=2.2995 lr=2.52e-05 samples/s=2590 elapsed=57.4m
ep048 step128100 loss=0.31117 ce=0.76278 grad=2.2754 lr=2.48e-05 samples/s=2595 elapsed=57.6m
ep048 step128400 loss=0.31004 ce=0.75877 grad=2.2143 lr=2.44e-05 samples/s=2578 elapsed=57.7m
ep048 step128700 loss=0.31428 ce=0.76918 grad=2.2589 lr=2.4e-05 samples/s=2582 elapsed=57.8m
ep048 step129000 loss=0.31295 ce=0.76578 grad=2.2925 lr=2.36e-05 samples/s=2582 elapsed=57.9m
ep048 step129300 loss=0.31361 ce=0.76889 grad=2.3076 lr=2.32e-05 samples/s=2584 elapsed=58.0m
ep048 step129600 loss=0.31391 ce=0.76785 grad=2.2693 lr=2.29e-05 samples/s=2586 elapsed=58.2m
[eval epoch 48 B] macro_top1=0.4604 top2=0.8006 top3=0.9117 vs_sbs=-0.918% vbs_closed=+20.83%
       TSP: top1=0.332 mean_cost=7.9232 (sbs=7.9578) vs_sbs=-0.44%
      CVRP: top1=0.449 mean_cost=18.2323 (sbs=18.2943) vs_sbs=-0.34%
      ATSP: top1=0.775 mean_cost=1.6360 (sbs=1.6735) vs_sbs=-2.24%
      OVRP: top1=0.352 mean_cost=7.4584 (sbs=7.4617) vs_sbs=-0.04%
      VRPB: top1=0.515 mean_cost=9.3445 (sbs=9.3403) vs_sbs=+0.05%
      VRPL: top1=0.282 mean_cost=12.4211 (sbs=12.4072) vs_sbs=+0.11%
     VRPTW: top1=0.405 mean_cost=17.9619 (sbs=18.6571) vs_sbs=-3.73%
    OVRPTW: top1=0.480 mean_cost=10.0470 (sbs=10.0484) vs_sbs=-0.01%
     OVRPB: top1=0.575 mean_cost=6.3218 (sbs=6.3220) vs_sbs=-0.00%
     OVRPL: top1=0.380 mean_cost=7.4380 (sbs=7.4376) vs_sbs=+0.01%
     VRPBL: top1=0.497 mean_cost=9.3804 (sbs=9.3593) vs_sbs=+0.23%
    VRPBTW: top1=0.391 mean_cost=19.1083 (sbs=19.6697) vs_sbs=-2.85%
    VRPLTW: top1=0.427 mean_cost=17.6609 (sbs=18.5091) vs_sbs=-4.58%
    OVRPBL: top1=0.554 mean_cost=6.3087 (sbs=6.3103) vs_sbs=-0.02%
   OVRPBTW: top1=0.483 mean_cost=10.5120 (sbs=10.5068) vs_sbs=+0.05%
   OVRPLTW: top1=0.496 mean_cost=10.1290 (sbs=10.1272) vs_sbs=+0.02%
   VRPBLTW: top1=0.402 mean_cost=18.9906 (sbs=19.5198) vs_sbs=-2.71%
  OVRPBLTW: top1=0.493 mean_cost=10.5403 (sbs=10.5412) vs_sbs=-0.01%
[epoch done 48] successful_updates=129600 per_problem=7200 skipped=52
ep049 step129900 loss=0.30644 ce=0.75012 grad=2.2198 lr=2.25e-05 samples/s=2608 elapsed=58.3m
ep049 step130200 loss=0.30966 ce=0.75976 grad=2.2803 lr=2.21e-05 samples/s=2600 elapsed=58.4m
ep049 step130500 loss=0.31060 ce=0.76055 grad=2.2933 lr=2.18e-05 samples/s=2603 elapsed=58.6m
ep049 step130800 loss=0.31065 ce=0.76072 grad=2.2596 lr=2.14e-05 samples/s=2604 elapsed=58.7m
ep049 step131100 loss=0.31290 ce=0.76609 grad=2.2713 lr=2.11e-05 samples/s=2599 elapsed=58.8m
ep049 step131400 loss=0.31482 ce=0.77032 grad=2.2523 lr=2.07e-05 samples/s=2597 elapsed=58.9m
ep049 step131700 loss=0.30533 ce=0.74727 grad=2.2737 lr=2.03e-05 samples/s=2596 elapsed=59.1m
[AMP retry] attempt=1 scale=131072->65536
ep049 step132000 loss=0.31113 ce=0.76287 grad=2.2940 lr=2e-05 samples/s=2592 elapsed=59.2m
ep049 step132300 loss=0.30747 ce=0.75242 grad=2.2764 lr=1.96e-05 samples/s=2552 elapsed=59.3m
[eval epoch 49 B] macro_top1=0.4611 top2=0.7984 top3=0.9093 vs_sbs=-0.917% vbs_closed=+19.96%
       TSP: top1=0.334 mean_cost=7.9223 (sbs=7.9578) vs_sbs=-0.45%
      CVRP: top1=0.446 mean_cost=18.2268 (sbs=18.2943) vs_sbs=-0.37%
      ATSP: top1=0.786 mean_cost=1.6344 (sbs=1.6735) vs_sbs=-2.34%
      OVRP: top1=0.347 mean_cost=7.4590 (sbs=7.4617) vs_sbs=-0.04%
      VRPB: top1=0.514 mean_cost=9.3427 (sbs=9.3403) vs_sbs=+0.03%
      VRPL: top1=0.279 mean_cost=12.4221 (sbs=12.4072) vs_sbs=+0.12%
     VRPTW: top1=0.411 mean_cost=17.9486 (sbs=18.6571) vs_sbs=-3.80%
    OVRPTW: top1=0.486 mean_cost=10.0482 (sbs=10.0484) vs_sbs=-0.00%
     OVRPB: top1=0.572 mean_cost=6.3230 (sbs=6.3220) vs_sbs=+0.02%
     OVRPL: top1=0.374 mean_cost=7.4380 (sbs=7.4376) vs_sbs=+0.01%
     VRPBL: top1=0.506 mean_cost=9.3916 (sbs=9.3593) vs_sbs=+0.35%
    VRPBTW: top1=0.402 mean_cost=19.1032 (sbs=19.6697) vs_sbs=-2.88%
    VRPLTW: top1=0.429 mean_cost=17.6610 (sbs=18.5091) vs_sbs=-4.58%
    OVRPBL: top1=0.543 mean_cost=6.3119 (sbs=6.3103) vs_sbs=+0.03%
   OVRPBTW: top1=0.490 mean_cost=10.5109 (sbs=10.5068) vs_sbs=+0.04%
   OVRPLTW: top1=0.490 mean_cost=10.1310 (sbs=10.1272) vs_sbs=+0.04%
   VRPBLTW: top1=0.393 mean_cost=19.0042 (sbs=19.5198) vs_sbs=-2.64%
  OVRPBLTW: top1=0.497 mean_cost=10.5385 (sbs=10.5412) vs_sbs=-0.03%
[epoch done 49] successful_updates=132300 per_problem=7350 skipped=53
ep050 step132600 loss=0.30389 ce=0.74545 grad=2.2141 lr=1.93e-05 samples/s=2069 elapsed=59.5m
ep050 step132900 loss=0.30846 ce=0.75627 grad=2.2807 lr=1.9e-05 samples/s=2341 elapsed=59.6m
ep050 step133200 loss=0.30368 ce=0.74397 grad=2.2601 lr=1.86e-05 samples/s=2417 elapsed=59.8m
ep050 step133500 loss=0.30581 ce=0.74847 grad=2.2778 lr=1.83e-05 samples/s=2460 elapsed=59.9m
ep050 step133800 loss=0.31295 ce=0.76678 grad=2.3437 lr=1.8e-05 samples/s=2487 elapsed=60.0m
[AMP retry] attempt=1 scale=131072->65536
ep050 step134100 loss=0.30466 ce=0.74617 grad=2.3191 lr=1.76e-05 samples/s=2497 elapsed=60.1m
ep050 step134400 loss=0.30597 ce=0.74840 grad=2.2832 lr=1.73e-05 samples/s=2494 elapsed=60.3m
ep050 step134700 loss=0.30851 ce=0.75676 grad=2.3395 lr=1.7e-05 samples/s=2497 elapsed=60.4m
ep050 step135000 loss=0.30728 ce=0.75544 grad=2.2269 lr=1.67e-05 samples/s=2509 elapsed=60.5m
[eval epoch 50 B] macro_top1=0.4594 top2=0.7997 top3=0.9098 vs_sbs=-0.915% vbs_closed=+20.00%
       TSP: top1=0.320 mean_cost=7.9242 (sbs=7.9578) vs_sbs=-0.42%
      CVRP: top1=0.443 mean_cost=18.2301 (sbs=18.2943) vs_sbs=-0.35%
      ATSP: top1=0.778 mean_cost=1.6352 (sbs=1.6735) vs_sbs=-2.29%
      OVRP: top1=0.339 mean_cost=7.4595 (sbs=7.4617) vs_sbs=-0.03%
      VRPB: top1=0.524 mean_cost=9.3404 (sbs=9.3403) vs_sbs=+0.00%
      VRPL: top1=0.278 mean_cost=12.4218 (sbs=12.4072) vs_sbs=+0.12%
     VRPTW: top1=0.422 mean_cost=17.9456 (sbs=18.6571) vs_sbs=-3.81%
    OVRPTW: top1=0.478 mean_cost=10.0513 (sbs=10.0484) vs_sbs=+0.03%
     OVRPB: top1=0.571 mean_cost=6.3235 (sbs=6.3220) vs_sbs=+0.02%
     OVRPL: top1=0.374 mean_cost=7.4377 (sbs=7.4376) vs_sbs=+0.00%
     VRPBL: top1=0.503 mean_cost=9.3789 (sbs=9.3593) vs_sbs=+0.21%
    VRPBTW: top1=0.403 mean_cost=19.1053 (sbs=19.6697) vs_sbs=-2.87%
    VRPLTW: top1=0.423 mean_cost=17.6649 (sbs=18.5091) vs_sbs=-4.56%
    OVRPBL: top1=0.552 mean_cost=6.3175 (sbs=6.3103) vs_sbs=+0.11%
   OVRPBTW: top1=0.469 mean_cost=10.5176 (sbs=10.5068) vs_sbs=+0.10%
   OVRPLTW: top1=0.499 mean_cost=10.1276 (sbs=10.1272) vs_sbs=+0.00%
   VRPBLTW: top1=0.395 mean_cost=18.9885 (sbs=19.5198) vs_sbs=-2.72%
  OVRPBLTW: top1=0.499 mean_cost=10.5404 (sbs=10.5412) vs_sbs=-0.01%
[train_eval epoch 50 B] macro_top1=0.6952 top2=0.9086 top3=0.9756 vs_sbs=-1.507% vbs_closed=+63.41%
       TSP: top1=0.584 mean_cost=7.9897 (sbs=8.0483) vs_sbs=-0.73%
      CVRP: top1=0.685 mean_cost=17.9518 (sbs=18.0705) vs_sbs=-0.66%
      ATSP: top1=0.764 mean_cost=1.6415 (sbs=1.6795) vs_sbs=-2.26%
      OVRP: top1=0.641 mean_cost=7.4282 (sbs=7.4591) vs_sbs=-0.41%
      VRPB: top1=0.755 mean_cost=9.2711 (sbs=9.3166) vs_sbs=-0.49%
      VRPL: top1=0.576 mean_cost=12.3699 (sbs=12.3957) vs_sbs=-0.21%
     VRPTW: top1=0.689 mean_cost=17.6786 (sbs=18.5949) vs_sbs=-4.93%
    OVRPTW: top1=0.739 mean_cost=10.0558 (sbs=10.1037) vs_sbs=-0.47%
     OVRPB: top1=0.786 mean_cost=6.2845 (sbs=6.3216) vs_sbs=-0.59%
     OVRPL: top1=0.619 mean_cost=7.4235 (sbs=7.4526) vs_sbs=-0.39%
     VRPBL: top1=0.746 mean_cost=9.2772 (sbs=9.3209) vs_sbs=-0.47%
    VRPBTW: top1=0.684 mean_cost=18.8940 (sbs=19.6924) vs_sbs=-4.05%
    VRPLTW: top1=0.661 mean_cost=17.6707 (sbs=18.6720) vs_sbs=-5.36%
    OVRPBL: top1=0.762 mean_cost=6.2743 (sbs=6.3079) vs_sbs=-0.53%
   OVRPBTW: top1=0.725 mean_cost=10.5218 (sbs=10.5894) vs_sbs=-0.64%
   OVRPLTW: top1=0.719 mean_cost=10.0712 (sbs=10.1136) vs_sbs=-0.42%
   VRPBLTW: top1=0.663 mean_cost=18.8926 (sbs=19.6661) vs_sbs=-3.93%
  OVRPBLTW: top1=0.717 mean_cost=10.4855 (sbs=10.5476) vs_sbs=-0.59%
[epoch done 50] successful_updates=135000 per_problem=7500 skipped=54
ep051 step135300 loss=0.30378 ce=0.74477 grad=2.2425 lr=1.63e-05 samples/s=2611 elapsed=60.9m
ep051 step135600 loss=0.30103 ce=0.73921 grad=2.2490 lr=1.6e-05 samples/s=2591 elapsed=61.0m
ep051 step135900 loss=0.29951 ce=0.73364 grad=2.2979 lr=1.57e-05 samples/s=2590 elapsed=61.1m
[AMP retry] attempt=1 scale=131072->65536
ep051 step136200 loss=0.30349 ce=0.74256 grad=2.3123 lr=1.54e-05 samples/s=2559 elapsed=61.3m
ep051 step136500 loss=0.30610 ce=0.75071 grad=2.2623 lr=1.51e-05 samples/s=2567 elapsed=61.4m
ep051 step136800 loss=0.30678 ce=0.75094 grad=2.3681 lr=1.48e-05 samples/s=2572 elapsed=61.5m
ep051 step137100 loss=0.30326 ce=0.74509 grad=2.2775 lr=1.45e-05 samples/s=2578 elapsed=61.6m
ep051 step137400 loss=0.30721 ce=0.75150 grad=2.3604 lr=1.42e-05 samples/s=2580 elapsed=61.8m
ep051 step137700 loss=0.30265 ce=0.74353 grad=2.2534 lr=1.39e-05 samples/s=2580 elapsed=61.9m
[eval epoch 51 B] macro_top1=0.4600 top2=0.7989 top3=0.9106 vs_sbs=-0.902% vbs_closed=+19.48%
       TSP: top1=0.342 mean_cost=7.9228 (sbs=7.9578) vs_sbs=-0.44%
      CVRP: top1=0.442 mean_cost=18.2328 (sbs=18.2943) vs_sbs=-0.34%
      ATSP: top1=0.782 mean_cost=1.6345 (sbs=1.6735) vs_sbs=-2.33%
      OVRP: top1=0.346 mean_cost=7.4591 (sbs=7.4617) vs_sbs=-0.03%
      VRPB: top1=0.516 mean_cost=9.3445 (sbs=9.3403) vs_sbs=+0.05%
      VRPL: top1=0.276 mean_cost=12.4221 (sbs=12.4072) vs_sbs=+0.12%
     VRPTW: top1=0.414 mean_cost=17.9609 (sbs=18.6571) vs_sbs=-3.73%
    OVRPTW: top1=0.497 mean_cost=10.0480 (sbs=10.0484) vs_sbs=-0.00%
     OVRPB: top1=0.563 mean_cost=6.3241 (sbs=6.3220) vs_sbs=+0.03%
     OVRPL: top1=0.379 mean_cost=7.4373 (sbs=7.4376) vs_sbs=-0.00%
     VRPBL: top1=0.510 mean_cost=9.3783 (sbs=9.3593) vs_sbs=+0.20%
    VRPBTW: top1=0.392 mean_cost=19.1160 (sbs=19.6697) vs_sbs=-2.82%
    VRPLTW: top1=0.414 mean_cost=17.6711 (sbs=18.5091) vs_sbs=-4.53%
    OVRPBL: top1=0.552 mean_cost=6.3190 (sbs=6.3103) vs_sbs=+0.14%
   OVRPBTW: top1=0.467 mean_cost=10.5209 (sbs=10.5068) vs_sbs=+0.13%
   OVRPLTW: top1=0.499 mean_cost=10.1293 (sbs=10.1272) vs_sbs=+0.02%
   VRPBLTW: top1=0.391 mean_cost=18.9961 (sbs=19.5198) vs_sbs=-2.68%
  OVRPBLTW: top1=0.498 mean_cost=10.5386 (sbs=10.5412) vs_sbs=-0.02%
[epoch done 51] successful_updates=137700 per_problem=7650 skipped=55
ep052 step138000 loss=0.29973 ce=0.73557 grad=2.2516 lr=1.36e-05 samples/s=2596 elapsed=62.0m
[AMP retry] attempt=1 scale=131072->65536
ep052 step138300 loss=0.30225 ce=0.74049 grad=2.3409 lr=1.34e-05 samples/s=2591 elapsed=62.2m
ep052 step138600 loss=0.30196 ce=0.73918 grad=2.2844 lr=1.31e-05 samples/s=2593 elapsed=62.3m
ep052 step138900 loss=0.30421 ce=0.74559 grad=2.2884 lr=1.28e-05 samples/s=2592 elapsed=62.4m
ep052 step139200 loss=0.30319 ce=0.74420 grad=2.3132 lr=1.25e-05 samples/s=2594 elapsed=62.5m
ep052 step139500 loss=0.30401 ce=0.74638 grad=2.3061 lr=1.23e-05 samples/s=2593 elapsed=62.6m
ep052 step139800 loss=0.30346 ce=0.74295 grad=2.3279 lr=1.2e-05 samples/s=2594 elapsed=62.8m
[AMP retry] attempt=1 scale=131072->65536
ep052 step140100 loss=0.30514 ce=0.74722 grad=2.3442 lr=1.17e-05 samples/s=2581 elapsed=62.9m
ep052 step140400 loss=0.30580 ce=0.75051 grad=2.3758 lr=1.15e-05 samples/s=2581 elapsed=63.0m
[eval epoch 52 B] macro_top1=0.4589 top2=0.7984 top3=0.9102 vs_sbs=-0.884% vbs_closed=+17.63%
       TSP: top1=0.322 mean_cost=7.9256 (sbs=7.9578) vs_sbs=-0.40%
      CVRP: top1=0.450 mean_cost=18.2362 (sbs=18.2943) vs_sbs=-0.32%
      ATSP: top1=0.775 mean_cost=1.6358 (sbs=1.6735) vs_sbs=-2.26%
      OVRP: top1=0.339 mean_cost=7.4611 (sbs=7.4617) vs_sbs=-0.01%
      VRPB: top1=0.523 mean_cost=9.3412 (sbs=9.3403) vs_sbs=+0.01%
      VRPL: top1=0.278 mean_cost=12.4228 (sbs=12.4072) vs_sbs=+0.13%
     VRPTW: top1=0.422 mean_cost=17.9592 (sbs=18.6571) vs_sbs=-3.74%
    OVRPTW: top1=0.487 mean_cost=10.0482 (sbs=10.0484) vs_sbs=-0.00%
     OVRPB: top1=0.567 mean_cost=6.3242 (sbs=6.3220) vs_sbs=+0.03%
     OVRPL: top1=0.374 mean_cost=7.4388 (sbs=7.4376) vs_sbs=+0.02%
     VRPBL: top1=0.500 mean_cost=9.3950 (sbs=9.3593) vs_sbs=+0.38%
    VRPBTW: top1=0.390 mean_cost=19.1153 (sbs=19.6697) vs_sbs=-2.82%
    VRPLTW: top1=0.427 mean_cost=17.6674 (sbs=18.5091) vs_sbs=-4.55%
    OVRPBL: top1=0.541 mean_cost=6.3190 (sbs=6.3103) vs_sbs=+0.14%
   OVRPBTW: top1=0.485 mean_cost=10.5165 (sbs=10.5068) vs_sbs=+0.09%
   OVRPLTW: top1=0.496 mean_cost=10.1310 (sbs=10.1272) vs_sbs=+0.04%
   VRPBLTW: top1=0.386 mean_cost=19.0021 (sbs=19.5198) vs_sbs=-2.65%
  OVRPBLTW: top1=0.498 mean_cost=10.5404 (sbs=10.5412) vs_sbs=-0.01%
[epoch done 52] successful_updates=140400 per_problem=7800 skipped=57
ep053 step140700 loss=0.29710 ce=0.72825 grad=2.2802 lr=1.12e-05 samples/s=2596 elapsed=63.2m
ep053 step141000 loss=0.29948 ce=0.73480 grad=2.3010 lr=1.1e-05 samples/s=2584 elapsed=63.3m
ep053 step141300 loss=0.30069 ce=0.73833 grad=2.2019 lr=1.07e-05 samples/s=2581 elapsed=63.4m
ep053 step141600 loss=0.30182 ce=0.73988 grad=2.2780 lr=1.05e-05 samples/s=2559 elapsed=63.5m
ep053 step141900 loss=0.30385 ce=0.74575 grad=2.3896 lr=1.02e-05 samples/s=2545 elapsed=63.7m
ep053 step142200 loss=0.30126 ce=0.73907 grad=2.2480 lr=9.98e-06 samples/s=2537 elapsed=63.8m
[AMP retry] attempt=1 scale=131072->65536
ep053 step142500 loss=0.30140 ce=0.73891 grad=2.3106 lr=9.74e-06 samples/s=2528 elapsed=63.9m
ep053 step142800 loss=0.29743 ce=0.72968 grad=2.2734 lr=9.51e-06 samples/s=2520 elapsed=64.1m
ep053 step143100 loss=0.30073 ce=0.73665 grad=2.3484 lr=9.28e-06 samples/s=2515 elapsed=64.2m
[eval epoch 53 B] macro_top1=0.4592 top2=0.7987 top3=0.9104 vs_sbs=-0.892% vbs_closed=+18.12%
       TSP: top1=0.323 mean_cost=7.9266 (sbs=7.9578) vs_sbs=-0.39%
      CVRP: top1=0.446 mean_cost=18.2350 (sbs=18.2943) vs_sbs=-0.32%
      ATSP: top1=0.783 mean_cost=1.6345 (sbs=1.6735) vs_sbs=-2.33%
      OVRP: top1=0.342 mean_cost=7.4602 (sbs=7.4617) vs_sbs=-0.02%
      VRPB: top1=0.523 mean_cost=9.3403 (sbs=9.3403) vs_sbs=+0.00%
      VRPL: top1=0.278 mean_cost=12.4229 (sbs=12.4072) vs_sbs=+0.13%
     VRPTW: top1=0.412 mean_cost=17.9585 (sbs=18.6571) vs_sbs=-3.74%
    OVRPTW: top1=0.495 mean_cost=10.0471 (sbs=10.0484) vs_sbs=-0.01%
     OVRPB: top1=0.576 mean_cost=6.3239 (sbs=6.3220) vs_sbs=+0.03%
     OVRPL: top1=0.377 mean_cost=7.4383 (sbs=7.4376) vs_sbs=+0.01%
     VRPBL: top1=0.512 mean_cost=9.3920 (sbs=9.3593) vs_sbs=+0.35%
    VRPBTW: top1=0.393 mean_cost=19.1063 (sbs=19.6697) vs_sbs=-2.86%
    VRPLTW: top1=0.418 mean_cost=17.6744 (sbs=18.5091) vs_sbs=-4.51%
    OVRPBL: top1=0.541 mean_cost=6.3201 (sbs=6.3103) vs_sbs=+0.16%
   OVRPBTW: top1=0.471 mean_cost=10.5230 (sbs=10.5068) vs_sbs=+0.15%
   OVRPLTW: top1=0.492 mean_cost=10.1291 (sbs=10.1272) vs_sbs=+0.02%
   VRPBLTW: top1=0.395 mean_cost=18.9936 (sbs=19.5198) vs_sbs=-2.70%
  OVRPBLTW: top1=0.488 mean_cost=10.5404 (sbs=10.5412) vs_sbs=-0.01%
[epoch done 53] successful_updates=143100 per_problem=7950 skipped=58
ep054 step143400 loss=0.29586 ce=0.72461 grad=2.2751 lr=9.05e-06 samples/s=2501 elapsed=64.3m
ep054 step143700 loss=0.29863 ce=0.73311 grad=2.3314 lr=8.83e-06 samples/s=2491 elapsed=64.5m
ep054 step144000 loss=0.30039 ce=0.73731 grad=2.3108 lr=8.61e-06 samples/s=2454 elapsed=64.6m
[AMP retry] attempt=1 scale=131072->65536
ep054 step144300 loss=0.29881 ce=0.73382 grad=2.2931 lr=8.39e-06 samples/s=2466 elapsed=64.7m
ep054 step144600 loss=0.29946 ce=0.73391 grad=2.3482 lr=8.18e-06 samples/s=2468 elapsed=64.9m
ep054 step144900 loss=0.29962 ce=0.73521 grad=2.2586 lr=7.97e-06 samples/s=2468 elapsed=65.0m
ep054 step145200 loss=0.29916 ce=0.73384 grad=2.3160 lr=7.76e-06 samples/s=2473 elapsed=65.1m
ep054 step145500 loss=0.29936 ce=0.73343 grad=2.3128 lr=7.56e-06 samples/s=2476 elapsed=65.3m
ep054 step145800 loss=0.30079 ce=0.73761 grad=2.3078 lr=7.36e-06 samples/s=2477 elapsed=65.4m
[eval epoch 54 B] macro_top1=0.4603 top2=0.7974 top3=0.9093 vs_sbs=-0.902% vbs_closed=+18.39%
       TSP: top1=0.329 mean_cost=7.9248 (sbs=7.9578) vs_sbs=-0.41%
      CVRP: top1=0.448 mean_cost=18.2276 (sbs=18.2943) vs_sbs=-0.36%
      ATSP: top1=0.780 mean_cost=1.6346 (sbs=1.6735) vs_sbs=-2.33%
      OVRP: top1=0.339 mean_cost=7.4608 (sbs=7.4617) vs_sbs=-0.01%
      VRPB: top1=0.525 mean_cost=9.3416 (sbs=9.3403) vs_sbs=+0.01%
      VRPL: top1=0.280 mean_cost=12.4221 (sbs=12.4072) vs_sbs=+0.12%
     VRPTW: top1=0.424 mean_cost=17.9470 (sbs=18.6571) vs_sbs=-3.81%
    OVRPTW: top1=0.488 mean_cost=10.0467 (sbs=10.0484) vs_sbs=-0.02%
     OVRPB: top1=0.572 mean_cost=6.3239 (sbs=6.3220) vs_sbs=+0.03%
     OVRPL: top1=0.379 mean_cost=7.4383 (sbs=7.4376) vs_sbs=+0.01%
     VRPBL: top1=0.512 mean_cost=9.3917 (sbs=9.3593) vs_sbs=+0.35%
    VRPBTW: top1=0.394 mean_cost=19.1092 (sbs=19.6697) vs_sbs=-2.85%
    VRPLTW: top1=0.424 mean_cost=17.6629 (sbs=18.5091) vs_sbs=-4.57%
    OVRPBL: top1=0.549 mean_cost=6.3184 (sbs=6.3103) vs_sbs=+0.13%
   OVRPBTW: top1=0.466 mean_cost=10.5241 (sbs=10.5068) vs_sbs=+0.16%
   OVRPLTW: top1=0.491 mean_cost=10.1318 (sbs=10.1272) vs_sbs=+0.05%
   VRPBLTW: top1=0.396 mean_cost=18.9855 (sbs=19.5198) vs_sbs=-2.74%
  OVRPBLTW: top1=0.489 mean_cost=10.5422 (sbs=10.5412) vs_sbs=+0.01%
[epoch done 54] successful_updates=145800 per_problem=8100 skipped=59
ep055 step146100 loss=0.29815 ce=0.73192 grad=2.2788 lr=7.17e-06 samples/s=2493 elapsed=65.5m
[AMP retry] attempt=1 scale=131072->65536
ep055 step146400 loss=0.29431 ce=0.72295 grad=2.2971 lr=6.98e-06 samples/s=2487 elapsed=65.7m
ep055 step146700 loss=0.29520 ce=0.72489 grad=2.2126 lr=6.79e-06 samples/s=2491 elapsed=65.8m
ep055 step147000 loss=0.29967 ce=0.73532 grad=2.3303 lr=6.6e-06 samples/s=2484 elapsed=65.9m
[AMP retry] attempt=1 scale=65536->32768
ep055 step147300 loss=0.29908 ce=0.73316 grad=2.3177 lr=6.42e-06 samples/s=2484 elapsed=66.1m
ep055 step147600 loss=0.29993 ce=0.73602 grad=2.3373 lr=6.25e-06 samples/s=2470 elapsed=66.2m
ep055 step147900 loss=0.29596 ce=0.72478 grad=2.3337 lr=6.07e-06 samples/s=2477 elapsed=66.3m
ep055 step148200 loss=0.29766 ce=0.73102 grad=2.3257 lr=5.9e-06 samples/s=2479 elapsed=66.4m
ep055 step148500 loss=0.29665 ce=0.72824 grad=2.2670 lr=5.74e-06 samples/s=2478 elapsed=66.6m
[eval epoch 55 B] macro_top1=0.4607 top2=0.7981 top3=0.9090 vs_sbs=-0.899% vbs_closed=+18.28%
       TSP: top1=0.319 mean_cost=7.9247 (sbs=7.9578) vs_sbs=-0.42%
      CVRP: top1=0.447 mean_cost=18.2331 (sbs=18.2943) vs_sbs=-0.33%
      ATSP: top1=0.783 mean_cost=1.6345 (sbs=1.6735) vs_sbs=-2.33%
      OVRP: top1=0.345 mean_cost=7.4596 (sbs=7.4617) vs_sbs=-0.03%
      VRPB: top1=0.520 mean_cost=9.3427 (sbs=9.3403) vs_sbs=+0.03%
      VRPL: top1=0.280 mean_cost=12.4226 (sbs=12.4072) vs_sbs=+0.12%
     VRPTW: top1=0.424 mean_cost=17.9520 (sbs=18.6571) vs_sbs=-3.78%
    OVRPTW: top1=0.484 mean_cost=10.0496 (sbs=10.0484) vs_sbs=+0.01%
     OVRPB: top1=0.572 mean_cost=6.3238 (sbs=6.3220) vs_sbs=+0.03%
     OVRPL: top1=0.375 mean_cost=7.4382 (sbs=7.4376) vs_sbs=+0.01%
     VRPBL: top1=0.515 mean_cost=9.3924 (sbs=9.3593) vs_sbs=+0.35%
    VRPBTW: top1=0.402 mean_cost=19.1036 (sbs=19.6697) vs_sbs=-2.88%
    VRPLTW: top1=0.429 mean_cost=17.6626 (sbs=18.5091) vs_sbs=-4.57%
    OVRPBL: top1=0.553 mean_cost=6.3182 (sbs=6.3103) vs_sbs=+0.13%
   OVRPBTW: top1=0.467 mean_cost=10.5227 (sbs=10.5068) vs_sbs=+0.15%
   OVRPLTW: top1=0.499 mean_cost=10.1287 (sbs=10.1272) vs_sbs=+0.01%
   VRPBLTW: top1=0.389 mean_cost=18.9976 (sbs=19.5198) vs_sbs=-2.68%
  OVRPBLTW: top1=0.490 mean_cost=10.5410 (sbs=10.5412) vs_sbs=-0.00%
[train_eval epoch 55 B] macro_top1=0.7036 top2=0.9118 top3=0.9770 vs_sbs=-1.523% vbs_closed=+64.47%
       TSP: top1=0.608 mean_cost=7.9879 (sbs=8.0483) vs_sbs=-0.75%
      CVRP: top1=0.696 mean_cost=17.9491 (sbs=18.0705) vs_sbs=-0.67%
      ATSP: top1=0.773 mean_cost=1.6407 (sbs=1.6795) vs_sbs=-2.31%
      OVRP: top1=0.649 mean_cost=7.4274 (sbs=7.4591) vs_sbs=-0.42%
      VRPB: top1=0.761 mean_cost=9.2706 (sbs=9.3166) vs_sbs=-0.49%
      VRPL: top1=0.585 mean_cost=12.3693 (sbs=12.3957) vs_sbs=-0.21%
     VRPTW: top1=0.696 mean_cost=17.6754 (sbs=18.5949) vs_sbs=-4.94%
    OVRPTW: top1=0.741 mean_cost=10.0552 (sbs=10.1037) vs_sbs=-0.48%
     OVRPB: top1=0.792 mean_cost=6.2838 (sbs=6.3216) vs_sbs=-0.60%
     OVRPL: top1=0.628 mean_cost=7.4228 (sbs=7.4526) vs_sbs=-0.40%
     VRPBL: top1=0.752 mean_cost=9.2765 (sbs=9.3209) vs_sbs=-0.48%
    VRPBTW: top1=0.695 mean_cost=18.8876 (sbs=19.6924) vs_sbs=-4.09%
    VRPLTW: top1=0.668 mean_cost=17.6687 (sbs=18.6720) vs_sbs=-5.37%
    OVRPBL: top1=0.768 mean_cost=6.2734 (sbs=6.3079) vs_sbs=-0.55%
   OVRPBTW: top1=0.734 mean_cost=10.5204 (sbs=10.5894) vs_sbs=-0.65%
   OVRPLTW: top1=0.729 mean_cost=10.0699 (sbs=10.1136) vs_sbs=-0.43%
   VRPBLTW: top1=0.668 mean_cost=18.8879 (sbs=19.6661) vs_sbs=-3.96%
  OVRPBLTW: top1=0.723 mean_cost=10.4838 (sbs=10.5476) vs_sbs=-0.61%
[epoch done 55] successful_updates=148500 per_problem=8250 skipped=61
ep056 step148800 loss=0.29608 ce=0.72592 grad=2.2912 lr=5.57e-06 samples/s=2491 elapsed=67.0m
ep056 step149100 loss=0.29624 ce=0.72950 grad=2.3280 lr=5.41e-06 samples/s=2492 elapsed=67.1m
ep056 step149400 loss=0.29788 ce=0.73008 grad=2.3042 lr=5.26e-06 samples/s=2494 elapsed=67.2m
ep056 step149700 loss=0.29788 ce=0.72924 grad=2.3351 lr=5.1e-06 samples/s=2504 elapsed=67.3m
ep056 step150000 loss=0.29544 ce=0.72513 grad=2.3541 lr=4.96e-06 samples/s=2495 elapsed=67.5m
ep056 step150300 loss=0.29662 ce=0.72823 grad=2.3176 lr=4.81e-06 samples/s=2494 elapsed=67.6m
ep056 step150600 loss=0.29304 ce=0.72098 grad=2.3242 lr=4.67e-06 samples/s=2491 elapsed=67.7m
ep056 step150900 loss=0.29849 ce=0.73199 grad=2.3267 lr=4.53e-06 samples/s=2448 elapsed=67.9m
ep056 step151200 loss=0.29560 ce=0.72548 grad=2.3417 lr=4.4e-06 samples/s=2370 elapsed=68.0m
[eval epoch 56 B] macro_top1=0.4595 top2=0.7978 top3=0.9094 vs_sbs=-0.897% vbs_closed=+17.90%
       TSP: top1=0.323 mean_cost=7.9246 (sbs=7.9578) vs_sbs=-0.42%
      CVRP: top1=0.445 mean_cost=18.2338 (sbs=18.2943) vs_sbs=-0.33%
      ATSP: top1=0.782 mean_cost=1.6345 (sbs=1.6735) vs_sbs=-2.33%
      OVRP: top1=0.345 mean_cost=7.4593 (sbs=7.4617) vs_sbs=-0.03%
      VRPB: top1=0.524 mean_cost=9.3431 (sbs=9.3403) vs_sbs=+0.03%
      VRPL: top1=0.276 mean_cost=12.4235 (sbs=12.4072) vs_sbs=+0.13%
     VRPTW: top1=0.424 mean_cost=17.9520 (sbs=18.6571) vs_sbs=-3.78%
    OVRPTW: top1=0.492 mean_cost=10.0488 (sbs=10.0484) vs_sbs=+0.00%
     OVRPB: top1=0.565 mean_cost=6.3248 (sbs=6.3220) vs_sbs=+0.04%
     OVRPL: top1=0.376 mean_cost=7.4394 (sbs=7.4376) vs_sbs=+0.02%
     VRPBL: top1=0.509 mean_cost=9.3932 (sbs=9.3593) vs_sbs=+0.36%
    VRPBTW: top1=0.389 mean_cost=19.1046 (sbs=19.6697) vs_sbs=-2.87%
    VRPLTW: top1=0.424 mean_cost=17.6644 (sbs=18.5091) vs_sbs=-4.56%
    OVRPBL: top1=0.546 mean_cost=6.3197 (sbs=6.3103) vs_sbs=+0.15%
   OVRPBTW: top1=0.469 mean_cost=10.5216 (sbs=10.5068) vs_sbs=+0.14%
   OVRPLTW: top1=0.492 mean_cost=10.1303 (sbs=10.1272) vs_sbs=+0.03%
   VRPBLTW: top1=0.393 mean_cost=18.9899 (sbs=19.5198) vs_sbs=-2.71%
  OVRPBLTW: top1=0.497 mean_cost=10.5387 (sbs=10.5412) vs_sbs=-0.02%
[epoch done 56] successful_updates=151200 per_problem=8400 skipped=61
[AMP retry] attempt=1 scale=131072->65536
ep057 step151500 loss=0.29644 ce=0.72802 grad=2.2746 lr=4.27e-06 samples/s=2572 elapsed=68.2m
ep057 step151800 loss=0.29702 ce=0.72955 grad=2.3714 lr=4.14e-06 samples/s=2522 elapsed=68.3m
ep057 step152100 loss=0.29460 ce=0.72292 grad=2.2720 lr=4.01e-06 samples/s=2526 elapsed=68.5m
ep057 step152400 loss=0.29594 ce=0.72557 grad=2.3395 lr=3.89e-06 samples/s=2514 elapsed=68.6m
ep057 step152700 loss=0.29694 ce=0.72891 grad=2.2866 lr=3.78e-06 samples/s=2508 elapsed=68.7m
ep057 step153000 loss=0.29268 ce=0.71828 grad=2.3445 lr=3.67e-06 samples/s=2500 elapsed=68.8m
ep057 step153300 loss=0.29319 ce=0.71944 grad=2.2673 lr=3.56e-06 samples/s=2504 elapsed=69.0m
[AMP retry] attempt=1 scale=131072->65536
ep057 step153600 loss=0.29730 ce=0.73023 grad=2.2538 lr=3.45e-06 samples/s=2513 elapsed=69.1m
ep057 step153900 loss=0.29511 ce=0.72412 grad=2.3508 lr=3.35e-06 samples/s=2521 elapsed=69.2m
[eval epoch 57 B] macro_top1=0.4596 top2=0.7981 top3=0.9101 vs_sbs=-0.901% vbs_closed=+19.18%
       TSP: top1=0.323 mean_cost=7.9249 (sbs=7.9578) vs_sbs=-0.41%
      CVRP: top1=0.445 mean_cost=18.2330 (sbs=18.2943) vs_sbs=-0.33%
      ATSP: top1=0.781 mean_cost=1.6345 (sbs=1.6735) vs_sbs=-2.33%
      OVRP: top1=0.345 mean_cost=7.4595 (sbs=7.4617) vs_sbs=-0.03%
      VRPB: top1=0.523 mean_cost=9.3431 (sbs=9.3403) vs_sbs=+0.03%
      VRPL: top1=0.280 mean_cost=12.4236 (sbs=12.4072) vs_sbs=+0.13%
     VRPTW: top1=0.424 mean_cost=17.9518 (sbs=18.6571) vs_sbs=-3.78%
    OVRPTW: top1=0.488 mean_cost=10.0494 (sbs=10.0484) vs_sbs=+0.01%
     OVRPB: top1=0.570 mean_cost=6.3245 (sbs=6.3220) vs_sbs=+0.04%
     OVRPL: top1=0.378 mean_cost=7.4387 (sbs=7.4376) vs_sbs=+0.01%
     VRPBL: top1=0.507 mean_cost=9.3783 (sbs=9.3593) vs_sbs=+0.20%
    VRPBTW: top1=0.388 mean_cost=19.1163 (sbs=19.6697) vs_sbs=-2.81%
    VRPLTW: top1=0.419 mean_cost=17.6711 (sbs=18.5091) vs_sbs=-4.53%
    OVRPBL: top1=0.552 mean_cost=6.3174 (sbs=6.3103) vs_sbs=+0.11%
   OVRPBTW: top1=0.467 mean_cost=10.5237 (sbs=10.5068) vs_sbs=+0.16%
   OVRPLTW: top1=0.495 mean_cost=10.1278 (sbs=10.1272) vs_sbs=+0.01%
   VRPBLTW: top1=0.387 mean_cost=18.9999 (sbs=19.5198) vs_sbs=-2.66%
  OVRPBLTW: top1=0.501 mean_cost=10.5376 (sbs=10.5412) vs_sbs=-0.03%
[epoch done 57] successful_updates=153900 per_problem=8550 skipped=63
ep058 step154200 loss=0.29400 ce=0.72156 grad=2.3165 lr=3.25e-06 samples/s=2577 elapsed=69.4m
ep058 step154500 loss=0.29331 ce=0.72046 grad=2.3266 lr=3.16e-06 samples/s=2574 elapsed=69.5m
ep058 step154800 loss=0.29759 ce=0.72994 grad=2.3069 lr=3.07e-06 samples/s=2577 elapsed=69.6m
ep058 step155100 loss=0.29089 ce=0.71483 grad=2.2918 lr=2.98e-06 samples/s=2581 elapsed=69.7m
ep058 step155400 loss=0.29438 ce=0.72232 grad=2.3755 lr=2.9e-06 samples/s=2563 elapsed=69.9m
[AMP retry] attempt=1 scale=131072->65536
ep058 step155700 loss=0.29687 ce=0.72900 grad=2.3057 lr=2.82e-06 samples/s=2567 elapsed=70.0m
ep058 step156000 loss=0.29294 ce=0.71905 grad=2.2878 lr=2.74e-06 samples/s=2568 elapsed=70.1m
ep058 step156300 loss=0.29814 ce=0.73141 grad=2.3782 lr=2.67e-06 samples/s=2571 elapsed=70.2m
ep058 step156600 loss=0.29390 ce=0.72148 grad=2.3054 lr=2.6e-06 samples/s=2574 elapsed=70.4m
[eval epoch 58 B] macro_top1=0.4591 top2=0.7976 top3=0.9098 vs_sbs=-0.893% vbs_closed=+18.08%
       TSP: top1=0.326 mean_cost=7.9251 (sbs=7.9578) vs_sbs=-0.41%
      CVRP: top1=0.446 mean_cost=18.2340 (sbs=18.2943) vs_sbs=-0.33%
      ATSP: top1=0.778 mean_cost=1.6351 (sbs=1.6735) vs_sbs=-2.29%
      OVRP: top1=0.342 mean_cost=7.4591 (sbs=7.4617) vs_sbs=-0.03%
      VRPB: top1=0.521 mean_cost=9.3439 (sbs=9.3403) vs_sbs=+0.04%
      VRPL: top1=0.284 mean_cost=12.4229 (sbs=12.4072) vs_sbs=+0.13%
     VRPTW: top1=0.418 mean_cost=17.9543 (sbs=18.6571) vs_sbs=-3.77%
    OVRPTW: top1=0.488 mean_cost=10.0482 (sbs=10.0484) vs_sbs=-0.00%
     OVRPB: top1=0.570 mean_cost=6.3246 (sbs=6.3220) vs_sbs=+0.04%
     OVRPL: top1=0.375 mean_cost=7.4388 (sbs=7.4376) vs_sbs=+0.02%
     VRPBL: top1=0.513 mean_cost=9.3919 (sbs=9.3593) vs_sbs=+0.35%
    VRPBTW: top1=0.392 mean_cost=19.1118 (sbs=19.6697) vs_sbs=-2.84%
    VRPLTW: top1=0.418 mean_cost=17.6664 (sbs=18.5091) vs_sbs=-4.55%
    OVRPBL: top1=0.547 mean_cost=6.3174 (sbs=6.3103) vs_sbs=+0.11%
   OVRPBTW: top1=0.466 mean_cost=10.5234 (sbs=10.5068) vs_sbs=+0.16%
   OVRPLTW: top1=0.495 mean_cost=10.1290 (sbs=10.1272) vs_sbs=+0.02%
   VRPBLTW: top1=0.393 mean_cost=18.9940 (sbs=19.5198) vs_sbs=-2.69%
  OVRPBLTW: top1=0.492 mean_cost=10.5397 (sbs=10.5412) vs_sbs=-0.01%
[epoch done 58] successful_updates=156600 per_problem=8700 skipped=64
ep059 step156900 loss=0.29158 ce=0.71638 grad=2.3496 lr=2.54e-06 samples/s=2602 elapsed=70.5m
ep059 step157200 loss=0.28991 ce=0.71117 grad=2.3110 lr=2.47e-06 samples/s=2602 elapsed=70.6m
ep059 step157500 loss=0.29715 ce=0.72910 grad=2.3917 lr=2.42e-06 samples/s=2597 elapsed=70.8m
[AMP retry] attempt=1 scale=131072->65536
ep059 step157800 loss=0.29508 ce=0.72435 grad=2.3292 lr=2.36e-06 samples/s=2594 elapsed=70.9m
ep059 step158100 loss=0.29583 ce=0.72637 grad=2.3274 lr=2.31e-06 samples/s=2596 elapsed=71.0m
ep059 step158400 loss=0.29072 ce=0.71358 grad=2.2381 lr=2.27e-06 samples/s=2593 elapsed=71.1m
ep059 step158700 loss=0.29528 ce=0.72502 grad=2.3428 lr=2.22e-06 samples/s=2594 elapsed=71.3m
ep059 step159000 loss=0.29714 ce=0.72901 grad=2.3321 lr=2.19e-06 samples/s=2592 elapsed=71.4m
ep059 step159300 loss=0.29828 ce=0.73206 grad=2.3807 lr=2.15e-06 samples/s=2578 elapsed=71.5m
[eval epoch 59 B] macro_top1=0.4591 top2=0.7978 top3=0.9101 vs_sbs=-0.894% vbs_closed=+18.05%
       TSP: top1=0.324 mean_cost=7.9242 (sbs=7.9578) vs_sbs=-0.42%
      CVRP: top1=0.443 mean_cost=18.2329 (sbs=18.2943) vs_sbs=-0.34%
      ATSP: top1=0.785 mean_cost=1.6344 (sbs=1.6735) vs_sbs=-2.34%
      OVRP: top1=0.342 mean_cost=7.4599 (sbs=7.4617) vs_sbs=-0.02%
      VRPB: top1=0.518 mean_cost=9.3442 (sbs=9.3403) vs_sbs=+0.04%
      VRPL: top1=0.277 mean_cost=12.4236 (sbs=12.4072) vs_sbs=+0.13%
     VRPTW: top1=0.421 mean_cost=17.9559 (sbs=18.6571) vs_sbs=-3.76%
    OVRPTW: top1=0.484 mean_cost=10.0494 (sbs=10.0484) vs_sbs=+0.01%
     OVRPB: top1=0.577 mean_cost=6.3229 (sbs=6.3220) vs_sbs=+0.01%
     OVRPL: top1=0.376 mean_cost=7.4381 (sbs=7.4376) vs_sbs=+0.01%
     VRPBL: top1=0.511 mean_cost=9.3915 (sbs=9.3593) vs_sbs=+0.34%
    VRPBTW: top1=0.389 mean_cost=19.1117 (sbs=19.6697) vs_sbs=-2.84%
    VRPLTW: top1=0.417 mean_cost=17.6717 (sbs=18.5091) vs_sbs=-4.52%
    OVRPBL: top1=0.549 mean_cost=6.3186 (sbs=6.3103) vs_sbs=+0.13%
   OVRPBTW: top1=0.467 mean_cost=10.5230 (sbs=10.5068) vs_sbs=+0.15%
   OVRPLTW: top1=0.495 mean_cost=10.1304 (sbs=10.1272) vs_sbs=+0.03%
   VRPBLTW: top1=0.395 mean_cost=18.9915 (sbs=19.5198) vs_sbs=-2.71%
  OVRPBLTW: top1=0.493 mean_cost=10.5402 (sbs=10.5412) vs_sbs=-0.01%
[epoch done 59] successful_updates=159300 per_problem=8850 skipped=65
ep060 step159600 loss=0.29254 ce=0.71751 grad=2.3360 lr=2.12e-06 samples/s=2518 elapsed=71.7m
[AMP retry] attempt=1 scale=131072->65536
ep060 step159900 loss=0.29597 ce=0.72695 grad=2.3567 lr=2.09e-06 samples/s=2503 elapsed=71.8m
ep060 step160200 loss=0.29223 ce=0.71756 grad=2.2770 lr=2.07e-06 samples/s=2499 elapsed=71.9m
ep060 step160500 loss=0.29550 ce=0.72635 grad=2.3766 lr=2.05e-06 samples/s=2495 elapsed=72.0m
ep060 step160800 loss=0.29309 ce=0.71993 grad=2.3067 lr=2.03e-06 samples/s=2494 elapsed=72.2m
ep060 step161100 loss=0.29212 ce=0.71598 grad=2.3509 lr=2.02e-06 samples/s=2493 elapsed=72.3m
ep060 step161400 loss=0.29507 ce=0.72519 grad=2.3229 lr=2.01e-06 samples/s=2493 elapsed=72.4m
ep060 step161700 loss=0.29348 ce=0.71961 grad=2.3238 lr=2e-06 samples/s=2490 elapsed=72.6m
[AMP retry] attempt=1 scale=131072->65536
ep060 step162000 loss=0.29764 ce=0.73046 grad=2.3716 lr=2e-06 samples/s=2486 elapsed=72.7m
[eval epoch 60 B] macro_top1=0.4588 top2=0.7980 top3=0.9102 vs_sbs=-0.894% vbs_closed=+17.96%
       TSP: top1=0.323 mean_cost=7.9244 (sbs=7.9578) vs_sbs=-0.42%
      CVRP: top1=0.450 mean_cost=18.2311 (sbs=18.2943) vs_sbs=-0.35%
      ATSP: top1=0.778 mean_cost=1.6352 (sbs=1.6735) vs_sbs=-2.29%
      OVRP: top1=0.345 mean_cost=7.4590 (sbs=7.4617) vs_sbs=-0.04%
      VRPB: top1=0.516 mean_cost=9.3460 (sbs=9.3403) vs_sbs=+0.06%
      VRPL: top1=0.279 mean_cost=12.4233 (sbs=12.4072) vs_sbs=+0.13%
     VRPTW: top1=0.421 mean_cost=17.9505 (sbs=18.6571) vs_sbs=-3.79%
    OVRPTW: top1=0.490 mean_cost=10.0485 (sbs=10.0484) vs_sbs=+0.00%
     OVRPB: top1=0.572 mean_cost=6.3238 (sbs=6.3220) vs_sbs=+0.03%
     OVRPL: top1=0.380 mean_cost=7.4374 (sbs=7.4376) vs_sbs=-0.00%
     VRPBL: top1=0.502 mean_cost=9.3930 (sbs=9.3593) vs_sbs=+0.36%
    VRPBTW: top1=0.397 mean_cost=19.1007 (sbs=19.6697) vs_sbs=-2.89%
    VRPLTW: top1=0.412 mean_cost=17.6688 (sbs=18.5091) vs_sbs=-4.54%
    OVRPBL: top1=0.550 mean_cost=6.3182 (sbs=6.3103) vs_sbs=+0.13%
   OVRPBTW: top1=0.468 mean_cost=10.5240 (sbs=10.5068) vs_sbs=+0.16%
   OVRPLTW: top1=0.494 mean_cost=10.1307 (sbs=10.1272) vs_sbs=+0.03%
   VRPBLTW: top1=0.387 mean_cost=19.0003 (sbs=19.5198) vs_sbs=-2.66%
  OVRPBLTW: top1=0.495 mean_cost=10.5394 (sbs=10.5412) vs_sbs=-0.02%
[train_eval epoch 60 B] macro_top1=0.7065 top2=0.9125 top3=0.9772 vs_sbs=-1.526% vbs_closed=+64.72%
       TSP: top1=0.614 mean_cost=7.9873 (sbs=8.0483) vs_sbs=-0.76%
      CVRP: top1=0.700 mean_cost=17.9481 (sbs=18.0705) vs_sbs=-0.68%
      ATSP: top1=0.765 mean_cost=1.6415 (sbs=1.6795) vs_sbs=-2.26%
      OVRP: top1=0.654 mean_cost=7.4269 (sbs=7.4591) vs_sbs=-0.43%
      VRPB: top1=0.764 mean_cost=9.2703 (sbs=9.3166) vs_sbs=-0.50%
      VRPL: top1=0.589 mean_cost=12.3692 (sbs=12.3957) vs_sbs=-0.21%
     VRPTW: top1=0.698 mean_cost=17.6744 (sbs=18.5949) vs_sbs=-4.95%
    OVRPTW: top1=0.744 mean_cost=10.0548 (sbs=10.1037) vs_sbs=-0.48%
     OVRPB: top1=0.795 mean_cost=6.2836 (sbs=6.3216) vs_sbs=-0.60%
     OVRPL: top1=0.633 mean_cost=7.4223 (sbs=7.4526) vs_sbs=-0.41%
     VRPBL: top1=0.754 mean_cost=9.2765 (sbs=9.3209) vs_sbs=-0.48%
    VRPBTW: top1=0.701 mean_cost=18.8836 (sbs=19.6924) vs_sbs=-4.11%
    VRPLTW: top1=0.671 mean_cost=17.6665 (sbs=18.6720) vs_sbs=-5.39%
    OVRPBL: top1=0.769 mean_cost=6.2735 (sbs=6.3079) vs_sbs=-0.54%
   OVRPBTW: top1=0.735 mean_cost=10.5201 (sbs=10.5894) vs_sbs=-0.65%
   OVRPLTW: top1=0.729 mean_cost=10.0700 (sbs=10.1136) vs_sbs=-0.43%
   VRPBLTW: top1=0.673 mean_cost=18.8856 (sbs=19.6661) vs_sbs=-3.97%
  OVRPBLTW: top1=0.727 mean_cost=10.4828 (sbs=10.5476) vs_sbs=-0.61%
[epoch done 60] successful_updates=162000 per_problem=9000 skipped=67
wandb:                                                                                
wandb: 
wandb: Run history:
wandb:            speed/samples_per_second ▁▅▅▄▄▃▅█▇█▄▅▇▄▆▇▆▆▅▆▃▇▅▅▇▄▄▇▆▇▇▅▇▇▇▅▇▇▇▄
wandb:                            train/ce ██▇▇▇▇▇▆▆▆▆▆▆▅▅▅▅▅▄▄▄▄▃▃▃▃▃▃▂▂▂▂▂▂▁▁▁▁▁▁
wandb:                     train/grad_norm ▄▅▅▂▂▂▁▁▁▁▁▁▁▁▁▁▁▁▃▃▄▅▅▅▆▆▆▆▆▇█▇▇█▇████▇
wandb:                          train/loss ███▇▇▇▇▇▆▆▆▆▆▆▆▅▅▅▅▅▄▄▄▄▃▃▃▂▂▂▂▂▂▁▁▁▁▁▁▁
wandb:                            train/lr ▃█████████▇▇▆▆▆▆▆▅▅▅▄▄▄▄▄▄▄▄▄▃▂▂▂▂▂▁▁▁▁▁
wandb:                          train/pair █▆▆▇▆▅▅▅▄▄▄▄▄▄▄▄▄▃▃▃▂▂▂▂▂▂▂▂▂▁▁▁▁▁▁▁▁▁▁▁
wandb:                          train/risk ██▇▇▇▆▆▆▆▆▆▆▅▆▅▅▅▅▅▄▄▄▄▄▄▃▃▃▃▃▂▂▂▂▂▂▁▁▁▁
wandb:  train_eval/macro_actual_regret_pct █▇▇▇▆▅▃▂▂▁▁▁
wandb:                 train_eval/macro_ce █▇▇▇▆▅▄▃▂▁▁▁
wandb:          train_eval/macro_mean_cost █▇▇▇▅▄▃▂▂▁▁▁
wandb:               train_eval/macro_top1 ▁▁▂▂▃▄▅▆▇███
wandb:     train_eval/macro_top1_tie_aware ▁▁▂▂▃▄▅▆▇███
wandb:               train_eval/macro_top2 ▁▂▂▃▄▅▆▇▇███
wandb:               train_eval/macro_top3 ▁▂▃▃▄▅▆▇████
wandb: train_eval/macro_vbs_gap_closed_pct ▁▂▂▂▃▄▅▇▇███
wandb:      train_eval/macro_vs_oracle_pct █▇▇▇▆▅▃▂▂▁▁▁
wandb:         train_eval/macro_vs_sbs_pct █▇▇▇▆▅▃▂▂▁▁▁
wandb:          val/ATSP/actual_regret_pct ▃▄▄▂▃▁▂▂▁▁▂▁▂▄█▂▁▁▁▂▁▁▁▂▁▁▂▁▁▁▂▃▁▁▂▁▁▁▁▁
wandb:                         val/ATSP/ce ▅▅█▆▃▃▃▃▂▂▂▃▆▃▂▂▂▄▃▂▁▁▃▁▁▂▂▁▁▂▁▁▂▂▂▂▁▂▁▁
wandb:                  val/ATSP/mean_cost ▅▄▂▄▃▂▂▂▂▁▄█▄▂▁▂▄▁▁▁▃▁▁▃▂▁▁▁▁▁▃▂▁▂▁▁▁▁▁▂
wandb:                       val/ATSP/top1 ▄▅▁▂▆▆▇▇▆█▆▃▅▇█▇▇▅▇██▇▆▇█▆▆█▇▇█▆▇███▇▇▇▇
wandb:             val/ATSP/top1_tie_aware ▅▅▁▆▂▇▆▇▇▇▇█▆▆▄██▇▆▇██▇▇█▇▇███▇██▇▇▇█▇█▇
wandb:                       val/ATSP/top2 ▅▁▄█▆▇▇▇▇▇▆▇▆▇▇▇█▇▇▆█▇██▇▇▇▇▇▇██▇▇▇▇█▇▇▇
wandb:                       val/ATSP/top3 ▁▂▄▅▇▄▄▇▅▂▄█▄▅▂▅▄▅▄▄▅▂▅▅▅▅▄▅▄▇▅▄▄▅▅▇▅▅▅▅
wandb:         val/ATSP/vbs_gap_closed_pct ▆▅▆▇▇▁▆█▇█▇█▆▅▇█▅██████▇██████▇███▇█████
wandb:              val/ATSP/vs_oracle_pct ▃▃▂▃█▁▂▂▂▁▁▁▂▃▇▂▁▂▄▁▁▁▂▁▁▂▁▁▁▁▂▂▁▁▂▁▁▁▁▁
wandb:                 val/ATSP/vs_sbs_pct ▄▄▂▂▃▁▂▂▂▁▂▁▂▄█▁▁▂▄▁▁▁▁▁▃▁▁▁▁▁▃▂▁▁▁▁▁▁▁▁
wandb:          val/CVRP/actual_regret_pct ▅█▆▃▂▁▂▁▁▂▁▁▁▁▁▁▁▂▂▁▂▂▂▁▂▂▂▂▂▂▂▂▂▂▂▂▂▂▂▂
wandb:                         val/CVRP/ce █▆▆▄▃▂▂▂▁▂▁▁▁▁▁▁▁▁▁▂▂▂▂▂▃▃▃▄▄▅▆▅▅▅▆▇▇▇▇▇
wandb:                  val/CVRP/mean_cost ▇█▇▃▁▂▂▁▁▁▂▁▁▁▁▁▂▁▂▁▁▂▂▂▂▂▂▂▂▂▂▂▃▂▃▂▃▃▃▃
wandb:                       val/CVRP/top1 ▁▂▂▅▇▇▇▇▇▇███▇▇▇████▇█▇▇▇▇▇▇▇▇▇▇▆▆▇▆▆▆▆▇
wandb:             val/CVRP/top1_tie_aware ▁▂▂▅▆▇▇█▇██▇▇▇██████▇▇▇▇▇▇▇▇▇▇▇▇▇▆▆▇▇▆▆▇
wandb:                       val/CVRP/top2 ▁▃▅▇▆▇▇▇▇████████▇█▇▇█▇█▇▇▇▇▇▆▇▇▇▇▆▇▆▇▆▇
wandb:                       val/CVRP/top3 ▁▄▆▅▆▇▇▇▇▇▇▇█▇█▇▇▇▇▇▇▇▇▇▆▆▆▆▆▆▆▆▅▅▆▆▅▅▆▆
wandb:         val/CVRP/vbs_gap_closed_pct ▁▂▆▅▇▆▇█▆▆██▇█▇█▃▇▅▆▅▆▅▅▆▆▄▅▅▅▅▄▄▃▂▄▃▃▃▃
wandb:              val/CVRP/vs_oracle_pct ▇█▃▁▃▁▁▁▂▁▂▁▁▁▁▁▂▁▂▁▂▂▂▂▂▂▂▂▂▂▃▂▂▃▃▃▃▃▃▃
wandb:                 val/CVRP/vs_sbs_pct ▇█▇▃▁▂▁▁▂▁▁▂▂▁▁▁▁▁▁▂▁▂▂▂▂▂▂▂▂▂▃▂▂▃▃▂▃▃▃▃
wandb:          val/OVRP/actual_regret_pct ▄▅▇█▃▄▃▂▂▄▃▂▁▁▁▁▁▃▁▂▃▄▄▄▃▄▃▄▄▃▃▃▄▄▄▅▅▄▄▄
wandb:                         val/OVRP/ce ▂▁▁▁▁▁▁▁▁▁▁▁▁▁▁▁▂▂▂▂▂▂▃▃▄▄▄▅▅▅▆▆▇▇▇█████
wandb:                  val/OVRP/mean_cost ▅▅▇█▃▄▃▂▂▃▂▃▃▃▂▁▁▁▁▁▁▂▂▂▂▄▃▃▃▃▄▃▃▃▄▄▄▄▄▃
wandb:                       val/OVRP/top1 ▃▁▂▂▄▄▅▃▄▂▆▆▆▆▆▆█▆█▇▇▅▅▆▅▅▅▆▅▅▅▅▅▄▄▄▅▅▅▅
wandb:             val/OVRP/top1_tie_aware ▂▃▁▂▅▅▃▅▂▆▆▆▆▅▆█▆█▇▆▅▅▆▅▆▅▅▅▄▅▅▅▅▄▅▅▄▅▅▅
wandb:                       val/OVRP/top2 ▄▄▃▆▁▄▅▆▆▆▂▅▆▇▇███▇▇▆▆▆▄▅▆▄▄▄▄▄▄▄▃▄▃▃▃▃▃
wandb:                       val/OVRP/top3 ▆▆▆▆▆▆▅▆▆▄▇▇▅▇█▇▇▆▆▅▅▆▅▆▅▅▂▄▅▄▂▃▂▃▃▂▁▁▁▂
wandb:         val/OVRP/vbs_gap_closed_pct ▄▁▅▅▆▇▆▆▅▅█▇▇▇▇▇▇▇▆▇▇▇▇▆▅▅▆▅▆▅▆▅▆▆▅▄▅▅▅▅
wandb:              val/OVRP/vs_oracle_pct ▅▅▇█▄▄▃▃▂▃▂▄▄▁▁▂▂▂▂▂▂▂▂▄▃▄▄▃▄▄▄▄▃▄▄▄▅▄▄▄
wandb:                 val/OVRP/vs_sbs_pct ▅▅▇█▄▄▃▃▂▂▁▄▂▂▂▂▂▃▃▂▄▃▄▄▃▄▃▄▄▃▃▄▄▄▅▄▄▄▄▄
wandb:         val/OVRPB/actual_regret_pct ▆▇▄▆▇▅▄▃▄▅▃▃▅▁▆▄▆▅▄▅▄▅▆▇▅▇▅▇▅▇▆▇▇▇▇███▇█
wandb:                        val/OVRPB/ce ▁▁▁▁▁▁▁▁▁▁▁▁▁▁▁▁▁▁▁▁▂▂▂▂▃▄▄▅▅▅▆▆▇▇▇▇▇███
wandb:                 val/OVRPB/mean_cost █▅▇▇▆▃▃▅▃▅▄▄▅▁▆▅▅▅▅▄█▅▅▆▇▇▅▇▆█▇▇▇▇██▇███
wandb:                      val/OVRPB/top1 ▂▂▃▂▃▁▄▅▅▃▅▅▅█▄▄▅▇▆▇▄▃▇▆▅▆▅▇▃▆▅▅▅▅▅▄▅▅▄▅
wandb:            val/OVRPB/top1_tie_aware ▂▂▃▂▂▁▆▄▅▅▅▄█▄▆▅▇▆▇▆▇▇▅▄▅▃▆▃▆▅▅▅▃▄▅▅▄▄▄▅
wandb:                      val/OVRPB/top2 █████████████▆▆▇█▆▇▇█▇▇█▆▄▃▂▂▁▁▃▁▄▁▁▁▂▁▂
wandb:                      val/OVRPB/top3 ▅█▂▄▂▅▅▄▄▇▅▇▇█▅▅▅▅▅▄█▇▅▅▅▄▄▂▅▁▂▁▄▅▂▂▄▂▄▄
wandb:        val/OVRPB/vbs_gap_closed_pct ▂▁▄▂▂▆▃▆▄▄▅▅▅█▃▄▃▄▄▅▃▁▄▄▂▂▄▂▃▁▂▂▂▂▁▁▂▁▁▁
wandb:             val/OVRPB/vs_oracle_pct █▅▇▇▆▃▅▃▅▆▄▄▅▁▆▆▅▆▅▄█▅▅▆▇▅▇▇▆█▇▇▇▇███▇██
wandb:                val/OVRPB/vs_sbs_pct █▅▇█▆▃▆▅▃▆▄▄▁▆▃▅▆▅▅▅▅▆█▅▅▇▇▇▇▆▆▇▇▇█████▇
wandb:        val/OVRPBL/actual_regret_pct ▃▄▃▃▂▂▄▂▃▃▂▁▂▂▄▁▃▅▅▂▄▄▄▆▅▅▅▆▄▅▇▅▅▅▆█▇█▇▇
wandb:                       val/OVRPBL/ce ▁▁▁▁▁▁▁▁▁▁▁▁▁▁▁▁▂▂▂▂▃▃▄▄▄▅▅▅▆▆▆▇▇▇▇█████
wandb:                val/OVRPBL/mean_cost ▃▃▄▄▃▁▄▄▃▂▁▁▂▁▄▃▄▃▄▃▅▄▅▄▅▅▅▆▅▄▄▅███▇█▇▇▇
wandb:                     val/OVRPBL/top1 ▁▃▅▁▁▂▆▄▄▄▃▄▅▆▇█▅▅█▆▆▃▄▅▂▃▃▄▃▄▄▄▃▄▄▃▄▃▄▄
wandb:           val/OVRPBL/top1_tie_aware ▁▁▂▂▆▆▄▄▇▃█▅█▆▇▅▃▅▅▅▆▃▅▄▄▄▃▄▃▄▄▄▄▄▃▄▃▄▃▄
wandb:                     val/OVRPBL/top2 ████████████████▇▇█▇▇▇▆▆▅▅▂▅▄▁▁▁▃▂▁▂▂▁▂▁
wandb:                     val/OVRPBL/top3 ▃█▇▇█▅█▆█▇█▇█▇▆▇▇▃▅▇▅▅▅▆▄▄▂▃▃▂▃▁▃▃▂▃▃▂▂▃
wandb:       val/OVRPBL/vbs_gap_closed_pct ▅▆▆▅▇▇▆▇▇█▅██▆▅▆▆▅▆▆▄▅▄▄▅▅▄▄▃▄▅▄▂▁▁▂▁▂▂▂
wandb:            val/OVRPBL/vs_oracle_pct ▃▄▃▃▁▂▄▃▂▃▁▂▂▁▄▃▄▃▃▄▃▆▅▄▆▅▅▅▅▄▄▅▇██▇█▇▇▇
wandb:               val/OVRPBL/vs_sbs_pct ▃▄▄▃▁▂▄▃▂▃▁▂▁▁▄▁▃▄▂▃▃▃▅▄▅▄▅▅▆▅▄▄▅▇██▇▇█▇
wandb:      val/OVRPBLTW/actual_regret_pct ▅▆▆▆▃▄▄▄▅▃▆▆▃▅▃▄▃▁▂▆█▃▆▆▆▅▆▅▅▆▅▅▇▅▆▆▆▇▇▆
wandb:                     val/OVRPBLTW/ce ▁▁▁▁▁▁▁▁▁▁▁▁▁▁▁▁▁▁▁▂▂▂▂▂▃▄▄▅▄▅▅▆▆▇▇▇████
wandb:              val/OVRPBLTW/mean_cost ▅▇▇▆▅▆▅▄▅▄▆▂▆▃▃▄▃▁▇▄█▇▃▇▇▆▅▆▇▆▇█▅▇▇▇▇█▆▇
wandb:                   val/OVRPBLTW/top1 ▆▄▁▄▄▂▅▅▆▆▆█▇▆▇▆▃▅▂▅▃▃▇▄▅▅▇▅▆▅▅▆▆▆▄▄▅▆▄▅
wandb:         val/OVRPBLTW/top1_tie_aware ▆▄▁▄▄▂▅▅▆▇▃▆▃█▆▇▆██▆▂▂▃▅▄▃▇▄▅▇▇▅▃▆▅▆▄▄▅▅
wandb:                   val/OVRPBLTW/top2 ▇▇▇▇▇▇▇▇▇█▇▇▇▁▇▄▆▃▇▅▅▄▂▇▁▄▅▅▄▆▄▂▃▃▅█▅▅▄▆
wandb:                   val/OVRPBLTW/top3 █▆█████▆███████████▄█▆▆▄▆▃▄▁▃▃▁▃▃▄▃▁▁▁▃▃
wandb:     val/OVRPBLTW/vbs_gap_closed_pct ▄▂▂▃▄▅▆▄▆▅▇▄▆▆▅█▇▃▅▆▂▃▂▄▄▃▃▄▄▃▄▂▂▃▃▂▁▂▃▂
wandb:          val/OVRPBLTW/vs_oracle_pct ▅▇▆▂▅▄▃▄▂▃▁▅▂▅▃▁▇▄▃█▇▇▅▆▅▆▇▆▅▇▇██▇██▇▆▇▇
wandb:             val/OVRPBLTW/vs_sbs_pct ▅▆▆▅▅▄▃▄▂▄▆▂▅▃▅▁▆▄█▃▆▃▆▅▅▆▅▄▇▄▇▆▇▆▇▇▇▆▅▆
wandb:       val/OVRPBTW/actual_regret_pct ▂▆▂▄▂▃▂▂▁▂▂▄▂▃▃▄▄▃▅▄▆▅▅▅▇▆▆▇▇▆▆▅▅▇▇█▇▇██
wandb:                      val/OVRPBTW/ce ▁▁▁▁▁▁▁▁▁▁▁▁▁▁▁▁▁▁▁▂▂▃▃▃▄▅▅▅▆▆▇▇████████
wandb:               val/OVRPBTW/mean_cost ▂▄▁▃▁▂▁▂▃▁▂▂▃▄▄▄▃▅▄▄▅▅▅▆▆▆▇▇▆▇▅▅▆▇▆██▇██
wandb:                    val/OVRPBTW/top1 ▄▄▁▅▄▂▆▄█▇▇█▄▆▇█▅▅▄▄▄▅▄▃▄▃▃▄▂▃▂▂▃▄▄▂▁▁▁▁
wandb:          val/OVRPBTW/top1_tie_aware ▄▄▁▅▅▅▆▃▆▄▇▇█▄▆▆▄▇▄▅▃▃▄▃▄▄▂▂▃▃▃▄▂▁▄▁▁▂▁▁
wandb:                    val/OVRPBTW/top2 ████████████████▇▇▇▄▇▅▇▅▆▅▄▅▆▄▂▅▄▂▂▁▂▂▂▂
wandb:                    val/OVRPBTW/top3 ███▇███████▇███▇▇█▇█▇▄▅▄▅▄▁▂▄▂▂▄▂▂▂▂▂▂▂▂
wandb:      val/OVRPBTW/vbs_gap_closed_pct ▃▅▆▅▇█▆▇▆█▇▇▅▇▆▅▅▅▅▆▅▅▃▄▅▄▃▂▂▃▃▂▄▂▃▁▁▂▁▁
wandb:           val/OVRPBTW/vs_oracle_pct ▆▁▃▄▂▁▃▂▃▁▂▂▂▄▂▃▄▄▃▅▆▅▅▄▅▆▆▇▆▇▆▆▅▅▇██▇██
wandb:              val/OVRPBTW/vs_sbs_pct ▂▆▄▁▄▁▃▂▂▂▂▂▃▂▄▄▄▅▄▄▅▅▆▆▇▇▇▆▇▆▅▆▇▆██▇███
wandb:         val/OVRPL/actual_regret_pct ▅█▇▅▅▅▃▂▂▂▂▁▃▂▃▂▂▃▃▃▃▂▄▄▅▅▆▅▅▄▅▅▅▅▅▅▅▆▅▅
wandb:                        val/OVRPL/ce ▂▃▂▂▂▂▁▁▁▁▁▁▁▁▁▁▁▂▂▂▃▂▂▃▄▄▅▅▅▆▇▇▇▇██████
wandb:                 val/OVRPL/mean_cost █▄█▇▅▅▂▂▂▃▂▁▃▂▂▂▂▃▄▃▄▄▄▄▅▅▅▄▅▅▅▅▅▅▄▅▅▅▅▅
wandb:                      val/OVRPL/top1 ▁▁▁▂▂▃▄▅▆▅█▅▆▆▅▆▆▆█▆▇▆▆▅▆▄▆▆▅▆▅▅▅▅▅▅▅▅▅▅
wandb:            val/OVRPL/top1_tie_aware ▁▂▁▂▂▃▄▅▅▆▅█▅▅▅▆▆▆█▆▆▆▅▅▅▅▄▅▆▅▄▅▅▄▅▅▅▅▅▅
wandb:                      val/OVRPL/top2 ▄▄▃▄▅▇▇▆▆▇▅▅█▇▆▇▄█▅▆▄▆▄▅▁▄▅▄▃▅▃▃▂▂▄▃▄▄▄▄
wandb:                      val/OVRPL/top3 ▇▇▇▇▇▇▇█▇▇▇▇██▇▇▆▆▆▂▅▃▂▂▁▃▃▂▃▂▂▃▃▃▂▃▂▃▃▂
wandb:        val/OVRPL/vbs_gap_closed_pct ▃▂▅▁▂▇▆▆▅██▅▅▆▇▇▆▆▅▃▇▄▄▂▁▂▃▄▂▃▂▂▂▂▁▂▁▂▁▂
wandb:             val/OVRPL/vs_oracle_pct █▄█▇▅▃▃▂▂▃▁▂▁▂▃▁▂▂▂▂▂▄▄▄▄▅▅▄▄▅▅▅▅▅▅▅▅▅▅▄
wandb:                val/OVRPL/vs_sbs_pct ██▇▅▃▂▂▃▁▂▃▂▃▁▂▂▃▄▃▂▄▄▅▅▅▄▅▅▄▅▅▅▄▅▅▅▅▅▅▄
wandb:       val/OVRPLTW/actual_regret_pct ▃▅▇▁▂▄▃▃▃▄▂▃▂▃▃▃▁▅▃▄▆▅▇█▄▄▅▂▆▆▅▃▅▇▅▇▅▅▅▆
wandb:                      val/OVRPLTW/ce ▁▁▁▁▁▁▁▁▁▁▁▁▁▁▁▁▁▁▁▁▂▁▂▂▂▃▃▃▄▄▅▆▅▆▆▇▇▇██
wandb:               val/OVRPLTW/mean_cost ▃█▄▅▁▄▃▃▂▃▂▂▃▂▃▃▂▃▁▃▄▆▆▃▅▁▃▄▃▃▄▄▅▃▄▅▄▄▃▄
wandb:                    val/OVRPLTW/top1 ▁▆▄▆▆▅██▆▇█████▆▆▆▄▅▄▅▃▇▅▃▆▄▅▅▅▅▆▆▆▅▆▅▆▆
wandb:          val/OVRPLTW/top1_tie_aware ▁▅▃▄▆▅▄▃▆▆█▆▅▆▆▆▅▄▅▅▄▁▄▅▄▆▃▅▄▄▅▅▄▅▅▄▅▄▅▅
wandb:                    val/OVRPLTW/top2 ██████████████████▇█▃▆▅▆▆▆▃▄▅▅▅▃▂▄▄▂▂▁▂▂
wandb:                    val/OVRPLTW/top3 ▆█████████▆████▆███▆█▆▆▃▆▆▆▆▃▁▃▆▁▃▃▁▁▁▁▁
wandb:      val/OVRPLTW/vbs_gap_closed_pct ▁▆▅▄▅▇▅▆▆▇▆▇▇▇▆▆▆█▅▆▅▃▆▄▆▆▅▆▅▆▇▅▅▆▅▄▅▅▆▅
wandb:           val/OVRPLTW/vs_oracle_pct ▃█▃▄▄▄▃▃▃▂▂▃▂▃▃▃▁▄▃▄▄▆▆▃▅▄▁▃▄▃▃▃▄▄▅▄▄▄▄▄
wandb:              val/OVRPLTW/vs_sbs_pct █▃▄▅▄▁▃▃▃▂▁▁▂▂▂▂▁▂▄▄▅▂▅▂▃▃▄▂▄▂▄▃▃▄▃▃▄▃▃▄
wandb:        val/OVRPTW/actual_regret_pct ▅▄█▅▄▃▁▃▃▁▃▂▁▂▅▄▄▅▅▄▅▄▃▅▄▄▄▆▅▆▆▄▆▅▅▅▆▆▆▆
wandb:                       val/OVRPTW/ce ▁▁▁▁▁▁▁▁▁▁▁▁▁▁▁▁▁▁▁▁▂▂▂▃▃▄▅▅▅▅▆▇▇▇▇█████
wandb:                val/OVRPTW/mean_cost █▄▁▆▄▂▅▃▂▁▁▃▂▃▁▃▄▃▃▄▄▄▄▃▃▃▄▄▄▆▅▃▄▅▄▃▅▄▅▄
wandb:                     val/OVRPTW/top1 ▃▄█▃▇▆▂▆▄▅▅▃▇▃▂▂▂▃▃▂▃▂▄▁▅▃▃▅▂▄▃▃▂▆▄▃▅▄▄▄
wandb:           val/OVRPTW/top1_tie_aware ▄▅█▇▇▄▅▆▆▅▆▅▆▇▄▄▃▃▃▃▃▃▄▆▄▅▃▄▁▄▄▃▆▄▆▄▅▄▄▅
wandb:                     val/OVRPTW/top2 █████████▇███▇█▇█▇▄▄▄▅▅▅▅▄▅▂▄▃▄▂▁▃▄▂▁▁▂▁
wandb:                     val/OVRPTW/top3 ▆▆▆▆▆█▆█▆█████▆██▆███▅▆▅▁▅▃▃▅▆▅▅▅▅▅▅▅▅▅▅
wandb:       val/OVRPTW/vbs_gap_closed_pct ▁▅▃▇▄▇█▆▇█▇▆▇█▆▆▆▆▄▇▅▅▅▅▆▆▆▅▅▇▅▄▆▅▅▆▆▅▄▅
wandb:            val/OVRPTW/vs_oracle_pct ▄█▄▆▄▂▅▃▂▁▁▃▂▂▁▄▃▄▅▂▃▄▃▄▃▄▄▂▆▄▃▄▄▄▃▅▄▅▄▄
wandb:               val/OVRPTW/vs_sbs_pct ▄█▄▁▆▂▅▃▂▃▁▃▂▃▂▂▃▄▃▃▅▂▄▄▄▄▃▄▃▃▆▄▃▄▅▃▃▅▅▅
wandb:           val/TSP/actual_regret_pct █▁▂▃▃▃▄▁▂▂▂▃▁▂▂▂▁▂▁▂▂▁▂▂▃▂▃▃▃▃▄▃▃▃▄▃▄▄▄▄
wandb:                          val/TSP/ce ▂▂▂▁▁▁▁▁▂▁▂▂▁▁▁▁▂▂▂▂▂▃▃▃▃▄▄▅▅▆▆▇▇▇▇█████
wandb:                   val/TSP/mean_cost ▂▄▃▃▆▂▄▄▄▃▂▃▄▂▃▁▃▁▄▃▁▃▃▆▆▄▅▆▅▆▇▆▇▇██▇▇█▇
wandb:                        val/TSP/top1 ▃▅▆█▇▆▆▆▃▄▇▇▄▆▇▇▆▇▇▆▆▄▅▃▄▃▄▃▃▃▂▃▁▄▁▂▁▁▁▁
wandb:              val/TSP/top1_tie_aware ▅▆▇█▇▆▆▆▆▃▇▄▆▆▇▇▇▇▅▇▆▅▅▄▅▃▄▂▃▂▃▁▂▂▂▃▁▁▁▁
wandb:                        val/TSP/top2 ▂▅▄▅▆█▅▆▆▄▄▇▆▇▃▇▇██▄▅▄▅▄▄▄▂▄▂▃▂▁▂▂▂▂▂▁▁▂
wandb:                        val/TSP/top3 ▃▂▄▆▆██▆▆▇▅▇▆▇▇▄██▇▇▅▆▆▅▄▅▃▄▄▄▂▂▂▂▃▃▁▂▃▃
wandb:          val/TSP/vbs_gap_closed_pct ▁█▇▇▆▅▄█▇▆▇▆▇▇▆█▆▇█▇▇▆▅▆▆▆▅▅▅▅▅▅▄▅▄▄▄▄▄▄
wandb:               val/TSP/vs_oracle_pct █▂▃▂▂▄▅▂▃▃▂▂▂▂▁▁▃▂▂▁▃▄▃▄▃▄▃▃▄▄▄▄▅▅▄▅▅▅▅▅
wandb:                  val/TSP/vs_sbs_pct █▃▂▂▃▃▄▅▂▃▃▂▃▂▃▂▂▁▃▂▁▂▄▃▃▃▄▄▄▄▄▄▄▅▄▅▅▅▅▅
wandb:          val/VRPB/actual_regret_pct ▃▂▂▃▅▃▃▃▃▂▂▄▄▂▁▂▆▃▇▄▄▇▅▅▅▅▆▇▆▇▇▇▇▆▇▆▆▇▇█
wandb:                         val/VRPB/ce ▁▁▁▁▁▁▁▁▁▁▁▁▁▁▁▁▁▁▂▂▂▂▂▃▃▄▅▅▅▅▆▆▆▇▇▇▇███
wandb:                  val/VRPB/mean_cost ▄▃▃▅▃▃▄▄▃▄▃▂▁▃▃▁▆▄▇▅▄▇▆▅▅▆▇▆▇█▇▇▇▇▆▆▆▇▇█
wandb:                       val/VRPB/top1 ▆▆▆▆▆▆▄▆▃▆██▆▇▃▂▃▅▁▂▄▄▄▃▄▃▂▂▃▃▂▂▃▂▂▃▃▃▃▂
wandb:             val/VRPB/top1_tie_aware ▆▆▅▆▃▆▃▆▆▃▇██▆▇▅▂▃▁▂▃▄▃▄▃▂▃▃▃▂▃▂▂▂▃▃▃▃▃▂
wandb:                       val/VRPB/top2 ▇▇▇▇▇▇▇▇▇▇██▇▇▇█▆█▅▆▄▆▇▃█▃▆▄▄▅▁▂▃▂▂▂▂▁▂▂
wandb:                       val/VRPB/top3 ▁▂▅▅▆▅▆▇█▆▇▇█▄▆▆▇▅▅▆▆▆▆▆▆▄▃▅▄▄▄▂▃▃▃▄▃▄▃▄
wandb:         val/VRPB/vbs_gap_closed_pct ▇▆▄▆▆▆▇▇▆▆▇█▇▇▅▄▆▂▅█▂▄▄▂▃▃▃▄▃▂▃▂▃▄▂▄▃▃▂▁
wandb:              val/VRPB/vs_oracle_pct ▄▃▄▅▄▃▄▃▄▃▄▃▁▃▃▁▅▆▄▇▂▇▅▇▆▆▇██▆▇▇▆▇▆▆▇▇▇█
wandb:                 val/VRPB/vs_sbs_pct ▄▃▄▆▄▄▄▄▃▄▃▅▄▂▁▃▅▁▆▆█▅▂▆▆▆█▇▇▆▇█▇▇▇▆▇▇▇█
wandb:         val/VRPBL/actual_regret_pct ▁▁▁▂▁▁▁▁▁▂▂▂▂▂▂▂▂▄▃▅▆▆▆▆▆▅▆▆▆▅▆▆▆▅███▅██
wandb:                        val/VRPBL/ce ▁▁▁▁▁▁▁▁▁▁▁▁▁▁▁▁▂▂▂▂▂▂▃▃▃▄▄▅▅▆▆▆▇▇▇█████
wandb:                 val/VRPBL/mean_cost ▁▁▁▁▁▁▁▂▂▂▂▂▂▂▂▃▄▂▃▃▄▆▆▄▆▃▄▆▅▅▇▆▇▅█▇██▅█
wandb:                      val/VRPBL/top1 ▇▇▇▆▇█▆▄▄▆▄▅▄▅▅▄▄▄▂▂▃▂▁▃▁▂▃▃▃▁▃▃▄▂▂▂▃▃▃▃
wandb:            val/VRPBL/top1_tie_aware ▇▇▇▇▆▇▇█▇▆▄▆▅▅▄▄▄▂▂▃▁▃▂▃▁▂▃▃▁▂▄▂▃▂▃▂▄▃▃▂
wandb:                      val/VRPBL/top2 ▇▇▇▇▇▇▇▇▇▇▇▇█▇▇▅▆▅▇▆▄▁▆▃▄▄▃▂▄▄▃▄▃▃▃▂▄▃▃▃
wandb:                      val/VRPBL/top3 ▂▂▃▁█▇▇█▃▆▆▆▆▆▆▆▆▆▆▆▅▁▄▂▄▃▃▂▃▁▂▂▂▃▃▂▃▂▂▃
wandb:        val/VRPBL/vbs_gap_closed_pct ███████████▇▇▇▇▇▇▆▅▆▅▄▅▃▃▃▅▃▃▄▃▃▄▄▁▁▁▄▁▁
wandb:             val/VRPBL/vs_oracle_pct ▁▁▁▁▁▁▁▁▁▁▂▁▂▂▂▂▂▂▃▄▃▃▅▄▆▄▆▃▄▆▅▆▇▅▇█▇▇█▇
wandb:                val/VRPBL/vs_sbs_pct ▁▁▁▁▁▁▁▂▁▂▂▂▂▂▃▄▂▃▃▄▄▆▆▄▆▄▆▆▆▅█▆█▅▅███▅█
wandb:       val/VRPBLTW/actual_regret_pct █▃▇▃▂▃▂▁▁▁▂▂▁▂▂▂▂▂▂▂▃▂▂▃▃▂▃▃▃▃▄▃▃▄▃▄▃▄▃▄
wandb:                      val/VRPBLTW/ce ▂▃▂▁▁▁▁▁▁▁▁▁▁▂▂▂▂▃▃▃▄▄▄▄▅▅▅▆▆▆▇▇▇▇▇█████
wandb:               val/VRPBLTW/mean_cost █▇▂▂▃▂▂▂▂▂▂▂▂▁▁▂▂▂▂▂▂▃▂▂▃▂▃▃▃▃▄▃▃▄▃▄▃▄▃▄
wandb:                    val/VRPBLTW/top1 ▃▄▃▆▆▄▅▇▆█▇▇▇▇▅▇▇▇▇▇██▇▇▄▅▆▅▃▃▃▃▄▂▃▂▂▂▂▁
wandb:          val/VRPBLTW/top1_tie_aware ▁▅▄▆▆▅▇▆▇▇▇▆▅█▆▇▆▆▆▇▆▅▄▆▅▆▅▄▄▄▅▃▄▃▂▃▃▃▃▂
wandb:                    val/VRPBLTW/top2 ▁▁▅▂▆▇▆▇▆▇▇▇██▆███▇▇▆▇▆▇▇▆▇▆▇▆▅▆▆▅▅▅▆▅▅▅
wandb:                    val/VRPBLTW/top3 ▂▂▅▁▆▆▇█▇█▇███▇██▇█▇▇▆▆▇▇▆▆▆▆▆▆▅▅▅▆▅▅▅▅▅
wandb:      val/VRPBLTW/vbs_gap_closed_pct ▁▆▇▇▆▇▇▇▇▇▇▇▆█▇▇▇▇▇▇▇▇▇▆▇▆▆▆▆▆▆▅▆▅▅▅▆▅▅▅
wandb:           val/VRPBLTW/vs_oracle_pct █▄▇▂▁▂▂▁▂▁▂▂▁▂▂▁▂▁▁▁▁▁▂▂▂▂▃▃▂▃▃▄▃▃▃▃▃▃▃▃
wandb:              val/VRPBLTW/vs_sbs_pct ██▇▂▃▂▂▂▂▂▂▂▂▂▂▂▁▁▂▂▂▂▂▂▂▃▂▂▃▃▂▃▃▃▃▃▃▃▄▃
wandb:        val/VRPBTW/actual_regret_pct ▅▃█▂▁▂▂▃▂▁▂▂▃▂▂▃▂▂▃▂▃▄▃▄▃▄▄▄▃▄▄▃▃▄▄▄▃▃▄▃
wandb:                       val/VRPBTW/ce ▂▂▂▁▁▂▁▁▁▁▁▁▁▁▁▂▁▁▁▂▂▂▃▃▄▅▅▅▆▆▆▇▇▇██████
wandb:                val/VRPBTW/mean_cost ▇▆▄█▁▂▂▃▁▂▃▂▂▂▂▃▂▂▂▃▂▂▃▃▃▃▃▄▅▄▄▄▄▄▄▄▄▄▄▃
wandb:                     val/VRPBTW/top1 ▃▇▁▅▇▆▅█▆▆▄▄▇▅▅▄▇▅▄▅▄▃▂▄▄▂▂▂▂▁▂▁▃▃▁▂▃▁▁▁
wandb:           val/VRPBTW/top1_tie_aware ▂▇▁▅▇▅█▆▆█▆▇▄▄▅▄█▄▇▅▅▄▂▄▄▂▂▂▁▃▂▁▃▁▁▂▃▁▁▂
wandb:                     val/VRPBTW/top2 ▄▆▁▇▇▇▆▇█▇█▆▆▇▇█▇▇▇▆▇▆▆▆▅▆▅▅▆▆▆▅▅▆▆▅▅▅▅▆
wandb:                     val/VRPBTW/top3 ▅▅▆▁▇▇▅▇▇▆▇█▇▇▇█▇▇▇▇▇▇▇▇▇▆▆▆▆▅▅▆▅▆▅▅▆▅▅▅
wandb:       val/VRPBTW/vbs_gap_closed_pct ▂▃▅▁▇▇▇▆▇█▇▇▆▇▇▇▆▇▆▇▇▇▇▅▆▅▆▆▅▅▅▅▅▅▅▅▅▅▅▆
wandb:            val/VRPBTW/vs_oracle_pct ▇▄█▃▁▂▂▃▂▁▂▂▃▂▂▂▃▃▂▃▃▃▃▃▄▃▄▄▄▄▄▄▄▄▄▄▄▄▄▄
wandb:               val/VRPBTW/vs_sbs_pct ▆▄█▃▁▃▂▂▁▂▂▂▃▃▂▂▂▃▂▂▃▃▄▃▄▄▄▄▄▅▄▄▄▄▄▄▄▄▄▃
wandb:          val/VRPL/actual_regret_pct ▂▃▃▂▃▂▂▂▁▁▂▃▁▃▂▂▁▂▃▄▃▃▄▆▆▇█▆▆▇█▇▇▇▇▇██▇█
wandb:                         val/VRPL/ce ▂▂▁▂▁▁▂▁▁▁▁▁▁▁▁▁▁▁▂▂▂▂▂▃▃▄▄▄▅▅▆▇▇▇▇█████
wandb:                  val/VRPL/mean_cost ▃▃▂▂▂▃▃▄▂▂▂▁▂▂▂▁▂▂▃▄▃▃▆▅▆▇▆▆▆▇██▇▇▇▇▇▇▇▇
wandb:                       val/VRPL/top1 ▂▂▄▃▃▄▃▃▅▅▆█▆▅▅▅▇▆▅▄▅▂▃▃▃▃▄▂▃▃▃▁▂▂▂▂▂▂▂▂
wandb:             val/VRPL/top1_tie_aware ▃▂▄▄▄▄▃▅▆▅▇▆▅▅▆▆▆█▆▆▅▃▃▄▄▂▄▂▄▂▁▃▃▂▃▃▃▃▃▃
wandb:                       val/VRPL/top2 ▇▆▇▅█▇▃▇▇██▆▆██▆▆▇▅▇▄▄▄▂▃▄▄▂▃▃▃▁▂▁▃▁▂▂▂▁
wandb:                       val/VRPL/top3 ▅▄▃▃▄▇▇▇▅▇▅█▅▇█▆▄▆▇▄▄▃▃▂▃▄▂▃▃▃▂▃▁▂▃▁▂▂▂▁
wandb:         val/VRPL/vbs_gap_closed_pct ▇▆▇▇▇▆▇▅▇▇██▇▆█▇█▇▆▆▅▄▄▁▃▄▃▄▃▂▃▃▃▃▃▃▃▃▃▃
wandb:              val/VRPL/vs_oracle_pct ▂▃▂▂▂▃▂▄▂▂▂▁▁▂▂▂▁▂▃▂▃▄▅▅█▆▆▅▆▅▆▆▆▆▆▆▆▆▆▆
wandb:                 val/VRPL/vs_sbs_pct ▂▂▂▂▃▂▂▂▂▂▁▁▂▃▁▁▂▁▂▃▂▃▃▅▅█▆▅▆▆▆▆▆▆▆▆▆▆▆▆
wandb:        val/VRPLTW/actual_regret_pct █▆▅▆▂▃▄▂▂▂▅▁▁▃▂▂▁▁▂▁▂▂▂▂▂▂▂▂▂▂▂▂▃▂▂▂▂▂▂▂
wandb:                       val/VRPLTW/ce ▅▅▅▄▃▂▅▂▁▂▁▁▁▁▁▁▂▂▂▂▃▂▃▄▄▄▅▄▅▅▆▆▆▇▇█████
wandb:                val/VRPLTW/mean_cost ▇▇█▂▄▂▄▃▆▁▄▂▃▂▁▂▁▂▂▄▂▃▂▂▂▃▂▃▃▃▃▂▂▃▃▃▂▃▃▃
wandb:                     val/VRPLTW/top1 ▁▁▁▅▆▇▅▇▇▇▇▇▇▇██▇▇▇▇▆▅▆▅▆▆▆▅▅▆▅▅▅▅▅▅▅▅▅▄
wandb:           val/VRPLTW/top1_tie_aware ▁▁▃▅▆▇▅▇▇▇▆▇▇▇▇█▇█▇▇▇▆▅▆▅▆▆▅▅▆▅▅▅▄▅▅▅▅▅▄
wandb:                     val/VRPLTW/top2 ▁▃▃▅▇▇▇▇▇▇██▇▇██████▆▇▇▇▇▇▇▇▇▇▇▇▇▆▆▆▆▆▆▆
wandb:                     val/VRPLTW/top3 ▁▂▂▅█▇▇▇▇█▇▇█▇█▇▇▇▇▇▇▇▇▇▇▆▇▇▆▇▇▆▆▆▆▆▆▆▆▆
wandb:       val/VRPLTW/vbs_gap_closed_pct ▁▄▄▃▇▅▇▆▇▅▆▇▇███▆▇█▇▇▇█▇▇▇▇▇▇▇▇▇▇▇▇▇▇▇▇▇
wandb:            val/VRPLTW/vs_oracle_pct █▅▅▆▂▃▄▂▂▃▄▁▂▂▁▁▂▁▃▂▂▂▂▂▂▂▂▂▂▂▂▂▂▂▂▂▂▂▂▂
wandb:               val/VRPLTW/vs_sbs_pct █▅▆▂▂▄▂▂▂▂▁▁▃▂▂▁▂▁▁▂▃▂▂▂▂▂▂▂▂▂▂▂▂▂▂▂▂▂▂▂
wandb:         val/VRPTW/actual_regret_pct █▆▄▂▁▃▂▆▂▂▁▃▁▂▃▂▁▁▁▁▂▃▃▂▂▂▂▂▃▃▃▃▃▃▃▃▃▃▃▃
wandb:                        val/VRPTW/ce ▄▃▃▁▁▂▁▁▁▁▁▁▁▁▁▁▂▁▂▂▂▂▂▃▃▄▄▅▅▅▆▆▇▇▇█████
wandb:                 val/VRPTW/mean_cost █▄▂▁▁▂▃▆▂▂▂▂▁▃▂▁▁▁▃▂▂▂▂▂▂▃▃▃▃▂▃▃▃▃▃▃▃▃▃▃
wandb:                      val/VRPTW/top1 ▂▁▆▇▅▆▆▆▇█▆▇█▆▇▇▆▇▆▆▇▅▇▆▆▆▆▆▆▆▆▅▆▆▆▆▆▆▆▆
wandb:            val/VRPTW/top1_tie_aware ▁▂▃▁▄▇█▆▆▆█▆▇▆▇▆▇▇▆▆▇▅▇▆▆▅▆▆▆▆▆▆▆▆▆▆▆▆▆▆
wandb:                      val/VRPTW/top2 ▃▃▁▅▇▄▆▇▇▇▇▇█▇█▇▇▇██▇▇█▇▇▇▇▇▇▆▇▇▆▆▇▇▇▇▇▇
wandb:                      val/VRPTW/top3 ▁▃▄▁▄▇▃▆▆▇▇█▇▇▇█▇▇▇▇▇██▇█▇▇█▇▇▇▇▇▇▇▇▇▇▇▇
wandb:        val/VRPTW/vbs_gap_closed_pct ▅▆▁▇█▇█▇▆▇█▇▇█▇▇▇███▇▇▇▇▇▇▇▇▇▆▇▆▇▇▆▆▇▇▇▇
wandb:             val/VRPTW/vs_oracle_pct ▅▄▃█▂▂▁▃▄▂▁▂▂▂▂▂▂▁▁▁▃▂▂▂▂▂▂▂▂▂▂▂▂▃▃▂▂▂▂▂
wandb:                val/VRPTW/vs_sbs_pct ▅▄▃█▁▂▁▂▃▂▂▁▂▂▁▃▂▁▁▁▂▂▂▂▂▂▂▂▂▃▂▃▂▂▃▂▂▂▂▂
wandb:         val/macro_actual_regret_pct ██▅▇▂▁▂▂▁▂▁▂▂▂▂▁▂▂▂▂▄▃▃▃▄▃▄▄▄▄▄▄▄▅▅▅▅▅▅▅
wandb:                        val/macro_ce ▂▂▂▁▁▂▁▁▁▁▁▁▁▁▁▁▁▂▂▂▂▂▃▃▃▄▅▅▅▅▆▆▆▇▇▇████
wandb:                 val/macro_mean_cost █▇▅▇▂▃▂▁▁▂▁▂▂▁▁▁▁▂▂▂▂▂▂▃▃▃▃▃▄▃▄▃▃▃▄▄▃▄▄▄
wandb:                      val/macro_top1 ▁▂▂▆▇▇▇▇▇██▇███▇▇▇▇▇▆▅▆▅▅▅▅▅▅▅▄▄▄▄▄▄▄▄▄▄
wandb:            val/macro_top1_tie_aware ▁▂▃▅▆▆▇▆▇▇▇██▇███▇▇▇▇▆▆▅▅▅▅▅▄▅▄▄▄▄▄▄▄▄▄▄
wandb:                      val/macro_top2 ▂▁▅▆▆▆▆▇▇▇▇██▇█▇██▇█▇▆▆▅▅▅▄▄▄▄▃▄▃▃▃▃▃▃▃▃
wandb:                      val/macro_top3 ▁▂▂▅▇▇▇▇████████▇██▇▇▆▆▆▆▅▆▅▅▅▄▄▅▄▄▄▄▄▄▄
wandb:        val/macro_vbs_gap_closed_pct ▁▃▅▆▆▆█▇█▇████▇▆▆▆▆▆▃▄▄▄▃▄▃▃▃▃▂▂▃▂▂▁▁▂▁▁
wandb:             val/macro_vs_oracle_pct █▇▅▇▃▂▂▂▁▂▁▂▂▂▂▂▁▂▂▂▂▃▃▃▃▃▃▄▄▄▄▄▄▄▄▅▄▄▄▄
wandb:                val/macro_vs_sbs_pct █▆▂▃▂▂▂▁▂▁▁▁▂▂▁▂▂▂▂▂▃▃▃▃▃▄▄▄▄▄▄▄▅▄▅▅▅▅▅▅
wandb: 
wandb: Run summary:
wandb:                          best_epoch 24
wandb:                      final_val_top1 0.45883
wandb:            speed/samples_per_second 2485.96713
wandb:                            train/ce 0.73046
wandb:                     train/grad_norm 2.37158
wandb:                          train/loss 0.29764
wandb:                            train/lr 0.0
wandb:                          train/pair 0.26264
wandb:                          train/risk 0.7858
wandb:  train_eval/macro_actual_regret_pct 0.44053
wandb:                 train_eval/macro_ce 0.6536
wandb:          train_eval/macro_mean_cost 11.11872
wandb:               train_eval/macro_top1 0.70647
wandb:     train_eval/macro_top1_tie_aware 0.70726
wandb:               train_eval/macro_top2 0.91254
wandb:               train_eval/macro_top3 0.97721
wandb: train_eval/macro_vbs_gap_closed_pct 64.71968
wandb:      train_eval/macro_vs_oracle_pct 0.45266
wandb:         train_eval/macro_vs_sbs_pct -1.52574
wandb:          val/ATSP/actual_regret_pct 0.34311
wandb:                         val/ATSP/ce 0.59318
wandb:                  val/ATSP/mean_cost 1.63521
wandb:                       val/ATSP/top1 0.778
wandb:             val/ATSP/top1_tie_aware 0.787
wandb:                       val/ATSP/top2 0.969
wandb:                       val/ATSP/top3 0.994
wandb:         val/ATSP/vbs_gap_closed_pct 87.20296
wandb:              val/ATSP/vs_oracle_pct 0.34506
wandb:                 val/ATSP/vs_sbs_pct -2.28963
wandb:          val/CVRP/actual_regret_pct 0.83718
wandb:                         val/CVRP/ce 1.72244
wandb:                  val/CVRP/mean_cost 18.23105
wandb:                       val/CVRP/top1 0.45
wandb:             val/CVRP/top1_tie_aware 0.45
wandb:                       val/CVRP/top2 0.655
wandb:                       val/CVRP/top3 0.789
wandb:         val/CVRP/vbs_gap_closed_pct 34.32357
wandb:              val/CVRP/vs_oracle_pct 0.66863
wandb:                 val/CVRP/vs_sbs_pct -0.34592
wandb:          val/OVRP/actual_regret_pct 0.76812
wandb:                         val/OVRP/ce 2.11886
wandb:                  val/OVRP/mean_cost 7.459
wandb:                       val/OVRP/top1 0.345
wandb:             val/OVRP/top1_tie_aware 0.345
wandb:                       val/OVRP/top2 0.625
wandb:                       val/OVRP/top3 0.823
wandb:         val/OVRP/vbs_gap_closed_pct 4.57567
wandb:              val/OVRP/vs_oracle_pct 0.75019
wandb:                 val/OVRP/vs_sbs_pct -0.03569
wandb:         val/OVRPB/actual_regret_pct 1.05641
wandb:                        val/OVRPB/ce 1.62351
wandb:                 val/OVRPB/mean_cost 6.32383
wandb:                      val/OVRPB/top1 0.572
wandb:            val/OVRPB/top1_tie_aware 0.572
wandb:                      val/OVRPB/top2 0.963
wandb:                      val/OVRPB/top3 0.985
wandb:        val/OVRPB/vbs_gap_closed_pct -3.01583
wandb:             val/OVRPB/vs_oracle_pct 1.00855
wandb:                val/OVRPB/vs_sbs_pct 0.02924
wandb:        val/OVRPBL/actual_regret_pct 1.16104
wandb:                       val/OVRPBL/ce 1.72737
wandb:                val/OVRPBL/mean_cost 6.31817
wandb:                     val/OVRPBL/top1 0.55
wandb:           val/OVRPBL/top1_tie_aware 0.55
wandb:                     val/OVRPBL/top2 0.941
wandb:                     val/OVRPBL/top3 0.976
wandb:       val/OVRPBL/vbs_gap_closed_pct -12.29915
wandb:            val/OVRPBL/vs_oracle_pct 1.1567
wandb:               val/OVRPBL/vs_sbs_pct 0.12539
wandb:      val/OVRPBLTW/actual_regret_pct 1.2354
wandb:                     val/OVRPBLTW/ce 1.40896
wandb:              val/OVRPBLTW/mean_cost 10.53939
wandb:                   val/OVRPBLTW/top1 0.495
wandb:         val/OVRPBLTW/top1_tie_aware 0.495
wandb:                   val/OVRPBLTW/top2 0.919
wandb:                   val/OVRPBLTW/top3 0.996
wandb:     val/OVRPBLTW/vbs_gap_closed_pct 1.37106
wandb:          val/OVRPBLTW/vs_oracle_pct 1.23096
wandb:             val/OVRPBLTW/vs_sbs_pct -0.0169
wandb:       val/OVRPBTW/actual_regret_pct 1.4485
wandb:                      val/OVRPBTW/ce 1.58722
wandb:               val/OVRPBTW/mean_cost 10.52396
wandb:                    val/OVRPBTW/top1 0.468
wandb:          val/OVRPBTW/top1_tie_aware 0.468
wandb:                    val/OVRPBTW/top2 0.892
wandb:                    val/OVRPBTW/top3 0.995
wandb:      val/OVRPBTW/vbs_gap_closed_pct -13.53078
wandb:           val/OVRPBTW/vs_oracle_pct 1.38878
wandb:              val/OVRPBTW/vs_sbs_pct 0.16352
wandb:         val/OVRPL/actual_regret_pct 0.7973
wandb:                        val/OVRPL/ce 1.90071
wandb:                 val/OVRPL/mean_cost 7.43744
wandb:                      val/OVRPL/top1 0.38
wandb:            val/OVRPL/top1_tie_aware 0.38
wandb:                      val/OVRPL/top2 0.666
wandb:                      val/OVRPL/top3 0.838
wandb:        val/OVRPL/vbs_gap_closed_pct 0.21082
wandb:             val/OVRPL/vs_oracle_pct 0.78424
wandb:                val/OVRPL/vs_sbs_pct -0.00164
wandb:       val/OVRPLTW/actual_regret_pct 0.94654
wandb:                      val/OVRPLTW/ce 1.46472
wandb:               val/OVRPLTW/mean_cost 10.13072
wandb:                    val/OVRPLTW/top1 0.494
wandb:          val/OVRPLTW/top1_tie_aware 0.494
wandb:                    val/OVRPLTW/top2 0.916
wandb:                    val/OVRPLTW/top3 0.997
wandb:      val/OVRPLTW/vbs_gap_closed_pct -4.02117
wandb:           val/OVRPLTW/vs_oracle_pct 0.90523
wandb:              val/OVRPLTW/vs_sbs_pct 0.03469
wandb:        val/OVRPTW/actual_regret_pct 0.93493
wandb:                       val/OVRPTW/ce 1.7387
wandb:                val/OVRPTW/mean_cost 10.04849
wandb:                     val/OVRPTW/top1 0.49
wandb:           val/OVRPTW/top1_tie_aware 0.49
wandb:                     val/OVRPTW/top2 0.922
wandb:                     val/OVRPTW/top3 0.998
wandb:       val/OVRPTW/vbs_gap_closed_pct -0.06383
wandb:            val/OVRPTW/vs_oracle_pct 0.9035
wandb:               val/OVRPTW/vs_sbs_pct 0.00057
wandb:           val/TSP/actual_regret_pct 0.70091
wandb:                          val/TSP/ce 2.16026
wandb:                   val/TSP/mean_cost 7.92436
wandb:                        val/TSP/top1 0.323
wandb:              val/TSP/top1_tie_aware 0.325
wandb:                        val/TSP/top2 0.567
wandb:                        val/TSP/top3 0.724
wandb:          val/TSP/vbs_gap_closed_pct 37.86864
wandb:               val/TSP/vs_oracle_pct 0.69734
wandb:                  val/TSP/vs_sbs_pct -0.4203
wandb:          val/VRPB/actual_regret_pct 0.84963
wandb:                         val/VRPB/ce 1.83984
wandb:                  val/VRPB/mean_cost 9.34604
wandb:                       val/VRPB/top1 0.516
wandb:             val/VRPB/top1_tie_aware 0.516
wandb:                       val/VRPB/top2 0.906
wandb:                       val/VRPB/top3 0.989
wandb:         val/VRPB/vbs_gap_closed_pct -8.0198
wandb:              val/VRPB/vs_oracle_pct 0.83935
wandb:                 val/VRPB/vs_sbs_pct 0.06184
wandb:         val/VRPBL/actual_regret_pct 1.18748
wandb:                        val/VRPBL/ce 1.84611
wandb:                 val/VRPBL/mean_cost 9.39304
wandb:                      val/VRPBL/top1 0.502
wandb:            val/VRPBL/top1_tie_aware 0.502
wandb:                      val/VRPBL/top2 0.903
wandb:                      val/VRPBL/top3 0.985
wandb:        val/VRPBL/vbs_gap_closed_pct -45.2185
wandb:             val/VRPBL/vs_oracle_pct 1.16809
wandb:                val/VRPBL/vs_sbs_pct 0.36082
wandb:       val/VRPBLTW/actual_regret_pct 2.02948
wandb:                      val/VRPBLTW/ce 2.07503
wandb:               val/VRPBLTW/mean_cost 19.00026
wandb:                    val/VRPBLTW/top1 0.387
wandb:          val/VRPBLTW/top1_tie_aware 0.387
wandb:                    val/VRPBLTW/top2 0.749
wandb:                    val/VRPBLTW/top3 0.892
wandb:      val/VRPBLTW/vbs_gap_closed_pct 59.83559
wandb:           val/VRPBLTW/vs_oracle_pct 1.86969
wandb:              val/VRPBLTW/vs_sbs_pct -2.66151
wandb:        val/VRPBTW/actual_regret_pct 1.96439
wandb:                       val/VRPBTW/ce 2.15405
wandb:                val/VRPBTW/mean_cost 19.1007
wandb:                     val/VRPBTW/top1 0.397
wandb:           val/VRPBTW/top1_tie_aware 0.397
wandb:                     val/VRPBTW/top2 0.766
wandb:                     val/VRPBTW/top3 0.894
wandb:       val/VRPBTW/vbs_gap_closed_pct 61.49446
wandb:            val/VRPBTW/vs_oracle_pct 1.9009
wandb:               val/VRPBTW/vs_sbs_pct -2.89298
wandb:          val/VRPL/actual_regret_pct 0.64915
wandb:                         val/VRPL/ce 2.22998
wandb:                  val/VRPL/mean_cost 12.42329
wandb:                       val/VRPL/top1 0.279
wandb:             val/VRPL/top1_tie_aware 0.28
wandb:                       val/VRPL/top2 0.502
wandb:                       val/VRPL/top3 0.687
wandb:         val/VRPL/vbs_gap_closed_pct -25.45135
wandb:              val/VRPL/vs_oracle_pct 0.64213
wandb:                 val/VRPL/vs_sbs_pct 0.12961
wandb:        val/VRPLTW/actual_regret_pct 1.54015
wandb:                       val/VRPLTW/ce 1.66772
wandb:                val/VRPLTW/mean_cost 17.66876
wandb:                     val/VRPLTW/top1 0.412
wandb:           val/VRPLTW/top1_tie_aware 0.412
wandb:                     val/VRPLTW/top2 0.762
wandb:                     val/VRPLTW/top3 0.91
wandb:       val/VRPLTW/vbs_gap_closed_pct 77.11942
wandb:            val/VRPLTW/vs_oracle_pct 1.43136
wandb:               val/VRPLTW/vs_sbs_pct -4.5404
wandb:         val/VRPTW/actual_regret_pct 1.73264
wandb:                        val/VRPTW/ce 1.82569
wandb:                 val/VRPTW/mean_cost 17.95053
wandb:                      val/VRPTW/top1 0.421
wandb:            val/VRPTW/top1_tie_aware 0.421
wandb:                      val/VRPTW/top2 0.741
wandb:                      val/VRPTW/top3 0.912
wandb:        val/VRPTW/vbs_gap_closed_pct 70.88031
wandb:             val/VRPTW/vs_oracle_pct 1.64365
wandb:                val/VRPTW/vs_sbs_pct -3.78706
wandb:         val/macro_actual_regret_pct 1.12124
wandb:                        val/macro_ce 1.76024
wandb:                 val/macro_mean_cost 11.1919
wandb:                      val/macro_top1 0.45883
wandb:            val/macro_top1_tie_aware 0.4595
wandb:                      val/macro_top2 0.798
wandb:                      val/macro_top3 0.91022
wandb:        val/macro_vbs_gap_closed_pct 17.959
wandb:             val/macro_vs_oracle_pct 1.07413
wandb:                val/macro_vs_sbs_pct -0.89369
wandb: 
wandb: You can sync this run to the cloud by running:
wandb: wandb sync code/V4/runs/R40_discriminative_training/direct_seed2/wandb/offline-run-20260930_215716-7bcy1xiw
wandb: Find logs at: code/V4/runs/R40_discriminative_training/direct_seed2/wandb/offline-run-20260930_215716-7bcy1xiw/logs
[done] direct_seed2 epochs=60 successful_updates=162000 test_read=False
