source_split,original_index,customers,binary_label,MOEL_cost,MTL_cost,R49B_8000_prediction,R49B_8000_score0,R49B_8000_score1,R49B_8000_probability1,A_random_seed2_prediction,A_random_seed2_score0,A_random_seed2_score1,A_random_seed2_probability1,B_pretrained_seed2_prediction,B_pretrained_seed2_score0,B_pretrained_seed2_score1,B_pretrained_seed2_probability1
train,0,50,1,10.0953922272,9.595044136,0,0.03235580772161484,-0.05668604001402855,0.47775423399575784,0,-0.010778022930026054,-0.05069628357887268,0.4900217598027501,1,-0.03545951470732689,-0.030934013426303864,0.5011313733893639
train,5,50,1,8.4725875854,8.1505374908,1,-0.6601299047470093,0.36650559306144714,0.736263097173132,1,-0.3384959399700165,0.12180750072002411,0.6130861582364064,0,0.06005200371146202,-0.11861558258533478,0.45545154712830804
train,7,50,0,7.2480053902,7.3704023361,0,0.09631603211164474,-0.15346498787403107,0.4378773982928095,0,0.018294092267751694,-0.08811472356319427,0.47342286868621525,0,0.19061040878295898,-0.22956028580665588,0.3964759051407763
train,13,50,0,7.7427744865,7.9062795639,0,0.26094090938568115,-0.14979948103427887,0.39873460271248046,0,-0.027062829583883286,-0.05851692706346512,0.49213712388750386,0,-0.006835334002971649,-0.05193847417831421,0.48872612608850535
train,18,50,0,8.2777290344,8.4881534576,1,-0.1068699061870575,-0.04801054671406746,0.5147105931355479,1,-0.15469293296337128,0.01827235519886017,0.5431338393983006,0,0.1581995189189911,-0.20178940892219543,0.4109622462014033
train,27,50,0,8.7285337448,9.5550889969,0,0.0018996670842170715,-0.22082172334194183,0.44454868414397875,1,-0.15657204389572144,0.02308778464794159,0.5447945333668672,0,0.1397182196378708,-0.17633996903896332,0.42163669670330495
train,55,50,1,8.6371126175,8.6357021332,1,0.0014697685837745667,0.059531982988119125,0.514511477047429,1,-0.06152975559234619,-0.022097289562225342,0.5098568393247565,0,-0.02010919153690338,-0.03597529977560043,0.4960335561471733
train,65,50,0,8.5303916931,8.8573789597,0,0.086539126932621,-0.0440346784889698,0.46740284930023873,0,-0.03801867365837097,-0.038266249001026154,0.49993810616465234,0,-0.00690031610429287,-0.061238378286361694,0.48641882596621616
train,90,50,0,5.8496198654,5.8949847221,1,-0.25011298060417175,0.2855176329612732,0.6307954029700901,1,-0.18418507277965546,0.03340351581573486,0.5541835399341819,0,0.04418543353676796,-0.10836116969585419,0.46193713230336003
train,95,50,0,11.0112895966,11.139383316,0,0.06736015528440475,-0.0769280195236206,0.46399040850393675,0,-0.039453424513339996,-0.04477186128497124,0.4986703939411683,0,0.003288751468062401,-0.06408854573965073,0.48316204515504896
train,102,50,1,5.5674781799,5.0428276062,1,-0.4487992525100708,0.275605708360672,0.6735762809580883,1,-0.40523889660835266,0.16152824461460114,0.6380168757163662,0,0.09259176254272461,-0.13510973751544952,0.4433193118547365
train,111,50,0,7.0343723297,7.0617651939,1,0.02003292739391327,0.020063426345586777,0.5000076247379177,0,0.019609708338975906,-0.09272304177284241,0.47194630624070666,1,-0.17381829023361206,0.062323592603206635,0.5587626590299306
train,127,50,1,6.6513323784,6.6114807129,1,-0.28990238904953003,0.14220008254051208,0.6063756073192633,1,-0.11150988191366196,-0.013967558741569519,0.524366264444219,0,0.10776501893997192,-0.1590488851070404,0.43368944352247124
train,153,50,1,8.6895503998,8.6525554657,1,-0.02675488591194153,0.04632272943854332,0.518261277778093,0,-0.04339522495865822,-0.05136338993906975,0.49800796929466284,0,-0.01930980756878853,-0.04891546070575714,0.4925991272766696
train,181,50,1,8.0428352356,7.8887529373,0,0.04622604697942734,-0.06767569482326508,0.47155531042000826,1,-0.18965111672878265,0.05039403587579727,0.5597247763867937,0,0.06322838366031647,-0.11682020872831345,0.45510905742620145
train,183,50,1,11.5535554886,11.5191364288,0,0.08166826516389847,-0.08588480949401855,0.45820945471488156,1,-0.10210290551185608,0.010019674897193909,0.5280013164305772,0,-0.008264105767011642,-0.049229104071855545,0.48976018236343083
train,184,50,0,6.8596200943,7.0337119102,1,-0.030432742089033127,0.018751513212919235,0.5122935856502326,0,0.025914374738931656,-0.0925135686993599,0.4704275692804062,0,-0.00929567776620388,-0.06962257623672485,0.4849228476719862
train,186,50,0,7.3499298096,7.3655776978,1,-0.10360100865364075,0.16254208981990814,0.5661457973540218,0,-0.027998141944408417,-0.05978138744831085,0.4920548574445937,0,-0.012744901701807976,-0.047840096056461334,0.49122710183775925
train,192,50,0,7.2807846069,7.3858399391,0,0.023077212274074554,-0.2375909984111786,0.43519945431016027,0,-0.01818251609802246,-0.05592149868607521,0.49056637396481223,0,-0.02892966940999031,-0.03587573766708374,0.4982634899176296
train,193,50,0,7.2963085175,7.3261237144,1,-0.04366990551352501,0.09776787459850311,0.53530061661204,0,-0.036540884524583817,-0.056625306606292725,0.4949790632589046,1,-0.10765504837036133,0.019991911947727203,0.5318684804141454
train,197,51,1,10.4141082764,10.1282482147,1,-0.10892623662948608,0.13462896645069122,0.5605895862999121,0,-0.008554255589842796,-0.07001613825559616,0.48463936450986717,0,0.0031629083678126335,-0.05807391181588173,0.48469557722118256
train,201,51,0,9.2480773926,9.2850589752,1,-0.48617327213287354,0.20946183800697327,0.6672193104651066,1,-0.5677826404571533,0.26116830110549927,0.6961330662528545,0,0.14016011357307434,-0.18398122489452362,0.4196668048199773
train,204,51,1,6.3152804375,5.6369514465,1,-0.06080096960067749,0.06624913215637207,0.5317198691211464,0,0.02318757027387619,-0.09025934338569641,0.4716686509185541,0,0.32372212409973145,-0.34746378660202026,0.33823134643195885
train,211,51,0,8.6867542267,8.8469400406,1,-0.05224674195051193,0.07075290381908417,0.5307112022765501,1,-0.1270524263381958,0.0033326148986816406,0.532550159940539,0,-0.02431769110262394,-0.039029646664857864,0.4963220774471669
train,221,51,1,4.5723876953,4.4354467392,1,-0.2164745330810547,-0.005433451384305954,0.5525653174359033,0,0.030455660074949265,-0.09820803999900818,0.46787837547199884,1,-0.5678127408027649,0.35284554958343506,0.7151762179148377
train,228,51,1,5.1594753265,5.0896978378,1,-0.588778018951416,0.5402510166168213,0.7556596665391905,1,-0.30227088928222656,0.11402226984500885,0.6025958960318081,1,-0.06925290822982788,-0.00931498408317566,0.5149799966003362
train,233,51,1,4.7685527802,4.6956548691,0,0.06533566862344742,-0.04494534805417061,0.47245765411821194,0,0.01748001202940941,-0.08846244215965271,0.47353913112389506,0,0.2676330804824829,-0.3021320700645447,0.36129101690259063
train,241,51,0,6.3818349838,6.4172940254,1,-0.22236120700836182,0.06399770081043243,0.571104500529059,1,-0.2030608206987381,0.048764556646347046,0.5626257373531909,0,0.03473842889070511,-0.09294118732213974,0.46812338878595616
train,253,51,0,9.416217804,9.4350395203,1,-0.053043264895677567,0.03728825971484184,0.5225675377190903,0,-0.027457885444164276,-0.059028591960668564,0.49210797886436164,0,-0.019539419561624527,-0.04533398896455765,0.49355171518109914
train,272,51,1,9.2692394257,9.1598320007,0,0.05247441679239273,-0.11371789872646332,0.45854728716163357,0,0.0025858199223876,-0.07809542119503021,0.47984062409315925,0,-0.015333476476371288,-0.04132974147796631,0.4935012997337535
train,277,51,0,6.5003166199,6.5240869522,0,0.08022507280111313,-0.1599193960428238,0.44025074896444577,1,-0.36108195781707764,0.13759613037109375,0.6221486267671473,1,-0.13452047109603882,0.04206075519323349,0.5440309554755183
train,287,51,0,9.38048172,9.6428203583,1,-0.014951027929782867,0.043163832277059555,0.5145246274016947,0,-0.03717048838734627,-0.03817267715930939,0.4997494528279797,0,-0.027157805860042572,-0.039795633405447006,0.4968405851639491
train,304,51,1,8.8482036591,8.8246479034,0,0.19106945395469666,-0.08519333600997925,0.4313702400212155,0,0.006438766606152058,-0.0818236693739891,0.4779487045859436,0,-0.009902294725179672,-0.054698482155799866,0.4888028255257403
train,313,51,1,7.8965063095,7.6093225479,0,0.03553836792707443,0.006723430007696152,0.492796763917557,0,-0.025842249393463135,-0.03442133218050003,0.4978552424578558,0,0.04480702057480812,-0.10046914964914322,0.46374469953605424
train,316,51,0,7.5385365486,7.611415863,1,-0.917452871799469,0.7044583559036255,0.8350585428366581,1,-0.5521450042724609,0.24037586152553558,0.688372352893154,1,-0.12046170234680176,0.021235965192317963,0.5353652640209239
train,341,51,0,9.638092041,9.7312479019,1,-0.23917993903160095,-0.006993133574724197,0.5577873213576062,1,-0.34112659096717834,0.14744113385677338,0.6197689669185791,1,-0.7926128506660461,0.5309827923774719,0.7897793058003363
train,343,51,1,6.943921566,6.904630661,0,0.17985671758651733,-0.03218245878815651,0.44718792970900645,0,0.026503361761569977,-0.09636593610048294,0.46932126188897666,0,0.016672678291797638,-0.08317015320062637,0.4750600067349159
train,371,51,0,5.9756426811,6.0031375885,1,-0.4730492830276489,0.2084996998310089,0.664084326598852,1,-0.5298556685447693,0.22997485101222992,0.6813169366196159,1,-0.2232780158519745,0.10303095728158951,0.5808610230657999
train,379,51,0,7.8941469193,7.9190993309,1,-0.0797484815120697,0.060487356036901474,0.5350016161018184,1,-0.14148788154125214,0.011579811573028564,0.5381923826497143,1,-0.04477047920227051,-0.028728976845741272,0.5040102895922502
train,381,51,1,8.7654876709,8.5477190018,0,0.11043334752321243,-0.2627534866333008,0.4077711951110081,0,-0.01890626549720764,-0.06122830510139465,0.48942106909393096,0,-0.026178531348705292,-0.0499088279902935,0.49406770422330665
train,399,52,1,8.0088939667,7.8788027763,1,-0.07450712472200394,0.1180267184972763,0.5479853205281376,1,-0.07903294265270233,-0.025728728622198105,0.5133228990840136,0,-0.021221205592155457,-0.052381232380867004,0.49221062354877293
train,401,52,1,6.2760715485,5.602804184,1,-0.2464282512664795,0.08010275661945343,0.580915079007802,1,-0.66488116979599,0.31928694248199463,0.72793447757849,1,-1.093140721321106,0.7433366179466248,0.8625315556384651
train,412,52,1,8.2974224091,8.1625156403,1,-0.0191151425242424,0.05254335328936577,0.5179069620111125,0,0.007894930429756641,-0.07373815029859543,0.4796030555949772,1,-0.18736417591571808,0.0743430033326149,0.5650559078711608
train,426,52,1,7.5724334717,7.3901748657,1,-0.0683380663394928,0.06949815154075623,0.5344046011330513,0,0.0007776012644171715,-0.07642919570207596,0.4807078829879144,0,-0.007670007646083832,-0.0718945562839508,0.48394937958471074
train,428,52,0,10.3663673401,10.628786087,0,-0.0248202383518219,-0.04704895243048668,0.4944430502931377,0,-0.025435324758291245,-0.054948825389146805,0.4926221603714288,0,-0.0007981490343809128,-0.06907051056623459,0.4829385362231549
train,446,52,1,8.1518182755,8.1509504318,1,-0.30576449632644653,0.1567506492137909,0.613610668706712,1,-0.10339267551898956,-0.012622401118278503,0.5226770006285051,0,0.014373240992426872,-0.0665014311671257,0.4797923451314975
train,450,52,0,8.7289590836,8.7517948151,1,-0.8243536949157715,0.4245564639568329,0.7771111474454532,1,-0.7245942950248718,0.33562999963760376,0.7427334059708275,0,0.18221032619476318,-0.2269383668899536,0.399116266135773
train,454,52,1,7.8638696671,7.7508821487,1,-0.17650121450424194,0.1972140222787857,0.5923564046509153,0,-0.018164874985814095,-0.06553712487220764,0.48815915181252933,0,0.015319287776947021,-0.06463441252708435,0.480022216278962
train,480,52,0,9.9277534485,10.0833587646,0,-0.012285582721233368,-0.05142932012677193,0.49021531498414733,0,-0.03243976831436157,-0.05295957624912262,0.49487022801127234,0,0.013687167316675186,-0.0785747691988945,0.47695086358161387
train,502,52,0,10.1762046814,10.282043457,0,0.07537838071584702,-0.07715961337089539,0.4619392721177564,0,-0.013285677880048752,-0.07271160930395126,0.4851478876670655,0,-0.003136027604341507,-0.06356774270534515,0.48489666738273435
train,505,52,1,10.701086998,10.4238796234,0,0.04378775507211685,-0.030098464339971542,0.4815368438471167,1,-0.07003471255302429,-0.022065751254558563,0.5119899413203042,0,-0.020024526864290237,-0.03530353307723999,0.4961803227544844
train,508,52,1,8.6884346008,8.5845680237,1,-0.11940640211105347,0.16233091056346893,0.5699720977244529,0,-0.03694792836904526,-0.04810575395822525,0.4972105725422742,0,-0.01428939402103424,-0.05792487412691116,0.48909286056817275
train,512,52,0,8.7062320709,8.8815059662,1,-0.040833599865436554,-0.014211874455213547,0.5066550383127075,0,-0.024154476821422577,-0.06523750722408295,0.4897306867507818,0,-0.01143735647201538,-0.04517797380685806,0.4915656458107395
train,520,52,0,6.1473946571,6.1718678474,1,-0.45274248719215393,0.47467267513275146,0.7165505838466244,1,-0.11050881445407867,-0.0022180676460266113,0.5270462611649684,0,-0.014760680496692657,-0.047899238765239716,0.4917161185073886
train,540,52,0,7.5289034843,7.9747729301,1,-0.08342991769313812,0.047165270894765854,0.5326024737664274,0,-0.025079209357500076,-0.061472781002521515,0.4909026111848484,0,-0.023363078013062477,-0.05434589087963104,0.49225491633798807
train,546,52,0,11.4755935669,11.7189064026,0,0.16274410486221313,-0.07381837069988251,0.4411336476808241,0,-0.019951052963733673,-0.06293688714504242,0.4892551959083017,0,-0.009300000965595245,-0.05498719587922096,0.4885801876025171
train,551,52,1,9.3670024872,9.363822937,1,-0.08376697450876236,0.014829348772764206,0.5246291319207582,1,-0.060735803097486496,-0.03759767860174179,0.5057842730643641,0,-0.028036952018737793,-0.041055772453546524,0.4967453408604308
train,561,52,1,10.3326969147,10.2331733704,0,0.008405283093452454,-0.03881867602467537,0.48819620377837813,1,-0.09851177036762238,0.007414869964122772,0.5264569264826345,1,-0.04944613203406334,-0.01783260703086853,0.5079027230867864
train,570,52,1,8.3850679398,8.2671251297,0,0.18496477603912354,-0.060556914657354355,0.4389260688298358,0,-0.002697199583053589,-0.0678190290927887,0.4837252937687088,0,-0.024171438068151474,-0.047816116362810135,0.49408910580780385
train,573,52,0,8.9309835434,9.0156383514,0,0.025194935500621796,-0.01655985787510872,0.48956281801519036,1,-0.10301868617534637,-0.011410925537347794,0.5228859375333059,1,-0.037829384207725525,-0.03674934431910515,0.5002700099459082
train,599,53,1,9.2897996902,9.2255191803,0,0.2069435715675354,-0.09206147491931915,0.42580072584052464,0,-0.00912694726139307,-0.05101011320948601,0.48953073889936133,0,0.002924785017967224,-0.06933950632810593,0.4819417850051472
train,613,53,0,7.952319622,8.1463594437,1,-0.028962116688489914,0.061150502413511276,0.5225129225595805,1,-0.09307664632797241,-0.0017553642392158508,0.522814467475666,1,-0.0354863665997982,-0.034182336181402206,0.5003260075584011
train,622,53,0,8.4550514221,8.6780929565,1,-0.027754876762628555,0.05520794168114662,0.5207288165658619,1,-0.04908191040158272,-0.025473780930042267,0.5059017582614111,1,-0.03354237601161003,-0.03326084092259407,0.500070383771789
train,625,53,0,7.2988977432,7.4479312897,1,-0.18058466911315918,0.12187819182872772,0.5750444729715831,1,-0.11245635151863098,-0.002139948308467865,0.5275511656627826,0,0.05023445188999176,-0.10450992733240128,0.4613909183166441
train,639,53,1,5.2183170319,5.2118163109,0,-0.011000417172908783,-0.0657513439655304,0.48631568654553553,0,0.02035043016076088,-0.08882904052734375,0.4727322133060667,0,0.15016886591911316,-0.1883409172296524,0.41617151390948
train,648,53,1,10.4897108078,10.4009599686,1,0.020108260214328766,0.03767899423837662,0.5043925704964819,0,-0.02055257186293602,-0.0630279928445816,0.4893827409773227,0,-0.014235025271773338,-0.054146312177181244,0.49002350254438826
train,653,53,0,6.1781873703,6.5364127159,0,0.34952348470687866,-0.3514537513256073,0.3315955976455794,0,-0.014737498946487904,-0.06770686060190201,0.4867607549459989,0,0.1691841334104538,-0.2088157832622528,0.4066093832723649
train,654,53,0,7.4297819138,7.4398965836,0,0.025325655937194824,-0.11882594227790833,0.4640243757215725,0,0.01287271361798048,-0.06694933027029037,0.4800550779236529,0,0.14824338257312775,-0.1883443295955658,0.4166385999634368
train,664,53,0,10.723028183,10.8514146805,1,-0.28109684586524963,0.1194911003112793,0.5988289122993314,1,-0.3104177713394165,0.1122862696647644,0.6041301217236835,1,-0.040989987552165985,-0.027968164533376694,0.5032554097537512
train,669,53,1,5.7449140549,5.729177475,1,0.03259206563234329,0.09099012613296509,0.5145953674383925,0,0.019294846802949905,-0.08469559252262115,0.47402579306525855,1,-0.2223406881093979,0.0959760770201683,0.5789139802289689
train,670,53,0,11.4669485092,12.1263637543,0,0.16095656156539917,-0.07244671881198883,0.44191264330613905,0,0.007485243491828442,-0.06909450143575668,0.48086441450624806,0,-0.0004995837807655334,-0.06381648033857346,0.4841760620600378
train,675,53,1,6.7440581322,6.6771178246,1,-0.039065562188625336,0.06664592027664185,0.5264032873147133,0,-0.00034211669117212296,-0.07481016218662262,0.48139158722837927,0,-0.028079058974981308,-0.049123428761959076,0.4947391017076851
train,684,53,1,8.9494428635,8.7399101257,0,0.1719273328781128,-0.13148851692676544,0.42472266340547116,0,0.011836512945592403,-0.06622251123189926,0.48049514688253986,0,-0.01278645172715187,-0.05476878583431244,0.48950595775471145
train,687,53,0,5.3065710068,5.528512001,1,-0.44301167130470276,0.17011064291000366,0.6486527147404426,1,-0.755681574344635,0.35268300771713257,0.7518240932810825,1,-0.3830104172229767,0.21586570143699646,0.6453991378155506
train,693,53,1,9.6396141052,9.5669155121,1,0.012767456471920013,0.08453693985939026,0.5179346732602784,0,-0.022133514285087585,-0.06610189378261566,0.4890096756266771,0,-0.013173035345971584,-0.04678582027554512,0.4915975948526764
train,711,53,0,6.8440723419,6.8734426498,1,-0.1767159253358841,0.18483027815818787,0.5894146747253414,1,-0.10371558368206024,-0.009776093065738678,0.5234676174424704,0,0.023139551281929016,-0.08648437261581421,0.47262143181333865
train,738,53,1,9.3311786652,9.3030385971,1,-0.12318377941846848,0.09021882712841034,0.5531491007505354,1,-0.1582947075366974,0.024682432413101196,0.5456170818835714,0,-0.019573699682950974,-0.05094481632113457,0.4921578639810981
train,767,53,1,6.8944511414,6.7119822502,1,0.01514986902475357,0.0649031549692154,0.5124357563135992,0,0.0005642790347337723,-0.07599768042564392,0.480868854362045,0,-0.0013121217489242554,-0.060876600444316864,0.4851132814819414
train,769,53,1,6.501329422,6.4854202271,1,-0.29057934880256653,0.2471930831670761,0.6312940766577044,1,-0.20530487596988678,0.04470597207546234,0.5621791709576887,0,0.06429344415664673,-0.10478207468986511,0.4578315266580983
train,777,53,1,7.8992519379,7.7884063721,1,-0.31959930062294006,0.11473535001277924,0.6069082665555898,1,-0.3307211399078369,0.13970017433166504,0.6154834709724444,1,-0.7320871949195862,0.47642847895622253,0.7700362092750628
train,805,54,0,6.3704519272,6.3781104088,0,0.34334951639175415,-0.3858488202095032,0.3253706715789431,0,0.030084844678640366,-0.09635268151760101,0.4684326613851182,0,0.18004891276359558,-0.22727477550506592,0.39955402377811516
train,807,54,1,10.3431529999,10.3045959473,0,-0.014845319092273712,-0.04516850784420967,0.4924197836345258,0,-0.01891240105032921,-0.06760048866271973,0.4878303820388394,0,-0.009089695289731026,-0.05354958027601242,0.48888685928797754
train,827,54,1,9.7178230286,9.4909801483,0,0.0666552409529686,-0.020748566836118698,0.47816294816077726,1,-0.0740586444735527,-0.033402618020772934,0.5101626068267796,1,-0.05883481726050377,-0.008990965783596039,0.5124583836654294
train,833,54,1,5.8875255585,5.8639116287,0,0.12095693498849869,-0.35913974046707153,0.38222929698958646,1,-0.1856229305267334,0.0356479287147522,0.5550931144746741,0,0.2007688283920288,-0.24038872122764587,0.39146518294165344
train,846,54,0,8.9426994324,9.1658506393,1,-0.03798549622297287,0.009846743196249008,0.5119557804495056,1,-0.30915912985801697,0.10930198431015015,0.6031149494224471,0,-0.024277381598949432,-0.05967940017580986,0.4911504196035578
train,851,54,1,8.882060051,8.7169628143,0,0.01957840472459793,-0.056708429008722305,0.4809375354586592,0,-0.020793378353118896,-0.06089901179075241,0.4899749353490594,0,0.005983654409646988,-0.07196322828531265,0.48052313965134563
train,854,54,1,9.4130525589,9.3871860504,1,-0.09937024116516113,0.09541994333267212,0.5485441496744639,0,0.02443486824631691,-0.08034901320934296,0.47382797192322845,0,0.0029577137902379036,-0.056869182735681534,0.48504773543631113
train,859,54,1,8.5237979889,8.3369016647,1,-0.16942094266414642,0.06314265727996826,0.5578802596967759,1,-0.0540943369269371,-0.03700976446270943,0.5042710392297203,1,-0.1346365213394165,0.03626880794763565,0.542622637049311
train,874,54,1,5.6617450714,5.6435446739,1,-0.33866798877716064,0.1868979036808014,0.6284483343664653,1,-0.11911717057228088,-0.006269365549087524,0.528182050276423,0,-0.021697677671909332,-0.05099782347679138,0.49267548754822177
train,876,54,0,5.7573027611,5.8723974228,1,-0.03966117650270462,0.04003502056002617,0.5199135103530167,0,0.02522296831011772,-0.08883287012577057,0.47151691110974053,0,0.03936155512928963,-0.08767420053482056,0.46828370296939104
train,906,54,1,6.8347053528,6.8249769211,1,-0.1702863574028015,0.24952282011508942,0.6034375868191856,0,-0.037053726613521576,-0.05227880924940109,0.49619380286478376,1,-0.03680136054754257,-0.03439995273947716,0.5006003516635094
train,913,54,1,7.1927981377,7.1582932472,1,-0.01669040322303772,0.03395043686032295,0.5126575051277313,0,0.010016757063567638,-0.079604871571064,0.4776095775593475,0,0.07985036075115204,-0.12408965826034546,0.44919097539030045
train,914,54,0,7.6555747986,7.7226428986,1,-0.014608204364776611,0.21382330358028412,0.5568608373582514,0,-0.031062647700309753,-0.060265444219112396,0.49269981966443055,0,-0.009853055700659752,-0.05793321877717972,0.4879822742584782
train,922,54,1,10.2240724564,10.201335907,1,-0.0840311273932457,0.013234373182058334,0.5242972226834515,1,-0.12764696776866913,0.0013304799795150757,0.5321997369342317,0,-0.013775531202554703,-0.04243473336100578,0.4928356898207765
train,923,54,0,9.8467388153,10.140004158,0,0.1885489523410797,-0.1199847161769867,0.42347269404101,0,-0.048920925706624985,-0.055787645280361176,0.4982833268519185,0,-0.009181281551718712,-0.05738957226276398,0.4879502609041123
train,928,54,1,11.5054769516,11.3690299988,0,0.03912995010614395,-0.08423984795808792,0.46919660981829986,1,-0.059086479246616364,-0.039557769894599915,0.504882022184058,0,-0.01878269389271736,-0.04995066300034523,0.492208638451062
train,931,54,0,5.5125279427,5.6170296669,0,0.09778840094804764,-0.2135377675294876,0.4227910692355217,1,-0.14044301211833954,0.014504343271255493,0.5386595227609958,0,0.03351306542754173,-0.09432392567396164,0.468084205171951
train,938,54,1,7.8687624931,7.6677412987,1,-0.2749902009963989,0.08875653147697449,0.5899471087997039,1,-0.5592634677886963,0.2543787360191345,0.6928850923176467,1,-1.2092478275299072,0.79311603307724,0.8810450448552692
train,978,54,0,8.6481142044,8.7448558807,1,-0.01231382042169571,0.019986573606729507,0.5080743965074245,1,-0.053925465792417526,-0.04825442656874657,0.5014177560062526,0,-0.018374968320131302,-0.049580059945583344,0.4921993600778248
train,987,55,0,8.9323539734,9.0191869736,1,-0.049083124846220016,0.15371094644069672,0.5505254795296661,0,-0.02835249900817871,-0.059471651911735535,0.49222083954331497,0,-0.021217580884695053,-0.04379618540406227,0.49435558865841644
train,990,55,1,7.3149862289,7.3089437485,1,-0.4469093382358551,0.4362298846244812,0.7074723225779129,1,-0.309121310710907,0.11167795956134796,0.6036744923928259,1,-0.3942297101020813,0.22744396328926086,0.6505991036899587
train,993,55,1,8.2670812607,7.9058036804,1,0.013761185109615326,0.12991438806056976,0.5290056970439336,0,0.0017333654686808586,-0.07740037143230438,0.4802268832138115,0,-0.009286189451813698,-0.06128703057765961,0.4870027184020853
train,1028,55,1,6.2437963486,6.0115513802,0,0.03222126513719559,-0.03288659825921059,0.48372878159868427,1,-0.08449029177427292,-0.027679335325956345,0.5141989204175345,0,0.10360921919345856,-0.15792569518089294,0.43498642975004514
train,1044,55,0,8.2594852448,8.2869720459,1,-0.003186941146850586,0.022091738879680634,0.5063193334995654,0,0.010831191204488277,-0.08318198472261429,0.4765140018422695,0,-0.01654094085097313,-0.058239176869392395,0.4895769512017946
train,1062,55,1,7.7375879288,7.6524868011,0,-0.051395732909440994,-0.0867777019739151,0.49115543041236426,0,0.01437495555728674,-0.08279319852590561,0.4757270565279924,0,0.1737910360097885,-0.22127345204353333,0.4024987251177319
train,1080,55,1,8.2825393677,8.15974617,1,-0.15189264714717865,0.10516844689846039,0.5639137068811924,1,-0.19236703217029572,0.03838185966014862,0.5574326152705694,0,-0.02467292547225952,-0.03425237163901329,0.4976051567720067
train,1087,55,0,12.4864253998,12.5320320129,0,0.007615514099597931,-0.04146638140082359,0.48773198886244296,0,-0.014947840012609959,-0.06646866351366043,0.48712264246512343,0,0.0027424413710832596,-0.07045691460371017,0.48170832773080385
train,1091,55,1,6.6476392746,6.5151939392,1,-0.1368083953857422,0.14088566601276398,0.5689808019438655,0,0.012963584624230862,-0.08154267817735672,0.47639100353336844,0,0.07993997633457184,-0.1290198266506195,0.4479493075503489
train,1102,55,1,5.3044891357,5.2983541489,0,0.1604193150997162,-0.006200511008501053,0.4584411460000478,0,0.02270103618502617,-0.08852875232696533,0.4722211870766852,0,0.06078046187758446,-0.10620354115962982,0.4583507321211303
train,1104,55,0,7.1574850082,7.1759338379,1,-0.02364712953567505,0.022554125636816025,0.511548259665639,0,-0.015203469432890415,-0.0677555575966835,0.48686500075458555,0,-0.008811421692371368,-0.06470146775245667,0.48603112450718094
train,1119,55,1,9.078836441,8.7790679932,1,-0.13794763386249542,0.10038384795188904,0.5593024283133987,1,-0.12675082683563232,0.0067237913608551025,0.5333192027822844,0,-0.01969938911497593,-0.04405974596738815,0.493910211937633
train,1129,55,0,10.3979110718,10.5464382172,0,0.0916706845164299,-0.10281355679035187,0.4515316162822904,0,-0.042904291301965714,-0.04850237816572189,0.4986004819389677,0,-0.019718267023563385,-0.04044467583298683,0.4948185832841355
train,1136,55,1,9.6811637878,9.5160446167,0,0.19244244694709778,-0.1818169206380844,0.4075122105298808,0,0.009212854318320751,-0.08293671905994415,0.47697889474416516,1,-0.715156614780426,0.4505200684070587,0.7623626670627528
train,1139,55,1,8.2646331787,7.1365933418,1,-0.9775984883308411,0.8303210139274597,0.8591102392546216,1,-0.47951772809028625,0.21629653871059418,0.6672590888066537,1,-0.7891787886619568,0.5257436633110046,0.7883356944376527
train,1152,55,0,6.1111392975,6.167485714,0,0.17107108235359192,-0.40258151292800903,0.3603944354500298,1,-0.19453811645507812,0.04410834610462189,0.5593800643315562,0,0.12627215683460236,-0.1721375584602356,0.4259462874490449
train,1159,55,1,6.5906629562,6.5763707161,1,-0.3492300510406494,0.3298477530479431,0.6635328417623845,1,-0.08270944654941559,-0.026074402034282684,0.5141549777900827,0,0.19700616598129272,-0.2319643199443817,0.3943721968002067
train,1170,55,1,5.2934961319,5.243976593,1,-0.7399865388870239,0.414573609828949,0.7603428607646945,1,-0.3592958152294159,0.1497974544763565,0.624593891678274,1,-0.29679596424102783,0.15816748142242432,0.6118186875072679
train,1172,55,1,5.7835264206,5.2338209152,0,0.08228272944688797,-0.061435338109731674,0.4641321989710516,0,-0.04366536810994148,-0.04529630020260811,0.4995922670672121,0,-0.022377219051122665,-0.05168387293815613,0.4926738608769101
train,1184,56,1,9.6283969879,9.4897537231,0,0.24764150381088257,-0.17766176164150238,0.3952484243198313,0,-0.01691248267889023,-0.06613195687532425,0.48769761495266833,0,-0.016736790537834167,-0.0477159321308136,0.49225583393618527
train,1188,56,1,7.6977453232,7.6141729355,1,0.041568078100681305,0.07538793981075287,0.5084541596325073,0,-0.004152425564825535,-0.07582879066467285,0.482088576398708,0,0.00518740713596344,-0.06170035898685455,0.4832842901412113
train,1189,56,0,10.8538227081,10.98229599,1,-0.33316570520401,0.14931245148181915,0.6183328843798181,1,-0.30772626399993896,0.1320885270833969,0.6082148982843835,1,-0.5756661891937256,0.3560545742511749,0.717424260649907
train,1196,56,0,7.5082678795,7.8364744186,1,-0.019329726696014404,-0.0018852539360523224,0.5043610075991674,0,0.023727525025606155,-0.0907280296087265,0.4714173074797548,0,0.09981127083301544,-0.14202940464019775,0.439832795177597
train,1215,56,1,7.0809569359,7.0376586914,1,-0.15433481335639954,0.1628180295228958,0.5786302218636691,0,-0.04452575743198395,-0.05114494636654854,0.4983452088082263,0,-0.028390780091285706,-0.04335792735219002,0.49625828303472863
train,1225,56,1,9.445558548,9.2803020477,1,-0.004667207598686218,0.021982800215482712,0.5066621076597485,0,-0.044908639043569565,-0.048145271837711334,0.4991908425078449,0,-0.009251290932297707,-0.05453818291425705,0.488680211586994
train,1231,56,0,7.8955760002,8.1726541519,1,-0.10256779193878174,0.0893823653459549,0.5478407389890868,1,-0.0602174773812294,-0.04039403796195984,0.5049556975696902,0,0.007440939545631409,-0.07655324041843414,0.4790137917390082
train,1248,56,1,9.8739376068,9.5695323944,0,0.02194846421480179,-0.015236806124448776,0.4907047534696242,0,0.011292696930468082,-0.08652493357658386,0.47556507263713144,0,-0.0009834915399551392,-0.06617313623428345,0.4837083579531995
train,1263,56,0,7.3913850784,7.4150443077,1,0.03660356253385544,0.08954235911369324,0.513231609139391,0,0.025594711303710938,-0.09096407890319824,0.47089324856521436,0,0.048634257167577744,-0.09369343519210815,0.46447802124411813
train,1274,56,1,11.8892173767,11.8645648956,0,0.18710091710090637,-0.18383364379405975,0.40831521802356846,1,-0.10278324782848358,0.010725915431976318,0.5283468614887077,0,-0.007953822612762451,-0.056828469038009644,0.4877837700708717
train,1293,56,1,5.8521718979,5.8375310898,1,-0.43569880723953247,0.2905162274837494,0.6739741390932881,1,-0.2617076635360718,0.08407486975193024,0.5855944819983473,0,0.209188312292099,-0.23466700315475464,0.3908227091512825
train,1299,56,1,9.7132892609,9.5285663605,0,0.03469189256429672,-0.020281288772821426,0.4862601646979868,1,-0.11025691032409668,-0.01297762617468834,0.5243006604386238,0,-0.03009941056370735,-0.043031953275203705,0.49676690938337886
train,1310,56,1,8.3284158707,7.9719824791,0,0.06332128494977951,-0.04971008002758026,0.4717722057602493,0,-0.03200015053153038,-0.05931714177131653,0.4931711768340086,0,-0.023924363777041435,-0.0488392598927021,0.4937715981588517
train,1312,56,1,9.8843069077,9.8574314117,0,-0.005883939564228058,-0.04837043210864067,0.48937997433501124,1,-0.06445948034524918,-0.03986130654811859,0.5061492333926096,0,-0.008754655718803406,-0.05096735805273056,0.4894483912067244
train,1320,56,1,7.7599654198,7.7291107178,0,0.08314277976751328,0.01733875647187233,0.4835549279103093,0,-0.035961978137493134,-0.04058288037776947,0.4988447764955289,0,-0.0104852095246315,-0.05829538404941559,0.48804973262158685
train,1338,56,0,7.0621538162,7.087998867,0,0.027431949973106384,-0.0586765892803669,0.47848615673374595,0,0.01693260297179222,-0.08910248428583145,0.4735160377729744,0,0.10167644917964935,-0.144392728805542,0.4387912436605131
train,1342,56,0,7.7417821884,7.7826566696,1,-0.10312019288539886,0.08068184554576874,0.5458215822508491,0,0.02317652478814125,-0.08621788024902344,0.47267863984359787,1,-0.30192774534225464,0.15252551436424255,0.6116975131765895
train,1358,56,0,7.5536952019,7.5667676926,1,-0.06772193312644958,0.0579896979033947,0.5313865840415639,0,-0.014352054335176945,-0.07069794088602066,0.4859172540594613,0,0.00844065472483635,-0.07497932761907578,0.4791570899782322
train,1372,56,0,7.3337140083,7.5764350891,1,0.0020176470279693604,0.01154237613081932,0.5023811642740457,0,-0.021260462701320648,-0.06263069808483124,0.4896589160060342,0,-0.023193582892417908,-0.051927193999290466,0.4928170914128077
train,1380,57,0,6.3200244904,6.3770036697,0,0.22432652115821838,-0.4608518183231354,0.3351065325799917,0,0.013894638977944851,-0.0864536240696907,0.4749339648176896,0,0.39069217443466187,-0.42739030718803406,0.30617084735409766
train,1400,57,0,6.4408798218,6.6210432053,1,-0.014448665082454681,0.05240940675139427,0.5167082945798948,0,-0.006331813521683216,-0.07303428649902344,0.4833305617970898,0,0.020740266889333725,-0.08843226730823517,0.47273394227152365
train,1404,57,1,9.1848583221,8.5488548279,1,-0.10916636884212494,0.17765502631664276,0.5712177803702178,0,0.032294441014528275,-0.09215348213911057,0.4689281104665421,1,-0.10550814867019653,0.013123005628585815,0.5296230554165949
train,1428,57,0,7.7076106071,7.7298326492,1,-0.13941702246665955,0.09475849568843842,0.5582778019468202,1,-0.07201184332370758,-0.03391576558351517,0.5095228677425696,0,-0.02552480809390545,-0.03822913393378258,0.4968239612576091
train,1438,57,1,9.8009128571,9.6175022125,1,-0.07299935817718506,0.058365318924188614,0.5327940231741717,0,0.028606988489627838,-0.09540363401174545,0.4690370149103382,0,-0.010770922526717186,-0.04910100996494293,0.49041865118468253
train,1465,57,0,9.3931417465,9.4364681244,1,-0.11947272717952728,0.09519301354885101,0.5534612951599749,1,-0.09765057265758514,-0.011990182101726532,0.5214020124391028,0,-0.015674546360969543,-0.045712877064943314,0.4924909819319201
train,1469,57,1,8.4031648636,8.2904396057,1,-0.01163945347070694,0.03239433839917183,0.511006669553675,0,-0.032038699835538864,-0.05442981794476509,0.49440245433720936,0,-0.019965369254350662,-0.04593145474791527,0.4935088433376657
train,1473,57,1,7.5508117676,7.4177107811,1,-0.04380219802260399,0.17988495528697968,0.5556897742137391,0,-0.02008012682199478,-0.06495946645736694,0.48878204791926005,0,-0.011103462427854538,-0.055119141936302185,0.4889978563433309
train,1477,57,0,10.7770338058,10.8207416534,0,0.019709594547748566,-0.036624725908041,0.4859201432898642,0,0.015412344597280025,-0.08705063164234161,0.47440664335542815,0,-0.009072782471776009,-0.04887249320745468,0.49005138551259714
train,1481,57,1,8.7392730713,8.2682590485,1,-0.15051311254501343,-0.002423606812953949,0.5369548645453075,1,-0.21101996302604675,0.05577056109905243,0.5663048142917669,0,-0.0077994707971811295,-0.06555977463722229,0.4855639373462551
train,1489,57,1,7.4895606041,7.2689981461,0,0.03540915995836258,0.03064890205860138,0.49880993777229854,0,-0.018881984055042267,-0.06301504373550415,0.4889685255467768,0,-0.026662180200219154,-0.044621434062719345,0.49551030720724
train,1493,57,0,8.6689052582,8.8277425766,0,0.10839924961328506,-0.1649342030286789,0.4320889210138511,0,-0.02158534713089466,-0.06054829806089401,0.4902604943743205,0,0.041838113218545914,-0.09703545272350311,0.46533729897071696
train,1500,57,0,9.3811473846,9.497253418,1,-0.03674536198377609,0.015192408114671707,0.5129815244826998,0,-0.0063363248482346535,-0.07335907220840454,0.48325058262375553,0,-0.016567399725317955,-0.05229023098945618,0.49107024178452463
train,1507,57,1,9.0463638306,8.7325458527,1,-0.0658186823129654,0.1104918122291565,0.5439637966129859,1,-0.06238826736807823,-0.04218281805515289,0.5050511904794053,1,-0.03444075211882591,-0.02713751420378685,0.5018258013634931
train,1511,57,1,8.5112218857,8.3939437866,1,-1.236014723777771,0.8331502676010132,0.8878698574317848,1,-0.7177717089653015,0.33108943700790405,0.7405561479902646,1,-0.6529635787010193,0.42211100459098816,0.7455607628294383
train,1518,57,0,8.6320056915,8.6847448349,1,-0.08222626894712448,0.06128407642245293,0.5358161373318685,0,-0.017489921301603317,-0.061133041977882385,0.48909095133469704,0,-0.01624550111591816,-0.05868794023990631,0.48939098272670334
train,1528,57,0,10.037771225,10.19439888,1,-0.008473299443721771,0.017409462481737137,0.5064703292699032,1,-0.0523490346968174,-0.04572180286049843,0.5016568018951614,1,-0.03309435024857521,-0.03196674957871437,0.5002819001375959
train,1532,57,1,4.9865550995,4.8622636795,1,-0.1642417311668396,0.2704114615917206,0.606984258759601,0,0.02070852741599083,-0.10202540457248688,0.46935497609300325,1,-0.3814028799533844,0.2257489264011383,0.6472908171642825
train,1547,57,1,6.6041946411,6.3475632668,0,0.05555497854948044,-0.0864172875881195,0.4645664304342063,0,0.0039781248196959496,-0.07688209414482117,0.47979595252935764,0,0.21805474162101746,-0.24474164843559265,0.38632265242616576
train,1564,57,1,8.3805780411,8.3179550171,1,-0.07923492044210434,0.02557314559817314,0.5261780576532721,1,-0.17631559073925018,0.034819021821022034,0.5525884416017707,0,0.027141470462083817,-0.08270403742790222,0.4725662022468201
train,1584,58,1,5.0693149567,4.9618730545,0,-0.002694837749004364,-0.11838127672672272,0.4711106028190774,1,-0.4776976406574249,0.19294868409633636,0.661647867017909,0,0.2810673117637634,-0.30912336707115173,0.3565911049227933
train,1588,58,1,8.8259420395,8.5140171051,0,0.07437252253293991,0.03444383665919304,0.49001915453478645,0,0.022508744150400162,-0.07482286542654037,0.4756862891204115,0,0.07424788177013397,-0.14022701978683472,0.4465858696745745
train,1606,58,1,9.780503273,9.5575094223,0,0.19381678104400635,-0.19776371121406555,0.4033368873362682,1,-0.23346419632434845,0.0869579017162323,0.5794271172300663,0,0.008419672027230263,-0.06779620796442032,0.4809552481350294
train,1608,58,1,10.8428621292,10.590089798,0,0.07564208656549454,-0.025417957454919815,0.47475646996510895,1,-0.06693129241466522,-0.02171618491411209,0.5113018514763787,0,-0.018164673820137978,-0.04880351573228836,0.4923408886712305
train,1619,58,0,8.7903957367,9.2514057159,1,-0.0955766811966896,-0.0063439346849918365,0.5222933960249801,1,-0.06667774170637131,-0.028923623263835907,0.5094374086512786,0,-0.025831539183855057,-0.04814915359020233,0.4944208279674245
train,1622,58,0,10.3211956024,10.500743866,0,0.014033474028110504,-0.0599677674472332,0.48150812760197503,0,-0.02943456918001175,-0.05664593726396561,0.4931975777164784,0,-0.0046527199447155,-0.05218018218874931,0.48812037055612617
train,1631,58,0,9.5362949371,9.731508255,0,0.18042916059494019,-0.05414876714348793,0.4416229646904153,1,-0.039217330515384674,-0.03751938417553902,0.5004244864829778,0,-0.01873885653913021,-0.04811018332839012,0.49265769613016247
train,1636,58,1,9.9203834534,9.850060463,1,0.019576214253902435,0.05454346165060997,0.5087409212341816,1,-0.11267877370119095,-0.00384385883808136,0.527181903119982,0,-0.01818886399269104,-0.05020734295248985,0.4919960640399536
train,1637,58,0,6.4402332306,6.6720657349,1,-0.8736929893493652,0.6662029027938843,0.8234495904925943,1,-0.512615442276001,0.2279159277677536,0.6771120413068401,1,-0.37631791830062866,0.2294682264328003,0.6469789665407812
train,1646,58,0,9.1857280731,9.319606781,1,-0.6253468990325928,0.3553670048713684,0.7272498475110728,1,-0.5934129357337952,0.2762886881828308,0.704683608348945,0,0.027172338217496872,-0.08145266771316528,0.4728704193190309
train,1673,58,0,7.9106483459,8.1907997131,1,-0.05402524024248123,0.06166808679699898,0.528891113447264,1,-0.07765538990497589,-0.029246632009744644,0.5120998266637002,1,-0.056315913796424866,-0.021579425781965256,0.5086832489034192
train,1679,58,1,8.9024105072,8.1651535034,1,-0.6297831535339355,0.28572914004325867,0.7141268228307758,1,-0.8313718438148499,0.37869393825531006,0.7703105882190269,1,-1.5119714736938477,1.0204099416732788,0.9263809292671962
train,1682,58,1,8.7854528427,8.6741056442,1,0.03652987629175186,0.08157533407211304,0.5112594606348262,0,0.0021557165309786797,-0.07616125047206879,0.4804307596320357,0,-0.019971419125795364,-0.04155964031815529,0.4946031543008589
train,1699,58,1,7.2541818619,7.1828780174,0,0.13807106018066406,-0.05280253663659096,0.45242595087444515,0,0.016369972378015518,-0.07571402192115784,0.47699525478360205,0,0.09578174352645874,-0.13257041573524475,0.443158743354344
train,1719,58,0,8.0974340439,8.2100019455,0,0.1992861032485962,-0.24268142879009247,0.3912722457449825,1,-0.06907133013010025,-0.03271577134728432,0.5090878887423549,0,0.39046865701675415,-0.4209173917770386,0.30759521577437476
train,1728,58,1,8.1515598297,8.0722312927,0,0.044689349830150604,-0.035243336111307144,0.48002746148472636,1,-0.0552365668118,-0.040496326982975006,0.5036849932361404,0,-0.006842335686087608,-0.06347839534282684,0.4858447686279166
train,1741,58,0,10.0493679047,10.1415224075,1,-0.02015865594148636,0.08887393772602081,0.5272311765000185,1,-0.04429129511117935,-0.04371126368641853,0.5001450078521247,1,-0.032535701990127563,-0.028241179883480072,0.5010736288765913
train,1743,58,0,9.5268230438,9.7819747925,1,0.00706104189157486,0.007107768207788467,0.5000116815790513,0,-0.00454932264983654,-0.07376556843519211,0.48270284373149547,0,-0.017776846885681152,-0.04499538987874985,0.49319578432129135
train,1750,58,0,8.3857345581,8.4144954681,0,-0.016856200993061066,-0.06742052733898163,0.4873616110666806,0,-0.026338662952184677,-0.0548357330262661,0.49287621456704367,0,0.03754965215921402,-0.10330848395824432,0.4648435750191653
train,1759,58,1,7.6231517792,7.5818367004,1,-0.19112801551818848,0.22045588493347168,0.6014676075849473,0,0.012641026638448238,-0.08481882512569427,0.47565430448459156,0,0.04829704016447067,-0.10192354023456573,0.46251531904111853
train,1773,59,1,7.1545028687,7.1251392365,0,0.18513324856758118,-0.1383821815252304,0.4198192503228119,0,-0.0140241589397192,-0.06874174624681473,0.48632401517754953,0,0.14067301154136658,-0.1699308454990387,0.4229673510615267
train,1791,59,0,12.0675125122,12.3272819519,1,-0.17296254634857178,0.15045517683029175,0.5801569509153958,0,-0.0014400696381926537,-0.07241369783878326,0.48226403737341555,0,-0.014417456462979317,-0.04949507489800453,0.4912314944656349
train,1804,59,1,8.8237609863,8.7188100815,1,0.0056973472237586975,0.02944612130522728,0.5059369144858965,0,-0.02773626148700714,-0.043434858322143555,0.49607543139038573,0,-0.01497664488852024,-0.05508049577474594,0.4899753808077695
train,1811,59,1,9.1857624054,9.0603675842,1,-0.2563544511795044,0.10891146957874298,0.5903145646226109,1,-0.3095332980155945,0.11686815321445465,0.605014041630391,1,-0.18929696083068848,0.08242950588464737,0.5675167008319628
train,1821,59,1,8.9830131531,8.8835897446,1,-0.37221357226371765,0.2878081798553467,0.6592652747462748,1,-0.2883507013320923,0.09552119672298431,0.5948066171969127,0,-0.02681022137403488,-0.039401084184646606,0.4968523258805898
train,1824,59,0,7.7828564644,7.8391022682,1,-0.045188575983047485,0.08673834800720215,0.5329339776449086,0,0.01949787139892578,-0.09091988950967789,0.4724235719204314,0,-0.009952200576663017,-0.06277915090322495,0.4867963328837139
train,1841,59,0,7.8531637192,8.1059303284,1,-0.09413594007492065,0.10623160004615784,0.5499249679163403,1,-0.07457936555147171,-0.025446604937314987,0.5122807197526497,0,-0.0028008408844470978,-0.06818272173404694,0.4836603500877416
train,1860,59,0,7.2239408493,7.2477164268,1,-0.14942426979541779,0.08408604562282562,0.558113754138606,0,-0.04201764613389969,-0.05443565919995308,0.4968955366275619,0,0.013485044240951538,-0.06564698368310928,0.4802273097898878
train,1861,59,0,5.2346930504,5.2645273209,1,-0.25071874260902405,0.03710487112402916,0.5714632342489931,1,-0.1111532598733902,-0.006045743823051453,0.5262527143596863,0,-0.026072822511196136,-0.04912097752094269,0.49423821630864156
train,1864,59,1,7.5005331039,7.3348326683,1,-0.9157862663269043,0.5415119528770447,0.8111190966039284,1,-0.8523656725883484,0.38652563095092773,0.7753709706444624,0,0.0027251821011304855,-0.06342394649982452,0.4834687454043615
train,1904,59,0,10.4346313477,10.6545610428,0,0.08056212216615677,-0.018076058477163315,0.4753604291399869,0,-0.029200786724686623,-0.06107272952795029,0.49203268873443323,0,-0.03447837755084038,-0.0352759063243866,0.4998006178171816
train,1907,59,1,8.8648471832,8.8423538208,1,-0.030936799943447113,0.047075334936380386,0.519493148620873,1,-0.09120240062475204,-0.008897174149751663,0.5205646988991172,1,-0.035512134432792664,-0.03298059105873108,0.500632885505517
train,1910,59,1,12.9665412903,12.8551311493,1,-0.046915289014577866,0.032787155359983444,0.5199150697034219,0,0.027580123394727707,-0.09586543589830399,0.4691777414410967,0,-0.00200787466019392,-0.059778355062007904,0.48556139532697984
train,1916,59,0,10.6083068848,10.6801958084,1,-0.007705993950366974,0.006598580628633499,0.503576082666534,1,-0.060020435601472855,-0.033396173268556595,0.5066556724310111,1,-0.04169902950525284,-0.03660493344068527,0.501273521262173
train,1917,59,0,5.0171265602,5.0505847931,1,-0.12220155447721481,-0.02219841256737709,0.5249799709959124,1,-0.11919525265693665,-0.0024033114314079285,0.5291648412687265,0,-0.024315305054187775,-0.042039185762405396,0.4955691458132198
train,1918,59,0,10.5489206314,10.7409820557,0,0.08665863424539566,0.002539653331041336,0.4789826465480002,1,-0.06756711006164551,-0.039402108639478683,0.5070407849263214,0,-0.02827325277030468,-0.04439910128712654,0.4959686252313118
train,1927,59,0,9.4262275696,9.4873943329,1,-0.057570166885852814,0.014604810625314713,0.5180359156253395,0,-0.034105103462934494,-0.051181238144636154,0.4957310700620672,1,-0.04051970690488815,-0.035285431891679764,0.5013085657656695
train,1928,59,1,7.459045887,7.4436635971,0,0.05199069529771805,0.03144436702132225,0.4948635986246371,0,0.019397351890802383,-0.08194111287593842,0.4746870426866025,1,-0.04624473303556442,-0.02600151300430298,0.5050606321934848
train,1936,59,1,10.096824646,9.9694814682,1,0.021051861345767975,0.0498838908970356,0.5072075081030625,0,-0.03866470977663994,-0.054461587220430374,0.49605086276145977,0,-0.005648026242852211,-0.05278305336833,0.4882184244089923
train,1939,59,0,5.3884820938,5.4341201782,1,-0.7437902688980103,0.6362838745117188,0.7990029077419792,1,-0.6058500409126282,0.26385605335235596,0.7046845386482421,1,-0.14985358715057373,0.06528366357088089,0.5535778220912644
train,1980,60,0,8.2876596451,8.4375991821,1,-0.6282355785369873,0.30109524726867676,0.7169395048377605,1,-0.47445082664489746,0.19944946467876434,0.6623759487957382,0,-0.010894021019339561,-0.05516254901885986,0.48893467500325494
train,1996,60,0,11.2210226059,11.3800945282,1,-0.04577016085386276,0.12528079748153687,0.5426587795242764,0,0.0012459447607398033,-0.05789158493280411,0.48521992479055276,0,-0.019491661339998245,-0.05086059123277664,0.49215841053297593
train,2003,60,1,7.2711772919,7.2330093384,1,-0.09428253024816513,0.07128767669200897,0.541298250701612,1,-0.1885443776845932,0.05441318452358246,0.5604423647534726,1,-0.6675538420677185,0.40512561798095703,0.7451061409938042
train,2006,60,0,6.8722205162,7.1192750931,0,0.048267804086208344,-0.08670024573802948,0.4663091158366127,0,0.018571551889181137,-0.0846763327717781,0.4742109343222699,0,0.18867844343185425,-0.2278704047203064,0.3973428746801801
train,2014,60,1,9.6504449844,9.4362068176,1,-0.09038049727678299,0.11045442521572113,0.5500406458561636,1,-0.0570785291492939,-0.03937472775578499,0.5044258347518632,0,-0.025281988084316254,-0.0421314500272274,0.49578773417052296
train,2015,60,1,7.4695339203,7.2080392838,1,-0.8954711556434631,0.7576900124549866,0.8393178337552438,1,-0.6451824307441711,0.29142284393310547,0.7184134289740675,1,-0.6629058122634888,0.4286099970340729,0.7486670509005161
train,2033,60,0,10.7935247421,10.8073148727,0,0.10938043147325516,-0.05073409900069237,0.46005666542576,1,-0.07549076527357101,-0.02170872688293457,0.5134422695982103,0,-0.010704459622502327,-0.051252324134111404,0.48986442251738616
train,2036,60,0,7.4188785553,7.5244655609,1,-0.22262808680534363,0.2469996064901352,0.6152956326026995,0,0.010272159241139889,-0.07629579305648804,0.47837151724502863,1,-0.252955824136734,0.1278897523880005,0.5940770295109509
train,2042,60,0,6.3857717514,7.1747097969,1,-0.13168393075466156,0.09350693225860596,0.5560610069506934,0,0.002309991978108883,-0.0703248679637909,0.4818492643184762,1,-0.12871693074703217,0.02926792949438095,0.539414270035514
train,2046,60,0,10.5219583511,10.8780021667,0,0.1278640627861023,-0.027983102947473526,0.46111687726567563,1,-0.04793453961610794,-0.04563676565885544,0.5005744432365693,0,-0.013172633945941925,-0.051555048674345016,0.4904055741724603
train,2048,60,0,10.18932724,10.4441595078,0,0.0021718665957450867,-0.0033418498933315277,0.49862157436986354,1,-0.09177159518003464,0.0052934736013412476,0.524247232817607,0,-0.0029367320239543915,-0.05955979973077774,0.4858480140127879
train,2055,60,1,7.4594221115,6.992295742,0,0.0037196874618530273,-0.08153042197227478,0.47870037081122224,0,-0.014494218863546848,-0.06370258331298828,0.4877003907083503,1,-0.6723615527153015,0.4248768985271454,0.7497423170195875
train,2071,60,0,7.2182035446,7.3425159454,0,0.04930213838815689,-0.02515152469277382,0.48139517785272795,0,-0.03507085517048836,-0.05556931719183922,0.49487556392850063,0,0.17292770743370056,-0.20601853728294373,0.4063810751467056
train,2081,60,0,11.733707428,11.843044281,0,0.10182250291109085,-0.035566363483667374,0.4657067089301566,0,-0.003011811524629593,-0.062454625964164734,0.48514367063835895,0,-0.010737670585513115,-0.042386554181575775,0.4920884394757184
train,2095,60,0,9.9976243973,10.5774888992,1,0.005293704569339752,0.016943302005529404,0.5029123664219273,0,-0.02683657966554165,-0.06216888129711151,0.49116784339073566,0,-0.0211411714553833,-0.03754730522632599,0.4958985585526021
train,2098,60,1,10.1686067581,10.1527843475,0,0.0005044862627983093,-0.037201326340436935,0.4905746635117033,0,-0.03806972876191139,-0.05295894667506218,0.49627776428629206,0,-0.006923966109752655,-0.05294777452945709,0.4884960784485918
train,2116,60,1,10.6800708771,10.2686347961,0,0.01952386647462845,-0.007775221019983292,0.4931756519359469,0,-0.04542599618434906,-0.05124794691801071,0.49854451642773034,0,-0.027608772739768028,-0.03347831219434738,0.49853261934914067
train,2122,60,1,8.5566978455,8.2748622894,0,0.3051705062389374,-0.3437603712081909,0.3432305020766463,1,-0.1199716329574585,0.004374094307422638,0.5310464391467548,0,-0.014946265146136284,-0.05823979526758194,0.48917830770182374
train,2134,60,0,7.1946325302,7.2671813965,1,-0.07435102015733719,0.08522461354732513,0.5398094672972366,0,0.020991526544094086,-0.0885554701089859,0.47264060600129365,0,0.034979984164237976,-0.08716072887182236,0.4695027264104648
train,2159,60,0,11.7898073196,12.0292415619,0,0.18955188989639282,-0.20130909979343414,0.4035100521569508,1,-0.052820734679698944,-0.02040071040391922,0.508104296240947,1,-0.04195918142795563,-0.019219480454921722,0.5056846802858638
train,2172,61,0,10.4655923843,10.6386766434,0,0.06286854296922684,-0.11187055706977844,0.4564260416488291,1,-0.07361260801553726,-0.036249496042728424,0.509339691499374,1,-0.032187703996896744,-0.02887783944606781,0.5008274653822864
train,2173,61,0,7.9144101143,8.0969419479,1,-0.30694296956062317,0.2807449698448181,0.6428344759693608,0,-0.003930773586034775,-0.07431307435035706,0.4824116847661284,1,-0.21025915443897247,0.09887010604143143,0.5766727092761544
train,2188,61,0,7.7599906921,7.8735232353,0,0.07205621153116226,-0.014660272747278214,0.478334453850924,1,-0.07022953778505325,-0.03301269933581352,0.509303135828022,0,0.1522083878517151,-0.188556969165802,0.41562357468239053
train,2190,61,1,11.2125930786,11.1600313187,1,0.013590730726718903,0.13634400069713593,0.5306498402389902,0,-0.0026855645701289177,-0.08078987151384354,0.4804838434283133,0,-0.021494951099157333,-0.04769345000386238,0.49345074986554954
train,2193,61,0,6.2261710167,6.2978935242,0,0.08194363862276077,0.02704523131251335,0.486278844107816,0,0.025532733649015427,-0.0949549674987793,0.46991446260596165,0,0.23068687319755554,-0.26226750016212463,0.3791978401701067
train,2217,61,0,8.8224821091,8.9609003067,1,-0.15951699018478394,0.06646217405796051,0.5562555961466359,0,0.020302660763263702,-0.08083602786064148,0.4747368589683369,1,-0.08128385245800018,0.0018467381596565247,0.5207706873746278
train,2225,61,0,8.3406248093,8.410487175,0,0.1716092824935913,-0.16809803247451782,0.4158805755095877,0,0.005793691612780094,-0.0686902180314064,0.48138762668569135,0,0.055612485855817795,-0.10384988784790039,0.4602186683360935
train,2226,61,1,8.8753137589,8.5000324249,1,0.008012473583221436,0.0740051120519638,0.5164921747275618,0,-0.012964957393705845,-0.05291885882616043,0.490012853158601,0,-0.02694678120315075,-0.043160319328308105,0.4959467042621212
train,2232,61,1,11.2406492233,11.193649292,0,0.033982761204242706,-0.02680155262351036,0.48480859860248915,0,-0.003702615387737751,-0.08054051548242569,0.48079997056202084,0,-0.015100667253136635,-0.046186137944459915,0.4922292580602879
train,2237,61,0,8.739774704,9.0004405975,0,0.13309410214424133,-0.05814959481358528,0.4523342650986779,0,-0.02187611162662506,-0.06553002446889877,0.48908825457786287,0,-0.024279186502099037,-0.049789875745773315,0.4936226735464854
train,2250,61,1,9.9604644775,9.8637189865,1,-0.05423027649521828,0.04216698184609413,0.5240806701413623,1,-0.07921662926673889,-0.014222078025341034,0.5162429203101018,1,-0.045891325920820236,-0.01973903179168701,0.5065377009189113
train,2255,61,0,8.3203907013,8.3245296478,0,0.0945252850651741,-0.04990195855498314,0.46395582180339573,0,-0.029791083186864853,-0.05219548940658569,0.4943991327261828,1,-0.052608639001846313,-0.025607511401176453,0.5067498718161866
train,2258,61,0,8.3855075836,8.450671196,1,-0.5579701662063599,0.4450632333755493,0.7316545630078255,1,-0.3595873713493347,0.1667507290840149,0.6286286278284828,1,-0.2822727859020233,0.1522427201271057,0.6069514125050438
train,2262,61,1,12.49954319,12.4086074829,0,0.2243729531764984,-0.1448885202407837,0.40871948767291555,0,-0.0007493551820516586,-0.0806925967335701,0.4800248267934237,0,-0.003901403397321701,-0.05709531158208847,0.48670465783864236
train,2310,61,0,9.3659534454,9.4043474197,1,-0.006714046001434326,0.042345281690359116,0.5122623725803869,0,-0.008029925636947155,-0.07304208725690842,0.483752681742705,1,-0.0518253855407238,-0.026647187769412994,0.5062942169324889
train,2320,61,0,8.0483551025,8.3911848068,1,0.044319622218608856,0.07937562465667725,0.5087631031960845,1,-0.17636258900165558,0.041132427752017975,0.5541604215700112,0,0.0615207739174366,-0.12013854086399078,0.45470965171661293
train,2323,61,0,7.2350330353,7.2776622772,1,-0.2643919587135315,0.20541265606880188,0.6153375102880804,1,-0.19397082924842834,0.04682402312755585,0.5599095188332728,0,0.1556534618139267,-0.1899263858795166,0.4144547052946121
train,2338,61,1,7.2290849686,7.2215628624,0,-0.014321677386760712,-0.09389171004295349,0.4801179807974638,0,-0.006909741088747978,-0.06788080930709839,0.48476195323624227,0,0.012343727052211761,-0.0796484649181366,0.47701815683068616
train,2339,61,0,9.4326276779,9.6837882996,1,-0.014647610485553741,0.04970827326178551,0.5160834202885995,0,0.008932416327297688,-0.08629052340984344,0.4762122367966379,1,-0.04088142141699791,-0.03062700852751732,0.5025635807583957
train,2349,61,1,11.4259490967,11.2949428558,1,-0.27384164929389954,0.21482200920581818,0.6197915739470243,0,0.003901149146258831,-0.051650434732437134,0.48611567440751735,1,-0.32723069190979004,0.21201297640800476,0.6316364581768422
train,2362,62,0,7.4969415665,7.8467559814,0,0.054469697177410126,-0.04792719706892967,0.474423120596589,0,0.017132248729467392,-0.08659567683935165,0.4740912448429789,0,0.05346296355128288,-0.10330647230148315,0.4608877123477875
train,2376,62,0,7.4028625488,7.4441890717,1,-0.7391633987426758,0.4699210822582245,0.7701369184227888,1,-0.3376457691192627,0.13286204636096954,0.6155039424601942,1,-0.214177206158638,0.10813223570585251,0.5798869774899909
train,2382,62,0,7.1310372353,7.1811275482,0,0.09683889895677567,-0.126494362950325,0.4443976028165697,0,3.769807517528534e-05,-0.06523599475622177,0.48368736825554043,0,0.13987067341804504,-0.1857510805130005,0.4193062976399035
train,2392,62,1,6.6283664703,6.389330864,1,-0.5470037460327148,0.4196067452430725,0.7244433815443231,1,-0.4162696599960327,0.16888125240802765,0.6422517680049383,1,-0.23112033307552338,0.11404360085725784,0.5854443563311824
train,2421,62,1,6.0077466965,5.9442572594,0,-0.0025901421904563904,-0.069878488779068,0.48318425762409023,0,0.019341163337230682,-0.08837442100048065,0.47309711094747325,0,0.1018352210521698,-0.15099331736564636,0.43712742228740425
train,2439,62,0,7.0519895554,7.164607048,1,-0.503757119178772,0.32355424761772156,0.6957861325305821,1,-0.3007495403289795,0.10431423783302307,0.5999036769484815,1,-0.30248740315437317,0.17587530612945557,0.6173611779449439
train,2445,62,0,8.8170814514,8.9503536224,1,-0.5851002335548401,0.3313865661621094,0.7143257264499617,1,-0.3866593837738037,0.14803925156593323,0.6305783257271823,1,-0.9800812005996704,0.6434100270271301,0.8352760501553019
train,2456,62,1,10.7759904861,10.663271904,0,0.09132549911737442,-0.09120948612689972,0.4544925389142982,1,-0.07395727932453156,-0.02096189558506012,0.5132457460116867,0,-0.013717351481318474,-0.05325992405414581,0.49011564476711017
train,2461,62,1,8.8422489166,8.7607479095,1,-0.04854850471019745,0.15321634709835052,0.5502707888544509,0,0.001034134067595005,-0.0822364091873169,0.47919438494621736,0,-0.030072320252656937,-0.034611776471138,0.4988651378941892
train,2462,62,1,8.8812103271,8.6117782593,0,0.015639297664165497,-0.17086419463157654,0.4535088095971434,0,0.004562702961266041,-0.06074158102273941,0.4836797286115667,0,0.27618369460105896,-0.29824283719062805,0.36021605440571
train,2481,62,1,8.2367343903,8.1128540039,1,-0.12145557254552841,0.05317233130335808,0.5435463702970755,1,-0.3033369779586792,0.1270139068365097,0.6059574533674735,0,-0.02486778423190117,-0.038075871765613556,0.4966980261198617
train,2504,62,1,9.6743745804,9.4382972717,1,-0.03441537916660309,0.09881974756717682,0.533259595317308,1,-0.0540965273976326,-0.03180783987045288,0.5055719412120288,1,-0.051162898540496826,-0.017188262194395065,0.508492842178643
train,2506,62,0,9.775970459,10.1510810852,0,0.17037510871887207,-0.10081759095191956,0.4326143124678615,0,-0.01580941490828991,-0.05773356929421425,0.48952049628685546,1,-0.04464438185095787,-0.016622044146060944,0.5070051260334653
train,2519,62,1,9.37778759,8.9189863205,0,0.15602552890777588,-0.06242075935006142,0.4456045630934277,0,-0.0018039504066109657,-0.0817287489771843,0.4800294301814672,0,-0.01564299874007702,-0.04319246858358383,0.49311306811672523
train,2520,62,0,7.0706272125,7.717186451,0,0.16139665246009827,-0.23336899280548096,0.40257059695975783,1,-0.07181306928396225,-0.022780969738960266,0.5122555696355996,0,0.004191244021058083,-0.06977610290050507,0.48151658965550276
train,2521,62,1,6.8539571762,6.6914949417,0,0.030413009226322174,0.02590220794081688,0.4988723015907605,1,-0.21277251839637756,0.0499483197927475,0.5653050160782219,0,-0.006233565509319305,-0.05900256708264351,0.48681080998049453
train,2523,62,0,8.0029363632,8.081284523,1,0.0004435703158378601,0.07954174280166626,0.5197642395809956,1,-0.055298689752817154,-0.03348077833652496,0.5054542614937545,0,-0.0256144218146801,-0.04642431437969208,0.4947977145955726
train,2527,62,1,4.9024281502,4.8287801743,1,-0.6825627684593201,0.49066632986068726,0.7637281943812517,1,-0.3464416563510895,0.1342521607875824,0.6179116961931286,1,-0.06273770332336426,-0.019307415932416916,0.5108558655494135
train,2540,62,1,6.4828071594,6.2614250183,0,-0.07650428265333176,-0.12162913382053375,0.48872070110134064,1,-0.1347925364971161,0.00789634883403778,0.5356118200878265,1,-0.5000544786453247,0.2911009192466736,0.6880793630592821
train,2545,62,1,9.7319784164,9.6486549377,0,0.028697773814201355,-0.0248614139854908,0.4866134029481681,1,-0.11439909040927887,-0.00873824954032898,0.5263906622027129,1,-0.048076048493385315,-0.01894991844892502,0.5072810177920267
train,2573,63,1,8.8010654449,8.6665964127,1,-0.06452237814664841,0.0645819902420044,0.5322313353709229,0,-0.044952768832445145,-0.04929495230317116,0.49891445583793925,0,-0.030453834682703018,-0.03421560302376747,0.49905955902374094
train,2574,63,1,9.8794374466,9.4700050354,1,-0.5264790058135986,0.25923287868499756,0.6869098482437918,1,-0.43971899151802063,0.1929633766412735,0.6530974319848132,1,-0.6695512533187866,0.41961565613746643,0.7482248127664142
train,2576,63,0,9.0643577576,9.1975727081,1,-0.125443696975708,0.13161823153495789,0.5639139120886802,1,-0.15355420112609863,0.018977314233779907,0.5430262012319474,0,-0.03140730783343315,-0.043788254261016846,0.4969048029310077
train,2580,63,0,10.5421485901,10.6510820389,0,0.046957023441791534,0.01491675153374672,0.4919906171999639,0,0.004266940988600254,-0.08313418924808502,0.47816361627210774,0,0.011746121570467949,-0.07255670428276062,0.47893676670035545
train,2609,63,1,7.4156942368,7.2714295387,0,0.013994507491588593,-0.029897207394242287,0.4890288325356269,0,0.01341081690043211,-0.08587397634983063,0.47519917112705296,0,0.09060291945934296,-0.13259151577949524,0.44443188054795685
train,2615,63,1,8.0524530411,7.9970970154,0,0.14976206421852112,-0.07132549583911896,0.4449521544192303,1,-0.07968959212303162,-0.0269000306725502,0.5131943264109138,0,-0.01731262356042862,-0.05047537386417389,0.49171007215992363
train,2629,63,1,9.909866333,9.709441185,0,0.07803917676210403,-0.03958122804760933,0.4706287525153769,0,-0.014241384342312813,-0.07061532139778137,0.48591024699915425,1,-0.0352158397436142,-0.029259145259857178,0.5014891692176907
train,2634,63,0,12.0950107574,12.340470314,0,0.1766911745071411,-0.06838127970695496,0.439036705320723,0,0.01017248909920454,-0.08468945324420929,0.4763022826441973,0,0.01653807982802391,-0.07562574744224548,0.4769753388264844
train,2642,63,0,6.0462331772,6.0534515381,1,-0.08447867631912231,0.11805342137813568,0.5504606540470585,0,-0.03673259913921356,-0.050980452448129654,0.49643809692848706,0,0.013181140646338463,-0.08436337113380432,0.4756331897032067
train,2647,63,0,6.0862379074,6.2947349548,1,-0.27064305543899536,0.09365130960941315,0.5900795798031998,1,-0.0980246365070343,-0.0049547478556632996,0.5232506914530688,0,0.2482004165649414,-0.2743116021156311,0.3722650275645009
train,2660,63,1,10.585729599,10.3620986938,1,-0.055221009999513626,0.057655226439237595,0.5281891355436097,0,-0.027652837336063385,-0.05686734616756439,0.4926968922106863,0,-0.010569857433438301,-0.061701152473688126,0.4872199604731718
train,2674,63,0,11.0900697708,11.1676683426,1,0.02953965961933136,0.053740378469228745,0.5060498844432884,0,-0.01010203454643488,-0.07369740307331085,0.48410651410323396,0,-0.015302910469472408,-0.040869202464818954,0.49360877512487944
train,2688,63,0,6.4863901138,6.7509374619,0,0.08558874577283859,-0.10609781742095947,0.4522245570593217,0,0.017306137830018997,-0.08106677234172821,0.47542658614195893,1,-0.40364348888397217,0.22271808981895447,0.6516640041394101
train,2694,63,1,8.0450363159,7.8196501732,1,-0.3024570047855377,0.2968333959579468,0.6454939443243403,1,-0.11865468323230743,-0.008093614131212234,0.5276121460064157,0,0.015928681939840317,-0.07510367035865784,0.47725761505861486
train,2697,63,0,11.6475095749,11.7240371704,0,0.07368778437376022,-0.026737216860055923,0.4749148285230349,0,0.0047571687027812,-0.08091982454061508,0.478593844495282,0,-0.013337358832359314,-0.047308340668678284,0.49150807118523726
train,2702,63,1,8.8085765839,8.7944364548,1,-0.02451419085264206,0.07787713408470154,0.5255754907192767,0,0.012432710267603397,-0.08883588761091232,0.47470446467254745,1,-0.039829738438129425,-0.03572382777929306,0.5010264762226384
train,2709,63,1,12.0333461761,11.9736881256,0,-0.00043682754039764404,-0.009473446756601334,0.49774086056946365,0,-0.03116149827837944,-0.03921078145503998,0.49798769007078075,1,-0.030807476490736008,-0.025483939796686172,0.5013308810304118
train,2730,63,0,10.2336750031,10.4717197418,0,0.20362120866775513,-0.06417430937290192,0.4334483719800719,0,0.01957482472062111,-0.09206797927618027,0.47211825309645555,0,0.06763699650764465,-0.11865321546792984,0.45356166921047286
train,2734,63,1,8.627989769,8.4200744629,0,0.24220266938209534,-0.27483102679252625,0.3735461159258357,0,0.005629583261907101,-0.07596250623464584,0.4796132863576784,0,0.20099708437919617,-0.24451878666877747,0.3904274352957674
train,2736,63,0,6.6727919579,7.2856564522,1,-0.2897492051124573,0.30090633034706116,0.643515541828849,0,-0.03322046250104904,-0.05498350411653519,0.4945594543282284,0,0.0024839192628860474,-0.07902157306671143,0.47963489969621126
train,2751,64,1,5.7174787521,5.6726360321,1,-0.061541784554719925,-0.01053941622376442,0.5127478288539995,0,0.008453805930912495,-0.08156018704175949,0.4775116840405204,0,0.015116989612579346,-0.09041313081979752,0.473641926976333
train,2764,64,1,5.7865629196,5.7366433144,1,-0.8762409687042236,0.751239538192749,0.8358242010869771,1,-0.39972153306007385,0.15329937636852264,0.634836180667965,1,-0.4777964651584625,0.29666683077812195,0.6844856024751538
train,2783,64,0,8.9377555847,8.9566249847,1,-0.02883368358016014,0.09276066720485687,0.5303611889252628,0,-0.0214448980987072,-0.04231203347444534,0.4947834054463626,1,-0.05134864151477814,-0.02213488146662712,0.5073029206334119
train,2798,64,1,10.1134681702,10.0591850281,1,-0.028080791234970093,0.06072957441210747,0.5221880097394344,0,0.0014904150739312172,-0.07985762506723404,0.47967419756795077,0,-0.034712765365839005,-0.03756856918334961,0.49928604953084776
train,2800,64,0,9.9794750214,10.1587381363,1,-0.10055890679359436,0.08027578890323639,0.5450858773589602,0,-0.04286839812994003,-0.05241750553250313,0.49761274128960375,0,-0.011270001530647278,-0.04965108260512352,0.4904059074631794
train,2805,64,1,8.6312274933,8.4339962006,1,-0.1060175895690918,0.14907421171665192,0.5634293673723979,0,0.014218396507203579,-0.08305530995130539,0.4757007306905398,0,-0.024110371246933937,-0.05002769082784653,0.4935210327649275
train,2806,64,0,10.9607219696,11.0829296112,1,-0.05798718333244324,7.819384336471558e-06,0.5144946882628058,0,-0.03925979137420654,-0.05340978503227234,0.4964625606081469,0,-0.029616018757224083,-0.038580238819122314,0.4977589599914881
train,2810,64,1,10.5607023239,10.4202508926,0,0.02569454163312912,-0.034869980067014694,0.4848634960941342,0,-0.041889410465955734,-0.05241259187459946,0.49736922892484503,0,-0.028486162424087524,-0.039969898760318756,0.4971290974661826
train,2839,64,0,11.2823886871,11.7162132263,0,0.07910040766000748,-0.17397178709506989,0.4370674722857832,1,-0.15934409201145172,0.04163263738155365,0.5500757422383106,1,-0.37205708026885986,0.19400867819786072,0.6378548747520637
train,2843,64,0,10.3400506973,10.3972063065,1,-0.07234392315149307,0.07174052298069,0.5359589231286405,1,-0.05003200098872185,-0.048167768865823746,0.5004660578957478,0,-0.023292694240808487,-0.04020313546061516,0.4957724904371858
train,2844,64,0,12.5797357559,12.6218280792,0,0.05085214227437973,-0.0394318588078022,0.4774443189722717,0,-0.03151052072644234,-0.05701116472482681,0.49362518444942566,0,-0.008429979905486107,-0.05348698049783707,0.4887376551258965
train,2862,64,0,7.295042038,7.3551287651,1,-0.5617038607597351,0.4016150236129761,0.7237858087542183,1,-0.539176344871521,0.24093599617481232,0.6857043255007528,1,-0.08678771555423737,0.0016492977738380432,0.5220948546933245
train,2868,64,1,11.1477050781,10.8924427032,0,0.07544463127851486,-0.033380527049303055,0.4728205288058126,0,-0.0283227376639843,-0.05661671608686447,0.49292697724655204,0,-0.02719351090490818,-0.04133205860853195,0.49646542195364457
train,2880,64,0,7.0354280472,7.1495819092,1,-0.14643551409244537,-0.01223086193203926,0.5335008963843764,1,-0.13642030954360962,0.012002132833003998,0.5370376430082775,0,0.19374336302280426,-0.2361016571521759,0.3941633399265915
train,2894,64,1,8.5400829315,8.5018863678,1,-0.4605967402458191,0.24079905450344086,0.6684971651505828,1,-0.17172963917255402,0.03323251008987427,0.5510619053299642,1,-0.5373263955116272,0.3574017286300659,0.7098649268715379
train,2896,64,0,8.3099212646,8.6638498306,1,-0.12671852111816406,0.18145275115966797,0.576438826793779,1,-0.07841697335243225,-0.02888806164264679,0.5123796972977803,0,-0.034260958433151245,-0.041581448167562485,0.4981698857393096
train,2909,64,0,8.8085575104,8.8542327881,0,0.4344278573989868,-0.4097647964954376,0.3006524980674319,1,-0.07114613801240921,-0.03189922124147415,0.5098104699527483,0,0.20862120389938354,-0.22845765948295593,0.39243723732723035
train,2917,64,1,10.688955307,10.492770195,1,-0.07160075753927231,-0.032785721123218536,0.5097025409748792,0,0.03174672648310661,-0.10006951540708542,0.46709357292951015,1,-0.7858334183692932,0.5045821070671082,0.7842175128644673
train,2929,64,0,9.0549812317,9.1102104187,0,0.21959799528121948,-0.4015776515007019,0.3495141161634726,0,-0.03406030312180519,-0.05808879807591438,0.49399316527182296,1,-0.39565080404281616,0.23623168468475342,0.6529161881744873
train,2958,65,0,7.0512194633,7.0756597519,1,-0.09934384375810623,0.07641170918941498,0.5438261304588479,0,0.014659597538411617,-0.09175010770559311,0.4734226469611873,0,0.015014499425888062,-0.07255946844816208,0.47812048943940616
train,2991,65,1,9.4779052734,9.3745250702,1,-0.6302483081817627,0.42736709117889404,0.7422345813629833,1,-0.4905596971511841,0.21555094420909882,0.6695411848606527,1,-0.4905615448951721,0.3080943524837494,0.6896868911524232
train,2993,65,1,6.9046630859,6.7703304291,0,0.012283243238925934,-0.09200838208198547,0.4739507003524172,1,-0.14207880198955536,0.013982042670249939,0.538936218963952,1,-0.7130522131919861,0.46453121304512024,0.7645130192038717
train,3004,65,1,9.2136039734,8.8836708069,0,-0.05888080969452858,-0.08995291590690613,0.4922325983733647,1,-0.10955354571342468,-0.01050654798746109,0.5247415259059467,0,0.06585592031478882,-0.1192949116230011,0.45384407203735194
train,3007,65,0,9.9141654968,10.1247177124,1,-0.022002853453159332,0.061057280749082565,0.520753103641458,1,-0.103999063372612,-0.014547616243362427,0.5223479622198847,1,-0.04470079019665718,-0.018595624715089798,0.5065259207677429
train,3010,65,0,6.7149276733,7.0658779144,1,-0.17421367764472961,0.050191622227430344,0.5558670765313116,1,-0.2005227655172348,0.0414261519908905,0.5601938733112406,0,0.01577286794781685,-0.08623094856739044,0.47452113387118977
train,3027,65,0,8.2008018494,8.233165741,0,0.09892228990793228,-0.2394012212753296,0.416216773634286,1,-0.20508764684200287,0.05300779640674591,0.5641680520676498,0,0.077520951628685,-0.1164548397064209,0.4516575374330155
train,3036,65,0,11.264995575,11.2854595184,0,0.08351976424455643,-0.0016976185142993927,0.478708537638484,1,-0.0465855710208416,-0.044690199196338654,0.5004738428142717,0,-0.023919250816106796,-0.04082192853093147,0.4957744311747469
train,3042,65,1,8.5210733414,8.4744586945,1,-0.09657740592956543,0.005425088107585907,0.5254785363678017,0,0.01768544316291809,-0.084771528840065,0.4744081404819233,0,0.10269932448863983,-0.15530160069465637,0.43585518840783866
train,3053,65,0,5.7792901993,5.9126582146,1,-0.07540678232908249,0.041260723024606705,0.5291338380319464,0,0.025310341268777847,-0.09122895449399948,0.4708981056632521,0,0.1273319572210312,-0.16386502981185913,0.4277108501112328
train,3070,65,1,8.99284935,8.9743881226,1,-0.13814415037631989,0.17500710487365723,0.5776542598393939,0,-0.030393267050385475,-0.046357735991477966,0.49600896752866447,0,-0.017849985510110855,-0.05030431970953941,0.49188712853398875
train,3071,65,1,10.4356298447,10.3228588104,1,-0.055037468671798706,0.1712903529405594,0.556341655406985,0,0.022818177938461304,-0.0970773994922638,0.4700619602038939,0,-0.011794187128543854,-0.04943816363811493,0.4905901170507901
train,3074,65,0,9.5480852127,9.7214460373,1,-0.008070103824138641,0.01799309253692627,0.5065154302721115,0,-0.03540664166212082,-0.05715714022517204,0.4945625897202825,0,-0.027101177722215652,-0.04144181311130524,0.4964149025932661
train,3077,65,0,6.5568432808,6.6772451401,1,0.011691026389598846,0.06753306090831757,0.5139568819679033,0,0.021540388464927673,-0.08406812697649002,0.47362238272924473,1,-0.32310059666633606,0.16733667254447937,0.6202094363834096
train,3087,65,1,10.1285438538,9.9404087067,1,0.002308584749698639,0.0026877298951148987,0.5000947862852186,0,0.012771877460181713,-0.08566644042730331,0.47541027373587275,0,-0.03117855079472065,-0.03377700224518776,0.49935038750289584
train,3088,65,1,10.9537448883,10.4738826752,1,-0.455263614654541,0.11694145202636719,0.6392718269332893,1,-0.8505241274833679,0.43237394094467163,0.7829426879637889,1,-0.8621042966842651,0.5749427676200867,0.8079969558736957
train,3089,65,1,10.3652820587,10.2655563354,0,0.0362134650349617,0.017401449382305145,0.49529713477818976,1,-0.06374197453260422,-0.027663998305797577,0.5090185158542614,1,-0.04069910943508148,-0.018069926649332047,0.5056570542931749
train,3092,65,1,9.3459215164,9.3241024017,0,0.08002746850252151,-0.009579416364431381,0.4776132561109734,0,0.006596744991838932,-0.08202497661113739,0.47785905859753247,0,-0.026499390602111816,-0.04007291421294212,0.4966066711961943
train,3104,65,0,5.9369058609,5.9673662186,1,-0.14365145564079285,0.21611417829990387,0.5889836994608911,0,0.025676678866147995,-0.09368761628866196,0.47019430669381695,1,-0.09010417759418488,-0.008640266954898834,0.5203547221179025
train,3105,65,0,6.2498030663,6.3403892517,1,-0.20571300387382507,0.1659303456544876,0.5918560098527373,1,-0.06631582975387573,-0.03587009757757187,0.5076108451517706,0,0.18238475918769836,-0.21025174856185913,0.40308277657857455
train,3140,66,1,11.5804128647,11.4783878326,0,0.0389166995882988,0.0013955123722553253,0.4906208035371015,0,-0.032892752438783646,-0.05485915392637253,0.49450862043597804,0,-0.006732907146215439,-0.055333781987428665,0.4878521723385703
train,3156,66,1,8.3341398239,8.2233257294,0,0.02696073055267334,-0.07900308817625046,0.4735338049509127,1,-0.06600993871688843,-0.035430341958999634,0.5076443035089276,0,0.2894127368927002,-0.31122681498527527,0.35419738801763445
train,3165,66,1,7.5993146896,7.3503408432,1,-0.7921795845031738,0.3747963309288025,0.7625979633133594,1,-0.6235232949256897,0.28841257095336914,0.7133961373890172,0,0.027444440871477127,-0.0819033831357956,0.47269025034512213
train,3179,66,1,6.8696064949,6.6618213654,1,-0.1821315884590149,0.2611430585384369,0.6090390363580857,0,-0.029672808945178986,-0.05879200994968414,0.49272071410071877,0,0.01534862071275711,-0.07971206307411194,0.4762527091265531
train,3188,66,1,9.980307579,9.8689661026,0,0.15095198154449463,-0.068051278591156,0.44546697229987336,0,0.014605303294956684,-0.07505432516336441,0.4776000966619832,0,0.047943953424692154,-0.1108621209859848,0.4603817087809361
train,3190,66,1,7.2303566933,6.8419122696,1,-0.4512752294540405,0.3863895833492279,0.697973170772274,1,-0.1963871717453003,0.04719942808151245,0.5605973202113251,1,-0.6341840624809265,0.40583422780036926,0.7388535351909461
train,3203,66,1,9.9661083221,9.8419160843,1,-0.07880429923534393,0.1683703064918518,0.5614809533317783,0,-0.04624055698513985,-0.0492108128964901,0.49925743656809624,1,-0.04019250348210335,-0.028498388826847076,0.5029234953476597
train,3215,66,0,7.5822677612,7.6813941002,1,0.020842425525188446,0.03637758269906044,0.5038837111855187,0,0.02748178318142891,-0.09382885694503784,0.4697094778226157,1,-0.052702371031045914,-0.021576974540948868,0.5077807209754116
train,3237,66,1,11.756362915,11.6901245117,1,-0.028231561183929443,0.08118991553783417,0.5273281078647196,0,-0.025860365480184555,-0.0643109530210495,0.49038853725600734,1,-0.02831254154443741,-0.02794007956981659,0.5000931154925787
train,3241,66,0,11.6139707565,11.86079216,0,0.09128173440694809,-0.18448911607265472,0.4314909119075391,1,-0.07287667691707611,-0.010513674467802048,0.5155856996870737,0,-0.006535936146974564,-0.06381195783615112,0.48568490780297263
train,3251,66,1,12.4584503174,12.2481813431,0,0.052085138857364655,-0.06309480965137482,0.47123680456467154,0,-0.04326733946800232,-0.049012795090675354,0.4985636400455476,0,-0.010728675872087479,-0.047300055623054504,0.4908581739462006
train,3255,66,1,12.2485027313,11.8568582535,0,0.206104576587677,-0.10914093255996704,0.4218348886880146,0,0.000707690604031086,-0.08319798111915588,0.47903587985935864,0,-0.025523515418171883,-0.036363180726766586,0.49729011020676295
train,3261,66,0,10.1709413528,10.4181404114,1,0.0030172839760780334,0.07822476327419281,0.5187930126278588,0,0.016966871917247772,-0.06950898468494415,0.4783944981330849,1,-0.03014671429991722,-0.028259754180908203,0.5004717398897784
train,3267,66,1,7.1255435944,7.0518403053,1,-0.25762584805488586,0.16242998838424683,0.6034966109569935,0,-0.006303674541413784,-0.07254406809806824,0.4834459541409424,0,-0.021388011053204536,-0.05365724116563797,0.4919333924417738
train,3271,66,1,8.8219127655,8.7823314667,1,-0.0028480812907218933,0.06397010385990143,0.5166983340375015,0,-0.009603780694305897,-0.06909777969121933,0.4851308858057093,0,-0.022413119673728943,-0.05106006935238838,0.4928387523121061
train,3286,66,0,10.0009145737,10.0322914124,0,0.006130054593086243,0.0030171722173690796,0.49922178003448564,0,-0.010999270714819431,-0.0701429694890976,0.4852183838681492,1,-0.041556186974048615,-0.032010823488235474,0.5023863227525369
train,3294,66,0,8.1832008362,8.2160892487,1,-0.06468433141708374,0.14024721086025238,0.5510543333740064,1,-0.14563272893428802,0.010870285332202911,0.5390460891302515,0,-0.02074548229575157,-0.05039723217487335,0.49258760561991705
train,3317,66,0,8.4539852142,8.5885868073,1,0.00254608690738678,0.02727329358458519,0.5061814867078609,1,-0.054898861795663834,-0.04103509336709976,0.5034658865941916,0,-0.002586210146546364,-0.06475935876369476,0.4844617177929635
train,3318,66,0,10.6071176529,10.9858188629,1,0.032871417701244354,0.07191123068332672,0.5097587138333334,1,-0.05514587089419365,-0.0391351580619812,0.5040025927053914,0,-0.02402740716934204,-0.04084336757659912,0.4957961089611936
train,3325,66,0,8.8096580505,8.8706626892,1,-0.10812778770923615,0.1393570899963379,0.5615573470690708,1,-0.13709041476249695,0.006741754710674286,0.535896179599895,0,0.10016325116157532,-0.1504260003566742,0.437678469549987
train,3341,67,0,9.3739814758,9.5717811584,1,-0.00010434538125991821,0.025538690388202667,0.5064104076744204,1,-0.049612950533628464,-0.0463838092982769,0.5008072846073512,0,-0.03074607625603676,-0.03284049779176712,0.49947639480747136
train,3354,67,0,7.0364627838,7.0691847801,1,-0.23474672436714172,0.021126773208379745,0.563621636915167,1,-0.1448258012533188,0.015256412327289581,0.5399353069011764,0,0.21269282698631287,-0.2559830844402313,0.3849296854578095
train,3356,67,1,7.6556677818,7.6097064018,0,0.04080205410718918,-0.17998568713665009,0.44502620181368346,0,-0.043805018067359924,-0.05107437074184418,0.49818266983421067,0,0.026624392718076706,-0.08220090717077255,0.47282049352012934
train,3358,67,0,16.3359680176,16.3388290405,1,-0.2809157073497772,0.12376207113265991,0.5998110260211061,0,-0.005014027468860149,-0.03875163197517395,0.4915663988035633,1,-0.10508216917514801,0.02277291566133499,0.5319202998285888
train,3360,67,1,7.0704498291,6.9438123703,1,-0.019585058093070984,0.021371912211179733,0.5102378114780228,0,0.025917697697877884,-0.0950939953327179,0.4697839409816484,0,0.3856852054595947,-0.40795737504959106,0.3113870723733167
train,3367,67,1,7.814868927,7.7746062279,0,-0.022115178406238556,-0.04503348469734192,0.494270674201803,0,0.019522372633218765,-0.07667874544858932,0.47596825141686905,0,-0.02420160546898842,-0.044638823717832565,0.49489087326817527
train,3375,67,1,9.0172777176,8.705198288,0,0.05397932976484299,-0.005423467606306076,0.4851536660792084,1,-0.06752922385931015,-0.030680451542139053,0.5092111508365825,0,-0.007961537688970566,-0.06452836841344833,0.48586206200648074
train,3418,67,1,6.8855342865,6.7714071274,1,-0.123825803399086,0.1739313304424286,0.5738941382072745,0,0.023273687809705734,-0.09696131944656372,0.4699774078338069,0,0.04760497063398361,-0.10592900216579437,0.4616917296374146
train,3429,67,1,8.6573104858,8.4418449402,0,-0.06349100172519684,-0.06783795356750488,0.49891326375066897,0,0.0037108855322003365,-0.07931219786405563,0.4792561431096871,0,0.2618309259414673,-0.29886674880981445,0.3633860466161368
train,3430,67,0,7.1086468697,7.1369757652,0,0.011709712445735931,-0.08319780230522156,0.47629091514722477,1,-0.06709028780460358,-0.03797663748264313,0.5072778985227085,0,0.04310071840882301,-0.09123729914426804,0.4664659120931183
train,3440,67,1,7.3098707199,7.1919460297,0,-0.07512545585632324,-0.12629809975624084,0.48720963001720013,1,-0.3447885513305664,0.12409880757331848,0.6151203753797578,0,0.2788986265659332,-0.2986755669116974,0.35949096251538554
train,3455,67,1,12.2439880371,12.1146450043,1,0.014769189059734344,0.032992053776979446,0.5045555901143791,0,0.010884891264140606,-0.08426249772310257,0.4762310817669993,0,0.0011966321617364883,-0.07345551252365112,0.4813456263370609
train,3461,67,1,10.0999174118,10.0605335236,0,0.16800829768180847,-0.08880086243152618,0.4361482484586412,1,-0.08893217146396637,0.0017385482788085938,0.5226521631035885,0,-0.009702015668153763,-0.05446067452430725,0.488812202968087
train,3472,67,1,13.2030448914,13.1286315918,1,-0.010514520108699799,0.07434910535812378,0.5212031827420145,0,0.013187066651880741,-0.08699000626802444,0.474976654972899,0,-0.026790201663970947,-0.04535121098160744,0.4953598808841916
train,3474,67,1,10.3888196945,9.4113922119,1,-0.2537883222103119,0.14030969142913818,0.5972688221799637,0,0.014262418262660503,-0.08276435732841492,0.4757623179751846,1,-0.9343289136886597,0.594702422618866,0.8218645429462769
train,3490,67,1,8.6450042725,8.2745838165,1,-0.0665934830904007,-0.042482223361730576,0.5060275229251965,0,0.01314652618020773,-0.08329156041145325,0.4759091464814956,1,-0.7720189690589905,0.5048621296882629,0.781918402754119
train,3515,67,0,7.5772070885,7.6205267906,0,0.10784996300935745,-0.0459374375641346,0.46162874521703307,1,-0.0595996268093586,-0.04104912281036377,0.504637493012207,0,0.09106570482254028,-0.13579696416854858,0.44352633453945833
train,3519,67,1,6.7474851608,6.7470488548,1,-0.24277952313423157,0.29069867730140686,0.6302939809909883,0,0.00824225414544344,-0.08385014533996582,0.4769931579356269,1,-0.19525009393692017,0.07268206030130386,0.5665851815861479
train,3522,67,1,8.8877782822,8.8337574005,1,-0.04364022612571716,0.028699558228254318,0.5180770636029186,1,-0.30608853697776794,0.10334409773349762,0.6009518274960726,0,-0.03851700574159622,-0.044360287487506866,0.49853918372002215
train,3531,67,0,10.098695755,10.1687793732,0,0.07828176766633987,0.004103515297174454,0.48146393555204636,0,-0.00011610891669988632,-0.07844956964254379,0.48042664251902195,0,-0.00833352655172348,-0.052654869854450226,0.4889214776519497
train,3548,68,0,9.8383655548,10.0569572449,1,-0.07142925262451172,0.14163969457149506,0.5530666269809312,0,0.02036368101835251,-0.08896544575691223,0.47269491071068875,0,0.2891773581504822,-0.3059457242488861,0.35546024659774267
train,3558,68,1,9.4585800171,9.3236789703,1,-0.02736532688140869,0.07729680836200714,0.5261416748201504,0,-0.03800800070166588,-0.05132061988115311,0.49667189435717324,0,-0.013605643063783646,-0.055069535970687866,0.4896355116634204
train,3563,68,1,8.843462944,8.7662630081,1,-0.06456868350505829,0.22377757728099823,0.571591222073694,0,-0.011366209015250206,-0.07274667918682098,0.48465969844962353,0,-0.018193906173110008,-0.05246194452047348,0.4914338286668981
train,3568,68,1,7.0674934387,7.0514554977,0,0.09903479367494583,-0.241383895277977,0.41570777609855464,1,-0.05211713910102844,-0.041673991829156876,0.5026107630906727,0,0.16244915127754211,-0.2000989317893982,0.41034288713120426
train,3569,68,1,10.0400562286,9.6879758835,1,-0.06150679290294647,0.13789086043834686,0.5496849020609952,0,-0.035483743995428085,-0.05120468884706497,0.4960698447309603,0,-0.024067044258117676,-0.04491005092859268,0.4947894369668262
train,3595,68,1,11.9018211365,11.8252506256,0,0.02965632826089859,-0.03984611853957176,0.48263137946092977,0,-0.0347936637699604,-0.0541006475687027,0.4951734039793926,0,-0.022488007321953773,-0.04055274277925491,0.49548393894728016
train,3608,68,1,11.4757432938,11.3536558151,0,0.038524843752384186,-0.00682409480214119,0.488664707905246,1,-0.07605806738138199,-0.03175898641347885,0.5110729594953104,0,-0.014174612239003181,-0.056282058358192444,0.48947469357074347
train,3615,68,0,8.9542341232,9.2350997925,1,-0.18043434619903564,0.04082842543721199,0.5550911171203887,0,0.01298877876251936,-0.08869829028844833,0.47460011575022104,0,0.10005995631217957,-0.14782041311264038,0.4383452810124787
train,3621,68,0,12.1803321838,12.2749385834,1,-0.003140285611152649,0.003270089626312256,0.5016025883214518,0,-0.0030965618789196014,-0.07582897692918777,0.48182490772398456,0,-0.012754518538713455,-0.056401677429676056,0.4890899422616478
train,3622,68,1,8.7459859848,8.6947383881,1,-0.03145861253142357,0.01233464851975441,0.5109465658297012,0,0.016117412596940994,-0.08394990116357803,0.47500402611024306,0,-0.014318285509943962,-0.0579119548201561,0.48910330829780174
train,3639,68,1,8.7348575592,8.6929979324,1,-0.08687824010848999,0.13873161375522614,0.5561644354126182,0,-0.028231356292963028,-0.054410312324762344,0.4934556347461549,0,-0.03232770785689354,-0.050790995359420776,0.4953843092450067
train,3648,68,1,11.8980474472,11.8332128525,0,0.21243947744369507,-0.15592004358768463,0.40893747851567175,1,-0.05125978961586952,-0.028311800211668015,0.5057367456008558,0,-0.009305447340011597,-0.0462733656167984,0.4907590728152022
train,3659,68,1,8.1476716995,8.0413742065,0,0.0778200551867485,-0.023075100034475327,0.4747975872629117,0,-0.01826883852481842,-0.0686330795288086,0.4874116005690012,0,-0.030958745628595352,-0.04581461101770401,0.49628610195623646
train,3675,68,0,8.8240671158,8.9218873978,1,-0.09208589792251587,0.08617497980594635,0.5444475810428279,0,-0.026172354817390442,-0.05939130485057831,0.4916960260963192,0,-0.014923367649316788,-0.05775359272956848,0.48929408028330423
train,3677,68,0,11.022687912,11.0963830948,0,0.19843697547912598,-0.1715296506881714,0.4085490858864184,0,-0.04686784744262695,-0.04828180372714996,0.4996465109877627,0,-0.020347176119685173,-0.05596708878874779,0.49109596325012117
train,3679,68,0,10.756362915,11.0294399261,0,0.10304737836122513,0.08836199343204498,0.49632871974665504,0,0.006218236871063709,-0.08275750279426575,0.47777072832241513,0,-0.012958701699972153,-0.055061377584934235,0.4894758856009036
train,3683,68,1,10.3044548035,10.2698249817,1,-0.09411337971687317,0.12988756597042084,0.5557672477733892,1,-0.14266346395015717,0.018576353788375854,0.5402228484353329,0,-0.015494562685489655,-0.04098271578550339,0.49362830666665836
train,3695,68,0,11.1139831543,11.3048458099,1,-0.07934202253818512,0.06505292654037476,0.536036146508369,0,-0.015689648687839508,-0.0661635622382164,0.4873841998498286,0,0.0010192664340138435,-0.06246163323521614,0.4841351024544605
train,3701,68,1,13.4070930481,13.1834144592,1,0.01495824009180069,0.02712845429778099,0.503042515998291,1,-0.09130002558231354,0.01093226671218872,0.5255358364215247,0,-0.017520176246762276,-0.04884473979473114,0.4921694993949245
train,3751,69,1,7.8352360725,7.5137319565,1,-0.6153310537338257,0.4498955309391022,0.7436880848316213,1,-0.3898693919181824,0.14669275283813477,0.6310123232109911,1,-0.7334656715393066,0.48834487795829773,0.7723820155490584
train,3779,69,1,8.9844245911,8.8289957047,1,-0.10578398406505585,0.1226637214422226,0.5568648343758981,1,-0.1733447164297104,0.03317141532897949,0.5514463186469329,1,-0.07027418166399002,-0.01433439552783966,0.5139813007974442
train,3787,69,1,7.873978138,7.7292523384,1,-0.055326417088508606,0.10627804696559906,0.5403134187317356,0,0.01694672554731369,-0.08899857103824615,0.4735384225150063,0,-0.015137463808059692,-0.05573241785168648,0.4898526549775047
train,3790,69,1,7.5768027306,7.4589691162,1,-0.3645860552787781,0.16394558548927307,0.6291405754244839,1,-0.21379786729812622,0.05395059287548065,0.5665400719418787,0,0.19211293756961823,-0.22326883673667908,0.39762237740604744
train,3798,69,0,8.9558887482,9.0002231598,1,-0.39292818307876587,0.3162711262702942,0.6702242123114511,1,-0.41068947315216064,0.17297449707984924,0.6419100493602253,0,0.04295241832733154,-0.08649270236492157,0.4676838314793025
train,3812,69,0,7.802052021,7.8129663467,1,-0.16023994982242584,0.11959265172481537,0.5695051835006357,1,-0.049749065190553665,-0.040468018501996994,0.5023202450170909,1,-0.051077950745821,-0.030738070607185364,0.505084794733025
train,3814,69,0,10.5468673706,10.7168369293,1,0.01835297793149948,0.02382991835474968,0.5013692316830914,1,-0.09631752967834473,-0.003401346504688263,0.5232123480390449,0,-0.018412383273243904,-0.04312252253293991,0.4938227794948054
train,3831,69,1,9.7670307159,9.7368068695,0,-0.013186804950237274,-0.02938031777739525,0.4959517102580275,0,-0.023323331028223038,-0.06314696371555328,0.4900454073937808,1,-0.03769964352250099,-0.02362215146422386,0.5035193148945125
train,3841,69,1,10.8150348663,10.4263248444,1,-0.09923304617404938,0.05588546022772789,0.5387020544372875,0,0.014377559535205364,-0.08200513571500778,0.47592296218786034,1,-0.10633176565170288,0.0013995394110679626,0.5269068078540167
train,3842,69,0,12.272354126,12.5833435059,1,-0.658162534236908,0.4147202670574188,0.7451447582442393,1,-0.584380567073822,0.26287347078323364,0.6999907971880123,1,-0.3371596932411194,0.18610236048698425,0.6279102266595807
train,3845,69,1,11.6737384796,11.4817476273,1,-0.11164401471614838,0.10317479074001312,0.5534991235564543,1,-0.11440800875425339,-0.008769892156124115,0.5263849969583164,1,-0.042370591312646866,-0.02860274165868759,0.503441908044799
train,3853,69,0,9.6394090652,10.0566959381,0,0.01883227378129959,0.005115482956171036,0.49657085605976886,1,-0.049995146691799164,-0.04218687117099762,0.5019520589622598,0,-0.01279236376285553,-0.0502508208155632,0.4906364805688238
train,3862,69,0,8.4547462463,8.7915763855,1,-0.33334916830062866,-0.0003959648311138153,0.5824777627601144,1,-0.5360758900642395,0.2340366095304489,0.683545229155359,0,0.12391245365142822,-0.159265398979187,0.4296748559534973
train,3874,69,1,10.5455875397,10.237405777,1,-0.07575426250696182,0.17726309597492218,0.5629190357785883,1,-0.049472104758024216,-0.04358941689133644,0.5014706677255117,1,-0.038407087326049805,-0.03160791099071503,0.5016997875355774
train,3877,69,1,8.9374818802,8.9069213867,0,0.06075853854417801,-0.013280805200338364,0.48149861507043135,0,-0.046696651726961136,-0.04881799593567848,0.49946966414670113,1,-0.038171522319316864,-0.025577940046787262,0.5031483539579398
train,3888,69,0,7.9726781845,8.024477005,1,-0.002302922308444977,0.12303467094898224,0.5312934419772936,0,0.017353374511003494,-0.08997808396816254,0.47319286538344685,0,-0.03149367496371269,-0.042638517916202545,0.49721381810054754
train,3889,69,0,10.5649995804,10.7263183594,0,0.021700195968151093,-0.027826834470033646,0.487620772731813,1,-0.08844524621963501,-0.025936998426914215,0.5156219756586193,0,-0.006669018417596817,-0.056797094643116,0.48747060451424673
train,3904,69,0,15.3444900513,15.5865421295,0,-0.011802248656749725,-0.023353178054094315,0.4971122997579617,0,-0.005893898196518421,-0.07370657473802567,0.4830533245576595,0,-0.00761809479445219,-0.05567502975463867,0.48798807793444365
train,3916,69,0,10.6715450287,10.9757671356,1,-0.17543843388557434,0.11740276217460632,0.5726915620468803,1,-0.09875134378671646,-0.008501708507537842,0.522547107054235,1,-0.059525735676288605,-0.017408527433872223,0.5105277458783444
train,3919,69,0,12.141251564,12.411067009,1,0.010904781520366669,0.07923184335231781,0.5170751229162142,0,-0.021298972889780998,-0.04525333270430565,0.494011696390014,0,-0.03421417251229286,-0.036387231200933456,0.49945673554162273
train,3929,70,0,7.6779842377,7.7237763405,1,0.03323555737733841,0.04462946578860283,0.5028484462871686,1,-0.33191025257110596,0.1239490658044815,0.612031432887459,0,0.06776095926761627,-0.1113566905260086,0.4553399266740418
train,3934,70,1,9.5913496017,9.4983692169,1,-0.09977215528488159,0.13877801597118378,0.5593563308923334,0,-0.003346855752170086,-0.07695839554071426,0.48160542046533006,0,-0.00863308273255825,-0.05688444525003433,0.4879394992119548
train,3936,70,1,9.0744314194,8.9621238708,1,-0.2360345423221588,0.1649259775876999,0.5989184134511067,1,-0.16779200732707977,0.03231624513864517,0.5498607914472106,1,-0.06229018047451973,-0.01370500773191452,0.5121439044531836
train,3945,70,0,8.2580184937,8.4503612518,0,0.16073906421661377,0.016256708651781082,0.4639421154449471,0,0.003082689829170704,-0.06579916179180145,0.48278634270684695,0,-0.037705618888139725,-0.039151880890131,0.49963843456252527
train,3948,70,1,9.0788059235,9.0084619522,1,-0.03132887929677963,0.06736211478710175,0.5246527421395244,0,-0.02513202279806137,-0.05723828077316284,0.4919741249249422,0,-0.029615145176649094,-0.04188736528158188,0.49693198347916595
train,3959,70,1,6.3035173416,6.2250499725,1,-0.013518400490283966,0.01615450531244278,0.5074176821977724,0,0.035369742661714554,-0.10616058856248856,0.4646763610161938,0,0.23421768844127655,-0.2535742223262787,0.3804138748291893
train,3994,70,0,11.7454681396,11.8861923218,1,-0.05505036190152168,0.1627214401960373,0.5542288049717847,0,-0.017925014719367027,-0.0670727863907814,0.4877155297476361,1,-0.040501683950424194,-0.03511863201856613,0.501345759733265
train,3996,70,1,10.6938457489,10.2348861694,0,-0.002444654703140259,-0.013000760227441788,0.49736099812451057,1,-0.06540333479642868,-0.03585212677717209,0.5073872644205403,1,-0.48993438482284546,0.30140092968940735,0.6881179765646511
train,4005,70,0,11.9503898621,11.9681015015,1,-0.11581882834434509,0.12451218068599701,0.5597952196262442,0,-0.04288704693317413,-0.0557112954556942,0.4967939818080896,0,-0.0281217060983181,-0.03648371249437332,0.4979095105821059
train,4021,70,1,10.4248428345,10.3852100372,1,-0.04089680314064026,0.07494078576564789,0.5289270583492233,0,-0.03396003693342209,-0.05473952740430832,0.49480531429751,0,-0.020155983045697212,-0.03665468096733093,0.49587541908082833
train,4025,70,0,5.9031505585,6.0344409943,1,-0.2667049467563629,0.17441606521606445,0.608526113018434,0,0.020093683153390884,-0.09221547842025757,0.47195218481472984,1,-0.2231971174478531,0.10395253449678421,0.5810656820615224
train,4042,70,1,8.3057918549,8.1794176102,1,-0.3778209388256073,0.26734060049057007,0.6559192998005259,1,-0.31085172295570374,0.10643936693668365,0.602834850101001,0,0.22487486898899078,-0.25494417548179626,0.3822948561542546
train,4045,70,1,6.6637821198,6.5330734253,1,-1.1658291816711426,0.8465538024902344,0.8820910935414397,1,-0.7463141083717346,0.34342336654663086,0.7483322831990131,1,-0.8799418210983276,0.5768311619758606,0.8110386147013557
train,4052,70,1,11.3698940277,11.1617336273,1,-0.033511653542518616,0.12706224620342255,0.5400574418866245,1,-0.07498560845851898,-0.03587478771805763,0.5097764589983782,0,-0.0080074742436409,-0.05855625867843628,0.48736549406273255
train,4064,70,0,6.3901948929,6.5471515656,1,-0.09231938421726227,0.14903835952281952,0.5600482166915985,1,-0.11491191387176514,-0.010009542107582092,0.5262015693993508,0,0.05173477157950401,-0.10005851835012436,0.46212437460242545
train,4065,70,0,7.3533601761,7.4584407806,1,-0.1259974241256714,0.16961082816123962,0.573368568197512,0,0.019366972148418427,-0.08631233870983124,0.47360473316594565,0,0.0051039233803749084,-0.07148414105176926,0.48086233767679715
train,4097,70,0,12.7350254059,13.1302661896,1,-0.023937053978443146,0.06253814697265625,0.5216053382601962,0,-0.03170263394713402,-0.05863982439041138,0.49326610956702704,0,-0.023146670311689377,-0.0447264239192009,0.49460527095054135
train,4098,70,0,8.4479198456,8.6148376465,1,-0.049276407808065414,0.08281287550926208,0.5329743911579545,0,-0.012796926312148571,-0.07136419415473938,0.48536236687594914,1,-0.04360869899392128,-0.03720614314079285,0.5016006334954255
train,4116,70,0,7.4383358955,7.5002174377,1,-0.23356977105140686,0.14306531846523285,0.5930612717702022,1,-0.15916891396045685,0.028995387256145477,0.5469027710355685,1,-0.07785862684249878,0.002038232982158661,0.5199635962707962
train,4123,71,1,8.2240600586,8.184636116,1,0.0347849503159523,0.09304749965667725,0.5145615184487534,0,0.01942940428853035,-0.08859911561012268,0.47301910420654686,0,-0.034085288643836975,-0.04122891277074814,0.4982141015630021
train,4134,71,1,6.6140918732,6.008975029,0,0.03121890127658844,-0.027741868048906326,0.4852640763843849,1,-0.2639906704425812,0.09921739995479584,0.589816795006045,1,-1.7205440998077393,1.116328477859497,0.9446361293137298
train,4158,71,1,5.1289806366,5.0764460564,1,-0.8837399482727051,0.6943118572235107,0.8289284291450254,1,-0.6557080149650574,0.29914069175720215,0.7220892458842207,1,-0.760600745677948,0.5098692774772644,0.7808231975081262
train,4196,71,0,10.7711334229,10.9617767334,1,-0.13912177085876465,0.11164833605289459,0.56236604135906,1,-0.08883132040500641,-0.012792836874723434,0.5190004669422825,1,-0.059147246181964874,-0.006574541330337524,0.5131401498590179
train,4198,71,0,12.9328289032,13.0564937592,1,-0.022694312036037445,0.07558117806911469,0.524549117610615,1,-0.14085927605628967,0.007377907633781433,0.5369915821561828,1,-0.041518036276102066,-0.026075955480337143,0.5038604434864886
train,4209,71,1,11.0872297287,10.7346372604,1,-0.2774396240711212,0.2480781525373459,0.6284370991968347,0,-0.01361083798110485,-0.060529451817274094,0.48827249782961896,0,0.03329828009009361,-0.07570929825305939,0.4727750587855292
train,4217,71,1,7.6659650803,7.5522007942,0,-0.06981736421585083,-0.08759908378124237,0.49555468723815527,1,-0.05604587122797966,-0.03692799434065819,0.5047793236551857,1,-0.6073691844940186,0.3713672459125519,0.7268574245789993
train,4224,71,0,9.8732500076,9.9808197021,1,-0.3791411519050598,0.07819369435310364,0.6123817374749108,0,-0.004260054789483547,-0.07872200757265091,0.4813931082968806,1,-0.29767268896102905,0.16435769200325012,0.6134957282772479
train,4226,71,1,10.6259183884,10.5525035858,1,-0.1588355451822281,-0.018062744289636612,0.5351351965830817,1,-0.2854830026626587,0.10258005559444427,0.595816333176135,0,0.023192867636680603,-0.08838408440351486,0.4721346649229626
train,4230,71,1,10.2723808289,10.1582746506,1,-0.011148683726787567,0.05683939531445503,0.5169904755631564,0,-0.02230199985206127,-0.06566423177719116,0.48916114030927405,0,-0.030659757554531097,-0.032869961112737656,0.49944744933538254
train,4236,71,1,11.4492206573,11.2411727905,0,0.08072123676538467,0.028653811663389206,0.48698608367043633,0,-0.028077956289052963,-0.06607314199209213,0.490502346141527,1,-0.03735552728176117,-0.025325030088424683,0.5030075880236863
train,4237,71,0,12.557182312,12.6559095383,1,-0.023504026234149933,-0.01426246389746666,0.502310374140785,0,0.012269786559045315,-0.07580573111772537,0.47799534346306116,1,-0.08844327926635742,0.009969539940357208,0.5245833670078432
train,4242,71,1,13.0694351196,13.0664653778,1,-0.11281637847423553,0.11202570796012878,0.5559749072711161,0,-0.01869906112551689,-0.06568600237369537,0.48825542538766686,0,-0.019668877124786377,-0.04553792625665665,0.49353309835470976
train,4244,71,0,6.3054904938,6.6249027252,0,0.09645263105630875,-0.13068532943725586,0.4434583907008488,0,0.00630477350205183,-0.07907848060131073,0.4786671451424901,0,0.12054945528507233,-0.1682009994983673,0.4283098039090323
train,4254,71,1,6.5860452652,5.995174408,1,-0.2784791588783264,0.22049392759799957,0.6222179723807784,1,-0.17790615558624268,0.028804242610931396,0.5514943706065703,1,-1.214104175567627,0.7942909598350525,0.8816756993687819
train,4258,71,0,11.4958381653,11.6229629517,1,-0.03836169093847275,0.0748317539691925,0.5282681848908003,1,-0.07205548882484436,-0.008857376873493195,0.5157942714759312,0,-0.02211054228246212,-0.03747132793068886,0.49615987909521914
train,4262,71,1,16.3134002686,15.5212898254,1,-0.07907978445291519,-0.004028294235467911,0.5187540703354173,0,0.018173426389694214,-0.08706161379814148,0.4737154926026955,1,-1.3207194805145264,0.851742684841156,0.8977492038755862
train,4303,71,1,5.8071222305,5.6744203568,1,-0.2941524386405945,0.08053654432296753,0.592591514265533,1,-0.5171570181846619,0.21986974775791168,0.6763453499628056,0,0.1084379106760025,-0.15752652287483215,0.43389808768851806
train,4312,71,1,13.1011791229,13.022190094,0,0.04823038727045059,-0.0311904139816761,0.4801552297685485,0,-0.0077648041769862175,-0.06848457455635071,0.4848247195851359,0,-0.007352346554398537,-0.05806880071759224,0.48732360348471604
train,4317,72,0,12.1619586945,12.2747306824,0,0.022750072181224823,-0.012100856751203537,0.49128814952425104,0,-0.0468771792948246,-0.04764176905155182,0.49980885257013025,1,-0.043466679751873016,-0.021741628646850586,0.5054310491666956
train,4341,72,0,12.3338346481,12.6310844421,0,0.10808508843183517,-0.013632360845804214,0.46960815003862455,1,-0.06869804114103317,-0.02261166274547577,0.5115195557535891,1,-0.03311474993824959,-0.031186453998088837,0.5004820738356646
train,4347,72,1,10.2574157715,9.5718364716,1,-0.6625272035598755,0.5325415730476379,0.767646384915419,1,-0.3134206235408783,0.11153201758861542,0.6046677638850678,1,-0.7767665982246399,0.492715984582901,0.7806541617551018
train,4364,72,0,6.9369311333,6.9968218803,1,-0.14719778299331665,0.15895238518714905,0.5759452837870673,0,0.028534628450870514,-0.09168542176485062,0.4699811336139981,0,0.05449378862977028,-0.11289085447788239,0.458251268739445
train,4379,72,1,10.0345840454,10.013589859,1,-0.3691161870956421,0.1881701499223709,0.6358244188304406,1,-0.1975075602531433,0.06781156361103058,0.5659433977903673,0,0.2945847809314728,-0.31512951850891113,0.35212437283369663
train,4382,72,1,11.6573381424,11.5452804565,1,-0.06801092624664307,0.13354451954364777,0.5502189660054188,1,-0.07206594944000244,-0.03510946407914162,0.5092380699318253,0,-0.0303351953625679,-0.03177395462989807,0.4996403102452148
train,4384,72,0,8.6337814331,8.7899656296,1,-0.20478208363056183,0.11275215446949005,0.5787232098223691,1,-0.12984220683574677,-0.0005611851811408997,0.5322753149190558,1,-0.06650708615779877,-0.019816622138023376,0.5116704959424293
train,4391,72,0,12.2720127106,12.3697566986,1,-0.13568246364593506,0.1471312940120697,0.570235918697239,1,-0.06120024621486664,-0.042731836438179016,0.5046169712143751,0,-0.017349813133478165,-0.03801435977220535,0.49483404717094276
train,4410,72,1,8.0750980377,7.6475563049,1,-0.21930012106895447,0.16409410536289215,0.5946914875327852,1,-0.19449372589588165,0.040229007601737976,0.5584127429670741,0,0.1475038230419159,-0.19225159287452698,0.4158688906858278
train,4423,72,1,8.6514663696,8.5397262573,1,-0.12824466824531555,0.08093824982643127,0.5521058661002798,1,-0.08767962455749512,-0.019779786467552185,0.5169684407653777,0,0.059184182435274124,-0.10823644697666168,0.4582423348993624
train,4432,72,1,13.3504676819,12.4925098419,1,-0.06329742074012756,-0.04033161699771881,0.505741198598678,1,-0.13772225379943848,0.014573387801647186,0.5380004902819029,1,-0.13399966061115265,0.03239855915307999,0.5415038346522836
train,4456,72,0,8.0596179962,8.1795349121,1,-0.030006729066371918,0.15120269358158112,0.5451787958047162,0,-0.007026073522865772,-0.07154431939125061,0.48387603128636403,0,-0.020830249413847923,-0.05300987884402275,0.491955786798179
train,4457,72,0,8.8960523605,9.2890052795,1,-0.04507679492235184,0.1588527113199234,0.5508064235553175,0,-0.032607823610305786,-0.04444875195622444,0.4970398025002845,0,-0.03563787788152695,-0.04184259474277496,0.4984488257611764
train,4458,72,0,13.1710624695,13.1944313049,0,0.05782327800989151,-0.0649687647819519,0.4693405029908115,1,-0.05749622359871864,-0.040087852627038956,0.5043519828372747,0,-0.011053908616304398,-0.04624345898628235,0.49120352011545804
train,4463,72,1,9.6261253357,9.0716285706,1,-0.11556842923164368,-0.06861697137355804,0.5117357086555187,0,0.016787484288215637,-0.08317491412162781,0.4750301894655245,0,0.149765282869339,-0.1945011019706726,0.4147734948637087
train,4484,72,0,9.4202871323,9.7415513992,1,-0.245703786611557,0.18144749104976654,0.6051932150736873,1,-0.0935734361410141,-0.014124628156423569,0.519851760881213,1,-0.21849676966667175,0.09658084064722061,0.5781241618919437
train,4499,72,0,6.8317875862,6.9838633537,1,-0.1875058114528656,0.21967874467372894,0.60041259647895,0,0.031889427453279495,-0.0982973724603653,0.4674991906693148,0,-0.012151984497904778,-0.06339854001998901,0.48719116422058945
train,4503,72,1,8.9312295914,8.8255672455,1,-0.04291725158691406,0.12140993773937225,0.5409896005166042,1,-0.05508853495121002,-0.043174780905246735,0.502978403282639,1,-0.05912952497601509,-0.018558282405138016,0.5101414195944198
train,4504,72,0,7.1789507866,7.1936903,0,0.06795299798250198,-0.0013071633875370026,0.4826918779828308,0,0.014413324184715748,-0.08943086117506027,0.47406225802355,0,0.02852030098438263,-0.08828819543123245,0.4708310340173889
train,4509,72,0,9.484046936,9.5168704987,1,-0.19717851281166077,-0.0003547258675098419,0.5490477081472032,0,0.018044445663690567,-0.08892054110765457,0.4732842208520584,0,0.22700989246368408,-0.25865766406059265,0.380914710382602
train,4527,73,1,6.4182734489,6.3933858871,1,-0.2661658823490143,0.24632121622562408,0.625389327211546,0,-0.04370732977986336,-0.04406263679265976,0.4999111732477354,1,-0.13159599900245667,0.04321388155221939,0.5435915190356744
train,4529,73,0,8.8124294281,8.8262414932,1,-0.030465777963399887,0.060798194259405136,0.5228001698202689,0,-0.019057992845773697,-0.06276199221611023,0.489075738916302,0,-0.025887686759233475,-0.0412251316010952,0.4961657139531373
train,4534,73,1,8.6838531494,8.5353765488,1,-0.2570374608039856,0.32128557562828064,0.6406814458256405,1,-0.05077917501330376,-0.04267487674951553,0.5020260634766974,1,-0.06777895987033844,0.0036797448992729187,0.5178570781366663
train,4554,73,1,11.978685379,11.4679946899,1,0.01109044998884201,0.1157570630311966,0.526142791209684,0,-0.03858379274606705,-0.05350126326084137,0.4962707015280703,0,-0.032143592834472656,-0.035001955926418304,0.49928540971354474
train,4562,73,0,9.3735256195,9.5367383957,0,0.06437290459871292,-0.14172998070716858,0.4486559013888317,0,-0.0036536501720547676,-0.06823082268238068,0.4838613149597533,1,-0.4448743462562561,0.2626288831233978,0.669849230238727
train,4563,73,1,8.2141275406,7.8071784973,1,-0.27751123905181885,0.07612921297550201,0.5875000997932128,1,-0.25798097252845764,0.07780887186527252,0.5831674646855225,0,0.048674602061510086,-0.10136767476797104,0.46255964469506866
train,4600,73,1,10.6484622955,10.1280288696,0,-0.024528272449970245,-0.2650637924671173,0.4401543844660588,1,-0.5455113053321838,0.23933039605617523,0.6867226721351387,0,0.04206889867782593,-0.09963198006153107,0.4646339371953618
train,4627,73,1,8.1430501938,7.9016494751,0,0.03458331525325775,-0.019046802073717117,0.4865956832938205,0,0.004850978963077068,-0.07091560959815979,0.48106740899130845,0,-0.020154790952801704,-0.05528634414076805,0.4912180149306423
train,4638,73,0,11.9975986481,12.0659322739,0,-0.004136569797992706,-0.027164403349161148,0.49424329599924577,0,-0.0013534752652049065,-0.04271496832370758,0.4896611006525967,0,0.0376138798892498,-0.09115287661552429,0.4678527177827508
train,4649,73,1,7.1318893433,6.5410451889,1,-0.9911772608757019,0.7549152374267578,0.8514592737069528,1,-0.5133862495422363,0.23099510371685028,0.6779531936351775,1,-1.8968029022216797,1.2424046993255615,0.9584813587793266
train,4652,73,0,9.3377304077,9.4317378998,1,0.020720884203910828,0.030550826340913773,0.5024574657459979,0,-0.03021189197897911,-0.057952605187892914,0.49306526640911824,1,-0.047058336436748505,-0.026686280965805054,0.5050928377328878
train,4656,73,0,9.8393802643,9.899679184,0,0.12594157457351685,-0.05788229778409004,0.4541730051158483,0,-0.029202431440353394,-0.06015471741557121,0.49226254623143323,1,-0.07261164486408234,-0.005313865840435028,0.516818097817093
train,4659,73,0,10.2067337036,10.3503665924,1,-0.059728555381298065,0.05345649644732475,0.5282660933273713,0,-0.007922681979835033,-0.07264687865972519,0.4838245972980481,0,0.07605823874473572,-0.11684620380401611,0.45192288461163876
train,4660,73,0,9.306848526,9.3371295929,1,-0.02034156769514084,0.13941408693790436,0.539854186912696,0,-0.01558731310069561,-0.06672666221857071,0.4872179482694403,0,-0.03278081864118576,-0.035598818212747574,0.4992955005733191
train,4666,73,0,8.6308441162,8.6405363083,1,-0.1519346833229065,-0.0019567497074604034,0.5374243596579378,1,-0.2371130883693695,0.08094869554042816,0.5788518215478304,0,0.015154466032981873,-0.08474086225032806,0.475046915207513
train,4667,73,1,10.1731300354,9.7456245422,1,-0.15073710680007935,0.18019814789295197,0.5819869212996287,0,-0.003423573449254036,-0.07634703814983368,0.48177720858737083,0,-0.025142043828964233,-0.039395082741975784,0.49643680059327766
train,4670,73,1,11.1078939438,11.0228834152,1,0.015102237462997437,0.01792023703455925,0.5007044994266808,1,-0.05144379660487175,-0.03767586499452591,0.5034419285329248,1,-0.04635455459356308,-0.01941029727458954,0.5067356568313635
train,4672,73,1,8.7412796021,8.3148479462,1,-0.030189845710992813,0.11324642598628998,0.535797713886313,0,-0.03061574324965477,-0.05945664644241333,0.4927902739476761,1,-0.042321402579545975,-0.03042161464691162,0.5029749118780534
train,4674,73,0,8.4956893921,8.5452861786,1,-0.02170836180448532,0.06930148601531982,0.5227367704585167,1,-0.07379867881536484,-0.018151432275772095,0.5139082227846268,1,-0.03541155904531479,-0.03223544359207153,0.5007940281958171
train,4685,73,1,11.8718166351,11.8689146042,1,-0.07387658953666687,0.08575741946697235,0.539823968575472,1,-0.10972445458173752,0.006718367338180542,0.5290778575142181,1,-0.03070293739438057,-0.02912827581167221,0.500393665314334
train,4710,74,1,8.3415565491,8.2993545532,0,0.06437211483716965,-0.18796856701374054,0.43724746163069633,1,-0.14486254751682281,0.011834114789962769,0.539094205541121,0,-0.015298060141503811,-0.04605028033256531,0.49231255077713604
train,4711,74,0,14.6384592056,14.8035202026,0,0.05167568475008011,-0.07309447228908539,0.4688478639039912,1,-0.08692514896392822,0.0035510659217834473,0.5226036364800979,0,-0.02695690095424652,-0.03736843913793564,0.49739713896657417
train,4727,74,1,13.9312839508,13.8660449982,1,-0.002697393298149109,0.11573909223079681,0.5295745587714167,0,-0.007576925680041313,-0.07774678617715836,0.4824647293127806,0,-0.012622583657503128,-0.048447296023368835,0.4910447796563378
train,4762,74,0,8.0865268707,8.2920627594,1,-0.12762099504470825,0.15633107721805573,0.570514859614946,0,0.027443554252386093,-0.09408996999263763,0.4696539616676968,0,-0.02001902274787426,-0.06401820480823517,0.48900197870913137
train,4770,74,0,11.7237625122,11.9751663208,1,-0.10968372970819473,-0.004450980573892593,0.5262839362167191,0,0.014492378570139408,-0.08403682708740234,0.4753876067997443,0,-0.010423729196190834,-0.059176310896873474,0.4878142680809681
train,4780,74,0,8.8697166443,8.9114837646,1,-0.4310915470123291,0.2982373833656311,0.6746579937017013,1,-0.054964106529951096,-0.032286129891872406,0.5056692511913743,0,0.15440452098846436,-0.19092872738838196,0.4145145517727751
train,4790,74,1,11.7823104858,11.4662399292,0,0.22565796971321106,-0.05854043737053871,0.4294247825903643,0,0.006033153273165226,-0.08256489038467407,0.47786496647948096,0,-0.0026667416095733643,-0.058921679854393005,0.48593997312784265
train,4798,74,1,10.4251241684,10.2240009308,1,-0.053126659244298935,0.08227209746837616,0.5337980704435582,0,0.00042109377682209015,-0.07719399780035019,0.4806059621009255,0,-0.023008661344647408,-0.03989994525909424,0.4957772794215372
train,4815,74,1,8.8997745514,8.5009832382,1,-0.1341930776834488,0.20954380929470062,0.5850979709114276,1,-0.06087641790509224,-0.0339401513338089,0.5067336595068663,0,-0.017638515681028366,-0.05063585191965103,0.4917514143650666
train,4817,74,0,11.1190595627,11.3355073929,0,0.1015729084610939,0.009420584887266159,0.4769782086528426,1,-0.04320750758051872,-0.03946828842163086,0.5009348037005388,0,-0.03343575447797775,-0.03670850396156311,0.4991818133593958
train,4827,74,0,11.4594812393,11.5535335541,1,0.0014952495694160461,0.09599314630031586,0.5236069096116673,0,-0.004109303466975689,-0.07266444712877274,0.48286792334787687,1,-0.05535591021180153,-0.01637880876660347,0.5097430419117026
train,4832,74,1,9.5433416367,9.4229469299,0,0.02269478142261505,-0.05754691734910011,0.4799503320197282,1,-0.060837868601083755,-0.017396241426467896,0.5108586991585904,1,-0.6447517275810242,0.42049556970596313,0.7436920329697646
train,4843,74,0,8.093629837,8.1737194061,1,-0.055563319474458694,0.15083205699920654,0.5514164492460271,0,-0.02473275735974312,-0.05745409056544304,0.4918203965008905,0,-0.00872199796140194,-0.05829016864299774,0.4876104939807441
train,4850,74,0,8.7831754684,8.8098230362,0,0.11742325872182846,-0.2876897156238556,0.40008451507818327,1,-0.10826850682497025,-0.008069615811109543,0.5250287858858314,0,0.04572359099984169,-0.0961226373910904,0.46459778176568406
train,4857,74,1,11.4414215088,11.3666000366,0,0.0572260245680809,0.016973402351140976,0.4899382029810815,0,-0.02732822671532631,-0.06329236924648285,0.4910099333403192,0,-0.02401615120470524,-0.043280694633722305,0.49518401308530335
train,4859,74,1,9.7423610687,9.7234916687,1,-0.032951291650533676,0.12796668708324432,0.5401429083460833,0,-0.0417456291615963,-0.05268913507461548,0.49726415082553876,1,-0.05130520835518837,-0.025631148368120193,0.5064181624523906
train,4872,74,1,16.8066577911,16.4796943665,0,0.15869739651679993,-0.12704822421073914,0.42904572710255584,0,-0.009737835265696049,-0.07020867615938187,0.48488689486535014,0,-0.029961077496409416,-0.033831886947155,0.49903229884558226
train,4873,74,1,11.4004821777,11.2542896271,1,0.03658371418714523,0.0879831314086914,0.5128470260499765,1,-0.05130524933338165,-0.047839466482400894,0.5008664448454593,1,-0.044458258897066116,-0.020350493490695953,0.5060266494715553
train,4891,74,0,8.5295295715,8.6361560822,1,-0.4620322585105896,0.32795631885528564,0.6878288779165324,1,-0.30804502964019775,0.1248631626367569,0.6065679036492146,1,-0.23973733186721802,0.10715164989233017,0.5858629623611094
train,4935,75,1,10.3118810654,9.7324171066,1,-0.4024199843406677,0.23185621201992035,0.6534584434097667,1,-0.12221241742372513,-0.002439729869365692,0.5299074273589311,0,0.07399545609951019,-0.12471340596675873,0.45048560124316955
train,4940,75,1,11.3928337097,11.0754575729,1,-0.08464176952838898,0.16761858761310577,0.5627327734014863,0,-0.028794437646865845,-0.05758112668991089,0.49280382467233813,0,-0.00892874225974083,-0.05713813006877899,0.4879499867889122
train,4952,75,1,11.5497589111,11.4922008514,1,-0.0041406601667404175,0.13223892450332642,0.5340421489129569,0,0.015004145912826061,-0.07034215331077576,0.4786763670518774,0,-0.03386189043521881,-0.035732585936784744,0.499532326260994
train,4957,75,1,13.196516037,13.0427761078,0,0.18640533089637756,-0.17407949268817902,0.41084220889147804,1,-0.044570304453372955,-0.04093478247523308,0.5009088794934786,0,-0.027078624814748764,-0.04540415108203888,0.4954187466407108
train,4977,75,1,14.2875242233,13.9836502075,0,0.054826028645038605,-0.007144693285226822,0.484512275749997,1,-0.09514924883842468,0.008390389382839203,0.5258618094816979,0,0.002101479098200798,-0.06396088004112244,0.4834904140882728
train,4979,75,1,9.9320993423,9.9180450439,1,-0.028275184333324432,0.14007186889648438,0.5419876467341347,0,-0.003913553431630135,-0.07555528730154037,0.48209722310119507,1,-0.04831304773688316,-0.021778173744678497,0.5066333292922778
train,4982,75,0,9.416015625,9.5679855347,1,-0.05431691184639931,-0.0372035838663578,0.5042782275832387,1,-0.13040505349636078,0.02188674360513687,0.537999534708467,1,-0.41313886642456055,0.24956336617469788,0.6598671460286848
train,4983,75,1,9.8090810776,9.4999475479,1,-0.07855992764234543,0.09888865053653717,0.5442461036610252,0,0.013858436606824398,-0.08481824398040771,0.4753508275367597,1,-0.05202953889966011,-0.027056440711021423,0.5062429500962825
train,4984,75,1,8.9860420227,8.7420606613,1,-0.059994474053382874,0.017309274524450302,0.5193163187856237,0,0.005478850565850735,-0.06694812327623367,0.48190116755117834,0,0.021273329854011536,-0.0841817781329155,0.4736606280099146
train,4992,75,0,9.4250144958,9.5808200836,0,0.08924541622400284,-0.016365837305784225,0.4736217001123052,0,-0.045791301876306534,-0.04830096289515495,0.499372585074597,0,-0.03311978280544281,-0.0377148874104023,0.49885122587012193
train,4993,75,1,9.3005638123,9.2998447418,1,-0.11839672923088074,0.13092024624347687,0.5620083781373784,0,-0.0294375941157341,-0.059668686240911484,0.49244280251542627,0,-0.005614655092358589,-0.06202610209584236,0.48590087696362133
train,5005,75,0,8.7591438293,8.8455753326,0,0.20267528295516968,-0.1361924558877945,0.4160845430282365,0,-0.01575738750398159,-0.07221860438585281,0.4858884443962699,0,0.03221360221505165,-0.09086142480373383,0.46927002355255626
train,5017,75,1,12.7852754593,12.7662200928,1,-0.08250920474529266,0.021719876676797867,0.5260337060876412,1,-0.09952093660831451,-0.012718796730041504,0.5216869198029699,1,-0.04766695573925972,-0.022270996123552322,0.5063486486916593
train,5043,75,1,13.1719655991,12.8688926697,0,0.1276124119758606,-0.09337575733661652,0.444976701059475,0,-0.0021220408380031586,-0.0773177444934845,0.4812099271245602,0,-0.013951420783996582,-0.04989425837993622,0.49101525785325056
train,5063,75,0,12.3589820862,12.3811626434,1,-0.003710038959980011,0.05649855360388756,0.5150476026920373,0,-0.02138707786798477,-0.060040876269340515,0.4903377534129112,1,-0.05814356356859207,-0.01297188550233841,0.511290999659801
train,5081,75,1,10.5620174408,10.4298171997,1,-0.00702977180480957,0.03020802140235901,0.5093083727028838,0,-0.027438897639513016,-0.05741506814956665,0.49250651848272253,1,-0.0478164441883564,-0.028888873755931854,0.5047317513453039
train,5083,75,1,9.8461351395,9.7857780457,0,0.14872705936431885,-0.18420161306858063,0.41752820313673755,1,-0.11516542732715607,0.018546245992183685,0.5333782029253956,0,0.059330690652132034,-0.11236146092414856,0.45718209334865
train,5085,75,0,10.7801933289,10.8856248856,0,0.07897145301103592,-0.10786955058574677,0.45342516259252413,1,-0.05575169622898102,-0.04257328063249588,0.5032945562186193,0,-0.03490466997027397,-0.03970973566174507,0.4987987358884292
train,5090,75,0,18.2293891907,18.6368255615,0,0.12713569402694702,-0.23030871152877808,0.4115783437582341,0,0.016507547348737717,-0.08481817692518234,0.47469021964741487,0,0.11188486218452454,-0.15562468767166138,0.4335185987750686
train,5108,76,1,10.6551456451,10.5500402451,0,0.07935590296983719,0.06513954699039459,0.49644597086212666,0,0.017911851406097412,-0.09194311499595642,0.47256384473801644,0,-0.010234387591481209,-0.046243369579315186,0.49099872710465226
train,5115,76,1,11.2598810196,11.1936397552,0,0.03046996146440506,0.01805293932557106,0.4968957843498173,0,-0.03797884285449982,-0.0548098161816597,0.4957923559967737,1,-0.03577927500009537,-0.03102223575115204,0.5011892575695523
train,5124,76,1,7.6271681786,7.3575429916,1,-0.27068254351615906,0.01853996142745018,0.5718057786230456,1,-0.04837438836693764,-0.04292643442749977,0.501361985116195,0,0.3246479332447052,-0.3494341969490051,0.3375833870418502
train,5127,76,0,11.0572748184,11.2815322876,0,0.09145035594701767,-0.020876791328191757,0.47194770254059143,0,-0.0014545237645506859,-0.07768554985523224,0.4809514671048915,0,-0.027714522555470467,-0.03852914646267891,0.49729637037364244
train,5130,76,1,8.7319660187,8.1827793121,1,-0.42489027976989746,0.21736285090446472,0.6552626061298675,1,-0.3796054422855377,0.14653056859970093,0.6285814478522255,1,-0.5267331004142761,0.3299940228462219,0.7019764033543928
train,5149,76,0,7.0529346466,7.0811395645,0,0.08276299387216568,-0.08663955330848694,0.4577503522099957,0,0.020872924476861954,-0.08933719247579575,0.4724753253007807,0,0.1126304417848587,-0.1577526330947876,0.43281305312825424
train,5152,76,0,12.7059707642,12.748966217,1,-0.03932361304759979,0.06878785789012909,0.5270015731211692,0,-0.01979675516486168,-0.06370905041694641,0.4890236899224118,1,-0.03791222721338272,-0.032317109405994415,0.5013987758027526
train,5170,76,1,12.5326480865,12.2865619659,0,0.07970041781663895,-0.04158804193139076,0.4697150025700904,1,-0.06774689257144928,-0.006180405616760254,0.5153867618390732,0,0.0029998477548360825,-0.06398287415504456,0.4832605777641681
train,5180,76,1,7.834854126,7.5100598335,1,-0.20652663707733154,0.09618881344795227,0.5751061966951855,0,-0.0036049969494342804,-0.07006599009037018,0.4833908648985947,1,-0.06883010268211365,-0.019806362688541412,0.5122534810031243
train,5186,76,1,10.9751701355,10.9027814865,0,0.05258003622293472,0.0267673097550869,0.4935471766703796,1,-0.09514442831277847,-0.016554735600948334,0.5196373169896908,1,-0.03574780002236366,-0.028702907264232635,0.5017612159053679
train,5191,76,1,14.2887401581,14.1618967056,0,0.011934421956539154,-0.013824637979269028,0.4935605910734148,0,-0.0452239103615284,-0.04856094717979431,0.49916574156961235,1,-0.04197721555829048,-0.022699907422065735,0.5048191777952411
train,5222,76,1,5.4276986122,4.7197999954,1,-0.31730833649635315,0.271565318107605,0.6431066680474007,0,-0.016861187294125557,-0.058498650789260864,0.489592137739907,1,-2.381861925125122,1.5269722938537598,0.9803307636287356
train,5224,76,0,7.3296947479,7.4044513702,1,-0.1627652645111084,0.2319672852754593,0.5974214433032805,0,-0.04103262349963188,-0.049340520054101944,0.49792303780756114,0,0.03306746482849121,-0.09716580808162689,0.46748762152722
train,5238,76,1,8.8877592087,8.5568332672,0,0.0300021693110466,0.02501588687300682,0.4987534319732754,0,0.008799760602414608,-0.07899656146764755,0.47806500760439125,1,-0.057251304388046265,-0.012486957013607025,0.5111892184493803
train,5241,76,1,9.7910079956,9.5414237976,1,-1.0388754606246948,0.8063955903053284,0.8635709135224937,1,-0.6362007856369019,0.28568482398986816,0.7154261558189963,1,-0.15557871758937836,0.06781775504350662,0.5556180043860576
train,5252,76,1,10.466714859,10.2903413773,1,-0.2068512737751007,0.16651256382465363,0.5922715494336211,0,-0.01391310803592205,-0.050404343754053116,0.49087820327119774,0,-0.006277268752455711,-0.059314630925655365,0.4867437667508213
train,5273,76,0,8.6514759064,8.8664169312,1,-0.12894132733345032,0.1575741022825241,0.5711428392008616,0,-0.011302120052278042,-0.0701703429222107,0.485287192933558,0,0.0007868455722928047,-0.07389307767152786,0.4813386913675866
train,5276,76,0,8.7956628799,9.2904777527,1,-0.45173558592796326,0.2987480163574219,0.6792840645602566,1,-0.18630830943584442,0.04892141371965408,0.5585377568033018,0,0.09253150224685669,-0.14893969893455505,0.43992382824207216
train,5292,76,1,12.4531459808,12.3331680298,0,0.0014667212963104248,-0.029989469796419144,0.49213660061366277,1,-0.1172417625784874,-0.0021927356719970703,0.5287305732262114,0,-0.018169501796364784,-0.04712319374084473,0.4927620826454764
train,5293,76,1,11.3741950989,11.1814823151,1,-0.21595925092697144,0.19207412004470825,0.6006162244858807,0,0.029928013682365417,-0.09836554527282715,0.46797052993516325,0,-0.01838333159685135,-0.044496651738882065,0.4934720409145374
train,5307,77,1,10.7774896622,10.6912355423,1,0.007790520787239075,0.031039152294397354,0.5058118961022096,1,-0.07206521928310394,-0.0318942591547966,0.5100413897474539,1,-0.03954555466771126,-0.020466715097427368,0.5047695652157947
train,5321,77,0,11.29712677,11.4052066803,1,-0.07971958816051483,0.09427894651889801,0.543390217194389,0,-0.010878938250243664,-0.06866693496704102,0.4855570199010248,0,-0.01681520976126194,-0.054433129727840424,0.4905966288809346
train,5336,77,0,8.6145420074,9.0265769958,1,-0.04052586853504181,0.07442481815814972,0.5287060692781934,0,0.02725827321410179,-0.09110445529222488,0.47044381601239754,0,0.060927558690309525,-0.1189698576927185,0.45514654703255986
train,5337,77,0,12.2148036957,12.2787437439,1,-0.0634780302643776,0.12126488983631134,0.5460548171041175,0,-0.010507977567613125,-0.07139184325933456,0.48478373364856914,1,-0.040507085621356964,-0.03001999482512474,0.502621748670978
train,5341,77,1,9.3174009323,8.9890975952,0,0.14123323559761047,-0.18855011463165283,0.4182933383182671,1,-0.03680665045976639,-0.033234380185604095,0.5008930666188303,0,-0.0054460447281599045,-0.07176516205072403,0.48342629479827526
train,5357,77,0,10.7246284485,10.8537998199,0,0.10632363706827164,-0.10323929786682129,0.44780016329960803,1,-0.19678613543510437,0.056061044335365295,0.5628771643568428,0,-0.004401743412017822,-0.062236908823251724,0.48554523757481893
train,5368,77,0,12.3023471832,12.4435386658,1,-0.01580897718667984,0.0497935451567173,0.516394751179049,0,-0.02161072939634323,-0.047139495611190796,0.4936181550394088,0,-0.02484242618083954,-0.030472654849290848,0.4985924465511107
train,5370,77,0,11.4497032166,11.7327013016,1,-0.02158719301223755,-0.008962992578744888,0.5031560081939509,0,-0.04300260171294212,-0.04651980102062225,0.49912070107954104,0,0.013419879600405693,-0.07358082383871078,0.47826353290925266
train,5375,77,0,8.367357254,8.4862594604,1,-0.2780873477458954,-0.019682753831148148,0.5642440652857293,1,-0.5810266733169556,0.2733573317527771,0.7014859781940335,1,-0.839212954044342,0.5363598465919495,0.7982790313675195
train,5394,77,1,9.2743654251,9.1243515015,1,-0.07770834863185883,0.09805284440517426,0.5438275296477926,1,-0.07136695086956024,-0.03224222734570503,0.5097799333649381,0,-0.00530073419213295,-0.06499189138412476,0.48508163999128184
train,5406,77,1,10.8227758408,10.7638931274,1,0.0032178089022636414,0.10636962950229645,0.5257651134930703,0,-0.04818401113152504,-0.05665604770183563,0.49788200352574485,0,-0.030416518449783325,-0.03603392094373703,0.4985956530693816
train,5419,77,1,6.3853349686,6.2844552994,0,0.021070659160614014,-0.00353323295712471,0.4938493372435159,0,-0.022356390953063965,-0.05842713266611099,0.49098329218588727,1,-0.23310384154319763,0.11758521944284439,0.5867846644323812
train,5421,77,1,13.971871376,13.6019153595,1,0.018476620316505432,0.01931723579764366,0.5002101538579093,1,-0.07708383351564407,0.0029722899198532104,0.5200033485732869,0,-0.0006049992516636848,-0.06326516717672348,0.4843400814739377
train,5432,77,0,12.7348966599,13.0782623291,1,-0.10570791363716125,0.1264176219701767,0.5577722084446909,1,-0.051901351660490036,-0.04248528555035591,0.5023539991349776,1,-0.03901320695877075,-0.0282423235476017,0.5026926948207825
train,5448,77,1,11.0647754669,10.4237718582,0,-0.013453148305416107,-0.018963921815156937,0.4986223101091086,1,-0.06985370814800262,-0.014792580157518387,0.513761805335953,1,-0.07076448202133179,-0.011090096086263657,0.5149141709260077
train,5450,77,1,10.4875173569,10.2326335907,1,-0.06630121171474457,0.016964297741651535,0.5208043587830207,1,-0.08033955097198486,-0.02349741756916046,0.514206708367148,0,-0.025160085409879684,-0.046357881277799606,0.49470074946486264
train,5460,77,0,13.4276027679,13.4955730438,1,-0.021399296820163727,0.05901851877570152,0.5200936262339166,1,-0.035125039517879486,-0.030672401189804077,0.5011131577428984,0,-0.012989336624741554,-0.043092165142297745,0.49247486112306954
train,5467,77,1,9.7306489944,9.3988380432,1,-0.3893284201622009,0.2393646091222763,0.6521930515188321,1,-0.09870222210884094,-0.020394030958414078,0.5195670497651911,1,-0.11990508437156677,0.03127375990152359,0.5377228918947567
train,5474,77,0,8.3691596985,8.5082492828,1,-0.24670130014419556,0.26755937933921814,0.6258047448495405,1,-0.05936460569500923,-0.0176004096865654,0.5104395316184838,1,-0.41898584365844727,0.2612171471118927,0.6637840013351571
train,5491,77,0,11.5222635269,11.5863609314,1,-0.21697098016738892,0.12152814865112305,0.5838258973759148,1,-0.07634341716766357,-0.03146521747112274,0.5112176672394811,1,-0.0744202584028244,-0.008657611906528473,0.5164347390727829
train,5504,78,0,8.4419994354,8.6779403687,0,0.09548317641019821,-0.18206624686717987,0.4310546697013106,0,0.020502999424934387,-0.08816792070865631,0.4728589745760597,0,0.2652290463447571,-0.2920243740081787,0.3641832031142894
train,5509,78,1,11.3988056183,10.9900569916,0,0.07452339679002762,-0.009583104401826859,0.47898576096678486,0,-0.0032237637788057327,-0.07370153814554214,0.482387845940221,0,0.016161836683750153,-0.06771870702505112,0.4790421508226383
train,5513,78,1,10.2021512985,9.7760477066,1,0.04846755415201187,0.13945932686328888,0.5227322610236529,0,-0.030730467289686203,-0.05726068839430809,0.4933678337249219,0,-0.03537358343601227,-0.041544362902641296,0.4984573100286188
train,5517,78,0,9.8004970551,9.8844213486,1,0.013623423874378204,0.08970153331756592,0.5190103591074019,0,-0.04086941480636597,-0.050841622054576874,0.49750696884785284,1,-0.03798525407910347,-0.02995343878865242,0.5020079430282478
train,5521,78,0,7.6067905426,7.7204017639,0,0.18178197741508484,-0.4514122009277344,0.34678662078574274,0,0.020395737141370773,-0.0895632803440094,0.47253791036492937,0,0.32608217000961304,-0.3512783944606781,0.336850651619993
train,5530,78,0,10.9792156219,11.2474527359,1,-0.02044236660003662,0.04080764576792717,0.5153077177342755,0,-0.00701140146702528,-0.0705336332321167,0.4841247798403463,0,-0.03361326828598976,-0.036727018654346466,0.49922156303685156
train,5533,78,1,9.4072132111,9.0120248795,1,-0.2707294523715973,0.25338172912597656,0.6281085944432978,0,0.010347957722842693,-0.07847718894481659,0.4778083022834412,0,-0.016587553545832634,-0.04091057926416397,0.49391954333882915
train,5544,78,1,9.6095066071,9.5628671646,0,0.04322216659784317,-0.001278940588235855,0.4888765588337681,0,-0.027368079870939255,-0.05036049336194992,0.49425214984228155,1,-0.06375400722026825,-0.008644014596939087,0.5137740122316129
train,5563,78,1,11.4137439728,11.2621068954,1,0.007112577557563782,0.041518326848745346,0.5086005889232698,1,-0.052683085203170776,-0.03913479298353195,0.5033870212459995,0,-0.019440006464719772,-0.033084686845541,0.4965888828273467
train,5564,78,1,11.8149394989,11.5451021194,0,0.08149135857820511,-0.02097948268055916,0.4744046822527813,0,-0.011770341545343399,-0.07164113223552704,0.4850367717158703,1,-0.050801876932382584,-0.014709223061800003,0.5090221840709337
train,5568,78,1,9.1114797592,9.0995693207,1,-0.05263563618063927,0.14188741147518158,0.5484779941236293,0,-0.03925321251153946,-0.047879140824079514,0.4978435312931475,1,-0.06074045971035957,-0.008505918085575104,0.513055667066171
train,5593,78,0,13.0123958588,13.061000824,1,-0.0869169607758522,-0.01605534926056862,0.5177079936361783,0,0.01772570237517357,-0.07269781082868576,0.4774095120294512,0,0.09241516888141632,-0.13543856143951416,0.44328174368350487
train,5595,78,0,6.6780776978,6.7427692413,1,-0.13300570845603943,0.013959832489490509,0.5366753967261436,0,0.019008774310350418,-0.08938421308994293,0.47292825354648405,0,0.12044253945350647,-0.158845454454422,0.4306283424768004
train,5600,78,0,16.183506012,16.3134727478,0,0.13107085227966309,-0.01983240619301796,0.4623456131039214,0,-0.0013188179582357407,-0.07897280156612396,0.4805962537289797,1,-0.03122446872293949,-0.0285191647708416,0.5006763255755409
train,5605,78,1,11.8958826065,11.6236362457,0,0.0823812261223793,-0.07385621964931488,0.46101989879236505,0,-0.04846440255641937,-0.049549296498298645,0.4997287765411326,1,-0.03854218125343323,-0.02641533687710762,0.5030316739409187
train,5610,78,1,12.1161594391,11.1245574951,1,-0.17250266671180725,0.04413550719618797,0.5539487144679041,0,0.009834361262619495,-0.07580883055925369,0.4786022793681596,1,-0.8583566546440125,0.5673953890800476,0.8062385719528098
train,5669,78,0,12.4214601517,12.4525671005,1,-0.08929435908794403,0.0971599817276001,0.5464790087424954,0,-0.0445110984146595,-0.04495302587747574,0.49988951813609406,0,-0.024387061595916748,-0.05080196261405945,0.49339665869612914
train,5674,78,1,11.7274837494,11.6130628586,0,0.03191107511520386,-0.002794317901134491,0.49132452250368297,0,0.0015590237453579903,-0.07359641045331955,0.4812199802785568,0,-0.019885458052158356,-0.0459137037396431,0.49349330591458684
train,5676,78,0,5.3512220383,5.5226740837,1,-0.481695294380188,0.4849318861961365,0.7244467131362751,1,-0.5124858021736145,0.22446896135807037,0.6763295882680692,0,-0.017546165734529495,-0.0477789044380188,0.49244239096489156
train,5707,79,1,12.6598720551,12.4494724274,1,-0.04924028366804123,-0.009868953377008438,0.5098415613205648,1,-0.035957690328359604,-0.02603790909051895,0.502479924973683,0,0.03486322984099388,-0.09060032665729523,0.4686751906893978
train,5720,79,0,6.346411705,6.3635911942,0,0.02832750231027603,0.02184046059846878,0.49837824525922864,0,0.025229211896657944,-0.09088771045207977,0.4710033425921566,0,0.0983160138130188,-0.1362636685371399,0.4416225320170301
train,5723,79,1,9.8933029175,9.8805713654,1,-0.2855414152145386,0.2004341036081314,0.6191579102204978,1,-0.20213674008846283,0.05849461257457733,0.5647914859335652,0,0.008941933512687683,-0.0665268823504448,0.4811417458498275
train,5726,79,1,12.9568576813,12.6974630356,1,-0.11628587543964386,0.08148099482059479,0.5492811994040515,1,-0.0986231118440628,-0.011621937155723572,0.5217365846803987,1,-0.03766726702451706,-0.030797019600868225,0.5017175551001579
train,5762,79,1,10.0754842758,10.0579586029,1,-0.40039902925491333,0.08510391414165497,0.6190464700037467,1,-0.3855709433555603,0.15082193911075592,0.6309729120213026,0,0.07236818969249725,-0.1213480532169342,0.45172181878259265
train,5766,79,1,8.9405584335,8.8696365356,1,-0.20190688967704773,0.18571625649929047,0.5957103894235456,1,-0.4552808701992035,0.20782534778118134,0.6599578116590379,1,-0.3275119364261627,0.17649304866790771,0.6234000549329662
train,5769,79,1,15.3890113831,15.3146953583,1,-0.1063014566898346,0.09582072496414185,0.5503592166995059,0,-0.04446442052721977,-0.04968317970633507,0.498695313166364,0,-0.01708386279642582,-0.04564175382256508,0.49286101242218167
train,5782,79,0,10.1510019302,10.2688179016,1,-0.010865740478038788,0.10854822397232056,0.5298180664865736,0,-0.017406096681952477,-0.04681801795959473,0.4926475496995181,1,-0.051484111696481705,-0.01402071863412857,0.5093647530007634
train,5791,79,1,10.4202899933,10.1092414856,1,-0.3527916669845581,0.22039729356765747,0.6394986850597731,1,-0.4083971381187439,0.17382211983203888,0.6415778975337263,0,0.021286237984895706,-0.07974287122488022,0.47476418396102277
train,5796,79,1,11.606710434,11.5184803009,1,-0.004591494798660278,0.05099281296133995,0.5138925002507642,0,0.025670301169157028,-0.08600020408630371,0.47211134932185495,1,-0.16114482283592224,0.06460324674844742,0.5561985530841546
train,5815,79,1,10.9086303711,10.5629348755,0,0.06210321933031082,-0.17710371315479279,0.4404817990004951,0,-0.00019542034715414047,-0.07611287385225296,0.4810297469394706,0,0.08698496222496033,-0.13344919681549072,0.4451135304937808
train,5818,79,1,13.1424770355,13.0720291138,1,0.013869531452655792,0.04462591931223869,0.5076884908936647,0,0.0015224544331431389,-0.07635241746902466,0.48054111505759045,0,-0.005330576561391354,-0.05327349901199341,0.4880165646503818
train,5829,79,0,10.4004869461,10.4921350479,1,-0.11830346286296844,0.2270537167787552,0.5854912561475777,1,-0.05791809409856796,-0.03989286348223686,0.5045061856464104,0,-0.019295096397399902,-0.0573565848171711,0.4904857764536494
train,5832,79,1,14.6142988205,14.5115127563,1,-0.13636955618858337,0.10897697508335114,0.561030794201718,1,-0.05561381205916405,-0.04508731886744499,0.5026315989979959,0,-0.030160199850797653,-0.037338923662900925,0.49820532675420315
train,5843,79,1,6.7341127396,6.6384515762,1,-0.16863864660263062,0.1905476450920105,0.5888434439619722,1,-0.15599672496318817,0.01664719730615616,0.5430540947306394,1,-0.9563524723052979,0.6315098404884338,0.8303151328589007
train,5851,79,1,10.4777412415,9.9142742157,1,-0.5721338987350464,0.24448703229427338,0.6935185871487941,1,-0.6965124011039734,0.31924110651016235,0.7341446092957598,1,-0.4499812722206116,0.2685735523700714,0.6722887002420072
train,5855,79,0,5.9859037399,5.9994211197,1,-0.10150759667158127,-0.026620138436555862,0.5187131199064633,0,-0.027266718447208405,-0.06758277863264084,0.4899223499215273,1,-0.048626743257045746,-0.03230472654104233,0.504080413591423
train,5875,79,1,14.1556272507,13.8019809723,0,-0.08223898708820343,-0.09807898104190826,0.4960400843082496,0,0.02367107942700386,-0.08919452130794525,0.47181351493171414,0,-0.0014847759157419205,-0.054983045905828476,0.486628621496444
train,5878,79,1,8.548576355,8.4348812103,1,-0.012019596993923187,0.083009734749794,0.5237394705373147,0,0.013008653186261654,-0.07103005796670914,0.4790026785646374,0,0.04471856728196144,-0.10991474241018295,0.46141852025050506
train,5881,79,0,13.2614974976,13.3391227722,0,0.09955304116010666,-0.10558916628360748,0.4488935500033522,1,-0.07374170422554016,-0.03212600573897362,0.510402423364383,0,-0.031148385256528854,-0.0318441241979599,0.4998260652716584
train,5891,80,0,10.2997379303,10.3341732025,0,0.141458660364151,-0.03630092367529869,0.45567675479765857,1,-0.039238233119249344,-0.03920029476284981,0.5000094845890987,0,-0.03174106031656265,-0.03760194778442383,0.49853478232721815
train,5899,80,1,7.4700231552,7.3408002853,1,-0.7265916466712952,0.6018341183662415,0.7905801186420882,1,-0.44925618171691895,0.19330735504627228,0.6553327214751425,1,-1.0237412452697754,0.6566647887229919,0.8429582892221336
train,5910,80,1,8.9471549988,8.4633808136,1,-0.11215123534202576,0.06675612926483154,0.5446079209581399,0,0.01401726808398962,-0.08273313194513321,0.4758312499659558,1,-0.44392040371894836,0.2687264084815979,0.6709857445496556
train,5923,80,1,8.8271665573,8.7656259537,1,-0.24983322620391846,0.18027012050151825,0.605898346400709,1,-0.13253404200077057,0.007241755723953247,0.5348871679057433,0,0.1402309238910675,-0.19412925839424133,0.41718010338296985
train,5937,80,0,8.8130140305,9.5654850006,1,-0.10036288946866989,0.08125796914100647,0.5452808131057444,0,-0.0167812779545784,-0.0684761330485344,0.4870791635234676,0,0.14176642894744873,-0.17026323080062866,0.42261939941487237
train,5949,80,0,11.6321401596,11.7419300079,1,-0.08447405695915222,0.11468665301799774,0.5496262504456563,1,-0.14207224547863007,0.0059159621596336365,0.536929678266555,0,-0.029868129640817642,-0.0320565439760685,0.4994528966345343
train,5950,80,1,12.3978281021,11.7956943512,1,-0.9154908657073975,0.6679419279098511,0.829690135994167,1,-0.5024125576019287,0.22273384034633636,0.673739280688562,1,-0.30824118852615356,0.1733613908290863,0.6181262290706567
train,5961,80,1,14.3804941177,14.3129053116,1,-0.16101884841918945,0.10390383005142212,0.5658460078525575,1,-0.17491744458675385,0.03734806925058365,0.552868022706442,1,-0.14509841799736023,0.05570218712091446,0.5500321524309998
train,5972,80,0,8.215716362,8.3188076019,0,0.18788784742355347,-0.23258596658706665,0.3964033761650944,0,-0.008950520306825638,-0.07104067504405975,0.4844824462517671,0,0.2224200814962387,-0.2502020597457886,0.38399580601343347
train,5987,80,0,11.8151569366,11.872171402,0,0.2624620199203491,-0.2317289263010025,0.3789067859775198,1,-0.07765650749206543,-0.024355772882699966,0.5133220298462847,0,-0.014275815337896347,-0.048460327088832855,0.4914547042018067
train,6008,80,0,10.3306322098,10.3585309982,0,0.10452596098184586,-0.11316891014575958,0.4457902016142152,0,0.021391503512859344,-0.09002231061458588,0.47217532291306624,0,0.21672648191452026,-0.24929150938987732,0.3855591636506685
train,6009,80,0,9.6754322052,9.8703613281,1,-0.0029426738619804382,0.16533531248569489,0.5419705017262101,0,-0.01378726214170456,-0.07081245630979538,0.48574756350784504,1,-0.03885148465633392,-0.030285336077213287,0.5021415240495727
train,6028,80,0,12.8168563843,12.9846363068,0,0.036866120994091034,-0.10537539422512054,0.46449945685558014,0,0.019603397697210312,-0.09074458479881287,0.4724409634933862,1,-0.17983028292655945,0.07750121504068375,0.5639802021222583
train,6031,80,0,10.5297031403,10.8535833359,0,0.07942945510149002,0.01148848608136177,0.4830212883519914,0,-0.02914958819746971,-0.05255991593003273,0.49414768534130826,0,-0.02675885707139969,-0.04474085569381714,0.49550462147631535
train,6034,80,1,8.2852716446,8.2616558075,1,-0.2057611048221588,0.20050710439682007,0.6001927287781672,0,0.02114720642566681,-0.09077589213848114,0.47204839789970293,0,0.10975237190723419,-0.16221050918102264,0.43242527419734234
train,6041,80,0,11.5578145981,11.8151931763,0,0.03572835028171539,-0.024890225380659103,0.4848499949991323,1,-0.11219199001789093,-0.0033417418599128723,0.5271857251130113,1,-0.04656323045492172,-0.02524399757385254,0.5053296063586517
train,6043,80,0,7.9366674423,8.2293834686,1,-0.13170668482780457,0.0738612711429596,0.5512117728356748,1,-0.1713835895061493,0.034140974283218384,0.5512010385687907,1,-0.0687425285577774,-0.011713970452547073,0.5142532767930764
train,6045,80,1,14.9473648071,14.8233919144,1,-0.07556614279747009,0.06348845362663269,0.5347077408584094,0,-0.04627382010221481,-0.04766502603888512,0.4996521985719286,1,-0.030092820525169373,-0.026081927120685577,0.5010027220068667
train,6061,80,1,10.3089294434,9.5816278458,1,-0.2082912027835846,0.0585038922727108,0.5663059369289111,1,-0.04816272482275963,-0.03808565437793732,0.5025192462926765,1,-1.3566020727157593,0.8755640387535095,0.9031010799699098
train,6072,80,0,6.5739850998,6.7270035744,1,-0.0075835660099983215,0.04980115219950676,0.5143422440105408,1,-0.20337189733982086,0.04891647398471832,0.5627396666880926,0,0.017589367926120758,-0.07696476578712463,0.47637906250146617
train,6084,81,1,13.4291038513,13.1845970154,0,0.11198047548532486,-0.05260048434138298,0.4589473838859477,1,-0.05587592348456383,-0.03613871708512306,0.5049341414233258,0,-0.03083241730928421,-0.03572997450828552,0.49877561314760077
train,6096,81,1,11.0224838257,10.775683403,1,-0.1214325949549675,0.2543374001979828,0.5928524734461105,0,0.007687234319746494,-0.08289609849452972,0.47736963883165534,0,-0.013342373073101044,-0.04936041682958603,0.4909964623968851
train,6111,81,0,8.0962753296,8.6466493607,1,-0.1399717479944229,0.17004214227199554,0.5768886515848956,1,-0.14106200635433197,0.003591984510421753,0.5361005699605105,0,0.071495920419693,-0.12665045261383057,0.45062484833521366
train,6130,81,1,15.5977010727,15.296125412,1,-0.05697304755449295,0.07006528973579407,0.5317169398401821,0,-0.008937397971749306,-0.06936253607273102,0.48489831013261925,1,-0.037800952792167664,-0.024344604462385178,0.5033640363211661
train,6137,81,1,10.3336582184,10.3246212006,1,-0.18147242069244385,0.12373048067092896,0.5757139139929305,1,-0.18046213686466217,0.039505735039711,0.5547712994781944,0,-0.013965715654194355,-0.05230618640780449,0.4904160563093063
train,6165,81,1,13.874370575,13.8650569916,1,-0.2045590877532959,0.28688567876815796,0.6204467233059684,0,-0.044588055461645126,-0.05166073516011238,0.49823183744608024,0,-0.03507502004504204,-0.03800060600042343,0.49926860403282597
train,6172,81,0,12.7477416992,12.8546247482,1,-0.08524315059185028,0.12973040342330933,0.5535373674649586,1,-0.06570784002542496,-0.032924834638834,0.5081950174103181,0,-0.020724019035696983,-0.04789656400680542,0.4932072817007913
train,6180,81,0,9.4039764404,9.5643196106,1,-0.1297324299812317,0.22339783608913422,0.5873764539070829,0,0.014284231700003147,-0.08804686367511749,0.47443952729790684,0,-0.024513430893421173,-0.049630213528871536,0.4937211344243119
train,6184,81,1,9.1614608765,8.6712779999,1,-0.43279165029525757,0.25219613313674927,0.664851008265137,1,-0.20008383691310883,0.0464397668838501,0.5613206571663097,1,-1.1039011478424072,0.7079432606697083,0.8595846399996095
train,6187,81,1,10.6359519958,10.1235818863,0,0.17804759740829468,-0.08130767941474915,0.43552220203369124,0,0.022149033844470978,-0.08653914928436279,0.47285467154579613,0,-0.018296295776963234,-0.05735458433628082,0.4902366690326657
train,6195,81,1,9.1463851929,8.8558340073,1,-0.2561261057853699,0.2081088274717331,0.6140183379219614,1,-0.3118284344673157,0.11745768785476685,0.605703188156179,0,-0.022624723613262177,-0.051610346883535385,0.49275410148867393
train,6211,81,1,11.2254772186,11.2244758606,1,-0.14928993582725525,0.15801195800304413,0.5762265477747441,0,-0.02540820837020874,-0.060902439057826996,0.4911273738162891,1,-0.04132653772830963,-0.02480340376496315,0.5041306895132738
train,6213,81,0,12.7299346924,12.8401050568,1,0.048315711319446564,0.04984961077570915,0.5003834747888776,0,-0.02217727340757847,-0.04215211793780327,0.4950064548993898,1,-0.05381857603788376,-0.00948982685804367,0.5110803729082264
train,6214,81,0,7.1812505722,7.1998319626,1,-0.23528176546096802,0.14190419018268585,0.5931942107623956,0,-0.01498157437890768,-0.06604593247175217,0.4872366837915508,0,0.022319246083498,-0.08741593360900879,0.47259370134492984
train,6218,81,1,12.9888114929,12.8603849411,1,-0.014942549169063568,0.06807218492031097,0.5207417731560018,0,-0.031185332685709,-0.05914760008454323,0.4930098886016066,0,-0.01315908320248127,-0.05401879921555519,0.4897864919254573
train,6224,81,1,12.6129493713,12.2972650528,0,0.03539784252643585,0.009529035538434982,0.4935331588805505,0,-0.012312404811382294,-0.06548687070608139,0.4867095149756764,1,-0.04522910341620445,-0.02124641090631485,0.505995385766621
train,6232,81,1,15.8918876648,15.6660995483,1,-0.09889476746320724,0.06927725672721863,0.5419441977247197,1,-0.10882306843996048,-0.005935102701187134,0.5256993244885813,0,-0.02381771430373192,-0.04251990467309952,0.4953245886841649
train,6238,81,1,7.2333555222,7.1603727341,1,-0.32077962160110474,0.3478816747665405,0.6612033362853386,1,-0.43743762373924255,0.17423291504383087,0.6483217803173325,0,0.1879308521747589,-0.22195953130722046,0.3989384054275551
train,6243,81,1,11.2119598389,11.000287056,0,0.08083958178758621,0.03171585872769356,0.4877215382731584,0,-0.012533980421721935,-0.0729043260216713,0.4849119957731636,1,-0.046027153730392456,-0.02122308313846588,0.5062006997403747
train,6272,81,0,9.0395174026,9.1134586334,1,-0.21609410643577576,0.22597745060920715,0.6087525304713695,1,-0.0477215014398098,-0.045055437833070755,0.5006665155068912,0,0.10415737330913544,-0.14979591965675354,0.43685069935925264
train,6292,82,0,15.6084213257,15.7599544525,1,-0.006405480206012726,0.05471010133624077,0.5152741414594718,1,-0.044130995869636536,-0.027668677270412445,0.5041154867060967,0,-0.022289374843239784,-0.04221147298812866,0.4950196401839365
train,6314,82,0,9.642496109,9.7362565994,0,0.01773260533809662,-0.2373625487089157,0.4365698079265733,1,-0.5840218663215637,0.25687843561172485,0.698654796108696,1,-0.5436723232269287,0.33576735854148865,0.7067060959353302
train,6321,82,0,10.1743774414,10.3170900345,1,-0.1678447127342224,0.06601658463478088,0.5582003125206871,1,-0.2580626904964447,0.08340050280094147,0.5845459062390483,0,-0.0170571468770504,-0.05173741281032562,0.4913308023846549
train,6326,82,1,12.6526145935,12.5504636765,1,-0.24688822031021118,0.24175311625003815,0.6197863137683962,1,-0.04993250221014023,-0.045466627925634384,0.5011164667155563,0,-0.02883029356598854,-0.039121124893426895,0.49742731487230585
train,6329,82,1,11.5658578873,11.5217189789,0,-0.024074293673038483,-0.030755076557397842,0.49832981049101677,0,0.01787835732102394,-0.08738267421722412,0.47370901272630245,0,0.06818267703056335,-0.11549834907054901,0.454208416918379
train,6341,82,0,10.7506217957,10.9427890778,0,0.1886451542377472,-0.052025046199560165,0.44012119698617597,0,0.005466860719025135,-0.0735231414437294,0.4802627608034204,0,-0.018330588936805725,-0.04570755735039711,0.49315618534360695
train,6367,82,0,13.8350734711,14.0243215561,1,-0.01525793969631195,0.018642786890268326,0.5084743700581663,1,-0.052234191447496414,-0.044384367763996124,0.5019624458437698,1,-0.03977983444929123,-0.02880874276161194,0.5027427454111293
train,6388,82,0,10.7379875183,10.783949852,1,-0.31642353534698486,0.21545350551605225,0.6299207954429356,0,-0.039536409080028534,-0.04844538867473602,0.49777276983255986,1,-0.22945910692214966,0.12561392784118652,0.587847233667633
train,6411,82,1,11.4148597717,11.38240242,0,0.06422599405050278,-0.19845296442508698,0.4347052752720026,1,-0.23748143017292023,0.09036394953727722,0.5812350323690257,0,-0.010700739920139313,-0.06888321787118912,0.4854584824438121
train,6423,82,1,8.9337978363,8.9153556824,1,-0.0120106041431427,0.09125646948814392,0.5257938501558223,1,-0.100027896463871,-0.003793582320213318,0.5240400284204336,1,-0.042634010314941406,-0.033369556069374084,0.50231609699551
train,6425,82,0,8.0797319412,8.129193306,1,-0.04067210480570793,0.13455814123153687,0.5436958097065991,0,0.028370488435029984,-0.1026630848646164,0.46728839758554364,0,0.053828272968530655,-0.11181299388408661,0.4586841055679775
train,6428,82,1,10.2364635468,10.1891498566,1,-0.07119117677211761,0.15529945492744446,0.5563818407386455,0,0.023698177188634872,-0.09296686947345734,0.47086677455410725,0,0.19608931243419647,-0.23122721910476685,0.3947673007787424
train,6455,82,0,13.1255741119,13.2178249359,1,-0.04530283063650131,0.007539153099060059,0.5132074228469136,0,0.011541365645825863,-0.079803965985775,0.47717953265970053,1,-0.06753288209438324,-0.002159595489501953,0.5163375036453045
train,6456,82,1,10.0142326355,9.9253864288,1,0.011207208037376404,0.06939998269081116,0.5145440895541024,0,0.002102038823068142,-0.062038831412792206,0.4839702776558361,1,-0.03708052635192871,-0.025483928620815277,0.5028991169431533
train,6458,82,0,11.6025629044,11.7321977615,0,0.0950591042637825,-0.03448362648487091,0.4676595309794484,0,0.006610569544136524,-0.08543630689382553,0.4770045146133592,0,-0.03209603577852249,-0.035079583525657654,0.499254113616512
train,6461,82,0,9.7286128998,9.8909053802,1,-0.11070670932531357,0.1939140111207962,0.5755716999073961,1,-0.09524368494749069,-0.014377407729625702,0.5202055595607938,0,-0.02922905795276165,-0.042049210518598557,0.4967950057551733
train,6462,82,0,7.2239646912,7.3108115196,1,-0.5753496885299683,0.5158522129058838,0.7486079799120714,1,-0.5452632904052734,0.24495194852352142,0.6878775446860543,1,-0.566613495349884,0.34939971566200256,0.7142290740070839
train,6468,82,1,10.0428771973,9.4540987015,1,-0.1225639134645462,-0.009323399513959885,0.5282799145235069,1,-0.1994994729757309,0.04820947349071503,0.561612514432811,1,-0.09964467585086823,0.01610197126865387,0.5289043989407245
train,6471,82,0,12.6932325363,12.7514410019,1,-0.015917323529720306,0.019481409341096878,0.5088487592272277,1,-0.0724773108959198,-0.028174612671136856,0.5110738633659807,0,-0.03253094479441643,-0.041783809661865234,0.49768680028692835
train,6472,83,0,8.0564088821,8.5407819748,1,-0.2996109127998352,0.0571652315557003,0.5882598061104299,1,-0.10312266647815704,-0.009842485189437866,0.5233031506726405,0,0.23388712108135223,-0.2599043846130371,0.37900079343238474
train,6486,83,0,8.6466970444,8.8031167984,1,-0.11981048434972763,0.09214873611927032,0.5527923042373176,0,-0.007369190454483032,-0.07438475638628006,0.48325237596636517,0,0.05457107350230217,-0.10272142291069031,0.4607577500323754
train,6489,83,0,9.7447328568,10.2977333069,1,-0.1742967665195465,0.16891635954380035,0.5849708179192024,1,-0.30405837297439575,0.11405093967914581,0.6030307365871844,1,-0.16746757924556732,0.06865177303552628,0.5587571041827829
train,6496,83,0,12.5360689163,12.5586681366,1,-0.04311756044626236,0.06982314586639404,0.5282052017533567,0,-0.04455901309847832,-0.04795194789767265,0.4991517671139398,0,-0.02976297214627266,-0.03674772009253502,0.4982538201126254
train,6497,83,1,11.7910861969,11.6729106903,0,0.0007905736565589905,-0.11612911522388458,0.47080333059678936,1,-0.10066068917512894,-0.013606831431388855,0.5217497305375487,1,-0.6578442454338074,0.42430076003074646,0.7468996910422075
train,6502,83,0,9.7153596878,9.8258199692,1,-0.07449013739824295,0.12915851175785065,0.5507369332669871,1,-0.055130574852228165,-0.040166132152080536,0.5037410408629405,1,-0.04083003103733063,-0.03130496293306351,0.5023812490224777
train,6507,83,0,11.59466362,11.819196701,0,0.17003297805786133,-0.04429711028933525,0.44662166009167065,0,-0.0021581538021564484,-0.07886794209480286,0.48083195136387274,0,-0.02242453023791313,-0.041781190782785416,0.49516098595311103
train,6515,83,1,7.0921845436,6.611779213,1,-0.4819656014442444,0.43137097358703613,0.7136824436822704,1,-0.5404204726219177,0.22861625254154205,0.6833124812178382,1,-1.205681324005127,0.8045212626457214,0.8818641292576043
train,6529,83,1,9.5905914307,9.343079567,1,0.02637437731027603,0.06612645089626312,0.5099367099092239,0,-0.002605404704809189,-0.07270815968513489,0.4824814850777009,1,-0.041720107197761536,-0.03633066639304161,0.501347356939896
train,6548,83,1,14.1571388245,14.0129623413,1,-0.03686442971229553,0.03277694806456566,0.5174033112882361,1,-0.10714091360569,-0.009199213236570358,0.5244658706566809,1,-0.03638686239719391,-0.02975713461637497,0.5016574258744324
train,6589,83,1,11.376994133,11.2916593552,0,0.03595937043428421,0.007210511714220047,0.4928132802966154,0,0.010631817393004894,-0.08552245050668716,0.4759799369184039,1,-0.035085197538137436,-0.030946053564548492,0.501034784516026
train,6596,83,0,10.7186946869,10.7383918762,1,-0.07275894284248352,0.1791127622127533,0.5626371375511606,0,-0.005331183783710003,-0.07947459816932678,0.4814726330837167,0,-0.033180832862854004,-0.03444385528564453,0.4996842444362775
train,6599,83,1,9.6874465942,9.5243787766,1,-0.07300487905740738,0.04800393059849739,0.5302153408071668,0,0.011323449201881886,-0.08175279200077057,0.4767477238435002,0,0.013454070314764977,-0.0760168582201004,0.4776471771604537
train,6603,83,0,11.3807487488,11.4575634003,0,-0.0031477659940719604,-0.06128572300076485,0.48546960327289024,0,-0.011784359812736511,-0.065007284283638,0.48669740889900215,0,0.23716774582862854,-0.2633049488067627,0.37742959023603806
train,6611,83,0,11.331451416,11.6256790161,0,0.0022397413849830627,-0.03194936737418175,0.4914535552854779,0,-0.030547814443707466,-0.06038593128323555,0.492541024183969,0,-0.030759373679757118,-0.04405294358730316,0.4966766564644652
train,6614,83,1,14.712594986,14.479596138,0,0.042191483080387115,-0.02734548971056938,0.48262275838389923,0,-0.03160010278224945,-0.04242485389113426,0.49729383864731863,1,-0.056592319160699844,-0.012699037790298462,0.5109715588969567
train,6635,83,1,10.0316104889,9.9444007874,1,-0.18977177143096924,0.057979803532361984,0.561623009707346,1,-0.2829459011554718,0.09023083746433258,0.5922263668767189,1,-0.35216227173805237,0.1968856155872345,0.6339146653948504
train,6655,83,1,14.3793964386,14.2129535675,0,0.09954673796892166,0.06761325895786285,0.4920173085962283,0,0.018690403550863266,-0.09471888840198517,0.4716780261575868,0,-0.028411313891410828,-0.040467340499162674,0.4969860298541288
train,6658,83,1,16.0101699829,15.0278816223,1,-0.9216187000274658,0.7205132246017456,0.8378248200484867,1,-0.7088099122047424,0.3412435054779053,0.7407851567114958,1,-1.1483662128448486,0.7437172532081604,0.8689929035675876
train,6671,84,1,10.090675354,10.0114803314,1,-0.13667720556259155,0.24682681262493134,0.5947179507512159,0,-0.01866741105914116,-0.06622926145792007,0.4881117783739996,0,-0.025195976719260216,-0.04876196011900902,0.4941087767911763
train,6687,84,1,9.4935789108,9.3577222824,0,0.11570451408624649,-0.058794472366571426,0.45648561476715727,0,0.024937286972999573,-0.09308536350727081,0.4705285392883983,0,0.013730036094784737,-0.062374331057071686,0.4809830859580752
train,6692,84,0,17.1977958679,17.2049541473,1,0.004044197499752045,0.02414296194911003,0.5050245219711812,1,-0.09512665867805481,-0.004561707377433777,0.5226257752018075,1,-0.03845106065273285,-0.02768956869840622,0.5026903470246062
train,6712,84,0,14.5715560913,14.8317995071,0,0.22245079278945923,-0.16730639338493347,0.4037757545547706,0,0.004180627875030041,-0.08332226425409317,0.47813822437832826,1,-0.0509013794362545,-0.016688227653503418,0.5085524537130399
train,6726,84,1,11.3448448181,10.9104309082,1,-0.5175079107284546,0.2268504649400711,0.6779481768561768,1,-0.7390864491462708,0.3656204342842102,0.751140994511387,1,-0.6207965016365051,0.39516955614089966,0.734186091985958
train,6728,84,0,8.6398735046,8.700881958,0,0.13194683194160461,-0.11603349447250366,0.4383206718837793,0,0.026608631014823914,-0.09602910280227661,0.46937893536507563,0,0.12084180116653442,-0.16403597593307495,0.4292583319213883
train,6735,84,1,11.0840406418,11.06179142,1,-0.0913814976811409,0.005280252546072006,0.5241466393190816,0,0.03180034086108208,-0.0930948480963707,0.46881672738366015,0,0.17978397011756897,-0.2238452136516571,0.4004407026272265
train,6743,84,1,8.3648815155,7.8938817978,1,-0.24157702922821045,0.19809795916080475,0.608181584261307,0,0.023831211030483246,-0.0884106308221817,0.47196896181757336,1,-1.2372629642486572,0.7922346591949463,0.8838595179818278
train,6784,84,1,8.1335334778,7.8067846298,1,-1.0718895196914673,0.8569305539131165,0.8731187623502008,1,-0.6936009526252747,0.33077365159988403,0.7358238429773807,1,-1.3202075958251953,0.8737422823905945,0.8997048907853278
train,6805,84,0,8.5492143631,8.8234367371,1,-0.06446968019008636,-0.01027800515294075,0.5135446041757719,0,-0.01707940176129341,-0.06409408897161484,0.4882484927265309,0,0.09704074263572693,-0.14283829927444458,0.44031615916786065
train,6809,84,1,15.6270666122,15.5533189774,0,0.09906376153230667,-0.12524202466011047,0.4441574914300352,1,-0.062140535563230515,-0.01667182520031929,0.511365219616842,0,8.754804730415344e-05,-0.06653755903244019,0.48334988179871996
train,6814,84,1,9.3276996613,9.1814155579,0,0.04396095126867294,0.03676990792155266,0.4982022469101964,0,-0.004556179046630859,-0.07830722630023956,0.48157059089232296,0,-0.03653450682759285,-0.03883104771375656,0.49942586503079617
train,6820,84,0,7.4718952179,7.7086324692,1,-0.1763647198677063,0.08313477039337158,0.564513251445099,0,0.017008628696203232,-0.0832185447216034,0.47496416123540774,1,-0.05441344901919365,-0.026910550892353058,0.5068752911592654
train,6825,84,1,14.5148448944,14.5042667389,1,-0.04140550270676613,0.11747623980045319,0.5396370894175113,0,-0.006356704980134964,-0.0748792290687561,0.4828760686716148,1,-0.03868228197097778,-0.022349469363689423,0.5040831123843761
train,6829,84,1,8.8300733566,7.3439016342,1,-0.040716130286455154,0.03978455066680908,0.520114309081612,0,0.011360391043126583,-0.07108063250780106,0.4794014093561124,1,-1.6939626932144165,1.1033172607421875,0.9425286608325404
train,6843,84,0,12.832490921,12.8909797668,1,-0.016349732875823975,0.019445423036813736,0.508947833598709,1,-0.09454864263534546,-0.016538511961698532,0.5194926483308724,0,-0.02417840249836445,-0.0498260036110878,0.493588451177403
train,6844,84,1,7.5327153206,7.4761571884,1,-0.4848167300224304,0.3285661041736603,0.6928298969115937,1,-0.3340836763381958,0.13166175782680511,0.6143762646512402,1,-0.8915479779243469,0.5798524022102356,0.8132701436052586
train,6845,84,1,8.7557506561,8.718873024,1,-0.529824435710907,0.3857436776161194,0.7141382182799599,1,-0.24881722033023834,0.07723663747310638,0.580798911025155,0,0.12711192667484283,-0.16355258226394653,0.4278411920667911
train,6857,84,1,12.5557346344,12.4705505371,1,-0.08243870735168457,0.10212107002735138,0.5460094194950901,0,-0.011784910224378109,-0.07111681252717972,0.48517137423868684,0,-0.027633648365736008,-0.03921586275100708,0.49710447877256686
train,6867,85,0,18.043340683,18.1171760559,0,0.13002219796180725,-0.11475211381912231,0.4391101342097964,0,-0.02452116459608078,-0.061303913593292236,0.4908053494016677,0,-0.01717435196042061,-0.04430478811264038,0.49321780696557854
train,6868,85,1,10.3493070602,9.9513492584,1,-0.3994468152523041,0.2206760048866272,0.6502464815815224,1,-0.5275979042053223,0.2336472123861313,0.6816240010142025,1,-0.9463546872138977,0.6199142336845398,0.8272510627635128
train,6878,85,1,11.42345047,11.3752317429,1,-0.0070474520325660706,0.11359883844852448,0.5301250409933188,0,0.017015647143125534,-0.0863076001405716,0.4741921438249791,0,-0.014640510082244873,-0.05182524770498276,0.4907048866027255
train,6885,85,0,11.8948421478,12.1015472412,1,-0.07209121435880661,0.11977222561836243,0.5478192580461423,1,-0.09326326847076416,-0.022369682788848877,0.5177159771470787,1,-0.03914683312177658,-0.03343288600444794,0.5014284828927665
train,6886,85,1,7.5345463753,7.4888391495,0,0.18081748485565186,-0.2913770079612732,0.3840969682834077,1,-0.046488698571920395,-0.0431545116007328,0.5008335459705998,0,0.2532365918159485,-0.28454697132110596,0.3687033324347908
train,6898,85,1,10.2392292023,10.196062088,1,0.07656607776880264,0.08455325663089752,0.5019967841001272,0,-0.03455616906285286,-0.05499264597892761,0.49489105858201715,0,-0.021567774936556816,-0.05241408199071884,0.4922890346386268
train,6901,85,0,10.6711158752,10.6911277771,1,-0.3613230884075165,0.16539733111858368,0.6287178776183088,1,-0.3511698544025421,0.13724581897258759,0.6197331345219368,0,-0.01626182347536087,-0.05725448578596115,0.48975326926462837
train,6911,85,1,10.2214927673,10.0871553421,1,0.04134099930524826,0.07605865597724915,0.5086785424868958,0,-0.02460343763232231,-0.050660260021686554,0.4934861629502994,0,-0.02996664121747017,-0.038192760199308395,0.49794348185141035
train,6927,85,1,8.3360700607,8.0928153992,1,-0.25927138328552246,0.2885396480560303,0.6336275845939737,0,0.01910250633955002,-0.08417955040931702,0.4742024140348349,1,-1.107377290725708,0.7250890731811523,0.8620552788777405
train,6928,85,0,11.4652919769,11.4897928238,1,-0.06097694858908653,0.15880848467350006,0.5547262366644014,1,-0.056123677641153336,-0.04244362562894821,0.503419959667857,1,-0.04628633335232735,-0.019148122519254684,0.5067841363469113
train,6951,85,0,8.5562429428,8.9285326004,0,-0.04548171907663345,-0.08907586336135864,0.4891031896105716,0,-0.021659255027770996,-0.06669202446937561,0.488743709841746,0,0.2575812041759491,-0.2833012342453003,0.36798232848450996
train,6957,85,0,9.3726139069,9.4741516113,1,-0.054999954998493195,-0.020745176821947098,0.5085628572630432,0,0.002360544167459011,-0.06066817045211792,0.48424803571241354,0,-0.004642883315682411,-0.057984452694654465,0.48666776871407585
train,6959,85,0,9.4670238495,9.6945648193,1,-0.17182259261608124,0.0754743367433548,0.5615110716412639,1,-0.09050846844911575,-0.02331448718905449,0.5167921776900043,0,0.16249100863933563,-0.204112708568573,0.4093619374308894
train,7014,85,1,9.0687141418,8.9574489594,1,-0.05304161086678505,0.09148721396923065,0.5360694414354814,0,-0.007825369015336037,-0.07188820838928223,0.4839897653454943,1,-0.04451153427362442,-0.021921776235103607,0.5056471993658522
train,7016,85,0,14.5288639069,14.616651535,1,0.01818014681339264,0.10564397275447845,0.5218520277375243,0,-0.019115924835205078,-0.042062100023031235,0.49426370789353646,0,-0.02451445907354355,-0.03499460592865944,0.4973799872666031
train,7018,85,1,9.3387889862,9.2949762344,0,0.014392763376235962,-0.30131545662879944,0.42172204212078035,0,0.01864279806613922,-0.08531594276428223,0.47403369630986386,0,0.31042152643203735,-0.33983418345451355,0.3429319160017234
train,7027,85,1,10.229511261,10.0531520844,1,-0.04404095932841301,0.10932189226150513,0.5382657409058386,1,-0.08276607096195221,-0.02481859177350998,0.5144828173570491,1,-0.0428953655064106,-0.03488500416278839,0.5020025796278085
train,7037,85,1,11.2624130249,10.5225391388,1,-0.12861551344394684,0.08755247294902802,0.5538325331079699,1,-0.13290995359420776,0.029666945338249207,0.5405549375905527,1,-0.3838518261909485,0.2302161157131195,0.6488681952261888
train,7039,85,0,10.2014141083,10.2257652283,1,-0.06013655290007591,0.04635632410645485,0.5265980871847517,0,0.006885035894811153,-0.0672798901796341,0.48146726254782407,0,0.18506105244159698,-0.21535655856132507,0.4012120084929773
train,7040,85,0,12.4782629013,12.5330219269,0,0.031698793172836304,-0.02760295942425728,0.48517890503891736,1,-0.09044981002807617,-0.0061322227120399475,0.5210669171151334,1,-0.04741043969988823,-0.024815529584884644,0.5056484872206313
train,7062,86,0,10.9126291275,11.2271175385,1,-0.5080579519271851,0.4035535156726837,0.7133298056480772,0,-0.04394920915365219,-0.04524533823132515,0.4996759677759449,0,-0.02828681841492653,-0.036091938614845276,0.49804872985594234
train,7063,86,0,9.4379072189,9.6327629089,1,0.004182353615760803,0.009730275720357895,0.5013869769686199,0,0.009661459363996983,-0.08194383978843689,0.47711467654887696,0,0.05400882288813591,-0.11079898476600647,0.4588910547644724
train,7067,86,1,11.9497079849,11.4101963043,1,-0.05364429950714111,0.12123194336891174,0.5436079834653381,0,-0.0385817214846611,-0.04828217998147011,0.49757490439233604,0,-0.033981338143348694,-0.038462672382593155,0.49887966831509667
train,7070,86,1,11.0133228302,10.8156356812,1,-0.2994649410247803,0.27429652214050293,0.6396306593355823,1,-0.05850433558225632,-0.02745896577835083,0.507760719136205,0,0.018357809633016586,-0.07310446351766586,0.477150358257891
train,7091,86,1,12.5643692017,12.472495079,1,0.014181211590766907,0.026771485805511475,0.5031475269762749,0,-0.010066939517855644,-0.06707460433244705,0.48575194228654206,1,-0.04670558497309685,-0.02270643413066864,0.5059994997577606
train,7112,86,1,12.7897462845,12.686170578,1,-0.0027513429522514343,0.022036802023649216,0.5061967189482941,1,-0.13538485765457153,0.027913421392440796,0.540734090914186,1,-0.03653542697429657,-0.029105648398399353,0.5018574360995269
train,7119,86,0,9.8866119385,10.0619831085,1,0.013722553849220276,0.11531847715377808,0.5253771565636294,0,-0.028866354376077652,-0.05495835468173027,0.49347736996584457,1,-0.04434038698673248,-0.020539861172437668,0.5059498505910346
train,7123,86,1,7.240436554,7.1546459198,1,-0.2448917031288147,0.10232599079608917,0.5859427147373367,1,-0.4315963387489319,0.17350371181964874,0.6468222487684927,1,-0.341526597738266,0.18478980660438538,0.628623562760521
train,7125,86,1,7.4312391281,7.3026943207,0,-0.04664028435945511,-0.12903854250907898,0.4794120825703963,0,0.012882309965789318,-0.08521926403045654,0.47549425678955,0,0.24722561240196228,-0.2704448699951172,0.37339711395759234
train,7130,86,1,10.163105011,9.7140445709,1,-0.18823280930519104,0.11734971404075623,0.5758066406024986,1,-0.6052265763282776,0.29174739122390747,0.7103272552963857,1,-0.34569302201271057,0.1993042528629303,0.632974143585584
train,7156,86,0,8.6548805237,8.9899311066,1,0.02281758189201355,0.062171053141355515,0.5098370982891189,0,-0.018147557973861694,-0.06777556240558624,0.4875955447387706,1,-0.03544554114341736,-0.02840423583984375,0.5017603190528507
train,7157,86,0,11.9964523315,12.1068954468,0,0.11234598606824875,-0.03966062143445015,0.46207135165525715,0,0.010328763164579868,-0.08227458596229553,0.47686569247963095,0,-0.02949916012585163,-0.038293007761240005,0.49780155225862005
train,7159,86,1,13.9694404602,13.6680603027,1,-1.0477943420410156,0.8617421388626099,0.8709670649413301,1,-0.6664167046546936,0.30975937843322754,0.7263488090657934,1,-0.7389679551124573,0.4696092903614044,0.7700471122198054
train,7178,86,1,9.7410736084,9.6283054352,1,-0.06993329524993896,0.08646981418132782,0.5390212651392501,1,-0.1894340068101883,0.04260280728340149,0.5577503240735114,1,-0.06867273151874542,-0.00080079585313797,0.5169614731898842
train,7195,86,0,7.2717437744,7.6292734146,1,-0.15900152921676636,-0.09179741144180298,0.5167947089600325,1,-0.39771389961242676,0.1573571115732193,0.6353113021229584,0,0.06987650692462921,-0.1280379295349121,0.45068226769653985
train,7202,86,1,6.5721750259,6.4946126938,1,-0.021522991359233856,0.11184974014759064,0.5332938441352757,0,0.013512316159904003,-0.08503550291061401,0.47538296472407227,0,0.03450828418135643,-0.09560956805944443,0.4675163547963747
train,7205,86,0,12.022354126,12.3474712372,1,-0.14944016933441162,0.2231924831867218,0.5920949665963713,0,-0.02338707074522972,-0.061895791441202164,0.49037400934570535,1,-0.03334517776966095,-0.02886456623673439,0.5011201510092308
train,7235,86,1,11.6053361893,11.5602531433,1,0.015673764050006866,0.058924440294504166,0.5108109838425504,1,-0.05170818045735359,-0.043394364416599274,0.5020784420384564,1,-0.0379335843026638,-0.01906707137823105,0.5047164883309464
train,7238,86,1,13.2470760345,13.1054935455,1,-0.02015671879053116,0.09740827977657318,0.529357443698824,0,-0.005163042806088924,-0.07808287441730499,0.48177811565333134,0,-0.028457077220082283,-0.040824007242918015,0.4969083068980661
train,7259,87,0,12.946554184,13.2811946869,1,-0.13105809688568115,0.023293431848287582,0.5385114531886919,1,-0.07549414783716202,-0.033045850694179535,0.510610481118627,0,0.12676037847995758,-0.1603563129901886,0.42870989480817345
train,7278,87,0,9.8766546249,10.2011222839,1,0.006276518106460571,0.08148860931396484,0.5187941639762845,0,0.015677761286497116,-0.0843300074338913,0.47501887518870817,1,-0.040218010544776917,-0.0366869680583477,0.5008827597044009
train,7281,87,1,6.9781713486,6.6984996796,1,-0.731284499168396,0.5869902968406677,0.7888945343376802,1,-0.48547422885894775,0.21211527287960052,0.667653117173569,0,0.06643529236316681,-0.11175214499235153,0.4555706340219785
train,7286,87,1,9.6293811798,9.4379987717,1,0.01713327318429947,0.05754018947482109,0.5101003548566825,0,-0.029222555458545685,-0.05906439945101738,0.4925400926031241,0,-0.023302888497710228,-0.03514327108860016,0.4970399389342596
train,7296,87,0,14.8357620239,15.0178880692,1,-0.06538495421409607,-0.03532399609684944,0.5075146736445822,0,-0.014012958854436874,-0.04086242616176605,0.4932880363861224,0,0.021372351795434952,-0.08488652855157852,0.4734602468000588
train,7309,87,1,6.9563236237,6.7794313431,1,-0.3941410481929779,0.3449518382549286,0.6767974636409646,0,-0.040240682661533356,-0.05109938979148865,0.49728534989150225,1,-0.5774596333503723,0.359187513589859,0.7184218994700704
train,7326,87,1,8.7241411209,8.4544992447,1,-0.09024951606988907,0.10375545918941498,0.5483496903351898,0,0.0133206183090806,-0.0746665745973587,0.4780173819311753,1,-0.4183521568775177,0.23742064833641052,0.6583101694836117
train,7331,87,1,14.4222431183,14.0365982056,0,0.13510343432426453,-0.08470377326011658,0.4452683849748034,0,-0.03902475908398628,-0.0492117740213871,0.4974532682895933,1,-0.036004237830638885,-0.032894305884838104,0.5007774823598204
train,7332,87,1,8.9732570648,8.6985492706,1,-0.14578945934772491,-0.0036234352737665176,0.5354817654484187,0,-0.04344349727034569,-0.04734046012163162,0.4990257605201042,0,0.05799967423081398,-0.11526262015104294,0.4567924625798994
train,7343,87,0,10.7044401169,10.7614593506,1,-0.5666993856430054,0.39274364709854126,0.7230102771432586,1,-0.5675912499427795,0.2716239094734192,0.6982998937616798,1,-0.17669856548309326,0.05737573653459549,0.5582528415258463
train,7346,87,0,13.3075733185,13.5312042236,1,-0.04022105038166046,0.024000350385904312,0.5160498342586359,0,-0.04314063861966133,-0.05187880992889404,0.4978154710727658,0,-0.022766517475247383,-0.039390917867422104,0.49584399561799813
train,7355,87,0,6.5045285225,6.5822987556,1,-0.12320303916931152,-0.031438134610652924,0.522925141065735,0,0.003735561855137348,-0.08177696913480759,0.47863488484256667,0,0.3053573966026306,-0.3287546932697296,0.3465787195233648
train,7376,87,0,9.9353179932,10.2117881775,1,-0.07840143889188766,0.12173718214035034,0.5498683080782082,1,-0.06681371480226517,-0.028183162212371826,0.5096564373031246,1,-0.07410323619842529,-0.003874830901622772,0.5175498888704398
train,7389,87,1,13.6074113846,13.555223465,1,-0.03756294399499893,0.10824018716812134,0.5363863455299465,0,-0.041437722742557526,-0.050778161734342575,0.49766490722889306,0,-0.031123321503400803,-0.037766821682453156,0.49833913106392147
train,7401,87,0,11.2055053711,11.2580070496,1,0.03946904093027115,0.05130719766020775,0.5029595046200014,1,-0.05385024473071098,-0.036273859441280365,0.5043939832037532,1,-0.05999314412474632,-0.01155836135149002,0.5121063290709653
train,7417,87,1,15.5994720459,14.8341693878,1,-0.626092791557312,0.5312492847442627,0.760849420840742,1,-0.47276806831359863,0.23117108643054962,0.6690605541228034,1,-1.2536835670471191,0.8172484040260315,0.8880456520547192
train,7423,87,0,10.4116249084,10.7135019302,0,0.09832911938428879,-0.15145595371723175,0.43787640065595573,0,0.014579114504158497,-0.0919257402420044,0.47339892685504226,0,0.05762985721230507,-0.0994429960846901,0.4608123230412008
train,7426,87,1,12.115945816,11.9323377609,1,-0.01802428811788559,0.03270559385418892,0.5126797513092047,1,-0.07327158004045486,-0.027469992637634277,0.5114483955642447,1,-0.03671984374523163,-0.02946554869413376,0.5018135658095705
train,7443,87,1,11.5636548996,11.1321640015,0,-0.0015489459037780762,-0.1670137494802475,0.4587279204829786,1,-0.23389585316181183,0.07639886438846588,0.5769571967124357,0,0.07542267441749573,-0.12900015711784363,0.4490715216000511
train,7446,87,0,11.6297235489,11.6399478912,0,0.02601371705532074,-0.012417878955602646,0.4903932833849172,1,-0.0926557257771492,-0.0164557546377182,0.5190407804208942,0,-0.02302759699523449,-0.0322960801422596,0.4976828958007472
train,7476,88,1,10.639799118,10.5718278885,1,-0.12785279750823975,0.0916445255279541,0.5546550708650967,1,-0.31529006361961365,0.11472408473491669,0.6058770469231204,1,-0.0376531146466732,-0.03643255680799484,0.5003051394217876
train,7497,88,0,9.7187633514,9.770734787,1,-0.22519898414611816,0.17915955185890198,0.5997343933310554,1,-0.1912032812833786,0.05409620702266693,0.5610192086506409,1,-0.0462668314576149,-0.02720170095562935,0.5047661382603603
train,7516,88,1,14.3571529388,14.3153324127,1,-0.0719514861702919,0.02238130196928978,0.5235657243161397,1,-0.12191318720579147,0.014759726822376251,0.5341151405931178,0,-0.024462956935167313,-0.04999169707298279,0.4936181615576048
train,7522,88,1,9.9923171997,9.9797239304,1,-0.020060904324054718,-0.0004725046455860138,0.5048969433386509,1,-0.04873260110616684,-0.026650454849004745,0.5055203122476809,0,-0.02729932963848114,-0.04131079092621803,0.4964971919841232
train,7534,88,1,15.4556255341,15.1489229202,0,0.02760876715183258,0.0212908573448658,0.49842052780210383,1,-0.07795469462871552,-0.009258292615413666,0.5171673496941148,0,-0.02804265171289444,-0.030255433171987534,0.49944680486094883
train,7537,88,0,7.2132863998,7.5335774422,1,-0.25914254784584045,0.1588636338710785,0.6030060483599241,1,-0.28403306007385254,0.09142054617404938,0.5927761017497098,0,-0.01718769781291485,-0.05339016765356064,0.4909503709027686
train,7546,88,1,8.9988412857,8.929901123,0,0.29978644847869873,-0.4501436650753021,0.3208365289220046,0,0.008320852182805538,-0.07894937694072723,0.4781962792264425,0,0.11954207718372345,-0.16148462891578674,0.43020208337579835
train,7553,88,1,9.5944099426,9.405254364,1,-0.047453224658966064,-0.020541559904813766,0.5067275101670649,0,-0.023279301822185516,-0.04767747223377228,0.49390075995235255,1,-0.1032470315694809,0.009123384952545166,0.5280630807080937
train,7558,88,1,11.228978157,10.7906265259,1,-0.1531132459640503,-0.06026604399085045,0.5231951398793581,0,0.0317671112716198,-0.10122045129537582,0.46680202237577645,0,0.20261240005493164,-0.23665496706962585,0.3919155548413445
train,7579,88,0,10.2501449585,10.2526741028,1,-0.061652399599552155,0.1041310727596283,0.5413512028559093,0,0.0033760564401745796,-0.07554535567760468,0.4802798816179926,1,-0.04156091436743736,-0.037154313176870346,0.5011016485149791
train,7597,88,0,7.4071769714,7.6456289291,1,-0.05637902766466141,-0.00908656045794487,0.5118209136847153,0,0.0036099711433053017,-0.08064377307891846,0.4789490153452206,1,-0.06167777255177498,-0.02048652619123459,0.5102963557962849
train,7600,88,1,13.4895267487,13.3317127228,1,-0.027425318956375122,0.06254228949546814,0.5224767432749847,0,-0.011918418109416962,-0.05383152514696121,0.4895232569110503,1,-0.03966594859957695,-0.026066143065690994,0.5033998989813553
train,7601,88,0,9.2132282257,9.4663476944,0,0.3567344546318054,-0.5770800113677979,0.2821514832450678,0,-0.01719941943883896,-0.07005257904529572,0.48678978513524906,0,0.24405765533447266,-0.2725543677806854,0.37364479665229827
train,7608,88,0,10.4070949554,10.9484195709,1,-0.029796838760375977,0.04389620199799538,0.5184149271698972,1,-0.08246047794818878,-0.024833593517541885,0.5144027355418483,1,-0.06072327867150307,-0.01678089052438736,0.5109838296732881
train,7612,88,0,15.8017635345,15.8699655533,1,-0.09764428436756134,0.098345547914505,0.5488412172735487,0,-0.04072284325957298,-0.049846846610307693,0.49771901498614074,0,-0.006837788037955761,-0.06232920289039612,0.48613070507757966
train,7614,88,0,8.8928623199,9.0165433884,1,-0.05743112415075302,0.16648231446743011,0.5557456430464468,0,-0.03642306104302406,-0.054801419377326965,0.49540553973599044,0,-0.021022535860538483,-0.047363150864839554,0.4934152269695134
train,7616,88,1,14.3213481903,13.8677139282,1,-0.5533903241157532,0.4354265034198761,0.7288541603000137,1,-0.32942867279052734,0.13000181317329407,0.6128790628870827,1,-0.1615535318851471,0.06311874836683273,0.5559329873622508
train,7635,88,1,10.5169210434,10.4113769531,1,-0.010747253894805908,0.14774659276008606,0.5395407233967345,1,-0.07209789752960205,-0.033136285841464996,0.5097391709422473,0,-0.02538152039051056,-0.03801896423101425,0.49684068108634427
train,7645,88,0,10.8506097794,11.0101766586,1,-0.04550481587648392,0.09837806224822998,0.5359087913999131,1,-0.04886419698596001,-0.027360424399375916,0.5053757359977341,1,-0.041948311030864716,-0.018290512263774872,0.5059141738516376
train,7653,89,1,9.9066781998,9.5271959305,0,0.03349047899246216,-0.12602046132087708,0.4602066035662995,1,-0.3828483819961548,0.15358544886112213,0.6309824466431515,1,-0.14057061076164246,0.044670604169368744,0.54617833106829
train,7661,89,0,8.6075820923,8.6545543671,0,0.264534592628479,-0.33633098006248474,0.3541456893595333,0,0.0209457166492939,-0.09104697406291962,0.4720310542682233,0,0.27457618713378906,-0.3174571692943573,0.3561684440471677
train,7665,89,1,10.4546260834,10.2055625916,1,-0.06359440833330154,0.13647052645683289,0.5498500696971664,0,-0.02124842256307602,-0.062328875064849854,0.4897313309541582,1,-0.04182129353284836,-0.02611270546913147,0.5039270662627742
train,7680,89,1,15.9046516418,15.7678575516,0,0.07712496072053909,-0.0008397139608860016,0.48051869840562444,0,0.0018936051055788994,-0.07204225659370422,0.48152445020914675,0,-0.02116313762962818,-0.04277074337005615,0.49459830872894217
train,7690,89,0,13.7861719131,13.8388996124,1,-0.04124027118086815,0.03521020710468292,0.519103316087115,1,-0.05603855103254318,-0.04035831615328789,0.5039199784031286,1,-0.04455457627773285,-0.01690681278705597,0.5069115006163649
train,7709,89,0,7.5477104187,7.5573234558,1,-0.08326108753681183,0.06274496018886566,0.5364368056431875,0,0.020409435033798218,-0.0791131854057312,0.4751398609628579,1,-0.13176926970481873,0.027284324169158936,0.5396797819728014
train,7717,89,1,9.0593013763,8.8055925369,1,-0.07031426578760147,0.18877191841602325,0.5644116423860254,0,-0.002360304817557335,-0.08611167967319489,0.47907438638812766,0,-0.017194753512740135,-0.05656476318836212,0.4901587687053823
train,7734,89,0,10.2551174164,10.2696800232,1,-0.3711879849433899,0.29935696721076965,0.6616251723655023,1,-0.2169037014245987,0.06206534802913666,0.5692934545768795,1,-0.09530973434448242,0.014363095164299011,0.5273907579141357
train,7736,89,0,10.3918676376,10.6115856171,0,0.10074370354413986,0.020718645304441452,0.48000440530024086,0,-0.03828869014978409,-0.05577034875750542,0.4956296966476162,1,-0.04837975651025772,-0.027727581560611725,0.5051628602367534
train,7756,89,1,10.6905269623,10.2566375732,1,-0.21662333607673645,0.17692697048187256,0.5971370703732443,1,-0.08732495456933975,-0.02517494186758995,0.5155325038120039,0,0.09982702136039734,-0.1457453817129135,0.43891357993274777
train,7760,89,0,10.7775249481,10.7951545715,1,-0.09658703207969666,0.0838482677936554,0.5449868384874065,1,-0.05472361668944359,-0.026137173175811768,0.5071461242430547,1,-0.05386260151863098,-0.01984865963459015,0.5085026657248028
train,7775,89,1,8.5845947266,8.5824279785,1,-0.16144722700119019,0.10032501816749573,0.565071898906937,0,0.01042951550334692,-0.08273843675851822,0.4767248457127672,0,-0.015510432422161102,-0.04778183996677399,0.4919328482254243
train,7789,89,0,8.1141672134,8.3581428528,1,-0.08393491059541702,0.021840304136276245,0.5264191759246749,0,0.026832763105630875,-0.09577164053916931,0.4693872366645996,0,-0.022279128432273865,-0.04529348760843277,0.49424666414672347
train,7805,89,1,15.3923416138,14.7295017242,0,0.07244538515806198,-0.10890553891658783,0.4547861178848703,0,0.018068205565214157,-0.08477950841188431,0.47431071187772966,0,0.17597410082817078,-0.20488780736923218,0.4059190321201977
train,7807,89,0,11.7364740372,11.7605857849,0,0.14536893367767334,-0.2047300785779953,0.41335841107452925,0,-0.027118101716041565,-0.058384932577610016,0.4921839290330638,1,-0.2803313434123993,0.14104440808296204,0.6038124082010586
train,7808,89,1,16.927690506,16.8964385986,0,0.10639024525880814,-0.14337603747844696,0.43788102573398646,1,-0.0637742206454277,-0.02051442116498947,0.510813263585011,0,-0.030346667394042015,-0.04094778373837471,0.4973497457343116
train,7812,89,1,10.4581165314,10.1783866882,1,0.07955878227949142,0.09374372661113739,0.5035461766218126,0,-0.03823445364832878,-0.05522575229406357,0.4957522775326948,1,-0.04723184555768967,-0.027018599212169647,0.5050531395385396
train,7815,89,1,8.7642803192,8.183465004,0,0.12192914634943008,-0.2379688024520874,0.4109842698832117,0,-0.0361337885260582,-0.06083659827709198,0.4938246115923742,0,0.08988097310066223,-0.13090386986732483,0.4450269176238275
train,7827,89,1,11.0832700729,11.0061721802,1,0.03397566080093384,0.06318819522857666,0.5073026142936476,0,-0.011170963756740093,-0.07312445342540741,0.4845165796830494,0,-0.028286879882216454,-0.04207750782370567,0.4965523976536134
train,7850,90,0,14.6110572815,14.7664546967,1,-0.07776249945163727,0.0477435402572155,0.5313353884127814,1,-0.04699152708053589,-0.043589986860752106,0.5008503842350003,0,-0.020673085004091263,-0.04535018280148506,0.4938310386012681
train,7853,90,0,10.072426796,10.2444725037,1,-0.06228569895029068,0.22611363232135773,0.5716042176433905,0,0.020901259034872055,-0.08585772663354874,0.4733355743804756,0,0.07120659947395325,-0.1205214112997055,0.4522142897884977
train,7866,90,1,14.9634895325,14.8611888885,1,-0.22733396291732788,0.25046950578689575,0.6172290619141187,1,-0.12508893013000488,-0.007738173007965088,0.5293040676480739,1,-0.048419494181871414,-0.029305975884199142,0.5047782341073094
train,7888,90,0,14.4742422104,14.6401767731,1,-0.16154444217681885,0.26148805022239685,0.6042086704597455,0,-0.03913740813732147,-0.05472994223237038,0.4961019454528156,1,-0.03398650139570236,-0.027974002063274384,0.5015031203049413
train,7891,90,0,9.1856985092,9.2273159027,0,0.0070722103118896484,-0.1278081089258194,0.46633094896690874,0,0.024807486683130264,-0.09491929411888123,0.4701040082833665,0,0.1879158914089203,-0.21183228492736816,0.40137284473212653
train,7898,90,1,10.0075912476,9.8668146133,1,-0.17254295945167542,0.08911579847335815,0.5650440074350203,1,-0.14849461615085602,0.018682248890399933,0.5416971484448321,0,-0.011674094013869762,-0.04892474785447121,0.4906884132534628
train,7941,90,1,11.0171985626,10.6085224152,0,0.08720352500677109,-0.15088920295238495,0.44075642133905607,0,-0.008427773602306843,-0.07026705890893936,0.48454510344503315,1,-0.6200476884841919,0.39061540365219116,0.7331498973849215
train,7949,90,0,15.8446044922,16.1078338623,1,-0.2777012884616852,0.2060515433549881,0.6186336588970248,1,-0.11424294114112854,0.021393589675426483,0.5338572418820963,0,-0.010048341006040573,-0.05290035530924797,0.48928863547624485
train,7959,90,0,11.4798526764,11.6509990692,1,-0.07288797944784164,0.12514720857143402,0.5493476263187138,0,-0.016348812729120255,-0.06727468967437744,0.48727128158065397,0,-0.014952922239899635,-0.045008186250925064,0.4924867495604859
train,7974,90,1,12.8695106506,12.6878004074,1,-0.07513587176799774,0.06593829393386841,0.5352101649615852,1,-0.0684484988451004,-0.035049550235271454,0.5083489610684984,1,-0.07527710497379303,-0.00860239565372467,0.5166625050000762
train,7980,90,0,17.40284729,17.5225868225,0,0.07698271423578262,-0.04504654183983803,0.46953048708060646,0,-0.0219869427382946,-0.064584881067276,0.48935212549126533,1,-0.03163862228393555,-0.02458224818110466,0.501764086205871
train,7983,90,1,9.2087745667,8.8413562775,1,-0.46178293228149414,0.16621793806552887,0.652036027536628,1,-0.3353622853755951,0.1294725388288498,0.6141605022395724,1,-0.5592471361160278,0.3616885244846344,0.7152327146320256
train,7992,90,0,13.5644416809,13.635761261,0,0.04295533150434494,-0.016322169452905655,0.48518496262382216,1,-0.04985366389155388,-0.04841790348291397,0.5003589400404999,1,-0.04309970885515213,-0.027838125824928284,0.5038153217037474
train,7997,90,0,8.9281167984,9.0341901779,1,-0.1656351089477539,0.0098244808614254,0.5437527071876243,1,-0.17868809401988983,0.03221483528614044,0.552531160820843,0,0.10564960539340973,-0.1612245738506317,0.4336746398178472
train,8008,90,0,12.2015743256,12.3386917114,1,-0.0009031444787979126,0.028144340962171555,0.5072613607991119,1,-0.04918234422802925,-0.04839453101158142,0.5001969532939253,0,-0.026574967429041862,-0.046697698533535004,0.4949694869708147
train,8009,90,1,12.5564880371,12.3389091492,0,0.07701832801103592,0.02640518918633461,0.4873494157512736,0,0.013111225329339504,-0.07911436259746552,0.47695993142575205,0,-0.029170362278819084,-0.035930924117565155,0.4983098659776342
train,8015,90,0,11.2517547607,11.2554864883,0,0.14893466234207153,-0.020173553377389908,0.45782341059198217,0,-0.024820838123559952,-0.06418447196483612,0.49016036204657015,1,-0.03469415009021759,-0.03381537273526192,0.5002196943246007
train,8031,90,0,12.0986089706,12.1653823853,1,-0.35711631178855896,0.1542694866657257,0.6251312817465471,1,-0.08765508234500885,-0.01765427738428116,0.5174930586602507,0,0.08299034833908081,-0.12296118587255478,0.448693340459014
train,8033,90,0,9.9183082581,9.9822473526,0,0.30342844128608704,-0.26051434874534607,0.36263566591390034,0,0.014139908365905285,-0.08761611580848694,0.47458292148616854,0,0.25662192702293396,-0.28503909707069397,0.3678012703953106
train,8037,90,1,12.8637161255,12.831788063,1,-0.021854571998119354,0.0700831264257431,0.5229682485472607,1,-0.04626292362809181,-0.02452809363603592,0.5054334935998831,0,-0.01059691235423088,-0.055172428488731384,0.4888579658187499
train,8047,91,1,9.3954782486,9.2895030975,1,-0.07754071801900864,0.11751396954059601,0.5486096512878972,0,-0.013870586641132832,-0.06706187129020691,0.48670531325883615,0,-0.026315217837691307,-0.04837779700756073,0.49448457892838593
train,8054,91,0,12.8374443054,12.967300415,1,-0.016506008803844452,0.0925673097372055,0.527241327508146,0,-0.04037875682115555,-0.049118317663669586,0.4978151236960776,1,-0.04726595804095268,-0.02285141497850418,0.5061033326008796
train,8064,91,0,11.6316757202,11.7397880554,0,0.07381682842969894,0.028309520334005356,0.4886251359397946,0,-0.007336042821407318,-0.06863442808389664,0.48468020038607956,1,-0.035896483808755875,-0.0331287607550621,0.5006919303217245
train,8071,91,1,14.2624912262,14.0446138382,1,-0.022497005760669708,0.03596864268183708,0.5146122500092987,1,-0.11487113684415817,-0.0020566433668136597,0.5281737488391293,1,-0.04085029661655426,-0.036619968712329865,0.5010575803988804
train,8078,91,1,7.3142962456,7.2838573456,1,-0.21453100442886353,0.10662324726581573,0.579605526347061,1,-0.13159599900245667,-0.0006468296051025391,0.532690591697191,1,-0.07209353148937225,-0.011912591755390167,0.5150406957431322
train,8137,91,1,13.5258216858,13.3896121979,0,0.05540890246629715,0.02844688668847084,0.4932599043601392,0,-0.012988639995455742,-0.06693945080041885,0.48651556789022754,0,-0.030499082058668137,-0.03938669711351395,0.49777811086179924
train,8148,91,1,7.8018169403,7.7664899826,1,-0.3911537826061249,0.3601568937301636,0.6794642218929752,1,-0.3171384334564209,0.11721034348011017,0.606911636670879,1,-0.16285640001296997,0.04719316214323044,0.5523201644737239
train,8151,91,1,13.8494415283,13.8271846771,0,0.04082290083169937,0.026340175420045853,0.4963793819320515,1,-0.048822928220033646,-0.02726992964744568,0.5053880410684174,1,-0.06231870874762535,-0.004672400653362274,0.5144075874271735
train,8161,91,1,14.6774845123,14.4906654358,0,0.03377922624349594,-0.034818027168512344,0.4828574082774622,1,-0.046999748796224594,-0.0439748615026474,0.5007562212467792,0,-0.02711823396384716,-0.040528737008571625,0.4966474244830448
train,8162,91,0,10.6153745651,10.735458374,0,0.2591259181499481,-0.09434378147125244,0.4125412816003987,0,0.024309247732162476,-0.09216106683015823,0.470915292576286,1,-0.10827800631523132,0.02107097953557968,0.5322922351329568
train,8169,91,0,10.0523014069,10.090959549,0,0.0724077895283699,0.049687158316373825,0.4943200865386617,0,-0.04008202999830246,-0.05367444455623627,0.49660194867724455,1,-0.03578599542379379,-0.025308482348918915,0.5026193543064116
train,8172,91,1,8.7561531067,8.7453241348,0,-0.008934400975704193,-0.11825622618198395,0.47269673065948237,0,0.021681983023881912,-0.08792880177497864,0.4726247067403529,0,0.0006969962269067764,-0.052186768501996994,0.48678213919862223
train,8199,91,1,10.0653648376,9.9603633881,1,-0.39702028036117554,0.33265647292137146,0.674734334307414,1,-0.4397985637187958,0.1917700618505478,0.652845058147056,1,-0.10218261182308197,0.00672362744808197,0.5271996814890638
train,8203,91,0,15.1900367737,15.2409362793,1,-0.030693352222442627,0.08457611501216888,0.5287855009985896,0,-0.015367083251476288,-0.06990543007850647,0.48636879188340065,1,-0.04674416780471802,-0.019238244742155075,0.5068760472501928
train,8206,91,0,9.3990650177,9.4028987885,1,-0.24546724557876587,0.20178084075450897,0.6099847429584728,1,-0.2237652987241745,0.06327055394649506,0.5712703062232074,0,-0.013980019837617874,-0.05068829655647278,0.49082396118798705
train,8207,91,1,13.2376079559,13.1970558167,1,-0.01835695654153824,0.046542879194021225,0.5162192663862942,1,-0.05899733304977417,-0.037193041294813156,0.5054508569833397,1,-0.04728272557258606,-0.016805369406938553,0.507618749315385
train,8208,91,0,15.4316883087,15.807091713,0,0.06010424345731735,-0.06767719238996506,0.4680980374204488,0,-0.016884012147784233,-0.06447529792785645,0.48810442369134743,0,-0.01636960729956627,-0.046690940856933594,0.49242024732657563
train,8210,91,0,12.8465919495,13.1210622787,1,-0.044244781136512756,0.18359419703483582,0.5567146157331375,0,-0.01196842547506094,-0.07352440059185028,0.484615863632123,1,-0.04203053191304207,-0.0358867347240448,0.5015359444659078
train,8211,91,0,11.2877931595,11.3449754715,1,-0.07112036645412445,0.14296941459178925,0.553318947016348,0,-0.03239358589053154,-0.041010066866874695,0.49784589308331134,0,-0.024288421496748924,-0.046684056520462036,0.4944013252501426
train,8212,91,0,11.8706769943,11.8906002045,1,-0.0974918082356453,0.18321381509304047,0.5697192084029696,0,-0.006196577101945877,-0.06956750899553299,0.48416256676792213,0,-0.02991238236427307,-0.03982968255877495,0.49752069527189696
train,8239,92,1,16.2010498047,16.1994686127,0,0.06040116399526596,-0.0039448849856853485,0.48391903585936386,0,0.01903068646788597,-0.08259813487529755,0.4746146401199029,1,-0.044662583619356155,-0.0236734077334404,0.505247101340651
train,8251,92,1,14.0057382584,13.8093414307,1,-0.03747217729687691,0.04757611081004143,0.5212492652017756,1,-0.15669848024845123,0.04150092601776123,0.5493882806485618,1,-0.0454963743686676,-0.018498852849006653,0.5067489704602083
train,8261,92,0,9.9567260742,10.0832796097,0,0.1247924193739891,-0.04579829052090645,0.45745544727953935,0,-0.04362395033240318,-0.04947861284017563,0.4985363385538904,0,-0.0131834726780653,-0.05403689295053482,0.4897880652039648
train,8272,92,1,14.7192840576,14.7038145065,0,-0.011230751872062683,-0.011894915252923965,0.49983395916088824,0,-0.014646276831626892,-0.04685559123754501,0.49194836747691134,0,-0.005118003115057945,-0.0607650950551033,0.48609181583535466
train,8298,92,1,13.5825061798,13.2617073059,1,-0.13532385230064392,0.04912073537707329,0.5459808657597035,0,0.00800390262156725,-0.08229628205299377,0.4774402813091951,0,0.2348221242427826,-0.2459927797317505,0.38205971599673866
train,8316,92,0,14.8610286713,15.2771663666,1,0.022941596806049347,0.07451656460762024,0.5128908846220208,0,-0.04085460677742958,-0.05926014110445976,0.49539874631231706,0,-0.03773054853081703,-0.03925872594118118,0.4996179557217588
train,8319,92,0,7.6545057297,7.8838005066,1,-0.1559683084487915,0.07898770272731781,0.5584702656478466,1,-0.12586930394172668,-0.004410907626152039,0.5303273254912487,1,-0.03664449602365494,-0.03441357985138893,0.5005577288117491
train,8326,92,1,11.9639997482,11.6661291122,0,0.03620953857898712,0.032246556133031845,0.49900925568516646,0,0.008769110776484013,-0.0836554765701294,0.47691028743637875,1,-0.04201136901974678,-0.032759010791778564,0.5023130730559123
train,8331,92,0,17.984254837,18.1640548706,0,0.03552353382110596,0.02319071814417839,0.49691683515935753,1,-0.038041286170482635,-0.03728726878762245,0.500188504336784,1,-0.04745600000023842,-0.014129899442195892,0.5083307541223707
train,8341,92,0,16.1486091614,16.4609069824,1,-0.11575277894735336,-0.08093521744012833,0.5087035111494902,0,0.010264716111123562,-0.08140555024147034,0.47709846879873374,0,0.3611307144165039,-0.36536988615989685,0.32596311578308657
train,8356,92,1,12.1540126801,11.999004364,1,-0.04139895364642143,0.12434473633766174,0.5413413252706447,0,-0.010236850008368492,-0.05664406344294548,0.4884002783584895,1,-0.0541435107588768,-0.02175874263048172,0.5080954845171942
train,8360,92,1,14.7493801117,14.6086111069,1,-0.36351215839385986,0.33628952503204346,0.6681438013642248,1,-0.058634500950574875,-0.009862653911113739,0.5121905453918465,0,0.0198390930891037,-0.08704487979412079,0.47330441654551436
train,8366,92,0,11.7089328766,11.7195091248,1,-0.1349894404411316,0.16922587156295776,0.57547266008471,0,0.010220539756119251,-0.08410103619098663,0.4764370725061015,1,-0.04134679585695267,-0.039321668446063995,0.5005062816796945
train,8370,92,1,13.0176954269,12.8498210907,0,0.061659328639507294,0.04297978803515434,0.49533025063090597,0,-0.016027890145778656,-0.06614422798156738,0.48747353726935067,0,-0.016434375196695328,-0.04883681237697601,0.4919000993784404
train,8377,92,0,15.0459861755,15.5059709549,0,0.1508685052394867,-0.05557803437113762,0.44857089526051896,0,-0.0210910402238369,-0.06371911615133286,0.4893445945109714,0,-0.007280848920345306,-0.05761178210377693,0.4874199222494122
train,8388,92,0,9.1216983795,9.1780977249,1,-0.02649713307619095,-0.022536981850862503,0.5009900365124539,0,-0.020923737436532974,-0.06454798579216003,0.4890956671698861,0,0.007341425865888596,-0.06275609135627747,0.48248279290990137
train,8393,92,0,8.7236700058,8.7440252304,0,-0.0019437596201896667,-0.04588707163929939,0.4890159394701757,1,-0.23983685672283173,0.06458693742752075,0.5755235922798607,0,0.13983124494552612,-0.18686366081237793,0.4190450201337962
train,8413,92,0,13.372220993,13.4864826202,1,0.018303915858268738,0.08833682537078857,0.5175010749694753,1,-0.11884930729866028,-0.009894900023937225,0.5272116878384401,1,-0.06362910568714142,-0.010653868317604065,0.5132407129525366
train,8427,92,0,14.2000961304,14.3192024231,0,0.04110265523195267,0.027256570756435394,0.49653853418191474,0,-0.019012868404388428,-0.04728325456380844,0.49293287413313536,1,-0.04086645320057869,-0.02481647953391075,0.5040124072834739
train,8439,93,1,21.7345848083,20.9811515808,1,-0.5725950002670288,0.239470973610878,0.692549575993976,1,-0.6475440859794617,0.3032996654510498,0.7212848315897091,1,-0.0923776626586914,0.011775985360145569,0.5260148988251825
train,8442,93,1,14.8357439041,14.4967880249,1,-0.04053837060928345,0.04492408409714699,0.521352618931416,1,-0.047447431832551956,-0.04539419710636139,0.500513308501215,1,-0.04965955391526222,-0.01497688889503479,0.5086697972067674
train,8450,93,1,11.1681995392,10.565533638,1,-0.11361528187990189,0.11682792007923126,0.5573571997989517,0,0.007350725121796131,-0.06509554386138916,0.4818963500880513,0,0.10886195302009583,-0.1553882360458374,0.43431920609805585
train,8463,93,1,10.1971530914,10.0611248016,0,-0.010325014591217041,-0.05667438730597496,0.48841473076546316,1,-0.09492600709199905,-0.01971101015806198,0.5187948893814907,1,-0.06612320244312286,-0.010420873761177063,0.5139219826546544
train,8470,93,0,11.7194833755,11.7462663651,1,-0.11102193593978882,0.1374882608652115,0.5618097756407322,0,0.025124873965978622,-0.0849471166729927,0.47250975236447396,0,-0.012952324002981186,-0.046160630881786346,0.49169868615124085
train,8472,93,1,9.6701793671,9.0828819275,1,-0.23677155375480652,0.19285933673381805,0.6057855250451257,1,-0.1692553609609604,0.034485772252082825,0.5507598160980082,1,-0.22069111466407776,0.09879929572343826,0.5792000562375305
train,8486,93,0,17.0523223877,17.1745147705,1,-0.25891947746276855,0.016570333391427994,0.5684401459172856,1,-0.5960774421691895,0.2688235640525818,0.7036835969270601,0,0.2606935501098633,-0.2866901755332947,0.36647161738138684
train,8500,93,1,18.4614944458,18.2621231079,1,-0.03225472569465637,0.028470922261476517,0.5151767484553832,1,-0.06140981242060661,-0.028561219573020935,0.5082114098620071,1,-0.03583157807588577,-0.03005426749587059,0.501444323627702
train,8509,93,0,18.0208244324,18.132106781,1,-0.5592683553695679,0.1838257610797882,0.677672083442827,1,-0.6791735291481018,0.31894516944885254,0.7306885315772245,1,-0.2581896185874939,0.1431911587715149,0.5990193614582185
train,8521,93,0,11.5327453613,11.8553524017,1,-0.09805737435817719,0.16029106080532074,0.5642302573321132,0,-0.02975182980298996,-0.059039294719696045,0.49267865709024966,0,-0.016595060005784035,-0.04978681355714798,0.49170282334294974
train,8530,93,1,13.3092594147,13.2210178375,1,-0.16783708333969116,0.1089940071105957,0.5687691529395192,1,-0.24036617577075958,0.0840047150850296,0.5803891008473977,0,-0.01927221193909645,-0.048308536410331726,0.4927414288550592
train,8555,93,0,15.462220192,15.4919910431,1,-0.272146612405777,0.09176963567733765,0.5899881156137381,1,-0.19866810739040375,0.0533791109919548,0.5626803267971042,1,-0.10376618802547455,0.02210485190153122,0.5314262790306449
train,8558,93,0,8.6359624863,8.9286308289,1,-0.07744407653808594,0.12035338580608368,0.5492887731165603,0,0.006520061753690243,-0.0841866135597229,0.47733886646059914,1,-0.07709792256355286,-0.005946077406406403,0.5177804606642493
train,8567,93,1,6.893620491,6.8856611252,0,-0.024038486182689667,-0.22064800560474396,0.45100534383206453,1,-0.39207082986831665,0.15156155824661255,0.6326569984798974,1,-0.19893139600753784,0.08623138815164566,0.5708114921505928
train,8578,93,0,14.2242069244,14.2264766693,0,0.04172886162996292,0.03203332796692848,0.497576135571831,0,-0.030933953821659088,-0.0619187131524086,0.49225442983871137,1,-0.04481980577111244,-0.023494191467761993,0.5053312015329053
train,8584,93,1,14.7247467041,14.5375032425,1,0.008961327373981476,0.010855857282876968,0.5004736323355586,1,-0.14260560274124146,0.012872733175754547,0.5387914715996055,0,-0.028637411072850227,-0.030818048864603043,0.4994548407680894
train,8591,93,1,10.2026329041,10.1363286972,1,-0.47916102409362793,0.3391522765159607,0.6938781833893788,0,-0.02175755426287651,-0.06321609765291214,0.48963684846805255,1,-0.8369280099868774,0.5533384084701538,0.8006347719342081
train,8593,93,0,10.2345199585,10.8186454773,1,-0.04911044239997864,0.13615036010742188,0.5461831861886982,0,-0.025541231036186218,-0.057444047182798386,0.49202497236027437,1,-0.06077452749013901,-0.009434916079044342,0.5128320844566024
train,8605,93,1,12.8811836243,12.8154125214,1,0.02000529319047928,0.09024524688720703,0.5175527724129456,0,-0.020213808864355087,-0.06656493246555328,0.48841429327886327,1,-0.04223302751779556,-0.0209985189139843,0.5053084276863546
train,8621,93,1,8.3000030518,8.0405979156,1,-0.35056841373443604,0.34872186183929443,0.6680303983477414,1,-0.38878315687179565,0.1468021273612976,0.6307848460431308,1,-1.0495216846466064,0.6850221753120422,0.8499927074367607
train,8643,94,0,14.1893386841,14.2316570282,1,-0.09858231246471405,0.05321210250258446,0.5378759050430427,0,0.014351076446473598,-0.08113201707601547,0.4761473459622592,1,-0.24382677674293518,0.12757492065429688,0.591797634470752
train,8662,94,1,9.4360141754,9.177283287,1,-0.29482385516166687,0.17680560052394867,0.6157693541163539,1,-0.5911896228790283,0.2943010926246643,0.707958738759551,1,-0.25394371151924133,0.125818133354187,0.5938156615295408
train,8665,94,0,13.9214382172,14.2065238953,1,-0.02736329659819603,0.08919638395309448,0.5291069732665729,0,0.004779067821800709,-0.07100539654493332,0.48106294644890196,1,-0.03481080383062363,-0.028171364217996597,0.5016598538056664
train,8672,94,0,13.9561653137,13.993434906,0,0.041194431483745575,-0.05847543850541115,0.47510313971406654,1,-0.20171760022640228,0.049986936151981354,0.5625960008227275,1,-0.25106707215309143,0.12951350212097168,0.5940131227545239
train,8675,94,1,7.346657753,7.2281680107,0,0.10685480386018753,-0.2521592080593109,0.4111982667887268,0,0.015395681373775005,-0.06984928250312805,0.47870165486626254,0,0.034618958830833435,-0.10540945827960968,0.4650499852687546
train,8676,94,1,17.0300693512,16.9617729187,1,-0.0010226443409919739,0.040885042399168015,0.5104753886094702,0,-0.024768196046352386,-0.06063537299633026,0.49103416691983576,0,-0.027207091450691223,-0.04603729397058487,0.49529258846400737
train,8685,94,1,16.8312206268,16.6691665649,0,0.06410928815603256,-0.04576968029141426,0.47255786229797053,0,-0.018231382593512535,-0.06074408441781998,0.48937342497287317,1,-0.030177010223269463,-0.028709404170513153,0.5003669014473343
train,8690,94,1,12.999835968,12.5817317963,1,-0.0810912698507309,0.12284670770168304,0.5508085195150192,0,0.007395940832793713,-0.0795799270272255,0.4782697300732067,0,-0.02680892124772072,-0.050386942923069,0.4941057676402964
train,8694,94,1,11.3283948898,11.3192968369,0,0.04601707309484482,0.042948123067617416,0.49923276309537523,0,-0.03296608477830887,-0.05297556519508362,0.49499779679291356,1,-0.04759775474667549,-0.022815868258476257,0.5061951545666298
train,8715,94,1,9.6043014526,9.2135181427,1,-0.19810932874679565,0.1384555846452713,0.5833558587633788,1,-0.17166869342327118,0.03542301058769226,0.5515886841097545,0,0.019746052101254463,-0.07251906394958496,0.47695007038702303
train,8717,94,0,6.1802668571,6.3921694756,1,-0.09636003524065018,0.1431790143251419,0.5596000521540283,0,0.02640349045395851,-0.09371292591094971,0.47000694876917404,1,-0.05457700416445732,-0.021330520510673523,0.5083108554086481
train,8727,94,1,12.4814519882,11.9116859436,1,-0.09726086258888245,0.13421349227428436,0.5576115806206108,1,-0.060533493757247925,-0.043279390782117844,0.5043134187341208,1,-0.16154418885707855,0.06427428871393204,0.5562159326440889
train,8736,94,1,8.8390836716,8.8254079819,1,-0.19626538455486298,0.05261589214205742,0.5619011258258566,1,-0.12098580598831177,-0.00044530630111694336,0.5300986892179473,0,0.22158564627170563,-0.24415022134780884,0.3856260018387338
train,8742,94,1,13.3645877838,12.9573802948,1,-0.2053406685590744,0.16672345995903015,0.5919576503362748,0,-0.01584295928478241,-0.07185236364603043,0.48600130827196186,1,-0.0671534538269043,-0.018427763134241104,0.5121790131579271
train,8777,94,0,10.0218811035,10.0329780579,0,0.1359456181526184,-0.12384125590324402,0.4354160999962669,1,-0.047453392297029495,-0.04376421868801117,0.5009222923562214,0,0.024575185030698776,-0.08611473441123962,0.47235573976211864
train,8788,94,0,13.9609336853,14.0379295349,0,0.060278333723545074,-0.03021998330950737,0.477390849278348,1,-0.05691733583807945,-0.03727416694164276,0.5049106343260986,1,-0.04390672966837883,-0.022304870188236237,0.5054002548736078
train,8799,94,1,13.7879705429,13.7310619354,1,-0.010123267769813538,-0.0001712404191493988,0.5024879863029291,1,-0.11000630259513855,-0.004286959767341614,0.5264052469252163,1,-0.04631901904940605,-0.027638699859380722,0.504669943998533
train,8805,94,1,16.7978172302,16.0563526154,0,0.053128428757190704,-0.0015865452587604523,0.4863246680115884,1,-0.08445246517658234,-0.02806410938501358,0.514093354821715,0,-0.028531193733215332,-0.03543803095817566,0.4982732975580299
train,8814,94,0,16.7486572266,16.8069534302,0,0.1492811143398285,-0.13267569243907928,0.42997410423979043,1,-0.04908803477883339,-0.030265819281339645,0.5047054149573078,1,-0.03071065992116928,-0.02962302789092064,0.5002719079807578
train,8820,94,0,9.6005992889,10.2435722351,0,0.1501978635787964,-0.3482879400253296,0.3778965764992437,1,-0.051295872777700424,-0.04397539049386978,0.5018301123980702,0,0.12382382154464722,-0.16772833466529846,0.427623916064999
train,8828,95,0,15.2697639465,15.5041179657,1,-0.0930144339799881,0.06014483794569969,0.5382151436907664,1,-0.05491660162806511,-0.02881724387407303,0.5065244690831316,0,-0.015635687857866287,-0.04019623249769211,0.4938601724760178
train,8863,95,0,12.9785079956,13.0412368774,1,0.01853848248720169,0.058257173746824265,0.5099283676209773,1,-0.047067321836948395,-0.04027601331472397,0.5016978206050058,0,-0.03553394973278046,-0.0390043780207634,0.4991323937987823
train,8869,95,0,13.0110502243,13.0969238281,0,0.07942337542772293,0.05028485134243965,0.4927158843550952,0,-0.03312089666724205,-0.050180766731500626,0.4957351359203076,1,-0.054082196205854416,-0.005943767726421356,0.5120322836670288
train,8879,95,0,8.4607629776,8.6311740875,1,-0.19406406581401825,0.15939666330814362,0.5874565443887291,1,-0.1796090304851532,0.033881232142448425,0.5531707670565067,1,-1.103007197380066,0.6927745938301086,0.8576346791782754
train,8908,95,0,11.8538885117,11.9677143097,0,0.04041523486375809,-0.07193559408187866,0.47194180076275544,0,0.016332387924194336,-0.08228027075529099,0.47536679414034794,0,0.1399577558040619,-0.16678646206855774,0.4239096366316351
train,8925,95,1,7.6247587204,7.3875412941,1,-0.052231986075639725,-0.002864573150873184,0.5123393472717452,1,-0.2050793617963791,0.05823962390422821,0.5654519962636819,0,0.025222167372703552,-0.08520367741584778,0.47242155709835604
train,8928,95,1,14.1337156296,13.9771175385,0,0.020730212330818176,-0.02636442705988884,0.4882285157414447,0,-0.03492271900177002,-0.053430430591106415,0.4953732041720207,0,-0.016891632229089737,-0.05169149488210678,0.4913009122240353
train,8936,95,1,11.0657596588,10.7007379532,1,-0.1889926791191101,0.05472216382622719,0.5606289098321766,1,-0.2342410534620285,0.07804788649082184,0.5774438668596878,0,0.011096546426415443,-0.06473695486783981,0.4810507048136224
train,8938,95,0,13.2166404724,13.3036880493,0,0.006043620407581329,-0.005261767655611038,0.49717368308719195,1,-0.057764921337366104,-0.04103824496269226,0.5041815716001878,1,-0.04672713577747345,-0.02576468512415886,0.5052404207673654
train,8942,95,0,13.548166275,13.7055683136,1,-0.07067006826400757,0.11577649414539337,0.54647708094394,1,-0.06791295111179352,-0.02991517260670662,0.5094983018250842,1,-0.044271741062402725,-0.014891427010297775,0.5073445502009024
train,8950,95,1,12.5352811813,12.4744501114,1,-0.03925140202045441,0.07631999254226685,0.528860731997689,0,-0.024216830730438232,-0.060824427753686905,0.49084912265791353,1,-0.03964656963944435,-0.03802552446722984,0.5004052612043086
train,8955,95,1,11.3127403259,11.3031272888,0,0.13764578104019165,-0.15315060317516327,0.42780891021541806,0,0.011886089108884335,-0.07858789712190628,0.4773969195449863,0,0.1639823317527771,-0.2071762979030609,0.4082610854899011
train,8957,95,1,12.7060432434,12.6503887177,1,-0.05396211892366409,0.10694371163845062,0.5401398908779047,0,-0.009822278283536434,-0.06945731490850449,0.48509565765471885,1,-0.037457071244716644,-0.032297056168317795,0.5012900009068302
train,8958,95,1,16.2308139801,16.0618896484,0,0.062295638024806976,-0.005880970507860184,0.48296244663891524,1,-0.07904508709907532,-0.01045922189950943,0.5171397480155084,1,-0.046886786818504333,-0.014742210507392883,0.5080354521878507
train,8959,95,0,17.845117569,17.9063186646,1,-0.12591087818145752,0.13839250802993774,0.5656938636519271,0,-0.02792339213192463,-0.05876318737864494,0.49229066220338347,0,-0.02937435917556286,-0.0425012931227684,0.49671831363709357
train,8970,95,1,12.8619918823,12.7277441025,1,-0.060890816152095795,0.1443086713552475,0.5511206203630334,0,-0.01789480447769165,-0.05080417916178703,0.4917733987848044,1,-0.03165588900446892,-0.026111505925655365,0.5013860922189778
train,8978,95,1,18.4377918243,18.2113304138,0,0.023502670228481293,-0.05335000529885292,0.4807962821517379,1,-0.10242350399494171,0.011858128011226654,0.5285393537374924,0,-0.012991735711693764,-0.05354910343885422,0.48986204768999175
train,8989,95,1,17.0215320587,17.0156040192,0,-6.833672523498535e-05,-0.020198006182909012,0.49496775255816244,1,-0.09111122786998749,0.00817100703716278,0.524800190860717,0,-0.017877448350191116,-0.04401560500264168,0.49346583284632856
train,8998,95,0,9.9551477432,10.0529031754,0,0.13657715916633606,0.02383258566260338,0.4718436756889044,0,0.008685284294188023,-0.08005081117153168,0.4778305212726462,1,-0.05421074107289314,-0.012570805847644806,0.5104084799248587
train,9011,95,1,10.2640743256,10.2443256378,1,0.002647697925567627,0.007685329765081406,0.5012594052964752,1,-0.05794602632522583,-0.03835008293390274,0.5048988290858961,1,-0.06440283358097076,-0.00790463387966156,0.5141207939391564
train,9028,96,0,12.2069740295,12.4335718155,1,-0.25035637617111206,-0.022033382207155228,0.556834059540279,1,-0.25437140464782715,0.07295475900173187,0.5811086494005906,1,-0.16511958837509155,0.052971743047237396,0.554307746274327
train,9035,96,1,12.7219963074,12.6269073486,1,-0.333560585975647,0.34359341859817505,0.6631032050024132,0,0.008138892240822315,-0.08482220023870468,0.4767764488438904,1,-1.092549204826355,0.7230046391487122,0.8600317678133583
train,9042,96,0,11.0136919022,11.1295318604,0,0.08330025523900986,0.00826479122042656,0.4812499305788441,0,-0.017893053591251373,-0.06669677793979645,0.48780149002124595,0,-0.032956358045339584,-0.036742180585861206,0.49905354549528724
train,9046,96,0,15.0683193207,15.1992769241,1,-0.13946649432182312,0.13717365264892578,0.568722319464021,1,-0.07931980490684509,-0.0014930665493011475,0.5194468697706823,0,-0.017834946513175964,-0.04662439227104187,0.4928031356364029
train,9047,96,1,14.0393791199,13.8573732376,0,0.052805639803409576,0.0014633648097515106,0.4871672500863713,0,0.002288791351020336,-0.07697891443967819,0.48019344345865494,1,-1.5645748376846313,1.0376089811325073,0.9310019943461296
train,9048,96,0,12.1821155548,12.348526001,0,0.028025545179843903,0.01903950795531273,0.4977535058106682,1,-0.07914520055055618,-0.028222128748893738,0.5127280175879124,1,-0.07322901487350464,-0.005804337561130524,0.516849786428623
train,9065,96,0,8.9968891144,9.0272159576,0,0.1498469114303589,-0.1938875913619995,0.41490260786966365,0,0.0030053099617362022,-0.07939225435256958,0.4794122557351376,0,0.25275489687919617,-0.2771320641040802,0.3705432529744825
train,9068,96,1,14.4653482437,14.4456281662,1,-0.01197553426027298,0.14092518389225006,0.538150882204095,0,-0.03344614803791046,-0.05978664010763168,0.493415257697828,1,-0.03788761794567108,-0.027245845645666122,0.5026604179679487
train,9098,96,0,13.5850801468,13.6220741272,1,0.006488382816314697,0.04152970388531685,0.5087594339807574,1,-0.06974804401397705,-0.008435677736997604,0.5153232915855032,1,-0.04669845476746559,-0.014845088124275208,0.5079626684040398
train,9110,96,0,16.3129291534,16.4074325562,1,-0.03954280912876129,0.07197383046150208,0.527850303770521,0,0.0041290270164608955,-0.07871006429195404,0.4793020621335838,0,-0.024927563965320587,-0.040075965225696564,0.49621297210335147
train,9117,96,1,11.351269722,11.3105106354,1,-0.2927301824092865,0.2148006409406662,0.6242274636822375,1,-0.17065586149692535,0.03108569234609604,0.5502650232338218,0,-0.02571883052587509,-0.04276323318481445,0.49573900249055475
train,9128,96,0,13.754611969,14.0618953705,1,-0.21108971536159515,0.15364272892475128,0.5901855407097527,0,-0.0027978243306279182,-0.04995943605899811,0.4882117819504398,1,-0.06164804473519325,-0.006307788193225861,0.5138315343421213
train,9130,96,1,11.255273819,11.0855350494,0,0.03150496631860733,0.01862386241555214,0.49677976854994144,0,-0.031937163323163986,-0.054787665605545044,0.4942876229848828,1,-0.049990735948085785,-0.02813822776079178,0.505462909655654
train,9143,96,0,10.2207565308,10.2650079727,1,-0.07881583273410797,0.15265978872776031,0.5576118930663029,0,0.006735122762620449,-0.07236138731241226,0.4802361753723375,1,-0.0900304764509201,0.007549293339252472,0.5243756038576033
train,9153,96,1,11.5753335953,11.3651428223,1,-0.07871538400650024,0.16567330062389374,0.5607948865154329,0,-0.014507478103041649,-0.06703630834817886,0.48687081122337733,0,-0.03760715201497078,-0.04124782979488373,0.49908983156034314
train,9166,96,1,10.5985574722,9.9953861237,1,-0.4665170907974243,0.3172913193702698,0.6865003325183534,1,-0.24251674115657806,0.07949332892894745,0.5798140433709984,1,-0.5991471409797668,0.38555899262428284,0.7280410174142695
train,9195,96,1,13.1990222931,13.130487442,0,0.17262613773345947,-0.06459371745586395,0.4409715870342691,0,-0.012696937657892704,-0.06861448287963867,0.48602425508530217,1,-0.04356452450156212,-0.026124730706214905,0.5043598379469761
train,9199,96,0,12.7051849365,13.049577713,1,-0.04029374569654465,0.12216164171695709,0.5405247594124916,0,-0.03150111064314842,-0.05778010934591293,0.4934306283795057,1,-0.044082578271627426,-0.01728026568889618,0.5067001770533417
train,9215,96,1,7.8656406403,7.5037059784,1,-0.46012404561042786,0.4732013940811157,0.7177494578256962,1,-0.24429328739643097,0.07618705928325653,0.5794413118529027,0,0.08750000596046448,-0.1393059492111206,0.44354033216320216
train,9239,97,0,12.2367963791,12.3151092529,0,0.05373396724462509,-0.05095155909657478,0.47385249339414587,0,-0.025401636958122253,-0.06323712319135666,0.4905422566636693,0,0.000864710658788681,-0.05624224618077278,0.48572713947239976
train,9242,97,1,12.1426906586,11.7133836746,1,-0.04277455806732178,0.11602337658405304,0.5396162690548257,0,-0.01153312623500824,-0.05565015971660614,0.48897253014691755,1,-0.07538726925849915,-0.002632938325405121,0.5181805640049814
train,9244,97,1,8.7717008591,8.7255525589,0,0.12386652082204819,-0.019133087247610092,0.46431089414248183,0,0.03192979842424393,-0.1030779629945755,0.46629923302685605,0,0.06682547926902771,-0.11998291313648224,0.45343324466191626
train,9247,97,0,13.857131958,13.9472694397,1,0.044600315392017365,0.04551548883318901,0.5002287933443242,0,-0.026313606649637222,-0.06029199808835983,0.49150621931908045,0,-0.0170693788677454,-0.04783274233341217,0.4923097656172561
train,9248,97,0,11.4948005676,11.7000598907,1,-0.12726432085037231,0.1355499029159546,0.5653279640668712,0,-0.03963232412934303,-0.05210369825363159,0.49688219687949364,0,-0.03150937706232071,-0.03998725116252899,0.49788054416947514
train,9255,97,1,10.0595903397,9.8567962646,0,0.07527134567499161,-0.06489068269729614,0.4650167458151896,0,0.014450727961957455,-0.08354190737009048,0.4755214261070105,0,0.14143991470336914,-0.1875985562801361,0.4184745963551024
train,9261,97,1,11.4871330261,11.4619436264,1,-0.4368875324726105,0.27013081312179565,0.6697419887588544,1,-0.19226635992527008,0.035278767347335815,0.5566420969858166,1,-0.5548027157783508,0.36313048005104065,0.7146207930027914
train,9270,97,0,10.5554122925,10.9555244446,1,-0.39918333292007446,0.16562919318675995,0.6375653330633279,0,-0.023949798196554184,-0.06290026009082794,0.49026361544894687,0,0.2649749517440796,-0.29338905215263367,0.36392608208659194
train,9283,97,0,9.4947032928,9.7181758881,1,-0.22523805499076843,0.10817472636699677,0.582589526677832,1,-0.04695674777030945,-0.02422323077917099,0.5056831344901745,0,0.0535222627222538,-0.10665334761142731,0.4600414929489306
train,9295,97,1,16.1502342224,15.8214092255,1,-0.008000202476978302,0.04434024915099144,0.5130821264779496,0,-0.02246691659092903,-0.06228088587522507,0.4900478222871872,0,-0.024815449491143227,-0.040348343551158905,0.4961168545588154
train,9298,97,0,9.9846019745,10.0859451294,1,-0.24589291214942932,0.30941393971443176,0.6353659425065844,1,-0.11779947578907013,-0.006664946675300598,0.5277550715190533,0,-0.02324994094669819,-0.044688086956739426,0.49464066875567103
train,9299,97,0,10.3619222641,10.3796825409,1,-0.03627802059054375,0.1232600063085556,0.5398001251808888,0,0.0010719923302531242,-0.0829431340098381,0.47900856437252237,1,-0.038310617208480835,-0.025787796825170517,0.5031306641831026
train,9321,97,1,13.8846588135,13.8319206238,1,-0.10000163316726685,0.046344783157110214,0.5365214448551139,1,-0.07035410404205322,-0.017132580280303955,0.5133022411715713,1,-0.04252323880791664,-0.030684296041727066,0.5029597011221795
train,9337,97,0,11.0166254044,11.093875885,1,-0.20235687494277954,0.2934914529323578,0.62148317795574,1,-0.09653212130069733,-0.014648064970970154,0.5204595835696595,1,-0.05047815293073654,-0.022038191556930542,0.5071095111502547
train,9340,97,1,9.5608406067,9.5526371002,1,-0.08677949011325836,-0.018652696162462234,0.5170251141651505,0,-0.007996765896677971,-0.07140061259269714,0.48415434632743204,0,0.12214386463165283,-0.15656353533267975,0.43077070262661327
train,9351,97,1,11.0750427246,10.7227287292,0,0.05797485262155533,0.016035225242376328,0.4895166297384129,0,-0.007701873313635588,-0.07018174231052399,0.4843851121177454,1,-0.05763699859380722,-0.01957329362630844,0.509514777482628
train,9352,97,1,9.645819664,9.2802724838,0,-0.040215007960796356,-0.04693217948079109,0.4983207134341691,1,-0.22396181523799896,0.05979909002780914,0.5704680177827594,1,-0.2574910819530487,0.13482165336608887,0.596839319047596
train,9384,97,1,15.4549036026,15.3769741058,1,-0.8789710402488708,0.40684837102890015,0.7834387406271176,1,-0.707127034664154,0.32810521125793457,0.7379290176618011,0,0.07265476882457733,-0.12176674604415894,0.45154715058306644
train,9393,97,0,7.8758459091,7.9327530861,0,0.011886104941368103,-0.03978338837623596,0.4870854997355333,0,-0.011079848743975163,-0.06638980656862259,0.4861760345438918,1,-0.3400246798992157,0.2000761330127716,0.6318358690771507
train,9419,98,1,12.0734205246,11.9149398804,0,0.04666275531053543,0.027534354478120804,0.4952180455990606,1,-0.09314575046300888,-0.021033689379692078,0.5180202069669088,1,-0.03748210519552231,-0.021818988025188446,0.5039156992386458
train,9427,98,0,9.1594409943,9.2415866852,1,-0.21524477005004883,0.12780781090259552,0.5849318402519955,1,-0.14673858880996704,0.030982576310634613,0.5443137159322932,0,0.025219295173883438,-0.08525566756725311,0.4724093149844616
train,9436,98,1,13.1309242249,13.1184158325,1,-0.034585174173116684,0.11780720949172974,0.5380245360102816,0,-0.01938267983496189,-0.04891663044691086,0.49261704899007075,1,-0.04033828154206276,-0.027154214680194855,0.5032959689735994
train,9438,98,1,13.1989517212,13.1447877884,1,-0.12776567041873932,0.18079394102096558,0.5765336397439573,0,-0.01831640489399433,-0.06595337390899658,0.4880930093532139,0,-0.028301240876317024,-0.04348450526595116,0.49620425682218094
train,9449,98,0,11.6623878479,11.9116287231,1,-0.5965143442153931,0.460305392742157,0.7420823239787994,1,-0.21644838154315948,0.07726450264453888,0.5729048644943276,1,-0.19294807314872742,0.08646460622549057,0.5694022285856158
train,9460,98,1,8.6887588501,8.4037399292,1,-1.038088083267212,0.814872145652771,0.8644742932794204,1,-0.5232694745063782,0.2280077189207077,0.6794569295195376,1,-0.10928212106227875,0.03523195534944534,0.5360657735152253
train,9466,98,1,15.6468276978,15.3957166672,1,0.019250117242336273,0.08883355557918549,0.5173888439620712,0,-0.002047386020421982,-0.07430870831012726,0.48194252630107226,0,-0.02825973555445671,-0.03467297554016113,0.4983966954988492
train,9471,98,1,9.7746086121,9.2931556702,1,-0.043507903814315796,0.016560252755880356,0.5150125254185216,1,-0.21929024159908295,0.053509846329689026,0.5677801929026142,0,0.003112996928393841,-0.06898766756057739,0.48198263848147027
train,9484,98,1,12.4931583405,12.2127285004,0,0.06615395098924637,-0.12235556542873383,0.45301168597855124,0,0.011125844903290272,-0.06989949196577072,0.47975474059251255,0,0.08531825244426727,-0.1309943050146103,0.4461317433621486
train,9523,98,0,9.4273052216,9.9902439117,1,-0.12119344621896744,0.006574299186468124,0.5318985539008456,0,-0.010092546232044697,-0.06745067238807678,0.4856643985353759,0,0.3641934394836426,-0.37278690934181213,0.32366481093487515
train,9532,98,1,10.1848163605,9.9814491272,0,0.12967407703399658,-0.1173492819070816,0.4385562870120908,0,0.005785330198705196,-0.07679422199726105,0.47936683607153513,0,0.17016170918941498,-0.21567803621292114,0.40471919717752214
train,9538,98,0,17.105266571,17.5084838867,0,0.11169285327196121,-0.07743898034095764,0.4528574852090403,0,-0.02560330554842949,-0.046894386410713196,0.49467743084745036,0,-0.026119329035282135,-0.04160843417048454,0.49612780113159305
train,9539,98,1,10.7799129486,10.3066797256,0,-0.004344120621681213,-0.04343137517571449,0.4902294302971493,1,-0.22203321754932404,0.05695851147174835,0.5692990155621527,1,-0.2721291482448578,0.1480458378791809,0.6035251217489768
train,9540,98,0,12.9150686264,13.0408315659,0,0.1494310200214386,-0.047845546156167984,0.4508401887768023,1,-0.04679025337100029,-0.041904233396053314,0.5012215025636406,1,-0.06222770735621452,-0.005780845880508423,0.5141079696101407
train,9564,98,1,8.1649208069,7.5050349236,1,-0.6789820194244385,0.46483999490737915,0.7583806741638116,1,-0.6667514443397522,0.30552661418914795,0.7255733302385535,0,-0.030126279219985008,-0.04238840937614441,0.49693450587146343
train,9582,98,1,12.7864189148,12.4549427032,1,-0.054867442697286606,0.12753446400165558,0.5454744668458229,1,-0.05688616260886192,-0.04535405710339546,0.502882994425782,0,-0.02522832155227661,-0.04510261118412018,0.4950315911291996
train,9591,98,0,9.9651451111,10.681927681,1,-0.5039167404174805,0.3856176733970642,0.7087940825778415,1,-0.4094182550907135,0.1635580211877823,0.6394496513478491,1,-0.11493466794490814,0.03680746257305145,0.5378629089114185
train,9593,98,0,11.6968727112,11.9242248535,0,0.09579920023679733,-0.004741039127111435,0.4748860915890328,0,0.016036175191402435,-0.08443932235240936,0.47490223623709177,1,-0.06375160813331604,-0.0005060210824012756,0.5158061283988375
train,9600,98,1,12.4748268127,12.0766038895,0,0.17434683442115784,-0.15332096815109253,0.4188081906841567,0,0.011754230596125126,-0.07550356537103653,0.47819938160562586,0,-0.02054460719227791,-0.03990045189857483,0.4951611898936519
train,9613,99,0,14.7533817291,14.8360652924,1,-0.1989780068397522,0.05549497529864311,0.563277146301116,1,-0.5847621560096741,0.2676548361778259,0.7010739158295192,0,0.10799461603164673,-0.14548182487487793,0.4369680142976236
train,9625,99,0,9.9412479401,10.1850976944,0,0.10134690254926682,0.011717446148395538,0.47760762454243194,0,0.014148474670946598,-0.07526586949825287,0.47766129499741883,0,0.03051024302840233,-0.08465695381164551,0.4712399819332812
train,9631,99,0,7.3320965767,7.3852562904,0,0.011777274310588837,-0.12074504792690277,0.46691782150055805,0,0.01400600653141737,-0.08011569082736969,0.4764869314129357,0,0.30491024255752563,-0.3224835693836212,0.34810171764684156
train,9634,99,0,14.9473972321,15.5164527893,0,0.048117704689502716,0.030939053744077682,0.4957054428756062,1,-0.08269482105970383,-0.016429901123046875,0.5165601707304495,1,-0.06857749819755554,-0.004973255097866058,0.515895702297914
train,9648,99,1,11.1341457367,10.7685489655,1,-0.3778330683708191,0.22753103077411652,0.6468825665386682,1,-0.5254843831062317,0.2341093271970749,0.6812655173997422,1,-0.38373011350631714,0.2543356418609619,0.6543160911821938
train,9650,99,0,11.0806007385,11.1559562683,1,-0.06074583902955055,0.11992248892784119,0.5450446232965049,0,0.011266163550317287,-0.08369417488574982,0.4762777389357395,1,-0.03614518418908119,-0.032821767032146454,0.5008308535244953
train,9657,99,1,12.0166625977,11.7382936478,1,-0.1679530143737793,0.05234789475798607,0.554853558207015,1,-0.18957887589931488,0.04585430026054382,0.5585879222906666,1,-0.6558288931846619,0.4275684058666229,0.7471363520969189
train,9662,99,1,8.3273305893,8.2764024734,1,-0.023877419531345367,0.01779802143573761,0.5104173525104713,0,0.02820029854774475,-0.09067396819591522,0.47031638024600053,1,-0.5670876502990723,0.3623461425304413,0.7169604002157776
train,9669,99,1,11.5581197739,11.4284963608,1,-0.23120185732841492,0.07651640474796295,0.5763282173058669,1,-0.056372664868831635,-0.03985965996980667,0.5041281574199157,0,0.2143019139766693,-0.256017804145813,0.38454057340918163
train,9674,99,0,13.5846939087,13.7627592087,1,-0.06544426828622818,0.08061031997203827,0.5364488763105917,0,-0.03493165969848633,-0.04968510940670967,0.49631170447355016,1,-0.05026772990822792,-0.02493361383676529,0.5063331902921587
train,9686,99,0,9.6089935303,9.7639255524,1,-0.3706342875957489,0.36802539229393005,0.6767026956306702,1,-0.41671693325042725,0.17293263971805573,0.6432847374224824,1,-0.11527739465236664,0.025489844381809235,0.5351338129842218
train,9702,99,1,6.6061134338,6.4810714722,1,-0.7110656499862671,0.6666536927223206,0.7986244669164128,1,-0.5171716213226318,0.23258788883686066,0.6791262953852346,1,-0.33123594522476196,0.18886172771453857,0.6271706052294741
train,9703,99,0,10.6372928619,10.9358453751,1,-0.002938978374004364,0.1337517648935318,0.5341195771498292,1,-0.06918846070766449,-0.03703387826681137,0.5080379530740045,0,-0.030336571857333183,-0.03585018217563629,0.4986216009123552
train,9735,99,0,12.4397192001,12.4518079758,0,0.07087274640798569,0.0005704276263713837,0.4824316555475555,0,-0.012004946358501911,-0.07326032221317291,0.4846909426509633,0,-0.029790222644805908,-0.031119294464588165,0.49966773209396514
train,9747,99,1,9.8347434998,9.3754081726,0,0.1508347988128662,-0.3279859721660614,0.3825306216295582,0,0.013569650240242481,-0.0875910073518753,0.4747313807504976,0,0.3667464256286621,-0.38813820481300354,0.3197578971333742
train,9766,99,0,14.6847677231,14.7336883545,1,-0.19839513301849365,0.1252288520336151,0.580207190292157,1,-0.12994132936000824,0.0078039467334747314,0.53438197326124,1,-0.24950014054775238,0.1311340034008026,0.5940260416342674
train,9772,99,1,16.2381305695,15.6131916046,1,-0.07318602502346039,-0.05000287666916847,0.505795527519668,1,-0.057560015469789505,-0.04169135168194771,0.5039670826999008,0,0.037870172411203384,-0.09118232131004333,0.46778157942705506
train,9781,99,0,11.981297493,12.1726732254,1,0.04731946438550949,0.06053273007273674,0.5033032683620373,1,-0.06605510413646698,-0.03756445646286011,0.5071221801586904,1,-0.05418308079242706,-0.017114415764808655,0.5092661052458017
train,9783,99,1,20.6998195648,20.2089958191,1,-1.1031967401504517,0.6746723651885986,0.855433544105876,1,-0.7640894055366516,0.3597584366798401,0.754701753932782,1,-0.6330044865608215,0.40484729409217834,0.738435293081401
train,9803,99,1,13.6614322662,13.6374692917,0,0.04644540697336197,-0.04189085587859154,0.4779302837970149,0,-0.031170904636383057,-0.05534466356039047,0.4939568545525199,1,-0.04330291226506233,-0.02584550529718399,0.5043642409049762
train,9821,100,0,15.0065259933,15.3994579315,1,0.006615966558456421,0.033894818276166916,0.5068192900615445,0,-0.008798493072390556,-0.07139025628566742,0.4843571658950819,1,-0.038546882569789886,-0.028588607907295227,0.502489548092191
train,9839,100,0,13.1398906708,13.2364578247,1,-0.02264835685491562,0.055101510137319565,0.5194276809719492,0,-0.0239585991948843,-0.06224248185753822,0.4904301981419832,0,-0.009770430624485016,-0.05019865930080414,0.489894319222244
train,9840,100,1,13.6817703247,13.540353775,1,-0.1287727952003479,0.12822097539901733,0.5638971509621067,1,-0.08130715787410736,-0.02639595791697502,0.5137243516448711,1,-0.04595029354095459,-0.021871421486139297,0.5060194271818306
train,9841,100,1,8.5082817078,8.4480848312,0,0.0770464763045311,-0.06153227016329765,0.46541065036189977,0,-0.04349665343761444,-0.045867227017879486,0.49940735688246946,1,-0.15419788658618927,0.05313479155302048,0.5516482855738934
train,9844,100,1,14.0344104767,13.8634033203,0,0.11687936633825302,-0.07489274442195892,0.4522033655160596,0,-0.02901986613869667,-0.054086312651634216,0.49373371647445513,0,-0.0167362242937088,-0.04482472687959671,0.4929783360007875
train,9851,100,1,11.2775878906,10.6596832275,1,-1.0554819107055664,0.7963334321975708,0.8643401041830201,1,-0.7099706530570984,0.3216615915298462,0.7372322180989166,1,-0.6545515656471252,0.444828063249588,0.750143848690583
train,9852,100,0,10.97742939,11.2041921616,0,0.06396526843309402,-0.051391031593084335,0.4711928628077036,0,0.017377205193042755,-0.08458255976438522,0.4745321181758963,0,0.1223919540643692,-0.15726903080940247,0.4305368920944239
train,9863,100,0,9.2814445496,9.5851049423,0,0.06962495297193527,-0.07757654786109924,0.4632659311960365,0,0.026912089437246323,-0.09776690602302551,0.4688705658949065,0,-0.009654121473431587,-0.06074555590748787,0.4872299191193826
train,9875,100,1,11.7427005768,11.7274665833,1,0.037057340145111084,0.05573276802897453,0.5046687212786362,0,-0.04333369806408882,-0.055073466151952744,0.4970650916859056,1,-0.04974009096622467,-0.01806122064590454,0.5079190553266146
train,9916,100,0,14.6089944839,14.694527626,1,-0.310007780790329,0.16191773116588593,0.6158393978757939,1,-0.24087797105312347,0.07806633412837982,0.579066949708494,1,-0.4084737300872803,0.25226306915283203,0.6594258807534527
train,9923,100,0,12.7758646011,13.3475646973,1,-0.11004779487848282,-0.0726890116930008,0.5093386096800979,1,-0.271867960691452,0.10189582407474518,0.5923681274941455,0,0.20968246459960938,-0.24162650108337402,0.3890495928408881
train,9933,100,1,12.3934717178,12.1857185364,0,0.09034789353609085,-0.1357204020023346,0.44372240321287965,0,0.028764579445123672,-0.0986538827419281,0.46818841246994203,0,0.02636498212814331,-0.08514010906219482,0.47215257437299163
train,9941,100,0,11.6308670044,12.0563793182,0,0.0335991233587265,0.015049483627080917,0.49536272303604406,0,-0.012852326035499573,-0.06796412169933319,0.4862255373503512,1,-0.04796724393963814,-0.020171310752630234,0.5069485359245584
train,9948,100,0,8.2737178802,8.4336738586,1,-0.11905862390995026,0.06988467276096344,0.5470957991480319,0,0.020399324595928192,-0.08738331496715546,0.47308039570354504,0,0.11225661635398865,-0.1565483808517456,0.43320048996672583
train,9950,100,1,11.5931472778,11.2646865845,1,0.030524708330631256,0.08899375796318054,0.5146130995805523,1,-0.11873717606067657,-0.002038203179836273,0.5291416781975219,1,-0.04447672516107559,-0.028864599764347076,0.5039029520745437
train,9954,100,1,15.778468132,15.4996557236,0,-0.006553903222084045,-0.010733958333730698,0.49895498774370073,1,-0.057787422090768814,-0.04155629873275757,0.5040576917568674,1,-0.046638861298561096,-0.01685328036546707,0.5074458447571844
train,9955,100,1,9.5252285004,9.3651256561,1,-0.7267628908157349,0.6947073936462402,0.8055688071549203,1,-0.5378469824790955,0.2395564168691635,0.6851202174155799,1,-0.752055823802948,0.48558762669563293,0.7751535563662588
train,9956,100,1,8.6484680176,8.5320806503,1,-0.1426476091146469,0.14098034799098969,0.5704354406237626,1,-0.09121749550104141,-0.00861881673336029,0.520637937426803,0,0.07439713180065155,-0.1150851920247078,0.45277064302701325
train,9980,100,1,13.8304157257,13.6699647903,1,-0.12812736630439758,0.20146797597408295,0.58166091412847,0,-0.04019942879676819,-0.058316148817539215,0.49547094386968155,0,-0.03367074951529503,-0.03810909017920494,0.4988904166554832
train,9981,100,0,10.0074729919,10.3292808533,1,-0.1771242618560791,0.18696781992912292,0.5900306494892691,1,-0.14982140064239502,0.022394657135009766,0.5429479197665775,1,-0.08020107448101044,-0.0007989853620529175,0.5198400995655419
