[cache] TSP/train: 10000 instances, 45.0 MiB on cuda:0
[cache] CVRP/train: 10000 instances, 83.3 MiB on cuda:0
[cache] ATSP/train: 10000 instances, 384.5 MiB on cuda:0
[cache] OVRP/train: 10000 instances, 33.9 MiB on cuda:0
[cache] VRPB/train: 10000 instances, 33.9 MiB on cuda:0
[cache] VRPL/train: 10000 instances, 33.9 MiB on cuda:0
[cache] VRPTW/train: 10000 instances, 33.9 MiB on cuda:0
[cache] OVRPTW/train: 10000 instances, 33.9 MiB on cuda:0
[cache] OVRPB/train: 10000 instances, 33.9 MiB on cuda:0
[cache] OVRPL/train: 10000 instances, 33.9 MiB on cuda:0
[cache] VRPBL/train: 10000 instances, 33.9 MiB on cuda:0
[cache] VRPBTW/train: 10000 instances, 33.9 MiB on cuda:0
[cache] VRPLTW/train: 10000 instances, 33.9 MiB on cuda:0
[cache] OVRPBL/train: 10000 instances, 33.9 MiB on cuda:0
[cache] OVRPBTW/train: 10000 instances, 33.9 MiB on cuda:0
[cache] OVRPLTW/train: 10000 instances, 33.9 MiB on cuda:0
[cache] VRPBLTW/train: 10000 instances, 33.9 MiB on cuda:0
[cache] OVRPBLTW/train: 10000 instances, 33.9 MiB on cuda:0
[cache] TSP/val: 1000 instances, 4.5 MiB on cuda:0
[cache] CVRP/val: 1000 instances, 8.3 MiB on cuda:0
[cache] ATSP/val: 1000 instances, 38.4 MiB on cuda:0
[cache] OVRP/val: 1000 instances, 3.4 MiB on cuda:0
[cache] VRPB/val: 1000 instances, 3.4 MiB on cuda:0
[cache] VRPL/val: 1000 instances, 3.4 MiB on cuda:0
[cache] VRPTW/val: 1000 instances, 3.4 MiB on cuda:0
[cache] OVRPTW/val: 1000 instances, 3.4 MiB on cuda:0
[cache] OVRPB/val: 1000 instances, 3.4 MiB on cuda:0
[cache] OVRPL/val: 1000 instances, 3.4 MiB on cuda:0
[cache] VRPBL/val: 1000 instances, 3.4 MiB on cuda:0
[cache] VRPBTW/val: 1000 instances, 3.4 MiB on cuda:0
[cache] VRPLTW/val: 1000 instances, 3.4 MiB on cuda:0
[cache] OVRPBL/val: 1000 instances, 3.4 MiB on cuda:0
[cache] OVRPBTW/val: 1000 instances, 3.4 MiB on cuda:0
[cache] OVRPLTW/val: 1000 instances, 3.4 MiB on cuda:0
[cache] VRPBLTW/val: 1000 instances, 3.4 MiB on cuda:0
[cache] OVRPBLTW/val: 1000 instances, 3.4 MiB on cuda:0
[data ready] train=180000 val=18000 geometry_train_nodes=16905384 test_read=False
[runtime witness] {'group': 'A', 'problem': 'TSP', 'batch': 640, 'max_n': 499, 'peak_gib': 18.623563289642334, 'seconds': 0.8028614968061447, 'loss': 0.9546213746070862, 'grad_norm': 0.7754507064819336, 'skipped': 0, 'amp_scale': 65536.0, 'ce': 2.069014072418213, 'pair': 1.761512041091919, 'risk': 2.715764045715332}
[runtime witness] {'group': 'A', 'problem': 'CVRP', 'batch': 640, 'max_n': 500, 'peak_gib': 18.686217308044434, 'seconds': 0.53974639903754, 'loss': 1.277683138847351, 'grad_norm': 1.144407868385315, 'skipped': 0, 'amp_scale': 65536.0, 'ce': 2.315032958984375, 'pair': 2.6422502994537354, 'risk': 10.15982437133789}
[runtime witness] {'group': 'A', 'problem': 'ATSP', 'batch': 640, 'max_n': 100, 'peak_gib': 4.878561019897461, 'seconds': 0.044691712595522404, 'loss': 1.0360358953475952, 'grad_norm': 2.0964362621307373, 'skipped': 0, 'amp_scale': 65536.0, 'ce': 1.5825226306915283, 'pair': 2.8597331047058105, 'risk': 9.808984756469727}
[runtime witness] {'group': 'B', 'problem': 'TSP', 'batch': 640, 'max_n': 499, 'peak_gib': 18.613373279571533, 'seconds': 0.47459133714437485, 'loss': 1.6439404487609863, 'grad_norm': 1.4473775625228882, 'skipped': 0, 'amp_scale': 65536.0, 'ce': 2.0690090656280518, 'performance': 2.6279637813568115}
[runtime witness] {'group': 'B', 'problem': 'CVRP', 'batch': 640, 'max_n': 500, 'peak_gib': 18.671514987945557, 'seconds': 0.45107580069452524, 'loss': 2.0815629959106445, 'grad_norm': 1.6410466432571411, 'skipped': 0, 'amp_scale': 65536.0, 'ce': 2.307166814804077, 'performance': 3.640155792236328}
[runtime witness] {'group': 'B', 'problem': 'ATSP', 'batch': 640, 'max_n': 100, 'peak_gib': 4.870467662811279, 'seconds': 0.04331692773848772, 'loss': 0.6206082105636597, 'grad_norm': 1.17429518699646, 'skipped': 0, 'amp_scale': 65536.0, 'ce': 1.588679552078247, 'performance': 0.1844867318868637}
wandb: Tracking run with wandb version 0.19.11
wandb: W&B syncing is set to `offline` in this directory. Run `wandb online` or set WANDB_MODE=online to enable cloud syncing.
[start] winner_cost_seed2 scratch=True all18=True epochs=60 batch=640 decision=classification model_hash=960a17a359d5da1b9ca71ba4f34099fdfd543f623f1b8e5960abd61fc2ad31c7
[eval epoch 0 classification] macro_top1=0.0664 top2=0.3549 top3=0.4546 vs_sbs=+14.507% vbs_closed=-1487.86%
          classification_top1=0.0664 performance_top1=0.1408 classification_CE=1.93849 performance_MSE=0.95705
       TSP: top1=0.297 mean_cost=7.9953 (sbs=7.9578) vs_sbs=+0.47%
      CVRP: top1=0.018 mean_cost=19.6954 (sbs=18.2943) vs_sbs=+7.66%
      ATSP: top1=0.076 mean_cost=1.7221 (sbs=1.6735) vs_sbs=+2.91%
      OVRP: top1=0.005 mean_cost=9.0993 (sbs=7.4617) vs_sbs=+21.95%
      VRPB: top1=0.066 mean_cost=11.8032 (sbs=9.3403) vs_sbs=+26.37%
      VRPL: top1=0.022 mean_cost=14.3601 (sbs=12.4072) vs_sbs=+15.74%
     VRPTW: top1=0.071 mean_cost=20.5224 (sbs=18.6571) vs_sbs=+10.00%
    OVRPTW: top1=0.066 mean_cost=11.3809 (sbs=10.0484) vs_sbs=+13.26%
     OVRPB: top1=0.015 mean_cost=8.2158 (sbs=6.3220) vs_sbs=+29.96%
     OVRPL: top1=0.007 mean_cost=9.0451 (sbs=7.4376) vs_sbs=+21.61%
     VRPBL: top1=0.065 mean_cost=11.3213 (sbs=9.3593) vs_sbs=+20.96%
    VRPBTW: top1=0.077 mean_cost=21.6196 (sbs=19.6697) vs_sbs=+9.91%
    VRPLTW: top1=0.063 mean_cost=20.2740 (sbs=18.5091) vs_sbs=+9.54%
    OVRPBL: top1=0.019 mean_cost=7.8488 (sbs=6.3103) vs_sbs=+24.38%
   OVRPBTW: top1=0.086 mean_cost=11.8041 (sbs=10.5068) vs_sbs=+12.35%
   OVRPLTW: top1=0.072 mean_cost=11.3596 (sbs=10.1272) vs_sbs=+12.17%
   VRPBLTW: top1=0.092 mean_cost=21.4708 (sbs=19.5198) vs_sbs=+10.00%
  OVRPBLTW: top1=0.079 mean_cost=11.7955 (sbs=10.5412) vs_sbs=+11.90%
ep001 step000050 loss=1.01085 ce=1.73764 pair=1.98646 risk=10.20159 lr=6.67e-05 samples/s=8469 peak_GiB=18.68 time=0.1m
ep001 step000100 loss=0.94682 ce=1.74476 pair=1.81978 risk=7.70874 lr=6.67e-05 samples/s=8111 peak_GiB=18.68 time=0.2m
ep001 step000150 loss=0.91001 ce=1.73063 pair=1.72174 risk=6.60571 lr=6.67e-05 samples/s=7783 peak_GiB=18.68 time=0.3m
ep001 step000200 loss=0.89658 ce=1.73151 pair=1.69201 risk=6.06732 lr=6.67e-05 samples/s=8125 peak_GiB=18.68 time=0.3m
ep001 step000250 loss=0.89010 ce=1.73693 pair=1.67252 risk=5.74620 lr=6.67e-05 samples/s=8067 peak_GiB=18.68 time=0.4m
[eval epoch 1 classification] macro_top1=0.3618 top2=0.6571 top3=0.7561 vs_sbs=+0.355% vbs_closed=-39.06%
          classification_top1=0.3618 performance_top1=0.3135 classification_CE=1.74761 performance_MSE=0.94050
       TSP: top1=0.297 mean_cost=7.9953 (sbs=7.9578) vs_sbs=+0.47%
      CVRP: top1=0.219 mean_cost=18.2943 (sbs=18.2943) vs_sbs=-0.00%
      ATSP: top1=0.480 mean_cost=1.6735 (sbs=1.6735) vs_sbs=+0.00%
      OVRP: top1=0.085 mean_cost=7.5915 (sbs=7.4617) vs_sbs=+1.74%
      VRPB: top1=0.504 mean_cost=9.3403 (sbs=9.3403) vs_sbs=-0.00%
      VRPL: top1=0.117 mean_cost=12.5087 (sbs=12.4072) vs_sbs=+0.82%
     VRPTW: top1=0.236 mean_cost=18.8505 (sbs=18.6571) vs_sbs=+1.04%
    OVRPTW: top1=0.476 mean_cost=10.0484 (sbs=10.0484) vs_sbs=-0.00%
     OVRPB: top1=0.545 mean_cost=6.3220 (sbs=6.3220) vs_sbs=-0.00%
     OVRPL: top1=0.068 mean_cost=7.5832 (sbs=7.4376) vs_sbs=+1.96%
     VRPBL: top1=0.528 mean_cost=9.3593 (sbs=9.3593) vs_sbs=+0.00%
    VRPBTW: top1=0.372 mean_cost=19.6697 (sbs=19.6697) vs_sbs=+0.00%
    VRPLTW: top1=0.257 mean_cost=18.5770 (sbs=18.5091) vs_sbs=+0.37%
    OVRPBL: top1=0.555 mean_cost=6.3103 (sbs=6.3103) vs_sbs=+0.00%
   OVRPBTW: top1=0.461 mean_cost=10.5068 (sbs=10.5068) vs_sbs=+0.00%
   OVRPLTW: top1=0.494 mean_cost=10.1272 (sbs=10.1272) vs_sbs=+0.00%
   VRPBLTW: top1=0.347 mean_cost=19.5198 (sbs=19.5198) vs_sbs=-0.00%
  OVRPBLTW: top1=0.471 mean_cost=10.5412 (sbs=10.5412) vs_sbs=-0.00%
[save] best.pt epoch=1 val_vs_sbs=+0.35509%
[epoch done 1] updates=270 skipped_attempts_total=0 grad=1.3069 elapsed=0.4m
ep002 step000300 loss=0.82346 ce=1.65428 pair=1.48201 risk=4.81307 lr=0.000133 samples/s=8542 peak_GiB=18.68 time=0.5m
ep002 step000350 loss=0.83412 ce=1.68004 pair=1.51678 risk=4.72118 lr=0.000133 samples/s=8548 peak_GiB=18.68 time=0.5m
ep002 step000400 loss=0.79924 ce=1.63369 pair=1.41953 risk=4.27488 lr=0.000133 samples/s=7996 peak_GiB=18.68 time=0.6m
ep002 step000450 loss=0.77252 ce=1.59066 pair=1.35027 risk=4.03818 lr=0.000133 samples/s=8145 peak_GiB=18.68 time=0.7m
ep002 step000500 loss=0.75438 ce=1.56448 pair=1.30273 risk=3.82672 lr=0.000133 samples/s=8231 peak_GiB=18.68 time=0.7m
[eval epoch 2 classification] macro_top1=0.3965 top2=0.7202 top3=0.8470 vs_sbs=-0.018% vbs_closed=-12.58%
          classification_top1=0.3965 performance_top1=0.3537 classification_CE=1.32183 performance_MSE=0.93055
       TSP: top1=0.304 mean_cost=7.9801 (sbs=7.9578) vs_sbs=+0.28%
      CVRP: top1=0.209 mean_cost=18.3211 (sbs=18.2943) vs_sbs=+0.15%
      ATSP: top1=0.512 mean_cost=1.6640 (sbs=1.6735) vs_sbs=-0.57%
      OVRP: top1=0.078 mean_cost=7.6050 (sbs=7.4617) vs_sbs=+1.92%
      VRPB: top1=0.534 mean_cost=9.3408 (sbs=9.3403) vs_sbs=+0.01%
      VRPL: top1=0.279 mean_cost=12.4076 (sbs=12.4072) vs_sbs=+0.00%
     VRPTW: top1=0.270 mean_cost=18.6308 (sbs=18.6571) vs_sbs=-0.14%
    OVRPTW: top1=0.478 mean_cost=10.0536 (sbs=10.0484) vs_sbs=+0.05%
     OVRPB: top1=0.547 mean_cost=6.3224 (sbs=6.3220) vs_sbs=+0.01%
     OVRPL: top1=0.350 mean_cost=7.4395 (sbs=7.4376) vs_sbs=+0.03%
     VRPBL: top1=0.557 mean_cost=9.3523 (sbs=9.3593) vs_sbs=-0.07%
    VRPBTW: top1=0.347 mean_cost=19.6924 (sbs=19.6697) vs_sbs=+0.11%
    VRPLTW: top1=0.313 mean_cost=18.1268 (sbs=18.5091) vs_sbs=-2.07%
    OVRPBL: top1=0.534 mean_cost=6.3107 (sbs=6.3103) vs_sbs=+0.01%
   OVRPBTW: top1=0.482 mean_cost=10.5036 (sbs=10.5068) vs_sbs=-0.03%
   OVRPLTW: top1=0.490 mean_cost=10.1273 (sbs=10.1272) vs_sbs=+0.00%
   VRPBLTW: top1=0.361 mean_cost=19.5276 (sbs=19.5198) vs_sbs=+0.04%
  OVRPBLTW: top1=0.492 mean_cost=10.5365 (sbs=10.5412) vs_sbs=-0.04%
[save] best.pt epoch=2 val_vs_sbs=-0.01790%
[epoch done 2] updates=540 skipped_attempts_total=0 grad=1.0128 elapsed=0.8m
ep003 step000550 loss=0.58708 ce=1.23837 pair=0.90524 risk=3.15637 lr=0.0002 samples/s=8527 peak_GiB=18.68 time=0.8m
ep003 step000600 loss=0.61168 ce=1.31979 pair=0.91606 risk=2.90720 lr=0.0002 samples/s=7957 peak_GiB=18.68 time=0.9m
ep003 step000650 loss=0.61141 ce=1.32139 pair=0.91401 risk=2.87622 lr=0.0002 samples/s=8217 peak_GiB=18.68 time=1.0m
ep003 step000700 loss=0.60686 ce=1.31637 pair=0.90316 risk=2.79074 lr=0.0002 samples/s=8091 peak_GiB=18.68 time=1.0m
ep003 step000750 loss=0.59809 ce=1.30304 pair=0.87781 risk=2.71241 lr=0.0002 samples/s=8196 peak_GiB=18.68 time=1.1m
ep003 step000800 loss=0.59458 ce=1.29756 pair=0.86866 risk=2.67830 lr=0.0002 samples/s=8127 peak_GiB=18.68 time=1.1m
[eval epoch 3 classification] macro_top1=0.4154 top2=0.7564 top3=0.8779 vs_sbs=-0.270% vbs_closed=+2.88%
          classification_top1=0.4154 performance_top1=0.3272 classification_CE=1.29081 performance_MSE=0.91129
       TSP: top1=0.298 mean_cost=7.9900 (sbs=7.9578) vs_sbs=+0.40%
      CVRP: top1=0.310 mean_cost=18.3274 (sbs=18.2943) vs_sbs=+0.18%
      ATSP: top1=0.490 mean_cost=1.6656 (sbs=1.6735) vs_sbs=-0.48%
      OVRP: top1=0.329 mean_cost=7.4663 (sbs=7.4617) vs_sbs=+0.06%
      VRPB: top1=0.506 mean_cost=9.3402 (sbs=9.3403) vs_sbs=-0.00%
      VRPL: top1=0.288 mean_cost=12.4060 (sbs=12.4072) vs_sbs=-0.01%
     VRPTW: top1=0.309 mean_cost=18.4359 (sbs=18.6571) vs_sbs=-1.19%
    OVRPTW: top1=0.485 mean_cost=10.0454 (sbs=10.0484) vs_sbs=-0.03%
     OVRPB: top1=0.545 mean_cost=6.3220 (sbs=6.3220) vs_sbs=-0.00%
     OVRPL: top1=0.331 mean_cost=7.4458 (sbs=7.4376) vs_sbs=+0.11%
     VRPBL: top1=0.531 mean_cost=9.3583 (sbs=9.3593) vs_sbs=-0.01%
    VRPBTW: top1=0.374 mean_cost=19.3496 (sbs=19.6697) vs_sbs=-1.63%
    VRPLTW: top1=0.312 mean_cost=18.1793 (sbs=18.5091) vs_sbs=-1.78%
    OVRPBL: top1=0.555 mean_cost=6.3103 (sbs=6.3103) vs_sbs=+0.00%
   OVRPBTW: top1=0.488 mean_cost=10.5015 (sbs=10.5068) vs_sbs=-0.05%
   OVRPLTW: top1=0.482 mean_cost=10.1271 (sbs=10.1272) vs_sbs=-0.00%
   VRPBLTW: top1=0.357 mean_cost=19.4391 (sbs=19.5198) vs_sbs=-0.41%
  OVRPBLTW: top1=0.488 mean_cost=10.5374 (sbs=10.5412) vs_sbs=-0.04%
[save] best.pt epoch=3 val_vs_sbs=-0.27029%
[epoch done 3] updates=810 skipped_attempts_total=0 grad=0.6715 elapsed=1.2m
ep004 step000850 loss=0.60277 ce=1.31147 pair=0.89979 risk=2.68888 lr=0.0002 samples/s=8542 peak_GiB=18.68 time=1.2m
ep004 step000900 loss=0.57964 ce=1.27638 pair=0.82471 risk=2.52170 lr=0.0002 samples/s=8135 peak_GiB=18.68 time=1.3m
ep004 step000950 loss=0.57835 ce=1.27460 pair=0.82932 risk=2.46550 lr=0.0002 samples/s=8547 peak_GiB=18.68 time=1.4m
ep004 step001000 loss=0.57645 ce=1.27466 pair=0.81788 risk=2.42655 lr=0.0002 samples/s=8350 peak_GiB=18.68 time=1.4m
ep004 step001050 loss=0.57344 ce=1.27143 pair=0.80800 risk=2.38179 lr=0.0002 samples/s=8093 peak_GiB=18.68 time=1.5m
[eval epoch 4 classification] macro_top1=0.4287 top2=0.7729 top3=0.8883 vs_sbs=-0.483% vbs_closed=+10.89%
          classification_top1=0.4287 performance_top1=0.3057 classification_CE=1.22662 performance_MSE=0.90946
       TSP: top1=0.351 mean_cost=7.9346 (sbs=7.9578) vs_sbs=-0.29%
      CVRP: top1=0.306 mean_cost=18.3659 (sbs=18.2943) vs_sbs=+0.39%
      ATSP: top1=0.706 mean_cost=1.6377 (sbs=1.6735) vs_sbs=-2.14%
      OVRP: top1=0.309 mean_cost=7.4655 (sbs=7.4617) vs_sbs=+0.05%
      VRPB: top1=0.504 mean_cost=9.3403 (sbs=9.3403) vs_sbs=-0.00%
      VRPL: top1=0.282 mean_cost=12.4070 (sbs=12.4072) vs_sbs=-0.00%
     VRPTW: top1=0.313 mean_cost=18.2078 (sbs=18.6571) vs_sbs=-2.41%
    OVRPTW: top1=0.476 mean_cost=10.0484 (sbs=10.0484) vs_sbs=-0.00%
     OVRPB: top1=0.545 mean_cost=6.3220 (sbs=6.3220) vs_sbs=-0.00%
     OVRPL: top1=0.352 mean_cost=7.4399 (sbs=7.4376) vs_sbs=+0.03%
     VRPBL: top1=0.528 mean_cost=9.3593 (sbs=9.3593) vs_sbs=+0.00%
    VRPBTW: top1=0.405 mean_cost=19.2477 (sbs=19.6697) vs_sbs=-2.15%
    VRPLTW: top1=0.288 mean_cost=18.4205 (sbs=18.5091) vs_sbs=-0.48%
    OVRPBL: top1=0.555 mean_cost=6.3103 (sbs=6.3103) vs_sbs=+0.00%
   OVRPBTW: top1=0.461 mean_cost=10.5068 (sbs=10.5068) vs_sbs=+0.00%
   OVRPLTW: top1=0.494 mean_cost=10.1272 (sbs=10.1272) vs_sbs=+0.00%
   VRPBLTW: top1=0.370 mean_cost=19.1860 (sbs=19.5198) vs_sbs=-1.71%
  OVRPBLTW: top1=0.471 mean_cost=10.5412 (sbs=10.5412) vs_sbs=-0.00%
[save] best.pt epoch=4 val_vs_sbs=-0.48348%
[epoch done 4] updates=1080 skipped_attempts_total=0 grad=0.5871 elapsed=1.6m
ep005 step001100 loss=0.56932 ce=1.29510 pair=0.74814 risk=2.06089 lr=0.0002 samples/s=6988 peak_GiB=18.68 time=1.6m
[AMP retry] attempt=1 scale=65536->32768
ep005 step001150 loss=0.56007 ce=1.25629 pair=0.76647 risk=2.18630 lr=0.0002 samples/s=7989 peak_GiB=18.68 time=1.7m
ep005 step001200 loss=0.56069 ce=1.25547 pair=0.76819 risk=2.22292 lr=0.0002 samples/s=7930 peak_GiB=18.68 time=1.7m
ep005 step001250 loss=0.56018 ce=1.25361 pair=0.76732 risk=2.23412 lr=0.0002 samples/s=8108 peak_GiB=18.68 time=1.8m
ep005 step001300 loss=0.56297 ce=1.25665 pair=0.77543 risk=2.28003 lr=0.0002 samples/s=8050 peak_GiB=18.68 time=1.9m
ep005 step001350 loss=0.55837 ce=1.24814 pair=0.76360 risk=2.25814 lr=0.0002 samples/s=8141 peak_GiB=18.68 time=1.9m
[eval epoch 5 classification] macro_top1=0.4372 top2=0.7819 top3=0.8966 vs_sbs=-0.602% vbs_closed=+13.31%
          classification_top1=0.4372 performance_top1=0.3190 classification_CE=1.20532 performance_MSE=0.90528
       TSP: top1=0.345 mean_cost=7.9458 (sbs=7.9578) vs_sbs=-0.15%
      CVRP: top1=0.300 mean_cost=18.3639 (sbs=18.2943) vs_sbs=+0.38%
      ATSP: top1=0.670 mean_cost=1.6414 (sbs=1.6735) vs_sbs=-1.92%
      OVRP: top1=0.326 mean_cost=7.4664 (sbs=7.4617) vs_sbs=+0.06%
      VRPB: top1=0.551 mean_cost=9.3335 (sbs=9.3403) vs_sbs=-0.07%
      VRPL: top1=0.279 mean_cost=12.4075 (sbs=12.4072) vs_sbs=+0.00%
     VRPTW: top1=0.296 mean_cost=18.4598 (sbs=18.6571) vs_sbs=-1.06%
    OVRPTW: top1=0.495 mean_cost=10.0432 (sbs=10.0484) vs_sbs=-0.05%
     OVRPB: top1=0.557 mean_cost=6.3210 (sbs=6.3220) vs_sbs=-0.02%
     OVRPL: top1=0.332 mean_cost=7.4457 (sbs=7.4376) vs_sbs=+0.11%
     VRPBL: top1=0.547 mean_cost=9.3547 (sbs=9.3593) vs_sbs=-0.05%
    VRPBTW: top1=0.421 mean_cost=19.2291 (sbs=19.6697) vs_sbs=-2.24%
    VRPLTW: top1=0.356 mean_cost=17.8594 (sbs=18.5091) vs_sbs=-3.51%
    OVRPBL: top1=0.537 mean_cost=6.3087 (sbs=6.3103) vs_sbs=-0.02%
   OVRPBTW: top1=0.477 mean_cost=10.5010 (sbs=10.5068) vs_sbs=-0.06%
   OVRPLTW: top1=0.484 mean_cost=10.1266 (sbs=10.1272) vs_sbs=-0.01%
   VRPBLTW: top1=0.396 mean_cost=19.0992 (sbs=19.5198) vs_sbs=-2.15%
  OVRPBLTW: top1=0.500 mean_cost=10.5319 (sbs=10.5412) vs_sbs=-0.09%
[save] best.pt epoch=5 val_vs_sbs=-0.60224%
[epoch done 5] updates=1350 skipped_attempts_total=1 grad=0.5751 elapsed=2.1m
ep006 step001400 loss=0.54048 ce=1.21960 pair=0.71432 risk=2.10943 lr=0.000199 samples/s=7828 peak_GiB=18.68 time=2.2m
ep006 step001450 loss=0.54818 ce=1.22687 pair=0.74435 risk=2.21717 lr=0.000199 samples/s=8541 peak_GiB=18.68 time=2.3m
ep006 step001500 loss=0.56213 ce=1.25521 pair=0.78096 risk=2.23539 lr=0.000199 samples/s=8294 peak_GiB=18.68 time=2.3m
ep006 step001550 loss=0.55368 ce=1.24235 pair=0.75399 risk=2.17289 lr=0.000199 samples/s=8004 peak_GiB=18.68 time=2.4m
ep006 step001600 loss=0.55257 ce=1.24068 pair=0.75036 risk=2.16476 lr=0.000199 samples/s=8108 peak_GiB=18.68 time=2.5m
[eval epoch 6 classification] macro_top1=0.4364 top2=0.7795 top3=0.8917 vs_sbs=-0.575% vbs_closed=+13.97%
          classification_top1=0.4364 performance_top1=0.2761 classification_CE=1.19804 performance_MSE=0.91437
       TSP: top1=0.351 mean_cost=7.9337 (sbs=7.9578) vs_sbs=-0.30%
      CVRP: top1=0.291 mean_cost=18.3399 (sbs=18.2943) vs_sbs=+0.25%
      ATSP: top1=0.711 mean_cost=1.6376 (sbs=1.6735) vs_sbs=-2.15%
      OVRP: top1=0.332 mean_cost=7.4653 (sbs=7.4617) vs_sbs=+0.05%
      VRPB: top1=0.532 mean_cost=9.3353 (sbs=9.3403) vs_sbs=-0.05%
      VRPL: top1=0.284 mean_cost=12.4074 (sbs=12.4072) vs_sbs=+0.00%
     VRPTW: top1=0.356 mean_cost=18.0541 (sbs=18.6571) vs_sbs=-3.23%
    OVRPTW: top1=0.482 mean_cost=10.0455 (sbs=10.0484) vs_sbs=-0.03%
     OVRPB: top1=0.542 mean_cost=6.3227 (sbs=6.3220) vs_sbs=+0.01%
     OVRPL: top1=0.339 mean_cost=7.4449 (sbs=7.4376) vs_sbs=+0.10%
     VRPBL: top1=0.533 mean_cost=9.3576 (sbs=9.3593) vs_sbs=-0.02%
    VRPBTW: top1=0.408 mean_cost=19.2004 (sbs=19.6697) vs_sbs=-2.39%
    VRPLTW: top1=0.292 mean_cost=18.4504 (sbs=18.5091) vs_sbs=-0.32%
    OVRPBL: top1=0.555 mean_cost=6.3103 (sbs=6.3103) vs_sbs=+0.00%
   OVRPBTW: top1=0.481 mean_cost=10.4998 (sbs=10.5068) vs_sbs=-0.07%
   OVRPLTW: top1=0.497 mean_cost=10.1241 (sbs=10.1272) vs_sbs=-0.03%
   VRPBLTW: top1=0.395 mean_cost=19.0955 (sbs=19.5198) vs_sbs=-2.17%
  OVRPBLTW: top1=0.475 mean_cost=10.5404 (sbs=10.5412) vs_sbs=-0.01%
[epoch done 6] updates=1620 skipped_attempts_total=1 grad=0.5231 elapsed=2.5m
ep007 step001650 loss=0.53375 ce=1.21189 pair=0.68278 risk=2.06578 lr=0.000199 samples/s=8538 peak_GiB=18.68 time=2.5m
ep007 step001700 loss=0.53866 ce=1.21746 pair=0.71092 risk=2.07306 lr=0.000199 samples/s=8083 peak_GiB=18.68 time=2.6m
ep007 step001750 loss=0.53738 ce=1.21652 pair=0.70651 risk=2.04724 lr=0.000199 samples/s=8255 peak_GiB=18.68 time=2.7m
ep007 step001800 loss=0.53715 ce=1.21644 pair=0.70511 risk=2.04450 lr=0.000199 samples/s=8139 peak_GiB=18.68 time=2.7m
ep007 step001850 loss=0.53448 ce=1.21283 pair=0.69610 risk=2.01892 lr=0.000199 samples/s=8072 peak_GiB=18.68 time=2.8m
[eval epoch 7 classification] macro_top1=0.4479 top2=0.7929 top3=0.9022 vs_sbs=-0.830% vbs_closed=+21.13%
          classification_top1=0.4479 performance_top1=0.3065 classification_CE=1.17435 performance_MSE=0.91082
       TSP: top1=0.361 mean_cost=7.9307 (sbs=7.9578) vs_sbs=-0.34%
      CVRP: top1=0.326 mean_cost=18.3027 (sbs=18.2943) vs_sbs=+0.05%
      ATSP: top1=0.687 mean_cost=1.6386 (sbs=1.6735) vs_sbs=-2.09%
      OVRP: top1=0.314 mean_cost=7.4606 (sbs=7.4617) vs_sbs=-0.01%
      VRPB: top1=0.551 mean_cost=9.3337 (sbs=9.3403) vs_sbs=-0.07%
      VRPL: top1=0.295 mean_cost=12.4066 (sbs=12.4072) vs_sbs=-0.00%
     VRPTW: top1=0.365 mean_cost=18.0314 (sbs=18.6571) vs_sbs=-3.35%
    OVRPTW: top1=0.489 mean_cost=10.0450 (sbs=10.0484) vs_sbs=-0.03%
     OVRPB: top1=0.548 mean_cost=6.3190 (sbs=6.3220) vs_sbs=-0.05%
     OVRPL: top1=0.352 mean_cost=7.4355 (sbs=7.4376) vs_sbs=-0.03%
     VRPBL: top1=0.544 mean_cost=9.3546 (sbs=9.3593) vs_sbs=-0.05%
    VRPBTW: top1=0.443 mean_cost=19.1162 (sbs=19.6697) vs_sbs=-2.81%
    VRPLTW: top1=0.387 mean_cost=17.7934 (sbs=18.5091) vs_sbs=-3.87%
    OVRPBL: top1=0.551 mean_cost=6.3107 (sbs=6.3103) vs_sbs=+0.01%
   OVRPBTW: top1=0.488 mean_cost=10.4976 (sbs=10.5068) vs_sbs=-0.09%
   OVRPLTW: top1=0.476 mean_cost=10.1289 (sbs=10.1272) vs_sbs=+0.02%
   VRPBLTW: top1=0.394 mean_cost=19.0950 (sbs=19.5198) vs_sbs=-2.18%
  OVRPBLTW: top1=0.491 mean_cost=10.5376 (sbs=10.5412) vs_sbs=-0.03%
[save] best.pt epoch=7 val_vs_sbs=-0.82978%
[epoch done 7] updates=1890 skipped_attempts_total=1 grad=0.4953 elapsed=2.9m
ep008 step001900 loss=0.52297 ce=1.21032 pair=0.63969 risk=1.76922 lr=0.000198 samples/s=15521 peak_GiB=18.68 time=2.9m
ep008 step001950 loss=0.53937 ce=1.22491 pair=0.70415 risk=2.01185 lr=0.000198 samples/s=7422 peak_GiB=18.68 time=3.0m
ep008 step002000 loss=0.53887 ce=1.21881 pair=0.70813 risk=2.07347 lr=0.000198 samples/s=8205 peak_GiB=18.68 time=3.0m
ep008 step002050 loss=0.53944 ce=1.21896 pair=0.71154 risk=2.08225 lr=0.000198 samples/s=8087 peak_GiB=18.68 time=3.1m
ep008 step002100 loss=0.53629 ce=1.21433 pair=0.70806 risk=2.02328 lr=0.000198 samples/s=8193 peak_GiB=18.68 time=3.2m
ep008 step002150 loss=0.53722 ce=1.21662 pair=0.70869 risk=2.02693 lr=0.000198 samples/s=8258 peak_GiB=18.68 time=3.2m
[eval epoch 8 classification] macro_top1=0.4384 top2=0.7864 top3=0.9008 vs_sbs=-0.842% vbs_closed=+18.80%
          classification_top1=0.4384 performance_top1=0.2749 classification_CE=1.19794 performance_MSE=0.91508
       TSP: top1=0.305 mean_cost=7.9222 (sbs=7.9578) vs_sbs=-0.45%
      CVRP: top1=0.325 mean_cost=18.3440 (sbs=18.2943) vs_sbs=+0.27%
      ATSP: top1=0.703 mean_cost=1.6385 (sbs=1.6735) vs_sbs=-2.09%
      OVRP: top1=0.324 mean_cost=7.4619 (sbs=7.4617) vs_sbs=+0.00%
      VRPB: top1=0.503 mean_cost=9.3401 (sbs=9.3403) vs_sbs=-0.00%
      VRPL: top1=0.287 mean_cost=12.4060 (sbs=12.4072) vs_sbs=-0.01%
     VRPTW: top1=0.340 mean_cost=18.0167 (sbs=18.6571) vs_sbs=-3.43%
    OVRPTW: top1=0.477 mean_cost=10.0476 (sbs=10.0484) vs_sbs=-0.01%
     OVRPB: top1=0.545 mean_cost=6.3220 (sbs=6.3220) vs_sbs=-0.00%
     OVRPL: top1=0.356 mean_cost=7.4435 (sbs=7.4376) vs_sbs=+0.08%
     VRPBL: top1=0.531 mean_cost=9.3590 (sbs=9.3593) vs_sbs=-0.00%
    VRPBTW: top1=0.409 mean_cost=19.1543 (sbs=19.6697) vs_sbs=-2.62%
    VRPLTW: top1=0.389 mean_cost=17.7410 (sbs=18.5091) vs_sbs=-4.15%
    OVRPBL: top1=0.555 mean_cost=6.3103 (sbs=6.3103) vs_sbs=+0.00%
   OVRPBTW: top1=0.463 mean_cost=10.5064 (sbs=10.5068) vs_sbs=-0.00%
   OVRPLTW: top1=0.496 mean_cost=10.1273 (sbs=10.1272) vs_sbs=+0.00%
   VRPBLTW: top1=0.413 mean_cost=18.9874 (sbs=19.5198) vs_sbs=-2.73%
  OVRPBLTW: top1=0.471 mean_cost=10.5408 (sbs=10.5412) vs_sbs=-0.00%
[save] best.pt epoch=8 val_vs_sbs=-0.84153%
[epoch done 8] updates=2160 skipped_attempts_total=1 grad=0.5160 elapsed=3.3m
ep009 step002200 loss=0.55366 ce=1.23766 pair=0.76871 risk=2.18028 lr=0.000196 samples/s=8545 peak_GiB=18.68 time=3.3m
ep009 step002250 loss=0.53718 ce=1.21737 pair=0.70464 risk=2.03167 lr=0.000196 samples/s=8138 peak_GiB=18.68 time=3.4m
ep009 step002300 loss=0.54921 ce=1.23984 pair=0.74529 risk=2.03682 lr=0.000196 samples/s=8029 peak_GiB=18.68 time=3.4m
ep009 step002350 loss=0.54269 ce=1.22865 pair=0.72444 risk=2.01096 lr=0.000196 samples/s=7981 peak_GiB=18.68 time=3.5m
ep009 step002400 loss=0.54024 ce=1.22413 pair=0.71814 risk=1.99870 lr=0.000196 samples/s=7951 peak_GiB=18.68 time=3.6m
[eval epoch 9 classification] macro_top1=0.4408 top2=0.7839 top3=0.8986 vs_sbs=-0.800% vbs_closed=+20.63%
          classification_top1=0.4408 performance_top1=0.2873 classification_CE=1.19236 performance_MSE=0.91208
       TSP: top1=0.332 mean_cost=7.9310 (sbs=7.9578) vs_sbs=-0.34%
      CVRP: top1=0.313 mean_cost=18.3005 (sbs=18.2943) vs_sbs=+0.03%
      ATSP: top1=0.673 mean_cost=1.6395 (sbs=1.6735) vs_sbs=-2.03%
      OVRP: top1=0.327 mean_cost=7.4587 (sbs=7.4617) vs_sbs=-0.04%
      VRPB: top1=0.553 mean_cost=9.3335 (sbs=9.3403) vs_sbs=-0.07%
      VRPL: top1=0.287 mean_cost=12.4062 (sbs=12.4072) vs_sbs=-0.01%
     VRPTW: top1=0.357 mean_cost=18.0558 (sbs=18.6571) vs_sbs=-3.22%
    OVRPTW: top1=0.503 mean_cost=10.0433 (sbs=10.0484) vs_sbs=-0.05%
     OVRPB: top1=0.550 mean_cost=6.3219 (sbs=6.3220) vs_sbs=-0.00%
     OVRPL: top1=0.360 mean_cost=7.4372 (sbs=7.4376) vs_sbs=-0.00%
     VRPBL: top1=0.544 mean_cost=9.3547 (sbs=9.3593) vs_sbs=-0.05%
    VRPBTW: top1=0.398 mean_cost=19.2045 (sbs=19.6697) vs_sbs=-2.37%
    VRPLTW: top1=0.352 mean_cost=17.8153 (sbs=18.5091) vs_sbs=-3.75%
    OVRPBL: top1=0.529 mean_cost=6.3076 (sbs=6.3103) vs_sbs=-0.04%
   OVRPBTW: top1=0.484 mean_cost=10.5014 (sbs=10.5068) vs_sbs=-0.05%
   OVRPLTW: top1=0.487 mean_cost=10.1274 (sbs=10.1272) vs_sbs=+0.00%
   VRPBLTW: top1=0.391 mean_cost=19.0533 (sbs=19.5198) vs_sbs=-2.39%
  OVRPBLTW: top1=0.494 mean_cost=10.5383 (sbs=10.5412) vs_sbs=-0.03%
[epoch done 9] updates=2430 skipped_attempts_total=1 grad=0.5971 elapsed=3.6m
ep010 step002450 loss=0.50805 ce=1.16109 pair=0.63591 risk=1.90412 lr=0.000194 samples/s=8539 peak_GiB=18.68 time=3.7m
ep010 step002500 loss=0.52818 ce=1.20532 pair=0.67705 risk=1.93042 lr=0.000194 samples/s=8028 peak_GiB=18.68 time=3.7m
ep010 step002550 loss=0.52670 ce=1.20303 pair=0.67145 risk=1.92476 lr=0.000194 samples/s=8241 peak_GiB=18.68 time=3.8m
ep010 step002600 loss=0.52587 ce=1.20318 pair=0.66808 risk=1.89751 lr=0.000194 samples/s=7923 peak_GiB=18.68 time=3.9m
ep010 step002650 loss=0.51970 ce=1.18982 pair=0.65635 risk=1.88123 lr=0.000194 samples/s=8216 peak_GiB=18.68 time=3.9m
ep010 step002700 loss=0.52354 ce=1.19766 pair=0.66691 risk=1.88357 lr=0.000194 samples/s=8143 peak_GiB=18.68 time=4.0m
[eval epoch 10 classification] macro_top1=0.4513 top2=0.7941 top3=0.9083 vs_sbs=-0.900% vbs_closed=+22.80%
          classification_top1=0.4513 performance_top1=0.2607 classification_CE=1.16846 performance_MSE=0.91654
       TSP: top1=0.351 mean_cost=7.9201 (sbs=7.9578) vs_sbs=-0.47%
      CVRP: top1=0.344 mean_cost=18.3156 (sbs=18.2943) vs_sbs=+0.12%
      ATSP: top1=0.657 mean_cost=1.6405 (sbs=1.6735) vs_sbs=-1.98%
      OVRP: top1=0.326 mean_cost=7.4598 (sbs=7.4617) vs_sbs=-0.02%
      VRPB: top1=0.548 mean_cost=9.3339 (sbs=9.3403) vs_sbs=-0.07%
      VRPL: top1=0.287 mean_cost=12.4066 (sbs=12.4072) vs_sbs=-0.01%
     VRPTW: top1=0.375 mean_cost=17.9749 (sbs=18.6571) vs_sbs=-3.66%
    OVRPTW: top1=0.510 mean_cost=10.0404 (sbs=10.0484) vs_sbs=-0.08%
     OVRPB: top1=0.573 mean_cost=6.3175 (sbs=6.3220) vs_sbs=-0.07%
     OVRPL: top1=0.347 mean_cost=7.4407 (sbs=7.4376) vs_sbs=+0.04%
     VRPBL: top1=0.546 mean_cost=9.3541 (sbs=9.3593) vs_sbs=-0.06%
    VRPBTW: top1=0.436 mean_cost=19.0932 (sbs=19.6697) vs_sbs=-2.93%
    VRPLTW: top1=0.398 mean_cost=17.7310 (sbs=18.5091) vs_sbs=-4.20%
    OVRPBL: top1=0.537 mean_cost=6.3089 (sbs=6.3103) vs_sbs=-0.02%
   OVRPBTW: top1=0.485 mean_cost=10.5020 (sbs=10.5068) vs_sbs=-0.05%
   OVRPLTW: top1=0.484 mean_cost=10.1284 (sbs=10.1272) vs_sbs=+0.01%
   VRPBLTW: top1=0.412 mean_cost=18.9962 (sbs=19.5198) vs_sbs=-2.68%
  OVRPBLTW: top1=0.507 mean_cost=10.5329 (sbs=10.5412) vs_sbs=-0.08%
[save] best.pt epoch=10 val_vs_sbs=-0.90011%
[epoch done 10] updates=2700 skipped_attempts_total=1 grad=0.5178 elapsed=4.2m
ep011 step002750 loss=0.51918 ce=1.18968 pair=0.64789 risk=1.90010 lr=0.000192 samples/s=8541 peak_GiB=18.68 time=4.3m
ep011 step002800 loss=0.51332 ce=1.18063 pair=0.63661 risk=1.82210 lr=0.000192 samples/s=8174 peak_GiB=18.68 time=4.3m
ep011 step002850 loss=0.51683 ce=1.18273 pair=0.65378 risk=1.87492 lr=0.000192 samples/s=8295 peak_GiB=18.68 time=4.4m
ep011 step002900 loss=0.52034 ce=1.19210 pair=0.65570 risk=1.87654 lr=0.000192 samples/s=8004 peak_GiB=18.68 time=4.5m
ep011 step002950 loss=0.51869 ce=1.18938 pair=0.65056 risk=1.86767 lr=0.000192 samples/s=8107 peak_GiB=18.68 time=4.5m
[eval epoch 11 classification] macro_top1=0.4574 top2=0.7966 top3=0.9094 vs_sbs=-0.919% vbs_closed=+23.99%
          classification_top1=0.4574 performance_top1=0.2758 classification_CE=1.15757 performance_MSE=0.90921
       TSP: top1=0.363 mean_cost=7.9180 (sbs=7.9578) vs_sbs=-0.50%
      CVRP: top1=0.343 mean_cost=18.2821 (sbs=18.2943) vs_sbs=-0.07%
      ATSP: top1=0.740 mean_cost=1.6395 (sbs=1.6735) vs_sbs=-2.04%
      OVRP: top1=0.326 mean_cost=7.4613 (sbs=7.4617) vs_sbs=-0.00%
      VRPB: top1=0.548 mean_cost=9.3339 (sbs=9.3403) vs_sbs=-0.07%
      VRPL: top1=0.297 mean_cost=12.4067 (sbs=12.4072) vs_sbs=-0.00%
     VRPTW: top1=0.392 mean_cost=17.9679 (sbs=18.6571) vs_sbs=-3.69%
    OVRPTW: top1=0.498 mean_cost=10.0439 (sbs=10.0484) vs_sbs=-0.05%
     OVRPB: top1=0.545 mean_cost=6.3199 (sbs=6.3220) vs_sbs=-0.03%
     OVRPL: top1=0.363 mean_cost=7.4406 (sbs=7.4376) vs_sbs=+0.04%
     VRPBL: top1=0.547 mean_cost=9.3537 (sbs=9.3593) vs_sbs=-0.06%
    VRPBTW: top1=0.433 mean_cost=19.0774 (sbs=19.6697) vs_sbs=-3.01%
    VRPLTW: top1=0.369 mean_cost=17.7487 (sbs=18.5091) vs_sbs=-4.11%
    OVRPBL: top1=0.552 mean_cost=6.3077 (sbs=6.3103) vs_sbs=-0.04%
   OVRPBTW: top1=0.493 mean_cost=10.5011 (sbs=10.5068) vs_sbs=-0.05%
   OVRPLTW: top1=0.494 mean_cost=10.1270 (sbs=10.1272) vs_sbs=-0.00%
   VRPBLTW: top1=0.418 mean_cost=18.9844 (sbs=19.5198) vs_sbs=-2.74%
  OVRPBLTW: top1=0.512 mean_cost=10.5302 (sbs=10.5412) vs_sbs=-0.10%
[save] best.pt epoch=11 val_vs_sbs=-0.91855%
[epoch done 11] updates=2970 skipped_attempts_total=1 grad=0.5002 elapsed=4.6m
ep012 step003000 loss=0.52515 ce=1.20299 pair=0.68070 risk=1.80173 lr=0.00019 samples/s=7422 peak_GiB=18.68 time=4.6m
ep012 step003050 loss=0.51190 ce=1.17802 pair=0.64059 risk=1.77678 lr=0.00019 samples/s=8095 peak_GiB=18.68 time=4.7m
ep012 step003100 loss=0.51372 ce=1.18305 pair=0.64336 risk=1.76576 lr=0.00019 samples/s=8268 peak_GiB=18.68 time=4.7m
ep012 step003150 loss=0.51210 ce=1.17951 pair=0.63800 risk=1.77348 lr=0.00019 samples/s=8146 peak_GiB=18.68 time=4.8m
ep012 step003200 loss=0.51306 ce=1.18238 pair=0.63813 risk=1.77065 lr=0.00019 samples/s=8077 peak_GiB=18.68 time=4.9m
[eval epoch 12 classification] macro_top1=0.4562 top2=0.7987 top3=0.9114 vs_sbs=-0.947% vbs_closed=+24.81%
          classification_top1=0.4562 performance_top1=0.2468 classification_CE=1.14772 performance_MSE=0.91630
       TSP: top1=0.364 mean_cost=7.9156 (sbs=7.9578) vs_sbs=-0.53%
      CVRP: top1=0.354 mean_cost=18.2746 (sbs=18.2943) vs_sbs=-0.11%
      ATSP: top1=0.715 mean_cost=1.6379 (sbs=1.6735) vs_sbs=-2.13%
      OVRP: top1=0.316 mean_cost=7.4601 (sbs=7.4617) vs_sbs=-0.02%
      VRPB: top1=0.551 mean_cost=9.3337 (sbs=9.3403) vs_sbs=-0.07%
      VRPL: top1=0.293 mean_cost=12.4044 (sbs=12.4072) vs_sbs=-0.02%
     VRPTW: top1=0.403 mean_cost=17.9342 (sbs=18.6571) vs_sbs=-3.87%
    OVRPTW: top1=0.484 mean_cost=10.0487 (sbs=10.0484) vs_sbs=+0.00%
     OVRPB: top1=0.573 mean_cost=6.3169 (sbs=6.3220) vs_sbs=-0.08%
     OVRPL: top1=0.350 mean_cost=7.4354 (sbs=7.4376) vs_sbs=-0.03%
     VRPBL: top1=0.543 mean_cost=9.3560 (sbs=9.3593) vs_sbs=-0.03%
    VRPBTW: top1=0.436 mean_cost=19.0902 (sbs=19.6697) vs_sbs=-2.95%
    VRPLTW: top1=0.413 mean_cost=17.7028 (sbs=18.5091) vs_sbs=-4.36%
    OVRPBL: top1=0.538 mean_cost=6.3081 (sbs=6.3103) vs_sbs=-0.03%
   OVRPBTW: top1=0.496 mean_cost=10.4980 (sbs=10.5068) vs_sbs=-0.08%
   OVRPLTW: top1=0.483 mean_cost=10.1350 (sbs=10.1272) vs_sbs=+0.08%
   VRPBLTW: top1=0.415 mean_cost=18.9760 (sbs=19.5198) vs_sbs=-2.79%
  OVRPBLTW: top1=0.484 mean_cost=10.5391 (sbs=10.5412) vs_sbs=-0.02%
[save] best.pt epoch=12 val_vs_sbs=-0.94713%
[epoch done 12] updates=3240 skipped_attempts_total=1 grad=0.5303 elapsed=5.0m
ep013 step003250 loss=0.55378 ce=1.27979 pair=0.69182 risk=1.83370 lr=0.000188 samples/s=5875 peak_GiB=18.68 time=5.0m
ep013 step003300 loss=0.50875 ce=1.18107 pair=0.61392 risk=1.69933 lr=0.000188 samples/s=7947 peak_GiB=18.68 time=5.0m
ep013 step003350 loss=0.51325 ce=1.18142 pair=0.63449 risk=1.81545 lr=0.000188 samples/s=7897 peak_GiB=18.68 time=5.1m
ep013 step003400 loss=0.51167 ce=1.17775 pair=0.63422 risk=1.80183 lr=0.000188 samples/s=8311 peak_GiB=18.68 time=5.2m
ep013 step003450 loss=0.51049 ce=1.17615 pair=0.62915 risk=1.79617 lr=0.000188 samples/s=8196 peak_GiB=18.68 time=5.2m
ep013 step003500 loss=0.50967 ce=1.17508 pair=0.62746 risk=1.78238 lr=0.000188 samples/s=7994 peak_GiB=18.68 time=5.3m
[eval epoch 13 classification] macro_top1=0.4539 top2=0.7976 top3=0.9077 vs_sbs=-0.923% vbs_closed=+22.78%
          classification_top1=0.4539 performance_top1=0.2761 classification_CE=1.14911 performance_MSE=0.91130
       TSP: top1=0.325 mean_cost=7.9190 (sbs=7.9578) vs_sbs=-0.49%
      CVRP: top1=0.347 mean_cost=18.3070 (sbs=18.2943) vs_sbs=+0.07%
      ATSP: top1=0.743 mean_cost=1.6366 (sbs=1.6735) vs_sbs=-2.21%
      OVRP: top1=0.325 mean_cost=7.4596 (sbs=7.4617) vs_sbs=-0.03%
      VRPB: top1=0.549 mean_cost=9.3340 (sbs=9.3403) vs_sbs=-0.07%
      VRPL: top1=0.291 mean_cost=12.4068 (sbs=12.4072) vs_sbs=-0.00%
     VRPTW: top1=0.396 mean_cost=17.9491 (sbs=18.6571) vs_sbs=-3.79%
    OVRPTW: top1=0.491 mean_cost=10.0488 (sbs=10.0484) vs_sbs=+0.00%
     OVRPB: top1=0.555 mean_cost=6.3214 (sbs=6.3220) vs_sbs=-0.01%
     OVRPL: top1=0.341 mean_cost=7.4392 (sbs=7.4376) vs_sbs=+0.02%
     VRPBL: top1=0.545 mean_cost=9.3557 (sbs=9.3593) vs_sbs=-0.04%
    VRPBTW: top1=0.412 mean_cost=19.1367 (sbs=19.6697) vs_sbs=-2.71%
    VRPLTW: top1=0.425 mean_cost=17.6884 (sbs=18.5091) vs_sbs=-4.43%
    OVRPBL: top1=0.528 mean_cost=6.3079 (sbs=6.3103) vs_sbs=-0.04%
   OVRPBTW: top1=0.500 mean_cost=10.4982 (sbs=10.5068) vs_sbs=-0.08%
   OVRPLTW: top1=0.485 mean_cost=10.1340 (sbs=10.1272) vs_sbs=+0.07%
   VRPBLTW: top1=0.424 mean_cost=18.9656 (sbs=19.5198) vs_sbs=-2.84%
  OVRPBLTW: top1=0.488 mean_cost=10.5371 (sbs=10.5412) vs_sbs=-0.04%
[epoch done 13] updates=3510 skipped_attempts_total=1 grad=0.4716 elapsed=5.3m
ep014 step003550 loss=0.51711 ce=1.19327 pair=0.63751 risk=1.78578 lr=0.000185 samples/s=7683 peak_GiB=18.68 time=5.4m
ep014 step003600 loss=0.50572 ce=1.16919 pair=0.61550 risk=1.74745 lr=0.000185 samples/s=8145 peak_GiB=18.68 time=5.4m
ep014 step003650 loss=0.50498 ce=1.17023 pair=0.61005 risk=1.71939 lr=0.000185 samples/s=8039 peak_GiB=18.68 time=5.5m
ep014 step003700 loss=0.50025 ce=1.15895 pair=0.60400 risk=1.71069 lr=0.000185 samples/s=8170 peak_GiB=18.68 time=5.6m
ep014 step003750 loss=0.50642 ce=1.17159 pair=0.61792 risk=1.72868 lr=0.000185 samples/s=8100 peak_GiB=18.68 time=5.6m
[eval epoch 14 classification] macro_top1=0.4588 top2=0.8005 top3=0.9133 vs_sbs=-0.879% vbs_closed=+22.91%
          classification_top1=0.4588 performance_top1=0.3105 classification_CE=1.14736 performance_MSE=0.90920
       TSP: top1=0.376 mean_cost=7.9194 (sbs=7.9578) vs_sbs=-0.48%
      CVRP: top1=0.360 mean_cost=18.2694 (sbs=18.2943) vs_sbs=-0.14%
      ATSP: top1=0.745 mean_cost=1.6411 (sbs=1.6735) vs_sbs=-1.94%
      OVRP: top1=0.314 mean_cost=7.4613 (sbs=7.4617) vs_sbs=-0.01%
      VRPB: top1=0.552 mean_cost=9.3337 (sbs=9.3403) vs_sbs=-0.07%
      VRPL: top1=0.296 mean_cost=12.4067 (sbs=12.4072) vs_sbs=-0.00%
     VRPTW: top1=0.395 mean_cost=17.9742 (sbs=18.6571) vs_sbs=-3.66%
    OVRPTW: top1=0.494 mean_cost=10.0475 (sbs=10.0484) vs_sbs=-0.01%
     OVRPB: top1=0.555 mean_cost=6.3215 (sbs=6.3220) vs_sbs=-0.01%
     OVRPL: top1=0.338 mean_cost=7.4368 (sbs=7.4376) vs_sbs=-0.01%
     VRPBL: top1=0.544 mean_cost=9.3547 (sbs=9.3593) vs_sbs=-0.05%
    VRPBTW: top1=0.418 mean_cost=19.1011 (sbs=19.6697) vs_sbs=-2.89%
    VRPLTW: top1=0.434 mean_cost=17.8369 (sbs=18.5091) vs_sbs=-3.63%
    OVRPBL: top1=0.533 mean_cost=6.3081 (sbs=6.3103) vs_sbs=-0.03%
   OVRPBTW: top1=0.508 mean_cost=10.4979 (sbs=10.5068) vs_sbs=-0.08%
   OVRPLTW: top1=0.479 mean_cost=10.1364 (sbs=10.1272) vs_sbs=+0.09%
   VRPBLTW: top1=0.417 mean_cost=18.9716 (sbs=19.5198) vs_sbs=-2.81%
  OVRPBLTW: top1=0.501 mean_cost=10.5317 (sbs=10.5412) vs_sbs=-0.09%
[epoch done 14] updates=3780 skipped_attempts_total=1 grad=0.4904 elapsed=5.7m
ep015 step003800 loss=0.48656 ce=1.12346 pair=0.58515 risk=1.74155 lr=0.000182 samples/s=8546 peak_GiB=18.68 time=5.7m
ep015 step003850 loss=0.49917 ce=1.15949 pair=0.59671 risk=1.68370 lr=0.000182 samples/s=8022 peak_GiB=18.68 time=5.8m
ep015 step003900 loss=0.49447 ce=1.14789 pair=0.59151 risk=1.67816 lr=0.000182 samples/s=8542 peak_GiB=18.68 time=5.9m
ep015 step003950 loss=0.50060 ce=1.16094 pair=0.60295 risk=1.69878 lr=0.000182 samples/s=8115 peak_GiB=18.68 time=5.9m
ep015 step004000 loss=0.50408 ce=1.16661 pair=0.61427 risk=1.71708 lr=0.000182 samples/s=8212 peak_GiB=18.68 time=6.0m
ep015 step004050 loss=0.50509 ce=1.16791 pair=0.61661 risk=1.73296 lr=0.000182 samples/s=8142 peak_GiB=18.68 time=6.1m
[eval epoch 15 classification] macro_top1=0.4648 top2=0.8023 top3=0.9137 vs_sbs=-0.957% vbs_closed=+23.83%
          classification_top1=0.4648 performance_top1=0.2729 classification_CE=1.13731 performance_MSE=0.91155
       TSP: top1=0.382 mean_cost=7.9200 (sbs=7.9578) vs_sbs=-0.47%
      CVRP: top1=0.335 mean_cost=18.3361 (sbs=18.2943) vs_sbs=+0.23%
      ATSP: top1=0.768 mean_cost=1.6354 (sbs=1.6735) vs_sbs=-2.28%
      OVRP: top1=0.325 mean_cost=7.4599 (sbs=7.4617) vs_sbs=-0.02%
      VRPB: top1=0.547 mean_cost=9.3349 (sbs=9.3403) vs_sbs=-0.06%
      VRPL: top1=0.304 mean_cost=12.4053 (sbs=12.4072) vs_sbs=-0.02%
     VRPTW: top1=0.411 mean_cost=17.9361 (sbs=18.6571) vs_sbs=-3.86%
    OVRPTW: top1=0.503 mean_cost=10.0435 (sbs=10.0484) vs_sbs=-0.05%
     OVRPB: top1=0.567 mean_cost=6.3189 (sbs=6.3220) vs_sbs=-0.05%
     OVRPL: top1=0.352 mean_cost=7.4377 (sbs=7.4376) vs_sbs=+0.00%
     VRPBL: top1=0.553 mean_cost=9.3525 (sbs=9.3593) vs_sbs=-0.07%
    VRPBTW: top1=0.444 mean_cost=19.0594 (sbs=19.6697) vs_sbs=-3.10%
    VRPLTW: top1=0.420 mean_cost=17.6805 (sbs=18.5091) vs_sbs=-4.48%
    OVRPBL: top1=0.545 mean_cost=6.3078 (sbs=6.3103) vs_sbs=-0.04%
   OVRPBTW: top1=0.498 mean_cost=10.4987 (sbs=10.5068) vs_sbs=-0.08%
   OVRPLTW: top1=0.493 mean_cost=10.1288 (sbs=10.1272) vs_sbs=+0.02%
   VRPBLTW: top1=0.429 mean_cost=18.9625 (sbs=19.5198) vs_sbs=-2.85%
  OVRPBLTW: top1=0.490 mean_cost=10.5379 (sbs=10.5412) vs_sbs=-0.03%
[save] best.pt epoch=15 val_vs_sbs=-0.95652%
[epoch done 15] updates=4050 skipped_attempts_total=1 grad=0.4897 elapsed=6.2m
ep016 step004100 loss=0.49851 ce=1.16248 pair=0.58788 risk=1.64253 lr=0.000178 samples/s=7837 peak_GiB=18.68 time=6.3m
ep016 step004150 loss=0.49735 ce=1.15596 pair=0.59459 risk=1.66522 lr=0.000178 samples/s=8181 peak_GiB=18.68 time=6.4m
ep016 step004200 loss=0.49528 ce=1.15350 pair=0.58869 risk=1.63446 lr=0.000178 samples/s=8068 peak_GiB=18.68 time=6.5m
ep016 step004250 loss=0.49785 ce=1.15767 pair=0.59370 risk=1.66479 lr=0.000178 samples/s=8185 peak_GiB=18.68 time=6.5m
ep016 step004300 loss=0.49778 ce=1.15615 pair=0.59801 risk=1.66634 lr=0.000178 samples/s=8113 peak_GiB=18.68 time=6.6m
[eval epoch 16 classification] macro_top1=0.4544 top2=0.8006 top3=0.9113 vs_sbs=-0.912% vbs_closed=+22.71%
          classification_top1=0.4544 performance_top1=0.2856 classification_CE=1.15114 performance_MSE=0.91226
       TSP: top1=0.374 mean_cost=7.9167 (sbs=7.9578) vs_sbs=-0.52%
      CVRP: top1=0.381 mean_cost=18.2649 (sbs=18.2943) vs_sbs=-0.16%
      ATSP: top1=0.692 mean_cost=1.6473 (sbs=1.6735) vs_sbs=-1.57%
      OVRP: top1=0.315 mean_cost=7.4626 (sbs=7.4617) vs_sbs=+0.01%
      VRPB: top1=0.533 mean_cost=9.3359 (sbs=9.3403) vs_sbs=-0.05%
      VRPL: top1=0.307 mean_cost=12.4049 (sbs=12.4072) vs_sbs=-0.02%
     VRPTW: top1=0.385 mean_cost=17.9558 (sbs=18.6571) vs_sbs=-3.76%
    OVRPTW: top1=0.487 mean_cost=10.0477 (sbs=10.0484) vs_sbs=-0.01%
     OVRPB: top1=0.550 mean_cost=6.3200 (sbs=6.3220) vs_sbs=-0.03%
     OVRPL: top1=0.343 mean_cost=7.4382 (sbs=7.4376) vs_sbs=+0.01%
     VRPBL: top1=0.525 mean_cost=9.3602 (sbs=9.3593) vs_sbs=+0.01%
    VRPBTW: top1=0.444 mean_cost=19.0689 (sbs=19.6697) vs_sbs=-3.05%
    VRPLTW: top1=0.414 mean_cost=17.7029 (sbs=18.5091) vs_sbs=-4.36%
    OVRPBL: top1=0.529 mean_cost=6.3134 (sbs=6.3103) vs_sbs=+0.05%
   OVRPBTW: top1=0.497 mean_cost=10.5004 (sbs=10.5068) vs_sbs=-0.06%
   OVRPLTW: top1=0.497 mean_cost=10.1293 (sbs=10.1272) vs_sbs=+0.02%
   VRPBLTW: top1=0.418 mean_cost=18.9596 (sbs=19.5198) vs_sbs=-2.87%
  OVRPBLTW: top1=0.489 mean_cost=10.5343 (sbs=10.5412) vs_sbs=-0.06%
[epoch done 16] updates=4320 skipped_attempts_total=1 grad=0.4681 elapsed=6.6m
ep017 step004350 loss=0.50384 ce=1.17336 pair=0.60225 risk=1.64684 lr=0.000175 samples/s=7425 peak_GiB=18.68 time=6.7m
ep017 step004400 loss=0.49275 ce=1.14782 pair=0.58472 risk=1.62707 lr=0.000175 samples/s=8095 peak_GiB=18.68 time=6.7m
ep017 step004450 loss=0.49491 ce=1.14987 pair=0.59221 risk=1.66169 lr=0.000175 samples/s=8262 peak_GiB=18.68 time=6.8m
ep017 step004500 loss=0.49564 ce=1.15285 pair=0.59118 risk=1.65117 lr=0.000175 samples/s=8140 peak_GiB=18.68 time=6.9m
ep017 step004550 loss=0.49542 ce=1.15169 pair=0.59032 risk=1.66455 lr=0.000175 samples/s=8076 peak_GiB=18.68 time=6.9m
[eval epoch 17 classification] macro_top1=0.4598 top2=0.7964 top3=0.9093 vs_sbs=-0.868% vbs_closed=+22.76%
          classification_top1=0.4598 performance_top1=0.2679 classification_CE=1.15497 performance_MSE=0.91072
       TSP: top1=0.374 mean_cost=7.9181 (sbs=7.9578) vs_sbs=-0.50%
      CVRP: top1=0.380 mean_cost=18.2762 (sbs=18.2943) vs_sbs=-0.10%
      ATSP: top1=0.773 mean_cost=1.6357 (sbs=1.6735) vs_sbs=-2.26%
      OVRP: top1=0.326 mean_cost=7.4621 (sbs=7.4617) vs_sbs=+0.01%
      VRPB: top1=0.547 mean_cost=9.3343 (sbs=9.3403) vs_sbs=-0.06%
      VRPL: top1=0.293 mean_cost=12.4071 (sbs=12.4072) vs_sbs=-0.00%
     VRPTW: top1=0.419 mean_cost=17.9731 (sbs=18.6571) vs_sbs=-3.67%
    OVRPTW: top1=0.492 mean_cost=10.0467 (sbs=10.0484) vs_sbs=-0.02%
     OVRPB: top1=0.570 mean_cost=6.3189 (sbs=6.3220) vs_sbs=-0.05%
     OVRPL: top1=0.356 mean_cost=7.4415 (sbs=7.4376) vs_sbs=+0.05%
     VRPBL: top1=0.551 mean_cost=9.3534 (sbs=9.3593) vs_sbs=-0.06%
    VRPBTW: top1=0.382 mean_cost=19.1865 (sbs=19.6697) vs_sbs=-2.46%
    VRPLTW: top1=0.387 mean_cost=17.7665 (sbs=18.5091) vs_sbs=-4.01%
    OVRPBL: top1=0.542 mean_cost=6.3081 (sbs=6.3103) vs_sbs=-0.03%
   OVRPBTW: top1=0.490 mean_cost=10.5009 (sbs=10.5068) vs_sbs=-0.06%
   OVRPLTW: top1=0.495 mean_cost=10.1279 (sbs=10.1272) vs_sbs=+0.01%
   VRPBLTW: top1=0.409 mean_cost=19.0575 (sbs=19.5198) vs_sbs=-2.37%
  OVRPBLTW: top1=0.490 mean_cost=10.5364 (sbs=10.5412) vs_sbs=-0.04%
[epoch done 17] updates=4590 skipped_attempts_total=1 grad=0.4505 elapsed=7.0m
ep018 step004600 loss=0.50870 ce=1.19445 pair=0.58090 risk=1.62766 lr=0.000171 samples/s=8516 peak_GiB=18.68 time=7.0m
ep018 step004650 loss=0.49315 ce=1.15062 pair=0.58080 risk=1.61771 lr=0.000171 samples/s=7949 peak_GiB=18.68 time=7.1m
ep018 step004700 loss=0.49207 ce=1.14418 pair=0.58696 risk=1.64549 lr=0.000171 samples/s=8207 peak_GiB=18.68 time=7.2m
ep018 step004750 loss=0.49216 ce=1.14617 pair=0.58360 risk=1.63203 lr=0.000171 samples/s=8091 peak_GiB=18.68 time=7.2m
ep018 step004800 loss=0.49176 ce=1.14535 pair=0.58243 risk=1.63221 lr=0.000171 samples/s=8198 peak_GiB=18.68 time=7.3m
ep018 step004850 loss=0.49492 ce=1.15418 pair=0.58427 risk=1.62664 lr=0.000171 samples/s=7997 peak_GiB=18.68 time=7.4m
[eval epoch 18 classification] macro_top1=0.4601 top2=0.8028 top3=0.9131 vs_sbs=-0.954% vbs_closed=+23.41%
          classification_top1=0.4601 performance_top1=0.2812 classification_CE=1.13943 performance_MSE=0.91208
       TSP: top1=0.352 mean_cost=7.9242 (sbs=7.9578) vs_sbs=-0.42%
      CVRP: top1=0.351 mean_cost=18.3076 (sbs=18.2943) vs_sbs=+0.07%
      ATSP: top1=0.730 mean_cost=1.6386 (sbs=1.6735) vs_sbs=-2.09%
      OVRP: top1=0.321 mean_cost=7.4608 (sbs=7.4617) vs_sbs=-0.01%
      VRPB: top1=0.539 mean_cost=9.3353 (sbs=9.3403) vs_sbs=-0.05%
      VRPL: top1=0.292 mean_cost=12.4068 (sbs=12.4072) vs_sbs=-0.00%
     VRPTW: top1=0.441 mean_cost=17.9092 (sbs=18.6571) vs_sbs=-4.01%
    OVRPTW: top1=0.491 mean_cost=10.0490 (sbs=10.0484) vs_sbs=+0.01%
     OVRPB: top1=0.565 mean_cost=6.3182 (sbs=6.3220) vs_sbs=-0.06%
     OVRPL: top1=0.351 mean_cost=7.4351 (sbs=7.4376) vs_sbs=-0.03%
     VRPBL: top1=0.549 mean_cost=9.3550 (sbs=9.3593) vs_sbs=-0.05%
    VRPBTW: top1=0.428 mean_cost=19.0616 (sbs=19.6697) vs_sbs=-3.09%
    VRPLTW: top1=0.432 mean_cost=17.6710 (sbs=18.5091) vs_sbs=-4.53%
    OVRPBL: top1=0.535 mean_cost=6.3094 (sbs=6.3103) vs_sbs=-0.01%
   OVRPBTW: top1=0.503 mean_cost=10.4995 (sbs=10.5068) vs_sbs=-0.07%
   OVRPLTW: top1=0.473 mean_cost=10.1337 (sbs=10.1272) vs_sbs=+0.06%
   VRPBLTW: top1=0.425 mean_cost=18.9685 (sbs=19.5198) vs_sbs=-2.82%
  OVRPBLTW: top1=0.503 mean_cost=10.5338 (sbs=10.5412) vs_sbs=-0.07%
[epoch done 18] updates=4860 skipped_attempts_total=1 grad=0.4799 elapsed=7.4m
ep019 step004900 loss=0.48986 ce=1.14407 pair=0.57056 risk=1.61931 lr=0.000167 samples/s=7682 peak_GiB=18.68 time=7.4m
ep019 step004950 loss=0.49379 ce=1.15019 pair=0.58380 risk=1.64227 lr=0.000167 samples/s=8140 peak_GiB=18.68 time=7.5m
ep019 step005000 loss=0.49046 ce=1.14420 pair=0.57616 risk=1.61883 lr=0.000167 samples/s=8283 peak_GiB=18.68 time=7.6m
ep019 step005050 loss=0.49115 ce=1.14501 pair=0.57821 risk=1.62857 lr=0.000167 samples/s=8163 peak_GiB=18.68 time=7.6m
ep019 step005100 loss=0.49323 ce=1.14908 pair=0.58360 risk=1.63438 lr=0.000167 samples/s=8095 peak_GiB=18.68 time=7.7m
[eval epoch 19 classification] macro_top1=0.4593 top2=0.7963 top3=0.9080 vs_sbs=-0.921% vbs_closed=+23.83%
          classification_top1=0.4593 performance_top1=0.2699 classification_CE=1.14940 performance_MSE=0.90904
       TSP: top1=0.375 mean_cost=7.9221 (sbs=7.9578) vs_sbs=-0.45%
      CVRP: top1=0.343 mean_cost=18.2591 (sbs=18.2943) vs_sbs=-0.19%
      ATSP: top1=0.762 mean_cost=1.6380 (sbs=1.6735) vs_sbs=-2.12%
      OVRP: top1=0.330 mean_cost=7.4652 (sbs=7.4617) vs_sbs=+0.05%
      VRPB: top1=0.555 mean_cost=9.3330 (sbs=9.3403) vs_sbs=-0.08%
      VRPL: top1=0.296 mean_cost=12.4079 (sbs=12.4072) vs_sbs=+0.01%
     VRPTW: top1=0.404 mean_cost=17.9454 (sbs=18.6571) vs_sbs=-3.81%
    OVRPTW: top1=0.502 mean_cost=10.0420 (sbs=10.0484) vs_sbs=-0.06%
     OVRPB: top1=0.558 mean_cost=6.3198 (sbs=6.3220) vs_sbs=-0.03%
     OVRPL: top1=0.348 mean_cost=7.4432 (sbs=7.4376) vs_sbs=+0.08%
     VRPBL: top1=0.547 mean_cost=9.3542 (sbs=9.3593) vs_sbs=-0.05%
    VRPBTW: top1=0.420 mean_cost=19.0728 (sbs=19.6697) vs_sbs=-3.03%
    VRPLTW: top1=0.395 mean_cost=17.7493 (sbs=18.5091) vs_sbs=-4.11%
    OVRPBL: top1=0.541 mean_cost=6.3070 (sbs=6.3103) vs_sbs=-0.05%
   OVRPBTW: top1=0.489 mean_cost=10.4999 (sbs=10.5068) vs_sbs=-0.07%
   OVRPLTW: top1=0.487 mean_cost=10.1265 (sbs=10.1272) vs_sbs=-0.01%
   VRPBLTW: top1=0.425 mean_cost=19.0124 (sbs=19.5198) vs_sbs=-2.60%
  OVRPBLTW: top1=0.490 mean_cost=10.5380 (sbs=10.5412) vs_sbs=-0.03%
[epoch done 19] updates=5130 skipped_attempts_total=1 grad=0.4831 elapsed=7.8m
ep020 step005150 loss=0.47924 ce=1.11501 pair=0.56200 risk=1.63930 lr=0.000163 samples/s=8550 peak_GiB=18.68 time=7.8m
ep020 step005200 loss=0.49137 ce=1.14300 pair=0.58381 risk=1.64667 lr=0.000163 samples/s=8032 peak_GiB=18.68 time=7.9m
[AMP retry] attempt=1 scale=131072->65536
ep020 step005250 loss=0.49487 ce=1.15298 pair=0.58699 risk=1.63134 lr=0.000163 samples/s=8206 peak_GiB=18.68 time=7.9m
ep020 step005300 loss=0.49537 ce=1.15309 pair=0.58856 risk=1.64635 lr=0.000163 samples/s=8096 peak_GiB=18.68 time=8.0m
ep020 step005350 loss=0.49216 ce=1.14576 pair=0.58319 risk=1.64097 lr=0.000163 samples/s=8196 peak_GiB=18.68 time=8.1m
ep020 step005400 loss=0.49225 ce=1.14713 pair=0.58205 risk=1.62752 lr=0.000163 samples/s=8129 peak_GiB=18.68 time=8.1m
[eval epoch 20 classification] macro_top1=0.4627 top2=0.8022 top3=0.9130 vs_sbs=-0.927% vbs_closed=+23.12%
          classification_top1=0.4627 performance_top1=0.2831 classification_CE=1.15090 performance_MSE=0.90503
       TSP: top1=0.333 mean_cost=7.9164 (sbs=7.9578) vs_sbs=-0.52%
      CVRP: top1=0.328 mean_cost=18.3582 (sbs=18.2943) vs_sbs=+0.35%
      ATSP: top1=0.761 mean_cost=1.6395 (sbs=1.6735) vs_sbs=-2.03%
      OVRP: top1=0.324 mean_cost=7.4602 (sbs=7.4617) vs_sbs=-0.02%
      VRPB: top1=0.551 mean_cost=9.3315 (sbs=9.3403) vs_sbs=-0.09%
      VRPL: top1=0.310 mean_cost=12.4053 (sbs=12.4072) vs_sbs=-0.02%
     VRPTW: top1=0.417 mean_cost=17.9839 (sbs=18.6571) vs_sbs=-3.61%
    OVRPTW: top1=0.504 mean_cost=10.0413 (sbs=10.0484) vs_sbs=-0.07%
     OVRPB: top1=0.568 mean_cost=6.3184 (sbs=6.3220) vs_sbs=-0.06%
     OVRPL: top1=0.348 mean_cost=7.4364 (sbs=7.4376) vs_sbs=-0.02%
     VRPBL: top1=0.543 mean_cost=9.3563 (sbs=9.3593) vs_sbs=-0.03%
    VRPBTW: top1=0.441 mean_cost=19.0616 (sbs=19.6697) vs_sbs=-3.09%
    VRPLTW: top1=0.444 mean_cost=17.6957 (sbs=18.5091) vs_sbs=-4.39%
    OVRPBL: top1=0.544 mean_cost=6.3096 (sbs=6.3103) vs_sbs=-0.01%
   OVRPBTW: top1=0.505 mean_cost=10.4945 (sbs=10.5068) vs_sbs=-0.12%
   OVRPLTW: top1=0.494 mean_cost=10.1277 (sbs=10.1272) vs_sbs=+0.01%
   VRPBLTW: top1=0.413 mean_cost=18.9577 (sbs=19.5198) vs_sbs=-2.88%
  OVRPBLTW: top1=0.500 mean_cost=10.5329 (sbs=10.5412) vs_sbs=-0.08%
[epoch done 20] updates=5400 skipped_attempts_total=2 grad=0.4580 elapsed=8.3m
ep021 step005450 loss=0.48557 ce=1.13429 pair=0.56439 risk=1.60632 lr=0.000158 samples/s=7818 peak_GiB=18.68 time=8.4m
ep021 step005500 loss=0.49334 ce=1.15632 pair=0.57018 risk=1.58071 lr=0.000158 samples/s=7829 peak_GiB=18.68 time=8.5m
ep021 step005550 loss=0.49210 ce=1.15015 pair=0.57364 risk=1.60913 lr=0.000158 samples/s=7834 peak_GiB=18.68 time=8.5m
ep021 step005600 loss=0.48828 ce=1.14057 pair=0.57030 risk=1.60269 lr=0.000158 samples/s=8174 peak_GiB=18.68 time=8.6m
ep021 step005650 loss=0.48904 ce=1.14169 pair=0.57262 risk=1.60904 lr=0.000158 samples/s=8104 peak_GiB=18.68 time=8.7m
[eval epoch 21 classification] macro_top1=0.4651 top2=0.8054 top3=0.9157 vs_sbs=-0.979% vbs_closed=+25.56%
          classification_top1=0.4651 performance_top1=0.2596 classification_CE=1.13259 performance_MSE=0.91022
       TSP: top1=0.359 mean_cost=7.9254 (sbs=7.9578) vs_sbs=-0.41%
      CVRP: top1=0.360 mean_cost=18.2713 (sbs=18.2943) vs_sbs=-0.13%
      ATSP: top1=0.770 mean_cost=1.6360 (sbs=1.6735) vs_sbs=-2.24%
      OVRP: top1=0.328 mean_cost=7.4596 (sbs=7.4617) vs_sbs=-0.03%
      VRPB: top1=0.552 mean_cost=9.3334 (sbs=9.3403) vs_sbs=-0.07%
      VRPL: top1=0.299 mean_cost=12.4061 (sbs=12.4072) vs_sbs=-0.01%
     VRPTW: top1=0.413 mean_cost=17.9207 (sbs=18.6571) vs_sbs=-3.95%
    OVRPTW: top1=0.494 mean_cost=10.0432 (sbs=10.0484) vs_sbs=-0.05%
     OVRPB: top1=0.561 mean_cost=6.3196 (sbs=6.3220) vs_sbs=-0.04%
     OVRPL: top1=0.355 mean_cost=7.4379 (sbs=7.4376) vs_sbs=+0.00%
     VRPBL: top1=0.543 mean_cost=9.3548 (sbs=9.3593) vs_sbs=-0.05%
    VRPBTW: top1=0.447 mean_cost=19.0604 (sbs=19.6697) vs_sbs=-3.10%
    VRPLTW: top1=0.433 mean_cost=17.6724 (sbs=18.5091) vs_sbs=-4.52%
    OVRPBL: top1=0.538 mean_cost=6.3076 (sbs=6.3103) vs_sbs=-0.04%
   OVRPBTW: top1=0.504 mean_cost=10.4965 (sbs=10.5068) vs_sbs=-0.10%
   OVRPLTW: top1=0.496 mean_cost=10.1313 (sbs=10.1272) vs_sbs=+0.04%
   VRPBLTW: top1=0.419 mean_cost=18.9662 (sbs=19.5198) vs_sbs=-2.84%
  OVRPBLTW: top1=0.501 mean_cost=10.5314 (sbs=10.5412) vs_sbs=-0.09%
[save] best.pt epoch=21 val_vs_sbs=-0.97861%
[epoch done 21] updates=5670 skipped_attempts_total=2 grad=0.4854 elapsed=8.7m
ep022 step005700 loss=0.50236 ce=1.17911 pair=0.57977 risk=1.58461 lr=0.000154 samples/s=7415 peak_GiB=18.68 time=8.8m
ep022 step005750 loss=0.48848 ce=1.14392 pair=0.56550 risk=1.57788 lr=0.000154 samples/s=7677 peak_GiB=18.68 time=8.8m
ep022 step005800 loss=0.48747 ce=1.14390 pair=0.55957 risk=1.55739 lr=0.000154 samples/s=7992 peak_GiB=18.68 time=8.9m
ep022 step005850 loss=0.48865 ce=1.14202 pair=0.57121 risk=1.59111 lr=0.000154 samples/s=8138 peak_GiB=18.68 time=8.9m
ep022 step005900 loss=0.48938 ce=1.14348 pair=0.57214 risk=1.59730 lr=0.000154 samples/s=8071 peak_GiB=18.68 time=9.0m
[eval epoch 22 classification] macro_top1=0.4702 top2=0.8097 top3=0.9181 vs_sbs=-0.993% vbs_closed=+26.59%
          classification_top1=0.4702 performance_top1=0.2783 classification_CE=1.12481 performance_MSE=0.90896
       TSP: top1=0.369 mean_cost=7.9183 (sbs=7.9578) vs_sbs=-0.50%
      CVRP: top1=0.390 mean_cost=18.2524 (sbs=18.2943) vs_sbs=-0.23%
      ATSP: top1=0.739 mean_cost=1.6368 (sbs=1.6735) vs_sbs=-2.20%
      OVRP: top1=0.332 mean_cost=7.4578 (sbs=7.4617) vs_sbs=-0.05%
      VRPB: top1=0.552 mean_cost=9.3322 (sbs=9.3403) vs_sbs=-0.09%
      VRPL: top1=0.313 mean_cost=12.4045 (sbs=12.4072) vs_sbs=-0.02%
     VRPTW: top1=0.469 mean_cost=17.9012 (sbs=18.6571) vs_sbs=-4.05%
    OVRPTW: top1=0.492 mean_cost=10.0466 (sbs=10.0484) vs_sbs=-0.02%
     OVRPB: top1=0.567 mean_cost=6.3189 (sbs=6.3220) vs_sbs=-0.05%
     OVRPL: top1=0.342 mean_cost=7.4426 (sbs=7.4376) vs_sbs=+0.07%
     VRPBL: top1=0.546 mean_cost=9.3563 (sbs=9.3593) vs_sbs=-0.03%
    VRPBTW: top1=0.424 mean_cost=19.0670 (sbs=19.6697) vs_sbs=-3.06%
    VRPLTW: top1=0.439 mean_cost=17.6618 (sbs=18.5091) vs_sbs=-4.58%
    OVRPBL: top1=0.555 mean_cost=6.3061 (sbs=6.3103) vs_sbs=-0.07%
   OVRPBTW: top1=0.509 mean_cost=10.4959 (sbs=10.5068) vs_sbs=-0.10%
   OVRPLTW: top1=0.495 mean_cost=10.1289 (sbs=10.1272) vs_sbs=+0.02%
   VRPBLTW: top1=0.424 mean_cost=18.9674 (sbs=19.5198) vs_sbs=-2.83%
  OVRPBLTW: top1=0.507 mean_cost=10.5312 (sbs=10.5412) vs_sbs=-0.10%
[save] best.pt epoch=22 val_vs_sbs=-0.99344%
[epoch done 22] updates=5940 skipped_attempts_total=2 grad=0.4642 elapsed=9.1m
ep023 step005950 loss=0.47692 ce=1.11777 pair=0.54420 risk=1.56384 lr=0.000149 samples/s=8506 peak_GiB=18.68 time=9.1m
ep023 step006000 loss=0.47345 ce=1.11522 pair=0.52930 risk=1.50975 lr=0.000149 samples/s=8539 peak_GiB=18.68 time=9.2m
ep023 step006050 loss=0.48263 ce=1.13036 pair=0.55667 risk=1.56671 lr=0.000149 samples/s=8206 peak_GiB=18.68 time=9.2m
ep023 step006100 loss=0.48579 ce=1.13525 pair=0.56616 risk=1.59166 lr=0.000149 samples/s=8312 peak_GiB=18.68 time=9.3m
ep023 step006150 loss=0.48614 ce=1.13778 pair=0.56383 risk=1.57678 lr=0.000149 samples/s=8195 peak_GiB=18.68 time=9.4m
ep023 step006200 loss=0.48691 ce=1.13690 pair=0.56886 risk=1.60558 lr=0.000149 samples/s=8261 peak_GiB=18.68 time=9.4m
[eval epoch 23 classification] macro_top1=0.4719 top2=0.8076 top3=0.9164 vs_sbs=-0.996% vbs_closed=+27.61%
          classification_top1=0.4719 performance_top1=0.2852 classification_CE=1.12863 performance_MSE=0.90636
       TSP: top1=0.371 mean_cost=7.9143 (sbs=7.9578) vs_sbs=-0.55%
      CVRP: top1=0.405 mean_cost=18.2391 (sbs=18.2943) vs_sbs=-0.30%
      ATSP: top1=0.771 mean_cost=1.6372 (sbs=1.6735) vs_sbs=-2.17%
      OVRP: top1=0.331 mean_cost=7.4595 (sbs=7.4617) vs_sbs=-0.03%
      VRPB: top1=0.557 mean_cost=9.3316 (sbs=9.3403) vs_sbs=-0.09%
      VRPL: top1=0.317 mean_cost=12.4046 (sbs=12.4072) vs_sbs=-0.02%
     VRPTW: top1=0.428 mean_cost=17.9336 (sbs=18.6571) vs_sbs=-3.88%
    OVRPTW: top1=0.492 mean_cost=10.0482 (sbs=10.0484) vs_sbs=-0.00%
     OVRPB: top1=0.563 mean_cost=6.3196 (sbs=6.3220) vs_sbs=-0.04%
     OVRPL: top1=0.353 mean_cost=7.4368 (sbs=7.4376) vs_sbs=-0.01%
     VRPBL: top1=0.557 mean_cost=9.3520 (sbs=9.3593) vs_sbs=-0.08%
    VRPBTW: top1=0.423 mean_cost=19.0674 (sbs=19.6697) vs_sbs=-3.06%
    VRPLTW: top1=0.445 mean_cost=17.6523 (sbs=18.5091) vs_sbs=-4.63%
    OVRPBL: top1=0.558 mean_cost=6.3056 (sbs=6.3103) vs_sbs=-0.07%
   OVRPBTW: top1=0.511 mean_cost=10.4975 (sbs=10.5068) vs_sbs=-0.09%
   OVRPLTW: top1=0.493 mean_cost=10.1293 (sbs=10.1272) vs_sbs=+0.02%
   VRPBLTW: top1=0.417 mean_cost=18.9660 (sbs=19.5198) vs_sbs=-2.84%
  OVRPBLTW: top1=0.502 mean_cost=10.5312 (sbs=10.5412) vs_sbs=-0.09%
[save] best.pt epoch=23 val_vs_sbs=-0.99630%
[epoch done 23] updates=6210 skipped_attempts_total=2 grad=0.4998 elapsed=9.5m
ep024 step006250 loss=0.47776 ce=1.12398 pair=0.54075 risk=1.51459 lr=0.000144 samples/s=8543 peak_GiB=18.68 time=9.5m
ep024 step006300 loss=0.48289 ce=1.13196 pair=0.55603 risk=1.55491 lr=0.000144 samples/s=8137 peak_GiB=18.68 time=9.6m
ep024 step006350 loss=0.47738 ce=1.11901 pair=0.54764 risk=1.54827 lr=0.000144 samples/s=8281 peak_GiB=18.68 time=9.6m
ep024 step006400 loss=0.48185 ce=1.12996 pair=0.55465 risk=1.54493 lr=0.000144 samples/s=8160 peak_GiB=18.68 time=9.7m
ep024 step006450 loss=0.48162 ce=1.13036 pair=0.55143 risk=1.54252 lr=0.000144 samples/s=7949 peak_GiB=18.68 time=9.8m
[eval epoch 24 classification] macro_top1=0.4672 top2=0.8057 top3=0.9147 vs_sbs=-0.947% vbs_closed=+25.29%
          classification_top1=0.4672 performance_top1=0.2901 classification_CE=1.13003 performance_MSE=0.91196
       TSP: top1=0.365 mean_cost=7.9160 (sbs=7.9578) vs_sbs=-0.53%
      CVRP: top1=0.272 mean_cost=18.3022 (sbs=18.2943) vs_sbs=+0.04%
      ATSP: top1=0.771 mean_cost=1.6355 (sbs=1.6735) vs_sbs=-2.27%
      OVRP: top1=0.326 mean_cost=7.4596 (sbs=7.4617) vs_sbs=-0.03%
      VRPB: top1=0.550 mean_cost=9.3351 (sbs=9.3403) vs_sbs=-0.06%
      VRPL: top1=0.307 mean_cost=12.4060 (sbs=12.4072) vs_sbs=-0.01%
     VRPTW: top1=0.436 mean_cost=17.9600 (sbs=18.6571) vs_sbs=-3.74%
    OVRPTW: top1=0.509 mean_cost=10.0435 (sbs=10.0484) vs_sbs=-0.05%
     OVRPB: top1=0.566 mean_cost=6.3186 (sbs=6.3220) vs_sbs=-0.05%
     OVRPL: top1=0.368 mean_cost=7.4363 (sbs=7.4376) vs_sbs=-0.02%
     VRPBL: top1=0.545 mean_cost=9.3546 (sbs=9.3593) vs_sbs=-0.05%
    VRPBTW: top1=0.440 mean_cost=19.0510 (sbs=19.6697) vs_sbs=-3.15%
    VRPLTW: top1=0.444 mean_cost=17.7716 (sbs=18.5091) vs_sbs=-3.98%
    OVRPBL: top1=0.564 mean_cost=6.3064 (sbs=6.3103) vs_sbs=-0.06%
   OVRPBTW: top1=0.508 mean_cost=10.4952 (sbs=10.5068) vs_sbs=-0.11%
   OVRPLTW: top1=0.513 mean_cost=10.1259 (sbs=10.1272) vs_sbs=-0.01%
   VRPBLTW: top1=0.414 mean_cost=18.9555 (sbs=19.5198) vs_sbs=-2.89%
  OVRPBLTW: top1=0.511 mean_cost=10.5318 (sbs=10.5412) vs_sbs=-0.09%
[epoch done 24] updates=6480 skipped_attempts_total=2 grad=0.5007 elapsed=9.8m
ep025 step006500 loss=0.48529 ce=1.12728 pair=0.56791 risk=1.69735 lr=0.000139 samples/s=8545 peak_GiB=18.68 time=9.9m
ep025 step006550 loss=0.47868 ce=1.12112 pair=0.54881 risk=1.57046 lr=0.000139 samples/s=8028 peak_GiB=18.68 time=9.9m
ep025 step006600 loss=0.48521 ce=1.13846 pair=0.55564 risk=1.55940 lr=0.000139 samples/s=7947 peak_GiB=18.68 time=10.0m
ep025 step006650 loss=0.47938 ce=1.12273 pair=0.55091 risk=1.56656 lr=0.000139 samples/s=8328 peak_GiB=18.68 time=10.1m
ep025 step006700 loss=0.48054 ce=1.12657 pair=0.55148 risk=1.55434 lr=0.000139 samples/s=8213 peak_GiB=18.68 time=10.1m
ep025 step006750 loss=0.48057 ce=1.12690 pair=0.55068 risk=1.55451 lr=0.000139 samples/s=8144 peak_GiB=18.68 time=10.2m
[eval epoch 25 classification] macro_top1=0.4758 top2=0.8108 top3=0.9181 vs_sbs=-1.007% vbs_closed=+28.09%
          classification_top1=0.4758 performance_top1=0.2792 classification_CE=1.11947 performance_MSE=0.90215
       TSP: top1=0.368 mean_cost=7.9152 (sbs=7.9578) vs_sbs=-0.53%
      CVRP: top1=0.410 mean_cost=18.2633 (sbs=18.2943) vs_sbs=-0.17%
      ATSP: top1=0.765 mean_cost=1.6379 (sbs=1.6735) vs_sbs=-2.13%
      OVRP: top1=0.339 mean_cost=7.4589 (sbs=7.4617) vs_sbs=-0.04%
      VRPB: top1=0.554 mean_cost=9.3323 (sbs=9.3403) vs_sbs=-0.09%
      VRPL: top1=0.294 mean_cost=12.4058 (sbs=12.4072) vs_sbs=-0.01%
     VRPTW: top1=0.446 mean_cost=17.9071 (sbs=18.6571) vs_sbs=-4.02%
    OVRPTW: top1=0.502 mean_cost=10.0424 (sbs=10.0484) vs_sbs=-0.06%
     OVRPB: top1=0.557 mean_cost=6.3197 (sbs=6.3220) vs_sbs=-0.04%
     OVRPL: top1=0.358 mean_cost=7.4342 (sbs=7.4376) vs_sbs=-0.05%
     VRPBL: top1=0.552 mean_cost=9.3529 (sbs=9.3593) vs_sbs=-0.07%
    VRPBTW: top1=0.438 mean_cost=19.0649 (sbs=19.6697) vs_sbs=-3.07%
    VRPLTW: top1=0.450 mean_cost=17.6582 (sbs=18.5091) vs_sbs=-4.60%
    OVRPBL: top1=0.582 mean_cost=6.3029 (sbs=6.3103) vs_sbs=-0.12%
   OVRPBTW: top1=0.503 mean_cost=10.4967 (sbs=10.5068) vs_sbs=-0.10%
   OVRPLTW: top1=0.512 mean_cost=10.1244 (sbs=10.1272) vs_sbs=-0.03%
   VRPBLTW: top1=0.420 mean_cost=18.9576 (sbs=19.5198) vs_sbs=-2.88%
  OVRPBLTW: top1=0.514 mean_cost=10.5270 (sbs=10.5412) vs_sbs=-0.13%
[save] best.pt epoch=25 val_vs_sbs=-1.00678%
[epoch done 25] updates=6750 skipped_attempts_total=2 grad=0.5016 elapsed=10.4m
ep026 step006800 loss=0.47571 ce=1.11774 pair=0.53857 risk=1.53211 lr=0.000134 samples/s=7843 peak_GiB=18.68 time=10.5m
ep026 step006850 loss=0.48141 ce=1.12842 pair=0.55487 risk=1.54867 lr=0.000134 samples/s=8555 peak_GiB=18.68 time=10.5m
ep026 step006900 loss=0.47885 ce=1.12294 pair=0.54902 risk=1.54612 lr=0.000134 samples/s=8308 peak_GiB=18.68 time=10.6m
ep026 step006950 loss=0.48117 ce=1.12817 pair=0.55207 risk=1.55526 lr=0.000134 samples/s=8015 peak_GiB=18.68 time=10.7m
ep026 step007000 loss=0.48025 ce=1.12577 pair=0.55106 risk=1.55637 lr=0.000134 samples/s=8119 peak_GiB=18.68 time=10.7m
[eval epoch 26 classification] macro_top1=0.4698 top2=0.8053 top3=0.9180 vs_sbs=-1.006% vbs_closed=+27.56%
          classification_top1=0.4698 performance_top1=0.3059 classification_CE=1.13660 performance_MSE=0.90121
       TSP: top1=0.379 mean_cost=7.9155 (sbs=7.9578) vs_sbs=-0.53%
      CVRP: top1=0.308 mean_cost=18.2836 (sbs=18.2943) vs_sbs=-0.06%
      ATSP: top1=0.779 mean_cost=1.6354 (sbs=1.6735) vs_sbs=-2.28%
      OVRP: top1=0.328 mean_cost=7.4592 (sbs=7.4617) vs_sbs=-0.03%
      VRPB: top1=0.555 mean_cost=9.3325 (sbs=9.3403) vs_sbs=-0.08%
      VRPL: top1=0.319 mean_cost=12.4041 (sbs=12.4072) vs_sbs=-0.03%
     VRPTW: top1=0.427 mean_cost=17.9077 (sbs=18.6571) vs_sbs=-4.02%
    OVRPTW: top1=0.513 mean_cost=10.0420 (sbs=10.0484) vs_sbs=-0.06%
     OVRPB: top1=0.562 mean_cost=6.3197 (sbs=6.3220) vs_sbs=-0.04%
     OVRPL: top1=0.359 mean_cost=7.4347 (sbs=7.4376) vs_sbs=-0.04%
     VRPBL: top1=0.552 mean_cost=9.3540 (sbs=9.3593) vs_sbs=-0.06%
    VRPBTW: top1=0.439 mean_cost=19.0548 (sbs=19.6697) vs_sbs=-3.13%
    VRPLTW: top1=0.439 mean_cost=17.6636 (sbs=18.5091) vs_sbs=-4.57%
    OVRPBL: top1=0.566 mean_cost=6.3047 (sbs=6.3103) vs_sbs=-0.09%
   OVRPBTW: top1=0.506 mean_cost=10.4984 (sbs=10.5068) vs_sbs=-0.08%
   OVRPLTW: top1=0.501 mean_cost=10.1237 (sbs=10.1272) vs_sbs=-0.03%
   VRPBLTW: top1=0.416 mean_cost=18.9589 (sbs=19.5198) vs_sbs=-2.87%
  OVRPBLTW: top1=0.508 mean_cost=10.5286 (sbs=10.5412) vs_sbs=-0.12%
[epoch done 26] updates=7020 skipped_attempts_total=2 grad=0.5163 elapsed=10.8m
ep027 step007050 loss=0.47234 ce=1.10124 pair=0.55392 risk=1.57547 lr=0.000128 samples/s=8549 peak_GiB=18.68 time=10.8m
ep027 step007100 loss=0.47825 ce=1.12156 pair=0.55018 risk=1.53413 lr=0.000128 samples/s=8096 peak_GiB=18.68 time=10.9m
ep027 step007150 loss=0.47763 ce=1.12108 pair=0.54703 risk=1.52752 lr=0.000128 samples/s=8006 peak_GiB=18.68 time=11.0m
ep027 step007200 loss=0.47884 ce=1.12411 pair=0.54797 risk=1.53028 lr=0.000128 samples/s=8156 peak_GiB=18.68 time=11.0m
ep027 step007250 loss=0.47901 ce=1.12458 pair=0.54742 risk=1.53344 lr=0.000128 samples/s=8087 peak_GiB=18.68 time=11.1m
[eval epoch 27 classification] macro_top1=0.4748 top2=0.8121 top3=0.9202 vs_sbs=-1.023% vbs_closed=+28.48%
          classification_top1=0.4748 performance_top1=0.2809 classification_CE=1.11568 performance_MSE=0.90415
       TSP: top1=0.383 mean_cost=7.9144 (sbs=7.9578) vs_sbs=-0.55%
      CVRP: top1=0.418 mean_cost=18.2450 (sbs=18.2943) vs_sbs=-0.27%
      ATSP: top1=0.770 mean_cost=1.6353 (sbs=1.6735) vs_sbs=-2.28%
      OVRP: top1=0.328 mean_cost=7.4601 (sbs=7.4617) vs_sbs=-0.02%
      VRPB: top1=0.552 mean_cost=9.3325 (sbs=9.3403) vs_sbs=-0.08%
      VRPL: top1=0.297 mean_cost=12.4063 (sbs=12.4072) vs_sbs=-0.01%
     VRPTW: top1=0.421 mean_cost=17.9136 (sbs=18.6571) vs_sbs=-3.99%
    OVRPTW: top1=0.507 mean_cost=10.0412 (sbs=10.0484) vs_sbs=-0.07%
     OVRPB: top1=0.559 mean_cost=6.3200 (sbs=6.3220) vs_sbs=-0.03%
     OVRPL: top1=0.374 mean_cost=7.4344 (sbs=7.4376) vs_sbs=-0.04%
     VRPBL: top1=0.554 mean_cost=9.3547 (sbs=9.3593) vs_sbs=-0.05%
    VRPBTW: top1=0.443 mean_cost=19.0489 (sbs=19.6697) vs_sbs=-3.16%
    VRPLTW: top1=0.448 mean_cost=17.6465 (sbs=18.5091) vs_sbs=-4.66%
    OVRPBL: top1=0.542 mean_cost=6.3079 (sbs=6.3103) vs_sbs=-0.04%
   OVRPBTW: top1=0.507 mean_cost=10.4951 (sbs=10.5068) vs_sbs=-0.11%
   OVRPLTW: top1=0.502 mean_cost=10.1257 (sbs=10.1272) vs_sbs=-0.02%
   VRPBLTW: top1=0.423 mean_cost=18.9525 (sbs=19.5198) vs_sbs=-2.91%
  OVRPBLTW: top1=0.518 mean_cost=10.5268 (sbs=10.5412) vs_sbs=-0.14%
[save] best.pt epoch=27 val_vs_sbs=-1.02307%
[epoch done 27] updates=7290 skipped_attempts_total=2 grad=0.5267 elapsed=11.2m
ep028 step007300 loss=0.47546 ce=1.14099 pair=0.49461 risk=1.33268 lr=0.000123 samples/s=5879 peak_GiB=18.68 time=11.2m
ep028 step007350 loss=0.47487 ce=1.11611 pair=0.53883 risk=1.51762 lr=0.000123 samples/s=7960 peak_GiB=18.68 time=11.2m
ep028 step007400 loss=0.47317 ce=1.11261 pair=0.53696 risk=1.50332 lr=0.000123 samples/s=8216 peak_GiB=18.68 time=11.3m
ep028 step007450 loss=0.47574 ce=1.11936 pair=0.53821 risk=1.50706 lr=0.000123 samples/s=8098 peak_GiB=18.68 time=11.4m
[AMP retry] attempt=1 scale=131072->65536
ep028 step007500 loss=0.47572 ce=1.11809 pair=0.54075 risk=1.51567 lr=0.000123 samples/s=8183 peak_GiB=18.68 time=11.4m
ep028 step007550 loss=0.47702 ce=1.12108 pair=0.54222 risk=1.52118 lr=0.000123 samples/s=7986 peak_GiB=18.68 time=11.5m
[eval epoch 28 classification] macro_top1=0.4713 top2=0.8067 top3=0.9161 vs_sbs=-0.971% vbs_closed=+27.10%
          classification_top1=0.4713 performance_top1=0.2916 classification_CE=1.12455 performance_MSE=0.90875
       TSP: top1=0.355 mean_cost=7.9164 (sbs=7.9578) vs_sbs=-0.52%
      CVRP: top1=0.397 mean_cost=18.2700 (sbs=18.2943) vs_sbs=-0.13%
      ATSP: top1=0.774 mean_cost=1.6354 (sbs=1.6735) vs_sbs=-2.28%
      OVRP: top1=0.333 mean_cost=7.4581 (sbs=7.4617) vs_sbs=-0.05%
      VRPB: top1=0.549 mean_cost=9.3324 (sbs=9.3403) vs_sbs=-0.08%
      VRPL: top1=0.311 mean_cost=12.4041 (sbs=12.4072) vs_sbs=-0.03%
     VRPTW: top1=0.439 mean_cost=17.9140 (sbs=18.6571) vs_sbs=-3.98%
    OVRPTW: top1=0.520 mean_cost=10.0387 (sbs=10.0484) vs_sbs=-0.10%
     OVRPB: top1=0.566 mean_cost=6.3187 (sbs=6.3220) vs_sbs=-0.05%
     OVRPL: top1=0.372 mean_cost=7.4343 (sbs=7.4376) vs_sbs=-0.04%
     VRPBL: top1=0.535 mean_cost=9.3588 (sbs=9.3593) vs_sbs=-0.01%
    VRPBTW: top1=0.411 mean_cost=19.0769 (sbs=19.6697) vs_sbs=-3.01%
    VRPLTW: top1=0.438 mean_cost=17.7437 (sbs=18.5091) vs_sbs=-4.14%
    OVRPBL: top1=0.563 mean_cost=6.3055 (sbs=6.3103) vs_sbs=-0.08%
   OVRPBTW: top1=0.513 mean_cost=10.4972 (sbs=10.5068) vs_sbs=-0.09%
   OVRPLTW: top1=0.497 mean_cost=10.1276 (sbs=10.1272) vs_sbs=+0.00%
   VRPBLTW: top1=0.406 mean_cost=18.9793 (sbs=19.5198) vs_sbs=-2.77%
  OVRPBLTW: top1=0.505 mean_cost=10.5268 (sbs=10.5412) vs_sbs=-0.14%
[epoch done 28] updates=7560 skipped_attempts_total=3 grad=0.5468 elapsed=11.5m
ep029 step007600 loss=0.48377 ce=1.13090 pair=0.56398 risk=1.57790 lr=0.000118 samples/s=8540 peak_GiB=18.68 time=11.6m
ep029 step007650 loss=0.48211 ce=1.12966 pair=0.55801 risk=1.54631 lr=0.000118 samples/s=8148 peak_GiB=18.68 time=11.7m
ep029 step007700 loss=0.47714 ce=1.12109 pair=0.54439 risk=1.51612 lr=0.000118 samples/s=8289 peak_GiB=18.68 time=11.7m
ep029 step007750 loss=0.47586 ce=1.11818 pair=0.54090 risk=1.52030 lr=0.000118 samples/s=8357 peak_GiB=18.68 time=11.8m
ep029 step007800 loss=0.47669 ce=1.12017 pair=0.54244 risk=1.51936 lr=0.000118 samples/s=8247 peak_GiB=18.68 time=11.8m
[eval epoch 29 classification] macro_top1=0.4762 top2=0.8115 top3=0.9222 vs_sbs=-0.929% vbs_closed=+26.95%
          classification_top1=0.4762 performance_top1=0.3362 classification_CE=1.11557 performance_MSE=0.90397
       TSP: top1=0.374 mean_cost=7.9153 (sbs=7.9578) vs_sbs=-0.53%
      CVRP: top1=0.426 mean_cost=18.2306 (sbs=18.2943) vs_sbs=-0.35%
      ATSP: top1=0.775 mean_cost=1.6359 (sbs=1.6735) vs_sbs=-2.25%
      OVRP: top1=0.342 mean_cost=7.4573 (sbs=7.4617) vs_sbs=-0.06%
      VRPB: top1=0.553 mean_cost=9.3324 (sbs=9.3403) vs_sbs=-0.08%
      VRPL: top1=0.314 mean_cost=12.4050 (sbs=12.4072) vs_sbs=-0.02%
     VRPTW: top1=0.400 mean_cost=18.2000 (sbs=18.6571) vs_sbs=-2.45%
    OVRPTW: top1=0.513 mean_cost=10.0435 (sbs=10.0484) vs_sbs=-0.05%
     OVRPB: top1=0.557 mean_cost=6.3205 (sbs=6.3220) vs_sbs=-0.02%
     OVRPL: top1=0.356 mean_cost=7.4385 (sbs=7.4376) vs_sbs=+0.01%
     VRPBL: top1=0.559 mean_cost=9.3520 (sbs=9.3593) vs_sbs=-0.08%
    VRPBTW: top1=0.441 mean_cost=19.0523 (sbs=19.6697) vs_sbs=-3.14%
    VRPLTW: top1=0.462 mean_cost=17.6632 (sbs=18.5091) vs_sbs=-4.57%
    OVRPBL: top1=0.553 mean_cost=6.3063 (sbs=6.3103) vs_sbs=-0.06%
   OVRPBTW: top1=0.507 mean_cost=10.4991 (sbs=10.5068) vs_sbs=-0.07%
   OVRPLTW: top1=0.514 mean_cost=10.1261 (sbs=10.1272) vs_sbs=-0.01%
   VRPBLTW: top1=0.413 mean_cost=18.9610 (sbs=19.5198) vs_sbs=-2.86%
  OVRPBLTW: top1=0.513 mean_cost=10.5275 (sbs=10.5412) vs_sbs=-0.13%
[epoch done 29] updates=7830 skipped_attempts_total=3 grad=0.6025 elapsed=11.9m
ep030 step007850 loss=0.48679 ce=1.15215 pair=0.53633 risk=1.49525 lr=0.000112 samples/s=6983 peak_GiB=18.68 time=11.9m
ep030 step007900 loss=0.46880 ce=1.10397 pair=0.52453 risk=1.49803 lr=0.000112 samples/s=8561 peak_GiB=18.68 time=12.0m
ep030 step007950 loss=0.46744 ce=1.10084 pair=0.52378 risk=1.48821 lr=0.000112 samples/s=8253 peak_GiB=18.68 time=12.1m
ep030 step008000 loss=0.46974 ce=1.10731 pair=0.52522 risk=1.48290 lr=0.000112 samples/s=8342 peak_GiB=18.68 time=12.1m
ep030 step008050 loss=0.47025 ce=1.10876 pair=0.52594 risk=1.47956 lr=0.000112 samples/s=8227 peak_GiB=18.68 time=12.2m
ep030 step008100 loss=0.47085 ce=1.10994 pair=0.52743 risk=1.48149 lr=0.000112 samples/s=8155 peak_GiB=18.68 time=12.3m
[eval epoch 30 classification] macro_top1=0.4716 top2=0.8074 top3=0.9172 vs_sbs=-0.832% vbs_closed=+25.34%
          classification_top1=0.4716 performance_top1=0.2878 classification_CE=1.12271 performance_MSE=0.91214
       TSP: top1=0.362 mean_cost=7.9158 (sbs=7.9578) vs_sbs=-0.53%
      CVRP: top1=0.438 mean_cost=18.2266 (sbs=18.2943) vs_sbs=-0.37%
      ATSP: top1=0.759 mean_cost=1.6386 (sbs=1.6735) vs_sbs=-2.09%
      OVRP: top1=0.318 mean_cost=7.4596 (sbs=7.4617) vs_sbs=-0.03%
      VRPB: top1=0.551 mean_cost=9.3320 (sbs=9.3403) vs_sbs=-0.09%
      VRPL: top1=0.318 mean_cost=12.4055 (sbs=12.4072) vs_sbs=-0.01%
     VRPTW: top1=0.397 mean_cost=18.1294 (sbs=18.6571) vs_sbs=-2.83%
    OVRPTW: top1=0.507 mean_cost=10.0417 (sbs=10.0484) vs_sbs=-0.07%
     OVRPB: top1=0.579 mean_cost=6.3160 (sbs=6.3220) vs_sbs=-0.10%
     OVRPL: top1=0.350 mean_cost=7.4356 (sbs=7.4376) vs_sbs=-0.03%
     VRPBL: top1=0.555 mean_cost=9.3540 (sbs=9.3593) vs_sbs=-0.06%
    VRPBTW: top1=0.450 mean_cost=19.0654 (sbs=19.6697) vs_sbs=-3.07%
    VRPLTW: top1=0.416 mean_cost=17.9495 (sbs=18.5091) vs_sbs=-3.02%
    OVRPBL: top1=0.575 mean_cost=6.3043 (sbs=6.3103) vs_sbs=-0.09%
   OVRPBTW: top1=0.508 mean_cost=10.4984 (sbs=10.5068) vs_sbs=-0.08%
   OVRPLTW: top1=0.504 mean_cost=10.1256 (sbs=10.1272) vs_sbs=-0.02%
   VRPBLTW: top1=0.403 mean_cost=19.0427 (sbs=19.5198) vs_sbs=-2.44%
  OVRPBLTW: top1=0.499 mean_cost=10.5349 (sbs=10.5412) vs_sbs=-0.06%
[epoch done 30] updates=8100 skipped_attempts_total=3 grad=0.5526 elapsed=12.4m
ep031 step008150 loss=0.47457 ce=1.11291 pair=0.54033 risk=1.55098 lr=0.000107 samples/s=7847 peak_GiB=18.68 time=12.5m
ep031 step008200 loss=0.47456 ce=1.11503 pair=0.53819 risk=1.52422 lr=0.000107 samples/s=8189 peak_GiB=18.68 time=12.6m
ep031 step008250 loss=0.47283 ce=1.11278 pair=0.53224 risk=1.50644 lr=0.000107 samples/s=8309 peak_GiB=18.68 time=12.7m
ep031 step008300 loss=0.47344 ce=1.11431 pair=0.53325 risk=1.50533 lr=0.000107 samples/s=8016 peak_GiB=18.68 time=12.7m
ep031 step008350 loss=0.47269 ce=1.11303 pair=0.53112 risk=1.50109 lr=0.000107 samples/s=8120 peak_GiB=18.68 time=12.8m
[eval epoch 31 classification] macro_top1=0.4791 top2=0.8174 top3=0.9234 vs_sbs=-1.042% vbs_closed=+29.99%
          classification_top1=0.4791 performance_top1=0.2727 classification_CE=1.10699 performance_MSE=0.91221
       TSP: top1=0.377 mean_cost=7.9130 (sbs=7.9578) vs_sbs=-0.56%
      CVRP: top1=0.485 mean_cost=18.2070 (sbs=18.2943) vs_sbs=-0.48%
      ATSP: top1=0.782 mean_cost=1.6355 (sbs=1.6735) vs_sbs=-2.27%
      OVRP: top1=0.318 mean_cost=7.4602 (sbs=7.4617) vs_sbs=-0.02%
      VRPB: top1=0.549 mean_cost=9.3327 (sbs=9.3403) vs_sbs=-0.08%
      VRPL: top1=0.310 mean_cost=12.4046 (sbs=12.4072) vs_sbs=-0.02%
     VRPTW: top1=0.443 mean_cost=17.9041 (sbs=18.6571) vs_sbs=-4.04%
    OVRPTW: top1=0.506 mean_cost=10.0383 (sbs=10.0484) vs_sbs=-0.10%
     OVRPB: top1=0.564 mean_cost=6.3201 (sbs=6.3220) vs_sbs=-0.03%
     OVRPL: top1=0.354 mean_cost=7.4356 (sbs=7.4376) vs_sbs=-0.03%
     VRPBL: top1=0.541 mean_cost=9.3559 (sbs=9.3593) vs_sbs=-0.04%
    VRPBTW: top1=0.438 mean_cost=19.0477 (sbs=19.6697) vs_sbs=-3.16%
    VRPLTW: top1=0.455 mean_cost=17.6382 (sbs=18.5091) vs_sbs=-4.71%
    OVRPBL: top1=0.587 mean_cost=6.3019 (sbs=6.3103) vs_sbs=-0.13%
   OVRPBTW: top1=0.495 mean_cost=10.5001 (sbs=10.5068) vs_sbs=-0.06%
   OVRPLTW: top1=0.507 mean_cost=10.1249 (sbs=10.1272) vs_sbs=-0.02%
   VRPBLTW: top1=0.418 mean_cost=18.9506 (sbs=19.5198) vs_sbs=-2.92%
  OVRPBLTW: top1=0.494 mean_cost=10.5324 (sbs=10.5412) vs_sbs=-0.08%
[save] best.pt epoch=31 val_vs_sbs=-1.04153%
[epoch done 31] updates=8370 skipped_attempts_total=3 grad=0.5363 elapsed=12.8m
ep032 step008400 loss=0.47046 ce=1.11429 pair=0.51969 risk=1.42426 lr=0.000101 samples/s=8554 peak_GiB=18.68 time=12.9m
ep032 step008450 loss=0.46218 ce=1.08985 pair=0.51584 risk=1.45761 lr=0.000101 samples/s=8556 peak_GiB=18.68 time=12.9m
ep032 step008500 loss=0.46403 ce=1.09646 pair=0.51268 risk=1.45014 lr=0.000101 samples/s=8274 peak_GiB=18.68 time=13.0m
ep032 step008550 loss=0.46721 ce=1.10370 pair=0.51769 risk=1.45719 lr=0.000101 samples/s=8149 peak_GiB=18.68 time=13.1m
ep032 step008600 loss=0.46912 ce=1.10845 pair=0.52042 risk=1.45604 lr=0.000101 samples/s=8082 peak_GiB=18.68 time=13.2m
[eval epoch 32 classification] macro_top1=0.4826 top2=0.8142 top3=0.9218 vs_sbs=-1.031% vbs_closed=+29.95%
          classification_top1=0.4826 performance_top1=0.2943 classification_CE=1.10895 performance_MSE=0.91258
       TSP: top1=0.384 mean_cost=7.9128 (sbs=7.9578) vs_sbs=-0.57%
      CVRP: top1=0.449 mean_cost=18.2175 (sbs=18.2943) vs_sbs=-0.42%
      ATSP: top1=0.773 mean_cost=1.6366 (sbs=1.6735) vs_sbs=-2.20%
      OVRP: top1=0.356 mean_cost=7.4557 (sbs=7.4617) vs_sbs=-0.08%
      VRPB: top1=0.552 mean_cost=9.3334 (sbs=9.3403) vs_sbs=-0.07%
      VRPL: top1=0.312 mean_cost=12.4036 (sbs=12.4072) vs_sbs=-0.03%
     VRPTW: top1=0.463 mean_cost=17.9033 (sbs=18.6571) vs_sbs=-4.04%
    OVRPTW: top1=0.510 mean_cost=10.0401 (sbs=10.0484) vs_sbs=-0.08%
     OVRPB: top1=0.562 mean_cost=6.3192 (sbs=6.3220) vs_sbs=-0.04%
     OVRPL: top1=0.360 mean_cost=7.4364 (sbs=7.4376) vs_sbs=-0.02%
     VRPBL: top1=0.554 mean_cost=9.3527 (sbs=9.3593) vs_sbs=-0.07%
    VRPBTW: top1=0.426 mean_cost=19.0629 (sbs=19.6697) vs_sbs=-3.09%
    VRPLTW: top1=0.448 mean_cost=17.6461 (sbs=18.5091) vs_sbs=-4.66%
    OVRPBL: top1=0.582 mean_cost=6.3045 (sbs=6.3103) vs_sbs=-0.09%
   OVRPBTW: top1=0.506 mean_cost=10.4956 (sbs=10.5068) vs_sbs=-0.11%
   OVRPLTW: top1=0.519 mean_cost=10.1246 (sbs=10.1272) vs_sbs=-0.03%
   VRPBLTW: top1=0.425 mean_cost=18.9585 (sbs=19.5198) vs_sbs=-2.88%
  OVRPBLTW: top1=0.506 mean_cost=10.5326 (sbs=10.5412) vs_sbs=-0.08%
[epoch done 32] updates=8640 skipped_attempts_total=3 grad=0.6681 elapsed=13.2m
ep033 step008650 loss=0.46906 ce=1.11789 pair=0.50676 risk=1.35625 lr=9.54e-05 samples/s=8541 peak_GiB=18.68 time=13.2m
ep033 step008700 loss=0.47430 ce=1.12270 pair=0.52376 risk=1.44911 lr=9.54e-05 samples/s=7960 peak_GiB=18.68 time=13.3m
ep033 step008750 loss=0.46835 ce=1.10508 pair=0.52236 risk=1.46678 lr=9.54e-05 samples/s=8226 peak_GiB=18.68 time=13.4m
ep033 step008800 loss=0.47286 ce=1.11550 pair=0.52966 risk=1.47334 lr=9.54e-05 samples/s=8106 peak_GiB=18.68 time=13.4m
[AMP retry] attempt=1 scale=65536->32768
ep033 step008850 loss=0.47493 ce=1.11869 pair=0.53677 risk=1.48555 lr=9.54e-05 samples/s=7867 peak_GiB=18.68 time=13.5m
ep033 step008900 loss=0.47493 ce=1.11914 pair=0.53520 risk=1.48568 lr=9.54e-05 samples/s=7991 peak_GiB=18.68 time=13.6m
[eval epoch 33 classification] macro_top1=0.4668 top2=0.8033 top3=0.9117 vs_sbs=-1.003% vbs_closed=+26.48%
          classification_top1=0.4668 performance_top1=0.2899 classification_CE=1.13923 performance_MSE=0.91683
       TSP: top1=0.376 mean_cost=7.9163 (sbs=7.9578) vs_sbs=-0.52%
      CVRP: top1=0.249 mean_cost=18.3075 (sbs=18.2943) vs_sbs=+0.07%
      ATSP: top1=0.776 mean_cost=1.6358 (sbs=1.6735) vs_sbs=-2.25%
      OVRP: top1=0.313 mean_cost=7.4586 (sbs=7.4617) vs_sbs=-0.04%
      VRPB: top1=0.552 mean_cost=9.3327 (sbs=9.3403) vs_sbs=-0.08%
      VRPL: top1=0.314 mean_cost=12.4049 (sbs=12.4072) vs_sbs=-0.02%
     VRPTW: top1=0.432 mean_cost=17.9068 (sbs=18.6571) vs_sbs=-4.02%
    OVRPTW: top1=0.503 mean_cost=10.0417 (sbs=10.0484) vs_sbs=-0.07%
     OVRPB: top1=0.559 mean_cost=6.3199 (sbs=6.3220) vs_sbs=-0.03%
     OVRPL: top1=0.359 mean_cost=7.4360 (sbs=7.4376) vs_sbs=-0.02%
     VRPBL: top1=0.540 mean_cost=9.3568 (sbs=9.3593) vs_sbs=-0.03%
    VRPBTW: top1=0.455 mean_cost=19.0378 (sbs=19.6697) vs_sbs=-3.21%
    VRPLTW: top1=0.449 mean_cost=17.6508 (sbs=18.5091) vs_sbs=-4.64%
    OVRPBL: top1=0.571 mean_cost=6.3038 (sbs=6.3103) vs_sbs=-0.10%
   OVRPBTW: top1=0.508 mean_cost=10.4996 (sbs=10.5068) vs_sbs=-0.07%
   OVRPLTW: top1=0.513 mean_cost=10.1244 (sbs=10.1272) vs_sbs=-0.03%
   VRPBLTW: top1=0.426 mean_cost=18.9555 (sbs=19.5198) vs_sbs=-2.89%
  OVRPBLTW: top1=0.508 mean_cost=10.5301 (sbs=10.5412) vs_sbs=-0.11%
[epoch done 33] updates=8910 skipped_attempts_total=4 grad=0.6663 elapsed=13.6m
ep034 step008950 loss=0.46563 ce=1.10621 pair=0.50621 risk=1.39152 lr=8.99e-05 samples/s=8559 peak_GiB=18.68 time=13.7m
ep034 step009000 loss=0.46519 ce=1.10065 pair=0.51151 risk=1.44071 lr=8.99e-05 samples/s=8155 peak_GiB=18.68 time=13.7m
ep034 step009050 loss=0.46497 ce=1.10036 pair=0.51027 risk=1.44073 lr=8.99e-05 samples/s=8296 peak_GiB=18.68 time=13.8m
ep034 step009100 loss=0.46889 ce=1.10865 pair=0.51727 risk=1.45668 lr=8.99e-05 samples/s=7993 peak_GiB=18.68 time=13.9m
ep034 step009150 loss=0.46699 ce=1.10326 pair=0.51724 risk=1.45621 lr=8.99e-05 samples/s=8108 peak_GiB=18.68 time=13.9m
[eval epoch 34 classification] macro_top1=0.4796 top2=0.8161 top3=0.9237 vs_sbs=-1.049% vbs_closed=+30.12%
          classification_top1=0.4796 performance_top1=0.2905 classification_CE=1.10621 performance_MSE=0.91594
       TSP: top1=0.378 mean_cost=7.9120 (sbs=7.9578) vs_sbs=-0.58%
      CVRP: top1=0.448 mean_cost=18.2267 (sbs=18.2943) vs_sbs=-0.37%
      ATSP: top1=0.773 mean_cost=1.6353 (sbs=1.6735) vs_sbs=-2.28%
      OVRP: top1=0.321 mean_cost=7.4599 (sbs=7.4617) vs_sbs=-0.02%
      VRPB: top1=0.546 mean_cost=9.3334 (sbs=9.3403) vs_sbs=-0.07%
      VRPL: top1=0.305 mean_cost=12.4046 (sbs=12.4072) vs_sbs=-0.02%
     VRPTW: top1=0.422 mean_cost=17.9057 (sbs=18.6571) vs_sbs=-4.03%
    OVRPTW: top1=0.516 mean_cost=10.0389 (sbs=10.0484) vs_sbs=-0.10%
     OVRPB: top1=0.570 mean_cost=6.3182 (sbs=6.3220) vs_sbs=-0.06%
     OVRPL: top1=0.370 mean_cost=7.4327 (sbs=7.4376) vs_sbs=-0.06%
     VRPBL: top1=0.539 mean_cost=9.3560 (sbs=9.3593) vs_sbs=-0.03%
    VRPBTW: top1=0.463 mean_cost=19.0322 (sbs=19.6697) vs_sbs=-3.24%
    VRPLTW: top1=0.469 mean_cost=17.6276 (sbs=18.5091) vs_sbs=-4.76%
    OVRPBL: top1=0.582 mean_cost=6.3033 (sbs=6.3103) vs_sbs=-0.11%
   OVRPBTW: top1=0.492 mean_cost=10.4962 (sbs=10.5068) vs_sbs=-0.10%
   OVRPLTW: top1=0.510 mean_cost=10.1253 (sbs=10.1272) vs_sbs=-0.02%
   VRPBLTW: top1=0.421 mean_cost=18.9502 (sbs=19.5198) vs_sbs=-2.92%
  OVRPBLTW: top1=0.507 mean_cost=10.5305 (sbs=10.5412) vs_sbs=-0.10%
[save] best.pt epoch=34 val_vs_sbs=-1.04902%
[epoch done 34] updates=9180 skipped_attempts_total=4 grad=0.6222 elapsed=14.0m
ep035 step009200 loss=0.46045 ce=1.08563 pair=0.51098 risk=1.46902 lr=8.44e-05 samples/s=8537 peak_GiB=18.68 time=14.0m
ep035 step009250 loss=0.46072 ce=1.08972 pair=0.50486 risk=1.44178 lr=8.44e-05 samples/s=8030 peak_GiB=18.68 time=14.1m
ep035 step009300 loss=0.46207 ce=1.09301 pair=0.50792 risk=1.43644 lr=8.44e-05 samples/s=7956 peak_GiB=18.68 time=14.2m
ep035 step009350 loss=0.46280 ce=1.09233 pair=0.51335 risk=1.45717 lr=8.44e-05 samples/s=8336 peak_GiB=18.68 time=14.2m
ep035 step009400 loss=0.46604 ce=1.10274 pair=0.51356 risk=1.43603 lr=8.44e-05 samples/s=8219 peak_GiB=18.68 time=14.3m
ep035 step009450 loss=0.46634 ce=1.10110 pair=0.51775 risk=1.45928 lr=8.44e-05 samples/s=8147 peak_GiB=18.68 time=14.3m
[eval epoch 35 classification] macro_top1=0.4742 top2=0.8123 top3=0.9178 vs_sbs=-0.996% vbs_closed=+27.95%
          classification_top1=0.4742 performance_top1=0.2868 classification_CE=1.12405 performance_MSE=0.91557
       TSP: top1=0.368 mean_cost=7.9229 (sbs=7.9578) vs_sbs=-0.44%
      CVRP: top1=0.486 mean_cost=18.2133 (sbs=18.2943) vs_sbs=-0.44%
      ATSP: top1=0.777 mean_cost=1.6357 (sbs=1.6735) vs_sbs=-2.26%
      OVRP: top1=0.303 mean_cost=7.4604 (sbs=7.4617) vs_sbs=-0.02%
      VRPB: top1=0.557 mean_cost=9.3323 (sbs=9.3403) vs_sbs=-0.09%
      VRPL: top1=0.314 mean_cost=12.4035 (sbs=12.4072) vs_sbs=-0.03%
     VRPTW: top1=0.434 mean_cost=17.9184 (sbs=18.6571) vs_sbs=-3.96%
    OVRPTW: top1=0.519 mean_cost=10.0388 (sbs=10.0484) vs_sbs=-0.10%
     OVRPB: top1=0.570 mean_cost=6.3198 (sbs=6.3220) vs_sbs=-0.04%
     OVRPL: top1=0.348 mean_cost=7.4344 (sbs=7.4376) vs_sbs=-0.04%
     VRPBL: top1=0.535 mean_cost=9.3582 (sbs=9.3593) vs_sbs=-0.01%
    VRPBTW: top1=0.415 mean_cost=19.1026 (sbs=19.6697) vs_sbs=-2.88%
    VRPLTW: top1=0.443 mean_cost=17.6434 (sbs=18.5091) vs_sbs=-4.68%
    OVRPBL: top1=0.553 mean_cost=6.3066 (sbs=6.3103) vs_sbs=-0.06%
   OVRPBTW: top1=0.504 mean_cost=10.5028 (sbs=10.5068) vs_sbs=-0.04%
   OVRPLTW: top1=0.498 mean_cost=10.1258 (sbs=10.1272) vs_sbs=-0.01%
   VRPBLTW: top1=0.412 mean_cost=18.9808 (sbs=19.5198) vs_sbs=-2.76%
  OVRPBLTW: top1=0.499 mean_cost=10.5337 (sbs=10.5412) vs_sbs=-0.07%
[epoch done 35] updates=9450 skipped_attempts_total=4 grad=0.6070 elapsed=14.5m
ep036 step009500 loss=0.48038 ce=1.13276 pair=0.54151 risk=1.48819 lr=7.9e-05 samples/s=7830 peak_GiB=18.68 time=14.6m
ep036 step009550 loss=0.47021 ce=1.10954 pair=0.52472 risk=1.46982 lr=7.9e-05 samples/s=8183 peak_GiB=18.68 time=14.7m
ep036 step009600 loss=0.46680 ce=1.10090 pair=0.52156 risk=1.46656 lr=7.9e-05 samples/s=8069 peak_GiB=18.68 time=14.7m
ep036 step009650 loss=0.46504 ce=1.09838 pair=0.51520 risk=1.45412 lr=7.9e-05 samples/s=8187 peak_GiB=18.68 time=14.8m
ep036 step009700 loss=0.46630 ce=1.10183 pair=0.51604 risk=1.45297 lr=7.9e-05 samples/s=8117 peak_GiB=18.68 time=14.9m
[eval epoch 36 classification] macro_top1=0.4743 top2=0.8123 top3=0.9202 vs_sbs=-1.006% vbs_closed=+26.59%
          classification_top1=0.4743 performance_top1=0.2890 classification_CE=1.12083 performance_MSE=0.91692
       TSP: top1=0.379 mean_cost=7.9164 (sbs=7.9578) vs_sbs=-0.52%
      CVRP: top1=0.356 mean_cost=18.3149 (sbs=18.2943) vs_sbs=+0.11%
      ATSP: top1=0.774 mean_cost=1.6354 (sbs=1.6735) vs_sbs=-2.28%
      OVRP: top1=0.321 mean_cost=7.4588 (sbs=7.4617) vs_sbs=-0.04%
      VRPB: top1=0.553 mean_cost=9.3328 (sbs=9.3403) vs_sbs=-0.08%
      VRPL: top1=0.300 mean_cost=12.4042 (sbs=12.4072) vs_sbs=-0.02%
     VRPTW: top1=0.441 mean_cost=17.9114 (sbs=18.6571) vs_sbs=-4.00%
    OVRPTW: top1=0.518 mean_cost=10.0397 (sbs=10.0484) vs_sbs=-0.09%
     OVRPB: top1=0.568 mean_cost=6.3190 (sbs=6.3220) vs_sbs=-0.05%
     OVRPL: top1=0.392 mean_cost=7.4324 (sbs=7.4376) vs_sbs=-0.07%
     VRPBL: top1=0.540 mean_cost=9.3570 (sbs=9.3593) vs_sbs=-0.02%
    VRPBTW: top1=0.440 mean_cost=19.0449 (sbs=19.6697) vs_sbs=-3.18%
    VRPLTW: top1=0.456 mean_cost=17.6345 (sbs=18.5091) vs_sbs=-4.73%
    OVRPBL: top1=0.565 mean_cost=6.3060 (sbs=6.3103) vs_sbs=-0.07%
   OVRPBTW: top1=0.508 mean_cost=10.4989 (sbs=10.5068) vs_sbs=-0.08%
   OVRPLTW: top1=0.501 mean_cost=10.1252 (sbs=10.1272) vs_sbs=-0.02%
   VRPBLTW: top1=0.425 mean_cost=18.9513 (sbs=19.5198) vs_sbs=-2.91%
  OVRPBLTW: top1=0.501 mean_cost=10.5328 (sbs=10.5412) vs_sbs=-0.08%
[epoch done 36] updates=9720 skipped_attempts_total=4 grad=0.6144 elapsed=14.9m
ep037 step009750 loss=0.46293 ce=1.09557 pair=0.50792 risk=1.43454 lr=7.36e-05 samples/s=8545 peak_GiB=18.68 time=15.0m
ep037 step009800 loss=0.45801 ce=1.08163 pair=0.50662 risk=1.43887 lr=7.36e-05 samples/s=8096 peak_GiB=18.68 time=15.0m
ep037 step009850 loss=0.45881 ce=1.08601 pair=0.50298 risk=1.42056 lr=7.36e-05 samples/s=8264 peak_GiB=18.68 time=15.1m
ep037 step009900 loss=0.46275 ce=1.09469 pair=0.50855 risk=1.43750 lr=7.36e-05 samples/s=8143 peak_GiB=18.68 time=15.2m
ep037 step009950 loss=0.46183 ce=1.09304 pair=0.50594 risk=1.43351 lr=7.36e-05 samples/s=8077 peak_GiB=18.68 time=15.2m
[eval epoch 37 classification] macro_top1=0.4801 top2=0.8166 top3=0.9244 vs_sbs=-1.004% vbs_closed=+29.36%
          classification_top1=0.4801 performance_top1=0.3082 classification_CE=1.10604 performance_MSE=0.92021
       TSP: top1=0.368 mean_cost=7.9145 (sbs=7.9578) vs_sbs=-0.54%
      CVRP: top1=0.479 mean_cost=18.2030 (sbs=18.2943) vs_sbs=-0.50%
      ATSP: top1=0.783 mean_cost=1.6352 (sbs=1.6735) vs_sbs=-2.29%
      OVRP: top1=0.327 mean_cost=7.4590 (sbs=7.4617) vs_sbs=-0.04%
      VRPB: top1=0.551 mean_cost=9.3322 (sbs=9.3403) vs_sbs=-0.09%
      VRPL: top1=0.304 mean_cost=12.4032 (sbs=12.4072) vs_sbs=-0.03%
     VRPTW: top1=0.426 mean_cost=18.0335 (sbs=18.6571) vs_sbs=-3.34%
    OVRPTW: top1=0.512 mean_cost=10.0419 (sbs=10.0484) vs_sbs=-0.07%
     OVRPB: top1=0.571 mean_cost=6.3194 (sbs=6.3220) vs_sbs=-0.04%
     OVRPL: top1=0.390 mean_cost=7.4326 (sbs=7.4376) vs_sbs=-0.07%
     VRPBL: top1=0.535 mean_cost=9.3570 (sbs=9.3593) vs_sbs=-0.02%
    VRPBTW: top1=0.440 mean_cost=19.0385 (sbs=19.6697) vs_sbs=-3.21%
    VRPLTW: top1=0.463 mean_cost=17.6348 (sbs=18.5091) vs_sbs=-4.72%
    OVRPBL: top1=0.575 mean_cost=6.3046 (sbs=6.3103) vs_sbs=-0.09%
   OVRPBTW: top1=0.495 mean_cost=10.4996 (sbs=10.5068) vs_sbs=-0.07%
   OVRPLTW: top1=0.499 mean_cost=10.1262 (sbs=10.1272) vs_sbs=-0.01%
   VRPBLTW: top1=0.420 mean_cost=18.9596 (sbs=19.5198) vs_sbs=-2.87%
  OVRPBLTW: top1=0.503 mean_cost=10.5332 (sbs=10.5412) vs_sbs=-0.08%
[epoch done 37] updates=9990 skipped_attempts_total=4 grad=0.5875 elapsed=15.3m
ep038 step010000 loss=0.52003 ce=1.22185 pair=0.60773 risk=1.58032 lr=6.83e-05 samples/s=5879 peak_GiB=18.68 time=15.3m
ep038 step010050 loss=0.46512 ce=1.10503 pair=0.50373 risk=1.39914 lr=6.83e-05 samples/s=7955 peak_GiB=18.68 time=15.4m
ep038 step010100 loss=0.45999 ce=1.09120 pair=0.49938 risk=1.40669 lr=6.83e-05 samples/s=7905 peak_GiB=18.68 time=15.5m
ep038 step010150 loss=0.46118 ce=1.09278 pair=0.50397 risk=1.41540 lr=6.83e-05 samples/s=8096 peak_GiB=18.68 time=15.5m
ep038 step010200 loss=0.45904 ce=1.08774 pair=0.50106 risk=1.41112 lr=6.83e-05 samples/s=8203 peak_GiB=18.68 time=15.6m
ep038 step010250 loss=0.45891 ce=1.08745 pair=0.50023 risk=1.41394 lr=6.83e-05 samples/s=8132 peak_GiB=18.68 time=15.6m
[eval epoch 38 classification] macro_top1=0.4789 top2=0.8186 top3=0.9255 vs_sbs=-1.024% vbs_closed=+29.49%
          classification_top1=0.4789 performance_top1=0.2838 classification_CE=1.10081 performance_MSE=0.91950
       TSP: top1=0.382 mean_cost=7.9141 (sbs=7.9578) vs_sbs=-0.55%
      CVRP: top1=0.484 mean_cost=18.2067 (sbs=18.2943) vs_sbs=-0.48%
      ATSP: top1=0.768 mean_cost=1.6376 (sbs=1.6735) vs_sbs=-2.15%
      OVRP: top1=0.337 mean_cost=7.4574 (sbs=7.4617) vs_sbs=-0.06%
      VRPB: top1=0.559 mean_cost=9.3332 (sbs=9.3403) vs_sbs=-0.08%
      VRPL: top1=0.304 mean_cost=12.4037 (sbs=12.4072) vs_sbs=-0.03%
     VRPTW: top1=0.448 mean_cost=17.9085 (sbs=18.6571) vs_sbs=-4.01%
    OVRPTW: top1=0.516 mean_cost=10.0419 (sbs=10.0484) vs_sbs=-0.07%
     OVRPB: top1=0.576 mean_cost=6.3182 (sbs=6.3220) vs_sbs=-0.06%
     OVRPL: top1=0.369 mean_cost=7.4322 (sbs=7.4376) vs_sbs=-0.07%
     VRPBL: top1=0.534 mean_cost=9.3555 (sbs=9.3593) vs_sbs=-0.04%
    VRPBTW: top1=0.420 mean_cost=19.0656 (sbs=19.6697) vs_sbs=-3.07%
    VRPLTW: top1=0.443 mean_cost=17.6370 (sbs=18.5091) vs_sbs=-4.71%
    OVRPBL: top1=0.553 mean_cost=6.3085 (sbs=6.3103) vs_sbs=-0.03%
   OVRPBTW: top1=0.506 mean_cost=10.5007 (sbs=10.5068) vs_sbs=-0.06%
   OVRPLTW: top1=0.504 mean_cost=10.1252 (sbs=10.1272) vs_sbs=-0.02%
   VRPBLTW: top1=0.411 mean_cost=18.9589 (sbs=19.5198) vs_sbs=-2.87%
  OVRPBLTW: top1=0.507 mean_cost=10.5325 (sbs=10.5412) vs_sbs=-0.08%
[epoch done 38] updates=10260 skipped_attempts_total=4 grad=0.5388 elapsed=15.7m
ep039 step010300 loss=0.44616 ce=1.05675 pair=0.48590 risk=1.38528 lr=6.31e-05 samples/s=8539 peak_GiB=18.68 time=15.7m
ep039 step010350 loss=0.45896 ce=1.08729 pair=0.50219 risk=1.40923 lr=6.31e-05 samples/s=8137 peak_GiB=18.68 time=15.8m
ep039 step010400 loss=0.46040 ce=1.09117 pair=0.50290 risk=1.41005 lr=6.31e-05 samples/s=8027 peak_GiB=18.68 time=15.9m
ep039 step010450 loss=0.46238 ce=1.09593 pair=0.50492 risk=1.41560 lr=6.31e-05 samples/s=7981 peak_GiB=18.68 time=15.9m
ep039 step010500 loss=0.45973 ce=1.09008 pair=0.50048 risk=1.40797 lr=6.31e-05 samples/s=8242 peak_GiB=18.68 time=16.0m
[eval epoch 39 classification] macro_top1=0.4823 top2=0.8181 top3=0.9244 vs_sbs=-1.030% vbs_closed=+30.02%
          classification_top1=0.4823 performance_top1=0.3174 classification_CE=1.10743 performance_MSE=0.91804
       TSP: top1=0.377 mean_cost=7.9180 (sbs=7.9578) vs_sbs=-0.50%
      CVRP: top1=0.480 mean_cost=18.2064 (sbs=18.2943) vs_sbs=-0.48%
      ATSP: top1=0.782 mean_cost=1.6350 (sbs=1.6735) vs_sbs=-2.30%
      OVRP: top1=0.344 mean_cost=7.4568 (sbs=7.4617) vs_sbs=-0.07%
      VRPB: top1=0.553 mean_cost=9.3319 (sbs=9.3403) vs_sbs=-0.09%
      VRPL: top1=0.318 mean_cost=12.4017 (sbs=12.4072) vs_sbs=-0.04%
     VRPTW: top1=0.433 mean_cost=17.9334 (sbs=18.6571) vs_sbs=-3.88%
    OVRPTW: top1=0.508 mean_cost=10.0417 (sbs=10.0484) vs_sbs=-0.07%
     OVRPB: top1=0.571 mean_cost=6.3179 (sbs=6.3220) vs_sbs=-0.06%
     OVRPL: top1=0.379 mean_cost=7.4320 (sbs=7.4376) vs_sbs=-0.07%
     VRPBL: top1=0.533 mean_cost=9.3588 (sbs=9.3593) vs_sbs=-0.00%
    VRPBTW: top1=0.455 mean_cost=19.0429 (sbs=19.6697) vs_sbs=-3.19%
    VRPLTW: top1=0.443 mean_cost=17.6438 (sbs=18.5091) vs_sbs=-4.68%
    OVRPBL: top1=0.582 mean_cost=6.3044 (sbs=6.3103) vs_sbs=-0.09%
   OVRPBTW: top1=0.497 mean_cost=10.5014 (sbs=10.5068) vs_sbs=-0.05%
   OVRPLTW: top1=0.509 mean_cost=10.1254 (sbs=10.1272) vs_sbs=-0.02%
   VRPBLTW: top1=0.411 mean_cost=18.9629 (sbs=19.5198) vs_sbs=-2.85%
  OVRPBLTW: top1=0.506 mean_cost=10.5315 (sbs=10.5412) vs_sbs=-0.09%
[epoch done 39] updates=10530 skipped_attempts_total=4 grad=0.5580 elapsed=16.1m
ep040 step010550 loss=0.45752 ce=1.08754 pair=0.49386 risk=1.37467 lr=5.8e-05 samples/s=8526 peak_GiB=18.68 time=16.1m
ep040 step010600 loss=0.45987 ce=1.09032 pair=0.50142 risk=1.40573 lr=5.8e-05 samples/s=8027 peak_GiB=18.68 time=16.2m
ep040 step010650 loss=0.46147 ce=1.09501 pair=0.50261 risk=1.39803 lr=5.8e-05 samples/s=7950 peak_GiB=18.68 time=16.2m
ep040 step010700 loss=0.45943 ce=1.08721 pair=0.50525 risk=1.41900 lr=5.8e-05 samples/s=8328 peak_GiB=18.68 time=16.3m
ep040 step010750 loss=0.45856 ce=1.08757 pair=0.49822 risk=1.40427 lr=5.8e-05 samples/s=8213 peak_GiB=18.68 time=16.3m
ep040 step010800 loss=0.45886 ce=1.08822 pair=0.49870 risk=1.40585 lr=5.8e-05 samples/s=8144 peak_GiB=18.68 time=16.4m
[eval epoch 40 classification] macro_top1=0.4816 top2=0.8175 top3=0.9251 vs_sbs=-1.017% vbs_closed=+29.26%
          classification_top1=0.4816 performance_top1=0.3016 classification_CE=1.10336 performance_MSE=0.92155
       TSP: top1=0.371 mean_cost=7.9168 (sbs=7.9578) vs_sbs=-0.51%
      CVRP: top1=0.490 mean_cost=18.2055 (sbs=18.2943) vs_sbs=-0.49%
      ATSP: top1=0.783 mean_cost=1.6349 (sbs=1.6735) vs_sbs=-2.31%
      OVRP: top1=0.342 mean_cost=7.4562 (sbs=7.4617) vs_sbs=-0.07%
      VRPB: top1=0.547 mean_cost=9.3346 (sbs=9.3403) vs_sbs=-0.06%
      VRPL: top1=0.300 mean_cost=12.4055 (sbs=12.4072) vs_sbs=-0.01%
     VRPTW: top1=0.450 mean_cost=17.9195 (sbs=18.6571) vs_sbs=-3.95%
    OVRPTW: top1=0.507 mean_cost=10.0427 (sbs=10.0484) vs_sbs=-0.06%
     OVRPB: top1=0.564 mean_cost=6.3194 (sbs=6.3220) vs_sbs=-0.04%
     OVRPL: top1=0.400 mean_cost=7.4314 (sbs=7.4376) vs_sbs=-0.08%
     VRPBL: top1=0.532 mean_cost=9.3584 (sbs=9.3593) vs_sbs=-0.01%
    VRPBTW: top1=0.430 mean_cost=19.0602 (sbs=19.6697) vs_sbs=-3.10%
    VRPLTW: top1=0.449 mean_cost=17.6729 (sbs=18.5091) vs_sbs=-4.52%
    OVRPBL: top1=0.576 mean_cost=6.3049 (sbs=6.3103) vs_sbs=-0.09%
   OVRPBTW: top1=0.500 mean_cost=10.5040 (sbs=10.5068) vs_sbs=-0.03%
   OVRPLTW: top1=0.510 mean_cost=10.1229 (sbs=10.1272) vs_sbs=-0.04%
   VRPBLTW: top1=0.416 mean_cost=18.9589 (sbs=19.5198) vs_sbs=-2.87%
  OVRPBLTW: top1=0.502 mean_cost=10.5345 (sbs=10.5412) vs_sbs=-0.06%
[epoch done 40] updates=10800 skipped_attempts_total=4 grad=0.6109 elapsed=16.6m
ep041 step010850 loss=0.45949 ce=1.09133 pair=0.49576 risk=1.39741 lr=5.31e-05 samples/s=7837 peak_GiB=18.68 time=16.7m
ep041 step010900 loss=0.45582 ce=1.08072 pair=0.49406 risk=1.40809 lr=5.31e-05 samples/s=8181 peak_GiB=18.68 time=16.7m
ep041 step010950 loss=0.45569 ce=1.08084 pair=0.49378 risk=1.40077 lr=5.31e-05 samples/s=8302 peak_GiB=18.68 time=16.8m
ep041 step011000 loss=0.45808 ce=1.08744 pair=0.49468 risk=1.40053 lr=5.31e-05 samples/s=7844 peak_GiB=18.68 time=16.9m
ep041 step011050 loss=0.45573 ce=1.08076 pair=0.49409 risk=1.40280 lr=5.31e-05 samples/s=8113 peak_GiB=18.68 time=16.9m
[eval epoch 41 classification] macro_top1=0.4831 top2=0.8178 top3=0.9247 vs_sbs=-1.045% vbs_closed=+30.67%
          classification_top1=0.4831 performance_top1=0.2934 classification_CE=1.10356 performance_MSE=0.92431
       TSP: top1=0.372 mean_cost=7.9167 (sbs=7.9578) vs_sbs=-0.52%
      CVRP: top1=0.486 mean_cost=18.2032 (sbs=18.2943) vs_sbs=-0.50%
      ATSP: top1=0.778 mean_cost=1.6350 (sbs=1.6735) vs_sbs=-2.30%
      OVRP: top1=0.353 mean_cost=7.4558 (sbs=7.4617) vs_sbs=-0.08%
      VRPB: top1=0.550 mean_cost=9.3334 (sbs=9.3403) vs_sbs=-0.07%
      VRPL: top1=0.313 mean_cost=12.4026 (sbs=12.4072) vs_sbs=-0.04%
     VRPTW: top1=0.458 mean_cost=17.9049 (sbs=18.6571) vs_sbs=-4.03%
    OVRPTW: top1=0.507 mean_cost=10.0400 (sbs=10.0484) vs_sbs=-0.08%
     OVRPB: top1=0.565 mean_cost=6.3197 (sbs=6.3220) vs_sbs=-0.04%
     OVRPL: top1=0.390 mean_cost=7.4303 (sbs=7.4376) vs_sbs=-0.10%
     VRPBL: top1=0.547 mean_cost=9.3543 (sbs=9.3593) vs_sbs=-0.05%
    VRPBTW: top1=0.444 mean_cost=19.0470 (sbs=19.6697) vs_sbs=-3.17%
    VRPLTW: top1=0.443 mean_cost=17.6340 (sbs=18.5091) vs_sbs=-4.73%
    OVRPBL: top1=0.571 mean_cost=6.3061 (sbs=6.3103) vs_sbs=-0.07%
   OVRPBTW: top1=0.502 mean_cost=10.4993 (sbs=10.5068) vs_sbs=-0.07%
   OVRPLTW: top1=0.504 mean_cost=10.1248 (sbs=10.1272) vs_sbs=-0.02%
   VRPBLTW: top1=0.404 mean_cost=18.9604 (sbs=19.5198) vs_sbs=-2.87%
  OVRPBLTW: top1=0.508 mean_cost=10.5321 (sbs=10.5412) vs_sbs=-0.09%
[epoch done 41] updates=11070 skipped_attempts_total=4 grad=0.5228 elapsed=17.0m
ep042 step011100 loss=0.45239 ce=1.07049 pair=0.49262 risk=1.42305 lr=4.83e-05 samples/s=7419 peak_GiB=18.68 time=17.0m
ep042 step011150 loss=0.45517 ce=1.08221 pair=0.48844 risk=1.37735 lr=4.83e-05 samples/s=8540 peak_GiB=18.68 time=17.1m
ep042 step011200 loss=0.45287 ce=1.07549 pair=0.48821 risk=1.38151 lr=4.83e-05 samples/s=8256 peak_GiB=18.68 time=17.2m
ep042 step011250 loss=0.45475 ce=1.07940 pair=0.49108 risk=1.39250 lr=4.83e-05 samples/s=8136 peak_GiB=18.68 time=17.2m
ep042 step011300 loss=0.45441 ce=1.07817 pair=0.49182 risk=1.39360 lr=4.83e-05 samples/s=8223 peak_GiB=18.68 time=17.3m
[eval epoch 42 classification] macro_top1=0.4847 top2=0.8174 top3=0.9260 vs_sbs=-1.049% vbs_closed=+31.07%
          classification_top1=0.4847 performance_top1=0.2848 classification_CE=1.10384 performance_MSE=0.92546
       TSP: top1=0.382 mean_cost=7.9140 (sbs=7.9578) vs_sbs=-0.55%
      CVRP: top1=0.467 mean_cost=18.2099 (sbs=18.2943) vs_sbs=-0.46%
      ATSP: top1=0.782 mean_cost=1.6349 (sbs=1.6735) vs_sbs=-2.31%
      OVRP: top1=0.346 mean_cost=7.4556 (sbs=7.4617) vs_sbs=-0.08%
      VRPB: top1=0.555 mean_cost=9.3312 (sbs=9.3403) vs_sbs=-0.10%
      VRPL: top1=0.322 mean_cost=12.4034 (sbs=12.4072) vs_sbs=-0.03%
     VRPTW: top1=0.440 mean_cost=17.9173 (sbs=18.6571) vs_sbs=-3.96%
    OVRPTW: top1=0.512 mean_cost=10.0399 (sbs=10.0484) vs_sbs=-0.08%
     OVRPB: top1=0.572 mean_cost=6.3184 (sbs=6.3220) vs_sbs=-0.06%
     OVRPL: top1=0.401 mean_cost=7.4307 (sbs=7.4376) vs_sbs=-0.09%
     VRPBL: top1=0.546 mean_cost=9.3544 (sbs=9.3593) vs_sbs=-0.05%
    VRPBTW: top1=0.445 mean_cost=19.0451 (sbs=19.6697) vs_sbs=-3.18%
    VRPLTW: top1=0.446 mean_cost=17.6303 (sbs=18.5091) vs_sbs=-4.75%
    OVRPBL: top1=0.572 mean_cost=6.3051 (sbs=6.3103) vs_sbs=-0.08%
   OVRPBTW: top1=0.501 mean_cost=10.5003 (sbs=10.5068) vs_sbs=-0.06%
   OVRPLTW: top1=0.508 mean_cost=10.1235 (sbs=10.1272) vs_sbs=-0.04%
   VRPBLTW: top1=0.422 mean_cost=18.9556 (sbs=19.5198) vs_sbs=-2.89%
  OVRPBLTW: top1=0.505 mean_cost=10.5297 (sbs=10.5412) vs_sbs=-0.11%
[epoch done 42] updates=11340 skipped_attempts_total=4 grad=0.5012 elapsed=17.4m
ep043 step011350 loss=0.45787 ce=1.07219 pair=0.51678 risk=1.54630 lr=4.37e-05 samples/s=8506 peak_GiB=18.68 time=17.4m
ep043 step011400 loss=0.45562 ce=1.08142 pair=0.49426 risk=1.38516 lr=4.37e-05 samples/s=7946 peak_GiB=18.68 time=17.5m
ep043 step011450 loss=0.45396 ce=1.07827 pair=0.48922 risk=1.38229 lr=4.37e-05 samples/s=8208 peak_GiB=18.68 time=17.5m
ep043 step011500 loss=0.45314 ce=1.07736 pair=0.48561 risk=1.37521 lr=4.37e-05 samples/s=8094 peak_GiB=18.68 time=17.6m
ep043 step011550 loss=0.45196 ce=1.07435 pair=0.48376 risk=1.37779 lr=4.37e-05 samples/s=8197 peak_GiB=18.68 time=17.6m
ep043 step011600 loss=0.45226 ce=1.07322 pair=0.48860 risk=1.38879 lr=4.37e-05 samples/s=8262 peak_GiB=18.68 time=17.7m
[eval epoch 43 classification] macro_top1=0.4799 top2=0.8174 top3=0.9243 vs_sbs=-1.016% vbs_closed=+29.18%
          classification_top1=0.4799 performance_top1=0.2834 classification_CE=1.10790 performance_MSE=0.92703
       TSP: top1=0.380 mean_cost=7.9151 (sbs=7.9578) vs_sbs=-0.54%
      CVRP: top1=0.474 mean_cost=18.2054 (sbs=18.2943) vs_sbs=-0.49%
      ATSP: top1=0.777 mean_cost=1.6353 (sbs=1.6735) vs_sbs=-2.28%
      OVRP: top1=0.339 mean_cost=7.4563 (sbs=7.4617) vs_sbs=-0.07%
      VRPB: top1=0.552 mean_cost=9.3327 (sbs=9.3403) vs_sbs=-0.08%
      VRPL: top1=0.318 mean_cost=12.4021 (sbs=12.4072) vs_sbs=-0.04%
     VRPTW: top1=0.462 mean_cost=17.9068 (sbs=18.6571) vs_sbs=-4.02%
    OVRPTW: top1=0.510 mean_cost=10.0437 (sbs=10.0484) vs_sbs=-0.05%
     OVRPB: top1=0.571 mean_cost=6.3188 (sbs=6.3220) vs_sbs=-0.05%
     OVRPL: top1=0.397 mean_cost=7.4313 (sbs=7.4376) vs_sbs=-0.08%
     VRPBL: top1=0.524 mean_cost=9.3611 (sbs=9.3593) vs_sbs=+0.02%
    VRPBTW: top1=0.402 mean_cost=19.0936 (sbs=19.6697) vs_sbs=-2.93%
    VRPLTW: top1=0.428 mean_cost=17.6468 (sbs=18.5091) vs_sbs=-4.66%
    OVRPBL: top1=0.575 mean_cost=6.3061 (sbs=6.3103) vs_sbs=-0.07%
   OVRPBTW: top1=0.514 mean_cost=10.5026 (sbs=10.5068) vs_sbs=-0.04%
   OVRPLTW: top1=0.501 mean_cost=10.1285 (sbs=10.1272) vs_sbs=+0.01%
   VRPBLTW: top1=0.407 mean_cost=18.9629 (sbs=19.5198) vs_sbs=-2.85%
  OVRPBLTW: top1=0.508 mean_cost=10.5332 (sbs=10.5412) vs_sbs=-0.08%
[epoch done 43] updates=11610 skipped_attempts_total=4 grad=0.4820 elapsed=17.8m
ep044 step011650 loss=0.44861 ce=1.06636 pair=0.47857 risk=1.37607 lr=3.93e-05 samples/s=8547 peak_GiB=18.68 time=17.8m
ep044 step011700 loss=0.45194 ce=1.07363 pair=0.48519 risk=1.38249 lr=3.93e-05 samples/s=8140 peak_GiB=18.68 time=17.9m
ep044 step011750 loss=0.45223 ce=1.07320 pair=0.48857 risk=1.38738 lr=3.93e-05 samples/s=8553 peak_GiB=18.68 time=17.9m
ep044 step011800 loss=0.45314 ce=1.07617 pair=0.48780 risk=1.38493 lr=3.93e-05 samples/s=8356 peak_GiB=18.68 time=18.0m
ep044 step011850 loss=0.45406 ce=1.07984 pair=0.48571 risk=1.37735 lr=3.93e-05 samples/s=7956 peak_GiB=18.68 time=18.1m
[eval epoch 44 classification] macro_top1=0.4826 top2=0.8176 top3=0.9248 vs_sbs=-1.032% vbs_closed=+30.26%
          classification_top1=0.4826 performance_top1=0.2853 classification_CE=1.10337 performance_MSE=0.92874
       TSP: top1=0.372 mean_cost=7.9159 (sbs=7.9578) vs_sbs=-0.53%
      CVRP: top1=0.480 mean_cost=18.2065 (sbs=18.2943) vs_sbs=-0.48%
      ATSP: top1=0.781 mean_cost=1.6350 (sbs=1.6735) vs_sbs=-2.30%
      OVRP: top1=0.339 mean_cost=7.4561 (sbs=7.4617) vs_sbs=-0.07%
      VRPB: top1=0.555 mean_cost=9.3330 (sbs=9.3403) vs_sbs=-0.08%
      VRPL: top1=0.326 mean_cost=12.4008 (sbs=12.4072) vs_sbs=-0.05%
     VRPTW: top1=0.444 mean_cost=17.9191 (sbs=18.6571) vs_sbs=-3.96%
    OVRPTW: top1=0.507 mean_cost=10.0429 (sbs=10.0484) vs_sbs=-0.06%
     OVRPB: top1=0.572 mean_cost=6.3182 (sbs=6.3220) vs_sbs=-0.06%
     OVRPL: top1=0.379 mean_cost=7.4323 (sbs=7.4376) vs_sbs=-0.07%
     VRPBL: top1=0.532 mean_cost=9.3561 (sbs=9.3593) vs_sbs=-0.03%
    VRPBTW: top1=0.441 mean_cost=19.0618 (sbs=19.6697) vs_sbs=-3.09%
    VRPLTW: top1=0.440 mean_cost=17.6463 (sbs=18.5091) vs_sbs=-4.66%
    OVRPBL: top1=0.574 mean_cost=6.3050 (sbs=6.3103) vs_sbs=-0.08%
   OVRPBTW: top1=0.508 mean_cost=10.5020 (sbs=10.5068) vs_sbs=-0.05%
   OVRPLTW: top1=0.511 mean_cost=10.1245 (sbs=10.1272) vs_sbs=-0.03%
   VRPBLTW: top1=0.419 mean_cost=18.9553 (sbs=19.5198) vs_sbs=-2.89%
  OVRPBLTW: top1=0.506 mean_cost=10.5320 (sbs=10.5412) vs_sbs=-0.09%
[epoch done 44] updates=11880 skipped_attempts_total=4 grad=0.5146 elapsed=18.1m
ep045 step011900 loss=0.45686 ce=1.07546 pair=0.51178 risk=1.46337 lr=3.5e-05 samples/s=8538 peak_GiB=18.68 time=18.2m
ep045 step011950 loss=0.45078 ce=1.07213 pair=0.48166 risk=1.36848 lr=3.5e-05 samples/s=8028 peak_GiB=18.68 time=18.2m
ep045 step012000 loss=0.45216 ce=1.07575 pair=0.48192 risk=1.37274 lr=3.5e-05 samples/s=7949 peak_GiB=18.68 time=18.3m
ep045 step012050 loss=0.45204 ce=1.07399 pair=0.48508 risk=1.38177 lr=3.5e-05 samples/s=8329 peak_GiB=18.68 time=18.4m
ep045 step012100 loss=0.45111 ce=1.07229 pair=0.48313 risk=1.37450 lr=3.5e-05 samples/s=8211 peak_GiB=18.68 time=18.4m
ep045 step012150 loss=0.45170 ce=1.07368 pair=0.48402 risk=1.37557 lr=3.5e-05 samples/s=8139 peak_GiB=18.68 time=18.5m
[eval epoch 45 classification] macro_top1=0.4826 top2=0.8190 top3=0.9265 vs_sbs=-1.048% vbs_closed=+30.63%
          classification_top1=0.4826 performance_top1=0.3002 classification_CE=1.10455 performance_MSE=0.92410
       TSP: top1=0.374 mean_cost=7.9133 (sbs=7.9578) vs_sbs=-0.56%
      CVRP: top1=0.465 mean_cost=18.2074 (sbs=18.2943) vs_sbs=-0.47%
      ATSP: top1=0.779 mean_cost=1.6350 (sbs=1.6735) vs_sbs=-2.30%
      OVRP: top1=0.348 mean_cost=7.4556 (sbs=7.4617) vs_sbs=-0.08%
      VRPB: top1=0.558 mean_cost=9.3330 (sbs=9.3403) vs_sbs=-0.08%
      VRPL: top1=0.310 mean_cost=12.4050 (sbs=12.4072) vs_sbs=-0.02%
     VRPTW: top1=0.442 mean_cost=17.9197 (sbs=18.6571) vs_sbs=-3.95%
    OVRPTW: top1=0.498 mean_cost=10.0411 (sbs=10.0484) vs_sbs=-0.07%
     OVRPB: top1=0.579 mean_cost=6.3169 (sbs=6.3220) vs_sbs=-0.08%
     OVRPL: top1=0.381 mean_cost=7.4342 (sbs=7.4376) vs_sbs=-0.04%
     VRPBL: top1=0.524 mean_cost=9.3581 (sbs=9.3593) vs_sbs=-0.01%
    VRPBTW: top1=0.432 mean_cost=19.0496 (sbs=19.6697) vs_sbs=-3.15%
    VRPLTW: top1=0.452 mean_cost=17.6267 (sbs=18.5091) vs_sbs=-4.77%
    OVRPBL: top1=0.591 mean_cost=6.3042 (sbs=6.3103) vs_sbs=-0.10%
   OVRPBTW: top1=0.503 mean_cost=10.4976 (sbs=10.5068) vs_sbs=-0.09%
   OVRPLTW: top1=0.517 mean_cost=10.1235 (sbs=10.1272) vs_sbs=-0.04%
   VRPBLTW: top1=0.423 mean_cost=18.9463 (sbs=19.5198) vs_sbs=-2.94%
  OVRPBLTW: top1=0.510 mean_cost=10.5288 (sbs=10.5412) vs_sbs=-0.12%
[epoch done 45] updates=12150 skipped_attempts_total=4 grad=0.4346 elapsed=18.7m
ep046 step012200 loss=0.44973 ce=1.07079 pair=0.47873 risk=1.35387 lr=3.1e-05 samples/s=8548 peak_GiB=18.68 time=18.8m
ep046 step012250 loss=0.45861 ce=1.09083 pair=0.49256 risk=1.37825 lr=3.1e-05 samples/s=7840 peak_GiB=18.68 time=18.8m
ep046 step012300 loss=0.45321 ce=1.07806 pair=0.48533 risk=1.36773 lr=3.1e-05 samples/s=8060 peak_GiB=18.68 time=18.9m
ep046 step012350 loss=0.45127 ce=1.07246 pair=0.48367 risk=1.37726 lr=3.1e-05 samples/s=8177 peak_GiB=18.68 time=18.9m
ep046 step012400 loss=0.45254 ce=1.07590 pair=0.48463 risk=1.37573 lr=3.1e-05 samples/s=8107 peak_GiB=18.68 time=19.0m
[eval epoch 46 classification] macro_top1=0.4840 top2=0.8182 top3=0.9263 vs_sbs=-1.053% vbs_closed=+30.99%
          classification_top1=0.4840 performance_top1=0.2972 classification_CE=1.10264 performance_MSE=0.92255
       TSP: top1=0.378 mean_cost=7.9135 (sbs=7.9578) vs_sbs=-0.56%
      CVRP: top1=0.468 mean_cost=18.2070 (sbs=18.2943) vs_sbs=-0.48%
      ATSP: top1=0.775 mean_cost=1.6353 (sbs=1.6735) vs_sbs=-2.29%
      OVRP: top1=0.353 mean_cost=7.4553 (sbs=7.4617) vs_sbs=-0.08%
      VRPB: top1=0.560 mean_cost=9.3301 (sbs=9.3403) vs_sbs=-0.11%
      VRPL: top1=0.301 mean_cost=12.4064 (sbs=12.4072) vs_sbs=-0.01%
     VRPTW: top1=0.444 mean_cost=17.9161 (sbs=18.6571) vs_sbs=-3.97%
    OVRPTW: top1=0.516 mean_cost=10.0422 (sbs=10.0484) vs_sbs=-0.06%
     OVRPB: top1=0.575 mean_cost=6.3175 (sbs=6.3220) vs_sbs=-0.07%
     OVRPL: top1=0.390 mean_cost=7.4329 (sbs=7.4376) vs_sbs=-0.06%
     VRPBL: top1=0.528 mean_cost=9.3566 (sbs=9.3593) vs_sbs=-0.03%
    VRPBTW: top1=0.440 mean_cost=19.0388 (sbs=19.6697) vs_sbs=-3.21%
    VRPLTW: top1=0.454 mean_cost=17.6323 (sbs=18.5091) vs_sbs=-4.74%
    OVRPBL: top1=0.573 mean_cost=6.3055 (sbs=6.3103) vs_sbs=-0.08%
   OVRPBTW: top1=0.503 mean_cost=10.4956 (sbs=10.5068) vs_sbs=-0.11%
   OVRPLTW: top1=0.514 mean_cost=10.1227 (sbs=10.1272) vs_sbs=-0.04%
   VRPBLTW: top1=0.421 mean_cost=18.9477 (sbs=19.5198) vs_sbs=-2.93%
  OVRPBLTW: top1=0.519 mean_cost=10.5270 (sbs=10.5412) vs_sbs=-0.13%
[save] best.pt epoch=46 val_vs_sbs=-1.05294%
[epoch done 46] updates=12420 skipped_attempts_total=4 grad=0.4643 elapsed=19.1m
ep047 step012450 loss=0.43242 ce=1.02176 pair=0.46989 risk=1.39084 lr=2.72e-05 samples/s=10028 peak_GiB=18.68 time=19.1m
ep047 step012500 loss=0.44592 ce=1.05998 pair=0.47715 risk=1.36076 lr=2.72e-05 samples/s=8080 peak_GiB=18.68 time=19.2m
ep047 step012550 loss=0.45237 ce=1.07656 pair=0.48362 risk=1.36079 lr=2.72e-05 samples/s=7988 peak_GiB=18.68 time=19.2m
ep047 step012600 loss=0.45114 ce=1.07301 pair=0.48271 risk=1.36562 lr=2.72e-05 samples/s=8135 peak_GiB=18.68 time=19.3m
ep047 step012650 loss=0.45199 ce=1.07470 pair=0.48380 risk=1.37329 lr=2.72e-05 samples/s=8070 peak_GiB=18.68 time=19.4m
[eval epoch 47 classification] macro_top1=0.4836 top2=0.8189 top3=0.9274 vs_sbs=-1.045% vbs_closed=+30.92%
          classification_top1=0.4836 performance_top1=0.2908 classification_CE=1.10075 performance_MSE=0.92611
       TSP: top1=0.380 mean_cost=7.9143 (sbs=7.9578) vs_sbs=-0.55%
      CVRP: top1=0.478 mean_cost=18.2052 (sbs=18.2943) vs_sbs=-0.49%
      ATSP: top1=0.783 mean_cost=1.6352 (sbs=1.6735) vs_sbs=-2.29%
      OVRP: top1=0.351 mean_cost=7.4548 (sbs=7.4617) vs_sbs=-0.09%
      VRPB: top1=0.557 mean_cost=9.3318 (sbs=9.3403) vs_sbs=-0.09%
      VRPL: top1=0.316 mean_cost=12.4031 (sbs=12.4072) vs_sbs=-0.03%
     VRPTW: top1=0.423 mean_cost=17.9275 (sbs=18.6571) vs_sbs=-3.91%
    OVRPTW: top1=0.515 mean_cost=10.0395 (sbs=10.0484) vs_sbs=-0.09%
     OVRPB: top1=0.575 mean_cost=6.3179 (sbs=6.3220) vs_sbs=-0.06%
     OVRPL: top1=0.393 mean_cost=7.4317 (sbs=7.4376) vs_sbs=-0.08%
     VRPBL: top1=0.525 mean_cost=9.3580 (sbs=9.3593) vs_sbs=-0.01%
    VRPBTW: top1=0.443 mean_cost=19.0480 (sbs=19.6697) vs_sbs=-3.16%
    VRPLTW: top1=0.444 mean_cost=17.6360 (sbs=18.5091) vs_sbs=-4.72%
    OVRPBL: top1=0.574 mean_cost=6.3056 (sbs=6.3103) vs_sbs=-0.07%
   OVRPBTW: top1=0.493 mean_cost=10.4995 (sbs=10.5068) vs_sbs=-0.07%
   OVRPLTW: top1=0.510 mean_cost=10.1232 (sbs=10.1272) vs_sbs=-0.04%
   VRPBLTW: top1=0.432 mean_cost=18.9448 (sbs=19.5198) vs_sbs=-2.95%
  OVRPBLTW: top1=0.512 mean_cost=10.5292 (sbs=10.5412) vs_sbs=-0.11%
[epoch done 47] updates=12690 skipped_attempts_total=4 grad=0.4228 elapsed=19.5m
ep048 step012700 loss=0.43272 ce=1.00215 pair=0.51148 risk=1.54094 lr=2.36e-05 samples/s=8491 peak_GiB=18.68 time=19.5m
ep048 step012750 loss=0.44718 ce=1.06728 pair=0.47003 risk=1.33115 lr=2.36e-05 samples/s=8542 peak_GiB=18.68 time=19.5m
ep048 step012800 loss=0.44787 ce=1.06537 pair=0.47702 risk=1.36459 lr=2.36e-05 samples/s=8212 peak_GiB=18.68 time=19.6m
ep048 step012850 loss=0.44883 ce=1.06890 pair=0.47592 risk=1.35618 lr=2.36e-05 samples/s=8094 peak_GiB=18.68 time=19.7m
ep048 step012900 loss=0.44868 ce=1.06764 pair=0.47723 risk=1.36397 lr=2.36e-05 samples/s=8200 peak_GiB=18.68 time=19.7m
ep048 step012950 loss=0.44973 ce=1.07057 pair=0.47791 risk=1.36184 lr=2.36e-05 samples/s=8129 peak_GiB=18.68 time=19.8m
[eval epoch 48 classification] macro_top1=0.4862 top2=0.8191 top3=0.9273 vs_sbs=-1.055% vbs_closed=+31.11%
          classification_top1=0.4862 performance_top1=0.2951 classification_CE=1.10414 performance_MSE=0.92384
       TSP: top1=0.376 mean_cost=7.9175 (sbs=7.9578) vs_sbs=-0.51%
      CVRP: top1=0.471 mean_cost=18.2141 (sbs=18.2943) vs_sbs=-0.44%
      ATSP: top1=0.781 mean_cost=1.6352 (sbs=1.6735) vs_sbs=-2.29%
      OVRP: top1=0.357 mean_cost=7.4548 (sbs=7.4617) vs_sbs=-0.09%
      VRPB: top1=0.555 mean_cost=9.3320 (sbs=9.3403) vs_sbs=-0.09%
      VRPL: top1=0.319 mean_cost=12.4026 (sbs=12.4072) vs_sbs=-0.04%
     VRPTW: top1=0.444 mean_cost=17.9084 (sbs=18.6571) vs_sbs=-4.01%
    OVRPTW: top1=0.510 mean_cost=10.0406 (sbs=10.0484) vs_sbs=-0.08%
     OVRPB: top1=0.578 mean_cost=6.3166 (sbs=6.3220) vs_sbs=-0.08%
     OVRPL: top1=0.395 mean_cost=7.4312 (sbs=7.4376) vs_sbs=-0.09%
     VRPBL: top1=0.523 mean_cost=9.3585 (sbs=9.3593) vs_sbs=-0.01%
    VRPBTW: top1=0.439 mean_cost=19.0370 (sbs=19.6697) vs_sbs=-3.22%
    VRPLTW: top1=0.450 mean_cost=17.6321 (sbs=18.5091) vs_sbs=-4.74%
    OVRPBL: top1=0.586 mean_cost=6.3048 (sbs=6.3103) vs_sbs=-0.09%
   OVRPBTW: top1=0.506 mean_cost=10.4969 (sbs=10.5068) vs_sbs=-0.09%
   OVRPLTW: top1=0.515 mean_cost=10.1217 (sbs=10.1272) vs_sbs=-0.05%
   VRPBLTW: top1=0.432 mean_cost=18.9439 (sbs=19.5198) vs_sbs=-2.95%
  OVRPBLTW: top1=0.515 mean_cost=10.5273 (sbs=10.5412) vs_sbs=-0.13%
[save] best.pt epoch=48 val_vs_sbs=-1.05525%
[epoch done 48] updates=12960 skipped_attempts_total=4 grad=0.4001 elapsed=19.8m
ep049 step013000 loss=0.45059 ce=1.07276 pair=0.47929 risk=1.35991 lr=2.03e-05 samples/s=8525 peak_GiB=18.68 time=19.9m
ep049 step013050 loss=0.44844 ce=1.06787 pair=0.47598 risk=1.35428 lr=2.03e-05 samples/s=8125 peak_GiB=18.68 time=20.0m
ep049 step013100 loss=0.44941 ce=1.07037 pair=0.47622 risk=1.35796 lr=2.03e-05 samples/s=8021 peak_GiB=18.68 time=20.0m
ep049 step013150 loss=0.45199 ce=1.07659 pair=0.48051 risk=1.35669 lr=2.03e-05 samples/s=7972 peak_GiB=18.68 time=20.1m
ep049 step013200 loss=0.45135 ce=1.07520 pair=0.47924 risk=1.35509 lr=2.03e-05 samples/s=7944 peak_GiB=18.68 time=20.2m
[eval epoch 49 classification] macro_top1=0.4823 top2=0.8197 top3=0.9269 vs_sbs=-1.042% vbs_closed=+29.96%
          classification_top1=0.4823 performance_top1=0.2911 classification_CE=1.10258 performance_MSE=0.92507
       TSP: top1=0.378 mean_cost=7.9155 (sbs=7.9578) vs_sbs=-0.53%
      CVRP: top1=0.464 mean_cost=18.2068 (sbs=18.2943) vs_sbs=-0.48%
      ATSP: top1=0.788 mean_cost=1.6349 (sbs=1.6735) vs_sbs=-2.31%
      OVRP: top1=0.355 mean_cost=7.4542 (sbs=7.4617) vs_sbs=-0.10%
      VRPB: top1=0.552 mean_cost=9.3316 (sbs=9.3403) vs_sbs=-0.09%
      VRPL: top1=0.313 mean_cost=12.4050 (sbs=12.4072) vs_sbs=-0.02%
     VRPTW: top1=0.454 mean_cost=17.9116 (sbs=18.6571) vs_sbs=-4.00%
    OVRPTW: top1=0.513 mean_cost=10.0419 (sbs=10.0484) vs_sbs=-0.07%
     OVRPB: top1=0.572 mean_cost=6.3175 (sbs=6.3220) vs_sbs=-0.07%
     OVRPL: top1=0.400 mean_cost=7.4310 (sbs=7.4376) vs_sbs=-0.09%
     VRPBL: top1=0.513 mean_cost=9.3619 (sbs=9.3593) vs_sbs=+0.03%
    VRPBTW: top1=0.430 mean_cost=19.0394 (sbs=19.6697) vs_sbs=-3.20%
    VRPLTW: top1=0.456 mean_cost=17.6332 (sbs=18.5091) vs_sbs=-4.73%
    OVRPBL: top1=0.564 mean_cost=6.3053 (sbs=6.3103) vs_sbs=-0.08%
   OVRPBTW: top1=0.494 mean_cost=10.5049 (sbs=10.5068) vs_sbs=-0.02%
   OVRPLTW: top1=0.509 mean_cost=10.1251 (sbs=10.1272) vs_sbs=-0.02%
   VRPBLTW: top1=0.426 mean_cost=18.9475 (sbs=19.5198) vs_sbs=-2.93%
  OVRPBLTW: top1=0.501 mean_cost=10.5351 (sbs=10.5412) vs_sbs=-0.06%
[epoch done 49] updates=13230 skipped_attempts_total=4 grad=0.4093 elapsed=20.2m
ep050 step013250 loss=0.43077 ce=1.02984 pair=0.44300 risk=1.30113 lr=1.72e-05 samples/s=8519 peak_GiB=18.68 time=20.2m
ep050 step013300 loss=0.44916 ce=1.07124 pair=0.47394 risk=1.34138 lr=1.72e-05 samples/s=8018 peak_GiB=18.68 time=20.3m
ep050 step013350 loss=0.44780 ce=1.06507 pair=0.47750 risk=1.36368 lr=1.72e-05 samples/s=8232 peak_GiB=18.68 time=20.4m
ep050 step013400 loss=0.44766 ce=1.06568 pair=0.47601 risk=1.35360 lr=1.72e-05 samples/s=8322 peak_GiB=18.68 time=20.4m
ep050 step013450 loss=0.44828 ce=1.06716 pair=0.47661 risk=1.35558 lr=1.72e-05 samples/s=8207 peak_GiB=18.68 time=20.5m
ep050 step013500 loss=0.44802 ce=1.06674 pair=0.47578 risk=1.35414 lr=1.72e-05 samples/s=8138 peak_GiB=18.68 time=20.6m
[eval epoch 50 classification] macro_top1=0.4849 top2=0.8202 top3=0.9272 vs_sbs=-1.052% vbs_closed=+30.61%
          classification_top1=0.4849 performance_top1=0.2903 classification_CE=1.10142 performance_MSE=0.92586
       TSP: top1=0.376 mean_cost=7.9148 (sbs=7.9578) vs_sbs=-0.54%
      CVRP: top1=0.481 mean_cost=18.2048 (sbs=18.2943) vs_sbs=-0.49%
      ATSP: top1=0.781 mean_cost=1.6352 (sbs=1.6735) vs_sbs=-2.29%
      OVRP: top1=0.353 mean_cost=7.4543 (sbs=7.4617) vs_sbs=-0.10%
      VRPB: top1=0.554 mean_cost=9.3321 (sbs=9.3403) vs_sbs=-0.09%
      VRPL: top1=0.311 mean_cost=12.4032 (sbs=12.4072) vs_sbs=-0.03%
     VRPTW: top1=0.458 mean_cost=17.9034 (sbs=18.6571) vs_sbs=-4.04%
    OVRPTW: top1=0.515 mean_cost=10.0424 (sbs=10.0484) vs_sbs=-0.06%
     OVRPB: top1=0.579 mean_cost=6.3173 (sbs=6.3220) vs_sbs=-0.07%
     OVRPL: top1=0.395 mean_cost=7.4328 (sbs=7.4376) vs_sbs=-0.06%
     VRPBL: top1=0.517 mean_cost=9.3599 (sbs=9.3593) vs_sbs=+0.01%
    VRPBTW: top1=0.441 mean_cost=19.0367 (sbs=19.6697) vs_sbs=-3.22%
    VRPLTW: top1=0.450 mean_cost=17.6281 (sbs=18.5091) vs_sbs=-4.76%
    OVRPBL: top1=0.589 mean_cost=6.3046 (sbs=6.3103) vs_sbs=-0.09%
   OVRPBTW: top1=0.504 mean_cost=10.5015 (sbs=10.5068) vs_sbs=-0.05%
   OVRPLTW: top1=0.504 mean_cost=10.1245 (sbs=10.1272) vs_sbs=-0.03%
   VRPBLTW: top1=0.423 mean_cost=18.9501 (sbs=19.5198) vs_sbs=-2.92%
  OVRPBLTW: top1=0.498 mean_cost=10.5313 (sbs=10.5412) vs_sbs=-0.09%
[epoch done 50] updates=13500 skipped_attempts_total=4 grad=0.3903 elapsed=20.7m
ep051 step013550 loss=0.44714 ce=1.06602 pair=0.47371 risk=1.33298 lr=1.44e-05 samples/s=8543 peak_GiB=18.68 time=20.8m
ep051 step013600 loss=0.44810 ce=1.06730 pair=0.47563 risk=1.34926 lr=1.44e-05 samples/s=8176 peak_GiB=18.68 time=20.9m
ep051 step013650 loss=0.44733 ce=1.06687 pair=0.47178 risk=1.33753 lr=1.44e-05 samples/s=8061 peak_GiB=18.68 time=21.0m
ep051 step013700 loss=0.44757 ce=1.06637 pair=0.47397 risk=1.34721 lr=1.44e-05 samples/s=8177 peak_GiB=18.68 time=21.0m
ep051 step013750 loss=0.44765 ce=1.06539 pair=0.47651 risk=1.35565 lr=1.44e-05 samples/s=8246 peak_GiB=18.68 time=21.1m
[eval epoch 51 classification] macro_top1=0.4831 top2=0.8201 top3=0.9271 vs_sbs=-1.049% vbs_closed=+30.28%
          classification_top1=0.4831 performance_top1=0.2912 classification_CE=1.10202 performance_MSE=0.92665
       TSP: top1=0.376 mean_cost=7.9161 (sbs=7.9578) vs_sbs=-0.52%
      CVRP: top1=0.474 mean_cost=18.2080 (sbs=18.2943) vs_sbs=-0.47%
      ATSP: top1=0.778 mean_cost=1.6350 (sbs=1.6735) vs_sbs=-2.30%
      OVRP: top1=0.354 mean_cost=7.4542 (sbs=7.4617) vs_sbs=-0.10%
      VRPB: top1=0.546 mean_cost=9.3338 (sbs=9.3403) vs_sbs=-0.07%
      VRPL: top1=0.317 mean_cost=12.4036 (sbs=12.4072) vs_sbs=-0.03%
     VRPTW: top1=0.452 mean_cost=17.9087 (sbs=18.6571) vs_sbs=-4.01%
    OVRPTW: top1=0.508 mean_cost=10.0421 (sbs=10.0484) vs_sbs=-0.06%
     OVRPB: top1=0.575 mean_cost=6.3180 (sbs=6.3220) vs_sbs=-0.06%
     OVRPL: top1=0.396 mean_cost=7.4316 (sbs=7.4376) vs_sbs=-0.08%
     VRPBL: top1=0.517 mean_cost=9.3613 (sbs=9.3593) vs_sbs=+0.02%
    VRPBTW: top1=0.441 mean_cost=19.0341 (sbs=19.6697) vs_sbs=-3.23%
    VRPLTW: top1=0.449 mean_cost=17.6240 (sbs=18.5091) vs_sbs=-4.78%
    OVRPBL: top1=0.570 mean_cost=6.3055 (sbs=6.3103) vs_sbs=-0.08%
   OVRPBTW: top1=0.499 mean_cost=10.5035 (sbs=10.5068) vs_sbs=-0.03%
   OVRPLTW: top1=0.511 mean_cost=10.1230 (sbs=10.1272) vs_sbs=-0.04%
   VRPBLTW: top1=0.422 mean_cost=18.9498 (sbs=19.5198) vs_sbs=-2.92%
  OVRPBLTW: top1=0.511 mean_cost=10.5292 (sbs=10.5412) vs_sbs=-0.11%
[epoch done 51] updates=13770 skipped_attempts_total=4 grad=0.4027 elapsed=21.1m
ep052 step013800 loss=0.43437 ce=1.03915 pair=0.44685 risk=1.29909 lr=1.18e-05 samples/s=8524 peak_GiB=18.68 time=21.2m
ep052 step013850 loss=0.44881 ce=1.06799 pair=0.47906 risk=1.35513 lr=1.18e-05 samples/s=8539 peak_GiB=18.68 time=21.2m
ep052 step013900 loss=0.44684 ce=1.06396 pair=0.47329 risk=1.35634 lr=1.18e-05 samples/s=7990 peak_GiB=18.68 time=21.3m
ep052 step013950 loss=0.44715 ce=1.06521 pair=0.47325 risk=1.34989 lr=1.18e-05 samples/s=8135 peak_GiB=18.68 time=21.4m
ep052 step014000 loss=0.44668 ce=1.06350 pair=0.47402 risk=1.35292 lr=1.18e-05 samples/s=8222 peak_GiB=18.68 time=21.4m
[eval epoch 52 classification] macro_top1=0.4823 top2=0.8204 top3=0.9277 vs_sbs=-1.047% vbs_closed=+30.27%
          classification_top1=0.4823 performance_top1=0.2878 classification_CE=1.10101 performance_MSE=0.92702
       TSP: top1=0.373 mean_cost=7.9159 (sbs=7.9578) vs_sbs=-0.53%
      CVRP: top1=0.470 mean_cost=18.2115 (sbs=18.2943) vs_sbs=-0.45%
      ATSP: top1=0.778 mean_cost=1.6350 (sbs=1.6735) vs_sbs=-2.30%
      OVRP: top1=0.352 mean_cost=7.4549 (sbs=7.4617) vs_sbs=-0.09%
      VRPB: top1=0.549 mean_cost=9.3333 (sbs=9.3403) vs_sbs=-0.07%
      VRPL: top1=0.316 mean_cost=12.4036 (sbs=12.4072) vs_sbs=-0.03%
     VRPTW: top1=0.452 mean_cost=17.9105 (sbs=18.6571) vs_sbs=-4.00%
    OVRPTW: top1=0.505 mean_cost=10.0425 (sbs=10.0484) vs_sbs=-0.06%
     OVRPB: top1=0.578 mean_cost=6.3178 (sbs=6.3220) vs_sbs=-0.07%
     OVRPL: top1=0.396 mean_cost=7.4301 (sbs=7.4376) vs_sbs=-0.10%
     VRPBL: top1=0.517 mean_cost=9.3612 (sbs=9.3593) vs_sbs=+0.02%
    VRPBTW: top1=0.431 mean_cost=19.0397 (sbs=19.6697) vs_sbs=-3.20%
    VRPLTW: top1=0.455 mean_cost=17.6275 (sbs=18.5091) vs_sbs=-4.76%
    OVRPBL: top1=0.578 mean_cost=6.3052 (sbs=6.3103) vs_sbs=-0.08%
   OVRPBTW: top1=0.502 mean_cost=10.4990 (sbs=10.5068) vs_sbs=-0.07%
   OVRPLTW: top1=0.503 mean_cost=10.1240 (sbs=10.1272) vs_sbs=-0.03%
   VRPBLTW: top1=0.423 mean_cost=18.9491 (sbs=19.5198) vs_sbs=-2.92%
  OVRPBLTW: top1=0.503 mean_cost=10.5320 (sbs=10.5412) vs_sbs=-0.09%
[epoch done 52] updates=14040 skipped_attempts_total=4 grad=0.3710 elapsed=21.5m
ep053 step014050 loss=0.42767 ce=1.03379 pair=0.41546 risk=1.21502 lr=9.54e-06 samples/s=5867 peak_GiB=18.68 time=21.5m
ep053 step014100 loss=0.44496 ce=1.06034 pair=0.47063 risk=1.33889 lr=9.54e-06 samples/s=8536 peak_GiB=18.68 time=21.6m
ep053 step014150 loss=0.44569 ce=1.06226 pair=0.47186 risk=1.33557 lr=9.54e-06 samples/s=8201 peak_GiB=18.68 time=21.7m
ep053 step014200 loss=0.44832 ce=1.06828 pair=0.47397 risk=1.35136 lr=9.54e-06 samples/s=8085 peak_GiB=18.68 time=21.7m
ep053 step014250 loss=0.44799 ce=1.06671 pair=0.47555 risk=1.35452 lr=9.54e-06 samples/s=8362 peak_GiB=18.68 time=21.8m
ep053 step014300 loss=0.44619 ce=1.06293 pair=0.47250 risk=1.34549 lr=9.54e-06 samples/s=8119 peak_GiB=18.68 time=21.9m
[eval epoch 53 classification] macro_top1=0.4843 top2=0.8198 top3=0.9274 vs_sbs=-1.055% vbs_closed=+31.01%
          classification_top1=0.4843 performance_top1=0.2901 classification_CE=1.10238 performance_MSE=0.92768
       TSP: top1=0.375 mean_cost=7.9163 (sbs=7.9578) vs_sbs=-0.52%
      CVRP: top1=0.477 mean_cost=18.2082 (sbs=18.2943) vs_sbs=-0.47%
      ATSP: top1=0.778 mean_cost=1.6350 (sbs=1.6735) vs_sbs=-2.30%
      OVRP: top1=0.354 mean_cost=7.4540 (sbs=7.4617) vs_sbs=-0.10%
      VRPB: top1=0.552 mean_cost=9.3317 (sbs=9.3403) vs_sbs=-0.09%
      VRPL: top1=0.319 mean_cost=12.4036 (sbs=12.4072) vs_sbs=-0.03%
     VRPTW: top1=0.454 mean_cost=17.9089 (sbs=18.6571) vs_sbs=-4.01%
    OVRPTW: top1=0.505 mean_cost=10.0415 (sbs=10.0484) vs_sbs=-0.07%
     OVRPB: top1=0.576 mean_cost=6.3167 (sbs=6.3220) vs_sbs=-0.08%
     OVRPL: top1=0.393 mean_cost=7.4319 (sbs=7.4376) vs_sbs=-0.08%
     VRPBL: top1=0.522 mean_cost=9.3585 (sbs=9.3593) vs_sbs=-0.01%
    VRPBTW: top1=0.430 mean_cost=19.0370 (sbs=19.6697) vs_sbs=-3.22%
    VRPLTW: top1=0.453 mean_cost=17.6255 (sbs=18.5091) vs_sbs=-4.77%
    OVRPBL: top1=0.589 mean_cost=6.3039 (sbs=6.3103) vs_sbs=-0.10%
   OVRPBTW: top1=0.509 mean_cost=10.4976 (sbs=10.5068) vs_sbs=-0.09%
   OVRPLTW: top1=0.507 mean_cost=10.1235 (sbs=10.1272) vs_sbs=-0.04%
   VRPBLTW: top1=0.424 mean_cost=18.9483 (sbs=19.5198) vs_sbs=-2.93%
  OVRPBLTW: top1=0.500 mean_cost=10.5318 (sbs=10.5412) vs_sbs=-0.09%
[save] best.pt epoch=53 val_vs_sbs=-1.05537%
[epoch done 53] updates=14310 skipped_attempts_total=4 grad=0.3659 elapsed=21.9m
ep054 step014350 loss=0.43833 ce=1.04584 pair=0.45680 risk=1.33052 lr=7.56e-06 samples/s=8540 peak_GiB=18.68 time=22.0m
ep054 step014400 loss=0.44425 ce=1.05913 pair=0.46698 risk=1.34268 lr=7.56e-06 samples/s=8138 peak_GiB=18.68 time=22.0m
ep054 step014450 loss=0.44607 ce=1.06224 pair=0.47263 risk=1.35133 lr=7.56e-06 samples/s=8279 peak_GiB=18.68 time=22.1m
ep054 step014500 loss=0.44395 ce=1.05716 pair=0.47012 risk=1.34647 lr=7.56e-06 samples/s=8347 peak_GiB=18.68 time=22.2m
ep054 step014550 loss=0.44647 ce=1.06395 pair=0.47165 risk=1.34613 lr=7.56e-06 samples/s=8092 peak_GiB=18.68 time=22.2m
[eval epoch 54 classification] macro_top1=0.4835 top2=0.8201 top3=0.9279 vs_sbs=-1.049% vbs_closed=+30.37%
          classification_top1=0.4835 performance_top1=0.2838 classification_CE=1.10171 performance_MSE=0.92807
       TSP: top1=0.377 mean_cost=7.9164 (sbs=7.9578) vs_sbs=-0.52%
      CVRP: top1=0.477 mean_cost=18.2056 (sbs=18.2943) vs_sbs=-0.49%
      ATSP: top1=0.780 mean_cost=1.6349 (sbs=1.6735) vs_sbs=-2.31%
      OVRP: top1=0.351 mean_cost=7.4545 (sbs=7.4617) vs_sbs=-0.10%
      VRPB: top1=0.550 mean_cost=9.3333 (sbs=9.3403) vs_sbs=-0.07%
      VRPL: top1=0.316 mean_cost=12.4038 (sbs=12.4072) vs_sbs=-0.03%
     VRPTW: top1=0.456 mean_cost=17.9073 (sbs=18.6571) vs_sbs=-4.02%
    OVRPTW: top1=0.509 mean_cost=10.0419 (sbs=10.0484) vs_sbs=-0.06%
     OVRPB: top1=0.576 mean_cost=6.3183 (sbs=6.3220) vs_sbs=-0.06%
     OVRPL: top1=0.390 mean_cost=7.4313 (sbs=7.4376) vs_sbs=-0.08%
     VRPBL: top1=0.517 mean_cost=9.3601 (sbs=9.3593) vs_sbs=+0.01%
    VRPBTW: top1=0.428 mean_cost=19.0453 (sbs=19.6697) vs_sbs=-3.17%
    VRPLTW: top1=0.454 mean_cost=17.6254 (sbs=18.5091) vs_sbs=-4.77%
    OVRPBL: top1=0.579 mean_cost=6.3047 (sbs=6.3103) vs_sbs=-0.09%
   OVRPBTW: top1=0.506 mean_cost=10.5003 (sbs=10.5068) vs_sbs=-0.06%
   OVRPLTW: top1=0.508 mean_cost=10.1236 (sbs=10.1272) vs_sbs=-0.04%
   VRPBLTW: top1=0.427 mean_cost=18.9445 (sbs=19.5198) vs_sbs=-2.95%
  OVRPBLTW: top1=0.502 mean_cost=10.5340 (sbs=10.5412) vs_sbs=-0.07%
[epoch done 54] updates=14580 skipped_attempts_total=4 grad=0.3705 elapsed=22.3m
ep055 step014600 loss=0.44714 ce=1.07084 pair=0.46483 risk=1.29328 lr=5.87e-06 samples/s=8525 peak_GiB=18.68 time=22.3m
ep055 step014650 loss=0.44658 ce=1.06525 pair=0.46949 risk=1.33961 lr=5.87e-06 samples/s=8010 peak_GiB=18.68 time=22.4m
ep055 step014700 loss=0.44289 ce=1.05637 pair=0.46534 risk=1.33152 lr=5.87e-06 samples/s=7935 peak_GiB=18.68 time=22.5m
ep055 step014750 loss=0.44358 ce=1.05720 pair=0.46800 risk=1.33794 lr=5.87e-06 samples/s=8105 peak_GiB=18.68 time=22.5m
ep055 step014800 loss=0.44601 ce=1.06400 pair=0.46893 risk=1.33585 lr=5.87e-06 samples/s=8203 peak_GiB=18.68 time=22.6m
ep055 step014850 loss=0.44598 ce=1.06298 pair=0.47074 risk=1.34300 lr=5.87e-06 samples/s=8134 peak_GiB=18.68 time=22.6m
[eval epoch 55 classification] macro_top1=0.4842 top2=0.8201 top3=0.9281 vs_sbs=-1.051% vbs_closed=+30.85%
          classification_top1=0.4842 performance_top1=0.2826 classification_CE=1.10168 performance_MSE=0.92828
       TSP: top1=0.373 mean_cost=7.9159 (sbs=7.9578) vs_sbs=-0.53%
      CVRP: top1=0.478 mean_cost=18.2036 (sbs=18.2943) vs_sbs=-0.50%
      ATSP: top1=0.784 mean_cost=1.6348 (sbs=1.6735) vs_sbs=-2.31%
      OVRP: top1=0.348 mean_cost=7.4543 (sbs=7.4617) vs_sbs=-0.10%
      VRPB: top1=0.552 mean_cost=9.3314 (sbs=9.3403) vs_sbs=-0.09%
      VRPL: top1=0.317 mean_cost=12.4038 (sbs=12.4072) vs_sbs=-0.03%
     VRPTW: top1=0.456 mean_cost=17.9094 (sbs=18.6571) vs_sbs=-4.01%
    OVRPTW: top1=0.510 mean_cost=10.0410 (sbs=10.0484) vs_sbs=-0.07%
     OVRPB: top1=0.572 mean_cost=6.3183 (sbs=6.3220) vs_sbs=-0.06%
     OVRPL: top1=0.394 mean_cost=7.4307 (sbs=7.4376) vs_sbs=-0.09%
     VRPBL: top1=0.519 mean_cost=9.3586 (sbs=9.3593) vs_sbs=-0.01%
    VRPBTW: top1=0.429 mean_cost=19.0451 (sbs=19.6697) vs_sbs=-3.18%
    VRPLTW: top1=0.452 mean_cost=17.6282 (sbs=18.5091) vs_sbs=-4.76%
    OVRPBL: top1=0.581 mean_cost=6.3049 (sbs=6.3103) vs_sbs=-0.09%
   OVRPBTW: top1=0.507 mean_cost=10.4998 (sbs=10.5068) vs_sbs=-0.07%
   OVRPLTW: top1=0.508 mean_cost=10.1238 (sbs=10.1272) vs_sbs=-0.03%
   VRPBLTW: top1=0.430 mean_cost=18.9474 (sbs=19.5198) vs_sbs=-2.93%
  OVRPBLTW: top1=0.505 mean_cost=10.5334 (sbs=10.5412) vs_sbs=-0.07%
[epoch done 55] updates=14850 skipped_attempts_total=4 grad=0.3461 elapsed=22.8m
ep056 step014900 loss=0.44608 ce=1.06469 pair=0.46778 risk=1.33323 lr=4.48e-06 samples/s=7846 peak_GiB=18.68 time=22.9m
ep056 step014950 loss=0.44653 ce=1.06463 pair=0.47201 risk=1.33554 lr=4.48e-06 samples/s=8188 peak_GiB=18.68 time=23.0m
ep056 step015000 loss=0.44663 ce=1.06431 pair=0.47214 risk=1.34549 lr=4.48e-06 samples/s=8072 peak_GiB=18.68 time=23.0m
ep056 step015050 loss=0.44462 ce=1.05988 pair=0.46885 risk=1.33899 lr=4.48e-06 samples/s=8189 peak_GiB=18.68 time=23.1m
ep056 step015100 loss=0.44611 ce=1.06349 pair=0.47074 risk=1.34074 lr=4.48e-06 samples/s=8121 peak_GiB=18.68 time=23.2m
[eval epoch 56 classification] macro_top1=0.4836 top2=0.8198 top3=0.9281 vs_sbs=-1.049% vbs_closed=+30.33%
          classification_top1=0.4836 performance_top1=0.2847 classification_CE=1.10181 performance_MSE=0.92884
       TSP: top1=0.374 mean_cost=7.9146 (sbs=7.9578) vs_sbs=-0.54%
      CVRP: top1=0.469 mean_cost=18.2082 (sbs=18.2943) vs_sbs=-0.47%
      ATSP: top1=0.781 mean_cost=1.6349 (sbs=1.6735) vs_sbs=-2.31%
      OVRP: top1=0.349 mean_cost=7.4547 (sbs=7.4617) vs_sbs=-0.09%
      VRPB: top1=0.552 mean_cost=9.3330 (sbs=9.3403) vs_sbs=-0.08%
      VRPL: top1=0.320 mean_cost=12.4031 (sbs=12.4072) vs_sbs=-0.03%
     VRPTW: top1=0.460 mean_cost=17.9058 (sbs=18.6571) vs_sbs=-4.03%
    OVRPTW: top1=0.505 mean_cost=10.0432 (sbs=10.0484) vs_sbs=-0.05%
     OVRPB: top1=0.577 mean_cost=6.3177 (sbs=6.3220) vs_sbs=-0.07%
     OVRPL: top1=0.397 mean_cost=7.4312 (sbs=7.4376) vs_sbs=-0.09%
     VRPBL: top1=0.520 mean_cost=9.3595 (sbs=9.3593) vs_sbs=+0.00%
    VRPBTW: top1=0.424 mean_cost=19.0438 (sbs=19.6697) vs_sbs=-3.18%
    VRPLTW: top1=0.456 mean_cost=17.6239 (sbs=18.5091) vs_sbs=-4.78%
    OVRPBL: top1=0.573 mean_cost=6.3052 (sbs=6.3103) vs_sbs=-0.08%
   OVRPBTW: top1=0.506 mean_cost=10.5027 (sbs=10.5068) vs_sbs=-0.04%
   OVRPLTW: top1=0.508 mean_cost=10.1246 (sbs=10.1272) vs_sbs=-0.03%
   VRPBLTW: top1=0.430 mean_cost=18.9470 (sbs=19.5198) vs_sbs=-2.93%
  OVRPBLTW: top1=0.504 mean_cost=10.5331 (sbs=10.5412) vs_sbs=-0.08%
[epoch done 56] updates=15120 skipped_attempts_total=4 grad=0.3595 elapsed=23.2m
ep057 step015150 loss=0.44657 ce=1.07073 pair=0.45745 risk=1.30347 lr=3.4e-06 samples/s=8560 peak_GiB=18.68 time=23.3m
ep057 step015200 loss=0.44603 ce=1.06162 pair=0.47478 risk=1.34898 lr=3.4e-06 samples/s=8098 peak_GiB=18.68 time=23.3m
ep057 step015250 loss=0.44643 ce=1.06450 pair=0.47055 risk=1.34000 lr=3.4e-06 samples/s=8268 peak_GiB=18.68 time=23.4m
ep057 step015300 loss=0.44579 ce=1.06256 pair=0.47038 risk=1.34310 lr=3.4e-06 samples/s=8146 peak_GiB=18.68 time=23.5m
ep057 step015350 loss=0.44677 ce=1.06549 pair=0.47031 risk=1.34102 lr=3.4e-06 samples/s=8072 peak_GiB=18.68 time=23.5m
[eval epoch 57 classification] macro_top1=0.4834 top2=0.8194 top3=0.9278 vs_sbs=-1.049% vbs_closed=+30.43%
          classification_top1=0.4834 performance_top1=0.2849 classification_CE=1.10207 performance_MSE=0.92829
       TSP: top1=0.376 mean_cost=7.9161 (sbs=7.9578) vs_sbs=-0.52%
      CVRP: top1=0.470 mean_cost=18.2101 (sbs=18.2943) vs_sbs=-0.46%
      ATSP: top1=0.780 mean_cost=1.6349 (sbs=1.6735) vs_sbs=-2.31%
      OVRP: top1=0.347 mean_cost=7.4545 (sbs=7.4617) vs_sbs=-0.10%
      VRPB: top1=0.552 mean_cost=9.3328 (sbs=9.3403) vs_sbs=-0.08%
      VRPL: top1=0.318 mean_cost=12.4036 (sbs=12.4072) vs_sbs=-0.03%
     VRPTW: top1=0.456 mean_cost=17.9081 (sbs=18.6571) vs_sbs=-4.01%
    OVRPTW: top1=0.511 mean_cost=10.0406 (sbs=10.0484) vs_sbs=-0.08%
     OVRPB: top1=0.573 mean_cost=6.3190 (sbs=6.3220) vs_sbs=-0.05%
     OVRPL: top1=0.396 mean_cost=7.4313 (sbs=7.4376) vs_sbs=-0.08%
     VRPBL: top1=0.519 mean_cost=9.3599 (sbs=9.3593) vs_sbs=+0.01%
    VRPBTW: top1=0.425 mean_cost=19.0450 (sbs=19.6697) vs_sbs=-3.18%
    VRPLTW: top1=0.455 mean_cost=17.6216 (sbs=18.5091) vs_sbs=-4.80%
    OVRPBL: top1=0.577 mean_cost=6.3057 (sbs=6.3103) vs_sbs=-0.07%
   OVRPBTW: top1=0.506 mean_cost=10.4995 (sbs=10.5068) vs_sbs=-0.07%
   OVRPLTW: top1=0.507 mean_cost=10.1231 (sbs=10.1272) vs_sbs=-0.04%
   VRPBLTW: top1=0.426 mean_cost=18.9479 (sbs=19.5198) vs_sbs=-2.93%
  OVRPBLTW: top1=0.507 mean_cost=10.5317 (sbs=10.5412) vs_sbs=-0.09%
[epoch done 57] updates=15390 skipped_attempts_total=4 grad=0.3367 elapsed=23.6m
ep058 step015400 loss=0.41252 ce=0.97278 pair=0.45041 risk=1.35054 lr=2.62e-06 samples/s=8425 peak_GiB=18.68 time=23.6m
ep058 step015450 loss=0.44410 ce=1.05880 pair=0.46716 risk=1.34031 lr=2.62e-06 samples/s=7892 peak_GiB=18.68 time=23.7m
ep058 step015500 loss=0.44431 ce=1.06005 pair=0.46696 risk=1.32996 lr=2.62e-06 samples/s=8152 peak_GiB=18.68 time=23.8m
ep058 step015550 loss=0.44498 ce=1.06032 pair=0.47073 risk=1.33983 lr=2.62e-06 samples/s=8037 peak_GiB=18.68 time=23.8m
ep058 step015600 loss=0.44651 ce=1.06429 pair=0.47190 risk=1.34080 lr=2.62e-06 samples/s=7979 peak_GiB=18.68 time=23.9m
ep058 step015650 loss=0.44617 ce=1.06336 pair=0.47142 risk=1.34243 lr=2.62e-06 samples/s=8072 peak_GiB=18.68 time=24.0m
[eval epoch 58 classification] macro_top1=0.4822 top2=0.8196 top3=0.9279 vs_sbs=-1.043% vbs_closed=+30.02%
          classification_top1=0.4822 performance_top1=0.2868 classification_CE=1.10217 performance_MSE=0.92864
       TSP: top1=0.376 mean_cost=7.9160 (sbs=7.9578) vs_sbs=-0.53%
      CVRP: top1=0.468 mean_cost=18.2093 (sbs=18.2943) vs_sbs=-0.47%
      ATSP: top1=0.780 mean_cost=1.6349 (sbs=1.6735) vs_sbs=-2.31%
      OVRP: top1=0.350 mean_cost=7.4544 (sbs=7.4617) vs_sbs=-0.10%
      VRPB: top1=0.549 mean_cost=9.3334 (sbs=9.3403) vs_sbs=-0.07%
      VRPL: top1=0.319 mean_cost=12.4030 (sbs=12.4072) vs_sbs=-0.03%
     VRPTW: top1=0.462 mean_cost=17.9082 (sbs=18.6571) vs_sbs=-4.01%
    OVRPTW: top1=0.503 mean_cost=10.0432 (sbs=10.0484) vs_sbs=-0.05%
     OVRPB: top1=0.575 mean_cost=6.3181 (sbs=6.3220) vs_sbs=-0.06%
     OVRPL: top1=0.398 mean_cost=7.4313 (sbs=7.4376) vs_sbs=-0.08%
     VRPBL: top1=0.520 mean_cost=9.3597 (sbs=9.3593) vs_sbs=+0.00%
    VRPBTW: top1=0.423 mean_cost=19.0474 (sbs=19.6697) vs_sbs=-3.16%
    VRPLTW: top1=0.455 mean_cost=17.6230 (sbs=18.5091) vs_sbs=-4.79%
    OVRPBL: top1=0.575 mean_cost=6.3053 (sbs=6.3103) vs_sbs=-0.08%
   OVRPBTW: top1=0.500 mean_cost=10.5037 (sbs=10.5068) vs_sbs=-0.03%
   OVRPLTW: top1=0.506 mean_cost=10.1250 (sbs=10.1272) vs_sbs=-0.02%
   VRPBLTW: top1=0.420 mean_cost=18.9516 (sbs=19.5198) vs_sbs=-2.91%
  OVRPBLTW: top1=0.501 mean_cost=10.5331 (sbs=10.5412) vs_sbs=-0.08%
[epoch done 58] updates=15660 skipped_attempts_total=4 grad=0.3350 elapsed=24.0m
ep059 step015700 loss=0.44763 ce=1.07179 pair=0.46273 risk=1.31164 lr=2.16e-06 samples/s=8488 peak_GiB=18.68 time=24.0m
ep059 step015750 loss=0.44444 ce=1.05895 pair=0.46961 risk=1.34252 lr=2.16e-06 samples/s=8087 peak_GiB=18.68 time=24.1m
ep059 step015800 loss=0.44376 ce=1.05700 pair=0.46892 risk=1.34593 lr=2.16e-06 samples/s=8225 peak_GiB=18.68 time=24.2m
ep059 step015850 loss=0.44437 ce=1.05990 pair=0.46746 risk=1.33274 lr=2.16e-06 samples/s=8109 peak_GiB=18.68 time=24.2m
ep059 step015900 loss=0.44628 ce=1.06382 pair=0.47068 risk=1.34348 lr=2.16e-06 samples/s=8041 peak_GiB=18.68 time=24.3m
[eval epoch 59 classification] macro_top1=0.4832 top2=0.8200 top3=0.9278 vs_sbs=-1.048% vbs_closed=+30.32%
          classification_top1=0.4832 performance_top1=0.2843 classification_CE=1.10222 performance_MSE=0.92859
       TSP: top1=0.374 mean_cost=7.9161 (sbs=7.9578) vs_sbs=-0.52%
      CVRP: top1=0.472 mean_cost=18.2101 (sbs=18.2943) vs_sbs=-0.46%
      ATSP: top1=0.778 mean_cost=1.6349 (sbs=1.6735) vs_sbs=-2.31%
      OVRP: top1=0.353 mean_cost=7.4542 (sbs=7.4617) vs_sbs=-0.10%
      VRPB: top1=0.551 mean_cost=9.3330 (sbs=9.3403) vs_sbs=-0.08%
      VRPL: top1=0.317 mean_cost=12.4035 (sbs=12.4072) vs_sbs=-0.03%
     VRPTW: top1=0.457 mean_cost=17.9063 (sbs=18.6571) vs_sbs=-4.02%
    OVRPTW: top1=0.507 mean_cost=10.0416 (sbs=10.0484) vs_sbs=-0.07%
     OVRPB: top1=0.571 mean_cost=6.3188 (sbs=6.3220) vs_sbs=-0.05%
     OVRPL: top1=0.397 mean_cost=7.4316 (sbs=7.4376) vs_sbs=-0.08%
     VRPBL: top1=0.521 mean_cost=9.3593 (sbs=9.3593) vs_sbs=+0.00%
    VRPBTW: top1=0.428 mean_cost=19.0432 (sbs=19.6697) vs_sbs=-3.19%
    VRPLTW: top1=0.454 mean_cost=17.6239 (sbs=18.5091) vs_sbs=-4.78%
    OVRPBL: top1=0.579 mean_cost=6.3055 (sbs=6.3103) vs_sbs=-0.08%
   OVRPBTW: top1=0.505 mean_cost=10.5004 (sbs=10.5068) vs_sbs=-0.06%
   OVRPLTW: top1=0.505 mean_cost=10.1244 (sbs=10.1272) vs_sbs=-0.03%
   VRPBLTW: top1=0.426 mean_cost=18.9481 (sbs=19.5198) vs_sbs=-2.93%
  OVRPBLTW: top1=0.503 mean_cost=10.5317 (sbs=10.5412) vs_sbs=-0.09%
[epoch done 59] updates=15930 skipped_attempts_total=4 grad=0.3430 elapsed=24.4m
ep060 step015950 loss=0.44086 ce=1.04733 pair=0.47107 risk=1.35917 lr=2e-06 samples/s=8472 peak_GiB=18.68 time=24.4m
ep060 step016000 loss=0.44525 ce=1.05980 pair=0.47345 risk=1.34859 lr=2e-06 samples/s=7980 peak_GiB=18.68 time=24.5m
ep060 step016050 loss=0.44612 ce=1.06350 pair=0.47034 risk=1.34291 lr=2e-06 samples/s=7924 peak_GiB=18.68 time=24.5m
ep060 step016100 loss=0.44259 ce=1.05396 pair=0.46826 risk=1.34395 lr=2e-06 samples/s=8099 peak_GiB=18.68 time=24.6m
ep060 step016150 loss=0.44532 ce=1.06165 pair=0.46968 risk=1.33876 lr=2e-06 samples/s=8202 peak_GiB=18.68 time=24.7m
ep060 step016200 loss=0.44531 ce=1.06132 pair=0.47032 risk=1.34074 lr=2e-06 samples/s=8134 peak_GiB=18.68 time=24.7m
[eval epoch 60 classification] macro_top1=0.4843 top2=0.8202 top3=0.9279 vs_sbs=-1.050% vbs_closed=+30.39%
          classification_top1=0.4843 performance_top1=0.2864 classification_CE=1.10238 performance_MSE=0.92856
       TSP: top1=0.376 mean_cost=7.9162 (sbs=7.9578) vs_sbs=-0.52%
      CVRP: top1=0.473 mean_cost=18.2045 (sbs=18.2943) vs_sbs=-0.49%
      ATSP: top1=0.782 mean_cost=1.6349 (sbs=1.6735) vs_sbs=-2.31%
      OVRP: top1=0.349 mean_cost=7.4544 (sbs=7.4617) vs_sbs=-0.10%
      VRPB: top1=0.552 mean_cost=9.3328 (sbs=9.3403) vs_sbs=-0.08%
      VRPL: top1=0.318 mean_cost=12.4035 (sbs=12.4072) vs_sbs=-0.03%
     VRPTW: top1=0.458 mean_cost=17.9067 (sbs=18.6571) vs_sbs=-4.02%
    OVRPTW: top1=0.508 mean_cost=10.0415 (sbs=10.0484) vs_sbs=-0.07%
     OVRPB: top1=0.577 mean_cost=6.3183 (sbs=6.3220) vs_sbs=-0.06%
     OVRPL: top1=0.402 mean_cost=7.4320 (sbs=7.4376) vs_sbs=-0.08%
     VRPBL: top1=0.519 mean_cost=9.3595 (sbs=9.3593) vs_sbs=+0.00%
    VRPBTW: top1=0.430 mean_cost=19.0425 (sbs=19.6697) vs_sbs=-3.19%
    VRPLTW: top1=0.453 mean_cost=17.6240 (sbs=18.5091) vs_sbs=-4.78%
    OVRPBL: top1=0.578 mean_cost=6.3058 (sbs=6.3103) vs_sbs=-0.07%
   OVRPBTW: top1=0.505 mean_cost=10.5009 (sbs=10.5068) vs_sbs=-0.06%
   OVRPLTW: top1=0.507 mean_cost=10.1238 (sbs=10.1272) vs_sbs=-0.03%
   VRPBLTW: top1=0.430 mean_cost=18.9459 (sbs=19.5198) vs_sbs=-2.94%
  OVRPBLTW: top1=0.500 mean_cost=10.5340 (sbs=10.5412) vs_sbs=-0.07%
[epoch done 60] updates=16200 skipped_attempts_total=4 grad=0.3540 elapsed=24.9m
wandb:                                                                                
wandb: 
wandb: Run history:
wandb:                                       epoch ▁▁▁▁▂▂▂▂▃▃▃▃▃▃▃▄▄▄▄▄▄▅▅▅▅▅▆▆▆▆▆▆▇▇▇▇▇███
wandb:                         gpu/peak_memory_gib ▁▁▁▁▆▆▆▆▆▆██████████████████████████████
wandb:                       speed/samples_per_sec ▁▁▁▂▁█▁▁▂▁▁▁▁▁▁▁▂▁▁▁▁▂▂▁▁▁▁▁▂▁▁▁▁▁▂▁▁▁▁▁
wandb:                                    train/ce ██▇▇▄▃▃▃▃▃▃▂▃▂▂▂▂▂▂▂▂▂▂▂▂▂▂▂▂▂▂▂▂▂▂▂▂▁▂▂
wandb:                             train/grad_norm ▇█▆▅▅▄▅▄▃▄▁▃▄▄▅▄▅▅▇▄▄▅██▇▃▄▄▄▁▂▂▁▂▃▂▂▁▁▁
wandb:                                  train/loss █▄▄▃▃▂▂▂▂▂▂▂▂▂▂▂▂▂▂▂▂▂▂▂▂▁▁▁▁▁▁▁▁▁▁▁▁▁▁▁
wandb:                                    train/lr ▃██████▇▇▇▇▆▆▆▆▆▅▅▅▄▄▄▄▃▃▂▂▂▂▂▂▁▁▁▁▁▁▁▁▁
wandb:                                  train/pair █▇▃▃▃▃▃▂▂▂▂▂▂▂▂▂▂▂▂▁▁▁▁▁▁▁▁▁▁▁▁▁▁▁▁▁▁▁▁▁
wandb:                                  train/risk █▃▃▃▂▂▂▂▂▁▁▁▁▁▁▁▁▁▁▁▁▁▁▁▁▁▁▁▁▁▁▁▁▁▁▁▁▁▁▁
wandb:                               train/skipped ▁▁▁▁▁▁▁▁▁▁▁▁▁▁▁▁▁▁▁▁▁▁▁▁▁▁▁▁▁▁▁▁▁▁▁▁▁▁▁▁
wandb:                  val/ATSP/actual_regret_pct ██▂▂▂▂▂▂▁▂▄▁▂▂▂▂▁▂▁▁▂▁▁▁▁▁▁▁▁▁▁▁▁▁▁▁▁▁▁▁
wandb:                                 val/ATSP/ce █▇▃▃▂▂▃▄▂▂▁▂▁▁▁▁▁▁▁▁▁▁▁▁▁▁▁▁▁▁▁▁▁▁▁▁▁▁▁▁
wandb:                          val/ATSP/mean_cost █▆▇▂▂▂▂▂▂▁▁▃▁▂▂▁▁▂▁▁▁▂▁▁▁▁▂▁▁▁▁▁▁▁▁▁▁▁▁▁
wandb:                    val/ATSP/performance_mse ██▅▄▅▆▅▆▄▃▄▃▃▃▂▂▂▃▁▁▁▁▂▂▂▁▂▂▂▃▂▁▂▂▂▂▂▂▂▂
wandb:                               val/ATSP/top1 ▁▆▆▅▅▆▇█▆█▇▇█▇██████████████████████████
wandb:                               val/ATSP/top2 ▁▆█▇▇████▇██████████████████████████████
wandb:                               val/ATSP/top3 ▁▂██████████████████████████████████████
wandb:                         val/ATSP/vs_sbs_pct █▆▂▂▂▂▂▂▂▂▂▁▃▁▂▁▁▁▂▁▂▁▁▁▂▁▁▁▁▁▁▁▁▁▁▁▁▁▁▁
wandb:                  val/CVRP/actual_regret_pct ▃▅▆█▇▄▄▆▄▇▄▆█▂▄▃▃▄▂▂▄▁▆▁▁▁▁▁▁▁▂▁▁▁▂▁▁▂▁▁
wandb:                                 val/CVRP/ce █▇▅▅▅▄▅▄▄▄▄▄▄▃▄▄▃▄▃▅▄▂▂▂▇▂▅▁▁▁▁▁▁▁▁▁▁▁▁▁
wandb:                          val/CVRP/mean_cost ▅▆██▅▄▄▅▄▇▅█▃▃▅▄▃▄▂▁▂▁▆▁▁▁▁▁▁▁▁▁▁▁▁▁▁▁▁▁
wandb:                    val/CVRP/performance_mse ▇▄▃▄▅▇▅█▆▆▅▅▄▃▂▁▁▂▃▂▂▂▃▂▁▂▃▃▃▃▂▂▂▂▂▂▃▂▃▃
wandb:                               val/CVRP/top1 ▁▁▄▃▃▄▄▄▄▅▅▄▅▆▆▆▆▆▇█▂▇▅██████▇██▇███████
wandb:                               val/CVRP/top2 ▁▅▅▅▅▅▅▆▅▆▆▆▅▆▅▆▄▆▅▇▇▇▇▃▇███████████████
wandb:                               val/CVRP/top3 ▁▃▅▅▅▅▅▅▆▆▆▆▅▆▆▆▆▆▇▇▇▄▇█▆███████████████
wandb:                         val/CVRP/vs_sbs_pct ▅▆▆██▅▇▅▄▄▄▇▄▅▃▄▃▃▅▄▂▁▂▂▆▁▁▁▁▁▁▁▁▁▁▁▁▁▁▁
wandb:                  val/OVRP/actual_regret_pct ▇█▂▂▁▁▁▁▁▁▁▁▁▁▁▁▁▁▁▁▁▁▁▁▁▁▁▁▁▁▁▁▁▁▁▁▁▁▁▁
wandb:                                 val/OVRP/ce █▃▁▁▁▁▁▁▁▁▁▁▁▁▁▁▁▁▁▁▁▁▁▁▁▁▁▁▁▁▁▁▁▁▁▁▁▁▁▁
wandb:                          val/OVRP/mean_cost ▇█▂▂▂▁▁▁▁▁▁▁▁▂▁▁▁▁▁▁▁▁▁▁▁▁▁▁▁▁▁▁▁▁▁▁▁▁▁▁
wandb:                    val/OVRP/performance_mse █▇▅█▆▆▄▆▅▅▃▄▃▂▄▃▃▂▂▁▂▃▂▃▃▃▄▃▄▄▄▄▅▄▄▄▅▄▄▅
wandb:                               val/OVRP/top1 ▁▇▇▇▇▇▇▇▇▇▇▇▇▇▇█▇▇▇▇▇▇▇▇████████████████
wandb:                               val/OVRP/top2 ▁▁██████████████████████████████████████
wandb:                               val/OVRP/top3 ▁▁██████████████████████████████████████
wandb:                         val/OVRP/vs_sbs_pct ██▇▆▄▅▄▄▅▄▆▅▇▅▄▄▄▄▃▃▄▄▅▄▄▃▂▂▂▂▂▁▁▁▁▁▁▁▁▁
wandb:                 val/OVRPB/actual_regret_pct ▇█▇▆█▇▂▁▇▄▂▅▃▄▄▅▅▄▅▄▃▄▄▄▃▄▅▃▄▃▂▃▁▂▂▂▃▃▃▃
wandb:                                val/OVRPB/ce █▇▇▄▃▄▄▄▄▄▄▄▃▄▃▃▃▄▃▃▂▂▂▂▂▁▁▂▁▁▁▁▁▂▁▁▁▁▁▁
wandb:                         val/OVRPB/mean_cost ▇█▇▇█▇▇▃▅▂▇▅▄▅▃▄▅▄▅▅▆▁▅▄▅▅▄▄▃▃▃▃▂▂▃▃▃▂▃▄
wandb:                   val/OVRPB/performance_mse ▇▁▃▂▃▂▂▃▃▃▂▃▃▃▃▃▄▃▄▄▆▆▅▅▆▇▇▇▇▇▇▇█▇▇█████
wandb:                              val/OVRPB/top1 ▁▁▁▁▃▁▂▇▇▃▆▂▆▅▄▄▆▅▅▃▅▄▄▆▆▆▅▅▇▆█▇▇██▇█▇▇█
wandb:                              val/OVRPB/top2 ▁▁▁▁▁▁▁▁▁▁▁▁▁▁▁▁▁▁▁▁▁▁▁▁▁▁▁▁▁▁▁▁▁▁▁▁▁▁▁▁
wandb:                              val/OVRPB/top3 ▁█▇▇▇▇▇▇▇▇▇▆▇▇▇▇▇▇▇▆▆▆▇▇▆█▇█▇▇▇▇▇▇▇▇▇▇▇▇
wandb:                        val/OVRPB/vs_sbs_pct ▇█▇▇▆▇▂▅▁▇▅▄▅▃▄▃▅▅▃▆▅▄▅▅▄▂▄▃▄▃▂▂▃▂▁▃▂▄▃▃
wandb:                val/OVRPBL/actual_regret_pct ▆▆▆▅▆▆▄▅▄▅▅▄█▅▅▄▃▃▃▁▄▂▂▂▁▂▃▂▃▂▂▂▂▂▂▂▂▂▂▂
wandb:                               val/OVRPBL/ce █▅▄▃▂▂▂▂▂▂▁▂▂▂▂▂▁▃▂▂▁▂▁▂▂▂▂▂▂▂▂▂▂▂▂▂▂▂▂▂
wandb:                        val/OVRPBL/mean_cost ████▆██▅▆▅▅▆▅▆▇▅▄▄▁▃▃▄▂▂▄▃▃▃▄▃▃▃▃▂▃▂▃▃▃▄
wandb:                  val/OVRPBL/performance_mse ▅▂▁▂▄▄▂▂▅▄▄▅▄▄▃▄▄▄▄▂▄▄▆▆▆▇█▇█▇▇▇▇█▇█████
wandb:                             val/OVRPBL/top1 ▄▂▄▄▂▄▁▂▄▂▁▂▂▃▂▄▅▇▅▂▄▆█▇▆▅▆▄▇▆▆▆█▆▇▇█▇▇▆
wandb:                             val/OVRPBL/top2 ██████████████████████████▁▁▁▁▁▁▁▁▁▁▁▁▁▁
wandb:                             val/OVRPBL/top3 ▁▅▇█▇▆▇▇▆██▆▇▇▇▇▇▇▇▇▇▇▇▇▇▇▇▇▇▇▇▇▇▇▇▇▇▇▇▇
wandb:                       val/OVRPBL/vs_sbs_pct ▆▆▆▅▆▄▅▅▅▅▅█▅▆▄▄▃▃▅▃▁▃▂▄▃▅▃▃▄▃▃▃▃▃▃▃▃▃▃▃
wandb:              val/OVRPBLTW/actual_regret_pct █▆▆█▆▆▄▆▅▄▅▅▄▆▄▃▂▂▁▁▄▄▅▅▄▅▃▄▄▃▃▂▅▃▃▄▄▄▄▄
wandb:                             val/OVRPBLTW/ce █▃▃▂▂▂▂▂▂▂▁▂▂▃▁▁▂▁▁▁▁▂▁▁▁▁▁▁▁▁▁▁▁▁▁▁▁▁▁▁
wandb:                      val/OVRPBLTW/mean_cost █▆▆▃▆▇▄▃▇▃▅▄▆▄▃▃▃▁▂▁▁▅▄▄▃▄▄▄▄▃▄▄▄▁▂▅▄▅▄▃
wandb:                val/OVRPBLTW/performance_mse █▆▃▁▂▃▃▂▃▂▄▃▃▃▃▄▄▃▃▃▃▅▄▅▅▆▆▆▇▇▇▆▇▇▇▇▇▇▇▇
wandb:                           val/OVRPBLTW/top1 ▁▄▃▁▅▄▆▇▃▃▄▄▄▆▄▆▆▇█▆▄▆▆▅▅▆▆▆▆▆█▇▇▅▅▆▅▆▆▆
wandb:                           val/OVRPBLTW/top2 ▁▁▁▁▁▁▁▁▁▁▁▁▁▁▁▁▁▁▁▁▁▁▁▁▁▁▁▁▁▁▁▁▁▁▁▁▁▁▁▁
wandb:                           val/OVRPBLTW/top3 █▁▅▅▅▅▅▅█▅██▅███████████████████████████
wandb:                     val/OVRPBLTW/vs_sbs_pct █▆█▃██▄▃▆▃▄▆▄▃▃▃▁▂▁▁▅▄▄▃▄▄▄▂▄▄▁▂▁▅▃▄▄▄▃▄
wandb:               val/OVRPBTW/actual_regret_pct ▇▄▃▇▄▄▃▂▃▃▃▄▁▂▁▁▂▂▃▂▁▅▂▆▃▅▇▄▆▆▅▃█▆▇▄▅▅█▆
wandb:                              val/OVRPBTW/ce █▂▃▂▂▁▁▁▁▁▂▁▁▁▁▁▁▁▁▁▁▁▁▁▁▁▁▁▁▁▁▁▂▂▁▁▁▁▁▁
wandb:                       val/OVRPBTW/mean_cost ██▅▄▃▅▅▃▃▄▄▄▁▂▃▂▃▁▃▄▄▂▆▃▄▅▆▄▆▅▄▂▇▅▆▄▆▄▆▅
wandb:                 val/OVRPBTW/performance_mse █▅▁▁▂▂▁▃▁▂▂▂▂▃▃▄▂▃▃▄▄▅▄▅▅▅▆▆▆▇▆▆▆▇▇▇▇▇▇▇
wandb:                            val/OVRPBTW/top1 ▁▄▁▃▄▁▄▅▆▆▅▅▇▇▇▇▇▇▇▇▅▇▅▇▅▆▆▆▆█▇▇▅▆▆▇▇▇▆▇
wandb:                            val/OVRPBTW/top2 ▁▁▁▁▁▁▁▁▁▁▁▁▁▁▁▁▁▁▁▁▁▁▁▁▁▁▁▁▁▁▁▁▁▁▁▁▁▁▁▁
wandb:                            val/OVRPBTW/top3 ██▁█████████████▁██▁█▁█████▁██████▁█████
wandb:                      val/OVRPBTW/vs_sbs_pct █▆▅▅█▅▅▃▃▃▄▂▁▂▁▃▁▃▃▄▄▂▆▃▄▅▆▃▅▃▄▂▅▆▂▄▆▄▆▄
wandb:                 val/OVRPL/actual_regret_pct █▁▂▁▂▁▂▁▁▁▁▁▂▁▁▁▁▁▁▁▁▁▁▁▁▁▁▁▁▁▁▁▁▁▁▁▁▁▁▁
wandb:                                val/OVRPL/ce █▁▁▁▁▁▁▁▁▁▁▁▁▁▁▁▁▁▁▁▁▁▁▁▁▁▁▁▁▁▁▁▁▁▁▁▁▁▁▁
wandb:                         val/OVRPL/mean_cost █▁▁▂▁▁▁▁▁▁▁▁▁▂▁▁▁▁▁▁▁▁▁▁▁▁▁▁▁▁▁▁▁▁▁▁▁▁▁▁
wandb:                   val/OVRPL/performance_mse █▄▃▅▂▃▆▅▅▅▃▂▄▃▂▃▁▃▁▁▃▂▃▃▄▃▄▄▄▅▄▅▄▄▄▄▄▄▄▄
wandb:                              val/OVRPL/top1 ▁▇▇▇▇▇▇▇▇▇▇▇▇▇▇▇▇▇▇▇▇▇██████████████████
wandb:                              val/OVRPL/top2 ▃▃▁▃▃▃▃▃▃▃▃▃▃▇▄▄▃▅▆▆▆██▇█▇▆▅▆▆▇▇██▇▇▆▇▇▇
wandb:                              val/OVRPL/top3 ▁███████████████████████████████████████
wandb:                        val/OVRPL/vs_sbs_pct ▅██▄▆▃▅▄▅▃▄▇▄▄▃▃▃▃▂▃▂▂▂▂▁▂▂▃▂▂▁▂▂▁▂▁▁▁▂▂
wandb:               val/OVRPLTW/actual_regret_pct ▂▄▄▃▄▆█▄▅▄▃▄▆▄▅▂▂▃▂▂▃▃▃▃▂▂▅▃▂▁▁▂▂▂▂▂▂▂▃▂
wandb:                              val/OVRPLTW/ce █▂▃▂▂▁▂▁▁▁▁▁▁▁▃▂▁▁▁▁▁▁▁▁▁▁▁▁▂▁▂▂▂▂▂▁▁▂▁▁
wandb:                       val/OVRPLTW/mean_cost ▄▄▄▂▄▄▃▇█▅▇▃▄▆▄▃▂▂▄▃▃▂▂▃▃▃▃▂▂▄▁▂▁▃▂▂▂▂▂▂
wandb:                 val/OVRPLTW/performance_mse █▆▃▁▃▃▂▂▂▃▃▃▃▃▄▄▅▂▃▃▃▅▅▅▅▅▆▆▇▇█▇▇▇▇█████
wandb:                            val/OVRPLTW/top1 ▄▄▂▄▃▁▃▄▃▃▄▅▄▁▃▅▄▇▇▅▅▇▆▆█▅▆▆▇▆▅▇█▇▇▆▆▆▆▆
wandb:                            val/OVRPLTW/top2 ▁▁▁▁▁▁▁▁▁▁▁▁▁▁▁▁▁▁▁▁▁▁▁▁▁▁▁▁▁▁▁▁▁▁▁▁▁▁▁▁
wandb:                            val/OVRPLTW/top3 ▆▆▆▆▆▆▆█████▆▁████▆█████████████████████
wandb:                      val/OVRPLTW/vs_sbs_pct ▄▄▄▃▂▄▄▃▇█▅▇▃▆▄▂▂▃▄▃▂▃▃▃▃▃▂▂▄▂▂▁▃▂▂▂▂▂▃▂
wandb:                val/OVRPTW/actual_regret_pct ▆█▄▄▅▄▃▆▅▄▃▃▅▅▃▂▃▂▁▂▁▂▃▃▂▂▄▃▂▃▂▃▃▃▃▂▃▂▃▂
wandb:                               val/OVRPTW/ce █▂▃▃▂▂▃▂▂▂▂▂▂▁▃▂▁▂▁▁▁▁▁▁▁▂▁▁▁▁▁▂▁▂▂▂▂▂▂▂
wandb:                        val/OVRPTW/mean_cost █▅█▅▇▂▄▇▄▇█▃▂▄▆▃▃▂▄▃▁▃▃▃▃▁▁▄▃▂▁▂▃▃▃▃▂▄▂▂
wandb:                  val/OVRPTW/performance_mse ▇▁▃▂▃▃▂▂▃▃▃▃▄▄▄▃▄▃▄▅▅▆▅▆▆▇▇▇█▇▇▇▇███████
wandb:                             val/OVRPTW/top1 ▁▁▄▂▁▂▃▄▅▃▃▅▅▄▄▆▅▇█▇▆▅██▇▆▆▇▆▆▇▇▇▇▆▆▆▇▅▆
wandb:                             val/OVRPTW/top2 ▁▁▁▁▁▁▁▁▁▁▁▁▁▁▁▁▁▁▁▁▁▁▁▁▁▁▁▁▁▁▁▁▁▁▁▁▁▁▁▁
wandb:                             val/OVRPTW/top3 ▆▁▆▆▆▆▆▆▆▆▆▆▆▆▆▆▆█▆█████▆███████████████
wandb:                       val/OVRPTW/vs_sbs_pct ▆█▄▆▃▄▅▃▂▄▃▅▅▆▃▅▆▃▃▃▁▃▁▂▃▂▃▃▂▂▂▃▂▂▃▃▃▃▂▂
wandb:                   val/TSP/actual_regret_pct ██▃▄▃▂▂▁▁▁▂▁▂▁▁▁▁▁▁▁▁▂▁▁▁▁▁▁▁▁▁▁▁▁▁▁▁▁▁▁
wandb:                                  val/TSP/ce █▆▅▄▄▃▅▃▃▃▂▂▂▂▁▂▂▂▂▂▃▂▂▂▁▁▂▁▂▁▁▁▂▁▁▁▂▂▂▂
wandb:                           val/TSP/mean_cost █▇▃▄▃▃▂▂▁▂▂▂▁▂▂▁▁▁▁▁▁▁▁▁▂▁▁▁▁▁▁▁▁▁▁▁▁▁▁▁
wandb:                     val/TSP/performance_mse ▇▃▃▄▃█▅▆▅▆▆▄▆▃▅▃▄▁▁▂▃▂▂▂▅▂▁▃▃▃▂▂▁▂▂▃▃▂▂▂
wandb:                                val/TSP/top1 ▁▂▅▅▅▂▄▅▆▆█▇▅▇▆▇▇██▇▇█▇█▇█▇▇██▇███▇▇▇█▇▇
wandb:                                val/TSP/top2 ▁▂▃▄▅▅▅▆▄▇▇▇█▄▇▇▆██▇▇████▇▇▇██▇█▇█▇█▇▇▇█
wandb:                                val/TSP/top3 ▁▁▃▄▄▅▂▆▅▆▆▇▇▇▆▄▇▇▇█▆█▇▇▇▇▇█▇▇██▇█████▇█
wandb:                          val/TSP/vs_sbs_pct █▇█▃▃▃▂▂▁▂▁▂▂▂▁▁▁▁▁▁▁▁▂▁▂▁▁▁▁▁▁▁▁▁▁▁▁▁▁▁
wandb:                  val/VRPB/actual_regret_pct █▇▄▃▇▃▃▃▃▄▃▄▃▂▂▄▂▃▂▂▃▃▂▃▃▄▃▂▃▃▁▃▃▃▃▃▂▃▄▃
wandb:                                 val/VRPB/ce █▆▅▃▃▃▃▂▂▂▂▂▂▂▃▂▃▂▂▂▁▁▁▁▁▁▂▁▁▁▁▁▁▁▁▁▁▁▁▁
wandb:                          val/VRPB/mean_cost ███▄▃▃▃▃▃▃▄▂▁▃▂▂▂▂▂▃▃▂▂▂▂▃▃▁▂▂▁▂▂▃▃▃▁▂▂▂
wandb:                    val/VRPB/performance_mse █▅▃▁▂▃▂▄█▇▆▅▅▄▄▂▂▃▄▂▄▄▄▄▃▅▄▅▅▅▄▅▅▅▅▅▅▅▅▅
wandb:                               val/VRPB/top1 ▁▁▇▇▁▇▇▇▇▆▆▅▇▇█▇▇▇▇▇▆█▇▇█▇▇▇██▇▇▇▆▇▇▇▇▇▇
wandb:                               val/VRPB/top2 ▁▁▁▁▁▁▁▁▁▁▁▁▁▁▁▁▁▁▁▁▁▁▁▁▁▄▄▄▄███████▄█▄▄
wandb:                               val/VRPB/top3 ▁▇▇▇▇▇▇▇▇▇▇▇▇▇▇▇█▇▇██▇██████████████████
wandb:                         val/VRPB/vs_sbs_pct ███▄▃▃▃▃▃▄▄▅▄▄▃▂▂▃▃▃▂▃▃▃▃▂▃▂▃▂▁▂▂▂▂▃▂▃▃▃
wandb:                 val/VRPBL/actual_regret_pct ▅▁▅▃▄▂▂▄▃▁▂▃▂▃▄▃▁▃▆▁▂▄▅▄▄▆▂▂▇▄▄▅▆█▆▇▆▆▆▆
wandb:                                val/VRPBL/ce █▆▂▂▂▂▁▂▁▁▁▁▃▁▂▁▂▁▂▁▂▁▂▂▁▂▂▂▂▁▂▂▂▂▂▂▂▂▂▂
wandb:                         val/VRPBL/mean_cost ▁▅▆▃▃▃▃▂▄▄▁▂▃▄▃▁▃▂▂▃▁▂▄▄▄▄▆▅▃▃▄▅▄▅█▆▇▆▇▆
wandb:                   val/VRPBL/performance_mse █▅▃▁▃▂▂▄▇▆▇█▆▆▅▆▆▃▃▄▃▄▄▅▆▅▆▆▆▆▅▅▅▆▆▆▆▆▆▆
wandb:                              val/VRPBL/top1 ▃█▄▃▆▄▆▆▆▆▆▃▇▆▆█▆▇▇█▅▇▅▅▅▄▄▄▆▆▃▃▃▁▂▂▂▂▂▂
wandb:                              val/VRPBL/top2 ▆▆▆▆▆▆▆▆▆▆▆▆▆▆▆▆▆▆▆▆▆▆▆▃▃▆▆▆▃█▆█▁▃▃▃▆▁▃▁
wandb:                              val/VRPBL/top3 ▁▇▇███▇██▇█▇▇███▇▇████▇███▇█▇█████▇█████
wandb:                        val/VRPBL/vs_sbs_pct ▆▁▅▆▃▃▆▃▄▄▁▇▂▃▄▂▂▃▆▁▂▄▅▅▄▅▃▃▅▄▆█▇██▇▆▆▇▆
wandb:               val/VRPBLTW/actual_regret_pct ██▇▅▃▃▂▃▂▂▁▁▁▁▃▂▁▁▁▁▁▁▁▁▂▁▁▁▂▁▁▁▁▁▁▁▁▁▁▁
wandb:                              val/VRPBLTW/ce █▇█▅▅▅▃▃▃▂▂▂▅▂▄▂▂▁▁▂▁▁▂▂▁▁▃▁▁▁▁▁▁▁▁▁▁▁▁▁
wandb:                       val/VRPBLTW/mean_cost ██▇▄▃▂▂▂▁▁▁▁▂▁▁▁▁▁▁▁▁▂▁▁▁▁▁▁▁▁▁▁▁▁▁▁▁▁▁▁
wandb:                 val/VRPBLTW/performance_mse ▇█▇▅▅▄▆▄▃▄▃▂▃▂▂▃▁▁▂▂▃▄▄▄▄▄▄▅▅▅▅▄▄▅▅▅▅▅▅▅
wandb:                            val/VRPBLTW/top1 ▁▂▂▃▅▅▆▅▇▇▇▆▇▆▇▇▇▇▆▆▇█▇▆▇▆▆▇▇▆▇▇██▇▇████
wandb:                            val/VRPBLTW/top2 ▁▁▃▃▅▇▄▆▆▇▇▅▆█▇▇█▇▇▇▇██▇▇▇▆█▇▇██▇███████
wandb:                            val/VRPBLTW/top3 ▁▄▅▅▆▆▆▅▆▇▇▇▆▇▇▇▇▇▇▇█▇██▇▇██▇██▇████████
wandb:                      val/VRPBLTW/vs_sbs_pct ██▇▄▃▃▂▂▂▁▂▁▂▁▁▁▁▁▁▁▁▂▁▁▁▁▁▁▁▁▁▁▁▁▁▁▁▁▁▁
wandb:                val/VRPBTW/actual_regret_pct █▅▄▃▄▂▂▁▁▃▁▁▁▁▁▁▁▁▁▁▁▁▁▁▁▁▁▁▁▁▁▁▁▁▁▁▁▁▁▁
wandb:                               val/VRPBTW/ce █▄▃▂▃▂▂▂▂▂▃▁▁▁▁▁▁▁▁▁▁▁▃▁▁▁▁▁▁▁▁▁▁▁▁▁▁▁▁▁
wandb:                        val/VRPBTW/mean_cost █▇▆▄▅▃▂▃▄▃▂▂▂▂▂▂▂▂▂▂▁▁▃▁▁▂▁▁▂▁▁▁▁▁▁▁▁▁▁▁
wandb:                  val/VRPBTW/performance_mse ▆█▅▄▅▄▅▆▄▂▂▂▂▃▃▂▃▁▁▂▃▃▄▄▄▅▄▄▅▅▅▄▅▅▅▆▆▆▆▆
wandb:                             val/VRPBTW/top1 ▁▁▄▅▆▃▆▆▆▄▇▂▅▅▆▅▅▆▆▆▄▆▅█▄▆▇▇▇▆▆▆▆▅▆▆▅▅▅▅
wandb:                             val/VRPBTW/top2 ▁▂▄▅▄▄▆▇▅▇▆▄▇▇▇▇▇▇█▇███▇▇▇▇▇█▇██████████
wandb:                             val/VRPBTW/top3 ▁▂▃▃▃▅▆▆▆▆█▅▇▇▇▇▇█▇█▇▇▇█▇▇▇█▇▇████▇█████
wandb:                       val/VRPBTW/vs_sbs_pct ██▄▃▃▂▂▃▂▂▂▁▃▁▁▁▁▁▁▁▁▁▁▁▁▂▁▁▁▁▁▁▁▁▁▁▁▁▁▁
wandb:                  val/VRPL/actual_regret_pct █▅▆▆▇▅▆▆▆▆▅▄▇▅▄▅▆▄▅▃▄▄▄▄▃▁▅▂▃▂▄▆▃▂▄▃▃▃▃▃
wandb:                                 val/VRPL/ce █▅▆▄▅▅▅▄▃▃▄▃▇▂▂▁▃▃▁▂▁▂▃▂▁▁▁▂▁▁▁▂▁▂▂▂▁▁▂▁
wandb:                          val/VRPL/mean_cost █▁▁▁▁▁▁▁▁▁▁▁▁▁▁▁▁▁▁▁▁▁▁▁▁▁▁▁▁▁▁▁▁▁▁▁▁▁▁▁
wandb:                    val/VRPL/performance_mse █▅▃▆▃▄▅▂▄▃▃▄▁▃▂▂▁▂▁▁▂▄▄▄▄▃▄▅▅▅▅▅▅▅▅▅▅▅▅▅
wandb:                               val/VRPL/top1 ▁▇▇▇▇▇▇▇▇▇▇▇▇▇█▇█▇█████▇▇████▇██████████
wandb:                               val/VRPL/top2 ▁██▇██████▇▇████▇█▇▇██▇██████▇██████████
wandb:                               val/VRPL/top3 ▁██████████▇█▇▆█████████████████████████
wandb:                         val/VRPL/vs_sbs_pct █▆▇██▆▇▇▅▇▇█▅▆▅▆▆▄▅▆▄▅▅▄▄▆▄▂▁▅▃▃▅▃▄▄▄▄▃▄
wandb:                val/VRPLTW/actual_regret_pct █▆▃█▂▂▂▂▃▂▁▂▂▁▁▂▁▁▁▂▄▁▁▁▁▁▁▁▁▁▁▁▁▁▁▁▁▁▁▁
wandb:                               val/VRPLTW/ce █▄▄▃▄▃▃▂▂▂▂▂▂▁▂▂▁▁▁▂▁▁▂▁▁▁▁▁▁▁▁▁▁▁▁▁▁▁▁▁
wandb:                        val/VRPLTW/mean_cost █▅▅▇▃▂▂▂▂▃▂▂▂▂▁▁▁▁▁▂▃▁▁▁▁▁▁▁▁▁▁▁▁▁▁▁▁▁▁▁
wandb:                  val/VRPLTW/performance_mse █▇█▅▇▆▅▅▆▄▅▄▄▂▄▂▄▂▁▂▂▄▄▄▄▄▅▅▆▅▆▅▅▅▅▆▆▆▆▆
wandb:                             val/VRPLTW/top1 ▁▃▃▂▄▅▅▆▇▆▅▇▆▇▇▇▇█▆█▇█▇██▇▇▇▇█▇█▇█▇▇███▇
wandb:                             val/VRPLTW/top2 ▁▃▂▅▂▆▆▆▇▇▆▇▇▇▇▇▇█▆██▇██▇███▇███████████
wandb:                             val/VRPLTW/top3 ▁▃▃▅▁▆▆▇▆▇▆▆▇▇▇███▇█▇█▇█████▇███████████
wandb:                       val/VRPLTW/vs_sbs_pct █▅▅▇▃▂▂▂▂▁▁▂▂▂▁▂▁▁▁▂▃▁▁▁▁▁▁▁▁▁▁▁▁▁▁▁▁▁▁▁
wandb:                 val/VRPTW/actual_regret_pct █▇▅▃▆▂▂▂▂▁▂▁▂▂▁▁▁▁▁▁▃▁▁▁▁▂▁▁▁▁▁▁▁▁▁▁▁▁▁▁
wandb:                                val/VRPTW/ce █▄▄▃▂▂▂▂▁▁▂▂▁▂▁▁▁▁▁▁▁▂▁▁▂▁▁▁▁▁▁▁▁▁▁▁▁▁▁▁
wandb:                         val/VRPTW/mean_cost █▆▅▅▂▂▂▁▁▂▁▂▁▁▂▁▁▁▁▁▃▃▁▁▁▂▁▁▁▁▁▁▁▁▁▁▁▁▁▁
wandb:                   val/VRPTW/performance_mse ▇▆▇▅▇█▆▇▅▅▄▄▅▅▅▅▃▂▁▂▄▃▄▄▄▄▅▄▅▆▆▅▆▆▆▇▆▇▆▆
wandb:                              val/VRPTW/top1 ▁▃▃▃▅▄▅▅▆▆▆▇▇▇▆▇▇▇▇▇▆▇█▇▇▇▇▇██▇▇▇▇██████
wandb:                              val/VRPTW/top2 ▁▃▃▅▅▆▇▇▇▆▇▇█▇██▇▇▇███▇█▇███▇█▇▇████████
wandb:                              val/VRPTW/top3 ▁▄▄▅▆▆▇▇▇▇▇█▇▇███████▇██████████████████
wandb:                        val/VRPTW/vs_sbs_pct █▆▅▃▅▂▂▂▂▁▁▁▂▁▁▁▁▁▃▃▁▁▁▁▂▁▁▁▁▁▁▁▁▁▁▁▁▁▁▁
wandb:                 val/macro_actual_regret_pct █▆▄▄▂▂▂▂▂▂▂▂▂▁▁▂▁▁▁▂▁▁▁▁▁▁▁▁▁▁▁▁▁▁▁▁▁▁▁▁
wandb:  val/macro_actual_regret_pct_classification █▆▅▄▄▂▂▂▂▂▂▂▂▁▁▁▁▁▁▂▁▁▁▁▁▁▁▁▁▁▁▁▁▁▁▁▁▁▁▁
wandb:     val/macro_actual_regret_pct_performance ▇▅▆▇█▆▆██▇▇█▆▇▆▆▆▆▁▅▆▇▆▆▆▆▇▇▇▆▇▇▇▇▇▇▇▇▇▇
wandb:                                val/macro_ce █▃▂▂▂▂▂▂▂▂▂▂▂▁▂▁▁▁▁▁▁▁▁▁▁▁▁▁▁▁▁▁▁▁▁▁▁▁▁▁
wandb:                         val/macro_mean_cost █▅▄▅▃▂▂▂▂▂▂▂▂▂▁▁▁▁▁▂▃▁▁▁▁▁▁▁▁▁▁▁▁▁▁▁▁▁▁▁
wandb:          val/macro_mean_cost_classification █▆▅▄▄▂▂▂▂▂▁▁▁▁▂▁▁▁▂▁▁▁▁▁▁▁▁▁▁▁▁▁▁▁▁▁▁▁▁▁
wandb:             val/macro_mean_cost_performance ▇▃█▆▅█▇█▆▄▅▆▆▃▃▄▂▄▁▃▃▅▄▃▄▅▅▅▄▄▄▄▄▄▄▅▅▅▅▅
wandb:                   val/macro_performance_mse █▆▃▂▂▃▃▄▄▃▃▂▃▂▂▁▁▂▁▃▄▄▄▄▄▅▆▆▅▅▅▅▅▆▆▆▆▆▆▆
wandb:                    val/macro_performance_r2 ▁▃▆▆▇▅▆▅▇▅▇▆▆▆▇▇▇▆██▇▆▆▅▅▅▅▅▅▄▄▃▄▄▃▃▃▃▃▃
wandb:              val/macro_performance_zero_mse ▁▁▁▁▁▁▁▁▁▁▁▁▁▁▁▁▁▁▁▁▁▁▁▁▁▁▁▁▁▁▁▁▁▁▁▁▁▁▁▁
wandb:                              val/macro_top1 ▁▂▄▄▄▄▆▆▅▆▆▆▆▇▇▇▇▇▇▇▆▇▇█▇███████████████
wandb:               val/macro_top1_classification ▁▃▅▅▅▅▅▆▆▇▇▇▇▇▇▇▇▇▇█▇█▇▇████████████████
wandb:                  val/macro_top1_performance ▅█▆▄▅▄▂▃▁▂▂▂▃▂▃▁▂▃▃▂▃▃▂▄▃▃▃▅▃▅▃▃▃▃▃▃▃▃▃▃
wandb:                    val/macro_top1_tie_aware ▁▃▄▅▅▆▅▅▆▆▇▇▆▇▇▇▇▇▇▇██▇█▇███████████████
wandb:     val/macro_top1_tie_aware_classification ▁▃▄▅▅▅▅▆▆▆▇▆▇▇▆▇▇▇▇▇▇▇██▇▇██████████████
wandb:        val/macro_top1_tie_aware_performance ▅█▆▅▆▅▃▂▃▁▅▃▄▂▃▃▂▄▄▃▃▄▄▄▄▄▄▅▆▅▄▄▄▄▄▃▃▃▄▄
wandb:                              val/macro_top2 ▁▄▅▆▆▇▆▇▇▇▇▇▇▇▇▇▇▇█▇█▇██▇███████████████
wandb:               val/macro_top2_classification ▁▄▅▆▆▇▆▇▇▇▇▇▇▇▇▇█▇▇█▇█▇█▇███████████████
wandb:                  val/macro_top2_performance ▁▇█▆▇▅▅▆▄▄▄▅▆▅▅▅▅▅▆▅▆▅▅▆▆▆▅▄▅▅▅▅▅▅▅▅▅▅▅▅
wandb:                              val/macro_top3 ▁▅▆▆▇▇▇▇▇▇▇▇▇▇▇█████████████████████████
wandb:               val/macro_top3_classification ▁▅▅▅▆▇▆▇▇▇▇▆▇▇▇▇▇▇▇▇█▇█▇▇███████████████
wandb:                  val/macro_top3_performance ▁▆▇▆▆▆▅▆▆▅▆▇▇▆▆▆▇▇█████▇█▇█▇▇▆▇▇▇▇▇▇▇▆▆▆
wandb:                val/macro_vbs_gap_closed_pct ▁▃▅▅▆▆▇▇▇▇▇▇▇▇▇▇█▇█▇███▇▇███████████████
wandb: val/macro_vbs_gap_closed_pct_classification ▁▅▆▆▆▇▇▇▇▇▇▇▇▇██▇▇▇█▇█▇▇████████████████
wandb:    val/macro_vbs_gap_closed_pct_performance ▄▇▅▄▄▅▄▄▂▄▂▅▂▁▃▄▆▄█▅▄▃▃▄▃▃▄▃▂▂▃▃▂▂▂▂▂▁▁▁
wandb:                     val/macro_vs_oracle_pct █▆▅▄▃▃▂▂▂▂▂▂▂▂▂▂▁▁▂▁▂▃▁▁▁▁▁▁▁▁▁▁▁▁▁▁▁▁▁▁
wandb:      val/macro_vs_oracle_pct_classification █▃▂▂▂▂▁▂▂▁▁▁▁▂▁▁▂▂▁▁▁▁▁▁▁▁▁▁▁▁▁▁▁▁▁▁▁▁▁▁
wandb:         val/macro_vs_oracle_pct_performance ▇▅▆▆▇▇▇██▇█▇█▇▇▆▅▆▆▁▆▆▆▆▆▆▆▆▇▇▆▆▇▇▇▇▇▇▇▇
wandb:                        val/macro_vs_sbs_pct █▆▄▃▂▂▂▂▂▁▂▁▁▂▁▁▁▂▂▁▁▁▁▁▁▁▁▁▁▁▁▁▁▁▁▁▁▁▁▁
wandb:         val/macro_vs_sbs_pct_classification █▆▄▃▃▂▂▂▂▂▁▂▂▂▂▁▁▁▁▁▁▁▁▁▁▁▁▁▁▁▁▁▁▁▁▁▁▁▁▁
wandb:            val/macro_vs_sbs_pct_performance ▅▆▇▇▆█▇█▇▄█▇▇▆▅▆▆▁▅▆▆▆▆▆▆▆▇▇▇▇▆▇▇▇▇▇▇▇▇▇
wandb: 
wandb: Run summary:
wandb:                                  best_epoch 53
wandb:                             best_val_vs_sbs -1.05537
wandb:                                       epoch 60
wandb:                              final_val_top1 0.48428
wandb:                         gpu/peak_memory_gib 18.68425
wandb:                       speed/samples_per_sec 8134.07305
wandb:                                    train/ce 1.06132
wandb:                             train/grad_norm 0.35396
wandb:                                  train/loss 0.44531
wandb:                                    train/lr 0.0
wandb:                                  train/pair 0.47032
wandb:                                  train/risk 1.34074
wandb:                               train/skipped 0
wandb:                  val/ATSP/actual_regret_pct 0.31948
wandb:                                 val/ATSP/ce 0.58839
wandb:                          val/ATSP/mean_cost 1.63487
wandb:                    val/ATSP/performance_mse 1.11222
wandb:                               val/ATSP/top1 0.782
wandb:                               val/ATSP/top2 0.97
wandb:                               val/ATSP/top3 0.993
wandb:                         val/ATSP/vs_sbs_pct -2.30997
wandb:                  val/CVRP/actual_regret_pct 0.67655
wandb:                                 val/CVRP/ce 1.33343
wandb:                          val/CVRP/mean_cost 18.20447
wandb:                    val/CVRP/performance_mse 0.95898
wandb:                               val/CVRP/top1 0.473
wandb:                               val/CVRP/top2 0.689
wandb:                               val/CVRP/top3 0.831
wandb:                         val/CVRP/vs_sbs_pct -0.4912
wandb:                  val/OVRP/actual_regret_pct 0.70009
wandb:                                 val/OVRP/ce 1.47652
wandb:                          val/OVRP/mean_cost 7.45437
wandb:                    val/OVRP/performance_mse 0.81474
wandb:                               val/OVRP/top1 0.349
wandb:                               val/OVRP/top2 0.641
wandb:                               val/OVRP/top3 0.843
wandb:                         val/OVRP/vs_sbs_pct -0.09767
wandb:                 val/OVRPB/actual_regret_pct 0.92948
wandb:                                val/OVRPB/ce 0.79811
wandb:                         val/OVRPB/mean_cost 6.31831
wandb:                   val/OVRPB/performance_mse 0.93672
wandb:                              val/OVRPB/top1 0.577
wandb:                              val/OVRPB/top2 0.968
wandb:                              val/OVRPB/top3 0.987
wandb:                        val/OVRPB/vs_sbs_pct -0.05803
wandb:                val/OVRPBL/actual_regret_pct 0.96829
wandb:                               val/OVRPBL/ce 0.86257
wandb:                        val/OVRPBL/mean_cost 6.30581
wandb:                  val/OVRPBL/performance_mse 0.92207
wandb:                             val/OVRPBL/top1 0.578
wandb:                             val/OVRPBL/top2 0.954
wandb:                             val/OVRPBL/top3 0.984
wandb:                       val/OVRPBL/vs_sbs_pct -0.07048
wandb:              val/OVRPBLTW/actual_regret_pct 1.18194
wandb:                             val/OVRPBLTW/ce 0.87163
wandb:                      val/OVRPBLTW/mean_cost 10.53397
wandb:                val/OVRPBLTW/performance_mse 0.83761
wandb:                           val/OVRPBLTW/top1 0.5
wandb:                           val/OVRPBLTW/top2 0.92
wandb:                           val/OVRPBLTW/top3 1
wandb:                     val/OVRPBLTW/vs_sbs_pct -0.06835
wandb:               val/OVRPBTW/actual_regret_pct 1.23056
wandb:                              val/OVRPBTW/ce 0.90266
wandb:                       val/OVRPBTW/mean_cost 10.50094
wandb:                 val/OVRPBTW/performance_mse 0.85815
wandb:                            val/OVRPBTW/top1 0.505
wandb:                            val/OVRPBTW/top2 0.913
wandb:                            val/OVRPBTW/top3 0.999
wandb:                      val/OVRPBTW/vs_sbs_pct -0.0556
wandb:                 val/OVRPL/actual_regret_pct 0.71872
wandb:                                val/OVRPL/ce 1.40921
wandb:                         val/OVRPL/mean_cost 7.43196
wandb:                   val/OVRPL/performance_mse 0.98427
wandb:                              val/OVRPL/top1 0.402
wandb:                              val/OVRPL/top2 0.685
wandb:                              val/OVRPL/top3 0.859
wandb:                        val/OVRPL/vs_sbs_pct -0.07538
wandb:               val/OVRPLTW/actual_regret_pct 0.84889
wandb:                              val/OVRPLTW/ce 0.88833
wandb:                       val/OVRPLTW/mean_cost 10.12378
wandb:                 val/OVRPLTW/performance_mse 0.83439
wandb:                            val/OVRPLTW/top1 0.507
wandb:                            val/OVRPLTW/top2 0.927
wandb:                            val/OVRPLTW/top3 1
wandb:                      val/OVRPLTW/vs_sbs_pct -0.03387
wandb:                val/OVRPTW/actual_regret_pct 0.84412
wandb:                               val/OVRPTW/ce 0.87988
wandb:                        val/OVRPTW/mean_cost 10.04148
wandb:                  val/OVRPTW/performance_mse 0.88669
wandb:                             val/OVRPTW/top1 0.508
wandb:                             val/OVRPTW/top2 0.933
wandb:                             val/OVRPTW/top3 1
wandb:                       val/OVRPTW/vs_sbs_pct -0.06926
wandb:                   val/TSP/actual_regret_pct 0.59129
wandb:                                  val/TSP/ce 1.65112
wandb:                           val/TSP/mean_cost 7.9162
wandb:                     val/TSP/performance_mse 0.82725
wandb:                                val/TSP/top1 0.376
wandb:                                val/TSP/top2 0.607
wandb:                                val/TSP/top3 0.761
wandb:                          val/TSP/vs_sbs_pct -0.5228
wandb:                  val/VRPB/actual_regret_pct 0.70593
wandb:                                 val/VRPB/ce 0.89745
wandb:                          val/VRPB/mean_cost 9.33277
wandb:                    val/VRPB/performance_mse 1.07923
wandb:                               val/VRPB/top1 0.552
wandb:                               val/VRPB/top2 0.918
wandb:                               val/VRPB/top3 0.996
wandb:                         val/VRPB/vs_sbs_pct -0.08031
wandb:                 val/VRPBL/actual_regret_pct 0.8247
wandb:                                val/VRPBL/ce 0.9306
wandb:                         val/VRPBL/mean_cost 9.35953
wandb:                   val/VRPBL/performance_mse 1.03075
wandb:                              val/VRPBL/top1 0.519
wandb:                              val/VRPBL/top2 0.912
wandb:                              val/VRPBL/top3 0.989
wandb:                        val/VRPBL/vs_sbs_pct 0.00281
wandb:               val/VRPBLTW/actual_regret_pct 1.67718
wandb:                              val/VRPBLTW/ce 1.19233
wandb:                       val/VRPBLTW/mean_cost 18.94589
wandb:                 val/VRPBLTW/performance_mse 0.87928
wandb:                            val/VRPBLTW/top1 0.43
wandb:                            val/VRPBLTW/top2 0.78
wandb:                            val/VRPBLTW/top3 0.94
wandb:                      val/VRPBLTW/vs_sbs_pct -2.94001
wandb:                val/VRPBTW/actual_regret_pct 1.66387
wandb:                               val/VRPBTW/ce 1.17406
wandb:                        val/VRPBTW/mean_cost 19.04252
wandb:                  val/VRPBTW/performance_mse 0.88575
wandb:                             val/VRPBTW/top1 0.43
wandb:                             val/VRPBTW/top2 0.807
wandb:                             val/VRPBTW/top3 0.93
wandb:                       val/VRPBTW/vs_sbs_pct -3.18877
wandb:                  val/VRPL/actual_regret_pct 0.47845
wandb:                                 val/VRPL/ce 1.62155
wandb:                          val/VRPL/mean_cost 12.40349
wandb:                    val/VRPL/performance_mse 1.1222
wandb:                               val/VRPL/top1 0.318
wandb:                               val/VRPL/top2 0.574
wandb:                               val/VRPL/top3 0.722
wandb:                         val/VRPL/vs_sbs_pct -0.02998
wandb:                val/VRPLTW/actual_regret_pct 1.27497
wandb:                               val/VRPLTW/ce 1.13838
wandb:                        val/VRPLTW/mean_cost 17.62398
wandb:                  val/VRPLTW/performance_mse 0.87021
wandb:                             val/VRPLTW/top1 0.453
wandb:                             val/VRPLTW/top2 0.809
wandb:                             val/VRPLTW/top3 0.941
wandb:                       val/VRPLTW/vs_sbs_pct -4.78232
wandb:                 val/VRPTW/actual_regret_pct 1.48329
wandb:                                val/VRPTW/ce 1.22665
wandb:                         val/VRPTW/mean_cost 17.90675
wandb:                   val/VRPTW/performance_mse 0.87361
wandb:                              val/VRPTW/top1 0.458
wandb:                              val/VRPTW/top2 0.756
wandb:                              val/VRPTW/top3 0.928
wandb:                        val/VRPTW/vs_sbs_pct -4.02172
wandb:                 val/macro_actual_regret_pct 0.95099
wandb:  val/macro_actual_regret_pct_classification 0.95099
wandb:     val/macro_actual_regret_pct_performance 5.37167
wandb:                                val/macro_ce 1.10238
wandb:                         val/macro_mean_cost 11.17117
wandb:          val/macro_mean_cost_classification 11.17117
wandb:             val/macro_mean_cost_performance 11.45933
wandb:                   val/macro_performance_mse 0.92856
wandb:                    val/macro_performance_r2 0.05628
wandb:              val/macro_performance_zero_mse 0.98336
wandb:                              val/macro_top1 0.48428
wandb:               val/macro_top1_classification 0.48428
wandb:                  val/macro_top1_performance 0.28639
wandb:                    val/macro_top1_tie_aware 0.48506
wandb:     val/macro_top1_tie_aware_classification 0.48506
wandb:        val/macro_top1_tie_aware_performance 0.28656
wandb:                              val/macro_top2 0.82017
wandb:               val/macro_top2_classification 0.82017
wandb:                  val/macro_top2_performance 0.55456
wandb:                              val/macro_top3 0.92794
wandb:               val/macro_top3_classification 0.92794
wandb:                  val/macro_top3_performance 0.75406
wandb:                val/macro_vbs_gap_closed_pct 30.39146
wandb: val/macro_vbs_gap_closed_pct_classification 30.39146
wandb:    val/macro_vbs_gap_closed_pct_performance -241.69402
wandb:                     val/macro_vs_oracle_pct 0.91419
wandb:      val/macro_vs_oracle_pct_classification 0.91419
wandb:         val/macro_vs_oracle_pct_performance 5.22124
wandb:                        val/macro_vs_sbs_pct -1.0496
wandb:         val/macro_vs_sbs_pct_classification -1.0496
wandb:            val/macro_vs_sbs_pct_performance 3.15824
wandb: 
wandb: You can sync this run to the cloud by running:
wandb: wandb sync code/V4/runs/R39_performance_model/winner_cost_seed2/wandb/offline-run-20260930_184257-uvh2yeyp
wandb: Find logs at: code/V4/runs/R39_performance_model/winner_cost_seed2/wandb/offline-run-20260930_184257-uvh2yeyp/logs
[done] winner_cost_seed2 epochs=60 updates=16200 best_epoch=53 final_top1=0.4843 seconds=1498.1
wandb: Tracking run with wandb version 0.19.11
wandb: W&B syncing is set to `offline` in this directory. Run `wandb online` or set WANDB_MODE=online to enable cloud syncing.
[start] performance_seed2 scratch=True all18=True epochs=60 batch=640 decision=performance model_hash=960a17a359d5da1b9ca71ba4f34099fdfd543f623f1b8e5960abd61fc2ad31c7
[eval epoch 0 performance] macro_top1=0.1408 top2=0.4097 top3=0.5018 vs_sbs=+10.118% vbs_closed=-779.51%
          classification_top1=0.0664 performance_top1=0.1408 classification_CE=1.93849 performance_MSE=0.95705
       TSP: top1=0.109 mean_cost=7.9646 (sbs=7.9578) vs_sbs=+0.08%
      CVRP: top1=0.018 mean_cost=19.6954 (sbs=18.2943) vs_sbs=+7.66%
      ATSP: top1=0.139 mean_cost=2.3231 (sbs=1.6735) vs_sbs=+38.82%
      OVRP: top1=0.085 mean_cost=7.5915 (sbs=7.4617) vs_sbs=+1.74%
      VRPB: top1=0.504 mean_cost=9.3403 (sbs=9.3403) vs_sbs=-0.00%
      VRPL: top1=0.276 mean_cost=12.4085 (sbs=12.4072) vs_sbs=+0.01%
     VRPTW: top1=0.073 mean_cost=20.4632 (sbs=18.6571) vs_sbs=+9.68%
    OVRPTW: top1=0.099 mean_cost=11.2743 (sbs=10.0484) vs_sbs=+12.20%
     OVRPB: top1=0.545 mean_cost=6.3220 (sbs=6.3220) vs_sbs=-0.00%
     OVRPL: top1=0.334 mean_cost=7.4376 (sbs=7.4376) vs_sbs=+0.00%
     VRPBL: top1=0.000 mean_cost=11.3467 (sbs=9.3593) vs_sbs=+21.23%
    VRPBTW: top1=0.079 mean_cost=21.5743 (sbs=19.6697) vs_sbs=+9.68%
    VRPLTW: top1=0.118 mean_cost=18.6120 (sbs=18.5091) vs_sbs=+0.56%
    OVRPBL: top1=0.000 mean_cost=7.4775 (sbs=6.3103) vs_sbs=+18.50%
   OVRPBTW: top1=0.100 mean_cost=11.7064 (sbs=10.5068) vs_sbs=+11.42%
   OVRPLTW: top1=0.000 mean_cost=12.0771 (sbs=10.1272) vs_sbs=+19.25%
   VRPBLTW: top1=0.054 mean_cost=20.8206 (sbs=19.5198) vs_sbs=+6.66%
  OVRPBLTW: top1=0.001 mean_cost=13.1379 (sbs=10.5412) vs_sbs=+24.63%
ep001 step000050 loss=0.90509 ce=1.75548 performance=0.83048 lr=6.67e-05 samples/s=8570 peak_GiB=18.68 time=0.1m
ep001 step000100 loss=0.88336 ce=1.71371 performance=0.81016 lr=6.67e-05 samples/s=8190 peak_GiB=18.68 time=0.2m
ep001 step000150 loss=0.86283 ce=1.67997 performance=0.78526 lr=6.67e-05 samples/s=7859 peak_GiB=18.68 time=0.2m
ep001 step000200 loss=0.85006 ce=1.65744 performance=0.77130 lr=6.67e-05 samples/s=8206 peak_GiB=18.68 time=0.3m
ep001 step000250 loss=0.84129 ce=1.64827 performance=0.75542 lr=6.67e-05 samples/s=8140 peak_GiB=18.68 time=0.4m
[eval epoch 1 performance] macro_top1=0.3399 top2=0.6464 top3=0.7459 vs_sbs=+0.565% vbs_closed=-57.56%
          classification_top1=0.3565 performance_top1=0.3399 classification_CE=1.56511 performance_MSE=0.63245
       TSP: top1=0.165 mean_cost=7.9576 (sbs=7.9578) vs_sbs=-0.00%
      CVRP: top1=0.125 mean_cost=18.6181 (sbs=18.2943) vs_sbs=+1.77%
      ATSP: top1=0.480 mean_cost=1.6735 (sbs=1.6735) vs_sbs=+0.00%
      OVRP: top1=0.077 mean_cost=7.6120 (sbs=7.4617) vs_sbs=+2.02%
      VRPB: top1=0.524 mean_cost=9.3513 (sbs=9.3403) vs_sbs=+0.12%
      VRPL: top1=0.119 mean_cost=12.5165 (sbs=12.4072) vs_sbs=+0.88%
     VRPTW: top1=0.240 mean_cost=18.8647 (sbs=18.6571) vs_sbs=+1.11%
    OVRPTW: top1=0.477 mean_cost=10.0574 (sbs=10.0484) vs_sbs=+0.09%
     OVRPB: top1=0.522 mean_cost=6.3303 (sbs=6.3220) vs_sbs=+0.13%
     OVRPL: top1=0.068 mean_cost=7.5916 (sbs=7.4376) vs_sbs=+2.07%
     VRPBL: top1=0.506 mean_cost=9.3730 (sbs=9.3593) vs_sbs=+0.15%
    VRPBTW: top1=0.336 mean_cost=19.7199 (sbs=19.6697) vs_sbs=+0.26%
    VRPLTW: top1=0.256 mean_cost=18.6160 (sbs=18.5091) vs_sbs=+0.58%
    OVRPBL: top1=0.481 mean_cost=6.3240 (sbs=6.3103) vs_sbs=+0.22%
   OVRPBTW: top1=0.471 mean_cost=10.5142 (sbs=10.5068) vs_sbs=+0.07%
   OVRPLTW: top1=0.456 mean_cost=10.1435 (sbs=10.1272) vs_sbs=+0.16%
   VRPBLTW: top1=0.348 mean_cost=19.5894 (sbs=19.5198) vs_sbs=+0.36%
  OVRPBLTW: top1=0.467 mean_cost=10.5627 (sbs=10.5412) vs_sbs=+0.20%
[save] best.pt epoch=1 val_vs_sbs=+0.56533%
[epoch done 1] updates=270 skipped_attempts_total=0 grad=0.7883 elapsed=0.4m
ep002 step000300 loss=0.76304 ce=1.55810 performance=0.62203 lr=0.000133 samples/s=8584 peak_GiB=18.68 time=0.4m
ep002 step000350 loss=0.76588 ce=1.55765 performance=0.63057 lr=0.000133 samples/s=8593 peak_GiB=18.68 time=0.5m
ep002 step000400 loss=0.75072 ce=1.52835 performance=0.61656 lr=0.000133 samples/s=8036 peak_GiB=18.68 time=0.6m
ep002 step000450 loss=0.73546 ce=1.49729 performance=0.60403 lr=0.000133 samples/s=8186 peak_GiB=18.68 time=0.6m
ep002 step000500 loss=0.71533 ce=1.45686 performance=0.58694 lr=0.000133 samples/s=8272 peak_GiB=18.68 time=0.7m
[eval epoch 2 performance] macro_top1=0.3487 top2=0.6731 top3=0.8230 vs_sbs=-0.078% vbs_closed=-17.99%
          classification_top1=0.4045 performance_top1=0.3487 classification_CE=1.28240 performance_MSE=0.46939
       TSP: top1=0.132 mean_cost=7.9560 (sbs=7.9578) vs_sbs=-0.02%
      CVRP: top1=0.194 mean_cost=18.4307 (sbs=18.2943) vs_sbs=+0.75%
      ATSP: top1=0.483 mean_cost=1.6696 (sbs=1.6735) vs_sbs=-0.24%
      OVRP: top1=0.324 mean_cost=7.4669 (sbs=7.4617) vs_sbs=+0.07%
      VRPB: top1=0.479 mean_cost=9.3517 (sbs=9.3403) vs_sbs=+0.12%
      VRPL: top1=0.207 mean_cost=12.4575 (sbs=12.4072) vs_sbs=+0.41%
     VRPTW: top1=0.229 mean_cost=18.4476 (sbs=18.6571) vs_sbs=-1.12%
    OVRPTW: top1=0.438 mean_cost=10.0765 (sbs=10.0484) vs_sbs=+0.28%
     OVRPB: top1=0.528 mean_cost=6.3315 (sbs=6.3220) vs_sbs=+0.15%
     OVRPL: top1=0.340 mean_cost=7.4385 (sbs=7.4376) vs_sbs=+0.01%
     VRPBL: top1=0.520 mean_cost=9.3613 (sbs=9.3593) vs_sbs=+0.02%
    VRPBTW: top1=0.275 mean_cost=19.4244 (sbs=19.6697) vs_sbs=-1.25%
    VRPLTW: top1=0.202 mean_cost=18.0656 (sbs=18.5091) vs_sbs=-2.40%
    OVRPBL: top1=0.540 mean_cost=6.3148 (sbs=6.3103) vs_sbs=+0.07%
   OVRPBTW: top1=0.375 mean_cost=10.5959 (sbs=10.5068) vs_sbs=+0.85%
   OVRPLTW: top1=0.409 mean_cost=10.1670 (sbs=10.1272) vs_sbs=+0.39%
   VRPBLTW: top1=0.269 mean_cost=19.4219 (sbs=19.5198) vs_sbs=-0.50%
  OVRPBLTW: top1=0.332 mean_cost=10.6476 (sbs=10.5412) vs_sbs=+1.01%
[save] best.pt epoch=2 val_vs_sbs=-0.07759%
[epoch done 2] updates=540 skipped_attempts_total=0 grad=0.7502 elapsed=0.8m
ep003 step000550 loss=0.58932 ce=1.22458 performance=0.45920 lr=0.0002 samples/s=8565 peak_GiB=18.68 time=0.8m
ep003 step000600 loss=0.63711 ce=1.29764 performance=0.52269 lr=0.0002 samples/s=7985 peak_GiB=18.68 time=0.9m
ep003 step000650 loss=0.65703 ce=1.33964 performance=0.53759 lr=0.0002 samples/s=8251 peak_GiB=18.68 time=0.9m
ep003 step000700 loss=0.64597 ce=1.32206 performance=0.52355 lr=0.0002 samples/s=8126 peak_GiB=18.68 time=1.0m
ep003 step000750 loss=0.63709 ce=1.30797 performance=0.51228 lr=0.0002 samples/s=8234 peak_GiB=18.68 time=1.0m
ep003 step000800 loss=0.62940 ce=1.29587 performance=0.50242 lr=0.0002 samples/s=8159 peak_GiB=18.68 time=1.1m
[eval epoch 3 performance] macro_top1=0.4198 top2=0.7416 top3=0.8560 vs_sbs=-0.653% vbs_closed=+10.61%
          classification_top1=0.4394 performance_top1=0.4198 classification_CE=1.21303 performance_MSE=0.43420
       TSP: top1=0.234 mean_cost=7.9458 (sbs=7.9578) vs_sbs=-0.15%
      CVRP: top1=0.235 mean_cost=18.3507 (sbs=18.2943) vs_sbs=+0.31%
      ATSP: top1=0.705 mean_cost=1.6377 (sbs=1.6735) vs_sbs=-2.14%
      OVRP: top1=0.321 mean_cost=7.4668 (sbs=7.4617) vs_sbs=+0.07%
      VRPB: top1=0.537 mean_cost=9.3480 (sbs=9.3403) vs_sbs=+0.08%
      VRPL: top1=0.245 mean_cost=12.4216 (sbs=12.4072) vs_sbs=+0.12%
     VRPTW: top1=0.320 mean_cost=18.1036 (sbs=18.6571) vs_sbs=-2.97%
    OVRPTW: top1=0.484 mean_cost=10.0474 (sbs=10.0484) vs_sbs=-0.01%
     OVRPB: top1=0.552 mean_cost=6.3276 (sbs=6.3220) vs_sbs=+0.09%
     OVRPL: top1=0.331 mean_cost=7.4466 (sbs=7.4376) vs_sbs=+0.12%
     VRPBL: top1=0.535 mean_cost=9.3580 (sbs=9.3593) vs_sbs=-0.01%
    VRPBTW: top1=0.364 mean_cost=19.2507 (sbs=19.6697) vs_sbs=-2.13%
    VRPLTW: top1=0.334 mean_cost=17.8724 (sbs=18.5091) vs_sbs=-3.44%
    OVRPBL: top1=0.531 mean_cost=6.3120 (sbs=6.3103) vs_sbs=+0.03%
   OVRPBTW: top1=0.497 mean_cost=10.5021 (sbs=10.5068) vs_sbs=-0.04%
   OVRPLTW: top1=0.473 mean_cost=10.1384 (sbs=10.1272) vs_sbs=+0.11%
   VRPBLTW: top1=0.366 mean_cost=19.1831 (sbs=19.5198) vs_sbs=-1.72%
  OVRPBLTW: top1=0.493 mean_cost=10.5354 (sbs=10.5412) vs_sbs=-0.05%
[save] best.pt epoch=3 val_vs_sbs=-0.65297%
[epoch done 3] updates=810 skipped_attempts_total=0 grad=0.8716 elapsed=1.2m
ep004 step000850 loss=0.60223 ce=1.26153 performance=0.45912 lr=0.0002 samples/s=8585 peak_GiB=18.68 time=1.2m
ep004 step000900 loss=0.59850 ce=1.25712 performance=0.45289 lr=0.0002 samples/s=8168 peak_GiB=18.68 time=1.3m
ep004 step000950 loss=0.58923 ce=1.24315 performance=0.44036 lr=0.0002 samples/s=8588 peak_GiB=18.68 time=1.3m
ep004 step001000 loss=0.59431 ce=1.25229 performance=0.44572 lr=0.0002 samples/s=8391 peak_GiB=18.68 time=1.4m
ep004 step001050 loss=0.59175 ce=1.24713 performance=0.44359 lr=0.0002 samples/s=8132 peak_GiB=18.68 time=1.5m
[eval epoch 4 performance] macro_top1=0.4287 top2=0.7555 top3=0.8756 vs_sbs=-0.727% vbs_closed=+12.88%
          classification_top1=0.4457 performance_top1=0.4287 classification_CE=1.19159 performance_MSE=0.42390
       TSP: top1=0.299 mean_cost=7.9339 (sbs=7.9578) vs_sbs=-0.30%
      CVRP: top1=0.319 mean_cost=18.3206 (sbs=18.2943) vs_sbs=+0.14%
      ATSP: top1=0.674 mean_cost=1.6411 (sbs=1.6735) vs_sbs=-1.94%
      OVRP: top1=0.327 mean_cost=7.4670 (sbs=7.4617) vs_sbs=+0.07%
      VRPB: top1=0.518 mean_cost=9.3529 (sbs=9.3403) vs_sbs=+0.13%
      VRPL: top1=0.258 mean_cost=12.4212 (sbs=12.4072) vs_sbs=+0.11%
     VRPTW: top1=0.332 mean_cost=18.0501 (sbs=18.6571) vs_sbs=-3.25%
    OVRPTW: top1=0.509 mean_cost=10.0479 (sbs=10.0484) vs_sbs=-0.01%
     OVRPB: top1=0.548 mean_cost=6.3263 (sbs=6.3220) vs_sbs=+0.07%
     OVRPL: top1=0.351 mean_cost=7.4444 (sbs=7.4376) vs_sbs=+0.09%
     VRPBL: top1=0.528 mean_cost=9.3617 (sbs=9.3593) vs_sbs=+0.03%
    VRPBTW: top1=0.383 mean_cost=19.2488 (sbs=19.6697) vs_sbs=-2.14%
    VRPLTW: top1=0.319 mean_cost=17.8035 (sbs=18.5091) vs_sbs=-3.81%
    OVRPBL: top1=0.523 mean_cost=6.3129 (sbs=6.3103) vs_sbs=+0.04%
   OVRPBTW: top1=0.496 mean_cost=10.5031 (sbs=10.5068) vs_sbs=-0.03%
   OVRPLTW: top1=0.471 mean_cost=10.1341 (sbs=10.1272) vs_sbs=+0.07%
   VRPBLTW: top1=0.381 mean_cost=19.0616 (sbs=19.5198) vs_sbs=-2.35%
  OVRPBLTW: top1=0.481 mean_cost=10.5399 (sbs=10.5412) vs_sbs=-0.01%
[save] best.pt epoch=4 val_vs_sbs=-0.72673%
[epoch done 4] updates=1080 skipped_attempts_total=0 grad=0.7571 elapsed=1.5m
ep005 step001100 loss=0.60751 ce=1.27699 performance=0.45876 lr=0.0002 samples/s=7006 peak_GiB=18.68 time=1.6m
ep005 step001150 loss=0.59010 ce=1.24203 performance=0.44397 lr=0.0002 samples/s=8074 peak_GiB=18.68 time=1.6m
ep005 step001200 loss=0.59258 ce=1.25417 performance=0.43892 lr=0.0002 samples/s=7992 peak_GiB=18.68 time=1.7m
ep005 step001250 loss=0.58681 ce=1.24296 performance=0.43364 lr=0.0002 samples/s=8162 peak_GiB=18.68 time=1.8m
ep005 step001300 loss=0.58250 ce=1.23777 performance=0.42650 lr=0.0002 samples/s=8099 peak_GiB=18.68 time=1.8m
ep005 step001350 loss=0.57877 ce=1.23166 performance=0.42196 lr=0.0002 samples/s=8186 peak_GiB=18.68 time=1.9m
[eval epoch 5 performance] macro_top1=0.4122 top2=0.7282 top3=0.8705 vs_sbs=-0.660% vbs_closed=+10.38%
          classification_top1=0.4376 performance_top1=0.4122 classification_CE=1.20967 performance_MSE=0.37581
       TSP: top1=0.243 mean_cost=7.9321 (sbs=7.9578) vs_sbs=-0.32%
      CVRP: top1=0.257 mean_cost=18.4035 (sbs=18.2943) vs_sbs=+0.60%
      ATSP: top1=0.661 mean_cost=1.6427 (sbs=1.6735) vs_sbs=-1.84%
      OVRP: top1=0.307 mean_cost=7.4598 (sbs=7.4617) vs_sbs=-0.02%
      VRPB: top1=0.454 mean_cost=9.3664 (sbs=9.3403) vs_sbs=+0.28%
      VRPL: top1=0.289 mean_cost=12.4076 (sbs=12.4072) vs_sbs=+0.00%
     VRPTW: top1=0.331 mean_cost=18.0654 (sbs=18.6571) vs_sbs=-3.17%
    OVRPTW: top1=0.480 mean_cost=10.0530 (sbs=10.0484) vs_sbs=+0.05%
     OVRPB: top1=0.553 mean_cost=6.3210 (sbs=6.3220) vs_sbs=-0.02%
     OVRPL: top1=0.348 mean_cost=7.4355 (sbs=7.4376) vs_sbs=-0.03%
     VRPBL: top1=0.508 mean_cost=9.3679 (sbs=9.3593) vs_sbs=+0.09%
    VRPBTW: top1=0.348 mean_cost=19.2194 (sbs=19.6697) vs_sbs=-2.29%
    VRPLTW: top1=0.295 mean_cost=17.8953 (sbs=18.5091) vs_sbs=-3.32%
    OVRPBL: top1=0.555 mean_cost=6.3102 (sbs=6.3103) vs_sbs=-0.00%
   OVRPBTW: top1=0.485 mean_cost=10.5131 (sbs=10.5068) vs_sbs=+0.06%
   OVRPLTW: top1=0.486 mean_cost=10.1302 (sbs=10.1272) vs_sbs=+0.03%
   VRPBLTW: top1=0.363 mean_cost=19.1064 (sbs=19.5198) vs_sbs=-2.12%
  OVRPBLTW: top1=0.456 mean_cost=10.5561 (sbs=10.5412) vs_sbs=+0.14%
[epoch done 5] updates=1350 skipped_attempts_total=0 grad=0.8695 elapsed=2.1m
ep006 step001400 loss=0.56268 ce=1.20941 performance=0.39826 lr=0.000199 samples/s=7878 peak_GiB=18.68 time=2.2m
ep006 step001450 loss=0.56745 ce=1.21202 performance=0.40928 lr=0.000199 samples/s=8587 peak_GiB=18.68 time=2.2m
ep006 step001500 loss=0.57139 ce=1.22570 performance=0.40683 lr=0.000199 samples/s=8337 peak_GiB=18.68 time=2.3m
ep006 step001550 loss=0.56982 ce=1.22048 performance=0.40759 lr=0.000199 samples/s=8043 peak_GiB=18.68 time=2.3m
ep006 step001600 loss=0.56722 ce=1.21810 performance=0.40253 lr=0.000199 samples/s=8147 peak_GiB=18.68 time=2.4m
[eval epoch 6 performance] macro_top1=0.4137 top2=0.7477 top3=0.8776 vs_sbs=-0.717% vbs_closed=+15.22%
          classification_top1=0.4392 performance_top1=0.4137 classification_CE=1.19782 performance_MSE=0.37430
       TSP: top1=0.301 mean_cost=7.9249 (sbs=7.9578) vs_sbs=-0.41%
      CVRP: top1=0.266 mean_cost=18.2885 (sbs=18.2943) vs_sbs=-0.03%
      ATSP: top1=0.589 mean_cost=1.6512 (sbs=1.6735) vs_sbs=-1.33%
      OVRP: top1=0.276 mean_cost=7.4670 (sbs=7.4617) vs_sbs=+0.07%
      VRPB: top1=0.522 mean_cost=9.3470 (sbs=9.3403) vs_sbs=+0.07%
      VRPL: top1=0.269 mean_cost=12.4154 (sbs=12.4072) vs_sbs=+0.07%
     VRPTW: top1=0.318 mean_cost=18.0568 (sbs=18.6571) vs_sbs=-3.22%
    OVRPTW: top1=0.486 mean_cost=10.0442 (sbs=10.0484) vs_sbs=-0.04%
     OVRPB: top1=0.548 mean_cost=6.3236 (sbs=6.3220) vs_sbs=+0.03%
     OVRPL: top1=0.346 mean_cost=7.4372 (sbs=7.4376) vs_sbs=-0.00%
     VRPBL: top1=0.533 mean_cost=9.3579 (sbs=9.3593) vs_sbs=-0.01%
    VRPBTW: top1=0.387 mean_cost=19.2070 (sbs=19.6697) vs_sbs=-2.35%
    VRPLTW: top1=0.277 mean_cost=17.8610 (sbs=18.5091) vs_sbs=-3.50%
    OVRPBL: top1=0.536 mean_cost=6.3121 (sbs=6.3103) vs_sbs=+0.03%
   OVRPBTW: top1=0.486 mean_cost=10.5035 (sbs=10.5068) vs_sbs=-0.03%
   OVRPLTW: top1=0.482 mean_cost=10.1304 (sbs=10.1272) vs_sbs=+0.03%
   VRPBLTW: top1=0.366 mean_cost=19.0571 (sbs=19.5198) vs_sbs=-2.37%
  OVRPBLTW: top1=0.458 mean_cost=10.5533 (sbs=10.5412) vs_sbs=+0.12%
[epoch done 6] updates=1620 skipped_attempts_total=0 grad=0.8750 elapsed=2.5m
ep007 step001650 loss=0.56349 ce=1.21687 performance=0.39310 lr=0.000199 samples/s=8579 peak_GiB=18.68 time=2.5m
ep007 step001700 loss=0.55365 ce=1.19899 performance=0.38286 lr=0.000199 samples/s=8115 peak_GiB=18.68 time=2.6m
ep007 step001750 loss=0.54969 ce=1.19784 performance=0.37270 lr=0.000199 samples/s=8289 peak_GiB=18.68 time=2.6m
ep007 step001800 loss=0.54919 ce=1.19594 performance=0.37318 lr=0.000199 samples/s=8173 peak_GiB=18.68 time=2.7m
ep007 step001850 loss=0.54783 ce=1.19486 performance=0.37036 lr=0.000199 samples/s=8108 peak_GiB=18.68 time=2.8m
[eval epoch 7 performance] macro_top1=0.4273 top2=0.7590 top3=0.8834 vs_sbs=-0.774% vbs_closed=+16.95%
          classification_top1=0.4454 performance_top1=0.4273 classification_CE=1.18328 performance_MSE=0.36552
       TSP: top1=0.324 mean_cost=7.9188 (sbs=7.9578) vs_sbs=-0.49%
      CVRP: top1=0.268 mean_cost=18.2823 (sbs=18.2943) vs_sbs=-0.07%
      ATSP: top1=0.709 mean_cost=1.6376 (sbs=1.6735) vs_sbs=-2.15%
      OVRP: top1=0.300 mean_cost=7.4605 (sbs=7.4617) vs_sbs=-0.02%
      VRPB: top1=0.509 mean_cost=9.3559 (sbs=9.3403) vs_sbs=+0.17%
      VRPL: top1=0.294 mean_cost=12.4067 (sbs=12.4072) vs_sbs=-0.00%
     VRPTW: top1=0.314 mean_cost=18.0787 (sbs=18.6571) vs_sbs=-3.10%
    OVRPTW: top1=0.505 mean_cost=10.0483 (sbs=10.0484) vs_sbs=-0.00%
     OVRPB: top1=0.544 mean_cost=6.3251 (sbs=6.3220) vs_sbs=+0.05%
     OVRPL: top1=0.346 mean_cost=7.4373 (sbs=7.4376) vs_sbs=-0.00%
     VRPBL: top1=0.530 mean_cost=9.3608 (sbs=9.3593) vs_sbs=+0.02%
    VRPBTW: top1=0.369 mean_cost=19.2216 (sbs=19.6697) vs_sbs=-2.28%
    VRPLTW: top1=0.363 mean_cost=17.7641 (sbs=18.5091) vs_sbs=-4.03%
    OVRPBL: top1=0.514 mean_cost=6.3189 (sbs=6.3103) vs_sbs=+0.14%
   OVRPBTW: top1=0.478 mean_cost=10.5071 (sbs=10.5068) vs_sbs=+0.00%
   OVRPLTW: top1=0.467 mean_cost=10.1406 (sbs=10.1272) vs_sbs=+0.13%
   VRPBLTW: top1=0.366 mean_cost=19.0692 (sbs=19.5198) vs_sbs=-2.31%
  OVRPBLTW: top1=0.491 mean_cost=10.5403 (sbs=10.5412) vs_sbs=-0.01%
[save] best.pt epoch=7 val_vs_sbs=-0.77438%
[epoch done 7] updates=1890 skipped_attempts_total=0 grad=0.8497 elapsed=2.8m
ep008 step001900 loss=0.54366 ce=1.21123 performance=0.34210 lr=0.000198 samples/s=15567 peak_GiB=18.68 time=2.8m
ep008 step001950 loss=0.53982 ce=1.19135 performance=0.35101 lr=0.000198 samples/s=7452 peak_GiB=18.68 time=2.9m
ep008 step002000 loss=0.54189 ce=1.19813 performance=0.35014 lr=0.000198 samples/s=8239 peak_GiB=18.68 time=3.0m
ep008 step002050 loss=0.54200 ce=1.19509 performance=0.35347 lr=0.000198 samples/s=8122 peak_GiB=18.68 time=3.0m
[AMP retry] attempt=1 scale=131072->65536
[AMP retry] attempt=2 scale=65536->32768
ep008 step002100 loss=0.54225 ce=1.19048 performance=0.35881 lr=0.000198 samples/s=8192 peak_GiB=18.68 time=3.1m
ep008 step002150 loss=0.54371 ce=1.19576 performance=0.35769 lr=0.000198 samples/s=8264 peak_GiB=18.68 time=3.2m
[eval epoch 8 performance] macro_top1=0.4374 top2=0.7830 top3=0.8874 vs_sbs=-0.861% vbs_closed=+19.25%
          classification_top1=0.4462 performance_top1=0.4374 classification_CE=1.16760 performance_MSE=0.32876
       TSP: top1=0.275 mean_cost=7.9225 (sbs=7.9578) vs_sbs=-0.44%
      CVRP: top1=0.325 mean_cost=18.2958 (sbs=18.2943) vs_sbs=+0.01%
      ATSP: top1=0.676 mean_cost=1.6408 (sbs=1.6735) vs_sbs=-1.95%
      OVRP: top1=0.286 mean_cost=7.4641 (sbs=7.4617) vs_sbs=+0.03%
      VRPB: top1=0.520 mean_cost=9.3388 (sbs=9.3403) vs_sbs=-0.02%
      VRPL: top1=0.258 mean_cost=12.4206 (sbs=12.4072) vs_sbs=+0.11%
     VRPTW: top1=0.387 mean_cost=17.9573 (sbs=18.6571) vs_sbs=-3.75%
    OVRPTW: top1=0.499 mean_cost=10.0468 (sbs=10.0484) vs_sbs=-0.02%
     OVRPB: top1=0.543 mean_cost=6.3233 (sbs=6.3220) vs_sbs=+0.02%
     OVRPL: top1=0.328 mean_cost=7.4433 (sbs=7.4376) vs_sbs=+0.08%
     VRPBL: top1=0.543 mean_cost=9.3558 (sbs=9.3593) vs_sbs=-0.04%
    VRPBTW: top1=0.418 mean_cost=19.1157 (sbs=19.6697) vs_sbs=-2.82%
    VRPLTW: top1=0.382 mean_cost=17.7669 (sbs=18.5091) vs_sbs=-4.01%
    OVRPBL: top1=0.552 mean_cost=6.3112 (sbs=6.3103) vs_sbs=+0.01%
   OVRPBTW: top1=0.487 mean_cost=10.4991 (sbs=10.5068) vs_sbs=-0.07%
   OVRPLTW: top1=0.494 mean_cost=10.1279 (sbs=10.1272) vs_sbs=+0.01%
   VRPBLTW: top1=0.408 mean_cost=19.0020 (sbs=19.5198) vs_sbs=-2.65%
  OVRPBLTW: top1=0.492 mean_cost=10.5407 (sbs=10.5412) vs_sbs=-0.00%
[save] best.pt epoch=8 val_vs_sbs=-0.86141%
[epoch done 8] updates=2160 skipped_attempts_total=2 grad=0.8409 elapsed=3.2m
ep009 step002200 loss=0.53917 ce=1.18143 performance=0.35906 lr=0.000196 samples/s=8589 peak_GiB=18.68 time=3.3m
ep009 step002250 loss=0.53764 ce=1.18606 performance=0.35006 lr=0.000196 samples/s=8179 peak_GiB=18.68 time=3.3m
ep009 step002300 loss=0.54481 ce=1.20198 performance=0.35463 lr=0.000196 samples/s=8070 peak_GiB=18.68 time=3.4m
ep009 step002350 loss=0.53973 ce=1.19770 performance=0.34440 lr=0.000196 samples/s=8019 peak_GiB=18.68 time=3.5m
ep009 step002400 loss=0.53700 ce=1.18931 performance=0.34497 lr=0.000196 samples/s=7988 peak_GiB=18.68 time=3.5m
[eval epoch 9 performance] macro_top1=0.4241 top2=0.7494 top3=0.8831 vs_sbs=-0.791% vbs_closed=+17.35%
          classification_top1=0.4417 performance_top1=0.4241 classification_CE=1.18712 performance_MSE=0.33777
       TSP: top1=0.353 mean_cost=7.9185 (sbs=7.9578) vs_sbs=-0.49%
      CVRP: top1=0.264 mean_cost=18.2781 (sbs=18.2943) vs_sbs=-0.09%
      ATSP: top1=0.513 mean_cost=1.6572 (sbs=1.6735) vs_sbs=-0.98%
      OVRP: top1=0.284 mean_cost=7.4721 (sbs=7.4617) vs_sbs=+0.14%
      VRPB: top1=0.524 mean_cost=9.3418 (sbs=9.3403) vs_sbs=+0.02%
      VRPL: top1=0.267 mean_cost=12.4132 (sbs=12.4072) vs_sbs=+0.05%
     VRPTW: top1=0.332 mean_cost=18.0411 (sbs=18.6571) vs_sbs=-3.30%
    OVRPTW: top1=0.484 mean_cost=10.0430 (sbs=10.0484) vs_sbs=-0.05%
     OVRPB: top1=0.546 mean_cost=6.3220 (sbs=6.3220) vs_sbs=-0.00%
     OVRPL: top1=0.334 mean_cost=7.4430 (sbs=7.4376) vs_sbs=+0.07%
     VRPBL: top1=0.542 mean_cost=9.3543 (sbs=9.3593) vs_sbs=-0.05%
    VRPBTW: top1=0.381 mean_cost=19.1514 (sbs=19.6697) vs_sbs=-2.64%
    VRPLTW: top1=0.420 mean_cost=17.7134 (sbs=18.5091) vs_sbs=-4.30%
    OVRPBL: top1=0.533 mean_cost=6.3113 (sbs=6.3103) vs_sbs=+0.02%
   OVRPBTW: top1=0.477 mean_cost=10.5048 (sbs=10.5068) vs_sbs=-0.02%
   OVRPLTW: top1=0.499 mean_cost=10.1282 (sbs=10.1272) vs_sbs=+0.01%
   VRPBLTW: top1=0.396 mean_cost=19.0070 (sbs=19.5198) vs_sbs=-2.63%
  OVRPBLTW: top1=0.484 mean_cost=10.5422 (sbs=10.5412) vs_sbs=+0.01%
[epoch done 9] updates=2430 skipped_attempts_total=2 grad=0.8497 elapsed=3.6m
ep010 step002450 loss=0.52913 ce=1.15227 performance=0.35952 lr=0.000194 samples/s=8578 peak_GiB=18.68 time=3.6m
ep010 step002500 loss=0.54030 ce=1.18999 performance=0.35373 lr=0.000194 samples/s=8064 peak_GiB=18.68 time=3.7m
ep010 step002550 loss=0.54147 ce=1.20019 performance=0.34687 lr=0.000194 samples/s=8272 peak_GiB=18.68 time=3.7m
ep010 step002600 loss=0.53698 ce=1.19624 performance=0.33799 lr=0.000194 samples/s=7955 peak_GiB=18.68 time=3.8m
ep010 step002650 loss=0.53218 ce=1.18326 performance=0.33724 lr=0.000194 samples/s=8250 peak_GiB=18.68 time=3.9m
ep010 step002700 loss=0.53286 ce=1.18287 performance=0.33960 lr=0.000194 samples/s=8178 peak_GiB=18.68 time=3.9m
[eval epoch 10 performance] macro_top1=0.4358 top2=0.7715 top3=0.8887 vs_sbs=-0.890% vbs_closed=+20.10%
          classification_top1=0.4494 performance_top1=0.4358 classification_CE=1.14892 performance_MSE=0.31410
       TSP: top1=0.321 mean_cost=7.9191 (sbs=7.9578) vs_sbs=-0.49%
      CVRP: top1=0.250 mean_cost=18.2899 (sbs=18.2943) vs_sbs=-0.02%
      ATSP: top1=0.692 mean_cost=1.6385 (sbs=1.6735) vs_sbs=-2.09%
      OVRP: top1=0.259 mean_cost=7.4716 (sbs=7.4617) vs_sbs=+0.13%
      VRPB: top1=0.519 mean_cost=9.3426 (sbs=9.3403) vs_sbs=+0.02%
      VRPL: top1=0.279 mean_cost=12.4134 (sbs=12.4072) vs_sbs=+0.05%
     VRPTW: top1=0.376 mean_cost=17.9545 (sbs=18.6571) vs_sbs=-3.77%
    OVRPTW: top1=0.501 mean_cost=10.0427 (sbs=10.0484) vs_sbs=-0.06%
     OVRPB: top1=0.553 mean_cost=6.3206 (sbs=6.3220) vs_sbs=-0.02%
     OVRPL: top1=0.354 mean_cost=7.4405 (sbs=7.4376) vs_sbs=+0.04%
     VRPBL: top1=0.545 mean_cost=9.3539 (sbs=9.3593) vs_sbs=-0.06%
    VRPBTW: top1=0.412 mean_cost=19.1014 (sbs=19.6697) vs_sbs=-2.89%
    VRPLTW: top1=0.402 mean_cost=17.7132 (sbs=18.5091) vs_sbs=-4.30%
    OVRPBL: top1=0.527 mean_cost=6.3144 (sbs=6.3103) vs_sbs=+0.07%
   OVRPBTW: top1=0.480 mean_cost=10.5050 (sbs=10.5068) vs_sbs=-0.02%
   OVRPLTW: top1=0.479 mean_cost=10.1329 (sbs=10.1272) vs_sbs=+0.06%
   VRPBLTW: top1=0.404 mean_cost=19.0030 (sbs=19.5198) vs_sbs=-2.65%
  OVRPBLTW: top1=0.492 mean_cost=10.5381 (sbs=10.5412) vs_sbs=-0.03%
[save] best.pt epoch=10 val_vs_sbs=-0.88999%
[epoch done 10] updates=2700 skipped_attempts_total=2 grad=0.8577 elapsed=4.1m
ep011 step002750 loss=0.53116 ce=1.17661 performance=0.34100 lr=0.000192 samples/s=8589 peak_GiB=18.68 time=4.2m
ep011 step002800 loss=0.53238 ce=1.17868 performance=0.34241 lr=0.000192 samples/s=8220 peak_GiB=18.68 time=4.3m
ep011 step002850 loss=0.52615 ce=1.16955 performance=0.33373 lr=0.000192 samples/s=8342 peak_GiB=18.68 time=4.3m
ep011 step002900 loss=0.52418 ce=1.17150 performance=0.32616 lr=0.000192 samples/s=8046 peak_GiB=18.68 time=4.4m
ep011 step002950 loss=0.52261 ce=1.16983 performance=0.32333 lr=0.000192 samples/s=8151 peak_GiB=18.68 time=4.5m
[eval epoch 11 performance] macro_top1=0.4329 top2=0.7654 top3=0.8798 vs_sbs=-0.771% vbs_closed=+18.92%
          classification_top1=0.4493 performance_top1=0.4329 classification_CE=1.16859 performance_MSE=0.31848
       TSP: top1=0.334 mean_cost=7.9178 (sbs=7.9578) vs_sbs=-0.50%
      CVRP: top1=0.303 mean_cost=18.2753 (sbs=18.2943) vs_sbs=-0.10%
      ATSP: top1=0.677 mean_cost=1.6407 (sbs=1.6735) vs_sbs=-1.96%
      OVRP: top1=0.284 mean_cost=7.4646 (sbs=7.4617) vs_sbs=+0.04%
      VRPB: top1=0.549 mean_cost=9.3344 (sbs=9.3403) vs_sbs=-0.06%
      VRPL: top1=0.261 mean_cost=12.4263 (sbs=12.4072) vs_sbs=+0.15%
     VRPTW: top1=0.337 mean_cost=18.0403 (sbs=18.6571) vs_sbs=-3.31%
    OVRPTW: top1=0.479 mean_cost=10.0485 (sbs=10.0484) vs_sbs=+0.00%
     OVRPB: top1=0.565 mean_cost=6.3199 (sbs=6.3220) vs_sbs=-0.03%
     OVRPL: top1=0.342 mean_cost=7.4402 (sbs=7.4376) vs_sbs=+0.04%
     VRPBL: top1=0.540 mean_cost=9.3546 (sbs=9.3593) vs_sbs=-0.05%
    VRPBTW: top1=0.394 mean_cost=19.1837 (sbs=19.6697) vs_sbs=-2.47%
    VRPLTW: top1=0.320 mean_cost=17.9315 (sbs=18.5091) vs_sbs=-3.12%
    OVRPBL: top1=0.524 mean_cost=6.3103 (sbs=6.3103) vs_sbs=+0.00%
   OVRPBTW: top1=0.481 mean_cost=10.5001 (sbs=10.5068) vs_sbs=-0.06%
   OVRPLTW: top1=0.501 mean_cost=10.1277 (sbs=10.1272) vs_sbs=+0.00%
   VRPBLTW: top1=0.387 mean_cost=19.0616 (sbs=19.5198) vs_sbs=-2.35%
  OVRPBLTW: top1=0.514 mean_cost=10.5315 (sbs=10.5412) vs_sbs=-0.09%
[epoch done 11] updates=2970 skipped_attempts_total=2 grad=0.7614 elapsed=4.5m
ep012 step003000 loss=0.52620 ce=1.17850 performance=0.32494 lr=0.00019 samples/s=7458 peak_GiB=18.68 time=4.6m
ep012 step003050 loss=0.51814 ce=1.15890 performance=0.32150 lr=0.00019 samples/s=8131 peak_GiB=18.68 time=4.6m
ep012 step003100 loss=0.52042 ce=1.16469 performance=0.32222 lr=0.00019 samples/s=8308 peak_GiB=18.68 time=4.7m
ep012 step003150 loss=0.52112 ce=1.16701 performance=0.32190 lr=0.00019 samples/s=8185 peak_GiB=18.68 time=4.7m
ep012 step003200 loss=0.52148 ce=1.17021 performance=0.31973 lr=0.00019 samples/s=8114 peak_GiB=18.68 time=4.8m
[eval epoch 12 performance] macro_top1=0.4428 top2=0.7837 top3=0.8967 vs_sbs=-0.902% vbs_closed=+19.02%
          classification_top1=0.4589 performance_top1=0.4428 classification_CE=1.13709 performance_MSE=0.29233
       TSP: top1=0.344 mean_cost=7.9152 (sbs=7.9578) vs_sbs=-0.54%
      CVRP: top1=0.290 mean_cost=18.2734 (sbs=18.2943) vs_sbs=-0.11%
      ATSP: top1=0.713 mean_cost=1.6379 (sbs=1.6735) vs_sbs=-2.13%
      OVRP: top1=0.293 mean_cost=7.4695 (sbs=7.4617) vs_sbs=+0.11%
      VRPB: top1=0.513 mean_cost=9.3398 (sbs=9.3403) vs_sbs=-0.01%
      VRPL: top1=0.243 mean_cost=12.4240 (sbs=12.4072) vs_sbs=+0.14%
     VRPTW: top1=0.397 mean_cost=17.9485 (sbs=18.6571) vs_sbs=-3.80%
    OVRPTW: top1=0.508 mean_cost=10.0479 (sbs=10.0484) vs_sbs=-0.01%
     OVRPB: top1=0.542 mean_cost=6.3233 (sbs=6.3220) vs_sbs=+0.02%
     OVRPL: top1=0.338 mean_cost=7.4493 (sbs=7.4376) vs_sbs=+0.16%
     VRPBL: top1=0.537 mean_cost=9.3563 (sbs=9.3593) vs_sbs=-0.03%
    VRPBTW: top1=0.425 mean_cost=19.1071 (sbs=19.6697) vs_sbs=-2.86%
    VRPLTW: top1=0.429 mean_cost=17.6755 (sbs=18.5091) vs_sbs=-4.50%
    OVRPBL: top1=0.535 mean_cost=6.3142 (sbs=6.3103) vs_sbs=+0.06%
   OVRPBTW: top1=0.485 mean_cost=10.5068 (sbs=10.5068) vs_sbs=+0.00%
   OVRPLTW: top1=0.486 mean_cost=10.1351 (sbs=10.1272) vs_sbs=+0.08%
   VRPBLTW: top1=0.404 mean_cost=18.9817 (sbs=19.5198) vs_sbs=-2.76%
  OVRPBLTW: top1=0.489 mean_cost=10.5361 (sbs=10.5412) vs_sbs=-0.05%
[save] best.pt epoch=12 val_vs_sbs=-0.90153%
[epoch done 12] updates=3240 skipped_attempts_total=2 grad=0.7666 elapsed=4.9m
ep013 step003250 loss=0.55254 ce=1.26400 performance=0.31468 lr=0.000188 samples/s=5895 peak_GiB=18.68 time=4.9m
ep013 step003300 loss=0.51656 ce=1.16912 performance=0.30677 lr=0.000188 samples/s=7983 peak_GiB=18.68 time=5.0m
ep013 step003350 loss=0.51361 ce=1.16171 performance=0.30574 lr=0.000188 samples/s=7935 peak_GiB=18.68 time=5.0m
ep013 step003400 loss=0.51177 ce=1.15589 performance=0.30630 lr=0.000188 samples/s=8354 peak_GiB=18.68 time=5.1m
ep013 step003450 loss=0.51213 ce=1.15198 performance=0.31126 lr=0.000188 samples/s=8236 peak_GiB=18.68 time=5.2m
ep013 step003500 loss=0.51121 ce=1.15179 performance=0.30880 lr=0.000188 samples/s=8030 peak_GiB=18.68 time=5.2m
[eval epoch 13 performance] macro_top1=0.4352 top2=0.7812 top3=0.8960 vs_sbs=-0.861% vbs_closed=+20.34%
          classification_top1=0.4534 performance_top1=0.4352 classification_CE=1.14435 performance_MSE=0.27731
       TSP: top1=0.365 mean_cost=7.9150 (sbs=7.9578) vs_sbs=-0.54%
      CVRP: top1=0.233 mean_cost=18.2972 (sbs=18.2943) vs_sbs=+0.02%
      ATSP: top1=0.703 mean_cost=1.6387 (sbs=1.6735) vs_sbs=-2.08%
      OVRP: top1=0.310 mean_cost=7.4621 (sbs=7.4617) vs_sbs=+0.01%
      VRPB: top1=0.525 mean_cost=9.3409 (sbs=9.3403) vs_sbs=+0.01%
      VRPL: top1=0.263 mean_cost=12.4170 (sbs=12.4072) vs_sbs=+0.08%
     VRPTW: top1=0.357 mean_cost=18.0416 (sbs=18.6571) vs_sbs=-3.30%
    OVRPTW: top1=0.489 mean_cost=10.0476 (sbs=10.0484) vs_sbs=-0.01%
     OVRPB: top1=0.552 mean_cost=6.3208 (sbs=6.3220) vs_sbs=-0.02%
     OVRPL: top1=0.355 mean_cost=7.4356 (sbs=7.4376) vs_sbs=-0.03%
     VRPBL: top1=0.519 mean_cost=9.3606 (sbs=9.3593) vs_sbs=+0.01%
    VRPBTW: top1=0.361 mean_cost=19.1744 (sbs=19.6697) vs_sbs=-2.52%
    VRPLTW: top1=0.404 mean_cost=17.7009 (sbs=18.5091) vs_sbs=-4.37%
    OVRPBL: top1=0.526 mean_cost=6.3109 (sbs=6.3103) vs_sbs=+0.01%
   OVRPBTW: top1=0.486 mean_cost=10.5074 (sbs=10.5068) vs_sbs=+0.01%
   OVRPLTW: top1=0.486 mean_cost=10.1306 (sbs=10.1272) vs_sbs=+0.03%
   VRPBLTW: top1=0.399 mean_cost=18.9863 (sbs=19.5198) vs_sbs=-2.73%
  OVRPBLTW: top1=0.500 mean_cost=10.5320 (sbs=10.5412) vs_sbs=-0.09%
[epoch done 13] updates=3510 skipped_attempts_total=2 grad=0.7170 elapsed=5.3m
ep014 step003550 loss=0.52075 ce=1.17959 performance=0.30826 lr=0.000185 samples/s=7703 peak_GiB=18.68 time=5.3m
ep014 step003600 loss=0.50731 ce=1.15103 performance=0.29843 lr=0.000185 samples/s=8173 peak_GiB=18.68 time=5.4m
ep014 step003650 loss=0.51562 ce=1.15902 performance=0.31417 lr=0.000185 samples/s=8065 peak_GiB=18.68 time=5.5m
ep014 step003700 loss=0.50689 ce=1.14694 performance=0.30131 lr=0.000185 samples/s=8197 peak_GiB=18.68 time=5.5m
ep014 step003750 loss=0.51072 ce=1.15771 performance=0.30150 lr=0.000185 samples/s=8127 peak_GiB=18.68 time=5.6m
[eval epoch 14 performance] macro_top1=0.4499 top2=0.7885 top3=0.9042 vs_sbs=-0.928% vbs_closed=+23.43%
          classification_top1=0.4539 performance_top1=0.4499 classification_CE=1.14096 performance_MSE=0.28224
       TSP: top1=0.373 mean_cost=7.9128 (sbs=7.9578) vs_sbs=-0.57%
      CVRP: top1=0.294 mean_cost=18.2706 (sbs=18.2943) vs_sbs=-0.13%
      ATSP: top1=0.713 mean_cost=1.6414 (sbs=1.6735) vs_sbs=-1.92%
      OVRP: top1=0.286 mean_cost=7.4658 (sbs=7.4617) vs_sbs=+0.05%
      VRPB: top1=0.518 mean_cost=9.3397 (sbs=9.3403) vs_sbs=-0.01%
      VRPL: top1=0.291 mean_cost=12.4061 (sbs=12.4072) vs_sbs=-0.01%
     VRPTW: top1=0.409 mean_cost=17.9536 (sbs=18.6571) vs_sbs=-3.77%
    OVRPTW: top1=0.496 mean_cost=10.0436 (sbs=10.0484) vs_sbs=-0.05%
     OVRPB: top1=0.556 mean_cost=6.3208 (sbs=6.3220) vs_sbs=-0.02%
     OVRPL: top1=0.348 mean_cost=7.4367 (sbs=7.4376) vs_sbs=-0.01%
     VRPBL: top1=0.547 mean_cost=9.3578 (sbs=9.3593) vs_sbs=-0.02%
    VRPBTW: top1=0.421 mean_cost=19.1007 (sbs=19.6697) vs_sbs=-2.89%
    VRPLTW: top1=0.410 mean_cost=17.6812 (sbs=18.5091) vs_sbs=-4.47%
    OVRPBL: top1=0.552 mean_cost=6.3116 (sbs=6.3103) vs_sbs=+0.02%
   OVRPBTW: top1=0.484 mean_cost=10.5000 (sbs=10.5068) vs_sbs=-0.06%
   OVRPLTW: top1=0.496 mean_cost=10.1288 (sbs=10.1272) vs_sbs=+0.02%
   VRPBLTW: top1=0.403 mean_cost=18.9760 (sbs=19.5198) vs_sbs=-2.79%
  OVRPBLTW: top1=0.502 mean_cost=10.5328 (sbs=10.5412) vs_sbs=-0.08%
[save] best.pt epoch=14 val_vs_sbs=-0.92779%
[epoch done 14] updates=3780 skipped_attempts_total=2 grad=0.7634 elapsed=5.6m
ep015 step003800 loss=0.49939 ce=1.12089 performance=0.30595 lr=0.000182 samples/s=8512 peak_GiB=18.68 time=5.7m
ep015 step003850 loss=0.50379 ce=1.15135 performance=0.28805 lr=0.000182 samples/s=8049 peak_GiB=18.68 time=5.7m
ep015 step003900 loss=0.49912 ce=1.13919 performance=0.28687 lr=0.000182 samples/s=8582 peak_GiB=18.68 time=5.8m
ep015 step003950 loss=0.50189 ce=1.14886 performance=0.28511 lr=0.000182 samples/s=8147 peak_GiB=18.68 time=5.9m
ep015 step004000 loss=0.50326 ce=1.14743 performance=0.29045 lr=0.000182 samples/s=8243 peak_GiB=18.68 time=5.9m
ep015 step004050 loss=0.50457 ce=1.14868 performance=0.29294 lr=0.000182 samples/s=8174 peak_GiB=18.68 time=6.0m
[eval epoch 15 performance] macro_top1=0.4457 top2=0.7841 top3=0.8997 vs_sbs=-0.919% vbs_closed=+21.19%
          classification_top1=0.4558 performance_top1=0.4457 classification_CE=1.14038 performance_MSE=0.26805
       TSP: top1=0.336 mean_cost=7.9137 (sbs=7.9578) vs_sbs=-0.55%
      CVRP: top1=0.261 mean_cost=18.2879 (sbs=18.2943) vs_sbs=-0.04%
      ATSP: top1=0.706 mean_cost=1.6377 (sbs=1.6735) vs_sbs=-2.14%
      OVRP: top1=0.300 mean_cost=7.4665 (sbs=7.4617) vs_sbs=+0.06%
      VRPB: top1=0.522 mean_cost=9.3430 (sbs=9.3403) vs_sbs=+0.03%
      VRPL: top1=0.249 mean_cost=12.4220 (sbs=12.4072) vs_sbs=+0.12%
     VRPTW: top1=0.436 mean_cost=17.9452 (sbs=18.6571) vs_sbs=-3.82%
    OVRPTW: top1=0.503 mean_cost=10.0483 (sbs=10.0484) vs_sbs=-0.00%
     OVRPB: top1=0.564 mean_cost=6.3196 (sbs=6.3220) vs_sbs=-0.04%
     OVRPL: top1=0.368 mean_cost=7.4409 (sbs=7.4376) vs_sbs=+0.05%
     VRPBL: top1=0.540 mean_cost=9.3546 (sbs=9.3593) vs_sbs=-0.05%
    VRPBTW: top1=0.398 mean_cost=19.1185 (sbs=19.6697) vs_sbs=-2.80%
    VRPLTW: top1=0.423 mean_cost=17.6718 (sbs=18.5091) vs_sbs=-4.52%
    OVRPBL: top1=0.549 mean_cost=6.3069 (sbs=6.3103) vs_sbs=-0.05%
   OVRPBTW: top1=0.485 mean_cost=10.5057 (sbs=10.5068) vs_sbs=-0.01%
   OVRPLTW: top1=0.483 mean_cost=10.1320 (sbs=10.1272) vs_sbs=+0.05%
   VRPBLTW: top1=0.394 mean_cost=18.9856 (sbs=19.5198) vs_sbs=-2.74%
  OVRPBLTW: top1=0.505 mean_cost=10.5314 (sbs=10.5412) vs_sbs=-0.09%
[epoch done 15] updates=4050 skipped_attempts_total=2 grad=0.7537 elapsed=6.2m
ep016 step004100 loss=0.50787 ce=1.15233 performance=0.29874 lr=0.000178 samples/s=7868 peak_GiB=18.68 time=6.3m
ep016 step004150 loss=0.49697 ce=1.14210 performance=0.27781 lr=0.000178 samples/s=8217 peak_GiB=18.68 time=6.3m
ep016 step004200 loss=0.49514 ce=1.13822 performance=0.27647 lr=0.000178 samples/s=8099 peak_GiB=18.68 time=6.4m
ep016 step004250 loss=0.50179 ce=1.14622 performance=0.28747 lr=0.000178 samples/s=8217 peak_GiB=18.68 time=6.5m
ep016 step004300 loss=0.49983 ce=1.14202 performance=0.28605 lr=0.000178 samples/s=8145 peak_GiB=18.68 time=6.5m
[eval epoch 16 performance] macro_top1=0.4353 top2=0.7757 top3=0.8972 vs_sbs=-0.877% vbs_closed=+19.64%
          classification_top1=0.4564 performance_top1=0.4353 classification_CE=1.14498 performance_MSE=0.27126
       TSP: top1=0.308 mean_cost=7.9184 (sbs=7.9578) vs_sbs=-0.50%
      CVRP: top1=0.331 mean_cost=18.2858 (sbs=18.2943) vs_sbs=-0.05%
      ATSP: top1=0.685 mean_cost=1.6401 (sbs=1.6735) vs_sbs=-2.00%
      OVRP: top1=0.290 mean_cost=7.4651 (sbs=7.4617) vs_sbs=+0.05%
      VRPB: top1=0.472 mean_cost=9.3522 (sbs=9.3403) vs_sbs=+0.13%
      VRPL: top1=0.329 mean_cost=12.4036 (sbs=12.4072) vs_sbs=-0.03%
     VRPTW: top1=0.377 mean_cost=17.9673 (sbs=18.6571) vs_sbs=-3.70%
    OVRPTW: top1=0.486 mean_cost=10.0486 (sbs=10.0484) vs_sbs=+0.00%
     OVRPB: top1=0.549 mean_cost=6.3215 (sbs=6.3220) vs_sbs=-0.01%
     OVRPL: top1=0.344 mean_cost=7.4358 (sbs=7.4376) vs_sbs=-0.02%
     VRPBL: top1=0.501 mean_cost=9.3697 (sbs=9.3593) vs_sbs=+0.11%
    VRPBTW: top1=0.387 mean_cost=19.1186 (sbs=19.6697) vs_sbs=-2.80%
    VRPLTW: top1=0.369 mean_cost=17.7190 (sbs=18.5091) vs_sbs=-4.27%
    OVRPBL: top1=0.554 mean_cost=6.3125 (sbs=6.3103) vs_sbs=+0.04%
   OVRPBTW: top1=0.484 mean_cost=10.5052 (sbs=10.5068) vs_sbs=-0.01%
   OVRPLTW: top1=0.482 mean_cost=10.1355 (sbs=10.1272) vs_sbs=+0.08%
   VRPBLTW: top1=0.405 mean_cost=18.9826 (sbs=19.5198) vs_sbs=-2.75%
  OVRPBLTW: top1=0.482 mean_cost=10.5359 (sbs=10.5412) vs_sbs=-0.05%
[epoch done 16] updates=4320 skipped_attempts_total=2 grad=0.7371 elapsed=6.6m
ep017 step004350 loss=0.50828 ce=1.15151 performance=0.30071 lr=0.000175 samples/s=7449 peak_GiB=18.68 time=6.6m
ep017 step004400 loss=0.49287 ce=1.13292 performance=0.27528 lr=0.000175 samples/s=8124 peak_GiB=18.68 time=6.7m
ep017 step004450 loss=0.48965 ce=1.12980 performance=0.26920 lr=0.000175 samples/s=8294 peak_GiB=18.68 time=6.7m
ep017 step004500 loss=0.49411 ce=1.13845 performance=0.27330 lr=0.000175 samples/s=8173 peak_GiB=18.68 time=6.8m
ep017 step004550 loss=0.49365 ce=1.13758 performance=0.27286 lr=0.000175 samples/s=8107 peak_GiB=18.68 time=6.9m
[eval epoch 17 performance] macro_top1=0.4459 top2=0.7863 top3=0.9007 vs_sbs=-0.915% vbs_closed=+23.17%
          classification_top1=0.4639 performance_top1=0.4459 classification_CE=1.12932 performance_MSE=0.25046
       TSP: top1=0.304 mean_cost=7.9188 (sbs=7.9578) vs_sbs=-0.49%
      CVRP: top1=0.346 mean_cost=18.2678 (sbs=18.2943) vs_sbs=-0.15%
      ATSP: top1=0.723 mean_cost=1.6371 (sbs=1.6735) vs_sbs=-2.18%
      OVRP: top1=0.300 mean_cost=7.4648 (sbs=7.4617) vs_sbs=+0.04%
      VRPB: top1=0.517 mean_cost=9.3415 (sbs=9.3403) vs_sbs=+0.01%
      VRPL: top1=0.310 mean_cost=12.4048 (sbs=12.4072) vs_sbs=-0.02%
     VRPTW: top1=0.411 mean_cost=17.9674 (sbs=18.6571) vs_sbs=-3.70%
    OVRPTW: top1=0.484 mean_cost=10.0437 (sbs=10.0484) vs_sbs=-0.05%
     OVRPB: top1=0.566 mean_cost=6.3199 (sbs=6.3220) vs_sbs=-0.03%
     OVRPL: top1=0.355 mean_cost=7.4386 (sbs=7.4376) vs_sbs=+0.01%
     VRPBL: top1=0.514 mean_cost=9.3606 (sbs=9.3593) vs_sbs=+0.01%
    VRPBTW: top1=0.378 mean_cost=19.1454 (sbs=19.6697) vs_sbs=-2.67%
    VRPLTW: top1=0.392 mean_cost=17.7014 (sbs=18.5091) vs_sbs=-4.36%
    OVRPBL: top1=0.549 mean_cost=6.3098 (sbs=6.3103) vs_sbs=-0.01%
   OVRPBTW: top1=0.499 mean_cost=10.4969 (sbs=10.5068) vs_sbs=-0.09%
   OVRPLTW: top1=0.493 mean_cost=10.1291 (sbs=10.1272) vs_sbs=+0.02%
   VRPBLTW: top1=0.399 mean_cost=18.9817 (sbs=19.5198) vs_sbs=-2.76%
  OVRPBLTW: top1=0.487 mean_cost=10.5339 (sbs=10.5412) vs_sbs=-0.07%
[epoch done 17] updates=4590 skipped_attempts_total=2 grad=0.6764 elapsed=6.9m
ep018 step004600 loss=0.51040 ce=1.18316 performance=0.27511 lr=0.000171 samples/s=8561 peak_GiB=18.68 time=7.0m
ep018 step004650 loss=0.49201 ce=1.13987 performance=0.26588 lr=0.000171 samples/s=7985 peak_GiB=18.68 time=7.0m
ep018 step004700 loss=0.49605 ce=1.14029 performance=0.27701 lr=0.000171 samples/s=8246 peak_GiB=18.68 time=7.1m
ep018 step004750 loss=0.49487 ce=1.13938 performance=0.27452 lr=0.000171 samples/s=8127 peak_GiB=18.68 time=7.2m
ep018 step004800 loss=0.49340 ce=1.13674 performance=0.27296 lr=0.000171 samples/s=8233 peak_GiB=18.68 time=7.2m
ep018 step004850 loss=0.49799 ce=1.14505 performance=0.27779 lr=0.000171 samples/s=8029 peak_GiB=18.68 time=7.3m
[eval epoch 18 performance] macro_top1=0.4351 top2=0.7647 top3=0.8873 vs_sbs=-0.864% vbs_closed=+20.98%
          classification_top1=0.4588 performance_top1=0.4351 classification_CE=1.17605 performance_MSE=0.33352
       TSP: top1=0.249 mean_cost=7.9288 (sbs=7.9578) vs_sbs=-0.36%
      CVRP: top1=0.238 mean_cost=18.2989 (sbs=18.2943) vs_sbs=+0.03%
      ATSP: top1=0.700 mean_cost=1.6390 (sbs=1.6735) vs_sbs=-2.06%
      OVRP: top1=0.302 mean_cost=7.4625 (sbs=7.4617) vs_sbs=+0.01%
      VRPB: top1=0.533 mean_cost=9.3434 (sbs=9.3403) vs_sbs=+0.03%
      VRPL: top1=0.306 mean_cost=12.4053 (sbs=12.4072) vs_sbs=-0.02%
     VRPTW: top1=0.385 mean_cost=18.0034 (sbs=18.6571) vs_sbs=-3.50%
    OVRPTW: top1=0.486 mean_cost=10.0461 (sbs=10.0484) vs_sbs=-0.02%
     OVRPB: top1=0.577 mean_cost=6.3174 (sbs=6.3220) vs_sbs=-0.07%
     OVRPL: top1=0.333 mean_cost=7.4374 (sbs=7.4376) vs_sbs=-0.00%
     VRPBL: top1=0.536 mean_cost=9.3591 (sbs=9.3593) vs_sbs=-0.00%
    VRPBTW: top1=0.396 mean_cost=19.1279 (sbs=19.6697) vs_sbs=-2.75%
    VRPLTW: top1=0.363 mean_cost=17.7608 (sbs=18.5091) vs_sbs=-4.04%
    OVRPBL: top1=0.554 mean_cost=6.3105 (sbs=6.3103) vs_sbs=+0.00%
   OVRPBTW: top1=0.480 mean_cost=10.5036 (sbs=10.5068) vs_sbs=-0.03%
   OVRPLTW: top1=0.492 mean_cost=10.1265 (sbs=10.1272) vs_sbs=-0.01%
   VRPBLTW: top1=0.416 mean_cost=18.9960 (sbs=19.5198) vs_sbs=-2.68%
  OVRPBLTW: top1=0.486 mean_cost=10.5346 (sbs=10.5412) vs_sbs=-0.06%
[epoch done 18] updates=4860 skipped_attempts_total=2 grad=0.7633 elapsed=7.3m
ep019 step004900 loss=0.50722 ce=1.14391 performance=0.30528 lr=0.000167 samples/s=7720 peak_GiB=18.68 time=7.4m
ep019 step004950 loss=0.50115 ce=1.14590 performance=0.28595 lr=0.000167 samples/s=8174 peak_GiB=18.68 time=7.4m
ep019 step005000 loss=0.49412 ce=1.13537 performance=0.27641 lr=0.000167 samples/s=8318 peak_GiB=18.68 time=7.5m
ep019 step005050 loss=0.49212 ce=1.13487 performance=0.27119 lr=0.000167 samples/s=8197 peak_GiB=18.68 time=7.6m
ep019 step005100 loss=0.49140 ce=1.13424 performance=0.26975 lr=0.000167 samples/s=8128 peak_GiB=18.68 time=7.6m
[eval epoch 19 performance] macro_top1=0.4484 top2=0.7857 top3=0.8979 vs_sbs=-0.933% vbs_closed=+19.27%
          classification_top1=0.4655 performance_top1=0.4484 classification_CE=1.12595 performance_MSE=0.25443
       TSP: top1=0.353 mean_cost=7.9147 (sbs=7.9578) vs_sbs=-0.54%
      CVRP: top1=0.280 mean_cost=18.2731 (sbs=18.2943) vs_sbs=-0.12%
      ATSP: top1=0.745 mean_cost=1.6396 (sbs=1.6735) vs_sbs=-2.03%
      OVRP: top1=0.302 mean_cost=7.4764 (sbs=7.4617) vs_sbs=+0.20%
      VRPB: top1=0.513 mean_cost=9.3441 (sbs=9.3403) vs_sbs=+0.04%
      VRPL: top1=0.249 mean_cost=12.4278 (sbs=12.4072) vs_sbs=+0.17%
     VRPTW: top1=0.437 mean_cost=17.9164 (sbs=18.6571) vs_sbs=-3.97%
    OVRPTW: top1=0.499 mean_cost=10.0414 (sbs=10.0484) vs_sbs=-0.07%
     OVRPB: top1=0.576 mean_cost=6.3168 (sbs=6.3220) vs_sbs=-0.08%
     OVRPL: top1=0.300 mean_cost=7.4587 (sbs=7.4376) vs_sbs=+0.28%
     VRPBL: top1=0.531 mean_cost=9.3579 (sbs=9.3593) vs_sbs=-0.01%
    VRPBTW: top1=0.421 mean_cost=19.0714 (sbs=19.6697) vs_sbs=-3.04%
    VRPLTW: top1=0.422 mean_cost=17.6579 (sbs=18.5091) vs_sbs=-4.60%
    OVRPBL: top1=0.553 mean_cost=6.3106 (sbs=6.3103) vs_sbs=+0.01%
   OVRPBTW: top1=0.481 mean_cost=10.5049 (sbs=10.5068) vs_sbs=-0.02%
   OVRPLTW: top1=0.486 mean_cost=10.1285 (sbs=10.1272) vs_sbs=+0.01%
   VRPBLTW: top1=0.424 mean_cost=18.9535 (sbs=19.5198) vs_sbs=-2.90%
  OVRPBLTW: top1=0.500 mean_cost=10.5291 (sbs=10.5412) vs_sbs=-0.11%
[save] best.pt epoch=19 val_vs_sbs=-0.93261%
[epoch done 19] updates=5130 skipped_attempts_total=2 grad=0.7004 elapsed=7.7m
ep020 step005150 loss=0.48843 ce=1.10880 performance=0.28672 lr=0.000163 samples/s=8581 peak_GiB=18.68 time=7.7m
ep020 step005200 loss=0.49432 ce=1.13431 performance=0.27804 lr=0.000163 samples/s=8061 peak_GiB=18.68 time=7.8m
ep020 step005250 loss=0.49532 ce=1.14003 performance=0.27515 lr=0.000163 samples/s=8273 peak_GiB=18.68 time=7.9m
ep020 step005300 loss=0.49487 ce=1.13888 performance=0.27505 lr=0.000163 samples/s=8151 peak_GiB=18.68 time=7.9m
ep020 step005350 loss=0.48997 ce=1.13204 performance=0.26787 lr=0.000163 samples/s=8249 peak_GiB=18.68 time=8.0m
ep020 step005400 loss=0.49212 ce=1.13535 performance=0.27071 lr=0.000163 samples/s=8178 peak_GiB=18.68 time=8.1m
[eval epoch 20 performance] macro_top1=0.4501 top2=0.7837 top3=0.9023 vs_sbs=-0.925% vbs_closed=+23.54%
          classification_top1=0.4598 performance_top1=0.4501 classification_CE=1.14146 performance_MSE=0.30547
       TSP: top1=0.360 mean_cost=7.9132 (sbs=7.9578) vs_sbs=-0.56%
      CVRP: top1=0.284 mean_cost=18.2889 (sbs=18.2943) vs_sbs=-0.03%
      ATSP: top1=0.762 mean_cost=1.6374 (sbs=1.6735) vs_sbs=-2.16%
      OVRP: top1=0.286 mean_cost=7.4639 (sbs=7.4617) vs_sbs=+0.03%
      VRPB: top1=0.543 mean_cost=9.3360 (sbs=9.3403) vs_sbs=-0.05%
      VRPL: top1=0.309 mean_cost=12.4049 (sbs=12.4072) vs_sbs=-0.02%
     VRPTW: top1=0.432 mean_cost=17.9425 (sbs=18.6571) vs_sbs=-3.83%
    OVRPTW: top1=0.499 mean_cost=10.0429 (sbs=10.0484) vs_sbs=-0.06%
     OVRPB: top1=0.557 mean_cost=6.3213 (sbs=6.3220) vs_sbs=-0.01%
     OVRPL: top1=0.324 mean_cost=7.4395 (sbs=7.4376) vs_sbs=+0.03%
     VRPBL: top1=0.530 mean_cost=9.3570 (sbs=9.3593) vs_sbs=-0.02%
    VRPBTW: top1=0.397 mean_cost=19.1298 (sbs=19.6697) vs_sbs=-2.75%
    VRPLTW: top1=0.411 mean_cost=17.6875 (sbs=18.5091) vs_sbs=-4.44%
    OVRPBL: top1=0.527 mean_cost=6.3097 (sbs=6.3103) vs_sbs=-0.01%
   OVRPBTW: top1=0.502 mean_cost=10.4979 (sbs=10.5068) vs_sbs=-0.08%
   OVRPLTW: top1=0.483 mean_cost=10.1298 (sbs=10.1272) vs_sbs=+0.03%
   VRPBLTW: top1=0.398 mean_cost=19.0007 (sbs=19.5198) vs_sbs=-2.66%
  OVRPBLTW: top1=0.497 mean_cost=10.5343 (sbs=10.5412) vs_sbs=-0.06%
[epoch done 20] updates=5400 skipped_attempts_total=2 grad=0.7476 elapsed=8.2m
ep021 step005450 loss=0.49455 ce=1.12967 performance=0.28334 lr=0.000158 samples/s=7871 peak_GiB=18.68 time=8.3m
ep021 step005500 loss=0.49780 ce=1.14705 performance=0.27524 lr=0.000158 samples/s=7882 peak_GiB=18.68 time=8.4m
ep021 step005550 loss=0.49317 ce=1.14090 performance=0.26815 lr=0.000158 samples/s=7883 peak_GiB=18.68 time=8.5m
ep021 step005600 loss=0.48911 ce=1.13001 performance=0.26744 lr=0.000158 samples/s=8224 peak_GiB=18.68 time=8.5m
ep021 step005650 loss=0.48848 ce=1.13061 performance=0.26506 lr=0.000158 samples/s=8150 peak_GiB=18.68 time=8.6m
[eval epoch 21 performance] macro_top1=0.4528 top2=0.7911 top3=0.9064 vs_sbs=-0.970% vbs_closed=+24.37%
          classification_top1=0.4677 performance_top1=0.4528 classification_CE=1.11733 performance_MSE=0.23933
       TSP: top1=0.347 mean_cost=7.9132 (sbs=7.9578) vs_sbs=-0.56%
      CVRP: top1=0.304 mean_cost=18.2692 (sbs=18.2943) vs_sbs=-0.14%
      ATSP: top1=0.757 mean_cost=1.6365 (sbs=1.6735) vs_sbs=-2.21%
      OVRP: top1=0.292 mean_cost=7.4626 (sbs=7.4617) vs_sbs=+0.01%
      VRPB: top1=0.518 mean_cost=9.3465 (sbs=9.3403) vs_sbs=+0.07%
      VRPL: top1=0.316 mean_cost=12.4038 (sbs=12.4072) vs_sbs=-0.03%
     VRPTW: top1=0.432 mean_cost=17.9071 (sbs=18.6571) vs_sbs=-4.02%
    OVRPTW: top1=0.500 mean_cost=10.0451 (sbs=10.0484) vs_sbs=-0.03%
     OVRPB: top1=0.555 mean_cost=6.3219 (sbs=6.3220) vs_sbs=-0.00%
     OVRPL: top1=0.340 mean_cost=7.4368 (sbs=7.4376) vs_sbs=-0.01%
     VRPBL: top1=0.513 mean_cost=9.3640 (sbs=9.3593) vs_sbs=+0.05%
    VRPBTW: top1=0.416 mean_cost=19.0772 (sbs=19.6697) vs_sbs=-3.01%
    VRPLTW: top1=0.420 mean_cost=17.6622 (sbs=18.5091) vs_sbs=-4.58%
    OVRPBL: top1=0.537 mean_cost=6.3088 (sbs=6.3103) vs_sbs=-0.02%
   OVRPBTW: top1=0.501 mean_cost=10.5004 (sbs=10.5068) vs_sbs=-0.06%
   OVRPLTW: top1=0.487 mean_cost=10.1290 (sbs=10.1272) vs_sbs=+0.02%
   VRPBLTW: top1=0.403 mean_cost=18.9761 (sbs=19.5198) vs_sbs=-2.79%
  OVRPBLTW: top1=0.513 mean_cost=10.5265 (sbs=10.5412) vs_sbs=-0.14%
[save] best.pt epoch=21 val_vs_sbs=-0.96962%
[epoch done 21] updates=5670 skipped_attempts_total=2 grad=0.7329 elapsed=8.6m
ep022 step005700 loss=0.49684 ce=1.16395 performance=0.25559 lr=0.000154 samples/s=7454 peak_GiB=18.68 time=8.7m
ep022 step005750 loss=0.48295 ce=1.13067 performance=0.24919 lr=0.000154 samples/s=7716 peak_GiB=18.68 time=8.7m
ep022 step005800 loss=0.48392 ce=1.13055 performance=0.25209 lr=0.000154 samples/s=8033 peak_GiB=18.68 time=8.8m
ep022 step005850 loss=0.48261 ce=1.12527 performance=0.25361 lr=0.000154 samples/s=8181 peak_GiB=18.68 time=8.9m
ep022 step005900 loss=0.48386 ce=1.12857 performance=0.25389 lr=0.000154 samples/s=8113 peak_GiB=18.68 time=8.9m
[eval epoch 22 performance] macro_top1=0.4529 top2=0.7936 top3=0.9036 vs_sbs=-0.973% vbs_closed=+24.62%
          classification_top1=0.4713 performance_top1=0.4529 classification_CE=1.11538 performance_MSE=0.25079
       TSP: top1=0.308 mean_cost=7.9205 (sbs=7.9578) vs_sbs=-0.47%
      CVRP: top1=0.330 mean_cost=18.2761 (sbs=18.2943) vs_sbs=-0.10%
      ATSP: top1=0.713 mean_cost=1.6377 (sbs=1.6735) vs_sbs=-2.14%
      OVRP: top1=0.345 mean_cost=7.4585 (sbs=7.4617) vs_sbs=-0.04%
      VRPB: top1=0.493 mean_cost=9.3457 (sbs=9.3403) vs_sbs=+0.06%
      VRPL: top1=0.316 mean_cost=12.4037 (sbs=12.4072) vs_sbs=-0.03%
     VRPTW: top1=0.430 mean_cost=17.9035 (sbs=18.6571) vs_sbs=-4.04%
    OVRPTW: top1=0.490 mean_cost=10.0435 (sbs=10.0484) vs_sbs=-0.05%
     OVRPB: top1=0.562 mean_cost=6.3200 (sbs=6.3220) vs_sbs=-0.03%
     OVRPL: top1=0.343 mean_cost=7.4382 (sbs=7.4376) vs_sbs=+0.01%
     VRPBL: top1=0.514 mean_cost=9.3597 (sbs=9.3593) vs_sbs=+0.00%
    VRPBTW: top1=0.429 mean_cost=19.0633 (sbs=19.6697) vs_sbs=-3.08%
    VRPLTW: top1=0.417 mean_cost=17.6619 (sbs=18.5091) vs_sbs=-4.58%
    OVRPBL: top1=0.554 mean_cost=6.3099 (sbs=6.3103) vs_sbs=-0.01%
   OVRPBTW: top1=0.482 mean_cost=10.5063 (sbs=10.5068) vs_sbs=-0.00%
   OVRPLTW: top1=0.506 mean_cost=10.1239 (sbs=10.1272) vs_sbs=-0.03%
   VRPBLTW: top1=0.406 mean_cost=18.9656 (sbs=19.5198) vs_sbs=-2.84%
  OVRPBLTW: top1=0.514 mean_cost=10.5263 (sbs=10.5412) vs_sbs=-0.14%
[save] best.pt epoch=22 val_vs_sbs=-0.97304%
[epoch done 22] updates=5940 skipped_attempts_total=2 grad=0.7138 elapsed=9.0m
ep023 step005950 loss=0.47689 ce=1.12052 performance=0.24201 lr=0.000149 samples/s=8559 peak_GiB=18.68 time=9.0m
ep023 step006000 loss=0.47760 ce=1.10858 performance=0.25598 lr=0.000149 samples/s=8583 peak_GiB=18.68 time=9.1m
ep023 step006050 loss=0.47914 ce=1.11708 performance=0.25188 lr=0.000149 samples/s=8245 peak_GiB=18.68 time=9.2m
ep023 step006100 loss=0.47867 ce=1.11953 performance=0.24810 lr=0.000149 samples/s=8352 peak_GiB=18.68 time=9.2m
ep023 step006150 loss=0.48006 ce=1.12146 performance=0.25015 lr=0.000149 samples/s=8236 peak_GiB=18.68 time=9.3m
ep023 step006200 loss=0.47764 ce=1.11870 performance=0.24598 lr=0.000149 samples/s=8302 peak_GiB=18.68 time=9.3m
[eval epoch 23 performance] macro_top1=0.4537 top2=0.7912 top3=0.9034 vs_sbs=-0.946% vbs_closed=+22.49%
          classification_top1=0.4707 performance_top1=0.4537 classification_CE=1.12091 performance_MSE=0.23988
       TSP: top1=0.344 mean_cost=7.9154 (sbs=7.9578) vs_sbs=-0.53%
      CVRP: top1=0.362 mean_cost=18.2551 (sbs=18.2943) vs_sbs=-0.21%
      ATSP: top1=0.751 mean_cost=1.6363 (sbs=1.6735) vs_sbs=-2.22%
      OVRP: top1=0.282 mean_cost=7.4653 (sbs=7.4617) vs_sbs=+0.05%
      VRPB: top1=0.511 mean_cost=9.3415 (sbs=9.3403) vs_sbs=+0.01%
      VRPL: top1=0.244 mean_cost=12.4298 (sbs=12.4072) vs_sbs=+0.18%
     VRPTW: top1=0.436 mean_cost=17.9239 (sbs=18.6571) vs_sbs=-3.93%
    OVRPTW: top1=0.501 mean_cost=10.0408 (sbs=10.0484) vs_sbs=-0.08%
     OVRPB: top1=0.591 mean_cost=6.3141 (sbs=6.3220) vs_sbs=-0.12%
     OVRPL: top1=0.331 mean_cost=7.4420 (sbs=7.4376) vs_sbs=+0.06%
     VRPBL: top1=0.526 mean_cost=9.3596 (sbs=9.3593) vs_sbs=+0.00%
    VRPBTW: top1=0.421 mean_cost=19.1072 (sbs=19.6697) vs_sbs=-2.86%
    VRPLTW: top1=0.424 mean_cost=17.6644 (sbs=18.5091) vs_sbs=-4.56%
    OVRPBL: top1=0.561 mean_cost=6.3090 (sbs=6.3103) vs_sbs=-0.02%
   OVRPBTW: top1=0.474 mean_cost=10.5043 (sbs=10.5068) vs_sbs=-0.02%
   OVRPLTW: top1=0.500 mean_cost=10.1279 (sbs=10.1272) vs_sbs=+0.01%
   VRPBLTW: top1=0.410 mean_cost=18.9894 (sbs=19.5198) vs_sbs=-2.72%
  OVRPBLTW: top1=0.497 mean_cost=10.5344 (sbs=10.5412) vs_sbs=-0.06%
[epoch done 23] updates=6210 skipped_attempts_total=2 grad=0.6682 elapsed=9.4m
ep024 step006250 loss=0.47125 ce=1.10622 performance=0.24022 lr=0.000144 samples/s=8596 peak_GiB=18.68 time=9.4m
ep024 step006300 loss=0.47806 ce=1.11911 performance=0.24679 lr=0.000144 samples/s=8183 peak_GiB=18.68 time=9.5m
ep024 step006350 loss=0.47127 ce=1.10524 performance=0.24123 lr=0.000144 samples/s=8326 peak_GiB=18.68 time=9.6m
ep024 step006400 loss=0.47559 ce=1.11555 performance=0.24329 lr=0.000144 samples/s=8203 peak_GiB=18.68 time=9.6m
ep024 step006450 loss=0.47714 ce=1.11860 performance=0.24465 lr=0.000144 samples/s=7990 peak_GiB=18.68 time=9.7m
[eval epoch 24 performance] macro_top1=0.4520 top2=0.7922 top3=0.9071 vs_sbs=-0.964% vbs_closed=+24.19%
          classification_top1=0.4708 performance_top1=0.4520 classification_CE=1.11214 performance_MSE=0.24549
       TSP: top1=0.316 mean_cost=7.9192 (sbs=7.9578) vs_sbs=-0.49%
      CVRP: top1=0.347 mean_cost=18.2563 (sbs=18.2943) vs_sbs=-0.21%
      ATSP: top1=0.714 mean_cost=1.6375 (sbs=1.6735) vs_sbs=-2.15%
      OVRP: top1=0.312 mean_cost=7.4626 (sbs=7.4617) vs_sbs=+0.01%
      VRPB: top1=0.497 mean_cost=9.3428 (sbs=9.3403) vs_sbs=+0.03%
      VRPL: top1=0.322 mean_cost=12.4041 (sbs=12.4072) vs_sbs=-0.03%
     VRPTW: top1=0.441 mean_cost=17.9117 (sbs=18.6571) vs_sbs=-4.00%
    OVRPTW: top1=0.506 mean_cost=10.0405 (sbs=10.0484) vs_sbs=-0.08%
     OVRPB: top1=0.551 mean_cost=6.3234 (sbs=6.3220) vs_sbs=+0.02%
     OVRPL: top1=0.340 mean_cost=7.4398 (sbs=7.4376) vs_sbs=+0.03%
     VRPBL: top1=0.523 mean_cost=9.3608 (sbs=9.3593) vs_sbs=+0.02%
    VRPBTW: top1=0.416 mean_cost=19.0650 (sbs=19.6697) vs_sbs=-3.07%
    VRPLTW: top1=0.405 mean_cost=17.6779 (sbs=18.5091) vs_sbs=-4.49%
    OVRPBL: top1=0.558 mean_cost=6.3100 (sbs=6.3103) vs_sbs=-0.00%
   OVRPBTW: top1=0.470 mean_cost=10.5086 (sbs=10.5068) vs_sbs=+0.02%
   OVRPLTW: top1=0.503 mean_cost=10.1252 (sbs=10.1272) vs_sbs=-0.02%
   VRPBLTW: top1=0.413 mean_cost=18.9597 (sbs=19.5198) vs_sbs=-2.87%
  OVRPBLTW: top1=0.502 mean_cost=10.5325 (sbs=10.5412) vs_sbs=-0.08%
[epoch done 24] updates=6480 skipped_attempts_total=2 grad=0.7467 elapsed=9.8m
ep025 step006500 loss=0.46963 ce=1.11139 performance=0.23040 lr=0.000139 samples/s=8565 peak_GiB=18.68 time=9.8m
ep025 step006550 loss=0.47382 ce=1.11044 performance=0.24334 lr=0.000139 samples/s=8059 peak_GiB=18.68 time=9.9m
ep025 step006600 loss=0.48150 ce=1.12685 performance=0.24886 lr=0.000139 samples/s=7977 peak_GiB=18.68 time=9.9m
ep025 step006650 loss=0.47388 ce=1.11284 performance=0.24108 lr=0.000139 samples/s=8359 peak_GiB=18.68 time=10.0m
ep025 step006700 loss=0.47623 ce=1.11801 performance=0.24263 lr=0.000139 samples/s=8241 peak_GiB=18.68 time=10.0m
ep025 step006750 loss=0.47663 ce=1.11883 performance=0.24298 lr=0.000139 samples/s=8169 peak_GiB=18.68 time=10.1m
[eval epoch 25 performance] macro_top1=0.4541 top2=0.7941 top3=0.9047 vs_sbs=-0.975% vbs_closed=+23.72%
          classification_top1=0.4721 performance_top1=0.4541 classification_CE=1.11891 performance_MSE=0.26859
       TSP: top1=0.315 mean_cost=7.9212 (sbs=7.9578) vs_sbs=-0.46%
      CVRP: top1=0.303 mean_cost=18.2672 (sbs=18.2943) vs_sbs=-0.15%
      ATSP: top1=0.760 mean_cost=1.6369 (sbs=1.6735) vs_sbs=-2.19%
      OVRP: top1=0.300 mean_cost=7.4656 (sbs=7.4617) vs_sbs=+0.05%
      VRPB: top1=0.504 mean_cost=9.3476 (sbs=9.3403) vs_sbs=+0.08%
      VRPL: top1=0.311 mean_cost=12.4034 (sbs=12.4072) vs_sbs=-0.03%
     VRPTW: top1=0.442 mean_cost=17.9012 (sbs=18.6571) vs_sbs=-4.05%
    OVRPTW: top1=0.497 mean_cost=10.0441 (sbs=10.0484) vs_sbs=-0.04%
     OVRPB: top1=0.556 mean_cost=6.3223 (sbs=6.3220) vs_sbs=+0.01%
     OVRPL: top1=0.335 mean_cost=7.4362 (sbs=7.4376) vs_sbs=-0.02%
     VRPBL: top1=0.513 mean_cost=9.3642 (sbs=9.3593) vs_sbs=+0.05%
    VRPBTW: top1=0.434 mean_cost=19.0494 (sbs=19.6697) vs_sbs=-3.15%
    VRPLTW: top1=0.430 mean_cost=17.6464 (sbs=18.5091) vs_sbs=-4.66%
    OVRPBL: top1=0.542 mean_cost=6.3082 (sbs=6.3103) vs_sbs=-0.03%
   OVRPBTW: top1=0.496 mean_cost=10.4998 (sbs=10.5068) vs_sbs=-0.07%
   OVRPLTW: top1=0.493 mean_cost=10.1319 (sbs=10.1272) vs_sbs=+0.05%
   VRPBLTW: top1=0.433 mean_cost=18.9694 (sbs=19.5198) vs_sbs=-2.82%
  OVRPBLTW: top1=0.509 mean_cost=10.5290 (sbs=10.5412) vs_sbs=-0.12%
[save] best.pt epoch=25 val_vs_sbs=-0.97537%
[epoch done 25] updates=6750 skipped_attempts_total=2 grad=0.7725 elapsed=10.3m
ep026 step006800 loss=0.47549 ce=1.11527 performance=0.24328 lr=0.000134 samples/s=7878 peak_GiB=18.68 time=10.4m
ep026 step006850 loss=0.47672 ce=1.12332 performance=0.23872 lr=0.000134 samples/s=8596 peak_GiB=18.68 time=10.4m
ep026 step006900 loss=0.47400 ce=1.11512 performance=0.23917 lr=0.000134 samples/s=8346 peak_GiB=18.68 time=10.5m
ep026 step006950 loss=0.47700 ce=1.11908 performance=0.24377 lr=0.000134 samples/s=8050 peak_GiB=18.68 time=10.6m
ep026 step007000 loss=0.47544 ce=1.11703 performance=0.24138 lr=0.000134 samples/s=8155 peak_GiB=18.68 time=10.6m
[eval epoch 26 performance] macro_top1=0.4436 top2=0.7853 top3=0.9020 vs_sbs=-0.933% vbs_closed=+21.30%
          classification_top1=0.4672 performance_top1=0.4436 classification_CE=1.11354 performance_MSE=0.24114
       TSP: top1=0.323 mean_cost=7.9174 (sbs=7.9578) vs_sbs=-0.51%
      CVRP: top1=0.289 mean_cost=18.2758 (sbs=18.2943) vs_sbs=-0.10%
      ATSP: top1=0.727 mean_cost=1.6370 (sbs=1.6735) vs_sbs=-2.18%
      OVRP: top1=0.307 mean_cost=7.4717 (sbs=7.4617) vs_sbs=+0.13%
      VRPB: top1=0.530 mean_cost=9.3425 (sbs=9.3403) vs_sbs=+0.02%
      VRPL: top1=0.228 mean_cost=12.4258 (sbs=12.4072) vs_sbs=+0.15%
     VRPTW: top1=0.421 mean_cost=17.9445 (sbs=18.6571) vs_sbs=-3.82%
    OVRPTW: top1=0.503 mean_cost=10.0446 (sbs=10.0484) vs_sbs=-0.04%
     OVRPB: top1=0.567 mean_cost=6.3202 (sbs=6.3220) vs_sbs=-0.03%
     OVRPL: top1=0.324 mean_cost=7.4391 (sbs=7.4376) vs_sbs=+0.02%
     VRPBL: top1=0.531 mean_cost=9.3555 (sbs=9.3593) vs_sbs=-0.04%
    VRPBTW: top1=0.413 mean_cost=19.0749 (sbs=19.6697) vs_sbs=-3.02%
    VRPLTW: top1=0.398 mean_cost=17.6901 (sbs=18.5091) vs_sbs=-4.43%
    OVRPBL: top1=0.551 mean_cost=6.3095 (sbs=6.3103) vs_sbs=-0.01%
   OVRPBTW: top1=0.471 mean_cost=10.5057 (sbs=10.5068) vs_sbs=-0.01%
   OVRPLTW: top1=0.487 mean_cost=10.1273 (sbs=10.1272) vs_sbs=+0.00%
   VRPBLTW: top1=0.411 mean_cost=18.9677 (sbs=19.5198) vs_sbs=-2.83%
  OVRPBLTW: top1=0.503 mean_cost=10.5303 (sbs=10.5412) vs_sbs=-0.10%
[epoch done 26] updates=7020 skipped_attempts_total=2 grad=0.7917 elapsed=10.7m
[AMP retry] attempt=1 scale=131072->65536
ep027 step007050 loss=0.46127 ce=1.08186 performance=0.23604 lr=0.000128 samples/s=7320 peak_GiB=18.68 time=10.7m
ep027 step007100 loss=0.46889 ce=1.10957 performance=0.23010 lr=0.000128 samples/s=7660 peak_GiB=18.68 time=10.8m
ep027 step007150 loss=0.46841 ce=1.11102 performance=0.22728 lr=0.000128 samples/s=7749 peak_GiB=18.68 time=10.9m
ep027 step007200 loss=0.47139 ce=1.11412 performance=0.23271 lr=0.000128 samples/s=7967 peak_GiB=18.68 time=10.9m
ep027 step007250 loss=0.47084 ce=1.11398 performance=0.23127 lr=0.000128 samples/s=7948 peak_GiB=18.68 time=11.0m
[eval epoch 27 performance] macro_top1=0.4574 top2=0.7941 top3=0.9108 vs_sbs=-0.980% vbs_closed=+25.22%
          classification_top1=0.4706 performance_top1=0.4574 classification_CE=1.11296 performance_MSE=0.25861
       TSP: top1=0.341 mean_cost=7.9148 (sbs=7.9578) vs_sbs=-0.54%
      CVRP: top1=0.353 mean_cost=18.2650 (sbs=18.2943) vs_sbs=-0.16%
      ATSP: top1=0.738 mean_cost=1.6367 (sbs=1.6735) vs_sbs=-2.20%
      OVRP: top1=0.307 mean_cost=7.4625 (sbs=7.4617) vs_sbs=+0.01%
      VRPB: top1=0.506 mean_cost=9.3434 (sbs=9.3403) vs_sbs=+0.03%
      VRPL: top1=0.320 mean_cost=12.4038 (sbs=12.4072) vs_sbs=-0.03%
     VRPTW: top1=0.424 mean_cost=17.9225 (sbs=18.6571) vs_sbs=-3.94%
    OVRPTW: top1=0.508 mean_cost=10.0434 (sbs=10.0484) vs_sbs=-0.05%
     OVRPB: top1=0.581 mean_cost=6.3180 (sbs=6.3220) vs_sbs=-0.06%
     OVRPL: top1=0.334 mean_cost=7.4394 (sbs=7.4376) vs_sbs=+0.03%
     VRPBL: top1=0.530 mean_cost=9.3575 (sbs=9.3593) vs_sbs=-0.02%
    VRPBTW: top1=0.436 mean_cost=19.0542 (sbs=19.6697) vs_sbs=-3.13%
    VRPLTW: top1=0.396 mean_cost=17.6766 (sbs=18.5091) vs_sbs=-4.50%
    OVRPBL: top1=0.557 mean_cost=6.3092 (sbs=6.3103) vs_sbs=-0.02%
   OVRPBTW: top1=0.486 mean_cost=10.5011 (sbs=10.5068) vs_sbs=-0.05%
   OVRPLTW: top1=0.496 mean_cost=10.1282 (sbs=10.1272) vs_sbs=+0.01%
   VRPBLTW: top1=0.419 mean_cost=18.9449 (sbs=19.5198) vs_sbs=-2.94%
  OVRPBLTW: top1=0.502 mean_cost=10.5319 (sbs=10.5412) vs_sbs=-0.09%
[save] best.pt epoch=27 val_vs_sbs=-0.98031%
[epoch done 27] updates=7290 skipped_attempts_total=3 grad=0.7424 elapsed=11.1m
ep028 step007300 loss=0.50089 ce=1.14611 performance=0.28500 lr=0.000123 samples/s=5853 peak_GiB=18.68 time=11.1m
ep028 step007350 loss=0.47255 ce=1.11063 performance=0.23952 lr=0.000123 samples/s=7952 peak_GiB=18.68 time=11.2m
ep028 step007400 loss=0.47182 ce=1.10825 performance=0.23982 lr=0.000123 samples/s=8226 peak_GiB=18.68 time=11.2m
ep028 step007450 loss=0.47414 ce=1.11535 performance=0.23932 lr=0.000123 samples/s=8113 peak_GiB=18.68 time=11.3m
ep028 step007500 loss=0.47421 ce=1.11353 performance=0.24136 lr=0.000123 samples/s=8222 peak_GiB=18.68 time=11.4m
ep028 step007550 loss=0.47375 ce=1.11627 performance=0.23730 lr=0.000123 samples/s=8019 peak_GiB=18.68 time=11.4m
[eval epoch 28 performance] macro_top1=0.4584 top2=0.7996 top3=0.9106 vs_sbs=-0.981% vbs_closed=+24.61%
          classification_top1=0.4720 performance_top1=0.4584 classification_CE=1.10559 performance_MSE=0.22295
       TSP: top1=0.340 mean_cost=7.9157 (sbs=7.9578) vs_sbs=-0.53%
      CVRP: top1=0.387 mean_cost=18.2496 (sbs=18.2943) vs_sbs=-0.24%
      ATSP: top1=0.714 mean_cost=1.6375 (sbs=1.6735) vs_sbs=-2.15%
      OVRP: top1=0.298 mean_cost=7.4653 (sbs=7.4617) vs_sbs=+0.05%
      VRPB: top1=0.523 mean_cost=9.3442 (sbs=9.3403) vs_sbs=+0.04%
      VRPL: top1=0.325 mean_cost=12.4043 (sbs=12.4072) vs_sbs=-0.02%
     VRPTW: top1=0.448 mean_cost=17.8993 (sbs=18.6571) vs_sbs=-4.06%
    OVRPTW: top1=0.490 mean_cost=10.0491 (sbs=10.0484) vs_sbs=+0.01%
     OVRPB: top1=0.564 mean_cost=6.3198 (sbs=6.3220) vs_sbs=-0.03%
     OVRPL: top1=0.339 mean_cost=7.4377 (sbs=7.4376) vs_sbs=+0.00%
     VRPBL: top1=0.511 mean_cost=9.3664 (sbs=9.3593) vs_sbs=+0.08%
    VRPBTW: top1=0.425 mean_cost=19.0637 (sbs=19.6697) vs_sbs=-3.08%
    VRPLTW: top1=0.436 mean_cost=17.6492 (sbs=18.5091) vs_sbs=-4.65%
    OVRPBL: top1=0.535 mean_cost=6.3085 (sbs=6.3103) vs_sbs=-0.03%
   OVRPBTW: top1=0.493 mean_cost=10.4977 (sbs=10.5068) vs_sbs=-0.09%
   OVRPLTW: top1=0.485 mean_cost=10.1262 (sbs=10.1272) vs_sbs=-0.01%
   VRPBLTW: top1=0.421 mean_cost=18.9669 (sbs=19.5198) vs_sbs=-2.83%
  OVRPBLTW: top1=0.518 mean_cost=10.5304 (sbs=10.5412) vs_sbs=-0.10%
[save] best.pt epoch=28 val_vs_sbs=-0.98082%
[epoch done 28] updates=7560 skipped_attempts_total=3 grad=0.8872 elapsed=11.5m
ep029 step007600 loss=0.46535 ce=1.10788 performance=0.22169 lr=0.000118 samples/s=8594 peak_GiB=18.68 time=11.5m
ep029 step007650 loss=0.46661 ce=1.10916 performance=0.22400 lr=0.000118 samples/s=8189 peak_GiB=18.68 time=11.6m
ep029 step007700 loss=0.46597 ce=1.10471 performance=0.22663 lr=0.000118 samples/s=8326 peak_GiB=18.68 time=11.6m
ep029 step007750 loss=0.46839 ce=1.10641 performance=0.23186 lr=0.000118 samples/s=8392 peak_GiB=18.68 time=11.7m
ep029 step007800 loss=0.46775 ce=1.10656 performance=0.22988 lr=0.000118 samples/s=8280 peak_GiB=18.68 time=11.8m
[eval epoch 29 performance] macro_top1=0.4575 top2=0.7974 top3=0.9061 vs_sbs=-0.947% vbs_closed=+23.11%
          classification_top1=0.4708 performance_top1=0.4575 classification_CE=1.11285 performance_MSE=0.23698
       TSP: top1=0.334 mean_cost=7.9161 (sbs=7.9578) vs_sbs=-0.52%
      CVRP: top1=0.361 mean_cost=18.2766 (sbs=18.2943) vs_sbs=-0.10%
      ATSP: top1=0.734 mean_cost=1.6382 (sbs=1.6735) vs_sbs=-2.11%
      OVRP: top1=0.314 mean_cost=7.4664 (sbs=7.4617) vs_sbs=+0.06%
      VRPB: top1=0.506 mean_cost=9.3432 (sbs=9.3403) vs_sbs=+0.03%
      VRPL: top1=0.314 mean_cost=12.4049 (sbs=12.4072) vs_sbs=-0.02%
     VRPTW: top1=0.432 mean_cost=17.9331 (sbs=18.6571) vs_sbs=-3.88%
    OVRPTW: top1=0.501 mean_cost=10.0456 (sbs=10.0484) vs_sbs=-0.03%
     OVRPB: top1=0.559 mean_cost=6.3195 (sbs=6.3220) vs_sbs=-0.04%
     OVRPL: top1=0.350 mean_cost=7.4410 (sbs=7.4376) vs_sbs=+0.05%
     VRPBL: top1=0.520 mean_cost=9.3600 (sbs=9.3593) vs_sbs=+0.01%
    VRPBTW: top1=0.420 mean_cost=19.0722 (sbs=19.6697) vs_sbs=-3.04%
    VRPLTW: top1=0.419 mean_cost=17.6651 (sbs=18.5091) vs_sbs=-4.56%
    OVRPBL: top1=0.575 mean_cost=6.3070 (sbs=6.3103) vs_sbs=-0.05%
   OVRPBTW: top1=0.469 mean_cost=10.5075 (sbs=10.5068) vs_sbs=+0.01%
   OVRPLTW: top1=0.508 mean_cost=10.1258 (sbs=10.1272) vs_sbs=-0.01%
   VRPBLTW: top1=0.421 mean_cost=18.9715 (sbs=19.5198) vs_sbs=-2.81%
  OVRPBLTW: top1=0.498 mean_cost=10.5374 (sbs=10.5412) vs_sbs=-0.04%
[epoch done 29] updates=7830 skipped_attempts_total=3 grad=0.8600 elapsed=11.8m
ep030 step007850 loss=0.47736 ce=1.14635 performance=0.21753 lr=0.000112 samples/s=6992 peak_GiB=18.68 time=11.9m
ep030 step007900 loss=0.46315 ce=1.10472 performance=0.21856 lr=0.000112 samples/s=8581 peak_GiB=18.68 time=11.9m
ep030 step007950 loss=0.46405 ce=1.10229 performance=0.22356 lr=0.000112 samples/s=8269 peak_GiB=18.68 time=12.0m
ep030 step008000 loss=0.46732 ce=1.10664 performance=0.22857 lr=0.000112 samples/s=8358 peak_GiB=18.68 time=12.0m
ep030 step008050 loss=0.46652 ce=1.10560 performance=0.22732 lr=0.000112 samples/s=8243 peak_GiB=18.68 time=12.1m
ep030 step008100 loss=0.46672 ce=1.10630 performance=0.22718 lr=0.000112 samples/s=8171 peak_GiB=18.68 time=12.2m
[eval epoch 30 performance] macro_top1=0.4559 top2=0.7914 top3=0.9084 vs_sbs=-0.958% vbs_closed=+25.46%
          classification_top1=0.4724 performance_top1=0.4559 classification_CE=1.11883 performance_MSE=0.22448
       TSP: top1=0.342 mean_cost=7.9158 (sbs=7.9578) vs_sbs=-0.53%
      CVRP: top1=0.410 mean_cost=18.2344 (sbs=18.2943) vs_sbs=-0.33%
      ATSP: top1=0.706 mean_cost=1.6378 (sbs=1.6735) vs_sbs=-2.14%
      OVRP: top1=0.291 mean_cost=7.4629 (sbs=7.4617) vs_sbs=+0.02%
      VRPB: top1=0.523 mean_cost=9.3411 (sbs=9.3403) vs_sbs=+0.01%
      VRPL: top1=0.323 mean_cost=12.4014 (sbs=12.4072) vs_sbs=-0.05%
     VRPTW: top1=0.448 mean_cost=17.9023 (sbs=18.6571) vs_sbs=-4.05%
    OVRPTW: top1=0.494 mean_cost=10.0470 (sbs=10.0484) vs_sbs=-0.01%
     OVRPB: top1=0.581 mean_cost=6.3176 (sbs=6.3220) vs_sbs=-0.07%
     OVRPL: top1=0.335 mean_cost=7.4381 (sbs=7.4376) vs_sbs=+0.01%
     VRPBL: top1=0.515 mean_cost=9.3618 (sbs=9.3593) vs_sbs=+0.03%
    VRPBTW: top1=0.402 mean_cost=19.0947 (sbs=19.6697) vs_sbs=-2.92%
    VRPLTW: top1=0.408 mean_cost=17.6839 (sbs=18.5091) vs_sbs=-4.46%
    OVRPBL: top1=0.558 mean_cost=6.3062 (sbs=6.3103) vs_sbs=-0.07%
   OVRPBTW: top1=0.489 mean_cost=10.5003 (sbs=10.5068) vs_sbs=-0.06%
   OVRPLTW: top1=0.489 mean_cost=10.1293 (sbs=10.1272) vs_sbs=+0.02%
   VRPBLTW: top1=0.392 mean_cost=19.0168 (sbs=19.5198) vs_sbs=-2.58%
  OVRPBLTW: top1=0.500 mean_cost=10.5336 (sbs=10.5412) vs_sbs=-0.07%
[epoch done 30] updates=8100 skipped_attempts_total=3 grad=0.7992 elapsed=12.4m
ep031 step008150 loss=0.46412 ce=1.11285 performance=0.21321 lr=0.000107 samples/s=7861 peak_GiB=18.68 time=12.5m
ep031 step008200 loss=0.46970 ce=1.11284 performance=0.22917 lr=0.000107 samples/s=8203 peak_GiB=18.68 time=12.5m
ep031 step008250 loss=0.46627 ce=1.10697 performance=0.22523 lr=0.000107 samples/s=8325 peak_GiB=18.68 time=12.6m
[AMP retry] attempt=1 scale=65536->32768
ep031 step008300 loss=0.46632 ce=1.10855 performance=0.22380 lr=0.000107 samples/s=7846 peak_GiB=18.68 time=12.7m
ep031 step008350 loss=0.46582 ce=1.10779 performance=0.22312 lr=0.000107 samples/s=7984 peak_GiB=18.68 time=12.7m
[eval epoch 31 performance] macro_top1=0.4532 top2=0.7947 top3=0.9122 vs_sbs=-0.953% vbs_closed=+23.55%
          classification_top1=0.4769 performance_top1=0.4532 classification_CE=1.11102 performance_MSE=0.23026
       TSP: top1=0.337 mean_cost=7.9152 (sbs=7.9578) vs_sbs=-0.54%
      CVRP: top1=0.367 mean_cost=18.2500 (sbs=18.2943) vs_sbs=-0.24%
      ATSP: top1=0.776 mean_cost=1.6354 (sbs=1.6735) vs_sbs=-2.28%
      OVRP: top1=0.320 mean_cost=7.4622 (sbs=7.4617) vs_sbs=+0.01%
      VRPB: top1=0.474 mean_cost=9.3540 (sbs=9.3403) vs_sbs=+0.15%
      VRPL: top1=0.293 mean_cost=12.4047 (sbs=12.4072) vs_sbs=-0.02%
     VRPTW: top1=0.445 mean_cost=17.9108 (sbs=18.6571) vs_sbs=-4.00%
    OVRPTW: top1=0.485 mean_cost=10.0467 (sbs=10.0484) vs_sbs=-0.02%
     OVRPB: top1=0.550 mean_cost=6.3219 (sbs=6.3220) vs_sbs=-0.00%
     OVRPL: top1=0.334 mean_cost=7.4362 (sbs=7.4376) vs_sbs=-0.02%
     VRPBL: top1=0.510 mean_cost=9.3624 (sbs=9.3593) vs_sbs=+0.03%
    VRPBTW: top1=0.384 mean_cost=19.1357 (sbs=19.6697) vs_sbs=-2.72%
    VRPLTW: top1=0.429 mean_cost=17.6520 (sbs=18.5091) vs_sbs=-4.63%
    OVRPBL: top1=0.559 mean_cost=6.3091 (sbs=6.3103) vs_sbs=-0.02%
   OVRPBTW: top1=0.472 mean_cost=10.5046 (sbs=10.5068) vs_sbs=-0.02%
   OVRPLTW: top1=0.502 mean_cost=10.1265 (sbs=10.1272) vs_sbs=-0.01%
   VRPBLTW: top1=0.428 mean_cost=18.9701 (sbs=19.5198) vs_sbs=-2.82%
  OVRPBLTW: top1=0.492 mean_cost=10.5387 (sbs=10.5412) vs_sbs=-0.02%
[epoch done 31] updates=8370 skipped_attempts_total=4 grad=0.9004 elapsed=12.8m
ep032 step008400 loss=0.46895 ce=1.11997 performance=0.21987 lr=0.000101 samples/s=8580 peak_GiB=18.68 time=12.8m
ep032 step008450 loss=0.45904 ce=1.09322 performance=0.21833 lr=0.000101 samples/s=8584 peak_GiB=18.68 time=12.9m
ep032 step008500 loss=0.46206 ce=1.09774 performance=0.22242 lr=0.000101 samples/s=8299 peak_GiB=18.68 time=12.9m
ep032 step008550 loss=0.46289 ce=1.10188 performance=0.22065 lr=0.000101 samples/s=8175 peak_GiB=18.68 time=13.0m
ep032 step008600 loss=0.46269 ce=1.10397 performance=0.21798 lr=0.000101 samples/s=8109 peak_GiB=18.68 time=13.1m
[eval epoch 32 performance] macro_top1=0.4598 top2=0.8012 top3=0.9114 vs_sbs=-0.991% vbs_closed=+26.16%
          classification_top1=0.4809 performance_top1=0.4598 classification_CE=1.09816 performance_MSE=0.21576
       TSP: top1=0.347 mean_cost=7.9148 (sbs=7.9578) vs_sbs=-0.54%
      CVRP: top1=0.379 mean_cost=18.2352 (sbs=18.2943) vs_sbs=-0.32%
      ATSP: top1=0.721 mean_cost=1.6373 (sbs=1.6735) vs_sbs=-2.17%
      OVRP: top1=0.321 mean_cost=7.4622 (sbs=7.4617) vs_sbs=+0.01%
      VRPB: top1=0.537 mean_cost=9.3375 (sbs=9.3403) vs_sbs=-0.03%
      VRPL: top1=0.303 mean_cost=12.4058 (sbs=12.4072) vs_sbs=-0.01%
     VRPTW: top1=0.446 mean_cost=17.9028 (sbs=18.6571) vs_sbs=-4.04%
    OVRPTW: top1=0.508 mean_cost=10.0411 (sbs=10.0484) vs_sbs=-0.07%
     OVRPB: top1=0.565 mean_cost=6.3190 (sbs=6.3220) vs_sbs=-0.05%
     OVRPL: top1=0.322 mean_cost=7.4425 (sbs=7.4376) vs_sbs=+0.07%
     VRPBL: top1=0.529 mean_cost=9.3570 (sbs=9.3593) vs_sbs=-0.02%
    VRPBTW: top1=0.417 mean_cost=19.0604 (sbs=19.6697) vs_sbs=-3.10%
    VRPLTW: top1=0.420 mean_cost=17.6593 (sbs=18.5091) vs_sbs=-4.59%
    OVRPBL: top1=0.562 mean_cost=6.3069 (sbs=6.3103) vs_sbs=-0.05%
   OVRPBTW: top1=0.486 mean_cost=10.5011 (sbs=10.5068) vs_sbs=-0.05%
   OVRPLTW: top1=0.503 mean_cost=10.1269 (sbs=10.1272) vs_sbs=-0.00%
   VRPBLTW: top1=0.423 mean_cost=18.9663 (sbs=19.5198) vs_sbs=-2.84%
  OVRPBLTW: top1=0.488 mean_cost=10.5393 (sbs=10.5412) vs_sbs=-0.02%
[save] best.pt epoch=32 val_vs_sbs=-0.99101%
[epoch done 32] updates=8640 skipped_attempts_total=4 grad=0.8258 elapsed=13.2m
ep033 step008650 loss=0.45676 ce=1.11281 performance=0.19221 lr=9.54e-05 samples/s=8558 peak_GiB=18.68 time=13.2m
ep033 step008700 loss=0.46011 ce=1.10364 performance=0.21095 lr=9.54e-05 samples/s=7987 peak_GiB=18.68 time=13.2m
ep033 step008750 loss=0.45487 ce=1.09207 performance=0.20756 lr=9.54e-05 samples/s=8250 peak_GiB=18.68 time=13.3m
ep033 step008800 loss=0.46025 ce=1.10171 performance=0.21330 lr=9.54e-05 samples/s=8127 peak_GiB=18.68 time=13.4m
ep033 step008850 loss=0.45996 ce=1.10005 performance=0.21413 lr=9.54e-05 samples/s=8065 peak_GiB=18.68 time=13.4m
ep033 step008900 loss=0.46222 ce=1.10291 performance=0.21773 lr=9.54e-05 samples/s=8160 peak_GiB=18.68 time=13.5m
[eval epoch 33 performance] macro_top1=0.4521 top2=0.7987 top3=0.9118 vs_sbs=-0.985% vbs_closed=+24.74%
          classification_top1=0.4768 performance_top1=0.4521 classification_CE=1.10453 performance_MSE=0.21993
       TSP: top1=0.342 mean_cost=7.9148 (sbs=7.9578) vs_sbs=-0.54%
      CVRP: top1=0.268 mean_cost=18.2795 (sbs=18.2943) vs_sbs=-0.08%
      ATSP: top1=0.757 mean_cost=1.6364 (sbs=1.6735) vs_sbs=-2.22%
      OVRP: top1=0.303 mean_cost=7.4644 (sbs=7.4617) vs_sbs=+0.04%
      VRPB: top1=0.529 mean_cost=9.3404 (sbs=9.3403) vs_sbs=+0.00%
      VRPL: top1=0.293 mean_cost=12.4060 (sbs=12.4072) vs_sbs=-0.01%
     VRPTW: top1=0.446 mean_cost=17.8962 (sbs=18.6571) vs_sbs=-4.08%
    OVRPTW: top1=0.502 mean_cost=10.0437 (sbs=10.0484) vs_sbs=-0.05%
     OVRPB: top1=0.574 mean_cost=6.3169 (sbs=6.3220) vs_sbs=-0.08%
     OVRPL: top1=0.321 mean_cost=7.4398 (sbs=7.4376) vs_sbs=+0.03%
     VRPBL: top1=0.533 mean_cost=9.3566 (sbs=9.3593) vs_sbs=-0.03%
    VRPBTW: top1=0.412 mean_cost=19.0508 (sbs=19.6697) vs_sbs=-3.15%
    VRPLTW: top1=0.411 mean_cost=17.6607 (sbs=18.5091) vs_sbs=-4.58%
    OVRPBL: top1=0.543 mean_cost=6.3097 (sbs=6.3103) vs_sbs=-0.01%
   OVRPBTW: top1=0.474 mean_cost=10.5059 (sbs=10.5068) vs_sbs=-0.01%
   OVRPLTW: top1=0.495 mean_cost=10.1273 (sbs=10.1272) vs_sbs=+0.00%
   VRPBLTW: top1=0.432 mean_cost=18.9538 (sbs=19.5198) vs_sbs=-2.90%
  OVRPBLTW: top1=0.502 mean_cost=10.5332 (sbs=10.5412) vs_sbs=-0.08%
[epoch done 33] updates=8910 skipped_attempts_total=4 grad=0.8752 elapsed=13.5m
ep034 step008950 loss=0.45494 ce=1.09603 performance=0.20379 lr=8.99e-05 samples/s=8596 peak_GiB=18.68 time=13.6m
ep034 step009000 loss=0.45627 ce=1.09532 performance=0.20830 lr=8.99e-05 samples/s=8184 peak_GiB=18.68 time=13.6m
ep034 step009050 loss=0.45732 ce=1.09596 performance=0.21065 lr=8.99e-05 samples/s=8324 peak_GiB=18.68 time=13.7m
ep034 step009100 loss=0.45975 ce=1.10321 performance=0.21035 lr=8.99e-05 samples/s=8018 peak_GiB=18.68 time=13.8m
ep034 step009150 loss=0.45729 ce=1.09688 performance=0.20966 lr=8.99e-05 samples/s=8134 peak_GiB=18.68 time=13.8m
[eval epoch 34 performance] macro_top1=0.4610 top2=0.7950 top3=0.9117 vs_sbs=-1.003% vbs_closed=+26.70%
          classification_top1=0.4787 performance_top1=0.4610 classification_CE=1.09777 performance_MSE=0.21907
       TSP: top1=0.330 mean_cost=7.9167 (sbs=7.9578) vs_sbs=-0.52%
      CVRP: top1=0.426 mean_cost=18.2204 (sbs=18.2943) vs_sbs=-0.40%
      ATSP: top1=0.734 mean_cost=1.6367 (sbs=1.6735) vs_sbs=-2.20%
      OVRP: top1=0.315 mean_cost=7.4615 (sbs=7.4617) vs_sbs=-0.00%
      VRPB: top1=0.523 mean_cost=9.3406 (sbs=9.3403) vs_sbs=+0.00%
      VRPL: top1=0.296 mean_cost=12.4041 (sbs=12.4072) vs_sbs=-0.03%
     VRPTW: top1=0.439 mean_cost=17.8972 (sbs=18.6571) vs_sbs=-4.07%
    OVRPTW: top1=0.504 mean_cost=10.0421 (sbs=10.0484) vs_sbs=-0.06%
     OVRPB: top1=0.570 mean_cost=6.3191 (sbs=6.3220) vs_sbs=-0.05%
     OVRPL: top1=0.329 mean_cost=7.4411 (sbs=7.4376) vs_sbs=+0.05%
     VRPBL: top1=0.529 mean_cost=9.3582 (sbs=9.3593) vs_sbs=-0.01%
    VRPBTW: top1=0.406 mean_cost=19.0516 (sbs=19.6697) vs_sbs=-3.14%
    VRPLTW: top1=0.417 mean_cost=17.6587 (sbs=18.5091) vs_sbs=-4.59%
    OVRPBL: top1=0.560 mean_cost=6.3077 (sbs=6.3103) vs_sbs=-0.04%
   OVRPBTW: top1=0.475 mean_cost=10.5032 (sbs=10.5068) vs_sbs=-0.03%
   OVRPLTW: top1=0.509 mean_cost=10.1276 (sbs=10.1272) vs_sbs=+0.00%
   VRPBLTW: top1=0.431 mean_cost=18.9558 (sbs=19.5198) vs_sbs=-2.89%
  OVRPBLTW: top1=0.505 mean_cost=10.5336 (sbs=10.5412) vs_sbs=-0.07%
[save] best.pt epoch=34 val_vs_sbs=-1.00326%
[epoch done 34] updates=9180 skipped_attempts_total=4 grad=0.8273 elapsed=13.9m
ep035 step009200 loss=0.44703 ce=1.08498 performance=0.19224 lr=8.44e-05 samples/s=8567 peak_GiB=18.68 time=13.9m
ep035 step009250 loss=0.46084 ce=1.09467 performance=0.22202 lr=8.44e-05 samples/s=8053 peak_GiB=18.68 time=14.0m
ep035 step009300 loss=0.45866 ce=1.09497 performance=0.21548 lr=8.44e-05 samples/s=7982 peak_GiB=18.68 time=14.1m
ep035 step009350 loss=0.45650 ce=1.09453 performance=0.20975 lr=8.44e-05 samples/s=8365 peak_GiB=18.68 time=14.1m
ep035 step009400 loss=0.46005 ce=1.10142 performance=0.21302 lr=8.44e-05 samples/s=8244 peak_GiB=18.68 time=14.2m
ep035 step009450 loss=0.45795 ce=1.09758 performance=0.21086 lr=8.44e-05 samples/s=8172 peak_GiB=18.68 time=14.3m
[eval epoch 35 performance] macro_top1=0.4628 top2=0.7978 top3=0.9088 vs_sbs=-0.984% vbs_closed=+26.05%
          classification_top1=0.4785 performance_top1=0.4628 classification_CE=1.10420 performance_MSE=0.22195
       TSP: top1=0.358 mean_cost=7.9140 (sbs=7.9578) vs_sbs=-0.55%
      CVRP: top1=0.426 mean_cost=18.2214 (sbs=18.2943) vs_sbs=-0.40%
      ATSP: top1=0.766 mean_cost=1.6360 (sbs=1.6735) vs_sbs=-2.24%
      OVRP: top1=0.287 mean_cost=7.4661 (sbs=7.4617) vs_sbs=+0.06%
      VRPB: top1=0.541 mean_cost=9.3373 (sbs=9.3403) vs_sbs=-0.03%
      VRPL: top1=0.296 mean_cost=12.4114 (sbs=12.4072) vs_sbs=+0.03%
     VRPTW: top1=0.417 mean_cost=17.9324 (sbs=18.6571) vs_sbs=-3.88%
    OVRPTW: top1=0.484 mean_cost=10.0476 (sbs=10.0484) vs_sbs=-0.01%
     OVRPB: top1=0.581 mean_cost=6.3163 (sbs=6.3220) vs_sbs=-0.09%
     OVRPL: top1=0.336 mean_cost=7.4386 (sbs=7.4376) vs_sbs=+0.01%
     VRPBL: top1=0.515 mean_cost=9.3597 (sbs=9.3593) vs_sbs=+0.00%
    VRPBTW: top1=0.411 mean_cost=19.0927 (sbs=19.6697) vs_sbs=-2.93%
    VRPLTW: top1=0.417 mean_cost=17.6583 (sbs=18.5091) vs_sbs=-4.60%
    OVRPBL: top1=0.553 mean_cost=6.3068 (sbs=6.3103) vs_sbs=-0.06%
   OVRPBTW: top1=0.500 mean_cost=10.4959 (sbs=10.5068) vs_sbs=-0.10%
   OVRPLTW: top1=0.489 mean_cost=10.1291 (sbs=10.1272) vs_sbs=+0.02%
   VRPBLTW: top1=0.434 mean_cost=18.9633 (sbs=19.5198) vs_sbs=-2.85%
  OVRPBLTW: top1=0.520 mean_cost=10.5315 (sbs=10.5412) vs_sbs=-0.09%
[epoch done 35] updates=9450 skipped_attempts_total=4 grad=0.8436 elapsed=14.4m
ep036 step009500 loss=0.46169 ce=1.11564 performance=0.20349 lr=7.9e-05 samples/s=7856 peak_GiB=18.68 time=14.5m
ep036 step009550 loss=0.45288 ce=1.09267 performance=0.20127 lr=7.9e-05 samples/s=8214 peak_GiB=18.68 time=14.6m
ep036 step009600 loss=0.45167 ce=1.08908 performance=0.20139 lr=7.9e-05 samples/s=8099 peak_GiB=18.68 time=14.7m
ep036 step009650 loss=0.45272 ce=1.08975 performance=0.20375 lr=7.9e-05 samples/s=8216 peak_GiB=18.68 time=14.7m
ep036 step009700 loss=0.45481 ce=1.09439 performance=0.20508 lr=7.9e-05 samples/s=8145 peak_GiB=18.68 time=14.8m
[eval epoch 36 performance] macro_top1=0.4614 top2=0.7971 top3=0.9136 vs_sbs=-1.005% vbs_closed=+26.92%
          classification_top1=0.4809 performance_top1=0.4614 classification_CE=1.09695 performance_MSE=0.21486
       TSP: top1=0.352 mean_cost=7.9138 (sbs=7.9578) vs_sbs=-0.55%
      CVRP: top1=0.426 mean_cost=18.2255 (sbs=18.2943) vs_sbs=-0.38%
      ATSP: top1=0.733 mean_cost=1.6369 (sbs=1.6735) vs_sbs=-2.19%
      OVRP: top1=0.309 mean_cost=7.4614 (sbs=7.4617) vs_sbs=-0.00%
      VRPB: top1=0.518 mean_cost=9.3403 (sbs=9.3403) vs_sbs=+0.00%
      VRPL: top1=0.290 mean_cost=12.4049 (sbs=12.4072) vs_sbs=-0.02%
     VRPTW: top1=0.441 mean_cost=17.9010 (sbs=18.6571) vs_sbs=-4.05%
    OVRPTW: top1=0.475 mean_cost=10.0480 (sbs=10.0484) vs_sbs=-0.00%
     OVRPB: top1=0.569 mean_cost=6.3209 (sbs=6.3220) vs_sbs=-0.02%
     OVRPL: top1=0.340 mean_cost=7.4368 (sbs=7.4376) vs_sbs=-0.01%
     VRPBL: top1=0.534 mean_cost=9.3560 (sbs=9.3593) vs_sbs=-0.04%
    VRPBTW: top1=0.416 mean_cost=19.0499 (sbs=19.6697) vs_sbs=-3.15%
    VRPLTW: top1=0.415 mean_cost=17.6574 (sbs=18.5091) vs_sbs=-4.60%
    OVRPBL: top1=0.555 mean_cost=6.3070 (sbs=6.3103) vs_sbs=-0.05%
   OVRPBTW: top1=0.491 mean_cost=10.4971 (sbs=10.5068) vs_sbs=-0.09%
   OVRPLTW: top1=0.491 mean_cost=10.1281 (sbs=10.1272) vs_sbs=+0.01%
   VRPBLTW: top1=0.444 mean_cost=18.9544 (sbs=19.5198) vs_sbs=-2.90%
  OVRPBLTW: top1=0.506 mean_cost=10.5357 (sbs=10.5412) vs_sbs=-0.05%
[save] best.pt epoch=36 val_vs_sbs=-1.00524%
[epoch done 36] updates=9720 skipped_attempts_total=4 grad=0.7860 elapsed=14.8m
ep037 step009750 loss=0.44864 ce=1.08853 performance=0.19329 lr=7.36e-05 samples/s=8584 peak_GiB=18.68 time=14.9m
ep037 step009800 loss=0.44557 ce=1.07781 performance=0.19523 lr=7.36e-05 samples/s=8135 peak_GiB=18.68 time=14.9m
ep037 step009850 loss=0.44890 ce=1.08102 performance=0.20155 lr=7.36e-05 samples/s=8302 peak_GiB=18.68 time=15.0m
ep037 step009900 loss=0.45164 ce=1.08837 performance=0.20204 lr=7.36e-05 samples/s=8182 peak_GiB=18.68 time=15.1m
ep037 step009950 loss=0.45211 ce=1.08856 performance=0.20318 lr=7.36e-05 samples/s=8115 peak_GiB=18.68 time=15.1m
[eval epoch 37 performance] macro_top1=0.4638 top2=0.8011 top3=0.9103 vs_sbs=-1.005% vbs_closed=+26.49%
          classification_top1=0.4797 performance_top1=0.4638 classification_CE=1.09733 performance_MSE=0.21053
       TSP: top1=0.330 mean_cost=7.9161 (sbs=7.9578) vs_sbs=-0.52%
      CVRP: top1=0.415 mean_cost=18.2303 (sbs=18.2943) vs_sbs=-0.35%
      ATSP: top1=0.758 mean_cost=1.6364 (sbs=1.6735) vs_sbs=-2.22%
      OVRP: top1=0.325 mean_cost=7.4619 (sbs=7.4617) vs_sbs=+0.00%
      VRPB: top1=0.515 mean_cost=9.3387 (sbs=9.3403) vs_sbs=-0.02%
      VRPL: top1=0.326 mean_cost=12.4027 (sbs=12.4072) vs_sbs=-0.04%
     VRPTW: top1=0.449 mean_cost=17.8959 (sbs=18.6571) vs_sbs=-4.08%
    OVRPTW: top1=0.477 mean_cost=10.0473 (sbs=10.0484) vs_sbs=-0.01%
     OVRPB: top1=0.579 mean_cost=6.3191 (sbs=6.3220) vs_sbs=-0.05%
     OVRPL: top1=0.337 mean_cost=7.4420 (sbs=7.4376) vs_sbs=+0.06%
     VRPBL: top1=0.534 mean_cost=9.3562 (sbs=9.3593) vs_sbs=-0.03%
    VRPBTW: top1=0.428 mean_cost=19.0443 (sbs=19.6697) vs_sbs=-3.18%
    VRPLTW: top1=0.419 mean_cost=17.6559 (sbs=18.5091) vs_sbs=-4.61%
    OVRPBL: top1=0.553 mean_cost=6.3067 (sbs=6.3103) vs_sbs=-0.06%
   OVRPBTW: top1=0.474 mean_cost=10.5032 (sbs=10.5068) vs_sbs=-0.03%
   OVRPLTW: top1=0.489 mean_cost=10.1304 (sbs=10.1272) vs_sbs=+0.03%
   VRPBLTW: top1=0.432 mean_cost=18.9544 (sbs=19.5198) vs_sbs=-2.90%
  OVRPBLTW: top1=0.508 mean_cost=10.5323 (sbs=10.5412) vs_sbs=-0.08%
[epoch done 37] updates=9990 skipped_attempts_total=4 grad=0.7885 elapsed=15.2m
ep038 step010000 loss=0.50042 ce=1.21141 performance=0.21835 lr=6.83e-05 samples/s=5892 peak_GiB=18.68 time=15.2m
ep038 step010050 loss=0.45887 ce=1.10467 performance=0.20639 lr=6.83e-05 samples/s=7991 peak_GiB=18.68 time=15.3m
ep038 step010100 loss=0.45220 ce=1.08989 performance=0.20211 lr=6.83e-05 samples/s=7940 peak_GiB=18.68 time=15.4m
ep038 step010150 loss=0.45210 ce=1.09262 performance=0.19910 lr=6.83e-05 samples/s=8133 peak_GiB=18.68 time=15.4m
ep038 step010200 loss=0.45015 ce=1.08641 performance=0.19973 lr=6.83e-05 samples/s=8240 peak_GiB=18.68 time=15.5m
ep038 step010250 loss=0.45027 ce=1.08612 performance=0.20037 lr=6.83e-05 samples/s=8170 peak_GiB=18.68 time=15.6m
[eval epoch 38 performance] macro_top1=0.4656 top2=0.8009 top3=0.9136 vs_sbs=-1.004% vbs_closed=+26.36%
          classification_top1=0.4840 performance_top1=0.4656 classification_CE=1.09399 performance_MSE=0.21298
       TSP: top1=0.349 mean_cost=7.9140 (sbs=7.9578) vs_sbs=-0.55%
      CVRP: top1=0.445 mean_cost=18.2127 (sbs=18.2943) vs_sbs=-0.45%
      ATSP: top1=0.775 mean_cost=1.6355 (sbs=1.6735) vs_sbs=-2.27%
      OVRP: top1=0.329 mean_cost=7.4624 (sbs=7.4617) vs_sbs=+0.01%
      VRPB: top1=0.513 mean_cost=9.3406 (sbs=9.3403) vs_sbs=+0.00%
      VRPL: top1=0.301 mean_cost=12.4044 (sbs=12.4072) vs_sbs=-0.02%
     VRPTW: top1=0.443 mean_cost=17.8924 (sbs=18.6571) vs_sbs=-4.10%
    OVRPTW: top1=0.484 mean_cost=10.0494 (sbs=10.0484) vs_sbs=+0.01%
     OVRPB: top1=0.575 mean_cost=6.3180 (sbs=6.3220) vs_sbs=-0.06%
     OVRPL: top1=0.331 mean_cost=7.4417 (sbs=7.4376) vs_sbs=+0.06%
     VRPBL: top1=0.529 mean_cost=9.3592 (sbs=9.3593) vs_sbs=-0.00%
    VRPBTW: top1=0.421 mean_cost=19.0459 (sbs=19.6697) vs_sbs=-3.17%
    VRPLTW: top1=0.435 mean_cost=17.6565 (sbs=18.5091) vs_sbs=-4.61%
    OVRPBL: top1=0.541 mean_cost=6.3066 (sbs=6.3103) vs_sbs=-0.06%
   OVRPBTW: top1=0.494 mean_cost=10.5034 (sbs=10.5068) vs_sbs=-0.03%
   OVRPLTW: top1=0.492 mean_cost=10.1293 (sbs=10.1272) vs_sbs=+0.02%
   VRPBLTW: top1=0.426 mean_cost=18.9660 (sbs=19.5198) vs_sbs=-2.84%
  OVRPBLTW: top1=0.497 mean_cost=10.5397 (sbs=10.5412) vs_sbs=-0.01%
[epoch done 38] updates=10260 skipped_attempts_total=4 grad=0.7435 elapsed=15.6m
ep039 step010300 loss=0.43573 ce=1.05394 performance=0.19099 lr=6.31e-05 samples/s=8577 peak_GiB=18.68 time=15.6m
ep039 step010350 loss=0.44933 ce=1.08486 performance=0.19895 lr=6.31e-05 samples/s=8174 peak_GiB=18.68 time=15.7m
ep039 step010400 loss=0.44993 ce=1.08896 performance=0.19656 lr=6.31e-05 samples/s=8066 peak_GiB=18.68 time=15.8m
ep039 step010450 loss=0.45213 ce=1.09468 performance=0.19714 lr=6.31e-05 samples/s=8018 peak_GiB=18.68 time=15.8m
ep039 step010500 loss=0.44929 ce=1.08843 performance=0.19526 lr=6.31e-05 samples/s=8277 peak_GiB=18.68 time=15.9m
[eval epoch 39 performance] macro_top1=0.4630 top2=0.7972 top3=0.9136 vs_sbs=-0.991% vbs_closed=+26.36%
          classification_top1=0.4797 performance_top1=0.4630 classification_CE=1.10420 performance_MSE=0.21730
       TSP: top1=0.372 mean_cost=7.9133 (sbs=7.9578) vs_sbs=-0.56%
      CVRP: top1=0.422 mean_cost=18.2302 (sbs=18.2943) vs_sbs=-0.35%
      ATSP: top1=0.753 mean_cost=1.6364 (sbs=1.6735) vs_sbs=-2.22%
      OVRP: top1=0.333 mean_cost=7.4613 (sbs=7.4617) vs_sbs=-0.00%
      VRPB: top1=0.511 mean_cost=9.3400 (sbs=9.3403) vs_sbs=-0.00%
      VRPL: top1=0.292 mean_cost=12.4057 (sbs=12.4072) vs_sbs=-0.01%
     VRPTW: top1=0.450 mean_cost=17.9050 (sbs=18.6571) vs_sbs=-4.03%
    OVRPTW: top1=0.480 mean_cost=10.0481 (sbs=10.0484) vs_sbs=-0.00%
     OVRPB: top1=0.577 mean_cost=6.3182 (sbs=6.3220) vs_sbs=-0.06%
     OVRPL: top1=0.343 mean_cost=7.4389 (sbs=7.4376) vs_sbs=+0.02%
     VRPBL: top1=0.521 mean_cost=9.3591 (sbs=9.3593) vs_sbs=-0.00%
    VRPBTW: top1=0.415 mean_cost=19.0559 (sbs=19.6697) vs_sbs=-3.12%
    VRPLTW: top1=0.403 mean_cost=17.6778 (sbs=18.5091) vs_sbs=-4.49%
    OVRPBL: top1=0.557 mean_cost=6.3052 (sbs=6.3103) vs_sbs=-0.08%
   OVRPBTW: top1=0.487 mean_cost=10.5021 (sbs=10.5068) vs_sbs=-0.04%
   OVRPLTW: top1=0.503 mean_cost=10.1266 (sbs=10.1272) vs_sbs=-0.01%
   VRPBLTW: top1=0.430 mean_cost=18.9650 (sbs=19.5198) vs_sbs=-2.84%
  OVRPBLTW: top1=0.485 mean_cost=10.5374 (sbs=10.5412) vs_sbs=-0.04%
[epoch done 39] updates=10530 skipped_attempts_total=4 grad=0.7313 elapsed=16.0m
ep040 step010550 loss=0.44954 ce=1.09270 performance=0.19170 lr=5.8e-05 samples/s=8542 peak_GiB=18.68 time=16.0m
ep040 step010600 loss=0.45022 ce=1.08717 performance=0.19917 lr=5.8e-05 samples/s=8056 peak_GiB=18.68 time=16.1m
ep040 step010650 loss=0.45249 ce=1.09138 performance=0.20145 lr=5.8e-05 samples/s=7981 peak_GiB=18.68 time=16.1m
ep040 step010700 loss=0.44734 ce=1.08072 performance=0.19740 lr=5.8e-05 samples/s=8363 peak_GiB=18.68 time=16.2m
ep040 step010750 loss=0.44797 ce=1.08191 performance=0.19800 lr=5.8e-05 samples/s=8247 peak_GiB=18.68 time=16.3m
ep040 step010800 loss=0.44787 ce=1.08376 performance=0.19586 lr=5.8e-05 samples/s=8177 peak_GiB=18.68 time=16.3m
[eval epoch 40 performance] macro_top1=0.4645 top2=0.8020 top3=0.9139 vs_sbs=-1.015% vbs_closed=+27.10%
          classification_top1=0.4843 performance_top1=0.4645 classification_CE=1.09388 performance_MSE=0.21115
       TSP: top1=0.359 mean_cost=7.9146 (sbs=7.9578) vs_sbs=-0.54%
      CVRP: top1=0.436 mean_cost=18.2214 (sbs=18.2943) vs_sbs=-0.40%
      ATSP: top1=0.764 mean_cost=1.6359 (sbs=1.6735) vs_sbs=-2.25%
      OVRP: top1=0.319 mean_cost=7.4608 (sbs=7.4617) vs_sbs=-0.01%
      VRPB: top1=0.513 mean_cost=9.3422 (sbs=9.3403) vs_sbs=+0.02%
      VRPL: top1=0.303 mean_cost=12.4035 (sbs=12.4072) vs_sbs=-0.03%
     VRPTW: top1=0.449 mean_cost=17.8897 (sbs=18.6571) vs_sbs=-4.11%
    OVRPTW: top1=0.498 mean_cost=10.0431 (sbs=10.0484) vs_sbs=-0.05%
     OVRPB: top1=0.575 mean_cost=6.3171 (sbs=6.3220) vs_sbs=-0.08%
     OVRPL: top1=0.339 mean_cost=7.4373 (sbs=7.4376) vs_sbs=-0.00%
     VRPBL: top1=0.513 mean_cost=9.3619 (sbs=9.3593) vs_sbs=+0.03%
    VRPBTW: top1=0.409 mean_cost=19.0578 (sbs=19.6697) vs_sbs=-3.11%
    VRPLTW: top1=0.432 mean_cost=17.6420 (sbs=18.5091) vs_sbs=-4.68%
    OVRPBL: top1=0.552 mean_cost=6.3057 (sbs=6.3103) vs_sbs=-0.07%
   OVRPBTW: top1=0.465 mean_cost=10.5050 (sbs=10.5068) vs_sbs=-0.02%
   OVRPLTW: top1=0.501 mean_cost=10.1288 (sbs=10.1272) vs_sbs=+0.02%
   VRPBLTW: top1=0.434 mean_cost=18.9494 (sbs=19.5198) vs_sbs=-2.92%
  OVRPBLTW: top1=0.500 mean_cost=10.5368 (sbs=10.5412) vs_sbs=-0.04%
[save] best.pt epoch=40 val_vs_sbs=-1.01453%
[epoch done 40] updates=10800 skipped_attempts_total=4 grad=0.6984 elapsed=16.5m
ep041 step010850 loss=0.44851 ce=1.09196 performance=0.18948 lr=5.31e-05 samples/s=7869 peak_GiB=18.68 time=16.6m
ep041 step010900 loss=0.44423 ce=1.08071 performance=0.18850 lr=5.31e-05 samples/s=8219 peak_GiB=18.68 time=16.7m
ep041 step010950 loss=0.44422 ce=1.07964 performance=0.18956 lr=5.31e-05 samples/s=8342 peak_GiB=18.68 time=16.7m
ep041 step011000 loss=0.44726 ce=1.08623 performance=0.19164 lr=5.31e-05 samples/s=7879 peak_GiB=18.68 time=16.8m
ep041 step011050 loss=0.44470 ce=1.07936 performance=0.19121 lr=5.31e-05 samples/s=8152 peak_GiB=18.68 time=16.9m
[eval epoch 41 performance] macro_top1=0.4656 top2=0.8044 top3=0.9156 vs_sbs=-1.013% vbs_closed=+26.49%
          classification_top1=0.4842 performance_top1=0.4656 classification_CE=1.09464 performance_MSE=0.21640
       TSP: top1=0.367 mean_cost=7.9141 (sbs=7.9578) vs_sbs=-0.55%
      CVRP: top1=0.444 mean_cost=18.2191 (sbs=18.2943) vs_sbs=-0.41%
      ATSP: top1=0.778 mean_cost=1.6351 (sbs=1.6735) vs_sbs=-2.30%
      OVRP: top1=0.330 mean_cost=7.4644 (sbs=7.4617) vs_sbs=+0.04%
      VRPB: top1=0.505 mean_cost=9.3418 (sbs=9.3403) vs_sbs=+0.02%
      VRPL: top1=0.296 mean_cost=12.4045 (sbs=12.4072) vs_sbs=-0.02%
     VRPTW: top1=0.447 mean_cost=17.8879 (sbs=18.6571) vs_sbs=-4.12%
    OVRPTW: top1=0.491 mean_cost=10.0448 (sbs=10.0484) vs_sbs=-0.04%
     OVRPB: top1=0.560 mean_cost=6.3194 (sbs=6.3220) vs_sbs=-0.04%
     OVRPL: top1=0.321 mean_cost=7.4411 (sbs=7.4376) vs_sbs=+0.05%
     VRPBL: top1=0.521 mean_cost=9.3598 (sbs=9.3593) vs_sbs=+0.01%
    VRPBTW: top1=0.428 mean_cost=19.0450 (sbs=19.6697) vs_sbs=-3.18%
    VRPLTW: top1=0.427 mean_cost=17.6495 (sbs=18.5091) vs_sbs=-4.64%
    OVRPBL: top1=0.551 mean_cost=6.3075 (sbs=6.3103) vs_sbs=-0.04%
   OVRPBTW: top1=0.485 mean_cost=10.5002 (sbs=10.5068) vs_sbs=-0.06%
   OVRPLTW: top1=0.501 mean_cost=10.1292 (sbs=10.1272) vs_sbs=+0.02%
   VRPBLTW: top1=0.432 mean_cost=18.9550 (sbs=19.5198) vs_sbs=-2.89%
  OVRPBLTW: top1=0.497 mean_cost=10.5353 (sbs=10.5412) vs_sbs=-0.06%
[epoch done 41] updates=11070 skipped_attempts_total=4 grad=0.6918 elapsed=16.9m
ep042 step011100 loss=0.43994 ce=1.07586 performance=0.18112 lr=4.83e-05 samples/s=7456 peak_GiB=18.68 time=17.0m
ep042 step011150 loss=0.44613 ce=1.08435 performance=0.19029 lr=4.83e-05 samples/s=8575 peak_GiB=18.68 time=17.0m
ep042 step011200 loss=0.44300 ce=1.07782 performance=0.18789 lr=4.83e-05 samples/s=8292 peak_GiB=18.68 time=17.1m
ep042 step011250 loss=0.44387 ce=1.08089 performance=0.18731 lr=4.83e-05 samples/s=8172 peak_GiB=18.68 time=17.1m
ep042 step011300 loss=0.44339 ce=1.07872 performance=0.18810 lr=4.83e-05 samples/s=8261 peak_GiB=18.68 time=17.2m
[eval epoch 42 performance] macro_top1=0.4651 top2=0.8011 top3=0.9132 vs_sbs=-1.027% vbs_closed=+27.45%
          classification_top1=0.4844 performance_top1=0.4651 classification_CE=1.09283 performance_MSE=0.22491
       TSP: top1=0.342 mean_cost=7.9147 (sbs=7.9578) vs_sbs=-0.54%
      CVRP: top1=0.431 mean_cost=18.2183 (sbs=18.2943) vs_sbs=-0.42%
      ATSP: top1=0.773 mean_cost=1.6354 (sbs=1.6735) vs_sbs=-2.28%
      OVRP: top1=0.320 mean_cost=7.4612 (sbs=7.4617) vs_sbs=-0.01%
      VRPB: top1=0.530 mean_cost=9.3388 (sbs=9.3403) vs_sbs=-0.02%
      VRPL: top1=0.296 mean_cost=12.4053 (sbs=12.4072) vs_sbs=-0.02%
     VRPTW: top1=0.458 mean_cost=17.8822 (sbs=18.6571) vs_sbs=-4.15%
    OVRPTW: top1=0.485 mean_cost=10.0448 (sbs=10.0484) vs_sbs=-0.04%
     OVRPB: top1=0.572 mean_cost=6.3180 (sbs=6.3220) vs_sbs=-0.06%
     OVRPL: top1=0.329 mean_cost=7.4394 (sbs=7.4376) vs_sbs=+0.02%
     VRPBL: top1=0.517 mean_cost=9.3606 (sbs=9.3593) vs_sbs=+0.01%
    VRPBTW: top1=0.419 mean_cost=19.0431 (sbs=19.6697) vs_sbs=-3.19%
    VRPLTW: top1=0.433 mean_cost=17.6410 (sbs=18.5091) vs_sbs=-4.69%
    OVRPBL: top1=0.547 mean_cost=6.3062 (sbs=6.3103) vs_sbs=-0.06%
   OVRPBTW: top1=0.483 mean_cost=10.5020 (sbs=10.5068) vs_sbs=-0.05%
   OVRPLTW: top1=0.496 mean_cost=10.1279 (sbs=10.1272) vs_sbs=+0.01%
   VRPBLTW: top1=0.438 mean_cost=18.9414 (sbs=19.5198) vs_sbs=-2.96%
  OVRPBLTW: top1=0.502 mean_cost=10.5349 (sbs=10.5412) vs_sbs=-0.06%
[save] best.pt epoch=42 val_vs_sbs=-1.02712%
[epoch done 42] updates=11340 skipped_attempts_total=4 grad=0.6833 elapsed=17.3m
ep043 step011350 loss=0.42982 ce=1.08066 performance=0.14740 lr=4.37e-05 samples/s=8546 peak_GiB=18.68 time=17.3m
ep043 step011400 loss=0.44614 ce=1.08360 performance=0.19109 lr=4.37e-05 samples/s=7975 peak_GiB=18.68 time=17.4m
ep043 step011450 loss=0.44308 ce=1.07987 performance=0.18608 lr=4.37e-05 samples/s=8242 peak_GiB=18.68 time=17.4m
ep043 step011500 loss=0.44289 ce=1.07821 performance=0.18720 lr=4.37e-05 samples/s=8128 peak_GiB=18.68 time=17.5m
ep043 step011550 loss=0.44150 ce=1.07467 performance=0.18677 lr=4.37e-05 samples/s=8234 peak_GiB=18.68 time=17.6m
ep043 step011600 loss=0.44121 ce=1.07379 performance=0.18681 lr=4.37e-05 samples/s=8300 peak_GiB=18.68 time=17.6m
[eval epoch 43 performance] macro_top1=0.4616 top2=0.8032 top3=0.9144 vs_sbs=-1.009% vbs_closed=+26.77%
          classification_top1=0.4855 performance_top1=0.4616 classification_CE=1.09319 performance_MSE=0.20883
       TSP: top1=0.344 mean_cost=7.9151 (sbs=7.9578) vs_sbs=-0.54%
      CVRP: top1=0.434 mean_cost=18.2174 (sbs=18.2943) vs_sbs=-0.42%
      ATSP: top1=0.779 mean_cost=1.6348 (sbs=1.6735) vs_sbs=-2.31%
      OVRP: top1=0.319 mean_cost=7.4600 (sbs=7.4617) vs_sbs=-0.02%
      VRPB: top1=0.510 mean_cost=9.3414 (sbs=9.3403) vs_sbs=+0.01%
      VRPL: top1=0.288 mean_cost=12.4043 (sbs=12.4072) vs_sbs=-0.02%
     VRPTW: top1=0.433 mean_cost=17.8996 (sbs=18.6571) vs_sbs=-4.06%
    OVRPTW: top1=0.496 mean_cost=10.0437 (sbs=10.0484) vs_sbs=-0.05%
     OVRPB: top1=0.587 mean_cost=6.3170 (sbs=6.3220) vs_sbs=-0.08%
     OVRPL: top1=0.324 mean_cost=7.4394 (sbs=7.4376) vs_sbs=+0.02%
     VRPBL: top1=0.519 mean_cost=9.3637 (sbs=9.3593) vs_sbs=+0.05%
    VRPBTW: top1=0.410 mean_cost=19.0465 (sbs=19.6697) vs_sbs=-3.17%
    VRPLTW: top1=0.423 mean_cost=17.6547 (sbs=18.5091) vs_sbs=-4.62%
    OVRPBL: top1=0.557 mean_cost=6.3062 (sbs=6.3103) vs_sbs=-0.06%
   OVRPBTW: top1=0.474 mean_cost=10.5044 (sbs=10.5068) vs_sbs=-0.02%
   OVRPLTW: top1=0.480 mean_cost=10.1315 (sbs=10.1272) vs_sbs=+0.04%
   VRPBLTW: top1=0.434 mean_cost=18.9594 (sbs=19.5198) vs_sbs=-2.87%
  OVRPBLTW: top1=0.498 mean_cost=10.5360 (sbs=10.5412) vs_sbs=-0.05%
[epoch done 43] updates=11610 skipped_attempts_total=4 grad=0.6293 elapsed=17.7m
ep044 step011650 loss=0.44294 ce=1.06583 performance=0.19971 lr=3.93e-05 samples/s=8590 peak_GiB=18.68 time=17.7m
ep044 step011700 loss=0.44258 ce=1.07567 performance=0.18885 lr=3.93e-05 samples/s=8177 peak_GiB=18.68 time=17.8m
ep044 step011750 loss=0.44143 ce=1.07593 performance=0.18528 lr=3.93e-05 samples/s=8595 peak_GiB=18.68 time=17.8m
ep044 step011800 loss=0.44306 ce=1.07867 performance=0.18721 lr=3.93e-05 samples/s=8395 peak_GiB=18.68 time=17.9m
ep044 step011850 loss=0.44445 ce=1.08181 performance=0.18805 lr=3.93e-05 samples/s=7993 peak_GiB=18.68 time=18.0m
[eval epoch 44 performance] macro_top1=0.4653 top2=0.8035 top3=0.9161 vs_sbs=-1.025% vbs_closed=+27.83%
          classification_top1=0.4821 performance_top1=0.4653 classification_CE=1.09608 performance_MSE=0.20763
       TSP: top1=0.342 mean_cost=7.9146 (sbs=7.9578) vs_sbs=-0.54%
      CVRP: top1=0.437 mean_cost=18.2196 (sbs=18.2943) vs_sbs=-0.41%
      ATSP: top1=0.775 mean_cost=1.6354 (sbs=1.6735) vs_sbs=-2.28%
      OVRP: top1=0.322 mean_cost=7.4609 (sbs=7.4617) vs_sbs=-0.01%
      VRPB: top1=0.525 mean_cost=9.3375 (sbs=9.3403) vs_sbs=-0.03%
      VRPL: top1=0.281 mean_cost=12.4050 (sbs=12.4072) vs_sbs=-0.02%
     VRPTW: top1=0.451 mean_cost=17.8891 (sbs=18.6571) vs_sbs=-4.12%
    OVRPTW: top1=0.497 mean_cost=10.0404 (sbs=10.0484) vs_sbs=-0.08%
     OVRPB: top1=0.574 mean_cost=6.3174 (sbs=6.3220) vs_sbs=-0.07%
     OVRPL: top1=0.334 mean_cost=7.4367 (sbs=7.4376) vs_sbs=-0.01%
     VRPBL: top1=0.520 mean_cost=9.3605 (sbs=9.3593) vs_sbs=+0.01%
    VRPBTW: top1=0.415 mean_cost=19.0483 (sbs=19.6697) vs_sbs=-3.16%
    VRPLTW: top1=0.445 mean_cost=17.6330 (sbs=18.5091) vs_sbs=-4.73%
    OVRPBL: top1=0.557 mean_cost=6.3070 (sbs=6.3103) vs_sbs=-0.05%
   OVRPBTW: top1=0.485 mean_cost=10.5018 (sbs=10.5068) vs_sbs=-0.05%
   OVRPLTW: top1=0.495 mean_cost=10.1291 (sbs=10.1272) vs_sbs=+0.02%
   VRPBLTW: top1=0.430 mean_cost=18.9578 (sbs=19.5198) vs_sbs=-2.88%
  OVRPBLTW: top1=0.491 mean_cost=10.5363 (sbs=10.5412) vs_sbs=-0.05%
[epoch done 44] updates=11880 skipped_attempts_total=4 grad=0.6797 elapsed=18.0m
ep045 step011900 loss=0.44060 ce=1.07919 performance=0.17966 lr=3.5e-05 samples/s=8561 peak_GiB=18.68 time=18.1m
ep045 step011950 loss=0.44369 ce=1.07617 performance=0.19151 lr=3.5e-05 samples/s=8057 peak_GiB=18.68 time=18.1m
ep045 step012000 loss=0.44412 ce=1.08036 performance=0.18857 lr=3.5e-05 samples/s=7981 peak_GiB=18.68 time=18.2m
ep045 step012050 loss=0.44124 ce=1.07789 performance=0.18279 lr=3.5e-05 samples/s=8363 peak_GiB=18.68 time=18.3m
ep045 step012100 loss=0.44141 ce=1.07564 performance=0.18552 lr=3.5e-05 samples/s=8247 peak_GiB=18.68 time=18.3m
ep045 step012150 loss=0.44135 ce=1.07653 performance=0.18447 lr=3.5e-05 samples/s=8174 peak_GiB=18.68 time=18.4m
[eval epoch 45 performance] macro_top1=0.4668 top2=0.8017 top3=0.9149 vs_sbs=-1.023% vbs_closed=+27.53%
          classification_top1=0.4858 performance_top1=0.4668 classification_CE=1.09225 performance_MSE=0.21056
       TSP: top1=0.342 mean_cost=7.9154 (sbs=7.9578) vs_sbs=-0.53%
      CVRP: top1=0.443 mean_cost=18.2141 (sbs=18.2943) vs_sbs=-0.44%
      ATSP: top1=0.766 mean_cost=1.6357 (sbs=1.6735) vs_sbs=-2.26%
      OVRP: top1=0.323 mean_cost=7.4588 (sbs=7.4617) vs_sbs=-0.04%
      VRPB: top1=0.524 mean_cost=9.3386 (sbs=9.3403) vs_sbs=-0.02%
      VRPL: top1=0.282 mean_cost=12.4061 (sbs=12.4072) vs_sbs=-0.01%
     VRPTW: top1=0.451 mean_cost=17.8865 (sbs=18.6571) vs_sbs=-4.13%
    OVRPTW: top1=0.491 mean_cost=10.0467 (sbs=10.0484) vs_sbs=-0.02%
     OVRPB: top1=0.586 mean_cost=6.3152 (sbs=6.3220) vs_sbs=-0.11%
     OVRPL: top1=0.336 mean_cost=7.4381 (sbs=7.4376) vs_sbs=+0.01%
     VRPBL: top1=0.526 mean_cost=9.3600 (sbs=9.3593) vs_sbs=+0.01%
    VRPBTW: top1=0.423 mean_cost=19.0452 (sbs=19.6697) vs_sbs=-3.17%
    VRPLTW: top1=0.430 mean_cost=17.6432 (sbs=18.5091) vs_sbs=-4.68%
    OVRPBL: top1=0.563 mean_cost=6.3063 (sbs=6.3103) vs_sbs=-0.06%
   OVRPBTW: top1=0.485 mean_cost=10.5040 (sbs=10.5068) vs_sbs=-0.03%
   OVRPLTW: top1=0.490 mean_cost=10.1326 (sbs=10.1272) vs_sbs=+0.05%
   VRPBLTW: top1=0.442 mean_cost=18.9488 (sbs=19.5198) vs_sbs=-2.93%
  OVRPBLTW: top1=0.500 mean_cost=10.5342 (sbs=10.5412) vs_sbs=-0.07%
[epoch done 45] updates=12150 skipped_attempts_total=4 grad=0.6099 elapsed=18.6m
ep046 step012200 loss=0.43885 ce=1.07180 performance=0.18205 lr=3.1e-05 samples/s=8581 peak_GiB=18.68 time=18.7m
ep046 step012250 loss=0.44630 ce=1.09146 performance=0.18368 lr=3.1e-05 samples/s=7869 peak_GiB=18.68 time=18.7m
ep046 step012300 loss=0.44074 ce=1.07861 performance=0.18065 lr=3.1e-05 samples/s=8091 peak_GiB=18.68 time=18.8m
ep046 step012350 loss=0.43954 ce=1.07345 performance=0.18239 lr=3.1e-05 samples/s=8209 peak_GiB=18.68 time=18.9m
ep046 step012400 loss=0.44069 ce=1.07701 performance=0.18210 lr=3.1e-05 samples/s=8139 peak_GiB=18.68 time=18.9m
[eval epoch 46 performance] macro_top1=0.4661 top2=0.8034 top3=0.9128 vs_sbs=-1.029% vbs_closed=+27.37%
          classification_top1=0.4835 performance_top1=0.4661 classification_CE=1.09057 performance_MSE=0.21536
       TSP: top1=0.338 mean_cost=7.9155 (sbs=7.9578) vs_sbs=-0.53%
      CVRP: top1=0.451 mean_cost=18.2154 (sbs=18.2943) vs_sbs=-0.43%
      ATSP: top1=0.771 mean_cost=1.6353 (sbs=1.6735) vs_sbs=-2.28%
      OVRP: top1=0.312 mean_cost=7.4622 (sbs=7.4617) vs_sbs=+0.01%
      VRPB: top1=0.527 mean_cost=9.3386 (sbs=9.3403) vs_sbs=-0.02%
      VRPL: top1=0.290 mean_cost=12.4061 (sbs=12.4072) vs_sbs=-0.01%
     VRPTW: top1=0.456 mean_cost=17.8857 (sbs=18.6571) vs_sbs=-4.13%
    OVRPTW: top1=0.488 mean_cost=10.0432 (sbs=10.0484) vs_sbs=-0.05%
     OVRPB: top1=0.576 mean_cost=6.3163 (sbs=6.3220) vs_sbs=-0.09%
     OVRPL: top1=0.311 mean_cost=7.4431 (sbs=7.4376) vs_sbs=+0.07%
     VRPBL: top1=0.521 mean_cost=9.3613 (sbs=9.3593) vs_sbs=+0.02%
    VRPBTW: top1=0.431 mean_cost=19.0321 (sbs=19.6697) vs_sbs=-3.24%
    VRPLTW: top1=0.443 mean_cost=17.6427 (sbs=18.5091) vs_sbs=-4.68%
    OVRPBL: top1=0.552 mean_cost=6.3064 (sbs=6.3103) vs_sbs=-0.06%
   OVRPBTW: top1=0.480 mean_cost=10.4999 (sbs=10.5068) vs_sbs=-0.07%
   OVRPLTW: top1=0.497 mean_cost=10.1285 (sbs=10.1272) vs_sbs=+0.01%
   VRPBLTW: top1=0.442 mean_cost=18.9425 (sbs=19.5198) vs_sbs=-2.96%
  OVRPBLTW: top1=0.503 mean_cost=10.5323 (sbs=10.5412) vs_sbs=-0.08%
[save] best.pt epoch=46 val_vs_sbs=-1.02916%
[epoch done 46] updates=12420 skipped_attempts_total=4 grad=0.5240 elapsed=19.0m
ep047 step012450 loss=0.42199 ce=1.02788 performance=0.17781 lr=2.72e-05 samples/s=10081 peak_GiB=18.68 time=19.0m
ep047 step012500 loss=0.43651 ce=1.06511 performance=0.18205 lr=2.72e-05 samples/s=8111 peak_GiB=18.68 time=19.1m
ep047 step012550 loss=0.44377 ce=1.08031 performance=0.18760 lr=2.72e-05 samples/s=8017 peak_GiB=18.68 time=19.2m
ep047 step012600 loss=0.44105 ce=1.07592 performance=0.18423 lr=2.72e-05 samples/s=8164 peak_GiB=18.68 time=19.2m
ep047 step012650 loss=0.44126 ce=1.07751 performance=0.18324 lr=2.72e-05 samples/s=8098 peak_GiB=18.68 time=19.3m
[eval epoch 47 performance] macro_top1=0.4671 top2=0.8040 top3=0.9148 vs_sbs=-1.032% vbs_closed=+27.97%
          classification_top1=0.4854 performance_top1=0.4671 classification_CE=1.09185 performance_MSE=0.20850
       TSP: top1=0.345 mean_cost=7.9138 (sbs=7.9578) vs_sbs=-0.55%
      CVRP: top1=0.446 mean_cost=18.2123 (sbs=18.2943) vs_sbs=-0.45%
      ATSP: top1=0.769 mean_cost=1.6356 (sbs=1.6735) vs_sbs=-2.27%
      OVRP: top1=0.311 mean_cost=7.4619 (sbs=7.4617) vs_sbs=+0.00%
      VRPB: top1=0.510 mean_cost=9.3394 (sbs=9.3403) vs_sbs=-0.01%
      VRPL: top1=0.283 mean_cost=12.4058 (sbs=12.4072) vs_sbs=-0.01%
     VRPTW: top1=0.451 mean_cost=17.8853 (sbs=18.6571) vs_sbs=-4.14%
    OVRPTW: top1=0.488 mean_cost=10.0439 (sbs=10.0484) vs_sbs=-0.04%
     OVRPB: top1=0.584 mean_cost=6.3163 (sbs=6.3220) vs_sbs=-0.09%
     OVRPL: top1=0.338 mean_cost=7.4378 (sbs=7.4376) vs_sbs=+0.00%
     VRPBL: top1=0.523 mean_cost=9.3593 (sbs=9.3593) vs_sbs=+0.00%
    VRPBTW: top1=0.433 mean_cost=19.0382 (sbs=19.6697) vs_sbs=-3.21%
    VRPLTW: top1=0.445 mean_cost=17.6381 (sbs=18.5091) vs_sbs=-4.71%
    OVRPBL: top1=0.557 mean_cost=6.3066 (sbs=6.3103) vs_sbs=-0.06%
   OVRPBTW: top1=0.483 mean_cost=10.5011 (sbs=10.5068) vs_sbs=-0.05%
   OVRPLTW: top1=0.497 mean_cost=10.1289 (sbs=10.1272) vs_sbs=+0.02%
   VRPBLTW: top1=0.441 mean_cost=18.9469 (sbs=19.5198) vs_sbs=-2.93%
  OVRPBLTW: top1=0.504 mean_cost=10.5332 (sbs=10.5412) vs_sbs=-0.08%
[save] best.pt epoch=47 val_vs_sbs=-1.03205%
[epoch done 47] updates=12690 skipped_attempts_total=4 grad=0.5015 elapsed=19.4m
ep048 step012700 loss=0.40282 ce=1.00505 performance=0.14587 lr=2.36e-05 samples/s=8530 peak_GiB=18.68 time=19.4m
ep048 step012750 loss=0.43660 ce=1.07024 performance=0.17720 lr=2.36e-05 samples/s=8575 peak_GiB=18.68 time=19.4m
ep048 step012800 loss=0.43578 ce=1.07026 performance=0.17482 lr=2.36e-05 samples/s=8242 peak_GiB=18.68 time=19.5m
ep048 step012850 loss=0.43775 ce=1.07312 performance=0.17759 lr=2.36e-05 samples/s=8123 peak_GiB=18.68 time=19.6m
ep048 step012900 loss=0.43745 ce=1.07091 performance=0.17896 lr=2.36e-05 samples/s=8229 peak_GiB=18.68 time=19.6m
ep048 step012950 loss=0.43860 ce=1.07358 performance=0.17958 lr=2.36e-05 samples/s=8157 peak_GiB=18.68 time=19.7m
[eval epoch 48 performance] macro_top1=0.4679 top2=0.8044 top3=0.9161 vs_sbs=-1.031% vbs_closed=+27.71%
          classification_top1=0.4862 performance_top1=0.4679 classification_CE=1.09196 performance_MSE=0.21123
       TSP: top1=0.351 mean_cost=7.9153 (sbs=7.9578) vs_sbs=-0.53%
      CVRP: top1=0.449 mean_cost=18.2151 (sbs=18.2943) vs_sbs=-0.43%
      ATSP: top1=0.771 mean_cost=1.6353 (sbs=1.6735) vs_sbs=-2.28%
      OVRP: top1=0.319 mean_cost=7.4608 (sbs=7.4617) vs_sbs=-0.01%
      VRPB: top1=0.523 mean_cost=9.3390 (sbs=9.3403) vs_sbs=-0.01%
      VRPL: top1=0.295 mean_cost=12.4049 (sbs=12.4072) vs_sbs=-0.02%
     VRPTW: top1=0.452 mean_cost=17.8833 (sbs=18.6571) vs_sbs=-4.15%
    OVRPTW: top1=0.488 mean_cost=10.0465 (sbs=10.0484) vs_sbs=-0.02%
     OVRPB: top1=0.578 mean_cost=6.3168 (sbs=6.3220) vs_sbs=-0.08%
     OVRPL: top1=0.334 mean_cost=7.4374 (sbs=7.4376) vs_sbs=-0.00%
     VRPBL: top1=0.520 mean_cost=9.3612 (sbs=9.3593) vs_sbs=+0.02%
    VRPBTW: top1=0.423 mean_cost=19.0321 (sbs=19.6697) vs_sbs=-3.24%
    VRPLTW: top1=0.432 mean_cost=17.6433 (sbs=18.5091) vs_sbs=-4.68%
    OVRPBL: top1=0.556 mean_cost=6.3068 (sbs=6.3103) vs_sbs=-0.06%
   OVRPBTW: top1=0.484 mean_cost=10.5008 (sbs=10.5068) vs_sbs=-0.06%
   OVRPLTW: top1=0.505 mean_cost=10.1286 (sbs=10.1272) vs_sbs=+0.01%
   VRPBLTW: top1=0.444 mean_cost=18.9412 (sbs=19.5198) vs_sbs=-2.96%
  OVRPBLTW: top1=0.499 mean_cost=10.5353 (sbs=10.5412) vs_sbs=-0.06%
[epoch done 48] updates=12960 skipped_attempts_total=4 grad=0.4979 elapsed=19.7m
ep049 step013000 loss=0.43953 ce=1.07631 performance=0.17949 lr=2.03e-05 samples/s=8570 peak_GiB=18.68 time=19.8m
ep049 step013050 loss=0.43843 ce=1.07160 performance=0.18107 lr=2.03e-05 samples/s=8168 peak_GiB=18.68 time=19.9m
ep049 step013100 loss=0.43925 ce=1.07442 performance=0.18057 lr=2.03e-05 samples/s=8060 peak_GiB=18.68 time=19.9m
ep049 step013150 loss=0.44192 ce=1.08033 performance=0.18230 lr=2.03e-05 samples/s=8010 peak_GiB=18.68 time=20.0m
ep049 step013200 loss=0.44051 ce=1.07897 performance=0.17962 lr=2.03e-05 samples/s=7977 peak_GiB=18.68 time=20.1m
[eval epoch 49 performance] macro_top1=0.4668 top2=0.8052 top3=0.9163 vs_sbs=-1.029% vbs_closed=+27.82%
          classification_top1=0.4859 performance_top1=0.4668 classification_CE=1.09030 performance_MSE=0.21098
       TSP: top1=0.341 mean_cost=7.9152 (sbs=7.9578) vs_sbs=-0.54%
      CVRP: top1=0.452 mean_cost=18.2115 (sbs=18.2943) vs_sbs=-0.45%
      ATSP: top1=0.749 mean_cost=1.6364 (sbs=1.6735) vs_sbs=-2.22%
      OVRP: top1=0.306 mean_cost=7.4627 (sbs=7.4617) vs_sbs=+0.01%
      VRPB: top1=0.530 mean_cost=9.3381 (sbs=9.3403) vs_sbs=-0.02%
      VRPL: top1=0.299 mean_cost=12.4044 (sbs=12.4072) vs_sbs=-0.02%
     VRPTW: top1=0.443 mean_cost=17.8880 (sbs=18.6571) vs_sbs=-4.12%
    OVRPTW: top1=0.498 mean_cost=10.0414 (sbs=10.0484) vs_sbs=-0.07%
     OVRPB: top1=0.583 mean_cost=6.3161 (sbs=6.3220) vs_sbs=-0.09%
     OVRPL: top1=0.337 mean_cost=7.4377 (sbs=7.4376) vs_sbs=+0.00%
     VRPBL: top1=0.515 mean_cost=9.3611 (sbs=9.3593) vs_sbs=+0.02%
    VRPBTW: top1=0.424 mean_cost=19.0384 (sbs=19.6697) vs_sbs=-3.21%
    VRPLTW: top1=0.458 mean_cost=17.6276 (sbs=18.5091) vs_sbs=-4.76%
    OVRPBL: top1=0.554 mean_cost=6.3061 (sbs=6.3103) vs_sbs=-0.07%
   OVRPBTW: top1=0.491 mean_cost=10.5017 (sbs=10.5068) vs_sbs=-0.05%
   OVRPLTW: top1=0.494 mean_cost=10.1302 (sbs=10.1272) vs_sbs=+0.03%
   VRPBLTW: top1=0.439 mean_cost=18.9489 (sbs=19.5198) vs_sbs=-2.92%
  OVRPBLTW: top1=0.489 mean_cost=10.5365 (sbs=10.5412) vs_sbs=-0.04%
[epoch done 49] updates=13230 skipped_attempts_total=4 grad=0.4705 elapsed=20.1m
ep050 step013250 loss=0.42089 ce=1.03438 performance=0.16815 lr=1.72e-05 samples/s=8557 peak_GiB=18.68 time=20.1m
ep050 step013300 loss=0.43718 ce=1.07468 performance=0.17442 lr=1.72e-05 samples/s=8054 peak_GiB=18.68 time=20.2m
ep050 step013350 loss=0.43501 ce=1.06953 performance=0.17337 lr=1.72e-05 samples/s=8268 peak_GiB=18.68 time=20.3m
[AMP retry] attempt=1 scale=131072->65536
ep050 step013400 loss=0.43594 ce=1.07023 performance=0.17531 lr=1.72e-05 samples/s=8123 peak_GiB=18.68 time=20.3m
ep050 step013450 loss=0.43704 ce=1.07095 performance=0.17773 lr=1.72e-05 samples/s=8065 peak_GiB=18.68 time=20.4m
ep050 step013500 loss=0.43717 ce=1.07069 performance=0.17837 lr=1.72e-05 samples/s=8031 peak_GiB=18.68 time=20.5m
[eval epoch 50 performance] macro_top1=0.4659 top2=0.8034 top3=0.9147 vs_sbs=-1.027% vbs_closed=+27.38%
          classification_top1=0.4858 performance_top1=0.4659 classification_CE=1.08988 performance_MSE=0.20969
       TSP: top1=0.342 mean_cost=7.9146 (sbs=7.9578) vs_sbs=-0.54%
      CVRP: top1=0.445 mean_cost=18.2137 (sbs=18.2943) vs_sbs=-0.44%
      ATSP: top1=0.779 mean_cost=1.6351 (sbs=1.6735) vs_sbs=-2.30%
      OVRP: top1=0.308 mean_cost=7.4624 (sbs=7.4617) vs_sbs=+0.01%
      VRPB: top1=0.523 mean_cost=9.3399 (sbs=9.3403) vs_sbs=-0.00%
      VRPL: top1=0.294 mean_cost=12.4046 (sbs=12.4072) vs_sbs=-0.02%
     VRPTW: top1=0.449 mean_cost=17.8911 (sbs=18.6571) vs_sbs=-4.11%
    OVRPTW: top1=0.489 mean_cost=10.0443 (sbs=10.0484) vs_sbs=-0.04%
     OVRPB: top1=0.585 mean_cost=6.3161 (sbs=6.3220) vs_sbs=-0.09%
     OVRPL: top1=0.329 mean_cost=7.4406 (sbs=7.4376) vs_sbs=+0.04%
     VRPBL: top1=0.518 mean_cost=9.3608 (sbs=9.3593) vs_sbs=+0.02%
    VRPBTW: top1=0.423 mean_cost=19.0329 (sbs=19.6697) vs_sbs=-3.24%
    VRPLTW: top1=0.434 mean_cost=17.6383 (sbs=18.5091) vs_sbs=-4.71%
    OVRPBL: top1=0.558 mean_cost=6.3074 (sbs=6.3103) vs_sbs=-0.05%
   OVRPBTW: top1=0.485 mean_cost=10.5013 (sbs=10.5068) vs_sbs=-0.05%
   OVRPLTW: top1=0.496 mean_cost=10.1288 (sbs=10.1272) vs_sbs=+0.02%
   VRPBLTW: top1=0.435 mean_cost=18.9465 (sbs=19.5198) vs_sbs=-2.94%
  OVRPBLTW: top1=0.495 mean_cost=10.5362 (sbs=10.5412) vs_sbs=-0.05%
[epoch done 50] updates=13500 skipped_attempts_total=5 grad=0.4776 elapsed=20.7m
ep051 step013550 loss=0.43713 ce=1.06801 performance=0.18092 lr=1.44e-05 samples/s=8582 peak_GiB=18.68 time=20.7m
ep051 step013600 loss=0.43751 ce=1.07220 performance=0.17785 lr=1.44e-05 samples/s=8214 peak_GiB=18.68 time=20.8m
ep051 step013650 loss=0.43681 ce=1.07158 performance=0.17644 lr=1.44e-05 samples/s=8098 peak_GiB=18.68 time=20.9m
ep051 step013700 loss=0.43728 ce=1.07140 performance=0.17797 lr=1.44e-05 samples/s=8213 peak_GiB=18.68 time=20.9m
ep051 step013750 loss=0.43657 ce=1.07004 performance=0.17730 lr=1.44e-05 samples/s=8285 peak_GiB=18.68 time=21.0m
[eval epoch 51 performance] macro_top1=0.4667 top2=0.8047 top3=0.9172 vs_sbs=-1.028% vbs_closed=+27.82%
          classification_top1=0.4861 performance_top1=0.4667 classification_CE=1.09041 performance_MSE=0.20913
       TSP: top1=0.350 mean_cost=7.9149 (sbs=7.9578) vs_sbs=-0.54%
      CVRP: top1=0.454 mean_cost=18.2122 (sbs=18.2943) vs_sbs=-0.45%
      ATSP: top1=0.772 mean_cost=1.6354 (sbs=1.6735) vs_sbs=-2.28%
      OVRP: top1=0.312 mean_cost=7.4609 (sbs=7.4617) vs_sbs=-0.01%
      VRPB: top1=0.510 mean_cost=9.3395 (sbs=9.3403) vs_sbs=-0.01%
      VRPL: top1=0.290 mean_cost=12.4039 (sbs=12.4072) vs_sbs=-0.03%
     VRPTW: top1=0.450 mean_cost=17.8881 (sbs=18.6571) vs_sbs=-4.12%
    OVRPTW: top1=0.494 mean_cost=10.0431 (sbs=10.0484) vs_sbs=-0.05%
     OVRPB: top1=0.581 mean_cost=6.3172 (sbs=6.3220) vs_sbs=-0.08%
     OVRPL: top1=0.337 mean_cost=7.4382 (sbs=7.4376) vs_sbs=+0.01%
     VRPBL: top1=0.517 mean_cost=9.3609 (sbs=9.3593) vs_sbs=+0.02%
    VRPBTW: top1=0.421 mean_cost=19.0415 (sbs=19.6697) vs_sbs=-3.19%
    VRPLTW: top1=0.441 mean_cost=17.6372 (sbs=18.5091) vs_sbs=-4.71%
    OVRPBL: top1=0.555 mean_cost=6.3068 (sbs=6.3103) vs_sbs=-0.05%
   OVRPBTW: top1=0.487 mean_cost=10.5010 (sbs=10.5068) vs_sbs=-0.05%
   OVRPLTW: top1=0.499 mean_cost=10.1297 (sbs=10.1272) vs_sbs=+0.02%
   VRPBLTW: top1=0.434 mean_cost=18.9518 (sbs=19.5198) vs_sbs=-2.91%
  OVRPBLTW: top1=0.496 mean_cost=10.5344 (sbs=10.5412) vs_sbs=-0.06%
[epoch done 51] updates=13770 skipped_attempts_total=5 grad=0.4411 elapsed=21.1m
ep052 step013800 loss=0.43389 ce=1.04438 performance=0.19531 lr=1.18e-05 samples/s=8572 peak_GiB=18.68 time=21.1m
ep052 step013850 loss=0.44037 ce=1.07189 performance=0.18630 lr=1.18e-05 samples/s=8584 peak_GiB=18.68 time=21.2m
ep052 step013900 loss=0.43855 ce=1.06930 performance=0.18369 lr=1.18e-05 samples/s=8030 peak_GiB=18.68 time=21.2m
ep052 step013950 loss=0.43682 ce=1.07032 performance=0.17773 lr=1.18e-05 samples/s=8177 peak_GiB=18.68 time=21.3m
ep052 step014000 loss=0.43623 ce=1.06875 performance=0.17761 lr=1.18e-05 samples/s=8265 peak_GiB=18.68 time=21.4m
[eval epoch 52 performance] macro_top1=0.4665 top2=0.8044 top3=0.9158 vs_sbs=-1.031% vbs_closed=+27.91%
          classification_top1=0.4866 performance_top1=0.4665 classification_CE=1.08963 performance_MSE=0.20850
       TSP: top1=0.346 mean_cost=7.9145 (sbs=7.9578) vs_sbs=-0.54%
      CVRP: top1=0.448 mean_cost=18.2115 (sbs=18.2943) vs_sbs=-0.45%
      ATSP: top1=0.768 mean_cost=1.6354 (sbs=1.6735) vs_sbs=-2.28%
      OVRP: top1=0.308 mean_cost=7.4615 (sbs=7.4617) vs_sbs=-0.00%
      VRPB: top1=0.528 mean_cost=9.3387 (sbs=9.3403) vs_sbs=-0.02%
      VRPL: top1=0.295 mean_cost=12.4037 (sbs=12.4072) vs_sbs=-0.03%
     VRPTW: top1=0.458 mean_cost=17.8890 (sbs=18.6571) vs_sbs=-4.12%
    OVRPTW: top1=0.494 mean_cost=10.0434 (sbs=10.0484) vs_sbs=-0.05%
     OVRPB: top1=0.578 mean_cost=6.3172 (sbs=6.3220) vs_sbs=-0.08%
     OVRPL: top1=0.326 mean_cost=7.4378 (sbs=7.4376) vs_sbs=+0.00%
     VRPBL: top1=0.524 mean_cost=9.3605 (sbs=9.3593) vs_sbs=+0.01%
    VRPBTW: top1=0.421 mean_cost=19.0341 (sbs=19.6697) vs_sbs=-3.23%
    VRPLTW: top1=0.446 mean_cost=17.6328 (sbs=18.5091) vs_sbs=-4.73%
    OVRPBL: top1=0.552 mean_cost=6.3070 (sbs=6.3103) vs_sbs=-0.05%
   OVRPBTW: top1=0.487 mean_cost=10.5018 (sbs=10.5068) vs_sbs=-0.05%
   OVRPLTW: top1=0.490 mean_cost=10.1297 (sbs=10.1272) vs_sbs=+0.02%
   VRPBLTW: top1=0.435 mean_cost=18.9529 (sbs=19.5198) vs_sbs=-2.90%
  OVRPBLTW: top1=0.493 mean_cost=10.5353 (sbs=10.5412) vs_sbs=-0.06%
[epoch done 52] updates=14040 skipped_attempts_total=5 grad=0.4080 elapsed=21.4m
ep053 step014050 loss=0.43401 ce=1.04131 performance=0.19873 lr=9.54e-06 samples/s=5875 peak_GiB=18.68 time=21.5m
ep053 step014100 loss=0.43403 ce=1.06380 performance=0.17629 lr=9.54e-06 samples/s=8575 peak_GiB=18.68 time=21.5m
ep053 step014150 loss=0.43527 ce=1.06555 performance=0.17807 lr=9.54e-06 samples/s=8246 peak_GiB=18.68 time=21.6m
ep053 step014200 loss=0.43688 ce=1.07181 performance=0.17642 lr=9.54e-06 samples/s=8132 peak_GiB=18.68 time=21.6m
ep053 step014250 loss=0.43603 ce=1.07097 performance=0.17482 lr=9.54e-06 samples/s=8413 peak_GiB=18.68 time=21.7m
ep053 step014300 loss=0.43535 ce=1.06745 performance=0.17642 lr=9.54e-06 samples/s=8165 peak_GiB=18.68 time=21.8m
[eval epoch 53 performance] macro_top1=0.4666 top2=0.8049 top3=0.9161 vs_sbs=-1.029% vbs_closed=+27.75%
          classification_top1=0.4870 performance_top1=0.4666 classification_CE=1.09025 performance_MSE=0.21192
       TSP: top1=0.344 mean_cost=7.9152 (sbs=7.9578) vs_sbs=-0.53%
      CVRP: top1=0.448 mean_cost=18.2111 (sbs=18.2943) vs_sbs=-0.46%
      ATSP: top1=0.772 mean_cost=1.6354 (sbs=1.6735) vs_sbs=-2.28%
      OVRP: top1=0.312 mean_cost=7.4618 (sbs=7.4617) vs_sbs=+0.00%
      VRPB: top1=0.524 mean_cost=9.3387 (sbs=9.3403) vs_sbs=-0.02%
      VRPL: top1=0.294 mean_cost=12.4045 (sbs=12.4072) vs_sbs=-0.02%
     VRPTW: top1=0.449 mean_cost=17.8882 (sbs=18.6571) vs_sbs=-4.12%
    OVRPTW: top1=0.493 mean_cost=10.0429 (sbs=10.0484) vs_sbs=-0.05%
     OVRPB: top1=0.587 mean_cost=6.3162 (sbs=6.3220) vs_sbs=-0.09%
     OVRPL: top1=0.335 mean_cost=7.4383 (sbs=7.4376) vs_sbs=+0.01%
     VRPBL: top1=0.521 mean_cost=9.3610 (sbs=9.3593) vs_sbs=+0.02%
    VRPBTW: top1=0.422 mean_cost=19.0384 (sbs=19.6697) vs_sbs=-3.21%
    VRPLTW: top1=0.443 mean_cost=17.6345 (sbs=18.5091) vs_sbs=-4.73%
    OVRPBL: top1=0.555 mean_cost=6.3067 (sbs=6.3103) vs_sbs=-0.06%
   OVRPBTW: top1=0.482 mean_cost=10.5022 (sbs=10.5068) vs_sbs=-0.04%
   OVRPLTW: top1=0.488 mean_cost=10.1303 (sbs=10.1272) vs_sbs=+0.03%
   VRPBLTW: top1=0.436 mean_cost=18.9490 (sbs=19.5198) vs_sbs=-2.92%
  OVRPBLTW: top1=0.494 mean_cost=10.5357 (sbs=10.5412) vs_sbs=-0.05%
[epoch done 53] updates=14310 skipped_attempts_total=5 grad=0.3988 elapsed=21.8m
ep054 step014350 loss=0.43057 ce=1.05118 performance=0.17903 lr=7.56e-06 samples/s=8591 peak_GiB=18.68 time=21.9m
ep054 step014400 loss=0.43415 ce=1.06433 performance=0.17610 lr=7.56e-06 samples/s=8181 peak_GiB=18.68 time=21.9m
ep054 step014450 loss=0.43508 ce=1.06729 performance=0.17579 lr=7.56e-06 samples/s=8323 peak_GiB=18.68 time=22.0m
ep054 step014500 loss=0.43303 ce=1.06234 performance=0.17489 lr=7.56e-06 samples/s=8391 peak_GiB=18.68 time=22.1m
ep054 step014550 loss=0.43556 ce=1.06877 performance=0.17569 lr=7.56e-06 samples/s=8133 peak_GiB=18.68 time=22.1m
[eval epoch 54 performance] macro_top1=0.4654 top2=0.8034 top3=0.9158 vs_sbs=-1.023% vbs_closed=+27.45%
          classification_top1=0.4873 performance_top1=0.4654 classification_CE=1.08961 performance_MSE=0.21004
       TSP: top1=0.346 mean_cost=7.9153 (sbs=7.9578) vs_sbs=-0.53%
      CVRP: top1=0.449 mean_cost=18.2107 (sbs=18.2943) vs_sbs=-0.46%
      ATSP: top1=0.775 mean_cost=1.6353 (sbs=1.6735) vs_sbs=-2.28%
      OVRP: top1=0.307 mean_cost=7.4620 (sbs=7.4617) vs_sbs=+0.00%
      VRPB: top1=0.529 mean_cost=9.3388 (sbs=9.3403) vs_sbs=-0.02%
      VRPL: top1=0.297 mean_cost=12.4038 (sbs=12.4072) vs_sbs=-0.03%
     VRPTW: top1=0.447 mean_cost=17.8882 (sbs=18.6571) vs_sbs=-4.12%
    OVRPTW: top1=0.494 mean_cost=10.0431 (sbs=10.0484) vs_sbs=-0.05%
     OVRPB: top1=0.577 mean_cost=6.3169 (sbs=6.3220) vs_sbs=-0.08%
     OVRPL: top1=0.331 mean_cost=7.4391 (sbs=7.4376) vs_sbs=+0.02%
     VRPBL: top1=0.521 mean_cost=9.3611 (sbs=9.3593) vs_sbs=+0.02%
    VRPBTW: top1=0.416 mean_cost=19.0471 (sbs=19.6697) vs_sbs=-3.17%
    VRPLTW: top1=0.436 mean_cost=17.6413 (sbs=18.5091) vs_sbs=-4.69%
    OVRPBL: top1=0.553 mean_cost=6.3074 (sbs=6.3103) vs_sbs=-0.05%
   OVRPBTW: top1=0.485 mean_cost=10.5027 (sbs=10.5068) vs_sbs=-0.04%
   OVRPLTW: top1=0.491 mean_cost=10.1309 (sbs=10.1272) vs_sbs=+0.04%
   VRPBLTW: top1=0.434 mean_cost=18.9466 (sbs=19.5198) vs_sbs=-2.94%
  OVRPBLTW: top1=0.490 mean_cost=10.5359 (sbs=10.5412) vs_sbs=-0.05%
[epoch done 54] updates=14580 skipped_attempts_total=5 grad=0.3716 elapsed=22.2m
ep055 step014600 loss=0.43583 ce=1.07557 performance=0.16965 lr=5.87e-06 samples/s=8567 peak_GiB=18.68 time=22.2m
ep055 step014650 loss=0.43454 ce=1.07177 performance=0.16977 lr=5.87e-06 samples/s=8052 peak_GiB=18.68 time=22.3m
ep055 step014700 loss=0.43292 ce=1.06136 performance=0.17556 lr=5.87e-06 samples/s=7975 peak_GiB=18.68 time=22.4m
ep055 step014750 loss=0.43247 ce=1.06225 performance=0.17339 lr=5.87e-06 samples/s=8146 peak_GiB=18.68 time=22.4m
ep055 step014800 loss=0.43591 ce=1.06906 performance=0.17640 lr=5.87e-06 samples/s=8245 peak_GiB=18.68 time=22.5m
ep055 step014850 loss=0.43512 ce=1.06814 performance=0.17505 lr=5.87e-06 samples/s=8172 peak_GiB=18.68 time=22.5m
[eval epoch 55 performance] macro_top1=0.4657 top2=0.8030 top3=0.9158 vs_sbs=-1.026% vbs_closed=+27.59%
          classification_top1=0.4861 performance_top1=0.4657 classification_CE=1.09002 performance_MSE=0.20882
       TSP: top1=0.345 mean_cost=7.9160 (sbs=7.9578) vs_sbs=-0.53%
      CVRP: top1=0.450 mean_cost=18.2092 (sbs=18.2943) vs_sbs=-0.47%
      ATSP: top1=0.773 mean_cost=1.6355 (sbs=1.6735) vs_sbs=-2.27%
      OVRP: top1=0.308 mean_cost=7.4627 (sbs=7.4617) vs_sbs=+0.01%
      VRPB: top1=0.527 mean_cost=9.3382 (sbs=9.3403) vs_sbs=-0.02%
      VRPL: top1=0.296 mean_cost=12.4039 (sbs=12.4072) vs_sbs=-0.03%
     VRPTW: top1=0.453 mean_cost=17.8867 (sbs=18.6571) vs_sbs=-4.13%
    OVRPTW: top1=0.496 mean_cost=10.0427 (sbs=10.0484) vs_sbs=-0.06%
     OVRPB: top1=0.582 mean_cost=6.3166 (sbs=6.3220) vs_sbs=-0.08%
     OVRPL: top1=0.329 mean_cost=7.4387 (sbs=7.4376) vs_sbs=+0.01%
     VRPBL: top1=0.522 mean_cost=9.3616 (sbs=9.3593) vs_sbs=+0.02%
    VRPBTW: top1=0.420 mean_cost=19.0417 (sbs=19.6697) vs_sbs=-3.19%
    VRPLTW: top1=0.436 mean_cost=17.6395 (sbs=18.5091) vs_sbs=-4.70%
    OVRPBL: top1=0.551 mean_cost=6.3070 (sbs=6.3103) vs_sbs=-0.05%
   OVRPBTW: top1=0.483 mean_cost=10.5014 (sbs=10.5068) vs_sbs=-0.05%
   OVRPLTW: top1=0.490 mean_cost=10.1305 (sbs=10.1272) vs_sbs=+0.03%
   VRPBLTW: top1=0.436 mean_cost=18.9479 (sbs=19.5198) vs_sbs=-2.93%
  OVRPBLTW: top1=0.486 mean_cost=10.5364 (sbs=10.5412) vs_sbs=-0.05%
[epoch done 55] updates=14850 skipped_attempts_total=5 grad=0.3684 elapsed=22.7m
ep056 step014900 loss=0.43383 ce=1.07059 performance=0.16893 lr=4.48e-06 samples/s=7870 peak_GiB=18.68 time=22.8m
ep056 step014950 loss=0.43506 ce=1.06956 performance=0.17346 lr=4.48e-06 samples/s=8215 peak_GiB=18.68 time=22.9m
ep056 step015000 loss=0.43459 ce=1.06932 performance=0.17238 lr=4.48e-06 samples/s=8097 peak_GiB=18.68 time=22.9m
ep056 step015050 loss=0.43290 ce=1.06480 performance=0.17205 lr=4.48e-06 samples/s=8217 peak_GiB=18.68 time=23.0m
ep056 step015100 loss=0.43468 ce=1.06876 performance=0.17320 lr=4.48e-06 samples/s=8148 peak_GiB=18.68 time=23.1m
[eval epoch 56 performance] macro_top1=0.4658 top2=0.8037 top3=0.9161 vs_sbs=-1.025% vbs_closed=+27.56%
          classification_top1=0.4869 performance_top1=0.4658 classification_CE=1.08948 performance_MSE=0.20909
       TSP: top1=0.345 mean_cost=7.9152 (sbs=7.9578) vs_sbs=-0.53%
      CVRP: top1=0.451 mean_cost=18.2099 (sbs=18.2943) vs_sbs=-0.46%
      ATSP: top1=0.775 mean_cost=1.6353 (sbs=1.6735) vs_sbs=-2.29%
      OVRP: top1=0.306 mean_cost=7.4622 (sbs=7.4617) vs_sbs=+0.01%
      VRPB: top1=0.525 mean_cost=9.3382 (sbs=9.3403) vs_sbs=-0.02%
      VRPL: top1=0.298 mean_cost=12.4039 (sbs=12.4072) vs_sbs=-0.03%
     VRPTW: top1=0.454 mean_cost=17.8882 (sbs=18.6571) vs_sbs=-4.12%
    OVRPTW: top1=0.496 mean_cost=10.0428 (sbs=10.0484) vs_sbs=-0.06%
     OVRPB: top1=0.579 mean_cost=6.3175 (sbs=6.3220) vs_sbs=-0.07%
     OVRPL: top1=0.334 mean_cost=7.4385 (sbs=7.4376) vs_sbs=+0.01%
     VRPBL: top1=0.520 mean_cost=9.3618 (sbs=9.3593) vs_sbs=+0.03%
    VRPBTW: top1=0.420 mean_cost=19.0392 (sbs=19.6697) vs_sbs=-3.21%
    VRPLTW: top1=0.434 mean_cost=17.6421 (sbs=18.5091) vs_sbs=-4.68%
    OVRPBL: top1=0.554 mean_cost=6.3070 (sbs=6.3103) vs_sbs=-0.05%
   OVRPBTW: top1=0.479 mean_cost=10.5038 (sbs=10.5068) vs_sbs=-0.03%
   OVRPLTW: top1=0.488 mean_cost=10.1300 (sbs=10.1272) vs_sbs=+0.03%
   VRPBLTW: top1=0.435 mean_cost=18.9496 (sbs=19.5198) vs_sbs=-2.92%
  OVRPBLTW: top1=0.491 mean_cost=10.5352 (sbs=10.5412) vs_sbs=-0.06%
[epoch done 56] updates=15120 skipped_attempts_total=5 grad=0.3760 elapsed=23.1m
ep057 step015150 loss=0.44054 ce=1.07731 performance=0.18137 lr=3.4e-06 samples/s=8600 peak_GiB=18.68 time=23.2m
ep057 step015200 loss=0.43592 ce=1.06690 performance=0.17858 lr=3.4e-06 samples/s=8128 peak_GiB=18.68 time=23.2m
ep057 step015250 loss=0.43609 ce=1.06850 performance=0.17745 lr=3.4e-06 samples/s=8299 peak_GiB=18.68 time=23.3m
ep057 step015300 loss=0.43498 ce=1.06761 performance=0.17519 lr=3.4e-06 samples/s=8175 peak_GiB=18.68 time=23.4m
ep057 step015350 loss=0.43590 ce=1.07069 performance=0.17475 lr=3.4e-06 samples/s=8107 peak_GiB=18.68 time=23.4m
[eval epoch 57 performance] macro_top1=0.4660 top2=0.8033 top3=0.9163 vs_sbs=-1.029% vbs_closed=+27.71%
          classification_top1=0.4854 performance_top1=0.4660 classification_CE=1.08981 performance_MSE=0.20971
       TSP: top1=0.344 mean_cost=7.9158 (sbs=7.9578) vs_sbs=-0.53%
      CVRP: top1=0.450 mean_cost=18.2104 (sbs=18.2943) vs_sbs=-0.46%
      ATSP: top1=0.773 mean_cost=1.6353 (sbs=1.6735) vs_sbs=-2.28%
      OVRP: top1=0.307 mean_cost=7.4624 (sbs=7.4617) vs_sbs=+0.01%
      VRPB: top1=0.518 mean_cost=9.3392 (sbs=9.3403) vs_sbs=-0.01%
      VRPL: top1=0.297 mean_cost=12.4039 (sbs=12.4072) vs_sbs=-0.03%
     VRPTW: top1=0.455 mean_cost=17.8831 (sbs=18.6571) vs_sbs=-4.15%
    OVRPTW: top1=0.493 mean_cost=10.0439 (sbs=10.0484) vs_sbs=-0.04%
     OVRPB: top1=0.578 mean_cost=6.3171 (sbs=6.3220) vs_sbs=-0.08%
     OVRPL: top1=0.332 mean_cost=7.4378 (sbs=7.4376) vs_sbs=+0.00%
     VRPBL: top1=0.524 mean_cost=9.3607 (sbs=9.3593) vs_sbs=+0.02%
    VRPBTW: top1=0.421 mean_cost=19.0355 (sbs=19.6697) vs_sbs=-3.22%
    VRPLTW: top1=0.440 mean_cost=17.6404 (sbs=18.5091) vs_sbs=-4.69%
    OVRPBL: top1=0.555 mean_cost=6.3070 (sbs=6.3103) vs_sbs=-0.05%
   OVRPBTW: top1=0.486 mean_cost=10.5000 (sbs=10.5068) vs_sbs=-0.06%
   OVRPLTW: top1=0.492 mean_cost=10.1296 (sbs=10.1272) vs_sbs=+0.02%
   VRPBLTW: top1=0.433 mean_cost=18.9492 (sbs=19.5198) vs_sbs=-2.92%
  OVRPBLTW: top1=0.490 mean_cost=10.5364 (sbs=10.5412) vs_sbs=-0.05%
[epoch done 57] updates=15390 skipped_attempts_total=5 grad=0.3513 elapsed=23.5m
ep058 step015400 loss=0.39995 ce=0.98528 performance=0.15742 lr=2.62e-06 samples/s=8514 peak_GiB=18.68 time=23.5m
ep058 step015450 loss=0.43734 ce=1.06527 performance=0.18429 lr=2.62e-06 samples/s=7977 peak_GiB=18.68 time=23.6m
ep058 step015500 loss=0.43540 ce=1.06602 performance=0.17799 lr=2.62e-06 samples/s=8243 peak_GiB=18.68 time=23.6m
ep058 step015550 loss=0.43426 ce=1.06540 performance=0.17535 lr=2.62e-06 samples/s=8124 peak_GiB=18.68 time=23.7m
ep058 step015600 loss=0.43565 ce=1.06922 performance=0.17549 lr=2.62e-06 samples/s=8062 peak_GiB=18.68 time=23.8m
ep058 step015650 loss=0.43516 ce=1.06798 performance=0.17535 lr=2.62e-06 samples/s=8161 peak_GiB=18.68 time=23.8m
[eval epoch 58 performance] macro_top1=0.4658 top2=0.8039 top3=0.9162 vs_sbs=-1.025% vbs_closed=+27.50%
          classification_top1=0.4867 performance_top1=0.4658 classification_CE=1.08982 performance_MSE=0.21018
       TSP: top1=0.343 mean_cost=7.9162 (sbs=7.9578) vs_sbs=-0.52%
      CVRP: top1=0.449 mean_cost=18.2104 (sbs=18.2943) vs_sbs=-0.46%
      ATSP: top1=0.772 mean_cost=1.6353 (sbs=1.6735) vs_sbs=-2.28%
      OVRP: top1=0.310 mean_cost=7.4623 (sbs=7.4617) vs_sbs=+0.01%
      VRPB: top1=0.527 mean_cost=9.3383 (sbs=9.3403) vs_sbs=-0.02%
      VRPL: top1=0.295 mean_cost=12.4037 (sbs=12.4072) vs_sbs=-0.03%
     VRPTW: top1=0.450 mean_cost=17.8872 (sbs=18.6571) vs_sbs=-4.13%
    OVRPTW: top1=0.494 mean_cost=10.0440 (sbs=10.0484) vs_sbs=-0.04%
     OVRPB: top1=0.581 mean_cost=6.3173 (sbs=6.3220) vs_sbs=-0.07%
     OVRPL: top1=0.334 mean_cost=7.4378 (sbs=7.4376) vs_sbs=+0.00%
     VRPBL: top1=0.519 mean_cost=9.3612 (sbs=9.3593) vs_sbs=+0.02%
    VRPBTW: top1=0.419 mean_cost=19.0434 (sbs=19.6697) vs_sbs=-3.18%
    VRPLTW: top1=0.441 mean_cost=17.6399 (sbs=18.5091) vs_sbs=-4.70%
    OVRPBL: top1=0.555 mean_cost=6.3067 (sbs=6.3103) vs_sbs=-0.06%
   OVRPBTW: top1=0.480 mean_cost=10.5038 (sbs=10.5068) vs_sbs=-0.03%
   OVRPLTW: top1=0.496 mean_cost=10.1304 (sbs=10.1272) vs_sbs=+0.03%
   VRPBLTW: top1=0.434 mean_cost=18.9451 (sbs=19.5198) vs_sbs=-2.94%
  OVRPBLTW: top1=0.486 mean_cost=10.5368 (sbs=10.5412) vs_sbs=-0.04%
[epoch done 58] updates=15660 skipped_attempts_total=5 grad=0.3531 elapsed=23.9m
ep059 step015700 loss=0.43713 ce=1.07700 performance=0.17194 lr=2.16e-06 samples/s=8583 peak_GiB=18.68 time=23.9m
ep059 step015750 loss=0.43464 ce=1.06441 performance=0.17742 lr=2.16e-06 samples/s=8171 peak_GiB=18.68 time=24.0m
ep059 step015800 loss=0.43239 ce=1.06247 performance=0.17293 lr=2.16e-06 samples/s=8314 peak_GiB=18.68 time=24.1m
ep059 step015850 loss=0.43412 ce=1.06508 performance=0.17526 lr=2.16e-06 samples/s=8193 peak_GiB=18.68 time=24.1m
ep059 step015900 loss=0.43526 ce=1.06904 performance=0.17455 lr=2.16e-06 samples/s=8126 peak_GiB=18.68 time=24.2m
[eval epoch 59 performance] macro_top1=0.4666 top2=0.8041 top3=0.9158 vs_sbs=-1.027% vbs_closed=+27.65%
          classification_top1=0.4860 performance_top1=0.4666 classification_CE=1.08952 performance_MSE=0.20941
       TSP: top1=0.345 mean_cost=7.9158 (sbs=7.9578) vs_sbs=-0.53%
      CVRP: top1=0.448 mean_cost=18.2109 (sbs=18.2943) vs_sbs=-0.46%
      ATSP: top1=0.773 mean_cost=1.6354 (sbs=1.6735) vs_sbs=-2.28%
      OVRP: top1=0.309 mean_cost=7.4625 (sbs=7.4617) vs_sbs=+0.01%
      VRPB: top1=0.526 mean_cost=9.3383 (sbs=9.3403) vs_sbs=-0.02%
      VRPL: top1=0.297 mean_cost=12.4036 (sbs=12.4072) vs_sbs=-0.03%
     VRPTW: top1=0.454 mean_cost=17.8862 (sbs=18.6571) vs_sbs=-4.13%
    OVRPTW: top1=0.492 mean_cost=10.0444 (sbs=10.0484) vs_sbs=-0.04%
     OVRPB: top1=0.579 mean_cost=6.3171 (sbs=6.3220) vs_sbs=-0.08%
     OVRPL: top1=0.344 mean_cost=7.4379 (sbs=7.4376) vs_sbs=+0.01%
     VRPBL: top1=0.522 mean_cost=9.3604 (sbs=9.3593) vs_sbs=+0.01%
    VRPBTW: top1=0.417 mean_cost=19.0402 (sbs=19.6697) vs_sbs=-3.20%
    VRPLTW: top1=0.441 mean_cost=17.6387 (sbs=18.5091) vs_sbs=-4.70%
    OVRPBL: top1=0.553 mean_cost=6.3073 (sbs=6.3103) vs_sbs=-0.05%
   OVRPBTW: top1=0.483 mean_cost=10.5017 (sbs=10.5068) vs_sbs=-0.05%
   OVRPLTW: top1=0.490 mean_cost=10.1299 (sbs=10.1272) vs_sbs=+0.03%
   VRPBLTW: top1=0.436 mean_cost=18.9471 (sbs=19.5198) vs_sbs=-2.93%
  OVRPBLTW: top1=0.490 mean_cost=10.5357 (sbs=10.5412) vs_sbs=-0.05%
[epoch done 59] updates=15930 skipped_attempts_total=5 grad=0.3592 elapsed=24.3m
ep060 step015950 loss=0.42503 ce=1.05170 performance=0.16266 lr=2e-06 samples/s=8582 peak_GiB=18.68 time=24.3m
ep060 step016000 loss=0.43538 ce=1.06551 performance=0.17843 lr=2e-06 samples/s=8048 peak_GiB=18.68 time=24.4m
ep060 step016050 loss=0.43607 ce=1.06987 performance=0.17605 lr=2e-06 samples/s=7965 peak_GiB=18.68 time=24.4m
ep060 step016100 loss=0.43172 ce=1.06035 performance=0.17312 lr=2e-06 samples/s=8136 peak_GiB=18.68 time=24.5m
ep060 step016150 loss=0.43426 ce=1.06716 performance=0.17358 lr=2e-06 samples/s=8235 peak_GiB=18.68 time=24.5m
ep060 step016200 loss=0.43449 ce=1.06687 performance=0.17452 lr=2e-06 samples/s=8166 peak_GiB=18.68 time=24.6m
[eval epoch 60 performance] macro_top1=0.4661 top2=0.8042 top3=0.9159 vs_sbs=-1.028% vbs_closed=+27.55%
          classification_top1=0.4857 performance_top1=0.4661 classification_CE=1.08969 performance_MSE=0.20950
       TSP: top1=0.344 mean_cost=7.9158 (sbs=7.9578) vs_sbs=-0.53%
      CVRP: top1=0.450 mean_cost=18.2094 (sbs=18.2943) vs_sbs=-0.46%
      ATSP: top1=0.769 mean_cost=1.6353 (sbs=1.6735) vs_sbs=-2.28%
      OVRP: top1=0.308 mean_cost=7.4625 (sbs=7.4617) vs_sbs=+0.01%
      VRPB: top1=0.525 mean_cost=9.3384 (sbs=9.3403) vs_sbs=-0.02%
      VRPL: top1=0.297 mean_cost=12.4039 (sbs=12.4072) vs_sbs=-0.03%
     VRPTW: top1=0.457 mean_cost=17.8842 (sbs=18.6571) vs_sbs=-4.14%
    OVRPTW: top1=0.493 mean_cost=10.0437 (sbs=10.0484) vs_sbs=-0.05%
     OVRPB: top1=0.578 mean_cost=6.3171 (sbs=6.3220) vs_sbs=-0.08%
     OVRPL: top1=0.339 mean_cost=7.4389 (sbs=7.4376) vs_sbs=+0.02%
     VRPBL: top1=0.519 mean_cost=9.3612 (sbs=9.3593) vs_sbs=+0.02%
    VRPBTW: top1=0.416 mean_cost=19.0403 (sbs=19.6697) vs_sbs=-3.20%
    VRPLTW: top1=0.446 mean_cost=17.6336 (sbs=18.5091) vs_sbs=-4.73%
    OVRPBL: top1=0.554 mean_cost=6.3071 (sbs=6.3103) vs_sbs=-0.05%
   OVRPBTW: top1=0.485 mean_cost=10.5006 (sbs=10.5068) vs_sbs=-0.06%
   OVRPLTW: top1=0.486 mean_cost=10.1312 (sbs=10.1272) vs_sbs=+0.04%
   VRPBLTW: top1=0.433 mean_cost=18.9511 (sbs=19.5198) vs_sbs=-2.91%
  OVRPBLTW: top1=0.491 mean_cost=10.5356 (sbs=10.5412) vs_sbs=-0.05%
[epoch done 60] updates=16200 skipped_attempts_total=5 grad=0.3637 elapsed=24.8m
wandb:                                                                                
wandb: 
wandb: Run history:
wandb:                                       epoch ▁▁▁▁▁▂▂▂▂▂▃▃▃▃▃▃▃▄▄▄▄▄▄▅▅▅▅▆▆▆▆▆▇▇▇▇▇███
wandb:                         gpu/peak_memory_gib ▁▁▁▁▁▁▁▁▁▁▁▁▁▁▁▁▁▁▁▁▁▁▁▁▁▁▁▁▁▁▁▁▁▁▁▁▁▁▁▁
wandb:                       speed/samples_per_sec ▅▆▅▅▆▆▅▅▁▅▆▆▅▅██▆█▆▄▄▆█▄▆█▃▆▅█▅▅▆█▅▆█▆▆▅
wandb:                                    train/ce █▇▅▅▄▃▃▃▃▃▂▂▂▂▂▂▂▂▂▂▂▂▂▂▂▂▁▁▁▁▁▁▁▁▁▁▁▁▁▁
wandb:                             train/grad_norm ▄▄▃▄▄▄▄▄▃▃▄▃▃▄▄█▄▄▃▄▃▄▃▄▄▃▃▃▄▃▃▃▂▂▂▁▁▁▁▁
wandb:                                  train/loss ██▄▃▃▃▃▂▂▂▂▂▂▂▂▂▂▂▂▂▂▁▁▂▁▁▁▁▁▁▁▁▁▁▁▁▁▁▁▁
wandb:                                    train/lr ▆▆█████▇▇▇▇▇▆▆▆▆▅▅▅▅▄▃▃▃▃▃▃▂▂▂▂▂▂▂▁▁▁▁▁▁
wandb:                           train/performance █▆▅▅▅▄▄▃▄▄▃▂▂▂▂▂▂▂▂▂▂▂▂▂▂▁▂▂▁▁▁▁▁▁▁▁▁▁▁▁
wandb:                               train/skipped ▁▁▁▁▁▁▁█▁▁▁▁▁▁▁▁▁▁▁▁▁▁▁▁▁▁▁▁▁▁▁▁▁▁▁▁▁▁▁▁
wandb:                  val/ATSP/actual_regret_pct █▇▂▂▂▂▂▅▂▂▂▂▂▂▁▁▁▁▁▁▁▁▁▁▁▁▁▁▁▁▁▁▁▁▁▁▁▁▁▁
wandb:                                 val/ATSP/ce █▆▄▃▃▂▆▂▃▂▂▃▁▂▂▁▁▂▁▁▁▁▁▁▁▁▁▁▁▁▁▁▁▁▁▁▁▁▁▁
wandb:                          val/ATSP/mean_cost █▂▃▄▂▂▂▂▂▂▁▂▂▂▂▂▁▁▂▂▁▁▁▁▁▁▁▁▁▁▁▁▁▁▁▁▁▁▁▁
wandb:                    val/ATSP/performance_mse █▅▂▂▂▃▁▆▂▂▂▁▁▁▁▁▂▁▁▁▁▁▁▁▁▁▁▁▁▁▁▁▁▁▁▁▁▁▁▁
wandb:                               val/ATSP/top1 ▁▁▆▆▅▆▂▆▆▆▆▇▆▇▇▆█▇▇▇█▇▇█▇█▇████▇████████
wandb:                               val/ATSP/top2 ▂▁▄█▃█▂▆█▇▇██▇██████████████████████████
wandb:                               val/ATSP/top3 ▁▁▁██▃█▁▇█▇██▇████▇███▇█████████████████
wandb:                         val/ATSP/vs_sbs_pct █▂▂▃▄▂▆▂▂▂▁▂▂▂▁▁▂▁▁▂▂▁▁▁▁▁▁▁▁▁▁▁▁▁▁▁▁▁▁▁
wandb:                  val/CVRP/actual_regret_pct █▅▄▄▂▂▂▃▂▂▂▂▂▂▂▂▂▂▂▂▁▁▁▁▁▁▁▁▁▁▁▁▁▁▁▁▁▁▁▁
wandb:                                 val/CVRP/ce █▆▅▄▄▄▄▄▄▃▃▅▃▄▃▃▃▃▃▄▂▂▃▁▁▂▁▂▁▁▁▁▁▁▁▁▁▁▁▁
wandb:                          val/CVRP/mean_cost █▃▂▂▂▂▃▂▂▂▃▂▂▂▂▂▂▂▂▂▁▂▁▁▁▁▁▁▁▁▁▁▁▁▁▁▁▁▁▁
wandb:                    val/CVRP/performance_mse █▆▅▆▅▄▄▃▃▃▃▃▂▃▃█▂▂▃▂▁▂▁▁▁▁▁▁▁▁▁▁▁▁▁▁▁▁▁▁
wandb:                               val/CVRP/top1 ▁▂▃▄▄▄▄▅▅▄▄▄▅▅▆▅▄▆▇▆▆▆▇▇▇███████████████
wandb:                               val/CVRP/top2 ▁▃▅▃▄▅▄▆▆▅▅▆▆▄▆▆▆▆▆▆▆▇▇▇▇█▇▇█▇██████████
wandb:                               val/CVRP/top3 ▁▁▄▅▅▅▆▅▆▅▆▃▆▆▆▇▇▇▇▆▇▇█▇▆█▇██▇██████████
wandb:                         val/CVRP/vs_sbs_pct █▅▅▇▄▃▄▃▄▃▃▄▃▄▃▂▂▃▃▃▂▃▁▂▂▂▁▁▁▁▁▁▁▁▁▁▁▁▁▁
wandb:                  val/OVRP/actual_regret_pct █▁▁▁▁▂▂▁▁▁▁▁▁▂▁▁▁▂▁▁▁▁▁▁▁▁▁▁▁▁▁▁▁▁▁▁▁▁▁▁
wandb:                                 val/OVRP/ce █▁▁▁▁▁▁▁▁▁▁▁▁▂▁▁▁▁▁▁▁▁▁▁▁▁▁▁▁▁▁▁▁▁▁▁▁▁▁▁
wandb:                          val/OVRP/mean_cost █▁▁▁▁▂▁▂▁▁▁▁▁▁▁▁▁▂▁▁▁▁▁▁▁▁▁▁▁▁▁▁▁▁▁▁▁▁▁▁
wandb:                    val/OVRP/performance_mse █▄▄▃▅▂▂▂▂▂▂▂▂▆▂▁▁▁▂▁▁▁▂▁▁▁▁▂▁▁▁▁▁▁▁▁▁▁▁▁
wandb:                               val/OVRP/top1 ▁███▇▇▇▇▇▇▇▇▇▇▇▇▇▇▇▇███▇▇██████▇▇█▇▇▇▇▇▇
wandb:                               val/OVRP/top2 ▁█▇▇▇▇█▆▇██▇▇▇▇██▇▇██▇█▇▇███████████████
wandb:                               val/OVRP/top3 ▁▇██████████▇███▇███████████████████████
wandb:                         val/OVRP/vs_sbs_pct █▁▁▁▁▁▂▂▁▂▁▁▁▁▂▁▁▁▁▂▁▁▁▁▁▁▁▁▁▁▁▁▁▁▁▁▁▁▁▁
wandb:                 val/OVRPB/actual_regret_pct █▇▆▃▄▃▅▄▃▃▃▂▄▃▁▃▃▃▄▃▃▂▄▃▃▂▃▃▂▂▂▂▂▂▂▂▂▂▂▂
wandb:                                val/OVRPB/ce █▂▂▂▂▁▂▁▁▂▁▂▂▁▁▁▁▁▁▁▁▁▁▁▁▁▁▁▁▁▁▁▁▁▁▁▁▁▁▁
wandb:                         val/OVRPB/mean_cost ▇█▆▆▃▅▄▃▄▃▄▃▂▂▄▄▂▃▂▄▂▃▃▃▂▃▂▂▁▁▂▁▁▂▁▂▂▂▂▂
wandb:                   val/OVRPB/performance_mse █▅▅▅▄▄▅▃▃▂▂▂▂▂▂▃▂▁▁▁▁▁▂▁▁▁▁▂▁▁▁▂▂▂▁▂▂▂▂▂
wandb:                              val/OVRPB/top1 ▁▂▄▄▄▃▃▄▃▄▅▇▆▅▄█▄▄▆▅▇▄▅▆▆▆▇▇▅▆▇▆▇▇▇█▇▇▇▇
wandb:                              val/OVRPB/top2 ▅▁▃▃▆▆▆▆▃▆▅▆▆▅▃▆█▅▅▆▆█▆▆▆▆▆▆████████████
wandb:                              val/OVRPB/top3 ▁▇▅▅▅█▆▆▇▇█▆▇▇▆▇▇▇▇▇▇▇▇▇▇▇▇▇▇▇▇▇▇▇▇▇▇▇▇▇
wandb:                        val/OVRPB/vs_sbs_pct █▇▆▄▅▅▄▄▅▄▃▄▄▂▂▄▁▅▄▃▃▃▄▃▂▃▃▃▃▂▂▂▂▂▂▂▂▂▂▂
wandb:                val/OVRPBL/actual_regret_pct █▄▄▃▆▄▄▃▂▃▃▃▃▃▃▂▃▂▂▂▂▁▂▂▂▁▁▁▂▂▁▁▁▂▂▂▂▂▂▂
wandb:                               val/OVRPBL/ce █▂▂▁▁▁▁▁▁▁▁▁▁▁▁▁▁▁▁▁▁▁▁▁▁▁▁▁▁▁▁▁▁▁▁▁▁▁▁▁
wandb:                        val/OVRPBL/mean_cost █▅▄▆▃▄▃▃▃▂▃▃▃▃▂▂▂▂▂▁▃▂▂▂▂▁▁▂▁▁▁▁▂▂▁▂▂▂▂▂
wandb:                  val/OVRPBL/performance_mse █▅▅▄▃▃▃▃▃▃▂▂▂▂▂▂▁▁▂▁▁▁▁▁▁▁▁▁▁▁▁▁▂▁▁▁▁▁▁▁
wandb:                             val/OVRPBL/top1 ▁▅▇▃▆▄▄▅▄▆▅▆▇▇▆▅█▇▇▇▇▆▇▆▅▆▆▇▇▇▇▇▆▇▆▆▆▆▇▆
wandb:                             val/OVRPBL/top2 ████▁██████▇███████▇▇███████████████████
wandb:                             val/OVRPBL/top3 ▁▆██▇▆▆▆▆▇▆▇█▆███▇▇▇██▇███▇█▇███▇██▇████
wandb:                       val/OVRPBL/vs_sbs_pct █▅▄▃▄▃▄▃▃▄▃▃▃▂▃▃▂▃▂▂▁▂▃▂▂▁▁▂▁▁▁▁▂▁▂▂▂▂▂▂
wandb:              val/OVRPBLTW/actual_regret_pct ▃█▁▂▂▂▂▁▂▁▁▂▁▁▁▂▁▁▁▁▁▂▁▁▂▂▂▂▂▂▁▂▂▂▂▂▂▂▂▂
wandb:                             val/OVRPBLTW/ce █▂▂▂▁▁▂▁▁▂▁▁▁▁▁▁▁▁▁▁▁▁▁▁▁▁▁▁▁▁▁▁▁▁▁▁▁▁▁▁
wandb:                      val/OVRPBLTW/mean_cost █▃▄▇▆▄▂▃▂▂▃▃▂▁▁▂▂▂▂▃▃▂▂▂▄▃▃▃▃▃▂▃▃▃▃▃▃▃▃▃
wandb:                val/OVRPBLTW/performance_mse █▇▆▆▆▃▄▄▂▂▃▂▃▂▆▂▁▂▂▁▁▁▁▁▁▁▁▁▁▁▁▁▁▁▁▁▁▁▁▁
wandb:                           val/OVRPBLTW/top1 ▆▁▇▆▆▇▇█▇▇█▇▇▇▇██▇▇█▇▇▇▇█▇▇▇▇▇▇▇▇▇▇▇▇▇▇▇
wandb:                           val/OVRPBLTW/top2 █▁▇▄▆█▆█████████████████████████████████
wandb:                           val/OVRPBLTW/top3 ▁▇▇▅▇▇▂██▅█▇▇▅▇█▅▄▇█▇▇▇▇▇▇▇▇▇▇▇▇▇▇▇▇▇▇▇▇
wandb:                     val/OVRPBLTW/vs_sbs_pct █▂▂▃▃▂▂▁▂▁▂▁▁▁▁▁▁▁▁▁▂▁▁▂▁▂▂▂▂▁▁▂▂▂▁▂▂▂▂▂
wandb:               val/OVRPBTW/actual_regret_pct ▃█▁▂▁▁▂▂▁▂▂▁▂▁▁▂▂▁▂▁▁▁▂▁▁▁▂▁▁▂▁▁▁▁▁▁▁▁▂▁
wandb:                              val/OVRPBTW/ce █▂▂▂▁▁▂▁▁▁▁▁▁▁▁▁▁▁▁▁▁▁▁▁▁▁▁▁▁▁▁▁▁▁▁▁▁▁▁▁
wandb:                       val/OVRPBTW/mean_cost ▂█▁▂▂▁▂▂▁▂▂▂▁▂▂▁▂▂▁▁▁▂▂▂▁▂▁▁▁▂▁▁▁▁▁▁▂▁▂▁
wandb:                 val/OVRPBTW/performance_mse █▆▆▅▄▃▂▃▂▂▂▂▂▄▂▂▂▂▂▂▁▂▁▁▁▁▁▂▁▁▁▁▁▁▁▁▁▁▁▁
wandb:                            val/OVRPBTW/top1 ▆▁▇▇▇▇▇▇▇▇▇█▇██▆█▆▇█▆▇▇█▇▇▆▇▆▇▇▇▇▇▇▇▇▇▇▇
wandb:                            val/OVRPBTW/top2 █▁█▇▇██▆████████████████████████████████
wandb:                            val/OVRPBTW/top3 ▁▆▆▂█▆▃██▅██▅█████▇▇▇█▇▇▇█▇▇▇▇▇▇▇▇▇▇▇▇▇▇
wandb:                      val/OVRPBTW/vs_sbs_pct ▂█▁▁▂▂▁▂▁▂▁▂▁▁▁▂▂▁▁▂▂▁▂▁▁▂▁▁▁▂▁▁▁▁▁▁▁▁▁▁
wandb:                 val/OVRPL/actual_regret_pct █▁▁▁▁▁▁▂▁▁▁▁▂▁▁▁▁▁▁▁▁▁▁▁▁▁▁▁▁▁▁▁▁▁▁▁▁▁▁▁
wandb:                                val/OVRPL/ce █▂▂▂▁▁▁▁▁▁▁▂▁▁▁▁▁▁▁▁▁▁▁▁▁▁▁▁▁▁▁▁▁▁▁▁▁▁▁▁
wandb:                         val/OVRPL/mean_cost █▁▁▁▁▁▂▁▁▁▂▁▁▁▁▁▁▁▁▁▁▁▁▁▁▁▁▁▁▁▁▁▁▁▁▁▁▁▁▁
wandb:                   val/OVRPL/performance_mse █▄▄▇▃▃▃▂▂▂▂▂▂▂▁▁▁▁▁▁▁▁▁▁▁▂▁▁▁▁▁▁▁▁▁▁▁▁▁▁
wandb:                              val/OVRPL/top1 ▁▇▇█▇▇▇█▇▇██▇█▇▇▇▇▇▇█▇▇▇▇▇▇▇▇▇▇▇▇▇▇▇▇▇▇▇
wandb:                              val/OVRPL/top2 ▁██▇██▇█▇█▇▇█████▇████████▇█████████████
wandb:                              val/OVRPL/top3 ▁▇███████████▇██████████████████████████
wandb:                        val/OVRPL/vs_sbs_pct █▁▁▁▁▁▁▁▁▁▁▁▁▁▁▁▁▁▁▁▁▁▁▁▁▁▁▁▁▁▁▁▁▁▁▁▁▁▁▁
wandb:               val/OVRPLTW/actual_regret_pct █▆▄▃▃▂▄▂▅▃▄▅▂▂▂▁▁▂▂▂▂▂▂▃▂▃▂▃▃▄▄▃▃▃▃▄▃▃▃▄
wandb:                              val/OVRPLTW/ce ▅▅▄▄▅▃▄▂▂▂▂▂█▂▂▂▂▂▂▃▂▂▂▁▁▁▁▁▁▁▁▁▁▁▁▁▁▁▁▁
wandb:                       val/OVRPLTW/mean_cost ▄█▃▂▂▂▂▂▂▂▁▂▂▂▁▁▂▂▁▁▁▂▂▂▂▁▂▂▂▂▂▂▂▂▂▂▂▂▂▂
wandb:                 val/OVRPLTW/performance_mse █▇▇▆▅▅▃▅▆▃▃▃▂▃▂▂▂▁▂▂▁▂▁▂▁▁▁▁▁▁▁▁▁▁▁▁▁▁▁▁
wandb:                            val/OVRPLTW/top1 ▄▁▅▆▇▆▇▆▇▆▇▇▆▆██▇▆▇▆▇█▇█▇█▇▇▇▇█▇▇▇▇▇▇▇▇▆
wandb:                            val/OVRPLTW/top2 ▁█▇█▇███████████▇██▇██████████▇█████████
wandb:                            val/OVRPLTW/top3 ▅▆▇▄▇▁▇▆▄▇▅▇▇▇▇▇▆█▇▆▇▆█▇▇▇█▇█▇▇▇▇▇▇▇▇▇▇▇
wandb:                      val/OVRPLTW/vs_sbs_pct █▃▂▂▄▂▂▃▂▂▂▁▂▂▂▁▁▂▁▁▂▁▁▁▂▂▁▂▁▂▂▂▂▂▂▂▂▂▂▂
wandb:                val/OVRPTW/actual_regret_pct █▂▄▄▂▄▄▄▂▄▂▃▁▂▃▁▃▂▄▃▃▁▂▂▄▄▂▃▂▁▂▃▂▂▂▂▂▂▂▂
wandb:                               val/OVRPTW/ce █▂▂▁▁▂▁▁▁▁▁▁▂▁▁▁▁▁▁▁▁▁▁▁▁▁▁▁▁▁▁▁▁▁▁▁▁▁▁▁
wandb:                        val/OVRPTW/mean_cost ▅█▃▅▅▂▅▅▃▅▃▄▂▄▃▁▃▃▆▄▄▃▅▅▅▅▂▃▁▅▃▄▂▃▂▂▂▂▂▃
wandb:                  val/OVRPTW/performance_mse █▇▇▅▄▄▃▃▄▃▄▃▂▃▂▂▂▂▂▁▁▁▁▁▁▁▁▁▁▁▁▁▁▁▁▁▁▁▁▁
wandb:                             val/OVRPTW/top1 ▅▁▆█▅█▇▆▇█▇▇▆▆▇▆▇█▇▇▆▇▇█▆▅▇▆▆▇▆▆▇▆▇▆▇▇▇▆
wandb:                             val/OVRPTW/top2 ▁████▆███████████▇▇█▇███▇▇███▇▇▇▇▇▇▇▇▇▇▇
wandb:                             val/OVRPTW/top3 ▂▅▂▇▁▃▇▇▇▇▄▇▅▄█▆▇▇▇▇▆▇▇▇▅▇▇▇▆▇▇▇▇▇▇▇▇▇▇▇
wandb:                       val/OVRPTW/vs_sbs_pct █▄▆▄▄▂▄▄▂▄▃▁▂▃▂▁▃▅▃▄▂▂▄▄▄▄▂▃▃▁▂▄▁▃▂▂▂▂▂▂
wandb:                   val/TSP/actual_regret_pct █▇▆▅▂▁▁▁▁▂▄▁▁▂▂▂▁▁▂▁▁▂▁▁▁▁▁▁▁▁▁▁▁▁▁▁▁▁▂▁
wandb:                                  val/TSP/ce █▇▄▃▅▃▃▃▂▂▂▅▂▂▂▂▁▂▁▂▁▁▁▂▁▂▁▁▁▁▁▁▁▁▁▁▁▁▁▁
wandb:                           val/TSP/mean_cost █▆▄▃▂▂▁▁▂▃▁▂▁▂▂▁▁▁▁▁▁▁▁▁▁▁▁▁▁▁▁▁▁▁▁▁▁▁▁▁
wandb:                     val/TSP/performance_mse █▆▆▃▃▃▄▂▂▂▆▂▄▂▁▁▂▁▂▁▂▁▂▂▁▂▁▃▁▁▁▁▁▁▂▁▁▁▁▁
wandb:                                val/TSP/top1 ▂▁▄▆▄▅▇▆▇█▆▆▄█▆▆▆▇▇▇▇▇▇▇██▇▇▇▇▇▇▇▇▇▇▇▇▇▇
wandb:                                val/TSP/top2 ▁▁▃▅▆▅▆▆▇▇▆▆▄▇▇▇▆▇▇▇▇▇▆▇▇█▇█▇▇▇▇▇▇▇▇▇▇▇▇
wandb:                                val/TSP/top3 ▁▂▄▅▄▆▆▇▆▇▇▇▆▆▄▇▆▇▇▆█▇▇▇▇█▇█▇▇▇█▇▇▇▇▇▇▇▇
wandb:                          val/TSP/vs_sbs_pct █▆▃▂▂▁▁▁▁▂▁▁▁▂▁▂▂▁▂▁▁▁▁▂▁▁▁▁▁▁▁▁▁▁▁▂▁▁▂▁
wandb:                  val/VRPB/actual_regret_pct ▆▇▅█▅▃▃▁▃▃▄▆▄▄▄▃▅▃▃▄▃▆▂▃▃▂▃▃▃▃▃▂▂▂▂▂▂▂▂▂
wandb:                                 val/VRPB/ce █▆▅▄▄▃▃▃▃▃▂▂▂▂▃▂▂▂▂▁▂▁▁▁▁▁▁▁▁▁▁▁▁▁▁▁▁▁▁▁
wandb:                          val/VRPB/mean_cost ▅▅▄▅█▂▂▃▂▂▃▅▂▃▁▃▂▃▄▃▃▂▁▂▁▂▂▂▂▁▂▂▂▁▂▂▂▂▂▂
wandb:                    val/VRPB/performance_mse █▅▅▄▄▃▃▃▃▃▂▂▂▂▂▂▂▁▁▁▁▁▁▁▁▁▁▁▁▂▁▁▁▁▁▁▁▁▁▁
wandb:                               val/VRPB/top1 ▆▃▆▁▆▆█▅▆▂▇▅▄▅▄▇▅▅▆▂▇▆▇▆▅▅▅▇▅▆▆▆▇▆▅▇▆▆▆▆
wandb:                               val/VRPB/top2 ██▇█▁▇█▅▆██▇▅▇▇▆▆▇██▇▅██▇█▇▇▆██▇█▇█▇▇▇▇▇
wandb:                               val/VRPB/top3 ▁▆▇▆▅▇▇▇▇█▇█▇███████▇▇██████████████████
wandb:                         val/VRPB/vs_sbs_pct ▇▆█▅▃▄▁▃▃▃▇▄▄▄▂▅▆▄▄▅▃█▂▃▃▃▃▄▄▃▂▂▂▃▃▃▃▂▃▂
wandb:                 val/VRPBL/actual_regret_pct █▄▄▆▂▂▁▁▁▂▂▁▆▃▃▂▃▄▁▅▃▃▂▂▃▂▃▃▄▃▃▄▃▃▃▄▄▃▄▃
wandb:                                val/VRPBL/ce █▂▂▂▁▁▁▁▁▁▁▁▁▁▁▁▁▁▁▁▁▁▁▁▁▁▁▁▁▁▁▁▁▁▁▁▁▁▁▁
wandb:                         val/VRPBL/mean_cost █▄▃▆▂▁▁▁▂▂▃▃▂▂▅▃▄▅▂▂▃▄▂▃▂▃▃▄▃▃▃▄▃▄▄▃▄▄▄▄
wandb:                   val/VRPBL/performance_mse █▅▅▄▃▃▃▃▂▂▂▂▂▂▂▂▁▂▂▁▁▁▁▁▁▁▁▁▁▁▁▁▁▁▁▁▁▁▁▁
wandb:                              val/VRPBL/top1 ▂▄▆▂▆███▇▄█▁▃▇▆▃▃▅▅▃▆▄▃▆▆▃▆▆▃▄▄▄▅▃▄▅▄▄▅▄
wandb:                              val/VRPBL/top2 ███▁████▇█▄▇██▆▇▆█▆▅▅▅▇▇▆▇█▇▆▇▇▇▇▇▇▇▇▇▇▇
wandb:                              val/VRPBL/top3 ▁▇▇▇▇▇▇██▇██▇█▇█████████████████████████
wandb:                        val/VRPBL/vs_sbs_pct █▄▃▄▆▄▂▁▁▁▂▁▇▃▃▅▃▃▄▅▆▃▄▄▂▃▂▃▄▃▃▄▃▄▄▄▄▄▃▄
wandb:               val/VRPBLTW/actual_regret_pct ██▄▃▃▂▂▂▂▂▂▁▂▂▁▂▁▁▁▁▂▁▁▁▁▁▁▁▁▁▁▁▁▁▁▁▁▁▁▁
wandb:                              val/VRPBLTW/ce █▅▅▃▄▃▃▂▂▂▂▂▂▂▁▂▁▁▁▃▁▁▁▁▁▁▁▁▁▁▁▁▁▁▁▁▁▁▁▁
wandb:                       val/VRPBLTW/mean_cost █▆▄▂▃▂▂▂▂▁▁▁▁▂▁▁▁▁▁▁▁▁▁▁▁▁▁▁▁▁▁▁▁▁▁▁▁▁▁▁
wandb:                 val/VRPBLTW/performance_mse █▆▅▄▄▂▂▃▄▂▂▂▂▂▂▂▁▂▁▁▁▂▁▁▁▁▁▁▁▁▁▁▁▁▁▁▁▁▁▁
wandb:                            val/VRPBLTW/top1 ▄▁▅▅▅▆▆▆▆▆▆▇▆▆▆█▇▇▇▆▇█▇██▇██████████████
wandb:                            val/VRPBLTW/top2 ▁▆▆▅▇▆▇▇▇▆▇▇▇▇▇▇▇▇▇█▆▇██████████████████
wandb:                            val/VRPBLTW/top3 ▁▃▄▄▄▅▆▆▄▆▆▇▆▇▇▇▇▇▇█▆▇▇▇█▇▇█▇█▇▇█▇█▇███▇
wandb:                      val/VRPBLTW/vs_sbs_pct █▆▄▂▃▂▂▂▂▁▁▁▁▁▂▂▁▁▁▁▁▁▂▁▁▁▁▁▁▁▁▁▁▁▁▁▁▁▁▁
wandb:                val/VRPBTW/actual_regret_pct █▅▄▄▂▂▃▂▃▂▃▃▃▂▂▂▁▂▁▂▃▁▁▁▂▁▁▁▁▁▁▁▁▁▁▁▁▁▁▁
wandb:                               val/VRPBTW/ce █▄▄▃▃▄▂▃▂▂▂▂▂▁▂▁▂▁▁▁▁▂▂▁▁▂▁▂▁▁▁▁▁▁▁▁▁▁▁▁
wandb:                        val/VRPBTW/mean_cost █▅▃▃▃▂▂▃▂▂▂▂▁▁▁▁▁▁▂▂▁▂▁▁▁▁▁▁▁▁▁▁▁▁▁▁▁▁▁▁
wandb:                  val/VRPBTW/performance_mse █▅▄▄▄▄▃▂▂▂▂▂▂▂▁▂▂▁▁▁▁▁▁▁▁▁▁▁▁▁▁▁▁▁▁▁▁▁▁▁
wandb:                             val/VRPBTW/top1 ▄▁▅▆▄▅▇▇▆█▇▆▆▅▆▇█▇▇█▇▇▆▇▇▇▇▇▇▇▇██▇▇▇▇▇▇▇
wandb:                             val/VRPBTW/top2 ▄▁▄▄▅▇▇▆▇▆▇▆▆▆█▇█▇███▇▇██▇▇██▇██████████
wandb:                             val/VRPBTW/top3 ▁▃▃▅▄▆▇▅▇▆▇▆▆▆█▇███▇█▇▇██▇██████████████
wandb:                       val/VRPBTW/vs_sbs_pct ██▇▇▄▆▃▆▃▄▅▄▂▄▂▂▂▂▂▂▃▄▂▂▃▁▂▂▁▂▁▁▁▁▁▁▁▁▁▁
wandb:                  val/VRPL/actual_regret_pct █▂▂▂▁▂▂▁▂▁▁▃▁▁▃▁▂▁▁▁▁▁▁▁▁▁▁▁▁▁▁▁▁▁▁▁▁▁▁▁
wandb:                                 val/VRPL/ce █▂▂▂▂▁▁▁▁▁▁▁▃▁▁▁▁▁▁▁▁▁▁▁▁▁▁▁▁▁▁▁▁▁▁▁▁▁▁▁
wandb:                          val/VRPL/mean_cost █▄▂▂▁▂▂▂▁▂▁▃▁▁▃▂▁▁▁▁▁▁▂▁▁▁▁▁▁▁▁▁▁▁▁▁▁▁▁▁
wandb:                    val/VRPL/performance_mse █▄▄▃▃▂▂▂▂▂▂▂▅▂▂▂▃▁▁▁▁▁▁▁▁▁▁▁▂▁▁▁▁▁▁▁▁▁▁▁
wandb:                               val/VRPL/top1 ▁▄▅▇▆▆▅▆▅█▇██▅▇███▇▇▇▇▇█▇▇▇▇▆▆▆▇▇▇▇▇▇▇▇▇
wandb:                               val/VRPL/top2 ▁▅▇▇█▆▆▇██▇▆█▇███▆██▇█▇██▇█▇█▇▇▇█▇█▇▇▇██
wandb:                               val/VRPL/top3 ▁▄▅▆█▇▆▆███▆███▇▇███████████████████████
wandb:                         val/VRPL/vs_sbs_pct █▄▂▂▁▁▂▂▂▁▁▃▁▁▁▁▂▁▁▁▁▁▁▁▁▁▁▁▁▁▁▁▁▁▁▁▁▁▁▁
wandb:                val/VRPLTW/actual_regret_pct █▃▂▃▃▂▃▁▂▁▂▁▁▁▁▁▁▁▁▁▁▁▁▁▁▁▁▁▁▁▁▁▁▁▁▁▁▁▁▁
wandb:                               val/VRPLTW/ce █▄▃▄▄▂▂▄▂▂▂▂▁▂▁▁▁▁▁▂▁▁▁▁▁▁▁▁▁▁▁▁▁▁▁▁▁▁▁▁
wandb:                        val/VRPLTW/mean_cost █▃▂▃▃▂▂▁▁▁▂▁▂▁▁▁▁▁▁▁▁▁▁▁▁▁▁▁▁▁▁▁▁▁▁▁▁▁▁▁
wandb:                  val/VRPLTW/performance_mse █▅▅▃▄▂▂▄▂▂▂▂▁▂▂▁▂▁▁▁▁▂▁▁▁▁▁▁▁▁▁▁▁▁▁▁▁▁▁▁
wandb:                             val/VRPLTW/top1 ▃▂▁▄▅▆▃▇▆▆▅▄▇▇▆▆▆▇▇▇▆▆▆▇▆▇▇▇▇▇▇█▇▇▇▇▇▇▇█
wandb:                             val/VRPLTW/top2 ▁▁▄▃▆▃▇▇▇▇▆▆▆▇▇▆▇█▇▇▇▇▇▇▇▇▇█▇███████████
wandb:                             val/VRPLTW/top3 ▁▃▅▅▅▆▇▇▄▇▇▇▇▇█▇▇▇█▇██▇██████▇██████████
wandb:                       val/VRPLTW/vs_sbs_pct █▅▅▅▃▂▂▂▂▂▃▁▂▂▂▁▂▂▁▂▂▂▁▁▁▂▁▁▁▁▁▁▁▁▁▁▁▁▁▁
wandb:                 val/VRPTW/actual_regret_pct █▆▃▂▂▃▂▂▂▂▂▂▂▁▁▁▁▁▂▁▁▁▁▁▁▁▁▁▁▁▁▁▁▁▁▁▁▁▁▁
wandb:                                val/VRPTW/ce █▄▃▃▃▃▃▂▃▂▂▂▂▂▂▁▂▁▂▁▂▁▁▁▂▁▁▁▁▁▁▁▁▁▁▁▁▁▁▁
wandb:                         val/VRPTW/mean_cost █▅▃▂▂▂▂▂▁▂▂▂▁▁▁▁▁▁▁▁▁▁▁▁▁▁▁▁▁▁▁▁▁▁▁▁▁▁▁▁
wandb:                   val/VRPTW/performance_mse █▅▄▃▃▃▃▂▂▂▂▂▂▂▁▁▁▁▁▁▁▁▁▁▁▁▁▁▁▁▁▁▁▁▁▁▁▁▁▁
wandb:                              val/VRPTW/top1 ▁▁▄▄▄▆▅▇▇▇▇▇▇▇▇▇▇█▇███▇▇████▇███████████
wandb:                              val/VRPTW/top2 ▁▂▄▅▄▇▅▆▇▆▇▆▆▇▇▇▇▇▇█████████████████████
wandb:                              val/VRPTW/top3 ▁▂▃▅▆▆▄▇▆▇▆▇▆▇▇▇▇▇████▇█▆███▇███████████
wandb:                        val/VRPTW/vs_sbs_pct █▄▂▃▂▃▂▂▂▂▁▁▂▁▁▁▁▂▁▁▂▁▁▁▁▁▁▁▁▁▁▁▁▁▁▁▁▁▁▁
wandb:                 val/macro_actual_regret_pct ▇█▇▆▄▄▆▃▄▃▃▄▃▃▂▂▂▂▃▂▂▂▂▂▂▁▁▁▁▁▁▁▁▁▁▁▁▁▁▁
wandb:  val/macro_actual_regret_pct_classification █▅▃▃▃▃▂▂▂▂▂▂▂▂▂▁▂▁▁▁▁▂▁▁▁▁▁▁▁▁▁▁▁▁▁▁▁▁▁▁
wandb:     val/macro_actual_regret_pct_performance █▆▃▃▃▂▂▂▂▂▂▂▂▂▂▁▁▁▁▁▁▁▁▁▁▁▁▁▁▁▁▁▁▁▁▁▁▁▁▁
wandb:                                val/macro_ce █▄▃▂▂▂▂▂▂▂▂▂▂▁▁▁▁▁▁▁▁▁▁▁▁▁▁▁▁▁▁▁▁▁▁▁▁▁▁▁
wandb:                         val/macro_mean_cost █▅▂▃▂▂▂▂▂▂▂▂▁▂▁▁▁▁▁▁▁▁▁▁▁▁▁▁▁▁▁▁▁▁▁▁▁▁▁▁
wandb:          val/macro_mean_cost_classification █▆▆▅█▄▃▅▄▄▃▃▄▂▃▂▂▂▂▂▃▂▂▁▂▁▁▁▁▂▁▁▁▁▁▁▁▁▁▁
wandb:             val/macro_mean_cost_performance █▄▃▄▃▂▃▂▂▂▂▂▂▂▁▂▁▁▂▂▁▁▁▁▁▁▁▁▁▁▁▁▁▁▁▁▁▁▁▁
wandb:                   val/macro_performance_mse █▅▅▄▄▃▃▃▃▂▂▂▂▂▃▃▂▂▂▂▂▁▁▁▁▁▁▁▁▁▁▁▁▁▁▁▁▁▁▁
wandb:                    val/macro_performance_r2 ▁▄▄▄▅▆▆▆▇▇▇▇▆▇▇▇▇███████████████████████
wandb:              val/macro_performance_zero_mse ▁▁▁▁▁▁▁▁▁▁▁▁▁▁▁▁▁▁▁▁▁▁▁▁▁▁▁▁▁▁▁▁▁▁▁▁▁▁▁▁
wandb:                              val/macro_top1 ▁▅▆▅▅▅▆▇▆▇▆▇▆▇▇▇▇▇▇▇▇▇█▇████████████████
wandb:               val/macro_top1_classification ▁▄▆▆▆▆▆▆▆▆▆▇▇▇▇▇▇▇▇▇████████████████████
wandb:                  val/macro_top1_performance ▁▁▆▅▅▆▆▆▆▇▇▆▇▆▇▇▇▇▇▇█▇▇█▇███████████████
wandb:                    val/macro_top1_tie_aware ▁▁▆▅▆▆▆▆▇▆▇▆▆▇▇▇▇▇▇▇▇███████████████████
wandb:     val/macro_top1_tie_aware_classification ▁▄▅▆▅▆▆▆▆▆▆▇▇▇▇▇▇▇▇▇▇▇█▇████████████████
wandb:        val/macro_top1_tie_aware_performance ▁▁▅▆▅▆▆▇▇▇▇▆▇▇▇▇▇█▇█████████████████████
wandb:                              val/macro_top2 ▁▅▅▄▅▅▆▆▇▇▆▇▇▇▇▇█▇▇█▇███████████████████
wandb:               val/macro_top2_classification ▁▅▆▆▆▆▇▇▇▇▇▇▇▇▇▇▇▇▇█████████████████████
wandb:                  val/macro_top2_performance ▁▂▆▅▆▇▆▇▇▇▇▇▇▇█▇███▇████████████████████
wandb:                              val/macro_top3 ▁▄▆▆▇▇▇▇▇▇▇▇█▇▇▇▇███████████████████████
wandb:               val/macro_top3_classification ▁▅▆▇▆▇▇▇▇▇▇▇█▇█▇████████████████████████
wandb:                  val/macro_top3_performance ▁▃▅▅▅▆▅▅▆▆▇▇▆▇▇▇▇██▇███▇████████████████
wandb:                val/macro_vbs_gap_closed_pct ▁▄▇▇▇▇▇▇█▇▇█████████████████████████████
wandb: val/macro_vbs_gap_closed_pct_classification ▁▅▅▅▅▆▆▆▆▆▆▇▇▇▇▇▇▇▇▇█▇█▇▇███████████████
wandb:    val/macro_vbs_gap_closed_pct_performance ▁▇▇▇▇▇▇▇▇▇▇▇████▇███████████████████████
wandb:                     val/macro_vs_oracle_pct █▃▂▂▂▂▂▂▂▂▁▂▂▂▁▁▁▁▁▁▁▁▁▁▁▁▁▁▁▁▁▁▁▁▁▁▁▁▁▁
wandb:      val/macro_vs_oracle_pct_classification █▃▂▃▂▂▂▂▂▂▂▂▂▂▂▂▁▁▁▁▂▂▁▁▁▁▁▁▁▁▁▁▁▁▁▁▁▁▁▁
wandb:         val/macro_vs_oracle_pct_performance █▅▂▃▂▂▂▂▂▂▁▂▂▁▁▁▁▁▁▁▁▁▁▁▁▁▁▁▁▁▁▁▁▁▁▁▁▁▁▁
wandb:                        val/macro_vs_sbs_pct █▅▃▂▃▂▂▂▂▂▂▁▁▂▂▁▁▁▁▁▁▁▁▁▁▁▁▁▁▁▁▁▁▁▁▁▁▁▁▁
wandb:         val/macro_vs_sbs_pct_classification █▅▃▂▃▃▂▂▂▂▂▂▂▂▂▁▁▂▁▁▁▂▂▁▁▁▁▁▁▁▁▁▁▁▁▁▁▁▁▁
wandb:            val/macro_vs_sbs_pct_performance █▅▂▂▂▂▂▂▁▁▁▁▁▁▁▁▁▁▁▁▁▁▁▁▁▁▁▁▁▁▁▁▁▁▁▁▁▁▁▁
wandb: 
wandb: Run summary:
wandb:                                  best_epoch 47
wandb:                             best_val_vs_sbs -1.03205
wandb:                                       epoch 60
wandb:                              final_val_top1 0.46611
wandb:                         gpu/peak_memory_gib 18.68425
wandb:                       speed/samples_per_sec 8165.59601
wandb:                                    train/ce 1.06687
wandb:                             train/grad_norm 0.36367
wandb:                                  train/loss 0.43449
wandb:                                    train/lr 0.0
wandb:                           train/performance 0.17452
wandb:                               train/skipped 0
wandb:                  val/ATSP/actual_regret_pct 0.35063
wandb:                                 val/ATSP/ce 0.58554
wandb:                          val/ATSP/mean_cost 1.63533
wandb:                    val/ATSP/performance_mse 0.06007
wandb:                               val/ATSP/top1 0.769
wandb:                               val/ATSP/top2 0.966
wandb:                               val/ATSP/top3 0.989
wandb:                         val/ATSP/vs_sbs_pct -2.28217
wandb:                  val/CVRP/actual_regret_pct 0.69785
wandb:                                 val/CVRP/ce 1.36721
wandb:                          val/CVRP/mean_cost 18.20944
wandb:                    val/CVRP/performance_mse 0.15112
wandb:                               val/CVRP/top1 0.45
wandb:                               val/CVRP/top2 0.626
wandb:                               val/CVRP/top3 0.756
wandb:                         val/CVRP/vs_sbs_pct -0.46403
wandb:                  val/OVRP/actual_regret_pct 0.82289
wandb:                                 val/OVRP/ce 1.46087
wandb:                          val/OVRP/mean_cost 7.46253
wandb:                    val/OVRP/performance_mse 0.29718
wandb:                               val/OVRP/top1 0.308
wandb:                               val/OVRP/top2 0.627
wandb:                               val/OVRP/top3 0.834
wandb:                         val/OVRP/vs_sbs_pct 0.01173
wandb:                 val/OVRPB/actual_regret_pct 0.9165
wandb:                                val/OVRPB/ce 0.79864
wandb:                         val/OVRPB/mean_cost 6.31708
wandb:                   val/OVRPB/performance_mse 0.31478
wandb:                              val/OVRPB/top1 0.578
wandb:                              val/OVRPB/top2 0.969
wandb:                              val/OVRPB/top3 0.985
wandb:                        val/OVRPB/vs_sbs_pct -0.07744
wandb:                val/OVRPBL/actual_regret_pct 1.01421
wandb:                               val/OVRPBL/ce 0.84272
wandb:                        val/OVRPBL/mean_cost 6.30712
wandb:                  val/OVRPBL/performance_mse 0.30012
wandb:                             val/OVRPBL/top1 0.554
wandb:                             val/OVRPBL/top2 0.955
wandb:                             val/OVRPBL/top3 0.986
wandb:                       val/OVRPBL/vs_sbs_pct -0.04968
wandb:              val/OVRPBLTW/actual_regret_pct 1.22122
wandb:                             val/OVRPBLTW/ce 0.8741
wandb:                      val/OVRPBLTW/mean_cost 10.53564
wandb:                val/OVRPBLTW/performance_mse 0.0995
wandb:                           val/OVRPBLTW/top1 0.491
wandb:                           val/OVRPBLTW/top2 0.919
wandb:                           val/OVRPBLTW/top3 0.998
wandb:                     val/OVRPBLTW/vs_sbs_pct -0.05255
wandb:               val/OVRPBTW/actual_regret_pct 1.20396
wandb:                              val/OVRPBTW/ce 0.89131
wandb:                       val/OVRPBTW/mean_cost 10.5006
wandb:                 val/OVRPBTW/performance_mse 0.10322
wandb:                            val/OVRPBTW/top1 0.485
wandb:                            val/OVRPBTW/top2 0.91
wandb:                            val/OVRPBTW/top3 0.997
wandb:                      val/OVRPBTW/vs_sbs_pct -0.05882
wandb:                 val/OVRPL/actual_regret_pct 0.82095
wandb:                                val/OVRPL/ce 1.40691
wandb:                         val/OVRPL/mean_cost 7.43893
wandb:                   val/OVRPL/performance_mse 0.29701
wandb:                              val/OVRPL/top1 0.339
wandb:                              val/OVRPL/top2 0.64
wandb:                              val/OVRPL/top3 0.844
wandb:                        val/OVRPL/vs_sbs_pct 0.01844
wandb:               val/OVRPLTW/actual_regret_pct 0.93755
wandb:                              val/OVRPLTW/ce 0.87284
wandb:                       val/OVRPLTW/mean_cost 10.13119
wandb:                 val/OVRPLTW/performance_mse 0.10612
wandb:                            val/OVRPLTW/top1 0.486
wandb:                            val/OVRPLTW/top2 0.922
wandb:                            val/OVRPLTW/top3 0.998
wandb:                      val/OVRPLTW/vs_sbs_pct 0.03938
wandb:                val/OVRPTW/actual_regret_pct 0.87439
wandb:                               val/OVRPTW/ce 0.87389
wandb:                        val/OVRPTW/mean_cost 10.04372
wandb:                  val/OVRPTW/performance_mse 0.10578
wandb:                             val/OVRPTW/top1 0.493
wandb:                             val/OVRPTW/top2 0.92
wandb:                             val/OVRPTW/top3 0.998
wandb:                       val/OVRPTW/vs_sbs_pct -0.04693
wandb:                   val/TSP/actual_regret_pct 0.584
wandb:                                  val/TSP/ce 1.63534
wandb:                           val/TSP/mean_cost 7.91584
wandb:                     val/TSP/performance_mse 0.39515
wandb:                                val/TSP/top1 0.344
wandb:                                val/TSP/top2 0.558
wandb:                                val/TSP/top3 0.695
wandb:                          val/TSP/vs_sbs_pct -0.52729
wandb:                  val/VRPB/actual_regret_pct 0.76077
wandb:                                 val/VRPB/ce 0.88092
wandb:                          val/VRPB/mean_cost 9.33842
wandb:                    val/VRPB/performance_mse 0.33206
wandb:                               val/VRPB/top1 0.525
wandb:                               val/VRPB/top2 0.912
wandb:                               val/VRPB/top3 0.994
wandb:                         val/VRPB/vs_sbs_pct -0.01981
wandb:                 val/VRPBL/actual_regret_pct 0.82399
wandb:                                val/VRPBL/ce 0.9015
wandb:                         val/VRPBL/mean_cost 9.3612
wandb:                   val/VRPBL/performance_mse 0.34618
wandb:                              val/VRPBL/top1 0.519
wandb:                              val/VRPBL/top2 0.905
wandb:                              val/VRPBL/top3 0.991
wandb:                        val/VRPBL/vs_sbs_pct 0.02069
wandb:               val/VRPBLTW/actual_regret_pct 1.70808
wandb:                              val/VRPBLTW/ce 1.15808
wandb:                       val/VRPBLTW/mean_cost 18.95113
wandb:                 val/VRPBLTW/performance_mse 0.12643
wandb:                            val/VRPBLTW/top1 0.433
wandb:                            val/VRPBLTW/top2 0.776
wandb:                            val/VRPBLTW/top3 0.919
wandb:                      val/VRPBLTW/vs_sbs_pct -2.91321
wandb:                val/VRPBTW/actual_regret_pct 1.64351
wandb:                               val/VRPBTW/ce 1.14718
wandb:                        val/VRPBTW/mean_cost 19.04027
wandb:                  val/VRPBTW/performance_mse 0.13108
wandb:                             val/VRPBTW/top1 0.416
wandb:                             val/VRPBTW/top2 0.791
wandb:                             val/VRPBTW/top3 0.929
wandb:                       val/VRPBTW/vs_sbs_pct -3.2002
wandb:                  val/VRPL/actual_regret_pct 0.4822
wandb:                                 val/VRPL/ce 1.61254
wandb:                          val/VRPL/mean_cost 12.40388
wandb:                    val/VRPL/performance_mse 0.38734
wandb:                               val/VRPL/top1 0.297
wandb:                               val/VRPL/top2 0.538
wandb:                               val/VRPL/top3 0.724
wandb:                         val/VRPL/vs_sbs_pct -0.02688
wandb:                val/VRPLTW/actual_regret_pct 1.3201
wandb:                               val/VRPLTW/ce 1.13907
wandb:                        val/VRPLTW/mean_cost 17.63364
wandb:                  val/VRPLTW/performance_mse 0.11234
wandb:                             val/VRPLTW/top1 0.446
wandb:                             val/VRPLTW/top2 0.793
wandb:                             val/VRPLTW/top3 0.937
wandb:                       val/VRPLTW/vs_sbs_pct -4.73014
wandb:                 val/VRPTW/actual_regret_pct 1.36967
wandb:                                val/VRPTW/ce 1.16571
wandb:                         val/VRPTW/mean_cost 17.88417
wandb:                   val/VRPTW/performance_mse 0.10543
wandb:                              val/VRPTW/top1 0.457
wandb:                              val/VRPTW/top2 0.748
wandb:                              val/VRPTW/top3 0.913
wandb:                        val/VRPTW/vs_sbs_pct -4.1427
wandb:                 val/macro_actual_regret_pct 0.97514
wandb:  val/macro_actual_regret_pct_classification 0.93139
wandb:     val/macro_actual_regret_pct_performance 0.97514
wandb:                                val/macro_ce 1.08969
wandb:                         val/macro_mean_cost 11.17279
wandb:          val/macro_mean_cost_classification 11.16933
wandb:             val/macro_mean_cost_performance 11.17279
wandb:                   val/macro_performance_mse 0.2095
wandb:                    val/macro_performance_r2 0.7862
wandb:              val/macro_performance_zero_mse 0.98336
wandb:                              val/macro_top1 0.46611
wandb:               val/macro_top1_classification 0.48572
wandb:                  val/macro_top1_performance 0.46611
wandb:                    val/macro_top1_tie_aware 0.46728
wandb:     val/macro_top1_tie_aware_classification 0.4865
wandb:        val/macro_top1_tie_aware_performance 0.46728
wandb:                              val/macro_top2 0.80417
wandb:               val/macro_top2_classification 0.82044
wandb:                  val/macro_top2_performance 0.80417
wandb:                              val/macro_top3 0.91594
wandb:               val/macro_top3_classification 0.92733
wandb:                  val/macro_top3_performance 0.91594
wandb:                val/macro_vbs_gap_closed_pct 27.55138
wandb: val/macro_vbs_gap_closed_pct_classification 31.41576
wandb:    val/macro_vbs_gap_closed_pct_performance 27.55138
wandb:                     val/macro_vs_oracle_pct 0.936
wandb:      val/macro_vs_oracle_pct_classification 0.89988
wandb:         val/macro_vs_oracle_pct_performance 0.936
wandb:                        val/macro_vs_sbs_pct -1.02787
wandb:         val/macro_vs_sbs_pct_classification -1.06354
wandb:            val/macro_vs_sbs_pct_performance -1.02787
wandb: 
wandb: You can sync this run to the cloud by running:
wandb: wandb sync code/V4/runs/R39_performance_model/performance_seed2/wandb/offline-run-20260930_190805-fgmn80mu
wandb: Find logs at: code/V4/runs/R39_performance_model/performance_seed2/wandb/offline-run-20260930_190805-fgmn80mu/logs
[done] performance_seed2 epochs=60 updates=16200 best_epoch=47 final_top1=0.4661 seconds=1491.4
