index,nodes,native_winner,pred,strict_correct,winner_gap_pct,actual_regret_pct,gap_bucket,size_bucket,size_prior_pred
0,362,4,0,False,1.0451257643941005,2.7484353279777944,>0.5%,"(275,386]",0
1,84,2,3,False,0.10421786631229762,0.10421786631229762,"(0.1%,0.5%]","(-inf,161]",0
2,153,0,0,True,0.14753170437402058,0.0,"(0.1%,0.5%]","(-inf,161]",0
3,314,0,0,True,0.4490785130800129,0.0,"(0.1%,0.5%]","(275,386]",0
4,235,1,0,False,0.42421791528709324,0.42421791528709324,"(0.1%,0.5%]","(161,275]",0
5,168,6,2,False,1.5617045763457975,2.416709694040421,>0.5%,"(161,275]",0
6,73,2,3,False,0.0,0.1449393144031228,=0,"(-inf,161]",0
7,488,2,7,False,0.4375494816090869,0.4375494816090869,"(0.1%,0.5%]","(386,inf]",7
8,428,6,7,False,0.7506204811678642,0.7506204811678642,>0.5%,"(386,inf]",7
9,376,7,7,True,1.8597336199093293,0.0,>0.5%,"(275,386]",0
10,403,2,0,False,0.0021270634479530455,0.0021270634479530455,"(0,0.01%]","(386,inf]",7
11,211,0,0,True,0.250881612704978,0.0,"(0.1%,0.5%]","(161,275]",0
12,261,2,7,False,0.7799978134928751,0.7799978134928751,>0.5%,"(161,275]",0
13,246,0,0,True,0.41652851579457123,0.0,"(0.1%,0.5%]","(161,275]",0
14,266,0,0,True,0.4754399202515347,0.0,"(0.1%,0.5%]","(161,275]",0
15,348,1,7,False,0.14471155027602367,1.94467259385687,"(0.1%,0.5%]","(275,386]",0
16,488,7,7,True,0.43130531227021,0.0,"(0.1%,0.5%]","(386,inf]",7
17,165,6,0,False,0.04233817219252725,0.04233817219252725,"(0.01%,0.1%]","(161,275]",0
18,143,3,0,False,0.2515489618408426,0.5831301616168705,"(0.1%,0.5%]","(-inf,161]",0
19,440,0,0,True,0.27165918653512144,0.0,"(0.1%,0.5%]","(386,inf]",7
20,470,0,7,False,0.8872245557963333,1.1911616999138634,>0.5%,"(386,inf]",7
21,437,2,0,False,0.5419162647040582,0.9049681663283362,>0.5%,"(386,inf]",7
22,361,4,0,False,0.5737074187668497,0.5737074187668497,>0.5%,"(275,386]",0
23,316,0,0,True,0.41073437393221457,0.0,"(0.1%,0.5%]","(275,386]",0
24,405,7,7,True,0.09247222781421771,0.0,"(0.01%,0.1%]","(386,inf]",7
25,346,2,7,False,0.08319056841412079,0.08319056841412079,"(0.01%,0.1%]","(275,386]",0
26,314,4,0,False,0.3921806055886519,0.3921806055886519,"(0.1%,0.5%]","(275,386]",0
27,54,3,3,True,1.050240126902615e-05,0.0,"(0,0.01%]","(-inf,161]",0
28,254,2,0,False,0.37352905513823786,0.5865236852494267,"(0.1%,0.5%]","(161,275]",0
29,206,0,0,True,0.012530074762700811,0.0,"(0.01%,0.1%]","(161,275]",0
30,297,6,0,False,0.117729861019259,0.117729861019259,"(0.1%,0.5%]","(275,386]",0
31,86,0,3,False,0.05271418875367238,0.05271418875367238,"(0.01%,0.1%]","(-inf,161]",0
32,200,0,0,True,0.1921545287168809,0.0,"(0.1%,0.5%]","(161,275]",0
33,412,6,7,False,0.030284333016219214,0.8116865164656201,"(0.01%,0.1%]","(386,inf]",7
34,155,4,0,False,0.03783274278045514,0.03783274278045514,"(0.01%,0.1%]","(-inf,161]",0
35,66,0,3,False,0.0,1.230515500412992,=0,"(-inf,161]",0
36,409,4,0,False,0.43750664640807024,2.0138793147452096,"(0.1%,0.5%]","(386,inf]",7
37,107,3,0,False,0.0010837148009432654,0.0010837148009432654,"(0,0.01%]","(-inf,161]",0
38,126,0,0,True,0.579530833167318,0.0,>0.5%,"(-inf,161]",0
39,300,7,0,False,0.33138250014963494,1.1808107935985375,"(0.1%,0.5%]","(275,386]",0
40,114,0,0,True,0.25343238906885246,0.0,"(0.1%,0.5%]","(-inf,161]",0
41,329,6,0,False,0.43659018678208233,0.43659018678208233,"(0.1%,0.5%]","(275,386]",0
42,361,6,0,False,0.724170010224983,1.7922030717960507,>0.5%,"(275,386]",0
43,376,0,0,True,0.8521930932445586,0.0,>0.5%,"(275,386]",0
44,233,2,0,False,0.3732523893835524,8.472343179791626,"(0.1%,0.5%]","(161,275]",0
45,159,2,3,False,0.9265638166728778,1.0114288495024808,>0.5%,"(-inf,161]",0
46,199,6,0,False,0.16393822778224637,0.16393822778224637,"(0.1%,0.5%]","(161,275]",0
47,105,3,3,True,0.1603827326747786,0.0,"(0.1%,0.5%]","(-inf,161]",0
48,138,0,0,True,1.909235832419889,0.0,>0.5%,"(-inf,161]",0
49,473,2,7,False,0.609272329836715,0.609272329836715,>0.5%,"(386,inf]",7
50,306,2,7,False,0.7370179100705633,0.9185232269657669,>0.5%,"(275,386]",0
51,439,7,7,True,0.21538553358780246,0.0,"(0.1%,0.5%]","(386,inf]",7
52,102,3,3,True,0.23294536508225955,0.0,"(0.1%,0.5%]","(-inf,161]",0
53,390,7,7,True,0.5129339385969611,0.0,>0.5%,"(386,inf]",7
54,429,6,7,False,0.9680129551877399,0.9680129551877399,>0.5%,"(386,inf]",7
55,446,4,0,False,0.23881156941013623,0.23881156941013623,"(0.1%,0.5%]","(386,inf]",7
56,343,4,7,False,0.8334724995071466,0.8334724995071466,>0.5%,"(275,386]",0
57,216,0,0,True,1.7212120937864166,0.0,>0.5%,"(161,275]",0
58,162,0,0,True,0.06762119961415711,0.0,"(0.01%,0.1%]","(161,275]",0
59,243,0,0,True,1.3646169471810778,0.0,>0.5%,"(161,275]",0
60,486,0,0,True,0.1205078394696686,0.0,"(0.1%,0.5%]","(386,inf]",7
61,377,4,0,False,0.17660819183896045,0.17660819183896045,"(0.1%,0.5%]","(275,386]",0
62,369,4,0,False,0.30616437290900544,0.30616437290900544,"(0.1%,0.5%]","(275,386]",0
63,176,0,0,True,0.02601774700611838,0.0,"(0.01%,0.1%]","(161,275]",0
64,363,2,0,False,0.7080065606761219,0.7080065606761219,>0.5%,"(275,386]",0
65,323,0,0,True,0.5591627416849629,0.0,>0.5%,"(275,386]",0
66,353,7,0,False,1.4199657021923517,2.5149123931830903,>0.5%,"(275,386]",0
67,192,0,0,True,0.7293503215943449,0.0,>0.5%,"(161,275]",0
68,459,7,0,False,0.09891886419120081,1.1897589293251087,"(0.01%,0.1%]","(386,inf]",7
69,300,0,7,False,0.02917138970580217,0.6056680509719045,"(0.01%,0.1%]","(275,386]",0
70,129,2,0,False,0.28093996373267144,6.185691502486119,"(0.1%,0.5%]","(-inf,161]",0
71,107,3,0,False,0.014653096782170506,0.06424002574792143,"(0.01%,0.1%]","(-inf,161]",0
72,93,2,2,True,0.08581587015099082,0.0,"(0.01%,0.1%]","(-inf,161]",0
73,254,7,2,False,1.381995544674249,1.381995544674249,>0.5%,"(161,275]",0
74,382,4,0,False,0.1370977282869774,1.1663206951951912,"(0.1%,0.5%]","(275,386]",0
75,473,2,0,False,0.24267542309623233,4.507921243861325,"(0.1%,0.5%]","(386,inf]",7
76,345,7,0,False,1.0202484814419936,3.570399925695101,>0.5%,"(275,386]",0
77,383,2,7,False,0.011075268084512677,1.2828145507389341,"(0.01%,0.1%]","(275,386]",0
78,288,4,0,False,0.6911287369457566,1.1209551044921426,>0.5%,"(275,386]",0
79,108,1,3,False,0.05606035406100157,0.3133230926443993,"(0.01%,0.1%]","(-inf,161]",0
80,108,3,3,True,0.33559751185497805,0.0,"(0.1%,0.5%]","(-inf,161]",0
81,122,4,0,False,0.12985085632134216,0.12985085632134216,"(0.1%,0.5%]","(-inf,161]",0
82,407,1,7,False,0.12697922831274006,0.47917477331910857,"(0.1%,0.5%]","(386,inf]",7
83,141,5,3,False,0.5270293724941446,0.6282535610002448,>0.5%,"(-inf,161]",0
84,177,0,0,True,0.565171088815824,0.0,>0.5%,"(161,275]",0
85,139,4,0,False,0.05978398043153863,0.05978398043153863,"(0.01%,0.1%]","(-inf,161]",0
86,141,0,0,True,0.5309739323338788,0.0,>0.5%,"(-inf,161]",0
87,231,0,0,True,0.770675840180153,0.0,>0.5%,"(161,275]",0
88,395,2,7,False,0.8786868295263275,2.1001574640603446,>0.5%,"(386,inf]",7
89,455,7,7,True,0.24721845230777834,0.0,"(0.1%,0.5%]","(386,inf]",7
90,367,4,0,False,0.18738770940769114,0.18738770940769114,"(0.1%,0.5%]","(275,386]",0
91,215,7,0,False,0.7668545703575756,1.2541222333114204,>0.5%,"(161,275]",0
92,373,7,7,True,0.1271564375566927,0.0,"(0.1%,0.5%]","(275,386]",0
93,296,7,7,True,0.9397805083052457,0.0,>0.5%,"(275,386]",0
94,367,0,7,False,1.320447594791692,2.716930749806973,>0.5%,"(275,386]",0
95,62,6,3,False,3.878456636417077e-06,0.07966964491077379,"(0,0.01%]","(-inf,161]",0
96,192,6,0,False,0.19575752970731747,1.7427353770470828,"(0.1%,0.5%]","(161,275]",0
97,375,0,0,True,0.007836819515250632,0.0,"(0,0.01%]","(275,386]",0
98,249,4,0,False,1.1098120813906647,1.9143342774473882,>0.5%,"(161,275]",0
99,233,0,0,True,1.0277282941385806,0.0,>0.5%,"(161,275]",0
100,75,4,3,False,0.02551351515226159,0.10283092961850995,"(0.01%,0.1%]","(-inf,161]",0
101,275,2,7,False,1.099628306931596,2.5430920101192203,>0.5%,"(161,275]",0
102,88,1,0,False,0.05572869177545302,0.9079596895085261,"(0.01%,0.1%]","(-inf,161]",0
103,260,7,0,False,0.23860988348855505,3.7470946081287626,"(0.1%,0.5%]","(161,275]",0
104,149,6,2,False,0.028462317573915402,0.028462317573915402,"(0.01%,0.1%]","(-inf,161]",0
105,230,0,0,True,0.0475257636324076,0.0,"(0.01%,0.1%]","(161,275]",0
106,312,4,0,False,0.16971957170012442,0.16971957170012442,"(0.1%,0.5%]","(275,386]",0
107,79,3,3,True,9.43995536539397e-06,0.0,"(0,0.01%]","(-inf,161]",0
108,457,0,0,True,0.0024799200588445924,0.0,"(0,0.01%]","(386,inf]",7
109,61,3,3,True,6.193050641627916e-06,0.0,"(0,0.01%]","(-inf,161]",0
110,392,7,7,True,0.1766261227833692,0.0,"(0.1%,0.5%]","(386,inf]",7
111,288,7,0,False,1.1835261354965685,9.974094869139845,>0.5%,"(275,386]",0
112,399,2,0,False,0.154955667851588,0.7512868221189806,"(0.1%,0.5%]","(386,inf]",7
113,484,0,0,True,0.21628318820901124,0.0,"(0.1%,0.5%]","(386,inf]",7
114,233,6,0,False,0.1585213808492692,7.023993083195336,"(0.1%,0.5%]","(161,275]",0
115,156,2,2,True,1.6158903274085805,0.0,>0.5%,"(-inf,161]",0
116,377,7,0,False,0.21890731206525302,4.0396392415181355,"(0.1%,0.5%]","(275,386]",0
117,61,2,3,False,0.0,0.5083487222125787,=0,"(-inf,161]",0
118,225,4,0,False,0.8866974796642486,8.697113884241865,>0.5%,"(161,275]",0
119,220,4,0,False,0.3498581571699243,0.3599513746545164,"(0.1%,0.5%]","(161,275]",0
120,116,3,3,True,0.6063294507307675,0.0,>0.5%,"(-inf,161]",0
121,277,7,7,True,0.42886610416800247,0.0,"(0.1%,0.5%]","(275,386]",0
122,382,0,7,False,0.03408137915597574,1.36541505054414,"(0.01%,0.1%]","(275,386]",0
123,480,0,7,False,0.17299255851004527,0.17299255851004527,"(0.1%,0.5%]","(386,inf]",7
124,455,4,0,False,0.9928115562683955,0.9928115562683955,>0.5%,"(386,inf]",7
125,112,3,0,False,0.02297899470499525,0.08341986921722407,"(0.01%,0.1%]","(-inf,161]",0
126,394,0,0,True,0.23775357340797415,0.0,"(0.1%,0.5%]","(386,inf]",7
127,476,2,7,False,0.9429575095277228,1.0720728272977769,>0.5%,"(386,inf]",7
128,123,7,0,False,0.4476009239453281,0.4476009239453281,"(0.1%,0.5%]","(-inf,161]",0
129,469,7,7,True,0.25099723425900095,0.0,"(0.1%,0.5%]","(386,inf]",7
130,300,1,2,False,0.08295811618425536,1.6128082268882447,"(0.01%,0.1%]","(275,386]",0
131,173,4,0,False,1.034140076649707,1.034140076649707,>0.5%,"(161,275]",0
132,74,3,3,True,0.13439158137801832,0.0,"(0.1%,0.5%]","(-inf,161]",0
133,439,7,7,True,0.46779042335187554,0.0,"(0.1%,0.5%]","(386,inf]",7
134,347,0,0,True,0.03592677378105144,0.0,"(0.01%,0.1%]","(275,386]",0
135,268,0,0,True,0.1379596031507997,0.0,"(0.1%,0.5%]","(161,275]",0
136,259,6,0,False,0.24310292524724353,1.855732480296565,"(0.1%,0.5%]","(161,275]",0
137,488,6,0,False,0.164158599264979,0.35418732106828227,"(0.1%,0.5%]","(386,inf]",7
138,203,0,0,True,0.4104424527474712,0.0,"(0.1%,0.5%]","(161,275]",0
139,221,4,7,False,0.028579767464294904,1.4629578700187027,"(0.01%,0.1%]","(161,275]",0
140,238,6,2,False,0.14105648023126124,0.3330863343066868,"(0.1%,0.5%]","(161,275]",0
141,487,2,7,False,0.08706109882467102,0.13408055973550315,"(0.01%,0.1%]","(386,inf]",7
142,98,3,3,True,0.3444551465422947,0.0,"(0.1%,0.5%]","(-inf,161]",0
143,183,0,0,True,0.8451037693384558,0.0,>0.5%,"(161,275]",0
144,164,6,2,False,0.2759861088006756,0.2759861088006756,"(0.1%,0.5%]","(161,275]",0
145,209,0,0,True,1.4885493637500697,0.0,>0.5%,"(161,275]",0
146,406,6,7,False,0.6628905444363186,1.2517630452688484,>0.5%,"(386,inf]",7
147,55,3,3,True,1.1045542175447528e-05,0.0,"(0,0.01%]","(-inf,161]",0
148,479,2,7,False,0.7218876134643758,0.7218876134643758,>0.5%,"(386,inf]",7
149,103,2,0,False,0.12350782089599732,0.4170201910005665,"(0.1%,0.5%]","(-inf,161]",0
150,419,2,0,False,0.05369569093646991,0.9768306388169649,"(0.01%,0.1%]","(386,inf]",7
151,395,6,0,False,0.04751213381077739,5.9851520538928575,"(0.01%,0.1%]","(386,inf]",7
152,288,0,0,True,0.9762519947336432,0.0,>0.5%,"(275,386]",0
153,379,0,0,True,0.1497057474865052,0.0,"(0.1%,0.5%]","(275,386]",0
154,137,6,0,False,0.22392991378289098,3.077729863457472,"(0.1%,0.5%]","(-inf,161]",0
155,387,6,0,False,0.2667726149871961,0.3084854762780145,"(0.1%,0.5%]","(386,inf]",7
156,350,7,0,False,0.7761886167165446,4.144979719882894,>0.5%,"(275,386]",0
157,460,0,0,True,0.6785919551635249,0.0,>0.5%,"(386,inf]",7
158,373,4,7,False,0.7627819355828076,0.7627819355828076,>0.5%,"(275,386]",0
159,379,0,0,True,0.7760283295850497,0.0,>0.5%,"(275,386]",0
160,412,1,7,False,1.11613926313056,1.11613926313056,>0.5%,"(386,inf]",7
161,413,0,0,True,0.2968015317789725,0.0,"(0.1%,0.5%]","(386,inf]",7
162,179,6,0,False,0.03597261275265125,0.08359233342054005,"(0.01%,0.1%]","(161,275]",0
163,199,7,2,False,1.1594031550041541,1.7767107967268683,>0.5%,"(161,275]",0
164,250,0,0,True,0.654656181926396,0.0,>0.5%,"(161,275]",0
165,344,4,7,False,1.0857100038443745,2.7655557331216802,>0.5%,"(275,386]",0
166,149,4,0,False,0.15887705097043522,0.15887705097043522,"(0.1%,0.5%]","(-inf,161]",0
167,297,2,6,False,0.8976549418259779,1.8063284476420842,>0.5%,"(275,386]",0
168,335,7,4,False,0.491032981136684,0.491032981136684,"(0.1%,0.5%]","(275,386]",0
169,417,2,7,False,0.7623152633991875,1.8678980605027442,>0.5%,"(386,inf]",7
170,199,0,0,True,0.22243595901482835,0.0,"(0.1%,0.5%]","(161,275]",0
171,284,0,0,True,1.211475597458259,0.0,>0.5%,"(275,386]",0
172,460,0,7,False,0.272875736264897,2.2093754021335172,"(0.1%,0.5%]","(386,inf]",7
173,253,0,0,True,0.5570426622625737,0.0,>0.5%,"(161,275]",0
174,68,1,3,False,0.0002542127646644766,0.0002560569046399908,"(0,0.01%]","(-inf,161]",0
175,231,0,0,True,0.23599964683844488,0.0,"(0.1%,0.5%]","(161,275]",0
176,119,0,0,True,0.47792441790497187,0.0,"(0.1%,0.5%]","(-inf,161]",0
177,201,4,0,False,1.3015711535543173,1.4927826928971766,>0.5%,"(161,275]",0
178,280,7,2,False,0.337319989799118,0.337319989799118,"(0.1%,0.5%]","(275,386]",0
179,396,7,7,True,0.16685634255945267,0.0,"(0.1%,0.5%]","(386,inf]",7
180,103,3,3,True,0.3954192365632011,0.0,"(0.1%,0.5%]","(-inf,161]",0
181,300,4,0,False,1.0175486733058943,1.0175486733058943,>0.5%,"(275,386]",0
182,333,4,0,False,0.3874617394911059,0.3874617394911059,"(0.1%,0.5%]","(275,386]",0
183,463,7,0,False,0.16348147797348273,0.16348147797348273,"(0.1%,0.5%]","(386,inf]",7
184,58,0,3,False,0.0434176151224572,0.2788855629922734,"(0.01%,0.1%]","(-inf,161]",0
185,202,0,0,True,0.3979838275517286,0.0,"(0.1%,0.5%]","(161,275]",0
186,96,0,3,False,0.17447093257219104,0.2884797478198304,"(0.1%,0.5%]","(-inf,161]",0
187,391,1,0,False,0.3779285685086036,5.3433943614921136,"(0.1%,0.5%]","(386,inf]",7
188,268,4,0,False,0.20270375595344164,1.2551834808441897,"(0.1%,0.5%]","(161,275]",0
189,369,2,0,False,0.5689650441613416,4.007356904668331,>0.5%,"(275,386]",0
190,110,0,3,False,0.19843664753112947,0.5148730922802833,"(0.1%,0.5%]","(-inf,161]",0
191,399,4,0,False,0.746059808673873,0.8187851784951858,>0.5%,"(386,inf]",7
192,112,3,0,False,0.10007361587217291,0.10007361587217291,"(0.1%,0.5%]","(-inf,161]",0
193,345,7,0,False,0.737058481172272,1.7388005517841747,>0.5%,"(275,386]",0
194,349,2,7,False,1.2877739492793234,1.443900959693073,>0.5%,"(275,386]",0
195,226,2,0,False,0.3876633551352202,2.8493347973611014,"(0.1%,0.5%]","(161,275]",0
196,247,4,0,False,2.206842978458174,3.140403558544156,>0.5%,"(161,275]",0
197,488,1,7,False,0.14295705235755177,1.5240411934922293,"(0.1%,0.5%]","(386,inf]",7
198,235,0,0,True,0.9185989682369928,0.0,>0.5%,"(161,275]",0
199,144,3,0,False,0.23563211883411805,0.23563211883411805,"(0.1%,0.5%]","(-inf,161]",0
200,273,7,0,False,0.14078194285043838,0.47742416714024477,"(0.1%,0.5%]","(161,275]",0
201,127,6,0,False,0.32208282936388644,0.32208282936388644,"(0.1%,0.5%]","(-inf,161]",0
202,276,0,0,True,1.439352579196036,0.0,>0.5%,"(275,386]",0
203,91,3,3,True,0.3014919819165137,0.0,"(0.1%,0.5%]","(-inf,161]",0
204,143,0,0,True,0.3135345510319157,0.0,"(0.1%,0.5%]","(-inf,161]",0
205,284,4,0,False,0.39150363801871174,0.7823239163864959,"(0.1%,0.5%]","(275,386]",0
206,219,4,0,False,0.059314891999321794,0.059314891999321794,"(0.01%,0.1%]","(161,275]",0
207,305,2,6,False,0.5557376463062705,0.5557376463062705,>0.5%,"(275,386]",0
208,300,0,0,True,1.2919559895969572,0.0,>0.5%,"(275,386]",0
209,352,0,0,True,0.3536321358938881,0.0,"(0.1%,0.5%]","(275,386]",0
210,236,1,2,False,0.1439165581882688,0.7896098885012399,"(0.1%,0.5%]","(161,275]",0
211,485,7,0,False,0.7407845082373412,0.7407845082373412,>0.5%,"(386,inf]",7
212,368,0,7,False,0.8842553598764414,0.8842553598764414,>0.5%,"(275,386]",0
213,438,0,0,True,0.02556207060637164,0.0,"(0.01%,0.1%]","(386,inf]",7
214,221,1,0,False,0.03884228569252715,0.3861653366761873,"(0.01%,0.1%]","(161,275]",0
215,325,2,7,False,1.0124485809285517,1.105138621883637,>0.5%,"(275,386]",0
216,153,4,0,False,0.5110099136438582,2.745953161382445,>0.5%,"(-inf,161]",0
217,446,1,7,False,0.25299339562173695,1.0707800636153282,"(0.1%,0.5%]","(386,inf]",7
218,427,6,0,False,0.3675316881573728,0.3704358285153924,"(0.1%,0.5%]","(386,inf]",7
219,146,0,0,True,0.8545582632112404,0.0,>0.5%,"(-inf,161]",0
220,189,0,0,True,1.4452525839095436,0.0,>0.5%,"(161,275]",0
221,254,0,0,True,0.11875514062829728,0.0,"(0.1%,0.5%]","(161,275]",0
222,130,4,0,False,0.24422394553131485,2.3316310292152913,"(0.1%,0.5%]","(-inf,161]",0
223,237,1,7,False,0.3598165038053516,0.8188172065354833,"(0.1%,0.5%]","(161,275]",0
224,466,4,0,False,0.589408943795323,0.589408943795323,>0.5%,"(386,inf]",7
225,447,4,0,False,0.6816877774685317,0.7820759132108531,>0.5%,"(386,inf]",7
226,459,1,7,False,0.43486562502864523,0.9267548642321609,"(0.1%,0.5%]","(386,inf]",7
227,200,4,0,False,0.22669712104134418,0.22669712104134418,"(0.1%,0.5%]","(161,275]",0
228,94,3,3,True,0.8412664792297303,0.0,>0.5%,"(-inf,161]",0
229,390,0,0,True,1.678597598343277,0.0,>0.5%,"(386,inf]",7
230,184,4,0,False,0.3409509974434749,0.3409509974434749,"(0.1%,0.5%]","(161,275]",0
231,110,0,0,True,0.27281709416653327,0.0,"(0.1%,0.5%]","(-inf,161]",0
232,176,0,0,True,0.38284333907028345,0.0,"(0.1%,0.5%]","(161,275]",0
233,260,0,0,True,1.0382953287900238,0.0,>0.5%,"(161,275]",0
234,144,6,0,False,0.26440610085864036,0.2662111003188371,"(0.1%,0.5%]","(-inf,161]",0
235,451,4,0,False,0.4227476298990195,0.4227476298990195,"(0.1%,0.5%]","(386,inf]",7
236,325,4,0,False,0.25534004472481553,0.25534004472481553,"(0.1%,0.5%]","(275,386]",0
237,191,0,0,True,0.12414633551537074,0.0,"(0.1%,0.5%]","(161,275]",0
238,298,0,0,True,0.7964696212454276,0.0,>0.5%,"(275,386]",0
239,194,4,0,False,0.01202867183313765,0.9423431244111354,"(0.01%,0.1%]","(161,275]",0
240,495,0,0,True,0.5740062424916277,0.0,>0.5%,"(386,inf]",7
241,364,0,0,True,0.4307235002470644,0.0,"(0.1%,0.5%]","(275,386]",0
242,124,4,0,False,0.033314729004149196,0.033314729004149196,"(0.01%,0.1%]","(-inf,161]",0
243,172,1,0,False,0.406782346075472,0.4596617185903867,"(0.1%,0.5%]","(161,275]",0
244,409,2,0,False,0.9746672566228634,0.9746672566228634,>0.5%,"(386,inf]",7
245,204,0,0,True,0.37122945233654203,0.0,"(0.1%,0.5%]","(161,275]",0
246,146,0,0,True,0.10209605148407662,0.0,"(0.1%,0.5%]","(-inf,161]",0
247,389,6,7,False,0.15236946373260396,0.46399372561889035,"(0.1%,0.5%]","(386,inf]",7
248,333,4,0,False,0.061729171552925385,0.061729171552925385,"(0.01%,0.1%]","(275,386]",0
249,126,3,0,False,0.7001752667319765,6.691936299998778,>0.5%,"(-inf,161]",0
250,66,7,3,False,0.2980215273055441,0.2980215273055441,"(0.1%,0.5%]","(-inf,161]",0
251,201,6,0,False,0.17046638609483292,3.2820093974239337,"(0.1%,0.5%]","(161,275]",0
252,410,0,0,True,0.05755043439049308,0.0,"(0.01%,0.1%]","(386,inf]",7
253,352,6,0,False,0.15608384860742605,0.15608384860742605,"(0.1%,0.5%]","(275,386]",0
254,335,0,0,True,0.18624936319451288,0.0,"(0.1%,0.5%]","(275,386]",0
255,374,6,7,False,1.172875044268459,2.282668121068382,>0.5%,"(275,386]",0
256,330,4,0,False,0.8301908628471901,0.8301908628471901,>0.5%,"(275,386]",0
257,347,0,0,True,0.29542162173535824,0.0,"(0.1%,0.5%]","(275,386]",0
258,215,0,0,True,1.9559352507658267,0.0,>0.5%,"(161,275]",0
259,427,7,7,True,0.12872227184332305,0.0,"(0.1%,0.5%]","(386,inf]",7
260,362,4,0,False,0.03389948940114327,0.03389948940114327,"(0.01%,0.1%]","(275,386]",0
261,437,0,0,True,0.24272256155927624,0.0,"(0.1%,0.5%]","(386,inf]",7
262,62,0,3,False,1.5088680504517007e-05,0.027762981856349546,"(0,0.01%]","(-inf,161]",0
263,364,2,7,False,0.17847161847911072,0.266779006795662,"(0.1%,0.5%]","(275,386]",0
264,254,6,7,False,0.05029305636274005,0.05029305636274005,"(0.01%,0.1%]","(161,275]",0
265,450,7,6,False,0.13845432637951277,0.14454307236261252,"(0.1%,0.5%]","(386,inf]",7
266,222,0,0,True,0.17969564997411186,0.0,"(0.1%,0.5%]","(161,275]",0
267,81,3,3,True,0.2870704207185518,0.0,"(0.1%,0.5%]","(-inf,161]",0
268,109,0,3,False,0.069470812178749,1.0191377907755796,"(0.01%,0.1%]","(-inf,161]",0
269,387,0,0,True,0.1624638797341233,0.0,"(0.1%,0.5%]","(386,inf]",7
270,58,6,3,False,1.7821327521736177e-06,1.7821327521736177e-06,"(0,0.01%]","(-inf,161]",0
271,340,4,0,False,1.0052827447902797,1.578574345196929,>0.5%,"(275,386]",0
272,97,2,3,False,0.13555487667927082,0.13555487667927082,"(0.1%,0.5%]","(-inf,161]",0
273,324,6,7,False,0.29405655329597186,0.29405655329597186,"(0.1%,0.5%]","(275,386]",0
274,185,2,2,True,0.9135645205628946,0.0,>0.5%,"(161,275]",0
275,358,1,0,False,0.1801303795157332,0.6210462024774239,"(0.1%,0.5%]","(275,386]",0
276,331,6,0,False,0.7471504829750989,0.7471504829750989,>0.5%,"(275,386]",0
277,178,4,0,False,0.08614136494671508,0.08614136494671508,"(0.01%,0.1%]","(161,275]",0
278,275,1,0,False,0.5796077012042565,5.0526924737692,>0.5%,"(161,275]",0
279,496,1,0,False,0.04149144748003259,0.7350539787946584,"(0.01%,0.1%]","(386,inf]",7
280,58,2,3,False,0.0,0.013940849612848095,=0,"(-inf,161]",0
281,413,7,7,True,0.8118352292860376,0.0,>0.5%,"(386,inf]",7
282,61,3,3,True,0.0,0.0,=0,"(-inf,161]",0
283,401,0,0,True,0.9348940324838751,0.0,>0.5%,"(386,inf]",7
284,286,1,7,False,0.2697368503026582,0.37486276033948335,"(0.1%,0.5%]","(275,386]",0
285,389,0,0,True,0.7378857202415517,0.0,>0.5%,"(386,inf]",7
286,391,6,7,False,0.020804540915339106,0.020804540915339106,"(0.01%,0.1%]","(386,inf]",7
287,92,0,0,True,0.4027565212683292,0.0,"(0.1%,0.5%]","(-inf,161]",0
288,145,0,0,True,0.04098695259390104,0.0,"(0.01%,0.1%]","(-inf,161]",0
289,491,7,7,True,1.5937539110626495,0.0,>0.5%,"(386,inf]",7
290,404,2,7,False,0.05674616972098518,0.5423343723071521,"(0.01%,0.1%]","(386,inf]",7
291,474,6,0,False,0.48747010048535144,1.7658918216474462,"(0.1%,0.5%]","(386,inf]",7
292,487,6,6,True,2.0738674704416615,0.0,>0.5%,"(386,inf]",7
293,336,0,0,True,0.8216687158573868,0.0,>0.5%,"(275,386]",0
294,300,0,0,True,0.4115676266224215,0.0,"(0.1%,0.5%]","(275,386]",0
295,389,6,0,False,0.4190391654081237,0.4190391654081237,"(0.1%,0.5%]","(386,inf]",7
296,348,7,0,False,0.11772919271115063,1.325420843838057,"(0.1%,0.5%]","(275,386]",0
297,232,0,0,True,0.22207471424338648,0.0,"(0.1%,0.5%]","(161,275]",0
298,50,3,3,True,0.0032732451843408158,0.0,"(0,0.01%]","(-inf,161]",0
299,181,2,0,False,0.034382262429945985,2.588700881866027,"(0.01%,0.1%]","(161,275]",0
300,402,2,0,False,0.6867891797677156,0.6867891797677156,>0.5%,"(386,inf]",7
301,113,0,0,True,0.06790599838499736,0.0,"(0.01%,0.1%]","(-inf,161]",0
302,497,0,0,True,0.36899212804506054,0.0,"(0.1%,0.5%]","(386,inf]",7
303,111,0,3,False,0.04337658524139701,0.4323749275203743,"(0.01%,0.1%]","(-inf,161]",0
304,396,4,0,False,0.6362856074222819,1.4644054819265353,>0.5%,"(386,inf]",7
305,239,4,0,False,0.33226463279636975,0.33226463279636975,"(0.1%,0.5%]","(161,275]",0
306,147,3,0,False,0.31244751663255077,0.3516225003934127,"(0.1%,0.5%]","(-inf,161]",0
307,212,4,0,False,0.19381068772612794,1.53551090986085,"(0.1%,0.5%]","(161,275]",0
308,191,0,0,True,0.09617069235529917,0.0,"(0.01%,0.1%]","(161,275]",0
309,434,2,0,False,0.2994581454177351,1.2391246723104126,"(0.1%,0.5%]","(386,inf]",7
310,144,7,0,False,0.12859246736999425,0.6536602726841155,"(0.1%,0.5%]","(-inf,161]",0
311,335,4,0,False,1.0058458448787109,2.297081503745347,>0.5%,"(275,386]",0
312,285,4,0,False,0.20547613159204747,0.20547613159204747,"(0.1%,0.5%]","(275,386]",0
313,401,0,7,False,0.5121022744583458,1.9322698856082245,>0.5%,"(386,inf]",7
314,389,7,0,False,0.19809656580982893,0.19809656580982893,"(0.1%,0.5%]","(386,inf]",7
315,74,6,2,False,1.3454128975277817e-14,1.3454128975277817e-14,"(0,0.01%]","(-inf,161]",0
316,293,0,0,True,0.767944385351357,0.0,>0.5%,"(275,386]",0
317,484,0,7,False,0.2816829085185745,0.35891914538368386,"(0.1%,0.5%]","(386,inf]",7
318,348,6,7,False,0.0322730244425593,0.276765237322068,"(0.01%,0.1%]","(275,386]",0
319,353,0,0,True,0.30628758621244095,0.0,"(0.1%,0.5%]","(275,386]",0
320,129,2,2,True,1.0098237956680127,0.0,>0.5%,"(-inf,161]",0
321,335,0,0,True,1.087922217497892,0.0,>0.5%,"(275,386]",0
322,438,7,7,True,1.2569242892686083,0.0,>0.5%,"(386,inf]",7
323,93,2,3,False,0.25882686489569495,1.7349167227752094,"(0.1%,0.5%]","(-inf,161]",0
324,362,2,0,False,0.2284373929057028,0.2284373929057028,"(0.1%,0.5%]","(275,386]",0
325,122,4,0,False,0.09059930604278248,0.5171212369315282,"(0.01%,0.1%]","(-inf,161]",0
326,218,0,4,False,1.3388270066325265,6.180303185427066,>0.5%,"(161,275]",0
327,222,6,0,False,1.2281893302932485,1.3044463047882797,>0.5%,"(161,275]",0
328,230,0,0,True,0.570579589557509,0.0,>0.5%,"(161,275]",0
329,358,0,7,False,0.4588134658690993,2.6561151264904574,"(0.1%,0.5%]","(275,386]",0
330,190,4,0,False,0.5227067987073554,0.5227067987073554,>0.5%,"(161,275]",0
331,144,0,0,True,0.6982899993383824,0.0,>0.5%,"(-inf,161]",0
332,484,7,7,True,0.18467382019886688,0.0,"(0.1%,0.5%]","(386,inf]",7
333,255,2,7,False,0.7399145478676477,0.7399145478676477,>0.5%,"(161,275]",0
334,151,4,0,False,1.2883375762960467,1.2883375762960467,>0.5%,"(-inf,161]",0
335,287,4,0,False,0.06255122394426643,0.06255122394426643,"(0.01%,0.1%]","(275,386]",0
336,447,7,0,False,0.11547714827877045,0.11547714827877045,"(0.1%,0.5%]","(386,inf]",7
337,57,3,3,True,0.0,0.0,=0,"(-inf,161]",0
338,360,0,0,True,0.5416352146601376,0.0,>0.5%,"(275,386]",0
339,370,6,7,False,0.24795817416123053,0.2516511786795407,"(0.1%,0.5%]","(275,386]",0
340,211,2,6,False,0.03167895923676797,0.25627389347617613,"(0.01%,0.1%]","(161,275]",0
341,319,4,0,False,0.015848929426904433,0.015848929426904433,"(0.01%,0.1%]","(275,386]",0
342,281,6,0,False,0.45398460704751487,1.7990147277761048,"(0.1%,0.5%]","(275,386]",0
343,193,0,0,True,0.10719083363492604,0.0,"(0.1%,0.5%]","(161,275]",0
344,368,6,0,False,0.09498479943882414,0.7519588944090934,"(0.01%,0.1%]","(275,386]",0
345,316,7,7,True,0.7670897926058419,0.0,>0.5%,"(275,386]",0
346,438,2,7,False,0.6754673806158801,0.6754673806158801,>0.5%,"(386,inf]",7
347,357,7,0,False,0.48662979330959366,16.394842637132538,"(0.1%,0.5%]","(275,386]",0
348,275,5,0,False,0.08976104634598027,3.5623215462004607,"(0.01%,0.1%]","(161,275]",0
349,134,4,3,False,0.012088313419520094,0.909095430903909,"(0.01%,0.1%]","(-inf,161]",0
350,461,0,0,True,0.8325724462775068,0.0,>0.5%,"(386,inf]",7
351,406,1,7,False,0.13913186742683464,0.7292865900146519,"(0.1%,0.5%]","(386,inf]",7
352,270,4,0,False,0.47112426117076306,1.3156247752164012,"(0.1%,0.5%]","(161,275]",0
353,164,0,0,True,0.2654363317818279,0.0,"(0.1%,0.5%]","(161,275]",0
354,445,7,7,True,0.30763025950988004,0.0,"(0.1%,0.5%]","(386,inf]",7
355,206,6,0,False,0.21018193129333806,1.0493612262695058,"(0.1%,0.5%]","(161,275]",0
356,155,3,3,True,0.5453093353416041,0.0,>0.5%,"(-inf,161]",0
357,289,2,0,False,0.8218744948572845,2.504230835050804,>0.5%,"(275,386]",0
358,81,2,3,False,0.19564432886029284,0.5055571609964808,"(0.1%,0.5%]","(-inf,161]",0
359,445,4,7,False,0.3921711006691723,0.3921711006691723,"(0.1%,0.5%]","(386,inf]",7
360,475,0,0,True,1.7358470993013533,0.0,>0.5%,"(386,inf]",7
361,326,0,0,True,0.5685287224032194,0.0,>0.5%,"(275,386]",0
362,392,0,0,True,0.41020118769385056,0.0,"(0.1%,0.5%]","(386,inf]",7
363,255,1,2,False,0.22299422205211308,0.4961546131982768,"(0.1%,0.5%]","(161,275]",0
364,252,2,0,False,0.011997793511760434,4.901215342112382,"(0.01%,0.1%]","(161,275]",0
365,244,0,0,True,0.8014871197349203,0.0,>0.5%,"(161,275]",0
366,153,1,0,False,0.018617273204652365,0.018617273204652365,"(0.01%,0.1%]","(-inf,161]",0
367,439,0,0,True,0.8606760407629233,0.0,>0.5%,"(386,inf]",7
368,276,0,0,True,0.7022772828658941,0.0,>0.5%,"(275,386]",0
369,171,5,0,False,0.12478298913454948,1.539956151604724,"(0.1%,0.5%]","(161,275]",0
370,166,0,0,True,0.88517781845535,0.0,>0.5%,"(161,275]",0
371,218,6,2,False,0.7870214738802589,0.8345478243277441,>0.5%,"(161,275]",0
372,459,7,7,True,0.09446221280767277,0.0,"(0.01%,0.1%]","(386,inf]",7
373,488,2,7,False,0.0648174723604539,0.0648174723604539,"(0.01%,0.1%]","(386,inf]",7
374,343,4,0,False,0.6239224734169856,0.6239224734169856,>0.5%,"(275,386]",0
375,129,2,2,True,0.13737432851986342,0.0,"(0.1%,0.5%]","(-inf,161]",0
376,221,4,0,False,0.14391514421972415,1.3294601792483616,"(0.1%,0.5%]","(161,275]",0
377,75,6,3,False,4.400800405510243e-06,0.28222530826274,"(0,0.01%]","(-inf,161]",0
378,195,0,0,True,0.19761255813665635,0.0,"(0.1%,0.5%]","(161,275]",0
379,295,7,0,False,0.6353731618919507,0.6353731618919507,>0.5%,"(275,386]",0
380,245,6,7,False,0.2583765826533501,0.8238887383120532,"(0.1%,0.5%]","(161,275]",0
381,231,5,0,False,0.37859142309453936,1.0001738145513341,"(0.1%,0.5%]","(161,275]",0
382,184,0,0,True,0.26277355978386746,0.0,"(0.1%,0.5%]","(161,275]",0
383,428,7,7,True,0.9012089476721918,0.0,>0.5%,"(386,inf]",7
384,161,1,0,False,0.019293377138588544,0.019293377138588544,"(0.01%,0.1%]","(-inf,161]",0
385,177,0,0,True,0.3320960385074121,0.0,"(0.1%,0.5%]","(161,275]",0
386,140,4,0,False,0.017344419261553033,0.20461762391016633,"(0.01%,0.1%]","(-inf,161]",0
387,435,2,0,False,0.1747895169225088,3.4312423116791924,"(0.1%,0.5%]","(386,inf]",7
388,481,0,0,True,0.6320130445739851,0.0,>0.5%,"(386,inf]",7
389,360,4,0,False,0.15346888634309055,0.15346888634309055,"(0.1%,0.5%]","(275,386]",0
390,123,4,0,False,0.09771926988476737,0.21916559004089656,"(0.01%,0.1%]","(-inf,161]",0
391,190,4,6,False,0.49107590363371095,1.0574792484865787,"(0.1%,0.5%]","(161,275]",0
392,379,2,7,False,0.5151265366832003,0.5151265366832003,>0.5%,"(275,386]",0
393,330,0,7,False,0.03486898318632506,3.3411272899914897,"(0.01%,0.1%]","(275,386]",0
394,324,0,0,True,0.8640209192420858,0.0,>0.5%,"(275,386]",0
395,459,2,7,False,0.0656026258437664,2.629369866451884,"(0.01%,0.1%]","(386,inf]",7
396,401,2,0,False,0.04205088094279383,0.29195924639722076,"(0.01%,0.1%]","(386,inf]",7
397,149,0,0,True,0.32803598822835833,0.0,"(0.1%,0.5%]","(-inf,161]",0
398,183,0,0,True,0.12315118118605825,0.0,"(0.1%,0.5%]","(161,275]",0
399,476,6,0,False,0.10349082780511298,0.6990810948374431,"(0.1%,0.5%]","(386,inf]",7
400,448,7,7,True,0.21284652582237948,0.0,"(0.1%,0.5%]","(386,inf]",7
401,400,7,7,True,0.38562338202864815,0.0,"(0.1%,0.5%]","(386,inf]",7
402,434,2,0,False,0.1636616974436039,0.1636616974436039,"(0.1%,0.5%]","(386,inf]",7
403,87,0,3,False,0.009185431714335746,0.009185431714335746,"(0,0.01%]","(-inf,161]",0
404,401,4,0,False,0.121941753186706,0.6066803449546863,"(0.1%,0.5%]","(386,inf]",7
405,410,7,7,True,0.2800998973273418,0.0,"(0.1%,0.5%]","(386,inf]",7
406,419,2,7,False,0.21988827905947955,1.1175379577657107,"(0.1%,0.5%]","(386,inf]",7
407,92,3,3,True,0.3390207609725262,0.0,"(0.1%,0.5%]","(-inf,161]",0
408,106,0,0,True,0.16022031913772083,0.0,"(0.1%,0.5%]","(-inf,161]",0
409,377,7,7,True,1.504125365829152,0.0,>0.5%,"(275,386]",0
410,439,7,7,True,0.7092196096222293,0.0,>0.5%,"(386,inf]",7
411,439,0,0,True,0.2527308569631242,0.0,"(0.1%,0.5%]","(386,inf]",7
412,98,0,0,True,0.017324843869769128,0.0,"(0.01%,0.1%]","(-inf,161]",0
413,372,0,7,False,1.51591289883908,1.7037660316014571,>0.5%,"(275,386]",0
414,365,7,7,True,1.3882271266912825,0.0,>0.5%,"(275,386]",0
415,279,0,0,True,0.4663914796433503,0.0,"(0.1%,0.5%]","(275,386]",0
416,243,1,7,False,0.09759836033290119,3.506539522594078,"(0.01%,0.1%]","(161,275]",0
417,300,2,7,False,0.019091046416928364,0.019091046416928364,"(0.01%,0.1%]","(275,386]",0
418,238,7,0,False,0.22709424707465123,0.3423100534349885,"(0.1%,0.5%]","(161,275]",0
419,419,0,0,True,0.09869430798063934,0.0,"(0.01%,0.1%]","(386,inf]",7
420,373,7,2,False,0.2504368705993641,0.49098017774063546,"(0.1%,0.5%]","(275,386]",0
421,69,4,3,False,0.14592642880131718,0.14592642880131718,"(0.1%,0.5%]","(-inf,161]",0
422,160,4,0,False,0.15564729341776726,0.5643688059464559,"(0.1%,0.5%]","(-inf,161]",0
423,109,0,0,True,0.5873273041874867,0.0,>0.5%,"(-inf,161]",0
424,374,7,7,True,0.5100774875004807,0.0,>0.5%,"(275,386]",0
425,498,0,0,True,0.9666411098346607,0.0,>0.5%,"(386,inf]",7
426,348,0,7,False,1.68737940027928,1.8084196824116285,>0.5%,"(275,386]",0
427,352,7,0,False,0.0583755715529268,0.6067937664892183,"(0.01%,0.1%]","(275,386]",0
428,383,4,0,False,1.4438079222644948,1.4438079222644948,>0.5%,"(275,386]",0
429,277,0,0,True,0.24144851483336155,0.0,"(0.1%,0.5%]","(275,386]",0
430,319,6,0,False,0.31879160762079073,3.389236738773893,"(0.1%,0.5%]","(275,386]",0
431,423,4,0,False,0.5113648742129754,0.5113648742129754,>0.5%,"(386,inf]",7
432,182,0,0,True,0.6252400582409842,0.0,>0.5%,"(161,275]",0
433,383,4,0,False,0.14757814364113575,0.14757814364113575,"(0.1%,0.5%]","(275,386]",0
434,486,0,0,True,0.12847204610210766,0.0,"(0.1%,0.5%]","(386,inf]",7
435,121,3,0,False,0.11625726532142226,2.0582325685952325,"(0.1%,0.5%]","(-inf,161]",0
436,284,6,7,False,0.5318658043356781,0.8109265141375823,>0.5%,"(275,386]",0
437,465,0,0,True,0.6902007106271485,0.0,>0.5%,"(386,inf]",7
438,238,7,0,False,0.14839149519644293,0.14839149519644293,"(0.1%,0.5%]","(161,275]",0
439,451,2,7,False,0.3578128352646184,0.3578128352646184,"(0.1%,0.5%]","(386,inf]",7
440,269,1,0,False,0.3444511538087416,0.9232967965161853,"(0.1%,0.5%]","(161,275]",0
441,109,3,0,False,0.16659518024548053,0.16659518024548053,"(0.1%,0.5%]","(-inf,161]",0
442,133,0,0,True,0.14718064980224427,0.0,"(0.1%,0.5%]","(-inf,161]",0
443,275,7,0,False,0.16283184238314083,0.16283184238314083,"(0.1%,0.5%]","(161,275]",0
444,136,4,0,False,0.03302644296582341,0.03302644296582341,"(0.01%,0.1%]","(-inf,161]",0
445,149,7,0,False,0.4181179121880886,0.4181179121880886,"(0.1%,0.5%]","(-inf,161]",0
446,417,4,0,False,0.007766736804923674,0.36831476327334145,"(0,0.01%]","(386,inf]",7
447,350,0,0,True,0.061054891624649624,0.0,"(0.01%,0.1%]","(275,386]",0
448,479,2,0,False,0.8426642293190097,2.0307628175179038,>0.5%,"(386,inf]",7
449,363,6,0,False,0.17872428005394284,1.123209397554684,"(0.1%,0.5%]","(275,386]",0
450,307,6,6,True,0.24559570988606194,0.0,"(0.1%,0.5%]","(275,386]",0
451,268,7,0,False,0.3008957755218897,1.0825321247973594,"(0.1%,0.5%]","(161,275]",0
452,236,4,0,False,0.43630458813193895,0.5428330954912977,"(0.1%,0.5%]","(161,275]",0
453,132,3,3,True,0.14623397760468923,0.0,"(0.1%,0.5%]","(-inf,161]",0
454,168,7,2,False,0.35810276780914185,0.7097169728321796,"(0.1%,0.5%]","(161,275]",0
455,115,2,0,False,0.31785742579583237,2.8193332888383216,"(0.1%,0.5%]","(-inf,161]",0
456,68,3,3,True,0.007116603371728068,0.0,"(0,0.01%]","(-inf,161]",0
457,189,0,2,False,0.2740015082467507,0.462803117237764,"(0.1%,0.5%]","(161,275]",0
458,238,4,0,False,0.45850524980315066,0.45850524980315066,"(0.1%,0.5%]","(161,275]",0
459,413,0,0,True,0.3828213126366976,0.0,"(0.1%,0.5%]","(386,inf]",7
460,149,4,0,False,0.00154565961970435,0.012088645551930599,"(0,0.01%]","(-inf,161]",0
461,259,6,2,False,0.1903921468102446,0.4208509367180802,"(0.1%,0.5%]","(161,275]",0
462,110,3,3,True,0.403291615498505,0.0,"(0.1%,0.5%]","(-inf,161]",0
463,380,2,0,False,0.41390160829196787,1.1823161935574071,"(0.1%,0.5%]","(275,386]",0
464,286,7,0,False,0.2715910716872402,5.372469530429466,"(0.1%,0.5%]","(275,386]",0
465,394,1,0,False,0.46012018809073446,5.475481229956205,"(0.1%,0.5%]","(386,inf]",7
466,91,3,3,True,0.13808838108736707,0.0,"(0.1%,0.5%]","(-inf,161]",0
467,50,1,3,False,4.954687867529777e-07,0.0742463597036146,"(0,0.01%]","(-inf,161]",0
468,426,0,0,True,0.25172439649502876,0.0,"(0.1%,0.5%]","(386,inf]",7
469,393,6,7,False,0.6127488899421717,1.463296622372701,>0.5%,"(386,inf]",7
470,306,0,0,True,1.1962244694215842,0.0,>0.5%,"(275,386]",0
471,185,6,2,False,0.1024026496855534,0.1024026496855534,"(0.1%,0.5%]","(161,275]",0
472,421,4,0,False,0.05394950196315547,0.05394950196315547,"(0.01%,0.1%]","(386,inf]",7
473,287,0,0,True,0.23214615597359897,0.0,"(0.1%,0.5%]","(275,386]",0
474,303,7,7,True,2.1218519667907008,0.0,>0.5%,"(275,386]",0
475,347,7,7,True,0.9092912902927878,0.0,>0.5%,"(275,386]",0
476,491,6,7,False,1.0500067485709896,1.7809584780224614,>0.5%,"(386,inf]",7
477,466,7,0,False,0.7679397435143559,1.2229785823114003,>0.5%,"(386,inf]",7
478,376,2,7,False,1.106596872230165,1.4631215112556128,>0.5%,"(275,386]",0
479,481,6,7,False,1.6227375954022825,2.507509160226336,>0.5%,"(386,inf]",7
480,124,4,0,False,0.07222733061606641,0.07222733061606641,"(0.01%,0.1%]","(-inf,161]",0
481,334,0,0,True,0.7015715833149051,0.0,>0.5%,"(275,386]",0
482,88,2,3,False,0.6877217424045035,0.8637913076615532,>0.5%,"(-inf,161]",0
483,72,0,3,False,0.0,0.0,=0,"(-inf,161]",0
484,355,0,0,True,0.2771029044188969,0.0,"(0.1%,0.5%]","(275,386]",0
485,85,3,3,True,0.1211907521114017,0.0,"(0.1%,0.5%]","(-inf,161]",0
486,169,4,0,False,0.3977113697127427,0.6795996899869886,"(0.1%,0.5%]","(161,275]",0
487,76,3,3,True,6.641116457097317e-06,0.0,"(0,0.01%]","(-inf,161]",0
488,141,2,3,False,1.1966385502616204,1.4351576118898737,>0.5%,"(-inf,161]",0
489,169,6,7,False,0.05473572435363346,1.7396375224474876,"(0.01%,0.1%]","(161,275]",0
490,367,0,0,True,0.3201428274173451,0.0,"(0.1%,0.5%]","(275,386]",0
491,261,0,0,True,0.23902927241377234,0.0,"(0.1%,0.5%]","(161,275]",0
492,176,0,0,True,1.184583913783716,0.0,>0.5%,"(161,275]",0
493,295,4,0,False,0.22050475248302495,0.5004904984013716,"(0.1%,0.5%]","(275,386]",0
494,126,6,0,False,0.15800691002694434,3.093200795061759,"(0.1%,0.5%]","(-inf,161]",0
495,140,3,0,False,0.4298369936956808,0.8294863400903731,"(0.1%,0.5%]","(-inf,161]",0
496,281,4,7,False,1.922648134129873,3.2290956557426744,>0.5%,"(275,386]",0
497,244,4,0,False,0.44739280684013455,1.8234749204252503,"(0.1%,0.5%]","(161,275]",0
498,104,4,3,False,0.09520834628274967,0.4805566760118714,"(0.01%,0.1%]","(-inf,161]",0
499,90,3,3,True,0.7157942869320232,0.0,>0.5%,"(-inf,161]",0
500,389,0,0,True,0.14194326120574752,0.0,"(0.1%,0.5%]","(386,inf]",7
501,426,4,7,False,0.2541203083575822,0.2541203083575822,"(0.1%,0.5%]","(386,inf]",7
502,312,1,0,False,0.20255230459551332,4.096792516565228,"(0.1%,0.5%]","(275,386]",0
503,304,7,0,False,0.29726693128207865,1.0716798337987685,"(0.1%,0.5%]","(275,386]",0
504,369,4,0,False,0.5604831632436308,1.8185272281413936,>0.5%,"(275,386]",0
505,175,4,0,False,0.059825408067779834,0.059825408067779834,"(0.01%,0.1%]","(161,275]",0
506,78,0,3,False,0.1760982421661953,0.24551735390562673,"(0.1%,0.5%]","(-inf,161]",0
507,472,6,7,False,0.09140733259943407,0.09140733259943407,"(0.01%,0.1%]","(386,inf]",7
508,128,6,3,False,1.5053340740869166,1.5053340740869166,>0.5%,"(-inf,161]",0
509,159,2,2,True,0.7356086178786702,0.0,>0.5%,"(-inf,161]",0
510,426,0,0,True,0.3652331017792556,0.0,"(0.1%,0.5%]","(386,inf]",7
511,61,3,3,True,5.763705635000662e-06,0.0,"(0,0.01%]","(-inf,161]",0
512,219,0,0,True,0.27099147670999124,0.0,"(0.1%,0.5%]","(161,275]",0
513,236,0,0,True,0.2711208618040144,0.0,"(0.1%,0.5%]","(161,275]",0
514,412,0,7,False,0.6750294842236574,1.4218805778889854,>0.5%,"(386,inf]",7
515,160,2,3,False,1.5126481173990003,1.5126481173990003,>0.5%,"(-inf,161]",0
516,414,6,0,False,0.25113257795706045,0.7854140137237761,"(0.1%,0.5%]","(386,inf]",7
517,105,4,3,False,0.12861095049088173,0.1623675953464149,"(0.1%,0.5%]","(-inf,161]",0
518,269,0,0,True,2.3975675182413507,0.0,>0.5%,"(161,275]",0
519,307,1,7,False,0.010041702776067132,2.1486095328240538,"(0.01%,0.1%]","(275,386]",0
520,319,0,0,True,0.49613929665690626,0.0,"(0.1%,0.5%]","(275,386]",0
521,453,4,0,False,0.9001203287253994,1.8151962849098056,>0.5%,"(386,inf]",7
522,412,4,0,False,0.5195450172591274,0.5195450172591274,>0.5%,"(386,inf]",7
523,186,4,6,False,0.13000169513003093,0.840102809899683,"(0.1%,0.5%]","(161,275]",0
524,415,7,7,True,0.8677093720842095,0.0,>0.5%,"(386,inf]",7
525,134,0,0,True,1.191994746959295,0.0,>0.5%,"(-inf,161]",0
526,248,0,0,True,0.99435839070734,0.0,>0.5%,"(161,275]",0
527,386,4,0,False,0.6092269150983064,0.6092269150983064,>0.5%,"(275,386]",0
528,412,0,0,True,0.1922474224985518,0.0,"(0.1%,0.5%]","(386,inf]",7
529,385,0,0,True,0.5766300367298501,0.0,>0.5%,"(275,386]",0
530,170,1,0,False,0.025911676315546698,0.07772720755548805,"(0.01%,0.1%]","(161,275]",0
531,265,0,0,True,0.6263113055882392,0.0,>0.5%,"(161,275]",0
532,302,0,0,True,0.665102548508599,0.0,>0.5%,"(275,386]",0
533,495,2,7,False,1.2241024939194909,1.2241024939194909,>0.5%,"(386,inf]",7
534,480,0,0,True,1.1674092834482808,0.0,>0.5%,"(386,inf]",7
535,119,4,0,False,0.8819545720379061,0.9332496256398697,>0.5%,"(-inf,161]",0
536,257,0,0,True,0.2920333824346567,0.0,"(0.1%,0.5%]","(161,275]",0
537,190,0,0,True,0.10148266341099864,0.0,"(0.1%,0.5%]","(161,275]",0
538,384,7,7,True,0.2510538463966736,0.0,"(0.1%,0.5%]","(275,386]",0
539,89,3,3,True,0.3757651642553586,0.0,"(0.1%,0.5%]","(-inf,161]",0
540,455,0,7,False,0.47591636640738716,1.3973287586891527,"(0.1%,0.5%]","(386,inf]",7
541,311,7,0,False,0.792012253260745,0.792012253260745,>0.5%,"(275,386]",0
542,475,4,0,False,0.16953195466782922,0.37669204792428695,"(0.1%,0.5%]","(386,inf]",7
543,349,6,0,False,0.6552169042112823,2.6501018780786034,>0.5%,"(275,386]",0
544,153,2,3,False,0.36709528120036683,1.7075560382710144,"(0.1%,0.5%]","(-inf,161]",0
545,463,0,7,False,0.37261549707684255,1.664089802266008,"(0.1%,0.5%]","(386,inf]",7
546,174,0,0,True,0.1617520884512559,0.0,"(0.1%,0.5%]","(161,275]",0
547,404,0,0,True,0.3935925442539535,0.0,"(0.1%,0.5%]","(386,inf]",7
548,223,4,0,False,0.3365233395683171,1.2669275924611447,"(0.1%,0.5%]","(161,275]",0
549,391,2,7,False,0.7341595933214989,0.8347705284976834,>0.5%,"(386,inf]",7
550,58,3,3,True,1.813099934510288e-06,0.0,"(0,0.01%]","(-inf,161]",0
551,262,6,2,False,0.363828226792939,0.363828226792939,"(0.1%,0.5%]","(161,275]",0
552,471,7,7,True,0.6617253333986058,0.0,>0.5%,"(386,inf]",7
553,138,0,0,True,0.10215472544438259,0.0,"(0.1%,0.5%]","(-inf,161]",0
554,68,1,3,False,0.0,7.749518021766992e-07,=0,"(-inf,161]",0
555,307,0,0,True,0.7764320369197499,0.0,>0.5%,"(275,386]",0
556,491,4,7,False,0.4053567245128244,4.366877219151521,"(0.1%,0.5%]","(386,inf]",7
557,159,4,0,False,0.007778116144149246,0.007778116144149246,"(0,0.01%]","(-inf,161]",0
558,78,4,3,False,0.07619326149744174,0.07619326149744174,"(0.01%,0.1%]","(-inf,161]",0
559,282,6,0,False,0.32769883083537743,0.4353849068980248,"(0.1%,0.5%]","(275,386]",0
560,228,0,0,True,0.19759475105884575,0.0,"(0.1%,0.5%]","(161,275]",0
561,342,0,0,True,0.5671694157923881,0.0,>0.5%,"(275,386]",0
562,383,0,0,True,0.4768454287663447,0.0,"(0.1%,0.5%]","(275,386]",0
563,322,0,7,False,0.5083801735365182,1.2716041472723327,>0.5%,"(275,386]",0
564,189,7,0,False,0.8267808642047048,1.173371295051629,>0.5%,"(161,275]",0
565,310,6,0,False,0.3756161098620843,1.1966085341139088,"(0.1%,0.5%]","(275,386]",0
566,246,4,0,False,0.17053443854482497,0.17053443854482497,"(0.1%,0.5%]","(161,275]",0
567,410,6,7,False,0.06756929310228967,0.06756929310228967,"(0.01%,0.1%]","(386,inf]",7
568,78,4,3,False,8.4597656832547e-06,0.07299452694674384,"(0,0.01%]","(-inf,161]",0
569,268,1,0,False,0.1506851334846927,1.0521714774440252,"(0.1%,0.5%]","(161,275]",0
570,412,4,0,False,0.614573365848146,2.052296539977107,>0.5%,"(386,inf]",7
571,275,4,0,False,1.4992227596623533,1.5519029937725024,>0.5%,"(161,275]",0
572,169,2,0,False,0.3976328093405118,0.827433968216308,"(0.1%,0.5%]","(161,275]",0
573,404,0,0,True,0.10273789971780967,0.0,"(0.1%,0.5%]","(386,inf]",7
574,152,3,0,False,0.2255015925427705,2.884464563655768,"(0.1%,0.5%]","(-inf,161]",0
575,193,4,0,False,0.028884475413959772,0.1824215127414567,"(0.01%,0.1%]","(161,275]",0
576,224,0,0,True,0.02048686998116047,0.0,"(0.01%,0.1%]","(161,275]",0
577,287,7,7,True,0.18677340906670303,0.0,"(0.1%,0.5%]","(275,386]",0
578,165,1,0,False,0.4013906906894716,2.8627794165324825,"(0.1%,0.5%]","(161,275]",0
579,275,4,0,False,1.155946805385169,1.6508011981164181,>0.5%,"(161,275]",0
580,378,0,0,True,0.3128590108280394,0.0,"(0.1%,0.5%]","(275,386]",0
581,393,0,0,True,0.855785105923536,0.0,>0.5%,"(386,inf]",7
582,152,2,3,False,0.17471585807653803,0.94276509831307,"(0.1%,0.5%]","(-inf,161]",0
583,226,0,0,True,0.16997662871931352,0.0,"(0.1%,0.5%]","(161,275]",0
584,340,4,7,False,0.04900671360389009,0.04900671360389009,"(0.01%,0.1%]","(275,386]",0
585,488,0,0,True,2.4161574267724326,0.0,>0.5%,"(386,inf]",7
586,461,0,0,True,0.9675316474909691,0.0,>0.5%,"(386,inf]",7
587,488,0,0,True,0.5086204352248803,0.0,>0.5%,"(386,inf]",7
588,396,0,0,True,0.27049315682886244,0.0,"(0.1%,0.5%]","(386,inf]",7
589,69,0,3,False,2.3632234156606294e-06,0.228365391079766,"(0,0.01%]","(-inf,161]",0
590,88,2,3,False,0.030567384315788076,0.030567384315788076,"(0.01%,0.1%]","(-inf,161]",0
591,408,6,7,False,0.14599552634791219,0.7242304409235003,"(0.1%,0.5%]","(386,inf]",7
592,446,6,0,False,0.2053803108550268,0.2053803108550268,"(0.1%,0.5%]","(386,inf]",7
593,334,6,7,False,0.05851475740006666,1.4014350344139375,"(0.01%,0.1%]","(275,386]",0
594,423,0,0,True,0.6909755333826377,0.0,>0.5%,"(386,inf]",7
595,478,4,0,False,0.7283204183673677,2.315992729764547,>0.5%,"(386,inf]",7
596,130,0,0,True,0.4335932385947516,0.0,"(0.1%,0.5%]","(-inf,161]",0
597,148,0,0,True,0.07946642773181396,0.0,"(0.01%,0.1%]","(-inf,161]",0
598,258,7,0,False,0.24863275702087087,1.008102087849325,"(0.1%,0.5%]","(161,275]",0
599,125,7,3,False,0.166750760404943,0.6359440269419976,"(0.1%,0.5%]","(-inf,161]",0
600,374,6,7,False,0.9500404768832414,1.3618269398349243,>0.5%,"(275,386]",0
601,234,0,0,True,0.44551415849714215,0.0,"(0.1%,0.5%]","(161,275]",0
602,58,3,3,True,0.7160702847959812,0.0,>0.5%,"(-inf,161]",0
603,224,0,0,True,0.5600889309306402,0.0,>0.5%,"(161,275]",0
604,349,0,0,True,0.2136352427397585,0.0,"(0.1%,0.5%]","(275,386]",0
605,425,0,7,False,0.3348975655194245,0.3348975655194245,"(0.1%,0.5%]","(386,inf]",7
606,409,0,0,True,0.9406956051376973,0.0,>0.5%,"(386,inf]",7
607,441,0,0,True,0.7631198755563846,0.0,>0.5%,"(386,inf]",7
608,389,7,7,True,0.7960165204660573,0.0,>0.5%,"(386,inf]",7
609,436,0,0,True,0.0002480093168577965,0.0,"(0,0.01%]","(386,inf]",7
610,386,0,0,True,0.07582252085264134,0.0,"(0.01%,0.1%]","(275,386]",0
611,314,2,7,False,1.0996374175530086,2.1896666473089135,>0.5%,"(275,386]",0
612,250,6,2,False,0.29899030032183455,0.4567055605289719,"(0.1%,0.5%]","(161,275]",0
613,279,7,0,False,0.6393811955966137,3.874200528034021,>0.5%,"(275,386]",0
614,123,3,0,False,0.20066324417649453,1.3251032411307961,"(0.1%,0.5%]","(-inf,161]",0
615,283,7,0,False,0.6661287039327011,2.6003475921805097,>0.5%,"(275,386]",0
616,150,0,0,True,0.741904422122169,0.0,>0.5%,"(-inf,161]",0
617,78,3,3,True,0.009287565073381845,0.0,"(0,0.01%]","(-inf,161]",0
618,429,4,0,False,0.32285170825036597,0.32285170825036597,"(0.1%,0.5%]","(386,inf]",7
619,162,6,0,False,0.12043292652652747,1.161833200542021,"(0.1%,0.5%]","(161,275]",0
620,231,0,0,True,0.5668141876345676,0.0,>0.5%,"(161,275]",0
621,424,2,0,False,0.061794603132778625,0.5076752302103947,"(0.01%,0.1%]","(386,inf]",7
622,215,4,0,False,0.5948811025389948,0.5948811025389948,>0.5%,"(161,275]",0
623,168,0,0,True,0.7700470550720895,0.0,>0.5%,"(161,275]",0
624,299,7,7,True,0.014203629409961595,0.0,"(0.01%,0.1%]","(275,386]",0
625,113,0,0,True,0.06901832868159877,0.0,"(0.01%,0.1%]","(-inf,161]",0
626,182,0,0,True,1.1316147092801625,0.0,>0.5%,"(161,275]",0
627,76,1,3,False,0.07879405067760359,0.2099397283587529,"(0.01%,0.1%]","(-inf,161]",0
628,149,2,0,False,0.04194051812587202,0.05948054427790426,"(0.01%,0.1%]","(-inf,161]",0
629,319,6,7,False,0.3236521612114773,0.3236521612114773,"(0.1%,0.5%]","(275,386]",0
630,349,2,7,False,0.09802083898521714,0.6654857186058533,"(0.01%,0.1%]","(275,386]",0
631,373,7,7,True,0.017473404441032337,0.0,"(0.01%,0.1%]","(275,386]",0
632,125,3,3,True,0.16828777584627286,0.0,"(0.1%,0.5%]","(-inf,161]",0
633,455,2,7,False,0.0007375741207440941,0.011318524541233208,"(0,0.01%]","(386,inf]",7
634,239,7,2,False,1.1627893261685371,1.8093707038593836,>0.5%,"(161,275]",0
635,496,2,7,False,0.42532219936135907,0.42532219936135907,"(0.1%,0.5%]","(386,inf]",7
636,482,7,7,True,1.0090726311064298,0.0,>0.5%,"(386,inf]",7
637,250,0,0,True,0.5025836666253319,0.0,>0.5%,"(161,275]",0
638,352,7,0,False,0.7846391182628606,0.7846391182628606,>0.5%,"(275,386]",0
639,255,7,7,True,1.3550494594986768,0.0,>0.5%,"(161,275]",0
640,350,4,0,False,0.536743413900063,0.6712894919718833,>0.5%,"(275,386]",0
641,265,4,0,False,0.6342875636235252,0.6342875636235252,>0.5%,"(161,275]",0
642,60,1,3,False,0.26118466168104243,0.26118466168104243,"(0.1%,0.5%]","(-inf,161]",0
643,403,0,0,True,0.7576501665941532,0.0,>0.5%,"(386,inf]",7
644,288,0,0,True,1.6057042541413213,0.0,>0.5%,"(275,386]",0
645,339,0,0,True,0.06529118393094518,0.0,"(0.01%,0.1%]","(275,386]",0
646,354,7,7,True,1.0262634265172785,0.0,>0.5%,"(275,386]",0
647,117,0,0,True,0.11025330289814925,0.0,"(0.1%,0.5%]","(-inf,161]",0
648,366,0,0,True,0.42821341936066504,0.0,"(0.1%,0.5%]","(275,386]",0
649,213,0,0,True,0.12256247300083944,0.0,"(0.1%,0.5%]","(161,275]",0
650,52,3,3,True,2.242512201968341e-06,0.0,"(0,0.01%]","(-inf,161]",0
651,161,0,0,True,0.22746132031508504,0.0,"(0.1%,0.5%]","(-inf,161]",0
652,305,0,0,True,0.5602873060173773,0.0,>0.5%,"(275,386]",0
653,229,6,6,True,0.5048588498901304,0.0,>0.5%,"(161,275]",0
654,428,2,7,False,0.1186717070600789,0.1186717070600789,"(0.1%,0.5%]","(386,inf]",7
655,403,7,7,True,0.45601745908293806,0.0,"(0.1%,0.5%]","(386,inf]",7
656,313,6,0,False,0.2809641718735818,0.2809641718735818,"(0.1%,0.5%]","(275,386]",0
657,96,3,3,True,0.3430812795532923,0.0,"(0.1%,0.5%]","(-inf,161]",0
658,301,0,7,False,0.035524491155722156,0.035524491155722156,"(0.01%,0.1%]","(275,386]",0
659,341,4,0,False,1.377590583845744,4.390591989134203,>0.5%,"(275,386]",0
660,225,2,7,False,0.09531930048640347,0.09531930048640347,"(0.01%,0.1%]","(161,275]",0
661,313,4,0,False,0.5791763289578511,1.008766313027977,>0.5%,"(275,386]",0
662,107,0,3,False,0.643762167595194,0.7169634379175731,>0.5%,"(-inf,161]",0
663,121,4,0,False,0.06971887348465042,0.14049997081096022,"(0.01%,0.1%]","(-inf,161]",0
664,262,0,0,True,0.9090803901163967,0.0,>0.5%,"(161,275]",0
665,369,7,7,True,0.9875857291097232,0.0,>0.5%,"(275,386]",0
666,290,0,7,False,0.9281404892268686,3.300621115867751,>0.5%,"(275,386]",0
667,454,4,7,False,0.43094889098540545,0.43094889098540545,"(0.1%,0.5%]","(386,inf]",7
668,212,0,0,True,0.8069021984818011,0.0,>0.5%,"(161,275]",0
669,311,2,2,True,0.2197266100487583,0.0,"(0.1%,0.5%]","(275,386]",0
670,50,3,3,True,0.03388481075849965,0.0,"(0.01%,0.1%]","(-inf,161]",0
671,439,7,0,False,1.1774572796076677,4.3500973202866255,>0.5%,"(386,inf]",7
672,301,0,0,True,0.37168538625236885,0.0,"(0.1%,0.5%]","(275,386]",0
673,151,0,0,True,0.41033575073178813,0.0,"(0.1%,0.5%]","(-inf,161]",0
674,302,0,0,True,1.171318828893069,0.0,>0.5%,"(275,386]",0
675,290,2,7,False,0.01513699511056144,0.01513699511056144,"(0.01%,0.1%]","(275,386]",0
676,443,4,0,False,0.3327868467793541,0.8315853614489259,"(0.1%,0.5%]","(386,inf]",7
677,385,6,7,False,0.5991622954313924,0.5991622954313924,>0.5%,"(275,386]",0
678,300,0,0,True,0.13098729450815538,0.0,"(0.1%,0.5%]","(275,386]",0
679,480,0,7,False,0.7129038530865687,1.1879869664964644,>0.5%,"(386,inf]",7
680,268,7,7,True,0.08771717250897637,0.0,"(0.01%,0.1%]","(161,275]",0
681,218,7,0,False,0.430249552356433,0.430249552356433,"(0.1%,0.5%]","(161,275]",0
682,325,4,7,False,0.07329138879423648,1.1475934292467704,"(0.01%,0.1%]","(275,386]",0
683,338,7,7,True,0.07516003534531247,0.0,"(0.01%,0.1%]","(275,386]",0
684,127,4,0,False,0.04023217833797498,0.04023217833797498,"(0.01%,0.1%]","(-inf,161]",0
685,358,7,7,True,0.01256855649246743,0.0,"(0.01%,0.1%]","(275,386]",0
686,338,0,0,True,0.8503524231104818,0.0,>0.5%,"(275,386]",0
687,254,4,0,False,0.15871926393599872,0.15871926393599872,"(0.1%,0.5%]","(161,275]",0
688,192,4,0,False,0.11326951726996351,0.11326951726996351,"(0.1%,0.5%]","(161,275]",0
689,376,0,0,True,0.35368723057717927,0.0,"(0.1%,0.5%]","(275,386]",0
690,310,1,2,False,0.4189735674440733,0.9593279717737562,"(0.1%,0.5%]","(275,386]",0
691,151,0,0,True,0.31523395434472823,0.0,"(0.1%,0.5%]","(-inf,161]",0
692,322,4,0,False,0.38130165277612826,1.3640502673433776,"(0.1%,0.5%]","(275,386]",0
693,214,4,0,False,0.4422318428015149,2.659217032758252,"(0.1%,0.5%]","(161,275]",0
694,196,4,0,False,0.8455069565856392,4.865793440911176,>0.5%,"(161,275]",0
695,220,1,0,False,0.5453018334219971,0.8078241669888134,>0.5%,"(161,275]",0
696,474,0,0,True,0.348949568652102,0.0,"(0.1%,0.5%]","(386,inf]",7
697,216,0,0,True,0.11811039964960202,0.0,"(0.1%,0.5%]","(161,275]",0
698,244,0,0,True,0.126662796006334,0.0,"(0.1%,0.5%]","(161,275]",0
699,368,2,0,False,0.12607999305809445,0.20770907155985974,"(0.1%,0.5%]","(275,386]",0
700,254,0,0,True,0.3495024729922216,0.0,"(0.1%,0.5%]","(161,275]",0
701,114,3,0,False,0.07261081136582781,8.171798006949087,"(0.01%,0.1%]","(-inf,161]",0
702,375,0,0,True,0.7102928103362764,0.0,>0.5%,"(275,386]",0
703,242,4,0,False,0.8727714536459245,1.0954567749366424,>0.5%,"(161,275]",0
704,163,4,3,False,0.0066931139749197704,1.1003647568008041,"(0,0.01%]","(161,275]",0
705,126,0,0,True,0.031614536550251655,0.0,"(0.01%,0.1%]","(-inf,161]",0
706,344,6,0,False,0.4317634151234263,0.4317634151234263,"(0.1%,0.5%]","(275,386]",0
707,213,0,0,True,0.23953938002272585,0.0,"(0.1%,0.5%]","(161,275]",0
708,265,0,0,True,1.0236224464709711,0.0,>0.5%,"(161,275]",0
709,123,0,3,False,0.4745600816574295,0.4745600816574295,"(0.1%,0.5%]","(-inf,161]",0
710,396,1,7,False,0.36933560126282794,2.1811301344153584,"(0.1%,0.5%]","(386,inf]",7
711,398,1,7,False,0.23914957092535877,0.6795959574502751,"(0.1%,0.5%]","(386,inf]",7
712,127,0,0,True,0.15978619185120976,0.0,"(0.1%,0.5%]","(-inf,161]",0
713,360,1,7,False,0.3032210108106793,3.2407118039345684,"(0.1%,0.5%]","(275,386]",0
714,446,0,7,False,0.1111675794783062,0.1111675794783062,"(0.1%,0.5%]","(386,inf]",7
715,160,2,3,False,0.39930004037696365,1.5636102429616667,"(0.1%,0.5%]","(-inf,161]",0
716,180,0,0,True,0.028549159665710255,0.0,"(0.01%,0.1%]","(161,275]",0
717,380,6,7,False,0.4400877114768842,2.2962250582072334,"(0.1%,0.5%]","(275,386]",0
718,205,4,0,False,0.26576053603916117,0.2667427483278775,"(0.1%,0.5%]","(161,275]",0
719,467,2,7,False,0.03612507581427491,0.03612507581427491,"(0.01%,0.1%]","(386,inf]",7
720,52,6,3,False,5.496362586428209e-06,0.22774394330987568,"(0,0.01%]","(-inf,161]",0
721,124,3,0,False,0.14893461645616124,0.3717129338812017,"(0.1%,0.5%]","(-inf,161]",0
722,64,6,3,False,0.11578741661173927,0.9656402318801294,"(0.1%,0.5%]","(-inf,161]",0
723,397,7,7,True,1.177631555767905,0.0,>0.5%,"(386,inf]",7
724,204,0,0,True,0.4572069621823597,0.0,"(0.1%,0.5%]","(161,275]",0
725,250,2,7,False,0.09248918948883562,0.09248918948883562,"(0.01%,0.1%]","(161,275]",0
726,57,4,3,False,0.2948436898196394,0.2948436898196394,"(0.1%,0.5%]","(-inf,161]",0
727,420,2,7,False,0.4361934539158629,0.8051837062679833,"(0.1%,0.5%]","(386,inf]",7
728,208,4,0,False,0.6987940760609365,1.6582702524362916,>0.5%,"(161,275]",0
729,118,3,3,True,0.7902757940493996,0.0,>0.5%,"(-inf,161]",0
730,245,4,0,False,1.6418295646822436,2.832134927874035,>0.5%,"(161,275]",0
731,468,4,7,False,0.40558767841553406,0.40558767841553406,"(0.1%,0.5%]","(386,inf]",7
732,436,0,0,True,0.4485362005513952,0.0,"(0.1%,0.5%]","(386,inf]",7
733,188,4,0,False,0.35579323880871944,2.0620568495834446,"(0.1%,0.5%]","(161,275]",0
734,231,6,0,False,0.5558843089069148,0.5558843089069148,>0.5%,"(161,275]",0
735,389,0,0,True,0.20418325690937772,0.0,"(0.1%,0.5%]","(386,inf]",7
736,116,6,3,False,0.10900566513533509,0.4356963405560987,"(0.1%,0.5%]","(-inf,161]",0
737,206,2,2,True,0.4534024784601571,0.0,"(0.1%,0.5%]","(161,275]",0
738,298,4,0,False,1.873117343383884,2.7178021239282195,>0.5%,"(275,386]",0
739,163,6,0,False,0.10116682548452621,0.10116682548452621,"(0.1%,0.5%]","(161,275]",0
740,472,7,0,False,0.7759768549241806,1.430916321277654,>0.5%,"(386,inf]",7
741,189,4,0,False,0.5522895900520286,0.5522895900520286,>0.5%,"(161,275]",0
742,438,0,0,True,0.1572714327847112,0.0,"(0.1%,0.5%]","(386,inf]",7
743,89,3,3,True,0.4381598403495048,0.0,"(0.1%,0.5%]","(-inf,161]",0
744,299,0,0,True,1.4250120872058352,0.0,>0.5%,"(275,386]",0
745,65,0,3,False,0.0,0.0,=0,"(-inf,161]",0
746,177,2,0,False,0.1708500917259253,2.7156307434560807,"(0.1%,0.5%]","(161,275]",0
747,336,7,0,False,0.2530262243417053,0.2530262243417053,"(0.1%,0.5%]","(275,386]",0
748,181,7,0,False,1.5194187330529285,2.2713039004026414,>0.5%,"(161,275]",0
749,264,4,6,False,0.07228622558838563,1.5903582998901151,"(0.01%,0.1%]","(161,275]",0
750,220,4,0,False,0.08148243342639101,0.08148243342639101,"(0.01%,0.1%]","(161,275]",0
751,351,2,0,False,0.8270503296469442,0.8270503296469442,>0.5%,"(275,386]",0
752,71,3,3,True,4.97518751721661e-06,0.0,"(0,0.01%]","(-inf,161]",0
753,382,1,0,False,0.3368331315519436,2.10595014128932,"(0.1%,0.5%]","(275,386]",0
754,285,0,0,True,1.6354636343636832,0.0,>0.5%,"(275,386]",0
755,403,0,0,True,0.34893387435647943,0.0,"(0.1%,0.5%]","(386,inf]",7
756,492,4,7,False,0.22942853344726602,1.6808811766298295,"(0.1%,0.5%]","(386,inf]",7
757,298,7,7,True,0.9065763985802857,0.0,>0.5%,"(275,386]",0
758,297,0,0,True,1.093795282337142,0.0,>0.5%,"(275,386]",0
759,279,1,0,False,0.14772413415380806,0.41543349066371854,"(0.1%,0.5%]","(275,386]",0
760,391,7,7,True,0.5687353084566996,0.0,>0.5%,"(386,inf]",7
761,408,0,0,True,0.27624059639045057,0.0,"(0.1%,0.5%]","(386,inf]",7
762,432,6,0,False,0.2971714259837621,0.7229994862044199,"(0.1%,0.5%]","(386,inf]",7
763,104,3,0,False,0.5861506731054957,0.5861506731054957,>0.5%,"(-inf,161]",0
764,368,0,0,True,0.4328824003525652,0.0,"(0.1%,0.5%]","(275,386]",0
765,133,0,0,True,0.07103490834138511,0.0,"(0.01%,0.1%]","(-inf,161]",0
766,457,0,0,True,0.49027942800023655,0.0,"(0.1%,0.5%]","(386,inf]",7
767,311,0,7,False,0.6884284100942943,1.7864699779461584,>0.5%,"(275,386]",0
768,391,0,0,True,0.48626301364295044,0.0,"(0.1%,0.5%]","(386,inf]",7
769,429,4,0,False,0.15701526965449028,0.1877291578674009,"(0.1%,0.5%]","(386,inf]",7
770,474,2,7,False,0.42262691164652694,0.42262691164652694,"(0.1%,0.5%]","(386,inf]",7
771,489,7,7,True,0.31350328255277377,0.0,"(0.1%,0.5%]","(386,inf]",7
772,67,4,3,False,0.14843800167773777,0.14843800167773777,"(0.1%,0.5%]","(-inf,161]",0
773,350,7,0,False,0.8114975705186989,0.8114975705186989,>0.5%,"(275,386]",0
774,259,2,2,True,0.6479780599322948,0.0,>0.5%,"(161,275]",0
775,466,4,0,False,0.0740790652131986,1.284021571160813,"(0.01%,0.1%]","(386,inf]",7
776,327,2,2,True,0.11282164984060045,0.0,"(0.1%,0.5%]","(275,386]",0
777,402,6,0,False,0.40061289550051316,1.0331258755379369,"(0.1%,0.5%]","(386,inf]",7
778,465,7,0,False,0.4630334564865751,0.4630334564865751,"(0.1%,0.5%]","(386,inf]",7
779,142,7,3,False,0.457802058565797,0.457802058565797,"(0.1%,0.5%]","(-inf,161]",0
780,252,4,0,False,0.0969994890812542,0.0969994890812542,"(0.01%,0.1%]","(161,275]",0
781,149,4,0,False,0.6668006276524678,0.8062164547208082,>0.5%,"(-inf,161]",0
782,364,7,7,True,0.2899330237306455,0.0,"(0.1%,0.5%]","(275,386]",0
783,428,0,0,True,0.512521399073587,0.0,>0.5%,"(386,inf]",7
784,66,0,3,False,0.0,0.12451321476988013,=0,"(-inf,161]",0
785,90,0,3,False,0.12643214577961445,0.12643214577961445,"(0.1%,0.5%]","(-inf,161]",0
786,241,2,0,False,0.11441451950093404,0.8495332110748868,"(0.1%,0.5%]","(161,275]",0
787,399,0,0,True,0.5963455674644733,0.0,>0.5%,"(386,inf]",7
788,269,4,0,False,0.8761324581111172,0.8761324581111172,>0.5%,"(161,275]",0
789,141,7,0,False,0.7423017104408962,0.9683120812353443,>0.5%,"(-inf,161]",0
790,339,7,7,True,0.548490599368378,0.0,>0.5%,"(275,386]",0
791,461,2,7,False,0.5433350892731789,0.5433350892731789,>0.5%,"(386,inf]",7
792,469,7,0,False,0.14335271141265046,0.14335271141265046,"(0.1%,0.5%]","(386,inf]",7
793,125,1,3,False,0.1825078320679334,0.1825078320679334,"(0.1%,0.5%]","(-inf,161]",0
794,380,2,7,False,1.6085606562970554,2.6385335097389473,>0.5%,"(275,386]",0
795,293,0,0,True,0.38373602129306383,0.0,"(0.1%,0.5%]","(275,386]",0
796,469,1,7,False,0.21731826732173115,0.21731826732173115,"(0.1%,0.5%]","(386,inf]",7
797,399,7,7,True,0.8953049725042717,0.0,>0.5%,"(386,inf]",7
798,280,4,0,False,0.1659381175331075,0.8727453507628041,"(0.1%,0.5%]","(275,386]",0
799,316,2,7,False,0.23756545226531253,0.23756545226531253,"(0.1%,0.5%]","(275,386]",0
800,301,0,2,False,0.24686486484443015,0.24686486484443015,"(0.1%,0.5%]","(275,386]",0
801,55,0,3,False,0.06706814622789455,0.06706814622789455,"(0.01%,0.1%]","(-inf,161]",0
802,261,0,0,True,0.3072431488063557,0.0,"(0.1%,0.5%]","(161,275]",0
803,119,3,0,False,0.9683490314682799,1.2441673415059618,>0.5%,"(-inf,161]",0
804,480,0,0,True,0.1766400885342173,0.0,"(0.1%,0.5%]","(386,inf]",7
805,135,0,0,True,0.015195973589448962,0.0,"(0.01%,0.1%]","(-inf,161]",0
806,330,4,0,False,0.17542404012940957,0.17542404012940957,"(0.1%,0.5%]","(275,386]",0
807,464,4,7,False,1.1564412640108872,1.1564412640108872,>0.5%,"(386,inf]",7
808,328,6,0,False,0.3379859192667724,1.6810612637121616,"(0.1%,0.5%]","(275,386]",0
809,367,0,0,True,0.09209875876896945,0.0,"(0.01%,0.1%]","(275,386]",0
810,208,1,0,False,0.35535858753237826,0.35535858753237826,"(0.1%,0.5%]","(161,275]",0
811,469,1,0,False,0.5544201968717092,1.7320294424325158,>0.5%,"(386,inf]",7
812,226,6,0,False,0.11349982013478925,0.11349982013478925,"(0.1%,0.5%]","(161,275]",0
813,68,1,3,False,0.01272764659401004,0.186031314625002,"(0.01%,0.1%]","(-inf,161]",0
814,424,7,7,True,0.29717243999625,0.0,"(0.1%,0.5%]","(386,inf]",7
815,326,0,0,True,0.04196791539930634,0.0,"(0.01%,0.1%]","(275,386]",0
816,296,4,0,False,0.1402977685740753,0.5527274557799158,"(0.1%,0.5%]","(275,386]",0
817,230,3,7,False,0.2214020007998757,0.7759557882996472,"(0.1%,0.5%]","(161,275]",0
818,466,7,7,True,0.6733849019078022,0.0,>0.5%,"(386,inf]",7
819,117,4,0,False,0.2107044284958395,0.6732701517977591,"(0.1%,0.5%]","(-inf,161]",0
820,83,3,3,True,0.6723060079146047,0.0,>0.5%,"(-inf,161]",0
821,72,2,3,False,0.04056024899300253,0.04056024899300253,"(0.01%,0.1%]","(-inf,161]",0
822,214,4,0,False,0.5779342457513632,1.144197486064754,>0.5%,"(161,275]",0
823,281,0,0,True,1.2974127614541746,0.0,>0.5%,"(275,386]",0
824,182,0,0,True,0.14120313615328994,0.0,"(0.1%,0.5%]","(161,275]",0
825,137,7,0,False,0.18448000146167512,0.18448000146167512,"(0.1%,0.5%]","(-inf,161]",0
826,193,3,0,False,0.3387776823355802,5.084102639609676,"(0.1%,0.5%]","(161,275]",0
827,125,0,0,True,0.472862129456846,0.0,"(0.1%,0.5%]","(-inf,161]",0
828,450,7,7,True,0.812610786849658,0.0,>0.5%,"(386,inf]",7
829,243,4,7,False,0.20100745260682334,1.7345539774787673,"(0.1%,0.5%]","(161,275]",0
830,315,2,7,False,1.0526333663557061,1.4819376713149428,>0.5%,"(275,386]",0
831,296,6,0,False,0.06796747951627757,0.07004843264053089,"(0.01%,0.1%]","(275,386]",0
832,292,7,0,False,0.49170154030832813,0.49170154030832813,"(0.1%,0.5%]","(275,386]",0
833,182,0,0,True,0.18626145502382074,0.0,"(0.1%,0.5%]","(161,275]",0
834,340,0,0,True,0.16058571205374023,0.0,"(0.1%,0.5%]","(275,386]",0
835,207,0,0,True,0.49572805662186714,0.0,"(0.1%,0.5%]","(161,275]",0
836,472,7,7,True,0.057862275042235685,0.0,"(0.01%,0.1%]","(386,inf]",7
837,88,3,3,True,0.10774029781041328,0.0,"(0.1%,0.5%]","(-inf,161]",0
838,67,0,3,False,9.225093679821457e-07,0.021864654342971985,"(0,0.01%]","(-inf,161]",0
839,197,4,0,False,0.5505606214459423,1.2400087776708602,>0.5%,"(161,275]",0
840,488,2,7,False,0.05944557564471743,0.05944557564471743,"(0.01%,0.1%]","(386,inf]",7
841,151,0,0,True,1.1480401273240635,0.0,>0.5%,"(-inf,161]",0
842,172,6,2,False,0.15934669372714283,0.4411441477521109,"(0.1%,0.5%]","(161,275]",0
843,259,1,7,False,0.208387843057604,0.30176561644075217,"(0.1%,0.5%]","(161,275]",0
844,81,3,2,False,0.19280719576624103,2.4252073261065257,"(0.1%,0.5%]","(-inf,161]",0
845,442,4,7,False,0.29543386990165965,0.5691007179443888,"(0.1%,0.5%]","(386,inf]",7
846,258,0,0,True,1.9520973187662458,0.0,>0.5%,"(161,275]",0
847,443,6,7,False,1.1344436487964218,1.238273734797997,>0.5%,"(386,inf]",7
848,397,2,7,False,0.05043242383438831,0.05043242383438831,"(0.01%,0.1%]","(386,inf]",7
849,455,7,7,True,1.4152588241566757,0.0,>0.5%,"(386,inf]",7
850,195,0,0,True,0.13984026692845786,0.0,"(0.1%,0.5%]","(161,275]",0
851,83,6,3,False,3.979507979385996e-09,0.12381571241293628,"(0,0.01%]","(-inf,161]",0
852,191,0,0,True,0.6067432665202682,0.0,>0.5%,"(161,275]",0
853,373,6,0,False,0.7612368549875368,1.1812802773304862,>0.5%,"(275,386]",0
854,225,6,7,False,0.08834362865661924,0.4009135916594265,"(0.01%,0.1%]","(161,275]",0
855,56,7,3,False,0.17840796131830483,0.17840796131830483,"(0.1%,0.5%]","(-inf,161]",0
856,240,6,7,False,0.5288577513127948,0.5288577513127948,>0.5%,"(161,275]",0
857,85,3,3,True,0.30670485363051986,0.0,"(0.1%,0.5%]","(-inf,161]",0
858,378,7,7,True,0.6608861782160069,0.0,>0.5%,"(275,386]",0
859,407,4,0,False,0.16290493279059778,0.7117530121649084,"(0.1%,0.5%]","(386,inf]",7
860,222,4,2,False,0.11097595394518935,0.7926443776403856,"(0.1%,0.5%]","(161,275]",0
861,336,0,0,True,0.4868358120018329,0.0,"(0.1%,0.5%]","(275,386]",0
862,87,2,3,False,0.10987294886494278,0.10987294886494278,"(0.1%,0.5%]","(-inf,161]",0
863,59,0,3,False,0.2858384812357929,0.2858384812357929,"(0.1%,0.5%]","(-inf,161]",0
864,425,4,0,False,0.5277404394680562,0.5277404394680562,>0.5%,"(386,inf]",7
865,129,0,0,True,0.3282230278357189,0.0,"(0.1%,0.5%]","(-inf,161]",0
866,474,6,7,False,0.8116253123852699,0.9577742774138676,>0.5%,"(386,inf]",7
867,378,4,0,False,0.7658072415351347,1.1009373532179365,>0.5%,"(275,386]",0
868,485,7,0,False,0.37267940465540345,0.37267940465540345,"(0.1%,0.5%]","(386,inf]",7
869,271,4,0,False,0.03354211175437332,0.03354211175437332,"(0.01%,0.1%]","(161,275]",0
870,229,6,2,False,0.04761895671757967,0.3511735808277939,"(0.01%,0.1%]","(161,275]",0
871,87,4,3,False,2.548399425151252e-07,0.03018092790587154,"(0,0.01%]","(-inf,161]",0
872,81,0,3,False,5.897436466534587e-06,0.06842795314080305,"(0,0.01%]","(-inf,161]",0
873,410,4,7,False,1.122531479598188,1.8132545928875785,>0.5%,"(386,inf]",7
874,87,0,3,False,0.32303350945691417,0.32303350945691417,"(0.1%,0.5%]","(-inf,161]",0
875,498,0,0,True,0.8602592203281927,0.0,>0.5%,"(386,inf]",7
876,353,7,7,True,0.77544708578056,0.0,>0.5%,"(275,386]",0
877,410,7,7,True,0.03448505307615349,0.0,"(0.01%,0.1%]","(386,inf]",7
878,401,4,0,False,0.09400441825462968,1.3812810426238786,"(0.01%,0.1%]","(386,inf]",7
879,349,6,7,False,1.6177267485148126,1.6177267485148126,>0.5%,"(275,386]",0
880,58,3,3,True,0.15615451945499098,0.0,"(0.1%,0.5%]","(-inf,161]",0
881,228,7,0,False,0.29240855028405155,0.29240855028405155,"(0.1%,0.5%]","(161,275]",0
882,65,0,3,False,0.3770508933445243,0.3770508933445243,"(0.1%,0.5%]","(-inf,161]",0
883,111,0,0,True,0.09088765531270357,0.0,"(0.01%,0.1%]","(-inf,161]",0
884,286,7,0,False,0.9641079862834898,0.9641079862834898,>0.5%,"(275,386]",0
885,106,2,3,False,0.19567315133089586,0.19567315133089586,"(0.1%,0.5%]","(-inf,161]",0
886,297,7,0,False,0.20061101244307597,0.20061101244307597,"(0.1%,0.5%]","(275,386]",0
887,446,4,0,False,0.5268828691224974,0.5268828691224974,>0.5%,"(386,inf]",7
888,58,5,3,False,0.05977423711995035,0.18318139070620576,"(0.01%,0.1%]","(-inf,161]",0
889,423,2,7,False,0.5243989536006184,0.7731328642259431,>0.5%,"(386,inf]",7
890,451,0,0,True,0.7043920276631599,0.0,>0.5%,"(386,inf]",7
891,77,0,3,False,0.0,0.0,=0,"(-inf,161]",0
892,237,0,0,True,0.01705096596099794,0.0,"(0.01%,0.1%]","(161,275]",0
893,303,6,0,False,0.4629856172938742,0.4629856172938742,"(0.1%,0.5%]","(275,386]",0
894,330,0,0,True,1.0855134478145494,0.0,>0.5%,"(275,386]",0
895,175,4,0,False,0.37636083430079814,0.37636083430079814,"(0.1%,0.5%]","(161,275]",0
896,499,0,7,False,0.16891716545825855,0.9026324503142922,"(0.1%,0.5%]","(386,inf]",7
897,211,4,7,False,0.17715817388337768,2.0550090943705914,"(0.1%,0.5%]","(161,275]",0
898,489,7,7,True,0.44103631778398733,0.0,"(0.1%,0.5%]","(386,inf]",7
899,465,7,0,False,0.15814427004859685,0.7006905193312608,"(0.1%,0.5%]","(386,inf]",7
900,461,7,7,True,0.4690745875443948,0.0,"(0.1%,0.5%]","(386,inf]",7
901,448,6,7,False,0.2455968407276803,2.335454648359272,"(0.1%,0.5%]","(386,inf]",7
902,272,4,0,False,0.1598893158975278,0.17827678406803737,"(0.1%,0.5%]","(161,275]",0
903,70,4,3,False,0.7472953414273517,0.7472953414273517,>0.5%,"(-inf,161]",0
904,166,6,0,False,0.22632816638707773,4.509256855971464,"(0.1%,0.5%]","(161,275]",0
905,420,7,7,True,0.6707302880468338,0.0,>0.5%,"(386,inf]",7
906,283,0,0,True,0.8692795327930068,0.0,>0.5%,"(275,386]",0
907,246,4,0,False,0.6011715981345725,0.6663038640293877,>0.5%,"(161,275]",0
908,164,0,0,True,0.26180478079418207,0.0,"(0.1%,0.5%]","(161,275]",0
909,486,1,7,False,0.29956100946583214,0.9397556941215045,"(0.1%,0.5%]","(386,inf]",7
910,407,7,7,True,0.632447453259343,0.0,>0.5%,"(386,inf]",7
911,272,0,0,True,0.0334654951514321,0.0,"(0.01%,0.1%]","(161,275]",0
912,398,2,7,False,0.49762846794617005,1.429623253828723,"(0.1%,0.5%]","(386,inf]",7
913,466,6,7,False,0.7308797772362194,1.5107112203537774,>0.5%,"(386,inf]",7
914,290,2,0,False,0.5964056502550243,0.5964056502550243,>0.5%,"(275,386]",0
915,75,0,0,True,0.017253473875462784,0.0,"(0.01%,0.1%]","(-inf,161]",0
916,140,0,0,True,0.30013205068247206,0.0,"(0.1%,0.5%]","(-inf,161]",0
917,305,7,0,False,0.03622010933661076,0.570922316853107,"(0.01%,0.1%]","(275,386]",0
918,180,0,0,True,0.8099943541755522,0.0,>0.5%,"(161,275]",0
919,52,3,3,True,0.6225434019784801,0.0,>0.5%,"(-inf,161]",0
920,468,4,0,False,1.1711173237243722,1.1711173237243722,>0.5%,"(386,inf]",7
921,259,7,0,False,0.23013987381793902,5.842205256004249,"(0.1%,0.5%]","(161,275]",0
922,357,0,0,True,1.9413015897264483,0.0,>0.5%,"(275,386]",0
923,107,0,0,True,0.15984219020861976,0.0,"(0.1%,0.5%]","(-inf,161]",0
924,316,0,0,True,0.4656951353544262,0.0,"(0.1%,0.5%]","(275,386]",0
925,439,4,0,False,0.06470441663360202,0.06470441663360202,"(0.01%,0.1%]","(386,inf]",7
926,359,0,0,True,0.274153231273155,0.0,"(0.1%,0.5%]","(275,386]",0
927,325,7,7,True,1.458360555063791,0.0,>0.5%,"(275,386]",0
928,60,2,3,False,0.0,0.08470128672025927,=0,"(-inf,161]",0
929,177,1,3,False,1.154977103070341,1.154977103070341,>0.5%,"(161,275]",0
930,306,7,0,False,0.08116915186309996,0.11603783003778342,"(0.01%,0.1%]","(275,386]",0
931,239,2,6,False,0.2647659522175723,0.2647659522175723,"(0.1%,0.5%]","(161,275]",0
932,125,0,0,True,0.37979156012416193,0.0,"(0.1%,0.5%]","(-inf,161]",0
933,476,4,7,False,0.16354244412221403,2.1251340803577734,"(0.1%,0.5%]","(386,inf]",7
934,77,2,3,False,0.012000890840036912,0.012000890840036912,"(0.01%,0.1%]","(-inf,161]",0
935,263,4,0,False,0.34625825695789986,0.34625825695789986,"(0.1%,0.5%]","(161,275]",0
936,433,4,7,False,0.5109289702876433,0.5109289702876433,>0.5%,"(386,inf]",7
937,215,0,0,True,1.2382216447958,0.0,>0.5%,"(161,275]",0
938,119,0,3,False,0.18556833760430888,1.1778034523460936,"(0.1%,0.5%]","(-inf,161]",0
939,141,7,3,False,0.1401331224138951,1.1846130999179008,"(0.1%,0.5%]","(-inf,161]",0
940,76,0,3,False,0.0,0.07698452173162464,=0,"(-inf,161]",0
941,354,4,0,False,1.0959323185829737,1.181655946335783,>0.5%,"(275,386]",0
942,196,7,0,False,0.7125505348619589,0.7125505348619589,>0.5%,"(161,275]",0
943,311,7,2,False,0.5438345725555558,1.0684889172552499,>0.5%,"(275,386]",0
944,182,3,7,False,0.9474643644170962,3.9915225622586084,>0.5%,"(161,275]",0
945,407,7,7,True,0.7753392153942521,0.0,>0.5%,"(386,inf]",7
946,474,4,0,False,0.43101829336761555,0.43101829336761555,"(0.1%,0.5%]","(386,inf]",7
947,447,7,6,False,0.09140522167128999,0.48311003126719165,"(0.01%,0.1%]","(386,inf]",7
948,79,2,3,False,0.09223807090705725,0.9171526509433042,"(0.01%,0.1%]","(-inf,161]",0
949,221,2,0,False,0.16751231387927107,1.179392758977042,"(0.1%,0.5%]","(161,275]",0
950,491,0,0,True,0.9550064677837046,0.0,>0.5%,"(386,inf]",7
951,330,0,0,True,0.24980887074893496,0.0,"(0.1%,0.5%]","(275,386]",0
952,142,3,0,False,0.49000227549326214,8.675864797833174,"(0.1%,0.5%]","(-inf,161]",0
953,244,7,2,False,0.09290613491047135,0.23667827594134921,"(0.01%,0.1%]","(161,275]",0
954,146,4,0,False,0.32467427771720075,0.32467427771720075,"(0.1%,0.5%]","(-inf,161]",0
955,247,6,2,False,0.39761050085033567,0.39761050085033567,"(0.1%,0.5%]","(161,275]",0
956,473,7,7,True,2.1580532359701183,0.0,>0.5%,"(386,inf]",7
957,162,4,0,False,0.25942731293279875,0.25942731293279875,"(0.1%,0.5%]","(161,275]",0
958,372,4,0,False,0.1775191505997686,0.9060570656296217,"(0.1%,0.5%]","(275,386]",0
959,395,4,0,False,0.06670255935594313,0.06670255935594313,"(0.01%,0.1%]","(386,inf]",7
960,444,0,7,False,1.7517725520969665,1.852917110187503,>0.5%,"(386,inf]",7
961,366,4,0,False,0.35458369580107324,1.6305389312851761,"(0.1%,0.5%]","(275,386]",0
962,230,0,0,True,0.22965034064084128,0.0,"(0.1%,0.5%]","(161,275]",0
963,344,7,2,False,1.991634650498806,2.2354915365505574,>0.5%,"(275,386]",0
964,387,7,0,False,0.44964302144139534,3.6826190549573936,"(0.1%,0.5%]","(386,inf]",7
965,304,7,0,False,0.0979062646772414,3.836731449519326,"(0.01%,0.1%]","(275,386]",0
966,276,7,2,False,0.3177001339337272,1.28026286115812,"(0.1%,0.5%]","(275,386]",0
967,346,7,7,True,0.31658623423916316,0.0,"(0.1%,0.5%]","(275,386]",0
968,188,4,0,False,1.4114840150552637,2.637383259374395,>0.5%,"(161,275]",0
969,475,6,0,False,0.04185508708413421,1.13310993369249,"(0.01%,0.1%]","(386,inf]",7
970,54,1,3,False,0.06490579090126417,0.06490579090126417,"(0.01%,0.1%]","(-inf,161]",0
971,365,0,0,True,0.13085525578673676,0.0,"(0.1%,0.5%]","(275,386]",0
972,488,4,0,False,0.5218985887156975,0.5218985887156975,>0.5%,"(386,inf]",7
973,406,0,0,True,0.28035705555818763,0.0,"(0.1%,0.5%]","(386,inf]",7
974,174,4,0,False,0.992420587877729,5.631868972201836,>0.5%,"(161,275]",0
975,427,2,7,False,0.5524314067169551,2.895108875142217,>0.5%,"(386,inf]",7
976,195,0,0,True,0.5203646401975021,0.0,>0.5%,"(161,275]",0
977,226,4,0,False,0.12211571951783327,1.9533534326805484,"(0.1%,0.5%]","(161,275]",0
978,290,4,0,False,0.2723284444831461,0.2723284444831461,"(0.1%,0.5%]","(275,386]",0
979,277,7,0,False,0.12419430977831045,0.12419430977831045,"(0.1%,0.5%]","(275,386]",0
980,141,6,0,False,0.6795826634849693,4.292353912570206,>0.5%,"(-inf,161]",0
981,376,0,0,True,0.5877671850875353,0.0,>0.5%,"(275,386]",0
982,362,4,0,False,0.4961315283632565,3.1283893818531223,"(0.1%,0.5%]","(275,386]",0
983,378,6,0,False,0.2651990885290367,1.5614315189038146,"(0.1%,0.5%]","(275,386]",0
984,112,0,0,True,0.05808414636179114,0.0,"(0.01%,0.1%]","(-inf,161]",0
985,382,4,0,False,0.9139145040948827,1.7287945925143215,>0.5%,"(275,386]",0
986,488,6,7,False,0.1757709088352037,0.6530028928629947,"(0.1%,0.5%]","(386,inf]",7
987,276,0,0,True,0.5764398863547271,0.0,>0.5%,"(275,386]",0
988,228,6,2,False,0.06755601778529165,1.2255163096254256,"(0.01%,0.1%]","(161,275]",0
989,51,7,3,False,0.2366732848664877,0.2366732848664877,"(0.1%,0.5%]","(-inf,161]",0
990,344,0,0,True,1.2288660558587021,0.0,>0.5%,"(275,386]",0
991,280,6,7,False,0.07329856841660688,0.07329856841660688,"(0.01%,0.1%]","(275,386]",0
992,256,6,0,False,1.1757821469329073,1.303640432396902,>0.5%,"(161,275]",0
993,336,2,0,False,0.00363336940264901,0.3727850687726893,"(0,0.01%]","(275,386]",0
994,378,2,0,False,0.21707461077739915,0.21707461077739915,"(0.1%,0.5%]","(275,386]",0
995,80,1,3,False,0.026890844843593796,0.026890844843593796,"(0.01%,0.1%]","(-inf,161]",0
996,286,0,0,True,0.560148509349621,0.0,>0.5%,"(275,386]",0
997,207,0,0,True,0.532638556353856,0.0,>0.5%,"(161,275]",0
998,123,0,0,True,0.15190451773367758,0.0,"(0.1%,0.5%]","(-inf,161]",0
999,412,7,0,False,0.44666447289101335,1.5697026223111439,"(0.1%,0.5%]","(386,inf]",7
1000,437,4,0,False,1.4051049038904477,1.4051049038904477,>0.5%,"(386,inf]",7
1001,159,3,0,False,0.9430570052864908,0.9430570052864908,>0.5%,"(-inf,161]",0
1002,233,7,7,True,0.745594629956351,0.0,>0.5%,"(161,275]",0
1003,365,7,0,False,0.1584245894054661,0.249668886921284,"(0.1%,0.5%]","(275,386]",0
1004,180,0,0,True,0.38069457003744545,0.0,"(0.1%,0.5%]","(161,275]",0
1005,411,1,7,False,0.16299793390683753,0.16299793390683753,"(0.1%,0.5%]","(386,inf]",7
1006,437,4,0,False,0.21782496017357164,0.21782496017357164,"(0.1%,0.5%]","(386,inf]",7
1007,219,7,7,True,1.0747690760482818,0.0,>0.5%,"(161,275]",0
1008,198,4,0,False,0.026112500951886813,0.4481612356855672,"(0.01%,0.1%]","(161,275]",0
1009,262,6,0,False,0.18576356898338303,0.18576356898338303,"(0.1%,0.5%]","(161,275]",0
1010,355,6,2,False,0.1556857812183106,0.1556857812183106,"(0.1%,0.5%]","(275,386]",0
1011,386,0,0,True,0.09145361965816114,0.0,"(0.01%,0.1%]","(275,386]",0
1012,160,0,0,True,0.8599421676015786,0.0,>0.5%,"(-inf,161]",0
1013,53,0,3,False,9.649020858308696e-07,0.9025252562306476,"(0,0.01%]","(-inf,161]",0
1014,443,2,0,False,0.7964255287858752,2.049436515511221,>0.5%,"(386,inf]",7
1015,194,0,0,True,1.0331692967010149,0.0,>0.5%,"(161,275]",0
1016,165,0,0,True,0.9985614582260601,0.0,>0.5%,"(161,275]",0
1017,64,1,3,False,0.028019847028166945,0.028019847028166945,"(0.01%,0.1%]","(-inf,161]",0
1018,342,7,0,False,0.08835717904449346,0.08835717904449346,"(0.01%,0.1%]","(275,386]",0
1019,132,4,0,False,0.25653165712308323,0.25653165712308323,"(0.1%,0.5%]","(-inf,161]",0
1020,463,0,0,True,1.3866136729551253,0.0,>0.5%,"(386,inf]",7
1021,412,6,7,False,0.2295783938351521,1.2369292858768228,"(0.1%,0.5%]","(386,inf]",7
1022,215,0,2,False,0.4060223724865496,0.4060223724865496,"(0.1%,0.5%]","(161,275]",0
1023,208,1,0,False,0.16443280904578192,0.9485465081669706,"(0.1%,0.5%]","(161,275]",0
1024,184,2,0,False,0.04913481821710848,0.04913481821710848,"(0.01%,0.1%]","(161,275]",0
1025,72,3,3,True,7.411535907409164e-06,0.0,"(0,0.01%]","(-inf,161]",0
1026,206,6,0,False,0.3059253141719016,0.8515516160592883,"(0.1%,0.5%]","(161,275]",0
1027,271,2,0,False,0.4155281940655057,0.4155281940655057,"(0.1%,0.5%]","(161,275]",0
1028,312,0,0,True,0.49170961642343103,0.0,"(0.1%,0.5%]","(275,386]",0
1029,215,7,0,False,0.24241032964485756,0.9830342751114872,"(0.1%,0.5%]","(161,275]",0
1030,210,0,0,True,0.019097799352488228,0.0,"(0.01%,0.1%]","(161,275]",0
1031,146,0,0,True,0.07678293903057565,0.0,"(0.01%,0.1%]","(-inf,161]",0
1032,454,2,7,False,0.4159967020839904,0.5100925574441265,"(0.1%,0.5%]","(386,inf]",7
1033,158,2,0,False,0.02182217794519731,0.02182217794519731,"(0.01%,0.1%]","(-inf,161]",0
1034,193,2,0,False,0.8666360307942865,1.9533044920700244,>0.5%,"(161,275]",0
1035,200,1,0,False,0.22182257819348797,0.22182257819348797,"(0.1%,0.5%]","(161,275]",0
1036,270,6,0,False,0.09489284775271212,0.09489284775271212,"(0.01%,0.1%]","(161,275]",0
1037,398,7,7,True,0.18715576236394538,0.0,"(0.1%,0.5%]","(386,inf]",7
1038,478,2,0,False,0.23062685717471174,0.23062685717471174,"(0.1%,0.5%]","(386,inf]",7
1039,94,3,3,True,0.29217077005716446,0.0,"(0.1%,0.5%]","(-inf,161]",0
1040,323,0,0,True,0.7725854062722967,0.0,>0.5%,"(275,386]",0
1041,473,6,7,False,0.24148134114888387,0.38155488909532564,"(0.1%,0.5%]","(386,inf]",7
1042,154,4,0,False,0.3392913565262557,0.7660095528908647,"(0.1%,0.5%]","(-inf,161]",0
1043,320,4,0,False,0.11212499949979926,0.11212499949979926,"(0.1%,0.5%]","(275,386]",0
1044,224,0,0,True,0.33808222213635014,0.0,"(0.1%,0.5%]","(161,275]",0
1045,208,3,7,False,0.058868321697549866,0.22925992020954472,"(0.01%,0.1%]","(161,275]",0
1046,267,6,2,False,0.25037502954704827,0.9477047271981995,"(0.1%,0.5%]","(161,275]",0
1047,151,3,0,False,0.036808266346922275,2.302032455160167,"(0.01%,0.1%]","(-inf,161]",0
1048,188,0,0,True,0.019450012394506794,0.0,"(0.01%,0.1%]","(161,275]",0
1049,398,0,0,True,0.025333125471791,0.0,"(0.01%,0.1%]","(386,inf]",7
1050,317,4,0,False,0.093547003641898,1.1587152831652443,"(0.01%,0.1%]","(275,386]",0
1051,372,7,7,True,0.3800697061682909,0.0,"(0.1%,0.5%]","(275,386]",0
1052,125,4,0,False,0.01638370378624462,0.01638370378624462,"(0.01%,0.1%]","(-inf,161]",0
1053,98,3,3,True,0.019173574430463795,0.0,"(0.01%,0.1%]","(-inf,161]",0
1054,471,0,0,True,0.9086597895924018,0.0,>0.5%,"(386,inf]",7
1055,483,7,7,True,0.2694768647641128,0.0,"(0.1%,0.5%]","(386,inf]",7
1056,111,4,0,False,7.786661666591656e-06,7.786661666591656e-06,"(0,0.01%]","(-inf,161]",0
1057,390,7,7,True,0.5175657153992352,0.0,>0.5%,"(386,inf]",7
1058,447,7,0,False,0.5712150984523948,0.5712150984523948,>0.5%,"(386,inf]",7
1059,172,0,0,True,0.6086889986478544,0.0,>0.5%,"(161,275]",0
1060,410,4,0,False,0.5127300892185025,1.4429660564745557,>0.5%,"(386,inf]",7
1061,186,7,0,False,0.030342245215257236,1.2136955721763323,"(0.01%,0.1%]","(161,275]",0
1062,145,4,0,False,0.016685665055705432,0.016685665055705432,"(0.01%,0.1%]","(-inf,161]",0
1063,257,2,7,False,0.26839438735525983,0.7566633638234386,"(0.1%,0.5%]","(161,275]",0
1064,181,0,0,True,0.5826159968195124,0.0,>0.5%,"(161,275]",0
1065,231,4,0,False,0.06970286305225916,0.06970286305225916,"(0.01%,0.1%]","(161,275]",0
1066,79,4,3,False,7.595961236227479e-06,0.041648927824078495,"(0,0.01%]","(-inf,161]",0
1067,240,4,0,False,0.371325210942695,0.371325210942695,"(0.1%,0.5%]","(161,275]",0
1068,82,2,3,False,0.16133575209072862,0.23017022447655822,"(0.1%,0.5%]","(-inf,161]",0
1069,170,6,0,False,0.15834447534271112,0.8979271205736997,"(0.1%,0.5%]","(161,275]",0
1070,234,0,0,True,0.0867990081365603,0.0,"(0.01%,0.1%]","(161,275]",0
1071,222,0,0,True,0.8396659378395028,0.0,>0.5%,"(161,275]",0
1072,97,3,3,True,0.3267339599850062,0.0,"(0.1%,0.5%]","(-inf,161]",0
1073,309,0,0,True,0.730937786675415,0.0,>0.5%,"(275,386]",0
1074,141,0,0,True,0.2993803719272388,0.0,"(0.1%,0.5%]","(-inf,161]",0
1075,348,0,0,True,0.3551671972038328,0.0,"(0.1%,0.5%]","(275,386]",0
1076,474,0,7,False,1.148678852902383,1.6537817772929182,>0.5%,"(386,inf]",7
1077,451,2,7,False,0.6458713644501357,0.9313625599332717,>0.5%,"(386,inf]",7
1078,307,0,0,True,0.3847170469431879,0.0,"(0.1%,0.5%]","(275,386]",0
1079,447,7,0,False,1.1935123848588882,2.3434666010032807,>0.5%,"(386,inf]",7
1080,332,6,7,False,0.10001805013023157,0.10001805013023157,"(0.1%,0.5%]","(275,386]",0
1081,287,4,0,False,0.565880958244814,0.565880958244814,>0.5%,"(275,386]",0
1082,201,6,6,True,0.08707165275422538,0.0,"(0.01%,0.1%]","(161,275]",0
1083,268,7,0,False,0.05472847952858394,0.2535208303724521,"(0.01%,0.1%]","(161,275]",0
1084,399,7,7,True,0.20472972046331112,0.0,"(0.1%,0.5%]","(386,inf]",7
1085,215,2,0,False,0.40114023907033985,3.698539797564828,"(0.1%,0.5%]","(161,275]",0
1086,403,1,0,False,0.277976384133007,0.277976384133007,"(0.1%,0.5%]","(386,inf]",7
1087,311,6,0,False,0.2773577795626473,1.1497183698286724,"(0.1%,0.5%]","(275,386]",0
1088,224,0,0,True,1.006161836805375,0.0,>0.5%,"(161,275]",0
1089,444,4,0,False,0.42465301375938486,2.103581788976529,"(0.1%,0.5%]","(386,inf]",7
1090,168,0,0,True,0.8387674947252944,0.0,>0.5%,"(161,275]",0
1091,75,3,3,True,0.013657944540322785,0.0,"(0.01%,0.1%]","(-inf,161]",0
1092,474,7,0,False,0.587057105611795,2.932375404415425,>0.5%,"(386,inf]",7
1093,477,0,7,False,0.17575595744263683,0.5011312433883669,"(0.1%,0.5%]","(386,inf]",7
1094,205,4,0,False,0.3820258035386587,0.7716707567911504,"(0.1%,0.5%]","(161,275]",0
1095,313,6,7,False,0.027640777679094043,4.729624981866437,"(0.01%,0.1%]","(275,386]",0
1096,130,4,0,False,0.006597914181414493,0.006597914181414493,"(0,0.01%]","(-inf,161]",0
1097,398,2,7,False,0.16991186429960614,0.7801961433156113,"(0.1%,0.5%]","(386,inf]",7
1098,353,4,0,False,0.745203561361947,0.745203561361947,>0.5%,"(275,386]",0
1099,85,1,3,False,0.0370768384683145,0.5666951203808998,"(0.01%,0.1%]","(-inf,161]",0
1100,404,0,0,True,0.12805752837741005,0.0,"(0.1%,0.5%]","(386,inf]",7
1101,478,7,0,False,0.6210513684620212,1.932347789809769,>0.5%,"(386,inf]",7
1102,76,0,3,False,0.1577049281084447,0.1916415844729624,"(0.1%,0.5%]","(-inf,161]",0
1103,170,3,0,False,0.3982060884840309,12.407858092906334,"(0.1%,0.5%]","(161,275]",0
1104,94,0,3,False,0.19091656143457894,0.19091656143457894,"(0.1%,0.5%]","(-inf,161]",0
1105,386,0,0,True,0.59841020094086,0.0,>0.5%,"(275,386]",0
1106,107,0,0,True,0.15158725323220018,0.0,"(0.1%,0.5%]","(-inf,161]",0
1107,317,7,6,False,0.3384568390791743,2.8401230459219122,"(0.1%,0.5%]","(275,386]",0
1108,266,0,0,True,0.9899466050061482,0.0,>0.5%,"(161,275]",0
1109,52,3,3,True,0.13464069118951613,0.0,"(0.1%,0.5%]","(-inf,161]",0
1110,293,7,2,False,0.015729544052264746,0.015729544052264746,"(0.01%,0.1%]","(275,386]",0
1111,184,4,0,False,0.16792868586505139,1.1088904014195056,"(0.1%,0.5%]","(161,275]",0
1112,223,6,7,False,0.3655039238241379,0.3655039238241379,"(0.1%,0.5%]","(161,275]",0
1113,269,2,0,False,0.006602994593796831,0.2993025120745336,"(0,0.01%]","(161,275]",0
1114,341,0,0,True,1.0541976856338393,0.0,>0.5%,"(275,386]",0
1115,61,3,3,True,9.902770636779841e-06,0.0,"(0,0.01%]","(-inf,161]",0
1116,364,0,0,True,0.5683255862094058,0.0,>0.5%,"(275,386]",0
1117,291,0,0,True,0.5324486438432219,0.0,>0.5%,"(275,386]",0
1118,279,7,0,False,0.552924094186466,0.5684642895274509,>0.5%,"(275,386]",0
1119,373,0,7,False,0.056779523169847676,0.056779523169847676,"(0.01%,0.1%]","(275,386]",0
1120,101,7,0,False,0.3826138815609354,3.42005559366609,"(0.1%,0.5%]","(-inf,161]",0
1121,473,6,0,False,0.4122949240436417,0.8547347196451142,"(0.1%,0.5%]","(386,inf]",7
1122,491,7,0,False,0.13816490527129738,0.13816490527129738,"(0.1%,0.5%]","(386,inf]",7
1123,92,6,3,False,0.38458061075546046,0.38458061075546046,"(0.1%,0.5%]","(-inf,161]",0
1124,115,0,0,True,0.0926156843845847,0.0,"(0.01%,0.1%]","(-inf,161]",0
1125,388,2,0,False,0.6401693843671485,0.6401693843671485,>0.5%,"(386,inf]",7
1126,173,0,0,True,0.15761880636088454,0.0,"(0.1%,0.5%]","(161,275]",0
1127,292,0,0,True,0.16133287821618678,0.0,"(0.1%,0.5%]","(275,386]",0
1128,156,2,3,False,0.22496127982788047,0.54675867149999,"(0.1%,0.5%]","(-inf,161]",0
1129,356,7,7,True,1.378905692858835,0.0,>0.5%,"(275,386]",0
1130,449,0,0,True,0.7161851238977488,0.0,>0.5%,"(386,inf]",7
1131,248,7,2,False,0.12535075714790422,0.12535075714790422,"(0.1%,0.5%]","(161,275]",0
1132,219,4,0,False,1.4052271252934088,7.489708485773343,>0.5%,"(161,275]",0
1133,396,2,7,False,0.3648445086577293,0.3648445086577293,"(0.1%,0.5%]","(386,inf]",7
1134,411,2,2,True,0.11259886446152623,0.0,"(0.1%,0.5%]","(386,inf]",7
1135,69,3,3,True,7.242810514677737e-06,0.0,"(0,0.01%]","(-inf,161]",0
1136,154,0,0,True,0.17712606880914025,0.0,"(0.1%,0.5%]","(-inf,161]",0
1137,486,0,7,False,0.18951542604328378,0.18951542604328378,"(0.1%,0.5%]","(386,inf]",7
1138,378,1,7,False,0.21727889662351255,0.3604968755489846,"(0.1%,0.5%]","(275,386]",0
1139,489,0,0,True,0.7211965778209378,0.0,>0.5%,"(386,inf]",7
1140,490,4,0,False,0.7995123106875078,0.7995123106875078,>0.5%,"(386,inf]",7
1141,288,0,0,True,0.1537813186289742,0.0,"(0.1%,0.5%]","(275,386]",0
1142,164,2,2,True,0.5495313856543695,0.0,>0.5%,"(161,275]",0
1143,432,1,0,False,0.09987976468193206,1.3852038918988119,"(0.01%,0.1%]","(386,inf]",7
1144,207,2,0,False,0.15688843458289667,1.1038291153914592,"(0.1%,0.5%]","(161,275]",0
1145,326,0,0,True,0.1339600775178859,0.0,"(0.1%,0.5%]","(275,386]",0
1146,88,0,3,False,0.17585540439909786,0.17585540439909786,"(0.1%,0.5%]","(-inf,161]",0
1147,310,7,0,False,0.30683215614303194,0.46528406780965376,"(0.1%,0.5%]","(275,386]",0
1148,63,3,3,True,0.015147918928555982,0.0,"(0.01%,0.1%]","(-inf,161]",0
1149,267,4,0,False,0.4248803359220721,0.4248803359220721,"(0.1%,0.5%]","(161,275]",0
1150,214,1,2,False,0.43063381915460547,2.321069012809606,"(0.1%,0.5%]","(161,275]",0
1151,327,0,0,True,0.8034414681388703,0.0,>0.5%,"(275,386]",0
1152,369,1,0,False,0.40203830964981,0.5626236316028523,"(0.1%,0.5%]","(275,386]",0
1153,346,4,0,False,0.33107827599821366,0.4504101859214261,"(0.1%,0.5%]","(275,386]",0
1154,497,0,0,True,0.6472293394210216,0.0,>0.5%,"(386,inf]",7
1155,185,3,0,False,0.38569505887001715,4.4620063221250605,"(0.1%,0.5%]","(161,275]",0
1156,67,4,3,False,0.011266918927587176,0.011266918927587176,"(0.01%,0.1%]","(-inf,161]",0
1157,294,0,0,True,0.947090829286199,0.0,>0.5%,"(275,386]",0
1158,475,0,0,True,0.022116955857783296,0.0,"(0.01%,0.1%]","(386,inf]",7
1159,446,6,7,False,0.31789096047856774,1.230067386645194,"(0.1%,0.5%]","(386,inf]",7
1160,266,2,0,False,0.07793899960685682,0.9938065654128503,"(0.01%,0.1%]","(161,275]",0
1161,334,6,0,False,0.2123969521776003,0.4325461835243937,"(0.1%,0.5%]","(275,386]",0
1162,222,6,0,False,0.3330457995135977,0.3330457995135977,"(0.1%,0.5%]","(161,275]",0
1163,386,6,0,False,0.8153608697502124,0.9922629958735387,>0.5%,"(275,386]",0
1164,191,0,0,True,0.293557473936798,0.0,"(0.1%,0.5%]","(161,275]",0
1165,410,0,0,True,0.5063789255038939,0.0,>0.5%,"(386,inf]",7
1166,282,7,7,True,0.5423703635961712,0.0,>0.5%,"(275,386]",0
1167,223,4,0,False,0.26756703376093505,0.26756703376093505,"(0.1%,0.5%]","(161,275]",0
1168,490,6,7,False,0.0241533354091195,1.8228795226419534,"(0.01%,0.1%]","(386,inf]",7
1169,409,2,7,False,0.7340683989249366,0.7340683989249366,>0.5%,"(386,inf]",7
1170,402,4,0,False,0.6975673422979689,0.6975673422979689,>0.5%,"(386,inf]",7
1171,434,0,0,True,1.722037798662772,0.0,>0.5%,"(386,inf]",7
1172,496,7,0,False,0.09993358047943188,1.8416761161651867,"(0.01%,0.1%]","(386,inf]",7
1173,63,0,3,False,0.0,0.13199550275583297,=0,"(-inf,161]",0
1174,258,0,0,True,0.7304003302715698,0.0,>0.5%,"(161,275]",0
1175,420,2,0,False,0.11321870052541325,0.3888773260269223,"(0.1%,0.5%]","(386,inf]",7
1176,321,0,0,True,0.10655963116913084,0.0,"(0.1%,0.5%]","(275,386]",0
1177,362,0,0,True,0.6834697728997567,0.0,>0.5%,"(275,386]",0
1178,480,1,7,False,0.7045487638396882,1.1142308364541942,>0.5%,"(386,inf]",7
1179,339,7,7,True,0.2469159338080496,0.0,"(0.1%,0.5%]","(275,386]",0
1180,169,4,0,False,0.13152084593052377,0.13152084593052377,"(0.1%,0.5%]","(161,275]",0
1181,435,4,7,False,0.7954945238203546,1.9008810361634716,>0.5%,"(386,inf]",7
1182,464,6,0,False,0.28637909654970234,0.28637909654970234,"(0.1%,0.5%]","(386,inf]",7
1183,329,4,0,False,0.3004643152868169,0.5920009128070232,"(0.1%,0.5%]","(275,386]",0
1184,365,4,0,False,0.12147101824803008,0.12147101824803008,"(0.1%,0.5%]","(275,386]",0
1185,350,0,0,True,0.27026329388387454,0.0,"(0.1%,0.5%]","(275,386]",0
1186,455,2,7,False,0.010441439406271189,0.010441439406271189,"(0.01%,0.1%]","(386,inf]",7
1187,119,3,3,True,0.26544279586167047,0.0,"(0.1%,0.5%]","(-inf,161]",0
1188,177,0,0,True,0.8034166122330868,0.0,>0.5%,"(161,275]",0
1189,401,7,7,True,1.7676277256062416,0.0,>0.5%,"(386,inf]",7
1190,416,6,7,False,0.8310057318013471,0.8980798471548532,>0.5%,"(386,inf]",7
1191,482,7,0,False,2.475010875907772,4.1102241832135515,>0.5%,"(386,inf]",7
1192,389,6,7,False,0.514602593215791,0.514602593215791,>0.5%,"(386,inf]",7
1193,129,0,0,True,0.2176758041370102,0.0,"(0.1%,0.5%]","(-inf,161]",0
1194,474,0,0,True,1.5318107788944255,0.0,>0.5%,"(386,inf]",7
1195,155,0,2,False,0.12298379433721553,0.35417676470452486,"(0.1%,0.5%]","(-inf,161]",0
1196,123,3,3,True,0.3250658352645244,0.0,"(0.1%,0.5%]","(-inf,161]",0
1197,281,6,0,False,0.8145296598421089,0.8145296598421089,>0.5%,"(275,386]",0
1198,171,0,0,True,0.5562382949810208,0.0,>0.5%,"(161,275]",0
1199,187,0,0,True,0.489801421747697,0.0,"(0.1%,0.5%]","(161,275]",0
1200,413,7,0,False,0.40342963152528905,0.822104853225844,"(0.1%,0.5%]","(386,inf]",7
1201,110,0,0,True,0.12199593986007616,0.0,"(0.1%,0.5%]","(-inf,161]",0
1202,483,6,7,False,0.5434261747757672,0.5434261747757672,>0.5%,"(386,inf]",7
1203,88,0,3,False,4.468655479703904e-06,0.20938009311891448,"(0,0.01%]","(-inf,161]",0
1204,371,4,0,False,0.43936404890117103,0.43936404890117103,"(0.1%,0.5%]","(275,386]",0
1205,371,2,0,False,0.13664852528201282,3.9428674900118885,"(0.1%,0.5%]","(275,386]",0
1206,344,6,7,False,0.0393335517320663,0.06913336249651167,"(0.01%,0.1%]","(275,386]",0
1207,109,2,3,False,6.10472477457724e-14,0.38063122961081575,"(0,0.01%]","(-inf,161]",0
1208,333,4,0,False,0.049715931040521674,0.049715931040521674,"(0.01%,0.1%]","(275,386]",0
1209,221,0,0,True,0.5155171173055964,0.0,>0.5%,"(161,275]",0
1210,344,0,7,False,0.1377770807981597,0.4846751104316774,"(0.1%,0.5%]","(275,386]",0
1211,383,4,0,False,0.04593968658349786,0.04593968658349786,"(0.01%,0.1%]","(275,386]",0
1212,448,6,0,False,0.10504651030978697,0.10504651030978697,"(0.1%,0.5%]","(386,inf]",7
1213,312,2,7,False,0.48696978744784913,1.2632556624298152,"(0.1%,0.5%]","(275,386]",0
1214,244,2,0,False,0.16497198660901946,0.16497198660901946,"(0.1%,0.5%]","(161,275]",0
1215,93,0,0,True,0.37631768693128576,0.0,"(0.1%,0.5%]","(-inf,161]",0
1216,383,4,7,False,0.2428996926563001,1.5058130981483506,"(0.1%,0.5%]","(275,386]",0
1217,416,7,7,True,0.8075118047489745,0.0,>0.5%,"(386,inf]",7
1218,474,7,7,True,1.1473965803669752,0.0,>0.5%,"(386,inf]",7
1219,180,6,0,False,0.27366755575560736,0.27366755575560736,"(0.1%,0.5%]","(161,275]",0
1220,444,0,7,False,0.16394102083509243,1.1970869842043894,"(0.1%,0.5%]","(386,inf]",7
1221,213,6,0,False,0.011271745181999913,0.011271745181999913,"(0.01%,0.1%]","(161,275]",0
1222,390,7,7,True,0.3362432247110091,0.0,"(0.1%,0.5%]","(386,inf]",7
1223,198,6,0,False,0.34231167456857636,3.1717272604701403,"(0.1%,0.5%]","(161,275]",0
1224,320,2,0,False,0.054749383047333726,1.0167349913988317,"(0.01%,0.1%]","(275,386]",0
1225,208,0,0,True,0.11970853352744036,0.0,"(0.1%,0.5%]","(161,275]",0
1226,400,0,0,True,0.30192864958817667,0.0,"(0.1%,0.5%]","(386,inf]",7
1227,444,4,0,False,0.37682797919560923,0.3816840629941302,"(0.1%,0.5%]","(386,inf]",7
1228,355,7,0,False,0.03802861312519861,0.3419318786241037,"(0.01%,0.1%]","(275,386]",0
1229,274,0,0,True,0.7859591966750007,0.0,>0.5%,"(161,275]",0
1230,487,4,0,False,0.6363714635493998,3.5924428971820106,>0.5%,"(386,inf]",7
1231,364,0,7,False,0.07662619393669022,0.07662619393669022,"(0.01%,0.1%]","(275,386]",0
1232,176,2,0,False,0.08252151119698617,0.08252151119698617,"(0.01%,0.1%]","(161,275]",0
1233,249,0,0,True,1.149315780806757,0.0,>0.5%,"(161,275]",0
1234,217,7,7,True,0.5241249410081756,0.0,>0.5%,"(161,275]",0
1235,380,0,0,True,1.511971252130317,0.0,>0.5%,"(275,386]",0
1236,156,0,0,True,0.048479714083438194,0.0,"(0.01%,0.1%]","(-inf,161]",0
1237,222,6,0,False,0.19617761907284698,0.19617761907284698,"(0.1%,0.5%]","(161,275]",0
1238,100,1,3,False,0.47322255640041866,0.47322255640041866,"(0.1%,0.5%]","(-inf,161]",0
1239,146,7,0,False,0.121809859536569,0.2872860542978122,"(0.1%,0.5%]","(-inf,161]",0
1240,320,6,7,False,0.0013258530386462408,0.31280509802684336,"(0,0.01%]","(275,386]",0
1241,321,0,0,True,0.616341356827793,0.0,>0.5%,"(275,386]",0
1242,285,0,0,True,0.1373659305145157,0.0,"(0.1%,0.5%]","(275,386]",0
1243,389,7,7,True,0.6023048274140904,0.0,>0.5%,"(386,inf]",7
1244,274,6,0,False,0.6474667735018487,1.0829330442443907,>0.5%,"(161,275]",0
1245,181,4,0,False,0.833714417220305,1.063644851788897,>0.5%,"(161,275]",0
1246,247,7,7,True,0.08941582746606136,0.0,"(0.01%,0.1%]","(161,275]",0
1247,234,0,0,True,0.18765152157890444,0.0,"(0.1%,0.5%]","(161,275]",0
1248,361,7,0,False,1.7754849546186509,2.583575662242888,>0.5%,"(275,386]",0
1249,275,1,0,False,0.14503636007064746,0.14503636007064746,"(0.1%,0.5%]","(161,275]",0
1250,327,7,0,False,0.13996741398244433,0.13996741398244433,"(0.1%,0.5%]","(275,386]",0
1251,369,0,0,True,0.365082547741679,0.0,"(0.1%,0.5%]","(275,386]",0
1252,88,3,3,True,0.2220670318474133,0.0,"(0.1%,0.5%]","(-inf,161]",0
1253,133,3,0,False,0.39436635794598485,0.7074276703856429,"(0.1%,0.5%]","(-inf,161]",0
1254,200,0,0,True,0.36666847123078944,0.0,"(0.1%,0.5%]","(161,275]",0
1255,289,6,7,False,0.2802997880143675,1.2517519663814929,"(0.1%,0.5%]","(275,386]",0
1256,181,0,0,True,0.07242039056987404,0.0,"(0.01%,0.1%]","(161,275]",0
1257,437,7,7,True,0.21102739058603565,0.0,"(0.1%,0.5%]","(386,inf]",7
1258,331,4,0,False,0.04629025837231195,0.04629025837231195,"(0.01%,0.1%]","(275,386]",0
1259,303,7,0,False,0.07882007209114895,2.346876290279144,"(0.01%,0.1%]","(275,386]",0
1260,134,3,3,True,0.038597979113407226,0.0,"(0.01%,0.1%]","(-inf,161]",0
1261,257,0,0,True,0.12087419357230621,0.0,"(0.1%,0.5%]","(161,275]",0
1262,52,3,3,True,5.913731012971569e-06,0.0,"(0,0.01%]","(-inf,161]",0
1263,212,1,7,False,0.04330069335647705,0.04330069335647705,"(0.01%,0.1%]","(161,275]",0
1264,146,3,0,False,0.12043108555103,2.7532358586570846,"(0.1%,0.5%]","(-inf,161]",0
1265,240,0,0,True,1.079559288184049,0.0,>0.5%,"(161,275]",0
1266,487,0,0,True,0.5029366512085748,0.0,>0.5%,"(386,inf]",7
1267,186,0,0,True,0.4489906860435618,0.0,"(0.1%,0.5%]","(161,275]",0
1268,176,6,7,False,0.3874194385059434,0.3874194385059434,"(0.1%,0.5%]","(161,275]",0
1269,187,6,2,False,0.08942348708097748,0.17859605254378014,"(0.01%,0.1%]","(161,275]",0
1270,492,2,7,False,0.8424685694538797,2.122812192679587,>0.5%,"(386,inf]",7
1271,401,7,7,True,0.6759499554270465,0.0,>0.5%,"(386,inf]",7
1272,103,2,3,False,0.6982172088115912,0.9637724673369952,>0.5%,"(-inf,161]",0
1273,455,4,0,False,0.1926000348469966,0.1926000348469966,"(0.1%,0.5%]","(386,inf]",7
1274,494,4,7,False,0.35552875096151076,0.35552875096151076,"(0.1%,0.5%]","(386,inf]",7
1275,446,7,7,True,0.6413380593871488,0.0,>0.5%,"(386,inf]",7
1276,240,4,0,False,0.03154192748458229,3.5237278407867305,"(0.01%,0.1%]","(161,275]",0
1277,317,0,0,True,0.5401337078306641,0.0,>0.5%,"(275,386]",0
1278,148,0,0,True,0.04267994810224634,0.0,"(0.01%,0.1%]","(-inf,161]",0
1279,247,0,0,True,0.07437878137417057,0.0,"(0.01%,0.1%]","(161,275]",0
1280,73,3,3,True,0.4902092375730482,0.0,"(0.1%,0.5%]","(-inf,161]",0
1281,160,4,0,False,0.028647707651561622,0.028647707651561622,"(0.01%,0.1%]","(-inf,161]",0
1282,464,0,0,True,0.3867203329776694,0.0,"(0.1%,0.5%]","(386,inf]",7
1283,429,7,7,True,0.9348005475260056,0.0,>0.5%,"(386,inf]",7
1284,257,2,2,True,0.2786675636451617,0.0,"(0.1%,0.5%]","(161,275]",0
1285,198,6,7,False,0.39408907731986637,1.2318495289567366,"(0.1%,0.5%]","(161,275]",0
1286,469,6,7,False,0.10585649558004384,0.9261563330193189,"(0.1%,0.5%]","(386,inf]",7
1287,431,6,7,False,0.0674532170946224,1.1629000715394031,"(0.01%,0.1%]","(386,inf]",7
1288,165,4,0,False,0.30219739965054754,0.30219739965054754,"(0.1%,0.5%]","(161,275]",0
1289,197,4,0,False,0.004798906417044455,2.581665783890959,"(0,0.01%]","(161,275]",0
1290,347,7,0,False,0.5915031295294423,0.8823707996502531,>0.5%,"(275,386]",0
1291,379,0,0,True,0.20924159434227868,0.0,"(0.1%,0.5%]","(275,386]",0
1292,423,6,7,False,1.5814983197778107,2.0485744570611715,>0.5%,"(386,inf]",7
1293,477,4,7,False,0.08337558205932406,0.08337558205932406,"(0.01%,0.1%]","(386,inf]",7
1294,228,0,0,True,0.5765608111100745,0.0,>0.5%,"(161,275]",0
1295,129,0,0,True,0.7240147664285076,0.0,>0.5%,"(-inf,161]",0
1296,104,1,3,False,0.01741704436103678,0.01741704436103678,"(0.01%,0.1%]","(-inf,161]",0
1297,109,2,0,False,0.2387768173641167,2.307202249336657,"(0.1%,0.5%]","(-inf,161]",0
1298,492,4,0,False,0.5974293711380123,1.774915032505775,>0.5%,"(386,inf]",7
1299,143,0,0,True,0.09503698237681124,0.0,"(0.01%,0.1%]","(-inf,161]",0
1300,371,4,0,False,0.7368436800323237,1.138932343125891,>0.5%,"(275,386]",0
1301,263,7,0,False,0.1687172191698997,0.1687172191698997,"(0.1%,0.5%]","(161,275]",0
1302,141,2,0,False,0.196240954542461,1.2920952985013534,"(0.1%,0.5%]","(-inf,161]",0
1303,387,0,0,True,0.10387948514342914,0.0,"(0.1%,0.5%]","(386,inf]",7
1304,481,7,0,False,0.25120761864778723,0.25120761864778723,"(0.1%,0.5%]","(386,inf]",7
1305,102,4,0,False,0.009237515256196328,0.009237515256196328,"(0,0.01%]","(-inf,161]",0
1306,148,6,0,False,0.014252802732112917,1.1601085837989114,"(0.01%,0.1%]","(-inf,161]",0
1307,279,0,0,True,0.27668305341492067,0.0,"(0.1%,0.5%]","(275,386]",0
1308,86,3,3,True,0.0,0.0,=0,"(-inf,161]",0
1309,211,4,0,False,0.3314359628309013,0.7371401738224115,"(0.1%,0.5%]","(161,275]",0
1310,83,2,3,False,0.36037294344764,0.8599069314376521,"(0.1%,0.5%]","(-inf,161]",0
1311,496,7,7,True,0.2203495179393893,0.0,"(0.1%,0.5%]","(386,inf]",7
1312,296,6,7,False,0.19341324333701657,0.21646210472679273,"(0.1%,0.5%]","(275,386]",0
1313,158,0,0,True,0.06493067109621176,0.0,"(0.01%,0.1%]","(-inf,161]",0
1314,320,0,0,True,0.18560105654493697,0.0,"(0.1%,0.5%]","(275,386]",0
1315,498,4,0,False,0.00871017753421851,0.28559639515344687,"(0,0.01%]","(386,inf]",7
1316,480,7,7,True,1.1933244295441332,0.0,>0.5%,"(386,inf]",7
1317,384,7,7,True,2.01601168057287,0.0,>0.5%,"(275,386]",0
1318,189,2,0,False,0.17712472448267214,0.9333842101435242,"(0.1%,0.5%]","(161,275]",0
1319,205,0,0,True,0.5500054318016298,0.0,>0.5%,"(161,275]",0
1320,378,6,7,False,0.6430735991760775,1.0895544348004236,>0.5%,"(275,386]",0
1321,147,2,3,False,0.1218197114484674,0.6225641690554679,"(0.1%,0.5%]","(-inf,161]",0
1322,423,2,0,False,1.1149401929269462,1.7963225110357048,>0.5%,"(386,inf]",7
1323,468,6,7,False,1.0024767726648822,1.909962082800233,>0.5%,"(386,inf]",7
1324,83,6,3,False,0.11431646520892898,0.11431646520892898,"(0.1%,0.5%]","(-inf,161]",0
1325,361,6,7,False,0.41990916684466967,1.0178333279009262,"(0.1%,0.5%]","(275,386]",0
1326,414,7,0,False,0.08670867883582338,0.08670867883582338,"(0.01%,0.1%]","(386,inf]",7
1327,368,6,7,False,0.7467633133248588,1.1940034447809345,>0.5%,"(275,386]",0
1328,237,1,0,False,0.7984004016272637,0.8819528479722396,>0.5%,"(161,275]",0
1329,454,2,0,False,0.027062981518701547,1.6390018954642513,"(0.01%,0.1%]","(386,inf]",7
1330,484,2,7,False,0.016786988040678217,0.016786988040678217,"(0.01%,0.1%]","(386,inf]",7
1331,396,7,0,False,0.07927030656903124,2.356370527424027,"(0.01%,0.1%]","(386,inf]",7
1332,312,7,7,True,0.007285006402478266,0.0,"(0,0.01%]","(275,386]",0
1333,103,0,3,False,0.031247592872892686,0.031247592872892686,"(0.01%,0.1%]","(-inf,161]",0
1334,155,0,0,True,0.41868354052075524,0.0,"(0.1%,0.5%]","(-inf,161]",0
1335,401,7,7,True,1.5112347022292967,0.0,>0.5%,"(386,inf]",7
1336,162,3,0,False,0.16137267517338175,2.9676193790693293,"(0.1%,0.5%]","(161,275]",0
1337,246,6,2,False,0.9691463766788675,1.7624907461882295,>0.5%,"(161,275]",0
1338,451,7,7,True,0.546084892226572,0.0,>0.5%,"(386,inf]",7
1339,317,2,0,False,0.011320760563236434,0.011320760563236434,"(0.01%,0.1%]","(275,386]",0
1340,275,1,6,False,0.5927414781118123,0.5927414781118123,>0.5%,"(161,275]",0
1341,404,7,7,True,0.351593422981094,0.0,"(0.1%,0.5%]","(386,inf]",7
1342,442,6,7,False,0.2596145296176591,0.5214154929427326,"(0.1%,0.5%]","(386,inf]",7
1343,431,2,0,False,0.10517294823045643,0.10517294823045643,"(0.1%,0.5%]","(386,inf]",7
1344,155,7,2,False,0.27022511388263987,0.8257313872400202,"(0.1%,0.5%]","(-inf,161]",0
1345,117,4,0,False,0.49036669873978916,0.5122266338240269,"(0.1%,0.5%]","(-inf,161]",0
1346,335,4,7,False,0.864930799198828,1.7364187014570172,>0.5%,"(275,386]",0
1347,316,4,7,False,0.28441157600648903,1.91433411407479,"(0.1%,0.5%]","(275,386]",0
1348,348,7,0,False,0.007572376458222999,0.1812405377692119,"(0,0.01%]","(275,386]",0
1349,327,2,2,True,0.3508179694615084,0.0,"(0.1%,0.5%]","(275,386]",0
1350,300,4,0,False,0.21803456586660733,1.0534068154791636,"(0.1%,0.5%]","(275,386]",0
1351,361,0,0,True,0.8006801803371772,0.0,>0.5%,"(275,386]",0
1352,141,3,3,True,0.33615363369067264,0.0,"(0.1%,0.5%]","(-inf,161]",0
1353,66,0,3,False,0.0,0.0,=0,"(-inf,161]",0
1354,267,7,2,False,0.5872346978030641,0.5872346978030641,>0.5%,"(161,275]",0
1355,372,4,0,False,0.2451040935903643,0.2451040935903643,"(0.1%,0.5%]","(275,386]",0
1356,194,4,0,False,0.209022527894279,0.209022527894279,"(0.1%,0.5%]","(161,275]",0
1357,280,4,0,False,0.2980406892038413,0.2980406892038413,"(0.1%,0.5%]","(275,386]",0
1358,376,7,7,True,0.6282516351645846,0.0,>0.5%,"(275,386]",0
1359,261,2,7,False,0.5623924763096351,0.7764002907117098,>0.5%,"(161,275]",0
1360,187,2,2,True,0.2593993442033881,0.0,"(0.1%,0.5%]","(161,275]",0
1361,60,4,3,False,2.097261273140892e-06,0.6704904325417694,"(0,0.01%]","(-inf,161]",0
1362,353,7,0,False,0.7184407570992695,0.7184407570992695,>0.5%,"(275,386]",0
1363,271,0,0,True,0.28414702247874346,0.0,"(0.1%,0.5%]","(161,275]",0
1364,387,0,7,False,0.42764903505586366,0.42764903505586366,"(0.1%,0.5%]","(386,inf]",7
1365,483,4,7,False,0.1558061063699212,2.2617164975243105,"(0.1%,0.5%]","(386,inf]",7
1366,410,0,0,True,0.25869998007873785,0.0,"(0.1%,0.5%]","(386,inf]",7
1367,421,7,7,True,1.0287205335429614,0.0,>0.5%,"(386,inf]",7
1368,145,4,0,False,0.426058051060862,0.426058051060862,"(0.1%,0.5%]","(-inf,161]",0
1369,339,7,0,False,0.24842844821579926,7.328877000784363,"(0.1%,0.5%]","(275,386]",0
1370,424,7,7,True,0.019821468990906352,0.0,"(0.01%,0.1%]","(386,inf]",7
1371,250,4,0,False,1.3133147963060299,1.3133147963060299,>0.5%,"(161,275]",0
1372,153,2,0,False,0.11624201379561679,0.40678935895902607,"(0.1%,0.5%]","(-inf,161]",0
1373,76,0,3,False,0.06200484339050118,0.06200484339050118,"(0.01%,0.1%]","(-inf,161]",0
1374,277,7,0,False,0.2467440137330064,0.2872770721327535,"(0.1%,0.5%]","(275,386]",0
1375,75,2,3,False,1.7589714103605702e-14,0.02115516486587865,"(0,0.01%]","(-inf,161]",0
1376,143,0,0,True,0.29694887229700057,0.0,"(0.1%,0.5%]","(-inf,161]",0
1377,231,2,2,True,0.9881097930860094,0.0,>0.5%,"(161,275]",0
1378,315,6,7,False,0.30094482858804317,2.219976111153887,"(0.1%,0.5%]","(275,386]",0
1379,366,0,0,True,0.3577148360778264,0.0,"(0.1%,0.5%]","(275,386]",0
1380,447,7,0,False,0.4103848886224394,0.4103848886224394,"(0.1%,0.5%]","(386,inf]",7
1381,171,1,2,False,0.876640982061367,2.2027027890874304,>0.5%,"(161,275]",0
1382,270,1,0,False,0.6995582345612367,1.1595117913631965,>0.5%,"(161,275]",0
1383,194,4,0,False,0.698037920350694,0.698037920350694,>0.5%,"(161,275]",0
1384,57,3,3,True,0.019982074933047878,0.0,"(0.01%,0.1%]","(-inf,161]",0
1385,396,2,7,False,0.34682094792546536,0.34682094792546536,"(0.1%,0.5%]","(386,inf]",7
1386,314,0,0,True,0.19829570613253325,0.0,"(0.1%,0.5%]","(275,386]",0
1387,254,7,0,False,0.13243862371902668,0.18738030662386093,"(0.1%,0.5%]","(161,275]",0
1388,246,6,0,False,0.20983519723480243,0.44732512425338594,"(0.1%,0.5%]","(161,275]",0
1389,223,1,0,False,0.03905863770558508,0.03905863770558508,"(0.01%,0.1%]","(161,275]",0
1390,209,0,0,True,0.6645158528820434,0.0,>0.5%,"(161,275]",0
1391,397,7,7,True,0.7207304014393577,0.0,>0.5%,"(386,inf]",7
1392,449,2,7,False,0.2111132610890064,1.5287309243314002,"(0.1%,0.5%]","(386,inf]",7
1393,430,7,7,True,0.27706051782800273,0.0,"(0.1%,0.5%]","(386,inf]",7
1394,346,7,0,False,0.17312704542564397,6.494344511559401,"(0.1%,0.5%]","(275,386]",0
1395,477,4,0,False,1.4925328944179637,1.9387974332267177,>0.5%,"(386,inf]",7
1396,236,1,0,False,0.01640990394153073,0.4901610318719625,"(0.01%,0.1%]","(161,275]",0
1397,92,3,3,True,0.30830761120376166,0.0,"(0.1%,0.5%]","(-inf,161]",0
1398,121,4,3,False,0.021584145464059127,1.8127879054035112,"(0.01%,0.1%]","(-inf,161]",0
1399,410,4,0,False,1.1831665572014023,1.4715841346360041,>0.5%,"(386,inf]",7
1400,475,0,0,True,0.27761148782296396,0.0,"(0.1%,0.5%]","(386,inf]",7
1401,96,3,3,True,0.6391283406356936,0.0,>0.5%,"(-inf,161]",0
1402,338,7,0,False,0.3075501259534264,0.3075501259534264,"(0.1%,0.5%]","(275,386]",0
1403,307,6,2,False,0.4113310746267319,0.8236671223697195,"(0.1%,0.5%]","(275,386]",0
1404,225,4,0,False,0.7530578079552558,1.535209970648938,>0.5%,"(161,275]",0
1405,487,7,7,True,1.0032069629078506,0.0,>0.5%,"(386,inf]",7
1406,139,0,0,True,0.17317711428439744,0.0,"(0.1%,0.5%]","(-inf,161]",0
1407,220,1,7,False,0.11663182860622667,1.2159698799268532,"(0.1%,0.5%]","(161,275]",0
1408,458,6,7,False,1.1283551243102203,1.1283551243102203,>0.5%,"(386,inf]",7
1409,419,2,7,False,1.7896820206424209,3.4354270710272834,>0.5%,"(386,inf]",7
1410,329,0,0,True,0.2897229959190785,0.0,"(0.1%,0.5%]","(275,386]",0
1411,94,0,3,False,1.177546866070883e-05,1.1001938124386867,"(0,0.01%]","(-inf,161]",0
1412,372,4,0,False,0.10344027390724352,0.10344027390724352,"(0.1%,0.5%]","(275,386]",0
1413,260,7,0,False,0.23650065254899605,0.23650065254899605,"(0.1%,0.5%]","(161,275]",0
1414,63,2,3,False,4.4317139663049075e-14,1.1101807329310427e-06,"(0,0.01%]","(-inf,161]",0
1415,344,0,0,True,0.3913185824146686,0.0,"(0.1%,0.5%]","(275,386]",0
1416,100,0,0,True,0.11766536895577698,0.0,"(0.1%,0.5%]","(-inf,161]",0
1417,428,6,7,False,0.07706612181466081,2.0635335628169984,"(0.01%,0.1%]","(386,inf]",7
1418,286,7,6,False,0.08481223833817411,0.08481223833817411,"(0.01%,0.1%]","(275,386]",0
1419,129,0,0,True,1.7043001852177977,0.0,>0.5%,"(-inf,161]",0
1420,114,3,0,False,0.5437095990462487,0.6706621084172337,>0.5%,"(-inf,161]",0
1421,377,4,7,False,0.057338609091203294,0.057338609091203294,"(0.01%,0.1%]","(275,386]",0
1422,438,7,0,False,0.860306605497718,1.9617692861618603,>0.5%,"(386,inf]",7
1423,241,0,0,True,0.9965024833819326,0.0,>0.5%,"(161,275]",0
1424,458,0,0,True,0.9089247766025228,0.0,>0.5%,"(386,inf]",7
1425,459,7,7,True,0.24402766260619088,0.0,"(0.1%,0.5%]","(386,inf]",7
1426,121,6,3,False,0.26757187220715023,0.7444707140806766,"(0.1%,0.5%]","(-inf,161]",0
1427,481,0,0,True,1.0188367099747442,0.0,>0.5%,"(386,inf]",7
1428,224,2,7,False,1.3870371500001086,3.238269487752081,>0.5%,"(161,275]",0
1429,251,6,0,False,0.014032796908206028,1.6314740506457623,"(0.01%,0.1%]","(161,275]",0
1430,251,0,0,True,0.634779244327167,0.0,>0.5%,"(161,275]",0
1431,119,0,0,True,0.18932114811550724,0.0,"(0.1%,0.5%]","(-inf,161]",0
1432,417,0,0,True,0.4055436692362994,0.0,"(0.1%,0.5%]","(386,inf]",7
1433,315,2,6,False,0.9657295857840842,1.5544530993384453,>0.5%,"(275,386]",0
1434,362,0,7,False,0.10502757999634865,2.0555196812533665,"(0.1%,0.5%]","(275,386]",0
1435,173,4,0,False,0.18947677067528867,0.24511192437409596,"(0.1%,0.5%]","(161,275]",0
1436,156,0,2,False,0.030329375562213053,0.8715191450696383,"(0.01%,0.1%]","(-inf,161]",0
1437,195,0,0,True,0.1684513414642408,0.0,"(0.1%,0.5%]","(161,275]",0
1438,375,4,0,False,0.0007327360923567216,0.0007327360923567216,"(0,0.01%]","(275,386]",0
1439,429,2,7,False,0.7081604050064942,0.8462584727916728,>0.5%,"(386,inf]",7
1440,127,2,3,False,0.28807775322144774,1.1418101188567513,"(0.1%,0.5%]","(-inf,161]",0
1441,240,7,7,True,0.18333487888595598,0.0,"(0.1%,0.5%]","(161,275]",0
1442,485,7,0,False,0.4746341506371592,1.1936488907915672,"(0.1%,0.5%]","(386,inf]",7
1443,297,2,2,True,0.4518934361268897,0.0,"(0.1%,0.5%]","(275,386]",0
1444,213,2,2,True,1.2508465550240302,0.0,>0.5%,"(161,275]",0
1445,180,0,0,True,0.467587307793916,0.0,"(0.1%,0.5%]","(161,275]",0
1446,367,6,7,False,0.27458121133083846,0.9346872385937122,"(0.1%,0.5%]","(275,386]",0
1447,72,3,3,True,0.0712752137140231,0.0,"(0.01%,0.1%]","(-inf,161]",0
1448,168,3,0,False,0.008602524782717088,0.301126813076532,"(0,0.01%]","(161,275]",0
1449,498,6,0,False,0.1091763753470912,0.6469590641239994,"(0.1%,0.5%]","(386,inf]",7
1450,261,6,0,False,0.3907717416650238,0.3907717416650238,"(0.1%,0.5%]","(161,275]",0
1451,76,3,3,True,0.26476506108949904,0.0,"(0.1%,0.5%]","(-inf,161]",0
1452,235,4,0,False,0.08327533502199586,0.571237172637107,"(0.01%,0.1%]","(161,275]",0
1453,431,7,7,True,0.051196830241127866,0.0,"(0.01%,0.1%]","(386,inf]",7
1454,67,2,3,False,0.12256833817001415,0.5681526730058711,"(0.1%,0.5%]","(-inf,161]",0
1455,193,4,0,False,0.25410369351010514,1.32214384540975,"(0.1%,0.5%]","(161,275]",0
1456,385,7,7,True,0.0250435151902723,0.0,"(0.01%,0.1%]","(275,386]",0
1457,376,0,0,True,0.32397642124128495,0.0,"(0.1%,0.5%]","(275,386]",0
1458,222,4,0,False,0.4605699980417112,0.4605699980417112,"(0.1%,0.5%]","(161,275]",0
1459,147,0,0,True,0.2161798732975379,0.0,"(0.1%,0.5%]","(-inf,161]",0
1460,365,0,0,True,0.328296686521868,0.0,"(0.1%,0.5%]","(275,386]",0
1461,437,7,7,True,0.20969735717346455,0.0,"(0.1%,0.5%]","(386,inf]",7
1462,88,4,3,False,0.15699458664462979,0.5046306577208572,"(0.1%,0.5%]","(-inf,161]",0
1463,489,0,0,True,0.21657609746934403,0.0,"(0.1%,0.5%]","(386,inf]",7
1464,353,6,2,False,0.8296028924944299,0.8296028924944299,>0.5%,"(275,386]",0
1465,144,0,0,True,0.12530770169443867,0.0,"(0.1%,0.5%]","(-inf,161]",0
1466,79,0,3,False,1.2594768191379513e-05,0.019789944451117224,"(0,0.01%]","(-inf,161]",0
1467,249,4,0,False,0.8856449758337798,1.3320356936091438,>0.5%,"(161,275]",0
1468,134,3,0,False,0.003783635495320864,0.003783635495320864,"(0,0.01%]","(-inf,161]",0
1469,87,2,3,False,0.093638722351349,0.093638722351349,"(0.01%,0.1%]","(-inf,161]",0
1470,302,7,0,False,0.5959643559718172,0.7877635953168878,>0.5%,"(275,386]",0
1471,409,7,0,False,1.2072059072466153,2.6941671442765087,>0.5%,"(386,inf]",7
1472,80,1,3,False,0.33130176848902854,0.33130176848902854,"(0.1%,0.5%]","(-inf,161]",0
1473,359,2,7,False,0.4871254401402963,0.4871254401402963,"(0.1%,0.5%]","(275,386]",0
1474,308,0,0,True,0.12061774740256213,0.0,"(0.1%,0.5%]","(275,386]",0
1475,420,0,0,True,0.32014889184696677,0.0,"(0.1%,0.5%]","(386,inf]",7
1476,86,3,3,True,0.3184841608089152,0.0,"(0.1%,0.5%]","(-inf,161]",0
1477,199,0,0,True,0.19427968619746988,0.0,"(0.1%,0.5%]","(161,275]",0
1478,225,0,0,True,0.41721531913296217,0.0,"(0.1%,0.5%]","(161,275]",0
1479,131,4,0,False,0.23261740069218695,0.23261740069218695,"(0.1%,0.5%]","(-inf,161]",0
1480,74,3,3,True,0.023738740698453966,0.0,"(0.01%,0.1%]","(-inf,161]",0
1481,318,0,0,True,1.1180465469398788,0.0,>0.5%,"(275,386]",0
1482,51,2,3,False,0.0,0.24802124394434633,=0,"(-inf,161]",0
1483,338,7,7,True,0.15876372763179689,0.0,"(0.1%,0.5%]","(275,386]",0
1484,111,7,0,False,0.1384781774741557,0.9948563493653088,"(0.1%,0.5%]","(-inf,161]",0
1485,428,4,0,False,0.4566625241768033,3.098204273380225,"(0.1%,0.5%]","(386,inf]",7
1486,323,2,0,False,0.6406348192044817,1.553680595129542,>0.5%,"(275,386]",0
1487,171,0,0,True,0.2449513636138123,0.0,"(0.1%,0.5%]","(161,275]",0
1488,139,6,0,False,0.4685186485015673,0.5534910663342882,"(0.1%,0.5%]","(-inf,161]",0
1489,408,0,0,True,0.09597061024607516,0.0,"(0.01%,0.1%]","(386,inf]",7
1490,247,0,0,True,0.6807067873413003,0.0,>0.5%,"(161,275]",0
1491,329,7,7,True,0.03355482279313497,0.0,"(0.01%,0.1%]","(275,386]",0
1492,351,2,7,False,0.43689549159424657,0.8236511630958716,"(0.1%,0.5%]","(275,386]",0
1493,151,4,0,False,0.1738461957403707,0.3049294241090292,"(0.1%,0.5%]","(-inf,161]",0
1494,499,7,7,True,2.2140308565408158,0.0,>0.5%,"(386,inf]",7
1495,51,1,3,False,0.0,0.32913045741406,=0,"(-inf,161]",0
1496,156,4,0,False,1.1450035430667993,9.787282982678438,>0.5%,"(-inf,161]",0
1497,120,4,0,False,0.1207747447608553,0.1207747447608553,"(0.1%,0.5%]","(-inf,161]",0
1498,471,7,7,True,1.0653379063886248,0.0,>0.5%,"(386,inf]",7
1499,244,2,0,False,0.21607205230748583,2.3918346544319578,"(0.1%,0.5%]","(161,275]",0
1500,234,0,0,True,0.885632640870104,0.0,>0.5%,"(161,275]",0
1501,483,2,7,False,0.2909218973269264,0.6737459341101256,"(0.1%,0.5%]","(386,inf]",7
1502,277,0,0,True,0.3722947890407063,0.0,"(0.1%,0.5%]","(275,386]",0
1503,50,0,3,False,8.465590549014711e-06,0.018184088499283598,"(0,0.01%]","(-inf,161]",0
1504,223,1,2,False,0.47482047023371987,3.8804580539644875,"(0.1%,0.5%]","(161,275]",0
1505,269,0,0,True,0.5804027644423966,0.0,>0.5%,"(161,275]",0
1506,105,4,3,False,8.258824285337094e-06,0.11412043397478797,"(0,0.01%]","(-inf,161]",0
1507,473,2,7,False,0.15333334732460807,0.3853751498489229,"(0.1%,0.5%]","(386,inf]",7
1508,170,4,0,False,0.040825893953682156,0.040825893953682156,"(0.01%,0.1%]","(161,275]",0
1509,169,7,2,False,0.24075335875942788,1.008108278561616,"(0.1%,0.5%]","(161,275]",0
1510,350,4,7,False,0.44385112632443907,2.558154942557685,"(0.1%,0.5%]","(275,386]",0
1511,413,2,7,False,0.10232398131266433,0.10232398131266433,"(0.1%,0.5%]","(386,inf]",7
1512,113,7,3,False,0.0576547277869578,0.09129853327512807,"(0.01%,0.1%]","(-inf,161]",0
1513,263,7,0,False,0.4919790522413834,0.4919790522413834,"(0.1%,0.5%]","(161,275]",0
1514,162,4,0,False,0.39389531427978586,1.1608283386756177,"(0.1%,0.5%]","(161,275]",0
1515,414,0,0,True,0.863025557076615,0.0,>0.5%,"(386,inf]",7
1516,469,2,7,False,0.05953780037362493,0.22880980807112364,"(0.01%,0.1%]","(386,inf]",7
1517,405,7,2,False,0.17097135871832816,0.17097135871832816,"(0.1%,0.5%]","(386,inf]",7
1518,168,0,0,True,0.47671437451221427,0.0,"(0.1%,0.5%]","(161,275]",0
1519,354,6,0,False,0.5254236963972413,0.9226638345200733,>0.5%,"(275,386]",0
1520,363,7,0,False,0.11773331311527874,1.0840945461834965,"(0.1%,0.5%]","(275,386]",0
1521,492,2,0,False,0.15513674803717947,1.0284367606527152,"(0.1%,0.5%]","(386,inf]",7
1522,417,7,7,True,0.34800595885904945,0.0,"(0.1%,0.5%]","(386,inf]",7
1523,105,6,0,False,0.07514079682293985,0.07514079682293985,"(0.01%,0.1%]","(-inf,161]",0
1524,202,2,0,False,0.37731808985176146,0.37731808985176146,"(0.1%,0.5%]","(161,275]",0
1525,270,0,0,True,0.21916761628509274,0.0,"(0.1%,0.5%]","(161,275]",0
1526,341,0,0,True,2.0418373642704246,0.0,>0.5%,"(275,386]",0
1527,116,0,0,True,0.12490766770526106,0.0,"(0.1%,0.5%]","(-inf,161]",0
1528,62,1,3,False,0.0,0.3561363558073865,=0,"(-inf,161]",0
1529,317,7,0,False,1.1549266285160373,2.0185555087242553,>0.5%,"(275,386]",0
1530,427,7,7,True,0.991786419160882,0.0,>0.5%,"(386,inf]",7
1531,253,2,7,False,0.5124105411789563,1.05271395037131,>0.5%,"(161,275]",0
1532,353,0,0,True,0.3269839850627815,0.0,"(0.1%,0.5%]","(275,386]",0
1533,194,4,0,False,0.13797521521732245,2.5409500416055817,"(0.1%,0.5%]","(161,275]",0
1534,305,4,0,False,1.4664634981427762,1.5889999620323905,>0.5%,"(275,386]",0
1535,250,2,0,False,0.3351943332276748,0.7031614390108211,"(0.1%,0.5%]","(161,275]",0
1536,485,0,0,True,0.15061416001096342,0.0,"(0.1%,0.5%]","(386,inf]",7
1537,192,1,0,False,0.2827106306693079,1.2779511018166778,"(0.1%,0.5%]","(161,275]",0
1538,381,0,0,True,0.5560980001251573,0.0,>0.5%,"(275,386]",0
1539,310,4,0,False,0.12027353234546792,0.12027353234546792,"(0.1%,0.5%]","(275,386]",0
1540,298,6,0,False,1.606760564528159,1.774478707112153,>0.5%,"(275,386]",0
1541,73,7,3,False,0.005362077597398313,0.2126519274797291,"(0,0.01%]","(-inf,161]",0
1542,175,2,0,False,0.007989124236165886,4.1070581071481875,"(0,0.01%]","(161,275]",0
1543,448,7,7,True,0.36464123510909596,0.0,"(0.1%,0.5%]","(386,inf]",7
1544,109,0,0,True,0.10289791354566968,0.0,"(0.1%,0.5%]","(-inf,161]",0
1545,360,4,0,False,0.15493842277306444,0.3196570451244177,"(0.1%,0.5%]","(275,386]",0
1546,328,2,2,True,0.9045722604994177,0.0,>0.5%,"(275,386]",0
1547,247,4,0,False,0.0014221738113220656,0.0014221738113220656,"(0,0.01%]","(161,275]",0
1548,99,4,3,False,0.0034465881044133174,0.006628054046948688,"(0,0.01%]","(-inf,161]",0
1549,216,6,0,False,0.7357318315389623,3.3853600321634056,>0.5%,"(161,275]",0
1550,291,7,0,False,0.11656679005391196,0.2379095683351245,"(0.1%,0.5%]","(275,386]",0
1551,272,0,0,True,0.36037604798229594,0.0,"(0.1%,0.5%]","(161,275]",0
1552,371,4,7,False,0.7663586169385461,2.583128068009964,>0.5%,"(275,386]",0
1553,267,4,0,False,0.011962736439128088,0.011962736439128088,"(0.01%,0.1%]","(161,275]",0
1554,272,7,0,False,0.832245147983411,1.086640319298558,>0.5%,"(161,275]",0
1555,83,3,3,True,0.7163136274058745,0.0,>0.5%,"(-inf,161]",0
1556,79,3,3,True,0.3140080356589612,0.0,"(0.1%,0.5%]","(-inf,161]",0
1557,495,0,0,True,0.6626051078453997,0.0,>0.5%,"(386,inf]",7
1558,183,0,0,True,0.0275531514279683,0.0,"(0.01%,0.1%]","(161,275]",0
1559,449,7,0,False,0.791439223469498,1.2133903044608496,>0.5%,"(386,inf]",7
1560,447,0,0,True,0.23499504956284015,0.0,"(0.1%,0.5%]","(386,inf]",7
1561,241,0,0,True,0.47569672269596863,0.0,"(0.1%,0.5%]","(161,275]",0
1562,395,6,7,False,0.46880886133050514,1.485252929159552,"(0.1%,0.5%]","(386,inf]",7
1563,427,7,7,True,1.2606512707547528,0.0,>0.5%,"(386,inf]",7
1564,240,6,0,False,0.2664237971956233,3.687466659119023,"(0.1%,0.5%]","(161,275]",0
1565,116,6,2,False,0.4648756982776673,1.897692212522469,"(0.1%,0.5%]","(-inf,161]",0
1566,58,4,3,False,0.15070839062548505,0.2523205057269748,"(0.1%,0.5%]","(-inf,161]",0
1567,248,6,0,False,0.34638641048490026,0.34638641048490026,"(0.1%,0.5%]","(161,275]",0
1568,210,4,0,False,0.6661802801418657,0.7462773762655348,>0.5%,"(161,275]",0
1569,133,7,0,False,0.4146175218856716,1.629676637374044,"(0.1%,0.5%]","(-inf,161]",0
1570,452,6,0,False,0.005622224830653471,2.943475258248245,"(0,0.01%]","(386,inf]",7
1571,199,7,6,False,0.1403218337195973,0.1403218337195973,"(0.1%,0.5%]","(161,275]",0
1572,236,0,0,True,1.6459567307665006,0.0,>0.5%,"(161,275]",0
1573,401,6,7,False,0.005557463469526088,0.005557463469526088,"(0,0.01%]","(386,inf]",7
1574,431,0,0,True,0.4432149183075284,0.0,"(0.1%,0.5%]","(386,inf]",7
1575,336,7,7,True,0.32565640135711144,0.0,"(0.1%,0.5%]","(275,386]",0
1576,487,0,0,True,1.0524795432789475,0.0,>0.5%,"(386,inf]",7
1577,84,7,3,False,0.39919494657312043,0.5044628529957107,"(0.1%,0.5%]","(-inf,161]",0
1578,482,1,0,False,0.30151215708869167,0.30151215708869167,"(0.1%,0.5%]","(386,inf]",7
1579,75,2,3,False,0.052934865381250695,0.2631764636760138,"(0.01%,0.1%]","(-inf,161]",0
1580,200,0,0,True,0.34779495601248456,0.0,"(0.1%,0.5%]","(161,275]",0
1581,66,0,3,False,0.0,0.0,=0,"(-inf,161]",0
1582,477,7,2,False,0.637341527265975,0.637341527265975,>0.5%,"(386,inf]",7
1583,91,3,3,True,0.10407173833308252,0.0,"(0.1%,0.5%]","(-inf,161]",0
1584,495,7,7,True,0.6706625808373219,0.0,>0.5%,"(386,inf]",7
1585,299,4,0,False,0.3026695483293452,0.3217151118307186,"(0.1%,0.5%]","(275,386]",0
1586,63,3,3,True,0.23651746160738082,0.0,"(0.1%,0.5%]","(-inf,161]",0
1587,430,0,0,True,0.045261692068358304,0.0,"(0.01%,0.1%]","(386,inf]",7
1588,111,3,0,False,0.4390044343807453,1.5736468989158017,"(0.1%,0.5%]","(-inf,161]",0
1589,209,0,0,True,0.8817887060356244,0.0,>0.5%,"(161,275]",0
1590,146,4,0,False,0.2821333167931349,0.2821333167931349,"(0.1%,0.5%]","(-inf,161]",0
1591,191,4,0,False,0.42195909179746016,0.42195909179746016,"(0.1%,0.5%]","(161,275]",0
1592,50,3,3,True,0.013950539828082231,0.0,"(0.01%,0.1%]","(-inf,161]",0
1593,216,0,0,True,1.0027790944197665,0.0,>0.5%,"(161,275]",0
1594,396,0,0,True,1.0147929709748145,0.0,>0.5%,"(386,inf]",7
1595,122,1,3,False,0.5637701695934089,0.5819271179760724,>0.5%,"(-inf,161]",0
1596,413,4,0,False,0.23534996050658472,0.23534996050658472,"(0.1%,0.5%]","(386,inf]",7
1597,289,6,2,False,0.12663492377109867,1.5588218158806992,"(0.1%,0.5%]","(275,386]",0
1598,190,6,0,False,0.5704769604681266,0.8412039549826035,>0.5%,"(161,275]",0
1599,228,2,0,False,0.9741472143146745,1.7708709296488194,>0.5%,"(161,275]",0
1600,287,4,0,False,0.37637856805850434,0.37637856805850434,"(0.1%,0.5%]","(275,386]",0
1601,258,4,0,False,0.39140246868484274,0.39140246868484274,"(0.1%,0.5%]","(161,275]",0
1602,487,2,7,False,0.5750588944184458,0.5750588944184458,>0.5%,"(386,inf]",7
1603,352,6,0,False,0.4083564681538728,1.8591079413365255,"(0.1%,0.5%]","(275,386]",0
1604,389,2,7,False,0.4745310097408781,0.8066260553421103,"(0.1%,0.5%]","(386,inf]",7
1605,439,1,7,False,0.1141307827092016,0.1141307827092016,"(0.1%,0.5%]","(386,inf]",7
1606,179,4,0,False,0.09404005990089448,0.09404005990089448,"(0.01%,0.1%]","(161,275]",0
1607,398,2,7,False,0.5872171999594922,1.9453528882712294,>0.5%,"(386,inf]",7
1608,454,2,7,False,0.2815578414109209,0.5348026207612608,"(0.1%,0.5%]","(386,inf]",7
1609,448,7,0,False,0.46615623012336865,1.1722679972559409,"(0.1%,0.5%]","(386,inf]",7
1610,171,4,0,False,0.4704873522213436,0.764330169268311,"(0.1%,0.5%]","(161,275]",0
1611,256,6,0,False,0.26503862329522265,0.5255199586199956,"(0.1%,0.5%]","(161,275]",0
1612,309,7,7,True,0.1318587390693973,0.0,"(0.1%,0.5%]","(275,386]",0
1613,421,0,0,True,0.03140694787342046,0.0,"(0.01%,0.1%]","(386,inf]",7
1614,423,7,0,False,0.9556775392041775,0.9556775392041775,>0.5%,"(386,inf]",7
1615,457,6,7,False,0.5884991708408689,0.5884991708408689,>0.5%,"(386,inf]",7
1616,216,4,0,False,0.6347513541139639,0.8098936998066101,>0.5%,"(161,275]",0
1617,385,4,0,False,0.7916540311738529,0.7916540311738529,>0.5%,"(275,386]",0
1618,176,0,2,False,0.12479099841959593,1.974050194983551,"(0.1%,0.5%]","(161,275]",0
1619,181,7,2,False,0.5387013743530397,1.367938613559658,>0.5%,"(161,275]",0
1620,441,6,0,False,1.0212289376609471,2.2054214767578064,>0.5%,"(386,inf]",7
1621,455,6,7,False,2.322363252925649,3.502527861915982,>0.5%,"(386,inf]",7
1622,450,6,7,False,0.17694208188240743,1.2791711354332107,"(0.1%,0.5%]","(386,inf]",7
1623,119,4,3,False,0.08751196570792114,0.2436816565497267,"(0.01%,0.1%]","(-inf,161]",0
1624,375,0,0,True,0.0074057252466094604,0.0,"(0,0.01%]","(275,386]",0
1625,241,6,0,False,0.3621231418053648,1.4838874787894356,"(0.1%,0.5%]","(161,275]",0
1626,249,0,0,True,0.9663163910359535,0.0,>0.5%,"(161,275]",0
1627,63,7,3,False,0.05191298409320949,0.05191298409320949,"(0.01%,0.1%]","(-inf,161]",0
1628,461,1,7,False,0.5382563186303775,0.6058691786818206,>0.5%,"(386,inf]",7
1629,475,6,0,False,0.8831385866918491,1.4560859611298949,>0.5%,"(386,inf]",7
1630,465,0,7,False,0.4838108844791349,1.2283023607152654,"(0.1%,0.5%]","(386,inf]",7
1631,430,6,7,False,0.09283628721894896,0.7755274824060138,"(0.01%,0.1%]","(386,inf]",7
1632,161,0,0,True,0.04001298734588207,0.0,"(0.01%,0.1%]","(-inf,161]",0
1633,366,0,0,True,1.3461835522266858,0.0,>0.5%,"(275,386]",0
1634,406,2,7,False,1.612245057904578,1.612245057904578,>0.5%,"(386,inf]",7
1635,127,4,0,False,0.6480581203029764,0.6480581203029764,>0.5%,"(-inf,161]",0
1636,338,0,7,False,0.26506424181187044,0.5515607624260119,"(0.1%,0.5%]","(275,386]",0
1637,254,0,0,True,1.5002859108905693,0.0,>0.5%,"(161,275]",0
1638,457,0,0,True,0.3671418547654448,0.0,"(0.1%,0.5%]","(386,inf]",7
1639,137,0,0,True,0.09812225922935841,0.0,"(0.01%,0.1%]","(-inf,161]",0
1640,58,1,3,False,0.0,0.26083639984267665,=0,"(-inf,161]",0
1641,253,3,7,False,0.433340370466513,1.9851173308894434,"(0.1%,0.5%]","(161,275]",0
1642,121,1,0,False,0.32486344281336865,0.329793590643939,"(0.1%,0.5%]","(-inf,161]",0
1643,118,0,0,True,0.08607844610312897,0.0,"(0.01%,0.1%]","(-inf,161]",0
1644,369,1,0,False,0.23029503223869568,0.23029503223869568,"(0.1%,0.5%]","(275,386]",0
1645,53,1,3,False,0.0,0.05198604908818927,=0,"(-inf,161]",0
1646,86,3,3,True,0.09013081454746158,0.0,"(0.01%,0.1%]","(-inf,161]",0
1647,333,2,0,False,0.5448871471804423,0.5448871471804423,>0.5%,"(275,386]",0
1648,393,0,0,True,0.4724727061140521,0.0,"(0.1%,0.5%]","(386,inf]",7
1649,61,3,3,True,1.021337580463528e-05,0.0,"(0,0.01%]","(-inf,161]",0
1650,102,4,3,False,0.06330766669383932,0.06330766669383932,"(0.01%,0.1%]","(-inf,161]",0
1651,57,3,3,True,0.40766374648173376,0.0,"(0.1%,0.5%]","(-inf,161]",0
1652,169,4,2,False,0.023298455119133536,0.37512654090765635,"(0.01%,0.1%]","(161,275]",0
1653,169,7,6,False,0.3421822486956962,2.059833162470609,"(0.1%,0.5%]","(161,275]",0
1654,137,7,0,False,0.3442399795727801,1.059372365880948,"(0.1%,0.5%]","(-inf,161]",0
1655,201,7,0,False,0.005344383015014813,0.005344383015014813,"(0,0.01%]","(161,275]",0
1656,322,2,2,True,0.15415214040946304,0.0,"(0.1%,0.5%]","(275,386]",0
1657,333,0,0,True,0.6525152232350587,0.0,>0.5%,"(275,386]",0
1658,90,0,3,False,0.0,0.5340459116594206,=0,"(-inf,161]",0
1659,126,0,0,True,0.41840533544616165,0.0,"(0.1%,0.5%]","(-inf,161]",0
1660,429,0,7,False,0.09143126041799124,0.09143126041799124,"(0.01%,0.1%]","(386,inf]",7
1661,268,4,7,False,0.3399490543369604,0.756515507082672,"(0.1%,0.5%]","(161,275]",0
1662,158,4,0,False,0.2984675720798186,2.467673502132468,"(0.1%,0.5%]","(-inf,161]",0
1663,458,4,0,False,0.3127116083160659,0.3127116083160659,"(0.1%,0.5%]","(386,inf]",7
1664,364,4,0,False,0.5771200231687147,0.5771200231687147,>0.5%,"(275,386]",0
1665,479,7,7,True,0.155767347562174,0.0,"(0.1%,0.5%]","(386,inf]",7
1666,151,7,3,False,0.48681516657144724,0.6875462427716631,"(0.1%,0.5%]","(-inf,161]",0
1667,161,4,0,False,0.033591189510865434,0.033591189510865434,"(0.01%,0.1%]","(-inf,161]",0
1668,120,6,3,False,0.1966573185935227,0.7093507334606939,"(0.1%,0.5%]","(-inf,161]",0
1669,92,3,3,True,0.1453353904164037,0.0,"(0.1%,0.5%]","(-inf,161]",0
1670,424,0,0,True,1.2892786460747536,0.0,>0.5%,"(386,inf]",7
1671,225,7,0,False,1.1851738124568671,1.7705013924498352,>0.5%,"(161,275]",0
1672,63,0,3,False,8.820078320331692e-07,0.05972312283439668,"(0,0.01%]","(-inf,161]",0
1673,458,6,0,False,0.7418814356211901,1.144552682598042,>0.5%,"(386,inf]",7
1674,343,4,0,False,0.3580545061123172,0.43445876450708376,"(0.1%,0.5%]","(275,386]",0
1675,62,1,3,False,0.0,0.0026187815440074902,=0,"(-inf,161]",0
1676,109,0,3,False,0.2858620817563694,0.4560756470888178,"(0.1%,0.5%]","(-inf,161]",0
1677,328,0,0,True,0.8644555631193802,0.0,>0.5%,"(275,386]",0
1678,450,2,7,False,0.18984767135112768,0.501411388056381,"(0.1%,0.5%]","(386,inf]",7
1679,57,1,3,False,3.7252157825713925e-06,0.1607889736989984,"(0,0.01%]","(-inf,161]",0
1680,342,2,0,False,0.13510207000505012,1.1635434563840343,"(0.1%,0.5%]","(275,386]",0
1681,131,7,0,False,0.745753965442759,10.393954813952515,>0.5%,"(-inf,161]",0
1682,54,3,3,True,0.24037343196502856,0.0,"(0.1%,0.5%]","(-inf,161]",0
1683,467,0,0,True,1.0758495701822883,0.0,>0.5%,"(386,inf]",7
1684,355,0,7,False,0.7363092448030648,1.333579298608096,>0.5%,"(275,386]",0
1685,268,4,0,False,1.0503114680927117,1.0541544043186226,>0.5%,"(161,275]",0
1686,84,7,3,False,0.008622340200549734,0.175223600139029,"(0,0.01%]","(-inf,161]",0
1687,211,0,0,True,0.5909417028154544,0.0,>0.5%,"(161,275]",0
1688,294,0,0,True,1.6157527118139363,0.0,>0.5%,"(275,386]",0
1689,478,7,7,True,0.6725450017608446,0.0,>0.5%,"(386,inf]",7
1690,81,1,3,False,0.0,0.17632646946354166,=0,"(-inf,161]",0
1691,267,4,0,False,0.40092606738832093,0.5262089503796318,"(0.1%,0.5%]","(161,275]",0
1692,252,0,0,True,0.48643399589290554,0.0,"(0.1%,0.5%]","(161,275]",0
1693,219,4,0,False,0.6467768910262328,0.9247931413623676,>0.5%,"(161,275]",0
1694,473,4,0,False,0.17564352679663098,0.17564352679663098,"(0.1%,0.5%]","(386,inf]",7
1695,258,7,0,False,0.2527149688443562,0.2527149688443562,"(0.1%,0.5%]","(161,275]",0
1696,227,0,0,True,0.7179059375787616,0.0,>0.5%,"(161,275]",0
1697,420,2,7,False,0.35140355912761617,0.5889895200283841,"(0.1%,0.5%]","(386,inf]",7
1698,129,1,3,False,0.38775409758715407,0.6162471085882655,"(0.1%,0.5%]","(-inf,161]",0
1699,297,0,0,True,0.16767478076854098,0.0,"(0.1%,0.5%]","(275,386]",0
1700,342,6,0,False,0.21978870130798983,0.21978870130798983,"(0.1%,0.5%]","(275,386]",0
1701,130,7,0,False,0.08633368351950231,0.4151454506614397,"(0.01%,0.1%]","(-inf,161]",0
1702,60,3,3,True,0.017601581184049243,0.0,"(0.01%,0.1%]","(-inf,161]",0
1703,153,0,0,True,0.24816474362974109,0.0,"(0.1%,0.5%]","(-inf,161]",0
1704,466,0,7,False,0.09624442866533907,2.637647289567006,"(0.01%,0.1%]","(386,inf]",7
1705,85,4,3,False,0.03921299154532881,1.3771860866929024,"(0.01%,0.1%]","(-inf,161]",0
1706,342,0,0,True,0.10487123797704002,0.0,"(0.1%,0.5%]","(275,386]",0
1707,239,7,7,True,0.1610352524576606,0.0,"(0.1%,0.5%]","(161,275]",0
1708,290,1,0,False,0.4303828782312948,3.1034545349645684,"(0.1%,0.5%]","(275,386]",0
1709,173,6,0,False,0.1115470281269087,3.55601555591999,"(0.1%,0.5%]","(161,275]",0
1710,294,4,0,False,1.4165928666413363,2.559606195161361,>0.5%,"(275,386]",0
1711,375,7,2,False,0.45982455914430403,0.45982455914430403,"(0.1%,0.5%]","(275,386]",0
1712,441,6,0,False,0.1316156524892892,0.1316156524892892,"(0.1%,0.5%]","(386,inf]",7
1713,200,2,0,False,0.2276517568960742,0.2276517568960742,"(0.1%,0.5%]","(161,275]",0
1714,78,3,3,True,0.0,0.0,=0,"(-inf,161]",0
1715,209,0,0,True,0.7003589081615188,0.0,>0.5%,"(161,275]",0
1716,298,0,0,True,0.8894506428958835,0.0,>0.5%,"(275,386]",0
1717,472,0,0,True,0.40633836405121737,0.0,"(0.1%,0.5%]","(386,inf]",7
1718,274,4,0,False,0.454386965960881,0.454386965960881,"(0.1%,0.5%]","(161,275]",0
1719,132,0,3,False,0.08355697116716918,0.25552902037354175,"(0.01%,0.1%]","(-inf,161]",0
1720,433,4,7,False,0.03567996836334623,0.03567996836334623,"(0.01%,0.1%]","(386,inf]",7
1721,269,0,0,True,0.2909445729818493,0.0,"(0.1%,0.5%]","(161,275]",0
1722,265,6,0,False,0.4806091100960135,0.5470919748540493,"(0.1%,0.5%]","(161,275]",0
1723,375,1,0,False,0.2631516104496417,0.5027419581943184,"(0.1%,0.5%]","(275,386]",0
1724,292,0,0,True,0.5991225104748256,0.0,>0.5%,"(275,386]",0
1725,168,0,0,True,0.09936624262208885,0.0,"(0.01%,0.1%]","(161,275]",0
1726,280,2,7,False,1.0273138341462844,1.0273138341462844,>0.5%,"(275,386]",0
1727,106,0,3,False,0.1942823022604898,0.1942823022604898,"(0.1%,0.5%]","(-inf,161]",0
1728,66,3,3,True,0.9395269145159025,0.0,>0.5%,"(-inf,161]",0
1729,67,3,0,False,6.222881100555349e-07,0.080486356698952,"(0,0.01%]","(-inf,161]",0
1730,138,0,0,True,0.45719923580608235,0.0,"(0.1%,0.5%]","(-inf,161]",0
1731,69,4,3,False,0.13763506117715907,0.13763506117715907,"(0.1%,0.5%]","(-inf,161]",0
1732,334,4,0,False,1.5321525486024883,1.5321525486024883,>0.5%,"(275,386]",0
1733,419,7,0,False,0.057769063241380744,0.14831582380083966,"(0.01%,0.1%]","(386,inf]",7
1734,119,6,0,False,0.17617927809393882,0.6247743551903172,"(0.1%,0.5%]","(-inf,161]",0
1735,116,3,0,False,1.2572251104016987,2.3384203247857926,>0.5%,"(-inf,161]",0
1736,367,0,0,True,0.06156371621886651,0.0,"(0.01%,0.1%]","(275,386]",0
1737,141,6,0,False,0.13034908669856765,0.30200035321187363,"(0.1%,0.5%]","(-inf,161]",0
1738,117,4,0,False,0.10537783182750025,0.10537783182750025,"(0.1%,0.5%]","(-inf,161]",0
1739,235,0,0,True,0.04472033759964996,0.0,"(0.01%,0.1%]","(161,275]",0
1740,105,0,0,True,0.007822834819665114,0.0,"(0,0.01%]","(-inf,161]",0
1741,132,1,0,False,0.13876829858200043,0.13876829858200043,"(0.1%,0.5%]","(-inf,161]",0
1742,173,7,0,False,0.2922465631037521,10.906100188748313,"(0.1%,0.5%]","(161,275]",0
1743,161,2,0,False,0.17606278773286665,0.4946110459965409,"(0.1%,0.5%]","(-inf,161]",0
1744,286,7,2,False,1.4652967144813296,1.4652967144813296,>0.5%,"(275,386]",0
1745,202,0,0,True,0.012186235194866423,0.0,"(0.01%,0.1%]","(161,275]",0
1746,249,6,0,False,0.6232016487562084,0.6232016487562084,>0.5%,"(161,275]",0
1747,411,0,0,True,0.24658851235123858,0.0,"(0.1%,0.5%]","(386,inf]",7
1748,100,3,3,True,0.09765540815041134,0.0,"(0.01%,0.1%]","(-inf,161]",0
1749,109,0,3,False,0.19078232741408663,0.22918247776456965,"(0.1%,0.5%]","(-inf,161]",0
1750,291,4,0,False,0.7050333124811667,2.0901803668772247,>0.5%,"(275,386]",0
1751,330,2,7,False,0.4638018663224912,2.6416688673048654,"(0.1%,0.5%]","(275,386]",0
1752,398,0,0,True,0.7824607556571469,0.0,>0.5%,"(386,inf]",7
1753,84,0,3,False,0.5380034860994505,0.8009652294454603,>0.5%,"(-inf,161]",0
1754,161,0,0,True,0.5016881549486369,0.0,>0.5%,"(-inf,161]",0
1755,459,7,7,True,0.6133052082792814,0.0,>0.5%,"(386,inf]",7
1756,71,7,3,False,4.890427393327606e-14,0.009303726677092014,"(0,0.01%]","(-inf,161]",0
1757,422,0,0,True,0.2649038441753982,0.0,"(0.1%,0.5%]","(386,inf]",7
1758,213,0,0,True,0.25077379649360043,0.0,"(0.1%,0.5%]","(161,275]",0
1759,84,0,3,False,0.2616282101932247,0.2616282101932247,"(0.1%,0.5%]","(-inf,161]",0
1760,65,2,3,False,0.2866531378552218,0.2866531378552218,"(0.1%,0.5%]","(-inf,161]",0
1761,82,0,0,True,0.1963863009512562,0.0,"(0.1%,0.5%]","(-inf,161]",0
1762,275,4,0,False,1.206274427033211,1.206274427033211,>0.5%,"(161,275]",0
1763,231,4,2,False,0.013519713089250892,0.013519713089250892,"(0.01%,0.1%]","(161,275]",0
1764,292,6,0,False,0.33823445897652565,0.5139293010208096,"(0.1%,0.5%]","(275,386]",0
1765,378,7,7,True,1.421984257519792,0.0,>0.5%,"(275,386]",0
1766,191,4,0,False,0.22234570990097235,1.856725592879662,"(0.1%,0.5%]","(161,275]",0
1767,380,6,0,False,0.23620525785773694,1.3446618265952714,"(0.1%,0.5%]","(275,386]",0
1768,112,6,3,False,1.198739479683861,2.069949195633537,>0.5%,"(-inf,161]",0
1769,330,7,7,True,0.36198652431365114,0.0,"(0.1%,0.5%]","(275,386]",0
1770,297,7,0,False,0.21794955129406618,0.21794955129406618,"(0.1%,0.5%]","(275,386]",0
1771,211,0,0,True,1.587929379683375,0.0,>0.5%,"(161,275]",0
1772,134,5,0,False,0.27299613242748283,0.33314961173390845,"(0.1%,0.5%]","(-inf,161]",0
1773,131,2,0,False,0.8002546655331553,0.9440672076394626,>0.5%,"(-inf,161]",0
1774,230,0,0,True,0.23133806481747377,0.0,"(0.1%,0.5%]","(161,275]",0
1775,178,0,0,True,0.6689792249159084,0.0,>0.5%,"(161,275]",0
1776,212,0,0,True,0.7754000024925999,0.0,>0.5%,"(161,275]",0
1777,132,0,0,True,0.14340743332995595,0.0,"(0.1%,0.5%]","(-inf,161]",0
1778,138,6,0,False,0.5163403918110172,0.5163403918110172,>0.5%,"(-inf,161]",0
1779,399,7,7,True,1.21624400087902,0.0,>0.5%,"(386,inf]",7
1780,494,6,7,False,0.519289939545707,0.9663189634406979,>0.5%,"(386,inf]",7
1781,73,3,3,True,3.017768688140441e-06,0.0,"(0,0.01%]","(-inf,161]",0
1782,175,0,0,True,0.42141929998294575,0.0,"(0.1%,0.5%]","(161,275]",0
1783,168,6,3,False,0.029792987856910803,0.7847090269593565,"(0.01%,0.1%]","(161,275]",0
1784,200,0,0,True,0.31873096095702474,0.0,"(0.1%,0.5%]","(161,275]",0
1785,182,4,0,False,0.06197243865334311,0.39360694336790764,"(0.01%,0.1%]","(161,275]",0
1786,215,4,0,False,0.5555102061113893,0.6780109118353309,>0.5%,"(161,275]",0
1787,50,3,3,True,0.0024435483162327082,0.0,"(0,0.01%]","(-inf,161]",0
1788,194,0,0,True,0.14680755906170728,0.0,"(0.1%,0.5%]","(161,275]",0
1789,231,1,0,False,0.4597569926705309,0.5076693086976064,"(0.1%,0.5%]","(161,275]",0
1790,291,0,0,True,0.31500759600485734,0.0,"(0.1%,0.5%]","(275,386]",0
1791,306,7,7,True,0.7629904229424903,0.0,>0.5%,"(275,386]",0
1792,275,0,0,True,0.26971004425861617,0.0,"(0.1%,0.5%]","(161,275]",0
1793,482,2,7,False,0.41971441682870136,2.081141822527349,"(0.1%,0.5%]","(386,inf]",7
1794,130,4,0,False,0.045084459163569304,0.045084459163569304,"(0.01%,0.1%]","(-inf,161]",0
1795,220,2,0,False,0.2324252225348977,0.2324252225348977,"(0.1%,0.5%]","(161,275]",0
1796,121,1,3,False,0.05448349766784048,1.2385228759423443,"(0.01%,0.1%]","(-inf,161]",0
1797,324,0,0,True,1.1389674354648611,0.0,>0.5%,"(275,386]",0
1798,153,3,3,True,0.14499801602815413,0.0,"(0.1%,0.5%]","(-inf,161]",0
1799,94,7,3,False,0.42442914884861793,0.42442914884861793,"(0.1%,0.5%]","(-inf,161]",0
1800,355,0,0,True,0.027356867310694786,0.0,"(0.01%,0.1%]","(275,386]",0
1801,407,7,7,True,0.5701145143577837,0.0,>0.5%,"(386,inf]",7
1802,86,3,3,True,0.1044681389809137,0.0,"(0.1%,0.5%]","(-inf,161]",0
1803,124,4,0,False,0.3235763106839126,0.8747079769514344,"(0.1%,0.5%]","(-inf,161]",0
1804,272,7,2,False,0.1544020540079769,0.6561448752763146,"(0.1%,0.5%]","(161,275]",0
1805,452,2,7,False,0.21775309546502594,0.21775309546502594,"(0.1%,0.5%]","(386,inf]",7
1806,209,0,0,True,0.49606949213927926,0.0,"(0.1%,0.5%]","(161,275]",0
1807,291,0,0,True,0.1986269125504345,0.0,"(0.1%,0.5%]","(275,386]",0
1808,175,0,0,True,0.08436426261189718,0.0,"(0.01%,0.1%]","(161,275]",0
1809,457,6,7,False,0.5986345628795898,0.6250016360531295,>0.5%,"(386,inf]",7
1810,394,6,0,False,0.1588262823759978,0.1588262823759978,"(0.1%,0.5%]","(386,inf]",7
1811,234,2,0,False,1.2004451034581045,1.593171446831372,>0.5%,"(161,275]",0
1812,115,4,0,False,0.10945766269745431,3.011650108960837,"(0.1%,0.5%]","(-inf,161]",0
1813,51,1,3,False,0.0,0.28591468671083287,=0,"(-inf,161]",0
1814,69,0,3,False,1.93110645089002e-06,0.1963484446415919,"(0,0.01%]","(-inf,161]",0
1815,393,0,0,True,0.041134388721050484,0.0,"(0.01%,0.1%]","(386,inf]",7
1816,264,0,0,True,1.5978119049565136,0.0,>0.5%,"(161,275]",0
1817,102,2,3,False,0.026267083173377555,0.16708928188313,"(0.01%,0.1%]","(-inf,161]",0
1818,262,4,0,False,0.12039926959563113,0.8707384974908189,"(0.1%,0.5%]","(161,275]",0
1819,97,7,3,False,0.019695982347823333,0.019695982347823333,"(0.01%,0.1%]","(-inf,161]",0
1820,385,7,7,True,1.4496332110420866,0.0,>0.5%,"(275,386]",0
1821,321,0,0,True,1.622769233698542,0.0,>0.5%,"(275,386]",0
1822,216,0,0,True,0.6705943941272042,0.0,>0.5%,"(161,275]",0
1823,166,0,0,True,0.3620300664103722,0.0,"(0.1%,0.5%]","(161,275]",0
1824,285,2,7,False,0.002717023358138673,1.2474616509359469,"(0,0.01%]","(275,386]",0
1825,492,0,7,False,0.0006391445809965256,0.2697675140880316,"(0,0.01%]","(386,inf]",7
1826,96,6,3,False,0.0047203785695865185,0.0047203785695865185,"(0,0.01%]","(-inf,161]",0
1827,161,6,2,False,0.25669257537374773,2.4342771830023073,"(0.1%,0.5%]","(-inf,161]",0
1828,142,4,0,False,0.11063907025498261,0.16689707783410052,"(0.1%,0.5%]","(-inf,161]",0
1829,194,4,0,False,0.6011182013937151,8.914131311986791,>0.5%,"(161,275]",0
1830,218,2,7,False,0.05040782094868286,0.05040782094868286,"(0.01%,0.1%]","(161,275]",0
1831,130,4,0,False,0.20259424665316209,0.20259424665316209,"(0.1%,0.5%]","(-inf,161]",0
1832,346,7,7,True,0.0010833882510324273,0.0,"(0,0.01%]","(275,386]",0
1833,310,7,7,True,0.6422703963172564,0.0,>0.5%,"(275,386]",0
1834,231,0,0,True,0.025671908050758765,0.0,"(0.01%,0.1%]","(161,275]",0
1835,141,6,2,False,0.01730060002305557,0.3045520236180961,"(0.01%,0.1%]","(-inf,161]",0
1836,192,0,0,True,0.6717259749232676,0.0,>0.5%,"(161,275]",0
1837,227,1,7,False,0.15432400681660702,0.8122501477647217,"(0.1%,0.5%]","(161,275]",0
1838,344,6,7,False,0.10252490713868945,0.10252490713868945,"(0.1%,0.5%]","(275,386]",0
1839,214,0,0,True,0.0794268990348889,0.0,"(0.01%,0.1%]","(161,275]",0
1840,279,4,0,False,0.24419217098273954,0.24419217098273954,"(0.1%,0.5%]","(275,386]",0
1841,141,6,2,False,0.12143011873619947,2.570412508324709,"(0.1%,0.5%]","(-inf,161]",0
1842,330,2,7,False,1.1204485943244993,1.5801434140690702,>0.5%,"(275,386]",0
1843,324,0,0,True,0.7194175843170749,0.0,>0.5%,"(275,386]",0
1844,71,3,3,True,0.00420880780641724,0.0,"(0,0.01%]","(-inf,161]",0
1845,247,0,2,False,0.9095074712519416,1.28880663847215,>0.5%,"(161,275]",0
1846,485,6,7,False,0.09179251268640326,0.09179251268640326,"(0.01%,0.1%]","(386,inf]",7
1847,178,4,0,False,0.07508221600658702,0.22462902614032396,"(0.01%,0.1%]","(161,275]",0
1848,207,6,0,False,0.3434255236773216,2.0549110596934197,"(0.1%,0.5%]","(161,275]",0
1849,231,6,0,False,0.08120756646028048,0.08120756646028048,"(0.01%,0.1%]","(161,275]",0
1850,388,2,7,False,0.03412750468184254,0.20553216575209493,"(0.01%,0.1%]","(386,inf]",7
1851,151,0,0,True,0.3411337718542876,0.0,"(0.1%,0.5%]","(-inf,161]",0
1852,447,0,0,True,0.7923812220164858,0.0,>0.5%,"(386,inf]",7
1853,334,4,0,False,0.7637013116528698,0.7637013116528698,>0.5%,"(275,386]",0
1854,282,0,0,True,0.22886530813196487,0.0,"(0.1%,0.5%]","(275,386]",0
1855,168,7,0,False,1.136362833742316,3.4509088443897844,>0.5%,"(161,275]",0
1856,468,1,7,False,0.148300073268978,0.148300073268978,"(0.1%,0.5%]","(386,inf]",7
1857,83,1,3,False,0.19955351560978565,0.3698042383184315,"(0.1%,0.5%]","(-inf,161]",0
1858,468,6,7,False,0.6855294381891052,0.9908958266978966,>0.5%,"(386,inf]",7
1859,387,0,0,True,0.25093312211057756,0.0,"(0.1%,0.5%]","(386,inf]",7
1860,288,6,0,False,1.1000986403786466,1.1000986403786466,>0.5%,"(275,386]",0
1861,437,7,0,False,0.7647196700782654,1.24563346905643,>0.5%,"(386,inf]",7
1862,468,2,7,False,0.053449559319140354,0.053449559319140354,"(0.01%,0.1%]","(386,inf]",7
1863,448,0,0,True,1.4485237725076254,0.0,>0.5%,"(386,inf]",7
1864,144,0,0,True,0.3715227649272733,0.0,"(0.1%,0.5%]","(-inf,161]",0
1865,340,7,0,False,0.17385530156963505,0.7201106547058028,"(0.1%,0.5%]","(275,386]",0
1866,227,2,7,False,0.005427972788609915,0.005427972788609915,"(0,0.01%]","(161,275]",0
1867,220,2,0,False,0.648538906398139,0.648538906398139,>0.5%,"(161,275]",0
1868,193,0,0,True,0.08808569510262243,0.0,"(0.01%,0.1%]","(161,275]",0
1869,162,2,0,False,0.029216543868141962,0.029216543868141962,"(0.01%,0.1%]","(161,275]",0
1870,104,3,0,False,0.9526008931020423,2.0086317617685006,>0.5%,"(-inf,161]",0
1871,356,4,0,False,1.1000186792315472,1.615280624833635,>0.5%,"(275,386]",0
1872,236,0,0,True,1.5550680444654579,0.0,>0.5%,"(161,275]",0
1873,416,7,0,False,0.014311696020751394,1.1934184778486383,"(0.01%,0.1%]","(386,inf]",7
1874,396,2,0,False,0.44746704457664377,7.711211524470321,"(0.1%,0.5%]","(386,inf]",7
1875,122,3,3,True,0.5081702910171703,0.0,>0.5%,"(-inf,161]",0
1876,98,7,3,False,0.5467748724189591,0.5957097478609023,>0.5%,"(-inf,161]",0
1877,471,7,7,True,0.49199322468042395,0.0,"(0.1%,0.5%]","(386,inf]",7
1878,152,0,0,True,0.7186160087410414,0.0,>0.5%,"(-inf,161]",0
1879,177,0,0,True,0.09882169971392891,0.0,"(0.01%,0.1%]","(161,275]",0
1880,271,0,0,True,1.2531111745209178,0.0,>0.5%,"(161,275]",0
1881,373,7,7,True,0.9157259579684027,0.0,>0.5%,"(275,386]",0
1882,327,7,7,True,0.2004531996455886,0.0,"(0.1%,0.5%]","(275,386]",0
1883,182,0,0,True,0.9771493983074694,0.0,>0.5%,"(161,275]",0
1884,428,0,0,True,0.38810346258639383,0.0,"(0.1%,0.5%]","(386,inf]",7
1885,168,6,0,False,0.014420735815289125,0.014420735815289125,"(0.01%,0.1%]","(161,275]",0
1886,364,0,0,True,0.6407799081358334,0.0,>0.5%,"(275,386]",0
1887,293,2,0,False,0.13140628848779146,0.9045044630351572,"(0.1%,0.5%]","(275,386]",0
1888,197,7,2,False,0.4279414576940497,2.3173527004512846,"(0.1%,0.5%]","(161,275]",0
1889,428,2,0,False,0.4858136231535087,0.9174421109613653,"(0.1%,0.5%]","(386,inf]",7
1890,81,0,3,False,0.0,0.0465333744008828,=0,"(-inf,161]",0
1891,273,4,0,False,0.37436747608510734,0.6360800394141923,"(0.1%,0.5%]","(161,275]",0
1892,176,0,0,True,0.6060727734171517,0.0,>0.5%,"(161,275]",0
1893,319,7,0,False,0.18615131569497115,0.18615131569497115,"(0.1%,0.5%]","(275,386]",0
1894,87,2,3,False,0.1771449573282083,0.1771449573282083,"(0.1%,0.5%]","(-inf,161]",0
1895,433,0,0,True,1.0851512803129053,0.0,>0.5%,"(386,inf]",7
1896,327,0,0,True,0.4695257254902536,0.0,"(0.1%,0.5%]","(275,386]",0
1897,233,7,0,False,0.5020980795240536,12.13590834874281,>0.5%,"(161,275]",0
1898,165,0,0,True,0.431349513002606,0.0,"(0.1%,0.5%]","(161,275]",0
1899,475,2,7,False,1.0209296788747548,1.0209296788747548,>0.5%,"(386,inf]",7
1900,325,7,0,False,0.24272599927265107,0.5834513235974302,"(0.1%,0.5%]","(275,386]",0
1901,204,7,0,False,0.4716683616439495,2.2687827371900795,"(0.1%,0.5%]","(161,275]",0
1902,371,4,0,False,0.382772891261566,0.382772891261566,"(0.1%,0.5%]","(275,386]",0
1903,143,7,0,False,0.10102098429962499,1.3809012190464396,"(0.1%,0.5%]","(-inf,161]",0
1904,278,0,7,False,0.440670483163325,1.5267476333923462,"(0.1%,0.5%]","(275,386]",0
1905,74,4,3,False,0.10186442109161455,0.10186442109161455,"(0.1%,0.5%]","(-inf,161]",0
1906,367,2,0,False,0.28004530489178214,0.3569678475050243,"(0.1%,0.5%]","(275,386]",0
1907,455,2,7,False,0.2213234773384987,0.2213234773384987,"(0.1%,0.5%]","(386,inf]",7
1908,237,0,0,True,0.1080158459406274,0.0,"(0.1%,0.5%]","(161,275]",0
1909,63,2,3,False,0.24940710249931,0.923441465134861,"(0.1%,0.5%]","(-inf,161]",0
1910,335,7,0,False,0.06893212004076552,0.06893212004076552,"(0.01%,0.1%]","(275,386]",0
1911,53,0,3,False,1.0471163619575505e-05,0.5210346305464576,"(0,0.01%]","(-inf,161]",0
1912,108,0,3,False,0.034994346650380974,0.034994346650380974,"(0.01%,0.1%]","(-inf,161]",0
1913,432,6,7,False,0.16334219093042796,1.0929739461423418,"(0.1%,0.5%]","(386,inf]",7
1914,296,4,0,False,0.4953462860660593,0.4953462860660593,"(0.1%,0.5%]","(275,386]",0
1915,296,2,7,False,0.8513833086546707,4.670900536663526,>0.5%,"(275,386]",0
1916,498,6,7,False,0.2800896848807836,2.3498972240702134,"(0.1%,0.5%]","(386,inf]",7
1917,433,4,0,False,0.7269488842523446,1.466081812860536,>0.5%,"(386,inf]",7
1918,320,4,0,False,0.23092386391074127,0.23092386391074127,"(0.1%,0.5%]","(275,386]",0
1919,374,7,7,True,0.5648618480555927,0.0,>0.5%,"(275,386]",0
1920,149,0,0,True,0.2646722518838176,0.0,"(0.1%,0.5%]","(-inf,161]",0
1921,220,2,2,True,0.9287317308855159,0.0,>0.5%,"(161,275]",0
1922,65,3,3,True,0.7792434369769646,0.0,>0.5%,"(-inf,161]",0
1923,86,4,3,False,2.226988559798201e-06,0.04628219973488138,"(0,0.01%]","(-inf,161]",0
1924,112,7,0,False,0.09495123765091393,0.9490657233826286,"(0.01%,0.1%]","(-inf,161]",0
1925,324,2,0,False,0.14499491268778658,1.6609495574299113,"(0.1%,0.5%]","(275,386]",0
1926,315,0,0,True,0.021471572284483306,0.0,"(0.01%,0.1%]","(275,386]",0
1927,209,1,2,False,0.06816177329436543,0.59992390700478,"(0.01%,0.1%]","(161,275]",0
1928,333,2,0,False,0.7312161396339041,4.766036126980384,>0.5%,"(275,386]",0
1929,364,6,7,False,0.3416211885381106,0.9694137341605674,"(0.1%,0.5%]","(275,386]",0
1930,400,4,7,False,1.6358481555497948,1.8618402334688784,>0.5%,"(386,inf]",7
1931,89,0,3,False,0.4494796814264662,0.4494796814264662,"(0.1%,0.5%]","(-inf,161]",0
1932,384,2,7,False,0.17056453920795125,1.724268451757823,"(0.1%,0.5%]","(275,386]",0
1933,448,2,7,False,0.9748107629923236,2.8424697506771386,>0.5%,"(386,inf]",7
1934,487,6,0,False,0.4407357614561881,0.8607168412930845,"(0.1%,0.5%]","(386,inf]",7
1935,350,7,0,False,0.05801006429689611,0.05801006429689611,"(0.01%,0.1%]","(275,386]",0
1936,345,2,7,False,0.38756250240651197,0.38756250240651197,"(0.1%,0.5%]","(275,386]",0
1937,112,2,3,False,0.0,0.4834297832311779,=0,"(-inf,161]",0
1938,106,6,0,False,0.00039615246583664436,0.00039615246583664436,"(0,0.01%]","(-inf,161]",0
1939,229,4,0,False,0.7467359652175645,2.316970878341704,>0.5%,"(161,275]",0
1940,136,5,3,False,0.18773848176692284,1.3647959244240626,"(0.1%,0.5%]","(-inf,161]",0
1941,134,7,0,False,0.0421231357013482,3.1142037903765694,"(0.01%,0.1%]","(-inf,161]",0
1942,81,3,3,True,0.5031708855407618,0.0,>0.5%,"(-inf,161]",0
1943,287,2,0,False,0.8725706881146597,3.6027356093671603,>0.5%,"(275,386]",0
1944,201,2,4,False,0.35033613262608615,0.4644402084791243,"(0.1%,0.5%]","(161,275]",0
1945,375,0,0,True,0.03645821124887591,0.0,"(0.01%,0.1%]","(275,386]",0
1946,461,0,7,False,0.14835075939807743,0.270712691117584,"(0.1%,0.5%]","(386,inf]",7
1947,361,0,0,True,1.1887699603215098,0.0,>0.5%,"(275,386]",0
1948,343,2,0,False,0.2373420476095055,0.9203685163433131,"(0.1%,0.5%]","(275,386]",0
1949,133,2,3,False,0.5822605481752752,0.5822605481752752,>0.5%,"(-inf,161]",0
1950,277,2,0,False,0.6249676322575255,1.8604155426202733,>0.5%,"(275,386]",0
1951,79,0,3,False,0.2520516907071022,0.2520516907071022,"(0.1%,0.5%]","(-inf,161]",0
1952,410,0,7,False,0.24111874081981663,3.1512580399003327,"(0.1%,0.5%]","(386,inf]",7
1953,283,2,0,False,0.3576295240355125,0.3576295240355125,"(0.1%,0.5%]","(275,386]",0
1954,412,7,7,True,0.67826064573982,0.0,>0.5%,"(386,inf]",7
1955,84,3,3,True,0.817969131731713,0.0,>0.5%,"(-inf,161]",0
1956,248,0,0,True,0.0852348448817606,0.0,"(0.01%,0.1%]","(161,275]",0
1957,95,6,3,False,0.09474096736854537,0.1315219119562393,"(0.01%,0.1%]","(-inf,161]",0
1958,417,0,0,True,0.2601309511606924,0.0,"(0.1%,0.5%]","(386,inf]",7
1959,283,6,7,False,0.041654571969790735,0.44336578097412277,"(0.01%,0.1%]","(275,386]",0
1960,268,4,0,False,0.6543477401538416,0.7362035219827063,>0.5%,"(161,275]",0
1961,371,1,7,False,1.4283735379095819,1.4283735379095819,>0.5%,"(275,386]",0
1962,244,0,0,True,0.5920434768218112,0.0,>0.5%,"(161,275]",0
1963,283,7,0,False,0.0006058864094162832,0.22858204446973546,"(0,0.01%]","(275,386]",0
1964,326,2,7,False,0.16531465822799096,0.16531465822799096,"(0.1%,0.5%]","(275,386]",0
1965,301,0,0,True,1.3616357351142496,0.0,>0.5%,"(275,386]",0
1966,145,4,0,False,0.11400655141142908,0.11400655141142908,"(0.1%,0.5%]","(-inf,161]",0
1967,256,4,0,False,0.24434641347311267,0.26577168230491877,"(0.1%,0.5%]","(161,275]",0
1968,290,6,2,False,0.966707097509511,1.4388335263645728,>0.5%,"(275,386]",0
1969,231,7,2,False,1.0687673417772892,1.0687673417772892,>0.5%,"(161,275]",0
1970,238,6,2,False,1.228585864727897,2.1656866967349453,>0.5%,"(161,275]",0
1971,143,0,0,True,0.16438184606092995,0.0,"(0.1%,0.5%]","(-inf,161]",0
1972,148,0,0,True,0.14836032440390334,0.0,"(0.1%,0.5%]","(-inf,161]",0
1973,242,4,0,False,0.17437774784168372,0.17437774784168372,"(0.1%,0.5%]","(161,275]",0
1974,419,6,7,False,0.7511615957411306,0.7628058379903708,>0.5%,"(386,inf]",7
1975,423,7,0,False,0.813560081481882,1.2553320858287305,>0.5%,"(386,inf]",7
1976,484,6,7,False,0.43587691933699263,0.5986919273958305,"(0.1%,0.5%]","(386,inf]",7
1977,467,0,0,True,0.08457601258179887,0.0,"(0.01%,0.1%]","(386,inf]",7
1978,405,0,7,False,1.7925833716973407,3.196639878334083,>0.5%,"(386,inf]",7
1979,234,0,0,True,0.28030613419865996,0.0,"(0.1%,0.5%]","(161,275]",0
1980,419,7,0,False,0.3241897757715302,3.008890318838011,"(0.1%,0.5%]","(386,inf]",7
1981,63,0,3,False,0.0,0.0,=0,"(-inf,161]",0
1982,287,6,0,False,0.35788229032778807,0.35788229032778807,"(0.1%,0.5%]","(275,386]",0
1983,88,2,3,False,0.0,0.31526375773907184,=0,"(-inf,161]",0
1984,183,0,0,True,0.1815698253722476,0.0,"(0.1%,0.5%]","(161,275]",0
1985,121,3,0,False,0.22535872730518763,3.6944355322785656,"(0.1%,0.5%]","(-inf,161]",0
1986,325,2,7,False,0.7760586356624889,3.767813092352272,>0.5%,"(275,386]",0
1987,183,4,0,False,0.556070534048121,0.556070534048121,>0.5%,"(161,275]",0
1988,80,7,3,False,0.02498570444710276,0.02498570444710276,"(0.01%,0.1%]","(-inf,161]",0
1989,333,6,0,False,0.010793374766522538,0.6156115058976485,"(0.01%,0.1%]","(275,386]",0
1990,419,6,7,False,0.24537997599824224,0.8417118430028658,"(0.1%,0.5%]","(386,inf]",7
1991,414,0,0,True,0.3394092344302142,0.0,"(0.1%,0.5%]","(386,inf]",7
1992,121,0,0,True,0.6015218525087459,0.0,>0.5%,"(-inf,161]",0
1993,290,0,0,True,0.8944300265627129,0.0,>0.5%,"(275,386]",0
1994,488,7,0,False,0.037102301172561726,0.037102301172561726,"(0.01%,0.1%]","(386,inf]",7
1995,157,0,0,True,0.31029320941890615,0.0,"(0.1%,0.5%]","(-inf,161]",0
1996,204,4,0,False,0.2675437084880384,0.647418442917768,"(0.1%,0.5%]","(161,275]",0
1997,436,7,7,True,0.7920392299797778,0.0,>0.5%,"(386,inf]",7
1998,151,0,0,True,0.27229482221622425,0.0,"(0.1%,0.5%]","(-inf,161]",0
1999,57,3,0,False,0.07894878665498986,0.08105046550558043,"(0.01%,0.1%]","(-inf,161]",0
2000,418,4,0,False,0.3851295681155717,1.5209459701009183,"(0.1%,0.5%]","(386,inf]",7
2001,418,0,0,True,0.8064993126629111,0.0,>0.5%,"(386,inf]",7
2002,380,6,7,False,0.05896550987707881,2.7997797956813857,"(0.01%,0.1%]","(275,386]",0
2003,301,0,0,True,0.27694240888866695,0.0,"(0.1%,0.5%]","(275,386]",0
2004,68,4,3,False,9.373571702011906e-06,0.04863946356173978,"(0,0.01%]","(-inf,161]",0
2005,126,0,0,True,0.0801414796919343,0.0,"(0.01%,0.1%]","(-inf,161]",0
2006,475,0,0,True,0.19471915463951717,0.0,"(0.1%,0.5%]","(386,inf]",7
2007,482,0,7,False,0.32259735627713226,1.2395155374103783,"(0.1%,0.5%]","(386,inf]",7
2008,250,2,0,False,0.36353013155401187,1.0212380203238656,"(0.1%,0.5%]","(161,275]",0
2009,397,4,7,False,0.9520879211247968,1.3541595518334169,>0.5%,"(386,inf]",7
2010,109,0,0,True,0.28799664909058403,0.0,"(0.1%,0.5%]","(-inf,161]",0
2011,493,0,7,False,0.16824861428458265,0.404985556176896,"(0.1%,0.5%]","(386,inf]",7
2012,142,0,0,True,0.18684525402553637,0.0,"(0.1%,0.5%]","(-inf,161]",0
2013,108,3,3,True,0.12271577881739443,0.0,"(0.1%,0.5%]","(-inf,161]",0
2014,162,4,0,False,0.8147134136708731,4.9992846908147435,>0.5%,"(161,275]",0
2015,291,4,0,False,0.3524049845745168,0.6442126525898604,"(0.1%,0.5%]","(275,386]",0
2016,101,0,0,True,0.33188882484519344,0.0,"(0.1%,0.5%]","(-inf,161]",0
2017,231,2,0,False,0.4517495366317902,3.0134334478512264,"(0.1%,0.5%]","(161,275]",0
2018,75,3,3,True,0.15784109886425118,0.0,"(0.1%,0.5%]","(-inf,161]",0
2019,275,0,0,True,0.04198934263180722,0.0,"(0.01%,0.1%]","(161,275]",0
2020,184,4,0,False,0.24881715738745191,0.531475189134888,"(0.1%,0.5%]","(161,275]",0
2021,158,4,0,False,0.0811613514971335,0.0811613514971335,"(0.01%,0.1%]","(-inf,161]",0
2022,454,2,7,False,1.0825130930262106,1.0825130930262106,>0.5%,"(386,inf]",7
2023,115,3,0,False,0.024252953726512348,6.4577763321089225,"(0.01%,0.1%]","(-inf,161]",0
2024,395,7,7,True,1.3086347553042046,0.0,>0.5%,"(386,inf]",7
2025,476,0,0,True,1.2162953056018477,0.0,>0.5%,"(386,inf]",7
2026,246,4,0,False,0.39917206766878593,0.39917206766878593,"(0.1%,0.5%]","(161,275]",0
2027,69,3,3,True,0.29111153576285786,0.0,"(0.1%,0.5%]","(-inf,161]",0
2028,211,4,7,False,0.003986675820105631,0.85803541586167,"(0,0.01%]","(161,275]",0
2029,480,7,7,True,1.3867913412694202,0.0,>0.5%,"(386,inf]",7
2030,114,3,0,False,0.40290794230493276,0.40290794230493276,"(0.1%,0.5%]","(-inf,161]",0
2031,190,0,0,True,0.18394122430650053,0.0,"(0.1%,0.5%]","(161,275]",0
2032,198,0,0,True,0.6325881914300056,0.0,>0.5%,"(161,275]",0
2033,127,4,0,False,0.08523652448269614,0.4893686985587504,"(0.01%,0.1%]","(-inf,161]",0
2034,399,4,0,False,0.5637270310794114,0.5637270310794114,>0.5%,"(386,inf]",7
2035,296,7,0,False,1.012360046437051,1.5679818070644953,>0.5%,"(275,386]",0
2036,495,6,7,False,0.35391943720074565,0.9936672524500345,"(0.1%,0.5%]","(386,inf]",7
2037,482,6,0,False,0.7282578919576868,0.7282578919576868,>0.5%,"(386,inf]",7
2038,162,0,0,True,0.1831584508743847,0.0,"(0.1%,0.5%]","(161,275]",0
2039,138,4,0,False,0.15880913891777562,0.15880913891777562,"(0.1%,0.5%]","(-inf,161]",0
2040,347,2,0,False,0.17837427207279072,0.8140118899945505,"(0.1%,0.5%]","(275,386]",0
2041,442,6,0,False,0.5138696935846504,0.5138696935846504,>0.5%,"(386,inf]",7
2042,242,7,0,False,0.29819212625751257,1.030312350467491,"(0.1%,0.5%]","(161,275]",0
2043,445,0,7,False,0.03754913299953356,0.03754913299953356,"(0.01%,0.1%]","(386,inf]",7
2044,265,0,2,False,0.1011293317758751,0.2889434517728556,"(0.1%,0.5%]","(161,275]",0
2045,246,0,0,True,0.11752050643092787,0.0,"(0.1%,0.5%]","(161,275]",0
2046,105,7,0,False,0.15339125171909565,0.15339125171909565,"(0.1%,0.5%]","(-inf,161]",0
2047,149,6,2,False,0.10026599350624112,0.10026599350624112,"(0.1%,0.5%]","(-inf,161]",0
2048,477,7,7,True,0.23577879279707797,0.0,"(0.1%,0.5%]","(386,inf]",7
2049,74,5,3,False,1.154659787778724e-05,0.03225814766063001,"(0,0.01%]","(-inf,161]",0
2050,306,7,7,True,0.24509786718508647,0.0,"(0.1%,0.5%]","(275,386]",0
2051,440,2,7,False,0.505223199372911,0.505223199372911,>0.5%,"(386,inf]",7
2052,331,0,0,True,0.005019101948869704,0.0,"(0,0.01%]","(275,386]",0
2053,65,3,3,True,0.16992059821983102,0.0,"(0.1%,0.5%]","(-inf,161]",0
2054,88,6,3,False,0.04011210590829704,0.04011210590829704,"(0.01%,0.1%]","(-inf,161]",0
2055,363,6,7,False,0.4110999623075307,1.0965278856285028,"(0.1%,0.5%]","(275,386]",0
2056,331,0,0,True,0.6323103379147715,0.0,>0.5%,"(275,386]",0
2057,412,0,0,True,0.9518423421194889,0.0,>0.5%,"(386,inf]",7
2058,403,4,7,False,0.05796332059316854,1.0338162711314147,"(0.01%,0.1%]","(386,inf]",7
2059,412,0,7,False,1.2561144527588615,1.91297714529072,>0.5%,"(386,inf]",7
2060,179,0,0,True,0.12436664511274657,0.0,"(0.1%,0.5%]","(161,275]",0
2061,149,4,0,False,1.0254824176937557e-05,1.0254824176937557e-05,"(0,0.01%]","(-inf,161]",0
2062,356,2,0,False,0.09888714427187491,0.09888714427187491,"(0.01%,0.1%]","(275,386]",0
2063,334,2,0,False,0.21690058287798805,0.7441405780175799,"(0.1%,0.5%]","(275,386]",0
2064,254,6,0,False,0.06876877146892121,0.3865752948782837,"(0.01%,0.1%]","(161,275]",0
2065,84,0,3,False,0.19151822939785568,0.2986784451695207,"(0.1%,0.5%]","(-inf,161]",0
2066,488,4,0,False,0.5586702860268845,0.6719294886609891,>0.5%,"(386,inf]",7
2067,390,4,0,False,0.9905553382830701,0.9905553382830701,>0.5%,"(386,inf]",7
2068,466,2,0,False,0.8847166777066574,1.192997728976336,>0.5%,"(386,inf]",7
2069,104,0,0,True,0.10404365135350563,0.0,"(0.1%,0.5%]","(-inf,161]",0
2070,106,0,0,True,0.1311858506274643,0.0,"(0.1%,0.5%]","(-inf,161]",0
2071,279,0,0,True,1.014881686984607,0.0,>0.5%,"(275,386]",0
2072,438,4,0,False,0.7825634596855882,1.2122740135161585,>0.5%,"(386,inf]",7
2073,360,4,0,False,0.21714235712166058,0.21714235712166058,"(0.1%,0.5%]","(275,386]",0
2074,353,0,0,True,0.6920208752023266,0.0,>0.5%,"(275,386]",0
2075,141,0,0,True,0.18850852284505706,0.0,"(0.1%,0.5%]","(-inf,161]",0
2076,157,0,0,True,0.011538722912932965,0.0,"(0.01%,0.1%]","(-inf,161]",0
2077,266,0,0,True,0.37360500756863635,0.0,"(0.1%,0.5%]","(161,275]",0
2078,142,3,0,False,0.20493984882359204,0.923056082266677,"(0.1%,0.5%]","(-inf,161]",0
2079,189,0,0,True,1.1392512416735725,0.0,>0.5%,"(161,275]",0
2080,409,0,0,True,0.24770135888990996,0.0,"(0.1%,0.5%]","(386,inf]",7
2081,360,2,0,False,0.11941961660907485,1.4154544548664971,"(0.1%,0.5%]","(275,386]",0
2082,337,0,0,True,0.606998705995865,0.0,>0.5%,"(275,386]",0
2083,404,7,7,True,0.3475787586914027,0.0,"(0.1%,0.5%]","(386,inf]",7
2084,313,7,7,True,1.0359119425314856,0.0,>0.5%,"(275,386]",0
2085,188,7,2,False,0.3576260963657652,0.3576260963657652,"(0.1%,0.5%]","(161,275]",0
2086,465,1,7,False,0.6962495749586588,0.6962495749586588,>0.5%,"(386,inf]",7
2087,193,5,0,False,0.04933244844295084,0.49390990567007603,"(0.01%,0.1%]","(161,275]",0
2088,284,4,4,True,0.5610917470670698,0.0,>0.5%,"(275,386]",0
2089,474,4,7,False,0.285182740822147,0.9638850030110052,"(0.1%,0.5%]","(386,inf]",7
2090,150,0,2,False,0.12574018111390733,0.12574018111390733,"(0.1%,0.5%]","(-inf,161]",0
2091,438,2,0,False,0.039558060611946846,0.039558060611946846,"(0.01%,0.1%]","(386,inf]",7
2092,418,0,7,False,0.31085832061513036,0.31085832061513036,"(0.1%,0.5%]","(386,inf]",7
2093,483,0,0,True,1.217157901806877,0.0,>0.5%,"(386,inf]",7
2094,178,0,0,True,0.5547311293028725,0.0,>0.5%,"(161,275]",0
2095,262,0,0,True,0.5711264307858631,0.0,>0.5%,"(161,275]",0
2096,82,3,3,True,0.3215449753187691,0.0,"(0.1%,0.5%]","(-inf,161]",0
2097,238,0,0,True,0.07456184806877954,0.0,"(0.01%,0.1%]","(161,275]",0
2098,306,6,7,False,0.2759046832540584,2.8214138163493914,"(0.1%,0.5%]","(275,386]",0
2099,441,2,7,False,1.0630254184232146,1.2286651348238662,>0.5%,"(386,inf]",7
2100,485,2,7,False,0.7125668857088682,0.7125668857088682,>0.5%,"(386,inf]",7
2101,403,4,7,False,1.0653313908737954,1.5552565724005127,>0.5%,"(386,inf]",7
2102,327,1,7,False,0.9177556890433071,1.0169288517370094,>0.5%,"(275,386]",0
2103,486,7,7,True,1.3623702323194649,0.0,>0.5%,"(386,inf]",7
2104,348,0,0,True,1.0864801072290968,0.0,>0.5%,"(275,386]",0
2105,370,0,0,True,0.3202313041398755,0.0,"(0.1%,0.5%]","(275,386]",0
2106,306,2,7,False,0.23229506216261006,0.23229506216261006,"(0.1%,0.5%]","(275,386]",0
2107,161,2,2,True,0.9430191921773382,0.0,>0.5%,"(-inf,161]",0
2108,287,0,0,True,1.7108228800251226,0.0,>0.5%,"(275,386]",0
2109,257,7,7,True,1.8211363287776963,0.0,>0.5%,"(161,275]",0
2110,109,3,0,False,0.9910262716019453,1.492782710518198,>0.5%,"(-inf,161]",0
2111,320,0,0,True,0.7302468399000647,0.0,>0.5%,"(275,386]",0
2112,100,3,3,True,0.06983031251976689,0.0,"(0.01%,0.1%]","(-inf,161]",0
2113,377,7,7,True,1.2689703459349955,0.0,>0.5%,"(275,386]",0
2114,71,2,3,False,0.0,0.4373559320628154,=0,"(-inf,161]",0
2115,127,4,3,False,0.36315577331285004,0.71673264712748,"(0.1%,0.5%]","(-inf,161]",0
2116,220,7,2,False,0.2350201103315034,1.4007756641617606,"(0.1%,0.5%]","(161,275]",0
2117,327,2,7,False,1.8822891795717116,1.9823188740618658,>0.5%,"(275,386]",0
2118,226,0,0,True,0.7170022618389377,0.0,>0.5%,"(161,275]",0
2119,50,0,3,False,0.0,0.0,=0,"(-inf,161]",0
2120,312,7,7,True,0.606062200230981,0.0,>0.5%,"(275,386]",0
2121,254,4,0,False,0.19343345441605395,0.19343345441605395,"(0.1%,0.5%]","(161,275]",0
2122,226,0,0,True,0.5769937549608483,0.0,>0.5%,"(161,275]",0
2123,385,0,0,True,0.9534633167661846,0.0,>0.5%,"(275,386]",0
2124,444,7,7,True,0.9713608316931965,0.0,>0.5%,"(386,inf]",7
2125,477,0,0,True,0.5916035959953561,0.0,>0.5%,"(386,inf]",7
2126,330,7,6,False,0.712678890477797,2.8519280735897867,>0.5%,"(275,386]",0
2127,463,7,7,True,0.44854784769381134,0.0,"(0.1%,0.5%]","(386,inf]",7
2128,58,6,3,False,2.697951518147595e-06,2.697951518147595e-06,"(0,0.01%]","(-inf,161]",0
2129,269,0,0,True,0.8463490951077546,0.0,>0.5%,"(161,275]",0
2130,294,6,7,False,0.03603875130706851,0.413579309334416,"(0.01%,0.1%]","(275,386]",0
2131,445,7,7,True,0.24587719645343412,0.0,"(0.1%,0.5%]","(386,inf]",7
2132,321,2,2,True,0.012033285556428073,0.0,"(0.01%,0.1%]","(275,386]",0
2133,479,2,7,False,0.14921935617745027,0.14921935617745027,"(0.1%,0.5%]","(386,inf]",7
2134,147,0,0,True,0.3985820191865823,0.0,"(0.1%,0.5%]","(-inf,161]",0
2135,223,7,0,False,0.9108731444450978,4.038161192573792,>0.5%,"(161,275]",0
2136,123,4,0,False,0.05272308373763874,0.05272308373763874,"(0.01%,0.1%]","(-inf,161]",0
2137,99,3,0,False,0.0,0.02843779952312614,=0,"(-inf,161]",0
2138,175,0,0,True,0.010881230939250003,0.0,"(0.01%,0.1%]","(161,275]",0
2139,88,3,0,False,1.868955098353762e-05,1.868955098353762e-05,"(0,0.01%]","(-inf,161]",0
2140,469,0,0,True,0.37329275229493003,0.0,"(0.1%,0.5%]","(386,inf]",7
2141,288,7,0,False,0.7341218464067626,0.7341218464067626,>0.5%,"(275,386]",0
2142,136,3,3,True,0.5274452177809291,0.0,>0.5%,"(-inf,161]",0
2143,333,4,0,False,0.07615761082522146,0.07615761082522146,"(0.01%,0.1%]","(275,386]",0
2144,338,4,0,False,0.34954828117849,0.5102441683142994,"(0.1%,0.5%]","(275,386]",0
2145,65,1,3,False,0.0,0.4367479016074188,=0,"(-inf,161]",0
2146,409,6,7,False,0.4271777846659711,2.1229894323880916,"(0.1%,0.5%]","(386,inf]",7
2147,472,7,7,True,0.38207696117566664,0.0,"(0.1%,0.5%]","(386,inf]",7
2148,205,7,0,False,0.09360981509943807,0.10557748792934692,"(0.01%,0.1%]","(161,275]",0
2149,287,2,0,False,0.22497542618445449,0.22497542618445449,"(0.1%,0.5%]","(275,386]",0
2150,267,0,0,True,0.9310043965121146,0.0,>0.5%,"(161,275]",0
2151,299,4,7,False,0.13026500948531333,1.0399529855068397,"(0.1%,0.5%]","(275,386]",0
2152,119,7,0,False,0.03602428859707121,0.7213635400513795,"(0.01%,0.1%]","(-inf,161]",0
2153,346,0,7,False,0.01556836743743365,0.01556836743743365,"(0.01%,0.1%]","(275,386]",0
2154,107,3,3,True,0.3177651717771747,0.0,"(0.1%,0.5%]","(-inf,161]",0
2155,296,2,2,True,0.32735654861133257,0.0,"(0.1%,0.5%]","(275,386]",0
2156,471,7,7,True,0.7761714544452455,0.0,>0.5%,"(386,inf]",7
2157,491,4,0,False,0.3137948403909573,1.4248544751936698,"(0.1%,0.5%]","(386,inf]",7
2158,148,4,0,False,0.865201676675912,2.0668451252359663,>0.5%,"(-inf,161]",0
2159,454,6,7,False,0.031149514987538995,0.6240571802251775,"(0.01%,0.1%]","(386,inf]",7
2160,447,0,0,True,0.0590971264589494,0.0,"(0.01%,0.1%]","(386,inf]",7
2161,460,6,7,False,0.0799794805203262,0.989293278311221,"(0.01%,0.1%]","(386,inf]",7
2162,327,2,7,False,0.16580684340898733,0.16580684340898733,"(0.1%,0.5%]","(275,386]",0
2163,197,4,0,False,0.9436620481503356,0.9436620481503356,>0.5%,"(161,275]",0
2164,279,0,0,True,0.7032863138927624,0.0,>0.5%,"(275,386]",0
2165,311,4,0,False,0.6248668251352141,0.6248668251352141,>0.5%,"(275,386]",0
2166,238,6,2,False,0.6016841492553282,0.6016841492553282,>0.5%,"(161,275]",0
2167,82,3,3,True,3.886555731863505e-06,0.0,"(0,0.01%]","(-inf,161]",0
2168,88,0,3,False,0.0033185896746244434,0.1628463712796808,"(0,0.01%]","(-inf,161]",0
2169,249,0,7,False,0.5185116181087268,0.5185116181087268,>0.5%,"(161,275]",0
2170,135,5,3,False,0.5823425809377092,0.7978749873629634,>0.5%,"(-inf,161]",0
2171,448,6,7,False,0.43824843505971695,1.20815960344269,"(0.1%,0.5%]","(386,inf]",7
2172,82,3,3,True,0.31373882111340234,0.0,"(0.1%,0.5%]","(-inf,161]",0
2173,479,6,7,False,0.1700029771524054,0.5288014843639731,"(0.1%,0.5%]","(386,inf]",7
2174,178,2,0,False,1.063033838356395,4.309527772529184,>0.5%,"(161,275]",0
2175,287,0,0,True,0.02067814852642729,0.0,"(0.01%,0.1%]","(275,386]",0
2176,468,2,7,False,0.4426197420285238,0.511727595473685,"(0.1%,0.5%]","(386,inf]",7
2177,191,0,0,True,1.026061732870565,0.0,>0.5%,"(161,275]",0
2178,392,0,0,True,0.06235547868235138,0.0,"(0.01%,0.1%]","(386,inf]",7
2179,437,2,7,False,0.3934085122360468,0.7939472264771745,"(0.1%,0.5%]","(386,inf]",7
2180,402,2,7,False,0.49352545631998845,0.6178064152827911,"(0.1%,0.5%]","(386,inf]",7
2181,142,3,0,False,0.36326616236504017,1.3560433117176107,"(0.1%,0.5%]","(-inf,161]",0
2182,388,0,0,True,0.1855612981915194,0.0,"(0.1%,0.5%]","(386,inf]",7
2183,133,3,3,True,0.7838083923868842,0.0,>0.5%,"(-inf,161]",0
2184,456,0,7,False,0.13966679561390577,1.809694206748742,"(0.1%,0.5%]","(386,inf]",7
2185,368,4,0,False,0.4057983140771935,0.595535443691705,"(0.1%,0.5%]","(275,386]",0
2186,125,0,3,False,0.7878116347109795,0.7878116347109795,>0.5%,"(-inf,161]",0
2187,464,6,2,False,0.16745864423073062,0.7968775035988008,"(0.1%,0.5%]","(386,inf]",7
2188,478,0,7,False,0.42685307216049073,1.24419310717454,"(0.1%,0.5%]","(386,inf]",7
2189,159,0,0,True,0.13080227814693002,0.0,"(0.1%,0.5%]","(-inf,161]",0
2190,288,4,0,False,0.2716160887762363,0.2716160887762363,"(0.1%,0.5%]","(275,386]",0
2191,135,0,3,False,0.11718420918144427,0.6868144087129168,"(0.1%,0.5%]","(-inf,161]",0
2192,473,4,7,False,0.15670994087855578,1.8253304606465375,"(0.1%,0.5%]","(386,inf]",7
2193,319,7,7,True,0.14271085935065272,0.0,"(0.1%,0.5%]","(275,386]",0
2194,144,4,0,False,0.1487172790871449,0.1969259365533911,"(0.1%,0.5%]","(-inf,161]",0
2195,107,3,3,True,0.4812816906332297,0.0,"(0.1%,0.5%]","(-inf,161]",0
2196,476,0,0,True,1.7934248322717325,0.0,>0.5%,"(386,inf]",7
2197,97,1,3,False,0.09777642744261818,0.09777642744261818,"(0.01%,0.1%]","(-inf,161]",0
2198,324,0,0,True,0.3273460228389117,0.0,"(0.1%,0.5%]","(275,386]",0
2199,288,7,7,True,1.1496609686116555,0.0,>0.5%,"(275,386]",0
2200,363,7,0,False,0.47294708966674015,0.47294708966674015,"(0.1%,0.5%]","(275,386]",0
2201,487,7,0,False,0.3727289752434999,2.5807518554890483,"(0.1%,0.5%]","(386,inf]",7
2202,196,0,0,True,0.12156819016024792,0.0,"(0.1%,0.5%]","(161,275]",0
2203,281,0,0,True,0.7128756839115111,0.0,>0.5%,"(275,386]",0
2204,247,0,0,True,1.7622602714565245,0.0,>0.5%,"(161,275]",0
2205,200,0,0,True,0.08798309181118859,0.0,"(0.01%,0.1%]","(161,275]",0
2206,154,0,0,True,0.3983225089590467,0.0,"(0.1%,0.5%]","(-inf,161]",0
2207,429,7,7,True,0.13878736557950822,0.0,"(0.1%,0.5%]","(386,inf]",7
2208,439,7,7,True,0.2907336865738292,0.0,"(0.1%,0.5%]","(386,inf]",7
2209,77,1,3,False,0.0,0.17881062022487654,=0,"(-inf,161]",0
2210,165,4,0,False,0.5298845193405818,0.5298845193405818,>0.5%,"(161,275]",0
2211,469,7,7,True,0.5184018236042662,0.0,>0.5%,"(386,inf]",7
2212,74,0,3,False,0.027679142863155745,1.0036920835835335,"(0.01%,0.1%]","(-inf,161]",0
2213,64,0,3,False,9.83910601882713e-06,0.4746089570301642,"(0,0.01%]","(-inf,161]",0
2214,433,4,0,False,0.3680496025031685,0.3680496025031685,"(0.1%,0.5%]","(386,inf]",7
2215,264,0,0,True,0.7373278295079192,0.0,>0.5%,"(161,275]",0
2216,240,7,2,False,0.7924674911328967,2.5472265393926876,>0.5%,"(161,275]",0
2217,127,3,3,True,0.679277493755611,0.0,>0.5%,"(-inf,161]",0
2218,312,1,0,False,0.2854446674955467,0.5862770237867194,"(0.1%,0.5%]","(275,386]",0
2219,196,0,0,True,0.8832527295633682,0.0,>0.5%,"(161,275]",0
2220,328,4,0,False,0.2409035773604385,0.2409035773604385,"(0.1%,0.5%]","(275,386]",0
2221,139,4,0,False,0.061342034606056445,0.061342034606056445,"(0.01%,0.1%]","(-inf,161]",0
2222,481,7,7,True,0.2854877812343483,0.0,"(0.1%,0.5%]","(386,inf]",7
2223,265,0,0,True,0.35601202971345697,0.0,"(0.1%,0.5%]","(161,275]",0
2224,421,7,7,True,0.01061524810820672,0.0,"(0.01%,0.1%]","(386,inf]",7
2225,143,3,3,True,0.35910761625739585,0.0,"(0.1%,0.5%]","(-inf,161]",0
2226,206,4,0,False,0.27959760626744823,0.5353076455469983,"(0.1%,0.5%]","(161,275]",0
2227,419,0,0,True,0.8274663177908994,0.0,>0.5%,"(386,inf]",7
2228,305,4,0,False,0.4039647528465082,0.4039647528465082,"(0.1%,0.5%]","(275,386]",0
2229,77,0,3,False,0.0,0.23145748372704134,=0,"(-inf,161]",0
2230,118,1,3,False,0.2341688217686971,0.3665336169564068,"(0.1%,0.5%]","(-inf,161]",0
2231,91,3,3,True,0.00025179184008774504,0.0,"(0,0.01%]","(-inf,161]",0
2232,150,4,0,False,0.5086700635454366,5.924033743461171,>0.5%,"(-inf,161]",0
2233,375,4,7,False,0.7652830591029628,0.8393483291759485,>0.5%,"(275,386]",0
2234,295,0,6,False,0.24277851620997237,0.24277851620997237,"(0.1%,0.5%]","(275,386]",0
2235,426,0,0,True,0.24658807848512276,0.0,"(0.1%,0.5%]","(386,inf]",7
2236,165,2,2,True,0.2100775369132221,0.0,"(0.1%,0.5%]","(161,275]",0
2237,444,0,0,True,0.5106504533541927,0.0,>0.5%,"(386,inf]",7
2238,491,2,7,False,0.6009172580955108,0.843093934567775,>0.5%,"(386,inf]",7
2239,472,0,0,True,0.9952725764406299,0.0,>0.5%,"(386,inf]",7
2240,132,4,0,False,0.6472822204795255,0.943460275901584,>0.5%,"(-inf,161]",0
2241,413,2,7,False,0.3857474406479188,0.3857474406479188,"(0.1%,0.5%]","(386,inf]",7
2242,165,2,0,False,0.373249095814977,0.836411095717313,"(0.1%,0.5%]","(161,275]",0
2243,174,4,2,False,0.43951700568214275,2.792966994893454,"(0.1%,0.5%]","(161,275]",0
2244,414,0,0,True,0.6287670908385888,0.0,>0.5%,"(386,inf]",7
2245,150,6,6,True,0.2822719794579795,0.0,"(0.1%,0.5%]","(-inf,161]",0
2246,454,4,0,False,0.7304223724392713,2.671795791166753,>0.5%,"(386,inf]",7
2247,367,6,0,False,0.9414290392757525,1.5548578507207211,>0.5%,"(275,386]",0
2248,221,0,0,True,0.2673610489065982,0.0,"(0.1%,0.5%]","(161,275]",0
2249,220,7,7,True,0.37957952154234453,0.0,"(0.1%,0.5%]","(161,275]",0
2250,356,0,0,True,0.09587562815833593,0.0,"(0.01%,0.1%]","(275,386]",0
2251,80,7,3,False,0.0668936476894863,0.0668936476894863,"(0.01%,0.1%]","(-inf,161]",0
2252,73,7,3,False,0.006300843514951924,0.006300843514951924,"(0,0.01%]","(-inf,161]",0
2253,356,7,7,True,0.37356162806026866,0.0,"(0.1%,0.5%]","(275,386]",0
2254,113,4,3,False,0.6584646857161977,0.6584646857161977,>0.5%,"(-inf,161]",0
2255,191,6,0,False,1.279793454533453,2.1159362063137612,>0.5%,"(161,275]",0
2256,174,2,0,False,0.2665494195711952,0.2665494195711952,"(0.1%,0.5%]","(161,275]",0
2257,491,0,0,True,0.9277709315530138,0.0,>0.5%,"(386,inf]",7
2258,153,2,7,False,0.7035309205807798,0.7035309205807798,>0.5%,"(-inf,161]",0
2259,361,0,0,True,0.08402303294044551,0.0,"(0.01%,0.1%]","(275,386]",0
2260,339,7,0,False,0.24564495153971888,0.4444360655751185,"(0.1%,0.5%]","(275,386]",0
2261,268,0,2,False,0.8952059204452422,1.8941166913263652,>0.5%,"(161,275]",0
2262,476,0,7,False,0.6912846355244042,0.8554609840805973,>0.5%,"(386,inf]",7
2263,476,6,7,False,0.22733264944425616,0.22733264944425616,"(0.1%,0.5%]","(386,inf]",7
2264,56,6,3,False,0.12599492710618623,0.12599492710618623,"(0.1%,0.5%]","(-inf,161]",0
2265,76,3,3,True,5.454260963968338e-06,0.0,"(0,0.01%]","(-inf,161]",0
2266,196,0,0,True,0.6462633070363673,0.0,>0.5%,"(161,275]",0
2267,383,2,7,False,0.00048668800318494844,0.00048668800318494844,"(0,0.01%]","(275,386]",0
2268,327,2,2,True,0.05881783847560784,0.0,"(0.01%,0.1%]","(275,386]",0
2269,239,2,0,False,0.2652427769656467,2.7080928270391595,"(0.1%,0.5%]","(161,275]",0
2270,381,7,7,True,0.15501749453082994,0.0,"(0.1%,0.5%]","(275,386]",0
2271,93,0,0,True,0.6290561154104913,0.0,>0.5%,"(-inf,161]",0
2272,266,0,0,True,0.34519668749901633,0.0,"(0.1%,0.5%]","(161,275]",0
2273,219,0,0,True,0.675676662603468,0.0,>0.5%,"(161,275]",0
2274,320,6,0,False,0.5041177910443044,0.7106009566649628,>0.5%,"(275,386]",0
2275,161,0,0,True,0.2512983762712759,0.0,"(0.1%,0.5%]","(-inf,161]",0
2276,248,4,0,False,0.42733449461556616,0.9442185083984665,"(0.1%,0.5%]","(161,275]",0
2277,179,0,0,True,0.14267551094596004,0.0,"(0.1%,0.5%]","(161,275]",0
2278,90,3,3,True,0.5110958647607354,0.0,>0.5%,"(-inf,161]",0
2279,400,2,0,False,0.1720330733239705,1.3086840176978998,"(0.1%,0.5%]","(386,inf]",7
2280,304,7,7,True,0.040443864875722164,0.0,"(0.01%,0.1%]","(275,386]",0
2281,369,4,7,False,0.09330936400499595,1.6695870026645556,"(0.01%,0.1%]","(275,386]",0
2282,97,4,3,False,0.6393742382226765,0.6393742382226765,>0.5%,"(-inf,161]",0
2283,478,6,7,False,0.5256747065199003,1.389392090141867,>0.5%,"(386,inf]",7
2284,191,0,0,True,0.6510360711270398,0.0,>0.5%,"(161,275]",0
2285,143,6,0,False,0.6303890622345056,1.2410636552632675,>0.5%,"(-inf,161]",0
2286,414,2,7,False,0.49281555069035654,1.2701990945668244,"(0.1%,0.5%]","(386,inf]",7
2287,294,4,0,False,0.3063908545853576,0.59801744304089,"(0.1%,0.5%]","(275,386]",0
2288,481,6,7,False,0.6167510095068104,0.6167510095068104,>0.5%,"(386,inf]",7
2289,222,4,0,False,1.693424409685484,2.4980828897857505,>0.5%,"(161,275]",0
2290,179,4,0,False,0.1495454473143678,0.1495454473143678,"(0.1%,0.5%]","(161,275]",0
2291,312,0,0,True,0.0024928122108202355,0.0,"(0,0.01%]","(275,386]",0
2292,363,7,6,False,0.013583863293813277,0.013583863293813277,"(0.01%,0.1%]","(275,386]",0
2293,259,2,7,False,0.8979335306116634,2.6429997140538153,>0.5%,"(161,275]",0
2294,213,2,0,False,0.587944210379252,3.5209366830627733,>0.5%,"(161,275]",0
2295,455,2,0,False,0.29994974090149795,0.29994974090149795,"(0.1%,0.5%]","(386,inf]",7
2296,310,2,0,False,0.11542724560097152,0.11542724560097152,"(0.1%,0.5%]","(275,386]",0
2297,296,0,0,True,0.7831164490866463,0.0,>0.5%,"(275,386]",0
2298,467,2,7,False,0.11966763068567252,0.5949197214946338,"(0.1%,0.5%]","(386,inf]",7
2299,178,0,0,True,0.050648517404632866,0.0,"(0.01%,0.1%]","(161,275]",0
2300,414,6,7,False,0.1336906002063928,1.156655140145341,"(0.1%,0.5%]","(386,inf]",7
2301,485,7,7,True,0.9738008818169516,0.0,>0.5%,"(386,inf]",7
2302,188,4,0,False,0.12575367379220004,0.34442261926383816,"(0.1%,0.5%]","(161,275]",0
2303,330,0,7,False,0.24438838518594602,0.42861203185012836,"(0.1%,0.5%]","(275,386]",0
2304,73,7,3,False,0.05887704802448456,0.5056488607629009,"(0.01%,0.1%]","(-inf,161]",0
2305,320,1,7,False,1.5525385460471477,2.2761738478841287,>0.5%,"(275,386]",0
2306,405,4,0,False,0.5386064754516194,0.5386064754516194,>0.5%,"(386,inf]",7
2307,493,0,0,True,0.5819314754460677,0.0,>0.5%,"(386,inf]",7
2308,254,6,2,False,0.15316349548466718,1.6233719216228646,"(0.1%,0.5%]","(161,275]",0
2309,478,6,7,False,0.2540116748058037,0.6070785418261617,"(0.1%,0.5%]","(386,inf]",7
2310,409,6,7,False,1.0647279778502141,1.2746732498062645,>0.5%,"(386,inf]",7
2311,96,3,3,True,0.07297006289612304,0.0,"(0.01%,0.1%]","(-inf,161]",0
2312,67,3,3,True,0.3366881354387584,0.0,"(0.1%,0.5%]","(-inf,161]",0
2313,264,0,0,True,0.43203751588795775,0.0,"(0.1%,0.5%]","(161,275]",0
2314,478,6,0,False,0.1858901950109377,2.518090875221812,"(0.1%,0.5%]","(386,inf]",7
2315,439,6,7,False,1.1871180549988927,1.1871180549988927,>0.5%,"(386,inf]",7
2316,78,3,3,True,0.0,0.0,=0,"(-inf,161]",0
2317,268,0,0,True,0.675363404355775,0.0,>0.5%,"(161,275]",0
2318,389,7,7,True,0.5194471048050903,0.0,>0.5%,"(386,inf]",7
2319,88,1,3,False,0.11092684088507018,0.11092684088507018,"(0.1%,0.5%]","(-inf,161]",0
2320,375,7,7,True,0.8544268623884475,0.0,>0.5%,"(275,386]",0
2321,205,4,0,False,0.8133183619033822,1.0426646017257417,>0.5%,"(161,275]",0
2322,130,6,2,False,0.1673409012347487,0.2520387632176213,"(0.1%,0.5%]","(-inf,161]",0
2323,372,7,7,True,0.8551973780388766,0.0,>0.5%,"(275,386]",0
2324,69,0,3,False,1.2526211143849403e-06,1.586987879964681,"(0,0.01%]","(-inf,161]",0
2325,334,0,0,True,2.063014234865884,0.0,>0.5%,"(275,386]",0
2326,155,7,0,False,0.2869294401161868,0.3641800803485561,"(0.1%,0.5%]","(-inf,161]",0
2327,306,0,0,True,2.331773665234381,0.0,>0.5%,"(275,386]",0
2328,84,4,3,False,0.2586037228231505,0.2586037228231505,"(0.1%,0.5%]","(-inf,161]",0
2329,128,5,0,False,0.06879538442624922,0.06879538442624922,"(0.01%,0.1%]","(-inf,161]",0
2330,478,2,7,False,0.5391533898036234,0.5391533898036234,>0.5%,"(386,inf]",7
2331,324,7,0,False,0.4731952054140088,0.4731952054140088,"(0.1%,0.5%]","(275,386]",0
2332,264,6,7,False,0.02781421306109087,0.873200747250427,"(0.01%,0.1%]","(161,275]",0
2333,269,6,6,True,0.2038387133677128,0.0,"(0.1%,0.5%]","(161,275]",0
2334,76,3,3,True,0.08649348134588948,0.0,"(0.01%,0.1%]","(-inf,161]",0
2335,67,2,3,False,0.42236513109812107,0.7776015237401056,"(0.1%,0.5%]","(-inf,161]",0
2336,409,0,7,False,0.2833993295859414,0.8009445003117708,"(0.1%,0.5%]","(386,inf]",7
2337,307,0,0,True,1.3899554369991398,0.0,>0.5%,"(275,386]",0
2338,95,0,3,False,0.0,0.03789216986193718,=0,"(-inf,161]",0
2339,409,2,7,False,0.1573732876423612,0.1573732876423612,"(0.1%,0.5%]","(386,inf]",7
2340,52,2,3,False,0.0,0.5831830632573141,=0,"(-inf,161]",0
2341,451,2,7,False,0.27090435227128346,0.4902534372577879,"(0.1%,0.5%]","(386,inf]",7
2342,294,0,0,True,0.17964373120300847,0.0,"(0.1%,0.5%]","(275,386]",0
2343,108,3,3,True,0.38043694986170234,0.0,"(0.1%,0.5%]","(-inf,161]",0
2344,192,7,0,False,1.4503355238059699,5.1956600251510485,>0.5%,"(161,275]",0
2345,247,0,0,True,0.044423756203685084,0.0,"(0.01%,0.1%]","(161,275]",0
2346,476,2,7,False,0.07152884254463329,0.1634799306933552,"(0.01%,0.1%]","(386,inf]",7
2347,381,4,0,False,0.008488301458472082,0.008488301458472082,"(0,0.01%]","(275,386]",0
2348,115,0,0,True,0.055184908468419495,0.0,"(0.01%,0.1%]","(-inf,161]",0
2349,98,4,0,False,0.16286586072857143,0.6293318143923479,"(0.1%,0.5%]","(-inf,161]",0
2350,159,6,0,False,0.08470122788019001,19.66927339469064,"(0.01%,0.1%]","(-inf,161]",0
2351,323,7,0,False,0.22859335075434173,0.22859335075434173,"(0.1%,0.5%]","(275,386]",0
2352,442,6,0,False,1.040170077450858,1.040170077450858,>0.5%,"(386,inf]",7
2353,110,3,0,False,0.06599008844635815,3.149408155166907,"(0.01%,0.1%]","(-inf,161]",0
2354,206,0,0,True,0.5342791854083275,0.0,>0.5%,"(161,275]",0
2355,54,3,3,True,6.011287064506175e-06,0.0,"(0,0.01%]","(-inf,161]",0
2356,60,4,3,False,0.548673420590552,0.548673420590552,>0.5%,"(-inf,161]",0
2357,175,2,0,False,0.046910137960631836,0.7053464804109582,"(0.01%,0.1%]","(161,275]",0
2358,342,6,0,False,0.15264686524197596,0.15264686524197596,"(0.1%,0.5%]","(275,386]",0
2359,74,3,3,True,0.0,0.0,=0,"(-inf,161]",0
2360,103,1,0,False,0.5699437267287449,0.5778794990203933,>0.5%,"(-inf,161]",0
2361,258,7,0,False,0.030701405072233956,0.9099792918483834,"(0.01%,0.1%]","(161,275]",0
2362,102,2,3,False,0.06462937926341536,0.06462937926341536,"(0.01%,0.1%]","(-inf,161]",0
2363,199,1,6,False,0.5460306129370822,0.5460306129370822,>0.5%,"(161,275]",0
2364,265,1,0,False,0.04363048007438811,1.0286514486757479,"(0.01%,0.1%]","(161,275]",0
2365,105,3,0,False,0.6345137153950674,0.656881721637532,>0.5%,"(-inf,161]",0
2366,484,7,7,True,0.29125888944567413,0.0,"(0.1%,0.5%]","(386,inf]",7
2367,76,3,3,True,0.780404279932254,0.0,>0.5%,"(-inf,161]",0
2368,102,3,3,True,0.19072435671127494,0.0,"(0.1%,0.5%]","(-inf,161]",0
2369,452,1,0,False,0.6757372888472601,1.0671130057874507,>0.5%,"(386,inf]",7
2370,226,6,0,False,0.15645582174662087,0.8918177823674618,"(0.1%,0.5%]","(161,275]",0
2371,312,2,7,False,0.13697316507192253,0.13697316507192253,"(0.1%,0.5%]","(275,386]",0
2372,392,4,0,False,0.17074245438265012,0.5501404847931488,"(0.1%,0.5%]","(386,inf]",7
2373,250,0,0,True,0.3977666732951653,0.0,"(0.1%,0.5%]","(161,275]",0
2374,247,7,0,False,0.10698482900003937,0.10698482900003937,"(0.1%,0.5%]","(161,275]",0
2375,337,0,0,True,0.3641408681566006,0.0,"(0.1%,0.5%]","(275,386]",0
2376,358,6,7,False,0.7484537340026169,0.7484537340026169,>0.5%,"(275,386]",0
2377,251,0,0,True,0.13812587399763504,0.0,"(0.1%,0.5%]","(161,275]",0
2378,77,0,3,False,0.10281339359102622,0.10281339359102622,"(0.1%,0.5%]","(-inf,161]",0
2379,287,7,7,True,0.7257556110242055,0.0,>0.5%,"(275,386]",0
2380,451,4,7,False,0.42527978155318286,0.895358730011684,"(0.1%,0.5%]","(386,inf]",7
2381,384,6,0,False,0.02915826697085027,0.9589162773382202,"(0.01%,0.1%]","(275,386]",0
2382,122,2,3,False,0.08080967976910654,0.5060444847209496,"(0.01%,0.1%]","(-inf,161]",0
2383,98,0,0,True,0.24626496348190047,0.0,"(0.1%,0.5%]","(-inf,161]",0
2384,271,7,0,False,0.5290595056123895,0.876429472841634,>0.5%,"(161,275]",0
2385,207,0,0,True,0.6106736538855446,0.0,>0.5%,"(161,275]",0
2386,161,3,0,False,0.0658744750786478,1.155585845545535,"(0.01%,0.1%]","(-inf,161]",0
2387,182,1,0,False,0.18779657840102643,0.18779657840102643,"(0.1%,0.5%]","(161,275]",0
2388,124,0,0,True,0.40228702418938733,0.0,"(0.1%,0.5%]","(-inf,161]",0
2389,405,0,0,True,0.042633060750412725,0.0,"(0.01%,0.1%]","(386,inf]",7
2390,375,4,0,False,0.764948861148356,0.764948861148356,>0.5%,"(275,386]",0
2391,444,0,0,True,1.9332380116723002,0.0,>0.5%,"(386,inf]",7
2392,229,0,0,True,0.4985643195040297,0.0,"(0.1%,0.5%]","(161,275]",0
2393,67,4,3,False,0.008167802560697282,0.008167802560697282,"(0,0.01%]","(-inf,161]",0
2394,215,7,0,False,1.4435886904064092,2.193700940288696,>0.5%,"(161,275]",0
2395,216,2,0,False,0.4976034127603276,7.0988967763727056,"(0.1%,0.5%]","(161,275]",0
2396,97,3,3,True,0.4458532876186994,0.0,"(0.1%,0.5%]","(-inf,161]",0
2397,93,4,3,False,0.004587756575162547,0.05929314967381983,"(0,0.01%]","(-inf,161]",0
2398,431,2,7,False,0.18838420729319005,0.18838420729319005,"(0.1%,0.5%]","(386,inf]",7
2399,70,1,3,False,0.051953100219471984,0.08318878867716702,"(0.01%,0.1%]","(-inf,161]",0
2400,192,2,0,False,0.40439521008073587,1.5814627871881344,"(0.1%,0.5%]","(161,275]",0
2401,202,2,2,True,0.461035928519266,0.0,"(0.1%,0.5%]","(161,275]",0
2402,461,1,7,False,0.12477423710894918,1.498489929224606,"(0.1%,0.5%]","(386,inf]",7
2403,213,0,0,True,1.345247219937862,0.0,>0.5%,"(161,275]",0
2404,95,0,3,False,0.001173310844875473,0.001173310844875473,"(0,0.01%]","(-inf,161]",0
2405,219,0,0,True,0.06013577035374822,0.0,"(0.01%,0.1%]","(161,275]",0
2406,185,2,2,True,0.2588926901271707,0.0,"(0.1%,0.5%]","(161,275]",0
2407,65,3,3,True,0.26954138514814735,0.0,"(0.1%,0.5%]","(-inf,161]",0
2408,133,0,0,True,0.08960732055100426,0.0,"(0.01%,0.1%]","(-inf,161]",0
2409,54,4,3,False,0.04235423940702707,0.04235423940702707,"(0.01%,0.1%]","(-inf,161]",0
2410,495,7,7,True,0.9016579097696622,0.0,>0.5%,"(386,inf]",7
2411,450,7,7,True,0.13935110502362463,0.0,"(0.1%,0.5%]","(386,inf]",7
2412,272,2,0,False,0.2988713017875886,1.4507322746836404,"(0.1%,0.5%]","(161,275]",0
2413,173,2,0,False,0.06200472486548962,0.15864122786819895,"(0.01%,0.1%]","(161,275]",0
2414,331,0,0,True,0.5667478730958252,0.0,>0.5%,"(275,386]",0
2415,142,4,3,False,0.2145604553595008,0.2145604553595008,"(0.1%,0.5%]","(-inf,161]",0
2416,155,0,0,True,0.0013013845678658512,0.0,"(0,0.01%]","(-inf,161]",0
2417,292,0,0,True,0.30665574188503986,0.0,"(0.1%,0.5%]","(275,386]",0
2418,416,0,0,True,1.0411329564064988,0.0,>0.5%,"(386,inf]",7
2419,110,4,0,False,0.9562287432211727,2.575299452458286,>0.5%,"(-inf,161]",0
2420,298,6,0,False,0.1493917414279673,0.24672487894808387,"(0.1%,0.5%]","(275,386]",0
2421,404,0,0,True,1.3104464187133575,0.0,>0.5%,"(386,inf]",7
2422,255,7,0,False,0.3992210883680125,0.515057594738483,"(0.1%,0.5%]","(161,275]",0
2423,96,6,3,False,0.0,0.29564725725773006,=0,"(-inf,161]",0
2424,355,7,7,True,0.22648486312378413,0.0,"(0.1%,0.5%]","(275,386]",0
2425,74,4,3,False,0.004674556652927816,0.004674556652927816,"(0,0.01%]","(-inf,161]",0
2426,95,6,3,False,0.21992801591738143,1.0946010554544385,"(0.1%,0.5%]","(-inf,161]",0
2427,267,7,7,True,1.0671970058021283,0.0,>0.5%,"(161,275]",0
2428,382,0,7,False,0.1952271105778146,0.1952271105778146,"(0.1%,0.5%]","(275,386]",0
2429,287,0,0,True,0.07394739280069142,0.0,"(0.01%,0.1%]","(275,386]",0
2430,475,0,0,True,0.11371248365550028,0.0,"(0.1%,0.5%]","(386,inf]",7
2431,189,7,0,False,0.7220131297121165,1.6021956021173698,>0.5%,"(161,275]",0
2432,210,4,0,False,0.48949078717917427,0.48949078717917427,"(0.1%,0.5%]","(161,275]",0
2433,95,2,3,False,0.19777331750925198,0.19777331750925198,"(0.1%,0.5%]","(-inf,161]",0
2434,176,0,0,True,0.26341683776469194,0.0,"(0.1%,0.5%]","(161,275]",0
2435,107,3,3,True,0.15490211345674118,0.0,"(0.1%,0.5%]","(-inf,161]",0
2436,145,4,0,False,0.007702838799018065,0.007702838799018065,"(0,0.01%]","(-inf,161]",0
2437,180,0,0,True,0.011573270067891214,0.0,"(0.01%,0.1%]","(161,275]",0
2438,464,0,7,False,0.47886706345144864,0.47886706345144864,"(0.1%,0.5%]","(386,inf]",7
2439,192,1,6,False,1.4032527632850258,1.4032527632850258,>0.5%,"(161,275]",0
2440,358,0,0,True,1.317881311344441,0.0,>0.5%,"(275,386]",0
2441,497,6,0,False,0.1666090136009879,1.087403681618703,"(0.1%,0.5%]","(386,inf]",7
2442,131,3,3,True,1.0668654722726758,0.0,>0.5%,"(-inf,161]",0
2443,208,0,0,True,0.857980345041223,0.0,>0.5%,"(161,275]",0
2444,106,0,0,True,5.4111270416080704e-06,0.0,"(0,0.01%]","(-inf,161]",0
2445,489,2,0,False,0.16456424737494446,0.6464194233625302,"(0.1%,0.5%]","(386,inf]",7
2446,436,1,7,False,0.2655968451678396,0.45020853384707143,"(0.1%,0.5%]","(386,inf]",7
2447,350,0,7,False,0.7666172809164783,2.6282748944506964,>0.5%,"(275,386]",0
2448,299,0,0,True,0.7553020486957609,0.0,>0.5%,"(275,386]",0
2449,210,3,0,False,0.13460323193788046,0.44559915046038423,"(0.1%,0.5%]","(161,275]",0
2450,494,0,0,True,0.5341778747174231,0.0,>0.5%,"(386,inf]",7
2451,85,0,3,False,0.17516315370396857,0.17516315370396857,"(0.1%,0.5%]","(-inf,161]",0
2452,62,3,3,True,0.0,0.0,=0,"(-inf,161]",0
2453,474,0,0,True,0.774499307497709,0.0,>0.5%,"(386,inf]",7
2454,239,0,0,True,1.1998271732915542,0.0,>0.5%,"(161,275]",0
2455,79,0,3,False,0.01305767542686027,0.3968015437126826,"(0.01%,0.1%]","(-inf,161]",0
2456,388,6,7,False,0.5984391489573362,1.6557354804585063,>0.5%,"(386,inf]",7
2457,446,0,0,True,0.03346194281105377,0.0,"(0.01%,0.1%]","(386,inf]",7
2458,87,0,3,False,0.053304744737606866,0.053304744737606866,"(0.01%,0.1%]","(-inf,161]",0
2459,128,0,3,False,1.4075817965446613,1.4075817965446613,>0.5%,"(-inf,161]",0
2460,311,7,7,True,0.634949875955177,0.0,>0.5%,"(275,386]",0
2461,360,4,0,False,0.5597489515756546,0.706823163705339,>0.5%,"(275,386]",0
2462,336,0,7,False,0.09050172735430904,0.09050172735430904,"(0.01%,0.1%]","(275,386]",0
2463,62,0,3,False,0.0,0.0,=0,"(-inf,161]",0
2464,281,4,0,False,0.1615589703641799,0.1615589703641799,"(0.1%,0.5%]","(275,386]",0
2465,158,6,2,False,0.24474330705856026,0.4972991880576575,"(0.1%,0.5%]","(-inf,161]",0
2466,193,7,0,False,0.03531736212790263,1.896870961624501,"(0.01%,0.1%]","(161,275]",0
2467,130,3,0,False,0.6827151992535188,1.5625996762434657,>0.5%,"(-inf,161]",0
2468,183,7,0,False,0.15605078904959094,1.8766778714567394,"(0.1%,0.5%]","(161,275]",0
2469,469,0,0,True,0.24304739231967223,0.0,"(0.1%,0.5%]","(386,inf]",7
2470,195,1,0,False,0.8575717815299188,0.8575717815299188,>0.5%,"(161,275]",0
2471,153,4,0,False,0.4724529697560083,0.8258957387314333,"(0.1%,0.5%]","(-inf,161]",0
2472,278,0,0,True,0.2879546287676399,0.0,"(0.1%,0.5%]","(275,386]",0
2473,207,2,7,False,0.3984037821073153,0.3984037821073153,"(0.1%,0.5%]","(161,275]",0
2474,244,0,0,True,0.696586572358693,0.0,>0.5%,"(161,275]",0
2475,282,2,7,False,0.31803748954005406,0.9560399713440326,"(0.1%,0.5%]","(275,386]",0
2476,437,0,0,True,0.628882371314755,0.0,>0.5%,"(386,inf]",7
2477,226,0,0,True,1.371320189549557,0.0,>0.5%,"(161,275]",0
2478,52,1,3,False,0.0,1.508564431455277e-06,=0,"(-inf,161]",0
2479,432,7,7,True,0.46810623745369917,0.0,"(0.1%,0.5%]","(386,inf]",7
2480,311,4,0,False,0.22254085747316693,0.22254085747316693,"(0.1%,0.5%]","(275,386]",0
2481,413,4,0,False,1.4253073245253458,2.6154302251711723,>0.5%,"(386,inf]",7
2482,232,6,7,False,0.2535899674597425,0.30684160344114986,"(0.1%,0.5%]","(161,275]",0
2483,340,0,0,True,0.32092363268842516,0.0,"(0.1%,0.5%]","(275,386]",0
2484,250,0,0,True,0.18686084758259544,0.0,"(0.1%,0.5%]","(161,275]",0
2485,152,0,0,True,0.2622364477877894,0.0,"(0.1%,0.5%]","(-inf,161]",0
2486,50,0,3,False,0.0,0.0,=0,"(-inf,161]",0
2487,276,2,0,False,0.20358600243963443,0.20358600243963443,"(0.1%,0.5%]","(275,386]",0
2488,274,6,0,False,1.0065927757205537,1.0065927757205537,>0.5%,"(161,275]",0
2489,492,0,0,True,0.7315585153347677,0.0,>0.5%,"(386,inf]",7
2490,122,0,0,True,0.03664922544225739,0.0,"(0.01%,0.1%]","(-inf,161]",0
2491,397,7,7,True,1.6282302172165752,0.0,>0.5%,"(386,inf]",7
2492,243,0,0,True,0.7059174905499611,0.0,>0.5%,"(161,275]",0
2493,486,7,7,True,0.9687933900919574,0.0,>0.5%,"(386,inf]",7
2494,198,4,0,False,0.6396914866293733,0.6396914866293733,>0.5%,"(161,275]",0
2495,252,0,0,True,0.24999104590010787,0.0,"(0.1%,0.5%]","(161,275]",0
2496,59,1,3,False,0.022130558389876227,0.09849710635567806,"(0.01%,0.1%]","(-inf,161]",0
2497,346,0,2,False,0.11927662601254854,0.1500452946114754,"(0.1%,0.5%]","(275,386]",0
2498,463,7,7,True,0.9047099725458939,0.0,>0.5%,"(386,inf]",7
2499,468,7,7,True,0.41414174180936064,0.0,"(0.1%,0.5%]","(386,inf]",7
2500,368,0,0,True,0.008179698852137544,0.0,"(0,0.01%]","(275,386]",0
2501,225,1,0,False,0.37591242104643163,3.2980457741449074,"(0.1%,0.5%]","(161,275]",0
2502,436,6,7,False,0.40452545610969187,2.114966064553416,"(0.1%,0.5%]","(386,inf]",7
2503,397,0,0,True,1.0569653711022313,0.0,>0.5%,"(386,inf]",7
2504,391,2,0,False,0.23415092787883227,0.3027474802970462,"(0.1%,0.5%]","(386,inf]",7
2505,194,6,0,False,0.552386040004623,3.05559130777333,>0.5%,"(161,275]",0
2506,312,2,7,False,0.599674603127007,1.1924452707205357,>0.5%,"(275,386]",0
2507,215,0,0,True,0.3737146831489763,0.0,"(0.1%,0.5%]","(161,275]",0
2508,53,0,3,False,0.0,0.0,=0,"(-inf,161]",0
2509,467,2,7,False,0.2010639771339278,0.2010639771339278,"(0.1%,0.5%]","(386,inf]",7
2510,243,4,0,False,0.19134153788108205,0.19134153788108205,"(0.1%,0.5%]","(161,275]",0
2511,139,0,0,True,0.24975572582333852,0.0,"(0.1%,0.5%]","(-inf,161]",0
2512,390,6,7,False,1.2454994603493685,1.2454994603493685,>0.5%,"(386,inf]",7
2513,100,2,3,False,0.015986827085075074,0.015986827085075074,"(0.01%,0.1%]","(-inf,161]",0
2514,262,7,7,True,0.4809797817637667,0.0,"(0.1%,0.5%]","(161,275]",0
2515,320,4,2,False,0.5273732403013578,0.850527447980531,>0.5%,"(275,386]",0
2516,135,0,0,True,0.17087709523600067,0.0,"(0.1%,0.5%]","(-inf,161]",0
2517,425,7,7,True,0.41258047678538956,0.0,"(0.1%,0.5%]","(386,inf]",7
2518,249,1,0,False,0.22552808831600468,5.098138643305486,"(0.1%,0.5%]","(161,275]",0
2519,174,5,0,False,0.1810649604601115,0.7667937798016773,"(0.1%,0.5%]","(161,275]",0
2520,96,0,3,False,0.0,0.0,=0,"(-inf,161]",0
2521,127,6,3,False,0.24428010683743417,0.5476929158569047,"(0.1%,0.5%]","(-inf,161]",0
2522,356,4,0,False,0.17980627802022378,0.7993147086018827,"(0.1%,0.5%]","(275,386]",0
2523,138,7,0,False,0.029745865756049875,0.27234735706169566,"(0.01%,0.1%]","(-inf,161]",0
2524,476,1,0,False,0.10159245872715407,0.4008477264325041,"(0.1%,0.5%]","(386,inf]",7
2525,404,0,0,True,0.03015599654135016,0.0,"(0.01%,0.1%]","(386,inf]",7
2526,105,3,0,False,0.25058553748800905,0.4028025205985496,"(0.1%,0.5%]","(-inf,161]",0
2527,55,4,3,False,0.23089086880016713,0.26578008482575244,"(0.1%,0.5%]","(-inf,161]",0
2528,360,0,0,True,0.01019254089681852,0.0,"(0.01%,0.1%]","(275,386]",0
2529,290,6,0,False,0.06365646090116729,0.06365646090116729,"(0.01%,0.1%]","(275,386]",0
2530,221,7,7,True,0.9674572602975652,0.0,>0.5%,"(161,275]",0
2531,485,6,7,False,0.11071493407532815,0.36468896059141376,"(0.1%,0.5%]","(386,inf]",7
2532,475,7,7,True,1.6103655227873281,0.0,>0.5%,"(386,inf]",7
2533,253,4,0,False,0.28428272040695773,0.4361067415504319,"(0.1%,0.5%]","(161,275]",0
2534,78,2,3,False,0.11018643149583186,0.2732651697236221,"(0.1%,0.5%]","(-inf,161]",0
2535,308,7,7,True,0.9628485453318767,0.0,>0.5%,"(275,386]",0
2536,137,4,0,False,0.626442990967148,1.5115517010008457,>0.5%,"(-inf,161]",0
2537,170,4,0,False,0.28824529566836204,0.28824529566836204,"(0.1%,0.5%]","(161,275]",0
2538,496,7,0,False,0.588869918282606,7.529484171278076,>0.5%,"(386,inf]",7
2539,175,0,0,True,0.686818582799453,0.0,>0.5%,"(161,275]",0
2540,322,2,7,False,0.19505110373326173,0.7109124818096101,"(0.1%,0.5%]","(275,386]",0
2541,301,0,0,True,0.6407465242860148,0.0,>0.5%,"(275,386]",0
2542,462,7,0,False,0.24000117949495212,0.24000117949495212,"(0.1%,0.5%]","(386,inf]",7
2543,478,7,7,True,1.4551432974509453,0.0,>0.5%,"(386,inf]",7
2544,107,1,3,False,0.12752594386277982,4.34413406428556,"(0.1%,0.5%]","(-inf,161]",0
2545,262,0,7,False,1.3951269015196184,3.141667038341991,>0.5%,"(161,275]",0
2546,122,0,0,True,0.035645448009152425,0.0,"(0.01%,0.1%]","(-inf,161]",0
2547,440,2,7,False,0.3844264596355314,0.3844264596355314,"(0.1%,0.5%]","(386,inf]",7
2548,430,6,7,False,0.5105212732913967,0.5204214390774299,>0.5%,"(386,inf]",7
2549,413,7,7,True,0.02070635861739685,0.0,"(0.01%,0.1%]","(386,inf]",7
2550,154,1,0,False,0.2367672009803864,0.9207173237403868,"(0.1%,0.5%]","(-inf,161]",0
2551,59,0,3,False,0.15116172324585705,0.15116172324585705,"(0.1%,0.5%]","(-inf,161]",0
2552,254,7,0,False,0.6425796160872642,2.4497576159276813,>0.5%,"(161,275]",0
2553,497,6,7,False,0.1334587771469228,1.531158639926556,"(0.1%,0.5%]","(386,inf]",7
2554,55,7,3,False,2.3696586384102634e-06,2.3696586384102634e-06,"(0,0.01%]","(-inf,161]",0
2555,388,0,0,True,0.47088155902272366,0.0,"(0.1%,0.5%]","(386,inf]",7
2556,164,2,2,True,1.1182207502170858,0.0,>0.5%,"(161,275]",0
2557,175,0,0,True,0.578591303248209,0.0,>0.5%,"(161,275]",0
2558,238,1,2,False,0.30783237216001974,0.30783237216001974,"(0.1%,0.5%]","(161,275]",0
2559,169,1,0,False,0.08841099140732542,0.12448888638187225,"(0.01%,0.1%]","(161,275]",0
2560,321,4,0,False,0.8611182058258405,1.6092509085063322,>0.5%,"(275,386]",0
2561,277,0,0,True,0.496827582864144,0.0,"(0.1%,0.5%]","(275,386]",0
2562,367,7,0,False,0.3173285968336796,0.3173285968336796,"(0.1%,0.5%]","(275,386]",0
2563,56,3,3,True,0.06950700271347938,0.0,"(0.01%,0.1%]","(-inf,161]",0
2564,144,0,0,True,0.016810552132305968,0.0,"(0.01%,0.1%]","(-inf,161]",0
2565,61,3,3,True,6.144466288493279e-06,0.0,"(0,0.01%]","(-inf,161]",0
2566,291,1,2,False,0.2070138917194713,1.7230964857909097,"(0.1%,0.5%]","(275,386]",0
2567,235,2,7,False,0.043005530894593205,0.043005530894593205,"(0.01%,0.1%]","(161,275]",0
2568,77,3,3,True,9.787242955191457e-06,0.0,"(0,0.01%]","(-inf,161]",0
2569,425,2,7,False,0.3345587833149448,0.3345587833149448,"(0.1%,0.5%]","(386,inf]",7
2570,310,6,7,False,0.6602644845578016,0.6602644845578016,>0.5%,"(275,386]",0
2571,270,0,0,True,1.0061670395404863,0.0,>0.5%,"(161,275]",0
2572,482,7,0,False,0.2324935946410912,5.669330859411465,"(0.1%,0.5%]","(386,inf]",7
2573,246,0,6,False,1.505701611665317,1.505701611665317,>0.5%,"(161,275]",0
2574,363,6,7,False,0.24711713463877483,0.24711713463877483,"(0.1%,0.5%]","(275,386]",0
2575,386,7,7,True,0.356198313606251,0.0,"(0.1%,0.5%]","(275,386]",0
2576,119,0,0,True,0.05173354472943753,0.0,"(0.01%,0.1%]","(-inf,161]",0
2577,314,7,7,True,0.5508206888999355,0.0,>0.5%,"(275,386]",0
2578,272,4,0,False,0.11814055343364296,0.11814055343364296,"(0.1%,0.5%]","(161,275]",0
2579,281,0,0,True,0.5613976713731209,0.0,>0.5%,"(275,386]",0
2580,379,0,0,True,0.8195274492958575,0.0,>0.5%,"(275,386]",0
2581,346,0,0,True,0.8030234566943991,0.0,>0.5%,"(275,386]",0
2582,452,2,7,False,0.09068904640550426,0.09068904640550426,"(0.01%,0.1%]","(386,inf]",7
2583,129,0,0,True,0.03155808983222434,0.0,"(0.01%,0.1%]","(-inf,161]",0
2584,300,0,0,True,0.5994546323282415,0.0,>0.5%,"(275,386]",0
2585,439,0,0,True,0.04466783411765352,0.0,"(0.01%,0.1%]","(386,inf]",7
2586,193,4,0,False,0.013937676764241543,2.810168514834059,"(0.01%,0.1%]","(161,275]",0
2587,352,6,0,False,0.017409077435826426,0.017409077435826426,"(0.01%,0.1%]","(275,386]",0
2588,297,0,0,True,0.03380036609414517,0.0,"(0.01%,0.1%]","(275,386]",0
2589,196,0,0,True,0.6324659239419745,0.0,>0.5%,"(161,275]",0
2590,177,0,0,True,0.8976458248231924,0.0,>0.5%,"(161,275]",0
2591,55,3,3,True,0.0,0.0,=0,"(-inf,161]",0
2592,252,0,0,True,0.5329983377899747,0.0,>0.5%,"(161,275]",0
2593,230,0,0,True,0.10945414227452116,0.0,"(0.1%,0.5%]","(161,275]",0
2594,349,7,7,True,0.2100522065909402,0.0,"(0.1%,0.5%]","(275,386]",0
2595,51,0,3,False,0.0,0.9595115377185907,=0,"(-inf,161]",0
2596,93,3,3,True,0.004940926541922921,0.0,"(0,0.01%]","(-inf,161]",0
2597,187,2,0,False,1.3055219488416192,2.4364299791525057,>0.5%,"(161,275]",0
2598,282,0,0,True,1.5359543041018424,0.0,>0.5%,"(275,386]",0
2599,351,4,0,False,0.3442518172449863,0.3442518172449863,"(0.1%,0.5%]","(275,386]",0
2600,433,6,7,False,0.42357931730680815,0.42357931730680815,"(0.1%,0.5%]","(386,inf]",7
2601,264,0,0,True,0.2937822363165085,0.0,"(0.1%,0.5%]","(161,275]",0
2602,349,6,7,False,0.27747299701135625,1.6683456088416193,"(0.1%,0.5%]","(275,386]",0
2603,223,0,0,True,0.6461868030778641,0.0,>0.5%,"(161,275]",0
2604,220,6,2,False,1.3682770346749829,1.8986292930258972,>0.5%,"(161,275]",0
2605,496,1,7,False,1.0158705053725223,1.0158705053725223,>0.5%,"(386,inf]",7
2606,393,7,7,True,1.001336388714724,0.0,>0.5%,"(386,inf]",7
2607,385,7,0,False,0.12237714648761736,0.9135110917462367,"(0.1%,0.5%]","(275,386]",0
2608,338,4,0,False,0.4808318683809797,0.6509802022271458,"(0.1%,0.5%]","(275,386]",0
2609,488,6,0,False,0.49144723303472276,0.5020311542892367,"(0.1%,0.5%]","(386,inf]",7
2610,144,0,0,True,0.056291848942710186,0.0,"(0.01%,0.1%]","(-inf,161]",0
2611,482,4,0,False,0.948200967896962,0.948200967896962,>0.5%,"(386,inf]",7
2612,88,2,3,False,0.5037318572605491,0.5037318572605491,>0.5%,"(-inf,161]",0
2613,400,0,7,False,0.23546097800694332,2.155812611045058,"(0.1%,0.5%]","(386,inf]",7
2614,141,4,0,False,0.134749199859931,0.134749199859931,"(0.1%,0.5%]","(-inf,161]",0
2615,118,2,0,False,0.16314299897975143,0.2874804208149914,"(0.1%,0.5%]","(-inf,161]",0
2616,473,2,7,False,0.8682083664377626,1.2779055595725282,>0.5%,"(386,inf]",7
2617,304,7,0,False,0.1742824245653055,0.6454459471666326,"(0.1%,0.5%]","(275,386]",0
2618,347,0,0,True,0.012760973653565369,0.0,"(0.01%,0.1%]","(275,386]",0
2619,425,6,7,False,1.3924027942599564,2.101501353557258,>0.5%,"(386,inf]",7
2620,308,6,7,False,0.6961557669196075,2.099022503372688,>0.5%,"(275,386]",0
2621,403,6,0,False,1.5819474715193478,1.5819474715193478,>0.5%,"(386,inf]",7
2622,140,0,0,True,0.2612604246300697,0.0,"(0.1%,0.5%]","(-inf,161]",0
2623,492,4,7,False,0.0115789668511355,0.5705634035225375,"(0.01%,0.1%]","(386,inf]",7
2624,164,4,0,False,0.04045692919235555,0.04045692919235555,"(0.01%,0.1%]","(161,275]",0
2625,439,4,0,False,1.2146110529501515,1.2146110529501515,>0.5%,"(386,inf]",7
2626,441,0,0,True,0.5580989517634056,0.0,>0.5%,"(386,inf]",7
2627,159,0,0,True,0.7476740394100557,0.0,>0.5%,"(-inf,161]",0
2628,62,0,3,False,0.016490190875773206,0.016490190875773206,"(0.01%,0.1%]","(-inf,161]",0
2629,215,0,0,True,0.4226431953663168,0.0,"(0.1%,0.5%]","(161,275]",0
2630,236,3,2,False,0.1954386256286368,1.4716096271539618,"(0.1%,0.5%]","(161,275]",0
2631,489,0,0,True,0.07984009331664807,0.0,"(0.01%,0.1%]","(386,inf]",7
2632,232,0,0,True,0.24170020225231745,0.0,"(0.1%,0.5%]","(161,275]",0
2633,311,6,7,False,0.3380633840871837,0.6647825058886141,"(0.1%,0.5%]","(275,386]",0
2634,191,4,0,False,0.8558734018792886,0.9051178880418519,>0.5%,"(161,275]",0
2635,158,6,0,False,0.5029817394511469,0.5029817394511469,>0.5%,"(-inf,161]",0
2636,93,3,3,True,0.0,0.0,=0,"(-inf,161]",0
2637,102,0,0,True,0.1551258989386931,0.0,"(0.1%,0.5%]","(-inf,161]",0
2638,283,7,0,False,0.6653868487675083,10.434210048284383,>0.5%,"(275,386]",0
2639,480,2,7,False,0.06424299528228249,0.06424299528228249,"(0.01%,0.1%]","(386,inf]",7
2640,124,1,3,False,0.0,0.6844287998548572,=0,"(-inf,161]",0
2641,359,6,7,False,0.19201642332373983,0.19201642332373983,"(0.1%,0.5%]","(275,386]",0
2642,412,4,0,False,0.5874949800184341,0.5874949800184341,>0.5%,"(386,inf]",7
2643,226,0,0,True,0.38456493678163506,0.0,"(0.1%,0.5%]","(161,275]",0
2644,147,0,0,True,0.2103516585747529,0.0,"(0.1%,0.5%]","(-inf,161]",0
2645,163,0,0,True,0.275753065675732,0.0,"(0.1%,0.5%]","(161,275]",0
2646,254,0,0,True,0.7632284203584954,0.0,>0.5%,"(161,275]",0
2647,332,0,0,True,0.6975965346948368,0.0,>0.5%,"(275,386]",0
2648,195,0,0,True,1.543942760873244,0.0,>0.5%,"(161,275]",0
2649,188,0,0,True,0.8979752535573147,0.0,>0.5%,"(161,275]",0
2650,346,7,2,False,0.2671045195412599,0.2671045195412599,"(0.1%,0.5%]","(275,386]",0
2651,470,0,0,True,0.4771141055425558,0.0,"(0.1%,0.5%]","(386,inf]",7
2652,290,6,7,False,0.01912082190808518,0.01912082190808518,"(0.01%,0.1%]","(275,386]",0
2653,376,4,0,False,1.0615723815223685,1.0615723815223685,>0.5%,"(275,386]",0
2654,341,2,2,True,0.3311264193212376,0.0,"(0.1%,0.5%]","(275,386]",0
2655,359,7,7,True,0.2053069243927486,0.0,"(0.1%,0.5%]","(275,386]",0
2656,94,3,3,True,0.0019638230885343885,0.0,"(0,0.01%]","(-inf,161]",0
2657,376,1,7,False,0.9556662872814602,1.0949407851541546,>0.5%,"(275,386]",0
2658,146,7,0,False,0.30427141202360686,0.30427141202360686,"(0.1%,0.5%]","(-inf,161]",0
2659,380,0,0,True,0.5766859902842656,0.0,>0.5%,"(275,386]",0
2660,414,4,7,False,0.8930603408620199,1.2456117223937415,>0.5%,"(386,inf]",7
2661,493,0,7,False,0.1739452696175751,1.5712692904039354,"(0.1%,0.5%]","(386,inf]",7
2662,301,0,0,True,0.3693450095872185,0.0,"(0.1%,0.5%]","(275,386]",0
2663,277,1,0,False,0.01571573494875993,0.7278642839522675,"(0.01%,0.1%]","(275,386]",0
2664,471,0,0,True,0.9700750258405845,0.0,>0.5%,"(386,inf]",7
2665,142,7,0,False,0.034701636283756734,0.271042029014696,"(0.01%,0.1%]","(-inf,161]",0
2666,245,6,0,False,0.34417645367231203,4.261813578120277,"(0.1%,0.5%]","(161,275]",0
2667,429,2,7,False,0.5222736741525731,1.2057945916081365,>0.5%,"(386,inf]",7
2668,312,0,0,True,0.9719217470437684,0.0,>0.5%,"(275,386]",0
2669,366,7,0,False,0.44892582614273374,2.88550606813126,"(0.1%,0.5%]","(275,386]",0
2670,67,6,3,False,0.0,0.2907771030646523,=0,"(-inf,161]",0
2671,236,2,2,True,0.7100274560509219,0.0,>0.5%,"(161,275]",0
2672,187,2,0,False,0.3268243799209081,0.3268243799209081,"(0.1%,0.5%]","(161,275]",0
2673,475,7,0,False,0.668809491836465,0.668809491836465,>0.5%,"(386,inf]",7
2674,184,0,0,True,0.0800202088560228,0.0,"(0.01%,0.1%]","(161,275]",0
2675,431,2,0,False,0.37615673827815993,0.37615673827815993,"(0.1%,0.5%]","(386,inf]",7
2676,178,0,3,False,0.444055008875376,1.4285621374125237,"(0.1%,0.5%]","(161,275]",0
2677,54,2,3,False,0.0,0.1205106284164501,=0,"(-inf,161]",0
2678,143,6,0,False,0.3228344680939253,0.3991132703200179,"(0.1%,0.5%]","(-inf,161]",0
2679,132,7,0,False,0.11079497267765263,0.11079497267765263,"(0.1%,0.5%]","(-inf,161]",0
2680,85,0,3,False,0.35205695254034897,0.35205695254034897,"(0.1%,0.5%]","(-inf,161]",0
2681,321,4,0,False,1.99141929457383,2.01960113296296,>0.5%,"(275,386]",0
2682,86,0,3,False,0.027677747715594135,0.027677747715594135,"(0.01%,0.1%]","(-inf,161]",0
2683,81,3,3,True,0.28845321457175555,0.0,"(0.1%,0.5%]","(-inf,161]",0
2684,311,6,0,False,0.33468508350943604,0.33468508350943604,"(0.1%,0.5%]","(275,386]",0
2685,473,0,7,False,0.05921448742799209,0.7954236962808616,"(0.01%,0.1%]","(386,inf]",7
2686,268,4,7,False,0.41650058134554463,0.41650058134554463,"(0.1%,0.5%]","(161,275]",0
2687,181,0,0,True,0.021266348331079418,0.0,"(0.01%,0.1%]","(161,275]",0
2688,146,7,0,False,0.12398272873543352,0.9475148443948087,"(0.1%,0.5%]","(-inf,161]",0
2689,328,4,0,False,0.057148629811713,0.057148629811713,"(0.01%,0.1%]","(275,386]",0
2690,293,7,0,False,0.08209920380300209,0.08209920380300209,"(0.01%,0.1%]","(275,386]",0
2691,247,0,0,True,0.6957796020695027,0.0,>0.5%,"(161,275]",0
2692,479,4,0,False,0.011963871967828851,0.944384881580544,"(0.01%,0.1%]","(386,inf]",7
2693,231,1,2,False,0.7464748637807578,2.126463087381568,>0.5%,"(161,275]",0
2694,365,4,0,False,0.4150567438865635,0.4150567438865635,"(0.1%,0.5%]","(275,386]",0
2695,459,0,0,True,0.0498811338688786,0.0,"(0.01%,0.1%]","(386,inf]",7
2696,351,4,0,False,0.41305354669037453,0.6495651107036154,"(0.1%,0.5%]","(275,386]",0
2697,225,0,0,True,1.1354784956568114,0.0,>0.5%,"(161,275]",0
2698,331,7,7,True,0.32924330148676,0.0,"(0.1%,0.5%]","(275,386]",0
2699,184,4,0,False,0.1117404533141089,0.1117404533141089,"(0.1%,0.5%]","(161,275]",0
2700,264,4,0,False,0.14277484233209733,0.9870108542277365,"(0.1%,0.5%]","(161,275]",0
2701,201,0,0,True,0.206827458721957,0.0,"(0.1%,0.5%]","(161,275]",0
2702,389,7,7,True,1.7159270655967156,0.0,>0.5%,"(386,inf]",7
2703,435,7,7,True,1.1253886392259727,0.0,>0.5%,"(386,inf]",7
2704,114,6,3,False,0.2230764732242448,0.2230764732242448,"(0.1%,0.5%]","(-inf,161]",0
2705,140,0,0,True,0.22600169628873754,0.0,"(0.1%,0.5%]","(-inf,161]",0
2706,195,4,0,False,0.42380889129613275,0.4840933373756089,"(0.1%,0.5%]","(161,275]",0
2707,164,0,0,True,0.7766968996151993,0.0,>0.5%,"(161,275]",0
2708,201,4,7,False,0.18025258626011192,0.8491945572815028,"(0.1%,0.5%]","(161,275]",0
2709,417,2,7,False,0.39427455257794064,0.6751209718964267,"(0.1%,0.5%]","(386,inf]",7
2710,337,4,0,False,0.9598327476142772,0.9598327476142772,>0.5%,"(275,386]",0
2711,265,2,2,True,0.6751204385329077,0.0,>0.5%,"(161,275]",0
2712,118,3,0,False,0.15946536995790392,0.20934842339559484,"(0.1%,0.5%]","(-inf,161]",0
2713,436,1,0,False,0.3301608165113813,0.35057323410008906,"(0.1%,0.5%]","(386,inf]",7
2714,313,4,0,False,1.270123773730024,1.860664970520408,>0.5%,"(275,386]",0
2715,50,3,3,True,0.12272211724320885,0.0,"(0.1%,0.5%]","(-inf,161]",0
2716,60,5,3,False,0.13919694210912134,0.5931207067051182,"(0.1%,0.5%]","(-inf,161]",0
2717,364,2,7,False,0.18356923038189804,0.796388654694302,"(0.1%,0.5%]","(275,386]",0
2718,317,7,6,False,0.7546531411583439,0.7765887929162506,>0.5%,"(275,386]",0
2719,331,2,7,False,0.37965042256869463,0.37965042256869463,"(0.1%,0.5%]","(275,386]",0
2720,334,4,0,False,0.11825414313244977,0.11825414313244977,"(0.1%,0.5%]","(275,386]",0
2721,354,0,0,True,0.5637315783069858,0.0,>0.5%,"(275,386]",0
2722,58,7,3,False,0.2697417440164096,0.38083202919340525,"(0.1%,0.5%]","(-inf,161]",0
2723,384,2,7,False,0.2535527225165311,0.2535527225165311,"(0.1%,0.5%]","(275,386]",0
2724,98,6,2,False,0.24362892545131037,1.2665872422359625,"(0.1%,0.5%]","(-inf,161]",0
2725,174,6,3,False,1.5170467782167538,1.7006501491143855,>0.5%,"(161,275]",0
2726,342,2,7,False,0.39646454196900754,0.39646454196900754,"(0.1%,0.5%]","(275,386]",0
2727,172,7,0,False,0.9241283064680287,2.0469701950977632,>0.5%,"(161,275]",0
2728,103,0,0,True,0.14971306802013137,0.0,"(0.1%,0.5%]","(-inf,161]",0
2729,396,1,7,False,0.376002180426488,0.376002180426488,"(0.1%,0.5%]","(386,inf]",7
2730,260,4,0,False,0.06260934079894032,0.13361572269219033,"(0.01%,0.1%]","(161,275]",0
2731,132,3,0,False,0.2987691696828456,0.2987691696828456,"(0.1%,0.5%]","(-inf,161]",0
2732,376,4,0,False,1.2492195503931325,1.4548475842627675,>0.5%,"(275,386]",0
2733,145,3,0,False,0.03306756149364738,0.6035909454819676,"(0.01%,0.1%]","(-inf,161]",0
2734,74,0,3,False,0.0,0.0,=0,"(-inf,161]",0
2735,390,2,7,False,0.4865151697373363,1.9436094863127127,"(0.1%,0.5%]","(386,inf]",7
2736,305,0,0,True,0.27453591617111445,0.0,"(0.1%,0.5%]","(275,386]",0
2737,270,7,7,True,0.42538266929310725,0.0,"(0.1%,0.5%]","(161,275]",0
2738,133,1,0,False,0.6353557229696353,0.6353557229696353,>0.5%,"(-inf,161]",0
2739,135,2,3,False,0.29438809678366296,2.354287682037955,"(0.1%,0.5%]","(-inf,161]",0
2740,275,0,0,True,1.1143502177900437,0.0,>0.5%,"(161,275]",0
2741,129,3,0,False,0.012710395895383732,0.012710395895383732,"(0.01%,0.1%]","(-inf,161]",0
2742,393,0,0,True,0.42662543332418884,0.0,"(0.1%,0.5%]","(386,inf]",7
2743,389,7,7,True,1.7434655938189654,0.0,>0.5%,"(386,inf]",7
2744,137,0,0,True,0.3957606710326183,0.0,"(0.1%,0.5%]","(-inf,161]",0
2745,419,0,7,False,0.027680317133081462,2.76088127110136,"(0.01%,0.1%]","(386,inf]",7
2746,233,6,2,False,0.07951537777538367,1.2672977136559536,"(0.01%,0.1%]","(161,275]",0
2747,216,0,0,True,0.2802404023320262,0.0,"(0.1%,0.5%]","(161,275]",0
2748,89,3,3,True,0.047280624514925505,0.0,"(0.01%,0.1%]","(-inf,161]",0
2749,288,6,2,False,0.056658659818455644,0.056658659818455644,"(0.01%,0.1%]","(275,386]",0
2750,497,7,0,False,1.2002580455693075,4.485155887470118,>0.5%,"(386,inf]",7
2751,89,0,3,False,0.15063056379217415,0.15063056379217415,"(0.1%,0.5%]","(-inf,161]",0
2752,378,0,0,True,0.19436283749718683,0.0,"(0.1%,0.5%]","(275,386]",0
2753,279,4,7,False,0.7524447219373026,0.7524447219373026,>0.5%,"(275,386]",0
2754,477,0,0,True,0.9246042363155831,0.0,>0.5%,"(386,inf]",7
2755,414,2,0,False,0.2839858798427048,0.42413763889609346,"(0.1%,0.5%]","(386,inf]",7
2756,405,0,0,True,0.4683992879543122,0.0,"(0.1%,0.5%]","(386,inf]",7
2757,94,3,0,False,0.45177673308778865,0.45177673308778865,"(0.1%,0.5%]","(-inf,161]",0
2758,418,7,7,True,0.1025293077660412,0.0,"(0.1%,0.5%]","(386,inf]",7
2759,150,1,0,False,0.08164493942002743,0.24323095092726013,"(0.01%,0.1%]","(-inf,161]",0
2760,160,7,0,False,0.1018069438204626,0.11290159220603369,"(0.1%,0.5%]","(-inf,161]",0
2761,407,7,7,True,0.049922633021553024,0.0,"(0.01%,0.1%]","(386,inf]",7
2762,211,0,0,True,0.3458192990169304,0.0,"(0.1%,0.5%]","(161,275]",0
2763,406,1,0,False,1.328324960308435,1.4673866808684215,>0.5%,"(386,inf]",7
2764,371,7,0,False,0.07696844187304028,0.07696844187304028,"(0.01%,0.1%]","(275,386]",0
2765,379,6,7,False,0.3218064855380643,1.3042672992475226,"(0.1%,0.5%]","(275,386]",0
2766,474,7,0,False,0.21697149659043302,0.2500648809112027,"(0.1%,0.5%]","(386,inf]",7
2767,333,4,0,False,0.10574130950862994,0.10574130950862994,"(0.1%,0.5%]","(275,386]",0
2768,246,4,0,False,0.9076384297218996,0.9076384297218996,>0.5%,"(161,275]",0
2769,102,3,3,True,0.30210866347701126,0.0,"(0.1%,0.5%]","(-inf,161]",0
2770,182,2,0,False,0.3947289315119399,1.8155778022719373,"(0.1%,0.5%]","(161,275]",0
2771,391,0,0,True,0.2020021716305235,0.0,"(0.1%,0.5%]","(386,inf]",7
2772,105,3,3,True,0.3840763439659953,0.0,"(0.1%,0.5%]","(-inf,161]",0
2773,255,0,0,True,0.3801434657480887,0.0,"(0.1%,0.5%]","(161,275]",0
2774,258,0,0,True,0.7751927487297952,0.0,>0.5%,"(161,275]",0
2775,277,7,7,True,0.49978202626395724,0.0,"(0.1%,0.5%]","(275,386]",0
2776,107,0,0,True,0.0,0.0,=0,"(-inf,161]",0
2777,87,7,3,False,0.015853138837730676,0.678327596574348,"(0.01%,0.1%]","(-inf,161]",0
2778,108,2,3,False,0.72564474011463,1.4701204390859837,>0.5%,"(-inf,161]",0
2779,59,6,3,False,0.3513656246156626,0.3513656246156626,"(0.1%,0.5%]","(-inf,161]",0
2780,349,0,0,True,0.21747719148335853,0.0,"(0.1%,0.5%]","(275,386]",0
2781,148,0,0,True,0.18892455414727305,0.0,"(0.1%,0.5%]","(-inf,161]",0
2782,328,0,0,True,0.9835786257499454,0.0,>0.5%,"(275,386]",0
2783,461,7,7,True,0.24853199719102695,0.0,"(0.1%,0.5%]","(386,inf]",7
2784,102,3,0,False,0.06298147191964668,0.077441189316364,"(0.01%,0.1%]","(-inf,161]",0
2785,154,6,3,False,0.14158582063235628,1.5189324835951086,"(0.1%,0.5%]","(-inf,161]",0
2786,162,4,0,False,0.22235175862110046,0.22235175862110046,"(0.1%,0.5%]","(161,275]",0
2787,277,4,7,False,1.1322141596838113,3.1847994750468165,>0.5%,"(275,386]",0
2788,436,0,0,True,1.140480072091562,0.0,>0.5%,"(386,inf]",7
2789,228,0,0,True,1.432703531485998,0.0,>0.5%,"(161,275]",0
2790,438,0,0,True,0.844351238744654,0.0,>0.5%,"(386,inf]",7
2791,490,0,7,False,0.3013972145037247,0.3013972145037247,"(0.1%,0.5%]","(386,inf]",7
2792,364,6,7,False,0.21212156140617758,2.5820167391661397,"(0.1%,0.5%]","(275,386]",0
2793,359,2,0,False,0.6834984397925148,2.938754345996571,>0.5%,"(275,386]",0
2794,135,4,0,False,0.04505511809476995,0.07901719525144689,"(0.01%,0.1%]","(-inf,161]",0
2795,375,6,0,False,0.5282001370819996,1.4477805781883921,>0.5%,"(275,386]",0
2796,123,0,3,False,0.16031058467416917,0.16031058467416917,"(0.1%,0.5%]","(-inf,161]",0
2797,399,1,0,False,0.7858957534368799,1.5399376867205268,>0.5%,"(386,inf]",7
2798,335,0,0,True,1.2937771751398692,0.0,>0.5%,"(275,386]",0
2799,282,1,2,False,0.028451118224614255,0.028451118224614255,"(0.01%,0.1%]","(275,386]",0
2800,78,3,3,True,0.10539240660936526,0.0,"(0.1%,0.5%]","(-inf,161]",0
2801,426,4,0,False,0.5064562852785321,1.0468257806883647,>0.5%,"(386,inf]",7
2802,184,6,6,True,0.07745555509187169,0.0,"(0.01%,0.1%]","(161,275]",0
2803,149,2,0,False,0.013116127968548033,0.5611511262189803,"(0.01%,0.1%]","(-inf,161]",0
2804,448,0,0,True,0.8220782429931717,0.0,>0.5%,"(386,inf]",7
2805,182,3,0,False,0.1489019154507279,0.5955690173123666,"(0.1%,0.5%]","(161,275]",0
2806,377,0,0,True,0.1706475357335523,0.0,"(0.1%,0.5%]","(275,386]",0
2807,86,3,3,True,7.940102408264821e-06,0.0,"(0,0.01%]","(-inf,161]",0
2808,165,1,0,False,0.03480375811671378,0.057608477429705415,"(0.01%,0.1%]","(161,275]",0
2809,401,7,0,False,0.08215784555007585,0.4993555714563434,"(0.01%,0.1%]","(386,inf]",7
2810,295,4,7,False,0.7126880036727328,1.9953051007394838,>0.5%,"(275,386]",0
2811,196,0,0,True,0.34041381343033345,0.0,"(0.1%,0.5%]","(161,275]",0
2812,263,7,0,False,0.24045596268609126,0.24045596268609126,"(0.1%,0.5%]","(161,275]",0
2813,204,0,0,True,0.1429673880230965,0.0,"(0.1%,0.5%]","(161,275]",0
2814,236,0,0,True,0.3372700501218409,0.0,"(0.1%,0.5%]","(161,275]",0
2815,170,3,0,False,0.10117592506846487,1.2269262490440094,"(0.1%,0.5%]","(161,275]",0
2816,386,1,7,False,0.3735085229952765,0.3735085229952765,"(0.1%,0.5%]","(275,386]",0
2817,114,1,3,False,0.1668256487683713,0.1668256487683713,"(0.1%,0.5%]","(-inf,161]",0
2818,104,2,3,False,0.0498570097586757,0.0498570097586757,"(0.01%,0.1%]","(-inf,161]",0
2819,56,1,3,False,0.056373060861037654,0.056373060861037654,"(0.01%,0.1%]","(-inf,161]",0
2820,188,2,0,False,0.4268113953282918,0.4268113953282918,"(0.1%,0.5%]","(161,275]",0
2821,341,6,7,False,0.06175984919506894,0.32877770388263655,"(0.01%,0.1%]","(275,386]",0
2822,107,2,3,False,0.0,0.20700981710335895,=0,"(-inf,161]",0
2823,253,2,7,False,0.4304169215923595,1.6275647008716723,"(0.1%,0.5%]","(161,275]",0
2824,199,7,7,True,0.7427269429052555,0.0,>0.5%,"(161,275]",0
2825,235,4,0,False,0.048938125384198713,0.06928107578089622,"(0.01%,0.1%]","(161,275]",0
2826,137,3,0,False,0.21864416962692462,0.21864416962692462,"(0.1%,0.5%]","(-inf,161]",0
2827,133,7,0,False,0.029609816408069745,5.281745500121335,"(0.01%,0.1%]","(-inf,161]",0
2828,146,0,0,True,0.5200281334265777,0.0,>0.5%,"(-inf,161]",0
2829,173,7,7,True,0.7980148476813569,0.0,>0.5%,"(161,275]",0
2830,59,0,3,False,0.0,0.0,=0,"(-inf,161]",0
2831,250,4,0,False,0.08053087113447195,0.08053087113447195,"(0.01%,0.1%]","(161,275]",0
2832,74,0,3,False,0.03591734085457552,0.03591734085457552,"(0.01%,0.1%]","(-inf,161]",0
2833,250,2,7,False,0.048973785316302844,1.0672590476620696,"(0.01%,0.1%]","(161,275]",0
2834,467,7,7,True,0.7195856716062919,0.0,>0.5%,"(386,inf]",7
2835,61,2,3,False,4.0991709237223486e-14,4.410738883161576e-06,"(0,0.01%]","(-inf,161]",0
2836,426,1,0,False,0.22452445727617754,1.0216611967316986,"(0.1%,0.5%]","(386,inf]",7
2837,323,2,0,False,0.25623850945753135,0.25623850945753135,"(0.1%,0.5%]","(275,386]",0
2838,357,2,7,False,0.3692913716534706,0.3692913716534706,"(0.1%,0.5%]","(275,386]",0
2839,466,7,7,True,0.7530111297568097,0.0,>0.5%,"(386,inf]",7
2840,185,0,0,True,1.7260659308565363,0.0,>0.5%,"(161,275]",0
2841,460,6,7,False,0.3861464008675907,0.3861464008675907,"(0.1%,0.5%]","(386,inf]",7
2842,221,6,0,False,0.22574029818042815,0.22574029818042815,"(0.1%,0.5%]","(161,275]",0
2843,237,7,2,False,0.46777544480159544,0.6929934662456896,"(0.1%,0.5%]","(161,275]",0
2844,315,0,0,True,0.260066509447488,0.0,"(0.1%,0.5%]","(275,386]",0
2845,227,7,2,False,0.5711510038774152,1.2382437392808225,>0.5%,"(161,275]",0
2846,305,4,7,False,0.5253017665611805,1.580536825796423,>0.5%,"(275,386]",0
2847,196,6,7,False,0.432423346051516,0.6479778576543486,"(0.1%,0.5%]","(161,275]",0
2848,165,3,0,False,0.045928334527564924,0.045928334527564924,"(0.01%,0.1%]","(161,275]",0
2849,132,2,3,False,0.47931961995450995,0.47931961995450995,"(0.1%,0.5%]","(-inf,161]",0
2850,255,6,7,False,0.11938569240068034,0.11938569240068034,"(0.1%,0.5%]","(161,275]",0
2851,393,7,7,True,0.46494315534596675,0.0,"(0.1%,0.5%]","(386,inf]",7
2852,122,3,0,False,0.2846650197878627,1.8374928645896613,"(0.1%,0.5%]","(-inf,161]",0
2853,431,7,7,True,0.49721390071238497,0.0,"(0.1%,0.5%]","(386,inf]",7
2854,121,3,0,False,0.041475141156493936,0.05500656325788085,"(0.01%,0.1%]","(-inf,161]",0
2855,250,0,0,True,0.4365151019705881,0.0,"(0.1%,0.5%]","(161,275]",0
2856,111,3,3,True,0.054568805731516706,0.0,"(0.01%,0.1%]","(-inf,161]",0
2857,244,0,6,False,0.022588826046487417,0.524910870015726,"(0.01%,0.1%]","(161,275]",0
2858,193,5,0,False,0.4476636265793978,8.166859232841379,"(0.1%,0.5%]","(161,275]",0
2859,197,6,6,True,0.18720216671738835,0.0,"(0.1%,0.5%]","(161,275]",0
2860,491,7,7,True,0.6011939676969744,0.0,>0.5%,"(386,inf]",7
2861,327,7,7,True,0.6901105403740047,0.0,>0.5%,"(275,386]",0
2862,219,0,0,True,0.5387841400023612,0.0,>0.5%,"(161,275]",0
2863,79,0,3,False,0.14284343094687954,0.19761685880537727,"(0.1%,0.5%]","(-inf,161]",0
2864,79,2,3,False,0.0,0.01649200562439073,=0,"(-inf,161]",0
2865,125,4,0,False,0.1070287108693055,1.0607416272331394,"(0.1%,0.5%]","(-inf,161]",0
2866,283,2,0,False,0.030431121544318308,0.030431121544318308,"(0.01%,0.1%]","(275,386]",0
2867,200,2,0,False,0.18847178099329515,0.18847178099329515,"(0.1%,0.5%]","(161,275]",0
2868,85,1,3,False,0.0,0.05214343254811577,=0,"(-inf,161]",0
2869,320,0,0,True,1.2874809589056955,0.0,>0.5%,"(275,386]",0
2870,92,7,3,False,0.41295618282162155,0.5050725413693944,"(0.1%,0.5%]","(-inf,161]",0
2871,214,1,0,False,0.3158139891980659,0.33078354737962434,"(0.1%,0.5%]","(161,275]",0
2872,465,6,7,False,0.8444114290717128,0.8444114290717128,>0.5%,"(386,inf]",7
2873,195,6,0,False,0.34439423435148064,1.0551637093936745,"(0.1%,0.5%]","(161,275]",0
2874,217,0,0,True,0.16237642511316072,0.0,"(0.1%,0.5%]","(161,275]",0
2875,298,0,0,True,0.11668206762930045,0.0,"(0.1%,0.5%]","(275,386]",0
2876,427,4,0,False,0.3460667920489531,0.3460667920489531,"(0.1%,0.5%]","(386,inf]",7
2877,229,0,0,True,0.026252420011356095,0.0,"(0.01%,0.1%]","(161,275]",0
2878,395,0,0,True,0.34842442220145065,0.0,"(0.1%,0.5%]","(386,inf]",7
2879,89,3,0,False,0.026171788292904802,0.36827357128810106,"(0.01%,0.1%]","(-inf,161]",0
2880,390,4,0,False,0.42877245364216904,0.42877245364216904,"(0.1%,0.5%]","(386,inf]",7
2881,281,6,7,False,0.07131324310527012,0.4215064932993287,"(0.01%,0.1%]","(275,386]",0
2882,200,7,0,False,0.010779782403594724,0.010779782403594724,"(0.01%,0.1%]","(161,275]",0
2883,304,2,0,False,0.7834551637678007,3.4555148745403024,>0.5%,"(275,386]",0
2884,474,7,0,False,0.8251680142661982,0.8728680005076961,>0.5%,"(386,inf]",7
2885,137,0,0,True,0.13122267181229091,0.0,"(0.1%,0.5%]","(-inf,161]",0
2886,378,0,0,True,0.0894885587759883,0.0,"(0.01%,0.1%]","(275,386]",0
2887,389,6,7,False,0.30701509291905527,1.1470631809196126,"(0.1%,0.5%]","(386,inf]",7
2888,68,3,3,True,0.12220548554006919,0.0,"(0.1%,0.5%]","(-inf,161]",0
2889,365,0,0,True,0.3313985245067035,0.0,"(0.1%,0.5%]","(275,386]",0
2890,305,6,0,False,1.5415753712720566,6.6888570793578035,>0.5%,"(275,386]",0
2891,406,7,0,False,0.983749507509066,5.928401964197192,>0.5%,"(386,inf]",7
2892,254,2,2,True,0.4873943732308514,0.0,"(0.1%,0.5%]","(161,275]",0
2893,204,2,7,False,0.34048452253006195,1.5940996707089472,"(0.1%,0.5%]","(161,275]",0
2894,385,7,7,True,0.07424637282318709,0.0,"(0.01%,0.1%]","(275,386]",0
2895,460,7,7,True,1.1382029167659002,0.0,>0.5%,"(386,inf]",7
2896,294,0,0,True,0.5147330240571074,0.0,>0.5%,"(275,386]",0
2897,247,2,7,False,0.31450912268168707,0.6262208424650328,"(0.1%,0.5%]","(161,275]",0
2898,255,0,0,True,0.3072172047353533,0.0,"(0.1%,0.5%]","(161,275]",0
2899,494,4,0,False,0.10807527237233021,0.2995571719564044,"(0.1%,0.5%]","(386,inf]",7
2900,171,3,3,True,1.2323732195339852,0.0,>0.5%,"(161,275]",0
2901,65,0,3,False,0.01890357208395121,0.01890357208395121,"(0.01%,0.1%]","(-inf,161]",0
2902,346,6,7,False,1.2637999091455572,1.2637999091455572,>0.5%,"(275,386]",0
2903,229,0,0,True,0.3367443125036241,0.0,"(0.1%,0.5%]","(161,275]",0
2904,179,0,0,True,0.18114613922677866,0.0,"(0.1%,0.5%]","(161,275]",0
2905,274,2,7,False,0.46310439611543547,0.46310439611543547,"(0.1%,0.5%]","(161,275]",0
2906,344,2,0,False,0.4178270925387456,1.1848082953539416,"(0.1%,0.5%]","(275,386]",0
2907,425,2,7,False,0.7248302058423922,0.7248302058423922,>0.5%,"(386,inf]",7
2908,123,4,0,False,0.17631719484960945,0.23754069384246362,"(0.1%,0.5%]","(-inf,161]",0
2909,210,2,0,False,0.4445908021224555,0.49905836177211216,"(0.1%,0.5%]","(161,275]",0
2910,487,7,0,False,0.032250817854607226,0.032250817854607226,"(0.01%,0.1%]","(386,inf]",7
2911,258,0,0,True,1.1994341742185821,0.0,>0.5%,"(161,275]",0
2912,223,7,0,False,0.5111172157025695,3.3409246220047297,>0.5%,"(161,275]",0
2913,372,0,0,True,0.4458221320445809,0.0,"(0.1%,0.5%]","(275,386]",0
2914,397,4,0,False,1.2273738602189876,1.2273738602189876,>0.5%,"(386,inf]",7
2915,197,0,0,True,0.3367308619512963,0.0,"(0.1%,0.5%]","(161,275]",0
2916,349,0,0,True,1.0213726056693344,0.0,>0.5%,"(275,386]",0
2917,82,0,3,False,0.6122637675753324,0.6122637675753324,>0.5%,"(-inf,161]",0
2918,404,7,7,True,1.9904741971191224,0.0,>0.5%,"(386,inf]",7
2919,235,6,2,False,0.18865876435647688,1.435747025836474,"(0.1%,0.5%]","(161,275]",0
2920,485,7,0,False,0.854830748377121,1.4642805346609726,>0.5%,"(386,inf]",7
2921,94,2,3,False,0.26084654319554756,1.2770346585494843,"(0.1%,0.5%]","(-inf,161]",0
2922,476,2,7,False,0.8011551893087021,0.8143594602743661,>0.5%,"(386,inf]",7
2923,65,7,3,False,2.0878379150575997e-06,0.07490593261201065,"(0,0.01%]","(-inf,161]",0
2924,379,0,7,False,0.8128159972731921,0.9378613029112522,>0.5%,"(275,386]",0
2925,458,7,7,True,0.5473321480816503,0.0,>0.5%,"(386,inf]",7
2926,56,1,3,False,0.14581457712207016,0.14581457712207016,"(0.1%,0.5%]","(-inf,161]",0
2927,118,7,3,False,0.8594190139040722,0.8594190139040722,>0.5%,"(-inf,161]",0
2928,391,0,0,True,0.3394192479300163,0.0,"(0.1%,0.5%]","(386,inf]",7
2929,70,7,3,False,0.12652266872500628,0.12652266872500628,"(0.1%,0.5%]","(-inf,161]",0
2930,268,7,0,False,0.33795058443529186,2.562386324815887,"(0.1%,0.5%]","(161,275]",0
2931,339,0,0,True,0.6914706863891976,0.0,>0.5%,"(275,386]",0
2932,205,4,0,False,0.10824285375520476,0.10824285375520476,"(0.1%,0.5%]","(161,275]",0
2933,341,0,0,True,0.3704004579164243,0.0,"(0.1%,0.5%]","(275,386]",0
2934,58,4,3,False,1.735076732653294e-06,0.0026875661746646596,"(0,0.01%]","(-inf,161]",0
2935,176,0,0,True,0.44302131310239623,0.0,"(0.1%,0.5%]","(161,275]",0
2936,373,6,0,False,0.2588812971905198,1.037427946794046,"(0.1%,0.5%]","(275,386]",0
2937,111,1,0,False,0.08689198280793596,0.33434166308723123,"(0.01%,0.1%]","(-inf,161]",0
2938,343,0,0,True,0.6249338476795517,0.0,>0.5%,"(275,386]",0
2939,127,0,0,True,0.12498902858962435,0.0,"(0.1%,0.5%]","(-inf,161]",0
2940,69,0,3,False,0.0,0.24522241972805367,=0,"(-inf,161]",0
2941,296,0,0,True,0.3240378481410314,0.0,"(0.1%,0.5%]","(275,386]",0
2942,78,3,3,True,0.3802334478491062,0.0,"(0.1%,0.5%]","(-inf,161]",0
2943,364,0,0,True,0.7212821664263492,0.0,>0.5%,"(275,386]",0
2944,55,3,3,True,4.596712363467223e-06,0.0,"(0,0.01%]","(-inf,161]",0
2945,114,3,3,True,0.36502327672566703,0.0,"(0.1%,0.5%]","(-inf,161]",0
2946,129,0,0,True,0.0700244194910039,0.0,"(0.01%,0.1%]","(-inf,161]",0
2947,122,0,0,True,0.7676314823772432,0.0,>0.5%,"(-inf,161]",0
2948,201,0,0,True,0.1920454104710025,0.0,"(0.1%,0.5%]","(161,275]",0
2949,421,7,7,True,0.7793440947367443,0.0,>0.5%,"(386,inf]",7
2950,161,6,0,False,0.48473906078814866,0.48473906078814866,"(0.1%,0.5%]","(-inf,161]",0
2951,181,6,0,False,0.4152598838232016,0.4152598838232016,"(0.1%,0.5%]","(161,275]",0
2952,116,0,0,True,0.21821740891213343,0.0,"(0.1%,0.5%]","(-inf,161]",0
2953,426,0,0,True,0.8191727694016586,0.0,>0.5%,"(386,inf]",7
2954,311,0,0,True,0.5284129800320089,0.0,>0.5%,"(275,386]",0
2955,420,0,0,True,0.7470431822212443,0.0,>0.5%,"(386,inf]",7
2956,297,0,0,True,0.10351063821636404,0.0,"(0.1%,0.5%]","(275,386]",0
2957,308,2,0,False,0.6859150532969505,1.8369274931785147,>0.5%,"(275,386]",0
2958,279,0,0,True,0.43657669306215224,0.0,"(0.1%,0.5%]","(275,386]",0
2959,327,4,0,False,0.9495362180318659,3.0378786568987786,>0.5%,"(275,386]",0
2960,205,0,0,True,0.6540169896735428,0.0,>0.5%,"(161,275]",0
2961,326,1,0,False,0.05221395018925483,1.033926145524928,"(0.01%,0.1%]","(275,386]",0
2962,86,0,3,False,0.00742093726437649,0.14453714393016728,"(0,0.01%]","(-inf,161]",0
2963,155,4,0,False,0.4141859845078924,0.4141859845078924,"(0.1%,0.5%]","(-inf,161]",0
2964,265,0,0,True,0.45267371777301973,0.0,"(0.1%,0.5%]","(161,275]",0
2965,137,4,0,False,0.14420533156954765,0.14420533156954765,"(0.1%,0.5%]","(-inf,161]",0
2966,128,0,0,True,0.3875658794729819,0.0,"(0.1%,0.5%]","(-inf,161]",0
2967,107,0,0,True,0.09281888799951628,0.0,"(0.01%,0.1%]","(-inf,161]",0
2968,356,6,0,False,0.7606897104151722,2.7485102784455053,>0.5%,"(275,386]",0
2969,409,4,0,False,0.6063311805137191,0.6162723249177805,>0.5%,"(386,inf]",7
2970,266,2,7,False,0.4904988132469875,0.4904988132469875,"(0.1%,0.5%]","(161,275]",0
2971,265,2,7,False,1.3930502571173655,2.1956901912980236,>0.5%,"(161,275]",0
2972,128,0,0,True,0.11157070675083328,0.0,"(0.1%,0.5%]","(-inf,161]",0
2973,278,7,7,True,0.7399028550511161,0.0,>0.5%,"(275,386]",0
2974,264,6,0,False,0.6404944914220213,0.6958978921538955,>0.5%,"(161,275]",0
2975,108,0,0,True,0.021440472929512556,0.0,"(0.01%,0.1%]","(-inf,161]",0
2976,489,0,0,True,0.013843184631432583,0.0,"(0.01%,0.1%]","(386,inf]",7
2977,414,4,0,False,0.7930394727848943,0.7930394727848943,>0.5%,"(386,inf]",7
2978,357,7,6,False,0.08046617660862364,1.5198342516573033,"(0.01%,0.1%]","(275,386]",0
2979,346,4,7,False,0.2683735848929667,0.2828616793909179,"(0.1%,0.5%]","(275,386]",0
2980,116,4,0,False,0.06315148296872078,0.06315148296872078,"(0.01%,0.1%]","(-inf,161]",0
2981,379,0,0,True,0.10103368752182999,0.0,"(0.1%,0.5%]","(275,386]",0
2982,226,2,0,False,0.9070117396456224,7.0417070773235,>0.5%,"(161,275]",0
2983,400,2,7,False,0.5441223333418874,0.5441223333418874,>0.5%,"(386,inf]",7
2984,239,1,0,False,0.03983395060816872,2.563016866876859,"(0.01%,0.1%]","(161,275]",0
2985,406,7,0,False,0.05220152922753963,3.112172555811926,"(0.01%,0.1%]","(386,inf]",7
2986,180,0,0,True,0.09345828478061466,0.0,"(0.01%,0.1%]","(161,275]",0
2987,388,7,7,True,0.5973543418911461,0.0,>0.5%,"(386,inf]",7
2988,114,3,0,False,0.20867694378282653,0.20867694378282653,"(0.1%,0.5%]","(-inf,161]",0
2989,271,2,2,True,0.13610691472310676,0.0,"(0.1%,0.5%]","(161,275]",0
2990,63,2,3,False,0.29408896096874465,0.5899180425350993,"(0.1%,0.5%]","(-inf,161]",0
2991,192,0,0,True,0.29676254195613105,0.0,"(0.1%,0.5%]","(161,275]",0
2992,259,0,0,True,0.9794870214107348,0.0,>0.5%,"(161,275]",0
2993,386,0,0,True,0.2871903401408533,0.0,"(0.1%,0.5%]","(275,386]",0
2994,457,7,7,True,0.7949768157490579,0.0,>0.5%,"(386,inf]",7
2995,364,6,7,False,0.022834267697594064,1.5196589144642914,"(0.01%,0.1%]","(275,386]",0
2996,193,0,0,True,0.11342339814623817,0.0,"(0.1%,0.5%]","(161,275]",0
2997,456,7,7,True,0.1833455555471602,0.0,"(0.1%,0.5%]","(386,inf]",7
2998,127,0,0,True,0.09808703663916164,0.0,"(0.01%,0.1%]","(-inf,161]",0
2999,104,4,0,False,0.20731119483183105,2.1632080663199194,"(0.1%,0.5%]","(-inf,161]",0
3000,232,0,0,True,0.18935188840384845,0.0,"(0.1%,0.5%]","(161,275]",0
3001,478,0,0,True,0.621855508539507,0.0,>0.5%,"(386,inf]",7
3002,321,4,0,False,0.12997215273609566,0.12997215273609566,"(0.1%,0.5%]","(275,386]",0
3003,370,7,0,False,0.801381458136568,3.6417833787430585,>0.5%,"(275,386]",0
3004,53,1,3,False,0.16340517769231488,0.16340517769231488,"(0.1%,0.5%]","(-inf,161]",0
3005,109,6,0,False,0.0795763159441318,1.5829846458435077,"(0.01%,0.1%]","(-inf,161]",0
3006,443,7,0,False,0.4760992992493089,0.4760992992493089,"(0.1%,0.5%]","(386,inf]",7
3007,104,3,0,False,0.025150169810409552,0.025150169810409552,"(0.01%,0.1%]","(-inf,161]",0
3008,358,0,0,True,1.023317711090447,0.0,>0.5%,"(275,386]",0
3009,420,0,7,False,0.8928904574773266,1.9545921011028948,>0.5%,"(386,inf]",7
3010,481,7,7,True,0.3610948087127992,0.0,"(0.1%,0.5%]","(386,inf]",7
3011,347,0,0,True,0.8310140189353279,0.0,>0.5%,"(275,386]",0
3012,290,2,7,False,0.8079106099285532,1.7256719571026373,>0.5%,"(275,386]",0
3013,447,7,0,False,0.22360149679830182,0.8759862671801647,"(0.1%,0.5%]","(386,inf]",7
3014,252,4,0,False,0.23851219514415298,0.8131609505800818,"(0.1%,0.5%]","(161,275]",0
3015,56,1,3,False,1.0531840582869306e-07,0.2800110079421604,"(0,0.01%]","(-inf,161]",0
3016,414,0,7,False,0.11464269207835356,0.11464269207835356,"(0.1%,0.5%]","(386,inf]",7
3017,52,0,3,False,0.0,0.5374080929940487,=0,"(-inf,161]",0
3018,239,2,0,False,0.005767145891829076,0.246445844488176,"(0,0.01%]","(161,275]",0
3019,57,3,3,True,5.3188947329847656e-06,0.0,"(0,0.01%]","(-inf,161]",0
3020,87,2,3,False,0.6915896838850779,0.6915896838850779,>0.5%,"(-inf,161]",0
3021,119,0,0,True,0.1582020511797415,0.0,"(0.1%,0.5%]","(-inf,161]",0
3022,497,7,7,True,2.073111540068914,0.0,>0.5%,"(386,inf]",7
3023,490,7,7,True,0.614500670711785,0.0,>0.5%,"(386,inf]",7
3024,270,7,0,False,0.38112546483044846,0.38112546483044846,"(0.1%,0.5%]","(161,275]",0
3025,210,0,0,True,0.963146060772292,0.0,>0.5%,"(161,275]",0
3026,428,1,7,False,0.7385529202003195,1.2509641310701953,>0.5%,"(386,inf]",7
3027,444,7,7,True,0.9389453766535297,0.0,>0.5%,"(386,inf]",7
3028,342,2,0,False,0.0077788848661056505,1.2257761591387841,"(0,0.01%]","(275,386]",0
3029,305,7,0,False,0.66824448115057,0.66824448115057,>0.5%,"(275,386]",0
3030,241,4,0,False,0.43774381875612495,0.4788708150715565,"(0.1%,0.5%]","(161,275]",0
3031,274,4,2,False,0.46238148966772147,1.821329674956691,"(0.1%,0.5%]","(161,275]",0
3032,339,7,0,False,0.7088541511988271,1.332262909548546,>0.5%,"(275,386]",0
3033,312,2,0,False,0.0664319797509817,0.0664319797509817,"(0.01%,0.1%]","(275,386]",0
3034,59,3,3,True,5.955191957242437e-06,0.0,"(0,0.01%]","(-inf,161]",0
3035,413,1,7,False,0.38397042727569886,0.38397042727569886,"(0.1%,0.5%]","(386,inf]",7
3036,347,0,6,False,0.012108956751082279,0.7231898275569184,"(0.01%,0.1%]","(275,386]",0
3037,154,2,3,False,0.5902114901329447,0.8340183276063001,>0.5%,"(-inf,161]",0
3038,118,2,3,False,0.4630385396627659,0.7619777287622819,"(0.1%,0.5%]","(-inf,161]",0
3039,337,6,7,False,0.5996449001789202,0.5996449001789202,>0.5%,"(275,386]",0
3040,198,0,0,True,1.2490653600394799,0.0,>0.5%,"(161,275]",0
3041,342,7,0,False,0.767419500400199,0.767419500400199,>0.5%,"(275,386]",0
3042,443,4,0,False,0.7608557295795881,0.7608557295795881,>0.5%,"(386,inf]",7
3043,86,3,3,True,0.05826207099214645,0.0,"(0.01%,0.1%]","(-inf,161]",0
3044,190,4,0,False,0.03975119177226324,0.03975119177226324,"(0.01%,0.1%]","(161,275]",0
3045,83,3,3,True,0.5466104558520807,0.0,>0.5%,"(-inf,161]",0
3046,359,7,0,False,0.5375257079644302,0.657785112538312,>0.5%,"(275,386]",0
3047,140,4,0,False,0.06342551203617357,0.06342551203617357,"(0.01%,0.1%]","(-inf,161]",0
3048,395,7,0,False,1.062163392855452,1.1496577908977132,>0.5%,"(386,inf]",7
3049,236,0,0,True,0.2726896167926318,0.0,"(0.1%,0.5%]","(161,275]",0
3050,179,0,6,False,0.23448270328435056,0.23448270328435056,"(0.1%,0.5%]","(161,275]",0
3051,275,0,0,True,0.2350776413492216,0.0,"(0.1%,0.5%]","(161,275]",0
3052,468,6,0,False,0.8934544329010339,0.8934544329010339,>0.5%,"(386,inf]",7
3053,156,4,0,False,0.15454143750130098,0.15454143750130098,"(0.1%,0.5%]","(-inf,161]",0
3054,376,0,0,True,1.24420558160892,0.0,>0.5%,"(275,386]",0
3055,305,2,7,False,0.23994552567723793,0.23994552567723793,"(0.1%,0.5%]","(275,386]",0
3056,288,0,0,True,0.39998133471436054,0.0,"(0.1%,0.5%]","(275,386]",0
3057,454,1,7,False,1.1541557341499828,1.1541557341499828,>0.5%,"(386,inf]",7
3058,192,0,0,True,0.46779430732607874,0.0,"(0.1%,0.5%]","(161,275]",0
3059,411,1,7,False,0.03915768572622486,0.8024281976294252,"(0.01%,0.1%]","(386,inf]",7
3060,225,4,0,False,0.3511530353899266,0.3511530353899266,"(0.1%,0.5%]","(161,275]",0
3061,97,2,3,False,0.02054521331809947,0.02054521331809947,"(0.01%,0.1%]","(-inf,161]",0
3062,197,0,0,True,0.17654449827412674,0.0,"(0.1%,0.5%]","(161,275]",0
3063,451,2,0,False,0.1585647724393367,0.1585647724393367,"(0.1%,0.5%]","(386,inf]",7
3064,84,0,3,False,0.05024370357611472,0.05024370357611472,"(0.01%,0.1%]","(-inf,161]",0
3065,206,6,0,False,0.2020895393380323,0.5999661260238046,"(0.1%,0.5%]","(161,275]",0
3066,255,0,0,True,2.408167134162356,0.0,>0.5%,"(161,275]",0
3067,54,3,3,True,0.05300551056814845,0.0,"(0.01%,0.1%]","(-inf,161]",0
3068,138,1,0,False,0.20130140375264077,0.6982562527023543,"(0.1%,0.5%]","(-inf,161]",0
3069,495,7,7,True,0.12027260500470387,0.0,"(0.1%,0.5%]","(386,inf]",7
3070,243,4,0,False,0.06611870412562044,0.06611870412562044,"(0.01%,0.1%]","(161,275]",0
3071,169,4,0,False,0.13838135178463506,0.13838135178463506,"(0.1%,0.5%]","(161,275]",0
3072,182,0,0,True,0.3823299341530488,0.0,"(0.1%,0.5%]","(161,275]",0
3073,302,2,0,False,0.6191133145073497,0.7379068072744313,>0.5%,"(275,386]",0
3074,157,0,0,True,0.4898297106008405,0.0,"(0.1%,0.5%]","(-inf,161]",0
3075,118,4,0,False,0.08800872539748181,0.4537573764713236,"(0.01%,0.1%]","(-inf,161]",0
3076,132,4,0,False,0.139106673951623,0.5194686538762453,"(0.1%,0.5%]","(-inf,161]",0
3077,394,1,0,False,0.15098895569795798,0.7737906377027869,"(0.1%,0.5%]","(386,inf]",7
3078,310,4,0,False,0.04848744572774796,0.04848744572774796,"(0.01%,0.1%]","(275,386]",0
3079,108,1,0,False,0.05315493466695528,3.9978381073976594,"(0.01%,0.1%]","(-inf,161]",0
3080,143,7,0,False,0.6153014278537472,2.7686284126771965,>0.5%,"(-inf,161]",0
3081,473,2,7,False,0.3399858912329035,0.3399858912329035,"(0.1%,0.5%]","(386,inf]",7
3082,253,0,0,True,1.099775639045533,0.0,>0.5%,"(161,275]",0
3083,109,1,3,False,0.37967043104627357,0.37967043104627357,"(0.1%,0.5%]","(-inf,161]",0
3084,208,0,0,True,0.43435754823751144,0.0,"(0.1%,0.5%]","(161,275]",0
3085,469,4,0,False,0.18117864480342652,2.8189025753267734,"(0.1%,0.5%]","(386,inf]",7
3086,94,3,3,True,0.6301810602912725,0.0,>0.5%,"(-inf,161]",0
3087,79,0,3,False,0.27207984765772325,0.497681316567939,"(0.1%,0.5%]","(-inf,161]",0
3088,85,3,3,True,0.13133719130535337,0.0,"(0.1%,0.5%]","(-inf,161]",0
3089,215,6,0,False,0.20736568593095042,0.4931047240211558,"(0.1%,0.5%]","(161,275]",0
3090,167,4,0,False,0.16981457786862406,0.3887951516166034,"(0.1%,0.5%]","(161,275]",0
3091,201,0,2,False,0.4050239528373122,0.4050239528373122,"(0.1%,0.5%]","(161,275]",0
3092,347,4,0,False,0.06657771194844883,0.06657771194844883,"(0.01%,0.1%]","(275,386]",0
3093,230,2,7,False,1.000935009876883,1.000935009876883,>0.5%,"(161,275]",0
3094,464,4,0,False,0.25706070683691706,0.25706070683691706,"(0.1%,0.5%]","(386,inf]",7
3095,237,4,0,False,0.74870245431991,0.9874191903049396,>0.5%,"(161,275]",0
3096,136,3,0,False,0.1925856074893772,0.1925856074893772,"(0.1%,0.5%]","(-inf,161]",0
3097,120,2,0,False,0.01406347304812245,0.01406347304812245,"(0.01%,0.1%]","(-inf,161]",0
3098,451,0,0,True,0.9582620858082737,0.0,>0.5%,"(386,inf]",7
3099,167,0,0,True,0.3271961580190412,0.0,"(0.1%,0.5%]","(161,275]",0
3100,317,7,7,True,0.12158646929686424,0.0,"(0.1%,0.5%]","(275,386]",0
3101,218,7,2,False,0.30979684621905157,0.30979684621905157,"(0.1%,0.5%]","(161,275]",0
3102,467,0,7,False,0.7771774818364451,0.8591399632609054,>0.5%,"(386,inf]",7
3103,399,7,0,False,1.7891056581948668,5.933580691500106,>0.5%,"(386,inf]",7
3104,233,4,0,False,0.40251816142205427,0.8281831417325756,"(0.1%,0.5%]","(161,275]",0
3105,390,7,7,True,0.7741823901135011,0.0,>0.5%,"(386,inf]",7
3106,415,0,0,True,0.3505875138387923,0.0,"(0.1%,0.5%]","(386,inf]",7
3107,459,6,0,False,0.29117179100579255,1.102693593736311,"(0.1%,0.5%]","(386,inf]",7
3108,113,2,3,False,0.016525306338288557,0.016525306338288557,"(0.01%,0.1%]","(-inf,161]",0
3109,422,0,0,True,0.14048686754537973,0.0,"(0.1%,0.5%]","(386,inf]",7
3110,105,4,3,False,0.010233275844970151,0.2417274113286809,"(0.01%,0.1%]","(-inf,161]",0
3111,490,7,7,True,0.8056484354533667,0.0,>0.5%,"(386,inf]",7
3112,212,6,7,False,0.18461441151441066,0.18461441151441066,"(0.1%,0.5%]","(161,275]",0
3113,408,2,7,False,0.13078214908463962,0.6814120450974204,"(0.1%,0.5%]","(386,inf]",7
3114,291,0,0,True,0.351738934860436,0.0,"(0.1%,0.5%]","(275,386]",0
3115,363,1,7,False,0.27923383846862565,0.27923383846862565,"(0.1%,0.5%]","(275,386]",0
3116,422,0,0,True,0.31389486206080885,0.0,"(0.1%,0.5%]","(386,inf]",7
3117,366,4,0,False,0.8908670255734975,0.8908670255734975,>0.5%,"(275,386]",0
3118,265,2,2,True,0.00015463449520572545,0.0,"(0,0.01%]","(161,275]",0
3119,70,3,3,True,0.0,0.0,=0,"(-inf,161]",0
3120,244,2,0,False,0.0937408923837099,0.0937408923837099,"(0.01%,0.1%]","(161,275]",0
3121,131,4,0,False,0.5069641161862871,5.518896269186853,>0.5%,"(-inf,161]",0
3122,260,0,0,True,1.541605257473338,0.0,>0.5%,"(161,275]",0
3123,425,2,2,True,0.6038450809888741,0.0,>0.5%,"(386,inf]",7
3124,94,0,3,False,0.19887573207527143,0.7488312482105303,"(0.1%,0.5%]","(-inf,161]",0
3125,107,3,3,True,0.40357455426160993,0.0,"(0.1%,0.5%]","(-inf,161]",0
3126,496,4,0,False,0.36852180121355016,0.36852180121355016,"(0.1%,0.5%]","(386,inf]",7
3127,280,0,0,True,0.20643631082788663,0.0,"(0.1%,0.5%]","(275,386]",0
3128,402,4,0,False,0.2912575023364891,1.4628994569189882,"(0.1%,0.5%]","(386,inf]",7
3129,449,6,7,False,0.06381880702413044,0.4206853343314103,"(0.01%,0.1%]","(386,inf]",7
3130,50,4,3,False,0.12662238138480356,0.12662238138480356,"(0.1%,0.5%]","(-inf,161]",0
3131,63,0,3,False,3.741952976116479e-06,9.804631923822717e-06,"(0,0.01%]","(-inf,161]",0
3132,69,1,3,False,0.06109083286560257,0.2544106261250833,"(0.01%,0.1%]","(-inf,161]",0
3133,209,2,7,False,0.12977654038201933,0.5164187039649267,"(0.1%,0.5%]","(161,275]",0
3134,257,2,2,True,0.10881648954488018,0.0,"(0.1%,0.5%]","(161,275]",0
3135,120,0,0,True,0.0954957096694303,0.0,"(0.01%,0.1%]","(-inf,161]",0
3136,159,3,0,False,0.11269243874213025,0.460668058196722,"(0.1%,0.5%]","(-inf,161]",0
3137,198,0,0,True,0.9698095167408503,0.0,>0.5%,"(161,275]",0
3138,333,7,0,False,0.0730253743402373,0.5281874339555616,"(0.01%,0.1%]","(275,386]",0
3139,478,6,7,False,0.763284076361098,0.7655226030293525,>0.5%,"(386,inf]",7
3140,140,7,0,False,0.008312574104593396,1.0652948171436663,"(0,0.01%]","(-inf,161]",0
3141,78,6,3,False,0.20291222768004813,0.8847036752295481,"(0.1%,0.5%]","(-inf,161]",0
3142,407,7,0,False,0.08501919643042648,0.31651114118473084,"(0.01%,0.1%]","(386,inf]",7
3143,168,4,0,False,0.39940045857953765,1.4596908072788797,"(0.1%,0.5%]","(161,275]",0
3144,150,0,0,True,1.1016043221615206,0.0,>0.5%,"(-inf,161]",0
3145,262,0,0,True,0.6511509700928653,0.0,>0.5%,"(161,275]",0
3146,162,5,2,False,0.16000369030612666,0.16000369030612666,"(0.1%,0.5%]","(161,275]",0
3147,253,4,0,False,0.6612869765298487,0.9390298886682749,>0.5%,"(161,275]",0
3148,340,2,0,False,0.3450613235740244,1.0050154207338424,"(0.1%,0.5%]","(275,386]",0
3149,192,7,7,True,0.5831845071193035,0.0,>0.5%,"(161,275]",0
3150,486,4,0,False,0.3596091187002798,0.3596091187002798,"(0.1%,0.5%]","(386,inf]",7
3151,462,1,0,False,0.035125003551404674,0.5438541475226429,"(0.01%,0.1%]","(386,inf]",7
3152,213,2,0,False,0.23011309807395838,1.1199557896732075,"(0.1%,0.5%]","(161,275]",0
3153,286,7,7,True,0.755635136771594,0.0,>0.5%,"(275,386]",0
3154,414,7,0,False,0.3025544482515493,0.3025544482515493,"(0.1%,0.5%]","(386,inf]",7
3155,457,7,0,False,0.7059988613052858,0.7365260211032071,>0.5%,"(386,inf]",7
3156,199,4,0,False,0.15891315588404137,0.15891315588404137,"(0.1%,0.5%]","(161,275]",0
3157,244,6,7,False,1.5167819130286402,1.6047217589320901,>0.5%,"(161,275]",0
3158,314,0,0,True,0.8792272009170028,0.0,>0.5%,"(275,386]",0
3159,66,3,3,True,0.05441820736781197,0.0,"(0.01%,0.1%]","(-inf,161]",0
3160,493,4,0,False,0.19169166368866528,1.6293585406778326,"(0.1%,0.5%]","(386,inf]",7
3161,338,0,0,True,0.07477340512617406,0.0,"(0.01%,0.1%]","(275,386]",0
3162,249,0,0,True,0.6869656568576721,0.0,>0.5%,"(161,275]",0
3163,82,1,3,False,0.06327475519849611,0.06327475519849611,"(0.01%,0.1%]","(-inf,161]",0
3164,232,4,0,False,0.26203474688983086,0.26203474688983086,"(0.1%,0.5%]","(161,275]",0
3165,282,6,7,False,0.3881723989681151,0.3881723989681151,"(0.1%,0.5%]","(275,386]",0
3166,125,3,0,False,0.4556805245329109,2.228450775062922,"(0.1%,0.5%]","(-inf,161]",0
3167,470,0,0,True,0.5624658819116817,0.0,>0.5%,"(386,inf]",7
3168,170,6,0,False,0.5988373031406786,0.5988373031406786,>0.5%,"(161,275]",0
3169,334,2,0,False,0.5770857690299559,0.9263889115511517,>0.5%,"(275,386]",0
3170,315,0,0,True,0.05152070096689522,0.0,"(0.01%,0.1%]","(275,386]",0
3171,388,4,0,False,0.07059495243237213,0.9540828296914633,"(0.01%,0.1%]","(386,inf]",7
3172,87,3,3,True,0.0,0.0,=0,"(-inf,161]",0
3173,237,1,7,False,0.274072010102424,0.5762056842855448,"(0.1%,0.5%]","(161,275]",0
3174,118,2,0,False,0.2123471416487691,2.9045349422439597,"(0.1%,0.5%]","(-inf,161]",0
3175,94,2,3,False,0.24293892951201893,0.24293892951201893,"(0.1%,0.5%]","(-inf,161]",0
3176,113,6,3,False,0.08662034820019886,0.08662034820019886,"(0.01%,0.1%]","(-inf,161]",0
3177,251,4,0,False,1.4297363753827144,2.5529271482332265,>0.5%,"(161,275]",0
3178,397,1,7,False,0.09266404931955803,1.1615181243779693,"(0.01%,0.1%]","(386,inf]",7
3179,160,3,2,False,0.2843056445421283,0.2843056445421283,"(0.1%,0.5%]","(-inf,161]",0
3180,351,6,0,False,0.6565053920353014,1.7010258050327938,>0.5%,"(275,386]",0
3181,424,7,7,True,0.6193200810588454,0.0,>0.5%,"(386,inf]",7
3182,191,0,0,True,0.48348949622921333,0.0,"(0.1%,0.5%]","(161,275]",0
3183,234,2,2,True,0.08982271507428154,0.0,"(0.01%,0.1%]","(161,275]",0
3184,390,6,0,False,0.1175931969767018,0.1175931969767018,"(0.1%,0.5%]","(386,inf]",7
3185,98,2,3,False,0.08144194740410036,0.08144194740410036,"(0.01%,0.1%]","(-inf,161]",0
3186,288,6,0,False,0.18663233310054514,0.4747245294799134,"(0.1%,0.5%]","(275,386]",0
3187,448,4,7,False,0.8583396238182701,2.3408685894415506,>0.5%,"(386,inf]",7
3188,233,4,0,False,0.8969463312272237,0.8969463312272237,>0.5%,"(161,275]",0
3189,72,7,3,False,0.036257153305611106,0.036257153305611106,"(0.01%,0.1%]","(-inf,161]",0
3190,439,4,0,False,0.6999109930668663,1.0780830688825083,>0.5%,"(386,inf]",7
3191,59,4,3,False,0.009052267073068644,0.009052267073068644,"(0,0.01%]","(-inf,161]",0
3192,427,4,0,False,0.36206939101829577,1.5218256109783361,"(0.1%,0.5%]","(386,inf]",7
3193,64,3,3,True,0.20307547834718817,0.0,"(0.1%,0.5%]","(-inf,161]",0
3194,388,7,0,False,0.38565123660047324,0.38565123660047324,"(0.1%,0.5%]","(386,inf]",7
3195,167,0,2,False,2.002080721402313,3.7682356810527633,>0.5%,"(161,275]",0
3196,195,2,0,False,0.942736867163613,0.942736867163613,>0.5%,"(161,275]",0
3197,213,0,0,True,1.48076411519283,0.0,>0.5%,"(161,275]",0
3198,178,4,0,False,0.31899397834569815,0.31899397834569815,"(0.1%,0.5%]","(161,275]",0
3199,363,4,0,False,0.1111891775406388,0.39705051555406184,"(0.1%,0.5%]","(275,386]",0
3200,170,0,0,True,0.20475048250058298,0.0,"(0.1%,0.5%]","(161,275]",0
3201,444,7,7,True,1.8188994209796787,0.0,>0.5%,"(386,inf]",7
3202,497,4,7,False,0.31156699541412974,0.7052904233550572,"(0.1%,0.5%]","(386,inf]",7
3203,207,3,0,False,0.7505691316060619,3.6376127999874575,>0.5%,"(161,275]",0
3204,213,0,0,True,0.09984108441591659,0.0,"(0.01%,0.1%]","(161,275]",0
3205,235,4,0,False,0.03967139647960128,0.16624299137804652,"(0.01%,0.1%]","(161,275]",0
3206,248,4,0,False,0.9170646950923339,0.9170646950923339,>0.5%,"(161,275]",0
3207,490,0,0,True,0.3876186306842094,0.0,"(0.1%,0.5%]","(386,inf]",7
3208,378,0,0,True,1.4666755484139058,0.0,>0.5%,"(275,386]",0
3209,482,4,0,False,0.20253376233788423,0.6202922706534,"(0.1%,0.5%]","(386,inf]",7
3210,464,0,0,True,0.6985639592978217,0.0,>0.5%,"(386,inf]",7
3211,283,2,6,False,0.13065071431382114,0.13065071431382114,"(0.1%,0.5%]","(275,386]",0
3212,379,0,0,True,0.11330957092270019,0.0,"(0.1%,0.5%]","(275,386]",0
3213,344,7,7,True,1.0783831150209344,0.0,>0.5%,"(275,386]",0
3214,226,7,0,False,0.5238776130624674,0.5238776130624674,>0.5%,"(161,275]",0
3215,216,0,0,True,0.26788533492900213,0.0,"(0.1%,0.5%]","(161,275]",0
3216,426,4,0,False,0.9253081744637179,0.9253081744637179,>0.5%,"(386,inf]",7
3217,177,3,0,False,0.4704925258519491,0.8086677205151431,"(0.1%,0.5%]","(161,275]",0
3218,102,3,3,True,0.0733623433677688,0.0,"(0.01%,0.1%]","(-inf,161]",0
3219,118,7,0,False,0.14297644249638605,0.15875683045429584,"(0.1%,0.5%]","(-inf,161]",0
3220,309,2,7,False,0.02451694827441282,0.02451694827441282,"(0.01%,0.1%]","(275,386]",0
3221,280,0,0,True,1.0227569804423817,0.0,>0.5%,"(275,386]",0
3222,198,7,0,False,0.09167149251311217,1.1508936054323688,"(0.01%,0.1%]","(161,275]",0
3223,396,0,0,True,0.23515397018641784,0.0,"(0.1%,0.5%]","(386,inf]",7
3224,338,2,0,False,0.5878879278102923,0.5878879278102923,>0.5%,"(275,386]",0
3225,267,0,0,True,0.7900375675488281,0.0,>0.5%,"(161,275]",0
3226,248,0,0,True,0.8229613113377401,0.0,>0.5%,"(161,275]",0
3227,394,4,7,False,0.18049223839018666,3.277613048318055,"(0.1%,0.5%]","(386,inf]",7
3228,429,2,7,False,0.3201586138760364,3.1865760292585166,"(0.1%,0.5%]","(386,inf]",7
3229,317,2,0,False,0.12768753650170972,3.740115592184759,"(0.1%,0.5%]","(275,386]",0
3230,231,6,2,False,0.2161314296884505,0.2161314296884505,"(0.1%,0.5%]","(161,275]",0
3231,401,2,0,False,0.11337291627700477,0.28307931777687845,"(0.1%,0.5%]","(386,inf]",7
3232,234,2,0,False,1.376872131601795,1.376872131601795,>0.5%,"(161,275]",0
3233,271,7,7,True,0.6339450038038015,0.0,>0.5%,"(161,275]",0
3234,102,3,3,True,0.030812090277710133,0.0,"(0.01%,0.1%]","(-inf,161]",0
3235,435,2,0,False,0.5745150194773266,1.1919652718343534,>0.5%,"(386,inf]",7
3236,102,5,3,False,0.1949044782479179,0.21388800250907078,"(0.1%,0.5%]","(-inf,161]",0
3237,53,1,3,False,1.0304924116606165e-06,0.2672298785082546,"(0,0.01%]","(-inf,161]",0
3238,490,0,0,True,1.5174140957305433,0.0,>0.5%,"(386,inf]",7
3239,141,4,0,False,0.33063042631761363,0.4680293882301593,"(0.1%,0.5%]","(-inf,161]",0
3240,95,3,3,True,0.35503655970076925,0.0,"(0.1%,0.5%]","(-inf,161]",0
3241,254,0,0,True,0.7298956092292485,0.0,>0.5%,"(161,275]",0
3242,112,7,0,False,0.24059912746834713,2.0376603470554984,"(0.1%,0.5%]","(-inf,161]",0
3243,286,0,0,True,0.1426335904405139,0.0,"(0.1%,0.5%]","(275,386]",0
3244,168,4,0,False,0.22253843431535625,0.22253843431535625,"(0.1%,0.5%]","(161,275]",0
3245,296,6,2,False,0.5136716478629887,0.6772554046429693,>0.5%,"(275,386]",0
3246,205,0,0,True,1.0278487637860996,0.0,>0.5%,"(161,275]",0
3247,304,0,0,True,2.0449388732285847,0.0,>0.5%,"(275,386]",0
3248,372,2,0,False,0.1389695241548681,1.3899533202903933,"(0.1%,0.5%]","(275,386]",0
3249,58,3,3,True,8.268806677934074e-06,0.0,"(0,0.01%]","(-inf,161]",0
3250,470,2,7,False,0.9229714851308629,0.9229714851308629,>0.5%,"(386,inf]",7
3251,176,7,0,False,0.036302681773993734,0.05157787000495821,"(0.01%,0.1%]","(161,275]",0
3252,364,2,7,False,0.23814559000102709,1.746786632680331,"(0.1%,0.5%]","(275,386]",0
3253,466,7,7,True,0.33693562777525465,0.0,"(0.1%,0.5%]","(386,inf]",7
3254,164,2,2,True,0.4637555034537903,0.0,"(0.1%,0.5%]","(161,275]",0
3255,86,0,3,False,0.09363049970778571,0.1442922088398462,"(0.01%,0.1%]","(-inf,161]",0
3256,99,3,3,True,0.018070786616340907,0.0,"(0.01%,0.1%]","(-inf,161]",0
3257,276,4,0,False,0.9131380727048314,1.486201159601534,>0.5%,"(275,386]",0
3258,480,0,0,True,0.18086459810248676,0.0,"(0.1%,0.5%]","(386,inf]",7
3259,112,7,0,False,0.29395549942672916,1.5786132817453236,"(0.1%,0.5%]","(-inf,161]",0
3260,342,2,7,False,0.35175824147036355,1.2019762776179035,"(0.1%,0.5%]","(275,386]",0
3261,378,7,0,False,0.5523908317764352,1.4593113176770371,>0.5%,"(275,386]",0
3262,367,4,7,False,2.0033440383280237,2.5599723889656096,>0.5%,"(275,386]",0
3263,372,0,0,True,0.6802896787276781,0.0,>0.5%,"(275,386]",0
3264,209,7,0,False,0.0749677810902074,0.3356235920018559,"(0.01%,0.1%]","(161,275]",0
3265,180,0,0,True,0.5087583758398472,0.0,>0.5%,"(161,275]",0
3266,342,0,0,True,1.2151555951379958,0.0,>0.5%,"(275,386]",0
3267,483,2,7,False,0.9410005220822264,1.5679401209038113,>0.5%,"(386,inf]",7
3268,420,7,0,False,0.7706627311672546,1.089547397599228,>0.5%,"(386,inf]",7
3269,248,7,0,False,0.01288184139769781,0.01288184139769781,"(0.01%,0.1%]","(161,275]",0
3270,112,3,0,False,0.05461195329433716,0.137305656888727,"(0.01%,0.1%]","(-inf,161]",0
3271,388,4,0,False,0.5013037418297173,0.5013037418297173,>0.5%,"(386,inf]",7
3272,103,3,0,False,0.2542550600238243,0.3980700254043,"(0.1%,0.5%]","(-inf,161]",0
3273,359,1,0,False,0.046629181901742624,0.3804527484485211,"(0.01%,0.1%]","(275,386]",0
3274,479,7,0,False,0.18205801972954652,0.18205801972954652,"(0.1%,0.5%]","(386,inf]",7
3275,233,2,7,False,1.0964624957585474,1.4464241786581118,>0.5%,"(161,275]",0
3276,270,4,0,False,0.06843832084131123,0.06843832084131123,"(0.01%,0.1%]","(161,275]",0
3277,388,0,0,True,0.8618132425723253,0.0,>0.5%,"(386,inf]",7
3278,489,0,0,True,0.12123282645968177,0.0,"(0.1%,0.5%]","(386,inf]",7
3279,380,7,7,True,0.2613198568797312,0.0,"(0.1%,0.5%]","(275,386]",0
3280,318,6,7,False,0.20487714678052976,1.8362197317082305,"(0.1%,0.5%]","(275,386]",0
3281,285,2,7,False,0.6377471642924437,0.6377471642924437,>0.5%,"(275,386]",0
3282,472,4,0,False,1.1311989411760068,1.1311989411760068,>0.5%,"(386,inf]",7
3283,232,0,0,True,0.19134941849513332,0.0,"(0.1%,0.5%]","(161,275]",0
3284,85,0,3,False,0.013339995185997024,0.35445139049303775,"(0.01%,0.1%]","(-inf,161]",0
3285,431,7,7,True,1.59059140553742,0.0,>0.5%,"(386,inf]",7
3286,270,7,7,True,0.35503087292244756,0.0,"(0.1%,0.5%]","(161,275]",0
3287,189,0,0,True,0.16904552689916671,0.0,"(0.1%,0.5%]","(161,275]",0
3288,457,4,0,False,0.17411176178561263,2.2467696079145005,"(0.1%,0.5%]","(386,inf]",7
3289,258,1,2,False,0.897087772633124,0.897087772633124,>0.5%,"(161,275]",0
3290,284,1,2,False,0.5896754719529536,0.8347299327615288,>0.5%,"(275,386]",0
3291,322,7,7,True,0.44531507211884913,0.0,"(0.1%,0.5%]","(275,386]",0
3292,300,0,0,True,0.27063196155204433,0.0,"(0.1%,0.5%]","(275,386]",0
3293,493,7,7,True,0.13323969390395896,0.0,"(0.1%,0.5%]","(386,inf]",7
3294,79,3,3,True,0.326237958731582,0.0,"(0.1%,0.5%]","(-inf,161]",0
3295,469,7,0,False,0.8545823378668672,0.8545823378668672,>0.5%,"(386,inf]",7
3296,347,0,0,True,0.8771948021930073,0.0,>0.5%,"(275,386]",0
3297,248,2,0,False,1.3863301342592307,8.593003666074464,>0.5%,"(161,275]",0
3298,418,7,0,False,0.0822955293056939,0.6735851066265783,"(0.01%,0.1%]","(386,inf]",7
3299,422,2,0,False,0.5001673836452564,1.4292643124605418,>0.5%,"(386,inf]",7
3300,81,6,0,False,0.04623533959867649,0.5064459703772207,"(0.01%,0.1%]","(-inf,161]",0
3301,319,0,0,True,0.5568066328557091,0.0,>0.5%,"(275,386]",0
3302,242,6,0,False,0.7286245317128776,1.187584807385728,>0.5%,"(161,275]",0
3303,152,3,3,True,0.19999587056735696,0.0,"(0.1%,0.5%]","(-inf,161]",0
3304,376,2,0,False,0.6931838248013882,0.6931838248013882,>0.5%,"(275,386]",0
3305,281,6,0,False,0.7338711963190981,1.4273961175088208,>0.5%,"(275,386]",0
3306,51,0,3,False,0.0,0.0,=0,"(-inf,161]",0
3307,348,0,0,True,1.0511380606867085,0.0,>0.5%,"(275,386]",0
3308,481,4,0,False,0.08079160551089759,0.08079160551089759,"(0.01%,0.1%]","(386,inf]",7
3309,468,0,0,True,0.2619397142903079,0.0,"(0.1%,0.5%]","(386,inf]",7
3310,446,4,0,False,0.9232421200621198,0.9232421200621198,>0.5%,"(386,inf]",7
3311,259,4,0,False,0.30075521017097084,0.30075521017097084,"(0.1%,0.5%]","(161,275]",0
3312,422,0,0,True,0.066171397787169,0.0,"(0.01%,0.1%]","(386,inf]",7
3313,94,3,3,True,0.33911424499533427,0.0,"(0.1%,0.5%]","(-inf,161]",0
3314,246,4,0,False,0.46033227057455306,0.46033227057455306,"(0.1%,0.5%]","(161,275]",0
3315,435,0,7,False,0.35599481385588494,1.0255454507625605,"(0.1%,0.5%]","(386,inf]",7
3316,94,2,3,False,0.001662727324339108,0.44702126033642825,"(0,0.01%]","(-inf,161]",0
3317,419,0,0,True,0.5128331731850281,0.0,>0.5%,"(386,inf]",7
3318,81,1,3,False,0.030723283340703355,0.4572924375690224,"(0.01%,0.1%]","(-inf,161]",0
3319,379,2,0,False,0.06627509103266396,4.707503965271548,"(0.01%,0.1%]","(275,386]",0
3320,235,2,0,False,0.8847742481129985,3.4253333109782935,>0.5%,"(161,275]",0
3321,127,4,0,False,0.9083526879101566,7.492724103751851,>0.5%,"(-inf,161]",0
3322,67,3,3,True,0.10387455658140503,0.0,"(0.1%,0.5%]","(-inf,161]",0
3323,290,0,0,True,1.119281490122779,0.0,>0.5%,"(275,386]",0
3324,67,3,3,True,0.2405405295889704,0.0,"(0.1%,0.5%]","(-inf,161]",0
3325,213,6,0,False,0.07635529648337208,0.4462182749156325,"(0.01%,0.1%]","(161,275]",0
3326,342,7,7,True,0.17443850106296643,0.0,"(0.1%,0.5%]","(275,386]",0
3327,473,6,7,False,0.0564986375227422,0.8024641520407043,"(0.01%,0.1%]","(386,inf]",7
3328,187,2,2,True,0.9280020128650769,0.0,>0.5%,"(161,275]",0
3329,483,7,7,True,0.2957031505081954,0.0,"(0.1%,0.5%]","(386,inf]",7
3330,406,4,0,False,0.19218563740697617,1.3210997351245222,"(0.1%,0.5%]","(386,inf]",7
3331,130,7,0,False,0.25393026074304975,0.25393026074304975,"(0.1%,0.5%]","(-inf,161]",0
3332,437,7,0,False,0.11000186626467245,0.15840421930368156,"(0.1%,0.5%]","(386,inf]",7
3333,194,2,0,False,0.3412368096540448,0.35506687707364915,"(0.1%,0.5%]","(161,275]",0
3334,486,4,7,False,0.3150454131477815,0.7354180163271873,"(0.1%,0.5%]","(386,inf]",7
3335,160,5,2,False,0.09717328006076634,0.7687103498523076,"(0.01%,0.1%]","(-inf,161]",0
3336,450,7,7,True,0.6416418328316886,0.0,>0.5%,"(386,inf]",7
3337,172,0,0,True,0.29292131060624443,0.0,"(0.1%,0.5%]","(161,275]",0
3338,308,4,0,False,0.3612924271861258,1.8520531020310391,"(0.1%,0.5%]","(275,386]",0
3339,161,4,0,False,0.22893965485528506,0.22893965485528506,"(0.1%,0.5%]","(-inf,161]",0
3340,267,0,0,True,0.03373721370987611,0.0,"(0.01%,0.1%]","(161,275]",0
3341,80,3,3,True,0.660297549017679,0.0,>0.5%,"(-inf,161]",0
3342,357,6,0,False,0.061582280027303864,0.21768104321358708,"(0.01%,0.1%]","(275,386]",0
3343,135,3,0,False,0.34859154736959636,9.36011569482936,"(0.1%,0.5%]","(-inf,161]",0
3344,82,3,3,True,5.7856224058798344e-08,0.0,"(0,0.01%]","(-inf,161]",0
3345,332,0,0,True,0.22838817295389371,0.0,"(0.1%,0.5%]","(275,386]",0
3346,434,2,7,False,0.5148258126130993,0.5148258126130993,>0.5%,"(386,inf]",7
3347,116,6,3,False,0.0025836924731677856,0.43149148902071116,"(0,0.01%]","(-inf,161]",0
3348,399,4,0,False,0.03461878131942851,0.03461878131942851,"(0.01%,0.1%]","(386,inf]",7
3349,258,6,0,False,1.6599736788173292,1.782171786304988,>0.5%,"(161,275]",0
3350,386,0,0,True,0.5060085821190331,0.0,>0.5%,"(275,386]",0
3351,484,7,7,True,0.03776493331994921,0.0,"(0.01%,0.1%]","(386,inf]",7
3352,254,0,0,True,0.6055768000350166,0.0,>0.5%,"(161,275]",0
3353,467,0,7,False,0.9694531607565237,2.1966489302968006,>0.5%,"(386,inf]",7
3354,175,0,0,True,0.2598653341318243,0.0,"(0.1%,0.5%]","(161,275]",0
3355,111,3,0,False,0.29222049319411897,0.3404453898412326,"(0.1%,0.5%]","(-inf,161]",0
3356,252,0,0,True,1.293609162339712,0.0,>0.5%,"(161,275]",0
3357,347,0,0,True,0.475281716372447,0.0,"(0.1%,0.5%]","(275,386]",0
3358,267,4,0,False,0.03944924704984263,0.03944924704984263,"(0.01%,0.1%]","(161,275]",0
3359,108,0,0,True,0.6647346081918928,0.0,>0.5%,"(-inf,161]",0
3360,324,2,0,False,0.3794131840266918,3.214474756619332,"(0.1%,0.5%]","(275,386]",0
3361,172,2,0,False,0.2311972450032992,0.2690615093076678,"(0.1%,0.5%]","(161,275]",0
3362,96,1,3,False,0.04842226608508312,0.34121255603884726,"(0.01%,0.1%]","(-inf,161]",0
3363,324,4,0,False,0.35144730979473626,0.4187084143034629,"(0.1%,0.5%]","(275,386]",0
3364,185,0,0,True,0.6506297518770198,0.0,>0.5%,"(161,275]",0
3365,320,0,0,True,1.2297008193106556,0.0,>0.5%,"(275,386]",0
3366,186,0,0,True,1.09624684845999,0.0,>0.5%,"(161,275]",0
3367,285,2,0,False,0.12230824685194532,0.12230824685194532,"(0.1%,0.5%]","(275,386]",0
3368,449,4,0,False,0.2867851043725417,0.5427440928318727,"(0.1%,0.5%]","(386,inf]",7
3369,121,6,3,False,0.07008495594635743,0.5272933852710259,"(0.01%,0.1%]","(-inf,161]",0
3370,156,4,0,False,0.6492206623252283,0.7267800149972277,>0.5%,"(-inf,161]",0
3371,268,0,0,True,0.2876413702563174,0.0,"(0.1%,0.5%]","(161,275]",0
3372,156,0,0,True,0.4930661557880644,0.0,"(0.1%,0.5%]","(-inf,161]",0
3373,210,4,0,False,0.25688856175298674,0.25688856175298674,"(0.1%,0.5%]","(161,275]",0
3374,143,0,0,True,0.5141347710803048,0.0,>0.5%,"(-inf,161]",0
3375,375,0,7,False,0.32875177233054703,0.7534515290700111,"(0.1%,0.5%]","(275,386]",0
3376,251,2,7,False,0.8191320258042052,0.8191320258042052,>0.5%,"(161,275]",0
3377,489,7,7,True,1.3423046527418998,0.0,>0.5%,"(386,inf]",7
3378,217,6,0,False,0.18853793339680008,0.18853793339680008,"(0.1%,0.5%]","(161,275]",0
3379,169,4,0,False,0.08028738084495195,0.08028738084495195,"(0.01%,0.1%]","(161,275]",0
3380,247,7,7,True,0.2859411547248683,0.0,"(0.1%,0.5%]","(161,275]",0
3381,308,7,7,True,0.5651439165485181,0.0,>0.5%,"(275,386]",0
3382,174,7,0,False,1.1237029206140554,2.3246612067610597,>0.5%,"(161,275]",0
3383,480,1,0,False,0.2759724766206309,1.3442783665753495,"(0.1%,0.5%]","(386,inf]",7
3384,347,1,0,False,0.24565602054682595,0.24565602054682595,"(0.1%,0.5%]","(275,386]",0
3385,329,7,6,False,0.9865802264742032,0.9963693303067481,>0.5%,"(275,386]",0
3386,246,4,0,False,0.2534107618399548,0.2534107618399548,"(0.1%,0.5%]","(161,275]",0
3387,81,2,3,False,0.31194059900075904,0.31194059900075904,"(0.1%,0.5%]","(-inf,161]",0
3388,258,0,0,True,0.7693548663030951,0.0,>0.5%,"(161,275]",0
3389,333,4,0,False,1.1478736049371572,1.1478736049371572,>0.5%,"(275,386]",0
3390,442,7,7,True,1.275266803288444,0.0,>0.5%,"(386,inf]",7
3391,480,2,7,False,0.12044882689678958,0.12044882689678958,"(0.1%,0.5%]","(386,inf]",7
3392,76,3,3,True,4.400234043958012e-06,0.0,"(0,0.01%]","(-inf,161]",0
3393,331,0,0,True,1.79053988639258,0.0,>0.5%,"(275,386]",0
3394,303,0,7,False,0.9753654671759359,4.424122074382701,>0.5%,"(275,386]",0
3395,451,7,7,True,0.2721721855742347,0.0,"(0.1%,0.5%]","(386,inf]",7
3396,207,4,0,False,0.305052162847223,0.305052162847223,"(0.1%,0.5%]","(161,275]",0
3397,189,4,0,False,0.13953537783647024,0.13953537783647024,"(0.1%,0.5%]","(161,275]",0
3398,54,6,3,False,0.08923536500209464,0.095252757530065,"(0.01%,0.1%]","(-inf,161]",0
3399,463,0,0,True,1.5404394897911127,0.0,>0.5%,"(386,inf]",7
3400,463,4,0,False,0.23648103520257613,2.224901889779694,"(0.1%,0.5%]","(386,inf]",7
3401,458,0,0,True,0.5079848392410338,0.0,>0.5%,"(386,inf]",7
3402,317,2,0,False,0.13109665009388036,0.4438939406126759,"(0.1%,0.5%]","(275,386]",0
3403,473,7,7,True,0.9155822519621338,0.0,>0.5%,"(386,inf]",7
3404,117,2,3,False,0.16086639343855513,0.16086639343855513,"(0.1%,0.5%]","(-inf,161]",0
3405,445,1,7,False,0.241899765038041,0.3592052413768455,"(0.1%,0.5%]","(386,inf]",7
3406,322,0,0,True,0.43536189526773184,0.0,"(0.1%,0.5%]","(275,386]",0
3407,403,6,0,False,0.08027409367034213,1.1411165743169165,"(0.01%,0.1%]","(386,inf]",7
3408,293,2,0,False,0.6420558991912829,0.8149091440736849,>0.5%,"(275,386]",0
3409,71,1,3,False,0.0,0.5063657600212613,=0,"(-inf,161]",0
3410,87,3,3,True,0.11091645591601103,0.0,"(0.1%,0.5%]","(-inf,161]",0
3411,203,2,0,False,0.1395044920020104,1.4130854009032854,"(0.1%,0.5%]","(161,275]",0
3412,162,4,0,False,0.17058605758317016,0.17058605758317016,"(0.1%,0.5%]","(161,275]",0
3413,464,7,7,True,0.11817047921870824,0.0,"(0.1%,0.5%]","(386,inf]",7
3414,413,0,0,True,0.4469193573284811,0.0,"(0.1%,0.5%]","(386,inf]",7
3415,454,6,7,False,0.9873648560200099,1.162535142252491,>0.5%,"(386,inf]",7
3416,252,7,0,False,0.20017750893684444,0.26997100884626807,"(0.1%,0.5%]","(161,275]",0
3417,268,4,0,False,0.03515654084560749,0.03515654084560749,"(0.01%,0.1%]","(161,275]",0
3418,296,0,0,True,0.3280985246330707,0.0,"(0.1%,0.5%]","(275,386]",0
3419,76,4,3,False,3.790410848858249e-07,0.736930796806359,"(0,0.01%]","(-inf,161]",0
3420,88,0,3,False,0.10661442593516154,0.10661442593516154,"(0.1%,0.5%]","(-inf,161]",0
3421,411,7,0,False,1.338209455873636,3.691923721281179,>0.5%,"(386,inf]",7
3422,293,7,6,False,0.7662638241419075,0.7662638241419075,>0.5%,"(275,386]",0
3423,94,3,3,True,0.2207094483697715,0.0,"(0.1%,0.5%]","(-inf,161]",0
3424,276,1,0,False,0.684348292909173,1.9068932218589474,>0.5%,"(275,386]",0
3425,277,7,7,True,1.4758845956863331,0.0,>0.5%,"(275,386]",0
3426,95,3,3,True,0.5618805831357899,0.0,>0.5%,"(-inf,161]",0
3427,493,7,7,True,0.9131395960461284,0.0,>0.5%,"(386,inf]",7
3428,249,0,2,False,0.5374622637520613,0.8090563274879978,>0.5%,"(161,275]",0
3429,418,4,0,False,0.25059627904998233,0.25059627904998233,"(0.1%,0.5%]","(386,inf]",7
3430,186,4,0,False,0.09976863229250407,0.09976863229250407,"(0.01%,0.1%]","(161,275]",0
3431,306,4,0,False,0.7899220134464437,0.7899220134464437,>0.5%,"(275,386]",0
3432,152,7,3,False,0.7408675196816513,0.7408675196816513,>0.5%,"(-inf,161]",0
3433,190,0,0,True,0.26660104723361555,0.0,"(0.1%,0.5%]","(161,275]",0
3434,351,7,0,False,0.07374535626055877,0.6563004138520847,"(0.01%,0.1%]","(275,386]",0
3435,425,0,0,True,0.1759387480971652,0.0,"(0.1%,0.5%]","(386,inf]",7
3436,382,0,0,True,0.20685476147847123,0.0,"(0.1%,0.5%]","(275,386]",0
3437,114,4,3,False,0.050115683774562624,0.050115683774562624,"(0.01%,0.1%]","(-inf,161]",0
3438,204,7,7,True,1.0890635908183808,0.0,>0.5%,"(161,275]",0
3439,480,1,7,False,0.25872524039775857,0.4371136974955324,"(0.1%,0.5%]","(386,inf]",7
3440,459,1,7,False,0.025161353603180968,0.025161353603180968,"(0.01%,0.1%]","(386,inf]",7
3441,123,7,3,False,0.3093064437471075,0.39263216511615506,"(0.1%,0.5%]","(-inf,161]",0
3442,449,4,0,False,0.15251503311436804,0.15251503311436804,"(0.1%,0.5%]","(386,inf]",7
3443,168,0,0,True,0.1931008936691894,0.0,"(0.1%,0.5%]","(161,275]",0
3444,400,4,7,False,0.370790430342382,0.6897482832599192,"(0.1%,0.5%]","(386,inf]",7
3445,134,0,0,True,0.15996102128926645,0.0,"(0.1%,0.5%]","(-inf,161]",0
3446,393,6,0,False,0.38698777487688124,0.6754892469852616,"(0.1%,0.5%]","(386,inf]",7
3447,137,0,0,True,0.3821775345299249,0.0,"(0.1%,0.5%]","(-inf,161]",0
3448,296,0,0,True,1.5505033801902526,0.0,>0.5%,"(275,386]",0
3449,117,0,0,True,0.05621531119961888,0.0,"(0.01%,0.1%]","(-inf,161]",0
3450,362,0,0,True,0.13907760849218084,0.0,"(0.1%,0.5%]","(275,386]",0
3451,78,3,3,True,0.7810144017445109,0.0,>0.5%,"(-inf,161]",0
3452,66,3,3,True,0.0,0.0,=0,"(-inf,161]",0
3453,485,2,7,False,0.2742299710191349,0.2742299710191349,"(0.1%,0.5%]","(386,inf]",7
3454,201,6,0,False,0.15886107632910357,0.5278800056631019,"(0.1%,0.5%]","(161,275]",0
3455,371,6,6,True,0.7531895903540877,0.0,>0.5%,"(275,386]",0
3456,369,0,0,True,0.6535970629124427,0.0,>0.5%,"(275,386]",0
3457,204,6,0,False,1.3016235214010026,2.494142905124993,>0.5%,"(161,275]",0
3458,227,0,0,True,0.5743612995835894,0.0,>0.5%,"(161,275]",0
3459,357,2,7,False,0.635269619167451,0.635269619167451,>0.5%,"(275,386]",0
3460,470,4,0,False,0.09481721300568927,0.6044916596775697,"(0.01%,0.1%]","(386,inf]",7
3461,71,3,3,True,0.19656148203287693,0.0,"(0.1%,0.5%]","(-inf,161]",0
3462,485,0,0,True,0.8532012559707498,0.0,>0.5%,"(386,inf]",7
3463,316,0,0,True,0.34573579433936547,0.0,"(0.1%,0.5%]","(275,386]",0
3464,466,6,7,False,0.5017439892963819,0.8897231001222419,>0.5%,"(386,inf]",7
3465,230,7,7,True,0.13735759409277903,0.0,"(0.1%,0.5%]","(161,275]",0
3466,446,6,7,False,0.7620817284807498,0.7620817284807498,>0.5%,"(386,inf]",7
3467,466,7,7,True,0.5499825749473162,0.0,>0.5%,"(386,inf]",7
3468,340,2,0,False,0.5706487540646491,1.8348411344670899,>0.5%,"(275,386]",0
3469,372,0,0,True,0.1332461310966969,0.0,"(0.1%,0.5%]","(275,386]",0
3470,134,3,0,False,0.18329870439776205,0.457065435854743,"(0.1%,0.5%]","(-inf,161]",0
3471,498,0,0,True,0.6980205806855329,0.0,>0.5%,"(386,inf]",7
3472,320,6,2,False,0.06681394428005832,1.2931470118756596,"(0.01%,0.1%]","(275,386]",0
3473,480,7,7,True,0.30134749470165534,0.0,"(0.1%,0.5%]","(386,inf]",7
3474,228,7,0,False,0.1101715972628831,0.9438718595173834,"(0.1%,0.5%]","(161,275]",0
3475,56,4,3,False,1.2123849380531837,1.2371670447249452,>0.5%,"(-inf,161]",0
3476,434,6,7,False,0.6088037184500372,0.6088037184500372,>0.5%,"(386,inf]",7
3477,252,0,0,True,0.20574614589391504,0.0,"(0.1%,0.5%]","(161,275]",0
3478,490,0,0,True,0.013784835345836547,0.0,"(0.01%,0.1%]","(386,inf]",7
3479,347,6,7,False,0.14142357067543782,0.14142357067543782,"(0.1%,0.5%]","(275,386]",0
3480,137,0,0,True,0.3089248563654208,0.0,"(0.1%,0.5%]","(-inf,161]",0
3481,470,2,7,False,0.9154596601686693,0.9154596601686693,>0.5%,"(386,inf]",7
3482,250,7,0,False,0.3414779003585013,0.3414779003585013,"(0.1%,0.5%]","(161,275]",0
3483,135,7,0,False,0.14311248134427007,0.34482171181270294,"(0.1%,0.5%]","(-inf,161]",0
3484,271,0,0,True,0.9308289891382326,0.0,>0.5%,"(161,275]",0
3485,296,0,2,False,0.8596485434977699,3.608587618422358,>0.5%,"(275,386]",0
3486,356,0,0,True,0.45599248072220583,0.0,"(0.1%,0.5%]","(275,386]",0
3487,60,6,3,False,3.4722382105464623e-06,3.4722382105464623e-06,"(0,0.01%]","(-inf,161]",0
3488,363,7,7,True,0.838345877905383,0.0,>0.5%,"(275,386]",0
3489,105,3,3,True,0.1875824625151225,0.0,"(0.1%,0.5%]","(-inf,161]",0
3490,324,6,7,False,0.18960859404820354,0.4024612606910619,"(0.1%,0.5%]","(275,386]",0
3491,326,0,0,True,0.8265070785181383,0.0,>0.5%,"(275,386]",0
3492,345,1,7,False,0.04547249243673387,0.36979699359588597,"(0.01%,0.1%]","(275,386]",0
3493,286,7,7,True,0.2574311809372779,0.0,"(0.1%,0.5%]","(275,386]",0
3494,356,6,0,False,0.11069263639511026,0.11069263639511026,"(0.1%,0.5%]","(275,386]",0
3495,167,4,7,False,0.03272236350456427,0.27392102595811174,"(0.01%,0.1%]","(161,275]",0
3496,463,7,7,True,0.7358292745282871,0.0,>0.5%,"(386,inf]",7
3497,476,2,7,False,0.479009332729477,0.479009332729477,"(0.1%,0.5%]","(386,inf]",7
3498,205,4,0,False,0.07726114431867628,0.07726114431867628,"(0.01%,0.1%]","(161,275]",0
3499,397,4,0,False,0.9006086809450399,0.9006086809450399,>0.5%,"(386,inf]",7
3500,348,7,2,False,0.19826375868084034,0.19826375868084034,"(0.1%,0.5%]","(275,386]",0
3501,411,4,0,False,0.706563583839347,0.8328819032351852,>0.5%,"(386,inf]",7
3502,108,3,0,False,0.1650224076151891,0.1650224076151891,"(0.1%,0.5%]","(-inf,161]",0
3503,134,0,0,True,0.18347384821037216,0.0,"(0.1%,0.5%]","(-inf,161]",0
3504,210,6,2,False,0.651751494091957,0.651751494091957,>0.5%,"(161,275]",0
3505,467,0,0,True,0.47175829842057504,0.0,"(0.1%,0.5%]","(386,inf]",7
3506,93,3,3,True,0.03052668761270892,0.0,"(0.01%,0.1%]","(-inf,161]",0
3507,352,0,7,False,0.3333146748665566,0.9533868827272205,"(0.1%,0.5%]","(275,386]",0
3508,130,0,0,True,0.04959189109392963,0.0,"(0.01%,0.1%]","(-inf,161]",0
3509,389,7,7,True,0.25488709033470286,0.0,"(0.1%,0.5%]","(386,inf]",7
3510,269,6,2,False,0.11620839274225861,0.11620839274225861,"(0.1%,0.5%]","(161,275]",0
3511,276,0,0,True,0.04000913292849034,0.0,"(0.01%,0.1%]","(275,386]",0
3512,472,0,0,True,0.5842052424215508,0.0,>0.5%,"(386,inf]",7
3513,156,2,0,False,0.11350945829324004,0.3621432162787817,"(0.1%,0.5%]","(-inf,161]",0
3514,386,4,0,False,0.6883126104686784,0.6883126104686784,>0.5%,"(275,386]",0
3515,77,2,3,False,0.0,0.00588027018934535,=0,"(-inf,161]",0
3516,135,1,0,False,0.06578867017764913,4.373896132484299,"(0.01%,0.1%]","(-inf,161]",0
3517,330,7,0,False,0.5297412664712118,0.5297412664712118,>0.5%,"(275,386]",0
3518,395,6,0,False,0.6210456032191952,0.6210456032191952,>0.5%,"(386,inf]",7
3519,61,6,3,False,0.08274406263681519,0.08274406263681519,"(0.01%,0.1%]","(-inf,161]",0
3520,178,2,0,False,0.44247563731246886,0.44247563731246886,"(0.1%,0.5%]","(161,275]",0
3521,267,7,0,False,0.07871289586083413,0.6421244403827181,"(0.01%,0.1%]","(161,275]",0
3522,261,7,0,False,0.031793877862375766,0.7689720683962078,"(0.01%,0.1%]","(161,275]",0
3523,266,4,7,False,0.18738266712516172,1.5995990601231187,"(0.1%,0.5%]","(161,275]",0
3524,300,4,7,False,1.1304166067596044,2.6400306951749366,>0.5%,"(275,386]",0
3525,222,7,2,False,0.20661704575784418,0.7998113349875099,"(0.1%,0.5%]","(161,275]",0
3526,418,7,7,True,2.7853223365052155,0.0,>0.5%,"(386,inf]",7
3527,456,6,7,False,0.1981161496945869,1.0903777058906021,"(0.1%,0.5%]","(386,inf]",7
3528,101,3,3,True,0.24165576795726126,0.0,"(0.1%,0.5%]","(-inf,161]",0
3529,428,0,0,True,0.789584539288388,0.0,>0.5%,"(386,inf]",7
3530,62,0,3,False,8.052296292489139e-07,0.023373382987132308,"(0,0.01%]","(-inf,161]",0
3531,239,4,0,False,0.5498027858013615,0.5498027858013615,>0.5%,"(161,275]",0
3532,352,6,0,False,0.10109123693783345,0.35656428853269895,"(0.1%,0.5%]","(275,386]",0
3533,363,0,0,True,0.02940518994278049,0.0,"(0.01%,0.1%]","(275,386]",0
3534,209,4,0,False,0.23708850426716016,2.6966643519719566,"(0.1%,0.5%]","(161,275]",0
3535,404,4,0,False,0.049953339731458754,0.6450580768688904,"(0.01%,0.1%]","(386,inf]",7
3536,456,7,7,True,0.501246216648323,0.0,>0.5%,"(386,inf]",7
3537,143,6,3,False,0.6308028934663921,0.6308028934663921,>0.5%,"(-inf,161]",0
3538,374,4,0,False,0.6076502508240073,0.7354036156883235,>0.5%,"(275,386]",0
3539,145,4,0,False,0.32525792217071275,0.32525792217071275,"(0.1%,0.5%]","(-inf,161]",0
3540,498,7,7,True,0.4187097323653833,0.0,"(0.1%,0.5%]","(386,inf]",7
3541,260,2,7,False,0.3111274694706368,0.3111274694706368,"(0.1%,0.5%]","(161,275]",0
3542,137,4,0,False,0.04226927071376522,0.39202221492058814,"(0.01%,0.1%]","(-inf,161]",0
3543,197,6,2,False,1.089854641088265,1.5158917668657073,>0.5%,"(161,275]",0
3544,487,2,7,False,0.032689447411667065,1.0297631049419953,"(0.01%,0.1%]","(386,inf]",7
3545,348,7,7,True,0.3699202723098293,0.0,"(0.1%,0.5%]","(275,386]",0
3546,414,0,0,True,0.3946631628663242,0.0,"(0.1%,0.5%]","(386,inf]",7
3547,472,2,7,False,0.00768710179710111,1.3315218453162838,"(0,0.01%]","(386,inf]",7
3548,273,4,0,False,0.2310172365929701,0.2310172365929701,"(0.1%,0.5%]","(161,275]",0
3549,378,7,7,True,1.4105134839438274,0.0,>0.5%,"(275,386]",0
3550,236,1,0,False,0.03927440984755601,1.2240612107319613,"(0.01%,0.1%]","(161,275]",0
3551,255,0,0,True,0.9164124952721342,0.0,>0.5%,"(161,275]",0
3552,114,7,0,False,0.3065676135063328,1.4831305617724646,"(0.1%,0.5%]","(-inf,161]",0
3553,361,0,7,False,0.26391194780096927,0.6314410940238231,"(0.1%,0.5%]","(275,386]",0
3554,197,3,7,False,0.3512767970359653,0.3512767970359653,"(0.1%,0.5%]","(161,275]",0
3555,206,6,0,False,1.4685631061471052,1.4685631061471052,>0.5%,"(161,275]",0
3556,119,7,3,False,0.03281082116162607,0.03281082116162607,"(0.01%,0.1%]","(-inf,161]",0
3557,313,6,7,False,0.7441673702254338,2.595053658275536,>0.5%,"(275,386]",0
3558,468,7,7,True,1.5083370194595036,0.0,>0.5%,"(386,inf]",7
3559,54,1,3,False,0.04153931619695919,0.04153931619695919,"(0.01%,0.1%]","(-inf,161]",0
3560,423,2,7,False,0.5769890659870174,2.6179200158975164,>0.5%,"(386,inf]",7
3561,478,4,0,False,0.43839226050309915,1.2906972145797737,"(0.1%,0.5%]","(386,inf]",7
3562,289,1,7,False,0.17367789760169858,0.546952215159292,"(0.1%,0.5%]","(275,386]",0
3563,465,0,0,True,0.6815604373512903,0.0,>0.5%,"(386,inf]",7
3564,202,0,0,True,0.43297096801935875,0.0,"(0.1%,0.5%]","(161,275]",0
3565,50,3,3,True,0.0,0.0,=0,"(-inf,161]",0
3566,467,6,7,False,0.26715028890136566,1.3323857826563354,"(0.1%,0.5%]","(386,inf]",7
3567,434,7,7,True,0.06826879346725453,0.0,"(0.01%,0.1%]","(386,inf]",7
3568,471,0,0,True,0.10053563137414308,0.0,"(0.1%,0.5%]","(386,inf]",7
3569,377,0,0,True,0.31721992629375445,0.0,"(0.1%,0.5%]","(275,386]",0
3570,392,0,7,False,0.5602420992663525,1.525487267600506,>0.5%,"(386,inf]",7
3571,122,6,0,False,0.004963148106658318,0.25569463652743996,"(0,0.01%]","(-inf,161]",0
3572,332,6,7,False,0.7371415965473271,0.7371415965473271,>0.5%,"(275,386]",0
3573,250,4,0,False,0.6413054268052283,0.6413054268052283,>0.5%,"(161,275]",0
3574,374,0,6,False,0.045211688193431354,1.5108986217836384,"(0.01%,0.1%]","(275,386]",0
3575,190,4,0,False,0.32777106464116407,0.32777106464116407,"(0.1%,0.5%]","(161,275]",0
3576,411,0,0,True,0.7179083250521588,0.0,>0.5%,"(386,inf]",7
3577,92,1,3,False,0.14034628490133244,0.14034628490133244,"(0.1%,0.5%]","(-inf,161]",0
3578,389,7,7,True,1.1055418192162955e-05,0.0,"(0,0.01%]","(386,inf]",7
3579,458,2,0,False,0.3272854072889351,0.8635726343669681,"(0.1%,0.5%]","(386,inf]",7
3580,61,3,3,True,0.008912542240118225,0.0,"(0,0.01%]","(-inf,161]",0
3581,234,2,6,False,0.38943138061040333,0.5187118951613426,"(0.1%,0.5%]","(161,275]",0
3582,428,4,0,False,0.7966040297122723,0.7966040297122723,>0.5%,"(386,inf]",7
3583,72,0,3,False,0.20239914869861395,1.5998008925178357,"(0.1%,0.5%]","(-inf,161]",0
3584,285,2,0,False,0.6777229083088359,1.059136155257651,>0.5%,"(275,386]",0
3585,471,6,7,False,0.3140122609016326,0.3140122609016326,"(0.1%,0.5%]","(386,inf]",7
3586,495,2,7,False,0.21428276291868856,0.6404206780061604,"(0.1%,0.5%]","(386,inf]",7
3587,368,2,7,False,1.0887133670680629,1.7027104595613751,>0.5%,"(275,386]",0
3588,183,7,2,False,0.5505275935023061,0.5904705643321192,>0.5%,"(161,275]",0
3589,372,7,7,True,1.1560381827311248,0.0,>0.5%,"(275,386]",0
3590,244,7,0,False,0.43985798835742923,0.43985798835742923,"(0.1%,0.5%]","(161,275]",0
3591,118,4,0,False,0.012258505056154487,1.5632546841695134,"(0.01%,0.1%]","(-inf,161]",0
3592,173,0,0,True,0.17944401295502563,0.0,"(0.1%,0.5%]","(161,275]",0
3593,240,4,0,False,0.6433031392992004,1.7074739105251275,>0.5%,"(161,275]",0
3594,81,4,3,False,0.0,0.003603663008437555,=0,"(-inf,161]",0
3595,323,0,2,False,0.5000685157724818,1.956802950294442,>0.5%,"(275,386]",0
3596,291,0,0,True,0.4821979187600557,0.0,"(0.1%,0.5%]","(275,386]",0
3597,465,6,0,False,0.05251304730430795,0.4339053572172835,"(0.01%,0.1%]","(386,inf]",7
3598,371,2,7,False,0.44723762428680464,0.8413345846735577,"(0.1%,0.5%]","(275,386]",0
3599,312,4,0,False,0.8582844883240699,2.815726158002462,>0.5%,"(275,386]",0
3600,81,1,3,False,0.0,0.014816917005587238,=0,"(-inf,161]",0
3601,256,0,0,True,0.3878648102916246,0.0,"(0.1%,0.5%]","(161,275]",0
3602,137,0,0,True,0.48407416553332877,0.0,"(0.1%,0.5%]","(-inf,161]",0
3603,493,7,7,True,0.4268190069836045,0.0,"(0.1%,0.5%]","(386,inf]",7
3604,277,0,0,True,1.2019951987049513,0.0,>0.5%,"(275,386]",0
3605,421,0,0,True,0.5805684536220465,0.0,>0.5%,"(386,inf]",7
3606,258,0,0,True,0.36998759408825865,0.0,"(0.1%,0.5%]","(161,275]",0
3607,145,2,0,False,0.224081767002232,4.032238125716062,"(0.1%,0.5%]","(-inf,161]",0
3608,83,3,3,True,0.006292816443741943,0.0,"(0,0.01%]","(-inf,161]",0
3609,220,4,0,False,0.10873985160048089,0.10873985160048089,"(0.1%,0.5%]","(161,275]",0
3610,438,0,0,True,0.21105293828386795,0.0,"(0.1%,0.5%]","(386,inf]",7
3611,406,7,7,True,2.225486393476206,0.0,>0.5%,"(386,inf]",7
3612,450,4,7,False,0.004428987530088961,0.7053589801525367,"(0,0.01%]","(386,inf]",7
3613,352,7,7,True,0.1606885708623953,0.0,"(0.1%,0.5%]","(275,386]",0
3614,416,1,7,False,0.20525222854485747,0.5639365430740243,"(0.1%,0.5%]","(386,inf]",7
3615,498,6,7,False,0.12928655017045634,1.6505915002871994,"(0.1%,0.5%]","(386,inf]",7
3616,50,3,3,True,0.216000294182488,0.0,"(0.1%,0.5%]","(-inf,161]",0
3617,438,7,7,True,0.3382213638944384,0.0,"(0.1%,0.5%]","(386,inf]",7
3618,106,0,0,True,0.0,0.0,=0,"(-inf,161]",0
3619,472,1,7,False,0.23447661729678335,1.8702684783872074,"(0.1%,0.5%]","(386,inf]",7
3620,479,6,0,False,0.7776891903125092,0.9783791494659334,>0.5%,"(386,inf]",7
3621,323,2,0,False,1.0333783353785455,1.0333783353785455,>0.5%,"(275,386]",0
3622,233,6,0,False,0.21388667278811596,1.4519557505062735,"(0.1%,0.5%]","(161,275]",0
3623,292,0,7,False,1.242755558647034,4.562147023919538,>0.5%,"(275,386]",0
3624,371,0,0,True,1.644977562717815,0.0,>0.5%,"(275,386]",0
3625,178,0,0,True,0.10044936462030175,0.0,"(0.1%,0.5%]","(161,275]",0
3626,111,2,0,False,0.0,3.3317991348107583,=0,"(-inf,161]",0
3627,469,2,7,False,0.5152921427189543,0.6456605634167253,>0.5%,"(386,inf]",7
3628,277,4,0,False,0.8025389018161702,1.3222742999634067,>0.5%,"(275,386]",0
3629,396,2,0,False,0.7116713864469185,1.4491724948642057,>0.5%,"(386,inf]",7
3630,113,4,0,False,0.14960080390998465,0.232781259306802,"(0.1%,0.5%]","(-inf,161]",0
3631,368,2,0,False,0.5800424891652013,1.9765441962911536,>0.5%,"(275,386]",0
3632,275,2,7,False,1.1792748298541862,2.2509139642302287,>0.5%,"(161,275]",0
3633,381,2,7,False,0.2840935983007627,0.2840935983007627,"(0.1%,0.5%]","(275,386]",0
3634,435,7,7,True,1.8462776855768481,0.0,>0.5%,"(386,inf]",7
3635,495,7,7,True,0.11737109640551507,0.0,"(0.1%,0.5%]","(386,inf]",7
3636,302,0,0,True,1.4102933978810992,0.0,>0.5%,"(275,386]",0
3637,405,0,0,True,0.6401124139515456,0.0,>0.5%,"(386,inf]",7
3638,182,7,0,False,1.4884814147831948,2.9933806829269862,>0.5%,"(161,275]",0
3639,69,2,3,False,0.059501463350545236,0.16039814311544637,"(0.01%,0.1%]","(-inf,161]",0
3640,217,0,0,True,0.05258706808107917,0.0,"(0.01%,0.1%]","(161,275]",0
3641,351,4,0,False,2.063115987593469,3.2202633787044266,>0.5%,"(275,386]",0
3642,393,2,7,False,1.3834790543277071,1.3834790543277071,>0.5%,"(386,inf]",7
3643,402,2,0,False,0.061513204924758355,0.8651999032093439,"(0.01%,0.1%]","(386,inf]",7
3644,432,6,7,False,0.894101067413289,0.894101067413289,>0.5%,"(386,inf]",7
3645,75,4,3,False,6.329034385856727e-07,0.12268831670717989,"(0,0.01%]","(-inf,161]",0
3646,330,2,7,False,0.944118283550318,0.9565301929666883,>0.5%,"(275,386]",0
3647,214,4,0,False,0.13676719157465037,0.13676719157465037,"(0.1%,0.5%]","(161,275]",0
3648,113,0,0,True,0.2893973199113921,0.0,"(0.1%,0.5%]","(-inf,161]",0
3649,260,2,7,False,0.49493544530212497,1.293232842425092,"(0.1%,0.5%]","(161,275]",0
3650,380,7,7,True,0.09472531353603166,0.0,"(0.01%,0.1%]","(275,386]",0
3651,188,0,0,True,0.1972657910206173,0.0,"(0.1%,0.5%]","(161,275]",0
3652,454,2,7,False,0.6625161061643845,1.7005099267339268,>0.5%,"(386,inf]",7
3653,54,3,3,True,0.0,0.0,=0,"(-inf,161]",0
3654,72,0,3,False,0.11453271318631435,0.11453271318631435,"(0.1%,0.5%]","(-inf,161]",0
3655,72,0,3,False,0.0772736843195256,0.0772736843195256,"(0.01%,0.1%]","(-inf,161]",0
3656,112,3,3,True,0.2732012912445361,0.0,"(0.1%,0.5%]","(-inf,161]",0
3657,252,7,2,False,0.06749918240952946,0.06749918240952946,"(0.01%,0.1%]","(161,275]",0
3658,66,1,3,False,1.1734871126785218,1.2954806308835676,>0.5%,"(-inf,161]",0
3659,452,7,7,True,0.0033666961113580484,0.0,"(0,0.01%]","(386,inf]",7
3660,280,0,0,True,0.1920260071038888,0.0,"(0.1%,0.5%]","(275,386]",0
3661,125,4,0,False,0.6127817426171545,0.6127817426171545,>0.5%,"(-inf,161]",0
3662,212,6,0,False,0.3558435159348546,1.7257543195095493,"(0.1%,0.5%]","(161,275]",0
3663,243,0,0,True,0.12127876334828813,0.0,"(0.1%,0.5%]","(161,275]",0
3664,150,3,0,False,0.09547176487604371,0.30527996283925385,"(0.01%,0.1%]","(-inf,161]",0
3665,424,7,0,False,0.3220294423808843,1.1469009166844204,"(0.1%,0.5%]","(386,inf]",7
3666,57,6,3,False,0.0993413870172754,0.13946174654672275,"(0.01%,0.1%]","(-inf,161]",0
3667,129,0,0,True,0.2358411197336789,0.0,"(0.1%,0.5%]","(-inf,161]",0
3668,122,0,0,True,0.3517039216794213,0.0,"(0.1%,0.5%]","(-inf,161]",0
3669,62,1,3,False,0.21784896254348632,0.21784896254348632,"(0.1%,0.5%]","(-inf,161]",0
3670,482,2,7,False,0.746391582197142,0.8855953228928409,>0.5%,"(386,inf]",7
3671,426,2,0,False,0.4011188693501262,1.0817100368070887,"(0.1%,0.5%]","(386,inf]",7
3672,100,4,3,False,0.05772143967594184,0.05772143967594184,"(0.01%,0.1%]","(-inf,161]",0
3673,481,0,0,True,0.3493667441172044,0.0,"(0.1%,0.5%]","(386,inf]",7
3674,454,7,7,True,0.26038132527054525,0.0,"(0.1%,0.5%]","(386,inf]",7
3675,280,0,0,True,1.2588499044514618,0.0,>0.5%,"(275,386]",0
3676,129,0,0,True,0.6297136982513017,0.0,>0.5%,"(-inf,161]",0
3677,124,0,0,True,0.31400561480736827,0.0,"(0.1%,0.5%]","(-inf,161]",0
3678,158,1,2,False,0.00038173204048978733,0.47088929364855414,"(0,0.01%]","(-inf,161]",0
3679,153,0,0,True,0.6778257270262249,0.0,>0.5%,"(-inf,161]",0
3680,429,4,0,False,0.8098183813546531,0.8098183813546531,>0.5%,"(386,inf]",7
3681,405,7,7,True,0.5082741681214392,0.0,>0.5%,"(386,inf]",7
3682,341,4,7,False,1.1300551992553773,2.780668203302901,>0.5%,"(275,386]",0
3683,286,6,0,False,0.027071404733681814,1.8552884111969468,"(0.01%,0.1%]","(275,386]",0
3684,153,0,0,True,0.21751279284397143,0.0,"(0.1%,0.5%]","(-inf,161]",0
3685,471,1,2,False,0.6710354354723724,1.714345522296893,>0.5%,"(386,inf]",7
3686,387,7,7,True,1.4206398579017379,0.0,>0.5%,"(386,inf]",7
3687,258,6,7,False,2.1947628021799033,2.5819717049735753,>0.5%,"(161,275]",0
3688,351,7,7,True,1.2830175356603213,0.0,>0.5%,"(275,386]",0
3689,388,7,0,False,0.7697751514563238,3.162821555570061,>0.5%,"(386,inf]",7
3690,235,6,7,False,0.6804407283852868,0.6804407283852868,>0.5%,"(161,275]",0
3691,476,4,0,False,0.03636096997727936,0.03636096997727936,"(0.01%,0.1%]","(386,inf]",7
3692,225,0,7,False,0.15219953883856718,0.41804872728829917,"(0.1%,0.5%]","(161,275]",0
3693,395,7,0,False,0.7300030388275716,0.7690053012240659,>0.5%,"(386,inf]",7
3694,438,6,7,False,0.33197109952887294,0.33197109952887294,"(0.1%,0.5%]","(386,inf]",7
3695,327,4,0,False,1.2191737653400345,1.6716925740267068,>0.5%,"(275,386]",0
3696,319,7,7,True,0.9644381600650573,0.0,>0.5%,"(275,386]",0
3697,191,0,0,True,0.2329528336475197,0.0,"(0.1%,0.5%]","(161,275]",0
3698,130,7,0,False,0.1780031559187495,0.3274334405649674,"(0.1%,0.5%]","(-inf,161]",0
3699,83,2,3,False,0.6616560158859374,0.6616560158859374,>0.5%,"(-inf,161]",0
3700,80,3,3,True,0.030949241463845718,0.0,"(0.01%,0.1%]","(-inf,161]",0
3701,216,0,0,True,0.14376520416499852,0.0,"(0.1%,0.5%]","(161,275]",0
3702,381,2,7,False,0.2729841980774182,0.2729841980774182,"(0.1%,0.5%]","(275,386]",0
3703,442,0,7,False,0.07253517432098888,0.07253517432098888,"(0.01%,0.1%]","(386,inf]",7
3704,396,2,7,False,0.4772937206640333,0.7323923948927963,"(0.1%,0.5%]","(386,inf]",7
3705,197,7,0,False,0.7199270205700307,0.8005011779392576,>0.5%,"(161,275]",0
3706,358,7,2,False,0.4827800082889887,0.6159855820578445,"(0.1%,0.5%]","(275,386]",0
3707,444,7,7,True,0.01971628894051976,0.0,"(0.01%,0.1%]","(386,inf]",7
3708,415,7,7,True,0.40323453080379507,0.0,"(0.1%,0.5%]","(386,inf]",7
3709,91,0,3,False,0.14113588005519417,0.26983778414990567,"(0.1%,0.5%]","(-inf,161]",0
3710,250,1,0,False,0.12821811335559763,0.17707054794665714,"(0.1%,0.5%]","(161,275]",0
3711,391,0,0,True,0.8677581239121861,0.0,>0.5%,"(386,inf]",7
3712,266,4,0,False,0.28896268406739295,0.28896268406739295,"(0.1%,0.5%]","(161,275]",0
3713,287,0,7,False,0.11894892165630766,0.34524761470287874,"(0.1%,0.5%]","(275,386]",0
3714,294,6,0,False,1.1299851547037447,2.421264835526761,>0.5%,"(275,386]",0
3715,374,6,2,False,2.1866928810113597,2.7368808189939884,>0.5%,"(275,386]",0
3716,369,6,0,False,0.7695883290300631,0.7695883290300631,>0.5%,"(275,386]",0
3717,196,6,7,False,0.6072521643442683,0.7231191226370329,>0.5%,"(161,275]",0
3718,197,7,0,False,0.5259197387356416,0.5259197387356416,>0.5%,"(161,275]",0
3719,462,0,0,True,1.0679200504465853,0.0,>0.5%,"(386,inf]",7
3720,61,3,3,True,0.11654888155357872,0.0,"(0.1%,0.5%]","(-inf,161]",0
3721,320,6,0,False,0.14668149747360704,1.394239916459433,"(0.1%,0.5%]","(275,386]",0
3722,263,0,0,True,0.21478963089049813,0.0,"(0.1%,0.5%]","(161,275]",0
3723,297,2,0,False,0.6502319629499882,0.6502319629499882,>0.5%,"(275,386]",0
3724,83,6,3,False,0.7460300017452179,0.8869027739497752,>0.5%,"(-inf,161]",0
3725,355,4,0,False,0.42035038440140615,0.48012155527698264,"(0.1%,0.5%]","(275,386]",0
3726,466,6,7,False,0.11932908728426983,0.9579138689487179,"(0.1%,0.5%]","(386,inf]",7
3727,250,0,0,True,1.3621415937906678,0.0,>0.5%,"(161,275]",0
3728,360,7,0,False,0.6254940979555988,2.764541260591141,>0.5%,"(275,386]",0
3729,225,7,0,False,0.0540938111633965,0.0540938111633965,"(0.01%,0.1%]","(161,275]",0
3730,205,4,0,False,0.3860553880220853,0.3860553880220853,"(0.1%,0.5%]","(161,275]",0
3731,459,7,7,True,0.18549747213201406,0.0,"(0.1%,0.5%]","(386,inf]",7
3732,244,2,0,False,0.018879955912657804,3.647617230758799,"(0.01%,0.1%]","(161,275]",0
3733,187,2,2,True,0.6153461943847052,0.0,>0.5%,"(161,275]",0
3734,287,6,7,False,0.16016657937106388,0.16016657937106388,"(0.1%,0.5%]","(275,386]",0
3735,399,6,0,False,0.024611370488256065,0.040693669825193415,"(0.01%,0.1%]","(386,inf]",7
3736,74,2,3,False,0.1074346739112158,0.1584119665224696,"(0.1%,0.5%]","(-inf,161]",0
3737,479,0,0,True,0.4087393080205804,0.0,"(0.1%,0.5%]","(386,inf]",7
3738,434,0,0,True,0.2333931360479366,0.0,"(0.1%,0.5%]","(386,inf]",7
3739,486,0,0,True,0.6736613042191053,0.0,>0.5%,"(386,inf]",7
3740,109,0,0,True,0.05643808379760993,0.0,"(0.01%,0.1%]","(-inf,161]",0
3741,378,7,7,True,0.2521976700609019,0.0,"(0.1%,0.5%]","(275,386]",0
3742,103,3,0,False,0.011038136762514488,0.011038136762514488,"(0.01%,0.1%]","(-inf,161]",0
3743,89,1,3,False,0.03526588519056992,0.07930231832905603,"(0.01%,0.1%]","(-inf,161]",0
3744,74,4,3,False,0.0177718386185613,0.0177718386185613,"(0.01%,0.1%]","(-inf,161]",0
3745,255,7,0,False,0.018456826711574767,0.018456826711574767,"(0.01%,0.1%]","(161,275]",0
3746,413,4,0,False,0.2556482366467572,0.2556482366467572,"(0.1%,0.5%]","(386,inf]",7
3747,305,0,0,True,0.37058107658452294,0.0,"(0.1%,0.5%]","(275,386]",0
3748,340,2,7,False,0.04570243699793809,1.082330589225001,"(0.01%,0.1%]","(275,386]",0
3749,71,1,3,False,0.018287260675323536,0.018287260675323536,"(0.01%,0.1%]","(-inf,161]",0
3750,471,6,7,False,0.7575349017527113,2.6284696314423313,>0.5%,"(386,inf]",7
3751,123,7,0,False,0.0027490276779650784,0.5844564737398863,"(0,0.01%]","(-inf,161]",0
3752,379,0,0,True,0.35023360719074137,0.0,"(0.1%,0.5%]","(275,386]",0
3753,68,7,3,False,0.4739417252697532,2.156332642595621,"(0.1%,0.5%]","(-inf,161]",0
3754,478,7,7,True,0.9187222425270036,0.0,>0.5%,"(386,inf]",7
3755,190,4,0,False,0.7510940982470985,2.664602342242965,>0.5%,"(161,275]",0
3756,296,0,0,True,0.8048294624222315,0.0,>0.5%,"(275,386]",0
3757,371,4,2,False,0.06670464608633361,0.9939111816304209,"(0.01%,0.1%]","(275,386]",0
3758,421,6,0,False,0.013820973677541466,0.09866565910635096,"(0.01%,0.1%]","(386,inf]",7
3759,313,6,0,False,0.33502114731481153,1.5709534445709248,"(0.1%,0.5%]","(275,386]",0
3760,380,0,0,True,0.43957726100986316,0.0,"(0.1%,0.5%]","(275,386]",0
3761,493,1,7,False,0.34934494522979226,0.6654718966691392,"(0.1%,0.5%]","(386,inf]",7
3762,276,1,0,False,0.09175290208842551,0.09175290208842551,"(0.01%,0.1%]","(275,386]",0
3763,241,2,0,False,0.12617241430891044,0.23397629068679496,"(0.1%,0.5%]","(161,275]",0
3764,205,2,0,False,0.2643983487322346,3.087068088806535,"(0.1%,0.5%]","(161,275]",0
3765,150,0,0,True,0.4943760207760368,0.0,"(0.1%,0.5%]","(-inf,161]",0
3766,203,4,0,False,0.2972102137630178,0.2972102137630178,"(0.1%,0.5%]","(161,275]",0
3767,223,7,0,False,0.5442285288833526,1.8181663584924888,>0.5%,"(161,275]",0
3768,203,0,0,True,0.16556292967361466,0.0,"(0.1%,0.5%]","(161,275]",0
3769,158,3,0,False,0.3162410209454305,0.9822006480560811,"(0.1%,0.5%]","(-inf,161]",0
3770,311,6,2,False,0.2785034035381363,1.0225352632618414,"(0.1%,0.5%]","(275,386]",0
3771,208,0,0,True,0.3447188411767799,0.0,"(0.1%,0.5%]","(161,275]",0
3772,382,0,0,True,0.2080562854342596,0.0,"(0.1%,0.5%]","(275,386]",0
3773,261,2,0,False,0.12367772100921283,2.326875505390317,"(0.1%,0.5%]","(161,275]",0
3774,327,7,0,False,0.8819020381812389,1.9600352111794235,>0.5%,"(275,386]",0
3775,97,4,0,False,0.06392163517704742,1.1546239314580058,"(0.01%,0.1%]","(-inf,161]",0
3776,127,3,0,False,0.17901081426089327,0.1794824453460133,"(0.1%,0.5%]","(-inf,161]",0
3777,213,0,0,True,0.5141216760054379,0.0,>0.5%,"(161,275]",0
3778,152,0,0,True,0.15984507480553012,0.0,"(0.1%,0.5%]","(-inf,161]",0
3779,311,7,2,False,0.8410251292979695,1.99573737130238,>0.5%,"(275,386]",0
3780,152,4,0,False,0.5296474979101629,1.5889339515800158,>0.5%,"(-inf,161]",0
3781,267,0,0,True,1.8623619303597354,0.0,>0.5%,"(161,275]",0
3782,409,0,0,True,0.10879270198301076,0.0,"(0.1%,0.5%]","(386,inf]",7
3783,210,0,0,True,0.7425281307365412,0.0,>0.5%,"(161,275]",0
3784,291,2,0,False,0.7778840797114139,2.3446350612536033,>0.5%,"(275,386]",0
3785,449,0,7,False,0.13312647890169066,1.8838318049393712,"(0.1%,0.5%]","(386,inf]",7
3786,246,7,0,False,0.16759064092500192,0.5955348145677575,"(0.1%,0.5%]","(161,275]",0
3787,110,7,0,False,0.19810682932273205,0.19810682932273205,"(0.1%,0.5%]","(-inf,161]",0
3788,304,6,2,False,0.12342553670584835,0.12342553670584835,"(0.1%,0.5%]","(275,386]",0
3789,120,0,0,True,0.8362236459036075,0.0,>0.5%,"(-inf,161]",0
3790,130,4,0,False,0.1754777566379439,0.1754777566379439,"(0.1%,0.5%]","(-inf,161]",0
3791,127,0,0,True,0.3219098076553903,0.0,"(0.1%,0.5%]","(-inf,161]",0
3792,496,7,0,False,0.39740484276671334,0.39740484276671334,"(0.1%,0.5%]","(386,inf]",7
3793,109,7,3,False,0.14704500704625986,0.16418108864354738,"(0.1%,0.5%]","(-inf,161]",0
3794,412,4,0,False,0.3637455059120964,1.1655919969160367,"(0.1%,0.5%]","(386,inf]",7
3795,173,7,0,False,0.3367376383589226,1.1585931423210323,"(0.1%,0.5%]","(161,275]",0
3796,165,0,0,True,0.6156620318085538,0.0,>0.5%,"(161,275]",0
3797,456,1,7,False,0.82893233144938,0.9235452467710511,>0.5%,"(386,inf]",7
3798,97,6,3,False,0.015743892960036823,0.015743892960036823,"(0.01%,0.1%]","(-inf,161]",0
3799,66,6,3,False,0.0014077618207208318,0.0014077618207208318,"(0,0.01%]","(-inf,161]",0
3800,443,0,0,True,0.6502475227578575,0.0,>0.5%,"(386,inf]",7
3801,168,2,0,False,0.03176158107948557,0.03176158107948557,"(0.01%,0.1%]","(161,275]",0
3802,81,4,3,False,3.1348400954213132e-06,0.05370360636856214,"(0,0.01%]","(-inf,161]",0
3803,344,0,0,True,0.5265770371180344,0.0,>0.5%,"(275,386]",0
3804,161,0,0,True,0.25978883595968827,0.0,"(0.1%,0.5%]","(-inf,161]",0
3805,117,6,3,False,0.2472253156281584,0.250824881789696,"(0.1%,0.5%]","(-inf,161]",0
3806,150,6,3,False,0.025734510241239315,1.6498079246083277,"(0.01%,0.1%]","(-inf,161]",0
3807,478,0,0,True,0.5812197592516276,0.0,>0.5%,"(386,inf]",7
3808,279,4,0,False,0.8002248537290393,0.8002248537290393,>0.5%,"(275,386]",0
3809,426,0,0,True,0.15271283696461144,0.0,"(0.1%,0.5%]","(386,inf]",7
3810,405,2,7,False,0.024582792765484363,1.0506853276083232,"(0.01%,0.1%]","(386,inf]",7
3811,290,6,2,False,0.6802691975006343,0.7072616234973134,>0.5%,"(275,386]",0
3812,79,6,3,False,0.024631010914645493,0.30831481444718223,"(0.01%,0.1%]","(-inf,161]",0
3813,196,4,0,False,0.09578335429273624,0.09578335429273624,"(0.01%,0.1%]","(161,275]",0
3814,294,0,0,True,1.157677395458052,0.0,>0.5%,"(275,386]",0
3815,76,7,3,False,0.1735300495167476,1.1010942255525482,"(0.1%,0.5%]","(-inf,161]",0
3816,199,2,2,True,0.8022369802563769,0.0,>0.5%,"(161,275]",0
3817,418,6,7,False,0.38387602766643963,0.4180818226451081,"(0.1%,0.5%]","(386,inf]",7
3818,305,7,7,True,1.0676396040046667,0.0,>0.5%,"(275,386]",0
3819,71,6,3,False,0.12757101841762772,0.12757101841762772,"(0.1%,0.5%]","(-inf,161]",0
3820,425,2,7,False,0.7080337557305787,1.8795625483635818,>0.5%,"(386,inf]",7
3821,214,0,0,True,0.14334415061710368,0.0,"(0.1%,0.5%]","(161,275]",0
3822,66,3,3,True,0.18725529683591202,0.0,"(0.1%,0.5%]","(-inf,161]",0
3823,345,4,0,False,1.5975376596932889,1.5975376596932889,>0.5%,"(275,386]",0
3824,146,7,0,False,0.37449659251914935,1.1833135905142507,"(0.1%,0.5%]","(-inf,161]",0
3825,268,2,2,True,0.03745041604474627,0.0,"(0.01%,0.1%]","(161,275]",0
3826,158,1,0,False,0.22447305358366854,0.5166066114244277,"(0.1%,0.5%]","(-inf,161]",0
3827,282,4,0,False,0.2169901447634797,1.5694183254334149,"(0.1%,0.5%]","(275,386]",0
3828,421,7,7,True,0.5395553918767256,0.0,>0.5%,"(386,inf]",7
3829,301,0,0,True,0.48799468789976336,0.0,"(0.1%,0.5%]","(275,386]",0
3830,313,0,0,True,0.38407737738386627,0.0,"(0.1%,0.5%]","(275,386]",0
3831,244,7,6,False,0.09673884510161608,0.09673884510161608,"(0.01%,0.1%]","(161,275]",0
3832,237,7,0,False,0.357394719951238,0.357394719951238,"(0.1%,0.5%]","(161,275]",0
3833,431,1,7,False,1.0647957842443276,1.8128625580333038,>0.5%,"(386,inf]",7
3834,274,0,2,False,0.509655261233114,1.346703627621532,>0.5%,"(161,275]",0
3835,168,2,2,True,0.9830777234404966,0.0,>0.5%,"(161,275]",0
3836,82,6,3,False,1.536518979241907e-06,0.09328618318744164,"(0,0.01%]","(-inf,161]",0
3837,286,0,0,True,1.3311689539403138,0.0,>0.5%,"(275,386]",0
3838,157,7,0,False,0.1554642149048573,0.21789985089839276,"(0.1%,0.5%]","(-inf,161]",0
3839,229,0,0,True,0.7095805272171468,0.0,>0.5%,"(161,275]",0
3840,385,1,7,False,0.041099313362211384,0.041099313362211384,"(0.01%,0.1%]","(275,386]",0
3841,294,4,0,False,0.07932601618500576,0.07932601618500576,"(0.01%,0.1%]","(275,386]",0
3842,278,0,0,True,0.7449172616870585,0.0,>0.5%,"(275,386]",0
3843,214,2,0,False,0.008425925347027161,0.0111837767794984,"(0,0.01%]","(161,275]",0
3844,202,4,0,False,0.4380332337874024,0.4380332337874024,"(0.1%,0.5%]","(161,275]",0
3845,92,0,3,False,0.06847140271898675,0.06847140271898675,"(0.01%,0.1%]","(-inf,161]",0
3846,243,6,0,False,0.5063421745652729,0.5063421745652729,>0.5%,"(161,275]",0
3847,86,7,0,False,0.30604213751926335,0.30604213751926335,"(0.1%,0.5%]","(-inf,161]",0
3848,308,0,0,True,0.24529028833585614,0.0,"(0.1%,0.5%]","(275,386]",0
3849,154,0,0,True,0.8758254684390513,0.0,>0.5%,"(-inf,161]",0
3850,58,3,3,True,0.016165764109871653,0.0,"(0.01%,0.1%]","(-inf,161]",0
3851,51,3,3,True,8.243094372182161e-06,0.0,"(0,0.01%]","(-inf,161]",0
3852,429,0,0,True,0.5200033040898644,0.0,>0.5%,"(386,inf]",7
3853,194,4,0,False,0.3617046080342778,0.3617046080342778,"(0.1%,0.5%]","(161,275]",0
3854,50,0,3,False,0.0,0.0,=0,"(-inf,161]",0
3855,182,7,0,False,0.06390833861654036,2.0007870103344265,"(0.01%,0.1%]","(161,275]",0
3856,169,6,0,False,0.040892444466107264,0.919034297992526,"(0.01%,0.1%]","(161,275]",0
3857,259,0,0,True,0.18745782459572438,0.0,"(0.1%,0.5%]","(161,275]",0
3858,278,0,0,True,1.4538894466025445,0.0,>0.5%,"(275,386]",0
3859,499,7,7,True,0.47655129884872804,0.0,"(0.1%,0.5%]","(386,inf]",7
3860,394,6,0,False,0.1806641972567844,0.1806641972567844,"(0.1%,0.5%]","(386,inf]",7
3861,387,2,0,False,1.0073114771240084,1.1235011400504835,>0.5%,"(386,inf]",7
3862,219,4,0,False,0.9733332693056543,1.7500614048357133,>0.5%,"(161,275]",0
3863,275,0,0,True,1.9170756847843509,0.0,>0.5%,"(161,275]",0
3864,304,4,7,False,0.39544014467180816,0.39544014467180816,"(0.1%,0.5%]","(275,386]",0
3865,101,3,3,True,0.18190025213332192,0.0,"(0.1%,0.5%]","(-inf,161]",0
3866,215,7,2,False,0.08140329287754756,0.08140329287754756,"(0.01%,0.1%]","(161,275]",0
3867,254,2,2,True,0.2836193125368943,0.0,"(0.1%,0.5%]","(161,275]",0
3868,142,2,3,False,0.41481288214917594,0.9831718484605898,"(0.1%,0.5%]","(-inf,161]",0
3869,62,3,3,True,1.109521782797353e-05,0.0,"(0,0.01%]","(-inf,161]",0
3870,461,6,7,False,0.31996143751542777,0.6978270327425795,"(0.1%,0.5%]","(386,inf]",7
3871,141,5,0,False,0.04002605826270968,1.5913752699766484,"(0.01%,0.1%]","(-inf,161]",0
3872,488,0,0,True,0.41569547282530545,0.0,"(0.1%,0.5%]","(386,inf]",7
3873,328,0,0,True,0.44030414033261467,0.0,"(0.1%,0.5%]","(275,386]",0
3874,300,7,6,False,0.8130005265983004,0.8130005265983004,>0.5%,"(275,386]",0
3875,494,1,0,False,0.08009760108839156,0.9419205591248432,"(0.01%,0.1%]","(386,inf]",7
3876,315,7,7,True,0.871661062937951,0.0,>0.5%,"(275,386]",0
3877,67,1,3,False,0.023966936837733443,0.023966936837733443,"(0.01%,0.1%]","(-inf,161]",0
3878,51,0,3,False,0.0,0.0,=0,"(-inf,161]",0
3879,152,7,0,False,0.11089655591644407,0.12533431413111754,"(0.1%,0.5%]","(-inf,161]",0
3880,217,2,0,False,0.5227988529212066,0.5227988529212066,>0.5%,"(161,275]",0
3881,90,4,3,False,0.0244506772688514,0.0244506772688514,"(0.01%,0.1%]","(-inf,161]",0
3882,332,7,7,True,0.16165860798700327,0.0,"(0.1%,0.5%]","(275,386]",0
3883,383,1,7,False,0.44975145418468626,0.5300048330443555,"(0.1%,0.5%]","(275,386]",0
3884,491,0,0,True,0.6449817500035976,0.0,>0.5%,"(386,inf]",7
3885,439,4,0,False,0.9007242902468465,0.9007242902468465,>0.5%,"(386,inf]",7
3886,479,0,0,True,0.7400017108533353,0.0,>0.5%,"(386,inf]",7
3887,488,6,7,False,0.1940067508576104,0.6689432906205549,"(0.1%,0.5%]","(386,inf]",7
3888,362,0,0,True,0.9902012785640729,0.0,>0.5%,"(275,386]",0
3889,194,7,0,False,0.045124490598559455,0.3084597970273845,"(0.01%,0.1%]","(161,275]",0
3890,499,6,0,False,0.2711877208909962,0.2711877208909962,"(0.1%,0.5%]","(386,inf]",7
3891,420,0,0,True,0.38408841913680514,0.0,"(0.1%,0.5%]","(386,inf]",7
3892,315,4,0,False,0.28224932697004645,3.49664115196548,"(0.1%,0.5%]","(275,386]",0
3893,169,0,0,True,1.1406333825432573,0.0,>0.5%,"(161,275]",0
3894,198,0,0,True,0.5965875490813038,0.0,>0.5%,"(161,275]",0
3895,367,1,0,False,0.1245208882268684,0.1245208882268684,"(0.1%,0.5%]","(275,386]",0
3896,407,2,0,False,0.03588598820387115,0.03588598820387115,"(0.01%,0.1%]","(386,inf]",7
3897,164,0,0,True,0.543327053827315,0.0,>0.5%,"(161,275]",0
3898,423,7,0,False,0.9947800015601506,5.217695416067531,>0.5%,"(386,inf]",7
3899,241,3,7,False,0.1876536216643965,3.1972521204374154,"(0.1%,0.5%]","(161,275]",0
3900,295,4,0,False,0.3087624381563674,2.722932153418978,"(0.1%,0.5%]","(275,386]",0
3901,469,4,0,False,0.05508641999339512,1.037335413818153,"(0.01%,0.1%]","(386,inf]",7
3902,313,0,0,True,0.5817412648514846,0.0,>0.5%,"(275,386]",0
3903,211,0,0,True,0.2807169021659363,0.0,"(0.1%,0.5%]","(161,275]",0
3904,74,0,3,False,0.0,0.0,=0,"(-inf,161]",0
3905,112,5,3,False,0.21136687404228593,0.21136687404228593,"(0.1%,0.5%]","(-inf,161]",0
3906,261,4,0,False,0.21497126453930088,0.21497126453930088,"(0.1%,0.5%]","(161,275]",0
3907,359,4,2,False,0.6947863035218526,1.8861129798380845,>0.5%,"(275,386]",0
3908,88,4,3,False,8.073087273706318e-06,0.057294700381493736,"(0,0.01%]","(-inf,161]",0
3909,474,7,7,True,1.5198055022624009,0.0,>0.5%,"(386,inf]",7
3910,385,0,7,False,0.0036080936015548313,0.20172525895275736,"(0,0.01%]","(275,386]",0
3911,466,4,0,False,0.3442982464526035,3.88272515915443,"(0.1%,0.5%]","(386,inf]",7
3912,169,7,2,False,0.48064171161180363,0.48064171161180363,"(0.1%,0.5%]","(161,275]",0
3913,314,4,0,False,1.2550528987356269,1.2550528987356269,>0.5%,"(275,386]",0
3914,255,4,0,False,0.4653099947406434,0.4653099947406434,"(0.1%,0.5%]","(161,275]",0
3915,159,0,0,True,0.028031453252180524,0.0,"(0.01%,0.1%]","(-inf,161]",0
3916,421,6,0,False,1.1233590697276565,1.374498223154847,>0.5%,"(386,inf]",7
3917,156,0,0,True,0.5784658921505547,0.0,>0.5%,"(-inf,161]",0
3918,183,2,0,False,0.383514149091962,5.921238124152536,"(0.1%,0.5%]","(161,275]",0
3919,382,6,0,False,0.3580655573666191,0.8815528833636036,"(0.1%,0.5%]","(275,386]",0
3920,377,0,0,True,0.38230587789427023,0.0,"(0.1%,0.5%]","(275,386]",0
3921,285,0,0,True,0.7222695138274066,0.0,>0.5%,"(275,386]",0
3922,79,3,3,True,0.22095628803780132,0.0,"(0.1%,0.5%]","(-inf,161]",0
3923,496,6,7,False,0.16533781121691885,0.16533781121691885,"(0.1%,0.5%]","(386,inf]",7
3924,183,0,0,True,0.25589971561989916,0.0,"(0.1%,0.5%]","(161,275]",0
3925,211,4,0,False,0.3038223456165312,0.3038223456165312,"(0.1%,0.5%]","(161,275]",0
3926,260,1,7,False,1.603882805412651,3.957096218694022,>0.5%,"(161,275]",0
3927,369,2,7,False,0.46448863616586916,0.46448863616586916,"(0.1%,0.5%]","(275,386]",0
3928,78,0,3,False,0.17134316074993122,0.17134316074993122,"(0.1%,0.5%]","(-inf,161]",0
3929,463,6,0,False,0.5594196817575662,1.324803206382967,>0.5%,"(386,inf]",7
3930,244,7,0,False,0.5027801814050629,0.7489503623156515,>0.5%,"(161,275]",0
3931,344,6,0,False,1.440668980446162,2.140495244517988,>0.5%,"(275,386]",0
3932,482,0,0,True,1.3129299771298997,0.0,>0.5%,"(386,inf]",7
3933,217,0,0,True,0.2895176509412853,0.0,"(0.1%,0.5%]","(161,275]",0
3934,365,0,0,True,0.7820895099432398,0.0,>0.5%,"(275,386]",0
3935,233,6,0,False,0.3419476177238729,2.6852677598974397,"(0.1%,0.5%]","(161,275]",0
3936,203,2,0,False,0.3004008424302009,0.5294299787508395,"(0.1%,0.5%]","(161,275]",0
3937,230,7,7,True,0.6448664451386187,0.0,>0.5%,"(161,275]",0
3938,301,4,0,False,0.7952758592786465,0.7952758592786465,>0.5%,"(275,386]",0
3939,326,6,0,False,0.6296327501578215,0.6296327501578215,>0.5%,"(275,386]",0
3940,442,2,7,False,1.1850242432434377,1.1850242432434377,>0.5%,"(386,inf]",7
3941,327,0,0,True,0.307128237442655,0.0,"(0.1%,0.5%]","(275,386]",0
3942,376,0,7,False,0.6889342153877133,2.9657932144030146,>0.5%,"(275,386]",0
3943,243,0,0,True,0.43165882681762424,0.0,"(0.1%,0.5%]","(161,275]",0
3944,62,3,3,True,2.697060747315868e-06,0.0,"(0,0.01%]","(-inf,161]",0
3945,121,4,0,False,0.044846063600109586,0.044846063600109586,"(0.01%,0.1%]","(-inf,161]",0
3946,428,1,7,False,0.15048367014418282,0.37183928435087665,"(0.1%,0.5%]","(386,inf]",7
3947,202,0,0,True,0.5288864631999396,0.0,>0.5%,"(161,275]",0
3948,444,0,0,True,0.08984053831296072,0.0,"(0.01%,0.1%]","(386,inf]",7
3949,368,4,0,False,0.21806815238855737,0.21806815238855737,"(0.1%,0.5%]","(275,386]",0
3950,327,1,7,False,4.019233346256358e-05,4.019233346256358e-05,"(0,0.01%]","(275,386]",0
3951,386,0,0,True,0.29454929076839004,0.0,"(0.1%,0.5%]","(275,386]",0
3952,396,1,0,False,0.35192385001161686,0.7449993094982265,"(0.1%,0.5%]","(386,inf]",7
3953,158,2,2,True,0.24918174551039055,0.0,"(0.1%,0.5%]","(-inf,161]",0
3954,202,7,0,False,0.11416352541048683,3.4970931102646645,"(0.1%,0.5%]","(161,275]",0
3955,453,0,7,False,0.01618675602619549,0.17396987514086806,"(0.01%,0.1%]","(386,inf]",7
3956,323,4,0,False,0.3753056674561396,0.3753056674561396,"(0.1%,0.5%]","(275,386]",0
3957,477,7,7,True,0.7921585092968607,0.0,>0.5%,"(386,inf]",7
3958,330,1,0,False,0.20402726248104938,0.20402726248104938,"(0.1%,0.5%]","(275,386]",0
3959,187,7,2,False,0.6745780856427355,1.1680035999191174,>0.5%,"(161,275]",0
3960,457,7,7,True,0.4571939978871865,0.0,"(0.1%,0.5%]","(386,inf]",7
3961,442,0,0,True,0.9968160593106278,0.0,>0.5%,"(386,inf]",7
3962,322,0,0,True,0.6676677794881924,0.0,>0.5%,"(275,386]",0
3963,171,6,0,False,0.09018937860862482,0.09018937860862482,"(0.01%,0.1%]","(161,275]",0
3964,106,0,0,True,0.6271859144274303,0.0,>0.5%,"(-inf,161]",0
3965,369,2,7,False,1.6241795384648852,1.6241795384648852,>0.5%,"(275,386]",0
3966,274,0,0,True,0.4879743694865461,0.0,"(0.1%,0.5%]","(161,275]",0
3967,419,4,7,False,0.3895152633731269,1.7076752514629305,"(0.1%,0.5%]","(386,inf]",7
3968,335,7,7,True,0.10039297551775295,0.0,"(0.1%,0.5%]","(275,386]",0
3969,128,3,3,True,0.5588097364578809,0.0,>0.5%,"(-inf,161]",0
3970,96,3,3,True,0.9263898854120626,0.0,>0.5%,"(-inf,161]",0
3971,499,0,7,False,0.13048771926112832,1.3216614528694195,"(0.1%,0.5%]","(386,inf]",7
3972,298,7,0,False,0.4899730730612367,2.4558068960189257,"(0.1%,0.5%]","(275,386]",0
3973,493,7,7,True,0.26168906143183274,0.0,"(0.1%,0.5%]","(386,inf]",7
3974,248,4,0,False,1.1337588931541607,3.0788812522686455,>0.5%,"(161,275]",0
3975,428,0,0,True,0.7318120776774586,0.0,>0.5%,"(386,inf]",7
3976,410,2,7,False,0.5454547854514112,0.5454547854514112,>0.5%,"(386,inf]",7
3977,431,4,0,False,0.3368934449191503,0.3368934449191503,"(0.1%,0.5%]","(386,inf]",7
3978,418,2,0,False,0.3270302830260485,1.822600166044483,"(0.1%,0.5%]","(386,inf]",7
3979,372,2,0,False,0.18890081126327402,0.8526636126779542,"(0.1%,0.5%]","(275,386]",0
3980,160,4,0,False,0.4627572766374735,1.5323298513069428,"(0.1%,0.5%]","(-inf,161]",0
3981,338,0,7,False,0.13473114200077477,0.13473114200077477,"(0.1%,0.5%]","(275,386]",0
3982,87,3,3,True,0.0,0.0,=0,"(-inf,161]",0
3983,462,6,0,False,1.2928582513217652,1.6559603819033586,>0.5%,"(386,inf]",7
3984,310,7,0,False,0.32553509824369226,0.9121096703995527,"(0.1%,0.5%]","(275,386]",0
3985,170,4,0,False,0.32936448258262957,1.564573240712321,"(0.1%,0.5%]","(161,275]",0
3986,461,2,7,False,0.6907890505077089,1.474540346608087,>0.5%,"(386,inf]",7
3987,228,0,0,True,0.2084812369778758,0.0,"(0.1%,0.5%]","(161,275]",0
3988,94,7,3,False,0.02343904320398289,0.05405996094708669,"(0.01%,0.1%]","(-inf,161]",0
3989,461,0,0,True,2.085136358169013,0.0,>0.5%,"(386,inf]",7
3990,324,7,0,False,0.6330992778380973,6.898261170599006,>0.5%,"(275,386]",0
3991,387,0,0,True,0.5107062169830364,0.0,>0.5%,"(386,inf]",7
3992,291,2,7,False,1.140954832943957,1.2418636193128838,>0.5%,"(275,386]",0
3993,251,4,0,False,0.02320893748591538,0.02320893748591538,"(0.01%,0.1%]","(161,275]",0
3994,430,2,7,False,0.08494041045509679,0.08494041045509679,"(0.01%,0.1%]","(386,inf]",7
3995,434,4,0,False,0.04852580484573444,0.04852580484573444,"(0.01%,0.1%]","(386,inf]",7
3996,236,0,0,True,0.7166238913960553,0.0,>0.5%,"(161,275]",0
3997,138,6,3,False,0.21734776676186748,0.21734776676186748,"(0.1%,0.5%]","(-inf,161]",0
3998,128,7,0,False,0.20399610395100978,1.8026012719785383,"(0.1%,0.5%]","(-inf,161]",0
3999,163,0,0,True,0.00852383731572324,0.0,"(0,0.01%]","(161,275]",0
4000,280,0,0,True,0.3391476618021895,0.0,"(0.1%,0.5%]","(275,386]",0
4001,489,4,7,False,0.8913744624884171,1.5065712894435148,>0.5%,"(386,inf]",7
4002,184,4,0,False,0.06528565030321194,0.06528565030321194,"(0.01%,0.1%]","(161,275]",0
4003,63,7,3,False,2.3098827523583524e-14,0.3397562759261954,"(0,0.01%]","(-inf,161]",0
4004,63,2,3,False,0.0,0.00504683864146722,=0,"(-inf,161]",0
4005,328,0,0,True,0.9823243507554326,0.0,>0.5%,"(275,386]",0
4006,483,6,0,False,0.4468386962201279,0.6099863052788471,"(0.1%,0.5%]","(386,inf]",7
4007,452,4,7,False,0.22892533325866785,0.22892533325866785,"(0.1%,0.5%]","(386,inf]",7
4008,60,3,3,True,0.0,0.0,=0,"(-inf,161]",0
4009,328,7,0,False,1.1632937662931557,2.204760698601219,>0.5%,"(275,386]",0
4010,233,0,0,True,0.21413828452981395,0.0,"(0.1%,0.5%]","(161,275]",0
4011,494,0,0,True,0.6762077820121596,0.0,>0.5%,"(386,inf]",7
4012,378,0,0,True,0.5693362502391923,0.0,>0.5%,"(275,386]",0
4013,399,0,0,True,0.0579625864060972,0.0,"(0.01%,0.1%]","(386,inf]",7
4014,376,7,2,False,0.8752531766066725,1.6756358976981758,>0.5%,"(275,386]",0
4015,179,4,0,False,0.5344929641960435,0.5344929641960435,>0.5%,"(161,275]",0
4016,159,0,0,True,0.21615487090383476,0.0,"(0.1%,0.5%]","(-inf,161]",0
4017,404,0,0,True,0.6157327529568019,0.0,>0.5%,"(386,inf]",7
4018,432,2,7,False,0.2657943944533195,0.37233165060526285,"(0.1%,0.5%]","(386,inf]",7
4019,66,0,3,False,0.33600810457814667,0.33600810457814667,"(0.1%,0.5%]","(-inf,161]",0
4020,312,7,0,False,0.12256586486614292,0.12256586486614292,"(0.1%,0.5%]","(275,386]",0
4021,341,7,7,True,0.6256633342507671,0.0,>0.5%,"(275,386]",0
4022,363,2,0,False,0.04618447171744426,0.691837753413713,"(0.01%,0.1%]","(275,386]",0
4023,297,7,7,True,1.2368346294052848,0.0,>0.5%,"(275,386]",0
4024,378,6,7,False,0.23032153317044773,0.39906689465269957,"(0.1%,0.5%]","(275,386]",0
4025,91,6,3,False,0.17819524143007115,0.6056993224103118,"(0.1%,0.5%]","(-inf,161]",0
4026,343,2,6,False,0.36553615789308663,0.38150704763905235,"(0.1%,0.5%]","(275,386]",0
4027,71,3,3,True,8.152268727473243e-06,0.0,"(0,0.01%]","(-inf,161]",0
4028,77,1,3,False,0.08059539329888833,0.08059539329888833,"(0.01%,0.1%]","(-inf,161]",0
4029,226,7,0,False,0.01696044588401691,0.2918177168982316,"(0.01%,0.1%]","(161,275]",0
4030,368,4,0,False,0.007119060087451369,1.4327646090328672,"(0,0.01%]","(275,386]",0
4031,377,4,0,False,0.20673522086926632,0.2314416168567893,"(0.1%,0.5%]","(275,386]",0
4032,241,4,0,False,1.068400818591001,1.441823172669566,>0.5%,"(161,275]",0
4033,320,1,7,False,0.4858607559189672,0.4858607559189672,"(0.1%,0.5%]","(275,386]",0
4034,448,0,0,True,0.3885284935192173,0.0,"(0.1%,0.5%]","(386,inf]",7
4035,484,7,7,True,0.4802972814026314,0.0,"(0.1%,0.5%]","(386,inf]",7
4036,232,1,7,False,0.6996992242100973,1.7605148278590566,>0.5%,"(161,275]",0
4037,383,4,0,False,0.6376973826754742,0.6376973826754742,>0.5%,"(275,386]",0
4038,149,3,0,False,0.795406197599457,0.795406197599457,>0.5%,"(-inf,161]",0
4039,262,6,2,False,0.03080600476667532,0.03080600476667532,"(0.01%,0.1%]","(161,275]",0
4040,217,0,0,True,0.12485352520744239,0.0,"(0.1%,0.5%]","(161,275]",0
4041,329,1,0,False,0.17882086493430607,0.38380439037302855,"(0.1%,0.5%]","(275,386]",0
4042,371,2,0,False,0.06879917831430919,0.06879917831430919,"(0.01%,0.1%]","(275,386]",0
4043,236,0,0,True,0.44696583698994397,0.0,"(0.1%,0.5%]","(161,275]",0
4044,282,0,7,False,0.48783891879610913,1.3920884929305775,"(0.1%,0.5%]","(275,386]",0
4045,130,0,0,True,0.2686468578560483,0.0,"(0.1%,0.5%]","(-inf,161]",0
4046,148,0,0,True,0.8089445148571078,0.0,>0.5%,"(-inf,161]",0
4047,449,2,7,False,0.036559581069084426,2.0615313253900083,"(0.01%,0.1%]","(386,inf]",7
4048,195,0,0,True,0.8799748655332885,0.0,>0.5%,"(161,275]",0
4049,174,7,0,False,0.14237904750058528,0.14237904750058528,"(0.1%,0.5%]","(161,275]",0
4050,265,0,0,True,0.5528166599507788,0.0,>0.5%,"(161,275]",0
4051,468,7,7,True,0.27655592718508126,0.0,"(0.1%,0.5%]","(386,inf]",7
4052,377,0,0,True,0.3201794886637058,0.0,"(0.1%,0.5%]","(275,386]",0
4053,490,2,7,False,0.19651202671649368,0.19651202671649368,"(0.1%,0.5%]","(386,inf]",7
4054,437,0,0,True,0.41096392193841863,0.0,"(0.1%,0.5%]","(386,inf]",7
4055,268,0,0,True,1.4873854053753564,0.0,>0.5%,"(161,275]",0
4056,396,4,7,False,0.4409713645881498,0.4409713645881498,"(0.1%,0.5%]","(386,inf]",7
4057,285,4,0,False,1.0476162546985752,1.0476162546985752,>0.5%,"(275,386]",0
4058,417,2,7,False,0.7703814230614435,1.5674939693347318,>0.5%,"(386,inf]",7
4059,88,3,3,True,0.024612987622020875,0.0,"(0.01%,0.1%]","(-inf,161]",0
4060,374,7,7,True,1.095716937401513,0.0,>0.5%,"(275,386]",0
4061,492,7,7,True,0.33112569796084507,0.0,"(0.1%,0.5%]","(386,inf]",7
4062,309,0,0,True,0.12810762550261484,0.0,"(0.1%,0.5%]","(275,386]",0
4063,408,0,0,True,0.06672839084661207,0.0,"(0.01%,0.1%]","(386,inf]",7
4064,110,7,3,False,0.2679011733739682,0.2679011733739682,"(0.1%,0.5%]","(-inf,161]",0
4065,394,7,0,False,1.7220657504467742,1.7220657504467742,>0.5%,"(386,inf]",7
4066,319,2,2,True,0.6021910804317487,0.0,>0.5%,"(275,386]",0
4067,266,4,0,False,0.1496182570134124,0.1496182570134124,"(0.1%,0.5%]","(161,275]",0
4068,417,6,7,False,0.37647132233706915,0.7135434490399533,"(0.1%,0.5%]","(386,inf]",7
4069,466,6,7,False,0.11542495688620501,1.6627097622731095,"(0.1%,0.5%]","(386,inf]",7
4070,215,2,7,False,0.40461166613534594,0.40461166613534594,"(0.1%,0.5%]","(161,275]",0
4071,222,0,0,True,1.745101713564564,0.0,>0.5%,"(161,275]",0
4072,273,0,0,True,0.46545109522644423,0.0,"(0.1%,0.5%]","(161,275]",0
4073,303,4,0,False,0.030606163994086208,0.030606163994086208,"(0.01%,0.1%]","(275,386]",0
4074,92,4,0,False,0.3775012710666851,0.7191027486770944,"(0.1%,0.5%]","(-inf,161]",0
4075,279,4,0,False,0.33912880179546684,0.42887400186271685,"(0.1%,0.5%]","(275,386]",0
4076,288,0,0,True,0.1386497201806483,0.0,"(0.1%,0.5%]","(275,386]",0
4077,364,4,0,False,0.19176648112502476,0.19176648112502476,"(0.1%,0.5%]","(275,386]",0
4078,181,2,0,False,0.017528291776817848,0.25229603401816225,"(0.01%,0.1%]","(161,275]",0
4079,144,3,0,False,0.006339219592838817,0.006339219592838817,"(0,0.01%]","(-inf,161]",0
4080,297,0,0,True,1.0301488112970727,0.0,>0.5%,"(275,386]",0
4081,59,3,3,True,0.09926910505517947,0.0,"(0.01%,0.1%]","(-inf,161]",0
4082,298,4,2,False,0.23626151415248134,0.29121615953235,"(0.1%,0.5%]","(275,386]",0
4083,188,4,0,False,0.8430632686214826,0.8430632686214826,>0.5%,"(161,275]",0
4084,164,2,0,False,0.1622481522689898,0.1622481522689898,"(0.1%,0.5%]","(161,275]",0
4085,358,4,0,False,0.1037402184454012,0.1037402184454012,"(0.1%,0.5%]","(275,386]",0
4086,483,7,7,True,0.2645090881958038,0.0,"(0.1%,0.5%]","(386,inf]",7
4087,474,7,7,True,0.14907584705274496,0.0,"(0.1%,0.5%]","(386,inf]",7
4088,173,4,0,False,0.27975150377385377,0.4146740102289801,"(0.1%,0.5%]","(161,275]",0
4089,438,1,7,False,0.12125718013765355,0.12125718013765355,"(0.1%,0.5%]","(386,inf]",7
4090,205,7,2,False,0.4769228269763038,0.5788272706397033,"(0.1%,0.5%]","(161,275]",0
4091,231,0,6,False,0.23745456751861704,1.3795220257960372,"(0.1%,0.5%]","(161,275]",0
4092,177,0,0,True,0.6333302976968663,0.0,>0.5%,"(161,275]",0
4093,362,7,7,True,0.028116372246331928,0.0,"(0.01%,0.1%]","(275,386]",0
4094,235,7,7,True,0.11681665830824113,0.0,"(0.1%,0.5%]","(161,275]",0
4095,470,2,7,False,1.3900555029795107,1.8025636109712653,>0.5%,"(386,inf]",7
4096,431,2,2,True,0.1691054860559868,0.0,"(0.1%,0.5%]","(386,inf]",7
4097,225,0,0,True,0.12932971883503466,0.0,"(0.1%,0.5%]","(161,275]",0
4098,343,0,0,True,0.8342812370209827,0.0,>0.5%,"(275,386]",0
4099,178,0,0,True,0.8232718553623054,0.0,>0.5%,"(161,275]",0
4100,290,6,0,False,1.111902627852014,11.251994624224384,>0.5%,"(275,386]",0
4101,148,0,0,True,0.023773488026890506,0.0,"(0.01%,0.1%]","(-inf,161]",0
4102,486,2,0,False,0.035742424655920375,0.06979399389903682,"(0.01%,0.1%]","(386,inf]",7
4103,330,4,6,False,0.27736641519025124,0.8036012605139957,"(0.1%,0.5%]","(275,386]",0
4104,149,3,0,False,0.38201922914722225,3.28329775499965,"(0.1%,0.5%]","(-inf,161]",0
4105,416,0,0,True,0.20131958148985513,0.0,"(0.1%,0.5%]","(386,inf]",7
4106,211,0,0,True,0.5504310259152028,0.0,>0.5%,"(161,275]",0
4107,202,0,2,False,0.6610095679278071,1.6328958139278513,>0.5%,"(161,275]",0
4108,60,7,3,False,0.23089167823946893,0.23089167823946893,"(0.1%,0.5%]","(-inf,161]",0
4109,54,7,3,False,2.6811442885330063e-06,2.6811442885330063e-06,"(0,0.01%]","(-inf,161]",0
4110,313,6,7,False,0.6847069252022145,2.587296413965955,>0.5%,"(275,386]",0
4111,359,4,0,False,0.0985836467424555,0.0985836467424555,"(0.01%,0.1%]","(275,386]",0
4112,260,0,0,True,0.24129076909596417,0.0,"(0.1%,0.5%]","(161,275]",0
4113,398,6,0,False,0.7327049494605538,1.0124046626998726,>0.5%,"(386,inf]",7
4114,99,3,0,False,0.006676557033757137,0.006676557033757137,"(0,0.01%]","(-inf,161]",0
4115,228,4,0,False,0.8337436721501704,0.8337436721501704,>0.5%,"(161,275]",0
4116,468,7,7,True,0.6051680823299336,0.0,>0.5%,"(386,inf]",7
4117,81,3,3,True,0.2989921699961748,0.0,"(0.1%,0.5%]","(-inf,161]",0
4118,363,4,0,False,0.3175940010994874,0.6695677181972256,"(0.1%,0.5%]","(275,386]",0
4119,345,4,0,False,1.114323874801605,1.114323874801605,>0.5%,"(275,386]",0
4120,390,0,0,True,0.6030998464806131,0.0,>0.5%,"(386,inf]",7
4121,395,7,7,True,0.7274650934209528,0.0,>0.5%,"(386,inf]",7
4122,260,7,7,True,0.3484096065156449,0.0,"(0.1%,0.5%]","(161,275]",0
4123,284,0,0,True,0.027684832714562374,0.0,"(0.01%,0.1%]","(275,386]",0
4124,476,7,7,True,1.3217365917057255,0.0,>0.5%,"(386,inf]",7
4125,335,6,0,False,0.5685907876219272,1.8158704740025393,>0.5%,"(275,386]",0
4126,55,0,3,False,1.0736655920347756e-05,1.0736655920347756e-05,"(0,0.01%]","(-inf,161]",0
4127,263,3,7,False,0.10712791563280391,3.4467830043582692,"(0.1%,0.5%]","(161,275]",0
4128,470,7,7,True,0.19109024917230433,0.0,"(0.1%,0.5%]","(386,inf]",7
4129,143,4,0,False,0.08016149256914788,0.490697031022656,"(0.01%,0.1%]","(-inf,161]",0
4130,66,1,3,False,0.0,0.0020501269555294136,=0,"(-inf,161]",0
4131,446,2,7,False,0.16933723380312182,0.8399085336495646,"(0.1%,0.5%]","(386,inf]",7
4132,168,3,0,False,0.01485647307171649,0.01485647307171649,"(0.01%,0.1%]","(161,275]",0
4133,430,2,7,False,0.1646708978559552,0.1646708978559552,"(0.1%,0.5%]","(386,inf]",7
4134,150,0,0,True,0.11485415617704949,0.0,"(0.1%,0.5%]","(-inf,161]",0
4135,123,0,0,True,0.12160498912440719,0.0,"(0.1%,0.5%]","(-inf,161]",0
4136,318,1,7,False,0.5047197095943122,0.8835423177640191,>0.5%,"(275,386]",0
4137,123,0,0,True,1.8357423039683322e-06,0.0,"(0,0.01%]","(-inf,161]",0
4138,114,0,0,True,0.04585127940836401,0.0,"(0.01%,0.1%]","(-inf,161]",0
4139,78,0,3,False,6.088840567850142e-06,0.2843549433591695,"(0,0.01%]","(-inf,161]",0
4140,225,4,0,False,0.09084219233573936,0.09084219233573936,"(0.01%,0.1%]","(161,275]",0
4141,486,7,0,False,0.8574284001378949,1.273310985826836,>0.5%,"(386,inf]",7
4142,164,1,0,False,0.9292888188879347,10.351138439195587,>0.5%,"(161,275]",0
4143,214,6,0,False,1.1390041451239705,8.500715605421004,>0.5%,"(161,275]",0
4144,221,0,0,True,0.19410618718343364,0.0,"(0.1%,0.5%]","(161,275]",0
4145,205,4,0,False,0.1919000311246078,0.29966548056674824,"(0.1%,0.5%]","(161,275]",0
4146,51,6,3,False,6.824813644984406e-07,1.3807416758839013,"(0,0.01%]","(-inf,161]",0
4147,259,7,6,False,0.18711161744545105,0.2759401803697031,"(0.1%,0.5%]","(161,275]",0
4148,88,2,3,False,2.0576251922458343e-06,1.0543544028675207,"(0,0.01%]","(-inf,161]",0
4149,63,2,3,False,0.15094112694205397,1.2935311310345083,"(0.1%,0.5%]","(-inf,161]",0
4150,402,7,7,True,0.4414626084617022,0.0,"(0.1%,0.5%]","(386,inf]",7
4151,118,4,0,False,0.024883252498514512,0.024883252498514512,"(0.01%,0.1%]","(-inf,161]",0
4152,490,6,7,False,0.2477280901481521,0.2477280901481521,"(0.1%,0.5%]","(386,inf]",7
4153,176,0,0,True,0.1504862458952646,0.0,"(0.1%,0.5%]","(161,275]",0
4154,110,3,0,False,0.3659707901518087,0.6403114419853024,"(0.1%,0.5%]","(-inf,161]",0
4155,265,7,2,False,1.2635215255954786,1.5386971634729936,>0.5%,"(161,275]",0
4156,183,7,0,False,0.5455996726239918,7.283114645368456,>0.5%,"(161,275]",0
4157,189,2,0,False,0.04791026551277722,0.6106074470270197,"(0.01%,0.1%]","(161,275]",0
4158,111,3,0,False,5.442999063930127e-06,0.0002517755685171017,"(0,0.01%]","(-inf,161]",0
4159,95,3,3,True,0.4030334365731564,0.0,"(0.1%,0.5%]","(-inf,161]",0
4160,160,4,0,False,0.5857792366027801,0.5857792366027801,>0.5%,"(-inf,161]",0
4161,142,6,3,False,0.2931716399794364,0.2931716399794364,"(0.1%,0.5%]","(-inf,161]",0
4162,195,4,0,False,0.6097160566415287,0.6097160566415287,>0.5%,"(161,275]",0
4163,116,0,3,False,0.0660450193088471,1.1546914957034051,"(0.01%,0.1%]","(-inf,161]",0
4164,386,7,7,True,0.6001322902640599,0.0,>0.5%,"(275,386]",0
4165,260,7,7,True,0.15349430950618803,0.0,"(0.1%,0.5%]","(161,275]",0
4166,413,6,7,False,0.48078366801979405,0.48078366801979405,"(0.1%,0.5%]","(386,inf]",7
4167,141,4,0,False,0.6237071886153439,12.657581286076319,>0.5%,"(-inf,161]",0
4168,144,4,0,False,0.17591057051198472,1.8400262113698915,"(0.1%,0.5%]","(-inf,161]",0
4169,250,4,0,False,0.772583892458171,1.4238399937050457,>0.5%,"(161,275]",0
4170,105,3,3,True,0.43401684528103657,0.0,"(0.1%,0.5%]","(-inf,161]",0
4171,367,0,0,True,0.9640331563468947,0.0,>0.5%,"(275,386]",0
4172,165,5,0,False,0.21602258133887248,0.21602258133887248,"(0.1%,0.5%]","(161,275]",0
4173,181,7,0,False,0.15042146394327946,0.15042146394327946,"(0.1%,0.5%]","(161,275]",0
4174,58,0,3,False,1.0522037196874577e-05,0.4132319668328552,"(0,0.01%]","(-inf,161]",0
4175,71,1,3,False,3.5823936264028562e-06,0.024590441772794656,"(0,0.01%]","(-inf,161]",0
4176,342,2,7,False,0.728561480378034,0.728561480378034,>0.5%,"(275,386]",0
4177,166,6,2,False,0.002393468562133491,0.33234783863327017,"(0,0.01%]","(161,275]",0
4178,65,3,3,True,5.91951207031299e-06,0.0,"(0,0.01%]","(-inf,161]",0
4179,60,3,3,True,0.0,0.0,=0,"(-inf,161]",0
4180,327,0,0,True,0.07563923906566232,0.0,"(0.01%,0.1%]","(275,386]",0
4181,182,2,0,False,0.12024540089328963,0.32098105099035207,"(0.1%,0.5%]","(161,275]",0
4182,231,6,7,False,0.47508868520617226,0.4966152628166019,"(0.1%,0.5%]","(161,275]",0
4183,357,4,0,False,0.2123909655781411,0.2123909655781411,"(0.1%,0.5%]","(275,386]",0
4184,170,4,0,False,0.146116684796498,1.478023299539664,"(0.1%,0.5%]","(161,275]",0
4185,419,7,7,True,0.4777993051593114,0.0,"(0.1%,0.5%]","(386,inf]",7
4186,183,2,0,False,0.46314542490905036,0.46314542490905036,"(0.1%,0.5%]","(161,275]",0
4187,59,3,3,True,0.6081448496148455,0.0,>0.5%,"(-inf,161]",0
4188,198,4,0,False,0.14733079851856004,0.9528401150988862,"(0.1%,0.5%]","(161,275]",0
4189,280,6,7,False,0.0733866126144872,1.049005262261852,"(0.01%,0.1%]","(275,386]",0
4190,369,4,0,False,0.6489707893086791,0.6489707893086791,>0.5%,"(275,386]",0
4191,160,0,3,False,0.30655102136948514,0.30655102136948514,"(0.1%,0.5%]","(-inf,161]",0
4192,70,6,3,False,0.14368599364546225,0.2829023197172325,"(0.1%,0.5%]","(-inf,161]",0
4193,270,6,0,False,0.657887035888206,0.657887035888206,>0.5%,"(161,275]",0
4194,424,0,0,True,0.8316292152093646,0.0,>0.5%,"(386,inf]",7
4195,131,6,3,False,0.23568805452338112,0.23568805452338112,"(0.1%,0.5%]","(-inf,161]",0
4196,215,0,0,True,0.6463771859075053,0.0,>0.5%,"(161,275]",0
4197,217,0,0,True,0.5339383023419597,0.0,>0.5%,"(161,275]",0
4198,143,3,0,False,1.0186235687987664,11.89943995960861,>0.5%,"(-inf,161]",0
4199,91,0,3,False,0.03278083259516318,0.03278083259516318,"(0.01%,0.1%]","(-inf,161]",0
4200,464,0,7,False,0.055847024796944256,0.055847024796944256,"(0.01%,0.1%]","(386,inf]",7
4201,490,4,0,False,0.25271338991302256,1.0595558088773456,"(0.1%,0.5%]","(386,inf]",7
4202,383,1,6,False,0.3219492964018122,0.3219492964018122,"(0.1%,0.5%]","(275,386]",0
4203,442,7,7,True,0.23541307161689057,0.0,"(0.1%,0.5%]","(386,inf]",7
4204,359,4,0,False,0.3004057326375928,0.3004057326375928,"(0.1%,0.5%]","(275,386]",0
4205,270,0,0,True,0.26546965712953047,0.0,"(0.1%,0.5%]","(161,275]",0
4206,198,0,0,True,0.23298234630556852,0.0,"(0.1%,0.5%]","(161,275]",0
4207,326,7,7,True,0.556437132376123,0.0,>0.5%,"(275,386]",0
4208,51,3,3,True,0.0,0.0,=0,"(-inf,161]",0
4209,143,1,0,False,0.6446926644588923,0.8616601395786716,>0.5%,"(-inf,161]",0
4210,481,2,7,False,0.6796368918600504,0.6796368918600504,>0.5%,"(386,inf]",7
4211,165,4,0,False,0.1806266143712302,0.1806266143712302,"(0.1%,0.5%]","(161,275]",0
4212,349,7,7,True,0.5335009019275837,0.0,>0.5%,"(275,386]",0
4213,456,0,0,True,1.1044318291642679,0.0,>0.5%,"(386,inf]",7
4214,176,0,2,False,0.031419855673963756,0.031419855673963756,"(0.01%,0.1%]","(161,275]",0
4215,95,3,0,False,0.8176891382623909,0.8645401718195417,>0.5%,"(-inf,161]",0
4216,408,0,7,False,0.43702755658298637,1.6318919908078038,"(0.1%,0.5%]","(386,inf]",7
4217,132,0,0,True,0.3469351769767619,0.0,"(0.1%,0.5%]","(-inf,161]",0
4218,419,7,7,True,1.2493812252739152,0.0,>0.5%,"(386,inf]",7
4219,313,6,0,False,0.2852012255848522,0.294443963609244,"(0.1%,0.5%]","(275,386]",0
4220,285,2,7,False,0.5222790672690459,0.5222790672690459,>0.5%,"(275,386]",0
4221,497,0,0,True,0.74722046682444,0.0,>0.5%,"(386,inf]",7
4222,332,4,0,False,0.48383878142718767,0.48383878142718767,"(0.1%,0.5%]","(275,386]",0
4223,368,7,7,True,0.862152477193315,0.0,>0.5%,"(275,386]",0
4224,201,0,0,True,0.4620809783356332,0.0,"(0.1%,0.5%]","(161,275]",0
4225,128,0,0,True,0.06943839010987952,0.0,"(0.01%,0.1%]","(-inf,161]",0
4226,489,7,7,True,0.148342757233761,0.0,"(0.1%,0.5%]","(386,inf]",7
4227,209,0,0,True,1.0939749967794687,0.0,>0.5%,"(161,275]",0
4228,349,2,0,False,0.7104313697892602,2.214070252966185,>0.5%,"(275,386]",0
4229,321,4,2,False,0.0282928833978857,0.716887606006077,"(0.01%,0.1%]","(275,386]",0
4230,384,6,0,False,0.3109569682664996,1.445092015952869,"(0.1%,0.5%]","(275,386]",0
4231,460,4,7,False,0.04208051555845159,0.6712672211403238,"(0.01%,0.1%]","(386,inf]",7
4232,299,6,7,False,0.4825133374106229,0.4825133374106229,"(0.1%,0.5%]","(275,386]",0
4233,385,7,0,False,0.028550120915962762,0.09865624288643872,"(0.01%,0.1%]","(275,386]",0
4234,299,4,2,False,0.13141003646586005,1.2438553065724869,"(0.1%,0.5%]","(275,386]",0
4235,342,0,0,True,0.7181622049163323,0.0,>0.5%,"(275,386]",0
4236,465,4,0,False,0.5762794724180033,1.1954544171802712,>0.5%,"(386,inf]",7
4237,439,6,0,False,0.5554688538178458,1.2222222612439277,>0.5%,"(386,inf]",7
4238,361,4,0,False,0.551771057693769,0.551771057693769,>0.5%,"(275,386]",0
4239,454,0,0,True,0.5605877966400578,0.0,>0.5%,"(386,inf]",7
4240,435,7,7,True,0.9718178593276453,0.0,>0.5%,"(386,inf]",7
4241,351,7,7,True,0.023804111179841544,0.0,"(0.01%,0.1%]","(275,386]",0
4242,466,0,0,True,0.014615153575843375,0.0,"(0.01%,0.1%]","(386,inf]",7
4243,217,7,7,True,0.5574521255280976,0.0,>0.5%,"(161,275]",0
4244,95,0,0,True,0.30276126362070216,0.0,"(0.1%,0.5%]","(-inf,161]",0
4245,344,6,0,False,0.008632569927529173,6.679130152458805,"(0,0.01%]","(275,386]",0
4246,356,0,0,True,0.8771266525422677,0.0,>0.5%,"(275,386]",0
4247,406,6,7,False,0.5952393174408882,0.5952393174408882,>0.5%,"(386,inf]",7
4248,352,0,0,True,0.6103250837599492,0.0,>0.5%,"(275,386]",0
4249,350,4,7,False,0.09515590216837695,0.21009323411860809,"(0.01%,0.1%]","(275,386]",0
4250,273,0,0,True,0.6566814255910062,0.0,>0.5%,"(161,275]",0
4251,253,0,0,True,0.18783995181178645,0.0,"(0.1%,0.5%]","(161,275]",0
4252,151,0,0,True,0.16902319852938372,0.0,"(0.1%,0.5%]","(-inf,161]",0
4253,272,4,0,False,0.14175941924933536,0.14175941924933536,"(0.1%,0.5%]","(161,275]",0
4254,216,6,2,False,0.59708774094036,0.6528031749633042,>0.5%,"(161,275]",0
4255,339,6,0,False,0.31837185012323566,0.3576069718694584,"(0.1%,0.5%]","(275,386]",0
4256,354,7,7,True,0.43173377344254565,0.0,"(0.1%,0.5%]","(275,386]",0
4257,229,0,0,True,0.8826773160568067,0.0,>0.5%,"(161,275]",0
4258,401,0,0,True,1.6458560350166067,0.0,>0.5%,"(386,inf]",7
4259,485,7,7,True,0.19383873332714222,0.0,"(0.1%,0.5%]","(386,inf]",7
4260,291,0,0,True,0.30955917155059975,0.0,"(0.1%,0.5%]","(275,386]",0
4261,364,4,0,False,0.1722264246036197,0.3332011066563314,"(0.1%,0.5%]","(275,386]",0
4262,463,4,7,False,0.20065053985909345,0.2830180793087963,"(0.1%,0.5%]","(386,inf]",7
4263,494,7,7,True,0.10682569658187098,0.0,"(0.1%,0.5%]","(386,inf]",7
4264,387,1,7,False,1.0255596525621347,2.3009761057747644,>0.5%,"(386,inf]",7
4265,211,0,0,True,0.10040878601968463,0.0,"(0.1%,0.5%]","(161,275]",0
4266,323,2,7,False,0.2261561176734464,1.5554119083684828,"(0.1%,0.5%]","(275,386]",0
4267,215,0,0,True,0.13995456044493126,0.0,"(0.1%,0.5%]","(161,275]",0
4268,268,0,0,True,0.4315297100476925,0.0,"(0.1%,0.5%]","(161,275]",0
4269,93,3,3,True,0.21191005815547098,0.0,"(0.1%,0.5%]","(-inf,161]",0
4270,372,7,0,False,0.030340543663207358,1.8613395772948744,"(0.01%,0.1%]","(275,386]",0
4271,230,2,0,False,0.3184354374254899,4.039612276337306,"(0.1%,0.5%]","(161,275]",0
4272,199,7,0,False,0.2457675787135911,0.29483566586565824,"(0.1%,0.5%]","(161,275]",0
4273,228,6,7,False,0.3046078702860867,1.512268833455284,"(0.1%,0.5%]","(161,275]",0
4274,434,7,7,True,1.114565348769842,0.0,>0.5%,"(386,inf]",7
4275,390,0,0,True,0.17935984351902895,0.0,"(0.1%,0.5%]","(386,inf]",7
4276,135,2,0,False,0.2537971820976076,0.2537971820976076,"(0.1%,0.5%]","(-inf,161]",0
4277,452,7,7,True,0.5601479430436038,0.0,>0.5%,"(386,inf]",7
4278,345,0,0,True,0.13220304709251313,0.0,"(0.1%,0.5%]","(275,386]",0
4279,214,2,6,False,0.19647800277133778,0.31996257085405855,"(0.1%,0.5%]","(161,275]",0
4280,397,6,0,False,0.14029176811671104,0.9756405999872937,"(0.1%,0.5%]","(386,inf]",7
4281,109,3,0,False,0.01704396454184683,0.01704396454184683,"(0.01%,0.1%]","(-inf,161]",0
4282,179,6,0,False,0.16032185922533826,0.16032185922533826,"(0.1%,0.5%]","(161,275]",0
4283,438,1,7,False,0.1160475718404726,1.8280490539587895,"(0.1%,0.5%]","(386,inf]",7
4284,263,0,0,True,1.0155928876847768,0.0,>0.5%,"(161,275]",0
4285,60,4,3,False,0.034470400064096754,0.034470400064096754,"(0.01%,0.1%]","(-inf,161]",0
4286,173,4,0,False,0.12835847629200306,0.12835847629200306,"(0.1%,0.5%]","(161,275]",0
4287,410,0,7,False,0.1252215290527514,0.5961308195910698,"(0.1%,0.5%]","(386,inf]",7
4288,171,6,0,False,0.1418015563997585,0.1418015563997585,"(0.1%,0.5%]","(161,275]",0
4289,341,0,0,True,0.3813866167461339,0.0,"(0.1%,0.5%]","(275,386]",0
4290,183,7,4,False,0.26489626243547365,1.8846523074186665,"(0.1%,0.5%]","(161,275]",0
4291,286,1,0,False,0.24439707003504232,1.3546683165113793,"(0.1%,0.5%]","(275,386]",0
4292,417,7,7,True,0.6569693497037572,0.0,>0.5%,"(386,inf]",7
4293,497,0,0,True,1.7486430160545015,0.0,>0.5%,"(386,inf]",7
4294,449,2,0,False,0.23155575014324267,1.7628803854228905,"(0.1%,0.5%]","(386,inf]",7
4295,346,7,7,True,0.8507296367948277,0.0,>0.5%,"(275,386]",0
4296,133,4,0,False,0.01998245323918581,0.01998245323918581,"(0.01%,0.1%]","(-inf,161]",0
4297,388,4,0,False,0.19246353920715062,0.19246353920715062,"(0.1%,0.5%]","(386,inf]",7
4298,100,4,0,False,0.4620678749562452,0.49946947651868673,"(0.1%,0.5%]","(-inf,161]",0
4299,459,4,7,False,1.3373453710725858,1.4169885738686148,>0.5%,"(386,inf]",7
4300,276,4,0,False,0.2691619817162238,0.2691619817162238,"(0.1%,0.5%]","(275,386]",0
4301,156,7,0,False,0.45247173953876413,1.5665245833631516,"(0.1%,0.5%]","(-inf,161]",0
4302,262,0,0,True,0.10248250554416719,0.0,"(0.1%,0.5%]","(161,275]",0
4303,461,2,0,False,1.1821780806385904,1.2778537392635492,>0.5%,"(386,inf]",7
4304,273,0,0,True,0.6326633743243792,0.0,>0.5%,"(161,275]",0
4305,488,0,0,True,0.24545983567887342,0.0,"(0.1%,0.5%]","(386,inf]",7
4306,349,7,0,False,1.4485996057847401,3.559365840180992,>0.5%,"(275,386]",0
4307,358,6,7,False,0.8386427224937256,0.8386427224937256,>0.5%,"(275,386]",0
4308,203,0,0,True,0.05655968186600206,0.0,"(0.01%,0.1%]","(161,275]",0
4309,141,2,0,False,0.17395031003514344,8.850971894493341,"(0.1%,0.5%]","(-inf,161]",0
4310,314,4,0,False,0.2826686296771688,0.2826686296771688,"(0.1%,0.5%]","(275,386]",0
4311,122,7,0,False,0.2630324327528752,0.2630324327528752,"(0.1%,0.5%]","(-inf,161]",0
4312,393,4,7,False,0.030821560184864132,0.030821560184864132,"(0.01%,0.1%]","(386,inf]",7
4313,409,2,0,False,0.005317688044283698,0.005317688044283698,"(0,0.01%]","(386,inf]",7
4314,347,4,6,False,0.06401810765286736,0.5481235968821667,"(0.01%,0.1%]","(275,386]",0
4315,197,0,2,False,0.037809442879418745,0.037809442879418745,"(0.01%,0.1%]","(161,275]",0
4316,327,1,0,False,0.5108477695072141,0.5108477695072141,>0.5%,"(275,386]",0
4317,287,0,0,True,0.38328433938562567,0.0,"(0.1%,0.5%]","(275,386]",0
4318,202,6,0,False,0.8400485145110113,2.3193784372103994,>0.5%,"(161,275]",0
4319,430,6,0,False,0.5350518226131491,1.6570640147545521,>0.5%,"(386,inf]",7
4320,110,0,0,True,0.0671430592759792,0.0,"(0.01%,0.1%]","(-inf,161]",0
4321,88,3,3,True,0.2686757779718679,0.0,"(0.1%,0.5%]","(-inf,161]",0
4322,197,0,0,True,0.07361855206912035,0.0,"(0.01%,0.1%]","(161,275]",0
4323,389,2,7,False,0.05936299070150755,0.7331533081744782,"(0.01%,0.1%]","(386,inf]",7
4324,249,0,0,True,0.4047058365002103,0.0,"(0.1%,0.5%]","(161,275]",0
4325,434,6,7,False,0.2774700566474421,1.7182737321279742,"(0.1%,0.5%]","(386,inf]",7
4326,94,0,3,False,0.009024757280894517,0.25726525897170754,"(0,0.01%]","(-inf,161]",0
4327,361,0,0,True,0.42009365700774226,0.0,"(0.1%,0.5%]","(275,386]",0
4328,316,4,7,False,2.6565904185650604,2.6565904185650604,>0.5%,"(275,386]",0
4329,137,4,0,False,0.24453425860394185,0.24453425860394185,"(0.1%,0.5%]","(-inf,161]",0
4330,323,0,0,True,1.2014047439068762,0.0,>0.5%,"(275,386]",0
4331,74,0,3,False,0.0,0.029448973814337035,=0,"(-inf,161]",0
4332,262,0,0,True,0.3688813722372247,0.0,"(0.1%,0.5%]","(161,275]",0
4333,138,4,0,False,0.3400678857862634,0.6376803005006866,"(0.1%,0.5%]","(-inf,161]",0
4334,169,4,0,False,0.10693670077741187,0.10693670077741187,"(0.1%,0.5%]","(161,275]",0
4335,414,4,0,False,0.5368056019663318,0.5368056019663318,>0.5%,"(386,inf]",7
4336,144,0,0,True,0.40552682242950877,0.0,"(0.1%,0.5%]","(-inf,161]",0
4337,256,4,0,False,0.856891791377298,1.1393870480300403,>0.5%,"(161,275]",0
4338,373,2,7,False,0.3756765277021863,0.3756765277021863,"(0.1%,0.5%]","(275,386]",0
4339,367,4,0,False,0.3411276791900187,0.3411276791900187,"(0.1%,0.5%]","(275,386]",0
4340,433,2,7,False,1.109249843806078,2.2199012434575107,>0.5%,"(386,inf]",7
4341,133,0,0,True,0.2568912220866647,0.0,"(0.1%,0.5%]","(-inf,161]",0
4342,445,0,0,True,0.21334429875211575,0.0,"(0.1%,0.5%]","(386,inf]",7
4343,148,6,2,False,0.13468982618070402,0.13468982618070402,"(0.1%,0.5%]","(-inf,161]",0
4344,282,2,0,False,1.6748960857319293,2.3991171968405065,>0.5%,"(275,386]",0
4345,113,4,0,False,0.22527027472926797,0.3753308540634307,"(0.1%,0.5%]","(-inf,161]",0
4346,54,3,3,True,6.606838787784553e-06,0.0,"(0,0.01%]","(-inf,161]",0
4347,297,0,0,True,0.15612238439102472,0.0,"(0.1%,0.5%]","(275,386]",0
4348,199,1,7,False,0.15728871414975157,1.0726962579055448,"(0.1%,0.5%]","(161,275]",0
4349,425,0,7,False,0.3071013183832618,1.9632126465634836,"(0.1%,0.5%]","(386,inf]",7
4350,334,7,0,False,0.5065879863558364,0.5065879863558364,>0.5%,"(275,386]",0
4351,150,0,0,True,0.00042398598647798766,0.0,"(0,0.01%]","(-inf,161]",0
4352,332,4,0,False,0.2872507010818453,0.47319079664539765,"(0.1%,0.5%]","(275,386]",0
4353,418,4,0,False,0.47190165760193636,0.8930039342571596,"(0.1%,0.5%]","(386,inf]",7
4354,365,1,7,False,0.19488029190506728,0.19488029190506728,"(0.1%,0.5%]","(275,386]",0
4355,53,1,3,False,0.23280394567816257,0.23280394567816257,"(0.1%,0.5%]","(-inf,161]",0
4356,269,2,2,True,1.7053064821705148,0.0,>0.5%,"(161,275]",0
4357,241,6,0,False,0.5944322845599369,0.5944322845599369,>0.5%,"(161,275]",0
4358,279,0,0,True,0.22521836171381276,0.0,"(0.1%,0.5%]","(275,386]",0
4359,108,3,3,True,0.1424420658986137,0.0,"(0.1%,0.5%]","(-inf,161]",0
4360,253,2,0,False,0.05636798400574742,0.17259010001834804,"(0.01%,0.1%]","(161,275]",0
4361,183,0,0,True,0.5250040628958541,0.0,>0.5%,"(161,275]",0
4362,113,4,0,False,0.31712433571937704,0.31712433571937704,"(0.1%,0.5%]","(-inf,161]",0
4363,59,2,3,False,0.017766218974108097,0.017766218974108097,"(0.01%,0.1%]","(-inf,161]",0
4364,151,1,0,False,0.8576309931211236,7.295251585905017,>0.5%,"(-inf,161]",0
4365,245,6,7,False,0.44035250038008417,0.8809324823830331,"(0.1%,0.5%]","(161,275]",0
4366,160,3,3,True,0.31765982152771727,0.0,"(0.1%,0.5%]","(-inf,161]",0
4367,144,0,0,True,1.2695975024425372,0.0,>0.5%,"(-inf,161]",0
4368,87,5,3,False,0.16386443504806858,0.267963013453522,"(0.1%,0.5%]","(-inf,161]",0
4369,497,7,7,True,0.487803869961462,0.0,"(0.1%,0.5%]","(386,inf]",7
4370,105,0,3,False,0.09048711251837153,0.4650001362614547,"(0.01%,0.1%]","(-inf,161]",0
4371,300,0,0,True,0.823641529747364,0.0,>0.5%,"(275,386]",0
4372,276,0,0,True,0.1787792856120245,0.0,"(0.1%,0.5%]","(275,386]",0
4373,362,2,0,False,0.3790636619594566,0.3790636619594566,"(0.1%,0.5%]","(275,386]",0
4374,192,0,0,True,0.36029165551836784,0.0,"(0.1%,0.5%]","(161,275]",0
4375,439,7,7,True,0.7537257780656377,0.0,>0.5%,"(386,inf]",7
4376,230,0,0,True,0.5540164627177211,0.0,>0.5%,"(161,275]",0
4377,222,0,0,True,0.10413258272236468,0.0,"(0.1%,0.5%]","(161,275]",0
4378,209,2,0,False,0.3082264770643843,0.3082264770643843,"(0.1%,0.5%]","(161,275]",0
4379,222,6,0,False,0.522245945563775,1.9990093747244901,>0.5%,"(161,275]",0
4380,249,0,0,True,0.01784364079588138,0.0,"(0.01%,0.1%]","(161,275]",0
4381,238,3,0,False,0.2650680462979438,0.28721196640207175,"(0.1%,0.5%]","(161,275]",0
4382,366,6,7,False,0.018411065268115954,0.09808136090402234,"(0.01%,0.1%]","(275,386]",0
4383,457,4,0,False,0.3060652451275907,0.3060652451275907,"(0.1%,0.5%]","(386,inf]",7
4384,448,0,0,True,0.9033212415472882,0.0,>0.5%,"(386,inf]",7
4385,57,4,3,False,0.11549489571986592,0.1873834527746562,"(0.1%,0.5%]","(-inf,161]",0
4386,481,0,0,True,0.6191083032620961,0.0,>0.5%,"(386,inf]",7
4387,407,2,7,False,0.04591071022548897,0.04591071022548897,"(0.01%,0.1%]","(386,inf]",7
4388,164,0,0,True,0.10104187240764166,0.0,"(0.1%,0.5%]","(161,275]",0
4389,418,4,0,False,0.2602457866698803,0.9781466363847482,"(0.1%,0.5%]","(386,inf]",7
4390,349,0,0,True,0.16265724207767518,0.0,"(0.1%,0.5%]","(275,386]",0
4391,206,0,0,True,0.27252064440715973,0.0,"(0.1%,0.5%]","(161,275]",0
4392,449,6,0,False,0.32716839923705293,3.0083381662256636,"(0.1%,0.5%]","(386,inf]",7
4393,241,7,2,False,0.06983567466618526,0.2098399770992653,"(0.01%,0.1%]","(161,275]",0
4394,366,4,2,False,0.5381197482688361,1.6987811431052893,>0.5%,"(275,386]",0
4395,236,0,0,True,0.23712473745086524,0.0,"(0.1%,0.5%]","(161,275]",0
4396,92,0,0,True,0.0,0.0,=0,"(-inf,161]",0
4397,404,7,7,True,0.3826180843793911,0.0,"(0.1%,0.5%]","(386,inf]",7
4398,77,0,0,True,0.07335718065065974,0.0,"(0.01%,0.1%]","(-inf,161]",0
4399,395,7,0,False,0.3314448391867749,0.3314448391867749,"(0.1%,0.5%]","(386,inf]",7
4400,330,0,0,True,0.658632142719357,0.0,>0.5%,"(275,386]",0
4401,445,2,7,False,0.0878495153061736,1.5717482443789417,"(0.01%,0.1%]","(386,inf]",7
4402,232,6,0,False,0.9433963809102098,1.9289256721458332,>0.5%,"(161,275]",0
4403,144,0,0,True,0.020677569523399438,0.0,"(0.01%,0.1%]","(-inf,161]",0
4404,115,0,0,True,0.0,0.0,=0,"(-inf,161]",0
4405,301,4,0,False,0.36182780519067276,0.36182780519067276,"(0.1%,0.5%]","(275,386]",0
4406,355,0,0,True,0.520966449814326,0.0,>0.5%,"(275,386]",0
4407,193,0,0,True,0.5164305018851971,0.0,>0.5%,"(161,275]",0
4408,345,6,7,False,0.017163202243045506,0.017163202243045506,"(0.01%,0.1%]","(275,386]",0
4409,332,7,7,True,0.6039338573985132,0.0,>0.5%,"(275,386]",0
4410,227,7,0,False,1.5620643991656016,6.194400047925517,>0.5%,"(161,275]",0
4411,149,3,6,False,0.30328465694788476,0.30328465694788476,"(0.1%,0.5%]","(-inf,161]",0
4412,292,4,7,False,0.6791589829577406,1.3339857309548337,>0.5%,"(275,386]",0
4413,193,6,0,False,0.11078830314968276,1.7363843324206836,"(0.1%,0.5%]","(161,275]",0
4414,339,2,0,False,0.6067533825655758,0.6067533825655758,>0.5%,"(275,386]",0
4415,244,4,0,False,0.7840025702424039,1.7451088500158725,>0.5%,"(161,275]",0
4416,475,7,7,True,0.11247914649299788,0.0,"(0.1%,0.5%]","(386,inf]",7
4417,223,6,6,True,0.6607755354554333,0.0,>0.5%,"(161,275]",0
4418,169,2,0,False,0.5205740209165808,0.717415064310196,>0.5%,"(161,275]",0
4419,89,0,3,False,0.10013223821758578,0.10013223821758578,"(0.1%,0.5%]","(-inf,161]",0
4420,93,7,3,False,5.606713694056328e-06,0.03668575192980457,"(0,0.01%]","(-inf,161]",0
4421,123,2,0,False,0.07105776977017762,0.6160024052581657,"(0.01%,0.1%]","(-inf,161]",0
4422,141,2,3,False,0.04040171109115627,0.41754755013128514,"(0.01%,0.1%]","(-inf,161]",0
4423,307,0,0,True,0.2836617438549622,0.0,"(0.1%,0.5%]","(275,386]",0
4424,202,1,0,False,0.12698246991809947,6.833429801055205,"(0.1%,0.5%]","(161,275]",0
4425,54,3,3,True,0.48687155362993406,0.0,"(0.1%,0.5%]","(-inf,161]",0
4426,441,1,7,False,0.02319124008326648,0.02319124008326648,"(0.01%,0.1%]","(386,inf]",7
4427,445,4,7,False,0.13817201852016772,1.906634281654766,"(0.1%,0.5%]","(386,inf]",7
4428,145,0,0,True,0.44090694472073516,0.0,"(0.1%,0.5%]","(-inf,161]",0
4429,53,1,3,False,0.0,0.11341873716592321,=0,"(-inf,161]",0
4430,232,4,0,False,1.272960662919704,1.4324688151513203,>0.5%,"(161,275]",0
4431,344,7,2,False,0.833549960325061,0.833549960325061,>0.5%,"(275,386]",0
4432,230,0,0,True,1.9505309748262551,0.0,>0.5%,"(161,275]",0
4433,168,0,0,True,0.33320144235286614,0.0,"(0.1%,0.5%]","(161,275]",0
4434,78,4,3,False,0.0790894379797679,0.1239541580978014,"(0.01%,0.1%]","(-inf,161]",0
4435,337,7,0,False,0.6484435298429432,0.6484435298429432,>0.5%,"(275,386]",0
4436,205,5,7,False,0.3043659038249602,1.5855865659700208,"(0.1%,0.5%]","(161,275]",0
4437,85,3,3,True,0.06093502505815208,0.0,"(0.01%,0.1%]","(-inf,161]",0
4438,304,2,0,False,1.1244207832489277,1.5093582111779655,>0.5%,"(275,386]",0
4439,58,3,3,True,0.0,0.0,=0,"(-inf,161]",0
4440,336,0,0,True,0.4706561453795606,0.0,"(0.1%,0.5%]","(275,386]",0
4441,167,7,2,False,0.31527223696995194,1.6849962345873513,"(0.1%,0.5%]","(161,275]",0
4442,246,0,0,True,0.778804908893599,0.0,>0.5%,"(161,275]",0
4443,176,2,0,False,0.362052952254532,0.362052952254532,"(0.1%,0.5%]","(161,275]",0
4444,270,6,0,False,0.3299888154870687,0.3299888154870687,"(0.1%,0.5%]","(161,275]",0
4445,324,2,7,False,1.1690464698304759,1.1690464698304759,>0.5%,"(275,386]",0
4446,340,4,0,False,0.20702151934214214,0.20702151934214214,"(0.1%,0.5%]","(275,386]",0
4447,483,7,7,True,0.30685676440736015,0.0,"(0.1%,0.5%]","(386,inf]",7
4448,90,3,3,True,0.2662988443794712,0.0,"(0.1%,0.5%]","(-inf,161]",0
4449,442,1,7,False,0.505209217363592,1.1031075078905936,>0.5%,"(386,inf]",7
4450,211,0,0,True,1.3960947929879073,0.0,>0.5%,"(161,275]",0
4451,479,0,0,True,0.40692969450915933,0.0,"(0.1%,0.5%]","(386,inf]",7
4452,121,4,0,False,0.10944237510517264,0.10944237510517264,"(0.1%,0.5%]","(-inf,161]",0
4453,61,0,3,False,0.006252848298969662,0.9292477566142805,"(0,0.01%]","(-inf,161]",0
4454,130,7,0,False,0.11533305528969423,0.11533305528969423,"(0.1%,0.5%]","(-inf,161]",0
4455,442,4,0,False,0.4189597078151069,0.972778575678146,"(0.1%,0.5%]","(386,inf]",7
4456,88,0,0,True,0.07128502518897031,0.0,"(0.01%,0.1%]","(-inf,161]",0
4457,336,2,0,False,0.16206749567519957,1.7336511579496494,"(0.1%,0.5%]","(275,386]",0
4458,443,7,7,True,0.5470343192939695,0.0,>0.5%,"(386,inf]",7
4459,70,0,3,False,9.526757374734334e-06,0.1732250293447944,"(0,0.01%]","(-inf,161]",0
4460,436,7,7,True,0.17522547876498445,0.0,"(0.1%,0.5%]","(386,inf]",7
4461,282,6,7,False,0.9784253666336066,1.3666334325663545,>0.5%,"(275,386]",0
4462,61,0,3,False,0.0,0.0,=0,"(-inf,161]",0
4463,242,6,0,False,0.43071405912832783,5.761749943470254,"(0.1%,0.5%]","(161,275]",0
4464,296,6,0,False,0.04800235926861894,1.453421486198424,"(0.01%,0.1%]","(275,386]",0
4465,446,1,7,False,0.6375401908127828,0.7302626696872916,>0.5%,"(386,inf]",7
4466,428,0,0,True,0.33454840498119887,0.0,"(0.1%,0.5%]","(386,inf]",7
4467,261,0,0,True,0.5819988728459053,0.0,>0.5%,"(161,275]",0
4468,196,7,0,False,0.17042603869773487,0.17042603869773487,"(0.1%,0.5%]","(161,275]",0
4469,375,0,0,True,0.8890408719401734,0.0,>0.5%,"(275,386]",0
4470,251,0,0,True,0.5790758499345923,0.0,>0.5%,"(161,275]",0
4471,239,0,0,True,0.15238443855893152,0.0,"(0.1%,0.5%]","(161,275]",0
4472,131,3,0,False,0.4995008985979661,0.8901757878545994,"(0.1%,0.5%]","(-inf,161]",0
4473,109,0,3,False,0.0,0.9720873489506673,=0,"(-inf,161]",0
4474,390,7,7,True,0.607053177991679,0.0,>0.5%,"(386,inf]",7
4475,478,7,7,True,0.2898409772580625,0.0,"(0.1%,0.5%]","(386,inf]",7
4476,223,0,0,True,0.332545978222424,0.0,"(0.1%,0.5%]","(161,275]",0
4477,372,6,7,False,0.09625897301634823,0.09625897301634823,"(0.01%,0.1%]","(275,386]",0
4478,326,2,7,False,0.20357566704721253,2.2920468078067615,"(0.1%,0.5%]","(275,386]",0
4479,252,0,0,True,0.1989596901523898,0.0,"(0.1%,0.5%]","(161,275]",0
4480,106,7,3,False,0.18413869333784946,0.40553546580441563,"(0.1%,0.5%]","(-inf,161]",0
4481,238,0,0,True,0.24339470052182682,0.0,"(0.1%,0.5%]","(161,275]",0
4482,380,4,7,False,0.019247113121673026,0.061348275193030107,"(0.01%,0.1%]","(275,386]",0
4483,242,4,7,False,0.30459835838421395,2.1452089446502547,"(0.1%,0.5%]","(161,275]",0
4484,446,7,7,True,0.4666349072733388,0.0,"(0.1%,0.5%]","(386,inf]",7
4485,139,0,3,False,0.3672442649936187,0.7692101066882208,"(0.1%,0.5%]","(-inf,161]",0
4486,399,0,0,True,0.6363008806283783,0.0,>0.5%,"(386,inf]",7
4487,463,0,7,False,0.31500669258956937,1.8642689401408827,"(0.1%,0.5%]","(386,inf]",7
4488,166,3,0,False,0.37502970050299195,3.07061583274976,"(0.1%,0.5%]","(161,275]",0
4489,128,6,3,False,0.4991955701457602,0.535268144585584,"(0.1%,0.5%]","(-inf,161]",0
4490,182,4,0,False,0.2179261539892705,0.2179261539892705,"(0.1%,0.5%]","(161,275]",0
4491,250,2,0,False,0.0481955864349074,1.386696195814879,"(0.01%,0.1%]","(161,275]",0
4492,434,6,7,False,0.8682641535407148,1.5643191222235624,>0.5%,"(386,inf]",7
4493,132,0,0,True,0.8017423186221448,0.0,>0.5%,"(-inf,161]",0
4494,94,3,3,True,0.40184085624290133,0.0,"(0.1%,0.5%]","(-inf,161]",0
4495,159,0,0,True,0.21455761630228232,0.0,"(0.1%,0.5%]","(-inf,161]",0
4496,257,0,0,True,0.004331667910156828,0.0,"(0,0.01%]","(161,275]",0
4497,138,3,0,False,0.2992004429144952,0.6979284258725855,"(0.1%,0.5%]","(-inf,161]",0
4498,61,1,3,False,0.0,3.0465386950211766e-07,=0,"(-inf,161]",0
4499,246,0,0,True,1.077735102194788,0.0,>0.5%,"(161,275]",0
4500,236,7,0,False,0.5785146338353085,0.5785146338353085,>0.5%,"(161,275]",0
4501,397,7,7,True,0.1862440348273699,0.0,"(0.1%,0.5%]","(386,inf]",7
4502,499,6,7,False,0.5079987499887404,0.8018004662973043,>0.5%,"(386,inf]",7
4503,117,3,0,False,0.32575386270284834,3.81676295970434,"(0.1%,0.5%]","(-inf,161]",0
4504,235,2,2,True,0.9616311186365403,0.0,>0.5%,"(161,275]",0
4505,124,4,0,False,0.05838111818043839,1.3380360144950487,"(0.01%,0.1%]","(-inf,161]",0
4506,161,7,0,False,0.013990271015677645,0.013990271015677645,"(0.01%,0.1%]","(-inf,161]",0
4507,458,4,0,False,0.11706334300995412,0.7641479061909197,"(0.1%,0.5%]","(386,inf]",7
4508,133,1,3,False,0.16101737637427574,0.16101737637427574,"(0.1%,0.5%]","(-inf,161]",0
4509,317,4,0,False,0.6074632748650547,0.6248955225078442,>0.5%,"(275,386]",0
4510,129,2,2,True,0.08773692084318849,0.0,"(0.01%,0.1%]","(-inf,161]",0
4511,390,6,0,False,0.45976359589212784,0.45976359589212784,"(0.1%,0.5%]","(386,inf]",7
4512,399,6,7,False,0.2331141537605563,0.43875375589848187,"(0.1%,0.5%]","(386,inf]",7
4513,81,0,3,False,0.479331864578125,0.479331864578125,"(0.1%,0.5%]","(-inf,161]",0
4514,430,4,0,False,0.040275923984804604,0.040275923984804604,"(0.01%,0.1%]","(386,inf]",7
4515,149,0,0,True,0.041267452669456674,0.0,"(0.01%,0.1%]","(-inf,161]",0
4516,180,7,0,False,0.24056460351883252,0.559819571269895,"(0.1%,0.5%]","(161,275]",0
4517,376,7,0,False,0.18012526393696146,0.18012526393696146,"(0.1%,0.5%]","(275,386]",0
4518,154,0,0,True,0.7695094863134129,0.0,>0.5%,"(-inf,161]",0
4519,463,6,7,False,0.28168380410213545,1.0130049279479036,"(0.1%,0.5%]","(386,inf]",7
4520,382,2,0,False,0.4542585858364612,0.6127286055280409,"(0.1%,0.5%]","(275,386]",0
4521,327,7,0,False,0.07817634992804355,0.07817634992804355,"(0.01%,0.1%]","(275,386]",0
4522,192,2,0,False,0.5920269428997124,1.1636480668717102,>0.5%,"(161,275]",0
4523,96,4,3,False,0.08840447185806319,0.19506048642248133,"(0.01%,0.1%]","(-inf,161]",0
4524,216,6,0,False,0.0796560899302374,1.5761954306849462,"(0.01%,0.1%]","(161,275]",0
4525,101,6,3,False,0.029885069963959378,0.029885069963959378,"(0.01%,0.1%]","(-inf,161]",0
4526,64,6,3,False,0.1322365808102056,0.4935689233584134,"(0.1%,0.5%]","(-inf,161]",0
4527,416,7,7,True,0.3299613265201404,0.0,"(0.1%,0.5%]","(386,inf]",7
4528,411,0,7,False,0.2692383739715269,0.2692383739715269,"(0.1%,0.5%]","(386,inf]",7
4529,445,6,0,False,0.13013197961887896,0.9607213128234529,"(0.1%,0.5%]","(386,inf]",7
4530,285,0,0,True,0.08648944888476104,0.0,"(0.01%,0.1%]","(275,386]",0
4531,202,0,0,True,0.6975969142353511,0.0,>0.5%,"(161,275]",0
4532,403,2,7,False,0.18778012128488172,1.6929715986310343,"(0.1%,0.5%]","(386,inf]",7
4533,184,0,0,True,0.4180271162959279,0.0,"(0.1%,0.5%]","(161,275]",0
4534,417,2,7,False,0.33764529644949304,0.33764529644949304,"(0.1%,0.5%]","(386,inf]",7
4535,92,1,0,False,7.856790084537823e-06,0.2371847940060707,"(0,0.01%]","(-inf,161]",0
4536,86,3,3,True,0.37944419232086746,0.0,"(0.1%,0.5%]","(-inf,161]",0
4537,76,0,3,False,8.665384363088618e-06,0.0290030414632576,"(0,0.01%]","(-inf,161]",0
4538,339,2,7,False,1.4187144209883717,1.4187144209883717,>0.5%,"(275,386]",0
4539,303,0,2,False,0.41170657466895555,1.4793057154761244,"(0.1%,0.5%]","(275,386]",0
4540,297,0,0,True,0.46604861619090676,0.0,"(0.1%,0.5%]","(275,386]",0
4541,136,3,0,False,1.1546198353077697,1.883140920362359,>0.5%,"(-inf,161]",0
4542,396,0,7,False,0.27178575501661933,1.3669037925086884,"(0.1%,0.5%]","(386,inf]",7
4543,245,7,0,False,0.07163772729656949,0.233754561998205,"(0.01%,0.1%]","(161,275]",0
4544,431,0,7,False,0.7105508371408091,1.156119494590358,>0.5%,"(386,inf]",7
4545,323,0,0,True,0.6266959793698409,0.0,>0.5%,"(275,386]",0
4546,449,2,7,False,0.1691286738569549,0.1691286738569549,"(0.1%,0.5%]","(386,inf]",7
4547,337,7,7,True,0.10312145151025927,0.0,"(0.1%,0.5%]","(275,386]",0
4548,228,6,2,False,0.23668318565958224,0.5087541247725875,"(0.1%,0.5%]","(161,275]",0
4549,458,6,7,False,0.2308348305904498,0.37298708281798115,"(0.1%,0.5%]","(386,inf]",7
4550,107,2,3,False,0.3470557269849374,0.7554295766296828,"(0.1%,0.5%]","(-inf,161]",0
4551,153,2,3,False,0.6848841651624606,0.6848841651624606,>0.5%,"(-inf,161]",0
4552,173,0,0,True,0.951526101207268,0.0,>0.5%,"(161,275]",0
4553,379,0,7,False,0.12449554774142665,0.12449554774142665,"(0.1%,0.5%]","(275,386]",0
4554,303,0,0,True,0.9046062266643056,0.0,>0.5%,"(275,386]",0
4555,303,2,0,False,0.026665450142769342,0.026665450142769342,"(0.01%,0.1%]","(275,386]",0
4556,403,2,0,False,0.37008457470972844,1.1158066149143018,"(0.1%,0.5%]","(386,inf]",7
4557,173,0,0,True,2.130614502404054,0.0,>0.5%,"(161,275]",0
4558,324,0,0,True,0.002168279217475025,0.0,"(0,0.01%]","(275,386]",0
4559,141,0,0,True,0.6788401303846338,0.0,>0.5%,"(-inf,161]",0
4560,206,0,0,True,0.8877460834897605,0.0,>0.5%,"(161,275]",0
4561,214,1,0,False,1.9265133279652244e-05,0.7109548993855691,"(0,0.01%]","(161,275]",0
4562,227,0,0,True,0.48975959212377546,0.0,"(0.1%,0.5%]","(161,275]",0
4563,152,4,0,False,1.2640307653665515,7.212890932456428,>0.5%,"(-inf,161]",0
4564,198,4,0,False,0.15039771884843162,0.7953829998362777,"(0.1%,0.5%]","(161,275]",0
4565,194,4,0,False,0.5123099332207997,0.6912123421195712,>0.5%,"(161,275]",0
4566,447,7,7,True,0.32337650160471537,0.0,"(0.1%,0.5%]","(386,inf]",7
4567,474,0,0,True,0.9639937137201559,0.0,>0.5%,"(386,inf]",7
4568,324,7,7,True,1.2743050195024908,0.0,>0.5%,"(275,386]",0
4569,228,7,2,False,0.02869791824979525,1.564293143838087,"(0.01%,0.1%]","(161,275]",0
4570,61,4,3,False,0.3065882944700126,0.3065882944700126,"(0.1%,0.5%]","(-inf,161]",0
4571,126,4,3,False,0.12908352387293479,0.12908352387293479,"(0.1%,0.5%]","(-inf,161]",0
4572,496,7,7,True,0.4541308263900181,0.0,"(0.1%,0.5%]","(386,inf]",7
4573,311,6,6,True,0.3354205904438135,0.0,"(0.1%,0.5%]","(275,386]",0
4574,115,7,3,False,0.30729926473874475,0.30729926473874475,"(0.1%,0.5%]","(-inf,161]",0
4575,271,0,0,True,0.3493625791422321,0.0,"(0.1%,0.5%]","(161,275]",0
4576,176,0,0,True,0.14540677674091407,0.0,"(0.1%,0.5%]","(161,275]",0
4577,359,0,0,True,0.2900382737215148,0.0,"(0.1%,0.5%]","(275,386]",0
4578,308,7,2,False,0.10731258766203561,0.3746448758185693,"(0.1%,0.5%]","(275,386]",0
4579,256,2,0,False,0.3538715505161891,0.7604221085462542,"(0.1%,0.5%]","(161,275]",0
4580,495,0,7,False,0.3221736060676571,1.2184856107686504,"(0.1%,0.5%]","(386,inf]",7
4581,233,0,0,True,0.09501439412934333,0.0,"(0.01%,0.1%]","(161,275]",0
4582,183,0,0,True,0.6540144572127657,0.0,>0.5%,"(161,275]",0
4583,270,6,0,False,0.4571610522429725,0.6767019692871701,"(0.1%,0.5%]","(161,275]",0
4584,326,2,0,False,0.2913650912030309,0.2913650912030309,"(0.1%,0.5%]","(275,386]",0
4585,441,0,0,True,0.1357621760180229,0.0,"(0.1%,0.5%]","(386,inf]",7
4586,316,6,0,False,1.3396323731640303,2.2718578429033887,>0.5%,"(275,386]",0
4587,465,0,7,False,0.20802289563176182,0.20802289563176182,"(0.1%,0.5%]","(386,inf]",7
4588,303,1,7,False,0.07974659573562048,0.07974659573562048,"(0.01%,0.1%]","(275,386]",0
4589,374,6,7,False,0.4122301166205206,1.2368431524820171,"(0.1%,0.5%]","(275,386]",0
4590,439,0,0,True,0.8351588853624567,0.0,>0.5%,"(386,inf]",7
4591,382,1,7,False,0.8610959788838215,1.4823682950169976,>0.5%,"(275,386]",0
4592,420,2,7,False,1.0052518729934221,1.0052518729934221,>0.5%,"(386,inf]",7
4593,265,6,7,False,1.3023972849017604,1.3023972849017604,>0.5%,"(161,275]",0
4594,110,3,3,True,0.21218008369187774,0.0,"(0.1%,0.5%]","(-inf,161]",0
4595,372,0,0,True,0.01534529803556597,0.0,"(0.01%,0.1%]","(275,386]",0
4596,415,7,7,True,0.7623882151544833,0.0,>0.5%,"(386,inf]",7
4597,59,3,3,True,5.761471068992094e-06,0.0,"(0,0.01%]","(-inf,161]",0
4598,368,2,7,False,0.10582432491693702,0.10582432491693702,"(0.1%,0.5%]","(275,386]",0
4599,338,2,7,False,0.46593762068717487,0.46593762068717487,"(0.1%,0.5%]","(275,386]",0
4600,371,6,7,False,0.39819110438293137,0.39819110438293137,"(0.1%,0.5%]","(275,386]",0
4601,466,0,0,True,0.7448612793418636,0.0,>0.5%,"(386,inf]",7
4602,78,3,3,True,0.2259274484351698,0.0,"(0.1%,0.5%]","(-inf,161]",0
4603,105,0,0,True,0.06601651937059438,0.0,"(0.01%,0.1%]","(-inf,161]",0
4604,94,0,3,False,0.08731250196436928,0.08731250196436928,"(0.01%,0.1%]","(-inf,161]",0
4605,210,0,6,False,0.16830502441941958,2.789392707959184,"(0.1%,0.5%]","(161,275]",0
4606,260,4,7,False,0.9313841939934921,1.3218274040791624,>0.5%,"(161,275]",0
4607,127,2,0,False,0.78622540859379,4.918018953562148,>0.5%,"(-inf,161]",0
4608,372,6,7,False,0.6385389669241508,0.8613963243138062,>0.5%,"(275,386]",0
4609,190,6,0,False,0.13579881887029652,3.759940484988745,"(0.1%,0.5%]","(161,275]",0
4610,237,0,0,True,0.018730300619727035,0.0,"(0.01%,0.1%]","(161,275]",0
4611,174,0,0,True,0.07471667816136476,0.0,"(0.01%,0.1%]","(161,275]",0
4612,469,7,7,True,0.2677795102094921,0.0,"(0.1%,0.5%]","(386,inf]",7
4613,149,4,0,False,0.4558627685759718,0.5767306765088754,"(0.1%,0.5%]","(-inf,161]",0
4614,340,6,0,False,0.057850441618695465,0.057850441618695465,"(0.01%,0.1%]","(275,386]",0
4615,483,6,7,False,0.41593381287944226,1.291477516254328,"(0.1%,0.5%]","(386,inf]",7
4616,253,4,7,False,0.4297972385794458,1.0044835616926922,"(0.1%,0.5%]","(161,275]",0
4617,264,0,0,True,0.5518349774957666,0.0,>0.5%,"(161,275]",0
4618,216,6,7,False,0.18328806879405773,0.18328806879405773,"(0.1%,0.5%]","(161,275]",0
4619,276,4,0,False,0.010967654173816134,0.4905942890638032,"(0.01%,0.1%]","(275,386]",0
4620,122,6,3,False,0.5548839858153133,0.9634520242680685,>0.5%,"(-inf,161]",0
4621,355,4,0,False,0.034431506801067886,0.034431506801067886,"(0.01%,0.1%]","(275,386]",0
4622,472,0,0,True,0.9994317600304989,0.0,>0.5%,"(386,inf]",7
4623,252,6,2,False,0.3604012403625788,0.593247086061469,"(0.1%,0.5%]","(161,275]",0
4624,498,7,7,True,0.0012113830048102155,0.0,"(0,0.01%]","(386,inf]",7
4625,73,6,3,False,0.10686921402638448,0.5063810115506358,"(0.1%,0.5%]","(-inf,161]",0
4626,366,4,0,False,0.36693294254073827,0.36693294254073827,"(0.1%,0.5%]","(275,386]",0
4627,105,4,3,False,0.17397140566491226,1.2183693386787497,"(0.1%,0.5%]","(-inf,161]",0
4628,91,0,3,False,0.05750642358986908,0.05750642358986908,"(0.01%,0.1%]","(-inf,161]",0
4629,155,0,0,True,0.8483014081959575,0.0,>0.5%,"(-inf,161]",0
4630,441,7,7,True,0.48600280978487004,0.0,"(0.1%,0.5%]","(386,inf]",7
4631,489,2,7,False,0.8428326116136846,0.9164806058464348,>0.5%,"(386,inf]",7
4632,276,4,0,False,0.5078648530769869,0.5078648530769869,>0.5%,"(275,386]",0
4633,74,4,3,False,1.9735687965025827e-06,0.04602158424818443,"(0,0.01%]","(-inf,161]",0
4634,191,0,0,True,0.3712074933259943,0.0,"(0.1%,0.5%]","(161,275]",0
4635,121,4,0,False,0.007850013314569998,1.786427868359337,"(0,0.01%]","(-inf,161]",0
4636,397,0,0,True,1.9808957211484481,0.0,>0.5%,"(386,inf]",7
4637,286,0,0,True,0.2835881031978055,0.0,"(0.1%,0.5%]","(275,386]",0
4638,441,7,7,True,0.5936676875519137,0.0,>0.5%,"(386,inf]",7
4639,494,7,7,True,0.2796414758461105,0.0,"(0.1%,0.5%]","(386,inf]",7
4640,74,7,3,False,0.020140643395194932,0.020140643395194932,"(0.01%,0.1%]","(-inf,161]",0
4641,266,4,0,False,1.8856547480776438,2.2101423044337514,>0.5%,"(161,275]",0
4642,394,4,0,False,0.9296671356942262,5.700300616532444,>0.5%,"(386,inf]",7
4643,170,3,0,False,0.01781838116058683,0.01781838116058683,"(0.01%,0.1%]","(161,275]",0
4644,315,0,0,True,0.5076110037096498,0.0,>0.5%,"(275,386]",0
4645,266,6,0,False,0.1384738087202685,2.123925247376983,"(0.1%,0.5%]","(161,275]",0
4646,427,7,0,False,0.19558780483893254,0.4330211495806687,"(0.1%,0.5%]","(386,inf]",7
4647,219,0,0,True,0.35482281146051586,0.0,"(0.1%,0.5%]","(161,275]",0
4648,236,1,2,False,0.7462776175192213,0.8965521358491599,>0.5%,"(161,275]",0
4649,399,2,0,False,0.07796357757160763,0.8440891366576924,"(0.01%,0.1%]","(386,inf]",7
4650,381,6,7,False,0.07234696046124911,2.6898458231183056,"(0.01%,0.1%]","(275,386]",0
4651,229,0,0,True,0.4095958264164056,0.0,"(0.1%,0.5%]","(161,275]",0
4652,453,7,7,True,0.5125548442920564,0.0,>0.5%,"(386,inf]",7
4653,483,2,7,False,0.5392586213840904,1.376794439317214,>0.5%,"(386,inf]",7
4654,412,0,0,True,1.0541793358128893,0.0,>0.5%,"(386,inf]",7
4655,326,7,7,True,0.9866933195366596,0.0,>0.5%,"(275,386]",0
4656,216,2,0,False,1.6120150384786924,2.514886822671745,>0.5%,"(161,275]",0
4657,214,2,2,True,0.16860684711704477,0.0,"(0.1%,0.5%]","(161,275]",0
4658,343,7,7,True,0.10305858945034634,0.0,"(0.1%,0.5%]","(275,386]",0
4659,470,2,0,False,0.2970404150829503,1.2816509011574637,"(0.1%,0.5%]","(386,inf]",7
4660,295,7,7,True,0.5685462940890531,0.0,>0.5%,"(275,386]",0
4661,468,6,7,False,0.29343012332010837,0.6016126566996066,"(0.1%,0.5%]","(386,inf]",7
4662,214,2,7,False,0.26128881586038993,2.4014093583252483,"(0.1%,0.5%]","(161,275]",0
4663,407,7,0,False,0.49092120560534375,5.937433159017342,"(0.1%,0.5%]","(386,inf]",7
4664,208,0,0,True,0.2942975941615934,0.0,"(0.1%,0.5%]","(161,275]",0
4665,496,2,7,False,1.2250556951342264,1.2250556951342264,>0.5%,"(386,inf]",7
4666,203,0,0,True,0.3873360596728323,0.0,"(0.1%,0.5%]","(161,275]",0
4667,289,0,0,True,0.21114158438290384,0.0,"(0.1%,0.5%]","(275,386]",0
4668,459,7,0,False,0.2205467281784804,0.2205467281784804,"(0.1%,0.5%]","(386,inf]",7
4669,445,7,7,True,0.17260321313072757,0.0,"(0.1%,0.5%]","(386,inf]",7
4670,446,0,0,True,0.23993683226518026,0.0,"(0.1%,0.5%]","(386,inf]",7
4671,434,6,7,False,0.48370451876854303,0.48370451876854303,"(0.1%,0.5%]","(386,inf]",7
4672,457,6,7,False,0.5185365830555814,0.5185365830555814,>0.5%,"(386,inf]",7
4673,102,0,0,True,0.1448319968221358,0.0,"(0.1%,0.5%]","(-inf,161]",0
4674,349,6,7,False,0.033315473498860076,3.232440163140877,"(0.01%,0.1%]","(275,386]",0
4675,290,4,7,False,1.1534327009823537,1.281801068888282,>0.5%,"(275,386]",0
4676,332,0,0,True,1.0445609479997042,0.0,>0.5%,"(275,386]",0
4677,356,6,0,False,0.04096171357375273,0.8325873512993859,"(0.01%,0.1%]","(275,386]",0
4678,441,7,7,True,0.8026152011237908,0.0,>0.5%,"(386,inf]",7
4679,417,0,0,True,0.5504337702350752,0.0,>0.5%,"(386,inf]",7
4680,379,4,0,False,0.3727904008468588,0.3727904008468588,"(0.1%,0.5%]","(275,386]",0
4681,67,3,3,True,0.640934391041205,0.0,>0.5%,"(-inf,161]",0
4682,262,2,2,True,0.7184133363323743,0.0,>0.5%,"(161,275]",0
4683,419,0,0,True,0.2579210643411331,0.0,"(0.1%,0.5%]","(386,inf]",7
4684,248,7,0,False,0.9172863837220567,4.033587704947491,>0.5%,"(161,275]",0
4685,113,2,3,False,0.0038570632868278926,0.6946031037284951,"(0,0.01%]","(-inf,161]",0
4686,252,0,0,True,0.3588018124250691,0.0,"(0.1%,0.5%]","(161,275]",0
4687,387,0,0,True,0.5522876819921412,0.0,>0.5%,"(386,inf]",7
4688,347,0,0,True,0.14843995126434587,0.0,"(0.1%,0.5%]","(275,386]",0
4689,203,2,0,False,0.3222735209659607,0.3222735209659607,"(0.1%,0.5%]","(161,275]",0
4690,401,7,0,False,0.498064424628774,0.6220138460870455,"(0.1%,0.5%]","(386,inf]",7
4691,232,4,0,False,0.2790672460668386,0.2790672460668386,"(0.1%,0.5%]","(161,275]",0
4692,135,0,0,True,0.5926360499835635,0.0,>0.5%,"(-inf,161]",0
4693,366,2,7,False,0.31645567194866203,0.9504939980141295,"(0.1%,0.5%]","(275,386]",0
4694,337,1,6,False,0.3263239598763913,0.8943922296186444,"(0.1%,0.5%]","(275,386]",0
4695,490,6,0,False,0.12548707354727964,0.47565364462919396,"(0.1%,0.5%]","(386,inf]",7
4696,124,7,3,False,0.038465823053317055,0.3555432403293646,"(0.01%,0.1%]","(-inf,161]",0
4697,368,4,0,False,0.07772542001644867,1.1285765853727836,"(0.01%,0.1%]","(275,386]",0
4698,444,2,7,False,0.3731553626550194,0.3731553626550194,"(0.1%,0.5%]","(386,inf]",7
4699,285,0,0,True,0.5125030821727777,0.0,>0.5%,"(275,386]",0
4700,273,0,7,False,0.07606398295534668,2.8735690775297007,"(0.01%,0.1%]","(161,275]",0
4701,326,6,0,False,0.2625710975228973,0.5315673489667498,"(0.1%,0.5%]","(275,386]",0
4702,278,4,0,False,0.6095164397486819,1.3990477040176137,>0.5%,"(275,386]",0
4703,174,7,0,False,0.2520942561215131,0.2520942561215131,"(0.1%,0.5%]","(161,275]",0
4704,252,7,0,False,0.7685546714645843,1.8481490744211582,>0.5%,"(161,275]",0
4705,155,7,0,False,0.19744184526346806,0.4896836713676857,"(0.1%,0.5%]","(-inf,161]",0
4706,291,0,0,True,1.6123544417916877,0.0,>0.5%,"(275,386]",0
4707,336,0,0,True,0.44321778390048083,0.0,"(0.1%,0.5%]","(275,386]",0
4708,277,6,0,False,0.4669181898776683,1.1572330558954982,"(0.1%,0.5%]","(275,386]",0
4709,267,0,0,True,2.4992926040467967,0.0,>0.5%,"(161,275]",0
4710,186,3,4,False,0.30043035118246686,0.4461200354920196,"(0.1%,0.5%]","(161,275]",0
4711,162,0,0,True,0.6423429880856939,0.0,>0.5%,"(161,275]",0
4712,400,4,0,False,0.21033164114230493,0.21033164114230493,"(0.1%,0.5%]","(386,inf]",7
4713,470,0,0,True,0.42274424026005186,0.0,"(0.1%,0.5%]","(386,inf]",7
4714,150,6,2,False,0.2529260774691221,2.1411252606633107,"(0.1%,0.5%]","(-inf,161]",0
4715,338,7,7,True,0.6695820887909363,0.0,>0.5%,"(275,386]",0
4716,209,0,0,True,0.47802150275827027,0.0,"(0.1%,0.5%]","(161,275]",0
4717,425,7,7,True,0.14095821146904883,0.0,"(0.1%,0.5%]","(386,inf]",7
4718,443,6,7,False,0.5730201481917108,0.5900649775832785,>0.5%,"(386,inf]",7
4719,444,1,0,False,0.9972491018646177,0.9972491018646177,>0.5%,"(386,inf]",7
4720,90,0,3,False,0.0689345396950114,0.09241137814579796,"(0.01%,0.1%]","(-inf,161]",0
4721,124,3,3,True,0.41815236226039004,0.0,"(0.1%,0.5%]","(-inf,161]",0
4722,336,7,7,True,1.1218075377980807,0.0,>0.5%,"(275,386]",0
4723,138,1,3,False,0.609820876303376,0.609820876303376,>0.5%,"(-inf,161]",0
4724,336,6,0,False,0.3721615287658462,0.6126214603091985,"(0.1%,0.5%]","(275,386]",0
4725,103,3,3,True,0.7862708715907565,0.0,>0.5%,"(-inf,161]",0
4726,166,4,0,False,0.20696341931745063,0.20696341931745063,"(0.1%,0.5%]","(161,275]",0
4727,398,0,0,True,1.2114975587810912,0.0,>0.5%,"(386,inf]",7
4728,80,3,3,True,0.17265521665930209,0.0,"(0.1%,0.5%]","(-inf,161]",0
4729,143,0,0,True,2.1882171286798555,0.0,>0.5%,"(-inf,161]",0
4730,141,1,3,False,0.08475219134211288,0.30583532863846796,"(0.01%,0.1%]","(-inf,161]",0
4731,178,0,0,True,0.591334952621361,0.0,>0.5%,"(161,275]",0
4732,132,2,0,False,0.20278454805230284,1.192016520954203,"(0.1%,0.5%]","(-inf,161]",0
4733,422,6,7,False,0.6290888938317375,0.6290888938317375,>0.5%,"(386,inf]",7
4734,84,0,3,False,0.0,0.9929403667273674,=0,"(-inf,161]",0
4735,220,6,0,False,0.13006377325153115,0.9863224782906567,"(0.1%,0.5%]","(161,275]",0
4736,345,7,0,False,0.32699114198288276,2.6191912878449086,"(0.1%,0.5%]","(275,386]",0
4737,77,1,3,False,0.07054333961455772,0.07054333961455772,"(0.01%,0.1%]","(-inf,161]",0
4738,88,4,3,False,0.14641584825634565,1.0845383866452936,"(0.1%,0.5%]","(-inf,161]",0
4739,267,0,0,True,0.4204289513796397,0.0,"(0.1%,0.5%]","(161,275]",0
4740,275,0,0,True,0.17564958648985468,0.0,"(0.1%,0.5%]","(161,275]",0
4741,302,4,0,False,0.8765814049876395,0.8765814049876395,>0.5%,"(275,386]",0
4742,379,0,7,False,0.35002844193229316,0.35002844193229316,"(0.1%,0.5%]","(275,386]",0
4743,458,4,7,False,0.28912780503239255,0.28912780503239255,"(0.1%,0.5%]","(386,inf]",7
4744,473,1,2,False,0.8574728845466987,1.4152623438836065,>0.5%,"(386,inf]",7
4745,355,2,2,True,0.440093815402152,0.0,"(0.1%,0.5%]","(275,386]",0
4746,176,4,0,False,0.5505827180497371,1.4785806132740036,>0.5%,"(161,275]",0
4747,314,1,7,False,0.034218382008042766,2.129718032417464,"(0.01%,0.1%]","(275,386]",0
4748,372,0,0,True,1.325405454567799,0.0,>0.5%,"(275,386]",0
4749,156,4,0,False,0.46477729384069116,1.0460705598986355,"(0.1%,0.5%]","(-inf,161]",0
4750,274,4,0,False,0.47129647495664534,1.1350964015192064,"(0.1%,0.5%]","(161,275]",0
4751,421,2,0,False,0.3946042970464852,0.5291729821711502,"(0.1%,0.5%]","(386,inf]",7
4752,192,4,0,False,0.5634401761162324,0.5634401761162324,>0.5%,"(161,275]",0
4753,460,7,7,True,0.26829690076497426,0.0,"(0.1%,0.5%]","(386,inf]",7
4754,366,4,0,False,0.9576854199317326,1.5000807457242225,>0.5%,"(275,386]",0
4755,133,7,0,False,0.2632727336232079,0.2632727336232079,"(0.1%,0.5%]","(-inf,161]",0
4756,441,0,7,False,0.9915174649051542,2.2365086497598092,>0.5%,"(386,inf]",7
4757,365,4,0,False,0.4685273312697214,0.7310271858203373,"(0.1%,0.5%]","(275,386]",0
4758,369,0,0,True,0.03301091489368588,0.0,"(0.01%,0.1%]","(275,386]",0
4759,344,7,0,False,0.22941347112665675,0.2740046519469393,"(0.1%,0.5%]","(275,386]",0
4760,383,1,7,False,0.15204138840603995,0.15204138840603995,"(0.1%,0.5%]","(275,386]",0
4761,348,0,0,True,0.7679043943673849,0.0,>0.5%,"(275,386]",0
4762,348,6,0,False,0.01802235605538944,2.11098986206708,"(0.01%,0.1%]","(275,386]",0
4763,392,7,7,True,1.3913815196918489,0.0,>0.5%,"(386,inf]",7
4764,490,7,0,False,0.37669664488351806,2.616277850225,"(0.1%,0.5%]","(386,inf]",7
4765,235,3,0,False,0.20375265482932653,6.320415469951373,"(0.1%,0.5%]","(161,275]",0
4766,55,2,3,False,0.00845853824126842,0.06547235862771587,"(0,0.01%]","(-inf,161]",0
4767,347,7,7,True,0.5912258361325907,0.0,>0.5%,"(275,386]",0
4768,195,6,0,False,0.42039209874330924,1.250415582557271,"(0.1%,0.5%]","(161,275]",0
4769,433,2,7,False,0.38852759733513265,1.0828579212598572,"(0.1%,0.5%]","(386,inf]",7
4770,238,2,2,True,0.8565253506325791,0.0,>0.5%,"(161,275]",0
4771,300,0,0,True,0.0602452862652986,0.0,"(0.01%,0.1%]","(275,386]",0
4772,398,2,7,False,1.2380997382590646,2.9994793241097923,>0.5%,"(386,inf]",7
4773,318,7,7,True,1.3569190287763888,0.0,>0.5%,"(275,386]",0
4774,82,3,3,True,1.040798124115604e-05,0.0,"(0,0.01%]","(-inf,161]",0
4775,400,0,0,True,0.4432118373776333,0.0,"(0.1%,0.5%]","(386,inf]",7
4776,338,7,0,False,0.276234738004216,3.181919017486918,"(0.1%,0.5%]","(275,386]",0
4777,231,2,0,False,0.16804866119662193,1.3108966840865983,"(0.1%,0.5%]","(161,275]",0
4778,343,0,0,True,0.3852649810276627,0.0,"(0.1%,0.5%]","(275,386]",0
4779,361,4,0,False,0.45235262255744985,0.45235262255744985,"(0.1%,0.5%]","(275,386]",0
4780,240,0,0,True,0.08948233465732361,0.0,"(0.01%,0.1%]","(161,275]",0
4781,73,0,3,False,0.03400143608312625,0.03400143608312625,"(0.01%,0.1%]","(-inf,161]",0
4782,332,6,6,True,0.227121561602777,0.0,"(0.1%,0.5%]","(275,386]",0
4783,292,7,7,True,0.8854958522636988,0.0,>0.5%,"(275,386]",0
4784,245,0,0,True,0.8778677424304054,0.0,>0.5%,"(161,275]",0
4785,82,2,3,False,1.0287811855668143,1.251038915041667,>0.5%,"(-inf,161]",0
4786,474,7,7,True,0.07457480561125275,0.0,"(0.01%,0.1%]","(386,inf]",7
4787,199,6,0,False,0.1773484186827989,0.19493440530858155,"(0.1%,0.5%]","(161,275]",0
4788,445,0,0,True,0.5271594226627424,0.0,>0.5%,"(386,inf]",7
4789,466,1,0,False,0.37000582913804925,0.4302659802340733,"(0.1%,0.5%]","(386,inf]",7
4790,154,4,0,False,0.013286894473210308,0.4291984786759775,"(0.01%,0.1%]","(-inf,161]",0
4791,489,7,7,True,1.3667268902794545,0.0,>0.5%,"(386,inf]",7
4792,345,4,0,False,0.14852103121904275,0.14852103121904275,"(0.1%,0.5%]","(275,386]",0
4793,122,0,0,True,0.5306398798472289,0.0,>0.5%,"(-inf,161]",0
4794,380,2,0,False,0.11108847045223232,0.11108847045223232,"(0.1%,0.5%]","(275,386]",0
4795,456,0,0,True,0.19555728363483202,0.0,"(0.1%,0.5%]","(386,inf]",7
4796,352,0,0,True,0.6389214957710582,0.0,>0.5%,"(275,386]",0
4797,60,5,3,False,0.011154117772348295,0.011154117772348295,"(0.01%,0.1%]","(-inf,161]",0
4798,448,7,7,True,1.0894397931766928,0.0,>0.5%,"(386,inf]",7
4799,406,7,7,True,0.3442190563661419,0.0,"(0.1%,0.5%]","(386,inf]",7
4800,356,6,7,False,0.6853836417700386,0.8485157158349745,>0.5%,"(275,386]",0
4801,390,4,0,False,0.17033440041884856,0.17033440041884856,"(0.1%,0.5%]","(386,inf]",7
4802,238,0,2,False,0.13790541216001218,0.13790541216001218,"(0.1%,0.5%]","(161,275]",0
4803,467,4,0,False,0.4346744354246558,0.4346744354246558,"(0.1%,0.5%]","(386,inf]",7
4804,460,7,0,False,0.8044546977783564,1.8078988043042958,>0.5%,"(386,inf]",7
4805,281,0,0,True,0.3159755781278055,0.0,"(0.1%,0.5%]","(275,386]",0
4806,408,2,0,False,1.0034635133234489,1.5183094086205198,>0.5%,"(386,inf]",7
4807,186,0,0,True,0.023487738110586673,0.0,"(0.01%,0.1%]","(161,275]",0
4808,366,7,0,False,0.5855118574118542,0.5855118574118542,>0.5%,"(275,386]",0
4809,93,0,3,False,0.02716874359303685,0.060515270718094635,"(0.01%,0.1%]","(-inf,161]",0
4810,134,3,0,False,0.4404083358152878,0.4404083358152878,"(0.1%,0.5%]","(-inf,161]",0
4811,459,2,7,False,1.0422871989614502,1.2238617913025027,>0.5%,"(386,inf]",7
4812,321,1,7,False,0.7110411774218682,0.9822505611979412,>0.5%,"(275,386]",0
4813,72,6,3,False,1.5405084426624997e-06,1.1462559967727282e-05,"(0,0.01%]","(-inf,161]",0
4814,265,0,0,True,0.4659332217084883,0.0,"(0.1%,0.5%]","(161,275]",0
4815,296,7,7,True,0.5811656000362972,0.0,>0.5%,"(275,386]",0
4816,420,0,7,False,0.3494898597744883,0.3494898597744883,"(0.1%,0.5%]","(386,inf]",7
4817,57,7,3,False,2.0512673945259197e-14,0.507760798054954,"(0,0.01%]","(-inf,161]",0
4818,232,2,6,False,0.29573269971807625,0.37752425130848993,"(0.1%,0.5%]","(161,275]",0
4819,73,0,3,False,0.07440576549712333,0.11222955226507089,"(0.01%,0.1%]","(-inf,161]",0
4820,287,2,0,False,0.3885246847644308,0.3885246847644308,"(0.1%,0.5%]","(275,386]",0
4821,485,0,0,True,0.35492973178223636,0.0,"(0.1%,0.5%]","(386,inf]",7
4822,382,0,0,True,1.251642509964975,0.0,>0.5%,"(275,386]",0
4823,363,0,2,False,0.5073679402061714,0.5073679402061714,>0.5%,"(275,386]",0
4824,58,3,3,True,1.699940923262726e-06,0.0,"(0,0.01%]","(-inf,161]",0
4825,112,2,3,False,0.2141177585118471,0.24965336039968145,"(0.1%,0.5%]","(-inf,161]",0
4826,275,6,2,False,0.06076657649440796,0.06076657649440796,"(0.01%,0.1%]","(161,275]",0
4827,153,7,2,False,0.7250584815697327,0.7250584815697327,>0.5%,"(-inf,161]",0
4828,182,4,0,False,0.9639027349741967,4.780818660507212,>0.5%,"(161,275]",0
4829,234,0,0,True,0.2029988438158163,0.0,"(0.1%,0.5%]","(161,275]",0
4830,64,3,3,True,0.6543901041142374,0.0,>0.5%,"(-inf,161]",0
4831,85,3,3,True,0.12066533787039649,0.0,"(0.1%,0.5%]","(-inf,161]",0
4832,141,0,0,True,0.03211632335208689,0.0,"(0.01%,0.1%]","(-inf,161]",0
4833,480,0,0,True,0.26212200160287086,0.0,"(0.1%,0.5%]","(386,inf]",7
4834,457,0,0,True,1.3308328150144235,0.0,>0.5%,"(386,inf]",7
4835,85,1,3,False,1.960217816158843e-06,1.960217816158843e-06,"(0,0.01%]","(-inf,161]",0
4836,217,7,7,True,0.10593389051337807,0.0,"(0.1%,0.5%]","(161,275]",0
4837,381,0,0,True,0.8088256127589806,0.0,>0.5%,"(275,386]",0
4838,332,4,0,False,0.04891163298307724,0.04891163298307724,"(0.01%,0.1%]","(275,386]",0
4839,90,0,3,False,0.40090401657142116,0.5034734472911366,"(0.1%,0.5%]","(-inf,161]",0
4840,248,0,0,True,0.33751236842227844,0.0,"(0.1%,0.5%]","(161,275]",0
4841,445,7,7,True,0.3966160185533574,0.0,"(0.1%,0.5%]","(386,inf]",7
4842,359,0,0,True,0.5788295121764034,0.0,>0.5%,"(275,386]",0
4843,266,1,7,False,0.9623455395699803,1.0143882219860385,>0.5%,"(161,275]",0
4844,79,3,0,False,0.05908982606623779,0.24313470660861655,"(0.01%,0.1%]","(-inf,161]",0
4845,99,7,3,False,0.4806598010391692,0.5259366007897635,"(0.1%,0.5%]","(-inf,161]",0
4846,380,0,0,True,1.2178822418359565,0.0,>0.5%,"(275,386]",0
4847,387,2,7,False,0.2583170655002684,0.2583170655002684,"(0.1%,0.5%]","(386,inf]",7
4848,302,0,0,True,0.02656817320804328,0.0,"(0.01%,0.1%]","(275,386]",0
4849,141,0,0,True,0.3335843798864463,0.0,"(0.1%,0.5%]","(-inf,161]",0
4850,105,0,3,False,6.517097977156546e-06,0.11142137798996778,"(0,0.01%]","(-inf,161]",0
4851,68,1,3,False,0.0,6.175523144335638e-06,=0,"(-inf,161]",0
4852,97,3,0,False,0.02139465616508151,1.0424007543497371,"(0.01%,0.1%]","(-inf,161]",0
4853,366,2,7,False,0.007465622488363328,0.007465622488363328,"(0,0.01%]","(275,386]",0
4854,474,2,7,False,0.45924520775946054,1.5112636281365062,"(0.1%,0.5%]","(386,inf]",7
4855,179,4,0,False,0.09156483014411128,0.48892771826623316,"(0.01%,0.1%]","(161,275]",0
4856,243,7,0,False,1.4064055836704321,14.466737858502645,>0.5%,"(161,275]",0
4857,241,0,0,True,0.9018447968386307,0.0,>0.5%,"(161,275]",0
4858,66,4,3,False,0.04256703473837685,0.04380706784570383,"(0.01%,0.1%]","(-inf,161]",0
4859,135,0,0,True,0.2502351787013867,0.0,"(0.1%,0.5%]","(-inf,161]",0
4860,355,6,7,False,0.07762937503631114,1.081065395528574,"(0.01%,0.1%]","(275,386]",0
4861,131,3,0,False,0.659971833984172,0.6762590076523524,>0.5%,"(-inf,161]",0
4862,247,0,0,True,1.8593488496783925,0.0,>0.5%,"(161,275]",0
4863,114,3,0,False,0.0055222197234595476,6.041212079652377,"(0,0.01%]","(-inf,161]",0
4864,341,4,0,False,0.4180177581966281,1.4456519643828876,"(0.1%,0.5%]","(275,386]",0
4865,118,0,0,True,0.18786018265825669,0.0,"(0.1%,0.5%]","(-inf,161]",0
4866,394,4,0,False,0.4085657073017595,0.4085657073017595,"(0.1%,0.5%]","(386,inf]",7
4867,303,4,0,False,0.8770512441986523,1.5007497294023018,>0.5%,"(275,386]",0
4868,360,7,7,True,0.546287742930931,0.0,>0.5%,"(275,386]",0
4869,397,1,7,False,0.4912211854890974,0.4912211854890974,"(0.1%,0.5%]","(386,inf]",7
4870,97,0,0,True,0.2794381389117434,0.0,"(0.1%,0.5%]","(-inf,161]",0
4871,203,2,0,False,1.2251760322410263,4.009317079999479,>0.5%,"(161,275]",0
4872,299,0,0,True,0.6035318849412491,0.0,>0.5%,"(275,386]",0
4873,91,1,3,False,0.14600416590394932,0.3173719431447267,"(0.1%,0.5%]","(-inf,161]",0
4874,191,4,0,False,0.701652761006762,0.701652761006762,>0.5%,"(161,275]",0
4875,323,0,0,True,0.27146137890022004,0.0,"(0.1%,0.5%]","(275,386]",0
4876,350,0,0,True,0.2707513592014117,0.0,"(0.1%,0.5%]","(275,386]",0
4877,466,0,0,True,0.21819964186014423,0.0,"(0.1%,0.5%]","(386,inf]",7
4878,64,3,3,True,0.0,0.0,=0,"(-inf,161]",0
4879,128,6,0,False,0.2617743916745433,0.3294436098422628,"(0.1%,0.5%]","(-inf,161]",0
4880,250,7,0,False,0.5216457873187461,0.5216457873187461,>0.5%,"(161,275]",0
4881,438,0,0,True,0.23072294418901282,0.0,"(0.1%,0.5%]","(386,inf]",7
4882,278,4,0,False,0.4012188663243802,0.4012188663243802,"(0.1%,0.5%]","(275,386]",0
4883,271,0,0,True,0.7160753635280291,0.0,>0.5%,"(161,275]",0
4884,420,6,7,False,0.5194218998321454,0.5194218998321454,>0.5%,"(386,inf]",7
4885,307,2,0,False,0.3367445369742842,1.5920434362382683,"(0.1%,0.5%]","(275,386]",0
4886,423,7,7,True,0.1497324980336881,0.0,"(0.1%,0.5%]","(386,inf]",7
4887,213,7,7,True,0.4033898660743802,0.0,"(0.1%,0.5%]","(161,275]",0
4888,195,6,0,False,0.06373597443654472,0.06373597443654472,"(0.01%,0.1%]","(161,275]",0
4889,121,0,0,True,0.6283592829802763,0.0,>0.5%,"(-inf,161]",0
4890,59,1,3,False,0.06572055430503217,0.15196193819329504,"(0.01%,0.1%]","(-inf,161]",0
4891,256,2,2,True,1.2580094326337914,0.0,>0.5%,"(161,275]",0
4892,249,0,7,False,0.44065657509359285,1.2009104064392608,"(0.1%,0.5%]","(161,275]",0
4893,196,6,0,False,1.2877527590553626,1.2877527590553626,>0.5%,"(161,275]",0
4894,121,7,0,False,0.06832312613544146,0.48426773249298316,"(0.01%,0.1%]","(-inf,161]",0
4895,117,0,0,True,0.23546444622242788,0.0,"(0.1%,0.5%]","(-inf,161]",0
4896,336,7,7,True,0.9326131098143718,0.0,>0.5%,"(275,386]",0
4897,219,6,0,False,0.0010330398825969878,0.0010330398825969878,"(0,0.01%]","(161,275]",0
4898,138,1,3,False,0.15597803919666525,1.208449415936851,"(0.1%,0.5%]","(-inf,161]",0
4899,115,4,0,False,0.9852291503732395,9.976409661390178,>0.5%,"(-inf,161]",0
4900,194,7,2,False,0.25085255605354917,2.0966969571204768,"(0.1%,0.5%]","(161,275]",0
4901,206,0,0,True,0.6555848431810133,0.0,>0.5%,"(161,275]",0
4902,66,0,3,False,0.0,0.0,=0,"(-inf,161]",0
4903,73,3,3,True,0.14857522967406706,0.0,"(0.1%,0.5%]","(-inf,161]",0
4904,151,7,0,False,0.6605045534099415,5.843099667586489,>0.5%,"(-inf,161]",0
4905,475,7,7,True,0.8184774327716023,0.0,>0.5%,"(386,inf]",7
4906,391,7,7,True,0.562954187240143,0.0,>0.5%,"(386,inf]",7
4907,402,7,7,True,1.2416029016962928,0.0,>0.5%,"(386,inf]",7
4908,360,2,7,False,1.4722531387456947,1.4956646026512694,>0.5%,"(275,386]",0
4909,264,0,0,True,0.341719283761746,0.0,"(0.1%,0.5%]","(161,275]",0
4910,491,7,7,True,0.5923227780364231,0.0,>0.5%,"(386,inf]",7
4911,275,2,7,False,0.07654496776723173,0.07654496776723173,"(0.01%,0.1%]","(161,275]",0
4912,446,4,7,False,0.20912400431765255,0.20912400431765255,"(0.1%,0.5%]","(386,inf]",7
4913,405,0,0,True,1.654375825767267,0.0,>0.5%,"(386,inf]",7
4914,341,6,0,False,0.6835632386889893,1.2809449942285829,>0.5%,"(275,386]",0
4915,183,2,2,True,0.32446360371799454,0.0,"(0.1%,0.5%]","(161,275]",0
4916,241,4,0,False,0.9017792055409779,0.9017792055409779,>0.5%,"(161,275]",0
4917,305,6,7,False,0.44550369814185997,1.3580938683742705,"(0.1%,0.5%]","(275,386]",0
4918,496,4,0,False,0.27140096695637733,0.27140096695637733,"(0.1%,0.5%]","(386,inf]",7
4919,286,6,0,False,0.5823226238739009,2.983354597061157,>0.5%,"(275,386]",0
4920,101,0,0,True,0.7232263417849134,0.0,>0.5%,"(-inf,161]",0
4921,366,6,7,False,0.4518341408397088,0.8131554874331223,"(0.1%,0.5%]","(275,386]",0
4922,386,6,0,False,0.9771450261762309,1.873042362716333,>0.5%,"(275,386]",0
4923,111,0,0,True,0.04029623065949004,0.0,"(0.01%,0.1%]","(-inf,161]",0
4924,371,7,0,False,0.061324873690830145,0.061324873690830145,"(0.01%,0.1%]","(275,386]",0
4925,134,4,3,False,0.10906151035369865,0.16160942021357075,"(0.1%,0.5%]","(-inf,161]",0
4926,349,7,7,True,0.06536044482651028,0.0,"(0.01%,0.1%]","(275,386]",0
4927,80,0,0,True,0.028056047418863948,0.0,"(0.01%,0.1%]","(-inf,161]",0
4928,101,6,3,False,0.03342011777402256,3.556833744191375,"(0.01%,0.1%]","(-inf,161]",0
4929,182,0,0,True,0.4823370785310222,0.0,"(0.1%,0.5%]","(161,275]",0
4930,118,7,3,False,0.033944266728720765,0.0458238672657808,"(0.01%,0.1%]","(-inf,161]",0
4931,130,0,0,True,0.21337817238115164,0.0,"(0.1%,0.5%]","(-inf,161]",0
4932,230,2,0,False,0.4868866129341164,0.6600206730631035,"(0.1%,0.5%]","(161,275]",0
4933,158,0,0,True,0.1843989774759777,0.0,"(0.1%,0.5%]","(-inf,161]",0
4934,256,2,0,False,0.8216045102980074,0.8216045102980074,>0.5%,"(161,275]",0
4935,446,4,0,False,0.18654174238642732,0.18654174238642732,"(0.1%,0.5%]","(386,inf]",7
4936,475,4,0,False,0.41254606051667103,0.41254606051667103,"(0.1%,0.5%]","(386,inf]",7
4937,461,0,0,True,0.5548893353318392,0.0,>0.5%,"(386,inf]",7
4938,259,0,0,True,0.5614474461258475,0.0,>0.5%,"(161,275]",0
4939,286,0,0,True,0.15641285569468438,0.0,"(0.1%,0.5%]","(275,386]",0
4940,320,7,0,False,1.025816161564888,3.359702468524458,>0.5%,"(275,386]",0
4941,337,4,0,False,0.837234894394558,0.837234894394558,>0.5%,"(275,386]",0
4942,435,7,7,True,1.6962424331722876,0.0,>0.5%,"(386,inf]",7
4943,193,4,0,False,0.025732606452936086,0.025732606452936086,"(0.01%,0.1%]","(161,275]",0
4944,191,0,0,True,0.5080498531257043,0.0,>0.5%,"(161,275]",0
4945,88,7,3,False,0.04394390028033702,0.09452490385760362,"(0.01%,0.1%]","(-inf,161]",0
4946,292,4,0,False,0.26314737320993475,0.4772855114007264,"(0.1%,0.5%]","(275,386]",0
4947,286,2,7,False,1.221920406461917,1.221920406461917,>0.5%,"(275,386]",0
4948,338,2,7,False,0.2144411088796624,0.3119343178307238,"(0.1%,0.5%]","(275,386]",0
4949,63,3,3,True,0.006663519574185602,0.0,"(0,0.01%]","(-inf,161]",0
4950,392,2,0,False,0.011423765123214595,0.011423765123214595,"(0.01%,0.1%]","(386,inf]",7
4951,154,0,0,True,0.20549843648198338,0.0,"(0.1%,0.5%]","(-inf,161]",0
4952,440,4,0,False,0.5120750737981029,0.5120750737981029,>0.5%,"(386,inf]",7
4953,91,3,0,False,0.5431803466221286,0.5431803466221286,>0.5%,"(-inf,161]",0
4954,279,4,0,False,0.8276953176743784,0.8276953176743784,>0.5%,"(275,386]",0
4955,389,1,0,False,0.004513531466081349,0.5590087219037577,"(0,0.01%]","(386,inf]",7
4956,280,0,0,True,0.31521641361791,0.0,"(0.1%,0.5%]","(275,386]",0
4957,230,0,0,True,0.6368384652020957,0.0,>0.5%,"(161,275]",0
4958,398,4,7,False,1.125939355370966,1.125939355370966,>0.5%,"(386,inf]",7
4959,102,4,0,False,0.07326886481582393,0.07326886481582393,"(0.01%,0.1%]","(-inf,161]",0
4960,323,2,7,False,1.13970029424891,1.1751022318502615,>0.5%,"(275,386]",0
4961,63,0,3,False,0.0,0.0,=0,"(-inf,161]",0
4962,241,0,0,True,0.5199210454437566,0.0,>0.5%,"(161,275]",0
4963,450,7,0,False,0.33868992340705484,0.7918604955219675,"(0.1%,0.5%]","(386,inf]",7
4964,182,7,2,False,0.9872400648401718,1.8873135128893195,>0.5%,"(161,275]",0
4965,221,7,7,True,0.5558562680812761,0.0,>0.5%,"(161,275]",0
4966,466,1,7,False,0.2977519868892646,1.2928114963757853,"(0.1%,0.5%]","(386,inf]",7
4967,174,4,0,False,0.2594535941659812,0.2594535941659812,"(0.1%,0.5%]","(161,275]",0
4968,270,6,2,False,0.7254057009517563,0.7503951460734037,>0.5%,"(161,275]",0
4969,227,0,0,True,1.3420004332906459,0.0,>0.5%,"(161,275]",0
4970,457,2,7,False,0.4333478492086337,0.6994715784453316,"(0.1%,0.5%]","(386,inf]",7
4971,334,6,7,False,0.03605826822127836,0.4876553895963476,"(0.01%,0.1%]","(275,386]",0
4972,347,4,0,False,0.34884770998837356,2.682260379646173,"(0.1%,0.5%]","(275,386]",0
4973,408,7,7,True,0.06414979636993423,0.0,"(0.01%,0.1%]","(386,inf]",7
4974,369,6,0,False,0.24695138134036362,0.24695138134036362,"(0.1%,0.5%]","(275,386]",0
4975,421,2,7,False,0.053376367144280734,0.4642048855691908,"(0.01%,0.1%]","(386,inf]",7
4976,64,0,3,False,0.0,0.0,=0,"(-inf,161]",0
4977,237,1,0,False,1.0545408836291708,10.193827332478211,>0.5%,"(161,275]",0
4978,116,0,0,True,0.009047937084264691,0.0,"(0,0.01%]","(-inf,161]",0
4979,178,4,0,False,0.3416714398039914,1.280712174571813,"(0.1%,0.5%]","(161,275]",0
4980,471,6,0,False,0.8461909618387569,1.0749879678019103,>0.5%,"(386,inf]",7
4981,376,0,0,True,0.4768673846590396,0.0,"(0.1%,0.5%]","(275,386]",0
4982,450,4,0,False,0.7986163068619045,0.7986163068619045,>0.5%,"(386,inf]",7
4983,254,4,0,False,0.465502183692753,0.465502183692753,"(0.1%,0.5%]","(161,275]",0
4984,455,0,0,True,0.050019656951988865,0.0,"(0.01%,0.1%]","(386,inf]",7
4985,249,2,2,True,0.08784101087568788,0.0,"(0.01%,0.1%]","(161,275]",0
4986,235,7,0,False,0.14141572775195638,2.7635644417359955,"(0.1%,0.5%]","(161,275]",0
4987,410,6,0,False,0.674006143568563,1.1842695424581358,>0.5%,"(386,inf]",7
4988,320,0,7,False,0.7185923606574469,2.5343554060830553,>0.5%,"(275,386]",0
4989,79,2,3,False,0.0,0.031195048411870884,=0,"(-inf,161]",0
4990,493,2,7,False,0.14798875717380983,0.14798875717380983,"(0.1%,0.5%]","(386,inf]",7
4991,107,4,0,False,0.0006076793451647376,0.27041730859830826,"(0,0.01%]","(-inf,161]",0
4992,275,0,0,True,0.8486477322569597,0.0,>0.5%,"(161,275]",0
4993,53,0,3,False,0.0,0.0,=0,"(-inf,161]",0
4994,357,0,0,True,0.25586853656688524,0.0,"(0.1%,0.5%]","(275,386]",0
4995,126,0,0,True,0.18490070685277676,0.0,"(0.1%,0.5%]","(-inf,161]",0
4996,436,0,0,True,0.5153646514819169,0.0,>0.5%,"(386,inf]",7
4997,252,7,2,False,0.591791607237085,0.591791607237085,>0.5%,"(161,275]",0
4998,486,0,0,True,0.29828384015106857,0.0,"(0.1%,0.5%]","(386,inf]",7
4999,288,0,0,True,0.3295236709208077,0.0,"(0.1%,0.5%]","(275,386]",0
5000,350,2,0,False,1.9155998492734372,2.2795705056221314,>0.5%,"(275,386]",0
5001,343,7,0,False,0.8627828604500558,1.6676680605874121,>0.5%,"(275,386]",0
5002,217,7,0,False,1.0211691448766627,1.0211691448766627,>0.5%,"(161,275]",0
5003,159,3,0,False,0.03811506389426995,0.67219642929159,"(0.01%,0.1%]","(-inf,161]",0
5004,91,3,0,False,0.058628587306369995,0.18226163797133396,"(0.01%,0.1%]","(-inf,161]",0
5005,419,2,0,False,0.25210403775265844,3.5125838687881226,"(0.1%,0.5%]","(386,inf]",7
5006,203,4,0,False,0.22968050243618826,0.22968050243618826,"(0.1%,0.5%]","(161,275]",0
5007,323,4,0,False,0.4431104866871706,2.75461675453334,"(0.1%,0.5%]","(275,386]",0
5008,292,4,0,False,0.7202382043582286,1.7679178955891286,>0.5%,"(275,386]",0
5009,472,2,7,False,1.3618618754682368,1.4463408454291045,>0.5%,"(386,inf]",7
5010,69,1,3,False,0.0,0.19924517210985912,=0,"(-inf,161]",0
5011,321,4,0,False,0.04815665918145473,0.04815665918145473,"(0.01%,0.1%]","(275,386]",0
5012,66,0,3,False,0.29942456160924424,0.39371419677690694,"(0.1%,0.5%]","(-inf,161]",0
5013,399,2,0,False,0.34410346179460066,0.34410346179460066,"(0.1%,0.5%]","(386,inf]",7
5014,433,6,7,False,0.4530034282161053,1.0218522312203762,"(0.1%,0.5%]","(386,inf]",7
5015,256,4,0,False,0.5186432241359845,4.543617291351019,>0.5%,"(161,275]",0
5016,370,7,0,False,0.6482457489401717,2.2521294096661535,>0.5%,"(275,386]",0
5017,461,0,7,False,0.2826250431570009,0.3563556956449854,"(0.1%,0.5%]","(386,inf]",7
5018,481,6,7,False,0.38079460903572737,3.1167542545999316,"(0.1%,0.5%]","(386,inf]",7
5019,292,7,0,False,0.611628322186123,0.6265902515684993,>0.5%,"(275,386]",0
5020,403,0,0,True,0.9465766838953001,0.0,>0.5%,"(386,inf]",7
5021,206,1,2,False,0.2664394880110516,0.6958638997239412,"(0.1%,0.5%]","(161,275]",0
5022,260,0,0,True,0.0993316048103043,0.0,"(0.01%,0.1%]","(161,275]",0
5023,455,6,7,False,0.37372093731534983,0.580203523564694,"(0.1%,0.5%]","(386,inf]",7
5024,217,0,0,True,0.11809272340806314,0.0,"(0.1%,0.5%]","(161,275]",0
5025,318,6,7,False,0.36556628537794533,0.36556628537794533,"(0.1%,0.5%]","(275,386]",0
5026,287,2,0,False,0.10294478506933727,0.10294478506933727,"(0.1%,0.5%]","(275,386]",0
5027,281,4,0,False,1.0691291408968562,2.6254923191115185,>0.5%,"(275,386]",0
5028,483,2,7,False,0.18257928806172413,0.18257928806172413,"(0.1%,0.5%]","(386,inf]",7
5029,303,0,0,True,0.06913409376922364,0.0,"(0.01%,0.1%]","(275,386]",0
5030,470,7,0,False,0.3577458531113365,0.3577458531113365,"(0.1%,0.5%]","(386,inf]",7
5031,182,6,2,False,0.063050099610622,0.31826165548609203,"(0.01%,0.1%]","(161,275]",0
5032,69,3,3,True,0.089266794239278,0.0,"(0.01%,0.1%]","(-inf,161]",0
5033,230,0,0,True,0.28741343728900703,0.0,"(0.1%,0.5%]","(161,275]",0
5034,79,1,3,False,0.0,0.026899362449034427,=0,"(-inf,161]",0
5035,202,0,0,True,0.5126950238307177,0.0,>0.5%,"(161,275]",0
5036,351,4,0,False,0.4357569323643419,0.4357569323643419,"(0.1%,0.5%]","(275,386]",0
5037,372,0,7,False,0.05777560961645552,0.05777560961645552,"(0.01%,0.1%]","(275,386]",0
5038,178,2,0,False,0.22487907618470743,2.099574605306785,"(0.1%,0.5%]","(161,275]",0
5039,91,4,3,False,0.007544355963790076,0.007544355963790076,"(0,0.01%]","(-inf,161]",0
5040,147,6,3,False,0.097480550817508,0.8548630970923029,"(0.01%,0.1%]","(-inf,161]",0
5041,406,6,0,False,1.1485940458704234,1.3235884834200782,>0.5%,"(386,inf]",7
5042,181,0,0,True,0.5035715632740795,0.0,>0.5%,"(161,275]",0
5043,61,3,3,True,7.739654034576719e-06,0.0,"(0,0.01%]","(-inf,161]",0
5044,485,1,7,False,0.1472610426522665,0.7075267309387492,"(0.1%,0.5%]","(386,inf]",7
5045,59,0,3,False,9.871790125741926e-06,9.871790125741926e-06,"(0,0.01%]","(-inf,161]",0
5046,98,6,3,False,0.274189726512193,0.274189726512193,"(0.1%,0.5%]","(-inf,161]",0
5047,350,0,0,True,0.11084622025330373,0.0,"(0.1%,0.5%]","(275,386]",0
5048,321,0,0,True,0.5044941632071434,0.0,>0.5%,"(275,386]",0
5049,51,0,3,False,0.0,0.0,=0,"(-inf,161]",0
5050,52,1,3,False,0.13143303003231582,0.1870534072282838,"(0.1%,0.5%]","(-inf,161]",0
5051,421,2,0,False,0.0911597092060855,0.40723901447353206,"(0.01%,0.1%]","(386,inf]",7
5052,200,3,0,False,0.07541200007122392,0.17493876776338396,"(0.01%,0.1%]","(161,275]",0
5053,407,2,7,False,0.06745424274588638,0.06745424274588638,"(0.01%,0.1%]","(386,inf]",7
5054,461,7,7,True,0.6045726109822159,0.0,>0.5%,"(386,inf]",7
5055,396,0,0,True,0.4849014868705282,0.0,"(0.1%,0.5%]","(386,inf]",7
5056,119,3,0,False,0.6783625041974232,1.9705613353991527,>0.5%,"(-inf,161]",0
5057,456,4,0,False,0.42231532873893507,0.42231532873893507,"(0.1%,0.5%]","(386,inf]",7
5058,452,7,7,True,0.8954242099164634,0.0,>0.5%,"(386,inf]",7
5059,231,2,0,False,0.49297297815056623,4.627774491973806,"(0.1%,0.5%]","(161,275]",0
5060,223,0,0,True,0.6924933932141805,0.0,>0.5%,"(161,275]",0
5061,360,0,7,False,0.19948273201932884,2.112727919097782,"(0.1%,0.5%]","(275,386]",0
5062,282,4,0,False,0.3890227485416168,8.447363787684784,"(0.1%,0.5%]","(275,386]",0
5063,88,3,3,True,0.06860503525922593,0.0,"(0.01%,0.1%]","(-inf,161]",0
5064,62,6,3,False,0.01442732409074746,0.01442732409074746,"(0.01%,0.1%]","(-inf,161]",0
5065,84,2,3,False,0.005435845900464525,0.99388230176988,"(0,0.01%]","(-inf,161]",0
5066,364,6,7,False,0.5364389689218609,1.8728058897120565,>0.5%,"(275,386]",0
5067,401,6,0,False,0.31886125143384025,2.2123077746725284,"(0.1%,0.5%]","(386,inf]",7
5068,396,2,0,False,0.39975658028738403,2.7187282576478053,"(0.1%,0.5%]","(386,inf]",7
5069,470,0,7,False,0.26760790858990063,0.26760790858990063,"(0.1%,0.5%]","(386,inf]",7
5070,153,4,0,False,0.11964356525046564,0.11964356525046564,"(0.1%,0.5%]","(-inf,161]",0
5071,362,4,0,False,0.7210193728562431,0.7210193728562431,>0.5%,"(275,386]",0
5072,321,1,0,False,0.7759773888028071,1.3907845341116167,>0.5%,"(275,386]",0
5073,316,7,7,True,0.13063740182860245,0.0,"(0.1%,0.5%]","(275,386]",0
5074,395,2,7,False,0.8287095741303084,0.8287095741303084,>0.5%,"(386,inf]",7
5075,132,0,0,True,0.3821606173015464,0.0,"(0.1%,0.5%]","(-inf,161]",0
5076,376,2,7,False,0.7989139252398944,2.0144098668372834,>0.5%,"(275,386]",0
5077,57,1,3,False,0.0,3.976705032615416e-06,=0,"(-inf,161]",0
5078,370,0,0,True,0.16907492320898027,0.0,"(0.1%,0.5%]","(275,386]",0
5079,283,6,0,False,0.06862720232849359,1.4602310372831122,"(0.01%,0.1%]","(275,386]",0
5080,354,0,7,False,0.6668853438121993,0.6924852097106009,>0.5%,"(275,386]",0
5081,388,2,0,False,1.2574772585630183,3.278907233759244,>0.5%,"(386,inf]",7
5082,402,7,7,True,0.5142092065077339,0.0,>0.5%,"(386,inf]",7
5083,215,0,0,True,1.1503629081164906,0.0,>0.5%,"(161,275]",0
5084,256,0,0,True,0.6049725682395463,0.0,>0.5%,"(161,275]",0
5085,455,2,2,True,0.05891471468074292,0.0,"(0.01%,0.1%]","(386,inf]",7
5086,392,0,7,False,0.8429788713041872,0.8429788713041872,>0.5%,"(386,inf]",7
5087,476,6,7,False,0.4794213582973973,2.72027670478685,"(0.1%,0.5%]","(386,inf]",7
5088,214,4,0,False,0.005869189831808999,0.17095808478741237,"(0,0.01%]","(161,275]",0
5089,85,3,3,True,3.3977839634877617e-06,0.0,"(0,0.01%]","(-inf,161]",0
5090,301,4,7,False,0.40962266653309465,1.0380085024605887,"(0.1%,0.5%]","(275,386]",0
5091,345,2,7,False,0.14707189308723054,0.8388293689183361,"(0.1%,0.5%]","(275,386]",0
5092,140,4,0,False,0.26883943949875594,0.9949326683866666,"(0.1%,0.5%]","(-inf,161]",0
5093,194,6,0,False,0.05013598438072185,0.22090055011146836,"(0.01%,0.1%]","(161,275]",0
5094,225,4,0,False,0.2609147383846991,0.2609147383846991,"(0.1%,0.5%]","(161,275]",0
5095,107,7,3,False,0.48772863313590864,1.2940536402922056,"(0.1%,0.5%]","(-inf,161]",0
5096,467,7,7,True,0.8428002202965903,0.0,>0.5%,"(386,inf]",7
5097,471,0,0,True,0.2796302668855038,0.0,"(0.1%,0.5%]","(386,inf]",7
5098,178,4,0,False,0.002039390464537496,0.2027269547559085,"(0,0.01%]","(161,275]",0
5099,472,1,7,False,0.003867908222734987,3.1901665903812084,"(0,0.01%]","(386,inf]",7
5100,233,2,0,False,0.26236343971633963,0.26236343971633963,"(0.1%,0.5%]","(161,275]",0
5101,89,4,3,False,0.006334848693189768,0.006334848693189768,"(0,0.01%]","(-inf,161]",0
5102,434,0,0,True,0.7646547860460623,0.0,>0.5%,"(386,inf]",7
5103,414,0,0,True,1.1680970550849223,0.0,>0.5%,"(386,inf]",7
5104,439,0,0,True,0.018113149674823997,0.0,"(0.01%,0.1%]","(386,inf]",7
5105,434,7,0,False,0.05064831785382948,1.919475210759447,"(0.01%,0.1%]","(386,inf]",7
5106,409,0,0,True,0.3367326124023881,0.0,"(0.1%,0.5%]","(386,inf]",7
5107,185,0,0,True,0.8179735711715226,0.0,>0.5%,"(161,275]",0
5108,338,1,7,False,0.07247857620603863,0.9015236263787366,"(0.01%,0.1%]","(275,386]",0
5109,494,1,7,False,0.7266384782871601,1.6249601207946291,>0.5%,"(386,inf]",7
5110,246,7,7,True,0.7412274353089908,0.0,>0.5%,"(161,275]",0
5111,123,0,0,True,0.07623815244395321,0.0,"(0.01%,0.1%]","(-inf,161]",0
5112,307,0,0,True,0.18408395864942534,0.0,"(0.1%,0.5%]","(275,386]",0
5113,301,0,7,False,0.2058326631107208,1.513696906532049,"(0.1%,0.5%]","(275,386]",0
5114,172,0,0,True,0.6100742149992502,0.0,>0.5%,"(161,275]",0
5115,234,0,0,True,0.4434251313832445,0.0,"(0.1%,0.5%]","(161,275]",0
5116,254,7,0,False,0.44645743190083037,1.35511285278765,"(0.1%,0.5%]","(161,275]",0
5117,470,6,7,False,0.4521281321007444,1.5269785454558604,"(0.1%,0.5%]","(386,inf]",7
5118,382,7,0,False,0.8529247951167496,1.6088267780971541,>0.5%,"(275,386]",0
5119,473,0,0,True,0.35818544919102346,0.0,"(0.1%,0.5%]","(386,inf]",7
5120,364,7,7,True,1.3531174078971793,0.0,>0.5%,"(275,386]",0
5121,152,0,0,True,0.0038184624830637087,0.0,"(0,0.01%]","(-inf,161]",0
5122,116,2,3,False,0.24887979651955558,0.24887979651955558,"(0.1%,0.5%]","(-inf,161]",0
5123,327,0,0,True,0.4832792241053989,0.0,"(0.1%,0.5%]","(275,386]",0
5124,125,6,0,False,0.6017829149800932,0.7695952749582587,>0.5%,"(-inf,161]",0
5125,445,7,0,False,0.44115479478940395,7.247031338448541,"(0.1%,0.5%]","(386,inf]",7
5126,270,0,0,True,0.08230286890344542,0.0,"(0.01%,0.1%]","(161,275]",0
5127,266,2,0,False,0.032982588397750603,0.32581225973326444,"(0.01%,0.1%]","(161,275]",0
5128,139,0,0,True,0.22633481451762968,0.0,"(0.1%,0.5%]","(-inf,161]",0
5129,132,3,0,False,0.9250520600424266,10.468431820600479,>0.5%,"(-inf,161]",0
5130,54,0,3,False,0.0,1.1796037545843825e-05,=0,"(-inf,161]",0
5131,351,0,0,True,0.012340371716747168,0.0,"(0.01%,0.1%]","(275,386]",0
5132,467,2,7,False,1.4293766383875173,1.4293766383875173,>0.5%,"(386,inf]",7
5133,121,3,3,True,0.6953988277512203,0.0,>0.5%,"(-inf,161]",0
5134,198,1,0,False,0.018502835552137532,0.04305608773332411,"(0.01%,0.1%]","(161,275]",0
5135,135,0,0,True,0.0,0.0,=0,"(-inf,161]",0
5136,55,7,3,False,4.0575712277784485e-06,0.393050869368068,"(0,0.01%]","(-inf,161]",0
5137,310,4,0,False,0.5879274504455819,2.5102676787129576,>0.5%,"(275,386]",0
5138,122,4,0,False,0.13607133625084428,0.15901521244690123,"(0.1%,0.5%]","(-inf,161]",0
5139,260,0,0,True,0.13362886210692146,0.0,"(0.1%,0.5%]","(161,275]",0
5140,467,6,7,False,0.2659861054576681,0.2659861054576681,"(0.1%,0.5%]","(386,inf]",7
5141,468,4,7,False,0.22283090777641723,1.037008466925296,"(0.1%,0.5%]","(386,inf]",7
5142,361,7,7,True,0.012122346091500109,0.0,"(0.01%,0.1%]","(275,386]",0
5143,346,2,7,False,0.5431516244544847,0.5431516244544847,>0.5%,"(275,386]",0
5144,255,0,0,True,0.3915440304618801,0.0,"(0.1%,0.5%]","(161,275]",0
5145,420,7,2,False,0.32337726323582533,0.5774817379139688,"(0.1%,0.5%]","(386,inf]",7
5146,420,6,0,False,0.07239489538838333,0.7501262762210994,"(0.01%,0.1%]","(386,inf]",7
5147,393,0,0,True,0.7144774253551934,0.0,>0.5%,"(386,inf]",7
5148,116,4,0,False,0.012001214037775659,0.012001214037775659,"(0.01%,0.1%]","(-inf,161]",0
5149,274,2,7,False,0.012963842941203839,0.6149077366746932,"(0.01%,0.1%]","(161,275]",0
5150,312,7,7,True,0.7018616707012596,0.0,>0.5%,"(275,386]",0
5151,317,4,0,False,0.4783776133664241,0.4783776133664241,"(0.1%,0.5%]","(275,386]",0
5152,450,4,0,False,0.4512924662466668,0.4512924662466668,"(0.1%,0.5%]","(386,inf]",7
5153,291,2,7,False,0.7240732278570596,0.7240732278570596,>0.5%,"(275,386]",0
5154,79,2,3,False,0.28997760898023667,1.7461742254515016,"(0.1%,0.5%]","(-inf,161]",0
5155,431,7,7,True,0.6731476262193439,0.0,>0.5%,"(386,inf]",7
5156,427,2,7,False,0.058417259224779985,0.06425836444081211,"(0.01%,0.1%]","(386,inf]",7
5157,453,7,7,True,0.4055588360429664,0.0,"(0.1%,0.5%]","(386,inf]",7
5158,379,4,0,False,0.4070898313610448,0.4070898313610448,"(0.1%,0.5%]","(275,386]",0
5159,415,4,0,False,0.7723704763740049,0.7754206260327636,>0.5%,"(386,inf]",7
5160,377,4,0,False,0.013677905454020811,0.9865656873389117,"(0.01%,0.1%]","(275,386]",0
5161,294,7,0,False,1.210519451872809,1.210519451872809,>0.5%,"(275,386]",0
5162,377,0,0,True,0.3391404824285458,0.0,"(0.1%,0.5%]","(275,386]",0
5163,245,7,0,False,0.5231751036796384,1.371462926808379,>0.5%,"(161,275]",0
5164,487,7,7,True,0.07248914041915384,0.0,"(0.01%,0.1%]","(386,inf]",7
5165,292,0,0,True,0.2680715187540667,0.0,"(0.1%,0.5%]","(275,386]",0
5166,262,0,0,True,0.19871426137504197,0.0,"(0.1%,0.5%]","(161,275]",0
5167,189,3,3,True,0.4848531045282469,0.0,"(0.1%,0.5%]","(161,275]",0
5168,140,4,0,False,0.13791405327302875,0.13791405327302875,"(0.1%,0.5%]","(-inf,161]",0
5169,180,0,7,False,0.03950866355768745,0.051024249744301996,"(0.01%,0.1%]","(161,275]",0
5170,380,2,0,False,0.718617572555448,1.042597731310158,>0.5%,"(275,386]",0
5171,68,0,3,False,0.062462765624987635,0.26338004656818725,"(0.01%,0.1%]","(-inf,161]",0
5172,266,7,7,True,2.031780221032606,0.0,>0.5%,"(161,275]",0
5173,385,2,7,False,1.2593751050162423,1.2593751050162423,>0.5%,"(275,386]",0
5174,487,1,7,False,0.08133856486199777,0.08133856486199777,"(0.01%,0.1%]","(386,inf]",7
5175,86,1,0,False,0.023284971100550843,0.024053797990741383,"(0.01%,0.1%]","(-inf,161]",0
5176,227,0,2,False,1.537638053551978,2.426129618941925,>0.5%,"(161,275]",0
5177,131,3,0,False,0.40216589681420534,3.369884232140853,"(0.1%,0.5%]","(-inf,161]",0
5178,434,0,0,True,0.19758550172753647,0.0,"(0.1%,0.5%]","(386,inf]",7
5179,194,6,0,False,0.18946010542488353,0.18946010542488353,"(0.1%,0.5%]","(161,275]",0
5180,205,3,6,False,0.17897187950517826,0.3515736230765795,"(0.1%,0.5%]","(161,275]",0
5181,491,7,7,True,0.11145821451208336,0.0,"(0.1%,0.5%]","(386,inf]",7
5182,271,0,0,True,0.13455269467466352,0.0,"(0.1%,0.5%]","(161,275]",0
5183,396,4,0,False,0.13362554318708744,0.1674601402425357,"(0.1%,0.5%]","(386,inf]",7
5184,262,7,0,False,0.8479256536963903,2.1573474168853433,>0.5%,"(161,275]",0
5185,63,4,3,False,0.292188106662454,0.531899389568938,"(0.1%,0.5%]","(-inf,161]",0
5186,309,4,0,False,0.7077943152464783,0.7077943152464783,>0.5%,"(275,386]",0
5187,483,7,7,True,0.6037889495683778,0.0,>0.5%,"(386,inf]",7
5188,456,2,7,False,0.12760535953569296,2.5727817880656154,"(0.1%,0.5%]","(386,inf]",7
5189,251,4,0,False,0.2811430962672783,0.6810225711456236,"(0.1%,0.5%]","(161,275]",0
5190,498,7,7,True,1.2365692654529212,0.0,>0.5%,"(386,inf]",7
5191,102,3,3,True,0.010907393150920031,0.0,"(0.01%,0.1%]","(-inf,161]",0
5192,122,4,0,False,0.36627855520662,0.36627855520662,"(0.1%,0.5%]","(-inf,161]",0
5193,365,6,7,False,0.5663759948351341,1.9490451562368898,>0.5%,"(275,386]",0
5194,212,3,0,False,0.1133791666206294,0.1133791666206294,"(0.1%,0.5%]","(161,275]",0
5195,207,4,0,False,0.37709938670041243,0.37709938670041243,"(0.1%,0.5%]","(161,275]",0
5196,421,2,0,False,0.7283423451126769,1.0942767370159905,>0.5%,"(386,inf]",7
5197,405,6,7,False,0.4431243471168524,0.4431243471168524,"(0.1%,0.5%]","(386,inf]",7
5198,394,7,7,True,0.04219320521730195,0.0,"(0.01%,0.1%]","(386,inf]",7
5199,74,3,3,True,0.15647283414114252,0.0,"(0.1%,0.5%]","(-inf,161]",0
5200,498,2,7,False,0.24799674292985416,0.24799674292985416,"(0.1%,0.5%]","(386,inf]",7
5201,270,4,0,False,0.09548941991771688,0.09548941991771688,"(0.01%,0.1%]","(161,275]",0
5202,135,4,3,False,0.26310852866055157,0.26310852866055157,"(0.1%,0.5%]","(-inf,161]",0
5203,438,4,0,False,0.5929495749741467,1.0096744242960705,>0.5%,"(386,inf]",7
5204,291,0,0,True,0.01207796821460824,0.0,"(0.01%,0.1%]","(275,386]",0
5205,221,1,0,False,0.016924690818102554,0.016924690818102554,"(0.01%,0.1%]","(161,275]",0
5206,221,2,7,False,1.0671535488162112,2.8083895501491636,>0.5%,"(161,275]",0
5207,270,4,0,False,0.8995640798918699,1.5112730510967047,>0.5%,"(161,275]",0
5208,120,4,0,False,0.49706634963462015,0.49706634963462015,"(0.1%,0.5%]","(-inf,161]",0
5209,179,0,0,True,0.3026388406154422,0.0,"(0.1%,0.5%]","(161,275]",0
5210,236,2,0,False,0.26800727954932324,1.048966231223613,"(0.1%,0.5%]","(161,275]",0
5211,396,4,0,False,0.37639374987309393,0.37639374987309393,"(0.1%,0.5%]","(386,inf]",7
5212,463,0,0,True,0.5705536449489625,0.0,>0.5%,"(386,inf]",7
5213,169,4,0,False,0.12824309785830515,0.12824309785830515,"(0.1%,0.5%]","(161,275]",0
5214,432,0,7,False,1.3297876195749367,1.9927218413484185,>0.5%,"(386,inf]",7
5215,173,2,0,False,0.02684776934406269,1.5503141759945895,"(0.01%,0.1%]","(161,275]",0
5216,431,4,0,False,0.39125691487611836,0.5147094123096054,"(0.1%,0.5%]","(386,inf]",7
5217,131,3,0,False,0.07513979539488025,0.07513979539488025,"(0.01%,0.1%]","(-inf,161]",0
5218,384,4,7,False,0.705369731247539,1.7091680137453342,>0.5%,"(275,386]",0
5219,144,4,0,False,0.2004104921839908,0.38361378503906235,"(0.1%,0.5%]","(-inf,161]",0
5220,168,6,0,False,0.22572676835781563,0.22572676835781563,"(0.1%,0.5%]","(161,275]",0
5221,96,3,3,True,0.03014309103012741,0.0,"(0.01%,0.1%]","(-inf,161]",0
5222,169,6,2,False,1.0591396578466146,1.217439872267482,>0.5%,"(161,275]",0
5223,312,7,7,True,0.7520098623477869,0.0,>0.5%,"(275,386]",0
5224,164,0,0,True,0.12940473753866746,0.0,"(0.1%,0.5%]","(161,275]",0
5225,185,4,0,False,0.10267966669998455,0.10267966669998455,"(0.1%,0.5%]","(161,275]",0
5226,126,4,0,False,0.27444275006561747,6.820397134802973,"(0.1%,0.5%]","(-inf,161]",0
5227,291,0,0,True,2.226555211942648,0.0,>0.5%,"(275,386]",0
5228,203,2,0,False,0.36161842631913843,0.36161842631913843,"(0.1%,0.5%]","(161,275]",0
5229,319,6,7,False,0.00415572735396117,0.339697304835372,"(0,0.01%]","(275,386]",0
5230,377,0,0,True,0.8073234874176457,0.0,>0.5%,"(275,386]",0
5231,409,4,0,False,0.7833848994189078,1.1335623686640888,>0.5%,"(386,inf]",7
5232,279,0,2,False,0.0002340000783822716,0.0002340000783822716,"(0,0.01%]","(275,386]",0
5233,99,3,0,False,0.6785037917510804,1.0680595533298223,>0.5%,"(-inf,161]",0
5234,52,1,3,False,0.15531231245897117,0.15531231245897117,"(0.1%,0.5%]","(-inf,161]",0
5235,454,7,7,True,0.30902962423374297,0.0,"(0.1%,0.5%]","(386,inf]",7
5236,488,1,7,False,0.7724323487712585,0.7724323487712585,>0.5%,"(386,inf]",7
5237,233,2,2,True,0.6106462479209536,0.0,>0.5%,"(161,275]",0
5238,356,2,0,False,0.18014199875476597,12.3618911280672,"(0.1%,0.5%]","(275,386]",0
5239,334,2,0,False,0.11678923019457887,0.8414656506419377,"(0.1%,0.5%]","(275,386]",0
5240,181,4,0,False,0.015137476635709784,0.015137476635709784,"(0.01%,0.1%]","(161,275]",0
5241,111,1,3,False,0.3299719961319761,0.501807553900998,"(0.1%,0.5%]","(-inf,161]",0
5242,371,7,7,True,0.560318121416855,0.0,>0.5%,"(275,386]",0
5243,206,0,0,True,0.5671283245237018,0.0,>0.5%,"(161,275]",0
5244,381,0,0,True,0.6258127796292343,0.0,>0.5%,"(275,386]",0
5245,431,0,0,True,0.360989247625344,0.0,"(0.1%,0.5%]","(386,inf]",7
5246,322,4,7,False,0.5257622561900628,1.8222739817004099,>0.5%,"(275,386]",0
5247,309,7,7,True,0.2734115552027102,0.0,"(0.1%,0.5%]","(275,386]",0
5248,362,0,0,True,0.39041784479731517,0.0,"(0.1%,0.5%]","(275,386]",0
5249,249,0,7,False,0.3402694596262229,0.723162421781322,"(0.1%,0.5%]","(161,275]",0
5250,434,0,7,False,0.21843378537742109,0.7360779828616804,"(0.1%,0.5%]","(386,inf]",7
5251,431,7,0,False,0.9613576206433581,0.9613576206433581,>0.5%,"(386,inf]",7
5252,348,4,7,False,0.38001964207769534,2.998689524691025,"(0.1%,0.5%]","(275,386]",0
5253,391,0,0,True,0.6294286340545271,0.0,>0.5%,"(386,inf]",7
5254,82,0,3,False,0.15365823423888536,0.18147161465845396,"(0.1%,0.5%]","(-inf,161]",0
5255,187,4,0,False,0.5968137414557486,1.70051090540509,>0.5%,"(161,275]",0
5256,466,7,7,True,0.05800382518993148,0.0,"(0.01%,0.1%]","(386,inf]",7
5257,247,4,0,False,0.31527391255736875,0.31527391255736875,"(0.1%,0.5%]","(161,275]",0
5258,156,6,0,False,0.02442769607096872,0.18154195631634687,"(0.01%,0.1%]","(-inf,161]",0
5259,398,0,0,True,0.17382993500263638,0.0,"(0.1%,0.5%]","(386,inf]",7
5260,418,0,0,True,0.5328861053701416,0.0,>0.5%,"(386,inf]",7
5261,489,7,7,True,0.2634886511920036,0.0,"(0.1%,0.5%]","(386,inf]",7
5262,55,3,3,True,2.712198593042881e-07,0.0,"(0,0.01%]","(-inf,161]",0
5263,444,4,0,False,0.5355863915990223,0.5355863915990223,>0.5%,"(386,inf]",7
5264,55,3,3,True,0.38400732900270107,0.0,"(0.1%,0.5%]","(-inf,161]",0
5265,306,2,7,False,2.146346550245849,3.5980644900081424,>0.5%,"(275,386]",0
5266,172,6,0,False,1.398187808556606,1.398187808556606,>0.5%,"(161,275]",0
5267,390,6,0,False,0.0695884601477064,2.2333107024974397,"(0.01%,0.1%]","(386,inf]",7
5268,480,7,7,True,0.3049509437401635,0.0,"(0.1%,0.5%]","(386,inf]",7
5269,403,0,7,False,0.0036790644066036233,0.40998960900328946,"(0,0.01%]","(386,inf]",7
5270,139,3,3,True,0.13034849534236212,0.0,"(0.1%,0.5%]","(-inf,161]",0
5271,316,0,0,True,0.7676888261012068,0.0,>0.5%,"(275,386]",0
5272,224,2,2,True,1.6505435754194906,0.0,>0.5%,"(161,275]",0
5273,68,1,3,False,0.03360393299654537,0.3176879888094785,"(0.01%,0.1%]","(-inf,161]",0
5274,307,0,0,True,1.1258495645809603,0.0,>0.5%,"(275,386]",0
5275,103,6,0,False,0.021451886655484195,0.888494769766136,"(0.01%,0.1%]","(-inf,161]",0
5276,275,4,0,False,0.10913654024349091,0.2521481562448261,"(0.1%,0.5%]","(161,275]",0
5277,71,3,3,True,0.5490849992600285,0.0,>0.5%,"(-inf,161]",0
5278,58,3,3,True,1.2219903866733595,0.0,>0.5%,"(-inf,161]",0
5279,180,0,0,True,0.7179894950326446,0.0,>0.5%,"(161,275]",0
5280,286,4,0,False,0.2700927102404713,0.2700927102404713,"(0.1%,0.5%]","(275,386]",0
5281,136,7,3,False,0.11733338592952748,0.4311871552355029,"(0.1%,0.5%]","(-inf,161]",0
5282,96,0,0,True,0.07590934258451608,0.0,"(0.01%,0.1%]","(-inf,161]",0
5283,151,0,0,True,0.7406769986046673,0.0,>0.5%,"(-inf,161]",0
5284,148,0,0,True,0.059534099650029676,0.0,"(0.01%,0.1%]","(-inf,161]",0
5285,470,0,7,False,0.2370326786850134,0.8440532309075113,"(0.1%,0.5%]","(386,inf]",7
5286,315,4,0,False,0.3905286746044721,0.6253349732689537,"(0.1%,0.5%]","(275,386]",0
5287,213,4,0,False,0.39036547488513734,0.39036547488513734,"(0.1%,0.5%]","(161,275]",0
5288,483,4,0,False,0.6984251140369434,0.6984251140369434,>0.5%,"(386,inf]",7
5289,375,4,0,False,0.1513575014697983,0.1513575014697983,"(0.1%,0.5%]","(275,386]",0
5290,293,2,7,False,0.53099932561332,1.0478534111275095,>0.5%,"(275,386]",0
5291,357,4,0,False,0.11430326383756373,0.11430326383756373,"(0.1%,0.5%]","(275,386]",0
5292,84,3,3,True,0.5594311431777751,0.0,>0.5%,"(-inf,161]",0
5293,251,0,0,True,1.2485179869029266,0.0,>0.5%,"(161,275]",0
5294,329,1,7,False,0.03334343352177308,1.3716025204572944,"(0.01%,0.1%]","(275,386]",0
5295,52,3,3,True,6.380060276062287e-07,0.0,"(0,0.01%]","(-inf,161]",0
5296,477,4,0,False,0.07889769344786147,0.572237354043006,"(0.01%,0.1%]","(386,inf]",7
5297,109,3,3,True,0.14162410420902638,0.0,"(0.1%,0.5%]","(-inf,161]",0
5298,486,6,7,False,0.46052623940966675,0.46052623940966675,"(0.1%,0.5%]","(386,inf]",7
5299,378,6,7,False,0.5532786516278214,0.9587658809420903,>0.5%,"(275,386]",0
5300,325,6,0,False,0.3401400795817505,0.3401400795817505,"(0.1%,0.5%]","(275,386]",0
5301,347,7,7,True,0.28517040986482795,0.0,"(0.1%,0.5%]","(275,386]",0
5302,309,0,0,True,0.5901029798184828,0.0,>0.5%,"(275,386]",0
5303,264,4,0,False,0.6640096826305154,0.6640096826305154,>0.5%,"(161,275]",0
5304,157,0,0,True,1.5409926382674684,0.0,>0.5%,"(-inf,161]",0
5305,498,0,0,True,0.5982680200475969,0.0,>0.5%,"(386,inf]",7
5306,140,6,0,False,0.01969829998670945,0.07981425309424611,"(0.01%,0.1%]","(-inf,161]",0
5307,266,7,0,False,0.2544823459358307,4.384187284452286,"(0.1%,0.5%]","(161,275]",0
5308,176,2,2,True,0.2451234833929951,0.0,"(0.1%,0.5%]","(161,275]",0
5309,334,4,0,False,0.9240960607836777,1.0042822983957487,>0.5%,"(275,386]",0
5310,324,0,0,True,0.5112808389895388,0.0,>0.5%,"(275,386]",0
5311,364,0,0,True,0.8970109597743195,0.0,>0.5%,"(275,386]",0
5312,429,7,0,False,1.5389872130281657,1.779139038938695,>0.5%,"(386,inf]",7
5313,212,1,0,False,0.029902160707685987,2.2682387106296855,"(0.01%,0.1%]","(161,275]",0
5314,234,2,0,False,0.0877424130262795,0.15281293553487907,"(0.01%,0.1%]","(161,275]",0
5315,160,2,2,True,1.273692652932536,0.0,>0.5%,"(-inf,161]",0
5316,177,0,0,True,0.0192534370745414,0.0,"(0.01%,0.1%]","(161,275]",0
5317,258,0,0,True,0.36549476350386234,0.0,"(0.1%,0.5%]","(161,275]",0
5318,105,3,3,True,0.5569258731645768,0.0,>0.5%,"(-inf,161]",0
5319,95,0,0,True,0.0,0.0,=0,"(-inf,161]",0
5320,369,0,0,True,0.2498205115383528,0.0,"(0.1%,0.5%]","(275,386]",0
5321,93,0,0,True,0.0,0.0,=0,"(-inf,161]",0
5322,320,0,0,True,0.4607725901678743,0.0,"(0.1%,0.5%]","(275,386]",0
5323,296,7,0,False,0.24497937324805594,0.24497937324805594,"(0.1%,0.5%]","(275,386]",0
5324,436,0,0,True,0.4279603001269209,0.0,"(0.1%,0.5%]","(386,inf]",7
5325,97,3,3,True,0.08795748800016978,0.0,"(0.01%,0.1%]","(-inf,161]",0
5326,455,4,0,False,0.37892926240194524,0.9299871803245919,"(0.1%,0.5%]","(386,inf]",7
5327,263,0,2,False,0.13633546036632493,0.6230661163708859,"(0.1%,0.5%]","(161,275]",0
5328,460,6,7,False,0.3863883938349401,0.3863883938349401,"(0.1%,0.5%]","(386,inf]",7
5329,328,0,0,True,0.051389718991208574,0.0,"(0.01%,0.1%]","(275,386]",0
5330,56,1,3,False,0.2407663078031955,0.2407663078031955,"(0.1%,0.5%]","(-inf,161]",0
5331,274,0,0,True,0.3374899217822258,0.0,"(0.1%,0.5%]","(161,275]",0
5332,381,2,7,False,0.1413211659634721,1.6998672833705561,"(0.1%,0.5%]","(275,386]",0
5333,78,2,3,False,0.055038583392129026,0.9925740964584897,"(0.01%,0.1%]","(-inf,161]",0
5334,258,2,2,True,0.10105851418965607,0.0,"(0.1%,0.5%]","(161,275]",0
5335,256,4,0,False,0.09846420541073436,0.09846420541073436,"(0.01%,0.1%]","(161,275]",0
5336,418,4,0,False,0.585459829728167,0.585459829728167,>0.5%,"(386,inf]",7
5337,241,0,0,True,0.5335174546054139,0.0,>0.5%,"(161,275]",0
5338,336,0,0,True,0.4363385081843326,0.0,"(0.1%,0.5%]","(275,386]",0
5339,391,6,7,False,0.043998706530677806,0.043998706530677806,"(0.01%,0.1%]","(386,inf]",7
5340,330,7,7,True,0.673459712665338,0.0,>0.5%,"(275,386]",0
5341,482,7,7,True,0.18671012099364717,0.0,"(0.1%,0.5%]","(386,inf]",7
5342,158,0,0,True,0.3077441105351306,0.0,"(0.1%,0.5%]","(-inf,161]",0
5343,159,3,0,False,0.36273892348801406,0.8758690184786561,"(0.1%,0.5%]","(-inf,161]",0
5344,267,0,0,True,0.11630581384445066,0.0,"(0.1%,0.5%]","(161,275]",0
5345,372,0,0,True,0.17235447543554736,0.0,"(0.1%,0.5%]","(275,386]",0
5346,63,1,3,False,2.2218705529978685e-06,0.3035940446185665,"(0,0.01%]","(-inf,161]",0
5347,427,7,7,True,0.36489731548454746,0.0,"(0.1%,0.5%]","(386,inf]",7
5348,464,6,7,False,1.1562354198664735,1.1562354198664735,>0.5%,"(386,inf]",7
5349,99,0,0,True,0.05284518920240613,0.0,"(0.01%,0.1%]","(-inf,161]",0
5350,334,6,7,False,0.8736092247275683,3.639985044552675,>0.5%,"(275,386]",0
5351,248,6,0,False,0.1270334015338254,0.1270334015338254,"(0.1%,0.5%]","(161,275]",0
5352,452,7,0,False,0.1774189174779083,0.1774189174779083,"(0.1%,0.5%]","(386,inf]",7
5353,250,1,7,False,0.10789691125662733,2.497478170958229,"(0.1%,0.5%]","(161,275]",0
5354,475,7,7,True,0.3648852912288402,0.0,"(0.1%,0.5%]","(386,inf]",7
5355,348,4,0,False,0.397458397126383,0.5226251035985316,"(0.1%,0.5%]","(275,386]",0
5356,279,0,0,True,0.9387252982393285,0.0,>0.5%,"(275,386]",0
5357,257,4,0,False,0.05603164604579867,0.05603164604579867,"(0.01%,0.1%]","(161,275]",0
5358,186,7,0,False,0.7596572774595509,6.460708971675899,>0.5%,"(161,275]",0
5359,185,0,0,True,0.212039647242299,0.0,"(0.1%,0.5%]","(161,275]",0
5360,99,7,3,False,0.33810045923973975,0.33810045923973975,"(0.1%,0.5%]","(-inf,161]",0
5361,105,6,3,False,0.00911072087183737,0.8812504120408703,"(0,0.01%]","(-inf,161]",0
5362,345,7,7,True,0.068961096860281,0.0,"(0.01%,0.1%]","(275,386]",0
5363,350,1,0,False,0.543540636323356,2.566178999761177,>0.5%,"(275,386]",0
5364,314,7,0,False,0.5410953540819585,0.7562194920366678,>0.5%,"(275,386]",0
5365,200,1,0,False,0.1977876627038337,0.7697319926156376,"(0.1%,0.5%]","(161,275]",0
5366,161,3,0,False,0.9717024054410495,0.9717024054410495,>0.5%,"(-inf,161]",0
5367,336,0,0,True,0.2371096143096585,0.0,"(0.1%,0.5%]","(275,386]",0
5368,300,4,0,False,0.3121692146196215,1.078372710263429,"(0.1%,0.5%]","(275,386]",0
5369,199,0,0,True,0.17228213703131398,0.0,"(0.1%,0.5%]","(161,275]",0
5370,406,7,0,False,1.1211823220545714,1.6652766347554984,>0.5%,"(386,inf]",7
5371,382,2,7,False,0.5375433244832217,0.7505948028818442,>0.5%,"(275,386]",0
5372,340,2,7,False,0.00767109330579975,2.5748983450798693,"(0,0.01%]","(275,386]",0
5373,176,7,0,False,0.6316368075173616,0.6616513622151399,>0.5%,"(161,275]",0
5374,350,7,7,True,0.11207055511728824,0.0,"(0.1%,0.5%]","(275,386]",0
5375,341,0,0,True,1.5720214907967403,0.0,>0.5%,"(275,386]",0
5376,257,0,7,False,0.5942527066897332,4.175656251082037,>0.5%,"(161,275]",0
5377,320,0,2,False,0.4651367543149425,1.8782252370762813,"(0.1%,0.5%]","(275,386]",0
5378,253,4,0,False,0.46434424442499816,0.46434424442499816,"(0.1%,0.5%]","(161,275]",0
5379,412,0,0,True,0.2960142216912342,0.0,"(0.1%,0.5%]","(386,inf]",7
5380,395,2,7,False,0.06640244226068605,0.06640244226068605,"(0.01%,0.1%]","(386,inf]",7
5381,294,0,2,False,0.4772390193911586,1.410998189328715,"(0.1%,0.5%]","(275,386]",0
5382,336,0,0,True,0.12705278096911535,0.0,"(0.1%,0.5%]","(275,386]",0
5383,382,2,7,False,0.7182781084250983,2.084469482734028,>0.5%,"(275,386]",0
5384,111,7,3,False,0.37808023259814827,0.37808023259814827,"(0.1%,0.5%]","(-inf,161]",0
5385,327,0,0,True,0.20366437169042365,0.0,"(0.1%,0.5%]","(275,386]",0
5386,182,0,0,True,0.05755199864190491,0.0,"(0.01%,0.1%]","(161,275]",0
5387,108,2,3,False,8.094247268614841e-07,0.5180612694606538,"(0,0.01%]","(-inf,161]",0
5388,427,7,0,False,0.308617379433322,0.44028697186847005,"(0.1%,0.5%]","(386,inf]",7
5389,92,0,3,False,0.408857537768274,0.408857537768274,"(0.1%,0.5%]","(-inf,161]",0
5390,246,1,0,False,0.20285792864790583,0.20285792864790583,"(0.1%,0.5%]","(161,275]",0
5391,491,6,7,False,0.10977806579919756,2.145685758577897,"(0.1%,0.5%]","(386,inf]",7
5392,304,4,0,False,0.3054008200363928,0.792275422491763,"(0.1%,0.5%]","(275,386]",0
5393,400,7,7,True,0.15232581127954942,0.0,"(0.1%,0.5%]","(386,inf]",7
5394,488,7,7,True,0.43743314447501946,0.0,"(0.1%,0.5%]","(386,inf]",7
5395,376,4,0,False,1.012986909541677,1.2657647258633542,>0.5%,"(275,386]",0
5396,236,7,0,False,0.5133143168323074,0.5133143168323074,>0.5%,"(161,275]",0
5397,265,0,0,True,0.5968461098123904,0.0,>0.5%,"(161,275]",0
5398,406,4,0,False,0.2120271460854595,0.2120271460854595,"(0.1%,0.5%]","(386,inf]",7
5399,487,2,7,False,0.6800898369199168,0.9053056078183658,>0.5%,"(386,inf]",7
5400,461,0,7,False,0.02593819732249761,0.02593819732249761,"(0.01%,0.1%]","(386,inf]",7
5401,352,6,7,False,0.33515806169495954,0.33515806169495954,"(0.1%,0.5%]","(275,386]",0
5402,119,2,3,False,0.2920821022620262,0.2920821022620262,"(0.1%,0.5%]","(-inf,161]",0
5403,478,4,0,False,0.46340064640431844,0.46340064640431844,"(0.1%,0.5%]","(386,inf]",7
5404,173,3,0,False,0.3272167986599623,0.34749544242281144,"(0.1%,0.5%]","(161,275]",0
5405,232,2,2,True,0.30034295459158883,0.0,"(0.1%,0.5%]","(161,275]",0
5406,482,0,0,True,1.0374234145427264,0.0,>0.5%,"(386,inf]",7
5407,496,7,7,True,0.7073856115683581,0.0,>0.5%,"(386,inf]",7
5408,341,2,7,False,0.214643821119598,0.214643821119598,"(0.1%,0.5%]","(275,386]",0
5409,381,2,7,False,0.5158077138817635,0.6700952450550817,>0.5%,"(275,386]",0
5410,441,2,7,False,0.7594383123882413,0.8309612659678618,>0.5%,"(386,inf]",7
5411,414,2,0,False,0.11680100136694095,0.4134904871411108,"(0.1%,0.5%]","(386,inf]",7
5412,392,0,0,True,0.2969032217141017,0.0,"(0.1%,0.5%]","(386,inf]",7
5413,497,7,7,True,0.49923391095506664,0.0,"(0.1%,0.5%]","(386,inf]",7
5414,80,3,0,False,0.44555344494619664,0.979416747458066,"(0.1%,0.5%]","(-inf,161]",0
5415,279,2,6,False,0.34613782100199,0.462180736158663,"(0.1%,0.5%]","(275,386]",0
5416,303,6,0,False,0.23297392107305986,5.6677719351662565,"(0.1%,0.5%]","(275,386]",0
5417,428,7,7,True,0.751802276473953,0.0,>0.5%,"(386,inf]",7
5418,168,4,0,False,0.2784376213136462,0.2784376213136462,"(0.1%,0.5%]","(161,275]",0
5419,206,2,0,False,0.1771406966326345,0.1771406966326345,"(0.1%,0.5%]","(161,275]",0
5420,496,0,0,True,0.4094598005090085,0.0,"(0.1%,0.5%]","(386,inf]",7
5421,145,0,0,True,0.2529862552270462,0.0,"(0.1%,0.5%]","(-inf,161]",0
5422,439,6,6,True,0.03559224853869272,0.0,"(0.01%,0.1%]","(386,inf]",7
5423,147,0,0,True,0.3048395073319193,0.0,"(0.1%,0.5%]","(-inf,161]",0
5424,398,7,7,True,0.5057451986678696,0.0,>0.5%,"(386,inf]",7
5425,364,0,0,True,0.353221521792249,0.0,"(0.1%,0.5%]","(275,386]",0
5426,458,2,7,False,0.05981228392567704,1.4851716614835708,"(0.01%,0.1%]","(386,inf]",7
5427,420,0,0,True,0.3265979826766347,0.0,"(0.1%,0.5%]","(386,inf]",7
5428,130,0,3,False,0.10118407212271242,0.10854731060007808,"(0.1%,0.5%]","(-inf,161]",0
5429,323,7,2,False,0.5255837841299901,0.8708797936638026,>0.5%,"(275,386]",0
5430,449,1,0,False,1.2264919015705424,1.9965648977505894,>0.5%,"(386,inf]",7
5431,437,0,0,True,0.7494282148713018,0.0,>0.5%,"(386,inf]",7
5432,298,1,7,False,0.21629861900137434,0.9355185189586137,"(0.1%,0.5%]","(275,386]",0
5433,102,1,3,False,0.16300478529105483,0.35475874989032774,"(0.1%,0.5%]","(-inf,161]",0
5434,388,7,7,True,0.25062264880445384,0.0,"(0.1%,0.5%]","(386,inf]",7
5435,57,3,3,True,0.22538444768982446,0.0,"(0.1%,0.5%]","(-inf,161]",0
5436,166,4,0,False,0.17711799548864282,1.4710660459211324,"(0.1%,0.5%]","(161,275]",0
5437,97,6,3,False,0.12551567468569932,0.13962444875846325,"(0.1%,0.5%]","(-inf,161]",0
5438,375,7,0,False,0.2640701447153016,0.3373447796716089,"(0.1%,0.5%]","(275,386]",0
5439,191,4,0,False,0.3518995010908032,0.3518995010908032,"(0.1%,0.5%]","(161,275]",0
5440,240,6,0,False,0.35397843506750953,1.6721223912029692,"(0.1%,0.5%]","(161,275]",0
5441,208,0,0,True,0.10298962109461206,0.0,"(0.1%,0.5%]","(161,275]",0
5442,423,0,7,False,0.4369824031388463,1.046761111774855,"(0.1%,0.5%]","(386,inf]",7
5443,286,4,0,False,1.3057411669695242,2.7198247727226845,>0.5%,"(275,386]",0
5444,188,0,0,True,0.567490918336799,0.0,>0.5%,"(161,275]",0
5445,304,0,0,True,0.40154142894395395,0.0,"(0.1%,0.5%]","(275,386]",0
5446,347,0,0,True,0.23833930025396788,0.0,"(0.1%,0.5%]","(275,386]",0
5447,387,7,7,True,0.20890374460631128,0.0,"(0.1%,0.5%]","(386,inf]",7
5448,103,4,0,False,0.6387759747650483,0.6387759747650483,>0.5%,"(-inf,161]",0
5449,349,7,0,False,0.1954145765531877,0.1954145765531877,"(0.1%,0.5%]","(275,386]",0
5450,203,1,0,False,0.6323608598238336,10.80773265124264,>0.5%,"(161,275]",0
5451,398,6,6,True,0.5144592114856319,0.0,>0.5%,"(386,inf]",7
5452,368,6,0,False,0.003815875268220263,1.4587167143367619,"(0,0.01%]","(275,386]",0
5453,312,7,7,True,0.18466063954159082,0.0,"(0.1%,0.5%]","(275,386]",0
5454,254,6,0,False,0.7821941665386452,0.7821941665386452,>0.5%,"(161,275]",0
5455,455,4,0,False,1.2794136836692458,1.2932478493664012,>0.5%,"(386,inf]",7
5456,101,0,0,True,0.18300781043015651,0.0,"(0.1%,0.5%]","(-inf,161]",0
5457,188,7,0,False,0.11453059697467853,6.6791066528029575,"(0.1%,0.5%]","(161,275]",0
5458,207,0,0,True,0.6139889889736406,0.0,>0.5%,"(161,275]",0
5459,103,3,3,True,0.37598897698096684,0.0,"(0.1%,0.5%]","(-inf,161]",0
5460,248,6,0,False,0.17206242785311038,1.3506180616747285,"(0.1%,0.5%]","(161,275]",0
5461,478,2,7,False,0.3442445964310034,0.4158193828346669,"(0.1%,0.5%]","(386,inf]",7
5462,439,2,7,False,0.8169514048890882,1.0880845668745693,>0.5%,"(386,inf]",7
5463,301,0,0,True,0.9884474097341843,0.0,>0.5%,"(275,386]",0
5464,293,7,7,True,0.24131532877364534,0.0,"(0.1%,0.5%]","(275,386]",0
5465,314,2,0,False,0.4116531931373034,1.084357481449242,"(0.1%,0.5%]","(275,386]",0
5466,180,0,0,True,0.7989578800873427,0.0,>0.5%,"(161,275]",0
5467,412,6,7,False,0.8849430785740183,1.9856347719184368,>0.5%,"(386,inf]",7
5468,55,3,3,True,0.0,0.0,=0,"(-inf,161]",0
5469,438,6,7,False,0.03879334947788133,0.3970022214006438,"(0.01%,0.1%]","(386,inf]",7
5470,393,0,0,True,0.6480097778800152,0.0,>0.5%,"(386,inf]",7
5471,273,4,0,False,0.42093272715731517,2.015416705391043,"(0.1%,0.5%]","(161,275]",0
5472,267,0,0,True,0.294767748409287,0.0,"(0.1%,0.5%]","(161,275]",0
5473,268,0,0,True,1.2851778986624698,0.0,>0.5%,"(161,275]",0
5474,117,3,0,False,0.04039127730698594,0.43165579212275745,"(0.01%,0.1%]","(-inf,161]",0
5475,422,6,0,False,0.29841846720625703,3.2643407004032476,"(0.1%,0.5%]","(386,inf]",7
5476,326,6,0,False,0.19832343845987144,0.2656472743931798,"(0.1%,0.5%]","(275,386]",0
5477,194,7,0,False,0.0070243115550061444,0.0070243115550061444,"(0,0.01%]","(161,275]",0
5478,188,6,0,False,0.4382460505930561,1.4015902304564014,"(0.1%,0.5%]","(161,275]",0
5479,257,7,7,True,0.39821702249801577,0.0,"(0.1%,0.5%]","(161,275]",0
5480,146,3,3,True,0.2497137201051174,0.0,"(0.1%,0.5%]","(-inf,161]",0
5481,159,0,0,True,0.11275297735206331,0.0,"(0.1%,0.5%]","(-inf,161]",0
5482,442,0,0,True,0.244609900963331,0.0,"(0.1%,0.5%]","(386,inf]",7
5483,360,6,7,False,0.5482819274971238,0.9722037103067186,>0.5%,"(275,386]",0
5484,165,2,7,False,0.05773770911474183,1.4148844578313955,"(0.01%,0.1%]","(161,275]",0
5485,373,0,7,False,0.9611897256390376,2.593206172200822,>0.5%,"(275,386]",0
5486,417,0,0,True,1.403815252429148,0.0,>0.5%,"(386,inf]",7
5487,233,7,0,False,1.6392115167671968,2.457475178070174,>0.5%,"(161,275]",0
5488,198,2,7,False,0.8800171358526507,1.52732400385369,>0.5%,"(161,275]",0
5489,357,4,0,False,0.4131190792282787,1.1144200496130965,"(0.1%,0.5%]","(275,386]",0
5490,345,7,7,True,0.49765191333355496,0.0,"(0.1%,0.5%]","(275,386]",0
5491,119,4,0,False,0.403259648376324,0.45966705367621785,"(0.1%,0.5%]","(-inf,161]",0
5492,232,0,0,True,0.588016011123325,0.0,>0.5%,"(161,275]",0
5493,385,2,7,False,0.2566265097532123,0.8899512228521252,"(0.1%,0.5%]","(275,386]",0
5494,283,6,0,False,0.3040481915027358,2.2489908969985093,"(0.1%,0.5%]","(275,386]",0
5495,107,0,3,False,0.3596588395533544,1.058812645888659,"(0.1%,0.5%]","(-inf,161]",0
5496,196,2,2,True,0.9221997761078248,0.0,>0.5%,"(161,275]",0
5497,184,0,0,True,0.9064768752978116,0.0,>0.5%,"(161,275]",0
5498,103,1,0,False,0.19597244599802924,5.049068312040938,"(0.1%,0.5%]","(-inf,161]",0
5499,371,7,7,True,0.4105804937964578,0.0,"(0.1%,0.5%]","(275,386]",0
5500,64,2,3,False,0.0,2.0958212087683455e-06,=0,"(-inf,161]",0
5501,335,7,7,True,0.778349701910863,0.0,>0.5%,"(275,386]",0
5502,413,2,0,False,0.0865064438651002,1.6829215074830606,"(0.01%,0.1%]","(386,inf]",7
5503,273,0,0,True,0.1772062695050035,0.0,"(0.1%,0.5%]","(161,275]",0
5504,343,2,0,False,2.0360411878212643,3.865793658308513,>0.5%,"(275,386]",0
5505,193,3,0,False,0.7325409902908404,2.161711688268758,>0.5%,"(161,275]",0
5506,441,7,7,True,0.5203308646740474,0.0,>0.5%,"(386,inf]",7
5507,432,7,7,True,0.351944576858547,0.0,"(0.1%,0.5%]","(386,inf]",7
5508,131,0,0,True,0.26629262994119257,0.0,"(0.1%,0.5%]","(-inf,161]",0
5509,51,0,3,False,0.0,0.0,=0,"(-inf,161]",0
5510,250,7,7,True,1.125409088496288,0.0,>0.5%,"(161,275]",0
5511,79,1,3,False,0.0027571269538145572,0.0027571269538145572,"(0,0.01%]","(-inf,161]",0
5512,190,0,0,True,0.2956583996253397,0.0,"(0.1%,0.5%]","(161,275]",0
5513,75,3,3,True,0.1020537293424241,0.0,"(0.1%,0.5%]","(-inf,161]",0
5514,237,4,0,False,0.011677937824089721,0.2433532158840931,"(0.01%,0.1%]","(161,275]",0
5515,213,4,0,False,0.273696523585205,0.273696523585205,"(0.1%,0.5%]","(161,275]",0
5516,154,2,0,False,0.2996486271494414,4.541743831431662,"(0.1%,0.5%]","(-inf,161]",0
5517,379,7,7,True,0.1435335212135032,0.0,"(0.1%,0.5%]","(275,386]",0
5518,386,1,7,False,0.3076008310188286,0.5572311282438238,"(0.1%,0.5%]","(275,386]",0
5519,436,4,0,False,0.37386792233343263,0.37386792233343263,"(0.1%,0.5%]","(386,inf]",7
5520,447,7,0,False,0.6725711583405878,0.6725711583405878,>0.5%,"(386,inf]",7
5521,221,0,0,True,0.4817004975797349,0.0,"(0.1%,0.5%]","(161,275]",0
5522,445,4,7,False,0.7708719213010095,0.7708719213010095,>0.5%,"(386,inf]",7
5523,165,0,0,True,0.542236997855515,0.0,>0.5%,"(161,275]",0
5524,389,0,0,True,1.0338269500436197,0.0,>0.5%,"(386,inf]",7
5525,233,1,0,False,0.3178300438489711,2.9077695852875647,"(0.1%,0.5%]","(161,275]",0
5526,123,0,3,False,0.03098022325066171,0.769937184123214,"(0.01%,0.1%]","(-inf,161]",0
5527,169,0,0,True,0.8969611414843265,0.0,>0.5%,"(161,275]",0
5528,261,6,0,False,1.1968536826276797,1.3152939378283077,>0.5%,"(161,275]",0
5529,218,6,6,True,0.08110166491436119,0.0,"(0.01%,0.1%]","(161,275]",0
5530,335,0,0,True,0.04923117434466179,0.0,"(0.01%,0.1%]","(275,386]",0
5531,287,0,0,True,0.18468588633420888,0.0,"(0.1%,0.5%]","(275,386]",0
5532,190,4,0,False,0.38904323376200184,0.47710655909056027,"(0.1%,0.5%]","(161,275]",0
5533,400,2,0,False,0.24637132690038918,0.9928417817528858,"(0.1%,0.5%]","(386,inf]",7
5534,131,4,0,False,0.14064827415976525,0.20037347148708476,"(0.1%,0.5%]","(-inf,161]",0
5535,99,1,3,False,0.0,1.10496784276903,=0,"(-inf,161]",0
5536,487,4,0,False,0.5109159218442589,0.5109159218442589,>0.5%,"(386,inf]",7
5537,394,0,0,True,0.3579653408854484,0.0,"(0.1%,0.5%]","(386,inf]",7
5538,265,4,0,False,1.2849688280539022,1.302401438684468,>0.5%,"(161,275]",0
5539,317,4,0,False,1.1311985476114683,3.028280412721917,>0.5%,"(275,386]",0
5540,206,0,0,True,0.5909784942507271,0.0,>0.5%,"(161,275]",0
5541,451,6,0,False,0.5972991105341207,3.4527059665383617,>0.5%,"(386,inf]",7
5542,424,2,7,False,0.06415629325698109,0.8309827505727119,"(0.01%,0.1%]","(386,inf]",7
5543,264,0,0,True,0.7865200188294086,0.0,>0.5%,"(161,275]",0
5544,496,7,7,True,0.03599291123743114,0.0,"(0.01%,0.1%]","(386,inf]",7
5545,326,2,0,False,0.04719558614011826,0.04719558614011826,"(0.01%,0.1%]","(275,386]",0
5546,355,4,0,False,0.8977694201949388,0.8977694201949388,>0.5%,"(275,386]",0
5547,253,0,0,True,0.9044127053209099,0.0,>0.5%,"(161,275]",0
5548,468,2,7,False,0.04081275561046813,0.04081275561046813,"(0.01%,0.1%]","(386,inf]",7
5549,231,7,0,False,0.9674879796722506,3.1939314737972504,>0.5%,"(161,275]",0
5550,412,7,7,True,0.7031185899417117,0.0,>0.5%,"(386,inf]",7
5551,326,0,0,True,0.057753110145729425,0.0,"(0.01%,0.1%]","(275,386]",0
5552,404,4,0,False,0.23150393028392155,0.23150393028392155,"(0.1%,0.5%]","(386,inf]",7
5553,416,7,7,True,0.44256692029149686,0.0,"(0.1%,0.5%]","(386,inf]",7
5554,269,2,2,True,0.4498285862919495,0.0,"(0.1%,0.5%]","(161,275]",0
5555,250,0,0,True,0.4528266023531056,0.0,"(0.1%,0.5%]","(161,275]",0
5556,183,0,0,True,0.6441762774579574,0.0,>0.5%,"(161,275]",0
5557,365,1,0,False,0.6642032729589413,3.781350720467037,>0.5%,"(275,386]",0
5558,404,2,0,False,0.28426651055392554,0.7814289504807013,"(0.1%,0.5%]","(386,inf]",7
5559,110,2,3,False,0.17927778027326022,0.611084668394324,"(0.1%,0.5%]","(-inf,161]",0
5560,411,0,0,True,0.3188133520433751,0.0,"(0.1%,0.5%]","(386,inf]",7
5561,84,0,3,False,0.0,0.0,=0,"(-inf,161]",0
5562,499,7,7,True,0.2278317639642483,0.0,"(0.1%,0.5%]","(386,inf]",7
5563,318,0,0,True,0.07364034646340445,0.0,"(0.01%,0.1%]","(275,386]",0
5564,336,0,0,True,0.9281615857637213,0.0,>0.5%,"(275,386]",0
5565,354,0,0,True,0.23492991927382087,0.0,"(0.1%,0.5%]","(275,386]",0
5566,138,3,0,False,0.5654796314577146,5.786899035065663,>0.5%,"(-inf,161]",0
5567,383,0,0,True,0.09516675498628857,0.0,"(0.01%,0.1%]","(275,386]",0
5568,421,6,0,False,0.7284486014180239,0.8703949683596424,>0.5%,"(386,inf]",7
5569,136,4,3,False,0.17037267564765193,0.4523913639459818,"(0.1%,0.5%]","(-inf,161]",0
5570,76,3,3,True,0.002078875110920324,0.0,"(0,0.01%]","(-inf,161]",0
5571,472,7,0,False,0.8287316476163816,3.797821848143129,>0.5%,"(386,inf]",7
5572,212,0,0,True,0.20792203499698275,0.0,"(0.1%,0.5%]","(161,275]",0
5573,223,2,7,False,0.8663388527872622,2.166468992878188,>0.5%,"(161,275]",0
5574,354,2,7,False,0.20592201540715277,1.4068809831351143,"(0.1%,0.5%]","(275,386]",0
5575,283,7,0,False,0.19567908802368503,0.25320967960502544,"(0.1%,0.5%]","(275,386]",0
5576,365,0,0,True,0.019202775516559863,0.0,"(0.01%,0.1%]","(275,386]",0
5577,92,3,3,True,0.027261341848261077,0.0,"(0.01%,0.1%]","(-inf,161]",0
5578,476,6,7,False,0.008749465232567463,0.4688601110561642,"(0,0.01%]","(386,inf]",7
5579,473,0,0,True,0.08594319984471321,0.0,"(0.01%,0.1%]","(386,inf]",7
5580,337,7,7,True,0.07109081730914539,0.0,"(0.01%,0.1%]","(275,386]",0
5581,87,6,3,False,0.118593929613261,0.118593929613261,"(0.1%,0.5%]","(-inf,161]",0
5582,223,6,7,False,1.1552901118366927,2.7229172168688596,>0.5%,"(161,275]",0
5583,174,4,0,False,0.8035994461835129,0.8035994461835129,>0.5%,"(161,275]",0
5584,345,4,7,False,1.73058389668801,2.6115550985449807,>0.5%,"(275,386]",0
5585,130,3,0,False,0.8797438426096805,1.2219332758707726,>0.5%,"(-inf,161]",0
5586,80,1,3,False,0.03523493192370683,0.09728172569574065,"(0.01%,0.1%]","(-inf,161]",0
5587,229,7,0,False,0.171457649071836,0.171457649071836,"(0.1%,0.5%]","(161,275]",0
5588,268,0,0,True,0.4357229788660569,0.0,"(0.1%,0.5%]","(161,275]",0
5589,314,7,7,True,1.3577119612793929,0.0,>0.5%,"(275,386]",0
5590,494,4,0,False,0.2648269574902758,0.2648269574902758,"(0.1%,0.5%]","(386,inf]",7
5591,413,7,7,True,0.8429211742900187,0.0,>0.5%,"(386,inf]",7
5592,389,4,0,False,0.9201792256016174,2.93484641892293,>0.5%,"(386,inf]",7
5593,388,7,0,False,0.49235578113640266,0.49235578113640266,"(0.1%,0.5%]","(386,inf]",7
5594,109,0,3,False,0.03633134063957975,0.8199105286775114,"(0.01%,0.1%]","(-inf,161]",0
5595,275,6,2,False,0.07963758736583988,0.07963758736583988,"(0.01%,0.1%]","(161,275]",0
5596,78,2,3,False,3.0788778179830285e-06,0.24131556850087013,"(0,0.01%]","(-inf,161]",0
5597,431,7,0,False,0.6042124223947235,1.6066669700519005,>0.5%,"(386,inf]",7
5598,276,0,0,True,0.7655651560884723,0.0,>0.5%,"(275,386]",0
5599,116,0,0,True,0.12186968794431656,0.0,"(0.1%,0.5%]","(-inf,161]",0
5600,300,0,0,True,0.7436550325174212,0.0,>0.5%,"(275,386]",0
5601,332,6,0,False,0.7432717295464998,5.208410048872909,>0.5%,"(275,386]",0
5602,352,0,0,True,0.09513244909515792,0.0,"(0.01%,0.1%]","(275,386]",0
5603,329,2,7,False,0.12399537137714206,0.12399537137714206,"(0.1%,0.5%]","(275,386]",0
5604,147,2,0,False,0.0917510290623532,0.0917510290623532,"(0.01%,0.1%]","(-inf,161]",0
5605,250,0,7,False,0.8140758996629431,0.8140758996629431,>0.5%,"(161,275]",0
5606,474,0,7,False,0.48637821536731535,0.8279138228761187,"(0.1%,0.5%]","(386,inf]",7
5607,372,0,0,True,0.48227205067436923,0.0,"(0.1%,0.5%]","(275,386]",0
5608,435,7,7,True,0.38664197107484727,0.0,"(0.1%,0.5%]","(386,inf]",7
5609,495,4,0,False,0.7665068308761683,0.7665068308761683,>0.5%,"(386,inf]",7
5610,307,0,0,True,0.3610200726292545,0.0,"(0.1%,0.5%]","(275,386]",0
5611,458,7,7,True,0.8179797208620391,0.0,>0.5%,"(386,inf]",7
5612,345,0,0,True,0.26286150689264143,0.0,"(0.1%,0.5%]","(275,386]",0
5613,217,7,0,False,0.47341966462694657,0.5783000971819418,"(0.1%,0.5%]","(161,275]",0
5614,275,2,7,False,0.21500691426238214,1.965807468959849,"(0.1%,0.5%]","(161,275]",0
5615,148,0,0,True,0.25595090167173096,0.0,"(0.1%,0.5%]","(-inf,161]",0
5616,335,7,0,False,0.03930609099188585,0.03930609099188585,"(0.01%,0.1%]","(275,386]",0
5617,480,0,0,True,0.7571220514045587,0.0,>0.5%,"(386,inf]",7
5618,318,0,0,True,0.329957612562269,0.0,"(0.1%,0.5%]","(275,386]",0
5619,265,2,2,True,0.23462089684056736,0.0,"(0.1%,0.5%]","(161,275]",0
5620,414,0,0,True,0.08021700864671048,0.0,"(0.01%,0.1%]","(386,inf]",7
5621,411,7,7,True,0.17151397562331386,0.0,"(0.1%,0.5%]","(386,inf]",7
5622,266,7,7,True,0.09570073733845078,0.0,"(0.01%,0.1%]","(161,275]",0
5623,469,6,7,False,1.286522638347305,2.883330902065206,>0.5%,"(386,inf]",7
5624,371,7,7,True,0.48878748724563204,0.0,"(0.1%,0.5%]","(275,386]",0
5625,50,2,3,False,4.0409944519764285e-06,4.0409944519764285e-06,"(0,0.01%]","(-inf,161]",0
5626,444,7,7,True,0.07882269260665384,0.0,"(0.01%,0.1%]","(386,inf]",7
5627,209,0,0,True,0.7043174551896032,0.0,>0.5%,"(161,275]",0
5628,91,4,3,False,0.7497123888574775,0.7497123888574775,>0.5%,"(-inf,161]",0
5629,434,1,7,False,0.6152696721478413,0.708816882638952,>0.5%,"(386,inf]",7
5630,312,7,6,False,1.1285873843703877,1.1285873843703877,>0.5%,"(275,386]",0
5631,216,6,0,False,0.021758380881684962,0.7832544830803623,"(0.01%,0.1%]","(161,275]",0
5632,143,0,0,True,0.055123612535152806,0.0,"(0.01%,0.1%]","(-inf,161]",0
5633,238,0,0,True,1.1497920145244427,0.0,>0.5%,"(161,275]",0
5634,51,4,3,False,0.007108226024937841,0.030655055006837652,"(0,0.01%]","(-inf,161]",0
5635,399,0,0,True,0.6288554283518384,0.0,>0.5%,"(386,inf]",7
5636,275,3,0,False,0.12647530543707272,0.7701023572049455,"(0.1%,0.5%]","(161,275]",0
5637,157,0,0,True,0.015142348182794653,0.0,"(0.01%,0.1%]","(-inf,161]",0
5638,430,4,0,False,0.0561949900620675,0.5163270073004134,"(0.01%,0.1%]","(386,inf]",7
5639,183,0,0,True,0.6315047972917261,0.0,>0.5%,"(161,275]",0
5640,148,4,0,False,0.06518206531227642,0.06518206531227642,"(0.01%,0.1%]","(-inf,161]",0
5641,459,7,0,False,0.09280547071462397,0.7796336209811934,"(0.01%,0.1%]","(386,inf]",7
5642,438,7,0,False,0.1578502632359884,0.1578502632359884,"(0.1%,0.5%]","(386,inf]",7
5643,195,4,0,False,1.0404700292053224,1.56663346198614,>0.5%,"(161,275]",0
5644,444,0,0,True,0.17613834884349774,0.0,"(0.1%,0.5%]","(386,inf]",7
5645,70,3,3,True,0.037603044993628085,0.0,"(0.01%,0.1%]","(-inf,161]",0
5646,174,2,7,False,0.622497064147325,0.915774021203742,>0.5%,"(161,275]",0
5647,120,4,0,False,4.940542854944211e-06,0.022233937952322168,"(0,0.01%]","(-inf,161]",0
5648,321,0,0,True,1.9227095963222787,0.0,>0.5%,"(275,386]",0
5649,371,6,7,False,0.34629227476713037,0.48249402547029935,"(0.1%,0.5%]","(275,386]",0
5650,386,0,0,True,0.1969966817171948,0.0,"(0.1%,0.5%]","(275,386]",0
5651,390,0,0,True,0.4793409094598971,0.0,"(0.1%,0.5%]","(386,inf]",7
5652,117,3,0,False,0.48632457537937546,0.5434323934583103,"(0.1%,0.5%]","(-inf,161]",0
5653,364,2,7,False,2.161753587192438,2.2927593600686755,>0.5%,"(275,386]",0
5654,244,4,0,False,0.9084651009640449,0.9084651009640449,>0.5%,"(161,275]",0
5655,353,0,0,True,0.9420573377307812,0.0,>0.5%,"(275,386]",0
5656,210,5,2,False,0.5047653159727747,0.5047653159727747,>0.5%,"(161,275]",0
5657,184,4,0,False,0.7540189579952368,0.7540189579952368,>0.5%,"(161,275]",0
5658,470,6,7,False,0.19930664107334012,0.19930664107334012,"(0.1%,0.5%]","(386,inf]",7
5659,438,0,0,True,0.003611623079114463,0.0,"(0,0.01%]","(386,inf]",7
5660,164,3,0,False,0.030380422772615365,0.30329875140869117,"(0.01%,0.1%]","(161,275]",0
5661,311,0,0,True,0.85004242140615,0.0,>0.5%,"(275,386]",0
5662,260,2,0,False,0.8953824967043101,1.0983086756523497,>0.5%,"(161,275]",0
5663,403,0,0,True,1.5833819412888201,0.0,>0.5%,"(386,inf]",7
5664,232,4,0,False,0.5031104767553329,0.5031104767553329,>0.5%,"(161,275]",0
5665,477,0,0,True,0.49225060076140087,0.0,"(0.1%,0.5%]","(386,inf]",7
5666,402,1,7,False,1.1187351447499856,2.295618318887274,>0.5%,"(386,inf]",7
5667,255,0,0,True,0.04612153860762966,0.0,"(0.01%,0.1%]","(161,275]",0
5668,238,0,0,True,0.6981207415656298,0.0,>0.5%,"(161,275]",0
5669,54,0,3,False,0.0,0.393517974312499,=0,"(-inf,161]",0
5670,331,4,7,False,0.6096730253971677,2.6277563371614057,>0.5%,"(275,386]",0
5671,480,0,0,True,0.35261447968750914,0.0,"(0.1%,0.5%]","(386,inf]",7
5672,421,6,7,False,0.3075394723974977,1.7008701644873239,"(0.1%,0.5%]","(386,inf]",7
5673,261,4,0,False,0.5920986851389085,0.8317690748871059,>0.5%,"(161,275]",0
5674,400,6,0,False,0.03843780167346012,0.03843780167346012,"(0.01%,0.1%]","(386,inf]",7
5675,334,2,2,True,0.19022353160280825,0.0,"(0.1%,0.5%]","(275,386]",0
5676,473,7,7,True,0.6660137695685716,0.0,>0.5%,"(386,inf]",7
5677,390,4,0,False,0.37699585708198974,0.4512003334050014,"(0.1%,0.5%]","(386,inf]",7
5678,171,2,0,False,0.07397879719756799,0.7712260842585101,"(0.01%,0.1%]","(161,275]",0
5679,353,0,0,True,0.887068740557285,0.0,>0.5%,"(275,386]",0
5680,382,0,0,True,0.055762520970015834,0.0,"(0.01%,0.1%]","(275,386]",0
5681,487,2,0,False,0.08808522680671088,2.3233702868474184,"(0.01%,0.1%]","(386,inf]",7
5682,357,4,0,False,0.9807036122728513,1.9353350822555342,>0.5%,"(275,386]",0
5683,462,7,7,True,1.0994586844309702,0.0,>0.5%,"(386,inf]",7
5684,481,4,7,False,0.09476541342567721,0.09476541342567721,"(0.01%,0.1%]","(386,inf]",7
5685,144,0,0,True,0.6571893330784917,0.0,>0.5%,"(-inf,161]",0
5686,486,0,7,False,0.4969502044442834,0.8747950958891679,"(0.1%,0.5%]","(386,inf]",7
5687,273,0,0,True,0.327550109480905,0.0,"(0.1%,0.5%]","(161,275]",0
5688,427,7,7,True,0.00780794639542759,0.0,"(0,0.01%]","(386,inf]",7
5689,433,6,7,False,1.087809639580522,1.2800904243531785,>0.5%,"(386,inf]",7
5690,390,2,7,False,0.18675795539856546,0.18675795539856546,"(0.1%,0.5%]","(386,inf]",7
5691,168,0,0,True,0.4024715988571391,0.0,"(0.1%,0.5%]","(161,275]",0
5692,111,3,0,False,0.06751736619928325,0.06751736619928325,"(0.01%,0.1%]","(-inf,161]",0
5693,256,2,0,False,0.11946457688345831,0.13591326792582653,"(0.1%,0.5%]","(161,275]",0
5694,319,0,0,True,0.3965215980882843,0.0,"(0.1%,0.5%]","(275,386]",0
5695,134,0,0,True,0.08238313634655427,0.0,"(0.01%,0.1%]","(-inf,161]",0
5696,168,4,0,False,0.16237607490304956,0.16237607490304956,"(0.1%,0.5%]","(161,275]",0
5697,324,6,0,False,0.010482456869921993,0.49579956387494734,"(0.01%,0.1%]","(275,386]",0
5698,461,7,7,True,0.12032036288994297,0.0,"(0.1%,0.5%]","(386,inf]",7
5699,108,0,0,True,0.8212654951085587,0.0,>0.5%,"(-inf,161]",0
5700,273,2,0,False,0.001517048950423796,0.001517048950423796,"(0,0.01%]","(161,275]",0
5701,277,0,0,True,0.5454657400906288,0.0,>0.5%,"(275,386]",0
5702,447,4,7,False,0.3979027631340444,1.2548312395521106,"(0.1%,0.5%]","(386,inf]",7
5703,233,4,0,False,0.3998510299286526,0.7124796695813383,"(0.1%,0.5%]","(161,275]",0
5704,99,0,0,True,0.08173108097135948,0.0,"(0.01%,0.1%]","(-inf,161]",0
5705,454,0,0,True,0.13463043000231928,0.0,"(0.1%,0.5%]","(386,inf]",7
5706,417,7,7,True,1.0899970291107395,0.0,>0.5%,"(386,inf]",7
5707,164,0,0,True,0.8190061952363714,0.0,>0.5%,"(161,275]",0
5708,144,0,0,True,0.20873545077924638,0.0,"(0.1%,0.5%]","(-inf,161]",0
5709,349,6,7,False,0.07969082976389687,1.6109180580132962,"(0.01%,0.1%]","(275,386]",0
5710,407,0,0,True,1.499666085684342,0.0,>0.5%,"(386,inf]",7
5711,272,4,0,False,0.2508873945509129,0.2508873945509129,"(0.1%,0.5%]","(161,275]",0
5712,223,7,0,False,1.305257498423785,1.3693836203405778,>0.5%,"(161,275]",0
5713,496,7,0,False,0.41507098945871457,0.8793923883054867,"(0.1%,0.5%]","(386,inf]",7
5714,413,0,0,True,1.2087321366879362,0.0,>0.5%,"(386,inf]",7
5715,249,7,7,True,0.48028416223535647,0.0,"(0.1%,0.5%]","(161,275]",0
5716,320,2,0,False,0.11573729420338748,0.26633918111023946,"(0.1%,0.5%]","(275,386]",0
5717,290,0,0,True,0.185103510295307,0.0,"(0.1%,0.5%]","(275,386]",0
5718,471,0,0,True,0.7978260245664004,0.0,>0.5%,"(386,inf]",7
5719,82,0,3,False,0.03773371865706746,0.09597449911071122,"(0.01%,0.1%]","(-inf,161]",0
5720,287,2,2,True,0.4840982148907972,0.0,"(0.1%,0.5%]","(275,386]",0
5721,136,0,0,True,0.022652034887995713,0.0,"(0.01%,0.1%]","(-inf,161]",0
5722,197,7,0,False,0.36639389358323726,1.3530784435819898,"(0.1%,0.5%]","(161,275]",0
5723,211,5,0,False,0.5472189574247532,5.16370860493178,>0.5%,"(161,275]",0
5724,444,1,7,False,0.2731663192052547,1.8208073102468025,"(0.1%,0.5%]","(386,inf]",7
5725,265,2,7,False,0.47635638875923203,2.952319003826257,"(0.1%,0.5%]","(161,275]",0
5726,387,7,7,True,0.2133159702152818,0.0,"(0.1%,0.5%]","(386,inf]",7
5727,275,6,0,False,0.2387770991979243,1.5691172708463197,"(0.1%,0.5%]","(161,275]",0
5728,64,3,3,True,0.1945616130763991,0.0,"(0.1%,0.5%]","(-inf,161]",0
5729,140,4,0,False,0.012568162188672892,0.012568162188672892,"(0.01%,0.1%]","(-inf,161]",0
5730,283,0,0,True,0.5388130926120761,0.0,>0.5%,"(275,386]",0
5731,209,1,2,False,0.03922452602076639,0.5088599404340312,"(0.01%,0.1%]","(161,275]",0
5732,136,3,0,False,0.04693578457905616,0.04693578457905616,"(0.01%,0.1%]","(-inf,161]",0
5733,253,2,7,False,0.061749539017719235,0.061749539017719235,"(0.01%,0.1%]","(161,275]",0
5734,419,6,7,False,0.2700863202860876,0.2881673446412813,"(0.1%,0.5%]","(386,inf]",7
5735,452,1,7,False,0.08652300835958852,0.08652300835958852,"(0.01%,0.1%]","(386,inf]",7
5736,184,4,0,False,0.4250046393045656,0.8178572705567893,"(0.1%,0.5%]","(161,275]",0
5737,366,0,0,True,0.19965296051145318,0.0,"(0.1%,0.5%]","(275,386]",0
5738,218,2,7,False,0.5531900719213587,3.054343131285384,>0.5%,"(161,275]",0
5739,87,0,3,False,0.036788413354000155,0.0777914216359343,"(0.01%,0.1%]","(-inf,161]",0
5740,375,6,7,False,0.05548574869034784,0.05548574869034784,"(0.01%,0.1%]","(275,386]",0
5741,396,6,7,False,0.16135144675744903,0.8856098359691228,"(0.1%,0.5%]","(386,inf]",7
5742,209,2,2,True,0.4324717187201183,0.0,"(0.1%,0.5%]","(161,275]",0
5743,373,0,0,True,0.5023830881363707,0.0,>0.5%,"(275,386]",0
5744,480,2,7,False,0.5808603050523424,0.6977659750963343,>0.5%,"(386,inf]",7
5745,233,0,0,True,0.7012531508768727,0.0,>0.5%,"(161,275]",0
5746,115,0,3,False,0.18330639816519526,0.6667458782264849,"(0.1%,0.5%]","(-inf,161]",0
5747,84,4,0,False,0.02361983097702736,0.4319784723392507,"(0.01%,0.1%]","(-inf,161]",0
5748,316,0,0,True,0.2978798338124042,0.0,"(0.1%,0.5%]","(275,386]",0
5749,416,2,7,False,0.15783484439938322,0.15783484439938322,"(0.1%,0.5%]","(386,inf]",7
5750,473,0,0,True,0.12182676874617203,0.0,"(0.1%,0.5%]","(386,inf]",7
5751,291,4,0,False,0.2260760605353524,0.2260760605353524,"(0.1%,0.5%]","(275,386]",0
5752,445,4,0,False,0.19853127478569776,0.26928360912273974,"(0.1%,0.5%]","(386,inf]",7
5753,173,0,0,True,0.5065149215781676,0.0,>0.5%,"(161,275]",0
5754,63,3,3,True,0.21153123751946729,0.0,"(0.1%,0.5%]","(-inf,161]",0
5755,162,4,0,False,0.6238120341718241,0.7642233562920077,>0.5%,"(161,275]",0
5756,443,4,0,False,1.4551407892707633,1.5189678232851758,>0.5%,"(386,inf]",7
5757,226,7,0,False,0.10717756086821122,0.2699982154978344,"(0.1%,0.5%]","(161,275]",0
5758,301,0,0,True,0.17366234879599024,0.0,"(0.1%,0.5%]","(275,386]",0
5759,233,0,0,True,0.478496774069535,0.0,"(0.1%,0.5%]","(161,275]",0
5760,223,6,0,False,0.7452410461058214,0.7452410461058214,>0.5%,"(161,275]",0
5761,101,0,0,True,0.19933574697658238,0.0,"(0.1%,0.5%]","(-inf,161]",0
5762,231,6,7,False,1.1388679954619283,1.1388679954619283,>0.5%,"(161,275]",0
5763,459,2,7,False,0.029215460080287175,0.029215460080287175,"(0.01%,0.1%]","(386,inf]",7
5764,64,3,3,True,0.1609070499225633,0.0,"(0.1%,0.5%]","(-inf,161]",0
5765,211,0,0,True,0.0981748752492417,0.0,"(0.01%,0.1%]","(161,275]",0
5766,302,6,6,True,0.3347401587183367,0.0,"(0.1%,0.5%]","(275,386]",0
5767,177,3,6,False,0.5648274285280338,1.073075344013321,>0.5%,"(161,275]",0
5768,473,0,7,False,0.3996451509509285,0.4532564117151962,"(0.1%,0.5%]","(386,inf]",7
5769,408,2,7,False,0.8541337648120416,0.8541337648120416,>0.5%,"(386,inf]",7
5770,397,0,0,True,0.1704797110430492,0.0,"(0.1%,0.5%]","(386,inf]",7
5771,127,3,0,False,0.3651623819105404,0.7275144716960207,"(0.1%,0.5%]","(-inf,161]",0
5772,61,3,3,True,1.1299995201874018e-05,0.0,"(0,0.01%]","(-inf,161]",0
5773,153,7,0,False,0.4751414268161119,1.3490042762954804,"(0.1%,0.5%]","(-inf,161]",0
5774,263,0,0,True,0.5782113919978927,0.0,>0.5%,"(161,275]",0
5775,339,0,0,True,1.0487940909810023,0.0,>0.5%,"(275,386]",0
5776,437,2,7,False,0.8238559341267653,0.8238559341267653,>0.5%,"(386,inf]",7
5777,449,7,7,True,0.023309614699027745,0.0,"(0.01%,0.1%]","(386,inf]",7
5778,211,0,0,True,0.05979935737293364,0.0,"(0.01%,0.1%]","(161,275]",0
5779,333,0,0,True,0.6860737838900004,0.0,>0.5%,"(275,386]",0
5780,385,7,7,True,0.8968167271528235,0.0,>0.5%,"(275,386]",0
5781,414,6,7,False,1.035118092306826,1.074097123186872,>0.5%,"(386,inf]",7
5782,172,2,3,False,0.03365453760760303,1.59372839093563,"(0.01%,0.1%]","(161,275]",0
5783,372,0,0,True,0.7476407782753617,0.0,>0.5%,"(275,386]",0
5784,482,4,0,False,0.1545069116359052,0.1545069116359052,"(0.1%,0.5%]","(386,inf]",7
5785,172,6,0,False,1.1368210655629636,1.8699337233702489,>0.5%,"(161,275]",0
5786,257,1,0,False,0.17785307239897025,0.17785307239897025,"(0.1%,0.5%]","(161,275]",0
5787,251,0,0,True,0.2978905616095881,0.0,"(0.1%,0.5%]","(161,275]",0
5788,271,4,0,False,0.1699675329978735,1.6407153366824074,"(0.1%,0.5%]","(161,275]",0
5789,197,4,0,False,0.8390759407657128,1.2334958412330799,>0.5%,"(161,275]",0
5790,481,0,7,False,0.6411309538803357,3.6840708250716525,>0.5%,"(386,inf]",7
5791,436,6,7,False,0.03463426660127851,1.534812858729709,"(0.01%,0.1%]","(386,inf]",7
5792,322,0,0,True,1.7063327412971407,0.0,>0.5%,"(275,386]",0
5793,463,7,7,True,0.14123967861926523,0.0,"(0.1%,0.5%]","(386,inf]",7
5794,225,0,0,True,0.18129785406984353,0.0,"(0.1%,0.5%]","(161,275]",0
5795,384,0,0,True,0.36377396101291687,0.0,"(0.1%,0.5%]","(275,386]",0
5796,356,4,0,False,0.333665155747132,0.333665155747132,"(0.1%,0.5%]","(275,386]",0
5797,265,0,0,True,1.1311068268102962,0.0,>0.5%,"(161,275]",0
5798,232,7,0,False,0.013575102184456784,0.013575102184456784,"(0.01%,0.1%]","(161,275]",0
5799,449,6,7,False,0.029891349586950385,0.029891349586950385,"(0.01%,0.1%]","(386,inf]",7
5800,117,3,0,False,0.27272876057674994,0.27272876057674994,"(0.1%,0.5%]","(-inf,161]",0
5801,133,3,3,True,0.1429929003280857,0.0,"(0.1%,0.5%]","(-inf,161]",0
5802,79,4,3,False,0.010207250622750876,0.010207250622750876,"(0.01%,0.1%]","(-inf,161]",0
5803,251,0,0,True,0.8056491864551384,0.0,>0.5%,"(161,275]",0
5804,311,0,0,True,0.7099268139264178,0.0,>0.5%,"(275,386]",0
5805,131,4,3,False,0.19859827851975292,0.4886386136798645,"(0.1%,0.5%]","(-inf,161]",0
5806,298,0,0,True,0.0016235783050743688,0.0,"(0,0.01%]","(275,386]",0
5807,160,0,0,True,0.0733561856135409,0.0,"(0.01%,0.1%]","(-inf,161]",0
5808,81,1,3,False,0.0035506007166649276,0.08633441335964603,"(0,0.01%]","(-inf,161]",0
5809,210,4,0,False,0.06884233082652681,0.06884233082652681,"(0.01%,0.1%]","(161,275]",0
5810,250,0,0,True,0.001421508886680669,0.0,"(0,0.01%]","(161,275]",0
5811,284,4,0,False,0.040838031566310926,0.040838031566310926,"(0.01%,0.1%]","(275,386]",0
5812,112,3,0,False,0.05077696848741242,0.05077696848741242,"(0.01%,0.1%]","(-inf,161]",0
5813,457,7,7,True,0.3104748817924797,0.0,"(0.1%,0.5%]","(386,inf]",7
5814,196,6,7,False,0.6748834580291194,1.0229102572810935,>0.5%,"(161,275]",0
5815,413,2,7,False,0.2551294104481715,1.0272331649061304,"(0.1%,0.5%]","(386,inf]",7
5816,231,0,0,True,0.0728550107007517,0.0,"(0.01%,0.1%]","(161,275]",0
5817,119,6,0,False,0.046309783157166766,0.046309783157166766,"(0.01%,0.1%]","(-inf,161]",0
5818,171,7,0,False,0.3518676351599366,3.6572179588574922,"(0.1%,0.5%]","(161,275]",0
5819,366,0,0,True,0.887371658735606,0.0,>0.5%,"(275,386]",0
5820,447,7,0,False,0.11207416321834286,0.37544106561485313,"(0.1%,0.5%]","(386,inf]",7
5821,476,4,7,False,0.28121465592142625,0.28121465592142625,"(0.1%,0.5%]","(386,inf]",7
5822,377,7,7,True,0.823776436146261,0.0,>0.5%,"(275,386]",0
5823,268,4,0,False,0.2546723616702675,0.2546723616702675,"(0.1%,0.5%]","(161,275]",0
5824,358,4,7,False,0.05760887446738705,1.4782151188361154,"(0.01%,0.1%]","(275,386]",0
5825,200,6,2,False,0.3587843003502941,1.0468051060728036,"(0.1%,0.5%]","(161,275]",0
5826,183,2,0,False,0.317719070579352,1.5503035034574641,"(0.1%,0.5%]","(161,275]",0
5827,214,7,0,False,1.1250416270626442,2.807702591444406,>0.5%,"(161,275]",0
5828,401,0,0,True,0.402459568621174,0.0,"(0.1%,0.5%]","(386,inf]",7
5829,437,1,0,False,0.14798876401935832,0.15964572065199495,"(0.1%,0.5%]","(386,inf]",7
5830,474,7,0,False,0.039181107500539686,0.6173029733086146,"(0.01%,0.1%]","(386,inf]",7
5831,157,3,0,False,0.12327840119847183,0.12327840119847183,"(0.1%,0.5%]","(-inf,161]",0
5832,224,7,0,False,0.21994746757497632,2.0971792459864007,"(0.1%,0.5%]","(161,275]",0
5833,248,2,2,True,0.6506522719844335,0.0,>0.5%,"(161,275]",0
5834,344,0,0,True,0.2810759642899713,0.0,"(0.1%,0.5%]","(275,386]",0
5835,93,3,3,True,0.01649238695492701,0.0,"(0.01%,0.1%]","(-inf,161]",0
5836,407,7,0,False,0.1396191285542151,0.1396191285542151,"(0.1%,0.5%]","(386,inf]",7
5837,320,6,7,False,0.04898859006109356,0.787225670955283,"(0.01%,0.1%]","(275,386]",0
5838,83,4,3,False,7.531862271396151e-06,0.005557600991176372,"(0,0.01%]","(-inf,161]",0
5839,371,2,7,False,0.6467093112272013,0.6865001036324623,>0.5%,"(275,386]",0
5840,324,6,7,False,0.9138385982460026,1.8759127495068602,>0.5%,"(275,386]",0
5841,220,4,0,False,0.1357345867132763,0.1357345867132763,"(0.1%,0.5%]","(161,275]",0
5842,425,0,0,True,1.4843063157537573,0.0,>0.5%,"(386,inf]",7
5843,444,0,0,True,0.031759754713493626,0.0,"(0.01%,0.1%]","(386,inf]",7
5844,169,0,0,True,0.8723433234716752,0.0,>0.5%,"(161,275]",0
5845,370,0,0,True,0.8222820722581216,0.0,>0.5%,"(275,386]",0
5846,94,3,3,True,0.35812151282891047,0.0,"(0.1%,0.5%]","(-inf,161]",0
5847,275,0,0,True,0.27982639225022454,0.0,"(0.1%,0.5%]","(161,275]",0
5848,230,4,0,False,0.4025431408220856,0.4025431408220856,"(0.1%,0.5%]","(161,275]",0
5849,415,7,7,True,1.6571976734329283,0.0,>0.5%,"(386,inf]",7
5850,258,7,6,False,0.12352219483792051,0.32645820130975606,"(0.1%,0.5%]","(161,275]",0
5851,353,4,0,False,0.27784821734836923,0.8753042751908604,"(0.1%,0.5%]","(275,386]",0
5852,218,4,0,False,0.5295110404904494,0.7071486640458992,>0.5%,"(161,275]",0
5853,402,7,7,True,1.0521832239866604,0.0,>0.5%,"(386,inf]",7
5854,194,4,0,False,1.8224991585838284,2.515458795271189,>0.5%,"(161,275]",0
5855,377,4,0,False,0.09644847755370159,0.09644847755370159,"(0.01%,0.1%]","(275,386]",0
5856,237,0,0,True,0.21860443615642594,0.0,"(0.1%,0.5%]","(161,275]",0
5857,285,0,4,False,0.12211153096469086,1.2477190224572026,"(0.1%,0.5%]","(275,386]",0
5858,440,2,7,False,0.3023432475943348,1.250714261938535,"(0.1%,0.5%]","(386,inf]",7
5859,213,1,0,False,0.02374996476091794,0.20052924167301622,"(0.01%,0.1%]","(161,275]",0
5860,80,4,3,False,0.0033061908837572216,0.0033061908837572216,"(0,0.01%]","(-inf,161]",0
5861,407,0,0,True,0.39905275088748,0.0,"(0.1%,0.5%]","(386,inf]",7
5862,443,6,7,False,0.034382561049003287,0.7762982485174169,"(0.01%,0.1%]","(386,inf]",7
5863,77,3,3,True,0.10825043018115336,0.0,"(0.1%,0.5%]","(-inf,161]",0
5864,447,4,0,False,0.39217498599593453,0.39217498599593453,"(0.1%,0.5%]","(386,inf]",7
5865,210,4,0,False,0.21894440038906804,2.0131693237803545,"(0.1%,0.5%]","(161,275]",0
5866,264,0,0,True,0.12432628818523007,0.0,"(0.1%,0.5%]","(161,275]",0
5867,445,0,0,True,1.3972389950743191,0.0,>0.5%,"(386,inf]",7
5868,296,0,0,True,1.7290635918908817,0.0,>0.5%,"(275,386]",0
5869,260,2,7,False,1.005927650928588,1.2160067118876805,>0.5%,"(161,275]",0
5870,171,0,0,True,0.759377922437055,0.0,>0.5%,"(161,275]",0
5871,451,7,0,False,0.1196213942833022,0.1196213942833022,"(0.1%,0.5%]","(386,inf]",7
5872,367,4,0,False,1.1977544289936954,1.3307963503276004,>0.5%,"(275,386]",0
5873,105,4,0,False,0.017477025640130674,0.11064308070878695,"(0.01%,0.1%]","(-inf,161]",0
5874,177,0,0,True,0.21200967340021848,0.0,"(0.1%,0.5%]","(161,275]",0
5875,65,0,3,False,0.07304840883042943,0.5593823515406198,"(0.01%,0.1%]","(-inf,161]",0
5876,276,0,0,True,0.07651697673557796,0.0,"(0.01%,0.1%]","(275,386]",0
5877,496,2,7,False,0.40333438444743697,0.6268199750866013,"(0.1%,0.5%]","(386,inf]",7
5878,60,1,3,False,6.1204907310639294e-06,6.1204907310639294e-06,"(0,0.01%]","(-inf,161]",0
5879,331,0,0,True,0.21241075512829052,0.0,"(0.1%,0.5%]","(275,386]",0
5880,403,4,0,False,1.3982806849650717,1.3982806849650717,>0.5%,"(386,inf]",7
5881,355,0,0,True,0.25815871031269966,0.0,"(0.1%,0.5%]","(275,386]",0
5882,89,6,3,False,0.25626760879001076,0.25626760879001076,"(0.1%,0.5%]","(-inf,161]",0
5883,231,2,0,False,0.13200513510112039,0.13200513510112039,"(0.1%,0.5%]","(161,275]",0
5884,309,4,0,False,0.7255011376797142,0.7255011376797142,>0.5%,"(275,386]",0
5885,169,7,2,False,0.30305240156243357,0.8101221500498709,"(0.1%,0.5%]","(161,275]",0
5886,140,7,0,False,0.47956801080906625,0.8629582190231841,"(0.1%,0.5%]","(-inf,161]",0
5887,143,2,0,False,0.5302842402723065,0.5302842402723065,>0.5%,"(-inf,161]",0
5888,394,1,0,False,0.11313943693806391,0.11313943693806391,"(0.1%,0.5%]","(386,inf]",7
5889,437,7,7,True,0.04869949728948665,0.0,"(0.01%,0.1%]","(386,inf]",7
5890,417,4,7,False,0.5747924534009491,0.5747924534009491,>0.5%,"(386,inf]",7
5891,325,1,6,False,0.03604193681407518,0.33984638014973323,"(0.01%,0.1%]","(275,386]",0
5892,332,2,7,False,0.07012366862991982,0.225641745867501,"(0.01%,0.1%]","(275,386]",0
5893,123,2,3,False,0.3476898042419877,0.40357255706900375,"(0.1%,0.5%]","(-inf,161]",0
5894,349,7,0,False,0.07516930828736354,0.6844434242834152,"(0.01%,0.1%]","(275,386]",0
5895,301,0,7,False,0.16265322048289862,0.835383158793558,"(0.1%,0.5%]","(275,386]",0
5896,348,6,0,False,0.18427931520761917,2.9867671319833904,"(0.1%,0.5%]","(275,386]",0
5897,387,7,7,True,0.6324168686305649,0.0,>0.5%,"(386,inf]",7
5898,228,7,7,True,0.649407373112447,0.0,>0.5%,"(161,275]",0
5899,412,2,7,False,0.08492440166459411,0.08492440166459411,"(0.01%,0.1%]","(386,inf]",7
5900,301,0,0,True,0.14484178333669895,0.0,"(0.1%,0.5%]","(275,386]",0
5901,331,0,0,True,0.5941504623166434,0.0,>0.5%,"(275,386]",0
5902,313,4,0,False,0.15456963491314415,0.15456963491314415,"(0.1%,0.5%]","(275,386]",0
5903,272,1,0,False,0.571682075991618,1.7323042761559893,>0.5%,"(161,275]",0
5904,228,0,0,True,0.26232049187845236,0.0,"(0.1%,0.5%]","(161,275]",0
5905,485,4,7,False,0.3826289539229805,0.3826289539229805,"(0.1%,0.5%]","(386,inf]",7
5906,370,0,0,True,0.4112308908492455,0.0,"(0.1%,0.5%]","(275,386]",0
5907,373,7,7,True,0.10563278771918679,0.0,"(0.1%,0.5%]","(275,386]",0
5908,178,0,0,True,1.4011414303969132,0.0,>0.5%,"(161,275]",0
5909,328,7,0,False,0.09217522873867814,1.2915573384507886,"(0.01%,0.1%]","(275,386]",0
5910,433,4,0,False,0.014713690258282798,0.4590843442019782,"(0.01%,0.1%]","(386,inf]",7
5911,416,4,0,False,0.49923195458904085,0.49923195458904085,"(0.1%,0.5%]","(386,inf]",7
5912,129,0,0,True,0.0,0.0,=0,"(-inf,161]",0
5913,459,1,0,False,0.3849846490406645,1.313597201004449,"(0.1%,0.5%]","(386,inf]",7
5914,465,0,0,True,1.3328251570690945,0.0,>0.5%,"(386,inf]",7
5915,415,7,7,True,1.2003102694269931,0.0,>0.5%,"(386,inf]",7
5916,471,7,0,False,0.8150527409284817,2.3153879706953746,>0.5%,"(386,inf]",7
5917,172,0,0,True,0.23159349851327493,0.0,"(0.1%,0.5%]","(161,275]",0
5918,90,6,3,False,0.1151255512618864,0.5848935934987214,"(0.1%,0.5%]","(-inf,161]",0
5919,359,0,0,True,0.6347343116729149,0.0,>0.5%,"(275,386]",0
5920,110,0,3,False,0.09481131585589013,0.34099917138939356,"(0.01%,0.1%]","(-inf,161]",0
5921,462,0,0,True,0.31514485124969094,0.0,"(0.1%,0.5%]","(386,inf]",7
5922,63,3,3,True,1.620435332601422e-06,0.0,"(0,0.01%]","(-inf,161]",0
5923,272,0,0,True,0.23532812216723528,0.0,"(0.1%,0.5%]","(161,275]",0
5924,139,7,0,False,0.05395719265559696,0.8507649880219545,"(0.01%,0.1%]","(-inf,161]",0
5925,336,7,0,False,0.09814471633873773,0.09814471633873773,"(0.01%,0.1%]","(275,386]",0
5926,283,0,7,False,0.9259232767735054,1.0668000115756786,>0.5%,"(275,386]",0
5927,404,7,2,False,1.184197942500818,1.4612742994960066,>0.5%,"(386,inf]",7
5928,251,7,0,False,0.25148629382380816,1.4014560716712265,"(0.1%,0.5%]","(161,275]",0
5929,117,0,0,True,0.4163873406648889,0.0,"(0.1%,0.5%]","(-inf,161]",0
5930,407,2,0,False,0.9676385763405795,1.9257995562213408,>0.5%,"(386,inf]",7
5931,121,4,0,False,0.12727971507862337,0.12727971507862337,"(0.1%,0.5%]","(-inf,161]",0
5932,281,6,2,False,0.37969195343269885,0.37969195343269885,"(0.1%,0.5%]","(275,386]",0
5933,443,0,0,True,0.6553749489573352,0.0,>0.5%,"(386,inf]",7
5934,65,3,3,True,0.07853530559571228,0.0,"(0.01%,0.1%]","(-inf,161]",0
5935,328,0,0,True,0.27322949119889806,0.0,"(0.1%,0.5%]","(275,386]",0
5936,153,7,0,False,0.8048278647633679,0.8596602458391478,>0.5%,"(-inf,161]",0
5937,323,7,2,False,0.4149796472143037,0.855214886250488,"(0.1%,0.5%]","(275,386]",0
5938,468,7,7,True,0.35337532160317864,0.0,"(0.1%,0.5%]","(386,inf]",7
5939,483,7,7,True,0.188363830018074,0.0,"(0.1%,0.5%]","(386,inf]",7
5940,360,0,0,True,0.8335423015830161,0.0,>0.5%,"(275,386]",0
5941,156,0,0,True,0.3127367299073426,0.0,"(0.1%,0.5%]","(-inf,161]",0
5942,197,7,0,False,0.013070421813819824,4.557079195761416,"(0.01%,0.1%]","(161,275]",0
5943,366,4,0,False,0.26098001845338187,0.26098001845338187,"(0.1%,0.5%]","(275,386]",0
5944,57,0,3,False,0.0,0.049691766008805434,=0,"(-inf,161]",0
5945,76,3,3,True,0.05247603801094475,0.0,"(0.01%,0.1%]","(-inf,161]",0
5946,205,7,0,False,0.14196412148554338,0.4578354673986674,"(0.1%,0.5%]","(161,275]",0
5947,70,3,3,True,0.001018897413020483,0.0,"(0,0.01%]","(-inf,161]",0
5948,395,2,7,False,0.16128095480283294,0.3841912918991929,"(0.1%,0.5%]","(386,inf]",7
5949,188,0,0,True,0.11463360727071152,0.0,"(0.1%,0.5%]","(161,275]",0
5950,152,3,0,False,0.71473474471713,0.71473474471713,>0.5%,"(-inf,161]",0
5951,304,0,0,True,0.4473982000580099,0.0,"(0.1%,0.5%]","(275,386]",0
5952,315,7,0,False,0.21095214604173415,0.21095214604173415,"(0.1%,0.5%]","(275,386]",0
5953,491,0,0,True,0.034335082642818954,0.0,"(0.01%,0.1%]","(386,inf]",7
5954,208,4,0,False,0.2685644760743431,0.45421942305891,"(0.1%,0.5%]","(161,275]",0
5955,271,7,0,False,0.18760081816337268,0.18760081816337268,"(0.1%,0.5%]","(161,275]",0
5956,225,6,0,False,0.22000663838138726,5.168322168293457,"(0.1%,0.5%]","(161,275]",0
5957,332,4,0,False,1.0152404446772865,1.0152404446772865,>0.5%,"(275,386]",0
5958,380,2,0,False,0.4478499375566659,2.474842696961975,"(0.1%,0.5%]","(275,386]",0
5959,373,2,0,False,0.0842980977777227,0.8166721311304547,"(0.01%,0.1%]","(275,386]",0
5960,342,7,7,True,0.40607208135401607,0.0,"(0.1%,0.5%]","(275,386]",0
5961,256,0,0,True,0.5389332990821047,0.0,>0.5%,"(161,275]",0
5962,495,7,7,True,0.5887387939606331,0.0,>0.5%,"(386,inf]",7
5963,322,6,7,False,0.332142626273378,0.332142626273378,"(0.1%,0.5%]","(275,386]",0
5964,396,7,2,False,0.5365166809112993,1.5842582225671582,>0.5%,"(386,inf]",7
5965,200,4,0,False,0.7032889410374386,0.7032889410374386,>0.5%,"(161,275]",0
5966,70,7,3,False,4.507398053484169e-06,0.15224028567417353,"(0,0.01%]","(-inf,161]",0
5967,333,7,0,False,0.5716922026992288,0.606776281869042,>0.5%,"(275,386]",0
5968,352,6,7,False,0.18202406454109427,2.3673034303358116,"(0.1%,0.5%]","(275,386]",0
5969,490,7,7,True,1.0305619439084395,0.0,>0.5%,"(386,inf]",7
5970,338,7,7,True,1.6852298558341552,0.0,>0.5%,"(275,386]",0
5971,453,0,0,True,0.2264178050510599,0.0,"(0.1%,0.5%]","(386,inf]",7
5972,252,4,0,False,1.2070439319942885,2.7789423974586267,>0.5%,"(161,275]",0
5973,453,0,0,True,0.11056393023696418,0.0,"(0.1%,0.5%]","(386,inf]",7
5974,164,6,7,False,0.04534426108024889,0.04534426108024889,"(0.01%,0.1%]","(161,275]",0
5975,179,0,7,False,0.3261679421875729,0.6441613021239077,"(0.1%,0.5%]","(161,275]",0
5976,178,0,0,True,0.08366986826171978,0.0,"(0.01%,0.1%]","(161,275]",0
5977,374,4,0,False,0.8273851045191812,0.8273851045191812,>0.5%,"(275,386]",0
5978,459,7,0,False,0.30369603801299994,2.290292824378449,"(0.1%,0.5%]","(386,inf]",7
5979,333,2,0,False,0.681478078352337,0.7309610270397018,>0.5%,"(275,386]",0
5980,296,7,2,False,0.9895286567669557,0.9895286567669557,>0.5%,"(275,386]",0
5981,299,4,0,False,0.48772484459219756,0.48772484459219756,"(0.1%,0.5%]","(275,386]",0
5982,442,7,7,True,0.1979041335008102,0.0,"(0.1%,0.5%]","(386,inf]",7
5983,279,2,7,False,1.5702482781443543,1.578627550011923,>0.5%,"(275,386]",0
5984,53,3,3,True,0.19869615964927265,0.0,"(0.1%,0.5%]","(-inf,161]",0
5985,361,0,0,True,0.4828958201465246,0.0,"(0.1%,0.5%]","(275,386]",0
5986,429,7,0,False,0.014370027989581317,0.4449970035493799,"(0.01%,0.1%]","(386,inf]",7
5987,102,4,3,False,0.12549815919653098,0.8465459575081324,"(0.1%,0.5%]","(-inf,161]",0
5988,107,4,0,False,0.0800928254428008,0.0800928254428008,"(0.01%,0.1%]","(-inf,161]",0
5989,55,1,3,False,0.0,0.027438483635943263,=0,"(-inf,161]",0
5990,428,7,7,True,1.2205589693709307,0.0,>0.5%,"(386,inf]",7
5991,437,6,7,False,0.035057999463587106,0.035057999463587106,"(0.01%,0.1%]","(386,inf]",7
5992,109,0,0,True,0.5133473096965594,0.0,>0.5%,"(-inf,161]",0
5993,213,4,0,False,0.11210658405219077,0.11210658405219077,"(0.1%,0.5%]","(161,275]",0
5994,92,4,3,False,5.58090253364217e-06,0.00023291089120441134,"(0,0.01%]","(-inf,161]",0
5995,484,1,7,False,0.12473449155944191,0.4152357722159547,"(0.1%,0.5%]","(386,inf]",7
5996,399,0,0,True,0.13954482100062376,0.0,"(0.1%,0.5%]","(386,inf]",7
5997,331,4,0,False,0.38311740303199554,1.0813030479973575,"(0.1%,0.5%]","(275,386]",0
5998,340,0,0,True,0.560136651847965,0.0,>0.5%,"(275,386]",0
5999,230,4,0,False,0.34695156378256914,0.34695156378256914,"(0.1%,0.5%]","(161,275]",0
6000,85,1,3,False,0.08736122351318347,0.4044859746400082,"(0.01%,0.1%]","(-inf,161]",0
6001,450,0,0,True,0.8734452201044326,0.0,>0.5%,"(386,inf]",7
6002,190,0,0,True,0.5608014554115167,0.0,>0.5%,"(161,275]",0
6003,492,0,0,True,0.09924767624292512,0.0,"(0.01%,0.1%]","(386,inf]",7
6004,332,0,0,True,1.6307523099826169,0.0,>0.5%,"(275,386]",0
6005,292,2,2,True,0.7437038051370354,0.0,>0.5%,"(275,386]",0
6006,143,0,0,True,0.18204934385732083,0.0,"(0.1%,0.5%]","(-inf,161]",0
6007,127,2,3,False,0.11109178694115433,0.522654206256698,"(0.1%,0.5%]","(-inf,161]",0
6008,190,1,0,False,0.0765811129357654,1.1236617108728857,"(0.01%,0.1%]","(161,275]",0
6009,411,2,0,False,0.2582369533376208,0.2582369533376208,"(0.1%,0.5%]","(386,inf]",7
6010,422,6,7,False,0.6514033247232145,2.1620458781361584,>0.5%,"(386,inf]",7
6011,392,0,0,True,0.5435784886503232,0.0,>0.5%,"(386,inf]",7
6012,443,6,7,False,1.6094644567334855,1.650873337169814,>0.5%,"(386,inf]",7
6013,394,7,0,False,0.3776167522281995,0.3776167522281995,"(0.1%,0.5%]","(386,inf]",7
6014,499,7,7,True,0.6918652924708137,0.0,>0.5%,"(386,inf]",7
6015,454,7,0,False,0.05721221710047503,0.05721221710047503,"(0.01%,0.1%]","(386,inf]",7
6016,117,0,0,True,0.1594984392720003,0.0,"(0.1%,0.5%]","(-inf,161]",0
6017,102,6,3,False,0.35436246362881213,0.35436246362881213,"(0.1%,0.5%]","(-inf,161]",0
6018,230,5,7,False,0.0657630617777551,1.2054370605361424,"(0.01%,0.1%]","(161,275]",0
6019,70,6,3,False,0.027374253925398932,0.38987459371893757,"(0.01%,0.1%]","(-inf,161]",0
6020,173,0,0,True,0.35601287680877763,0.0,"(0.1%,0.5%]","(161,275]",0
6021,367,7,7,True,1.080650866632039,0.0,>0.5%,"(275,386]",0
6022,316,0,0,True,0.2908319370438673,0.0,"(0.1%,0.5%]","(275,386]",0
6023,484,2,7,False,1.226171171510438,2.804246734827762,>0.5%,"(386,inf]",7
6024,181,4,0,False,0.05928687404904264,0.05928687404904264,"(0.01%,0.1%]","(161,275]",0
6025,329,7,7,True,0.5779060981933092,0.0,>0.5%,"(275,386]",0
6026,101,3,3,True,0.45164425671484476,0.0,"(0.1%,0.5%]","(-inf,161]",0
6027,364,7,0,False,0.7506151354866719,0.7506151354866719,>0.5%,"(275,386]",0
6028,155,4,0,False,0.12303938738106925,0.12303938738106925,"(0.1%,0.5%]","(-inf,161]",0
6029,92,3,3,True,0.028726915897378122,0.0,"(0.01%,0.1%]","(-inf,161]",0
6030,52,2,3,False,0.0,0.2876020530372698,=0,"(-inf,161]",0
6031,467,7,7,True,1.1379762324935532,0.0,>0.5%,"(386,inf]",7
6032,361,4,0,False,0.7506900625169145,3.9295076315320108,>0.5%,"(275,386]",0
6033,241,7,2,False,0.6712234647644918,2.1112785940493506,>0.5%,"(161,275]",0
6034,451,0,0,True,0.0804771408914376,0.0,"(0.01%,0.1%]","(386,inf]",7
6035,480,2,7,False,1.3208265415320408,2.6534300564241926,>0.5%,"(386,inf]",7
6036,208,0,0,True,0.1915401877409981,0.0,"(0.1%,0.5%]","(161,275]",0
6037,448,0,0,True,0.6897953466291151,0.0,>0.5%,"(386,inf]",7
6038,98,7,3,False,0.19624507591715412,1.1005902378173102,"(0.1%,0.5%]","(-inf,161]",0
6039,367,6,7,False,0.23648665238389238,1.063197574972613,"(0.1%,0.5%]","(275,386]",0
6040,451,7,7,True,0.37597076829724346,0.0,"(0.1%,0.5%]","(386,inf]",7
6041,406,0,0,True,0.16015041467710225,0.0,"(0.1%,0.5%]","(386,inf]",7
6042,424,4,7,False,0.25220728212927823,0.9040965366887662,"(0.1%,0.5%]","(386,inf]",7
6043,128,0,0,True,1.093957676409575,0.0,>0.5%,"(-inf,161]",0
6044,247,6,7,False,0.24403776041183237,0.24403776041183237,"(0.1%,0.5%]","(161,275]",0
6045,290,0,0,True,0.020172321671615687,0.0,"(0.01%,0.1%]","(275,386]",0
6046,408,1,7,False,0.006428796561900712,0.7345047920136016,"(0,0.01%]","(386,inf]",7
6047,231,5,0,False,0.28145164030924413,4.83172725394077,"(0.1%,0.5%]","(161,275]",0
6048,103,1,3,False,0.3796616930849333,0.3796616930849333,"(0.1%,0.5%]","(-inf,161]",0
6049,294,0,0,True,2.130840461976063,0.0,>0.5%,"(275,386]",0
6050,375,6,7,False,0.346886777915238,1.8466627395103747,"(0.1%,0.5%]","(275,386]",0
6051,159,2,0,False,0.0013719221585796423,0.0013719221585796423,"(0,0.01%]","(-inf,161]",0
6052,123,0,0,True,0.49670509195917384,0.0,"(0.1%,0.5%]","(-inf,161]",0
6053,135,1,0,False,0.12024151535407243,0.7041576221693084,"(0.1%,0.5%]","(-inf,161]",0
6054,308,7,7,True,0.7233645697461542,0.0,>0.5%,"(275,386]",0
6055,376,2,7,False,0.5123751613622022,1.0469624168610905,>0.5%,"(275,386]",0
6056,374,0,0,True,0.3368545936549383,0.0,"(0.1%,0.5%]","(275,386]",0
6057,495,7,7,True,0.5108533820006218,0.0,>0.5%,"(386,inf]",7
6058,453,7,7,True,0.06697568775532643,0.0,"(0.01%,0.1%]","(386,inf]",7
6059,111,0,0,True,0.0,0.0,=0,"(-inf,161]",0
6060,227,0,0,True,1.3979073599238752,0.0,>0.5%,"(161,275]",0
6061,119,3,3,True,0.010315884451776912,0.0,"(0.01%,0.1%]","(-inf,161]",0
6062,334,7,0,False,0.11456298342642558,1.0316410264462301,"(0.1%,0.5%]","(275,386]",0
6063,329,0,7,False,0.27953946240020666,0.27953946240020666,"(0.1%,0.5%]","(275,386]",0
6064,471,7,7,True,0.548585787791447,0.0,>0.5%,"(386,inf]",7
6065,489,0,0,True,0.5532755964692349,0.0,>0.5%,"(386,inf]",7
6066,93,0,0,True,0.07021320100002303,0.0,"(0.01%,0.1%]","(-inf,161]",0
6067,386,4,0,False,0.27685803459549146,0.27685803459549146,"(0.1%,0.5%]","(275,386]",0
6068,358,7,0,False,0.003522386727503162,2.207496447220605,"(0,0.01%]","(275,386]",0
6069,196,0,0,True,0.2954611000462833,0.0,"(0.1%,0.5%]","(161,275]",0
6070,328,7,7,True,0.34381960511605897,0.0,"(0.1%,0.5%]","(275,386]",0
6071,350,0,0,True,1.734568747926419,0.0,>0.5%,"(275,386]",0
6072,131,0,0,True,0.08813924131648597,0.0,"(0.01%,0.1%]","(-inf,161]",0
6073,94,7,3,False,0.0643763453821898,1.3784837060383008,"(0.01%,0.1%]","(-inf,161]",0
6074,233,4,0,False,0.8553022734161366,0.9705504311169973,>0.5%,"(161,275]",0
6075,494,2,7,False,0.6323303923058847,1.1746695474992765,>0.5%,"(386,inf]",7
6076,259,0,0,True,0.19803560918019128,0.0,"(0.1%,0.5%]","(161,275]",0
6077,88,0,3,False,9.714543010896317e-06,9.714543010896317e-06,"(0,0.01%]","(-inf,161]",0
6078,164,0,0,True,0.23675046941109928,0.0,"(0.1%,0.5%]","(161,275]",0
6079,215,4,0,False,0.4521676642293176,0.4521676642293176,"(0.1%,0.5%]","(161,275]",0
6080,387,7,0,False,0.580394347830997,0.580394347830997,>0.5%,"(386,inf]",7
6081,267,4,6,False,0.3929777316396059,0.3929777316396059,"(0.1%,0.5%]","(161,275]",0
6082,193,4,0,False,0.18019084144942163,0.18019084144942163,"(0.1%,0.5%]","(161,275]",0
6083,250,0,0,True,0.28059742356063794,0.0,"(0.1%,0.5%]","(161,275]",0
6084,316,0,0,True,0.7142108094054727,0.0,>0.5%,"(275,386]",0
6085,222,4,0,False,0.806353341951565,1.167206571116101,>0.5%,"(161,275]",0
6086,148,3,3,True,0.3945047197403989,0.0,"(0.1%,0.5%]","(-inf,161]",0
6087,108,4,3,False,0.03973533745046314,0.03973533745046314,"(0.01%,0.1%]","(-inf,161]",0
6088,350,6,7,False,0.06441507817182969,0.06441507817182969,"(0.01%,0.1%]","(275,386]",0
6089,113,0,0,True,0.09567637843129406,0.0,"(0.01%,0.1%]","(-inf,161]",0
6090,181,0,0,True,0.5999867984564454,0.0,>0.5%,"(161,275]",0
6091,289,0,0,True,0.8020287556731561,0.0,>0.5%,"(275,386]",0
6092,418,6,0,False,0.87763911274671,0.9765894669398028,>0.5%,"(386,inf]",7
6093,123,0,0,True,0.05309274561183897,0.0,"(0.01%,0.1%]","(-inf,161]",0
6094,302,2,0,False,0.1682681825042416,0.1682681825042416,"(0.1%,0.5%]","(275,386]",0
6095,389,4,7,False,0.3388440396801438,0.399728678025115,"(0.1%,0.5%]","(386,inf]",7
6096,170,3,0,False,0.12514179553074306,0.3450578067846985,"(0.1%,0.5%]","(161,275]",0
6097,202,3,0,False,0.05031830294864717,0.05031830294864717,"(0.01%,0.1%]","(161,275]",0
6098,262,4,6,False,0.4487111429518357,0.9551386186187996,"(0.1%,0.5%]","(161,275]",0
6099,124,4,0,False,0.32383674316444017,0.32383674316444017,"(0.1%,0.5%]","(-inf,161]",0
6100,104,3,3,True,0.34997686597193706,0.0,"(0.1%,0.5%]","(-inf,161]",0
6101,426,4,0,False,0.285598583884907,0.285598583884907,"(0.1%,0.5%]","(386,inf]",7
6102,369,0,0,True,0.1151307105991622,0.0,"(0.1%,0.5%]","(275,386]",0
6103,69,0,3,False,0.19723562353155447,1.9781769361161363,"(0.1%,0.5%]","(-inf,161]",0
6104,54,3,3,True,5.312569775752495e-06,0.0,"(0,0.01%]","(-inf,161]",0
6105,490,4,0,False,0.06867795078000244,0.06867795078000244,"(0.01%,0.1%]","(386,inf]",7
6106,333,0,0,True,0.2595425742114457,0.0,"(0.1%,0.5%]","(275,386]",0
6107,495,2,7,False,0.9915128329453861,1.1759596672119736,>0.5%,"(386,inf]",7
6108,292,7,2,False,0.4885727523108734,2.401112702883388,"(0.1%,0.5%]","(275,386]",0
6109,286,0,0,True,2.2516505259992132,0.0,>0.5%,"(275,386]",0
6110,130,7,0,False,0.18749782167193219,0.37443570035035284,"(0.1%,0.5%]","(-inf,161]",0
6111,170,1,0,False,0.5731202879490337,0.5731202879490337,>0.5%,"(161,275]",0
6112,167,0,0,True,0.15143376292256858,0.0,"(0.1%,0.5%]","(161,275]",0
6113,278,4,0,False,0.36949348384277964,0.36949348384277964,"(0.1%,0.5%]","(275,386]",0
6114,90,3,3,True,0.35322212982321727,0.0,"(0.1%,0.5%]","(-inf,161]",0
6115,465,7,7,True,0.3615758646320117,0.0,"(0.1%,0.5%]","(386,inf]",7
6116,493,7,0,False,0.5375172589745032,1.0886591797589293,>0.5%,"(386,inf]",7
6117,341,0,0,True,0.03130161188309134,0.0,"(0.01%,0.1%]","(275,386]",0
6118,110,7,0,False,0.20381849386116196,1.252164355470068,"(0.1%,0.5%]","(-inf,161]",0
6119,129,3,3,True,0.1823851194760999,0.0,"(0.1%,0.5%]","(-inf,161]",0
6120,466,0,0,True,0.6156046626790004,0.0,>0.5%,"(386,inf]",7
6121,379,0,0,True,0.16663368144934712,0.0,"(0.1%,0.5%]","(275,386]",0
6122,269,2,2,True,0.3507488603174637,0.0,"(0.1%,0.5%]","(161,275]",0
6123,407,4,0,False,0.4351112439320117,0.4649960155309517,"(0.1%,0.5%]","(386,inf]",7
6124,91,3,3,True,0.08865063423617928,0.0,"(0.01%,0.1%]","(-inf,161]",0
6125,200,4,0,False,0.11841264537172397,0.11841264537172397,"(0.1%,0.5%]","(161,275]",0
6126,161,0,0,True,0.7213918408862867,0.0,>0.5%,"(-inf,161]",0
6127,364,7,7,True,1.2237940938261906,0.0,>0.5%,"(275,386]",0
6128,76,0,3,False,9.077059341756577e-06,0.027481336656905078,"(0,0.01%]","(-inf,161]",0
6129,163,3,0,False,0.4095616382923285,2.1983685557165957,"(0.1%,0.5%]","(161,275]",0
6130,151,3,0,False,0.16384270162068587,1.5592913172745118,"(0.1%,0.5%]","(-inf,161]",0
6131,429,2,0,False,0.1057979806468732,0.14699155120337035,"(0.1%,0.5%]","(386,inf]",7
6132,139,0,0,True,0.12153716528554737,0.0,"(0.1%,0.5%]","(-inf,161]",0
6133,186,2,0,False,0.8434262549508733,7.011449705225522,>0.5%,"(161,275]",0
6134,351,7,2,False,0.9032237103095321,1.4091901547367627,>0.5%,"(275,386]",0
6135,154,4,0,False,0.4333495805718084,0.4333495805718084,"(0.1%,0.5%]","(-inf,161]",0
6136,116,7,0,False,0.01607881946231648,0.08006177264119192,"(0.01%,0.1%]","(-inf,161]",0
6137,343,0,0,True,0.4244841144224861,0.0,"(0.1%,0.5%]","(275,386]",0
6138,111,6,0,False,0.47167726298422946,0.8990358648213181,"(0.1%,0.5%]","(-inf,161]",0
6139,138,4,0,False,0.07028770361993786,0.6624623708322138,"(0.01%,0.1%]","(-inf,161]",0
6140,332,2,7,False,0.05351130604976281,0.05351130604976281,"(0.01%,0.1%]","(275,386]",0
6141,338,0,0,True,0.9679882886848462,0.0,>0.5%,"(275,386]",0
6142,464,2,7,False,0.8956177929960186,1.4000264787516656,>0.5%,"(386,inf]",7
6143,326,7,7,True,0.46073676357654847,0.0,"(0.1%,0.5%]","(275,386]",0
6144,494,7,7,True,0.24430136829920548,0.0,"(0.1%,0.5%]","(386,inf]",7
6145,308,4,0,False,0.3757051759370877,0.3757051759370877,"(0.1%,0.5%]","(275,386]",0
6146,297,7,7,True,1.2977219426305386,0.0,>0.5%,"(275,386]",0
6147,436,0,7,False,0.9253452425435447,3.5253858743536823,>0.5%,"(386,inf]",7
6148,135,2,0,False,7.1107362163522865e-06,7.1107362163522865e-06,"(0,0.01%]","(-inf,161]",0
6149,352,2,0,False,0.25038591165828994,2.2864629772972207,"(0.1%,0.5%]","(275,386]",0
6150,453,6,0,False,0.4656184459513194,1.7200576372157712,"(0.1%,0.5%]","(386,inf]",7
6151,359,0,0,True,0.5701825546959829,0.0,>0.5%,"(275,386]",0
6152,64,3,3,True,9.725719114633517e-06,0.0,"(0,0.01%]","(-inf,161]",0
6153,303,4,0,False,0.9371835732619864,1.0634285436370083,>0.5%,"(275,386]",0
6154,300,0,0,True,0.5181045703697307,0.0,>0.5%,"(275,386]",0
6155,308,2,0,False,0.23654825889947473,0.23654825889947473,"(0.1%,0.5%]","(275,386]",0
6156,51,3,3,True,1.1727852829520413e-05,0.0,"(0,0.01%]","(-inf,161]",0
6157,139,0,0,True,0.8792478875107751,0.0,>0.5%,"(-inf,161]",0
6158,300,0,0,True,0.8916092182017203,0.0,>0.5%,"(275,386]",0
6159,279,1,6,False,0.14517507672499522,0.14517507672499522,"(0.1%,0.5%]","(275,386]",0
6160,116,4,0,False,0.1458059669313845,0.1458059669313845,"(0.1%,0.5%]","(-inf,161]",0
6161,292,4,0,False,0.3143805015374228,0.5201649867727849,"(0.1%,0.5%]","(275,386]",0
6162,384,2,7,False,0.040104189999004954,0.040104189999004954,"(0.01%,0.1%]","(275,386]",0
6163,180,0,0,True,0.6057430041947072,0.0,>0.5%,"(161,275]",0
6164,393,0,0,True,0.5035166209760948,0.0,>0.5%,"(386,inf]",7
6165,384,7,7,True,1.6874056252719611,0.0,>0.5%,"(275,386]",0
6166,405,0,0,True,0.2500452890248071,0.0,"(0.1%,0.5%]","(386,inf]",7
6167,463,6,7,False,0.2991436716340656,0.3612133431614092,"(0.1%,0.5%]","(386,inf]",7
6168,297,0,0,True,1.3829967976745556,0.0,>0.5%,"(275,386]",0
6169,327,4,0,False,0.34420278639368185,0.34420278639368185,"(0.1%,0.5%]","(275,386]",0
6170,86,3,3,True,0.5988333971112528,0.0,>0.5%,"(-inf,161]",0
6171,345,4,0,False,0.411144756149624,0.411144756149624,"(0.1%,0.5%]","(275,386]",0
6172,125,1,0,False,0.3674801256460487,1.1103903128693258,"(0.1%,0.5%]","(-inf,161]",0
6173,308,4,0,False,0.22203728258563196,1.0417037822679875,"(0.1%,0.5%]","(275,386]",0
6174,344,4,0,False,0.588811691054649,0.588811691054649,>0.5%,"(275,386]",0
6175,122,6,0,False,0.10196571564400023,3.762502149969245,"(0.1%,0.5%]","(-inf,161]",0
6176,496,6,7,False,0.24738046079398773,2.238942160067646,"(0.1%,0.5%]","(386,inf]",7
6177,199,6,7,False,0.5054483574748017,1.2962920529903303,>0.5%,"(161,275]",0
6178,337,4,0,False,1.010702308521741,1.6859674268623919,>0.5%,"(275,386]",0
6179,330,0,0,True,0.3399956292839497,0.0,"(0.1%,0.5%]","(275,386]",0
6180,236,7,2,False,1.011496904758149,1.011496904758149,>0.5%,"(161,275]",0
6181,339,1,7,False,0.8162717551062284,0.8162717551062284,>0.5%,"(275,386]",0
6182,145,1,0,False,0.48705283724571596,0.5650803401044222,"(0.1%,0.5%]","(-inf,161]",0
6183,137,7,0,False,0.20265083979678086,0.49578147765468306,"(0.1%,0.5%]","(-inf,161]",0
6184,250,0,0,True,0.1981580833569302,0.0,"(0.1%,0.5%]","(161,275]",0
6185,156,0,0,True,0.7006432538743415,0.0,>0.5%,"(-inf,161]",0
6186,62,3,3,True,1.1798810327453877,0.0,>0.5%,"(-inf,161]",0
6187,145,4,0,False,0.6497758270130286,0.7933556403870368,>0.5%,"(-inf,161]",0
6188,351,6,0,False,0.16311313278288495,0.16311313278288495,"(0.1%,0.5%]","(275,386]",0
6189,178,6,3,False,0.9853158862723974,1.928584209034107,>0.5%,"(161,275]",0
6190,367,4,0,False,0.09858967476964445,0.9755893599565623,"(0.01%,0.1%]","(275,386]",0
6191,252,2,7,False,1.1927212048848213,1.1927212048848213,>0.5%,"(161,275]",0
6192,101,3,3,True,0.15017463262725186,0.0,"(0.1%,0.5%]","(-inf,161]",0
6193,388,4,0,False,0.8636090734642045,2.2968873572412942,>0.5%,"(386,inf]",7
6194,255,0,0,True,2.29591874505686,0.0,>0.5%,"(161,275]",0
6195,476,7,7,True,0.21397817887307652,0.0,"(0.1%,0.5%]","(386,inf]",7
6196,423,0,0,True,0.05778161259289374,0.0,"(0.01%,0.1%]","(386,inf]",7
6197,134,0,0,True,0.0022623944584283626,0.0,"(0,0.01%]","(-inf,161]",0
6198,300,0,0,True,0.7734686226732067,0.0,>0.5%,"(275,386]",0
6199,348,4,0,False,0.025612771324624233,0.025612771324624233,"(0.01%,0.1%]","(275,386]",0
6200,86,4,3,False,0.05125371382073739,0.4080052468392057,"(0.01%,0.1%]","(-inf,161]",0
6201,125,3,3,True,0.1364332225608099,0.0,"(0.1%,0.5%]","(-inf,161]",0
6202,51,0,3,False,0.0,0.0,=0,"(-inf,161]",0
6203,493,6,0,False,0.07906884423812802,0.07906884423812802,"(0.01%,0.1%]","(386,inf]",7
6204,66,4,3,False,5.450839205979623e-06,0.18951959748160613,"(0,0.01%]","(-inf,161]",0
6205,444,0,0,True,0.6027543572733337,0.0,>0.5%,"(386,inf]",7
6206,422,2,6,False,0.09916386230157682,0.46677458591844917,"(0.01%,0.1%]","(386,inf]",7
6207,359,0,7,False,0.5000823814563374,0.5000823814563374,>0.5%,"(275,386]",0
6208,290,0,0,True,0.5116121066990972,0.0,>0.5%,"(275,386]",0
6209,345,7,2,False,1.6368480065190334,1.7420250315174004,>0.5%,"(275,386]",0
6210,369,6,7,False,0.005836832971697319,1.7299000412573806,"(0,0.01%]","(275,386]",0
6211,107,0,0,True,0.14237843975754338,0.0,"(0.1%,0.5%]","(-inf,161]",0
6212,404,6,0,False,0.42532932849017235,2.233806293465683,"(0.1%,0.5%]","(386,inf]",7
6213,117,2,0,False,0.01410551132161815,0.3624729311481399,"(0.01%,0.1%]","(-inf,161]",0
6214,467,1,7,False,0.3078549347287334,0.3078549347287334,"(0.1%,0.5%]","(386,inf]",7
6215,490,0,0,True,0.3017344710059944,0.0,"(0.1%,0.5%]","(386,inf]",7
6216,227,4,0,False,0.3457556332261268,0.3457556332261268,"(0.1%,0.5%]","(161,275]",0
6217,362,0,0,True,0.5240265436374285,0.0,>0.5%,"(275,386]",0
6218,141,3,0,False,0.06969321842796347,0.22025163300622655,"(0.01%,0.1%]","(-inf,161]",0
6219,273,7,2,False,0.10151902693626468,1.0678161313150456,"(0.1%,0.5%]","(161,275]",0
6220,108,2,3,False,0.11631441227419122,0.11631441227419122,"(0.1%,0.5%]","(-inf,161]",0
6221,338,2,0,False,0.266406198329306,0.7545868119287268,"(0.1%,0.5%]","(275,386]",0
6222,287,4,0,False,0.18858871915317668,0.7623142876162003,"(0.1%,0.5%]","(275,386]",0
6223,386,0,0,True,0.11165579315853474,0.0,"(0.1%,0.5%]","(275,386]",0
6224,411,4,2,False,0.8443670576099225,1.8083512013738132,>0.5%,"(386,inf]",7
6225,209,0,0,True,0.133243924776079,0.0,"(0.1%,0.5%]","(161,275]",0
6226,253,0,0,True,0.7072725993872258,0.0,>0.5%,"(161,275]",0
6227,217,7,0,False,0.08205988205209518,0.08276327825382832,"(0.01%,0.1%]","(161,275]",0
6228,437,7,7,True,0.9184893717974322,0.0,>0.5%,"(386,inf]",7
6229,334,0,0,True,0.13436910040454883,0.0,"(0.1%,0.5%]","(275,386]",0
6230,223,6,0,False,0.7342037998767916,0.7342037998767916,>0.5%,"(161,275]",0
6231,313,4,0,False,1.3573169392908113,1.3573169392908113,>0.5%,"(275,386]",0
6232,421,7,7,True,0.13704418702588875,0.0,"(0.1%,0.5%]","(386,inf]",7
6233,172,0,0,True,0.0710907254579912,0.0,"(0.01%,0.1%]","(161,275]",0
6234,291,2,7,False,0.18664761761195647,0.3626382265710616,"(0.1%,0.5%]","(275,386]",0
6235,253,0,0,True,0.5002247650631504,0.0,>0.5%,"(161,275]",0
6236,432,7,0,False,1.0146463895916484,9.02755740994174,>0.5%,"(386,inf]",7
6237,199,4,0,False,0.4719252645557641,0.4719252645557641,"(0.1%,0.5%]","(161,275]",0
6238,342,0,0,True,0.1404233953256959,0.0,"(0.1%,0.5%]","(275,386]",0
6239,384,7,0,False,2.380965740716657,2.380965740716657,>0.5%,"(275,386]",0
6240,104,4,0,False,0.022005248727998018,0.022005248727998018,"(0.01%,0.1%]","(-inf,161]",0
6241,306,0,0,True,0.3676652113275115,0.0,"(0.1%,0.5%]","(275,386]",0
6242,374,1,7,False,0.29471334090303175,0.29471334090303175,"(0.1%,0.5%]","(275,386]",0
6243,432,0,0,True,0.17856167773431422,0.0,"(0.1%,0.5%]","(386,inf]",7
6244,365,0,0,True,1.1042910292778014,0.0,>0.5%,"(275,386]",0
6245,344,2,0,False,0.5432690995989495,0.6949919134235008,>0.5%,"(275,386]",0
6246,124,2,0,False,0.058261031945757824,0.058261031945757824,"(0.01%,0.1%]","(-inf,161]",0
6247,297,7,0,False,0.21533295603177524,0.21533295603177524,"(0.1%,0.5%]","(275,386]",0
6248,330,6,7,False,0.29949444920888624,0.754085716663697,"(0.1%,0.5%]","(275,386]",0
6249,360,4,0,False,0.650655861749196,0.9792574148531993,>0.5%,"(275,386]",0
6250,216,2,7,False,0.8093275189049943,0.8093275189049943,>0.5%,"(161,275]",0
6251,126,4,0,False,0.351875765287999,0.6402460880100889,"(0.1%,0.5%]","(-inf,161]",0
6252,309,0,0,True,0.21881093682104313,0.0,"(0.1%,0.5%]","(275,386]",0
6253,413,0,0,True,0.2919586392547671,0.0,"(0.1%,0.5%]","(386,inf]",7
6254,102,3,0,False,0.2328669915962219,0.2328669915962219,"(0.1%,0.5%]","(-inf,161]",0
6255,108,3,3,True,0.43370343567193964,0.0,"(0.1%,0.5%]","(-inf,161]",0
6256,101,1,3,False,0.3289106818798306,0.36701174267674425,"(0.1%,0.5%]","(-inf,161]",0
6257,202,0,0,True,0.7676614916657849,0.0,>0.5%,"(161,275]",0
6258,464,2,7,False,0.21513837364471647,0.21513837364471647,"(0.1%,0.5%]","(386,inf]",7
6259,436,7,7,True,0.8163561468220488,0.0,>0.5%,"(386,inf]",7
6260,50,0,3,False,0.26851501410072137,0.555930497368284,"(0.1%,0.5%]","(-inf,161]",0
6261,334,2,0,False,0.08762200063882397,0.6935215302306942,"(0.01%,0.1%]","(275,386]",0
6262,254,0,0,True,0.003177757408050207,0.0,"(0,0.01%]","(161,275]",0
6263,271,0,0,True,0.24296453722946887,0.0,"(0.1%,0.5%]","(161,275]",0
6264,208,6,2,False,0.10803238375578748,0.5839599971631437,"(0.1%,0.5%]","(161,275]",0
6265,435,1,7,False,0.05078650846764162,0.05078650846764162,"(0.01%,0.1%]","(386,inf]",7
6266,424,1,7,False,1.0165048056283637,1.0165048056283637,>0.5%,"(386,inf]",7
6267,208,0,0,True,0.7315085442056108,0.0,>0.5%,"(161,275]",0
6268,91,3,3,True,0.010910179355457057,0.0,"(0.01%,0.1%]","(-inf,161]",0
6269,156,5,0,False,0.5330049059861044,4.860926527218616,>0.5%,"(-inf,161]",0
6270,370,0,0,True,0.17291528760516262,0.0,"(0.1%,0.5%]","(275,386]",0
6271,249,7,0,False,0.3803588685221301,0.3832722938830555,"(0.1%,0.5%]","(161,275]",0
6272,183,0,0,True,0.028949765486098195,0.0,"(0.01%,0.1%]","(161,275]",0
6273,251,2,2,True,0.0020121883618715226,0.0,"(0,0.01%]","(161,275]",0
6274,299,0,0,True,0.29450792423576944,0.0,"(0.1%,0.5%]","(275,386]",0
6275,386,4,0,False,0.22556964159530937,0.6598315723865229,"(0.1%,0.5%]","(275,386]",0
6276,307,7,0,False,0.18130515972976147,1.8277868837279454,"(0.1%,0.5%]","(275,386]",0
6277,126,4,0,False,0.44069059523867954,0.44069059523867954,"(0.1%,0.5%]","(-inf,161]",0
6278,168,0,0,True,0.3560333935765389,0.0,"(0.1%,0.5%]","(161,275]",0
6279,278,0,0,True,0.31568437725823967,0.0,"(0.1%,0.5%]","(275,386]",0
6280,301,0,0,True,0.38022325830105624,0.0,"(0.1%,0.5%]","(275,386]",0
6281,270,6,0,False,0.21571387886000232,1.160200920740812,"(0.1%,0.5%]","(161,275]",0
6282,268,0,0,True,0.17865785581102755,0.0,"(0.1%,0.5%]","(161,275]",0
6283,221,7,0,False,0.051277958446174644,5.67358325744975,"(0.01%,0.1%]","(161,275]",0
6284,342,4,7,False,0.766642481487256,1.4337604360399696,>0.5%,"(275,386]",0
6285,394,0,0,True,0.05702055676962568,0.0,"(0.01%,0.1%]","(386,inf]",7
6286,377,4,7,False,1.4991244555492225,3.344387176144122,>0.5%,"(275,386]",0
6287,373,0,0,True,0.43635010893241327,0.0,"(0.1%,0.5%]","(275,386]",0
6288,173,1,2,False,0.0549296992992717,0.26112679590415294,"(0.01%,0.1%]","(161,275]",0
6289,188,2,7,False,0.12540731999394622,0.12540731999394622,"(0.1%,0.5%]","(161,275]",0
6290,296,1,0,False,0.583143754156598,0.583143754156598,>0.5%,"(275,386]",0
6291,63,1,3,False,0.0004749699506099142,0.7018108841716114,"(0,0.01%]","(-inf,161]",0
6292,70,3,3,True,0.24177013110006462,0.0,"(0.1%,0.5%]","(-inf,161]",0
6293,253,6,2,False,0.5761846169669839,1.3394712550377892,>0.5%,"(161,275]",0
6294,310,4,0,False,0.588611208692555,2.859681948134214,>0.5%,"(275,386]",0
6295,231,0,2,False,0.9060893245558335,2.0799276728475458,>0.5%,"(161,275]",0
6296,283,0,7,False,0.21572128572814797,1.3800744804401148,"(0.1%,0.5%]","(275,386]",0
6297,119,0,0,True,0.21527441439506806,0.0,"(0.1%,0.5%]","(-inf,161]",0
6298,430,0,7,False,1.3859376864932347,1.5021253067179363,>0.5%,"(386,inf]",7
6299,382,4,0,False,0.14181930602271212,0.3213016844798075,"(0.1%,0.5%]","(275,386]",0
6300,223,4,0,False,0.36096362925639075,0.36096362925639075,"(0.1%,0.5%]","(161,275]",0
6301,256,0,0,True,0.4794714512059388,0.0,"(0.1%,0.5%]","(161,275]",0
6302,348,4,0,False,0.10963880149575986,0.10963880149575986,"(0.1%,0.5%]","(275,386]",0
6303,237,0,0,True,0.40256306064795416,0.0,"(0.1%,0.5%]","(161,275]",0
6304,173,2,0,False,0.4097778051913711,0.4824573168066639,"(0.1%,0.5%]","(161,275]",0
6305,191,4,0,False,0.8327124940436603,0.9229754590018099,>0.5%,"(161,275]",0
6306,177,0,0,True,0.40329624818549026,0.0,"(0.1%,0.5%]","(161,275]",0
6307,135,7,3,False,0.41575162125531695,0.6369184663290266,"(0.1%,0.5%]","(-inf,161]",0
6308,223,3,0,False,0.047796936076452905,0.733063082030035,"(0.01%,0.1%]","(161,275]",0
6309,477,6,7,False,1.724122063216191,2.507943957039262,>0.5%,"(386,inf]",7
6310,459,4,7,False,0.40065742193766835,2.0670707028913116,"(0.1%,0.5%]","(386,inf]",7
6311,381,0,0,True,0.8232742859548366,0.0,>0.5%,"(275,386]",0
6312,263,4,0,False,0.85672623052002,1.770649121044508,>0.5%,"(161,275]",0
6313,68,3,3,True,0.327601320183978,0.0,"(0.1%,0.5%]","(-inf,161]",0
6314,270,7,7,True,0.2634506532479604,0.0,"(0.1%,0.5%]","(161,275]",0
6315,430,2,0,False,0.43173407248016726,0.43173407248016726,"(0.1%,0.5%]","(386,inf]",7
6316,310,4,0,False,0.23723293255735947,0.23723293255735947,"(0.1%,0.5%]","(275,386]",0
6317,85,4,3,False,0.1343424162088601,0.1343424162088601,"(0.1%,0.5%]","(-inf,161]",0
6318,437,0,0,True,0.6945414066754335,0.0,>0.5%,"(386,inf]",7
6319,256,0,0,True,0.3941803201781584,0.0,"(0.1%,0.5%]","(161,275]",0
6320,89,7,3,False,3.428604492257364e-14,0.014290813781086419,"(0,0.01%]","(-inf,161]",0
6321,64,1,2,False,0.03809510313469956,0.03809510313469956,"(0.01%,0.1%]","(-inf,161]",0
6322,318,0,0,True,0.8980364668510987,0.0,>0.5%,"(275,386]",0
6323,74,3,3,True,0.004936248765519482,0.0,"(0,0.01%]","(-inf,161]",0
6324,262,7,0,False,0.24310806148912065,0.28106653284994076,"(0.1%,0.5%]","(161,275]",0
6325,355,6,0,False,0.009538522531235417,1.8710473018179574,"(0,0.01%]","(275,386]",0
6326,249,0,0,True,0.10923752070589665,0.0,"(0.1%,0.5%]","(161,275]",0
6327,310,4,0,False,0.6511500767827505,0.6511500767827505,>0.5%,"(275,386]",0
6328,99,3,3,True,0.24135556408186637,0.0,"(0.1%,0.5%]","(-inf,161]",0
6329,301,0,0,True,0.7575636294958139,0.0,>0.5%,"(275,386]",0
6330,482,0,0,True,0.11217431840554923,0.0,"(0.1%,0.5%]","(386,inf]",7
6331,253,1,0,False,0.3239076133043735,0.3239076133043735,"(0.1%,0.5%]","(161,275]",0
6332,448,0,0,True,0.3267267200448293,0.0,"(0.1%,0.5%]","(386,inf]",7
6333,278,4,0,False,0.4996575489555238,1.4827617745928419,"(0.1%,0.5%]","(275,386]",0
6334,343,2,0,False,0.15158960437258534,0.15158960437258534,"(0.1%,0.5%]","(275,386]",0
6335,179,0,0,True,0.7270938471022927,0.0,>0.5%,"(161,275]",0
6336,493,6,0,False,0.5683165094783048,0.5683165094783048,>0.5%,"(386,inf]",7
6337,416,6,7,False,0.15061471149787023,0.15061471149787023,"(0.1%,0.5%]","(386,inf]",7
6338,381,7,0,False,0.28931188089282056,4.334694922770456,"(0.1%,0.5%]","(275,386]",0
6339,363,2,7,False,1.521380220421757,1.6557932411588594,>0.5%,"(275,386]",0
6340,453,2,7,False,0.38389040156590776,1.5371622950185482,"(0.1%,0.5%]","(386,inf]",7
6341,382,4,0,False,0.04652101588415516,0.04652101588415516,"(0.01%,0.1%]","(275,386]",0
6342,326,2,0,False,0.031852041300594665,2.2542184845908766,"(0.01%,0.1%]","(275,386]",0
6343,115,0,0,True,0.08043609057774298,0.0,"(0.01%,0.1%]","(-inf,161]",0
6344,301,4,0,False,0.24711303651128508,1.5183452254409016,"(0.1%,0.5%]","(275,386]",0
6345,320,0,0,True,0.354467631886995,0.0,"(0.1%,0.5%]","(275,386]",0
6346,117,0,0,True,0.07845548303701821,0.0,"(0.01%,0.1%]","(-inf,161]",0
6347,78,3,3,True,0.09352597482807219,0.0,"(0.01%,0.1%]","(-inf,161]",0
6348,367,0,0,True,0.8414533067701017,0.0,>0.5%,"(275,386]",0
6349,297,2,0,False,0.24098988531767723,0.5585246498189306,"(0.1%,0.5%]","(275,386]",0
6350,322,0,0,True,0.5571078529642779,0.0,>0.5%,"(275,386]",0
6351,317,0,0,True,0.352943910464965,0.0,"(0.1%,0.5%]","(275,386]",0
6352,252,6,0,False,0.1356101801604519,0.4920455396969229,"(0.1%,0.5%]","(161,275]",0
6353,82,4,3,False,0.14507123327901425,0.2736991915986333,"(0.1%,0.5%]","(-inf,161]",0
6354,164,0,0,True,0.3786497074585756,0.0,"(0.1%,0.5%]","(161,275]",0
6355,432,2,2,True,0.3254178818608668,0.0,"(0.1%,0.5%]","(386,inf]",7
6356,353,4,7,False,0.2320598870552715,0.658978243013133,"(0.1%,0.5%]","(275,386]",0
6357,150,6,2,False,0.08518841246759423,0.08518841246759423,"(0.01%,0.1%]","(-inf,161]",0
6358,339,4,0,False,0.6725593874207227,1.4040573817588997,>0.5%,"(275,386]",0
6359,212,6,0,False,0.482071715520148,2.383113196818632,"(0.1%,0.5%]","(161,275]",0
6360,331,4,0,False,0.649945890244929,0.649945890244929,>0.5%,"(275,386]",0
6361,330,6,0,False,0.7723581190992427,0.8525056220288327,>0.5%,"(275,386]",0
6362,60,3,3,True,0.27919776699699106,0.0,"(0.1%,0.5%]","(-inf,161]",0
6363,338,7,0,False,0.5259874834703705,3.6589644108072186,>0.5%,"(275,386]",0
6364,359,7,0,False,0.5587967530304617,0.5587967530304617,>0.5%,"(275,386]",0
6365,304,4,0,False,0.21141240748821177,0.21141240748821177,"(0.1%,0.5%]","(275,386]",0
6366,291,0,0,True,0.8718110697673676,0.0,>0.5%,"(275,386]",0
6367,411,7,2,False,0.013374635849286047,1.37956658496981,"(0.01%,0.1%]","(386,inf]",7
6368,444,4,7,False,0.35922531510863265,1.2615971636769185,"(0.1%,0.5%]","(386,inf]",7
6369,85,1,3,False,0.4181369918752623,0.4181369918752623,"(0.1%,0.5%]","(-inf,161]",0
6370,86,0,3,False,0.5672645973428132,0.6375834082322616,>0.5%,"(-inf,161]",0
6371,499,7,0,False,0.6855280976656751,1.6033611597469435,>0.5%,"(386,inf]",7
6372,294,7,0,False,1.656157781874229,2.829676744651519,>0.5%,"(275,386]",0
6373,346,4,0,False,0.36101681187518575,1.706226660683743,"(0.1%,0.5%]","(275,386]",0
6374,126,0,0,True,0.21611714478268407,0.0,"(0.1%,0.5%]","(-inf,161]",0
6375,94,1,3,False,0.15714291210959191,0.17611543339131702,"(0.1%,0.5%]","(-inf,161]",0
6376,366,4,0,False,0.5097121717979928,0.5097121717979928,>0.5%,"(275,386]",0
6377,432,0,7,False,0.585367019941264,1.6082440735812848,>0.5%,"(386,inf]",7
6378,347,4,0,False,0.0770595667105105,0.0770595667105105,"(0.01%,0.1%]","(275,386]",0
6379,492,7,7,True,0.3116156714600662,0.0,"(0.1%,0.5%]","(386,inf]",7
6380,155,0,0,True,0.1180571948217009,0.0,"(0.1%,0.5%]","(-inf,161]",0
6381,130,4,3,False,0.14013728555539817,0.14013728555539817,"(0.1%,0.5%]","(-inf,161]",0
6382,307,4,0,False,0.3851793694988869,0.6581665280759146,"(0.1%,0.5%]","(275,386]",0
6383,101,2,0,False,0.0778732040244527,0.12056392117074774,"(0.01%,0.1%]","(-inf,161]",0
6384,345,0,0,True,0.6650701708086041,0.0,>0.5%,"(275,386]",0
6385,50,4,3,False,5.943179817408388e-06,0.0008567658801555887,"(0,0.01%]","(-inf,161]",0
6386,155,4,0,False,0.2685098753607865,1.2521247768688357,"(0.1%,0.5%]","(-inf,161]",0
6387,198,6,0,False,0.03916377194772093,0.03916377194772093,"(0.01%,0.1%]","(161,275]",0
6388,185,2,0,False,0.013280969033937174,0.6207264813519308,"(0.01%,0.1%]","(161,275]",0
6389,451,7,7,True,0.22738181023245121,0.0,"(0.1%,0.5%]","(386,inf]",7
6390,298,6,0,False,0.11407691035305427,3.646404844528296,"(0.1%,0.5%]","(275,386]",0
6391,251,0,0,True,1.3879641349491847,0.0,>0.5%,"(161,275]",0
6392,75,0,3,False,0.004111043730310899,0.004111043730310899,"(0,0.01%]","(-inf,161]",0
6393,438,0,0,True,0.9008339825343412,0.0,>0.5%,"(386,inf]",7
6394,377,7,6,False,0.12633237925322302,0.12633237925322302,"(0.1%,0.5%]","(275,386]",0
6395,142,6,0,False,0.6196217371560606,1.225623861188797,>0.5%,"(-inf,161]",0
6396,255,0,0,True,1.1102363471996064,0.0,>0.5%,"(161,275]",0
6397,395,4,0,False,0.43363976830496764,0.43363976830496764,"(0.1%,0.5%]","(386,inf]",7
6398,465,0,7,False,0.3557116789304261,1.4529311981351607,"(0.1%,0.5%]","(386,inf]",7
6399,493,2,7,False,0.15366708625802125,0.7294705768324525,"(0.1%,0.5%]","(386,inf]",7
6400,311,2,7,False,0.4276285644438907,1.4899222811708033,"(0.1%,0.5%]","(275,386]",0
6401,499,6,7,False,0.9809766471306519,1.7665012298220757,>0.5%,"(386,inf]",7
6402,376,0,0,True,1.0323427119793032,0.0,>0.5%,"(275,386]",0
6403,224,0,0,True,0.8148506251034136,0.0,>0.5%,"(161,275]",0
6404,250,7,0,False,0.09930448637502719,0.44193539782187585,"(0.01%,0.1%]","(161,275]",0
6405,122,7,0,False,0.21875131371942963,1.3678026963529106,"(0.1%,0.5%]","(-inf,161]",0
6406,67,3,3,True,0.04896788065581439,0.0,"(0.01%,0.1%]","(-inf,161]",0
6407,61,3,3,True,2.5278192959108797e-06,0.0,"(0,0.01%]","(-inf,161]",0
6408,196,2,0,False,0.03212039133000536,0.08753482952711672,"(0.01%,0.1%]","(161,275]",0
6409,482,0,7,False,0.6396783790835305,1.2966890455303035,>0.5%,"(386,inf]",7
6410,438,1,0,False,0.13569379219383773,0.13569379219383773,"(0.1%,0.5%]","(386,inf]",7
6411,377,2,7,False,0.12989114054923015,0.2024315768917339,"(0.1%,0.5%]","(275,386]",0
6412,366,7,0,False,0.14765929572171893,0.14765929572171893,"(0.1%,0.5%]","(275,386]",0
6413,490,1,0,False,0.40585821644282905,2.134745738874409,"(0.1%,0.5%]","(386,inf]",7
6414,62,3,3,True,0.5158187647176672,0.0,>0.5%,"(-inf,161]",0
6415,183,6,0,False,0.17909842982264143,10.920756473695972,"(0.1%,0.5%]","(161,275]",0
6416,424,6,7,False,0.26175994274079,0.7912517129797751,"(0.1%,0.5%]","(386,inf]",7
6417,453,1,0,False,0.3035924090873343,0.3035924090873343,"(0.1%,0.5%]","(386,inf]",7
6418,251,0,0,True,0.039007798430221285,0.0,"(0.01%,0.1%]","(161,275]",0
6419,177,6,0,False,0.14446051894925171,3.4263621892615372,"(0.1%,0.5%]","(161,275]",0
6420,176,4,0,False,0.06403570964728147,0.06403570964728147,"(0.01%,0.1%]","(161,275]",0
6421,439,6,0,False,0.1506832516445048,0.1506832516445048,"(0.1%,0.5%]","(386,inf]",7
6422,430,7,0,False,0.3661829223379238,2.2910603577111925,"(0.1%,0.5%]","(386,inf]",7
6423,333,7,7,True,0.22475743725391376,0.0,"(0.1%,0.5%]","(275,386]",0
6424,186,7,0,False,0.1263249410582208,1.9826780713299181,"(0.1%,0.5%]","(161,275]",0
6425,447,6,0,False,0.8672686413904819,3.6758689130890767,>0.5%,"(386,inf]",7
6426,452,6,7,False,0.37333067137709214,1.7961626623908815,"(0.1%,0.5%]","(386,inf]",7
6427,440,7,7,True,0.8913325410099024,0.0,>0.5%,"(386,inf]",7
6428,72,4,3,False,5.400084429177189e-06,7.0156385599139045e-06,"(0,0.01%]","(-inf,161]",0
6429,249,0,0,True,0.2255506278619322,0.0,"(0.1%,0.5%]","(161,275]",0
6430,327,7,0,False,0.9227310707480159,0.9861451705747423,>0.5%,"(275,386]",0
6431,410,2,0,False,0.5307794165569258,0.5307794165569258,>0.5%,"(386,inf]",7
6432,250,0,7,False,0.4750244275610125,0.4750244275610125,"(0.1%,0.5%]","(161,275]",0
6433,482,2,7,False,0.052963743295183205,0.351503802004484,"(0.01%,0.1%]","(386,inf]",7
6434,160,0,0,True,0.10585808257104513,0.0,"(0.1%,0.5%]","(-inf,161]",0
6435,488,4,7,False,0.6983037998091651,0.8700718088965448,>0.5%,"(386,inf]",7
6436,477,0,0,True,0.44021505332092714,0.0,"(0.1%,0.5%]","(386,inf]",7
6437,495,7,7,True,0.44200737166806436,0.0,"(0.1%,0.5%]","(386,inf]",7
6438,337,2,0,False,0.07586018233485534,0.07586018233485534,"(0.01%,0.1%]","(275,386]",0
6439,85,4,3,False,0.013469606550741444,0.0303237081484966,"(0.01%,0.1%]","(-inf,161]",0
6440,389,4,0,False,0.3346040310754264,0.7604728064688422,"(0.1%,0.5%]","(386,inf]",7
6441,299,0,0,True,0.015012940165916672,0.0,"(0.01%,0.1%]","(275,386]",0
6442,488,2,7,False,0.9950261614923541,1.4683948006237184,>0.5%,"(386,inf]",7
6443,265,2,7,False,0.6513396809928533,4.2017888839581055,>0.5%,"(161,275]",0
6444,492,7,7,True,1.6477443081949157,0.0,>0.5%,"(386,inf]",7
6445,200,4,2,False,0.5021244014240056,0.5021244014240056,>0.5%,"(161,275]",0
6446,257,4,0,False,0.49022033819923744,1.2397711120297574,"(0.1%,0.5%]","(161,275]",0
6447,257,7,2,False,0.17298704957848013,0.3789120651778269,"(0.1%,0.5%]","(161,275]",0
6448,132,3,0,False,0.65828694142703,4.3315788278039244,>0.5%,"(-inf,161]",0
6449,184,7,2,False,0.38992504759472973,2.0660926049176833,"(0.1%,0.5%]","(161,275]",0
6450,459,6,7,False,1.6503802769911677,2.6243367524602013,>0.5%,"(386,inf]",7
6451,369,6,0,False,0.3772861457669679,0.3772861457669679,"(0.1%,0.5%]","(275,386]",0
6452,439,6,2,False,0.5036914918531042,1.359827536818148,>0.5%,"(386,inf]",7
6453,165,7,0,False,0.3951778224159516,0.77519185557171,"(0.1%,0.5%]","(161,275]",0
6454,271,6,6,True,0.05477311286072643,0.0,"(0.01%,0.1%]","(161,275]",0
6455,423,0,0,True,0.6267004466863026,0.0,>0.5%,"(386,inf]",7
6456,199,2,0,False,0.015116210636087991,0.44042148031777706,"(0.01%,0.1%]","(161,275]",0
6457,83,2,3,False,0.0,0.1036972708485044,=0,"(-inf,161]",0
6458,367,0,7,False,0.35608122038922874,1.6124201010342016,"(0.1%,0.5%]","(275,386]",0
6459,110,4,3,False,0.08805673584950986,0.19462544804364143,"(0.01%,0.1%]","(-inf,161]",0
6460,52,0,3,False,0.0,0.0,=0,"(-inf,161]",0
6461,88,2,3,False,0.22328494396150145,0.27615736765720933,"(0.1%,0.5%]","(-inf,161]",0
6462,136,4,0,False,0.19867128779008153,0.3279779188349772,"(0.1%,0.5%]","(-inf,161]",0
6463,338,0,0,True,0.01319061383010597,0.0,"(0.01%,0.1%]","(275,386]",0
6464,280,0,0,True,0.7580247036097377,0.0,>0.5%,"(275,386]",0
6465,233,4,7,False,0.04583636011281415,0.04583636011281415,"(0.01%,0.1%]","(161,275]",0
6466,190,0,0,True,1.328033701619009,0.0,>0.5%,"(161,275]",0
6467,408,0,0,True,0.838621277671425,0.0,>0.5%,"(386,inf]",7
6468,472,6,7,False,0.5139381606900726,1.303409355821571,>0.5%,"(386,inf]",7
6469,371,0,0,True,0.5157578515856308,0.0,>0.5%,"(275,386]",0
6470,427,0,0,True,0.8945925025340947,0.0,>0.5%,"(386,inf]",7
6471,170,0,0,True,0.4062030633082724,0.0,"(0.1%,0.5%]","(161,275]",0
6472,468,4,0,False,0.9331684298233788,0.9331684298233788,>0.5%,"(386,inf]",7
6473,467,2,7,False,0.5131542158748188,0.5131542158748188,>0.5%,"(386,inf]",7
6474,294,4,0,False,0.18561021507979303,0.18561021507979303,"(0.1%,0.5%]","(275,386]",0
6475,233,0,0,True,0.10787366716455808,0.0,"(0.1%,0.5%]","(161,275]",0
6476,79,3,3,True,0.40079616233286675,0.0,"(0.1%,0.5%]","(-inf,161]",0
6477,51,3,3,True,0.4550116344205978,0.0,"(0.1%,0.5%]","(-inf,161]",0
6478,465,0,0,True,0.36701356851500466,0.0,"(0.1%,0.5%]","(386,inf]",7
6479,105,0,3,False,0.23329800906215933,0.2523870556009682,"(0.1%,0.5%]","(-inf,161]",0
6480,186,4,0,False,1.216670647507593,2.5989750135878986,>0.5%,"(161,275]",0
6481,452,7,7,True,0.21329097771338149,0.0,"(0.1%,0.5%]","(386,inf]",7
6482,50,0,3,False,0.0,0.0,=0,"(-inf,161]",0
6483,432,2,7,False,0.3086560455970767,3.285644160627806,"(0.1%,0.5%]","(386,inf]",7
6484,331,7,0,False,0.9468269733708696,1.9166867929403162,>0.5%,"(275,386]",0
6485,100,3,3,True,0.5981184024515317,0.0,>0.5%,"(-inf,161]",0
6486,264,6,7,False,1.4811999510414393,2.5421813285872576,>0.5%,"(161,275]",0
6487,62,0,3,False,0.0,0.0,=0,"(-inf,161]",0
6488,300,6,0,False,0.6033150178720559,0.6033150178720559,>0.5%,"(275,386]",0
6489,74,0,3,False,0.011530265561679904,0.011530265561679904,"(0.01%,0.1%]","(-inf,161]",0
6490,329,7,7,True,0.6926279123818001,0.0,>0.5%,"(275,386]",0
6491,224,0,0,True,0.4813171108456422,0.0,"(0.1%,0.5%]","(161,275]",0
6492,314,6,0,False,0.006101041619782415,0.006101041619782415,"(0,0.01%]","(275,386]",0
6493,50,1,3,False,6.353082767125083e-06,0.9710563257283962,"(0,0.01%]","(-inf,161]",0
6494,113,0,3,False,0.0982758219795833,0.1260406793422888,"(0.01%,0.1%]","(-inf,161]",0
6495,107,0,0,True,0.3011838010948949,0.0,"(0.1%,0.5%]","(-inf,161]",0
6496,260,0,0,True,0.05605169114919008,0.0,"(0.01%,0.1%]","(161,275]",0
6497,176,0,0,True,0.10550868577113347,0.0,"(0.1%,0.5%]","(161,275]",0
6498,90,7,3,False,0.17525253496805232,0.17525253496805232,"(0.1%,0.5%]","(-inf,161]",0
6499,135,0,0,True,0.04563246553765347,0.0,"(0.01%,0.1%]","(-inf,161]",0
6500,432,4,7,False,0.25347144887189105,0.25347144887189105,"(0.1%,0.5%]","(386,inf]",7
6501,184,0,0,True,0.876718658095543,0.0,>0.5%,"(161,275]",0
6502,273,0,0,True,0.4947419261238175,0.0,"(0.1%,0.5%]","(161,275]",0
6503,76,1,3,False,4.247369357025755e-06,0.029508210681366897,"(0,0.01%]","(-inf,161]",0
6504,452,7,7,True,0.6291535508201208,0.0,>0.5%,"(386,inf]",7
6505,429,0,0,True,0.2986504658031946,0.0,"(0.1%,0.5%]","(386,inf]",7
6506,393,6,7,False,1.351459903107839,1.5814586694977157,>0.5%,"(386,inf]",7
6507,488,0,0,True,0.9624967245137218,0.0,>0.5%,"(386,inf]",7
6508,99,0,3,False,0.15654806546632655,0.15654806546632655,"(0.1%,0.5%]","(-inf,161]",0
6509,90,2,3,False,0.048859522107047776,0.048859522107047776,"(0.01%,0.1%]","(-inf,161]",0
6510,260,0,7,False,0.6080804316550548,0.6080804316550548,>0.5%,"(161,275]",0
6511,248,2,0,False,0.3361911628978198,3.466995408243831,"(0.1%,0.5%]","(161,275]",0
6512,482,6,7,False,0.6179960853934754,0.7305929689485968,>0.5%,"(386,inf]",7
6513,257,0,0,True,0.3892102616182959,0.0,"(0.1%,0.5%]","(161,275]",0
6514,183,2,0,False,1.4096606093442992,2.914198148731518,>0.5%,"(161,275]",0
6515,441,2,7,False,0.22054911514698522,0.22054911514698522,"(0.1%,0.5%]","(386,inf]",7
6516,157,1,2,False,0.25350135479003455,1.3904379897059944,"(0.1%,0.5%]","(-inf,161]",0
6517,370,0,0,True,0.3808303238373302,0.0,"(0.1%,0.5%]","(275,386]",0
6518,400,7,7,True,0.11556037585994436,0.0,"(0.1%,0.5%]","(386,inf]",7
6519,60,3,3,True,8.666888433123798e-06,0.0,"(0,0.01%]","(-inf,161]",0
6520,178,0,0,True,0.5210181825074768,0.0,>0.5%,"(161,275]",0
6521,406,0,0,True,0.44609164856174244,0.0,"(0.1%,0.5%]","(386,inf]",7
6522,108,0,3,False,0.021140252818400512,0.17044594901278462,"(0.01%,0.1%]","(-inf,161]",0
6523,248,7,0,False,0.2007746697567267,0.2007746697567267,"(0.1%,0.5%]","(161,275]",0
6524,75,2,3,False,0.26459189614243434,0.43617133477831554,"(0.1%,0.5%]","(-inf,161]",0
6525,226,0,0,True,0.4886066597680591,0.0,"(0.1%,0.5%]","(161,275]",0
6526,312,7,2,False,1.02446776758284,1.02446776758284,>0.5%,"(275,386]",0
6527,249,6,0,False,0.27719511687334414,3.181041537990465,"(0.1%,0.5%]","(161,275]",0
6528,404,4,0,False,0.08050536294229826,1.5726170242320565,"(0.01%,0.1%]","(386,inf]",7
6529,404,4,7,False,0.07043501356595855,1.055771679948014,"(0.01%,0.1%]","(386,inf]",7
6530,161,4,0,False,0.5525013378616707,0.5525013378616707,>0.5%,"(-inf,161]",0
6531,228,0,0,True,0.1753894467005236,0.0,"(0.1%,0.5%]","(161,275]",0
6532,316,7,7,True,0.3864757598115818,0.0,"(0.1%,0.5%]","(275,386]",0
6533,373,0,7,False,0.41737848973996655,1.0030741961282506,"(0.1%,0.5%]","(275,386]",0
6534,349,0,0,True,0.3277269258902659,0.0,"(0.1%,0.5%]","(275,386]",0
6535,400,0,0,True,0.37065437265951806,0.0,"(0.1%,0.5%]","(386,inf]",7
6536,125,3,3,True,1.1969077981742022,0.0,>0.5%,"(-inf,161]",0
6537,325,7,7,True,1.3254776474839616,0.0,>0.5%,"(275,386]",0
6538,482,0,0,True,1.3817156346972457,0.0,>0.5%,"(386,inf]",7
6539,481,7,7,True,0.7688005271585171,0.0,>0.5%,"(386,inf]",7
6540,198,4,0,False,0.13517795254316045,0.13517795254316045,"(0.1%,0.5%]","(161,275]",0
6541,83,6,3,False,0.08207505428349725,0.14910799034100947,"(0.01%,0.1%]","(-inf,161]",0
6542,119,4,0,False,0.025599443787063386,0.08289519926782038,"(0.01%,0.1%]","(-inf,161]",0
6543,210,0,0,True,0.03893461424538369,0.0,"(0.01%,0.1%]","(161,275]",0
6544,225,6,2,False,0.7837604574011177,3.021628609538038,>0.5%,"(161,275]",0
6545,221,1,2,False,0.29394150179825157,1.4653233548971225,"(0.1%,0.5%]","(161,275]",0
6546,114,0,0,True,0.4034360521944749,0.0,"(0.1%,0.5%]","(-inf,161]",0
6547,141,2,0,False,0.18977488954068975,5.121482870218963,"(0.1%,0.5%]","(-inf,161]",0
6548,251,6,2,False,1.005689944843009,1.005689944843009,>0.5%,"(161,275]",0
6549,204,4,0,False,1.1031695519212685,1.2258171144745438,>0.5%,"(161,275]",0
6550,344,0,0,True,0.8146992611346637,0.0,>0.5%,"(275,386]",0
6551,266,0,0,True,0.20217242780094635,0.0,"(0.1%,0.5%]","(161,275]",0
6552,401,7,0,False,0.03385554555999672,0.03385554555999672,"(0.01%,0.1%]","(386,inf]",7
6553,150,4,0,False,0.2864725994627015,9.158471782695658,"(0.1%,0.5%]","(-inf,161]",0
6554,149,0,0,True,0.39677202856034055,0.0,"(0.1%,0.5%]","(-inf,161]",0
6555,162,0,0,True,0.11726103913882978,0.0,"(0.1%,0.5%]","(161,275]",0
6556,82,1,3,False,0.28042008604011237,0.28042008604011237,"(0.1%,0.5%]","(-inf,161]",0
6557,77,2,3,False,0.0,0.1975660476087567,=0,"(-inf,161]",0
6558,331,7,7,True,0.43234029614686614,0.0,"(0.1%,0.5%]","(275,386]",0
6559,270,0,0,True,0.961132001948517,0.0,>0.5%,"(161,275]",0
6560,439,7,7,True,0.13857175333614294,0.0,"(0.1%,0.5%]","(386,inf]",7
6561,497,2,7,False,0.9622290602620239,0.9622290602620239,>0.5%,"(386,inf]",7
6562,386,1,7,False,0.056876904785954,0.056876904785954,"(0.01%,0.1%]","(275,386]",0
6563,373,0,0,True,0.22973917041096123,0.0,"(0.1%,0.5%]","(275,386]",0
6564,361,4,0,False,0.9531540601326624,0.9531540601326624,>0.5%,"(275,386]",0
6565,451,6,7,False,1.151623567492069,1.1834877413206026,>0.5%,"(386,inf]",7
6566,71,1,3,False,0.13226314819417656,0.13226314819417656,"(0.1%,0.5%]","(-inf,161]",0
6567,359,2,2,True,0.3966481422148569,0.0,"(0.1%,0.5%]","(275,386]",0
6568,425,7,7,True,0.7496928145856311,0.0,>0.5%,"(386,inf]",7
6569,182,0,0,True,0.32677637630948697,0.0,"(0.1%,0.5%]","(161,275]",0
6570,187,0,0,True,0.6880747137044707,0.0,>0.5%,"(161,275]",0
6571,183,4,0,False,0.33181340240961193,0.33181340240961193,"(0.1%,0.5%]","(161,275]",0
6572,198,4,0,False,0.30562389585466265,0.30562389585466265,"(0.1%,0.5%]","(161,275]",0
6573,182,7,0,False,0.678953541852297,1.5233994254095997,>0.5%,"(161,275]",0
6574,450,6,0,False,0.7528577574130151,0.7528577574130151,>0.5%,"(386,inf]",7
6575,281,0,0,True,0.6983615724786139,0.0,>0.5%,"(275,386]",0
6576,420,6,7,False,0.16482336561882382,0.8707153277561367,"(0.1%,0.5%]","(386,inf]",7
6577,439,4,0,False,0.5821750199572328,0.5821750199572328,>0.5%,"(386,inf]",7
6578,221,0,0,True,0.698981771118304,0.0,>0.5%,"(161,275]",0
6579,257,6,7,False,0.46937599674169783,1.0392434344581327,"(0.1%,0.5%]","(161,275]",0
6580,82,3,3,True,0.29247436065166804,0.0,"(0.1%,0.5%]","(-inf,161]",0
6581,323,6,7,False,0.3783693094091332,0.3783693094091332,"(0.1%,0.5%]","(275,386]",0
6582,387,0,0,True,0.2653280267276686,0.0,"(0.1%,0.5%]","(386,inf]",7
6583,371,2,7,False,0.4054053556184893,1.6737191365439643,"(0.1%,0.5%]","(275,386]",0
6584,301,0,0,True,0.18749147785645573,0.0,"(0.1%,0.5%]","(275,386]",0
6585,251,4,0,False,0.6875053627684824,0.6875053627684824,>0.5%,"(161,275]",0
6586,368,4,0,False,1.4436621443976931,1.4436621443976931,>0.5%,"(275,386]",0
6587,383,2,7,False,0.8814085824287073,2.2913483821294145,>0.5%,"(275,386]",0
6588,91,0,3,False,0.0,2.2083898417431826,=0,"(-inf,161]",0
6589,244,7,0,False,1.7237392075695472,2.4187772656673743,>0.5%,"(161,275]",0
6590,292,7,0,False,0.19257273164619257,0.19257273164619257,"(0.1%,0.5%]","(275,386]",0
6591,497,2,0,False,0.5525733615517897,1.1523020467127123,>0.5%,"(386,inf]",7
6592,178,0,0,True,0.18551380601586467,0.0,"(0.1%,0.5%]","(161,275]",0
6593,487,6,7,False,1.76404052406396,1.76404052406396,>0.5%,"(386,inf]",7
6594,139,0,0,True,0.7843694569109954,0.0,>0.5%,"(-inf,161]",0
6595,442,7,0,False,0.7179791952896389,0.7179791952896389,>0.5%,"(386,inf]",7
6596,280,4,0,False,1.7518075243490725,1.7518075243490725,>0.5%,"(275,386]",0
6597,403,7,7,True,0.7149308679400779,0.0,>0.5%,"(386,inf]",7
6598,76,0,3,False,0.0,0.0,=0,"(-inf,161]",0
6599,336,1,7,False,1.0838858209310587,1.889971421709025,>0.5%,"(275,386]",0
6600,122,4,0,False,0.06505203404355189,0.06505203404355189,"(0.01%,0.1%]","(-inf,161]",0
6601,403,2,0,False,0.5612020288183522,1.6697673110620679,>0.5%,"(386,inf]",7
6602,317,0,0,True,0.4898414756089141,0.0,"(0.1%,0.5%]","(275,386]",0
6603,366,6,7,False,0.3364063887138616,2.008677000528932,"(0.1%,0.5%]","(275,386]",0
6604,273,2,7,False,0.6206727411157582,2.2480100484762855,>0.5%,"(161,275]",0
6605,58,0,3,False,0.0,0.050849013456670034,=0,"(-inf,161]",0
6606,143,3,0,False,0.029115345887723985,0.029115345887723985,"(0.01%,0.1%]","(-inf,161]",0
6607,84,3,3,True,0.11161140053795458,0.0,"(0.1%,0.5%]","(-inf,161]",0
6608,385,2,7,False,0.16059206505971216,0.6572014857666847,"(0.1%,0.5%]","(275,386]",0
6609,366,4,0,False,0.043880795833112204,0.3294555094840992,"(0.01%,0.1%]","(275,386]",0
6610,205,7,0,False,0.06704547713835896,0.06704547713835896,"(0.01%,0.1%]","(161,275]",0
6611,471,6,7,False,1.6964250514854042,3.778644387109736,>0.5%,"(386,inf]",7
6612,401,4,0,False,1.050426488117521,1.133054910300118,>0.5%,"(386,inf]",7
6613,394,0,0,True,0.9080057200742212,0.0,>0.5%,"(386,inf]",7
6614,227,4,7,False,0.01504005747325281,1.3229081910008564,"(0.01%,0.1%]","(161,275]",0
6615,159,6,0,False,0.565105453055426,2.200764344320588,>0.5%,"(-inf,161]",0
6616,230,0,0,True,0.33625708492446643,0.0,"(0.1%,0.5%]","(161,275]",0
6617,279,7,2,False,0.03810164099448375,0.03810164099448375,"(0.01%,0.1%]","(275,386]",0
6618,480,4,7,False,1.1673120609574346,1.7963048553792555,>0.5%,"(386,inf]",7
6619,440,1,7,False,0.03392717845830983,0.713578580962957,"(0.01%,0.1%]","(386,inf]",7
6620,167,6,3,False,1.010975726864111,2.0568684753840696,>0.5%,"(161,275]",0
6621,133,2,3,False,0.024396649648362422,0.46073695131957804,"(0.01%,0.1%]","(-inf,161]",0
6622,479,7,7,True,1.1667630835934735,0.0,>0.5%,"(386,inf]",7
6623,63,7,3,False,0.11797348299488015,0.11797348299488015,"(0.1%,0.5%]","(-inf,161]",0
6624,296,2,7,False,0.04800510775423379,0.04800510775423379,"(0.01%,0.1%]","(275,386]",0
6625,365,6,0,False,0.04186454676130239,0.04186454676130239,"(0.01%,0.1%]","(275,386]",0
6626,394,1,7,False,0.09503566840916816,0.09503566840916816,"(0.01%,0.1%]","(386,inf]",7
6627,50,3,3,True,5.775431784463792e-06,0.0,"(0,0.01%]","(-inf,161]",0
6628,112,3,0,False,0.43106925264788826,0.43106925264788826,"(0.1%,0.5%]","(-inf,161]",0
6629,114,0,0,True,0.08928769039112358,0.0,"(0.01%,0.1%]","(-inf,161]",0
6630,445,4,7,False,0.010981234863526161,0.49331774413972473,"(0.01%,0.1%]","(386,inf]",7
6631,368,7,2,False,0.1268245046838374,0.1268245046838374,"(0.1%,0.5%]","(275,386]",0
6632,245,0,0,True,0.8073031185926203,0.0,>0.5%,"(161,275]",0
6633,164,2,0,False,0.55790196384991,5.024938001192725,>0.5%,"(161,275]",0
6634,335,0,0,True,0.250204110275437,0.0,"(0.1%,0.5%]","(275,386]",0
6635,496,0,0,True,0.6481717871792397,0.0,>0.5%,"(386,inf]",7
6636,96,0,3,False,0.0597951192405745,0.0597951192405745,"(0.01%,0.1%]","(-inf,161]",0
6637,103,3,3,True,0.026732726418411804,0.0,"(0.01%,0.1%]","(-inf,161]",0
6638,109,2,0,False,0.2593111133043762,0.5966495832587696,"(0.1%,0.5%]","(-inf,161]",0
6639,150,4,2,False,0.12423505129693889,0.12423505129693889,"(0.1%,0.5%]","(-inf,161]",0
6640,223,0,0,True,0.053313226175781735,0.0,"(0.01%,0.1%]","(161,275]",0
6641,144,5,0,False,0.14198392759235123,0.4851718063175429,"(0.1%,0.5%]","(-inf,161]",0
6642,479,6,7,False,0.6963158498274764,2.802594869617815,>0.5%,"(386,inf]",7
6643,122,3,3,True,0.15276076690379561,0.0,"(0.1%,0.5%]","(-inf,161]",0
6644,392,2,2,True,0.42506155595471995,0.0,"(0.1%,0.5%]","(386,inf]",7
6645,462,7,7,True,0.3939989170400669,0.0,"(0.1%,0.5%]","(386,inf]",7
6646,427,0,0,True,0.1756212083324589,0.0,"(0.1%,0.5%]","(386,inf]",7
6647,251,4,0,False,0.26434836019770047,0.26434836019770047,"(0.1%,0.5%]","(161,275]",0
6648,438,0,0,True,0.7263829117742036,0.0,>0.5%,"(386,inf]",7
6649,110,0,3,False,0.08372641062722022,0.12713643048597395,"(0.01%,0.1%]","(-inf,161]",0
6650,481,2,6,False,0.07858014760497321,0.7245417626288162,"(0.01%,0.1%]","(386,inf]",7
6651,142,0,0,True,0.0,0.0,=0,"(-inf,161]",0
6652,196,2,7,False,0.509952355083971,0.509952355083971,>0.5%,"(161,275]",0
6653,105,4,0,False,0.07659730972084411,0.6003745489287328,"(0.01%,0.1%]","(-inf,161]",0
6654,171,4,2,False,0.07537405019823391,0.09022615478787306,"(0.01%,0.1%]","(161,275]",0
6655,131,3,3,True,0.5862806688921948,0.0,>0.5%,"(-inf,161]",0
6656,398,6,7,False,0.6187974024245672,0.6187974024245672,>0.5%,"(386,inf]",7
6657,292,0,0,True,0.15331518567787877,0.0,"(0.1%,0.5%]","(275,386]",0
6658,491,2,7,False,1.5012842284369672,1.5012842284369672,>0.5%,"(386,inf]",7
6659,53,4,3,False,0.029398381621188643,0.029398381621188643,"(0.01%,0.1%]","(-inf,161]",0
6660,275,2,0,False,0.09649899270200236,1.1531558370505586,"(0.01%,0.1%]","(161,275]",0
6661,393,7,0,False,0.4126615246352161,0.6009987001960815,"(0.1%,0.5%]","(386,inf]",7
6662,253,7,0,False,0.4874683966259151,2.4260267950604777,"(0.1%,0.5%]","(161,275]",0
6663,280,2,7,False,0.5293461956782245,2.808007074379842,>0.5%,"(275,386]",0
6664,197,2,0,False,1.4586079525217093,3.24360720031833,>0.5%,"(161,275]",0
6665,59,3,3,True,0.8201847482857596,0.0,>0.5%,"(-inf,161]",0
6666,350,0,0,True,0.7997498887178979,0.0,>0.5%,"(275,386]",0
6667,268,0,0,True,0.5552334276853821,0.0,>0.5%,"(161,275]",0
6668,97,7,3,False,0.71552452894383,0.71552452894383,>0.5%,"(-inf,161]",0
6669,357,1,0,False,0.35888650558149027,2.0593995929590587,"(0.1%,0.5%]","(275,386]",0
6670,135,0,0,True,0.18339223940273672,0.0,"(0.1%,0.5%]","(-inf,161]",0
6671,369,7,7,True,2.181972511403397,0.0,>0.5%,"(275,386]",0
6672,407,2,7,False,0.6542184374042493,0.8018840297130825,>0.5%,"(386,inf]",7
6673,443,1,7,False,0.0821370170168324,1.3194251828815975,"(0.01%,0.1%]","(386,inf]",7
6674,445,7,7,True,0.17113928269113662,0.0,"(0.1%,0.5%]","(386,inf]",7
6675,326,2,7,False,1.245955292287234,1.8467333801597208,>0.5%,"(275,386]",0
6676,240,1,0,False,0.49337390367788714,0.49337390367788714,"(0.1%,0.5%]","(161,275]",0
6677,218,6,0,False,0.8480157345050822,4.130807495436566,>0.5%,"(161,275]",0
6678,84,2,3,False,0.05813875899495169,0.05813875899495169,"(0.01%,0.1%]","(-inf,161]",0
6679,248,0,0,True,0.3198141018119645,0.0,"(0.1%,0.5%]","(161,275]",0
6680,141,0,0,True,1.1393105489136748,0.0,>0.5%,"(-inf,161]",0
6681,279,6,0,False,0.3184279095533901,1.621606960003964,"(0.1%,0.5%]","(275,386]",0
6682,323,7,7,True,0.2741507575768327,0.0,"(0.1%,0.5%]","(275,386]",0
6683,177,2,0,False,0.04728522955964329,0.04728522955964329,"(0.01%,0.1%]","(161,275]",0
6684,65,3,3,True,0.01553410647129018,0.0,"(0.01%,0.1%]","(-inf,161]",0
6685,309,0,0,True,0.5961285512997695,0.0,>0.5%,"(275,386]",0
6686,470,7,7,True,0.09994592597463325,0.0,"(0.01%,0.1%]","(386,inf]",7
6687,474,4,7,False,0.12299042312948152,0.12299042312948152,"(0.1%,0.5%]","(386,inf]",7
6688,384,2,2,True,0.011341007715319576,0.0,"(0.01%,0.1%]","(275,386]",0
6689,52,2,3,False,0.05125351904303551,0.05125351904303551,"(0.01%,0.1%]","(-inf,161]",0
6690,287,7,7,True,0.22182436310575704,0.0,"(0.1%,0.5%]","(275,386]",0
6691,405,6,7,False,0.6545494142704769,0.6545494142704769,>0.5%,"(386,inf]",7
6692,277,0,0,True,1.135728981478957,0.0,>0.5%,"(275,386]",0
6693,158,7,0,False,0.15358316059055915,0.792885784035263,"(0.1%,0.5%]","(-inf,161]",0
6694,307,0,0,True,0.2573075701848798,0.0,"(0.1%,0.5%]","(275,386]",0
6695,120,7,0,False,0.24145998092971388,1.0715834940587006,"(0.1%,0.5%]","(-inf,161]",0
6696,380,7,7,True,0.7242548234925745,0.0,>0.5%,"(275,386]",0
6697,236,2,0,False,1.1623793011575958,1.7359425705079794,>0.5%,"(161,275]",0
6698,128,0,0,True,0.8471242365506464,0.0,>0.5%,"(-inf,161]",0
6699,123,0,0,True,0.21593431363338972,0.0,"(0.1%,0.5%]","(-inf,161]",0
6700,343,4,0,False,1.3880667421952688,1.3880667421952688,>0.5%,"(275,386]",0
6701,184,1,2,False,0.016227591244458703,0.016227591244458703,"(0.01%,0.1%]","(161,275]",0
6702,60,1,3,False,0.010688675173917092,0.010688675173917092,"(0.01%,0.1%]","(-inf,161]",0
6703,122,3,3,True,0.3131011632595131,0.0,"(0.1%,0.5%]","(-inf,161]",0
6704,241,2,2,True,0.47170731205156985,0.0,"(0.1%,0.5%]","(161,275]",0
6705,167,0,0,True,0.6146821349238324,0.0,>0.5%,"(161,275]",0
6706,406,6,0,False,0.5659640358931045,1.0386797184895202,>0.5%,"(386,inf]",7
6707,361,2,0,False,0.04686865872652118,0.2585009843079771,"(0.01%,0.1%]","(275,386]",0
6708,53,0,3,False,8.115528113528448e-06,0.13315146975866124,"(0,0.01%]","(-inf,161]",0
6709,133,1,0,False,0.7495681189102418,1.335096213086635,>0.5%,"(-inf,161]",0
6710,59,3,3,True,0.17518761653321255,0.0,"(0.1%,0.5%]","(-inf,161]",0
6711,388,0,0,True,0.8893417277596454,0.0,>0.5%,"(386,inf]",7
6712,281,4,0,False,0.11967315860948435,2.1367891843888156,"(0.1%,0.5%]","(275,386]",0
6713,167,4,0,False,0.4296955618561864,0.4296955618561864,"(0.1%,0.5%]","(161,275]",0
6714,406,2,7,False,0.06628403686344679,0.5309440440544563,"(0.01%,0.1%]","(386,inf]",7
6715,222,0,0,True,0.34588759105478273,0.0,"(0.1%,0.5%]","(161,275]",0
6716,53,3,3,True,6.161205856423325e-06,0.0,"(0,0.01%]","(-inf,161]",0
6717,366,1,7,False,0.507250478279942,1.3806972663292736,>0.5%,"(275,386]",0
6718,310,6,0,False,1.4413507248583224,5.417692005458594,>0.5%,"(275,386]",0
6719,162,7,2,False,0.2319208747661928,0.3115302150984435,"(0.1%,0.5%]","(161,275]",0
6720,279,7,0,False,0.5283876212758468,0.5283876212758468,>0.5%,"(275,386]",0
6721,231,4,0,False,0.7470588097029407,0.7470588097029407,>0.5%,"(161,275]",0
6722,139,2,0,False,0.01539135759060261,0.01539135759060261,"(0.01%,0.1%]","(-inf,161]",0
6723,319,4,7,False,0.6329132939371224,0.7040813605582702,>0.5%,"(275,386]",0
6724,244,4,0,False,0.02091068732790496,0.02091068732790496,"(0.01%,0.1%]","(161,275]",0
6725,292,0,0,True,0.5335599735009999,0.0,>0.5%,"(275,386]",0
6726,204,0,0,True,1.1387409803764648,0.0,>0.5%,"(161,275]",0
6727,470,7,7,True,0.7271614825516911,0.0,>0.5%,"(386,inf]",7
6728,255,7,0,False,0.09899186649789475,0.09899186649789475,"(0.01%,0.1%]","(161,275]",0
6729,144,3,3,True,0.4309876257448102,0.0,"(0.1%,0.5%]","(-inf,161]",0
6730,218,1,0,False,0.26691214570758404,0.7907242323103228,"(0.1%,0.5%]","(161,275]",0
6731,466,4,0,False,0.11355301712337944,0.11355301712337944,"(0.1%,0.5%]","(386,inf]",7
6732,75,0,3,False,0.08971007338366412,0.13971001360135005,"(0.01%,0.1%]","(-inf,161]",0
6733,336,6,0,False,0.4906898116321336,1.5238702908149435,"(0.1%,0.5%]","(275,386]",0
6734,82,4,3,False,0.33057044681261627,0.33057044681261627,"(0.1%,0.5%]","(-inf,161]",0
6735,270,4,0,False,0.16295395184527675,1.0783087224095351,"(0.1%,0.5%]","(161,275]",0
6736,97,3,0,False,0.013647354329540244,0.013647354329540244,"(0.01%,0.1%]","(-inf,161]",0
6737,437,7,7,True,0.5833786438039495,0.0,>0.5%,"(386,inf]",7
6738,203,2,7,False,0.5908377374076675,3.312401893548637,>0.5%,"(161,275]",0
6739,355,0,0,True,0.32582352994648944,0.0,"(0.1%,0.5%]","(275,386]",0
6740,210,6,2,False,0.2583381355130077,0.9393033924782248,"(0.1%,0.5%]","(161,275]",0
6741,381,0,0,True,1.6657992654890053,0.0,>0.5%,"(275,386]",0
6742,251,2,0,False,0.6226409289931522,0.6226409289931522,>0.5%,"(161,275]",0
6743,372,7,7,True,0.05319403948575699,0.0,"(0.01%,0.1%]","(275,386]",0
6744,360,0,0,True,0.8952307439590206,0.0,>0.5%,"(275,386]",0
6745,221,7,2,False,0.19851269753116652,0.19851269753116652,"(0.1%,0.5%]","(161,275]",0
6746,431,4,0,False,0.1768803760006811,3.1904036474248705,"(0.1%,0.5%]","(386,inf]",7
6747,494,1,0,False,0.7121629479286247,0.7121629479286247,>0.5%,"(386,inf]",7
6748,318,0,7,False,0.8253634052543948,0.8253634052543948,>0.5%,"(275,386]",0
6749,94,3,3,True,0.13480691684301505,0.0,"(0.1%,0.5%]","(-inf,161]",0
6750,142,7,3,False,0.08914216442347651,0.3211340806035177,"(0.01%,0.1%]","(-inf,161]",0
6751,192,7,2,False,1.133177041959333,1.133177041959333,>0.5%,"(161,275]",0
6752,269,6,0,False,0.623288911599896,2.582358212913418,>0.5%,"(161,275]",0
6753,427,2,0,False,0.10554446213172292,0.10554446213172292,"(0.1%,0.5%]","(386,inf]",7
6754,166,0,0,True,0.44153102417973444,0.0,"(0.1%,0.5%]","(161,275]",0
6755,349,7,7,True,0.21414228814960828,0.0,"(0.1%,0.5%]","(275,386]",0
6756,461,0,0,True,0.08320395818427237,0.0,"(0.01%,0.1%]","(386,inf]",7
6757,66,3,3,True,0.3488896335221052,0.0,"(0.1%,0.5%]","(-inf,161]",0
6758,113,0,0,True,0.027560504110388382,0.0,"(0.01%,0.1%]","(-inf,161]",0
6759,447,2,0,False,0.7456542075552277,2.391230184896307,>0.5%,"(386,inf]",7
6760,369,2,7,False,0.45962337067442405,0.45962337067442405,"(0.1%,0.5%]","(275,386]",0
6761,375,0,0,True,0.6188119187172184,0.0,>0.5%,"(275,386]",0
6762,497,4,0,False,0.4432570214807497,0.4432570214807497,"(0.1%,0.5%]","(386,inf]",7
6763,104,0,0,True,0.2142530422245092,0.0,"(0.1%,0.5%]","(-inf,161]",0
6764,398,4,0,False,0.7142091843942632,0.7383404138961325,>0.5%,"(386,inf]",7
6765,56,3,3,True,0.018298878265965875,0.0,"(0.01%,0.1%]","(-inf,161]",0
6766,497,7,7,True,0.21676036218728373,0.0,"(0.1%,0.5%]","(386,inf]",7
6767,422,2,7,False,0.4849908084977477,0.4849908084977477,"(0.1%,0.5%]","(386,inf]",7
6768,410,4,7,False,0.40026401144438556,0.40026401144438556,"(0.1%,0.5%]","(386,inf]",7
6769,315,6,7,False,0.9926463220685704,0.9927938023276115,>0.5%,"(275,386]",0
6770,201,3,0,False,0.39581418800953133,1.475491769367912,"(0.1%,0.5%]","(161,275]",0
6771,357,6,7,False,0.4570764471350408,3.4575190376861418,"(0.1%,0.5%]","(275,386]",0
6772,289,7,7,True,0.27847502783424477,0.0,"(0.1%,0.5%]","(275,386]",0
6773,427,0,0,True,0.7252601492043909,0.0,>0.5%,"(386,inf]",7
6774,220,0,0,True,0.4263436377376806,0.0,"(0.1%,0.5%]","(161,275]",0
6775,137,0,0,True,0.8210614488725447,0.0,>0.5%,"(-inf,161]",0
6776,305,2,0,False,0.051480257514654626,0.051480257514654626,"(0.01%,0.1%]","(275,386]",0
6777,295,0,0,True,0.7006543074531145,0.0,>0.5%,"(275,386]",0
6778,203,4,0,False,0.23121838127816313,0.23121838127816313,"(0.1%,0.5%]","(161,275]",0
6779,348,0,0,True,1.2748657935296848,0.0,>0.5%,"(275,386]",0
6780,216,0,7,False,1.1330767299582112,2.456718044511677,>0.5%,"(161,275]",0
6781,479,6,7,False,0.7293313136573872,2.642160957620401,>0.5%,"(386,inf]",7
6782,381,6,6,True,0.3049318293553558,0.0,"(0.1%,0.5%]","(275,386]",0
6783,90,1,3,False,0.19897793614365283,0.19897793614365283,"(0.1%,0.5%]","(-inf,161]",0
6784,290,2,0,False,0.6363131767824951,1.711805617248932,>0.5%,"(275,386]",0
6785,277,4,0,False,0.2514620341549299,0.2514620341549299,"(0.1%,0.5%]","(275,386]",0
6786,462,4,0,False,0.3081952440150763,0.3081952440150763,"(0.1%,0.5%]","(386,inf]",7
6787,223,0,7,False,0.5494958174654748,1.29686796228269,>0.5%,"(161,275]",0
6788,200,7,0,False,0.3665719196342058,0.3841181205552888,"(0.1%,0.5%]","(161,275]",0
6789,159,3,0,False,0.2480873199182938,0.2480873199182938,"(0.1%,0.5%]","(-inf,161]",0
6790,143,7,0,False,0.679583614674087,0.679583614674087,>0.5%,"(-inf,161]",0
6791,325,4,0,False,0.6277503249757173,2.2775777824916847,>0.5%,"(275,386]",0
6792,495,2,7,False,0.7889418563256401,0.7889418563256401,>0.5%,"(386,inf]",7
6793,348,4,0,False,0.0077020080137722,0.0077020080137722,"(0,0.01%]","(275,386]",0
6794,372,2,7,False,0.39934071348690525,0.39934071348690525,"(0.1%,0.5%]","(275,386]",0
6795,161,0,0,True,0.09788478956553343,0.0,"(0.01%,0.1%]","(-inf,161]",0
6796,452,2,0,False,0.5513268682232986,4.0772763062547135,>0.5%,"(386,inf]",7
6797,347,6,0,False,0.6731697170840186,0.6731697170840186,>0.5%,"(275,386]",0
6798,135,7,0,False,0.03448385783757126,0.2394854597859983,"(0.01%,0.1%]","(-inf,161]",0
6799,370,0,0,True,0.09593694252646849,0.0,"(0.01%,0.1%]","(275,386]",0
6800,150,1,3,False,0.2584446243991007,0.2584446243991007,"(0.1%,0.5%]","(-inf,161]",0
6801,199,0,0,True,0.6445746008957696,0.0,>0.5%,"(161,275]",0
6802,58,0,3,False,0.23540801751980814,0.6045958562279768,"(0.1%,0.5%]","(-inf,161]",0
6803,396,7,0,False,0.17263406114568808,0.7864963548711653,"(0.1%,0.5%]","(386,inf]",7
6804,478,0,7,False,0.03711500366624219,0.9052244406891747,"(0.01%,0.1%]","(386,inf]",7
6805,199,2,0,False,0.006113184148474004,0.006113184148474004,"(0,0.01%]","(161,275]",0
6806,109,0,0,True,0.18989121230643677,0.0,"(0.1%,0.5%]","(-inf,161]",0
6807,104,3,0,False,0.8154908139610683,0.8154908139610683,>0.5%,"(-inf,161]",0
6808,316,2,7,False,0.242964327959843,1.7792067568046182,"(0.1%,0.5%]","(275,386]",0
6809,407,4,0,False,0.9010199294632903,0.9010199294632903,>0.5%,"(386,inf]",7
6810,191,4,0,False,0.5306714967353967,2.5231811991658453,>0.5%,"(161,275]",0
6811,56,3,3,True,0.04966779689627086,0.0,"(0.01%,0.1%]","(-inf,161]",0
6812,117,2,3,False,0.7773312061515809,0.9188101672103951,>0.5%,"(-inf,161]",0
6813,203,1,0,False,0.16728367073282094,0.16728367073282094,"(0.1%,0.5%]","(161,275]",0
6814,200,2,2,True,0.29960942821766756,0.0,"(0.1%,0.5%]","(161,275]",0
6815,65,0,3,False,3.7750317263145596e-06,0.041548604830210945,"(0,0.01%]","(-inf,161]",0
6816,409,7,0,False,0.029088430443047045,0.44487797640626475,"(0.01%,0.1%]","(386,inf]",7
6817,391,7,0,False,0.5257026865798606,0.5257026865798606,>0.5%,"(386,inf]",7
6818,101,3,3,True,0.6392495177388274,0.0,>0.5%,"(-inf,161]",0
6819,424,4,0,False,0.5123341433125057,1.931580844813508,>0.5%,"(386,inf]",7
6820,203,2,0,False,0.44281050049906484,0.8573219250432634,"(0.1%,0.5%]","(161,275]",0
6821,201,1,0,False,0.20261263084180095,3.086727091639117,"(0.1%,0.5%]","(161,275]",0
6822,82,7,3,False,0.2499727940238664,0.6760612420661715,"(0.1%,0.5%]","(-inf,161]",0
6823,464,1,7,False,0.5116389705826245,0.8244106880683351,>0.5%,"(386,inf]",7
6824,224,7,0,False,0.35392960625072334,1.3329986000984229,"(0.1%,0.5%]","(161,275]",0
6825,138,1,0,False,0.09388982953048508,0.6443236780165524,"(0.01%,0.1%]","(-inf,161]",0
6826,285,6,7,False,0.12084011424860608,1.6402356726569498,"(0.1%,0.5%]","(275,386]",0
6827,314,2,0,False,0.12319487537744865,0.12319487537744865,"(0.1%,0.5%]","(275,386]",0
6828,312,0,0,True,0.7067975759083883,0.0,>0.5%,"(275,386]",0
6829,417,2,0,False,0.5775611164393614,5.725542558474976,>0.5%,"(386,inf]",7
6830,151,3,0,False,0.6446148336689629,0.6446148336689629,>0.5%,"(-inf,161]",0
6831,120,0,0,True,0.16387357746199832,0.0,"(0.1%,0.5%]","(-inf,161]",0
6832,218,0,0,True,0.2045794722714552,0.0,"(0.1%,0.5%]","(161,275]",0
6833,391,0,0,True,1.1907942540354932,0.0,>0.5%,"(386,inf]",7
6834,208,0,0,True,0.360613341531439,0.0,"(0.1%,0.5%]","(161,275]",0
6835,148,6,0,False,0.29210948457690933,0.29210948457690933,"(0.1%,0.5%]","(-inf,161]",0
6836,103,0,3,False,0.23784730655354194,0.46907712863044776,"(0.1%,0.5%]","(-inf,161]",0
6837,481,7,7,True,0.2942709336046789,0.0,"(0.1%,0.5%]","(386,inf]",7
6838,338,2,7,False,0.647574804650115,0.9203093517807216,>0.5%,"(275,386]",0
6839,119,4,0,False,0.26946212452138857,0.7257451213391217,"(0.1%,0.5%]","(-inf,161]",0
6840,427,0,0,True,1.7241746828693523,0.0,>0.5%,"(386,inf]",7
6841,55,3,3,True,9.680969095045048e-06,0.0,"(0,0.01%]","(-inf,161]",0
6842,75,2,3,False,0.0,3.3912955575946382e-06,=0,"(-inf,161]",0
6843,366,2,6,False,0.2602480645908421,0.5253734869546606,"(0.1%,0.5%]","(275,386]",0
6844,296,7,0,False,0.6219851347464316,1.666540407329356,>0.5%,"(275,386]",0
6845,79,3,3,True,0.10917751622523027,0.0,"(0.1%,0.5%]","(-inf,161]",0
6846,233,4,0,False,0.13255866210672335,0.13255866210672335,"(0.1%,0.5%]","(161,275]",0
6847,185,4,0,False,0.05232081995139724,1.64257543940349,"(0.01%,0.1%]","(161,275]",0
6848,436,6,0,False,0.5687058865482084,0.5687058865482084,>0.5%,"(386,inf]",7
6849,188,0,0,True,0.1767963942974306,0.0,"(0.1%,0.5%]","(161,275]",0
6850,304,6,7,False,0.21995349137634784,0.9705225870228138,"(0.1%,0.5%]","(275,386]",0
6851,390,4,7,False,0.3389528349577125,0.6465061604604934,"(0.1%,0.5%]","(386,inf]",7
6852,315,7,7,True,0.927730563952308,0.0,>0.5%,"(275,386]",0
6853,258,2,7,False,0.061144348975536195,0.061144348975536195,"(0.01%,0.1%]","(161,275]",0
6854,197,7,0,False,0.21863798864255815,0.2218490359524321,"(0.1%,0.5%]","(161,275]",0
6855,273,7,7,True,0.1189743581696017,0.0,"(0.1%,0.5%]","(161,275]",0
6856,125,3,0,False,0.08625463292393444,0.26795405369310765,"(0.01%,0.1%]","(-inf,161]",0
6857,63,4,3,False,0.16615403461714534,0.43872328470392796,"(0.1%,0.5%]","(-inf,161]",0
6858,281,0,0,True,0.8955116736416061,0.0,>0.5%,"(275,386]",0
6859,148,3,3,True,0.28899022081035924,0.0,"(0.1%,0.5%]","(-inf,161]",0
6860,70,0,3,False,0.04963469734054074,0.5565780240482482,"(0.01%,0.1%]","(-inf,161]",0
6861,390,4,7,False,0.33477595961514306,2.347603493781827,"(0.1%,0.5%]","(386,inf]",7
6862,437,2,7,False,0.625571983540424,1.8336587472809176,>0.5%,"(386,inf]",7
6863,130,3,0,False,0.1585427644519154,4.174582610961955,"(0.1%,0.5%]","(-inf,161]",0
6864,276,0,0,True,0.3465740317020868,0.0,"(0.1%,0.5%]","(275,386]",0
6865,313,6,7,False,0.31851078011775774,2.236877360722306,"(0.1%,0.5%]","(275,386]",0
6866,209,0,0,True,0.9897490404949706,0.0,>0.5%,"(161,275]",0
6867,139,0,0,True,0.048318038945351284,0.0,"(0.01%,0.1%]","(-inf,161]",0
6868,95,0,3,False,0.0,0.3539365482207085,=0,"(-inf,161]",0
6869,152,3,2,False,0.8102769658556812,1.4986878196071067,>0.5%,"(-inf,161]",0
6870,149,2,0,False,0.017638272029864146,0.017638272029864146,"(0.01%,0.1%]","(-inf,161]",0
6871,135,0,0,True,0.09853632665224356,0.0,"(0.01%,0.1%]","(-inf,161]",0
6872,498,0,0,True,0.3581234332099797,0.0,"(0.1%,0.5%]","(386,inf]",7
6873,273,2,0,False,0.5325861741338002,1.0334593204836766,>0.5%,"(161,275]",0
6874,412,0,0,True,1.4213672567375881,0.0,>0.5%,"(386,inf]",7
6875,118,4,0,False,0.20796327579387824,1.7121124048509038,"(0.1%,0.5%]","(-inf,161]",0
6876,380,0,0,True,0.2776043437039741,0.0,"(0.1%,0.5%]","(275,386]",0
6877,204,6,0,False,0.24611999864773793,0.4976477151480853,"(0.1%,0.5%]","(161,275]",0
6878,160,4,0,False,0.030002633557710334,0.030002633557710334,"(0.01%,0.1%]","(-inf,161]",0
6879,489,0,0,True,0.9815189902470304,0.0,>0.5%,"(386,inf]",7
6880,261,1,0,False,0.2824088261029762,1.334065139139202,"(0.1%,0.5%]","(161,275]",0
6881,125,3,0,False,0.09644826746647239,0.6381780558556499,"(0.01%,0.1%]","(-inf,161]",0
6882,455,4,0,False,0.08499049631802975,0.21261715043307405,"(0.01%,0.1%]","(386,inf]",7
6883,189,3,0,False,0.04568531325030478,0.823673448716092,"(0.01%,0.1%]","(161,275]",0
6884,267,0,0,True,0.24667953268703363,0.0,"(0.1%,0.5%]","(161,275]",0
6885,161,7,0,False,0.2014793070409628,0.2014793070409628,"(0.1%,0.5%]","(-inf,161]",0
6886,89,3,3,True,0.165146259543184,0.0,"(0.1%,0.5%]","(-inf,161]",0
6887,120,0,0,True,0.1317116147148111,0.0,"(0.1%,0.5%]","(-inf,161]",0
6888,89,3,3,True,0.5305805477751385,0.0,>0.5%,"(-inf,161]",0
6889,488,2,7,False,0.1566519136497261,0.1566519136497261,"(0.1%,0.5%]","(386,inf]",7
6890,355,4,0,False,0.17620029367888487,2.315643677886894,"(0.1%,0.5%]","(275,386]",0
6891,217,6,7,False,0.2482564390114126,1.0083257148803322,"(0.1%,0.5%]","(161,275]",0
6892,365,2,7,False,0.18136263162664495,0.18136263162664495,"(0.1%,0.5%]","(275,386]",0
6893,54,0,3,False,3.742412403270542e-06,0.020371118843641033,"(0,0.01%]","(-inf,161]",0
6894,126,2,0,False,0.44707964027159025,1.4656722954428112,"(0.1%,0.5%]","(-inf,161]",0
6895,192,2,6,False,0.025881333396514796,0.323865839625816,"(0.01%,0.1%]","(161,275]",0
6896,469,6,7,False,0.36053025472911504,0.36053025472911504,"(0.1%,0.5%]","(386,inf]",7
6897,293,0,0,True,0.4281069198273856,0.0,"(0.1%,0.5%]","(275,386]",0
6898,445,2,7,False,0.8992543218242509,1.3007656539960877,>0.5%,"(386,inf]",7
6899,129,0,0,True,0.10472809907258356,0.0,"(0.1%,0.5%]","(-inf,161]",0
6900,210,4,0,False,0.9667466137644982,3.930790122079579,>0.5%,"(161,275]",0
6901,470,6,0,False,0.18636859701893568,0.3029665378791631,"(0.1%,0.5%]","(386,inf]",7
6902,488,0,0,True,0.8337418391400978,0.0,>0.5%,"(386,inf]",7
6903,162,7,0,False,0.07864710865537575,0.07864710865537575,"(0.01%,0.1%]","(161,275]",0
6904,433,7,7,True,0.135312498920478,0.0,"(0.1%,0.5%]","(386,inf]",7
6905,424,2,7,False,0.31696482844806784,0.49224883265903735,"(0.1%,0.5%]","(386,inf]",7
6906,115,0,0,True,0.30922963214556876,0.0,"(0.1%,0.5%]","(-inf,161]",0
6907,193,0,0,True,0.009811961072818946,0.0,"(0,0.01%]","(161,275]",0
6908,303,0,0,True,0.6371760279757929,0.0,>0.5%,"(275,386]",0
6909,318,4,0,False,0.43712766295549105,0.43712766295549105,"(0.1%,0.5%]","(275,386]",0
6910,204,3,0,False,2.022112983878067,2.342600091513889,>0.5%,"(161,275]",0
6911,92,0,3,False,0.6995838719786458,0.969820615382748,>0.5%,"(-inf,161]",0
6912,408,4,0,False,0.13556459197032447,0.3555314961195827,"(0.1%,0.5%]","(386,inf]",7
6913,111,2,3,False,0.020399693150100047,0.020399693150100047,"(0.01%,0.1%]","(-inf,161]",0
6914,442,0,0,True,2.095800520359579,0.0,>0.5%,"(386,inf]",7
6915,272,4,0,False,0.4546877352843619,1.870174406723058,"(0.1%,0.5%]","(161,275]",0
6916,339,2,7,False,0.8828592437012552,0.8828592437012552,>0.5%,"(275,386]",0
6917,378,2,7,False,1.3591853851896014,2.8447472597840116,>0.5%,"(275,386]",0
6918,394,1,7,False,0.31465819275461043,1.1349746567845411,"(0.1%,0.5%]","(386,inf]",7
6919,148,6,7,False,0.24582720549477893,1.5684514872184585,"(0.1%,0.5%]","(-inf,161]",0
6920,387,4,0,False,0.14022627062381163,0.14022627062381163,"(0.1%,0.5%]","(386,inf]",7
6921,181,0,0,True,0.043376781178431134,0.0,"(0.01%,0.1%]","(161,275]",0
6922,128,7,3,False,0.1140473499091981,0.5660500158759354,"(0.1%,0.5%]","(-inf,161]",0
6923,119,0,0,True,0.46705575115775827,0.0,"(0.1%,0.5%]","(-inf,161]",0
6924,178,4,0,False,0.3259277296757289,0.3259277296757289,"(0.1%,0.5%]","(161,275]",0
6925,50,0,3,False,0.1548549254348502,0.628633337491597,"(0.1%,0.5%]","(-inf,161]",0
6926,181,0,0,True,0.8547567905783444,0.0,>0.5%,"(161,275]",0
6927,137,0,0,True,0.18881188319351933,0.0,"(0.1%,0.5%]","(-inf,161]",0
6928,432,4,0,False,0.19213594616455745,3.268740926364281,"(0.1%,0.5%]","(386,inf]",7
6929,456,2,7,False,0.14989706926530616,0.14989706926530616,"(0.1%,0.5%]","(386,inf]",7
6930,69,6,3,False,0.07644952168676321,0.48279172064855425,"(0.01%,0.1%]","(-inf,161]",0
6931,90,0,3,False,0.08130410738788764,0.08130410738788764,"(0.01%,0.1%]","(-inf,161]",0
6932,494,4,0,False,0.9142021321370094,1.0773332425234243,>0.5%,"(386,inf]",7
6933,103,3,3,True,0.13308054255288918,0.0,"(0.1%,0.5%]","(-inf,161]",0
6934,356,7,7,True,0.19267231538730675,0.0,"(0.1%,0.5%]","(275,386]",0
6935,58,1,3,False,2.4762839813022674e-14,0.04187413559470783,"(0,0.01%]","(-inf,161]",0
6936,246,4,0,False,0.3321266335014115,0.3321266335014115,"(0.1%,0.5%]","(161,275]",0
6937,421,6,0,False,0.3354448548223625,0.3354448548223625,"(0.1%,0.5%]","(386,inf]",7
6938,171,4,0,False,0.03907266726091815,0.3138176106453819,"(0.01%,0.1%]","(161,275]",0
6939,442,2,7,False,0.35983112570609393,0.35983112570609393,"(0.1%,0.5%]","(386,inf]",7
6940,418,4,0,False,0.7033223484844511,0.7033223484844511,>0.5%,"(386,inf]",7
6941,311,7,7,True,1.491364277808987,0.0,>0.5%,"(275,386]",0
6942,477,7,0,False,0.11240417460777591,1.0094592712275232,"(0.1%,0.5%]","(386,inf]",7
6943,367,7,7,True,1.4627828647969772,0.0,>0.5%,"(275,386]",0
6944,124,3,3,True,2.8388569196918736,0.0,>0.5%,"(-inf,161]",0
6945,87,3,3,True,8.776251743621815e-06,0.0,"(0,0.01%]","(-inf,161]",0
6946,467,0,0,True,0.3650319132277128,0.0,"(0.1%,0.5%]","(386,inf]",7
6947,388,0,0,True,0.13141898739749672,0.0,"(0.1%,0.5%]","(386,inf]",7
6948,479,0,0,True,0.12607964550750264,0.0,"(0.1%,0.5%]","(386,inf]",7
6949,172,6,0,False,0.5261764440778923,6.362514536570885,>0.5%,"(161,275]",0
6950,339,0,0,True,0.23892773500371695,0.0,"(0.1%,0.5%]","(275,386]",0
6951,231,0,0,True,1.0256901804084806,0.0,>0.5%,"(161,275]",0
6952,142,3,0,False,0.4028988663652016,0.9718423752338423,"(0.1%,0.5%]","(-inf,161]",0
6953,128,4,0,False,0.2534893354535743,0.48685546141027547,"(0.1%,0.5%]","(-inf,161]",0
6954,345,0,0,True,0.5394986080261005,0.0,>0.5%,"(275,386]",0
6955,439,0,0,True,0.37658608741914124,0.0,"(0.1%,0.5%]","(386,inf]",7
6956,464,0,0,True,0.7019699163060023,0.0,>0.5%,"(386,inf]",7
6957,131,4,0,False,0.3499028841302282,0.9580991456789417,"(0.1%,0.5%]","(-inf,161]",0
6958,265,2,0,False,0.09426061746416933,0.2938819282108833,"(0.01%,0.1%]","(161,275]",0
6959,413,4,0,False,0.5255522451477797,0.5255522451477797,>0.5%,"(386,inf]",7
6960,419,6,0,False,0.2821048742187094,0.7058818389046341,"(0.1%,0.5%]","(386,inf]",7
6961,237,0,0,True,0.6667332144613527,0.0,>0.5%,"(161,275]",0
6962,229,6,0,False,0.25579986505628327,1.580978372117152,"(0.1%,0.5%]","(161,275]",0
6963,199,1,6,False,0.003698877159995973,0.9749963258774943,"(0,0.01%]","(161,275]",0
6964,433,2,7,False,0.023453618725109412,0.023453618725109412,"(0.01%,0.1%]","(386,inf]",7
6965,120,0,0,True,0.06389999963251863,0.0,"(0.01%,0.1%]","(-inf,161]",0
6966,134,1,3,False,0.18374512981034213,0.18374512981034213,"(0.1%,0.5%]","(-inf,161]",0
6967,224,0,0,True,0.6134547199299119,0.0,>0.5%,"(161,275]",0
6968,138,2,0,False,0.005087309319963402,0.005087309319963402,"(0,0.01%]","(-inf,161]",0
6969,370,7,7,True,1.0448371305101452,0.0,>0.5%,"(275,386]",0
6970,257,0,0,True,0.42972255448259766,0.0,"(0.1%,0.5%]","(161,275]",0
6971,419,0,0,True,0.3491072214364227,0.0,"(0.1%,0.5%]","(386,inf]",7
6972,123,3,0,False,0.022280723694569852,2.146463818473204,"(0.01%,0.1%]","(-inf,161]",0
6973,58,0,3,False,0.0012901592298394477,0.27845264752769205,"(0,0.01%]","(-inf,161]",0
6974,399,6,7,False,0.056497894636160395,0.4216366065386516,"(0.01%,0.1%]","(386,inf]",7
6975,287,2,0,False,0.6456906144448848,1.9512850580107006,>0.5%,"(275,386]",0
6976,275,0,0,True,0.23180546269556881,0.0,"(0.1%,0.5%]","(161,275]",0
6977,340,2,2,True,1.2304736512424168,0.0,>0.5%,"(275,386]",0
6978,126,0,3,False,0.05807283674230415,0.05807283674230415,"(0.01%,0.1%]","(-inf,161]",0
6979,120,7,3,False,0.1553882027503449,1.334299767168681,"(0.1%,0.5%]","(-inf,161]",0
6980,263,2,7,False,0.9410874556904201,2.1875993081474,>0.5%,"(161,275]",0
6981,173,4,7,False,0.4301906387513067,2.8432506623500142,"(0.1%,0.5%]","(161,275]",0
6982,424,4,0,False,0.1256519444814028,1.7629374439416514,"(0.1%,0.5%]","(386,inf]",7
6983,393,2,7,False,0.07439441997097047,0.07439441997097047,"(0.01%,0.1%]","(386,inf]",7
6984,291,2,7,False,1.548469086013298,1.548469086013298,>0.5%,"(275,386]",0
6985,491,0,0,True,1.3767804017021494,0.0,>0.5%,"(386,inf]",7
6986,243,7,7,True,0.17315975290965,0.0,"(0.1%,0.5%]","(161,275]",0
6987,164,0,2,False,0.47041227320816653,1.4118055186130098,"(0.1%,0.5%]","(161,275]",0
6988,126,3,0,False,0.35596967862687645,0.6236988301501633,"(0.1%,0.5%]","(-inf,161]",0
6989,368,4,0,False,0.392243528936663,0.6066182550453473,"(0.1%,0.5%]","(275,386]",0
6990,78,3,3,True,1.100199643070925,0.0,>0.5%,"(-inf,161]",0
6991,150,4,0,False,0.09685688601123506,0.09685688601123506,"(0.01%,0.1%]","(-inf,161]",0
6992,375,7,7,True,1.404955352114449,0.0,>0.5%,"(275,386]",0
6993,245,2,0,False,0.40676938766224335,0.40676938766224335,"(0.1%,0.5%]","(161,275]",0
6994,75,3,3,True,0.1182740103168527,0.0,"(0.1%,0.5%]","(-inf,161]",0
6995,74,0,3,False,0.0,0.0,=0,"(-inf,161]",0
6996,456,0,0,True,0.12137839789252526,0.0,"(0.1%,0.5%]","(386,inf]",7
6997,447,7,0,False,0.621239254120097,0.621239254120097,>0.5%,"(386,inf]",7
6998,205,1,0,False,0.047644717134368915,0.8429109653870704,"(0.01%,0.1%]","(161,275]",0
6999,447,4,2,False,0.0025301747860433208,0.8720721279628805,"(0,0.01%]","(386,inf]",7
7000,234,1,0,False,0.4349767382363312,3.0483360094486582,"(0.1%,0.5%]","(161,275]",0
7001,283,6,0,False,0.011955419045133718,1.4800097130898575,"(0.01%,0.1%]","(275,386]",0
7002,499,0,0,True,0.057588017832374744,0.0,"(0.01%,0.1%]","(386,inf]",7
7003,436,4,0,False,0.006511645353510851,0.006511645353510851,"(0,0.01%]","(386,inf]",7
7004,180,0,0,True,0.45676754668383773,0.0,"(0.1%,0.5%]","(161,275]",0
7005,143,2,0,False,0.2075045681034144,1.438423754967289,"(0.1%,0.5%]","(-inf,161]",0
7006,452,2,0,False,0.24707795725061138,0.5265257257673374,"(0.1%,0.5%]","(386,inf]",7
7007,453,0,0,True,0.35519973214769296,0.0,"(0.1%,0.5%]","(386,inf]",7
7008,178,0,0,True,0.43400757032364645,0.0,"(0.1%,0.5%]","(161,275]",0
7009,277,1,0,False,0.31608176133005234,1.1129567417129056,"(0.1%,0.5%]","(275,386]",0
7010,194,2,2,True,0.9880380827174777,0.0,>0.5%,"(161,275]",0
7011,366,6,7,False,0.23219531682810357,1.8860599979006374,"(0.1%,0.5%]","(275,386]",0
7012,288,0,0,True,1.0425528060171878,0.0,>0.5%,"(275,386]",0
7013,86,3,3,True,4.892587876728045e-06,0.0,"(0,0.01%]","(-inf,161]",0
7014,410,7,7,True,1.297370009069277,0.0,>0.5%,"(386,inf]",7
7015,484,7,0,False,0.0038841634481598104,0.0426720579794358,"(0,0.01%]","(386,inf]",7
7016,137,6,0,False,0.32621191639855623,0.32621191639855623,"(0.1%,0.5%]","(-inf,161]",0
7017,231,7,0,False,0.21696059119176128,2.958806568126427,"(0.1%,0.5%]","(161,275]",0
7018,227,0,0,True,0.8314094171263112,0.0,>0.5%,"(161,275]",0
7019,94,0,3,False,0.04313744252338831,0.24338812138820196,"(0.01%,0.1%]","(-inf,161]",0
7020,381,6,7,False,0.688840888600099,1.219107077273739,>0.5%,"(275,386]",0
7021,415,0,7,False,0.2151882437379916,0.6675509038732104,"(0.1%,0.5%]","(386,inf]",7
7022,287,1,2,False,0.12242555846920043,0.12242555846920043,"(0.1%,0.5%]","(275,386]",0
7023,172,6,2,False,0.0509045501561759,0.0509045501561759,"(0.01%,0.1%]","(161,275]",0
7024,107,4,0,False,0.05802705273846487,0.0953459633162205,"(0.01%,0.1%]","(-inf,161]",0
7025,295,0,0,True,0.4262140524286009,0.0,"(0.1%,0.5%]","(275,386]",0
7026,306,4,0,False,0.2950928781596337,0.2950928781596337,"(0.1%,0.5%]","(275,386]",0
7027,393,7,0,False,0.21706758727997547,3.677331860664559,"(0.1%,0.5%]","(386,inf]",7
7028,439,0,0,True,0.005971845198338931,0.0,"(0,0.01%]","(386,inf]",7
7029,331,0,0,True,0.6426790812548347,0.0,>0.5%,"(275,386]",0
7030,461,0,0,True,0.284410191646328,0.0,"(0.1%,0.5%]","(386,inf]",7
7031,130,3,3,True,0.01934987594716848,0.0,"(0.01%,0.1%]","(-inf,161]",0
7032,71,3,3,True,7.557664228239627e-06,0.0,"(0,0.01%]","(-inf,161]",0
7033,170,4,2,False,0.16871344650059003,0.2925417863016481,"(0.1%,0.5%]","(161,275]",0
7034,486,7,7,True,0.8982983237930389,0.0,>0.5%,"(386,inf]",7
7035,261,2,0,False,0.2419675071212708,2.79452494015977,"(0.1%,0.5%]","(161,275]",0
7036,372,6,7,False,0.1402803912869317,0.1402803912869317,"(0.1%,0.5%]","(275,386]",0
7037,294,6,0,False,1.054047869283896,4.955420139347803,>0.5%,"(275,386]",0
7038,104,6,3,False,0.12456598621438371,0.12456598621438371,"(0.1%,0.5%]","(-inf,161]",0
7039,182,4,0,False,0.018009390307981762,0.018009390307981762,"(0.01%,0.1%]","(161,275]",0
7040,189,6,0,False,0.04992356165493342,0.8477145299310617,"(0.01%,0.1%]","(161,275]",0
7041,497,7,7,True,0.48630104145900516,0.0,"(0.1%,0.5%]","(386,inf]",7
7042,126,0,0,True,0.2591887762633582,0.0,"(0.1%,0.5%]","(-inf,161]",0
7043,114,3,3,True,0.2537848753569566,0.0,"(0.1%,0.5%]","(-inf,161]",0
7044,388,0,7,False,0.12670002845740408,0.12670002845740408,"(0.1%,0.5%]","(386,inf]",7
7045,345,0,0,True,0.36435852821249476,0.0,"(0.1%,0.5%]","(275,386]",0
7046,284,0,0,True,0.7399849393896499,0.0,>0.5%,"(275,386]",0
7047,352,2,7,False,0.8454298842104814,1.7715817038390191,>0.5%,"(275,386]",0
7048,101,2,3,False,0.33711807555355017,0.33711807555355017,"(0.1%,0.5%]","(-inf,161]",0
7049,206,4,0,False,1.8428581137880766,1.8428581137880766,>0.5%,"(161,275]",0
7050,412,4,7,False,0.579657519403871,3.609573986810906,>0.5%,"(386,inf]",7
7051,454,0,0,True,0.20686947682339685,0.0,"(0.1%,0.5%]","(386,inf]",7
7052,191,2,2,True,0.2706114042549625,0.0,"(0.1%,0.5%]","(161,275]",0
7053,209,4,0,False,0.17575333874798235,0.17575333874798235,"(0.1%,0.5%]","(161,275]",0
7054,377,7,7,True,0.3956919650737422,0.0,"(0.1%,0.5%]","(275,386]",0
7055,373,6,0,False,0.06745741862970173,4.242254004560583,"(0.01%,0.1%]","(275,386]",0
7056,422,0,2,False,0.08487111652143843,0.27004862324317164,"(0.01%,0.1%]","(386,inf]",7
7057,394,7,7,True,1.0405205012718743,0.0,>0.5%,"(386,inf]",7
7058,464,7,7,True,0.28828907268161813,0.0,"(0.1%,0.5%]","(386,inf]",7
7059,304,7,7,True,0.08986125600239102,0.0,"(0.01%,0.1%]","(275,386]",0
7060,104,0,3,False,0.2391305696852275,0.2391305696852275,"(0.1%,0.5%]","(-inf,161]",0
7061,60,1,3,False,3.7601185233253244e-06,3.7601185233253244e-06,"(0,0.01%]","(-inf,161]",0
7062,236,0,0,True,0.9906504933093012,0.0,>0.5%,"(161,275]",0
7063,299,2,2,True,0.1512862061358812,0.0,"(0.1%,0.5%]","(275,386]",0
7064,489,0,0,True,0.29615662958472966,0.0,"(0.1%,0.5%]","(386,inf]",7
7065,234,4,0,False,0.3538514078224247,0.6024996279885522,"(0.1%,0.5%]","(161,275]",0
7066,429,0,0,True,0.6660064500986658,0.0,>0.5%,"(386,inf]",7
7067,136,0,0,True,0.4176011478674725,0.0,"(0.1%,0.5%]","(-inf,161]",0
7068,395,0,0,True,0.3068650600302337,0.0,"(0.1%,0.5%]","(386,inf]",7
7069,264,0,0,True,0.8869056965226703,0.0,>0.5%,"(161,275]",0
7070,256,0,0,True,0.08404650671578842,0.0,"(0.01%,0.1%]","(161,275]",0
7071,247,4,0,False,0.5973289529901559,0.5973289529901559,>0.5%,"(161,275]",0
7072,65,6,3,False,0.00982305423384839,0.4046526100170973,"(0,0.01%]","(-inf,161]",0
7073,371,6,7,False,0.640239212233583,0.640239212233583,>0.5%,"(275,386]",0
7074,463,4,0,False,0.4024282096397585,0.7278541241373557,"(0.1%,0.5%]","(386,inf]",7
7075,82,3,3,True,0.09480269309851158,0.0,"(0.01%,0.1%]","(-inf,161]",0
7076,78,3,3,True,0.010346838459533991,0.0,"(0.01%,0.1%]","(-inf,161]",0
7077,218,4,0,False,1.2886756124242857,2.1453441934106112,>0.5%,"(161,275]",0
7078,485,7,7,True,1.7959963430389703,0.0,>0.5%,"(386,inf]",7
7079,65,3,3,True,0.1509345005628924,0.0,"(0.1%,0.5%]","(-inf,161]",0
7080,294,0,0,True,0.5997599715323657,0.0,>0.5%,"(275,386]",0
7081,497,1,0,False,0.3583851606267798,0.5163275324420907,"(0.1%,0.5%]","(386,inf]",7
7082,377,0,0,True,0.3317573682696396,0.0,"(0.1%,0.5%]","(275,386]",0
7083,124,7,0,False,0.13590828076705397,2.0349119586649556,"(0.1%,0.5%]","(-inf,161]",0
7084,468,0,0,True,0.10302697125649583,0.0,"(0.1%,0.5%]","(386,inf]",7
7085,96,3,3,True,0.06451995308699797,0.0,"(0.01%,0.1%]","(-inf,161]",0
7086,314,7,0,False,0.5791233111348669,0.5791233111348669,>0.5%,"(275,386]",0
7087,247,0,0,True,0.1665933481407859,0.0,"(0.1%,0.5%]","(161,275]",0
7088,151,6,0,False,0.09304050762675557,0.11087840718759451,"(0.01%,0.1%]","(-inf,161]",0
7089,55,0,3,False,0.020407421088049157,0.020407421088049157,"(0.01%,0.1%]","(-inf,161]",0
7090,424,4,0,False,0.231356730204314,0.231356730204314,"(0.1%,0.5%]","(386,inf]",7
7091,148,0,0,True,0.1241274998104017,0.0,"(0.1%,0.5%]","(-inf,161]",0
7092,297,4,0,False,0.36384036247831475,0.9097649559094081,"(0.1%,0.5%]","(275,386]",0
7093,400,2,7,False,0.6342896907930466,0.6342896907930466,>0.5%,"(386,inf]",7
7094,158,3,0,False,0.06921539075076548,0.2890394823321879,"(0.01%,0.1%]","(-inf,161]",0
7095,67,2,3,False,0.09948291154121694,0.09948291154121694,"(0.01%,0.1%]","(-inf,161]",0
7096,315,4,0,False,0.5630594751671324,0.5630594751671324,>0.5%,"(275,386]",0
7097,200,0,0,True,0.21498159607411374,0.0,"(0.1%,0.5%]","(161,275]",0
7098,300,0,6,False,0.4933750438642445,0.7540859149964037,"(0.1%,0.5%]","(275,386]",0
7099,324,7,7,True,0.098038323761516,0.0,"(0.01%,0.1%]","(275,386]",0
7100,253,5,0,False,0.3161937055787728,6.571061219519332,"(0.1%,0.5%]","(161,275]",0
7101,426,4,7,False,0.5861998248509755,1.1317762517395324,>0.5%,"(386,inf]",7
7102,145,2,0,False,0.05883582619661722,0.05883582619661722,"(0.01%,0.1%]","(-inf,161]",0
7103,442,0,7,False,0.617030669269183,1.2812235510722831,>0.5%,"(386,inf]",7
7104,135,0,0,True,0.0009209401530111367,0.0,"(0,0.01%]","(-inf,161]",0
7105,193,0,0,True,0.28060213100128795,0.0,"(0.1%,0.5%]","(161,275]",0
7106,446,6,7,False,0.32381725100805814,0.36191257890874334,"(0.1%,0.5%]","(386,inf]",7
7107,404,7,0,False,0.9720882797945115,0.9720882797945115,>0.5%,"(386,inf]",7
7108,87,3,3,True,0.03618021250192089,0.0,"(0.01%,0.1%]","(-inf,161]",0
7109,356,0,0,True,0.7035456455940279,0.0,>0.5%,"(275,386]",0
7110,67,3,3,True,0.029702322855320214,0.0,"(0.01%,0.1%]","(-inf,161]",0
7111,434,7,7,True,0.9533618111275255,0.0,>0.5%,"(386,inf]",7
7112,72,3,3,True,0.3348056455964404,0.0,"(0.1%,0.5%]","(-inf,161]",0
7113,302,2,0,False,0.19552618634147145,4.434298180572446,"(0.1%,0.5%]","(275,386]",0
7114,330,4,7,False,0.4365283982597256,1.083827000250017,"(0.1%,0.5%]","(275,386]",0
7115,499,0,0,True,0.08713506767391858,0.0,"(0.01%,0.1%]","(386,inf]",7
7116,478,2,0,False,0.22398225381856227,0.6371585733224269,"(0.1%,0.5%]","(386,inf]",7
7117,280,2,0,False,0.03742547977087577,0.763079345295602,"(0.01%,0.1%]","(275,386]",0
7118,60,7,3,False,0.03616160640227345,0.03616160640227345,"(0.01%,0.1%]","(-inf,161]",0
7119,169,4,0,False,0.28230702854953416,0.7817450836816207,"(0.1%,0.5%]","(161,275]",0
7120,329,1,0,False,0.3754507756837712,1.0821697845634737,"(0.1%,0.5%]","(275,386]",0
7121,376,0,0,True,0.8319391458297534,0.0,>0.5%,"(275,386]",0
7122,459,2,0,False,0.8921813494066689,3.1909677826193272,>0.5%,"(386,inf]",7
7123,444,4,7,False,0.2780740254426027,2.6548596516004697,"(0.1%,0.5%]","(386,inf]",7
7124,452,7,0,False,0.5570681085160981,1.4381940215058635,>0.5%,"(386,inf]",7
7125,415,0,7,False,0.8875861764577753,3.3937064733442783,>0.5%,"(386,inf]",7
7126,302,0,0,True,0.012478536089863317,0.0,"(0.01%,0.1%]","(275,386]",0
7127,343,6,7,False,0.9863713420237383,1.4435328947047217,>0.5%,"(275,386]",0
7128,353,0,0,True,0.9435269245026181,0.0,>0.5%,"(275,386]",0
7129,407,6,7,False,0.5362975252263912,0.6151176424841825,>0.5%,"(386,inf]",7
7130,278,0,0,True,0.35418009502410935,0.0,"(0.1%,0.5%]","(275,386]",0
7131,99,6,2,False,0.31252834264620305,0.3802936697845679,"(0.1%,0.5%]","(-inf,161]",0
7132,60,3,3,True,0.0878289645064093,0.0,"(0.01%,0.1%]","(-inf,161]",0
7133,58,3,3,True,5.3834301322618505e-06,0.0,"(0,0.01%]","(-inf,161]",0
7134,208,1,0,False,0.041977671602989895,1.8640982773543862,"(0.01%,0.1%]","(161,275]",0
7135,81,4,3,False,0.11331631965269444,0.29534698560293815,"(0.1%,0.5%]","(-inf,161]",0
7136,171,4,2,False,0.17736614126617187,1.3300972546890268,"(0.1%,0.5%]","(161,275]",0
7137,86,3,3,True,0.16768673256059874,0.0,"(0.1%,0.5%]","(-inf,161]",0
7138,84,3,3,True,0.01704803130629286,0.0,"(0.01%,0.1%]","(-inf,161]",0
7139,347,0,7,False,0.10563261206831458,1.0107900633982427,"(0.1%,0.5%]","(275,386]",0
7140,177,7,0,False,1.0641336567368103,2.7189640401418775,>0.5%,"(161,275]",0
7141,499,2,0,False,0.38726271653526856,0.420262780962032,"(0.1%,0.5%]","(386,inf]",7
7142,138,3,3,True,0.480161328898505,0.0,"(0.1%,0.5%]","(-inf,161]",0
7143,448,0,0,True,0.026080243192744334,0.0,"(0.01%,0.1%]","(386,inf]",7
7144,484,0,7,False,0.2982682812500051,1.073821058128183,"(0.1%,0.5%]","(386,inf]",7
7145,235,0,0,True,1.0695815886963582,0.0,>0.5%,"(161,275]",0
7146,425,0,0,True,0.28252520692415445,0.0,"(0.1%,0.5%]","(386,inf]",7
7147,402,2,2,True,0.1935976534277574,0.0,"(0.1%,0.5%]","(386,inf]",7
7148,249,2,0,False,1.2135313582556726,1.47901076891852,>0.5%,"(161,275]",0
7149,492,7,7,True,0.446775319891245,0.0,"(0.1%,0.5%]","(386,inf]",7
7150,379,0,0,True,0.022891479485012082,0.0,"(0.01%,0.1%]","(275,386]",0
7151,309,4,0,False,0.21794333200163837,0.21794333200163837,"(0.1%,0.5%]","(275,386]",0
7152,379,0,0,True,0.22581703267526995,0.0,"(0.1%,0.5%]","(275,386]",0
7153,459,2,7,False,0.33848927485726604,0.33848927485726604,"(0.1%,0.5%]","(386,inf]",7
7154,429,2,7,False,0.1628660811813474,0.1628660811813474,"(0.1%,0.5%]","(386,inf]",7
7155,382,0,0,True,0.923386141280722,0.0,>0.5%,"(275,386]",0
7156,342,0,0,True,0.5119322030359594,0.0,>0.5%,"(275,386]",0
7157,338,2,2,True,0.11213391916435198,0.0,"(0.1%,0.5%]","(275,386]",0
7158,217,2,0,False,0.024885496455908734,3.111310375385959,"(0.01%,0.1%]","(161,275]",0
7159,97,7,3,False,0.33582535781965567,0.4001926761025139,"(0.1%,0.5%]","(-inf,161]",0
7160,182,7,2,False,0.4019794387460506,0.4019794387460506,"(0.1%,0.5%]","(161,275]",0
7161,488,0,0,True,0.048436940840798005,0.0,"(0.01%,0.1%]","(386,inf]",7
7162,431,0,0,True,0.6993303251988334,0.0,>0.5%,"(386,inf]",7
7163,109,3,0,False,0.04718809153855378,25.279329564328606,"(0.01%,0.1%]","(-inf,161]",0
7164,397,2,7,False,0.3463338888405884,0.6300099204464884,"(0.1%,0.5%]","(386,inf]",7
7165,158,3,0,False,1.4933135470827152,1.8499249022578244,>0.5%,"(-inf,161]",0
7166,449,7,7,True,1.1028593937541824,0.0,>0.5%,"(386,inf]",7
7167,440,4,0,False,0.8094839354055466,0.8094839354055466,>0.5%,"(386,inf]",7
7168,472,2,0,False,0.4604210834786544,0.7647827608288497,"(0.1%,0.5%]","(386,inf]",7
7169,375,0,0,True,0.1983780967690304,0.0,"(0.1%,0.5%]","(275,386]",0
7170,76,3,3,True,0.21205211413264208,0.0,"(0.1%,0.5%]","(-inf,161]",0
7171,193,0,0,True,0.5839644417542227,0.0,>0.5%,"(161,275]",0
7172,380,7,7,True,0.42229159497910324,0.0,"(0.1%,0.5%]","(275,386]",0
7173,126,2,3,False,0.5452632042068157,0.5452632042068157,>0.5%,"(-inf,161]",0
7174,309,4,0,False,0.014657976661196757,0.014657976661196757,"(0.01%,0.1%]","(275,386]",0
7175,346,0,0,True,0.4145218661081508,0.0,"(0.1%,0.5%]","(275,386]",0
7176,431,2,7,False,0.10155521038404196,0.25702408267175747,"(0.1%,0.5%]","(386,inf]",7
7177,155,4,0,False,0.5764493122631044,0.5764493122631044,>0.5%,"(-inf,161]",0
7178,465,2,0,False,0.3151835778971533,5.344819885710657,"(0.1%,0.5%]","(386,inf]",7
7179,356,2,7,False,0.48620913458994797,0.48620913458994797,"(0.1%,0.5%]","(275,386]",0
7180,93,2,3,False,0.04388998650051468,0.43138294673533245,"(0.01%,0.1%]","(-inf,161]",0
7181,199,0,0,True,0.6510667981052479,0.0,>0.5%,"(161,275]",0
7182,314,0,0,True,0.5447157416493031,0.0,>0.5%,"(275,386]",0
7183,478,4,0,False,0.6830736048673395,0.8508568873514952,>0.5%,"(386,inf]",7
7184,219,2,0,False,0.36410906074724647,0.6581962864536881,"(0.1%,0.5%]","(161,275]",0
7185,259,2,0,False,0.8512159021759119,1.675442848196607,>0.5%,"(161,275]",0
7186,163,0,0,True,0.42840506338968243,0.0,"(0.1%,0.5%]","(161,275]",0
7187,457,0,0,True,1.4866335425177246,0.0,>0.5%,"(386,inf]",7
7188,381,7,7,True,0.07541708641775739,0.0,"(0.01%,0.1%]","(275,386]",0
7189,169,1,0,False,0.014825784308398923,0.9174384837322528,"(0.01%,0.1%]","(161,275]",0
7190,484,0,0,True,0.4180155799591335,0.0,"(0.1%,0.5%]","(386,inf]",7
7191,351,6,7,False,0.13274389917253285,1.0688114786226997,"(0.1%,0.5%]","(275,386]",0
7192,309,7,0,False,1.4374732811851467,5.110940657999068,>0.5%,"(275,386]",0
7193,241,4,0,False,0.035963598966136524,0.8933671904397036,"(0.01%,0.1%]","(161,275]",0
7194,80,2,3,False,0.2776873780431008,0.2776873780431008,"(0.1%,0.5%]","(-inf,161]",0
7195,465,0,0,True,0.3760517089089445,0.0,"(0.1%,0.5%]","(386,inf]",7
7196,238,1,0,False,0.2615444053510068,1.083034668485658,"(0.1%,0.5%]","(161,275]",0
7197,183,0,0,True,0.9553682069786671,0.0,>0.5%,"(161,275]",0
7198,99,4,0,False,0.18085809233578473,0.18085809233578473,"(0.1%,0.5%]","(-inf,161]",0
7199,150,3,0,False,0.11631290540740265,0.11631290540740265,"(0.1%,0.5%]","(-inf,161]",0
7200,290,7,7,True,0.5001642754661719,0.0,>0.5%,"(275,386]",0
7201,116,3,3,True,0.5156207242990725,0.0,>0.5%,"(-inf,161]",0
7202,208,0,0,True,0.7531494796590338,0.0,>0.5%,"(161,275]",0
7203,255,6,2,False,0.27272812536676094,1.0227211048568094,"(0.1%,0.5%]","(161,275]",0
7204,385,7,7,True,0.14873724994806573,0.0,"(0.1%,0.5%]","(275,386]",0
7205,267,0,0,True,0.9581502737483211,0.0,>0.5%,"(161,275]",0
7206,107,6,3,False,0.4782208502662145,0.4782208502662145,"(0.1%,0.5%]","(-inf,161]",0
7207,205,0,0,True,0.48691745198372094,0.0,"(0.1%,0.5%]","(161,275]",0
7208,154,3,2,False,0.13459826836062183,0.8731254403300588,"(0.1%,0.5%]","(-inf,161]",0
7209,210,6,7,False,0.5108449231467305,3.422507466149575,>0.5%,"(161,275]",0
7210,279,0,0,True,0.08562081058544288,0.0,"(0.01%,0.1%]","(275,386]",0
7211,259,7,2,False,1.9509748451257087,2.888126939728947,>0.5%,"(161,275]",0
7212,388,2,0,False,0.35729318238529645,1.9111503507492633,"(0.1%,0.5%]","(386,inf]",7
7213,247,4,0,False,0.35573152184865625,0.7485938913071711,"(0.1%,0.5%]","(161,275]",0
7214,415,2,7,False,0.9005754825087756,1.2896809017442197,>0.5%,"(386,inf]",7
7215,260,4,7,False,0.25246371524363537,3.6392496452495946,"(0.1%,0.5%]","(161,275]",0
7216,303,4,7,False,0.5657677487850619,0.5657677487850619,>0.5%,"(275,386]",0
7217,57,2,3,False,0.002876333119070489,0.0811873955294789,"(0,0.01%]","(-inf,161]",0
7218,439,0,0,True,0.36826418222566937,0.0,"(0.1%,0.5%]","(386,inf]",7
7219,129,0,0,True,0.3265530887244937,0.0,"(0.1%,0.5%]","(-inf,161]",0
7220,76,0,3,False,0.11797560721259998,2.2434266012182884,"(0.1%,0.5%]","(-inf,161]",0
7221,417,6,7,False,0.21417579157422048,0.21417579157422048,"(0.1%,0.5%]","(386,inf]",7
7222,318,7,7,True,1.286457266333112,0.0,>0.5%,"(275,386]",0
7223,463,0,0,True,0.28763430093879994,0.0,"(0.1%,0.5%]","(386,inf]",7
7224,362,6,7,False,0.09720156855212357,0.09720156855212357,"(0.01%,0.1%]","(275,386]",0
7225,278,4,0,False,0.23753812949850764,0.23753812949850764,"(0.1%,0.5%]","(275,386]",0
7226,479,7,7,True,0.2898557248431908,0.0,"(0.1%,0.5%]","(386,inf]",7
7227,108,7,3,False,0.03751481876272626,0.9697500479441984,"(0.01%,0.1%]","(-inf,161]",0
7228,293,4,7,False,0.7158384664269414,1.2110468893272235,>0.5%,"(275,386]",0
7229,306,7,7,True,0.03836180337094628,0.0,"(0.01%,0.1%]","(275,386]",0
7230,420,0,0,True,0.185343908555008,0.0,"(0.1%,0.5%]","(386,inf]",7
7231,347,4,0,False,0.07295285287378848,0.770075503128011,"(0.01%,0.1%]","(275,386]",0
7232,394,0,0,True,1.537393388757523,0.0,>0.5%,"(386,inf]",7
7233,169,2,0,False,0.030092730120707088,0.5315978569489518,"(0.01%,0.1%]","(161,275]",0
7234,344,7,7,True,0.08787829613363404,0.0,"(0.01%,0.1%]","(275,386]",0
7235,51,1,3,False,0.0,0.13797459285338623,=0,"(-inf,161]",0
7236,371,2,7,False,0.0025374962368559443,0.5088984857223898,"(0,0.01%]","(275,386]",0
7237,393,0,0,True,0.2567366836664137,0.0,"(0.1%,0.5%]","(386,inf]",7
7238,152,2,0,False,0.02167340370158182,2.140017826405792,"(0.01%,0.1%]","(-inf,161]",0
7239,328,2,0,False,0.5827029090988056,1.047575656006349,>0.5%,"(275,386]",0
7240,160,4,0,False,0.05375021776780316,0.05375021776780316,"(0.01%,0.1%]","(-inf,161]",0
7241,441,6,7,False,0.6772593111570346,0.6772593111570346,>0.5%,"(386,inf]",7
7242,480,2,7,False,0.12086107867670098,0.12086107867670098,"(0.1%,0.5%]","(386,inf]",7
7243,116,3,0,False,0.4696664538723645,9.955671815103031,"(0.1%,0.5%]","(-inf,161]",0
7244,304,0,0,True,0.3478308026722077,0.0,"(0.1%,0.5%]","(275,386]",0
7245,325,2,0,False,0.09913876526709074,0.09913876526709074,"(0.01%,0.1%]","(275,386]",0
7246,187,0,0,True,0.5613353167539179,0.0,>0.5%,"(161,275]",0
7247,318,4,7,False,1.3243579635414,1.3243579635414,>0.5%,"(275,386]",0
7248,466,7,7,True,0.1546470580097104,0.0,"(0.1%,0.5%]","(386,inf]",7
7249,411,0,0,True,0.5252316534559873,0.0,>0.5%,"(386,inf]",7
7250,471,7,7,True,0.3191505097064362,0.0,"(0.1%,0.5%]","(386,inf]",7
7251,464,2,0,False,0.7810397754064508,1.1980168747618376,>0.5%,"(386,inf]",7
7252,194,6,0,False,0.2313848541539622,1.153899529952028,"(0.1%,0.5%]","(161,275]",0
7253,76,3,3,True,5.736596274024745e-06,0.0,"(0,0.01%]","(-inf,161]",0
7254,439,0,7,False,0.33574827490548154,3.07855263199655,"(0.1%,0.5%]","(386,inf]",7
7255,490,0,7,False,0.1258244045668618,0.1258244045668618,"(0.1%,0.5%]","(386,inf]",7
7256,200,7,0,False,0.35642289387217285,0.35642289387217285,"(0.1%,0.5%]","(161,275]",0
7257,163,7,3,False,0.23959141918635773,0.44864314282560486,"(0.1%,0.5%]","(161,275]",0
7258,253,0,0,True,0.6550661280022072,0.0,>0.5%,"(161,275]",0
7259,286,0,0,True,1.1200647228533618,0.0,>0.5%,"(275,386]",0
7260,78,0,3,False,0.0020059562906789277,0.10142519306940546,"(0,0.01%]","(-inf,161]",0
7261,205,2,7,False,0.21719093201628786,0.3703582169417985,"(0.1%,0.5%]","(161,275]",0
7262,165,0,0,True,0.12154840458741992,0.0,"(0.1%,0.5%]","(161,275]",0
7263,304,0,0,True,0.26505743797414477,0.0,"(0.1%,0.5%]","(275,386]",0
7264,399,0,0,True,0.8963412363947156,0.0,>0.5%,"(386,inf]",7
7265,468,0,0,True,1.265556046911274,0.0,>0.5%,"(386,inf]",7
7266,203,6,2,False,0.4096388560034318,0.4096388560034318,"(0.1%,0.5%]","(161,275]",0
7267,456,1,7,False,0.2537860248625558,0.2537860248625558,"(0.1%,0.5%]","(386,inf]",7
7268,292,2,0,False,0.06429952310343719,0.06429952310343719,"(0.01%,0.1%]","(275,386]",0
7269,155,0,0,True,0.5482754235998059,0.0,>0.5%,"(-inf,161]",0
7270,204,4,0,False,0.20637809518974148,0.20637809518974148,"(0.1%,0.5%]","(161,275]",0
7271,70,3,3,True,0.0,0.0,=0,"(-inf,161]",0
7272,425,4,0,False,0.19998761754941452,0.19998761754941452,"(0.1%,0.5%]","(386,inf]",7
7273,133,0,0,True,0.9732201309433687,0.0,>0.5%,"(-inf,161]",0
7274,179,2,0,False,0.7771935678565761,2.1713856226431156,>0.5%,"(161,275]",0
7275,424,1,7,False,0.723376772012711,1.2148899416837227,>0.5%,"(386,inf]",7
7276,482,0,7,False,0.10691420330206972,0.48362979590110794,"(0.1%,0.5%]","(386,inf]",7
7277,384,0,0,True,1.145498483538472,0.0,>0.5%,"(275,386]",0
7278,455,6,0,False,0.014168440225748109,6.876125209311196,"(0.01%,0.1%]","(386,inf]",7
7279,82,2,3,False,0.0,0.8611145644550754,=0,"(-inf,161]",0
7280,460,7,7,True,0.1116693509091921,0.0,"(0.1%,0.5%]","(386,inf]",7
7281,333,2,0,False,0.009114134633279754,2.14214549306453,"(0,0.01%]","(275,386]",0
7282,235,0,0,True,0.26650143932562315,0.0,"(0.1%,0.5%]","(161,275]",0
7283,427,0,0,True,0.7918387007231343,0.0,>0.5%,"(386,inf]",7
7284,141,0,0,True,0.8272617685755613,0.0,>0.5%,"(-inf,161]",0
7285,374,0,0,True,0.08462756928714987,0.0,"(0.01%,0.1%]","(275,386]",0
7286,475,2,0,False,0.16088665488879694,0.3024952345007977,"(0.1%,0.5%]","(386,inf]",7
7287,140,3,0,False,0.0826323721421177,0.5407517430572906,"(0.01%,0.1%]","(-inf,161]",0
7288,252,0,0,True,0.8474486997660896,0.0,>0.5%,"(161,275]",0
7289,249,7,7,True,0.6200522440292657,0.0,>0.5%,"(161,275]",0
7290,225,6,6,True,0.0321925607931886,0.0,"(0.01%,0.1%]","(161,275]",0
7291,453,7,7,True,0.22373050360382676,0.0,"(0.1%,0.5%]","(386,inf]",7
7292,97,3,3,True,0.5483129014750768,0.0,>0.5%,"(-inf,161]",0
7293,321,4,0,False,0.38967409273365783,0.38967409273365783,"(0.1%,0.5%]","(275,386]",0
7294,318,7,0,False,0.10221280983913951,0.10221280983913951,"(0.1%,0.5%]","(275,386]",0
7295,338,2,0,False,0.17436040449827314,0.7688622861599633,"(0.1%,0.5%]","(275,386]",0
7296,298,1,0,False,0.14002668946992755,4.176867462376854,"(0.1%,0.5%]","(275,386]",0
7297,490,4,0,False,0.2640360909918698,0.2640360909918698,"(0.1%,0.5%]","(386,inf]",7
7298,115,2,0,False,0.09811504251323087,5.65394658120402,"(0.01%,0.1%]","(-inf,161]",0
7299,317,4,0,False,0.145579579102815,1.3587137334267236,"(0.1%,0.5%]","(275,386]",0
7300,313,4,0,False,0.3747955648350142,0.3747955648350142,"(0.1%,0.5%]","(275,386]",0
7301,486,7,0,False,0.48550755598805,0.6745714965601266,"(0.1%,0.5%]","(386,inf]",7
7302,53,1,3,False,0.020505412526807404,0.020505412526807404,"(0.01%,0.1%]","(-inf,161]",0
7303,339,7,0,False,0.5011953353519015,2.506698798269575,>0.5%,"(275,386]",0
7304,67,6,2,False,0.15400885990645116,0.3534889246411285,"(0.1%,0.5%]","(-inf,161]",0
7305,280,4,0,False,0.006262583505635782,0.006262583505635782,"(0,0.01%]","(275,386]",0
7306,168,5,0,False,0.6316958318342308,11.794454872807126,>0.5%,"(161,275]",0
7307,229,2,2,True,0.696831126054962,0.0,>0.5%,"(161,275]",0
7308,342,0,0,True,0.10782925089336205,0.0,"(0.1%,0.5%]","(275,386]",0
7309,77,0,3,False,0.0,0.0,=0,"(-inf,161]",0
7310,348,7,7,True,0.21215785006675217,0.0,"(0.1%,0.5%]","(275,386]",0
7311,138,0,0,True,0.35302785679050785,0.0,"(0.1%,0.5%]","(-inf,161]",0
7312,431,0,7,False,0.9752610869238756,2.1960272673981778,>0.5%,"(386,inf]",7
7313,225,0,0,True,0.448102660655349,0.0,"(0.1%,0.5%]","(161,275]",0
7314,118,1,0,False,0.11955889721173397,0.39380342832418197,"(0.1%,0.5%]","(-inf,161]",0
7315,316,4,7,False,0.5437691882728484,0.7245725212850934,>0.5%,"(275,386]",0
7316,51,2,3,False,0.0,6.128733488665379e-06,=0,"(-inf,161]",0
7317,432,7,7,True,0.06907918007058016,0.0,"(0.01%,0.1%]","(386,inf]",7
7318,360,4,0,False,0.2741414617430399,0.2741414617430399,"(0.1%,0.5%]","(275,386]",0
7319,241,0,2,False,0.36340360067957833,1.5101606144540158,"(0.1%,0.5%]","(161,275]",0
7320,433,0,0,True,1.7413755892046658,0.0,>0.5%,"(386,inf]",7
7321,75,3,3,True,0.3215811680444281,0.0,"(0.1%,0.5%]","(-inf,161]",0
7322,142,2,0,False,0.5065016732106306,0.9913186055990765,>0.5%,"(-inf,161]",0
7323,448,4,0,False,0.17470556863792464,0.17470556863792464,"(0.1%,0.5%]","(386,inf]",7
7324,470,7,7,True,0.3627611717440553,0.0,"(0.1%,0.5%]","(386,inf]",7
7325,147,3,3,True,0.1705436880204353,0.0,"(0.1%,0.5%]","(-inf,161]",0
7326,208,0,0,True,0.7137166292592074,0.0,>0.5%,"(161,275]",0
7327,54,2,3,False,0.14815914406272418,0.14815914406272418,"(0.1%,0.5%]","(-inf,161]",0
7328,112,7,3,False,0.0196431336511093,0.29312362212502874,"(0.01%,0.1%]","(-inf,161]",0
7329,355,4,0,False,0.23362728845204347,0.23362728845204347,"(0.1%,0.5%]","(275,386]",0
7330,425,0,0,True,0.30789606045647566,0.0,"(0.1%,0.5%]","(386,inf]",7
7331,455,6,0,False,1.1575831454616017,7.6664812178556545,>0.5%,"(386,inf]",7
7332,117,3,3,True,0.379114697154641,0.0,"(0.1%,0.5%]","(-inf,161]",0
7333,221,0,0,True,0.28013102834621034,0.0,"(0.1%,0.5%]","(161,275]",0
7334,249,4,7,False,0.9459287424512726,1.3536475615112877,>0.5%,"(161,275]",0
7335,121,0,0,True,0.09226641050085187,0.0,"(0.01%,0.1%]","(-inf,161]",0
7336,388,4,0,False,0.0664319047011824,0.0664319047011824,"(0.01%,0.1%]","(386,inf]",7
7337,179,2,0,False,1.2152439942991482,1.2152439942991482,>0.5%,"(161,275]",0
7338,196,4,0,False,0.12252352643133707,1.1482105385859172,"(0.1%,0.5%]","(161,275]",0
7339,497,0,7,False,0.25158687509724503,0.3086585117816296,"(0.1%,0.5%]","(386,inf]",7
7340,415,0,7,False,0.29128755150493524,1.215187463671341,"(0.1%,0.5%]","(386,inf]",7
7341,123,0,0,True,0.030823985829326613,0.0,"(0.01%,0.1%]","(-inf,161]",0
7342,178,2,6,False,0.048965767878452374,1.1958462694627585,"(0.01%,0.1%]","(161,275]",0
7343,189,6,2,False,0.019661039562821194,2.4712788715948637,"(0.01%,0.1%]","(161,275]",0
7344,492,6,7,False,0.4738009214361333,0.4738009214361333,"(0.1%,0.5%]","(386,inf]",7
7345,92,3,3,True,0.4950018199579166,0.0,"(0.1%,0.5%]","(-inf,161]",0
7346,262,2,7,False,0.0171506982975777,0.0171506982975777,"(0.01%,0.1%]","(161,275]",0
7347,284,6,2,False,0.4090986195370956,0.6078616647503681,"(0.1%,0.5%]","(275,386]",0
7348,73,7,3,False,0.007029312226402259,0.07344242244162878,"(0,0.01%]","(-inf,161]",0
7349,189,0,0,True,0.2199641674869943,0.0,"(0.1%,0.5%]","(161,275]",0
7350,375,0,0,True,0.5435924163571811,0.0,>0.5%,"(275,386]",0
7351,453,1,7,False,0.08835060060779362,0.08835060060779362,"(0.01%,0.1%]","(386,inf]",7
7352,492,2,7,False,0.07376853248213143,1.2340645631512268,"(0.01%,0.1%]","(386,inf]",7
7353,125,7,0,False,0.023400289854504295,1.019003420301225,"(0.01%,0.1%]","(-inf,161]",0
7354,479,4,7,False,0.6099687914650249,0.6099687914650249,>0.5%,"(386,inf]",7
7355,380,2,7,False,0.7806988726523885,1.1376337776109156,>0.5%,"(275,386]",0
7356,469,7,7,True,0.0906616349215446,0.0,"(0.01%,0.1%]","(386,inf]",7
7357,220,0,0,True,0.8867628184634636,0.0,>0.5%,"(161,275]",0
7358,193,6,0,False,0.06250787918629437,0.8833020748671064,"(0.01%,0.1%]","(161,275]",0
7359,65,0,3,False,0.0,0.0,=0,"(-inf,161]",0
7360,128,3,0,False,0.4333508360404356,0.6712981151200952,"(0.1%,0.5%]","(-inf,161]",0
7361,323,0,0,True,0.23871787933850414,0.0,"(0.1%,0.5%]","(275,386]",0
7362,179,4,0,False,0.6680656546462769,0.6680656546462769,>0.5%,"(161,275]",0
7363,410,7,7,True,0.7607466178722032,0.0,>0.5%,"(386,inf]",7
7364,266,0,0,True,0.05989813946549146,0.0,"(0.01%,0.1%]","(161,275]",0
7365,159,0,2,False,0.22663801819523843,2.48982197239284,"(0.1%,0.5%]","(-inf,161]",0
7366,115,4,0,False,0.20377921190378123,0.5317204807207931,"(0.1%,0.5%]","(-inf,161]",0
7367,463,7,7,True,0.25936021317150226,0.0,"(0.1%,0.5%]","(386,inf]",7
7368,194,1,0,False,2.73146131259387,6.367183296226261,>0.5%,"(161,275]",0
7369,334,4,0,False,0.11542422085347862,0.11542422085347862,"(0.1%,0.5%]","(275,386]",0
7370,273,4,0,False,0.1222457149732712,0.43420247907738585,"(0.1%,0.5%]","(161,275]",0
7371,197,6,0,False,0.14034436624067395,1.2308419055711435,"(0.1%,0.5%]","(161,275]",0
7372,97,7,3,False,2.888898502341946e-06,0.14088473086683534,"(0,0.01%]","(-inf,161]",0
7373,384,2,7,False,0.23967465969043045,1.330175704517832,"(0.1%,0.5%]","(275,386]",0
7374,69,0,3,False,0.02092496100474359,0.02092496100474359,"(0.01%,0.1%]","(-inf,161]",0
7375,291,6,6,True,0.04733249328754726,0.0,"(0.01%,0.1%]","(275,386]",0
7376,192,4,0,False,0.6179056179123694,0.6179056179123694,>0.5%,"(161,275]",0
7377,134,0,0,True,0.0015757067616019485,0.0,"(0,0.01%]","(-inf,161]",0
7378,350,6,0,False,0.8388151692034709,0.9083918541961542,>0.5%,"(275,386]",0
7379,306,4,0,False,0.04974681913388313,0.04974681913388313,"(0.01%,0.1%]","(275,386]",0
7380,61,6,3,False,0.03575453416274098,0.03575858246525931,"(0.01%,0.1%]","(-inf,161]",0
7381,421,7,7,True,0.5654311464226152,0.0,>0.5%,"(386,inf]",7
7382,450,4,0,False,0.4426440794888852,0.4426440794888852,"(0.1%,0.5%]","(386,inf]",7
7383,221,2,4,False,1.249352718085056,1.249352718085056,>0.5%,"(161,275]",0
7384,228,4,0,False,0.3151270116147481,0.3151270116147481,"(0.1%,0.5%]","(161,275]",0
7385,219,0,0,True,0.47601474476720756,0.0,"(0.1%,0.5%]","(161,275]",0
7386,223,4,0,False,0.45866279274343136,0.45866279274343136,"(0.1%,0.5%]","(161,275]",0
7387,405,4,0,False,0.3932426142480131,1.369822243279709,"(0.1%,0.5%]","(386,inf]",7
7388,468,2,7,False,0.13982991345306833,0.9465989729829052,"(0.1%,0.5%]","(386,inf]",7
7389,287,2,7,False,0.028040547468552727,0.028040547468552727,"(0.01%,0.1%]","(275,386]",0
7390,329,0,0,True,1.0116588205944939,0.0,>0.5%,"(275,386]",0
7391,372,2,7,False,0.2542841013101644,0.2542841013101644,"(0.1%,0.5%]","(275,386]",0
7392,73,3,3,True,0.0,0.0,=0,"(-inf,161]",0
7393,374,2,0,False,1.1222791110287649,1.1222791110287649,>0.5%,"(275,386]",0
7394,258,4,0,False,0.282801267186439,0.282801267186439,"(0.1%,0.5%]","(161,275]",0
7395,104,3,3,True,0.1820442054019848,0.0,"(0.1%,0.5%]","(-inf,161]",0
7396,162,0,0,True,0.11695982773565654,0.0,"(0.1%,0.5%]","(161,275]",0
7397,411,7,7,True,0.9351002122312487,0.0,>0.5%,"(386,inf]",7
7398,321,6,0,False,0.3545231983890881,1.2140492961902072,"(0.1%,0.5%]","(275,386]",0
7399,92,3,3,True,0.16207459792248582,0.0,"(0.1%,0.5%]","(-inf,161]",0
7400,121,0,0,True,0.14605926087616158,0.0,"(0.1%,0.5%]","(-inf,161]",0
7401,449,7,7,True,0.3172066822572951,0.0,"(0.1%,0.5%]","(386,inf]",7
7402,92,0,3,False,0.00932697359619606,0.06084848909322018,"(0,0.01%]","(-inf,161]",0
7403,164,4,0,False,0.036433972358269846,0.036433972358269846,"(0.01%,0.1%]","(161,275]",0
7404,65,4,3,False,0.16405152285781396,0.16405152285781396,"(0.1%,0.5%]","(-inf,161]",0
7405,101,4,3,False,0.14938104594518672,0.14938104594518672,"(0.1%,0.5%]","(-inf,161]",0
7406,79,6,3,False,0.5252768130031779,0.5252768130031779,>0.5%,"(-inf,161]",0
7407,397,7,0,False,0.03870112067188693,0.03870112067188693,"(0.01%,0.1%]","(386,inf]",7
7408,256,0,0,True,0.08334740710161374,0.0,"(0.01%,0.1%]","(161,275]",0
7409,297,4,7,False,1.9360406737615996,4.600209107712496,>0.5%,"(275,386]",0
7410,342,6,6,True,1.6072391280056393,0.0,>0.5%,"(275,386]",0
7411,129,0,0,True,0.575243675648162,0.0,>0.5%,"(-inf,161]",0
7412,311,0,0,True,0.10105834787514738,0.0,"(0.1%,0.5%]","(275,386]",0
7413,387,2,7,False,0.0540174618642145,0.0540174618642145,"(0.01%,0.1%]","(386,inf]",7
7414,354,6,0,False,0.2785475296240793,0.2959984797872937,"(0.1%,0.5%]","(275,386]",0
7415,274,7,7,True,0.949879489328986,0.0,>0.5%,"(161,275]",0
7416,99,4,3,False,0.4477072413918124,0.4477072413918124,"(0.1%,0.5%]","(-inf,161]",0
7417,376,7,0,False,0.06579472737972435,1.8890097490432272,"(0.01%,0.1%]","(275,386]",0
7418,433,2,7,False,0.028934043784533774,0.5765940877152371,"(0.01%,0.1%]","(386,inf]",7
7419,97,3,0,False,0.03971740123369814,0.03971740123369814,"(0.01%,0.1%]","(-inf,161]",0
7420,114,7,3,False,0.30685227293130596,0.30685227293130596,"(0.1%,0.5%]","(-inf,161]",0
7421,239,0,0,True,0.1805392908791676,0.0,"(0.1%,0.5%]","(161,275]",0
7422,69,2,3,False,0.06178106668026045,0.4095624199917203,"(0.01%,0.1%]","(-inf,161]",0
7423,91,1,3,False,0.7975885548046822,1.2889602151368744,>0.5%,"(-inf,161]",0
7424,224,0,0,True,1.7821488123879674,0.0,>0.5%,"(161,275]",0
7425,123,3,3,True,0.26152590053281327,0.0,"(0.1%,0.5%]","(-inf,161]",0
7426,82,3,3,True,0.4510772466997067,0.0,"(0.1%,0.5%]","(-inf,161]",0
7427,379,4,0,False,0.13345814783714377,1.9450072358900146,"(0.1%,0.5%]","(275,386]",0
7428,101,0,0,True,0.1852659483788545,0.0,"(0.1%,0.5%]","(-inf,161]",0
7429,308,7,7,True,0.7069684074984341,0.0,>0.5%,"(275,386]",0
7430,95,3,0,False,0.03886800321159458,1.5856280984669184,"(0.01%,0.1%]","(-inf,161]",0
7431,117,3,0,False,0.07353323317031768,1.9831557818799206,"(0.01%,0.1%]","(-inf,161]",0
7432,291,7,0,False,1.1351401516417634,1.1351401516417634,>0.5%,"(275,386]",0
7433,136,6,2,False,0.6017605604892456,0.6487175512482004,>0.5%,"(-inf,161]",0
7434,493,0,0,True,0.5947004593897899,0.0,>0.5%,"(386,inf]",7
7435,487,4,0,False,0.677485239948549,0.677485239948549,>0.5%,"(386,inf]",7
7436,70,2,3,False,0.09883343270922776,0.19417975148977978,"(0.01%,0.1%]","(-inf,161]",0
7437,220,0,0,True,0.5191758748187992,0.0,>0.5%,"(161,275]",0
7438,288,7,7,True,0.5253897004348658,0.0,>0.5%,"(275,386]",0
7439,106,0,3,False,0.02705083384384226,0.02705083384384226,"(0.01%,0.1%]","(-inf,161]",0
7440,304,4,0,False,0.939341939363364,2.567524066899924,>0.5%,"(275,386]",0
7441,358,4,0,False,0.049826928329557624,0.049826928329557624,"(0.01%,0.1%]","(275,386]",0
7442,444,6,7,False,0.16785799723740497,1.0136775658709585,"(0.1%,0.5%]","(386,inf]",7
7443,60,3,3,True,1.0950002177893265,0.0,>0.5%,"(-inf,161]",0
7444,347,7,7,True,0.22443278949068443,0.0,"(0.1%,0.5%]","(275,386]",0
7445,497,7,7,True,0.8018458480860873,0.0,>0.5%,"(386,inf]",7
7446,307,4,0,False,0.3733111130402503,0.7298309047364977,"(0.1%,0.5%]","(275,386]",0
7447,186,6,6,True,0.028182520492535793,0.0,"(0.01%,0.1%]","(161,275]",0
7448,105,1,0,False,0.15874891106502173,0.23302231662760148,"(0.1%,0.5%]","(-inf,161]",0
7449,411,0,0,True,1.2655788280898042,0.0,>0.5%,"(386,inf]",7
7450,108,4,0,False,0.48261136904815044,1.3188152009538454,"(0.1%,0.5%]","(-inf,161]",0
7451,71,6,3,False,7.800619852640181e-06,0.35354968359679156,"(0,0.01%]","(-inf,161]",0
7452,479,6,0,False,0.27282471982154344,0.27282471982154344,"(0.1%,0.5%]","(386,inf]",7
7453,59,3,3,True,0.19333877639776473,0.0,"(0.1%,0.5%]","(-inf,161]",0
7454,337,2,7,False,0.20071352751591956,0.20071352751591956,"(0.1%,0.5%]","(275,386]",0
7455,276,6,0,False,0.1485432545006956,0.1485432545006956,"(0.1%,0.5%]","(275,386]",0
7456,232,1,2,False,0.221348637102892,0.221348637102892,"(0.1%,0.5%]","(161,275]",0
7457,462,2,0,False,0.26639608413909144,1.0437545775784993,"(0.1%,0.5%]","(386,inf]",7
7458,97,3,3,True,0.30945770144064916,0.0,"(0.1%,0.5%]","(-inf,161]",0
7459,457,2,7,False,0.015044738320620872,0.015044738320620872,"(0.01%,0.1%]","(386,inf]",7
7460,460,0,7,False,1.439200990958616,2.199844706622333,>0.5%,"(386,inf]",7
7461,363,0,0,True,0.5333902016608666,0.0,>0.5%,"(275,386]",0
7462,353,7,0,False,0.7002871361918913,0.9221855654681023,>0.5%,"(275,386]",0
7463,272,4,0,False,0.6102667595177957,0.6102667595177957,>0.5%,"(161,275]",0
7464,130,7,0,False,0.22312142259577483,1.3460702176557817,"(0.1%,0.5%]","(-inf,161]",0
7465,453,6,0,False,0.16500419386818443,0.4284812934576999,"(0.1%,0.5%]","(386,inf]",7
7466,450,4,0,False,0.10397184369719224,0.10397184369719224,"(0.1%,0.5%]","(386,inf]",7
7467,98,0,0,True,0.0026350601818467085,0.0,"(0,0.01%]","(-inf,161]",0
7468,498,2,7,False,0.2545922444543506,0.27004863805739177,"(0.1%,0.5%]","(386,inf]",7
7469,415,2,7,False,0.5584966323486856,1.6128310027915804,>0.5%,"(386,inf]",7
7470,382,0,0,True,0.6974477322542573,0.0,>0.5%,"(275,386]",0
7471,340,4,0,False,0.03962369476625286,0.8190490730251669,"(0.01%,0.1%]","(275,386]",0
7472,373,2,0,False,0.23852434076516432,0.9498295082049755,"(0.1%,0.5%]","(275,386]",0
7473,492,7,7,True,0.22690086369705115,0.0,"(0.1%,0.5%]","(386,inf]",7
7474,89,3,0,False,0.17037109208877674,0.17037109208877674,"(0.1%,0.5%]","(-inf,161]",0
7475,169,3,0,False,0.7480883993664587,0.7480883993664587,>0.5%,"(161,275]",0
7476,365,7,0,False,0.046278204810173265,0.11789034759103466,"(0.01%,0.1%]","(275,386]",0
7477,166,4,0,False,0.02309478444098404,0.02309478444098404,"(0.01%,0.1%]","(161,275]",0
7478,271,7,0,False,0.261271721183533,0.32519496659843267,"(0.1%,0.5%]","(161,275]",0
7479,482,2,7,False,1.201025650653781,1.30006176720413,>0.5%,"(386,inf]",7
7480,247,2,2,True,0.03506415499490632,0.0,"(0.01%,0.1%]","(161,275]",0
7481,390,7,7,True,1.5610865155335771,0.0,>0.5%,"(386,inf]",7
7482,149,6,2,False,0.2552441422886288,0.460873922256114,"(0.1%,0.5%]","(-inf,161]",0
7483,466,7,0,False,0.4030652554871155,1.9772273924426285,"(0.1%,0.5%]","(386,inf]",7
7484,393,0,0,True,0.06998639183104763,0.0,"(0.01%,0.1%]","(386,inf]",7
7485,244,2,2,True,0.5667197422048503,0.0,>0.5%,"(161,275]",0
7486,142,0,0,True,0.2578573855464469,0.0,"(0.1%,0.5%]","(-inf,161]",0
7487,451,6,7,False,0.6043756945974974,0.9940914288135255,>0.5%,"(386,inf]",7
7488,443,0,0,True,1.0091736592070597,0.0,>0.5%,"(386,inf]",7
7489,438,2,7,False,0.3402742166512934,3.5549685526089405,"(0.1%,0.5%]","(386,inf]",7
7490,65,0,3,False,0.0,0.24147205846281372,=0,"(-inf,161]",0
7491,345,0,2,False,0.03826803693396119,0.10382458125734854,"(0.01%,0.1%]","(275,386]",0
7492,316,4,0,False,0.6001369223683493,0.6001369223683493,>0.5%,"(275,386]",0
7493,195,4,0,False,0.15056398744205982,0.15056398744205982,"(0.1%,0.5%]","(161,275]",0
7494,249,4,0,False,0.8846914965019185,2.414693391361008,>0.5%,"(161,275]",0
7495,458,7,7,True,1.2829010179634508,0.0,>0.5%,"(386,inf]",7
7496,266,7,0,False,0.9037489987927583,1.0798975795982548,>0.5%,"(161,275]",0
7497,308,0,0,True,0.04278351037436837,0.0,"(0.01%,0.1%]","(275,386]",0
7498,285,7,4,False,0.7605150446908271,0.7605150446908271,>0.5%,"(275,386]",0
7499,264,4,0,False,0.0932957683952781,0.0932957683952781,"(0.01%,0.1%]","(161,275]",0
7500,167,1,0,False,0.1639319021524705,0.1639319021524705,"(0.1%,0.5%]","(161,275]",0
7501,490,0,0,True,1.400867675917509,0.0,>0.5%,"(386,inf]",7
7502,56,0,3,False,0.0,0.0,=0,"(-inf,161]",0
7503,86,3,3,True,0.11538795074249057,0.0,"(0.1%,0.5%]","(-inf,161]",0
7504,362,7,7,True,1.3435310295226996,0.0,>0.5%,"(275,386]",0
7505,138,2,0,False,0.33978845193895885,2.00116189556184,"(0.1%,0.5%]","(-inf,161]",0
7506,324,0,0,True,1.5611817548601177,0.0,>0.5%,"(275,386]",0
7507,262,0,7,False,0.08949067318479598,0.4865060061107525,"(0.01%,0.1%]","(161,275]",0
7508,271,6,0,False,0.09705381379970322,0.3913807955461643,"(0.01%,0.1%]","(161,275]",0
7509,279,4,7,False,0.8687001075072337,1.3488195824538152,>0.5%,"(275,386]",0
7510,307,4,0,False,0.6502011600680517,0.6502011600680517,>0.5%,"(275,386]",0
7511,109,1,3,False,0.7462205887508663,1.6294081869678936,>0.5%,"(-inf,161]",0
7512,344,1,0,False,0.025603799061947836,0.025603799061947836,"(0.01%,0.1%]","(275,386]",0
7513,338,7,2,False,0.4354354180727507,0.4354354180727507,"(0.1%,0.5%]","(275,386]",0
7514,444,0,7,False,0.28151093919881254,0.28151093919881254,"(0.1%,0.5%]","(386,inf]",7
7515,109,1,3,False,0.08899977902806555,0.13206381934359665,"(0.01%,0.1%]","(-inf,161]",0
7516,211,7,2,False,0.31787668589183515,1.2349045911446423,"(0.1%,0.5%]","(161,275]",0
7517,397,2,0,False,0.3360356360782202,0.3360356360782202,"(0.1%,0.5%]","(386,inf]",7
7518,266,4,0,False,1.0905457494268975,1.3814797048117837,>0.5%,"(161,275]",0
7519,221,0,0,True,0.08907986929401043,0.0,"(0.01%,0.1%]","(161,275]",0
7520,385,7,7,True,0.7126481736705921,0.0,>0.5%,"(275,386]",0
7521,353,0,7,False,0.140936506085978,0.140936506085978,"(0.1%,0.5%]","(275,386]",0
7522,170,4,0,False,0.48064947657544593,0.48064947657544593,"(0.1%,0.5%]","(161,275]",0
7523,311,0,0,True,0.4223941316201367,0.0,"(0.1%,0.5%]","(275,386]",0
7524,222,0,0,True,0.35520418188619657,0.0,"(0.1%,0.5%]","(161,275]",0
7525,77,3,3,True,6.953688504099581e-06,0.0,"(0,0.01%]","(-inf,161]",0
7526,133,3,0,False,0.05591257000917135,0.05591257000917135,"(0.01%,0.1%]","(-inf,161]",0
7527,301,4,0,False,1.1273267211530449,4.581690386105707,>0.5%,"(275,386]",0
7528,496,6,7,False,0.5398711196135447,0.5398711196135447,>0.5%,"(386,inf]",7
7529,345,4,0,False,0.25913181199255086,0.25913181199255086,"(0.1%,0.5%]","(275,386]",0
7530,272,2,7,False,0.4447473410847009,0.4447473410847009,"(0.1%,0.5%]","(161,275]",0
7531,457,4,7,False,0.11485020071628647,0.8423820759071806,"(0.1%,0.5%]","(386,inf]",7
7532,205,6,0,False,0.18248015311386565,0.6229119324889811,"(0.1%,0.5%]","(161,275]",0
7533,262,7,7,True,0.005374817774542759,0.0,"(0,0.01%]","(161,275]",0
7534,388,7,7,True,0.2052705174678942,0.0,"(0.1%,0.5%]","(386,inf]",7
7535,301,7,2,False,0.2313009737297185,0.8012395776736345,"(0.1%,0.5%]","(275,386]",0
7536,203,0,0,True,0.2575017859473797,0.0,"(0.1%,0.5%]","(161,275]",0
7537,102,0,0,True,0.44907160597908063,0.0,"(0.1%,0.5%]","(-inf,161]",0
7538,278,0,0,True,1.2350439760303886,0.0,>0.5%,"(275,386]",0
7539,132,2,0,False,0.13431261001713757,6.929409881262169,"(0.1%,0.5%]","(-inf,161]",0
7540,449,0,0,True,0.7992551944600403,0.0,>0.5%,"(386,inf]",7
7541,280,2,0,False,0.8268216133977794,3.3336299218012067,>0.5%,"(275,386]",0
7542,218,7,0,False,0.22357490640048766,0.7715364825400592,"(0.1%,0.5%]","(161,275]",0
7543,77,0,0,True,0.005880110380977753,0.0,"(0,0.01%]","(-inf,161]",0
7544,380,2,7,False,0.12493993188090495,0.778083967788306,"(0.1%,0.5%]","(275,386]",0
7545,72,3,3,True,0.14931613610410546,0.0,"(0.1%,0.5%]","(-inf,161]",0
7546,317,6,0,False,0.22581626784990017,0.22581626784990017,"(0.1%,0.5%]","(275,386]",0
7547,52,3,3,True,0.9831340392923771,0.0,>0.5%,"(-inf,161]",0
7548,232,6,0,False,0.03019896713290116,0.03019896713290116,"(0.01%,0.1%]","(161,275]",0
7549,450,2,7,False,0.8302761784802879,0.8962618279510686,>0.5%,"(386,inf]",7
7550,52,3,1,False,0.6675520770306705,0.9257198481612814,>0.5%,"(-inf,161]",0
7551,385,4,7,False,0.2113201029964556,0.2113201029964556,"(0.1%,0.5%]","(275,386]",0
7552,416,7,2,False,0.11361527877236301,0.11361527877236301,"(0.1%,0.5%]","(386,inf]",7
7553,339,7,0,False,0.12814326759592956,0.4233508371959408,"(0.1%,0.5%]","(275,386]",0
7554,480,4,0,False,0.9698055749739661,2.1420780193721676,>0.5%,"(386,inf]",7
7555,442,6,7,False,0.35192718327954314,1.3350361757223335,"(0.1%,0.5%]","(386,inf]",7
7556,459,2,7,False,0.6255845132310217,0.6255845132310217,>0.5%,"(386,inf]",7
7557,231,2,0,False,0.08054975759151273,0.08054975759151273,"(0.01%,0.1%]","(161,275]",0
7558,244,0,0,True,0.49433272021509045,0.0,"(0.1%,0.5%]","(161,275]",0
7559,284,0,0,True,0.9852472246616053,0.0,>0.5%,"(275,386]",0
7560,313,6,0,False,0.14474098272856706,0.347099415431678,"(0.1%,0.5%]","(275,386]",0
7561,141,4,0,False,0.19170610510783004,0.3653941141298764,"(0.1%,0.5%]","(-inf,161]",0
7562,209,4,0,False,0.4911752757167126,1.0248617922514336,"(0.1%,0.5%]","(161,275]",0
7563,159,1,3,False,0.11792539136284381,0.38502773411559627,"(0.1%,0.5%]","(-inf,161]",0
7564,447,7,7,True,0.31682108419580124,0.0,"(0.1%,0.5%]","(386,inf]",7
7565,337,0,0,True,0.8022304112924816,0.0,>0.5%,"(275,386]",0
7566,283,0,0,True,0.4071017150209503,0.0,"(0.1%,0.5%]","(275,386]",0
7567,283,7,0,False,0.5318650447491517,0.5318650447491517,>0.5%,"(275,386]",0
7568,122,1,0,False,0.8083251641023155,4.591846923622455,>0.5%,"(-inf,161]",0
7569,125,0,0,True,0.25321055476221577,0.0,"(0.1%,0.5%]","(-inf,161]",0
7570,263,7,7,True,0.04213732300613724,0.0,"(0.01%,0.1%]","(161,275]",0
7571,328,7,6,False,0.37788807766869786,1.0352685236263606,"(0.1%,0.5%]","(275,386]",0
7572,115,6,2,False,0.019238310691162823,0.3972720671342155,"(0.01%,0.1%]","(-inf,161]",0
7573,311,0,0,True,0.16697975055226527,0.0,"(0.1%,0.5%]","(275,386]",0
7574,401,0,7,False,0.1460979012758272,1.9209707027427803,"(0.1%,0.5%]","(386,inf]",7
7575,100,3,0,False,0.18200896216380208,1.5713561639605425,"(0.1%,0.5%]","(-inf,161]",0
7576,489,7,7,True,0.6231870454596887,0.0,>0.5%,"(386,inf]",7
7577,320,0,0,True,0.4306302330455146,0.0,"(0.1%,0.5%]","(275,386]",0
7578,117,3,3,True,0.8283260962653534,0.0,>0.5%,"(-inf,161]",0
7579,416,6,0,False,0.25091413415449537,1.2032774376502962,"(0.1%,0.5%]","(386,inf]",7
7580,102,7,3,False,0.014872465727134193,0.03910246365650911,"(0.01%,0.1%]","(-inf,161]",0
7581,378,4,7,False,0.11290801048691877,0.11290801048691877,"(0.1%,0.5%]","(275,386]",0
7582,367,6,0,False,0.28695960197652043,0.7900951976375236,"(0.1%,0.5%]","(275,386]",0
7583,436,2,0,False,0.11735756869002856,0.11735756869002856,"(0.1%,0.5%]","(386,inf]",7
7584,327,7,7,True,0.19117110215054162,0.0,"(0.1%,0.5%]","(275,386]",0
7585,215,7,0,False,0.14495855985886041,0.14495855985886041,"(0.1%,0.5%]","(161,275]",0
7586,272,4,0,False,0.13395412117363173,0.13395412117363173,"(0.1%,0.5%]","(161,275]",0
7587,421,2,7,False,0.15581738333676265,0.861060475809369,"(0.1%,0.5%]","(386,inf]",7
7588,123,6,0,False,0.09129771307677732,1.9805450753253309,"(0.01%,0.1%]","(-inf,161]",0
7589,194,4,0,False,0.07944713228246315,0.4467724034462948,"(0.01%,0.1%]","(161,275]",0
7590,483,7,7,True,0.5103012746289234,0.0,>0.5%,"(386,inf]",7
7591,480,0,0,True,0.0832302446145299,0.0,"(0.01%,0.1%]","(386,inf]",7
7592,88,7,3,False,0.12777646912644747,0.14060644928187047,"(0.1%,0.5%]","(-inf,161]",0
7593,217,7,7,True,0.10797472537492955,0.0,"(0.1%,0.5%]","(161,275]",0
7594,145,3,3,True,0.46340008570769936,0.0,"(0.1%,0.5%]","(-inf,161]",0
7595,477,7,7,True,0.4536744423462996,0.0,"(0.1%,0.5%]","(386,inf]",7
7596,62,0,3,False,1.348010344057795e-06,0.07856646351591288,"(0,0.01%]","(-inf,161]",0
7597,171,4,0,False,0.018651306305351657,0.018651306305351657,"(0.01%,0.1%]","(161,275]",0
7598,233,0,0,True,0.44134751324458416,0.0,"(0.1%,0.5%]","(161,275]",0
7599,155,0,0,True,0.08403696746208639,0.0,"(0.01%,0.1%]","(-inf,161]",0
7600,143,4,0,False,0.5994936774272575,0.7728093964895224,>0.5%,"(-inf,161]",0
7601,220,6,7,False,0.2974666386932013,0.2974666386932013,"(0.1%,0.5%]","(161,275]",0
7602,342,2,0,False,0.1316884927731316,0.6403550454546038,"(0.1%,0.5%]","(275,386]",0
7603,60,3,3,True,0.08897299182751975,0.0,"(0.01%,0.1%]","(-inf,161]",0
7604,479,7,7,True,2.445107455966069,0.0,>0.5%,"(386,inf]",7
7605,480,7,7,True,0.22717642221979392,0.0,"(0.1%,0.5%]","(386,inf]",7
7606,230,3,0,False,0.24848740054796262,5.769787690732125,"(0.1%,0.5%]","(161,275]",0
7607,150,0,0,True,0.24519501875789892,0.0,"(0.1%,0.5%]","(-inf,161]",0
7608,117,3,0,False,0.31743087497480876,1.8368419468377326,"(0.1%,0.5%]","(-inf,161]",0
7609,265,0,0,True,0.14488372387906795,0.0,"(0.1%,0.5%]","(161,275]",0
7610,91,2,3,False,0.11520728774628809,0.11520728774628809,"(0.1%,0.5%]","(-inf,161]",0
7611,339,7,7,True,0.7755594206785912,0.0,>0.5%,"(275,386]",0
7612,257,0,0,True,0.060151292659156336,0.0,"(0.01%,0.1%]","(161,275]",0
7613,468,2,0,False,0.03953323988057044,0.03953323988057044,"(0.01%,0.1%]","(386,inf]",7
7614,299,7,7,True,0.25433103920550965,0.0,"(0.1%,0.5%]","(275,386]",0
7615,367,4,7,False,0.19945116111015232,1.7009397304825677,"(0.1%,0.5%]","(275,386]",0
7616,102,2,0,False,4.208398109145277e-07,4.208398109145277e-07,"(0,0.01%]","(-inf,161]",0
7617,109,7,3,False,0.14828345917060107,0.9130246855179519,"(0.1%,0.5%]","(-inf,161]",0
7618,473,7,7,True,0.6084877873237329,0.0,>0.5%,"(386,inf]",7
7619,403,4,0,False,1.446901531161774,1.446901531161774,>0.5%,"(386,inf]",7
7620,161,3,0,False,0.14548528181119222,3.059652335855305,"(0.1%,0.5%]","(-inf,161]",0
7621,140,4,0,False,0.3008327297671192,0.3008327297671192,"(0.1%,0.5%]","(-inf,161]",0
7622,114,7,0,False,0.009069757893017097,1.78727965075798,"(0,0.01%]","(-inf,161]",0
7623,190,0,0,True,0.22504479218042497,0.0,"(0.1%,0.5%]","(161,275]",0
7624,429,2,7,False,0.39088970139932744,1.0458302545302411,"(0.1%,0.5%]","(386,inf]",7
7625,405,0,0,True,0.9126944992408834,0.0,>0.5%,"(386,inf]",7
7626,100,3,3,True,0.21809832496481846,0.0,"(0.1%,0.5%]","(-inf,161]",0
7627,70,7,3,False,0.010711293762045758,0.25798689358018206,"(0.01%,0.1%]","(-inf,161]",0
7628,78,6,3,False,0.0031328716301415186,0.0031328716301415186,"(0,0.01%]","(-inf,161]",0
7629,316,0,0,True,1.834577628135656,0.0,>0.5%,"(275,386]",0
7630,243,6,7,False,0.18706390778994714,0.18706390778994714,"(0.1%,0.5%]","(161,275]",0
7631,230,0,0,True,0.04968464815237675,0.0,"(0.01%,0.1%]","(161,275]",0
7632,62,3,3,True,0.0,0.0,=0,"(-inf,161]",0
7633,238,0,0,True,0.015317592561287993,0.0,"(0.01%,0.1%]","(161,275]",0
7634,403,6,0,False,0.5510804071363647,0.5619410555329766,>0.5%,"(386,inf]",7
7635,430,4,0,False,0.11635739979747826,0.11635739979747826,"(0.1%,0.5%]","(386,inf]",7
7636,310,0,0,True,0.5422372406727222,0.0,>0.5%,"(275,386]",0
7637,140,1,0,False,0.23534555137882,0.33661234705056836,"(0.1%,0.5%]","(-inf,161]",0
7638,160,0,3,False,0.3138859547162269,0.3138859547162269,"(0.1%,0.5%]","(-inf,161]",0
7639,429,0,7,False,0.7462458204090531,0.7543362878551835,>0.5%,"(386,inf]",7
7640,279,0,2,False,0.08764461630772345,1.392827325997043,"(0.01%,0.1%]","(275,386]",0
7641,168,0,0,True,0.6644704057688302,0.0,>0.5%,"(161,275]",0
7642,190,7,0,False,0.13786140343674688,0.13786140343674688,"(0.1%,0.5%]","(161,275]",0
7643,230,7,7,True,0.06709324716452493,0.0,"(0.01%,0.1%]","(161,275]",0
7644,243,4,0,False,0.42593240613850203,0.42593240613850203,"(0.1%,0.5%]","(161,275]",0
7645,319,0,0,True,0.1268249991297308,0.0,"(0.1%,0.5%]","(275,386]",0
7646,410,0,0,True,0.3651497554878136,0.0,"(0.1%,0.5%]","(386,inf]",7
7647,492,2,7,False,0.6206475155783255,0.7007200801048097,>0.5%,"(386,inf]",7
7648,462,7,7,True,0.21555081465800902,0.0,"(0.1%,0.5%]","(386,inf]",7
7649,343,7,0,False,0.9780802485000057,2.641780815352754,>0.5%,"(275,386]",0
7650,116,4,0,False,0.07764354041114378,0.09735894060604906,"(0.01%,0.1%]","(-inf,161]",0
7651,381,2,7,False,0.8152245168527368,0.8168723629220122,>0.5%,"(275,386]",0
7652,352,6,0,False,0.3035806385148604,0.4978351268158432,"(0.1%,0.5%]","(275,386]",0
7653,434,2,7,False,0.4297326324602454,0.7498014892738303,"(0.1%,0.5%]","(386,inf]",7
7654,121,3,3,True,0.2731516389701131,0.0,"(0.1%,0.5%]","(-inf,161]",0
7655,422,1,7,False,0.28307392585625113,3.1368434964733334,"(0.1%,0.5%]","(386,inf]",7
7656,106,0,0,True,0.7680565116055713,0.0,>0.5%,"(-inf,161]",0
7657,206,7,0,False,0.4227443372002796,0.4227443372002796,"(0.1%,0.5%]","(161,275]",0
7658,397,2,0,False,1.237884883053385,1.237884883053385,>0.5%,"(386,inf]",7
7659,401,6,7,False,0.10327152080133627,0.21035448711515572,"(0.1%,0.5%]","(386,inf]",7
7660,197,0,0,True,0.6954529923721362,0.0,>0.5%,"(161,275]",0
7661,302,4,0,False,0.29211213860713736,3.964515180821432,"(0.1%,0.5%]","(275,386]",0
7662,323,6,2,False,0.11727638778927783,0.4436332933718047,"(0.1%,0.5%]","(275,386]",0
7663,387,0,0,True,1.0092701887604305,0.0,>0.5%,"(386,inf]",7
7664,273,7,7,True,0.09856306174449772,0.0,"(0.01%,0.1%]","(161,275]",0
7665,206,4,0,False,0.09727745528467154,1.0485919260391443,"(0.01%,0.1%]","(161,275]",0
7666,95,3,3,True,0.4286470578251025,0.0,"(0.1%,0.5%]","(-inf,161]",0
7667,200,2,0,False,0.4166677826180241,0.4166677826180241,"(0.1%,0.5%]","(161,275]",0
7668,205,4,0,False,0.014935898906038575,0.014935898906038575,"(0.01%,0.1%]","(161,275]",0
7669,342,7,7,True,0.559058671193195,0.0,>0.5%,"(275,386]",0
7670,118,4,0,False,0.43363978077830995,0.5358866921273288,"(0.1%,0.5%]","(-inf,161]",0
7671,394,1,7,False,0.4123221215689511,0.6036924861477946,"(0.1%,0.5%]","(386,inf]",7
7672,462,7,7,True,0.13869203988346104,0.0,"(0.1%,0.5%]","(386,inf]",7
7673,282,4,6,False,0.5036175370562896,1.029488876880832,>0.5%,"(275,386]",0
7674,64,2,3,False,0.06960874000412956,0.06960874000412956,"(0.01%,0.1%]","(-inf,161]",0
7675,332,4,0,False,0.39074879334730117,0.39074879334730117,"(0.1%,0.5%]","(275,386]",0
7676,132,0,3,False,0.515921608101692,0.515921608101692,>0.5%,"(-inf,161]",0
7677,146,6,0,False,0.23147298314987597,0.23147298314987597,"(0.1%,0.5%]","(-inf,161]",0
7678,134,0,0,True,0.22062092555271579,0.0,"(0.1%,0.5%]","(-inf,161]",0
7679,266,0,0,True,0.8549036690605005,0.0,>0.5%,"(161,275]",0
7680,96,0,3,False,0.04390188749695027,0.04390188749695027,"(0.01%,0.1%]","(-inf,161]",0
7681,90,3,3,True,0.010554146751281999,0.0,"(0.01%,0.1%]","(-inf,161]",0
7682,438,2,7,False,0.25801110475474165,0.25801110475474165,"(0.1%,0.5%]","(386,inf]",7
7683,370,2,0,False,0.18680505133661646,0.18680505133661646,"(0.1%,0.5%]","(275,386]",0
7684,493,0,7,False,0.6603304903817694,1.2255298729327588,>0.5%,"(386,inf]",7
7685,173,2,0,False,0.4861961524660902,4.386712163785192,"(0.1%,0.5%]","(161,275]",0
7686,315,0,0,True,0.29855853318076964,0.0,"(0.1%,0.5%]","(275,386]",0
7687,244,7,2,False,1.188945874571916,3.1308726175814545,>0.5%,"(161,275]",0
7688,106,7,0,False,0.08115673301699355,0.08115673301699355,"(0.01%,0.1%]","(-inf,161]",0
7689,272,4,0,False,0.04266547109785736,0.04266547109785736,"(0.01%,0.1%]","(161,275]",0
7690,189,6,0,False,0.08528252882822646,0.3954103234850797,"(0.01%,0.1%]","(161,275]",0
7691,485,1,7,False,0.028764447379475852,0.097212501759862,"(0.01%,0.1%]","(386,inf]",7
7692,490,0,0,True,0.4302027706235427,0.0,"(0.1%,0.5%]","(386,inf]",7
7693,152,4,0,False,0.20895639629135293,0.20895639629135293,"(0.1%,0.5%]","(-inf,161]",0
7694,293,1,7,False,0.13047196043835316,0.13047196043835316,"(0.1%,0.5%]","(275,386]",0
7695,50,2,3,False,2.4332485825669243e-14,0.12064434386650624,"(0,0.01%]","(-inf,161]",0
7696,221,0,0,True,0.2979260126027195,0.0,"(0.1%,0.5%]","(161,275]",0
7697,134,4,0,False,0.42074379711088467,0.42074379711088467,"(0.1%,0.5%]","(-inf,161]",0
7698,51,0,3,False,0.0,1.9105252794107752,=0,"(-inf,161]",0
7699,196,1,0,False,0.8695064303385635,2.269000910836128,>0.5%,"(161,275]",0
7700,253,0,0,True,0.11448973708444678,0.0,"(0.1%,0.5%]","(161,275]",0
7701,223,0,0,True,0.03227010812736389,0.0,"(0.01%,0.1%]","(161,275]",0
7702,490,7,7,True,1.0118938329055356,0.0,>0.5%,"(386,inf]",7
7703,319,6,7,False,0.17653682297380066,0.6557915390380151,"(0.1%,0.5%]","(275,386]",0
7704,191,0,0,True,0.32332278614137633,0.0,"(0.1%,0.5%]","(161,275]",0
7705,221,4,0,False,0.3720557312660955,7.534820147496794,"(0.1%,0.5%]","(161,275]",0
7706,109,4,0,False,0.1787902603111624,5.951930725994705,"(0.1%,0.5%]","(-inf,161]",0
7707,225,1,7,False,0.7706335087269266,1.684978425580355,>0.5%,"(161,275]",0
7708,244,0,0,True,2.587169502671632,0.0,>0.5%,"(161,275]",0
7709,142,3,0,False,0.15360548155456216,0.2761638607442948,"(0.1%,0.5%]","(-inf,161]",0
7710,104,4,3,False,0.12857796832736443,0.12857796832736443,"(0.1%,0.5%]","(-inf,161]",0
7711,344,0,0,True,0.7453217613799187,0.0,>0.5%,"(275,386]",0
7712,158,5,3,False,0.05135187030910355,1.4771540523323998,"(0.01%,0.1%]","(-inf,161]",0
7713,371,7,0,False,0.00045862247421539384,14.000920157183621,"(0,0.01%]","(275,386]",0
7714,370,7,0,False,0.06296756509288876,0.913707059133429,"(0.01%,0.1%]","(275,386]",0
7715,448,7,7,True,0.226148087426333,0.0,"(0.1%,0.5%]","(386,inf]",7
7716,258,4,0,False,0.5222525501694093,1.7072771903292099,>0.5%,"(161,275]",0
7717,238,4,0,False,0.5493696307495841,0.5493696307495841,>0.5%,"(161,275]",0
7718,372,0,0,True,1.0869108441205402,0.0,>0.5%,"(275,386]",0
7719,298,0,0,True,0.05849837658513453,0.0,"(0.01%,0.1%]","(275,386]",0
7720,366,0,0,True,0.7497239634942308,0.0,>0.5%,"(275,386]",0
7721,383,2,7,False,0.019587690897231523,0.4983315591835306,"(0.01%,0.1%]","(275,386]",0
7722,306,0,0,True,0.3343032598571026,0.0,"(0.1%,0.5%]","(275,386]",0
7723,280,6,7,False,0.38806521457690496,0.43262907135773515,"(0.1%,0.5%]","(275,386]",0
7724,410,1,7,False,0.09316218274171062,0.09316218274171062,"(0.01%,0.1%]","(386,inf]",7
7725,309,4,0,False,0.7793108643587882,0.7793108643587882,>0.5%,"(275,386]",0
7726,228,0,0,True,0.09758982926470777,0.0,"(0.01%,0.1%]","(161,275]",0
7727,462,6,7,False,0.4753021300624133,2.40924966255519,"(0.1%,0.5%]","(386,inf]",7
7728,429,2,7,False,0.5797206539784888,1.3200906571808886,>0.5%,"(386,inf]",7
7729,165,1,0,False,0.5881323128851457,0.9391992844747359,>0.5%,"(161,275]",0
7730,118,0,0,True,0.0810413962105145,0.0,"(0.01%,0.1%]","(-inf,161]",0
7731,305,0,0,True,1.0138274193583992,0.0,>0.5%,"(275,386]",0
7732,185,0,0,True,0.09828626584763124,0.0,"(0.01%,0.1%]","(161,275]",0
7733,280,6,2,False,0.3721735535435891,1.8989543288001824,"(0.1%,0.5%]","(275,386]",0
7734,292,4,0,False,0.1526083198958807,0.1526083198958807,"(0.1%,0.5%]","(275,386]",0
7735,301,7,2,False,0.8392999193377696,1.7623821650315497,>0.5%,"(275,386]",0
7736,279,0,0,True,1.0212792687647103,0.0,>0.5%,"(275,386]",0
7737,175,3,0,False,0.5611554920346453,0.5611554920346453,>0.5%,"(161,275]",0
7738,68,3,3,True,0.4699730821758356,0.0,"(0.1%,0.5%]","(-inf,161]",0
7739,392,6,0,False,0.5612388790809832,0.5612388790809832,>0.5%,"(386,inf]",7
7740,166,0,0,True,0.7211876151156433,0.0,>0.5%,"(161,275]",0
7741,101,3,3,True,0.11103701594106183,0.0,"(0.1%,0.5%]","(-inf,161]",0
7742,373,0,0,True,0.7716315127954563,0.0,>0.5%,"(275,386]",0
7743,401,0,0,True,0.7396537503376864,0.0,>0.5%,"(386,inf]",7
7744,227,0,0,True,0.3863500696103459,0.0,"(0.1%,0.5%]","(161,275]",0
7745,243,0,0,True,0.22068725308956694,0.0,"(0.1%,0.5%]","(161,275]",0
7746,341,1,0,False,0.049237719212397925,0.10366277956146135,"(0.01%,0.1%]","(275,386]",0
7747,319,4,0,False,0.4195764311227306,3.328634598676756,"(0.1%,0.5%]","(275,386]",0
7748,284,6,0,False,0.26376545530660844,1.7341447103434078,"(0.1%,0.5%]","(275,386]",0
7749,498,7,7,True,0.9359331244537795,0.0,>0.5%,"(386,inf]",7
7750,422,4,0,False,0.8280897995351097,0.8280897995351097,>0.5%,"(386,inf]",7
7751,127,3,0,False,0.27589118135616586,6.485138833079214,"(0.1%,0.5%]","(-inf,161]",0
7752,339,0,0,True,0.3369554070959467,0.0,"(0.1%,0.5%]","(275,386]",0
7753,196,6,2,False,0.41074481530777013,1.2765825928773364,"(0.1%,0.5%]","(161,275]",0
7754,472,2,7,False,1.0241226156880059,1.0241226156880059,>0.5%,"(386,inf]",7
7755,93,4,3,False,0.02973247396775374,0.02973247396775374,"(0.01%,0.1%]","(-inf,161]",0
7756,131,6,3,False,0.46553572170995483,0.8571841507037776,"(0.1%,0.5%]","(-inf,161]",0
7757,230,7,0,False,0.6080625521236465,0.7417419401262442,>0.5%,"(161,275]",0
7758,450,0,7,False,0.19614102615187246,0.2278760203262568,"(0.1%,0.5%]","(386,inf]",7
7759,377,1,0,False,0.611028207671568,0.611028207671568,>0.5%,"(275,386]",0
7760,431,0,0,True,0.24325201855736894,0.0,"(0.1%,0.5%]","(386,inf]",7
7761,92,3,3,True,0.04570378299228447,0.0,"(0.01%,0.1%]","(-inf,161]",0
7762,491,7,7,True,1.4275166113027211,0.0,>0.5%,"(386,inf]",7
7763,91,3,3,True,0.5443405363572424,0.0,>0.5%,"(-inf,161]",0
7764,395,7,0,False,0.23693422216420432,0.23693422216420432,"(0.1%,0.5%]","(386,inf]",7
7765,166,6,0,False,0.008255014847682027,0.9802281080347617,"(0,0.01%]","(161,275]",0
7766,448,7,7,True,1.0303540245567029,0.0,>0.5%,"(386,inf]",7
7767,120,5,3,False,0.1642133870594982,0.24165675606699186,"(0.1%,0.5%]","(-inf,161]",0
7768,339,6,7,False,0.2815474227871316,0.2815474227871316,"(0.1%,0.5%]","(275,386]",0
7769,192,7,0,False,0.4139533189662666,0.4139533189662666,"(0.1%,0.5%]","(161,275]",0
7770,212,1,0,False,0.5750038805566274,1.2786419771540465,>0.5%,"(161,275]",0
7771,439,4,0,False,0.027834322938386554,0.027834322938386554,"(0.01%,0.1%]","(386,inf]",7
7772,223,0,0,True,2.0068922787603225,0.0,>0.5%,"(161,275]",0
7773,299,4,0,False,0.6239238201434535,1.08859458672789,>0.5%,"(275,386]",0
7774,430,7,7,True,0.9493821031894843,0.0,>0.5%,"(386,inf]",7
7775,76,0,3,False,0.0,0.29543328052357876,=0,"(-inf,161]",0
7776,119,4,0,False,0.3775459111326458,0.5061043626395049,"(0.1%,0.5%]","(-inf,161]",0
7777,84,4,3,False,0.15582264887210265,0.15582264887210265,"(0.1%,0.5%]","(-inf,161]",0
7778,83,0,3,False,0.9065833139316637,1.1108177219158262,>0.5%,"(-inf,161]",0
7779,100,0,0,True,0.16726666055678888,0.0,"(0.1%,0.5%]","(-inf,161]",0
7780,132,0,0,True,0.0006025498856699252,0.0,"(0,0.01%]","(-inf,161]",0
7781,418,0,0,True,1.6257549462273246,0.0,>0.5%,"(386,inf]",7
7782,192,3,0,False,1.0641437565510485,1.8604703738465016,>0.5%,"(161,275]",0
7783,217,0,0,True,0.20668579550944963,0.0,"(0.1%,0.5%]","(161,275]",0
7784,273,0,0,True,0.2694666245582973,0.0,"(0.1%,0.5%]","(161,275]",0
7785,492,6,7,False,0.08372785000814381,0.08372785000814381,"(0.01%,0.1%]","(386,inf]",7
7786,373,7,0,False,0.18194371114361008,0.18194371114361008,"(0.1%,0.5%]","(275,386]",0
7787,397,4,0,False,0.6616503290884078,0.6616503290884078,>0.5%,"(386,inf]",7
7788,113,6,3,False,0.11734685261592592,0.35874320819245603,"(0.1%,0.5%]","(-inf,161]",0
7789,157,0,0,True,0.26647471906894526,0.0,"(0.1%,0.5%]","(-inf,161]",0
7790,218,6,2,False,0.7986965379002025,1.9155309072845184,>0.5%,"(161,275]",0
7791,284,1,6,False,0.2984976716004866,0.2984976716004866,"(0.1%,0.5%]","(275,386]",0
7792,324,2,0,False,0.37538668128929814,3.373558179917398,"(0.1%,0.5%]","(275,386]",0
7793,363,6,7,False,0.7930026375318725,2.3135733048866753,>0.5%,"(275,386]",0
7794,316,0,0,True,0.1438252393589439,0.0,"(0.1%,0.5%]","(275,386]",0
7795,225,0,2,False,0.7661326021342447,2.5429015895418265,>0.5%,"(161,275]",0
7796,268,7,2,False,1.4118768800950832,1.887896997526584,>0.5%,"(161,275]",0
7797,326,0,0,True,0.34749346120031266,0.0,"(0.1%,0.5%]","(275,386]",0
7798,398,0,0,True,0.9676854191087693,0.0,>0.5%,"(386,inf]",7
7799,58,3,3,True,9.831704809748646e-06,0.0,"(0,0.01%]","(-inf,161]",0
7800,137,2,0,False,0.07183721579901681,1.1778281552359409,"(0.01%,0.1%]","(-inf,161]",0
7801,147,0,0,True,0.007339679892844896,0.0,"(0,0.01%]","(-inf,161]",0
7802,277,2,0,False,0.37588015033507033,0.37588015033507033,"(0.1%,0.5%]","(275,386]",0
7803,148,0,0,True,0.001507124464158034,0.0,"(0,0.01%]","(-inf,161]",0
7804,133,3,2,False,0.24646102612404025,0.9509880866839203,"(0.1%,0.5%]","(-inf,161]",0
7805,378,0,0,True,0.8760174937170505,0.0,>0.5%,"(275,386]",0
7806,278,7,7,True,1.6008868931813154,0.0,>0.5%,"(275,386]",0
7807,87,3,3,True,0.03812851192998344,0.0,"(0.01%,0.1%]","(-inf,161]",0
7808,411,0,0,True,0.28659986127830034,0.0,"(0.1%,0.5%]","(386,inf]",7
7809,402,7,7,True,0.5644857373333583,0.0,>0.5%,"(386,inf]",7
7810,169,3,3,True,1.0128634210379293,0.0,>0.5%,"(161,275]",0
7811,216,4,0,False,0.004374631570904464,0.004374631570904464,"(0,0.01%]","(161,275]",0
7812,116,4,0,False,0.1477640929678626,0.1477640929678626,"(0.1%,0.5%]","(-inf,161]",0
7813,493,4,0,False,0.41427194543669343,0.41427194543669343,"(0.1%,0.5%]","(386,inf]",7
7814,266,7,0,False,0.4626752155896855,1.1499819541765997,"(0.1%,0.5%]","(161,275]",0
7815,493,0,0,True,0.627550247266301,0.0,>0.5%,"(386,inf]",7
7816,188,0,0,True,0.466172365754721,0.0,"(0.1%,0.5%]","(161,275]",0
7817,347,0,0,True,0.37966453260974947,0.0,"(0.1%,0.5%]","(275,386]",0
7818,58,6,3,False,0.0,2.497064986536015e-06,=0,"(-inf,161]",0
7819,484,6,0,False,0.232571033700674,1.2816078502848307,"(0.1%,0.5%]","(386,inf]",7
7820,177,1,2,False,0.8368694519807814,0.8368694519807814,>0.5%,"(161,275]",0
7821,395,7,7,True,0.5712218675876632,0.0,>0.5%,"(386,inf]",7
7822,320,6,7,False,0.192488459640556,4.025946148522216,"(0.1%,0.5%]","(275,386]",0
7823,98,0,3,False,0.0,0.21977159762546064,=0,"(-inf,161]",0
7824,132,6,7,False,0.18699698750451882,0.3873977030722223,"(0.1%,0.5%]","(-inf,161]",0
7825,255,4,0,False,0.24314286885069739,1.336428145195138,"(0.1%,0.5%]","(161,275]",0
7826,184,1,7,False,0.24156110510502116,2.6963453458186555,"(0.1%,0.5%]","(161,275]",0
7827,347,0,0,True,1.1512814921861185,0.0,>0.5%,"(275,386]",0
7828,62,7,3,False,1.7624564162996317e-06,0.13850426320580608,"(0,0.01%]","(-inf,161]",0
7829,133,4,0,False,0.27700708932273665,0.27700708932273665,"(0.1%,0.5%]","(-inf,161]",0
7830,405,0,0,True,0.8257736878894886,0.0,>0.5%,"(386,inf]",7
7831,338,0,0,True,0.2577347986065375,0.0,"(0.1%,0.5%]","(275,386]",0
7832,79,0,3,False,0.10472223858647306,0.10472223858647306,"(0.1%,0.5%]","(-inf,161]",0
7833,179,7,0,False,0.25833150875235134,2.8158894382354602,"(0.1%,0.5%]","(161,275]",0
7834,295,0,0,True,0.4800902319910464,0.0,"(0.1%,0.5%]","(275,386]",0
7835,389,7,7,True,0.36822243122579845,0.0,"(0.1%,0.5%]","(386,inf]",7
7836,91,3,3,True,0.018064300057494216,0.0,"(0.01%,0.1%]","(-inf,161]",0
7837,427,4,0,False,0.18269069564928425,0.18269069564928425,"(0.1%,0.5%]","(386,inf]",7
7838,477,0,0,True,0.03594755277911076,0.0,"(0.01%,0.1%]","(386,inf]",7
7839,410,4,0,False,0.023566586434967403,0.30730126321490703,"(0.01%,0.1%]","(386,inf]",7
7840,139,0,0,True,0.4442433252197331,0.0,"(0.1%,0.5%]","(-inf,161]",0
7841,138,1,0,False,0.008887941525344788,0.6467832663693333,"(0,0.01%]","(-inf,161]",0
7842,499,7,7,True,0.2108325203270889,0.0,"(0.1%,0.5%]","(386,inf]",7
7843,306,4,0,False,0.7614212620856394,0.9289261374171538,>0.5%,"(275,386]",0
7844,448,7,7,True,0.7483753595925735,0.0,>0.5%,"(386,inf]",7
7845,387,0,7,False,0.09415021356962455,1.0252157465522755,"(0.01%,0.1%]","(386,inf]",7
7846,363,7,7,True,0.07470993668763538,0.0,"(0.01%,0.1%]","(275,386]",0
7847,66,3,3,True,0.021919957152431044,0.0,"(0.01%,0.1%]","(-inf,161]",0
7848,497,7,7,True,0.3654068425716692,0.0,"(0.1%,0.5%]","(386,inf]",7
7849,412,7,7,True,0.08565978539651198,0.0,"(0.01%,0.1%]","(386,inf]",7
7850,73,3,3,True,0.3315507968438162,0.0,"(0.1%,0.5%]","(-inf,161]",0
7851,438,7,7,True,0.6547261845859431,0.0,>0.5%,"(386,inf]",7
7852,123,7,0,False,0.11867148576761441,0.383192859649265,"(0.1%,0.5%]","(-inf,161]",0
7853,282,7,7,True,0.8396191544336888,0.0,>0.5%,"(275,386]",0
7854,251,2,7,False,0.1970043705660231,0.1970043705660231,"(0.1%,0.5%]","(161,275]",0
7855,186,0,0,True,0.4087776966273911,0.0,"(0.1%,0.5%]","(161,275]",0
7856,498,7,0,False,0.17669496371535642,0.6660098348616165,"(0.1%,0.5%]","(386,inf]",7
7857,336,6,7,False,0.06618205307323004,0.06618205307323004,"(0.01%,0.1%]","(275,386]",0
7858,335,0,0,True,0.48085513615356656,0.0,"(0.1%,0.5%]","(275,386]",0
7859,429,4,0,False,0.7410779939298171,0.7410779939298171,>0.5%,"(386,inf]",7
7860,374,7,7,True,0.23060496503300543,0.0,"(0.1%,0.5%]","(275,386]",0
7861,266,0,0,True,0.22941422139330522,0.0,"(0.1%,0.5%]","(161,275]",0
7862,78,3,3,True,0.03212110341190741,0.0,"(0.01%,0.1%]","(-inf,161]",0
7863,288,6,7,False,0.12775244285210025,0.12775244285210025,"(0.1%,0.5%]","(275,386]",0
7864,109,3,0,False,0.4663659669075299,1.7592796430205524,"(0.1%,0.5%]","(-inf,161]",0
7865,487,4,0,False,0.4807513778581759,8.811288584699199,"(0.1%,0.5%]","(386,inf]",7
7866,190,0,0,True,0.22682535967565057,0.0,"(0.1%,0.5%]","(161,275]",0
7867,325,4,0,False,0.2738718926476456,0.3404019665959968,"(0.1%,0.5%]","(275,386]",0
7868,337,0,0,True,1.4397161727212338,0.0,>0.5%,"(275,386]",0
7869,305,0,0,True,0.05124390220112801,0.0,"(0.01%,0.1%]","(275,386]",0
7870,270,6,0,False,0.18303733730094485,0.5203043639795967,"(0.1%,0.5%]","(161,275]",0
7871,171,4,0,False,0.23922631338503753,0.23922631338503753,"(0.1%,0.5%]","(161,275]",0
7872,88,3,3,True,0.35165838795689597,0.0,"(0.1%,0.5%]","(-inf,161]",0
7873,254,7,7,True,0.9720371165371644,0.0,>0.5%,"(161,275]",0
7874,343,4,0,False,0.24395546091680106,0.24395546091680106,"(0.1%,0.5%]","(275,386]",0
7875,340,2,7,False,0.0866094454005925,2.5112090174239263,"(0.01%,0.1%]","(275,386]",0
7876,438,0,7,False,0.5109018454000261,0.7586954773225152,>0.5%,"(386,inf]",7
7877,431,7,7,True,0.3829448681558284,0.0,"(0.1%,0.5%]","(386,inf]",7
7878,186,0,0,True,0.5703359214796935,0.0,>0.5%,"(161,275]",0
7879,163,4,0,False,0.00234292365138423,0.00234292365138423,"(0,0.01%]","(161,275]",0
7880,181,2,0,False,0.3758129652139676,0.6448899207059452,"(0.1%,0.5%]","(161,275]",0
7881,162,4,0,False,0.15188284560809828,0.15188284560809828,"(0.1%,0.5%]","(161,275]",0
7882,334,7,7,True,0.6437076232836575,0.0,>0.5%,"(275,386]",0
7883,452,7,7,True,0.7797660391569192,0.0,>0.5%,"(386,inf]",7
7884,159,0,0,True,0.10058513745004127,0.0,"(0.1%,0.5%]","(-inf,161]",0
7885,104,0,3,False,0.07306195354637171,0.07306195354637171,"(0.01%,0.1%]","(-inf,161]",0
7886,198,0,2,False,0.534597447649914,1.5108019627767615,>0.5%,"(161,275]",0
7887,419,2,7,False,0.2760760592519041,0.5772687904267428,"(0.1%,0.5%]","(386,inf]",7
7888,267,2,6,False,0.3368344772663034,0.7231119286231703,"(0.1%,0.5%]","(161,275]",0
7889,78,1,3,False,0.015857638714214983,0.019110982523643752,"(0.01%,0.1%]","(-inf,161]",0
7890,118,0,0,True,0.01840122586900174,0.0,"(0.01%,0.1%]","(-inf,161]",0
7891,411,7,7,True,0.7432769638038765,0.0,>0.5%,"(386,inf]",7
7892,256,6,2,False,0.2683946234592802,0.2683946234592802,"(0.1%,0.5%]","(161,275]",0
7893,208,7,7,True,0.18198082936423313,0.0,"(0.1%,0.5%]","(161,275]",0
7894,380,2,7,False,0.14689735908309595,0.43531191432795685,"(0.1%,0.5%]","(275,386]",0
7895,429,7,7,True,0.747225188787597,0.0,>0.5%,"(386,inf]",7
7896,182,4,0,False,0.023075598203077467,3.971353155933869,"(0.01%,0.1%]","(161,275]",0
7897,447,6,0,False,0.1991211349444905,0.4145671547506619,"(0.1%,0.5%]","(386,inf]",7
7898,243,4,0,False,0.48890702831019134,0.48890702831019134,"(0.1%,0.5%]","(161,275]",0
7899,334,0,7,False,0.3987143072034331,2.0714099573534996,"(0.1%,0.5%]","(275,386]",0
7900,235,7,0,False,0.0677463547208073,1.6309119072613958,"(0.01%,0.1%]","(161,275]",0
7901,219,2,2,True,0.6485229725775777,0.0,>0.5%,"(161,275]",0
7902,146,3,0,False,0.0708295206774896,0.0708295206774896,"(0.01%,0.1%]","(-inf,161]",0
7903,116,2,3,False,0.35064748890677994,0.35064748890677994,"(0.1%,0.5%]","(-inf,161]",0
7904,109,7,3,False,0.07567930107850862,0.3580442474859516,"(0.01%,0.1%]","(-inf,161]",0
7905,228,4,0,False,0.3239027751483937,0.3239027751483937,"(0.1%,0.5%]","(161,275]",0
7906,368,6,6,True,0.130521897579516,0.0,"(0.1%,0.5%]","(275,386]",0
7907,268,7,7,True,1.3526139797122543,0.0,>0.5%,"(161,275]",0
7908,201,0,0,True,0.1795037918805326,0.0,"(0.1%,0.5%]","(161,275]",0
7909,406,0,7,False,1.251830357006913,1.251830357006913,>0.5%,"(386,inf]",7
7910,73,0,3,False,0.039081450007527725,0.039081450007527725,"(0.01%,0.1%]","(-inf,161]",0
7911,52,1,3,False,0.0,0.05744865011981567,=0,"(-inf,161]",0
7912,466,7,7,True,0.42229230560197806,0.0,"(0.1%,0.5%]","(386,inf]",7
7913,285,7,2,False,0.3504252252430342,1.1037474190786605,"(0.1%,0.5%]","(275,386]",0
7914,402,4,0,False,0.22027676204425659,0.427904150393348,"(0.1%,0.5%]","(386,inf]",7
7915,461,0,0,True,0.49718500142133587,0.0,"(0.1%,0.5%]","(386,inf]",7
7916,204,0,0,True,0.47412411385408815,0.0,"(0.1%,0.5%]","(161,275]",0
7917,82,3,0,False,0.37511442558395014,0.8369152465326588,"(0.1%,0.5%]","(-inf,161]",0
7918,444,2,7,False,0.12707030110267306,1.1397365676036477,"(0.1%,0.5%]","(386,inf]",7
7919,82,3,3,True,0.7038127594495005,0.0,>0.5%,"(-inf,161]",0
7920,478,7,7,True,0.21277064447565674,0.0,"(0.1%,0.5%]","(386,inf]",7
7921,293,4,0,False,1.0208432740356295,1.0208432740356295,>0.5%,"(275,386]",0
7922,353,2,7,False,0.06789539564535244,1.815738465834655,"(0.01%,0.1%]","(275,386]",0
7923,100,3,0,False,0.2842633610817153,0.2842633610817153,"(0.1%,0.5%]","(-inf,161]",0
7924,261,7,6,False,0.08469744600554337,0.3089576664819969,"(0.01%,0.1%]","(161,275]",0
7925,322,6,0,False,0.4241850811653483,6.950677040756742,"(0.1%,0.5%]","(275,386]",0
7926,64,1,3,False,0.07861133536593908,0.07861133536593908,"(0.01%,0.1%]","(-inf,161]",0
7927,239,0,0,True,0.2742975570522673,0.0,"(0.1%,0.5%]","(161,275]",0
7928,430,0,0,True,0.6319883764525029,0.0,>0.5%,"(386,inf]",7
7929,489,0,7,False,0.08673534490507791,1.97887614967744,"(0.01%,0.1%]","(386,inf]",7
7930,499,2,7,False,0.4193469692726194,0.4193469692726194,"(0.1%,0.5%]","(386,inf]",7
7931,116,3,3,True,0.47627950949717424,0.0,"(0.1%,0.5%]","(-inf,161]",0
7932,289,7,7,True,0.3502392887311475,0.0,"(0.1%,0.5%]","(275,386]",0
7933,314,6,0,False,0.42516012030286165,0.4689754221646121,"(0.1%,0.5%]","(275,386]",0
7934,477,6,7,False,0.3290745718968242,0.466861810364855,"(0.1%,0.5%]","(386,inf]",7
7935,171,4,0,False,1.170686794411852,1.3188333235134642,>0.5%,"(161,275]",0
7936,104,0,0,True,0.49702852127671965,0.0,"(0.1%,0.5%]","(-inf,161]",0
7937,162,0,0,True,0.20629235430274406,0.0,"(0.1%,0.5%]","(161,275]",0
7938,498,0,0,True,0.3916332819162359,0.0,"(0.1%,0.5%]","(386,inf]",7
7939,201,7,2,False,0.5674742475638521,0.5674742475638521,>0.5%,"(161,275]",0
7940,382,4,0,False,0.2868173452343017,0.2868173452343017,"(0.1%,0.5%]","(275,386]",0
7941,195,6,7,False,1.2686644477475624,1.908738647852585,>0.5%,"(161,275]",0
7942,457,4,0,False,0.27010904138082126,0.27010904138082126,"(0.1%,0.5%]","(386,inf]",7
7943,88,0,3,False,0.1610432676718235,0.1610432676718235,"(0.1%,0.5%]","(-inf,161]",0
7944,486,4,7,False,0.270854673176303,0.270854673176303,"(0.1%,0.5%]","(386,inf]",7
7945,480,7,7,True,0.26213672898980833,0.0,"(0.1%,0.5%]","(386,inf]",7
7946,164,1,3,False,0.44621608377212196,0.6747864382350852,"(0.1%,0.5%]","(161,275]",0
7947,279,0,0,True,0.49422491192275125,0.0,"(0.1%,0.5%]","(275,386]",0
7948,442,4,0,False,0.5411971231787392,0.6096861682627907,>0.5%,"(386,inf]",7
7949,225,6,0,False,1.4406045771030684,3.8632576274337973,>0.5%,"(161,275]",0
7950,376,0,0,True,0.793679082446114,0.0,>0.5%,"(275,386]",0
7951,361,4,0,False,0.4477804097897168,1.3232636876243302,"(0.1%,0.5%]","(275,386]",0
7952,113,4,0,False,0.06432064764400242,0.06432064764400242,"(0.01%,0.1%]","(-inf,161]",0
7953,360,1,7,False,0.1540048694305463,3.3355022682217994,"(0.1%,0.5%]","(275,386]",0
7954,301,0,0,True,0.5707227295081748,0.0,>0.5%,"(275,386]",0
7955,471,6,0,False,0.4513971507834615,0.625774389827678,"(0.1%,0.5%]","(386,inf]",7
7956,242,4,0,False,0.16197857947945546,0.8583506014469768,"(0.1%,0.5%]","(161,275]",0
7957,101,4,0,False,0.022955987227791953,0.022955987227791953,"(0.01%,0.1%]","(-inf,161]",0
7958,400,6,0,False,1.2486444529428062,2.4927914217669005,>0.5%,"(386,inf]",7
7959,349,0,0,True,0.057221747922986885,0.0,"(0.01%,0.1%]","(275,386]",0
7960,226,6,7,False,0.044585800646449014,0.044585800646449014,"(0.01%,0.1%]","(161,275]",0
7961,282,0,0,True,0.08623956136412472,0.0,"(0.01%,0.1%]","(275,386]",0
7962,381,0,0,True,0.6919283048955114,0.0,>0.5%,"(275,386]",0
7963,413,4,0,False,0.14655571156992475,0.14655571156992475,"(0.1%,0.5%]","(386,inf]",7
7964,327,0,0,True,1.3251533134006726,0.0,>0.5%,"(275,386]",0
7965,172,4,0,False,0.4593563994035814,3.507768600654839,"(0.1%,0.5%]","(161,275]",0
7966,373,6,0,False,0.2123693635266199,1.1892064802869469,"(0.1%,0.5%]","(275,386]",0
7967,393,2,0,False,1.6729875541806771,2.4778731781379277,>0.5%,"(386,inf]",7
7968,285,0,0,True,0.3707182642941412,0.0,"(0.1%,0.5%]","(275,386]",0
7969,281,4,0,False,0.12014545447750857,0.12014545447750857,"(0.1%,0.5%]","(275,386]",0
7970,91,2,3,False,5.423865784639044e-06,0.02469252030818297,"(0,0.01%]","(-inf,161]",0
7971,259,1,7,False,0.06416794568667943,0.8964890717154351,"(0.01%,0.1%]","(161,275]",0
7972,53,3,3,True,0.0,0.0,=0,"(-inf,161]",0
7973,314,0,7,False,1.5594174388070863,1.9339647282161272,>0.5%,"(275,386]",0
7974,350,4,0,False,0.5552707715178973,2.013361647443924,>0.5%,"(275,386]",0
7975,228,7,2,False,0.1910400225276137,0.2729938347370803,"(0.1%,0.5%]","(161,275]",0
7976,234,7,0,False,0.16480855392524904,0.16480855392524904,"(0.1%,0.5%]","(161,275]",0
7977,390,1,7,False,0.01970234714542683,0.01970234714542683,"(0.01%,0.1%]","(386,inf]",7
7978,489,2,7,False,0.4693582761587085,0.4693582761587085,"(0.1%,0.5%]","(386,inf]",7
7979,464,0,0,True,1.0416956266883894,0.0,>0.5%,"(386,inf]",7
7980,369,6,7,False,0.6664896939759355,0.6664896939759355,>0.5%,"(275,386]",0
7981,258,1,2,False,0.09281223601367947,3.1629674490101976,"(0.01%,0.1%]","(161,275]",0
7982,146,0,0,True,0.45200770158726383,0.0,"(0.1%,0.5%]","(-inf,161]",0
7983,253,2,0,False,0.3807425522146335,0.3872017628475062,"(0.1%,0.5%]","(161,275]",0
7984,196,4,0,False,0.20908958516799547,0.3643101577575173,"(0.1%,0.5%]","(161,275]",0
7985,331,6,7,False,0.1454190777778377,1.7195139419371348,"(0.1%,0.5%]","(275,386]",0
7986,454,7,7,True,0.08423494976180106,0.0,"(0.01%,0.1%]","(386,inf]",7
7987,342,2,0,False,0.019453291183194443,0.019453291183194443,"(0.01%,0.1%]","(275,386]",0
7988,373,4,0,False,0.1546290096102012,0.1546290096102012,"(0.1%,0.5%]","(275,386]",0
7989,487,7,7,True,0.6150817941928762,0.0,>0.5%,"(386,inf]",7
7990,125,0,0,True,0.29972000726322234,0.0,"(0.1%,0.5%]","(-inf,161]",0
7991,124,4,0,False,0.2207038544230372,0.38394087144443506,"(0.1%,0.5%]","(-inf,161]",0
7992,452,7,7,True,1.43159598649186,0.0,>0.5%,"(386,inf]",7
7993,184,5,2,False,0.6629007624568323,0.8111144859899394,>0.5%,"(161,275]",0
7994,165,2,0,False,0.32643107243386027,2.3103090776100945,"(0.1%,0.5%]","(161,275]",0
7995,455,7,7,True,0.0035868936159598993,0.0,"(0,0.01%]","(386,inf]",7
7996,429,2,6,False,0.2855710851022752,1.0991279587188212,"(0.1%,0.5%]","(386,inf]",7
7997,383,4,7,False,0.08222304020416975,0.08222304020416975,"(0.01%,0.1%]","(275,386]",0
7998,377,2,7,False,1.3432774460039405,1.4664895823967505,>0.5%,"(275,386]",0
7999,264,7,2,False,1.7624739367305349,1.7624739367305349,>0.5%,"(161,275]",0
8000,478,6,0,False,0.8256201430663074,0.8375868696403431,>0.5%,"(386,inf]",7
8001,54,1,3,False,0.0,0.2094813093014237,=0,"(-inf,161]",0
8002,98,0,3,False,0.45475077567340194,0.6131797795223962,"(0.1%,0.5%]","(-inf,161]",0
8003,435,1,7,False,0.5566468112255871,1.1484425916237149,>0.5%,"(386,inf]",7
8004,451,2,7,False,0.11679041227736987,0.8585560143550197,"(0.1%,0.5%]","(386,inf]",7
8005,59,3,3,True,0.15317612982183537,0.0,"(0.1%,0.5%]","(-inf,161]",0
8006,147,0,0,True,0.2465641692189297,0.0,"(0.1%,0.5%]","(-inf,161]",0
8007,391,0,0,True,1.0991433722506434,0.0,>0.5%,"(386,inf]",7
8008,184,6,2,False,0.2684757457861811,0.8900673645152143,"(0.1%,0.5%]","(161,275]",0
8009,328,6,7,False,0.5719710994218735,1.4858865225056699,>0.5%,"(275,386]",0
8010,106,1,0,False,0.1206175428636066,0.3944696871998548,"(0.1%,0.5%]","(-inf,161]",0
8011,417,0,0,True,0.5543759835501815,0.0,>0.5%,"(386,inf]",7
8012,129,0,0,True,0.21236982508440835,0.0,"(0.1%,0.5%]","(-inf,161]",0
8013,494,6,0,False,1.0740538653120517,1.2120746918026666,>0.5%,"(386,inf]",7
8014,102,1,3,False,0.04275193487193481,0.30517680605423075,"(0.01%,0.1%]","(-inf,161]",0
8015,57,0,3,False,0.09668104048562334,0.17142951386191269,"(0.01%,0.1%]","(-inf,161]",0
8016,154,4,0,False,0.45315833068388456,1.7385557058381413,"(0.1%,0.5%]","(-inf,161]",0
8017,248,2,0,False,0.41277661373922186,0.48308584958642076,"(0.1%,0.5%]","(161,275]",0
8018,246,0,0,True,0.6689853979660824,0.0,>0.5%,"(161,275]",0
8019,338,4,0,False,0.23517465820353992,0.23517465820353992,"(0.1%,0.5%]","(275,386]",0
8020,152,1,0,False,0.3400672949267879,2.1416523303305657,"(0.1%,0.5%]","(-inf,161]",0
8021,307,6,7,False,0.44644411102086523,0.44644411102086523,"(0.1%,0.5%]","(275,386]",0
8022,319,0,0,True,0.32601440770891166,0.0,"(0.1%,0.5%]","(275,386]",0
8023,303,2,7,False,0.3461891437120211,0.6627053534054123,"(0.1%,0.5%]","(275,386]",0
8024,67,6,3,False,0.05467492260027195,0.05467492260027195,"(0.01%,0.1%]","(-inf,161]",0
8025,57,4,3,False,3.7610538366581206e-06,0.028503262924995526,"(0,0.01%]","(-inf,161]",0
8026,122,2,0,False,0.09908185501759104,0.09908185501759104,"(0.01%,0.1%]","(-inf,161]",0
8027,458,7,0,False,0.05580539389547474,1.1447397274995739,"(0.01%,0.1%]","(386,inf]",7
8028,425,7,7,True,0.5666356759479437,0.0,>0.5%,"(386,inf]",7
8029,273,2,7,False,0.44072836195099074,0.44072836195099074,"(0.1%,0.5%]","(161,275]",0
8030,314,4,7,False,0.9275473753175602,0.9275473753175602,>0.5%,"(275,386]",0
8031,159,0,0,True,0.12478101920207296,0.0,"(0.1%,0.5%]","(-inf,161]",0
8032,404,2,7,False,1.3148542378013237,1.4526094620844385,>0.5%,"(386,inf]",7
8033,95,0,3,False,0.10136952492342406,0.4910262836538245,"(0.1%,0.5%]","(-inf,161]",0
8034,385,0,0,True,0.3398247112930423,0.0,"(0.1%,0.5%]","(275,386]",0
8035,407,4,0,False,0.177648455186767,1.0456986319799977,"(0.1%,0.5%]","(386,inf]",7
8036,125,4,0,False,0.09284471001406126,0.09284471001406126,"(0.01%,0.1%]","(-inf,161]",0
8037,454,7,7,True,0.958625035686592,0.0,>0.5%,"(386,inf]",7
8038,124,3,3,True,0.2642100772741082,0.0,"(0.1%,0.5%]","(-inf,161]",0
8039,56,0,3,False,0.08600148917158425,0.08600148917158425,"(0.01%,0.1%]","(-inf,161]",0
8040,498,7,7,True,1.1617432730279875,0.0,>0.5%,"(386,inf]",7
8041,75,3,3,True,6.543943843690188e-06,0.0,"(0,0.01%]","(-inf,161]",0
8042,117,4,0,False,0.2559226267626797,0.2559226267626797,"(0.1%,0.5%]","(-inf,161]",0
8043,406,1,7,False,0.09085058165123545,0.7483985584410671,"(0.01%,0.1%]","(386,inf]",7
8044,375,0,0,True,1.1108632868106036,0.0,>0.5%,"(275,386]",0
8045,392,6,0,False,0.5875272513465982,0.5875272513465982,>0.5%,"(386,inf]",7
8046,182,0,0,True,0.02155816580899938,0.0,"(0.01%,0.1%]","(161,275]",0
8047,129,3,3,True,0.8845907574440108,0.0,>0.5%,"(-inf,161]",0
8048,437,6,0,False,0.13793159002960942,0.42788516915703734,"(0.1%,0.5%]","(386,inf]",7
8049,140,0,0,True,0.9155201113131127,0.0,>0.5%,"(-inf,161]",0
8050,384,6,0,False,0.2839840701485999,0.2839840701485999,"(0.1%,0.5%]","(275,386]",0
8051,222,4,0,False,0.09200527494454735,0.09200527494454735,"(0.01%,0.1%]","(161,275]",0
8052,313,0,0,True,0.49993477153753424,0.0,"(0.1%,0.5%]","(275,386]",0
8053,149,4,0,False,0.31716561689412104,6.129731721551107,"(0.1%,0.5%]","(-inf,161]",0
8054,343,2,7,False,1.3367403360046155,1.807460570215923,>0.5%,"(275,386]",0
8055,250,7,7,True,0.6285938033645698,0.0,>0.5%,"(161,275]",0
8056,340,0,0,True,0.06079656557168801,0.0,"(0.01%,0.1%]","(275,386]",0
8057,69,3,3,True,0.006868252879608826,0.0,"(0,0.01%]","(-inf,161]",0
8058,422,2,7,False,0.06433272289040642,0.06433272289040642,"(0.01%,0.1%]","(386,inf]",7
8059,462,0,7,False,0.673024138846268,1.15115993551741,>0.5%,"(386,inf]",7
8060,129,7,3,False,0.3803934559463562,0.41757750870696564,"(0.1%,0.5%]","(-inf,161]",0
8061,339,6,6,True,0.29844146700982055,0.0,"(0.1%,0.5%]","(275,386]",0
8062,104,0,3,False,0.15288709854623364,0.15288709854623364,"(0.1%,0.5%]","(-inf,161]",0
8063,308,0,0,True,0.5061828312164744,0.0,>0.5%,"(275,386]",0
8064,81,3,3,True,0.16678974994110998,0.0,"(0.1%,0.5%]","(-inf,161]",0
8065,335,4,0,False,0.2518100676314668,1.889635849215137,"(0.1%,0.5%]","(275,386]",0
8066,430,0,7,False,1.3144517389210335,1.484864333631958,>0.5%,"(386,inf]",7
8067,60,1,3,False,0.24841872756111716,0.24841872756111716,"(0.1%,0.5%]","(-inf,161]",0
8068,190,3,0,False,0.13260498774405044,1.6551557702519593,"(0.1%,0.5%]","(161,275]",0
8069,499,0,0,True,0.3172033715678842,0.0,"(0.1%,0.5%]","(386,inf]",7
8070,144,0,0,True,0.0,0.0,=0,"(-inf,161]",0
8071,64,3,3,True,0.295843756598695,0.0,"(0.1%,0.5%]","(-inf,161]",0
8072,63,6,3,False,0.0,0.9192173563292679,=0,"(-inf,161]",0
8073,306,7,7,True,0.05802140986537073,0.0,"(0.01%,0.1%]","(275,386]",0
8074,156,7,3,False,0.08520463045336234,0.33048957349352287,"(0.01%,0.1%]","(-inf,161]",0
8075,405,2,7,False,0.38554550314074815,0.38554550314074815,"(0.1%,0.5%]","(386,inf]",7
8076,83,7,3,False,0.032283294991727204,0.6712577752503187,"(0.01%,0.1%]","(-inf,161]",0
8077,235,0,0,True,0.2156914948755315,0.0,"(0.1%,0.5%]","(161,275]",0
8078,288,0,0,True,0.25514108107112154,0.0,"(0.1%,0.5%]","(275,386]",0
8079,213,0,0,True,1.209911223212127,0.0,>0.5%,"(161,275]",0
8080,413,0,0,True,0.3163797675178855,0.0,"(0.1%,0.5%]","(386,inf]",7
8081,360,7,0,False,0.10767347124315525,1.0589076603493452,"(0.1%,0.5%]","(275,386]",0
8082,124,3,3,True,0.21105534486990876,0.0,"(0.1%,0.5%]","(-inf,161]",0
8083,310,2,0,False,0.2377774893839803,0.8808754532414661,"(0.1%,0.5%]","(275,386]",0
8084,345,0,0,True,2.1513427695569867,0.0,>0.5%,"(275,386]",0
8085,243,7,7,True,0.35433931112503214,0.0,"(0.1%,0.5%]","(161,275]",0
8086,73,7,3,False,0.03429753646191211,0.03429753646191211,"(0.01%,0.1%]","(-inf,161]",0
8087,315,1,7,False,2.505725992737627,2.8864785589166684,>0.5%,"(275,386]",0
8088,319,4,7,False,1.28052544876499,3.2625675207901677,>0.5%,"(275,386]",0
8089,317,7,0,False,0.4338897872258376,0.9132732109525307,"(0.1%,0.5%]","(275,386]",0
8090,437,0,0,True,1.103321211684924,0.0,>0.5%,"(386,inf]",7
8091,78,0,3,False,0.010924812601488705,0.3555545160906295,"(0.01%,0.1%]","(-inf,161]",0
8092,346,0,0,True,0.06998667573443877,0.0,"(0.01%,0.1%]","(275,386]",0
8093,284,0,0,True,0.801729839724927,0.0,>0.5%,"(275,386]",0
8094,433,2,2,True,0.009060897327203164,0.0,"(0,0.01%]","(386,inf]",7
8095,236,7,2,False,0.23573290315264311,3.0545905583706454,"(0.1%,0.5%]","(161,275]",0
8096,101,0,0,True,0.0,0.0,=0,"(-inf,161]",0
8097,407,0,0,True,0.6325061076796532,0.0,>0.5%,"(386,inf]",7
8098,393,2,7,False,0.08978790044945378,1.8627451790716159,"(0.01%,0.1%]","(386,inf]",7
8099,95,3,3,True,0.43821697102154916,0.0,"(0.1%,0.5%]","(-inf,161]",0
8100,194,4,0,False,0.5612732939341152,0.5612732939341152,>0.5%,"(161,275]",0
8101,185,0,0,True,0.6519539189650866,0.0,>0.5%,"(161,275]",0
8102,103,0,0,True,0.3868763183986816,0.0,"(0.1%,0.5%]","(-inf,161]",0
8103,168,7,2,False,0.21165124474667785,1.3661469197453797,"(0.1%,0.5%]","(161,275]",0
8104,53,1,3,False,0.0,4.271186364651062e-07,=0,"(-inf,161]",0
8105,111,4,0,False,0.090923011588298,0.2862797213652105,"(0.01%,0.1%]","(-inf,161]",0
8106,298,6,7,False,0.21490123376927003,0.21490123376927003,"(0.1%,0.5%]","(275,386]",0
8107,192,4,2,False,0.4208222360195943,0.4208222360195943,"(0.1%,0.5%]","(161,275]",0
8108,433,4,0,False,0.04091034294862046,0.04091034294862046,"(0.01%,0.1%]","(386,inf]",7
8109,90,2,3,False,0.06182916958850481,0.21584822505604553,"(0.01%,0.1%]","(-inf,161]",0
8110,396,7,7,True,0.6062451312142292,0.0,>0.5%,"(386,inf]",7
8111,432,0,7,False,0.8827328352634908,2.7723983789800353,>0.5%,"(386,inf]",7
8112,436,2,7,False,0.2530882731112429,0.2530882731112429,"(0.1%,0.5%]","(386,inf]",7
8113,95,2,3,False,4.503190341975502e-06,0.15901082219998305,"(0,0.01%]","(-inf,161]",0
8114,151,4,0,False,0.41185174513264444,0.41185174513264444,"(0.1%,0.5%]","(-inf,161]",0
8115,204,4,0,False,0.2563094055178448,0.2563094055178448,"(0.1%,0.5%]","(161,275]",0
8116,186,2,2,True,1.5183491814834698,0.0,>0.5%,"(161,275]",0
8117,371,4,0,False,1.1579150501572715,1.552916630941153,>0.5%,"(275,386]",0
8118,193,4,0,False,0.664700733277772,7.883289364062581,>0.5%,"(161,275]",0
8119,301,0,0,True,0.25322774637083856,0.0,"(0.1%,0.5%]","(275,386]",0
8120,188,0,0,True,1.1211180228747575,0.0,>0.5%,"(161,275]",0
8121,138,7,0,False,0.09866656097544402,2.821942821549659,"(0.01%,0.1%]","(-inf,161]",0
8122,205,0,0,True,0.056597866123057755,0.0,"(0.01%,0.1%]","(161,275]",0
8123,179,3,0,False,0.1277948182127011,8.112985723565886,"(0.1%,0.5%]","(161,275]",0
8124,304,4,0,False,0.1623906169742243,0.1623906169742243,"(0.1%,0.5%]","(275,386]",0
8125,268,0,0,True,0.7727862846805956,0.0,>0.5%,"(161,275]",0
8126,408,4,0,False,0.4527026950002831,0.4527026950002831,"(0.1%,0.5%]","(386,inf]",7
8127,182,0,0,True,0.8959354644698978,0.0,>0.5%,"(161,275]",0
8128,320,0,0,True,0.2951859356507504,0.0,"(0.1%,0.5%]","(275,386]",0
8129,385,4,0,False,0.30503105464030056,1.248946438679612,"(0.1%,0.5%]","(275,386]",0
8130,108,3,0,False,0.29863120661968623,0.29863120661968623,"(0.1%,0.5%]","(-inf,161]",0
8131,87,3,3,True,0.038662303002579106,0.0,"(0.01%,0.1%]","(-inf,161]",0
8132,78,3,3,True,0.31799118734072973,0.0,"(0.1%,0.5%]","(-inf,161]",0
8133,334,4,7,False,0.43411604446877616,2.2073192362441216,"(0.1%,0.5%]","(275,386]",0
8134,217,4,0,False,0.7576359762749104,8.656492478961516,>0.5%,"(161,275]",0
8135,462,6,7,False,0.17864246763255429,1.1661096159918531,"(0.1%,0.5%]","(386,inf]",7
8136,187,0,0,True,0.8781939011662049,0.0,>0.5%,"(161,275]",0
8137,184,4,0,False,0.014297274962424866,1.2026034981017577,"(0.01%,0.1%]","(161,275]",0
8138,261,6,0,False,0.1034377908856911,0.1034377908856911,"(0.1%,0.5%]","(161,275]",0
8139,477,4,0,False,0.05651400225874584,0.05651400225874584,"(0.01%,0.1%]","(386,inf]",7
8140,216,0,0,True,1.5684004837800938,0.0,>0.5%,"(161,275]",0
8141,487,6,7,False,0.1115204138798095,0.9283372790190922,"(0.1%,0.5%]","(386,inf]",7
8142,427,2,7,False,1.0266794705705662,1.0266794705705662,>0.5%,"(386,inf]",7
8143,86,3,3,True,0.15289686579558245,0.0,"(0.1%,0.5%]","(-inf,161]",0
8144,244,6,2,False,0.38252719528597473,3.1006708059325865,"(0.1%,0.5%]","(161,275]",0
8145,258,6,7,False,0.1030089462188442,0.6623708686186418,"(0.1%,0.5%]","(161,275]",0
8146,374,0,0,True,0.29000849851552135,0.0,"(0.1%,0.5%]","(275,386]",0
8147,137,3,0,False,0.5283286123528593,0.5283286123528593,>0.5%,"(-inf,161]",0
8148,111,3,3,True,0.45059687330374865,0.0,"(0.1%,0.5%]","(-inf,161]",0
8149,122,0,0,True,0.03710036777209297,0.0,"(0.01%,0.1%]","(-inf,161]",0
8150,365,6,7,False,1.0335134302818678,1.0335134302818678,>0.5%,"(275,386]",0
8151,71,2,3,False,0.0,0.07351394418025801,=0,"(-inf,161]",0
8152,172,4,0,False,0.46290893161845753,0.6532863972268478,"(0.1%,0.5%]","(161,275]",0
8153,138,4,0,False,0.10421185865475394,0.10421185865475394,"(0.1%,0.5%]","(-inf,161]",0
8154,350,4,0,False,0.4262099063155479,0.4262099063155479,"(0.1%,0.5%]","(275,386]",0
8155,157,1,0,False,0.4223948246441774,1.9696683646051767,"(0.1%,0.5%]","(-inf,161]",0
8156,418,2,7,False,0.0551349894103733,1.1200443630307417,"(0.01%,0.1%]","(386,inf]",7
8157,455,7,7,True,0.5944334387877961,0.0,>0.5%,"(386,inf]",7
8158,343,4,7,False,0.9024873942750259,1.0048570475643794,>0.5%,"(275,386]",0
8159,228,4,0,False,0.17935768766082777,0.3509436018318579,"(0.1%,0.5%]","(161,275]",0
8160,96,4,0,False,0.30562418420334225,0.30562418420334225,"(0.1%,0.5%]","(-inf,161]",0
8161,136,0,0,True,0.2120657381231425,0.0,"(0.1%,0.5%]","(-inf,161]",0
8162,316,0,0,True,0.6656806704774086,0.0,>0.5%,"(275,386]",0
8163,447,7,0,False,0.7387201326347971,2.4043667525855428,>0.5%,"(386,inf]",7
8164,192,4,0,False,0.11097794565552699,0.11097794565552699,"(0.1%,0.5%]","(161,275]",0
8165,381,6,7,False,1.250096434562005,1.3743108369953916,>0.5%,"(275,386]",0
8166,266,0,0,True,0.7835467147119752,0.0,>0.5%,"(161,275]",0
8167,196,0,0,True,0.17944510081170248,0.0,"(0.1%,0.5%]","(161,275]",0
8168,210,5,2,False,0.26562864981956963,1.0575841093373641,"(0.1%,0.5%]","(161,275]",0
8169,303,0,0,True,0.034420998419260114,0.0,"(0.01%,0.1%]","(275,386]",0
8170,259,0,2,False,0.23331299500602998,0.7907494413041496,"(0.1%,0.5%]","(161,275]",0
8171,401,2,7,False,0.7748785410404557,0.7748785410404557,>0.5%,"(386,inf]",7
8172,102,3,0,False,1.3272034097696088,5.2889275473344295,>0.5%,"(-inf,161]",0
8173,196,0,0,True,0.4294354267622039,0.0,"(0.1%,0.5%]","(161,275]",0
8174,103,7,3,False,0.3739802423238377,0.3739802423238377,"(0.1%,0.5%]","(-inf,161]",0
8175,403,7,7,True,0.5957677734643478,0.0,>0.5%,"(386,inf]",7
8176,246,0,0,True,0.21067348009680115,0.0,"(0.1%,0.5%]","(161,275]",0
8177,381,7,7,True,1.1307794500746164,0.0,>0.5%,"(275,386]",0
8178,67,6,3,False,0.018160142604184443,0.5485890705344975,"(0.01%,0.1%]","(-inf,161]",0
8179,141,4,0,False,0.006576425088680471,0.006576425088680471,"(0,0.01%]","(-inf,161]",0
8180,304,0,7,False,0.5058907424005921,1.1051136863372846,>0.5%,"(275,386]",0
8181,56,6,3,False,0.16739905441002978,0.16739905441002978,"(0.1%,0.5%]","(-inf,161]",0
8182,175,0,0,True,0.586494468641252,0.0,>0.5%,"(161,275]",0
8183,292,2,0,False,0.781848715683845,2.1488237140032735,>0.5%,"(275,386]",0
8184,435,7,7,True,1.1687758849784786,0.0,>0.5%,"(386,inf]",7
8185,50,2,3,False,1.9696745967654607e-14,0.5787108023991098,"(0,0.01%]","(-inf,161]",0
8186,354,6,7,False,0.35098146343669817,0.35098146343669817,"(0.1%,0.5%]","(275,386]",0
8187,140,0,0,True,0.06221682427479271,0.0,"(0.01%,0.1%]","(-inf,161]",0
8188,344,2,7,False,0.7205224874042139,1.8562311611144202,>0.5%,"(275,386]",0
8189,154,0,0,True,0.07380064185305,0.0,"(0.01%,0.1%]","(-inf,161]",0
8190,390,4,0,False,0.19398583711522532,0.19398583711522532,"(0.1%,0.5%]","(386,inf]",7
8191,204,0,0,True,0.17110715437113264,0.0,"(0.1%,0.5%]","(161,275]",0
8192,105,0,3,False,0.3607015059448571,0.4107384831297115,"(0.1%,0.5%]","(-inf,161]",0
8193,90,1,3,False,0.016063047887196757,0.0678891795216653,"(0.01%,0.1%]","(-inf,161]",0
8194,144,0,0,True,0.3836406182869739,0.0,"(0.1%,0.5%]","(-inf,161]",0
8195,387,7,7,True,0.6056879500080318,0.0,>0.5%,"(386,inf]",7
8196,467,7,7,True,0.5077501431353614,0.0,>0.5%,"(386,inf]",7
8197,156,0,0,True,0.1729186294780794,0.0,"(0.1%,0.5%]","(-inf,161]",0
8198,466,6,0,False,0.2063222808057345,1.3987866594653553,"(0.1%,0.5%]","(386,inf]",7
8199,485,0,7,False,0.10963602732316036,1.0451191212115236,"(0.1%,0.5%]","(386,inf]",7
8200,495,2,7,False,0.938413612334197,0.938413612334197,>0.5%,"(386,inf]",7
8201,349,4,0,False,0.19493702291479856,1.8531048848670608,"(0.1%,0.5%]","(275,386]",0
8202,202,2,0,False,0.44671629606339475,2.6901363180605378,"(0.1%,0.5%]","(161,275]",0
8203,93,0,3,False,4.378721037220073e-06,0.5230099758284188,"(0,0.01%]","(-inf,161]",0
8204,232,0,0,True,0.09430190461593008,0.0,"(0.01%,0.1%]","(161,275]",0
8205,256,4,0,False,1.0685760304994252,1.0812772645025532,>0.5%,"(161,275]",0
8206,95,3,3,True,0.13533754995104136,0.0,"(0.1%,0.5%]","(-inf,161]",0
8207,131,0,0,True,0.0,0.0,=0,"(-inf,161]",0
8208,443,7,0,False,1.2541962075852233,1.7218963198136237,>0.5%,"(386,inf]",7
8209,90,0,3,False,0.03783977181554544,0.03783977181554544,"(0.01%,0.1%]","(-inf,161]",0
8210,498,6,0,False,0.5062218313387181,1.9916955767228357,>0.5%,"(386,inf]",7
8211,233,0,0,True,0.1996561937378576,0.0,"(0.1%,0.5%]","(161,275]",0
8212,380,4,0,False,0.007527174145316851,0.007527174145316851,"(0,0.01%]","(275,386]",0
8213,73,0,3,False,0.3552117178209171,0.3552117178209171,"(0.1%,0.5%]","(-inf,161]",0
8214,495,0,0,True,0.24716718129717535,0.0,"(0.1%,0.5%]","(386,inf]",7
8215,311,6,0,False,0.1886469952148046,2.2002405213194316,"(0.1%,0.5%]","(275,386]",0
8216,425,2,7,False,0.1639082132437409,0.1672809402932019,"(0.1%,0.5%]","(386,inf]",7
8217,88,1,3,False,0.10157723374434278,0.10157723374434278,"(0.1%,0.5%]","(-inf,161]",0
8218,241,0,0,True,0.14862137482119905,0.0,"(0.1%,0.5%]","(161,275]",0
8219,398,7,7,True,0.09433168838121443,0.0,"(0.01%,0.1%]","(386,inf]",7
8220,416,2,7,False,0.7745174343851198,0.7745174343851198,>0.5%,"(386,inf]",7
8221,133,6,0,False,0.20391995313942976,0.20391995313942976,"(0.1%,0.5%]","(-inf,161]",0
8222,415,0,0,True,0.34473981864551584,0.0,"(0.1%,0.5%]","(386,inf]",7
8223,216,0,0,True,0.16455256960301168,0.0,"(0.1%,0.5%]","(161,275]",0
8224,493,6,7,False,0.5692116286195787,0.9233880309495823,>0.5%,"(386,inf]",7
8225,154,0,0,True,0.0013711588498663886,0.0,"(0,0.01%]","(-inf,161]",0
8226,190,0,0,True,0.05569070823509384,0.0,"(0.01%,0.1%]","(161,275]",0
8227,179,5,0,False,0.1669494228834698,0.47399404493425473,"(0.1%,0.5%]","(161,275]",0
8228,458,7,7,True,0.36748816158414566,0.0,"(0.1%,0.5%]","(386,inf]",7
8229,317,0,0,True,0.6548733075061046,0.0,>0.5%,"(275,386]",0
8230,176,0,0,True,0.4959453830341263,0.0,"(0.1%,0.5%]","(161,275]",0
8231,70,0,3,False,0.0,0.0,=0,"(-inf,161]",0
8232,255,6,0,False,0.19599555693037865,0.8694589645935927,"(0.1%,0.5%]","(161,275]",0
8233,327,0,0,True,0.9570742276984873,0.0,>0.5%,"(275,386]",0
8234,454,2,7,False,0.12067207586305097,0.28862933872392454,"(0.1%,0.5%]","(386,inf]",7
8235,180,0,0,True,0.10448348768149081,0.0,"(0.1%,0.5%]","(161,275]",0
8236,387,6,0,False,0.7096314128920143,1.6689098655323822,>0.5%,"(386,inf]",7
8237,123,0,0,True,0.21928968995779352,0.0,"(0.1%,0.5%]","(-inf,161]",0
8238,119,0,3,False,0.28773735528496414,0.546785295553702,"(0.1%,0.5%]","(-inf,161]",0
8239,133,3,3,True,0.2359830022673055,0.0,"(0.1%,0.5%]","(-inf,161]",0
8240,264,4,2,False,1.0383638859125233,2.3574305061289484,>0.5%,"(161,275]",0
8241,50,3,3,True,6.163689971655985e-06,0.0,"(0,0.01%]","(-inf,161]",0
8242,429,4,0,False,1.5864597081470693,1.5864597081470693,>0.5%,"(386,inf]",7
8243,350,0,0,True,0.2763462258737066,0.0,"(0.1%,0.5%]","(275,386]",0
8244,291,4,0,False,0.18849279670644012,0.18849279670644012,"(0.1%,0.5%]","(275,386]",0
8245,63,3,3,True,0.1940495809437766,0.0,"(0.1%,0.5%]","(-inf,161]",0
8246,141,3,0,False,0.5129153500600095,0.5680528147811076,>0.5%,"(-inf,161]",0
8247,124,0,0,True,0.002195749843866502,0.0,"(0,0.01%]","(-inf,161]",0
8248,208,1,0,False,0.6094153300787982,3.2969020537361446,>0.5%,"(161,275]",0
8249,240,6,0,False,0.28125874826553254,1.483322523650078,"(0.1%,0.5%]","(161,275]",0
8250,351,6,7,False,0.34271332894609197,0.34271332894609197,"(0.1%,0.5%]","(275,386]",0
8251,300,0,0,True,0.43391678982907556,0.0,"(0.1%,0.5%]","(275,386]",0
8252,197,0,0,True,0.48134916565484454,0.0,"(0.1%,0.5%]","(161,275]",0
8253,455,0,0,True,1.1834742759234356,0.0,>0.5%,"(386,inf]",7
8254,274,4,0,False,1.4494498095595105,1.9692011598058259,>0.5%,"(161,275]",0
8255,479,4,0,False,0.5492567657075554,0.6678344926946028,>0.5%,"(386,inf]",7
8256,477,0,0,True,1.5872056876099887,0.0,>0.5%,"(386,inf]",7
8257,250,0,0,True,0.1272557324442364,0.0,"(0.1%,0.5%]","(161,275]",0
8258,276,0,0,True,0.41589188599216065,0.0,"(0.1%,0.5%]","(275,386]",0
8259,80,6,3,False,0.0,0.1370553233310396,=0,"(-inf,161]",0
8260,305,0,0,True,0.5784420382294572,0.0,>0.5%,"(275,386]",0
8261,284,0,0,True,0.8609605279884145,0.0,>0.5%,"(275,386]",0
8262,306,2,7,False,0.8549575412073727,0.8549575412073727,>0.5%,"(275,386]",0
8263,261,6,2,False,0.1058224912646333,0.1058224912646333,"(0.1%,0.5%]","(161,275]",0
8264,107,7,3,False,7.650615872967706e-14,0.03237212688645346,"(0,0.01%]","(-inf,161]",0
8265,327,2,0,False,0.04057410415978341,0.04057410415978341,"(0.01%,0.1%]","(275,386]",0
8266,139,0,0,True,0.5037729317620229,0.0,>0.5%,"(-inf,161]",0
8267,264,1,7,False,0.02855207152541422,0.02855207152541422,"(0.01%,0.1%]","(161,275]",0
8268,317,0,0,True,0.008925966151575282,0.0,"(0,0.01%]","(275,386]",0
8269,99,0,3,False,0.023645868538265256,0.27207783764318394,"(0.01%,0.1%]","(-inf,161]",0
8270,203,1,0,False,0.25256157566565657,0.25256157566565657,"(0.1%,0.5%]","(161,275]",0
8271,391,0,0,True,0.8638206743929662,0.0,>0.5%,"(386,inf]",7
8272,354,4,7,False,1.254959162370567,1.254959162370567,>0.5%,"(275,386]",0
8273,388,0,0,True,0.39524036048426875,0.0,"(0.1%,0.5%]","(386,inf]",7
8274,71,3,3,True,0.05511317364564936,0.0,"(0.01%,0.1%]","(-inf,161]",0
8275,129,7,0,False,0.27763930449617225,8.28450011176197,"(0.1%,0.5%]","(-inf,161]",0
8276,250,2,0,False,0.012749527988712981,0.012749527988712981,"(0.01%,0.1%]","(161,275]",0
8277,255,2,0,False,0.247467936387327,1.4900008020731887,"(0.1%,0.5%]","(161,275]",0
8278,356,0,0,True,0.2306096093091633,0.0,"(0.1%,0.5%]","(275,386]",0
8279,319,0,0,True,0.3205328712862933,0.0,"(0.1%,0.5%]","(275,386]",0
8280,137,0,0,True,0.42450913956292075,0.0,"(0.1%,0.5%]","(-inf,161]",0
8281,217,1,0,False,0.01017332019014142,0.01017332019014142,"(0.01%,0.1%]","(161,275]",0
8282,311,1,0,False,0.30582555609413625,0.30582555609413625,"(0.1%,0.5%]","(275,386]",0
8283,479,2,7,False,0.005447777457798132,0.005447777457798132,"(0,0.01%]","(386,inf]",7
8284,93,6,3,False,0.15767503027757532,0.4151262103063898,"(0.1%,0.5%]","(-inf,161]",0
8285,496,7,0,False,0.05767332854043143,0.05767332854043143,"(0.01%,0.1%]","(386,inf]",7
8286,195,0,0,True,0.6108568355302719,0.0,>0.5%,"(161,275]",0
8287,154,3,0,False,0.0007343693162874791,0.0007343693162874791,"(0,0.01%]","(-inf,161]",0
8288,329,0,0,True,0.07401442745574116,0.0,"(0.01%,0.1%]","(275,386]",0
8289,248,0,0,True,0.5687161757018644,0.0,>0.5%,"(161,275]",0
8290,67,1,3,False,0.33193197052473417,0.33193197052473417,"(0.1%,0.5%]","(-inf,161]",0
8291,413,0,0,True,0.12605074700353217,0.0,"(0.1%,0.5%]","(386,inf]",7
8292,271,0,0,True,1.5907414045743073,0.0,>0.5%,"(161,275]",0
8293,288,2,7,False,0.4350056643942446,1.7624048558975807,"(0.1%,0.5%]","(275,386]",0
8294,297,0,0,True,0.5071229945737011,0.0,>0.5%,"(275,386]",0
8295,407,0,0,True,0.41572454013510907,0.0,"(0.1%,0.5%]","(386,inf]",7
8296,307,7,0,False,0.07001953107597003,0.07001953107597003,"(0.01%,0.1%]","(275,386]",0
8297,83,4,3,False,0.22522118896635113,0.22522118896635113,"(0.1%,0.5%]","(-inf,161]",0
8298,298,0,0,True,0.21706722145283316,0.0,"(0.1%,0.5%]","(275,386]",0
8299,176,2,0,False,0.2960113594264427,0.2960113594264427,"(0.1%,0.5%]","(161,275]",0
8300,202,2,0,False,0.5205642342873332,6.5419777493296065,>0.5%,"(161,275]",0
8301,302,7,0,False,0.6379642210300157,1.6094098690386558,>0.5%,"(275,386]",0
8302,360,7,0,False,0.6390046349956906,0.6390046349956906,>0.5%,"(275,386]",0
8303,149,0,2,False,0.08411335126909163,0.8323481469618178,"(0.01%,0.1%]","(-inf,161]",0
8304,233,0,0,True,1.0973560937963052,0.0,>0.5%,"(161,275]",0
8305,327,0,0,True,0.8493654308153922,0.0,>0.5%,"(275,386]",0
8306,365,6,2,False,0.3303686125090642,0.5766563457664303,"(0.1%,0.5%]","(275,386]",0
8307,336,6,0,False,0.5265698070422484,0.8573078967228935,>0.5%,"(275,386]",0
8308,322,0,0,True,0.7477543325794774,0.0,>0.5%,"(275,386]",0
8309,57,2,3,False,0.1169444076002708,1.0276226197077247,"(0.1%,0.5%]","(-inf,161]",0
8310,436,6,7,False,0.17115141513243773,1.5202385818881812,"(0.1%,0.5%]","(386,inf]",7
8311,409,1,7,False,0.045847355253366535,0.6683597226959441,"(0.01%,0.1%]","(386,inf]",7
8312,190,0,0,True,0.5858726644171005,0.0,>0.5%,"(161,275]",0
8313,284,4,0,False,0.5512682329374289,0.5512682329374289,>0.5%,"(275,386]",0
8314,258,7,0,False,0.004085345345282248,1.9129391676813898,"(0,0.01%]","(161,275]",0
8315,190,0,0,True,0.16347824770096883,0.0,"(0.1%,0.5%]","(161,275]",0
8316,185,2,0,False,0.019136691657787044,0.019136691657787044,"(0.01%,0.1%]","(161,275]",0
8317,426,6,7,False,0.450547164392067,0.450547164392067,"(0.1%,0.5%]","(386,inf]",7
8318,312,4,0,False,0.4038338211917626,1.2423102521001994,"(0.1%,0.5%]","(275,386]",0
8319,160,0,0,True,0.4216036583736828,0.0,"(0.1%,0.5%]","(-inf,161]",0
8320,225,0,0,True,0.4424775867630683,0.0,"(0.1%,0.5%]","(161,275]",0
8321,347,0,0,True,0.6860601955191787,0.0,>0.5%,"(275,386]",0
8322,242,0,0,True,0.8728886559849668,0.0,>0.5%,"(161,275]",0
8323,114,7,0,False,5.080213345410947e-06,0.32058504157660295,"(0,0.01%]","(-inf,161]",0
8324,479,2,7,False,0.3703750400464757,0.6554624248073463,"(0.1%,0.5%]","(386,inf]",7
8325,401,0,0,True,0.4313816378954184,0.0,"(0.1%,0.5%]","(386,inf]",7
8326,269,4,0,False,0.9411777065445647,1.169894304185997,>0.5%,"(161,275]",0
8327,91,2,3,False,0.26326997265391017,1.2670230166949519,"(0.1%,0.5%]","(-inf,161]",0
8328,262,1,0,False,0.8213548078662751,0.8213548078662751,>0.5%,"(161,275]",0
8329,93,4,3,False,0.13032939502970856,0.30762616077191124,"(0.1%,0.5%]","(-inf,161]",0
8330,471,6,7,False,1.219948340970312,3.248691687093207,>0.5%,"(386,inf]",7
8331,69,1,3,False,0.3301354133252121,0.6298039201588965,"(0.1%,0.5%]","(-inf,161]",0
8332,334,0,0,True,0.6523424989797165,0.0,>0.5%,"(275,386]",0
8333,364,2,7,False,0.05514258747757847,0.6511146736607442,"(0.01%,0.1%]","(275,386]",0
8334,359,4,0,False,0.9285663124281273,0.9285663124281273,>0.5%,"(275,386]",0
8335,445,0,7,False,0.7661579579916605,0.7661579579916605,>0.5%,"(386,inf]",7
8336,267,4,0,False,0.11277947907405578,0.11277947907405578,"(0.1%,0.5%]","(161,275]",0
8337,106,0,0,True,0.04234436505235369,0.0,"(0.01%,0.1%]","(-inf,161]",0
8338,310,2,0,False,0.5051317614125269,0.5051317614125269,>0.5%,"(275,386]",0
8339,217,2,0,False,0.513667122881417,2.7660764386451246,>0.5%,"(161,275]",0
8340,225,2,7,False,1.3815069148161212,1.4488769068839336,>0.5%,"(161,275]",0
8341,483,6,7,False,0.09666513632603912,0.09666513632603912,"(0.01%,0.1%]","(386,inf]",7
8342,356,0,0,True,0.23655139007873854,0.0,"(0.1%,0.5%]","(275,386]",0
8343,180,0,0,True,0.05255799884215682,0.0,"(0.01%,0.1%]","(161,275]",0
8344,223,0,0,True,0.24564060251386446,0.0,"(0.1%,0.5%]","(161,275]",0
8345,55,1,3,False,0.0,0.06001079683097347,=0,"(-inf,161]",0
8346,343,7,7,True,0.1732163413642946,0.0,"(0.1%,0.5%]","(275,386]",0
8347,96,0,3,False,0.0,0.6622327555418529,=0,"(-inf,161]",0
8348,202,2,2,True,0.7689763564030752,0.0,>0.5%,"(161,275]",0
8349,221,2,2,True,0.09179669350347833,0.0,"(0.01%,0.1%]","(161,275]",0
8350,63,3,3,True,0.0959740354030576,0.0,"(0.01%,0.1%]","(-inf,161]",0
8351,322,0,0,True,0.10836169354079418,0.0,"(0.1%,0.5%]","(275,386]",0
8352,279,2,7,False,0.9422292490629789,0.9422292490629789,>0.5%,"(275,386]",0
8353,431,0,0,True,0.013485909591273574,0.0,"(0.01%,0.1%]","(386,inf]",7
8354,69,0,3,False,9.691277569140723e-06,0.4626131347629324,"(0,0.01%]","(-inf,161]",0
8355,75,2,3,False,0.02742674163126326,0.02742674163126326,"(0.01%,0.1%]","(-inf,161]",0
8356,489,6,7,False,0.050008303395429894,0.050008303395429894,"(0.01%,0.1%]","(386,inf]",7
8357,178,4,0,False,0.32914192403261644,0.32914192403261644,"(0.1%,0.5%]","(161,275]",0
8358,407,0,7,False,0.07207313300185132,0.5451983583615876,"(0.01%,0.1%]","(386,inf]",7
8359,166,3,0,False,0.17117763689578708,10.114963443414766,"(0.1%,0.5%]","(161,275]",0
8360,309,7,0,False,0.6900005254055112,2.2652720802499244,>0.5%,"(275,386]",0
8361,117,2,0,False,0.05306757702603599,0.7477439200940472,"(0.01%,0.1%]","(-inf,161]",0
8362,449,7,7,True,0.3660482890608498,0.0,"(0.1%,0.5%]","(386,inf]",7
8363,251,7,0,False,0.0035745013495101906,1.6730357335999486,"(0,0.01%]","(161,275]",0
8364,262,2,0,False,0.18061355666688764,2.872068476002091,"(0.1%,0.5%]","(161,275]",0
8365,430,0,0,True,0.3985665456205559,0.0,"(0.1%,0.5%]","(386,inf]",7
8366,381,2,7,False,0.8451147052510779,0.8678400559503872,>0.5%,"(275,386]",0
8367,472,7,7,True,0.5016525847104024,0.0,>0.5%,"(386,inf]",7
8368,118,1,0,False,0.15277950402562773,0.15277950402562773,"(0.1%,0.5%]","(-inf,161]",0
8369,474,7,7,True,0.25689127686655727,0.0,"(0.1%,0.5%]","(386,inf]",7
8370,386,2,2,True,0.8923412577194324,0.0,>0.5%,"(275,386]",0
8371,298,0,0,True,0.24652641987253698,0.0,"(0.1%,0.5%]","(275,386]",0
8372,108,6,3,False,0.6324822554257858,0.6324822554257858,>0.5%,"(-inf,161]",0
8373,260,0,0,True,0.29852106964468345,0.0,"(0.1%,0.5%]","(161,275]",0
8374,371,4,0,False,1.359357339019434,2.427990134803876,>0.5%,"(275,386]",0
8375,63,4,3,False,0.27118300154828123,0.27118300154828123,"(0.1%,0.5%]","(-inf,161]",0
8376,434,6,0,False,0.3802072017589774,0.3802072017589774,"(0.1%,0.5%]","(386,inf]",7
8377,135,6,0,False,0.09531515763066878,0.09531515763066878,"(0.01%,0.1%]","(-inf,161]",0
8378,386,0,0,True,0.543093273093332,0.0,>0.5%,"(275,386]",0
8379,323,0,0,True,0.4862412980942515,0.0,"(0.1%,0.5%]","(275,386]",0
8380,463,4,7,False,0.2302661259708229,1.6709384036081731,"(0.1%,0.5%]","(386,inf]",7
8381,273,4,0,False,0.3472492906032344,0.3472492906032344,"(0.1%,0.5%]","(161,275]",0
8382,150,2,2,True,0.14777097595423036,0.0,"(0.1%,0.5%]","(-inf,161]",0
8383,243,7,7,True,1.4322569381507169,0.0,>0.5%,"(161,275]",0
8384,218,2,0,False,0.5196595620585617,13.157706301946067,>0.5%,"(161,275]",0
8385,196,0,0,True,0.6498075579796557,0.0,>0.5%,"(161,275]",0
8386,359,6,0,False,0.0034400998970311536,0.0034400998970311536,"(0,0.01%]","(275,386]",0
8387,463,7,7,True,1.0972769908744422,0.0,>0.5%,"(386,inf]",7
8388,355,0,0,True,0.46488952563111974,0.0,"(0.1%,0.5%]","(275,386]",0
8389,309,0,0,True,0.0827586292146614,0.0,"(0.01%,0.1%]","(275,386]",0
8390,463,7,7,True,0.5890564775777609,0.0,>0.5%,"(386,inf]",7
8391,125,7,0,False,0.06615718306608935,0.5267989016285647,"(0.01%,0.1%]","(-inf,161]",0
8392,383,7,7,True,0.7328540604537959,0.0,>0.5%,"(275,386]",0
8393,408,0,7,False,0.23718082255758202,0.3843089658811968,"(0.1%,0.5%]","(386,inf]",7
8394,78,3,3,True,0.8408096035204913,0.0,>0.5%,"(-inf,161]",0
8395,120,7,0,False,0.194011366154589,0.194011366154589,"(0.1%,0.5%]","(-inf,161]",0
8396,248,0,0,True,0.9475837496636752,0.0,>0.5%,"(161,275]",0
8397,405,6,7,False,0.0018952496114806475,0.0018952496114806475,"(0,0.01%]","(386,inf]",7
8398,166,3,7,False,0.30000218949200946,0.659153879697443,"(0.1%,0.5%]","(161,275]",0
8399,83,0,3,False,0.05003568874142632,0.05152509073174287,"(0.01%,0.1%]","(-inf,161]",0
8400,187,0,2,False,0.3804384206841562,2.7228400886318553,"(0.1%,0.5%]","(161,275]",0
8401,50,3,3,True,0.09659360774456593,0.0,"(0.01%,0.1%]","(-inf,161]",0
8402,174,4,0,False,0.5778978562793029,0.8619998230766963,>0.5%,"(161,275]",0
8403,59,4,3,False,0.14892404361417946,0.2368834053069827,"(0.1%,0.5%]","(-inf,161]",0
8404,253,0,0,True,1.1744971360278504,0.0,>0.5%,"(161,275]",0
8405,134,2,0,False,0.003289689082498966,0.015967386458811288,"(0,0.01%]","(-inf,161]",0
8406,176,2,7,False,0.5075188996095399,1.0257909105975336,>0.5%,"(161,275]",0
8407,323,2,7,False,0.9381929931767335,0.969651776810369,>0.5%,"(275,386]",0
8408,309,2,2,True,0.5706502462557068,0.0,>0.5%,"(275,386]",0
8409,98,7,3,False,0.21618877300494502,0.4258364854761791,"(0.1%,0.5%]","(-inf,161]",0
8410,359,0,0,True,0.4109225625462147,0.0,"(0.1%,0.5%]","(275,386]",0
8411,157,6,0,False,0.032246858506493586,0.032246858506493586,"(0.01%,0.1%]","(-inf,161]",0
8412,345,0,6,False,0.15126436259990222,0.15126436259990222,"(0.1%,0.5%]","(275,386]",0
8413,446,6,7,False,1.6190881655400529,2.5396609566392954,>0.5%,"(386,inf]",7
8414,115,7,3,False,0.15684802740970338,0.9360198398927908,"(0.1%,0.5%]","(-inf,161]",0
8415,433,1,7,False,0.5789545104144649,2.1144428493923657,>0.5%,"(386,inf]",7
8416,189,4,0,False,0.6273780848694394,0.6273780848694394,>0.5%,"(161,275]",0
8417,168,4,0,False,0.00046597943535568905,3.39103379568892,"(0,0.01%]","(161,275]",0
8418,458,7,7,True,0.8388769533604281,0.0,>0.5%,"(386,inf]",7
8419,96,0,3,False,0.1119666416098793,0.1119666416098793,"(0.1%,0.5%]","(-inf,161]",0
8420,431,0,7,False,0.24630337683703535,1.0516829683973352,"(0.1%,0.5%]","(386,inf]",7
8421,304,6,0,False,1.1060925477908257,1.1060925477908257,>0.5%,"(275,386]",0
8422,161,2,0,False,0.03815790167530463,0.03815790167530463,"(0.01%,0.1%]","(-inf,161]",0
8423,113,3,0,False,0.165677674423558,0.5992942217202596,"(0.1%,0.5%]","(-inf,161]",0
8424,138,3,0,False,0.3249901235336185,2.0113016374512216,"(0.1%,0.5%]","(-inf,161]",0
8425,308,7,7,True,0.45380831543838945,0.0,"(0.1%,0.5%]","(275,386]",0
8426,102,3,0,False,0.16673029577112405,0.16673029577112405,"(0.1%,0.5%]","(-inf,161]",0
8427,435,0,0,True,0.36187876436658456,0.0,"(0.1%,0.5%]","(386,inf]",7
8428,397,7,7,True,1.6680180199488488,0.0,>0.5%,"(386,inf]",7
8429,106,6,3,False,0.4338991222951654,0.4338991222951654,"(0.1%,0.5%]","(-inf,161]",0
8430,488,6,7,False,0.3505655036398763,0.3505655036398763,"(0.1%,0.5%]","(386,inf]",7
8431,75,3,3,True,0.45568125179939256,0.0,"(0.1%,0.5%]","(-inf,161]",0
8432,232,0,0,True,0.49398129493828813,0.0,"(0.1%,0.5%]","(161,275]",0
8433,486,7,7,True,0.03900418495974034,0.0,"(0.01%,0.1%]","(386,inf]",7
8434,493,0,0,True,0.42634198787789257,0.0,"(0.1%,0.5%]","(386,inf]",7
8435,343,7,7,True,1.4722632385191692,0.0,>0.5%,"(275,386]",0
8436,461,7,0,False,0.8381646073020204,0.8671774136504086,>0.5%,"(386,inf]",7
8437,102,4,0,False,0.9890291934789054,2.8077899337331713,>0.5%,"(-inf,161]",0
8438,56,3,3,True,2.3875824740480958e-06,0.0,"(0,0.01%]","(-inf,161]",0
8439,448,4,7,False,0.5380483078127558,0.5380483078127558,>0.5%,"(386,inf]",7
8440,197,4,2,False,0.6592453151522678,0.6592453151522678,>0.5%,"(161,275]",0
8441,480,1,7,False,0.029362754946949673,0.5437013956023978,"(0.01%,0.1%]","(386,inf]",7
8442,448,7,7,True,0.9241952292336896,0.0,>0.5%,"(386,inf]",7
8443,373,6,0,False,0.7903385540656296,0.7903385540656296,>0.5%,"(275,386]",0
8444,191,7,0,False,0.3993730521861004,0.3993730521861004,"(0.1%,0.5%]","(161,275]",0
8445,252,4,0,False,0.06161487411281637,0.06161487411281637,"(0.01%,0.1%]","(161,275]",0
8446,418,7,7,True,0.14374564940656243,0.0,"(0.1%,0.5%]","(386,inf]",7
8447,294,0,0,True,1.3791723993974296,0.0,>0.5%,"(275,386]",0
8448,367,7,7,True,1.1556600621048938,0.0,>0.5%,"(275,386]",0
8449,161,0,0,True,0.3521621774741476,0.0,"(0.1%,0.5%]","(-inf,161]",0
8450,450,2,7,False,0.8393664899777359,2.1353015431031053,>0.5%,"(386,inf]",7
8451,69,3,3,True,1.723589245410528e-07,0.0,"(0,0.01%]","(-inf,161]",0
8452,204,2,0,False,0.17785066175501724,0.37211939931260374,"(0.1%,0.5%]","(161,275]",0
8453,358,6,7,False,0.3318041931169239,0.5098739103388619,"(0.1%,0.5%]","(275,386]",0
8454,189,0,0,True,0.9514965540644472,0.0,>0.5%,"(161,275]",0
8455,384,2,7,False,0.4773642522453019,0.4773642522453019,"(0.1%,0.5%]","(275,386]",0
8456,292,7,7,True,0.22055074976404576,0.0,"(0.1%,0.5%]","(275,386]",0
8457,441,4,0,False,0.032490602865667684,0.032490602865667684,"(0.01%,0.1%]","(386,inf]",7
8458,276,0,0,True,0.027426642806188645,0.0,"(0.01%,0.1%]","(275,386]",0
8459,186,5,2,False,0.42390238403155567,1.7373435094580811,"(0.1%,0.5%]","(161,275]",0
8460,237,4,0,False,1.1340459549902957,1.620070673694761,>0.5%,"(161,275]",0
8461,277,6,0,False,0.034246524369165726,0.034246524369165726,"(0.01%,0.1%]","(275,386]",0
8462,316,6,2,False,1.3005514545539933,2.8044642846972425,>0.5%,"(275,386]",0
8463,185,6,0,False,0.06345123542735749,3.3593104678423553,"(0.01%,0.1%]","(161,275]",0
8464,493,2,0,False,0.24360093982039197,0.24360093982039197,"(0.1%,0.5%]","(386,inf]",7
8465,155,0,0,True,0.2994970095492727,0.0,"(0.1%,0.5%]","(-inf,161]",0
8466,241,2,2,True,0.6324479873327151,0.0,>0.5%,"(161,275]",0
8467,359,7,0,False,0.6366516813249969,0.6366516813249969,>0.5%,"(275,386]",0
8468,94,3,3,True,0.32509166742404944,0.0,"(0.1%,0.5%]","(-inf,161]",0
8469,201,0,0,True,0.10736474549332556,0.0,"(0.1%,0.5%]","(161,275]",0
8470,207,2,0,False,0.25531753512149846,2.4190993253488053,"(0.1%,0.5%]","(161,275]",0
8471,406,0,0,True,0.0931503967346406,0.0,"(0.01%,0.1%]","(386,inf]",7
8472,377,0,0,True,0.4662296860055693,0.0,"(0.1%,0.5%]","(275,386]",0
8473,67,6,3,False,0.0001171556006687612,0.4090313469507397,"(0,0.01%]","(-inf,161]",0
8474,95,2,3,False,0.1247701205347343,0.1247701205347343,"(0.1%,0.5%]","(-inf,161]",0
8475,285,1,0,False,0.37052434293152436,0.4401743176150716,"(0.1%,0.5%]","(275,386]",0
8476,378,7,0,False,1.3052969455376708,2.299616197773417,>0.5%,"(275,386]",0
8477,491,2,7,False,0.2040272650086071,1.1772320461475627,"(0.1%,0.5%]","(386,inf]",7
8478,74,5,3,False,8.946703680969136e-06,8.946703680969136e-06,"(0,0.01%]","(-inf,161]",0
8479,137,0,3,False,0.12151055777012093,0.23409885720888438,"(0.1%,0.5%]","(-inf,161]",0
8480,142,3,0,False,0.08838193779290707,0.08838193779290707,"(0.01%,0.1%]","(-inf,161]",0
8481,73,3,3,True,0.13149881859670032,0.0,"(0.1%,0.5%]","(-inf,161]",0
8482,248,0,0,True,0.7707949371192598,0.0,>0.5%,"(161,275]",0
8483,141,3,0,False,0.13376408893480868,0.8892829714714645,"(0.1%,0.5%]","(-inf,161]",0
8484,320,6,0,False,0.19347428281747978,0.19347428281747978,"(0.1%,0.5%]","(275,386]",0
8485,213,0,0,True,0.13847714698315164,0.0,"(0.1%,0.5%]","(161,275]",0
8486,132,2,0,False,0.22911107782412538,0.22911107782412538,"(0.1%,0.5%]","(-inf,161]",0
8487,198,0,0,True,0.3354715819968401,0.0,"(0.1%,0.5%]","(161,275]",0
8488,142,3,0,False,0.5090627309969237,0.5090627309969237,>0.5%,"(-inf,161]",0
8489,261,0,0,True,1.4112186594760692,0.0,>0.5%,"(161,275]",0
8490,161,0,0,True,0.403105903500555,0.0,"(0.1%,0.5%]","(-inf,161]",0
8491,462,0,0,True,1.4850460671697252,0.0,>0.5%,"(386,inf]",7
8492,345,0,0,True,0.4208404775468023,0.0,"(0.1%,0.5%]","(275,386]",0
8493,295,6,6,True,0.3701750523884407,0.0,"(0.1%,0.5%]","(275,386]",0
8494,487,7,7,True,0.3826853813869309,0.0,"(0.1%,0.5%]","(386,inf]",7
8495,73,2,3,False,0.0036617496716171874,0.0036617496716171874,"(0,0.01%]","(-inf,161]",0
8496,134,3,0,False,0.01535411951238884,0.01535411951238884,"(0.01%,0.1%]","(-inf,161]",0
8497,100,1,0,False,0.0,9.368978003299624e-08,=0,"(-inf,161]",0
8498,85,3,3,True,3.692739115145203e-06,0.0,"(0,0.01%]","(-inf,161]",0
8499,107,0,0,True,0.30117646267698217,0.0,"(0.1%,0.5%]","(-inf,161]",0
8500,445,0,7,False,0.4461534487339493,1.1419605730819524,"(0.1%,0.5%]","(386,inf]",7
8501,222,2,2,True,0.004098910021625817,0.0,"(0,0.01%]","(161,275]",0
8502,357,2,7,False,0.44304594192744357,0.6540016138110681,"(0.1%,0.5%]","(275,386]",0
8503,360,4,0,False,0.05288029991593056,0.05288029991593056,"(0.01%,0.1%]","(275,386]",0
8504,149,0,0,True,0.09504391013903582,0.0,"(0.01%,0.1%]","(-inf,161]",0
8505,439,6,7,False,0.13166071622102157,0.3020015624368891,"(0.1%,0.5%]","(386,inf]",7
8506,401,7,7,True,0.689555645642724,0.0,>0.5%,"(386,inf]",7
8507,390,0,0,True,0.0784968969898954,0.0,"(0.01%,0.1%]","(386,inf]",7
8508,443,7,0,False,0.25037317901455364,6.942673943631393,"(0.1%,0.5%]","(386,inf]",7
8509,283,2,6,False,0.3867579367061736,0.9635745662351498,"(0.1%,0.5%]","(275,386]",0
8510,430,6,7,False,0.9031793282137502,0.9031793282137502,>0.5%,"(386,inf]",7
8511,267,0,0,True,0.2943144666850032,0.0,"(0.1%,0.5%]","(161,275]",0
8512,120,0,0,True,0.00446275545714283,0.0,"(0,0.01%]","(-inf,161]",0
8513,64,3,3,True,3.6764738048674982e-06,0.0,"(0,0.01%]","(-inf,161]",0
8514,457,7,0,False,0.03506670065141271,1.1460587229574741,"(0.01%,0.1%]","(386,inf]",7
8515,351,2,7,False,0.18868273215556772,0.2752833972464249,"(0.1%,0.5%]","(275,386]",0
8516,430,7,7,True,0.9356526801807639,0.0,>0.5%,"(386,inf]",7
8517,52,0,3,False,0.04668352537991528,0.04668352537991528,"(0.01%,0.1%]","(-inf,161]",0
8518,318,0,0,True,0.8200111260256241,0.0,>0.5%,"(275,386]",0
8519,278,4,0,False,0.43745572631239976,0.43745572631239976,"(0.1%,0.5%]","(275,386]",0
8520,127,3,0,False,0.3232325662564917,0.6772338956298708,"(0.1%,0.5%]","(-inf,161]",0
8521,423,2,0,False,0.16238287579187702,0.45106113797494285,"(0.1%,0.5%]","(386,inf]",7
8522,113,4,0,False,0.5934449765892021,1.070720966860596,>0.5%,"(-inf,161]",0
8523,100,7,3,False,0.13284164229098236,0.13284164229098236,"(0.1%,0.5%]","(-inf,161]",0
8524,269,0,0,True,0.2850120062376902,0.0,"(0.1%,0.5%]","(161,275]",0
8525,364,2,7,False,0.5714780154281861,0.5714780154281861,>0.5%,"(275,386]",0
8526,248,7,7,True,0.24903359456566257,0.0,"(0.1%,0.5%]","(161,275]",0
8527,68,3,3,True,0.0147285911646876,0.0,"(0.01%,0.1%]","(-inf,161]",0
8528,224,0,0,True,0.6329841540060444,0.0,>0.5%,"(161,275]",0
8529,478,0,0,True,0.8819838007893824,0.0,>0.5%,"(386,inf]",7
8530,287,0,0,True,0.00483881276591536,0.0,"(0,0.01%]","(275,386]",0
8531,422,7,7,True,0.5821963465778426,0.0,>0.5%,"(386,inf]",7
8532,375,1,0,False,0.11415337322312352,1.1882473595322958,"(0.1%,0.5%]","(275,386]",0
8533,162,7,2,False,0.8258103794263696,1.1475671152200158,>0.5%,"(161,275]",0
8534,317,1,2,False,0.2953826546165977,0.2953826546165977,"(0.1%,0.5%]","(275,386]",0
8535,141,3,0,False,0.281585291813306,0.8358396526649878,"(0.1%,0.5%]","(-inf,161]",0
8536,201,7,7,True,0.5758663617349493,0.0,>0.5%,"(161,275]",0
8537,137,6,0,False,0.08929400947423112,0.08929400947423112,"(0.01%,0.1%]","(-inf,161]",0
8538,93,0,3,False,0.007159407132326776,0.007159407132326776,"(0,0.01%]","(-inf,161]",0
8539,95,4,0,False,0.03485378939205187,0.1685195256827147,"(0.01%,0.1%]","(-inf,161]",0
8540,319,0,0,True,0.8170102034171197,0.0,>0.5%,"(275,386]",0
8541,92,7,3,False,0.5086241057149194,0.5086241057149194,>0.5%,"(-inf,161]",0
8542,271,4,6,False,0.24565277006945435,1.350659619667924,"(0.1%,0.5%]","(161,275]",0
8543,411,0,7,False,0.20240996092981853,0.7840336149444405,"(0.1%,0.5%]","(386,inf]",7
8544,240,4,0,False,0.6230867543457647,1.5412653264512652,>0.5%,"(161,275]",0
8545,330,0,7,False,0.3392287087793569,0.8714166800159123,"(0.1%,0.5%]","(275,386]",0
8546,300,7,7,True,0.17659767484293007,0.0,"(0.1%,0.5%]","(275,386]",0
8547,62,0,3,False,0.0,0.59364034263856,=0,"(-inf,161]",0
8548,74,3,3,True,0.04557441864519377,0.0,"(0.01%,0.1%]","(-inf,161]",0
8549,100,2,3,False,0.1634226817140386,0.19904248684663034,"(0.1%,0.5%]","(-inf,161]",0
8550,278,4,0,False,0.30538775826085474,4.787390955220955,"(0.1%,0.5%]","(275,386]",0
8551,111,0,0,True,0.35127964342084056,0.0,"(0.1%,0.5%]","(-inf,161]",0
8552,254,7,7,True,0.7557032327982263,0.0,>0.5%,"(161,275]",0
8553,401,2,7,False,0.19234094432273988,0.19234094432273988,"(0.1%,0.5%]","(386,inf]",7
8554,282,6,7,False,0.08708494983356944,0.6864886825903586,"(0.01%,0.1%]","(275,386]",0
8555,462,2,7,False,0.9455539854791157,1.4196325992149756,>0.5%,"(386,inf]",7
8556,253,0,0,True,0.19432204251832114,0.0,"(0.1%,0.5%]","(161,275]",0
8557,359,4,0,False,0.5257241329625993,0.5257241329625993,>0.5%,"(275,386]",0
8558,317,7,0,False,0.30250142787457013,0.30250142787457013,"(0.1%,0.5%]","(275,386]",0
8559,143,4,0,False,0.0610092150477623,0.0610092150477623,"(0.01%,0.1%]","(-inf,161]",0
8560,464,0,7,False,0.7080709684344502,3.3309497133721577,>0.5%,"(386,inf]",7
8561,281,0,7,False,0.3815232057933595,2.027487553095607,"(0.1%,0.5%]","(275,386]",0
8562,360,4,0,False,0.06274162549514513,0.06274162549514513,"(0.01%,0.1%]","(275,386]",0
8563,427,0,7,False,0.48426784387231764,0.7992217577045747,"(0.1%,0.5%]","(386,inf]",7
8564,292,7,2,False,0.4606758191435259,0.4606758191435259,"(0.1%,0.5%]","(275,386]",0
8565,56,3,3,True,0.1125746243036776,0.0,"(0.1%,0.5%]","(-inf,161]",0
8566,146,7,3,False,0.09549250312170117,0.6496359991442269,"(0.01%,0.1%]","(-inf,161]",0
8567,222,0,0,True,0.8669601574675332,0.0,>0.5%,"(161,275]",0
8568,99,0,3,False,0.08259330104740237,0.08259330104740237,"(0.01%,0.1%]","(-inf,161]",0
8569,388,6,7,False,0.23159650346906954,0.4274926863331847,"(0.1%,0.5%]","(386,inf]",7
8570,180,7,0,False,0.019722729553286043,0.4175183032239776,"(0.01%,0.1%]","(161,275]",0
8571,493,6,7,False,0.10940375314881917,0.40802292067630186,"(0.1%,0.5%]","(386,inf]",7
8572,413,0,0,True,1.6637794809776452,0.0,>0.5%,"(386,inf]",7
8573,120,7,0,False,0.14816071715798435,0.22657162670227057,"(0.1%,0.5%]","(-inf,161]",0
8574,366,0,0,True,1.5707878064652896,0.0,>0.5%,"(275,386]",0
8575,450,6,7,False,0.500275880111211,0.500275880111211,>0.5%,"(386,inf]",7
8576,412,0,7,False,0.5224432642472013,1.6905776462135118,>0.5%,"(386,inf]",7
8577,62,1,3,False,7.003656027490769e-06,0.024694261073452586,"(0,0.01%]","(-inf,161]",0
8578,395,7,0,False,0.7330120736514343,0.9718758696035602,>0.5%,"(386,inf]",7
8579,287,7,0,False,0.07982290511280896,0.07982290511280896,"(0.01%,0.1%]","(275,386]",0
8580,295,6,0,False,0.0867493587301176,0.0867493587301176,"(0.01%,0.1%]","(275,386]",0
8581,483,2,7,False,0.11623946907846139,0.40169128373308055,"(0.1%,0.5%]","(386,inf]",7
8582,182,0,0,True,0.3406873861045978,0.0,"(0.1%,0.5%]","(161,275]",0
8583,466,4,7,False,0.3845068162263063,0.3845068162263063,"(0.1%,0.5%]","(386,inf]",7
8584,273,0,0,True,0.44624303504248236,0.0,"(0.1%,0.5%]","(161,275]",0
8585,464,7,7,True,0.526581637718652,0.0,>0.5%,"(386,inf]",7
8586,402,2,0,False,0.45985881268552,0.929241175454139,"(0.1%,0.5%]","(386,inf]",7
8587,179,0,0,True,0.03455395932791845,0.0,"(0.01%,0.1%]","(161,275]",0
8588,145,0,0,True,0.19932658504984171,0.0,"(0.1%,0.5%]","(-inf,161]",0
8589,257,0,0,True,0.11469530050559294,0.0,"(0.1%,0.5%]","(161,275]",0
8590,369,4,7,False,0.7009384813773769,0.7009384813773769,>0.5%,"(275,386]",0
8591,448,2,7,False,0.2528904435697632,0.2528904435697632,"(0.1%,0.5%]","(386,inf]",7
8592,207,7,0,False,0.5967491230845647,2.1087814254250925,>0.5%,"(161,275]",0
8593,418,0,0,True,1.0146968564098255,0.0,>0.5%,"(386,inf]",7
8594,227,4,0,False,0.1720962196099698,0.1720962196099698,"(0.1%,0.5%]","(161,275]",0
8595,305,2,0,False,0.9181223937300577,1.637336702591806,>0.5%,"(275,386]",0
8596,407,6,0,False,1.102629248861257,1.1192655194684764,>0.5%,"(386,inf]",7
8597,320,7,0,False,0.9024056938219772,1.4274918355403479,>0.5%,"(275,386]",0
8598,326,4,0,False,0.06229981737713253,0.06229981737713253,"(0.01%,0.1%]","(275,386]",0
8599,296,0,7,False,2.5051626361259185,3.2766605308589387,>0.5%,"(275,386]",0
8600,368,6,7,False,0.7666626698383076,0.7666626698383076,>0.5%,"(275,386]",0
8601,110,3,0,False,7.581040182393761e-06,7.581040182393761e-06,"(0,0.01%]","(-inf,161]",0
8602,381,6,0,False,1.7067513148182352,2.710847576088957,>0.5%,"(275,386]",0
8603,199,0,0,True,0.5000493354051356,0.0,>0.5%,"(161,275]",0
8604,68,4,3,False,0.014383402506272368,0.06719497742616491,"(0.01%,0.1%]","(-inf,161]",0
8605,216,0,0,True,0.8260206015305747,0.0,>0.5%,"(161,275]",0
8606,259,6,0,False,1.0415021742811774,1.0415021742811774,>0.5%,"(161,275]",0
8607,87,3,3,True,0.9695809809962165,0.0,>0.5%,"(-inf,161]",0
8608,434,0,0,True,0.4677000465268826,0.0,"(0.1%,0.5%]","(386,inf]",7
8609,395,6,0,False,0.538080784679953,2.512695591487426,>0.5%,"(386,inf]",7
8610,346,7,0,False,0.3018782025891607,0.3018782025891607,"(0.1%,0.5%]","(275,386]",0
8611,447,7,0,False,0.20188992162294284,0.20188992162294284,"(0.1%,0.5%]","(386,inf]",7
8612,398,7,7,True,0.44841850911826,0.0,"(0.1%,0.5%]","(386,inf]",7
8613,52,3,3,True,0.34711527485159066,0.0,"(0.1%,0.5%]","(-inf,161]",0
8614,470,7,7,True,0.15479820642607844,0.0,"(0.1%,0.5%]","(386,inf]",7
8615,458,6,7,False,0.2694020173673106,1.4411472902793625,"(0.1%,0.5%]","(386,inf]",7
8616,161,7,0,False,0.1324000166288282,0.1324000166288282,"(0.1%,0.5%]","(-inf,161]",0
8617,191,6,0,False,2.447990718075925,5.154478588485177,>0.5%,"(161,275]",0
8618,177,0,0,True,1.1590705623010278,0.0,>0.5%,"(161,275]",0
8619,493,0,0,True,0.08091398475629566,0.0,"(0.01%,0.1%]","(386,inf]",7
8620,474,6,7,False,1.0682490445217916,1.6966122973133249,>0.5%,"(386,inf]",7
8621,282,0,0,True,0.6926784511980641,0.0,>0.5%,"(275,386]",0
8622,414,6,7,False,0.7305160309416575,0.8967549826031154,>0.5%,"(386,inf]",7
8623,322,2,0,False,0.6901206170556933,0.6901206170556933,>0.5%,"(275,386]",0
8624,331,0,0,True,1.5694411651098785,0.0,>0.5%,"(275,386]",0
8625,432,4,0,False,0.04918192489932095,0.3576972336294346,"(0.01%,0.1%]","(386,inf]",7
8626,148,3,0,False,0.015903858739244985,0.5203387421989605,"(0.01%,0.1%]","(-inf,161]",0
8627,286,0,0,True,0.43323979790337797,0.0,"(0.1%,0.5%]","(275,386]",0
8628,465,1,7,False,0.6853902396685045,1.6177589462458564,>0.5%,"(386,inf]",7
8629,95,6,3,False,0.4187364525165548,0.8133441476686543,"(0.1%,0.5%]","(-inf,161]",0
8630,449,6,7,False,1.0112684688723346,1.2312440000902383,>0.5%,"(386,inf]",7
8631,125,4,0,False,0.543968819785825,0.543968819785825,>0.5%,"(-inf,161]",0
8632,107,0,0,True,0.4413936707604448,0.0,"(0.1%,0.5%]","(-inf,161]",0
8633,64,3,3,True,0.0334138674401093,0.0,"(0.01%,0.1%]","(-inf,161]",0
8634,345,6,0,False,0.37509219386857734,0.49967341008067595,"(0.1%,0.5%]","(275,386]",0
8635,386,6,7,False,0.7889259949681361,3.4573984591682434,>0.5%,"(275,386]",0
8636,190,4,0,False,0.05236459875862504,0.05236459875862504,"(0.01%,0.1%]","(161,275]",0
8637,368,7,0,False,0.020759880636092482,0.020759880636092482,"(0.01%,0.1%]","(275,386]",0
8638,159,0,0,True,1.2442042497461936,0.0,>0.5%,"(-inf,161]",0
8639,80,4,3,False,0.24718764998963383,0.6726446361576904,"(0.1%,0.5%]","(-inf,161]",0
8640,486,7,7,True,0.3061071660794736,0.0,"(0.1%,0.5%]","(386,inf]",7
8641,115,7,3,False,0.4637252621754588,0.7475278302744984,"(0.1%,0.5%]","(-inf,161]",0
8642,364,0,7,False,0.07526167971723145,0.38854928862738836,"(0.01%,0.1%]","(275,386]",0
8643,140,4,0,False,0.1672288214803367,0.4182927020273534,"(0.1%,0.5%]","(-inf,161]",0
8644,247,4,0,False,2.2750961943582166,10.076287993945982,>0.5%,"(161,275]",0
8645,351,7,0,False,0.8163018343812143,2.2298706467135014,>0.5%,"(275,386]",0
8646,324,4,7,False,1.00705375027751,2.060597029789719,>0.5%,"(275,386]",0
8647,199,0,0,True,0.01363392042512865,0.0,"(0.01%,0.1%]","(161,275]",0
8648,405,4,0,False,0.13195021880848742,0.13195021880848742,"(0.1%,0.5%]","(386,inf]",7
8649,332,6,0,False,0.18485027719214617,0.18485027719214617,"(0.1%,0.5%]","(275,386]",0
8650,211,0,0,True,0.41553682278477455,0.0,"(0.1%,0.5%]","(161,275]",0
8651,208,0,0,True,0.15127014360467125,0.0,"(0.1%,0.5%]","(161,275]",0
8652,428,6,7,False,0.20650689395933122,0.20650689395933122,"(0.1%,0.5%]","(386,inf]",7
8653,303,4,0,False,0.663675675239875,1.2748094947818123,>0.5%,"(275,386]",0
8654,459,4,7,False,0.8216816816700574,1.415306628215701,>0.5%,"(386,inf]",7
8655,172,6,0,False,0.46800517215184834,5.0247020463086915,"(0.1%,0.5%]","(161,275]",0
8656,181,0,0,True,0.27190945145025225,0.0,"(0.1%,0.5%]","(161,275]",0
8657,170,0,0,True,0.5541654923968583,0.0,>0.5%,"(161,275]",0
8658,375,2,7,False,1.7471185711884687,2.191442900957153,>0.5%,"(275,386]",0
8659,368,4,0,False,0.3250888273498427,0.3250888273498427,"(0.1%,0.5%]","(275,386]",0
8660,64,0,3,False,0.16513666433049043,0.8062927616069289,"(0.1%,0.5%]","(-inf,161]",0
8661,476,7,7,True,1.0362338728610083,0.0,>0.5%,"(386,inf]",7
8662,71,0,3,False,0.0,0.0,=0,"(-inf,161]",0
8663,484,2,7,False,1.0924002281227465,1.0924002281227465,>0.5%,"(386,inf]",7
8664,399,1,7,False,0.5209255744661707,1.0753217084452675,>0.5%,"(386,inf]",7
8665,269,6,0,False,0.7947131895248961,1.2984372963868969,>0.5%,"(161,275]",0
8666,184,4,0,False,0.14180748248851985,0.1941031568672311,"(0.1%,0.5%]","(161,275]",0
8667,484,7,7,True,1.171548310549611,0.0,>0.5%,"(386,inf]",7
8668,341,7,7,True,0.3334646052586131,0.0,"(0.1%,0.5%]","(275,386]",0
8669,394,6,7,False,0.8375352400988936,1.8768724738289728,>0.5%,"(386,inf]",7
8670,233,0,0,True,0.1381100858977702,0.0,"(0.1%,0.5%]","(161,275]",0
8671,486,7,0,False,0.594530511312766,0.594530511312766,>0.5%,"(386,inf]",7
8672,442,4,7,False,0.05302499312593773,0.05302499312593773,"(0.01%,0.1%]","(386,inf]",7
8673,443,7,0,False,0.9738076073207018,0.9738076073207018,>0.5%,"(386,inf]",7
8674,238,2,2,True,0.2693551707808215,0.0,"(0.1%,0.5%]","(161,275]",0
8675,371,0,0,True,0.6306406029674205,0.0,>0.5%,"(275,386]",0
8676,161,4,0,False,0.525710241121475,3.424143848841809,>0.5%,"(-inf,161]",0
8677,248,0,0,True,0.45933916139115194,0.0,"(0.1%,0.5%]","(161,275]",0
8678,300,0,7,False,0.4586198637753532,0.6695150825670224,"(0.1%,0.5%]","(275,386]",0
8679,484,6,7,False,0.15584825942636907,0.15584825942636907,"(0.1%,0.5%]","(386,inf]",7
8680,108,3,0,False,0.18270227874788342,0.9233684315745992,"(0.1%,0.5%]","(-inf,161]",0
8681,254,2,0,False,1.1623512312096589,2.3370706443938754,>0.5%,"(161,275]",0
8682,427,2,0,False,0.24886107429905563,0.6001117829484234,"(0.1%,0.5%]","(386,inf]",7
8683,433,7,0,False,0.4773915272497779,0.9197360612098702,"(0.1%,0.5%]","(386,inf]",7
8684,99,3,0,False,0.021645751593709947,0.0216502768720317,"(0.01%,0.1%]","(-inf,161]",0
8685,365,4,0,False,0.5533559249014504,0.5533559249014504,>0.5%,"(275,386]",0
8686,114,3,3,True,0.5271844370841832,0.0,>0.5%,"(-inf,161]",0
8687,307,0,0,True,0.8943916362569206,0.0,>0.5%,"(275,386]",0
8688,460,6,7,False,0.6287451016115722,0.6287451016115722,>0.5%,"(386,inf]",7
8689,202,0,0,True,0.9807467600050033,0.0,>0.5%,"(161,275]",0
8690,398,0,7,False,0.011364022837111309,0.011364022837111309,"(0.01%,0.1%]","(386,inf]",7
8691,464,0,0,True,0.40359613073923273,0.0,"(0.1%,0.5%]","(386,inf]",7
8692,498,0,7,False,0.07352525223247512,4.634090583933848,"(0.01%,0.1%]","(386,inf]",7
8693,332,0,7,False,0.16366706054302596,0.16366706054302596,"(0.1%,0.5%]","(275,386]",0
8694,228,1,0,False,0.1843326753043246,5.721758840318773,"(0.1%,0.5%]","(161,275]",0
8695,249,4,0,False,0.4117084638339712,0.4117084638339712,"(0.1%,0.5%]","(161,275]",0
8696,151,0,0,True,0.05594754046901819,0.0,"(0.01%,0.1%]","(-inf,161]",0
8697,271,4,0,False,0.1818200061748501,0.2968536453920089,"(0.1%,0.5%]","(161,275]",0
8698,359,7,0,False,0.16874666662500334,0.36358119381046367,"(0.1%,0.5%]","(275,386]",0
8699,195,4,0,False,1.184531735463826,2.1743713695748665,>0.5%,"(161,275]",0
8700,417,2,0,False,0.2826581392672987,0.2826581392672987,"(0.1%,0.5%]","(386,inf]",7
8701,303,7,7,True,0.586854383728319,0.0,>0.5%,"(275,386]",0
8702,372,0,0,True,0.6098253491750517,0.0,>0.5%,"(275,386]",0
8703,140,1,0,False,0.015531288768610454,0.015531288768610454,"(0.01%,0.1%]","(-inf,161]",0
8704,62,3,3,True,0.4153578717673085,0.0,"(0.1%,0.5%]","(-inf,161]",0
8705,51,6,3,False,3.883615418061393e-06,0.37852497363001436,"(0,0.01%]","(-inf,161]",0
8706,238,7,0,False,0.4280633806643788,1.6455878158673096,"(0.1%,0.5%]","(161,275]",0
8707,266,4,0,False,0.13928841240201667,0.6292228015244157,"(0.1%,0.5%]","(161,275]",0
8708,426,0,0,True,0.5244773770661787,0.0,>0.5%,"(386,inf]",7
8709,161,0,0,True,0.39736344534006235,0.0,"(0.1%,0.5%]","(-inf,161]",0
8710,293,6,7,False,1.0936257174297006,1.0939939100353924,>0.5%,"(275,386]",0
8711,413,0,0,True,0.4564379227624444,0.0,"(0.1%,0.5%]","(386,inf]",7
8712,233,0,0,True,0.7439213213896734,0.0,>0.5%,"(161,275]",0
8713,291,0,0,True,0.03256380457738314,0.0,"(0.01%,0.1%]","(275,386]",0
8714,289,4,2,False,0.7557832360630443,4.941306773661858,>0.5%,"(275,386]",0
8715,86,4,3,False,0.22578865088093156,0.22578865088093156,"(0.1%,0.5%]","(-inf,161]",0
8716,106,3,0,False,0.05755111084622787,0.3974240517702029,"(0.01%,0.1%]","(-inf,161]",0
8717,152,4,0,False,0.21228666749863864,0.21228666749863864,"(0.1%,0.5%]","(-inf,161]",0
8718,252,4,0,False,0.3061739272543823,0.3061739272543823,"(0.1%,0.5%]","(161,275]",0
8719,301,2,2,True,0.3851568655480727,0.0,"(0.1%,0.5%]","(275,386]",0
8720,375,0,0,True,0.08490307530246463,0.0,"(0.01%,0.1%]","(275,386]",0
8721,146,0,0,True,0.5877887113357531,0.0,>0.5%,"(-inf,161]",0
8722,165,2,2,True,0.2449086895527973,0.0,"(0.1%,0.5%]","(161,275]",0
8723,278,0,2,False,0.948804762026181,0.948804762026181,>0.5%,"(275,386]",0
8724,435,0,0,True,0.42669077291178914,0.0,"(0.1%,0.5%]","(386,inf]",7
8725,267,0,0,True,0.6840172536120668,0.0,>0.5%,"(161,275]",0
8726,369,1,7,False,0.1543866481938111,0.8545211349563508,"(0.1%,0.5%]","(275,386]",0
8727,207,1,0,False,0.10297288432584953,6.054318667948883,"(0.1%,0.5%]","(161,275]",0
8728,116,0,0,True,0.14669132640098603,0.0,"(0.1%,0.5%]","(-inf,161]",0
8729,341,0,0,True,0.40135893283305474,0.0,"(0.1%,0.5%]","(275,386]",0
8730,379,7,0,False,0.05103100912389723,1.3462768339305602,"(0.01%,0.1%]","(275,386]",0
8731,450,6,0,False,0.4216886804917702,2.9465420650737215,"(0.1%,0.5%]","(386,inf]",7
8732,57,3,3,True,1.8730492508195792e-06,0.0,"(0,0.01%]","(-inf,161]",0
8733,381,0,0,True,0.8498327487993564,0.0,>0.5%,"(275,386]",0
8734,118,6,2,False,0.15484543640466522,0.15484543640466522,"(0.1%,0.5%]","(-inf,161]",0
8735,360,0,0,True,0.08318803247379072,0.0,"(0.01%,0.1%]","(275,386]",0
8736,426,2,0,False,1.5506595843346875,1.565756645862745,>0.5%,"(386,inf]",7
8737,321,7,7,True,0.12093705849336182,0.0,"(0.1%,0.5%]","(275,386]",0
8738,342,6,0,False,0.826278113028511,0.826278113028511,>0.5%,"(275,386]",0
8739,497,7,7,True,0.9250433539205877,0.0,>0.5%,"(386,inf]",7
8740,192,0,0,True,0.07532267877566164,0.0,"(0.01%,0.1%]","(161,275]",0
8741,285,4,0,False,0.40902041461589334,1.2899655965683154,"(0.1%,0.5%]","(275,386]",0
8742,275,0,0,True,0.12951831926738172,0.0,"(0.1%,0.5%]","(161,275]",0
8743,104,3,3,True,0.7202074844751912,0.0,>0.5%,"(-inf,161]",0
8744,278,4,0,False,0.26212871716430697,0.26212871716430697,"(0.1%,0.5%]","(275,386]",0
8745,89,4,3,False,0.0020432355394648413,0.0020432355394648413,"(0,0.01%]","(-inf,161]",0
8746,343,0,0,True,0.0579589901313519,0.0,"(0.01%,0.1%]","(275,386]",0
8747,197,0,0,True,0.32420814818198673,0.0,"(0.1%,0.5%]","(161,275]",0
8748,271,0,0,True,2.7633152189143257,0.0,>0.5%,"(161,275]",0
8749,280,2,7,False,0.6005824947705124,1.7648648995147973,>0.5%,"(275,386]",0
8750,79,3,3,True,0.2242656422901027,0.0,"(0.1%,0.5%]","(-inf,161]",0
8751,464,4,0,False,0.3705687821980732,1.6391181417131386,"(0.1%,0.5%]","(386,inf]",7
8752,124,4,3,False,0.1566210097279571,0.1566210097279571,"(0.1%,0.5%]","(-inf,161]",0
8753,314,2,0,False,0.328696170669793,0.7258098557847458,"(0.1%,0.5%]","(275,386]",0
8754,318,0,0,True,0.09962304491644318,0.0,"(0.01%,0.1%]","(275,386]",0
8755,182,7,0,False,0.10322613773722145,0.11869558795913225,"(0.1%,0.5%]","(161,275]",0
8756,473,2,7,False,0.38262224654579075,1.7349378589910198,"(0.1%,0.5%]","(386,inf]",7
8757,357,4,0,False,1.0433047602725292,2.033781376056559,>0.5%,"(275,386]",0
8758,156,7,0,False,0.20929579010406127,6.973602328225937,"(0.1%,0.5%]","(-inf,161]",0
8759,325,2,7,False,1.0999931264625704,1.7752332446691295,>0.5%,"(275,386]",0
8760,482,7,7,True,0.024116157924218656,0.0,"(0.01%,0.1%]","(386,inf]",7
8761,52,3,3,True,0.12899082880808513,0.0,"(0.1%,0.5%]","(-inf,161]",0
8762,238,5,0,False,0.49459204455957684,0.49459204455957684,"(0.1%,0.5%]","(161,275]",0
8763,156,3,6,False,0.02528280896980286,0.19977946756917267,"(0.01%,0.1%]","(-inf,161]",0
8764,297,4,0,False,0.3252431905658694,0.3252431905658694,"(0.1%,0.5%]","(275,386]",0
8765,281,2,6,False,0.26481790740114775,0.5925057046204324,"(0.1%,0.5%]","(275,386]",0
8766,430,0,0,True,0.2551804921294797,0.0,"(0.1%,0.5%]","(386,inf]",7
8767,266,0,0,True,0.20013396891280272,0.0,"(0.1%,0.5%]","(161,275]",0
8768,375,4,7,False,0.0192949894570855,0.36808333134168575,"(0.01%,0.1%]","(275,386]",0
8769,399,0,0,True,0.09607291960642116,0.0,"(0.01%,0.1%]","(386,inf]",7
8770,364,1,0,False,0.26974743948622376,4.274340284756391,"(0.1%,0.5%]","(275,386]",0
8771,229,0,0,True,0.12095828682725317,0.0,"(0.1%,0.5%]","(161,275]",0
8772,196,1,0,False,0.6281859946864624,4.104979500902948,>0.5%,"(161,275]",0
8773,114,2,0,False,0.10331385595538711,0.21148886844561007,"(0.1%,0.5%]","(-inf,161]",0
8774,204,0,0,True,0.9937415199472293,0.0,>0.5%,"(161,275]",0
8775,301,2,7,False,0.28360274044492967,2.935546315086702,"(0.1%,0.5%]","(275,386]",0
8776,107,3,0,False,0.3512610376445661,0.47498321745167127,"(0.1%,0.5%]","(-inf,161]",0
8777,188,0,0,True,0.20063312742340522,0.0,"(0.1%,0.5%]","(161,275]",0
8778,215,7,0,False,0.4364094999526789,0.4364094999526789,"(0.1%,0.5%]","(161,275]",0
8779,316,0,0,True,2.037364124791746,0.0,>0.5%,"(275,386]",0
8780,276,0,0,True,0.0972740983594936,0.0,"(0.01%,0.1%]","(275,386]",0
8781,116,3,3,True,1.0138927756642724,0.0,>0.5%,"(-inf,161]",0
8782,381,2,7,False,0.4715927281242739,0.4715927281242739,"(0.1%,0.5%]","(275,386]",0
8783,318,0,0,True,0.4455718614683402,0.0,"(0.1%,0.5%]","(275,386]",0
8784,353,0,0,True,0.1344123311995929,0.0,"(0.1%,0.5%]","(275,386]",0
8785,460,4,0,False,0.0944675860474192,0.0944675860474192,"(0.01%,0.1%]","(386,inf]",7
8786,75,6,3,False,0.04230469948737634,0.04230469948737634,"(0.01%,0.1%]","(-inf,161]",0
8787,214,0,0,True,0.961385636365037,0.0,>0.5%,"(161,275]",0
8788,376,2,0,False,0.37094967730528966,1.286764496927573,"(0.1%,0.5%]","(275,386]",0
8789,384,0,0,True,0.005460663098345993,0.0,"(0,0.01%]","(275,386]",0
8790,140,3,0,False,0.04151611443941055,1.3129496659389177,"(0.01%,0.1%]","(-inf,161]",0
8791,404,1,7,False,0.7467808764410255,0.7467808764410255,>0.5%,"(386,inf]",7
8792,237,2,7,False,0.8179705152815621,1.2170726623541337,>0.5%,"(161,275]",0
8793,422,4,0,False,0.1214130636619213,0.4455107186546582,"(0.1%,0.5%]","(386,inf]",7
8794,211,4,0,False,0.1277679285815744,0.1277679285815744,"(0.1%,0.5%]","(161,275]",0
8795,375,4,7,False,0.4715523392736488,2.125880022594102,"(0.1%,0.5%]","(275,386]",0
8796,480,7,7,True,0.12504690022419299,0.0,"(0.1%,0.5%]","(386,inf]",7
8797,418,4,0,False,0.7490168297266127,8.246776363649913,>0.5%,"(386,inf]",7
8798,272,0,0,True,0.09926137357605994,0.0,"(0.01%,0.1%]","(161,275]",0
8799,80,0,3,False,9.380642163116046e-06,4.170905544344125,"(0,0.01%]","(-inf,161]",0
8800,77,3,3,True,1.1361772930360352,0.0,>0.5%,"(-inf,161]",0
8801,141,4,0,False,0.23735552543652996,0.23735552543652996,"(0.1%,0.5%]","(-inf,161]",0
8802,164,4,0,False,0.09202064684791915,0.09202064684791915,"(0.01%,0.1%]","(161,275]",0
8803,243,4,0,False,0.15479678427658286,0.15479678427658286,"(0.1%,0.5%]","(161,275]",0
8804,184,4,0,False,0.24184271451431275,0.24184271451431275,"(0.1%,0.5%]","(161,275]",0
8805,351,2,0,False,0.14430490199588453,0.18801292851927193,"(0.1%,0.5%]","(275,386]",0
8806,289,4,0,False,1.2564136719650087,1.2564136719650087,>0.5%,"(275,386]",0
8807,347,4,0,False,1.3192674471807078,1.7678115799348755,>0.5%,"(275,386]",0
8808,68,3,3,True,0.2609693884738755,0.0,"(0.1%,0.5%]","(-inf,161]",0
8809,394,6,7,False,0.11337034223230899,0.11337034223230899,"(0.1%,0.5%]","(386,inf]",7
8810,216,0,0,True,0.5446564799637105,0.0,>0.5%,"(161,275]",0
8811,203,0,0,True,0.4576218151176743,0.0,"(0.1%,0.5%]","(161,275]",0
8812,307,0,0,True,0.45916726750537756,0.0,"(0.1%,0.5%]","(275,386]",0
8813,147,2,3,False,0.10807408990959992,0.6671315482939207,"(0.1%,0.5%]","(-inf,161]",0
8814,492,7,7,True,1.5665677680252306,0.0,>0.5%,"(386,inf]",7
8815,376,1,6,False,1.2535701152686973,1.3968801888849838,>0.5%,"(275,386]",0
8816,333,4,0,False,1.4296043776969918,1.9768184015761425,>0.5%,"(275,386]",0
8817,81,2,3,False,0.1109964127767486,0.14702638186815095,"(0.1%,0.5%]","(-inf,161]",0
8818,188,7,0,False,0.11638322625113315,0.31322691892040966,"(0.1%,0.5%]","(161,275]",0
8819,54,6,3,False,8.920199850834129e-07,0.25691978291183226,"(0,0.01%]","(-inf,161]",0
8820,59,3,3,True,8.316908316810856e-06,0.0,"(0,0.01%]","(-inf,161]",0
8821,474,7,7,True,1.2539356695992785,0.0,>0.5%,"(386,inf]",7
8822,301,1,7,False,0.0895227813274279,0.23231620916560153,"(0.01%,0.1%]","(275,386]",0
8823,483,1,7,False,0.1563346309290386,0.1563346309290386,"(0.1%,0.5%]","(386,inf]",7
8824,226,0,0,True,0.6512750447424154,0.0,>0.5%,"(161,275]",0
8825,142,0,0,True,0.5478439205795188,0.0,>0.5%,"(-inf,161]",0
8826,164,0,0,True,0.34707941258294,0.0,"(0.1%,0.5%]","(161,275]",0
8827,87,2,3,False,0.20885267483280526,0.35259545148823634,"(0.1%,0.5%]","(-inf,161]",0
8828,352,6,7,False,0.384868415410744,0.384868415410744,"(0.1%,0.5%]","(275,386]",0
8829,329,0,0,True,1.0364595636750393,0.0,>0.5%,"(275,386]",0
8830,252,4,0,False,0.09806776140807297,0.09806776140807297,"(0.01%,0.1%]","(161,275]",0
8831,287,0,0,True,1.3687787534089333,0.0,>0.5%,"(275,386]",0
8832,309,7,7,True,0.8041725655369897,0.0,>0.5%,"(275,386]",0
8833,58,0,3,False,8.042065147643872e-06,8.042065147643872e-06,"(0,0.01%]","(-inf,161]",0
8834,173,7,0,False,0.11306807103615231,0.11306807103615231,"(0.1%,0.5%]","(161,275]",0
8835,239,0,0,True,0.7821671215960813,0.0,>0.5%,"(161,275]",0
8836,484,7,0,False,1.0202285897594159,1.3508240121593256,>0.5%,"(386,inf]",7
8837,106,4,0,False,0.16661483158413706,0.3273678210418967,"(0.1%,0.5%]","(-inf,161]",0
8838,153,0,0,True,0.4252842578014674,0.0,"(0.1%,0.5%]","(-inf,161]",0
8839,193,0,7,False,0.10391586837211603,0.9262175461339412,"(0.1%,0.5%]","(161,275]",0
8840,352,4,0,False,0.8783265473718496,2.496903023739589,>0.5%,"(275,386]",0
8841,353,0,0,True,0.4700540899750638,0.0,"(0.1%,0.5%]","(275,386]",0
8842,130,7,0,False,0.001695847892656409,0.001695847892656409,"(0,0.01%]","(-inf,161]",0
8843,166,6,3,False,0.6280403022606144,0.6280403022606144,>0.5%,"(161,275]",0
8844,153,3,3,True,1.1057532415680547,0.0,>0.5%,"(-inf,161]",0
8845,253,4,0,False,0.20553954573138264,0.20553954573138264,"(0.1%,0.5%]","(161,275]",0
8846,128,2,0,False,0.010498703479050492,0.010498703479050492,"(0.01%,0.1%]","(-inf,161]",0
8847,60,6,3,False,0.16941667995373055,0.19723237156253393,"(0.1%,0.5%]","(-inf,161]",0
8848,143,2,3,False,0.3312914631314093,0.6371374933105047,"(0.1%,0.5%]","(-inf,161]",0
8849,95,0,0,True,0.27916667071385987,0.0,"(0.1%,0.5%]","(-inf,161]",0
8850,145,0,3,False,0.684953762424656,0.684953762424656,>0.5%,"(-inf,161]",0
8851,208,0,0,True,0.3547896339815036,0.0,"(0.1%,0.5%]","(161,275]",0
8852,384,7,7,True,0.4349194863359679,0.0,"(0.1%,0.5%]","(275,386]",0
8853,189,0,0,True,0.5706283387805524,0.0,>0.5%,"(161,275]",0
8854,482,2,7,False,0.08132771686177852,0.08132771686177852,"(0.01%,0.1%]","(386,inf]",7
8855,344,2,6,False,0.34929467093536787,1.1310746895549006,"(0.1%,0.5%]","(275,386]",0
8856,260,6,2,False,0.5646292315473526,1.034698508461133,>0.5%,"(161,275]",0
8857,111,1,3,False,0.3001827977239534,0.37944404671539417,"(0.1%,0.5%]","(-inf,161]",0
8858,395,4,0,False,1.0906106432818923,1.0906106432818923,>0.5%,"(386,inf]",7
8859,423,7,7,True,0.16397851138195277,0.0,"(0.1%,0.5%]","(386,inf]",7
8860,332,4,0,False,0.041450075438730846,0.5047880949846795,"(0.01%,0.1%]","(275,386]",0
8861,111,2,0,False,0.14433383712113076,1.4554005387169995,"(0.1%,0.5%]","(-inf,161]",0
8862,57,3,3,True,6.282966107038392e-06,0.0,"(0,0.01%]","(-inf,161]",0
8863,158,4,0,False,0.7609521130501682,0.7609521130501682,>0.5%,"(-inf,161]",0
8864,97,0,0,True,0.0,0.0,=0,"(-inf,161]",0
8865,441,4,0,False,0.24858703441062208,0.24858703441062208,"(0.1%,0.5%]","(386,inf]",7
8866,339,4,0,False,0.16786563005674035,0.16786563005674035,"(0.1%,0.5%]","(275,386]",0
8867,328,0,0,True,0.5857947463353139,0.0,>0.5%,"(275,386]",0
8868,123,4,0,False,0.1585072189879639,0.8345346129617558,"(0.1%,0.5%]","(-inf,161]",0
8869,132,5,0,False,0.08161623410306082,0.08161864788645895,"(0.01%,0.1%]","(-inf,161]",0
8870,87,0,0,True,0.0,0.0,=0,"(-inf,161]",0
8871,379,6,0,False,0.10581024347154948,0.1158477386287018,"(0.1%,0.5%]","(275,386]",0
8872,158,0,0,True,0.15223150221294043,0.0,"(0.1%,0.5%]","(-inf,161]",0
8873,227,0,0,True,0.4840752167989429,0.0,"(0.1%,0.5%]","(161,275]",0
8874,154,0,0,True,0.037427141253021295,0.0,"(0.01%,0.1%]","(-inf,161]",0
8875,306,7,2,False,0.35997326182366096,0.35997326182366096,"(0.1%,0.5%]","(275,386]",0
8876,329,7,7,True,0.04156616056162298,0.0,"(0.01%,0.1%]","(275,386]",0
8877,358,0,0,True,0.10695043603860901,0.0,"(0.1%,0.5%]","(275,386]",0
8878,53,4,3,False,6.754810540847186e-06,1.0508003105325077e-05,"(0,0.01%]","(-inf,161]",0
8879,438,6,0,False,0.3231629191339464,0.3231629191339464,"(0.1%,0.5%]","(386,inf]",7
8880,134,7,3,False,0.421804560195037,0.421804560195037,"(0.1%,0.5%]","(-inf,161]",0
8881,77,3,3,True,0.3750090318656162,0.0,"(0.1%,0.5%]","(-inf,161]",0
8882,171,2,2,True,0.7060628747148212,0.0,>0.5%,"(161,275]",0
8883,56,6,3,False,0.0,0.17855983460292596,=0,"(-inf,161]",0
8884,239,6,0,False,0.5628640015686509,7.06644839111089,>0.5%,"(161,275]",0
8885,337,6,2,False,1.0670239326477242,1.093580387408134,>0.5%,"(275,386]",0
8886,242,0,0,True,0.6661963981506788,0.0,>0.5%,"(161,275]",0
8887,255,4,0,False,0.5495916228913238,0.5495916228913238,>0.5%,"(161,275]",0
8888,365,2,0,False,1.906899107868432,3.7910481511581913,>0.5%,"(275,386]",0
8889,454,2,7,False,1.3124033124495882,1.7107396055278907,>0.5%,"(386,inf]",7
8890,175,4,2,False,1.2357296543566698,3.07404064177991,>0.5%,"(161,275]",0
8891,377,4,7,False,0.6494957931158429,1.6321315654988577,>0.5%,"(275,386]",0
8892,258,0,0,True,0.3340816753666744,0.0,"(0.1%,0.5%]","(161,275]",0
8893,243,2,0,False,0.44864350178185164,8.23268329553313,"(0.1%,0.5%]","(161,275]",0
8894,465,0,0,True,0.19715344706547122,0.0,"(0.1%,0.5%]","(386,inf]",7
8895,420,0,0,True,0.21086478705390305,0.0,"(0.1%,0.5%]","(386,inf]",7
8896,499,0,7,False,0.8926128602454916,1.761262173806609,>0.5%,"(386,inf]",7
8897,177,0,0,True,0.26687811126632716,0.0,"(0.1%,0.5%]","(161,275]",0
8898,461,7,7,True,0.35546159356446594,0.0,"(0.1%,0.5%]","(386,inf]",7
8899,383,0,0,True,0.43679239470522857,0.0,"(0.1%,0.5%]","(275,386]",0
8900,314,7,0,False,0.01161289800694054,0.3410535746803916,"(0.01%,0.1%]","(275,386]",0
8901,131,0,0,True,0.2860001703936653,0.0,"(0.1%,0.5%]","(-inf,161]",0
8902,80,3,3,True,0.029196111822460846,0.0,"(0.01%,0.1%]","(-inf,161]",0
8903,278,7,0,False,0.1773186053265399,3.0869869409127006,"(0.1%,0.5%]","(275,386]",0
8904,159,0,0,True,0.1803528736281001,0.0,"(0.1%,0.5%]","(-inf,161]",0
8905,206,4,0,False,0.7828239456817203,0.9650562298603135,>0.5%,"(161,275]",0
8906,442,1,7,False,0.15101273878508828,0.15101273878508828,"(0.1%,0.5%]","(386,inf]",7
8907,420,4,7,False,1.1339800509430757,1.1339800509430757,>0.5%,"(386,inf]",7
8908,161,5,0,False,0.6978689124457151,0.6978689124457151,>0.5%,"(-inf,161]",0
8909,204,7,2,False,1.6094309638266073,1.6094309638266073,>0.5%,"(161,275]",0
8910,218,0,0,True,0.8918189428353408,0.0,>0.5%,"(161,275]",0
8911,135,7,0,False,0.0059611203941294655,0.6424408244850829,"(0,0.01%]","(-inf,161]",0
8912,101,3,3,True,0.008570355012178326,0.0,"(0,0.01%]","(-inf,161]",0
8913,114,3,3,True,0.7187411733925066,0.0,>0.5%,"(-inf,161]",0
8914,289,4,0,False,0.22207044949726565,0.22207044949726565,"(0.1%,0.5%]","(275,386]",0
8915,183,7,0,False,0.39536163769512245,1.007718460301262,"(0.1%,0.5%]","(161,275]",0
8916,386,0,0,True,2.04550000272553,0.0,>0.5%,"(275,386]",0
8917,475,6,0,False,0.8354710174258437,0.8992327363661383,>0.5%,"(386,inf]",7
8918,254,6,0,False,0.3800407363440622,0.9944630582521676,"(0.1%,0.5%]","(161,275]",0
8919,340,0,0,True,0.30017650506024884,0.0,"(0.1%,0.5%]","(275,386]",0
8920,199,0,0,True,2.022644361030553,0.0,>0.5%,"(161,275]",0
8921,300,4,0,False,0.7091679808227164,0.7091679808227164,>0.5%,"(275,386]",0
8922,103,7,3,False,0.4618458052094151,1.2226315629270592,"(0.1%,0.5%]","(-inf,161]",0
8923,206,1,2,False,0.7275988226841743,2.043919267669813,>0.5%,"(161,275]",0
8924,252,2,2,True,0.12110666662761677,0.0,"(0.1%,0.5%]","(161,275]",0
8925,358,2,7,False,0.9585226328153309,0.9585226328153309,>0.5%,"(275,386]",0
8926,416,7,7,True,0.4695569982529496,0.0,"(0.1%,0.5%]","(386,inf]",7
8927,160,4,0,False,0.17491913666573947,0.34187464767078357,"(0.1%,0.5%]","(-inf,161]",0
8928,335,2,7,False,0.8684573142909496,0.8684573142909496,>0.5%,"(275,386]",0
8929,113,4,3,False,0.41081506511317356,0.8950583663729426,"(0.1%,0.5%]","(-inf,161]",0
8930,125,6,3,False,0.09091687106206126,0.8409512327710058,"(0.01%,0.1%]","(-inf,161]",0
8931,462,1,7,False,0.68535754198753,1.0386570457768416,>0.5%,"(386,inf]",7
8932,89,7,3,False,0.33591826425612337,0.33591826425612337,"(0.1%,0.5%]","(-inf,161]",0
8933,136,3,3,True,0.5005219937114386,0.0,>0.5%,"(-inf,161]",0
8934,284,6,0,False,0.2873358371435008,0.3275509402032973,"(0.1%,0.5%]","(275,386]",0
8935,176,4,0,False,0.5037013080864959,0.5037013080864959,>0.5%,"(161,275]",0
8936,485,7,7,True,0.08669460934783293,0.0,"(0.01%,0.1%]","(386,inf]",7
8937,166,4,0,False,0.020134426560545572,0.020134426560545572,"(0.01%,0.1%]","(161,275]",0
8938,419,2,7,False,0.1955721686832225,0.947120018880563,"(0.1%,0.5%]","(386,inf]",7
8939,75,0,3,False,0.013553405200042947,0.013553405200042947,"(0.01%,0.1%]","(-inf,161]",0
8940,120,0,3,False,0.5158551425654653,0.747238845633015,>0.5%,"(-inf,161]",0
8941,432,7,7,True,0.3608327662495707,0.0,"(0.1%,0.5%]","(386,inf]",7
8942,180,4,0,False,0.06137527990548339,0.06137527990548339,"(0.01%,0.1%]","(161,275]",0
8943,89,1,3,False,0.1077262822690356,0.1077262822690356,"(0.1%,0.5%]","(-inf,161]",0
8944,228,7,0,False,0.08933297323349525,0.08933297323349525,"(0.01%,0.1%]","(161,275]",0
8945,427,7,0,False,0.3344400151858232,0.6162986957158066,"(0.1%,0.5%]","(386,inf]",7
8946,377,0,0,True,0.527629537948273,0.0,>0.5%,"(275,386]",0
8947,428,4,7,False,1.1518444180758727,1.6976784510509795,>0.5%,"(386,inf]",7
8948,271,4,0,False,0.09434151162581024,0.09434151162581024,"(0.01%,0.1%]","(161,275]",0
8949,469,2,7,False,0.6045032622283057,0.6045032622283057,>0.5%,"(386,inf]",7
8950,370,0,0,True,0.12564107799890395,0.0,"(0.1%,0.5%]","(275,386]",0
8951,285,2,0,False,0.594763090843381,0.814036985059972,>0.5%,"(275,386]",0
8952,171,7,0,False,0.6572099936107727,1.2513215240276572,>0.5%,"(161,275]",0
8953,148,0,0,True,0.060940750156767295,0.0,"(0.01%,0.1%]","(-inf,161]",0
8954,379,0,0,True,0.0025761206348555886,0.0,"(0,0.01%]","(275,386]",0
8955,465,2,7,False,0.3967695478709908,0.3967695478709908,"(0.1%,0.5%]","(386,inf]",7
8956,378,7,0,False,0.042756720727734975,2.6961977168447526,"(0.01%,0.1%]","(275,386]",0
8957,362,0,0,True,0.021149080358833807,0.0,"(0.01%,0.1%]","(275,386]",0
8958,461,7,7,True,1.1330231663622978,0.0,>0.5%,"(386,inf]",7
8959,403,0,0,True,0.4338542696783576,0.0,"(0.1%,0.5%]","(386,inf]",7
8960,157,0,0,True,0.8199792593908808,0.0,>0.5%,"(-inf,161]",0
8961,333,7,2,False,0.3767036776805184,0.3767036776805184,"(0.1%,0.5%]","(275,386]",0
8962,351,7,7,True,0.6373308018439604,0.0,>0.5%,"(275,386]",0
8963,497,0,0,True,0.9331064864774948,0.0,>0.5%,"(386,inf]",7
8964,411,0,0,True,0.34948474484182634,0.0,"(0.1%,0.5%]","(386,inf]",7
8965,498,4,0,False,0.2851929169997927,0.2851929169997927,"(0.1%,0.5%]","(386,inf]",7
8966,354,7,7,True,0.36632926963985274,0.0,"(0.1%,0.5%]","(275,386]",0
8967,131,0,0,True,0.7399355306196723,0.0,>0.5%,"(-inf,161]",0
8968,307,0,0,True,0.19173538358157208,0.0,"(0.1%,0.5%]","(275,386]",0
8969,221,6,0,False,0.6675221652177173,3.4782017093100226,>0.5%,"(161,275]",0
8970,271,4,0,False,0.5230472785782959,0.5230472785782959,>0.5%,"(161,275]",0
8971,266,0,0,True,0.6585053095145835,0.0,>0.5%,"(161,275]",0
8972,295,4,0,False,0.6930772098912275,0.713277644740718,>0.5%,"(275,386]",0
8973,462,7,7,True,1.1217917622648972,0.0,>0.5%,"(386,inf]",7
8974,481,7,7,True,0.009875836208452523,0.0,"(0,0.01%]","(386,inf]",7
8975,457,0,0,True,1.506661940849711,0.0,>0.5%,"(386,inf]",7
8976,246,7,7,True,0.8356457522242635,0.0,>0.5%,"(161,275]",0
8977,281,2,2,True,1.0302824830600588,0.0,>0.5%,"(275,386]",0
8978,93,1,3,False,0.3629240868469006,0.3629240868469006,"(0.1%,0.5%]","(-inf,161]",0
8979,76,7,3,False,0.23268504750304603,1.0059255616121219,"(0.1%,0.5%]","(-inf,161]",0
8980,440,7,0,False,0.6185237972584089,0.6185237972584089,>0.5%,"(386,inf]",7
8981,289,0,0,True,0.24707863876771644,0.0,"(0.1%,0.5%]","(275,386]",0
8982,307,2,2,True,0.3839381292947023,0.0,"(0.1%,0.5%]","(275,386]",0
8983,312,0,0,True,0.05923620119195389,0.0,"(0.01%,0.1%]","(275,386]",0
8984,260,0,0,True,0.7704597666434639,0.0,>0.5%,"(161,275]",0
8985,253,2,0,False,0.3458978075884444,3.5610099542929747,"(0.1%,0.5%]","(161,275]",0
8986,279,4,0,False,0.4942911064246448,3.7433484876314385,"(0.1%,0.5%]","(275,386]",0
8987,465,0,0,True,0.03679039692771826,0.0,"(0.01%,0.1%]","(386,inf]",7
8988,252,2,0,False,0.480324170527713,0.480324170527713,"(0.1%,0.5%]","(161,275]",0
8989,210,0,0,True,0.09106158507385786,0.0,"(0.01%,0.1%]","(161,275]",0
8990,262,0,0,True,0.7505462132877445,0.0,>0.5%,"(161,275]",0
8991,68,7,3,False,0.06116547940140006,0.06116547940140006,"(0.01%,0.1%]","(-inf,161]",0
8992,132,0,0,True,0.028015104317139737,0.0,"(0.01%,0.1%]","(-inf,161]",0
8993,160,4,0,False,0.022688676388679205,0.022688676388679205,"(0.01%,0.1%]","(-inf,161]",0
8994,396,0,0,True,0.5473012909461273,0.0,>0.5%,"(386,inf]",7
8995,222,0,0,True,1.3719545574368708,0.0,>0.5%,"(161,275]",0
8996,71,1,3,False,1.6130709367473078e-06,0.02787327158216616,"(0,0.01%]","(-inf,161]",0
8997,346,7,0,False,0.050133585708403886,0.36473478911153073,"(0.01%,0.1%]","(275,386]",0
8998,406,0,0,True,0.7273173257152724,0.0,>0.5%,"(386,inf]",7
8999,487,0,0,True,0.16303012540519812,0.0,"(0.1%,0.5%]","(386,inf]",7
9000,327,2,0,False,0.3602913557761141,0.3602913557761141,"(0.1%,0.5%]","(275,386]",0
9001,51,7,3,False,3.3914047461120014e-06,3.3914047461120014e-06,"(0,0.01%]","(-inf,161]",0
9002,222,7,0,False,0.06602760048729672,3.191524333814391,"(0.01%,0.1%]","(161,275]",0
9003,452,7,7,True,0.22418053770992694,0.0,"(0.1%,0.5%]","(386,inf]",7
9004,219,4,0,False,0.3740058222010071,0.3740058222010071,"(0.1%,0.5%]","(161,275]",0
9005,69,0,3,False,0.0,0.016572333558307215,=0,"(-inf,161]",0
9006,340,6,0,False,0.09528237690254582,0.6444821048460915,"(0.01%,0.1%]","(275,386]",0
9007,61,3,3,True,0.364854606848043,0.0,"(0.1%,0.5%]","(-inf,161]",0
9008,275,4,0,False,0.10341290786313327,0.5795808264680973,"(0.1%,0.5%]","(161,275]",0
9009,157,0,0,True,0.4023525734648318,0.0,"(0.1%,0.5%]","(-inf,161]",0
9010,393,6,6,True,0.7432769231441279,0.0,>0.5%,"(386,inf]",7
9011,291,7,2,False,0.40072531397711214,1.6074878677448536,"(0.1%,0.5%]","(275,386]",0
9012,124,7,0,False,0.8075461217310497,1.819074005818536,>0.5%,"(-inf,161]",0
9013,313,4,0,False,0.5247734762586036,0.5247734762586036,>0.5%,"(275,386]",0
9014,96,3,3,True,0.15699567653200067,0.0,"(0.1%,0.5%]","(-inf,161]",0
9015,284,6,0,False,0.24184657106380208,1.9115437587797455,"(0.1%,0.5%]","(275,386]",0
9016,226,0,0,True,0.44630115301696716,0.0,"(0.1%,0.5%]","(161,275]",0
9017,298,7,2,False,0.6662937674044828,0.6662937674044828,>0.5%,"(275,386]",0
9018,225,7,2,False,0.23867064822067274,0.787097101893793,"(0.1%,0.5%]","(161,275]",0
9019,78,3,3,True,0.10467812637509405,0.0,"(0.1%,0.5%]","(-inf,161]",0
9020,403,6,0,False,0.18814560172198022,0.25094113732881707,"(0.1%,0.5%]","(386,inf]",7
9021,409,4,0,False,0.6824102664939211,0.6824102664939211,>0.5%,"(386,inf]",7
9022,354,7,7,True,0.39387252822621033,0.0,"(0.1%,0.5%]","(275,386]",0
9023,295,7,0,False,0.5919490089005158,0.5919490089005158,>0.5%,"(275,386]",0
9024,466,0,7,False,0.16779719710167149,0.7079691948938945,"(0.1%,0.5%]","(386,inf]",7
9025,433,7,7,True,0.3389176007803476,0.0,"(0.1%,0.5%]","(386,inf]",7
9026,435,6,0,False,0.4174833701001104,0.8458572664698003,"(0.1%,0.5%]","(386,inf]",7
9027,356,2,2,True,0.45980239395466,0.0,"(0.1%,0.5%]","(275,386]",0
9028,329,4,0,False,0.06811934078093479,0.7397046034920157,"(0.01%,0.1%]","(275,386]",0
9029,83,4,3,False,0.64715657893907,0.64715657893907,>0.5%,"(-inf,161]",0
9030,469,4,7,False,0.3939383883312709,0.3939383883312709,"(0.1%,0.5%]","(386,inf]",7
9031,257,4,0,False,0.12540682476673393,0.12540682476673393,"(0.1%,0.5%]","(161,275]",0
9032,461,6,7,False,0.28779352826200566,0.28779352826200566,"(0.1%,0.5%]","(386,inf]",7
9033,377,7,7,True,0.05694923181974068,0.0,"(0.01%,0.1%]","(275,386]",0
9034,74,2,3,False,0.638938763289896,1.638945335896295,>0.5%,"(-inf,161]",0
9035,93,3,0,False,0.5024873553120589,0.6999416488668667,>0.5%,"(-inf,161]",0
9036,320,0,0,True,0.9293726763798372,0.0,>0.5%,"(275,386]",0
9037,73,3,3,True,1.050186303050161e-05,0.0,"(0,0.01%]","(-inf,161]",0
9038,164,7,3,False,0.2781974180972581,0.915737033148902,"(0.1%,0.5%]","(161,275]",0
9039,88,3,3,True,0.515618501962049,0.0,>0.5%,"(-inf,161]",0
9040,176,0,0,True,0.4553805970371751,0.0,"(0.1%,0.5%]","(161,275]",0
9041,232,4,0,False,1.7044520177963727,2.349076383145458,>0.5%,"(161,275]",0
9042,87,3,3,True,0.0014041745111706158,0.0,"(0,0.01%]","(-inf,161]",0
9043,84,2,3,False,0.031244076128151926,0.4101840839631707,"(0.01%,0.1%]","(-inf,161]",0
9044,51,1,3,False,0.0,0.008963322628268556,=0,"(-inf,161]",0
9045,296,0,0,True,0.9847651098460893,0.0,>0.5%,"(275,386]",0
9046,158,2,0,False,0.07405987953774194,0.07405987953774194,"(0.01%,0.1%]","(-inf,161]",0
9047,493,0,0,True,0.17764438150932693,0.0,"(0.1%,0.5%]","(386,inf]",7
9048,385,2,0,False,0.23331065495719067,0.23331065495719067,"(0.1%,0.5%]","(275,386]",0
9049,352,4,7,False,0.5683864973499365,2.0274556716291126,>0.5%,"(275,386]",0
9050,188,0,0,True,0.27776559244508886,0.0,"(0.1%,0.5%]","(161,275]",0
9051,461,1,0,False,0.17635267970810584,2.3873045601674145,"(0.1%,0.5%]","(386,inf]",7
9052,72,0,3,False,9.60593846800843e-06,0.0471747638163894,"(0,0.01%]","(-inf,161]",0
9053,125,7,0,False,0.4080446801578928,0.4080446801578928,"(0.1%,0.5%]","(-inf,161]",0
9054,121,0,0,True,0.0923130196146963,0.0,"(0.01%,0.1%]","(-inf,161]",0
9055,450,6,7,False,0.8766431925283865,0.8766431925283865,>0.5%,"(386,inf]",7
9056,179,0,0,True,0.7019742600887959,0.0,>0.5%,"(161,275]",0
9057,442,6,0,False,0.134328528990192,0.134328528990192,"(0.1%,0.5%]","(386,inf]",7
9058,465,7,7,True,0.7585711845234061,0.0,>0.5%,"(386,inf]",7
9059,360,4,0,False,0.09598509729748086,1.056441147151401,"(0.01%,0.1%]","(275,386]",0
9060,185,2,0,False,0.259635267525083,0.9640265606091176,"(0.1%,0.5%]","(161,275]",0
9061,367,7,7,True,0.44700613039723014,0.0,"(0.1%,0.5%]","(275,386]",0
9062,340,2,0,False,0.12722290501545783,0.12722290501545783,"(0.1%,0.5%]","(275,386]",0
9063,477,1,0,False,0.0697131980190084,1.2109725765090167,"(0.01%,0.1%]","(386,inf]",7
9064,315,4,0,False,0.2688027226881948,0.2688027226881948,"(0.1%,0.5%]","(275,386]",0
9065,466,0,0,True,0.8387524151865413,0.0,>0.5%,"(386,inf]",7
9066,338,2,0,False,0.06546901849734738,0.5519694414637255,"(0.01%,0.1%]","(275,386]",0
9067,292,4,7,False,1.3274188369033166,2.075096091344157,>0.5%,"(275,386]",0
9068,187,0,0,True,0.5546432983496603,0.0,>0.5%,"(161,275]",0
9069,299,0,0,True,0.6883560238200409,0.0,>0.5%,"(275,386]",0
9070,233,6,0,False,0.21275325320111038,0.3157489023339081,"(0.1%,0.5%]","(161,275]",0
9071,471,7,7,True,0.09729164627365988,0.0,"(0.01%,0.1%]","(386,inf]",7
9072,398,0,0,True,1.2975548396485688,0.0,>0.5%,"(386,inf]",7
9073,193,0,0,True,0.058962442283775,0.0,"(0.01%,0.1%]","(161,275]",0
9074,328,0,0,True,1.20250353537796,0.0,>0.5%,"(275,386]",0
9075,359,2,0,False,0.27515107897958535,0.27515107897958535,"(0.1%,0.5%]","(275,386]",0
9076,228,3,2,False,0.3282320914886654,0.4394548264410792,"(0.1%,0.5%]","(161,275]",0
9077,66,3,3,True,0.4331318414823904,0.0,"(0.1%,0.5%]","(-inf,161]",0
9078,60,1,3,False,0.13970464864882232,0.3672192020037492,"(0.1%,0.5%]","(-inf,161]",0
9079,77,0,3,False,0.2398479742728989,0.2398479742728989,"(0.1%,0.5%]","(-inf,161]",0
9080,164,2,0,False,0.03508802389450583,0.3672407649626257,"(0.01%,0.1%]","(161,275]",0
9081,288,7,7,True,0.7821840597650577,0.0,>0.5%,"(275,386]",0
9082,114,3,3,True,0.31560554091641335,0.0,"(0.1%,0.5%]","(-inf,161]",0
9083,396,0,0,True,1.0670620178285932,0.0,>0.5%,"(386,inf]",7
9084,106,0,0,True,0.42796843328205597,0.0,"(0.1%,0.5%]","(-inf,161]",0
9085,445,6,7,False,0.2305738149598017,1.7953843177847386,"(0.1%,0.5%]","(386,inf]",7
9086,90,6,3,False,5.672297340597119e-06,0.37699862208985674,"(0,0.01%]","(-inf,161]",0
9087,474,2,7,False,0.6806875760661891,0.6806875760661891,>0.5%,"(386,inf]",7
9088,90,3,3,True,0.03147996972097432,0.0,"(0.01%,0.1%]","(-inf,161]",0
9089,88,0,3,False,0.26841173115001166,0.7600284817258482,"(0.1%,0.5%]","(-inf,161]",0
9090,129,0,0,True,0.09321928698438033,0.0,"(0.01%,0.1%]","(-inf,161]",0
9091,199,6,0,False,0.0703880065521868,0.0703880065521868,"(0.01%,0.1%]","(161,275]",0
9092,213,6,0,False,0.03181103822274723,0.03181103822274723,"(0.01%,0.1%]","(161,275]",0
9093,325,4,0,False,0.4014396241477033,0.4014396241477033,"(0.1%,0.5%]","(275,386]",0
9094,488,0,0,True,1.043583317249388,0.0,>0.5%,"(386,inf]",7
9095,56,0,3,False,0.7534770578545016,0.7534770578545016,>0.5%,"(-inf,161]",0
9096,241,0,0,True,0.8943995447676797,0.0,>0.5%,"(161,275]",0
9097,494,7,7,True,0.17028997402103876,0.0,"(0.1%,0.5%]","(386,inf]",7
9098,225,0,0,True,1.3586535436398555,0.0,>0.5%,"(161,275]",0
9099,371,0,0,True,0.09668212547313955,0.0,"(0.01%,0.1%]","(275,386]",0
9100,307,4,0,False,1.06332824015635,1.1210194960066224,>0.5%,"(275,386]",0
9101,168,1,0,False,0.2736664522345388,1.856065945080752,"(0.1%,0.5%]","(161,275]",0
9102,281,0,0,True,0.1885180204129284,0.0,"(0.1%,0.5%]","(275,386]",0
9103,357,7,0,False,0.38747054245569607,0.38747054245569607,"(0.1%,0.5%]","(275,386]",0
9104,94,3,3,True,0.7421357273976692,0.0,>0.5%,"(-inf,161]",0
9105,203,6,0,False,0.6159616806260991,0.7183435107,>0.5%,"(161,275]",0
9106,360,1,7,False,0.13724758008107799,0.13724758008107799,"(0.1%,0.5%]","(275,386]",0
9107,202,0,0,True,0.564987529026261,0.0,>0.5%,"(161,275]",0
9108,405,2,7,False,0.7465218855447746,0.9271697510324192,>0.5%,"(386,inf]",7
9109,133,0,0,True,0.3938172245709105,0.0,"(0.1%,0.5%]","(-inf,161]",0
9110,261,0,0,True,0.23712356080964475,0.0,"(0.1%,0.5%]","(161,275]",0
9111,301,4,0,False,0.07634401704396053,0.07634401704396053,"(0.01%,0.1%]","(275,386]",0
9112,313,7,0,False,1.013583936552875,1.8532760252228608,>0.5%,"(275,386]",0
9113,360,6,0,False,0.024218931086357646,2.011635413391148,"(0.01%,0.1%]","(275,386]",0
9114,327,1,0,False,0.2743705348156314,2.6779427652427756,"(0.1%,0.5%]","(275,386]",0
9115,63,4,3,False,0.015911474984853027,0.04332498334375356,"(0.01%,0.1%]","(-inf,161]",0
9116,352,6,7,False,0.0696597946589391,0.0696597946589391,"(0.01%,0.1%]","(275,386]",0
9117,212,7,0,False,0.4841349502415662,1.3141147263239954,"(0.1%,0.5%]","(161,275]",0
9118,193,7,0,False,0.42613421479478125,4.731871938588707,"(0.1%,0.5%]","(161,275]",0
9119,183,4,0,False,0.014522856054973988,0.014522856054973988,"(0.01%,0.1%]","(161,275]",0
9120,249,0,0,True,0.5411311767543382,0.0,>0.5%,"(161,275]",0
9121,207,0,0,True,0.3095715538223719,0.0,"(0.1%,0.5%]","(161,275]",0
9122,415,2,0,False,0.3487531655777726,1.8813072274205107,"(0.1%,0.5%]","(386,inf]",7
9123,224,1,2,False,0.2047722332559049,1.6097392182680679,"(0.1%,0.5%]","(161,275]",0
9124,122,2,3,False,0.4736494418787631,1.145031975371492,"(0.1%,0.5%]","(-inf,161]",0
9125,259,0,0,True,0.21277497836191842,0.0,"(0.1%,0.5%]","(161,275]",0
9126,308,6,0,False,0.3522235020880673,0.5047443979753926,"(0.1%,0.5%]","(275,386]",0
9127,440,7,7,True,0.3847447128719853,0.0,"(0.1%,0.5%]","(386,inf]",7
9128,323,0,0,True,0.98733242819548,0.0,>0.5%,"(275,386]",0
9129,245,7,2,False,0.28837395303475033,0.3019949930117554,"(0.1%,0.5%]","(161,275]",0
9130,213,0,0,True,0.04796209670077057,0.0,"(0.01%,0.1%]","(161,275]",0
9131,464,1,7,False,0.5076697499278916,2.3844306496882974,>0.5%,"(386,inf]",7
9132,51,0,3,False,0.0,0.0,=0,"(-inf,161]",0
9133,226,0,2,False,0.13878815878921572,0.13878815878921572,"(0.1%,0.5%]","(161,275]",0
9134,427,7,7,True,0.2857041018180624,0.0,"(0.1%,0.5%]","(386,inf]",7
9135,171,7,0,False,0.5244741188088546,2.493759222520085,>0.5%,"(161,275]",0
9136,54,4,3,False,0.4634139356544769,0.4634139356544769,"(0.1%,0.5%]","(-inf,161]",0
9137,175,1,7,False,0.26053844673230725,1.4819357722352802,"(0.1%,0.5%]","(161,275]",0
9138,142,0,0,True,0.1775456335189475,0.0,"(0.1%,0.5%]","(-inf,161]",0
9139,403,7,7,True,0.7257605098520785,0.0,>0.5%,"(386,inf]",7
9140,159,7,0,False,0.636795836160412,0.6449063910646803,>0.5%,"(-inf,161]",0
9141,218,6,7,False,0.05906531947785843,0.05906531947785843,"(0.01%,0.1%]","(161,275]",0
9142,251,4,0,False,1.4355624753135305,1.4510595964509498,>0.5%,"(161,275]",0
9143,172,6,7,False,0.8192594119121346,4.118565085286571,>0.5%,"(161,275]",0
9144,141,3,0,False,0.17699595300534154,0.2932785066086592,"(0.1%,0.5%]","(-inf,161]",0
9145,332,4,0,False,0.10573434724474179,0.24450154499850202,"(0.1%,0.5%]","(275,386]",0
9146,326,4,0,False,0.5571226765134514,0.5571226765134514,>0.5%,"(275,386]",0
9147,144,3,0,False,0.32368292832797624,4.235496264210946,"(0.1%,0.5%]","(-inf,161]",0
9148,481,2,0,False,0.4612502258893091,0.8965507844353479,"(0.1%,0.5%]","(386,inf]",7
9149,377,2,7,False,0.1053891770019428,0.2591957107662257,"(0.1%,0.5%]","(275,386]",0
9150,177,0,0,True,0.7312400518964866,0.0,>0.5%,"(161,275]",0
9151,71,0,3,False,0.0,0.528700187592189,=0,"(-inf,161]",0
9152,249,0,0,True,0.3759984095014836,0.0,"(0.1%,0.5%]","(161,275]",0
9153,369,6,7,False,1.9908673884826373,4.319143686530244,>0.5%,"(275,386]",0
9154,428,4,0,False,0.06444874438148826,0.06444874438148826,"(0.01%,0.1%]","(386,inf]",7
9155,460,6,7,False,0.5902227042069179,0.8784527389629017,>0.5%,"(386,inf]",7
9156,267,0,0,True,1.4841613572833,0.0,>0.5%,"(161,275]",0
9157,255,2,7,False,0.2105268039829688,0.2105268039829688,"(0.1%,0.5%]","(161,275]",0
9158,390,7,7,True,0.9207081569759442,0.0,>0.5%,"(386,inf]",7
9159,411,0,0,True,0.0745752895271875,0.0,"(0.01%,0.1%]","(386,inf]",7
9160,275,0,0,True,0.02823265313854718,0.0,"(0.01%,0.1%]","(161,275]",0
9161,137,4,0,False,0.3820630680994679,0.9113195436569559,"(0.1%,0.5%]","(-inf,161]",0
9162,492,4,0,False,0.02725019582491187,0.02725019582491187,"(0.01%,0.1%]","(386,inf]",7
9163,250,2,0,False,0.4209715361005771,3.847625100656773,"(0.1%,0.5%]","(161,275]",0
9164,340,7,7,True,0.0009611357576087748,0.0,"(0,0.01%]","(275,386]",0
9165,276,6,0,False,1.7458055682982694,5.4129785028317405,>0.5%,"(275,386]",0
9166,448,7,7,True,0.015116653394210275,0.0,"(0.01%,0.1%]","(386,inf]",7
9167,359,6,7,False,0.5245501475743567,0.6747663970905112,>0.5%,"(275,386]",0
9168,333,0,0,True,0.024308027615437305,0.0,"(0.01%,0.1%]","(275,386]",0
9169,235,4,0,False,0.9638618441767863,1.5223508957167826,>0.5%,"(161,275]",0
9170,75,3,3,True,0.08766102644629901,0.0,"(0.01%,0.1%]","(-inf,161]",0
9171,320,4,0,False,0.5583940133116387,0.5583940133116387,>0.5%,"(275,386]",0
9172,249,0,0,True,0.6012579207353673,0.0,>0.5%,"(161,275]",0
9173,75,2,3,False,0.3181928485349837,0.3181928485349837,"(0.1%,0.5%]","(-inf,161]",0
9174,54,0,3,False,0.0,0.0,=0,"(-inf,161]",0
9175,451,7,0,False,0.5290662050003799,1.5828678111869583,>0.5%,"(386,inf]",7
9176,170,4,0,False,0.40543340535650685,1.964045695991077,"(0.1%,0.5%]","(161,275]",0
9177,151,3,0,False,0.0043059571754022995,2.2027421633211497,"(0,0.01%]","(-inf,161]",0
9178,480,4,0,False,0.08037183749095389,0.08037183749095389,"(0.01%,0.1%]","(386,inf]",7
9179,114,3,0,False,0.02767082735983432,1.596764509186438,"(0.01%,0.1%]","(-inf,161]",0
9180,166,3,0,False,0.05139361903482942,0.2514203236501698,"(0.01%,0.1%]","(161,275]",0
9181,266,4,0,False,2.6409743196165296,3.0954707795463507,>0.5%,"(161,275]",0
9182,410,1,0,False,0.08096285747230947,1.801199767507424,"(0.01%,0.1%]","(386,inf]",7
9183,372,6,0,False,0.04594334541003754,1.0742411501282882,"(0.01%,0.1%]","(275,386]",0
9184,294,7,7,True,0.3574437094218939,0.0,"(0.1%,0.5%]","(275,386]",0
9185,358,6,7,False,0.11737737647048942,0.11737737647048942,"(0.1%,0.5%]","(275,386]",0
9186,103,0,0,True,0.5372677281722938,0.0,>0.5%,"(-inf,161]",0
9187,486,4,7,False,0.021695962917244953,0.34753410736701956,"(0.01%,0.1%]","(386,inf]",7
9188,132,0,0,True,0.24321449236125006,0.0,"(0.1%,0.5%]","(-inf,161]",0
9189,340,6,0,False,0.6213828417540235,3.524833795552202,>0.5%,"(275,386]",0
9190,464,2,7,False,0.3954475209268756,1.4060608796049703,"(0.1%,0.5%]","(386,inf]",7
9191,65,3,3,True,0.22235506062468227,0.0,"(0.1%,0.5%]","(-inf,161]",0
9192,305,7,0,False,0.3723568534128279,0.3723568534128279,"(0.1%,0.5%]","(275,386]",0
9193,373,2,7,False,0.3070495105114683,0.8713693286307089,"(0.1%,0.5%]","(275,386]",0
9194,436,7,7,True,0.48764987488469713,0.0,"(0.1%,0.5%]","(386,inf]",7
9195,270,7,7,True,0.7492436205921243,0.0,>0.5%,"(161,275]",0
9196,442,6,0,False,0.08191137680467049,1.410615408855809,"(0.01%,0.1%]","(386,inf]",7
9197,420,0,0,True,0.39952538278976824,0.0,"(0.1%,0.5%]","(386,inf]",7
9198,449,2,0,False,0.14916134671053097,2.119244088513271,"(0.1%,0.5%]","(386,inf]",7
9199,80,0,3,False,9.660233176776374e-06,9.660233176776374e-06,"(0,0.01%]","(-inf,161]",0
9200,180,0,0,True,0.2455973835088952,0.0,"(0.1%,0.5%]","(161,275]",0
9201,143,0,0,True,0.24564840921195222,0.0,"(0.1%,0.5%]","(-inf,161]",0
9202,130,7,2,False,1.3668166257975636,1.8540774854057789,>0.5%,"(-inf,161]",0
9203,439,6,0,False,0.4552500365284959,0.4552500365284959,"(0.1%,0.5%]","(386,inf]",7
9204,378,2,0,False,0.6705937189746597,1.3619614489239944,>0.5%,"(275,386]",0
9205,297,0,0,True,0.6234732680040804,0.0,>0.5%,"(275,386]",0
9206,137,7,3,False,1.1179968613537463,1.8867103662945053,>0.5%,"(-inf,161]",0
9207,306,7,7,True,0.9343208599552066,0.0,>0.5%,"(275,386]",0
9208,443,0,0,True,1.1983165721747158,0.0,>0.5%,"(386,inf]",7
9209,242,4,0,False,0.6268532256383302,0.6268532256383302,>0.5%,"(161,275]",0
9210,285,7,7,True,0.11666212271785989,0.0,"(0.1%,0.5%]","(275,386]",0
9211,114,0,3,False,0.2178926072904245,0.2178926072904245,"(0.1%,0.5%]","(-inf,161]",0
9212,61,4,3,False,0.007001341976205694,0.007001341976205694,"(0,0.01%]","(-inf,161]",0
9213,121,0,0,True,0.23518446522514908,0.0,"(0.1%,0.5%]","(-inf,161]",0
9214,170,0,0,True,0.5202740354877708,0.0,>0.5%,"(161,275]",0
9215,389,6,7,False,0.15872541728779951,1.6119207701633085,"(0.1%,0.5%]","(386,inf]",7
9216,249,4,0,False,0.4154316623294448,0.4154316623294448,"(0.1%,0.5%]","(161,275]",0
9217,373,2,7,False,0.6561204636009208,0.6593266117012583,>0.5%,"(275,386]",0
9218,132,0,3,False,0.628816441748236,0.628816441748236,>0.5%,"(-inf,161]",0
9219,282,6,0,False,0.10379193419481911,0.17996356911250888,"(0.1%,0.5%]","(275,386]",0
9220,51,1,3,False,0.0,4.2710115085133325e-06,=0,"(-inf,161]",0
9221,238,4,0,False,0.30187421350428834,0.7037012081434204,"(0.1%,0.5%]","(161,275]",0
9222,101,2,3,False,0.026429667297663474,0.026429667297663474,"(0.01%,0.1%]","(-inf,161]",0
9223,301,0,0,True,0.47994925760085116,0.0,"(0.1%,0.5%]","(275,386]",0
9224,305,2,2,True,0.5731134965751526,0.0,>0.5%,"(275,386]",0
9225,473,4,0,False,0.6947605494479374,1.3302683978243097,>0.5%,"(386,inf]",7
9226,405,2,7,False,0.29698766841745333,1.09789136587339,"(0.1%,0.5%]","(386,inf]",7
9227,303,6,0,False,0.7831229217019416,0.9117721030799988,>0.5%,"(275,386]",0
9228,430,7,0,False,0.7106068490732861,1.4227606848976937,>0.5%,"(386,inf]",7
9229,63,3,3,True,0.025696111650214033,0.0,"(0.01%,0.1%]","(-inf,161]",0
9230,144,0,0,True,0.020690897614565048,0.0,"(0.01%,0.1%]","(-inf,161]",0
9231,191,4,0,False,0.6007965182206,0.6007965182206,>0.5%,"(161,275]",0
9232,266,7,0,False,0.01516401475486909,0.01516401475486909,"(0.01%,0.1%]","(161,275]",0
9233,459,6,7,False,0.20521632009662555,0.20521632009662555,"(0.1%,0.5%]","(386,inf]",7
9234,241,7,7,True,0.6189226487404239,0.0,>0.5%,"(161,275]",0
9235,456,2,0,False,0.053937931685631386,0.9494220853089451,"(0.01%,0.1%]","(386,inf]",7
9236,429,0,0,True,0.3337923358496274,0.0,"(0.1%,0.5%]","(386,inf]",7
9237,65,0,3,False,0.0,0.0,=0,"(-inf,161]",0
9238,52,0,3,False,0.0,0.0,=0,"(-inf,161]",0
9239,460,6,7,False,1.3746332479030519,1.3746332479030519,>0.5%,"(386,inf]",7
9240,370,0,7,False,0.3684336605662339,0.3684336605662339,"(0.1%,0.5%]","(275,386]",0
9241,171,7,0,False,0.06731623501120046,0.10706963260979613,"(0.01%,0.1%]","(161,275]",0
9242,101,4,0,False,0.021513367624337486,0.6240535515217216,"(0.01%,0.1%]","(-inf,161]",0
9243,92,7,3,False,0.006127023039482201,0.10530589067712925,"(0,0.01%]","(-inf,161]",0
9244,61,3,3,True,0.08231184711671155,0.0,"(0.01%,0.1%]","(-inf,161]",0
9245,59,1,3,False,0.02588281711162587,0.02588281711162587,"(0.01%,0.1%]","(-inf,161]",0
9246,152,0,0,True,0.0027542389784479065,0.0,"(0,0.01%]","(-inf,161]",0
9247,340,0,0,True,0.15503852331950632,0.0,"(0.1%,0.5%]","(275,386]",0
9248,211,4,7,False,0.2702851227613856,0.2702851227613856,"(0.1%,0.5%]","(161,275]",0
9249,357,4,0,False,0.5654184141131541,0.6443054305728348,>0.5%,"(275,386]",0
9250,254,2,0,False,0.3898951522315915,0.3898951522315915,"(0.1%,0.5%]","(161,275]",0
9251,124,6,3,False,0.25982013347017036,0.5827831222652997,"(0.1%,0.5%]","(-inf,161]",0
9252,485,7,7,True,0.9369455049804387,0.0,>0.5%,"(386,inf]",7
9253,326,0,0,True,0.19866155382321152,0.0,"(0.1%,0.5%]","(275,386]",0
9254,244,4,0,False,1.2372669239644352,1.2372669239644352,>0.5%,"(161,275]",0
9255,359,7,0,False,0.1874377995685735,0.1874377995685735,"(0.1%,0.5%]","(275,386]",0
9256,418,7,7,True,0.2656774013271786,0.0,"(0.1%,0.5%]","(386,inf]",7
9257,419,4,0,False,0.26924583124247997,0.26924583124247997,"(0.1%,0.5%]","(386,inf]",7
9258,151,3,0,False,0.26958786409111324,0.26958786409111324,"(0.1%,0.5%]","(-inf,161]",0
9259,163,4,0,False,0.19844513989054532,0.19844513989054532,"(0.1%,0.5%]","(161,275]",0
9260,387,2,2,True,0.14078326087825316,0.0,"(0.1%,0.5%]","(386,inf]",7
9261,403,7,2,False,0.9055844671563593,0.9055844671563593,>0.5%,"(386,inf]",7
9262,468,1,7,False,0.25101075053771554,0.966762163064162,"(0.1%,0.5%]","(386,inf]",7
9263,269,7,0,False,0.3320103122011011,1.4131329818433358,"(0.1%,0.5%]","(161,275]",0
9264,318,2,7,False,0.21223139582970382,0.21223139582970382,"(0.1%,0.5%]","(275,386]",0
9265,196,0,0,True,1.2640262003709561,0.0,>0.5%,"(161,275]",0
9266,286,4,0,False,0.1269391454061161,0.1269391454061161,"(0.1%,0.5%]","(275,386]",0
9267,234,5,7,False,0.034925295644891975,1.914654624879819,"(0.01%,0.1%]","(161,275]",0
9268,317,0,0,True,0.25491526789266056,0.0,"(0.1%,0.5%]","(275,386]",0
9269,476,7,0,False,0.45419325978559255,0.45419325978559255,"(0.1%,0.5%]","(386,inf]",7
9270,54,7,3,False,2.019737280914583e-14,0.14455288761308033,"(0,0.01%]","(-inf,161]",0
9271,364,4,0,False,0.02330052977493348,0.7232677741507599,"(0.01%,0.1%]","(275,386]",0
9272,91,7,3,False,0.013078791174814855,0.055087057353275,"(0.01%,0.1%]","(-inf,161]",0
9273,448,7,0,False,0.7246091969921168,2.0453109374674683,>0.5%,"(386,inf]",7
9274,286,0,0,True,1.2835745484529033,0.0,>0.5%,"(275,386]",0
9275,342,2,7,False,0.24915645413971627,0.9403895900636619,"(0.1%,0.5%]","(275,386]",0
9276,457,2,0,False,0.13244199961305905,0.13244199961305905,"(0.1%,0.5%]","(386,inf]",7
9277,170,4,0,False,1.1875783722893798,1.1875783722893798,>0.5%,"(161,275]",0
9278,378,0,0,True,0.3190536541747666,0.0,"(0.1%,0.5%]","(275,386]",0
9279,486,2,7,False,0.014398111207498732,0.3369748018122635,"(0.01%,0.1%]","(386,inf]",7
9280,302,4,0,False,0.7731721473890679,0.7731721473890679,>0.5%,"(275,386]",0
9281,299,7,0,False,0.10120746885796841,0.980592214093891,"(0.1%,0.5%]","(275,386]",0
9282,153,4,0,False,0.3054385445124339,0.3054385445124339,"(0.1%,0.5%]","(-inf,161]",0
9283,409,2,0,False,0.9924111096242418,1.728974510010369,>0.5%,"(386,inf]",7
9284,302,6,0,False,0.12441179214357627,2.42755152224991,"(0.1%,0.5%]","(275,386]",0
9285,436,0,7,False,0.8322478308869137,1.1662868398111925,>0.5%,"(386,inf]",7
9286,367,2,7,False,0.17907360801562855,0.17907360801562855,"(0.1%,0.5%]","(275,386]",0
9287,169,4,0,False,0.2314490172894076,0.47439210151122924,"(0.1%,0.5%]","(161,275]",0
9288,273,1,2,False,0.14916928813392438,1.3646385300316097,"(0.1%,0.5%]","(161,275]",0
9289,119,0,0,True,0.16733325575763158,0.0,"(0.1%,0.5%]","(-inf,161]",0
9290,319,7,0,False,0.03477395565210334,0.03477395565210334,"(0.01%,0.1%]","(275,386]",0
9291,160,0,0,True,0.0594170234054156,0.0,"(0.01%,0.1%]","(-inf,161]",0
9292,72,1,3,False,0.0012092963849501424,0.0012092963849501424,"(0,0.01%]","(-inf,161]",0
9293,209,7,0,False,0.3620111704448733,0.4199042340143816,"(0.1%,0.5%]","(161,275]",0
9294,68,0,3,False,0.2969048750415869,0.33889232662447644,"(0.1%,0.5%]","(-inf,161]",0
9295,425,7,0,False,0.7054896489202315,0.7054896489202315,>0.5%,"(386,inf]",7
9296,170,4,0,False,0.3826856339736182,2.411094483189446,"(0.1%,0.5%]","(161,275]",0
9297,377,0,0,True,1.1499078798868818,0.0,>0.5%,"(275,386]",0
9298,279,4,7,False,1.0511023476559542,2.1094029136722243,>0.5%,"(275,386]",0
9299,96,0,3,False,0.4396215542623077,0.44671216730557595,"(0.1%,0.5%]","(-inf,161]",0
9300,358,1,7,False,0.23904211454509505,0.9116272439995469,"(0.1%,0.5%]","(275,386]",0
9301,82,2,3,False,0.17240980026976932,1.0751821740130225,"(0.1%,0.5%]","(-inf,161]",0
9302,144,0,0,True,0.04874681753264908,0.0,"(0.01%,0.1%]","(-inf,161]",0
9303,286,7,7,True,0.3109088734191076,0.0,"(0.1%,0.5%]","(275,386]",0
9304,154,0,0,True,0.008834750711904697,0.0,"(0,0.01%]","(-inf,161]",0
9305,404,7,7,True,0.3236084653018576,0.0,"(0.1%,0.5%]","(386,inf]",7
9306,244,6,7,False,0.3535388160623413,0.3535388160623413,"(0.1%,0.5%]","(161,275]",0
9307,487,2,0,False,0.6612325044368275,1.092608044928258,>0.5%,"(386,inf]",7
9308,417,0,0,True,0.6774493164256896,0.0,>0.5%,"(386,inf]",7
9309,310,4,6,False,0.2769846171226416,0.7003205234354332,"(0.1%,0.5%]","(275,386]",0
9310,266,6,0,False,0.30836158355655113,0.30836158355655113,"(0.1%,0.5%]","(161,275]",0
9311,301,4,0,False,0.3456958508230455,0.3456958508230455,"(0.1%,0.5%]","(275,386]",0
9312,113,0,0,True,0.041335464064856976,0.0,"(0.01%,0.1%]","(-inf,161]",0
9313,135,0,0,True,0.22332596057609358,0.0,"(0.1%,0.5%]","(-inf,161]",0
9314,304,2,0,False,0.3272468292041557,1.8912980783599191,"(0.1%,0.5%]","(275,386]",0
9315,229,1,0,False,0.16161939578329956,1.9837204051015898,"(0.1%,0.5%]","(161,275]",0
9316,269,0,0,True,0.029408404879620514,0.0,"(0.01%,0.1%]","(161,275]",0
9317,293,4,0,False,0.4499166836535286,1.4264922809232017,"(0.1%,0.5%]","(275,386]",0
9318,334,0,0,True,0.008027745672989334,0.0,"(0,0.01%]","(275,386]",0
9319,214,2,7,False,0.7874670873497943,1.2530723147905667,>0.5%,"(161,275]",0
9320,438,2,7,False,0.43376335981145825,0.43376335981145825,"(0.1%,0.5%]","(386,inf]",7
9321,116,1,0,False,0.030155662443402887,0.030155662443402887,"(0.01%,0.1%]","(-inf,161]",0
9322,115,0,0,True,0.013827367052649317,0.0,"(0.01%,0.1%]","(-inf,161]",0
9323,353,4,0,False,0.5336541884348963,0.5336541884348963,>0.5%,"(275,386]",0
9324,285,0,0,True,0.6756206389870616,0.0,>0.5%,"(275,386]",0
9325,311,0,0,True,0.2922897343739597,0.0,"(0.1%,0.5%]","(275,386]",0
9326,424,0,0,True,0.08456202701745348,0.0,"(0.01%,0.1%]","(386,inf]",7
9327,462,7,7,True,0.09313505486640851,0.0,"(0.01%,0.1%]","(386,inf]",7
9328,184,2,0,False,0.45738152150507067,0.45738152150507067,"(0.1%,0.5%]","(161,275]",0
9329,472,0,7,False,0.5594392525321918,0.5594392525321918,>0.5%,"(386,inf]",7
9330,178,0,0,True,0.019117818450606824,0.0,"(0.01%,0.1%]","(161,275]",0
9331,303,7,0,False,0.2140774714512616,0.47528829242945836,"(0.1%,0.5%]","(275,386]",0
9332,433,0,0,True,0.00813348945390678,0.0,"(0,0.01%]","(386,inf]",7
9333,406,0,0,True,0.06526251630925566,0.0,"(0.01%,0.1%]","(386,inf]",7
9334,176,0,0,True,0.6319083516803696,0.0,>0.5%,"(161,275]",0
9335,353,0,0,True,0.5501366857493982,0.0,>0.5%,"(275,386]",0
9336,266,2,0,False,0.6859523519628313,0.7973254953365652,>0.5%,"(161,275]",0
9337,115,0,0,True,0.6149622129727883,0.0,>0.5%,"(-inf,161]",0
9338,172,7,2,False,0.0643611066447417,0.7871796643588183,"(0.01%,0.1%]","(161,275]",0
9339,229,2,0,False,0.6491608004526852,5.8869313826670915,>0.5%,"(161,275]",0
9340,271,1,7,False,0.1101769566400623,2.1318337345338554,"(0.1%,0.5%]","(161,275]",0
9341,157,0,0,True,0.616468871113629,0.0,>0.5%,"(-inf,161]",0
9342,242,4,6,False,0.31541663940685527,1.4566753797868868,"(0.1%,0.5%]","(161,275]",0
9343,256,0,2,False,0.9483649916501092,0.9483649916501092,>0.5%,"(161,275]",0
9344,179,1,0,False,0.03063985339119808,1.3847741479143112,"(0.01%,0.1%]","(161,275]",0
9345,135,4,0,False,0.013762504025442593,1.5097502849341402,"(0.01%,0.1%]","(-inf,161]",0
9346,207,0,0,True,0.3002110782727091,0.0,"(0.1%,0.5%]","(161,275]",0
9347,150,4,0,False,1.4579075682216758,1.4810997252510794,>0.5%,"(-inf,161]",0
9348,164,7,2,False,0.9512305093903021,0.9512305093903021,>0.5%,"(161,275]",0
9349,240,4,0,False,0.03209217228911923,0.03209217228911923,"(0.01%,0.1%]","(161,275]",0
9350,401,0,0,True,0.176190774725129,0.0,"(0.1%,0.5%]","(386,inf]",7
9351,217,7,0,False,0.3518775494612888,0.3518775494612888,"(0.1%,0.5%]","(161,275]",0
9352,274,4,0,False,0.13167185577704285,0.13167185577704285,"(0.1%,0.5%]","(161,275]",0
9353,301,0,0,True,0.5393322320368544,0.0,>0.5%,"(275,386]",0
9354,129,0,0,True,0.40437905515775596,0.0,"(0.1%,0.5%]","(-inf,161]",0
9355,386,0,0,True,0.31768974730573857,0.0,"(0.1%,0.5%]","(275,386]",0
9356,232,4,0,False,0.4893573137894457,1.2481124867594153,"(0.1%,0.5%]","(161,275]",0
9357,434,6,0,False,0.025947328622769116,0.02681056337412267,"(0.01%,0.1%]","(386,inf]",7
9358,412,7,0,False,0.476943216658303,0.48282197300001123,"(0.1%,0.5%]","(386,inf]",7
9359,53,0,3,False,0.0,0.0,=0,"(-inf,161]",0
9360,246,0,0,True,0.5483346059738387,0.0,>0.5%,"(161,275]",0
9361,408,6,7,False,0.05585940204202726,0.05585940204202726,"(0.01%,0.1%]","(386,inf]",7
9362,311,6,2,False,0.027357517839179803,0.027357517839179803,"(0.01%,0.1%]","(275,386]",0
9363,386,0,0,True,0.32164725533202876,0.0,"(0.1%,0.5%]","(275,386]",0
9364,468,4,0,False,0.19775790189511086,0.4162121149909989,"(0.1%,0.5%]","(386,inf]",7
9365,91,1,3,False,0.1337513620542584,0.554742938212235,"(0.1%,0.5%]","(-inf,161]",0
9366,478,7,7,True,0.6017113444433186,0.0,>0.5%,"(386,inf]",7
9367,69,3,3,True,1.0039257512577182e-05,0.0,"(0,0.01%]","(-inf,161]",0
9368,138,3,0,False,0.006421503006821099,0.006421503006821099,"(0,0.01%]","(-inf,161]",0
9369,147,2,2,True,0.8139145249932198,0.0,>0.5%,"(-inf,161]",0
9370,231,2,0,False,0.9166888697823549,6.618610781610531,>0.5%,"(161,275]",0
9371,440,6,0,False,0.0013934045856992979,0.0013934045856992979,"(0,0.01%]","(386,inf]",7
9372,276,4,0,False,0.06868844461159453,1.5219106271675085,"(0.01%,0.1%]","(275,386]",0
9373,209,6,0,False,0.05679121135414002,0.25807439790151,"(0.01%,0.1%]","(161,275]",0
9374,387,7,0,False,0.3340430932923329,0.3340430932923329,"(0.1%,0.5%]","(386,inf]",7
9375,321,4,0,False,0.8646884498179581,1.0106730879382764,>0.5%,"(275,386]",0
9376,332,6,0,False,0.254607074750498,0.254607074750498,"(0.1%,0.5%]","(275,386]",0
9377,206,2,2,True,0.8521033521580706,0.0,>0.5%,"(161,275]",0
9378,403,2,7,False,0.29067840062588807,0.29067840062588807,"(0.1%,0.5%]","(386,inf]",7
9379,353,0,7,False,0.8271610645305165,1.2424534492201436,>0.5%,"(275,386]",0
9380,104,0,0,True,0.3167622540447898,0.0,"(0.1%,0.5%]","(-inf,161]",0
9381,282,0,0,True,1.2891341403907752,0.0,>0.5%,"(275,386]",0
9382,407,7,7,True,0.18938378854667148,0.0,"(0.1%,0.5%]","(386,inf]",7
9383,52,4,3,False,0.020650746135336677,0.03978695682070487,"(0.01%,0.1%]","(-inf,161]",0
9384,190,6,0,False,1.2808726732361397,3.6257569186539165,>0.5%,"(161,275]",0
9385,386,2,0,False,0.5382937826740823,4.849112741129987,>0.5%,"(275,386]",0
9386,172,7,7,True,0.5881264965872207,0.0,>0.5%,"(161,275]",0
9387,181,0,0,True,0.5459430112858985,0.0,>0.5%,"(161,275]",0
9388,67,3,3,True,1.7605977863299792e-05,0.0,"(0,0.01%]","(-inf,161]",0
9389,450,0,0,True,0.5163515293729206,0.0,>0.5%,"(386,inf]",7
9390,359,4,0,False,0.07035013852274898,0.07035013852274898,"(0.01%,0.1%]","(275,386]",0
9391,55,4,3,False,8.548984183744135e-06,1.0456072991754342e-05,"(0,0.01%]","(-inf,161]",0
9392,228,0,0,True,0.16457526675817738,0.0,"(0.1%,0.5%]","(161,275]",0
9393,244,7,7,True,0.06131447790816907,0.0,"(0.01%,0.1%]","(161,275]",0
9394,359,7,7,True,0.9403611451513586,0.0,>0.5%,"(275,386]",0
9395,105,6,3,False,0.03625083465381554,0.48618448454094537,"(0.01%,0.1%]","(-inf,161]",0
9396,184,0,0,True,0.5373979021539803,0.0,>0.5%,"(161,275]",0
9397,204,7,7,True,1.0650060498022047,0.0,>0.5%,"(161,275]",0
9398,232,0,0,True,0.22409750836380501,0.0,"(0.1%,0.5%]","(161,275]",0
9399,185,0,0,True,0.15522400666193517,0.0,"(0.1%,0.5%]","(161,275]",0
9400,202,4,0,False,1.4098737395801233,2.24933276745396,>0.5%,"(161,275]",0
9401,156,2,2,True,0.7475209529889149,0.0,>0.5%,"(-inf,161]",0
9402,266,4,7,False,0.3183645371669755,0.5276944068714742,"(0.1%,0.5%]","(161,275]",0
9403,491,7,7,True,0.49370754676001244,0.0,"(0.1%,0.5%]","(386,inf]",7
9404,198,2,0,False,0.6449821003710391,0.6449821003710391,>0.5%,"(161,275]",0
9405,487,0,0,True,0.2065905998468059,0.0,"(0.1%,0.5%]","(386,inf]",7
9406,78,3,3,True,9.384556206760429e-06,0.0,"(0,0.01%]","(-inf,161]",0
9407,423,0,0,True,0.15797640657248702,0.0,"(0.1%,0.5%]","(386,inf]",7
9408,304,0,0,True,0.2659763255443629,0.0,"(0.1%,0.5%]","(275,386]",0
9409,490,7,0,False,0.13391399726128697,0.39747691850460165,"(0.1%,0.5%]","(386,inf]",7
9410,170,5,0,False,0.2465183284854464,3.5451334585514327,"(0.1%,0.5%]","(161,275]",0
9411,200,6,0,False,0.11614859042755968,8.512346623311073,"(0.1%,0.5%]","(161,275]",0
9412,386,2,7,False,0.17001394769374376,0.8967233071822747,"(0.1%,0.5%]","(275,386]",0
9413,145,0,0,True,0.17234952341053905,0.0,"(0.1%,0.5%]","(-inf,161]",0
9414,160,0,0,True,0.2374258333347061,0.0,"(0.1%,0.5%]","(-inf,161]",0
9415,246,0,0,True,0.19605108617565437,0.0,"(0.1%,0.5%]","(161,275]",0
9416,359,0,0,True,0.40873660747477786,0.0,"(0.1%,0.5%]","(275,386]",0
9417,442,2,7,False,0.3219846418570946,0.3219846418570946,"(0.1%,0.5%]","(386,inf]",7
9418,190,0,0,True,0.4122589493189775,0.0,"(0.1%,0.5%]","(161,275]",0
9419,203,7,0,False,0.03624705557114486,4.803388757374216,"(0.01%,0.1%]","(161,275]",0
9420,144,3,0,False,0.18748516757651848,0.6287449956615324,"(0.1%,0.5%]","(-inf,161]",0
9421,282,7,0,False,0.09153386821610257,0.2506047102771614,"(0.01%,0.1%]","(275,386]",0
9422,262,1,2,False,0.014603924424180622,0.5976284149926042,"(0.01%,0.1%]","(161,275]",0
9423,318,0,0,True,0.7769571659802658,0.0,>0.5%,"(275,386]",0
9424,495,2,7,False,0.06658147359906515,0.06658147359906515,"(0.01%,0.1%]","(386,inf]",7
9425,291,7,0,False,1.0902427844752043,1.2993611846903497,>0.5%,"(275,386]",0
9426,414,6,0,False,0.4007741632654339,0.548176765234372,"(0.1%,0.5%]","(386,inf]",7
9427,355,1,0,False,0.40551184965507614,10.839171582645502,"(0.1%,0.5%]","(275,386]",0
9428,188,4,0,False,0.01921826333479418,0.16577782063359023,"(0.01%,0.1%]","(161,275]",0
9429,151,0,0,True,0.4609873414779595,0.0,"(0.1%,0.5%]","(-inf,161]",0
9430,188,2,2,True,0.22675576738496714,0.0,"(0.1%,0.5%]","(161,275]",0
9431,64,7,3,False,6.117512507880246e-06,0.37599149274886623,"(0,0.01%]","(-inf,161]",0
9432,254,2,0,False,0.5852354986166396,0.8011332483516586,>0.5%,"(161,275]",0
9433,272,7,7,True,0.0034676601490821963,0.0,"(0,0.01%]","(161,275]",0
9434,248,7,7,True,0.2912063699585374,0.0,"(0.1%,0.5%]","(161,275]",0
9435,437,7,7,True,0.5259558667655878,0.0,>0.5%,"(386,inf]",7
9436,334,0,0,True,0.5157824381754669,0.0,>0.5%,"(275,386]",0
9437,201,0,0,True,0.2933299124998031,0.0,"(0.1%,0.5%]","(161,275]",0
9438,220,4,0,False,0.003902741203389121,0.003902741203389121,"(0,0.01%]","(161,275]",0
9439,315,0,0,True,0.4017889819264594,0.0,"(0.1%,0.5%]","(275,386]",0
9440,366,7,0,False,0.7308731226371308,5.3785890527938305,>0.5%,"(275,386]",0
9441,374,0,0,True,0.7116052452101435,0.0,>0.5%,"(275,386]",0
9442,457,7,7,True,1.18771425250408,0.0,>0.5%,"(386,inf]",7
9443,255,0,0,True,1.6712034185446805,0.0,>0.5%,"(161,275]",0
9444,372,7,0,False,0.08299889209514283,0.08299889209514283,"(0.01%,0.1%]","(275,386]",0
9445,348,0,0,True,0.5820297097908615,0.0,>0.5%,"(275,386]",0
9446,325,4,0,False,0.5733000981007902,0.5733000981007902,>0.5%,"(275,386]",0
9447,371,2,0,False,0.1934772980092459,0.2072482471234495,"(0.1%,0.5%]","(275,386]",0
9448,457,2,7,False,0.3847038786177171,0.5943092311299519,"(0.1%,0.5%]","(386,inf]",7
9449,100,2,3,False,0.7417375674679358,1.3460307386192008,>0.5%,"(-inf,161]",0
9450,361,4,0,False,0.6790787330517043,0.6790787330517043,>0.5%,"(275,386]",0
9451,251,2,7,False,0.14393415716649524,4.054751987244325,"(0.1%,0.5%]","(161,275]",0
9452,127,3,0,False,0.07468518983524505,0.07468518983524505,"(0.01%,0.1%]","(-inf,161]",0
9453,210,4,0,False,0.20067417969946844,1.3570923019507792,"(0.1%,0.5%]","(161,275]",0
9454,464,7,0,False,0.23223768785497262,0.7234547228087246,"(0.1%,0.5%]","(386,inf]",7
9455,400,7,7,True,0.5228520391708751,0.0,>0.5%,"(386,inf]",7
9456,468,0,0,True,0.008766843002021072,0.0,"(0,0.01%]","(386,inf]",7
9457,182,0,0,True,0.3805882292074047,0.0,"(0.1%,0.5%]","(161,275]",0
9458,251,0,0,True,1.2101556233379291,0.0,>0.5%,"(161,275]",0
9459,420,2,0,False,0.1517805399046691,0.6554207689420065,"(0.1%,0.5%]","(386,inf]",7
9460,113,2,3,False,0.06976256502523862,0.15371903350253283,"(0.01%,0.1%]","(-inf,161]",0
9461,244,7,2,False,0.6337302190140935,3.301446899848953,>0.5%,"(161,275]",0
9462,353,7,6,False,0.2973804021271392,1.5928687666350922,"(0.1%,0.5%]","(275,386]",0
9463,394,7,7,True,0.09639447349452515,0.0,"(0.01%,0.1%]","(386,inf]",7
9464,329,4,0,False,0.30044246752044845,0.30044246752044845,"(0.1%,0.5%]","(275,386]",0
9465,162,4,0,False,0.027205586908993874,0.027205586908993874,"(0.01%,0.1%]","(161,275]",0
9466,382,0,0,True,0.2265768142298743,0.0,"(0.1%,0.5%]","(275,386]",0
9467,335,0,7,False,0.7601670156136517,0.7601670156136517,>0.5%,"(275,386]",0
9468,165,4,0,False,0.10068778865379521,0.4403596617177953,"(0.1%,0.5%]","(161,275]",0
9469,411,2,7,False,0.19139964574178145,0.19139964574178145,"(0.1%,0.5%]","(386,inf]",7
9470,150,0,0,True,0.3665524865131746,0.0,"(0.1%,0.5%]","(-inf,161]",0
9471,185,2,0,False,0.6408302989518712,2.0332387659429894,>0.5%,"(161,275]",0
9472,158,0,0,True,0.350437256849108,0.0,"(0.1%,0.5%]","(-inf,161]",0
9473,232,4,0,False,0.5292727891322172,0.5292727891322172,>0.5%,"(161,275]",0
9474,469,7,7,True,0.7033040424595823,0.0,>0.5%,"(386,inf]",7
9475,167,0,7,False,0.04228652556082633,0.7333188639580703,"(0.01%,0.1%]","(161,275]",0
9476,213,2,0,False,0.2428357836512544,0.2428357836512544,"(0.1%,0.5%]","(161,275]",0
9477,233,0,0,True,0.3176920583822109,0.0,"(0.1%,0.5%]","(161,275]",0
9478,181,0,0,True,0.04571775452832209,0.0,"(0.01%,0.1%]","(161,275]",0
9479,353,1,7,False,0.3721983893951636,1.0512863111713944,"(0.1%,0.5%]","(275,386]",0
9480,225,4,0,False,0.008060526838504483,0.053389854619675325,"(0,0.01%]","(161,275]",0
9481,455,7,2,False,0.7508252432975224,1.6887564508174115,>0.5%,"(386,inf]",7
9482,268,4,0,False,0.11029458157678047,0.5700482584620591,"(0.1%,0.5%]","(161,275]",0
9483,426,6,0,False,0.27427834380952093,1.97084282023814,"(0.1%,0.5%]","(386,inf]",7
9484,78,2,3,False,0.0,3.4228609781397295e-06,=0,"(-inf,161]",0
9485,247,0,0,True,1.1183720643438295,0.0,>0.5%,"(161,275]",0
9486,90,3,3,True,0.7577510659630796,0.0,>0.5%,"(-inf,161]",0
9487,126,0,0,True,0.6741997159559298,0.0,>0.5%,"(-inf,161]",0
9488,405,6,0,False,0.1737374946597127,0.3264023251519565,"(0.1%,0.5%]","(386,inf]",7
9489,444,7,0,False,0.029041864525730064,0.0470162588397034,"(0.01%,0.1%]","(386,inf]",7
9490,405,2,7,False,0.512107304427042,0.512107304427042,>0.5%,"(386,inf]",7
9491,101,6,3,False,0.049725318597852446,0.6180688594051372,"(0.01%,0.1%]","(-inf,161]",0
9492,364,4,0,False,0.7368896245117288,0.7368896245117288,>0.5%,"(275,386]",0
9493,144,7,0,False,0.11333783575694617,0.2911574787245022,"(0.1%,0.5%]","(-inf,161]",0
9494,194,4,0,False,0.20031820417838603,0.20031820417838603,"(0.1%,0.5%]","(161,275]",0
9495,414,4,7,False,1.3138345066804666,1.3138345066804666,>0.5%,"(386,inf]",7
9496,317,0,0,True,0.6520419612832494,0.0,>0.5%,"(275,386]",0
9497,123,3,0,False,0.6968296586091568,2.766933438418142,>0.5%,"(-inf,161]",0
9498,83,0,3,False,0.08017258803534388,0.30351940410496814,"(0.01%,0.1%]","(-inf,161]",0
9499,150,0,0,True,0.6741469934594689,0.0,>0.5%,"(-inf,161]",0
9500,386,6,7,False,0.26593015267065745,0.44148519976351674,"(0.1%,0.5%]","(275,386]",0
9501,484,7,7,True,0.27299877401607825,0.0,"(0.1%,0.5%]","(386,inf]",7
9502,321,4,0,False,0.7379928560647283,0.8345657294128492,>0.5%,"(275,386]",0
9503,242,4,0,False,0.11121194828611436,0.11121194828611436,"(0.1%,0.5%]","(161,275]",0
9504,96,4,3,False,0.15059122841693645,0.15059122841693645,"(0.1%,0.5%]","(-inf,161]",0
9505,159,0,2,False,0.040779736348899746,0.7691096110135955,"(0.01%,0.1%]","(-inf,161]",0
9506,99,0,0,True,0.13996942567663703,0.0,"(0.1%,0.5%]","(-inf,161]",0
9507,284,0,0,True,0.19284435032437552,0.0,"(0.1%,0.5%]","(275,386]",0
9508,175,4,0,False,0.28720549503636134,0.28720549503636134,"(0.1%,0.5%]","(161,275]",0
9509,486,7,0,False,0.034168654343444314,0.07472175496447665,"(0.01%,0.1%]","(386,inf]",7
9510,76,0,3,False,0.10898380205325894,0.10898380205325894,"(0.1%,0.5%]","(-inf,161]",0
9511,183,0,0,True,1.2677182089869294,0.0,>0.5%,"(161,275]",0
9512,77,3,3,True,0.29396856441786834,0.0,"(0.1%,0.5%]","(-inf,161]",0
9513,275,0,0,True,0.3193321807858098,0.0,"(0.1%,0.5%]","(161,275]",0
9514,456,2,7,False,0.267444803925282,1.3570131223326094,"(0.1%,0.5%]","(386,inf]",7
9515,496,0,0,True,0.2732468490786537,0.0,"(0.1%,0.5%]","(386,inf]",7
9516,320,0,2,False,0.2514253754530001,0.5139707406567758,"(0.1%,0.5%]","(275,386]",0
9517,412,0,0,True,0.6324706515068935,0.0,>0.5%,"(386,inf]",7
9518,191,7,2,False,0.7750411513653622,1.2414441974752257,>0.5%,"(161,275]",0
9519,379,0,0,True,0.42077538774785844,0.0,"(0.1%,0.5%]","(275,386]",0
9520,58,2,3,False,0.0,0.022755476768043095,=0,"(-inf,161]",0
9521,466,4,0,False,0.0619999261307994,0.0619999261307994,"(0.01%,0.1%]","(386,inf]",7
9522,297,6,6,True,0.3034312151157922,0.0,"(0.1%,0.5%]","(275,386]",0
9523,234,7,0,False,0.22219954246647644,0.22219954246647644,"(0.1%,0.5%]","(161,275]",0
9524,321,6,6,True,0.3941266881953008,0.0,"(0.1%,0.5%]","(275,386]",0
9525,200,0,0,True,0.020640604913284913,0.0,"(0.01%,0.1%]","(161,275]",0
9526,195,0,0,True,0.6048233827347262,0.0,>0.5%,"(161,275]",0
9527,459,0,0,True,0.15973066988622517,0.0,"(0.1%,0.5%]","(386,inf]",7
9528,434,0,0,True,1.5822739387284086,0.0,>0.5%,"(386,inf]",7
9529,236,0,0,True,0.024728280647233404,0.0,"(0.01%,0.1%]","(161,275]",0
9530,359,4,0,False,0.0593246404588783,0.0593246404588783,"(0.01%,0.1%]","(275,386]",0
9531,288,0,0,True,0.9528619165402837,0.0,>0.5%,"(275,386]",0
9532,210,2,0,False,0.9246030079130387,3.917668691788361,>0.5%,"(161,275]",0
9533,146,0,0,True,0.28429356778205156,0.0,"(0.1%,0.5%]","(-inf,161]",0
9534,428,4,0,False,0.47920273493177196,0.614932555104072,"(0.1%,0.5%]","(386,inf]",7
9535,228,0,0,True,1.3512488262279279,0.0,>0.5%,"(161,275]",0
9536,428,7,7,True,0.8633207028745612,0.0,>0.5%,"(386,inf]",7
9537,411,2,6,False,0.029454628926520617,0.9033008245161922,"(0.01%,0.1%]","(386,inf]",7
9538,320,7,7,True,0.17242722753241954,0.0,"(0.1%,0.5%]","(275,386]",0
9539,370,2,7,False,0.4036527349468704,0.5573819499792046,"(0.1%,0.5%]","(275,386]",0
9540,244,6,0,False,0.6104656427386659,1.3661305538355075,>0.5%,"(161,275]",0
9541,203,2,7,False,0.21851617653240044,0.782940747296169,"(0.1%,0.5%]","(161,275]",0
9542,332,4,0,False,1.140533876887574,1.2794735583296972,>0.5%,"(275,386]",0
9543,186,2,2,True,0.6520419150574024,0.0,>0.5%,"(161,275]",0
9544,202,0,0,True,1.0183317289717966,0.0,>0.5%,"(161,275]",0
9545,92,0,3,False,0.05107954402769324,0.6932975854192972,"(0.01%,0.1%]","(-inf,161]",0
9546,291,7,0,False,0.23953757950375415,0.6590759473273723,"(0.1%,0.5%]","(275,386]",0
9547,250,6,0,False,0.2555908753931593,5.7882373655105015,"(0.1%,0.5%]","(161,275]",0
9548,240,4,0,False,0.3083158709657157,1.2296560252981075,"(0.1%,0.5%]","(161,275]",0
9549,89,0,3,False,0.1176951108429588,0.21878287585284317,"(0.1%,0.5%]","(-inf,161]",0
9550,303,2,7,False,0.20229460685165418,1.08868225146027,"(0.1%,0.5%]","(275,386]",0
9551,278,7,0,False,0.002082473565521068,2.6804998620345364,"(0,0.01%]","(275,386]",0
9552,328,7,0,False,0.044981463508379844,0.044981463508379844,"(0.01%,0.1%]","(275,386]",0
9553,265,7,0,False,0.4095869326911173,2.181133447735671,"(0.1%,0.5%]","(161,275]",0
9554,232,7,2,False,0.7098740494473157,0.7098740494473157,>0.5%,"(161,275]",0
9555,154,7,0,False,0.025629725917824545,0.025629725917824545,"(0.01%,0.1%]","(-inf,161]",0
9556,308,0,0,True,0.3333645881311997,0.0,"(0.1%,0.5%]","(275,386]",0
9557,144,4,0,False,0.1722643772764118,0.1722643772764118,"(0.1%,0.5%]","(-inf,161]",0
9558,218,0,0,True,0.5649073988412195,0.0,>0.5%,"(161,275]",0
9559,90,3,3,True,0.3263528394328757,0.0,"(0.1%,0.5%]","(-inf,161]",0
9560,470,1,7,False,0.7748754973266261,0.9633203379906639,>0.5%,"(386,inf]",7
9561,179,1,2,False,0.3389379550423946,1.311304800652935,"(0.1%,0.5%]","(161,275]",0
9562,454,4,0,False,0.5754850523639979,0.5754850523639979,>0.5%,"(386,inf]",7
9563,146,6,0,False,0.5909549368118605,1.0453642415646787,>0.5%,"(-inf,161]",0
9564,379,0,0,True,0.03071106322702758,0.0,"(0.01%,0.1%]","(275,386]",0
9565,374,6,0,False,0.4184223123049838,0.4754821572230442,"(0.1%,0.5%]","(275,386]",0
9566,99,3,3,True,0.9774614046878879,0.0,>0.5%,"(-inf,161]",0
9567,278,7,0,False,0.4520881810497794,10.605424359116382,"(0.1%,0.5%]","(275,386]",0
9568,123,0,0,True,0.08264279163662047,0.0,"(0.01%,0.1%]","(-inf,161]",0
9569,306,0,0,True,0.6453080084416378,0.0,>0.5%,"(275,386]",0
9570,243,7,0,False,1.142628621225279,1.142628621225279,>0.5%,"(161,275]",0
9571,279,7,0,False,0.20559087075396723,0.3302980000395983,"(0.1%,0.5%]","(275,386]",0
9572,423,7,7,True,0.8905744427314782,0.0,>0.5%,"(386,inf]",7
9573,347,4,0,False,0.49470611239406503,2.2701797939708173,"(0.1%,0.5%]","(275,386]",0
9574,483,7,7,True,0.6718661161642783,0.0,>0.5%,"(386,inf]",7
9575,339,0,0,True,0.6328284599590195,0.0,>0.5%,"(275,386]",0
9576,74,1,3,False,0.0,0.4711025844729018,=0,"(-inf,161]",0
9577,415,0,0,True,0.23724874101557825,0.0,"(0.1%,0.5%]","(386,inf]",7
9578,150,3,0,False,0.3356196626948141,1.0131923924517496,"(0.1%,0.5%]","(-inf,161]",0
9579,240,0,0,True,0.39749239799904346,0.0,"(0.1%,0.5%]","(161,275]",0
9580,323,6,7,False,0.12567834124485083,1.5190040324543075,"(0.1%,0.5%]","(275,386]",0
9581,196,0,0,True,0.2852138650848416,0.0,"(0.1%,0.5%]","(161,275]",0
9582,211,7,0,False,0.664777499214137,1.276979793481058,>0.5%,"(161,275]",0
9583,115,5,3,False,0.378172439579169,0.4628634436248551,"(0.1%,0.5%]","(-inf,161]",0
9584,95,4,3,False,0.05454404370780916,0.13237500836304203,"(0.01%,0.1%]","(-inf,161]",0
9585,129,2,0,False,0.23596047411191767,2.2340992702437337,"(0.1%,0.5%]","(-inf,161]",0
9586,462,6,7,False,0.4635417198804687,1.9794736514079068,"(0.1%,0.5%]","(386,inf]",7
9587,426,6,7,False,0.053727905790743935,0.053727905790743935,"(0.01%,0.1%]","(386,inf]",7
9588,315,0,0,True,0.33022807444881813,0.0,"(0.1%,0.5%]","(275,386]",0
9589,430,7,7,True,0.8918074991598912,0.0,>0.5%,"(386,inf]",7
9590,371,2,2,True,0.12661510094564773,0.0,"(0.1%,0.5%]","(275,386]",0
9591,341,0,0,True,1.2267629302799636,0.0,>0.5%,"(275,386]",0
9592,458,0,7,False,1.1049578918824754,2.3867206360757742,>0.5%,"(386,inf]",7
9593,150,0,0,True,0.06262814799382883,0.0,"(0.01%,0.1%]","(-inf,161]",0
9594,399,2,0,False,0.14698739914042658,0.7135812350898272,"(0.1%,0.5%]","(386,inf]",7
9595,141,6,3,False,1.4959847575219543,2.149764700376149,>0.5%,"(-inf,161]",0
9596,426,4,0,False,0.16720300898955298,0.16720300898955298,"(0.1%,0.5%]","(386,inf]",7
9597,266,1,0,False,0.06464175779051425,1.8858549929966093,"(0.01%,0.1%]","(161,275]",0
9598,444,6,7,False,0.515851813148646,1.3236303012111865,>0.5%,"(386,inf]",7
9599,439,0,0,True,1.0110864865230813,0.0,>0.5%,"(386,inf]",7
9600,237,6,7,False,0.27634832555869976,1.25946106816773,"(0.1%,0.5%]","(161,275]",0
9601,427,6,7,False,0.18327468890937304,0.35122746365337715,"(0.1%,0.5%]","(386,inf]",7
9602,369,7,0,False,1.0146647894541785,1.0146647894541785,>0.5%,"(275,386]",0
9603,409,1,7,False,0.5887968893629294,2.196892641460181,>0.5%,"(386,inf]",7
9604,192,6,0,False,0.6013472917936316,1.976182700045994,>0.5%,"(161,275]",0
9605,269,7,0,False,0.398398996922796,1.030623155558628,"(0.1%,0.5%]","(161,275]",0
9606,245,4,0,False,1.157818041872804,1.3650507329508836,>0.5%,"(161,275]",0
9607,415,6,7,False,0.1595763580208505,0.7549489965170365,"(0.1%,0.5%]","(386,inf]",7
9608,378,6,7,False,0.22630688002349408,1.0304226943515717,"(0.1%,0.5%]","(275,386]",0
9609,87,3,0,False,0.12655000673401887,0.12655000673401887,"(0.1%,0.5%]","(-inf,161]",0
9610,107,4,0,False,0.03727465369274646,0.03727465369274646,"(0.01%,0.1%]","(-inf,161]",0
9611,398,2,7,False,0.4746766326073317,0.5642070561194926,"(0.1%,0.5%]","(386,inf]",7
9612,259,0,0,True,0.7213298081013199,0.0,>0.5%,"(161,275]",0
9613,478,7,7,True,0.19744868283873787,0.0,"(0.1%,0.5%]","(386,inf]",7
9614,463,4,0,False,0.6784369807567864,0.6784369807567864,>0.5%,"(386,inf]",7
9615,171,0,0,True,0.42746742825309836,0.0,"(0.1%,0.5%]","(161,275]",0
9616,473,2,7,False,0.6778036428494274,2.173080948839578,>0.5%,"(386,inf]",7
9617,89,7,3,False,0.20292371693127528,0.8722556533913371,"(0.1%,0.5%]","(-inf,161]",0
9618,266,1,7,False,1.243313960448394,1.243313960448394,>0.5%,"(161,275]",0
9619,173,0,0,True,0.16669508655822576,0.0,"(0.1%,0.5%]","(161,275]",0
9620,473,0,7,False,0.41160419659057373,5.588498765345638,"(0.1%,0.5%]","(386,inf]",7
9621,234,6,2,False,1.6096321006742766,1.630181841648112,>0.5%,"(161,275]",0
9622,122,3,3,True,0.04335464593980039,0.0,"(0.01%,0.1%]","(-inf,161]",0
9623,105,7,3,False,0.06706284279371036,0.08833776832529282,"(0.01%,0.1%]","(-inf,161]",0
9624,368,0,0,True,0.7796171370264088,0.0,>0.5%,"(275,386]",0
9625,274,4,0,False,0.5485779516507749,1.4498025746463261,>0.5%,"(161,275]",0
9626,418,0,0,True,0.5782901111999245,0.0,>0.5%,"(386,inf]",7
9627,218,0,0,True,0.27695130144454605,0.0,"(0.1%,0.5%]","(161,275]",0
9628,74,3,3,True,0.20750767373897971,0.0,"(0.1%,0.5%]","(-inf,161]",0
9629,129,7,0,False,0.07165780517980612,0.07165780517980612,"(0.01%,0.1%]","(-inf,161]",0
9630,294,4,0,False,0.17360265815705497,0.17360265815705497,"(0.1%,0.5%]","(275,386]",0
9631,459,6,7,False,0.3945474293272164,0.3945474293272164,"(0.1%,0.5%]","(386,inf]",7
9632,458,6,7,False,0.09136033042377177,0.09136033042377177,"(0.01%,0.1%]","(386,inf]",7
9633,291,6,7,False,0.8758640270834523,2.5719548747492262,>0.5%,"(275,386]",0
9634,463,7,7,True,0.3503708979104573,0.0,"(0.1%,0.5%]","(386,inf]",7
9635,363,4,0,False,0.0027405242241445686,0.4062284443896864,"(0,0.01%]","(275,386]",0
9636,174,4,0,False,0.2782341060137447,0.2782341060137447,"(0.1%,0.5%]","(161,275]",0
9637,243,0,0,True,0.13250203774513905,0.0,"(0.1%,0.5%]","(161,275]",0
9638,154,3,0,False,0.2666954198183748,0.2666954198183748,"(0.1%,0.5%]","(-inf,161]",0
9639,327,0,0,True,0.15251233826273397,0.0,"(0.1%,0.5%]","(275,386]",0
9640,276,0,0,True,0.05970614194486267,0.0,"(0.01%,0.1%]","(275,386]",0
9641,132,0,0,True,0.2640516997202331,0.0,"(0.1%,0.5%]","(-inf,161]",0
9642,314,0,0,True,0.12638853616465398,0.0,"(0.1%,0.5%]","(275,386]",0
9643,159,7,0,False,0.09929084507870264,1.852942854311321,"(0.01%,0.1%]","(-inf,161]",0
9644,491,0,0,True,0.2661724398585129,0.0,"(0.1%,0.5%]","(386,inf]",7
9645,281,0,0,True,0.4864401365668191,0.0,"(0.1%,0.5%]","(275,386]",0
9646,339,2,0,False,0.022094352127097396,2.242761310805182,"(0.01%,0.1%]","(275,386]",0
9647,287,4,0,False,0.03057618155338967,0.03057618155338967,"(0.01%,0.1%]","(275,386]",0
9648,60,7,3,False,0.007006165249463973,0.007006165249463973,"(0,0.01%]","(-inf,161]",0
9649,381,7,7,True,0.02959514110427063,0.0,"(0.01%,0.1%]","(275,386]",0
9650,77,2,3,False,0.0,0.9408882890740409,=0,"(-inf,161]",0
9651,135,3,0,False,0.13799180135808167,0.21941438307340136,"(0.1%,0.5%]","(-inf,161]",0
9652,345,0,0,True,0.8003352567223552,0.0,>0.5%,"(275,386]",0
9653,327,0,0,True,0.6748011450099708,0.0,>0.5%,"(275,386]",0
9654,410,4,0,False,0.48879393667471854,0.5000489242981367,"(0.1%,0.5%]","(386,inf]",7
9655,330,7,0,False,0.09516276040677249,1.7965210106157283,"(0.01%,0.1%]","(275,386]",0
9656,66,3,3,True,0.16301468490301008,0.0,"(0.1%,0.5%]","(-inf,161]",0
9657,246,4,0,False,0.03598061677796795,0.03598061677796795,"(0.01%,0.1%]","(161,275]",0
9658,302,2,0,False,0.39681965517047,0.39681965517047,"(0.1%,0.5%]","(275,386]",0
9659,249,0,0,True,0.3957568419261262,0.0,"(0.1%,0.5%]","(161,275]",0
9660,82,1,3,False,0.29506289197852925,1.4588635218231811,"(0.1%,0.5%]","(-inf,161]",0
9661,423,7,7,True,1.2636012499654359,0.0,>0.5%,"(386,inf]",7
9662,419,7,7,True,0.2156006978093774,0.0,"(0.1%,0.5%]","(386,inf]",7
9663,63,3,3,True,0.04734878971062751,0.0,"(0.01%,0.1%]","(-inf,161]",0
9664,121,7,0,False,0.10850357451336048,0.7164796104417133,"(0.1%,0.5%]","(-inf,161]",0
9665,389,4,0,False,0.20216234217230833,0.20216234217230833,"(0.1%,0.5%]","(386,inf]",7
9666,103,3,3,True,0.06473838073338606,0.0,"(0.01%,0.1%]","(-inf,161]",0
9667,386,0,0,True,0.3507908015329183,0.0,"(0.1%,0.5%]","(275,386]",0
9668,119,7,0,False,0.3793600082849113,3.037413629706919,"(0.1%,0.5%]","(-inf,161]",0
9669,295,4,0,False,1.0697461486748983,1.1725988203099087,>0.5%,"(275,386]",0
9670,223,0,0,True,1.4459269855841617,0.0,>0.5%,"(161,275]",0
9671,456,0,0,True,0.440585485458409,0.0,"(0.1%,0.5%]","(386,inf]",7
9672,375,7,7,True,0.2532082616395591,0.0,"(0.1%,0.5%]","(275,386]",0
9673,451,7,7,True,0.7281862157824694,0.0,>0.5%,"(386,inf]",7
9674,266,0,7,False,0.4051365251043575,1.7845458016936389,"(0.1%,0.5%]","(161,275]",0
9675,98,2,3,False,0.2139617201485958,0.5698148767823927,"(0.1%,0.5%]","(-inf,161]",0
9676,61,0,3,False,0.04125367657297234,0.04125367657297234,"(0.01%,0.1%]","(-inf,161]",0
9677,438,2,0,False,0.49490832809130425,2.176683815087952,"(0.1%,0.5%]","(386,inf]",7
9678,388,2,0,False,0.14890721190734538,0.14890721190734538,"(0.1%,0.5%]","(386,inf]",7
9679,87,3,3,True,0.009877735769469702,0.0,"(0,0.01%]","(-inf,161]",0
9680,226,4,0,False,0.3235962542429224,0.928594555424789,"(0.1%,0.5%]","(161,275]",0
9681,412,0,0,True,0.14165327674053227,0.0,"(0.1%,0.5%]","(386,inf]",7
9682,422,0,0,True,0.4754293509385274,0.0,"(0.1%,0.5%]","(386,inf]",7
9683,468,0,7,False,0.22140497754379557,0.9353344928456941,"(0.1%,0.5%]","(386,inf]",7
9684,252,4,0,False,1.3061590417555888,2.757860132845563,>0.5%,"(161,275]",0
9685,290,7,2,False,0.5032910424503709,0.5032910424503709,>0.5%,"(275,386]",0
9686,94,6,0,False,0.18794357714789384,7.4106147933206845,"(0.1%,0.5%]","(-inf,161]",0
9687,84,2,3,False,0.1359838744590037,0.1464876638942057,"(0.1%,0.5%]","(-inf,161]",0
9688,112,4,0,False,0.9426257232554256,3.9295639892478014,>0.5%,"(-inf,161]",0
9689,340,2,0,False,0.6770421485246857,3.7573577112954815,>0.5%,"(275,386]",0
9690,366,7,0,False,0.44719929666771413,1.4931666090483564,"(0.1%,0.5%]","(275,386]",0
9691,477,6,7,False,0.28503331606040017,0.5813361825371708,"(0.1%,0.5%]","(386,inf]",7
9692,443,2,7,False,0.8087209019211736,0.8087209019211736,>0.5%,"(386,inf]",7
9693,233,2,0,False,0.2559684558395502,0.4803990248913416,"(0.1%,0.5%]","(161,275]",0
9694,310,6,7,False,1.4214195601183393,2.6060659536915134,>0.5%,"(275,386]",0
9695,73,0,3,False,0.1244602188150515,0.5204154441130755,"(0.1%,0.5%]","(-inf,161]",0
9696,277,7,7,True,0.039298058705696824,0.0,"(0.01%,0.1%]","(275,386]",0
9697,226,0,0,True,0.3785681127413661,0.0,"(0.1%,0.5%]","(161,275]",0
9698,434,0,7,False,0.09842738585501146,3.2806715363784678,"(0.01%,0.1%]","(386,inf]",7
9699,452,7,0,False,0.23342896814608885,0.23342896814608885,"(0.1%,0.5%]","(386,inf]",7
9700,439,1,7,False,0.3829807787933711,0.949373738382264,"(0.1%,0.5%]","(386,inf]",7
9701,400,0,0,True,0.15232445915750067,0.0,"(0.1%,0.5%]","(386,inf]",7
9702,476,7,7,True,0.3976775860425256,0.0,"(0.1%,0.5%]","(386,inf]",7
9703,185,7,0,False,1.0709112736073645,3.927591358480186,>0.5%,"(161,275]",0
9704,364,7,7,True,0.657969310263977,0.0,>0.5%,"(275,386]",0
9705,107,3,0,False,0.05751237668724219,0.14457027547417822,"(0.01%,0.1%]","(-inf,161]",0
9706,287,0,0,True,0.5278036964444485,0.0,>0.5%,"(275,386]",0
9707,200,7,6,False,0.7429245750215401,1.3264755519381881,>0.5%,"(161,275]",0
9708,110,3,0,False,0.14979439487917576,0.14979439487917576,"(0.1%,0.5%]","(-inf,161]",0
9709,262,7,2,False,0.07310263398197182,0.07310263398197182,"(0.01%,0.1%]","(161,275]",0
9710,216,2,2,True,0.06847690995394701,0.0,"(0.01%,0.1%]","(161,275]",0
9711,439,2,7,False,1.3557487207821113,1.3557487207821113,>0.5%,"(386,inf]",7
9712,59,3,3,True,1.912074458617515e-06,0.0,"(0,0.01%]","(-inf,161]",0
9713,126,2,3,False,0.47335452161990493,0.7408903522518941,"(0.1%,0.5%]","(-inf,161]",0
9714,318,6,0,False,0.2692707369777249,1.1580195847306434,"(0.1%,0.5%]","(275,386]",0
9715,387,0,0,True,0.6812712950071748,0.0,>0.5%,"(386,inf]",7
9716,165,6,0,False,0.15319463371744893,1.2685460263180415,"(0.1%,0.5%]","(161,275]",0
9717,168,4,0,False,0.6509922133703658,1.3484844536761986,>0.5%,"(161,275]",0
9718,301,2,7,False,0.05880655555481334,0.3320986170027815,"(0.01%,0.1%]","(275,386]",0
9719,116,3,3,True,0.9584122906844708,0.0,>0.5%,"(-inf,161]",0
9720,104,6,3,False,0.21014832414326978,0.21014832414326978,"(0.1%,0.5%]","(-inf,161]",0
9721,460,0,0,True,0.881537064929939,0.0,>0.5%,"(386,inf]",7
9722,374,0,0,True,1.0050592315740188,0.0,>0.5%,"(275,386]",0
9723,250,2,0,False,0.27170586495577803,0.4987812589782369,"(0.1%,0.5%]","(161,275]",0
9724,66,4,3,False,0.16515977538578502,0.18777517406639305,"(0.1%,0.5%]","(-inf,161]",0
9725,203,0,2,False,0.0597241204077514,0.38420341692468896,"(0.01%,0.1%]","(161,275]",0
9726,101,4,3,False,0.06396914820899942,0.06396914820899942,"(0.01%,0.1%]","(-inf,161]",0
9727,489,7,7,True,0.33621653331483436,0.0,"(0.1%,0.5%]","(386,inf]",7
9728,91,3,3,True,0.6220277599059727,0.0,>0.5%,"(-inf,161]",0
9729,101,3,3,True,0.3322922824502988,0.0,"(0.1%,0.5%]","(-inf,161]",0
9730,458,7,7,True,0.13687981312217457,0.0,"(0.1%,0.5%]","(386,inf]",7
9731,175,2,0,False,1.0616954233072062,1.5324887813570416,>0.5%,"(161,275]",0
9732,366,7,7,True,0.507107393098406,0.0,>0.5%,"(275,386]",0
9733,137,4,3,False,0.2134238129960297,0.2134238129960297,"(0.1%,0.5%]","(-inf,161]",0
9734,381,7,7,True,1.0346285215441877,0.0,>0.5%,"(275,386]",0
9735,200,2,0,False,0.016584517724285604,0.5905125966637047,"(0.01%,0.1%]","(161,275]",0
9736,81,3,3,True,0.10087364823663303,0.0,"(0.1%,0.5%]","(-inf,161]",0
9737,412,7,0,False,0.0120076385795091,0.36275484035716105,"(0.01%,0.1%]","(386,inf]",7
9738,87,6,3,False,0.0006808650483455745,0.13862157562189165,"(0,0.01%]","(-inf,161]",0
9739,442,7,0,False,0.4794937750709043,2.448362684719919,"(0.1%,0.5%]","(386,inf]",7
9740,126,0,0,True,0.10925360031927439,0.0,"(0.1%,0.5%]","(-inf,161]",0
9741,56,2,3,False,2.2081310332744868e-14,0.1921156709091334,"(0,0.01%]","(-inf,161]",0
9742,415,4,0,False,0.11668713325587894,0.11668713325587894,"(0.1%,0.5%]","(386,inf]",7
9743,282,0,0,True,0.08031397582805058,0.0,"(0.01%,0.1%]","(275,386]",0
9744,157,4,0,False,0.04634568397447304,0.04634568397447304,"(0.01%,0.1%]","(-inf,161]",0
9745,227,7,0,False,0.3850265655624274,6.051249511453588,"(0.1%,0.5%]","(161,275]",0
9746,236,2,0,False,0.11002206015969565,0.4559194211483182,"(0.1%,0.5%]","(161,275]",0
9747,436,2,7,False,0.4078777432765115,0.7430434285058645,"(0.1%,0.5%]","(386,inf]",7
9748,327,0,0,True,0.59729330850467,0.0,>0.5%,"(275,386]",0
9749,187,4,0,False,0.49401006174907724,0.49401006174907724,"(0.1%,0.5%]","(161,275]",0
9750,416,0,0,True,0.28855004274862806,0.0,"(0.1%,0.5%]","(386,inf]",7
9751,185,4,0,False,0.08635330031535442,0.6722791315774661,"(0.01%,0.1%]","(161,275]",0
9752,265,7,2,False,1.0769742231381199,1.0769742231381199,>0.5%,"(161,275]",0
9753,163,3,0,False,0.3853060305587026,9.026067702628087,"(0.1%,0.5%]","(161,275]",0
9754,345,6,7,False,0.2884645883679439,1.0417531334921786,"(0.1%,0.5%]","(275,386]",0
9755,214,6,7,False,0.3528813134122075,0.3528813134122075,"(0.1%,0.5%]","(161,275]",0
9756,149,6,2,False,0.19237274886653272,0.7646219687980038,"(0.1%,0.5%]","(-inf,161]",0
9757,161,6,0,False,0.5320898876005926,0.5320898876005926,>0.5%,"(-inf,161]",0
9758,440,0,0,True,0.5048596129577132,0.0,>0.5%,"(386,inf]",7
9759,387,0,0,True,0.3817633671764123,0.0,"(0.1%,0.5%]","(386,inf]",7
9760,306,4,0,False,0.030155334276073226,0.030155334276073226,"(0.01%,0.1%]","(275,386]",0
9761,184,0,0,True,0.3014456132205171,0.0,"(0.1%,0.5%]","(161,275]",0
9762,163,2,2,True,0.08781522252689637,0.0,"(0.01%,0.1%]","(161,275]",0
9763,308,0,7,False,0.8385101458196585,1.092430866244688,>0.5%,"(275,386]",0
9764,481,7,0,False,0.8524288501552832,0.8524288501552832,>0.5%,"(386,inf]",7
9765,306,0,0,True,1.447327953313354,0.0,>0.5%,"(275,386]",0
9766,136,2,0,False,0.22942754030601756,0.4883222988730368,"(0.1%,0.5%]","(-inf,161]",0
9767,245,1,7,False,0.4064779582427881,0.4064779582427881,"(0.1%,0.5%]","(161,275]",0
9768,84,3,3,True,0.10910449989802386,0.0,"(0.1%,0.5%]","(-inf,161]",0
9769,334,0,0,True,0.09040587672842652,0.0,"(0.01%,0.1%]","(275,386]",0
9770,189,6,0,False,0.8798702745139189,0.8798702745139189,>0.5%,"(161,275]",0
9771,458,1,7,False,0.16448257433479335,0.9282743744255475,"(0.1%,0.5%]","(386,inf]",7
9772,241,0,0,True,0.26823497504248167,0.0,"(0.1%,0.5%]","(161,275]",0
9773,449,0,0,True,0.056547950071491854,0.0,"(0.01%,0.1%]","(386,inf]",7
9774,302,4,0,False,0.4587881523910514,0.4587881523910514,"(0.1%,0.5%]","(275,386]",0
9775,99,0,3,False,0.0,0.1686018530097927,=0,"(-inf,161]",0
9776,117,2,0,False,0.07128288148566582,0.5962239208478265,"(0.01%,0.1%]","(-inf,161]",0
9777,365,0,0,True,0.16729988672705545,0.0,"(0.1%,0.5%]","(275,386]",0
9778,444,4,0,False,0.5845278506640081,0.5845278506640081,>0.5%,"(386,inf]",7
9779,160,0,0,True,0.10148823319931334,0.0,"(0.1%,0.5%]","(-inf,161]",0
9780,463,4,0,False,0.3838467942188948,0.7096632077032242,"(0.1%,0.5%]","(386,inf]",7
9781,410,7,0,False,0.054138426415166106,0.054138426415166106,"(0.01%,0.1%]","(386,inf]",7
9782,261,4,0,False,0.35647359092662245,0.35647359092662245,"(0.1%,0.5%]","(161,275]",0
9783,289,2,7,False,0.06345335214162202,0.06345335214162202,"(0.01%,0.1%]","(275,386]",0
9784,331,0,0,True,1.1781205633469274,0.0,>0.5%,"(275,386]",0
9785,343,7,7,True,0.2198720343905902,0.0,"(0.1%,0.5%]","(275,386]",0
9786,417,4,0,False,0.0015711206171498404,0.0015711206171498404,"(0,0.01%]","(386,inf]",7
9787,289,4,0,False,0.39086719128775355,0.39086719128775355,"(0.1%,0.5%]","(275,386]",0
9788,183,0,0,True,0.2453274050080485,0.0,"(0.1%,0.5%]","(161,275]",0
9789,138,2,0,False,0.5255050230623868,5.351010765694016,>0.5%,"(-inf,161]",0
9790,323,0,0,True,0.41754864121947477,0.0,"(0.1%,0.5%]","(275,386]",0
9791,233,7,0,False,0.2129467532390514,0.31709528916419855,"(0.1%,0.5%]","(161,275]",0
9792,61,1,3,False,0.0,2.6631373570319436e-06,=0,"(-inf,161]",0
9793,231,2,0,False,0.37608006662443466,2.0279900082535063,"(0.1%,0.5%]","(161,275]",0
9794,493,6,7,False,0.3720167466452423,0.6133621946561213,"(0.1%,0.5%]","(386,inf]",7
9795,143,3,0,False,0.2986893506803092,0.4138865191560338,"(0.1%,0.5%]","(-inf,161]",0
9796,192,4,0,False,0.2525416050121523,0.2525416050121523,"(0.1%,0.5%]","(161,275]",0
9797,466,7,0,False,1.0150963521306013,1.1530016417292228,>0.5%,"(386,inf]",7
9798,217,0,7,False,0.4954385136738913,1.2523737713916616,"(0.1%,0.5%]","(161,275]",0
9799,187,0,0,True,0.16248104175581943,0.0,"(0.1%,0.5%]","(161,275]",0
9800,367,4,0,False,0.6559602813556161,0.6559602813556161,>0.5%,"(275,386]",0
9801,67,1,3,False,0.0,0.45745611434662065,=0,"(-inf,161]",0
9802,105,3,0,False,0.12662166937029878,0.12662166937029878,"(0.1%,0.5%]","(-inf,161]",0
9803,327,6,7,False,0.3132709857960773,1.438631774334314,"(0.1%,0.5%]","(275,386]",0
9804,490,7,7,True,1.1943414839245206,0.0,>0.5%,"(386,inf]",7
9805,441,0,0,True,0.12507115782984168,0.0,"(0.1%,0.5%]","(386,inf]",7
9806,365,4,7,False,0.023681307975227908,0.2116261507556582,"(0.01%,0.1%]","(275,386]",0
9807,415,0,7,False,0.8781280888193653,1.0136484693858976,>0.5%,"(386,inf]",7
9808,457,4,7,False,0.32063085333233365,1.8943673676695596,"(0.1%,0.5%]","(386,inf]",7
9809,134,4,0,False,0.0050892680344463885,0.0050892680344463885,"(0,0.01%]","(-inf,161]",0
9810,370,0,0,True,0.3348896279438652,0.0,"(0.1%,0.5%]","(275,386]",0
9811,416,7,7,True,0.21230911678662054,0.0,"(0.1%,0.5%]","(386,inf]",7
9812,493,2,0,False,0.47046810695387103,1.586234969126635,"(0.1%,0.5%]","(386,inf]",7
9813,488,4,7,False,0.08324936613599417,0.9585387282996213,"(0.01%,0.1%]","(386,inf]",7
9814,190,7,0,False,0.28645759145849,0.5642251526027333,"(0.1%,0.5%]","(161,275]",0
9815,165,6,0,False,0.7387982779497615,1.6674386359876239,>0.5%,"(161,275]",0
9816,61,0,3,False,0.0,0.0,=0,"(-inf,161]",0
9817,496,0,0,True,0.49938972605505305,0.0,"(0.1%,0.5%]","(386,inf]",7
9818,302,7,6,False,0.5652288331444993,0.5652288331444993,>0.5%,"(275,386]",0
9819,422,2,0,False,0.21695714395771104,0.9872784320275767,"(0.1%,0.5%]","(386,inf]",7
9820,258,6,0,False,0.09624176254274376,1.619409986522679,"(0.01%,0.1%]","(161,275]",0
9821,253,7,0,False,0.7081415015885596,0.7081415015885596,>0.5%,"(161,275]",0
9822,172,7,0,False,0.02247571480128008,0.2783292001283226,"(0.01%,0.1%]","(161,275]",0
9823,342,4,0,False,0.9666310779836956,1.0702389641636967,>0.5%,"(275,386]",0
9824,367,0,0,True,0.2405084913246815,0.0,"(0.1%,0.5%]","(275,386]",0
9825,94,0,0,True,0.000460639918381272,0.0,"(0,0.01%]","(-inf,161]",0
9826,78,3,3,True,0.06827609876492831,0.0,"(0.01%,0.1%]","(-inf,161]",0
9827,206,2,2,True,0.7876913816437865,0.0,>0.5%,"(161,275]",0
9828,145,5,0,False,0.048708928875830934,0.6031340761414495,"(0.01%,0.1%]","(-inf,161]",0
9829,157,4,0,False,2.27306977021022,3.310732251687694,>0.5%,"(-inf,161]",0
9830,222,0,0,True,0.7906368952569058,0.0,>0.5%,"(161,275]",0
9831,444,6,0,False,0.1550168790508938,0.1550168790508938,"(0.1%,0.5%]","(386,inf]",7
9832,133,0,0,True,0.08479025769423709,0.0,"(0.01%,0.1%]","(-inf,161]",0
9833,249,6,0,False,0.25525735644340114,0.25525735644340114,"(0.1%,0.5%]","(161,275]",0
9834,450,0,0,True,0.2568242673090858,0.0,"(0.1%,0.5%]","(386,inf]",7
9835,249,7,2,False,1.2114911467351406,1.6056797216494185,>0.5%,"(161,275]",0
9836,462,7,7,True,0.6363667843897102,0.0,>0.5%,"(386,inf]",7
9837,400,7,7,True,0.017480693017117497,0.0,"(0.01%,0.1%]","(386,inf]",7
9838,71,0,3,False,0.0,0.0,=0,"(-inf,161]",0
9839,155,0,0,True,0.04303479230656627,0.0,"(0.01%,0.1%]","(-inf,161]",0
9840,153,0,0,True,0.10923064165740978,0.0,"(0.1%,0.5%]","(-inf,161]",0
9841,98,1,0,False,0.3645971610532901,0.3645971610532901,"(0.1%,0.5%]","(-inf,161]",0
9842,351,2,7,False,0.10143424177932887,0.10143424177932887,"(0.1%,0.5%]","(275,386]",0
9843,198,0,0,True,0.7228481295125485,0.0,>0.5%,"(161,275]",0
9844,383,0,7,False,0.16003019605542954,1.006859858190615,"(0.1%,0.5%]","(275,386]",0
9845,460,4,0,False,0.40143289556709616,0.40143289556709616,"(0.1%,0.5%]","(386,inf]",7
9846,385,6,0,False,0.18280403088956376,0.18280403088956376,"(0.1%,0.5%]","(275,386]",0
9847,209,6,7,False,1.1816938986713768,2.0755430753166064,>0.5%,"(161,275]",0
9848,291,4,7,False,0.00035968417684129544,0.6016940948373909,"(0,0.01%]","(275,386]",0
9849,498,4,7,False,0.0295263771609532,0.0295263771609532,"(0.01%,0.1%]","(386,inf]",7
9850,447,7,7,True,0.49601569346238533,0.0,"(0.1%,0.5%]","(386,inf]",7
9851,217,6,0,False,0.8121412986824839,1.5485061277852366,>0.5%,"(161,275]",0
9852,355,2,0,False,0.11208355463783873,0.11208355463783873,"(0.1%,0.5%]","(275,386]",0
9853,269,7,0,False,0.4062331918473239,0.4062331918473239,"(0.1%,0.5%]","(161,275]",0
9854,171,0,0,True,0.45618022080732057,0.0,"(0.1%,0.5%]","(161,275]",0
9855,221,2,0,False,0.78790188887863,0.9150376559000611,>0.5%,"(161,275]",0
9856,69,1,3,False,0.0,1.1287044147364397e-06,=0,"(-inf,161]",0
9857,119,0,0,True,0.36321219178613634,0.0,"(0.1%,0.5%]","(-inf,161]",0
9858,433,6,7,False,0.7194612539049238,1.1008115565138872,>0.5%,"(386,inf]",7
9859,396,7,7,True,0.7430841398137923,0.0,>0.5%,"(386,inf]",7
9860,264,2,7,False,0.533981416797843,0.533981416797843,>0.5%,"(161,275]",0
9861,79,3,3,True,0.10307062313040331,0.0,"(0.1%,0.5%]","(-inf,161]",0
9862,72,0,3,False,0.0,0.2748552311046312,=0,"(-inf,161]",0
9863,219,0,0,True,0.8521472356191131,0.0,>0.5%,"(161,275]",0
9864,52,4,3,False,0.6233459225534829,0.9760358715091699,>0.5%,"(-inf,161]",0
9865,428,0,0,True,0.010004299195291185,0.0,"(0.01%,0.1%]","(386,inf]",7
9866,428,4,0,False,0.468108845832388,3.0232212363895883,"(0.1%,0.5%]","(386,inf]",7
9867,440,2,0,False,0.09302396487490602,2.647680528607998,"(0.01%,0.1%]","(386,inf]",7
9868,393,0,0,True,0.9318332492733848,0.0,>0.5%,"(386,inf]",7
9869,477,4,7,False,0.9623144001549894,2.2761805979483527,>0.5%,"(386,inf]",7
9870,80,3,3,True,0.6364161728282678,0.0,>0.5%,"(-inf,161]",0
9871,223,0,0,True,0.028145868804911264,0.0,"(0.01%,0.1%]","(161,275]",0
9872,324,4,0,False,0.4459814898617787,0.4459814898617787,"(0.1%,0.5%]","(275,386]",0
9873,270,2,7,False,0.0023994949143066797,2.1678222745598754,"(0,0.01%]","(161,275]",0
9874,471,1,7,False,0.17808309965028718,1.7596084877219038,"(0.1%,0.5%]","(386,inf]",7
9875,85,1,3,False,0.19053504778477584,0.19053504778477584,"(0.1%,0.5%]","(-inf,161]",0
9876,496,6,7,False,0.661733812393337,0.661733812393337,>0.5%,"(386,inf]",7
9877,363,7,7,True,0.6097915716211382,0.0,>0.5%,"(275,386]",0
9878,343,7,7,True,0.4153622692056978,0.0,"(0.1%,0.5%]","(275,386]",0
9879,184,0,0,True,0.36098144261033827,0.0,"(0.1%,0.5%]","(161,275]",0
9880,230,6,0,False,0.5099685031838189,0.5367236490594968,>0.5%,"(161,275]",0
9881,134,6,0,False,0.2124721813459804,0.7882299153239916,"(0.1%,0.5%]","(-inf,161]",0
9882,301,0,0,True,1.0424118293773263,0.0,>0.5%,"(275,386]",0
9883,414,6,7,False,1.7846288601678113,1.7846288601678113,>0.5%,"(386,inf]",7
9884,273,4,6,False,0.2851898434225673,0.9743180305071631,"(0.1%,0.5%]","(161,275]",0
9885,276,0,0,True,1.0815207586037063,0.0,>0.5%,"(275,386]",0
9886,245,4,0,False,0.2626170696765811,0.2626170696765811,"(0.1%,0.5%]","(161,275]",0
9887,166,2,0,False,0.8442873494520569,0.8442873494520569,>0.5%,"(161,275]",0
9888,494,4,7,False,0.39630078938246777,0.39630078938246777,"(0.1%,0.5%]","(386,inf]",7
9889,122,6,0,False,0.17401511988973978,1.6579151270084174,"(0.1%,0.5%]","(-inf,161]",0
9890,366,7,7,True,0.3800766648537928,0.0,"(0.1%,0.5%]","(275,386]",0
9891,269,4,7,False,0.19119415018106145,0.6677037056357943,"(0.1%,0.5%]","(161,275]",0
9892,412,7,0,False,0.8787943523097865,1.6486302794302905,>0.5%,"(386,inf]",7
9893,219,0,0,True,1.0347833025394715,0.0,>0.5%,"(161,275]",0
9894,291,7,6,False,0.2524972988704759,0.2524972988704759,"(0.1%,0.5%]","(275,386]",0
9895,385,7,0,False,0.4847916266032179,0.4847916266032179,"(0.1%,0.5%]","(275,386]",0
9896,343,0,0,True,0.3741895530073607,0.0,"(0.1%,0.5%]","(275,386]",0
9897,128,6,3,False,0.7137836529912918,1.9328916536343672,>0.5%,"(-inf,161]",0
9898,144,0,0,True,0.015010212786010349,0.0,"(0.01%,0.1%]","(-inf,161]",0
9899,487,6,7,False,0.0802292114043591,0.789249480392258,"(0.01%,0.1%]","(386,inf]",7
9900,302,2,7,False,0.23960118794700327,0.463833544552307,"(0.1%,0.5%]","(275,386]",0
9901,399,6,7,False,0.3077503948645242,3.0823782519383562,"(0.1%,0.5%]","(386,inf]",7
9902,419,4,0,False,0.21614929397873606,0.21614929397873606,"(0.1%,0.5%]","(386,inf]",7
9903,98,3,3,True,0.15568561701873215,0.0,"(0.1%,0.5%]","(-inf,161]",0
9904,194,0,0,True,0.6261584232218186,0.0,>0.5%,"(161,275]",0
9905,453,0,7,False,0.01682367815211236,0.47679791442731284,"(0.01%,0.1%]","(386,inf]",7
9906,235,0,0,True,0.08727154231449832,0.0,"(0.01%,0.1%]","(161,275]",0
9907,315,2,2,True,0.8617853208637181,0.0,>0.5%,"(275,386]",0
9908,58,3,3,True,0.08645467649672464,0.0,"(0.01%,0.1%]","(-inf,161]",0
9909,134,2,0,False,0.33981683145510083,0.461626588764504,"(0.1%,0.5%]","(-inf,161]",0
9910,300,0,0,True,1.0307141638080752,0.0,>0.5%,"(275,386]",0
9911,463,7,7,True,0.9818537297946325,0.0,>0.5%,"(386,inf]",7
9912,469,2,7,False,0.06768178617636712,0.06768178617636712,"(0.01%,0.1%]","(386,inf]",7
9913,427,6,6,True,0.281681041318616,0.0,"(0.1%,0.5%]","(386,inf]",7
9914,250,6,0,False,1.0833664786223454,1.3698656210670277,>0.5%,"(161,275]",0
9915,444,0,7,False,0.9196614045070298,1.3001255967913536,>0.5%,"(386,inf]",7
9916,432,7,0,False,0.41036431616330926,0.41036431616330926,"(0.1%,0.5%]","(386,inf]",7
9917,408,4,0,False,0.30643716267133914,0.30643716267133914,"(0.1%,0.5%]","(386,inf]",7
9918,86,1,3,False,1.0213025567201915e-05,0.03623509321639243,"(0,0.01%]","(-inf,161]",0
9919,109,0,3,False,0.00928753369240841,0.3580637883047095,"(0,0.01%]","(-inf,161]",0
9920,74,1,3,False,0.1079823022158598,0.1079823022158598,"(0.1%,0.5%]","(-inf,161]",0
9921,438,1,0,False,0.24730646393595113,0.24730646393595113,"(0.1%,0.5%]","(386,inf]",7
9922,170,0,0,True,0.16555950170371017,0.0,"(0.1%,0.5%]","(161,275]",0
9923,206,0,0,True,0.9056451191378931,0.0,>0.5%,"(161,275]",0
9924,283,7,6,False,0.814048429627523,2.372814204446359,>0.5%,"(275,386]",0
9925,434,2,0,False,0.3805744540154882,0.3805744540154882,"(0.1%,0.5%]","(386,inf]",7
9926,269,0,0,True,0.5027295800396729,0.0,>0.5%,"(161,275]",0
9927,331,0,0,True,0.6792787040003433,0.0,>0.5%,"(275,386]",0
9928,216,1,7,False,0.3343046099359823,0.3343046099359823,"(0.1%,0.5%]","(161,275]",0
9929,198,0,0,True,0.767496726261467,0.0,>0.5%,"(161,275]",0
9930,324,6,7,False,0.2569884076605196,1.93132548909356,"(0.1%,0.5%]","(275,386]",0
9931,123,7,3,False,0.04907433272601529,0.17286893470314568,"(0.01%,0.1%]","(-inf,161]",0
9932,100,0,3,False,0.34905402312325895,0.34905402312325895,"(0.1%,0.5%]","(-inf,161]",0
9933,285,7,7,True,0.5012678023608316,0.0,>0.5%,"(275,386]",0
9934,352,0,0,True,0.541621049275698,0.0,>0.5%,"(275,386]",0
9935,193,4,0,False,0.17004250207628938,0.5076342448265635,"(0.1%,0.5%]","(161,275]",0
9936,488,6,7,False,0.5641496842851976,1.106009560670481,>0.5%,"(386,inf]",7
9937,83,3,3,True,0.23050496430434375,0.0,"(0.1%,0.5%]","(-inf,161]",0
9938,333,4,0,False,1.1856945124498095,2.3257331364010367,>0.5%,"(275,386]",0
9939,59,6,3,False,0.044265750289367224,0.044265750289367224,"(0.01%,0.1%]","(-inf,161]",0
9940,329,0,0,True,0.007960429566412732,0.0,"(0,0.01%]","(275,386]",0
9941,410,0,0,True,0.002550342649677258,0.0,"(0,0.01%]","(386,inf]",7
9942,263,2,7,False,0.25313192347421426,0.25313192347421426,"(0.1%,0.5%]","(161,275]",0
9943,289,4,0,False,0.007466485006332266,0.4549789290814197,"(0,0.01%]","(275,386]",0
9944,130,0,0,True,0.37401723950344895,0.0,"(0.1%,0.5%]","(-inf,161]",0
9945,483,4,0,False,0.2740294479063571,0.2740294479063571,"(0.1%,0.5%]","(386,inf]",7
9946,365,6,0,False,0.20100060821581506,1.2108107468469391,"(0.1%,0.5%]","(275,386]",0
9947,343,1,0,False,0.10006138851830905,1.0344872460575245,"(0.1%,0.5%]","(275,386]",0
9948,271,4,0,False,0.4293178355514335,0.607900471880839,"(0.1%,0.5%]","(161,275]",0
9949,204,0,0,True,0.3949248692672054,0.0,"(0.1%,0.5%]","(161,275]",0
9950,422,0,0,True,0.9162320675222704,0.0,>0.5%,"(386,inf]",7
9951,311,2,0,False,0.05851607895324605,0.05851607895324605,"(0.01%,0.1%]","(275,386]",0
9952,127,4,0,False,0.39158032151680605,0.4439252822132629,"(0.1%,0.5%]","(-inf,161]",0
9953,232,0,0,True,0.6821489916757811,0.0,>0.5%,"(161,275]",0
9954,56,3,3,True,0.16184800514880152,0.0,"(0.1%,0.5%]","(-inf,161]",0
9955,406,4,7,False,0.4551539679323301,2.1626734738672613,"(0.1%,0.5%]","(386,inf]",7
9956,497,7,7,True,0.8845281144520187,0.0,>0.5%,"(386,inf]",7
9957,338,0,0,True,0.8423255492739584,0.0,>0.5%,"(275,386]",0
9958,170,7,0,False,1.086690707126515,2.6701312286634487,>0.5%,"(161,275]",0
9959,117,3,0,False,0.32642005703686905,0.4986719411743325,"(0.1%,0.5%]","(-inf,161]",0
9960,144,2,0,False,0.1599820838497802,1.6261462056883953,"(0.1%,0.5%]","(-inf,161]",0
9961,247,2,0,False,0.48073975790981,5.012467802363757,"(0.1%,0.5%]","(161,275]",0
9962,347,4,0,False,1.0489734043990788,1.0489734043990788,>0.5%,"(275,386]",0
9963,209,0,0,True,0.7199155098308039,0.0,>0.5%,"(161,275]",0
9964,157,7,6,False,1.1496019623982845,1.596976267875011,>0.5%,"(-inf,161]",0
9965,318,2,0,False,0.1951733190326884,0.6277394413092334,"(0.1%,0.5%]","(275,386]",0
9966,314,4,6,False,0.8296079410839836,0.8296079410839836,>0.5%,"(275,386]",0
9967,249,4,0,False,0.2153174795702974,0.2153174795702974,"(0.1%,0.5%]","(161,275]",0
9968,406,7,7,True,0.36889943462305597,0.0,"(0.1%,0.5%]","(386,inf]",7
9969,283,4,0,False,0.3115453386728976,1.1926617768944896,"(0.1%,0.5%]","(275,386]",0
9970,298,2,7,False,0.7747186497167834,0.7747186497167834,>0.5%,"(275,386]",0
9971,192,6,0,False,0.6564963448906888,6.3342182456584375,>0.5%,"(161,275]",0
9972,116,3,0,False,0.3629986019110214,0.40683226714304255,"(0.1%,0.5%]","(-inf,161]",0
9973,165,3,0,False,0.03883835406928661,2.069044401929508,"(0.01%,0.1%]","(161,275]",0
9974,79,0,3,False,0.055377363152751456,0.055377363152751456,"(0.01%,0.1%]","(-inf,161]",0
9975,491,6,7,False,1.0541416104166474,1.4422642389856448,>0.5%,"(386,inf]",7
9976,250,0,0,True,0.2771967772028726,0.0,"(0.1%,0.5%]","(161,275]",0
9977,123,0,0,True,1.1977857313249076,0.0,>0.5%,"(-inf,161]",0
9978,68,0,3,False,0.03702966693662303,0.03702966693662303,"(0.01%,0.1%]","(-inf,161]",0
9979,160,1,2,False,0.36377024486781057,0.43970612342250004,"(0.1%,0.5%]","(-inf,161]",0
9980,186,6,0,False,0.2365690396316298,0.2365690396316298,"(0.1%,0.5%]","(161,275]",0
9981,373,0,0,True,0.9956473499408853,0.0,>0.5%,"(275,386]",0
9982,222,0,0,True,0.06685545916016854,0.0,"(0.01%,0.1%]","(161,275]",0
9983,286,4,0,False,0.7281332678383227,0.7281332678383227,>0.5%,"(275,386]",0
9984,349,4,0,False,0.7243076669087573,1.1910493541089517,>0.5%,"(275,386]",0
9985,216,2,0,False,0.6486052013746876,0.6486052013746876,>0.5%,"(161,275]",0
9986,107,3,3,True,0.05521596836843522,0.0,"(0.01%,0.1%]","(-inf,161]",0
9987,325,0,7,False,0.25999371782531183,0.9463739562956335,"(0.1%,0.5%]","(275,386]",0
9988,255,0,0,True,0.3215924501440848,0.0,"(0.1%,0.5%]","(161,275]",0
9989,167,2,2,True,0.9646048946341199,0.0,>0.5%,"(161,275]",0
9990,299,7,0,False,0.027031296261976766,0.027031296261976766,"(0.01%,0.1%]","(275,386]",0
9991,270,6,0,False,0.36900725965188985,0.36900725965188985,"(0.1%,0.5%]","(161,275]",0
9992,355,4,0,False,1.016305062082672,2.0029797396472264,>0.5%,"(275,386]",0
9993,462,7,7,True,1.0117938056369113,0.0,>0.5%,"(386,inf]",7
9994,322,4,0,False,0.3165448611512367,0.3165448611512367,"(0.1%,0.5%]","(275,386]",0
9995,327,0,0,True,0.08379266906861965,0.0,"(0.01%,0.1%]","(275,386]",0
9996,287,0,6,False,0.09910146460847975,0.09910146460847975,"(0.01%,0.1%]","(275,386]",0
9997,143,0,0,True,0.2155376368270464,0.0,"(0.1%,0.5%]","(-inf,161]",0
9998,182,7,0,False,0.10068436037019657,0.10068436037019657,"(0.1%,0.5%]","(161,275]",0
9999,227,7,0,False,0.004379776788094187,1.9803878412477316,"(0,0.01%]","(161,275]",0
