stage,index,customers,solver,starts,historical_cost,replay_min_cost,absolute_difference,reproduced
precheck,68,53,RELD_MOEL,42,8.6187038422,8.618703842163086,3.6914471479576605e-11,True
precheck,68,53,RELD_MTL,42,8.5271205902,8.527120590209961,9.961809155356605e-12,True
precheck,216,60,RELD_MOEL,48,7.0975337029,7.097533702850342,4.9658055445434e-11,True
precheck,216,60,RELD_MTL,48,7.2432231903,7.243223190307617,7.617018127348274e-12,True
precheck,331,66,RELD_MOEL,52,9.2227840424,9.222784042358398,4.1602277178753866e-11,True
precheck,331,66,RELD_MTL,52,9.100446701,9.100446701049805,4.980549306310422e-11,True
precheck,359,67,RELD_MOEL,53,12.8359584808,12.835958480834961,3.496047895623633e-11,True
precheck,359,67,RELD_MTL,53,12.9345798492,12.934579849243164,4.3163694840586686e-11,True
precheck,523,76,RELD_MOEL,60,6.7616043091,6.761604309082031,1.7968737608953234e-11,True
precheck,523,76,RELD_MTL,60,6.7782173157,6.778217315673828,2.617195349330359e-11,True
precheck,613,80,RELD_MOEL,64,12.7502117157,12.750211715698242,1.758593271006248e-12,True
precheck,613,80,RELD_MTL,64,12.6665382385,12.66653823852539,2.539124466238718e-11,True
precheck,900,95,RELD_MOEL,76,13.3139019012,13.313901901245117,4.511768736392696e-11,True
precheck,900,95,RELD_MTL,76,12.7714672089,12.771467208862305,3.7696068488912715e-11,True
precheck,953,98,RELD_MOEL,78,16.8273887634,16.827388763427734,2.773603569039551e-11,True
precheck,953,98,RELD_MTL,78,15.9628591537,15.962859153747559,4.7558401661262906e-11,True
full,4,50,RELD_MOEL,40,8.0660686493,8.066068649291992,8.007816632016329e-12,True
full,4,50,RELD_MTL,40,7.9749550819,7.974955081939697,3.96971344684971e-11,True
full,6,50,RELD_MOEL,40,8.0119915009,8.011991500854492,4.5508485868595017e-11,True
full,6,50,RELD_MTL,40,7.9230313301,7.923031330108643,8.642864202101919e-12,True
full,17,50,RELD_MOEL,40,5.2359256744,5.235925674438477,3.8476777319829125e-11,True
full,17,50,RELD_MTL,40,5.4763946533,5.4763946533203125,2.0312640458541864e-11,True
full,7,50,RELD_MOEL,40,8.2507009506,8.250700950622559,2.255795550354378e-11,True
full,7,50,RELD_MTL,40,8.2551937103,8.255193710327148,2.7148061576554028e-11,True
full,19,50,RELD_MOEL,40,9.351190567,9.351190567016602,1.660183102103474e-11,True
full,19,50,RELD_MTL,40,9.6674156189,9.667415618896484,3.5154101851730957e-12,True
full,11,50,RELD_MOEL,40,6.9254407883,6.925440788269043,3.0957458818647865e-11,True
full,11,50,RELD_MTL,40,6.982395649,6.982395648956299,4.370104278450526e-11,True
full,18,50,RELD_MOEL,40,9.6932754517,9.693275451660156,3.984368390774762e-11,True
full,18,50,RELD_MTL,40,10.4263725281,10.426372528076172,2.382805064371496e-11,True
full,1,50,RELD_MOEL,40,8.9051685333,8.905168533325195,2.5195845410053153e-11,True
full,1,50,RELD_MTL,40,9.2684059143,9.26840591430664,6.640021865678136e-12,True
full,3,50,RELD_MOEL,40,7.7857522964,7.785752296447754,4.7753800913596933e-11,True
full,3,50,RELD_MTL,40,7.3344063759,7.33440637588501,1.4990675367698714e-11,True
full,14,50,RELD_MOEL,40,7.3854579926,7.385457992553711,4.6289194699511427e-11,True
full,14,50,RELD_MTL,40,7.4616417885,7.461641788482666,1.7333690038867644e-11,True
full,15,50,RELD_MOEL,40,9.3541555405,9.354155540466309,3.369216017290455e-11,True
full,15,50,RELD_MTL,40,9.390337944,9.390337944030762,3.076117138789414e-11,True
full,8,50,RELD_MOEL,40,10.6228561401,10.622856140136719,3.671907222724258e-11,True
full,8,50,RELD_MTL,40,10.6780853271,10.678085327148438,4.843769829676603e-11,True
full,13,50,RELD_MOEL,40,8.6312217712,8.631221771240234,4.023448241241567e-11,True
full,13,50,RELD_MTL,40,7.2495584488,7.249558448791504,8.496314762851398e-12,True
full,16,50,RELD_MOEL,40,6.066160202,6.066160202026367,2.6367352745637618e-11,True
full,16,50,RELD_MTL,40,6.123705864,6.123705863952637,4.736300240892888e-11,True
full,12,50,RELD_MOEL,40,8.6256866455,8.625686645507812,7.812417379682302e-12,True
full,12,50,RELD_MTL,40,8.5860404968,8.586040496826172,2.617106531488389e-11,True
full,5,50,RELD_MOEL,40,8.3290271759,8.32902717590332,3.320010932839068e-12,True
full,5,50,RELD_MTL,40,8.3732337952,8.373233795166016,3.398525905140559e-11,True
full,2,50,RELD_MOEL,40,5.9758672714,5.97586727142334,2.333955251287989e-11,True
full,2,50,RELD_MTL,40,5.9405884743,5.940588474273682,2.631850293255411e-11,True
full,10,50,RELD_MOEL,40,5.3223700523,5.3223700523376465,3.764633049740951e-11,True
full,10,50,RELD_MTL,40,5.1690855026,5.169085502624512,2.4511948026884056e-11,True
full,9,50,RELD_MOEL,40,11.6113147736,11.61131477355957,4.04298816647497e-11,True
full,9,50,RELD_MTL,40,12.2758312225,12.27583122253418,3.417888194690022e-11,True
full,0,50,RELD_MOEL,40,11.076669693,11.076669692993164,6.835421118012164e-12,True
full,0,50,RELD_MTL,40,11.1647777557,11.164777755737305,3.730526998424466e-11,True
full,25,51,RELD_MOEL,40,12.9057617188,12.90576171875,4.999911595859885e-11,True
full,25,51,RELD_MTL,40,12.571308136,12.571308135986328,1.3672618592863728e-11,True
full,38,51,RELD_MOEL,40,10.6716823578,10.671682357788086,1.191402532185748e-11,True
full,38,51,RELD_MTL,40,11.0339860916,11.03398609161377,1.3770318219030742e-11,True
full,34,51,RELD_MOEL,40,9.4078969955,9.407896995544434,4.4433789980757865e-11,True
full,34,51,RELD_MTL,40,9.2995996475,9.299599647521973,2.1973534103381098e-11,True
full,21,51,RELD_MOEL,40,7.7058429718,7.705842971801758,1.7577050925865478e-12,True
full,21,51,RELD_MTL,40,7.2765822411,7.27658224105835,4.165023881341767e-11,True
full,26,51,RELD_MOEL,40,8.0351076126,8.035107612609863,9.864109529189591e-12,True
full,26,51,RELD_MTL,40,7.9921340942,7.992134094238281,3.82813780674951e-11,True
full,31,51,RELD_MOEL,40,6.5601062775,6.56010627746582,3.417977012531992e-11,True
full,31,51,RELD_MTL,40,6.2725324631,6.2725324630737305,2.6269653119470604e-11,True
full,28,51,RELD_MOEL,40,8.5650672913,8.565067291259766,4.023448241241567e-11,True
full,28,51,RELD_MTL,40,7.7775287628,7.777528762817383,1.738253985195115e-11,True
full,32,51,RELD_MOEL,40,6.2031335831,6.203133583068848,3.115196989256219e-11,True
full,32,51,RELD_MTL,40,6.539247036,6.539247035980225,1.9775292514623288e-11,True
full,27,51,RELD_MOEL,40,6.6953353882,6.695335388183594,1.6406431768700713e-11,True
full,27,51,RELD_MTL,40,6.7672052383,6.767205238342285,4.228528638350326e-11,True
full,33,51,RELD_MOEL,40,5.1308460236,5.13084602355957,4.04298816647497e-11,True
full,33,51,RELD_MTL,40,5.1227412224,5.122741222381592,1.8408385926704796e-11,True
full,36,51,RELD_MOEL,40,10.3419208527,10.341920852661133,3.886668764607748e-11,True
full,36,51,RELD_MTL,40,10.0510749817,10.051074981689453,1.0546230555519287e-11,True
full,30,51,RELD_MOEL,40,9.8681488037,9.868148803710938,1.0937029060187342e-11,True
full,30,51,RELD_MTL,40,9.9980964661,9.998096466064453,3.554667671323841e-11,True
full,22,51,RELD_MOEL,40,7.2780580521,7.278058052062988,3.701128292732392e-11,True
full,22,51,RELD_MTL,40,7.1335110664,7.133511066436768,3.6767922040326084e-11,True
full,35,51,RELD_MOEL,40,7.9625973701,7.962597370147705,4.7704951100513426e-11,True
full,35,51,RELD_MTL,40,8.0134162903,8.013416290283203,1.679723027336877e-11,True
full,20,51,RELD_MOEL,40,7.4479231834,7.447923183441162,4.1161740682582604e-11,True
full,20,51,RELD_MTL,40,7.518116951,7.5181169509887695,1.1230127938688383e-11,True
full,29,51,RELD_MOEL,40,10.1374988556,10.13749885559082,9.180212146020494e-12,True
full,29,51,RELD_MTL,40,10.5751304626,10.575130462646484,4.6483705773425754e-11,True
full,23,51,RELD_MOEL,40,9.789814949,9.789814949035645,3.5644376339405426e-11,True
full,23,51,RELD_MTL,40,10.0306434631,10.030643463134766,3.47650797039023e-11,True
full,39,51,RELD_MOEL,40,7.488781929,7.488781929016113,1.6113332890199672e-11,True
full,39,51,RELD_MTL,40,7.5698738098,7.569873809814453,1.4453327423780138e-11,True
full,37,51,RELD_MOEL,40,7.3230009079,7.323000907897949,2.050803971087589e-12,True
full,37,51,RELD_MTL,40,7.7289943695,7.728994369506836,6.836309296431864e-12,True
full,24,51,RELD_MOEL,40,8.4253196716,8.42531967163086,3.085887101406115e-11,True
full,24,51,RELD_MTL,40,8.3290157318,8.329015731811523,1.1523226817189425e-11,True
full,54,52,RELD_MOEL,41,7.8596057892,7.85960578918457,1.5429435507030576e-11,True
full,54,52,RELD_MTL,41,7.9406957626,7.940695762634277,3.427746975148693e-11,True
full,53,52,RELD_MOEL,41,6.0056767464,6.005676746368408,3.1591618210313754e-11,True
full,53,52,RELD_MTL,41,5.8577413559,5.857741355895996,4.0039083160081645e-12,True
full,40,52,RELD_MOEL,41,7.8037204742,7.803720474243164,4.3163694840586686e-11,True
full,40,52,RELD_MTL,41,8.0285682678,8.028568267822266,2.226485662504274e-11,True
full,41,52,RELD_MOEL,41,9.8076438904,9.80764389038086,1.91402449445377e-11,True
full,41,52,RELD_MTL,41,9.6658573151,9.665857315063477,3.652367297490855e-11,True
full,55,52,RELD_MOEL,41,7.8736658096,7.873665809631348,3.134736914489622e-11,True
full,55,52,RELD_MTL,41,8.1607522964,8.160752296447754,4.7753800913596933e-11,True
full,49,52,RELD_MOEL,41,10.6062145233,10.60621452331543,1.5429435507030576e-11,True
full,49,52,RELD_MTL,41,10.4590301514,10.459030151367188,3.2812863537401427e-11,True
full,48,52,RELD_MOEL,41,9.2049732208,9.204973220825195,2.5195845410053153e-11,True
full,48,52,RELD_MTL,41,9.6123752594,9.612375259399414,5.861977570020827e-13,True
full,51,52,RELD_MOEL,41,8.6296062469,8.629606246948242,4.8242299044432e-11,True
full,51,52,RELD_MTL,41,8.5677051544,8.567705154418945,1.894484569220367e-11,True
full,57,52,RELD_MOEL,41,9.3124666214,9.312466621398926,1.0746958878371515e-12,True
full,57,52,RELD_MTL,41,9.0099534988,9.009953498840332,4.033218203858269e-11,True
full,52,52,RELD_MOEL,41,6.8005962372,6.800596237182617,1.738253985195115e-11,True
full,52,52,RELD_MTL,41,6.7479705811,6.7479705810546875,4.531219843784129e-11,True
full,44,52,RELD_MOEL,41,9.3298892975,9.329889297485352,1.4647838497694465e-11,True
full,44,52,RELD_MTL,41,9.5634469986,9.563446998596191,3.808509063674137e-12,True
full,58,52,RELD_MOEL,41,11.1307916641,11.130791664123535,2.353495176521392e-11,True
full,58,52,RELD_MTL,41,10.6607599258,10.660759925842285,4.228439820508356e-11,True
full,45,52,RELD_MOEL,41,9.2655315399,9.265531539916992,1.6992629525702796e-11,True
full,45,52,RELD_MTL,41,9.593337059,9.593337059020996,2.099653784171096e-11,True
full,56,52,RELD_MOEL,41,7.8882341385,7.8882341384887695,1.1230127938688383e-11,True
full,56,52,RELD_MTL,41,8.101234436,8.101234436035156,3.515587820857036e-11,True
full,43,52,RELD_MOEL,41,6.5856289864,6.585628986358643,4.135713993491663e-11,True
full,43,52,RELD_MTL,41,6.4642019272,6.464201927185059,1.4941825554615207e-11,True
full,50,52,RELD_MOEL,41,7.2844715118,7.28447151184082,4.0820680169417756e-11,True
full,50,52,RELD_MTL,41,7.4510030746,7.451003074645996,4.5996095821010385e-11,True
full,46,52,RELD_MOEL,41,6.0057210922,6.005721092224121,2.4121149522216e-11,True
full,46,52,RELD_MTL,41,6.1293759346,6.12937593460083,8.304468224196171e-13,True
full,42,52,RELD_MOEL,41,7.2821598053,7.282159805297852,2.148503597254603e-12,True
full,42,52,RELD_MTL,41,7.2788171768,7.278817176818848,1.8848034244456358e-11,True
full,59,52,RELD_MOEL,41,7.0696315765,7.069631576538086,3.808597881516107e-11,True
full,59,52,RELD_MTL,41,7.6668438911,7.666843891143799,4.3798742410672276e-11,True
full,47,52,RELD_MOEL,41,5.0540981293,5.054098129272461,2.7538860081222083e-11,True
full,47,52,RELD_MTL,41,5.0183582306,5.01835823059082,9.179323967600794e-12,True
full,72,53,RELD_MOEL,42,7.8471679688,7.84716796875,5.000000413701855e-11,True
full,72,53,RELD_MTL,42,7.7796144485,7.779614448547363,4.736300240892888e-11,True
full,63,53,RELD_MOEL,42,6.1350440979,6.135044097900391,3.907985046680551e-13,True
full,63,53,RELD_MTL,42,5.8297967911,5.82979679107666,2.333955251287989e-11,True
full,68,53,RELD_MOEL,42,8.6187038422,8.618703842163086,3.6914471479576605e-11,True
full,68,53,RELD_MTL,42,8.5271205902,8.527120590209961,9.961809155356605e-12,True
full,61,53,RELD_MOEL,42,7.8713216782,7.871321678161621,3.837907769366211e-11,True
full,61,53,RELD_MTL,42,7.9560937881,7.956093788146973,4.697309208268052e-11,True
full,69,53,RELD_MOEL,42,5.5654249191,5.565424919128418,2.8418156716725207e-11,True
full,69,53,RELD_MTL,42,4.7781200409,4.778120040893555,6.445510791763809e-12,True
full,66,53,RELD_MOEL,42,8.0164556503,8.01645565032959,2.959055223072937e-11,True
full,66,53,RELD_MTL,42,8.0228471756,8.022847175598145,1.8562928971732617e-12,True
full,77,53,RELD_MOEL,42,7.2608714104,7.260871410369873,3.012701199622825e-11,True
full,77,53,RELD_MTL,42,7.3536128998,7.353612899780273,1.972644270153978e-11,True
full,65,53,RELD_MOEL,42,10.1786460876,10.178646087646484,4.6483705773425754e-11,True
full,65,53,RELD_MTL,42,10.399553299,10.399553298950195,4.980549306310422e-11,True
full,70,53,RELD_MOEL,42,5.7178893089,5.717889308929443,2.944311461305915e-11,True
full,70,53,RELD_MTL,42,5.5711655617,5.571165561676025,2.397460008296548e-11,True
full,78,53,RELD_MOEL,42,10.8284349442,10.828434944152832,4.716760315659485e-11,True
full,78,53,RELD_MTL,42,10.8654880524,10.865488052368164,3.183586727573129e-11,True
full,67,53,RELD_MOEL,42,8.3337459564,8.333745956420898,2.0898838215543947e-11,True
full,67,53,RELD_MTL,42,8.1088542938,8.108854293823242,2.3241852886712877e-11,True
full,60,53,RELD_MOEL,42,4.9514532089,4.95145320892334,2.333955251287989e-11,True
full,60,53,RELD_MTL,42,4.9396114349,4.939611434936523,3.652367297490855e-11,True
full,71,53,RELD_MOEL,42,12.5960445404,12.596044540405273,5.274003456179344e-12,True
full,71,53,RELD_MTL,42,12.6888284683,12.688828468322754,2.2753354755877808e-11,True
full,64,53,RELD_MOEL,42,6.363699913,6.363699913024902,2.490274653155211e-11,True
full,64,53,RELD_MTL,42,6.4218821526,6.421882152557373,4.262723507508781e-11,True
full,62,53,RELD_MOEL,42,9.7097558975,9.709755897521973,2.1973534103381098e-11,True
full,62,53,RELD_MTL,42,9.3150081635,9.315008163452148,4.785150053976395e-11,True
full,76,53,RELD_MOEL,42,12.3039531708,12.303953170776367,2.3632651391380932e-11,True
full,76,53,RELD_MTL,42,12.0338916779,12.033891677856445,4.355449334525474e-11,True
full,79,53,RELD_MOEL,42,5.9903917313,5.990391731262207,3.779287993666003e-11,True
full,79,53,RELD_MTL,42,6.2097702026,6.209770202636719,3.671907222724258e-11,True
full,74,53,RELD_MOEL,42,9.0511312485,9.051131248474121,2.587974279322225e-11,True
full,74,53,RELD_MTL,42,9.0487718582,9.048771858215332,1.5331735880863562e-11,True
full,75,53,RELD_MOEL,42,6.0387105942,6.038710594177246,2.2754242934297508e-11,True
full,75,53,RELD_MTL,42,6.0647745132,6.064774513244629,4.462918923309189e-11,True
full,73,53,RELD_MOEL,42,8.5293636322,8.529363632202148,2.147615418834903e-12,True
full,73,53,RELD_MTL,42,8.3887023926,8.388702392578125,2.1875834477214084e-11,True
full,90,54,RELD_MOEL,43,7.5096855164,7.509685516357422,4.2578385262004304e-11,True
full,90,54,RELD_MTL,43,7.5457897186,7.54578971862793,2.7929658585890138e-11,True
full,80,54,RELD_MOEL,43,6.7735033035,6.773503303527832,2.7831958959723124e-11,True
full,80,54,RELD_MTL,43,6.7829198837,6.782919883728027,2.8027358212057152e-11,True
full,94,54,RELD_MOEL,43,10.8746337891,10.8746337890625,3.750066923657869e-11,True
full,94,54,RELD_MTL,43,10.9088039398,10.908803939819336,1.9335644196871726e-11,True
full,96,54,RELD_MOEL,43,9.447309494,9.447309494018555,1.8554047187535616e-11,True
full,96,54,RELD_MTL,43,9.3790607452,9.379060745239258,3.9257486150745535e-11,True
full,95,54,RELD_MOEL,43,8.8806180954,8.88061809539795,2.049915792667889e-12,True
full,95,54,RELD_MTL,43,8.7656402588,8.765640258789062,1.0937029060187342e-11,True
full,85,54,RELD_MOEL,43,8.1880865097,8.18808650970459,4.590106073010247e-12,True
full,85,54,RELD_MTL,43,8.6283998489,8.628399848937988,3.7989167367413756e-11,True
full,82,54,RELD_MOEL,43,12.7713441849,12.771344184875488,2.4511948026884056e-11,True
full,82,54,RELD_MTL,43,12.782995224,12.782995223999023,9.769962616701378e-13,True
full,97,54,RELD_MOEL,43,8.963435173,8.963435173034668,3.466738007773529e-11,True
full,97,54,RELD_MTL,43,9.2925281525,9.29252815246582,3.417888194690022e-11,True
full,81,54,RELD_MOEL,43,7.5926852226,7.592685222625732,2.5732305175552028e-11,True
full,81,54,RELD_MTL,43,7.8586750031,7.858675003051758,4.8242299044432e-11,True
full,87,54,RELD_MOEL,43,7.2177443504,7.21774435043335,3.33493233029003e-11,True
full,87,54,RELD_MTL,43,7.0994124413,7.099412441253662,4.6338044512594934e-11,True
full,99,54,RELD_MOEL,43,7.7393307686,7.739330768585205,1.4795276115364686e-11,True
full,99,54,RELD_MTL,43,7.0595970154,7.059597015380859,1.91402449445377e-11,True
full,83,54,RELD_MOEL,43,8.2042274475,8.204227447509766,9.766409903022577e-12,True
full,83,54,RELD_MTL,43,8.1363334656,8.136333465576172,2.382805064371496e-11,True
full,98,54,RELD_MOEL,43,9.9629077911,9.962907791137695,3.7696068488912715e-11,True
full,98,54,RELD_MTL,43,10.3876237869,10.38762378692627,2.6268764941050904e-11,True
full,88,54,RELD_MOEL,43,8.6046009064,8.60460090637207,2.7929658585890138e-11,True
full,88,54,RELD_MTL,43,8.9494667053,8.949466705322266,2.226485662504274e-11,True
full,92,54,RELD_MOEL,43,6.6823277473,6.682327747344971,4.497113792467644e-11,True
full,92,54,RELD_MTL,43,6.9586410522,6.958641052246094,4.60937954471774e-11,True
full,84,54,RELD_MOEL,43,8.607831955,8.607831954956055,4.3945291849922796e-11,True
full,84,54,RELD_MTL,43,8.3624267578,8.3624267578125,1.2500223078859563e-11,True
full,86,54,RELD_MOEL,43,7.4988183975,7.498818397521973,2.1972645924961398e-11,True
full,86,54,RELD_MTL,43,7.3237671852,7.323767185211182,1.1181278125604877e-11,True
full,89,54,RELD_MOEL,43,5.8993415833,5.899341583251953,4.8046899792097975e-11,True
full,89,54,RELD_MTL,43,6.3662862778,6.366286277770996,2.900346629530759e-11,True
full,91,54,RELD_MOEL,43,7.8536682129,7.853668212890625,9.374723219934822e-12,True
full,91,54,RELD_MTL,43,8.0413255692,8.041325569152832,4.716760315659485e-11,True
full,93,54,RELD_MOEL,43,10.1539030075,10.153903007507324,7.323919248847233e-12,True
full,93,54,RELD_MTL,43,9.0593280792,9.059328079223633,2.3632651391380932e-11,True
full,114,55,RELD_MOEL,44,10.746799469,10.74679946899414,5.860201213181426e-12,True
full,114,55,RELD_MTL,44,10.9614372253,10.961437225341797,4.1797676431087893e-11,True
full,101,55,RELD_MOEL,44,9.2398328781,9.239832878112793,1.2793321957360604e-11,True
full,101,55,RELD_MTL,44,8.8737316132,8.87373161315918,4.0820680169417756e-11,True
full,119,55,RELD_MOEL,44,10.5311965942,10.531196594238281,3.82804898890754e-11,True
full,119,55,RELD_MTL,44,10.7586088181,10.7586088180542,4.580158474709606e-11,True
full,109,55,RELD_MOEL,44,7.783905983,7.783905982971191,2.8808955221393262e-11,True
full,109,55,RELD_MTL,44,7.6506624222,7.650662422180176,1.9824142327706795e-11,True
full,105,55,RELD_MOEL,44,6.8935623169,6.893562316894531,5.468514530093671e-12,True
full,105,55,RELD_MTL,44,6.9712257385,6.971225738525391,2.539035648396748e-11,True
full,112,55,RELD_MOEL,44,6.4575438499,6.457543849945068,4.5067949372423755e-11,True
full,112,55,RELD_MTL,44,6.5671038628,6.567103862762451,3.7548630871242494e-11,True
full,116,55,RELD_MOEL,44,8.6496362686,8.649636268615723,1.5722534385531617e-11,True
full,116,55,RELD_MTL,44,9.0409450531,9.040945053100586,5.861977570020827e-13,True
full,115,55,RELD_MOEL,44,8.1515979767,8.15159797668457,1.5429435507030576e-11,True
full,115,55,RELD_MTL,44,8.8882255554,8.888225555419922,1.992184195387381e-11,True
full,106,55,RELD_MOEL,44,8.3338871002,8.333887100219727,1.972644270153978e-11,True
full,106,55,RELD_MTL,44,8.4234113693,8.42341136932373,2.3730351017547946e-11,True
full,107,55,RELD_MOEL,44,7.7306118011,7.730611801147461,4.746070203509589e-11,True
full,107,55,RELD_MTL,44,7.7742643356,7.774264335632324,3.232436540656636e-11,True
full,110,55,RELD_MOEL,44,8.7751998901,8.775199890136719,3.671907222724258e-11,True
full,110,55,RELD_MTL,44,8.8997001648,8.899700164794922,5.078604203845316e-12,True
full,111,55,RELD_MOEL,44,7.6848669052,7.684866905212402,1.2402523452692549e-11,True
full,111,55,RELD_MTL,44,7.4291453362,7.429145336151123,4.887734661451759e-11,True
full,104,55,RELD_MOEL,44,11.0579204559,11.057920455932617,3.26174642850674e-11,True
full,104,55,RELD_MTL,44,10.9412345886,10.941234588623047,2.304645363437885e-11,True
full,118,55,RELD_MOEL,44,7.6997308731,7.69973087310791,7.910117005849315e-12,True
full,118,55,RELD_MTL,44,7.7550354004,7.755035400390625,9.374723219934822e-12,True
full,100,55,RELD_MOEL,44,5.7285633087,5.72856330871582,1.582023401169863e-11,True
full,100,55,RELD_MTL,44,5.7055802345,5.705580234527588,2.758770989430559e-11,True
full,117,55,RELD_MOEL,44,10.9935760498,10.993576049804688,4.687805699177261e-12,True
full,117,55,RELD_MTL,44,10.7696123123,10.769612312316895,1.6894929899535782e-11,True
full,103,55,RELD_MOEL,44,8.5681123734,8.56811237335205,4.794920016593096e-11,True
full,103,55,RELD_MTL,44,8.6749048233,8.674904823303223,3.2223113066720543e-12,True
full,108,55,RELD_MOEL,44,7.6082100868,7.60821008682251,2.2509993868879974e-11,True
full,108,55,RELD_MTL,44,7.1632328033,7.163232803344727,4.4726888859258906e-11,True
full,113,55,RELD_MOEL,44,8.2566251755,8.256625175476074,2.3925750269881974e-11,True
full,113,55,RELD_MTL,44,7.9951477051,7.995147705078125,2.1874946298794384e-11,True
full,102,55,RELD_MOEL,44,8.6553630829,8.655363082885742,1.425703999302641e-11,True
full,102,55,RELD_MTL,44,8.5748348236,8.574834823608398,8.398615136684384e-12,True
full,128,56,RELD_MOEL,44,11.1524353027,11.152435302734375,3.4374281199234247e-11,True
full,128,56,RELD_MTL,44,10.4665184021,10.46651840209961,3.907985046680551e-13,True
full,122,56,RELD_MOEL,44,9.3901834488,9.390183448791504,8.496314762851398e-12,True
full,122,56,RELD_MTL,44,9.7626008987,9.762600898742676,4.267519670975162e-11,True
full,137,56,RELD_MOEL,44,9.9122686386,9.91226863861084,1.0839329434020328e-11,True
full,137,56,RELD_MTL,44,9.1341791153,9.13417911529541,4.590106073010247e-12,True
full,136,56,RELD_MOEL,44,9.5348491669,9.534849166870117,2.9883651109230414e-11,True
full,136,56,RELD_MTL,44,9.8525447845,9.852544784545898,4.589928437326307e-11,True
full,130,56,RELD_MOEL,44,10.2196388245,10.21963882446289,3.710987073191063e-11,True
full,130,56,RELD_MTL,44,10.1431093216,10.143109321594238,5.7625015870144125e-12,True
full,135,56,RELD_MOEL,44,10.5634784698,10.563478469848633,4.863309754910006e-11,True
full,135,56,RELD_MTL,44,10.7308197021,10.730819702148438,4.843769829676603e-11,True
full,131,56,RELD_MOEL,44,8.7329597473,8.732959747314453,1.4452439245360438e-11,True
full,131,56,RELD_MTL,44,9.040184021,9.040184020996094,3.906208689841151e-12,True
full,133,56,RELD_MOEL,44,7.6479091644,7.647909164428711,2.8711255595226248e-11,True
full,133,56,RELD_MTL,44,7.1894855499,7.189485549926758,2.6758151250305673e-11,True
full,129,56,RELD_MOEL,44,6.8472471237,6.847247123718262,1.8261836487454275e-11,True
full,129,56,RELD_MTL,44,6.7264509201,6.7264509201049805,4.980904577678302e-12,True
full,121,56,RELD_MOEL,44,9.8766832352,9.876683235168457,3.154276839723025e-11,True
full,121,56,RELD_MTL,44,9.7674407959,9.767440795898438,1.5631940186722204e-12,True
full,127,56,RELD_MOEL,44,7.7770776749,7.777077674865723,3.427746975148693e-11,True
full,127,56,RELD_MTL,44,7.7137856483,7.713785648345947,4.594724600792688e-11,True
full,139,56,RELD_MOEL,44,9.0852184296,9.08521842956543,3.4569680451568274e-11,True
full,139,56,RELD_MTL,44,9.193983078,9.19398307800293,2.929212428171013e-12,True
full,125,56,RELD_MOEL,44,7.942800045,7.942800045013428,1.3427481349026493e-11,True
full,125,56,RELD_MTL,44,8.030752182,8.030752182006836,6.835421118012164e-12,True
full,123,56,RELD_MOEL,44,5.3626627922,5.3626627922058105,5.810463221678219e-12,True
full,123,56,RELD_MTL,44,5.3215594292,5.321559429168701,3.129851933181271e-11,True
full,124,56,RELD_MOEL,44,5.7653493881,5.765349388122559,2.255884368196348e-11,True
full,124,56,RELD_MTL,44,5.2426462173,5.242646217346191,4.619149507334441e-11,True
full,132,56,RELD_MOEL,44,8.0155181885,8.015518188476562,2.3437252139046905e-11,True
full,132,56,RELD_MTL,44,7.9583420753,7.9583420753479,4.7900350352847454e-11,True
full,134,56,RELD_MOEL,44,8.0635051727,8.063505172729492,2.949285260456236e-11,True
full,134,56,RELD_MTL,44,8.3657588959,8.365758895874023,2.5977442419389263e-11,True
full,138,56,RELD_MOEL,44,6.4240670204,6.42406702041626,1.6259882329450193e-11,True
full,138,56,RELD_MTL,44,6.710050106,6.710050106048584,4.858424773601655e-11,True
full,120,56,RELD_MOEL,44,11.4598455429,11.459845542907715,7.714717753515288e-12,True
full,120,56,RELD_MTL,44,11.7680625916,11.768062591552734,4.7265302782761864e-11,True
full,126,56,RELD_MOEL,44,9.8304309845,9.83043098449707,2.929212428171013e-12,True
full,126,56,RELD_MTL,44,9.8372812271,9.837281227111816,1.1816325695690466e-11,True
full,142,57,RELD_MOEL,45,9.0593624115,9.059362411499023,9.769962616701378e-13,True
full,142,57,RELD_MTL,45,8.8981075287,8.898107528686523,1.34772193405297e-11,True
full,156,57,RELD_MOEL,45,7.4127411842,7.412741184234619,3.461941844307148e-11,True
full,156,57,RELD_MTL,45,6.874756813,6.874756813049316,4.9316106753849454e-11,True
full,152,57,RELD_MOEL,45,8.0638656616,8.063865661621094,2.1094237467877974e-11,True
full,152,57,RELD_MTL,45,8.1432876587,8.143287658691406,8.594014389018412e-12,True
full,143,57,RELD_MOEL,45,10.1878004074,10.187800407409668,9.668710276855563e-12,True
full,143,57,RELD_MTL,45,10.8865451813,10.886545181274414,2.5586643914721208e-11,True
full,144,57,RELD_MOEL,45,11.6730060577,11.673006057739258,3.9257486150745535e-11,True
full,144,57,RELD_MTL,45,12.1246337891,12.1246337890625,3.750066923657869e-11,True
full,151,57,RELD_MOEL,45,9.8273744583,9.827374458312988,1.2988721209694631e-11,True
full,151,57,RELD_MTL,45,9.8050451279,9.805045127868652,3.134736914489622e-11,True
full,140,57,RELD_MOEL,45,10.1464977264,10.14649772644043,4.04298816647497e-11,True
full,140,57,RELD_MTL,45,10.1004810333,10.100481033325195,2.5195845410053153e-11,True
full,146,57,RELD_MOEL,45,14.6890554428,14.689055442810059,1.0057732424684218e-11,True
full,146,57,RELD_MTL,45,14.0192298889,14.019229888916016,1.6015633264032658e-11,True
full,154,57,RELD_MOEL,45,7.580593586,7.580593585968018,3.198241671498181e-11,True
full,154,57,RELD_MTL,45,7.611041069,7.611041069030762,3.076205956631384e-11,True
full,158,57,RELD_MOEL,45,8.11668396,8.116683959960938,3.906208689841151e-11,True
full,158,57,RELD_MTL,45,7.9131102562,7.913110256195068,4.9320547645947954e-12,True
full,155,57,RELD_MOEL,45,10.454498291,10.454498291015625,1.5624834759364603e-11,True
full,155,57,RELD_MTL,45,10.3101167679,10.3101167678833,1.6699530647201755e-11,True
full,141,57,RELD_MOEL,45,12.7275886536,12.727588653564453,3.554667671323841e-11,True
full,141,57,RELD_MTL,45,12.6907405853,12.690740585327148,2.7148061576554028e-11,True
full,159,57,RELD_MOEL,45,12.4919481277,12.491948127746582,4.658140539959277e-11,True
full,159,57,RELD_MTL,45,12.4811058044,12.48110580444336,4.3359094092920714e-11,True
full,148,57,RELD_MOEL,45,15.0918445587,15.09184455871582,1.582023401169863e-11,True
full,148,57,RELD_MTL,45,15.0269832611,15.026983261108398,8.398615136684384e-12,True
full,147,57,RELD_MOEL,45,9.4551486969,9.455148696899414,5.861977570020827e-13,True
full,147,57,RELD_MTL,45,9.5341234207,9.534123420715332,1.5331735880863562e-11,True
full,145,57,RELD_MOEL,45,9.5315799713,9.531579971313477,1.34772193405297e-11,True
full,145,57,RELD_MTL,45,9.2053928375,9.205392837524414,2.4414248400717042e-11,True
full,153,57,RELD_MOEL,45,8.0911560059,8.091156005859375,4.062528091708373e-11,True
full,153,57,RELD_MTL,45,8.2673187256,8.267318725585938,1.4061640740692383e-11,True
full,157,57,RELD_MOEL,45,10.6095218658,10.609521865844727,4.4726888859258906e-11,True
full,157,57,RELD_MTL,45,10.2232017517,10.223201751708984,8.984812893686467e-12,True
full,149,57,RELD_MOEL,45,7.6448283195,7.6448283195495605,4.956035581926699e-11,True
full,149,57,RELD_MTL,45,7.6844234467,7.684423446655273,4.4726888859258906e-11,True
full,150,57,RELD_MOEL,45,10.8914775848,10.891477584838867,3.886668764607748e-11,True
full,150,57,RELD_MTL,45,10.750213623,10.750213623046875,4.687450427809381e-11,True
full,174,58,RELD_MOEL,46,10.1112470627,10.111247062683105,1.6894929899535782e-11,True
full,174,58,RELD_MTL,46,10.2472791672,10.247279167175293,2.4707347279218084e-11,True
full,172,58,RELD_MOEL,46,10.6928482056,10.692848205566406,3.359446054673754e-11,True
full,172,58,RELD_MTL,46,9.95952034,9.95952033996582,3.417888194690022e-11,True
full,163,58,RELD_MOEL,46,9.282699585,9.282699584960938,3.906208689841151e-11,True
full,163,58,RELD_MTL,46,9.3704128265,9.370412826538086,3.808509063674137e-11,True
full,178,58,RELD_MOEL,46,7.4640245438,7.464024543762207,3.779287993666003e-11,True
full,178,58,RELD_MTL,46,7.2138938904,7.213893890380859,1.91402449445377e-11,True
full,166,58,RELD_MOEL,46,9.1317815781,9.131781578063965,3.603517484407348e-11,True
full,166,58,RELD_MTL,46,8.9617557526,8.961755752563477,3.652367297490855e-11,True
full,161,58,RELD_MOEL,46,7.8617291451,7.861729145050049,4.995115432393504e-11,True
full,161,58,RELD_MTL,46,7.8695087433,7.869508743286133,1.3867129666778055e-11,True
full,176,58,RELD_MOEL,46,5.6818780899,5.681878089904785,4.785505325344275e-12,True
full,176,58,RELD_MTL,46,5.2973508835,5.297350883483887,1.6113332890199672e-11,True
full,169,58,RELD_MOEL,46,8.0349416733,8.034941673278809,2.1191937094044988e-11,True
full,169,58,RELD_MTL,46,7.9814310074,7.981431007385254,1.474642630228118e-11,True
full,173,58,RELD_MOEL,46,6.4538230896,6.453823089599609,3.907985046680551e-13,True
full,173,58,RELD_MTL,46,6.4818634987,6.481863498687744,1.2255974013442028e-11,True
full,170,58,RELD_MOEL,46,12.0083036423,12.00830364227295,2.7050361950387014e-11,True
full,170,58,RELD_MTL,46,12.6219816208,12.621981620788574,1.1425527191022411e-11,True
full,171,58,RELD_MOEL,46,8.7523813248,8.752381324768066,3.19335669018983e-11,True
full,171,58,RELD_MTL,46,8.6179132462,8.617913246154785,4.5215386990093975e-11,True
full,175,58,RELD_MOEL,46,5.4661927223,5.466192722320557,2.05568895239594e-11,True
full,175,58,RELD_MTL,46,6.0490174294,6.049017429351807,4.8193449231348495e-11,True
full,162,58,RELD_MOEL,46,6.0048828125,6.0048828125,0.0,True
full,162,58,RELD_MTL,46,5.916662693,5.916662693023682,2.368150120446444e-11,True
full,177,58,RELD_MOEL,46,10.8302707672,10.830270767211914,1.191402532185748e-11,True
full,177,58,RELD_MTL,46,10.5262336731,10.526233673095703,4.297007194509206e-12,True
full,168,58,RELD_MOEL,46,6.9959850311,6.99598503112793,2.7929658585890138e-11,True
full,168,58,RELD_MTL,46,6.634308815,6.634308815002441,2.4416024757556443e-12,True
full,164,58,RELD_MOEL,46,10.1148252487,10.114825248718262,1.8260948309034575e-11,True
full,164,58,RELD_MTL,46,9.8664598465,9.866459846496582,3.417710559006082e-12,True
full,179,58,RELD_MOEL,46,10.7434597015,10.743459701538086,3.808509063674137e-11,True
full,179,58,RELD_MTL,46,10.802611351,10.802611351013184,1.3184120462028659e-11,True
full,160,58,RELD_MOEL,46,10.8191490173,10.819149017333984,3.398525905140559e-11,True
full,160,58,RELD_MTL,46,11.5390043259,11.5390043258667,3.3301361668236495e-11,True
full,167,58,RELD_MOEL,46,9.9726924896,9.972692489624023,2.4023449896048987e-11,True
full,167,58,RELD_MTL,46,9.7287530899,9.728753089904785,4.785505325344275e-12,True
full,165,58,RELD_MOEL,46,7.461098671,7.461098670959473,4.0527581290916714e-11,True
full,165,58,RELD_MTL,46,7.8341608047,7.834160804748535,4.8535397922933043e-11,True
full,181,59,RELD_MOEL,47,7.456135273,7.456135272979736,2.0263790645458357e-11,True
full,181,59,RELD_MTL,47,7.4599804878,7.459980487823486,2.348610195213041e-11,True
full,198,59,RELD_MOEL,47,12.9592256546,12.95922565460205,2.049915792667889e-12,True
full,198,59,RELD_MTL,47,13.1495838165,13.14958381652832,2.8320457090558193e-11,True
full,190,59,RELD_MOEL,47,12.859459877,12.85945987701416,1.4159340366859396e-11,True
full,190,59,RELD_MTL,47,12.505358696,12.505358695983887,1.6113332890199672e-11,True
full,192,59,RELD_MOEL,47,7.2616043091,7.261604309082031,1.7968737608953234e-11,True
full,192,59,RELD_MTL,47,7.0127682686,7.012768268585205,1.4795276115364686e-11,True
full,183,59,RELD_MOEL,47,10.0543327332,10.054332733154297,4.5703885120929044e-11,True
full,183,59,RELD_MTL,47,10.0795526505,10.07955265045166,4.8339998670599016e-11,True
full,193,59,RELD_MOEL,47,7.5350751877,7.5350751876831055,1.6894929899535782e-11,True
full,193,59,RELD_MTL,47,7.6722388268,7.672238826751709,4.829114885751551e-11,True
full,189,59,RELD_MOEL,47,9.6225128174,9.622512817382812,1.7188028778036823e-11,True
full,189,59,RELD_MTL,47,9.5816192627,9.581619262695312,4.687805699177261e-12,True
full,197,59,RELD_MOEL,47,12.1101207733,12.11012077331543,1.5429435507030576e-11,True
full,197,59,RELD_MTL,47,11.8489990234,11.8489990234375,3.750066923657869e-11,True
full,185,59,RELD_MOEL,47,9.943731308,9.943731307983398,1.660183102103474e-11,True
full,185,59,RELD_MTL,47,9.8337364197,9.833736419677734,2.226485662504274e-11,True
full,194,59,RELD_MOEL,47,10.028087616,10.028087615966797,3.320366204206948e-11,True
full,194,59,RELD_MTL,47,9.461274147,9.461274147033691,3.369216017290455e-11,True
full,184,59,RELD_MOEL,47,9.4544792175,9.454479217529297,2.929745335222833e-11,True
full,184,59,RELD_MTL,47,8.6635770798,8.66357707977295,2.7050361950387014e-11,True
full,188,59,RELD_MOEL,47,7.4039812088,7.4039812088012695,1.269206961751479e-12,True
full,188,59,RELD_MTL,47,7.678273201,7.6782732009887695,1.1230127938688383e-11,True
full,186,59,RELD_MOEL,47,7.4479656219,7.447965621948242,4.8242299044432e-11,True
full,186,59,RELD_MTL,47,7.2544569969,7.254456996917725,1.77244885435357e-11,True
full,195,59,RELD_MOEL,47,9.9503917694,9.95039176940918,9.180212146020494e-12,True
full,195,59,RELD_MTL,47,10.1343765259,10.134376525878906,2.1094237467877974e-11,True
full,199,59,RELD_MOEL,47,8.9374980927,8.937498092651367,4.863309754910006e-11,True
full,199,59,RELD_MTL,47,9.0092716217,9.009271621704102,4.101607942175178e-12,True
full,196,59,RELD_MOEL,47,10.3336420059,10.33364200592041,2.0410340084708878e-11,True
full,196,59,RELD_MTL,47,10.1183214188,10.118321418762207,3.779376811507973e-11,True
full,182,59,RELD_MOEL,47,9.3560466766,9.356046676635742,3.574207596557244e-11,True
full,182,59,RELD_MTL,47,9.3149290085,9.314929008483887,1.6113332890199672e-11,True
full,191,59,RELD_MOEL,47,10.305100441,10.305100440979004,2.099653784171096e-11,True
full,191,59,RELD_MTL,47,10.9481887817,10.948188781738281,3.82804898890754e-11,True
full,187,59,RELD_MOEL,47,9.7497987747,9.749798774719238,1.9237944570704713e-11,True
full,187,59,RELD_MTL,47,9.1800966263,9.180096626281738,1.8260948309034575e-11,True
full,180,59,RELD_MOEL,47,14.0835542679,14.0835542678833,1.6699530647201755e-11,True
full,180,59,RELD_MTL,47,14.023979187,14.023979187011719,1.1718626069523452e-11,True
full,213,60,RELD_MOEL,48,8.4555187225,8.45551872253418,3.417888194690022e-11,True
full,213,60,RELD_MTL,48,8.5625181198,8.562518119812012,1.2011724948024494e-11,True
full,204,60,RELD_MOEL,48,10.0306024551,10.03060245513916,3.915978652457852e-11,True
full,204,60,RELD_MTL,48,10.3913841248,10.39138412475586,4.4140691102256824e-11,True
full,208,60,RELD_MOEL,48,8.0690031052,8.069003105163574,3.6425973348741536e-11,True
full,208,60,RELD_MTL,48,7.7254033089,7.725403308868408,3.1591618210313754e-11,True
full,219,60,RELD_MOEL,48,5.4048519135,5.404851913452148,4.785150053976395e-11,True
full,219,60,RELD_MTL,48,5.6418895721,5.641889572143555,4.355449334525474e-11,True
full,217,60,RELD_MOEL,48,8.0609169006,8.060916900634766,3.47650797039023e-11,True
full,217,60,RELD_MTL,48,8.0297937393,8.029793739318848,1.8847146066036657e-11,True
full,214,60,RELD_MOEL,48,12.4361019135,12.436101913452148,4.785150053976395e-11,True
full,214,60,RELD_MTL,48,12.3460960388,12.34609603881836,1.835864793520159e-11,True
full,209,60,RELD_MOEL,48,7.0684576035,7.06845760345459,4.54098980640083e-11,True
full,209,60,RELD_MTL,48,7.750421524,7.750421524047852,4.785150053976395e-11,True
full,202,60,RELD_MOEL,48,8.0786800385,8.078680038452148,4.785150053976395e-11,True
full,202,60,RELD_MTL,48,8.2483463287,8.248346328735352,3.5351277460904384e-11,True
full,216,60,RELD_MOEL,48,7.0975337029,7.097533702850342,4.9658055445434e-11,True
full,216,60,RELD_MTL,48,7.2432231903,7.243223190307617,7.617018127348274e-12,True
full,201,60,RELD_MOEL,48,10.2402572632,10.240257263183594,1.6406431768700713e-11,True
full,201,60,RELD_MTL,48,10.1031694412,10.103169441223145,2.3144153260545863e-11,True
full,205,60,RELD_MOEL,48,8.7682962418,8.768296241760254,3.9745984281580604e-11,True
full,205,60,RELD_MTL,48,8.7241306305,8.724130630493164,6.835421118012164e-12,True
full,206,60,RELD_MOEL,48,10.1471805573,10.147180557250977,4.902389605376811e-11,True
full,206,60,RELD_MTL,48,9.9342556,9.934255599975586,2.4414248400717042e-11,True
full,212,60,RELD_MOEL,48,6.3681468964,6.368146896362305,3.7695180310493015e-11,True
full,212,60,RELD_MTL,48,6.4352235794,6.435223579406738,6.73860967026485e-12,True
full,218,60,RELD_MOEL,48,8.5178451538,8.517845153808594,8.594014389018412e-12,True
full,218,60,RELD_MTL,48,8.5391244888,8.539124488830566,3.056577213556011e-11,True
full,215,60,RELD_MOEL,48,10.5530395508,10.55303955078125,1.8749446439869644e-11,True
full,215,60,RELD_MTL,48,8.5782155991,8.578215599060059,3.994138353391463e-11,True
full,200,60,RELD_MOEL,48,6.3295040131,6.329504013061523,3.8476777319829125e-11,True
full,200,60,RELD_MTL,48,6.4754209518,6.475420951843262,4.32613944667537e-11,True
full,210,60,RELD_MOEL,48,9.5750074387,9.575007438659668,4.033218203858269e-11,True
full,210,60,RELD_MTL,48,9.0529546738,9.05295467376709,3.291056316356844e-11,True
full,203,60,RELD_MOEL,48,11.8647260666,11.864726066589355,1.06439301816863e-11,True
full,203,60,RELD_MTL,48,11.9748344421,11.974834442138672,3.867128839374345e-11,True
full,207,60,RELD_MOEL,48,6.9372377396,6.937237739562988,3.701128292732392e-11,True
full,207,60,RELD_MTL,48,7.2271137238,7.227113723754883,4.511679918550726e-11,True
full,211,60,RELD_MOEL,48,7.2490968704,7.249096870422363,2.2363444429629453e-11,True
full,211,60,RELD_MTL,48,7.385550499,7.385550498962402,3.7597480684326e-11,True
full,238,61,RELD_MOEL,48,10.0193815231,10.019381523132324,3.232436540656636e-11,True
full,238,61,RELD_MTL,48,9.909450531,9.90945053100586,5.860201213181426e-12,True
full,222,61,RELD_MOEL,48,7.5682573318,7.5682573318481445,4.814459941826499e-11,True
full,222,61,RELD_MTL,48,7.5956983566,7.595698356628418,2.8418156716725207e-11,True
full,227,61,RELD_MOEL,48,12.8677539825,12.867753982543945,4.3945291849922796e-11,True
full,227,61,RELD_MTL,48,12.9243621826,12.924362182617188,1.7188028778036823e-11,True
full,234,61,RELD_MOEL,48,6.5417056084,6.54170560836792,3.2080116341148823e-11,True
full,234,61,RELD_MTL,48,6.861114502,6.861114501953125,4.687539245651351e-11,True
full,239,61,RELD_MOEL,48,10.0351381302,10.035138130187988,1.2011724948024494e-11,True
full,239,61,RELD_MTL,48,10.0019607544,10.001960754394531,5.469402708513371e-12,True
full,226,61,RELD_MOEL,48,10.0939874649,10.093987464904785,4.785505325344275e-12,True
full,226,61,RELD_MTL,48,9.8115367889,9.81153678894043,4.04298816647497e-11,True
full,220,61,RELD_MOEL,48,8.5936794281,8.593679428100586,5.861977570020827e-13,True
full,220,61,RELD_MTL,48,9.107872963,9.10787296295166,4.8339998670599016e-11,True
full,230,61,RELD_MOEL,48,6.7773256302,6.777325630187988,1.2011724948024494e-11,True
full,230,61,RELD_MTL,48,6.7175006866,6.717500686645508,4.5507597690175317e-11,True
full,224,61,RELD_MOEL,48,10.352602005,10.352602005004883,4.8832049515112885e-12,True
full,224,61,RELD_MTL,48,9.8764896393,9.876489639282227,1.7774226535038906e-11,True
full,233,61,RELD_MOEL,48,9.8738527298,9.873852729797363,2.6361135496699717e-12,True
full,233,61,RELD_MTL,48,10.1687068939,10.168706893920898,2.0898838215543947e-11,True
full,228,61,RELD_MOEL,48,8.9014873505,8.901487350463867,3.6132874470240495e-11,True
full,228,61,RELD_MTL,48,8.7784500122,8.778450012207031,7.030820370346191e-12,True
full,229,61,RELD_MOEL,48,10.4054374695,10.405437469482422,1.757882728270488e-11,True
full,229,61,RELD_MTL,48,10.4230155945,10.423015594482422,1.757882728270488e-11,True
full,223,61,RELD_MOEL,48,9.2435283661,9.243528366088867,1.113242831252137e-11,True
full,223,61,RELD_MTL,48,9.2808885574,9.280888557434082,3.4081182320733205e-11,True
full,221,61,RELD_MOEL,48,6.2965068817,6.296506881713867,1.3867129666778055e-11,True
full,221,61,RELD_MTL,48,5.8120985031,5.812098503112793,1.2793321957360604e-11,True
full,235,61,RELD_MOEL,48,8.7245121002,8.724512100219727,1.972644270153978e-11,True
full,235,61,RELD_MTL,48,8.8577842712,8.857784271240234,4.023448241241567e-11,True
full,225,61,RELD_MOEL,48,10.1581077576,10.15810775756836,3.164046802339726e-11,True
full,225,61,RELD_MTL,48,9.9842786789,9.984278678894043,5.95790083934844e-12,True
full,237,61,RELD_MOEL,48,9.6409301758,9.64093017578125,1.8749446439869644e-11,True
full,237,61,RELD_MTL,48,9.7246570587,9.72465705871582,1.582023401169863e-11,True
full,231,61,RELD_MOEL,48,9.513299942,9.513299942016602,1.660183102103474e-11,True
full,231,61,RELD_MTL,48,9.6139707565,9.613970756530762,3.076117138789414e-11,True
full,232,61,RELD_MOEL,48,7.6610832214,7.661083221435547,3.554667671323841e-11,True
full,232,61,RELD_MTL,48,7.6270565987,7.62705659866333,3.667022241415907e-11,True
full,236,61,RELD_MOEL,48,12.1772937775,12.17729377746582,3.417888194690022e-11,True
full,236,61,RELD_MTL,48,12.276432991,12.276432991027832,2.7831958959723124e-11,True
full,241,62,RELD_MOEL,49,10.6871242523,10.687124252319336,1.9335644196871726e-11,True
full,241,62,RELD_MTL,49,11.6825809479,11.682580947875977,2.4023449896048987e-11,True
full,257,62,RELD_MOEL,49,9.3963279724,9.39632797241211,1.2109424574191507e-11,True
full,257,62,RELD_MTL,49,9.2684812546,9.268481254577637,2.2362556251209753e-11,True
full,254,62,RELD_MOEL,49,6.4851436615,6.485143661499023,9.769962616701378e-13,True
full,254,62,RELD_MTL,49,6.4838466644,6.483846664428711,2.8711255595226248e-11,True
full,251,62,RELD_MOEL,49,9.2968101501,9.296810150146484,4.6483705773425754e-11,True
full,251,62,RELD_MTL,49,9.3061313629,9.306131362915039,1.503863700236252e-11,True
full,246,62,RELD_MOEL,49,10.4759550095,10.47595500946045,3.9550585029246577e-11,True
full,246,62,RELD_MTL,49,9.7390460968,9.739046096801758,1.758593271006248e-12,True
full,249,62,RELD_MOEL,49,6.8425011635,6.842501163482666,1.7333690038867644e-11,True
full,249,62,RELD_MTL,49,7.0418181419,7.041818141937256,3.725553199274145e-11,True
full,242,62,RELD_MOEL,49,8.359085083,8.359085083007812,7.812417379682302e-12,True
full,242,62,RELD_MTL,49,8.3295183182,8.32951831817627,2.3730351017547946e-11,True
full,245,62,RELD_MOEL,49,8.0368366241,8.036836624145508,4.5508485868595017e-11,True
full,245,62,RELD_MTL,49,8.3010883331,8.301088333129883,2.9883651109230414e-11,True
full,256,62,RELD_MOEL,49,10.2669563293,10.266956329345703,4.5703885120929044e-11,True
full,256,62,RELD_MTL,49,10.472869873,10.472869873046875,4.687450427809381e-11,True
full,255,62,RELD_MOEL,49,9.5563869476,9.556386947631836,3.183586727573129e-11,True
full,255,62,RELD_MTL,49,10.1835823059,10.183582305908203,8.203215884350357e-12,True
full,243,62,RELD_MOEL,49,8.0137195587,8.01371955871582,1.582023401169863e-11,True
full,243,62,RELD_MTL,49,7.2955012321,7.295501232147217,4.721645296967836e-11,True
full,244,62,RELD_MOEL,49,6.6422381401,6.642238140106201,6.201261726346274e-12,True
full,244,62,RELD_MTL,49,6.0535244942,6.053524494171143,2.885780503447677e-11,True
full,250,62,RELD_MOEL,49,7.1166977882,7.116697788238525,3.852562713291263e-11,True
full,250,62,RELD_MTL,49,7.3070459366,7.307045936584473,1.552713513319759e-11,True
full,247,62,RELD_MOEL,49,5.8955717087,5.895571708679199,2.0801138589376933e-11,True
full,247,62,RELD_MTL,49,5.9870233536,5.98702335357666,2.333955251287989e-11,True
full,253,62,RELD_MOEL,49,7.9005045891,7.9005045890808105,1.9189094757621206e-11,True
full,253,62,RELD_MTL,49,7.891875267,7.891875267028809,2.8808955221393262e-11,True
full,252,62,RELD_MOEL,49,11.8900899887,11.890089988708496,8.496314762851398e-12,True
full,252,62,RELD_MTL,49,12.148680687,12.148680686950684,4.9316994932269154e-11,True
full,240,62,RELD_MOEL,49,9.162279129,9.16227912902832,2.8320457090558193e-11,True
full,240,62,RELD_MTL,49,9.110326767,9.110326766967773,3.2226665780399344e-11,True
full,248,62,RELD_MOEL,49,6.2292151451,6.229215145111084,1.1083578499437863e-11,True
full,248,62,RELD_MTL,49,6.2382154465,6.238215446472168,2.7831958959723124e-11,True
full,258,62,RELD_MOEL,49,9.0275735855,9.027573585510254,1.0253131677018246e-11,True
full,258,62,RELD_MTL,49,9.0089168549,9.008916854858398,4.1602277178753866e-11,True
full,259,62,RELD_MOEL,49,10.4049110413,10.404911041259766,4.023448241241567e-11,True
full,259,62,RELD_MTL,49,10.2396240234,10.2396240234375,3.750066923657869e-11,True
full,270,63,RELD_MOEL,50,7.3244495392,7.32444953918457,1.5429435507030576e-11,True
full,270,63,RELD_MTL,50,7.2714576721,7.271457672119141,1.91402449445377e-11,True
full,274,63,RELD_MOEL,50,10.3223762512,10.322376251220703,2.070343896320992e-11,True
full,274,63,RELD_MTL,50,10.269733429,10.269733428955078,4.4922288111592934e-11,True
full,268,63,RELD_MOEL,50,10.7115125656,10.711512565612793,1.2793321957360604e-11,True
full,268,63,RELD_MTL,50,10.5710306168,10.571030616760254,3.9745984281580604e-11,True
full,261,63,RELD_MOEL,50,13.1467971802,13.146797180175781,2.4218849148383015e-11,True
full,261,63,RELD_MTL,50,12.8598327637,12.859832763671875,2.8125057838224166e-11,True
full,260,63,RELD_MOEL,50,10.1443042755,10.144304275512695,1.269562233119359e-11,True
full,260,63,RELD_MTL,50,10.046620369,10.04662036895752,4.247979745741759e-11,True
full,275,63,RELD_MOEL,50,13.299323082,13.299323081970215,2.97859514830634e-11,True
full,275,63,RELD_MTL,50,12.5290126801,12.529012680053711,4.6288306521091727e-11,True
full,263,63,RELD_MOEL,50,8.1372051239,8.137205123901367,1.3677947663381929e-12,True
full,263,63,RELD_MTL,50,8.2279243469,8.227924346923828,2.382805064371496e-11,True
full,266,63,RELD_MOEL,50,8.6604967117,8.660496711730957,3.0956570640228165e-11,True
full,266,63,RELD_MTL,50,9.2244720459,9.224472045898438,1.5631940186722204e-12,True
full,272,63,RELD_MOEL,50,10.9591884613,10.959188461303711,3.710809437507123e-12,True
full,272,63,RELD_MTL,50,9.9078359604,9.907835960388184,1.1816325695690466e-11,True
full,276,63,RELD_MOEL,50,7.600335598,7.600335597991943,8.056666445099836e-12,True
full,276,63,RELD_MTL,50,7.9810934067,7.981093406677246,2.2754242934297508e-11,True
full,267,63,RELD_MOEL,50,10.9991674423,10.999167442321777,2.177813485104707e-11,True
full,267,63,RELD_MTL,50,11.3273258209,11.327325820922852,2.2851054382044822e-11,True
full,264,63,RELD_MOEL,50,12.5039691925,12.503969192504883,4.8832049515112885e-12,True
full,264,63,RELD_MTL,50,12.4301185608,12.430118560791016,8.984812893686467e-12,True
full,262,63,RELD_MOEL,50,10.4038276672,10.403827667236328,3.632827372257452e-11,True
full,262,63,RELD_MTL,50,10.1148042679,10.1148042678833,1.6699530647201755e-11,True
full,271,63,RELD_MOEL,50,8.1358480453,8.135848045349121,4.9121595679935126e-11,True
full,271,63,RELD_MTL,50,7.8687009811,7.868700981140137,4.013678278624866e-11,True
full,277,63,RELD_MOEL,50,9.5618495941,9.561849594116211,1.6211032516366686e-11,True
full,277,63,RELD_MTL,50,9.6039981842,9.603998184204102,4.101607942175178e-12,True
full,273,63,RELD_MOEL,50,11.4803390503,11.480339050292969,7.030820370346191e-12,True
full,273,63,RELD_MTL,50,11.5176506042,11.517650604248047,4.8046899792097975e-11,True
full,269,63,RELD_MOEL,50,7.2814507484,7.2814507484436035,4.360334315833825e-11,True
full,269,63,RELD_MTL,50,7.6707897186,7.67078971862793,2.7929658585890138e-11,True
full,265,63,RELD_MOEL,50,11.589963913,11.589963912963867,3.6132874470240495e-11,True
full,265,63,RELD_MTL,50,10.8729496002,10.872949600219727,1.972644270153978e-11,True
full,279,63,RELD_MOEL,50,11.5473098755,11.547309875488281,1.1718626069523452e-11,True
full,279,63,RELD_MTL,50,11.7759790421,11.775979042053223,4.6776804651926795e-11,True
full,278,63,RELD_MOEL,50,10.2023801804,10.202380180358887,4.11137790479188e-11,True
full,278,63,RELD_MTL,50,10.5031642914,10.503164291381836,1.816324868286756e-11,True
full,293,64,RELD_MOEL,51,9.0174789429,9.017478942871094,2.8906654847560276e-11,True
full,293,64,RELD_MTL,51,9.8320198059,9.832019805908203,8.203215884350357e-12,True
full,287,64,RELD_MOEL,51,6.7384576797,6.738457679748535,4.8535397922933043e-11,True
full,287,64,RELD_MTL,51,6.629617691,6.629617691040039,4.0039083160081645e-11,True
full,295,64,RELD_MOEL,51,8.5407428741,8.540742874145508,4.5508485868595017e-11,True
full,295,64,RELD_MTL,51,8.5171937943,8.517193794250488,4.951239418460318e-11,True
full,283,64,RELD_MOEL,51,7.4336247444,7.433624744415283,1.5282886067780055e-11,True
full,283,64,RELD_MTL,51,7.3731784821,7.373178482055664,4.433609035459085e-11,True
full,298,64,RELD_MOEL,51,10.7566738129,10.756673812866211,3.3789859799071564e-11,True
full,298,64,RELD_MTL,51,11.5969400406,11.596940040588379,1.1620926443356439e-11,True
full,297,64,RELD_MOEL,51,10.8526439667,10.852643966674805,2.5195845410053153e-11,True
full,297,64,RELD_MTL,51,11.0632476807,11.063247680664062,3.593747521790647e-11,True
full,290,64,RELD_MOEL,51,6.2712063789,6.271206378936768,3.6767922040326084e-11,True
full,290,64,RELD_MTL,51,6.1599030495,6.159903049468994,3.100542045331167e-11,True
full,284,64,RELD_MOEL,51,7.0830798149,7.083079814910889,1.0889067425523535e-11,True
full,284,64,RELD_MTL,51,7.2601680756,7.260168075561523,3.8476777319829125e-11,True
full,292,64,RELD_MOEL,51,10.189371109,10.189371109008789,8.78941364135244e-12,True
full,292,64,RELD_MTL,51,10.0273342133,10.027334213256836,4.3163694840586686e-11,True
full,291,64,RELD_MOEL,51,6.9156761169,6.915676116943359,4.3359094092920714e-11,True
full,291,64,RELD_MTL,51,6.8749289513,6.874928951263428,3.6572522787992057e-11,True
full,281,64,RELD_MOEL,51,9.1240062714,9.124006271362305,3.7696068488912715e-11,True
full,281,64,RELD_MTL,51,8.785651207,8.785651206970215,2.97859514830634e-11,True
full,286,64,RELD_MOEL,51,12.9114980698,12.911498069763184,3.681677185340959e-11,True
full,286,64,RELD_MTL,51,12.4962081909,12.496208190917969,1.7969625787372934e-11,True
full,296,64,RELD_MOEL,51,6.4740786552,6.47407865524292,4.292033395358885e-11,True
full,296,64,RELD_MTL,51,6.1493196487,6.149319648742676,4.267608488817132e-11,True
full,288,64,RELD_MOEL,51,6.4833288193,6.483328819274902,2.509725760546644e-11,True
full,288,64,RELD_MTL,51,6.63276577,6.632765769958496,4.150368937416715e-11,True
full,299,64,RELD_MOEL,51,7.9974164963,7.9974164962768555,2.3144153260545863e-11,True
full,299,64,RELD_MTL,51,7.9478664398,7.947866439819336,1.9335644196871726e-11,True
full,282,64,RELD_MOEL,51,9.1360321045,9.136032104492188,7.812417379682302e-12,True
full,282,64,RELD_MTL,51,9.0508918762,9.050891876220703,2.070343896320992e-11,True
full,294,64,RELD_MOEL,51,10.0798921585,10.0798921585083,8.30091551051737e-12,True
full,294,64,RELD_MTL,51,10.1226797104,10.122679710388184,1.1816325695690466e-11,True
full,289,64,RELD_MOEL,51,7.9914755821,7.991475582122803,2.2803092747381015e-11,True
full,289,64,RELD_MTL,51,8.0478096008,8.047809600830078,3.007727400472504e-11,True
full,285,64,RELD_MOEL,51,6.4533829689,6.453382968902588,2.588151915006165e-12,True
full,285,64,RELD_MTL,51,6.4551434517,6.455143451690674,9.325873406851315e-12,True
full,280,64,RELD_MOEL,51,9.7791042328,9.779104232788086,1.191402532185748e-11,True
full,280,64,RELD_MTL,51,10.1269378662,10.126937866210938,1.0937029060187342e-11,True
full,313,65,RELD_MOEL,52,14.4888095856,14.488809585571289,2.8711255595226248e-11,True
full,313,65,RELD_MTL,52,14.6155481339,14.615548133850098,4.9903192689271236e-11,True
full,318,65,RELD_MOEL,52,9.385307312,9.385307312011719,1.1718626069523452e-11,True
full,318,65,RELD_MTL,52,9.3820705414,9.382070541381836,1.816324868286756e-11,True
full,306,65,RELD_MOEL,52,8.3883228302,8.388322830200195,1.9539925233402755e-13,True
full,306,65,RELD_MTL,52,8.1990613937,8.199061393737793,3.779376811507973e-11,True
full,309,65,RELD_MOEL,52,8.9798202515,8.979820251464844,3.515587820857036e-11,True
full,309,65,RELD_MTL,52,8.8972816467,8.897281646728516,2.851585634289222e-11,True
full,316,65,RELD_MOEL,52,11.9542770386,11.954277038574219,2.5782043167055235e-11,True
full,316,65,RELD_MTL,52,12.255022049,12.255022048950195,4.980549306310422e-11,True
full,305,65,RELD_MOEL,52,8.3274040222,8.327404022216797,1.679723027336877e-11,True
full,305,65,RELD_MTL,52,8.618970871,8.61897087097168,2.8320457090558193e-11,True
full,304,65,RELD_MOEL,52,4.1474509239,4.147450923919678,1.9677592888456275e-11,True
full,304,65,RELD_MTL,52,4.2928752899,4.292875289916992,1.6992629525702796e-11,True
full,311,65,RELD_MOEL,52,6.9265298843,6.926529884338379,3.837907769366211e-11,True
full,311,65,RELD_MTL,52,6.9656190872,6.965619087219238,1.9237944570704713e-11,True
full,312,65,RELD_MOEL,52,6.3003664017,6.300366401672363,2.7636559707389097e-11,True
full,312,65,RELD_MTL,52,6.4373264313,6.437326431274414,2.5585755736301508e-11,True
full,317,65,RELD_MOEL,52,8.7723236084,8.772323608398438,1.5631940186722204e-12,True
full,317,65,RELD_MTL,52,8.8975868225,8.897586822509766,9.766409903022577e-12,True
full,301,65,RELD_MOEL,52,11.8480815887,11.848081588745117,4.511768736392696e-11,True
full,301,65,RELD_MTL,52,12.2407112122,12.240711212158203,4.1797676431087893e-11,True
full,302,65,RELD_MOEL,52,8.8683214188,8.868321418762207,3.779376811507973e-11,True
full,302,65,RELD_MTL,52,8.8362579346,8.836257934570312,2.9688251856896386e-11,True
full,307,65,RELD_MOEL,52,7.5748806,7.574880599975586,2.4414248400717042e-11,True
full,307,65,RELD_MTL,52,7.7254743576,7.7254743576049805,4.980904577678302e-12,True
full,314,65,RELD_MOEL,52,12.3619976044,12.361997604370117,2.9883651109230414e-11,True
full,314,65,RELD_MTL,52,12.6575679779,12.657567977905273,5.274003456179344e-12,True
full,319,65,RELD_MOEL,52,10.106921196,10.106921195983887,1.6113332890199672e-11,True
full,319,65,RELD_MTL,52,9.9285573959,9.928557395935059,3.505817858240334e-11,True
full,308,65,RELD_MOEL,52,10.4069023132,10.406902313232422,3.242206503273337e-11,True
full,308,65,RELD_MTL,52,10.7370100021,10.73701000213623,3.623057409640751e-11,True
full,310,65,RELD_MOEL,52,9.4107551575,9.410755157470703,2.929745335222833e-11,True
full,310,65,RELD_MTL,52,9.2313556671,9.231355667114258,1.425703999302641e-11,True
full,315,65,RELD_MOEL,52,8.4414930344,8.441493034362793,3.7207570358077646e-11,True
full,315,65,RELD_MTL,52,8.4427280426,8.442728042602539,2.538413923502958e-12,True
full,300,65,RELD_MOEL,52,9.2179756165,9.217975616455078,4.4922288111592934e-11,True
full,300,65,RELD_MTL,52,9.4515991211,9.45159912109375,6.249223361010081e-12,True
full,303,65,RELD_MOEL,52,9.0727748871,9.072774887084961,1.503863700236252e-11,True
full,303,65,RELD_MTL,52,9.3309030533,9.330903053283691,1.63087321425337e-11,True
full,338,66,RELD_MOEL,52,12.5245838165,12.52458381652832,2.8320457090558193e-11,True
full,338,66,RELD_MTL,52,12.5172891617,12.517289161682129,1.787192616120592e-11,True
full,332,66,RELD_MOEL,52,5.9900789261,5.990078926086426,1.3574030788277014e-11,True
full,332,66,RELD_MTL,52,5.3804502487,5.380450248718262,1.8261836487454275e-11,True
full,335,66,RELD_MOEL,52,10.0488471985,10.048847198486328,1.3672618592863728e-11,True
full,335,66,RELD_MTL,52,9.9049930573,9.904993057250977,4.902389605376811e-11,True
full,325,66,RELD_MOEL,52,11.8222961426,11.822296142578125,2.1875834477214084e-11,True
full,325,66,RELD_MTL,52,11.4050388336,11.405038833618164,1.816324868286756e-11,True
full,324,66,RELD_MOEL,52,9.8385982513,9.838598251342773,4.277289633591863e-11,True
full,324,66,RELD_MTL,52,9.7786979675,9.778697967529297,2.929745335222833e-11,True
full,321,66,RELD_MOEL,52,13.2084331512,13.208433151245117,4.511768736392696e-11,True
full,321,66,RELD_MTL,52,12.7670650482,12.767065048217773,1.7774226535038906e-11,True
full,329,66,RELD_MOEL,52,11.5821304321,11.582130432128906,2.8906654847560276e-11,True
full,329,66,RELD_MTL,52,11.42045784,11.42045783996582,3.417888194690022e-11,True
full,334,66,RELD_MOEL,52,9.7715005875,9.771500587463379,3.6621372601075564e-11,True
full,334,66,RELD_MTL,52,9.8373327255,9.837332725524902,2.490274653155211e-11,True
full,327,66,RELD_MOEL,52,11.4881572723,11.488157272338867,3.886668764607748e-11,True
full,327,66,RELD_MTL,52,10.6461849213,10.646184921264648,3.5351277460904384e-11,True
full,336,66,RELD_MOEL,52,8.9979972839,8.997997283935547,3.554667671323841e-11,True
full,336,66,RELD_MTL,52,9.0811481476,9.081148147583008,1.6992629525702796e-11,True
full,322,66,RELD_MOEL,52,11.3711509705,11.371150970458984,4.101607942175178e-11,True
full,322,66,RELD_MTL,52,11.3771648407,11.377164840698242,1.758593271006248e-12,True
full,331,66,RELD_MOEL,52,9.2227840424,9.222784042358398,4.1602277178753866e-11,True
full,331,66,RELD_MTL,52,9.100446701,9.100446701049805,4.980549306310422e-11,True
full,333,66,RELD_MOEL,52,7.5143532753,7.514353275299072,9.281464485866309e-13,True
full,333,66,RELD_MTL,52,7.2985386848,7.298538684844971,4.497113792467644e-11,True
full,330,66,RELD_MOEL,52,6.7623357773,6.762335777282715,1.7284840225784137e-11,True
full,330,66,RELD_MTL,52,6.8280057907,6.828005790710449,1.0449419107771973e-11,True
full,320,66,RELD_MOEL,52,9.6769104004,9.676910400390625,9.375611398354522e-12,True
full,320,66,RELD_MTL,52,9.9919042587,9.991904258728027,2.8027358212057152e-11,True
full,339,66,RELD_MOEL,52,12.1188688278,12.118868827819824,1.9824142327706795e-11,True
full,339,66,RELD_MTL,52,11.6834144592,11.683414459228516,2.851585634289222e-11,True
full,337,66,RELD_MOEL,52,9.173456192,9.173456192016602,1.660183102103474e-11,True
full,337,66,RELD_MTL,52,9.2768087387,9.276808738708496,8.496314762851398e-12,True
full,328,66,RELD_MOEL,52,9.852309227,9.852309226989746,1.0253131677018246e-11,True
full,328,66,RELD_MTL,52,9.6499404907,9.649940490722656,2.2655655129710794e-11,True
full,326,66,RELD_MOEL,52,6.9364533424,6.936453342437744,3.774403012357652e-11,True
full,326,66,RELD_MTL,52,6.9045028687,6.904502868652344,4.765610128742992e-11,True
full,323,66,RELD_MOEL,52,10.4406452179,10.440645217895508,4.4924064468432334e-12,True
full,323,66,RELD_MTL,52,10.7836818695,10.783681869506836,6.835421118012164e-12,True
full,349,67,RELD_MOEL,53,11.8651218414,11.865121841430664,3.0663471761727124e-11,True
full,349,67,RELD_MTL,53,11.6467466354,11.646746635437012,3.701217110574362e-11,True
full,348,67,RELD_MOEL,53,9.7315511703,9.731551170349121,4.9121595679935126e-11,True
full,348,67,RELD_MTL,53,9.5157985687,9.515798568725586,2.5586643914721208e-11,True
full,340,67,RELD_MOEL,53,9.7338104248,9.733810424804688,4.687805699177261e-12,True
full,340,67,RELD_MTL,53,9.5111322403,9.51113224029541,4.590106073010247e-12,True
full,359,67,RELD_MOEL,53,12.8359584808,12.835958480834961,3.496047895623633e-11,True
full,359,67,RELD_MTL,53,12.9345798492,12.934579849243164,4.3163694840586686e-11,True
full,342,67,RELD_MOEL,53,10.541056633,10.541056632995605,4.39470682067622e-12,True
full,342,67,RELD_MTL,53,10.4635829926,10.463582992553711,4.6288306521091727e-11,True
full,353,67,RELD_MOEL,53,10.8399868011,10.839986801147461,4.746070203509589e-11,True
full,353,67,RELD_MTL,53,10.8233337402,10.823333740234375,3.4374281199234247e-11,True
full,352,67,RELD_MOEL,53,8.9908428192,8.990842819213867,1.3868017845197755e-11,True
full,352,67,RELD_MTL,53,8.9519691467,8.951969146728516,2.851585634289222e-11,True
full,350,67,RELD_MOEL,53,7.7122545242,7.712254524230957,3.0957458818647865e-11,True
full,350,67,RELD_MTL,53,7.3131465912,7.313146591186523,1.347633116211e-11,True
full,343,67,RELD_MOEL,53,9.5762252808,9.576225280761719,3.82804898890754e-11,True
full,343,67,RELD_MTL,53,9.5899906158,9.589990615844727,4.4726888859258906e-11,True
full,355,67,RELD_MOEL,53,10.4320163727,10.432016372680664,1.9335644196871726e-11,True
full,355,67,RELD_MTL,53,10.3511943817,10.351194381713867,1.3868017845197755e-11,True
full,341,67,RELD_MOEL,53,9.6211013794,9.621101379394531,5.469402708513371e-12,True
full,341,67,RELD_MTL,53,9.7289352417,9.728935241699219,7.815970093361102e-13,True
full,354,67,RELD_MOEL,53,10.0362176895,10.03621768951416,1.4159340366859396e-11,True
full,354,67,RELD_MTL,53,9.8766288757,9.876628875732422,3.242206503273337e-11,True
full,358,67,RELD_MOEL,53,10.2589635849,10.258963584899902,9.769962616701378e-14,True
full,358,67,RELD_MTL,53,10.7998466492,10.799846649169922,3.007727400472504e-11,True
full,347,67,RELD_MOEL,53,5.4951839447,5.495183944702148,2.148503597254603e-12,True
full,347,67,RELD_MTL,53,6.0656170845,6.065617084503174,3.1734614935885475e-12,True
full,356,67,RELD_MOEL,53,6.2418632507,6.241863250732422,3.242206503273337e-11,True
full,356,67,RELD_MTL,53,6.3744797707,6.3744797706604,3.9599434842330083e-11,True
full,344,67,RELD_MOEL,53,7.8703012466,7.870301246643066,4.306599521441967e-11,True
full,344,67,RELD_MTL,53,7.927936554,7.927936553955078,4.4922288111592934e-11,True
full,346,67,RELD_MOEL,53,11.4248695374,11.424869537353516,4.6483705773425754e-11,True
full,346,67,RELD_MTL,53,11.5792531967,11.579253196716309,1.63087321425337e-11,True
full,351,67,RELD_MOEL,53,10.5810070038,10.58100700378418,1.582023401169863e-11,True
full,351,67,RELD_MTL,53,10.5286455154,10.528645515441895,4.189537605725491e-11,True
full,345,67,RELD_MOEL,53,12.4477005005,12.447700500488281,1.1718626069523452e-11,True
full,345,67,RELD_MTL,53,12.0547580719,12.054758071899414,5.861977570020827e-13,True
full,357,67,RELD_MOEL,53,9.0988521576,9.098852157592773,7.226219622680219e-12,True
full,357,67,RELD_MTL,53,9.2791986465,9.27919864654541,4.5410786242428e-11,True
full,367,68,RELD_MOEL,54,13.9062204361,13.906220436096191,3.808509063674137e-12,True
full,367,68,RELD_MTL,54,13.8660697937,13.866069793701172,1.1723955140041653e-12,True
full,373,68,RELD_MOEL,54,13.6250972748,13.625097274780273,1.972644270153978e-11,True
full,373,68,RELD_MTL,54,12.6260128021,12.626012802124023,2.4023449896048987e-11,True
full,362,68,RELD_MOEL,54,13.8167896271,13.816789627075195,2.4805046905385097e-11,True
full,362,68,RELD_MTL,54,13.8048763275,13.804876327514648,1.4647838497694465e-11,True
full,361,68,RELD_MOEL,54,9.3725681305,9.372568130493164,6.835421118012164e-12,True
full,361,68,RELD_MTL,54,9.4328174591,9.432817459106445,6.444622613344109e-12,True
full,366,68,RELD_MOEL,54,10.9877319336,10.98773193359375,6.249223361010081e-12,True
full,366,68,RELD_MTL,54,10.6444473267,10.644447326660156,3.984368390774762e-11,True
full,368,68,RELD_MOEL,54,10.1187944412,10.118794441223145,2.3144153260545863e-11,True
full,368,68,RELD_MTL,54,9.218334198,9.218334197998047,1.9539925233402755e-12,True
full,374,68,RELD_MOEL,54,11.0425043106,11.04250431060791,7.910117005849315e-12,True
full,374,68,RELD_MTL,54,11.5241832733,11.52418327331543,1.5429435507030576e-11,True
full,379,68,RELD_MOEL,54,5.3266835213,5.326683521270752,2.9247715360725124e-11,True
full,379,68,RELD_MTL,54,5.0636529922,5.063652992248535,4.8535397922933043e-11,True
full,376,68,RELD_MOEL,54,7.1739320755,7.173932075500488,4.884981308350689e-13,True
full,376,68,RELD_MTL,54,7.1527085304,7.152708530426025,2.602540405405307e-11,True
full,370,68,RELD_MOEL,54,7.9070606232,7.907060623168945,3.105427026639518e-11,True
full,370,68,RELD_MTL,54,7.7389097214,7.738909721374512,2.5488056110134494e-11,True
full,378,68,RELD_MOEL,54,10.1217784882,10.12177848815918,4.0820680169417756e-11,True
full,378,68,RELD_MTL,54,9.363196373,9.36319637298584,1.4159340366859396e-11,True
full,371,68,RELD_MOEL,54,9.8545970917,9.854597091674805,2.5195845410053153e-11,True
full,371,68,RELD_MTL,54,9.6335630417,9.633563041687012,1.2988721209694631e-11,True
full,363,68,RELD_MOEL,54,12.4380931854,12.438093185424805,2.4805046905385097e-11,True
full,363,68,RELD_MTL,54,12.3297595978,12.32975959777832,2.1680435224880057e-11,True
full,364,68,RELD_MOEL,54,7.4227032661,7.422703266143799,4.3798742410672276e-11,True
full,364,68,RELD_MTL,54,7.5281238556,7.52812385559082,9.179323967600794e-12,True
full,372,68,RELD_MOEL,54,8.2351303101,8.235130310058594,4.140687792641984e-11,True
full,372,68,RELD_MTL,54,7.8808383942,7.880838394165039,3.496136713465603e-11,True
full,360,68,RELD_MOEL,54,10.3178081512,10.317808151245117,4.511768736392696e-11,True
full,360,68,RELD_MTL,54,10.1880073547,10.188007354736328,3.632827372257452e-11,True
full,365,68,RELD_MOEL,54,12.6394500732,12.639450073242188,4.218669857891655e-11,True
full,365,68,RELD_MTL,54,11.8721542358,11.872154235839844,3.984368390774762e-11,True
full,377,68,RELD_MOEL,54,9.2570133209,9.257013320922852,2.2851054382044822e-11,True
full,377,68,RELD_MTL,54,9.4845848083,9.48458480834961,4.9610093810770195e-11,True
full,369,68,RELD_MOEL,54,9.4100084305,9.410008430480957,1.9042545318370685e-11,True
full,369,68,RELD_MTL,54,9.4893360138,9.489336013793945,6.0538241086760536e-12,True
full,375,68,RELD_MOEL,54,9.4647130966,9.464713096618652,1.865174681370263e-11,True
full,375,68,RELD_MTL,54,9.6503095627,9.650309562683105,1.6894929899535782e-11,True
full,398,69,RELD_MOEL,55,8.7942094803,8.794209480285645,1.4354739619193424e-11,True
full,398,69,RELD_MTL,55,9.2994422913,9.299442291259766,4.023448241241567e-11,True
full,386,69,RELD_MOEL,55,11.4741048813,11.474104881286621,1.3379519714362686e-11,True
full,386,69,RELD_MTL,55,10.8388996124,10.838899612426758,2.6757263071885973e-11,True
full,392,69,RELD_MOEL,55,12.8106784821,12.810678482055664,4.433609035459085e-11,True
full,392,69,RELD_MTL,55,13.1362762451,13.136276245117188,1.7188028778036823e-11,True
full,387,69,RELD_MOEL,55,11.1871566772,11.187156677246094,4.60929072687577e-11,True
full,387,69,RELD_MTL,55,11.5060081482,11.50600814819336,6.640021865678136e-12,True
full,381,69,RELD_MOEL,55,14.9489688873,14.948968887329102,2.9102054099894303e-11,True
full,381,69,RELD_MTL,55,14.6563901901,14.656390190124512,2.4511948026884056e-11,True
full,394,69,RELD_MOEL,55,10.9957103729,10.995710372924805,2.4805046905385097e-11,True
full,394,69,RELD_MTL,55,11.22544384,11.225443840026855,2.6854962698052987e-11,True
full,389,69,RELD_MOEL,55,6.7879638672,6.7879638671875,1.2500223078859563e-11,True
full,389,69,RELD_MTL,55,6.8236465454,6.823646545410156,1.0156320229270932e-11,True
full,396,69,RELD_MOEL,55,10.7303972244,10.73039722442627,2.6268764941050904e-11,True
full,396,69,RELD_MTL,55,10.7507171631,10.750717163085938,1.4061640740692383e-11,True
full,390,69,RELD_MOEL,55,13.1735916138,13.173591613769531,3.0468072509393096e-11,True
full,390,69,RELD_MTL,55,13.2930326462,13.2930326461792,2.0801138589376933e-11,True
full,383,69,RELD_MOEL,55,9.3427877426,9.342787742614746,1.474553812386148e-11,True
full,383,69,RELD_MTL,55,9.0883703232,9.088370323181152,1.8847146066036657e-11,True
full,384,69,RELD_MOEL,55,6.9081745148,6.908174514770508,2.949196442614266e-11,True
full,384,69,RELD_MTL,55,6.6064510345,6.606451034545898,4.589839619484337e-11,True
full,382,69,RELD_MOEL,55,13.6544704437,13.654470443725586,2.5586643914721208e-11,True
full,382,69,RELD_MTL,55,13.4522867203,13.452286720275879,2.4121149522216e-11,True
full,388,69,RELD_MOEL,55,11.6003742218,11.600374221801758,1.758593271006248e-12,True
full,388,69,RELD_MTL,55,11.2998571396,11.299857139587402,1.2597922705026576e-11,True
full,380,69,RELD_MOEL,55,10.221031189,10.221031188964844,3.515587820857036e-11,True
full,380,69,RELD_MTL,55,10.2834281921,10.283428192138672,3.867128839374345e-11,True
full,393,69,RELD_MOEL,55,12.0120639801,12.012063980102539,2.538413923502958e-12,True
full,393,69,RELD_MTL,55,12.1156330109,12.115633010864258,3.574207596557244e-11,True
full,399,69,RELD_MOEL,55,15.6395053864,15.639505386352539,4.746070203509589e-11,True
full,399,69,RELD_MTL,55,15.4213008881,15.421300888061523,3.8475889141409425e-11,True
full,391,69,RELD_MOEL,55,11.3242702484,11.324270248413086,1.3086420835861645e-11,True
full,391,69,RELD_MTL,55,11.6862068176,11.686206817626953,2.695266232422e-11,True
full,395,69,RELD_MOEL,55,12.9551544189,12.955154418945312,4.531308661626099e-11,True
full,395,69,RELD_MTL,55,13.1601610184,13.160161018371582,2.8418156716725207e-11,True
full,385,69,RELD_MOEL,55,8.0941295624,8.09412956237793,2.2069457372708712e-11,True
full,385,69,RELD_MTL,55,8.3840465546,8.38404655456543,3.4569680451568274e-11,True
full,397,69,RELD_MOEL,55,13.0920066833,13.09200668334961,4.9610093810770195e-11,True
full,397,69,RELD_MTL,55,13.4681625366,13.468162536621094,2.1094237467877974e-11,True
full,411,70,RELD_MOEL,56,6.5663700104,6.566370010375977,2.4023449896048987e-11,True
full,411,70,RELD_MTL,56,6.3794469833,6.379446983337402,3.7402081431991974e-11,True
full,416,70,RELD_MOEL,56,13.9513349533,13.951334953308105,8.105516258183343e-12,True
full,416,70,RELD_MTL,56,14.0116043091,14.011604309082031,1.7969625787372934e-11,True
full,412,70,RELD_MOEL,56,12.2736377716,12.273637771606445,6.444622613344109e-12,True
full,412,70,RELD_MTL,56,12.2394008636,12.239400863647461,4.746070203509589e-11,True
full,406,70,RELD_MOEL,56,7.3504166603,7.350416660308838,8.838263454435946e-12,True
full,406,70,RELD_MTL,56,7.5288896561,7.5288896560668945,3.310507423748277e-11,True
full,405,70,RELD_MOEL,56,8.8239059448,8.823905944824219,2.4218849148383015e-11,True
full,405,70,RELD_MTL,56,9.0657558441,9.065755844116211,1.6211032516366686e-11,True
full,415,70,RELD_MOEL,56,7.0362024307,7.036202430725098,2.509725760546644e-11,True
full,415,70,RELD_MTL,56,6.3497543335,6.349754333496094,3.906208689841151e-12,True
full,414,70,RELD_MOEL,56,7.000576973,7.000576972961426,3.857447694599614e-11,True
full,414,70,RELD_MTL,56,6.9778447151,6.977844715118408,1.8408385926704796e-11,True
full,408,70,RELD_MOEL,56,10.6701412201,10.670141220092773,7.226219622680219e-12,True
full,408,70,RELD_MTL,56,10.8327865601,10.832786560058594,4.140687792641984e-11,True
full,418,70,RELD_MOEL,56,10.3873500824,10.387350082397461,2.538413923502958e-12,True
full,418,70,RELD_MTL,56,9.9725284576,9.972528457641602,4.1602277178753866e-11,True
full,407,70,RELD_MOEL,56,10.6286029816,10.628602981567383,3.26174642850674e-11,True
full,407,70,RELD_MTL,56,11.044380188,11.044380187988281,1.1718626069523452e-11,True
full,417,70,RELD_MOEL,56,11.9614849091,11.961484909057617,4.2382097831250576e-11,True
full,417,70,RELD_MTL,56,11.5258188248,11.525818824768066,3.19335669018983e-11,True
full,400,70,RELD_MOEL,56,10.6017513275,10.601751327514648,1.4647838497694465e-11,True
full,400,70,RELD_MTL,56,10.6481361389,10.648136138916016,1.6015633264032658e-11,True
full,419,70,RELD_MOEL,56,11.0170249939,11.017024993896484,3.5154101851730957e-12,True
full,419,70,RELD_MTL,56,11.1350440979,11.13504409790039,3.907985046680551e-13,True
full,413,70,RELD_MOEL,56,10.5465574265,10.546557426452637,4.736300240892888e-11,True
full,413,70,RELD_MTL,56,10.6773071289,10.67730712890625,6.249223361010081e-12,True
full,410,70,RELD_MOEL,56,12.8875999451,12.88759994506836,3.164046802339726e-11,True
full,410,70,RELD_MTL,56,12.7540779114,12.754077911376953,2.304645363437885e-11,True
full,403,70,RELD_MOEL,56,12.9133415222,12.913341522216797,1.679723027336877e-11,True
full,403,70,RELD_MTL,56,13.122426033,13.12242603302002,2.0019541580040823e-11,True
full,409,70,RELD_MOEL,56,12.0801534653,12.080153465270996,2.900435447372729e-11,True
full,409,70,RELD_MTL,56,11.9876337051,11.98763370513916,3.915978652457852e-11,True
full,401,70,RELD_MOEL,56,14.5400438309,14.540043830871582,2.8418156716725207e-11,True
full,401,70,RELD_MTL,56,14.6157255173,14.61572551727295,2.7050361950387014e-11,True
full,402,70,RELD_MOEL,56,8.0108356476,8.010835647583008,1.6992629525702796e-11,True
full,402,70,RELD_MTL,56,8.2497243881,8.249724388122559,2.255795550354378e-11,True
full,404,70,RELD_MOEL,56,15.0351266861,15.035126686096191,3.808509063674137e-12,True
full,404,70,RELD_MTL,56,15.4283475876,15.42834758758545,1.4550138871527452e-11,True
full,434,71,RELD_MOEL,56,12.5503072739,12.550307273864746,3.525357783473737e-11,True
full,434,71,RELD_MTL,56,12.2729578018,12.272957801818848,1.8847146066036657e-11,True
full,431,71,RELD_MOEL,56,9.1811180115,9.18111801147461,2.539124466238718e-11,True
full,431,71,RELD_MTL,56,9.0355262756,9.035526275634766,3.47650797039023e-11,True
full,428,71,RELD_MOEL,56,11.4449415207,11.444941520690918,9.08251251985348e-12,True
full,428,71,RELD_MTL,56,11.6416692734,11.641669273376465,2.353495176521392e-11,True
full,437,71,RELD_MOEL,56,13.3106975555,13.310697555541992,4.199129932658252e-11,True
full,437,71,RELD_MTL,56,13.335395813,13.335395812988281,1.1718626069523452e-11,True
full,422,71,RELD_MOEL,56,9.2637748718,9.263774871826172,2.617106531488389e-11,True
full,422,71,RELD_MTL,56,9.5614919662,9.561491966247559,4.7558401661262906e-11,True
full,420,71,RELD_MOEL,56,11.9737567902,11.973756790161133,3.886668764607748e-11,True
full,420,71,RELD_MTL,56,12.388753891,12.388753890991211,8.78941364135244e-12,True
full,435,71,RELD_MOEL,56,7.6205072403,7.62050724029541,4.590106073010247e-12,True
full,435,71,RELD_MTL,56,7.2595500946,7.259550094604492,4.4924064468432334e-12,True
full,424,71,RELD_MOEL,56,9.5030574799,9.503057479858398,4.1602277178753866e-11,True
full,424,71,RELD_MTL,56,9.2578983307,9.257898330688477,1.1523226817189425e-11,True
full,426,71,RELD_MOEL,56,8.425280571,8.425280570983887,1.6113332890199672e-11,True
full,426,71,RELD_MTL,56,8.4698810577,8.469881057739258,3.9257486150745535e-11,True
full,439,71,RELD_MOEL,56,6.45266819,6.452668190002441,2.4416024757556443e-12,True
full,439,71,RELD_MTL,56,6.312277317,6.312277317047119,4.7118753343511344e-11,True
full,427,71,RELD_MOEL,56,9.1477355957,9.147735595703125,3.1246116805050406e-12,True
full,427,71,RELD_MTL,56,9.1007547379,9.100754737854004,4.5995207642590685e-11,True
full,433,71,RELD_MOEL,56,10.2375631332,10.237563133239746,3.9745984281580604e-11,True
full,433,71,RELD_MTL,56,10.1053771973,10.105377197265625,3.4374281199234247e-11,True
full,430,71,RELD_MOEL,56,7.8506708145,7.85067081451416,1.4160228545279097e-11,True
full,430,71,RELD_MTL,56,7.4762229919,7.476222991943359,4.3359094092920714e-11,True
full,421,71,RELD_MOEL,56,9.1266870499,9.126687049865723,3.427658157306723e-11,True
full,421,71,RELD_MTL,56,9.4469175339,9.446917533874512,2.5488944288554194e-11,True
full,438,71,RELD_MOEL,56,10.117972374,10.117972373962402,3.75983688627457e-11,True
full,438,71,RELD_MTL,56,11.3014135361,11.301413536071777,2.822275746439118e-11,True
full,423,71,RELD_MOEL,56,5.2774524689,5.27745246887207,2.7929658585890138e-11,True
full,423,71,RELD_MTL,56,5.278441906,5.278441905975342,2.4658497466134577e-11,True
full,429,71,RELD_MOEL,56,8.0545959473,8.054595947265625,3.4374281199234247e-11,True
full,429,71,RELD_MTL,56,7.987888813,7.987888813018799,1.879918443137285e-11,True
full,436,71,RELD_MOEL,56,12.0114431381,12.011443138122559,2.255795550354378e-11,True
full,436,71,RELD_MTL,56,12.0517253876,12.051725387573242,2.6757263071885973e-11,True
full,432,71,RELD_MOEL,56,10.4675426483,10.46754264831543,1.5429435507030576e-11,True
full,432,71,RELD_MTL,56,10.1446056366,10.14460563659668,3.320010932839068e-12,True
full,425,71,RELD_MOEL,56,11.7275695801,11.727569580078125,2.1875834477214084e-11,True
full,425,71,RELD_MTL,56,11.646229744,11.64622974395752,4.247979745741759e-11,True
full,449,72,RELD_MOEL,57,8.0292510986,8.029251098632812,3.2812863537401427e-11,True
full,449,72,RELD_MTL,57,8.1858634949,8.185863494873047,2.695266232422e-11,True
full,441,72,RELD_MOEL,57,10.6185817719,10.618581771850586,4.941469455843617e-11,True
full,441,72,RELD_MTL,57,9.0422124863,9.04221248626709,3.291056316356844e-11,True
full,445,72,RELD_MOEL,57,8.7491788864,8.749178886413574,1.3574918966696714e-11,True
full,445,72,RELD_MTL,57,8.9265117645,8.926511764526367,2.6366464567217918e-11,True
full,450,72,RELD_MOEL,57,13.2829933167,13.28299331665039,4.9610093810770195e-11,True
full,450,72,RELD_MTL,57,13.6390199661,13.639019966125488,2.5488944288554194e-11,True
full,456,72,RELD_MOEL,57,8.4988594055,8.498859405517578,1.757882728270488e-11,True
full,456,72,RELD_MTL,57,7.9187488556,7.91874885559082,9.179323967600794e-12,True
full,457,72,RELD_MOEL,57,9.8481225967,9.848122596740723,4.072298054325074e-11,True
full,457,72,RELD_MTL,57,9.9806194305,9.980619430541992,4.199129932658252e-11,True
full,459,72,RELD_MOEL,57,8.5629453659,8.562945365905762,5.7625015870144125e-12,True
full,459,72,RELD_MTL,57,8.793422699,8.79342269897461,2.539124466238718e-11,True
full,446,72,RELD_MOEL,57,9.1224308014,9.122430801391602,8.398615136684384e-12,True
full,446,72,RELD_MTL,57,8.9816665649,8.981666564941406,4.140687792641984e-11,True
full,440,72,RELD_MOEL,57,9.7830810547,9.7830810546875,1.2500223078859563e-11,True
full,440,72,RELD_MTL,57,9.7701940536,9.770194053649902,4.9903192689271236e-11,True
full,447,72,RELD_MOEL,57,9.8062057495,9.806205749511719,1.1718626069523452e-11,True
full,447,72,RELD_MTL,57,10.0222187042,10.022218704223633,2.3632651391380932e-11,True
full,444,72,RELD_MOEL,57,11.0312786102,11.031278610229492,2.949285260456236e-11,True
full,444,72,RELD_MTL,57,11.2251634598,11.225163459777832,2.2167156998875726e-11,True
full,448,72,RELD_MOEL,57,11.7655954361,11.765595436096191,3.808509063674137e-12,True
full,448,72,RELD_MTL,57,11.5764122009,11.576412200927734,2.773425933355611e-11,True
full,443,72,RELD_MOEL,57,8.5571165085,8.557116508483887,1.6113332890199672e-11,True
full,443,72,RELD_MTL,57,8.3760490417,8.376049041748047,4.8046899792097975e-11,True
full,442,72,RELD_MOEL,57,9.4802179337,9.480217933654785,4.5215386990093975e-11,True
full,442,72,RELD_MTL,57,9.6425952911,9.642595291137695,3.7696068488912715e-11,True
full,455,72,RELD_MOEL,57,11.1561737061,11.156173706054688,4.531308661626099e-11,True
full,455,72,RELD_MTL,57,11.37525177,11.375251770019531,1.9531043449205754e-11,True
full,451,72,RELD_MOEL,57,10.6843442917,10.684344291687012,1.2988721209694631e-11,True
full,451,72,RELD_MTL,57,11.3483352661,11.348335266113281,1.3281820088195673e-11,True
full,452,72,RELD_MOEL,57,10.1216859818,10.121685981750488,4.951239418460318e-11,True
full,452,72,RELD_MTL,57,10.1095190048,10.109519004821777,2.177813485104707e-11,True
full,458,72,RELD_MOEL,57,10.0252437592,10.025243759155273,4.4726888859258906e-11,True
full,458,72,RELD_MTL,57,9.9581375122,9.958137512207031,7.030820370346191e-12,True
full,454,72,RELD_MOEL,57,11.5150108337,11.515010833740234,4.023448241241567e-11,True
full,454,72,RELD_MTL,57,11.6292934418,11.629293441772461,2.7538860081222083e-11,True
full,453,72,RELD_MOEL,57,8.0314903259,8.031490325927734,2.773425933355611e-11,True
full,453,72,RELD_MTL,57,8.1066551208,8.10665512084961,4.9610093810770195e-11,True
full,470,73,RELD_MOEL,58,11.5107107162,11.510710716247559,4.7558401661262906e-11,True
full,470,73,RELD_MTL,58,11.082985878,11.082985877990723,9.277911772187508e-12,True
full,468,73,RELD_MOEL,58,11.067738533,11.06773853302002,2.0019541580040823e-11,True
full,468,73,RELD_MTL,58,11.0596160889,11.059616088867188,3.2812863537401427e-11,True
full,469,73,RELD_MOEL,58,9.5450973511,9.545097351074219,2.5782043167055235e-11,True
full,469,73,RELD_MTL,58,9.1256780624,9.125678062438965,3.8964387272244494e-11,True
full,465,73,RELD_MOEL,58,15.0705680847,15.070568084716797,1.679723027336877e-11,True
full,465,73,RELD_MTL,58,14.6529750824,14.652975082397461,2.538413923502958e-12,True
full,478,73,RELD_MOEL,58,12.14539814,12.145398139953613,4.638600614725874e-11,True
full,478,73,RELD_MTL,58,12.1942977905,12.194297790527344,2.7343460828888055e-11,True
full,466,73,RELD_MOEL,58,8.5545406342,8.554540634155273,4.4726888859258906e-11,True
full,466,73,RELD_MTL,58,8.4646453857,8.464645385742188,4.218669857891655e-11,True
full,473,73,RELD_MOEL,58,6.3540549278,6.354054927825928,2.5927704427886056e-11,True
full,473,73,RELD_MTL,58,6.491622448,6.491622447967529,3.247091484581688e-11,True
full,471,73,RELD_MOEL,58,6.8904652596,6.890465259552002,4.799804997901447e-11,True
full,471,73,RELD_MTL,58,6.9832086563,6.983208656311035,1.1034728686354356e-11,True
full,475,73,RELD_MOEL,58,9.2607831955,9.260783195495605,4.39470682067622e-12,True
full,475,73,RELD_MTL,58,9.212677002,9.212677001953125,4.687450427809381e-11,True
full,479,73,RELD_MOEL,58,13.16588974,13.165889739990234,9.766409903022577e-12,True
full,479,73,RELD_MTL,58,13.1666498184,13.16664981842041,2.0410340084708878e-11,True
full,472,73,RELD_MOEL,58,9.167755127,9.167755126953125,4.687450427809381e-11,True
full,472,73,RELD_MTL,58,9.628528595,9.628528594970703,2.929745335222833e-11,True
full,464,73,RELD_MOEL,58,11.3015575409,11.301557540893555,6.444622613344109e-12,True
full,464,73,RELD_MTL,58,11.5770101547,11.577010154724121,2.4121149522216e-11,True
full,461,73,RELD_MOEL,58,9.9882450104,9.988245010375977,2.4023449896048987e-11,True
full,461,73,RELD_MTL,58,10.0754299164,10.075429916381836,1.816324868286756e-11,True
full,460,73,RELD_MOEL,58,11.6084489822,11.60844898223877,3.8768988019910466e-11,True
full,460,73,RELD_MTL,58,11.4959793091,11.495979309082031,1.7969625787372934e-11,True
full,476,73,RELD_MOEL,58,8.0891685486,8.089168548583984,1.6015633264032658e-11,True
full,476,73,RELD_MTL,58,7.9518222809,7.951822280883789,1.6211032516366686e-11,True
full,477,73,RELD_MOEL,58,6.6840209961,6.68402099609375,6.250111539429781e-12,True
full,477,73,RELD_MTL,58,6.8002758026,6.800275802612305,1.2304823826525535e-11,True
full,474,73,RELD_MOEL,58,6.830619812,6.830619812011719,1.1718626069523452e-11,True
full,474,73,RELD_MTL,58,6.6801805496,6.680180549621582,2.1581847420293343e-11,True
full,467,73,RELD_MOEL,58,6.5167169571,6.516716957092285,7.714717753515288e-12,True
full,467,73,RELD_MTL,58,6.621843338,6.621843338012695,1.269562233119359e-11,True
full,463,73,RELD_MOEL,58,12.5153312683,12.515331268310547,1.0546230555519287e-11,True
full,463,73,RELD_MTL,58,12.4566774368,12.456677436828613,2.8613555969059234e-11,True
full,462,73,RELD_MOEL,58,11.0273170471,11.02731704711914,1.91402449445377e-11,True
full,462,73,RELD_MTL,58,10.9348268509,10.934826850891113,8.887113267519453e-12,True
full,495,74,RELD_MOEL,59,8.9597158432,8.959715843200684,6.838973831690964e-13,True
full,495,74,RELD_MTL,59,9.0804958344,9.080495834350586,4.941469455843617e-11,True
full,492,74,RELD_MOEL,59,12.0895404816,12.089540481567383,3.26174642850674e-11,True
full,492,74,RELD_MTL,59,11.8453245163,11.845324516296387,3.6131098113401094e-12,True
full,481,74,RELD_MOEL,59,10.2601852417,10.260185241699219,7.815970093361102e-13,True
full,481,74,RELD_MTL,59,10.2368516922,10.236851692199707,2.9309887850104133e-13,True
full,493,74,RELD_MOEL,59,7.6133933067,7.613393306732178,3.217781596731584e-11,True
full,493,74,RELD_MTL,59,7.5852222443,7.585222244262695,3.730438180582496e-11,True
full,485,74,RELD_MOEL,59,11.592130661,11.592130661010742,1.0741629807853315e-11,True
full,485,74,RELD_MTL,59,11.5857400894,11.585740089416504,1.6504131394867727e-11,True
full,497,74,RELD_MOEL,59,8.6080150604,8.608015060424805,2.4805046905385097e-11,True
full,497,74,RELD_MTL,59,9.1061668396,9.10616683959961,3.907985046680551e-13,True
full,489,74,RELD_MOEL,59,9.3772554398,9.3772554397583,4.169997680492088e-11,True
full,489,74,RELD_MTL,59,9.1128082275,9.112808227539062,3.906208689841151e-11,True
full,498,74,RELD_MOEL,59,9.442193985,9.442193984985352,1.4647838497694465e-11,True
full,498,74,RELD_MTL,59,10.0681676865,10.068167686462402,3.75983688627457e-11,True
full,499,74,RELD_MOEL,59,7.7410573959,7.741057395935059,3.505817858240334e-11,True
full,499,74,RELD_MTL,59,7.6333150864,7.633315086364746,3.525357783473737e-11,True
full,490,74,RELD_MOEL,59,8.5805168152,8.580516815185547,1.4452439245360438e-11,True
full,490,74,RELD_MTL,59,7.6664400101,7.666440010070801,2.919886554764162e-11,True
full,494,74,RELD_MOEL,59,11.5696048737,11.569604873657227,4.277289633591863e-11,True
full,494,74,RELD_MTL,59,11.4406719208,11.440671920776367,2.3632651391380932e-11,True
full,486,74,RELD_MOEL,59,10.9126424789,10.912642478942871,4.2870595962085645e-11,True
full,486,74,RELD_MTL,59,11.0059165955,11.005916595458984,4.101607942175178e-11,True
full,488,74,RELD_MOEL,59,11.4237709045,11.423770904541016,4.101607942175178e-11,True
full,488,74,RELD_MTL,59,11.3322029114,11.332202911376953,2.304645363437885e-11,True
full,487,74,RELD_MOEL,59,9.5539894104,9.55398941040039,3.907985046680551e-13,True
full,487,74,RELD_MTL,59,9.6076698303,9.607669830322266,2.226485662504274e-11,True
full,483,74,RELD_MOEL,59,10.6432857513,10.643285751342773,4.277289633591863e-11,True
full,483,74,RELD_MTL,59,10.7262811661,10.72628116607666,2.333955251287989e-11,True
full,484,74,RELD_MOEL,59,9.8617305756,9.861730575561523,3.8475889141409425e-11,True
full,484,74,RELD_MTL,59,9.6981077194,9.698107719421387,2.1387336346379016e-11,True
full,491,74,RELD_MOEL,59,13.7488422394,13.748842239379883,2.0117241206207837e-11,True
full,491,74,RELD_MTL,59,13.8137226105,13.813722610473633,2.6366464567217918e-11,True
full,480,74,RELD_MOEL,59,12.3424253464,12.342425346374512,2.5488944288554194e-11,True
full,480,74,RELD_MTL,59,12.290145874,12.290145874023438,2.3437252139046905e-11,True
full,482,74,RELD_MOEL,59,9.1281709671,9.12817096710205,2.049915792667889e-12,True
full,482,74,RELD_MTL,59,8.8787002563,8.878700256347656,4.765610128742992e-11,True
full,496,74,RELD_MOEL,59,11.2771024704,11.27710247039795,2.049915792667889e-12,True
full,496,74,RELD_MTL,59,11.3708267212,11.370826721191406,8.594014389018412e-12,True
full,512,75,RELD_MOEL,60,11.6907739639,11.690773963928223,2.822275746439118e-11,True
full,512,75,RELD_MTL,60,11.6793270111,11.679327011108398,8.398615136684384e-12,True
full,502,75,RELD_MOEL,60,11.8413982391,11.841398239135742,3.574207596557244e-11,True
full,502,75,RELD_MTL,60,12.2416782379,12.241678237915039,1.503863700236252e-11,True
full,503,75,RELD_MOEL,60,11.1397609711,11.139760971069336,3.0663471761727124e-11,True
full,503,75,RELD_MTL,60,11.1996879578,11.199687957763672,3.632827372257452e-11,True
full,518,75,RELD_MOEL,60,8.8630514145,8.863051414489746,1.0253131677018246e-11,True
full,518,75,RELD_MTL,60,8.6145830154,8.614583015441895,4.189537605725491e-11,True
full,519,75,RELD_MOEL,60,10.8264026642,10.82640266418457,1.5429435507030576e-11,True
full,519,75,RELD_MTL,60,11.1138944626,11.11389446258545,1.4550138871527452e-11,True
full,500,75,RELD_MOEL,60,14.1165781021,14.116578102111816,1.1816325695690466e-11,True
full,500,75,RELD_MTL,60,13.8106708527,13.810670852661133,3.886668764607748e-11,True
full,507,75,RELD_MOEL,60,8.5294370651,8.529437065124512,2.4511948026884056e-11,True
full,507,75,RELD_MTL,60,8.5635509491,8.56355094909668,3.320010932839068e-12,True
full,501,75,RELD_MOEL,60,12.3537769318,12.353776931762695,3.730526998424466e-11,True
full,501,75,RELD_MTL,60,12.4179677963,12.417967796325684,2.568434354088822e-11,True
full,504,75,RELD_MOEL,60,8.1397333145,8.13973331451416,1.4159340366859396e-11,True
full,504,75,RELD_MTL,60,8.0776100159,8.07761001586914,3.085887101406115e-11,True
full,505,75,RELD_MOEL,60,12.4474163055,12.447416305541992,4.199129932658252e-11,True
full,505,75,RELD_MTL,60,11.2210445404,11.221044540405273,5.274003456179344e-12,True
full,517,75,RELD_MOEL,60,11.5692224503,11.569222450256348,4.3652192971421755e-11,True
full,517,75,RELD_MTL,60,11.6577453613,11.657745361328125,2.8125057838224166e-11,True
full,515,75,RELD_MOEL,60,8.6636371613,8.663637161254883,4.511768736392696e-11,True
full,515,75,RELD_MTL,60,8.4846429825,8.48464298248291,1.709032915186981e-11,True
full,514,75,RELD_MOEL,60,13.2715435028,13.271543502807617,7.617018127348274e-12,True
full,514,75,RELD_MTL,60,14.4410743713,14.44107437133789,3.789146774124674e-11,True
full,513,75,RELD_MOEL,60,12.0728616714,12.072861671447754,4.7753800913596933e-11,True
full,513,75,RELD_MTL,60,12.0058822632,12.005882263183594,1.6406431768700713e-11,True
full,509,75,RELD_MOEL,60,11.3372964859,11.337296485900879,8.79296635503124e-13,True
full,509,75,RELD_MTL,60,12.3433952332,12.343395233154297,4.5703885120929044e-11,True
full,516,75,RELD_MOEL,60,9.3629741669,9.362974166870117,2.9883651109230414e-11,True
full,516,75,RELD_MTL,60,9.1882753372,9.188275337219238,1.9237944570704713e-11,True
full,511,75,RELD_MOEL,60,10.6628093719,10.662809371948242,4.8242299044432e-11,True
full,511,75,RELD_MTL,60,10.8157052994,10.815705299377441,2.255795550354378e-11,True
full,506,75,RELD_MOEL,60,9.7099437714,9.709943771362305,3.7696068488912715e-11,True
full,506,75,RELD_MTL,60,9.6541585922,9.654158592224121,2.4121149522216e-11,True
full,510,75,RELD_MOEL,60,9.3846588135,9.384658813476562,2.3437252139046905e-11,True
full,510,75,RELD_MTL,60,9.8372097015,9.837209701538086,3.808509063674137e-11,True
full,508,75,RELD_MOEL,60,14.7442407608,14.744240760803223,3.2223113066720543e-12,True
full,508,75,RELD_MTL,60,14.1256971359,14.125697135925293,2.5293545036220166e-11,True
full,520,76,RELD_MOEL,60,10.3317947388,10.331794738769531,3.0468072509393096e-11,True
full,520,76,RELD_MTL,60,10.0187368393,10.018736839294434,5.567102334680385e-12,True
full,524,76,RELD_MOEL,60,8.1939287186,8.193928718566895,3.310596241590247e-11,True
full,524,76,RELD_MTL,60,8.2319021225,8.231902122497559,2.440714297335944e-12,True
full,530,76,RELD_MOEL,60,9.1969642639,9.196964263916016,1.6015633264032658e-11,True
full,530,76,RELD_MTL,60,9.3121910095,9.312191009521484,2.148503597254603e-11,True
full,537,76,RELD_MOEL,60,8.7305908203,8.7305908203125,1.2500223078859563e-11,True
full,537,76,RELD_MTL,60,8.1875429153,8.187542915344238,4.423839072842384e-11,True
full,534,76,RELD_MOEL,60,14.3863563538,14.386356353759766,4.023448241241567e-11,True
full,534,76,RELD_MTL,60,14.4227790833,14.422779083251953,4.8046899792097975e-11,True
full,529,76,RELD_MOEL,60,9.2155265808,9.215526580810547,1.0546230555519287e-11,True
full,529,76,RELD_MTL,60,9.1442222595,9.144222259521484,2.148503597254603e-11,True
full,521,76,RELD_MOEL,60,13.626742363,13.626742362976074,2.3925750269881974e-11,True
full,521,76,RELD_MTL,60,14.1021032333,14.102103233337402,3.7402969610411674e-11,True
full,532,76,RELD_MOEL,60,4.6589183807,4.658918380737305,3.730438180582496e-11,True
full,532,76,RELD_MTL,60,4.56432724,4.564327239990234,9.765521724602877e-12,True
full,526,76,RELD_MOEL,60,13.3622989655,13.362298965454102,4.589928437326307e-11,True
full,526,76,RELD_MTL,60,12.5113296509,12.511329650878906,2.1094237467877974e-11,True
full,528,76,RELD_MOEL,60,12.7689657211,12.768965721130371,3.037037288322608e-11,True
full,528,76,RELD_MTL,60,10.4921350479,10.492135047912598,1.2597922705026576e-11,True
full,536,76,RELD_MOEL,60,12.5383930206,12.538393020629883,2.9883651109230414e-11,True
full,536,76,RELD_MTL,60,11.5208320618,11.520832061767578,3.242206503273337e-11,True
full,533,76,RELD_MOEL,60,7.889093399,7.889093399047852,4.785150053976395e-11,True
full,533,76,RELD_MTL,60,8.1492557526,8.149255752563477,3.652367297490855e-11,True
full,535,76,RELD_MOEL,60,12.6201162338,12.620116233825684,2.568434354088822e-11,True
full,535,76,RELD_MTL,60,12.6806678772,12.680667877197266,2.7338131758369855e-12,True
full,538,76,RELD_MOEL,60,14.653096199,14.653096199035645,3.5644376339405426e-11,True
full,538,76,RELD_MTL,60,14.7848243713,14.78482437133789,3.789146774124674e-11,True
full,527,76,RELD_MOEL,60,13.2958564758,13.295856475830078,3.007727400472504e-11,True
full,527,76,RELD_MTL,60,13.5571899414,13.55718994140625,6.249223361010081e-12,True
full,525,76,RELD_MOEL,60,9.9006881714,9.900688171386719,1.3281820088195673e-11,True
full,525,76,RELD_MTL,60,10.6319065094,10.631906509399414,5.861977570020827e-13,True
full,523,76,RELD_MOEL,60,6.7616043091,6.761604309082031,1.7968737608953234e-11,True
full,523,76,RELD_MTL,60,6.7782173157,6.778217315673828,2.617195349330359e-11,True
full,531,76,RELD_MOEL,60,11.6268196106,11.626819610595703,4.297007194509206e-12,True
full,531,76,RELD_MTL,60,11.7082557678,11.708255767822266,2.226485662504274e-11,True
full,539,76,RELD_MOEL,60,10.9124517441,10.91245174407959,2.0410340084708878e-11,True
full,539,76,RELD_MTL,60,11.0304908752,11.03049087524414,4.4140691102256824e-11,True
full,522,76,RELD_MOEL,60,11.8462638855,11.846263885498047,1.9539925233402755e-12,True
full,522,76,RELD_MTL,60,12.0218353271,12.021835327148438,4.843769829676603e-11,True
full,550,77,RELD_MOEL,61,9.3729743958,9.372974395751953,4.8046899792097975e-11,True
full,550,77,RELD_MTL,61,9.7786808014,9.778680801391602,8.398615136684384e-12,True
full,552,77,RELD_MOEL,61,11.0064401627,11.006440162658691,4.1309178300252825e-11,True
full,552,77,RELD_MTL,61,10.2445297241,10.244529724121094,2.1094237467877974e-11,True
full,544,77,RELD_MOEL,61,12.1470117569,12.147011756896973,3.0269120543380268e-12,True
full,544,77,RELD_MTL,61,12.4129371643,12.41293716430664,6.640021865678136e-12,True
full,547,77,RELD_MOEL,61,11.8854045868,11.885404586791992,8.007816632016329e-12,True
full,547,77,RELD_MTL,61,11.9838314056,11.983831405639648,3.964828465541359e-11,True
full,558,77,RELD_MOEL,61,9.2998790741,9.29987907409668,3.320010932839068e-12,True
full,558,77,RELD_MTL,61,8.921833992,8.921833992004395,4.39470682067622e-12,True
full,542,77,RELD_MOEL,61,11.5677261353,11.567726135253906,4.60929072687577e-11,True
full,542,77,RELD_MTL,61,11.7941303253,11.794130325317383,1.738342803037085e-11,True
full,549,77,RELD_MOEL,61,14.2977113724,14.297711372375488,2.4511948026884056e-11,True
full,549,77,RELD_MTL,61,13.9530496597,13.953049659729004,2.900435447372729e-11,True
full,559,77,RELD_MOEL,61,11.9822807312,11.982280731201172,1.1723955140041653e-12,True
full,559,77,RELD_MTL,61,12.7664670944,12.766467094421387,2.1387336346379016e-11,True
full,545,77,RELD_MOEL,61,7.8009972572,7.800997257232666,3.2666314098150906e-11,True
full,545,77,RELD_MTL,61,7.711247921,7.71124792098999,1.0009770790020411e-11,True
full,548,77,RELD_MOEL,61,9.2975444794,9.297544479370117,2.9883651109230414e-11,True
full,548,77,RELD_MTL,61,9.4130783081,9.413078308105469,5.469402708513371e-12,True
full,555,77,RELD_MOEL,61,9.6764469147,9.676446914672852,2.7148061576554028e-11,True
full,555,77,RELD_MTL,61,9.7361030579,9.736103057861328,3.867128839374345e-11,True
full,551,77,RELD_MOEL,61,10.1243753433,10.124375343322754,2.2753354755877808e-11,True
full,551,77,RELD_MTL,61,10.6889028549,10.688902854919434,1.943334382303874e-11,True
full,553,77,RELD_MOEL,61,12.5637569427,12.563756942749023,4.902389605376811e-11,True
full,553,77,RELD_MTL,61,12.5936613083,12.593661308288574,1.1425527191022411e-11,True
full,543,77,RELD_MOEL,61,8.6223068237,8.622306823730469,3.0468072509393096e-11,True
full,543,77,RELD_MTL,61,8.5377044678,8.537704467773438,2.6561863819551945e-11,True
full,541,77,RELD_MOEL,61,12.6950044632,12.6950044631958,4.199307568342192e-12,True
full,541,77,RELD_MTL,61,12.836227417,12.836227416992188,7.812417379682302e-12,True
full,556,77,RELD_MOEL,61,12.3532190323,12.353219032287598,1.2402523452692549e-11,True
full,556,77,RELD_MTL,61,12.3505992889,12.35059928894043,4.04298816647497e-11,True
full,554,77,RELD_MOEL,61,13.647069931,13.647069931030273,3.027267325705907e-11,True
full,554,77,RELD_MTL,61,13.4554176331,13.45541763305664,4.3359094092920714e-11,True
full,557,77,RELD_MOEL,61,8.0202617645,8.020261764526367,2.6366464567217918e-11,True
full,557,77,RELD_MTL,61,7.8874979019,7.887497901916504,1.6504131394867727e-11,True
full,546,77,RELD_MOEL,61,9.7037773132,9.703777313232422,3.242206503273337e-11,True
full,546,77,RELD_MTL,61,9.8146352768,9.814635276794434,5.567102334680385e-12,True
full,540,77,RELD_MOEL,61,11.7793083191,11.779308319091797,8.203215884350357e-12,True
full,540,77,RELD_MTL,61,11.8274736404,11.827473640441895,4.189537605725491e-11,True
full,577,78,RELD_MOEL,62,11.1944923401,11.19449234008789,1.2109424574191507e-11,True
full,577,78,RELD_MTL,62,11.1538324356,11.15383243560791,7.910117005849315e-12,True
full,562,78,RELD_MOEL,62,13.6896276474,13.689627647399902,9.769962616701378e-14,True
full,562,78,RELD_MTL,62,13.3657693863,13.365769386291504,8.496314762851398e-12,True
full,573,78,RELD_MOEL,62,8.4484233856,8.448423385620117,2.0117241206207837e-11,True
full,573,78,RELD_MTL,62,8.4703178406,8.470317840576172,2.382805064371496e-11,True
full,569,78,RELD_MOEL,62,8.9383125305,8.938312530517578,1.757882728270488e-11,True
full,569,78,RELD_MTL,62,8.9926280975,8.99262809753418,3.417888194690022e-11,True
full,570,78,RELD_MOEL,62,8.5998096466,8.599809646606445,6.444622613344109e-12,True
full,570,78,RELD_MTL,62,8.7012615204,8.701261520385742,1.425703999302641e-11,True
full,572,78,RELD_MOEL,62,10.8548641205,10.854864120483398,1.660183102103474e-11,True
full,572,78,RELD_MTL,62,8.7700996399,8.770099639892578,7.421618875014246e-12,True
full,566,78,RELD_MOEL,62,8.4860124588,8.48601245880127,1.270095140171179e-12,True
full,566,78,RELD_MTL,62,9.020655632,9.020655632019043,1.9042545318370685e-11,True
full,565,78,RELD_MOEL,62,9.7110385895,9.711038589477539,2.2460255877376767e-11,True
full,565,78,RELD_MTL,62,9.1668987274,9.166898727416992,1.6992629525702796e-11,True
full,574,78,RELD_MOEL,62,13.0515651703,13.051565170288086,1.191402532185748e-11,True
full,574,78,RELD_MTL,62,13.3365373611,13.33653736114502,4.501998773775995e-11,True
full,571,78,RELD_MOEL,62,8.608007431,8.608007431030273,3.027267325705907e-11,True
full,571,78,RELD_MTL,62,8.7339477539,8.73394775390625,6.249223361010081e-12,True
full,560,78,RELD_MOEL,62,6.2614207268,6.261420726776123,2.3876900456798467e-11,True
full,560,78,RELD_MTL,62,6.0909314156,6.090931415557861,4.213873694425274e-11,True
full,579,78,RELD_MOEL,62,9.3104057312,9.310405731201172,1.1723955140041653e-12,True
full,579,78,RELD_MTL,62,9.0840625763,9.084062576293945,6.0538241086760536e-12,True
full,576,78,RELD_MOEL,62,7.8199748993,7.819974899291992,8.007816632016329e-12,True
full,576,78,RELD_MTL,62,7.8118343353,7.811834335327148,2.7148061576554028e-11,True
full,563,78,RELD_MOEL,62,10.60841465,10.608414649963379,3.6621372601075564e-11,True
full,563,78,RELD_MTL,62,10.7647228241,10.76472282409668,3.320010932839068e-12,True
full,561,78,RELD_MOEL,62,6.618144989,6.618144989013672,1.3671730414444028e-11,True
full,561,78,RELD_MTL,62,6.6820855141,6.6820855140686035,3.139621895797973e-11,True
full,568,78,RELD_MOEL,62,10.0891904831,10.089190483093262,6.73772149184515e-12,True
full,568,78,RELD_MTL,62,10.3980960846,10.398096084594727,5.274003456179344e-12,True
full,578,78,RELD_MOEL,62,9.2472553253,9.247255325317383,1.738342803037085e-11,True
full,578,78,RELD_MTL,62,9.5249671936,9.524967193603516,3.5154101851730957e-12,True
full,567,78,RELD_MOEL,62,12.259303093,12.259303092956543,4.345679371908773e-11,True
full,567,78,RELD_MTL,62,12.610578537,12.610578536987305,1.269562233119359e-11,True
full,564,78,RELD_MOEL,62,10.4682064056,10.468206405639648,3.964828465541359e-11,True
full,564,78,RELD_MTL,62,10.4700403214,10.470040321350098,4.9903192689271236e-11,True
full,575,78,RELD_MOEL,62,10.714184761,10.714184761047363,4.736300240892888e-11,True
full,575,78,RELD_MTL,62,10.7545948029,10.754594802856445,4.355449334525474e-11,True
full,586,79,RELD_MOEL,63,13.748087883,13.748087882995605,4.39470682067622e-12,True
full,586,79,RELD_MTL,63,13.65625,13.65625,0.0,True
full,596,79,RELD_MOEL,63,11.0772199631,11.07721996307373,2.6268764941050904e-11,True
full,596,79,RELD_MTL,63,11.2965126038,11.296512603759766,4.023448241241567e-11,True
full,585,79,RELD_MOEL,63,13.6526508331,13.652650833129883,2.9883651109230414e-11,True
full,585,79,RELD_MTL,63,13.976556778,13.976556777954102,4.589928437326307e-11,True
full,594,79,RELD_MOEL,63,7.3929305077,7.392930507659912,4.008793297316515e-11,True
full,594,79,RELD_MTL,63,7.4905190468,7.490519046783447,1.6552981207951234e-11,True
full,593,79,RELD_MOEL,63,9.8577880859,9.8577880859375,3.750066923657869e-11,True
full,593,79,RELD_MTL,63,9.6126041412,9.612604141235352,3.5351277460904384e-11,True
full,597,79,RELD_MOEL,63,9.9619760513,9.961976051330566,3.056577213556011e-11,True
full,597,79,RELD_MTL,63,9.8616828918,9.861682891845703,4.5703885120929044e-11,True
full,591,79,RELD_MOEL,63,8.3392276764,8.339227676391602,8.398615136684384e-12,True
full,591,79,RELD_MTL,63,7.9635949135,7.963594913482666,1.7333690038867644e-11,True
full,598,79,RELD_MOEL,63,14.660610199,14.66061019897461,2.539124466238718e-11,True
full,598,79,RELD_MTL,63,15.0243196487,15.024319648742676,4.267519670975162e-11,True
full,592,79,RELD_MOEL,63,11.255569458,11.255569458007812,7.812417379682302e-12,True
full,592,79,RELD_MTL,63,11.171713829,11.171713829040527,4.0527581290916714e-11,True
full,590,79,RELD_MOEL,63,12.9756793976,12.975679397583008,1.6992629525702796e-11,True
full,590,79,RELD_MTL,63,12.7628669739,12.762866973876953,2.304645363437885e-11,True
full,589,79,RELD_MOEL,63,14.3180999756,14.318099975585938,1.4061640740692383e-11,True
full,589,79,RELD_MTL,63,14.4357032776,14.43570327758789,1.2109424574191507e-11,True
full,599,79,RELD_MOEL,63,11.2952108383,11.295210838317871,1.787192616120592e-11,True
full,599,79,RELD_MTL,63,11.5959320068,11.595932006835938,3.593747521790647e-11,True
full,587,79,RELD_MOEL,63,10.4798564911,10.479856491088867,1.113242831252137e-11,True
full,587,79,RELD_MTL,63,10.5835561752,10.583556175231934,3.19335669018983e-11,True
full,582,79,RELD_MOEL,63,12.9231929779,12.923192977905273,5.274003456179344e-12,True
full,582,79,RELD_MTL,63,13.0281066895,13.028106689453125,4.687450427809381e-11,True
full,583,79,RELD_MOEL,63,15.4480304718,15.448030471801758,1.758593271006248e-12,True
full,583,79,RELD_MTL,63,14.6959238052,14.695923805236816,3.681677185340959e-11,True
full,584,79,RELD_MOEL,63,9.8753423691,9.87534236907959,2.0410340084708878e-11,True
full,584,79,RELD_MTL,63,10.3628234863,10.362823486328125,2.8125057838224166e-11,True
full,588,79,RELD_MOEL,63,8.4574241638,8.45742416381836,1.835864793520159e-11,True
full,588,79,RELD_MTL,63,8.205532074,8.20553207397461,2.539124466238718e-11,True
full,595,79,RELD_MOEL,63,14.9530735016,14.953073501586914,1.3086420835861645e-11,True
full,595,79,RELD_MTL,63,15.0417947769,15.041794776916504,1.6504131394867727e-11,True
full,580,79,RELD_MOEL,63,16.2177066803,16.21770668029785,2.149391775674303e-12,True
full,580,79,RELD_MTL,63,15.9589967728,15.958996772766113,3.388755942523858e-11,True
full,581,79,RELD_MOEL,63,16.4116039276,16.411603927612305,1.2303047469686135e-11,True
full,581,79,RELD_MTL,63,15.9497108459,15.949710845947266,4.7265302782761864e-11,True
full,606,80,RELD_MOEL,64,9.9775276184,9.977527618408203,8.203215884350357e-12,True
full,606,80,RELD_MTL,64,10.1397562027,10.139756202697754,2.2453150450019166e-12,True
full,617,80,RELD_MOEL,64,8.2215156555,8.221515655517578,1.757882728270488e-11,True
full,617,80,RELD_MTL,64,7.6725721359,7.672572135925293,2.5292656857800466e-11,True
full,613,80,RELD_MOEL,64,12.7502117157,12.750211715698242,1.758593271006248e-12,True
full,613,80,RELD_MTL,64,12.6665382385,12.66653823852539,2.539124466238718e-11,True
full,612,80,RELD_MOEL,64,11.5677604675,11.567760467529297,2.929745335222833e-11,True
full,612,80,RELD_MTL,64,11.6144142151,11.61441421508789,1.2109424574191507e-11,True
full,607,80,RELD_MOEL,64,7.5528669357,7.5528669357299805,2.998046255697773e-11,True
full,607,80,RELD_MTL,64,7.4027452469,7.402745246887207,1.2793321957360604e-11,True
full,614,80,RELD_MOEL,64,9.2561225891,9.256122589111328,1.1327827564855397e-11,True
full,614,80,RELD_MTL,64,9.121427536,9.121427536010742,1.0741629807853315e-11,True
full,611,80,RELD_MOEL,64,15.2739572525,15.273957252502441,2.440714297335944e-12,True
full,611,80,RELD_MTL,64,14.8165550232,14.81655502319336,6.640021865678136e-12,True
full,608,80,RELD_MOEL,64,15.2493085861,15.249308586120605,2.0605739337042905e-11,True
full,608,80,RELD_MTL,64,14.7861776352,14.786177635192871,7.128519996513205e-12,True
full,609,80,RELD_MOEL,64,8.7605400085,8.760540008544922,4.4922288111592934e-11,True
full,609,80,RELD_MTL,64,8.6756706238,8.675670623779297,2.070343896320992e-11,True
full,619,80,RELD_MOEL,64,11.0025138855,11.002513885498047,1.9539925233402755e-12,True
full,619,80,RELD_MTL,64,10.8687334061,10.868733406066895,3.310596241590247e-11,True
full,605,80,RELD_MOEL,64,12.6941175461,12.694117546081543,1.8456347561368602e-11,True
full,605,80,RELD_MTL,64,12.45054245,12.450542449951172,4.8828496801434085e-11,True
full,610,80,RELD_MOEL,64,9.3628845215,9.362884521484375,1.5624834759364603e-11,True
full,610,80,RELD_MTL,64,9.4304676056,9.43046760559082,9.180212146020494e-12,True
full,615,80,RELD_MOEL,64,14.0109939575,14.010993957519531,1.9531043449205754e-11,True
full,615,80,RELD_MTL,64,14.6195707321,14.6195707321167,1.6699530647201755e-11,True
full,601,80,RELD_MOEL,64,11.9989423752,11.998942375183105,1.6894929899535782e-11,True
full,601,80,RELD_MTL,64,11.971241951,11.97124195098877,1.1230127938688383e-11,True
full,602,80,RELD_MOEL,64,11.6965179443,11.696517944335938,3.593747521790647e-11,True
full,602,80,RELD_MTL,64,11.7545547485,11.754554748535156,3.515587820857036e-11,True
full,618,80,RELD_MOEL,64,16.3104496002,16.310449600219727,1.9728219058379182e-11,True
full,618,80,RELD_MTL,64,17.2608261108,17.260826110839844,3.984368390774762e-11,True
full,600,80,RELD_MOEL,64,12.2378883362,12.23788833618164,1.835864793520159e-11,True
full,600,80,RELD_MTL,64,11.7979335785,11.797933578491211,8.78941364135244e-12,True
full,616,80,RELD_MOEL,64,14.0992050171,14.099205017089844,1.0155432050851232e-11,True
full,616,80,RELD_MTL,64,13.6388292313,13.638829231262207,3.779376811507973e-11,True
full,604,80,RELD_MOEL,64,14.1856994629,14.185699462890625,9.375611398354522e-12,True
full,604,80,RELD_MTL,64,14.3079690933,14.307969093322754,2.2753354755877808e-11,True
full,603,80,RELD_MOEL,64,10.5983600616,10.598360061645508,4.5508485868595017e-11,True
full,603,80,RELD_MTL,64,11.280632019,11.280632019042969,4.296829558825266e-11,True
full,638,81,RELD_MOEL,64,10.2909936905,10.290993690490723,9.277911772187508e-12,True
full,638,81,RELD_MTL,64,10.0747613907,10.074761390686035,1.3965717471364769e-11,True
full,623,81,RELD_MOEL,64,12.4922008514,12.49220085144043,4.04298816647497e-11,True
full,623,81,RELD_MTL,64,12.655497551,12.655497550964355,3.5644376339405426e-11,True
full,625,81,RELD_MOEL,64,9.5807323456,9.580732345581055,1.894484569220367e-11,True
full,625,81,RELD_MTL,64,8.9876174927,8.987617492675781,2.4218849148383015e-11,True
full,629,81,RELD_MOEL,64,14.9506034851,14.950603485107422,7.421618875014246e-12,True
full,629,81,RELD_MTL,64,14.8917217255,14.891721725463867,3.6132874470240495e-11,True
full,630,81,RELD_MOEL,64,11.631814003,11.631814002990723,9.277911772187508e-12,True
full,630,81,RELD_MTL,64,11.4945487976,11.494548797607422,7.421618875014246e-12,True
full,632,81,RELD_MOEL,64,7.3168945312,7.31689453125,5.000000413701855e-11,True
full,632,81,RELD_MTL,64,6.9607343674,6.9607343673706055,2.9394264799975645e-11,True
full,624,81,RELD_MOEL,64,7.9656014442,7.965601444244385,4.438494016767436e-11,True
full,624,81,RELD_MTL,64,8.239900589,8.239900588989258,1.0741629807853315e-11,True
full,636,81,RELD_MOEL,64,9.9297866821,9.929786682128906,2.8906654847560276e-11,True
full,636,81,RELD_MTL,64,9.931968689,9.931968688964844,3.515587820857036e-11,True
full,620,81,RELD_MOEL,64,15.4451751709,15.445175170898438,1.5631940186722204e-12,True
full,620,81,RELD_MTL,64,15.5158319473,15.51583194732666,2.665956344571896e-11,True
full,621,81,RELD_MOEL,64,9.2868099213,9.286809921264648,3.5351277460904384e-11,True
full,621,81,RELD_MTL,64,9.7271575928,9.727157592773438,2.6561863819551945e-11,True
full,622,81,RELD_MOEL,64,10.3967819214,10.396781921386719,1.3281820088195673e-11,True
full,622,81,RELD_MTL,64,10.2875204086,10.287520408630371,3.037037288322608e-11,True
full,635,81,RELD_MOEL,64,8.7018451691,8.701845169067383,3.26174642850674e-11,True
full,635,81,RELD_MTL,64,8.5095844269,8.509584426879883,2.0117241206207837e-11,True
full,634,81,RELD_MOEL,64,11.4467411041,11.446741104125977,2.5977442419389263e-11,True
full,634,81,RELD_MTL,64,11.3737945557,11.373794555664062,3.593747521790647e-11,True
full,627,81,RELD_MOEL,64,10.8227825165,10.822782516479492,2.050803971087589e-11,True
full,627,81,RELD_MTL,64,11.269865036,11.269865036010742,1.0741629807853315e-11,True
full,631,81,RELD_MOEL,64,11.3084554672,11.308455467224121,2.4121149522216e-11,True
full,631,81,RELD_MTL,64,11.6995611191,11.69956111907959,2.0410340084708878e-11,True
full,626,81,RELD_MOEL,64,9.1564502716,9.156450271606445,6.444622613344109e-12,True
full,626,81,RELD_MTL,64,9.5067367554,9.506736755371094,2.8906654847560276e-11,True
full,628,81,RELD_MOEL,64,11.3745098114,11.374509811401367,1.3677947663381929e-12,True
full,628,81,RELD_MTL,64,11.219042778,11.219042778015137,1.5136336628529534e-11,True
full,633,81,RELD_MOEL,64,11.2125415802,11.212541580200195,1.9539925233402755e-13,True
full,633,81,RELD_MTL,64,10.9409399033,10.940939903259277,4.072298054325074e-11,True
full,637,81,RELD_MOEL,64,15.2442064285,15.244206428527832,2.7831958959723124e-11,True
full,637,81,RELD_MTL,64,14.9961261749,14.996126174926758,2.6757263071885973e-11,True
full,639,82,RELD_MOEL,65,11.2824811935,11.28248119354248,4.247979745741759e-11,True
full,639,82,RELD_MTL,65,11.1818599701,11.181859970092773,7.226219622680219e-12,True
full,657,82,RELD_MOEL,65,11.7161579132,11.716157913208008,8.007816632016329e-12,True
full,657,82,RELD_MTL,65,11.8092288971,11.809228897094727,5.274003456179344e-12,True
full,651,82,RELD_MOEL,65,8.7126979828,8.712697982788086,1.191402532185748e-11,True
full,651,82,RELD_MTL,65,8.5858793259,8.5858793258667,3.3301361668236495e-11,True
full,645,82,RELD_MOEL,65,9.6709842682,9.670984268188477,1.1523226817189425e-11,True
full,645,82,RELD_MTL,65,9.2908401489,9.290840148925781,2.5782043167055235e-11,True
full,655,82,RELD_MOEL,65,11.168428421,11.168428421020508,2.050803971087589e-11,True
full,655,82,RELD_MTL,65,11.6801271439,11.680127143859863,4.013678278624866e-11,True
full,649,82,RELD_MOEL,65,8.1603975296,8.16039752960205,2.049915792667889e-12,True
full,649,82,RELD_MTL,65,8.0755376816,8.07553768157959,2.0410340084708878e-11,True
full,643,82,RELD_MOEL,65,13.4864215851,13.486421585083008,1.6992629525702796e-11,True
full,643,82,RELD_MTL,65,13.5568027496,13.556802749633789,3.3789859799071564e-11,True
full,640,82,RELD_MOEL,65,10.7896556854,10.789655685424805,2.4805046905385097e-11,True
full,640,82,RELD_MTL,65,10.2241516113,10.224151611328125,2.8125057838224166e-11,True
full,653,82,RELD_MOEL,65,10.7591342926,10.759134292602539,2.538413923502958e-12,True
full,653,82,RELD_MTL,65,10.5744934082,10.574493408203125,3.1246116805050406e-12,True
full,647,82,RELD_MOEL,65,12.9560337067,12.956033706665039,3.496047895623633e-11,True
full,647,82,RELD_MTL,65,13.4879741669,13.487974166870117,2.9883651109230414e-11,True
full,652,82,RELD_MOEL,65,7.8751721382,7.875172138214111,1.411137873219559e-11,True
full,652,82,RELD_MTL,65,7.7409296036,7.74092960357666,2.333955251287989e-11,True
full,641,82,RELD_MOEL,65,10.0737323761,10.073732376098633,1.3677947663381929e-12,True
full,641,82,RELD_MTL,65,9.9993228912,9.999322891235352,3.5351277460904384e-11,True
full,654,82,RELD_MOEL,65,6.7779860497,6.7779860496521,4.7900350352847454e-11,True
full,654,82,RELD_MTL,65,7.2090177536,7.209017753601074,1.0738077094174514e-12,True
full,656,82,RELD_MOEL,65,12.9439182281,12.943918228149414,4.941469455843617e-11,True
full,656,82,RELD_MTL,65,12.5612411499,12.561241149902344,2.3430146711689304e-12,True
full,644,82,RELD_MOEL,65,13.4349603653,13.43496036529541,4.590106073010247e-12,True
full,644,82,RELD_MTL,65,13.3867931366,13.38679313659668,3.320010932839068e-12,True
full,650,82,RELD_MOEL,65,7.8969020844,7.896902084350586,4.941380638001647e-11,True
full,650,82,RELD_MTL,65,7.8663644791,7.866364479064941,3.505817858240334e-11,True
full,642,82,RELD_MOEL,65,15.2254867554,15.225486755371094,2.8906654847560276e-11,True
full,642,82,RELD_MTL,65,15.4502506256,15.450250625610352,1.035083130318526e-11,True
full,648,82,RELD_MOEL,65,10.8426408768,10.84264087677002,2.998135073539743e-11,True
full,648,82,RELD_MTL,65,10.1177988052,10.117798805236816,3.681677185340959e-11,True
full,646,82,RELD_MOEL,65,10.3695545197,10.36955451965332,4.667910502575978e-11,True
full,646,82,RELD_MTL,65,10.1238002777,10.123800277709961,9.961809155356605e-12,True
full,659,83,RELD_MOEL,66,12.6651659012,12.665165901184082,1.5917933637865644e-11,True
full,659,83,RELD_MTL,66,11.945681572,11.94568157196045,3.9550585029246577e-11,True
full,669,83,RELD_MOEL,66,10.3641986847,10.364198684692383,7.617018127348274e-12,True
full,669,83,RELD_MTL,66,10.3132562637,10.31325626373291,3.291056316356844e-11,True
full,658,83,RELD_MOEL,66,13.7544536591,13.754453659057617,4.2382097831250576e-11,True
full,658,83,RELD_MTL,66,14.5770339966,14.577033996582031,1.7969625787372934e-11,True
full,670,83,RELD_MOEL,66,8.9664649963,8.96646499633789,3.789146774124674e-11,True
full,670,83,RELD_MTL,66,8.4603719711,8.460371971130371,3.037037288322608e-11,True
full,671,83,RELD_MOEL,66,13.6690349579,13.669034957885742,1.425703999302641e-11,True
full,671,83,RELD_MTL,66,13.6806488037,13.680648803710938,1.0937029060187342e-11,True
full,673,83,RELD_MOEL,66,9.4569206238,9.456920623779297,2.070343896320992e-11,True
full,673,83,RELD_MTL,66,9.3891010284,9.389101028442383,4.2382097831250576e-11,True
full,662,83,RELD_MOEL,66,12.4840135574,12.484013557434082,3.4081182320733205e-11,True
full,662,83,RELD_MTL,66,13.4050893784,13.405089378356934,4.306599521441967e-11,True
full,660,83,RELD_MOEL,66,10.3198852539,10.31988525390625,6.249223361010081e-12,True
full,660,83,RELD_MTL,66,10.4615268707,10.461526870727539,2.7538860081222083e-11,True
full,674,83,RELD_MOEL,66,15.466586113,15.466586112976074,2.3925750269881974e-11,True
full,674,83,RELD_MTL,66,15.7274980545,15.727498054504395,4.39470682067622e-12,True
full,676,83,RELD_MOEL,66,13.545343399,13.545343399047852,4.785150053976395e-11,True
full,676,83,RELD_MTL,66,13.833946228,13.833946228027344,2.7343460828888055e-11,True
full,666,83,RELD_MOEL,66,15.0292272568,15.029227256774902,2.509814578388614e-11,True
full,666,83,RELD_MTL,66,15.1745662689,15.174566268920898,2.0898838215543947e-11,True
full,665,83,RELD_MOEL,66,13.0725440979,13.07254409790039,3.907985046680551e-13,True
full,665,83,RELD_MTL,66,12.8687076569,12.868707656860352,3.964828465541359e-11,True
full,672,83,RELD_MOEL,66,15.0713853836,15.071385383605957,5.95790083934844e-12,True
full,672,83,RELD_MTL,66,15.3119888306,15.311988830566406,3.359446054673754e-11,True
full,663,83,RELD_MOEL,66,9.9250383377,9.92503833770752,7.51931850118126e-12,True
full,663,83,RELD_MTL,66,9.8694944382,9.869494438171387,2.8613555969059234e-11,True
full,675,83,RELD_MOEL,66,11.9729766846,11.972976684570312,2.9688251856896386e-11,True
full,675,83,RELD_MTL,66,12.7412910461,12.741291046142578,4.2577497083584603e-11,True
full,664,83,RELD_MOEL,66,10.75852108,10.75852108001709,1.709032915186981e-11,True
full,664,83,RELD_MTL,66,9.2271432877,9.227143287658691,4.1309178300252825e-11,True
full,668,83,RELD_MOEL,66,8.8539419174,8.853941917419434,1.943334382303874e-11,True
full,668,83,RELD_MTL,66,9.3749809265,9.374980926513672,1.3672618592863728e-11,True
full,667,83,RELD_MOEL,66,8.7329750061,8.732975006103516,3.5154101851730957e-12,True
full,667,83,RELD_MTL,66,8.4205961227,8.4205961227417,4.169997680492088e-11,True
full,661,83,RELD_MOEL,66,6.5023698807,6.5023698806762695,2.3730351017547946e-11,True
full,661,83,RELD_MTL,66,7.0623264313,7.062326431274414,2.5585755736301508e-11,True
full,685,84,RELD_MOEL,67,10.0742101669,10.074210166931152,3.115196989256219e-11,True
full,685,84,RELD_MTL,67,9.8352937698,9.835293769836426,3.6425973348741536e-11,True
full,683,84,RELD_MOEL,67,14.5879192352,14.587919235229492,2.949285260456236e-11,True
full,683,84,RELD_MTL,67,14.7235794067,14.723579406738281,3.82804898890754e-11,True
full,682,84,RELD_MOEL,67,12.2790679932,12.279067993164062,3.593747521790647e-11,True
full,682,84,RELD_MTL,67,12.4706459045,12.470645904541016,4.101607942175178e-11,True
full,694,84,RELD_MOEL,67,13.0648384094,13.064838409423828,2.382805064371496e-11,True
full,694,84,RELD_MTL,67,13.2153930664,13.21539306640625,6.249223361010081e-12,True
full,681,84,RELD_MOEL,67,11.4275541306,11.4275541305542,4.580158474709606e-11,True
full,681,84,RELD_MTL,67,11.38966465,11.389664649963379,3.6621372601075564e-11,True
full,690,84,RELD_MOEL,67,13.6291637421,13.62916374206543,3.4569680451568274e-11,True
full,690,84,RELD_MTL,67,13.4936723709,13.493672370910645,1.06439301816863e-11,True
full,684,84,RELD_MOEL,67,11.5057201385,11.505720138549805,4.980549306310422e-11,True
full,684,84,RELD_MTL,67,11.2148389816,11.214838981628418,2.8418156716725207e-11,True
full,680,84,RELD_MOEL,67,13.1293325424,13.129332542419434,1.943334382303874e-11,True
full,680,84,RELD_MTL,67,13.1036128998,13.103612899780273,1.972644270153978e-11,True
full,679,84,RELD_MOEL,67,12.4187812805,12.418781280517578,1.757882728270488e-11,True
full,679,84,RELD_MTL,67,12.3578166962,12.357816696166992,3.3008262789735454e-11,True
full,693,84,RELD_MOEL,67,7.33096838,7.330968379974365,2.5634605549385014e-11,True
full,693,84,RELD_MTL,67,6.9606122971,6.9606122970581055,4.189448787883521e-11,True
full,692,84,RELD_MOEL,67,9.6564769745,9.656476974487305,1.269562233119359e-11,True
full,692,84,RELD_MTL,67,9.6652946472,9.665294647216797,1.679723027336877e-11,True
full,687,84,RELD_MOEL,67,8.799369812,8.799369812011719,1.1718626069523452e-11,True
full,687,84,RELD_MTL,67,8.3744497299,8.374449729919434,1.943334382303874e-11,True
full,691,84,RELD_MOEL,67,12.1402721405,12.14027214050293,2.929212428171013e-12,True
full,691,84,RELD_MTL,67,11.7615232468,11.761523246765137,3.4862779330069316e-11,True
full,677,84,RELD_MOEL,67,13.7572584152,13.757258415222168,2.2167156998875726e-11,True
full,677,84,RELD_MTL,67,13.6731815338,13.673181533813477,1.34772193405297e-11,True
full,695,84,RELD_MOEL,67,9.4358730316,9.435873031616211,1.6211032516366686e-11,True
full,695,84,RELD_MTL,67,9.5044813156,9.504481315612793,1.2793321957360604e-11,True
full,678,84,RELD_MOEL,67,15.3944149017,15.394414901733398,3.339906129440351e-11,True
full,678,84,RELD_MTL,67,15.6121711731,15.612171173095703,4.297007194509206e-12,True
full,686,84,RELD_MOEL,67,10.3239154816,10.323915481567383,3.26174642850674e-11,True
full,686,84,RELD_MTL,67,10.1607055664,10.16070556640625,6.249223361010081e-12,True
full,688,84,RELD_MOEL,67,8.8802480698,8.880248069763184,3.681677185340959e-11,True
full,688,84,RELD_MTL,67,8.5703983307,8.570398330688477,1.1523226817189425e-11,True
full,689,84,RELD_MOEL,67,8.6888446808,8.688844680786133,1.3868017845197755e-11,True
full,689,84,RELD_MTL,67,9.1219940186,9.121994018554688,4.531308661626099e-11,True
full,702,85,RELD_MOEL,68,14.9015741348,14.90157413482666,2.665956344571896e-11,True
full,702,85,RELD_MTL,68,14.6642198563,14.664219856262207,3.779376811507973e-11,True
full,699,85,RELD_MOEL,68,9.4576187134,9.457618713378906,2.1094237467877974e-11,True
full,699,85,RELD_MTL,68,10.1284818649,10.1284818649292,2.919975372606132e-11,True
full,696,85,RELD_MOEL,68,12.0185785294,12.01857852935791,4.2088998952749535e-11,True
full,696,85,RELD_MTL,68,11.9295558929,11.929555892944336,4.433609035459085e-11,True
full,700,85,RELD_MOEL,68,9.5502548218,9.550254821777344,2.2655655129710794e-11,True
full,700,85,RELD_MTL,68,8.8864088058,8.886408805847168,4.716760315659485e-11,True
full,710,85,RELD_MOEL,68,12.1025247574,12.102524757385254,1.474553812386148e-11,True
full,710,85,RELD_MTL,68,11.9104824066,11.910482406616211,1.6211032516366686e-11,True
full,708,85,RELD_MOEL,68,13.3227233887,13.322723388671875,2.8125057838224166e-11,True
full,708,85,RELD_MTL,68,13.2428302765,13.242830276489258,1.0741629807853315e-11,True
full,704,85,RELD_MOEL,68,12.6206407547,12.620640754699707,2.9309887850104133e-13,True
full,704,85,RELD_MTL,68,13.1588745117,13.15887451171875,1.8749446439869644e-11,True
full,714,85,RELD_MOEL,68,15.4094924927,15.409492492675781,2.4218849148383015e-11,True
full,714,85,RELD_MTL,68,15.3582391739,15.35823917388916,1.0839329434020328e-11,True
full,706,85,RELD_MOEL,68,8.427772522,8.427772521972656,2.7343460828888055e-11,True
full,706,85,RELD_MTL,68,8.3182125092,8.318212509155273,4.4726888859258906e-11,True
full,709,85,RELD_MOEL,68,9.3055200577,9.305520057678223,2.177813485104707e-11,True
full,709,85,RELD_MTL,68,8.9478549957,8.947854995727539,2.7538860081222083e-11,True
full,701,85,RELD_MOEL,68,8.9712114334,8.971211433410645,1.06439301816863e-11,True
full,701,85,RELD_MTL,68,8.8414907455,8.841490745544434,4.4433789980757865e-11,True
full,707,85,RELD_MOEL,68,13.3386459351,13.338645935058594,4.140687792641984e-11,True
full,707,85,RELD_MTL,68,13.0947551727,13.094755172729492,2.949285260456236e-11,True
full,703,85,RELD_MOEL,68,11.2892627716,11.289262771606445,6.444622613344109e-12,True
full,703,85,RELD_MTL,68,11.053232193,11.053232192993164,6.835421118012164e-12,True
full,697,85,RELD_MOEL,68,13.4773416519,13.477341651916504,1.6504131394867727e-11,True
full,697,85,RELD_MTL,68,13.3829069138,13.382906913757324,4.267519670975162e-11,True
full,698,85,RELD_MOEL,68,6.2231926918,6.2231926918029785,2.97895041967422e-12,True
full,698,85,RELD_MTL,68,6.1410903931,6.141090393066406,3.3593572368317837e-11,True
full,711,85,RELD_MOEL,68,11.2123355865,11.212335586547852,4.785150053976395e-11,True
full,711,85,RELD_MTL,68,10.9740505219,10.974050521850586,4.941469455843617e-11,True
full,713,85,RELD_MOEL,68,10.6041164398,10.604116439819336,1.9335644196871726e-11,True
full,713,85,RELD_MTL,68,10.456284523,10.456284523010254,1.0253131677018246e-11,True
full,712,85,RELD_MOEL,68,10.6171665192,10.617166519165039,3.496047895623633e-11,True
full,712,85,RELD_MTL,68,10.836938858,10.836938858032227,3.2226665780399344e-11,True
full,705,85,RELD_MOEL,68,13.0631027222,13.063102722167969,3.2031266528065316e-11,True
full,705,85,RELD_MTL,68,13.1400318146,13.140031814575195,2.4805046905385097e-11,True
full,715,86,RELD_MOEL,68,11.8377122879,11.837712287902832,2.8315128020039992e-12,True
full,715,86,RELD_MTL,68,11.2005300522,11.200530052185059,1.4940937376195507e-11,True
full,732,86,RELD_MOEL,68,11.0015716553,11.001571655273438,2.6561863819551945e-11,True
full,732,86,RELD_MTL,68,10.7712259293,10.771225929260254,3.9745984281580604e-11,True
full,722,86,RELD_MOEL,68,18.6336212158,18.633621215820312,2.0310864101702464e-11,True
full,722,86,RELD_MTL,68,18.1098251343,18.109825134277344,2.2655655129710794e-11,True
full,724,86,RELD_MOEL,68,14.6812334061,14.681233406066895,3.310596241590247e-11,True
full,724,86,RELD_MTL,68,15.2749090195,15.274909019470215,2.97859514830634e-11,True
full,721,86,RELD_MOEL,68,12.7929763794,12.792976379394531,5.469402708513371e-12,True
full,721,86,RELD_MTL,68,12.7612380981,12.761238098144531,4.453148960692488e-11,True
full,718,86,RELD_MOEL,68,14.9700250626,14.970025062561035,3.8964387272244494e-11,True
full,718,86,RELD_MTL,68,14.7287340164,14.728734016418457,1.8456347561368602e-11,True
full,725,86,RELD_MOEL,68,12.0336894989,12.033689498901367,1.3677947663381929e-12,True
full,725,86,RELD_MTL,68,11.8957042694,11.89570426940918,9.180212146020494e-12,True
full,733,86,RELD_MOEL,68,10.1532268524,10.153226852416992,1.6992629525702796e-11,True
full,733,86,RELD_MTL,68,9.8500499725,9.85004997253418,3.417888194690022e-11,True
full,716,86,RELD_MOEL,68,9.1384143829,9.13841438293457,3.4569680451568274e-11,True
full,716,86,RELD_MTL,68,9.3265533447,9.326553344726562,2.6561863819551945e-11,True
full,720,86,RELD_MOEL,68,9.7405910492,9.740591049194336,5.664801960847399e-12,True
full,720,86,RELD_MTL,68,9.4973773956,9.497377395629883,2.9883651109230414e-11,True
full,719,86,RELD_MOEL,68,13.1340579987,13.134057998657227,4.277289633591863e-11,True
full,719,86,RELD_MTL,68,13.2327547073,13.232754707336426,3.6425973348741536e-11,True
full,723,86,RELD_MOEL,68,11.0804920197,11.08049201965332,4.667910502575978e-11,True
full,723,86,RELD_MTL,68,10.8408908844,10.840890884399414,5.861977570020827e-13,True
full,726,86,RELD_MOEL,68,15.0351467133,15.035146713256836,4.3163694840586686e-11,True
full,726,86,RELD_MTL,68,14.7602062225,14.76020622253418,3.417888194690022e-11,True
full,717,86,RELD_MOEL,68,15.033288002,15.03328800201416,1.4159340366859396e-11,True
full,717,86,RELD_MTL,68,14.7902669907,14.790266990661621,3.837818951524241e-11,True
full,729,86,RELD_MOEL,68,11.9542093277,11.954209327697754,2.2453150450019166e-12,True
full,729,86,RELD_MTL,68,11.6933231354,11.693323135375977,2.4023449896048987e-11,True
full,731,86,RELD_MOEL,68,16.8141212463,16.81412124633789,3.788969138440734e-11,True
full,731,86,RELD_MTL,68,17.0287780762,17.028778076171875,2.8123281481384765e-11,True
full,730,86,RELD_MOEL,68,9.3174791336,9.317479133605957,5.95790083934844e-12,True
full,730,86,RELD_MTL,68,9.3431110382,9.343111038208008,8.007816632016329e-12,True
full,728,86,RELD_MOEL,68,14.2410612106,14.241061210632324,3.232436540656636e-11,True
full,728,86,RELD_MTL,68,13.9670944214,13.967094421386719,1.3281820088195673e-11,True
full,727,86,RELD_MOEL,68,13.9087104797,13.908710479736328,3.632827372257452e-11,True
full,727,86,RELD_MTL,68,14.3895225525,14.389522552490234,9.766409903022577e-12,True
full,742,87,RELD_MOEL,69,11.4264583588,11.426458358764648,3.5351277460904384e-11,True
full,742,87,RELD_MTL,69,11.416891098,11.416891098022461,2.2460255877376767e-11,True
full,747,87,RELD_MOEL,69,13.4030590057,13.403059005737305,3.730526998424466e-11,True
full,747,87,RELD_MTL,69,12.8978481293,12.897848129272461,2.7538860081222083e-11,True
full,740,87,RELD_MOEL,69,11.5355968475,11.53559684753418,3.417888194690022e-11,True
full,740,87,RELD_MTL,69,11.809425354,11.809425354003906,3.906208689841151e-12,True
full,752,87,RELD_MOEL,69,9.0772323608,9.077232360839844,3.984368390774762e-11,True
full,752,87,RELD_MTL,69,9.4741306305,9.474130630493164,6.835421118012164e-12,True
full,745,87,RELD_MOEL,69,9.362695694,9.362695693969727,3.027267325705907e-11,True
full,745,87,RELD_MTL,69,9.7832393646,9.783239364624023,2.4023449896048987e-11,True
full,739,87,RELD_MOEL,69,18.7596931458,18.759693145751953,4.8046899792097975e-11,True
full,739,87,RELD_MTL,69,18.9514884949,18.951488494873047,2.69544386810594e-11,True
full,746,87,RELD_MOEL,69,10.9646186829,10.964618682861328,3.867128839374345e-11,True
full,746,87,RELD_MTL,69,11.406373024,11.406373023986816,1.3184120462028659e-11,True
full,734,87,RELD_MOEL,69,14.7124595642,14.712459564208984,8.984812893686467e-12,True
full,734,87,RELD_MTL,69,13.9104251862,13.910425186157227,4.277289633591863e-11,True
full,749,87,RELD_MOEL,69,16.0696735382,16.069673538208008,8.007816632016329e-12,True
full,749,87,RELD_MTL,69,16.1261768341,16.126176834106445,6.444622613344109e-12,True
full,743,87,RELD_MOEL,69,7.8889274597,7.888927459716797,1.679723027336877e-11,True
full,743,87,RELD_MTL,69,7.7382216454,7.738221645355225,4.4775738672342413e-11,True
full,735,87,RELD_MOEL,69,10.9783706665,10.978370666503906,3.906208689841151e-12,True
full,735,87,RELD_MTL,69,11.3191595078,11.319159507751465,4.8535397922933043e-11,True
full,738,87,RELD_MOEL,69,9.7346162796,9.73461627960205,2.049915792667889e-12,True
full,738,87,RELD_MTL,69,9.6724586487,9.67245864868164,1.835864793520159e-11,True
full,748,87,RELD_MOEL,69,13.7562847137,13.756284713745117,4.511768736392696e-11,True
full,748,87,RELD_MTL,69,14.1793727875,14.179372787475586,2.4414248400717042e-11,True
full,751,87,RELD_MOEL,69,10.4785652161,10.478565216064453,3.554667671323841e-11,True
full,751,87,RELD_MTL,69,10.723897934,10.723897933959961,4.0039083160081645e-11,True
full,736,87,RELD_MOEL,69,11.2964115143,11.296411514282227,1.7774226535038906e-11,True
full,736,87,RELD_MTL,69,11.1936435699,11.193643569946289,4.6288306521091727e-11,True
full,744,87,RELD_MOEL,69,6.6802420616,6.68024206161499,1.4990675367698714e-11,True
full,744,87,RELD_MTL,69,6.4879999161,6.48799991607666,2.333955251287989e-11,True
full,750,87,RELD_MOEL,69,13.0915374756,13.091537475585938,1.4061640740692383e-11,True
full,750,87,RELD_MTL,69,13.1643314362,13.164331436157227,4.277289633591863e-11,True
full,741,87,RELD_MOEL,69,12.715877533,12.715877532958984,4.101607942175178e-11,True
full,741,87,RELD_MTL,69,12.5106306076,12.51063060760498,4.980904577678302e-12,True
full,737,87,RELD_MOEL,69,9.3640460968,9.364046096801758,1.758593271006248e-12,True
full,737,87,RELD_MTL,69,9.0369195938,9.036919593811035,1.1034728686354356e-11,True
full,770,88,RELD_MOEL,70,12.4358625412,12.43586254119873,1.270095140171179e-12,True
full,770,88,RELD_MTL,70,12.398601532,12.398601531982422,1.757882728270488e-11,True
full,768,88,RELD_MOEL,70,7.2402944565,7.240294456481934,1.8066437235120247e-11,True
full,768,88,RELD_MTL,70,7.2390050888,7.239005088806152,6.1524119132627675e-12,True
full,760,88,RELD_MOEL,70,13.9673995972,13.967399597167969,3.2031266528065316e-11,True
full,760,88,RELD_MTL,70,14.0331411362,14.033141136169434,3.056577213556011e-11,True
full,758,88,RELD_MOEL,70,11.8937072754,11.893707275390625,9.375611398354522e-12,True
full,758,88,RELD_MTL,70,11.7506027222,11.750602722167969,3.2031266528065316e-11,True
full,762,88,RELD_MOEL,70,15.9484882355,15.948488235473633,2.6366464567217918e-11,True
full,762,88,RELD_MTL,70,15.0853900909,15.085390090942383,4.2382097831250576e-11,True
full,764,88,RELD_MOEL,70,9.3725013733,9.372501373291016,8.984812893686467e-12,True
full,764,88,RELD_MTL,70,9.2145042419,9.21450424194336,4.3359094092920714e-11,True
full,761,88,RELD_MOEL,70,12.5945730209,12.594573020935059,3.505817858240334e-11,True
full,761,88,RELD_MTL,70,12.6786842346,12.67868423461914,1.91402449445377e-11,True
full,753,88,RELD_MOEL,70,9.6252098083,9.62520980834961,4.9610093810770195e-11,True
full,753,88,RELD_MTL,70,9.5150461197,9.515046119689941,1.0057732424684218e-11,True
full,754,88,RELD_MOEL,70,8.3256454468,8.325645446777344,2.2655655129710794e-11,True
full,754,88,RELD_MTL,70,8.3405447006,8.340544700622559,2.255795550354378e-11,True
full,771,88,RELD_MOEL,70,11.7813873291,11.781387329101562,1.5631940186722204e-12,True
full,771,88,RELD_MTL,70,11.9151668549,11.915166854858398,4.1602277178753866e-11,True
full,763,88,RELD_MOEL,70,16.590297699,16.59029769897461,2.539124466238718e-11,True
full,763,88,RELD_MTL,70,16.4970626831,16.49706268310547,5.467626351673971e-12,True
full,765,88,RELD_MOEL,70,6.9192004204,6.919200420379639,2.036149027162537e-11,True
full,765,88,RELD_MTL,70,6.7960338593,6.79603385925293,4.706990353042784e-11,True
full,769,88,RELD_MOEL,70,14.8172550201,14.817255020141602,4.1602277178753866e-11,True
full,769,88,RELD_MTL,70,14.597369194,14.597369194030762,3.076117138789414e-11,True
full,766,88,RELD_MOEL,70,9.6837711334,9.683771133422852,2.2851054382044822e-11,True
full,766,88,RELD_MTL,70,9.5820922852,9.58209228515625,4.374989259758877e-11,True
full,755,88,RELD_MOEL,70,7.7242875099,7.724287509918213,1.8212986674370768e-11,True
full,755,88,RELD_MTL,70,8.1307134628,8.13071346282959,2.959055223072937e-11,True
full,756,88,RELD_MOEL,70,14.4406795502,14.440679550170898,2.9102054099894303e-11,True
full,756,88,RELD_MTL,70,14.6698465347,14.669846534729004,2.900435447372729e-11,True
full,757,88,RELD_MOEL,70,15.1182727814,15.11827278137207,2.7929658585890138e-11,True
full,757,88,RELD_MTL,70,15.263671875,15.263671875,0.0,True
full,759,88,RELD_MOEL,70,12.720957756,12.72095775604248,4.247979745741759e-11,True
full,759,88,RELD_MTL,70,12.5523071289,12.55230712890625,6.249223361010081e-12,True
full,767,88,RELD_MOEL,70,9.4736680984,9.473668098449707,4.970779343693721e-11,True
full,767,88,RELD_MTL,70,9.6722784042,9.67227840423584,3.5839775591739453e-11,True
full,789,89,RELD_MOEL,71,7.3711400032,7.371140003204346,4.345857007592713e-12,True
full,789,89,RELD_MTL,71,7.0219311714,7.021931171417236,1.723599041270063e-11,True
full,772,89,RELD_MOEL,71,10.6178331375,10.617833137512207,1.2207124200358521e-11,True
full,772,89,RELD_MTL,71,10.9229974747,10.92299747467041,2.959055223072937e-11,True
full,784,89,RELD_MOEL,71,10.0209293365,10.020929336547852,4.785150053976395e-11,True
full,784,89,RELD_MTL,71,10.3548851013,10.35488510131836,1.835864793520159e-11,True
full,790,89,RELD_MOEL,71,12.0647659302,12.064765930175781,2.4218849148383015e-11,True
full,790,89,RELD_MTL,71,11.5954847336,11.595484733581543,1.8456347561368602e-11,True
full,776,89,RELD_MOEL,71,11.8153848648,11.815384864807129,7.128519996513205e-12,True
full,776,89,RELD_MTL,71,11.2041568756,11.204156875610352,1.035083130318526e-11,True
full,785,89,RELD_MOEL,71,10.3127727509,10.312772750854492,4.5508485868595017e-11,True
full,785,89,RELD_MTL,71,11.5284767151,11.52847671508789,1.2109424574191507e-11,True
full,782,89,RELD_MOEL,71,13.9818487167,13.98184871673584,3.5839775591739453e-11,True
full,782,89,RELD_MTL,71,13.4164466858,13.416446685791016,8.984812893686467e-12,True
full,773,89,RELD_MOEL,71,10.4853744507,10.485374450683594,1.6406431768700713e-11,True
full,773,89,RELD_MTL,71,10.8299713135,10.829971313476562,2.3437252139046905e-11,True
full,788,89,RELD_MOEL,71,9.741891861,9.741891860961914,3.808509063674137e-11,True
full,788,89,RELD_MTL,71,9.9321756363,9.932175636291504,8.496314762851398e-12,True
full,778,89,RELD_MOEL,71,10.6120262146,10.61202621459961,3.907985046680551e-13,True
full,778,89,RELD_MTL,71,10.5860881805,10.586088180541992,4.199129932658252e-11,True
full,783,89,RELD_MOEL,71,8.0229978561,8.022997856140137,4.013678278624866e-11,True
full,783,89,RELD_MTL,71,8.4667320251,8.466732025146484,4.6483705773425754e-11,True
full,774,89,RELD_MOEL,71,16.9189510345,16.9189510345459,4.589750801642367e-11,True
full,774,89,RELD_MTL,71,16.8883094788,16.888309478759766,4.023448241241567e-11,True
full,775,89,RELD_MOEL,71,9.2324762344,9.232476234436035,3.603517484407348e-11,True
full,775,89,RELD_MTL,71,9.3772468567,9.377246856689453,1.0546230555519287e-11,True
full,779,89,RELD_MOEL,71,13.3179130554,13.317913055419922,1.992184195387381e-11,True
full,779,89,RELD_MTL,71,13.2221002579,13.222100257873535,2.646416419338493e-11,True
full,781,89,RELD_MOEL,71,8.7233829498,8.723382949829102,2.9102054099894303e-11,True
full,781,89,RELD_MTL,71,8.7386684418,8.738668441772461,2.7538860081222083e-11,True
full,787,89,RELD_MOEL,71,9.8930644989,9.893064498901367,1.3677947663381929e-12,True
full,787,89,RELD_MTL,71,10.0409946442,10.040994644165039,3.496047895623633e-11,True
full,786,89,RELD_MOEL,71,14.1427574158,14.142757415771484,2.851585634289222e-11,True
full,786,89,RELD_MTL,71,14.2648830414,14.264883041381836,1.816324868286756e-11,True
full,777,89,RELD_MOEL,71,14.0689315796,14.068931579589844,1.0155432050851232e-11,True
full,777,89,RELD_MTL,71,13.6285362244,13.628536224365234,3.47650797039023e-11,True
full,780,89,RELD_MOEL,71,10.2435016632,10.243501663208008,8.007816632016329e-12,True
full,780,89,RELD_MTL,71,10.5262241364,10.526224136352539,4.746070203509589e-11,True
full,807,90,RELD_MOEL,72,14.2301044464,14.230104446411133,1.113242831252137e-11,True
full,807,90,RELD_MTL,72,13.9948167801,13.994816780090332,9.668710276855563e-12,True
full,806,90,RELD_MOEL,72,11.2646064758,11.264606475830078,3.007727400472504e-11,True
full,806,90,RELD_MTL,72,10.7112731934,10.711273193359375,4.062528091708373e-11,True
full,803,90,RELD_MOEL,72,9.113735199,9.11373519897461,2.539124466238718e-11,True
full,803,90,RELD_MTL,72,8.6333560944,8.633356094360352,3.964828465541359e-11,True
full,798,90,RELD_MOEL,72,16.0505142212,16.050514221191406,8.594014389018412e-12,True
full,798,90,RELD_MTL,72,16.0696487427,16.06964874267578,2.4218849148383015e-11,True
full,801,90,RELD_MOEL,72,14.1869392395,14.186939239501953,1.9539925233402755e-12,True
full,801,90,RELD_MTL,72,13.8808774948,13.880877494812012,1.2011724948024494e-11,True
full,791,90,RELD_MOEL,72,8.8412857056,8.841285705566406,3.359446054673754e-11,True
full,791,90,RELD_MTL,72,9.145608902,9.145608901977539,2.2460255877376767e-11,True
full,805,90,RELD_MOEL,72,13.1058425903,13.105842590332031,3.2031266528065316e-11,True
full,805,90,RELD_MTL,72,12.906337738,12.90633773803711,3.710987073191063e-11,True
full,793,90,RELD_MOEL,72,12.7765836716,12.776583671569824,3.0174973630892055e-11,True
full,793,90,RELD_MTL,72,13.0177736282,13.017773628234863,3.4862779330069316e-11,True
full,795,90,RELD_MOEL,72,16.8547897339,16.85478973388672,1.3280043731356272e-11,True
full,795,90,RELD_MTL,72,17.8542938232,17.854293823242188,4.218847493575595e-11,True
full,802,90,RELD_MOEL,72,11.4024524689,11.40245246887207,2.7929658585890138e-11,True
full,802,90,RELD_MTL,72,11.2036304474,11.203630447387695,1.2304823826525535e-11,True
full,794,90,RELD_MOEL,72,12.4991693497,12.49916934967041,2.959055223072937e-11,True
full,794,90,RELD_MTL,72,12.9682598114,12.968259811401367,1.3677947663381929e-12,True
full,792,90,RELD_MOEL,72,14.7967700958,14.796770095825195,2.5195845410053153e-11,True
full,792,90,RELD_MTL,72,14.8115119934,14.811511993408203,8.203215884350357e-12,True
full,808,90,RELD_MOEL,72,15.4155607224,15.415560722351074,4.89261964276011e-11,True
full,808,90,RELD_MTL,72,15.4963388443,15.496338844299316,6.838973831690964e-13,True
full,809,90,RELD_MOEL,72,8.0782556534,8.078255653381348,1.865174681370263e-11,True
full,809,90,RELD_MTL,72,8.2232751846,8.223275184631348,3.134736914489622e-11,True
full,797,90,RELD_MOEL,72,13.4330024719,13.433002471923828,2.382805064371496e-11,True
full,797,90,RELD_MTL,72,13.1836910248,13.183691024780273,1.972644270153978e-11,True
full,800,90,RELD_MOEL,72,11.7786874771,11.778687477111816,1.1816325695690466e-11,True
full,800,90,RELD_MTL,72,10.6745071411,10.674507141113281,1.3281820088195673e-11,True
full,804,90,RELD_MOEL,72,12.0766677856,12.076667785644531,4.453148960692488e-11,True
full,804,90,RELD_MTL,72,12.333322525,12.333322525024414,2.4414248400717042e-11,True
full,796,90,RELD_MOEL,72,15.8314800262,15.831480026245117,4.511768736392696e-11,True
full,796,90,RELD_MTL,72,16.9045562744,16.904556274414062,1.4061640740692383e-11,True
full,799,90,RELD_MOEL,72,8.1701059341,8.170105934143066,4.306599521441967e-11,True
full,799,90,RELD_MTL,72,7.9967331886,7.99673318862915,2.915001573455811e-11,True
full,812,91,RELD_MOEL,72,10.4082756042,10.408275604248047,4.8046899792097975e-11,True
full,812,91,RELD_MTL,72,10.2294054031,10.229405403137207,3.7207570358077646e-11,True
full,822,91,RELD_MOEL,72,9.7596626282,9.759662628173828,2.617106531488389e-11,True
full,822,91,RELD_MTL,72,9.9265270233,9.92652702331543,1.5429435507030576e-11,True
full,818,91,RELD_MOEL,72,11.6371088028,11.63710880279541,4.590106073010247e-12,True
full,818,91,RELD_MTL,72,11.2215261459,11.221526145935059,3.505817858240334e-11,True
full,820,91,RELD_MOEL,72,13.5325078964,13.53250789642334,2.333955251287989e-11,True
full,820,91,RELD_MTL,72,13.3384132385,13.33841323852539,2.539124466238718e-11,True
full,828,91,RELD_MOEL,72,18.1964797974,18.19647979736328,3.671729587040318e-11,True
full,828,91,RELD_MTL,72,17.9619159698,17.961915969848633,4.863309754910006e-11,True
full,819,91,RELD_MOEL,72,15.3188905716,15.318890571594238,5.7625015870144125e-12,True
full,819,91,RELD_MTL,72,15.269534111,15.26953411102295,2.2948754008211836e-11,True
full,816,91,RELD_MOEL,72,9.8192920685,9.819292068481445,1.8554047187535616e-11,True
full,816,91,RELD_MTL,72,10.0742816925,10.074281692504883,4.8832049515112885e-12,True
full,814,91,RELD_MOEL,72,16.0452842712,16.045284271240234,4.023448241241567e-11,True
full,814,91,RELD_MTL,72,15.5439043045,15.543904304504395,4.39470682067622e-12,True
full,821,91,RELD_MOEL,72,11.0890417099,11.089041709899902,9.769962616701378e-14,True
full,821,91,RELD_MTL,72,11.1486701965,11.148670196533203,3.320366204206948e-11,True
full,825,91,RELD_MOEL,72,12.6469154358,12.646915435791016,8.984812893686467e-12,True
full,825,91,RELD_MTL,72,13.8592147827,13.859214782714844,1.4843237750028493e-11,True
full,826,91,RELD_MOEL,72,12.5331764221,12.53317642211914,1.91402449445377e-11,True
full,826,91,RELD_MTL,72,12.6587638855,12.658763885498047,1.9539925233402755e-12,True
full,827,91,RELD_MOEL,72,15.1339826584,15.13398265838623,1.3770318219030742e-11,True
full,827,91,RELD_MTL,72,14.7419166565,14.74191665649414,5.860201213181426e-12,True
full,824,91,RELD_MOEL,72,15.3271369934,15.327136993408203,8.203215884350357e-12,True
full,824,91,RELD_MTL,72,14.9193687439,14.919368743896484,3.5154101851730957e-12,True
full,815,91,RELD_MOEL,72,12.061340332,12.06134033203125,3.1249669518729206e-11,True
full,815,91,RELD_MTL,72,11.4233169556,11.423316955566406,3.359446054673754e-11,True
full,810,91,RELD_MOEL,72,11.5411281586,11.541128158569336,3.0663471761727124e-11,True
full,810,91,RELD_MTL,72,11.2035808563,11.203580856323242,2.3241852886712877e-11,True
full,813,91,RELD_MOEL,72,17.8865127563,17.886512756347656,4.765610128742992e-11,True
full,813,91,RELD_MTL,72,17.8032455444,17.803245544433594,3.359446054673754e-11,True
full,811,91,RELD_MOEL,72,13.1148509979,13.114850997924805,2.4805046905385097e-11,True
full,811,91,RELD_MTL,72,12.7712774277,12.77127742767334,2.665956344571896e-11,True
full,823,91,RELD_MOEL,72,10.5189580917,10.51895809173584,3.5839775591739453e-11,True
full,823,91,RELD_MTL,72,10.8570108414,10.857010841369629,3.037037288322608e-11,True
full,817,91,RELD_MOEL,72,9.9573755264,9.957375526428223,2.822275746439118e-11,True
full,817,91,RELD_MTL,72,9.5250835419,9.525083541870117,2.9883651109230414e-11,True
full,836,92,RELD_MOEL,73,10.0192623138,10.019262313842773,4.277289633591863e-11,True
full,836,92,RELD_MTL,73,9.916349411,9.916349411010742,1.0741629807853315e-11,True
full,832,92,RELD_MOEL,73,12.5983533859,12.598353385925293,2.5293545036220166e-11,True
full,832,92,RELD_MTL,73,12.5505924225,12.550592422485352,1.4647838497694465e-11,True
full,830,92,RELD_MOEL,73,16.8044281006,16.804428100585938,1.4061640740692383e-11,True
full,830,92,RELD_MTL,73,17.1928977966,17.19289779663086,3.085887101406115e-11,True
full,846,92,RELD_MOEL,73,15.9780883789,15.97808837890625,6.249223361010081e-12,True
full,846,92,RELD_MTL,73,15.1104431152,15.110443115234375,3.4374281199234247e-11,True
full,845,92,RELD_MOEL,73,7.6972999573,7.697299957275391,2.460964765305107e-11,True
full,845,92,RELD_MTL,73,7.6847696304,7.684769630432129,3.212896615423233e-11,True
full,837,92,RELD_MOEL,73,15.8822803497,15.882280349731445,3.1445068771063234e-11,True
full,837,92,RELD_MTL,73,15.6504478455,15.650447845458984,4.101607942175178e-11,True
full,844,92,RELD_MOEL,73,12.9848423004,12.984842300415039,1.503863700236252e-11,True
full,844,92,RELD_MTL,73,13.0516042709,13.051604270935059,3.505817858240334e-11,True
full,842,92,RELD_MOEL,73,8.7894191742,8.789419174194336,5.664801960847399e-12,True
full,842,92,RELD_MTL,73,8.4072647095,8.407264709472656,2.7343460828888055e-11,True
full,829,92,RELD_MOEL,73,9.9994430542,9.999443054199219,7.815970093361102e-13,True
full,829,92,RELD_MTL,73,10.0591449738,10.059144973754883,4.511768736392696e-11,True
full,843,92,RELD_MOEL,73,15.7070951462,15.7070951461792,2.0801138589376933e-11,True
full,843,92,RELD_MTL,73,15.2619113922,15.261911392211914,1.191402532185748e-11,True
full,834,92,RELD_MOEL,73,12.3623065948,12.362306594848633,4.863309754910006e-11,True
full,834,92,RELD_MTL,73,11.6033535004,11.603353500366211,3.3789859799071564e-11,True
full,838,92,RELD_MOEL,73,12.2793769836,12.279376983642578,4.2577497083584603e-11,True
full,838,92,RELD_MTL,73,12.412610054,12.412610054016113,1.6113332890199672e-11,True
full,840,92,RELD_MOEL,73,14.0950641632,14.095064163208008,8.007816632016329e-12,True
full,840,92,RELD_MTL,73,13.6865520477,13.686552047729492,2.949285260456236e-11,True
full,831,92,RELD_MOEL,73,10.1496753693,10.149675369262695,3.730526998424466e-11,True
full,831,92,RELD_MTL,73,9.9334154129,9.933415412902832,2.8315128020039992e-12,True
full,835,92,RELD_MOEL,73,13.0461330414,13.046133041381836,1.816324868286756e-11,True
full,835,92,RELD_MTL,73,13.1634044647,13.16340446472168,2.1680435224880057e-11,True
full,839,92,RELD_MOEL,73,10.9304485321,10.930448532104492,4.4924064468432334e-12,True
full,839,92,RELD_MTL,73,10.8655319214,10.865531921386719,1.3281820088195673e-11,True
full,847,92,RELD_MOEL,73,7.7113208771,7.711320877075195,2.4805046905385097e-11,True
full,847,92,RELD_MTL,73,7.5087594986,7.508759498596191,3.808509063674137e-12,True
full,833,92,RELD_MOEL,73,9.5300073624,9.530007362365723,3.427658157306723e-11,True
full,833,92,RELD_MTL,73,9.3504238129,9.350423812866211,3.3789859799071564e-11,True
full,841,92,RELD_MOEL,73,11.6579284668,11.657928466796875,3.1246116805050406e-12,True
full,841,92,RELD_MTL,73,10.7800941467,10.780094146728516,2.851585634289222e-11,True
full,858,93,RELD_MOEL,74,18.0654563904,18.06545639038086,1.91420213013771e-11,True
full,858,93,RELD_MTL,74,18.5114917755,18.511491775512695,1.269384597435419e-11,True
full,860,93,RELD_MOEL,74,9.5143318176,9.514331817626953,2.695266232422e-11,True
full,860,93,RELD_MTL,74,9.4445285797,9.444528579711914,1.191402532185748e-11,True
full,855,93,RELD_MOEL,74,9.3156375885,9.315638542175293,9.536752934025117e-07,True
full,855,93,RELD_MTL,74,9.4153213501,9.415321350097656,2.3430146711689304e-12,True
full,866,93,RELD_MOEL,74,15.3455867767,15.345585823059082,9.536409173449556e-07,True
full,866,93,RELD_MTL,74,15.3621387482,15.362138748168945,3.105427026639518e-11,True
full,861,93,RELD_MOEL,74,11.3445453644,11.344545364379883,2.0117241206207837e-11,True
full,861,93,RELD_MTL,74,10.8615779877,10.861577987670898,2.9102054099894303e-11,True
full,848,93,RELD_MOEL,74,13.0761356354,13.076135635375977,2.4023449896048987e-11,True
full,848,93,RELD_MTL,74,13.2979373932,13.297937393188477,1.1523226817189425e-11,True
full,862,93,RELD_MOEL,74,10.2406778336,10.240677833557129,4.2870595962085645e-11,True
full,862,93,RELD_MTL,74,10.5024280548,10.50242805480957,9.57101065068855e-12,True
full,849,93,RELD_MOEL,74,10.9274206161,10.927420616149902,4.9903192689271236e-11,True
full,849,93,RELD_MTL,74,10.9280185699,10.928018569946289,4.6288306521091727e-11,True
full,853,93,RELD_MOEL,74,13.7601165771,13.760115623474121,9.536258787079532e-07,True
full,853,93,RELD_MTL,74,13.9073982239,13.907398223876953,2.304645363437885e-11,True
full,856,93,RELD_MOEL,74,7.450504303,7.450504779815674,4.768156740553309e-07,True
full,856,93,RELD_MTL,74,7.2140192986,7.214019298553467,4.653344376492896e-11,True
full,850,93,RELD_MOEL,74,12.3850326538,12.385032653808594,8.594014389018412e-12,True
full,850,93,RELD_MTL,74,12.2872714996,12.287271499633789,3.3789859799071564e-11,True
full,852,93,RELD_MOEL,74,11.9056129456,11.90561294555664,4.3359094092920714e-11,True
full,852,93,RELD_MTL,74,11.506652832,11.50665283203125,3.1249669518729206e-11,True
full,851,93,RELD_MOEL,74,11.584602356,11.584603309631348,9.536313481106617e-07,True
full,851,93,RELD_MTL,74,10.8090133667,10.809013366699219,7.815970093361102e-13,True
full,865,93,RELD_MOEL,74,7.6315546036,7.63155460357666,2.333955251287989e-11,True
full,865,93,RELD_MTL,74,7.6414089203,7.641408920288086,1.191402532185748e-11,True
full,859,93,RELD_MOEL,74,7.6626801491,7.662680149078369,2.163069723337685e-11,True
full,859,93,RELD_MTL,74,7.5080699921,7.50806999206543,3.4570568629987974e-11,True
full,863,93,RELD_MOEL,74,9.2517185211,9.251718521118164,1.816324868286756e-11,True
full,863,93,RELD_MTL,74,9.5117635727,9.511763572692871,7.128519996513205e-12,True
full,857,93,RELD_MOEL,74,10.420955658,10.420955657958984,4.101607942175178e-11,True
full,857,93,RELD_MTL,74,10.4004096985,10.400409698486328,1.3672618592863728e-11,True
full,864,93,RELD_MOEL,74,10.1473731995,10.14737319946289,3.710987073191063e-11,True
full,864,93,RELD_MTL,74,9.7946338654,9.794633865356445,4.355449334525474e-11,True
full,854,93,RELD_MOEL,74,13.6556015015,13.655601501464844,3.515587820857036e-11,True
full,854,93,RELD_MTL,74,13.7155265808,13.715526580810547,1.0546230555519287e-11,True
full,879,94,RELD_MOEL,75,14.8274316788,14.827431678771973,2.8027358212057152e-11,True
full,879,94,RELD_MTL,75,14.2864770889,14.286477088928223,2.822275746439118e-11,True
full,881,94,RELD_MOEL,75,17.5746612549,17.574661254882812,1.7188028778036823e-11,True
full,881,94,RELD_MTL,75,17.3172016144,17.317201614379883,2.0115464849368436e-11,True
full,867,94,RELD_MOEL,75,9.9482116699,9.948211669921875,2.1875834477214084e-11,True
full,867,94,RELD_MTL,75,9.7439413071,9.743941307067871,3.212896615423233e-11,True
full,868,94,RELD_MOEL,75,9.0990409851,9.099040985107422,7.421618875014246e-12,True
full,868,94,RELD_MTL,75,9.4251785278,9.425178527832031,3.2031266528065316e-11,True
full,882,94,RELD_MOEL,75,12.1534051895,12.15340518951416,1.4159340366859396e-11,True
full,882,94,RELD_MTL,75,12.0434474945,12.043447494506836,6.835421118012164e-12,True
full,869,94,RELD_MOEL,75,10.8493995667,10.84939956665039,4.9610093810770195e-11,True
full,869,94,RELD_MTL,75,10.3805055618,10.380505561828613,2.8613555969059234e-11,True
full,875,94,RELD_MOEL,75,15.7863063812,15.786306381225586,2.5586643914721208e-11,True
full,875,94,RELD_MTL,75,15.7814559937,15.781455993652344,4.765610128742992e-11,True
full,871,94,RELD_MOEL,75,13.9506187439,13.950618743896484,3.5154101851730957e-12,True
full,871,94,RELD_MTL,75,14.1779727936,14.177972793579102,2.0898838215543947e-11,True
full,870,94,RELD_MOEL,75,13.6078653336,13.607865333557129,4.2870595962085645e-11,True
full,870,94,RELD_MTL,75,13.9468393326,13.946839332580566,1.943334382303874e-11,True
full,873,94,RELD_MOEL,75,15.9617767334,15.961776733398438,1.5631940186722204e-12,True
full,873,94,RELD_MTL,75,16.070306778,16.0703067779541,4.589750801642367e-11,True
full,884,94,RELD_MOEL,75,11.343380928,11.34338092803955,3.9550585029246577e-11,True
full,884,94,RELD_MTL,75,11.421913147,11.421913146972656,2.7343460828888055e-11,True
full,877,94,RELD_MOEL,75,10.2715702057,10.271570205688477,1.1523226817189425e-11,True
full,877,94,RELD_MTL,75,10.6432113647,10.643211364746094,4.60929072687577e-11,True
full,883,94,RELD_MOEL,75,11.5637378693,11.563737869262695,3.730526998424466e-11,True
full,883,94,RELD_MTL,75,11.3738870621,11.373887062072754,2.7245761202721042e-11,True
full,880,94,RELD_MOEL,75,16.5088863373,16.508886337280273,1.9728219058379182e-11,True
full,880,94,RELD_MTL,75,16.7248764038,16.724876403808594,8.594014389018412e-12,True
full,874,94,RELD_MOEL,75,15.7991161346,15.799116134643555,4.355449334525474e-11,True
full,874,94,RELD_MTL,75,15.3176593781,15.317659378051758,4.8242299044432e-11,True
full,872,94,RELD_MOEL,75,9.9649581909,9.964958190917969,1.7969625787372934e-11,True
full,872,94,RELD_MTL,75,9.842924118,9.842924118041992,4.199129932658252e-11,True
full,885,94,RELD_MOEL,75,12.0855464935,12.085546493530273,3.027267325705907e-11,True
full,885,94,RELD_MTL,75,12.1343374252,12.134337425231934,3.19335669018983e-11,True
full,876,94,RELD_MOEL,75,8.9288520813,8.928852081298828,1.1723955140041653e-12,True
full,876,94,RELD_MTL,75,9.2061462402,9.206146240234375,3.4374281199234247e-11,True
full,878,94,RELD_MOEL,75,9.9132804871,9.913280487060547,3.945288540307956e-11,True
full,878,94,RELD_MTL,75,10.1778697968,10.17786979675293,4.706990353042784e-11,True
full,903,95,RELD_MOEL,76,17.4995727539,17.49957275390625,6.249223361010081e-12,True
full,903,95,RELD_MTL,76,17.3528270721,17.352827072143555,4.355626970209414e-11,True
full,888,95,RELD_MOEL,76,12.3156042099,12.315604209899902,9.769962616701378e-14,True
full,888,95,RELD_MTL,76,10.4065561295,10.406556129455566,4.4433789980757865e-11,True
full,892,95,RELD_MOEL,76,12.9596796036,12.95967960357666,2.333955251287989e-11,True
full,892,95,RELD_MTL,76,12.4981117249,12.498111724853516,4.6483705773425754e-11,True
full,893,95,RELD_MOEL,76,10.9737987518,10.973798751831055,3.105427026639518e-11,True
full,893,95,RELD_MTL,76,10.9202136993,10.92021369934082,4.0820680169417756e-11,True
full,891,95,RELD_MOEL,76,16.0418052673,16.041805267333984,3.398525905140559e-11,True
full,891,95,RELD_MTL,76,15.9402837753,15.94028377532959,2.959055223072937e-11,True
full,886,95,RELD_MOEL,76,9.7170639038,9.717063903808594,8.594014389018412e-12,True
full,886,95,RELD_MTL,76,10.3576126099,10.357612609863281,3.671907222724258e-11,True
full,894,95,RELD_MOEL,76,12.1736488342,12.173648834228516,2.851585634289222e-11,True
full,894,95,RELD_MTL,76,12.3617677689,12.361767768859863,4.013678278624866e-11,True
full,889,95,RELD_MOEL,76,11.3595275879,11.359527587890625,9.375611398354522e-12,True
full,889,95,RELD_MTL,76,11.5487260818,11.548726081848145,4.814459941826499e-11,True
full,895,95,RELD_MOEL,76,10.4345970154,10.43459701538086,1.91402449445377e-11,True
full,895,95,RELD_MTL,76,10.6759958267,10.675995826721191,2.1191937094044988e-11,True
full,904,95,RELD_MOEL,76,9.5615062714,9.561506271362305,3.7696068488912715e-11,True
full,904,95,RELD_MTL,76,9.3419075012,9.341907501220703,2.070343896320992e-11,True
full,902,95,RELD_MOEL,76,12.6234350204,12.623435020446777,4.6776804651926795e-11,True
full,902,95,RELD_MTL,76,12.8431463242,12.843146324157715,4.228439820508356e-11,True
full,896,95,RELD_MOEL,76,11.3072538376,11.30725383758545,1.4550138871527452e-11,True
full,896,95,RELD_MTL,76,11.4185419083,11.41854190826416,3.5839775591739453e-11,True
full,900,95,RELD_MOEL,76,13.3139019012,13.313901901245117,4.511768736392696e-11,True
full,900,95,RELD_MTL,76,12.7714672089,12.771467208862305,3.7696068488912715e-11,True
full,898,95,RELD_MOEL,76,13.1219596863,13.121959686279297,2.070343896320992e-11,True
full,898,95,RELD_MTL,76,13.5431480408,13.543148040771484,2.851585634289222e-11,True
full,901,95,RELD_MOEL,76,19.9883365631,19.98833656311035,1.035260766002466e-11,True
full,901,95,RELD_MTL,76,19.5357456207,19.53574562072754,2.7540636438061483e-11,True
full,887,95,RELD_MOEL,76,12.9861688614,12.98616886138916,1.0839329434020328e-11,True
full,887,95,RELD_MTL,76,12.9478130341,12.947813034057617,4.2382097831250576e-11,True
full,899,95,RELD_MOEL,76,16.2888431549,16.288843154907227,7.226219622680219e-12,True
full,899,95,RELD_MTL,76,16.1514205933,16.15142059326172,3.82804898890754e-11,True
full,890,95,RELD_MOEL,76,11.5745182037,11.574518203735352,3.5351277460904384e-11,True
full,890,95,RELD_MTL,76,11.8797130585,11.87971305847168,2.8320457090558193e-11,True
full,897,95,RELD_MOEL,76,13.2425174713,13.242517471313477,1.34772193405297e-11,True
full,897,95,RELD_MTL,76,12.4843645096,12.48436450958252,1.7481127656537865e-11,True
full,917,96,RELD_MOEL,76,13.0104427338,13.010442733764648,3.5351277460904384e-11,True
full,917,96,RELD_MTL,76,13.5070543289,13.507054328918457,1.8456347561368602e-11,True
full,910,96,RELD_MOEL,76,13.0035686493,13.003568649291992,8.007816632016329e-12,True
full,910,96,RELD_MTL,76,13.8381938934,13.838193893432617,3.26174642850674e-11,True
full,912,96,RELD_MOEL,76,12.9215927124,12.921592712402344,2.3430146711689304e-12,True
full,912,96,RELD_MTL,76,13.5808296204,13.580829620361328,3.867128839374345e-11,True
full,911,96,RELD_MOEL,76,14.4065656662,14.40656566619873,1.270095140171179e-12,True
full,911,96,RELD_MTL,76,15.4809551239,15.480955123901367,1.3677947663381929e-12,True
full,916,96,RELD_MOEL,76,10.7440090179,10.744009017944336,4.433609035459085e-11,True
full,916,96,RELD_MTL,76,10.2567243576,10.25672435760498,4.980904577678302e-12,True
full,921,96,RELD_MOEL,76,9.2526111603,9.25261116027832,2.1680435224880057e-11,True
full,921,96,RELD_MTL,76,9.3868751526,9.38687515258789,1.2109424574191507e-11,True
full,914,96,RELD_MOEL,76,11.2821626663,11.2821626663208,2.0801138589376933e-11,True
full,914,96,RELD_MTL,76,11.2822675705,11.282267570495605,4.39470682067622e-12,True
full,908,96,RELD_MOEL,76,9.7483091354,9.748309135437012,3.701217110574362e-11,True
full,908,96,RELD_MTL,76,9.9489765167,9.948976516723633,2.3632651391380932e-11,True
full,907,96,RELD_MOEL,76,16.5926246643,16.59262466430664,6.640021865678136e-12,True
full,907,96,RELD_MTL,76,16.6104106903,16.610410690307617,7.617018127348274e-12,True
full,913,96,RELD_MOEL,76,13.0417633057,13.041763305664062,3.593747521790647e-11,True
full,913,96,RELD_MTL,76,12.7386665344,12.738666534423828,2.382805064371496e-11,True
full,920,96,RELD_MOEL,76,21.1694431305,21.169443130493164,6.835421118012164e-12,True
full,920,96,RELD_MTL,76,21.071138382,21.071138381958008,4.199307568342192e-11,True
full,915,96,RELD_MOEL,76,12.6884403229,12.688440322875977,2.4023449896048987e-11,True
full,915,96,RELD_MTL,76,12.6449279785,12.644927978515625,1.5624834759364603e-11,True
full,909,96,RELD_MOEL,76,11.8229522705,11.822952270507812,7.812417379682302e-12,True
full,909,96,RELD_MTL,76,11.3617019653,11.361701965332031,3.2031266528065316e-11,True
full,919,96,RELD_MOEL,76,11.464266777,11.464266777038574,3.857358876757644e-11,True
full,919,96,RELD_MTL,76,11.6901044846,11.690104484558105,4.189537605725491e-11,True
full,918,96,RELD_MOEL,76,19.8504867554,19.850486755371094,2.8904878490720876e-11,True
full,918,96,RELD_MTL,76,18.7998352051,18.799835205078125,2.1874058120374684e-11,True
full,906,96,RELD_MOEL,76,9.6224927902,9.622492790222168,2.2167156998875726e-11,True
full,906,96,RELD_MTL,76,8.5561151505,8.55611515045166,4.8339998670599016e-11,True
full,905,96,RELD_MOEL,76,15.2129621506,15.21296215057373,2.6268764941050904e-11,True
full,905,96,RELD_MTL,76,14.9850482941,14.985048294067383,3.26174642850674e-11,True
full,922,96,RELD_MOEL,76,12.1836490631,12.183649063110352,1.035083130318526e-11,True
full,922,96,RELD_MTL,76,11.861333847,11.861333847045898,4.589928437326307e-11,True
full,923,96,RELD_MOEL,76,7.7796173096,7.7796173095703125,2.9687363678476686e-11,True
full,923,96,RELD_MTL,76,7.58639431,7.586394309997559,2.4416024757556443e-12,True
full,932,97,RELD_MOEL,77,17.1393928528,17.139392852783203,1.679723027336877e-11,True
full,932,97,RELD_MTL,77,17.3540439606,17.35404396057129,2.8709479238386848e-11,True
full,939,97,RELD_MOEL,77,14.6335897446,14.633589744567871,3.212896615423233e-11,True
full,939,97,RELD_MTL,77,14.5694026947,14.569402694702148,2.147615418834903e-12,True
full,936,97,RELD_MOEL,77,8.974521637,8.97452163696289,3.710987073191063e-11,True
full,936,97,RELD_MTL,77,8.2458429337,8.245842933654785,4.5215386990093975e-11,True
full,941,97,RELD_MOEL,77,17.1583309174,17.1583309173584,4.1602277178753866e-11,True
full,941,97,RELD_MTL,77,16.877696991,16.877696990966797,3.320366204206948e-11,True
full,937,97,RELD_MOEL,77,7.4875936508,7.487593650817871,1.787103798278622e-11,True
full,937,97,RELD_MTL,77,7.5017843246,7.501784324645996,4.5996095821010385e-11,True
full,926,97,RELD_MOEL,77,11.3983974457,11.398397445678711,2.1289636720212002e-11,True
full,926,97,RELD_MTL,77,10.9780769348,10.978076934814453,1.4452439245360438e-11,True
full,927,97,RELD_MOEL,77,11.1953716278,11.195371627807617,7.617018127348274e-12,True
full,927,97,RELD_MTL,77,11.5272912979,11.527291297912598,1.2597922705026576e-11,True
full,938,97,RELD_MOEL,77,13.1054773331,13.105477333068848,3.115196989256219e-11,True
full,938,97,RELD_MTL,77,13.1380214691,13.138021469116211,1.6211032516366686e-11,True
full,933,97,RELD_MOEL,77,12.1224651337,12.122465133666992,3.3008262789735454e-11,True
full,933,97,RELD_MTL,77,12.1246480942,12.124648094177246,2.2753354755877808e-11,True
full,930,97,RELD_MOEL,77,15.4863147736,15.48631477355957,4.04298816647497e-11,True
full,930,97,RELD_MTL,77,15.5543260574,15.554326057434082,3.4081182320733205e-11,True
full,942,97,RELD_MOEL,77,9.3355484009,9.335548400878906,2.1094237467877974e-11,True
full,942,97,RELD_MTL,77,9.370891571,9.370891571044922,4.4922288111592934e-11,True
full,940,97,RELD_MOEL,77,10.0028381348,10.002838134765625,3.4374281199234247e-11,True
full,940,97,RELD_MTL,77,9.7978687286,9.797868728637695,3.7696068488912715e-11,True
full,928,97,RELD_MOEL,77,11.7717094421,11.771709442138672,3.867128839374345e-11,True
full,928,97,RELD_MTL,77,11.8266487122,11.826648712158203,4.1797676431087893e-11,True
full,925,97,RELD_MOEL,77,12.2631034851,12.263103485107422,7.421618875014246e-12,True
full,925,97,RELD_MTL,77,12.0462226868,12.046222686767578,3.242206503273337e-11,True
full,934,97,RELD_MOEL,77,12.2556819916,12.255681991577148,2.2851054382044822e-11,True
full,934,97,RELD_MTL,77,12.4301204681,12.430120468139648,3.964828465541359e-11,True
full,924,97,RELD_MOEL,77,12.8852787018,12.885278701782227,1.7774226535038906e-11,True
full,924,97,RELD_MTL,77,13.1141986847,13.114198684692383,7.617018127348274e-12,True
full,931,97,RELD_MOEL,77,12.5237064362,12.523706436157227,4.277289633591863e-11,True
full,931,97,RELD_MTL,77,12.8753795624,12.87537956237793,2.2069457372708712e-11,True
full,929,97,RELD_MOEL,77,9.4657001495,9.465700149536133,3.6132874470240495e-11,True
full,929,97,RELD_MTL,77,9.7037944794,9.703794479370117,2.9883651109230414e-11,True
full,935,97,RELD_MOEL,77,12.7451648712,12.74516487121582,1.582023401169863e-11,True
full,935,97,RELD_MTL,77,12.8629512787,12.862951278686523,1.34772193405297e-11,True
full,956,98,RELD_MOEL,78,15.5162973404,15.516297340393066,6.9331207441791776e-12,True
full,956,98,RELD_MTL,78,16.0009689331,16.00096893310547,5.467626351673971e-12,True
full,949,98,RELD_MOEL,78,12.8438682556,12.843868255615234,1.5234036254696548e-11,True
full,949,98,RELD_MTL,78,13.0645561218,13.064556121826172,2.617106531488389e-11,True
full,953,98,RELD_MOEL,78,16.8273887634,16.827388763427734,2.773603569039551e-11,True
full,953,98,RELD_MTL,78,15.9628591537,15.962859153747559,4.7558401661262906e-11,True
full,947,98,RELD_MOEL,78,14.8860692978,14.886069297790527,9.473311024521536e-12,True
full,947,98,RELD_MTL,78,14.8754997253,14.875499725341797,4.1797676431087893e-11,True
full,951,98,RELD_MOEL,78,15.0960969925,15.096096992492676,7.323919248847233e-12,True
full,951,98,RELD_MTL,78,14.6774196625,14.677419662475586,2.4414248400717042e-11,True
full,954,98,RELD_MOEL,78,12.5467224121,12.546722412109375,9.375611398354522e-12,True
full,954,98,RELD_MTL,78,12.5481319427,12.548131942749023,4.902389605376811e-11,True
full,946,98,RELD_MOEL,78,14.0119400024,14.011940002441406,4.140687792641984e-11,True
full,946,98,RELD_MTL,78,13.667757988,13.667757987976074,2.3925750269881974e-11,True
full,958,98,RELD_MOEL,78,11.5856170654,11.585617065429688,2.9688251856896386e-11,True
full,958,98,RELD_MTL,78,11.6888656616,11.688865661621094,2.1094237467877974e-11,True
full,943,98,RELD_MOEL,78,14.3728866577,14.372886657714844,1.4843237750028493e-11,True
full,943,98,RELD_MTL,78,13.7686786652,13.768678665161133,3.886668764607748e-11,True
full,957,98,RELD_MOEL,78,10.5830593109,10.583059310913086,1.3086420835861645e-11,True
full,957,98,RELD_MTL,78,10.866689682,10.866689682006836,6.835421118012164e-12,True
full,944,98,RELD_MOEL,78,12.3175487518,12.317548751831055,3.105427026639518e-11,True
full,944,98,RELD_MTL,78,11.9975614548,11.99756145477295,2.7050361950387014e-11,True
full,961,98,RELD_MOEL,78,13.7066192627,13.706619262695312,4.687805699177261e-12,True
full,961,98,RELD_MTL,78,12.9092731476,12.909273147583008,1.6992629525702796e-11,True
full,955,98,RELD_MOEL,78,10.1706447601,10.170644760131836,3.183586727573129e-11,True
full,955,98,RELD_MTL,78,10.02821064,10.028210639953613,4.638600614725874e-11,True
full,959,98,RELD_MOEL,78,9.2242164612,9.22421646118164,1.835864793520159e-11,True
full,959,98,RELD_MTL,78,9.421336174,9.42133617401123,1.1230127938688383e-11,True
full,948,98,RELD_MOEL,78,17.0633716583,17.063371658325195,2.5195845410053153e-11,True
full,948,98,RELD_MTL,78,17.1798057556,17.179805755615234,1.5234036254696548e-11,True
full,952,98,RELD_MOEL,78,13.3473014832,13.347301483154297,4.5703885120929044e-11,True
full,952,98,RELD_MTL,78,13.3039112091,13.303911209106445,6.444622613344109e-12,True
full,960,98,RELD_MOEL,78,19.3339347839,19.333934783935547,3.554845307007781e-11,True
full,960,98,RELD_MTL,78,20.1116390228,20.11163902282715,2.7149837933393428e-11,True
full,945,98,RELD_MOEL,78,8.4531993866,8.45319938659668,3.320010932839068e-12,True
full,945,98,RELD_MTL,78,8.4933853149,8.493385314941406,4.140687792641984e-11,True
full,950,98,RELD_MOEL,78,8.432258606,8.432258605957031,4.296829558825266e-11,True
full,950,98,RELD_MTL,78,8.5745563507,8.574556350708008,8.007816632016329e-12,True
full,979,99,RELD_MOEL,79,17.2909240723,17.290924072265625,3.437605755607365e-11,True
full,979,99,RELD_MTL,79,18.6430206299,18.643020629882812,1.7188028778036823e-11,True
full,978,99,RELD_MOEL,79,18.3910560608,18.391056060791016,8.984812893686467e-12,True
full,978,99,RELD_MTL,79,18.5487308502,18.548730850219727,1.9728219058379182e-11,True
full,971,99,RELD_MOEL,79,11.511961937,11.511961936950684,4.9316994932269154e-11,True
full,971,99,RELD_MTL,79,11.2098312378,11.209831237792969,7.030820370346191e-12,True
full,962,99,RELD_MOEL,79,16.0857048035,16.085704803466797,3.320366204206948e-11,True
full,962,99,RELD_MTL,79,16.2495231628,16.249523162841797,4.1797676431087893e-11,True
full,980,99,RELD_MOEL,79,13.9198226929,13.919822692871094,2.8906654847560276e-11,True
full,980,99,RELD_MTL,79,13.4757385254,13.475738525390625,9.375611398354522e-12,True
full,966,99,RELD_MOEL,79,7.9791121483,7.979112148284912,1.5087486815446027e-11,True
full,966,99,RELD_MTL,79,7.8684535027,7.868453502655029,4.497113792467644e-11,True
full,970,99,RELD_MOEL,79,6.3158946037,6.315894603729248,2.9247715360725124e-11,True
full,970,99,RELD_MTL,79,5.7208909988,5.720890998840332,4.033218203858269e-11,True
full,965,99,RELD_MOEL,79,15.4471378326,15.447137832641602,4.1602277178753866e-11,True
full,965,99,RELD_MTL,79,15.1311664581,15.131166458129883,2.9883651109230414e-11,True
full,977,99,RELD_MOEL,79,10.903676033,10.90367603302002,2.0019541580040823e-11,True
full,977,99,RELD_MTL,79,10.9159069061,10.91590690612793,2.7929658585890138e-11,True
full,975,99,RELD_MOEL,79,8.8476314545,8.847631454467773,3.2226665780399344e-11,True
full,975,99,RELD_MTL,79,8.0194797516,8.019479751586914,1.3086420835861645e-11,True
full,964,99,RELD_MOEL,79,14.1670789719,14.167078971862793,3.7207570358077646e-11,True
full,964,99,RELD_MTL,79,13.7913150787,13.791315078735352,3.5351277460904384e-11,True
full,976,99,RELD_MOEL,79,15.2478246689,15.247824668884277,1.5722534385531617e-11,True
full,976,99,RELD_MTL,79,15.3610935211,15.361093521118164,1.816324868286756e-11,True
full,963,99,RELD_MOEL,79,12.3051052094,12.305105209350586,4.941469455843617e-11,True
full,963,99,RELD_MTL,79,11.4695663452,11.469566345214844,1.4843237750028493e-11,True
full,969,99,RELD_MOEL,79,10.5304861069,10.530486106872559,2.744116045505507e-11,True
full,969,99,RELD_MTL,79,10.7242937088,10.72429370880127,1.270095140171179e-12,True
full,967,99,RELD_MOEL,79,14.2107477188,14.210747718811035,1.1034728686354356e-11,True
full,967,99,RELD_MTL,79,14.512512207,14.51251220703125,3.1249669518729206e-11,True
full,972,99,RELD_MOEL,79,9.8059434891,9.805943489074707,2.5293545036220166e-11,True
full,972,99,RELD_MTL,79,9.6205997467,9.620599746704102,4.101607942175178e-12,True
full,968,99,RELD_MOEL,79,8.5417842865,8.541784286499023,9.769962616701378e-13,True
full,968,99,RELD_MTL,79,7.9611902237,7.961190223693848,6.1524119132627675e-12,True
full,973,99,RELD_MOEL,79,11.7505397797,11.750539779663086,3.6914471479576605e-11,True
full,973,99,RELD_MTL,79,11.643737793,11.64373779296875,3.1249669518729206e-11,True
full,974,99,RELD_MOEL,79,14.0614805222,14.061480522155762,4.423839072842384e-11,True
full,974,99,RELD_MTL,79,14.9476003647,14.947600364685059,1.4940937376195507e-11,True
full,981,100,RELD_MOEL,80,11.9191865921,11.91918659210205,2.049915792667889e-12,True
full,981,100,RELD_MTL,80,11.4395046234,11.439504623413086,1.3086420835861645e-11,True
full,988,100,RELD_MOEL,80,12.4279642105,12.427964210510254,1.0253131677018246e-11,True
full,988,100,RELD_MTL,80,12.6020965576,12.602096557617188,1.7188028778036823e-11,True
full,997,100,RELD_MOEL,80,16.0825233459,16.082523345947266,4.7265302782761864e-11,True
full,997,100,RELD_MTL,80,16.5830364227,16.583036422729492,2.949107624772296e-11,True
full,984,100,RELD_MOEL,80,9.6385545731,9.638554573059082,4.091837979558477e-11,True
full,984,100,RELD_MTL,80,9.4017820358,9.401782035827637,2.7636559707389097e-11,True
full,982,100,RELD_MOEL,80,11.5831565857,11.58315658569336,6.640021865678136e-12,True
full,982,100,RELD_MTL,80,11.8772907257,11.877290725708008,8.007816632016329e-12,True
full,990,100,RELD_MOEL,80,11.7837753296,11.783775329589844,1.0155432050851232e-11,True
full,990,100,RELD_MTL,80,12.0982761383,12.098276138305664,5.664801960847399e-12,True
full,999,100,RELD_MOEL,80,13.58335495,13.583354949951172,4.8828496801434085e-11,True
full,999,100,RELD_MTL,80,13.5011425018,13.501142501831055,3.105427026639518e-11,True
full,996,100,RELD_MOEL,80,14.1797218323,14.17972183227539,2.460964765305107e-11,True
full,996,100,RELD_MTL,80,14.6558790207,14.655879020690918,9.08251251985348e-12,True
full,987,100,RELD_MOEL,80,7.8045625687,7.804562568664551,3.54489770870714e-11,True
full,987,100,RELD_MTL,80,7.8754901886,7.875490188598633,1.3669065879184927e-12,True
full,989,100,RELD_MOEL,80,11.1135425568,11.113542556762695,3.730526998424466e-11,True
full,989,100,RELD_MTL,80,10.9438753128,10.943875312805176,5.17630383001233e-12,True
full,993,100,RELD_MOEL,80,11.7668066025,11.766806602478027,2.1973534103381098e-11,True
full,993,100,RELD_MTL,80,11.7430458069,11.743045806884766,1.5234036254696548e-11,True
full,994,100,RELD_MOEL,80,9.7387571335,9.738757133483887,1.6113332890199672e-11,True
full,994,100,RELD_MTL,80,8.7917976379,8.791797637939453,3.945288540307956e-11,True
full,985,100,RELD_MOEL,80,13.4363937378,13.436393737792969,7.030820370346191e-12,True
full,985,100,RELD_MTL,80,13.2269659042,13.22696590423584,3.5839775591739453e-11,True
full,991,100,RELD_MOEL,80,7.792324543,7.792324542999268,7.327471962526033e-13,True
full,991,100,RELD_MTL,80,6.80732584,6.807325839996338,3.661959624423616e-12,True
full,995,100,RELD_MOEL,80,11.6750936508,11.675093650817871,1.787192616120592e-11,True
full,995,100,RELD_MTL,80,11.746679306,11.746679306030273,3.027267325705907e-11,True
full,992,100,RELD_MOEL,80,14.8987445831,14.898744583129883,2.9883651109230414e-11,True
full,992,100,RELD_MTL,80,14.3961353302,14.396135330200195,1.9539925233402755e-13,True
full,983,100,RELD_MOEL,80,18.1319789886,18.13197898864746,4.746070203509589e-11,True
full,983,100,RELD_MTL,80,18.1510257721,18.151025772094727,5.272227099339943e-12,True
full,986,100,RELD_MOEL,80,16.2322883606,16.232288360595703,4.295230837669806e-12,True
full,986,100,RELD_MTL,80,16.3306846619,16.330684661865234,3.47668560607417e-11,True
full,998,100,RELD_MOEL,80,12.0810050964,12.081005096435547,3.554667671323841e-11,True
full,998,100,RELD_MTL,80,11.635263443,11.635263442993164,6.835421118012164e-12,True
