problem,index,customers,starts,historical_moel_cost,historical_mtl_cost,historical_pair_winner,replay_moel_min,replay_mtl_min,replay_pair_winner,historical_pair_winner_reproduced,pair_gap_pct,winner_support_count,winner_support_fraction,sparse_support,retained_starts,subset_strict_flip_count,subset_tie_count,subset_strict_flip_fraction,sensitive,selector_selected,selector_native_winner,selector_winner_rank,selector_wrong,selector_target_pair_error,selector_actual_regret_pct,moel_q10_cost,mtl_q10_cost,q10_winner,q10_opposes_min,moel_q25_cost,mtl_q25_cost,q25_winner,q25_opposes_min,moel_median_cost,mtl_median_cost,median_winner,median_opposes_min
OVRPBLTW,0,50,40,11.076669693,11.1647777557,0,11.076669692993164,11.164777755737305,0,True,0.7954382060853599,3,0.075,False,32,0,0,0.0,False,RELD_MOEL,MVMOE,3,True,False,0.7877157441548922,11.2145263671875,11.378423118591309,0,False,11.26943588256836,11.437527418136597,0,False,11.379105567932129,11.517687797546387,0,False
OVRPBLTW,1,50,40,8.9051685333,9.2684059143,0,8.905168533325195,9.26840591430664,0,True,4.078950102310931,13,0.325,False,32,0,0,0.0,False,RELD_MOEL,RELD_MOEL,1,False,False,0.0,9.015913677215575,9.397021579742432,0,False,9.155075550079346,9.47842812538147,0,False,9.345307350158691,9.572188377380371,0,False
OVRPBLTW,2,50,40,5.9758672714,5.9405884743,1,5.97586727142334,5.940588474273682,1,True,0.5938603095067475,1,0.025,True,32,6,0,0.3,True,RELD_MTL,RELD_MTL,1,False,False,0.0,6.195593070983887,6.061866617202758,1,False,6.266924858093262,6.09319281578064,1,False,6.334223747253418,6.2129576206207275,1,False
OVRPBLTW,3,50,40,7.7857522964,7.3344063759,1,7.785752296447754,7.33440637588501,1,True,6.153816646744165,13,0.325,False,32,0,0,0.0,False,RELD_MOEL,RELD_MTL,2,True,True,6.153816646744166,7.86903977394104,7.5761885166168215,1,False,8.0508131980896,7.755760908126831,1,False,8.324546813964844,7.90156364440918,1,False
OVRPBLTW,4,50,40,8.0660686493,7.9749550819,1,8.066068649291992,7.974955081939697,1,True,1.142496308308892,18,0.45,False,32,0,0,0.0,False,RELD_MOEL,RELD_MTL,2,True,True,1.142496308308892,8.117188644409179,7.994579553604126,1,False,8.607809782028198,8.01365065574646,1,False,8.775551795959473,8.07887315750122,1,False
OVRPBLTW,5,50,40,8.3290271759,8.3732337952,0,8.32902717590332,8.373233795166016,0,True,0.5307536926750848,2,0.05,True,32,0,0,0.0,False,RELD_MOEL,RELD_MOEL,1,False,False,0.0,8.416986846923828,8.455681610107423,0,False,8.689314126968384,8.62956953048706,1,True,8.857320308685303,8.823851585388184,1,True
OVRPBLTW,6,50,40,8.0119915009,7.9230313301,1,8.011991500854492,7.923031330108643,1,True,1.122804733360535,8,0.2,False,32,0,0,0.0,False,RELD_MOEL,RELD_MTL,2,True,True,1.122804733360535,8.104763984680176,7.957322120666504,1,False,8.211542129516602,8.129514455795288,1,False,8.333759784698486,8.29118824005127,1,False
OVRPBLTW,7,50,40,8.2507009506,8.2551937103,0,8.250700950622559,8.255193710327148,0,True,0.054453066798803546,1,0.025,True,32,1,0,0.05,True,RELD_MTL,RELD_MOEL,2,True,True,0.054453066798803546,8.346590709686279,8.268828296661377,1,True,8.39850664138794,8.379082202911377,1,True,8.415751934051514,8.467741966247559,0,False
OVRPBLTW,8,50,40,10.6228561401,10.6780853271,0,10.622856140136719,10.678085327148438,0,True,0.5199090176088953,1,0.025,True,32,2,0,0.1,True,RELD_MOEL,RELD_MOEL,1,False,False,0.0,10.94680290222168,10.852738380432129,1,True,11.03989553451538,10.895183086395264,1,True,11.573986530303955,10.986051559448242,1,True
OVRPBLTW,9,50,40,11.6113147736,12.2758312225,0,11.61131477355957,12.27583122253418,0,True,5.723007789013478,21,0.525,False,32,0,0,0.0,False,RELD_MOEL,RELD_MOEL,1,False,False,0.0,12.070773887634278,12.39082441329956,0,False,12.098188400268555,12.442631721496582,0,False,12.251996040344238,12.540484428405762,0,False
OVRPBLTW,10,50,40,5.3223700523,5.1690855026,1,5.3223700523376465,5.169085502624512,1,True,2.9654094447247923,7,0.175,False,32,0,0,0.0,False,RELD_MTL,RELD_MTL,1,False,False,0.0,5.5097146987915036,5.308639240264893,1,False,5.606342554092407,5.489504337310791,1,False,5.739605903625488,5.5539796352386475,1,False
OVRPBLTW,11,50,40,6.9254407883,6.982395649,0,6.925440788269043,6.982395648956299,0,True,0.822400514870047,1,0.025,True,32,8,0,0.4,True,RELD_MOEL,RELD_MOEL,1,False,False,0.0,7.127086114883423,7.031728744506836,1,True,7.139529228210449,7.0527050495147705,1,True,7.260935306549072,7.2157957553863525,1,True
OVRPBLTW,12,50,40,8.6256866455,8.5860404968,1,8.625686645507812,8.586040496826172,1,True,0.4617512427850219,2,0.05,True,32,0,0,0.0,False,RELD_MOEL,RELD_MTL,2,True,True,0.46175124278502194,8.938927268981933,9.031120586395264,0,True,9.05005145072937,9.14396047592163,0,True,9.19443130493164,9.286739349365234,0,True
OVRPBLTW,13,50,40,8.6312217712,7.2495584488,1,8.631221771240234,7.249558448791504,1,True,19.05858587330519,40,1.0,False,32,0,0,0.0,False,RELD_MTL,RELD_MTL,1,False,False,0.0,8.756329154968261,7.464668464660645,1,False,8.824349403381348,7.488850474357605,1,False,8.854340553283691,7.523489952087402,1,False
OVRPBLTW,14,50,40,7.3854579926,7.4616417885,0,7.385457992553711,7.461641788482666,0,True,1.0315378677440636,3,0.075,False,32,0,0,0.0,False,RELD_MOEL,RELD_MOEL,1,False,False,0.0,7.5404492855072025,7.560973167419434,0,False,7.715644121170044,7.647235155105591,1,True,7.936778545379639,7.720800876617432,1,True
OVRPBLTW,15,50,40,9.3541555405,9.390337944,0,9.354155540466309,9.390337944030762,0,True,0.38680566453426496,2,0.05,True,32,0,0,0.0,False,RELD_MOEL,RELD_MOEL,1,False,False,0.0,9.464491653442384,9.480283451080322,0,False,9.566073417663574,9.674389600753784,0,False,9.701836585998535,9.74818229675293,0,False
OVRPBLTW,16,50,40,6.066160202,6.123705864,0,6.066160202026367,6.123705863952637,0,True,0.9486340631265756,7,0.175,False,32,0,0,0.0,False,RELD_MOEL,RELD_MOEL,1,False,False,0.0,6.0948466777801515,6.173283624649048,0,False,6.156509280204773,6.336257815361023,0,False,6.3171563148498535,6.865050554275513,0,False
OVRPBLTW,17,50,40,5.2359256744,5.4763946533,0,5.235925674438477,5.4763946533203125,0,True,4.592673652258369,13,0.325,False,32,0,0,0.0,False,RELD_MOEL,RELD_MOEL,1,False,False,0.0,5.431547164916992,5.6669095993042,0,False,5.46747899055481,5.688583850860596,0,False,5.573482036590576,5.7787675857543945,0,False
OVRPBLTW,18,50,40,9.6932754517,10.4263725281,0,9.693275451660156,10.426372528076172,0,True,7.562944848239404,17,0.425,False,32,0,0,0.0,False,RELD_MTL,RELD_MOEL,2,True,True,7.562944848239404,9.907933235168457,10.875210952758788,0,False,10.31429934501648,11.07024598121643,0,False,10.461725234985352,11.211339473724365,0,False
OVRPBLTW,19,50,40,9.351190567,9.6674156189,0,9.351190567016602,9.667415618896484,0,True,3.381655518987565,11,0.275,False,32,0,0,0.0,False,RELD_MOEL,RELD_MOEL,1,False,False,0.0,9.571996688842773,9.85165786743164,0,False,9.633606910705566,9.890216588973999,0,False,9.791698932647705,10.023770332336426,0,False
OVRPBLTW,20,51,40,7.4479231834,7.518116951,0,7.447923183441162,7.5181169509887695,0,True,0.942460950140407,3,0.075,False,32,0,0,0.0,False,RELD_MOEL,RELD_MOEL,1,False,False,0.0,7.518171787261963,7.581093072891235,0,False,7.553781747817993,7.72833776473999,0,False,7.709228992462158,7.8691606521606445,0,False
OVRPBLTW,21,51,40,7.7058429718,7.2765822411,1,7.705842971801758,7.27658224105835,1,True,5.899208123773078,6,0.15,False,32,0,0,0.0,False,RELD_MTL,RELD_MTL,1,False,False,0.0,7.8298359394073485,7.6922478675842285,1,False,7.929229736328125,7.760421991348267,1,False,8.157196044921875,7.8787877559661865,1,False
OVRPBLTW,22,51,40,7.2780580521,7.1335110664,1,7.278058052062988,7.133511066436768,1,True,2.026309125401652,2,0.05,True,32,0,0,0.0,False,RELD_MTL,RELD_MTL,1,False,False,0.0,7.570786762237549,7.562100410461426,1,False,7.628773808479309,7.633262991905212,0,True,7.748398303985596,7.759442329406738,0,True
OVRPBLTW,23,51,40,9.789814949,10.0306434631,0,9.789814949035645,10.030643463134766,0,True,2.459990463094507,28,0.7,False,32,0,0,0.0,False,RELD_MTL,RELD_MOEL,2,True,True,2.459990463094507,9.843861865997315,10.093661117553712,0,False,9.864459991455078,10.127980470657349,0,False,9.916026592254639,10.174149513244629,0,False
OVRPBLTW,24,51,40,8.4253196716,8.3290157318,1,8.42531967163086,8.329015731811523,1,True,1.1562463429179748,4,0.1,False,32,0,0,0.0,False,RELD_MOEL,RELD_MTL,2,True,True,1.1562463429179748,8.707417392730713,8.499836826324463,1,False,8.88830304145813,8.568925619125366,1,False,9.023540019989014,8.624395847320557,1,False
OVRPBLTW,25,51,40,12.9057617188,12.571308136,1,12.90576171875,12.571308135986328,1,True,2.6604517141874497,3,0.075,False,32,0,0,0.0,False,RELD_MOEL,RELD_MTL,2,True,True,2.6604517141874497,13.103363800048829,13.200657844543457,0,True,13.164886474609375,13.409229278564453,0,True,13.33414888381958,13.671801567077637,0,True
OVRPBLTW,26,51,40,8.0351076126,7.9921340942,1,8.035107612609863,7.992134094238281,1,True,0.5376976648976118,3,0.075,False,32,0,0,0.0,False,RELD_MTL,RELD_MTL,1,False,False,0.0,8.108617401123047,8.471606826782226,0,True,8.257200956344604,8.50478196144104,0,True,8.718084335327148,8.555060863494873,1,False
OVRPBLTW,27,51,40,6.6953353882,6.7672052383,0,6.695335388183594,6.767205238342285,0,True,1.0734316644788942,1,0.025,True,32,3,0,0.15,True,RELD_MOEL,RELD_MOEL,1,False,False,0.0,6.853644371032715,6.89379301071167,0,False,6.913981556892395,7.134987115859985,0,False,6.992110729217529,7.224795818328857,0,False
OVRPBLTW,28,51,40,8.5650672913,7.7775287628,1,8.565067291259766,7.777528762817383,1,True,10.125819556808388,18,0.45,False,32,0,0,0.0,False,RELD_MTL,RELD_MTL,1,False,False,0.0,8.706381607055665,7.809909915924072,1,False,9.269599437713623,7.861752271652222,1,False,9.30941104888916,8.611825466156006,1,False
OVRPBLTW,29,51,40,10.1374988556,10.5751304626,0,10.13749885559082,10.575130462646484,0,True,4.316958386222164,2,0.05,True,32,0,0,0.0,False,RELD_MOEL,RELD_MOEL,1,False,False,0.0,11.141164398193359,11.51385440826416,0,False,11.31400203704834,11.709477663040161,0,False,11.842565536499023,11.984336376190186,0,False
OVRPBLTW,30,51,40,9.8681488037,9.9980964661,0,9.868148803710938,9.998096466064453,0,True,1.3168393078069138,8,0.2,False,32,0,0,0.0,False,RELD_MOEL,RELD_MOEL,1,False,False,0.0,9.944991111755371,10.536003684997558,0,False,10.065440893173218,10.771583318710327,0,False,10.343086242675781,10.880775451660156,0,False
OVRPBLTW,31,51,40,6.5601062775,6.2725324631,1,6.56010627746582,6.2725324630737305,1,True,4.584652468388752,7,0.175,False,32,0,0,0.0,False,RELD_MOEL,RELD_MTL,2,True,True,4.584652468388752,6.876414203643799,6.316867399215698,1,False,6.948254466056824,6.617785930633545,1,False,6.999176263809204,6.697234630584717,1,False
OVRPBLTW,32,51,40,6.2031335831,6.539247036,0,6.203133583068848,6.539247035980225,0,True,5.418446151405118,11,0.275,False,32,0,0,0.0,False,RELD_MTL,RELD_MOEL,2,True,True,5.418446151405117,6.303519153594971,6.975385856628418,0,False,6.362639665603638,7.226588129997253,0,False,7.138061285018921,7.25382137298584,0,False
OVRPBLTW,33,51,40,5.1308460236,5.1227412224,1,5.13084602355957,5.122741222381592,1,True,0.1582121924207391,1,0.025,True,32,3,0,0.15,True,RELD_MTL,RELD_MTL,1,False,False,0.0,5.352022647857666,5.223820209503174,1,False,5.475651979446411,5.254114866256714,1,False,5.600283861160278,5.3302812576293945,1,False
OVRPBLTW,34,51,40,9.4078969955,9.2995996475,1,9.407896995544434,9.299599647521973,1,True,1.164537744687903,1,0.025,True,32,6,0,0.3,True,RELD_MOEL,RELD_MTL,2,True,True,1.1645377446879033,9.501618003845214,9.66608486175537,0,True,9.568930864334106,9.732574701309204,0,True,9.799907684326172,9.92256212234497,0,True
OVRPBLTW,35,51,40,7.9625973701,8.0134162903,0,7.962597370147705,8.013416290283203,0,True,0.6382203926425832,1,0.025,True,32,3,0,0.15,True,RELD_MOEL,RELD_MOEL,1,False,False,0.0,8.180218601226807,8.113440322875977,1,True,8.575070858001709,8.278573989868164,1,True,8.74294662475586,8.384594917297363,1,True
OVRPBLTW,36,51,40,10.3419208527,10.0510749817,1,10.341920852661133,10.051074981689453,1,True,2.8936792485335494,2,0.05,True,32,1,0,0.05,True,RELD_MOEL,RELD_MTL,2,True,True,2.89367924853355,10.794655036926269,10.45327033996582,1,False,10.876574039459229,10.701361179351807,1,False,10.975752830505371,10.932761192321777,1,False
OVRPBLTW,37,51,40,7.3230009079,7.7289943695,0,7.323000907897949,7.728994369506836,0,True,5.544085911037056,7,0.175,False,32,0,0,0.0,False,RELD_MOEL,RELD_MOEL,1,False,False,0.0,7.689917516708374,8.061707782745362,0,False,7.781782031059265,8.207637310028076,0,False,7.956544637680054,8.443171977996826,0,False
OVRPBLTW,38,51,40,10.6716823578,11.0339860916,0,10.671682357788086,11.03398609161377,0,True,3.3950011034126137,11,0.275,False,32,0,0,0.0,False,RELD_MOEL,RELD_MOEL,1,False,False,0.0,10.82937994003296,11.258480262756347,0,False,11.017009258270264,11.405061721801758,0,False,11.260651588439941,11.549803733825684,0,False
OVRPBLTW,39,51,40,7.488781929,7.5698738098,0,7.488781929016113,7.569873809814453,0,True,1.0828447345485501,1,0.025,True,32,0,0,0.0,False,RELD_MOEL,RELD_MOEL,1,False,False,0.0,7.906567621231079,8.28651180267334,0,False,8.167388439178467,8.454692840576172,0,False,8.366320133209229,8.611171245574951,0,False
OVRPBLTW,40,52,41,7.8037204742,8.0285682678,0,7.803720474243164,8.028568267822266,0,True,2.8812896917998683,13,0.3170731707317073,False,33,0,0,0.0,False,RELD_MOEL,RELD_MOEL,1,False,False,0.0,7.8477253913879395,8.393472671508789,0,False,7.990900039672852,8.512214660644531,0,False,8.198518753051758,8.613144874572754,0,False
OVRPBLTW,41,52,41,9.8076438904,9.6658573151,1,9.80764389038086,9.665857315063477,1,True,1.4668804915886813,3,0.07317073170731707,False,33,0,0,0.0,False,RELD_MOEL,RELD_MTL,2,True,True,1.466880491588681,9.945133209228516,9.899619102478027,1,False,10.245733261108398,10.070240020751953,1,False,10.413311958312988,10.309612274169922,1,False
OVRPBLTW,42,52,41,7.2821598053,7.2788171768,1,7.282159805297852,7.278817176818848,1,True,0.04592268796988758,2,0.04878048780487805,True,33,0,0,0.0,False,RELD_MTL,RELD_MTL,1,False,False,0.0,7.408492565155029,7.348633766174316,1,False,7.555680274963379,7.522478103637695,1,False,7.685551643371582,7.624457359313965,1,False
OVRPBLTW,43,52,41,6.5856289864,6.4642019272,1,6.585628986358643,6.464201927185059,1,True,1.8784539927358983,17,0.4146341463414634,False,33,0,0,0.0,False,RELD_MTL,RELD_MTL,1,False,False,0.0,7.050978660583496,6.5159687995910645,1,False,7.1065168380737305,6.536362648010254,1,False,7.586863040924072,6.62556266784668,1,False
OVRPBLTW,44,52,41,9.3298892975,9.5634469986,0,9.329889297485352,9.563446998596191,0,True,2.503327677881277,1,0.024390243902439025,True,33,2,0,0.1,True,RELD_MOEL,RELD_MOEL,1,False,False,0.0,9.665977478027344,9.828263282775879,0,False,9.72108268737793,10.012166023254395,0,False,9.941360473632812,10.147324562072754,0,False
OVRPBLTW,45,52,41,9.2655315399,9.593337059,0,9.265531539916992,9.593337059020996,0,True,3.5379030084607312,16,0.3902439024390244,False,33,0,0,0.0,False,RELD_MOEL,RELD_MOEL,1,False,False,0.0,9.272846221923828,9.641549110412598,0,False,9.452342987060547,9.811240196228027,0,False,9.660062789916992,9.98372745513916,0,False
OVRPBLTW,46,52,41,6.0057210922,6.1293759346,0,6.005721092224121,6.12937593460083,0,True,2.058950798774153,14,0.34146341463414637,False,33,0,0,0.0,False,RELD_MTL,RELD_MOEL,2,True,True,2.058950798774153,6.084660053253174,6.160644054412842,0,False,6.122884750366211,6.218457221984863,0,False,6.206098556518555,6.273524761199951,0,False
OVRPBLTW,47,52,41,5.0540981293,5.0183582306,1,5.054098129272461,5.01835823059082,1,True,0.7121830897218963,4,0.0975609756097561,False,33,0,0,0.0,False,RELD_MTL,RELD_MTL,1,False,False,0.0,5.375265121459961,5.054911136627197,1,False,5.43315315246582,5.097241401672363,1,False,5.513922691345215,5.197674751281738,1,False
OVRPBLTW,48,52,41,9.2049732208,9.6123752594,0,9.204973220825195,9.612375259399414,0,True,4.425890535774896,22,0.5365853658536586,False,33,0,0,0.0,False,RELD_MOEL,RELD_MOEL,1,False,False,0.0,9.306116104125977,9.640162467956543,0,False,9.346113204956055,9.69674301147461,0,False,9.41440200805664,9.913825988769531,0,False
OVRPBLTW,49,52,41,10.6062145233,10.4590301514,1,10.60621452331543,10.459030151367188,1,True,1.4072468457345295,2,0.04878048780487805,True,33,0,0,0.0,False,RELD_MOEL,RELD_MTL,2,True,True,1.4072468457345295,10.71794319152832,10.686365127563477,1,False,10.883760452270508,10.84383773803711,1,False,11.104436874389648,11.11977767944336,0,True
OVRPBLTW,50,52,41,7.2844715118,7.4510030746,0,7.28447151184082,7.451003074645996,0,True,2.286117291147869,4,0.0975609756097561,False,33,0,0,0.0,False,RELD_MOEL,RELD_MOEL,1,False,False,0.0,7.527153015136719,7.634271621704102,0,False,7.675844669342041,7.658294677734375,1,True,7.732821464538574,7.723395347595215,1,True
OVRPBLTW,51,52,41,8.6296062469,8.5677051544,1,8.629606246948242,8.567705154418945,1,True,0.7224932626003092,1,0.024390243902439025,True,33,4,0,0.2,True,RELD_MOEL,RELD_MTL,2,True,True,0.7224932626003092,8.826175689697266,8.868589401245117,0,True,9.0372896194458,8.976825714111328,1,False,9.129002571105957,9.323772430419922,0,True
OVRPBLTW,52,52,41,6.8005962372,6.7479705811,1,6.800596237182617,6.7479705810546875,1,True,0.7798738223221687,3,0.07317073170731707,False,33,0,0,0.0,False,RELD_MTL,RELD_MTL,1,False,False,0.0,6.955319404602051,6.843837261199951,1,False,7.018453121185303,7.104709625244141,0,True,7.1370744705200195,7.154617786407471,0,True
OVRPBLTW,53,52,41,6.0056767464,5.8577413559,1,6.005676746368408,5.857741355895996,1,True,2.525468120080058,5,0.12195121951219512,False,33,0,0,0.0,False,RELD_MTL,RELD_MTL,1,False,False,0.0,6.264618873596191,5.966745853424072,1,False,6.724174976348877,6.467944622039795,1,False,6.835850715637207,6.5133256912231445,1,False
OVRPBLTW,54,52,41,7.8596057892,7.9406957626,0,7.85960578918457,7.940695762634277,0,True,1.0317307963642026,9,0.21951219512195122,False,33,0,0,0.0,False,RELD_MOEL,RELD_MOEL,1,False,False,0.0,7.90184211730957,8.322601318359375,0,False,8.074751853942871,8.377838134765625,0,False,8.426858901977539,8.605438232421875,0,False
OVRPBLTW,55,52,41,7.8736658096,8.1607522964,0,7.873665809631348,8.160752296447754,0,True,3.6461604256808613,1,0.024390243902439025,True,33,2,0,0.1,True,RELD_MOEL,RELD_MOEL,1,False,False,0.0,8.432137489318848,8.66063117980957,0,False,8.625749588012695,8.911676406860352,0,False,9.28525161743164,9.000659942626953,1,True
OVRPBLTW,56,52,41,7.8882341385,8.101234436,0,7.8882341384887695,8.101234436035156,0,True,2.70022788066613,9,0.21951219512195122,False,33,0,0,0.0,False,RELD_MOEL,RELD_MOEL,1,False,False,0.0,7.9768500328063965,8.281587600708008,0,False,8.153203964233398,8.432004928588867,0,False,8.46518325805664,8.708499908447266,0,False
OVRPBLTW,57,52,41,9.3124666214,9.0099534988,1,9.312466621398926,9.009953498840332,1,True,3.3575436614660794,3,0.07317073170731707,False,33,0,0,0.0,False,RELD_MOEL,RELD_MTL,2,True,True,3.3575436614660794,9.456204414367676,9.354829788208008,1,False,9.55317497253418,9.855944633483887,0,True,9.787714004516602,10.029523849487305,0,True
OVRPBLTW,58,52,41,11.1307916641,10.6607599258,1,11.130791664123535,10.660759925842285,1,True,4.408989054921688,6,0.14634146341463414,False,33,0,0,0.0,False,RELD_MTL,RELD_MTL,1,False,False,0.0,11.218209266662598,10.785796165466309,1,False,11.32524585723877,11.434832572937012,0,True,11.42075252532959,11.561927795410156,0,True
OVRPBLTW,59,52,41,7.0696315765,7.6668438911,0,7.069631576538086,7.666843891143799,0,True,8.44757337263769,28,0.6829268292682927,False,33,0,0,0.0,False,RELD_MOEL,RELD_MOEL,1,False,False,0.0,7.361945629119873,7.857961654663086,0,False,7.402198791503906,8.093917846679688,0,False,7.50285530090332,8.20246696472168,0,False
OVRPBLTW,60,53,42,4.9514532089,4.9396114349,1,4.95145320892334,4.939611434936523,1,True,0.2397308807801045,2,0.047619047619047616,True,34,0,0,0.0,False,RELD_MTL,RELD_MTL,1,False,False,0.0,5.11853437423706,5.070045375823975,1,False,5.142162084579468,5.110775709152222,1,False,5.33034348487854,5.404922008514404,0,True
OVRPBLTW,61,53,42,7.8713216782,7.9560937881,0,7.871321678161621,7.956093788146973,0,True,1.0769742791071515,3,0.07142857142857142,False,34,0,0,0.0,False,RELD_MTL,RELD_MOEL,2,True,True,1.0769742791071515,8.187048721313477,8.024919414520264,1,True,8.328817367553711,8.222673892974854,1,True,8.504295825958252,8.377776622772217,1,True
OVRPBLTW,62,53,42,9.7097558975,9.3150081635,1,9.709755897521973,9.315008163452148,1,True,4.237760472897724,2,0.047619047619047616,True,34,0,0,0.0,False,RELD_MTL,RELD_MTL,1,False,False,0.0,9.743024826049805,9.986652660369874,0,True,9.782535076141357,10.093213081359863,0,True,9.828594207763672,10.354423522949219,0,True
OVRPBLTW,63,53,42,6.1350440979,5.8297967911,1,6.135044097900391,5.82979679107666,1,True,5.23598536515034,8,0.19047619047619047,False,34,0,0,0.0,False,RELD_MTL,RELD_MTL,1,False,False,0.0,6.196897363662719,5.878329944610596,1,False,7.068832874298096,6.835832595825195,1,False,7.2808144092559814,6.907206058502197,1,False
OVRPBLTW,64,53,42,6.363699913,6.4218821526,0,6.363699913024902,6.421882152557373,0,True,0.9142832062389346,2,0.047619047619047616,True,34,0,0,0.0,False,RELD_MOEL,RELD_MOEL,1,False,False,0.0,6.514653873443604,6.4906093120574955,1,True,6.653628945350647,6.622163414955139,1,True,6.707828044891357,6.710454225540161,0,False
OVRPBLTW,65,53,42,10.1786460876,10.399553299,0,10.178646087646484,10.399553298950195,0,True,2.1703005438917597,1,0.023809523809523808,True,34,1,0,0.05,True,RELD_MTL,RELD_MOEL,2,True,True,2.1703005438917597,10.585073471069336,10.785302925109864,0,False,10.67520022392273,10.880513668060303,0,False,11.138564109802246,11.168702125549316,0,False
OVRPBLTW,66,53,42,8.0164556503,8.0228471756,0,8.01645565032959,8.022847175598145,0,True,0.07973006499153205,1,0.023809523809523808,True,34,5,0,0.25,True,RELD_MOEL,RELD_MOEL,1,False,False,0.0,8.242809104919434,8.219431972503662,1,True,8.340895414352417,8.303868293762207,1,True,8.447353839874268,8.476274490356445,0,False
OVRPBLTW,67,53,42,8.3337459564,8.1088542938,1,8.333745956420898,8.108854293823242,1,True,2.773408603135841,13,0.30952380952380953,False,34,0,0,0.0,False,RELD_MTL,RELD_MTL,1,False,False,0.0,8.926080799102783,8.120784950256347,1,False,8.985530376434326,8.2596755027771,1,False,9.141083717346191,8.69709300994873,1,False
OVRPBLTW,68,53,42,8.6187038422,8.5271205902,1,8.618703842163086,8.527120590209961,1,True,1.0740231832214917,2,0.047619047619047616,True,34,0,0,0.0,False,RELD_MOEL,RELD_MTL,2,True,True,1.0740231832214917,8.802421855926514,8.6940354347229,1,False,9.025026321411133,8.725128412246704,1,False,9.24909782409668,9.178189277648926,1,False
OVRPBLTW,69,53,42,5.5654249191,4.7781200409,1,5.565424919128418,4.778120040893555,1,True,16.477293819761464,30,0.7142857142857143,False,34,0,0,0.0,False,RELD_MTL,RELD_MTL,1,False,False,0.0,5.609466218948365,4.953760576248169,1,False,5.645688772201538,4.9910101890563965,1,False,5.693557262420654,5.234889268875122,1,False
OVRPBLTW,70,53,42,5.7178893089,5.5711655617,1,5.717889308929443,5.571165561676025,1,True,2.6336274801933652,3,0.07142857142857142,False,34,1,0,0.05,True,RELD_MTL,RELD_MTL,1,False,False,0.0,5.774747085571289,5.799438428878784,0,True,5.818034052848816,5.887239575386047,0,True,5.916516304016113,6.206732749938965,0,True
OVRPBLTW,71,53,42,12.5960445404,12.6888284683,0,12.596044540405273,12.688828468322754,0,True,0.7366116212308557,4,0.09523809523809523,False,34,0,0,0.0,False,RELD_MOEL,MVMOE,3,True,False,4.700305224670168,12.70607261657715,12.733663082122803,0,False,12.852296829223633,12.799232482910156,1,True,13.001013278961182,13.016862392425537,0,False
OVRPBLTW,72,53,42,7.8471679688,7.7796144485,1,7.84716796875,7.779614448547363,1,True,0.8683402082094804,4,0.09523809523809523,False,34,0,0,0.0,False,RELD_MOEL,RELD_MTL,2,True,True,0.8683402082094804,7.961189699172974,7.849552631378174,1,False,8.073296070098877,7.90870475769043,1,False,8.15802526473999,8.061746597290039,1,False
OVRPBLTW,73,53,42,8.5293636322,8.3887023926,1,8.529363632202148,8.388702392578125,1,True,1.6767937759251386,1,0.023809523809523808,True,34,5,0,0.25,True,RELD_MOEL,RELD_MTL,2,True,True,1.6767937759251383,8.966822052001953,8.835267066955566,1,False,9.042011260986328,8.930563688278198,1,False,9.116779327392578,9.067129135131836,1,False
OVRPBLTW,74,53,42,9.0511312485,9.0487718582,1,9.051131248474121,9.048771858215332,1,True,0.026074149475461255,1,0.023809523809523808,True,34,2,0,0.1,True,RELD_MOEL,RELD_MTL,2,True,True,0.026074149475461255,9.196203899383544,9.353959560394287,0,True,9.320169925689697,9.392085075378418,0,True,9.496801376342773,9.471831321716309,1,False
OVRPBLTW,75,53,42,6.0387105942,6.0647745132,0,6.038710594177246,6.064774513244629,0,True,0.4316139777427484,1,0.023809523809523808,True,34,3,0,0.15,True,RELD_MTL,RELD_MOEL,2,True,True,0.43161397774274846,6.168955564498901,6.264531517028809,0,False,6.307677268981934,6.483605146408081,0,False,6.410475254058838,6.5321855545043945,0,False
OVRPBLTW,76,53,42,12.3039531708,12.0338916779,1,12.303953170776367,12.033891677856445,1,True,2.2441742050575586,4,0.09523809523809523,False,34,0,0,0.0,False,RELD_MOEL,RELD_MTL,2,True,True,2.2441742050575586,12.571350860595704,12.41654930114746,1,False,12.75389814376831,12.796255826950073,0,True,13.03747844696045,13.03476619720459,1,False
OVRPBLTW,77,53,42,7.2608714104,7.3536128998,0,7.260871410369873,7.353612899780273,0,True,1.277277673133874,6,0.14285714285714285,False,34,0,0,0.0,False,RELD_MOEL,MVMOE,3,True,False,1.0130191207263162,7.315637874603271,7.523691987991333,0,False,7.549962997436523,7.619484543800354,0,False,7.771272659301758,7.809689521789551,0,False
OVRPBLTW,78,53,42,10.8284349442,10.8654880524,0,10.828434944152832,10.865488052368164,0,True,0.3421834123854337,1,0.023809523809523808,True,34,6,0,0.3,True,RELD_MOEL,RELD_MOEL,1,False,False,0.0,11.084402561187744,11.018457412719727,1,True,11.251903533935547,11.194135665893555,1,True,11.470141887664795,11.442180633544922,1,True
OVRPBLTW,79,53,42,5.9903917313,6.2097702026,0,5.990391731262207,6.209770202636719,0,True,3.6621723777051143,1,0.023809523809523808,True,34,4,0,0.2,True,RELD_MTL,RELD_MOEL,2,True,True,3.6621723777051143,6.797923946380616,6.719952869415283,1,True,6.871408462524414,6.837106823921204,1,True,7.638386249542236,6.923091650009155,1,True
OVRPBLTW,80,54,43,6.7735033035,6.7829198837,0,6.773503303527832,6.782919883728027,0,True,0.139020825384911,2,0.046511627906976744,True,35,0,0,0.0,False,RELD_MTL,RELD_MOEL,2,True,True,0.13902082538491098,6.892364883422852,6.912422943115234,0,False,7.139084100723267,7.228662967681885,0,False,7.191131114959717,7.324953556060791,0,False
OVRPBLTW,81,54,43,7.5926852226,7.8586750031,0,7.592685222625732,7.858675003051758,0,True,3.5032372961843374,1,0.023255813953488372,True,35,6,0,0.3,True,RELD_MOEL,RELD_MOEL,1,False,False,0.0,8.033376312255859,7.977950096130371,1,True,8.22749137878418,8.083209991455078,1,True,8.347519874572754,8.17131233215332,1,True
OVRPBLTW,82,54,43,12.7713441849,12.782995224,0,12.771344184875488,12.782995223999023,0,True,0.09122797828732569,1,0.023255813953488372,True,35,1,0,0.05,True,RELD_MOEL,RELD_MOEL,1,False,False,0.0,12.803230285644531,13.229573059082032,0,False,12.910646915435791,13.35810661315918,0,False,13.164511680603027,13.649415969848633,0,False
OVRPBLTW,83,54,43,8.2042274475,8.1363334656,1,8.204227447509766,8.136333465576172,1,True,0.8344542684619745,16,0.37209302325581395,False,35,0,0,0.0,False,RELD_MOEL,RELD_MTL,2,True,True,0.8344542684619745,8.346268653869629,8.144058227539062,1,False,8.42102861404419,8.183932304382324,1,False,9.408000946044922,8.260882377624512,1,False
OVRPBLTW,84,54,43,8.607831955,8.3624267578,1,8.607831954956055,8.3624267578125,1,True,2.934616999438591,15,0.3488372093023256,False,35,0,0,0.0,False,RELD_MTL,RELD_MTL,1,False,False,0.0,8.665316200256347,8.481074333190918,1,False,8.804726123809814,8.512264251708984,1,False,9.129727363586426,8.84367561340332,1,False
OVRPBLTW,85,54,43,8.1880865097,8.6283998489,0,8.18808650970459,8.628399848937988,0,True,5.377487630087726,1,0.023255813953488372,True,35,6,0,0.3,True,RELD_MTL,RELD_MOEL,2,True,True,5.377487630087726,9.001266479492188,8.651701927185059,1,True,9.15626573562622,8.77147912979126,1,True,9.349748611450195,8.952555656433105,1,True
OVRPBLTW,86,54,43,7.4988183975,7.3237671852,1,7.498818397521973,7.323767185211182,1,True,2.3901799152456165,3,0.06976744186046512,False,35,0,0,0.0,False,RELD_MOEL,RELD_MTL,2,True,True,2.390179915245617,7.621193313598633,7.883235168457031,0,True,7.8426501750946045,8.08931589126587,0,True,7.990288257598877,8.534049034118652,0,True
OVRPBLTW,87,54,43,7.2177443504,7.0994124413,1,7.21774435043335,7.099412441253662,1,True,1.6667845413744118,4,0.09302325581395349,False,35,0,0,0.0,False,RELD_MOEL,RELD_MTL,2,True,True,1.6667845413744116,7.255074214935303,7.237270164489746,1,False,7.378832817077637,7.318849563598633,1,False,7.467237949371338,7.48905086517334,0,True
OVRPBLTW,88,54,43,8.6046009064,8.9494667053,0,8.60460090637207,8.949466705322266,0,True,4.007923233760833,9,0.20930232558139536,False,35,0,0,0.0,False,RELD_MOEL,RELD_MOEL,1,False,False,0.0,8.915546226501466,9.34107780456543,0,False,9.012736797332764,9.403066635131836,0,False,9.190711975097656,9.556859970092773,0,False
OVRPBLTW,89,54,43,5.8993415833,6.3662862778,0,5.899341583251953,6.366286277770996,0,True,7.915200161011832,27,0.627906976744186,False,35,0,0,0.0,False,RELD_MOEL,RELD_MOEL,1,False,False,0.0,6.0586771965026855,6.3809364318847654,0,False,6.10182785987854,6.414089202880859,0,False,6.15468692779541,6.44648551940918,0,False
OVRPBLTW,90,54,43,7.5096855164,7.5457897186,0,7.509685516357422,7.54578971862793,0,True,0.4807684971781273,1,0.023255813953488372,True,35,4,0,0.2,True,RELD_MTL,RELD_MOEL,2,True,True,0.4807684971781273,7.7327169418334964,7.682111358642578,1,True,7.7489471435546875,7.702557325363159,1,True,7.842535018920898,7.830953121185303,1,True
OVRPBLTW,91,54,43,7.8536682129,8.0413255692,0,7.853668212890625,8.041325569152832,0,True,2.3894230213566234,13,0.3023255813953488,False,35,0,0,0.0,False,RELD_MOEL,RELD_MOEL,1,False,False,0.0,7.870724105834961,8.271108245849609,0,False,8.000929355621338,8.37392282485962,0,False,8.126258850097656,8.538089752197266,0,False
OVRPBLTW,92,54,43,6.6823277473,6.9586410522,0,6.682327747344971,6.958641052246094,0,True,4.134985821544671,3,0.06976744186046512,False,35,0,0,0.0,False,RELD_MOEL,RELD_MOEL,1,False,False,0.0,7.231883430480957,7.047518348693847,1,True,7.382147312164307,7.093782186508179,1,True,7.439804553985596,7.247430801391602,1,True
OVRPBLTW,93,54,43,10.1539030075,9.0593280792,1,10.153903007507324,9.059328079223633,1,True,12.082297039370037,38,0.8837209302325582,False,35,0,0,0.0,False,RELD_MTL,RELD_MTL,1,False,False,0.0,10.283113288879395,9.284514808654786,1,False,10.440550804138184,9.385048866271973,1,False,10.728322982788086,9.453673362731934,1,False
OVRPBLTW,94,54,43,10.8746337891,10.9088039398,0,10.8746337890625,10.908803939819336,0,True,0.3142188634825522,2,0.046511627906976744,True,35,0,0,0.0,False,RELD_MOEL,RELD_MOEL,1,False,False,0.0,10.97221508026123,11.00554313659668,0,False,11.229616165161133,11.14380693435669,1,True,11.316671371459961,11.300819396972656,1,True
OVRPBLTW,95,54,43,8.8806180954,8.7656402588,1,8.88061809539795,8.765640258789062,1,True,1.311687831183479,13,0.3023255813953488,False,35,0,0,0.0,False,RELD_MOEL,RELD_MTL,2,True,True,1.311687831183479,8.940172576904297,8.844003677368164,1,False,9.000668048858643,8.871067523956299,1,False,9.068032264709473,8.950892448425293,1,False
OVRPBLTW,96,54,43,9.447309494,9.3790607452,1,9.447309494018555,9.379060745239258,1,True,0.7276714657694113,1,0.023255813953488372,True,35,3,0,0.15,True,RELD_MOEL,RELD_MTL,2,True,True,0.7276714657694113,9.585688018798828,9.505935287475586,1,False,9.74089527130127,9.767471313476562,0,True,9.96013069152832,9.896967887878418,1,False
OVRPBLTW,97,54,43,8.963435173,9.2925281525,0,8.963435173034668,9.29252815246582,0,True,3.671505099867347,5,0.11627906976744186,False,35,0,0,0.0,False,RELD_MOEL,RELD_MOEL,1,False,False,0.0,9.307654190063477,9.592549896240234,0,False,9.616576671600342,9.814528465270996,0,False,9.922755241394043,10.049657821655273,0,False
OVRPBLTW,98,54,43,9.9629077911,10.3876237869,0,9.962907791137695,10.38762378692627,0,True,4.262972263774298,3,0.06976744186046512,False,35,0,0,0.0,False,RELD_MOEL,RELD_MOEL,1,False,False,0.0,10.44503116607666,10.673115539550782,0,False,10.470075607299805,10.765806198120117,0,False,10.609349250793457,10.933231353759766,0,False
OVRPBLTW,99,54,43,7.7393307686,7.0595970154,1,7.739330768585205,7.059597015380859,1,True,9.628506439067426,23,0.5348837209302325,False,35,0,0,0.0,False,RELD_MTL,RELD_MTL,1,False,False,0.0,7.756413078308105,7.115476608276367,1,False,8.617648124694824,7.129741191864014,1,False,8.64541244506836,7.239869594573975,1,False
OVRPBLTW,100,55,44,5.7285633087,5.7055802345,1,5.72856330871582,5.705580234527588,1,True,0.4028174743916117,1,0.022727272727272728,True,36,0,0,0.0,False,RELD_MOEL,RELD_MTL,2,True,True,0.4028174743916117,6.204938888549805,6.153783798217773,1,False,6.258346080780029,6.217963099479675,1,False,6.329858779907227,6.3096160888671875,1,False
OVRPBLTW,101,55,44,9.2398328781,8.8737316132,1,9.239832878112793,8.87373161315918,1,True,4.125674303191796,2,0.045454545454545456,True,36,0,0,0.0,False,RELD_MOEL,RELD_MTL,2,True,True,4.125674303191797,9.381333351135254,9.27099609375,1,False,9.51661205291748,9.322230577468872,1,False,9.690819263458252,9.575831413269043,1,False
OVRPBLTW,102,55,44,8.6553630829,8.5748348236,1,8.655363082885742,8.574834823608398,1,True,0.9391231546334436,3,0.06818181818181818,False,36,0,0,0.0,False,RELD_MOEL,MVMOE,3,True,False,1.1555676821666656,8.703458213806153,8.778508281707763,0,True,8.75859546661377,9.736431121826172,0,True,9.232861995697021,9.817349910736084,0,True
OVRPBLTW,103,55,44,8.5681123734,8.6749048233,0,8.56811237335205,8.674904823303223,0,True,1.2463941326393104,7,0.1590909090909091,False,36,0,0,0.0,False,RELD_MOEL,RELD_MOEL,1,False,False,0.0,8.624554347991943,8.762827110290527,0,False,8.694974899291992,8.925718307495117,0,False,8.82807445526123,8.990201473236084,0,False
OVRPBLTW,104,55,44,11.0579204559,10.9412345886,1,11.057920455932617,10.941234588623047,1,True,1.0664780684035218,4,0.09090909090909091,False,36,0,0,0.0,False,RELD_MTL,RELD_MTL,1,False,False,0.0,11.380062007904053,11.079705047607423,1,False,11.486977100372314,11.282948732376099,1,False,11.636034965515137,11.440578937530518,1,False
OVRPBLTW,105,55,44,6.8935623169,6.9712257385,0,6.893562316894531,6.971225738525391,0,True,1.1266079572473546,1,0.022727272727272728,True,36,4,0,0.2,True,RELD_MTL,RELD_MOEL,2,True,True,1.1266079572473549,7.1410956382751465,7.122678995132446,1,True,7.228105187416077,7.233033061027527,0,False,7.454638957977295,7.341932058334351,1,True
OVRPBLTW,106,55,44,8.3338871002,8.4234113693,0,8.333887100219727,8.42341136932373,0,True,1.074219845117071,4,0.09090909090909091,False,36,0,0,0.0,False,RELD_MTL,RELD_MOEL,2,True,True,1.074219845117071,8.483388900756836,8.597151851654052,0,False,8.683181047439575,8.643752098083496,1,True,8.91580867767334,8.973471641540527,0,False
OVRPBLTW,107,55,44,7.7306118011,7.7742643356,0,7.730611801147461,7.774264335632324,0,True,0.5646711492328231,1,0.022727272727272728,True,36,5,0,0.25,True,RELD_MTL,RELD_MOEL,2,True,True,0.5646711492328231,8.419629669189453,7.857333660125732,1,True,8.5867919921875,8.015305280685425,1,True,8.848932266235352,8.115048885345459,1,True
OVRPBLTW,108,55,44,7.6082100868,7.1632328033,1,7.60821008682251,7.163232803344727,1,True,6.211961773670198,22,0.5,False,36,0,0,0.0,False,RELD_MTL,RELD_MTL,1,False,False,0.0,7.728830480575562,7.439985179901123,1,False,7.922538876533508,7.534990191459656,1,False,8.126157760620117,7.6117329597473145,1,False
OVRPBLTW,109,55,44,7.783905983,7.6506624222,1,7.783905982971191,7.650662422180176,1,True,1.7415950861113194,3,0.06818181818181818,False,36,0,0,0.0,False,RELD_MTL,RELD_MTL,1,False,False,0.0,8.229959869384766,8.42619972229004,0,True,8.356548309326172,8.45659065246582,0,True,8.44050645828247,8.570507049560547,0,True
OVRPBLTW,110,55,44,8.7751998901,8.8997001648,0,8.775199890136719,8.899700164794922,0,True,1.4187742303222,1,0.022727272727272728,True,36,3,0,0.15,True,RELD_MTL,RELD_MOEL,2,True,True,1.4187742303222,9.179761409759521,9.049118041992188,1,True,9.305740594863892,9.24461817741394,1,True,9.508018493652344,9.423210620880127,1,True
OVRPBLTW,111,55,44,7.6848669052,7.4291453362,1,7.684866905212402,7.429145336151123,1,True,3.442139807844986,4,0.09090909090909091,False,36,0,0,0.0,False,RELD_MOEL,RELD_MTL,2,True,True,3.4421398078449856,7.823639583587647,7.718188619613647,1,False,8.05387258529663,7.797806024551392,1,False,8.167763233184814,7.9999635219573975,1,False
OVRPBLTW,112,55,44,6.4575438499,6.5671038628,0,6.457543849945068,6.567103862762451,0,True,1.6966205022625747,1,0.022727272727272728,True,36,4,0,0.2,True,RELD_MOEL,RELD_MOEL,1,False,False,0.0,6.663279867172241,7.189010667800903,0,False,7.2089632749557495,7.255792498588562,0,False,7.322592258453369,7.464382886886597,0,False
OVRPBLTW,113,55,44,8.2566251755,7.9951477051,1,8.256625175476074,7.995147705078125,1,True,3.2704520297130593,15,0.3409090909090909,False,36,0,0,0.0,False,RELD_MOEL,RELD_MTL,2,True,True,3.2704520297130593,8.338458061218262,8.095473289489746,1,False,8.37087631225586,8.172991752624512,1,False,8.472752571105957,8.40566349029541,1,False
OVRPBLTW,114,55,44,10.746799469,10.9614372253,0,10.74679946899414,10.961437225341797,0,True,1.997224912581072,1,0.022727272727272728,True,36,1,0,0.05,True,RELD_MOEL,RELD_MOEL,1,False,False,0.0,11.32347936630249,11.092419147491455,1,True,11.424607276916504,11.222749710083008,1,True,11.53004264831543,11.426644802093506,1,True
OVRPBLTW,115,55,44,8.1515979767,8.8882255554,0,8.15159797668457,8.888225555419922,0,True,9.036603385072828,10,0.22727272727272727,False,36,0,0,0.0,False,RELD_MOEL,RELD_MOEL,1,False,False,0.0,8.499994945526122,9.023040962219238,0,False,8.926855087280273,9.646549701690674,0,False,9.112160205841064,9.814702033996582,0,False
OVRPBLTW,116,55,44,8.6496362686,9.0409450531,0,8.649636268615723,9.040945053100586,0,True,4.523991210133689,24,0.5454545454545454,False,36,0,0,0.0,False,RELD_MOEL,RELD_MOEL,1,False,False,0.0,8.793940544128418,9.142545032501221,0,False,8.84168553352356,9.215073108673096,0,False,8.999751091003418,9.433752536773682,0,False
OVRPBLTW,117,55,44,10.9935760498,10.7696123123,1,10.993576049804688,10.769612312316895,1,True,2.0795895990072975,2,0.045454545454545456,True,36,0,0,0.0,False,RELD_MOEL,RELD_MTL,2,True,True,2.0795895990072975,11.113894653320312,11.135889434814453,0,True,11.459622621536255,11.212059497833252,1,False,11.633882999420166,11.37342357635498,1,False
OVRPBLTW,118,55,44,7.6997308731,7.7550354004,0,7.69973087310791,7.755035400390625,0,True,0.7182657187826287,2,0.045454545454545456,True,36,0,0,0.0,False,RELD_MOEL,RELD_MOEL,1,False,False,0.0,7.80681791305542,7.880564260482788,0,False,7.845479488372803,7.92767596244812,0,False,7.944007396697998,8.088076114654541,0,False
OVRPBLTW,119,55,44,10.5311965942,10.7586088181,0,10.531196594238281,10.7586088180542,0,True,2.1594148572370786,12,0.2727272727272727,False,36,0,0,0.0,False,RELD_MOEL,RELD_MOEL,1,False,False,0.0,10.657773780822755,10.862137603759766,0,False,10.755600690841675,11.030009269714355,0,False,10.985739707946777,11.310968399047852,0,False
OVRPBLTW,120,56,44,11.4598455429,11.7680625916,0,11.459845542907715,11.768062591552734,0,True,2.6895392921849357,20,0.45454545454545453,False,36,0,0,0.0,False,RELD_MOEL,RELD_MOEL,1,False,False,0.0,11.603650379180909,12.008818340301513,0,False,11.658150672912598,12.351849794387817,0,False,11.815696239471436,12.606786727905273,0,False
OVRPBLTW,121,56,44,9.8766832352,9.7674407959,1,9.876683235168457,9.767440795898438,1,True,1.1184346194947494,4,0.09090909090909091,False,36,0,0,0.0,False,RELD_MOEL,RELD_MTL,2,True,True,1.1184346194947494,10.136861991882324,9.899347305297852,1,False,10.25209379196167,10.081429958343506,1,False,10.389780044555664,10.253150463104248,1,False
OVRPBLTW,122,56,44,9.3901834488,9.7626008987,0,9.390183448791504,9.762600898742676,0,True,3.9660295449030096,1,0.022727272727272728,True,36,3,0,0.15,True,RELD_MOEL,RELD_MOEL,1,False,False,0.0,10.577529907226562,10.519293594360352,1,True,10.713356018066406,10.688975095748901,1,True,10.913601875305176,10.878217697143555,1,True
OVRPBLTW,123,56,44,5.3626627922,5.3215594292,1,5.3626627922058105,5.321559429168701,1,True,0.7723931968975406,1,0.022727272727272728,True,36,2,0,0.1,True,RELD_MTL,RELD_MTL,1,False,False,0.0,5.429274415969848,5.434511280059814,0,True,5.465372800827026,5.463964462280273,1,False,5.533038854598999,5.5652313232421875,0,True
OVRPBLTW,124,56,44,5.7653493881,5.2426462173,1,5.765349388122559,5.242646217346191,1,True,9.970216358966821,34,0.7727272727272727,False,36,0,0,0.0,False,RELD_MTL,RELD_MTL,1,False,False,0.0,5.931908464431762,5.339408111572266,1,False,6.196938991546631,5.579218626022339,1,False,6.259637117385864,5.710301876068115,1,False
OVRPBLTW,125,56,44,7.942800045,8.030752182,0,7.942800045013428,8.030752182006836,0,True,1.1073190373886626,2,0.045454545454545456,True,36,1,0,0.05,True,RELD_MTL,RELD_MOEL,2,True,True,1.1073190373886628,8.19254961013794,8.127535247802735,1,True,8.334768295288086,8.255614042282104,1,True,8.434142589569092,8.493130207061768,0,False
OVRPBLTW,126,56,44,9.8304309845,9.8372812271,0,9.83043098449707,9.837281227111816,0,True,0.06968405160263659,1,0.022727272727272728,True,36,2,0,0.1,True,RELD_MOEL,RELD_MOEL,1,False,False,0.0,10.220011520385743,10.043973255157471,1,True,10.334681510925293,10.068957328796387,1,True,10.546547412872314,10.202303886413574,1,True
OVRPBLTW,127,56,44,7.7770776749,7.7137856483,1,7.777077674865723,7.713785648345947,1,True,0.8205053845895848,1,0.022727272727272728,True,36,4,0,0.2,True,RELD_MOEL,RELD_MTL,2,True,True,0.8205053845895847,7.989318990707398,8.152146244049073,0,True,8.090279817581177,8.19044041633606,0,True,8.157174110412598,8.24800729751587,0,True
OVRPBLTW,128,56,44,11.1524353027,10.4665184021,1,11.152435302734375,10.46651840209961,1,True,6.553439016190697,25,0.5681818181818182,False,36,0,0,0.0,False,RELD_MTL,RELD_MTL,1,False,False,0.0,11.836407566070557,10.509289264678955,1,False,12.012360334396362,10.622966766357422,1,False,12.305386543273926,10.931468486785889,1,False
OVRPBLTW,129,56,44,6.8472471237,6.7264509201,1,6.847247123718262,6.7264509201049805,1,True,1.7958386232929577,2,0.045454545454545456,True,36,1,0,0.05,True,RELD_MOEL,RELD_MTL,2,True,True,1.7958386232929577,7.309629011154175,7.317623710632324,0,True,7.41896390914917,7.344867587089539,1,False,7.507785081863403,7.408347845077515,1,False
OVRPBLTW,130,56,44,10.2196388245,10.1431093216,1,10.21963882446289,10.143109321594238,1,True,0.7544974669357872,1,0.022727272727272728,True,36,5,0,0.25,True,RELD_MTL,RELD_MTL,1,False,False,0.0,10.511558055877686,10.422096729278564,1,False,11.050337553024292,10.476481437683105,1,False,11.133080005645752,10.73798942565918,1,False
OVRPBLTW,131,56,44,8.7329597473,9.040184021,0,8.732959747314453,9.040184020996094,0,True,3.517985684005756,12,0.2727272727272727,False,36,0,0,0.0,False,RELD_MTL,RELD_MOEL,2,True,True,3.517985684005756,8.92789011001587,9.099165153503417,0,False,9.024054050445557,9.124907732009888,0,False,9.22803258895874,9.168216705322266,1,True
OVRPBLTW,132,56,44,8.0155181885,7.9583420753,1,8.015518188476562,7.9583420753479,1,True,0.7184425180397185,1,0.022727272727272728,True,36,4,0,0.2,True,RELD_MOEL,RELD_MTL,2,True,True,0.7184425180397186,8.054448318481445,8.24921703338623,0,True,8.156091451644897,8.412944078445435,0,True,8.42774486541748,8.636109828948975,0,True
OVRPBLTW,133,56,44,7.6479091644,7.1894855499,1,7.647909164428711,7.189485549926758,1,True,6.37630622272238,7,0.1590909090909091,False,36,0,0,0.0,False,RELD_MTL,RELD_MTL,1,False,False,0.0,7.945132780075073,7.62966833114624,1,False,8.448924779891968,7.727892279624939,1,False,8.617815017700195,7.8793785572052,1,False
OVRPBLTW,134,56,44,8.0635051727,8.3657588959,0,8.063505172729492,8.365758895874023,0,True,3.74841606381452,4,0.09090909090909091,False,36,0,0,0.0,False,RELD_MOEL,RELD_MOEL,1,False,False,0.0,8.435373497009277,8.655230712890624,0,False,8.667015790939331,8.949545621871948,0,False,8.81335735321045,9.041629791259766,0,False
OVRPBLTW,135,56,44,10.5634784698,10.7308197021,0,10.563478469848633,10.730819702148438,0,True,1.584148940885458,3,0.06818181818181818,False,36,0,0,0.0,False,RELD_MTL,RELD_MOEL,2,True,True,1.5841489408854579,10.79836950302124,10.785018730163575,1,True,10.869202613830566,10.924192905426025,0,False,11.053233623504639,11.006714820861816,1,True
OVRPBLTW,136,56,44,9.5348491669,9.8525447845,0,9.534849166870117,9.852544784545898,0,True,3.3319417228210697,19,0.4318181818181818,False,36,0,0,0.0,False,RELD_MOEL,RELD_MOEL,1,False,False,0.0,9.645254707336425,10.080842113494873,0,False,9.777329206466675,10.17017126083374,0,False,9.940200805664062,10.83415699005127,0,False
OVRPBLTW,137,56,44,9.9122686386,9.1341791153,1,9.91226863861084,9.13417911529541,1,True,8.518439516876551,18,0.4090909090909091,False,36,0,0,0.0,False,RELD_MTL,RELD_MTL,1,False,False,0.0,10.808857440948486,9.225229263305664,1,False,10.876473903656006,9.299154996871948,1,False,10.910694122314453,10.133587837219238,1,False
OVRPBLTW,138,56,44,6.4240670204,6.710050106,0,6.42406702041626,6.710050106048584,0,True,4.451745050165944,11,0.25,False,36,0,0,0.0,False,RELD_MTL,RELD_MOEL,2,True,True,4.451745050165944,6.56063985824585,6.952255201339722,0,False,6.731755018234253,7.07743763923645,0,False,6.837379455566406,7.190976858139038,0,False
OVRPBLTW,139,56,44,9.0852184296,9.193983078,0,9.08521842956543,9.19398307800293,0,True,1.197160522257138,1,0.022727272727272728,True,36,3,0,0.15,True,RELD_MOEL,RELD_MOEL,1,False,False,0.0,9.385435962677002,9.824063682556153,0,False,9.423883438110352,10.24550485610962,0,False,9.554946899414062,10.729884624481201,0,False
OVRPBLTW,140,57,45,10.1464977264,10.1004810333,1,10.14649772644043,10.100481033325195,1,True,0.455589124401988,2,0.044444444444444446,True,36,2,0,0.1,True,RELD_MOEL,RELD_MTL,2,True,True,0.455589124401988,10.184369468688965,10.221261596679687,0,True,10.336304664611816,10.309248924255371,1,False,10.676590919494629,10.592626571655273,1,False
OVRPBLTW,141,57,45,12.7275886536,12.6907405853,1,12.727588653564453,12.690740585327148,1,True,0.29035396360304977,1,0.022222222222222223,True,36,4,0,0.2,True,RELD_MOEL,RELD_MTL,2,True,True,0.29035396360304977,12.908655166625977,12.91342887878418,0,True,12.998149871826172,13.141134262084961,0,True,13.116159439086914,13.308155059814453,0,True
OVRPBLTW,142,57,45,9.0593624115,8.8981075287,1,9.059362411499023,8.898107528686523,1,True,1.8122379649817388,4,0.08888888888888889,False,36,0,0,0.0,False,RELD_MTL,RELD_MTL,1,False,False,0.0,9.199677848815918,9.160285377502442,1,False,9.710609436035156,9.262298583984375,1,False,9.787087440490723,9.303500175476074,1,False
OVRPBLTW,143,57,45,10.1878004074,10.8865451813,0,10.187800407409668,10.886545181274414,0,True,6.858642159817561,28,0.6222222222222222,False,36,0,0,0.0,False,RELD_MTL,RELD_MOEL,2,True,True,6.85864215981756,10.234407806396485,11.12700595855713,0,False,10.244145393371582,11.46656322479248,0,False,10.400077819824219,11.617673873901367,0,False
OVRPBLTW,144,57,45,11.6730060577,12.1246337891,0,11.673006057739258,12.1246337890625,0,True,3.868992521442991,4,0.08888888888888889,False,36,0,0,0.0,False,RELD_MOEL,RELD_MOEL,1,False,False,0.0,12.176570892333984,12.211215209960937,0,False,12.373625755310059,12.512641906738281,0,False,12.471266746520996,12.589912414550781,0,False
OVRPBLTW,145,57,45,9.5315799713,9.2053928375,1,9.531579971313477,9.205392837524414,1,True,3.543435240169342,2,0.044444444444444446,True,36,0,0,0.0,False,RELD_MOEL,RELD_MTL,2,True,True,3.5434352401693423,9.956841659545898,9.706475448608398,1,False,10.099267959594727,10.045331954956055,1,False,10.38005542755127,10.276610374450684,1,False
OVRPBLTW,146,57,45,14.6890554428,14.0192298889,1,14.689055442810059,14.019229888916016,1,True,4.777905485595528,14,0.3111111111111111,False,36,0,0,0.0,False,RELD_MOEL,RELD_MTL,2,True,True,4.777905485595527,15.045339202880859,14.209607124328613,1,False,15.240558624267578,14.486309051513672,1,False,15.505599975585938,14.872576713562012,1,False
OVRPBLTW,147,57,45,9.4551486969,9.5341234207,0,9.455148696899414,9.534123420715332,0,True,0.8352562855610401,4,0.08888888888888889,False,36,0,0,0.0,False,RELD_MOEL,RELD_MOEL,1,False,False,0.0,9.567631912231445,9.65207118988037,0,False,9.590450286865234,9.715208053588867,0,False,9.658185958862305,9.787452697753906,0,False
OVRPBLTW,148,57,45,15.0918445587,15.0269832611,1,15.09184455871582,15.026983261108398,1,True,0.4316321943866483,2,0.044444444444444446,True,36,0,0,0.0,False,RELD_MTL,RELD_MTL,1,False,False,0.0,16.11565284729004,15.357228469848632,1,False,16.184812545776367,15.407183647155762,1,False,16.55127716064453,15.462678909301758,1,False
OVRPBLTW,149,57,45,7.6448283195,7.6844234467,0,7.6448283195495605,7.684423446655273,0,True,0.5179335041311929,4,0.08888888888888889,False,36,0,0,0.0,False,RELD_MTL,RELD_MOEL,2,True,True,0.5179335041311929,7.747406005859375,7.895048904418945,0,False,7.9974822998046875,8.072607040405273,0,False,8.165983200073242,8.330574989318848,0,False
OVRPBLTW,150,57,45,10.8914775848,10.750213623,1,10.891477584838867,10.750213623046875,1,True,1.3140572527579064,3,0.06666666666666667,False,36,0,0,0.0,False,RELD_MOEL,RELD_MTL,2,True,True,1.3140572527579064,11.740013313293456,10.963635635375976,1,False,11.810027122497559,11.342246055603027,1,False,12.014506340026855,11.550411224365234,1,False
OVRPBLTW,151,57,45,9.8273744583,9.8050451279,1,9.827374458312988,9.805045127868652,1,True,0.22773307117641226,1,0.022222222222222223,True,36,2,0,0.1,True,RELD_MTL,RELD_MTL,1,False,False,0.0,10.046288681030273,9.87236671447754,1,False,11.029229164123535,9.88232421875,1,False,11.17506217956543,9.916622161865234,1,False
OVRPBLTW,152,57,45,8.0638656616,8.1432876587,0,8.063865661621094,8.143287658691406,0,True,0.9849122050508238,4,0.08888888888888889,False,36,0,0,0.0,False,RELD_MOEL,RELD_MOEL,1,False,False,0.0,8.178642845153808,8.325313568115234,0,False,8.322940826416016,8.348121643066406,0,False,8.498774528503418,8.510626792907715,0,False
OVRPBLTW,153,57,45,8.0911560059,8.2673187256,0,8.091156005859375,8.267318725585938,0,True,2.1772255975727393,7,0.15555555555555556,False,36,0,0,0.0,False,RELD_MOEL,RELD_MOEL,1,False,False,0.0,8.17741813659668,8.345341682434082,0,False,8.36745834350586,8.414506912231445,0,False,8.457779884338379,8.48935317993164,0,False
OVRPBLTW,154,57,45,7.580593586,7.611041069,0,7.580593585968018,7.611041069030762,0,True,0.4016503807331225,1,0.022222222222222223,True,36,6,0,0.3,True,RELD_MOEL,RELD_MOEL,1,False,False,0.0,7.751603507995606,7.697228336334229,1,True,7.804832458496094,7.721933364868164,1,True,7.905728816986084,7.855668544769287,1,True
OVRPBLTW,155,57,45,10.454498291,10.3101167679,1,10.454498291015625,10.3101167678833,1,True,1.4003868855251382,12,0.26666666666666666,False,36,0,0,0.0,False,RELD_MOEL,RELD_MTL,2,True,True,1.400386885525138,10.560449600219727,10.43274974822998,1,False,10.637467384338379,10.443422317504883,1,False,10.726547241210938,10.682403564453125,1,False
OVRPBLTW,156,57,45,7.4127411842,6.874756813,1,7.412741184234619,6.874756813049316,1,True,7.8255040263051034,38,0.8444444444444444,False,36,0,0,0.0,False,RELD_MTL,RELD_MTL,1,False,False,0.0,7.722079467773438,6.9707647323608395,1,False,7.804449081420898,7.007347583770752,1,False,8.169626235961914,7.079625129699707,1,False
OVRPBLTW,157,57,45,10.6095218658,10.2232017517,1,10.609521865844727,10.223201751708984,1,True,3.7788564041178154,2,0.044444444444444446,True,36,0,0,0.0,False,RELD_MTL,RELD_MTL,1,False,False,0.0,10.86746768951416,10.758466339111328,1,False,11.077346801757812,11.02316665649414,1,False,11.505845069885254,11.146653175354004,1,False
OVRPBLTW,158,57,45,8.11668396,7.9131102562,1,8.116683959960938,7.913110256195068,1,True,2.572613008146792,8,0.17777777777777778,False,36,0,0,0.0,False,RELD_MOEL,RELD_MTL,2,True,True,2.572613008146792,8.22993278503418,8.014494705200196,1,False,8.45815658569336,8.278959274291992,1,False,8.745454788208008,8.556544303894043,1,False
OVRPBLTW,159,57,45,12.4919481277,12.4811058044,1,12.491948127746582,12.48110580444336,1,True,0.08686989334052492,1,0.022222222222222223,True,36,5,0,0.25,True,RELD_MOEL,RELD_MTL,2,True,True,0.08686989334052492,12.908327293395995,12.773610877990723,1,False,13.269137382507324,12.872692108154297,1,False,13.362485885620117,12.976290702819824,1,False
OVRPBLTW,160,58,46,10.8191490173,11.5390043259,0,10.819149017333984,11.5390043258667,0,True,6.653529842771746,16,0.34782608695652173,False,37,0,0,0.0,False,RELD_MOEL,RELD_MOEL,1,False,False,0.0,11.3349609375,11.69483232498169,0,False,11.465533018112183,11.804563522338867,0,False,11.739762783050537,11.968942165374756,0,False
OVRPBLTW,161,58,46,7.8617291451,7.8695087433,0,7.861729145050049,7.869508743286133,0,True,0.09895530685954464,1,0.021739130434782608,True,37,5,0,0.25,True,RELD_MOEL,RELD_MOEL,1,False,False,0.0,8.093856811523438,8.24604606628418,0,False,8.157470703125,8.31001091003418,0,False,8.24204683303833,8.406456470489502,0,False
OVRPBLTW,162,58,46,6.0048828125,5.916662693,1,6.0048828125,5.916662693023682,1,True,1.491045274633841,1,0.021739130434782608,True,37,6,0,0.3,True,RELD_MOEL,RELD_MTL,2,True,True,1.491045274633841,6.031796932220459,6.073597192764282,0,True,6.4265711307525635,6.207373380661011,1,False,6.493807792663574,6.558851718902588,0,True
OVRPBLTW,163,58,46,9.282699585,9.3704128265,0,9.282699584960938,9.370412826538086,0,True,0.9449109140808338,1,0.021739130434782608,True,37,2,0,0.1,True,RELD_MOEL,RELD_MOEL,1,False,False,0.0,9.621400833129883,9.673825740814209,0,False,9.837081909179688,9.86051321029663,0,False,9.936891555786133,10.051854133605957,0,False
OVRPBLTW,164,58,46,10.1148252487,9.8664598465,1,10.114825248718262,9.866459846496582,1,True,2.5172696799461,17,0.3695652173913043,False,37,0,0,0.0,False,RELD_MOEL,RELD_MTL,2,True,True,2.5172696799461,10.251676082611084,9.956664562225342,1,False,10.373965978622437,10.04265022277832,1,False,10.590993881225586,10.239276885986328,1,False
OVRPBLTW,165,58,46,7.461098671,7.8341608047,0,7.461098670959473,7.834160804748535,0,True,5.00009650254362,23,0.5,False,37,0,0,0.0,False,RELD_MOEL,RELD_MOEL,1,False,False,0.0,7.6111674308776855,7.899312734603882,0,False,7.640864133834839,7.94802725315094,0,False,7.80667519569397,8.055280208587646,0,False
OVRPBLTW,166,58,46,9.1317815781,8.9617557526,1,9.131781578063965,8.961755752563477,1,True,1.8972378872373485,9,0.1956521739130435,False,37,0,0,0.0,False,RELD_MOEL,RELD_MTL,2,True,True,1.8972378872373483,9.17887544631958,9.064705848693848,1,False,9.241652727127075,9.186628580093384,1,False,9.316214561462402,9.268513679504395,1,False
OVRPBLTW,167,58,46,9.9726924896,9.7287530899,1,9.972692489624023,9.728753089904785,1,True,2.507406626993632,12,0.2608695652173913,False,37,0,0,0.0,False,RELD_MOEL,RELD_MTL,2,True,True,2.5074066269936317,10.173179149627686,9.865272521972656,1,False,10.361924409866333,9.962064027786255,1,False,10.566952228546143,10.055496215820312,1,False
OVRPBLTW,168,58,46,6.9959850311,6.634308815,1,6.99598503112793,6.634308815002441,1,True,5.451603568441971,7,0.15217391304347827,False,37,0,0,0.0,False,RELD_MOEL,RELD_MTL,2,True,True,5.451603568441971,7.265326023101807,6.710209846496582,1,False,7.279582142829895,7.215429663658142,1,False,7.306766986846924,7.310329437255859,0,True
OVRPBLTW,169,58,46,8.0349416733,7.9814310074,1,8.034941673278809,7.981431007385254,1,True,0.6704394970073371,1,0.021739130434782608,True,37,0,0,0.0,False,RELD_MTL,RELD_MTL,1,False,False,0.0,8.792301177978516,8.32303237915039,1,False,8.927382707595825,8.662074327468872,1,False,9.084502696990967,8.98804759979248,1,False
OVRPBLTW,170,58,46,12.0083036423,12.6219816208,0,12.00830364227295,12.621981620788574,0,True,5.1104468772615075,9,0.1956521739130435,False,37,0,0,0.0,False,RELD_MOEL,RELD_MOEL,1,False,False,0.0,12.267491340637207,12.932398319244385,0,False,12.721312284469604,13.457815408706665,0,False,13.334941387176514,13.790046691894531,0,False
OVRPBLTW,171,58,46,8.7523813248,8.6179132462,1,8.752381324768066,8.617913246154785,1,True,1.5603322377292674,2,0.043478260869565216,True,37,0,0,0.0,False,RELD_MOEL,RELD_MTL,2,True,True,1.5603322377292677,8.869652271270752,8.84804630279541,1,False,8.983427047729492,8.912248611450195,1,False,9.194112777709961,9.146718978881836,1,False
OVRPBLTW,172,58,46,10.6928482056,9.95952034,1,10.692848205566406,9.95952033996582,1,True,7.36308417037684,24,0.5217391304347826,False,37,0,0,0.0,False,RELD_MTL,RELD_MTL,1,False,False,0.0,10.76991081237793,10.016441345214844,1,False,10.8081533908844,10.392820358276367,1,False,10.892333984375,10.62306833267212,1,False
OVRPBLTW,173,58,46,6.4538230896,6.4818634987,0,6.453823089599609,6.481863498687744,0,True,0.4344774982317938,1,0.021739130434782608,True,37,5,0,0.25,True,RELD_MOEL,RELD_MOEL,1,False,False,0.0,6.62100625038147,6.51192307472229,1,True,6.669648766517639,6.5444581508636475,1,True,6.6993186473846436,6.593389987945557,1,True
OVRPBLTW,174,58,46,10.1112470627,10.2472791672,0,10.111247062683105,10.247279167175293,0,True,1.3453543727738302,1,0.021739130434782608,True,37,2,0,0.1,True,RELD_MOEL,MVMOE,3,True,False,1.0546852215941318,10.429192066192627,10.458222389221191,0,False,10.478829383850098,10.673828125,0,False,10.61856460571289,10.869215488433838,0,False
OVRPBLTW,175,58,46,5.4661927223,6.0490174294,0,5.466192722320557,6.049017429351807,0,True,10.662351964326026,29,0.6304347826086957,False,37,0,0,0.0,False,RELD_MTL,RELD_MOEL,2,True,True,10.662351964326026,5.591245889663696,6.1938042640686035,0,False,5.63933265209198,6.267971515655518,0,False,5.82187557220459,6.398914575576782,0,False
OVRPBLTW,176,58,46,5.6818780899,5.2973508835,1,5.681878089904785,5.297350883483887,1,True,7.258858528660264,7,0.15217391304347827,False,37,0,0,0.0,False,RELD_MOEL,RELD_MTL,2,True,True,7.258858528660264,5.756305694580078,5.444399356842041,1,False,5.871089220046997,5.900448679924011,0,True,6.154582977294922,5.9718544483184814,1,False
OVRPBLTW,177,58,46,10.8302707672,10.5262336731,1,10.830270767211914,10.526233673095703,1,True,2.888374926323104,7,0.15217391304347827,False,37,0,0,0.0,False,RELD_MOEL,RELD_MTL,2,True,True,2.888374926323104,10.918900966644287,10.80344533920288,1,False,10.976983070373535,11.037612915039062,0,True,11.092608451843262,11.357307434082031,0,True
OVRPBLTW,178,58,46,7.4640245438,7.2138938904,1,7.464024543762207,7.213893890380859,1,True,3.4673458911402273,3,0.06521739130434782,False,37,0,0,0.0,False,RELD_MOEL,MVMOE,3,True,False,4.661900050824263,7.634459018707275,7.521360397338867,1,False,7.713565707206726,7.768555045127869,0,True,7.826733589172363,8.196348190307617,0,True
OVRPBLTW,179,58,46,10.7434597015,10.802611351,0,10.743459701538086,10.802611351013184,0,True,0.5505828768710314,1,0.021739130434782608,True,37,0,0,0.0,False,RELD_MOEL,RELD_MOEL,1,False,False,0.0,10.990948677062988,11.012866020202637,0,False,11.17461109161377,11.127172470092773,1,True,11.28892993927002,11.28352165222168,1,True
OVRPBLTW,180,59,47,14.0835542679,14.023979187,1,14.0835542678833,14.023979187011719,1,True,0.42480868022982604,1,0.02127659574468085,True,38,3,0,0.15,True,RELD_MOEL,RELD_MTL,2,True,True,0.4248086802298261,14.715727615356446,14.348687553405762,1,False,15.072808742523193,14.521165370941162,1,False,15.32735824584961,14.79112434387207,1,False
OVRPBLTW,181,59,47,7.456135273,7.4599804878,0,7.456135272979736,7.459980487823486,0,True,0.05157115126283073,1,0.02127659574468085,True,38,2,0,0.1,True,RELD_MTL,RELD_MOEL,2,True,True,0.05157115126283074,7.555268478393555,7.507764530181885,1,True,7.6190245151519775,7.5339813232421875,1,True,7.736289024353027,7.602317810058594,1,True
OVRPBLTW,182,59,47,9.3560466766,9.3149290085,1,9.356046676635742,9.314929008483887,1,True,0.4414168703001346,1,0.02127659574468085,True,38,2,0,0.1,True,RELD_MOEL,RELD_MTL,2,True,True,0.4414168703001346,9.505457305908203,9.440014266967774,1,False,9.607300281524658,9.554839134216309,1,False,9.670823097229004,9.725818634033203,0,True
OVRPBLTW,183,59,47,10.0543327332,10.0795526505,0,10.054332733154297,10.07955265045166,0,True,0.2508363107650271,1,0.02127659574468085,True,38,3,0,0.15,True,RELD_MOEL,RELD_MOEL,1,False,False,0.0,10.281829833984375,10.18444652557373,1,True,10.491349220275879,10.244534492492676,1,True,10.713584899902344,10.429482460021973,1,True
OVRPBLTW,184,59,47,9.4544792175,8.6635770798,1,9.454479217529297,8.66357707977295,1,True,9.129048318206433,10,0.2127659574468085,False,38,0,0,0.0,False,RELD_MTL,RELD_MTL,1,False,False,0.0,9.5601375579834,8.930685997009277,1,False,9.855939865112305,9.579445362091064,1,False,10.287466049194336,9.87575912475586,1,False
OVRPBLTW,185,59,47,9.943731308,9.8337364197,1,9.943731307983398,9.833736419677734,1,True,1.1185462331453937,2,0.0425531914893617,True,38,0,0,0.0,False,RELD_MOEL,RELD_MTL,2,True,True,1.1185462331453935,10.244011306762696,10.077777481079101,1,False,10.313033103942871,10.172412872314453,1,False,10.418827056884766,10.36801815032959,1,False
OVRPBLTW,186,59,47,7.4479656219,7.2544569969,1,7.447965621948242,7.254456996917725,1,True,2.6674446493058066,3,0.06382978723404255,False,38,0,0,0.0,False,RELD_MTL,RELD_MTL,1,False,False,0.0,8.39769458770752,7.7936522483825685,1,False,8.93268346786499,7.87724494934082,1,False,9.010403633117676,7.9440226554870605,1,False
OVRPBLTW,187,59,47,9.7497987747,9.1800966263,1,9.749798774719238,9.180096626281738,1,True,6.205840434923801,9,0.19148936170212766,False,38,0,0,0.0,False,RELD_MOEL,RELD_MTL,2,True,True,6.205840434923802,9.871815490722657,9.230287742614745,1,False,10.392581939697266,10.295276641845703,1,False,10.46767520904541,10.51167106628418,0,True
OVRPBLTW,188,59,47,7.4039812088,7.678273201,0,7.4039812088012695,7.6782732009887695,0,True,3.7046554342140907,13,0.2765957446808511,False,38,0,0,0.0,False,RELD_MTL,RELD_MOEL,2,True,True,3.7046554342140907,7.607327938079834,7.704868793487549,0,False,7.67041015625,7.822139263153076,0,False,7.76007080078125,7.956351280212402,0,False
OVRPBLTW,189,59,47,9.6225128174,9.5816192627,1,9.622512817382812,9.581619262695312,1,True,0.42679168915836097,1,0.02127659574468085,True,38,2,0,0.1,True,RELD_MOEL,RELD_MTL,2,True,True,0.426791689158361,9.908166885375977,9.888604736328125,1,False,10.051642894744873,9.993709087371826,1,False,10.223139762878418,10.126396179199219,1,False
OVRPBLTW,190,59,47,12.859459877,12.505358696,1,12.85945987701416,12.505358695983887,1,True,2.831595555217977,4,0.0851063829787234,False,38,0,0,0.0,False,RELD_MOEL,RELD_MTL,2,True,True,2.831595555217977,12.932839012145996,13.233992004394532,0,True,13.009171485900879,13.394118309020996,0,True,13.209515571594238,13.609573364257812,0,True
OVRPBLTW,191,59,47,10.305100441,10.9481887817,0,10.305100440979004,10.948188781738281,0,True,6.240485906778755,17,0.3617021276595745,False,38,0,0,0.0,False,RELD_MOEL,RELD_MOEL,1,False,False,0.0,10.47512092590332,11.223192977905274,0,False,10.900206089019775,11.423463344573975,0,False,11.043200492858887,11.634657859802246,0,False
OVRPBLTW,192,59,47,7.2616043091,7.0127682686,1,7.261604309082031,7.012768268585205,1,True,3.548328291613095,2,0.0425531914893617,True,38,0,0,0.0,False,RELD_MOEL,RELD_MTL,2,True,True,3.548328291613095,7.504112815856933,7.342362689971924,1,False,7.642610788345337,7.453521966934204,1,False,7.754940986633301,7.748196601867676,1,False
OVRPBLTW,193,59,47,7.5350751877,7.6722388268,0,7.5350751876831055,7.672238826751709,0,True,1.8203353740106134,6,0.1276595744680851,False,38,0,0,0.0,False,RELD_MOEL,RELD_MOEL,1,False,False,0.0,7.649099826812744,8.511064338684083,0,False,7.752147197723389,8.537941932678223,0,False,7.797604084014893,8.586858749389648,0,False
OVRPBLTW,194,59,47,10.028087616,9.461274147,1,10.028087615966797,9.461274147033691,1,True,5.9908788202668,7,0.14893617021276595,False,38,0,0,0.0,False,RELD_MOEL,RELD_MTL,2,True,True,5.9908788202668,10.27952880859375,9.9274471282959,1,False,10.343105792999268,10.150819778442383,1,False,10.472892761230469,10.25080680847168,1,False
OVRPBLTW,195,59,47,9.9503917694,10.1343765259,0,9.95039176940918,10.134376525878906,0,True,1.8490202271814182,6,0.1276595744680851,False,38,0,0,0.0,False,RELD_MOEL,RELD_MOEL,1,False,False,0.0,10.106064414978027,10.243475723266602,0,False,10.238980770111084,10.327837467193604,0,False,10.413154602050781,10.452621459960938,0,False
OVRPBLTW,196,59,47,10.3336420059,10.1183214188,1,10.33364200592041,10.118321418762207,1,True,2.1280267564927318,5,0.10638297872340426,False,38,0,0,0.0,False,RELD_MOEL,RELD_MTL,2,True,True,2.1280267564927318,10.658574104309082,10.353272819519043,1,False,10.712389469146729,10.448129653930664,1,False,10.876753807067871,10.566520690917969,1,False
OVRPBLTW,197,59,47,12.1101207733,11.8489990234,1,12.11012077331543,11.8489990234375,1,True,2.2037452225654213,2,0.0425531914893617,True,38,0,0,0.0,False,RELD_MTL,RELD_MTL,1,False,False,0.0,12.507052230834962,12.271333694458008,1,False,12.674682140350342,12.48703384399414,1,False,13.01963996887207,12.858139038085938,1,False
OVRPBLTW,198,59,47,12.9592256546,13.1495838165,0,12.95922565460205,13.14958381652832,0,True,1.4689007427880503,5,0.10638297872340426,False,38,0,0,0.0,False,RELD_MOEL,RELD_MOEL,1,False,False,0.0,13.153952407836915,13.397007942199707,0,False,13.44622802734375,13.703785419464111,0,False,13.84663200378418,13.944560050964355,0,False
OVRPBLTW,199,59,47,8.9374980927,9.0092716217,0,8.937498092651367,9.009271621704102,0,True,0.8030606357121698,1,0.02127659574468085,True,38,3,0,0.15,True,RELD_MTL,RELD_MOEL,2,True,True,0.8030606357121698,9.184993362426757,9.136251831054688,1,True,9.236289978027344,9.23997974395752,0,False,9.297532081604004,9.2886381149292,1,True
OVRPBLTW,200,60,48,6.3295040131,6.4754209518,0,6.329504013061523,6.475420951843262,0,True,2.3053455436318524,5,0.10416666666666667,False,39,0,0,0.0,False,RELD_MTL,RELD_MOEL,2,True,True,2.3053455436318524,6.609924840927124,6.681482982635498,0,False,6.744700908660889,6.806558012962341,0,False,6.799930095672607,6.8697121143341064,0,False
OVRPBLTW,201,60,48,10.2402572632,10.1031694412,1,10.240257263183594,10.103169441223145,1,True,1.3568793713482177,2,0.041666666666666664,True,39,0,0,0.0,False,RELD_MOEL,RELD_MTL,2,True,True,1.3568793713482177,10.580961894989013,10.358670043945313,1,False,10.748427867889404,10.52857780456543,1,False,10.93438720703125,10.609899520874023,1,False
OVRPBLTW,202,60,48,8.0786800385,8.2483463287,0,8.078680038452148,8.248346328735352,0,True,2.100173411887011,4,0.08333333333333333,False,39,0,0,0.0,False,RELD_MOEL,RELD_MOEL,1,False,False,0.0,8.297728443145752,8.40963020324707,0,False,8.340679168701172,8.769599676132202,0,False,8.479152202606201,8.8201904296875,0,False
OVRPBLTW,203,60,48,11.8647260666,11.9748344421,0,11.864726066589355,11.974834442138672,0,True,0.9280313332303867,5,0.10416666666666667,False,39,0,0,0.0,False,RELD_MOEL,MVMOE,3,True,False,2.1482546545407573,11.971359348297119,12.134317016601562,0,False,12.048287630081177,12.246782302856445,0,False,12.245985507965088,12.592573165893555,0,False
OVRPBLTW,204,60,48,10.0306024551,10.3913841248,0,10.03060245513916,10.39138412475586,0,True,3.596809576642751,6,0.125,False,39,0,0,0.0,False,RELD_MTL,RELD_MOEL,2,True,True,3.596809576642751,10.25476770401001,10.516929244995117,0,False,11.194831609725952,10.849976062774658,1,True,11.43687915802002,11.67939567565918,0,False
OVRPBLTW,205,60,48,8.7682962418,8.7241306305,1,8.768296241760254,8.724130630493164,1,True,0.506246561068162,9,0.1875,False,39,0,0,0.0,False,RELD_MOEL,RELD_MTL,2,True,True,0.506246561068162,8.834971809387207,8.7558349609375,1,False,8.908624172210693,8.795109748840332,1,False,9.64445447921753,8.822136878967285,1,False
OVRPBLTW,206,60,48,10.1471805573,9.9342556,1,10.147180557250977,9.934255599975586,1,True,2.143340838743874,3,0.0625,False,39,0,0,0.0,False,RELD_MTL,RELD_MTL,1,False,False,0.0,10.390339279174805,10.17703800201416,1,False,10.47706651687622,10.362685680389404,1,False,10.741644859313965,10.757576942443848,0,True
OVRPBLTW,207,60,48,6.9372377396,7.2271137238,0,6.937237739562988,7.227113723754883,0,True,4.178550528047987,4,0.08333333333333333,False,39,0,0,0.0,False,RELD_MTL,RELD_MOEL,2,True,True,4.178550528047988,7.238511228561402,7.55718150138855,0,False,7.398039221763611,7.66048002243042,0,False,7.553194046020508,7.789072751998901,0,False
OVRPBLTW,208,60,48,8.0690031052,7.7254033089,1,8.069003105163574,7.725403308868408,1,True,4.447661598510443,15,0.3125,False,39,0,0,0.0,False,RELD_MOEL,RELD_MTL,2,True,True,4.447661598510442,8.549985885620117,7.790876293182373,1,False,8.66869306564331,7.851422429084778,1,False,8.96553087234497,8.440081596374512,1,False
OVRPBLTW,209,60,48,7.0684576035,7.750421524,0,7.06845760345459,7.750421524047852,0,True,9.647987704733785,9,0.1875,False,39,0,0,0.0,False,RELD_MTL,RELD_MOEL,2,True,True,9.647987704733785,7.719222688674927,7.895093631744385,0,False,7.817083239555359,7.934956073760986,0,False,7.9264984130859375,7.9998791217803955,0,False
OVRPBLTW,210,60,48,9.5750074387,9.0529546738,1,9.575007438659668,9.05295467376709,1,True,5.766656121794839,39,0.8125,False,39,0,0,0.0,False,RELD_MTL,RELD_MTL,1,False,False,0.0,10.084599208831786,9.063162899017334,1,False,10.191453695297241,9.136780261993408,1,False,10.300148010253906,9.353232383728027,1,False
OVRPBLTW,211,60,48,7.2490968704,7.385550499,0,7.249096870422363,7.385550498962402,0,True,1.882353499194867,4,0.08333333333333333,False,39,0,0,0.0,False,RELD_MOEL,RELD_MOEL,1,False,False,0.0,7.392249536514282,7.517605638504028,0,False,7.444717049598694,7.565701961517334,0,False,7.548259496688843,7.681802034378052,0,False
OVRPBLTW,212,60,48,6.3681468964,6.4352235794,0,6.368146896362305,6.435223579406738,0,True,1.0533155734507187,4,0.08333333333333333,False,39,0,0,0.0,False,RELD_MTL,RELD_MOEL,2,True,True,1.0533155734507187,6.444131898880005,6.494330883026123,0,False,6.679278016090393,6.519534707069397,1,True,6.755084276199341,6.697345018386841,1,True
OVRPBLTW,213,60,48,8.4555187225,8.5625181198,0,8.45551872253418,8.562518119812012,0,True,1.2654385947402078,8,0.16666666666666666,False,39,0,0,0.0,False,RELD_MTL,RELD_MOEL,2,True,True,1.265438594740208,8.51048994064331,8.970169067382812,0,False,8.62721562385559,9.084608316421509,0,False,9.142850875854492,9.15028715133667,0,False
OVRPBLTW,214,60,48,12.4361019135,12.3460960388,1,12.436101913452148,12.34609603881836,1,True,0.7290229592993469,4,0.08333333333333333,False,39,0,0,0.0,False,RELD_MOEL,RELD_MTL,2,True,True,0.7290229592993469,12.544560432434082,12.576041793823242,0,True,12.714237213134766,12.834965467453003,0,True,12.8721923828125,12.91690969467163,0,True
OVRPBLTW,215,60,48,10.5530395508,8.5782155991,1,10.55303955078125,8.578215599060059,1,True,23.02138397998754,46,0.9583333333333334,False,39,0,0,0.0,False,RELD_MTL,RELD_MTL,1,False,False,0.0,10.633996200561523,9.419182109832764,1,False,11.452813625335693,9.48762845993042,1,False,11.608215808868408,9.536725044250488,1,False
OVRPBLTW,216,60,48,7.0975337029,7.2432231903,0,7.097533702850342,7.243223190307617,0,True,2.052677641255478,3,0.0625,False,39,0,0,0.0,False,RELD_MTL,RELD_MOEL,2,True,True,2.052677641255478,7.36868724822998,7.345142793655396,1,True,7.417465806007385,7.377040266990662,1,True,7.481223106384277,7.4191765785217285,1,True
OVRPBLTW,217,60,48,8.0609169006,8.0297937393,1,8.060916900634766,8.029793739318848,1,True,0.3875960243869627,1,0.020833333333333332,True,39,4,0,0.2,True,RELD_MOEL,RELD_MTL,2,True,True,0.3875960243869627,8.262077617645264,8.242253971099853,1,False,8.329599380493164,8.300326824188232,1,False,8.463127136230469,8.461223125457764,1,False
OVRPBLTW,218,60,48,8.5178451538,8.5391244888,0,8.517845153808594,8.539124488830566,0,True,0.24982063674294097,1,0.020833333333333332,True,39,6,0,0.3,True,RELD_MTL,RELD_MOEL,2,True,True,0.24982063674294097,8.8470609664917,8.971269035339356,0,False,9.0266273021698,9.051335096359253,0,False,9.153974533081055,9.107755661010742,1,True
OVRPBLTW,219,60,48,5.4048519135,5.6418895721,0,5.404851913452148,5.641889572143555,0,True,4.385645756693871,13,0.2708333333333333,False,39,0,0,0.0,False,RELD_MTL,RELD_MOEL,2,True,True,4.385645756693871,5.520998907089234,5.6686430931091305,0,False,5.636540055274963,5.770304918289185,0,False,5.74442458152771,5.848795413970947,0,False
OVRPBLTW,220,61,48,8.5936794281,9.107872963,0,8.593679428100586,9.10787296295166,0,True,5.983392087196868,35,0.7291666666666666,False,39,0,0,0.0,False,RELD_MTL,RELD_MOEL,2,True,True,5.983392087196868,8.748024368286133,9.598859882354736,0,False,8.782642126083374,9.687286853790283,0,False,8.875091552734375,10.325291633605957,0,False
OVRPBLTW,221,61,48,6.2965068817,5.8120985031,1,6.296506881713867,5.812098503112793,1,True,8.334483291045936,32,0.6666666666666666,False,39,0,0,0.0,False,RELD_MTL,RELD_MTL,1,False,False,0.0,7.1341667652130125,5.895439720153808,1,False,7.434409141540527,5.9992735385894775,1,False,7.639173746109009,6.24859881401062,1,False
OVRPBLTW,222,61,48,7.5682573318,7.5956983566,0,7.5682573318481445,7.595698356628418,0,True,0.362580493724748,1,0.020833333333333332,True,39,3,0,0.15,True,RELD_MOEL,RELD_MOEL,1,False,False,0.0,8.177610111236572,7.747218942642212,1,True,8.20821237564087,7.788256406784058,1,True,8.285287857055664,7.865251779556274,1,True
OVRPBLTW,223,61,48,9.2435283661,9.2808885574,0,9.243528366088867,9.280888557434082,0,True,0.40417673663465076,2,0.041666666666666664,True,39,0,0,0.0,False,RELD_MOEL,RELD_MOEL,1,False,False,0.0,9.320015239715577,9.402918529510497,0,False,9.410039186477661,9.508724689483643,0,False,9.662980079650879,9.758065223693848,0,False
OVRPBLTW,224,61,48,10.352602005,9.8764896393,1,10.352602005004883,9.876489639282227,1,True,4.820663850093842,7,0.14583333333333334,False,39,0,0,0.0,False,RELD_MOEL,MVMOE,3,True,False,4.910295357181248,10.585351276397706,10.298772144317628,1,False,11.00385570526123,10.375423908233643,1,False,11.422438144683838,10.58607006072998,1,False
OVRPBLTW,225,61,48,10.1581077576,9.9842786789,1,10.15810775756836,9.984278678894043,1,True,1.7410279128862443,4,0.08333333333333333,False,39,0,0,0.0,False,RELD_MTL,RELD_MTL,1,False,False,0.0,10.77862195968628,10.546738433837891,1,False,10.867216110229492,11.204474449157715,0,True,10.935977935791016,11.362796783447266,0,True
OVRPBLTW,226,61,48,10.0939874649,9.8115367889,1,10.093987464904785,9.81153678894043,1,True,2.878760810636131,1,0.020833333333333332,True,39,3,0,0.15,True,RELD_MOEL,RELD_MTL,2,True,True,2.878760810636131,10.56604070663452,10.247846508026123,1,False,10.77876877784729,10.265731573104858,1,False,10.849991798400879,10.50806713104248,1,False
OVRPBLTW,227,61,48,12.8677539825,12.9243621826,0,12.867753982543945,12.924362182617188,0,True,0.43992292809596734,1,0.020833333333333332,True,39,6,0,0.3,True,RELD_MOEL,RELD_MOEL,1,False,False,0.0,13.160642528533936,13.081622695922851,1,True,13.42870283126831,13.35038685798645,1,True,13.775429248809814,13.606729507446289,1,True
OVRPBLTW,228,61,48,8.9014873505,8.7784500122,1,8.901487350463867,8.778450012207031,1,True,1.4015838573894752,2,0.041666666666666664,True,39,2,0,0.1,True,RELD_MOEL,RELD_MTL,2,True,True,1.4015838573894754,9.22258882522583,9.318008422851562,0,True,9.57384181022644,9.538722515106201,1,False,9.670164108276367,9.682610511779785,0,True
OVRPBLTW,229,61,48,10.4054374695,10.4230155945,0,10.405437469482422,10.423015594482422,0,True,0.16893210930846772,1,0.020833333333333332,True,39,1,0,0.05,True,RELD_MOEL,RELD_MOEL,1,False,False,0.0,10.956343746185302,10.82550926208496,1,True,11.13658595085144,10.860859870910645,1,True,11.552889347076416,10.982922077178955,1,True
OVRPBLTW,230,61,48,6.7773256302,6.7175006866,1,6.777325630187988,6.717500686645508,1,True,0.8905833641273452,2,0.041666666666666664,True,39,0,0,0.0,False,RELD_MOEL,RELD_MTL,2,True,True,0.8905833641273451,6.899159049987793,6.898449468612671,1,False,7.018065571784973,6.9746071100234985,1,False,7.233823299407959,7.358593940734863,0,True
OVRPBLTW,231,61,48,9.513299942,9.6139707565,0,9.513299942016602,9.613970756530762,0,True,1.0582112948583917,12,0.25,False,39,0,0,0.0,False,RELD_MTL,RELD_MOEL,2,True,True,1.0582112948583915,9.591054821014405,9.685988903045654,0,False,9.615915775299072,10.300193071365356,0,False,9.78314208984375,10.664018630981445,0,False
OVRPBLTW,232,61,48,7.6610832214,7.6270565987,1,7.661083221435547,7.62705659866333,1,True,0.44613046015417784,1,0.020833333333333332,True,39,4,0,0.2,True,RELD_MTL,RELD_MTL,1,False,False,0.0,7.810283756256103,7.761057710647583,1,False,7.856430888175964,7.804404139518738,1,False,8.008131504058838,7.892176628112793,1,False
OVRPBLTW,233,61,48,9.8738527298,10.1687068939,0,9.873852729797363,10.168706893920898,0,True,2.986211888801107,15,0.3125,False,39,0,0,0.0,False,RELD_MOEL,RELD_MOEL,1,False,False,0.0,10.00666847229004,10.276795196533204,0,False,10.089070081710815,10.382189273834229,0,False,10.290249347686768,10.587010383605957,0,False
OVRPBLTW,234,61,48,6.5417056084,6.861114502,0,6.54170560836792,6.861114501953125,0,True,4.882654657981817,2,0.041666666666666664,True,39,1,0,0.05,True,RELD_MOEL,RELD_MOEL,1,False,False,0.0,6.957393074035645,7.217759037017823,0,False,6.993648052215576,7.337076187133789,0,False,7.063347816467285,7.3819496631622314,0,False
OVRPBLTW,235,61,48,8.7245121002,8.8577842712,0,8.724512100219727,8.857784271240234,0,True,1.527560160033988,7,0.14583333333333334,False,39,0,0,0.0,False,RELD_MOEL,RELD_MOEL,1,False,False,0.0,8.835674285888672,8.913562107086182,0,False,8.939403772354126,9.016758918762207,0,False,8.99144172668457,9.17580509185791,0,False
OVRPBLTW,236,61,48,12.1772937775,12.276432991,0,12.17729377746582,12.276432991027832,0,True,0.8141317382289037,1,0.020833333333333332,True,39,2,0,0.1,True,RELD_MOEL,RELD_MOEL,1,False,False,0.0,12.491667556762696,12.614241218566894,0,False,12.636287450790405,12.734496831893921,0,False,12.729642391204834,12.820347309112549,0,False
OVRPBLTW,237,61,48,9.6409301758,9.7246570587,0,9.64093017578125,9.72465705871582,0,True,0.8684523316035013,8,0.16666666666666666,False,39,0,0,0.0,False,RELD_MOEL,RELD_MOEL,1,False,False,0.0,9.669433498382569,9.87629451751709,0,False,9.791816234588623,9.95895767211914,0,False,9.843441009521484,10.051091194152832,0,False
OVRPBLTW,238,61,48,10.0193815231,9.909450531,1,10.019381523132324,9.90945053100586,1,True,1.1093550722726817,1,0.020833333333333332,True,39,5,0,0.25,True,RELD_MOEL,RELD_MTL,2,True,True,1.1093550722726817,10.123122692108154,10.070114135742188,1,False,10.195011615753174,10.185943365097046,1,False,10.377092838287354,10.264082908630371,1,False
OVRPBLTW,239,61,48,10.0351381302,10.0019607544,1,10.035138130187988,10.001960754394531,1,True,0.33170871806714664,1,0.020833333333333332,True,39,0,0,0.0,False,RELD_MOEL,RELD_MTL,2,True,True,0.3317087180671467,10.357036685943603,10.145122528076172,1,False,10.485546827316284,10.312357187271118,1,False,10.62865924835205,10.466212749481201,1,False
OVRPBLTW,240,62,49,9.162279129,9.110326767,1,9.16227912902832,9.110326766967773,1,True,0.5702579427577161,1,0.02040816326530612,True,40,3,0,0.15,True,RELD_MTL,RELD_MTL,1,False,False,0.0,9.759321594238282,9.179823303222657,1,False,9.835147857666016,9.781661987304688,1,False,9.929183959960938,9.926870346069336,1,False
OVRPBLTW,241,62,49,10.6871242523,11.6825809479,0,10.687124252319336,11.682580947875977,0,True,9.31454217336123,12,0.24489795918367346,False,40,0,0,0.0,False,RELD_MTL,RELD_MOEL,2,True,True,9.314542173361232,11.64767837524414,11.73078269958496,0,False,11.694026947021484,11.790056228637695,0,False,11.789556503295898,11.878316879272461,0,False
OVRPBLTW,242,62,49,8.359085083,8.3295183182,1,8.359085083007812,8.32951831817627,1,True,0.3549636806176032,1,0.02040816326530612,True,40,3,0,0.15,True,RELD_MOEL,RELD_MTL,2,True,True,0.3549636806176032,8.539762115478515,8.54024429321289,0,True,8.62398910522461,8.615222930908203,1,False,8.877765655517578,8.671931266784668,1,False
OVRPBLTW,243,62,49,8.0137195587,7.2955012321,1,8.01371955871582,7.295501232147217,1,True,9.844674186879159,4,0.08163265306122448,False,40,0,0,0.0,False,RELD_MTL,RELD_MTL,1,False,False,0.0,8.80436668395996,8.102285766601563,1,False,8.890247344970703,8.141953468322754,1,False,8.928257942199707,8.260932922363281,1,False
OVRPBLTW,244,62,49,6.6422381401,6.0535244942,1,6.642238140106201,6.053524494171143,1,True,9.72513857776668,42,0.8571428571428571,False,40,0,0,0.0,False,RELD_MOEL,RELD_MTL,2,True,True,9.72513857776668,7.672326946258545,6.105464935302734,1,False,8.012027740478516,6.209266185760498,1,False,8.16442584991455,6.328413009643555,1,False
OVRPBLTW,245,62,49,8.0368366241,8.3010883331,0,8.036836624145508,8.301088333129883,0,True,3.288006480156512,29,0.5918367346938775,False,40,0,0,0.0,False,RELD_MOEL,RELD_MOEL,1,False,False,0.0,8.049965858459473,8.580786895751952,0,False,8.077348709106445,8.722146987915039,0,False,8.263772964477539,8.857691764831543,0,False
OVRPBLTW,246,62,49,10.4759550095,9.7390460968,1,10.47595500946045,9.739046096801758,1,True,7.566540966903627,39,0.7959183673469388,False,40,0,0,0.0,False,RELD_MTL,RELD_MTL,1,False,False,0.0,10.56430435180664,9.862408447265626,1,False,10.919391632080078,9.92306137084961,1,False,10.992731094360352,10.154058456420898,1,False
OVRPBLTW,247,62,49,5.8955717087,5.9870233536,0,5.895571708679199,5.98702335357666,0,True,1.5511921390939174,15,0.30612244897959184,False,40,0,0,0.0,False,RELD_MTL,RELD_MOEL,2,True,True,1.5511921390939174,5.941537857055664,6.029118156433105,0,False,5.9606475830078125,6.073236465454102,0,False,6.121487140655518,6.100282192230225,1,True
OVRPBLTW,248,62,49,6.2292151451,6.2382154465,0,6.229215145111084,6.238215446472168,0,True,0.14448531942389728,1,0.02040816326530612,True,40,2,0,0.1,True,RELD_MTL,RELD_MOEL,2,True,True,0.14448531942389728,6.610897636413574,6.579948234558105,1,True,6.642782688140869,6.82048225402832,0,False,6.721264839172363,6.883245468139648,0,False
OVRPBLTW,249,62,49,6.8425011635,7.0418181419,0,6.842501163482666,7.041818141937256,0,True,2.912925750940585,2,0.04081632653061224,True,40,0,0,0.0,False,RELD_MTL,RELD_MOEL,2,True,True,2.912925750940585,7.234693813323974,7.529542732238769,0,False,7.307587146759033,7.681921005249023,0,False,7.488691329956055,7.851691722869873,0,False
OVRPBLTW,250,62,49,7.1166977882,7.3070459366,0,7.116697788238525,7.307045936584473,0,True,2.674669545693103,14,0.2857142857142857,False,40,0,0,0.0,False,RELD_MOEL,RELD_MOEL,1,False,False,0.0,7.203620338439942,7.354368209838867,0,False,7.251802444458008,7.4087629318237305,0,False,7.520782470703125,7.534634590148926,0,False
OVRPBLTW,251,62,49,9.2968101501,9.3061313629,0,9.296810150146484,9.306131362915039,0,True,0.10026248411558122,1,0.02040816326530612,True,40,1,0,0.05,True,RELD_MOEL,RELD_MOEL,1,False,False,0.0,9.47073745727539,9.445674514770507,1,True,9.504558563232422,9.546972274780273,0,False,9.626564025878906,9.704832077026367,0,False
OVRPBLTW,252,62,49,11.8900899887,12.148680687,0,11.890089988708496,12.148680686950684,0,True,2.1748422303427306,1,0.02040816326530612,True,40,4,0,0.2,True,RELD_MOEL,RELD_MOEL,1,False,False,0.0,12.366810035705566,12.41092300415039,0,False,12.742210388183594,12.966287612915039,0,False,12.911191940307617,13.342035293579102,0,False
OVRPBLTW,253,62,49,7.9005045891,7.891875267,1,7.9005045890808105,7.891875267028809,1,True,0.10934438023981004,1,0.02040816326530612,True,40,2,0,0.1,True,RELD_MTL,RELD_MTL,1,False,False,0.0,8.147723197937012,8.629292488098145,0,True,8.313638687133789,8.716225624084473,0,True,8.43787670135498,8.832200050354004,0,True
OVRPBLTW,254,62,49,6.4851436615,6.4838466644,1,6.485143661499023,6.483846664428711,1,True,0.020003512839407548,1,0.02040816326530612,True,40,5,0,0.25,True,RELD_MTL,RELD_MTL,1,False,False,0.0,6.5170330047607425,6.505780220031738,1,False,6.523920059204102,7.3696393966674805,0,True,6.56516695022583,7.405323505401611,0,True
OVRPBLTW,255,62,49,9.5563869476,10.1835823059,0,9.556386947631836,10.183582305908203,0,True,6.563101324162206,2,0.04081632653061224,True,40,1,0,0.05,True,RELD_MOEL,RELD_MOEL,1,False,False,0.0,10.616357803344727,11.276797485351562,0,False,10.652233123779297,11.316930770874023,0,False,10.67408275604248,11.346121788024902,0,False
OVRPBLTW,256,62,49,10.2669563293,10.472869873,0,10.266956329345703,10.472869873046875,0,True,2.005594814038139,32,0.6530612244897959,False,40,0,0,0.0,False,RELD_MTL,RELD_MOEL,2,True,True,2.005594814038139,10.341559219360352,10.506281852722168,0,False,10.395574569702148,10.583168029785156,0,False,10.451539993286133,10.670635223388672,0,False
OVRPBLTW,257,62,49,9.3963279724,9.2684812546,1,9.39632797241211,9.268481254577637,1,True,1.3793707327891465,1,0.02040816326530612,True,40,4,0,0.2,True,RELD_MTL,MVMOE,3,True,False,3.5911141110236127,10.189830017089843,9.436271286010742,1,False,10.404489517211914,9.475258827209473,1,False,10.710042953491211,9.523063659667969,1,False
OVRPBLTW,258,62,49,9.0275735855,9.0089168549,1,9.027573585510254,9.008916854858398,1,True,0.20709182802428194,2,0.04081632653061224,True,40,1,0,0.05,True,RELD_MOEL,RELD_MTL,2,True,True,0.20709182802428194,9.367448043823241,9.104176902770996,1,False,9.390425682067871,9.183496475219727,1,False,9.483735084533691,9.626848220825195,0,True
OVRPBLTW,259,62,49,10.4049110413,10.2396240234,1,10.404911041259766,10.2396240234375,1,True,1.614190301541153,8,0.16326530612244897,False,40,0,0,0.0,False,RELD_MOEL,RELD_MTL,2,True,True,1.614190301541153,10.602649879455566,10.366426086425781,1,False,10.796987533569336,10.4566011428833,1,False,11.06002426147461,10.556360244750977,1,False
OVRPBLTW,260,63,50,10.1443042755,10.046620369,1,10.144304275512695,10.04662036895752,1,True,0.9723061379069848,2,0.04,True,40,2,0,0.1,True,RELD_MOEL,RELD_MTL,2,True,True,0.9723061379069848,10.273978328704834,10.14764404296875,1,False,10.32595682144165,10.224518537521362,1,False,10.550126075744629,10.366451740264893,1,False
OVRPBLTW,261,63,50,13.1467971802,12.8598327637,1,13.146797180175781,12.859832763671875,1,True,2.2314786029724023,4,0.08,False,40,0,0,0.0,False,RELD_MOEL,RELD_MTL,2,True,True,2.2314786029724023,13.306185436248779,13.192158126831055,1,False,13.499019384384155,13.702874660491943,0,True,13.599411964416504,14.096928596496582,0,True
OVRPBLTW,262,63,50,10.4038276672,10.1148042679,1,10.403827667236328,10.1148042678833,1,True,2.8574294830126807,6,0.12,False,40,0,0,0.0,False,RELD_MOEL,RELD_MTL,2,True,True,2.8574294830126807,10.568056964874268,10.392338275909424,1,False,10.857113599777222,10.470983982086182,1,False,10.98642349243164,10.623976230621338,1,False
OVRPBLTW,263,63,50,8.1372051239,8.2279243469,0,8.137205123901367,8.227924346923828,0,True,1.1148695604777967,6,0.12,False,40,0,0,0.0,False,RELD_MOEL,RELD_MOEL,1,False,False,0.0,8.218068313598632,8.745946598052978,0,False,8.591813087463379,8.82841181755066,0,False,8.685079574584961,8.871798515319824,0,False
OVRPBLTW,264,63,50,12.5039691925,12.4301185608,1,12.503969192504883,12.430118560791016,1,True,0.5941265269415592,1,0.02,True,40,4,0,0.2,True,RELD_MOEL,RELD_MTL,2,True,True,0.5941265269415592,12.655588245391845,12.892846584320068,0,True,12.780597686767578,13.301652669906616,0,True,13.066469192504883,13.46715497970581,0,True
OVRPBLTW,265,63,50,11.589963913,10.8729496002,1,11.589963912963867,10.872949600219727,1,True,6.594478399741787,15,0.3,False,40,0,0,0.0,False,RELD_MOEL,RELD_MTL,2,True,True,6.594478399741786,11.77707281112671,11.101474285125732,1,False,11.815375328063965,11.504570245742798,1,False,11.993059158325195,11.964070320129395,1,False
OVRPBLTW,266,63,50,8.6604967117,9.2244720459,0,8.660496711730957,9.224472045898438,0,True,6.512043742688466,31,0.62,False,40,0,0,0.0,False,RELD_MTL,RELD_MOEL,2,True,True,6.512043742688466,8.68448257446289,9.267474842071532,0,False,8.714615821838379,9.322954654693604,0,False,8.922843933105469,9.410338878631592,0,False
OVRPBLTW,267,63,50,10.9991674423,11.3273258209,0,10.999167442321777,11.327325820922852,0,True,2.983483798400847,7,0.14,False,40,0,0,0.0,False,RELD_MOEL,RELD_MOEL,1,False,False,0.0,11.229616737365722,11.645106029510497,0,False,11.387758016586304,11.839879274368286,0,False,11.65961217880249,12.11414623260498,0,False
OVRPBLTW,268,63,50,10.7115125656,10.5710306168,1,10.711512565612793,10.571030616760254,1,True,1.3289333262996983,6,0.12,False,40,0,0,0.0,False,RELD_MTL,RELD_MTL,1,False,False,0.0,10.87501392364502,10.698857498168945,1,False,10.969421863555908,10.984557628631592,0,True,11.241779804229736,11.05524492263794,1,False
OVRPBLTW,269,63,50,7.2814507484,7.6707897186,0,7.2814507484436035,7.67078971862793,0,True,5.34699723520827,6,0.12,False,40,0,0,0.0,False,RELD_MTL,RELD_MOEL,2,True,True,5.34699723520827,7.425094413757324,8.037293624877929,0,False,7.973827123641968,8.13459825515747,0,False,8.23268985748291,8.32619571685791,0,False
OVRPBLTW,270,63,50,7.3244495392,7.2714576721,1,7.32444953918457,7.271457672119141,1,True,0.7287653932625491,3,0.06,False,40,0,0,0.0,False,RELD_MOEL,RELD_MTL,2,True,True,0.7287653932625492,7.43547568321228,7.522139215469361,0,True,7.533836245536804,7.630242109298706,0,True,7.6442975997924805,7.765297889709473,0,True
OVRPBLTW,271,63,50,8.1358480453,7.8687009811,1,8.135848045349121,7.868700981140137,1,True,3.3950592968479265,3,0.06,False,40,0,0,0.0,False,RELD_MOEL,RELD_MTL,2,True,True,3.3950592968479265,8.191671752929688,8.302284145355225,0,True,8.270817279815674,8.364206552505493,0,True,8.760359764099121,8.529101848602295,1,False
OVRPBLTW,272,63,50,10.9591884613,9.9078359604,1,10.959188461303711,9.907835960388184,1,True,10.61132325062793,44,0.88,False,40,0,0,0.0,False,RELD_MTL,RELD_MTL,1,False,False,0.0,11.098152160644531,10.750596046447754,1,False,11.139947891235352,10.801648616790771,1,False,11.231293678283691,10.865519523620605,1,False
OVRPBLTW,273,63,50,11.4803390503,11.5176506042,0,11.480339050292969,11.517650604248047,0,True,0.32500393704857866,2,0.04,True,40,2,0,0.1,True,RELD_MTL,RELD_MOEL,2,True,True,0.32500393704857866,11.748980903625489,11.65954360961914,1,True,11.984941482543945,11.716204643249512,1,True,12.106854438781738,12.12140417098999,0,False
OVRPBLTW,274,63,50,10.3223762512,10.269733429,1,10.322376251220703,10.269733428955078,1,True,0.512601642135567,4,0.08,False,40,0,0,0.0,False,RELD_MTL,RELD_MTL,1,False,False,0.0,10.533872127532959,10.37761116027832,1,False,10.581122159957886,10.52287483215332,1,False,10.805645942687988,10.7445068359375,1,False
OVRPBLTW,275,63,50,13.299323082,12.5290126801,1,13.299323081970215,12.529012680053711,1,True,6.148213123955856,11,0.22,False,40,0,0,0.0,False,RELD_MTL,RELD_MTL,1,False,False,0.0,13.866312980651855,13.116036415100098,1,False,14.045882940292358,13.342804431915283,1,False,14.403761863708496,13.572096347808838,1,False
OVRPBLTW,276,63,50,7.600335598,7.9810934067,0,7.600335597991943,7.981093406677246,0,True,5.009749948412742,10,0.2,False,40,0,0,0.0,False,RELD_MOEL,RELD_MOEL,1,False,False,0.0,7.85436692237854,8.017601776123048,0,False,8.183122396469116,8.045454263687134,1,True,8.481036186218262,8.084775924682617,1,True
OVRPBLTW,277,63,50,9.5618495941,9.6039981842,0,9.561849594116211,9.603998184204102,0,True,0.4407995512291599,2,0.04,True,40,0,0,0.0,False,RELD_MOEL,RELD_MOEL,1,False,False,0.0,9.770976066589355,10.173700714111328,0,False,10.022101402282715,10.267483711242676,0,False,10.181467056274414,10.34437370300293,0,False
OVRPBLTW,278,63,50,10.2023801804,10.5031642914,0,10.202380180358887,10.503164291381836,0,True,2.948175873487259,2,0.04,True,40,1,0,0.05,True,RELD_MTL,RELD_MOEL,2,True,True,2.9481758734872585,11.24743881225586,10.994300842285156,1,True,11.300097227096558,11.167248010635376,1,True,11.38892412185669,11.24924898147583,1,True
OVRPBLTW,279,63,50,11.5473098755,11.7759790421,0,11.547309875488281,11.775979042053223,0,True,1.9802808538564327,9,0.18,False,40,0,0,0.0,False,RELD_MOEL,RELD_MOEL,1,False,False,0.0,11.759128761291503,12.166627502441406,0,False,11.805107593536377,12.200614929199219,0,False,11.931368350982666,12.331821918487549,0,False
OVRPBLTW,280,64,51,9.7791042328,10.1269378662,0,9.779104232788086,10.126937866210938,0,True,3.5569069018953194,12,0.23529411764705882,False,41,0,0,0.0,False,RELD_MOEL,RELD_MOEL,1,False,False,0.0,9.825067520141602,10.206191062927246,0,False,10.223176956176758,10.222596168518066,1,True,10.336301803588867,10.30205249786377,1,True
OVRPBLTW,281,64,51,9.1240062714,8.785651207,1,9.124006271362305,8.785651206970215,1,True,3.8512235055543096,3,0.058823529411764705,False,41,0,0,0.0,False,RELD_MTL,RELD_MTL,1,False,False,0.0,9.456293106079102,9.573869705200195,0,True,9.482567310333252,9.641808986663818,0,True,9.566246032714844,9.836644172668457,0,True
OVRPBLTW,282,64,51,9.1360321045,9.0508918762,1,9.136032104492188,9.050891876220703,1,True,0.9406832991109181,28,0.5490196078431373,False,41,0,0,0.0,False,RELD_MTL,RELD_MTL,1,False,False,0.0,9.17746353149414,9.054590225219727,1,False,9.20658016204834,9.079854011535645,1,False,9.474334716796875,9.116416931152344,1,False
OVRPBLTW,283,64,51,7.4336247444,7.3731784821,1,7.433624744415283,7.373178482055664,1,True,0.8198128181319178,8,0.1568627450980392,False,41,0,0,0.0,False,RELD_MTL,RELD_MTL,1,False,False,0.0,8.159952163696289,7.415575981140137,1,False,8.298161506652832,7.556541442871094,1,False,8.355916023254395,7.899647235870361,1,False
OVRPBLTW,284,64,51,7.0830798149,7.2601680756,0,7.083079814910889,7.260168075561523,0,True,2.5001590456100313,5,0.09803921568627451,False,41,0,0,0.0,False,RELD_MOEL,RELD_MOEL,1,False,False,0.0,7.262546539306641,7.39493465423584,0,False,7.5589494705200195,7.511440992355347,1,True,7.715013027191162,7.588693618774414,1,True
OVRPBLTW,285,64,51,6.4533829689,6.4551434517,0,6.453382968902588,6.455143451690674,0,True,0.02727999885461691,1,0.0196078431372549,True,41,2,0,0.1,True,RELD_MOEL,RELD_MOEL,1,False,False,0.0,6.554508209228516,6.478908538818359,1,True,6.616377592086792,6.50644588470459,1,True,6.662504196166992,6.550463676452637,1,True
OVRPBLTW,286,64,51,12.9114980698,12.4962081909,1,12.911498069763184,12.496208190917969,1,True,3.323327144968856,6,0.11764705882352941,False,41,0,0,0.0,False,RELD_MOEL,RELD_MTL,2,True,True,3.323327144968856,13.313586235046387,12.82525634765625,1,False,13.468760967254639,13.177743911743164,1,False,13.711536407470703,13.34339714050293,1,False
OVRPBLTW,287,64,51,6.7384576797,6.629617691,1,6.738457679748535,6.629617691040039,1,True,1.6417234563578966,1,0.0196078431372549,True,41,5,0,0.25,True,RELD_MTL,RELD_MTL,1,False,False,0.0,7.090182781219482,7.043475151062012,1,False,7.187924385070801,7.083632946014404,1,False,7.495487689971924,7.1250152587890625,1,False
OVRPBLTW,288,64,51,6.4833288193,6.63276577,0,6.483328819274902,6.632765769958496,0,True,2.304941718444797,6,0.11764705882352941,False,41,0,0,0.0,False,RELD_MOEL,RELD_MOEL,1,False,False,0.0,6.623870849609375,6.771968364715576,0,False,6.698033571243286,6.815017938613892,0,False,6.771321773529053,6.899221897125244,0,False
OVRPBLTW,289,64,51,7.9914755821,8.0478096008,0,7.991475582122803,8.047809600830078,0,True,0.704926369620437,2,0.0392156862745098,True,41,0,0,0.0,False,RELD_MTL,RELD_MOEL,2,True,True,0.704926369620437,8.204156875610352,8.230836868286133,0,False,8.313058853149414,8.885113716125488,0,False,8.447996139526367,9.06653881072998,0,False
OVRPBLTW,290,64,51,6.2712063789,6.1599030495,1,6.271206378936768,6.159903049468994,1,True,1.806900668818718,1,0.0196078431372549,True,41,4,0,0.2,True,RELD_MTL,RELD_MTL,1,False,False,0.0,6.3263373374938965,6.337639808654785,0,True,6.401498079299927,6.407254457473755,0,True,6.581048965454102,6.590746879577637,0,True
OVRPBLTW,291,64,51,6.9156761169,6.8749289513,1,6.915676116943359,6.874928951263428,1,True,0.59269217018301,8,0.1568627450980392,False,41,0,0,0.0,False,RELD_MTL,RELD_MTL,1,False,False,0.0,7.133299350738525,6.901806831359863,1,False,7.2341766357421875,6.949333667755127,1,False,7.400572299957275,7.122745990753174,1,False
OVRPBLTW,292,64,51,10.189371109,10.0273342133,1,10.189371109008789,10.027334213256836,1,True,1.6159518796638734,1,0.0196078431372549,True,41,0,0,0.0,False,RELD_MOEL,RELD_MTL,2,True,True,1.6159518796638734,10.533447265625,10.238933563232422,1,False,10.712350845336914,10.411753177642822,1,False,10.880793571472168,10.583381652832031,1,False
OVRPBLTW,293,64,51,9.0174789429,9.8320198059,0,9.017478942871094,9.832019805908203,0,True,9.032911173486422,46,0.9019607843137255,False,41,0,0,0.0,False,RELD_MOEL,RELD_MOEL,1,False,False,0.0,9.119729042053223,9.938924789428711,0,False,9.168748378753662,9.973902225494385,0,False,9.3871431350708,10.037249565124512,0,False
OVRPBLTW,294,64,51,10.0798921585,10.1226797104,0,10.0798921585083,10.122679710388184,0,True,0.4244842229181876,2,0.0392156862745098,True,41,1,0,0.05,True,RELD_MOEL,MoSES_RF,4,True,False,1.8122612615288778,10.199466705322266,10.154098510742188,1,True,10.289698600769043,10.16255521774292,1,True,10.420194625854492,10.197162628173828,1,True
OVRPBLTW,295,64,51,8.5407428741,8.5171937943,1,8.540742874145508,8.517193794250488,1,True,0.2764887164568042,1,0.0196078431372549,True,41,3,0,0.15,True,RELD_MTL,RELD_MTL,1,False,False,0.0,9.574642181396484,8.776712417602539,1,False,9.926519393920898,9.420698642730713,1,False,10.115097045898438,9.553705215454102,1,False
OVRPBLTW,296,64,51,6.4740786552,6.1493196487,1,6.47407865524292,6.149319648742676,1,True,5.281218493311788,3,0.058823529411764705,False,41,0,0,0.0,False,RELD_MTL,RELD_MTL,1,False,False,0.0,6.5085906982421875,6.674285411834717,0,True,6.526375770568848,6.765875816345215,0,True,6.645043849945068,6.843876838684082,0,True
OVRPBLTW,297,64,51,10.8526439667,11.0632476807,0,10.852643966674805,11.063247680664062,0,True,1.940575169020664,7,0.13725490196078433,False,41,0,0,0.0,False,RELD_MOEL,RELD_MOEL,1,False,False,0.0,11.007919311523438,11.122900009155273,0,False,11.23485279083252,11.332468032836914,0,False,11.520583152770996,11.813858032226562,0,False
OVRPBLTW,298,64,51,10.7566738129,11.5969400406,0,10.756673812866211,11.596940040588379,0,True,7.811580441272702,43,0.8431372549019608,False,41,0,0,0.0,False,RELD_MTL,RELD_MOEL,2,True,True,7.811580441272701,10.779923439025879,11.759449005126953,0,False,10.820155143737793,11.842735290527344,0,False,10.877463340759277,12.427470207214355,0,False
OVRPBLTW,299,64,51,7.9974164963,7.9478664398,1,7.9974164962768555,7.947866439819336,1,True,0.6234384645905827,4,0.0784313725490196,False,41,0,0,0.0,False,RELD_MOEL,RELD_MTL,2,True,True,0.6234384645905827,8.175932884216309,8.007352828979492,1,False,8.270536422729492,8.025651454925537,1,False,8.383149147033691,8.114517211914062,1,False
OVRPBLTW,300,65,52,9.2179756165,9.4515991211,0,9.217975616455078,9.45159912109375,0,True,2.534433961637056,6,0.11538461538461539,False,42,0,0,0.0,False,RELD_MOEL,RELD_MOEL,1,False,False,0.0,9.426359748840332,9.671948432922363,0,False,9.57888650894165,9.786471366882324,0,False,9.70991563796997,9.937769889831543,0,False
OVRPBLTW,301,65,52,11.8480815887,12.2407112122,0,11.848081588745117,12.240711212158203,0,True,3.313866642127686,3,0.057692307692307696,False,42,0,0,0.0,False,RELD_MOEL,RELD_MOEL,1,False,False,0.0,12.412384986877441,12.556980514526368,0,False,12.560391187667847,12.650487899780273,0,False,12.658355236053467,12.799899101257324,0,False
OVRPBLTW,302,65,52,8.8683214188,8.8362579346,1,8.868321418762207,8.836257934570312,1,True,0.36286270090022554,1,0.019230769230769232,True,42,3,0,0.15,True,RELD_MOEL,RELD_MTL,2,True,True,0.36286270090022554,9.360795783996583,8.967263984680176,1,False,9.404793739318848,9.156497955322266,1,False,9.476251125335693,9.27628469467163,1,False
OVRPBLTW,303,65,52,9.0727748871,9.3309030533,0,9.072774887084961,9.330903053283691,0,True,2.84508509703042,16,0.3076923076923077,False,42,0,0,0.0,False,RELD_MTL,RELD_MOEL,2,True,True,2.8450850970304193,9.133599090576173,9.78190221786499,0,False,9.237436056137085,9.918726921081543,0,False,9.555200576782227,10.241544723510742,0,False
OVRPBLTW,304,65,52,4.1474509239,4.2928752899,0,4.147450923919678,4.292875289916992,0,True,3.5063553172378845,18,0.34615384615384615,False,42,0,0,0.0,False,RELD_MTL,RELD_MOEL,2,True,True,3.5063553172378845,4.225922727584839,4.890884494781494,0,False,4.252249360084534,4.939205169677734,0,False,4.31327223777771,4.965014934539795,0,False
OVRPBLTW,305,65,52,8.3274040222,8.618970871,0,8.327404022216797,8.61897087097168,0,True,3.501293416564314,10,0.19230769230769232,False,42,0,0,0.0,False,RELD_MOEL,RELD_MOEL,1,False,False,0.0,8.474470329284667,8.683023452758789,0,False,8.681269884109497,8.718883275985718,0,False,8.83728551864624,8.797268867492676,1,True
OVRPBLTW,306,65,52,8.3883228302,8.1990613937,1,8.388322830200195,8.199061393737793,1,True,2.3083305199473876,1,0.019230769230769232,True,42,2,0,0.1,True,RELD_MOEL,RELD_MTL,2,True,True,2.3083305199473876,8.758551979064942,8.646242904663087,1,False,8.994911670684814,8.788213014602661,1,False,9.077977180480957,9.063328266143799,1,False
OVRPBLTW,307,65,52,7.5748806,7.7254743576,0,7.574880599975586,7.7254743576049805,0,True,1.9880677406321015,5,0.09615384615384616,False,42,0,0,0.0,False,RELD_MOEL,RELD_MOEL,1,False,False,0.0,7.73698091506958,8.201354026794434,0,False,7.791514992713928,8.269895792007446,0,False,7.872164249420166,8.491175174713135,0,False
OVRPBLTW,308,65,52,10.4069023132,10.7370100021,0,10.406902313232422,10.73701000213623,0,True,3.1720071829760057,4,0.07692307692307693,False,42,0,0,0.0,False,RELD_MOEL,RELD_MOEL,1,False,False,0.0,10.76578779220581,11.111809730529785,0,False,10.86220407485962,11.185816764831543,0,False,11.084077835083008,11.396785259246826,0,False
OVRPBLTW,309,65,52,8.9798202515,8.8972816467,1,8.979820251464844,8.897281646728516,1,True,0.9276833990145003,4,0.07692307692307693,False,42,0,0,0.0,False,RELD_MOEL,RELD_MTL,2,True,True,0.9276833990145003,9.397342014312745,9.000046157836914,1,False,9.550111532211304,9.3504159450531,1,False,9.670303344726562,9.574906826019287,1,False
OVRPBLTW,310,65,52,9.4107551575,9.2313556671,1,9.410755157470703,9.231355667114258,1,True,1.943371015801816,4,0.07692307692307693,False,42,0,0,0.0,False,RELD_MOEL,MVMOE,3,True,False,2.784781436527001,9.502023506164551,9.429169654846191,1,False,9.71434497833252,9.47309923171997,1,False,9.80271863937378,9.605048656463623,1,False
OVRPBLTW,311,65,52,6.9265298843,6.9656190872,0,6.926529884338379,6.965619087219238,0,True,0.5643403486730338,1,0.019230769230769232,True,42,4,0,0.2,True,RELD_MTL,RELD_MOEL,2,True,True,0.5643403486730338,7.052246379852295,7.052265548706055,0,False,7.263355016708374,7.129833698272705,1,True,7.424281120300293,7.2056989669799805,1,True
OVRPBLTW,312,65,52,6.3003664017,6.4373264313,0,6.300366401672363,6.437326431274414,0,True,2.1738422953154704,9,0.17307692307692307,False,42,0,0,0.0,False,RELD_MOEL,RELD_MOEL,1,False,False,0.0,6.412543535232544,6.685248899459839,0,False,6.4852495193481445,6.765570044517517,0,False,6.644583225250244,6.921968936920166,0,False
OVRPBLTW,313,65,52,14.4888095856,14.6155481339,0,14.488809585571289,14.615548133850098,0,True,0.8747340321592896,2,0.038461538461538464,True,42,1,0,0.05,True,RELD_MTL,MVMOE,3,True,False,1.5191862524393749,14.914767837524414,14.667336463928223,1,True,15.158988952636719,14.85668659210205,1,True,15.281303882598877,15.138414859771729,1,True
OVRPBLTW,314,65,52,12.3619976044,12.6575679779,0,12.361997604370117,12.657567977905273,0,True,2.390959640655458,1,0.019230769230769232,True,42,4,0,0.2,True,RELD_MTL,RELD_MOEL,2,True,True,2.390959640655458,13.037193107604981,12.993210887908935,1,True,13.181089162826538,13.389027118682861,0,False,13.483288288116455,13.82284688949585,0,False
OVRPBLTW,315,65,52,8.4414930344,8.4427280426,0,8.441493034362793,8.442728042602539,0,True,0.014630210496736976,1,0.019230769230769232,True,42,6,0,0.3,True,RELD_MTL,RELD_MOEL,2,True,True,0.014630210496736974,8.813916683197021,8.653694152832031,1,True,8.867144584655762,8.736869812011719,1,True,8.90989875793457,8.982562065124512,0,False
OVRPBLTW,316,65,52,11.9542770386,12.255022049,0,11.954277038574219,12.255022048950195,0,True,2.5157942168221754,5,0.09615384615384616,False,42,0,0,0.0,False,RELD_MTL,RELD_MOEL,2,True,True,2.515794216822175,12.277865505218506,12.389510917663575,0,False,12.352270126342773,12.779175996780396,0,False,13.482200622558594,12.999220848083496,1,True
OVRPBLTW,317,65,52,8.7723236084,8.8975868225,0,8.772323608398438,8.897586822509766,0,True,1.4279365387301928,3,0.057692307692307696,False,42,0,0,0.0,False,RELD_MOEL,RELD_MOEL,1,False,False,0.0,9.097707080841065,9.287292098999023,0,False,9.217997550964355,9.422807693481445,0,False,9.369265079498291,9.71925401687622,0,False
OVRPBLTW,318,65,52,9.385307312,9.3820705414,1,9.385307312011719,9.382070541381836,1,True,0.034499533825909014,1,0.019230769230769232,True,42,3,0,0.15,True,RELD_MOEL,RELD_MTL,2,True,True,0.034499533825909014,9.55327548980713,9.501909255981445,1,False,9.752095222473145,9.54978632926941,1,False,9.960810661315918,9.689621925354004,1,False
OVRPBLTW,319,65,52,10.106921196,9.9285573959,1,10.106921195983887,9.928557395935059,1,True,1.7964724681317248,2,0.038461538461538464,True,42,2,0,0.1,True,RELD_MOEL,RELD_MTL,2,True,True,1.7964724681317248,10.256344509124755,10.190358543395996,1,False,10.379272699356079,10.30650019645691,1,False,10.59770393371582,10.499013423919678,1,False
OVRPBLTW,320,66,52,9.6769104004,9.9919042587,0,9.676910400390625,9.991904258728027,0,True,3.25510772825776,6,0.11538461538461539,False,42,0,0,0.0,False,RELD_MOEL,RELD_MOEL,1,False,False,0.0,9.97280445098877,10.060487842559814,0,False,10.224674701690674,10.206493854522705,1,True,10.486762046813965,10.464409828186035,1,True
OVRPBLTW,321,66,52,13.2084331512,12.7670650482,1,13.208433151245117,12.767065048217773,1,True,3.4570835296419817,30,0.5769230769230769,False,42,0,0,0.0,False,RELD_MTL,RELD_MTL,1,False,False,0.0,13.366457176208495,12.816867637634278,1,False,13.721984386444092,12.937273025512695,1,False,14.026835441589355,13.163075923919678,1,False
OVRPBLTW,322,66,52,11.3711509705,11.3771648407,0,11.371150970458984,11.377164840698242,0,True,0.052887084303093114,1,0.019230769230769232,True,42,2,0,0.1,True,RELD_MOEL,RELD_MOEL,1,False,False,0.0,11.744736385345458,11.644607543945312,1,True,11.905269622802734,11.684556007385254,1,True,12.01349401473999,11.796547889709473,1,True
OVRPBLTW,323,66,52,10.4406452179,10.7836818695,0,10.440645217895508,10.783681869506836,0,True,3.2855886244643187,1,0.019230769230769232,True,42,4,0,0.2,True,RELD_MOEL,RELD_MOEL,1,False,False,0.0,10.934055423736572,11.012265872955322,0,False,11.147079706192017,11.149094581604004,0,False,11.452367305755615,11.294928550720215,1,True
OVRPBLTW,324,66,52,9.8385982513,9.7786979675,1,9.838598251342773,9.778697967529297,1,True,0.6125588907550142,2,0.038461538461538464,True,42,0,0,0.0,False,RELD_MOEL,MVMOE,3,True,False,1.1810400405640409,9.961803817749024,10.711590003967284,0,True,10.065167427062988,10.797273635864258,0,True,10.386712074279785,10.930635452270508,0,True
OVRPBLTW,325,66,52,11.8222961426,11.4050388336,1,11.822296142578125,11.405038833618164,1,True,3.6585347501906993,3,0.057692307692307696,False,42,0,0,0.0,False,RELD_MTL,RELD_MTL,1,False,False,0.0,12.23387851715088,11.924448013305664,1,False,12.451873779296875,12.066832542419434,1,False,13.388120651245117,12.410054206848145,1,False
OVRPBLTW,326,66,52,6.9364533424,6.9045028687,1,6.936453342437744,6.904502868652344,1,True,0.46274835868112235,2,0.038461538461538464,True,42,0,0,0.0,False,RELD_MOEL,RELD_MTL,2,True,True,0.46274835868112235,7.399671363830566,6.9652119159698485,1,False,7.436062455177307,6.987221121788025,1,False,7.614352464675903,7.172769546508789,1,False
OVRPBLTW,327,66,52,11.4881572723,10.6461849213,1,11.488157272338867,10.646184921264648,1,True,7.908676744055541,39,0.75,False,42,0,0,0.0,False,RELD_MOEL,RELD_MTL,2,True,True,7.908676744055541,11.534316062927246,10.860135459899903,1,False,11.566400289535522,10.881232023239136,1,False,11.658826351165771,10.983425617218018,1,False
OVRPBLTW,328,66,52,9.852309227,9.6499404907,1,9.852309226989746,9.649940490722656,1,True,2.097098282575201,2,0.038461538461538464,True,42,0,0,0.0,False,RELD_MOEL,RELD_MTL,2,True,True,2.097098282575201,10.082711124420166,10.269797229766846,0,True,10.167326211929321,10.467267513275146,0,True,10.232602596282959,10.553263664245605,0,True
OVRPBLTW,329,66,52,11.5821304321,11.42045784,1,11.582130432128906,11.42045783996582,1,True,1.4156401990622858,5,0.09615384615384616,False,42,0,0,0.0,False,RELD_MOEL,RELD_MTL,2,True,True,1.4156401990622858,11.650813388824464,11.617201995849609,1,False,11.73800802230835,11.709952116012573,1,False,12.076982498168945,11.810226917266846,1,False
OVRPBLTW,330,66,52,6.7623357773,6.8280057907,0,6.762335777282715,6.828005790710449,0,True,0.971114354014231,1,0.019230769230769232,True,42,3,0,0.15,True,RELD_MOEL,RELD_MOEL,1,False,False,0.0,7.274235391616822,7.680761289596558,0,False,7.329556703567505,7.748878002166748,0,False,7.4955408573150635,7.867681980133057,0,False
OVRPBLTW,331,66,52,9.2227840424,9.100446701,1,9.222784042358398,9.100446701049805,1,True,1.3443003999634273,29,0.5576923076923077,False,42,0,0,0.0,False,RELD_MOEL,RELD_MTL,2,True,True,1.3443003999634273,9.414093780517579,9.144793510437012,1,False,9.437940120697021,9.154631853103638,1,False,9.506146907806396,9.203240394592285,1,False
OVRPBLTW,332,66,52,5.9900789261,5.3804502487,1,5.990078926086426,5.380450248718262,1,True,11.330439818624765,32,0.6153846153846154,False,42,0,0,0.0,False,RELD_MTL,RELD_MTL,1,False,False,0.0,6.133927822113037,5.850249195098877,1,False,6.209794878959656,5.886316657066345,1,False,6.328451156616211,5.939151287078857,1,False
OVRPBLTW,333,66,52,7.5143532753,7.2985386848,1,7.514353275299072,7.298538684844971,1,True,2.956956177398336,11,0.21153846153846154,False,42,0,0,0.0,False,RELD_MTL,RELD_MTL,1,False,False,0.0,7.84338002204895,7.347758531570435,1,False,7.930172562599182,7.86616849899292,1,False,7.982748985290527,8.425670623779297,0,True
OVRPBLTW,334,66,52,9.7715005875,9.8373327255,0,9.771500587463379,9.837332725524902,0,True,0.6737157451969433,2,0.038461538461538464,True,42,1,0,0.05,True,RELD_MOEL,RELD_MOEL,1,False,False,0.0,9.86125659942627,10.805481052398681,0,False,9.934587001800537,11.097902059555054,0,False,10.064006805419922,11.305923461914062,0,False
OVRPBLTW,335,66,52,10.0488471985,9.9049930573,1,10.048847198486328,9.904993057250977,1,True,1.4523396469619885,6,0.11538461538461539,False,42,0,0,0.0,False,RELD_MOEL,RELD_MTL,2,True,True,1.4523396469619885,10.148213386535645,10.009471702575684,1,False,10.239275932312012,10.131930112838745,1,False,10.41977596282959,10.27644681930542,1,False
OVRPBLTW,336,66,52,8.9979972839,9.0811481476,0,8.997997283935547,9.081148147583008,0,True,0.9241041209112277,10,0.19230769230769232,False,42,0,0,0.0,False,RELD_MTL,RELD_MOEL,2,True,True,0.9241041209112278,9.0091703414917,9.159961605072022,0,False,9.176632642745972,9.521913528442383,0,False,9.362677574157715,9.701168060302734,0,False
OVRPBLTW,337,66,52,9.173456192,9.2768087387,0,9.173456192016602,9.276808738708496,0,True,1.1266478471890657,5,0.09615384615384616,False,42,0,0,0.0,False,RELD_MOEL,MVMOE,3,True,False,2.1181813171041495,9.30294942855835,9.31193504333496,0,False,9.393864631652832,9.381050825119019,1,True,9.578381061553955,9.434996128082275,1,True
OVRPBLTW,338,66,52,12.5245838165,12.5172891617,1,12.52458381652832,12.517289161682129,1,True,0.05827663406801349,1,0.019230769230769232,True,42,4,0,0.2,True,RELD_MOEL,RELD_MTL,2,True,True,0.05827663406801349,12.67624568939209,12.973755931854248,0,True,12.74816107749939,13.522566318511963,0,True,12.908690452575684,13.638625621795654,0,True
OVRPBLTW,339,66,52,12.1188688278,11.6834144592,1,12.118868827819824,11.683414459228516,1,True,3.7271156486030987,6,0.11538461538461539,False,42,0,0,0.0,False,RELD_MTL,RELD_MTL,1,False,False,0.0,12.627150344848634,11.853624153137208,1,False,12.707924365997314,12.77146315574646,0,True,13.715511798858643,12.802534103393555,1,False
OVRPBLTW,340,67,53,9.7338104248,9.5111322403,1,9.733810424804688,9.51113224029541,1,True,2.3412373929202746,7,0.1320754716981132,False,43,0,0,0.0,False,RELD_MOEL,MVMOE,3,True,False,3.2272941499613093,9.87083683013916,9.728411674499512,1,False,9.959077835083008,9.816755294799805,1,False,10.01963996887207,9.935894012451172,1,False
OVRPBLTW,341,67,53,9.6211013794,9.7289352417,0,9.621101379394531,9.728935241699219,0,True,1.120805800164269,2,0.03773584905660377,True,43,1,0,0.05,True,RELD_MOEL,RELD_MOEL,1,False,False,0.0,9.984765815734864,9.961116218566895,1,True,10.103212356567383,10.059629440307617,1,True,10.241110801696777,10.19729232788086,1,True
OVRPBLTW,342,67,53,10.541056633,10.4635829926,1,10.541056632995605,10.463582992553711,1,True,0.7404121557098695,3,0.05660377358490566,False,43,0,0,0.0,False,RELD_MOEL,RELD_MTL,2,True,True,0.7404121557098695,10.64006233215332,10.705152702331542,0,True,10.863539695739746,11.260401725769043,0,True,11.083446502685547,11.4312744140625,0,True
OVRPBLTW,343,67,53,9.5762252808,9.5899906158,0,9.576225280761719,9.589990615844727,0,True,0.14374489526264023,1,0.018867924528301886,True,43,4,0,0.2,True,RELD_MOEL,RELD_MOEL,1,False,False,0.0,9.725437545776368,9.754109954833984,0,False,9.948305130004883,9.846321105957031,1,True,10.154182434082031,9.954977035522461,1,True
OVRPBLTW,344,67,53,7.8703012466,7.927936554,0,7.870301246643066,7.927936553955078,0,True,0.732313866955203,1,0.018867924528301886,True,43,4,0,0.2,True,RELD_MTL,RELD_MOEL,2,True,True,0.732313866955203,8.232895660400391,8.040048027038575,1,True,8.349684715270996,8.12374496459961,1,True,8.505918502807617,8.205085754394531,1,True
OVRPBLTW,345,67,53,12.4477005005,12.0547580719,1,12.447700500488281,12.054758071899414,1,True,3.259645911235333,4,0.07547169811320754,False,43,0,0,0.0,False,RELD_MOEL,RELD_MTL,2,True,True,3.259645911235333,12.76258659362793,12.85196304321289,0,True,13.450614929199219,13.113363265991211,1,False,13.895328521728516,13.733468055725098,1,False
OVRPBLTW,346,67,53,11.4248695374,11.5792531967,0,11.424869537353516,11.579253196716309,0,True,1.3512947241508213,17,0.32075471698113206,False,43,0,0,0.0,False,RELD_MOEL,RELD_MOEL,1,False,False,0.0,11.474658966064453,11.738021087646484,0,False,11.54603385925293,11.951574325561523,0,False,11.827661514282227,12.235819816589355,0,False
OVRPBLTW,347,67,53,5.4951839447,6.0656170845,0,5.495183944702148,6.065617084503174,0,True,10.380601369134737,14,0.2641509433962264,False,43,0,0,0.0,False,RELD_MOEL,RELD_MOEL,1,False,False,0.0,5.75821704864502,6.231904792785644,0,False,6.0627970695495605,6.328075408935547,0,False,6.208667755126953,6.555841445922852,0,False
OVRPBLTW,348,67,53,9.7315511703,9.5157985687,1,9.731551170349121,9.515798568725586,1,True,2.267309464805908,6,0.11320754716981132,False,43,0,0,0.0,False,RELD_MTL,RELD_MTL,1,False,False,0.0,10.416127777099609,9.692200088500977,1,False,10.533120155334473,10.266786575317383,1,False,11.051944732666016,10.46626091003418,1,False
OVRPBLTW,349,67,53,11.8651218414,11.6467466354,1,11.865121841430664,11.646746635437012,1,True,1.87498889463479,1,0.018867924528301886,True,43,3,0,0.15,True,RELD_MOEL,RELD_MTL,2,True,True,1.87498889463479,12.050980377197266,12.101243782043458,0,True,12.154436111450195,12.470832824707031,0,True,12.252177238464355,12.680951118469238,0,True
OVRPBLTW,350,67,53,7.7122545242,7.3131465912,1,7.712254524230957,7.313146591186523,1,True,5.457403704723372,18,0.33962264150943394,False,43,0,0,0.0,False,RELD_MOEL,RELD_MTL,2,True,True,5.457403704723372,7.923587989807129,7.578921318054199,1,False,8.380118370056152,7.657801628112793,1,False,8.472139358520508,8.166250228881836,1,False
OVRPBLTW,351,67,53,10.5810070038,10.5286455154,1,10.58100700378418,10.528645515441895,1,True,0.49732407006592505,1,0.018867924528301886,True,43,2,0,0.1,True,RELD_MTL,RELD_MTL,1,False,False,0.0,10.701491928100586,10.659000396728516,1,False,10.94784927368164,10.705284118652344,1,False,11.130660057067871,10.869601249694824,1,False
OVRPBLTW,352,67,53,8.9908428192,8.9519691467,1,8.990842819213867,8.951969146728516,1,True,0.4342471680024675,5,0.09433962264150944,False,43,0,0,0.0,False,RELD_MOEL,RELD_MTL,2,True,True,0.43424716800246743,9.173653984069825,9.008966445922852,1,False,9.228897094726562,9.066746711730957,1,False,9.326264381408691,9.306594848632812,1,False
OVRPBLTW,353,67,53,10.8399868011,10.8233337402,1,10.839986801147461,10.823333740234375,1,True,0.1538625833752752,2,0.03773584905660377,True,43,1,0,0.05,True,RELD_MOEL,RELD_MTL,2,True,True,0.15386258337527517,11.590732002258301,11.606112289428712,0,True,11.674466133117676,11.666160583496094,1,False,11.95013427734375,11.741598129272461,1,False
OVRPBLTW,354,67,53,10.0362176895,9.8766288757,1,10.03621768951416,9.876628875732422,1,True,1.6158227246206034,17,0.32075471698113206,False,43,0,0,0.0,False,RELD_MOEL,RELD_MTL,2,True,True,1.6158227246206036,10.443270111083985,9.938075256347656,1,False,10.52165699005127,10.006741523742676,1,False,10.616504669189453,10.17581558227539,1,False
OVRPBLTW,355,67,53,10.4320163727,10.3511943817,1,10.432016372680664,10.351194381713867,1,True,0.7807986983887261,1,0.018867924528301886,True,43,1,0,0.05,True,RELD_MOEL,RELD_MTL,2,True,True,0.7807986983887261,10.643486404418946,10.699614715576171,0,True,10.810627937316895,10.89625072479248,0,True,10.901458740234375,11.028055191040039,0,True
OVRPBLTW,356,67,53,6.2418632507,6.3744797707,0,6.241863250732422,6.3744797706604,0,True,2.1246303335006194,9,0.16981132075471697,False,43,0,0,0.0,False,RELD_MTL,RELD_MOEL,2,True,True,2.1246303335006194,6.325560188293457,6.542339134216308,0,False,6.433248996734619,6.706626892089844,0,False,6.56828498840332,6.811962604522705,0,False
OVRPBLTW,357,67,53,9.0988521576,9.2791986465,0,9.098852157592773,9.27919864654541,0,True,1.9820795609846422,18,0.33962264150943394,False,43,0,0,0.0,False,RELD_MOEL,RELD_MOEL,1,False,False,0.0,9.136371994018555,9.548844528198241,0,False,9.199617385864258,9.674805641174316,0,False,9.63282299041748,10.118717193603516,0,False
OVRPBLTW,358,67,53,10.2589635849,10.7998466492,0,10.258963584899902,10.799846649169922,0,True,5.272297340991794,2,0.03773584905660377,True,43,0,0,0.0,False,RELD_MOEL,RELD_MOEL,1,False,False,0.0,11.111242294311523,11.015006637573242,1,True,11.35583782196045,11.243699073791504,1,True,11.72596549987793,11.635820388793945,1,True
OVRPBLTW,359,67,53,12.8359584808,12.9345798492,0,12.835958480834961,12.934579849243164,0,True,0.7683210299216653,1,0.018867924528301886,True,43,0,0,0.0,False,RELD_MOEL,RELD_MOEL,1,False,False,0.0,13.31514377593994,13.422962951660157,0,False,13.339912414550781,13.505162239074707,0,False,13.520742416381836,13.68170166015625,0,False
OVRPBLTW,360,68,54,10.3178081512,10.1880073547,1,10.317808151245117,10.188007354736328,1,True,1.274054797772786,11,0.2037037037037037,False,44,0,0,0.0,False,RELD_MOEL,RELD_MTL,2,True,True,1.274054797772786,10.360258102416992,10.29208688735962,1,False,10.39591932296753,10.327512741088867,1,False,10.505054950714111,10.413145542144775,1,False
OVRPBLTW,361,68,54,9.3725681305,9.4328174591,0,9.372568130493164,9.432817459106445,0,True,0.6428262538197956,4,0.07407407407407407,False,44,0,0,0.0,False,RELD_MOEL,RELD_MOEL,1,False,False,0.0,9.45933895111084,9.683665370941162,0,False,9.531459331512451,9.770156860351562,0,False,9.837872505187988,9.864974975585938,0,False
OVRPBLTW,362,68,54,13.8167896271,13.8048763275,1,13.816789627075195,13.804876327514648,1,True,0.0862977640463745,1,0.018518518518518517,True,44,0,0,0.0,False,RELD_MOEL,RELD_MTL,2,True,True,0.0862977640463745,14.194042015075684,13.91881217956543,1,False,14.587020874023438,14.187865018844604,1,False,14.829998970031738,14.444834232330322,1,False
OVRPBLTW,363,68,54,12.4380931854,12.3297595978,1,12.438093185424805,12.32975959777832,1,True,0.8786350353443133,4,0.07407407407407407,False,44,0,0,0.0,False,RELD_MOEL,RELD_MTL,2,True,True,0.8786350353443132,12.588125228881836,12.505161571502686,1,False,12.661124229431152,12.640936374664307,1,False,12.82520055770874,12.750764846801758,1,False
OVRPBLTW,364,68,54,7.4227032661,7.5281238556,0,7.422703266143799,7.52812385559082,0,True,1.4202452357413058,7,0.12962962962962962,False,44,0,0,0.0,False,RELD_MTL,RELD_MOEL,2,True,True,1.4202452357413058,7.492327737808227,7.612218427658081,0,False,8.506986856460571,7.63908052444458,1,True,8.560673236846924,7.690962314605713,1,True
OVRPBLTW,365,68,54,12.6394500732,11.8721542358,1,12.639450073242188,11.872154235839844,1,True,6.462987442382202,13,0.24074074074074073,False,44,0,0,0.0,False,RELD_MOEL,RELD_MTL,2,True,True,6.462987442382202,12.830632209777832,12.31974458694458,1,False,13.034208059310913,12.708931684494019,1,False,13.257050037384033,12.914132118225098,1,False
OVRPBLTW,366,68,54,10.9877319336,10.6444473267,1,10.98773193359375,10.644447326660156,1,True,3.2250110913595424,3,0.05555555555555555,False,44,0,0,0.0,False,RELD_MOEL,RELD_MTL,2,True,True,3.225011091359542,11.138516235351563,11.185655498504639,0,True,11.357277154922485,11.353969812393188,1,False,11.518760681152344,11.670894622802734,0,True
OVRPBLTW,367,68,54,13.9062204361,13.8660697937,1,13.906220436096191,13.866069793701172,1,True,0.2895603656794136,3,0.05555555555555555,False,44,0,0,0.0,False,RELD_MOEL,RELD_MTL,2,True,True,0.2895603656794137,13.995256042480468,13.992231750488282,1,False,14.062853336334229,14.019939422607422,1,False,14.173346042633057,14.131739616394043,1,False
OVRPBLTW,368,68,54,10.1187944412,9.218334198,1,10.118794441223145,9.218334197998047,1,True,9.768144914895387,48,0.8888888888888888,False,44,0,0,0.0,False,RELD_MTL,RELD_MTL,1,False,False,0.0,11.042512130737304,9.306374263763427,1,False,11.688323497772217,9.334144353866577,1,False,12.524177074432373,9.565443515777588,1,False
OVRPBLTW,369,68,54,9.4100084305,9.4893360138,0,9.410008430480957,9.489336013793945,0,True,0.8430128823570512,1,0.018518518518518517,True,44,2,0,0.1,True,RELD_MOEL,RELD_MOEL,1,False,False,0.0,9.513899326324463,9.612077808380127,0,False,9.535381555557251,9.663108348846436,0,False,9.787210464477539,10.125750064849854,0,False
OVRPBLTW,370,68,54,7.9070606232,7.7389097214,1,7.907060623168945,7.738909721374512,1,True,2.1727983379237643,24,0.4444444444444444,False,44,0,0,0.0,False,RELD_MTL,RELD_MTL,1,False,False,0.0,7.921082305908203,7.821257495880127,1,False,7.966638445854187,7.844317555427551,1,False,8.00995397567749,7.924988269805908,1,False
OVRPBLTW,371,68,54,9.8545970917,9.6335630417,1,9.854597091674805,9.633563041687012,1,True,2.29441639654226,2,0.037037037037037035,True,44,0,0,0.0,False,RELD_MTL,RELD_MTL,1,False,False,0.0,10.559549903869629,10.014438438415528,1,False,10.609752178192139,10.27853536605835,1,False,10.666118144989014,10.418527603149414,1,False
OVRPBLTW,372,68,54,8.2351303101,7.8808383942,1,8.235130310058594,7.880838394165039,1,True,4.4956119917488175,3,0.05555555555555555,False,44,0,0,0.0,False,RELD_MTL,RELD_MTL,1,False,False,0.0,8.444912433624268,8.256033992767334,1,False,8.791965007781982,8.37675428390503,1,False,8.911230087280273,8.499502658843994,1,False
OVRPBLTW,373,68,54,13.6250972748,12.6260128021,1,13.625097274780273,12.626012802124023,1,True,7.912905589117008,32,0.5925925925925926,False,44,0,0,0.0,False,RELD_MTL,RELD_MTL,1,False,False,0.0,14.169054794311524,12.652998447418213,1,False,14.287525653839111,12.700669288635254,1,False,14.499336242675781,13.176527976989746,1,False
OVRPBLTW,374,68,54,11.0425043106,11.5241832733,0,11.04250431060791,11.52418327331543,0,True,4.362044597416398,7,0.12962962962962962,False,44,0,0,0.0,False,RELD_MOEL,RELD_MOEL,1,False,False,0.0,11.436785125732422,11.830720996856689,0,False,11.93798279762268,11.977451801300049,0,False,12.226887226104736,12.210417747497559,1,True
OVRPBLTW,375,68,54,9.4647130966,9.6503095627,0,9.464713096618652,9.650309562683105,0,True,1.9609307139660834,9,0.16666666666666666,False,44,0,0,0.0,False,RELD_MOEL,RELD_MOEL,1,False,False,0.0,9.577140426635742,9.751953411102296,0,False,9.667276859283447,9.81444263458252,0,False,9.764734745025635,9.90360164642334,0,False
OVRPBLTW,376,68,54,7.1739320755,7.1527085304,1,7.173932075500488,7.152708530426025,1,True,0.29672039633373565,1,0.018518518518518517,True,44,3,0,0.15,True,RELD_MTL,RELD_MTL,1,False,False,0.0,7.215638828277588,7.489551639556884,0,True,7.240514397621155,7.54539155960083,0,True,7.289240837097168,7.620336055755615,0,True
OVRPBLTW,377,68,54,9.2570133209,9.4845848083,0,9.257013320922852,9.48458480834961,0,True,2.458368369052681,15,0.2777777777777778,False,44,0,0,0.0,False,RELD_MTL,RELD_MOEL,2,True,True,2.458368369052681,9.29826774597168,9.512911319732666,0,False,9.433657169342041,9.632163286209106,0,False,9.648263931274414,9.799718856811523,0,False
OVRPBLTW,378,68,54,10.1217784882,9.363196373,1,10.12177848815918,9.36319637298584,1,True,8.101743090505629,34,0.6296296296296297,False,44,0,0,0.0,False,RELD_MOEL,RELD_MTL,2,True,True,8.101743090505629,10.428571701049805,9.655319118499756,1,False,10.614204168319702,9.804670333862305,1,False,10.838419914245605,10.036515712738037,1,False
OVRPBLTW,379,68,54,5.3266835213,5.0636529922,1,5.326683521270752,5.063652992248535,1,True,5.194481721104695,9,0.16666666666666666,False,44,0,0,0.0,False,RELD_MTL,RELD_MTL,1,False,False,0.0,5.4006939888000485,5.306110811233521,1,False,5.577449440956116,5.393136739730835,1,False,5.72705078125,5.536241292953491,1,False
OVRPBLTW,380,69,55,10.221031189,10.2834281921,0,10.221031188964844,10.283428192138672,0,True,0.6104765942515995,1,0.01818181818181818,True,44,2,0,0.1,True,RELD_MOEL,RELD_MOEL,1,False,False,0.0,10.450883102416991,10.464401054382325,0,False,10.65493106842041,10.52157211303711,1,True,10.798246383666992,10.636421203613281,1,True
OVRPBLTW,381,69,55,14.9489688873,14.6563901901,1,14.948968887329102,14.656390190124512,1,True,1.996253466270493,6,0.10909090909090909,False,44,0,0,0.0,False,RELD_MOEL,MVMOE,3,True,False,6.497090734017955,15.161530685424804,14.952667617797852,1,False,15.309992790222168,16.01437759399414,0,True,15.617618560791016,16.327266693115234,0,True
OVRPBLTW,382,69,55,13.6544704437,13.4522867203,1,13.654470443725586,13.452286720275879,1,True,1.502969179915683,2,0.03636363636363636,True,44,0,0,0.0,False,RELD_MOEL,RELD_MTL,2,True,True,1.502969179915683,13.850722885131836,13.792174148559571,1,False,14.125362396240234,13.881458282470703,1,False,15.003188133239746,14.259654998779297,1,False
OVRPBLTW,383,69,55,9.3427877426,9.0883703232,1,9.342787742614746,9.088370323181152,1,True,2.7993733788614055,13,0.23636363636363636,False,44,0,0,0.0,False,RELD_MOEL,RELD_MTL,2,True,True,2.7993733788614055,9.630543899536132,9.267265701293946,1,False,9.82115650177002,9.371118545532227,1,False,9.911056518554688,9.446348190307617,1,False
OVRPBLTW,384,69,55,6.9081745148,6.6064510345,1,6.908174514770508,6.606451034545898,1,True,4.567103861428003,36,0.6545454545454545,False,44,0,0,0.0,False,RELD_MTL,RELD_MTL,1,False,False,0.0,7.743253517150879,6.671255970001221,1,False,7.833337783813477,6.72949743270874,1,False,7.8797101974487305,6.8055009841918945,1,False
OVRPBLTW,385,69,55,8.0941295624,8.3840465546,0,8.09412956237793,8.38404655456543,0,True,3.5818180320063546,14,0.2545454545454545,False,44,0,0,0.0,False,RELD_MTL,RELD_MOEL,2,True,True,3.581818032006355,8.17143211364746,8.723998641967773,0,False,8.41828441619873,8.804591655731201,0,False,8.61734676361084,8.970756530761719,0,False
OVRPBLTW,386,69,55,11.4741048813,10.8388996124,1,11.474104881286621,10.838899612426758,1,True,5.860422105702573,37,0.6727272727272727,False,44,0,0,0.0,False,RELD_MTL,RELD_MTL,1,False,False,0.0,11.607250213623047,10.985468482971191,1,False,11.782135009765625,11.05451250076294,1,False,12.140400886535645,11.271319389343262,1,False
OVRPBLTW,387,69,55,11.1871566772,11.5060081482,0,11.187156677246094,11.50600814819336,0,True,2.850156480331005,4,0.07272727272727272,False,44,0,0,0.0,False,RELD_MTL,RELD_MOEL,2,True,True,2.850156480331005,11.54962158203125,11.629131698608399,0,False,11.74659252166748,11.69037914276123,1,True,11.841691970825195,11.789319038391113,1,True
OVRPBLTW,388,69,55,11.6003742218,11.2998571396,1,11.600374221801758,11.299857139587402,1,True,2.659476827780823,9,0.16363636363636364,False,44,0,0,0.0,False,RELD_MOEL,RELD_MTL,2,True,True,2.659476827780823,11.806985664367676,11.458976745605469,1,False,11.962616920471191,11.809925556182861,1,False,12.077264785766602,11.993328094482422,1,False
OVRPBLTW,389,69,55,6.7879638672,6.8236465454,0,6.7879638671875,6.823646545410156,0,True,0.5256757239445741,1,0.01818181818181818,True,44,5,0,0.25,True,RELD_MOEL,MVMOE,3,True,False,1.046309806809992,7.103054332733154,7.092475032806396,1,True,7.17612886428833,7.153102874755859,1,True,7.241609573364258,7.264560222625732,0,False
OVRPBLTW,390,69,55,13.1735916138,13.2930326462,0,13.173591613769531,13.2930326461792,0,True,0.9066702225297507,4,0.07272727272727272,False,44,0,0,0.0,False,RELD_MOEL,MVMOE,3,True,False,1.7085415002072168,13.530739974975585,13.73533363342285,0,False,13.843840599060059,13.944122314453125,0,False,14.321904182434082,14.164639472961426,1,True
OVRPBLTW,391,69,55,11.3242702484,11.6862068176,0,11.324270248413086,11.686206817626953,0,True,3.1961138445202577,30,0.5454545454545454,False,44,0,0,0.0,False,RELD_MOEL,RELD_MOEL,1,False,False,0.0,11.35753059387207,11.926866149902343,0,False,11.46092700958252,12.057827949523926,0,False,11.63467788696289,12.189520835876465,0,False
OVRPBLTW,392,69,55,12.8106784821,13.1362762451,0,12.810678482055664,13.136276245117188,0,True,2.541612167184961,3,0.05454545454545454,False,44,0,0,0.0,False,RELD_MOEL,RELD_MOEL,1,False,False,0.0,13.22702522277832,13.244524192810058,0,False,13.367862701416016,13.433276176452637,0,False,13.659492492675781,13.70643424987793,0,False
OVRPBLTW,393,69,55,12.0120639801,12.1156330109,0,12.012063980102539,12.115633010864258,0,True,0.862208451200216,1,0.01818181818181818,True,44,2,0,0.1,True,RELD_MOEL,RELD_MOEL,1,False,False,0.0,12.24284553527832,12.175767517089843,1,True,12.54569387435913,12.281502723693848,1,True,12.662761688232422,12.480859756469727,1,True
OVRPBLTW,394,69,55,10.9957103729,11.22544384,0,10.995710372924805,11.225443840026855,0,True,2.0893008210383694,3,0.05454545454545454,False,44,1,0,0.05,True,RELD_MOEL,RELD_MOEL,1,False,False,0.0,11.526130676269531,11.396669578552245,1,True,11.650975227355957,11.524171829223633,1,True,11.836668968200684,11.792577743530273,1,True
OVRPBLTW,395,69,55,12.9551544189,13.1601610184,0,12.955154418945312,13.160161018371582,0,True,1.582432697219888,2,0.03636363636363636,True,44,1,0,0.05,True,RELD_MOEL,RELD_MOEL,1,False,False,0.0,13.30965061187744,13.263583374023437,1,True,13.37510061264038,13.374600887298584,1,True,13.516134262084961,13.490524291992188,1,True
OVRPBLTW,396,69,55,10.7303972244,10.7507171631,0,10.73039722442627,10.750717163085938,0,True,0.1893680007837229,1,0.01818181818181818,True,44,4,0,0.2,True,RELD_MOEL,RELD_MOEL,1,False,False,0.0,10.9408748626709,11.019805908203125,0,False,11.059508800506592,11.22735595703125,0,False,11.186165809631348,11.447317123413086,0,False
OVRPBLTW,397,69,55,13.0920066833,13.4681625366,0,13.09200668334961,13.468162536621094,0,True,2.873171870434652,3,0.05454545454545454,False,44,1,0,0.05,True,RELD_MOEL,RELD_MOEL,1,False,False,0.0,13.843427658081055,14.130616569519043,0,False,13.999348163604736,14.286635875701904,0,False,14.130282402038574,14.429182052612305,0,False
OVRPBLTW,398,69,55,8.7942094803,9.2994422913,0,8.794209480285645,9.299442291259766,0,True,5.745062272302907,8,0.14545454545454545,False,44,0,0,0.0,False,RELD_MOEL,RELD_MOEL,1,False,False,0.0,8.945795822143555,9.749027252197266,0,False,9.437987804412842,10.018524169921875,0,False,9.551586151123047,10.239021301269531,0,False
OVRPBLTW,399,69,55,15.6395053864,15.4213008881,1,15.639505386352539,15.421300888061523,1,True,1.4149551966032912,1,0.01818181818181818,True,44,3,0,0.15,True,RELD_MTL,RELD_MTL,1,False,False,0.0,15.992543983459473,16.05205383300781,0,True,16.337661743164062,16.495361328125,0,True,16.609920501708984,16.656341552734375,0,True
OVRPBLTW,400,70,56,10.6017513275,10.6481361389,0,10.601751327514648,10.648136138916016,0,True,0.43752027346351086,7,0.125,False,45,0,0,0.0,False,RELD_MOEL,RELD_MOEL,1,False,False,0.0,10.645295143127441,10.75635051727295,0,False,10.821033000946045,10.918404817581177,0,False,11.101661205291748,11.135226726531982,0,False
OVRPBLTW,401,70,56,14.5400438309,14.6157255173,0,14.540043830871582,14.61572551727295,0,True,0.5205052149785359,3,0.05357142857142857,False,45,0,0,0.0,False,RELD_MOEL,RELD_MOEL,1,False,False,0.0,15.142245292663574,15.109046936035156,1,True,15.692883729934692,15.476412057876587,1,True,15.98793363571167,15.766744613647461,1,True
OVRPBLTW,402,70,56,8.0108356476,8.2497243881,0,8.010835647583008,8.249724388122559,0,True,2.982070173560106,6,0.10714285714285714,False,45,0,0,0.0,False,RELD_MTL,RELD_MOEL,2,True,True,2.9820701735601065,8.278132438659668,8.474217414855957,0,False,8.737761497497559,8.6002676486969,1,True,8.867451190948486,8.716152667999268,1,True
OVRPBLTW,403,70,56,12.9133415222,13.122426033,0,12.913341522216797,13.12242603302002,0,True,1.619135608243244,3,0.05357142857142857,False,45,0,0,0.0,False,RELD_MOEL,RELD_MOEL,1,False,False,0.0,13.15234375,13.200773239135742,0,False,13.225322723388672,13.34656810760498,0,False,13.511212348937988,13.71290111541748,0,False
OVRPBLTW,404,70,56,15.0351266861,15.4283475876,0,15.035126686096191,15.42834758758545,0,True,2.615348109195068,4,0.07142857142857142,False,45,0,0,0.0,False,RELD_MOEL,RELD_MOEL,1,False,False,0.0,15.482494354248047,15.668950080871582,0,False,15.597737312316895,16.047428131103516,0,False,15.730546951293945,16.350997924804688,0,False
OVRPBLTW,405,70,56,8.8239059448,9.0657558441,0,8.823905944824219,9.065755844116211,0,True,2.7408485631300743,3,0.05357142857142857,False,45,0,0,0.0,False,RELD_MOEL,RELD_MOEL,1,False,False,0.0,9.169842720031738,9.149785995483398,1,True,9.242798805236816,9.191221237182617,1,True,9.307299613952637,9.343572616577148,0,False
OVRPBLTW,406,70,56,7.3504166603,7.5288896561,0,7.350416660308838,7.5288896560668945,0,True,2.4280663811065617,2,0.03571428571428571,True,45,0,0,0.0,False,RELD_MOEL,RELD_MOEL,1,False,False,0.0,7.8647074699401855,8.045870780944824,0,False,7.9333882331848145,8.175174951553345,0,False,7.999398708343506,8.514837265014648,0,False
OVRPBLTW,407,70,56,10.6286029816,11.044380188,0,10.628602981567383,11.044380187988281,0,True,3.91187070511321,8,0.14285714285714285,False,45,0,0,0.0,False,RELD_MOEL,RELD_MOEL,1,False,False,0.0,10.887295722961426,11.16041612625122,0,False,11.234983444213867,11.413763046264648,0,False,11.375664710998535,11.650787353515625,0,False
OVRPBLTW,408,70,56,10.6701412201,10.8327865601,0,10.670141220092773,10.832786560058594,0,True,1.5243035368043298,5,0.08928571428571429,False,45,0,0,0.0,False,RELD_MOEL,RELD_MOEL,1,False,False,0.0,10.843236923217773,11.02076530456543,0,False,10.909888505935669,11.131736755371094,0,False,11.136131763458252,11.263639450073242,0,False
OVRPBLTW,409,70,56,12.0801534653,11.9876337051,1,12.080153465270996,11.98763370513916,1,True,0.7717933536844608,2,0.03571428571428571,True,45,0,0,0.0,False,RELD_MOEL,RELD_MTL,2,True,True,0.7717933536844609,12.373330116271973,12.36351728439331,1,False,12.744109869003296,12.472368001937866,1,False,13.022214889526367,12.70815134048462,1,False
OVRPBLTW,410,70,56,12.8875999451,12.7540779114,1,12.88759994506836,12.754077911376953,1,True,1.046896801380318,1,0.017857142857142856,True,45,5,0,0.25,True,RELD_MTL,RELD_MTL,1,False,False,0.0,13.213995933532715,13.1930513381958,1,False,13.714069366455078,13.439537763595581,1,False,13.974381446838379,13.6234712600708,1,False
OVRPBLTW,411,70,56,6.5663700104,6.3794469833,1,6.566370010375977,6.379446983337402,1,True,2.930081989697907,8,0.14285714285714285,False,45,0,0,0.0,False,RELD_MTL,RELD_MTL,1,False,False,0.0,6.713270664215088,6.531665325164795,1,False,6.856559753417969,6.75597357749939,1,False,7.025245904922485,6.8774378299713135,1,False
OVRPBLTW,412,70,56,12.2736377716,12.2394008636,1,12.273637771606445,12.239400863647461,1,True,0.2797269930248063,2,0.03571428571428571,True,45,1,0,0.05,True,RELD_MOEL,RELD_MTL,2,True,True,0.2797269930248063,12.433435440063477,12.344564437866211,1,False,12.522950172424316,12.388556003570557,1,False,12.798924446105957,12.620353698730469,1,False
OVRPBLTW,413,70,56,10.5465574265,10.6773071289,0,10.546557426452637,10.67730712890625,0,True,1.2397382113662079,2,0.03571428571428571,True,45,1,0,0.05,True,RELD_MOEL,MVMOE,3,True,False,0.28424336899680375,10.950458526611328,10.893468856811523,1,True,11.214977741241455,11.12774920463562,1,True,11.476385116577148,11.2341947555542,1,True
OVRPBLTW,414,70,56,7.000576973,6.9778447151,1,7.000576972961426,6.977844715118408,1,True,0.32577764092124345,1,0.017857142857142856,True,45,8,0,0.4,True,RELD_MTL,RELD_MTL,1,False,False,0.0,7.214366436004639,7.588474273681641,0,True,7.4769240617752075,7.695985555648804,0,True,7.5460169315338135,8.152562141418457,0,True
OVRPBLTW,415,70,56,7.0362024307,6.3497543335,1,7.036202430725098,6.349754333496094,1,True,10.810624492642829,41,0.7321428571428571,False,45,0,0,0.0,False,RELD_MTL,RELD_MTL,1,False,False,0.0,7.384241104125977,6.704779386520386,1,False,7.4618308544158936,6.797510385513306,1,False,7.718817710876465,6.944822072982788,1,False
OVRPBLTW,416,70,56,13.9513349533,14.0116043091,0,13.951334953308105,14.011604309082031,0,True,0.4319970526243083,2,0.03571428571428571,True,45,1,0,0.05,True,RELD_MOEL,RELD_MOEL,1,False,False,0.0,14.038514137268066,14.08641242980957,0,False,14.20374345779419,14.19633436203003,1,True,14.447543621063232,14.456056118011475,0,False
OVRPBLTW,417,70,56,11.9614849091,11.5258188248,1,11.961484909057617,11.525818824768066,1,True,3.779914389792251,1,0.017857142857142856,True,45,2,0,0.1,True,RELD_MTL,RELD_MTL,1,False,False,0.0,12.78281021118164,12.268582344055176,1,False,13.241326332092285,12.786347150802612,1,False,13.508796691894531,12.87561321258545,1,False
OVRPBLTW,418,70,56,10.3873500824,9.9725284576,1,10.387350082397461,9.972528457641602,1,True,4.15964343008585,12,0.21428571428571427,False,45,0,0,0.0,False,RELD_MTL,RELD_MTL,1,False,False,0.0,10.860621929168701,10.34111213684082,1,False,10.95447301864624,10.45423674583435,1,False,11.275110721588135,10.69791841506958,1,False
OVRPBLTW,419,70,56,11.0170249939,11.1350440979,0,11.017024993896484,11.13504409790039,0,True,1.0712429541128015,1,0.017857142857142856,True,45,2,0,0.1,True,RELD_MTL,RELD_MOEL,2,True,True,1.0712429541128015,11.490497589111328,11.43459701538086,1,True,11.78857135772705,11.639681577682495,1,True,11.949978828430176,11.89249038696289,1,True
OVRPBLTW,420,71,56,11.9737567902,12.388753891,0,11.973756790161133,12.388753890991211,0,True,3.465888844006402,6,0.10714285714285714,False,45,0,0,0.0,False,RELD_MOEL,RELD_MOEL,1,False,False,0.0,12.363166332244873,12.701799392700195,0,False,12.451763391494751,12.863075971603394,0,False,12.661112785339355,13.04749584197998,0,False
OVRPBLTW,421,71,56,9.1266870499,9.4469175339,0,9.126687049865723,9.446917533874512,0,True,3.508726466122339,10,0.17857142857142858,False,45,0,0,0.0,False,RELD_MOEL,RELD_MOEL,1,False,False,0.0,9.389575958251953,9.69065237045288,0,False,9.598773956298828,9.77866506576538,0,False,9.785775184631348,9.938234329223633,0,False
OVRPBLTW,422,71,56,9.2637748718,9.5614919662,0,9.263774871826172,9.561491966247559,0,True,3.213777304825105,4,0.07142857142857142,False,45,0,0,0.0,False,RELD_MTL,RELD_MOEL,2,True,True,3.213777304825105,9.597721099853516,9.73255443572998,0,False,9.713255405426025,9.858293771743774,0,False,9.79142713546753,10.056177139282227,0,False
OVRPBLTW,423,71,56,5.2774524689,5.278441906,0,5.27745246887207,5.278441905975342,0,True,0.018748384866203362,1,0.017857142857142856,True,45,4,0,0.2,True,RELD_MTL,RELD_MOEL,2,True,True,0.018748384866203362,5.408754348754883,5.364532947540283,1,True,5.44309663772583,5.38639771938324,1,True,5.540075302124023,5.458197593688965,1,True
OVRPBLTW,424,71,56,9.5030574799,9.2578983307,1,9.503057479858398,9.257898330688477,1,True,2.648108031031533,1,0.017857142857142856,True,45,0,0,0.0,False,RELD_MTL,RELD_MTL,1,False,False,0.0,9.90002727508545,9.587361335754395,1,False,10.010392904281616,9.703075885772705,1,False,10.488839149475098,10.399429321289062,1,False
OVRPBLTW,425,71,56,11.7275695801,11.646229744,1,11.727569580078125,11.64622974395752,1,True,0.6984220463442844,3,0.05357142857142857,False,45,0,0,0.0,False,RELD_MOEL,RELD_MTL,2,True,True,0.6984220463442843,12.059056758880615,11.822152137756348,1,False,12.180249691009521,11.89862608909607,1,False,12.316924571990967,12.058126449584961,1,False
OVRPBLTW,426,71,56,8.425280571,8.4698810577,0,8.425280570983887,8.469881057739258,0,True,0.5293650024370242,2,0.03571428571428571,True,45,0,0,0.0,False,RELD_MOEL,RELD_MOEL,1,False,False,0.0,8.542303085327148,8.60767412185669,0,False,8.693180799484253,8.71269965171814,0,False,8.803699970245361,8.804319858551025,0,False
OVRPBLTW,427,71,56,9.1477355957,9.1007547379,1,9.147735595703125,9.100754737854004,1,True,0.5162303474056935,1,0.017857142857142856,True,45,3,0,0.15,True,RELD_MOEL,RELD_MTL,2,True,True,0.5162303474056934,9.214980125427246,9.426635265350342,0,True,9.261892318725586,9.542550086975098,0,True,9.394566059112549,9.705564975738525,0,True
OVRPBLTW,428,71,56,11.4449415207,11.6416692734,0,11.444941520690918,11.641669273376465,0,True,1.7189057047096818,32,0.5714285714285714,False,45,0,0,0.0,False,RELD_MOEL,RELD_MOEL,1,False,False,0.0,11.514387130737305,11.70661211013794,0,False,11.535926342010498,11.77513337135315,0,False,11.611232280731201,12.301343441009521,0,False
OVRPBLTW,429,71,56,8.0545959473,7.987888813,1,8.054595947265625,7.987888813018799,1,True,0.8351034404915125,1,0.017857142857142856,True,45,5,0,0.25,True,RELD_MTL,RELD_MTL,1,False,False,0.0,8.955121040344238,8.15173864364624,1,False,9.093530416488647,8.21340298652649,1,False,9.169538974761963,8.37295150756836,1,False
OVRPBLTW,430,71,56,7.8506708145,7.4762229919,1,7.85067081451416,7.476222991943359,1,True,5.008515971309168,18,0.32142857142857145,False,45,0,0,0.0,False,RELD_MOEL,RELD_MTL,2,True,True,5.008515971309168,8.413526058197021,7.612959861755371,1,False,8.474975347518921,7.716828942298889,1,False,8.64600658416748,8.446877002716064,1,False
OVRPBLTW,431,71,56,9.1811180115,9.0355262756,1,9.18111801147461,9.035526275634766,1,True,1.6113254663777967,2,0.03571428571428571,True,45,0,0,0.0,False,RELD_MTL,RELD_MTL,1,False,False,0.0,9.254015445709229,9.294952869415283,0,True,9.359126567840576,9.385300397872925,0,True,9.489740371704102,9.565972805023193,0,True
OVRPBLTW,432,71,56,10.4675426483,10.1446056366,1,10.46754264831543,10.14460563659668,1,True,3.183337265816417,3,0.05357142857142857,False,45,0,0,0.0,False,RELD_MTL,RELD_MTL,1,False,False,0.0,10.916590213775635,10.541951656341553,1,False,10.959485054016113,10.682709455490112,1,False,11.41162633895874,11.029481887817383,1,False
OVRPBLTW,433,71,56,10.2375631332,10.1053771973,1,10.237563133239746,10.105377197265625,1,True,1.308075228852604,7,0.125,False,45,0,0,0.0,False,RELD_MTL,RELD_MTL,1,False,False,0.0,10.793816566467285,10.224831581115723,1,False,11.024060249328613,10.39559292793274,1,False,11.096092224121094,10.953707218170166,1,False
OVRPBLTW,434,71,56,12.5503072739,12.2729578018,1,12.550307273864746,12.272957801818848,1,True,2.259842138944876,4,0.07142857142857142,False,45,0,0,0.0,False,RELD_MOEL,RELD_MTL,2,True,True,2.259842138944876,12.6536283493042,12.570551872253418,1,False,12.791181564331055,12.668105840682983,1,False,13.155884265899658,12.886901378631592,1,False
OVRPBLTW,435,71,56,7.6205072403,7.2595500946,1,7.62050724029541,7.259550094604492,1,True,4.972169638563382,6,0.10714285714285714,False,45,0,0,0.0,False,RELD_MOEL,RELD_MTL,2,True,True,4.972169638563382,8.070223331451416,7.56681752204895,1,False,8.297019004821777,7.995699644088745,1,False,8.831998348236084,8.091836929321289,1,False
OVRPBLTW,436,71,56,12.0114431381,12.0517253876,0,12.011443138122559,12.051725387573242,0,True,0.3353656095846178,1,0.017857142857142856,True,45,0,0,0.0,False,RELD_MOEL,MVMOE,3,True,False,2.318823319338258,12.090009689331055,12.527554035186768,0,False,12.193211078643799,12.64419674873352,0,False,12.496399879455566,12.815996170043945,0,False
OVRPBLTW,437,71,56,13.3106975555,13.335395813,0,13.310697555541992,13.335395812988281,0,True,0.18555193968623854,1,0.017857142857142856,True,45,2,0,0.1,True,RELD_MTL,RELD_MOEL,2,True,True,0.18555193968623854,13.945379734039307,13.45412302017212,1,True,14.050210952758789,13.607277870178223,1,True,14.211500644683838,13.825586795806885,1,True
OVRPBLTW,438,71,56,10.117972374,11.3014135361,0,10.117972373962402,11.301413536071777,0,True,11.69642610550183,47,0.8392857142857143,False,45,0,0,0.0,False,RELD_MTL,RELD_MOEL,2,True,True,11.69642610550183,10.409455299377441,11.605821132659912,0,False,10.719655275344849,11.968369245529175,0,False,10.877547264099121,12.157255172729492,0,False
OVRPBLTW,439,71,56,6.45266819,6.312277317,1,6.452668190002441,6.312277317047119,1,True,2.2240922879275873,2,0.03571428571428571,True,45,1,0,0.05,True,RELD_MTL,RELD_MTL,1,False,False,0.0,6.661923170089722,6.6179211139678955,1,False,6.724004507064819,6.707767367362976,1,False,6.907055854797363,6.7620227336883545,1,False
OVRPBLTW,440,72,57,9.7830810547,9.7701940536,1,9.7830810546875,9.770194053649902,1,True,0.13190117851602579,1,0.017543859649122806,True,46,1,0,0.05,True,RELD_MOEL,RELD_MTL,2,True,True,0.13190117851602579,10.128759384155273,10.234682846069337,0,True,10.165361404418945,10.276283264160156,0,True,10.387675285339355,10.397912979125977,0,True
OVRPBLTW,441,72,57,10.6185817719,9.0422124863,1,10.618581771850586,9.04221248626709,1,True,17.433446603786212,49,0.8596491228070176,False,46,0,0,0.0,False,RELD_MTL,RELD_MTL,1,False,False,0.0,11.032222175598145,9.912178993225098,1,False,11.112527847290039,9.967741966247559,1,False,11.206984519958496,10.07767391204834,1,False
OVRPBLTW,442,72,57,9.4802179337,9.6425952911,0,9.480217933654785,9.642595291137695,0,True,1.7128019475457883,4,0.07017543859649122,False,46,0,0,0.0,False,RELD_MOEL,MVMOE,3,True,False,2.036295980941467,9.669808387756348,9.738243103027344,0,False,9.719222068786621,9.80848503112793,0,False,9.955774307250977,9.947925567626953,1,True
OVRPBLTW,443,72,57,8.5571165085,8.3760490417,1,8.557116508483887,8.376049041748047,1,True,2.1617288282167304,2,0.03508771929824561,True,46,1,0,0.05,True,RELD_MTL,RELD_MTL,1,False,False,0.0,9.207676887512207,8.750737762451172,1,False,9.335136413574219,8.79515266418457,1,False,9.437650680541992,8.884289741516113,1,False
OVRPBLTW,444,72,57,11.0312786102,11.2251634598,0,11.031278610229492,11.225163459777832,0,True,1.757591811893188,11,0.19298245614035087,False,46,0,0,0.0,False,RELD_MTL,RELD_MOEL,2,True,True,1.7575918118931881,11.159521484375,11.566582489013673,0,False,11.23983097076416,11.995649337768555,0,False,11.539640426635742,12.383844375610352,0,False
OVRPBLTW,445,72,57,8.7491788864,8.9265117645,0,8.749178886413574,8.926511764526367,0,True,2.026851666910746,4,0.07017543859649122,False,46,0,0,0.0,False,RELD_MOEL,RELD_MOEL,1,False,False,0.0,8.96849708557129,9.053305625915527,0,False,9.036428451538086,9.165693283081055,0,False,9.121224403381348,9.300200462341309,0,False
OVRPBLTW,446,72,57,9.1224308014,8.9816665649,1,9.122430801391602,8.981666564941406,1,True,1.567239615085489,10,0.17543859649122806,False,46,0,0,0.0,False,RELD_MTL,RELD_MTL,1,False,False,0.0,9.218643379211425,9.050619888305665,1,False,9.388442993164062,9.159996032714844,1,False,9.483951568603516,9.373235702514648,1,False
OVRPBLTW,447,72,57,9.8062057495,10.0222187042,0,9.806205749511719,10.022218704223633,0,True,2.2028189109841403,1,0.017543859649122806,True,46,4,0,0.2,True,RELD_MOEL,RELD_MOEL,1,False,False,0.0,10.264554214477538,10.191283416748046,1,True,10.332691192626953,10.304372787475586,1,True,10.537747383117676,10.463723182678223,1,True
OVRPBLTW,448,72,57,11.7655954361,11.5764122009,1,11.765595436096191,11.576412200927734,1,True,1.6342130179615744,3,0.05263157894736842,False,46,0,0,0.0,False,RELD_MOEL,RELD_MTL,2,True,True,1.6342130179615741,11.877738571166992,11.929850387573243,0,True,12.130533218383789,12.12939167022705,1,False,12.373525619506836,12.269261360168457,1,False
OVRPBLTW,449,72,57,8.0292510986,8.1858634949,0,8.029251098632812,8.185863494873047,0,True,1.9505230858617342,1,0.017543859649122806,True,46,3,0,0.15,True,RELD_MTL,RELD_MOEL,2,True,True,1.9505230858617342,9.03967456817627,8.488282775878906,1,True,9.111886978149414,8.533004760742188,1,True,9.241083145141602,8.586319923400879,1,True
OVRPBLTW,450,72,57,13.2829933167,13.6390199661,0,13.28299331665039,13.639019966125488,0,True,2.6803194198131925,21,0.3684210526315789,False,46,0,0,0.0,False,RELD_MOEL,RELD_MOEL,1,False,False,0.0,13.406854629516602,13.821198463439941,0,False,13.499258041381836,13.94007682800293,0,False,13.815408706665039,14.110466957092285,0,False
OVRPBLTW,451,72,57,10.6843442917,11.3483352661,0,10.684344291687012,11.348335266113281,0,True,6.214616042613042,22,0.38596491228070173,False,46,0,0,0.0,False,RELD_MTL,RELD_MOEL,2,True,True,6.2146160426130415,10.770413589477538,11.625210189819336,0,False,10.885223388671875,11.991903305053711,0,False,11.507095336914062,12.056221008300781,0,False
OVRPBLTW,452,72,57,10.1216859818,10.1095190048,1,10.121685981750488,10.109519004821777,1,True,0.12035169026562575,1,0.017543859649122806,True,46,0,0,0.0,False,RELD_MTL,RELD_MTL,1,False,False,0.0,11.043234634399415,10.845236587524415,1,False,11.20452880859375,10.979092597961426,1,False,11.275361061096191,11.133321762084961,1,False
OVRPBLTW,453,72,57,8.0314903259,8.1066551208,0,8.031490325927734,8.10665512084961,0,True,0.9358760559993115,2,0.03508771929824561,True,46,0,0,0.0,False,RELD_MOEL,RELD_MOEL,1,False,False,0.0,8.23051052093506,8.182507705688476,1,True,8.26363754272461,8.227359771728516,1,True,8.33051872253418,8.310030937194824,1,True
OVRPBLTW,454,72,57,11.5150108337,11.6292934418,0,11.515010833740234,11.629293441772461,0,True,0.9924663532711471,1,0.017543859649122806,True,46,2,0,0.1,True,RELD_MOEL,RELD_MOEL,1,False,False,0.0,12.278755569458008,12.261870956420898,1,True,12.57232666015625,12.635382652282715,0,False,12.831363677978516,12.819969177246094,1,True
OVRPBLTW,455,72,57,11.1561737061,11.37525177,0,11.156173706054688,11.375251770019531,0,True,1.9637383718775512,5,0.08771929824561403,False,46,0,0,0.0,False,RELD_MOEL,MVMOE,3,True,False,1.623239406138002,11.406947135925293,11.458370780944824,0,False,11.585153579711914,11.489388465881348,1,True,11.6697359085083,11.668119430541992,1,True
OVRPBLTW,456,72,57,8.4988594055,7.9187488556,1,8.498859405517578,7.91874885559082,1,True,7.325785429976803,34,0.5964912280701754,False,46,0,0,0.0,False,RELD_MOEL,RELD_MTL,2,True,True,7.325785429976804,9.246794128417969,8.0699951171875,1,False,9.405685424804688,8.15884780883789,1,False,9.52754020690918,8.399177551269531,1,False
OVRPBLTW,457,72,57,9.8481225967,9.9806194305,0,9.848122596740723,9.980619430541992,0,True,1.3454019535093875,5,0.08771929824561403,False,46,0,0,0.0,False,RELD_MTL,RELD_MOEL,2,True,True,1.3454019535093875,10.012322998046875,10.119180679321289,0,False,10.064691543579102,10.245706558227539,0,False,10.219808578491211,10.327878952026367,0,False
OVRPBLTW,458,72,57,10.0252437592,9.9581375122,1,10.025243759155273,9.958137512207031,1,True,0.6738835140385048,1,0.017543859649122806,True,46,0,0,0.0,False,RELD_MTL,RELD_MTL,1,False,False,0.0,10.658525657653808,10.676738357543945,0,True,10.820267677307129,10.925891876220703,0,True,10.955143928527832,11.056659698486328,0,True
OVRPBLTW,459,72,57,8.5629453659,8.793422699,0,8.562945365905762,8.79342269897461,0,True,2.691566082131336,32,0.5614035087719298,False,46,0,0,0.0,False,RELD_MOEL,RELD_MOEL,1,False,False,0.0,8.659243202209472,8.857440948486328,0,False,8.682235717773438,8.992140769958496,0,False,8.74029541015625,9.05019760131836,0,False
OVRPBLTW,460,73,58,11.6084489822,11.4959793091,1,11.60844898223877,11.495979309082031,1,True,0.9783392095266803,1,0.017241379310344827,True,47,4,0,0.2,True,RELD_MOEL,RELD_MTL,2,True,True,0.9783392095266803,11.982607078552245,11.748298931121827,1,False,12.329993963241577,11.89803671836853,1,False,12.610583305358887,12.10415506362915,1,False
OVRPBLTW,461,73,58,9.9882450104,10.0754299164,0,9.988245010375977,10.075429916381836,0,True,0.8728751238002288,4,0.06896551724137931,False,47,0,0,0.0,False,RELD_MTL,RELD_MOEL,2,True,True,0.8728751238002288,10.082783126831055,10.154125213623047,0,False,10.216171741485596,10.264156818389893,0,False,10.457915782928467,10.328381061553955,1,True
OVRPBLTW,462,73,58,11.0273170471,10.9348268509,1,11.02731704711914,10.934826850891113,1,True,0.8458313740229686,3,0.05172413793103448,False,47,0,0,0.0,False,RELD_MOEL,RELD_MTL,2,True,True,0.8458313740229687,11.195304870605469,11.331263065338135,0,True,11.364987134933472,11.506685256958008,0,True,11.630967617034912,11.588766098022461,1,False
OVRPBLTW,463,73,58,12.5153312683,12.4566774368,1,12.515331268310547,12.456677436828613,1,True,0.47086256987536257,1,0.017241379310344827,True,47,4,0,0.2,True,RELD_MOEL,MVMOE,3,True,False,4.08000421917601,12.82762336730957,12.83423376083374,0,True,12.887272834777832,13.207552194595337,0,True,13.065743446350098,13.381941318511963,0,True
OVRPBLTW,464,73,58,11.3015575409,11.5770101547,0,11.301557540893555,11.577010154724121,0,True,2.437297804334897,4,0.06896551724137931,False,47,0,0,0.0,False,RELD_MTL,RELD_MOEL,2,True,True,2.4372978043348965,11.698373794555664,11.73890562057495,0,False,11.828505754470825,11.830861806869507,0,False,12.041919231414795,11.987160682678223,1,True
OVRPBLTW,465,73,58,15.0705680847,14.6529750824,1,15.070568084716797,14.652975082397461,1,True,2.8498854324920004,4,0.06896551724137931,False,47,0,0,0.0,False,RELD_MTL,RELD_MTL,1,False,False,0.0,15.116444206237793,15.615575504302978,0,True,15.279484748840332,15.731898784637451,0,True,16.08773899078369,15.827363967895508,1,False
OVRPBLTW,466,73,58,8.5545406342,8.4646453857,1,8.554540634155273,8.464645385742188,1,True,1.062008441037196,1,0.017241379310344827,True,47,4,0,0.2,True,RELD_MOEL,MVMOE,3,True,False,1.3548310486180966,8.680899047851563,8.892947101593018,0,True,8.907623529434204,8.963634967803955,0,True,9.021080017089844,9.094220161437988,0,True
OVRPBLTW,467,73,58,6.5167169571,6.621843338,0,6.516716957092285,6.621843338012695,0,True,1.6131800965433067,11,0.1896551724137931,False,47,0,0,0.0,False,RELD_MTL,RELD_MOEL,2,True,True,1.613180096543307,6.587351894378662,7.172264051437378,0,False,6.669192552566528,7.237733364105225,0,False,6.808289527893066,7.332325458526611,0,False
OVRPBLTW,468,73,58,11.067738533,11.0596160889,1,11.06773853302002,11.059616088867188,1,True,0.07344236937981716,1,0.017241379310344827,True,47,4,0,0.2,True,RELD_MOEL,RELD_MTL,2,True,True,0.07344236937981716,11.21167812347412,11.300455093383789,0,True,11.285013914108276,11.38244891166687,0,True,11.400163650512695,11.496445178985596,0,True
OVRPBLTW,469,73,58,9.5450973511,9.1256780624,1,9.545097351074219,9.125678062438965,1,True,4.596034243505797,30,0.5172413793103449,False,47,0,0,0.0,False,RELD_MOEL,RELD_MTL,2,True,True,4.596034243505797,9.654628658294678,9.157135772705079,1,False,9.715205907821655,9.35118293762207,1,False,9.84288740158081,9.52675485610962,1,False
OVRPBLTW,470,73,58,11.5107107162,11.082985878,1,11.510710716247559,11.082985877990723,1,True,3.8592924588043007,26,0.4482758620689655,False,47,0,0,0.0,False,RELD_MOEL,MVMOE,3,True,False,5.768417661365867,11.62259225845337,11.409403800964355,1,False,11.737767219543457,11.432681560516357,1,False,11.824315547943115,11.560500144958496,1,False
OVRPBLTW,471,73,58,6.8904652596,6.9832086563,0,6.890465259552002,6.983208656311035,0,True,1.3459671184146467,8,0.13793103448275862,False,47,0,0,0.0,False,RELD_MTL,RELD_MOEL,2,True,True,1.3459671184146467,6.976947784423828,7.235462284088134,0,False,7.057608246803284,7.415927290916443,0,False,7.265978813171387,7.564042806625366,0,False
OVRPBLTW,472,73,58,9.167755127,9.628528595,0,9.167755126953125,9.628528594970703,0,True,5.026022855289567,32,0.5517241379310345,False,47,0,0,0.0,False,RELD_MOEL,RELD_MOEL,1,False,False,0.0,9.26949863433838,9.773750114440919,0,False,9.327859878540039,9.840874433517456,0,False,9.406435012817383,9.911006450653076,0,False
OVRPBLTW,473,73,58,6.3540549278,6.491622448,0,6.354054927825928,6.491622447967529,0,True,2.165035111643754,7,0.1206896551724138,False,47,0,0,0.0,False,RELD_MTL,RELD_MOEL,2,True,True,2.165035111643754,6.479622936248779,6.54287166595459,0,False,6.595387816429138,6.642588496208191,0,False,6.873295068740845,6.675731420516968,1,True
OVRPBLTW,474,73,58,6.830619812,6.6801805496,1,6.830619812011719,6.680180549621582,1,True,2.2520238979021014,7,0.1206896551724138,False,47,0,0,0.0,False,RELD_MOEL,RELD_MTL,2,True,True,2.2520238979021014,7.086703157424926,6.722708797454834,1,False,7.122559189796448,6.919455051422119,1,False,7.205647706985474,7.025231838226318,1,False
OVRPBLTW,475,73,58,9.2607831955,9.212677002,1,9.260783195495605,9.212677001953125,1,True,0.5221738859351869,1,0.017241379310344827,True,47,6,0,0.3,True,RELD_MOEL,RELD_MTL,2,True,True,0.5221738859351869,9.395560359954834,9.396663856506347,0,True,9.458718299865723,9.435717105865479,1,False,9.603700160980225,9.524930000305176,1,False
OVRPBLTW,476,73,58,8.0891685486,7.9518222809,1,8.089168548583984,7.951822280883789,1,True,1.7272300970546193,1,0.017241379310344827,True,47,5,0,0.25,True,RELD_MTL,RELD_MTL,1,False,False,0.0,8.22702922821045,8.290536975860595,0,True,8.442276239395142,8.319239139556885,1,False,8.627340316772461,8.455771446228027,1,False
OVRPBLTW,477,73,58,6.6840209961,6.8002758026,0,6.68402099609375,6.800275802612305,0,True,1.739294454159139,4,0.06896551724137931,False,47,0,0,0.0,False,RELD_MTL,RELD_MOEL,2,True,True,1.739294454159139,7.2872809886932375,6.996197938919067,1,True,7.479257345199585,7.113260269165039,1,True,7.5285117626190186,7.170306921005249,1,True
OVRPBLTW,478,73,58,12.14539814,12.1942977905,0,12.145398139953613,12.194297790527344,0,True,0.4026187526858712,4,0.06896551724137931,False,47,0,0,0.0,False,RELD_MOEL,RELD_MOEL,1,False,False,0.0,12.21345329284668,12.26924638748169,0,False,12.290631771087646,12.323051691055298,0,False,12.420392990112305,12.427526473999023,0,False
OVRPBLTW,479,73,58,13.16588974,13.1666498184,0,13.165889739990234,13.16664981842041,0,True,0.005773087994879647,1,0.017241379310344827,True,47,4,0,0.2,True,RELD_MOEL,RELD_MOEL,1,False,False,0.0,13.575414657592773,13.722804546356201,0,False,13.677469491958618,13.79046368598938,0,False,14.156914710998535,13.852611541748047,1,True
OVRPBLTW,480,74,59,12.3424253464,12.290145874,1,12.342425346374512,12.290145874023438,1,True,0.42537715122322894,1,0.01694915254237288,True,48,3,0,0.15,True,RELD_MTL,RELD_MTL,1,False,False,0.0,12.618400192260742,12.83182601928711,0,True,12.728068351745605,13.061904430389404,0,True,12.945005416870117,13.44444465637207,0,True
OVRPBLTW,481,74,59,10.2601852417,10.2368516922,1,10.260185241699219,10.236851692199707,1,True,0.2279367739378239,1,0.01694915254237288,True,48,5,0,0.25,True,RELD_MTL,MVMOE,3,True,False,1.493557772789162,10.565447425842285,10.715470695495606,0,True,10.847100734710693,10.886591911315918,0,True,10.943286895751953,11.010298728942871,0,True
OVRPBLTW,482,74,59,9.1281709671,8.8787002563,1,9.12817096710205,8.878700256347656,1,True,2.8097661098873727,8,0.13559322033898305,False,48,0,0,0.0,False,RELD_MTL,RELD_MTL,1,False,False,0.0,9.247418403625488,9.005577850341798,1,False,9.992501258850098,9.730084896087646,1,False,10.148614883422852,9.91468334197998,1,False
OVRPBLTW,483,74,59,10.6432857513,10.7262811661,0,10.643285751342773,10.72628116607666,0,True,0.7797912856925961,2,0.03389830508474576,True,48,0,0,0.0,False,RELD_MTL,RELD_MOEL,2,True,True,0.7797912856925961,11.045963287353516,10.896144104003906,1,True,11.13610315322876,11.130201816558838,1,True,11.342677116394043,11.37881851196289,0,False
OVRPBLTW,484,74,59,9.8617305756,9.6981077194,1,9.861730575561523,9.698107719421387,1,True,1.687162701572085,11,0.1864406779661017,False,48,0,0,0.0,False,RELD_MTL,RELD_MTL,1,False,False,0.0,9.946711921691895,9.809444046020507,1,False,10.752114295959473,9.884105682373047,1,False,10.918830871582031,9.997986793518066,1,False
OVRPBLTW,485,74,59,11.592130661,11.5857400894,1,11.592130661010742,11.585740089416504,1,True,0.05515894151507534,1,0.01694915254237288,True,48,5,0,0.25,True,RELD_MOEL,MVMOE,3,True,False,0.4972514872256527,11.773291778564452,12.035361862182617,0,True,11.933486461639404,12.162825584411621,0,True,12.158823013305664,12.342870712280273,0,True
OVRPBLTW,486,74,59,10.9126424789,11.0059165955,0,10.912642478942871,11.005916595458984,0,True,0.8547344676630699,4,0.06779661016949153,False,48,0,0,0.0,False,RELD_MOEL,RELD_MOEL,1,False,False,0.0,11.125747299194336,11.141466903686524,0,False,11.256495952606201,11.294963359832764,0,False,11.346063613891602,11.401445388793945,0,False
OVRPBLTW,487,74,59,9.5539894104,9.6076698303,0,9.55398941040039,9.607669830322266,0,True,0.561863925048599,2,0.03389830508474576,True,48,0,0,0.0,False,RELD_MTL,RELD_MOEL,2,True,True,0.561863925048599,9.697908020019531,10.48892421722412,0,False,9.785848617553711,10.607745170593262,0,False,9.907405853271484,10.701664924621582,0,False
OVRPBLTW,488,74,59,11.4237709045,11.3322029114,1,11.423770904541016,11.332202911376953,1,True,0.8080334760674304,1,0.01694915254237288,True,48,4,0,0.2,True,RELD_MTL,MVMOE,3,True,False,0.20118362575566937,12.035099601745605,11.561528587341309,1,False,12.147624015808105,11.743391513824463,1,False,12.234500885009766,11.864880561828613,1,False
OVRPBLTW,489,74,59,9.3772554398,9.1128082275,1,9.3772554397583,9.112808227539062,1,True,2.901928864276655,1,0.01694915254237288,True,48,3,0,0.15,True,RELD_MTL,RELD_MTL,1,False,False,0.0,9.821537971496582,9.497606468200683,1,False,9.915140151977539,9.600582122802734,1,False,9.982898712158203,9.759525299072266,1,False
OVRPBLTW,490,74,59,8.5805168152,7.6664400101,1,8.580516815185547,7.666440010070801,1,True,11.923093429228784,43,0.7288135593220338,False,48,0,0,0.0,False,RELD_MTL,RELD_MTL,1,False,False,0.0,8.810920333862304,8.05221061706543,1,False,9.354625701904297,8.158349514007568,1,False,9.61496639251709,8.234502792358398,1,False
OVRPBLTW,491,74,59,13.7488422394,13.8137226105,0,13.748842239379883,13.813722610473633,0,True,0.4718969784530061,2,0.03389830508474576,True,48,1,0,0.05,True,RELD_MOEL,RELD_MOEL,1,False,False,0.0,14.304117965698243,14.116505813598632,1,True,14.918695449829102,14.580904006958008,1,True,15.20138168334961,14.878154754638672,1,True
OVRPBLTW,492,74,59,12.0895404816,11.8453245163,1,12.089540481567383,11.845324516296387,1,True,2.06170768022389,4,0.06779661016949153,False,48,0,0,0.0,False,RELD_MOEL,RELD_MTL,2,True,True,2.0617076802238903,12.447407531738282,12.190236854553223,1,False,12.576338291168213,12.232232570648193,1,False,12.752908706665039,12.335799217224121,1,False
OVRPBLTW,493,74,59,7.6133933067,7.5852222443,1,7.613393306732178,7.585222244262695,1,True,0.3713940276591063,2,0.03389830508474576,True,48,2,0,0.1,True,RELD_MOEL,RELD_MTL,2,True,True,0.3713940276591063,7.665274047851563,7.654275703430176,1,False,7.716776371002197,7.684059143066406,1,False,7.82694673538208,7.752376556396484,1,False
OVRPBLTW,494,74,59,11.5696048737,11.4406719208,1,11.569604873657227,11.440671920776367,1,True,1.1269701097327145,7,0.11864406779661017,False,48,0,0,0.0,False,RELD_MTL,MVMOE,3,True,False,0.010354166032639058,11.647370719909668,11.56119213104248,1,False,11.769816398620605,11.635076999664307,1,False,11.950246810913086,11.784239768981934,1,False
OVRPBLTW,495,74,59,8.9597158432,9.0804958344,0,8.959715843200684,9.080495834350586,0,True,1.348033724659552,14,0.23728813559322035,False,48,0,0,0.0,False,RELD_MTL,RELD_MOEL,2,True,True,1.348033724659552,9.019287109375,9.246335983276367,0,False,9.103712558746338,9.318294525146484,0,False,9.397624969482422,9.496609687805176,0,False
OVRPBLTW,496,74,59,11.2771024704,11.3708267212,0,11.27710247039795,11.370826721191406,0,True,0.8311022361108041,11,0.1864406779661017,False,48,0,0,0.0,False,RELD_MOEL,RELD_MOEL,1,False,False,0.0,11.317337989807129,11.476472854614258,0,False,11.392195701599121,11.56484317779541,0,False,11.842130661010742,11.892932891845703,0,False
OVRPBLTW,497,74,59,8.6080150604,9.1061668396,0,8.608015060424805,9.10616683959961,0,True,5.787069094380189,8,0.13559322033898305,False,48,0,0,0.0,False,RELD_MTL,RELD_MOEL,2,True,True,5.787069094380189,8.927750778198243,9.271105766296387,0,False,9.41813611984253,9.463013172149658,0,False,9.482660293579102,9.955999374389648,0,False
OVRPBLTW,498,74,59,9.442193985,10.0681676865,0,9.442193984985352,10.068167686462402,0,True,6.629536551509446,5,0.0847457627118644,False,48,0,0,0.0,False,RELD_MTL,RELD_MOEL,2,True,True,6.629536551509446,10.081171798706055,10.105964469909669,0,False,10.31437635421753,10.223369598388672,1,True,10.442092895507812,10.440228462219238,1,True
OVRPBLTW,499,74,59,7.7410573959,7.6333150864,1,7.741057395935059,7.633315086364746,1,True,1.411474677521976,1,0.01694915254237288,True,48,3,0,0.15,True,RELD_MTL,RELD_MTL,1,False,False,0.0,8.216712951660156,7.893149948120117,1,False,8.351961135864258,8.129636764526367,1,False,8.523430824279785,8.282672882080078,1,False
OVRPBLTW,500,75,60,14.1165781021,13.8106708527,1,14.116578102111816,13.810670852661133,1,True,2.215006444384238,16,0.26666666666666666,False,48,0,0,0.0,False,RELD_MTL,RELD_MTL,1,False,False,0.0,14.938268280029297,13.925885581970215,1,False,15.174168825149536,14.03233289718628,1,False,15.276097297668457,15.130013942718506,1,False
OVRPBLTW,501,75,60,12.3537769318,12.4179677963,0,12.353776931762695,12.417967796325684,0,True,0.5196051770593673,1,0.016666666666666666,True,48,4,0,0.2,True,RELD_MTL,RELD_MOEL,2,True,True,0.5196051770593674,12.535203075408935,12.958109092712402,0,False,13.335163831710815,13.090357303619385,1,True,13.427994728088379,13.153133392333984,1,True
OVRPBLTW,502,75,60,11.8413982391,12.2416782379,0,11.841398239135742,12.241678237915039,0,True,3.3803440330068946,16,0.26666666666666666,False,48,0,0,0.0,False,RELD_MTL,RELD_MOEL,2,True,True,3.380344033006894,12.02661714553833,12.520242309570312,0,False,12.216679811477661,12.685247421264648,0,False,12.54331350326538,12.949315071105957,0,False
OVRPBLTW,503,75,60,11.1397609711,11.1996879578,0,11.139760971069336,11.199687957763672,0,True,0.5379557681306624,1,0.016666666666666666,True,48,8,0,0.4,True,RELD_MTL,RELD_MOEL,2,True,True,0.5379557681306624,12.2151930809021,11.740019035339355,1,True,12.744500160217285,11.987033605575562,1,True,12.881396770477295,12.451501846313477,1,True
OVRPBLTW,504,75,60,8.1397333145,8.0776100159,1,8.13973331451416,8.07761001586914,1,True,0.7690801917611468,6,0.1,False,48,0,0,0.0,False,RELD_MTL,RELD_MTL,1,False,False,0.0,8.200489807128907,8.148832321166992,1,False,8.2975172996521,8.17993688583374,1,False,8.388440132141113,8.287192821502686,1,False
OVRPBLTW,505,75,60,12.4474163055,11.2210445404,1,12.447416305541992,11.221044540405273,1,True,10.929212166341554,7,0.11666666666666667,False,48,0,0,0.0,False,RELD_MTL,RELD_MTL,1,False,False,0.0,12.572284507751466,12.439420890808105,1,False,12.646341562271118,13.061537981033325,0,True,12.789029121398926,13.259577751159668,0,True
OVRPBLTW,506,75,60,9.7099437714,9.6541585922,1,9.709943771362305,9.654158592224121,1,True,0.577835744743949,12,0.2,False,48,0,0,0.0,False,RELD_MTL,RELD_MTL,1,False,False,0.0,9.862022972106933,9.676624298095703,1,False,9.97179889678955,9.720817565917969,1,False,10.06517744064331,9.887402057647705,1,False
OVRPBLTW,507,75,60,8.5294370651,8.5635509491,0,8.529437065124512,8.56355094909668,0,True,0.3999546950124542,4,0.06666666666666667,False,48,0,0,0.0,False,RELD_MTL,RELD_MOEL,2,True,True,0.39995469501245423,8.626847457885741,9.081097984313965,0,False,9.427924156188965,9.26583456993103,1,True,9.514760971069336,9.378228664398193,1,True
OVRPBLTW,508,75,60,14.7442407608,14.1256971359,1,14.744240760803223,14.125697135925293,1,True,4.378853793544762,29,0.48333333333333334,False,48,0,0,0.0,False,RELD_MOEL,RELD_MTL,2,True,True,4.378853793544762,14.94830904006958,14.37233772277832,1,False,15.16284990310669,14.466719150543213,1,False,15.370969295501709,14.764791011810303,1,False
OVRPBLTW,509,75,60,11.3372964859,12.3433952332,0,11.337296485900879,12.343395233154297,0,True,8.874238656025877,43,0.7166666666666667,False,48,0,0,0.0,False,RELD_MTL,RELD_MOEL,2,True,True,8.874238656025877,11.962747955322266,12.467384338378906,0,False,12.085522651672363,12.571123361587524,0,False,12.183314800262451,12.66286849975586,0,False
OVRPBLTW,510,75,60,9.3846588135,9.8372097015,0,9.384658813476562,9.837209701538086,0,True,4.822241244924094,2,0.03333333333333333,True,48,2,0,0.1,True,RELD_MTL,RELD_MOEL,2,True,True,4.822241244924094,10.037369632720948,9.88200569152832,1,True,10.068797826766968,10.559402704238892,0,False,10.146065711975098,10.691290378570557,0,False
OVRPBLTW,511,75,60,10.6628093719,10.8157052994,0,10.662809371948242,10.815705299377441,0,True,1.4339178556725434,15,0.25,False,48,0,0,0.0,False,RELD_MTL,RELD_MOEL,2,True,True,1.4339178556725434,10.730244541168213,11.225511169433593,0,False,10.814121961593628,11.415931701660156,0,False,11.175965785980225,11.81124496459961,0,False
OVRPBLTW,512,75,60,11.6907739639,11.6793270111,1,11.690773963928223,11.679327011108398,1,True,0.09801038012824646,1,0.016666666666666666,True,48,3,0,0.15,True,RELD_MOEL,RELD_MTL,2,True,True,0.09801038012824646,11.80499267578125,11.843892669677734,0,True,11.933751583099365,11.99871301651001,0,True,12.068056106567383,12.393503665924072,0,True
OVRPBLTW,513,75,60,12.0728616714,12.0058822632,1,12.072861671447754,12.005882263183594,1,True,0.5578882645326516,1,0.016666666666666666,True,48,1,0,0.05,True,RELD_MOEL,RELD_MTL,2,True,True,0.5578882645326516,12.23442621231079,12.445206832885741,0,True,12.275479316711426,12.544587135314941,0,True,12.371384620666504,12.714401245117188,0,True
OVRPBLTW,514,75,60,13.2715435028,14.4410743713,0,13.271543502807617,14.44107437133789,0,True,8.812319895219828,55,0.9166666666666666,False,48,0,0,0.0,False,RELD_MOEL,RELD_MOEL,1,False,False,0.0,13.430046081542969,14.7532133102417,0,False,13.513022422790527,15.005594730377197,0,False,13.770261287689209,15.182713508605957,0,False
OVRPBLTW,515,75,60,8.6636371613,8.4846429825,1,8.663637161254883,8.48464298248291,1,True,2.109625345099192,10,0.16666666666666666,False,48,0,0,0.0,False,RELD_MOEL,RELD_MTL,2,True,True,2.109625345099192,8.906454372406007,8.621890830993653,1,False,8.992443323135376,8.804312229156494,1,False,9.03984546661377,9.01743221282959,1,False
OVRPBLTW,516,75,60,9.3629741669,9.1882753372,1,9.362974166870117,9.188275337219238,1,True,1.9013234071546397,4,0.06666666666666667,False,48,0,0,0.0,False,RELD_MTL,MVMOE,3,True,False,5.714651564924377,9.786059474945068,9.371118354797364,1,False,10.053598642349243,9.431199550628662,1,False,10.514442443847656,9.528823375701904,1,False
OVRPBLTW,517,75,60,11.5692224503,11.6577453613,0,11.569222450256348,11.657745361328125,0,True,0.7651586904848962,1,0.016666666666666666,True,48,2,0,0.1,True,RELD_MOEL,RELD_MOEL,1,False,False,0.0,11.805602645874023,11.925669288635254,0,False,11.860184907913208,11.93598461151123,0,False,11.983263492584229,12.099773406982422,0,False
OVRPBLTW,518,75,60,8.8630514145,8.6145830154,1,8.863051414489746,8.614583015441895,1,True,2.8842765651665494,33,0.55,False,48,0,0,0.0,False,RELD_MOEL,RELD_MTL,2,True,True,2.8842765651665494,9.0516508102417,8.688168716430663,1,False,9.090638637542725,8.7003014087677,1,False,9.242402076721191,8.844129085540771,1,False
OVRPBLTW,519,75,60,10.8264026642,11.1138944626,0,10.82640266418457,11.11389446258545,0,True,2.6554692940680806,1,0.016666666666666666,True,48,0,0,0.0,False,RELD_MOEL,RELD_MOEL,1,False,False,0.0,11.240306854248047,11.569332790374755,0,False,11.318529605865479,11.60555648803711,0,False,11.457263946533203,11.675734519958496,0,False
OVRPBLTW,520,76,60,10.3317947388,10.0187368393,1,10.331794738769531,10.018736839294434,1,True,3.124724249388226,43,0.7166666666666667,False,48,0,0,0.0,False,RELD_MTL,RELD_MTL,1,False,False,0.0,10.370003604888916,10.111845016479492,1,False,10.688199520111084,10.147660732269287,1,False,10.852739810943604,10.20666790008545,1,False
OVRPBLTW,521,76,60,13.626742363,14.1021032333,0,13.626742362976074,14.102103233337402,0,True,3.4884410201422944,5,0.08333333333333333,False,48,0,0,0.0,False,RELD_MTL,RELD_MOEL,2,True,True,3.4884410201422944,14.283150672912598,15.21235408782959,0,False,14.895864486694336,15.297797203063965,0,False,15.089440822601318,16.13821315765381,0,False
OVRPBLTW,522,76,60,11.8462638855,12.0218353271,0,11.846263885498047,12.021835327148438,0,True,1.4820828178148295,5,0.08333333333333333,False,48,0,0,0.0,False,RELD_MTL,RELD_MOEL,2,True,True,1.4820828178148295,12.253627300262451,12.494915390014649,0,False,12.33698320388794,12.7384033203125,0,False,12.784347534179688,12.830344676971436,0,False
OVRPBLTW,523,76,60,6.7616043091,6.7782173157,0,6.761604309082031,6.778217315673828,0,True,0.2456962259332705,1,0.016666666666666666,True,48,5,0,0.25,True,RELD_MTL,RELD_MOEL,2,True,True,0.2456962259332705,6.859250783920288,6.8351929664611815,1,True,7.030567407608032,6.884271860122681,1,True,7.128737449645996,6.916283130645752,1,True
OVRPBLTW,524,76,60,8.1939287186,8.2319021225,0,8.193928718566895,8.231902122497559,0,True,0.4634334176449472,13,0.21666666666666667,False,48,0,0,0.0,False,RELD_MTL,RELD_MOEL,2,True,True,0.4634334176449473,8.206363773345947,8.300236320495605,0,False,8.241806268692017,8.371785879135132,0,False,8.392027854919434,8.442975997924805,0,False
OVRPBLTW,525,76,60,9.9006881714,10.6319065094,0,9.900688171386719,10.631906509399414,0,True,7.385530433250704,5,0.08333333333333333,False,48,0,0,0.0,False,RELD_MTL,RELD_MOEL,2,True,True,7.385530433250705,10.731069469451905,10.696745586395263,1,True,10.799511194229126,10.912412166595459,0,False,10.881102561950684,11.052708625793457,0,False
OVRPBLTW,526,76,60,13.3622989655,12.5113296509,1,13.362298965454102,12.511329650878906,1,True,6.801589745809199,6,0.1,False,48,0,0,0.0,False,RELD_MTL,RELD_MTL,1,False,False,0.0,13.815847587585449,13.417774772644043,1,False,13.966809749603271,13.627626419067383,1,False,14.590785026550293,13.875129222869873,1,False
OVRPBLTW,527,76,60,13.2958564758,13.5571899414,0,13.295856475830078,13.55718994140625,0,True,1.9655256212765015,9,0.15,False,48,0,0,0.0,False,RELD_MOEL,RELD_MOEL,1,False,False,0.0,13.524612331390381,13.878938770294189,0,False,13.679694414138794,14.0527024269104,0,False,13.922551155090332,14.153544425964355,0,False
OVRPBLTW,528,76,60,12.7689657211,10.4921350479,1,12.768965721130371,10.492135047912598,1,True,21.700356150635983,60,1.0,False,48,0,0,0.0,False,RELD_MTL,RELD_MTL,1,False,False,0.0,13.518144989013672,11.159273242950439,1,False,14.226688861846924,11.241649389266968,1,False,14.671557426452637,11.344725608825684,1,False
OVRPBLTW,529,76,60,9.2155265808,9.1442222595,1,9.215526580810547,9.144222259521484,1,True,0.7797745863615981,9,0.15,False,48,0,0,0.0,False,RELD_MTL,RELD_MTL,1,False,False,0.0,9.433569431304932,9.19073543548584,1,False,9.530689239501953,9.317260026931763,1,False,9.665503978729248,9.568031311035156,1,False
OVRPBLTW,530,76,60,9.1969642639,9.3121910095,0,9.196964263916016,9.312191009521484,0,True,1.2528780399015826,2,0.03333333333333333,True,48,0,0,0.0,False,RELD_MTL,RELD_MOEL,2,True,True,1.2528780399015826,9.476059913635254,9.341814136505127,1,True,9.878774642944336,9.408730030059814,1,True,10.086760997772217,9.64942741394043,1,True
OVRPBLTW,531,76,60,11.6268196106,11.7082557678,0,11.626819610595703,11.708255767822266,0,True,0.7004164503056063,2,0.03333333333333333,True,48,0,0,0.0,False,RELD_MOEL,RELD_MOEL,1,False,False,0.0,11.775777816772461,11.89105749130249,0,False,11.812444686889648,11.997250080108643,0,False,12.048388481140137,12.140204906463623,0,False
OVRPBLTW,532,76,60,4.6589183807,4.56432724,1,4.658918380737305,4.564327239990234,1,True,2.072400503431047,20,0.3333333333333333,False,48,0,0,0.0,False,RELD_MTL,RELD_MTL,1,False,False,0.0,4.844805765151977,4.592528009414673,1,False,4.9311299324035645,4.642703533172607,1,False,5.060552597045898,4.6915764808654785,1,False
OVRPBLTW,533,76,60,7.889093399,8.1492557526,0,7.889093399047852,8.149255752563477,0,True,3.297747161074017,1,0.016666666666666666,True,48,4,0,0.2,True,RELD_MTL,RELD_MOEL,2,True,True,3.297747161074017,8.284478092193604,8.248391819000243,1,True,8.464355230331421,8.337690353393555,1,True,8.73299503326416,8.42567253112793,1,True
OVRPBLTW,534,76,60,14.3863563538,14.4227790833,0,14.386356353759766,14.422779083251953,0,True,0.25317549909278625,1,0.016666666666666666,True,48,2,0,0.1,True,RELD_MOEL,MVMOE,3,True,False,1.944007791318783,14.77403221130371,14.561290740966797,1,True,15.106503009796143,14.959294080734253,1,True,15.277735710144043,15.45380973815918,0,False
OVRPBLTW,535,76,60,12.6201162338,12.6806678772,0,12.620116233825684,12.680667877197266,0,True,0.4798025808813624,2,0.03333333333333333,True,48,0,0,0.0,False,RELD_MOEL,RELD_MOEL,1,False,False,0.0,12.816798686981201,12.844464874267578,0,False,12.92259931564331,12.875637769699097,1,True,13.280359268188477,12.988758087158203,1,True
OVRPBLTW,536,76,60,12.5383930206,11.5208320618,1,12.538393020629883,11.520832061767578,1,True,8.832356494232384,42,0.7,False,48,0,0,0.0,False,RELD_MTL,RELD_MTL,1,False,False,0.0,12.657606983184815,11.628172588348388,1,False,13.005744457244873,12.205513954162598,1,False,13.203105926513672,12.275288581848145,1,False
OVRPBLTW,537,76,60,8.7305908203,8.1875429153,1,8.7305908203125,8.187542915344238,1,True,6.632611402686028,5,0.08333333333333333,False,48,0,0,0.0,False,RELD_MTL,RELD_MTL,1,False,False,0.0,8.9561110496521,8.869112586975097,1,False,9.06308364868164,8.983681201934814,1,False,9.158654689788818,9.220994472503662,0,True
OVRPBLTW,538,76,60,14.653096199,14.7848243713,0,14.653096199035645,14.78482437133789,0,True,0.8989784173326371,1,0.016666666666666666,True,48,0,0,0.0,False,RELD_MOEL,RELD_MOEL,1,False,False,0.0,14.947871971130372,15.199385452270509,0,False,15.014888286590576,15.472793817520142,0,False,15.173240661621094,15.604594707489014,0,False
OVRPBLTW,539,76,60,10.9124517441,11.0304908752,0,10.91245174407959,11.03049087524414,0,True,1.0816921244469153,3,0.05,False,48,0,0,0.0,False,RELD_MOEL,RELD_MOEL,1,False,False,0.0,11.20715913772583,11.423432540893554,0,False,11.301494598388672,11.727543830871582,0,False,11.512450218200684,11.943901062011719,0,False
OVRPBLTW,540,77,61,11.7793083191,11.8274736404,0,11.779308319091797,11.827473640441895,0,True,0.40889770430662387,3,0.04918032786885246,False,49,0,0,0.0,False,RELD_MTL,RELD_MOEL,2,True,True,0.40889770430662387,11.88348388671875,12.070383071899414,0,False,11.956511497497559,12.250685691833496,0,False,12.16972541809082,12.407451629638672,0,False
OVRPBLTW,541,77,61,12.6950044632,12.836227417,0,12.6950044631958,12.836227416992188,0,True,1.1124293355656063,4,0.06557377049180328,False,49,0,0,0.0,False,RELD_MTL,MVMOE,3,True,False,2.1569310236260857,12.907447814941406,13.139019966125488,0,False,13.112308502197266,13.316869735717773,0,False,13.245026588439941,13.541178703308105,0,False
OVRPBLTW,542,77,61,11.5677261353,11.7941303253,0,11.567726135253906,11.794130325317383,0,True,1.9572056543516072,5,0.08196721311475409,False,49,0,0,0.0,False,RELD_MOEL,RELD_MOEL,1,False,False,0.0,11.853473663330078,11.927936553955078,0,False,11.968923568725586,12.08283805847168,0,False,12.048885345458984,12.19877815246582,0,False
OVRPBLTW,543,77,61,8.6223068237,8.5377044678,1,8.622306823730469,8.537704467773438,1,True,0.9909262638344953,7,0.11475409836065574,False,49,0,0,0.0,False,RELD_MTL,RELD_MTL,1,False,False,0.0,9.12403678894043,8.61291217803955,1,False,9.189119338989258,8.677478790283203,1,False,9.26722240447998,8.792808532714844,1,False
OVRPBLTW,544,77,61,12.1470117569,12.4129371643,0,12.147011756896973,12.41293716430664,0,True,2.1892249116244127,1,0.01639344262295082,True,49,3,0,0.15,True,RELD_MTL,RELD_MOEL,2,True,True,2.1892249116244127,12.611342430114746,12.618309020996094,0,False,12.719281196594238,12.69743824005127,1,True,12.933792114257812,12.804452896118164,1,True
OVRPBLTW,545,77,61,7.8009972572,7.711247921,1,7.800997257232666,7.71124792098999,1,True,1.1638756413937337,13,0.21311475409836064,False,49,0,0,0.0,False,RELD_MOEL,RELD_MTL,2,True,True,1.1638756413937337,7.902496814727783,7.750338554382324,1,False,8.0152587890625,7.813909530639648,1,False,8.511031150817871,7.92694091796875,1,False
OVRPBLTW,546,77,61,9.7037773132,9.8146352768,0,9.703777313232422,9.814635276794434,0,True,1.1424207298038604,16,0.26229508196721313,False,49,0,0,0.0,False,RELD_MOEL,RELD_MOEL,1,False,False,0.0,9.778717041015625,9.921952247619629,0,False,9.814556121826172,10.077144622802734,0,False,10.091142654418945,10.70844554901123,0,False
OVRPBLTW,547,77,61,11.8854045868,11.9838314056,0,11.885404586791992,11.983831405639648,0,True,0.8281318324604073,6,0.09836065573770492,False,49,0,0,0.0,False,RELD_MOEL,RELD_MOEL,1,False,False,0.0,11.998682022094727,12.429006576538086,0,False,12.036619186401367,12.561967849731445,0,False,12.236978530883789,12.747633934020996,0,False
OVRPBLTW,548,77,61,9.2975444794,9.4130783081,0,9.297544479370117,9.413078308105469,0,True,1.2426273297856194,11,0.18032786885245902,False,49,0,0,0.0,False,RELD_MOEL,RELD_MOEL,1,False,False,0.0,9.388569831848145,9.893457412719727,0,False,9.439330101013184,10.216485977172852,0,False,9.811967849731445,10.41663646697998,0,False
OVRPBLTW,549,77,61,14.2977113724,13.9530496597,1,14.297711372375488,13.953049659729004,1,True,2.470153271907807,28,0.45901639344262296,False,49,0,0,0.0,False,RELD_MOEL,RELD_MTL,2,True,True,2.4701532719078068,14.52454948425293,14.0581636428833,1,False,15.10432243347168,14.160547256469727,1,False,15.583440780639648,14.318085670471191,1,False
OVRPBLTW,550,77,61,9.3729743958,9.7786808014,0,9.372974395751953,9.778680801391602,0,True,4.328470221595782,7,0.11475409836065574,False,49,0,0,0.0,False,RELD_MOEL,RELD_MOEL,1,False,False,0.0,9.773780822753906,9.819211959838867,0,False,10.008398056030273,9.88787841796875,1,True,10.178987503051758,10.121757507324219,1,True
OVRPBLTW,551,77,61,10.1243753433,10.6889028549,0,10.124375343322754,10.688902854919434,0,True,5.575924365285277,22,0.36065573770491804,False,49,0,0,0.0,False,RELD_MTL,RELD_MOEL,2,True,True,5.575924365285278,10.60894775390625,10.767009735107422,0,False,10.660762786865234,10.804055213928223,0,False,10.726258277893066,10.889568328857422,0,False
OVRPBLTW,552,77,61,11.0064401627,10.2445297241,1,11.006440162658691,10.244529724121094,1,True,7.43724171942833,2,0.03278688524590164,True,49,0,0,0.0,False,RELD_MTL,RELD_MTL,1,False,False,0.0,11.281991958618164,11.753904342651367,0,True,11.685189247131348,11.838140487670898,0,True,12.55091667175293,11.938607215881348,1,False
OVRPBLTW,553,77,61,12.5637569427,12.5936613083,0,12.563756942749023,12.593661308288574,0,True,0.23802088608038321,1,0.01639344262295082,True,49,3,0,0.15,True,RELD_MOEL,RELD_MOEL,1,False,False,0.0,13.08051872253418,13.183225631713867,0,False,13.187132835388184,13.377765655517578,0,False,13.403951644897461,13.643816947937012,0,False
OVRPBLTW,554,77,61,13.647069931,13.4554176331,1,13.647069931030273,13.45541763305664,1,True,1.4243504224539345,6,0.09836065573770492,False,49,0,0,0.0,False,RELD_MTL,RELD_MTL,1,False,False,0.0,13.795515060424805,13.839326858520508,0,True,13.840364456176758,13.948432922363281,0,True,13.99807357788086,14.00755500793457,0,True
OVRPBLTW,555,77,61,9.6764469147,9.7361030579,0,9.676446914672852,9.736103057861328,0,True,0.61650876324628,3,0.04918032786885246,False,49,0,0,0.0,False,RELD_MOEL,RELD_MOEL,1,False,False,0.0,10.723257064819336,10.365729331970215,1,True,10.821403503417969,10.470465660095215,1,True,11.234142303466797,10.74827766418457,1,True
OVRPBLTW,556,77,61,12.3532190323,12.3505992889,1,12.353219032287598,12.35059928894043,1,True,0.021211467870671238,1,0.01639344262295082,True,49,4,0,0.2,True,RELD_MTL,RELD_MTL,1,False,False,0.0,12.364683151245117,12.506845474243164,0,True,12.388433456420898,12.561567306518555,0,True,12.441621780395508,12.607318878173828,0,True
OVRPBLTW,557,77,61,8.0202617645,7.8874979019,1,8.020261764526367,7.887497901916504,1,True,1.683218991006258,6,0.09836065573770492,False,49,0,0,0.0,False,RELD_MTL,RELD_MTL,1,False,False,0.0,8.263884544372559,8.03060245513916,1,False,8.376487731933594,8.20356273651123,1,False,8.577534675598145,8.252087593078613,1,False
OVRPBLTW,558,77,61,9.2998790741,8.921833992,1,9.29987907409668,8.921833992004395,1,True,4.237302357777382,8,0.13114754098360656,False,49,0,0,0.0,False,RELD_MTL,RELD_MTL,1,False,False,0.0,9.579998970031738,9.254983901977539,1,False,9.741559982299805,9.57455062866211,1,False,9.89443588256836,9.836753845214844,1,False
OVRPBLTW,559,77,61,11.9822807312,12.7664670944,0,11.982280731201172,12.766467094421387,0,True,6.544550080170466,2,0.03278688524590164,True,49,0,0,0.0,False,RELD_MOEL,RELD_MOEL,1,False,False,0.0,12.935266494750977,13.136789321899414,0,False,13.038557052612305,13.276593208312988,0,False,13.127385139465332,13.472803115844727,0,False
OVRPBLTW,560,78,62,6.2614207268,6.0909314156,1,6.261420726776123,6.090931415557861,1,True,2.7990679843044246,2,0.03225806451612903,True,50,2,0,0.1,True,RELD_MTL,MVMOE,3,True,False,3.045551497637732,6.296937894821167,6.393562698364258,0,True,6.307600736618042,6.4866050481796265,0,True,6.382246255874634,6.632626295089722,0,True
OVRPBLTW,561,78,62,6.618144989,6.6820855141,0,6.618144989013672,6.6820855140686035,0,True,0.9661396842510244,4,0.06451612903225806,False,50,0,0,0.0,False,RELD_MTL,RELD_MOEL,2,True,True,0.9661396842510243,6.765989542007446,6.723233652114868,1,True,6.9229819774627686,6.903443336486816,1,True,7.06734561920166,7.058431148529053,1,True
OVRPBLTW,562,78,62,13.6896276474,13.3657693863,1,13.689627647399902,13.365769386291504,1,True,2.423042413345517,1,0.016129032258064516,True,50,7,0,0.35,True,RELD_MTL,MVMOE,3,True,False,0.06467243574762836,14.315828227996827,14.18080539703369,1,False,14.474210262298584,14.366028308868408,1,False,14.699442863464355,14.626682758331299,1,False
OVRPBLTW,563,78,62,10.60841465,10.7647228241,0,10.608414649963379,10.76472282409668,0,True,1.4734357513070948,8,0.12903225806451613,False,50,0,0,0.0,False,RELD_MTL,RELD_MOEL,2,True,True,1.4734357513070948,10.756241989135741,10.996201610565185,0,False,11.04184341430664,11.098976135253906,0,False,11.12257719039917,11.229267597198486,0,False
OVRPBLTW,564,78,62,10.4682064056,10.4700403214,0,10.468206405639648,10.470040321350098,0,True,0.01751891134874487,1,0.016129032258064516,True,50,1,0,0.05,True,RELD_MTL,RELD_MOEL,2,True,True,0.017518911348744875,10.909918880462646,10.855520915985107,1,True,11.191476345062256,10.965248584747314,1,True,11.33620548248291,11.024890899658203,1,True
OVRPBLTW,565,78,62,9.7110385895,9.1668987274,1,9.711038589477539,9.166898727416992,1,True,5.935920950817941,10,0.16129032258064516,False,50,0,0,0.0,False,RELD_MTL,RELD_MTL,1,False,False,0.0,9.997891235351563,9.582979202270508,1,False,10.28243088722229,9.888078212738037,1,False,10.3818941116333,10.211135864257812,1,False
OVRPBLTW,566,78,62,8.4860124588,9.020655632,0,8.48601245880127,9.020655632019043,0,True,6.300287394058392,10,0.16129032258064516,False,50,0,0,0.0,False,RELD_MOEL,RELD_MOEL,1,False,False,0.0,8.557222366333008,9.579127883911132,0,False,9.065820455551147,10.080361127853394,0,False,9.223127841949463,10.753162384033203,0,False
OVRPBLTW,567,78,62,12.259303093,12.610578537,0,12.259303092956543,12.610578536987305,0,True,2.8653785727883427,14,0.22580645161290322,False,50,0,0,0.0,False,RELD_MTL,RELD_MOEL,2,True,True,2.8653785727883427,12.479763984680176,12.813211631774902,0,False,12.838704586029053,12.935962677001953,0,False,13.106793403625488,13.425839900970459,0,False
OVRPBLTW,568,78,62,10.0891904831,10.3980960846,0,10.089190483093262,10.398096084594727,0,True,3.0617481354667313,24,0.3870967741935484,False,50,0,0,0.0,False,RELD_MTL,RELD_MOEL,2,True,True,3.0617481354667313,10.136469268798828,10.65848503112793,0,False,10.283981323242188,10.935158252716064,0,False,10.526768684387207,11.284266948699951,0,False
OVRPBLTW,569,78,62,8.9383125305,8.9926280975,0,8.938312530517578,8.99262809753418,0,True,0.6076713788498863,2,0.03225806451612903,True,50,2,0,0.1,True,RELD_MTL,RELD_MOEL,2,True,True,0.6076713788498863,9.099178123474122,9.20117883682251,0,False,9.133946180343628,9.248786926269531,0,False,9.204774856567383,9.31933307647705,0,False
OVRPBLTW,570,78,62,8.5998096466,8.7012615204,0,8.599809646606445,8.701261520385742,0,True,1.179699062759003,14,0.22580645161290322,False,50,0,0,0.0,False,RELD_MTL,RELD_MOEL,2,True,True,1.1796990627590032,8.63721513748169,9.657189178466798,0,False,8.713084936141968,9.700322389602661,0,False,8.787743091583252,9.746073246002197,0,False
OVRPBLTW,571,78,62,8.608007431,8.7339477539,0,8.608007431030273,8.73394775390625,0,True,1.4630601089684399,9,0.14516129032258066,False,50,0,0,0.0,False,RELD_MTL,RELD_MOEL,2,True,True,1.4630601089684399,8.720862483978271,8.813627243041992,0,False,8.808228492736816,8.875495910644531,0,False,8.894572734832764,9.132648944854736,0,False
OVRPBLTW,572,78,62,10.8548641205,8.7700996399,1,10.854864120483398,8.770099639892578,1,True,23.77127474259542,59,0.9516129032258065,False,50,0,0,0.0,False,RELD_MTL,RELD_MTL,1,False,False,0.0,11.53685483932495,9.69511375427246,1,False,12.092893123626709,10.0414400100708,1,False,12.322041988372803,10.170849800109863,1,False
OVRPBLTW,573,78,62,8.4484233856,8.4703178406,0,8.448423385620117,8.470317840576172,0,True,0.25915432975717345,2,0.03225806451612903,True,50,2,0,0.1,True,RELD_MOEL,RELD_MOEL,1,False,False,0.0,8.711867141723634,8.661318969726562,1,True,8.75929307937622,8.678141117095947,1,True,8.792978763580322,8.708156108856201,1,True
OVRPBLTW,574,78,62,13.0515651703,13.3365373611,0,13.051565170288086,13.33653736114502,0,True,2.1834330755094356,10,0.16129032258064516,False,50,0,0,0.0,False,RELD_MOEL,RELD_MOEL,1,False,False,0.0,13.202973651885987,13.70903663635254,0,False,13.474644184112549,13.776010513305664,0,False,13.652995109558105,13.959604263305664,0,False
OVRPBLTW,575,78,62,10.714184761,10.7545948029,0,10.714184761047363,10.754594802856445,0,True,0.37716394482101395,2,0.03225806451612903,True,50,2,0,0.1,True,RELD_MTL,RELD_MOEL,2,True,True,0.37716394482101395,11.01758098602295,11.272665786743165,0,False,11.56115460395813,11.655404567718506,0,False,11.71488332748413,11.713748931884766,1,True
OVRPBLTW,576,78,62,7.8199748993,7.8118343353,1,7.819974899291992,7.811834335327148,1,True,0.10420809825951081,2,0.03225806451612903,True,50,0,0,0.0,False,RELD_MTL,RELD_MTL,1,False,False,0.0,8.701156330108642,8.054757404327393,1,False,8.78751540184021,8.307422876358032,1,False,8.871174812316895,8.585155487060547,1,False
OVRPBLTW,577,78,62,11.1944923401,11.1538324356,1,11.19449234008789,11.15383243560791,1,True,0.36453752317655996,2,0.03225806451612903,True,50,0,0,0.0,False,RELD_MOEL,RELD_MTL,2,True,True,0.36453752317655996,11.374553871154784,11.257411003112793,1,False,11.438453435897827,11.313971996307373,1,False,11.502946376800537,11.42857837677002,1,False
OVRPBLTW,578,78,62,9.2472553253,9.5249671936,0,9.247255325317383,9.524967193603516,0,True,3.003181576918244,11,0.1774193548387097,False,50,0,0,0.0,False,RELD_MTL,RELD_MOEL,2,True,True,3.0031815769182444,9.490140151977538,10.298110961914062,0,False,9.561111450195312,10.33080244064331,0,False,9.618545532226562,10.440889835357666,0,False
OVRPBLTW,579,78,62,9.3104057312,9.0840625763,1,9.310405731201172,9.084062576293945,1,True,2.4916512078034523,8,0.12903225806451613,False,50,0,0,0.0,False,RELD_MTL,RELD_MTL,1,False,False,0.0,9.58524522781372,9.25119686126709,1,False,9.71928596496582,9.489408016204834,1,False,9.787316799163818,9.629629135131836,1,False
OVRPBLTW,580,79,63,16.2177066803,15.9589967728,1,16.21770668029785,15.958996772766113,1,True,1.6210912952933039,8,0.12698412698412698,False,51,0,0,0.0,False,RELD_MOEL,RELD_MTL,2,True,True,1.6210912952933039,16.3124641418457,16.13185920715332,1,False,16.48482608795166,16.477596282958984,1,False,16.687885284423828,16.711471557617188,0,True
OVRPBLTW,581,79,63,16.4116039276,15.9497108459,1,16.411603927612305,15.949710845947266,1,True,2.895933889727754,6,0.09523809523809523,False,51,0,0,0.0,False,RELD_MOEL,MVMOE,3,True,False,4.421122456901014,16.812362289428712,16.42718505859375,1,False,17.131925582885742,16.615097045898438,1,False,17.364662170410156,16.816490173339844,1,False
OVRPBLTW,582,79,63,12.9231929779,13.0281066895,0,12.923192977905273,13.028106689453125,0,True,0.8118250016030357,6,0.09523809523809523,False,51,0,0,0.0,False,RELD_MOEL,MVMOE,3,True,False,1.9844941753962897,13.059875297546387,13.274653244018555,0,False,13.096228122711182,13.404921054840088,0,False,13.369062423706055,13.617138862609863,0,False
OVRPBLTW,583,79,63,15.4480304718,14.6959238052,1,15.448030471801758,14.695923805236816,1,True,5.117791004971559,7,0.1111111111111111,False,51,0,0,0.0,False,RELD_MOEL,RELD_MTL,2,True,True,5.117791004971559,15.823266983032227,15.444885444641113,1,False,15.970634460449219,15.78961706161499,1,False,16.21297836303711,16.072925567626953,1,False
OVRPBLTW,584,79,63,9.8753423691,10.3628234863,0,9.87534236907959,10.362823486328125,0,True,4.936346497973891,3,0.047619047619047616,False,51,0,0,0.0,False,RELD_MTL,RELD_MOEL,2,True,True,4.936346497973891,10.468168640136719,10.653768539428711,0,False,10.680949211120605,10.748075008392334,0,False,11.09776782989502,10.797304153442383,1,True
OVRPBLTW,585,79,63,13.6526508331,13.976556778,0,13.652650833129883,13.976556777954102,0,True,2.372476589782198,9,0.14285714285714285,False,51,0,0,0.0,False,RELD_MTL,MVMOE,3,True,False,4.2401106740221195,13.886159515380859,14.135795593261719,0,False,14.208695411682129,14.20211410522461,1,True,14.690749168395996,14.386157989501953,1,True
OVRPBLTW,586,79,63,13.748087883,13.65625,1,13.748087882995605,13.65625,1,True,0.6724970837528617,2,0.031746031746031744,True,51,2,0,0.1,True,RELD_MOEL,RELD_MTL,2,True,True,0.6724970837528617,13.819964790344239,13.879281997680664,0,True,13.941481113433838,13.930618286132812,1,False,14.104247093200684,14.117185592651367,0,True
OVRPBLTW,587,79,63,10.4798564911,10.5835561752,0,10.479856491088867,10.583556175231934,0,True,0.9895143524920136,4,0.06349206349206349,False,51,0,0,0.0,False,RELD_MTL,MVMOE,3,True,False,1.7602266261775745,10.807282066345214,10.985540008544922,0,False,10.882966995239258,11.059624671936035,0,False,11.016549110412598,11.164749145507812,0,False
OVRPBLTW,588,79,63,8.4574241638,8.205532074,1,8.45742416381836,8.20553207397461,1,True,3.069783745019337,2,0.031746031746031744,True,51,0,0,0.0,False,RELD_MOEL,RELD_MTL,2,True,True,3.069783745019337,8.866604423522949,8.7090087890625,1,False,9.065098285675049,8.744117259979248,1,False,9.374971389770508,8.952225685119629,1,False
OVRPBLTW,589,79,63,14.3180999756,14.4357032776,0,14.318099975585938,14.43570327758789,0,True,0.8213610898122867,2,0.031746031746031744,True,51,0,0,0.0,False,RELD_MOEL,RELD_MOEL,1,False,False,0.0,14.798037338256837,14.99931468963623,0,False,14.949803352355957,15.102840423583984,0,False,15.166154861450195,15.25709056854248,0,False
OVRPBLTW,590,79,63,12.9756793976,12.7628669739,1,12.975679397583008,12.762866973876953,1,True,1.6674343165622678,6,0.09523809523809523,False,51,0,0,0.0,False,RELD_MTL,RELD_MTL,1,False,False,0.0,13.717545127868652,13.121327018737793,1,False,14.186528205871582,13.873526573181152,1,False,14.360995292663574,14.000358581542969,1,False
OVRPBLTW,591,79,63,8.3392276764,7.9635949135,1,8.339227676391602,7.963594913482666,1,True,4.716874313423734,3,0.047619047619047616,False,51,0,0,0.0,False,RELD_MOEL,RELD_MTL,2,True,True,4.716874313423734,8.6672607421875,8.416358184814452,1,False,8.766914367675781,8.45454454421997,1,False,8.860840797424316,8.527316093444824,1,False
OVRPBLTW,592,79,63,11.255569458,11.171713829,1,11.255569458007812,11.171713829040527,1,True,0.7506066686234335,15,0.23809523809523808,False,51,0,0,0.0,False,RELD_MOEL,RELD_MTL,2,True,True,0.7506066686234335,11.272611045837403,11.218830108642578,1,False,11.310455799102783,11.25999927520752,1,False,11.421985626220703,11.348320007324219,1,False
OVRPBLTW,593,79,63,9.8577880859,9.6126041412,1,9.8577880859375,9.612604141235352,1,True,2.5506505947657927,8,0.12698412698412698,False,51,0,0,0.0,False,RELD_MTL,RELD_MTL,1,False,False,0.0,10.196049118041993,9.841083335876466,1,False,10.350400447845459,9.993095874786377,1,False,10.727096557617188,10.507627487182617,1,False
OVRPBLTW,594,79,63,7.3929305077,7.4905190468,0,7.392930507659912,7.490519046783447,0,True,1.320025110453267,4,0.06349206349206349,False,51,0,0,0.0,False,RELD_MTL,RELD_MOEL,2,True,True,1.320025110453267,7.604045295715332,7.624727344512939,0,False,7.6916937828063965,8.124482154846191,0,False,8.173542022705078,8.179000854492188,0,False
OVRPBLTW,595,79,63,14.9530735016,15.0417947769,0,14.953073501586914,15.041794776916504,0,True,0.5933313662271906,3,0.047619047619047616,False,51,0,0,0.0,False,RELD_MOEL,RELD_MOEL,1,False,False,0.0,15.134548568725586,15.239371490478515,0,False,15.413359642028809,15.375537872314453,1,True,15.634726524353027,15.544916152954102,1,True
OVRPBLTW,596,79,63,11.0772199631,11.2965126038,0,11.07721996307373,11.296512603759766,0,True,1.9796721689241517,1,0.015873015873015872,True,51,5,0,0.25,True,RELD_MTL,RELD_MOEL,2,True,True,1.9796721689241519,11.615685272216798,11.485424423217774,1,True,11.746506690979004,12.06744909286499,0,False,12.273001670837402,12.199239730834961,1,True
OVRPBLTW,597,79,63,9.9619760513,9.8616828918,1,9.961976051330566,9.861682891845703,1,True,1.0169984230926272,1,0.015873015873015872,True,51,0,0,0.0,False,RELD_MTL,MVMOE,3,True,False,0.095577807751308,10.690036964416503,10.262924575805664,1,False,10.70206356048584,10.51339054107666,1,False,10.78638744354248,10.626564025878906,1,False
OVRPBLTW,598,79,63,14.660610199,15.0243196487,0,14.66061019897461,15.024319648742676,0,True,2.480861606461705,13,0.20634920634920634,False,51,0,0,0.0,False,RELD_MOEL,RELD_MOEL,1,False,False,0.0,14.834285545349122,15.223898696899415,0,False,15.150740146636963,15.281015396118164,0,False,15.484244346618652,15.493770599365234,0,False
OVRPBLTW,599,79,63,11.2952108383,11.5959320068,0,11.295210838317871,11.595932006835938,0,True,2.6623776466421525,9,0.14285714285714285,False,51,0,0,0.0,False,RELD_MOEL,RELD_MOEL,1,False,False,0.0,11.557039070129395,11.798812675476075,0,False,11.751995086669922,12.091447830200195,0,False,11.84756851196289,12.367660522460938,0,False
OVRPBLTW,600,80,64,12.2378883362,11.7979335785,1,12.23788833618164,11.797933578491211,1,True,3.729083188786143,36,0.5625,False,52,0,0,0.0,False,RELD_MOEL,RELD_MTL,2,True,True,3.729083188786143,12.880526924133301,11.978161907196045,1,False,12.969794034957886,12.100147247314453,1,False,13.081492900848389,12.176288604736328,1,False
OVRPBLTW,601,80,64,11.9989423752,11.971241951,1,11.998942375183105,11.97124195098877,1,True,0.23139139876532883,1,0.015625,True,52,4,0,0.2,True,RELD_MOEL,RELD_MTL,2,True,True,0.2313913987653288,12.29842758178711,12.188701820373534,1,False,12.348138809204102,12.233180522918701,1,False,12.44097089767456,12.353160858154297,1,False
OVRPBLTW,602,80,64,11.6965179443,11.7545547485,0,11.696517944335938,11.754554748535156,0,True,0.4961887330603644,1,0.015625,True,52,2,0,0.1,True,RELD_MOEL,RELD_MOEL,1,False,False,0.0,12.05276346206665,12.108882427215576,0,False,12.183862924575806,12.311866283416748,0,False,12.273179531097412,12.712615013122559,0,False
OVRPBLTW,603,80,64,10.5983600616,11.280632019,0,10.598360061645508,11.280632019042969,0,True,6.4375238568465925,20,0.3125,False,52,0,0,0.0,False,RELD_MOEL,RELD_MOEL,1,False,False,0.0,11.108376598358154,11.452325630187989,0,False,11.269780158996582,11.614714860916138,0,False,11.406099796295166,11.712172508239746,0,False
OVRPBLTW,604,80,64,14.1856994629,14.3079690933,0,14.185699462890625,14.307969093322754,0,True,0.8619217594435361,1,0.015625,True,52,4,0,0.2,True,RELD_MTL,RELD_MOEL,2,True,True,0.861921759443536,14.599048233032226,14.50596981048584,1,True,14.71579384803772,14.801708936691284,0,False,14.915459156036377,14.971106052398682,0,False
OVRPBLTW,605,80,64,12.6941175461,12.45054245,1,12.694117546081543,12.450542449951172,1,True,1.956341236361143,2,0.03125,True,52,0,0,0.0,False,RELD_MOEL,RELD_MTL,2,True,True,1.9563412363611428,12.927905654907226,12.909451770782471,1,False,13.132175207138062,13.051214933395386,1,False,13.296438217163086,13.238789081573486,1,False
OVRPBLTW,606,80,64,9.9775276184,10.1397562027,0,9.977527618408203,10.139756202697754,0,True,1.6259397167773948,3,0.046875,False,52,0,0,0.0,False,RELD_MTL,RELD_MOEL,2,True,True,1.625939716777395,10.500104427337646,10.384422874450683,1,True,10.604102849960327,10.554611921310425,1,True,10.736460208892822,10.729016780853271,1,True
OVRPBLTW,607,80,64,7.5528669357,7.4027452469,1,7.5528669357299805,7.402745246887207,1,True,2.027919154220053,5,0.078125,False,52,0,0,0.0,False,RELD_MOEL,RELD_MTL,2,True,True,2.027919154220053,7.859427738189697,7.726476430892944,1,False,7.913250207901001,7.770565509796143,1,False,7.962007522583008,7.833482503890991,1,False
OVRPBLTW,608,80,64,15.2493085861,14.7861776352,1,15.249308586120605,14.786177635192871,1,True,3.1321884690298174,8,0.125,False,52,0,0,0.0,False,RELD_MOEL,RELD_MTL,2,True,True,3.1321884690298174,15.816751670837402,15.13523073196411,1,False,16.04603910446167,15.491961240768433,1,False,16.245156288146973,15.725366592407227,1,False
OVRPBLTW,609,80,64,8.7605400085,8.6756706238,1,8.760540008544922,8.675670623779297,1,True,0.9782458138414887,3,0.046875,False,52,0,0,0.0,False,RELD_MTL,RELD_MTL,1,False,False,0.0,8.888837337493896,8.802940368652344,1,False,8.985381364822388,8.860711812973022,1,False,9.121039390563965,8.958659648895264,1,False
OVRPBLTW,610,80,64,9.3628845215,9.4304676056,0,9.362884521484375,9.43046760559082,0,True,0.7218190499392532,2,0.03125,True,52,1,0,0.05,True,RELD_MTL,RELD_MOEL,2,True,True,0.7218190499392532,9.587539768218994,9.52942352294922,1,True,9.677614450454712,9.586269855499268,1,True,9.86000919342041,9.753729820251465,1,True
OVRPBLTW,611,80,64,15.2739572525,14.8165550232,1,15.273957252502441,14.81655502319336,1,True,3.087102424172107,35,0.546875,False,52,0,0,0.0,False,RELD_MTL,RELD_MTL,1,False,False,0.0,15.343145370483398,14.934524822235108,1,False,15.57463550567627,14.987107276916504,1,False,16.036298751831055,15.229567527770996,1,False
OVRPBLTW,612,80,64,11.5677604675,11.6144142151,0,11.567760467529297,11.61441421508789,0,True,0.4033083822151734,1,0.015625,True,52,5,0,0.25,True,RELD_MTL,RELD_MOEL,2,True,True,0.40330838221517334,12.052296924591065,11.70405740737915,1,True,12.152700424194336,11.832262516021729,1,True,12.296680450439453,11.90062665939331,1,True
OVRPBLTW,613,80,64,12.7502117157,12.6665382385,1,12.750211715698242,12.66653823852539,1,True,0.660586780890737,2,0.03125,True,52,1,0,0.05,True,RELD_MOEL,RELD_MTL,2,True,True,0.660586780890737,13.095756435394287,12.908854866027832,1,False,13.26487112045288,13.143617868423462,1,False,13.409721851348877,13.339966773986816,1,False
OVRPBLTW,614,80,64,9.2561225891,9.121427536,1,9.256122589111328,9.121427536010742,1,True,1.4766882987163132,3,0.046875,False,52,0,0,0.0,False,RELD_MTL,RELD_MTL,1,False,False,0.0,9.666268825531006,9.352525901794433,1,False,9.870090961456299,9.678814888000488,1,False,10.047682285308838,9.867434024810791,1,False
OVRPBLTW,615,80,64,14.0109939575,14.6195707321,0,14.010993957519531,14.6195707321167,0,True,4.343566034258633,6,0.09375,False,52,0,0,0.0,False,RELD_MOEL,RELD_MOEL,1,False,False,0.0,14.634278106689454,14.737429904937745,0,False,14.898668050765991,14.90301513671875,0,False,15.12392807006836,15.252179145812988,0,False
OVRPBLTW,616,80,64,14.0992050171,13.6388292313,1,14.099205017089844,13.638829231262207,1,True,3.3754787745525365,26,0.40625,False,52,0,0,0.0,False,RELD_MTL,MVMOE,3,True,False,2.5086371510707894,14.307890129089355,13.74272575378418,1,False,14.57709789276123,13.906512022018433,1,False,14.904580116271973,14.205554485321045,1,False
OVRPBLTW,617,80,64,8.2215156555,7.6725721359,1,8.221515655517578,7.672572135925293,1,True,7.154621812305807,42,0.65625,False,52,0,0,0.0,False,RELD_MOEL,RELD_MTL,2,True,True,7.154621812305807,8.836046409606933,7.7298970222473145,1,False,9.034371376037598,7.88497257232666,1,False,9.2721266746521,7.974041223526001,1,False
OVRPBLTW,618,80,64,16.3104496002,17.2608261108,0,16.310449600219727,17.260826110839844,0,True,5.826795299305227,45,0.703125,False,52,0,0,0.0,False,RELD_MTL,RELD_MOEL,2,True,True,5.826795299305227,16.348821449279786,17.35051918029785,0,False,16.430445671081543,17.463510513305664,0,False,16.614821434020996,18.37905216217041,0,False
OVRPBLTW,619,80,64,11.0025138855,10.8687334061,1,11.002513885498047,10.868733406066895,1,True,1.2308746051763217,2,0.03125,True,52,1,0,0.05,True,RELD_MTL,RELD_MTL,1,False,False,0.0,11.239766216278076,11.257093906402588,0,True,11.403230667114258,11.388614892959595,1,False,11.611223220825195,11.521117210388184,1,False
OVRPBLTW,620,81,64,15.4451751709,15.5158319473,0,15.445175170898438,15.51583194732666,0,True,0.45746827483784813,1,0.015625,True,52,4,0,0.2,True,RELD_MOEL,RELD_MOEL,1,False,False,0.0,15.828135204315185,16.08051280975342,0,False,16.229522228240967,16.282673358917236,0,False,16.447349548339844,16.59656810760498,0,False
OVRPBLTW,621,81,64,9.2868099213,9.7271575928,0,9.286809921264648,9.727157592773438,0,True,4.741646219010351,2,0.03125,True,52,0,0,0.0,False,RELD_MTL,RELD_MOEL,2,True,True,4.741646219010351,10.196128940582275,10.320068168640137,0,False,10.433810949325562,10.43427038192749,0,False,11.353734493255615,10.589695930480957,1,True
OVRPBLTW,622,81,64,10.3967819214,10.2875204086,1,10.396781921386719,10.287520408630371,1,True,1.0620782118561933,1,0.015625,True,52,3,0,0.15,True,RELD_MTL,RELD_MTL,1,False,False,0.0,10.463611888885499,10.428097534179688,1,False,10.523168087005615,10.490042686462402,1,False,10.660353660583496,10.543004989624023,1,False
OVRPBLTW,623,81,64,12.4922008514,12.655497551,0,12.49220085144043,12.655497550964355,0,True,1.3071891938216746,1,0.015625,True,52,2,0,0.1,True,RELD_MTL,RELD_MOEL,2,True,True,1.3071891938216749,12.907359981536866,12.918317508697509,0,False,12.992247581481934,13.283909320831299,0,False,13.146974563598633,13.695046424865723,0,False
OVRPBLTW,624,81,64,7.9656014442,8.239900589,0,7.965601444244385,8.239900588989258,0,True,3.443545935878141,15,0.234375,False,52,0,0,0.0,False,RELD_MOEL,RELD_MOEL,1,False,False,0.0,8.203199577331542,8.447519683837891,0,False,8.263128757476807,8.623774766921997,0,False,8.430061340332031,9.15544843673706,0,False
OVRPBLTW,625,81,64,9.5807323456,8.9876174927,1,9.580732345581055,8.987617492675781,1,True,6.599244498130281,16,0.25,False,52,0,0,0.0,False,RELD_MTL,RELD_MTL,1,False,False,0.0,9.643939590454101,9.158764171600343,1,False,9.927411317825317,9.61774206161499,1,False,10.088205337524414,9.825218677520752,1,False
OVRPBLTW,626,81,64,9.1564502716,9.5067367554,0,9.156450271606445,9.506736755371094,0,True,3.825570755148005,1,0.015625,True,52,3,0,0.15,True,RELD_MOEL,RELD_MOEL,1,False,False,0.0,10.023189353942872,9.921988391876221,1,True,10.051468849182129,9.98540711402893,1,True,10.116901397705078,10.0777587890625,1,True
OVRPBLTW,627,81,64,10.8227825165,11.269865036,0,10.822782516479492,11.269865036010742,0,True,4.130938774925907,3,0.046875,False,52,0,0,0.0,False,RELD_MTL,RELD_MOEL,2,True,True,4.130938774925907,11.570966815948486,11.43309440612793,1,True,11.613931655883789,11.635558366775513,0,False,11.64661693572998,11.772676944732666,0,False
OVRPBLTW,628,81,64,11.3745098114,11.219042778,1,11.374509811401367,11.219042778015137,1,True,1.385742406695002,2,0.03125,True,52,0,0,0.0,False,RELD_MTL,RELD_MTL,1,False,False,0.0,11.844988822937012,11.798678874969482,1,False,11.975910663604736,11.889718055725098,1,False,12.113197326660156,12.050487995147705,1,False
OVRPBLTW,629,81,64,14.9506034851,14.8917217255,1,14.950603485107422,14.891721725463867,1,True,0.39539927407569925,9,0.140625,False,52,0,0,0.0,False,RELD_MOEL,RELD_MTL,2,True,True,0.3953992740756992,15.034391689300538,14.938602352142334,1,False,15.130522012710571,14.988168478012085,1,False,15.4923677444458,15.22878646850586,1,False
OVRPBLTW,630,81,64,11.631814003,11.4945487976,1,11.631814002990723,11.494548797607422,1,True,1.1941765424377557,4,0.0625,False,52,0,0,0.0,False,RELD_MTL,RELD_MTL,1,False,False,0.0,11.929512786865235,11.74455451965332,1,False,12.088135242462158,11.819633722305298,1,False,12.197319030761719,12.067380905151367,1,False
OVRPBLTW,631,81,64,11.3084554672,11.6995611191,0,11.308455467224121,11.69956111907959,0,True,3.4585240489684566,12,0.1875,False,52,0,0,0.0,False,RELD_MOEL,RELD_MOEL,1,False,False,0.0,11.642018604278565,11.79071102142334,0,False,11.806918382644653,11.842581510543823,0,False,11.989204406738281,11.981935977935791,1,True
OVRPBLTW,632,81,64,7.3168945312,6.9607343674,1,7.31689453125,6.9607343673706055,1,True,5.116703856248929,46,0.71875,False,52,0,0,0.0,False,RELD_MOEL,RELD_MTL,2,True,True,5.116703856248929,7.908944702148437,7.092469787597656,1,False,8.433714389801025,7.144424915313721,1,False,8.628510475158691,7.199618101119995,1,False
OVRPBLTW,633,81,64,11.2125415802,10.9409399033,1,11.212541580200195,10.940939903259277,1,True,2.4824345924620173,15,0.234375,False,52,0,0,0.0,False,RELD_MOEL,RELD_MTL,2,True,True,2.4824345924620173,11.700897598266602,11.107628440856933,1,False,11.789530754089355,11.232618570327759,1,False,11.873905181884766,11.308201313018799,1,False
OVRPBLTW,634,81,64,11.4467411041,11.3737945557,1,11.446741104125977,11.373794555664062,1,True,0.6413563041143717,2,0.03125,True,52,0,0,0.0,False,RELD_MOEL,RELD_MTL,2,True,True,0.6413563041143717,11.737504863739014,11.593386268615722,1,False,12.030456066131592,11.736632108688354,1,False,12.47118854522705,11.924663066864014,1,False
OVRPBLTW,635,81,64,8.7018451691,8.5095844269,1,8.701845169067383,8.509584426879883,1,True,2.259343494991798,1,0.015625,True,52,5,0,0.25,True,RELD_MTL,RELD_MTL,1,False,False,0.0,9.139911556243897,9.022661304473877,1,False,9.19281816482544,9.251532554626465,0,True,9.306373596191406,9.387696266174316,0,True
OVRPBLTW,636,81,64,9.9297866821,9.931968689,0,9.929786682128906,9.931968688964844,0,True,0.021974358260217645,1,0.015625,True,52,4,0,0.2,True,RELD_MOEL,RELD_MOEL,1,False,False,0.0,10.119510936737061,9.980174255371093,1,True,10.215837001800537,10.063104629516602,1,True,10.427238464355469,10.224993228912354,1,True
OVRPBLTW,637,81,64,15.2442064285,14.9961261749,1,15.244206428527832,14.996126174926758,1,True,1.654295587451296,3,0.046875,False,52,0,0,0.0,False,RELD_MOEL,RELD_MTL,2,True,True,1.654295587451296,15.500506496429443,15.53544282913208,0,True,15.75059962272644,15.693660020828247,1,False,15.824101448059082,15.82155704498291,1,False
OVRPBLTW,638,81,64,10.2909936905,10.0747613907,1,10.290993690490723,10.074761390686035,1,True,2.1462771316807903,2,0.03125,True,52,1,0,0.05,True,RELD_MTL,RELD_MTL,1,False,False,0.0,10.491509819030762,10.545086002349853,0,True,10.648306846618652,10.685914039611816,0,True,10.78735065460205,10.837798595428467,0,True
OVRPBLTW,639,82,65,11.2824811935,11.1818599701,1,11.28248119354248,11.181859970092773,1,True,0.8998612365837126,7,0.1076923076923077,False,52,0,0,0.0,False,RELD_MTL,RELD_MTL,1,False,False,0.0,11.38042335510254,11.273834991455079,1,False,11.503816604614258,11.50842571258545,0,True,11.605667114257812,11.738956451416016,0,True
OVRPBLTW,640,82,65,10.7896556854,10.2241516113,1,10.789655685424805,10.224151611328125,1,True,5.531061114889863,18,0.27692307692307694,False,52,0,0,0.0,False,RELD_MTL,RELD_MTL,1,False,False,0.0,11.103756713867188,10.702885055541993,1,False,11.408872604370117,10.776769638061523,1,False,11.685333251953125,10.989474296569824,1,False
OVRPBLTW,641,82,65,10.0737323761,9.9993228912,1,10.073732376098633,9.999322891235352,1,True,0.7441452357287622,3,0.046153846153846156,False,52,0,0,0.0,False,RELD_MTL,MVMOE,3,True,False,0.5189668364050015,10.328025245666504,10.218622589111328,1,False,10.388153076171875,10.382719039916992,1,False,10.562751770019531,10.452241897583008,1,False
OVRPBLTW,642,82,65,15.2254867554,15.4502506256,0,15.225486755371094,15.450250625610352,0,True,1.4762343812770626,8,0.12307692307692308,False,52,0,0,0.0,False,RELD_MOEL,RELD_MOEL,1,False,False,0.0,15.368667602539062,15.63654899597168,0,False,15.560797691345215,15.793347358703613,0,False,15.855201721191406,16.00457000732422,0,False
OVRPBLTW,643,82,65,13.4864215851,13.5568027496,0,13.486421585083008,13.556802749633789,0,True,0.5218668573860757,1,0.015384615384615385,True,52,0,0,0.0,False,RELD_MOEL,RELD_MOEL,1,False,False,0.0,13.849210739135742,13.994647598266601,0,False,14.062780380249023,14.213434219360352,0,False,14.34277629852295,14.466878890991211,0,False
OVRPBLTW,644,82,65,13.4349603653,13.3867931366,1,13.43496036529541,13.38679313659668,1,True,0.3598115561247416,1,0.015384615384615385,True,52,5,0,0.25,True,RELD_MOEL,RELD_MTL,2,True,True,0.3598115561247416,13.823299789428711,13.740665817260743,1,False,13.960235595703125,13.927236557006836,1,False,14.191484451293945,14.051793098449707,1,False
OVRPBLTW,645,82,65,9.6709842682,9.2908401489,1,9.670984268188477,9.290840148925781,1,True,4.091601116880783,19,0.2923076923076923,False,52,0,0,0.0,False,RELD_MTL,RELD_MTL,1,False,False,0.0,10.419042015075684,9.548552703857421,1,False,10.596134185791016,9.633109092712402,1,False,10.71752643585205,9.898234367370605,1,False
OVRPBLTW,646,82,65,10.3695545197,10.1238002777,1,10.36955451965332,10.123800277709961,1,True,2.427490026065909,2,0.03076923076923077,True,52,0,0,0.0,False,RELD_MTL,RELD_MTL,1,False,False,0.0,11.449506187438965,10.507943153381348,1,False,12.18400764465332,10.613197326660156,1,False,12.460785865783691,11.313940048217773,1,False
OVRPBLTW,647,82,65,12.9560337067,13.4879741669,0,12.956033706665039,13.487974166870117,0,True,4.10573538354502,43,0.6615384615384615,False,52,0,0,0.0,False,RELD_MOEL,MVMOE,3,True,False,0.11175942642535433,13.108837127685547,13.67875633239746,0,False,13.244994163513184,13.72939682006836,0,False,13.382820129394531,13.93028450012207,0,False
OVRPBLTW,648,82,65,10.8426408768,10.1177988052,1,10.84264087677002,10.117798805236816,1,True,7.164029306725014,15,0.23076923076923078,False,52,0,0,0.0,False,RELD_MOEL,RELD_MTL,2,True,True,7.164029306725013,11.514093780517578,10.823638916015625,1,False,11.612777709960938,10.849267959594727,1,False,11.665201187133789,11.223316192626953,1,False
OVRPBLTW,649,82,65,8.1603975296,8.0755376816,1,8.16039752960205,8.07553768157959,1,True,1.050825980211233,5,0.07692307692307693,False,52,0,0,0.0,False,RELD_MOEL,RELD_MTL,2,True,True,1.050825980211233,8.28078842163086,8.377076148986816,0,True,8.340405464172363,8.449710845947266,0,True,8.412946701049805,8.52991771697998,0,True
OVRPBLTW,650,82,65,7.8969020844,7.8663644791,1,7.896902084350586,7.866364479064941,1,True,0.38820481025427905,2,0.03076923076923077,True,52,0,0,0.0,False,RELD_MTL,RELD_MTL,1,False,False,0.0,7.950313758850098,7.960629940032959,0,True,7.976816654205322,8.017868041992188,0,True,8.045072555541992,8.083276748657227,0,True
OVRPBLTW,651,82,65,8.7126979828,8.5858793259,1,8.712697982788086,8.5858793258667,1,True,1.4770607888401206,1,0.015384615384615385,True,52,4,0,0.2,True,RELD_MOEL,RELD_MTL,2,True,True,1.4770607888401206,8.828267478942871,8.909746742248535,0,True,8.895602226257324,8.940460205078125,0,True,9.171385765075684,8.978221893310547,1,False
OVRPBLTW,652,82,65,7.8751721382,7.7409296036,1,7.875172138214111,7.74092960357666,1,True,1.734191388816782,1,0.015384615384615385,True,52,4,0,0.2,True,RELD_MOEL,RELD_MTL,2,True,True,1.7341913888167817,8.071053504943848,7.930811405181885,1,False,8.113536834716797,7.979256629943848,1,False,8.152715682983398,8.036336898803711,1,False
OVRPBLTW,653,82,65,10.7591342926,10.5744934082,1,10.759134292602539,10.574493408203125,1,True,1.7460967374268759,1,0.015384615384615385,True,52,2,0,0.1,True,RELD_MTL,RELD_MTL,1,False,False,0.0,11.00346336364746,11.007524490356445,0,True,11.356155395507812,11.103721618652344,1,False,11.618141174316406,11.243577003479004,1,False
OVRPBLTW,654,82,65,6.7779860497,7.2090177536,0,6.7779860496521,7.209017753601074,0,True,6.359288743580083,25,0.38461538461538464,False,52,0,0,0.0,False,RELD_MOEL,RELD_MOEL,1,False,False,0.0,6.846352577209473,7.31706600189209,0,False,6.873725891113281,7.360373020172119,0,False,7.297605514526367,7.433944225311279,0,False
OVRPBLTW,655,82,65,11.168428421,11.6801271439,0,11.168428421020508,11.680127143859863,0,True,4.5816537798447365,24,0.36923076923076925,False,52,0,0,0.0,False,RELD_MTL,RELD_MOEL,2,True,True,4.5816537798447365,11.249004364013672,11.87745475769043,0,False,11.296354293823242,12.33314323425293,0,False,11.954116821289062,12.440398216247559,0,False
OVRPBLTW,656,82,65,12.9439182281,12.5612411499,1,12.943918228149414,12.561241149902344,1,True,3.046490976753878,8,0.12307692307692308,False,52,0,0,0.0,False,RELD_MOEL,RELD_MTL,2,True,True,3.0464909767538786,13.432826232910156,12.913345527648925,1,False,13.72737979888916,13.076384544372559,1,False,13.992382049560547,13.190995216369629,1,False
OVRPBLTW,657,82,65,11.7161579132,11.8092288971,0,11.716157913208008,11.809228897094727,0,True,0.794381439628278,2,0.03076923076923077,True,52,0,0,0.0,False,RELD_MOEL,RELD_MOEL,1,False,False,0.0,12.072381591796875,12.077792930603028,0,False,12.231940269470215,12.139296531677246,1,True,12.409839630126953,12.270644187927246,1,True
OVRPBLTW,658,83,66,13.7544536591,14.5770339966,0,13.754453659057617,14.577033996582031,0,True,5.980465366981546,14,0.21212121212121213,False,53,0,0,0.0,False,RELD_MTL,RELD_MOEL,2,True,True,5.980465366981547,14.453866004943848,15.271271228790283,0,False,14.632586240768433,15.459800243377686,0,False,14.910367488861084,16.23151683807373,0,False
OVRPBLTW,659,83,66,12.6651659012,11.945681572,1,12.665165901184082,11.94568157196045,1,True,6.022965913359273,5,0.07575757575757576,False,53,0,0,0.0,False,RELD_MTL,RELD_MTL,1,False,False,0.0,12.817904949188232,12.700736045837402,1,False,12.874625444412231,12.882577419281006,0,True,13.207021713256836,12.995799541473389,1,False
OVRPBLTW,660,83,66,10.3198852539,10.4615268707,0,10.31988525390625,10.461526870727539,0,True,1.372511547514266,2,0.030303030303030304,True,53,0,0,0.0,False,RELD_MTL,MVMOE,3,True,False,5.861425320638661,10.665610313415527,10.866751194000244,0,False,10.767897367477417,11.191436290740967,0,False,10.90371036529541,11.358316898345947,0,False
OVRPBLTW,661,83,66,6.5023698807,7.0623264313,0,6.5023698806762695,7.062326431274414,0,True,8.611576407888363,56,0.8484848484848485,False,53,0,0,0.0,False,RELD_MTL,RELD_MOEL,2,True,True,8.611576407888363,6.730970144271851,7.177387237548828,0,False,6.792048692703247,7.219670534133911,0,False,6.89098334312439,7.303951025009155,0,False
OVRPBLTW,662,83,66,12.4840135574,13.4050893784,0,12.484013557434082,13.405089378356934,0,True,7.378042460183196,2,0.030303030303030304,True,53,1,0,0.05,True,RELD_MTL,RELD_MOEL,2,True,True,7.378042460183195,13.446739196777344,13.457323551177979,0,False,13.479503393173218,13.52543330192566,0,False,13.638381481170654,14.249420642852783,0,False
OVRPBLTW,663,83,66,9.9250383377,9.8694944382,1,9.92503833770752,9.869494438171387,1,True,0.5627836344384226,2,0.030303030303030304,True,53,1,0,0.05,True,RELD_MTL,RELD_MTL,1,False,False,0.0,10.076727867126465,10.068212032318115,1,False,10.15026068687439,10.269986152648926,0,True,10.247606754302979,10.55313491821289,0,True
OVRPBLTW,664,83,66,10.75852108,9.2271432877,1,10.75852108001709,9.227143287658691,1,True,16.59644534122887,66,1.0,False,53,0,0,0.0,False,RELD_MTL,RELD_MTL,1,False,False,0.0,11.120355606079102,9.432577133178711,1,False,11.305800914764404,9.808749914169312,1,False,11.66323184967041,9.885863780975342,1,False
OVRPBLTW,665,83,66,13.0725440979,12.8687076569,1,13.07254409790039,12.868707656860352,1,True,1.5839697849589898,9,0.13636363636363635,False,53,0,0,0.0,False,RELD_MOEL,RELD_MTL,2,True,True,1.5839697849589898,13.177232265472412,12.990933895111084,1,False,13.260708570480347,13.40127444267273,0,True,13.563837051391602,13.740317821502686,0,True
OVRPBLTW,666,83,66,15.0292272568,15.1745662689,0,15.029227256774902,15.174566268920898,0,True,0.9670424807385903,1,0.015151515151515152,True,53,5,0,0.25,True,RELD_MOEL,RELD_MOEL,1,False,False,0.0,15.558226585388184,15.879442691802979,0,False,15.62583303451538,16.02775526046753,0,False,15.778120994567871,16.211392402648926,0,False
OVRPBLTW,667,83,66,8.7329750061,8.4205961227,1,8.732975006103516,8.4205961227417,1,True,3.7097003448235575,13,0.19696969696969696,False,53,0,0,0.0,False,RELD_MOEL,RELD_MTL,2,True,True,3.709700344823557,8.993478775024414,8.518423080444336,1,False,9.048621892929077,8.854803800582886,1,False,9.422710418701172,8.929916858673096,1,False
OVRPBLTW,668,83,66,8.8539419174,9.3749809265,0,8.853941917419434,9.374980926513672,0,True,5.88482524462962,34,0.5151515151515151,False,53,0,0,0.0,False,RELD_MOEL,RELD_MOEL,1,False,False,0.0,9.023682594299316,9.461654663085938,0,False,9.27750015258789,9.58432388305664,0,False,9.364472389221191,9.807786464691162,0,False
OVRPBLTW,669,83,66,10.3641986847,10.3132562637,1,10.364198684692383,10.31325626373291,1,True,0.493950889005875,1,0.015151515151515152,True,53,4,0,0.2,True,RELD_MOEL,RELD_MTL,2,True,True,0.493950889005875,11.283456325531006,10.604323387145996,1,False,11.495904684066772,11.152872562408447,1,False,11.573052406311035,11.277596473693848,1,False
OVRPBLTW,670,83,66,8.9664649963,8.4603719711,1,8.96646499633789,8.460371971130371,1,True,5.981924044578353,38,0.5757575757575758,False,53,0,0,0.0,False,RELD_MTL,RELD_MTL,1,False,False,0.0,9.225091934204102,8.572643756866455,1,False,9.327703475952148,8.654273986816406,1,False,9.415733337402344,8.873342037200928,1,False
OVRPBLTW,671,83,66,13.6690349579,13.6806488037,0,13.669034957885742,13.680648803710938,0,True,0.08496463602420622,1,0.015151515151515152,True,53,2,0,0.1,True,RELD_MTL,RELD_MOEL,2,True,True,0.08496463602420622,13.734355926513672,13.857874870300293,0,False,13.840736627578735,14.3787841796875,0,False,13.901211261749268,14.44103479385376,0,False
OVRPBLTW,672,83,66,15.0713853836,15.3119888306,0,15.071385383605957,15.311988830566406,0,True,1.5964255499817248,17,0.25757575757575757,False,53,0,0,0.0,False,RELD_MOEL,RELD_MOEL,1,False,False,0.0,15.13920783996582,15.57317066192627,0,False,15.31618046760559,15.711274862289429,0,False,15.480189323425293,15.84862470626831,0,False
OVRPBLTW,673,83,66,9.4569206238,9.3891010284,1,9.456920623779297,9.389101028442383,1,True,0.7223225652259997,17,0.25757575757575757,False,53,0,0,0.0,False,RELD_MOEL,MVMOE,3,True,False,3.3356415376881707,9.562923908233643,9.414965152740479,1,False,9.627897500991821,9.454155921936035,1,False,9.77333688735962,9.670982360839844,1,False
OVRPBLTW,674,83,66,15.466586113,15.7274980545,0,15.466586112976074,15.727498054504395,0,True,1.6869394421869073,6,0.09090909090909091,False,53,0,0,0.0,False,RELD_MTL,RELD_MOEL,2,True,True,1.6869394421869073,15.73297929763794,16.37848472595215,0,False,15.847466468811035,16.575092315673828,0,False,16.178953170776367,16.861814498901367,0,False
OVRPBLTW,675,83,66,11.9729766846,12.7412910461,0,11.972976684570312,12.741291046142578,0,True,6.4170705559648225,47,0.7121212121212122,False,53,0,0,0.0,False,RELD_MTL,RELD_MOEL,2,True,True,6.4170705559648225,12.067283630371094,12.998688697814941,0,False,12.180063247680664,13.151046752929688,0,False,12.26727819442749,13.790569305419922,0,False
OVRPBLTW,676,83,66,13.545343399,13.833946228,0,13.545343399047852,13.833946228027344,0,True,2.1306423949451636,8,0.12121212121212122,False,53,0,0,0.0,False,RELD_MOEL,RELD_MOEL,1,False,False,0.0,13.826905727386475,14.021704196929932,0,False,13.970566272735596,14.166975021362305,0,False,14.442483901977539,14.357446670532227,1,True
OVRPBLTW,677,84,67,13.7572584152,13.6731815338,1,13.757258415222168,13.673181533813477,1,True,0.6149035701176355,3,0.04477611940298507,False,54,0,0,0.0,False,RELD_MOEL,MVMOE,3,True,False,0.9283456810747815,14.057469177246094,13.896000480651855,1,False,14.23401403427124,14.247519969940186,0,True,14.329032897949219,14.395214080810547,0,True
OVRPBLTW,678,84,67,15.3944149017,15.6121711731,0,15.394414901733398,15.612171173095703,0,True,1.4145147625971417,2,0.029850746268656716,True,54,0,0,0.0,False,RELD_MTL,RELD_MOEL,2,True,True,1.4145147625971417,15.889238548278808,15.796058464050294,1,True,15.993622779846191,16.006468772888184,0,False,16.109169006347656,16.20125961303711,0,False
OVRPBLTW,679,84,67,12.4187812805,12.3578166962,1,12.418781280517578,12.357816696166992,1,True,0.4933281161124951,1,0.014925373134328358,True,54,1,0,0.05,True,RELD_MTL,RELD_MTL,1,False,False,0.0,12.696101188659668,12.881359100341797,0,True,12.831341743469238,13.083863258361816,0,True,12.995330810546875,13.31566047668457,0,True
OVRPBLTW,680,84,67,13.1293325424,13.1036128998,1,13.129332542419434,13.103612899780273,1,True,0.19627901706706344,3,0.04477611940298507,False,54,0,0,0.0,False,RELD_MTL,RELD_MTL,1,False,False,0.0,13.338192558288574,13.55004711151123,0,True,13.508642196655273,13.934929847717285,0,True,13.632074356079102,14.103872299194336,0,True
OVRPBLTW,681,84,67,11.4275541306,11.38966465,1,11.4275541305542,11.389664649963379,1,True,0.3326654626306361,2,0.029850746268656716,True,54,0,0,0.0,False,RELD_MOEL,RELD_MTL,2,True,True,0.3326654626306361,11.735874557495118,11.587434768676758,1,False,11.948486328125,11.653280258178711,1,False,12.108495712280273,11.890704154968262,1,False
OVRPBLTW,682,84,67,12.2790679932,12.4706459045,0,12.279067993164062,12.470645904541016,0,True,1.5601991242828293,8,0.11940298507462686,False,54,0,0,0.0,False,RELD_MTL,RELD_MOEL,2,True,True,1.560199124282829,12.458008766174316,12.71376724243164,0,False,12.66538143157959,12.882840156555176,0,False,12.899532318115234,13.06532096862793,0,False
OVRPBLTW,683,84,67,14.5879192352,14.7235794067,0,14.587919235229492,14.723579406738281,0,True,0.9299487426051789,3,0.04477611940298507,False,54,0,0,0.0,False,RELD_MTL,MVMOE,3,True,False,1.8655522861887215,15.010076332092286,14.941299057006836,1,True,15.24518346786499,15.231279850006104,1,True,15.535547256469727,15.549232482910156,0,False
OVRPBLTW,684,84,67,11.5057201385,11.2148389816,1,11.505720138549805,11.214838981628418,1,True,2.593716747759315,23,0.34328358208955223,False,54,0,0,0.0,False,RELD_MTL,RELD_MTL,1,False,False,0.0,11.678831672668457,11.331157112121582,1,False,11.853829383850098,11.39130973815918,1,False,12.10435962677002,11.901891708374023,1,False
OVRPBLTW,685,84,67,10.0742101669,9.8352937698,1,10.074210166931152,9.835293769836426,1,True,2.4291739798724783,24,0.3582089552238806,False,54,0,0,0.0,False,RELD_MOEL,RELD_MTL,2,True,True,2.4291739798724783,10.27430534362793,9.852548599243164,1,False,10.385412216186523,9.968529224395752,1,False,10.533575057983398,10.122642517089844,1,False
OVRPBLTW,686,84,67,10.3239154816,10.1607055664,1,10.323915481567383,10.16070556640625,1,True,1.6062852538480332,6,0.08955223880597014,False,54,0,0,0.0,False,RELD_MOEL,RELD_MTL,2,True,True,1.6062852538480332,10.498151397705078,10.345403480529786,1,False,10.628317832946777,10.457225322723389,1,False,10.762027740478516,10.59526252746582,1,False
OVRPBLTW,687,84,67,8.799369812,8.3744497299,1,8.799369812011719,8.374449729919434,1,True,5.074006004034773,23,0.34328358208955223,False,54,0,0,0.0,False,RELD_MTL,RELD_MTL,1,False,False,0.0,9.476820945739746,8.559688758850097,1,False,9.49791431427002,8.757452487945557,1,False,9.590431213378906,8.874125480651855,1,False
OVRPBLTW,688,84,67,8.8802480698,8.5703983307,1,8.880248069763184,8.570398330688477,1,True,3.6153481687086666,5,0.07462686567164178,False,54,0,0,0.0,False,RELD_MTL,RELD_MTL,1,False,False,0.0,9.320383453369141,8.931506729125976,1,False,9.57329797744751,9.495914936065674,1,False,9.909235000610352,9.711109161376953,1,False
OVRPBLTW,689,84,67,8.6888446808,9.1219940186,0,8.688844680786133,9.121994018554688,0,True,4.985120044292456,18,0.26865671641791045,False,54,0,0,0.0,False,RELD_MTL,RELD_MOEL,2,True,True,4.985120044292456,8.9510066986084,9.200632858276368,0,False,9.115684509277344,9.254523754119873,0,False,9.208378791809082,9.301029205322266,0,False
OVRPBLTW,690,84,67,13.6291637421,13.4936723709,1,13.62916374206543,13.493672370910645,1,True,1.0041104265447773,4,0.05970149253731343,False,54,0,0,0.0,False,RELD_MOEL,RELD_MTL,2,True,True,1.0041104265447773,13.931128692626952,13.723453521728516,1,False,14.175477981567383,13.778236389160156,1,False,14.300403594970703,13.896537780761719,1,False
OVRPBLTW,691,84,67,12.1402721405,11.7615232468,1,12.14027214050293,11.761523246765137,1,True,3.2202367478468283,33,0.4925373134328358,False,54,0,0,0.0,False,RELD_MTL,RELD_MTL,1,False,False,0.0,12.19989013671875,11.912954139709473,1,False,12.274248123168945,11.938921451568604,1,False,12.955572128295898,12.236279487609863,1,False
OVRPBLTW,692,84,67,9.6564769745,9.6652946472,0,9.656476974487305,9.665294647216797,0,True,0.09131355797030627,2,0.029850746268656716,True,54,0,0,0.0,False,RELD_MOEL,RELD_MOEL,1,False,False,0.0,9.876493835449219,9.792797088623047,1,True,10.066999912261963,9.856223583221436,1,True,10.092477798461914,9.920492172241211,1,True
OVRPBLTW,693,84,67,7.33096838,6.9606122971,1,7.330968379974365,6.9606122970581055,1,True,5.320740002345789,52,0.7761194029850746,False,54,0,0,0.0,False,RELD_MTL,RELD_MTL,1,False,False,0.0,7.559620094299317,7.037918472290039,1,False,7.724284887313843,7.07206654548645,1,False,7.895646095275879,7.138092041015625,1,False
OVRPBLTW,694,84,67,13.0648384094,13.2153930664,0,13.064838409423828,13.21539306640625,0,True,1.1523652438875813,1,0.014925373134328358,True,54,5,0,0.25,True,RELD_MOEL,RELD_MOEL,1,False,False,0.0,13.316128349304199,13.359739685058594,0,False,13.379100799560547,13.45890474319458,0,False,13.543375015258789,13.68058967590332,0,False
OVRPBLTW,695,84,67,9.4358730316,9.5044813156,0,9.435873031616211,9.504481315612793,0,True,0.7271005424748296,8,0.11940298507462686,False,54,0,0,0.0,False,RELD_MTL,RELD_MOEL,2,True,True,0.7271005424748295,9.486795425415039,9.675607299804687,0,False,9.634847164154053,9.762725830078125,0,False,9.741058349609375,9.857470512390137,0,False
OVRPBLTW,696,85,68,12.0185785294,11.9295558929,1,12.01857852935791,11.929555892944336,1,True,0.7462359646848384,7,0.10294117647058823,False,55,0,0,0.0,False,RELD_MTL,RELD_MTL,1,False,False,0.0,12.112788486480714,12.022254371643067,1,False,12.24361276626587,12.074168682098389,1,False,12.635565280914307,12.19426965713501,1,False
OVRPBLTW,697,85,68,13.4773416519,13.3829069138,1,13.477341651916504,13.382906913757324,1,True,0.7056369644372439,1,0.014705882352941176,True,55,3,0,0.15,True,RELD_MOEL,RELD_MTL,2,True,True,0.7056369644372439,13.605550765991211,13.788942337036133,0,True,13.732358455657959,13.887763261795044,0,True,13.882009029388428,14.002631664276123,0,True
OVRPBLTW,698,85,68,6.2231926918,6.1410903931,1,6.2231926918029785,6.141090393066406,1,True,1.336933564636146,3,0.04411764705882353,False,55,0,0,0.0,False,RELD_MOEL,RELD_MTL,2,True,True,1.336933564636146,6.45403094291687,6.263023567199707,1,False,6.491601228713989,6.338452339172363,1,False,6.624698638916016,6.562164783477783,1,False
OVRPBLTW,699,85,68,9.4576187134,10.1284818649,0,9.457618713378906,10.1284818649292,0,True,7.093362207016112,9,0.1323529411764706,False,55,0,0,0.0,False,RELD_MTL,RELD_MOEL,2,True,True,7.093362207016112,10.103064441680909,10.295652961730957,0,False,10.181538343429565,10.328341722488403,0,False,10.439208507537842,10.4125337600708,1,True
OVRPBLTW,700,85,68,9.5502548218,8.8864088058,1,9.550254821777344,8.886408805847168,1,True,7.470351978030975,5,0.07352941176470588,False,55,0,0,0.0,False,RELD_MTL,RELD_MTL,1,False,False,0.0,9.751403903961181,9.593816757202148,1,False,9.879242181777954,9.649875164031982,1,False,10.311625003814697,9.713230609893799,1,False
OVRPBLTW,701,85,68,8.9712114334,8.8414907455,1,8.971211433410645,8.841490745544434,1,True,1.4671811760479867,10,0.14705882352941177,False,55,0,0,0.0,False,RELD_MTL,RELD_MTL,1,False,False,0.0,9.244682788848877,8.913313865661621,1,False,9.403713941574097,9.013652801513672,1,False,9.603238105773926,9.144355773925781,1,False
OVRPBLTW,702,85,68,14.9015741348,14.6642198563,1,14.90157413482666,14.664219856262207,1,True,1.6185946530120272,3,0.04411764705882353,False,55,0,0,0.0,False,RELD_MOEL,RELD_MTL,2,True,True,1.6185946530120274,15.283837509155273,15.036674499511719,1,False,15.48943281173706,15.09859013557434,1,False,15.641635417938232,15.23978567123413,1,False
OVRPBLTW,703,85,68,11.2892627716,11.053232193,1,11.289262771606445,11.053232192993164,1,True,2.1353987184805465,8,0.11764705882352941,False,55,0,0,0.0,False,RELD_MTL,MVMOE,3,True,False,0.8043892031598708,11.492469215393067,11.183366107940675,1,False,11.724514961242676,11.785496234893799,0,True,11.91202449798584,12.017273902893066,0,True
OVRPBLTW,704,85,68,12.6206407547,13.1588745117,0,12.620640754699707,13.15887451171875,0,True,4.2647102271694015,12,0.17647058823529413,False,55,0,0,0.0,False,RELD_MTL,RELD_MOEL,2,True,True,4.2647102271694015,13.055244445800781,13.26093921661377,0,False,13.227957725524902,13.609114646911621,0,False,13.507274150848389,13.93930196762085,0,False
OVRPBLTW,705,85,68,13.0631027222,13.1400318146,0,13.063102722167969,13.140031814575195,0,True,0.5889036780615966,1,0.014705882352941176,True,55,4,0,0.2,True,RELD_MOEL,RELD_MOEL,1,False,False,0.0,13.3291579246521,13.323638439178467,1,True,13.394809246063232,13.440340280532837,0,False,13.589160919189453,13.56878662109375,1,True
OVRPBLTW,706,85,68,8.427772522,8.3182125092,1,8.427772521972656,8.318212509155273,1,True,1.3171100483285954,12,0.17647058823529413,False,55,0,0,0.0,False,RELD_MTL,RELD_MTL,1,False,False,0.0,8.639767074584961,8.392664813995362,1,False,8.700956583023071,8.488943099975586,1,False,8.868175983428955,8.628681182861328,1,False
OVRPBLTW,707,85,68,13.3386459351,13.0947551727,1,13.338645935058594,13.094755172729492,1,True,1.8625072342586884,2,0.029411764705882353,True,55,0,0,0.0,False,RELD_MTL,RELD_MTL,1,False,False,0.0,13.501426696777344,13.547612953186036,0,True,13.601943492889404,13.642544031143188,0,True,13.786440372467041,13.813286781311035,0,True
OVRPBLTW,708,85,68,13.3227233887,13.2428302765,1,13.322723388671875,13.242830276489258,1,True,0.6032933333124004,1,0.014705882352941176,True,55,5,0,0.25,True,RELD_MTL,RELD_MTL,1,False,False,0.0,13.829927444458008,14.089844226837158,0,True,13.950777769088745,14.189770221710205,0,True,14.123534679412842,14.320471286773682,0,True
OVRPBLTW,709,85,68,9.3055200577,8.9478549957,1,9.305520057678223,8.947854995727539,1,True,3.9972156698100365,45,0.6617647058823529,False,55,0,0,0.0,False,RELD_MTL,RELD_MTL,1,False,False,0.0,9.41010160446167,8.999831771850586,1,False,9.42656397819519,9.04013705253601,1,False,9.6637282371521,9.083054065704346,1,False
OVRPBLTW,710,85,68,12.1025247574,11.9104824066,1,12.102524757385254,11.910482406616211,1,True,1.6123809619464482,3,0.04411764705882353,False,55,1,0,0.05,True,RELD_MTL,RELD_MTL,1,False,False,0.0,12.66967315673828,12.733120155334472,0,True,12.89080810546875,12.780842304229736,1,False,13.098891735076904,12.826261520385742,1,False
OVRPBLTW,711,85,68,11.2123355865,10.9740505219,1,11.212335586547852,10.974050521850586,1,True,2.171350169424441,1,0.014705882352941176,True,55,5,0,0.25,True,RELD_MTL,RELD_MTL,1,False,False,0.0,11.345084095001221,11.507001304626465,0,True,11.464995384216309,11.694668292999268,0,True,11.611351013183594,11.9217848777771,0,True
OVRPBLTW,712,85,68,10.6171665192,10.836938858,0,10.617166519165039,10.836938858032227,0,True,2.0699716671351607,4,0.058823529411764705,False,55,0,0,0.0,False,RELD_MTL,RELD_MOEL,2,True,True,2.069971667135161,10.913409614562989,10.962324619293213,0,False,11.024974822998047,11.194711923599243,0,False,11.130311012268066,11.280945777893066,0,False
OVRPBLTW,713,85,68,10.6041164398,10.456284523,1,10.604116439819336,10.456284523010254,1,True,1.4138092405081688,9,0.1323529411764706,False,55,0,0,0.0,False,RELD_MOEL,RELD_MTL,2,True,True,1.4138092405081688,10.85093822479248,10.599143409729004,1,False,10.897188663482666,10.648449897766113,1,False,10.945674896240234,10.703972816467285,1,False
OVRPBLTW,714,85,68,15.4094924927,15.3582391739,1,15.409492492675781,15.35823917388916,1,True,0.3337187174887939,3,0.04411764705882353,False,55,0,0,0.0,False,RELD_MOEL,MVMOE,3,True,False,1.4635138802571266,15.644765090942382,15.50560884475708,1,False,15.741222381591797,15.6049063205719,1,False,15.960942268371582,15.759935855865479,1,False
OVRPBLTW,715,86,68,11.8377122879,11.2005300522,1,11.837712287902832,11.200530052185059,1,True,5.6888578730686605,42,0.6176470588235294,False,55,0,0,0.0,False,RELD_MTL,RELD_MTL,1,False,False,0.0,12.10178337097168,11.386414718627929,1,False,12.2830650806427,11.541292667388916,1,False,12.46242904663086,11.76842737197876,1,False
OVRPBLTW,716,86,68,9.1384143829,9.3265533447,0,9.13841438293457,9.326553344726562,0,True,2.0587703064992295,7,0.10294117647058823,False,55,0,0,0.0,False,RELD_MOEL,RELD_MOEL,1,False,False,0.0,9.339466762542724,9.657123470306397,0,False,9.423183917999268,10.083549976348877,0,False,9.49367904663086,10.251201629638672,0,False
OVRPBLTW,717,86,68,15.033288002,14.7902669907,1,15.03328800201416,14.790266990661621,1,True,1.6431144309484824,6,0.08823529411764706,False,55,0,0,0.0,False,RELD_MOEL,RELD_MTL,2,True,True,1.6431144309484824,15.582345390319825,15.059584808349609,1,False,15.782917022705078,15.235138177871704,1,False,15.911824703216553,15.402768611907959,1,False
OVRPBLTW,718,86,68,14.9700250626,14.7287340164,1,14.970025062561035,14.728734016418457,1,True,1.63823344172913,1,0.014705882352941176,True,55,5,0,0.25,True,RELD_MOEL,RELD_MTL,2,True,True,1.63823344172913,15.082343673706054,15.252285575866699,0,True,15.216793060302734,15.478561639785767,0,True,15.332390785217285,15.620831489562988,0,True
OVRPBLTW,719,86,68,13.1340579987,13.2327547073,0,13.134057998657227,13.232754707336426,0,True,0.7514563176877191,2,0.029411764705882353,True,55,0,0,0.0,False,RELD_MTL,RELD_MOEL,2,True,True,0.7514563176877191,13.34642858505249,13.429586505889892,0,False,13.50144338607788,13.5933678150177,0,False,13.720014572143555,13.778988361358643,0,False
OVRPBLTW,720,86,68,9.7405910492,9.4973773956,1,9.740591049194336,9.497377395629883,1,True,2.5608506798169253,41,0.6029411764705882,False,55,0,0,0.0,False,RELD_MOEL,RELD_MTL,2,True,True,2.5608506798169253,9.928442001342773,9.60617446899414,1,False,10.071640253067017,9.650086879730225,1,False,10.561054229736328,9.704814910888672,1,False
OVRPBLTW,721,86,68,12.7929763794,12.7612380981,1,12.792976379394531,12.761238098144531,1,True,0.2487084799767693,2,0.029411764705882353,True,55,1,0,0.05,True,RELD_MTL,RELD_MTL,1,False,False,0.0,12.962307834625244,12.913039398193359,1,False,13.13832950592041,13.034059524536133,1,False,13.323937892913818,13.283336162567139,1,False
OVRPBLTW,722,86,68,18.6336212158,18.1098251343,1,18.633621215820312,18.109825134277344,1,True,2.892330972914436,4,0.058823529411764705,False,55,0,0,0.0,False,RELD_MTL,RELD_MTL,1,False,False,0.0,19.170940780639647,18.922413063049316,1,False,19.343820095062256,19.22462749481201,1,False,19.77517032623291,19.717815399169922,1,False
OVRPBLTW,723,86,68,11.0804920197,10.8408908844,1,11.08049201965332,10.840890884399414,1,True,2.2101609346957294,2,0.029411764705882353,True,55,1,0,0.05,True,RELD_MTL,RELD_MTL,1,False,False,0.0,11.248868942260742,11.38861780166626,0,True,11.442349910736084,11.544487476348877,0,True,11.889848709106445,11.670047283172607,1,False
OVRPBLTW,724,86,68,14.6812334061,15.2749090195,0,14.681233406066895,15.274909019470215,0,True,4.0437720522400395,19,0.27941176470588236,False,55,0,0,0.0,False,RELD_MOEL,RELD_MOEL,1,False,False,0.0,15.014798355102538,15.70170783996582,0,False,15.227466821670532,16.00131869316101,0,False,15.607689380645752,16.12202262878418,0,False
OVRPBLTW,725,86,68,12.0336894989,11.8957042694,1,12.033689498901367,11.89570426940918,1,True,1.1599584721935903,7,0.10294117647058823,False,55,0,0,0.0,False,RELD_MTL,MVMOE,3,True,False,3.3830964279028883,12.339913654327393,12.143649673461914,1,False,12.581186771392822,12.439400911331177,1,False,12.838106155395508,12.592261791229248,1,False
OVRPBLTW,726,86,68,15.0351467133,14.7602062225,1,15.035146713256836,14.76020622253418,1,True,1.8627144272611047,7,0.10294117647058823,False,55,0,0,0.0,False,RELD_MTL,RELD_MTL,1,False,False,0.0,15.09434118270874,15.045482921600343,1,False,15.28614068031311,15.181058406829834,1,False,15.505510807037354,15.470082759857178,1,False
OVRPBLTW,727,86,68,13.9087104797,14.3895225525,0,13.908710479736328,14.389522552490234,0,True,3.4569133745486638,26,0.38235294117647056,False,55,0,0,0.0,False,RELD_MOEL,RELD_MOEL,1,False,False,0.0,14.22863416671753,14.64664249420166,0,False,14.284684419631958,14.889659881591797,0,False,14.482688903808594,15.069910526275635,0,False
OVRPBLTW,728,86,68,14.2410612106,13.9670944214,1,14.241061210632324,13.967094421386719,1,True,1.9615159813069987,1,0.014705882352941176,True,55,2,0,0.1,True,RELD_MOEL,RELD_MTL,2,True,True,1.9615159813069987,14.70186824798584,14.836960315704346,0,True,14.789465188980103,14.95008897781372,0,True,14.932363986968994,15.13400411605835,0,True
OVRPBLTW,729,86,68,11.9542093277,11.6933231354,1,11.954209327697754,11.693323135375977,1,True,2.231069724826132,1,0.014705882352941176,True,55,0,0,0.0,False,RELD_MTL,RELD_MTL,1,False,False,0.0,12.132380867004395,12.267220973968506,0,True,12.320525407791138,12.366967678070068,0,True,12.594305038452148,12.590656757354736,1,False
OVRPBLTW,730,86,68,9.3174791336,9.3431110382,0,9.317479133605957,9.343111038208008,0,True,0.27509484306295895,1,0.014705882352941176,True,55,4,0,0.2,True,RELD_MOEL,RELD_MOEL,1,False,False,0.0,9.441371631622314,9.563471126556397,0,False,9.667917728424072,9.741054058074951,0,False,9.782853126525879,9.877153873443604,0,False
OVRPBLTW,731,86,68,16.8141212463,17.0287780762,0,16.81412124633789,17.028778076171875,0,True,1.276646140203332,2,0.029411764705882353,True,55,1,0,0.05,True,RELD_MTL,MVMOE,3,True,False,2.511678406863067,17.221983337402342,18.031295394897462,0,False,17.911875247955322,18.46545648574829,0,False,18.23349666595459,18.787955284118652,0,False
OVRPBLTW,732,86,68,11.0015716553,10.7712259293,1,11.001571655273438,10.771225929260254,1,True,2.1385284043983392,11,0.16176470588235295,False,55,0,0,0.0,False,RELD_MTL,RELD_MTL,1,False,False,0.0,11.650790882110595,10.97324571609497,1,False,11.740300178527832,11.06969928741455,1,False,11.82390546798706,11.20862102508545,1,False
OVRPBLTW,733,86,68,10.1532268524,9.8500499725,1,10.153226852416992,9.85004997253418,1,True,3.077922251627427,21,0.3088235294117647,False,55,0,0,0.0,False,RELD_MTL,RELD_MTL,1,False,False,0.0,10.284606838226319,10.06545705795288,1,False,10.335563659667969,10.134911060333252,1,False,10.504374504089355,10.317437171936035,1,False
OVRPBLTW,734,87,69,14.7124595642,13.9104251862,1,14.712459564208984,13.910425186157227,1,True,5.765707138813181,30,0.43478260869565216,False,56,0,0,0.0,False,RELD_MTL,RELD_MTL,1,False,False,0.0,14.95459270477295,14.357779502868652,1,False,15.123063087463379,14.402843475341797,1,False,15.26861572265625,14.881053924560547,1,False
OVRPBLTW,735,87,69,10.9783706665,11.3191595078,0,10.978370666503906,11.319159507751465,0,True,3.1041841421869814,5,0.07246376811594203,False,56,0,0,0.0,False,RELD_MTL,RELD_MOEL,2,True,True,3.1041841421869814,11.702691650390625,11.969926071166991,0,False,11.820320129394531,12.106037139892578,0,False,11.904167175292969,12.275339126586914,0,False
OVRPBLTW,736,87,69,11.2964115143,11.1936435699,1,11.296411514282227,11.193643569946289,1,True,0.9180919846004898,6,0.08695652173913043,False,56,0,0,0.0,False,RELD_MTL,RELD_MTL,1,False,False,0.0,11.6294734954834,11.332647705078125,1,False,11.875273704528809,11.472127914428711,1,False,11.991143226623535,11.707589149475098,1,False
OVRPBLTW,737,87,69,9.3640460968,9.0369195938,1,9.364046096801758,9.036919593811035,1,True,3.6198894944736693,27,0.391304347826087,False,56,0,0,0.0,False,RELD_MTL,RELD_MTL,1,False,False,0.0,9.447211456298827,9.17701759338379,1,False,9.868256568908691,9.262560844421387,1,False,10.20402717590332,9.454977035522461,1,False
OVRPBLTW,738,87,69,9.7346162796,9.6724586487,1,9.73461627960205,9.67245864868164,1,True,0.6426249328897955,2,0.028985507246376812,True,56,1,0,0.05,True,RELD_MTL,RELD_MTL,1,False,False,0.0,10.127265930175781,9.962292861938476,1,False,10.326192855834961,10.175800323486328,1,False,10.642776489257812,10.299442291259766,1,False
OVRPBLTW,739,87,69,18.7596931458,18.9514884949,0,18.759693145751953,18.951488494873047,0,True,1.0223799910231541,2,0.028985507246376812,True,56,0,0,0.0,False,RELD_MTL,RELD_MOEL,2,True,True,1.022379991023154,19.270879364013673,19.399378967285156,0,False,19.632448196411133,19.465625762939453,1,True,20.011335372924805,19.60631561279297,1,True
OVRPBLTW,740,87,69,11.5355968475,11.809425354,0,11.53559684753418,11.809425354003906,0,True,2.3737697331139263,21,0.30434782608695654,False,56,0,0,0.0,False,RELD_MOEL,RELD_MOEL,1,False,False,0.0,11.627852249145509,11.998613739013672,0,False,11.780865669250488,12.19056510925293,0,False,11.94516658782959,12.331472396850586,0,False
OVRPBLTW,741,87,69,12.715877533,12.5106306076,1,12.715877532958984,12.51063060760498,1,True,1.640580174074653,1,0.014492753623188406,True,56,4,0,0.2,True,RELD_MOEL,RELD_MTL,2,True,True,1.640580174074653,12.812702560424805,12.887824058532715,0,True,12.883703231811523,13.012699127197266,0,True,13.072172164916992,13.20493221282959,0,True
OVRPBLTW,742,87,69,11.4264583588,11.416891098,1,11.426458358764648,11.416891098022461,1,True,0.08379917718296373,1,0.014492753623188406,True,56,7,0,0.35,True,RELD_MOEL,MVMOE,3,True,False,0.24958834270218497,11.658013153076173,11.50624122619629,1,False,11.809688568115234,11.567384719848633,1,False,12.005756378173828,11.782164573669434,1,False
OVRPBLTW,743,87,69,7.8889274597,7.7382216454,1,7.888927459716797,7.738221645355225,1,True,1.947551016318932,3,0.043478260869565216,False,56,0,0,0.0,False,RELD_MOEL,RELD_MTL,2,True,True,1.947551016318932,8.084037780761719,8.334742736816406,0,True,8.560962677001953,8.642806053161621,0,True,8.757467269897461,8.836475372314453,0,True
OVRPBLTW,744,87,69,6.6802420616,6.4879999161,1,6.68024206161499,6.48799991607666,1,True,2.9630417383784198,2,0.028985507246376812,True,56,0,0,0.0,False,RELD_MTL,RELD_MTL,1,False,False,0.0,6.745641899108887,6.824847602844239,0,True,6.779598712921143,6.900535583496094,0,True,6.853875160217285,6.955967426300049,0,True
OVRPBLTW,745,87,69,9.362695694,9.7832393646,0,9.362695693969727,9.783239364624023,0,True,4.4916943190784515,26,0.37681159420289856,False,56,0,0,0.0,False,RELD_MTL,RELD_MOEL,2,True,True,4.4916943190784515,9.658925247192382,10.572107696533203,0,False,9.756697654724121,10.661187171936035,0,False,9.880460739135742,10.781549453735352,0,False
OVRPBLTW,746,87,69,10.9646186829,11.406373024,0,10.964618682861328,11.406373023986816,0,True,4.028907469339944,53,0.7681159420289855,False,56,0,0,0.0,False,RELD_MTL,RELD_MOEL,2,True,True,4.028907469339944,11.232710456848144,11.520046424865722,0,False,11.280313491821289,11.557586669921875,0,False,11.309721946716309,11.590204238891602,0,False
OVRPBLTW,747,87,69,13.4030590057,12.8978481293,1,13.403059005737305,12.897848129272461,1,True,3.917016787105081,18,0.2608695652173913,False,56,0,0,0.0,False,RELD_MOEL,RELD_MTL,2,True,True,3.9170167871050805,13.64610595703125,13.168391799926757,1,False,14.272642135620117,13.3890380859375,1,False,14.570345878601074,13.71548843383789,1,False
OVRPBLTW,748,87,69,13.7562847137,14.1793727875,0,13.756284713745117,14.179372787475586,0,True,3.0755984090576702,7,0.10144927536231885,False,56,0,0,0.0,False,RELD_MOEL,RELD_MOEL,1,False,False,0.0,14.248753356933594,14.531610107421875,0,False,14.370884895324707,14.635112762451172,0,False,14.646519660949707,14.75722885131836,0,False
OVRPBLTW,749,87,69,16.0696735382,16.1261768341,0,16.069673538208008,16.126176834106445,0,True,0.35161446040384065,1,0.014492753623188406,True,56,4,0,0.2,True,RELD_MOEL,RELD_MOEL,1,False,False,0.0,16.421739196777345,16.436509704589845,0,False,16.53215789794922,16.625568389892578,0,False,16.783557891845703,16.8822021484375,0,False
OVRPBLTW,750,87,69,13.0915374756,13.1643314362,0,13.091537475585938,13.164331436157227,0,True,0.5560382860735316,1,0.014492753623188406,True,56,3,0,0.15,True,RELD_MTL,RELD_MOEL,2,True,True,0.5560382860735316,13.611423301696778,13.393793106079102,1,True,13.787211418151855,13.586654663085938,1,True,13.968480110168457,13.794147491455078,1,True
OVRPBLTW,751,87,69,10.4785652161,10.723897934,0,10.478565216064453,10.723897933959961,0,True,2.341281586176072,1,0.014492753623188406,True,56,3,0,0.15,True,RELD_MTL,RELD_MOEL,2,True,True,2.3412815861760716,11.02608757019043,10.877249908447265,1,True,11.308907508850098,11.02109146118164,1,True,11.784704208374023,11.122398376464844,1,True
OVRPBLTW,752,87,69,9.0772323608,9.4741306305,0,9.077232360839844,9.474130630493164,0,True,4.3724590703880555,9,0.13043478260869565,False,56,0,0,0.0,False,RELD_MTL,RELD_MOEL,2,True,True,4.3724590703880555,9.22860336303711,9.635403060913086,0,False,9.791301727294922,9.698974609375,1,True,9.863606452941895,10.201126098632812,0,False
OVRPBLTW,753,88,70,9.6252098083,9.5150461197,1,9.62520980834961,9.515046119689941,1,True,1.1577840739196912,2,0.02857142857142857,True,56,0,0,0.0,False,RELD_MTL,RELD_MTL,1,False,False,0.0,10.05662727355957,10.00970811843872,1,False,10.1898832321167,10.1050386428833,1,False,10.367691993713379,10.217362880706787,1,False
OVRPBLTW,754,88,70,8.3256454468,8.3405447006,0,8.325645446777344,8.340544700622559,0,True,0.17895614094073428,2,0.02857142857142857,True,56,2,0,0.1,True,RELD_MTL,RELD_MOEL,2,True,True,0.17895614094073428,8.433630657196044,8.44787302017212,0,False,8.527997016906738,8.488097429275513,1,True,8.613892078399658,8.678053379058838,0,False
OVRPBLTW,755,88,70,7.7242875099,8.1307134628,0,7.724287509918213,8.13071346282959,0,True,5.261662676060346,7,0.1,False,56,0,0,0.0,False,RELD_MOEL,RELD_MOEL,1,False,False,0.0,8.123253440856933,8.415299701690675,0,False,8.456648349761963,8.594376564025879,0,False,8.633127212524414,8.794549942016602,0,False
OVRPBLTW,756,88,70,14.4406795502,14.6698465347,0,14.440679550170898,14.669846534729004,0,True,1.586954296045058,3,0.04285714285714286,False,56,0,0,0.0,False,RELD_MOEL,MVMOE,3,True,False,0.3862531996426632,14.7729811668396,15.074919605255127,0,False,14.986531019210815,15.229973793029785,0,False,15.29282283782959,15.383124351501465,0,False
OVRPBLTW,757,88,70,15.1182727814,15.263671875,0,15.11827278137207,15.263671875,0,True,0.9617440808376234,2,0.02857142857142857,True,56,2,0,0.1,True,RELD_MOEL,MVMOE,3,True,False,1.0181560046931244,15.77488660812378,15.678561401367187,1,True,15.93917179107666,15.79459285736084,1,True,16.144213676452637,16.024723052978516,1,True
OVRPBLTW,758,88,70,11.8937072754,11.7506027222,1,11.893707275390625,11.750602722167969,1,True,1.2178486209021278,2,0.02857142857142857,True,56,0,0,0.0,False,RELD_MTL,RELD_MTL,1,False,False,0.0,12.228066062927246,12.117090225219727,1,False,12.341293096542358,12.288618326187134,1,False,12.50946855545044,12.541322231292725,0,True
OVRPBLTW,759,88,70,12.720957756,12.5523071289,1,12.72095775604248,12.55230712890625,1,True,1.3435827005196876,3,0.04285714285714286,False,56,0,0,0.0,False,RELD_MOEL,MVMOE,3,True,False,3.464639376792121,13.013519954681396,12.958806610107422,1,False,13.142813920974731,13.146956443786621,0,True,13.242413520812988,13.37052059173584,0,True
OVRPBLTW,760,88,70,13.9673995972,14.0331411362,0,13.967399597167969,14.033141136169434,0,True,0.47067844334587766,2,0.02857142857142857,True,56,0,0,0.0,False,RELD_MTL,MVMOE,3,True,False,4.637925470919611,14.748001003265381,14.16725492477417,1,True,14.931893348693848,14.4168381690979,1,True,15.20531177520752,14.674937725067139,1,True
OVRPBLTW,761,88,70,12.5945730209,12.6786842346,0,12.594573020935059,12.67868423461914,0,True,0.6678369608911873,1,0.014285714285714285,True,56,2,0,0.1,True,RELD_MTL,RELD_MOEL,2,True,True,0.6678369608911873,13.311358737945557,13.457901287078858,0,False,13.553772449493408,13.617360353469849,0,False,13.78977632522583,13.959867477416992,0,False
OVRPBLTW,762,88,70,15.9484882355,15.0853900909,1,15.948488235473633,15.085390090942383,1,True,5.72141747345763,29,0.4142857142857143,False,56,0,0,0.0,False,RELD_MTL,RELD_MTL,1,False,False,0.0,16.31022891998291,15.374135208129882,1,False,16.486281871795654,15.528256177902222,1,False,16.640698432922363,16.104365348815918,1,False
OVRPBLTW,763,88,70,16.590297699,16.4970626831,1,16.59029769897461,16.49706268310547,1,True,0.5651613119922964,1,0.014285714285714285,True,56,5,0,0.25,True,RELD_MTL,MVMOE,3,True,False,4.061655831904462,17.023524665832518,16.910743141174315,1,False,17.281296730041504,17.08237600326538,1,False,17.541988372802734,17.262198448181152,1,False
OVRPBLTW,764,88,70,9.3725013733,9.2145042419,1,9.372501373291016,9.21450424194336,1,True,1.7146568849744397,7,0.1,False,56,0,0,0.0,False,RELD_MTL,RELD_MTL,1,False,False,0.0,9.43378496170044,9.403210926055909,1,False,9.571666240692139,9.516547679901123,1,False,9.728738784790039,9.607168197631836,1,False
OVRPBLTW,765,88,70,6.9192004204,6.7960338593,1,6.919200420379639,6.79603385925293,1,True,1.8123300096784227,5,0.07142857142857142,False,56,0,0,0.0,False,RELD_MTL,RELD_MTL,1,False,False,0.0,7.003643608093261,6.93815393447876,1,False,7.167611598968506,6.9775543212890625,1,False,7.516587972640991,7.053979158401489,1,False
OVRPBLTW,766,88,70,9.6837711334,9.5820922852,1,9.683771133422852,9.58209228515625,1,True,1.0611340944508378,3,0.04285714285714286,False,56,0,0,0.0,False,RELD_MOEL,RELD_MTL,2,True,True,1.0611340944508378,9.760227584838868,9.789846801757813,0,True,10.039285659790039,10.104817152023315,0,True,10.134521007537842,10.18503475189209,0,True
OVRPBLTW,767,88,70,9.4736680984,9.6722784042,0,9.473668098449707,9.67227840423584,0,True,2.096445682254205,11,0.15714285714285714,False,56,0,0,0.0,False,RELD_MTL,RELD_MOEL,2,True,True,2.0964456822542052,9.667537307739257,9.788506889343262,0,False,9.702154159545898,10.058465003967285,0,False,9.8494553565979,10.382331371307373,0,False
OVRPBLTW,768,88,70,7.2402944565,7.2390050888,1,7.240294456481934,7.239005088806152,1,True,0.01781139375070996,1,0.014285714285714285,True,56,6,0,0.3,True,RELD_MOEL,RELD_MTL,2,True,True,0.01781139375070996,7.416746664047241,7.475371408462524,0,True,7.5928109884262085,7.649441242218018,0,True,7.78600287437439,7.8459858894348145,0,True
OVRPBLTW,769,88,70,14.8172550201,14.597369194,1,14.817255020141602,14.597369194030762,1,True,1.5063387325325652,2,0.02857142857142857,True,56,0,0,0.0,False,RELD_MTL,RELD_MTL,1,False,False,0.0,14.986618041992188,14.931482887268066,1,False,15.095551252365112,15.02444052696228,1,False,15.317391395568848,15.151641845703125,1,False
OVRPBLTW,770,88,70,12.4358625412,12.398601532,1,12.43586254119873,12.398601531982422,1,True,0.30052590289180253,1,0.014285714285714285,True,56,6,0,0.3,True,RELD_MTL,RELD_MTL,1,False,False,0.0,13.01544017791748,12.909115028381347,1,False,13.133489608764648,12.991772890090942,1,False,13.473467350006104,13.14689588546753,1,False
OVRPBLTW,771,88,70,11.7813873291,11.9151668549,0,11.781387329101562,11.915166854858398,0,True,1.1355158952253974,1,0.014285714285714285,True,56,6,0,0.3,True,RELD_MTL,RELD_MOEL,2,True,True,1.1355158952253976,12.203080177307129,12.057674789428711,1,True,12.303884744644165,12.14055061340332,1,True,12.621508598327637,12.347427368164062,1,True
OVRPBLTW,772,89,71,10.6178331375,10.9229974747,0,10.617833137512207,10.92299747467041,0,True,2.8740735821344114,1,0.014084507042253521,True,57,4,0,0.2,True,RELD_MTL,RELD_MOEL,2,True,True,2.8740735821344114,11.133050918579102,11.209137916564941,0,False,11.43224811553955,11.543256282806396,0,False,11.692445755004883,11.677623748779297,1,True
OVRPBLTW,773,89,71,10.4853744507,10.8299713135,0,10.485374450683594,10.829971313476562,0,True,3.2864526147370388,1,0.014084507042253521,True,57,5,0,0.25,True,RELD_MTL,RELD_MOEL,2,True,True,3.2864526147370383,10.931808471679688,11.171686172485352,0,False,11.039148807525635,11.636188983917236,0,False,11.132882118225098,11.699593544006348,0,False
OVRPBLTW,774,89,71,16.9189510345,16.8883094788,1,16.9189510345459,16.888309478759766,1,True,0.18143648858676684,1,0.014084507042253521,True,57,0,0,0.0,False,RELD_MOEL,MVMOE,3,True,False,0.7885350350475525,17.478042602539062,17.101238250732422,1,False,18.0960750579834,17.24076747894287,1,False,18.294151306152344,17.50124740600586,1,False
OVRPBLTW,775,89,71,9.2324762344,9.3772468567,0,9.232476234436035,9.377246856689453,0,True,1.568058434427237,1,0.014084507042253521,True,57,3,0,0.15,True,RELD_MTL,MVMOE,3,True,False,5.293403016790913,9.850898742675781,9.592226028442383,1,True,9.869183540344238,10.27449369430542,0,False,9.925301551818848,10.330785751342773,0,False
OVRPBLTW,776,89,71,11.8153848648,11.2041568756,1,11.815384864807129,11.204156875610352,1,True,5.455368003023141,8,0.11267605633802817,False,57,0,0,0.0,False,RELD_MTL,MVMOE,3,True,False,0.7045299512588087,12.217101097106934,11.754262924194336,1,False,12.6382474899292,12.342719078063965,1,False,12.781160354614258,12.707328796386719,1,False
OVRPBLTW,777,89,71,14.0689315796,13.6285362244,1,14.068931579589844,13.628536224365234,1,True,3.2314208066713217,8,0.11267605633802817,False,57,0,0,0.0,False,RELD_MOEL,RELD_MTL,2,True,True,3.2314208066713217,14.326753616333008,14.061860084533691,1,False,14.34463119506836,14.396944999694824,0,True,14.606196403503418,14.61241340637207,0,True
OVRPBLTW,778,89,71,10.6120262146,10.5860881805,1,10.61202621459961,10.586088180541992,1,True,0.24502000793624773,2,0.028169014084507043,True,57,0,0,0.0,False,RELD_MOEL,RELD_MTL,2,True,True,0.2450200079362477,10.9215087890625,10.966157913208008,0,True,11.110670566558838,11.217989921569824,0,True,11.310851097106934,11.357124328613281,0,True
OVRPBLTW,779,89,71,13.3179130554,13.2221002579,1,13.317913055419922,13.222100257873535,1,True,0.7246412871718626,2,0.028169014084507043,True,57,0,0,0.0,False,RELD_MTL,RELD_MTL,1,False,False,0.0,13.835494041442871,13.536035537719727,1,False,13.916887760162354,13.852373123168945,1,False,14.077392578125,14.133169174194336,0,True
OVRPBLTW,780,89,71,10.2435016632,10.5262241364,0,10.243501663208008,10.526224136352539,0,True,2.760017838584303,4,0.056338028169014086,False,57,0,0,0.0,False,RELD_MTL,RELD_MOEL,2,True,True,2.7600178385843033,10.774295806884766,10.555456161499023,1,True,11.104620933532715,10.666663646697998,1,True,11.331282615661621,10.958093643188477,1,True
OVRPBLTW,781,89,71,8.7233829498,8.7386684418,0,8.723382949829102,8.738668441772461,0,True,0.17522436064039512,1,0.014084507042253521,True,57,6,0,0.3,True,RELD_MTL,RELD_MOEL,2,True,True,0.17522436064039512,8.802289962768555,9.080948829650879,0,False,9.025148391723633,9.109464645385742,0,False,9.204387664794922,9.267477989196777,0,False
OVRPBLTW,782,89,71,13.9818487167,13.4164466858,1,13.98184871673584,13.416446685791016,1,True,4.214245724975917,3,0.04225352112676056,False,57,0,0,0.0,False,RELD_MOEL,RELD_MTL,2,True,True,4.2142457249759175,14.270833969116211,14.382941246032715,0,True,14.46601152420044,14.764769077301025,0,True,14.701339721679688,15.121739387512207,0,True
OVRPBLTW,783,89,71,8.0229978561,8.4667320251,0,8.022997856140137,8.466732025146484,0,True,5.530777609053246,60,0.8450704225352113,False,57,0,0,0.0,False,RELD_MOEL,RELD_MOEL,1,False,False,0.0,8.037753105163574,8.52060604095459,0,False,8.066977500915527,8.548684120178223,0,False,8.125953674316406,8.620670318603516,0,False
OVRPBLTW,784,89,71,10.0209293365,10.3548851013,0,10.020929336547852,10.35488510131836,0,True,3.3325827733722058,1,0.014084507042253521,True,57,6,0,0.3,True,RELD_MTL,RELD_MOEL,2,True,True,3.3325827733722058,10.546107292175293,10.482927322387695,1,True,10.582451820373535,10.544397830963135,1,True,10.731163024902344,10.606437683105469,1,True
OVRPBLTW,785,89,71,10.3127727509,11.5284767151,0,10.312772750854492,11.52847671508789,0,True,11.788332716765279,21,0.29577464788732394,False,57,0,0,0.0,False,RELD_MOEL,RELD_MOEL,1,False,False,0.0,11.059444427490234,11.736309051513672,0,False,11.405096054077148,11.992506504058838,0,False,11.609733581542969,12.1258544921875,0,False
OVRPBLTW,786,89,71,14.1427574158,14.2648830414,0,14.142757415771484,14.264883041381836,0,True,0.8635206134806689,1,0.014084507042253521,True,57,5,0,0.25,True,RELD_MTL,RELD_MOEL,2,True,True,0.863520613480669,14.571009635925293,14.40604019165039,1,True,14.77077865600586,14.545933246612549,1,True,15.0101957321167,14.760261535644531,1,True
OVRPBLTW,787,89,71,9.8930644989,10.0409946442,0,9.893064498901367,10.040994644165039,0,True,1.4952914268015574,1,0.014084507042253521,True,57,6,0,0.3,True,RELD_MTL,RELD_MOEL,2,True,True,1.4952914268015574,10.17158317565918,10.210094451904297,0,False,10.329689502716064,10.33058214187622,0,False,10.449689865112305,10.453256607055664,0,False
OVRPBLTW,788,89,71,9.741891861,9.9321756363,0,9.741891860961914,9.932175636291504,0,True,1.9532527974547702,36,0.5070422535211268,False,57,0,0,0.0,False,RELD_MTL,RELD_MOEL,2,True,True,1.9532527974547704,9.846668243408203,10.061346054077148,0,False,9.87873125076294,11.027699947357178,0,False,9.924217224121094,11.10986328125,0,False
OVRPBLTW,789,89,71,7.3711400032,7.0219311714,1,7.371140003204346,7.021931171417236,1,True,4.973116700749088,10,0.14084507042253522,False,57,0,0,0.0,False,RELD_MTL,RELD_MTL,1,False,False,0.0,7.476792335510254,7.357630729675293,1,False,7.564817905426025,7.466919660568237,1,False,7.647854804992676,7.6199798583984375,1,False
OVRPBLTW,790,89,71,12.0647659302,11.5954847336,1,12.064765930175781,11.595484733581543,1,True,4.047102879969944,3,0.04225352112676056,False,57,0,0,0.0,False,RELD_MTL,RELD_MTL,1,False,False,0.0,12.495591163635254,12.102277755737305,1,False,12.999459743499756,12.196903705596924,1,False,13.202720642089844,12.636129379272461,1,False
OVRPBLTW,791,90,72,8.8412857056,9.145608902,0,8.841285705566406,9.145608901977539,0,True,3.4420694742082896,52,0.7222222222222222,False,58,0,0,0.0,False,RELD_MTL,RELD_MOEL,2,True,True,3.4420694742082896,8.928216934204102,9.440473175048828,0,False,8.974403142929077,9.499839305877686,0,False,9.083266258239746,9.57006549835205,0,False
OVRPBLTW,792,90,72,14.7967700958,14.8115119934,0,14.796770095825195,14.811511993408203,0,True,0.09962915896209584,2,0.027777777777777776,True,58,0,0,0.0,False,RELD_MTL,RELD_MOEL,2,True,True,0.09962915896209584,14.945860671997071,14.934347534179688,1,True,15.174161672592163,15.106244564056396,1,True,15.405499458312988,15.351316928863525,1,True
OVRPBLTW,793,90,72,12.7765836716,13.0177736282,0,12.776583671569824,13.017773628234863,0,True,1.8877499870025687,3,0.041666666666666664,False,58,0,0,0.0,False,RELD_MTL,RELD_MOEL,2,True,True,1.887749987002569,13.189974784851074,13.447074604034423,0,False,13.4482102394104,13.67149305343628,0,False,13.661402225494385,13.897602081298828,0,False
OVRPBLTW,794,90,72,12.4991693497,12.9682598114,0,12.49916934967041,12.968259811401367,0,True,3.7529730862575885,2,0.027777777777777776,True,58,0,0,0.0,False,RELD_MOEL,RELD_MOEL,1,False,False,0.0,13.158375930786132,13.223448181152344,0,False,13.318477630615234,13.358311653137207,0,False,13.524362564086914,13.567620754241943,0,False
OVRPBLTW,795,90,72,16.8547897339,17.8542938232,0,16.85478973388672,17.854293823242188,0,True,5.930089340062784,31,0.4305555555555556,False,58,0,0,0.0,False,RELD_MTL,RELD_MOEL,2,True,True,5.930089340062784,17.360507011413574,18.37657585144043,0,False,17.78334903717041,18.61671018600464,0,False,18.023215293884277,19.259926795959473,0,False
OVRPBLTW,796,90,72,15.8314800262,16.9045562744,0,15.831480026245117,16.904556274414062,0,True,6.778117058064911,31,0.4305555555555556,False,58,0,0,0.0,False,RELD_MTL,RELD_MOEL,2,True,True,6.778117058064911,16.622574615478516,17.161437606811525,0,False,16.729597568511963,17.82650661468506,0,False,17.31261444091797,17.993006706237793,0,False
OVRPBLTW,797,90,72,13.4330024719,13.1836910248,1,13.433002471923828,13.183691024780273,1,True,1.8910595419068714,2,0.027777777777777776,True,58,3,0,0.15,True,RELD_MTL,RELD_MTL,1,False,False,0.0,13.670598697662353,13.57781229019165,1,False,13.858859062194824,13.72109603881836,1,False,14.164449214935303,14.02344274520874,1,False
OVRPBLTW,798,90,72,16.0505142212,16.0696487427,0,16.050514221191406,16.06964874267578,0,True,0.1192143830178748,1,0.013888888888888888,True,58,4,0,0.2,True,RELD_MOEL,RELD_MOEL,1,False,False,0.0,16.32712173461914,16.42414798736572,0,False,16.395190715789795,16.662683486938477,0,False,16.80628204345703,16.747194290161133,1,True
OVRPBLTW,799,90,72,8.1701059341,7.9967331886,1,8.170105934143066,7.99673318862915,1,True,2.1680446428693796,51,0.7083333333333334,False,58,0,0,0.0,False,RELD_MTL,RELD_MTL,1,False,False,0.0,8.228792572021485,8.04851598739624,1,False,8.66193151473999,8.071265459060669,1,False,8.71367359161377,8.114532947540283,1,False
OVRPBLTW,800,90,72,11.7786874771,10.6745071411,1,11.778687477111816,10.674507141113281,1,True,10.344087285759366,34,0.4722222222222222,False,58,0,0,0.0,False,RELD_MTL,RELD_MTL,1,False,False,0.0,11.834803581237793,11.67960720062256,1,False,11.8962562084198,11.715530395507812,1,False,12.809661865234375,11.792356014251709,1,False
OVRPBLTW,801,90,72,14.1869392395,13.8808774948,1,14.186939239501953,13.880877494812012,1,True,2.2049164025448302,9,0.125,False,58,0,0,0.0,False,RELD_MTL,RELD_MTL,1,False,False,0.0,14.26501007080078,14.046786022186279,1,False,14.69909143447876,15.098527908325195,0,True,15.301260948181152,15.169256687164307,1,False
OVRPBLTW,802,90,72,11.4024524689,11.2036304474,1,11.40245246887207,11.203630447387695,1,True,1.774621382180095,6,0.08333333333333333,False,58,0,0,0.0,False,RELD_MOEL,RELD_MTL,2,True,True,1.7746213821800951,11.809033203125,11.451281356811524,1,False,11.895652770996094,11.699768304824829,1,False,12.307202339172363,11.765825271606445,1,False
OVRPBLTW,803,90,72,9.113735199,8.6333560944,1,9.11373519897461,8.633356094360352,1,True,5.564222063208967,19,0.2638888888888889,False,58,0,0,0.0,False,RELD_MTL,RELD_MTL,1,False,False,0.0,9.266492176055909,9.036256885528564,1,False,9.48441767692566,9.099019289016724,1,False,9.713290691375732,9.29346227645874,1,False
OVRPBLTW,804,90,72,12.0766677856,12.333322525,0,12.076667785644531,12.333322525024414,0,True,2.12521155633701,10,0.1388888888888889,False,58,0,0,0.0,False,RELD_MTL,RELD_MOEL,2,True,True,2.12521155633701,12.221365451812744,12.596047401428223,0,False,12.673380374908447,12.669188261032104,1,True,12.901466846466064,12.939181327819824,0,False
OVRPBLTW,805,90,72,13.1058425903,12.906337738,1,13.105842590332031,12.90633773803711,1,True,1.5457897999414687,2,0.027777777777777776,True,58,0,0,0.0,False,RELD_MOEL,MVMOE,3,True,False,3.1258934653988777,13.38064603805542,13.282266235351562,1,False,13.543238401412964,13.406048774719238,1,False,13.703038215637207,13.574291229248047,1,False
OVRPBLTW,806,90,72,11.2646064758,10.7112731934,1,11.264606475830078,10.711273193359375,1,True,5.1658964570238926,3,0.041666666666666664,False,58,0,0,0.0,False,RELD_MTL,RELD_MTL,1,False,False,0.0,11.526771354675294,11.511037254333496,1,False,11.738853931427002,11.546549320220947,1,False,11.887866020202637,11.654527187347412,1,False
OVRPBLTW,807,90,72,14.2301044464,13.9948167801,1,14.230104446411133,13.994816780090332,1,True,1.681248636527833,14,0.19444444444444445,False,58,0,0,0.0,False,RELD_MTL,RELD_MTL,1,False,False,0.0,14.833584690093994,14.142991065979004,1,False,15.15016770362854,14.28898000717163,1,False,15.59301233291626,14.7193922996521,1,False
OVRPBLTW,808,90,72,15.4155607224,15.4963388443,0,15.415560722351074,15.496338844299316,0,True,0.5240037865286538,1,0.013888888888888888,True,58,1,0,0.05,True,RELD_MTL,RELD_MOEL,2,True,True,0.5240037865286538,15.663246345520019,15.89740447998047,0,False,15.717055320739746,16.469412326812744,0,False,15.845540046691895,16.638029098510742,0,False
OVRPBLTW,809,90,72,8.0782556534,8.2232751846,0,8.078255653381348,8.223275184631348,0,True,1.795183730524357,10,0.1388888888888889,False,58,0,0,0.0,False,RELD_MTL,RELD_MOEL,2,True,True,1.7951837305243572,8.204843997955322,8.59655704498291,0,False,8.268040418624878,8.813892364501953,0,False,8.430583000183105,9.04179573059082,0,False
OVRPBLTW,810,91,72,11.5411281586,11.2035808563,1,11.541128158569336,11.203580856323242,1,True,3.0128519321587204,25,0.3472222222222222,False,58,0,0,0.0,False,RELD_MTL,RELD_MTL,1,False,False,0.0,11.804689979553222,11.41724967956543,1,False,11.992308616638184,11.468575239181519,1,False,12.104165077209473,11.621374607086182,1,False
OVRPBLTW,811,91,72,13.1148509979,12.7712774277,1,13.114850997924805,12.77127742767334,1,True,2.6902052057440504,6,0.08333333333333333,False,58,0,0,0.0,False,RELD_MOEL,RELD_MTL,2,True,True,2.6902052057440504,13.557905006408692,13.163931274414063,1,False,13.781806945800781,13.245561122894287,1,False,13.87329387664795,13.32212209701538,1,False
OVRPBLTW,812,91,72,10.4082756042,10.2294054031,1,10.408275604248047,10.229405403137207,1,True,1.7485884472404847,3,0.041666666666666664,False,58,0,0,0.0,False,RELD_MTL,RELD_MTL,1,False,False,0.0,10.467822742462157,10.562543487548828,0,True,10.587713718414307,10.658572435379028,0,True,11.002231121063232,10.750486373901367,1,False
OVRPBLTW,813,91,72,17.8865127563,17.8032455444,1,17.886512756347656,17.803245544433594,1,True,0.46770804622302425,7,0.09722222222222222,False,58,0,0,0.0,False,RELD_MTL,RELD_MTL,1,False,False,0.0,18.67844181060791,17.894038581848143,1,False,18.724759101867676,18.090911388397217,1,False,18.84490394592285,18.224477767944336,1,False
OVRPBLTW,814,91,72,16.0452842712,15.5439043045,1,16.045284271240234,15.543904304504395,1,True,3.2255729119153758,22,0.3055555555555556,False,58,0,0,0.0,False,RELD_MOEL,RELD_MTL,2,True,True,3.225572911915376,16.52892017364502,15.880657482147218,1,False,16.6838116645813,16.02861785888672,1,False,16.84853744506836,16.185970306396484,1,False
OVRPBLTW,815,91,72,12.061340332,11.4233169556,1,12.06134033203125,11.423316955566406,1,True,5.585272464030023,11,0.1527777777777778,False,58,0,0,0.0,False,RELD_MTL,RELD_MTL,1,False,False,0.0,12.179095554351807,12.0270601272583,1,False,12.267603635787964,12.123166561126709,1,False,12.388088703155518,12.304945945739746,1,False
OVRPBLTW,816,91,72,9.8192920685,10.0742816925,0,9.819292068481445,10.074281692504883,0,True,2.596822889279355,15,0.20833333333333334,False,58,0,0,0.0,False,RELD_MOEL,RELD_MOEL,1,False,False,0.0,9.938922119140624,10.232889080047608,0,False,10.076753377914429,10.35130763053894,0,False,10.1951322555542,10.442531108856201,0,False
OVRPBLTW,817,91,72,9.9573755264,9.5250835419,1,9.957375526428223,9.525083541870117,1,True,4.538458719006346,47,0.6527777777777778,False,58,0,0,0.0,False,RELD_MTL,RELD_MTL,1,False,False,0.0,10.39188747406006,9.68543119430542,1,False,10.578536748886108,9.798588037490845,1,False,10.73775577545166,9.878123760223389,1,False
OVRPBLTW,818,91,72,11.6371088028,11.2215261459,1,11.63710880279541,11.221526145935059,1,True,3.703441506054334,8,0.1111111111111111,False,58,0,0,0.0,False,RELD_MTL,RELD_MTL,1,False,False,0.0,12.046975803375243,11.637064933776855,1,False,12.228978872299194,11.755915880203247,1,False,12.346380233764648,12.043501853942871,1,False
OVRPBLTW,819,91,72,15.3188905716,15.269534111,1,15.318890571594238,15.26953411102295,1,True,0.3232348822250214,2,0.027777777777777776,True,58,0,0,0.0,False,RELD_MTL,MVMOE,3,True,False,0.5683704651615422,15.550837230682372,15.567754173278809,0,True,15.804090023040771,15.661453247070312,1,False,16.021327018737793,15.995118141174316,1,False
OVRPBLTW,820,91,72,13.5325078964,13.3384132385,1,13.53250789642334,13.33841323852539,1,True,1.45515553034274,3,0.041666666666666664,False,58,0,0,0.0,False,RELD_MTL,RELD_MTL,1,False,False,0.0,14.255517292022706,13.669233894348144,1,False,14.517848491668701,13.736679553985596,1,False,14.746738910675049,13.95879316329956,1,False
OVRPBLTW,821,91,72,11.0890417099,11.1486701965,0,11.089041709899902,11.148670196533203,0,True,0.537724432461686,2,0.027777777777777776,True,58,1,0,0.05,True,RELD_MTL,RELD_MOEL,2,True,True,0.537724432461686,11.195784187316894,12.08813762664795,0,False,11.249306917190552,12.148473739624023,0,False,11.94808292388916,12.178119659423828,0,False
OVRPBLTW,822,91,72,9.7596626282,9.9265270233,0,9.759662628173828,9.92652702331543,0,True,1.709735279351314,30,0.4166666666666667,False,58,0,0,0.0,False,RELD_MTL,RELD_MOEL,2,True,True,1.709735279351314,9.814220428466797,9.972758102416993,0,False,9.861930847167969,10.03437328338623,0,False,10.101564884185791,10.382324695587158,0,False
OVRPBLTW,823,91,72,10.5189580917,10.8570108414,0,10.51895809173584,10.857010841369629,0,True,3.213747471498534,43,0.5972222222222222,False,58,0,0,0.0,False,RELD_MTL,RELD_MOEL,2,True,True,3.213747471498534,10.613452625274657,11.14163293838501,0,False,10.632992029190063,11.245834350585938,0,False,10.711971759796143,11.706298828125,0,False
OVRPBLTW,824,91,72,15.3271369934,14.9193687439,1,15.327136993408203,14.919368743896484,1,True,2.733146800642769,8,0.1111111111111111,False,58,0,0,0.0,False,RELD_MOEL,MVMOE,3,True,False,2.832494869411156,15.640598678588868,15.186593914031983,1,False,16.203207969665527,16.096967697143555,1,False,16.38192844390869,16.42191505432129,0,True
OVRPBLTW,825,91,72,12.6469154358,13.8592147827,0,12.646915435791016,13.859214782714844,0,True,9.585731422448735,63,0.875,False,58,0,0,0.0,False,RELD_MOEL,RELD_MOEL,1,False,False,0.0,12.82236099243164,14.09115571975708,0,False,13.13027811050415,14.471545696258545,0,False,13.44864273071289,14.617691040039062,0,False
OVRPBLTW,826,91,72,12.5331764221,12.6587638855,0,12.53317642211914,12.658763885498047,0,True,1.0020401785659827,2,0.027777777777777776,True,58,0,0,0.0,False,RELD_MOEL,MVMOE,3,True,False,0.18811780934943073,12.782651329040528,12.748853206634521,1,True,12.926028728485107,12.800101518630981,1,True,13.001307010650635,12.945219039916992,1,True
OVRPBLTW,827,91,72,15.1339826584,14.7419166565,1,15.13398265838623,14.74191665649414,1,True,2.6595320746650017,26,0.3611111111111111,False,58,0,0,0.0,False,RELD_MOEL,RELD_MTL,2,True,True,2.6595320746650017,15.332290363311767,14.817191314697265,1,False,15.412055969238281,14.993684768676758,1,False,15.543986320495605,15.272753238677979,1,False
OVRPBLTW,828,91,72,18.1964797974,17.9619159698,1,18.19647979736328,17.961915969848633,1,True,1.3058953621338572,15,0.20833333333333334,False,58,0,0,0.0,False,RELD_MTL,RELD_MTL,1,False,False,0.0,18.603212738037108,18.0999324798584,1,False,18.747331619262695,18.266665935516357,1,False,19.11497974395752,18.702101707458496,1,False
OVRPBLTW,829,92,73,9.9994430542,10.0591449738,0,9.999443054199219,10.059144973754883,0,True,0.5970524485853634,1,0.0136986301369863,True,59,2,0,0.1,True,RELD_MOEL,RELD_MOEL,1,False,False,0.0,10.321675872802734,10.662349700927734,0,False,10.408491134643555,10.719451904296875,0,False,10.497247695922852,10.82481575012207,0,False
OVRPBLTW,830,92,73,16.8044281006,17.1928977966,0,16.804428100585938,17.19289779663086,0,True,2.3117103044175074,2,0.0273972602739726,True,59,1,0,0.05,True,RELD_MTL,RELD_MOEL,2,True,True,2.3117103044175074,17.534064483642577,17.764617919921875,0,False,17.739835739135742,17.9471492767334,0,False,17.978296279907227,18.100112915039062,0,False
OVRPBLTW,831,92,73,10.1496753693,9.9334154129,1,10.149675369262695,9.933415412902832,1,True,2.1770956655970988,8,0.1095890410958904,False,59,0,0,0.0,False,RELD_MOEL,RELD_MTL,2,True,True,2.1770956655970988,10.409680938720703,10.157027626037598,1,False,10.517382621765137,10.237921714782715,1,False,10.66520881652832,10.361763000488281,1,False
OVRPBLTW,832,92,73,12.5983533859,12.5505924225,1,12.598353385925293,12.550592422485352,1,True,0.3805474816820347,1,0.0136986301369863,True,59,4,0,0.2,True,RELD_MTL,RELD_MTL,1,False,False,0.0,13.049301719665527,12.682737731933594,1,False,13.191048622131348,12.882284164428711,1,False,13.406384468078613,13.088930130004883,1,False
OVRPBLTW,833,92,73,9.5300073624,9.3504238129,1,9.530007362365723,9.350423812866211,1,True,1.9205926179756898,4,0.0547945205479452,False,59,0,0,0.0,False,RELD_MTL,RELD_MTL,1,False,False,0.0,9.947273635864258,9.799256515502929,1,False,10.03375244140625,9.879379272460938,1,False,10.123675346374512,10.091276168823242,1,False
OVRPBLTW,834,92,73,12.3623065948,11.6033535004,1,12.362306594848633,11.603353500366211,1,True,6.540808175617813,27,0.3698630136986301,False,59,0,0,0.0,False,RELD_MTL,RELD_MTL,1,False,False,0.0,12.663096618652343,11.767163848876953,1,False,12.944755554199219,12.11454963684082,1,False,13.060736656188965,12.485660552978516,1,False
OVRPBLTW,835,92,73,13.0461330414,13.1634044647,0,13.046133041381836,13.16340446472168,0,True,0.8988979564124965,3,0.0410958904109589,False,59,0,0,0.0,False,RELD_MOEL,RELD_MOEL,1,False,False,0.0,13.203086471557617,13.315251541137695,0,False,13.385374069213867,13.465494155883789,0,False,13.527738571166992,14.13027572631836,0,False
OVRPBLTW,836,92,73,10.0192623138,9.916349411,1,10.019262313842773,9.916349411010742,1,True,1.0378103728963084,8,0.1095890410958904,False,59,0,0,0.0,False,RELD_MTL,RELD_MTL,1,False,False,0.0,10.75794677734375,10.001966857910157,1,False,10.915130615234375,10.091585159301758,1,False,11.026260375976562,10.370918273925781,1,False
OVRPBLTW,837,92,73,15.8822803497,15.6504478455,1,15.882280349731445,15.650447845458984,1,True,1.4813154645070363,8,0.1095890410958904,False,59,0,0,0.0,False,RELD_MOEL,MVMOE,3,True,False,1.6345846826633976,16.395542907714844,15.863153076171875,1,False,16.65170669555664,16.06895637512207,1,False,16.910924911499023,16.34029197692871,1,False
OVRPBLTW,838,92,73,12.2793769836,12.412610054,0,12.279376983642578,12.412610054016113,0,True,1.0850149040781283,2,0.0273972602739726,True,59,3,0,0.15,True,RELD_MOEL,RELD_MOEL,1,False,False,0.0,12.93122901916504,13.013623809814453,0,False,13.060342788696289,13.222589492797852,0,False,13.193340301513672,13.346423149108887,0,False
OVRPBLTW,839,92,73,10.9304485321,10.8655319214,1,10.930448532104492,10.865531921386719,1,True,0.5974545118416517,2,0.0273972602739726,True,59,3,0,0.15,True,RELD_MTL,RELD_MTL,1,False,False,0.0,11.449186325073242,11.305366897583008,1,False,11.520273208618164,11.83866024017334,0,True,11.817863464355469,12.208459854125977,0,True
OVRPBLTW,840,92,73,14.0950641632,13.6865520477,1,14.095064163208008,13.686552047729492,1,True,2.984770116507542,2,0.0273972602739726,True,59,0,0,0.0,False,RELD_MOEL,RELD_MTL,2,True,True,2.984770116507542,14.23050537109375,14.177287101745605,1,False,14.297508239746094,14.25256633758545,1,False,14.428949356079102,14.456436157226562,0,True
OVRPBLTW,841,92,73,11.6579284668,10.7800941467,1,11.657928466796875,10.780094146728516,1,True,8.143104393654319,48,0.6575342465753424,False,59,0,0,0.0,False,RELD_MTL,RELD_MTL,1,False,False,0.0,11.75343017578125,10.813674545288086,1,False,11.788885116577148,10.871089935302734,1,False,11.847831726074219,11.602282524108887,1,False
OVRPBLTW,842,92,73,8.7894191742,8.4072647095,1,8.789419174194336,8.407264709472656,1,True,4.545526730806704,41,0.5616438356164384,False,59,0,0,0.0,False,RELD_MOEL,RELD_MTL,2,True,True,4.545526730806703,9.360173225402832,8.492123985290528,1,False,9.410233497619629,8.580856323242188,1,False,9.466129302978516,8.734052658081055,1,False
OVRPBLTW,843,92,73,15.7070951462,15.2619113922,1,15.7070951461792,15.261911392211914,1,True,2.916959367406124,11,0.1506849315068493,False,59,0,0,0.0,False,RELD_MOEL,RELD_MTL,2,True,True,2.916959367406124,16.33362731933594,15.366705703735352,1,False,16.58589744567871,16.14291000366211,1,False,16.78622817993164,16.712345123291016,1,False
OVRPBLTW,844,92,73,12.9848423004,13.0516042709,0,12.984842300415039,13.051604270935059,0,True,0.5141531098759927,1,0.0136986301369863,True,59,4,0,0.2,True,RELD_MOEL,RELD_MOEL,1,False,False,0.0,13.519746398925781,13.346014785766602,1,True,13.956430435180664,13.401694297790527,1,True,14.070856094360352,13.534589767456055,1,True
OVRPBLTW,845,92,73,7.6972999573,7.6847696304,1,7.697299957275391,7.684769630432129,1,True,0.16305403418252,2,0.0273972602739726,True,59,1,0,0.05,True,RELD_MTL,RELD_MTL,1,False,False,0.0,7.768700790405274,8.47210865020752,0,True,7.836214542388916,8.617240905761719,0,True,7.883111953735352,8.673778533935547,0,True
OVRPBLTW,846,92,73,15.9780883789,15.1104431152,1,15.97808837890625,15.110443115234375,1,True,5.742023957108262,14,0.1917808219178082,False,59,0,0,0.0,False,RELD_MTL,RELD_MTL,1,False,False,0.0,16.400466918945312,15.78032054901123,1,False,16.525955200195312,16.20001792907715,1,False,16.661697387695312,16.3984317779541,1,False
OVRPBLTW,847,92,73,7.7113208771,7.5087594986,1,7.711320877075195,7.508759498596191,1,True,2.6976676844925955,41,0.5616438356164384,False,59,0,0,0.0,False,RELD_MOEL,RELD_MTL,2,True,True,2.6976676844925955,7.888331699371338,7.659609603881836,1,False,8.191336631774902,7.6742682456970215,1,False,8.279016494750977,7.702599048614502,1,False
OVRPBLTW,848,93,74,13.0761356354,13.2979373932,0,13.076135635375977,13.297937393188477,0,True,1.696233229636539,8,0.10810810810810811,False,60,0,0,0.0,False,RELD_MOEL,RELD_MOEL,1,False,False,0.0,13.300247383117675,13.514459609985352,0,False,13.406194925308228,13.63789701461792,0,False,13.630699634552002,13.801830291748047,0,False
OVRPBLTW,849,93,74,10.9274206161,10.9280185699,0,10.927420616149902,10.928018569946289,0,True,0.0054720489034768656,1,0.013513513513513514,True,60,3,0,0.15,True,RELD_MOEL,RELD_MOEL,1,False,False,0.0,11.04983835220337,11.258069801330567,0,False,11.183416843414307,11.429574966430664,0,False,11.254159450531006,11.565398216247559,0,False
OVRPBLTW,850,93,74,12.3850326538,12.2872714996,1,12.385032653808594,12.287271499633789,1,True,0.7956294788731824,1,0.013513513513513514,True,60,0,0,0.0,False,RELD_MOEL,RELD_MTL,2,True,True,0.7956294788731824,12.88801383972168,12.83420534133911,1,False,12.92206859588623,13.010013580322266,0,True,13.05980920791626,13.11575174331665,0,True
OVRPBLTW,851,93,74,11.584602356,10.8090133667,1,11.584603309631348,10.809013366699219,1,True,7.17539115724849,29,0.3918918918918919,False,60,0,0,0.0,False,RELD_MTL,RELD_MTL,1,False,False,0.0,11.876538467407226,10.855354499816894,1,False,12.358545780181885,11.06493330001831,1,False,12.58132028579712,11.658420085906982,1,False
OVRPBLTW,852,93,74,11.9056129456,11.506652832,1,11.90561294555664,11.50665283203125,1,True,3.467212571934832,20,0.2702702702702703,False,60,0,0,0.0,False,RELD_MTL,RELD_MTL,1,False,False,0.0,12.41493844985962,11.66930980682373,1,False,12.512022256851196,11.876035451889038,1,False,12.729513168334961,12.382391929626465,1,False
OVRPBLTW,853,93,74,13.7601165771,13.9073982239,0,13.760115623474121,13.907398223876953,0,True,1.0703517370275069,2,0.02702702702702703,True,60,0,0,0.0,False,RELD_MOEL,RELD_MOEL,1,False,False,0.0,14.288921928405761,14.130107307434082,1,True,14.501667737960815,14.27387523651123,1,True,14.600694179534912,14.376123428344727,1,True
OVRPBLTW,854,93,74,13.6556015015,13.7155265808,0,13.655601501464844,13.715526580810547,0,True,0.43883148826083235,1,0.013513513513513514,True,60,4,0,0.2,True,RELD_MOEL,MVMOE,3,True,False,0.8098050736787414,14.21187744140625,13.98844518661499,1,True,14.410607099533081,14.155510187149048,1,True,14.638521194458008,14.320955276489258,1,True
OVRPBLTW,855,93,74,9.3156375885,9.4153213501,0,9.315638542175293,9.415321350097656,0,True,1.0700691246625744,2,0.02702702702702703,True,60,0,0,0.0,False,RELD_MTL,RELD_MOEL,2,True,True,1.0700691246625744,9.973850917816161,9.494666194915771,1,True,10.030165672302246,9.887268543243408,1,True,10.134221076965332,10.102952480316162,1,True
OVRPBLTW,856,93,74,7.450504303,7.2140192986,1,7.450504779815674,7.214019298553467,1,True,3.278131019775527,8,0.10810810810810811,False,60,0,0,0.0,False,RELD_MTL,RELD_MTL,1,False,False,0.0,7.705202054977417,7.42507872581482,1,False,7.802996873855591,7.7443883419036865,1,False,7.952450752258301,7.979294776916504,0,True
OVRPBLTW,857,93,74,10.420955658,10.4004096985,1,10.420955657958984,10.400409698486328,1,True,0.1975495206017024,1,0.013513513513513514,True,60,5,0,0.25,True,RELD_MOEL,RELD_MTL,2,True,True,0.19754952060170236,10.697502708435058,11.187376689910888,0,True,10.9378023147583,11.231746912002563,0,True,11.136912822723389,11.284285068511963,0,True
OVRPBLTW,858,93,74,18.0654563904,18.5114917755,0,18.06545639038086,18.511491775512695,0,True,2.468995941541912,3,0.04054054054054054,False,60,0,0,0.0,False,RELD_MTL,MVMOE,3,True,False,3.744566970036011,18.62888946533203,18.919316864013673,0,False,18.869469165802002,19.18889284133911,0,False,19.12483024597168,19.53249740600586,0,False
OVRPBLTW,859,93,74,7.6626801491,7.5080699921,1,7.662680149078369,7.50806999206543,1,True,2.0592530059346883,4,0.05405405405405406,False,60,0,0,0.0,False,RELD_MTL,RELD_MTL,1,False,False,0.0,8.024027633666993,8.041105937957763,0,True,8.062546730041504,8.10422420501709,0,True,8.141571998596191,8.162353992462158,0,True
OVRPBLTW,860,93,74,9.5143318176,9.4445285797,1,9.514331817626953,9.444528579711914,1,True,0.739086523069399,1,0.013513513513513514,True,60,3,0,0.15,True,RELD_MTL,RELD_MTL,1,False,False,0.0,9.569808864593506,9.67953052520752,0,True,9.615550756454468,9.828967809677124,0,True,9.753046989440918,10.250314712524414,0,True
OVRPBLTW,861,93,74,11.3445453644,10.8615779877,1,11.344545364379883,10.861577987670898,1,True,4.446567315052447,3,0.04054054054054054,False,60,0,0,0.0,False,RELD_MTL,RELD_MTL,1,False,False,0.0,11.601804828643798,11.531024837493897,1,False,11.714395999908447,11.689488172531128,1,False,11.97120189666748,12.028589725494385,0,True
OVRPBLTW,862,93,74,10.2406778336,10.5024280548,0,10.240677833557129,10.50242805480957,0,True,2.5559853112573148,5,0.06756756756756757,False,60,0,0,0.0,False,RELD_MTL,RELD_MOEL,2,True,True,2.5559853112573148,10.540335273742675,10.69420404434204,0,False,10.688698768615723,10.768449783325195,0,False,10.815853595733643,10.918668270111084,0,False
OVRPBLTW,863,93,74,9.2517185211,9.5117635727,0,9.251718521118164,9.511763572692871,0,True,2.810775652187484,3,0.04054054054054054,False,60,0,0,0.0,False,RELD_MOEL,RELD_MOEL,1,False,False,0.0,9.894338798522949,9.60084571838379,1,True,10.021390676498413,9.733317613601685,1,True,10.11363410949707,9.921730041503906,1,True
OVRPBLTW,864,93,74,10.1473731995,9.7946338654,1,10.14737319946289,9.794633865356445,1,True,3.601352934141508,59,0.7972972972972973,False,60,0,0,0.0,False,RELD_MTL,RELD_MTL,1,False,False,0.0,10.505897998809814,9.838120365142823,1,False,10.541311979293823,9.901119232177734,1,False,10.575834274291992,9.93382453918457,1,False
OVRPBLTW,865,93,74,7.6315546036,7.6414089203,0,7.63155460357666,7.641408920288086,0,True,0.1291259410677835,1,0.013513513513513514,True,60,3,0,0.15,True,RELD_MTL,RELD_MOEL,2,True,True,0.1291259410677835,7.723836898803711,7.674422359466552,1,True,7.750013113021851,7.696240305900574,1,True,7.8379762172698975,7.738907337188721,1,True
OVRPBLTW,866,93,74,15.3455867767,15.3621387482,0,15.345585823059082,15.362138748168945,0,True,0.10786144408066509,1,0.013513513513513514,True,60,5,0,0.25,True,RELD_MTL,RELD_MOEL,2,True,True,0.10786144408066509,16.1703462600708,15.516756343841553,1,True,16.619874000549316,15.641094207763672,1,True,16.946866989135742,16.035688400268555,1,True
OVRPBLTW,867,94,75,9.9482116699,9.7439413071,1,9.948211669921875,9.743941307067871,1,True,2.096383345937807,14,0.18666666666666668,False,60,0,0,0.0,False,RELD_MTL,RELD_MTL,1,False,False,0.0,10.064599990844727,9.876207733154297,1,False,10.10761547088623,9.997961521148682,1,False,10.180656433105469,10.152518272399902,1,False
OVRPBLTW,868,94,75,9.0990409851,9.4251785278,0,9.099040985107422,9.425178527832031,0,True,3.584306777319296,3,0.04,False,60,0,0,0.0,False,RELD_MOEL,RELD_MOEL,1,False,False,0.0,9.651668167114257,10.362957000732422,0,False,9.66916561126709,10.551901817321777,0,False,9.783553123474121,10.681516647338867,0,False
OVRPBLTW,869,94,75,10.8493995667,10.3805055618,1,10.84939956665039,10.380505561828613,1,True,4.517063278936232,15,0.2,False,60,0,0,0.0,False,RELD_MTL,RELD_MTL,1,False,False,0.0,11.727295684814454,10.744386863708495,1,False,11.829141616821289,10.884424686431885,1,False,12.089448928833008,11.024862289428711,1,False
OVRPBLTW,870,94,75,13.6078653336,13.9468393326,0,13.607865333557129,13.946839332580566,0,True,2.4910152378052945,4,0.05333333333333334,False,60,0,0,0.0,False,RELD_MTL,RELD_MOEL,2,True,True,2.4910152378052945,14.370308685302735,14.031275177001953,1,True,14.458342552185059,14.132014274597168,1,True,14.563240051269531,14.241504669189453,1,True
OVRPBLTW,871,94,75,13.9506187439,14.1779727936,0,13.950618743896484,14.177972793579102,0,True,1.6297058494227195,14,0.18666666666666668,False,60,0,0,0.0,False,RELD_MTL,RELD_MOEL,2,True,True,1.6297058494227195,14.125210189819336,14.468490600585938,0,False,14.225629329681396,14.583161354064941,0,False,14.460126876831055,14.79547119140625,0,False
OVRPBLTW,872,94,75,9.9649581909,9.842924118,1,9.964958190917969,9.842924118041992,1,True,1.2398152361738874,2,0.02666666666666667,True,60,1,0,0.05,True,RELD_MTL,RELD_MTL,1,False,False,0.0,10.042064666748047,10.89808921813965,0,True,10.443427562713623,10.957098484039307,0,True,10.622285842895508,11.727027893066406,0,True
OVRPBLTW,873,94,75,15.9617767334,16.070306778,0,15.961776733398438,16.0703067779541,0,True,0.6799371173567375,2,0.02666666666666667,True,60,1,0,0.05,True,RELD_MTL,RELD_MOEL,2,True,True,0.6799371173567375,16.298707962036133,16.22825469970703,1,True,16.52414321899414,16.34000587463379,1,True,16.77316665649414,16.489643096923828,1,True
OVRPBLTW,874,94,75,15.7991161346,15.3176593781,1,15.799116134643555,15.317659378051758,1,True,3.1431483401984353,45,0.6,False,60,0,0,0.0,False,RELD_MOEL,RELD_MTL,2,True,True,3.1431483401984353,15.97064437866211,15.4208402633667,1,False,16.077632904052734,15.545286655426025,1,False,16.257877349853516,15.736465454101562,1,False
OVRPBLTW,875,94,75,15.7863063812,15.7814559937,1,15.786306381225586,15.781455993652344,1,True,0.030734727530436545,1,0.013333333333333334,True,60,4,0,0.2,True,RELD_MTL,MVMOE,3,True,False,1.5570930224349773,15.950652694702148,16.071684265136717,0,True,16.054821014404297,16.202072143554688,0,True,16.3660888671875,16.394041061401367,0,True
OVRPBLTW,876,94,75,8.9288520813,9.2061462402,0,8.928852081298828,9.206146240234375,0,True,3.105596961122772,24,0.32,False,60,0,0,0.0,False,RELD_MTL,RELD_MOEL,2,True,True,3.105596961122772,9.119283676147461,9.52185230255127,0,False,9.174612998962402,9.792871475219727,0,False,9.311132431030273,9.873981475830078,0,False
OVRPBLTW,877,94,75,10.2715702057,10.6432113647,0,10.271570205688477,10.643211364746094,0,True,3.6181533257083354,3,0.04,False,60,0,0,0.0,False,RELD_MTL,RELD_MOEL,2,True,True,3.618153325708336,10.772139739990234,11.560758209228515,0,False,10.937211990356445,11.902746200561523,0,False,11.293790817260742,12.133575439453125,0,False
OVRPBLTW,878,94,75,9.9132804871,10.1778697968,0,9.913280487060547,10.17786979675293,0,True,2.6690388720898786,1,0.013333333333333334,True,60,2,0,0.1,True,RELD_MOEL,MVMOE,3,True,False,2.714798527852419,10.618892669677734,10.723783111572265,0,False,10.686054706573486,11.028197288513184,0,False,10.75849723815918,11.09851360321045,0,False
OVRPBLTW,879,94,75,14.8274316788,14.2864770889,1,14.827431678771973,14.286477088928223,1,True,3.786479945572442,1,0.013333333333333334,True,60,6,0,0.3,True,RELD_MTL,RELD_MTL,1,False,False,0.0,15.375823020935059,15.404974555969238,0,True,15.652706146240234,16.208723068237305,0,True,16.159343719482422,16.696815490722656,0,True
OVRPBLTW,880,94,75,16.5088863373,16.7248764038,0,16.508886337280273,16.724876403808594,0,True,1.308326086248425,3,0.04,False,60,0,0,0.0,False,RELD_MTL,RELD_MOEL,2,True,True,1.308326086248425,17.137665939331054,16.83052978515625,1,True,17.315096855163574,16.92244529724121,1,True,17.57695770263672,17.126243591308594,1,True
OVRPBLTW,881,94,75,17.5746612549,17.3172016144,1,17.574661254882812,17.317201614379883,1,True,1.486727741772744,6,0.08,False,60,0,0,0.0,False,RELD_MOEL,RELD_MTL,2,True,True,1.486727741772744,17.77074279785156,17.697734069824218,1,False,17.861663818359375,17.874996185302734,0,True,18.091341018676758,17.964771270751953,1,False
OVRPBLTW,882,94,75,12.1534051895,12.0434474945,1,12.15340518951416,12.043447494506836,1,True,0.913008464147959,1,0.013333333333333334,True,60,2,0,0.1,True,RELD_MOEL,MVMOE,3,True,False,1.0150276051327793,12.61839027404785,12.297273254394531,1,False,12.773930072784424,12.375298500061035,1,False,12.902236938476562,12.492938041687012,1,False
OVRPBLTW,883,94,75,11.5637378693,11.3738870621,1,11.563737869262695,11.373887062072754,1,True,1.6691813991420812,18,0.24,False,60,0,0,0.0,False,RELD_MTL,RELD_MTL,1,False,False,0.0,11.657254409790038,11.436101341247559,1,False,12.135318756103516,11.587848663330078,1,False,12.848068237304688,11.78921890258789,1,False
OVRPBLTW,884,94,75,11.343380928,11.421913147,0,11.34338092803955,11.421913146972656,0,True,0.6923175682670639,1,0.013333333333333334,True,60,7,0,0.35,True,RELD_MTL,RELD_MOEL,2,True,True,0.692317568267064,11.978756141662597,11.614734077453614,1,True,12.059813022613525,11.658066749572754,1,True,12.120092391967773,11.725696563720703,1,True
OVRPBLTW,885,94,75,12.0855464935,12.1343374252,0,12.085546493530273,12.134337425231934,0,True,0.40371307765222375,1,0.013333333333333334,True,60,3,0,0.15,True,RELD_MTL,RELD_MOEL,2,True,True,0.4037130776522238,12.443379211425782,12.425375175476074,1,True,12.552778244018555,12.556999206542969,0,False,12.705971717834473,12.930020332336426,0,False
OVRPBLTW,886,95,76,9.7170639038,10.3576126099,0,9.717063903808594,10.357612609863281,0,True,6.591998492975893,13,0.17105263157894737,False,61,0,0,0.0,False,RELD_MTL,RELD_MOEL,2,True,True,6.591998492975894,10.29356575012207,10.610651969909668,0,False,10.436416387557983,11.01386833190918,0,False,10.571357250213623,11.164274215698242,0,False
OVRPBLTW,887,95,76,12.9861688614,12.9478130341,1,12.98616886138916,12.947813034057617,1,True,0.296234021907672,2,0.02631578947368421,True,61,0,0,0.0,False,RELD_MTL,RELD_MTL,1,False,False,0.0,13.612603187561035,13.43851613998413,1,False,13.724701881408691,13.80157470703125,0,True,13.8197603225708,13.916719436645508,0,True
OVRPBLTW,888,95,76,12.3156042099,10.4065561295,1,12.315604209899902,10.406556129455566,1,True,18.344667117955794,74,0.9736842105263158,False,61,0,0,0.0,False,RELD_MTL,RELD_MTL,1,False,False,0.0,12.990725040435791,10.577070713043213,1,False,13.102252960205078,10.617599487304688,1,False,13.641605377197266,10.748608112335205,1,False
OVRPBLTW,889,95,76,11.3595275879,11.5487260818,0,11.359527587890625,11.548726081848145,0,True,1.6655489626305475,6,0.07894736842105263,False,61,0,0,0.0,False,RELD_MTL,MVMOE,3,True,False,8.905738845575039,11.631870746612549,11.629478931427002,1,True,11.727792739868164,11.819544315338135,0,False,11.824451446533203,12.169342517852783,0,False
OVRPBLTW,890,95,76,11.5745182037,11.8797130585,0,11.574518203735352,11.87971305847168,0,True,2.636782364750516,19,0.25,False,61,0,0,0.0,False,RELD_MTL,RELD_MOEL,2,True,True,2.636782364750516,11.678964614868164,12.76569414138794,0,False,11.892465829849243,12.836161136627197,0,False,12.296717166900635,13.009290218353271,0,False
OVRPBLTW,891,95,76,16.0418052673,15.9402837753,1,16.041805267333984,15.94028377532959,1,True,0.636886353035388,9,0.11842105263157894,False,61,0,0,0.0,False,RELD_MOEL,RELD_MTL,2,True,True,0.636886353035388,16.42174530029297,16.035301208496094,1,False,16.499496459960938,16.141379833221436,1,False,16.767019271850586,16.35848331451416,1,False
OVRPBLTW,892,95,76,12.9596796036,12.4981117249,1,12.95967960357666,12.498111724853516,1,True,3.6931009168402475,3,0.039473684210526314,False,61,0,0,0.0,False,RELD_MOEL,RELD_MTL,2,True,True,3.693100916840248,13.187426567077637,13.0686616897583,1,False,13.297170162200928,13.200997591018677,1,False,13.544187545776367,13.442808628082275,1,False
OVRPBLTW,893,95,76,10.9737987518,10.9202136993,1,10.973798751831055,10.92021369934082,1,True,0.49069600628269444,1,0.013157894736842105,True,61,0,0,0.0,False,RELD_MTL,RELD_MTL,1,False,False,0.0,11.72531509399414,11.09975814819336,1,False,11.796987533569336,11.254576921463013,1,False,11.874382495880127,11.502311706542969,1,False
OVRPBLTW,894,95,76,12.1736488342,12.3617677689,0,12.173648834228516,12.361767768859863,0,True,1.5452962153098173,5,0.06578947368421052,False,61,0,0,0.0,False,RELD_MTL,RELD_MOEL,2,True,True,1.5452962153098173,12.371023654937744,12.65611743927002,0,False,12.50662636756897,12.802035093307495,0,False,12.871249198913574,12.928840637207031,0,False
OVRPBLTW,895,95,76,10.4345970154,10.6759958267,0,10.43459701538086,10.675995826721191,0,True,2.3134464219723014,3,0.039473684210526314,False,61,0,0,0.0,False,RELD_MTL,RELD_MOEL,2,True,True,2.3134464219723014,10.89598035812378,10.836750507354736,1,True,11.143146991729736,10.883671760559082,1,True,11.275684356689453,11.045646667480469,1,True
OVRPBLTW,896,95,76,11.3072538376,11.4185419083,0,11.30725383758545,11.41854190826416,0,True,0.98421838138925,2,0.02631578947368421,True,61,1,0,0.05,True,RELD_MTL,RELD_MOEL,2,True,True,0.9842183813892501,11.961196899414062,11.857923030853271,1,True,12.319888591766357,11.966975212097168,1,True,12.597024917602539,12.209859371185303,1,True
OVRPBLTW,897,95,76,13.2425174713,12.4843645096,1,13.242517471313477,12.48436450958252,1,True,6.0728198148732995,14,0.18421052631578946,False,61,0,0,0.0,False,RELD_MTL,RELD_MTL,1,False,False,0.0,13.444334030151367,12.98901653289795,1,False,13.568678379058838,13.526645183563232,1,False,13.760461330413818,13.764129161834717,0,True
OVRPBLTW,898,95,76,13.1219596863,13.5431480408,0,13.121959686279297,13.543148040771484,0,True,3.2097976565172823,1,0.013157894736842105,True,61,3,0,0.15,True,RELD_MTL,RELD_MOEL,2,True,True,3.209797656517282,14.28246784210205,13.769280910491943,1,True,14.389622688293457,13.883540391921997,1,True,14.636517524719238,14.222726821899414,1,True
OVRPBLTW,899,95,76,16.2888431549,16.1514205933,1,16.288843154907227,16.15142059326172,1,True,0.8508388522617466,4,0.05263157894736842,False,61,0,0,0.0,False,RELD_MTL,RELD_MTL,1,False,False,0.0,16.497859954833984,16.45081329345703,1,False,16.645150184631348,16.595603942871094,1,False,16.984464645385742,16.812081336975098,1,False
OVRPBLTW,900,95,76,13.3139019012,12.7714672089,1,13.313901901245117,12.771467208862305,1,True,4.247238656510777,4,0.05263157894736842,False,61,0,0,0.0,False,RELD_MTL,RELD_MTL,1,False,False,0.0,13.628026962280273,13.399545669555664,1,False,13.707169771194458,13.445088624954224,1,False,13.857276916503906,13.53018045425415,1,False
OVRPBLTW,901,95,76,19.9883365631,19.5357456207,1,19.98833656311035,19.53574562072754,1,True,2.316732369408194,5,0.06578947368421052,False,61,0,0,0.0,False,RELD_MTL,RELD_MTL,1,False,False,0.0,20.22559642791748,20.05510139465332,1,False,20.46635341644287,20.308200359344482,1,False,20.716291427612305,20.578948974609375,1,False
OVRPBLTW,902,95,76,12.6234350204,12.8431463242,0,12.623435020446777,12.843146324157715,0,True,1.7405033055181574,22,0.2894736842105263,False,61,0,0,0.0,False,RELD_MTL,RELD_MOEL,2,True,True,1.7405033055181576,12.701577186584473,13.065862655639648,0,False,12.776132822036743,13.097975730895996,0,False,13.884433269500732,13.141830921173096,1,True
OVRPBLTW,903,95,76,17.4995727539,17.3528270721,1,17.49957275390625,17.352827072143555,1,True,0.8456586421928974,1,0.013157894736842105,True,61,3,0,0.15,True,RELD_MTL,RELD_MTL,1,False,False,0.0,18.11774730682373,17.887797355651855,1,False,18.54194736480713,18.13324737548828,1,False,18.87790870666504,18.37957191467285,1,False
OVRPBLTW,904,95,76,9.5615062714,9.3419075012,1,9.561506271362305,9.341907501220703,1,True,2.3506844846386334,11,0.14473684210526316,False,61,0,0,0.0,False,RELD_MTL,RELD_MTL,1,False,False,0.0,10.368494987487793,9.461039543151855,1,False,10.930697202682495,9.670027732849121,1,False,11.090708255767822,9.949946403503418,1,False
OVRPBLTW,905,96,76,15.2129621506,14.9850482941,1,15.21296215057373,14.985048294067383,1,True,1.5209417549207,2,0.02631578947368421,True,61,0,0,0.0,False,RELD_MTL,MVMOE,3,True,False,0.18653754434189146,15.933527946472168,15.565836906433105,1,False,16.35698652267456,15.993629455566406,1,False,16.455642700195312,16.229439735412598,1,False
OVRPBLTW,906,96,76,9.6224927902,8.5561151505,1,9.622492790222168,8.55611515045166,1,True,12.463339038134427,61,0.8026315789473685,False,61,0,0,0.0,False,RELD_MTL,RELD_MTL,1,False,False,0.0,9.84091854095459,9.227477550506592,1,False,10.421756029129028,9.373404502868652,1,False,10.540471076965332,9.443252563476562,1,False
OVRPBLTW,907,96,76,16.5926246643,16.6104106903,0,16.59262466430664,16.610410690307617,0,True,0.10719236021934034,1,0.013157894736842105,True,61,3,0,0.15,True,RELD_MOEL,RELD_MOEL,1,False,False,0.0,16.949698448181152,16.869321823120117,1,True,17.1538987159729,17.050529956817627,1,True,17.442021369934082,17.225668907165527,1,True
OVRPBLTW,908,96,76,9.7483091354,9.9489765167,0,9.748309135437012,9.948976516723633,0,True,2.0584839741211867,31,0.40789473684210525,False,61,0,0,0.0,False,RELD_MTL,RELD_MOEL,2,True,True,2.0584839741211867,9.825927257537842,10.077850818634033,0,False,9.901873588562012,10.161757707595825,0,False,9.982769966125488,10.253056526184082,0,False
OVRPBLTW,909,96,76,11.8229522705,11.3617019653,1,11.822952270507812,11.361701965332031,1,True,4.059693755466513,9,0.11842105263157894,False,61,0,0,0.0,False,RELD_MTL,RELD_MTL,1,False,False,0.0,12.100817203521729,11.756436347961426,1,False,12.156736612319946,12.118051767349243,1,False,12.537079334259033,12.254831790924072,1,False
OVRPBLTW,910,96,76,13.0035686493,13.8381938934,0,13.003568649291992,13.838193893432617,0,True,6.418432252018208,35,0.4605263157894737,False,61,0,0,0.0,False,RELD_MTL,RELD_MOEL,2,True,True,6.418432252018208,13.50653600692749,14.324095726013184,0,False,13.618556499481201,14.35700798034668,0,False,13.91979169845581,14.471667289733887,0,False
OVRPBLTW,911,96,76,14.4065656662,15.4809551239,0,14.40656566619873,15.480955123901367,0,True,7.4576375979785405,15,0.19736842105263158,False,61,0,0,0.0,False,RELD_MTL,RELD_MOEL,2,True,True,7.4576375979785405,15.097856998443604,15.836145401000977,0,False,15.583984375,16.073786735534668,0,False,15.980680465698242,16.282998085021973,0,False
OVRPBLTW,912,96,76,12.9215927124,13.5808296204,0,12.921592712402344,13.580829620361328,0,True,5.1018239211902445,9,0.11842105263157894,False,61,0,0,0.0,False,RELD_MTL,RELD_MOEL,2,True,True,5.101823921190245,13.444356918334961,13.620286464691162,0,False,14.524100065231323,13.672350883483887,1,True,14.793390274047852,14.256629467010498,1,True
OVRPBLTW,913,96,76,13.0417633057,12.7386665344,1,13.041763305664062,12.738666534423828,1,True,2.3793445764633634,9,0.11842105263157894,False,61,0,0,0.0,False,RELD_MTL,RELD_MTL,1,False,False,0.0,13.647201538085938,13.011722564697266,1,False,13.843840837478638,13.559877872467041,1,False,14.346917629241943,13.764930248260498,1,False
OVRPBLTW,914,96,76,11.2821626663,11.2822675705,0,11.2821626663208,11.282267570495605,0,True,0.000929823501959278,1,0.013157894736842105,True,61,2,0,0.1,True,RELD_MTL,RELD_MOEL,2,True,True,0.0009298235019592779,11.446237087249756,11.413903713226318,1,True,11.491637468338013,11.52019453048706,0,False,11.59419584274292,11.687138557434082,0,False
OVRPBLTW,915,96,76,12.6884403229,12.6449279785,1,12.688440322875977,12.644927978515625,1,True,0.34410907261775864,1,0.013157894736842105,True,61,6,0,0.3,True,RELD_MTL,RELD_MTL,1,False,False,0.0,12.842630386352539,12.82111644744873,1,False,13.68371057510376,13.675490379333496,1,False,13.780023574829102,13.794199466705322,0,True
OVRPBLTW,916,96,76,10.7440090179,10.2567243576,1,10.744009017944336,10.25672435760498,1,True,4.750879942863371,1,0.013157894736842105,True,61,6,0,0.3,True,RELD_MTL,RELD_MTL,1,False,False,0.0,10.842846870422363,10.948568344116211,0,True,11.01281476020813,11.037355422973633,0,True,11.764167785644531,11.181667804718018,1,False
OVRPBLTW,917,96,76,13.0104427338,13.5070543289,0,13.010442733764648,13.507054328918457,0,True,3.8170230272782892,31,0.40789473684210525,False,61,0,0,0.0,False,RELD_MTL,RELD_MOEL,2,True,True,3.8170230272782892,13.145439147949219,13.766477584838867,0,False,13.267604112625122,14.022331476211548,0,False,13.650420188903809,14.346363544464111,0,False
OVRPBLTW,918,96,76,19.8504867554,18.7998352051,1,19.850486755371094,18.799835205078125,1,True,5.588621064162201,20,0.2631578947368421,False,61,0,0,0.0,False,RELD_MTL,RELD_MTL,1,False,False,0.0,20.165974617004395,18.902013778686523,1,False,20.509013175964355,19.684876918792725,1,False,21.26911449432373,19.994254112243652,1,False
OVRPBLTW,919,96,76,11.464266777,11.6901044846,0,11.464266777038574,11.690104484558105,0,True,1.9699271832463237,13,0.17105263157894737,False,61,0,0,0.0,False,RELD_MTL,RELD_MOEL,2,True,True,1.9699271832463239,11.641270637512207,11.797776699066162,0,False,11.78590440750122,11.89619779586792,0,False,12.005284309387207,12.0262131690979,0,False
OVRPBLTW,920,96,76,21.1694431305,21.071138382,1,21.169443130493164,21.071138381958008,1,True,0.46653743484488397,1,0.013157894736842105,True,61,2,0,0.1,True,RELD_MTL,MVMOE,3,True,False,0.13040020656306736,21.675888061523438,21.550528526306152,1,False,22.11625385284424,21.770867347717285,1,False,22.643827438354492,22.222662925720215,1,False
OVRPBLTW,921,96,76,9.2526111603,9.3868751526,0,9.25261116027832,9.38687515258789,0,True,1.4510929939008268,21,0.27631578947368424,False,61,0,0,0.0,False,RELD_MOEL,RELD_MOEL,1,False,False,0.0,9.337376594543457,9.901791095733643,0,False,9.368244171142578,9.98965573310852,0,False,9.555356979370117,10.116401672363281,0,False
OVRPBLTW,922,96,76,12.1836490631,11.861333847,1,12.183649063110352,11.861333847045898,1,True,2.717360629568001,6,0.07894736842105263,False,61,0,0,0.0,False,RELD_MTL,RELD_MTL,1,False,False,0.0,12.36859130859375,12.211357593536377,1,False,12.449438571929932,12.347161054611206,1,False,12.635347366333008,12.631871700286865,1,False
OVRPBLTW,923,96,76,7.7796173096,7.58639431,1,7.7796173095703125,7.586394309997559,1,True,2.5469675277134343,13,0.17105263157894737,False,61,0,0,0.0,False,RELD_MOEL,RELD_MTL,2,True,True,2.5469675277134343,7.853667974472046,7.754316091537476,1,False,7.90577244758606,7.812098979949951,1,False,7.955025672912598,7.886991739273071,1,False
OVRPBLTW,924,97,77,12.8852787018,13.1141986847,0,12.885278701782227,13.114198684692383,0,True,1.776600942810963,4,0.05194805194805195,False,62,0,0,0.0,False,RELD_MTL,RELD_MOEL,2,True,True,1.776600942810963,13.147206687927246,13.516398048400879,0,False,13.225103378295898,13.660209655761719,0,False,13.332817077636719,13.767251968383789,0,False
OVRPBLTW,925,97,77,12.2631034851,12.0462226868,1,12.263103485107422,12.046222686767578,1,True,1.8004050227101773,20,0.2597402597402597,False,62,0,0,0.0,False,RELD_MTL,RELD_MTL,1,False,False,0.0,12.382841682434082,12.141520500183105,1,False,12.519834518432617,12.25545883178711,1,False,12.772773742675781,12.533245086669922,1,False
OVRPBLTW,926,97,77,11.3983974457,10.9780769348,1,11.398397445678711,10.978076934814453,1,True,3.8287262277020773,9,0.11688311688311688,False,62,0,0,0.0,False,RELD_MTL,RELD_MTL,1,False,False,0.0,11.56803207397461,11.29909839630127,1,False,11.870558738708496,11.784379005432129,1,False,12.161714553833008,12.044868469238281,1,False
OVRPBLTW,927,97,77,11.1953716278,11.5272912979,0,11.195371627807617,11.527291297912598,0,True,2.9647936766635503,25,0.3246753246753247,False,62,0,0,0.0,False,RELD_MTL,RELD_MOEL,2,True,True,2.9647936766635503,11.36594524383545,11.875202751159668,0,False,11.468740463256836,12.02890682220459,0,False,11.809021949768066,12.281926155090332,0,False
OVRPBLTW,928,97,77,11.7717094421,11.8266487122,0,11.771709442138672,11.826648712158203,0,True,0.4667059645858825,3,0.03896103896103896,False,62,1,0,0.05,True,RELD_MOEL,RELD_MOEL,1,False,False,0.0,11.94580020904541,11.917930412292481,1,True,12.08896255493164,11.967387199401855,1,True,12.244222640991211,12.162240982055664,1,True
OVRPBLTW,929,97,77,9.4657001495,9.7037944794,0,9.465700149536133,9.703794479370117,0,True,2.515337757794679,6,0.07792207792207792,False,62,0,0,0.0,False,RELD_MOEL,RELD_MOEL,1,False,False,0.0,9.856634521484375,10.585069847106933,0,False,9.98493766784668,10.67359447479248,0,False,10.116667747497559,10.774978637695312,0,False
OVRPBLTW,930,97,77,15.4863147736,15.5543260574,0,15.48631477355957,15.554326057434082,0,True,0.4391702273541643,6,0.07792207792207792,False,62,0,0,0.0,False,RELD_MOEL,RELD_MOEL,1,False,False,0.0,15.606531143188477,15.926702880859375,0,False,15.893762588500977,15.99236011505127,0,False,16.312070846557617,16.234210968017578,1,True
OVRPBLTW,931,97,77,12.5237064362,12.8753795624,0,12.523706436157227,12.87537956237793,0,True,2.8080594829617067,6,0.07792207792207792,False,62,0,0,0.0,False,RELD_MTL,RELD_MOEL,2,True,True,2.8080594829617067,12.883853530883789,13.390960502624512,0,False,13.064533233642578,13.678506851196289,0,False,13.31216812133789,13.891104698181152,0,False
OVRPBLTW,932,97,77,17.1393928528,17.3540439606,0,17.139392852783203,17.35404396057129,0,True,1.2523845485281084,5,0.06493506493506493,False,62,0,0,0.0,False,RELD_MOEL,RELD_MOEL,1,False,False,0.0,17.489608383178712,17.876885604858398,0,False,17.731332778930664,18.158681869506836,0,False,17.91993522644043,18.35704803466797,0,False
OVRPBLTW,933,97,77,12.1224651337,12.1246480942,0,12.122465133666992,12.124648094177246,0,True,0.01800756261967254,1,0.012987012987012988,True,62,1,0,0.05,True,RELD_MTL,RELD_MOEL,2,True,True,0.01800756261967254,12.338071060180663,12.60895004272461,0,False,12.507059097290039,12.701961517333984,0,False,12.712746620178223,12.85893440246582,0,False
OVRPBLTW,934,97,77,12.2556819916,12.4301204681,0,12.255681991577148,12.430120468139648,0,True,1.4233273727203444,11,0.14285714285714285,False,62,0,0,0.0,False,RELD_MTL,MVMOE,3,True,False,3.1807707439802164,12.418321418762208,12.80565013885498,0,False,12.567403793334961,13.079404830932617,0,False,12.978870391845703,13.354499816894531,0,False
OVRPBLTW,935,97,77,12.7451648712,12.8629512787,0,12.74516487121582,12.862951278686523,0,True,0.9241654281472672,8,0.1038961038961039,False,62,0,0,0.0,False,RELD_MOEL,RELD_MOEL,1,False,False,0.0,12.874766540527343,13.268762969970703,0,False,12.969223022460938,13.653438568115234,0,False,13.070964813232422,13.802412986755371,0,False
OVRPBLTW,936,97,77,8.974521637,8.2458429337,1,8.97452163696289,8.245842933654785,1,True,8.836921939441233,34,0.44155844155844154,False,62,0,0,0.0,False,RELD_MTL,RELD_MTL,1,False,False,0.0,9.306246948242187,8.34647445678711,1,False,9.521925926208496,8.440831184387207,1,False,9.5693359375,8.990248680114746,1,False
OVRPBLTW,937,97,77,7.4875936508,7.5017843246,0,7.487593650817871,7.501784324645996,0,True,0.18952248828946217,1,0.012987012987012988,True,62,2,0,0.1,True,RELD_MTL,RELD_MOEL,2,True,True,0.18952248828946217,7.673559761047363,7.7072430610656735,0,False,7.770855903625488,7.7886247634887695,0,False,7.945731163024902,7.9298553466796875,1,True
OVRPBLTW,938,97,77,13.1054773331,13.1380214691,0,13.105477333068848,13.138021469116211,0,True,0.24832469030185422,2,0.025974025974025976,True,62,0,0,0.0,False,RELD_MTL,RELD_MOEL,2,True,True,0.24832469030185425,13.295296478271485,13.476177597045899,0,False,13.438881874084473,13.726997375488281,0,False,13.542074203491211,13.950651168823242,0,False
OVRPBLTW,939,97,77,14.6335897446,14.5694026947,1,14.633589744567871,14.569402694702148,1,True,0.4405606135339299,2,0.025974025974025976,True,62,1,0,0.05,True,RELD_MTL,RELD_MTL,1,False,False,0.0,15.001073455810547,14.718406295776367,1,False,15.168510437011719,14.82997989654541,1,False,15.498998641967773,15.026649475097656,1,False
OVRPBLTW,940,97,77,10.0028381348,9.7978687286,1,10.002838134765625,9.797868728637695,1,True,2.091979509805984,6,0.07792207792207792,False,62,0,0,0.0,False,RELD_MOEL,RELD_MTL,2,True,True,2.0919795098059835,10.237460708618164,10.038265991210938,1,False,10.309673309326172,10.102967262268066,1,False,10.365537643432617,10.176513671875,1,False
OVRPBLTW,941,97,77,17.1583309174,16.877696991,1,17.1583309173584,16.877696990966797,1,True,1.6627501166163112,4,0.05194805194805195,False,62,0,0,0.0,False,RELD_MTL,RELD_MTL,1,False,False,0.0,17.481496810913086,17.40311279296875,1,False,17.774539947509766,17.885204315185547,0,True,17.994657516479492,18.211441040039062,0,True
OVRPBLTW,942,97,77,9.3355484009,9.370891571,0,9.335548400878906,9.370891571044922,0,True,0.3785869729580301,4,0.05194805194805195,False,62,0,0,0.0,False,RELD_MTL,RELD_MOEL,2,True,True,0.3785869729580301,9.433135223388671,9.425707054138183,1,True,9.514800071716309,9.51783275604248,0,False,9.957646369934082,10.000962257385254,0,False
OVRPBLTW,943,98,78,14.3728866577,13.7686786652,1,14.372886657714844,13.768678665161133,1,True,4.3882786953778075,35,0.44871794871794873,False,63,0,0,0.0,False,RELD_MOEL,RELD_MTL,2,True,True,4.3882786953778075,14.714208793640136,13.99525489807129,1,False,14.797487735748291,14.148327589035034,1,False,15.093132495880127,14.462504863739014,1,False
OVRPBLTW,944,98,78,12.3175487518,11.9975614548,1,12.317548751831055,11.99756145477295,1,True,2.6671027958934097,28,0.358974358974359,False,63,0,0,0.0,False,RELD_MTL,RELD_MTL,1,False,False,0.0,12.65917148590088,12.0900239944458,1,False,12.807564973831177,12.163095235824585,1,False,12.984333992004395,12.423765659332275,1,False
OVRPBLTW,945,98,78,8.4531993866,8.4933853149,0,8.45319938659668,8.493385314941406,0,True,0.4753931199552959,1,0.01282051282051282,True,63,2,0,0.1,True,RELD_MTL,RELD_MOEL,2,True,True,0.4753931199552959,8.629047775268555,8.550056171417236,1,True,8.797837734222412,8.600022554397583,1,True,8.92326021194458,8.709456443786621,1,True
OVRPBLTW,946,98,78,14.0119400024,13.667757988,1,14.011940002441406,13.667757987976074,1,True,2.518203897831553,10,0.1282051282051282,False,63,0,0,0.0,False,RELD_MTL,RELD_MTL,1,False,False,0.0,14.108126068115235,13.996392345428466,1,False,14.172618865966797,14.061029434204102,1,False,14.388465881347656,14.308979988098145,1,False
OVRPBLTW,947,98,78,14.8860692978,14.8754997253,1,14.886069297790527,14.875499725341797,1,True,0.07105356253696073,1,0.01282051282051282,True,63,6,0,0.3,True,RELD_MTL,MVMOE,3,True,False,0.3736673762934469,15.088207817077636,15.439381885528565,0,True,15.276211977005005,15.658742904663086,0,True,15.465058326721191,16.156673431396484,0,True
OVRPBLTW,948,98,78,17.0633716583,17.1798057556,0,17.063371658325195,17.179805755615234,0,True,0.6823627805315063,6,0.07692307692307693,False,63,0,0,0.0,False,RELD_MTL,RELD_MOEL,2,True,True,0.6823627805315062,17.25794734954834,17.682055473327637,0,False,17.393115043640137,17.82504177093506,0,False,17.784335136413574,18.13494873046875,0,False
OVRPBLTW,949,98,78,12.8438682556,13.0645561218,0,12.843868255615234,13.064556121826172,0,True,1.718235206155897,2,0.02564102564102564,True,63,0,0,0.0,False,RELD_MOEL,RELD_MOEL,1,False,False,0.0,13.204246044158936,13.244095611572266,0,False,13.335910081863403,13.532576560974121,0,False,13.523393630981445,13.831947326660156,0,False
OVRPBLTW,950,98,78,8.432258606,8.5745563507,0,8.432258605957031,8.574556350708008,0,True,1.6875400927427446,9,0.11538461538461539,False,63,0,0,0.0,False,RELD_MTL,RELD_MOEL,2,True,True,1.6875400927427446,8.546003246307373,8.73278226852417,0,False,8.697169780731201,8.884072542190552,0,False,9.034060001373291,9.292928695678711,0,False
OVRPBLTW,951,98,78,15.0960969925,14.6774196625,1,15.096096992492676,14.677419662475586,1,True,2.85252680394291,29,0.3717948717948718,False,63,0,0,0.0,False,RELD_MOEL,RELD_MTL,2,True,True,2.85252680394291,15.440470981597901,14.87128667831421,1,False,15.654090404510498,15.024075031280518,1,False,15.823469161987305,15.180956840515137,1,False
OVRPBLTW,952,98,78,13.3473014832,13.3039112091,1,13.347301483154297,13.303911209106445,1,True,0.32614675051589875,1,0.01282051282051282,True,63,8,0,0.4,True,RELD_MTL,MVMOE,3,True,False,0.2282447241631637,13.624920272827149,13.745818901062012,0,True,13.68645691871643,13.874797821044922,0,True,13.881794929504395,14.025437355041504,0,True
OVRPBLTW,953,98,78,16.8273887634,15.9628591537,1,16.827388763427734,15.962859153747559,1,True,5.415881963098137,9,0.11538461538461539,False,63,0,0,0.0,False,RELD_MTL,RELD_MTL,1,False,False,0.0,16.95494270324707,16.8147912979126,1,False,17.08253526687622,17.597359657287598,0,True,17.6933536529541,17.66861915588379,1,False
OVRPBLTW,954,98,78,12.5467224121,12.5481319427,0,12.546722412109375,12.548131942749023,0,True,0.01123425348631933,1,0.01282051282051282,True,63,4,0,0.2,True,RELD_MTL,RELD_MOEL,2,True,True,0.011234253486319328,12.776960849761963,12.809473896026612,0,False,12.895151376724243,12.965609788894653,0,False,13.029134750366211,13.143948078155518,0,False
OVRPBLTW,955,98,78,10.1706447601,10.02821064,1,10.170644760131836,10.028210639953613,1,True,1.420334346905988,20,0.2564102564102564,False,63,0,0,0.0,False,RELD_MTL,RELD_MTL,1,False,False,0.0,10.747875022888184,10.085848808288574,1,False,10.868370532989502,10.162113189697266,1,False,11.055842399597168,10.46862268447876,1,False
OVRPBLTW,956,98,78,15.5162973404,16.0009689331,0,15.516297340393066,16.00096893310547,0,True,3.123629188505272,10,0.1282051282051282,False,63,0,0,0.0,False,RELD_MOEL,RELD_MOEL,1,False,False,0.0,15.909327983856201,16.54413547515869,0,False,16.19654655456543,16.730607986450195,0,False,16.427724838256836,16.879846572875977,0,False
OVRPBLTW,957,98,78,10.5830593109,10.866689682,0,10.583059310913086,10.866689682006836,0,True,2.6800414017133636,9,0.11538461538461539,False,63,0,0,0.0,False,RELD_MTL,RELD_MOEL,2,True,True,2.6800414017133636,10.858389854431152,10.919894599914551,0,False,11.000923156738281,11.141917943954468,0,False,11.110805988311768,11.290274143218994,0,False
OVRPBLTW,958,98,78,11.5856170654,11.6888656616,0,11.585617065429688,11.688865661621094,0,True,0.891179085388108,9,0.11538461538461539,False,63,0,0,0.0,False,RELD_MOEL,RELD_MOEL,1,False,False,0.0,11.680981349945068,11.782615661621094,0,False,11.744660139083862,11.815478563308716,0,False,11.871691226959229,11.867353916168213,1,True
OVRPBLTW,959,98,78,9.2242164612,9.421336174,0,9.22421646118164,9.42133617401123,0,True,2.1369805622965328,3,0.038461538461538464,False,63,0,0,0.0,False,RELD_MOEL,RELD_MOEL,1,False,False,0.0,9.505882453918456,9.850355911254884,0,False,9.64764404296875,9.995140314102173,0,False,10.048069477081299,10.332460403442383,0,False
OVRPBLTW,960,98,78,19.3339347839,20.1116390228,0,19.333934783935547,20.11163902282715,0,True,4.022482994758108,10,0.1282051282051282,False,63,0,0,0.0,False,RELD_MTL,RELD_MOEL,2,True,True,4.022482994758108,20.00926990509033,20.79240016937256,0,False,20.54514741897583,20.885727405548096,0,False,21.016849517822266,21.21517848968506,0,False
OVRPBLTW,961,98,78,13.7066192627,12.9092731476,1,13.706619262695312,12.909273147583008,1,True,6.176537640682246,65,0.8333333333333334,False,63,0,0,0.0,False,RELD_MTL,RELD_MTL,1,False,False,0.0,13.86414909362793,13.068033123016358,1,False,13.929634094238281,13.180742502212524,1,False,13.979557037353516,13.225183963775635,1,False
OVRPBLTW,962,99,79,16.0857048035,16.2495231628,0,16.085704803466797,16.249523162841797,0,True,1.0184095835474634,2,0.02531645569620253,True,64,1,0,0.05,True,RELD_MOEL,RELD_MOEL,1,False,False,0.0,16.724841690063478,16.49890899658203,1,True,17.07240104675293,16.667661666870117,1,True,17.284854888916016,16.815629959106445,1,True
OVRPBLTW,963,99,79,12.3051052094,11.4695663452,1,12.305105209350586,11.469566345214844,1,True,7.284833960175592,46,0.5822784810126582,False,64,0,0,0.0,False,RELD_MTL,RELD_MTL,1,False,False,0.0,12.495037460327149,11.600278091430663,1,False,12.628407001495361,11.722663879394531,1,False,12.776300430297852,11.837369918823242,1,False
OVRPBLTW,964,99,79,14.1670789719,13.7913150787,1,14.167078971862793,13.791315078735352,1,True,2.724641493981592,2,0.02531645569620253,True,64,0,0,0.0,False,RELD_MTL,RELD_MTL,1,False,False,0.0,14.479036140441895,14.301860046386718,1,False,14.587401390075684,14.445821762084961,1,False,14.771553039550781,14.685352325439453,1,False
OVRPBLTW,965,99,79,15.4471378326,15.1311664581,1,15.447137832641602,15.131166458129883,1,True,2.0882155739609534,6,0.0759493670886076,False,64,0,0,0.0,False,RELD_MOEL,RELD_MTL,2,True,True,2.0882155739609534,15.644613265991211,15.486445999145507,1,False,15.816206455230713,15.749568462371826,1,False,16.030517578125,15.95606803894043,1,False
OVRPBLTW,966,99,79,7.9791121483,7.8684535027,1,7.979112148284912,7.868453502655029,1,True,1.4063582578460618,7,0.08860759493670886,False,64,0,0,0.0,False,RELD_MTL,RELD_MTL,1,False,False,0.0,8.127387619018554,8.022122955322265,1,False,8.181991577148438,8.139508724212646,1,False,8.229591369628906,8.50369644165039,0,True
OVRPBLTW,967,99,79,14.2107477188,14.512512207,0,14.210747718811035,14.51251220703125,0,True,2.123494795427146,14,0.17721518987341772,False,64,0,0,0.0,False,RELD_MOEL,MVMOE,3,True,False,1.2181597048199158,14.410606384277344,14.607395935058594,0,False,14.557624340057373,14.73719596862793,0,False,14.783405303955078,14.995566368103027,0,False
OVRPBLTW,968,99,79,8.5417842865,7.9611902237,1,8.541784286499023,7.961190223693848,1,True,7.29280480036271,30,0.379746835443038,False,64,0,0,0.0,False,RELD_MTL,RELD_MTL,1,False,False,0.0,8.74844741821289,8.292008781433106,1,False,8.939679145812988,8.468044757843018,1,False,9.221744537353516,8.795486450195312,1,False
OVRPBLTW,969,99,79,10.5304861069,10.7242937088,0,10.530486106872559,10.72429370880127,0,True,1.8404430710279283,5,0.06329113924050633,False,64,0,0,0.0,False,RELD_MTL,RELD_MOEL,2,True,True,1.8404430710279283,10.940161323547363,11.024159240722657,0,False,11.106722831726074,11.279141902923584,0,False,11.276114463806152,11.510618209838867,0,False
OVRPBLTW,970,99,79,6.3158946037,5.7208909988,1,6.315894603729248,5.720890998840332,1,True,10.400540842760455,71,0.8987341772151899,False,64,0,0,0.0,False,RELD_MTL,RELD_MTL,1,False,False,0.0,6.354021167755127,6.023053073883057,1,False,6.604528427124023,6.071908712387085,1,False,6.72755765914917,6.137959003448486,1,False
OVRPBLTW,971,99,79,11.511961937,11.2098312378,1,11.511961936950684,11.209831237792969,1,True,2.6952296853605096,27,0.34177215189873417,False,64,0,0,0.0,False,RELD_MOEL,MVMOE,3,True,False,3.7009320588462016,11.774725532531738,11.384541130065918,1,False,11.899866104125977,11.468491554260254,1,False,12.119903564453125,11.62655258178711,1,False
OVRPBLTW,972,99,79,9.8059434891,9.6205997467,1,9.805943489074707,9.620599746704102,1,True,1.926530021827133,1,0.012658227848101266,True,64,3,0,0.15,True,RELD_MTL,RELD_MTL,1,False,False,0.0,10.35052890777588,10.045965957641602,1,False,10.559582710266113,10.076623916625977,1,False,10.714863777160645,10.509883880615234,1,False
OVRPBLTW,973,99,79,11.7505397797,11.643737793,1,11.750539779663086,11.64373779296875,1,True,0.9172482977434284,4,0.05063291139240506,False,64,0,0,0.0,False,RELD_MTL,RELD_MTL,1,False,False,0.0,11.842214965820313,11.92469367980957,0,True,11.90698528289795,12.077161312103271,0,True,12.005111694335938,12.234814643859863,0,True
OVRPBLTW,974,99,79,14.0614805222,14.9476003647,0,14.061480522155762,14.947600364685059,0,True,6.301753510955053,22,0.27848101265822783,False,64,0,0,0.0,False,RELD_MTL,RELD_MOEL,2,True,True,6.301753510955053,14.738251113891602,15.526658630371093,0,False,14.942198276519775,15.853890419006348,0,False,15.234926223754883,16.267974853515625,0,False
OVRPBLTW,975,99,79,8.8476314545,8.0194797516,1,8.847631454467773,8.019479751586914,1,True,10.326750968287833,76,0.9620253164556962,False,64,0,0,0.0,False,RELD_MTL,RELD_MTL,1,False,False,0.0,9.225683212280273,8.102152061462402,1,False,9.38377857208252,8.13434648513794,1,False,9.545491218566895,8.184892654418945,1,False
OVRPBLTW,976,99,79,15.2478246689,15.3610935211,0,15.247824668884277,15.361093521118164,0,True,0.7428525357523823,5,0.06329113924050633,False,64,0,0,0.0,False,RELD_MTL,RELD_MOEL,2,True,True,0.7428525357523823,15.467267608642578,15.860962295532227,0,False,15.95884895324707,16.307775497436523,0,False,16.346515655517578,16.719070434570312,0,False
OVRPBLTW,977,99,79,10.903676033,10.9159069061,0,10.90367603302002,10.91590690612793,0,True,0.11217201485978925,1,0.012658227848101266,True,64,2,0,0.1,True,RELD_MOEL,RELD_MOEL,1,False,False,0.0,11.268525695800781,11.186549377441406,1,True,11.44962215423584,11.311718940734863,1,True,11.765372276306152,11.493424415588379,1,True
OVRPBLTW,978,99,79,18.3910560608,18.5487308502,0,18.391056060791016,18.548730850219727,0,True,0.8573449446227132,3,0.0379746835443038,False,64,0,0,0.0,False,RELD_MTL,MVMOE,3,True,False,1.2974677082468613,18.730721282958985,19.1454288482666,0,False,18.89277935028076,19.359773635864258,0,False,19.197696685791016,19.606550216674805,0,False
OVRPBLTW,979,99,79,17.2909240723,18.6430206299,0,17.290924072265625,18.643020629882812,0,True,7.819689404374017,57,0.7215189873417721,False,64,0,0,0.0,False,RELD_MTL,RELD_MOEL,2,True,True,7.819689404374016,17.46814422607422,19.02694778442383,0,False,17.738828659057617,19.260457038879395,0,False,18.08778190612793,19.495601654052734,0,False
OVRPBLTW,980,99,79,13.9198226929,13.4757385254,1,13.919822692871094,13.475738525390625,1,True,3.2954347300740463,18,0.22784810126582278,False,64,0,0,0.0,False,RELD_MTL,RELD_MTL,1,False,False,0.0,14.150358390808105,13.564012908935547,1,False,14.317023754119873,14.004724025726318,1,False,14.996794700622559,14.15709400177002,1,False
OVRPBLTW,981,100,80,11.9191865921,11.4395046234,1,11.91918659210205,11.439504623413086,1,True,4.193205776750081,20,0.25,False,64,0,0,0.0,False,RELD_MTL,RELD_MTL,1,False,False,0.0,12.08235445022583,11.701077842712403,1,False,12.528791189193726,11.924625158309937,1,False,12.603456497192383,12.050832748413086,1,False
OVRPBLTW,982,100,80,11.5831565857,11.8772907257,0,11.58315658569336,11.877290725708008,0,True,2.5393262866110633,2,0.025,True,64,0,0,0.0,False,RELD_MTL,RELD_MOEL,2,True,True,2.5393262866110633,12.256671333312989,12.443305778503419,0,False,12.34467887878418,12.5469388961792,0,False,12.433914184570312,12.686854839324951,0,False
OVRPBLTW,983,100,80,18.1319789886,18.1510257721,0,18.13197898864746,18.151025772094727,0,True,0.10504525464084044,1,0.0125,True,64,5,0,0.25,True,RELD_MTL,RELD_MOEL,2,True,True,0.10504525464084043,18.412900543212892,18.43439483642578,0,False,18.56206703186035,18.66817283630371,0,False,18.811110496520996,18.945944786071777,0,False
OVRPBLTW,984,100,80,9.6385545731,9.4017820358,1,9.638554573059082,9.401782035827637,1,True,2.518379349770293,25,0.3125,False,64,0,0,0.0,False,RELD_MTL,RELD_MTL,1,False,False,0.0,9.809006404876708,9.533203029632569,1,False,9.843915939331055,9.582794666290283,1,False,10.013471603393555,9.797450065612793,1,False
OVRPBLTW,985,100,80,13.4363937378,13.2269659042,1,13.436393737792969,13.22696590423584,1,True,1.583339936889829,9,0.1125,False,64,0,0,0.0,False,RELD_MOEL,MVMOE,3,True,False,1.799431475602685,13.730762481689453,13.428263568878174,1,False,13.792150020599365,13.681294202804565,1,False,13.96671438217163,13.825525760650635,1,False
OVRPBLTW,986,100,80,16.2322883606,16.3306846619,0,16.232288360595703,16.330684661865234,0,True,0.6061764004811323,2,0.025,True,64,1,0,0.05,True,RELD_MOEL,RELD_MOEL,1,False,False,0.0,16.712272262573244,17.027783584594726,0,False,16.804061889648438,17.288837909698486,0,False,16.973798751831055,17.55730438232422,0,False
OVRPBLTW,987,100,80,7.8045625687,7.8754901886,0,7.804562568664551,7.875490188598633,0,True,0.9087968643425755,2,0.025,True,64,1,0,0.05,True,RELD_MTL,RELD_MOEL,2,True,True,0.9087968643425756,8.670349502563477,7.979123830795288,1,True,8.726289749145508,8.041730642318726,1,True,8.8122878074646,8.139754295349121,1,True
OVRPBLTW,988,100,80,12.4279642105,12.6020965576,0,12.427964210510254,12.602096557617188,0,True,1.4011333163711535,11,0.1375,False,64,0,0,0.0,False,RELD_MTL,RELD_MOEL,2,True,True,1.4011333163711535,12.558499145507813,12.702939224243163,0,False,13.111690044403076,13.181896448135376,0,False,13.208747386932373,13.358691215515137,0,False
OVRPBLTW,989,100,80,11.1135425568,10.9438753128,1,11.113542556762695,10.943875312805176,1,True,1.5503397028067163,6,0.075,False,64,0,0,0.0,False,RELD_MTL,RELD_MTL,1,False,False,0.0,11.452897357940675,11.24587116241455,1,False,11.680242538452148,11.504789352416992,1,False,11.864544868469238,11.721616744995117,1,False
OVRPBLTW,990,100,80,11.7837753296,12.0982761383,0,11.783775329589844,12.098276138305664,0,True,2.6689307959733126,1,0.0125,True,64,5,0,0.25,True,RELD_MTL,RELD_MOEL,2,True,True,2.6689307959733126,12.857264137268066,12.682078456878662,1,True,13.155991554260254,13.089183568954468,1,True,13.53127908706665,13.22469186782837,1,True
OVRPBLTW,991,100,80,7.792324543,6.80732584,1,7.792324542999268,6.807325839996338,1,True,14.469686425352611,78,0.975,False,64,0,0,0.0,False,RELD_MTL,RELD_MTL,1,False,False,0.0,7.935766649246216,6.869434070587158,1,False,7.973897695541382,6.9344562292099,1,False,8.039094924926758,7.011157751083374,1,False
OVRPBLTW,992,100,80,14.8987445831,14.3961353302,1,14.898744583129883,14.396135330200195,1,True,3.4912790229585644,7,0.0875,False,64,0,0,0.0,False,RELD_MTL,RELD_MTL,1,False,False,0.0,15.116981983184814,14.960647296905517,1,False,15.276779413223267,15.056895732879639,1,False,15.534396648406982,15.313130855560303,1,False
OVRPBLTW,993,100,80,11.7668066025,11.7430458069,1,11.766806602478027,11.743045806884766,1,True,0.20233929076594256,1,0.0125,True,64,2,0,0.1,True,RELD_MTL,RELD_MTL,1,False,False,0.0,12.480398750305175,12.354685306549072,1,False,12.61656665802002,12.48921251296997,1,False,12.748394966125488,12.606870174407959,1,False
OVRPBLTW,994,100,80,9.7387571335,8.7917976379,1,9.738757133483887,8.791797637939453,1,True,10.770942810578491,79,0.9875,False,64,0,0,0.0,False,RELD_MTL,RELD_MTL,1,False,False,0.0,9.871103382110595,8.859811496734618,1,False,10.018743753433228,8.966957569122314,1,False,10.116761207580566,9.067691326141357,1,False
OVRPBLTW,995,100,80,11.6750936508,11.746679306,0,11.675093650817871,11.746679306030273,0,True,0.6131484452383508,2,0.025,True,64,0,0,0.0,False,RELD_MOEL,RELD_MOEL,1,False,False,0.0,11.838856887817382,11.894271945953369,0,False,11.885897159576416,12.112848281860352,0,False,11.98102617263794,12.237677574157715,0,False
OVRPBLTW,996,100,80,14.1797218323,14.6558790207,0,14.17972183227539,14.655879020690918,0,True,3.3580150163126707,10,0.125,False,64,0,0,0.0,False,RELD_MTL,RELD_MOEL,2,True,True,3.358015016312671,14.482793807983398,15.090010929107667,0,False,14.888643980026245,15.510470151901245,0,False,15.10150957107544,15.802947521209717,0,False
OVRPBLTW,997,100,80,16.0825233459,16.5830364227,0,16.082523345947266,16.583036422729492,0,True,3.112155139060309,35,0.4375,False,64,0,0,0.0,False,RELD_MOEL,RELD_MOEL,1,False,False,0.0,16.26971378326416,16.748687553405762,0,False,16.359482765197754,16.832683086395264,0,False,16.646703720092773,17.05145835876465,0,False
OVRPBLTW,998,100,80,12.0810050964,11.635263443,1,12.081005096435547,11.635263442993164,1,True,3.830954542487541,38,0.475,False,64,0,0,0.0,False,RELD_MTL,RELD_MTL,1,False,False,0.0,12.332055950164795,11.85035400390625,1,False,12.466044425964355,11.999483108520508,1,False,12.577359676361084,12.10620403289795,1,False
OVRPBLTW,999,100,80,13.58335495,13.5011425018,1,13.583354949951172,13.501142501831055,1,True,0.608929564213097,2,0.025,True,64,0,0,0.0,False,RELD_MOEL,MVMOE,3,True,False,1.4894671898895764,13.651205062866211,13.994502735137939,0,True,13.773229360580444,14.129042625427246,0,True,14.049979209899902,14.33923625946045,0,True
