source_split,original_index,base_id,customers,MOEL_cost,MTL_cost,binary_label,included_in_metrics,A_2000_prediction,A_2000_score0,A_2000_score1,A_2000_probability1,B_8000_prediction,B_8000_score0,B_8000_score1,B_8000_probability1
train,0,725832525793972874,50,10.0953922272,9.595044136,1,True,0,0.024435728788375854,-0.08251085877418518,0.47328880752438907,0,0.03235580772161484,-0.05668604001402855,0.47775423399575784
train,5,5149061831308637088,50,8.4725875854,8.1505374908,1,True,1,-0.16215546429157257,0.09527340531349182,0.5640041462950115,1,-0.6601299047470093,0.36650559306144714,0.736263097173132
train,7,8693864934097211866,50,7.2480053902,7.3704023361,0,True,0,0.20115651190280914,-0.16436336934566498,0.4096240181486062,0,0.09631603211164474,-0.15346498787403107,0.4378773982928095
train,13,2377661631477918245,50,7.7427744865,7.9062795639,0,True,0,0.006203271448612213,-0.01907031238079071,0.4936819403462462,0,0.26094090938568115,-0.14979948103427887,0.39873460271248046
train,18,1404268173299173267,50,8.2777290344,8.4881534576,0,True,1,-0.08894684910774231,-0.050909921526908875,0.5095080855584404,1,-0.1068699061870575,-0.04801054671406746,0.5147105931355479
train,27,2543470460747906637,50,8.7285337448,9.5550889969,0,True,1,-0.0371021144092083,-0.0134672150015831,0.5059084498119578,0,0.0018996670842170715,-0.22082172334194183,0.44454868414397875
train,55,4127880537929525200,50,8.6371126175,8.6357021332,1,True,0,0.04113204777240753,-0.11656971275806427,0.46065606588550706,1,0.0014697685837745667,0.059531982988119125,0.514511477047429
train,65,3398120234602325722,50,8.5303916931,8.8573789597,0,True,0,0.08804836869239807,-0.1283467411994934,0.4461113448943659,0,0.086539126932621,-0.0440346784889698,0.46740284930023873
train,90,8517139278532623130,50,5.8496198654,5.8949847221,0,True,1,-0.11773636192083359,0.011198282241821289,0.5321890804029079,1,-0.25011298060417175,0.2855176329612732,0.6307954029700901
train,95,8872420767812513090,50,11.0112895966,11.139383316,0,True,0,0.054678842425346375,-0.11209090799093246,0.45840392409504144,0,0.06736015528440475,-0.0769280195236206,0.46399040850393675
train,102,3997870564138922738,50,5.5674781799,5.0428276062,1,True,1,-0.16126611828804016,0.08502170443534851,0.5612625976481618,1,-0.4487992525100708,0.275605708360672,0.6735762809580883
train,111,6295728323326862392,50,7.0343723297,7.0617651939,0,True,1,-0.2905280590057373,0.15846844017505646,0.6104006161652896,1,0.02003292739391327,0.020063426345586777,0.5000076247379177
train,127,7288687356356299361,50,6.6513323784,6.6114807129,1,True,1,-0.12206318974494934,0.03796732425689697,0.5399224644319477,1,-0.28990238904953003,0.14220008254051208,0.6063756073192633
train,153,3061501902050413671,50,8.6895503998,8.6525554657,1,True,0,0.00467371940612793,-0.04920893907546997,0.48653259359457807,1,-0.02675488591194153,0.04632272943854332,0.518261277778093
train,181,3656261628774489674,50,8.0428352356,7.8887529373,1,True,1,-0.12317472696304321,-0.006758019328117371,0.529071351018227,0,0.04622604697942734,-0.06767569482326508,0.47155531042000826
train,183,6201381088540375369,50,11.5535554886,11.5191364288,1,True,0,0.013202652335166931,-0.03572925925254822,0.4877694623363073,0,0.08166826516389847,-0.08588480949401855,0.45820945471488156
train,184,6677934787432980486,50,6.8596200943,7.0337119102,0,True,0,0.1140734851360321,-0.14822278916835785,0.43479931712739517,1,-0.030432742089033127,0.018751513212919235,0.5122935856502326
train,186,5745610269603727688,50,7.3499298096,7.3655776978,0,True,0,0.06304629147052765,-0.04116841405630112,0.47396987814419717,1,-0.10360100865364075,0.16254208981990814,0.5661457973540218
train,192,4772291367195777398,50,7.2807846069,7.3858399391,0,True,0,-0.006776772439479828,-0.15420974791049957,0.46320837537617554,0,0.023077212274074554,-0.2375909984111786,0.43519945431016027
train,193,3585993279132717984,50,7.2963085175,7.3261237144,0,True,0,0.12231676280498505,-0.14632607996463776,0.43324030544554487,1,-0.04366990551352501,0.09776787459850311,0.53530061661204
train,197,105378208725626129,51,10.4141082764,10.1282482147,1,True,0,0.05781300365924835,-0.04426964372396469,0.47450147736852005,1,-0.10892623662948608,0.13462896645069122,0.5605895862999121
train,201,1001048147315885314,51,9.2480773926,9.2850589752,0,True,1,-0.1951770931482315,0.09657211601734161,0.5724243142638847,1,-0.48617327213287354,0.20946183800697327,0.6672193104651066
train,204,7627505792431833070,51,6.3152804375,5.6369514465,1,True,0,0.028247997164726257,-0.04608461260795593,0.481425399346497,1,-0.06080096960067749,0.06624913215637207,0.5317198691211464
train,211,4980063544148345124,51,8.6867542267,8.8469400406,0,True,1,-0.029276974499225616,0.03000117838382721,0.5148152002145386,1,-0.05224674195051193,0.07075290381908417,0.5307112022765501
train,221,4312278279400832998,51,4.5723876953,4.4354467392,1,True,1,-0.013307265937328339,0.06504598259925842,0.5195782968507172,1,-0.2164745330810547,-0.005433451384305954,0.5525653174359033
train,228,1078860870772534903,51,5.1594753265,5.0896978378,1,True,1,-0.26500403881073,0.20790238678455353,0.616071437249995,1,-0.588778018951416,0.5402510166168213,0.7556596665391905
train,233,6984141610529395761,51,4.7685527802,4.6956548691,1,True,0,0.1378125548362732,-0.14427033066749573,0.4299432030743585,0,0.06533566862344742,-0.04494534805417061,0.47245765411821194
train,241,4831223548330859238,51,6.3818349838,6.4172940254,0,True,1,-0.10554087162017822,0.009721055626869202,0.5287836222489627,1,-0.22236120700836182,0.06399770081043243,0.571104500529059
train,253,5496359715640384778,51,9.416217804,9.4350395203,0,True,0,0.06124433875083923,-0.08336476236581802,0.46391059399198753,1,-0.053043264895677567,0.03728825971484184,0.5225675377190903
train,272,2537713468308409710,51,9.2692394257,9.1598320007,1,True,0,0.08383448421955109,-0.14561039209365845,0.4428891113561375,0,0.05247441679239273,-0.11371789872646332,0.45854728716163357
train,277,2754817564178008550,51,6.5003166199,6.5240869522,0,True,1,-0.07587124407291412,-0.018560558557510376,0.5143237510459108,0,0.08022507280111313,-0.1599193960428238,0.44025074896444577
train,287,4389909104930784483,51,9.38048172,9.6428203583,0,True,0,0.0770735889673233,-0.09498871862888336,0.4570902344347182,1,-0.014951027929782867,0.043163832277059555,0.5145246274016947
train,304,1399978558912004037,51,8.8482036591,8.8246479034,1,True,0,0.05803990364074707,-0.04949689656496048,0.4731416777969377,0,0.19106945395469666,-0.08519333600997925,0.4313702400212155
train,313,5383604459261609742,51,7.8965063095,7.6093225479,1,True,0,0.02237565815448761,-0.07760933041572571,0.4750245560133815,0,0.03553836792707443,0.006723430007696152,0.492796763917557
train,316,8496371604363455527,51,7.5385365486,7.611415863,0,True,1,-0.4391169548034668,0.287226140499115,0.6740022776014792,1,-0.917452871799469,0.7044583559036255,0.8350585428366581
train,341,4313199976716854517,51,9.638092041,9.7312479019,0,True,1,-0.30828940868377686,0.22584261000156403,0.6304463230106246,1,-0.23917993903160095,-0.006993133574724197,0.5577873213576062
train,343,763421755298784126,51,6.943921566,6.904630661,1,True,0,0.1060885637998581,-0.08264961838722229,0.4529550250168535,0,0.17985671758651733,-0.03218245878815651,0.44718792970900645
train,371,7794052978441551221,51,5.9756426811,6.0031375885,0,True,1,-0.24350287020206451,0.29034268856048584,0.6303795800080642,1,-0.4730492830276489,0.2084996998310089,0.664084326598852
train,379,5895321872178606682,51,7.8941469193,7.9190993309,0,True,0,0.003127060830593109,0.0005590617656707764,0.4993580005865812,1,-0.0797484815120697,0.060487356036901474,0.5350016161018184
train,381,7124125573199299514,51,8.7654876709,8.5477190018,1,True,0,0.10203596949577332,-0.12692062556743622,0.4430095924217023,0,0.11043334752321243,-0.2627534866333008,0.4077711951110081
train,399,4178486878222179152,52,8.0088939667,7.8788027763,1,True,0,0.04714183509349823,-0.037850409746170044,0.4787647203264006,1,-0.07450712472200394,0.1180267184972763,0.5479853205281376
train,401,6974549610329844360,52,6.2760715485,5.602804184,1,True,1,-0.3831230401992798,0.3327428102493286,0.6716960003626161,1,-0.2464282512664795,0.08010275661945343,0.580915079007802
train,412,8069723830799959388,52,8.2974224091,8.1625156403,1,True,0,0.08559314906597137,-0.10130947083234787,0.45340989222000233,1,-0.0191151425242424,0.05254335328936577,0.5179069620111125
train,426,7770280967086674595,52,7.5724334717,7.3901748657,1,True,0,0.059965580701828,-0.11702528595924377,0.4558674304457976,1,-0.0683380663394928,0.06949815154075623,0.5344046011330513
train,428,4460959948629594485,52,10.3663673401,10.628786087,0,True,0,0.035216063261032104,-0.08515909314155579,0.4699424970184562,0,-0.0248202383518219,-0.04704895243048668,0.4944430502931377
train,446,6525658108698317676,52,8.1518182755,8.1509504318,1,True,0,0.07400491833686829,-0.10352753102779388,0.45573309281584734,1,-0.30576449632644653,0.1567506492137909,0.613610668706712
train,450,1850446963683033345,52,8.7289590836,8.7517948151,0,True,1,-0.4453656077384949,0.30299198627471924,0.6788207218665635,1,-0.8243536949157715,0.4245564639568329,0.7771111474454532
train,454,4443787419702868944,52,7.8638696671,7.7508821487,1,True,1,-0.04087520018219948,-0.003476575016975403,0.509348566696723,1,-0.17650121450424194,0.1972140222787857,0.5923564046509153
train,480,1326826227987772407,52,9.9277534485,10.0833587646,0,True,0,0.05223868787288666,-0.07415364682674408,0.4684439142421372,0,-0.012285582721233368,-0.05142932012677193,0.49021531498414733
train,502,6646904798071285821,52,10.1762046814,10.282043457,0,True,0,0.08240129053592682,-0.12276709824800491,0.44888707305920145,0,0.07537838071584702,-0.07715961337089539,0.4619392721177564
train,505,8651916236821523887,52,10.701086998,10.4238796234,1,True,0,0.03452805429697037,-0.09178154915571213,0.46846451472498085,0,0.04378775507211685,-0.030098464339971542,0.4815368438471167
train,508,1968180442860377371,52,8.6884346008,8.5845680237,1,True,0,0.02362053096294403,-0.05564766377210617,0.4801933214143809,1,-0.11940640211105347,0.16233091056346893,0.5699720977244529
train,512,8552340406614531110,52,8.7062320709,8.8815059662,0,True,0,0.0564517080783844,-0.08074570447206497,0.465754347548435,1,-0.040833599865436554,-0.014211874455213547,0.5066550383127075
train,520,6006441295685123187,52,6.1473946571,6.1718678474,0,True,1,-0.09467461705207825,0.06224504113197327,0.5391496132098831,1,-0.45274248719215393,0.47467267513275146,0.7165505838466244
train,540,2153637394905844400,52,7.5289034843,7.9747729301,0,True,0,0.0814940482378006,-0.12269672751426697,0.4491289343387441,1,-0.08342991769313812,0.047165270894765854,0.5326024737664274
train,546,282388528024044298,52,11.4755935669,11.7189064026,0,True,0,0.099042147397995,-0.09075392782688141,0.4526929061873847,0,0.16274410486221313,-0.07381837069988251,0.4411336476808241
train,551,3909609829732239944,52,9.3670024872,9.363822937,1,True,0,0.04108281433582306,-0.09129507839679718,0.46695377098042135,1,-0.08376697450876236,0.014829348772764206,0.5246291319207582
train,561,4907396835821747037,52,10.3326969147,10.2331733704,1,True,0,-0.02255144715309143,-0.05625401437282562,0.49157515563574583,0,0.008405283093452454,-0.03881867602467537,0.48819620377837813
train,570,379890387557387011,52,8.3850679398,8.2671251297,1,True,0,0.10919953882694244,-0.09310051053762436,0.4495967678487543,0,0.18496477603912354,-0.060556914657354355,0.4389260688298358
train,573,2387439328643795325,52,8.9309835434,9.0156383514,0,True,0,0.04216349124908447,-0.10227751731872559,0.4639523984513641,0,0.025194935500621796,-0.01655985787510872,0.48956281801519036
train,599,1347775588873052563,53,9.2897996902,9.2255191803,1,True,0,0.07338424026966095,-0.07355409115552902,0.4633313690615825,0,0.2069435715675354,-0.09206147491931915,0.42580072584052464
train,613,1985768375936555493,53,7.952319622,8.1463594437,0,True,0,0.03782036900520325,-0.06998423486948013,0.4730749205456526,1,-0.028962116688489914,0.061150502413511276,0.5225129225595805
train,622,7662191930518401456,53,8.4550514221,8.6780929565,0,True,0,0.025164589285850525,-0.06502033770084381,0.477469037146548,1,-0.027754876762628555,0.05520794168114662,0.5207288165658619
train,625,2692206244317991081,53,7.2988977432,7.4479312897,0,True,0,-0.04820510372519493,-0.07454170286655426,0.49341623076115065,1,-0.18058466911315918,0.12187819182872772,0.5750444729715831
train,639,7944148744460687459,53,5.2183170319,5.2118163109,1,True,0,0.11526761949062347,-0.11471527069807053,0.4427563667841327,0,-0.011000417172908783,-0.0657513439655304,0.48631568654553553
train,648,3938899096330462194,53,10.4897108078,10.4009599686,1,True,0,0.010302402079105377,-0.08693012595176697,0.47571100099373664,1,0.020108260214328766,0.03767899423837662,0.5043925704964819
train,653,3673127005518231392,53,6.1781873703,6.5364127159,0,True,0,0.10790550708770752,-0.14880535006523132,0.4361724235647547,0,0.34952348470687866,-0.3514537513256073,0.3315955976455794
train,654,2163874567611686820,53,7.4297819138,7.4398965836,0,True,0,0.04031512141227722,-0.11772827059030533,0.4605711879859403,0,0.025325655937194824,-0.11882594227790833,0.4640243757215725
train,664,6657582490299916942,53,10.723028183,10.8514146805,0,True,1,-0.02122625708580017,0.01710771769285202,0.5095823202935212,1,-0.28109684586524963,0.1194911003112793,0.5988289122993314
train,669,9079838732103651175,53,5.7449140549,5.729177475,1,True,0,0.0981702208518982,-0.12168606370687485,0.445256262776284,1,0.03259206563234329,0.09099012613296509,0.5145953674383925
train,670,3223871101940450214,53,11.4669485092,12.1263637543,0,True,0,0.1166827529668808,-0.07553763687610626,0.45209232222821827,0,0.16095656156539917,-0.07244671881198883,0.44191264330613905
train,675,4211354481957495858,53,6.7440581322,6.6771178246,1,True,0,0.04639311134815216,-0.07402481883764267,0.4699318422304782,1,-0.039065562188625336,0.06664592027664185,0.5264032873147133
train,684,8938386951695178391,53,8.9494428635,8.7399101257,1,True,0,0.12101814150810242,-0.0878961980342865,0.4479605502647023,0,0.1719273328781128,-0.13148851692676544,0.42472266340547116
train,687,5976505621403766539,53,5.3065710068,5.528512001,0,True,1,-0.5141457915306091,0.36886173486709595,0.7074450665608055,1,-0.44301167130470276,0.17011064291000366,0.6486527147404426
train,693,2447529292685003030,53,9.6396141052,9.5669155121,1,True,0,0.10116718709468842,-0.09954303503036499,0.4499902171702671,1,0.012767456471920013,0.08453693985939026,0.5179346732602784
train,711,8536236745230782959,53,6.8440723419,6.8734426498,0,True,0,-0.08942700922489166,-0.10251368582248688,0.4967283775422742,1,-0.1767159253358841,0.18483027815818787,0.5894146747253414
train,738,1823238377567543165,53,9.3311786652,9.3030385971,1,True,1,-0.03448498994112015,-0.029843933880329132,0.5011602619325862,1,-0.12318377941846848,0.09021882712841034,0.5531491007505354
train,767,3728331106465231768,53,6.8944511414,6.7119822502,1,True,0,0.0697871595621109,-0.12529142200946808,0.45138443167509984,1,0.01514986902475357,0.0649031549692154,0.5124357563135992
train,769,2003372955707775754,53,6.501329422,6.4854202271,1,True,1,-0.1586899757385254,0.07718111574649811,0.558695895186119,1,-0.29057934880256653,0.2471930831670761,0.6312940766577044
train,777,2933548904721629077,53,7.8992519379,7.7884063721,1,True,1,-0.09465759992599487,-0.0051176175475120544,0.5223700517711878,1,-0.31959930062294006,0.11473535001277924,0.6069082665555898
train,805,8415032282711056998,54,6.3704519272,6.3781104088,0,True,0,0.19622163474559784,-0.1703142672777176,0.4093783342085526,0,0.34334951639175415,-0.3858488202095032,0.3253706715789431
train,807,5862504080929791959,54,10.3431529999,10.3045959473,1,True,0,0.11317431926727295,-0.09203986078500748,0.448875744899752,0,-0.014845319092273712,-0.04516850784420967,0.4924197836345258
train,827,2081583853409073389,54,9.7178230286,9.4909801483,1,True,0,0.03879712522029877,-0.08531513810157776,0.46901170222860555,0,0.0666552409529686,-0.020748566836118698,0.47816294816077726
train,833,2493136292916969376,54,5.8875255585,5.8639116287,1,True,0,0.1056738793849945,-0.18936766684055328,0.42677006352962654,0,0.12095693498849869,-0.35913974046707153,0.38222929698958646
train,846,4703264218394402401,54,8.9426994324,9.1658506393,0,True,1,-0.072716623544693,0.04292925447225571,0.5288792907809562,1,-0.03798549622297287,0.009846743196249008,0.5119557804495056
train,851,6006731780654228835,54,8.882060051,8.7169628143,1,True,0,0.021138712763786316,-0.11141078919172287,0.4669110563234503,0,0.01957840472459793,-0.056708429008722305,0.4809375354586592
train,854,4275997579342547746,54,9.4130525589,9.3871860504,1,True,0,0.00021682679653167725,-0.04379284381866455,0.4889993578393835,1,-0.09937024116516113,0.09541994333267212,0.5485441496744639
train,859,2144820383494160185,54,8.5237979889,8.3369016647,1,True,0,-0.014245495200157166,-0.059279270470142365,0.4887434585120962,1,-0.16942094266414642,0.06314265727996826,0.5578802596967759
train,874,5516127063427119328,54,5.6617450714,5.6435446739,1,True,1,-0.14006228744983673,0.04725204408168793,0.5466921400527315,1,-0.33866798877716064,0.1868979036808014,0.6284483343664653
train,876,6898553023465481056,54,5.7573027611,5.8723974228,0,True,0,0.05239146947860718,-0.05072854459285736,0.4742428170310901,1,-0.03966117650270462,0.04003502056002617,0.5199135103530167
train,906,5989038299062814000,54,6.8347053528,6.8249769211,1,True,0,0.04955558478832245,-0.0896712988615036,0.4652493951334709,1,-0.1702863574028015,0.24952282011508942,0.6034375868191856
train,913,7363791130001628407,54,7.1927981377,7.1582932472,1,True,0,0.13796333968639374,-0.24616147577762604,0.4051324282089578,1,-0.01669040322303772,0.03395043686032295,0.5126575051277313
train,914,7788546467551022191,54,7.6555747986,7.7226428986,0,True,0,0.08327807486057281,-0.09540605545043945,0.4554474439604442,1,-0.014608204364776611,0.21382330358028412,0.5568608373582514
train,922,3963111731164329919,54,10.2240724564,10.201335907,1,True,1,-0.025144606828689575,-0.013142868876457214,0.503000398472933,1,-0.0840311273932457,0.013234373182058334,0.5242972226834515
train,923,4221267907930083493,54,9.8467388153,10.140004158,0,True,1,-0.014752358198165894,-0.0010034143924713135,0.503437181806398,0,0.1885489523410797,-0.1199847161769867,0.42347269404101
train,928,365892887446817857,54,11.5054769516,11.3690299988,1,True,0,0.033897414803504944,-0.07993175089359283,0.47157339576238083,0,0.03912995010614395,-0.08423984795808792,0.46919660981829986
train,931,81816709006397840,54,5.5125279427,5.6170296669,0,True,0,0.06176707148551941,-0.1586182713508606,0.4451255875170887,0,0.09778840094804764,-0.2135377675294876,0.4227910692355217
train,938,1168574462270974447,54,7.8687624931,7.6677412987,1,True,1,-0.3534802198410034,0.32865017652511597,0.6642140138165743,1,-0.2749902009963989,0.08875653147697449,0.5899471087997039
train,978,4988000004680519449,54,8.6481142044,8.7448558807,0,True,0,0.04794035851955414,-0.09155522286891937,0.46518254580401946,1,-0.01231382042169571,0.019986573606729507,0.5080743965074245
train,987,4155611630627869610,55,8.9323539734,9.0191869736,0,True,1,0.004416659474372864,0.0059373825788497925,0.5003801807028521,1,-0.049083124846220016,0.15371094644069672,0.5505254795296661
train,990,3314996012515233109,55,7.3149862289,7.3089437485,1,True,1,-0.16587123274803162,0.15970434248447418,0.580682458334941,1,-0.4469093382358551,0.4362298846244812,0.7074723225779129
train,993,8922902149679935658,55,8.2670812607,7.9058036804,1,True,0,0.05166281759738922,-0.08700060844421387,0.46538958184277757,1,0.013761185109615326,0.12991438806056976,0.5290056970439336
train,1028,944571551694865932,55,6.2437963486,6.0115513802,1,True,0,-0.022482305765151978,-0.04367368668317795,0.4947023530222456,0,0.03222126513719559,-0.03288659825921059,0.48372878159868427
train,1044,3720893651079538561,55,8.2594852448,8.2869720459,0,True,0,0.09372171759605408,-0.11755391210317612,0.44737669436122424,1,-0.003186941146850586,0.022091738879680634,0.5063193334995654
train,1062,1577402733822977718,55,7.7375879288,7.6524868011,1,True,1,-0.011244669556617737,0.05908206105232239,0.5175744398720309,0,-0.051395732909440994,-0.0867777019739151,0.49115543041236426
train,1080,8526250154898007347,55,8.2825393677,8.15974617,1,True,1,-0.05652489513158798,0.00785323977470398,0.516088977320499,1,-0.15189264714717865,0.10516844689846039,0.5639137068811924
train,1087,9015829755720826381,55,12.4864253998,12.5320320129,0,True,0,0.07109740376472473,-0.0993448942899704,0.4574922818408858,0,0.007615514099597931,-0.04146638140082359,0.48773198886244296
train,1091,5875914056563191756,55,6.6476392746,6.5151939392,1,True,0,0.042710140347480774,-0.11515787243843079,0.4606147604412946,1,-0.1368083953857422,0.14088566601276398,0.5689808019438655
train,1102,5339466229738448007,55,5.3044891357,5.2983541489,1,True,0,0.12977059185504913,-0.17529280483722687,0.42432016281069557,0,0.1604193150997162,-0.006200511008501053,0.4584411460000478
train,1104,8860388803724489628,55,7.1574850082,7.1759338379,0,True,0,0.05819062888622284,-0.07636956870555878,0.46641061734489375,1,-0.02364712953567505,0.022554125636816025,0.511548259665639
train,1119,4533697767393583299,55,9.078836441,8.7790679932,1,True,1,-0.03611069917678833,-0.01313212513923645,0.5057443907513035,1,-0.13794763386249542,0.10038384795188904,0.5593024283133987
train,1129,7611379846935206281,55,10.3979110718,10.5464382172,0,True,0,0.0658024251461029,-0.08393808454275131,0.46263466431604355,0,0.0916706845164299,-0.10281355679035187,0.4515316162822904
train,1136,5625366964489824496,55,9.6811637878,9.5160446167,1,True,0,0.20861230790615082,-0.22795259952545166,0.392559786746269,0,0.19244244694709778,-0.1818169206380844,0.4075122105298808
train,1139,6191980923570213054,55,8.2646331787,7.1365933418,1,True,1,-0.19223962724208832,0.1664993166923523,0.5887351337053988,1,-0.9775984883308411,0.8303210139274597,0.8591102392546216
train,1152,5485908572167982391,55,6.1111392975,6.167485714,0,True,1,-0.07845278084278107,-0.045225292444229126,0.5083061079060991,0,0.17107108235359192,-0.40258151292800903,0.3603944354500298
train,1159,9162399200396094420,55,6.5906629562,6.5763707161,1,True,0,-0.007119767367839813,-0.10698658972978592,0.4750540239435144,1,-0.3492300510406494,0.3298477530479431,0.6635328417623845
train,1170,7327988701833762089,55,5.2934961319,5.243976593,1,True,1,-0.09707444906234741,0.04725496470928192,0.5360198477475524,1,-0.7399865388870239,0.414573609828949,0.7603428607646945
train,1172,2154641986446561744,55,5.7835264206,5.2338209152,1,True,0,-0.0033122897148132324,-0.09633080661296844,0.4767621237292441,0,0.08228272944688797,-0.061435338109731674,0.4641321989710516
train,1184,1693339363506373712,56,9.6283969879,9.4897537231,1,True,0,0.06576500833034515,-0.06966030597686768,0.4661953205007343,0,0.24764150381088257,-0.17766176164150238,0.3952484243198313
train,1188,9093489655627265112,56,7.6977453232,7.6141729355,1,True,0,0.10895363986492157,-0.11027632653713226,0.4454109706165421,1,0.041568078100681305,0.07538793981075287,0.5084541596325073
train,1189,3980460730778512803,56,10.8538227081,10.98229599,0,True,1,-0.38226890563964844,0.19482578337192535,0.6403986206867087,1,-0.33316570520401,0.14931245148181915,0.6183328843798181
train,1196,7195548854755371996,56,7.5082678795,7.8364744186,0,True,1,-0.04948272556066513,0.0030847638845443726,0.5131388469078346,1,-0.019329726696014404,-0.0018852539360523224,0.5043610075991674
train,1215,1365397582761013582,56,7.0809569359,7.0376586914,1,True,0,0.02497219294309616,-0.05409856140613556,0.4802426042466476,1,-0.15433481335639954,0.1628180295228958,0.5786302218636691
train,1225,4016010079816567530,56,9.445558548,9.2803020477,1,True,0,0.030868589878082275,-0.06870376318693161,0.4751274585579043,1,-0.004667207598686218,0.021982800215482712,0.5066621076597485
train,1231,331678484150467832,56,7.8955760002,8.1726541519,0,True,1,-0.030841059982776642,0.005461685359477997,0.5090746897377301,1,-0.10256779193878174,0.0893823653459549,0.5478407389890868
train,1248,3367578365011491442,56,9.8739376068,9.5695323944,1,True,0,0.09234583377838135,-0.10162866115570068,0.45165785850361057,0,0.02194846421480179,-0.015236806124448776,0.4907047534696242
train,1263,3198647724806568726,56,7.3913850784,7.4150443077,0,True,0,0.09202253818511963,-0.1316668838262558,0.4443096656469241,1,0.03660356253385544,0.08954235911369324,0.513231609139391
train,1274,1159775538185917633,56,11.8892173767,11.8645648956,1,True,0,0.03246663510799408,-0.04064317047595978,0.4817306854028792,0,0.18710091710090637,-0.18383364379405975,0.40831521802356846
train,1293,6755447844668678591,56,5.8521718979,5.8375310898,1,True,1,-0.23375608026981354,0.08477219939231873,0.5789655408122545,1,-0.43569880723953247,0.2905162274837494,0.6739741390932881
train,1299,7667494601392017653,56,9.7132892609,9.5285663605,1,True,1,-0.018554605543613434,-0.01211797446012497,0.5016091522152485,0,0.03469189256429672,-0.020281288772821426,0.4862601646979868
train,1310,1136815428182882327,56,8.3284158707,7.9719824791,1,True,0,0.044803231954574585,-0.12248838692903519,0.45827436274794625,0,0.06332128494977951,-0.04971008002758026,0.4717722057602493
train,1312,5160717254392855791,56,9.8843069077,9.8574314117,1,True,0,0.0032941624522209167,-0.045447543263435364,0.48781698546258734,0,-0.005883939564228058,-0.04837043210864067,0.48937997433501124
train,1320,5847057621152039339,56,7.7599654198,7.7291107178,1,True,0,0.04350753128528595,-0.07109622657299042,0.47138037790790593,0,0.08314277976751328,0.01733875647187233,0.4835549279103093
train,1338,4488869247575745059,56,7.0621538162,7.087998867,0,True,0,-0.04719707742333412,-0.055738821625709534,0.49786457693301067,0,0.027431949973106384,-0.0586765892803669,0.47848615673374595
train,1342,8689888743084987392,56,7.7417821884,7.7826566696,0,True,1,-0.08672720938920975,0.09887269139289856,0.5462672361820976,1,-0.10312019288539886,0.08068184554576874,0.5458215822508491
train,1358,2126621069064656148,56,7.5536952019,7.5667676926,0,True,0,0.15428143739700317,-0.2353183925151825,0.4038136372156251,1,-0.06772193312644958,0.0579896979033947,0.5313865840415639
train,1372,5644012712636678895,56,7.3337140083,7.5764350891,0,True,0,0.07375101745128632,-0.11880310624837875,0.45200965605430626,1,0.0020176470279693604,0.01154237613081932,0.5023811642740457
train,1380,1685566356687386951,57,6.3200244904,6.3770036697,0,True,0,0.17807970941066742,-0.17985156178474426,0.4114604389314855,0,0.22432652115821838,-0.4608518183231354,0.3351065325799917
train,1400,3221307258049846035,57,6.4408798218,6.6210432053,0,True,0,0.06579439342021942,-0.19350925087928772,0.4355348955504785,1,-0.014448665082454681,0.05240940675139427,0.5167082945798948
train,1404,6349183321474506072,57,9.1848583221,8.5488548279,1,True,0,-0.032598987221717834,-0.08306646347045898,0.48738580815081745,1,-0.10916636884212494,0.17765502631664276,0.5712177803702178
train,1428,8083149694048948557,57,7.7076106071,7.7298326492,0,True,0,0.0035058259963989258,-0.023355983197689056,0.4932849514706959,1,-0.13941702246665955,0.09475849568843842,0.5582778019468202
train,1438,6795228784729696514,57,9.8009128571,9.6175022125,1,True,0,0.062409356236457825,-0.057181328535079956,0.4701379107902798,1,-0.07299935817718506,0.058365318924188614,0.5327940231741717
train,1465,7355175077876932843,57,9.3931417465,9.4364681244,0,True,0,0.0022144243121147156,-0.06059737503528595,0.4843022108933861,1,-0.11947272717952728,0.09519301354885101,0.5534612951599749
train,1469,6646294111204589883,57,8.4031648636,8.2904396057,1,True,0,0.033261798322200775,-0.10638625919818878,0.46514461181247024,1,-0.01163945347070694,0.03239433839917183,0.511006669553675
train,1473,2805443945186598739,57,7.5508117676,7.4177107811,1,True,0,-0.00045424699783325195,-0.05514267832040787,0.48633129872346503,1,-0.04380219802260399,0.17988495528697968,0.5556897742137391
train,1477,1453584206879563615,57,10.7770338058,10.8207416534,0,True,0,0.10967187583446503,-0.10314437001943588,0.4469958375680281,0,0.019709594547748566,-0.036624725908041,0.4859201432898642
train,1481,7788255877635185288,57,8.7392730713,8.2682590485,1,True,1,-0.05396004021167755,-0.05154554545879364,0.5006036233949714,1,-0.15051311254501343,-0.002423606812953949,0.5369548645453075
train,1489,7134943070044149295,57,7.4895606041,7.2689981461,1,True,0,0.062127336859703064,-0.11447364836931229,0.45596414310096156,0,0.03540915995836258,0.03064890205860138,0.49880993777229854
train,1493,9066381964692668388,57,8.6689052582,8.8277425766,0,True,0,0.037890926003456116,-0.11827874183654785,0.46103674033471387,0,0.10839924961328506,-0.1649342030286789,0.4320889210138511
train,1500,8194065456975327472,57,9.3811473846,9.497253418,0,True,0,0.03504530340433121,-0.042494699358940125,0.4806247060886299,1,-0.03674536198377609,0.015192408114671707,0.5129815244826998
train,1507,4273742642920014639,57,9.0463638306,8.7325458527,1,True,0,-0.006165400147438049,-0.05359108746051788,0.48814579995654034,1,-0.0658186823129654,0.1104918122291565,0.5439637966129859
train,1511,4870831449396176506,57,8.5112218857,8.3939437866,1,True,1,-0.3038683533668518,0.24805624783039093,0.6345819978176515,1,-1.236014723777771,0.8331502676010132,0.8878698574317848
train,1518,1556741012259967778,57,8.6320056915,8.6847448349,0,True,0,0.028074540197849274,-0.07594083249568939,0.4740195765488247,1,-0.08222626894712448,0.06128407642245293,0.5358161373318685
train,1528,7321341266758451623,57,10.037771225,10.19439888,0,True,0,0.09389045834541321,-0.11478298157453537,0.44802012353554127,1,-0.008473299443721771,0.017409462481737137,0.5064703292699032
train,1532,5021004058267051401,57,4.9865550995,4.8622636795,1,True,1,-0.33079952001571655,0.27150052785873413,0.6461823444683816,1,-0.1642417311668396,0.2704114615917206,0.606984258759601
train,1547,1802070987495017598,57,6.6041946411,6.3475632668,1,True,0,-0.06289763748645782,-0.09508096426725388,0.4919548626998044,0,0.05555497854948044,-0.0864172875881195,0.4645664304342063
train,1564,3445968802562228171,57,8.3805780411,8.3179550171,1,True,1,-0.1400369554758072,-0.0216924250125885,0.5295516503716154,1,-0.07923492044210434,0.02557314559817314,0.5261780576532721
train,1584,1208242344156167799,58,5.0693149567,4.9618730545,1,True,1,-0.42370617389678955,0.194027379155159,0.6497029052636081,0,-0.002694837749004364,-0.11838127672672272,0.4711106028190774
train,1588,457361179793835374,58,8.8259420395,8.5140171051,1,True,0,0.08959002792835236,-0.1434839963912964,0.4419938479165618,0,0.07437252253293991,0.03444383665919304,0.49001915453478645
train,1606,3066912701541079926,58,9.780503273,9.5575094223,1,True,0,-0.02085082232952118,-0.03690651059150696,0.4959861641597311,0,0.19381678104400635,-0.19776371121406555,0.4033368873362682
train,1608,1516091724270850277,58,10.8428621292,10.590089798,1,True,0,0.01746470481157303,-0.040958382189273834,0.48539838127009893,0,0.07564208656549454,-0.025417957454919815,0.47475646996510895
train,1619,4013184875256668924,58,8.7903957367,9.2514057159,0,True,1,-0.09836426377296448,-0.08608702570199966,0.50306927096509,1,-0.0955766811966896,-0.0063439346849918365,0.5222933960249801
train,1622,8344648597840975696,58,10.3211956024,10.500743866,0,True,0,0.041452065110206604,-0.0696149617433548,0.47226175207755106,0,0.014033474028110504,-0.0599677674472332,0.48150812760197503
train,1631,5603947577883630352,58,9.5362949371,9.731508255,0,True,0,0.023967772722244263,-0.06610552966594696,0.4774968867005971,0,0.18042916059494019,-0.05414876714348793,0.4416229646904153
train,1636,2952846432706810125,58,9.9203834534,9.850060463,1,True,0,0.010697424411773682,-0.047076039016246796,0.4855606501923416,1,0.019576214253902435,0.05454346165060997,0.5087409212341816
train,1637,4841191922508687615,58,6.4402332306,6.6720657349,0,True,1,-0.1992843896150589,0.13141976296901703,0.5819306981422879,1,-0.8736929893493652,0.6662029027938843,0.8234495904925943
train,1646,4412036495841137847,58,9.1857280731,9.319606781,0,True,1,-0.22348330914974213,0.1642545759677887,0.5957380227917315,1,-0.6253468990325928,0.3553670048713684,0.7272498475110728
train,1673,7643108302658228597,58,7.9106483459,8.1907997131,0,True,0,0.03658808767795563,-0.10735432058572769,0.4640764028576183,1,-0.05402524024248123,0.06166808679699898,0.528891113447264
train,1679,8281567133129760536,58,8.9024105072,8.1651535034,1,True,1,-0.5281311869621277,0.4011598229408264,0.716931424638116,1,-0.6297831535339355,0.28572914004325867,0.7141268228307758
train,1682,5016964925082547588,58,8.7854528427,8.6741056442,1,True,0,0.07650253176689148,-0.08481579273939133,0.45975765194865087,1,0.03652987629175186,0.08157533407211304,0.5112594606348262
train,1699,1678620056417680224,58,7.2541818619,7.1828780174,1,True,0,0.06804513931274414,-0.0752488225698471,0.46423768138095906,0,0.13807106018066406,-0.05280253663659096,0.45242595087444515
train,1719,6751607421156357554,58,8.0974340439,8.2100019455,0,True,0,0.0016676336526870728,-0.10847444832324982,0.4724922825328858,0,0.1992861032485962,-0.24268142879009247,0.3912722457449825
train,1728,5246795421308883278,58,8.1515598297,8.0722312927,1,True,0,0.036422476172447205,-0.11304181069135666,0.4627033350770763,0,0.044689349830150604,-0.035243336111307144,0.48002746148472636
train,1741,3481976621498309471,58,10.0493679047,10.1415224075,0,True,0,0.0144730806350708,-0.07701520621776581,0.47714386841812373,1,-0.02015865594148636,0.08887393772602081,0.5272311765000185
train,1743,4944904490346198181,58,9.5268230438,9.7819747925,0,True,0,0.0825524777173996,-0.13546383380889893,0.4457107875166537,1,0.00706104189157486,0.007107768207788467,0.5000116815790513
train,1750,6391145635050149010,58,8.3857345581,8.4144954681,0,True,0,0.007539935410022736,-0.1147007867693901,0.4694778172174944,0,-0.016856200993061066,-0.06742052733898163,0.4873616110666806
train,1759,5025904970112875089,58,7.6231517792,7.5818367004,1,True,1,-0.060376159846782684,0.024945318698883057,0.5213174390612565,1,-0.19112801551818848,0.22045588493347168,0.6014676075849473
train,1773,6206449284492920100,59,7.1545028687,7.1251392365,1,True,0,0.15860895812511444,-0.23910847306251526,0.40186087489820416,0,0.18513324856758118,-0.1383821815252304,0.4198192503228119
train,1791,8766408817803846172,59,12.0675125122,12.3272819519,0,True,0,0.07558533549308777,-0.10279838740825653,0.45552195052173594,1,-0.17296254634857178,0.15045517683029175,0.5801569509153958
train,1804,1882380706981351760,59,8.8237609863,8.7188100815,1,True,0,0.09053640067577362,-0.12290137261152267,0.4468422069205625,1,0.0056973472237586975,0.02944612130522728,0.5059369144858965
train,1811,2048812140502156624,59,9.1857624054,9.0603675842,1,True,1,-0.16937382519245148,-0.0007640570402145386,0.5420528615884451,1,-0.2563544511795044,0.10891146957874298,0.5903145646226109
train,1821,397939367416353174,59,8.9830131531,8.8835897446,1,True,1,-0.12336839735507965,0.13394522666931152,0.5639758067979012,1,-0.37221357226371765,0.2878081798553467,0.6592652747462748
train,1824,5723765555620015436,59,7.7828564644,7.8391022682,0,True,0,0.055982232093811035,-0.08876516669988632,0.46387619986959544,1,-0.045188575983047485,0.08673834800720215,0.5329339776449086
train,1841,814620969152303648,59,7.8531637192,8.1059303284,0,True,0,0.02039775252342224,-0.03853725641965866,0.4852705108886294,1,-0.09413594007492065,0.10623160004615784,0.5499249679163403
train,1860,2734506321582657573,59,7.2239408493,7.2477164268,0,True,1,-0.05575649440288544,-0.04182177782058716,0.5034836227760009,1,-0.14942426979541779,0.08408604562282562,0.558113754138606
train,1861,1843055335155300845,59,5.2346930504,5.2645273209,0,True,1,-0.13891008496284485,-0.028841152787208557,0.5274894853309509,1,-0.25071874260902405,0.03710487112402916,0.5714632342489931
train,1864,6167664153183968903,59,7.5005331039,7.3348326683,1,True,1,-0.39435040950775146,0.27594101428985596,0.6615684107950464,1,-0.9157862663269043,0.5415119528770447,0.8111190966039284
train,1904,2089198269329568066,59,10.4346313477,10.6545610428,0,True,0,0.02439846098423004,-0.037929221987724304,0.4844231216075146,0,0.08056212216615677,-0.018076058477163315,0.4753604291399869
train,1907,939685978843815978,59,8.8648471832,8.8423538208,1,True,0,0.01144244521856308,-0.07347188144922256,0.47878416476533975,1,-0.030936799943447113,0.047075334936380386,0.519493148620873
train,1910,9018488701487958150,59,12.9665412903,12.8551311493,1,True,0,0.08533371984958649,-0.10162119567394257,0.453396931860159,1,-0.046915289014577866,0.032787155359983444,0.5199150697034219
train,1916,5279652864714225811,59,10.6083068848,10.6801958084,0,True,0,0.030013516545295715,-0.09211798012256622,0.4695050219311658,1,-0.007705993950366974,0.006598580628633499,0.503576082666534
train,1917,9219330005839942139,59,5.0171265602,5.0505847931,0,True,0,0.11551438271999359,-0.16885297000408173,0.42938338816874644,1,-0.12220155447721481,-0.02219841256737709,0.5249799709959124
train,1918,5522208323295944049,59,10.5489206314,10.7409820557,0,True,0,0.006266564130783081,0.0010228902101516724,0.49868908452359784,0,0.08665863424539566,0.002539653331041336,0.4789826465480002
train,1927,5771033577825920671,59,9.4262275696,9.4873943329,0,True,0,0.03526460379362106,-0.06947767734527588,0.47383834351853066,1,-0.057570166885852814,0.014604810625314713,0.5180359156253395
train,1928,1801294398466397696,59,7.459045887,7.4436635971,1,True,0,0.08247338235378265,-0.11667156219482422,0.45037765208799124,0,0.05199069529771805,0.03144436702132225,0.4948635986246371
train,1936,2224022461671671920,59,10.096824646,9.9694814682,1,True,0,0.02628137171268463,-0.07769308984279633,0.4740297767298811,1,0.021051861345767975,0.0498838908970356,0.5072075081030625
train,1939,4405298854922181459,59,5.3884820938,5.4341201782,0,True,1,-0.40317535400390625,0.34138208627700806,0.6779916379784363,1,-0.7437902688980103,0.6362838745117188,0.7990029077419792
train,1980,3193512401016051695,60,8.2876596451,8.4375991821,0,True,1,-0.3077487349510193,0.17848293483257294,0.6192183091299053,1,-0.6282355785369873,0.30109524726867676,0.7169395048377605
train,1996,2663656149168161018,60,11.2210226059,11.3800945282,0,True,0,0.03578314930200577,-0.07685253769159317,0.471870811076709,1,-0.04577016085386276,0.12528079748153687,0.5426587795242764
train,2003,4453468154100095966,60,7.2711772919,7.2330093384,1,True,1,-0.10079248249530792,-0.07586318999528885,0.5062320003784364,1,-0.09428253024816513,0.07128767669200897,0.541298250701612
train,2006,3437230483134259434,60,6.8722205162,7.1192750931,0,True,0,0.15379631519317627,-0.1663639098405838,0.4206367002790831,0,0.048267804086208344,-0.08670024573802948,0.4663091158366127
train,2014,1978036252950420069,60,9.6504449844,9.4362068176,1,True,0,0.016380883753299713,-0.08645190298557281,0.4743144338376389,1,-0.09038049727678299,0.11045442521572113,0.5500406458561636
train,2015,8961760851258806374,60,7.4695339203,7.2080392838,1,True,1,-0.4350348711013794,0.21638429164886475,0.6573301964580959,1,-0.8954711556434631,0.7576900124549866,0.8393178337552438
train,2033,4588856296366795494,60,10.7935247421,10.8073148727,0,True,1,-0.013698577880859375,-0.011422783136367798,0.5005689484405628,0,0.10938043147325516,-0.05073409900069237,0.46005666542576
train,2036,5369481615675962478,60,7.4188785553,7.5244655609,0,True,1,-0.1864214688539505,0.17789851129055023,0.5900857757135657,1,-0.22262808680534363,0.2469996064901352,0.6152956326026995
train,2042,164248407820876206,60,6.3857717514,7.1747097969,0,True,1,-0.057930298149585724,-0.02661929279565811,0.5078271118875497,1,-0.13168393075466156,0.09350693225860596,0.5560610069506934
train,2046,935729114319568841,60,10.5219583511,10.8780021667,0,True,0,0.0332636833190918,-0.05593409389257431,0.4777153289272437,0,0.1278640627861023,-0.027983102947473526,0.46111687726567563
train,2048,2477446833064553156,60,10.18932724,10.4441595078,0,True,0,-0.030339937657117844,-0.042964473366737366,0.49684390799035705,0,0.0021718665957450867,-0.0033418498933315277,0.49862157436986354
train,2055,4661968722094059802,60,7.4594221115,6.992295742,1,True,0,0.01722521334886551,-0.08987350016832352,0.4732508847299164,0,0.0037196874618530273,-0.08153042197227478,0.47870037081122224
train,2071,6196080564903485650,60,7.2182035446,7.3425159454,0,True,0,0.020609408617019653,-0.11879020184278488,0.46520642227470144,0,0.04930213838815689,-0.02515152469277382,0.48139517785272795
train,2081,3593278924631891948,60,11.733707428,11.843044281,0,True,0,0.09060706198215485,-0.13901907205581665,0.44284438858794095,0,0.10182250291109085,-0.035566363483667374,0.4657067089301566
train,2095,2218311525951722280,60,9.9976243973,10.5774888992,0,True,0,0.03609525412321091,-0.10215210169553757,0.46549310248509945,1,0.005293704569339752,0.016943302005529404,0.5029123664219273
train,2098,6778392753160482427,60,10.1686067581,10.1527843475,1,True,0,0.06730416417121887,-0.07723339647054672,0.4639283859790892,0,0.0005044862627983093,-0.037201326340436935,0.4905746635117033
train,2116,3233371543616779314,60,10.6800708771,10.2686347961,1,True,0,0.003035031259059906,-0.09026527404785156,0.4766918292532488,0,0.01952386647462845,-0.007775221019983292,0.4931756519359469
train,2122,2464011138104770129,60,8.5566978455,8.2748622894,1,True,1,-0.10084366798400879,-0.056080810725688934,0.5111888461069048,0,0.3051705062389374,-0.3437603712081909,0.3432305020766463
train,2134,4904405112542992804,60,7.1946325302,7.2671813965,0,True,0,0.09939359128475189,-0.16683344542980194,0.4338335854523836,1,-0.07435102015733719,0.08522461354732513,0.5398094672972366
train,2159,956164802179982762,60,11.7898073196,12.0292415619,0,True,0,-0.016765505075454712,-0.0798478052020073,0.4842346526428399,0,0.18955188989639282,-0.20130909979343414,0.4035100521569508
train,2172,6849002517525056174,61,10.4655923843,10.6386766434,0,True,1,-0.021256431937217712,-0.019664622843265533,0.5003979521894585,0,0.06286854296922684,-0.11187055706977844,0.4564260416488291
train,2173,8004094404965402457,61,7.9144101143,8.0969419479,0,True,1,-0.22172001004219055,0.09739914536476135,0.5791095685849311,1,-0.30694296956062317,0.2807449698448181,0.6428344759693608
train,2188,7557036622948876782,61,7.7599906921,7.8735232353,0,True,1,-0.03943467140197754,-0.03477758169174194,0.501164270323288,0,0.07205621153116226,-0.014660272747278214,0.478334453850924
train,2190,1837342857110029462,61,11.2125930786,11.1600313187,1,True,0,0.05845722556114197,-0.0802818089723587,0.4653707703390182,1,0.013590730726718903,0.13634400069713593,0.5306498402389902
train,2193,4316263043727765740,61,6.2261710167,6.2978935242,0,True,1,-0.04918491840362549,-0.03741645812988281,0.502942081112814,0,0.08194363862276077,0.02704523131251335,0.486278844107816
train,2217,8527267286705522772,61,8.8224821091,8.9609003067,0,True,1,-0.08961218595504761,0.14447566866874695,0.5582561836854081,1,-0.15951699018478394,0.06646217405796051,0.5562555961466359
train,2225,4683673383524876333,61,8.3406248093,8.410487175,0,True,0,-0.045943841338157654,-0.0942981168627739,0.4879137859613886,0,0.1716092824935913,-0.16809803247451782,0.4158805755095877
train,2226,1790566576801200484,61,8.8753137589,8.5000324249,1,True,0,0.030491210520267487,-0.07723844051361084,0.4730936044557471,1,0.008012473583221436,0.0740051120519638,0.5164921747275618
train,2232,1359103686188398241,61,11.2406492233,11.193649292,1,True,0,0.03564676642417908,-0.10732611268758774,0.4643175423432945,0,0.033982761204242706,-0.02680155262351036,0.48480859860248915
train,2237,7754568554364861844,61,8.739774704,9.0004405975,0,True,0,0.04146623611450195,-0.08538108319044113,0.468330622786899,0,0.13309410214424133,-0.05814959481358528,0.4523342650986779
train,2250,4909789284163272461,61,9.9604644775,9.8637189865,1,True,0,-0.01112820953130722,-0.05766066908836365,0.4883689837256855,1,-0.05423027649521828,0.04216698184609413,0.5240806701413623
train,2255,8705818821113407973,61,8.3203907013,8.3245296478,0,True,0,0.028697647154331207,-0.1170966774225235,0.46361584445769966,0,0.0945252850651741,-0.04990195855498314,0.46395582180339573
train,2258,1941422088972555114,61,8.3855075836,8.450671196,0,True,1,-0.44787144660949707,0.2546558976173401,0.6687478785368453,1,-0.5579701662063599,0.4450632333755493,0.7316545630078255
train,2262,4652769978832740027,61,12.49954319,12.4086074829,1,True,0,0.07759545743465424,-0.08653007447719574,0.4590604754365853,0,0.2243729531764984,-0.1448885202407837,0.40871948767291555
train,2310,1995153179136428869,61,9.3659534454,9.4043474197,0,True,0,0.030241064727306366,-0.09981334954500198,0.4675321473821035,1,-0.006714046001434326,0.042345281690359116,0.5122623725803869
train,2320,2658448084659010278,61,8.0483551025,8.3911848068,0,True,0,-0.06489521265029907,-0.08079318702220917,0.49602559011621716,1,0.044319622218608856,0.07937562465667725,0.5087631031960845
train,2323,8420214958193878687,61,7.2350330353,7.2776622772,0,True,1,-0.14327168464660645,0.018472015857696533,0.5403480013669701,1,-0.2643919587135315,0.20541265606880188,0.6153375102880804
train,2338,7345059639625963467,61,7.2290849686,7.2215628624,1,True,0,0.1541845053434372,-0.2661592364311218,0.3964344986743256,0,-0.014321677386760712,-0.09389171004295349,0.4801179807974638
train,2339,1370520779541902158,61,9.4326276779,9.6837882996,0,True,0,0.04194219410419464,-0.11592176556587219,0.460615767433235,1,-0.014647610485553741,0.04970827326178551,0.5160834202885995
train,2349,1824365745648820776,61,11.4259490967,11.2949428558,1,True,1,-0.23907963931560516,0.08071905374526978,0.5792751913218022,1,-0.27384164929389954,0.21482200920581818,0.6197915739470243
train,2362,2151948535553767724,62,7.4969415665,7.8467559814,0,True,0,0.09145241975784302,-0.15180309116840363,0.43948423787927665,0,0.054469697177410126,-0.04792719706892967,0.474423120596589
train,2376,3153901572426595988,62,7.4028625488,7.4441890717,0,True,1,-0.35553234815597534,0.21153271198272705,0.6380856776602747,1,-0.7391633987426758,0.4699210822582245,0.7701369184227888
train,2382,3934923861234609582,62,7.1310372353,7.1811275482,0,True,0,0.11241333186626434,-0.17069925367832184,0.4296908500118202,0,0.09683889895677567,-0.126494362950325,0.4443976028165697
train,2392,1466934561051978915,62,6.6283664703,6.389330864,1,True,1,-0.3177030384540558,0.17634975910186768,0.6210607020644267,1,-0.5470037460327148,0.4196067452430725,0.7244433815443231
train,2421,4988090890037153873,62,6.0077466965,5.9442572594,1,True,0,0.04345954954624176,-0.029720067977905273,0.4817132557410496,0,-0.0025901421904563904,-0.069878488779068,0.48318425762409023
train,2439,7531775925769581460,62,7.0519895554,7.164607048,0,True,1,-0.1199784129858017,0.03719677776098251,0.5392131040622887,1,-0.503757119178772,0.32355424761772156,0.6957861325305821
train,2445,8838161718012791062,62,8.8170814514,8.9503536224,0,True,1,-0.07259872555732727,0.03623296320438385,0.5271810989781858,1,-0.5851002335548401,0.3313865661621094,0.7143257264499617
train,2456,2847697041965432305,62,10.7759904861,10.663271904,1,True,0,0.030554786324501038,-0.08582041412591934,0.4709389907108519,0,0.09132549911737442,-0.09120948612689972,0.4544925389142982
train,2461,6821732773635296538,62,8.8422489166,8.7607479095,1,True,0,0.08045054972171783,-0.1109788715839386,0.4522882563890103,1,-0.04854850471019745,0.15321634709835052,0.5502707888544509
train,2462,5864774298406469653,62,8.8812103271,8.6117782593,1,True,0,0.13982971012592316,-0.1524152308702469,0.4274543573899061,0,0.015639297664165497,-0.17086419463157654,0.4535088095971434
train,2481,7900724993034308755,62,8.2367343903,8.1128540039,1,True,0,-0.06633273512125015,-0.09562665224075317,0.49267704438547794,1,-0.12145557254552841,0.05317233130335808,0.5435463702970755
train,2504,6812337321201463513,62,9.6743745804,9.4382972717,1,True,0,0.022022530436515808,-0.10053662210702896,0.469398507048849,1,-0.03441537916660309,0.09881974756717682,0.533259595317308
train,2506,5243984559102516487,62,9.775970459,10.1510810852,0,True,0,0.06104385852813721,-0.1243535652756691,0.45378295009866393,0,0.17037510871887207,-0.10081759095191956,0.4326143124678615
train,2519,4666573180059427487,62,9.37778759,8.9189863205,1,True,0,0.026400022208690643,-0.07275068014860153,0.4752326114846779,0,0.15602552890777588,-0.06242075935006142,0.4456045630934277
train,2520,7225664725101158320,62,7.0706272125,7.717186451,0,True,0,-0.02130626142024994,-0.06863807141780853,0.48816925611967277,0,0.16139665246009827,-0.23336899280548096,0.40257059695975783
train,2521,5895046427591983198,62,6.8539571762,6.6914949417,1,True,1,-0.1597825139760971,0.09289669990539551,0.562835836507714,0,0.030413009226322174,0.02590220794081688,0.4988723015907605
train,2523,7896666093992676752,62,8.0029363632,8.081284523,0,True,0,0.03069954365491867,-0.08724761754274368,0.47054734608338283,1,0.0004435703158378601,0.07954174280166626,0.5197642395809956
train,2527,1515053395326858075,62,4.9024281502,4.8287801743,1,True,1,-0.2580951452255249,0.14641433954238892,0.5997706284965192,1,-0.6825627684593201,0.49066632986068726,0.7637281943812517
train,2540,6516068478531780398,62,6.4828071594,6.2614250183,1,True,1,-0.03647550195455551,0.0022037625312805176,0.5096686107291541,0,-0.07650428265333176,-0.12162913382053375,0.48872070110134064
train,2545,3056654943841696798,62,9.7319784164,9.6486549377,1,True,0,0.012251175940036774,-0.0994553193449974,0.4721023798156767,0,0.028697773814201355,-0.0248614139854908,0.4866134029481681
train,2573,869875907482106038,63,8.8010654449,8.6665964127,1,True,0,-0.017647676169872284,-0.06809437274932861,0.4873909997630833,1,-0.06452237814664841,0.0645819902420044,0.5322313353709229
train,2574,9105149013072575955,63,9.8794374466,9.4700050354,1,True,1,-0.30754536390304565,0.20202510058879852,0.6247057759214891,1,-0.5264790058135986,0.25923287868499756,0.6869098482437918
train,2576,7781834259344418356,63,9.0643577576,9.1975727081,0,True,1,-0.05111062899231911,-0.03982587903738022,0.5028211575503025,1,-0.125443696975708,0.13161823153495789,0.5639139120886802
train,2580,5309494751855434525,63,10.5421485901,10.6510820389,0,True,0,0.05718652904033661,-0.1073068231344223,0.4589691382304705,0,0.046957023441791534,0.01491675153374672,0.4919906171999639
train,2609,6387536923337823138,63,7.4156942368,7.2714295387,1,True,1,-0.06895322352647781,0.13811935484409332,0.5515839535958217,0,0.013994507491588593,-0.029897207394242287,0.4890288325356269
train,2615,7947390452605535611,63,8.0524530411,7.9970970154,1,True,0,0.030668362975120544,-0.10459467768669128,0.46623570369428263,0,0.14976206421852112,-0.07132549583911896,0.4449521544192303
train,2629,7363730167511384609,63,9.909866333,9.709441185,1,True,0,0.048303812742233276,-0.08610863238573074,0.46644738894205656,0,0.07803917676210403,-0.03958122804760933,0.4706287525153769
train,2634,311893783189905136,63,12.0950107574,12.340470314,0,True,0,0.06568065285682678,-0.11619193106889725,0.4546567724025082,0,0.1766911745071411,-0.06838127970695496,0.439036705320723
train,2642,5063425083785035728,63,6.0462331772,6.0534515381,0,True,0,0.04142940044403076,-0.12992866337299347,0.45726500396620334,1,-0.08447867631912231,0.11805342137813568,0.5504606540470585
train,2647,661387536831871889,63,6.0862379074,6.2947349548,0,True,0,0.03352285921573639,-0.12668433785438538,0.4600336467087068,1,-0.27064305543899536,0.09365130960941315,0.5900795798031998
train,2660,2213508435579723758,63,10.585729599,10.3620986938,1,True,0,0.04263566434383392,-0.08297896385192871,0.4686375711812755,1,-0.055221009999513626,0.057655226439237595,0.5281891355436097
train,2674,231775141674960123,63,11.0900697708,11.1676683426,0,True,0,0.006863877177238464,-0.024541392922401428,0.49214932771842823,1,0.02953965961933136,0.053740378469228745,0.5060498844432884
train,2688,1250870533469445270,63,6.4863901138,6.7509374619,0,True,0,0.1008533388376236,-0.1572030931711197,0.4358415401360638,0,0.08558874577283859,-0.10609781742095947,0.4522245570593217
train,2694,7677385996445656185,63,8.0450363159,7.8196501732,1,True,0,-0.0052480995655059814,-0.0597415417432785,0.48638000970885426,1,-0.3024570047855377,0.2968333959579468,0.6454939443243403
train,2697,838978614485391589,63,11.6475095749,11.7240371704,0,True,0,0.07294045388698578,-0.11114303022623062,0.4541086481571191,0,0.07368778437376022,-0.026737216860055923,0.4749148285230349
train,2702,7675976660322945987,63,8.8085765839,8.7944364548,1,True,0,0.04483737051486969,-0.1346374750137329,0.45525134158918795,1,-0.02451419085264206,0.07787713408470154,0.5255754907192767
train,2709,9178028772224026192,63,12.0333461761,11.9736881256,1,True,0,0.03253231942653656,-0.13071268796920776,0.45927913863548725,0,-0.00043682754039764404,-0.009473446756601334,0.49774086056946365
train,2730,2206889531924228814,63,10.2336750031,10.4717197418,0,True,1,-0.041438423097133636,-0.01630105823278427,0.5062840103208108,0,0.20362120866775513,-0.06417430937290192,0.4334483719800719
train,2734,193192903154052928,63,8.627989769,8.4200744629,1,True,0,0.11766837537288666,-0.23248249292373657,0.41334583639189987,0,0.24220266938209534,-0.27483102679252625,0.3735461159258357
train,2736,2088311814299889684,63,6.6727919579,7.2856564522,0,True,1,-0.06655488908290863,0.024058803915977478,0.5226379356608325,1,-0.2897492051124573,0.30090633034706116,0.643515541828849
train,2751,4320971067035735328,64,5.7174787521,5.6726360321,1,True,1,-0.12589487433433533,0.04169584810733795,0.5417998914663922,1,-0.061541784554719925,-0.01053941622376442,0.5127478288539995
train,2764,4685936989022546268,64,5.7865629196,5.7366433144,1,True,1,-0.26027244329452515,0.10825283825397491,0.5911025864590888,1,-0.8762409687042236,0.751239538192749,0.8358242010869771
train,2783,8837316871599280995,64,8.9377555847,8.9566249847,0,True,0,0.04084716737270355,-0.08057274669408798,0.4696822596882122,1,-0.02883368358016014,0.09276066720485687,0.5303611889252628
train,2798,3646204909404551293,64,10.1134681702,10.0591850281,1,True,0,0.04838261008262634,-0.12474100291728973,0.4568268742284628,1,-0.028080791234970093,0.06072957441210747,0.5221880097394344
train,2800,341492074129339248,64,9.9794750214,10.1587381363,0,True,0,0.041512832045555115,-0.08227036893367767,0.46909365265897324,1,-0.10055890679359436,0.08027578890323639,0.5450858773589602
train,2805,4705040269861570280,64,8.6312274933,8.4339962006,1,True,0,0.07531009614467621,-0.12119494378566742,0.4510312130368444,1,-0.1060175895690918,0.14907421171665192,0.5634293673723979
train,2806,3319256969430918556,64,10.9607219696,11.0829296112,0,True,0,0.011202573776245117,-0.09853968024253845,0.47259193807726585,1,-0.05798718333244324,7.819384336471558e-06,0.5144946882628058
train,2810,4677520105085204707,64,10.5607023239,10.4202508926,1,True,0,-0.02124062180519104,-0.05136279761791229,0.4924700253955756,0,0.02569454163312912,-0.034869980067014694,0.4848634960941342
train,2839,6314331075551677560,64,11.2823886871,11.7162132263,0,True,1,-0.1626722514629364,-0.03270108997821808,0.5324471271268686,0,0.07910040766000748,-0.17397178709506989,0.4370674722857832
train,2843,9030077131985803150,64,10.3400506973,10.3972063065,0,True,0,0.015685416758060455,-0.10755033791065216,0.46922999361804985,1,-0.07234392315149307,0.07174052298069,0.5359589231286405
train,2844,349605449620157919,64,12.5797357559,12.6218280792,0,True,0,0.03829069435596466,-0.047969281673431396,0.47844836775477645,0,0.05085214227437973,-0.0394318588078022,0.4774443189722717
train,2862,278601270464427294,64,7.295042038,7.3551287651,0,True,1,-0.4270874857902527,0.2153988480567932,0.655315283308592,1,-0.5617038607597351,0.4016150236129761,0.7237858087542183
train,2868,8630294443770761905,64,11.1477050781,10.8924427032,1,True,0,0.04085525870323181,-0.09900631010532379,0.46509149378039116,0,0.07544463127851486,-0.033380527049303055,0.4728205288058126
train,2880,8855832519546873665,64,7.0354280472,7.1495819092,0,True,1,-0.10207165032625198,-0.06448541581630707,0.5093954525542838,1,-0.14643551409244537,-0.01223086193203926,0.5335008963843764
train,2894,7659805472520305945,64,8.5400829315,8.5018863678,1,True,1,-0.21100732684135437,0.25289076566696167,0.6139385036602343,1,-0.4605967402458191,0.24079905450344086,0.6684971651505828
train,2896,1879378711336279126,64,8.3099212646,8.6638498306,0,True,0,0.01837754249572754,-0.06004922837018967,0.48040335077519813,1,-0.12671852111816406,0.18145275115966797,0.576438826793779
train,2909,5592457559645920260,64,8.8085575104,8.8542327881,0,True,1,-0.2234785407781601,0.042899489402770996,0.5662035014950634,0,0.4344278573989868,-0.4097647964954376,0.3006524980674319
train,2917,4590300639390183803,64,10.688955307,10.492770195,1,True,1,-0.13517427444458008,0.17835167050361633,0.577745670155332,1,-0.07160075753927231,-0.032785721123218536,0.5097025409748792
train,2929,8546371645960706873,64,9.0549812317,9.1102104187,0,True,0,0.1284448355436325,-0.1927805095911026,0.4203771509129302,0,0.21959799528121948,-0.4015776515007019,0.3495141161634726
train,2958,1996399505574138497,65,7.0512194633,7.0756597519,0,True,1,-0.235788956284523,0.1492418795824051,0.5950859040574287,1,-0.09934384375810623,0.07641170918941498,0.5438261304588479
train,2991,8998695828887452177,65,9.4779052734,9.3745250702,1,True,1,-0.3608555197715759,0.2247558832168579,0.6423575654314557,1,-0.6302483081817627,0.42736709117889404,0.7422345813629833
train,2993,8970291129816097658,65,6.9046630859,6.7703304291,1,True,1,-0.22847506403923035,0.0015009045600891113,0.5572419254987434,0,0.012283243238925934,-0.09200838208198547,0.4739507003524172
train,3004,4721127076004758442,65,9.2136039734,8.8836708069,1,True,0,0.0010505467653274536,-0.10361212491989136,0.4738581914359982,0,-0.05888080969452858,-0.08995291590690613,0.4922325983733647
train,3007,6329081426950802309,65,9.9141654968,10.1247177124,0,True,0,-0.017638765275478363,-0.06027781218290329,0.4893418530119291,1,-0.022002853453159332,0.061057280749082565,0.520753103641458
train,3010,8360206378534167884,65,6.7149276733,7.0658779144,0,True,1,-0.0837571918964386,-0.05917276442050934,0.5061457973318095,1,-0.17421367764472961,0.050191622227430344,0.5558670765313116
train,3027,3108581437625986770,65,8.2008018494,8.233165741,0,True,0,-0.05729003995656967,-0.08325071632862091,0.4935101953901776,0,0.09892228990793228,-0.2394012212753296,0.416216773634286
train,3036,324767673449851749,65,11.264995575,11.2854595184,0,True,0,0.020900845527648926,-0.12195975333452225,0.46434546955809636,0,0.08351976424455643,-0.0016976185142993927,0.478708537638484
train,3042,5005666053017696318,65,8.5210733414,8.4744586945,1,True,0,0.2019495815038681,-0.17215539515018463,0.40754948813621983,1,-0.09657740592956543,0.005425088107585907,0.5254785363678017
train,3053,5723945437915342976,65,5.7792901993,5.9126582146,0,True,0,0.017279013991355896,-0.09921985864639282,0.47090817722119255,1,-0.07540678232908249,0.041260723024606705,0.5291338380319464
train,3070,7927342114748825205,65,8.99284935,8.9743881226,1,True,0,0.015178963541984558,-0.09807165712118149,0.47171756688194744,1,-0.13814415037631989,0.17500710487365723,0.5776542598393939
train,3071,5095502820724262434,65,10.4356298447,10.3228588104,1,True,0,0.0694391131401062,-0.09336794167757034,0.4593879025099891,1,-0.055037468671798706,0.1712903529405594,0.556341655406985
train,3074,7059806239728994133,65,9.5480852127,9.7214460373,0,True,0,0.02165178209543228,-0.09303589910268784,0.4713594658633466,1,-0.008070103824138641,0.01799309253692627,0.5065154302721115
train,3077,2470358395755324496,65,6.5568432808,6.6772451401,0,True,1,-0.052497029304504395,0.19743084907531738,0.5621587492173744,1,0.011691026389598846,0.06753306090831757,0.5139568819679033
train,3087,8639201832916566130,65,10.1285438538,9.9404087067,1,True,0,0.07469233870506287,-0.12361765652894974,0.4505843420079063,1,0.002308584749698639,0.0026877298951148987,0.5000947862852186
train,3088,3895240431689789528,65,10.9537448883,10.4738826752,1,True,1,-0.5509518384933472,0.3863781690597534,0.7185600160173273,1,-0.455263614654541,0.11694145202636719,0.6392718269332893
train,3089,5973025246581625392,65,10.3652820587,10.2655563354,1,True,0,0.012645415961742401,-0.10118582099676132,0.47157287962078775,0,0.0362134650349617,0.017401449382305145,0.49529713477818976
train,3092,4584099319031789268,65,9.3459215164,9.3241024017,1,True,0,0.06541098654270172,-0.09706065058708191,0.4594712048472918,0,0.08002746850252151,-0.009579416364431381,0.4776132561109734
train,3104,2466847414402247845,65,5.9369058609,5.9673662186,0,True,1,-0.04623916372656822,-0.006108708679676056,0.510031267557092,1,-0.14365145564079285,0.21611417829990387,0.5889836994608911
train,3105,2113145335317043820,65,6.2498030663,6.3403892517,0,True,0,-0.07319851964712143,-0.09680122137069702,0.494099598486571,1,-0.20571300387382507,0.1659303456544876,0.5918560098527373
train,3140,8490167493340125747,66,11.5804128647,11.4783878326,1,True,0,0.06065358221530914,-0.12967169284820557,0.45256179384183653,0,0.0389166995882988,0.0013955123722553253,0.4906208035371015
train,3156,770301946430250283,66,8.3341398239,8.2233257294,1,True,0,0.04516598582267761,-0.20087948441505432,0.4387970817844926,0,0.02696073055267334,-0.07900308817625046,0.4735338049509127
train,3165,2590476594714699834,66,7.5993146896,7.3503408432,1,True,1,-0.3170863389968872,0.260654091835022,0.6405473139399285,1,-0.7921795845031738,0.3747963309288025,0.7625979633133594
train,3179,965375515900889549,66,6.8696064949,6.6618213654,1,True,1,-0.10184379667043686,-0.05590289831161499,0.5114832049887752,1,-0.1821315884590149,0.2611430585384369,0.6090390363580857
train,3188,4981642713666769380,66,9.980307579,9.8689661026,1,True,0,0.08118577301502228,-0.029061108827590942,0.47246616194092994,0,0.15095198154449463,-0.068051278591156,0.44546697229987336
train,3190,3311378580012227569,66,7.2303566933,6.8419122696,1,True,1,-0.23597998917102814,-0.005064114928245544,0.5574738096861226,1,-0.4512752294540405,0.3863895833492279,0.697973170772274
train,3203,8708758085561907433,66,9.9661083221,9.8419160843,1,True,0,0.008699581027030945,-0.08629804849624634,0.47626843715756445,1,-0.07880429923534393,0.1683703064918518,0.5614809533317783
train,3215,1204444225898969450,66,7.5822677612,7.6813941002,0,True,0,0.11151613295078278,-0.1423066109418869,0.4368828162842312,1,0.020842425525188446,0.03637758269906044,0.5038837111855187
train,3237,2530489820273948306,66,11.756362915,11.6901245117,1,True,0,0.03813602030277252,-0.1147804781794548,0.46184519568394944,1,-0.028231561183929443,0.08118991553783417,0.5273281078647196
train,3241,7914171495504482244,66,11.6139707565,11.86079216,0,True,0,0.01749737560749054,-0.06331256031990051,0.47980850277567305,0,0.09128173440694809,-0.18448911607265472,0.4314909119075391
train,3251,1769671712900431527,66,12.4584503174,12.2481813431,1,True,0,0.06619523465633392,-0.15739820897579193,0.44433336269975493,0,0.052085138857364655,-0.06309480965137482,0.47123680456467154
train,3255,5278301217812917299,66,12.2485027313,11.8568582535,1,True,0,0.05907708406448364,-0.11096516996622086,0.4575915716919906,0,0.206104576587677,-0.10914093255996704,0.4218348886880146
train,3261,8372294180613421285,66,10.1709413528,10.4181404114,0,True,0,0.03656890243291855,-0.10840978473424911,0.4638186800719541,1,0.0030172839760780334,0.07822476327419281,0.5187930126278588
train,3267,4426202274070468612,66,7.1255435944,7.0518403053,1,True,1,-0.19380195438861847,0.11788402497768402,0.5772967361349328,1,-0.25762584805488586,0.16242998838424683,0.6034966109569935
train,3271,1608305698227372453,66,8.8219127655,8.7823314667,1,True,0,0.05111284554004669,-0.10363714396953583,0.46138952410818607,1,-0.0028480812907218933,0.06397010385990143,0.5166983340375015
train,3286,2314597124944340289,66,10.0009145737,10.0322914124,0,True,0,0.01662067323923111,-0.11422306299209595,0.4673356540109857,0,0.006130054593086243,0.0030171722173690796,0.49922178003448564
train,3294,303941440160424946,66,8.1832008362,8.2160892487,0,True,1,-0.04238370060920715,-0.025942280888557434,0.5041102623399731,1,-0.06468433141708374,0.14024721086025238,0.5510543333740064
train,3317,8837514537719513678,66,8.4539852142,8.5885868073,0,True,1,-0.09309171140193939,-0.07726532220840454,0.50395651471486,1,0.00254608690738678,0.02727329358458519,0.5061814867078609
train,3318,7172867184884521808,66,10.6071176529,10.9858188629,0,True,0,0.02065802365541458,-0.09181500226259232,0.47191134782521194,1,0.032871417701244354,0.07191123068332672,0.5097587138333334
train,3325,3501874415035083563,66,8.8096580505,8.8706626892,0,True,1,-0.0910176932811737,-0.025712735950946808,0.5163204395456401,1,-0.10812778770923615,0.1393570899963379,0.5615573470690708
train,3341,6224415719760075165,67,9.3739814758,9.5717811584,0,True,0,0.02396748960018158,-0.06827384233474731,0.47695600378277014,1,-0.00010434538125991821,0.025538690388202667,0.5064104076744204
train,3354,1431830108357403797,67,7.0364627838,7.0691847801,0,True,0,-0.06264100968837738,-0.1238788291811943,0.48469532762796924,1,-0.23474672436714172,0.021126773208379745,0.563621636915167
train,3356,6208612348949975303,67,7.6556677818,7.6097064018,1,True,0,0.16524241864681244,-0.29872095584869385,0.38604602344768596,0,0.04080205410718918,-0.17998568713665009,0.44502620181368346
train,3358,1289837321050099018,67,16.3359680176,16.3388290405,0,True,1,-0.2757824659347534,0.24881158769130707,0.6282213806896845,1,-0.2809157073497772,0.12376207113265991,0.5998110260211061
train,3360,7278647696331517029,67,7.0704498291,6.9438123703,1,True,0,0.019742421805858612,-0.12854431569576263,0.4629960972218203,1,-0.019585058093070984,0.021371912211179733,0.5102378114780228
train,3367,8452691111312286298,67,7.814868927,7.7746062279,1,True,0,0.10967016220092773,-0.11998454481363297,0.4428373386964763,0,-0.022115178406238556,-0.04503348469734192,0.494270674201803
train,3375,7475057929515434907,67,9.0172777176,8.705198288,1,True,0,0.020518451929092407,-0.053662657737731934,0.481463222209396,0,0.05397932976484299,-0.005423467606306076,0.4851536660792084
train,3418,4298363197445337947,67,6.8855342865,6.7714071274,1,True,0,0.022407934069633484,-0.12933820486068726,0.4621360947321018,1,-0.123825803399086,0.1739313304424286,0.5738941382072745
train,3429,6261626503556090697,67,8.6573104858,8.4418449402,1,True,0,0.16995106637477875,-0.2817164659500122,0.3889643685246345,0,-0.06349100172519684,-0.06783795356750488,0.49891326375066897
train,3430,1636691349077755222,67,7.1086468697,7.1369757652,0,True,0,0.0026281699538230896,-0.15134023129940033,0.4615837618565714,0,0.011709712445735931,-0.08319780230522156,0.47629091514722477
train,3440,510011137271695703,67,7.3098707199,7.1919460297,1,True,1,-0.16815322637557983,0.1537286639213562,0.5797828146457452,0,-0.07512545585632324,-0.12629809975624084,0.48720963001720013
train,3455,4165818974129843705,67,12.2439880371,12.1146450043,1,True,0,0.1600755751132965,-0.1814647763967514,0.41543535585772645,1,0.014769189059734344,0.032992053776979446,0.5045555901143791
train,3461,618956586374538053,67,10.0999174118,10.0605335236,1,True,0,0.0037964582443237305,-0.05589262396097183,0.4850821582761682,0,0.16800829768180847,-0.08880086243152618,0.4361482484586412
train,3472,6276346336777075560,67,13.2030448914,13.1286315918,1,True,0,0.1041753739118576,-0.13335183262825012,0.4408958214925092,1,-0.010514520108699799,0.07434910535812378,0.5212031827420145
train,3474,6885016978743671888,67,10.3888196945,9.4113922119,1,True,1,-0.19595128297805786,0.2254440039396286,0.6038170815136014,1,-0.2537883222103119,0.14030969142913818,0.5972688221799637
train,3490,3071012658141188681,67,8.6450042725,8.2745838165,1,True,0,0.006685934960842133,-0.11184968054294586,0.4704007455117753,1,-0.0665934830904007,-0.042482223361730576,0.5060275229251965
train,3515,4954333620233558243,67,7.5772070885,7.6205267906,0,True,0,0.022062376141548157,-0.10457708686590195,0.46838237873241884,0,0.10784996300935745,-0.0459374375641346,0.46162874521703307
train,3519,8733662224880690772,67,6.7474851608,6.7470488548,1,True,1,-0.21507756412029266,0.06172667443752289,0.5687625669421132,1,-0.24277952313423157,0.29069867730140686,0.6302939809909883
train,3522,6089364819339765178,67,8.8877782822,8.8337574005,1,True,1,-0.14623379707336426,-0.02160148322582245,0.5311178089214476,1,-0.04364022612571716,0.028699558228254318,0.5180770636029186
train,3531,4370059464154982366,67,10.098695755,10.1687793732,0,True,0,0.07101751863956451,-0.09119757264852524,0.45953492057195067,0,0.07828176766633987,0.004103515297174454,0.48146393555204636
train,3548,8087155274560450197,68,9.8383655548,10.0569572449,0,True,0,0.12030009925365448,-0.19490835070610046,0.42184392708751123,1,-0.07142925262451172,0.14163969457149506,0.5530666269809312
train,3558,7904534976649022767,68,9.4585800171,9.3236789703,1,True,0,-0.01429864764213562,-0.05744226276874542,0.4892157689548384,1,-0.02736532688140869,0.07729680836200714,0.5261416748201504
train,3563,8841862490701177992,68,8.843462944,8.7662630081,1,True,0,0.06496067345142365,-0.10277189314365387,0.4581648955385877,1,-0.06456868350505829,0.22377757728099823,0.571591222073694
train,3568,4955760210543357061,68,7.0674934387,7.0514554977,1,True,1,-0.11440586298704147,-0.0820559710264206,0.5080867677584654,0,0.09903479367494583,-0.241383895277977,0.41570777609855464
train,3569,613382819635171133,68,10.0400562286,9.6879758835,1,True,0,0.004253797233104706,-0.030447140336036682,0.4913256360301909,1,-0.06150679290294647,0.13789086043834686,0.5496849020609952
train,3595,3948700875717566612,68,11.9018211365,11.8252506256,1,True,0,0.02640111744403839,-0.07996640354394913,0.4734331632398909,0,0.02965632826089859,-0.03984611853957176,0.48263137946092977
train,3608,6477635861774935434,68,11.4757432938,11.3536558151,1,True,0,0.02928376942873001,-0.11657378077507019,0.46360012178565035,0,0.038524843752384186,-0.00682409480214119,0.488664707905246
train,3615,2402032957396237069,68,8.9542341232,9.2350997925,0,True,0,0.21498845517635345,-0.25133460760116577,0.38548689373717643,1,-0.18043434619903564,0.04082842543721199,0.5550911171203887
train,3621,5141587072051203941,68,12.1803321838,12.2749385834,0,True,0,0.05519986152648926,-0.12841181457042694,0.45422560905613774,1,-0.003140285611152649,0.003270089626312256,0.5016025883214518
train,3622,3335652541252409708,68,8.7459859848,8.6947383881,1,True,0,0.13076893985271454,-0.05169972777366638,0.45450898102930776,1,-0.03145861253142357,0.01233464851975441,0.5109465658297012
train,3639,502474101944769205,68,8.7348575592,8.6929979324,1,True,0,0.03161215782165527,-0.07973989844322205,0.47219071459143347,1,-0.08687824010848999,0.13873161375522614,0.5561644354126182
train,3648,5707947925678501218,68,11.8980474472,11.8332128525,1,True,0,0.020009182393550873,-0.12727440893650055,0.4632455194055903,0,0.21243947744369507,-0.15592004358768463,0.40893747851567175
train,3659,2399430984827978814,68,8.1476716995,8.0413742065,1,True,0,0.04284465312957764,-0.12301188707351685,0.4586306551782473,0,0.0778200551867485,-0.023075100034475327,0.4747975872629117
train,3675,4734598883299242675,68,8.8240671158,8.9218873978,0,True,0,0.027339451014995575,-0.08482565730810165,0.4719880849485537,1,-0.09208589792251587,0.08617497980594635,0.5444475810428279
train,3677,5537010248678503640,68,11.022687912,11.0963830948,0,True,0,0.05984947085380554,-0.08190788328647614,0.464619889010275,0,0.19843697547912598,-0.1715296506881714,0.4085490858864184
train,3679,4175216252271625797,68,10.756362915,11.0294399261,0,True,0,0.015099972486495972,-0.06789000332355499,0.4792644057654664,0,0.10304737836122513,0.08836199343204498,0.49632871974665504
train,3683,6885923509517980835,68,10.3044548035,10.2698249817,1,True,1,-0.0661235898733139,0.0033247023820877075,0.5173550982268337,1,-0.09411337971687317,0.12988756597042084,0.5557672477733892
train,3695,311898872473970966,68,11.1139831543,11.3048458099,0,True,0,0.062008023262023926,-0.10032401978969574,0.45950587426800393,1,-0.07934202253818512,0.06505292654037476,0.536036146508369
train,3701,6631991675843827945,68,13.4070930481,13.1834144592,1,True,0,-0.0011103376746177673,-0.0850294679403305,0.4790325211396281,1,0.01495824009180069,0.02712845429778099,0.503042515998291
train,3751,5101339230294509421,69,7.8352360725,7.5137319565,1,True,1,-0.2588266134262085,0.06812915205955505,0.5810184838580531,1,-0.6153310537338257,0.4498955309391022,0.7436880848316213
train,3779,3627271218284262413,69,8.9844245911,8.8289957047,1,True,1,-0.14065659046173096,-0.043455950915813446,0.5242810456916515,1,-0.10578398406505585,0.1226637214422226,0.5568648343758981
train,3787,123404496225335200,69,7.873978138,7.7292523384,1,True,0,0.06455321609973907,-0.09069639444351196,0.4612653660669086,1,-0.055326417088508606,0.10627804696559906,0.5403134187317356
train,3790,8901921662702612343,69,7.5768027306,7.4589691162,1,True,1,-0.13156069815158844,0.042217135429382324,0.5433354569119758,1,-0.3645860552787781,0.16394558548927307,0.6291405754244839
train,3798,6815354911785471094,69,8.9558887482,9.0002231598,0,True,1,-0.4701738953590393,0.26955580711364746,0.6769367467839078,1,-0.39292818307876587,0.3162711262702942,0.6702242123114511
train,3812,6480069989960299519,69,7.802052021,7.8129663467,0,True,0,-0.06386665999889374,-0.06653737276792526,0.49933232220460455,1,-0.16023994982242584,0.11959265172481537,0.5695051835006357
train,3814,1910990430642480368,69,10.5468673706,10.7168369293,0,True,0,-0.022942379117012024,-0.04496876150369644,0.49449362702488614,1,0.01835297793149948,0.02382991835474968,0.5013692316830914
train,3831,1254889256058933982,69,9.7670307159,9.7368068695,1,True,0,-0.0068446919322013855,-0.08447804301977158,0.4806014040928663,0,-0.013186804950237274,-0.02938031777739525,0.4959517102580275
train,3841,1905539872976634840,69,10.8150348663,10.4263248444,1,True,0,0.11160098016262054,-0.23551180958747864,0.4140827366978115,1,-0.09923304617404938,0.05588546022772789,0.5387020544372875
train,3842,3031986419420387556,69,12.272354126,12.5833435059,0,True,1,-0.23783241212368011,0.16341279447078705,0.5989867975788251,1,-0.658162534236908,0.4147202670574188,0.7451447582442393
train,3845,1107744626888047101,69,11.6737384796,11.4817476273,1,True,0,-0.01779314875602722,-0.04962868243455887,0.4920417887070748,1,-0.11164401471614838,0.10317479074001312,0.5534991235564543
train,3853,1531753538286615123,69,9.6394090652,10.0566959381,0,True,0,0.006837248802185059,-0.05210709571838379,0.48526817902000485,0,0.01883227378129959,0.005115482956171036,0.49657085605976886
train,3862,5986141954793032550,69,8.4547462463,8.7915763855,0,True,1,-0.20323510468006134,0.08888713270425797,0.5725156122130398,1,-0.33334916830062866,-0.0003959648311138153,0.5824777627601144
train,3874,4389857823461956410,69,10.5455875397,10.237405777,1,True,1,-0.03343408182263374,-0.027190178632736206,0.5015609707261014,1,-0.07575426250696182,0.17726309597492218,0.5629190357785883
train,3877,7563475196653195047,69,8.9374818802,8.9069213867,1,True,0,0.022873565554618835,-0.11208955943584442,0.4663103414552007,0,0.06075853854417801,-0.013280805200338364,0.48149861507043135
train,3888,6843352200591428855,69,7.9726781845,8.024477005,0,True,0,0.07498371601104736,-0.11197827011346817,0.453395179566746,1,-0.002302922308444977,0.12303467094898224,0.5312934419772936
train,3889,8999620182524881171,69,10.5649995804,10.7263183594,0,True,0,0.02306050807237625,-0.09234563261270523,0.4711804440211392,0,0.021700195968151093,-0.027826834470033646,0.487620772731813
train,3904,6752928355439690281,69,15.3444900513,15.5865421295,0,True,0,0.08690781891345978,-0.1364085078239441,0.4444017842557106,0,-0.011802248656749725,-0.023353178054094315,0.4971122997579617
train,3916,3033352351626280627,69,10.6715450287,10.9757671356,0,True,0,-0.052241645753383636,-0.06797097623348236,0.49606774845343937,1,-0.17543843388557434,0.11740276217460632,0.5726915620468803
train,3919,1572966037698067410,69,12.141251564,12.411067009,0,True,0,-0.0009035095572471619,-0.07279098778963089,0.48203586604420956,1,0.010904781520366669,0.07923184335231781,0.5170751229162142
train,3929,4058794124853679927,70,7.6779842377,7.7237763405,0,True,1,-0.19551900029182434,-0.008655741810798645,0.5465803528471802,1,0.03323555737733841,0.04462946578860283,0.5028484462871686
train,3934,1671478263505061530,70,9.5913496017,9.4983692169,1,True,0,0.054378628730773926,-0.10859948396682739,0.45934542046826,1,-0.09977215528488159,0.13877801597118378,0.5593563308923334
train,3936,3263799058531017218,70,9.0744314194,8.9621238708,1,True,1,-0.13985969126224518,0.05761709809303284,0.5492093826527631,1,-0.2360345423221588,0.1649259775876999,0.5989184134511067
train,3945,279838020071315940,70,8.2580184937,8.4503612518,0,True,0,0.054319143295288086,-0.0772058516740799,0.46716606998224763,0,0.16073906421661377,0.016256708651781082,0.4639421154449471
train,3948,257874674097177713,70,9.0788059235,9.0084619522,1,True,0,0.017559856176376343,-0.08879590779542923,0.47343609419678717,1,-0.03132887929677963,0.06736211478710175,0.5246527421395244
train,3959,5798335510379500732,70,6.3035173416,6.2250499725,1,True,1,-0.14717699587345123,0.14562693238258362,0.5726824419965704,1,-0.013518400490283966,0.01615450531244278,0.5074176821977724
train,3994,3857361978917689056,70,11.7454681396,11.8861923218,0,True,0,0.0518040657043457,-0.06306149065494537,0.4713151432064418,1,-0.05505036190152168,0.1627214401960373,0.5542288049717847
train,3996,2413138818485758457,70,10.6938457489,10.2348861694,1,True,0,0.04454486072063446,-0.18109123408794403,0.4438290871362991,0,-0.002444654703140259,-0.013000760227441788,0.49736099812451057
train,4005,6517008615904181586,70,11.9503898621,11.9681015015,0,True,0,0.02855997532606125,-0.09885115176439285,0.46819023882156774,1,-0.11581882834434509,0.12451218068599701,0.5597952196262442
train,4021,903889112841001508,70,10.4248428345,10.3852100372,1,True,0,0.009371593594551086,-0.10278429836034775,0.47199038180941266,1,-0.04089680314064026,0.07494078576564789,0.5289270583492233
train,4025,6263334420995085565,70,5.9031505585,6.0344409943,0,True,1,-0.1696995347738266,0.11869840323925018,0.5716038764721788,1,-0.2667049467563629,0.17441606521606445,0.608526113018434
train,4042,2416942475036435579,70,8.3057918549,8.1794176102,1,True,1,-0.07992596924304962,-0.0004224702715873718,0.5198654120598034,1,-0.3778209388256073,0.26734060049057007,0.6559192998005259
train,4045,9073695319932946523,70,6.6637821198,6.5330734253,1,True,1,-0.5543316006660461,0.372514545917511,0.7164349991845637,1,-1.1658291816711426,0.8465538024902344,0.8820910935414397
train,4052,6276318441876275775,70,11.3698940277,11.1617336273,1,True,0,-0.009401947259902954,-0.052991434931755066,0.48910435321092044,1,-0.033511653542518616,0.12706224620342255,0.5400574418866245
train,4064,3398142858357065714,70,6.3901948929,6.5471515656,0,True,1,-0.07326384633779526,-0.06207747757434845,0.5027965630286322,1,-0.09231938421726227,0.14903835952281952,0.5600482166915985
train,4065,1871016006756791328,70,7.3533601761,7.4584407806,0,True,0,0.09884215891361237,-0.20075666904449463,0.42565555595595467,1,-0.1259974241256714,0.16961082816123962,0.573368568197512
train,4097,2485903782559548058,70,12.7350254059,13.1302661896,0,True,0,0.09624853730201721,-0.15052743256092072,0.4386172012318668,1,-0.023937053978443146,0.06253814697265625,0.5216053382601962
train,4098,8706898640054876812,70,8.4479198456,8.6148376465,0,True,0,0.04581478238105774,-0.07237134873867035,0.4704878113187404,1,-0.049276407808065414,0.08281287550926208,0.5329743911579545
train,4116,2630880763885936976,70,7.4383358955,7.5002174377,0,True,1,-0.133811354637146,-0.0614977702498436,0.5180705221697847,1,-0.23356977105140686,0.14306531846523285,0.5930612717702022
train,4123,1742559500549169416,71,8.2240600586,8.184636116,1,True,0,0.05196480453014374,-0.10570698976516724,0.460663511066986,1,0.0347849503159523,0.09304749965667725,0.5145615184487534
train,4134,4962062367870376359,71,6.6140918732,6.008975029,1,True,1,-0.09462864696979523,-0.06365881860256195,0.5077418383157442,0,0.03121890127658844,-0.027741868048906326,0.4852640763843849
train,4158,6025543380594451980,71,5.1289806366,5.0764460564,1,True,1,-0.5540586113929749,0.4239245653152466,0.7267078512698125,1,-0.8837399482727051,0.6943118572235107,0.8289284291450254
train,4196,4638082001496539792,71,10.7711334229,10.9617767334,0,True,0,-0.018447138369083405,-0.074100062251091,0.486090358978099,1,-0.13912177085876465,0.11164833605289459,0.56236604135906
train,4198,2784144474097328264,71,12.9328289032,13.0564937592,0,True,0,0.006688892841339111,-0.06064692139625549,0.483172404143697,1,-0.022694312036037445,0.07558117806911469,0.524549117610615
train,4209,8435195098118796769,71,11.0872297287,10.7346372604,1,True,1,-0.17718222737312317,-0.004501909017562866,0.5430631262722501,1,-0.2774396240711212,0.2480781525373459,0.6284370991968347
train,4217,8611773992718146062,71,7.6659650803,7.5522007942,1,True,0,0.09913156926631927,-0.2152678370475769,0.42204125852647234,0,-0.06981736421585083,-0.08759908378124237,0.49555468723815527
train,4224,253938241362823427,71,9.8732500076,9.9808197021,0,True,0,0.04444603621959686,-0.02833700180053711,0.48181226871563676,1,-0.3791411519050598,0.07819369435310364,0.6123817374749108
train,4226,121695206641968538,71,10.6259183884,10.5525035858,1,True,1,-0.2696431279182434,0.11545468866825104,0.5951020435397908,1,-0.1588355451822281,-0.018062744289636612,0.5351351965830817
train,4230,5081720880620823310,71,10.2723808289,10.1582746506,1,True,0,0.015826866030693054,-0.1066434383392334,0.469420635950411,1,-0.011148683726787567,0.05683939531445503,0.5169904755631564
train,4236,3975547957713025591,71,11.4492206573,11.2411727905,1,True,0,0.04530717432498932,-0.08736149221658707,0.4668813957646279,0,0.08072123676538467,0.028653811663389206,0.48698608367043633
train,4237,7001862574078275365,71,12.557182312,12.6559095383,0,True,1,-0.029513608664274216,0.042864978313446045,0.5180867515721288,1,-0.023504026234149933,-0.01426246389746666,0.502310374140785
train,4242,3392110225340197597,71,13.0694351196,13.0664653778,1,True,0,0.02324315905570984,-0.05053587257862091,0.48156360430544853,1,-0.11281637847423553,0.11202570796012878,0.5559749072711161
train,4244,2022102697926950464,71,6.3054904938,6.6249027252,0,True,0,-0.0035509318113327026,-0.14210110902786255,0.4654177585008358,0,0.09645263105630875,-0.13068532943725586,0.4434583907008488
train,4254,6070409435053845132,71,6.5860452652,5.995174408,1,True,1,-0.17091557383537292,0.07339467108249664,0.5607755664097865,1,-0.2784791588783264,0.22049392759799957,0.6222179723807784
train,4258,9107710981854518875,71,11.4958381653,11.6229629517,0,True,0,-0.005927488207817078,-0.07431045174598694,0.4829109179692508,1,-0.03836169093847275,0.0748317539691925,0.5282681848908003
train,4262,2552270405333245485,71,16.3134002686,15.5212898254,1,True,0,0.2730225920677185,-0.1892029494047165,0.38645799653806645,1,-0.07907978445291519,-0.004028294235467911,0.5187540703354173
train,4303,5159611022731517859,71,5.8071222305,5.6744203568,1,True,1,-0.37421655654907227,0.23214970529079437,0.6471114523538106,1,-0.2941524386405945,0.08053654432296753,0.592591514265533
train,4312,6328192630642917302,71,13.1011791229,13.022190094,1,True,0,0.055245280265808105,-0.1282365769147873,0.454257791967507,0,0.04823038727045059,-0.0311904139816761,0.4801552297685485
train,4317,4621245217320975734,72,12.1619586945,12.2747306824,0,True,0,0.008931592106819153,-0.1219128668308258,0.4673354741055088,0,0.022750072181224823,-0.012100856751203537,0.49128814952425104
train,4341,4190326344498904961,72,12.3338346481,12.6310844421,0,True,0,-0.033792950212955475,-0.09127280861139297,0.48563399054500583,0,0.10808508843183517,-0.013632360845804214,0.46960815003862455
train,4347,8738346105777047245,72,10.2574157715,9.5718364716,1,True,1,-0.17222660779953003,0.07477794587612152,0.5614390826622827,1,-0.6625272035598755,0.5325415730476379,0.767646384915419
train,4364,4852969695585074731,72,6.9369311333,6.9968218803,0,True,1,-0.1181790679693222,0.08840422332286835,0.5514629307201762,1,-0.14719778299331665,0.15895238518714905,0.5759452837870673
train,4379,7686939986087202811,72,10.0345840454,10.013589859,1,True,1,-0.12615704536437988,-0.05849866569042206,0.5169081454372685,1,-0.3691161870956421,0.1881701499223709,0.6358244188304406
train,4382,549905411673837964,72,11.6573381424,11.5452804565,1,True,0,-0.01927824318408966,-0.052410051226615906,0.4917178056007695,1,-0.06801092624664307,0.13354451954364777,0.5502189660054188
train,4384,123239269582232976,72,8.6337814331,8.7899656296,0,True,1,-0.10340212285518646,0.004005789756774902,0.5268261931690243,1,-0.20478208363056183,0.11275215446949005,0.5787232098223691
train,4391,5845087202850841873,72,12.2720127106,12.3697566986,0,True,0,0.006689764559268951,-0.050444334745407104,0.48572035938806324,1,-0.13568246364593506,0.1471312940120697,0.570235918697239
train,4410,9060555550736949170,72,8.0750980377,7.6475563049,1,True,1,-0.06607767194509506,-0.05865256488323212,0.5018562682371253,1,-0.21930012106895447,0.16409410536289215,0.5946914875327852
train,4423,8610981853685581368,72,8.6514663696,8.5397262573,1,True,1,-0.09311430156230927,-0.07000765204429626,0.5057764053715834,1,-0.12824466824531555,0.08093824982643127,0.5521058661002798
train,4432,5966609755849471172,72,13.3504676819,12.4925098419,1,True,1,-0.05181647092103958,-0.039924636483192444,0.5029729235746988,1,-0.06329742074012756,-0.04033161699771881,0.505741198598678
train,4456,1038570438459148095,72,8.0596179962,8.1795349121,0,True,0,0.03132140636444092,-0.08748066425323486,0.4703343657027781,1,-0.030006729066371918,0.15120269358158112,0.5451787958047162
train,4457,8395396558956307188,72,8.8960523605,9.2890052795,0,True,0,-0.008508242666721344,-0.06544972956180573,0.4857684733474093,1,-0.04507679492235184,0.1588527113199234,0.5508064235553175
train,4458,4795599467233766687,72,13.1710624695,13.1944313049,0,True,0,0.045678913593292236,-0.0986817330121994,0.4639723845751191,0,0.05782327800989151,-0.0649687647819519,0.4693405029908115
train,4463,7816815428441490445,72,9.6261253357,9.0716285706,1,True,1,0.058961957693099976,0.09097395837306976,0.5080023168050232,1,-0.11556842923164368,-0.06861697137355804,0.5117357086555187
train,4484,6533120451719480484,72,9.4202871323,9.7415513992,0,True,0,-0.04183907434344292,-0.12163621187210083,0.4800612946088962,1,-0.245703786611557,0.18144749104976654,0.6051932150736873
train,4499,133476540909913825,72,6.8317875862,6.9838633537,0,True,1,-0.23724667727947235,0.1805604249238968,0.6029583897870007,1,-0.1875058114528656,0.21967874467372894,0.60041259647895
train,4503,888790463224736936,72,8.9312295914,8.8255672455,1,True,0,0.020811669528484344,-0.10562970489263535,0.46843170316375904,1,-0.04291725158691406,0.12140993773937225,0.5409896005166042
train,4504,6622044385212452853,72,7.1789507866,7.1936903,0,True,1,-0.11691613495349884,0.0038356035947799683,0.5301513072306244,0,0.06795299798250198,-0.0013071633875370026,0.4826918779828308
train,4509,4027913714652845643,72,9.484046936,9.5168704987,0,True,0,0.030052408576011658,0.02966959774494171,0.49990429729340125,1,-0.19717851281166077,-0.0003547258675098419,0.5490477081472032
train,4527,1035633222271466563,73,6.4182734489,6.3933858871,1,True,1,-0.0634450763463974,0.04389962553977966,0.526810435950124,1,-0.2661658823490143,0.24632121622562408,0.625389327211546
train,4529,8447998087896137178,73,8.8124294281,8.8262414932,0,True,0,0.021878086030483246,-0.08981708437204361,0.47210520222329727,1,-0.030465777963399887,0.060798194259405136,0.5228001698202689
train,4534,425510596720327732,73,8.6838531494,8.5353765488,1,True,1,-0.0493035726249218,-0.034374386072158813,0.5037322273183561,1,-0.2570374608039856,0.32128557562828064,0.6406814458256405
train,4554,4947337551144037975,73,11.978685379,11.4679946899,1,True,0,-0.0059163495898246765,-0.06437499821186066,0.4853894984514112,1,0.01109044998884201,0.1157570630311966,0.526142791209684
train,4562,8952064151375701022,73,9.3735256195,9.5367383957,0,True,0,0.14129872620105743,-0.26750093698501587,0.39919997429558685,0,0.06437290459871292,-0.14172998070716858,0.4486559013888317
train,4563,1446349518952766383,73,8.2141275406,7.8071784973,1,True,1,-0.09945816546678543,-0.03303679823875427,0.5165992395480055,1,-0.27751123905181885,0.07612921297550201,0.5875000997932128
train,4600,475880936778694137,73,10.6484622955,10.1280288696,1,True,1,-0.22036470472812653,0.059905506670475006,0.5696124686182661,0,-0.024528272449970245,-0.2650637924671173,0.4401543844660588
train,4627,1621523939102279246,73,8.1430501938,7.9016494751,1,True,0,0.13609471917152405,-0.17411960661411285,0.4230624252371085,0,0.03458331525325775,-0.019046802073717117,0.4865956832938205
train,4638,3018779817527719322,73,11.9975986481,12.0659322739,0,True,0,-0.010455489158630371,-0.10398024320602417,0.4766358392977263,0,-0.004136569797992706,-0.027164403349161148,0.49424329599924577
train,4649,828940059502561799,73,7.1318893433,6.5410451889,1,True,1,-0.26759153604507446,0.17478059232234955,0.6088241160704984,1,-0.9911772608757019,0.7549152374267578,0.8514592737069528
train,4652,4741414426811552406,73,9.3377304077,9.4317378998,0,True,0,0.02180963009595871,-0.08063875138759613,0.47441028248594835,1,0.020720884203910828,0.030550826340913773,0.5024574657459979
train,4656,1393058629106196177,73,9.8393802643,9.899679184,0,True,0,0.0024097859859466553,-0.09171073883771896,0.47648722389847126,0,0.12594157457351685,-0.05788229778409004,0.4541730051158483
train,4659,4874843911366909674,73,10.2067337036,10.3503665924,0,True,0,0.09736065566539764,-0.15597333014011383,0.4370030624089586,1,-0.059728555381298065,0.05345649644732475,0.5282660933273713
train,4660,5784533662299573,73,9.306848526,9.3371295929,0,True,0,0.05800244212150574,-0.09716464579105377,0.46128587297548646,1,-0.02034156769514084,0.13941408693790436,0.539854186912696
train,4666,9178447311057449729,73,8.6308441162,8.6405363083,0,True,0,-0.0774737298488617,-0.13029372692108154,0.48679806998525055,1,-0.1519346833229065,-0.0019567497074604034,0.5374243596579378
train,4667,6405283830944448795,73,10.1731300354,9.7456245422,1,True,0,0.024544380605220795,-0.1400122046470642,0.45895343645671793,1,-0.15073710680007935,0.18019814789295197,0.5819869212996287
train,4670,3331260169105889053,73,11.1078939438,11.0228834152,1,True,0,0.037914931774139404,-0.11427728831768036,0.4620252158519045,1,0.015102237462997437,0.01792023703455925,0.5007044994266808
train,4672,7331225638367341972,73,8.7412796021,8.3148479462,1,True,0,0.053177401423454285,-0.11815972626209259,0.4572701997684854,1,-0.030189845710992813,0.11324642598628998,0.535797713886313
train,4674,3876316661322442342,73,8.4956893921,8.5452861786,0,True,0,-0.011281058192253113,-0.09326225519180298,0.47951617197364466,1,-0.02170836180448532,0.06930148601531982,0.5227367704585167
train,4685,6600833445602045171,73,11.8718166351,11.8689146042,1,True,0,-0.03705522418022156,-0.10772877931594849,0.4823389616455279,1,-0.07387658953666687,0.08575741946697235,0.539823968575472
train,4710,4556118719401492081,74,8.3415565491,8.2993545532,1,True,0,-0.09649170190095901,-0.09651892632246017,0.4999931938946251,0,0.06437211483716965,-0.18796856701374054,0.43724746163069633
train,4711,3947238999604666079,74,14.6384592056,14.8035202026,0,True,0,0.009990513324737549,-0.0962534248828888,0.4734639718117599,0,0.05167568475008011,-0.07309447228908539,0.4688478639039912
train,4727,3889630444239837829,74,13.9312839508,13.8660449982,1,True,0,0.029802143573760986,-0.09445564448833466,0.46897546095075865,1,-0.002697393298149109,0.11573909223079681,0.5295745587714167
train,4762,7187450224584094737,74,8.0865268707,8.2920627594,0,True,0,0.01646014302968979,-0.048019930720329285,0.48388556439774416,1,-0.12762099504470825,0.15633107721805573,0.570514859614946
train,4770,9195637862660843575,74,11.7237625122,11.9751663208,0,True,1,-0.13443225622177124,0.19387474656105042,0.5813473876109783,1,-0.10968372970819473,-0.004450980573892593,0.5262839362167191
train,4780,4006855278535621611,74,8.8697166443,8.9114837646,0,True,1,-0.1813906878232956,0.0012891590595245361,0.5455433762603421,1,-0.4310915470123291,0.2982373833656311,0.6746579937017013
train,4790,4265169077839835179,74,11.7823104858,11.4662399292,1,True,0,0.06931908428668976,-0.10409294068813324,0.45675530970282724,0,0.22565796971321106,-0.05854043737053871,0.4294247825903643
train,4798,1444507104875362786,74,10.4251241684,10.2240009308,1,True,0,0.05596156418323517,-0.16086043417453766,0.4460058648846255,1,-0.053126659244298935,0.08227209746837616,0.5337980704435582
train,4815,4648760133606353075,74,8.8997745514,8.5009832382,1,True,0,0.0167437344789505,-0.09863198548555374,0.47118802394148757,1,-0.1341930776834488,0.20954380929470062,0.5850979709114276
train,4817,5956138573447350851,74,11.1190595627,11.3355073929,0,True,0,0.0005410909652709961,-0.07920780777931213,0.4800733351390696,0,0.1015729084610939,0.009420584887266159,0.4769782086528426
train,4827,423203206039636052,74,11.4594812393,11.5535335541,0,True,0,0.046603575348854065,-0.14376772940158844,0.4525503900294511,1,0.0014952495694160461,0.09599314630031586,0.5236069096116673
train,4832,1961406707480545432,74,9.5433416367,9.4229469299,1,True,0,0.10652920603752136,-0.2106587290763855,0.42136122206646054,0,0.02269478142261505,-0.05754691734910011,0.4799503320197282
train,4843,7125335345772329917,74,8.093629837,8.1737194061,0,True,0,0.04515944421291351,-0.10967473685741425,0.4613686017961799,1,-0.055563319474458694,0.15083205699920654,0.5514164492460271
train,4850,3695592838331719840,74,8.7831754684,8.8098230362,0,True,0,-0.012228898704051971,-0.12811964750289917,0.4710596961808618,0,0.11742325872182846,-0.2876897156238556,0.40008451507818327
train,4857,2581854330789985436,74,11.4414215088,11.3666000366,1,True,0,0.03831605613231659,-0.08500082790851593,0.4692097881382163,0,0.0572260245680809,0.016973402351140976,0.4899382029810815
train,4859,3109409647972863382,74,9.7423610687,9.7234916687,1,True,0,-0.01694440096616745,-0.09905339032411575,0.47948427758761686,1,-0.032951291650533676,0.12796668708324432,0.5401429083460833
train,4872,121355169222816469,74,16.8066577911,16.4796943665,1,True,0,0.03551825135946274,-0.09647741913795471,0.46704891033273416,0,0.15869739651679993,-0.12704822421073914,0.42904572710255584
train,4873,1125725022710996275,74,11.4004821777,11.2542896271,1,True,0,0.028115972876548767,-0.07759963721036911,0.4735956836574899,1,0.03658371418714523,0.0879831314086914,0.5128470260499765
train,4891,6003632302315947810,74,8.5295295715,8.6361560822,0,True,1,-0.16119439899921417,-0.060204993933439255,0.5252259152784997,1,-0.4620322585105896,0.32795631885528564,0.6878288779165324
train,4935,8076741139666878815,75,10.3118810654,9.7324171066,1,True,0,-0.055942244827747345,-0.09452863037586212,0.49035460034359135,1,-0.4024199843406677,0.23185621201992035,0.6534584434097667
train,4940,6174346954299057179,75,11.3928337097,11.0754575729,1,True,0,0.056266143918037415,-0.13950689136981964,0.4512124653816845,1,-0.08464176952838898,0.16761858761310577,0.5627327734014863
train,4952,2269276559560836404,75,11.5497589111,11.4922008514,1,True,0,0.049365609884262085,-0.14180690050125122,0.4523519000641084,1,-0.0041406601667404175,0.13223892450332642,0.5340421489129569
train,4957,1065370099020905715,75,13.196516037,13.0427761078,1,True,0,0.06091234087944031,-0.09168186783790588,0.46192529992358605,0,0.18640533089637756,-0.17407949268817902,0.41084220889147804
train,4977,5322280547203818250,75,14.2875242233,13.9836502075,1,True,0,-0.027551066130399704,-0.07766339927911758,0.4874745378127841,0,0.054826028645038605,-0.007144693285226822,0.484512275749997
train,4979,9008394999788759808,75,9.9320993423,9.9180450439,1,True,0,0.039684608578681946,-0.10764512419700623,0.46323404639574284,1,-0.028275184333324432,0.14007186889648438,0.5419876467341347
train,4982,7863247389792689013,75,9.416015625,9.5679855347,0,True,0,-0.04756467789411545,-0.14665691554546356,0.47524719181864583,1,-0.05431691184639931,-0.0372035838663578,0.5042782275832387
train,4983,7564418751737842852,75,9.8090810776,9.4999475479,1,True,0,0.0694684237241745,-0.13105639815330505,0.45003610397547306,1,-0.07855992764234543,0.09888865053653717,0.5442461036610252
train,4984,1057824699327102890,75,8.9860420227,8.7420606613,1,True,0,0.04740546643733978,-0.1917673796415329,0.4404901998708561,1,-0.059994474053382874,0.017309274524450302,0.5193163187856237
train,4992,2599227349927919470,75,9.4250144958,9.5808200836,0,True,0,0.031102873384952545,-0.13566555082798004,0.4584042533512547,0,0.08924541622400284,-0.016365837305784225,0.4736217001123052
train,4993,6771118925634574232,75,9.3005638123,9.2998447418,1,True,0,0.03793928027153015,-0.11606184393167496,0.4615756294220702,1,-0.11839672923088074,0.13092024624347687,0.5620083781373784
train,5005,150027708487744297,75,8.7591438293,8.8455753326,0,True,1,-0.06317269802093506,-0.04426940530538559,0.5047256824589536,0,0.20267528295516968,-0.1361924558877945,0.4160845430282365
train,5017,8693652511859804477,75,12.7852754593,12.7662200928,1,True,1,-0.06538064777851105,0.0942293107509613,0.5398179940940211,1,-0.08250920474529266,0.021719876676797867,0.5260337060876412
train,5043,6075458526292029228,75,13.1719655991,12.8688926697,1,True,0,0.05200783908367157,-0.12975606322288513,0.4546837194897582,0,0.1276124119758606,-0.09337575733661652,0.444976701059475
train,5063,6902580567884235676,75,12.3589820862,12.3811626434,0,True,0,0.01327618956565857,-0.10697328299283981,0.46997380454820215,1,-0.003710038959980011,0.05649855360388756,0.5150476026920373
train,5081,6270210004436250101,75,10.5620174408,10.4298171997,1,True,0,0.03542456030845642,-0.11880762130022049,0.46151820672137595,1,-0.00702977180480957,0.03020802140235901,0.5093083727028838
train,5083,2750343372680560946,75,9.8461351395,9.7857780457,1,True,1,-0.1380254030227661,0.0438113808631897,0.5453343511783202,0,0.14872705936431885,-0.18420161306858063,0.41752820313673755
train,5085,7570985040903888455,75,10.7801933289,10.8856248856,0,True,0,0.011075682938098907,-0.09819541871547699,0.47270937375235367,0,0.07897145301103592,-0.10786955058574677,0.45342516259252413
train,5090,4046720943105041014,75,18.2293891907,18.6368255615,0,True,0,0.09989164769649506,-0.04596559703350067,0.4636001977493645,0,0.12713569402694702,-0.23030871152877808,0.4115783437582341
train,5108,8567342774004885718,76,10.6551456451,10.5500402451,1,True,0,0.08423946797847748,-0.14031419157981873,0.44409629690070074,0,0.07935590296983719,0.06513954699039459,0.49644597086212666
train,5115,2494949241479295223,76,11.2598810196,11.1936397552,1,True,0,0.03472147136926651,-0.12299194931983948,0.46065316889646357,0,0.03046996146440506,0.01805293932557106,0.4968957843498173
train,5124,2692446541280441732,76,7.6271681786,7.3575429916,1,True,1,-0.07771580666303635,-0.054177746176719666,0.5058842434484248,1,-0.27068254351615906,0.01853996142745018,0.5718057786230456
train,5127,4037875210878822614,76,11.0572748184,11.2815322876,0,True,0,0.059032097458839417,-0.11128026247024536,0.4575245317643791,0,0.09145035594701767,-0.020876791328191757,0.47194770254059143
train,5130,1719338897318701763,76,8.7319660187,8.1827793121,1,True,1,-0.19723910093307495,0.057757675647735596,0.563405993366735,1,-0.42489027976989746,0.21736285090446472,0.6552626061298675
train,5149,6249556670975099255,76,7.0529346466,7.0811395645,0,True,0,0.170804962515831,-0.20088662207126617,0.4081323384187829,0,0.08276299387216568,-0.08663955330848694,0.4577503522099957
train,5152,8181131466240581110,76,12.7059707642,12.748966217,0,True,0,0.05250263214111328,-0.07029764354228973,0.4693384525073964,1,-0.03932361304759979,0.06878785789012909,0.5270015731211692
train,5170,452192849742395726,76,12.5326480865,12.2865619659,1,True,0,0.01717100292444229,-0.04922670125961304,0.4834066696953183,0,0.07970041781663895,-0.04158804193139076,0.4697150025700904
train,5180,3899340120871493745,76,7.834854126,7.5100598335,1,True,0,-0.03322308510541916,-0.0845605731010437,0.4871684460476328,1,-0.20652663707733154,0.09618881344795227,0.5751061966951855
train,5186,8291719839057936763,76,10.9751701355,10.9027814865,1,True,1,-0.03657703101634979,-0.006374552845954895,0.5075500456285104,0,0.05258003622293472,0.0267673097550869,0.4935471766703796
train,5191,8343420669597812923,76,14.2887401581,14.1618967056,1,True,0,0.008372083306312561,-0.102046437561512,0.47242338250854826,0,0.011934421956539154,-0.013824637979269028,0.4935605910734148
train,5222,1915880462469379879,76,5.4276986122,4.7197999954,1,True,1,-0.07420913875102997,0.11673638224601746,0.5475918673242386,1,-0.31730833649635315,0.271565318107605,0.6431066680474007
train,5224,8431930441957210468,76,7.3296947479,7.4044513702,0,True,1,-0.18766097724437714,0.06705161929130554,0.5633360895910646,1,-0.1627652645111084,0.2319672852754593,0.5974214433032805
train,5238,8039593872852550627,76,8.8877592087,8.5568332672,1,True,0,0.05815143883228302,-0.1400257796049118,0.4506172121941086,0,0.0300021693110466,0.02501588687300682,0.4987534319732754
train,5241,8629416412387516631,76,9.7910079956,9.5414237976,1,True,1,-0.5050803422927856,0.2982836365699768,0.6906936085742111,1,-1.0388754606246948,0.8063955903053284,0.8635709135224937
train,5252,6493983399382186930,76,10.466714859,10.2903413773,1,True,1,-0.13259950280189514,0.055660784244537354,0.546926556229586,1,-0.2068512737751007,0.16651256382465363,0.5922715494336211
train,5273,4960429964662468380,76,8.6514759064,8.8664169312,0,True,0,-0.059084709733724594,-0.09266067296266556,0.4916067976810535,1,-0.12894132733345032,0.1575741022825241,0.5711428392008616
train,5276,8578754630145505605,76,8.7956628799,9.2904777527,0,True,1,-0.12557509541511536,-0.07234643399715424,0.5133040243224494,1,-0.45173558592796326,0.2987480163574219,0.6792840645602566
train,5292,2334219918016367075,76,12.4531459808,12.3331680298,1,True,0,-0.01571912318468094,-0.10334260016679764,0.47810813587642664,0,0.0014667212963104248,-0.029989469796419144,0.49213660061366277
train,5293,7143101002360863199,76,11.3741950989,11.1814823151,1,True,0,0.08584915101528168,-0.10813293606042862,0.45165597821144504,1,-0.21595925092697144,0.19207412004470825,0.6006162244858807
train,5307,6829086051579408322,77,10.7774896622,10.6912355423,1,True,0,0.0003124922513961792,-0.10354772955179214,0.4740582597031413,1,0.007790520787239075,0.031039152294397354,0.5058118961022096
train,5321,4092992910196724725,77,11.29712677,11.4052066803,0,True,0,0.04752810299396515,-0.13102075457572937,0.45548099384096286,1,-0.07971958816051483,0.09427894651889801,0.543390217194389
train,5336,3213598460862743001,77,8.6145420074,9.0265769958,0,True,0,0.16516099870204926,-0.22258949279785156,0.4042589411635291,1,-0.04052586853504181,0.07442481815814972,0.5287060692781934
train,5337,8340372734802525383,77,12.2148036957,12.2787437439,0,True,0,0.021245956420898438,-0.06923583894968033,0.4773949712500668,1,-0.0634780302643776,0.12126488983631134,0.5460548171041175
train,5341,6463324925440856770,77,9.3174009323,8.9890975952,1,True,1,-0.10911513864994049,-0.04446972906589508,0.5161557265170688,0,0.14123323559761047,-0.18855011463165283,0.4182933383182671
train,5357,2915999017237352306,77,10.7246284485,10.8537998199,0,True,0,-0.06050805002450943,-0.10018642246723175,0.4900817081129538,0,0.10632363706827164,-0.10323929786682129,0.44780016329960803
train,5368,7062189202298575095,77,12.3023471832,12.4435386658,0,True,0,0.06858544051647186,-0.15565335750579834,0.4441740296394756,1,-0.01580897718667984,0.0497935451567173,0.516394751179049
train,5370,947278582853500292,77,11.4497032166,11.7327013016,0,True,0,0.014937147498130798,-0.1298251897096634,0.46387248476164494,1,-0.02158719301223755,-0.008962992578744888,0.5031560081939509
train,5375,9046247373920363857,77,8.367357254,8.4862594604,0,True,1,-0.26108479499816895,0.10761789977550507,0.5911454665989863,1,-0.2780873477458954,-0.019682753831148148,0.5642440652857293
train,5394,4830860862289283999,77,9.2743654251,9.1243515015,1,True,0,-0.027542833238840103,-0.03873015195131302,0.4972031994915413,1,-0.07770834863185883,0.09805284440517426,0.5438275296477926
train,5406,2068993893555682620,77,10.8227758408,10.7638931274,1,True,0,0.015007451176643372,-0.09989370405673981,0.4713062727884792,1,0.0032178089022636414,0.10636962950229645,0.5257651134930703
train,5419,8021783046070194407,77,6.3853349686,6.2844552994,1,True,0,-0.08687829971313477,-0.09409254789352417,0.49819644577711747,0,0.021070659160614014,-0.00353323295712471,0.4938493372435159
train,5421,8265277084549701930,77,13.971871376,13.6019153595,1,True,0,-0.019628100097179413,-0.08145438134670258,0.4845483513538944,1,0.018476620316505432,0.01931723579764366,0.5002101538579093
train,5432,3015541064671456541,77,12.7348966599,13.0782623291,0,True,0,-0.012254610657691956,-0.07580401003360748,0.48411799478741935,1,-0.10570791363716125,0.1264176219701767,0.5577722084446909
train,5448,7612454498332616462,77,11.0647754669,10.4237718582,1,True,0,-0.06587390601634979,-0.14617955684661865,0.4799343697335983,0,-0.013453148305416107,-0.018963921815156937,0.4986223101091086
train,5450,3694549796725169243,77,10.4875173569,10.2326335907,1,True,1,-0.11799606680870056,-0.06765537708997726,0.5125825153400583,1,-0.06630121171474457,0.016964297741651535,0.5208043587830207
train,5460,3152655949026520860,77,13.4276027679,13.4955730438,0,True,0,-0.0008853450417518616,-0.10006523132324219,0.47522533341099543,1,-0.021399296820163727,0.05901851877570152,0.5200936262339166
train,5467,1663564936944509301,77,9.7306489944,9.3988380432,1,True,0,0.005107767879962921,-0.09035004675388336,0.4761536513058205,1,-0.3893284201622009,0.2393646091222763,0.6521930515188321
train,5474,4109194620255450229,77,8.3691596985,8.5082492828,0,True,0,0.02573230117559433,-0.13289481401443481,0.4604261680051947,1,-0.24670130014419556,0.26755937933921814,0.6258047448495405
train,5491,360957303506709154,77,11.5222635269,11.5863609314,0,True,1,-0.05148576945066452,-0.0017073899507522583,0.5124420258198359,1,-0.21697098016738892,0.12152814865112305,0.5838258973759148
train,5504,8938557757480308418,78,8.4419994354,8.6779403687,0,True,0,0.1662118285894394,-0.23270012438297272,0.40157378292492646,0,0.09548317641019821,-0.18206624686717987,0.4310546697013106
train,5509,5408650478544169048,78,11.3988056183,10.9900569916,1,True,1,-0.07137995958328247,-0.05412609875202179,0.5043133582026588,0,0.07452339679002762,-0.009583104401826859,0.47898576096678486
train,5513,6117453817939927266,78,10.2021512985,9.7760477066,1,True,0,-0.021564893424510956,-0.06788554042577744,0.48842190834070304,1,0.04846755415201187,0.13945932686328888,0.5227322610236529
train,5517,2169216620144910362,78,9.8004970551,9.8844213486,0,True,0,-0.0035853609442710876,-0.0602002814412117,0.4858500491837805,1,0.013623423874378204,0.08970153331756592,0.5190103591074019
train,5521,9032422031878211863,78,7.6067905426,7.7204017639,0,True,0,0.23077742755413055,-0.26219242811203003,0.37919419553610706,0,0.18178197741508484,-0.4514122009277344,0.34678662078574274
train,5530,6310347929592143571,78,10.9792156219,11.2474527359,0,True,0,0.047304049134254456,-0.1373642534017563,0.45396367908330515,1,-0.02044236660003662,0.04080764576792717,0.5153077177342755
train,5533,2275876722694545633,78,9.4072132111,9.0120248795,1,True,0,0.011160232126712799,-0.07641718536615372,0.4781196286861443,1,-0.2707294523715973,0.25338172912597656,0.6281085944432978
train,5544,1536905895013718098,78,9.6095066071,9.5628671646,1,True,0,0.025257252156734467,-0.12252204120159149,0.4631222657864634,0,0.04322216659784317,-0.001278940588235855,0.4888765588337681
train,5563,4128914298405574428,78,11.4137439728,11.2621068954,1,True,0,0.01657196879386902,-0.09974430501461029,0.4709536726304358,1,0.007112577557563782,0.041518326848745346,0.5086005889232698
train,5564,2625030828796492826,78,11.8149394989,11.5451021194,1,True,0,0.031132832169532776,-0.1195453554391861,0.4624015621764723,0,0.08149135857820511,-0.02097948268055916,0.4744046822527813
train,5568,4616093334575342655,78,9.1114797592,9.0995693207,1,True,0,-0.0073281750082969666,-0.10177788883447647,0.47640510927651425,1,-0.05263563618063927,0.14188741147518158,0.5484779941236293
train,5593,5785763899416654162,78,13.0123958588,13.061000824,0,True,0,0.0679483413696289,-0.16682909429073334,0.4415737681817792,1,-0.0869169607758522,-0.01605534926056862,0.5177079936361783
train,5595,2108327101707887236,78,6.6780776978,6.7427692413,0,True,0,0.0656537413597107,-0.0945623591542244,0.4600314350700949,1,-0.13300570845603943,0.013959832489490509,0.5366753967261436
train,5600,6847615112635718321,78,16.183506012,16.3134727478,0,True,0,0.0809931606054306,-0.1159341037273407,0.45092667156893956,0,0.13107085227966309,-0.01983240619301796,0.4623456131039214
train,5605,7318907426902506898,78,11.8958826065,11.6236362457,1,True,0,-0.0031763315200805664,-0.08683159947395325,0.4790983710783704,0,0.0823812261223793,-0.07385621964931488,0.46101989879236505
train,5610,7662734523435672745,78,12.1161594391,11.1245574951,1,True,0,0.05537039041519165,-0.10521720349788666,0.45993915654709927,1,-0.17250266671180725,0.04413550719618797,0.5539487144679041
train,5669,2978122006562479470,78,12.4214601517,12.4525671005,0,True,0,-0.016607314348220825,-0.05941590666770935,0.48929948599527073,1,-0.08929435908794403,0.0971599817276001,0.5464790087424954
train,5674,874663726209807909,78,11.7274837494,11.6130628586,1,True,0,0.06919313967227936,-0.17539386451244354,0.4391562671777633,0,0.03191107511520386,-0.002794317901134491,0.49132452250368297
train,5676,7630709577475047753,78,5.3512220383,5.5226740837,0,True,1,-0.5089698433876038,0.38236474990844727,0.7091655089725082,1,-0.481695294380188,0.4849318861961365,0.7244467131362751
train,5707,5371179520017565670,79,12.6598720551,12.4494724274,1,True,0,0.01927628368139267,-0.09589127451181412,0.47123989189388155,1,-0.04924028366804123,-0.009868953377008438,0.5098415613205648
train,5720,1429192890305206295,79,6.346411705,6.3635911942,0,True,0,0.16634754836559296,-0.24302580952644348,0.39906238768763885,0,0.02832750231027603,0.02184046059846878,0.49837824525922864
train,5723,6411101623795856262,79,9.8933029175,9.8805713654,1,True,1,-0.14049884676933289,-0.06459368765354156,0.5189671838868748,1,-0.2855414152145386,0.2004341036081314,0.6191579102204978
train,5726,5963147472963329960,79,12.9568576813,12.6974630356,1,True,0,-0.009540170431137085,-0.05550529807806015,0.48851074088585505,1,-0.11628587543964386,0.08148099482059479,0.5492811994040515
train,5762,8824829298256824,79,10.0754842758,10.0579586029,1,True,1,-0.18285316228866577,0.016300857067108154,0.5496245942671887,1,-0.40039902925491333,0.08510391414165497,0.6190464700037467
train,5766,6737761525774524890,79,8.9405584335,8.8696365356,1,True,1,-0.1406567096710205,-0.024025186896324158,0.529124872919113,1,-0.20190688967704773,0.18571625649929047,0.5957103894235456
train,5769,907371691991170937,79,15.3890113831,15.3146953583,1,True,0,0.010614626109600067,-0.06009633094072342,0.482329622839165,1,-0.1063014566898346,0.09582072496414185,0.5503592166995059
train,5782,2504986113468223847,79,10.1510019302,10.2688179016,0,True,0,0.01601075381040573,-0.09674319624900818,0.4718413389841337,1,-0.010865740478038788,0.10854822397232056,0.5298180664865736
train,5791,5160704852260282274,79,10.4202899933,10.1092414856,1,True,1,-0.09378477931022644,-0.025490209460258484,0.5170670093895741,1,-0.3527916669845581,0.22039729356765747,0.6394986850597731
train,5796,5703587928997305658,79,11.606710434,11.5184803009,1,True,0,-0.0031350553035736084,-0.09085073322057724,0.4780851298767982,1,-0.004591494798660278,0.05099281296133995,0.5138925002507642
train,5815,8365531536710523718,79,10.9086303711,10.5629348755,1,True,0,0.029510527849197388,-0.03852514922618866,0.48299763867834467,0,0.06210321933031082,-0.17710371315479279,0.4404817990004951
train,5818,2011988179500543483,79,13.1424770355,13.0720291138,1,True,0,0.0391039103269577,-0.13225631415843964,0.4572644677451448,1,0.013869531452655792,0.04462591931223869,0.5076884908936647
train,5829,3614177378708954072,79,10.4004869461,10.4921350479,0,True,0,-0.0011341273784637451,-0.06053797900676727,0.48515340274729657,1,-0.11830346286296844,0.2270537167787552,0.5854912561475777
train,5832,180403084947167099,79,14.6142988205,14.5115127563,1,True,0,0.05442206561565399,-0.12454694509506226,0.4553767902254668,1,-0.13636955618858337,0.10897697508335114,0.561030794201718
train,5843,487643348592012942,79,6.7341127396,6.6384515762,1,True,1,-0.07035226374864578,-0.04208877682685852,0.5070654014019498,1,-0.16863864660263062,0.1905476450920105,0.5888434439619722
train,5851,1581664438911693665,79,10.4777412415,9.9142742157,1,True,1,-0.4605206251144409,0.34574300050735474,0.6913127345815506,1,-0.5721338987350464,0.24448703229427338,0.6935185871487941
train,5855,3272068349449240013,79,5.9859037399,5.9994211197,0,True,0,-0.02909316122531891,-0.05088825523853302,0.49455144217893043,1,-0.10150759667158127,-0.026620138436555862,0.5187131199064633
train,5875,394147114518548753,79,14.1556272507,13.8019809723,1,True,0,0.18411938846111298,-0.10254848003387451,0.4288198230238256,0,-0.08223898708820343,-0.09807898104190826,0.4960400843082496
train,5878,797942942346383163,79,8.548576355,8.4348812103,1,True,0,0.10504724085330963,-0.22162790596485138,0.4190498303820896,1,-0.012019596993923187,0.083009734749794,0.5237394705373147
train,5881,6349664894770814943,79,13.2614974976,13.3391227722,0,True,0,-0.02362992614507675,-0.10068077594041824,0.4807468118564236,0,0.09955304116010666,-0.10558916628360748,0.4488935500033522
train,5891,5178443848891789706,80,10.2997379303,10.3341732025,0,True,0,0.004363209009170532,-0.08585536479949951,0.47746064252803583,0,0.141458660364151,-0.03630092367529869,0.45567675479765857
train,5899,1629939957529977613,80,7.4700231552,7.3408002853,1,True,1,-0.29384392499923706,0.17890822887420654,0.6160349471040849,1,-0.7265916466712952,0.6018341183662415,0.7905801186420882
train,5910,5659276621586002389,80,8.9471549988,8.4633808136,1,True,1,-0.021639347076416016,-0.004611030220985413,0.5042569763503479,1,-0.11215123534202576,0.06675612926483154,0.5446079209581399
train,5923,3770658755627876767,80,8.8271665573,8.7656259537,1,True,0,-0.06005861982703209,-0.1430705338716507,0.47925893064198544,1,-0.24983322620391846,0.18027012050151825,0.605898346400709
train,5937,1250271688326754300,80,8.8130140305,9.5654850006,0,True,0,0.003496900200843811,-0.10537911206483841,0.47280785290587646,1,-0.10036288946866989,0.08125796914100647,0.5452808131057444
train,5949,7657549696612062864,80,11.6321401596,11.7419300079,0,True,1,-0.0697968602180481,-0.009210877120494843,0.5151418643363753,1,-0.08447405695915222,0.11468665301799774,0.5496262504456563
train,5950,293742660753444079,80,12.3978281021,11.7956943512,1,True,1,-0.2510629892349243,0.15634660422801971,0.6004665856112441,1,-0.9154908657073975,0.6679419279098511,0.829690135994167
train,5961,1014701801217786498,80,14.3804941177,14.3129053116,1,True,1,-0.08690135926008224,-0.023806579411029816,0.5157684641853846,1,-0.16101884841918945,0.10390383005142212,0.5658460078525575
train,5972,3513432011083313096,80,8.215716362,8.3188076019,0,True,0,0.052227362990379333,-0.17860646545886993,0.4425464308408448,0,0.18788784742355347,-0.23258596658706665,0.3964033761650944
train,5987,331182941786123646,80,11.8151569366,11.872171402,0,True,0,0.003878362476825714,-0.0924510508775711,0.4759362517911453,0,0.2624620199203491,-0.2317289263010025,0.3789067859775198
train,6008,904977146047035619,80,10.3306322098,10.3585309982,0,True,0,0.17730431258678436,-0.14355579018592834,0.4204661485278112,0,0.10452596098184586,-0.11316891014575958,0.4457902016142152
train,6009,1329011274943400961,80,9.6754322052,9.8703613281,0,True,0,0.0332149863243103,-0.10460485517978668,0.4655994735789495,1,-0.0029426738619804382,0.16533531248569489,0.5419705017262101
train,6028,999586630604597572,80,12.8168563843,12.9846363068,0,True,1,0.01564490795135498,0.10104481875896454,0.5213370114517835,0,0.036866120994091034,-0.10537539422512054,0.46449945685558014
train,6031,7686434430334517703,80,10.5297031403,10.8535833359,0,True,0,0.0028481781482696533,-0.08703424781560898,0.47754450935315174,0,0.07942945510149002,0.01148848608136177,0.4830212883519914
train,6034,6872612669194108017,80,8.2852716446,8.2616558075,1,True,0,0.11609859764575958,-0.21321526169776917,0.4184075811089279,1,-0.2057611048221588,0.20050710439682007,0.6001927287781672
train,6041,8883812097980009125,80,11.5578145981,11.8151931763,0,True,0,-0.01729501038789749,-0.1035401001572609,0.4784520824067127,0,0.03572835028171539,-0.024890225380659103,0.4848499949991323
train,6043,5357921582935920917,80,7.9366674423,8.2293834686,0,True,1,-0.12049004435539246,-0.024423427879810333,0.5239982007512202,1,-0.13170668482780457,0.0738612711429596,0.5512117728356748
train,6045,8962859098907562585,80,14.9473648071,14.8233919144,1,True,0,0.009108304977416992,-0.11678052693605423,0.46856929054677793,1,-0.07556614279747009,0.06348845362663269,0.5347077408584094
train,6061,266818902796495738,80,10.3089294434,9.5816278458,1,True,1,-0.16170163452625275,0.1923987716436386,0.5876115623090297,1,-0.2082912027835846,0.0585038922727108,0.5663059369289111
train,6072,7902778519799226434,80,6.5739850998,6.7270035744,0,True,1,-0.17491580545902252,0.017094239592552185,0.5478555738209827,1,-0.0075835660099983215,0.04980115219950676,0.5143422440105408
train,6084,1145331967158926519,81,13.4291038513,13.1845970154,1,True,0,0.0289011150598526,-0.14399942755699158,0.45688222657200184,0,0.11198047548532486,-0.05260048434138298,0.4589473838859477
train,6096,1974222337662657036,81,11.0224838257,10.775683403,1,True,0,0.0329258069396019,-0.08529358357191086,0.4704795254468366,1,-0.1214325949549675,0.2543374001979828,0.5928524734461105
train,6111,4917794964956957606,81,8.0962753296,8.6466493607,0,True,1,-0.19258971512317657,0.06975220143795013,0.5652118993722844,1,-0.1399717479944229,0.17004214227199554,0.5768886515848956
train,6130,2573039832072537002,81,15.5977010727,15.296125412,1,True,0,0.030714422464370728,-0.11952542513608932,0.4625105293165919,1,-0.05697304755449295,0.07006528973579407,0.5317169398401821
train,6137,1941134777636139599,81,10.3336582184,10.3246212006,1,True,1,-0.220790833234787,0.026300907135009766,0.5614605501118892,1,-0.18147242069244385,0.12373048067092896,0.5757139139929305
train,6165,8397816041095134491,81,13.874370575,13.8650569916,1,True,0,0.011341884732246399,-0.04721697419881821,0.48536446730239324,1,-0.2045590877532959,0.28688567876815796,0.6204467233059684
train,6172,4709994395859355235,81,12.7477416992,12.8546247482,0,True,0,0.030840285122394562,-0.08206404000520706,0.47180386460976137,1,-0.08524315059185028,0.12973040342330933,0.5535373674649586
train,6180,6682591305558704615,81,9.4039764404,9.5643196106,0,True,0,0.07170212268829346,-0.12618118524551392,0.4506899741277979,1,-0.1297324299812317,0.22339783608913422,0.5873764539070829
train,6184,2129098697272822746,81,9.1614608765,8.6712779999,1,True,1,-0.11070100963115692,-0.058205634355545044,0.5131208307973913,1,-0.43279165029525757,0.25219613313674927,0.664851008265137
train,6187,7275412001071869301,81,10.6359519958,10.1235818863,1,True,0,0.06355085968971252,-0.06192025542259216,0.4686733084531817,0,0.17804759740829468,-0.08130767941474915,0.43552220203369124
train,6195,3220140424535227321,81,9.1463851929,8.8558340073,1,True,1,-0.1886286586523056,0.1166481077671051,0.5757319567174439,1,-0.2561261057853699,0.2081088274717331,0.6140183379219614
train,6211,192083897228002896,81,11.2254772186,11.2244758606,1,True,0,0.03387952595949173,-0.10756727308034897,0.4646971398955096,1,-0.14928993582725525,0.15801195800304413,0.5762265477747441
train,6213,8053010751198166075,81,12.7299346924,12.8401050568,0,True,0,0.0017512887716293335,-0.10017365962266922,0.4745407997419001,1,0.048315711319446564,0.04984961077570915,0.5003834747888776
train,6214,8886113235594179040,81,7.1812505722,7.1998319626,0,True,1,-0.2764425277709961,0.15448811650276184,0.6060958757807858,1,-0.23528176546096802,0.14190419018268585,0.5931942107623956
train,6218,6843420124831414394,81,12.9888114929,12.8603849411,1,True,0,0.054108962416648865,-0.12375396490097046,0.4556511221185936,1,-0.014942549169063568,0.06807218492031097,0.5207417731560018
train,6224,1584209945371791074,81,12.6129493713,12.2972650528,1,True,0,0.035073161125183105,-0.13436290621757507,0.45774203201584,0,0.03539784252643585,0.009529035538434982,0.4935331588805505
train,6232,8673557676207398236,81,15.8918876648,15.6660995483,1,True,0,0.0024867504835128784,-0.10744800418615341,0.4725439577746874,1,-0.09889476746320724,0.06927725672721863,0.5419441977247197
train,6238,8016999700407069282,81,7.2333555222,7.1603727341,1,True,1,-0.35175836086273193,0.19593699276447296,0.6336007303299095,1,-0.32077962160110474,0.3478816747665405,0.6612033362853386
train,6243,5085496474548294503,81,11.2119598389,11.000287056,1,True,0,0.005904108285903931,-0.09314082562923431,0.47525898878343836,0,0.08083958178758621,0.03171585872769356,0.4877215382731584
train,6272,7276810013272390190,81,9.0395174026,9.1134586334,0,True,1,-0.13572576642036438,-0.04054751992225647,0.5237766151717661,1,-0.21609410643577576,0.22597745060920715,0.6087525304713695
train,6292,8997246377780684402,82,15.6084213257,15.7599544525,0,True,0,-0.011892244219779968,-0.08656825125217438,0.48133966905671577,1,-0.006405480206012726,0.05471010133624077,0.5152741414594718
train,6314,8375232030613137063,82,9.642496109,9.7362565994,0,True,1,-0.08088631182909012,0.020875662565231323,0.5254185622245814,0,0.01773260533809662,-0.2373625487089157,0.4365698079265733
train,6321,6561879558427446798,82,10.1743774414,10.3170900345,0,True,1,-0.1358799934387207,-0.055560655891895294,0.5200690464339265,1,-0.1678447127342224,0.06601658463478088,0.5582003125206871
train,6326,3572954748745554835,82,12.6526145935,12.5504636765,1,True,0,0.026247844099998474,-0.07996384054422379,0.47347201249779736,1,-0.24688822031021118,0.24175311625003815,0.6197863137683962
train,6329,5363890827819943840,82,11.5658578873,11.5217189789,1,True,0,0.057180821895599365,-0.13648037612438202,0.45173545174350027,0,-0.024074293673038483,-0.030755076557397842,0.49832981049101677
train,6341,2124230590602133196,82,10.7506217957,10.9427890778,0,True,0,0.028290703892707825,-0.11736388504505157,0.46365059356110133,0,0.1886451542377472,-0.052025046199560165,0.44012119698617597
train,6367,4443000471666044599,82,13.8350734711,14.0243215561,0,True,0,-0.023906230926513672,-0.11227953433990479,0.47792104170564587,1,-0.01525793969631195,0.018642786890268326,0.5084743700581663
train,6388,4334529091471385997,82,10.7379875183,10.783949852,0,True,1,-0.11796027421951294,-0.014350801706314087,0.525879221315736,1,-0.31642353534698486,0.21545350551605225,0.6299207954429356
train,6411,2783767618169077108,82,11.4148597717,11.38240242,1,True,1,-0.1378190964460373,-0.0671151652932167,0.5176686228800234,0,0.06422599405050278,-0.19845296442508698,0.4347052752720026
train,6423,1038528026789373465,82,8.9337978363,8.9153556824,1,True,0,-0.012413591146469116,-0.08749835193157196,0.48123762372961487,1,-0.0120106041431427,0.09125646948814392,0.5257938501558223
train,6425,2870677028741877625,82,8.0797319412,8.129193306,0,True,1,-0.14821243286132812,0.053519994020462036,0.5502627645524076,1,-0.04067210480570793,0.13455814123153687,0.5436958097065991
train,6428,1821078498841481794,82,10.2364635468,10.1891498566,1,True,0,0.16276977956295013,-0.22304727137088776,0.40472466477629415,1,-0.07119117677211761,0.15529945492744446,0.5563818407386455
train,6455,3105300866170811426,82,13.1255741119,13.2178249359,0,True,1,-0.07525420188903809,0.12834063172340393,0.5507236178786519,1,-0.04530283063650131,0.007539153099060059,0.5132074228469136
train,6456,145911616670827320,82,10.0142326355,9.9253864288,1,True,0,0.06017152965068817,-0.15531553328037262,0.44633573064241466,1,0.011207208037376404,0.06939998269081116,0.5145440895541024
train,6458,318439861837770384,82,11.6025629044,11.7321977615,0,True,0,0.049905285239219666,-0.1192418709397316,0.45781374476279435,0,0.0950591042637825,-0.03448362648487091,0.4676595309794484
train,6461,2218708089300131484,82,9.7286128998,9.8909053802,0,True,0,-0.008349530398845673,-0.050522513687610626,0.4894583165499959,1,-0.11070670932531357,0.1939140111207962,0.5755716999073961
train,6462,8210405813231295221,82,7.2239646912,7.3108115196,0,True,1,-0.3686615228652954,0.18317022919654846,0.6345604669774794,1,-0.5753496885299683,0.5158522129058838,0.7486079799120714
train,6468,2278580525940796025,82,10.0428771973,9.4540987015,1,True,1,-0.2669331133365631,-0.012436836957931519,0.5632828765826549,1,-0.1225639134645462,-0.009323399513959885,0.5282799145235069
train,6471,2706898571148365020,82,12.6932325363,12.7514410019,0,True,0,0.012380711734294891,-0.08815627545118332,0.47488690258253036,1,-0.015917323529720306,0.019481409341096878,0.5088487592272277
train,6472,8668385545971992644,83,8.0564088821,8.5407819748,0,True,1,-0.1366950422525406,-0.055456168949604034,0.5202985557630574,1,-0.2996109127998352,0.0571652315557003,0.5882598061104299
train,6486,6048306041057486482,83,8.6466970444,8.8031167984,0,True,0,0.021282866597175598,-0.12120750546455383,0.46443755682356186,1,-0.11981048434972763,0.09214873611927032,0.5527923042373176
train,6489,7311812663189314503,83,9.7447328568,10.2977333069,0,True,1,-0.18847611546516418,-0.01920856535434723,0.5422161393056673,1,-0.1742967665195465,0.16891635954380035,0.5849708179192024
train,6496,8576381335423013637,83,12.5360689163,12.5586681366,0,True,0,0.020234376192092896,-0.10928697139024734,0.4676648544099273,1,-0.04311756044626236,0.06982314586639404,0.5282052017533567
train,6497,9217433304012687686,83,11.7910861969,11.6729106903,1,True,0,0.05514031648635864,-0.21857893466949463,0.4319942531366685,0,0.0007905736565589905,-0.11612911522388458,0.47080333059678936
train,6502,6158064372506742004,83,9.7153596878,9.8258199692,0,True,0,0.004615947604179382,-0.10594344884157181,0.47238827088215596,1,-0.07449013739824295,0.12915851175785065,0.5507369332669871
train,6507,6404147574941801553,83,11.59466362,11.819196701,0,True,0,0.04997055232524872,-0.07598120719194412,0.4685536208423639,0,0.17003297805786133,-0.04429711028933525,0.44662166009167065
train,6515,7856593899265078108,83,7.0921845436,6.611779213,1,True,1,-0.27550655603408813,0.1423245370388031,0.6029641331766608,1,-0.4819656014442444,0.43137097358703613,0.7136824436822704
train,6529,7709825721681242923,83,9.5905914307,9.343079567,1,True,0,0.05726909637451172,-0.12728305160999298,0.4539924717037954,1,0.02637437731027603,0.06612645089626312,0.5099367099092239
train,6548,8776370492366539256,83,14.1571388245,14.0129623413,1,True,0,-0.04808266460895538,-0.07627802342176437,0.4929516272325368,1,-0.03686442971229553,0.03277694806456566,0.5174033112882361
train,6589,6863923034570044030,83,11.376994133,11.2916593552,1,True,0,0.038313329219818115,-0.11205568164587021,0.46247842018966634,0,0.03595937043428421,0.007210511714220047,0.4928132802966154
train,6596,1530687411983620423,83,10.7186946869,10.7383918762,0,True,0,0.019488625228405,-0.10733595490455627,0.4683362847777315,1,-0.07275894284248352,0.1791127622127533,0.5626371375511606
train,6599,4401299429412674827,83,9.6874465942,9.5243787766,1,True,0,0.04580588638782501,-0.17116869986057281,0.445968163072306,1,-0.07300487905740738,0.04800393059849739,0.5302153408071668
train,6603,8096455443755733724,83,11.3807487488,11.4575634003,0,True,0,0.039517730474472046,-0.1624329835176468,0.4496832157315725,0,-0.0031477659940719604,-0.06128572300076485,0.48546960327289024
train,6611,1889885944776355818,83,11.331451416,11.6256790161,0,True,0,0.011408299207687378,-0.09595213830471039,0.47318564145573566,0,0.0022397413849830627,-0.03194936737418175,0.4914535552854779
train,6614,4042832920841717838,83,14.712594986,14.479596138,1,True,0,-0.03480704873800278,-0.10596238821744919,0.4822186668599417,0,0.042191483080387115,-0.02734548971056938,0.48262275838389923
train,6635,3596874261163212907,83,10.0316104889,9.9444007874,1,True,1,-0.12630367279052734,-0.06976952403783798,0.5141297740293154,1,-0.18977177143096924,0.057979803532361984,0.561623009707346
train,6655,5192047155293517438,83,14.3793964386,14.2129535675,1,True,0,0.09361261129379272,-0.11608616262674332,0.44776657392865876,0,0.09954673796892166,0.06761325895786285,0.4920173085962283
train,6658,8758147913964817989,83,16.0101699829,15.0278816223,1,True,1,-0.3995234966278076,0.18238124251365662,0.6415055689209846,1,-0.9216187000274658,0.7205132246017456,0.8378248200484867
train,6671,3029195950332166989,84,10.090675354,10.0114803314,1,True,0,0.027607858180999756,-0.10538823157548904,0.46679989997686827,1,-0.13667720556259155,0.24682681262493134,0.5947179507512159
train,6687,8136204549422006257,84,9.4935789108,9.3577222824,1,True,0,0.018868252635002136,-0.13061338663101196,0.46269902111722244,0,0.11570451408624649,-0.058794472366571426,0.45648561476715727
train,6692,1173717608926418150,84,17.1977958679,17.2049541473,0,True,0,-0.009689748287200928,-0.12310448288917542,0.47167666986124934,1,0.004044197499752045,0.02414296194911003,0.5050245219711812
train,6712,8858153742881806849,84,14.5715560913,14.8317995071,0,True,0,0.052957311272621155,-0.11420271545648575,0.45830703186017197,0,0.22245079278945923,-0.16730639338493347,0.4037757545547706
train,6726,4420360181927124465,84,11.3448448181,10.9104309082,1,True,1,-0.5270301699638367,0.36979377269744873,0.7102963848338828,1,-0.5175079107284546,0.2268504649400711,0.6779481768561768
train,6728,684016532529816,84,8.6398735046,8.700881958,0,True,0,-0.002669423818588257,-0.04107078164815903,0.49040084014179836,0,0.13194683194160461,-0.11603349447250366,0.4383206718837793
train,6735,6827758732235074896,84,11.0840406418,11.06179142,1,True,1,-0.022323429584503174,0.08560912311077118,0.52695697379181,1,-0.0913814976811409,0.005280252546072006,0.5241466393190816
train,6743,812887596121151180,84,8.3648815155,7.8938817978,1,True,1,-0.12507683038711548,0.0720408707857132,0.549120478591905,1,-0.24157702922821045,0.19809795916080475,0.608181584261307
train,6784,4463590328305529029,84,8.1335334778,7.8067846298,1,True,1,-0.28805428743362427,0.13207288086414337,0.6035136797209711,1,-1.0718895196914673,0.8569305539131165,0.8731187623502008
train,6805,4349744607008490407,84,8.5492143631,8.8234367371,0,True,0,-0.05317140743136406,-0.10184554755687714,0.487833866845533,1,-0.06446968019008636,-0.01027800515294075,0.5135446041757719
train,6809,1301068633568673919,84,15.6270666122,15.5533189774,1,True,0,0.021329961717128754,-0.11620223522186279,0.4656710450304503,0,0.09906376153230667,-0.12524202466011047,0.4441574914300352
train,6814,2292539708081714977,84,9.3276996613,9.1814155579,1,True,0,0.05407005548477173,-0.13290226459503174,0.4533926185246044,0,0.04396095126867294,0.03676990792155266,0.4982022469101964
train,6820,8937964204760907106,84,7.4718952179,7.7086324692,0,True,1,-0.014841049909591675,-0.012763723731040955,0.5005193313578825,1,-0.1763647198677063,0.08313477039337158,0.564513251445099
train,6825,1607160610989800380,84,14.5148448944,14.5042667389,1,True,0,0.03764255344867706,-0.09782594442367554,0.4661845739734324,1,-0.04140550270676613,0.11747623980045319,0.5396370894175113
train,6829,6937803834115034068,84,8.8300733566,7.3439016342,1,True,1,-0.05416809767484665,0.003139808773994446,0.514323056849423,1,-0.040716130286455154,0.03978455066680908,0.520114309081612
train,6843,8584859326954859367,84,12.832490921,12.8909797668,0,True,0,-0.051427386701107025,-0.11844221502542496,0.48325256016135093,1,-0.016349732875823975,0.019445423036813736,0.508947833598709
train,6844,7326334505236228595,84,7.5327153206,7.4761571884,1,True,1,-0.08104380965232849,-0.056676097214221954,0.5060916266859224,1,-0.4848167300224304,0.3285661041736603,0.6928298969115937
train,6845,792398115266132299,84,8.7557506561,8.718873024,1,True,1,-0.25315096974372864,0.09572139382362366,0.586344103337641,1,-0.529824435710907,0.3857436776161194,0.7141382182799599
train,6857,8353925171743573361,84,12.5557346344,12.4705505371,1,True,0,0.03834383189678192,-0.10947062075138092,0.46311352379082377,1,-0.08243870735168457,0.10212107002735138,0.5460094194950901
train,6867,994026966577800994,85,18.043340683,18.1171760559,0,True,0,0.04831647872924805,-0.06512229889631271,0.4716706783970119,0,0.13002219796180725,-0.11475211381912231,0.4391101342097964
train,6868,5777523761260754172,85,10.3493070602,9.9513492584,1,True,1,-0.29712334275245667,0.1666640341281891,0.6139122617306614,1,-0.3994468152523041,0.2206760048866272,0.6502464815815224
train,6878,8852676972658665649,85,11.42345047,11.3752317429,1,True,0,0.09333328902721405,-0.135036438703537,0.44315440800387823,1,-0.0070474520325660706,0.11359883844852448,0.5301250409933188
train,6885,533123304943157522,85,11.8948421478,12.1015472412,0,True,0,0.0019782185554504395,-0.08044586330652237,0.4794056375914352,1,-0.07209121435880661,0.11977222561836243,0.5478192580461423
train,6886,8863289013486093866,85,7.5345463753,7.4888391495,1,True,0,0.017220884561538696,-0.14315398037433624,0.4599919978389154,0,0.18081748485565186,-0.2913770079612732,0.3840969682834077
train,6898,6539493897522779245,85,10.2392292023,10.196062088,1,True,0,0.001992523670196533,-0.06417873501777649,0.48346321893239186,1,0.07656607776880264,0.08455325663089752,0.5019967841001272
train,6901,8232742482435647884,85,10.6711158752,10.6911277771,0,True,1,-0.1775262951850891,-0.059790872037410736,0.5293999027493885,1,-0.3613230884075165,0.16539733111858368,0.6287178776183088
train,6911,5822455360812467810,85,10.2214927673,10.0871553421,1,True,0,0.04942545294761658,-0.12382537126541138,0.4567953087099588,1,0.04134099930524826,0.07605865597724915,0.5086785424868958
train,6927,9044456204214591238,85,8.3360700607,8.0928153992,1,True,0,-0.00620453804731369,-0.07838904857635498,0.4819617042216373,1,-0.25927138328552246,0.2885396480560303,0.6336275845939737
train,6928,4186607223420739491,85,11.4652919769,11.4897928238,0,True,0,0.01870906352996826,-0.047513075172901154,0.4834505128532711,1,-0.06097694858908653,0.15880848467350006,0.5547262366644014
train,6951,3731980663352602134,85,8.5562429428,8.9285326004,0,True,0,0.12436266243457794,-0.12631890177726746,0.43765575004733503,0,-0.04548171907663345,-0.08907586336135864,0.4891031896105716
train,6957,8902470845091903335,85,9.3726139069,9.4741516113,0,True,0,0.05920751392841339,-0.19920691847801208,0.43575351569928605,1,-0.054999954998493195,-0.020745176821947098,0.5085628572630432
train,6959,5279339152593882202,85,9.4670238495,9.6945648193,0,True,0,0.04707147181034088,-0.11040019243955612,0.46071323429651606,1,-0.17182259261608124,0.0754743367433548,0.5615110716412639
train,7014,5330029367848528994,85,9.0687141418,8.9574489594,1,True,0,0.034039758145809174,-0.1314786672592163,0.4587146063939022,1,-0.05304161086678505,0.09148721396923065,0.5360694414354814
train,7016,3607808434181954837,85,14.5288639069,14.616651535,0,True,0,0.006489023566246033,-0.11583250761032104,0.4694576902998152,1,0.01818014681339264,0.10564397275447845,0.5218520277375243
train,7018,2911139067969387087,85,9.3387889862,9.2949762344,1,True,0,0.1353304386138916,-0.041461944580078125,0.4559166651606745,0,0.014392763376235962,-0.30131545662879944,0.42172204212078035
train,7027,6993284842867525805,85,10.229511261,10.0531520844,1,True,0,0.018950514495372772,-0.08246453106403351,0.47466794659428485,1,-0.04404095932841301,0.10932189226150513,0.5382657409058386
train,7037,2550538140270253313,85,11.2624130249,10.5225391388,1,True,1,-0.1492638736963272,-0.05383932590484619,0.5238380508941414,1,-0.12861551344394684,0.08755247294902802,0.5538325331079699
train,7039,8972391026639795799,85,10.2014141083,10.2257652283,0,True,0,0.1486326903104782,-0.28440678119659424,0.3934007678827982,1,-0.06013655290007591,0.04635632410645485,0.5265980871847517
train,7040,8317733003567183383,85,12.4782629013,12.5330219269,0,True,0,-0.029043927788734436,-0.06904225051403046,0.4900017522710348,0,0.031698793172836304,-0.02760295942425728,0.48517890503891736
train,7062,7947542148502005526,86,10.9126291275,11.2271175385,0,True,1,-0.08031891286373138,-0.05841171741485596,0.505476579834909,1,-0.5080579519271851,0.4035535156726837,0.7133298056480772
train,7063,871485040227845086,86,9.4379072189,9.6327629089,0,True,0,0.14149029552936554,-0.2424200475215912,0.4051841171428415,1,0.004182353615760803,0.009730275720357895,0.5013869769686199
train,7067,4042126706113630635,86,11.9497079849,11.4101963043,1,True,0,0.021949872374534607,-0.08142231404781342,0.47417994165142047,1,-0.05364429950714111,0.12123194336891174,0.5436079834653381
train,7070,4051472862225751004,86,11.0133228302,10.8156356812,1,True,1,-0.14677667617797852,0.015618905425071716,0.540509906140343,1,-0.2994649410247803,0.27429652214050293,0.6396306593355823
train,7091,8271199882965882789,86,12.5643692017,12.472495079,1,True,0,0.0034079179167747498,-0.09696071594953537,0.47492888491472507,1,0.014181211590766907,0.026771485805511475,0.5031475269762749
train,7112,4321452256738056487,86,12.7897462845,12.686170578,1,True,0,-0.046473316848278046,-0.08179856836795807,0.4911696053688598,1,-0.0027513429522514343,0.022036802023649216,0.5061967189482941
train,7119,2169199653308337946,86,9.8866119385,10.0619831085,0,True,0,-0.008761227130889893,-0.12543094158172607,0.4708656115688409,1,0.013722553849220276,0.11531847715377808,0.5253771565636294
train,7123,6350645420904416021,86,7.240436554,7.1546459198,1,True,1,-0.2899097800254822,0.0956844687461853,0.5952216560059149,1,-0.2448917031288147,0.10232599079608917,0.5859427147373367
train,7125,6954692990964747575,86,7.4312391281,7.3026943207,1,True,1,-0.07609835267066956,0.13107001781463623,0.551607646613765,0,-0.04664028435945511,-0.12903854250907898,0.4794120825703963
train,7130,3256134579702056522,86,10.163105011,9.7140445709,1,True,1,-0.34700286388397217,0.12212295830249786,0.6151768293678201,1,-0.18823280930519104,0.11734971404075623,0.5758066406024986
train,7156,714010958868168710,86,8.6548805237,8.9899311066,0,True,0,-0.010801933705806732,-0.08866788446903229,0.48054334196473936,1,0.02281758189201355,0.062171053141355515,0.5098370982891189
train,7157,3986418155080683644,86,11.9964523315,12.1068954468,0,True,0,0.03318047523498535,-0.07331854104995728,0.4734003823391784,0,0.11234598606824875,-0.03966062143445015,0.46207135165525715
train,7159,2593413442118046712,86,13.9694404602,13.6680603027,1,True,1,-0.45829272270202637,0.2636064291000366,0.6730250860707718,1,-1.0477943420410156,0.8617421388626099,0.8709670649413301
train,7178,553635749858027007,86,9.7410736084,9.6283054352,1,True,1,-0.12350178509950638,-0.003897733986377716,0.5298654188744291,1,-0.06993329524993896,0.08646981418132782,0.5390212651392501
train,7195,6617924729940957990,86,7.2717437744,7.6292734146,0,True,1,-0.2672255039215088,0.01392415165901184,0.5698280547567509,1,-0.15900152921676636,-0.09179741144180298,0.5167947089600325
train,7202,433228201797131366,86,6.5721750259,6.4946126938,1,True,0,0.08475318551063538,-0.14696985483169556,0.4423270742993522,1,-0.021522991359233856,0.11184974014759064,0.5332938441352757
train,7205,8820656511602403560,86,12.022354126,12.3474712372,0,True,0,0.0049663931131362915,-0.05918120592832565,0.483968597183597,1,-0.14944016933441162,0.2231924831867218,0.5920949665963713
train,7235,3550168127582382564,86,11.6053361893,11.5602531433,1,True,0,-0.036912448704242706,-0.07526254653930664,0.4904136504234313,1,0.015673764050006866,0.058924440294504166,0.5108109838425504
train,7238,8885720658526197250,86,13.2470760345,13.1054935455,1,True,0,0.05793201923370361,-0.11350496113300323,0.4572454190185504,1,-0.02015671879053116,0.09740827977657318,0.529357443698824
train,7259,3078770284220575005,87,12.946554184,13.2811946869,0,True,0,0.010138630867004395,-0.12268111854791641,0.46684379094855766,1,-0.13105809688568115,0.023293431848287582,0.5385114531886919
train,7278,2582531194655533169,87,9.8766546249,10.2011222839,0,True,0,0.06769827008247375,-0.14622123539447784,0.446723138179742,1,0.006276518106460571,0.08148860931396484,0.5187941639762845
train,7281,4314060455547458295,87,6.9781713486,6.6984996796,1,True,1,-0.5101065039634705,0.386724591255188,0.7102978566522417,1,-0.731284499168396,0.5869902968406677,0.7888945343376802
train,7286,5474429931872368901,87,9.6293811798,9.4379987717,1,True,0,0.014713793992996216,-0.12754584848880768,0.46449494788841555,1,0.01713327318429947,0.05754018947482109,0.5101003548566825
train,7296,2835929004920655498,87,14.8357620239,15.0178880692,0,True,0,0.006929084658622742,-0.15845736861228943,0.45874737466156684,1,-0.06538495421409607,-0.03532399609684944,0.5075146736445822
train,7309,9159856760130103850,87,6.9563236237,6.7794313431,1,True,1,-0.22741203010082245,0.11819937825202942,0.5855529538887357,1,-0.3941410481929779,0.3449518382549286,0.6767974636409646
train,7326,8009905419546508624,87,8.7241411209,8.4544992447,1,True,0,0.07797208428382874,-0.2073102444410324,0.4291592213843573,1,-0.09024951606988907,0.10375545918941498,0.5483496903351898
train,7331,8392841213835237214,87,14.4222431183,14.0365982056,1,True,0,0.013254761695861816,-0.11176690459251404,0.4687852311613046,0,0.13510343432426453,-0.08470377326011658,0.4452683849748034
train,7332,3162840371880071730,87,8.9732570648,8.6985492706,1,True,1,-0.09460067749023438,-0.06001986563205719,0.5086443415496302,1,-0.14578945934772491,-0.0036234352737665176,0.5354817654484187
train,7343,4681665908983523355,87,10.7044401169,10.7614593506,0,True,1,-0.4526165723800659,0.2282310575246811,0.6639278533525307,1,-0.5666993856430054,0.39274364709854126,0.7230102771432586
train,7346,2910528014101190256,87,13.3075733185,13.5312042236,0,True,0,0.03853288292884827,-0.10794983804225922,0.46344466095729236,1,-0.04022105038166046,0.024000350385904312,0.5160498342586359
train,7355,1553676673014703307,87,6.5045285225,6.5822987556,0,True,0,0.08477865159511566,-0.16106881201267242,0.43884584234004853,1,-0.12320303916931152,-0.031438134610652924,0.522925141065735
train,7376,6776466694892274863,87,9.9353179932,10.2117881775,0,True,0,-0.017733536660671234,-0.07191906869411469,0.4864569304483087,1,-0.07840143889188766,0.12173718214035034,0.5498683080782082
train,7389,7472289058336194001,87,13.6074113846,13.555223465,1,True,0,-0.004263453185558319,-0.0955839604139328,0.4771857258361182,1,-0.03756294399499893,0.10824018716812134,0.5363863455299465
train,7401,6068514985554696976,87,11.2055053711,11.2580070496,0,True,0,-0.018974579870700836,-0.10029676556587219,0.47968065050137954,1,0.03946904093027115,0.05130719766020775,0.5029595046200014
train,7417,1634839503310973410,87,15.5994720459,14.8341693878,1,True,1,-0.3980242609977722,0.17032505571842194,0.6383822014185802,1,-0.626092791557312,0.5312492847442627,0.760849420840742
train,7423,1850176445191718494,87,10.4116249084,10.7135019302,0,True,0,0.09430903196334839,-0.2024303525686264,0.42635476055624255,0,0.09832911938428879,-0.15145595371723175,0.43787640065595573
train,7426,293932603799072011,87,12.115945816,11.9323377609,1,True,0,-0.034129004925489426,-0.08825186640024185,0.48647258660656073,1,-0.01802428811788559,0.03270559385418892,0.5126797513092047
train,7443,7799563258308980385,87,11.5636548996,11.1321640015,1,True,1,-0.13739712536334991,-0.002609558403491974,0.5336459680360053,0,-0.0015489459037780762,-0.1670137494802475,0.4587279204829786
train,7446,6781763374232744337,87,11.6297235489,11.6399478912,0,True,0,-0.03206424042582512,-0.08663782477378845,0.4863599890548745,0,0.02601371705532074,-0.012417878955602646,0.4903932833849172
train,7476,4501145361631937061,88,10.639799118,10.5718278885,1,True,1,-0.14757482707500458,-0.02259942889213562,0.5312032468775545,1,-0.12785279750823975,0.0916445255279541,0.5546550708650967
train,7497,6490139354748873803,88,9.7187633514,9.770734787,0,True,1,-0.1416763961315155,0.08586965501308441,0.5566423249897196,1,-0.22519898414611816,0.17915955185890198,0.5997343933310554
train,7516,287004523334560111,88,14.3571529388,14.3153324127,1,True,1,-0.06007790192961693,-0.039826758205890656,0.5050626129135959,1,-0.0719514861702919,0.02238130196928978,0.5235657243161397
train,7522,7757888214792186217,88,9.9923171997,9.9797239304,1,True,1,-0.11329679936170578,-0.08539167046546936,0.5069758295589255,1,-0.020060904324054718,-0.0004725046455860138,0.5048969433386509
train,7534,4739669644770275980,88,15.4556255341,15.1489229202,1,True,0,-0.02245067059993744,-0.10273150354623795,0.4799405642152622,0,0.02760876715183258,0.0212908573448658,0.49842052780210383
train,7537,7546970475411298682,88,7.2132863998,7.5335774422,0,True,1,-0.272314190864563,0.10267141461372375,0.5926631249261857,1,-0.25914254784584045,0.1588636338710785,0.6030060483599241
train,7546,6941858610493931971,88,8.9988412857,8.929901123,1,True,0,0.0021236687898635864,-0.12420912086963654,0.46845874123587555,0,0.29978644847869873,-0.4501436650753021,0.3208365289220046
train,7553,8547765064762202007,88,9.5944099426,9.405254364,1,True,0,-0.05565158277750015,-0.07466505467891693,0.49524677521947785,1,-0.047453224658966064,-0.020541559904813766,0.5067275101670649
train,7558,2000661926672387506,88,11.228978157,10.7906265259,1,True,0,0.16881190240383148,-0.13869725167751312,0.42372284224515777,1,-0.1531132459640503,-0.06026604399085045,0.5231951398793581
train,7579,1385607798022809438,88,10.2501449585,10.2526741028,0,True,0,0.0026002898812294006,-0.12770843505859375,0.4674688383228069,1,-0.061652399599552155,0.1041310727596283,0.5413512028559093
train,7597,7252516154417990705,88,7.4071769714,7.6456289291,0,True,0,0.016796663403511047,-0.11881836503744125,0.4661481090672508,1,-0.05637902766466141,-0.00908656045794487,0.5118209136847153
train,7600,2434048265102307552,88,13.4895267487,13.3317127228,1,True,0,0.02805427461862564,-0.12003642320632935,0.4630448390594777,1,-0.027425318956375122,0.06254228949546814,0.5224767432749847
train,7601,1976664319089871664,88,9.2132282257,9.4663476944,0,True,0,0.1212841272354126,-0.13746170699596405,0.4356720348763685,0,0.3567344546318054,-0.5770800113677979,0.2821514832450678
train,7608,2822935281777699367,88,10.4070949554,10.9484195709,0,True,1,-0.18739266693592072,0.008444719016551971,0.5488034690654712,1,-0.029796838760375977,0.04389620199799538,0.5184149271698972
train,7612,560936878356255374,88,15.8017635345,15.8699655533,0,True,0,-0.024132564663887024,-0.09857843816280365,0.48139712255223205,1,-0.09764428436756134,0.098345547914505,0.5488412172735487
train,7614,237418924581436140,88,8.8928623199,9.0165433884,0,True,0,-0.031165726482868195,-0.07730057835578918,0.488468332316274,1,-0.05743112415075302,0.16648231446743011,0.5557456430464468
train,7616,4892614599087290703,88,14.3213481903,13.8677139282,1,True,1,-0.2585333585739136,0.030069321393966675,0.571654011490136,1,-0.5533903241157532,0.4354265034198761,0.7288541603000137
train,7635,2323914156900271608,88,10.5169210434,10.4113769531,1,True,0,-0.012958317995071411,-0.045169755816459656,0.4919478367607113,1,-0.010747253894805908,0.14774659276008606,0.5395407233967345
train,7645,5498915187427294582,88,10.8506097794,11.0101766586,0,True,0,-0.024628594517707825,-0.06885233521461487,0.48894586635063186,1,-0.04550481587648392,0.09837806224822998,0.5359087913999131
train,7653,8976536586116268684,89,9.9066781998,9.5271959305,1,True,1,-0.1953594982624054,-0.035209089517593384,0.539952246886479,0,0.03349047899246216,-0.12602046132087708,0.4602066035662995
train,7661,3613385300884789681,89,8.6075820923,8.6545543671,0,True,0,0.0215749591588974,-0.04792734980583191,0.48263141387828434,0,0.264534592628479,-0.33633098006248474,0.3541456893595333
train,7665,3383786602634555610,89,10.4546260834,10.2055625916,1,True,0,0.016767747700214386,-0.09604993462562561,0.4718254564799991,1,-0.06359440833330154,0.13647052645683289,0.5498500696971664
train,7680,531430379565090379,89,15.9046516418,15.7678575516,1,True,0,-0.002032861113548279,-0.098723404109478,0.47584617928164974,0,0.07712496072053909,-0.0008397139608860016,0.48051869840562444
train,7690,8549612932211402410,89,13.7861719131,13.8388996124,0,True,0,-0.01930055022239685,-0.11515111476182938,0.47605568808475673,1,-0.04124027118086815,0.03521020710468292,0.519103316087115
train,7709,5661804377131822996,89,7.5477104187,7.5573234558,0,True,0,0.1055629700422287,-0.08181190490722656,0.4532928561292972,1,-0.08326108753681183,0.06274496018886566,0.5364368056431875
train,7717,2326451085948981345,89,9.0593013763,8.8055925369,1,True,1,-0.15366816520690918,-0.02392171323299408,0.5323911859193075,1,-0.07031426578760147,0.18877191841602325,0.5644116423860254
train,7734,8185112584138080377,89,10.2551174164,10.2696800232,0,True,1,-0.3038942217826843,0.11821620166301727,0.6039881452061836,1,-0.3711879849433899,0.29935696721076965,0.6616251723655023
train,7736,5088420633693662913,89,10.3918676376,10.6115856171,0,True,0,-0.024460121989250183,-0.09143859893083572,0.48326163781684206,0,0.10074370354413986,0.020718645304441452,0.48000440530024086
train,7756,1143824661822988317,89,10.6905269623,10.2566375732,1,True,1,-0.06741206347942352,-0.06307538598775864,0.5010841676737756,1,-0.21662333607673645,0.17692697048187256,0.5971370703732443
train,7760,3017510869076496766,89,10.7775249481,10.7951545715,0,True,0,-0.03465936332941055,-0.08035563677549362,0.48857791915358845,1,-0.09658703207969666,0.0838482677936554,0.5449868384874065
train,7775,5917895751567156723,89,8.5845947266,8.5824279785,1,True,0,-0.014171034097671509,-0.09840572625398636,0.4789537699207968,1,-0.16144722700119019,0.10032501816749573,0.565071898906937
train,7789,5395894596715623933,89,8.1141672134,8.3581428528,0,True,0,0.1293293535709381,-0.2137996405363083,0.4150496077797495,1,-0.08393491059541702,0.021840304136276245,0.5264191759246749
train,7805,3004976768389495713,89,15.3923416138,14.7295017242,1,True,0,0.15047571063041687,-0.19938285648822784,0.41341671860807633,0,0.07244538515806198,-0.10890553891658783,0.4547861178848703
train,7807,669474620248064013,89,11.7364740372,11.7605857849,0,True,0,0.09818993508815765,-0.2139354944229126,0.4225960305934238,0,0.14536893367767334,-0.2047300785779953,0.41335841107452925
train,7808,8005859206866007832,89,16.927690506,16.8964385986,1,True,0,-0.020350240170955658,-0.08340127766132355,0.4842424605355249,0,0.10639024525880814,-0.14337603747844696,0.43788102573398646
train,7812,2529243387752729139,89,10.4581165314,10.1783866882,1,True,0,-0.014899790287017822,-0.06661883741617203,0.4870731195553698,1,0.07955878227949142,0.09374372661113739,0.5035461766218126
train,7815,512136980725802610,89,8.7642803192,8.183465004,1,True,0,0.022407226264476776,-0.1726011484861374,0.4514018175077145,0,0.12192914634943008,-0.2379688024520874,0.4109842698832117
train,7827,5729474524345582815,89,11.0832700729,11.0061721802,1,True,0,0.035986967384815216,-0.1312982439994812,0.45827595346755906,1,0.03397566080093384,0.06318819522857666,0.5073026142936476
train,7850,2730317681659027339,90,14.6110572815,14.7664546967,0,True,0,-0.020689427852630615,-0.11086595058441162,0.47747113394430146,1,-0.07776249945163727,0.0477435402572155,0.5313353884127814
train,7853,6562207187221594364,90,10.072426796,10.2444725037,0,True,1,-0.0776137113571167,0.08335842192173004,0.540156359685596,1,-0.06228569895029068,0.22611363232135773,0.5716042176433905
train,7866,2536696306714138920,90,14.9634895325,14.8611888885,1,True,0,-0.03758843243122101,-0.04940833896398544,0.4970450577696906,1,-0.22733396291732788,0.25046950578689575,0.6172290619141187
train,7888,2649332429345060839,90,14.4742422104,14.6401767731,0,True,0,0.01860245317220688,-0.07542481273412704,0.4765104871205462,1,-0.16154444217681885,0.26148805022239685,0.6042086704597455
train,7891,7869196807680796431,90,9.1856985092,9.2273159027,0,True,0,0.012031957507133484,-0.14064331352710724,0.46190515192120407,0,0.0070722103118896484,-0.1278081089258194,0.46633094896690874
train,7898,32243107416123583,90,10.0075912476,9.8668146133,1,True,0,-0.044996973127126694,-0.0821465477347374,0.49071367432132457,1,-0.17254295945167542,0.08911579847335815,0.5650440074350203
train,7941,4759593281574828076,90,11.0171985626,10.6085224152,1,True,0,0.058370694518089294,-0.17108304798603058,0.4428869237279611,0,0.08720352500677109,-0.15088920295238495,0.44075642133905607
train,7949,1641049709951296682,90,15.8446044922,16.1078338623,0,True,0,-0.0165255069732666,-0.12088021636009216,0.47393497216849295,1,-0.2777012884616852,0.2060515433549881,0.6186336588970248
train,7959,4826106826784617893,90,11.4798526764,11.6509990692,0,True,0,0.015570253133773804,-0.11530286073684692,0.46732834095293174,1,-0.07288797944784164,0.12514720857143402,0.5493476263187138
train,7974,7439865892537028213,90,12.8695106506,12.6878004074,1,True,1,-0.04914585500955582,-0.04364010691642761,0.5013764335462679,1,-0.07513587176799774,0.06593829393386841,0.5352101649615852
train,7980,8219543591712621767,90,17.40284729,17.5225868225,0,True,0,0.01938527077436447,-0.10495403409004211,0.4689551602632505,0,0.07698271423578262,-0.04504654183983803,0.46953048708060646
train,7983,1158080812147000694,90,9.2087745667,8.8413562775,1,True,1,-0.23599164187908173,0.2823615074157715,0.6267625969736903,1,-0.46178293228149414,0.16621793806552887,0.652036027536628
train,7992,4136559094646000941,90,13.5644416809,13.635761261,0,True,0,0.031896740198135376,-0.12588325142860413,0.4606366292687205,0,0.04295533150434494,-0.016322169452905655,0.48518496262382216
train,7997,3071280015124529493,90,8.9281167984,9.0341901779,0,True,1,-0.11643996834754944,-0.009150154888629913,0.5267967532769506,1,-0.1656351089477539,0.0098244808614254,0.5437527071876243
train,8008,9222106245679536705,90,12.2015743256,12.3386917114,0,True,0,-0.001793399453163147,-0.10366243124008179,0.474554742670074,1,-0.0009031444787979126,0.028144340962171555,0.5072613607991119
train,8009,5451998284053268189,90,12.5564880371,12.3389091492,1,True,0,0.048225775361061096,-0.10970565676689148,0.4605990040210449,0,0.07701832801103592,0.02640518918633461,0.4873494157512736
train,8015,8145149324873410058,90,11.2517547607,11.2554864883,0,True,0,0.004178754985332489,-0.11512048542499542,0.4702105126180632,0,0.14893466234207153,-0.020173553377389908,0.45782341059198217
train,8031,8947268658475321914,90,12.0986089706,12.1653823853,0,True,1,-0.16114211082458496,-0.043026648461818695,0.5294945830056247,1,-0.35711631178855896,0.1542694866657257,0.6251312817465471
train,8033,8245806378111038342,90,9.9183082581,9.9822473526,0,True,0,0.19506330788135529,-0.26046130061149597,0.3880480466050263,0,0.30342844128608704,-0.26051434874534607,0.36263566591390034
train,8037,4357459217852561974,90,12.8637161255,12.831788063,1,True,0,0.002577371895313263,-0.12822499871253967,0.46734595129532136,1,-0.021854571998119354,0.0700831264257431,0.5229682485472607
train,8047,8606737806927298639,91,9.3954782486,9.2895030975,1,True,0,-0.030949361622333527,-0.06463408470153809,0.49157961540500716,1,-0.07754071801900864,0.11751396954059601,0.5486096512878972
train,8054,2725688577751610289,91,12.8374443054,12.967300415,0,True,0,-0.0013932734727859497,-0.0753750205039978,0.48151299454865,1,-0.016506008803844452,0.0925673097372055,0.527241327508146
train,8064,6737559865318510113,91,11.6316757202,11.7397880554,0,True,0,0.05698882043361664,-0.13935847580432892,0.45107027100132635,0,0.07381682842969894,0.028309520334005356,0.4886251359397946
train,8071,8312434360192962180,91,14.2624912262,14.0446138382,1,True,0,-0.03226003050804138,-0.07277696579694748,0.4898721516481274,1,-0.022497005760669708,0.03596864268183708,0.5146122500092987
train,8078,5797431113932414765,91,7.3142962456,7.2838573456,1,True,1,-0.20267748832702637,0.06117752194404602,0.5655837014725513,1,-0.21453100442886353,0.10662324726581573,0.579605526347061
train,8137,8308681628829852459,91,13.5258216858,13.3896121979,1,True,0,0.047976717352867126,-0.11632340401411057,0.45901712100252,0,0.05540890246629715,0.02844688668847084,0.4932599043601392
train,8148,3864071318075041202,91,7.8018169403,7.7664899826,1,True,1,-0.2992623448371887,0.1865098923444748,0.6191099749655404,1,-0.3911537826061249,0.3601568937301636,0.6794642218929752
train,8151,7005790630988760098,91,13.8494415283,13.8271846771,1,True,0,-0.030886203050613403,-0.1190914660692215,0.47796297004340493,0,0.04082290083169937,0.026340175420045853,0.4963793819320515
train,8161,88536977614214218,91,14.6774845123,14.4906654358,1,True,0,-0.0034191012382507324,-0.06875477731227875,0.4836718889544009,0,0.03377922624349594,-0.034818027168512344,0.4828574082774622
train,8162,4078229680381070774,91,10.6153745651,10.735458374,0,True,0,0.052607372403144836,-0.07311328500509262,0.46861116825651933,0,0.2591259181499481,-0.09434378147125244,0.4125412816003987
train,8169,198027506347773172,91,10.0523014069,10.090959549,0,True,0,0.0040967464447021484,-0.14539077877998352,0.4626975578173811,0,0.0724077895283699,0.049687158316373825,0.4943200865386617
train,8172,3168609399612686267,91,8.7561531067,8.7453241348,1,True,1,-0.04096456989645958,-0.00013233721256256104,0.510206640107265,0,-0.008934400975704193,-0.11825622618198395,0.47269673065948237
train,8199,3888253858993410590,91,10.0653648376,9.9603633881,1,True,1,-0.1445668488740921,0.04146774113178253,0.5463749757989055,1,-0.39702028036117554,0.33265647292137146,0.674734334307414
train,8203,6480126619985007349,91,15.1900367737,15.2409362793,0,True,0,-0.008073411881923676,-0.08104538917541504,0.4817650965594356,1,-0.030693352222442627,0.08457611501216888,0.5287855009985896
train,8206,8493139803238868668,91,9.3990650177,9.4028987885,0,True,1,-0.15058226883411407,0.07491995394229889,0.5561378669964274,1,-0.24546724557876587,0.20178084075450897,0.6099847429584728
train,8207,3671527840515409916,91,13.2376079559,13.1970558167,1,True,0,-0.013345971703529358,-0.10260534286499023,0.47769996104885365,1,-0.01835695654153824,0.046542879194021225,0.5162192663862942
train,8208,1859209785109461089,91,15.4316883087,15.807091713,0,True,0,0.046353310346603394,-0.1500244289636612,0.4510627331287943,0,0.06010424345731735,-0.06767719238996506,0.4680980374204488
train,8210,4679069122186242350,91,12.8465919495,13.1210622787,0,True,0,0.03887861967086792,-0.07751457393169403,0.47093450762113814,1,-0.044244781136512756,0.18359419703483582,0.5567146157331375
train,8211,4537298832330672330,91,11.2877931595,11.3449754715,0,True,0,0.03337032347917557,-0.09595361351966858,0.4677140009644254,1,-0.07112036645412445,0.14296941459178925,0.553318947016348
train,8212,5588011668081803404,91,11.8706769943,11.8906002045,0,True,0,0.05549982190132141,-0.13538619875907898,0.45242287303423984,1,-0.0974918082356453,0.18321381509304047,0.5697192084029696
train,8239,5073805698961069127,92,16.2010498047,16.1994686127,1,True,0,0.038580283522605896,-0.14158080518245697,0.455081160190214,0,0.06040116399526596,-0.0039448849856853485,0.48391903585936386
train,8251,5596942991084268536,92,14.0057382584,13.8093414307,1,True,1,-0.0722937136888504,-0.05464915931224823,0.5044110241542886,1,-0.03747217729687691,0.04757611081004143,0.5212492652017756
train,8261,8614759216314967098,92,9.9567260742,10.0832796097,0,True,0,0.030519701540470123,-0.13216638565063477,0.4594179450471438,0,0.1247924193739891,-0.04579829052090645,0.45745544727953935
train,8272,3462456133991033467,92,14.7192840576,14.7038145065,1,True,0,0.04067434370517731,-0.1325434446334839,0.45680350602398867,0,-0.011230751872062683,-0.011894915252923965,0.49983395916088824
train,8298,6553044415913103337,92,13.5825061798,13.2617073059,1,True,0,-0.02417702227830887,-0.10805120319128036,0.47904373872706746,1,-0.13532385230064392,0.04912073537707329,0.5459808657597035
train,8316,2194647876764005068,92,14.8610286713,15.2771663666,0,True,0,-0.017514556646347046,-0.06166435778141022,0.4889643422212241,1,0.022941596806049347,0.07451656460762024,0.5128908846220208
train,8319,889694362679943800,92,7.6545057297,7.8838005066,0,True,1,-0.26731401681900024,0.11432957649230957,0.594269456413344,1,-0.1559683084487915,0.07898770272731781,0.5584702656478466
train,8326,9009013469195882630,92,11.9639997482,11.6661291122,1,True,0,0.04498468339443207,-0.1381261646747589,0.4543497695244693,0,0.03620953857898712,0.032246556133031845,0.49900925568516646
train,8331,2611734556385257867,92,17.984254837,18.1640548706,0,True,0,-0.005060434341430664,-0.13327986001968384,0.4679889872458541,0,0.03552353382110596,0.02319071814417839,0.49691683515935753
train,8341,3117967403516478662,92,16.1486091614,16.4609069824,0,True,0,0.10356181859970093,-0.0850369930267334,0.4529895594243302,1,-0.11575277894735336,-0.08093521744012833,0.5087035111494902
train,8356,5515315179579904408,92,12.1540126801,11.999004364,1,True,0,0.0029656365513801575,-0.113738052546978,0.47085714675344853,1,-0.04139895364642143,0.12434473633766174,0.5413413252706447
train,8360,1402820738985034704,92,14.7493801117,14.6086111069,1,True,0,-0.017517782747745514,-0.07606011629104614,0.4853685951106139,1,-0.36351215839385986,0.33628952503204346,0.6681438013642248
train,8366,247829810900695894,92,11.7089328766,11.7195091248,0,True,0,0.04548655450344086,-0.12589320540428162,0.4572596195716554,1,-0.1349894404411316,0.16922587156295776,0.57547266008471
train,8370,325132742985197151,92,13.0176954269,12.8498210907,1,True,0,0.024366237223148346,-0.11906686425209045,0.46420307460672294,0,0.061659328639507294,0.04297978803515434,0.49533025063090597
train,8377,8889010837850876555,92,15.0459861755,15.5059709549,0,True,0,0.02991185337305069,-0.10301735997200012,0.46681654540237955,0,0.1508685052394867,-0.05557803437113762,0.44857089526051896
train,8388,6262641740742569953,92,9.1216983795,9.1780977249,0,True,0,0.029257647693157196,-0.13322263956069946,0.4594690565255755,1,-0.02649713307619095,-0.022536981850862503,0.5009900365124539
train,8393,433507118904712512,92,8.7236700058,8.7440252304,0,True,1,-0.21253979206085205,0.06493229418992996,0.5689263635592704,0,-0.0019437596201896667,-0.04588707163929939,0.4890159394701757
train,8413,5069474507920818356,92,13.372220993,13.4864826202,0,True,0,-0.005607709288597107,-0.0618426650762558,0.48594496479331595,1,0.018303915858268738,0.08833682537078857,0.5175010749694753
train,8427,1383599370282509684,92,14.2000961304,14.3192024231,0,True,0,0.0428052693605423,-0.10910627245903015,0.46209498140140776,0,0.04110265523195267,0.027256570756435394,0.49653853418191474
train,8439,6313749345739805150,93,21.7345848083,20.9811515808,1,True,1,-0.2594596743583679,0.17803557217121124,0.6076620365638845,1,-0.5725950002670288,0.239470973610878,0.692549575993976
train,8442,3183750849053162945,93,14.8357439041,14.4967880249,1,True,0,-0.005556866526603699,-0.09961864352226257,0.476501878396937,1,-0.04053837060928345,0.04492408409714699,0.521352618931416
train,8450,5176499340400895521,93,11.1681995392,10.565533638,1,True,0,-0.02057144045829773,-0.13702785968780518,0.47091875465654565,1,-0.11361528187990189,0.11682792007923126,0.5573571997989517
train,8463,4755183290684875732,93,10.1971530914,10.0611248016,1,True,0,-0.00734739750623703,-0.1690243035554886,0.45966858855271453,0,-0.010325014591217041,-0.05667438730597496,0.48841473076546316
train,8470,2346319030875077905,93,11.7194833755,11.7462663651,0,True,0,0.015934862196445465,-0.1005948856472969,0.4709004845573458,1,-0.11102193593978882,0.1374882608652115,0.5618097756407322
train,8472,4333321134021101330,93,9.6701793671,9.0828819275,1,True,1,-0.2812812328338623,0.14405414462089539,0.6047592512933887,1,-0.23677155375480652,0.19285933673381805,0.6057855250451257
train,8486,7907098365252933874,93,17.0523223877,17.1745147705,0,True,1,-0.18205837905406952,-0.020596042275428772,0.5402781176918963,1,-0.25891947746276855,0.016570333391427994,0.5684401459172856
train,8500,7964345955846223411,93,18.4614944458,18.2621231079,1,True,0,-0.020198248326778412,-0.12132661789655685,0.47473943214664766,1,-0.03225472569465637,0.028470922261476517,0.5151767484553832
train,8509,4614702090252136019,93,18.0208244324,18.132106781,0,True,1,-0.3484190106391907,0.3185427188873291,0.6608225061487488,1,-0.5592683553695679,0.1838257610797882,0.677672083442827
train,8521,9006669255789841112,93,11.5327453613,11.8553524017,0,True,0,-0.015767425298690796,-0.0711548775434494,0.4861566757689527,1,-0.09805737435817719,0.16029106080532074,0.5642302573321132
train,8530,2640974772353958124,93,13.3092594147,13.2210178375,1,True,1,-0.18983708322048187,-0.053666092455387115,0.5339902418010917,1,-0.16783708333969116,0.1089940071105957,0.5687691529395192
train,8555,2069500016451223977,93,15.462220192,15.4919910431,0,True,1,-0.1125379353761673,-0.07887865602970123,0.50841402546448,1,-0.272146612405777,0.09176963567733765,0.5899881156137381
train,8558,3832958763685333345,93,8.6359624863,8.9286308289,0,True,0,0.005239523947238922,-0.1085875928401947,0.4715739063341605,1,-0.07744407653808594,0.12035338580608368,0.5492887731165603
train,8567,6933772035263941899,93,6.893620491,6.8856611252,1,True,1,-0.14893969893455505,0.09301882982254028,0.5601962412976518,0,-0.024038486182689667,-0.22064800560474396,0.45100534383206453
train,8578,1115978863634911961,93,14.2242069244,14.2264766693,0,True,0,0.002854384481906891,-0.061077624559402466,0.48402243946161994,0,0.04172886162996292,0.03203332796692848,0.497576135571831
train,8584,3347179120696731768,93,14.7247467041,14.5375032425,1,True,0,-0.043376944959163666,-0.08691218495368958,0.4891179086982414,1,0.008961327373981476,0.010855857282876968,0.5004736323355586
train,8591,7553000204306492323,93,10.2026329041,10.1363286972,1,True,0,-0.06696987897157669,-0.07440406084060669,0.49814146309239055,1,-0.47916102409362793,0.3391522765159607,0.6938781833893788
train,8593,8319482813875409448,93,10.2345199585,10.8186454773,0,True,0,0.0158415287733078,-0.15251533687114716,0.45800991746212616,1,-0.04911044239997864,0.13615036010742188,0.5461831861886982
train,8605,3360045120924967890,93,12.8811836243,12.8154125214,1,True,0,0.01404108852148056,-0.10463476926088333,0.47036580795570204,1,0.02000529319047928,0.09024524688720703,0.5175527724129456
train,8621,2413936949453361735,93,8.3000030518,8.0405979156,1,True,1,-0.36903417110443115,0.1684541404247284,0.6312279417873634,1,-0.35056841373443604,0.34872186183929443,0.6680303983477414
train,8643,2309127784639805164,94,14.1893386841,14.2316570282,0,True,0,0.07901246845722198,-0.22386443614959717,0.42485435101583574,1,-0.09858231246471405,0.05321210250258446,0.5378759050430427
train,8662,7067528250688085041,94,9.4360141754,9.177283287,1,True,1,-0.2502053678035736,0.10221491754055023,0.5872043685079171,1,-0.29482385516166687,0.17680560052394867,0.6157693541163539
train,8665,3971923650186112802,94,13.9214382172,14.2065238953,0,True,0,0.01137879490852356,-0.15375806391239166,0.45880934915724236,1,-0.02736329659819603,0.08919638395309448,0.5291069732665729
train,8672,7186483438389382961,94,13.9561653137,13.993434906,0,True,1,-0.22942419350147247,0.05810461938381195,0.5713910380627025,0,0.041194431483745575,-0.05847543850541115,0.47510313971406654
train,8675,7921938745078491814,94,7.346657753,7.2281680107,1,True,0,0.12786023318767548,-0.20467741787433624,0.41762330197512565,0,0.10685480386018753,-0.2521592080593109,0.4111982667887268
train,8676,1844999689639011550,94,17.0300693512,16.9617729187,1,True,0,0.05154810845851898,-0.14655165374279022,0.45063638743701245,1,-0.0010226443409919739,0.040885042399168015,0.5104753886094702
train,8685,5176432310700811210,94,16.8312206268,16.6691665649,1,True,0,-0.033629100769758224,-0.09593795239925385,0.48442782487528796,0,0.06410928815603256,-0.04576968029141426,0.47255786229797053
train,8690,7674560959785753242,94,12.999835968,12.5817317963,1,True,0,0.05574019253253937,-0.1248626857995987,0.45497160635917666,1,-0.0810912698507309,0.12284670770168304,0.5508085195150192
train,8694,1681715158191869930,94,11.3283948898,11.3192968369,1,True,0,0.018245071172714233,-0.15053145587444305,0.457905743881836,0,0.04601707309484482,0.042948123067617416,0.49923276309537523
train,8715,4740173670423335737,94,9.6043014526,9.2135181427,1,True,0,-0.03370442986488342,-0.11890484392642975,0.47871277212198315,1,-0.19810932874679565,0.1384555846452713,0.5833558587633788
train,8717,8010772720726202620,94,6.1802668571,6.3921694756,0,True,1,0.00427178293466568,0.04365408420562744,0.509844303002642,1,-0.09636003524065018,0.1431790143251419,0.5596000521540283
train,8727,5941284596699845037,94,12.4814519882,11.9116859436,1,True,1,-0.18133755028247833,0.00974835455417633,0.5476266450843204,1,-0.09726086258888245,0.13421349227428436,0.5576115806206108
train,8736,699833005699978025,94,8.8390836716,8.8254079819,1,True,1,-0.10381484031677246,-0.05993378907442093,0.5109685028367371,1,-0.19626538455486298,0.05261589214205742,0.5619011258258566
train,8742,8577711192450622197,94,13.3645877838,12.9573802948,1,True,0,0.07754243910312653,-0.19630295038223267,0.43196330218206064,1,-0.2053406685590744,0.16672345995903015,0.5919576503362748
train,8777,686244778201216176,94,10.0218811035,10.0329780579,0,True,0,-0.016645357012748718,-0.1489522010087967,0.46697145561707476,0,0.1359456181526184,-0.12384125590324402,0.4354160999962669
train,8788,5739591780978230759,94,13.9609336853,14.0379295349,0,True,0,0.006255649030208588,-0.10580628365278244,0.47201379797431214,0,0.060278333723545074,-0.03021998330950737,0.477390849278348
train,8799,7301731330082402192,94,13.7879705429,13.7310619354,1,True,0,-0.009708702564239502,-0.10909133404493332,0.4751747718071165,1,-0.010123267769813538,-0.0001712404191493988,0.5024879863029291
train,8805,7957911142826040033,94,16.7978172302,16.0563526154,1,True,1,-0.04107190668582916,-0.007854357361793518,0.5083036238229759,0,0.053128428757190704,-0.0015865452587604523,0.4863246680115884
train,8814,2505847102182850712,94,16.7486572266,16.8069534302,0,True,0,-0.00026350468397140503,-0.09518478810787201,0.47628748071976634,0,0.1492811143398285,-0.13267569243907928,0.42997410423979043
train,8820,1398653077303569821,94,9.6005992889,10.2435722351,0,True,0,0.16327272355556488,-0.26234883069992065,0.3951723472050594,0,0.1501978635787964,-0.3482879400253296,0.3778965764992437
train,8828,661117290456457534,95,15.2697639465,15.5041179657,0,True,0,0.006982751190662384,-0.1297813355922699,0.46586217239952754,1,-0.0930144339799881,0.06014483794569969,0.5382151436907664
train,8863,2541573011202319710,95,12.9785079956,13.0412368774,0,True,0,-0.02982499450445175,-0.06794092059135437,0.4904721719716381,1,0.01853848248720169,0.058257173746824265,0.5099283676209773
train,8869,6584247760743024801,95,13.0110502243,13.0969238281,0,True,0,-0.023974888026714325,-0.09068275988101959,0.4833292135781567,0,0.07942337542772293,0.05028485134243965,0.4927158843550952
train,8879,265242736376649658,95,8.4607629776,8.6311740875,0,True,1,-0.1471230387687683,-0.07181568443775177,0.5188179460656678,1,-0.19406406581401825,0.15939666330814362,0.5874565443887291
train,8908,9098445154722761121,95,11.8538885117,11.9677143097,0,True,0,0.10160841047763824,-0.19311676919460297,0.42684746040565635,0,0.04041523486375809,-0.07193559408187866,0.47194180076275544
train,8925,5833438492403894188,95,7.6247587204,7.3875412941,1,True,1,-0.08680935204029083,-0.023385658860206604,0.515850610308876,1,-0.052231986075639725,-0.002864573150873184,0.5123393472717452
train,8928,51350117107433752,95,14.1337156296,13.9771175385,1,True,0,0.011066034436225891,-0.14085856080055237,0.46209173680373666,0,0.020730212330818176,-0.02636442705988884,0.4882285157414447
train,8936,2249989429332750034,95,11.0657596588,10.7007379532,1,True,1,-0.0951940193772316,-0.087376169860363,0.5019544524247498,1,-0.1889926791191101,0.05472216382622719,0.5606289098321766
train,8938,9033492993181040806,95,13.2166404724,13.3036880493,0,True,0,0.001136869192123413,-0.12655480206012726,0.46812038727660477,0,0.006043620407581329,-0.005261767655611038,0.49717368308719195
train,8942,3279149511448127350,95,13.548166275,13.7055683136,0,True,0,0.009261012077331543,-0.05960855633020401,0.48278940987121566,1,-0.07067006826400757,0.11577649414539337,0.54647708094394
train,8950,5017271000317914484,95,12.5352811813,12.4744501114,1,True,0,0.0005309209227561951,-0.11740487068891525,0.4705501786181814,1,-0.03925140202045441,0.07631999254226685,0.528860731997689
train,8955,2731873658628309734,95,11.3127403259,11.3031272888,1,True,0,0.10873067378997803,-0.17688757181167603,0.4290769298947922,0,0.13764578104019165,-0.15315060317516327,0.42780891021541806
train,8957,1356776348702697070,95,12.7060432434,12.6503887177,1,True,0,0.04222157597541809,-0.1269005835056305,0.45781994945768606,1,-0.05396211892366409,0.10694371163845062,0.5401398908779047
train,8958,2036613595324779489,95,16.2308139801,16.0618896484,1,True,0,0.0015823990106582642,-0.11128739267587662,0.4718124705235597,0,0.062295638024806976,-0.005880970507860184,0.48296244663891524
train,8959,890147015852661615,95,17.845117569,17.9063186646,0,True,0,-0.002028428018093109,-0.10774219036102295,0.47359614430528457,1,-0.12591087818145752,0.13839250802993774,0.5656938636519271
train,8970,5443286501934610720,95,12.8619918823,12.7277441025,1,True,0,-0.014021113514900208,-0.0998808741569519,0.47854823657249507,1,-0.060890816152095795,0.1443086713552475,0.5511206203630334
train,8978,6354101755359370323,95,18.4377918243,18.2113304138,1,True,0,-0.03597740828990936,-0.10181834548711777,0.48354570942352476,0,0.023502670228481293,-0.05335000529885292,0.4807962821517379
train,8989,6919977822882493401,95,17.0215320587,17.0156040192,1,True,0,-0.0496731698513031,-0.08380283415317535,0.49146841206541925,0,-6.833672523498535e-05,-0.020198006182909012,0.49496775255816244
train,8998,2421889348983419100,95,9.9551477432,10.0529031754,0,True,0,0.04626469314098358,-0.14394810795783997,0.45258965937211476,0,0.13657715916633606,0.02383258566260338,0.4718436756889044
train,9011,8595429418104129504,95,10.2640743256,10.2443256378,1,True,0,-0.06214024871587753,-0.1564195454120636,0.4764476188554079,1,0.002647697925567627,0.007685329765081406,0.5012594052964752
train,9028,432500591703190290,96,12.2069740295,12.4335718155,0,True,0,-0.023240014910697937,-0.08998224884271622,0.48332063261338576,1,-0.25035637617111206,-0.022033382207155228,0.556834059540279
train,9035,2897802672987734923,96,12.7219963074,12.6269073486,1,True,1,-0.17794960737228394,-0.0029826611280441284,0.5436304867317358,1,-0.333560585975647,0.34359341859817505,0.6631032050024132
train,9042,3913613730530430524,96,11.0136919022,11.1295318604,0,True,0,0.02443874627351761,-0.12773361802101135,0.46203015117121615,0,0.08330025523900986,0.00826479122042656,0.4812499305788441
train,9046,2780488952466363802,96,15.0683193207,15.1992769241,0,True,0,0.007883429527282715,-0.13632649183273315,0.4640098704502538,1,-0.13946649432182312,0.13717365264892578,0.568722319464021
train,9047,4185261584460491194,96,14.0393791199,13.8573732376,1,True,0,-0.05430540069937706,-0.07034143805503845,0.49599107657010616,0,0.052805639803409576,0.0014633648097515106,0.4871672500863713
train,9048,4540282544235792277,96,12.1821155548,12.348526001,0,True,0,-0.04285917431116104,-0.11677708476781845,0.4815289318937057,0,0.028025545179843903,0.01903950795531273,0.4977535058106682
train,9065,3813066229139811954,96,8.9968891144,9.0272159576,0,True,0,0.07895742356777191,-0.24812832474708557,0.41894987397454675,0,0.1498469114303589,-0.1938875913619995,0.41490260786966365
train,9068,5668236689543577656,96,14.4653482437,14.4456281662,1,True,0,-0.00027636438608169556,-0.07978818565607071,0.48013251065017526,1,-0.01197553426027298,0.14092518389225006,0.538150882204095
train,9098,6993574690337343520,96,13.5850801468,13.6220741272,0,True,0,-0.030357707291841507,-0.10728999972343445,0.4807764073174144,1,0.006488382816314697,0.04152970388531685,0.5087594339807574
train,9110,8392544319694339934,96,16.3129291534,16.4074325562,0,True,0,0.053415969014167786,-0.1452290564775467,0.45050140393017474,1,-0.03954280912876129,0.07197383046150208,0.527850303770521
train,9117,1237301539058337507,96,11.351269722,11.3105106354,1,True,1,-0.12991027534008026,0.010775983333587646,0.5351136677977171,1,-0.2927301824092865,0.2148006409406662,0.6242274636822375
train,9128,8325649761756401585,96,13.754611969,14.0618953705,0,True,1,-0.1422702521085739,0.02424386888742447,0.5415326101739859,1,-0.21108971536159515,0.15364272892475128,0.5901855407097527
train,9130,1423758741993231039,96,11.255273819,11.0855350494,1,True,0,0.01738423854112625,-0.1321292519569397,0.4626911026352445,0,0.03150496631860733,0.01862386241555214,0.49677976854994144
train,9143,8796409569399911939,96,10.2207565308,10.2650079727,0,True,1,-0.07335369288921356,0.019407570362091064,0.5231737013924426,1,-0.07881583273410797,0.15265978872776031,0.5576118930663029
train,9153,6377284722265550621,96,11.5753335953,11.3651428223,1,True,0,0.011008962988853455,-0.12596485018730164,0.46580998558835846,1,-0.07871538400650024,0.16567330062389374,0.5607948865154329
train,9166,285959235154713737,96,10.5985574722,9.9953861237,1,True,1,-0.3825851082801819,0.19404985010623932,0.640292743303954,1,-0.4665170907974243,0.3172913193702698,0.6865003325183534
train,9195,8798327439017680906,96,13.1990222931,13.130487442,1,True,0,0.03821289539337158,-0.1681368052959442,0.44859484897574753,0,0.17262613773345947,-0.06459371745586395,0.4409715870342691
train,9199,5711882497406392633,96,12.7051849365,13.049577713,0,True,0,-0.0072816237807273865,-0.0700293704867363,0.4843182082859244,1,-0.04029374569654465,0.12216164171695709,0.5405247594124916
train,9215,765243435715499531,96,7.8656406403,7.5037059784,1,True,1,-0.426260769367218,0.23810933530330658,0.6602413875249958,1,-0.46012404561042786,0.4732013940811157,0.7177494578256962
train,9239,2810950079311429543,97,12.2367963791,12.3151092529,0,True,0,0.033372558653354645,-0.14080572128295898,0.4565651852476937,0,0.05373396724462509,-0.05095155909657478,0.47385249339414587
train,9242,2835387319521740417,97,12.1426906586,11.7133836746,1,True,0,0.027328036725521088,-0.10963836312294006,0.46581183025488754,1,-0.04277455806732178,0.11602337658405304,0.5396162690548257
train,9244,748069912860816442,97,8.7717008591,8.7255525589,1,True,0,0.06086641550064087,-0.18321235477924347,0.439281448060731,0,0.12386652082204819,-0.019133087247610092,0.46431089414248183
train,9247,4647588786327798483,97,13.857131958,13.9472694397,0,True,0,0.0115838423371315,-0.09815682470798492,0.4725923336285622,1,0.044600315392017365,0.04551548883318901,0.5002287933443242
train,9248,5882062485140488493,97,11.4948005676,11.7000598907,0,True,0,0.02713732421398163,-0.13662506639957428,0.45915065345979134,1,-0.12726432085037231,0.1355499029159546,0.5653279640668712
train,9255,8551018008962271243,97,10.0595903397,9.8567962646,1,True,1,-0.052622806280851364,0.1555481106042862,0.5518556002329267,0,0.07527134567499161,-0.06489068269729614,0.4650167458151896
train,9261,2982737543988515529,97,11.4871330261,11.4619436264,1,True,0,-0.03268907219171524,-0.11526952683925629,0.47936661084284404,1,-0.4368875324726105,0.27013081312179565,0.6697419887588544
train,9270,8170894684403473910,97,10.5554122925,10.9555244446,0,True,0,0.015229687094688416,-0.027981944382190704,0.48919877279002144,1,-0.39918333292007446,0.16562919318675995,0.6375653330633279
train,9283,115114127497351818,97,9.4947032928,9.7181758881,0,True,0,-0.04428628459572792,-0.052617885172367096,0.4979171119045646,1,-0.22523805499076843,0.10817472636699677,0.582589526677832
train,9295,589386998566147820,97,16.1502342224,15.8214092255,1,True,0,0.05772390961647034,-0.13645610213279724,0.45160696009079526,1,-0.008000202476978302,0.04434024915099144,0.5130821264779496
train,9298,6857649861921761302,97,9.9846019745,10.0859451294,0,True,0,-0.03761666640639305,-0.0802568793296814,0.48934156164042175,1,-0.24589291214942932,0.30941393971443176,0.6353659425065844
train,9299,7627832371445928147,97,10.3619222641,10.3796825409,0,True,0,0.05434146523475647,-0.1479012370109558,0.4496109589799414,1,-0.03627802059054375,0.1232600063085556,0.5398001251808888
train,9321,2819232226882232731,97,13.8846588135,13.8319206238,1,True,0,0.00024481117725372314,-0.10739568620920181,0.4731158283777484,1,-0.10000163316726685,0.046344783157110214,0.5365214448551139
train,9337,4094314860883411625,97,11.0166254044,11.093875885,0,True,0,-0.04650074243545532,-0.04765696823596954,0.4997109435820738,1,-0.20235687494277954,0.2934914529323578,0.62148317795574
train,9340,1202829034189297296,97,9.5608406067,9.5526371002,1,True,0,-0.026744816452264786,-0.15623711049556732,0.4676720874242153,1,-0.08677949011325836,-0.018652696162462234,0.5170251141651505
train,9351,1326403882351027684,97,11.0750427246,10.7227287292,1,True,0,0.00490213930606842,-0.11435414850711823,0.4702212126643209,0,0.05797485262155533,0.016035225242376328,0.4895166297384129
train,9352,5189020782575227068,97,9.645819664,9.2802724838,1,True,1,-0.12627874314785004,-0.06035972386598587,0.516473789932346,0,-0.040215007960796356,-0.04693217948079109,0.4983207134341691
train,9384,3972881820477008300,97,15.4549036026,15.3769741058,1,True,1,-0.317260205745697,0.29616570472717285,0.6487219019243455,1,-0.8789710402488708,0.40684837102890015,0.7834387406271176
train,9393,6879969234564046316,97,7.8758459091,7.9327530861,0,True,1,-0.06264940649271011,-0.02436184138059616,0.5095707221331065,0,0.011886104941368103,-0.03978338837623596,0.4870854997355333
train,9419,2711340487128445082,98,12.0734205246,11.9149398804,1,True,0,-0.0187864750623703,-0.09495708346366882,0.4809665496222371,0,0.04666275531053543,0.027534354478120804,0.4952180455990606
train,9427,4102336337601939765,98,9.1594409943,9.2415866852,0,True,1,-0.14632846415042877,0.03104948252439499,0.5442285840068108,1,-0.21524477005004883,0.12780781090259552,0.5849318402519955
train,9436,813500724791028418,98,13.1309242249,13.1184158325,1,True,0,0.008035257458686829,-0.11953435838222504,0.46815077720155196,1,-0.034585174173116684,0.11780720949172974,0.5380245360102816
train,9438,4238269640986423405,98,13.1989517212,13.1447877884,1,True,1,-0.055918239057064056,0.011114001274108887,0.5167517879554319,1,-0.12776567041873932,0.18079394102096558,0.5765336397439573
train,9449,4426385748127949726,98,11.6623878479,11.9116287231,0,True,1,-0.20328201353549957,0.06057564914226532,0.5655843531655214,1,-0.5965143442153931,0.460305392742157,0.7420823239787994
train,9460,6291080744543645839,98,8.6887588501,8.4037399292,1,True,1,-0.3017638325691223,0.2711665630340576,0.639439073316373,1,-1.038088083267212,0.814872145652771,0.8644742932794204
train,9466,5854287453444558103,98,15.6468276978,15.3957166672,1,True,0,0.04238630831241608,-0.1053992286324501,0.46312071338125926,1,0.019250117242336273,0.08883355557918549,0.5173888439620712
train,9471,8992250110277122940,98,9.7746086121,9.2931556702,1,True,1,-0.12616980075836182,-0.08637303113937378,0.5099478794993054,1,-0.043507903814315796,0.016560252755880356,0.5150125254185216
train,9484,8017687008041431550,98,12.4931583405,12.2127285004,1,True,0,0.10911931097507477,-0.20060692727565765,0.4231815624116674,0,0.06615395098924637,-0.12235556542873383,0.45301168597855124
train,9523,8775429758825672021,98,9.4273052216,9.9902439117,0,True,0,-0.044181592762470245,-0.1676039844751358,0.46918351133083747,1,-0.12119344621896744,0.006574299186468124,0.5318985539008456
train,9532,7731489294033334672,98,10.1848163605,9.9814491272,1,True,0,-0.028234660625457764,-0.12570056319236755,0.47565279537051086,0,0.12967407703399658,-0.1173492819070816,0.4385562870120908
train,9538,5225247084283915095,98,17.105266571,17.5084838867,0,True,0,0.0036271512508392334,-0.13985969126224518,0.46418970823781214,0,0.11169285327196121,-0.07743898034095764,0.4528574852090403
train,9539,5873757463635524063,98,10.7799129486,10.3066797256,1,True,0,-0.09102682769298553,-0.10407084971666336,0.4967390407306862,0,-0.004344120621681213,-0.04343137517571449,0.4902294302971493
train,9540,7499093940634497521,98,12.9150686264,13.0408315659,0,True,0,-0.022425442934036255,-0.06655579060316086,0.4889692032195974,0,0.1494310200214386,-0.047845546156167984,0.4508401887768023
train,9564,3242981891935758679,98,8.1649208069,7.5050349236,1,True,1,-0.5728244185447693,0.42230433225631714,0.7300997556062819,1,-0.6789820194244385,0.46483999490737915,0.7583806741638116
train,9582,4290774694528418485,98,12.7864189148,12.4549427032,1,True,0,0.009344197809696198,-0.10680948197841644,0.47099418414795613,1,-0.054867442697286606,0.12753446400165558,0.5454744668458229
train,9591,5352811217668765058,98,9.9651451111,10.681927681,0,True,1,-0.21936725080013275,0.06579355895519257,0.5708110084497496,1,-0.5039167404174805,0.3856176733970642,0.7087940825778415
train,9593,6762281344874835482,98,11.6968727112,11.9242248535,0,True,0,0.033002451062202454,-0.14939968287944794,0.4545254768134219,0,0.09579920023679733,-0.004741039127111435,0.4748860915890328
train,9600,960730617945844564,98,12.4748268127,12.0766038895,1,True,0,-0.006143726408481598,-0.09741780906915665,0.4771973078267334,0,0.17434683442115784,-0.15332096815109253,0.4188081906841567
train,9613,6747342141237514862,99,14.7533817291,14.8360652924,0,True,1,-0.16999070346355438,0.0684531107544899,0.5593301161817132,1,-0.1989780068397522,0.05549497529864311,0.563277146301116
train,9625,1615492644289629196,99,9.9412479401,10.1850976944,0,True,0,0.12161596119403839,-0.17851419746875763,0.42552566512972284,0,0.10134690254926682,0.011717446148395538,0.47760762454243194
train,9631,2349263890644124335,99,7.3320965767,7.3852562904,0,True,1,-0.15721631050109863,0.1492922306060791,0.5760328076531364,0,0.011777274310588837,-0.12074504792690277,0.46691782150055805
train,9634,1005131626914813425,99,14.9473972321,15.5164527893,0,True,0,-0.03413371741771698,-0.11010633409023285,0.4810159760136272,0,0.048117704689502716,0.030939053744077682,0.4957054428756062
train,9648,8703182621951495572,99,11.1341457367,10.7685489655,1,True,1,-0.30523157119750977,0.23096857964992523,0.6309280340835114,1,-0.3778330683708191,0.22753103077411652,0.6468825665386682
train,9650,3309675305234120202,99,11.0806007385,11.1559562683,0,True,0,0.03858207166194916,-0.1379757523536682,0.45597484972830304,1,-0.06074583902955055,0.11992248892784119,0.5450446232965049
train,9657,1699188175706374489,99,12.0166625977,11.7382936478,1,True,1,-0.22480516135692596,-0.011975303292274475,0.5530075272395256,1,-0.1679530143737793,0.05234789475798607,0.554853558207015
train,9662,3911274839384843222,99,8.3273305893,8.2764024734,1,True,0,0.02230759710073471,-0.10704736411571503,0.4677062772569629,1,-0.023877419531345367,0.01779802143573761,0.5104173525104713
train,9669,53097209367995689,99,11.5581197739,11.4284963608,1,True,0,-0.02741653472185135,-0.15072129666805267,0.4692128071708049,1,-0.23120185732841492,0.07651640474796295,0.5763282173058669
train,9674,5105203387727141049,99,13.5846939087,13.7627592087,0,True,0,-0.014620110392570496,-0.11266307532787323,0.47550887387919116,1,-0.06544426828622818,0.08061031997203827,0.5364488763105917
train,9686,5192440162643656365,99,9.6089935303,9.7639255524,0,True,1,-0.3405308723449707,0.14377376437187195,0.6187638355252305,1,-0.3706342875957489,0.36802539229393005,0.6767026956306702
train,9702,2104433076868108597,99,6.6061134338,6.4810714722,1,True,1,-0.35088974237442017,0.3971630334854126,0.6787542608306292,1,-0.7110656499862671,0.6666536927223206,0.7986244669164128
train,9703,83140499983493541,99,10.6372928619,10.9358453751,0,True,0,-0.02946660667657852,-0.08515019714832306,0.4860826982672471,1,-0.002938978374004364,0.1337517648935318,0.5341195771498292
train,9735,7370956999580103738,99,12.4397192001,12.4518079758,0,True,0,0.03224172443151474,-0.09900069981813431,0.46723640868414834,0,0.07087274640798569,0.0005704276263713837,0.4824316555475555
train,9747,5453464557113173736,99,9.8347434998,9.3754081726,1,True,0,0.1471354216337204,-0.29396289587020874,0.39147929331843484,0,0.1508347988128662,-0.3279859721660614,0.3825306216295582
train,9766,7314460158023206088,99,14.6847677231,14.7336883545,0,True,1,-0.12115173041820526,-0.007153801620006561,0.5284686584383377,1,-0.19839513301849365,0.1252288520336151,0.580207190292157
train,9772,892812549177450603,99,16.2381305695,15.6131916046,1,True,0,0.051870569586753845,-0.16058586537837982,0.4470847811179972,1,-0.07318602502346039,-0.05000287666916847,0.505795527519668
train,9781,4719789259750063621,99,11.981297493,12.1726732254,0,True,0,-0.04116293787956238,-0.04873604327440262,0.4981067326998251,1,0.04731946438550949,0.06053273007273674,0.5033032683620373
train,9783,673648903998420537,99,20.6998195648,20.2089958191,1,True,1,-0.45376068353652954,0.35493743419647217,0.691832011719437,1,-1.1031967401504517,0.6746723651885986,0.855433544105876
train,9803,5636783763518313205,99,13.6614322662,13.6374692917,1,True,0,-0.0017254054546356201,-0.13382939994335175,0.46702194704658545,0,0.04644540697336197,-0.04189085587859154,0.4779302837970149
train,9821,6707088999524245171,100,15.0065259933,15.3994579315,0,True,0,0.0425197035074234,-0.14860928058624268,0.45236268283988784,1,0.006615966558456421,0.033894818276166916,0.5068192900615445
train,9839,2007439211022715802,100,13.1398906708,13.2364578247,0,True,0,0.028092071413993835,-0.15612633526325226,0.45407520187235645,1,-0.02264835685491562,0.055101510137319565,0.5194276809719492
train,9840,2952611205444611099,100,13.6817703247,13.540353775,1,True,0,-0.03525049239397049,-0.06466294825077057,0.49264741608362767,1,-0.1287727952003479,0.12822097539901733,0.5638971509621067
train,9841,8903106221662463827,100,8.5082817078,8.4480848312,1,True,0,-0.06141814962029457,-0.16425378620624542,0.47431372325610305,0,0.0770464763045311,-0.06153227016329765,0.46541065036189977
train,9844,5435772290210840882,100,14.0344104767,13.8634033203,1,True,0,-0.023742489516735077,-0.08666954189538956,0.48427342608840157,0,0.11687936633825302,-0.07489274442195892,0.4522033655160596
train,9851,2375133958997253354,100,11.2775878906,10.6596832275,1,True,1,-0.34835487604141235,0.2546005845069885,0.6463321775805052,1,-1.0554819107055664,0.7963334321975708,0.8643401041830201
train,9852,6873412296351644245,100,10.97742939,11.2041921616,0,True,0,0.0564240962266922,-0.12110061198472977,0.45573501293556834,0,0.06396526843309402,-0.051391031593084335,0.4711928628077036
train,9863,9159062559043133687,100,9.2814445496,9.5851049423,0,True,0,-0.011049441993236542,-0.12279268354177475,0.4720932218579694,0,0.06962495297193527,-0.07757654786109924,0.4632659311960365
train,9875,883356586963494595,100,11.7427005768,11.7274665833,1,True,0,-0.01854322850704193,-0.0817565992474556,0.4842019176341642,1,0.037057340145111084,0.05573276802897453,0.5046687212786362
train,9916,438475326978869115,100,14.6089944839,14.694527626,0,True,1,-0.14018863439559937,-0.02507096529006958,0.528747677081816,1,-0.310007780790329,0.16191773116588593,0.6158393978757939
train,9923,4424607578014531840,100,12.7758646011,13.3475646973,0,True,1,-0.1751374453306198,-0.07749828696250916,0.5243904156937262,1,-0.11004779487848282,-0.0726890116930008,0.5093386096800979
train,9933,8546900961021486828,100,12.3934717178,12.1857185364,1,True,0,0.11737798154354095,-0.18653662502765656,0.42460080508529613,0,0.09034789353609085,-0.1357204020023346,0.44372240321287965
train,9941,1635400281582725196,100,11.6308670044,12.0563793182,0,True,0,0.04762957990169525,-0.15992946922779083,0.4482957261882671,0,0.0335991233587265,0.015049483627080917,0.49536272303604406
train,9948,7683325962907835535,100,8.2737178802,8.4336738586,0,True,0,0.15393799543380737,-0.24541659653186798,0.401467415975186,1,-0.11905862390995026,0.06988467276096344,0.5470957991480319
train,9950,88941106066261150,100,11.5931472778,11.2646865845,1,True,0,-0.05465522035956383,-0.08819785714149475,0.4916151269474254,1,0.030524708330631256,0.08899375796318054,0.5146130995805523
train,9954,7748304999431261473,100,15.778468132,15.4996557236,1,True,0,-0.02975049987435341,-0.10166051238775253,0.48203023974827375,0,-0.006553903222084045,-0.010733958333730698,0.49895498774370073
train,9955,3807335957908158732,100,9.5252285004,9.3651256561,1,True,1,-0.4064785838127136,0.1981619894504547,0.6467172772102975,1,-0.7267628908157349,0.6947073936462402,0.8055688071549203
train,9956,7444758999732235213,100,8.6484680176,8.5320806503,1,True,0,0.01516464352607727,-0.08552093803882599,0.47484984783968803,1,-0.1426476091146469,0.14098034799098969,0.5704354406237626
train,9980,2302302507498124488,100,13.8304157257,13.6699647903,1,True,0,-0.00716795027256012,-0.09015538543462753,0.47926503983510627,1,-0.12812736630439758,0.20146797597408295,0.58166091412847
train,9981,1789192914741873933,100,10.0074729919,10.3292808533,0,True,1,-0.16826115548610687,-0.04340723156929016,0.5311729964689399,1,-0.1771242618560791,0.18696781992912292,0.5900306494892691
