/public/home/shiys/0selection2/code/V4/train.py:725: FutureWarning: `torch.cuda.amp.GradScaler(args...)` is deprecated. Please use `torch.amp.GradScaler('cuda', args...)` instead.
  scaler = torch.cuda.amp.GradScaler(enabled=args.amp)
[cache] TSP/train: 10000 instances, 45.0 MiB on cuda:0
[cache] CVRP/train: 10000 instances, 83.3 MiB on cuda:0
[cache] ATSP/train: 10000 instances, 384.5 MiB on cuda:0
[cache] OVRP/train: 10000 instances, 33.9 MiB on cuda:0
[cache] VRPB/train: 10000 instances, 33.9 MiB on cuda:0
[cache] VRPL/train: 10000 instances, 33.9 MiB on cuda:0
[cache] VRPTW/train: 10000 instances, 33.9 MiB on cuda:0
[cache] OVRPTW/train: 10000 instances, 33.9 MiB on cuda:0
[cache] OVRPB/train: 10000 instances, 33.9 MiB on cuda:0
[cache] OVRPL/train: 10000 instances, 33.9 MiB on cuda:0
[cache] VRPBL/train: 10000 instances, 33.9 MiB on cuda:0
[cache] VRPBTW/train: 10000 instances, 33.9 MiB on cuda:0
[cache] VRPLTW/train: 10000 instances, 33.9 MiB on cuda:0
[cache] OVRPBL/train: 10000 instances, 33.9 MiB on cuda:0
[cache] OVRPBTW/train: 10000 instances, 33.9 MiB on cuda:0
[cache] OVRPLTW/train: 10000 instances, 33.9 MiB on cuda:0
[cache] VRPBLTW/train: 10000 instances, 33.9 MiB on cuda:0
[cache] OVRPBLTW/train: 10000 instances, 33.9 MiB on cuda:0
[train] V4 dual-stream joint encoder + instance-query solver decoder (logits only)
[train] problems=['TSP', 'CVRP', 'ATSP', 'OVRP', 'VRPB', 'VRPL', 'VRPTW', 'OVRPTW', 'OVRPB', 'OVRPL', 'VRPBL', 'VRPBTW', 'VRPLTW', 'OVRPBL', 'OVRPBTW', 'OVRPLTW', 'VRPBLTW', 'OVRPBLTW']
[train] model_params={'embedding_dim': 128, 'head_num': 4, 'qkv_dim': 32, 'ff_hidden_dim': 512, 'head_hidden_dim': 256, 'encoder_layer_num': 4, 'solver_set_layer_num': 2, 'query_num': 4, 'dropout': 0.1, 'stats_dim': 12, 'rezero': False, 'gap_score_weight': 0.0, 'pre_score_weight': 0.0, 'support_branch': False, 'support_generators': 0, 'support_hidden': 128, 'support_score_weight': 0.0, 'support_score_mode': 'g0', 'support_g0_as_main': False, 'support_feature_to_token': True, 'support_main_utility_weight': 0.0, 'support_main_pre_weight': 0.0, 'support_main_gap_weight': 0.0, 'solver_feature_spec': {'feature_dim': 34, 'index_base': 0, 'feature_order': ['构造式', '扩散式', '坐标与节点属性', '成本矩阵', '图与边', 'MHA／Transformer', 'GNN', '矩阵双流注意力', '静态编码复用', '动态状态更新', '动态局部更新', '迭代去噪', '实例条件', '属性条件', '约束条件', '元学习任务条件', 'FFN 专家', 'LoRA 专家', '监督学习', '强化学习', '扩散训练', '单任务', '多任务', '元学习', '子问题重编码', '重解码器', '梯度引导搜索', '全局—局部双策略', '近邻成本输入', '伪 one-hot 输入', '统一矩阵表示', '全局分区与局部重构', '解码器 FFN 残差', '全局属性嵌入'], 'solver_active_indices': {'BQ': [0, 2, 5, 9, 18, 21, 24], 'LEHD': [0, 2, 5, 9, 18, 21, 25], 'DIFUSCO': [1, 4, 6, 11, 20, 21], 'DIFUSCO500': [1, 4, 6, 11, 20, 21], 'T2T': [1, 4, 6, 11, 20, 21, 26], 'T2T500': [1, 4, 6, 11, 20, 21, 26], 'ELG': [0, 2, 5, 8, 10, 19, 21, 27], 'OMNI': [0, 2, 5, 8, 15, 19, 23], 'ICAM': [0, 2, 5, 8, 12, 19, 21], 'ICAM_ATSP': [0, 3, 7, 8, 12, 19, 21, 28], 'MATNET': [0, 3, 7, 8, 19, 21], 'MATPOENET': [0, 3, 7, 8, 19, 21, 29], 'UNICO_MatPOENet': [0, 3, 7, 8, 19, 22, 29, 30], 'GLOP': [0, 3, 4, 6, 7, 19, 31], 'MTPOMO': [0, 2, 5, 8, 13, 19, 22], 'MVMOE': [0, 2, 5, 8, 13, 16, 19, 22], 'RELD_CVRP': [0, 2, 5, 8, 19, 21, 32], 'RELD_MTL': [0, 2, 5, 8, 13, 19, 22, 32], 'RELD_MOEL': [0, 2, 5, 8, 13, 16, 19, 22, 32], 'RouteFinder': [0, 2, 5, 8, 13, 19, 22, 33], 'MoSES_RF': [0, 2, 5, 8, 13, 17, 22, 33], 'MoSES_CaDA': [0, 2, 5, 8, 14, 17, 22]}, 'solver_names': ['BQ', 'DIFUSCO', 'DIFUSCO500', 'ELG', 'GLOP', 'ICAM', 'ICAM_ATSP', 'LEHD', 'MATNET', 'MATPOENET', 'MTPOMO', 'MVMOE', 'MoSES_CaDA', 'MoSES_RF', 'OMNI', 'RELD_CVRP', 'RELD_MOEL', 'RELD_MTL', 'RouteFinder', 'T2T', 'T2T500', 'UNICO_MatPOENet']}, 'solver_feature_weight': 1.0, 'solver_feature_hidden': 128, 'sdpa': True, 'architecture': 'dual_stream', 'joint_layer_num': 2, 'ignore_coord_dist': True, 'native_winner': True}
wandb: Tracking run with wandb version 0.19.11
wandb: W&B syncing is set to `offline` in this directory. Run `wandb online` or set WANDB_MODE=online to enable cloud syncing.
/public/home/shiys/0selection2/code/V4/train.py:853: FutureWarning: `torch.cuda.amp.autocast(args...)` is deprecated. Please use `torch.amp.autocast('cuda', args...)` instead.
  with torch.cuda.amp.autocast(enabled=args.amp, dtype=amp_dtype):
ep000 step000050 loss=0.6114 ce=1.7470 samples/s=8339 peak_GiB=17.27 time=0.1m
ep000 step000100 loss=0.5922 ce=1.6919 samples/s=7581 peak_GiB=17.27 time=0.1m
ep000 step000150 loss=0.5844 ce=1.6697 samples/s=9034 peak_GiB=17.27 time=0.2m
ep000 step000200 loss=0.5806 ce=1.6587 samples/s=7020 peak_GiB=17.27 time=0.3m
ep000 step000250 loss=0.5735 ce=1.6386 samples/s=9957 peak_GiB=17.27 time=0.3m
[epoch done 0] loss=0.57259 lr=6.7e-05 updates=270 skipped=0 grad=0.5837641954421997
[cache] TSP/val: 1000 instances, 4.5 MiB on cuda:0
[cache] CVRP/val: 1000 instances, 8.3 MiB on cuda:0
[cache] ATSP/val: 1000 instances, 38.4 MiB on cuda:0
[cache] OVRP/val: 1000 instances, 3.4 MiB on cuda:0
[cache] VRPB/val: 1000 instances, 3.4 MiB on cuda:0
[cache] VRPL/val: 1000 instances, 3.4 MiB on cuda:0
[cache] VRPTW/val: 1000 instances, 3.4 MiB on cuda:0
[cache] OVRPTW/val: 1000 instances, 3.4 MiB on cuda:0
[cache] OVRPB/val: 1000 instances, 3.4 MiB on cuda:0
[cache] OVRPL/val: 1000 instances, 3.4 MiB on cuda:0
[cache] VRPBL/val: 1000 instances, 3.4 MiB on cuda:0
[cache] VRPBTW/val: 1000 instances, 3.4 MiB on cuda:0
[cache] VRPLTW/val: 1000 instances, 3.4 MiB on cuda:0
[cache] OVRPBL/val: 1000 instances, 3.4 MiB on cuda:0
[cache] OVRPBTW/val: 1000 instances, 3.4 MiB on cuda:0
[cache] OVRPLTW/val: 1000 instances, 3.4 MiB on cuda:0
[cache] VRPBLTW/val: 1000 instances, 3.4 MiB on cuda:0
[cache] OVRPBLTW/val: 1000 instances, 3.4 MiB on cuda:0
[eval epoch 0] macro_top1=0.3618 top2=0.6573 top3=0.7558 vs_sbs=+0.355% vbs_closed=-39.06%
       TSP: top1=0.297 mean_cost=7.9953 (sbs=7.9578) vs_sbs=+0.47%
      CVRP: top1=0.219 mean_cost=18.2943 (sbs=18.2943) vs_sbs=-0.00%
      ATSP: top1=0.480 mean_cost=1.6735 (sbs=1.6735) vs_sbs=-0.00%
      OVRP: top1=0.085 mean_cost=7.5915 (sbs=7.4617) vs_sbs=+1.74%
      VRPB: top1=0.504 mean_cost=9.3403 (sbs=9.3403) vs_sbs=+0.00%
      VRPL: top1=0.117 mean_cost=12.5087 (sbs=12.4072) vs_sbs=+0.82%
     VRPTW: top1=0.236 mean_cost=18.8505 (sbs=18.6571) vs_sbs=+1.04%
    OVRPTW: top1=0.476 mean_cost=10.0484 (sbs=10.0484) vs_sbs=+0.00%
     OVRPB: top1=0.545 mean_cost=6.3220 (sbs=6.3220) vs_sbs=+0.00%
     OVRPL: top1=0.068 mean_cost=7.5832 (sbs=7.4376) vs_sbs=+1.96%
     VRPBL: top1=0.528 mean_cost=9.3593 (sbs=9.3593) vs_sbs=+0.00%
    VRPBTW: top1=0.372 mean_cost=19.6697 (sbs=19.6697) vs_sbs=+0.00%
    VRPLTW: top1=0.257 mean_cost=18.5770 (sbs=18.5091) vs_sbs=+0.37%
    OVRPBL: top1=0.555 mean_cost=6.3103 (sbs=6.3103) vs_sbs=+0.00%
   OVRPBTW: top1=0.461 mean_cost=10.5068 (sbs=10.5068) vs_sbs=-0.00%
   OVRPLTW: top1=0.494 mean_cost=10.1272 (sbs=10.1272) vs_sbs=-0.00%
   VRPBLTW: top1=0.347 mean_cost=19.5198 (sbs=19.5198) vs_sbs=-0.00%
  OVRPBLTW: top1=0.471 mean_cost=10.5412 (sbs=10.5412) vs_sbs=-0.00%
[save] best.pt epoch=0 score=0.2730
[save] best_top1.pt epoch=0 top1=0.3618
[save] best_top3_safe.pt epoch=0 score=0.6670
[save] best_cost.pt epoch=0 vs_sbs=+0.355%
ep001 step000300 loss=0.5566 ce=1.5903 samples/s=3081 peak_GiB=17.37 time=0.5m
ep001 step000350 loss=0.5477 ce=1.5649 samples/s=8232 peak_GiB=17.37 time=0.6m
ep001 step000400 loss=0.5467 ce=1.5620 samples/s=9016 peak_GiB=17.37 time=0.6m
ep001 step000450 loss=0.5321 ce=1.5202 samples/s=8989 peak_GiB=17.37 time=0.7m
ep001 step000500 loss=0.5218 ce=1.4910 samples/s=9009 peak_GiB=17.37 time=0.7m
[epoch done 1] loss=0.51502 lr=0.00013 updates=540 skipped=0 grad=0.4715379476547241
[eval epoch 1] macro_top1=0.4082 top2=0.7414 top3=0.8558 vs_sbs=+0.002% vbs_closed=+0.05%
       TSP: top1=0.297 mean_cost=7.9953 (sbs=7.9578) vs_sbs=+0.47%
      CVRP: top1=0.219 mean_cost=18.2943 (sbs=18.2943) vs_sbs=-0.00%
      ATSP: top1=0.666 mean_cost=1.6426 (sbs=1.6735) vs_sbs=-1.85%
      OVRP: top1=0.302 mean_cost=7.4617 (sbs=7.4617) vs_sbs=+0.00%
      VRPB: top1=0.504 mean_cost=9.3403 (sbs=9.3403) vs_sbs=+0.00%
      VRPL: top1=0.276 mean_cost=12.4085 (sbs=12.4072) vs_sbs=+0.01%
     VRPTW: top1=0.236 mean_cost=18.8505 (sbs=18.6571) vs_sbs=+1.04%
    OVRPTW: top1=0.483 mean_cost=10.0479 (sbs=10.0484) vs_sbs=-0.00%
     OVRPB: top1=0.545 mean_cost=6.3220 (sbs=6.3220) vs_sbs=+0.00%
     OVRPL: top1=0.334 mean_cost=7.4376 (sbs=7.4376) vs_sbs=+0.00%
     VRPBL: top1=0.528 mean_cost=9.3593 (sbs=9.3593) vs_sbs=+0.00%
    VRPBTW: top1=0.372 mean_cost=19.6697 (sbs=19.6697) vs_sbs=+0.00%
    VRPLTW: top1=0.257 mean_cost=18.5770 (sbs=18.5091) vs_sbs=+0.37%
    OVRPBL: top1=0.555 mean_cost=6.3103 (sbs=6.3103) vs_sbs=+0.00%
   OVRPBTW: top1=0.461 mean_cost=10.5068 (sbs=10.5068) vs_sbs=-0.00%
   OVRPLTW: top1=0.494 mean_cost=10.1272 (sbs=10.1272) vs_sbs=-0.00%
   VRPBLTW: top1=0.347 mean_cost=19.5198 (sbs=19.5198) vs_sbs=-0.00%
  OVRPBLTW: top1=0.471 mean_cost=10.5412 (sbs=10.5412) vs_sbs=-0.00%
[save] best.pt epoch=1 score=0.4077
[save] best_top1.pt epoch=1 top1=0.4082
[save] best_top3_safe.pt epoch=1 score=0.8554
[save] best_cost.pt epoch=1 vs_sbs=+0.002%
ep002 step000550 loss=0.4719 ce=1.3482 samples/s=5706 peak_GiB=17.37 time=0.8m
ep002 step000600 loss=0.4677 ce=1.3363 samples/s=9025 peak_GiB=17.37 time=0.9m
ep002 step000650 loss=0.4696 ce=1.3418 samples/s=9012 peak_GiB=17.37 time=1.0m
ep002 step000700 loss=0.4654 ce=1.3298 samples/s=9927 peak_GiB=17.37 time=1.0m
ep002 step000750 loss=0.4666 ce=1.3331 samples/s=7581 peak_GiB=17.37 time=1.1m
ep002 step000800 loss=0.4666 ce=1.3332 samples/s=8219 peak_GiB=17.37 time=1.1m
[epoch done 2] loss=0.46582 lr=0.0002 updates=810 skipped=0 grad=0.24504758417606354
[eval epoch 2] macro_top1=0.4066 top2=0.7497 top3=0.8619 vs_sbs=+0.078% vbs_closed=-4.85%
       TSP: top1=0.297 mean_cost=7.9953 (sbs=7.9578) vs_sbs=+0.47%
      CVRP: top1=0.283 mean_cost=18.3977 (sbs=18.2943) vs_sbs=+0.57%
      ATSP: top1=0.563 mean_cost=1.6559 (sbs=1.6735) vs_sbs=-1.05%
      OVRP: top1=0.302 mean_cost=7.4617 (sbs=7.4617) vs_sbs=+0.00%
      VRPB: top1=0.504 mean_cost=9.3403 (sbs=9.3403) vs_sbs=+0.00%
      VRPL: top1=0.276 mean_cost=12.4085 (sbs=12.4072) vs_sbs=+0.01%
     VRPTW: top1=0.236 mean_cost=18.8505 (sbs=18.6571) vs_sbs=+1.04%
    OVRPTW: top1=0.483 mean_cost=10.0468 (sbs=10.0484) vs_sbs=-0.02%
     OVRPB: top1=0.545 mean_cost=6.3220 (sbs=6.3220) vs_sbs=+0.00%
     OVRPL: top1=0.334 mean_cost=7.4376 (sbs=7.4376) vs_sbs=+0.00%
     VRPBL: top1=0.528 mean_cost=9.3593 (sbs=9.3593) vs_sbs=+0.00%
    VRPBTW: top1=0.372 mean_cost=19.6697 (sbs=19.6697) vs_sbs=+0.00%
    VRPLTW: top1=0.257 mean_cost=18.5770 (sbs=18.5091) vs_sbs=+0.37%
    OVRPBL: top1=0.555 mean_cost=6.3103 (sbs=6.3103) vs_sbs=+0.00%
   OVRPBTW: top1=0.476 mean_cost=10.5081 (sbs=10.5068) vs_sbs=+0.01%
   OVRPLTW: top1=0.488 mean_cost=10.1289 (sbs=10.1272) vs_sbs=+0.02%
   VRPBLTW: top1=0.347 mean_cost=19.5198 (sbs=19.5198) vs_sbs=-0.00%
  OVRPBLTW: top1=0.472 mean_cost=10.5412 (sbs=10.5412) vs_sbs=-0.00%
ep003 step000850 loss=0.4554 ce=1.3011 samples/s=6916 peak_GiB=17.37 time=1.2m
ep003 step000900 loss=0.4565 ce=1.3044 samples/s=8227 peak_GiB=17.37 time=1.3m
ep003 step000950 loss=0.4554 ce=1.3012 samples/s=8250 peak_GiB=17.37 time=1.3m
ep003 step001000 loss=0.4579 ce=1.3083 samples/s=9022 peak_GiB=17.37 time=1.4m
ep003 step001050 loss=0.4566 ce=1.3046 samples/s=8228 peak_GiB=17.37 time=1.5m
[epoch done 3] loss=0.45487 lr=0.0002 updates=1080 skipped=0 grad=0.22797632217407227
[eval epoch 3] macro_top1=0.4104 top2=0.7526 top3=0.8732 vs_sbs=-0.142% vbs_closed=+1.71%
       TSP: top1=0.297 mean_cost=7.9953 (sbs=7.9578) vs_sbs=+0.47%
      CVRP: top1=0.273 mean_cost=18.3005 (sbs=18.2943) vs_sbs=+0.03%
      ATSP: top1=0.573 mean_cost=1.6545 (sbs=1.6735) vs_sbs=-1.14%
      OVRP: top1=0.302 mean_cost=7.4617 (sbs=7.4617) vs_sbs=+0.00%
      VRPB: top1=0.504 mean_cost=9.3403 (sbs=9.3403) vs_sbs=+0.00%
      VRPL: top1=0.276 mean_cost=12.4085 (sbs=12.4072) vs_sbs=+0.01%
     VRPTW: top1=0.257 mean_cost=18.6448 (sbs=18.6571) vs_sbs=-0.07%
    OVRPTW: top1=0.476 mean_cost=10.0484 (sbs=10.0484) vs_sbs=+0.00%
     OVRPB: top1=0.545 mean_cost=6.3220 (sbs=6.3220) vs_sbs=+0.00%
     OVRPL: top1=0.334 mean_cost=7.4376 (sbs=7.4376) vs_sbs=+0.00%
     VRPBL: top1=0.528 mean_cost=9.3593 (sbs=9.3593) vs_sbs=+0.00%
    VRPBTW: top1=0.375 mean_cost=19.6137 (sbs=19.6697) vs_sbs=-0.29%
    VRPLTW: top1=0.318 mean_cost=18.2478 (sbs=18.5091) vs_sbs=-1.41%
    OVRPBL: top1=0.555 mean_cost=6.3103 (sbs=6.3103) vs_sbs=+0.00%
   OVRPBTW: top1=0.461 mean_cost=10.5068 (sbs=10.5068) vs_sbs=-0.00%
   OVRPLTW: top1=0.494 mean_cost=10.1272 (sbs=10.1272) vs_sbs=-0.00%
   VRPBLTW: top1=0.348 mean_cost=19.4852 (sbs=19.5198) vs_sbs=-0.18%
  OVRPBLTW: top1=0.471 mean_cost=10.5412 (sbs=10.5412) vs_sbs=-0.00%
[save] best.pt epoch=3 score=0.4104
[save] best_top1.pt epoch=3 top1=0.4104
[save] best_top3_safe.pt epoch=3 score=0.8732
[save] best_cost.pt epoch=3 vs_sbs=-0.142%
ep004 step001100 loss=0.4502 ce=1.2862 samples/s=6499 peak_GiB=17.37 time=1.6m
ep004 step001150 loss=0.4519 ce=1.2911 samples/s=8241 peak_GiB=17.37 time=1.6m
ep004 step001200 loss=0.4508 ce=1.2879 samples/s=9016 peak_GiB=17.37 time=1.7m
ep004 step001250 loss=0.4456 ce=1.2731 samples/s=8996 peak_GiB=17.37 time=1.7m
ep004 step001300 loss=0.4476 ce=1.2789 samples/s=7549 peak_GiB=17.37 time=1.8m
ep004 step001350 loss=0.4461 ce=1.2747 samples/s=8997 peak_GiB=17.37 time=1.9m
[epoch done 4] loss=0.44613 lr=0.0002 updates=1350 skipped=0 grad=0.23034019768238068
[eval epoch 4] macro_top1=0.4185 top2=0.7634 top3=0.8771 vs_sbs=-0.236% vbs_closed=+4.31%
       TSP: top1=0.296 mean_cost=7.9821 (sbs=7.9578) vs_sbs=+0.31%
      CVRP: top1=0.259 mean_cost=18.3009 (sbs=18.2943) vs_sbs=+0.04%
      ATSP: top1=0.688 mean_cost=1.6398 (sbs=1.6735) vs_sbs=-2.01%
      OVRP: top1=0.290 mean_cost=7.4673 (sbs=7.4617) vs_sbs=+0.08%
      VRPB: top1=0.504 mean_cost=9.3403 (sbs=9.3403) vs_sbs=+0.00%
      VRPL: top1=0.283 mean_cost=12.4072 (sbs=12.4072) vs_sbs=-0.00%
     VRPTW: top1=0.278 mean_cost=18.6024 (sbs=18.6571) vs_sbs=-0.29%
    OVRPTW: top1=0.476 mean_cost=10.0484 (sbs=10.0484) vs_sbs=+0.00%
     OVRPB: top1=0.545 mean_cost=6.3220 (sbs=6.3220) vs_sbs=+0.00%
     OVRPL: top1=0.350 mean_cost=7.4443 (sbs=7.4376) vs_sbs=+0.09%
     VRPBL: top1=0.528 mean_cost=9.3593 (sbs=9.3593) vs_sbs=+0.00%
    VRPBTW: top1=0.375 mean_cost=19.6135 (sbs=19.6697) vs_sbs=-0.29%
    VRPLTW: top1=0.314 mean_cost=18.2825 (sbs=18.5091) vs_sbs=-1.22%
    OVRPBL: top1=0.555 mean_cost=6.3103 (sbs=6.3103) vs_sbs=+0.00%
   OVRPBTW: top1=0.461 mean_cost=10.5068 (sbs=10.5068) vs_sbs=-0.00%
   OVRPLTW: top1=0.494 mean_cost=10.1272 (sbs=10.1272) vs_sbs=-0.00%
   VRPBLTW: top1=0.366 mean_cost=19.3372 (sbs=19.5198) vs_sbs=-0.94%
  OVRPBLTW: top1=0.471 mean_cost=10.5412 (sbs=10.5412) vs_sbs=-0.00%
[save] best.pt epoch=4 score=0.4185
[save] best_top1.pt epoch=4 top1=0.4185
[save] best_top3_safe.pt epoch=4 score=0.8771
[save] best_cost.pt epoch=4 vs_sbs=-0.236%
[train_eval epoch 4] macro_top1=0.4174 top2=0.7608 top3=0.8771 vs_sbs=-0.253% vbs_closed=+4.07%
       TSP: top1=0.315 mean_cost=8.0708 (sbs=8.0483) vs_sbs=+0.28%
      CVRP: top1=0.242 mean_cost=18.0919 (sbs=18.0705) vs_sbs=+0.12%
      ATSP: top1=0.680 mean_cost=1.6456 (sbs=1.6795) vs_sbs=-2.01%
      OVRP: top1=0.318 mean_cost=7.4663 (sbs=7.4591) vs_sbs=+0.10%
      VRPB: top1=0.513 mean_cost=9.3166 (sbs=9.3165) vs_sbs=+0.00%
      VRPL: top1=0.266 mean_cost=12.3975 (sbs=12.3957) vs_sbs=+0.01%
     VRPTW: top1=0.299 mean_cost=18.4887 (sbs=18.5949) vs_sbs=-0.57%
    OVRPTW: top1=0.469 mean_cost=10.1037 (sbs=10.1037) vs_sbs=+0.00%
     OVRPB: top1=0.538 mean_cost=6.3216 (sbs=6.3216) vs_sbs=+0.00%
     OVRPL: top1=0.340 mean_cost=7.4586 (sbs=7.4526) vs_sbs=+0.08%
     VRPBL: top1=0.501 mean_cost=9.3209 (sbs=9.3209) vs_sbs=-0.00%
    VRPBTW: top1=0.367 mean_cost=19.6270 (sbs=19.6924) vs_sbs=-0.33%
    VRPLTW: top1=0.313 mean_cost=18.4302 (sbs=18.6720) vs_sbs=-1.29%
    OVRPBL: top1=0.541 mean_cost=6.3079 (sbs=6.3079) vs_sbs=-0.00%
   OVRPBTW: top1=0.474 mean_cost=10.5894 (sbs=10.5894) vs_sbs=-0.00%
   OVRPLTW: top1=0.476 mean_cost=10.1136 (sbs=10.1136) vs_sbs=+0.00%
   VRPBLTW: top1=0.376 mean_cost=19.4824 (sbs=19.6661) vs_sbs=-0.93%
  OVRPBLTW: top1=0.485 mean_cost=10.5476 (sbs=10.5476) vs_sbs=-0.00%
/public/home/shiys/0selection2/code/V4/train.py:853: FutureWarning: `torch.cuda.amp.autocast(args...)` is deprecated. Please use `torch.amp.autocast('cuda', args...)` instead.
  with torch.cuda.amp.autocast(enabled=args.amp, dtype=amp_dtype):
ep005 step001400 loss=0.4480 ce=1.2801 samples/s=2036 peak_GiB=17.37 time=2.1m
ep005 step001450 loss=0.4440 ce=1.2685 samples/s=9947 peak_GiB=17.37 time=2.2m
ep005 step001500 loss=0.4426 ce=1.2646 samples/s=8231 peak_GiB=17.37 time=2.2m
ep005 step001550 loss=0.4420 ce=1.2629 samples/s=8239 peak_GiB=17.37 time=2.3m
ep005 step001600 loss=0.4424 ce=1.2641 samples/s=8240 peak_GiB=17.37 time=2.4m
[epoch done 5] loss=0.44223 lr=0.0002 updates=1620 skipped=0 grad=0.28434571623802185
[eval epoch 5] macro_top1=0.4172 top2=0.7566 top3=0.8654 vs_sbs=-0.076% vbs_closed=-0.69%
       TSP: top1=0.299 mean_cost=7.9924 (sbs=7.9578) vs_sbs=+0.43%
      CVRP: top1=0.306 mean_cost=18.3720 (sbs=18.2943) vs_sbs=+0.42%
      ATSP: top1=0.700 mean_cost=1.6380 (sbs=1.6735) vs_sbs=-2.12%
      OVRP: top1=0.330 mean_cost=7.4654 (sbs=7.4617) vs_sbs=+0.05%
      VRPB: top1=0.516 mean_cost=9.3378 (sbs=9.3403) vs_sbs=-0.03%
      VRPL: top1=0.276 mean_cost=12.4085 (sbs=12.4072) vs_sbs=+0.01%
     VRPTW: top1=0.235 mean_cost=18.7857 (sbs=18.6571) vs_sbs=+0.69%
    OVRPTW: top1=0.480 mean_cost=10.0465 (sbs=10.0484) vs_sbs=-0.02%
     OVRPB: top1=0.523 mean_cost=6.3261 (sbs=6.3220) vs_sbs=+0.07%
     OVRPL: top1=0.349 mean_cost=7.4438 (sbs=7.4376) vs_sbs=+0.08%
     VRPBL: top1=0.530 mean_cost=9.3579 (sbs=9.3593) vs_sbs=-0.01%
    VRPBTW: top1=0.373 mean_cost=19.6399 (sbs=19.6697) vs_sbs=-0.15%
    VRPLTW: top1=0.270 mean_cost=18.3655 (sbs=18.5091) vs_sbs=-0.78%
    OVRPBL: top1=0.554 mean_cost=6.3102 (sbs=6.3103) vs_sbs=-0.00%
   OVRPBTW: top1=0.457 mean_cost=10.5084 (sbs=10.5068) vs_sbs=+0.02%
   OVRPLTW: top1=0.498 mean_cost=10.1232 (sbs=10.1272) vs_sbs=-0.04%
   VRPBLTW: top1=0.343 mean_cost=19.5202 (sbs=19.5198) vs_sbs=+0.00%
  OVRPBLTW: top1=0.470 mean_cost=10.5416 (sbs=10.5412) vs_sbs=+0.00%
ep006 step001650 loss=0.4345 ce=1.2415 samples/s=6927 peak_GiB=17.37 time=2.5m
ep006 step001700 loss=0.4363 ce=1.2466 samples/s=8249 peak_GiB=17.37 time=2.5m
ep006 step001750 loss=0.4406 ce=1.2588 samples/s=7587 peak_GiB=17.37 time=2.6m
ep006 step001800 loss=0.4393 ce=1.2552 samples/s=9961 peak_GiB=17.37 time=2.6m
ep006 step001850 loss=0.4364 ce=1.2469 samples/s=9961 peak_GiB=17.37 time=2.7m
[epoch done 6] loss=0.43754 lr=0.0002 updates=1890 skipped=0 grad=0.2775578200817108
[eval epoch 6] macro_top1=0.4328 top2=0.7767 top3=0.8922 vs_sbs=-0.514% vbs_closed=+8.38%
       TSP: top1=0.299 mean_cost=7.9812 (sbs=7.9578) vs_sbs=+0.29%
      CVRP: top1=0.320 mean_cost=18.3332 (sbs=18.2943) vs_sbs=+0.21%
      ATSP: top1=0.714 mean_cost=1.6378 (sbs=1.6735) vs_sbs=-2.14%
      OVRP: top1=0.303 mean_cost=7.4614 (sbs=7.4617) vs_sbs=-0.00%
      VRPB: top1=0.546 mean_cost=9.3341 (sbs=9.3403) vs_sbs=-0.07%
      VRPL: top1=0.288 mean_cost=12.4064 (sbs=12.4072) vs_sbs=-0.01%
     VRPTW: top1=0.317 mean_cost=18.2547 (sbs=18.6571) vs_sbs=-2.16%
    OVRPTW: top1=0.493 mean_cost=10.0497 (sbs=10.0484) vs_sbs=+0.01%
     OVRPB: top1=0.552 mean_cost=6.3235 (sbs=6.3220) vs_sbs=+0.02%
     OVRPL: top1=0.333 mean_cost=7.4377 (sbs=7.4376) vs_sbs=+0.00%
     VRPBL: top1=0.506 mean_cost=9.3695 (sbs=9.3593) vs_sbs=+0.11%
    VRPBTW: top1=0.368 mean_cost=19.3489 (sbs=19.6697) vs_sbs=-1.63%
    VRPLTW: top1=0.355 mean_cost=17.9726 (sbs=18.5091) vs_sbs=-2.90%
    OVRPBL: top1=0.526 mean_cost=6.3159 (sbs=6.3103) vs_sbs=+0.09%
   OVRPBTW: top1=0.498 mean_cost=10.5115 (sbs=10.5068) vs_sbs=+0.05%
   OVRPLTW: top1=0.484 mean_cost=10.1359 (sbs=10.1272) vs_sbs=+0.09%
   VRPBLTW: top1=0.403 mean_cost=19.2659 (sbs=19.5198) vs_sbs=-1.30%
  OVRPBLTW: top1=0.486 mean_cost=10.5497 (sbs=10.5412) vs_sbs=+0.08%
[save] best.pt epoch=6 score=0.4328
[save] best_top1.pt epoch=6 top1=0.4328
[save] best_top3_safe.pt epoch=6 score=0.8922
[save] best_cost.pt epoch=6 vs_sbs=-0.514%
ep007 step001900 loss=0.4442 ce=1.2692 samples/s=5700 peak_GiB=17.37 time=2.8m
ep007 step001950 loss=0.4343 ce=1.2409 samples/s=9020 peak_GiB=17.37 time=2.8m
ep007 step002000 loss=0.4365 ce=1.2470 samples/s=8240 peak_GiB=17.37 time=2.9m
ep007 step002050 loss=0.4333 ce=1.2380 samples/s=8224 peak_GiB=17.37 time=3.0m
ep007 step002100 loss=0.4327 ce=1.2364 samples/s=9006 peak_GiB=17.37 time=3.0m
ep007 step002150 loss=0.4334 ce=1.2384 samples/s=8231 peak_GiB=17.37 time=3.1m
[epoch done 7] loss=0.43442 lr=0.0002 updates=2160 skipped=0 grad=0.28855088353157043
[eval epoch 7] macro_top1=0.4158 top2=0.7642 top3=0.8787 vs_sbs=-0.398% vbs_closed=+7.07%
       TSP: top1=0.219 mean_cost=7.9399 (sbs=7.9578) vs_sbs=-0.22%
      CVRP: top1=0.276 mean_cost=18.3961 (sbs=18.2943) vs_sbs=+0.56%
      ATSP: top1=0.664 mean_cost=1.6423 (sbs=1.6735) vs_sbs=-1.86%
      OVRP: top1=0.326 mean_cost=7.4665 (sbs=7.4617) vs_sbs=+0.07%
      VRPB: top1=0.504 mean_cost=9.3403 (sbs=9.3403) vs_sbs=+0.00%
      VRPL: top1=0.277 mean_cost=12.4072 (sbs=12.4072) vs_sbs=-0.00%
     VRPTW: top1=0.289 mean_cost=18.3909 (sbs=18.6571) vs_sbs=-1.43%
    OVRPTW: top1=0.464 mean_cost=10.0488 (sbs=10.0484) vs_sbs=+0.00%
     OVRPB: top1=0.545 mean_cost=6.3220 (sbs=6.3220) vs_sbs=+0.00%
     OVRPL: top1=0.331 mean_cost=7.4459 (sbs=7.4376) vs_sbs=+0.11%
     VRPBL: top1=0.529 mean_cost=9.3591 (sbs=9.3593) vs_sbs=-0.00%
    VRPBTW: top1=0.396 mean_cost=19.4112 (sbs=19.6697) vs_sbs=-1.31%
    VRPLTW: top1=0.308 mean_cost=18.1750 (sbs=18.5091) vs_sbs=-1.81%
    OVRPBL: top1=0.555 mean_cost=6.3103 (sbs=6.3103) vs_sbs=+0.00%
   OVRPBTW: top1=0.465 mean_cost=10.5063 (sbs=10.5068) vs_sbs=-0.00%
   OVRPLTW: top1=0.490 mean_cost=10.1277 (sbs=10.1272) vs_sbs=+0.00%
   VRPBLTW: top1=0.373 mean_cost=19.2746 (sbs=19.5198) vs_sbs=-1.26%
  OVRPBLTW: top1=0.474 mean_cost=10.5404 (sbs=10.5412) vs_sbs=-0.01%
ep008 step002200 loss=0.4420 ce=1.2628 samples/s=6940 peak_GiB=17.37 time=3.2m
ep008 step002250 loss=0.4405 ce=1.2586 samples/s=8243 peak_GiB=17.37 time=3.2m
ep008 step002300 loss=0.4382 ce=1.2521 samples/s=8244 peak_GiB=17.37 time=3.3m
ep008 step002350 loss=0.4345 ce=1.2413 samples/s=8232 peak_GiB=17.37 time=3.4m
ep008 step002400 loss=0.4346 ce=1.2416 samples/s=9934 peak_GiB=17.37 time=3.4m
[epoch done 8] loss=0.43380 lr=0.0002 updates=2430 skipped=0 grad=0.27602478861808777
[eval epoch 8] macro_top1=0.4365 top2=0.7783 top3=0.8921 vs_sbs=-0.728% vbs_closed=+12.86%
       TSP: top1=0.326 mean_cost=7.9634 (sbs=7.9578) vs_sbs=+0.07%
      CVRP: top1=0.296 mean_cost=18.4009 (sbs=18.2943) vs_sbs=+0.58%
      ATSP: top1=0.695 mean_cost=1.6403 (sbs=1.6735) vs_sbs=-1.99%
      OVRP: top1=0.302 mean_cost=7.4690 (sbs=7.4617) vs_sbs=+0.10%
      VRPB: top1=0.504 mean_cost=9.3403 (sbs=9.3403) vs_sbs=+0.00%
      VRPL: top1=0.286 mean_cost=12.4065 (sbs=12.4072) vs_sbs=-0.01%
     VRPTW: top1=0.335 mean_cost=18.1184 (sbs=18.6571) vs_sbs=-2.89%
    OVRPTW: top1=0.486 mean_cost=10.0442 (sbs=10.0484) vs_sbs=-0.04%
     OVRPB: top1=0.545 mean_cost=6.3220 (sbs=6.3220) vs_sbs=+0.00%
     OVRPL: top1=0.353 mean_cost=7.4436 (sbs=7.4376) vs_sbs=+0.08%
     VRPBL: top1=0.531 mean_cost=9.3581 (sbs=9.3593) vs_sbs=-0.01%
    VRPBTW: top1=0.415 mean_cost=19.1416 (sbs=19.6697) vs_sbs=-2.69%
    VRPLTW: top1=0.362 mean_cost=17.7934 (sbs=18.5091) vs_sbs=-3.87%
    OVRPBL: top1=0.559 mean_cost=6.3091 (sbs=6.3103) vs_sbs=-0.02%
   OVRPBTW: top1=0.475 mean_cost=10.5007 (sbs=10.5068) vs_sbs=-0.06%
   OVRPLTW: top1=0.480 mean_cost=10.1297 (sbs=10.1272) vs_sbs=+0.02%
   VRPBLTW: top1=0.419 mean_cost=19.0563 (sbs=19.5198) vs_sbs=-2.37%
  OVRPBLTW: top1=0.488 mean_cost=10.5392 (sbs=10.5412) vs_sbs=-0.02%
[save] best.pt epoch=8 score=0.4365
[save] best_top1.pt epoch=8 top1=0.4365
[save] best_cost.pt epoch=8 vs_sbs=-0.728%
ep009 step002450 loss=0.4159 ce=1.1884 samples/s=6158 peak_GiB=17.37 time=3.5m
ep009 step002500 loss=0.4217 ce=1.2048 samples/s=9021 peak_GiB=17.37 time=3.6m
ep009 step002550 loss=0.4226 ce=1.2075 samples/s=8224 peak_GiB=17.37 time=3.6m
ep009 step002600 loss=0.4219 ce=1.2056 samples/s=8233 peak_GiB=17.37 time=3.7m
ep009 step002650 loss=0.4217 ce=1.2050 samples/s=9018 peak_GiB=17.37 time=3.8m
ep009 step002700 loss=0.4207 ce=1.2019 samples/s=8228 peak_GiB=17.37 time=3.8m
[epoch done 9] loss=0.42066 lr=0.0002 updates=2700 skipped=0 grad=0.26954948902130127
[eval epoch 9] macro_top1=0.4388 top2=0.7878 top3=0.8961 vs_sbs=-0.805% vbs_closed=+17.18%
       TSP: top1=0.327 mean_cost=7.9520 (sbs=7.9578) vs_sbs=-0.07%
      CVRP: top1=0.316 mean_cost=18.3645 (sbs=18.2943) vs_sbs=+0.38%
      ATSP: top1=0.726 mean_cost=1.6377 (sbs=1.6735) vs_sbs=-2.14%
      OVRP: top1=0.305 mean_cost=7.4610 (sbs=7.4617) vs_sbs=-0.01%
      VRPB: top1=0.505 mean_cost=9.3402 (sbs=9.3403) vs_sbs=-0.00%
      VRPL: top1=0.277 mean_cost=12.4074 (sbs=12.4072) vs_sbs=+0.00%
     VRPTW: top1=0.339 mean_cost=18.0269 (sbs=18.6571) vs_sbs=-3.38%
    OVRPTW: top1=0.472 mean_cost=10.0489 (sbs=10.0484) vs_sbs=+0.00%
     OVRPB: top1=0.546 mean_cost=6.3208 (sbs=6.3220) vs_sbs=-0.02%
     OVRPL: top1=0.334 mean_cost=7.4371 (sbs=7.4376) vs_sbs=-0.01%
     VRPBL: top1=0.540 mean_cost=9.3577 (sbs=9.3593) vs_sbs=-0.02%
    VRPBTW: top1=0.411 mean_cost=19.1078 (sbs=19.6697) vs_sbs=-2.86%
    VRPLTW: top1=0.360 mean_cost=17.8359 (sbs=18.5091) vs_sbs=-3.64%
    OVRPBL: top1=0.531 mean_cost=6.3107 (sbs=6.3103) vs_sbs=+0.01%
   OVRPBTW: top1=0.490 mean_cost=10.4993 (sbs=10.5068) vs_sbs=-0.07%
   OVRPLTW: top1=0.504 mean_cost=10.1243 (sbs=10.1272) vs_sbs=-0.03%
   VRPBLTW: top1=0.436 mean_cost=19.0031 (sbs=19.5198) vs_sbs=-2.65%
  OVRPBLTW: top1=0.479 mean_cost=10.5408 (sbs=10.5412) vs_sbs=-0.00%
[save] best.pt epoch=9 score=0.4388
[save] best_top1.pt epoch=9 top1=0.4388
[save] best_top3_safe.pt epoch=9 score=0.8961
[save] best_cost.pt epoch=9 vs_sbs=-0.805%
[train_eval epoch 9] macro_top1=0.4395 top2=0.7856 top3=0.8954 vs_sbs=-0.830% vbs_closed=+17.08%
       TSP: top1=0.344 mean_cost=8.0417 (sbs=8.0483) vs_sbs=-0.08%
      CVRP: top1=0.286 mean_cost=18.1571 (sbs=18.0705) vs_sbs=+0.48%
      ATSP: top1=0.719 mean_cost=1.6438 (sbs=1.6795) vs_sbs=-2.12%
      OVRP: top1=0.335 mean_cost=7.4570 (sbs=7.4591) vs_sbs=-0.03%
      VRPB: top1=0.513 mean_cost=9.3166 (sbs=9.3165) vs_sbs=+0.00%
      VRPL: top1=0.296 mean_cost=12.3945 (sbs=12.3957) vs_sbs=-0.01%
     VRPTW: top1=0.344 mean_cost=17.9438 (sbs=18.5949) vs_sbs=-3.50%
    OVRPTW: top1=0.489 mean_cost=10.1018 (sbs=10.1037) vs_sbs=-0.02%
     OVRPB: top1=0.542 mean_cost=6.3209 (sbs=6.3216) vs_sbs=-0.01%
     OVRPL: top1=0.324 mean_cost=7.4525 (sbs=7.4526) vs_sbs=-0.00%
     VRPBL: top1=0.525 mean_cost=9.3178 (sbs=9.3209) vs_sbs=-0.03%
    VRPBTW: top1=0.421 mean_cost=19.1178 (sbs=19.6924) vs_sbs=-2.92%
    VRPLTW: top1=0.351 mean_cost=17.9493 (sbs=18.6720) vs_sbs=-3.87%
    OVRPBL: top1=0.538 mean_cost=6.3090 (sbs=6.3079) vs_sbs=+0.02%
   OVRPBTW: top1=0.480 mean_cost=10.5875 (sbs=10.5894) vs_sbs=-0.02%
   OVRPLTW: top1=0.486 mean_cost=10.1113 (sbs=10.1136) vs_sbs=-0.02%
   VRPBLTW: top1=0.425 mean_cost=19.1184 (sbs=19.6661) vs_sbs=-2.79%
  OVRPBLTW: top1=0.493 mean_cost=10.5462 (sbs=10.5476) vs_sbs=-0.01%
ep010 step002750 loss=0.4292 ce=1.2262 samples/s=2130 peak_GiB=17.37 time=4.1m
ep010 step002800 loss=0.4298 ce=1.2281 samples/s=8228 peak_GiB=17.37 time=4.1m
ep010 step002850 loss=0.4279 ce=1.2226 samples/s=9017 peak_GiB=17.37 time=4.2m
ep010 step002900 loss=0.4295 ce=1.2271 samples/s=8149 peak_GiB=17.37 time=4.3m
ep010 step002950 loss=0.4277 ce=1.2221 samples/s=8258 peak_GiB=17.37 time=4.3m
[epoch done 10] loss=0.42652 lr=0.0002 updates=2970 skipped=0 grad=0.26872357726097107
[eval epoch 10] macro_top1=0.4397 top2=0.7874 top3=0.8998 vs_sbs=-0.787% vbs_closed=+18.52%
       TSP: top1=0.335 mean_cost=7.9352 (sbs=7.9578) vs_sbs=-0.28%
      CVRP: top1=0.326 mean_cost=18.3529 (sbs=18.2943) vs_sbs=+0.32%
      ATSP: top1=0.676 mean_cost=1.6394 (sbs=1.6735) vs_sbs=-2.04%
      OVRP: top1=0.307 mean_cost=7.4611 (sbs=7.4617) vs_sbs=-0.01%
      VRPB: top1=0.508 mean_cost=9.3397 (sbs=9.3403) vs_sbs=-0.01%
      VRPL: top1=0.284 mean_cost=12.4061 (sbs=12.4072) vs_sbs=-0.01%
     VRPTW: top1=0.358 mean_cost=18.0287 (sbs=18.6571) vs_sbs=-3.37%
    OVRPTW: top1=0.475 mean_cost=10.0453 (sbs=10.0484) vs_sbs=-0.03%
     OVRPB: top1=0.565 mean_cost=6.3184 (sbs=6.3220) vs_sbs=-0.06%
     OVRPL: top1=0.341 mean_cost=7.4361 (sbs=7.4376) vs_sbs=-0.02%
     VRPBL: top1=0.547 mean_cost=9.3540 (sbs=9.3593) vs_sbs=-0.06%
    VRPBTW: top1=0.433 mean_cost=19.1112 (sbs=19.6697) vs_sbs=-2.84%
    VRPLTW: top1=0.348 mean_cost=17.8914 (sbs=18.5091) vs_sbs=-3.34%
    OVRPBL: top1=0.527 mean_cost=6.3106 (sbs=6.3103) vs_sbs=+0.00%
   OVRPBTW: top1=0.495 mean_cost=10.5001 (sbs=10.5068) vs_sbs=-0.06%
   OVRPLTW: top1=0.489 mean_cost=10.1284 (sbs=10.1272) vs_sbs=+0.01%
   VRPBLTW: top1=0.405 mean_cost=19.0623 (sbs=19.5198) vs_sbs=-2.34%
  OVRPBLTW: top1=0.495 mean_cost=10.5371 (sbs=10.5412) vs_sbs=-0.04%
[save] best.pt epoch=10 score=0.4397
[save] best_top1.pt epoch=10 top1=0.4397
[save] best_top3_safe.pt epoch=10 score=0.8998
ep011 step003000 loss=0.4142 ce=1.1835 samples/s=6175 peak_GiB=17.37 time=4.4m
ep011 step003050 loss=0.4176 ce=1.1932 samples/s=9038 peak_GiB=17.37 time=4.5m
ep011 step003100 loss=0.4167 ce=1.1905 samples/s=8251 peak_GiB=17.37 time=4.5m
ep011 step003150 loss=0.4138 ce=1.1823 samples/s=9024 peak_GiB=17.37 time=4.6m
ep011 step003200 loss=0.4129 ce=1.1796 samples/s=8245 peak_GiB=17.37 time=4.7m
[epoch done 11] loss=0.41533 lr=0.0002 updates=3240 skipped=0 grad=0.2608315944671631
[eval epoch 11] macro_top1=0.4454 top2=0.7903 top3=0.9032 vs_sbs=-0.803% vbs_closed=+17.90%
       TSP: top1=0.327 mean_cost=7.9449 (sbs=7.9578) vs_sbs=-0.16%
      CVRP: top1=0.324 mean_cost=18.3313 (sbs=18.2943) vs_sbs=+0.20%
      ATSP: top1=0.671 mean_cost=1.6398 (sbs=1.6735) vs_sbs=-2.02%
      OVRP: top1=0.335 mean_cost=7.4652 (sbs=7.4617) vs_sbs=+0.05%
      VRPB: top1=0.555 mean_cost=9.3341 (sbs=9.3403) vs_sbs=-0.07%
      VRPL: top1=0.298 mean_cost=12.4049 (sbs=12.4072) vs_sbs=-0.02%
     VRPTW: top1=0.369 mean_cost=18.0851 (sbs=18.6571) vs_sbs=-3.07%
    OVRPTW: top1=0.477 mean_cost=10.0459 (sbs=10.0484) vs_sbs=-0.02%
     OVRPB: top1=0.558 mean_cost=6.3212 (sbs=6.3220) vs_sbs=-0.01%
     OVRPL: top1=0.337 mean_cost=7.4446 (sbs=7.4376) vs_sbs=+0.10%
     VRPBL: top1=0.534 mean_cost=9.3579 (sbs=9.3593) vs_sbs=-0.01%
    VRPBTW: top1=0.410 mean_cost=19.1132 (sbs=19.6697) vs_sbs=-2.83%
    VRPLTW: top1=0.404 mean_cost=17.8243 (sbs=18.5091) vs_sbs=-3.70%
    OVRPBL: top1=0.527 mean_cost=6.3086 (sbs=6.3103) vs_sbs=-0.03%
   OVRPBTW: top1=0.500 mean_cost=10.4969 (sbs=10.5068) vs_sbs=-0.09%
   OVRPLTW: top1=0.482 mean_cost=10.1290 (sbs=10.1272) vs_sbs=+0.02%
   VRPBLTW: top1=0.420 mean_cost=18.9745 (sbs=19.5198) vs_sbs=-2.79%
  OVRPBLTW: top1=0.489 mean_cost=10.5419 (sbs=10.5412) vs_sbs=+0.01%
[save] best.pt epoch=11 score=0.4454
[save] best_top1.pt epoch=11 top1=0.4454
[save] best_top3_safe.pt epoch=11 score=0.9032
ep012 step003250 loss=0.3995 ce=1.1413 samples/s=7086 peak_GiB=17.37 time=4.7m
ep012 step003300 loss=0.4132 ce=1.1806 samples/s=7600 peak_GiB=17.37 time=4.8m
ep012 step003350 loss=0.4170 ce=1.1915 samples/s=8257 peak_GiB=17.37 time=4.9m
ep012 step003400 loss=0.4172 ce=1.1920 samples/s=9049 peak_GiB=17.37 time=4.9m
ep012 step003450 loss=0.4178 ce=1.1938 samples/s=8254 peak_GiB=17.37 time=5.0m
ep012 step003500 loss=0.4158 ce=1.1879 samples/s=9034 peak_GiB=17.37 time=5.1m
[epoch done 12] loss=0.41630 lr=0.0002 updates=3510 skipped=0 grad=0.26195159554481506
[eval epoch 12] macro_top1=0.4483 top2=0.7943 top3=0.9060 vs_sbs=-0.856% vbs_closed=+19.27%
       TSP: top1=0.342 mean_cost=7.9384 (sbs=7.9578) vs_sbs=-0.24%
      CVRP: top1=0.351 mean_cost=18.2888 (sbs=18.2943) vs_sbs=-0.03%
      ATSP: top1=0.748 mean_cost=1.6412 (sbs=1.6735) vs_sbs=-1.93%
      OVRP: top1=0.289 mean_cost=7.4692 (sbs=7.4617) vs_sbs=+0.10%
      VRPB: top1=0.504 mean_cost=9.3403 (sbs=9.3403) vs_sbs=+0.00%
      VRPL: top1=0.300 mean_cost=12.4072 (sbs=12.4072) vs_sbs=-0.00%
     VRPTW: top1=0.376 mean_cost=17.9942 (sbs=18.6571) vs_sbs=-3.55%
    OVRPTW: top1=0.474 mean_cost=10.0453 (sbs=10.0484) vs_sbs=-0.03%
     OVRPB: top1=0.548 mean_cost=6.3210 (sbs=6.3220) vs_sbs=-0.02%
     OVRPL: top1=0.358 mean_cost=7.4441 (sbs=7.4376) vs_sbs=+0.09%
     VRPBL: top1=0.528 mean_cost=9.3581 (sbs=9.3593) vs_sbs=-0.01%
    VRPBTW: top1=0.424 mean_cost=19.0892 (sbs=19.6697) vs_sbs=-2.95%
    VRPLTW: top1=0.372 mean_cost=17.7634 (sbs=18.5091) vs_sbs=-4.03%
    OVRPBL: top1=0.554 mean_cost=6.3102 (sbs=6.3103) vs_sbs=-0.00%
   OVRPBTW: top1=0.496 mean_cost=10.5008 (sbs=10.5068) vs_sbs=-0.06%
   OVRPLTW: top1=0.479 mean_cost=10.1277 (sbs=10.1272) vs_sbs=+0.00%
   VRPBLTW: top1=0.429 mean_cost=18.9925 (sbs=19.5198) vs_sbs=-2.70%
  OVRPBLTW: top1=0.498 mean_cost=10.5369 (sbs=10.5412) vs_sbs=-0.04%
[save] best.pt epoch=12 score=0.4483
[save] best_top1.pt epoch=12 top1=0.4483
[save] best_top3_safe.pt epoch=12 score=0.9060
[save] best_cost.pt epoch=12 vs_sbs=-0.856%
ep013 step003550 loss=0.4053 ce=1.1580 samples/s=6489 peak_GiB=17.37 time=5.1m
ep013 step003600 loss=0.4064 ce=1.1610 samples/s=8262 peak_GiB=17.37 time=5.2m
ep013 step003650 loss=0.4099 ce=1.1711 samples/s=8269 peak_GiB=17.37 time=5.3m
ep013 step003700 loss=0.4082 ce=1.1664 samples/s=9040 peak_GiB=17.37 time=5.3m
ep013 step003750 loss=0.4082 ce=1.1662 samples/s=9044 peak_GiB=17.37 time=5.4m
[epoch done 13] loss=0.41040 lr=0.0002 updates=3780 skipped=0 grad=0.25706255435943604
[eval epoch 13] macro_top1=0.4411 top2=0.7952 top3=0.9064 vs_sbs=-0.799% vbs_closed=+17.03%
       TSP: top1=0.342 mean_cost=7.9450 (sbs=7.9578) vs_sbs=-0.16%
      CVRP: top1=0.340 mean_cost=18.3149 (sbs=18.2943) vs_sbs=+0.11%
      ATSP: top1=0.602 mean_cost=1.6677 (sbs=1.6735) vs_sbs=-0.35%
      OVRP: top1=0.308 mean_cost=7.4618 (sbs=7.4617) vs_sbs=+0.00%
      VRPB: top1=0.505 mean_cost=9.3394 (sbs=9.3403) vs_sbs=-0.01%
      VRPL: top1=0.277 mean_cost=12.4063 (sbs=12.4072) vs_sbs=-0.01%
     VRPTW: top1=0.374 mean_cost=17.9545 (sbs=18.6571) vs_sbs=-3.77%
    OVRPTW: top1=0.488 mean_cost=10.0440 (sbs=10.0484) vs_sbs=-0.04%
     OVRPB: top1=0.554 mean_cost=6.3216 (sbs=6.3220) vs_sbs=-0.01%
     OVRPL: top1=0.349 mean_cost=7.4355 (sbs=7.4376) vs_sbs=-0.03%
     VRPBL: top1=0.532 mean_cost=9.3575 (sbs=9.3593) vs_sbs=-0.02%
    VRPBTW: top1=0.413 mean_cost=19.0881 (sbs=19.6697) vs_sbs=-2.96%
    VRPLTW: top1=0.407 mean_cost=17.7098 (sbs=18.5091) vs_sbs=-4.32%
    OVRPBL: top1=0.563 mean_cost=6.3067 (sbs=6.3103) vs_sbs=-0.06%
   OVRPBTW: top1=0.505 mean_cost=10.4980 (sbs=10.5068) vs_sbs=-0.08%
   OVRPLTW: top1=0.482 mean_cost=10.1302 (sbs=10.1272) vs_sbs=+0.03%
   VRPBLTW: top1=0.422 mean_cost=18.9877 (sbs=19.5198) vs_sbs=-2.73%
  OVRPBLTW: top1=0.476 mean_cost=10.5423 (sbs=10.5412) vs_sbs=+0.01%
[save] best_top3_safe.pt epoch=13 score=0.9064
ep014 step003800 loss=0.4111 ce=1.1747 samples/s=6370 peak_GiB=17.37 time=5.5m
ep014 step003850 loss=0.4075 ce=1.1641 samples/s=8255 peak_GiB=17.37 time=5.5m
ep014 step003900 loss=0.4067 ce=1.1621 samples/s=9030 peak_GiB=17.37 time=5.6m
ep014 step003950 loss=0.4109 ce=1.1741 samples/s=8240 peak_GiB=17.37 time=5.7m
ep014 step004000 loss=0.4103 ce=1.1721 samples/s=8238 peak_GiB=17.37 time=5.7m
ep014 step004050 loss=0.4103 ce=1.1723 samples/s=9034 peak_GiB=17.37 time=5.8m
[epoch done 14] loss=0.41031 lr=0.0002 updates=4050 skipped=0 grad=0.2738196849822998
[eval epoch 14] macro_top1=0.4568 top2=0.7966 top3=0.9073 vs_sbs=-0.876% vbs_closed=+22.34%
       TSP: top1=0.353 mean_cost=7.9288 (sbs=7.9578) vs_sbs=-0.36%
      CVRP: top1=0.349 mean_cost=18.3019 (sbs=18.2943) vs_sbs=+0.04%
      ATSP: top1=0.758 mean_cost=1.6360 (sbs=1.6735) vs_sbs=-2.24%
      OVRP: top1=0.318 mean_cost=7.4591 (sbs=7.4617) vs_sbs=-0.03%
      VRPB: top1=0.504 mean_cost=9.3393 (sbs=9.3403) vs_sbs=-0.01%
      VRPL: top1=0.285 mean_cost=12.4066 (sbs=12.4072) vs_sbs=-0.01%
     VRPTW: top1=0.387 mean_cost=18.1252 (sbs=18.6571) vs_sbs=-2.85%
    OVRPTW: top1=0.498 mean_cost=10.0441 (sbs=10.0484) vs_sbs=-0.04%
     OVRPB: top1=0.568 mean_cost=6.3197 (sbs=6.3220) vs_sbs=-0.04%
     OVRPL: top1=0.352 mean_cost=7.4354 (sbs=7.4376) vs_sbs=-0.03%
     VRPBL: top1=0.531 mean_cost=9.3562 (sbs=9.3593) vs_sbs=-0.03%
    VRPBTW: top1=0.451 mean_cost=19.0646 (sbs=19.6697) vs_sbs=-3.08%
    VRPLTW: top1=0.401 mean_cost=17.7414 (sbs=18.5091) vs_sbs=-4.15%
    OVRPBL: top1=0.555 mean_cost=6.3103 (sbs=6.3103) vs_sbs=+0.00%
   OVRPBTW: top1=0.503 mean_cost=10.4969 (sbs=10.5068) vs_sbs=-0.09%
   OVRPLTW: top1=0.497 mean_cost=10.1263 (sbs=10.1272) vs_sbs=-0.01%
   VRPBLTW: top1=0.426 mean_cost=18.9779 (sbs=19.5198) vs_sbs=-2.78%
  OVRPBLTW: top1=0.487 mean_cost=10.5353 (sbs=10.5412) vs_sbs=-0.06%
[save] best.pt epoch=14 score=0.4568
[save] best_top1.pt epoch=14 top1=0.4568
[save] best_top3_safe.pt epoch=14 score=0.9073
[save] best_cost.pt epoch=14 vs_sbs=-0.876%
[train_eval epoch 14] macro_top1=0.4544 top2=0.7961 top3=0.9100 vs_sbs=-0.893% vbs_closed=+22.07%
       TSP: top1=0.372 mean_cost=8.0191 (sbs=8.0483) vs_sbs=-0.36%
      CVRP: top1=0.316 mean_cost=18.0869 (sbs=18.0705) vs_sbs=+0.09%
      ATSP: top1=0.735 mean_cost=1.6430 (sbs=1.6795) vs_sbs=-2.17%
      OVRP: top1=0.355 mean_cost=7.4547 (sbs=7.4591) vs_sbs=-0.06%
      VRPB: top1=0.525 mean_cost=9.3130 (sbs=9.3165) vs_sbs=-0.04%
      VRPL: top1=0.291 mean_cost=12.3939 (sbs=12.3957) vs_sbs=-0.01%
     VRPTW: top1=0.421 mean_cost=17.9922 (sbs=18.5949) vs_sbs=-3.24%
    OVRPTW: top1=0.500 mean_cost=10.1000 (sbs=10.1037) vs_sbs=-0.04%
     OVRPB: top1=0.544 mean_cost=6.3208 (sbs=6.3216) vs_sbs=-0.01%
     OVRPL: top1=0.337 mean_cost=7.4504 (sbs=7.4526) vs_sbs=-0.03%
     VRPBL: top1=0.514 mean_cost=9.3187 (sbs=9.3209) vs_sbs=-0.02%
    VRPBTW: top1=0.433 mean_cost=19.0887 (sbs=19.6924) vs_sbs=-3.07%
    VRPLTW: top1=0.381 mean_cost=17.9152 (sbs=18.6720) vs_sbs=-4.05%
    OVRPBL: top1=0.541 mean_cost=6.3079 (sbs=6.3079) vs_sbs=-0.00%
   OVRPBTW: top1=0.486 mean_cost=10.5856 (sbs=10.5894) vs_sbs=-0.04%
   OVRPLTW: top1=0.490 mean_cost=10.1112 (sbs=10.1136) vs_sbs=-0.02%
   VRPBLTW: top1=0.440 mean_cost=19.0808 (sbs=19.6661) vs_sbs=-2.98%
  OVRPBLTW: top1=0.497 mean_cost=10.5452 (sbs=10.5476) vs_sbs=-0.02%
ep015 step004100 loss=0.4046 ce=1.1560 samples/s=2101 peak_GiB=17.37 time=6.0m
ep015 step004150 loss=0.4057 ce=1.1593 samples/s=8251 peak_GiB=17.37 time=6.1m
ep015 step004200 loss=0.4063 ce=1.1609 samples/s=9029 peak_GiB=17.37 time=6.2m
ep015 step004250 loss=0.4067 ce=1.1620 samples/s=9012 peak_GiB=17.37 time=6.2m
ep015 step004300 loss=0.4065 ce=1.1615 samples/s=8242 peak_GiB=17.37 time=6.3m
[epoch done 15] loss=0.40639 lr=0.0002 updates=4320 skipped=0 grad=0.23907244205474854
[eval epoch 15] macro_top1=0.4558 top2=0.8014 top3=0.9119 vs_sbs=-0.879% vbs_closed=+19.37%
       TSP: top1=0.340 mean_cost=7.9380 (sbs=7.9578) vs_sbs=-0.25%
      CVRP: top1=0.341 mean_cost=18.3245 (sbs=18.2943) vs_sbs=+0.16%
      ATSP: top1=0.756 mean_cost=1.6381 (sbs=1.6735) vs_sbs=-2.11%
      OVRP: top1=0.297 mean_cost=7.4636 (sbs=7.4617) vs_sbs=+0.03%
      VRPB: top1=0.555 mean_cost=9.3343 (sbs=9.3403) vs_sbs=-0.06%
      VRPL: top1=0.287 mean_cost=12.4063 (sbs=12.4072) vs_sbs=-0.01%
     VRPTW: top1=0.394 mean_cost=17.9853 (sbs=18.6571) vs_sbs=-3.60%
    OVRPTW: top1=0.499 mean_cost=10.0472 (sbs=10.0484) vs_sbs=-0.01%
     OVRPB: top1=0.551 mean_cost=6.3229 (sbs=6.3220) vs_sbs=+0.01%
     OVRPL: top1=0.334 mean_cost=7.4450 (sbs=7.4376) vs_sbs=+0.10%
     VRPBL: top1=0.538 mean_cost=9.3563 (sbs=9.3593) vs_sbs=-0.03%
    VRPBTW: top1=0.443 mean_cost=19.0679 (sbs=19.6697) vs_sbs=-3.06%
    VRPLTW: top1=0.432 mean_cost=17.7385 (sbs=18.5091) vs_sbs=-4.16%
    OVRPBL: top1=0.535 mean_cost=6.3106 (sbs=6.3103) vs_sbs=+0.01%
   OVRPBTW: top1=0.508 mean_cost=10.5017 (sbs=10.5068) vs_sbs=-0.05%
   OVRPLTW: top1=0.490 mean_cost=10.1326 (sbs=10.1272) vs_sbs=+0.05%
   VRPBLTW: top1=0.416 mean_cost=18.9662 (sbs=19.5198) vs_sbs=-2.84%
  OVRPBLTW: top1=0.489 mean_cost=10.5410 (sbs=10.5412) vs_sbs=-0.00%
[save] best_top3_safe.pt epoch=15 score=0.9119
[save] best_cost.pt epoch=15 vs_sbs=-0.879%
ep016 step004350 loss=0.4008 ce=1.1453 samples/s=6704 peak_GiB=17.37 time=6.4m
ep016 step004400 loss=0.4052 ce=1.1578 samples/s=8264 peak_GiB=17.37 time=6.4m
ep016 step004450 loss=0.4046 ce=1.1561 samples/s=9028 peak_GiB=17.37 time=6.5m
ep016 step004500 loss=0.4064 ce=1.1611 samples/s=8246 peak_GiB=17.37 time=6.5m
ep016 step004550 loss=0.4084 ce=1.1668 samples/s=9020 peak_GiB=17.37 time=6.6m
[epoch done 16] loss=0.40857 lr=0.0002 updates=4589 skipped=1 grad=0.2614019215106964
[eval epoch 16] macro_top1=0.4566 top2=0.8001 top3=0.9101 vs_sbs=-0.838% vbs_closed=+21.24%
       TSP: top1=0.353 mean_cost=7.9304 (sbs=7.9578) vs_sbs=-0.34%
      CVRP: top1=0.344 mean_cost=18.3087 (sbs=18.2943) vs_sbs=+0.08%
      ATSP: top1=0.695 mean_cost=1.6383 (sbs=1.6735) vs_sbs=-2.10%
      OVRP: top1=0.310 mean_cost=7.4610 (sbs=7.4617) vs_sbs=-0.01%
      VRPB: top1=0.531 mean_cost=9.3364 (sbs=9.3403) vs_sbs=-0.04%
      VRPL: top1=0.278 mean_cost=12.4060 (sbs=12.4072) vs_sbs=-0.01%
     VRPTW: top1=0.415 mean_cost=18.0960 (sbs=18.6571) vs_sbs=-3.01%
    OVRPTW: top1=0.488 mean_cost=10.0456 (sbs=10.0484) vs_sbs=-0.03%
     OVRPB: top1=0.573 mean_cost=6.3174 (sbs=6.3220) vs_sbs=-0.07%
     OVRPL: top1=0.342 mean_cost=7.4359 (sbs=7.4376) vs_sbs=-0.02%
     VRPBL: top1=0.549 mean_cost=9.3547 (sbs=9.3593) vs_sbs=-0.05%
    VRPBTW: top1=0.441 mean_cost=19.0727 (sbs=19.6697) vs_sbs=-3.04%
    VRPLTW: top1=0.429 mean_cost=17.8479 (sbs=18.5091) vs_sbs=-3.57%
    OVRPBL: top1=0.558 mean_cost=6.3099 (sbs=6.3103) vs_sbs=-0.01%
   OVRPBTW: top1=0.507 mean_cost=10.4995 (sbs=10.5068) vs_sbs=-0.07%
   OVRPLTW: top1=0.483 mean_cost=10.1278 (sbs=10.1272) vs_sbs=+0.01%
   VRPBLTW: top1=0.429 mean_cost=18.9768 (sbs=19.5198) vs_sbs=-2.78%
  OVRPBLTW: top1=0.494 mean_cost=10.5395 (sbs=10.5412) vs_sbs=-0.02%
ep017 step004600 loss=0.4424 ce=1.2641 samples/s=6048 peak_GiB=17.37 time=6.7m
ep017 step004650 loss=0.4046 ce=1.1560 samples/s=9023 peak_GiB=17.37 time=6.8m
ep017 step004700 loss=0.4077 ce=1.1649 samples/s=9028 peak_GiB=17.37 time=6.8m
ep017 step004750 loss=0.4048 ce=1.1567 samples/s=8242 peak_GiB=17.37 time=6.9m
ep017 step004800 loss=0.4054 ce=1.1584 samples/s=8251 peak_GiB=17.37 time=6.9m
ep017 step004850 loss=0.4053 ce=1.1581 samples/s=8261 peak_GiB=17.37 time=7.0m
[epoch done 17] loss=0.40450 lr=0.0002 updates=4859 skipped=0 grad=0.24451059103012085
[eval epoch 17] macro_top1=0.4564 top2=0.7987 top3=0.9088 vs_sbs=-0.894% vbs_closed=+20.51%
       TSP: top1=0.336 mean_cost=7.9495 (sbs=7.9578) vs_sbs=-0.10%
      CVRP: top1=0.333 mean_cost=18.3129 (sbs=18.2943) vs_sbs=+0.10%
      ATSP: top1=0.711 mean_cost=1.6376 (sbs=1.6735) vs_sbs=-2.15%
      OVRP: top1=0.315 mean_cost=7.4604 (sbs=7.4617) vs_sbs=-0.02%
      VRPB: top1=0.557 mean_cost=9.3336 (sbs=9.3403) vs_sbs=-0.07%
      VRPL: top1=0.296 mean_cost=12.4065 (sbs=12.4072) vs_sbs=-0.01%
     VRPTW: top1=0.419 mean_cost=18.0252 (sbs=18.6571) vs_sbs=-3.39%
    OVRPTW: top1=0.493 mean_cost=10.0466 (sbs=10.0484) vs_sbs=-0.02%
     OVRPB: top1=0.548 mean_cost=6.3240 (sbs=6.3220) vs_sbs=+0.03%
     OVRPL: top1=0.345 mean_cost=7.4400 (sbs=7.4376) vs_sbs=+0.03%
     VRPBL: top1=0.537 mean_cost=9.3561 (sbs=9.3593) vs_sbs=-0.03%
    VRPBTW: top1=0.437 mean_cost=19.0763 (sbs=19.6697) vs_sbs=-3.02%
    VRPLTW: top1=0.428 mean_cost=17.6807 (sbs=18.5091) vs_sbs=-4.48%
    OVRPBL: top1=0.540 mean_cost=6.3075 (sbs=6.3103) vs_sbs=-0.04%
   OVRPBTW: top1=0.510 mean_cost=10.4995 (sbs=10.5068) vs_sbs=-0.07%
   OVRPLTW: top1=0.486 mean_cost=10.1307 (sbs=10.1272) vs_sbs=+0.03%
   VRPBLTW: top1=0.431 mean_cost=18.9626 (sbs=19.5198) vs_sbs=-2.85%
  OVRPBLTW: top1=0.494 mean_cost=10.5372 (sbs=10.5412) vs_sbs=-0.04%
[save] best_cost.pt epoch=17 vs_sbs=-0.894%
ep018 step004900 loss=0.3975 ce=1.1358 samples/s=7350 peak_GiB=17.37 time=7.1m
ep018 step004950 loss=0.4074 ce=1.1640 samples/s=8254 peak_GiB=17.37 time=7.1m
ep018 step005000 loss=0.4067 ce=1.1619 samples/s=8260 peak_GiB=17.37 time=7.2m
ep018 step005050 loss=0.4064 ce=1.1612 samples/s=9038 peak_GiB=17.37 time=7.3m
ep018 step005100 loss=0.4057 ce=1.1592 samples/s=8236 peak_GiB=17.37 time=7.3m
[epoch done 18] loss=0.40547 lr=0.0002 updates=5129 skipped=0 grad=0.2434864491224289
[eval epoch 18] macro_top1=0.4551 top2=0.7965 top3=0.9097 vs_sbs=-0.926% vbs_closed=+22.67%
       TSP: top1=0.353 mean_cost=7.9338 (sbs=7.9578) vs_sbs=-0.30%
      CVRP: top1=0.340 mean_cost=18.3324 (sbs=18.2943) vs_sbs=+0.21%
      ATSP: top1=0.724 mean_cost=1.6370 (sbs=1.6735) vs_sbs=-2.18%
      OVRP: top1=0.306 mean_cost=7.4616 (sbs=7.4617) vs_sbs=-0.00%
      VRPB: top1=0.510 mean_cost=9.3387 (sbs=9.3403) vs_sbs=-0.02%
      VRPL: top1=0.298 mean_cost=12.4057 (sbs=12.4072) vs_sbs=-0.01%
     VRPTW: top1=0.391 mean_cost=17.9536 (sbs=18.6571) vs_sbs=-3.77%
    OVRPTW: top1=0.492 mean_cost=10.0453 (sbs=10.0484) vs_sbs=-0.03%
     OVRPB: top1=0.577 mean_cost=6.3160 (sbs=6.3220) vs_sbs=-0.10%
     OVRPL: top1=0.355 mean_cost=7.4348 (sbs=7.4376) vs_sbs=-0.04%
     VRPBL: top1=0.546 mean_cost=9.3557 (sbs=9.3593) vs_sbs=-0.04%
    VRPBTW: top1=0.447 mean_cost=19.0635 (sbs=19.6697) vs_sbs=-3.08%
    VRPLTW: top1=0.386 mean_cost=17.7252 (sbs=18.5091) vs_sbs=-4.24%
    OVRPBL: top1=0.565 mean_cost=6.3063 (sbs=6.3103) vs_sbs=-0.06%
   OVRPBTW: top1=0.490 mean_cost=10.5028 (sbs=10.5068) vs_sbs=-0.04%
   OVRPLTW: top1=0.503 mean_cost=10.1252 (sbs=10.1272) vs_sbs=-0.02%
   VRPBLTW: top1=0.418 mean_cost=18.9589 (sbs=19.5198) vs_sbs=-2.87%
  OVRPBLTW: top1=0.491 mean_cost=10.5323 (sbs=10.5412) vs_sbs=-0.08%
[save] best_cost.pt epoch=18 vs_sbs=-0.926%
ep019 step005150 loss=0.4230 ce=1.2085 samples/s=6814 peak_GiB=17.37 time=7.4m
ep019 step005200 loss=0.4127 ce=1.1791 samples/s=8255 peak_GiB=17.37 time=7.5m
ep019 step005250 loss=0.4093 ce=1.1694 samples/s=8253 peak_GiB=17.37 time=7.5m
ep019 step005300 loss=0.4037 ce=1.1533 samples/s=9023 peak_GiB=17.37 time=7.6m
ep019 step005350 loss=0.4056 ce=1.1590 samples/s=9017 peak_GiB=17.37 time=7.7m
ep019 step005400 loss=0.4049 ce=1.1570 samples/s=8246 peak_GiB=17.37 time=7.7m
[epoch done 19] loss=0.40494 lr=0.0002 updates=5399 skipped=0 grad=0.25124457478523254
[eval epoch 19] macro_top1=0.4561 top2=0.7986 top3=0.9107 vs_sbs=-0.898% vbs_closed=+21.17%
       TSP: top1=0.360 mean_cost=7.9298 (sbs=7.9578) vs_sbs=-0.35%
      CVRP: top1=0.325 mean_cost=18.3028 (sbs=18.2943) vs_sbs=+0.05%
      ATSP: top1=0.748 mean_cost=1.6405 (sbs=1.6735) vs_sbs=-1.97%
      OVRP: top1=0.308 mean_cost=7.4601 (sbs=7.4617) vs_sbs=-0.02%
      VRPB: top1=0.556 mean_cost=9.3343 (sbs=9.3403) vs_sbs=-0.06%
      VRPL: top1=0.297 mean_cost=12.4053 (sbs=12.4072) vs_sbs=-0.02%
     VRPTW: top1=0.404 mean_cost=17.9381 (sbs=18.6571) vs_sbs=-3.85%
    OVRPTW: top1=0.500 mean_cost=10.0487 (sbs=10.0484) vs_sbs=+0.00%
     OVRPB: top1=0.555 mean_cost=6.3219 (sbs=6.3220) vs_sbs=-0.00%
     OVRPL: top1=0.352 mean_cost=7.4418 (sbs=7.4376) vs_sbs=+0.06%
     VRPBL: top1=0.532 mean_cost=9.3604 (sbs=9.3593) vs_sbs=+0.01%
    VRPBTW: top1=0.433 mean_cost=19.0627 (sbs=19.6697) vs_sbs=-3.09%
    VRPLTW: top1=0.395 mean_cost=17.7385 (sbs=18.5091) vs_sbs=-4.16%
    OVRPBL: top1=0.547 mean_cost=6.3082 (sbs=6.3103) vs_sbs=-0.03%
   OVRPBTW: top1=0.511 mean_cost=10.4977 (sbs=10.5068) vs_sbs=-0.09%
   OVRPLTW: top1=0.481 mean_cost=10.1314 (sbs=10.1272) vs_sbs=+0.04%
   VRPBLTW: top1=0.416 mean_cost=18.9984 (sbs=19.5198) vs_sbs=-2.67%
  OVRPBLTW: top1=0.490 mean_cost=10.5415 (sbs=10.5412) vs_sbs=+0.00%
[train_eval epoch 19] macro_top1=0.4607 top2=0.7974 top3=0.9116 vs_sbs=-0.937% vbs_closed=+22.25%
       TSP: top1=0.379 mean_cost=8.0193 (sbs=8.0483) vs_sbs=-0.36%
      CVRP: top1=0.311 mean_cost=18.0861 (sbs=18.0705) vs_sbs=+0.09%
      ATSP: top1=0.730 mean_cost=1.6465 (sbs=1.6795) vs_sbs=-1.96%
      OVRP: top1=0.362 mean_cost=7.4553 (sbs=7.4591) vs_sbs=-0.05%
      VRPB: top1=0.545 mean_cost=9.3106 (sbs=9.3165) vs_sbs=-0.06%
      VRPL: top1=0.307 mean_cost=12.3940 (sbs=12.3957) vs_sbs=-0.01%
     VRPTW: top1=0.411 mean_cost=17.8452 (sbs=18.5949) vs_sbs=-4.03%
    OVRPTW: top1=0.501 mean_cost=10.1008 (sbs=10.1037) vs_sbs=-0.03%
     OVRPB: top1=0.558 mean_cost=6.3205 (sbs=6.3216) vs_sbs=-0.02%
     OVRPL: top1=0.354 mean_cost=7.4547 (sbs=7.4526) vs_sbs=+0.03%
     VRPBL: top1=0.532 mean_cost=9.3195 (sbs=9.3209) vs_sbs=-0.02%
    VRPBTW: top1=0.438 mean_cost=19.0788 (sbs=19.6924) vs_sbs=-3.12%
    VRPLTW: top1=0.390 mean_cost=17.8664 (sbs=18.6720) vs_sbs=-4.31%
    OVRPBL: top1=0.544 mean_cost=6.3079 (sbs=6.3079) vs_sbs=+0.00%
   OVRPBTW: top1=0.486 mean_cost=10.5881 (sbs=10.5894) vs_sbs=-0.01%
   OVRPLTW: top1=0.502 mean_cost=10.1117 (sbs=10.1136) vs_sbs=-0.02%
   VRPBLTW: top1=0.444 mean_cost=19.0873 (sbs=19.6661) vs_sbs=-2.94%
  OVRPBLTW: top1=0.498 mean_cost=10.5437 (sbs=10.5476) vs_sbs=-0.04%
ep020 step005450 loss=0.4004 ce=1.1441 samples/s=2142 peak_GiB=17.37 time=8.0m
ep020 step005500 loss=0.3980 ce=1.1372 samples/s=8245 peak_GiB=17.37 time=8.0m
ep020 step005550 loss=0.3968 ce=1.1338 samples/s=9037 peak_GiB=17.37 time=8.1m
ep020 step005600 loss=0.3951 ce=1.1288 samples/s=9030 peak_GiB=17.37 time=8.2m
ep020 step005650 loss=0.3949 ce=1.1284 samples/s=9043 peak_GiB=17.37 time=8.2m
[epoch done 20] loss=0.39636 lr=0.0001 updates=5669 skipped=0 grad=0.18761208653450012
[eval epoch 20] macro_top1=0.4607 top2=0.7998 top3=0.9073 vs_sbs=-0.926% vbs_closed=+22.42%
       TSP: top1=0.353 mean_cost=7.9338 (sbs=7.9578) vs_sbs=-0.30%
      CVRP: top1=0.355 mean_cost=18.2800 (sbs=18.2943) vs_sbs=-0.08%
      ATSP: top1=0.770 mean_cost=1.6379 (sbs=1.6735) vs_sbs=-2.13%
      OVRP: top1=0.319 mean_cost=7.4592 (sbs=7.4617) vs_sbs=-0.03%
      VRPB: top1=0.554 mean_cost=9.3335 (sbs=9.3403) vs_sbs=-0.07%
      VRPL: top1=0.274 mean_cost=12.4142 (sbs=12.4072) vs_sbs=+0.06%
     VRPTW: top1=0.425 mean_cost=17.9906 (sbs=18.6571) vs_sbs=-3.57%
    OVRPTW: top1=0.488 mean_cost=10.0468 (sbs=10.0484) vs_sbs=-0.02%
     OVRPB: top1=0.551 mean_cost=6.3233 (sbs=6.3220) vs_sbs=+0.02%
     OVRPL: top1=0.359 mean_cost=7.4374 (sbs=7.4376) vs_sbs=-0.00%
     VRPBL: top1=0.538 mean_cost=9.3545 (sbs=9.3593) vs_sbs=-0.05%
    VRPBTW: top1=0.438 mean_cost=19.0667 (sbs=19.6697) vs_sbs=-3.07%
    VRPLTW: top1=0.426 mean_cost=17.6700 (sbs=18.5091) vs_sbs=-4.53%
    OVRPBL: top1=0.539 mean_cost=6.3079 (sbs=6.3103) vs_sbs=-0.04%
   OVRPBTW: top1=0.498 mean_cost=10.5011 (sbs=10.5068) vs_sbs=-0.05%
   OVRPLTW: top1=0.495 mean_cost=10.1290 (sbs=10.1272) vs_sbs=+0.02%
   VRPBLTW: top1=0.420 mean_cost=18.9695 (sbs=19.5198) vs_sbs=-2.82%
  OVRPBLTW: top1=0.491 mean_cost=10.5410 (sbs=10.5412) vs_sbs=-0.00%
[save] best.pt epoch=20 score=0.4607
[save] best_top1.pt epoch=20 top1=0.4607
[save] best_cost.pt epoch=20 vs_sbs=-0.926%
ep021 step005700 loss=0.4045 ce=1.1558 samples/s=5800 peak_GiB=17.37 time=8.3m
ep021 step005750 loss=0.3986 ce=1.1390 samples/s=9022 peak_GiB=17.37 time=8.4m
ep021 step005800 loss=0.3981 ce=1.1373 samples/s=9022 peak_GiB=17.37 time=8.4m
ep021 step005850 loss=0.3963 ce=1.1323 samples/s=8249 peak_GiB=17.37 time=8.5m
ep021 step005900 loss=0.3964 ce=1.1325 samples/s=9035 peak_GiB=17.37 time=8.5m
[epoch done 21] loss=0.39621 lr=0.0001 updates=5939 skipped=0 grad=0.22650456428527832
[eval epoch 21] macro_top1=0.4635 top2=0.8043 top3=0.9145 vs_sbs=-0.955% vbs_closed=+24.08%
       TSP: top1=0.376 mean_cost=7.9227 (sbs=7.9578) vs_sbs=-0.44%
      CVRP: top1=0.390 mean_cost=18.2660 (sbs=18.2943) vs_sbs=-0.15%
      ATSP: top1=0.765 mean_cost=1.6384 (sbs=1.6735) vs_sbs=-2.10%
      OVRP: top1=0.294 mean_cost=7.4635 (sbs=7.4617) vs_sbs=+0.02%
      VRPB: top1=0.538 mean_cost=9.3381 (sbs=9.3403) vs_sbs=-0.02%
      VRPL: top1=0.296 mean_cost=12.4058 (sbs=12.4072) vs_sbs=-0.01%
     VRPTW: top1=0.415 mean_cost=17.9317 (sbs=18.6571) vs_sbs=-3.89%
    OVRPTW: top1=0.494 mean_cost=10.0478 (sbs=10.0484) vs_sbs=-0.01%
     OVRPB: top1=0.567 mean_cost=6.3191 (sbs=6.3220) vs_sbs=-0.05%
     OVRPL: top1=0.349 mean_cost=7.4416 (sbs=7.4376) vs_sbs=+0.05%
     VRPBL: top1=0.536 mean_cost=9.3552 (sbs=9.3593) vs_sbs=-0.04%
    VRPBTW: top1=0.436 mean_cost=19.0598 (sbs=19.6697) vs_sbs=-3.10%
    VRPLTW: top1=0.400 mean_cost=17.6955 (sbs=18.5091) vs_sbs=-4.40%
    OVRPBL: top1=0.577 mean_cost=6.3052 (sbs=6.3103) vs_sbs=-0.08%
   OVRPBTW: top1=0.496 mean_cost=10.5017 (sbs=10.5068) vs_sbs=-0.05%
   OVRPLTW: top1=0.490 mean_cost=10.1293 (sbs=10.1272) vs_sbs=+0.02%
   VRPBLTW: top1=0.427 mean_cost=18.9547 (sbs=19.5198) vs_sbs=-2.90%
  OVRPBLTW: top1=0.497 mean_cost=10.5354 (sbs=10.5412) vs_sbs=-0.05%
[save] best.pt epoch=21 score=0.4635
[save] best_top1.pt epoch=21 top1=0.4635
[save] best_top3_safe.pt epoch=21 score=0.9145
[save] best_cost.pt epoch=21 vs_sbs=-0.955%
ep022 step005950 loss=0.4398 ce=1.2565 samples/s=5718 peak_GiB=17.37 time=8.6m
ep022 step006000 loss=0.3911 ce=1.1173 samples/s=9980 peak_GiB=17.37 time=8.7m
ep022 step006050 loss=0.3932 ce=1.1234 samples/s=8258 peak_GiB=17.37 time=8.8m
ep022 step006100 loss=0.3929 ce=1.1225 samples/s=8264 peak_GiB=17.37 time=8.8m
ep022 step006150 loss=0.3935 ce=1.1243 samples/s=9986 peak_GiB=17.37 time=8.9m
ep022 step006200 loss=0.3945 ce=1.1271 samples/s=7595 peak_GiB=17.37 time=8.9m
[epoch done 22] loss=0.39469 lr=0.0001 updates=6209 skipped=0 grad=0.21985170245170593
[eval epoch 22] macro_top1=0.4592 top2=0.8049 top3=0.9161 vs_sbs=-0.907% vbs_closed=+22.04%
       TSP: top1=0.354 mean_cost=7.9222 (sbs=7.9578) vs_sbs=-0.45%
      CVRP: top1=0.356 mean_cost=18.3027 (sbs=18.2943) vs_sbs=+0.05%
      ATSP: top1=0.762 mean_cost=1.6357 (sbs=1.6735) vs_sbs=-2.26%
      OVRP: top1=0.273 mean_cost=7.4685 (sbs=7.4617) vs_sbs=+0.09%
      VRPB: top1=0.556 mean_cost=9.3337 (sbs=9.3403) vs_sbs=-0.07%
      VRPL: top1=0.289 mean_cost=12.4062 (sbs=12.4072) vs_sbs=-0.01%
     VRPTW: top1=0.403 mean_cost=18.0896 (sbs=18.6571) vs_sbs=-3.04%
    OVRPTW: top1=0.490 mean_cost=10.0467 (sbs=10.0484) vs_sbs=-0.02%
     OVRPB: top1=0.560 mean_cost=6.3192 (sbs=6.3220) vs_sbs=-0.04%
     OVRPL: top1=0.334 mean_cost=7.4447 (sbs=7.4376) vs_sbs=+0.10%
     VRPBL: top1=0.535 mean_cost=9.3554 (sbs=9.3593) vs_sbs=-0.04%
    VRPBTW: top1=0.449 mean_cost=19.0551 (sbs=19.6697) vs_sbs=-3.12%
    VRPLTW: top1=0.437 mean_cost=17.6746 (sbs=18.5091) vs_sbs=-4.51%
    OVRPBL: top1=0.571 mean_cost=6.3047 (sbs=6.3103) vs_sbs=-0.09%
   OVRPBTW: top1=0.499 mean_cost=10.5019 (sbs=10.5068) vs_sbs=-0.05%
   OVRPLTW: top1=0.486 mean_cost=10.1305 (sbs=10.1272) vs_sbs=+0.03%
   VRPBLTW: top1=0.415 mean_cost=18.9635 (sbs=19.5198) vs_sbs=-2.85%
  OVRPBLTW: top1=0.496 mean_cost=10.5361 (sbs=10.5412) vs_sbs=-0.05%
[save] best_top3_safe.pt epoch=22 score=0.9161
ep023 step006250 loss=0.3868 ce=1.1053 samples/s=6820 peak_GiB=17.37 time=9.0m
ep023 step006300 loss=0.3946 ce=1.1274 samples/s=8249 peak_GiB=17.37 time=9.1m
ep023 step006350 loss=0.3938 ce=1.1253 samples/s=8261 peak_GiB=17.37 time=9.2m
ep023 step006400 loss=0.3944 ce=1.1268 samples/s=9040 peak_GiB=17.37 time=9.2m
ep023 step006450 loss=0.3935 ce=1.1244 samples/s=9064 peak_GiB=17.37 time=9.3m
[epoch done 23] loss=0.39446 lr=0.0001 updates=6479 skipped=0 grad=0.24143557250499725
[eval epoch 23] macro_top1=0.4617 top2=0.8078 top3=0.9181 vs_sbs=-0.968% vbs_closed=+24.15%
       TSP: top1=0.365 mean_cost=7.9214 (sbs=7.9578) vs_sbs=-0.46%
      CVRP: top1=0.385 mean_cost=18.2839 (sbs=18.2943) vs_sbs=-0.06%
      ATSP: top1=0.766 mean_cost=1.6361 (sbs=1.6735) vs_sbs=-2.23%
      OVRP: top1=0.289 mean_cost=7.4641 (sbs=7.4617) vs_sbs=+0.03%
      VRPB: top1=0.548 mean_cost=9.3341 (sbs=9.3403) vs_sbs=-0.07%
      VRPL: top1=0.288 mean_cost=12.4065 (sbs=12.4072) vs_sbs=-0.01%
     VRPTW: top1=0.436 mean_cost=17.9284 (sbs=18.6571) vs_sbs=-3.91%
    OVRPTW: top1=0.488 mean_cost=10.0457 (sbs=10.0484) vs_sbs=-0.03%
     OVRPB: top1=0.558 mean_cost=6.3191 (sbs=6.3220) vs_sbs=-0.05%
     OVRPL: top1=0.347 mean_cost=7.4413 (sbs=7.4376) vs_sbs=+0.05%
     VRPBL: top1=0.525 mean_cost=9.3586 (sbs=9.3593) vs_sbs=-0.01%
    VRPBTW: top1=0.441 mean_cost=19.0537 (sbs=19.6697) vs_sbs=-3.13%
    VRPLTW: top1=0.427 mean_cost=17.6733 (sbs=18.5091) vs_sbs=-4.52%
    OVRPBL: top1=0.562 mean_cost=6.3051 (sbs=6.3103) vs_sbs=-0.08%
   OVRPBTW: top1=0.492 mean_cost=10.5035 (sbs=10.5068) vs_sbs=-0.03%
   OVRPLTW: top1=0.486 mean_cost=10.1290 (sbs=10.1272) vs_sbs=+0.02%
   VRPBLTW: top1=0.418 mean_cost=18.9564 (sbs=19.5198) vs_sbs=-2.89%
  OVRPBLTW: top1=0.489 mean_cost=10.5344 (sbs=10.5412) vs_sbs=-0.06%
[save] best_top3_safe.pt epoch=23 score=0.9181
[save] best_cost.pt epoch=23 vs_sbs=-0.968%
ep024 step006500 loss=0.3911 ce=1.1175 samples/s=6269 peak_GiB=17.37 time=9.4m
ep024 step006550 loss=0.3937 ce=1.1248 samples/s=8257 peak_GiB=17.37 time=9.4m
ep024 step006600 loss=0.3932 ce=1.1234 samples/s=9977 peak_GiB=17.37 time=9.5m
ep024 step006650 loss=0.3934 ce=1.1239 samples/s=8260 peak_GiB=17.37 time=9.5m
ep024 step006700 loss=0.3939 ce=1.1254 samples/s=8249 peak_GiB=17.37 time=9.6m
ep024 step006750 loss=0.3944 ce=1.1269 samples/s=8256 peak_GiB=17.37 time=9.7m
[epoch done 24] loss=0.39442 lr=0.0001 updates=6748 skipped=1 grad=0.24361485242843628
[eval epoch 24] macro_top1=0.4621 top2=0.8026 top3=0.9151 vs_sbs=-0.936% vbs_closed=+23.50%
       TSP: top1=0.349 mean_cost=7.9371 (sbs=7.9578) vs_sbs=-0.26%
      CVRP: top1=0.335 mean_cost=18.2923 (sbs=18.2943) vs_sbs=-0.01%
      ATSP: top1=0.768 mean_cost=1.6361 (sbs=1.6735) vs_sbs=-2.24%
      OVRP: top1=0.309 mean_cost=7.4603 (sbs=7.4617) vs_sbs=-0.02%
      VRPB: top1=0.556 mean_cost=9.3340 (sbs=9.3403) vs_sbs=-0.07%
      VRPL: top1=0.304 mean_cost=12.4044 (sbs=12.4072) vs_sbs=-0.02%
     VRPTW: top1=0.427 mean_cost=17.9696 (sbs=18.6571) vs_sbs=-3.69%
    OVRPTW: top1=0.492 mean_cost=10.0461 (sbs=10.0484) vs_sbs=-0.02%
     OVRPB: top1=0.557 mean_cost=6.3194 (sbs=6.3220) vs_sbs=-0.04%
     OVRPL: top1=0.352 mean_cost=7.4356 (sbs=7.4376) vs_sbs=-0.03%
     VRPBL: top1=0.532 mean_cost=9.3584 (sbs=9.3593) vs_sbs=-0.01%
    VRPBTW: top1=0.434 mean_cost=19.0634 (sbs=19.6697) vs_sbs=-3.08%
    VRPLTW: top1=0.423 mean_cost=17.7059 (sbs=18.5091) vs_sbs=-4.34%
    OVRPBL: top1=0.566 mean_cost=6.3057 (sbs=6.3103) vs_sbs=-0.07%
   OVRPBTW: top1=0.508 mean_cost=10.4986 (sbs=10.5068) vs_sbs=-0.08%
   OVRPLTW: top1=0.496 mean_cost=10.1275 (sbs=10.1272) vs_sbs=+0.00%
   VRPBLTW: top1=0.414 mean_cost=18.9575 (sbs=19.5198) vs_sbs=-2.88%
  OVRPBLTW: top1=0.495 mean_cost=10.5410 (sbs=10.5412) vs_sbs=-0.00%
[train_eval epoch 24] macro_top1=0.4693 top2=0.8042 top3=0.9160 vs_sbs=-0.955% vbs_closed=+23.84%
       TSP: top1=0.361 mean_cost=8.0325 (sbs=8.0483) vs_sbs=-0.20%
      CVRP: top1=0.329 mean_cost=18.0865 (sbs=18.0705) vs_sbs=+0.09%
      ATSP: top1=0.751 mean_cost=1.6425 (sbs=1.6795) vs_sbs=-2.20%
      OVRP: top1=0.364 mean_cost=7.4543 (sbs=7.4591) vs_sbs=-0.06%
      VRPB: top1=0.550 mean_cost=9.3103 (sbs=9.3165) vs_sbs=-0.07%
      VRPL: top1=0.312 mean_cost=12.3929 (sbs=12.3957) vs_sbs=-0.02%
     VRPTW: top1=0.447 mean_cost=17.8782 (sbs=18.5949) vs_sbs=-3.85%
    OVRPTW: top1=0.506 mean_cost=10.0984 (sbs=10.1037) vs_sbs=-0.05%
     OVRPB: top1=0.566 mean_cost=6.3178 (sbs=6.3216) vs_sbs=-0.06%
     OVRPL: top1=0.347 mean_cost=7.4495 (sbs=7.4526) vs_sbs=-0.04%
     VRPBL: top1=0.535 mean_cost=9.3173 (sbs=9.3209) vs_sbs=-0.04%
    VRPBTW: top1=0.441 mean_cost=19.0748 (sbs=19.6924) vs_sbs=-3.14%
    VRPLTW: top1=0.435 mean_cost=17.8651 (sbs=18.6720) vs_sbs=-4.32%
    OVRPBL: top1=0.559 mean_cost=6.3047 (sbs=6.3079) vs_sbs=-0.05%
   OVRPBTW: top1=0.491 mean_cost=10.5837 (sbs=10.5894) vs_sbs=-0.05%
   OVRPLTW: top1=0.506 mean_cost=10.1097 (sbs=10.1136) vs_sbs=-0.04%
   VRPBLTW: top1=0.444 mean_cost=19.0727 (sbs=19.6661) vs_sbs=-3.02%
  OVRPBLTW: top1=0.501 mean_cost=10.5412 (sbs=10.5476) vs_sbs=-0.06%
ep025 step006800 loss=0.3949 ce=1.1283 samples/s=2132 peak_GiB=17.37 time=9.9m
ep025 step006850 loss=0.3926 ce=1.1217 samples/s=9033 peak_GiB=17.37 time=10.0m
ep025 step006900 loss=0.3948 ce=1.1281 samples/s=8248 peak_GiB=17.37 time=10.0m
ep025 step006950 loss=0.3944 ce=1.1268 samples/s=9034 peak_GiB=17.37 time=10.1m
ep025 step007000 loss=0.3959 ce=1.1311 samples/s=8257 peak_GiB=17.37 time=10.2m
[epoch done 25] loss=0.39510 lr=0.0001 updates=7018 skipped=0 grad=0.26178503036499023
[eval epoch 25] macro_top1=0.4616 top2=0.8044 top3=0.9166 vs_sbs=-0.937% vbs_closed=+23.59%
       TSP: top1=0.366 mean_cost=7.9273 (sbs=7.9578) vs_sbs=-0.38%
      CVRP: top1=0.406 mean_cost=18.2579 (sbs=18.2943) vs_sbs=-0.20%
      ATSP: top1=0.772 mean_cost=1.6357 (sbs=1.6735) vs_sbs=-2.26%
      OVRP: top1=0.306 mean_cost=7.4610 (sbs=7.4617) vs_sbs=-0.01%
      VRPB: top1=0.555 mean_cost=9.3334 (sbs=9.3403) vs_sbs=-0.07%
      VRPL: top1=0.288 mean_cost=12.4099 (sbs=12.4072) vs_sbs=+0.02%
     VRPTW: top1=0.416 mean_cost=17.9743 (sbs=18.6571) vs_sbs=-3.66%
    OVRPTW: top1=0.496 mean_cost=10.0458 (sbs=10.0484) vs_sbs=-0.03%
     OVRPB: top1=0.564 mean_cost=6.3187 (sbs=6.3220) vs_sbs=-0.05%
     OVRPL: top1=0.339 mean_cost=7.4433 (sbs=7.4376) vs_sbs=+0.08%
     VRPBL: top1=0.537 mean_cost=9.3568 (sbs=9.3593) vs_sbs=-0.03%
    VRPBTW: top1=0.417 mean_cost=19.0863 (sbs=19.6697) vs_sbs=-2.97%
    VRPLTW: top1=0.404 mean_cost=17.7033 (sbs=18.5091) vs_sbs=-4.35%
    OVRPBL: top1=0.558 mean_cost=6.3045 (sbs=6.3103) vs_sbs=-0.09%
   OVRPBTW: top1=0.493 mean_cost=10.5033 (sbs=10.5068) vs_sbs=-0.03%
   OVRPLTW: top1=0.487 mean_cost=10.1308 (sbs=10.1272) vs_sbs=+0.04%
   VRPBLTW: top1=0.417 mean_cost=18.9561 (sbs=19.5198) vs_sbs=-2.89%
  OVRPBLTW: top1=0.487 mean_cost=10.5431 (sbs=10.5412) vs_sbs=+0.02%
ep026 step007050 loss=0.3992 ce=1.1405 samples/s=6463 peak_GiB=17.37 time=10.3m
ep026 step007100 loss=0.3978 ce=1.1364 samples/s=9031 peak_GiB=17.37 time=10.3m
ep026 step007150 loss=0.3951 ce=1.1288 samples/s=9059 peak_GiB=17.37 time=10.4m
ep026 step007200 loss=0.3949 ce=1.1282 samples/s=8251 peak_GiB=17.37 time=10.4m
ep026 step007250 loss=0.3953 ce=1.1294 samples/s=8264 peak_GiB=17.37 time=10.5m
[epoch done 26] loss=0.39374 lr=0.0001 updates=7288 skipped=0 grad=0.27095267176628113
[eval epoch 26] macro_top1=0.4661 top2=0.8073 top3=0.9192 vs_sbs=-0.973% vbs_closed=+25.40%
       TSP: top1=0.371 mean_cost=7.9208 (sbs=7.9578) vs_sbs=-0.47%
      CVRP: top1=0.398 mean_cost=18.2648 (sbs=18.2943) vs_sbs=-0.16%
      ATSP: top1=0.775 mean_cost=1.6357 (sbs=1.6735) vs_sbs=-2.26%
      OVRP: top1=0.318 mean_cost=7.4594 (sbs=7.4617) vs_sbs=-0.03%
      VRPB: top1=0.562 mean_cost=9.3342 (sbs=9.3403) vs_sbs=-0.06%
      VRPL: top1=0.297 mean_cost=12.4061 (sbs=12.4072) vs_sbs=-0.01%
     VRPTW: top1=0.422 mean_cost=17.9305 (sbs=18.6571) vs_sbs=-3.89%
    OVRPTW: top1=0.482 mean_cost=10.0493 (sbs=10.0484) vs_sbs=+0.01%
     OVRPB: top1=0.558 mean_cost=6.3190 (sbs=6.3220) vs_sbs=-0.05%
     OVRPL: top1=0.358 mean_cost=7.4359 (sbs=7.4376) vs_sbs=-0.02%
     VRPBL: top1=0.530 mean_cost=9.3580 (sbs=9.3593) vs_sbs=-0.01%
    VRPBTW: top1=0.418 mean_cost=19.0814 (sbs=19.6697) vs_sbs=-2.99%
    VRPLTW: top1=0.421 mean_cost=17.6704 (sbs=18.5091) vs_sbs=-4.53%
    OVRPBL: top1=0.569 mean_cost=6.3043 (sbs=6.3103) vs_sbs=-0.09%
   OVRPBTW: top1=0.490 mean_cost=10.5041 (sbs=10.5068) vs_sbs=-0.03%
   OVRPLTW: top1=0.497 mean_cost=10.1281 (sbs=10.1272) vs_sbs=+0.01%
   VRPBLTW: top1=0.426 mean_cost=18.9530 (sbs=19.5198) vs_sbs=-2.90%
  OVRPBLTW: top1=0.498 mean_cost=10.5389 (sbs=10.5412) vs_sbs=-0.02%
[save] best.pt epoch=26 score=0.4661
[save] best_top1.pt epoch=26 top1=0.4661
[save] best_top3_safe.pt epoch=26 score=0.9192
[save] best_cost.pt epoch=26 vs_sbs=-0.973%
ep027 step007300 loss=0.3549 ce=1.0141 samples/s=6491 peak_GiB=17.37 time=10.6m
ep027 step007350 loss=0.3980 ce=1.1372 samples/s=7592 peak_GiB=17.37 time=10.7m
ep027 step007400 loss=0.3955 ce=1.1301 samples/s=9959 peak_GiB=17.37 time=10.7m
ep027 step007450 loss=0.3917 ce=1.1190 samples/s=9033 peak_GiB=17.37 time=10.8m
ep027 step007500 loss=0.3925 ce=1.1215 samples/s=9038 peak_GiB=17.37 time=10.8m
ep027 step007550 loss=0.3929 ce=1.1225 samples/s=7037 peak_GiB=17.37 time=10.9m
[epoch done 27] loss=0.39292 lr=0.0001 updates=7558 skipped=0 grad=0.2763672471046448
[eval epoch 27] macro_top1=0.4664 top2=0.8046 top3=0.9153 vs_sbs=-0.963% vbs_closed=+24.98%
       TSP: top1=0.372 mean_cost=7.9249 (sbs=7.9578) vs_sbs=-0.41%
      CVRP: top1=0.361 mean_cost=18.2824 (sbs=18.2943) vs_sbs=-0.07%
      ATSP: top1=0.772 mean_cost=1.6355 (sbs=1.6735) vs_sbs=-2.27%
      OVRP: top1=0.296 mean_cost=7.4621 (sbs=7.4617) vs_sbs=+0.01%
      VRPB: top1=0.554 mean_cost=9.3331 (sbs=9.3403) vs_sbs=-0.08%
      VRPL: top1=0.304 mean_cost=12.4040 (sbs=12.4072) vs_sbs=-0.03%
     VRPTW: top1=0.427 mean_cost=17.9418 (sbs=18.6571) vs_sbs=-3.83%
    OVRPTW: top1=0.491 mean_cost=10.0450 (sbs=10.0484) vs_sbs=-0.03%
     OVRPB: top1=0.564 mean_cost=6.3186 (sbs=6.3220) vs_sbs=-0.05%
     OVRPL: top1=0.352 mean_cost=7.4389 (sbs=7.4376) vs_sbs=+0.02%
     VRPBL: top1=0.540 mean_cost=9.3551 (sbs=9.3593) vs_sbs=-0.04%
    VRPBTW: top1=0.443 mean_cost=19.0829 (sbs=19.6697) vs_sbs=-2.98%
    VRPLTW: top1=0.442 mean_cost=17.6787 (sbs=18.5091) vs_sbs=-4.49%
    OVRPBL: top1=0.582 mean_cost=6.3020 (sbs=6.3103) vs_sbs=-0.13%
   OVRPBTW: top1=0.480 mean_cost=10.5066 (sbs=10.5068) vs_sbs=-0.00%
   OVRPLTW: top1=0.497 mean_cost=10.1289 (sbs=10.1272) vs_sbs=+0.02%
   VRPBLTW: top1=0.433 mean_cost=18.9543 (sbs=19.5198) vs_sbs=-2.90%
  OVRPBLTW: top1=0.485 mean_cost=10.5348 (sbs=10.5412) vs_sbs=-0.06%
[save] best.pt epoch=27 score=0.4664
[save] best_top1.pt epoch=27 top1=0.4664
ep028 step007600 loss=0.3978 ce=1.1366 samples/s=6701 peak_GiB=17.37 time=11.0m
ep028 step007650 loss=0.3930 ce=1.1227 samples/s=9022 peak_GiB=17.37 time=11.0m
ep028 step007700 loss=0.3945 ce=1.1271 samples/s=8247 peak_GiB=17.37 time=11.1m
ep028 step007750 loss=0.3926 ce=1.1218 samples/s=9025 peak_GiB=17.37 time=11.2m
ep028 step007800 loss=0.3946 ce=1.1274 samples/s=8239 peak_GiB=17.37 time=11.2m
[epoch done 28] loss=0.39275 lr=0.0001 updates=7828 skipped=0 grad=0.29709216952323914
[eval epoch 28] macro_top1=0.4673 top2=0.8069 top3=0.9174 vs_sbs=-0.956% vbs_closed=+24.62%
       TSP: top1=0.364 mean_cost=7.9211 (sbs=7.9578) vs_sbs=-0.46%
      CVRP: top1=0.363 mean_cost=18.3051 (sbs=18.2943) vs_sbs=+0.06%
      ATSP: top1=0.748 mean_cost=1.6413 (sbs=1.6735) vs_sbs=-1.93%
      OVRP: top1=0.307 mean_cost=7.4612 (sbs=7.4617) vs_sbs=-0.01%
      VRPB: top1=0.553 mean_cost=9.3337 (sbs=9.3403) vs_sbs=-0.07%
      VRPL: top1=0.304 mean_cost=12.4037 (sbs=12.4072) vs_sbs=-0.03%
     VRPTW: top1=0.438 mean_cost=17.9426 (sbs=18.6571) vs_sbs=-3.83%
    OVRPTW: top1=0.491 mean_cost=10.0460 (sbs=10.0484) vs_sbs=-0.02%
     OVRPB: top1=0.571 mean_cost=6.3181 (sbs=6.3220) vs_sbs=-0.06%
     OVRPL: top1=0.354 mean_cost=7.4351 (sbs=7.4376) vs_sbs=-0.03%
     VRPBL: top1=0.546 mean_cost=9.3527 (sbs=9.3593) vs_sbs=-0.07%
    VRPBTW: top1=0.443 mean_cost=19.0655 (sbs=19.6697) vs_sbs=-3.07%
    VRPLTW: top1=0.442 mean_cost=17.6558 (sbs=18.5091) vs_sbs=-4.61%
    OVRPBL: top1=0.560 mean_cost=6.3051 (sbs=6.3103) vs_sbs=-0.08%
   OVRPBTW: top1=0.507 mean_cost=10.4993 (sbs=10.5068) vs_sbs=-0.07%
   OVRPLTW: top1=0.499 mean_cost=10.1260 (sbs=10.1272) vs_sbs=-0.01%
   VRPBLTW: top1=0.430 mean_cost=18.9554 (sbs=19.5198) vs_sbs=-2.89%
  OVRPBLTW: top1=0.491 mean_cost=10.5401 (sbs=10.5412) vs_sbs=-0.01%
[save] best.pt epoch=28 score=0.4673
[save] best_top1.pt epoch=28 top1=0.4673
ep029 step007850 loss=0.3876 ce=1.1074 samples/s=6698 peak_GiB=17.37 time=11.3m
ep029 step007900 loss=0.3885 ce=1.1099 samples/s=9035 peak_GiB=17.37 time=11.4m
ep029 step007950 loss=0.3911 ce=1.1176 samples/s=7582 peak_GiB=17.37 time=11.4m
ep029 step008000 loss=0.3962 ce=1.1320 samples/s=8248 peak_GiB=17.37 time=11.5m
ep029 step008050 loss=0.3936 ce=1.1245 samples/s=9039 peak_GiB=17.37 time=11.6m
ep029 step008100 loss=0.3931 ce=1.1231 samples/s=9028 peak_GiB=17.37 time=11.6m
[epoch done 29] loss=0.39309 lr=0.0001 updates=8098 skipped=0 grad=0.32742929458618164
[eval epoch 29] macro_top1=0.4683 top2=0.8088 top3=0.9206 vs_sbs=-0.905% vbs_closed=+24.40%
       TSP: top1=0.363 mean_cost=7.9219 (sbs=7.9578) vs_sbs=-0.45%
      CVRP: top1=0.438 mean_cost=18.2370 (sbs=18.2943) vs_sbs=-0.31%
      ATSP: top1=0.770 mean_cost=1.6358 (sbs=1.6735) vs_sbs=-2.25%
      OVRP: top1=0.300 mean_cost=7.4619 (sbs=7.4617) vs_sbs=+0.00%
      VRPB: top1=0.560 mean_cost=9.3352 (sbs=9.3403) vs_sbs=-0.05%
      VRPL: top1=0.301 mean_cost=12.4064 (sbs=12.4072) vs_sbs=-0.01%
     VRPTW: top1=0.397 mean_cost=18.1251 (sbs=18.6571) vs_sbs=-2.85%
    OVRPTW: top1=0.496 mean_cost=10.0470 (sbs=10.0484) vs_sbs=-0.01%
     OVRPB: top1=0.559 mean_cost=6.3215 (sbs=6.3220) vs_sbs=-0.01%
     OVRPL: top1=0.348 mean_cost=7.4383 (sbs=7.4376) vs_sbs=+0.01%
     VRPBL: top1=0.529 mean_cost=9.3575 (sbs=9.3593) vs_sbs=-0.02%
    VRPBTW: top1=0.441 mean_cost=19.0620 (sbs=19.6697) vs_sbs=-3.09%
    VRPLTW: top1=0.447 mean_cost=17.7318 (sbs=18.5091) vs_sbs=-4.20%
    OVRPBL: top1=0.563 mean_cost=6.3035 (sbs=6.3103) vs_sbs=-0.11%
   OVRPBTW: top1=0.503 mean_cost=10.5026 (sbs=10.5068) vs_sbs=-0.04%
   OVRPLTW: top1=0.490 mean_cost=10.1288 (sbs=10.1272) vs_sbs=+0.02%
   VRPBLTW: top1=0.426 mean_cost=18.9577 (sbs=19.5198) vs_sbs=-2.88%
  OVRPBLTW: top1=0.498 mean_cost=10.5369 (sbs=10.5412) vs_sbs=-0.04%
[save] best.pt epoch=29 score=0.4683
[save] best_top1.pt epoch=29 top1=0.4683
[save] best_top3_safe.pt epoch=29 score=0.9206
[train_eval epoch 29] macro_top1=0.4757 top2=0.8091 top3=0.9212 vs_sbs=-0.934% vbs_closed=+25.59%
       TSP: top1=0.382 mean_cost=8.0141 (sbs=8.0483) vs_sbs=-0.42%
      CVRP: top1=0.418 mean_cost=18.0174 (sbs=18.0705) vs_sbs=-0.29%
      ATSP: top1=0.751 mean_cost=1.6424 (sbs=1.6795) vs_sbs=-2.20%
      OVRP: top1=0.350 mean_cost=7.4579 (sbs=7.4591) vs_sbs=-0.02%
      VRPB: top1=0.549 mean_cost=9.3107 (sbs=9.3165) vs_sbs=-0.06%
      VRPL: top1=0.315 mean_cost=12.3931 (sbs=12.3957) vs_sbs=-0.02%
     VRPTW: top1=0.428 mean_cost=18.0229 (sbs=18.5949) vs_sbs=-3.08%
    OVRPTW: top1=0.504 mean_cost=10.0993 (sbs=10.1037) vs_sbs=-0.04%
     OVRPB: top1=0.567 mean_cost=6.3189 (sbs=6.3216) vs_sbs=-0.04%
     OVRPL: top1=0.358 mean_cost=7.4507 (sbs=7.4526) vs_sbs=-0.03%
     VRPBL: top1=0.537 mean_cost=9.3167 (sbs=9.3209) vs_sbs=-0.04%
    VRPBTW: top1=0.445 mean_cost=19.0686 (sbs=19.6924) vs_sbs=-3.17%
    VRPLTW: top1=0.442 mean_cost=17.9102 (sbs=18.6720) vs_sbs=-4.08%
    OVRPBL: top1=0.558 mean_cost=6.3051 (sbs=6.3079) vs_sbs=-0.04%
   OVRPBTW: top1=0.496 mean_cost=10.5837 (sbs=10.5894) vs_sbs=-0.05%
   OVRPLTW: top1=0.505 mean_cost=10.1099 (sbs=10.1136) vs_sbs=-0.04%
   VRPBLTW: top1=0.457 mean_cost=19.0546 (sbs=19.6661) vs_sbs=-3.11%
  OVRPBLTW: top1=0.503 mean_cost=10.5412 (sbs=10.5476) vs_sbs=-0.06%
ep030 step008150 loss=0.3894 ce=1.1125 samples/s=2108 peak_GiB=17.37 time=11.9m
ep030 step008200 loss=0.3892 ce=1.1121 samples/s=8249 peak_GiB=17.37 time=11.9m
ep030 step008250 loss=0.3876 ce=1.1074 samples/s=9967 peak_GiB=17.37 time=12.0m
ep030 step008300 loss=0.3895 ce=1.1129 samples/s=8247 peak_GiB=17.37 time=12.1m
ep030 step008350 loss=0.3908 ce=1.1167 samples/s=8254 peak_GiB=17.37 time=12.1m
[epoch done 30] loss=0.39033 lr=0.0001 updates=8368 skipped=0 grad=0.29995909333229065
[eval epoch 30] macro_top1=0.4687 top2=0.8115 top3=0.9220 vs_sbs=-0.993% vbs_closed=+25.86%
       TSP: top1=0.369 mean_cost=7.9213 (sbs=7.9578) vs_sbs=-0.46%
      CVRP: top1=0.431 mean_cost=18.2354 (sbs=18.2943) vs_sbs=-0.32%
      ATSP: top1=0.774 mean_cost=1.6360 (sbs=1.6735) vs_sbs=-2.24%
      OVRP: top1=0.280 mean_cost=7.4649 (sbs=7.4617) vs_sbs=+0.04%
      VRPB: top1=0.555 mean_cost=9.3332 (sbs=9.3403) vs_sbs=-0.08%
      VRPL: top1=0.291 mean_cost=12.4066 (sbs=12.4072) vs_sbs=-0.00%
     VRPTW: top1=0.449 mean_cost=17.9048 (sbs=18.6571) vs_sbs=-4.03%
    OVRPTW: top1=0.495 mean_cost=10.0474 (sbs=10.0484) vs_sbs=-0.01%
     OVRPB: top1=0.561 mean_cost=6.3202 (sbs=6.3220) vs_sbs=-0.03%
     OVRPL: top1=0.345 mean_cost=7.4396 (sbs=7.4376) vs_sbs=+0.03%
     VRPBL: top1=0.531 mean_cost=9.3582 (sbs=9.3593) vs_sbs=-0.01%
    VRPBTW: top1=0.448 mean_cost=19.0430 (sbs=19.6697) vs_sbs=-3.19%
    VRPLTW: top1=0.439 mean_cost=17.6727 (sbs=18.5091) vs_sbs=-4.52%
    OVRPBL: top1=0.572 mean_cost=6.3024 (sbs=6.3103) vs_sbs=-0.12%
   OVRPBTW: top1=0.494 mean_cost=10.5037 (sbs=10.5068) vs_sbs=-0.03%
   OVRPLTW: top1=0.492 mean_cost=10.1278 (sbs=10.1272) vs_sbs=+0.01%
   VRPBLTW: top1=0.423 mean_cost=18.9524 (sbs=19.5198) vs_sbs=-2.91%
  OVRPBLTW: top1=0.488 mean_cost=10.5410 (sbs=10.5412) vs_sbs=-0.00%
[save] best.pt epoch=30 score=0.4687
[save] best_top1.pt epoch=30 top1=0.4687
[save] best_top3_safe.pt epoch=30 score=0.9220
[save] best_cost.pt epoch=30 vs_sbs=-0.993%
ep031 step008400 loss=0.3903 ce=1.1152 samples/s=6079 peak_GiB=17.37 time=12.2m
ep031 step008450 loss=0.3883 ce=1.1093 samples/s=9033 peak_GiB=17.37 time=12.3m
ep031 step008500 loss=0.3904 ce=1.1154 samples/s=9024 peak_GiB=17.37 time=12.3m
ep031 step008550 loss=0.3921 ce=1.1203 samples/s=8248 peak_GiB=17.37 time=12.4m
ep031 step008600 loss=0.3915 ce=1.1186 samples/s=8228 peak_GiB=17.37 time=12.5m
[epoch done 31] loss=0.39314 lr=0.0001 updates=8638 skipped=0 grad=0.32491493225097656
[eval epoch 31] macro_top1=0.4709 top2=0.8095 top3=0.9188 vs_sbs=-0.991% vbs_closed=+26.73%
       TSP: top1=0.367 mean_cost=7.9235 (sbs=7.9578) vs_sbs=-0.43%
      CVRP: top1=0.425 mean_cost=18.2312 (sbs=18.2943) vs_sbs=-0.35%
      ATSP: top1=0.770 mean_cost=1.6376 (sbs=1.6735) vs_sbs=-2.14%
      OVRP: top1=0.329 mean_cost=7.4583 (sbs=7.4617) vs_sbs=-0.04%
      VRPB: top1=0.557 mean_cost=9.3356 (sbs=9.3403) vs_sbs=-0.05%
      VRPL: top1=0.308 mean_cost=12.4041 (sbs=12.4072) vs_sbs=-0.02%
     VRPTW: top1=0.438 mean_cost=17.9128 (sbs=18.6571) vs_sbs=-3.99%
    OVRPTW: top1=0.497 mean_cost=10.0432 (sbs=10.0484) vs_sbs=-0.05%
     OVRPB: top1=0.563 mean_cost=6.3190 (sbs=6.3220) vs_sbs=-0.05%
     OVRPL: top1=0.342 mean_cost=7.4398 (sbs=7.4376) vs_sbs=+0.03%
     VRPBL: top1=0.530 mean_cost=9.3559 (sbs=9.3593) vs_sbs=-0.04%
    VRPBTW: top1=0.427 mean_cost=19.0696 (sbs=19.6697) vs_sbs=-3.05%
    VRPLTW: top1=0.433 mean_cost=17.6546 (sbs=18.5091) vs_sbs=-4.62%
    OVRPBL: top1=0.581 mean_cost=6.3030 (sbs=6.3103) vs_sbs=-0.12%
   OVRPBTW: top1=0.494 mean_cost=10.5029 (sbs=10.5068) vs_sbs=-0.04%
   OVRPLTW: top1=0.495 mean_cost=10.1287 (sbs=10.1272) vs_sbs=+0.01%
   VRPBLTW: top1=0.428 mean_cost=18.9605 (sbs=19.5198) vs_sbs=-2.87%
  OVRPBLTW: top1=0.493 mean_cost=10.5373 (sbs=10.5412) vs_sbs=-0.04%
[save] best.pt epoch=31 score=0.4709
[save] best_top1.pt epoch=31 top1=0.4709
ep032 step008650 loss=0.3734 ce=1.0668 samples/s=6698 peak_GiB=17.37 time=12.5m
ep032 step008700 loss=0.3968 ce=1.1336 samples/s=8242 peak_GiB=17.37 time=12.6m
ep032 step008750 loss=0.3909 ce=1.1170 samples/s=9033 peak_GiB=17.37 time=12.7m
ep032 step008800 loss=0.3900 ce=1.1144 samples/s=9017 peak_GiB=17.37 time=12.7m
ep032 step008850 loss=0.3908 ce=1.1166 samples/s=8243 peak_GiB=17.37 time=12.8m
ep032 step008900 loss=0.3916 ce=1.1188 samples/s=8249 peak_GiB=17.37 time=12.8m
[epoch done 32] loss=0.39122 lr=0.0001 updates=8907 skipped=1 grad=0.33347460627555847
[eval epoch 32] macro_top1=0.4683 top2=0.8070 top3=0.9171 vs_sbs=-0.981% vbs_closed=+26.43%
       TSP: top1=0.361 mean_cost=7.9189 (sbs=7.9578) vs_sbs=-0.49%
      CVRP: top1=0.426 mean_cost=18.2444 (sbs=18.2943) vs_sbs=-0.27%
      ATSP: top1=0.768 mean_cost=1.6375 (sbs=1.6735) vs_sbs=-2.15%
      OVRP: top1=0.322 mean_cost=7.4589 (sbs=7.4617) vs_sbs=-0.04%
      VRPB: top1=0.548 mean_cost=9.3341 (sbs=9.3403) vs_sbs=-0.07%
      VRPL: top1=0.286 mean_cost=12.4074 (sbs=12.4072) vs_sbs=+0.00%
     VRPTW: top1=0.439 mean_cost=17.9072 (sbs=18.6571) vs_sbs=-4.02%
    OVRPTW: top1=0.500 mean_cost=10.0437 (sbs=10.0484) vs_sbs=-0.05%
     OVRPB: top1=0.562 mean_cost=6.3184 (sbs=6.3220) vs_sbs=-0.06%
     OVRPL: top1=0.346 mean_cost=7.4387 (sbs=7.4376) vs_sbs=+0.02%
     VRPBL: top1=0.546 mean_cost=9.3531 (sbs=9.3593) vs_sbs=-0.07%
    VRPBTW: top1=0.431 mean_cost=19.0718 (sbs=19.6697) vs_sbs=-3.04%
    VRPLTW: top1=0.407 mean_cost=17.6890 (sbs=18.5091) vs_sbs=-4.43%
    OVRPBL: top1=0.573 mean_cost=6.3052 (sbs=6.3103) vs_sbs=-0.08%
   OVRPBTW: top1=0.504 mean_cost=10.4997 (sbs=10.5068) vs_sbs=-0.07%
   OVRPLTW: top1=0.499 mean_cost=10.1289 (sbs=10.1272) vs_sbs=+0.02%
   VRPBLTW: top1=0.426 mean_cost=18.9631 (sbs=19.5198) vs_sbs=-2.85%
  OVRPBLTW: top1=0.485 mean_cost=10.5394 (sbs=10.5412) vs_sbs=-0.02%
ep033 step008950 loss=0.3931 ce=1.1231 samples/s=6461 peak_GiB=17.37 time=12.9m
ep033 step009000 loss=0.3897 ce=1.1134 samples/s=9038 peak_GiB=17.37 time=13.0m
ep033 step009050 loss=0.3891 ce=1.1118 samples/s=9046 peak_GiB=17.37 time=13.0m
ep033 step009100 loss=0.3900 ce=1.1144 samples/s=8243 peak_GiB=17.37 time=13.1m
ep033 step009150 loss=0.3905 ce=1.1156 samples/s=9035 peak_GiB=17.37 time=13.2m
[epoch done 33] loss=0.38966 lr=0.0001 updates=9177 skipped=0 grad=0.34118759632110596
[eval epoch 33] macro_top1=0.4699 top2=0.8121 top3=0.9231 vs_sbs=-0.981% vbs_closed=+25.95%
       TSP: top1=0.367 mean_cost=7.9222 (sbs=7.9578) vs_sbs=-0.45%
      CVRP: top1=0.399 mean_cost=18.2630 (sbs=18.2943) vs_sbs=-0.17%
      ATSP: top1=0.775 mean_cost=1.6355 (sbs=1.6735) vs_sbs=-2.27%
      OVRP: top1=0.332 mean_cost=7.4598 (sbs=7.4617) vs_sbs=-0.02%
      VRPB: top1=0.562 mean_cost=9.3319 (sbs=9.3403) vs_sbs=-0.09%
      VRPL: top1=0.308 mean_cost=12.4037 (sbs=12.4072) vs_sbs=-0.03%
     VRPTW: top1=0.444 mean_cost=17.9285 (sbs=18.6571) vs_sbs=-3.91%
    OVRPTW: top1=0.492 mean_cost=10.0436 (sbs=10.0484) vs_sbs=-0.05%
     OVRPB: top1=0.562 mean_cost=6.3207 (sbs=6.3220) vs_sbs=-0.02%
     OVRPL: top1=0.353 mean_cost=7.4375 (sbs=7.4376) vs_sbs=-0.00%
     VRPBL: top1=0.528 mean_cost=9.3569 (sbs=9.3593) vs_sbs=-0.03%
    VRPBTW: top1=0.429 mean_cost=19.0626 (sbs=19.6697) vs_sbs=-3.09%
    VRPLTW: top1=0.440 mean_cost=17.6808 (sbs=18.5091) vs_sbs=-4.48%
    OVRPBL: top1=0.567 mean_cost=6.3037 (sbs=6.3103) vs_sbs=-0.10%
   OVRPBTW: top1=0.495 mean_cost=10.5038 (sbs=10.5068) vs_sbs=-0.03%
   OVRPLTW: top1=0.489 mean_cost=10.1294 (sbs=10.1272) vs_sbs=+0.02%
   VRPBLTW: top1=0.428 mean_cost=18.9481 (sbs=19.5198) vs_sbs=-2.93%
  OVRPBLTW: top1=0.488 mean_cost=10.5389 (sbs=10.5412) vs_sbs=-0.02%
[save] best_top3_safe.pt epoch=33 score=0.9231
ep034 step009200 loss=0.3845 ce=1.0986 samples/s=6364 peak_GiB=17.37 time=13.3m
ep034 step009250 loss=0.3919 ce=1.1197 samples/s=8238 peak_GiB=17.37 time=13.3m
ep034 step009300 loss=0.3902 ce=1.1150 samples/s=8243 peak_GiB=17.37 time=13.4m
ep034 step009350 loss=0.3893 ce=1.1122 samples/s=9977 peak_GiB=17.37 time=13.4m
ep034 step009400 loss=0.3872 ce=1.1063 samples/s=8239 peak_GiB=17.37 time=13.5m
ep034 step009450 loss=0.3889 ce=1.1113 samples/s=8247 peak_GiB=17.37 time=13.6m
[epoch done 34] loss=0.38894 lr=0.0001 updates=9447 skipped=0 grad=0.33982521295547485
[eval epoch 34] macro_top1=0.4742 top2=0.8126 top3=0.9208 vs_sbs=-1.015% vbs_closed=+28.45%
       TSP: top1=0.372 mean_cost=7.9194 (sbs=7.9578) vs_sbs=-0.48%
      CVRP: top1=0.457 mean_cost=18.2224 (sbs=18.2943) vs_sbs=-0.39%
      ATSP: top1=0.773 mean_cost=1.6353 (sbs=1.6735) vs_sbs=-2.28%
      OVRP: top1=0.323 mean_cost=7.4590 (sbs=7.4617) vs_sbs=-0.03%
      VRPB: top1=0.561 mean_cost=9.3326 (sbs=9.3403) vs_sbs=-0.08%
      VRPL: top1=0.299 mean_cost=12.4044 (sbs=12.4072) vs_sbs=-0.02%
     VRPTW: top1=0.445 mean_cost=17.9073 (sbs=18.6571) vs_sbs=-4.02%
    OVRPTW: top1=0.495 mean_cost=10.0435 (sbs=10.0484) vs_sbs=-0.05%
     OVRPB: top1=0.564 mean_cost=6.3191 (sbs=6.3220) vs_sbs=-0.05%
     OVRPL: top1=0.353 mean_cost=7.4357 (sbs=7.4376) vs_sbs=-0.03%
     VRPBL: top1=0.532 mean_cost=9.3553 (sbs=9.3593) vs_sbs=-0.04%
    VRPBTW: top1=0.427 mean_cost=19.0662 (sbs=19.6697) vs_sbs=-3.07%
    VRPLTW: top1=0.437 mean_cost=17.6547 (sbs=18.5091) vs_sbs=-4.62%
    OVRPBL: top1=0.593 mean_cost=6.3006 (sbs=6.3103) vs_sbs=-0.15%
   OVRPBTW: top1=0.508 mean_cost=10.4998 (sbs=10.5068) vs_sbs=-0.07%
   OVRPLTW: top1=0.493 mean_cost=10.1297 (sbs=10.1272) vs_sbs=+0.02%
   VRPBLTW: top1=0.418 mean_cost=18.9607 (sbs=19.5198) vs_sbs=-2.86%
  OVRPBLTW: top1=0.486 mean_cost=10.5366 (sbs=10.5412) vs_sbs=-0.04%
[save] best.pt epoch=34 score=0.4742
[save] best_top1.pt epoch=34 top1=0.4742
[save] best_cost.pt epoch=34 vs_sbs=-1.015%
[train_eval epoch 34] macro_top1=0.4826 top2=0.8150 top3=0.9242 vs_sbs=-1.053% vbs_closed=+29.45%
       TSP: top1=0.389 mean_cost=8.0114 (sbs=8.0483) vs_sbs=-0.46%
      CVRP: top1=0.436 mean_cost=18.0112 (sbs=18.0705) vs_sbs=-0.33%
      ATSP: top1=0.751 mean_cost=1.6421 (sbs=1.6795) vs_sbs=-2.22%
      OVRP: top1=0.364 mean_cost=7.4536 (sbs=7.4591) vs_sbs=-0.07%
      VRPB: top1=0.549 mean_cost=9.3095 (sbs=9.3165) vs_sbs=-0.08%
      VRPL: top1=0.318 mean_cost=12.3922 (sbs=12.3957) vs_sbs=-0.03%
     VRPTW: top1=0.450 mean_cost=17.8139 (sbs=18.5949) vs_sbs=-4.20%
    OVRPTW: top1=0.510 mean_cost=10.0967 (sbs=10.1037) vs_sbs=-0.07%
     OVRPB: top1=0.574 mean_cost=6.3164 (sbs=6.3216) vs_sbs=-0.08%
     OVRPL: top1=0.373 mean_cost=7.4477 (sbs=7.4526) vs_sbs=-0.07%
     VRPBL: top1=0.539 mean_cost=9.3155 (sbs=9.3209) vs_sbs=-0.06%
    VRPBTW: top1=0.445 mean_cost=19.0704 (sbs=19.6924) vs_sbs=-3.16%
    VRPLTW: top1=0.459 mean_cost=17.7882 (sbs=18.6720) vs_sbs=-4.73%
    OVRPBL: top1=0.563 mean_cost=6.3037 (sbs=6.3079) vs_sbs=-0.07%
   OVRPBTW: top1=0.497 mean_cost=10.5806 (sbs=10.5894) vs_sbs=-0.08%
   OVRPLTW: top1=0.509 mean_cost=10.1086 (sbs=10.1136) vs_sbs=-0.05%
   VRPBLTW: top1=0.458 mean_cost=19.0489 (sbs=19.6661) vs_sbs=-3.14%
  OVRPBLTW: top1=0.504 mean_cost=10.5408 (sbs=10.5476) vs_sbs=-0.07%
ep035 step009500 loss=0.3866 ce=1.1046 samples/s=2138 peak_GiB=17.37 time=13.8m
ep035 step009550 loss=0.3896 ce=1.1130 samples/s=8228 peak_GiB=17.37 time=13.9m
ep035 step009600 loss=0.3895 ce=1.1129 samples/s=9017 peak_GiB=17.37 time=13.9m
ep035 step009650 loss=0.3911 ce=1.1176 samples/s=7586 peak_GiB=17.37 time=14.0m
ep035 step009700 loss=0.3911 ce=1.1173 samples/s=9040 peak_GiB=17.37 time=14.1m
[epoch done 35] loss=0.39096 lr=0.0001 updates=9715 skipped=2 grad=0.3592773973941803
[eval epoch 35] macro_top1=0.4714 top2=0.8077 top3=0.9160 vs_sbs=-0.970% vbs_closed=+27.02%
       TSP: top1=0.367 mean_cost=7.9219 (sbs=7.9578) vs_sbs=-0.45%
      CVRP: top1=0.441 mean_cost=18.2284 (sbs=18.2943) vs_sbs=-0.36%
      ATSP: top1=0.767 mean_cost=1.6353 (sbs=1.6735) vs_sbs=-2.28%
      OVRP: top1=0.322 mean_cost=7.4590 (sbs=7.4617) vs_sbs=-0.04%
      VRPB: top1=0.548 mean_cost=9.3342 (sbs=9.3403) vs_sbs=-0.06%
      VRPL: top1=0.305 mean_cost=12.4034 (sbs=12.4072) vs_sbs=-0.03%
     VRPTW: top1=0.421 mean_cost=17.9693 (sbs=18.6571) vs_sbs=-3.69%
    OVRPTW: top1=0.503 mean_cost=10.0408 (sbs=10.0484) vs_sbs=-0.08%
     OVRPB: top1=0.565 mean_cost=6.3181 (sbs=6.3220) vs_sbs=-0.06%
     OVRPL: top1=0.354 mean_cost=7.4361 (sbs=7.4376) vs_sbs=-0.02%
     VRPBL: top1=0.532 mean_cost=9.3571 (sbs=9.3593) vs_sbs=-0.02%
    VRPBTW: top1=0.437 mean_cost=19.1083 (sbs=19.6697) vs_sbs=-2.85%
    VRPLTW: top1=0.445 mean_cost=17.6775 (sbs=18.5091) vs_sbs=-4.49%
    OVRPBL: top1=0.581 mean_cost=6.3034 (sbs=6.3103) vs_sbs=-0.11%
   OVRPBTW: top1=0.491 mean_cost=10.5013 (sbs=10.5068) vs_sbs=-0.05%
   OVRPLTW: top1=0.496 mean_cost=10.1298 (sbs=10.1272) vs_sbs=+0.03%
   VRPBLTW: top1=0.422 mean_cost=18.9601 (sbs=19.5198) vs_sbs=-2.87%
  OVRPBLTW: top1=0.488 mean_cost=10.5394 (sbs=10.5412) vs_sbs=-0.02%
ep036 step009750 loss=0.3881 ce=1.1087 samples/s=6944 peak_GiB=17.37 time=14.1m
ep036 step009800 loss=0.3902 ce=1.1148 samples/s=8263 peak_GiB=17.37 time=14.2m
ep036 step009850 loss=0.3880 ce=1.1086 samples/s=8250 peak_GiB=17.37 time=14.3m
ep036 step009900 loss=0.3872 ce=1.1063 samples/s=9041 peak_GiB=17.37 time=14.3m
ep036 step009950 loss=0.3874 ce=1.1070 samples/s=8249 peak_GiB=17.37 time=14.4m
[epoch done 36] loss=0.38776 lr=0.0001 updates=9985 skipped=0 grad=0.3885529637336731
[eval epoch 36] macro_top1=0.4740 top2=0.8099 top3=0.9215 vs_sbs=-0.960% vbs_closed=+27.51%
       TSP: top1=0.375 mean_cost=7.9189 (sbs=7.9578) vs_sbs=-0.49%
      CVRP: top1=0.476 mean_cost=18.2130 (sbs=18.2943) vs_sbs=-0.44%
      ATSP: top1=0.777 mean_cost=1.6355 (sbs=1.6735) vs_sbs=-2.27%
      OVRP: top1=0.323 mean_cost=7.4582 (sbs=7.4617) vs_sbs=-0.05%
      VRPB: top1=0.563 mean_cost=9.3312 (sbs=9.3403) vs_sbs=-0.10%
      VRPL: top1=0.306 mean_cost=12.4031 (sbs=12.4072) vs_sbs=-0.03%
     VRPTW: top1=0.431 mean_cost=17.9372 (sbs=18.6571) vs_sbs=-3.86%
    OVRPTW: top1=0.487 mean_cost=10.0448 (sbs=10.0484) vs_sbs=-0.04%
     OVRPB: top1=0.562 mean_cost=6.3210 (sbs=6.3220) vs_sbs=-0.02%
     OVRPL: top1=0.352 mean_cost=7.4365 (sbs=7.4376) vs_sbs=-0.01%
     VRPBL: top1=0.523 mean_cost=9.3581 (sbs=9.3593) vs_sbs=-0.01%
    VRPBTW: top1=0.426 mean_cost=19.0549 (sbs=19.6697) vs_sbs=-3.13%
    VRPLTW: top1=0.411 mean_cost=17.8220 (sbs=18.5091) vs_sbs=-3.71%
    OVRPBL: top1=0.582 mean_cost=6.3028 (sbs=6.3103) vs_sbs=-0.12%
   OVRPBTW: top1=0.504 mean_cost=10.5007 (sbs=10.5068) vs_sbs=-0.06%
   OVRPLTW: top1=0.506 mean_cost=10.1276 (sbs=10.1272) vs_sbs=+0.00%
   VRPBLTW: top1=0.437 mean_cost=18.9504 (sbs=19.5198) vs_sbs=-2.92%
  OVRPBLTW: top1=0.491 mean_cost=10.5376 (sbs=10.5412) vs_sbs=-0.03%
ep037 step010000 loss=0.3945 ce=1.1271 samples/s=6948 peak_GiB=17.37 time=14.5m
ep037 step010050 loss=0.3936 ce=1.1246 samples/s=8256 peak_GiB=17.37 time=14.5m
ep037 step010100 loss=0.3888 ce=1.1110 samples/s=8251 peak_GiB=17.37 time=14.6m
ep037 step010150 loss=0.3889 ce=1.1112 samples/s=9032 peak_GiB=17.37 time=14.7m
ep037 step010200 loss=0.3870 ce=1.1056 samples/s=8236 peak_GiB=17.37 time=14.7m
ep037 step010250 loss=0.3891 ce=1.1117 samples/s=8249 peak_GiB=17.37 time=14.8m
[epoch done 37] loss=0.38770 lr=0.0001 updates=10255 skipped=0 grad=0.36228758096694946
[eval epoch 37] macro_top1=0.4625 top2=0.7957 top3=0.9096 vs_sbs=-0.925% vbs_closed=+25.38%
       TSP: top1=0.319 mean_cost=7.9212 (sbs=7.9578) vs_sbs=-0.46%
      CVRP: top1=0.378 mean_cost=18.2589 (sbs=18.2943) vs_sbs=-0.19%
      ATSP: top1=0.776 mean_cost=1.6358 (sbs=1.6735) vs_sbs=-2.25%
      OVRP: top1=0.315 mean_cost=7.4592 (sbs=7.4617) vs_sbs=-0.03%
      VRPB: top1=0.551 mean_cost=9.3333 (sbs=9.3403) vs_sbs=-0.07%
      VRPL: top1=0.288 mean_cost=12.4064 (sbs=12.4072) vs_sbs=-0.01%
     VRPTW: top1=0.424 mean_cost=17.9547 (sbs=18.6571) vs_sbs=-3.76%
    OVRPTW: top1=0.506 mean_cost=10.0413 (sbs=10.0484) vs_sbs=-0.07%
     OVRPB: top1=0.588 mean_cost=6.3142 (sbs=6.3220) vs_sbs=-0.12%
     OVRPL: top1=0.346 mean_cost=7.4376 (sbs=7.4376) vs_sbs=+0.00%
     VRPBL: top1=0.526 mean_cost=9.3585 (sbs=9.3593) vs_sbs=-0.01%
    VRPBTW: top1=0.430 mean_cost=19.0616 (sbs=19.6697) vs_sbs=-3.09%
    VRPLTW: top1=0.424 mean_cost=17.7456 (sbs=18.5091) vs_sbs=-4.13%
    OVRPBL: top1=0.571 mean_cost=6.3047 (sbs=6.3103) vs_sbs=-0.09%
   OVRPBTW: top1=0.498 mean_cost=10.5007 (sbs=10.5068) vs_sbs=-0.06%
   OVRPLTW: top1=0.500 mean_cost=10.1280 (sbs=10.1272) vs_sbs=+0.01%
   VRPBLTW: top1=0.396 mean_cost=19.0788 (sbs=19.5198) vs_sbs=-2.26%
  OVRPBLTW: top1=0.489 mean_cost=10.5360 (sbs=10.5412) vs_sbs=-0.05%
ep038 step010300 loss=0.3994 ce=1.1411 samples/s=7486 peak_GiB=17.37 time=14.9m
ep038 step010350 loss=0.3927 ce=1.1221 samples/s=8260 peak_GiB=17.37 time=14.9m
ep038 step010400 loss=0.3928 ce=1.1224 samples/s=8256 peak_GiB=17.37 time=15.0m
ep038 step010450 loss=0.3939 ce=1.1255 samples/s=8246 peak_GiB=17.37 time=15.1m
ep038 step010500 loss=0.3888 ce=1.1110 samples/s=9956 peak_GiB=17.37 time=15.1m
[epoch done 38] loss=0.39048 lr=0.0001 updates=10525 skipped=0 grad=0.430378258228302
[eval epoch 38] macro_top1=0.4749 top2=0.8116 top3=0.9191 vs_sbs=-0.976% vbs_closed=+27.17%
       TSP: top1=0.366 mean_cost=7.9268 (sbs=7.9578) vs_sbs=-0.39%
      CVRP: top1=0.465 mean_cost=18.2178 (sbs=18.2943) vs_sbs=-0.42%
      ATSP: top1=0.763 mean_cost=1.6392 (sbs=1.6735) vs_sbs=-2.05%
      OVRP: top1=0.332 mean_cost=7.4579 (sbs=7.4617) vs_sbs=-0.05%
      VRPB: top1=0.560 mean_cost=9.3312 (sbs=9.3403) vs_sbs=-0.10%
      VRPL: top1=0.304 mean_cost=12.4056 (sbs=12.4072) vs_sbs=-0.01%
     VRPTW: top1=0.445 mean_cost=17.9232 (sbs=18.6571) vs_sbs=-3.93%
    OVRPTW: top1=0.496 mean_cost=10.0441 (sbs=10.0484) vs_sbs=-0.04%
     OVRPB: top1=0.561 mean_cost=6.3203 (sbs=6.3220) vs_sbs=-0.03%
     OVRPL: top1=0.368 mean_cost=7.4362 (sbs=7.4376) vs_sbs=-0.02%
     VRPBL: top1=0.535 mean_cost=9.3546 (sbs=9.3593) vs_sbs=-0.05%
    VRPBTW: top1=0.420 mean_cost=19.0771 (sbs=19.6697) vs_sbs=-3.01%
    VRPLTW: top1=0.427 mean_cost=17.6808 (sbs=18.5091) vs_sbs=-4.48%
    OVRPBL: top1=0.576 mean_cost=6.3030 (sbs=6.3103) vs_sbs=-0.12%
   OVRPBTW: top1=0.510 mean_cost=10.4979 (sbs=10.5068) vs_sbs=-0.08%
   OVRPLTW: top1=0.508 mean_cost=10.1256 (sbs=10.1272) vs_sbs=-0.02%
   VRPBLTW: top1=0.428 mean_cost=18.9816 (sbs=19.5198) vs_sbs=-2.76%
  OVRPBLTW: top1=0.485 mean_cost=10.5402 (sbs=10.5412) vs_sbs=-0.01%
[save] best.pt epoch=38 score=0.4749
[save] best_top1.pt epoch=38 top1=0.4749
ep039 step010550 loss=0.3789 ce=1.0826 samples/s=6266 peak_GiB=17.37 time=15.2m
ep039 step010600 loss=0.3874 ce=1.1067 samples/s=8254 peak_GiB=17.37 time=15.3m
ep039 step010650 loss=0.3905 ce=1.1158 samples/s=8246 peak_GiB=17.37 time=15.3m
ep039 step010700 loss=0.3862 ce=1.1034 samples/s=9969 peak_GiB=17.37 time=15.4m
ep039 step010750 loss=0.3896 ce=1.1132 samples/s=7595 peak_GiB=17.37 time=15.4m
ep039 step010800 loss=0.3876 ce=1.1075 samples/s=9017 peak_GiB=17.37 time=15.5m
[epoch done 39] loss=0.38763 lr=0.0001 updates=10795 skipped=0 grad=0.42394617199897766
[eval epoch 39] macro_top1=0.4736 top2=0.8134 top3=0.9238 vs_sbs=-0.994% vbs_closed=+26.91%
       TSP: top1=0.377 mean_cost=7.9211 (sbs=7.9578) vs_sbs=-0.46%
      CVRP: top1=0.428 mean_cost=18.2327 (sbs=18.2943) vs_sbs=-0.34%
      ATSP: top1=0.767 mean_cost=1.6377 (sbs=1.6735) vs_sbs=-2.14%
      OVRP: top1=0.336 mean_cost=7.4580 (sbs=7.4617) vs_sbs=-0.05%
      VRPB: top1=0.557 mean_cost=9.3342 (sbs=9.3403) vs_sbs=-0.07%
      VRPL: top1=0.310 mean_cost=12.4034 (sbs=12.4072) vs_sbs=-0.03%
     VRPTW: top1=0.449 mean_cost=17.9204 (sbs=18.6571) vs_sbs=-3.95%
    OVRPTW: top1=0.502 mean_cost=10.0442 (sbs=10.0484) vs_sbs=-0.04%
     OVRPB: top1=0.557 mean_cost=6.3206 (sbs=6.3220) vs_sbs=-0.02%
     OVRPL: top1=0.358 mean_cost=7.4385 (sbs=7.4376) vs_sbs=+0.01%
     VRPBL: top1=0.528 mean_cost=9.3568 (sbs=9.3593) vs_sbs=-0.03%
    VRPBTW: top1=0.433 mean_cost=19.0591 (sbs=19.6697) vs_sbs=-3.10%
    VRPLTW: top1=0.435 mean_cost=17.6488 (sbs=18.5091) vs_sbs=-4.65%
    OVRPBL: top1=0.581 mean_cost=6.3030 (sbs=6.3103) vs_sbs=-0.12%
   OVRPBTW: top1=0.506 mean_cost=10.5012 (sbs=10.5068) vs_sbs=-0.05%
   OVRPLTW: top1=0.493 mean_cost=10.1276 (sbs=10.1272) vs_sbs=+0.00%
   VRPBLTW: top1=0.421 mean_cost=18.9587 (sbs=19.5198) vs_sbs=-2.87%
  OVRPBLTW: top1=0.486 mean_cost=10.5420 (sbs=10.5412) vs_sbs=+0.01%
[save] best_top3_safe.pt epoch=39 score=0.9238
[train_eval epoch 39] macro_top1=0.4834 top2=0.8161 top3=0.9264 vs_sbs=-1.040% vbs_closed=+28.49%
       TSP: top1=0.391 mean_cost=8.0146 (sbs=8.0483) vs_sbs=-0.42%
      CVRP: top1=0.416 mean_cost=18.0167 (sbs=18.0705) vs_sbs=-0.30%
      ATSP: top1=0.746 mean_cost=1.6442 (sbs=1.6795) vs_sbs=-2.10%
      OVRP: top1=0.365 mean_cost=7.4552 (sbs=7.4591) vs_sbs=-0.05%
      VRPB: top1=0.553 mean_cost=9.3085 (sbs=9.3165) vs_sbs=-0.09%
      VRPL: top1=0.330 mean_cost=12.3918 (sbs=12.3957) vs_sbs=-0.03%
     VRPTW: top1=0.456 mean_cost=17.8163 (sbs=18.5949) vs_sbs=-4.19%
    OVRPTW: top1=0.508 mean_cost=10.0975 (sbs=10.1037) vs_sbs=-0.06%
     OVRPB: top1=0.574 mean_cost=6.3166 (sbs=6.3216) vs_sbs=-0.08%
     OVRPL: top1=0.368 mean_cost=7.4508 (sbs=7.4526) vs_sbs=-0.02%
     VRPBL: top1=0.542 mean_cost=9.3152 (sbs=9.3209) vs_sbs=-0.06%
    VRPBTW: top1=0.457 mean_cost=19.0541 (sbs=19.6924) vs_sbs=-3.24%
    VRPLTW: top1=0.461 mean_cost=17.8010 (sbs=18.6720) vs_sbs=-4.66%
    OVRPBL: top1=0.564 mean_cost=6.3033 (sbs=6.3079) vs_sbs=-0.07%
   OVRPBTW: top1=0.495 mean_cost=10.5820 (sbs=10.5894) vs_sbs=-0.07%
   OVRPLTW: top1=0.513 mean_cost=10.1081 (sbs=10.1136) vs_sbs=-0.05%
   VRPBLTW: top1=0.458 mean_cost=19.0493 (sbs=19.6661) vs_sbs=-3.14%
  OVRPBLTW: top1=0.504 mean_cost=10.5402 (sbs=10.5476) vs_sbs=-0.07%
ep040 step010850 loss=0.3804 ce=1.0869 samples/s=2175 peak_GiB=17.37 time=15.8m
ep040 step010900 loss=0.3831 ce=1.0946 samples/s=8255 peak_GiB=17.37 time=15.8m
ep040 step010950 loss=0.3827 ce=1.0933 samples/s=8258 peak_GiB=17.37 time=15.9m
ep040 step011000 loss=0.3838 ce=1.0965 samples/s=9025 peak_GiB=17.37 time=15.9m
ep040 step011050 loss=0.3834 ce=1.0954 samples/s=8247 peak_GiB=17.37 time=16.0m
[epoch done 40] loss=0.38257 lr=5e-05 updates=11065 skipped=0 grad=0.30684933066368103
[eval epoch 40] macro_top1=0.4756 top2=0.8176 top3=0.9238 vs_sbs=-1.015% vbs_closed=+28.51%
       TSP: top1=0.374 mean_cost=7.9215 (sbs=7.9578) vs_sbs=-0.46%
      CVRP: top1=0.481 mean_cost=18.2065 (sbs=18.2943) vs_sbs=-0.48%
      ATSP: top1=0.776 mean_cost=1.6357 (sbs=1.6735) vs_sbs=-2.26%
      OVRP: top1=0.319 mean_cost=7.4589 (sbs=7.4617) vs_sbs=-0.04%
      VRPB: top1=0.562 mean_cost=9.3324 (sbs=9.3403) vs_sbs=-0.08%
      VRPL: top1=0.315 mean_cost=12.4023 (sbs=12.4072) vs_sbs=-0.04%
     VRPTW: top1=0.436 mean_cost=17.9031 (sbs=18.6571) vs_sbs=-4.04%
    OVRPTW: top1=0.496 mean_cost=10.0421 (sbs=10.0484) vs_sbs=-0.06%
     OVRPB: top1=0.559 mean_cost=6.3202 (sbs=6.3220) vs_sbs=-0.03%
     OVRPL: top1=0.371 mean_cost=7.4365 (sbs=7.4376) vs_sbs=-0.01%
     VRPBL: top1=0.530 mean_cost=9.3556 (sbs=9.3593) vs_sbs=-0.04%
    VRPBTW: top1=0.429 mean_cost=19.0638 (sbs=19.6697) vs_sbs=-3.08%
    VRPLTW: top1=0.424 mean_cost=17.6586 (sbs=18.5091) vs_sbs=-4.60%
    OVRPBL: top1=0.580 mean_cost=6.3046 (sbs=6.3103) vs_sbs=-0.09%
   OVRPBTW: top1=0.501 mean_cost=10.5011 (sbs=10.5068) vs_sbs=-0.05%
   OVRPLTW: top1=0.498 mean_cost=10.1267 (sbs=10.1272) vs_sbs=-0.00%
   VRPBLTW: top1=0.425 mean_cost=18.9535 (sbs=19.5198) vs_sbs=-2.90%
  OVRPBLTW: top1=0.485 mean_cost=10.5410 (sbs=10.5412) vs_sbs=-0.00%
[save] best.pt epoch=40 score=0.4756
[save] best_top1.pt epoch=40 top1=0.4756
[save] best_cost.pt epoch=40 vs_sbs=-1.015%
ep041 step011100 loss=0.3748 ce=1.0709 samples/s=6603 peak_GiB=17.37 time=16.1m
ep041 step011150 loss=0.3800 ce=1.0858 samples/s=8251 peak_GiB=17.37 time=16.2m
ep041 step011200 loss=0.3806 ce=1.0875 samples/s=9032 peak_GiB=17.37 time=16.2m
ep041 step011250 loss=0.3814 ce=1.0897 samples/s=8259 peak_GiB=17.37 time=16.3m
ep041 step011300 loss=0.3819 ce=1.0912 samples/s=9035 peak_GiB=17.37 time=16.3m
[epoch done 41] loss=0.38143 lr=5e-05 updates=11335 skipped=0 grad=0.2598094046115875
[eval epoch 41] macro_top1=0.4786 top2=0.8179 top3=0.9247 vs_sbs=-1.022% vbs_closed=+28.93%
       TSP: top1=0.369 mean_cost=7.9195 (sbs=7.9578) vs_sbs=-0.48%
      CVRP: top1=0.482 mean_cost=18.2095 (sbs=18.2943) vs_sbs=-0.46%
      ATSP: top1=0.778 mean_cost=1.6357 (sbs=1.6735) vs_sbs=-2.26%
      OVRP: top1=0.328 mean_cost=7.4584 (sbs=7.4617) vs_sbs=-0.04%
      VRPB: top1=0.565 mean_cost=9.3307 (sbs=9.3403) vs_sbs=-0.10%
      VRPL: top1=0.316 mean_cost=12.4022 (sbs=12.4072) vs_sbs=-0.04%
     VRPTW: top1=0.452 mean_cost=17.9152 (sbs=18.6571) vs_sbs=-3.98%
    OVRPTW: top1=0.498 mean_cost=10.0449 (sbs=10.0484) vs_sbs=-0.04%
     OVRPB: top1=0.567 mean_cost=6.3208 (sbs=6.3220) vs_sbs=-0.02%
     OVRPL: top1=0.371 mean_cost=7.4349 (sbs=7.4376) vs_sbs=-0.04%
     VRPBL: top1=0.529 mean_cost=9.3545 (sbs=9.3593) vs_sbs=-0.05%
    VRPBTW: top1=0.438 mean_cost=19.0430 (sbs=19.6697) vs_sbs=-3.19%
    VRPLTW: top1=0.438 mean_cost=17.6465 (sbs=18.5091) vs_sbs=-4.66%
    OVRPBL: top1=0.581 mean_cost=6.3024 (sbs=6.3103) vs_sbs=-0.12%
   OVRPBTW: top1=0.510 mean_cost=10.4995 (sbs=10.5068) vs_sbs=-0.07%
   OVRPLTW: top1=0.495 mean_cost=10.1272 (sbs=10.1272) vs_sbs=+0.00%
   VRPBLTW: top1=0.420 mean_cost=18.9581 (sbs=19.5198) vs_sbs=-2.88%
  OVRPBLTW: top1=0.478 mean_cost=10.5443 (sbs=10.5412) vs_sbs=+0.03%
[save] best.pt epoch=41 score=0.4786
[save] best_top1.pt epoch=41 top1=0.4786
[save] best_top3_safe.pt epoch=41 score=0.9247
[save] best_cost.pt epoch=41 vs_sbs=-1.022%
ep042 step011350 loss=0.4080 ce=1.1658 samples/s=5725 peak_GiB=17.37 time=16.4m
ep042 step011400 loss=0.3816 ce=1.0904 samples/s=9984 peak_GiB=17.37 time=16.5m
ep042 step011450 loss=0.3788 ce=1.0822 samples/s=8263 peak_GiB=17.37 time=16.5m
ep042 step011500 loss=0.3801 ce=1.0860 samples/s=9040 peak_GiB=17.37 time=16.6m
ep042 step011550 loss=0.3786 ce=1.0816 samples/s=9021 peak_GiB=17.37 time=16.7m
ep042 step011600 loss=0.3804 ce=1.0869 samples/s=7022 peak_GiB=17.37 time=16.7m
[epoch done 42] loss=0.38119 lr=5e-05 updates=11605 skipped=0 grad=0.2669540345668793
[eval epoch 42] macro_top1=0.4772 top2=0.8173 top3=0.9245 vs_sbs=-1.028% vbs_closed=+29.39%
       TSP: top1=0.375 mean_cost=7.9190 (sbs=7.9578) vs_sbs=-0.49%
      CVRP: top1=0.485 mean_cost=18.2071 (sbs=18.2943) vs_sbs=-0.48%
      ATSP: top1=0.778 mean_cost=1.6351 (sbs=1.6735) vs_sbs=-2.30%
      OVRP: top1=0.337 mean_cost=7.4572 (sbs=7.4617) vs_sbs=-0.06%
      VRPB: top1=0.555 mean_cost=9.3340 (sbs=9.3403) vs_sbs=-0.07%
      VRPL: top1=0.312 mean_cost=12.4026 (sbs=12.4072) vs_sbs=-0.04%
     VRPTW: top1=0.439 mean_cost=17.9189 (sbs=18.6571) vs_sbs=-3.96%
    OVRPTW: top1=0.500 mean_cost=10.0436 (sbs=10.0484) vs_sbs=-0.05%
     OVRPB: top1=0.563 mean_cost=6.3193 (sbs=6.3220) vs_sbs=-0.04%
     OVRPL: top1=0.378 mean_cost=7.4338 (sbs=7.4376) vs_sbs=-0.05%
     VRPBL: top1=0.522 mean_cost=9.3560 (sbs=9.3593) vs_sbs=-0.03%
    VRPBTW: top1=0.438 mean_cost=19.0465 (sbs=19.6697) vs_sbs=-3.17%
    VRPLTW: top1=0.430 mean_cost=17.6506 (sbs=18.5091) vs_sbs=-4.64%
    OVRPBL: top1=0.576 mean_cost=6.3043 (sbs=6.3103) vs_sbs=-0.09%
   OVRPBTW: top1=0.491 mean_cost=10.5028 (sbs=10.5068) vs_sbs=-0.04%
   OVRPLTW: top1=0.510 mean_cost=10.1242 (sbs=10.1272) vs_sbs=-0.03%
   VRPBLTW: top1=0.420 mean_cost=18.9504 (sbs=19.5198) vs_sbs=-2.92%
  OVRPBLTW: top1=0.480 mean_cost=10.5354 (sbs=10.5412) vs_sbs=-0.05%
[save] best_cost.pt epoch=42 vs_sbs=-1.028%
ep043 step011650 loss=0.3820 ce=1.0915 samples/s=7358 peak_GiB=17.37 time=16.8m
ep043 step011700 loss=0.3820 ce=1.0915 samples/s=8261 peak_GiB=17.37 time=16.9m
ep043 step011750 loss=0.3836 ce=1.0959 samples/s=9050 peak_GiB=17.37 time=16.9m
ep043 step011800 loss=0.3811 ce=1.0889 samples/s=8257 peak_GiB=17.37 time=17.0m
ep043 step011850 loss=0.3816 ce=1.0903 samples/s=8250 peak_GiB=17.37 time=17.1m
[epoch done 43] loss=0.38154 lr=5e-05 updates=11875 skipped=0 grad=0.3074512481689453
[eval epoch 43] macro_top1=0.4771 top2=0.8162 top3=0.9244 vs_sbs=-1.026% vbs_closed=+28.95%
       TSP: top1=0.369 mean_cost=7.9209 (sbs=7.9578) vs_sbs=-0.46%
      CVRP: top1=0.477 mean_cost=18.2041 (sbs=18.2943) vs_sbs=-0.49%
      ATSP: top1=0.773 mean_cost=1.6351 (sbs=1.6735) vs_sbs=-2.29%
      OVRP: top1=0.329 mean_cost=7.4586 (sbs=7.4617) vs_sbs=-0.04%
      VRPB: top1=0.557 mean_cost=9.3326 (sbs=9.3403) vs_sbs=-0.08%
      VRPL: top1=0.314 mean_cost=12.4035 (sbs=12.4072) vs_sbs=-0.03%
     VRPTW: top1=0.450 mean_cost=17.9018 (sbs=18.6571) vs_sbs=-4.05%
    OVRPTW: top1=0.493 mean_cost=10.0439 (sbs=10.0484) vs_sbs=-0.04%
     OVRPB: top1=0.567 mean_cost=6.3191 (sbs=6.3220) vs_sbs=-0.05%
     OVRPL: top1=0.369 mean_cost=7.4367 (sbs=7.4376) vs_sbs=-0.01%
     VRPBL: top1=0.531 mean_cost=9.3550 (sbs=9.3593) vs_sbs=-0.05%
    VRPBTW: top1=0.437 mean_cost=19.0555 (sbs=19.6697) vs_sbs=-3.12%
    VRPLTW: top1=0.433 mean_cost=17.6485 (sbs=18.5091) vs_sbs=-4.65%
    OVRPBL: top1=0.583 mean_cost=6.3033 (sbs=6.3103) vs_sbs=-0.11%
   OVRPBTW: top1=0.498 mean_cost=10.5020 (sbs=10.5068) vs_sbs=-0.05%
   OVRPLTW: top1=0.504 mean_cost=10.1255 (sbs=10.1272) vs_sbs=-0.02%
   VRPBLTW: top1=0.427 mean_cost=18.9546 (sbs=19.5198) vs_sbs=-2.90%
  OVRPBLTW: top1=0.477 mean_cost=10.5391 (sbs=10.5412) vs_sbs=-0.02%
ep044 step011900 loss=0.3948 ce=1.1279 samples/s=6950 peak_GiB=17.37 time=17.1m
ep044 step011950 loss=0.3784 ce=1.0811 samples/s=8263 peak_GiB=17.37 time=17.2m
ep044 step012000 loss=0.3793 ce=1.0838 samples/s=9033 peak_GiB=17.37 time=17.3m
ep044 step012050 loss=0.3797 ce=1.0848 samples/s=9032 peak_GiB=17.37 time=17.3m
ep044 step012100 loss=0.3807 ce=1.0877 samples/s=7579 peak_GiB=17.37 time=17.4m
ep044 step012150 loss=0.3808 ce=1.0879 samples/s=8987 peak_GiB=17.37 time=17.5m
[epoch done 44] loss=0.38077 lr=5e-05 updates=12145 skipped=0 grad=0.3134458363056183
[eval epoch 44] macro_top1=0.4782 top2=0.8163 top3=0.9252 vs_sbs=-0.997% vbs_closed=+28.50%
       TSP: top1=0.370 mean_cost=7.9187 (sbs=7.9578) vs_sbs=-0.49%
      CVRP: top1=0.475 mean_cost=18.2125 (sbs=18.2943) vs_sbs=-0.45%
      ATSP: top1=0.776 mean_cost=1.6359 (sbs=1.6735) vs_sbs=-2.25%
      OVRP: top1=0.333 mean_cost=7.4560 (sbs=7.4617) vs_sbs=-0.08%
      VRPB: top1=0.560 mean_cost=9.3327 (sbs=9.3403) vs_sbs=-0.08%
      VRPL: top1=0.303 mean_cost=12.4036 (sbs=12.4072) vs_sbs=-0.03%
     VRPTW: top1=0.441 mean_cost=17.9465 (sbs=18.6571) vs_sbs=-3.81%
    OVRPTW: top1=0.500 mean_cost=10.0421 (sbs=10.0484) vs_sbs=-0.06%
     OVRPB: top1=0.561 mean_cost=6.3208 (sbs=6.3220) vs_sbs=-0.02%
     OVRPL: top1=0.379 mean_cost=7.4351 (sbs=7.4376) vs_sbs=-0.03%
     VRPBL: top1=0.527 mean_cost=9.3569 (sbs=9.3593) vs_sbs=-0.03%
    VRPBTW: top1=0.440 mean_cost=19.0447 (sbs=19.6697) vs_sbs=-3.18%
    VRPLTW: top1=0.450 mean_cost=17.6980 (sbs=18.5091) vs_sbs=-4.38%
    OVRPBL: top1=0.580 mean_cost=6.3020 (sbs=6.3103) vs_sbs=-0.13%
   OVRPBTW: top1=0.502 mean_cost=10.5011 (sbs=10.5068) vs_sbs=-0.05%
   OVRPLTW: top1=0.501 mean_cost=10.1258 (sbs=10.1272) vs_sbs=-0.01%
   VRPBLTW: top1=0.422 mean_cost=18.9584 (sbs=19.5198) vs_sbs=-2.88%
  OVRPBLTW: top1=0.488 mean_cost=10.5414 (sbs=10.5412) vs_sbs=+0.00%
[save] best_top3_safe.pt epoch=44 score=0.9252
[train_eval epoch 44] macro_top1=0.4898 top2=0.8206 top3=0.9280 vs_sbs=-1.047% vbs_closed=+30.14%
       TSP: top1=0.395 mean_cost=8.0103 (sbs=8.0483) vs_sbs=-0.47%
      CVRP: top1=0.454 mean_cost=17.9977 (sbs=18.0705) vs_sbs=-0.40%
      ATSP: top1=0.754 mean_cost=1.6427 (sbs=1.6795) vs_sbs=-2.19%
      OVRP: top1=0.370 mean_cost=7.4537 (sbs=7.4591) vs_sbs=-0.07%
      VRPB: top1=0.556 mean_cost=9.3083 (sbs=9.3165) vs_sbs=-0.09%
      VRPL: top1=0.335 mean_cost=12.3900 (sbs=12.3957) vs_sbs=-0.05%
     VRPTW: top1=0.470 mean_cost=17.8380 (sbs=18.5949) vs_sbs=-4.07%
    OVRPTW: top1=0.510 mean_cost=10.0971 (sbs=10.1037) vs_sbs=-0.07%
     OVRPB: top1=0.578 mean_cost=6.3157 (sbs=6.3216) vs_sbs=-0.09%
     OVRPL: top1=0.379 mean_cost=7.4465 (sbs=7.4526) vs_sbs=-0.08%
     VRPBL: top1=0.542 mean_cost=9.3156 (sbs=9.3209) vs_sbs=-0.06%
    VRPBTW: top1=0.460 mean_cost=19.0491 (sbs=19.6924) vs_sbs=-3.27%
    VRPLTW: top1=0.460 mean_cost=17.8364 (sbs=18.6720) vs_sbs=-4.48%
    OVRPBL: top1=0.562 mean_cost=6.3040 (sbs=6.3079) vs_sbs=-0.06%
   OVRPBTW: top1=0.501 mean_cost=10.5794 (sbs=10.5894) vs_sbs=-0.09%
   OVRPLTW: top1=0.512 mean_cost=10.1088 (sbs=10.1136) vs_sbs=-0.05%
   VRPBLTW: top1=0.467 mean_cost=19.0408 (sbs=19.6661) vs_sbs=-3.18%
  OVRPBLTW: top1=0.510 mean_cost=10.5395 (sbs=10.5476) vs_sbs=-0.08%
ep045 step012200 loss=0.3867 ce=1.1049 samples/s=2139 peak_GiB=17.37 time=17.7m
ep045 step012250 loss=0.3811 ce=1.0888 samples/s=9026 peak_GiB=17.37 time=17.8m
ep045 step012300 loss=0.3818 ce=1.0908 samples/s=8262 peak_GiB=17.37 time=17.8m
ep045 step012350 loss=0.3799 ce=1.0855 samples/s=9028 peak_GiB=17.37 time=17.9m
ep045 step012400 loss=0.3804 ce=1.0870 samples/s=9031 peak_GiB=17.37 time=17.9m
[epoch done 45] loss=0.38111 lr=5e-05 updates=12415 skipped=0 grad=0.3238256275653839
[eval epoch 45] macro_top1=0.4763 top2=0.8134 top3=0.9240 vs_sbs=-1.017% vbs_closed=+28.60%
       TSP: top1=0.369 mean_cost=7.9184 (sbs=7.9578) vs_sbs=-0.50%
      CVRP: top1=0.459 mean_cost=18.2183 (sbs=18.2943) vs_sbs=-0.42%
      ATSP: top1=0.782 mean_cost=1.6353 (sbs=1.6735) vs_sbs=-2.29%
      OVRP: top1=0.335 mean_cost=7.4567 (sbs=7.4617) vs_sbs=-0.07%
      VRPB: top1=0.561 mean_cost=9.3309 (sbs=9.3403) vs_sbs=-0.10%
      VRPL: top1=0.284 mean_cost=12.4098 (sbs=12.4072) vs_sbs=+0.02%
     VRPTW: top1=0.449 mean_cost=17.9098 (sbs=18.6571) vs_sbs=-4.01%
    OVRPTW: top1=0.500 mean_cost=10.0427 (sbs=10.0484) vs_sbs=-0.06%
     OVRPB: top1=0.573 mean_cost=6.3177 (sbs=6.3220) vs_sbs=-0.07%
     OVRPL: top1=0.369 mean_cost=7.4355 (sbs=7.4376) vs_sbs=-0.03%
     VRPBL: top1=0.524 mean_cost=9.3566 (sbs=9.3593) vs_sbs=-0.03%
    VRPBTW: top1=0.440 mean_cost=19.0456 (sbs=19.6697) vs_sbs=-3.17%
    VRPLTW: top1=0.433 mean_cost=17.6763 (sbs=18.5091) vs_sbs=-4.50%
    OVRPBL: top1=0.583 mean_cost=6.3020 (sbs=6.3103) vs_sbs=-0.13%
   OVRPBTW: top1=0.505 mean_cost=10.5006 (sbs=10.5068) vs_sbs=-0.06%
   OVRPLTW: top1=0.496 mean_cost=10.1270 (sbs=10.1272) vs_sbs=-0.00%
   VRPBLTW: top1=0.421 mean_cost=18.9557 (sbs=19.5198) vs_sbs=-2.89%
  OVRPBLTW: top1=0.490 mean_cost=10.5382 (sbs=10.5412) vs_sbs=-0.03%
ep046 step012450 loss=0.3768 ce=1.0766 samples/s=6470 peak_GiB=17.37 time=18.0m
ep046 step012500 loss=0.3818 ce=1.0907 samples/s=9049 peak_GiB=17.37 time=18.1m
ep046 step012550 loss=0.3791 ce=1.0832 samples/s=8277 peak_GiB=17.37 time=18.2m
ep046 step012600 loss=0.3800 ce=1.0856 samples/s=8250 peak_GiB=17.37 time=18.2m
ep046 step012650 loss=0.3810 ce=1.0886 samples/s=8249 peak_GiB=17.37 time=18.3m
[epoch done 46] loss=0.38036 lr=5e-05 updates=12685 skipped=0 grad=0.30305859446525574
[eval epoch 46] macro_top1=0.4761 top2=0.8156 top3=0.9250 vs_sbs=-1.015% vbs_closed=+28.28%
       TSP: top1=0.375 mean_cost=7.9191 (sbs=7.9578) vs_sbs=-0.49%
      CVRP: top1=0.457 mean_cost=18.2224 (sbs=18.2943) vs_sbs=-0.39%
      ATSP: top1=0.777 mean_cost=1.6356 (sbs=1.6735) vs_sbs=-2.26%
      OVRP: top1=0.335 mean_cost=7.4572 (sbs=7.4617) vs_sbs=-0.06%
      VRPB: top1=0.561 mean_cost=9.3312 (sbs=9.3403) vs_sbs=-0.10%
      VRPL: top1=0.317 mean_cost=12.4022 (sbs=12.4072) vs_sbs=-0.04%
     VRPTW: top1=0.450 mean_cost=17.9115 (sbs=18.6571) vs_sbs=-4.00%
    OVRPTW: top1=0.496 mean_cost=10.0456 (sbs=10.0484) vs_sbs=-0.03%
     OVRPB: top1=0.572 mean_cost=6.3183 (sbs=6.3220) vs_sbs=-0.06%
     OVRPL: top1=0.374 mean_cost=7.4347 (sbs=7.4376) vs_sbs=-0.04%
     VRPBL: top1=0.515 mean_cost=9.3593 (sbs=9.3593) vs_sbs=+0.00%
    VRPBTW: top1=0.438 mean_cost=19.0466 (sbs=19.6697) vs_sbs=-3.17%
    VRPLTW: top1=0.438 mean_cost=17.6512 (sbs=18.5091) vs_sbs=-4.64%
    OVRPBL: top1=0.578 mean_cost=6.3045 (sbs=6.3103) vs_sbs=-0.09%
   OVRPBTW: top1=0.506 mean_cost=10.4985 (sbs=10.5068) vs_sbs=-0.08%
   OVRPLTW: top1=0.492 mean_cost=10.1274 (sbs=10.1272) vs_sbs=+0.00%
   VRPBLTW: top1=0.418 mean_cost=18.9612 (sbs=19.5198) vs_sbs=-2.86%
  OVRPBLTW: top1=0.471 mean_cost=10.5444 (sbs=10.5412) vs_sbs=+0.03%
ep047 step012700 loss=0.3427 ce=0.9791 samples/s=7483 peak_GiB=17.37 time=18.4m
ep047 step012750 loss=0.3760 ce=1.0743 samples/s=7602 peak_GiB=17.37 time=18.4m
ep047 step012800 loss=0.3803 ce=1.0866 samples/s=8242 peak_GiB=17.37 time=18.5m
ep047 step012850 loss=0.3787 ce=1.0819 samples/s=9045 peak_GiB=17.37 time=18.5m
ep047 step012900 loss=0.3786 ce=1.0817 samples/s=8260 peak_GiB=17.37 time=18.6m
ep047 step012950 loss=0.3797 ce=1.0849 samples/s=8258 peak_GiB=17.37 time=18.7m
[epoch done 47] loss=0.37846 lr=2.5e-05 updates=12955 skipped=0 grad=0.23997251689434052
[eval epoch 47] macro_top1=0.4792 top2=0.8183 top3=0.9253 vs_sbs=-1.023% vbs_closed=+29.29%
       TSP: top1=0.366 mean_cost=7.9206 (sbs=7.9578) vs_sbs=-0.47%
      CVRP: top1=0.479 mean_cost=18.2050 (sbs=18.2943) vs_sbs=-0.49%
      ATSP: top1=0.775 mean_cost=1.6354 (sbs=1.6735) vs_sbs=-2.28%
      OVRP: top1=0.344 mean_cost=7.4557 (sbs=7.4617) vs_sbs=-0.08%
      VRPB: top1=0.560 mean_cost=9.3314 (sbs=9.3403) vs_sbs=-0.10%
      VRPL: top1=0.315 mean_cost=12.4026 (sbs=12.4072) vs_sbs=-0.04%
     VRPTW: top1=0.446 mean_cost=17.9198 (sbs=18.6571) vs_sbs=-3.95%
    OVRPTW: top1=0.492 mean_cost=10.0463 (sbs=10.0484) vs_sbs=-0.02%
     OVRPB: top1=0.571 mean_cost=6.3191 (sbs=6.3220) vs_sbs=-0.04%
     OVRPL: top1=0.382 mean_cost=7.4340 (sbs=7.4376) vs_sbs=-0.05%
     VRPBL: top1=0.524 mean_cost=9.3569 (sbs=9.3593) vs_sbs=-0.03%
    VRPBTW: top1=0.445 mean_cost=19.0467 (sbs=19.6697) vs_sbs=-3.17%
    VRPLTW: top1=0.435 mean_cost=17.6535 (sbs=18.5091) vs_sbs=-4.62%
    OVRPBL: top1=0.579 mean_cost=6.3038 (sbs=6.3103) vs_sbs=-0.10%
   OVRPBTW: top1=0.505 mean_cost=10.4994 (sbs=10.5068) vs_sbs=-0.07%
   OVRPLTW: top1=0.499 mean_cost=10.1260 (sbs=10.1272) vs_sbs=-0.01%
   VRPBLTW: top1=0.424 mean_cost=18.9572 (sbs=19.5198) vs_sbs=-2.88%
  OVRPBLTW: top1=0.484 mean_cost=10.5386 (sbs=10.5412) vs_sbs=-0.02%
[save] best.pt epoch=47 score=0.4792
[save] best_top1.pt epoch=47 top1=0.4792
[save] best_top3_safe.pt epoch=47 score=0.9253
ep048 step013000 loss=0.3764 ce=1.0754 samples/s=6585 peak_GiB=17.37 time=18.8m
ep048 step013050 loss=0.3780 ce=1.0800 samples/s=9047 peak_GiB=17.37 time=18.8m
ep048 step013100 loss=0.3802 ce=1.0863 samples/s=8259 peak_GiB=17.37 time=18.9m
ep048 step013150 loss=0.3792 ce=1.0835 samples/s=8259 peak_GiB=17.37 time=18.9m
ep048 step013200 loss=0.3785 ce=1.0814 samples/s=9027 peak_GiB=17.37 time=19.0m
[epoch done 48] loss=0.37803 lr=2.5e-05 updates=13225 skipped=0 grad=0.23358318209648132
[eval epoch 48] macro_top1=0.4791 top2=0.8174 top3=0.9236 vs_sbs=-1.013% vbs_closed=+29.07%
       TSP: top1=0.364 mean_cost=7.9193 (sbs=7.9578) vs_sbs=-0.48%
      CVRP: top1=0.475 mean_cost=18.2083 (sbs=18.2943) vs_sbs=-0.47%
      ATSP: top1=0.778 mean_cost=1.6349 (sbs=1.6735) vs_sbs=-2.31%
      OVRP: top1=0.341 mean_cost=7.4567 (sbs=7.4617) vs_sbs=-0.07%
      VRPB: top1=0.565 mean_cost=9.3306 (sbs=9.3403) vs_sbs=-0.10%
      VRPL: top1=0.318 mean_cost=12.4011 (sbs=12.4072) vs_sbs=-0.05%
     VRPTW: top1=0.441 mean_cost=17.9312 (sbs=18.6571) vs_sbs=-3.89%
    OVRPTW: top1=0.490 mean_cost=10.0450 (sbs=10.0484) vs_sbs=-0.03%
     OVRPB: top1=0.571 mean_cost=6.3188 (sbs=6.3220) vs_sbs=-0.05%
     OVRPL: top1=0.382 mean_cost=7.4341 (sbs=7.4376) vs_sbs=-0.05%
     VRPBL: top1=0.523 mean_cost=9.3571 (sbs=9.3593) vs_sbs=-0.02%
    VRPBTW: top1=0.436 mean_cost=19.0640 (sbs=19.6697) vs_sbs=-3.08%
    VRPLTW: top1=0.442 mean_cost=17.6650 (sbs=18.5091) vs_sbs=-4.56%
    OVRPBL: top1=0.590 mean_cost=6.3020 (sbs=6.3103) vs_sbs=-0.13%
   OVRPBTW: top1=0.503 mean_cost=10.5004 (sbs=10.5068) vs_sbs=-0.06%
   OVRPLTW: top1=0.500 mean_cost=10.1277 (sbs=10.1272) vs_sbs=+0.01%
   VRPBLTW: top1=0.424 mean_cost=18.9491 (sbs=19.5198) vs_sbs=-2.92%
  OVRPBLTW: top1=0.480 mean_cost=10.5450 (sbs=10.5412) vs_sbs=+0.04%
ep049 step013250 loss=0.3791 ce=1.0832 samples/s=6936 peak_GiB=17.37 time=19.1m
ep049 step013300 loss=0.3786 ce=1.0818 samples/s=8218 peak_GiB=17.37 time=19.1m
ep049 step013350 loss=0.3766 ce=1.0761 samples/s=9025 peak_GiB=17.37 time=19.2m
ep049 step013400 loss=0.3770 ce=1.0772 samples/s=8265 peak_GiB=17.37 time=19.3m
ep049 step013450 loss=0.3773 ce=1.0780 samples/s=9036 peak_GiB=17.37 time=19.3m
ep049 step013500 loss=0.3780 ce=1.0799 samples/s=8263 peak_GiB=17.37 time=19.4m
[epoch done 49] loss=0.37796 lr=2.5e-05 updates=13495 skipped=0 grad=0.25528794527053833
[eval epoch 49] macro_top1=0.4783 top2=0.8166 top3=0.9258 vs_sbs=-1.018% vbs_closed=+28.97%
       TSP: top1=0.366 mean_cost=7.9197 (sbs=7.9578) vs_sbs=-0.48%
      CVRP: top1=0.478 mean_cost=18.2063 (sbs=18.2943) vs_sbs=-0.48%
      ATSP: top1=0.774 mean_cost=1.6357 (sbs=1.6735) vs_sbs=-2.26%
      OVRP: top1=0.344 mean_cost=7.4566 (sbs=7.4617) vs_sbs=-0.07%
      VRPB: top1=0.556 mean_cost=9.3332 (sbs=9.3403) vs_sbs=-0.08%
      VRPL: top1=0.306 mean_cost=12.4029 (sbs=12.4072) vs_sbs=-0.03%
     VRPTW: top1=0.443 mean_cost=17.9172 (sbs=18.6571) vs_sbs=-3.97%
    OVRPTW: top1=0.493 mean_cost=10.0441 (sbs=10.0484) vs_sbs=-0.04%
     OVRPB: top1=0.570 mean_cost=6.3198 (sbs=6.3220) vs_sbs=-0.03%
     OVRPL: top1=0.387 mean_cost=7.4338 (sbs=7.4376) vs_sbs=-0.05%
     VRPBL: top1=0.526 mean_cost=9.3556 (sbs=9.3593) vs_sbs=-0.04%
    VRPBTW: top1=0.433 mean_cost=19.0565 (sbs=19.6697) vs_sbs=-3.12%
    VRPLTW: top1=0.447 mean_cost=17.6492 (sbs=18.5091) vs_sbs=-4.65%
    OVRPBL: top1=0.587 mean_cost=6.3028 (sbs=6.3103) vs_sbs=-0.12%
   OVRPBTW: top1=0.498 mean_cost=10.5035 (sbs=10.5068) vs_sbs=-0.03%
   OVRPLTW: top1=0.502 mean_cost=10.1259 (sbs=10.1272) vs_sbs=-0.01%
   VRPBLTW: top1=0.416 mean_cost=18.9620 (sbs=19.5198) vs_sbs=-2.86%
  OVRPBLTW: top1=0.484 mean_cost=10.5411 (sbs=10.5412) vs_sbs=-0.00%
[save] best_top3_safe.pt epoch=49 score=0.9258
[train_eval epoch 49] macro_top1=0.4923 top2=0.8221 top3=0.9296 vs_sbs=-1.072% vbs_closed=+31.03%
       TSP: top1=0.394 mean_cost=8.0108 (sbs=8.0483) vs_sbs=-0.47%
      CVRP: top1=0.459 mean_cost=17.9915 (sbs=18.0705) vs_sbs=-0.44%
      ATSP: top1=0.756 mean_cost=1.6421 (sbs=1.6795) vs_sbs=-2.22%
      OVRP: top1=0.372 mean_cost=7.4533 (sbs=7.4591) vs_sbs=-0.08%
      VRPB: top1=0.552 mean_cost=9.3086 (sbs=9.3165) vs_sbs=-0.09%
      VRPL: top1=0.339 mean_cost=12.3895 (sbs=12.3957) vs_sbs=-0.05%
     VRPTW: top1=0.475 mean_cost=17.8157 (sbs=18.5949) vs_sbs=-4.19%
    OVRPTW: top1=0.514 mean_cost=10.0959 (sbs=10.1037) vs_sbs=-0.08%
     OVRPB: top1=0.581 mean_cost=6.3155 (sbs=6.3216) vs_sbs=-0.10%
     OVRPL: top1=0.383 mean_cost=7.4471 (sbs=7.4526) vs_sbs=-0.07%
     VRPBL: top1=0.545 mean_cost=9.3151 (sbs=9.3209) vs_sbs=-0.06%
    VRPBTW: top1=0.459 mean_cost=19.0529 (sbs=19.6924) vs_sbs=-3.25%
    VRPLTW: top1=0.472 mean_cost=17.7915 (sbs=18.6720) vs_sbs=-4.72%
    OVRPBL: top1=0.564 mean_cost=6.3034 (sbs=6.3079) vs_sbs=-0.07%
   OVRPBTW: top1=0.503 mean_cost=10.5784 (sbs=10.5894) vs_sbs=-0.10%
   OVRPLTW: top1=0.516 mean_cost=10.1075 (sbs=10.1136) vs_sbs=-0.06%
   VRPBLTW: top1=0.466 mean_cost=19.0415 (sbs=19.6661) vs_sbs=-3.18%
  OVRPBLTW: top1=0.510 mean_cost=10.5393 (sbs=10.5476) vs_sbs=-0.08%
ep050 step013550 loss=0.3756 ce=1.0732 samples/s=2119 peak_GiB=17.37 time=19.6m
ep050 step013600 loss=0.3776 ce=1.0788 samples/s=9033 peak_GiB=17.37 time=19.7m
ep050 step013650 loss=0.3773 ce=1.0780 samples/s=8246 peak_GiB=17.37 time=19.8m
ep050 step013700 loss=0.3774 ce=1.0784 samples/s=8247 peak_GiB=17.37 time=19.8m
ep050 step013750 loss=0.3775 ce=1.0785 samples/s=9047 peak_GiB=17.37 time=19.9m
[epoch done 50] loss=0.37776 lr=2.5e-05 updates=13765 skipped=0 grad=0.2459760308265686
[eval epoch 50] macro_top1=0.4798 top2=0.8182 top3=0.9250 vs_sbs=-1.029% vbs_closed=+29.71%
       TSP: top1=0.367 mean_cost=7.9184 (sbs=7.9578) vs_sbs=-0.50%
      CVRP: top1=0.477 mean_cost=18.2080 (sbs=18.2943) vs_sbs=-0.47%
      ATSP: top1=0.778 mean_cost=1.6355 (sbs=1.6735) vs_sbs=-2.27%
      OVRP: top1=0.342 mean_cost=7.4558 (sbs=7.4617) vs_sbs=-0.08%
      VRPB: top1=0.559 mean_cost=9.3321 (sbs=9.3403) vs_sbs=-0.09%
      VRPL: top1=0.320 mean_cost=12.4005 (sbs=12.4072) vs_sbs=-0.05%
     VRPTW: top1=0.450 mean_cost=17.9199 (sbs=18.6571) vs_sbs=-3.95%
    OVRPTW: top1=0.496 mean_cost=10.0428 (sbs=10.0484) vs_sbs=-0.06%
     OVRPB: top1=0.571 mean_cost=6.3184 (sbs=6.3220) vs_sbs=-0.06%
     OVRPL: top1=0.385 mean_cost=7.4335 (sbs=7.4376) vs_sbs=-0.05%
     VRPBL: top1=0.521 mean_cost=9.3570 (sbs=9.3593) vs_sbs=-0.02%
    VRPBTW: top1=0.438 mean_cost=19.0466 (sbs=19.6697) vs_sbs=-3.17%
    VRPLTW: top1=0.446 mean_cost=17.6403 (sbs=18.5091) vs_sbs=-4.69%
    OVRPBL: top1=0.581 mean_cost=6.3030 (sbs=6.3103) vs_sbs=-0.12%
   OVRPBTW: top1=0.503 mean_cost=10.5009 (sbs=10.5068) vs_sbs=-0.06%
   OVRPLTW: top1=0.504 mean_cost=10.1267 (sbs=10.1272) vs_sbs=-0.01%
   VRPBLTW: top1=0.418 mean_cost=18.9596 (sbs=19.5198) vs_sbs=-2.87%
  OVRPBLTW: top1=0.481 mean_cost=10.5403 (sbs=10.5412) vs_sbs=-0.01%
[save] best.pt epoch=50 score=0.4798
[save] best_top1.pt epoch=50 top1=0.4798
[save] best_cost.pt epoch=50 vs_sbs=-1.029%
ep051 step013800 loss=0.3688 ce=1.0538 samples/s=6603 peak_GiB=17.37 time=20.0m
ep051 step013850 loss=0.3776 ce=1.0790 samples/s=8246 peak_GiB=17.37 time=20.0m
ep051 step013900 loss=0.3767 ce=1.0763 samples/s=9044 peak_GiB=17.37 time=20.1m
ep051 step013950 loss=0.3784 ce=1.0811 samples/s=8249 peak_GiB=17.37 time=20.2m
ep051 step014000 loss=0.3777 ce=1.0791 samples/s=9031 peak_GiB=17.37 time=20.2m
[epoch done 51] loss=0.37739 lr=2.5e-05 updates=14035 skipped=0 grad=0.2606353163719177
[eval epoch 51] macro_top1=0.4811 top2=0.8179 top3=0.9259 vs_sbs=-1.030% vbs_closed=+29.80%
       TSP: top1=0.367 mean_cost=7.9190 (sbs=7.9578) vs_sbs=-0.49%
      CVRP: top1=0.481 mean_cost=18.2051 (sbs=18.2943) vs_sbs=-0.49%
      ATSP: top1=0.768 mean_cost=1.6373 (sbs=1.6735) vs_sbs=-2.17%
      OVRP: top1=0.347 mean_cost=7.4558 (sbs=7.4617) vs_sbs=-0.08%
      VRPB: top1=0.561 mean_cost=9.3308 (sbs=9.3403) vs_sbs=-0.10%
      VRPL: top1=0.325 mean_cost=12.4003 (sbs=12.4072) vs_sbs=-0.06%
     VRPTW: top1=0.450 mean_cost=17.9067 (sbs=18.6571) vs_sbs=-4.02%
    OVRPTW: top1=0.488 mean_cost=10.0450 (sbs=10.0484) vs_sbs=-0.03%
     OVRPB: top1=0.578 mean_cost=6.3185 (sbs=6.3220) vs_sbs=-0.05%
     OVRPL: top1=0.387 mean_cost=7.4334 (sbs=7.4376) vs_sbs=-0.06%
     VRPBL: top1=0.533 mean_cost=9.3554 (sbs=9.3593) vs_sbs=-0.04%
    VRPBTW: top1=0.443 mean_cost=19.0441 (sbs=19.6697) vs_sbs=-3.18%
    VRPLTW: top1=0.451 mean_cost=17.6383 (sbs=18.5091) vs_sbs=-4.70%
    OVRPBL: top1=0.588 mean_cost=6.3015 (sbs=6.3103) vs_sbs=-0.14%
   OVRPBTW: top1=0.499 mean_cost=10.5033 (sbs=10.5068) vs_sbs=-0.03%
   OVRPLTW: top1=0.501 mean_cost=10.1265 (sbs=10.1272) vs_sbs=-0.01%
   VRPBLTW: top1=0.419 mean_cost=18.9572 (sbs=19.5198) vs_sbs=-2.88%
  OVRPBLTW: top1=0.474 mean_cost=10.5402 (sbs=10.5412) vs_sbs=-0.01%
[save] best.pt epoch=51 score=0.4811
[save] best_top1.pt epoch=51 top1=0.4811
[save] best_top3_safe.pt epoch=51 score=0.9259
[save] best_cost.pt epoch=51 vs_sbs=-1.030%
ep052 step014050 loss=0.3704 ce=1.0583 samples/s=5716 peak_GiB=17.37 time=20.3m
ep052 step014100 loss=0.3783 ce=1.0809 samples/s=9053 peak_GiB=17.37 time=20.4m
ep052 step014150 loss=0.3764 ce=1.0753 samples/s=9034 peak_GiB=17.37 time=20.4m
ep052 step014200 loss=0.3786 ce=1.0817 samples/s=8251 peak_GiB=17.37 time=20.5m
ep052 step014250 loss=0.3777 ce=1.0793 samples/s=8245 peak_GiB=17.37 time=20.6m
ep052 step014300 loss=0.3787 ce=1.0820 samples/s=9020 peak_GiB=17.37 time=20.6m
[epoch done 52] loss=0.37745 lr=2.5e-05 updates=14305 skipped=0 grad=0.27139994502067566
[eval epoch 52] macro_top1=0.4809 top2=0.8166 top3=0.9254 vs_sbs=-1.026% vbs_closed=+29.14%
       TSP: top1=0.365 mean_cost=7.9196 (sbs=7.9578) vs_sbs=-0.48%
      CVRP: top1=0.481 mean_cost=18.2079 (sbs=18.2943) vs_sbs=-0.47%
      ATSP: top1=0.780 mean_cost=1.6350 (sbs=1.6735) vs_sbs=-2.30%
      OVRP: top1=0.339 mean_cost=7.4563 (sbs=7.4617) vs_sbs=-0.07%
      VRPB: top1=0.560 mean_cost=9.3334 (sbs=9.3403) vs_sbs=-0.07%
      VRPL: top1=0.308 mean_cost=12.4034 (sbs=12.4072) vs_sbs=-0.03%
     VRPTW: top1=0.447 mean_cost=17.9170 (sbs=18.6571) vs_sbs=-3.97%
    OVRPTW: top1=0.494 mean_cost=10.0438 (sbs=10.0484) vs_sbs=-0.05%
     OVRPB: top1=0.573 mean_cost=6.3186 (sbs=6.3220) vs_sbs=-0.05%
     OVRPL: top1=0.389 mean_cost=7.4334 (sbs=7.4376) vs_sbs=-0.06%
     VRPBL: top1=0.517 mean_cost=9.3589 (sbs=9.3593) vs_sbs=-0.00%
    VRPBTW: top1=0.436 mean_cost=19.0488 (sbs=19.6697) vs_sbs=-3.16%
    VRPLTW: top1=0.459 mean_cost=17.6377 (sbs=18.5091) vs_sbs=-4.71%
    OVRPBL: top1=0.592 mean_cost=6.3017 (sbs=6.3103) vs_sbs=-0.14%
   OVRPBTW: top1=0.512 mean_cost=10.4990 (sbs=10.5068) vs_sbs=-0.07%
   OVRPLTW: top1=0.504 mean_cost=10.1264 (sbs=10.1272) vs_sbs=-0.01%
   VRPBLTW: top1=0.422 mean_cost=18.9599 (sbs=19.5198) vs_sbs=-2.87%
  OVRPBLTW: top1=0.478 mean_cost=10.5444 (sbs=10.5412) vs_sbs=+0.03%
ep053 step014350 loss=0.3763 ce=1.0752 samples/s=6470 peak_GiB=17.37 time=20.7m
ep053 step014400 loss=0.3792 ce=1.0835 samples/s=9045 peak_GiB=17.37 time=20.8m
ep053 step014450 loss=0.3761 ce=1.0746 samples/s=9026 peak_GiB=17.37 time=20.8m
ep053 step014500 loss=0.3769 ce=1.0768 samples/s=8265 peak_GiB=17.37 time=20.9m
ep053 step014550 loss=0.3775 ce=1.0785 samples/s=9031 peak_GiB=17.37 time=20.9m
[epoch done 53] loss=0.37738 lr=2.5e-05 updates=14574 skipped=1 grad=0.2890684902667999
[eval epoch 53] macro_top1=0.4813 top2=0.8197 top3=0.9244 vs_sbs=-1.030% vbs_closed=+29.62%
       TSP: top1=0.373 mean_cost=7.9180 (sbs=7.9578) vs_sbs=-0.50%
      CVRP: top1=0.481 mean_cost=18.2031 (sbs=18.2943) vs_sbs=-0.50%
      ATSP: top1=0.775 mean_cost=1.6355 (sbs=1.6735) vs_sbs=-2.27%
      OVRP: top1=0.353 mean_cost=7.4548 (sbs=7.4617) vs_sbs=-0.09%
      VRPB: top1=0.568 mean_cost=9.3302 (sbs=9.3403) vs_sbs=-0.11%
      VRPL: top1=0.313 mean_cost=12.4030 (sbs=12.4072) vs_sbs=-0.03%
     VRPTW: top1=0.454 mean_cost=17.9135 (sbs=18.6571) vs_sbs=-3.99%
    OVRPTW: top1=0.494 mean_cost=10.0443 (sbs=10.0484) vs_sbs=-0.04%
     OVRPB: top1=0.576 mean_cost=6.3190 (sbs=6.3220) vs_sbs=-0.05%
     OVRPL: top1=0.388 mean_cost=7.4330 (sbs=7.4376) vs_sbs=-0.06%
     VRPBL: top1=0.517 mean_cost=9.3585 (sbs=9.3593) vs_sbs=-0.01%
    VRPBTW: top1=0.435 mean_cost=19.0442 (sbs=19.6697) vs_sbs=-3.18%
    VRPLTW: top1=0.450 mean_cost=17.6431 (sbs=18.5091) vs_sbs=-4.68%
    OVRPBL: top1=0.577 mean_cost=6.3034 (sbs=6.3103) vs_sbs=-0.11%
   OVRPBTW: top1=0.510 mean_cost=10.4983 (sbs=10.5068) vs_sbs=-0.08%
   OVRPLTW: top1=0.503 mean_cost=10.1273 (sbs=10.1272) vs_sbs=+0.00%
   VRPBLTW: top1=0.423 mean_cost=18.9571 (sbs=19.5198) vs_sbs=-2.88%
  OVRPBLTW: top1=0.473 mean_cost=10.5444 (sbs=10.5412) vs_sbs=+0.03%
[save] best.pt epoch=53 score=0.4813
[save] best_top1.pt epoch=53 top1=0.4813
[save] best_cost.pt epoch=53 vs_sbs=-1.030%
ep054 step014600 loss=0.3797 ce=1.0848 samples/s=5797 peak_GiB=17.37 time=21.0m
ep054 step014650 loss=0.3767 ce=1.0762 samples/s=9023 peak_GiB=17.37 time=21.1m
ep054 step014700 loss=0.3763 ce=1.0751 samples/s=9054 peak_GiB=17.37 time=21.2m
ep054 step014750 loss=0.3789 ce=1.0827 samples/s=8250 peak_GiB=17.37 time=21.2m
ep054 step014800 loss=0.3776 ce=1.0788 samples/s=8248 peak_GiB=17.37 time=21.3m
ep054 step014850 loss=0.3769 ce=1.0769 samples/s=9025 peak_GiB=17.37 time=21.3m
[epoch done 54] loss=0.37692 lr=2.5e-05 updates=14844 skipped=0 grad=0.2566327750682831
[eval epoch 54] macro_top1=0.4814 top2=0.8169 top3=0.9254 vs_sbs=-1.028% vbs_closed=+29.53%
       TSP: top1=0.363 mean_cost=7.9217 (sbs=7.9578) vs_sbs=-0.45%
      CVRP: top1=0.480 mean_cost=18.2075 (sbs=18.2943) vs_sbs=-0.47%
      ATSP: top1=0.766 mean_cost=1.6377 (sbs=1.6735) vs_sbs=-2.14%
      OVRP: top1=0.349 mean_cost=7.4556 (sbs=7.4617) vs_sbs=-0.08%
      VRPB: top1=0.568 mean_cost=9.3315 (sbs=9.3403) vs_sbs=-0.09%
      VRPL: top1=0.321 mean_cost=12.4003 (sbs=12.4072) vs_sbs=-0.06%
     VRPTW: top1=0.453 mean_cost=17.9065 (sbs=18.6571) vs_sbs=-4.02%
    OVRPTW: top1=0.499 mean_cost=10.0424 (sbs=10.0484) vs_sbs=-0.06%
     OVRPB: top1=0.578 mean_cost=6.3183 (sbs=6.3220) vs_sbs=-0.06%
     OVRPL: top1=0.383 mean_cost=7.4340 (sbs=7.4376) vs_sbs=-0.05%
     VRPBL: top1=0.521 mean_cost=9.3568 (sbs=9.3593) vs_sbs=-0.03%
    VRPBTW: top1=0.441 mean_cost=19.0430 (sbs=19.6697) vs_sbs=-3.19%
    VRPLTW: top1=0.449 mean_cost=17.6407 (sbs=18.5091) vs_sbs=-4.69%
    OVRPBL: top1=0.578 mean_cost=6.3030 (sbs=6.3103) vs_sbs=-0.11%
   OVRPBTW: top1=0.508 mean_cost=10.4990 (sbs=10.5068) vs_sbs=-0.07%
   OVRPLTW: top1=0.501 mean_cost=10.1261 (sbs=10.1272) vs_sbs=-0.01%
   VRPBLTW: top1=0.430 mean_cost=18.9517 (sbs=19.5198) vs_sbs=-2.91%
  OVRPBLTW: top1=0.477 mean_cost=10.5415 (sbs=10.5412) vs_sbs=+0.00%
[save] best.pt epoch=54 score=0.4814
[save] best_top1.pt epoch=54 top1=0.4814
[train_eval epoch 54] macro_top1=0.4927 top2=0.8233 top3=0.9301 vs_sbs=-1.073% vbs_closed=+30.96%
       TSP: top1=0.396 mean_cost=8.0128 (sbs=8.0483) vs_sbs=-0.44%
      CVRP: top1=0.462 mean_cost=17.9944 (sbs=18.0705) vs_sbs=-0.42%
      ATSP: top1=0.749 mean_cost=1.6439 (sbs=1.6795) vs_sbs=-2.12%
      OVRP: top1=0.376 mean_cost=7.4520 (sbs=7.4591) vs_sbs=-0.09%
      VRPB: top1=0.553 mean_cost=9.3089 (sbs=9.3165) vs_sbs=-0.08%
      VRPL: top1=0.344 mean_cost=12.3883 (sbs=12.3957) vs_sbs=-0.06%
     VRPTW: top1=0.474 mean_cost=17.8015 (sbs=18.5949) vs_sbs=-4.27%
    OVRPTW: top1=0.512 mean_cost=10.0968 (sbs=10.1037) vs_sbs=-0.07%
     OVRPB: top1=0.581 mean_cost=6.3153 (sbs=6.3216) vs_sbs=-0.10%
     OVRPL: top1=0.387 mean_cost=7.4462 (sbs=7.4526) vs_sbs=-0.09%
     VRPBL: top1=0.547 mean_cost=9.3141 (sbs=9.3209) vs_sbs=-0.07%
    VRPBTW: top1=0.457 mean_cost=19.0532 (sbs=19.6924) vs_sbs=-3.25%
    VRPLTW: top1=0.469 mean_cost=17.7805 (sbs=18.6720) vs_sbs=-4.77%
    OVRPBL: top1=0.563 mean_cost=6.3037 (sbs=6.3079) vs_sbs=-0.07%
   OVRPBTW: top1=0.505 mean_cost=10.5794 (sbs=10.5894) vs_sbs=-0.09%
   OVRPLTW: top1=0.514 mean_cost=10.1081 (sbs=10.1136) vs_sbs=-0.05%
   VRPBLTW: top1=0.465 mean_cost=19.0408 (sbs=19.6661) vs_sbs=-3.18%
  OVRPBLTW: top1=0.513 mean_cost=10.5386 (sbs=10.5476) vs_sbs=-0.09%
ep055 step014900 loss=0.3804 ce=1.0869 samples/s=2124 peak_GiB=17.37 time=21.6m
ep055 step014950 loss=0.3790 ce=1.0828 samples/s=8240 peak_GiB=17.37 time=21.7m
ep055 step015000 loss=0.3775 ce=1.0787 samples/s=9020 peak_GiB=17.37 time=21.7m
ep055 step015050 loss=0.3766 ce=1.0759 samples/s=8240 peak_GiB=17.37 time=21.8m
ep055 step015100 loss=0.3761 ce=1.0745 samples/s=9023 peak_GiB=17.37 time=21.8m
[epoch done 55] loss=0.37673 lr=2.5e-05 updates=15114 skipped=0 grad=0.2723720371723175
[eval epoch 55] macro_top1=0.4774 top2=0.8171 top3=0.9250 vs_sbs=-1.007% vbs_closed=+28.61%
       TSP: top1=0.370 mean_cost=7.9198 (sbs=7.9578) vs_sbs=-0.48%
      CVRP: top1=0.485 mean_cost=18.2065 (sbs=18.2943) vs_sbs=-0.48%
      ATSP: top1=0.778 mean_cost=1.6350 (sbs=1.6735) vs_sbs=-2.30%
      OVRP: top1=0.343 mean_cost=7.4556 (sbs=7.4617) vs_sbs=-0.08%
      VRPB: top1=0.560 mean_cost=9.3321 (sbs=9.3403) vs_sbs=-0.09%
      VRPL: top1=0.311 mean_cost=12.4015 (sbs=12.4072) vs_sbs=-0.05%
     VRPTW: top1=0.445 mean_cost=17.9226 (sbs=18.6571) vs_sbs=-3.94%
    OVRPTW: top1=0.488 mean_cost=10.0439 (sbs=10.0484) vs_sbs=-0.05%
     OVRPB: top1=0.575 mean_cost=6.3188 (sbs=6.3220) vs_sbs=-0.05%
     OVRPL: top1=0.384 mean_cost=7.4342 (sbs=7.4376) vs_sbs=-0.04%
     VRPBL: top1=0.502 mean_cost=9.3614 (sbs=9.3593) vs_sbs=+0.02%
    VRPBTW: top1=0.440 mean_cost=19.0531 (sbs=19.6697) vs_sbs=-3.14%
    VRPLTW: top1=0.439 mean_cost=17.6894 (sbs=18.5091) vs_sbs=-4.43%
    OVRPBL: top1=0.567 mean_cost=6.3047 (sbs=6.3103) vs_sbs=-0.09%
   OVRPBTW: top1=0.501 mean_cost=10.5009 (sbs=10.5068) vs_sbs=-0.06%
   OVRPLTW: top1=0.500 mean_cost=10.1266 (sbs=10.1272) vs_sbs=-0.01%
   VRPBLTW: top1=0.424 mean_cost=18.9536 (sbs=19.5198) vs_sbs=-2.90%
  OVRPBLTW: top1=0.481 mean_cost=10.5441 (sbs=10.5412) vs_sbs=+0.03%
ep056 step015150 loss=0.3771 ce=1.0775 samples/s=6938 peak_GiB=17.37 time=21.9m
ep056 step015200 loss=0.3755 ce=1.0728 samples/s=8256 peak_GiB=17.37 time=22.0m
ep056 step015250 loss=0.3755 ce=1.0728 samples/s=9050 peak_GiB=17.37 time=22.0m
ep056 step015300 loss=0.3775 ce=1.0785 samples/s=8255 peak_GiB=17.37 time=22.1m
ep056 step015350 loss=0.3761 ce=1.0745 samples/s=8258 peak_GiB=17.37 time=22.2m
[epoch done 56] loss=0.37693 lr=2.5e-05 updates=15384 skipped=0 grad=0.29624518752098083
[eval epoch 56] macro_top1=0.4794 top2=0.8181 top3=0.9250 vs_sbs=-1.021% vbs_closed=+28.56%
       TSP: top1=0.373 mean_cost=7.9173 (sbs=7.9578) vs_sbs=-0.51%
      CVRP: top1=0.468 mean_cost=18.2101 (sbs=18.2943) vs_sbs=-0.46%
      ATSP: top1=0.779 mean_cost=1.6351 (sbs=1.6735) vs_sbs=-2.30%
      OVRP: top1=0.340 mean_cost=7.4562 (sbs=7.4617) vs_sbs=-0.07%
      VRPB: top1=0.549 mean_cost=9.3354 (sbs=9.3403) vs_sbs=-0.05%
      VRPL: top1=0.320 mean_cost=12.4003 (sbs=12.4072) vs_sbs=-0.06%
     VRPTW: top1=0.456 mean_cost=17.9108 (sbs=18.6571) vs_sbs=-4.00%
    OVRPTW: top1=0.489 mean_cost=10.0459 (sbs=10.0484) vs_sbs=-0.02%
     OVRPB: top1=0.583 mean_cost=6.3170 (sbs=6.3220) vs_sbs=-0.08%
     OVRPL: top1=0.380 mean_cost=7.4350 (sbs=7.4376) vs_sbs=-0.03%
     VRPBL: top1=0.507 mean_cost=9.3619 (sbs=9.3593) vs_sbs=+0.03%
    VRPBTW: top1=0.444 mean_cost=19.0439 (sbs=19.6697) vs_sbs=-3.18%
    VRPLTW: top1=0.460 mean_cost=17.6531 (sbs=18.5091) vs_sbs=-4.62%
    OVRPBL: top1=0.584 mean_cost=6.3032 (sbs=6.3103) vs_sbs=-0.11%
   OVRPBTW: top1=0.505 mean_cost=10.5005 (sbs=10.5068) vs_sbs=-0.06%
   OVRPLTW: top1=0.494 mean_cost=10.1291 (sbs=10.1272) vs_sbs=+0.02%
   VRPBLTW: top1=0.428 mean_cost=18.9527 (sbs=19.5198) vs_sbs=-2.91%
  OVRPBLTW: top1=0.471 mean_cost=10.5463 (sbs=10.5412) vs_sbs=+0.05%
ep057 step015400 loss=0.4160 ce=1.1886 samples/s=6474 peak_GiB=17.37 time=22.3m
ep057 step015450 loss=0.3739 ce=1.0682 samples/s=9039 peak_GiB=17.37 time=22.3m
ep057 step015500 loss=0.3769 ce=1.0767 samples/s=8259 peak_GiB=17.37 time=22.4m
ep057 step015550 loss=0.3777 ce=1.0791 samples/s=9051 peak_GiB=17.37 time=22.4m
ep057 step015600 loss=0.3754 ce=1.0727 samples/s=9044 peak_GiB=17.37 time=22.5m
ep057 step015650 loss=0.3761 ce=1.0746 samples/s=8255 peak_GiB=17.37 time=22.6m
[epoch done 57] loss=0.37572 lr=1.3e-05 updates=15654 skipped=0 grad=0.23201872408390045
[eval epoch 57] macro_top1=0.4793 top2=0.8188 top3=0.9256 vs_sbs=-1.024% vbs_closed=+28.98%
       TSP: top1=0.364 mean_cost=7.9198 (sbs=7.9578) vs_sbs=-0.48%
      CVRP: top1=0.483 mean_cost=18.2047 (sbs=18.2943) vs_sbs=-0.49%
      ATSP: top1=0.775 mean_cost=1.6354 (sbs=1.6735) vs_sbs=-2.28%
      OVRP: top1=0.351 mean_cost=7.4546 (sbs=7.4617) vs_sbs=-0.09%
      VRPB: top1=0.557 mean_cost=9.3320 (sbs=9.3403) vs_sbs=-0.09%
      VRPL: top1=0.317 mean_cost=12.4009 (sbs=12.4072) vs_sbs=-0.05%
     VRPTW: top1=0.446 mean_cost=17.9207 (sbs=18.6571) vs_sbs=-3.95%
    OVRPTW: top1=0.486 mean_cost=10.0471 (sbs=10.0484) vs_sbs=-0.01%
     OVRPB: top1=0.577 mean_cost=6.3183 (sbs=6.3220) vs_sbs=-0.06%
     OVRPL: top1=0.381 mean_cost=7.4341 (sbs=7.4376) vs_sbs=-0.05%
     VRPBL: top1=0.510 mean_cost=9.3600 (sbs=9.3593) vs_sbs=+0.01%
    VRPBTW: top1=0.443 mean_cost=19.0457 (sbs=19.6697) vs_sbs=-3.17%
    VRPLTW: top1=0.460 mean_cost=17.6357 (sbs=18.5091) vs_sbs=-4.72%
    OVRPBL: top1=0.580 mean_cost=6.3030 (sbs=6.3103) vs_sbs=-0.11%
   OVRPBTW: top1=0.501 mean_cost=10.5026 (sbs=10.5068) vs_sbs=-0.04%
   OVRPLTW: top1=0.494 mean_cost=10.1286 (sbs=10.1272) vs_sbs=+0.01%
   VRPBLTW: top1=0.425 mean_cost=18.9553 (sbs=19.5198) vs_sbs=-2.89%
  OVRPBLTW: top1=0.477 mean_cost=10.5443 (sbs=10.5412) vs_sbs=+0.03%
ep058 step015700 loss=0.3667 ce=1.0477 samples/s=6942 peak_GiB=17.37 time=22.6m
ep058 step015750 loss=0.3760 ce=1.0744 samples/s=8263 peak_GiB=17.37 time=22.7m
ep058 step015800 loss=0.3774 ce=1.0783 samples/s=8255 peak_GiB=17.37 time=22.8m
ep058 step015850 loss=0.3748 ce=1.0709 samples/s=9967 peak_GiB=17.37 time=22.8m
ep058 step015900 loss=0.3749 ce=1.0712 samples/s=8251 peak_GiB=17.37 time=22.9m
[epoch done 58] loss=0.37574 lr=1.3e-05 updates=15924 skipped=0 grad=0.23653888702392578
[eval epoch 58] macro_top1=0.4813 top2=0.8184 top3=0.9257 vs_sbs=-1.026% vbs_closed=+29.32%
       TSP: top1=0.368 mean_cost=7.9198 (sbs=7.9578) vs_sbs=-0.48%
      CVRP: top1=0.482 mean_cost=18.2036 (sbs=18.2943) vs_sbs=-0.50%
      ATSP: top1=0.771 mean_cost=1.6363 (sbs=1.6735) vs_sbs=-2.22%
      OVRP: top1=0.355 mean_cost=7.4546 (sbs=7.4617) vs_sbs=-0.09%
      VRPB: top1=0.559 mean_cost=9.3318 (sbs=9.3403) vs_sbs=-0.09%
      VRPL: top1=0.322 mean_cost=12.4008 (sbs=12.4072) vs_sbs=-0.05%
     VRPTW: top1=0.448 mean_cost=17.9154 (sbs=18.6571) vs_sbs=-3.98%
    OVRPTW: top1=0.487 mean_cost=10.0461 (sbs=10.0484) vs_sbs=-0.02%
     OVRPB: top1=0.578 mean_cost=6.3184 (sbs=6.3220) vs_sbs=-0.06%
     OVRPL: top1=0.383 mean_cost=7.4341 (sbs=7.4376) vs_sbs=-0.05%
     VRPBL: top1=0.520 mean_cost=9.3567 (sbs=9.3593) vs_sbs=-0.03%
    VRPBTW: top1=0.439 mean_cost=19.0495 (sbs=19.6697) vs_sbs=-3.15%
    VRPLTW: top1=0.467 mean_cost=17.6292 (sbs=18.5091) vs_sbs=-4.75%
    OVRPBL: top1=0.581 mean_cost=6.3029 (sbs=6.3103) vs_sbs=-0.12%
   OVRPBTW: top1=0.503 mean_cost=10.5017 (sbs=10.5068) vs_sbs=-0.05%
   OVRPLTW: top1=0.504 mean_cost=10.1263 (sbs=10.1272) vs_sbs=-0.01%
   VRPBLTW: top1=0.427 mean_cost=18.9563 (sbs=19.5198) vs_sbs=-2.89%
  OVRPBLTW: top1=0.470 mean_cost=10.5471 (sbs=10.5412) vs_sbs=+0.06%
ep059 step015950 loss=0.3783 ce=1.0807 samples/s=6464 peak_GiB=17.37 time=23.0m
ep059 step016000 loss=0.3748 ce=1.0707 samples/s=9033 peak_GiB=17.37 time=23.0m
ep059 step016050 loss=0.3761 ce=1.0746 samples/s=7591 peak_GiB=17.37 time=23.1m
ep059 step016100 loss=0.3750 ce=1.0714 samples/s=9033 peak_GiB=17.37 time=23.2m
ep059 step016150 loss=0.3759 ce=1.0739 samples/s=8256 peak_GiB=17.37 time=23.2m
ep059 step016200 loss=0.3753 ce=1.0723 samples/s=9027 peak_GiB=17.37 time=23.3m
[epoch done 59] loss=0.37530 lr=1.3e-05 updates=16194 skipped=0 grad=0.23483294248580933
[eval epoch 59] macro_top1=0.4818 top2=0.8197 top3=0.9261 vs_sbs=-1.032% vbs_closed=+29.81%
       TSP: top1=0.366 mean_cost=7.9207 (sbs=7.9578) vs_sbs=-0.47%
      CVRP: top1=0.483 mean_cost=18.2059 (sbs=18.2943) vs_sbs=-0.48%
      ATSP: top1=0.778 mean_cost=1.6350 (sbs=1.6735) vs_sbs=-2.30%
      OVRP: top1=0.361 mean_cost=7.4537 (sbs=7.4617) vs_sbs=-0.11%
      VRPB: top1=0.565 mean_cost=9.3308 (sbs=9.3403) vs_sbs=-0.10%
      VRPL: top1=0.323 mean_cost=12.4013 (sbs=12.4072) vs_sbs=-0.05%
     VRPTW: top1=0.452 mean_cost=17.9125 (sbs=18.6571) vs_sbs=-3.99%
    OVRPTW: top1=0.487 mean_cost=10.0454 (sbs=10.0484) vs_sbs=-0.03%
     OVRPB: top1=0.574 mean_cost=6.3177 (sbs=6.3220) vs_sbs=-0.07%
     OVRPL: top1=0.387 mean_cost=7.4333 (sbs=7.4376) vs_sbs=-0.06%
     VRPBL: top1=0.523 mean_cost=9.3579 (sbs=9.3593) vs_sbs=-0.02%
    VRPBTW: top1=0.435 mean_cost=19.0544 (sbs=19.6697) vs_sbs=-3.13%
    VRPLTW: top1=0.451 mean_cost=17.6379 (sbs=18.5091) vs_sbs=-4.71%
    OVRPBL: top1=0.592 mean_cost=6.3015 (sbs=6.3103) vs_sbs=-0.14%
   OVRPBTW: top1=0.502 mean_cost=10.5005 (sbs=10.5068) vs_sbs=-0.06%
   OVRPLTW: top1=0.501 mean_cost=10.1268 (sbs=10.1272) vs_sbs=-0.00%
   VRPBLTW: top1=0.421 mean_cost=18.9530 (sbs=19.5198) vs_sbs=-2.90%
  OVRPBLTW: top1=0.472 mean_cost=10.5439 (sbs=10.5412) vs_sbs=+0.03%
[save] best.pt epoch=59 score=0.4818
[save] best_top1.pt epoch=59 top1=0.4818
[save] best_top3_safe.pt epoch=59 score=0.9261
[save] best_cost.pt epoch=59 vs_sbs=-1.032%
[train_eval epoch 59] macro_top1=0.4963 top2=0.8247 top3=0.9308 vs_sbs=-1.093% vbs_closed=+31.93%
       TSP: top1=0.398 mean_cost=8.0113 (sbs=8.0483) vs_sbs=-0.46%
      CVRP: top1=0.466 mean_cost=17.9911 (sbs=18.0705) vs_sbs=-0.44%
      ATSP: top1=0.764 mean_cost=1.6414 (sbs=1.6795) vs_sbs=-2.27%
      OVRP: top1=0.381 mean_cost=7.4517 (sbs=7.4591) vs_sbs=-0.10%
      VRPB: top1=0.555 mean_cost=9.3081 (sbs=9.3165) vs_sbs=-0.09%
      VRPL: top1=0.344 mean_cost=12.3885 (sbs=12.3957) vs_sbs=-0.06%
     VRPTW: top1=0.480 mean_cost=17.7994 (sbs=18.5949) vs_sbs=-4.28%
    OVRPTW: top1=0.515 mean_cost=10.0965 (sbs=10.1037) vs_sbs=-0.07%
     OVRPB: top1=0.585 mean_cost=6.3143 (sbs=6.3216) vs_sbs=-0.12%
     OVRPL: top1=0.386 mean_cost=7.4468 (sbs=7.4526) vs_sbs=-0.08%
     VRPBL: top1=0.548 mean_cost=9.3135 (sbs=9.3209) vs_sbs=-0.08%
    VRPBTW: top1=0.461 mean_cost=19.0491 (sbs=19.6924) vs_sbs=-3.27%
    VRPLTW: top1=0.478 mean_cost=17.7726 (sbs=18.6720) vs_sbs=-4.82%
    OVRPBL: top1=0.566 mean_cost=6.3034 (sbs=6.3079) vs_sbs=-0.07%
   OVRPBTW: top1=0.505 mean_cost=10.5775 (sbs=10.5894) vs_sbs=-0.11%
   OVRPLTW: top1=0.518 mean_cost=10.1073 (sbs=10.1136) vs_sbs=-0.06%
   VRPBLTW: top1=0.471 mean_cost=19.0318 (sbs=19.6661) vs_sbs=-3.23%
  OVRPBLTW: top1=0.513 mean_cost=10.5383 (sbs=10.5476) vs_sbs=-0.09%
[done] validation-selected checkpoints saved; test deferred until experiment selection
wandb:                                                                                
wandb: 
wandb: Run history:
wandb:                                  epoch ▁▁▁▁▁▂▂▃▃▃▃▃▃▃▄▄▄▄▄▄▄▅▅▅▅▆▆▆▆▆▆▇▇▇▇▇████
wandb:                         epoch_train/ce █▄▄▄▃▃▃▂▂▂▂▂▂▂▂▂▂▂▂▂▂▂▂▂▁▁▂▁▁▁▁▁▁▁▁▁▁▁▁▁
wandb:                  epoch_train/grad_norm █▂▂▂▃▃▂▂▂▂▂▂▂▁▂▂▂▂▃▃▃▃▄▄▄▄▅▅▂▃▃▃▂▂▂▂▂▂▃▂
wandb:                       epoch_train/loss █▇▆▆▆▅▅▄▄▄▄▃▃▃▃▂▂▃▂▂▂▂▂▂▂▂▂▂▁▁▁▁▁▁▁▁▁▁▁▁
wandb:            epoch_train/skipped_updates ▁▁▁▁▁▁▁▁▁▁▁▁▁▁▁▁▁▁▁▁▁▁█▁▁▁▁▁▁▁▁▁▁▁▁▁▁▁▁▁
wandb:                    gpu/peak_memory_gib ▁███████████████████████████████████████
wandb:                  speed/samples_per_sec ▇▅▆▇▆█▆▆▅▇█▇▆▁▆▆▇▇▅▆█▆▆▇▆▆▆▇▆▇▇▆▆▆▇▅▇▆▅▆
wandb:                        train/amp_scale ▂▂▂▂▂▄▄▄█▄▄▄▄▄█▄▄▄▄▄▄▁▁▁▁▁▁▁▂▂▂▂▂▄▄▂▂▂▂▂
wandb:                               train/ce ██▇▆▄▅▅▅▄▃▄▃▃▃▃▃▃▃▃▂▂▂▁▂▂▂▂▃▂▂▂▂▁▁▁▁▁▁▁▁
wandb:                             train/loss █▆▅▅▅▄▄▄▄▄▄▃▃▃▃▃▃▃▃▃▃▃▂▂▂▂▂▂▂▁▂▂▂▂▂▂▂▂▂▂
wandb:                               train/lr ▃▃▆████████▄▄▄▄▄▄▄▄▄▄▄▄▄▄▄▂▂▂▂▁▁▁▁▁▁▁▁▁▁
wandb:               train/successful_updates ▁▁▁▁▁▂▂▂▂▂▃▃▃▃▃▄▄▄▄▄▄▅▅▅▅▅▆▆▆▆▆▆▆▇▇▇▇███
wandb:                     train_eval/ATSP/ce █▃▃▃▂▂▂▂▁▁▂▁
wandb:              train_eval/ATSP/mean_cost ▇▄▃█▃▂▂▅▃▂▄▁
wandb:                      train_eval/ATSP/n ▁▁▁▁▁▁▁▁▁▁▁▁
wandb:                    train_eval/ATSP/sbs ▁▁▁▁▁▁▁▁▁▁▁▁
wandb:              train_eval/ATSP/std_final ▁▄▄▄▆▆▆▇▇███
wandb:                   train_eval/ATSP/top1 ▁▄▆▅▇▇▇▇▇▇▇█
wandb:         train_eval/ATSP/top1_tie_aware ▁▄▆▅▇▇▇▇▇▇▇█
wandb:                   train_eval/ATSP/top2 ▁▇█▇████████
wandb:                   train_eval/ATSP/top3 ▁▇▇▇▇▇██████
wandb:                    train_eval/ATSP/vbs ▁▁▁▁▁▁▁▁▁▁▁▁
wandb:     train_eval/ATSP/vbs_gap_closed_pct ▂▅▆▁▆▇▇▄▆▇▅█
wandb:             train_eval/ATSP/vs_sbs_pct ▇▄▃█▃▂▂▅▃▂▄▁
wandb:                     train_eval/CVRP/ce █▆▅▅▅▃▂▂▁▁▁▁
wandb:              train_eval/CVRP/mean_cost ▅█▅▅▅▂▂▂▁▁▁▁
wandb:                      train_eval/CVRP/n ▁▁▁▁▁▁▁▁▁▁▁▁
wandb:                    train_eval/CVRP/sbs ▁▁▁▁▁▁▁▁▁▁▁▁
wandb:              train_eval/CVRP/std_final ▁▄▄▇▅▅▆▇▇▇██
wandb:                   train_eval/CVRP/top1 ▁▂▃▃▄▆▇▆████
wandb:         train_eval/CVRP/top1_tie_aware ▁▂▃▃▄▆▇▆████
wandb:                   train_eval/CVRP/top2 ▁▃▃▄▄▆▇▇████
wandb:                   train_eval/CVRP/top3 ▁▃▄▄▄▆▇▇████
wandb:                    train_eval/CVRP/vbs ▁▁▁▁▁▁▁▁▁▁▁▁
wandb:     train_eval/CVRP/vbs_gap_closed_pct ▄▁▄▄▄▇▇▇████
wandb:             train_eval/CVRP/vs_sbs_pct ▅█▅▅▅▂▂▂▁▁▁▁
wandb:                     train_eval/OVRP/ce █▇▆▄▂▆▂▂▂▂▁▁
wandb:              train_eval/OVRP/mean_cost █▄▂▃▂▄▂▃▂▂▁▁
wandb:                      train_eval/OVRP/n ▁▁▁▁▁▁▁▁▁▁▁▁
wandb:                    train_eval/OVRP/sbs ▁▁▁▁▁▁▁▁▁▁▁▁
wandb:              train_eval/OVRP/std_final ▁▂▃▄▄▇▆▆▇▇██
wandb:                   train_eval/OVRP/top1 ▁▃▅▆▆▅▆▆▇▇▇█
wandb:         train_eval/OVRP/top1_tie_aware ▁▃▅▆▆▅▆▆▇▇▇█
wandb:                   train_eval/OVRP/top2 ▁▁▁▁▄▁▅▅▆▆▇█
wandb:                   train_eval/OVRP/top3 ▃▁▂▂▃▄▇▄▆▆▇█
wandb:                    train_eval/OVRP/vbs ▁▁▁▁▁▁▁▁▁▁▁▁
wandb:     train_eval/OVRP/vbs_gap_closed_pct ▁▅▇▆▇▅▇▆▇▇██
wandb:             train_eval/OVRP/vs_sbs_pct █▄▂▃▂▄▂▃▂▂▁▁
wandb:                    train_eval/OVRPB/ce █▆▆▆▄▄▃▃▂▂▁▁
wandb:             train_eval/OVRPB/mean_cost █▇▇▇▄▅▃▃▂▂▂▁
wandb:                     train_eval/OVRPB/n ▁▁▁▁▁▁▁▁▁▁▁▁
wandb:                   train_eval/OVRPB/sbs ▁▁▁▁▁▁▁▁▁▁▁▁
wandb:             train_eval/OVRPB/std_final ▁▅▅▅▅▅▆▆▇▇▇█
wandb:                  train_eval/OVRPB/top1 ▁▁▂▄▅▅▆▆▇▇▇█
wandb:        train_eval/OVRPB/top1_tie_aware ▁▁▂▄▅▅▆▆▇▇▇█
wandb:                  train_eval/OVRPB/top2 ▁▁▁▁▁▁▁▁▁▁▁▁
wandb:                  train_eval/OVRPB/top3 ▁▃▅▅▆▆▇▇█▇██
wandb:                   train_eval/OVRPB/vbs ▁▁▁▁▁▁▁▁▁▁▁▁
wandb:    train_eval/OVRPB/vbs_gap_closed_pct ▁▂▂▂▅▄▆▆▇▇▇█
wandb:            train_eval/OVRPB/vs_sbs_pct █▇▇▇▄▅▃▃▂▂▂▁
wandb:                   train_eval/OVRPBL/ce █▆▆▆▄▃▃▂▂▁▁▁
wandb:            train_eval/OVRPBL/mean_cost ▇█▇▇▃▃▂▁▂▁▂▁
wandb:                    train_eval/OVRPBL/n ▁▁▁▁▁▁▁▁▁▁▁▁
wandb:                  train_eval/OVRPBL/sbs ▁▁▁▁▁▁▁▁▁▁▁▁
wandb:            train_eval/OVRPBL/std_final ▁▆▅▅▆▅▆▆▇▇██
wandb:                 train_eval/OVRPBL/top1 ▂▁▂▃▆▆▇█▇▇▇█
wandb:       train_eval/OVRPBL/top1_tie_aware ▂▁▂▃▆▆▇█▇▇▇█
wandb:                 train_eval/OVRPBL/top2 ▁▁▁▁▁▁▁▁▁▁▁▁
wandb:                 train_eval/OVRPBL/top3 ▁▂▄▅▇▆▆▇█▇██
wandb:                  train_eval/OVRPBL/vbs ▁▁▁▁▁▁▁▁▁▁▁▁
wandb:   train_eval/OVRPBL/vbs_gap_closed_pct ▂▁▂▂▆▆▇█▇█▇█
wandb:           train_eval/OVRPBL/vs_sbs_pct ▇█▇▇▃▃▂▁▂▁▂▁
wandb:                 train_eval/OVRPBLTW/ce █▅▄▄▃▃▂▂▂▁▁▁
wandb:          train_eval/OVRPBLTW/mean_cost █▇▆▅▃▃▃▂▂▂▁▁
wandb:                  train_eval/OVRPBLTW/n ▁▁▁▁▁▁▁▁▁▁▁▁
wandb:                train_eval/OVRPBLTW/sbs ▁▁▁▁▁▁▁▁▁▁▁▁
wandb:          train_eval/OVRPBLTW/std_final ▁▃▃▄▄▄▅▆▆▆██
wandb:               train_eval/OVRPBLTW/top1 ▁▃▄▄▅▆▆▆▇▇██
wandb:     train_eval/OVRPBLTW/top1_tie_aware ▁▃▄▄▅▅▆▆▇▇██
wandb:               train_eval/OVRPBLTW/top2 ▁▁▁▁▁▁▆▃▆▃██
wandb:               train_eval/OVRPBLTW/top3 ▁▁▁▂▂▁▂▂▅▇█▇
wandb:                train_eval/OVRPBLTW/vbs ▁▁▁▁▁▁▁▁▁▁▁▁
wandb: train_eval/OVRPBLTW/vbs_gap_closed_pct ▁▂▃▄▆▆▆▇▇▇██
wandb:         train_eval/OVRPBLTW/vs_sbs_pct █▇▆▅▃▃▃▂▂▂▁▁
wandb:                  train_eval/OVRPBTW/ce █▅▄▄▃▃▃▂▂▁▁▁
wandb:           train_eval/OVRPBTW/mean_cost █▇▆▇▅▅▃▄▂▂▂▁
wandb:                   train_eval/OVRPBTW/n ▁▁▁▁▁▁▁▁▁▁▁▁
wandb:                 train_eval/OVRPBTW/sbs ▁▁▁▁▁▁▁▁▁▁▁▁
wandb:           train_eval/OVRPBTW/std_final ▁▄▄▅▅▅▆▇▆▇██
wandb:                train_eval/OVRPBTW/top1 ▁▂▄▄▅▆▆▆▇███
wandb:      train_eval/OVRPBTW/top1_tie_aware ▁▂▄▄▅▆▆▆▇███
wandb:                train_eval/OVRPBTW/top2 ▆▆▆▆▆▆█▁▆▆██
wandb:                train_eval/OVRPBTW/top3 ▁▁▂▂▃▄▃▅▅█▇▆
wandb:                 train_eval/OVRPBTW/vbs ▁▁▁▁▁▁▁▁▁▁▁▁
wandb:  train_eval/OVRPBTW/vbs_gap_closed_pct ▁▂▃▂▄▄▆▅▇▇▇█
wandb:          train_eval/OVRPBTW/vs_sbs_pct █▇▆▇▅▅▃▄▂▂▂▁
wandb:                    train_eval/OVRPL/ce ▇█▇▅▅▄▂▃▂▂▁▁
wandb:             train_eval/OVRPL/mean_cost █▅▃▆▃▄▂▄▁▂▁▁
wandb:                     train_eval/OVRPL/n ▁▁▁▁▁▁▁▁▁▁▁▁
wandb:                   train_eval/OVRPL/sbs ▁▁▁▁▁▁▁▁▁▁▁▁
wandb:             train_eval/OVRPL/std_final ▃▁▁▄▃▇▆▆█▇██
wandb:                  train_eval/OVRPL/top1 ▃▁▃▄▄▅▆▆▇███
wandb:        train_eval/OVRPL/top1_tie_aware ▃▁▃▄▄▅▆▆▇███
wandb:                  train_eval/OVRPL/top2 ▁▁▁▁▁▂▃▄▇▇▇█
wandb:                  train_eval/OVRPL/top3 ▂▂▂▁▃▄▇▆▇▇▅█
wandb:                   train_eval/OVRPL/vbs ▁▁▁▁▁▁▁▁▁▁▁▁
wandb:    train_eval/OVRPL/vbs_gap_closed_pct ▁▄▆▃▆▅▇▅█▇██
wandb:            train_eval/OVRPL/vs_sbs_pct █▅▃▆▃▄▂▄▁▂▁▁
wandb:                  train_eval/OVRPLTW/ce █▆▅▄▃▃▃▂▂▁▁▁
wandb:           train_eval/OVRPLTW/mean_cost █▅▅▆▄▄▂▂▃▁▂▁
wandb:                   train_eval/OVRPLTW/n ▁▁▁▁▁▁▁▁▁▁▁▁
wandb:                 train_eval/OVRPLTW/sbs ▁▁▁▁▁▁▁▁▁▁▁▁
wandb:           train_eval/OVRPLTW/std_final ▁▄▄▅▅▄▆▆▆▇██
wandb:                train_eval/OVRPLTW/top1 ▁▃▃▅▆▆▆▇▇█▇█
wandb:      train_eval/OVRPLTW/top1_tie_aware ▁▃▃▅▆▆▆▇▇█▇█
wandb:                train_eval/OVRPLTW/top2 █████████▁██
wandb:                train_eval/OVRPLTW/top3 ▁▁▁▁▅▆▅▆▆▆▆█
wandb:                 train_eval/OVRPLTW/vbs ▁▁▁▁▁▁▁▁▁▁▁▁
wandb:  train_eval/OVRPLTW/vbs_gap_closed_pct ▁▄▄▃▅▅▇▇▆█▇█
wandb:          train_eval/OVRPLTW/vs_sbs_pct █▅▅▆▄▄▂▂▃▁▂▁
wandb:                   train_eval/OVRPTW/ce █▄▃▃▂▂▂▂▁▁▁▁
wandb:            train_eval/OVRPTW/mean_cost █▆▅▅▃▄▂▂▂▁▂▁
wandb:                    train_eval/OVRPTW/n ▁▁▁▁▁▁▁▁▁▁▁▁
wandb:                  train_eval/OVRPTW/sbs ▁▁▁▁▁▁▁▁▁▁▁▁
wandb:            train_eval/OVRPTW/std_final ▁▅▄▅▅▅▆▇▇▇██
wandb:                 train_eval/OVRPTW/top1 ▁▄▆▆▇▆▇▇▇███
wandb:       train_eval/OVRPTW/top1_tie_aware ▁▄▆▆▇▆▇▇▇███
wandb:                 train_eval/OVRPTW/top2 ▁▁▁▁▁▁▁▁▁▁▁▁
wandb:                 train_eval/OVRPTW/top3 ▁▂▂▂▄▇▅▇████
wandb:                  train_eval/OVRPTW/vbs ▁▁▁▁▁▁▁▁▁▁▁▁
wandb:   train_eval/OVRPTW/vbs_gap_closed_pct ▁▃▄▄▆▅▇▇▇█▇█
wandb:           train_eval/OVRPTW/vs_sbs_pct █▆▅▅▃▄▂▂▂▁▂▁
wandb:                      train_eval/TSP/ce █▇▄▃▄▂▂▂▁▁▁▁
wandb:               train_eval/TSP/mean_cost █▅▂▂▄▁▁▁▁▁▁▁
wandb:                       train_eval/TSP/n ▁▁▁▁▁▁▁▁▁▁▁▁
wandb:                     train_eval/TSP/sbs ▁▁▁▁▁▁▁▁▁▁▁▁
wandb:               train_eval/TSP/std_final ▁▃▃▆▄▅▆▇▇▇██
wandb:                    train_eval/TSP/top1 ▁▃▆▆▅▇▇▇████
wandb:          train_eval/TSP/top1_tie_aware ▁▃▆▆▅▇▇▇████
wandb:                    train_eval/TSP/top2 ▁▃▅▆▅▇▇▇████
wandb:                    train_eval/TSP/top3 ▁▃▅▆▅▇▇▇████
wandb:                     train_eval/TSP/vbs ▁▁▁▁▁▁▁▁▁▁▁▁
wandb:      train_eval/TSP/vbs_gap_closed_pct ▁▄▇▇▅███████
wandb:              train_eval/TSP/vs_sbs_pct █▅▂▂▄▁▁▁▁▁▁▁
wandb:                     train_eval/VRPB/ce ██▆▅▄▄▃▂▂▂▁▁
wandb:              train_eval/VRPB/mean_cost ██▅▃▃▃▂▁▁▁▂▁
wandb:                      train_eval/VRPB/n ▁▁▁▁▁▁▁▁▁▁▁▁
wandb:                    train_eval/VRPB/sbs ▁▁▁▁▁▁▁▁▁▁▁▁
wandb:              train_eval/VRPB/std_final ▁▃▃▄▅▅▆▆▇▇██
wandb:                   train_eval/VRPB/top1 ▁▁▃▆▇▇▇▇█▇██
wandb:         train_eval/VRPB/top1_tie_aware ▁▁▃▆▇▇▇▇█▇██
wandb:                   train_eval/VRPB/top2 ▄▄▄▄▄▄▅▅▆▁▆█
wandb:                   train_eval/VRPB/top3 ▁▂▂▃▅▃▆▇▇▆██
wandb:                    train_eval/VRPB/vbs ▁▁▁▁▁▁▁▁▁▁▁▁
wandb:     train_eval/VRPB/vbs_gap_closed_pct ▁▁▄▆▆▆▇███▇█
wandb:             train_eval/VRPB/vs_sbs_pct ██▅▃▃▃▂▁▁▁▂▁
wandb:                    train_eval/VRPBL/ce █▆▆▅▄▃▃▂▂▂▁▁
wandb:             train_eval/VRPBL/mean_cost █▅▆▇▅▄▃▃▃▂▂▁
wandb:                     train_eval/VRPBL/n ▁▁▁▁▁▁▁▁▁▁▁▁
wandb:                   train_eval/VRPBL/sbs ▁▁▁▁▁▁▁▁▁▁▁▁
wandb:             train_eval/VRPBL/std_final ▁▄▄▅▅▅▆▆▇▇██
wandb:                  train_eval/VRPBL/top1 ▁▅▃▆▆▆▇▇▇▇██
wandb:        train_eval/VRPBL/top1_tie_aware ▁▅▃▆▆▆▇▇▇▇██
wandb:                  train_eval/VRPBL/top2 ▃▃▃▃▃▅█▃▁▆█▇
wandb:                  train_eval/VRPBL/top3 ▁▁▃▄▆▄▇▆▇▇██
wandb:                   train_eval/VRPBL/vbs ▁▁▁▁▁▁▁▁▁▁▁▁
wandb:    train_eval/VRPBL/vbs_gap_closed_pct ▁▄▃▂▄▅▆▆▆▇▇█
wandb:            train_eval/VRPBL/vs_sbs_pct █▅▆▇▅▄▃▃▃▂▂▁
wandb:                  train_eval/VRPBLTW/ce █▄▃▃▂▂▂▁▁▁▁▁
wandb:           train_eval/VRPBLTW/mean_cost █▂▂▂▂▁▁▁▁▁▁▁
wandb:                   train_eval/VRPBLTW/n ▁▁▁▁▁▁▁▁▁▁▁▁
wandb:                 train_eval/VRPBLTW/sbs ▁▁▁▁▁▁▁▁▁▁▁▁
wandb:           train_eval/VRPBLTW/std_final ▁▃▄▅▅▅▆▆▆▇██
wandb:                train_eval/VRPBLTW/top1 ▁▅▆▆▆▇▇▇████
wandb:      train_eval/VRPBLTW/top1_tie_aware ▁▅▆▆▆▇▇▇████
wandb:                train_eval/VRPBLTW/top2 ▁▅▆▆▇▇▇▇████
wandb:                train_eval/VRPBLTW/top3 ▁▄▆▆▇▇▇█████
wandb:                 train_eval/VRPBLTW/vbs ▁▁▁▁▁▁▁▁▁▁▁▁
wandb:  train_eval/VRPBLTW/vbs_gap_closed_pct ▁▇▇▇▇███████
wandb:          train_eval/VRPBLTW/vs_sbs_pct █▂▂▂▂▁▁▁▁▁▁▁
wandb:                   train_eval/VRPBTW/ce █▄▃▂▂▂▂▁▁▁▁▁
wandb:            train_eval/VRPBTW/mean_cost █▂▁▁▁▁▁▁▁▁▁▁
wandb:                    train_eval/VRPBTW/n ▁▁▁▁▁▁▁▁▁▁▁▁
wandb:                  train_eval/VRPBTW/sbs ▁▁▁▁▁▁▁▁▁▁▁▁
wandb:            train_eval/VRPBTW/std_final ▁▃▃▄▅▅▆▇▇▇██
wandb:                 train_eval/VRPBTW/top1 ▁▅▆▆▆▇▇█████
wandb:       train_eval/VRPBTW/top1_tie_aware ▁▅▆▆▆▇▇█████
wandb:                 train_eval/VRPBTW/top2 ▁▆▇▇▇▇▇█████
wandb:                 train_eval/VRPBTW/top3 ▁▅▇▇▇▇▇█████
wandb:                  train_eval/VRPBTW/vbs ▁▁▁▁▁▁▁▁▁▁▁▁
wandb:   train_eval/VRPBTW/vbs_gap_closed_pct ▁▇██████████
wandb:           train_eval/VRPBTW/vs_sbs_pct █▂▁▁▁▁▁▁▁▁▁▁
wandb:                     train_eval/VRPL/ce █▅▅▄▃▃▂▂▂▂▁▁
wandb:              train_eval/VRPL/mean_cost █▆▅▅▄▅▄▄▂▂▁▁
wandb:                      train_eval/VRPL/n ▁▁▁▁▁▁▁▁▁▁▁▁
wandb:                    train_eval/VRPL/sbs ▁▁▁▁▁▁▁▁▁▁▁▁
wandb:              train_eval/VRPL/std_final ▁▂▃▄▁▄▄▅▇▆██
wandb:                   train_eval/VRPL/top1 ▁▄▃▅▅▅▆▇▇▇██
wandb:         train_eval/VRPL/top1_tie_aware ▁▄▃▅▅▅▆▇▇▇██
wandb:                   train_eval/VRPL/top2 ▂▁▂▁▃▂▃▆▇▇██
wandb:                   train_eval/VRPL/top3 ▁▂▃▄▅▅▆▇▇▇██
wandb:                    train_eval/VRPL/vbs ▁▁▁▁▁▁▁▁▁▁▁▁
wandb:     train_eval/VRPL/vbs_gap_closed_pct ▁▃▄▄▅▄▅▅▇▇██
wandb:             train_eval/VRPL/vs_sbs_pct █▆▅▅▄▅▄▄▂▂▁▁
wandb:                   train_eval/VRPLTW/ce █▇▄▄▂▂▂▂▂▁▁▁
wandb:            train_eval/VRPLTW/mean_cost █▃▃▂▂▂▁▁▂▁▁▁
wandb:                    train_eval/VRPLTW/n ▁▁▁▁▁▁▁▁▁▁▁▁
wandb:                  train_eval/VRPLTW/sbs ▁▁▁▁▁▁▁▁▁▁▁▁
wandb:            train_eval/VRPLTW/std_final ▁▃▄▄▅▅▆▆▇▇██
wandb:                 train_eval/VRPLTW/top1 ▁▃▄▄▆▆▇▇▇███
wandb:       train_eval/VRPLTW/top1_tie_aware ▁▃▄▄▆▆▇▇▇███
wandb:                 train_eval/VRPLTW/top2 ▁▃▅▅▇▇▇█▇███
wandb:                 train_eval/VRPLTW/top3 ▁▃▆▆▇▇██████
wandb:                  train_eval/VRPLTW/vbs ▁▁▁▁▁▁▁▁▁▁▁▁
wandb:   train_eval/VRPLTW/vbs_gap_closed_pct ▁▆▆▇▇▇██▇███
wandb:           train_eval/VRPLTW/vs_sbs_pct █▃▃▂▂▂▁▁▂▁▁▁
wandb:                    train_eval/VRPTW/ce █▆▄▃▂▃▂▂▁▁▁▁
wandb:             train_eval/VRPTW/mean_cost █▂▃▁▂▃▁▁▁▁▁▁
wandb:                     train_eval/VRPTW/n ▁▁▁▁▁▁▁▁▁▁▁▁
wandb:                   train_eval/VRPTW/sbs ▁▁▁▁▁▁▁▁▁▁▁▁
wandb:             train_eval/VRPTW/std_final ▁▃▃▄▅▅▆▇▇▇██
wandb:                  train_eval/VRPTW/top1 ▁▃▆▅▇▆▇▇████
wandb:        train_eval/VRPTW/top1_tie_aware ▁▃▆▅▇▆▇▇████
wandb:                  train_eval/VRPTW/top2 ▁▄▆▆▇▇▇▇████
wandb:                  train_eval/VRPTW/top3 ▁▂▆▆▇▇▇█████
wandb:                   train_eval/VRPTW/vbs ▁▁▁▁▁▁▁▁▁▁▁▁
wandb:    train_eval/VRPTW/vbs_gap_closed_pct ▁▇▆█▇▆██████
wandb:            train_eval/VRPTW/vs_sbs_pct █▂▃▁▂▃▁▁▁▁▁▁
wandb:                    train_eval/macro_ce █▆▄▄▃▃▂▂▁▁▁▁
wandb:                  train_eval/macro_top1 ▁▃▄▅▆▆▇▇▇███
wandb:        train_eval/macro_top1_tie_aware ▁▃▄▅▆▆▇▇▇███
wandb:                  train_eval/macro_top2 ▁▄▅▅▆▆▇▇████
wandb:                  train_eval/macro_top3 ▁▃▅▅▆▇▇▇████
wandb:    train_eval/macro_vbs_gap_closed_pct ▁▄▆▆▆▆▇▇████
wandb:            train_eval/macro_vs_sbs_pct █▃▃▂▂▂▁▁▁▁▁▁
wandb:                            val/ATSP/ce ██▅▄▃▂▂▅▂▂▂▂▁▁▁▁▁▂▁▁▁▁▁▁▁▁▁▁▁▁▁▁▁▁▁▁▁▁▁▁
wandb:                     val/ATSP/mean_cost █▂▅▅▂▂▂▂▂▇▂▂▁▁▂▂▁▁▁▁▂▁▁▁▁▁▁▁▁▁▁▁▁▁▁▁▂▁▁▁
wandb:                             val/ATSP/n ▁▁▁▁▁▁▁▁▁▁▁▁▁▁▁▁▁▁▁▁▁▁▁▁▁▁▁▁▁▁▁▁▁▁▁▁▁▁▁▁
wandb:                           val/ATSP/sbs ▁▁▁▁▁▁▁▁▁▁▁▁▁▁▁▁▁▁▁▁▁▁▁▁▁▁▁▁▁▁▁▁▁▁▁▁▁▁▁▁
wandb:                     val/ATSP/std_final ▁▂▂▃▄▄▅▅▅▅▅▆▆▆▆▆▆▇▇▇▇▇▇▇▇█▇▇▇▇██████████
wandb:                          val/ATSP/top1 ▁▅▃▃▅▆▇▄▆▇██████████████████████████████
wandb:                val/ATSP/top1_tie_aware ▁▅▃▃▆▅▆▇▇▄▇▆▆▇███▇██████████████████████
wandb:                          val/ATSP/top2 ▁▁▆▂▇█▆▇█▇█▆█▇██████████████████████████
wandb:                          val/ATSP/top3 ▁▁▅▇█▇▇██▇██████████████████████████████
wandb:                           val/ATSP/vbs ▁▁▁▁▁▁▁▁▁▁▁▁▁▁▁▁▁▁▁▁▁▁▁▁▁▁▁▁▁▁▁▁▁▁▁▁▁▁▁▁
wandb:            val/ATSP/vbs_gap_closed_pct ▁▇▄▄▇▇▇▇▇▇█▇▇█▇███▇███████████████████▇█
wandb:                    val/ATSP/vs_sbs_pct █▅▂▂▂▂▂▂▇▁▁▁▂▁▁▁▂▁▁▁▁▁▁▁▁▁▁▁▁▁▁▁▁▁▁▁▁▁▁▁
wandb:                            val/CVRP/ce █▆▅▄▅▄▄▄▅▄▄▄▄▄▃▄▃▂▂▃▂▂▂▂▃▁▁▁▁▁▁▁▁▁▁▁▁▁▁▁
wandb:                     val/CVRP/mean_cost ▄▄█▄▇█▆▆▄▅▅▅▆▅▄▅▄▄▄▅▂▂▃▂▂▁▂▁▁▁▂▂▁▁▁▁▁▁▁▁
wandb:                             val/CVRP/n ▁▁▁▁▁▁▁▁▁▁▁▁▁▁▁▁▁▁▁▁▁▁▁▁▁▁▁▁▁▁▁▁▁▁▁▁▁▁▁▁
wandb:                           val/CVRP/sbs ▁▁▁▁▁▁▁▁▁▁▁▁▁▁▁▁▁▁▁▁▁▁▁▁▁▁▁▁▁▁▁▁▁▁▁▁▁▁▁▁
wandb:                     val/CVRP/std_final ▁▂▂▅▃▅▅▅▅▆▅▅▄▆▅▇▆▆▇▆▆▇▇▇▇▇▇▇█▇▇▇▇▇▇█████
wandb:                          val/CVRP/top1 ▁▃▂▂▃▃▄▄▄▄▄▄▄▅▅▄▆▆▅▅▇▆▆▆▇▅▇▆██▇▇████████
wandb:                val/CVRP/top1_tie_aware ▁▃▂▃▂▄▄▄▄▄▄▄▅▅▅▆▆▅▇▆▆▇█▅▇███████████████
wandb:                          val/CVRP/top2 ▁▄▄▄▄▅▅▅▄▅▅▅▄▅▅▆▆▅▆▅▇▇▆▇▇▇▆█▇███▇███████
wandb:                          val/CVRP/top3 ▁▅▅▄▅▅▅▆▆▅▅▆▆▆▅▅▆▆▆▇▇▇▇▇██▇█████████████
wandb:                           val/CVRP/vbs ▁▁▁▁▁▁▁▁▁▁▁▁▁▁▁▁▁▁▁▁▁▁▁▁▁▁▁▁▁▁▁▁▁▁▁▁▁▁▁▁
wandb:            val/CVRP/vbs_gap_closed_pct ▅▅▅▂▃▁▂▃▃▅▅▄▄▄▃▅▆▄▅▅▆▄▇▇▇▆█▇████▇███████
wandb:                    val/CVRP/vs_sbs_pct ▄▄█▄▄▆█▇▆▆▄▅▅▆▅▅▄▄▃▃▂▂▂▃▂▂▁▁▁▁▂▂▁▁▁▁▁▁▁▁
wandb:                            val/OVRP/ce █▁▁▁▁▁▁▁▁▁▁▁▁▁▁▂▁▁▁▁▂▁▁▁▁▁▁▁▁▁▁▁▁▁▁▁▁▁▁▁
wandb:                     val/OVRP/mean_cost ▅▅▅▇▆▄▄▆█▅▅▄▄▅▄▆▄▄▄▅▆▃▃▄▃▃▃▃▃▃▂▃▂▂▂▁▂▂▁▁
wandb:                             val/OVRP/n ▁▁▁▁▁▁▁▁▁▁▁▁▁▁▁▁▁▁▁▁▁▁▁▁▁▁▁▁▁▁▁▁▁▁▁▁▁▁▁▁
wandb:                           val/OVRP/sbs ▁▁▁▁▁▁▁▁▁▁▁▁▁▁▁▁▁▁▁▁▁▁▁▁▁▁▁▁▁▁▁▁▁▁▁▁▁▁▁▁
wandb:                     val/OVRP/std_final ▃▃▄▁▄▄▅▁▅▅▅▄▅▄▆▇▅▇▅▇▆▆▇▇▇▇▇▇▇▇██▇███████
wandb:                          val/OVRP/top1 ▁▇▇▇▇▇▇▇▆▇▆▇▇▇▇▆▆▇▇▇▇▆▇▇▇▇▇▇▇▇▇▇█████▇██
wandb:                val/OVRP/top1_tie_aware ▃▃▂▆▄▄▆▄▅▃▄▄▅▃▁▄▅▃▄▃▅▅▆▅▅▆▅▅▆▆▆▇▆▇▇▇▇▇▆█
wandb:                          val/OVRP/top2 ▁████████████████████▇██████████████████
wandb:                          val/OVRP/top3 ▅▅▅▅▅▅▃▆▁▅█▇▃▂▅▃▅▃▃▃▂▁▃▆▂▃▇▃▇▅▂▅▂▁▁▁▂▃▃▂
wandb:                           val/OVRP/vbs ▁▁▁▁▁▁▁▁▁▁▁▁▁▁▁▁▁▁▁▁▁▁▁▁▁▁▁▁▁▁▁▁▁▁▁▁▁▁▁▁
wandb:            val/OVRP/vbs_gap_closed_pct ▁███▇█▇█▇██████▇▇████▇██████████████████
wandb:                    val/OVRP/vs_sbs_pct ▅▅▅▇▆▇█▄▄▆▅▆▄▄▄▅█▆▄▅▃▃▄▃▃▃▃▃▃▃▂▂▂▂▂▁▂▂▁▁
wandb:                           val/OVRPB/ce █▃▂▂▂▁▁▁▁▁▁▂▁▁▁▁▁▁▁▁▁▁▁▁▁▁▁▁▁▁▁▁▁▁▁▁▁▁▁▁
wandb:                    val/OVRPB/mean_cost ▆▆▆▆█▆▆▅▃▅▄▆▃▇▂▄▄▄▄▄▃▅▄▃▅▁▅▅▅▄▃▃▄▃▄▄▄▃▃▃
wandb:                            val/OVRPB/n ▁▁▁▁▁▁▁▁▁▁▁▁▁▁▁▁▁▁▁▁▁▁▁▁▁▁▁▁▁▁▁▁▁▁▁▁▁▁▁▁
wandb:                          val/OVRPB/sbs ▁▁▁▁▁▁▁▁▁▁▁▁▁▁▁▁▁▁▁▁▁▁▁▁▁▁▁▁▁▁▁▁▁▁▁▁▁▁▁▁
wandb:                    val/OVRPB/std_final ▁▃▄▅▄▅▆▆▆▆▆▆▆▆▆▇▆▆▆▇▇▆▆▇▇▇▆▇▇▇▇▇▇▇▇█████
wandb:                         val/OVRPB/top1 ▁▁▁▁▂▁▃▂▂▁▃▂▃▃▄▄▅▃▄▄▄▄▄█▄▃▅▅▄▆▅▅▅▅▆▆▆▇▆▆
wandb:               val/OVRPB/top1_tie_aware ▁▁▁▁▁▁▄▃▁▅▆▆▂▃▃▄▃▄▅▃▄▄▄█▄▃▅▄▅▄▅▅▅▅▅▆▆▆▆▆
wandb:                         val/OVRPB/top2 ▁▁▁▁▁▁▁▁▁▁▁▁▁▁▁▁▁▁▁▁▁▁▁▁▁▁▁▁▁▁▁▁▁▁▁▁▁▁▁▁
wandb:                         val/OVRPB/top3 ▁▆▆▆▇▇█▇█▇▇█▇▇▇▇▇▇▇▇▇▇▇▇█▇▇▇▇▇▇▇▇▇▇▇▇▇▇▇
wandb:                          val/OVRPB/vbs ▁▁▁▁▁▁▁▁▁▁▁▁▁▁▁▁▁▁▁▁▁▁▁▁▁▁▁▁▁▁▁▁▁▁▁▁▁▁▁▁
wandb:           val/OVRPB/vbs_gap_closed_pct ▃▃▃▃▁▃▃▄▄▅▆▂▃▃▅▅▅▅▆▄▅▆▄█▄▄▄▅▅▄▅▅▅▆▅▅▆▅▆▆
wandb:                   val/OVRPB/vs_sbs_pct ▆▆▆▆▆█▆▆▆▆▂█▁▆▇▄▄▄▄▃▆▅▃▅▄▅▅▅▅▄▅▃▄▃▃▃▃▂▃▃
wandb:                          val/OVRPBL/ce █▂▂▂▂▁▁▁▁▁▁▁▁▁▁▁▁▁▁▁▁▁▁▁▁▁▁▁▁▁▁▁▁▁▁▁▁▁▁▁
wandb:                   val/OVRPBL/mean_cost ██████▇▇█▅█▆▆▄▄▅▄▄▂▄▂▃▄▃▁▃▄▃▂▄▂▄▂▃▂▃▄▃▃▂
wandb:                           val/OVRPBL/n ▁▁▁▁▁▁▁▁▁▁▁▁▁▁▁▁▁▁▁▁▁▁▁▁▁▁▁▁▁▁▁▁▁▁▁▁▁▁▁▁
wandb:                         val/OVRPBL/sbs ▁▁▁▁▁▁▁▁▁▁▁▁▁▁▁▁▁▁▁▁▁▁▁▁▁▁▁▁▁▁▁▁▁▁▁▁▁▁▁▁
wandb:                   val/OVRPBL/std_final ▁▄▄▄▅▆▇▆▅▆▆▅▆▆▆▆▇▆▇▆▇▇▇▇▆█▇▇▇▇▇█▇▇▇█████
wandb:                        val/OVRPBL/top1 ▄▄▄▄▁▄▂▁▄▅▂▄▂▅▃▆▅▅▄▅▅▅▆▅█▆▆▇▆▇▇█▇▇▇▆▆▅▇█
wandb:              val/OVRPBL/top1_tie_aware ▄▄▄▄▄▄▁▁▄▅▂▂▅▃▂▆▅▅▄▆▅▆▇▆▅▇▆▆▇▇▇▆▇█▇█▆▆▇█
wandb:                        val/OVRPBL/top2 ████████████████████████████████▁████▁██
wandb:                        val/OVRPBL/top3 ▁▅▆█▆▇█▆▇███▆█▇█████▇█▇█▇▇█▇██▇██▇██▇███
wandb:                         val/OVRPBL/vbs ▁▁▁▁▁▁▁▁▁▁▁▁▁▁▁▁▁▁▁▁▁▁▁▁▁▁▁▁▁▁▁▁▁▁▁▁▁▁▁▁
wandb:          val/OVRPBL/vbs_gap_closed_pct ▁▁▁▁▁▁▂▁▁▃▁▁▂▃▃▅▅▅▆▆▅▆▇▅▆▆▇▇▆▇▇█▆▆██▆▇▇█
wandb:                  val/OVRPBL/vs_sbs_pct ▅▅▅▅█▅▅▅▄▅▅▅▅▄▄▃▃▂▂▁▂▂▃▂▃▂▁▂▂▁▂▁▂▁▁▂▃▂▂▁
wandb:                        val/OVRPBLTW/ce █▂▂▂▂▂▁▁▁▁▁▁▂▁▁▁▁▁▁▁▁▁▁▁▁▁▁▁▁▁▁▁▁▁▁▁▁▁▁▁
wandb:                 val/OVRPBLTW/mean_cost ▅▅▅▅▅▅▄▅▃▅▆▁▅▄▅▂▂▁▅▁▂▄▄▄▃▆▇▂▅▃▃▇▅▄▇▅▇█▇▇
wandb:                         val/OVRPBLTW/n ▁▁▁▁▁▁▁▁▁▁▁▁▁▁▁▁▁▁▁▁▁▁▁▁▁▁▁▁▁▁▁▁▁▁▁▁▁▁▁▁
wandb:                       val/OVRPBLTW/sbs ▁▁▁▁▁▁▁▁▁▁▁▁▁▁▁▁▁▁▁▁▁▁▁▁▁▁▁▁▁▁▁▁▁▁▁▁▁▁▁▁
wandb:                 val/OVRPBLTW/std_final ▁▂▃▃▄▄▄▅▄▄▅▄▅▅▅▆▅▅▅▅▅▆▅▅▆▆▅▅▇▇▇▇▇▇▇█▇▇██
wandb:                      val/OVRPBLTW/top1 ▁▁▂▁▁▂▆▃▇▆▅▆▇▆██▅▆▆▇▅▆▆▆▅▃▃▃▆▆▅▃▅▂▃▃▄▁▃▂
wandb:            val/OVRPBLTW/top1_tie_aware ▁▁▂▁▁▂▆▇█▃▆▇▇▆▆▆▇█▅█▆▅▆▆▆▅▅▃▃▆▁▅▃▅▄▃▂▁▃▂
wandb:                      val/OVRPBLTW/top2 ██████████████▁██▁████▁█▁████▁██████████
wandb:                      val/OVRPBLTW/top3 ▁███████████████████████████████████████
wandb:                       val/OVRPBLTW/vbs ▁▁▁▁▁▁▁▁▁▁▁▁▁▁▁▁▁▁▁▁▁▁▁▁▁▁▁▁▁▁▁▁▁▁▁▁▁▁▁▁
wandb:        val/OVRPBLTW/vbs_gap_closed_pct ▄▄▄▄▄▄▅▄▃▆▇▄▅▆█▆▄▃▅▄▄▅▆▅▅▄▃▄▂▆▅▂▅▂▄▂▄▂▁▁
wandb:                val/OVRPBLTW/vs_sbs_pct ▅▅▅▅▅█▃▅▃▅▅▄▃▁▅▃▂▅▅▄▄▃▅▃▄▄▃▃▄▅▄▆▅▄▄▆▅▆▆▆
wandb:                         val/OVRPBTW/ce █▂▂▂▂▂▂▂▁▁▁▁▁▁▁▁▁▁▁▁▁▁▁▁▁▁▁▁▁▁▁▁▁▁▁▁▁▁▁▁
wandb:                  val/OVRPBTW/mean_cost ▇▇▇█▇▃▁▃▁▄▅▁▄▄▄▅▇▂▄▅▃▃▄▃▃▄▃▅▄▄▃▅▃▅▂▂▃▃▄▃
wandb:                          val/OVRPBTW/n ▁▁▁▁▁▁▁▁▁▁▁▁▁▁▁▁▁▁▁▁▁▁▁▁▁▁▁▁▁▁▁▁▁▁▁▁▁▁▁▁
wandb:                        val/OVRPBTW/sbs ▁▁▁▁▁▁▁▁▁▁▁▁▁▁▁▁▁▁▁▁▁▁▁▁▁▁▁▁▁▁▁▁▁▁▁▁▁▁▁▁
wandb:                  val/OVRPBTW/std_final ▁▄▅▆▆▅▆▆▆▆▆▆▆▆▇▆▇▇▆▇▇▇▇▆▇▇█▇▇▇▇▇▇███████
wandb:                       val/OVRPBTW/top1 ▁▁▃▁▁▂▃▅▆▆▇█▇██▆▅▅▅▄▇▆▇▅▇█▇▇█▅▇▇▇▇▆█▇▇▇▇
wandb:             val/OVRPBTW/top1_tie_aware ▂▃▂▂▁▂▃▅▆▆▇▅█▆▆▅▆▅▄▇▆▇▆▅▇▇▇█▅▆▇▇▇▆█▇▇▇▇▇
wandb:                       val/OVRPBTW/top2 ██████████████████████████████████████▁█
wandb:                       val/OVRPBTW/top3 ▁███████████████████████████████████████
wandb:                        val/OVRPBTW/vbs ▁▁▁▁▁▁▁▁▁▁▁▁▁▁▁▁▁▁▁▁▁▁▁▁▁▁▁▁▁▁▁▁▁▁▁▁▁▁▁▁
wandb:         val/OVRPBTW/vbs_gap_closed_pct ▂▂▁▂▂▂▆▇▆█▇█▅▆▆▇▅▅▄▇▂▇▄▄▄▄▆▅▆▆▅▅▆▆▆▆▇▇▅▄
wandb:                 val/OVRPBTW/vs_sbs_pct ▆▆▆▆▆█▅▃▂▂▁▃▂▄▁▃▃▁▄▆▃▄▄▂▃▃▁▃▃▂▃▃▁▂▄▂▁▂▃▂
wandb:                           val/OVRPL/ce █▂▂▂▂▂▂▂▂▂▂▂▂▁▁▁▂▁▁▁▁▁▁▁▁▁▁▁▁▁▁▁▁▁▁▁▁▁▁▁
wandb:                    val/OVRPL/mean_cost █▁▁▁▂▁▁▁▂▂▁▁▁▁▁▁▁▁▁▁▁▁▁▁▁▁▁▁▁▁▁▁▁▁▁▁▁▁▁▁
wandb:                            val/OVRPL/n ▁▁▁▁▁▁▁▁▁▁▁▁▁▁▁▁▁▁▁▁▁▁▁▁▁▁▁▁▁▁▁▁▁▁▁▁▁▁▁▁
wandb:                          val/OVRPL/sbs ▁▁▁▁▁▁▁▁▁▁▁▁▁▁▁▁▁▁▁▁▁▁▁▁▁▁▁▁▁▁▁▁▁▁▁▁▁▁▁▁
wandb:                    val/OVRPL/std_final ▁▄▄▅▅▅▅▄▅▇▄▆▅▅▅▇▇▅▇▇▆▆▇▇▇█▇▇▇▇▇██▇▇▇▇▇██
wandb:                         val/OVRPL/top1 ▁▁▁▃▃▁▄▁▂▄▁▂▃▄▅▁▃▄▂▄▄▃▃▂▃▄▄▃▆▄▆▇▆▇▇██▇▇█
wandb:               val/OVRPL/top1_tie_aware ▁▇▇▇▇▇▇▇▇▇▇▇▇▇▇▇▇▇▇▇▇▇▇▇▇▇██████████████
wandb:                         val/OVRPL/top2 ▁███████████████████████████████████████
wandb:                         val/OVRPL/top3 ▁███████████████████████████████████████
wandb:                          val/OVRPL/vbs ▁▁▁▁▁▁▁▁▁▁▁▁▁▁▁▁▁▁▁▁▁▁▁▁▁▁▁▁▁▁▁▁▁▁▁▁▁▁▁▁
wandb:           val/OVRPL/vbs_gap_closed_pct ▁██▇████▇█▇█████████████████████████████
wandb:                   val/OVRPL/vs_sbs_pct █▁▁▁▂▁▂▁▁▁▁▁▂▁▁▂▁▁▁▁▁▁▁▁▁▁▁▁▁▁▁▁▁▁▁▁▁▁▁▁
wandb:                         val/OVRPLTW/ce █▂▂▂▂▁▁▁▁▁▁▁▂▁▁▁▁▁▁▁▁▁▁▁▁▁▁▁▁▁▁▁▁▁▁▁▁▁▁▁
wandb:                  val/OVRPLTW/mean_cost ▄▄▅▄▁▄▆▂▅▄▃█▄▂▆▅▄▇▅▃▄▅▆▆▄▃▄▄▂▃▄▄▃▄▃▃▃▄▅▄
wandb:                          val/OVRPLTW/n ▁▁▁▁▁▁▁▁▁▁▁▁▁▁▁▁▁▁▁▁▁▁▁▁▁▁▁▁▁▁▁▁▁▁▁▁▁▁▁▁
wandb:                        val/OVRPLTW/sbs ▁▁▁▁▁▁▁▁▁▁▁▁▁▁▁▁▁▁▁▁▁▁▁▁▁▁▁▁▁▁▁▁▁▁▁▁▁▁▁▁
wandb:                  val/OVRPLTW/std_final ▁▃▃▄▄▅▄▄▅▅▅▅▅▆▅▅▅▆▅▆▇▆▆▅▅▇▇▇▇▇▇▇▇▇▇██▇██
wandb:                       val/OVRPLTW/top1 ▄▄▃▄▄▂▄▁▇▂▄▂▇▁▄▃▃▅▅▆▄▅▆▃▄▇█▄▅▅▇▆▆▆▇▇▇▆▆▆
wandb:             val/OVRPLTW/top1_tie_aware ▅▃▅▅▆▇▂▁▂▅▂▆▁▅▃▃▅▃▅▆▅▆▃▄▅█▄▅▅█▆▄▆▆▆▇▆▆▄▆
wandb:                       val/OVRPLTW/top2 ▁▁▁▁▁▁▁▁▁▁▁▁▁▁▁▁▁▁▁▁▁▁▁▁▁▁▁▁▁▁▁▁▁▁▁▁▁▁▁▁
wandb:                       val/OVRPLTW/top3 ▁███████████████████████████████████████
wandb:                        val/OVRPLTW/vbs ▁▁▁▁▁▁▁▁▁▁▁▁▁▁▁▁▁▁▁▁▁▁▁▁▁▁▁▁▁▁▁▁▁▁▁▁▁▁▁▁
wandb:         val/OVRPLTW/vbs_gap_closed_pct ▆▆█▁▆▇▅▅▆▄▃▅▄▇▃▄▅▄▅▅▅▅▄▄▆▇▆▆▇▇▆▆▆▇▆▆▆▅▅▆
wandb:                 val/OVRPLTW/vs_sbs_pct ▃▃▃▁█▅▂▄▄▃▃▆▅▆▄▅▄▃▄▄▄▅▃▄▂▃▂▂▃▃▃▂▃▃▃▃▃▄▄▃
wandb:                          val/OVRPTW/ce █▂▂▂▂▂▁▁▁▁▁▁▁▁▁▂▁▁▁▁▁▁▁▁▁▁▁▁▁▁▁▁▁▁▁▁▁▁▁▁
wandb:                   val/OVRPTW/mean_cost ▇▇▆▇▆██▅▅▄▅█▆▆▅▅█▄▅▆▃▃▃▁▄▄▄▂▄▃▂▃▅▆▄▃▄▃▅▅
wandb:                           val/OVRPTW/n ▁▁▁▁▁▁▁▁▁▁▁▁▁▁▁▁▁▁▁▁▁▁▁▁▁▁▁▁▁▁▁▁▁▁▁▁▁▁▁▁
wandb:                         val/OVRPTW/sbs ▁▁▁▁▁▁▁▁▁▁▁▁▁▁▁▁▁▁▁▁▁▁▁▁▁▁▁▁▁▁▁▁▁▁▁▁▁▁▁▁
wandb:                   val/OVRPTW/std_final ▁▃▄▄▃▅▆▅▅▅▆▆▆▆▆▆▇▆▇▆▇▇▆▆▆▇▇▇▇▇▇▇▇▇██████
wandb:                        val/OVRPTW/top1 ▃▄▄▃▃▆▁▅▂▃▃▅▇▇▅▆▅▆▅▅▄▆▇▇▆█▆▇▆▇▆▆▆▆▅▆▇▅▅▅
wandb:              val/OVRPTW/top1_tie_aware ▃▄▃▃▄▁▅▂▃▃▇▅▆▇▅▅▆▆▄▆▆▇▇▆▆█▆▇▆▇▇▇▆▅▆▅▆▅▅▅
wandb:                        val/OVRPTW/top2 ▁▁▁▁▁▁▁▁▁▁▁▁▁▁▁▁▁▁▁▁▁▁▁▁▁▁▁▁▁▁▁▁▁▁▁▁▁▁▁▁
wandb:                        val/OVRPTW/top3 ▁███████████████████████████████████████
wandb:                         val/OVRPTW/vbs ▁▁▁▁▁▁▁▁▁▁▁▁▁▁▁▁▁▁▁▁▁▁▁▁▁▁▁▁▁▁▁▁▁▁▁▁▁▁▁▁
wandb:          val/OVRPTW/vbs_gap_closed_pct ▃▂▄▁▂▅▄▅▆▃▂▃▃▃▄▄▁▅▄▃▆▆▅█▆▇▅▆▆▇▄▄▅▆▇▆▇▆▄▅
wandb:                  val/OVRPTW/vs_sbs_pct ▇▆▇▇▆██▅▄▃▆▅▆▅▇▇▅▅▅█▅▆▃▃▃▄▁▃▄▂▃▂▂▅▅▄▃▂▃▆
wandb:                             val/TSP/ce █▇▆▅▄▅█▄▄▃▂▂▂▂▂▂▂▁▁▂▁▂▁▁▁▁▁▁▁▁▁▁▁▁▁▁▁▁▁▁
wandb:                      val/TSP/mean_cost ███▇▃▄▃▃▃▂▂▄▂▂▁▁▃▁▂▁▂▁▁▁▁▁▁▁▁▁▁▁▁▁▁▁▁▁▁▁
wandb:                              val/TSP/n ▁▁▁▁▁▁▁▁▁▁▁▁▁▁▁▁▁▁▁▁▁▁▁▁▁▁▁▁▁▁▁▁▁▁▁▁▁▁▁▁
wandb:                            val/TSP/sbs ▁▁▁▁▁▁▁▁▁▁▁▁▁▁▁▁▁▁▁▁▁▁▁▁▁▁▁▁▁▁▁▁▁▁▁▁▁▁▁▁
wandb:                      val/TSP/std_final ▁▁▂▃▄▃▅▅▅▄▅▅▄▅▆▇▆▆▆▆▇▇▆▆▇▇▆▇██▇▇████████
wandb:                           val/TSP/top1 ▁▁▁▁▁▄▄▄▅▅▅▆▅▆▇█▆▇▇█▇▇▇▇▇▃▇█▇▇█▇▇▇▇█▇▇█▇
wandb:                 val/TSP/top1_tie_aware ▁▁▁▂▁▃▄▄▄▅▅▆▇▆█▇▆▇█▇▇▇█▇████▇▇▇▇▇▇▇▇▇█▇▇
wandb:                           val/TSP/top2 ▃▃▃▄▅▄▁▅▆▆▆▆▆▆▇▇▇▇▇▇█▇▇▇▇█▅█████████████
wandb:                           val/TSP/top3 ▁▂▄▄▄▅▅▆▅▆▆▆▆▆▆▇▆████▇███▇████████▇█▇▇▇▇
wandb:                            val/TSP/vbs ▁▁▁▁▁▁▁▁▁▁▁▁▁▁▁▁▁▁▁▁▁▁▁▁▁▁▁▁▁▁▁▁▁▁▁▁▁▁▁▁
wandb:             val/TSP/vbs_gap_closed_pct ▁▁▂▁▆▅▆▆▆▆▇▅▇▇█▆▇▇██████▇███████████████
wandb:                     val/TSP/vs_sbs_pct ███▇█▃▄▃▃▂▂▄▂▂▁▁▃▂▁▂▁▁▁▁▁▁▁▂▁▁▁▁▁▁▁▁▁▁▁▁
wandb:                            val/VRPB/ce █▄▃▃▂▃▂▂▂▂▂▂▂▂▁▁▁▁▁▁▁▁▁▁▁▁▁▁▁▁▁▁▁▁▁▁▁▁▁▁
wandb:                     val/VRPB/mean_cost ████████▄█▄▅▃▇▃▄▃▃▄▃▄▂▂▄▁▄▃▂▃▁▂▁▂▁▃▂▂▄▂▁
wandb:                             val/VRPB/n ▁▁▁▁▁▁▁▁▁▁▁▁▁▁▁▁▁▁▁▁▁▁▁▁▁▁▁▁▁▁▁▁▁▁▁▁▁▁▁▁
wandb:                           val/VRPB/sbs ▁▁▁▁▁▁▁▁▁▁▁▁▁▁▁▁▁▁▁▁▁▁▁▁▁▁▁▁▁▁▁▁▁▁▁▁▁▁▁▁
wandb:                     val/VRPB/std_final ▁▃▃▄▅▅▅▅▄▆▅▆▅▆▆▆▆▇▆▆▇▇▇▆▇▇▇▇▇▇▇▇▇███████
wandb:                          val/VRPB/top1 ▁▁▁▆▁▁▁▇▁▁▄▇▂▇▅▆▇▇▇▇▆▇▇▆▇▇█▇▇▇▇█▇▇▇██▇▆█
wandb:                val/VRPB/top1_tie_aware ▁▁▁▁▂▁▁▁▇▁▇▇▂▇▆▇▆▇▇▆▇▇▆▇▇▇▆▇▇█▇▇▇█▇██▇▇█
wandb:                          val/VRPB/top2 ▁▁▁▁▁▁▁▁▁▁▁▁▁▁▁▁▁▁▁▁▁▁▁▁▁▁▁▁█▁█▁█▁█▁██▁█
wandb:                          val/VRPB/top3 ▁▇▇▇▇▇▇▇▇▇▇▇▇▇▇█▇▇███▇██████████████████
wandb:                           val/VRPB/vbs ▁▁▁▁▁▁▁▁▁▁▁▁▁▁▁▁▁▁▁▁▁▁▁▁▁▁▁▁▁▁▁▁▁▁▁▁▁▁▁▁
wandb:            val/VRPB/vbs_gap_closed_pct ▁▁▁▁▃▁▁▁▁▅▂▅▄▆▂▆▃▆▅▆▆▅▆▄▅▅▇▆▇▆▆▇█▇██▇▇▇█
wandb:                    val/VRPB/vs_sbs_pct ████████▄█▇▄▅▃▇▆▃▃▃▄▃▄▃▄▂▁▃▂▁▂▁▁▁▃▁▂▂▄▂▁
wandb:                           val/VRPBL/ce █▃▂▂▂▁▁▁▁▁▁▁▁▁▁▁▁▁▁▁▁▁▁▁▁▁▁▁▁▁▁▁▁▁▁▁▁▁▁▁
wandb:                    val/VRPBL/mean_cost ▆▆▆▆▅▅▂▅▅▄▂▄▃▂▃▆▅▄▅▃▅▅▃▁▄▆▄▃▂▃▄▆▄▃▄▆▆█▇▅
wandb:                            val/VRPBL/n ▁▁▁▁▁▁▁▁▁▁▁▁▁▁▁▁▁▁▁▁▁▁▁▁▁▁▁▁▁▁▁▁▁▁▁▁▁▁▁▁
wandb:                          val/VRPBL/sbs ▁▁▁▁▁▁▁▁▁▁▁▁▁▁▁▁▁▁▁▁▁▁▁▁▁▁▁▁▁▁▁▁▁▁▁▁▁▁▁▁
wandb:                    val/VRPBL/std_final ▁▃▄▄▄▆▅▄▅▅▅▆▆▆▆▇▆▆▆▆▇▇▇▆▆▇▇▇▇▇▇▇█▇██████
wandb:                         val/VRPBL/top1 ▅▅▂▅▅█▆▅▅██▅▆▆▆▆▅▇█▅▅▅▅▄▅▅▅▄▅▅▄▄▅▄▆▄▁▂▂▄
wandb:               val/VRPBL/top1_tie_aware ▅▅▅▅▅▅▇█▆▅▆█▅▆▆▅▆▅▇█▅█▅▅▅▅▆▅▅▄▅▄▃▅▄▃▄▁▂▄
wandb:                         val/VRPBL/top2 ▄▄▄▄▄▄▄▄▄▄▄▄▄▄▄▄▄▄▁▄█▁▄▁▄█▄▄▄▄▄▄▄▄▁▁█▄▄▁
wandb:                         val/VRPBL/top3 ▁▇▇▇█▅▇▇▇▇████▇████████▇████████████████
wandb:                          val/VRPBL/vbs ▁▁▁▁▁▁▁▁▁▁▁▁▁▁▁▁▁▁▁▁▁▁▁▁▁▁▁▁▁▁▁▁▁▁▁▁▁▁▁▁
wandb:           val/VRPBL/vbs_gap_closed_pct ▃▃▃▄▃▄▇▄▄▅▅▇▆▆▂▆▆▄▅▄▆█▅▆▄▅▆▇▆▆▅▃▅▆▅▃▄▁▁▄
wandb:                   val/VRPBL/vs_sbs_pct ▄▄▄▃█▁▃▃▃▂▂▂▄▂▂▃▃▃▂▁▂▃▃▂▃▂▂▃▂▄▃▂▃▂▃▃▅▅▄▃
wandb:                         val/VRPBLTW/ce ▇▇▆▆█▃▃▃▂▃▂▂▂▂▂▁▁▁▁▁▁▂▁▂▁▁▁▁▁▁▁▁▁▁▁▁▁▁▁▁
wandb:                  val/VRPBLTW/mean_cost ███▆█▅▂▂▂▁▁▁▁▁▁▁▁▁▁▁▁▁▁▁▁▁▁▁▁▁▁▁▁▁▁▁▁▁▁▁
wandb:                          val/VRPBLTW/n ▁▁▁▁▁▁▁▁▁▁▁▁▁▁▁▁▁▁▁▁▁▁▁▁▁▁▁▁▁▁▁▁▁▁▁▁▁▁▁▁
wandb:                        val/VRPBLTW/sbs ▁▁▁▁▁▁▁▁▁▁▁▁▁▁▁▁▁▁▁▁▁▁▁▁▁▁▁▁▁▁▁▁▁▁▁▁▁▁▁▁
wandb:                  val/VRPBLTW/std_final ▁▂▂▃▄▃▃▅▄▄▅▆▅▆▇▆▆▆▆▆▇▇▆▆▇▇▇▇▇▇▇█▇▇▇█▇▇██
wandb:                       val/VRPBLTW/top1 ▁▁▁▃▁▃▇█▆▇▇▇▆▇█▆▇▇▆▇▇▇▇▇█▇▇▇▇▇▇▇▇▇▇▇▇▇▇▇
wandb:             val/VRPBLTW/top1_tie_aware ▁▁▁▁▅█▆▇▇▇▇█▆▇▇▇▆▆▇▇▇▇▇▇█▇▇▇▇▇▇▇▆▇▇▇▇▇▇▇
wandb:                       val/VRPBLTW/top2 ▁▁▂▁▄▅▇▇▇▇▇▇▇▆▇▇█▇█▇███▇▇▇██████████████
wandb:                       val/VRPBLTW/top3 ▁▄▅▅▄▆▆▆▇▇▇▇▇▇▇▇███▇█▇██▇█▇█████████████
wandb:                        val/VRPBLTW/vbs ▁▁▁▁▁▁▁▁▁▁▁▁▁▁▁▁▁▁▁▁▁▁▁▁▁▁▁▁▁▁▁▁▁▁▁▁▁▁▁▁
wandb:         val/VRPBLTW/vbs_gap_closed_pct ▁▁▁▁▄▇▇▇█▇████▇█████████████████████████
wandb:                 val/VRPBLTW/vs_sbs_pct █████▅▂▁▁▁▁▁▂▁▁▁▁▁▁▁▁▁▁▁▁▁▁▁▁▁▁▁▁▁▁▁▁▁▁▁
wandb:                          val/VRPBTW/ce ▇▆▆█▄▃▃▃▂▂▂▂▂▂▁▂▁▂▁▁▁▁▁▁▂▁▁▁▁▁▁▁▁▁▁▁▁▁▁▁
wandb:                   val/VRPBTW/mean_cost ██▇▇█▅▂▂▂▂▂▁▁▁▁▁▁▁▁▁▁▁▁▁▁▁▁▁▁▁▁▁▁▁▁▁▁▁▁▁
wandb:                           val/VRPBTW/n ▁▁▁▁▁▁▁▁▁▁▁▁▁▁▁▁▁▁▁▁▁▁▁▁▁▁▁▁▁▁▁▁▁▁▁▁▁▁▁▁
wandb:                         val/VRPBTW/sbs ▁▁▁▁▁▁▁▁▁▁▁▁▁▁▁▁▁▁▁▁▁▁▁▁▁▁▁▁▁▁▁▁▁▁▁▁▁▁▁▁
wandb:                   val/VRPBTW/std_final ▁▂▃▄▄▄▅▅▄▅▅▅▅▅▆▇▆▇▇▇▇▆▇▆▇▆▇▇█▇▇▇▇▇▇█████
wandb:                        val/VRPBTW/top1 ▁▁▁▁▁▅▄▅█▇▇█▆▇▇▇▆▅▅▇▆▆▆▇▆▆▆▇▇▇▇▇▇▇▇▇▇▇▇▇
wandb:              val/VRPBTW/top1_tie_aware ▁▁▁▂▂▁▅▅▅▅█▇▇█▇▇▅▅█▇▆▇▆▇▆▆▇▇▇▇▇█▇▇▇▇▇██▇
wandb:                        val/VRPBTW/top2 ▁▁▁▂▁▆▆▇▇▇█▇▇█▇▇▇▇▇▇▇█▆▇▇▇▇███▇▇▇▇▇█▇███
wandb:                        val/VRPBTW/top3 ▂▁▃▁▁▅▆▆▇▆▇▇▇▇▇▇▇███▇███▇▇▆▇▇███████████
wandb:                         val/VRPBTW/vbs ▁▁▁▁▁▁▁▁▁▁▁▁▁▁▁▁▁▁▁▁▁▁▁▁▁▁▁▁▁▁▁▁▁▁▁▁▁▁▁▁
wandb:          val/VRPBTW/vbs_gap_closed_pct ▁▁▂▂▅▇▇▇▇██████████████▇████████████████
wandb:                  val/VRPBTW/vs_sbs_pct ███▇█▂▂▁▁▁▁▁▁▁▁▁▁▁▁▁▁▁▁▁▂▁▁▁▁▁▁▁▁▁▁▁▁▁▁▁
wandb:                            val/VRPL/ce █▃▂▂▃▂▂▂▂▂▂▂▂▂▂▃▁▂▁▁▁▁▁▂▁▁▁▂▁▁▂▁▁▁▁▁▁▁▁▁
wandb:                     val/VRPL/mean_cost █▂▂▂▂▁▁▁▁▁▁▁▁▂▁▁▂▁▁▁▁▁▁▁▁▁▁▁▁▁▁▁▁▁▁▁▁▁▁▁
wandb:                             val/VRPL/n ▁▁▁▁▁▁▁▁▁▁▁▁▁▁▁▁▁▁▁▁▁▁▁▁▁▁▁▁▁▁▁▁▁▁▁▁▁▁▁▁
wandb:                           val/VRPL/sbs ▁▁▁▁▁▁▁▁▁▁▁▁▁▁▁▁▁▁▁▁▁▁▁▁▁▁▁▁▁▁▁▁▁▁▁▁▁▁▁▁
wandb:                     val/VRPL/std_final ▃▆▃▄▁▄▅▄▆▅▅▄▆▅▆▆▄▅▆▆▆▅▆▆▆▅▆▆▆▇▇▇▇▇▇▇▇▇██
wandb:                          val/VRPL/top1 ▁▁▂▁▃▂▄▁▃▃▄▄▄▁▄▃▅▃▄▅▃▆▅▅▅▇▇▆▆▇▇▅▇█▆▇▆▇▇█
wandb:                val/VRPL/top1_tie_aware ▁▆▆▇▇▇▆▇▇▇▇▇▆▇▆▇▇▇▇▇▇▇▇▇▇▇▇███▇▇██▇█████
wandb:                          val/VRPL/top2 ▁████████▇█▇▇▆██▇█████▇████▇████▇███████
wandb:                          val/VRPL/top3 ▆▆▄▆▁▆▁▃▁▄▂▃▃▅▄▅▅▅▅▅▄▃▆▅▆▅▃▆▅▅▄█▆▅▆▆▆▇▅▅
wandb:                           val/VRPL/vbs ▁▁▁▁▁▁▁▁▁▁▁▁▁▁▁▁▁▁▁▁▁▁▁▁▁▁▁▁▁▁▁▁▁▁▁▁▁▁▁▁
wandb:            val/VRPL/vbs_gap_closed_pct ▁▇▇▇█████████████▇█████████████▇████████
wandb:                    val/VRPL/vs_sbs_pct █▂▂▂▁▁▁▁▁▁▁▁▁▁▁▁▁▁▁▁▁▁▁▁▁▁▁▁▁▂▁▁▁▁▁▁▁▁▁▁
wandb:                          val/VRPLTW/ce █▆▆▆▆▄▅▄▄▃▃▂▂▃▂▂▁▂▂▂▂▁▂▁▂▃▂▁▁▁▁▁▁▁▁▁▁▁▁▁
wandb:                   val/VRPLTW/mean_cost ███▆▆▂▂▂▂▂▃▂▂▁▁▁▁▂▁▁▁▁▁▂▂▁▁▁▁▁▁▁▁▁▁▁▁▁▁▁
wandb:                           val/VRPLTW/n ▁▁▁▁▁▁▁▁▁▁▁▁▁▁▁▁▁▁▁▁▁▁▁▁▁▁▁▁▁▁▁▁▁▁▁▁▁▁▁▁
wandb:                         val/VRPLTW/sbs ▁▁▁▁▁▁▁▁▁▁▁▁▁▁▁▁▁▁▁▁▁▁▁▁▁▁▁▁▁▁▁▁▁▁▁▁▁▁▁▁
wandb:                   val/VRPLTW/std_final ▁▂▂▂▃▃▃▃▄▄▅▅▅▅▅▆▆▆▅▆▆▆▆▆▆▆▆▇▇▇▇▇▇▇▇█████
wandb:                        val/VRPLTW/top1 ▁▁▁▃▃▄▃▅▄▆▆▆▇▇▇▆▇▇▇▆▇▇▆▇▇▇▇▇▇█▇▇████▇███
wandb:              val/VRPLTW/top1_tie_aware ▁▁▃▁▄▅▄▆▅▆▇▇▅▆▆▇▆▇▇▇▇▇▆▇▇▆▇▇▇▇█▇▇▇▇█████
wandb:                        val/VRPLTW/top2 ▁▁▁▃▃▃▅▅▆▅▇▆▆▆▇▇▇▇▇▇▇▇▇▇▆█▇▇▇▇█▇████████
wandb:                        val/VRPLTW/top3 ▁▃▃▅▅▅▆▆▇▆▇▇▇▇▇▇█▇█▇█▇▇▆▇███████████████
wandb:                         val/VRPLTW/vbs ▁▁▁▁▁▁▁▁▁▁▁▁▁▁▁▁▁▁▁▁▁▁▁▁▁▁▁▁▁▁▁▁▁▁▁▁▁▁▁▁
wandb:          val/VRPLTW/vbs_gap_closed_pct ▁▁▁▃▃▇▇▇▇▇▆▇▇██▇████████▇███████████████
wandb:                  val/VRPLTW/vs_sbs_pct ██▆▆▄▂▂▂▂▂▁▂▂▁▁▂▁▁▁▂▁▁▁▁▂▁▁▁▁▁▁▁▁▁▁▁▁▁▁▁
wandb:                           val/VRPTW/ce ▆▅▅█▄▄▃▂▂▂▂▂▂▂▂▂▂▁▁▂▁▁▁▂▁▁▁▁▁▁▁▁▁▁▁▁▁▁▁▁
wandb:                    val/VRPTW/mean_cost ███▆▆▅▃▂▂▂▁▃▂▂▁▁▂▁▂▂▁▁▁▁▁▁▁▁▁▁▁▁▁▁▁▁▁▁▁▁
wandb:                            val/VRPTW/n ▁▁▁▁▁▁▁▁▁▁▁▁▁▁▁▁▁▁▁▁▁▁▁▁▁▁▁▁▁▁▁▁▁▁▁▁▁▁▁▁
wandb:                          val/VRPTW/sbs ▁▁▁▁▁▁▁▁▁▁▁▁▁▁▁▁▁▁▁▁▁▁▁▁▁▁▁▁▁▁▁▁▁▁▁▁▁▁▁▁
wandb:                    val/VRPTW/std_final ▁▂▂▃▄▄▃▅▄▄▅▅▅▅▅▆▆▆▆▆▆▆▆▆▇▇▇▇▇▇▇▇█▇▇█████
wandb:                         val/VRPTW/top1 ▁▁▂▁▄▅▅▆▆▇▇▇▇▇▇▆█▇▇█▇▇██▇▇██████████████
wandb:               val/VRPTW/top1_tie_aware ▁▁▂▁▄▄▅▅▅▆▇▆▆▇▇▇▇▇▇▇▇██▇▇██▇████████████
wandb:                         val/VRPTW/top2 ▁▁▁▂▃▄▄▄▆▆▇▇▇▇▇▇▇▇█▇▇████▇▇█████████████
wandb:                         val/VRPTW/top3 ▁▁▁▃▄▅▄▆▆▆▇▇█▇▇▇▇▇██████████████████████
wandb:                          val/VRPTW/vbs ▁▁▁▁▁▁▁▁▁▁▁▁▁▁▁▁▁▁▁▁▁▁▁▁▁▁▁▁▁▁▁▁▁▁▁▁▁▁▁▁
wandb:           val/VRPTW/vbs_gap_closed_pct ▁▁▁▃▃▆▇█▆▇▇██▇█▇▇██▆████████████████████
wandb:                   val/VRPTW/vs_sbs_pct ███▄▅▂▂▂▂▁▂▂▂▁▁▁▂▂▂▁▃▁▁▁▁▁▁▁▁▁▁▁▁▁▁▁▁▁▁▁
wandb:                           val/macro_ce █▄▄▄▄▃▃▂▂▂▂▂▂▂▂▂▂▁▁▁▁▁▁▁▁▁▁▁▁▁▁▁▁▁▁▁▁▁▁▁
wandb:                         val/macro_top1 ▁▄▄▄▄▄▅▆▆▆▇▆▇▇▇▇▇▇▇▇▇▇▇█▇▇██████████████
wandb:               val/macro_top1_tie_aware ▁▄▄▄▄▅▆▆▆▆▇▇▇▆▆▇▇▇▇▇▇▇▇▇██▇█████████████
wandb:                         val/macro_top2 ▁▁▂▂▄▄▅▅▅▅▆▆▆▆▆▆▇▇▆▆▇▇▇▇▇▇██████████████
wandb:                         val/macro_top3 ▁▂▃▂▅▅▅▅▆▆▇▆▆▆▇▇▇▇▇▇█▇▇▇▆███████████████
wandb:           val/macro_vbs_gap_closed_pct ▂▁▂▃▂▅▅▆▆▆▆▆▆▆▇▇▇▆▇▇▇▇▇▇██▇▇████████████
wandb:                   val/macro_vs_sbs_pct █▆▇▅▆▄▂▂▂▂▂▂▂▂▁▁▁▁▁▁▁▁▁▁▁▁▁▁▁▁▁▁▁▁▁▁▁▁▁▁
wandb: 
wandb: Run summary:
wandb:                                  epoch 59
wandb:                         epoch_train/ce 1.07228
wandb:                  epoch_train/grad_norm 0.23483
wandb:                       epoch_train/loss 0.3753
wandb:            epoch_train/skipped_updates 0
wandb:                    gpu/peak_memory_gib 17.36789
wandb:                  speed/samples_per_sec 9027.25164
wandb:                        train/amp_scale 65536
wandb:                               train/ce 1.07228
wandb:                             train/loss 0.3753
wandb:                               train/lr 1e-05
wandb:               train/successful_updates 16194
wandb:                     train_eval/ATSP/ce 0.61568
wandb:              train_eval/ATSP/mean_cost 1.64136
wandb:                      train_eval/ATSP/n 10000
wandb:                    train_eval/ATSP/sbs 1.67948
wandb:              train_eval/ATSP/std_final 3.98899
wandb:                   train_eval/ATSP/top1 0.7636
wandb:         train_eval/ATSP/top1_tie_aware 0.7746
wandb:                   train_eval/ATSP/top2 0.9597
wandb:                   train_eval/ATSP/top3 0.9935
wandb:                    train_eval/ATSP/vbs 1.63505
wandb:     train_eval/ATSP/vbs_gap_closed_pct 85.78686
wandb:             train_eval/ATSP/vs_sbs_pct -2.26926
wandb:                     train_eval/CVRP/ce 1.37397
wandb:              train_eval/CVRP/mean_cost 17.99113
wandb:                      train_eval/CVRP/n 10000
wandb:                    train_eval/CVRP/sbs 18.07046
wandb:              train_eval/CVRP/std_final 3.06462
wandb:                   train_eval/CVRP/top1 0.4664
wandb:         train_eval/CVRP/top1_tie_aware 0.4664
wandb:                   train_eval/CVRP/top2 0.6811
wandb:                   train_eval/CVRP/top3 0.8224
wandb:                    train_eval/CVRP/vbs 17.89093
wandb:     train_eval/CVRP/vbs_gap_closed_pct 44.18866
wandb:             train_eval/CVRP/vs_sbs_pct -0.43901
wandb:                     train_eval/OVRP/ce 1.41334
wandb:              train_eval/OVRP/mean_cost 7.45172
wandb:                      train_eval/OVRP/n 10000
wandb:                    train_eval/OVRP/sbs 7.45905
wandb:              train_eval/OVRP/std_final 2.35562
wandb:                   train_eval/OVRP/top1 0.3811
wandb:         train_eval/OVRP/top1_tie_aware 0.3812
wandb:                   train_eval/OVRP/top2 0.6761
wandb:                   train_eval/OVRP/top3 0.8616
wandb:                    train_eval/OVRP/vbs 7.40009
wandb:     train_eval/OVRP/vbs_gap_closed_pct 12.43444
wandb:             train_eval/OVRP/vs_sbs_pct -0.09829
wandb:                    train_eval/OVRPB/ce 0.79312
wandb:             train_eval/OVRPB/mean_cost 6.31432
wandb:                     train_eval/OVRPB/n 10000
wandb:                   train_eval/OVRPB/sbs 6.32163
wandb:             train_eval/OVRPB/std_final 3.85475
wandb:                  train_eval/OVRPB/top1 0.5847
wandb:        train_eval/OVRPB/top1_tie_aware 0.5847
wandb:                  train_eval/OVRPB/top2 0.9637
wandb:                  train_eval/OVRPB/top3 0.989
wandb:                   train_eval/OVRPB/vbs 6.25692
wandb:    train_eval/OVRPB/vbs_gap_closed_pct 11.30002
wandb:            train_eval/OVRPB/vs_sbs_pct -0.11568
wandb:                   train_eval/OVRPBL/ce 0.8118
wandb:            train_eval/OVRPBL/mean_cost 6.30339
wandb:                    train_eval/OVRPBL/n 10000
wandb:                  train_eval/OVRPBL/sbs 6.30789
wandb:            train_eval/OVRPBL/std_final 3.88706
wandb:                 train_eval/OVRPBL/top1 0.5659
wandb:       train_eval/OVRPBL/top1_tie_aware 0.5659
wandb:                 train_eval/OVRPBL/top2 0.9594
wandb:                 train_eval/OVRPBL/top3 0.9889
wandb:                  train_eval/OVRPBL/vbs 6.24259
wandb:   train_eval/OVRPBL/vbs_gap_closed_pct 6.8877
wandb:           train_eval/OVRPBL/vs_sbs_pct -0.0713
wandb:                 train_eval/OVRPBLTW/ce 0.8691
wandb:          train_eval/OVRPBLTW/mean_cost 10.53831
wandb:                  train_eval/OVRPBLTW/n 10000
wandb:                train_eval/OVRPBLTW/sbs 10.54764
wandb:          train_eval/OVRPBLTW/std_final 5.50385
wandb:               train_eval/OVRPBLTW/top1 0.5131
wandb:     train_eval/OVRPBLTW/top1_tie_aware 0.5131
wandb:               train_eval/OVRPBLTW/top2 0.9152
wandb:               train_eval/OVRPBLTW/top3 0.9994
wandb:                train_eval/OVRPBLTW/vbs 10.42119
wandb: train_eval/OVRPBLTW/vbs_gap_closed_pct 7.37698
wandb:         train_eval/OVRPBLTW/vs_sbs_pct -0.08844
wandb:                  train_eval/OVRPBTW/ce 0.88488
wandb:           train_eval/OVRPBTW/mean_cost 10.57751
wandb:                   train_eval/OVRPBTW/n 10000
wandb:                 train_eval/OVRPBTW/sbs 10.58939
wandb:           train_eval/OVRPBTW/std_final 5.32399
wandb:                train_eval/OVRPBTW/top1 0.505
wandb:      train_eval/OVRPBTW/top1_tie_aware 0.5051
wandb:                train_eval/OVRPBTW/top2 0.9098
wandb:                train_eval/OVRPBTW/top3 0.9985
wandb:                 train_eval/OVRPBTW/vbs 10.46026
wandb:  train_eval/OVRPBTW/vbs_gap_closed_pct 9.19552
wandb:          train_eval/OVRPBTW/vs_sbs_pct -0.11213
wandb:                    train_eval/OVRPL/ce 1.41246
wandb:             train_eval/OVRPL/mean_cost 7.44684
wandb:                     train_eval/OVRPL/n 10000
wandb:                   train_eval/OVRPL/sbs 7.45265
wandb:             train_eval/OVRPL/std_final 2.22202
wandb:                  train_eval/OVRPL/top1 0.3861
wandb:        train_eval/OVRPL/top1_tie_aware 0.3863
wandb:                  train_eval/OVRPL/top2 0.6838
wandb:                  train_eval/OVRPL/top3 0.862
wandb:                   train_eval/OVRPL/vbs 7.39432
wandb:    train_eval/OVRPL/vbs_gap_closed_pct 9.94415
wandb:            train_eval/OVRPL/vs_sbs_pct -0.07783
wandb:                  train_eval/OVRPLTW/ce 0.86034
wandb:           train_eval/OVRPLTW/mean_cost 10.10732
wandb:                   train_eval/OVRPLTW/n 10000
wandb:                 train_eval/OVRPLTW/sbs 10.11358
wandb:           train_eval/OVRPLTW/std_final 5.4365
wandb:                train_eval/OVRPLTW/top1 0.5176
wandb:      train_eval/OVRPLTW/top1_tie_aware 0.5177
wandb:                train_eval/OVRPLTW/top2 0.9222
wandb:                train_eval/OVRPLTW/top3 0.9995
wandb:                 train_eval/OVRPLTW/vbs 10.02461
wandb:  train_eval/OVRPLTW/vbs_gap_closed_pct 7.04126
wandb:          train_eval/OVRPLTW/vs_sbs_pct -0.06195
wandb:                   train_eval/OVRPTW/ce 0.86022
wandb:            train_eval/OVRPTW/mean_cost 10.09647
wandb:                    train_eval/OVRPTW/n 10000
wandb:                  train_eval/OVRPTW/sbs 10.10368
wandb:            train_eval/OVRPTW/std_final 5.57838
wandb:                 train_eval/OVRPTW/top1 0.5151
wandb:       train_eval/OVRPTW/top1_tie_aware 0.5151
wandb:                 train_eval/OVRPTW/top2 0.9241
wandb:                 train_eval/OVRPTW/top3 0.9995
wandb:                  train_eval/OVRPTW/vbs 10.01429
wandb:   train_eval/OVRPTW/vbs_gap_closed_pct 8.0686
wandb:           train_eval/OVRPTW/vs_sbs_pct -0.07138
wandb:                      train_eval/TSP/ce 1.53181
wandb:               train_eval/TSP/mean_cost 8.0113
wandb:                       train_eval/TSP/n 10000
wandb:                     train_eval/TSP/sbs 8.0483
wandb:               train_eval/TSP/std_final 2.54694
wandb:                    train_eval/TSP/top1 0.3979
wandb:          train_eval/TSP/top1_tie_aware 0.4042
wandb:                    train_eval/TSP/top2 0.6346
wandb:                    train_eval/TSP/top3 0.7763
wandb:                     train_eval/TSP/vbs 7.95896
wandb:      train_eval/TSP/vbs_gap_closed_pct 41.41213
wandb:              train_eval/TSP/vs_sbs_pct -0.45967
wandb:                     train_eval/VRPB/ce 0.86443
wandb:              train_eval/VRPB/mean_cost 9.30809
wandb:                      train_eval/VRPB/n 10000
wandb:                    train_eval/VRPB/sbs 9.31654
wandb:              train_eval/VRPB/std_final 4.49033
wandb:                   train_eval/VRPB/top1 0.5551
wandb:         train_eval/VRPB/top1_tie_aware 0.5551
wandb:                   train_eval/VRPB/top2 0.9235
wandb:                   train_eval/VRPB/top3 0.9908
wandb:                    train_eval/VRPB/vbs 9.24174
wandb:     train_eval/VRPB/vbs_gap_closed_pct 11.30134
wandb:             train_eval/VRPB/vs_sbs_pct -0.09074
wandb:                    train_eval/VRPBL/ce 0.88709
wandb:             train_eval/VRPBL/mean_cost 9.31352
wandb:                     train_eval/VRPBL/n 10000
wandb:                   train_eval/VRPBL/sbs 9.32092
wandb:             train_eval/VRPBL/std_final 4.74586
wandb:                  train_eval/VRPBL/top1 0.5483
wandb:        train_eval/VRPBL/top1_tie_aware 0.5483
wandb:                  train_eval/VRPBL/top2 0.9129
wandb:                  train_eval/VRPBL/top3 0.9884
wandb:                   train_eval/VRPBL/vbs 9.24372
wandb:    train_eval/VRPBL/vbs_gap_closed_pct 9.58441
wandb:            train_eval/VRPBL/vs_sbs_pct -0.07937
wandb:                  train_eval/VRPBLTW/ce 1.1047
wandb:           train_eval/VRPBLTW/mean_cost 19.03175
wandb:                   train_eval/VRPBLTW/n 10000
wandb:                 train_eval/VRPBLTW/sbs 19.66608
wandb:           train_eval/VRPBLTW/std_final 4.16641
wandb:                train_eval/VRPBLTW/top1 0.4713
wandb:      train_eval/VRPBLTW/top1_tie_aware 0.4715
wandb:                train_eval/VRPBLTW/top2 0.8054
wandb:                train_eval/VRPBLTW/top3 0.9396
wandb:                 train_eval/VRPBLTW/vbs 18.75818
wandb:  train_eval/VRPBLTW/vbs_gap_closed_pct 69.86806
wandb:          train_eval/VRPBLTW/vs_sbs_pct -3.22551
wandb:                   train_eval/VRPBTW/ce 1.10287
wandb:            train_eval/VRPBTW/mean_cost 19.04913
wandb:                    train_eval/VRPBTW/n 10000
wandb:                  train_eval/VRPBTW/sbs 19.69239
wandb:            train_eval/VRPBTW/std_final 4.11751
wandb:                 train_eval/VRPBTW/top1 0.4613
wandb:       train_eval/VRPBTW/top1_tie_aware 0.4615
wandb:                 train_eval/VRPBTW/top2 0.8046
wandb:                 train_eval/VRPBTW/top3 0.9384
wandb:                  train_eval/VRPBTW/vbs 18.76512
wandb:   train_eval/VRPBTW/vbs_gap_closed_pct 69.37137
wandb:           train_eval/VRPBTW/vs_sbs_pct -3.26654
wandb:                     train_eval/VRPL/ce 1.5943
wandb:              train_eval/VRPL/mean_cost 12.38853
wandb:                      train_eval/VRPL/n 10000
wandb:                    train_eval/VRPL/sbs 12.39572
wandb:              train_eval/VRPL/std_final 1.66329
wandb:                   train_eval/VRPL/top1 0.3435
wandb:         train_eval/VRPL/top1_tie_aware 0.3435
wandb:                   train_eval/VRPL/top2 0.5787
wandb:                   train_eval/VRPL/top3 0.7395
wandb:                    train_eval/VRPL/vbs 12.33346
wandb:     train_eval/VRPL/vbs_gap_closed_pct 11.5532
wandb:             train_eval/VRPL/vs_sbs_pct -0.05803
wandb:                   train_eval/VRPLTW/ce 1.11975
wandb:            train_eval/VRPLTW/mean_cost 17.77259
wandb:                    train_eval/VRPLTW/n 10000
wandb:                  train_eval/VRPLTW/sbs 18.67201
wandb:            train_eval/VRPLTW/std_final 4.24556
wandb:                 train_eval/VRPLTW/top1 0.4778
wandb:       train_eval/VRPLTW/top1_tie_aware 0.4781
wandb:                 train_eval/VRPLTW/top2 0.795
wandb:                 train_eval/VRPLTW/top3 0.9317
wandb:                  train_eval/VRPLTW/vbs 17.5621
wandb:   train_eval/VRPLTW/vbs_gap_closed_pct 81.03553
wandb:           train_eval/VRPLTW/vs_sbs_pct -4.81695
wandb:                    train_eval/VRPTW/ce 1.11101
wandb:             train_eval/VRPTW/mean_cost 17.7994
wandb:                     train_eval/VRPTW/n 10000
wandb:                   train_eval/VRPTW/sbs 18.59486
wandb:             train_eval/VRPTW/std_final 4.2235
wandb:                  train_eval/VRPTW/top1 0.48
wandb:        train_eval/VRPTW/top1_tie_aware 0.4801
wandb:                  train_eval/VRPTW/top2 0.7949
wandb:                  train_eval/VRPTW/top3 0.9353
wandb:                   train_eval/VRPTW/vbs 17.58012
wandb:    train_eval/VRPTW/vbs_gap_closed_pct 78.39089
wandb:            train_eval/VRPTW/vs_sbs_pct -4.27788
wandb:                    train_eval/macro_ce 1.06727
wandb:                  train_eval/macro_top1 0.49632
wandb:        train_eval/macro_top1_tie_aware 0.49736
wandb:                  train_eval/macro_top2 0.82471
wandb:                  train_eval/macro_top3 0.93079
wandb:    train_eval/macro_vbs_gap_closed_pct 31.93006
wandb:            train_eval/macro_vs_sbs_pct -1.09333
wandb:                            val/ATSP/ce 0.58721
wandb:                     val/ATSP/mean_cost 1.63501
wandb:                             val/ATSP/n 1000
wandb:                           val/ATSP/sbs 1.67352
wandb:                     val/ATSP/std_final 4.09196
wandb:                          val/ATSP/top1 0.778
wandb:                val/ATSP/top1_tie_aware 0.787
wandb:                          val/ATSP/top2 0.969
wandb:                          val/ATSP/top3 0.993
wandb:                           val/ATSP/vbs 1.62958
wandb:            val/ATSP/vbs_gap_closed_pct 87.64409
wandb:                    val/ATSP/vs_sbs_pct -2.30125
wandb:                            val/CVRP/ce 1.36565
wandb:                     val/CVRP/mean_cost 18.20585
wandb:                             val/CVRP/n 1000
wandb:                           val/CVRP/sbs 18.29433
wandb:                     val/CVRP/std_final 3.08218
wandb:                          val/CVRP/top1 0.483
wandb:                val/CVRP/top1_tie_aware 0.483
wandb:                          val/CVRP/top2 0.688
wandb:                          val/CVRP/top3 0.83
wandb:                           val/CVRP/vbs 18.10996
wandb:            val/CVRP/vbs_gap_closed_pct 47.98914
wandb:                    val/CVRP/vs_sbs_pct -0.48364
wandb:                            val/OVRP/ce 1.49556
wandb:                     val/OVRP/mean_cost 7.45375
wandb:                             val/OVRP/n 1000
wandb:                           val/OVRP/sbs 7.46166
wandb:                     val/OVRP/std_final 2.26623
wandb:                          val/OVRP/top1 0.361
wandb:                val/OVRP/top1_tie_aware 0.361
wandb:                          val/OVRP/top2 0.65
wandb:                          val/OVRP/top3 0.839
wandb:                           val/OVRP/vbs 7.40346
wandb:            val/OVRP/vbs_gap_closed_pct 13.58727
wandb:                    val/OVRP/vs_sbs_pct -0.10598
wandb:                           val/OVRPB/ce 0.79841
wandb:                    val/OVRPB/mean_cost 6.31771
wandb:                            val/OVRPB/n 1000
wandb:                          val/OVRPB/sbs 6.32198
wandb:                    val/OVRPB/std_final 3.90386
wandb:                         val/OVRPB/top1 0.574
wandb:               val/OVRPB/top1_tie_aware 0.574
wandb:                         val/OVRPB/top2 0.968
wandb:                         val/OVRPB/top3 0.985
wandb:                          val/OVRPB/vbs 6.26069
wandb:           val/OVRPB/vbs_gap_closed_pct 6.96706
wandb:                   val/OVRPB/vs_sbs_pct -0.06755
wandb:                          val/OVRPBL/ce 0.84256
wandb:                   val/OVRPBL/mean_cost 6.30149
wandb:                           val/OVRPBL/n 1000
wandb:                         val/OVRPBL/sbs 6.31026
wandb:                   val/OVRPBL/std_final 4.04153
wandb:                        val/OVRPBL/top1 0.592
wandb:              val/OVRPBL/top1_tie_aware 0.592
wandb:                        val/OVRPBL/top2 0.955
wandb:                        val/OVRPBL/top3 0.985
wandb:                         val/OVRPBL/vbs 6.24593
wandb:          val/OVRPBL/vbs_gap_closed_pct 13.62688
wandb:                  val/OVRPBL/vs_sbs_pct -0.13892
wandb:                        val/OVRPBLTW/ce 0.88621
wandb:                 val/OVRPBLTW/mean_cost 10.54389
wandb:                         val/OVRPBLTW/n 1000
wandb:                       val/OVRPBLTW/sbs 10.54118
wandb:                 val/OVRPBLTW/std_final 5.60718
wandb:                      val/OVRPBLTW/top1 0.472
wandb:            val/OVRPBLTW/top1_tie_aware 0.472
wandb:                      val/OVRPBLTW/top2 0.92
wandb:                      val/OVRPBLTW/top3 0.999
wandb:                       val/OVRPBLTW/vbs 10.41123
wandb:        val/OVRPBLTW/vbs_gap_closed_pct -2.08547
wandb:                val/OVRPBLTW/vs_sbs_pct 0.02571
wandb:                         val/OVRPBTW/ce 0.89059
wandb:                  val/OVRPBTW/mean_cost 10.50049
wandb:                          val/OVRPBTW/n 1000
wandb:                        val/OVRPBTW/sbs 10.50678
wandb:                  val/OVRPBTW/std_final 5.43311
wandb:                       val/OVRPBTW/top1 0.502
wandb:             val/OVRPBTW/top1_tie_aware 0.502
wandb:                       val/OVRPBTW/top2 0.913
wandb:                       val/OVRPBTW/top3 0.999
wandb:                        val/OVRPBTW/vbs 10.3798
wandb:         val/OVRPBTW/vbs_gap_closed_pct 4.9529
wandb:                 val/OVRPBTW/vs_sbs_pct -0.05986
wandb:                           val/OVRPL/ce 1.40671
wandb:                    val/OVRPL/mean_cost 7.43331
wandb:                            val/OVRPL/n 1000
wandb:                          val/OVRPL/sbs 7.43756
wandb:                    val/OVRPL/std_final 2.15647
wandb:                         val/OVRPL/top1 0.387
wandb:               val/OVRPL/top1_tie_aware 0.387
wandb:                         val/OVRPL/top2 0.692
wandb:                         val/OVRPL/top3 0.862
wandb:                          val/OVRPL/vbs 7.37957
wandb:           val/OVRPL/vbs_gap_closed_pct 7.31813
wandb:                   val/OVRPL/vs_sbs_pct -0.05706
wandb:                         val/OVRPLTW/ce 0.87794
wandb:                  val/OVRPLTW/mean_cost 10.12683
wandb:                          val/OVRPLTW/n 1000
wandb:                        val/OVRPLTW/sbs 10.12721
wandb:                  val/OVRPLTW/std_final 5.52219
wandb:                       val/OVRPLTW/top1 0.501
wandb:             val/OVRPLTW/top1_tie_aware 0.501
wandb:                       val/OVRPLTW/top2 0.927
wandb:                       val/OVRPLTW/top3 1
wandb:                        val/OVRPLTW/vbs 10.03984
wandb:         val/OVRPLTW/vbs_gap_closed_pct 0.4245
wandb:                 val/OVRPLTW/vs_sbs_pct -0.00366
wandb:                          val/OVRPTW/ce 0.87706
wandb:                   val/OVRPTW/mean_cost 10.04537
wandb:                           val/OVRPTW/n 1000
wandb:                         val/OVRPTW/sbs 10.04843
wandb:                   val/OVRPTW/std_final 5.64918
wandb:                        val/OVRPTW/top1 0.487
wandb:              val/OVRPTW/top1_tie_aware 0.487
wandb:                        val/OVRPTW/top2 0.933
wandb:                        val/OVRPTW/top3 1
wandb:                         val/OVRPTW/vbs 9.95852
wandb:          val/OVRPTW/vbs_gap_closed_pct 3.41007
wandb:                  val/OVRPTW/vs_sbs_pct -0.03051
wandb:                             val/TSP/ce 1.66208
wandb:                      val/TSP/mean_cost 7.92067
wandb:                              val/TSP/n 1000
wandb:                            val/TSP/sbs 7.9578
wandb:                      val/TSP/std_final 2.53764
wandb:                           val/TSP/top1 0.366
wandb:                 val/TSP/top1_tie_aware 0.374
wandb:                           val/TSP/top2 0.599
wandb:                           val/TSP/top3 0.75
wandb:                            val/TSP/vbs 7.86948
wandb:             val/TSP/vbs_gap_closed_pct 42.042
wandb:                     val/TSP/vs_sbs_pct -0.4666
wandb:                            val/VRPB/ce 0.8896
wandb:                     val/VRPB/mean_cost 9.33078
wandb:                             val/VRPB/n 1000
wandb:                           val/VRPB/sbs 9.34027
wandb:                     val/VRPB/std_final 4.56197
wandb:                          val/VRPB/top1 0.565
wandb:                val/VRPB/top1_tie_aware 0.565
wandb:                          val/VRPB/top2 0.916
wandb:                          val/VRPB/top3 0.996
wandb:                           val/VRPB/vbs 9.26825
wandb:            val/VRPB/vbs_gap_closed_pct 13.17656
wandb:                    val/VRPB/vs_sbs_pct -0.1016
wandb:                           val/VRPBL/ce 0.91428
wandb:                    val/VRPBL/mean_cost 9.35786
wandb:                            val/VRPBL/n 1000
wandb:                          val/VRPBL/sbs 9.35926
wandb:                    val/VRPBL/std_final 4.82463
wandb:                         val/VRPBL/top1 0.523
wandb:               val/VRPBL/top1_tie_aware 0.523
wandb:                         val/VRPBL/top2 0.913
wandb:                         val/VRPBL/top3 0.985
wandb:                          val/VRPBL/vbs 9.28459
wandb:           val/VRPBL/vbs_gap_closed_pct 1.88309
wandb:                   val/VRPBL/vs_sbs_pct -0.01503
wandb:                         val/VRPBLTW/ce 1.18124
wandb:                  val/VRPBLTW/mean_cost 18.95297
wandb:                          val/VRPBLTW/n 1000
wandb:                        val/VRPBLTW/sbs 19.51978
wandb:                  val/VRPBLTW/std_final 4.31593
wandb:                       val/VRPBLTW/top1 0.421
wandb:             val/VRPBLTW/top1_tie_aware 0.421
wandb:                       val/VRPBLTW/top2 0.778
wandb:                       val/VRPBLTW/top3 0.937
wandb:                        val/VRPBLTW/vbs 18.65153
wandb:         val/VRPBLTW/vbs_gap_closed_pct 65.28213
wandb:                 val/VRPBLTW/vs_sbs_pct -2.90379
wandb:                          val/VRPBTW/ce 1.16438
wandb:                   val/VRPBTW/mean_cost 19.05437
wandb:                           val/VRPBTW/n 1000
wandb:                         val/VRPBTW/sbs 19.66974
wandb:                   val/VRPBTW/std_final 4.28048
wandb:                        val/VRPBTW/top1 0.435
wandb:              val/VRPBTW/top1_tie_aware 0.435
wandb:                        val/VRPBTW/top2 0.803
wandb:                        val/VRPBTW/top3 0.924
wandb:                         val/VRPBTW/vbs 18.74439
wandb:          val/VRPBTW/vbs_gap_closed_pct 66.50106
wandb:                  val/VRPBTW/vs_sbs_pct -3.1285
wandb:                            val/VRPL/ce 1.61155
wandb:                     val/VRPL/mean_cost 12.40134
wandb:                             val/VRPL/n 1000
wandb:                           val/VRPL/sbs 12.40722
wandb:                     val/VRPL/std_final 1.6667
wandb:                          val/VRPL/top1 0.323
wandb:                val/VRPL/top1_tie_aware 0.323
wandb:                          val/VRPL/top2 0.572
wandb:                          val/VRPL/top3 0.721
wandb:                           val/VRPL/vbs 12.34403
wandb:            val/VRPL/vbs_gap_closed_pct 9.3039
wandb:                    val/VRPL/vs_sbs_pct -0.04738
wandb:                          val/VRPLTW/ce 1.14772
wandb:                   val/VRPLTW/mean_cost 17.63793
wandb:                           val/VRPLTW/n 1000
wandb:                         val/VRPLTW/sbs 18.50915
wandb:                   val/VRPLTW/std_final 4.36682
wandb:                        val/VRPLTW/top1 0.451
wandb:              val/VRPLTW/top1_tie_aware 0.451
wandb:                        val/VRPLTW/top2 0.808
wandb:                        val/VRPLTW/top3 0.935
wandb:                         val/VRPLTW/vbs 17.41942
wandb:          val/VRPLTW/vbs_gap_closed_pct 79.94854
wandb:                  val/VRPLTW/vs_sbs_pct -4.70695
wandb:                           val/VRPTW/ce 1.20381
wandb:                    val/VRPTW/mean_cost 17.91248
wandb:                            val/VRPTW/n 1000
wandb:                          val/VRPTW/sbs 18.65708
wandb:                    val/VRPTW/std_final 4.29332
wandb:                         val/VRPTW/top1 0.452
wandb:               val/VRPTW/top1_tie_aware 0.452
wandb:                         val/VRPTW/top2 0.751
wandb:                         val/VRPTW/top3 0.929
wandb:                          val/VRPTW/vbs 17.66025
wandb:           val/VRPTW/vbs_gap_closed_pct 74.69695
wandb:                   val/VRPTW/vs_sbs_pct -3.99098
wandb:                           val/macro_ce 1.10014
wandb:                         val/macro_top1 0.48183
wandb:               val/macro_top1_tie_aware 0.48278
wandb:                         val/macro_top2 0.81972
wandb:                         val/macro_top3 0.92606
wandb:           val/macro_vbs_gap_closed_pct 29.81493
wandb:                   val/macro_vs_sbs_pct -1.03242
wandb: 
wandb: You can sync this run to the cloud by running:
wandb: wandb sync code/V4/runs/R34_ce_seed2_4090/wandb/offline-run-20260930_023738-qeqlpeja
wandb: Find logs at: code/V4/runs/R34_ce_seed2_4090/wandb/offline-run-20260930_023738-qeqlpeja/logs
