timestamp, index, uuid, utilization.gpu [%], memory.used [MiB], power.draw [W]
2026/10/08 22:11:33.434, 0, GPU-cb24f168-9f18-f0d5-6f4a-6d2406958f50, 0 %, 2 MiB, 30.35 W
2026/10/08 22:11:33.445, 1, GPU-cb626bdb-4319-2f5e-b91f-17fcaa44a83d, 0 %, 2 MiB, 27.92 W
2026/10/08 22:11:43.457, 0, GPU-cb24f168-9f18-f0d5-6f4a-6d2406958f50, 0 %, 4 MiB, 31.23 W
2026/10/08 22:11:43.457, 1, GPU-cb626bdb-4319-2f5e-b91f-17fcaa44a83d, 0 %, 4 MiB, 28.79 W
2026/10/08 22:11:53.458, 0, GPU-cb24f168-9f18-f0d5-6f4a-6d2406958f50, 2 %, 408 MiB, 111.33 W
2026/10/08 22:11:53.458, 1, GPU-cb626bdb-4319-2f5e-b91f-17fcaa44a83d, 0 %, 2 MiB, 28.14 W
2026/10/08 22:12:03.459, 0, GPU-cb24f168-9f18-f0d5-6f4a-6d2406958f50, 0 %, 934 MiB, 112.26 W
2026/10/08 22:12:03.459, 1, GPU-cb626bdb-4319-2f5e-b91f-17fcaa44a83d, 0 %, 2 MiB, 28.05 W
2026/10/08 22:12:13.459, 0, GPU-cb24f168-9f18-f0d5-6f4a-6d2406958f50, 0 %, 1108 MiB, 112.71 W
2026/10/08 22:12:13.459, 1, GPU-cb626bdb-4319-2f5e-b91f-17fcaa44a83d, 0 %, 2 MiB, 28.02 W
2026/10/08 22:12:23.460, 0, GPU-cb24f168-9f18-f0d5-6f4a-6d2406958f50, 0 %, 1250 MiB, 113.17 W
2026/10/08 22:12:23.460, 1, GPU-cb626bdb-4319-2f5e-b91f-17fcaa44a83d, 0 %, 2 MiB, 28.12 W
2026/10/08 22:12:33.461, 0, GPU-cb24f168-9f18-f0d5-6f4a-6d2406958f50, 68 %, 3346 MiB, 196.16 W
2026/10/08 22:12:33.461, 1, GPU-cb626bdb-4319-2f5e-b91f-17fcaa44a83d, 0 %, 2 MiB, 28.04 W
2026/10/08 22:12:43.462, 0, GPU-cb24f168-9f18-f0d5-6f4a-6d2406958f50, 2 %, 408 MiB, 113.90 W
2026/10/08 22:12:43.462, 1, GPU-cb626bdb-4319-2f5e-b91f-17fcaa44a83d, 0 %, 408 MiB, 112.37 W
2026/10/08 22:12:53.462, 0, GPU-cb24f168-9f18-f0d5-6f4a-6d2406958f50, 0 %, 934 MiB, 114.25 W
2026/10/08 22:12:53.462, 1, GPU-cb626bdb-4319-2f5e-b91f-17fcaa44a83d, 0 %, 934 MiB, 113.70 W
2026/10/08 22:13:03.463, 0, GPU-cb24f168-9f18-f0d5-6f4a-6d2406958f50, 0 %, 1108 MiB, 114.51 W
2026/10/08 22:13:03.463, 1, GPU-cb626bdb-4319-2f5e-b91f-17fcaa44a83d, 0 %, 1108 MiB, 113.99 W
2026/10/08 22:13:13.464, 0, GPU-cb24f168-9f18-f0d5-6f4a-6d2406958f50, 0 %, 1250 MiB, 114.67 W
2026/10/08 22:13:13.467, 1, GPU-cb626bdb-4319-2f5e-b91f-17fcaa44a83d, 1 %, 1284 MiB, 114.18 W
2026/10/08 22:13:23.468, 0, GPU-cb24f168-9f18-f0d5-6f4a-6d2406958f50, 0 %, 2812 MiB, 115.26 W
2026/10/08 22:13:23.468, 1, GPU-cb626bdb-4319-2f5e-b91f-17fcaa44a83d, 24 %, 8636 MiB, 131.14 W
2026/10/08 22:13:33.468, 0, GPU-cb24f168-9f18-f0d5-6f4a-6d2406958f50, 45 %, 10128 MiB, 302.85 W
2026/10/08 22:13:33.469, 1, GPU-cb626bdb-4319-2f5e-b91f-17fcaa44a83d, 67 %, 10130 MiB, 296.34 W
2026/10/08 22:13:43.469, 0, GPU-cb24f168-9f18-f0d5-6f4a-6d2406958f50, 90 %, 10132 MiB, 312.79 W
2026/10/08 22:13:43.469, 1, GPU-cb626bdb-4319-2f5e-b91f-17fcaa44a83d, 72 %, 10132 MiB, 299.91 W
2026/10/08 22:13:53.470, 0, GPU-cb24f168-9f18-f0d5-6f4a-6d2406958f50, 59 %, 10220 MiB, 267.06 W
2026/10/08 22:13:53.470, 1, GPU-cb626bdb-4319-2f5e-b91f-17fcaa44a83d, 98 %, 10220 MiB, 296.65 W
2026/10/08 22:14:03.471, 0, GPU-cb24f168-9f18-f0d5-6f4a-6d2406958f50, 98 %, 10220 MiB, 282.59 W
2026/10/08 22:14:03.472, 1, GPU-cb626bdb-4319-2f5e-b91f-17fcaa44a83d, 92 %, 10220 MiB, 292.46 W
2026/10/08 22:14:13.473, 0, GPU-cb24f168-9f18-f0d5-6f4a-6d2406958f50, 63 %, 10220 MiB, 299.00 W
2026/10/08 22:14:13.473, 1, GPU-cb626bdb-4319-2f5e-b91f-17fcaa44a83d, 87 %, 10220 MiB, 291.99 W
2026/10/08 22:14:23.474, 0, GPU-cb24f168-9f18-f0d5-6f4a-6d2406958f50, 49 %, 10220 MiB, 265.50 W
2026/10/08 22:14:23.474, 1, GPU-cb626bdb-4319-2f5e-b91f-17fcaa44a83d, 59 %, 10220 MiB, 284.67 W
2026/10/08 22:14:33.474, 0, GPU-cb24f168-9f18-f0d5-6f4a-6d2406958f50, 67 %, 10220 MiB, 277.48 W
2026/10/08 22:14:33.474, 1, GPU-cb626bdb-4319-2f5e-b91f-17fcaa44a83d, 88 %, 10220 MiB, 279.29 W
2026/10/08 22:14:43.475, 0, GPU-cb24f168-9f18-f0d5-6f4a-6d2406958f50, 93 %, 10220 MiB, 296.09 W
2026/10/08 22:14:43.475, 1, GPU-cb626bdb-4319-2f5e-b91f-17fcaa44a83d, 78 %, 10220 MiB, 276.08 W
2026/10/08 22:14:53.476, 0, GPU-cb24f168-9f18-f0d5-6f4a-6d2406958f50, 75 %, 10220 MiB, 297.66 W
2026/10/08 22:14:53.476, 1, GPU-cb626bdb-4319-2f5e-b91f-17fcaa44a83d, 55 %, 10220 MiB, 272.91 W
2026/10/08 22:15:03.477, 0, GPU-cb24f168-9f18-f0d5-6f4a-6d2406958f50, 74 %, 10220 MiB, 293.64 W
2026/10/08 22:15:03.477, 1, GPU-cb626bdb-4319-2f5e-b91f-17fcaa44a83d, 59 %, 10220 MiB, 288.49 W
2026/10/08 22:15:13.477, 0, GPU-cb24f168-9f18-f0d5-6f4a-6d2406958f50, 96 %, 10220 MiB, 296.48 W
2026/10/08 22:15:13.478, 1, GPU-cb626bdb-4319-2f5e-b91f-17fcaa44a83d, 67 %, 10220 MiB, 313.47 W
2026/10/08 22:15:23.478, 0, GPU-cb24f168-9f18-f0d5-6f4a-6d2406958f50, 83 %, 10220 MiB, 297.37 W
2026/10/08 22:15:23.478, 1, GPU-cb626bdb-4319-2f5e-b91f-17fcaa44a83d, 44 %, 10244 MiB, 220.32 W
2026/10/08 22:15:33.479, 0, GPU-cb24f168-9f18-f0d5-6f4a-6d2406958f50, 0 %, 10244 MiB, 140.36 W
2026/10/08 22:15:33.479, 1, GPU-cb626bdb-4319-2f5e-b91f-17fcaa44a83d, 57 %, 10244 MiB, 282.55 W
2026/10/08 22:15:43.480, 0, GPU-cb24f168-9f18-f0d5-6f4a-6d2406958f50, 96 %, 10244 MiB, 311.91 W
2026/10/08 22:15:43.480, 1, GPU-cb626bdb-4319-2f5e-b91f-17fcaa44a83d, 65 %, 10244 MiB, 300.36 W
2026/10/08 22:15:53.481, 0, GPU-cb24f168-9f18-f0d5-6f4a-6d2406958f50, 77 %, 10244 MiB, 301.82 W
2026/10/08 22:15:53.481, 1, GPU-cb626bdb-4319-2f5e-b91f-17fcaa44a83d, 62 %, 10244 MiB, 301.37 W
2026/10/08 22:16:03.482, 0, GPU-cb24f168-9f18-f0d5-6f4a-6d2406958f50, 60 %, 10244 MiB, 290.31 W
2026/10/08 22:16:03.482, 1, GPU-cb626bdb-4319-2f5e-b91f-17fcaa44a83d, 82 %, 10244 MiB, 297.60 W
2026/10/08 22:16:13.482, 0, GPU-cb24f168-9f18-f0d5-6f4a-6d2406958f50, 96 %, 10244 MiB, 301.45 W
2026/10/08 22:16:13.483, 1, GPU-cb626bdb-4319-2f5e-b91f-17fcaa44a83d, 78 %, 10244 MiB, 294.28 W
2026/10/08 22:16:23.483, 0, GPU-cb24f168-9f18-f0d5-6f4a-6d2406958f50, 75 %, 10244 MiB, 294.53 W
2026/10/08 22:16:23.483, 1, GPU-cb626bdb-4319-2f5e-b91f-17fcaa44a83d, 62 %, 10244 MiB, 297.27 W
2026/10/08 22:16:33.484, 0, GPU-cb24f168-9f18-f0d5-6f4a-6d2406958f50, 95 %, 10244 MiB, 303.43 W
2026/10/08 22:16:33.484, 1, GPU-cb626bdb-4319-2f5e-b91f-17fcaa44a83d, 82 %, 10244 MiB, 298.62 W
2026/10/08 22:16:43.485, 0, GPU-cb24f168-9f18-f0d5-6f4a-6d2406958f50, 75 %, 10244 MiB, 316.19 W
2026/10/08 22:16:43.485, 1, GPU-cb626bdb-4319-2f5e-b91f-17fcaa44a83d, 69 %, 10244 MiB, 303.83 W
2026/10/08 22:16:53.486, 0, GPU-cb24f168-9f18-f0d5-6f4a-6d2406958f50, 96 %, 10244 MiB, 303.70 W
2026/10/08 22:16:53.486, 1, GPU-cb626bdb-4319-2f5e-b91f-17fcaa44a83d, 70 %, 10244 MiB, 304.68 W
2026/10/08 22:17:03.487, 0, GPU-cb24f168-9f18-f0d5-6f4a-6d2406958f50, 39 %, 10244 MiB, 264.45 W
2026/10/08 22:17:03.487, 1, GPU-cb626bdb-4319-2f5e-b91f-17fcaa44a83d, 0 %, 10244 MiB, 174.03 W
2026/10/08 22:17:13.487, 0, GPU-cb24f168-9f18-f0d5-6f4a-6d2406958f50, 0 %, 10244 MiB, 155.75 W
2026/10/08 22:17:13.488, 1, GPU-cb626bdb-4319-2f5e-b91f-17fcaa44a83d, 49 %, 10244 MiB, 272.36 W
2026/10/08 22:17:23.489, 0, GPU-cb24f168-9f18-f0d5-6f4a-6d2406958f50, 81 %, 10244 MiB, 303.83 W
2026/10/08 22:17:23.490, 1, GPU-cb626bdb-4319-2f5e-b91f-17fcaa44a83d, 96 %, 10244 MiB, 290.15 W
2026/10/08 22:17:33.490, 0, GPU-cb24f168-9f18-f0d5-6f4a-6d2406958f50, 59 %, 10244 MiB, 290.13 W
2026/10/08 22:17:33.490, 1, GPU-cb626bdb-4319-2f5e-b91f-17fcaa44a83d, 59 %, 10244 MiB, 285.92 W
2026/10/08 22:17:43.491, 0, GPU-cb24f168-9f18-f0d5-6f4a-6d2406958f50, 88 %, 10244 MiB, 304.63 W
2026/10/08 22:17:43.491, 1, GPU-cb626bdb-4319-2f5e-b91f-17fcaa44a83d, 56 %, 10244 MiB, 282.74 W
2026/10/08 22:17:53.492, 0, GPU-cb24f168-9f18-f0d5-6f4a-6d2406958f50, 63 %, 10244 MiB, 304.66 W
2026/10/08 22:17:53.492, 1, GPU-cb626bdb-4319-2f5e-b91f-17fcaa44a83d, 55 %, 10244 MiB, 293.46 W
2026/10/08 22:18:03.492, 0, GPU-cb24f168-9f18-f0d5-6f4a-6d2406958f50, 60 %, 10244 MiB, 298.16 W
2026/10/08 22:18:03.493, 1, GPU-cb626bdb-4319-2f5e-b91f-17fcaa44a83d, 89 %, 10244 MiB, 297.19 W
2026/10/08 22:18:13.493, 0, GPU-cb24f168-9f18-f0d5-6f4a-6d2406958f50, 57 %, 10244 MiB, 292.32 W
2026/10/08 22:18:13.493, 1, GPU-cb626bdb-4319-2f5e-b91f-17fcaa44a83d, 95 %, 10244 MiB, 291.42 W
2026/10/08 22:18:23.494, 0, GPU-cb24f168-9f18-f0d5-6f4a-6d2406958f50, 73 %, 10244 MiB, 305.07 W
2026/10/08 22:18:23.494, 1, GPU-cb626bdb-4319-2f5e-b91f-17fcaa44a83d, 71 %, 10244 MiB, 289.36 W
2026/10/08 22:18:33.495, 0, GPU-cb24f168-9f18-f0d5-6f4a-6d2406958f50, 96 %, 10244 MiB, 300.20 W
2026/10/08 22:18:33.495, 1, GPU-cb626bdb-4319-2f5e-b91f-17fcaa44a83d, 55 %, 10244 MiB, 297.44 W
2026/10/08 22:18:43.495, 0, GPU-cb24f168-9f18-f0d5-6f4a-6d2406958f50, 60 %, 10244 MiB, 305.59 W
2026/10/08 22:18:43.496, 1, GPU-cb626bdb-4319-2f5e-b91f-17fcaa44a83d, 59 %, 10244 MiB, 286.76 W
2026/10/08 22:18:53.496, 0, GPU-cb24f168-9f18-f0d5-6f4a-6d2406958f50, 44 %, 10244 MiB, 285.48 W
2026/10/08 22:18:53.497, 1, GPU-cb626bdb-4319-2f5e-b91f-17fcaa44a83d, 42 %, 10244 MiB, 272.54 W
2026/10/08 22:19:03.499, 0, GPU-cb24f168-9f18-f0d5-6f4a-6d2406958f50, 58 %, 10244 MiB, 293.94 W
2026/10/08 22:19:03.499, 1, GPU-cb626bdb-4319-2f5e-b91f-17fcaa44a83d, 84 %, 10244 MiB, 287.69 W
2026/10/08 22:19:13.499, 0, GPU-cb24f168-9f18-f0d5-6f4a-6d2406958f50, 58 %, 10244 MiB, 281.28 W
2026/10/08 22:19:13.499, 1, GPU-cb626bdb-4319-2f5e-b91f-17fcaa44a83d, 95 %, 10244 MiB, 296.70 W
2026/10/08 22:19:23.500, 0, GPU-cb24f168-9f18-f0d5-6f4a-6d2406958f50, 60 %, 10244 MiB, 302.35 W
2026/10/08 22:19:23.500, 1, GPU-cb626bdb-4319-2f5e-b91f-17fcaa44a83d, 69 %, 10244 MiB, 296.52 W
2026/10/08 22:19:33.501, 0, GPU-cb24f168-9f18-f0d5-6f4a-6d2406958f50, 80 %, 10244 MiB, 307.95 W
2026/10/08 22:19:33.501, 1, GPU-cb626bdb-4319-2f5e-b91f-17fcaa44a83d, 58 %, 10244 MiB, 298.56 W
2026/10/08 22:19:43.501, 0, GPU-cb24f168-9f18-f0d5-6f4a-6d2406958f50, 96 %, 10244 MiB, 298.07 W
2026/10/08 22:19:43.502, 1, GPU-cb626bdb-4319-2f5e-b91f-17fcaa44a83d, 72 %, 10244 MiB, 294.94 W
2026/10/08 22:19:53.502, 0, GPU-cb24f168-9f18-f0d5-6f4a-6d2406958f50, 85 %, 10244 MiB, 300.79 W
2026/10/08 22:19:53.502, 1, GPU-cb626bdb-4319-2f5e-b91f-17fcaa44a83d, 88 %, 10244 MiB, 312.02 W
2026/10/08 22:20:03.503, 0, GPU-cb24f168-9f18-f0d5-6f4a-6d2406958f50, 65 %, 10244 MiB, 304.95 W
2026/10/08 22:20:03.503, 1, GPU-cb626bdb-4319-2f5e-b91f-17fcaa44a83d, 74 %, 10244 MiB, 295.49 W
2026/10/08 22:20:13.504, 0, GPU-cb24f168-9f18-f0d5-6f4a-6d2406958f50, 96 %, 10244 MiB, 313.92 W
2026/10/08 22:20:13.504, 1, GPU-cb626bdb-4319-2f5e-b91f-17fcaa44a83d, 59 %, 10244 MiB, 287.34 W
2026/10/08 22:20:23.504, 0, GPU-cb24f168-9f18-f0d5-6f4a-6d2406958f50, 75 %, 10244 MiB, 312.26 W
2026/10/08 22:20:23.504, 1, GPU-cb626bdb-4319-2f5e-b91f-17fcaa44a83d, 58 %, 10244 MiB, 304.74 W
2026/10/08 22:20:33.505, 0, GPU-cb24f168-9f18-f0d5-6f4a-6d2406958f50, 89 %, 10244 MiB, 283.92 W
2026/10/08 22:20:33.505, 1, GPU-cb626bdb-4319-2f5e-b91f-17fcaa44a83d, 0 %, 10246 MiB, 140.49 W
2026/10/08 22:20:43.506, 0, GPU-cb24f168-9f18-f0d5-6f4a-6d2406958f50, 54 %, 10244 MiB, 281.70 W
2026/10/08 22:20:43.510, 1, GPU-cb626bdb-4319-2f5e-b91f-17fcaa44a83d, 56 %, 10246 MiB, 293.30 W
2026/10/08 22:20:53.511, 0, GPU-cb24f168-9f18-f0d5-6f4a-6d2406958f50, 63 %, 10244 MiB, 271.90 W
2026/10/08 22:20:53.511, 1, GPU-cb626bdb-4319-2f5e-b91f-17fcaa44a83d, 50 %, 10246 MiB, 268.06 W
2026/10/08 22:21:03.512, 0, GPU-cb24f168-9f18-f0d5-6f4a-6d2406958f50, 45 %, 10244 MiB, 263.27 W
2026/10/08 22:21:03.512, 1, GPU-cb626bdb-4319-2f5e-b91f-17fcaa44a83d, 71 %, 10246 MiB, 274.80 W
2026/10/08 22:21:13.513, 0, GPU-cb24f168-9f18-f0d5-6f4a-6d2406958f50, 62 %, 10244 MiB, 297.82 W
2026/10/08 22:21:13.513, 1, GPU-cb626bdb-4319-2f5e-b91f-17fcaa44a83d, 56 %, 10246 MiB, 280.39 W
2026/10/08 22:21:23.514, 0, GPU-cb24f168-9f18-f0d5-6f4a-6d2406958f50, 52 %, 10244 MiB, 298.56 W
2026/10/08 22:21:23.514, 1, GPU-cb626bdb-4319-2f5e-b91f-17fcaa44a83d, 79 %, 10246 MiB, 293.98 W
2026/10/08 22:21:33.515, 0, GPU-cb24f168-9f18-f0d5-6f4a-6d2406958f50, 95 %, 10244 MiB, 301.15 W
2026/10/08 22:21:33.515, 1, GPU-cb626bdb-4319-2f5e-b91f-17fcaa44a83d, 98 %, 10246 MiB, 298.21 W
2026/10/08 22:21:43.515, 0, GPU-cb24f168-9f18-f0d5-6f4a-6d2406958f50, 66 %, 10244 MiB, 300.21 W
2026/10/08 22:21:43.516, 1, GPU-cb626bdb-4319-2f5e-b91f-17fcaa44a83d, 62 %, 10246 MiB, 289.55 W
2026/10/08 22:21:53.517, 0, GPU-cb24f168-9f18-f0d5-6f4a-6d2406958f50, 59 %, 10244 MiB, 303.25 W
2026/10/08 22:21:53.517, 1, GPU-cb626bdb-4319-2f5e-b91f-17fcaa44a83d, 59 %, 10246 MiB, 285.31 W
2026/10/08 22:22:03.518, 0, GPU-cb24f168-9f18-f0d5-6f4a-6d2406958f50, 58 %, 10244 MiB, 303.18 W
2026/10/08 22:22:03.518, 1, GPU-cb626bdb-4319-2f5e-b91f-17fcaa44a83d, 61 %, 10246 MiB, 297.40 W
2026/10/08 22:22:13.518, 0, GPU-cb24f168-9f18-f0d5-6f4a-6d2406958f50, 74 %, 10244 MiB, 309.28 W
2026/10/08 22:22:13.518, 1, GPU-cb626bdb-4319-2f5e-b91f-17fcaa44a83d, 58 %, 10246 MiB, 302.37 W
2026/10/08 22:22:23.519, 0, GPU-cb24f168-9f18-f0d5-6f4a-6d2406958f50, 98 %, 10244 MiB, 331.29 W
2026/10/08 22:22:23.520, 1, GPU-cb626bdb-4319-2f5e-b91f-17fcaa44a83d, 99 %, 10246 MiB, 337.19 W
2026/10/08 22:22:33.521, 0, GPU-cb24f168-9f18-f0d5-6f4a-6d2406958f50, 60 %, 10244 MiB, 317.23 W
2026/10/08 22:22:33.521, 1, GPU-cb626bdb-4319-2f5e-b91f-17fcaa44a83d, 79 %, 10246 MiB, 322.28 W
2026/10/08 22:22:43.522, 0, GPU-cb24f168-9f18-f0d5-6f4a-6d2406958f50, 0 %, 10244 MiB, 167.64 W
2026/10/08 22:22:43.522, 1, GPU-cb626bdb-4319-2f5e-b91f-17fcaa44a83d, 85 %, 10246 MiB, 294.45 W
2026/10/08 22:22:53.522, 0, GPU-cb24f168-9f18-f0d5-6f4a-6d2406958f50, 59 %, 10244 MiB, 304.17 W
2026/10/08 22:22:53.522, 1, GPU-cb626bdb-4319-2f5e-b91f-17fcaa44a83d, 58 %, 10246 MiB, 302.82 W
2026/10/08 22:23:03.523, 0, GPU-cb24f168-9f18-f0d5-6f4a-6d2406958f50, 76 %, 10244 MiB, 309.85 W
2026/10/08 22:23:03.523, 1, GPU-cb626bdb-4319-2f5e-b91f-17fcaa44a83d, 83 %, 10246 MiB, 302.86 W
2026/10/08 22:23:13.524, 0, GPU-cb24f168-9f18-f0d5-6f4a-6d2406958f50, 60 %, 10244 MiB, 306.64 W
2026/10/08 22:23:13.524, 1, GPU-cb626bdb-4319-2f5e-b91f-17fcaa44a83d, 75 %, 10246 MiB, 298.06 W
2026/10/08 22:23:23.525, 0, GPU-cb24f168-9f18-f0d5-6f4a-6d2406958f50, 59 %, 10244 MiB, 295.20 W
2026/10/08 22:23:23.525, 1, GPU-cb626bdb-4319-2f5e-b91f-17fcaa44a83d, 60 %, 10246 MiB, 302.88 W
2026/10/08 22:23:33.525, 0, GPU-cb24f168-9f18-f0d5-6f4a-6d2406958f50, 59 %, 10244 MiB, 297.32 W
2026/10/08 22:23:33.525, 1, GPU-cb626bdb-4319-2f5e-b91f-17fcaa44a83d, 67 %, 10246 MiB, 302.59 W
2026/10/08 22:23:43.526, 0, GPU-cb24f168-9f18-f0d5-6f4a-6d2406958f50, 98 %, 10244 MiB, 311.36 W
2026/10/08 22:23:43.526, 1, GPU-cb626bdb-4319-2f5e-b91f-17fcaa44a83d, 57 %, 10246 MiB, 299.63 W
2026/10/08 22:23:53.527, 0, GPU-cb24f168-9f18-f0d5-6f4a-6d2406958f50, 73 %, 10244 MiB, 306.90 W
2026/10/08 22:23:53.527, 1, GPU-cb626bdb-4319-2f5e-b91f-17fcaa44a83d, 57 %, 10246 MiB, 293.36 W
2026/10/08 22:24:03.528, 0, GPU-cb24f168-9f18-f0d5-6f4a-6d2406958f50, 95 %, 10244 MiB, 295.71 W
2026/10/08 22:24:03.528, 1, GPU-cb626bdb-4319-2f5e-b91f-17fcaa44a83d, 67 %, 10246 MiB, 285.26 W
2026/10/08 22:24:13.529, 0, GPU-cb24f168-9f18-f0d5-6f4a-6d2406958f50, 85 %, 10244 MiB, 300.97 W
2026/10/08 22:24:13.529, 1, GPU-cb626bdb-4319-2f5e-b91f-17fcaa44a83d, 80 %, 10246 MiB, 288.49 W
2026/10/08 22:24:23.530, 0, GPU-cb24f168-9f18-f0d5-6f4a-6d2406958f50, 87 %, 10244 MiB, 274.90 W
2026/10/08 22:24:23.530, 1, GPU-cb626bdb-4319-2f5e-b91f-17fcaa44a83d, 52 %, 10246 MiB, 251.77 W
2026/10/08 22:24:33.531, 0, GPU-cb24f168-9f18-f0d5-6f4a-6d2406958f50, 54 %, 10244 MiB, 272.67 W
2026/10/08 22:24:33.531, 1, GPU-cb626bdb-4319-2f5e-b91f-17fcaa44a83d, 54 %, 10246 MiB, 273.70 W
2026/10/08 22:24:43.531, 0, GPU-cb24f168-9f18-f0d5-6f4a-6d2406958f50, 43 %, 10244 MiB, 268.24 W
2026/10/08 22:24:43.531, 1, GPU-cb626bdb-4319-2f5e-b91f-17fcaa44a83d, 60 %, 10246 MiB, 272.51 W
2026/10/08 22:24:53.532, 0, GPU-cb24f168-9f18-f0d5-6f4a-6d2406958f50, 54 %, 10244 MiB, 304.57 W
2026/10/08 22:24:53.532, 1, GPU-cb626bdb-4319-2f5e-b91f-17fcaa44a83d, 80 %, 10246 MiB, 290.10 W
2026/10/08 22:25:03.533, 0, GPU-cb24f168-9f18-f0d5-6f4a-6d2406958f50, 60 %, 10244 MiB, 297.85 W
2026/10/08 22:25:03.533, 1, GPU-cb626bdb-4319-2f5e-b91f-17fcaa44a83d, 84 %, 10246 MiB, 283.00 W
2026/10/08 22:25:13.534, 0, GPU-cb24f168-9f18-f0d5-6f4a-6d2406958f50, 59 %, 10244 MiB, 293.17 W
2026/10/08 22:25:13.534, 1, GPU-cb626bdb-4319-2f5e-b91f-17fcaa44a83d, 58 %, 10246 MiB, 289.94 W
2026/10/08 22:25:23.534, 0, GPU-cb24f168-9f18-f0d5-6f4a-6d2406958f50, 60 %, 10244 MiB, 299.90 W
2026/10/08 22:25:23.534, 1, GPU-cb626bdb-4319-2f5e-b91f-17fcaa44a83d, 89 %, 10246 MiB, 298.41 W
2026/10/08 22:25:33.535, 0, GPU-cb24f168-9f18-f0d5-6f4a-6d2406958f50, 61 %, 10244 MiB, 292.92 W
2026/10/08 22:25:33.535, 1, GPU-cb626bdb-4319-2f5e-b91f-17fcaa44a83d, 58 %, 10246 MiB, 301.35 W
2026/10/08 22:25:43.536, 0, GPU-cb24f168-9f18-f0d5-6f4a-6d2406958f50, 74 %, 10244 MiB, 312.85 W
2026/10/08 22:25:43.536, 1, GPU-cb626bdb-4319-2f5e-b91f-17fcaa44a83d, 85 %, 10246 MiB, 304.38 W
2026/10/08 22:25:53.537, 0, GPU-cb24f168-9f18-f0d5-6f4a-6d2406958f50, 59 %, 10244 MiB, 307.78 W
2026/10/08 22:25:53.537, 1, GPU-cb626bdb-4319-2f5e-b91f-17fcaa44a83d, 96 %, 10246 MiB, 300.66 W
2026/10/08 22:26:03.537, 0, GPU-cb24f168-9f18-f0d5-6f4a-6d2406958f50, 62 %, 10244 MiB, 299.08 W
2026/10/08 22:26:03.537, 1, GPU-cb626bdb-4319-2f5e-b91f-17fcaa44a83d, 43 %, 10246 MiB, 285.73 W
2026/10/08 22:26:13.538, 0, GPU-cb24f168-9f18-f0d5-6f4a-6d2406958f50, 59 %, 10244 MiB, 304.15 W
2026/10/08 22:26:13.538, 1, GPU-cb626bdb-4319-2f5e-b91f-17fcaa44a83d, 59 %, 10246 MiB, 287.24 W
2026/10/08 22:26:23.539, 0, GPU-cb24f168-9f18-f0d5-6f4a-6d2406958f50, 59 %, 10244 MiB, 310.10 W
2026/10/08 22:26:23.539, 1, GPU-cb626bdb-4319-2f5e-b91f-17fcaa44a83d, 66 %, 10246 MiB, 290.33 W
2026/10/08 22:26:33.540, 0, GPU-cb24f168-9f18-f0d5-6f4a-6d2406958f50, 66 %, 10244 MiB, 302.04 W
2026/10/08 22:26:33.540, 1, GPU-cb626bdb-4319-2f5e-b91f-17fcaa44a83d, 59 %, 10246 MiB, 302.92 W
2026/10/08 22:26:43.540, 0, GPU-cb24f168-9f18-f0d5-6f4a-6d2406958f50, 68 %, 10244 MiB, 312.85 W
2026/10/08 22:26:43.540, 1, GPU-cb626bdb-4319-2f5e-b91f-17fcaa44a83d, 58 %, 10246 MiB, 304.37 W
2026/10/08 22:26:53.541, 0, GPU-cb24f168-9f18-f0d5-6f4a-6d2406958f50, 63 %, 10244 MiB, 288.82 W
2026/10/08 22:26:53.541, 1, GPU-cb626bdb-4319-2f5e-b91f-17fcaa44a83d, 83 %, 10246 MiB, 290.89 W
2026/10/08 22:27:03.543, 0, GPU-cb24f168-9f18-f0d5-6f4a-6d2406958f50, 80 %, 10244 MiB, 304.16 W
2026/10/08 22:27:03.543, 1, GPU-cb626bdb-4319-2f5e-b91f-17fcaa44a83d, 57 %, 10246 MiB, 301.67 W
2026/10/08 22:27:13.544, 0, GPU-cb24f168-9f18-f0d5-6f4a-6d2406958f50, 73 %, 10244 MiB, 305.58 W
2026/10/08 22:27:13.544, 1, GPU-cb626bdb-4319-2f5e-b91f-17fcaa44a83d, 56 %, 10246 MiB, 302.42 W
2026/10/08 22:27:23.544, 0, GPU-cb24f168-9f18-f0d5-6f4a-6d2406958f50, 60 %, 10244 MiB, 309.72 W
2026/10/08 22:27:23.545, 1, GPU-cb626bdb-4319-2f5e-b91f-17fcaa44a83d, 98 %, 10246 MiB, 303.18 W
2026/10/08 22:27:33.545, 0, GPU-cb24f168-9f18-f0d5-6f4a-6d2406958f50, 60 %, 10244 MiB, 302.11 W
2026/10/08 22:27:33.545, 1, GPU-cb626bdb-4319-2f5e-b91f-17fcaa44a83d, 61 %, 10246 MiB, 293.37 W
2026/10/08 22:27:43.546, 0, GPU-cb24f168-9f18-f0d5-6f4a-6d2406958f50, 67 %, 10244 MiB, 302.11 W
2026/10/08 22:27:43.546, 1, GPU-cb626bdb-4319-2f5e-b91f-17fcaa44a83d, 83 %, 10246 MiB, 291.89 W
2026/10/08 22:27:53.547, 0, GPU-cb24f168-9f18-f0d5-6f4a-6d2406958f50, 0 %, 10244 MiB, 158.44 W
2026/10/08 22:27:53.547, 1, GPU-cb626bdb-4319-2f5e-b91f-17fcaa44a83d, 98 %, 10246 MiB, 282.46 W
2026/10/08 22:28:03.547, 0, GPU-cb24f168-9f18-f0d5-6f4a-6d2406958f50, 80 %, 10244 MiB, 298.55 W
2026/10/08 22:28:03.547, 1, GPU-cb626bdb-4319-2f5e-b91f-17fcaa44a83d, 90 %, 10246 MiB, 298.69 W
2026/10/08 22:28:13.548, 0, GPU-cb24f168-9f18-f0d5-6f4a-6d2406958f50, 97 %, 10244 MiB, 306.58 W
2026/10/08 22:28:13.548, 1, GPU-cb626bdb-4319-2f5e-b91f-17fcaa44a83d, 59 %, 10246 MiB, 288.99 W
2026/10/08 22:28:23.549, 0, GPU-cb24f168-9f18-f0d5-6f4a-6d2406958f50, 71 %, 10244 MiB, 297.51 W
2026/10/08 22:28:23.549, 1, GPU-cb626bdb-4319-2f5e-b91f-17fcaa44a83d, 71 %, 10246 MiB, 288.14 W
2026/10/08 22:28:33.549, 0, GPU-cb24f168-9f18-f0d5-6f4a-6d2406958f50, 59 %, 10244 MiB, 291.99 W
2026/10/08 22:28:33.550, 1, GPU-cb626bdb-4319-2f5e-b91f-17fcaa44a83d, 59 %, 10246 MiB, 286.93 W
2026/10/08 22:28:43.550, 0, GPU-cb24f168-9f18-f0d5-6f4a-6d2406958f50, 75 %, 10244 MiB, 304.70 W
2026/10/08 22:28:43.551, 1, GPU-cb626bdb-4319-2f5e-b91f-17fcaa44a83d, 90 %, 10246 MiB, 301.64 W
2026/10/08 22:28:53.552, 0, GPU-cb24f168-9f18-f0d5-6f4a-6d2406958f50, 94 %, 10244 MiB, 318.26 W
2026/10/08 22:28:53.552, 1, GPU-cb626bdb-4319-2f5e-b91f-17fcaa44a83d, 58 %, 10246 MiB, 289.99 W
2026/10/08 22:29:03.553, 0, GPU-cb24f168-9f18-f0d5-6f4a-6d2406958f50, 88 %, 10244 MiB, 307.84 W
2026/10/08 22:29:03.553, 1, GPU-cb626bdb-4319-2f5e-b91f-17fcaa44a83d, 85 %, 10246 MiB, 302.34 W
2026/10/08 22:29:13.554, 0, GPU-cb24f168-9f18-f0d5-6f4a-6d2406958f50, 83 %, 10244 MiB, 314.89 W
2026/10/08 22:29:13.555, 1, GPU-cb626bdb-4319-2f5e-b91f-17fcaa44a83d, 71 %, 10246 MiB, 303.95 W
2026/10/08 22:29:23.555, 0, GPU-cb24f168-9f18-f0d5-6f4a-6d2406958f50, 70 %, 10244 MiB, 300.36 W
2026/10/08 22:29:23.555, 1, GPU-cb626bdb-4319-2f5e-b91f-17fcaa44a83d, 58 %, 10246 MiB, 293.92 W
2026/10/08 22:29:33.556, 0, GPU-cb24f168-9f18-f0d5-6f4a-6d2406958f50, 1 %, 10244 MiB, 244.09 W
2026/10/08 22:29:33.556, 1, GPU-cb626bdb-4319-2f5e-b91f-17fcaa44a83d, 52 %, 10246 MiB, 243.50 W
2026/10/08 22:29:43.557, 0, GPU-cb24f168-9f18-f0d5-6f4a-6d2406958f50, 97 %, 10244 MiB, 314.52 W
2026/10/08 22:29:43.557, 1, GPU-cb626bdb-4319-2f5e-b91f-17fcaa44a83d, 75 %, 10246 MiB, 283.98 W
2026/10/08 22:29:53.557, 0, GPU-cb24f168-9f18-f0d5-6f4a-6d2406958f50, 95 %, 10244 MiB, 308.71 W
2026/10/08 22:29:53.557, 1, GPU-cb626bdb-4319-2f5e-b91f-17fcaa44a83d, 59 %, 10246 MiB, 272.15 W
2026/10/08 22:30:03.558, 0, GPU-cb24f168-9f18-f0d5-6f4a-6d2406958f50, 44 %, 10244 MiB, 264.81 W
2026/10/08 22:30:03.559, 1, GPU-cb626bdb-4319-2f5e-b91f-17fcaa44a83d, 48 %, 10246 MiB, 270.92 W
2026/10/08 22:30:13.560, 0, GPU-cb24f168-9f18-f0d5-6f4a-6d2406958f50, 81 %, 10244 MiB, 297.86 W
2026/10/08 22:30:13.560, 1, GPU-cb626bdb-4319-2f5e-b91f-17fcaa44a83d, 94 %, 10246 MiB, 297.31 W
2026/10/08 22:30:23.561, 0, GPU-cb24f168-9f18-f0d5-6f4a-6d2406958f50, 83 %, 10244 MiB, 305.82 W
2026/10/08 22:30:23.561, 1, GPU-cb626bdb-4319-2f5e-b91f-17fcaa44a83d, 65 %, 10246 MiB, 296.10 W
2026/10/08 22:30:33.562, 0, GPU-cb24f168-9f18-f0d5-6f4a-6d2406958f50, 84 %, 10244 MiB, 302.70 W
2026/10/08 22:30:33.562, 1, GPU-cb626bdb-4319-2f5e-b91f-17fcaa44a83d, 57 %, 10246 MiB, 297.74 W
2026/10/08 22:30:43.562, 0, GPU-cb24f168-9f18-f0d5-6f4a-6d2406958f50, 87 %, 10244 MiB, 307.39 W
2026/10/08 22:30:43.562, 1, GPU-cb626bdb-4319-2f5e-b91f-17fcaa44a83d, 86 %, 10246 MiB, 294.72 W
2026/10/08 22:30:53.563, 0, GPU-cb24f168-9f18-f0d5-6f4a-6d2406958f50, 56 %, 10244 MiB, 287.02 W
2026/10/08 22:30:53.563, 1, GPU-cb626bdb-4319-2f5e-b91f-17fcaa44a83d, 56 %, 10246 MiB, 295.37 W
2026/10/08 22:31:03.564, 0, GPU-cb24f168-9f18-f0d5-6f4a-6d2406958f50, 85 %, 10244 MiB, 301.21 W
2026/10/08 22:31:03.564, 1, GPU-cb626bdb-4319-2f5e-b91f-17fcaa44a83d, 58 %, 10246 MiB, 283.57 W
2026/10/08 22:31:13.564, 0, GPU-cb24f168-9f18-f0d5-6f4a-6d2406958f50, 60 %, 10244 MiB, 293.04 W
2026/10/08 22:31:13.565, 1, GPU-cb626bdb-4319-2f5e-b91f-17fcaa44a83d, 98 %, 10246 MiB, 309.99 W
2026/10/08 22:31:23.565, 0, GPU-cb24f168-9f18-f0d5-6f4a-6d2406958f50, 98 %, 10244 MiB, 347.32 W
2026/10/08 22:31:23.565, 1, GPU-cb626bdb-4319-2f5e-b91f-17fcaa44a83d, 98 %, 10246 MiB, 337.54 W
2026/10/08 22:31:33.566, 0, GPU-cb24f168-9f18-f0d5-6f4a-6d2406958f50, 72 %, 10244 MiB, 307.71 W
2026/10/08 22:31:33.566, 1, GPU-cb626bdb-4319-2f5e-b91f-17fcaa44a83d, 81 %, 10246 MiB, 307.43 W
2026/10/08 22:31:43.567, 0, GPU-cb24f168-9f18-f0d5-6f4a-6d2406958f50, 74 %, 10244 MiB, 313.33 W
2026/10/08 22:31:43.567, 1, GPU-cb626bdb-4319-2f5e-b91f-17fcaa44a83d, 63 %, 10246 MiB, 298.04 W
2026/10/08 22:31:53.567, 0, GPU-cb24f168-9f18-f0d5-6f4a-6d2406958f50, 90 %, 10244 MiB, 295.16 W
2026/10/08 22:31:53.567, 1, GPU-cb626bdb-4319-2f5e-b91f-17fcaa44a83d, 59 %, 10246 MiB, 283.33 W
2026/10/08 22:32:03.568, 0, GPU-cb24f168-9f18-f0d5-6f4a-6d2406958f50, 59 %, 10244 MiB, 305.43 W
2026/10/08 22:32:03.568, 1, GPU-cb626bdb-4319-2f5e-b91f-17fcaa44a83d, 58 %, 10246 MiB, 289.57 W
2026/10/08 22:32:13.569, 0, GPU-cb24f168-9f18-f0d5-6f4a-6d2406958f50, 96 %, 10244 MiB, 301.29 W
2026/10/08 22:32:13.569, 1, GPU-cb626bdb-4319-2f5e-b91f-17fcaa44a83d, 66 %, 10246 MiB, 296.24 W
2026/10/08 22:32:23.570, 0, GPU-cb24f168-9f18-f0d5-6f4a-6d2406958f50, 77 %, 10244 MiB, 295.07 W
2026/10/08 22:32:23.570, 1, GPU-cb626bdb-4319-2f5e-b91f-17fcaa44a83d, 58 %, 10246 MiB, 288.00 W
2026/10/08 22:32:33.570, 0, GPU-cb24f168-9f18-f0d5-6f4a-6d2406958f50, 59 %, 10244 MiB, 302.46 W
2026/10/08 22:32:33.570, 1, GPU-cb626bdb-4319-2f5e-b91f-17fcaa44a83d, 74 %, 10246 MiB, 289.67 W
2026/10/08 22:32:43.571, 0, GPU-cb24f168-9f18-f0d5-6f4a-6d2406958f50, 59 %, 10244 MiB, 289.79 W
2026/10/08 22:32:43.571, 1, GPU-cb626bdb-4319-2f5e-b91f-17fcaa44a83d, 58 %, 10246 MiB, 296.83 W
2026/10/08 22:32:53.572, 0, GPU-cb24f168-9f18-f0d5-6f4a-6d2406958f50, 96 %, 10244 MiB, 312.00 W
2026/10/08 22:32:53.572, 1, GPU-cb626bdb-4319-2f5e-b91f-17fcaa44a83d, 81 %, 10246 MiB, 292.39 W
2026/10/08 22:33:03.573, 0, GPU-cb24f168-9f18-f0d5-6f4a-6d2406958f50, 59 %, 10244 MiB, 302.57 W
2026/10/08 22:33:03.573, 1, GPU-cb626bdb-4319-2f5e-b91f-17fcaa44a83d, 56 %, 10246 MiB, 281.35 W
2026/10/08 22:33:13.574, 0, GPU-cb24f168-9f18-f0d5-6f4a-6d2406958f50, 96 %, 10244 MiB, 289.71 W
2026/10/08 22:33:13.574, 1, GPU-cb626bdb-4319-2f5e-b91f-17fcaa44a83d, 31 %, 10246 MiB, 206.38 W
2026/10/08 22:33:23.575, 0, GPU-cb24f168-9f18-f0d5-6f4a-6d2406958f50, 54 %, 10244 MiB, 281.94 W
2026/10/08 22:33:23.575, 1, GPU-cb626bdb-4319-2f5e-b91f-17fcaa44a83d, 92 %, 10246 MiB, 297.18 W
2026/10/08 22:33:33.576, 0, GPU-cb24f168-9f18-f0d5-6f4a-6d2406958f50, 96 %, 10244 MiB, 285.04 W
2026/10/08 22:33:33.576, 1, GPU-cb626bdb-4319-2f5e-b91f-17fcaa44a83d, 58 %, 10246 MiB, 267.70 W
2026/10/08 22:33:43.576, 0, GPU-cb24f168-9f18-f0d5-6f4a-6d2406958f50, 50 %, 10244 MiB, 259.73 W
2026/10/08 22:33:43.576, 1, GPU-cb626bdb-4319-2f5e-b91f-17fcaa44a83d, 80 %, 10246 MiB, 283.14 W
2026/10/08 22:33:53.577, 0, GPU-cb24f168-9f18-f0d5-6f4a-6d2406958f50, 62 %, 10244 MiB, 274.00 W
2026/10/08 22:33:53.577, 1, GPU-cb626bdb-4319-2f5e-b91f-17fcaa44a83d, 54 %, 10246 MiB, 286.04 W
2026/10/08 22:34:03.578, 0, GPU-cb24f168-9f18-f0d5-6f4a-6d2406958f50, 62 %, 10244 MiB, 286.57 W
2026/10/08 22:34:03.578, 1, GPU-cb626bdb-4319-2f5e-b91f-17fcaa44a83d, 49 %, 10246 MiB, 282.75 W
2026/10/08 22:34:13.578, 0, GPU-cb24f168-9f18-f0d5-6f4a-6d2406958f50, 52 %, 10244 MiB, 267.86 W
2026/10/08 22:34:13.579, 1, GPU-cb626bdb-4319-2f5e-b91f-17fcaa44a83d, 84 %, 10246 MiB, 300.73 W
2026/10/08 22:34:23.579, 0, GPU-cb24f168-9f18-f0d5-6f4a-6d2406958f50, 87 %, 10244 MiB, 279.36 W
2026/10/08 22:34:23.579, 1, GPU-cb626bdb-4319-2f5e-b91f-17fcaa44a83d, 55 %, 10246 MiB, 287.55 W
2026/10/08 22:34:33.580, 0, GPU-cb24f168-9f18-f0d5-6f4a-6d2406958f50, 48 %, 10244 MiB, 288.55 W
2026/10/08 22:34:33.580, 1, GPU-cb626bdb-4319-2f5e-b91f-17fcaa44a83d, 61 %, 10246 MiB, 270.53 W
2026/10/08 22:34:43.581, 0, GPU-cb24f168-9f18-f0d5-6f4a-6d2406958f50, 54 %, 10244 MiB, 291.62 W
2026/10/08 22:34:43.581, 1, GPU-cb626bdb-4319-2f5e-b91f-17fcaa44a83d, 54 %, 10246 MiB, 275.89 W
2026/10/08 22:34:53.581, 0, GPU-cb24f168-9f18-f0d5-6f4a-6d2406958f50, 49 %, 10244 MiB, 273.79 W
2026/10/08 22:34:53.581, 1, GPU-cb626bdb-4319-2f5e-b91f-17fcaa44a83d, 65 %, 10246 MiB, 282.86 W
2026/10/08 22:35:03.582, 0, GPU-cb24f168-9f18-f0d5-6f4a-6d2406958f50, 63 %, 10244 MiB, 290.98 W
2026/10/08 22:35:03.582, 1, GPU-cb626bdb-4319-2f5e-b91f-17fcaa44a83d, 87 %, 10246 MiB, 274.42 W
2026/10/08 22:35:13.583, 0, GPU-cb24f168-9f18-f0d5-6f4a-6d2406958f50, 59 %, 10244 MiB, 298.22 W
2026/10/08 22:35:13.583, 1, GPU-cb626bdb-4319-2f5e-b91f-17fcaa44a83d, 58 %, 10246 MiB, 294.38 W
2026/10/08 22:35:23.584, 0, GPU-cb24f168-9f18-f0d5-6f4a-6d2406958f50, 70 %, 10244 MiB, 298.68 W
2026/10/08 22:35:23.584, 1, GPU-cb626bdb-4319-2f5e-b91f-17fcaa44a83d, 74 %, 10246 MiB, 284.08 W
2026/10/08 22:35:33.584, 0, GPU-cb24f168-9f18-f0d5-6f4a-6d2406958f50, 90 %, 10244 MiB, 301.98 W
2026/10/08 22:35:33.584, 1, GPU-cb626bdb-4319-2f5e-b91f-17fcaa44a83d, 82 %, 10246 MiB, 295.42 W
2026/10/08 22:35:43.585, 0, GPU-cb24f168-9f18-f0d5-6f4a-6d2406958f50, 88 %, 10244 MiB, 297.62 W
2026/10/08 22:35:43.585, 1, GPU-cb626bdb-4319-2f5e-b91f-17fcaa44a83d, 58 %, 10246 MiB, 294.05 W
2026/10/08 22:35:53.586, 0, GPU-cb24f168-9f18-f0d5-6f4a-6d2406958f50, 63 %, 10244 MiB, 307.98 W
2026/10/08 22:35:53.586, 1, GPU-cb626bdb-4319-2f5e-b91f-17fcaa44a83d, 65 %, 10246 MiB, 292.30 W
2026/10/08 22:36:03.587, 0, GPU-cb24f168-9f18-f0d5-6f4a-6d2406958f50, 88 %, 10244 MiB, 299.93 W
2026/10/08 22:36:03.587, 1, GPU-cb626bdb-4319-2f5e-b91f-17fcaa44a83d, 56 %, 10246 MiB, 294.32 W
2026/10/08 22:36:13.587, 0, GPU-cb24f168-9f18-f0d5-6f4a-6d2406958f50, 59 %, 10244 MiB, 304.68 W
2026/10/08 22:36:13.587, 1, GPU-cb626bdb-4319-2f5e-b91f-17fcaa44a83d, 57 %, 10246 MiB, 280.41 W
2026/10/08 22:36:23.588, 0, GPU-cb24f168-9f18-f0d5-6f4a-6d2406958f50, 92 %, 10244 MiB, 298.26 W
2026/10/08 22:36:23.588, 1, GPU-cb626bdb-4319-2f5e-b91f-17fcaa44a83d, 78 %, 10246 MiB, 293.91 W
2026/10/08 22:36:33.589, 0, GPU-cb24f168-9f18-f0d5-6f4a-6d2406958f50, 95 %, 10244 MiB, 297.45 W
2026/10/08 22:36:33.589, 1, GPU-cb626bdb-4319-2f5e-b91f-17fcaa44a83d, 82 %, 10246 MiB, 307.94 W
2026/10/08 22:36:43.589, 0, GPU-cb24f168-9f18-f0d5-6f4a-6d2406958f50, 59 %, 10244 MiB, 287.21 W
2026/10/08 22:36:43.590, 1, GPU-cb626bdb-4319-2f5e-b91f-17fcaa44a83d, 64 %, 10246 MiB, 277.37 W
2026/10/08 22:36:53.590, 0, GPU-cb24f168-9f18-f0d5-6f4a-6d2406958f50, 94 %, 10244 MiB, 257.12 W
2026/10/08 22:36:53.590, 1, GPU-cb626bdb-4319-2f5e-b91f-17fcaa44a83d, 89 %, 10246 MiB, 294.27 W
2026/10/08 22:37:03.591, 0, GPU-cb24f168-9f18-f0d5-6f4a-6d2406958f50, 48 %, 10244 MiB, 267.45 W
2026/10/08 22:37:03.591, 1, GPU-cb626bdb-4319-2f5e-b91f-17fcaa44a83d, 61 %, 10246 MiB, 274.52 W
2026/10/08 22:37:13.592, 0, GPU-cb24f168-9f18-f0d5-6f4a-6d2406958f50, 42 %, 10244 MiB, 263.32 W
2026/10/08 22:37:13.592, 1, GPU-cb626bdb-4319-2f5e-b91f-17fcaa44a83d, 59 %, 10246 MiB, 278.50 W
2026/10/08 22:37:23.592, 0, GPU-cb24f168-9f18-f0d5-6f4a-6d2406958f50, 95 %, 10244 MiB, 302.77 W
2026/10/08 22:37:23.592, 1, GPU-cb626bdb-4319-2f5e-b91f-17fcaa44a83d, 64 %, 10246 MiB, 293.11 W
2026/10/08 22:37:33.593, 0, GPU-cb24f168-9f18-f0d5-6f4a-6d2406958f50, 60 %, 10244 MiB, 280.54 W
2026/10/08 22:37:33.593, 1, GPU-cb626bdb-4319-2f5e-b91f-17fcaa44a83d, 58 %, 10246 MiB, 298.22 W
2026/10/08 22:37:43.594, 0, GPU-cb24f168-9f18-f0d5-6f4a-6d2406958f50, 86 %, 10244 MiB, 287.54 W
2026/10/08 22:37:43.594, 1, GPU-cb626bdb-4319-2f5e-b91f-17fcaa44a83d, 59 %, 10246 MiB, 297.16 W
2026/10/08 22:37:53.595, 0, GPU-cb24f168-9f18-f0d5-6f4a-6d2406958f50, 51 %, 10244 MiB, 274.39 W
2026/10/08 22:37:53.595, 1, GPU-cb626bdb-4319-2f5e-b91f-17fcaa44a83d, 87 %, 10246 MiB, 279.96 W
2026/10/08 22:38:03.595, 0, GPU-cb24f168-9f18-f0d5-6f4a-6d2406958f50, 73 %, 10244 MiB, 310.31 W
2026/10/08 22:38:03.595, 1, GPU-cb626bdb-4319-2f5e-b91f-17fcaa44a83d, 66 %, 10246 MiB, 281.21 W
2026/10/08 22:38:13.596, 0, GPU-cb24f168-9f18-f0d5-6f4a-6d2406958f50, 67 %, 10244 MiB, 279.41 W
2026/10/08 22:38:13.596, 1, GPU-cb626bdb-4319-2f5e-b91f-17fcaa44a83d, 91 %, 10246 MiB, 306.39 W
2026/10/08 22:38:23.597, 0, GPU-cb24f168-9f18-f0d5-6f4a-6d2406958f50, 52 %, 10244 MiB, 274.97 W
2026/10/08 22:38:23.597, 1, GPU-cb626bdb-4319-2f5e-b91f-17fcaa44a83d, 49 %, 10246 MiB, 270.71 W
2026/10/08 22:38:33.597, 0, GPU-cb24f168-9f18-f0d5-6f4a-6d2406958f50, 94 %, 10244 MiB, 286.66 W
2026/10/08 22:38:33.598, 1, GPU-cb626bdb-4319-2f5e-b91f-17fcaa44a83d, 93 %, 10246 MiB, 289.94 W
2026/10/08 22:38:43.598, 0, GPU-cb24f168-9f18-f0d5-6f4a-6d2406958f50, 49 %, 10244 MiB, 278.70 W
2026/10/08 22:38:43.598, 1, GPU-cb626bdb-4319-2f5e-b91f-17fcaa44a83d, 64 %, 10246 MiB, 285.42 W
2026/10/08 22:38:53.599, 0, GPU-cb24f168-9f18-f0d5-6f4a-6d2406958f50, 47 %, 10244 MiB, 279.14 W
2026/10/08 22:38:53.599, 1, GPU-cb626bdb-4319-2f5e-b91f-17fcaa44a83d, 45 %, 10246 MiB, 263.00 W
2026/10/08 22:39:03.600, 0, GPU-cb24f168-9f18-f0d5-6f4a-6d2406958f50, 54 %, 10244 MiB, 294.43 W
2026/10/08 22:39:03.600, 1, GPU-cb626bdb-4319-2f5e-b91f-17fcaa44a83d, 91 %, 10246 MiB, 274.58 W
2026/10/08 22:39:13.600, 0, GPU-cb24f168-9f18-f0d5-6f4a-6d2406958f50, 92 %, 10244 MiB, 287.48 W
2026/10/08 22:39:13.600, 1, GPU-cb626bdb-4319-2f5e-b91f-17fcaa44a83d, 51 %, 10246 MiB, 286.71 W
2026/10/08 22:39:23.601, 0, GPU-cb24f168-9f18-f0d5-6f4a-6d2406958f50, 80 %, 10244 MiB, 279.00 W
2026/10/08 22:39:23.601, 1, GPU-cb626bdb-4319-2f5e-b91f-17fcaa44a83d, 74 %, 10246 MiB, 285.79 W
2026/10/08 22:39:33.602, 0, GPU-cb24f168-9f18-f0d5-6f4a-6d2406958f50, 82 %, 10244 MiB, 307.01 W
2026/10/08 22:39:33.602, 1, GPU-cb626bdb-4319-2f5e-b91f-17fcaa44a83d, 85 %, 10246 MiB, 282.56 W
2026/10/08 22:39:43.602, 0, GPU-cb24f168-9f18-f0d5-6f4a-6d2406958f50, 52 %, 10244 MiB, 285.04 W
2026/10/08 22:39:43.603, 1, GPU-cb626bdb-4319-2f5e-b91f-17fcaa44a83d, 47 %, 10246 MiB, 276.93 W
2026/10/08 22:39:53.604, 0, GPU-cb24f168-9f18-f0d5-6f4a-6d2406958f50, 52 %, 10244 MiB, 281.38 W
2026/10/08 22:39:53.604, 1, GPU-cb626bdb-4319-2f5e-b91f-17fcaa44a83d, 53 %, 10246 MiB, 271.11 W
2026/10/08 22:40:03.605, 0, GPU-cb24f168-9f18-f0d5-6f4a-6d2406958f50, 50 %, 10244 MiB, 284.80 W
2026/10/08 22:40:03.605, 1, GPU-cb626bdb-4319-2f5e-b91f-17fcaa44a83d, 48 %, 10246 MiB, 265.42 W
2026/10/08 22:40:13.605, 0, GPU-cb24f168-9f18-f0d5-6f4a-6d2406958f50, 55 %, 10244 MiB, 272.98 W
2026/10/08 22:40:13.606, 1, GPU-cb626bdb-4319-2f5e-b91f-17fcaa44a83d, 73 %, 10246 MiB, 291.52 W
2026/10/08 22:40:23.606, 0, GPU-cb24f168-9f18-f0d5-6f4a-6d2406958f50, 49 %, 10244 MiB, 252.62 W
2026/10/08 22:40:23.606, 1, GPU-cb626bdb-4319-2f5e-b91f-17fcaa44a83d, 48 %, 10246 MiB, 283.74 W
2026/10/08 22:40:33.607, 0, GPU-cb24f168-9f18-f0d5-6f4a-6d2406958f50, 98 %, 10244 MiB, 344.48 W
2026/10/08 22:40:33.607, 1, GPU-cb626bdb-4319-2f5e-b91f-17fcaa44a83d, 98 %, 10246 MiB, 334.30 W
2026/10/08 22:40:43.608, 0, GPU-cb24f168-9f18-f0d5-6f4a-6d2406958f50, 77 %, 10244 MiB, 314.11 W
2026/10/08 22:40:43.608, 1, GPU-cb626bdb-4319-2f5e-b91f-17fcaa44a83d, 73 %, 10246 MiB, 306.21 W
2026/10/08 22:40:53.608, 0, GPU-cb24f168-9f18-f0d5-6f4a-6d2406958f50, 48 %, 10244 MiB, 280.68 W
2026/10/08 22:40:53.608, 1, GPU-cb626bdb-4319-2f5e-b91f-17fcaa44a83d, 47 %, 10246 MiB, 273.78 W
2026/10/08 22:41:03.609, 0, GPU-cb24f168-9f18-f0d5-6f4a-6d2406958f50, 53 %, 10244 MiB, 287.51 W
2026/10/08 22:41:03.609, 1, GPU-cb626bdb-4319-2f5e-b91f-17fcaa44a83d, 55 %, 10246 MiB, 279.19 W
2026/10/08 22:41:13.610, 0, GPU-cb24f168-9f18-f0d5-6f4a-6d2406958f50, 52 %, 10244 MiB, 270.34 W
2026/10/08 22:41:13.610, 1, GPU-cb626bdb-4319-2f5e-b91f-17fcaa44a83d, 94 %, 10246 MiB, 300.13 W
2026/10/08 22:41:23.610, 0, GPU-cb24f168-9f18-f0d5-6f4a-6d2406958f50, 97 %, 10244 MiB, 277.47 W
2026/10/08 22:41:23.611, 1, GPU-cb626bdb-4319-2f5e-b91f-17fcaa44a83d, 55 %, 10246 MiB, 286.49 W
2026/10/08 22:41:33.611, 0, GPU-cb24f168-9f18-f0d5-6f4a-6d2406958f50, 52 %, 10244 MiB, 267.45 W
2026/10/08 22:41:33.611, 1, GPU-cb626bdb-4319-2f5e-b91f-17fcaa44a83d, 52 %, 10246 MiB, 272.77 W
2026/10/08 22:41:43.612, 0, GPU-cb24f168-9f18-f0d5-6f4a-6d2406958f50, 49 %, 10244 MiB, 281.80 W
2026/10/08 22:41:43.613, 1, GPU-cb626bdb-4319-2f5e-b91f-17fcaa44a83d, 47 %, 10246 MiB, 287.29 W
2026/10/08 22:41:53.613, 0, GPU-cb24f168-9f18-f0d5-6f4a-6d2406958f50, 74 %, 10244 MiB, 287.23 W
2026/10/08 22:41:53.613, 1, GPU-cb626bdb-4319-2f5e-b91f-17fcaa44a83d, 79 %, 10246 MiB, 286.55 W
2026/10/08 22:42:03.614, 0, GPU-cb24f168-9f18-f0d5-6f4a-6d2406958f50, 67 %, 10244 MiB, 292.75 W
2026/10/08 22:42:03.614, 1, GPU-cb626bdb-4319-2f5e-b91f-17fcaa44a83d, 53 %, 10246 MiB, 278.70 W
2026/10/08 22:42:13.615, 0, GPU-cb24f168-9f18-f0d5-6f4a-6d2406958f50, 60 %, 10244 MiB, 296.91 W
2026/10/08 22:42:13.615, 1, GPU-cb626bdb-4319-2f5e-b91f-17fcaa44a83d, 84 %, 10246 MiB, 280.71 W
2026/10/08 22:42:23.615, 0, GPU-cb24f168-9f18-f0d5-6f4a-6d2406958f50, 59 %, 10244 MiB, 295.18 W
2026/10/08 22:42:23.615, 1, GPU-cb626bdb-4319-2f5e-b91f-17fcaa44a83d, 53 %, 10246 MiB, 289.02 W
2026/10/08 22:42:33.616, 0, GPU-cb24f168-9f18-f0d5-6f4a-6d2406958f50, 49 %, 10244 MiB, 284.61 W
2026/10/08 22:42:33.616, 1, GPU-cb626bdb-4319-2f5e-b91f-17fcaa44a83d, 43 %, 10246 MiB, 306.87 W
2026/10/08 22:42:43.617, 0, GPU-cb24f168-9f18-f0d5-6f4a-6d2406958f50, 76 %, 10244 MiB, 271.99 W
2026/10/08 22:42:43.617, 1, GPU-cb626bdb-4319-2f5e-b91f-17fcaa44a83d, 73 %, 10246 MiB, 284.18 W
2026/10/08 22:42:53.618, 0, GPU-cb24f168-9f18-f0d5-6f4a-6d2406958f50, 88 %, 10244 MiB, 289.71 W
2026/10/08 22:42:53.623, 1, GPU-cb626bdb-4319-2f5e-b91f-17fcaa44a83d, 58 %, 10246 MiB, 310.48 W
2026/10/08 22:43:03.623, 0, GPU-cb24f168-9f18-f0d5-6f4a-6d2406958f50, 58 %, 10244 MiB, 299.67 W
2026/10/08 22:43:03.624, 1, GPU-cb626bdb-4319-2f5e-b91f-17fcaa44a83d, 58 %, 10246 MiB, 282.69 W
2026/10/08 22:43:13.624, 0, GPU-cb24f168-9f18-f0d5-6f4a-6d2406958f50, 60 %, 10244 MiB, 299.13 W
2026/10/08 22:43:13.624, 1, GPU-cb626bdb-4319-2f5e-b91f-17fcaa44a83d, 58 %, 10246 MiB, 279.25 W
2026/10/08 22:43:23.625, 0, GPU-cb24f168-9f18-f0d5-6f4a-6d2406958f50, 95 %, 10244 MiB, 285.52 W
2026/10/08 22:43:23.625, 1, GPU-cb626bdb-4319-2f5e-b91f-17fcaa44a83d, 59 %, 10246 MiB, 270.26 W
2026/10/08 22:43:33.626, 0, GPU-cb24f168-9f18-f0d5-6f4a-6d2406958f50, 94 %, 10244 MiB, 294.56 W
2026/10/08 22:43:33.626, 1, GPU-cb626bdb-4319-2f5e-b91f-17fcaa44a83d, 79 %, 10246 MiB, 280.93 W
2026/10/08 22:43:43.626, 0, GPU-cb24f168-9f18-f0d5-6f4a-6d2406958f50, 86 %, 10244 MiB, 297.84 W
2026/10/08 22:43:43.627, 1, GPU-cb626bdb-4319-2f5e-b91f-17fcaa44a83d, 70 %, 10246 MiB, 303.19 W
2026/10/08 22:43:53.629, 0, GPU-cb24f168-9f18-f0d5-6f4a-6d2406958f50, 59 %, 10244 MiB, 288.67 W
2026/10/08 22:43:53.629, 1, GPU-cb626bdb-4319-2f5e-b91f-17fcaa44a83d, 56 %, 10246 MiB, 274.45 W
2026/10/08 22:44:03.630, 0, GPU-cb24f168-9f18-f0d5-6f4a-6d2406958f50, 71 %, 10244 MiB, 290.49 W
2026/10/08 22:44:03.630, 1, GPU-cb626bdb-4319-2f5e-b91f-17fcaa44a83d, 95 %, 10246 MiB, 301.59 W
2026/10/08 22:44:13.630, 0, GPU-cb24f168-9f18-f0d5-6f4a-6d2406958f50, 60 %, 10244 MiB, 304.11 W
2026/10/08 22:44:13.631, 1, GPU-cb626bdb-4319-2f5e-b91f-17fcaa44a83d, 88 %, 10246 MiB, 305.75 W
2026/10/08 22:44:23.631, 0, GPU-cb24f168-9f18-f0d5-6f4a-6d2406958f50, 0 %, 10244 MiB, 143.93 W
2026/10/08 22:44:23.631, 1, GPU-cb626bdb-4319-2f5e-b91f-17fcaa44a83d, 90 %, 10246 MiB, 301.15 W
2026/10/08 22:44:33.632, 0, GPU-cb24f168-9f18-f0d5-6f4a-6d2406958f50, 92 %, 10244 MiB, 299.86 W
2026/10/08 22:44:33.632, 1, GPU-cb626bdb-4319-2f5e-b91f-17fcaa44a83d, 83 %, 10246 MiB, 281.77 W
2026/10/08 22:44:43.633, 0, GPU-cb24f168-9f18-f0d5-6f4a-6d2406958f50, 60 %, 10244 MiB, 302.86 W
2026/10/08 22:44:43.633, 1, GPU-cb626bdb-4319-2f5e-b91f-17fcaa44a83d, 84 %, 10246 MiB, 296.89 W
2026/10/08 22:44:53.634, 0, GPU-cb24f168-9f18-f0d5-6f4a-6d2406958f50, 59 %, 10244 MiB, 301.22 W
2026/10/08 22:44:53.634, 1, GPU-cb626bdb-4319-2f5e-b91f-17fcaa44a83d, 82 %, 10246 MiB, 283.39 W
2026/10/08 22:45:03.635, 0, GPU-cb24f168-9f18-f0d5-6f4a-6d2406958f50, 88 %, 10244 MiB, 301.33 W
2026/10/08 22:45:03.635, 1, GPU-cb626bdb-4319-2f5e-b91f-17fcaa44a83d, 58 %, 10246 MiB, 297.90 W
2026/10/08 22:45:13.635, 0, GPU-cb24f168-9f18-f0d5-6f4a-6d2406958f50, 68 %, 10244 MiB, 310.76 W
2026/10/08 22:45:13.636, 1, GPU-cb626bdb-4319-2f5e-b91f-17fcaa44a83d, 84 %, 10246 MiB, 285.03 W
2026/10/08 22:45:23.636, 0, GPU-cb24f168-9f18-f0d5-6f4a-6d2406958f50, 58 %, 10244 MiB, 298.87 W
2026/10/08 22:45:23.636, 1, GPU-cb626bdb-4319-2f5e-b91f-17fcaa44a83d, 56 %, 10246 MiB, 293.40 W
2026/10/08 22:45:33.637, 0, GPU-cb24f168-9f18-f0d5-6f4a-6d2406958f50, 94 %, 10244 MiB, 297.10 W
2026/10/08 22:45:33.637, 1, GPU-cb626bdb-4319-2f5e-b91f-17fcaa44a83d, 95 %, 10246 MiB, 296.57 W
2026/10/08 22:45:43.638, 0, GPU-cb24f168-9f18-f0d5-6f4a-6d2406958f50, 80 %, 10244 MiB, 272.94 W
2026/10/08 22:45:43.638, 1, GPU-cb626bdb-4319-2f5e-b91f-17fcaa44a83d, 83 %, 10246 MiB, 298.93 W
2026/10/08 22:45:53.639, 0, GPU-cb24f168-9f18-f0d5-6f4a-6d2406958f50, 54 %, 10244 MiB, 287.24 W
2026/10/08 22:45:53.639, 1, GPU-cb626bdb-4319-2f5e-b91f-17fcaa44a83d, 75 %, 10246 MiB, 290.45 W
2026/10/08 22:46:03.640, 0, GPU-cb24f168-9f18-f0d5-6f4a-6d2406958f50, 88 %, 10244 MiB, 274.79 W
2026/10/08 22:46:03.640, 1, GPU-cb626bdb-4319-2f5e-b91f-17fcaa44a83d, 0 %, 10246 MiB, 158.85 W
2026/10/08 22:46:13.641, 0, GPU-cb24f168-9f18-f0d5-6f4a-6d2406958f50, 96 %, 10244 MiB, 293.46 W
2026/10/08 22:46:13.642, 1, GPU-cb626bdb-4319-2f5e-b91f-17fcaa44a83d, 58 %, 10246 MiB, 294.86 W
2026/10/08 22:46:23.643, 0, GPU-cb24f168-9f18-f0d5-6f4a-6d2406958f50, 58 %, 10244 MiB, 290.29 W
2026/10/08 22:46:23.643, 1, GPU-cb626bdb-4319-2f5e-b91f-17fcaa44a83d, 66 %, 10246 MiB, 287.83 W
2026/10/08 22:46:33.644, 0, GPU-cb24f168-9f18-f0d5-6f4a-6d2406958f50, 88 %, 10244 MiB, 306.35 W
2026/10/08 22:46:33.644, 1, GPU-cb626bdb-4319-2f5e-b91f-17fcaa44a83d, 56 %, 10246 MiB, 281.35 W
2026/10/08 22:46:43.645, 0, GPU-cb24f168-9f18-f0d5-6f4a-6d2406958f50, 83 %, 10244 MiB, 298.30 W
2026/10/08 22:46:43.645, 1, GPU-cb626bdb-4319-2f5e-b91f-17fcaa44a83d, 56 %, 10246 MiB, 285.69 W
2026/10/08 22:46:53.645, 0, GPU-cb24f168-9f18-f0d5-6f4a-6d2406958f50, 95 %, 10244 MiB, 315.60 W
2026/10/08 22:46:53.645, 1, GPU-cb626bdb-4319-2f5e-b91f-17fcaa44a83d, 79 %, 10246 MiB, 295.89 W
2026/10/08 22:47:03.646, 0, GPU-cb24f168-9f18-f0d5-6f4a-6d2406958f50, 97 %, 10244 MiB, 296.96 W
2026/10/08 22:47:03.646, 1, GPU-cb626bdb-4319-2f5e-b91f-17fcaa44a83d, 96 %, 10246 MiB, 297.57 W
2026/10/08 22:47:13.647, 0, GPU-cb24f168-9f18-f0d5-6f4a-6d2406958f50, 81 %, 10244 MiB, 303.22 W
2026/10/08 22:47:13.647, 1, GPU-cb626bdb-4319-2f5e-b91f-17fcaa44a83d, 58 %, 10246 MiB, 288.27 W
2026/10/08 22:47:23.648, 0, GPU-cb24f168-9f18-f0d5-6f4a-6d2406958f50, 65 %, 10244 MiB, 306.13 W
2026/10/08 22:47:23.648, 1, GPU-cb626bdb-4319-2f5e-b91f-17fcaa44a83d, 83 %, 10246 MiB, 298.59 W
2026/10/08 22:47:33.648, 0, GPU-cb24f168-9f18-f0d5-6f4a-6d2406958f50, 80 %, 10244 MiB, 302.32 W
2026/10/08 22:47:33.648, 1, GPU-cb626bdb-4319-2f5e-b91f-17fcaa44a83d, 91 %, 10246 MiB, 297.82 W
2026/10/08 22:47:43.649, 0, GPU-cb24f168-9f18-f0d5-6f4a-6d2406958f50, 21 %, 10244 MiB, 256.98 W
2026/10/08 22:47:43.649, 1, GPU-cb626bdb-4319-2f5e-b91f-17fcaa44a83d, 88 %, 10246 MiB, 275.59 W
2026/10/08 22:47:53.650, 0, GPU-cb24f168-9f18-f0d5-6f4a-6d2406958f50, 93 %, 10244 MiB, 300.49 W
2026/10/08 22:47:53.650, 1, GPU-cb626bdb-4319-2f5e-b91f-17fcaa44a83d, 89 %, 10246 MiB, 292.22 W
2026/10/08 22:48:03.652, 0, GPU-cb24f168-9f18-f0d5-6f4a-6d2406958f50, 60 %, 10244 MiB, 302.95 W
2026/10/08 22:48:03.652, 1, GPU-cb626bdb-4319-2f5e-b91f-17fcaa44a83d, 61 %, 10246 MiB, 290.14 W
2026/10/08 22:48:13.652, 0, GPU-cb24f168-9f18-f0d5-6f4a-6d2406958f50, 59 %, 10244 MiB, 297.88 W
2026/10/08 22:48:13.652, 1, GPU-cb626bdb-4319-2f5e-b91f-17fcaa44a83d, 79 %, 10246 MiB, 298.08 W
2026/10/08 22:48:23.653, 0, GPU-cb24f168-9f18-f0d5-6f4a-6d2406958f50, 81 %, 10244 MiB, 300.69 W
2026/10/08 22:48:23.653, 1, GPU-cb626bdb-4319-2f5e-b91f-17fcaa44a83d, 61 %, 10246 MiB, 297.53 W
2026/10/08 22:48:33.654, 0, GPU-cb24f168-9f18-f0d5-6f4a-6d2406958f50, 53 %, 10244 MiB, 284.31 W
2026/10/08 22:48:33.654, 1, GPU-cb626bdb-4319-2f5e-b91f-17fcaa44a83d, 67 %, 10246 MiB, 293.60 W
2026/10/08 22:48:43.655, 0, GPU-cb24f168-9f18-f0d5-6f4a-6d2406958f50, 57 %, 10244 MiB, 298.24 W
2026/10/08 22:48:43.664, 1, GPU-cb626bdb-4319-2f5e-b91f-17fcaa44a83d, 58 %, 10246 MiB, 300.21 W
2026/10/08 22:48:53.664, 0, GPU-cb24f168-9f18-f0d5-6f4a-6d2406958f50, 80 %, 10244 MiB, 286.15 W
2026/10/08 22:48:53.665, 1, GPU-cb626bdb-4319-2f5e-b91f-17fcaa44a83d, 59 %, 10246 MiB, 290.33 W
2026/10/08 22:49:03.665, 0, GPU-cb24f168-9f18-f0d5-6f4a-6d2406958f50, 60 %, 10244 MiB, 286.72 W
2026/10/08 22:49:03.665, 1, GPU-cb626bdb-4319-2f5e-b91f-17fcaa44a83d, 96 %, 10246 MiB, 295.79 W
2026/10/08 22:49:13.666, 0, GPU-cb24f168-9f18-f0d5-6f4a-6d2406958f50, 59 %, 10244 MiB, 310.26 W
2026/10/08 22:49:13.666, 1, GPU-cb626bdb-4319-2f5e-b91f-17fcaa44a83d, 59 %, 10246 MiB, 297.60 W
2026/10/08 22:49:23.667, 0, GPU-cb24f168-9f18-f0d5-6f4a-6d2406958f50, 56 %, 10244 MiB, 284.84 W
2026/10/08 22:49:23.667, 1, GPU-cb626bdb-4319-2f5e-b91f-17fcaa44a83d, 54 %, 10246 MiB, 285.18 W
2026/10/08 22:49:33.667, 0, GPU-cb24f168-9f18-f0d5-6f4a-6d2406958f50, 98 %, 10244 MiB, 346.98 W
2026/10/08 22:49:33.668, 1, GPU-cb626bdb-4319-2f5e-b91f-17fcaa44a83d, 99 %, 10246 MiB, 336.38 W
2026/10/08 22:49:43.668, 0, GPU-cb24f168-9f18-f0d5-6f4a-6d2406958f50, 62 %, 10244 MiB, 313.05 W
2026/10/08 22:49:43.669, 1, GPU-cb626bdb-4319-2f5e-b91f-17fcaa44a83d, 72 %, 10246 MiB, 315.14 W
2026/10/08 22:49:53.671, 0, GPU-cb24f168-9f18-f0d5-6f4a-6d2406958f50, 44 %, 10244 MiB, 272.56 W
2026/10/08 22:49:53.671, 1, GPU-cb626bdb-4319-2f5e-b91f-17fcaa44a83d, 49 %, 10246 MiB, 278.09 W
2026/10/08 22:50:03.671, 0, GPU-cb24f168-9f18-f0d5-6f4a-6d2406958f50, 53 %, 10244 MiB, 281.60 W
2026/10/08 22:50:03.672, 1, GPU-cb626bdb-4319-2f5e-b91f-17fcaa44a83d, 51 %, 10246 MiB, 280.22 W
2026/10/08 22:50:13.672, 0, GPU-cb24f168-9f18-f0d5-6f4a-6d2406958f50, 58 %, 10244 MiB, 286.30 W
2026/10/08 22:50:13.672, 1, GPU-cb626bdb-4319-2f5e-b91f-17fcaa44a83d, 89 %, 10246 MiB, 298.82 W
2026/10/08 22:50:23.673, 0, GPU-cb24f168-9f18-f0d5-6f4a-6d2406958f50, 71 %, 10244 MiB, 296.53 W
2026/10/08 22:50:23.673, 1, GPU-cb626bdb-4319-2f5e-b91f-17fcaa44a83d, 53 %, 10246 MiB, 290.54 W
2026/10/08 22:50:33.675, 0, GPU-cb24f168-9f18-f0d5-6f4a-6d2406958f50, 49 %, 10244 MiB, 292.67 W
2026/10/08 22:50:33.675, 1, GPU-cb626bdb-4319-2f5e-b91f-17fcaa44a83d, 49 %, 10246 MiB, 274.72 W
2026/10/08 22:50:43.675, 0, GPU-cb24f168-9f18-f0d5-6f4a-6d2406958f50, 56 %, 10244 MiB, 284.35 W
2026/10/08 22:50:43.675, 1, GPU-cb626bdb-4319-2f5e-b91f-17fcaa44a83d, 71 %, 10246 MiB, 298.09 W
2026/10/08 22:50:53.676, 0, GPU-cb24f168-9f18-f0d5-6f4a-6d2406958f50, 56 %, 10244 MiB, 298.05 W
2026/10/08 22:50:53.676, 1, GPU-cb626bdb-4319-2f5e-b91f-17fcaa44a83d, 56 %, 10246 MiB, 280.73 W
2026/10/08 22:51:03.677, 0, GPU-cb24f168-9f18-f0d5-6f4a-6d2406958f50, 80 %, 10244 MiB, 306.09 W
2026/10/08 22:51:03.677, 1, GPU-cb626bdb-4319-2f5e-b91f-17fcaa44a83d, 88 %, 10246 MiB, 289.03 W
2026/10/08 22:51:13.677, 0, GPU-cb24f168-9f18-f0d5-6f4a-6d2406958f50, 58 %, 10244 MiB, 303.71 W
2026/10/08 22:51:13.678, 1, GPU-cb626bdb-4319-2f5e-b91f-17fcaa44a83d, 96 %, 10246 MiB, 296.73 W
2026/10/08 22:51:23.678, 0, GPU-cb24f168-9f18-f0d5-6f4a-6d2406958f50, 85 %, 10244 MiB, 294.65 W
2026/10/08 22:51:23.678, 1, GPU-cb626bdb-4319-2f5e-b91f-17fcaa44a83d, 91 %, 10246 MiB, 294.23 W
2026/10/08 22:51:33.679, 0, GPU-cb24f168-9f18-f0d5-6f4a-6d2406958f50, 48 %, 10244 MiB, 301.17 W
2026/10/08 22:51:33.679, 1, GPU-cb626bdb-4319-2f5e-b91f-17fcaa44a83d, 59 %, 10246 MiB, 299.26 W
2026/10/08 22:51:43.681, 0, GPU-cb24f168-9f18-f0d5-6f4a-6d2406958f50, 93 %, 10244 MiB, 302.86 W
2026/10/08 22:51:43.681, 1, GPU-cb626bdb-4319-2f5e-b91f-17fcaa44a83d, 58 %, 10246 MiB, 294.45 W
2026/10/08 22:51:53.681, 0, GPU-cb24f168-9f18-f0d5-6f4a-6d2406958f50, 59 %, 10244 MiB, 303.47 W
2026/10/08 22:51:53.682, 1, GPU-cb626bdb-4319-2f5e-b91f-17fcaa44a83d, 98 %, 10246 MiB, 293.62 W
2026/10/08 22:52:03.682, 0, GPU-cb24f168-9f18-f0d5-6f4a-6d2406958f50, 89 %, 10244 MiB, 298.01 W
2026/10/08 22:52:03.682, 1, GPU-cb626bdb-4319-2f5e-b91f-17fcaa44a83d, 57 %, 10246 MiB, 298.60 W
2026/10/08 22:52:13.683, 0, GPU-cb24f168-9f18-f0d5-6f4a-6d2406958f50, 59 %, 10244 MiB, 304.21 W
2026/10/08 22:52:13.683, 1, GPU-cb626bdb-4319-2f5e-b91f-17fcaa44a83d, 68 %, 10246 MiB, 288.21 W
2026/10/08 22:52:23.684, 0, GPU-cb24f168-9f18-f0d5-6f4a-6d2406958f50, 59 %, 10244 MiB, 288.11 W
2026/10/08 22:52:23.684, 1, GPU-cb626bdb-4319-2f5e-b91f-17fcaa44a83d, 95 %, 10246 MiB, 297.19 W
2026/10/08 22:52:33.684, 0, GPU-cb24f168-9f18-f0d5-6f4a-6d2406958f50, 93 %, 10244 MiB, 298.34 W
2026/10/08 22:52:33.684, 1, GPU-cb626bdb-4319-2f5e-b91f-17fcaa44a83d, 92 %, 10246 MiB, 296.18 W
2026/10/08 22:52:43.685, 0, GPU-cb24f168-9f18-f0d5-6f4a-6d2406958f50, 73 %, 10244 MiB, 304.95 W
2026/10/08 22:52:43.685, 1, GPU-cb626bdb-4319-2f5e-b91f-17fcaa44a83d, 73 %, 10246 MiB, 289.17 W
2026/10/08 22:52:53.686, 0, GPU-cb24f168-9f18-f0d5-6f4a-6d2406958f50, 96 %, 10244 MiB, 306.19 W
2026/10/08 22:52:53.686, 1, GPU-cb626bdb-4319-2f5e-b91f-17fcaa44a83d, 98 %, 10246 MiB, 304.21 W
2026/10/08 22:53:03.687, 0, GPU-cb24f168-9f18-f0d5-6f4a-6d2406958f50, 89 %, 10244 MiB, 302.98 W
2026/10/08 22:53:03.687, 1, GPU-cb626bdb-4319-2f5e-b91f-17fcaa44a83d, 61 %, 10246 MiB, 295.89 W
2026/10/08 22:53:13.687, 0, GPU-cb24f168-9f18-f0d5-6f4a-6d2406958f50, 60 %, 10244 MiB, 311.34 W
2026/10/08 22:53:13.687, 1, GPU-cb626bdb-4319-2f5e-b91f-17fcaa44a83d, 96 %, 10246 MiB, 310.94 W
2026/10/08 22:53:23.688, 0, GPU-cb24f168-9f18-f0d5-6f4a-6d2406958f50, 85 %, 10244 MiB, 315.34 W
2026/10/08 22:53:23.688, 1, GPU-cb626bdb-4319-2f5e-b91f-17fcaa44a83d, 57 %, 10246 MiB, 295.58 W
2026/10/08 22:53:33.689, 0, GPU-cb24f168-9f18-f0d5-6f4a-6d2406958f50, 80 %, 10244 MiB, 303.60 W
2026/10/08 22:53:33.689, 1, GPU-cb626bdb-4319-2f5e-b91f-17fcaa44a83d, 56 %, 10246 MiB, 280.30 W
2026/10/08 22:53:43.690, 0, GPU-cb24f168-9f18-f0d5-6f4a-6d2406958f50, 80 %, 10244 MiB, 303.27 W
2026/10/08 22:53:43.690, 1, GPU-cb626bdb-4319-2f5e-b91f-17fcaa44a83d, 87 %, 10246 MiB, 297.13 W
2026/10/08 22:53:53.690, 0, GPU-cb24f168-9f18-f0d5-6f4a-6d2406958f50, 84 %, 10244 MiB, 298.49 W
2026/10/08 22:53:53.690, 1, GPU-cb626bdb-4319-2f5e-b91f-17fcaa44a83d, 54 %, 10246 MiB, 296.32 W
2026/10/08 22:54:03.691, 0, GPU-cb24f168-9f18-f0d5-6f4a-6d2406958f50, 59 %, 10244 MiB, 295.90 W
2026/10/08 22:54:03.691, 1, GPU-cb626bdb-4319-2f5e-b91f-17fcaa44a83d, 58 %, 10246 MiB, 301.63 W
2026/10/08 22:54:13.692, 0, GPU-cb24f168-9f18-f0d5-6f4a-6d2406958f50, 54 %, 10244 MiB, 289.48 W
2026/10/08 22:54:13.692, 1, GPU-cb626bdb-4319-2f5e-b91f-17fcaa44a83d, 53 %, 10246 MiB, 275.43 W
2026/10/08 22:54:23.692, 0, GPU-cb24f168-9f18-f0d5-6f4a-6d2406958f50, 72 %, 10244 MiB, 306.42 W
2026/10/08 22:54:23.693, 1, GPU-cb626bdb-4319-2f5e-b91f-17fcaa44a83d, 57 %, 10246 MiB, 284.72 W
2026/10/08 22:54:33.693, 0, GPU-cb24f168-9f18-f0d5-6f4a-6d2406958f50, 84 %, 10244 MiB, 297.35 W
2026/10/08 22:54:33.693, 1, GPU-cb626bdb-4319-2f5e-b91f-17fcaa44a83d, 54 %, 10246 MiB, 275.53 W
2026/10/08 22:54:43.694, 0, GPU-cb24f168-9f18-f0d5-6f4a-6d2406958f50, 71 %, 10244 MiB, 311.79 W
2026/10/08 22:54:43.694, 1, GPU-cb626bdb-4319-2f5e-b91f-17fcaa44a83d, 91 %, 10246 MiB, 291.18 W
2026/10/08 22:54:53.695, 0, GPU-cb24f168-9f18-f0d5-6f4a-6d2406958f50, 59 %, 10244 MiB, 300.48 W
2026/10/08 22:54:53.695, 1, GPU-cb626bdb-4319-2f5e-b91f-17fcaa44a83d, 90 %, 10246 MiB, 289.28 W
2026/10/08 22:55:03.696, 0, GPU-cb24f168-9f18-f0d5-6f4a-6d2406958f50, 51 %, 10244 MiB, 296.02 W
2026/10/08 22:55:03.696, 1, GPU-cb626bdb-4319-2f5e-b91f-17fcaa44a83d, 21 %, 10246 MiB, 254.19 W
2026/10/08 22:55:13.697, 0, GPU-cb24f168-9f18-f0d5-6f4a-6d2406958f50, 60 %, 10244 MiB, 310.35 W
2026/10/08 22:55:13.697, 1, GPU-cb626bdb-4319-2f5e-b91f-17fcaa44a83d, 54 %, 10246 MiB, 287.88 W
2026/10/08 22:55:23.697, 0, GPU-cb24f168-9f18-f0d5-6f4a-6d2406958f50, 82 %, 10244 MiB, 303.28 W
2026/10/08 22:55:23.697, 1, GPU-cb626bdb-4319-2f5e-b91f-17fcaa44a83d, 65 %, 10246 MiB, 290.38 W
2026/10/08 22:55:33.698, 0, GPU-cb24f168-9f18-f0d5-6f4a-6d2406958f50, 46 %, 10244 MiB, 272.86 W
2026/10/08 22:55:33.698, 1, GPU-cb626bdb-4319-2f5e-b91f-17fcaa44a83d, 46 %, 10246 MiB, 269.61 W
2026/10/08 22:55:43.699, 0, GPU-cb24f168-9f18-f0d5-6f4a-6d2406958f50, 57 %, 10244 MiB, 289.92 W
2026/10/08 22:55:43.699, 1, GPU-cb626bdb-4319-2f5e-b91f-17fcaa44a83d, 80 %, 10246 MiB, 293.41 W
2026/10/08 22:55:53.699, 0, GPU-cb24f168-9f18-f0d5-6f4a-6d2406958f50, 83 %, 10244 MiB, 308.62 W
2026/10/08 22:55:53.700, 1, GPU-cb626bdb-4319-2f5e-b91f-17fcaa44a83d, 77 %, 10246 MiB, 295.39 W
2026/10/08 22:56:03.700, 0, GPU-cb24f168-9f18-f0d5-6f4a-6d2406958f50, 49 %, 10244 MiB, 275.64 W
2026/10/08 22:56:03.700, 1, GPU-cb626bdb-4319-2f5e-b91f-17fcaa44a83d, 56 %, 10246 MiB, 266.76 W
2026/10/08 22:56:13.701, 0, GPU-cb24f168-9f18-f0d5-6f4a-6d2406958f50, 44 %, 10244 MiB, 283.37 W
2026/10/08 22:56:13.701, 1, GPU-cb626bdb-4319-2f5e-b91f-17fcaa44a83d, 44 %, 10246 MiB, 277.29 W
2026/10/08 22:56:23.702, 0, GPU-cb24f168-9f18-f0d5-6f4a-6d2406958f50, 49 %, 10244 MiB, 292.20 W
2026/10/08 22:56:23.702, 1, GPU-cb626bdb-4319-2f5e-b91f-17fcaa44a83d, 47 %, 10246 MiB, 286.62 W
2026/10/08 22:56:33.702, 0, GPU-cb24f168-9f18-f0d5-6f4a-6d2406958f50, 67 %, 10244 MiB, 291.95 W
2026/10/08 22:56:33.703, 1, GPU-cb626bdb-4319-2f5e-b91f-17fcaa44a83d, 50 %, 10246 MiB, 290.14 W
2026/10/08 22:56:43.703, 0, GPU-cb24f168-9f18-f0d5-6f4a-6d2406958f50, 97 %, 10244 MiB, 312.48 W
2026/10/08 22:56:43.703, 1, GPU-cb626bdb-4319-2f5e-b91f-17fcaa44a83d, 58 %, 10246 MiB, 284.44 W
2026/10/08 22:56:53.704, 0, GPU-cb24f168-9f18-f0d5-6f4a-6d2406958f50, 97 %, 10244 MiB, 311.05 W
2026/10/08 22:56:53.704, 1, GPU-cb626bdb-4319-2f5e-b91f-17fcaa44a83d, 18 %, 10246 MiB, 207.20 W
2026/10/08 22:57:03.705, 0, GPU-cb24f168-9f18-f0d5-6f4a-6d2406958f50, 85 %, 10244 MiB, 281.51 W
2026/10/08 22:57:03.705, 1, GPU-cb626bdb-4319-2f5e-b91f-17fcaa44a83d, 55 %, 10246 MiB, 272.90 W
2026/10/08 22:57:13.706, 0, GPU-cb24f168-9f18-f0d5-6f4a-6d2406958f50, 94 %, 10244 MiB, 295.89 W
2026/10/08 22:57:13.706, 1, GPU-cb626bdb-4319-2f5e-b91f-17fcaa44a83d, 62 %, 10246 MiB, 289.85 W
2026/10/08 22:57:23.706, 0, GPU-cb24f168-9f18-f0d5-6f4a-6d2406958f50, 93 %, 10244 MiB, 291.12 W
2026/10/08 22:57:23.714, 1, GPU-cb626bdb-4319-2f5e-b91f-17fcaa44a83d, 78 %, 10246 MiB, 268.21 W
2026/10/08 22:57:33.714, 0, GPU-cb24f168-9f18-f0d5-6f4a-6d2406958f50, 59 %, 10244 MiB, 295.04 W
2026/10/08 22:57:33.714, 1, GPU-cb626bdb-4319-2f5e-b91f-17fcaa44a83d, 68 %, 10246 MiB, 311.78 W
2026/10/08 22:57:43.715, 0, GPU-cb24f168-9f18-f0d5-6f4a-6d2406958f50, 58 %, 10244 MiB, 302.36 W
2026/10/08 22:57:43.715, 1, GPU-cb626bdb-4319-2f5e-b91f-17fcaa44a83d, 57 %, 10246 MiB, 289.58 W
2026/10/08 22:57:53.716, 0, GPU-cb24f168-9f18-f0d5-6f4a-6d2406958f50, 76 %, 10244 MiB, 306.08 W
2026/10/08 22:57:53.716, 1, GPU-cb626bdb-4319-2f5e-b91f-17fcaa44a83d, 79 %, 10246 MiB, 285.91 W
2026/10/08 22:58:03.718, 0, GPU-cb24f168-9f18-f0d5-6f4a-6d2406958f50, 96 %, 10244 MiB, 312.99 W
2026/10/08 22:58:03.718, 1, GPU-cb626bdb-4319-2f5e-b91f-17fcaa44a83d, 56 %, 10246 MiB, 281.40 W
2026/10/08 22:58:13.718, 0, GPU-cb24f168-9f18-f0d5-6f4a-6d2406958f50, 61 %, 10244 MiB, 287.21 W
2026/10/08 22:58:13.718, 1, GPU-cb626bdb-4319-2f5e-b91f-17fcaa44a83d, 51 %, 10246 MiB, 291.73 W
2026/10/08 22:58:23.719, 0, GPU-cb24f168-9f18-f0d5-6f4a-6d2406958f50, 42 %, 10244 MiB, 279.08 W
2026/10/08 22:58:23.719, 1, GPU-cb626bdb-4319-2f5e-b91f-17fcaa44a83d, 82 %, 10246 MiB, 272.63 W
2026/10/08 22:58:33.720, 0, GPU-cb24f168-9f18-f0d5-6f4a-6d2406958f50, 60 %, 10244 MiB, 299.16 W
2026/10/08 22:58:33.720, 1, GPU-cb626bdb-4319-2f5e-b91f-17fcaa44a83d, 43 %, 10246 MiB, 259.56 W
2026/10/08 22:58:43.722, 0, GPU-cb24f168-9f18-f0d5-6f4a-6d2406958f50, 50 %, 10244 MiB, 193.01 W
2026/10/08 22:58:43.722, 1, GPU-cb626bdb-4319-2f5e-b91f-17fcaa44a83d, 71 %, 10246 MiB, 255.01 W
2026/10/08 22:58:53.723, 0, GPU-cb24f168-9f18-f0d5-6f4a-6d2406958f50, 97 %, 10244 MiB, 345.56 W
2026/10/08 22:58:53.723, 1, GPU-cb626bdb-4319-2f5e-b91f-17fcaa44a83d, 98 %, 10246 MiB, 336.41 W
2026/10/08 22:59:03.723, 0, GPU-cb24f168-9f18-f0d5-6f4a-6d2406958f50, 29 %, 10244 MiB, 243.10 W
2026/10/08 22:59:03.723, 1, GPU-cb626bdb-4319-2f5e-b91f-17fcaa44a83d, 80 %, 10246 MiB, 307.04 W
2026/10/08 22:59:13.724, 0, GPU-cb24f168-9f18-f0d5-6f4a-6d2406958f50, 0 %, 10244 MiB, 211.63 W
2026/10/08 22:59:13.724, 1, GPU-cb626bdb-4319-2f5e-b91f-17fcaa44a83d, 79 %, 10246 MiB, 301.93 W
2026/10/08 22:59:23.725, 0, GPU-cb24f168-9f18-f0d5-6f4a-6d2406958f50, 81 %, 10244 MiB, 289.69 W
2026/10/08 22:59:23.725, 1, GPU-cb626bdb-4319-2f5e-b91f-17fcaa44a83d, 56 %, 10246 MiB, 283.49 W
2026/10/08 22:59:33.726, 0, GPU-cb24f168-9f18-f0d5-6f4a-6d2406958f50, 75 %, 10244 MiB, 291.02 W
2026/10/08 22:59:33.726, 1, GPU-cb626bdb-4319-2f5e-b91f-17fcaa44a83d, 91 %, 10246 MiB, 274.91 W
2026/10/08 22:59:43.726, 0, GPU-cb24f168-9f18-f0d5-6f4a-6d2406958f50, 84 %, 10244 MiB, 305.95 W
2026/10/08 22:59:43.727, 1, GPU-cb626bdb-4319-2f5e-b91f-17fcaa44a83d, 57 %, 10246 MiB, 296.33 W
2026/10/08 22:59:53.727, 0, GPU-cb24f168-9f18-f0d5-6f4a-6d2406958f50, 64 %, 10244 MiB, 298.42 W
2026/10/08 22:59:53.727, 1, GPU-cb626bdb-4319-2f5e-b91f-17fcaa44a83d, 74 %, 10246 MiB, 296.64 W
2026/10/08 23:00:03.728, 0, GPU-cb24f168-9f18-f0d5-6f4a-6d2406958f50, 76 %, 10244 MiB, 295.14 W
2026/10/08 23:00:03.728, 1, GPU-cb626bdb-4319-2f5e-b91f-17fcaa44a83d, 57 %, 10246 MiB, 290.38 W
2026/10/08 23:00:13.729, 0, GPU-cb24f168-9f18-f0d5-6f4a-6d2406958f50, 58 %, 10244 MiB, 299.21 W
2026/10/08 23:00:13.729, 1, GPU-cb626bdb-4319-2f5e-b91f-17fcaa44a83d, 52 %, 10246 MiB, 276.68 W
2026/10/08 23:00:23.730, 0, GPU-cb24f168-9f18-f0d5-6f4a-6d2406958f50, 65 %, 10244 MiB, 307.62 W
2026/10/08 23:00:23.730, 1, GPU-cb626bdb-4319-2f5e-b91f-17fcaa44a83d, 88 %, 10246 MiB, 302.03 W
2026/10/08 23:00:33.730, 0, GPU-cb24f168-9f18-f0d5-6f4a-6d2406958f50, 85 %, 10244 MiB, 317.86 W
2026/10/08 23:00:33.731, 1, GPU-cb626bdb-4319-2f5e-b91f-17fcaa44a83d, 66 %, 10246 MiB, 277.35 W
2026/10/08 23:00:43.731, 0, GPU-cb24f168-9f18-f0d5-6f4a-6d2406958f50, 97 %, 10244 MiB, 302.64 W
2026/10/08 23:00:43.731, 1, GPU-cb626bdb-4319-2f5e-b91f-17fcaa44a83d, 58 %, 10246 MiB, 294.85 W
2026/10/08 23:00:53.732, 0, GPU-cb24f168-9f18-f0d5-6f4a-6d2406958f50, 0 %, 10244 MiB, 229.34 W
2026/10/08 23:00:53.732, 1, GPU-cb626bdb-4319-2f5e-b91f-17fcaa44a83d, 32 %, 10246 MiB, 148.68 W
2026/10/08 23:01:03.733, 0, GPU-cb24f168-9f18-f0d5-6f4a-6d2406958f50, 47 %, 10244 MiB, 288.99 W
2026/10/08 23:01:03.733, 1, GPU-cb626bdb-4319-2f5e-b91f-17fcaa44a83d, 46 %, 10246 MiB, 276.78 W
2026/10/08 23:01:13.734, 0, GPU-cb24f168-9f18-f0d5-6f4a-6d2406958f50, 89 %, 10244 MiB, 305.49 W
2026/10/08 23:01:13.734, 1, GPU-cb626bdb-4319-2f5e-b91f-17fcaa44a83d, 74 %, 10246 MiB, 294.48 W
2026/10/08 23:01:23.734, 0, GPU-cb24f168-9f18-f0d5-6f4a-6d2406958f50, 61 %, 10244 MiB, 295.58 W
2026/10/08 23:01:23.734, 1, GPU-cb626bdb-4319-2f5e-b91f-17fcaa44a83d, 95 %, 10246 MiB, 293.23 W
2026/10/08 23:01:33.735, 0, GPU-cb24f168-9f18-f0d5-6f4a-6d2406958f50, 61 %, 10244 MiB, 297.57 W
2026/10/08 23:01:33.736, 1, GPU-cb626bdb-4319-2f5e-b91f-17fcaa44a83d, 57 %, 10246 MiB, 280.51 W
2026/10/08 23:01:43.737, 0, GPU-cb24f168-9f18-f0d5-6f4a-6d2406958f50, 95 %, 10244 MiB, 315.45 W
2026/10/08 23:01:43.737, 1, GPU-cb626bdb-4319-2f5e-b91f-17fcaa44a83d, 73 %, 10246 MiB, 301.46 W
2026/10/08 23:01:53.738, 0, GPU-cb24f168-9f18-f0d5-6f4a-6d2406958f50, 72 %, 10244 MiB, 305.19 W
2026/10/08 23:01:53.738, 1, GPU-cb626bdb-4319-2f5e-b91f-17fcaa44a83d, 95 %, 10246 MiB, 294.34 W
2026/10/08 23:02:03.738, 0, GPU-cb24f168-9f18-f0d5-6f4a-6d2406958f50, 79 %, 10244 MiB, 304.75 W
2026/10/08 23:02:03.739, 1, GPU-cb626bdb-4319-2f5e-b91f-17fcaa44a83d, 58 %, 10246 MiB, 306.28 W
2026/10/08 23:02:13.739, 0, GPU-cb24f168-9f18-f0d5-6f4a-6d2406958f50, 60 %, 10244 MiB, 307.94 W
2026/10/08 23:02:13.739, 1, GPU-cb626bdb-4319-2f5e-b91f-17fcaa44a83d, 54 %, 10246 MiB, 277.39 W
2026/10/08 23:02:23.740, 0, GPU-cb24f168-9f18-f0d5-6f4a-6d2406958f50, 77 %, 10244 MiB, 306.05 W
2026/10/08 23:02:23.740, 1, GPU-cb626bdb-4319-2f5e-b91f-17fcaa44a83d, 58 %, 10246 MiB, 295.32 W
2026/10/08 23:02:33.741, 0, GPU-cb24f168-9f18-f0d5-6f4a-6d2406958f50, 0 %, 10244 MiB, 171.09 W
2026/10/08 23:02:33.741, 1, GPU-cb626bdb-4319-2f5e-b91f-17fcaa44a83d, 54 %, 10246 MiB, 320.57 W
2026/10/08 23:02:43.742, 0, GPU-cb24f168-9f18-f0d5-6f4a-6d2406958f50, 86 %, 10244 MiB, 266.52 W
2026/10/08 23:02:43.742, 1, GPU-cb626bdb-4319-2f5e-b91f-17fcaa44a83d, 80 %, 10246 MiB, 252.98 W
2026/10/08 23:02:53.742, 0, GPU-cb24f168-9f18-f0d5-6f4a-6d2406958f50, 57 %, 10244 MiB, 280.98 W
2026/10/08 23:02:53.743, 1, GPU-cb626bdb-4319-2f5e-b91f-17fcaa44a83d, 54 %, 10246 MiB, 273.19 W
2026/10/08 23:03:03.743, 0, GPU-cb24f168-9f18-f0d5-6f4a-6d2406958f50, 52 %, 10244 MiB, 295.67 W
2026/10/08 23:03:03.743, 1, GPU-cb626bdb-4319-2f5e-b91f-17fcaa44a83d, 95 %, 10246 MiB, 286.25 W
2026/10/08 23:03:13.744, 0, GPU-cb24f168-9f18-f0d5-6f4a-6d2406958f50, 92 %, 10244 MiB, 290.88 W
2026/10/08 23:03:13.744, 1, GPU-cb626bdb-4319-2f5e-b91f-17fcaa44a83d, 80 %, 10246 MiB, 278.10 W
2026/10/08 23:03:23.745, 0, GPU-cb24f168-9f18-f0d5-6f4a-6d2406958f50, 44 %, 10244 MiB, 263.74 W
2026/10/08 23:03:23.746, 1, GPU-cb626bdb-4319-2f5e-b91f-17fcaa44a83d, 44 %, 10246 MiB, 263.26 W
2026/10/08 23:03:33.746, 0, GPU-cb24f168-9f18-f0d5-6f4a-6d2406958f50, 96 %, 10244 MiB, 282.28 W
2026/10/08 23:03:33.746, 1, GPU-cb626bdb-4319-2f5e-b91f-17fcaa44a83d, 48 %, 10246 MiB, 271.51 W
2026/10/08 23:03:43.747, 0, GPU-cb24f168-9f18-f0d5-6f4a-6d2406958f50, 58 %, 10244 MiB, 270.48 W
2026/10/08 23:03:43.747, 1, GPU-cb626bdb-4319-2f5e-b91f-17fcaa44a83d, 56 %, 10246 MiB, 265.95 W
2026/10/08 23:03:53.748, 0, GPU-cb24f168-9f18-f0d5-6f4a-6d2406958f50, 76 %, 10244 MiB, 295.61 W
2026/10/08 23:03:53.748, 1, GPU-cb626bdb-4319-2f5e-b91f-17fcaa44a83d, 91 %, 10246 MiB, 276.21 W
2026/10/08 23:04:03.749, 0, GPU-cb24f168-9f18-f0d5-6f4a-6d2406958f50, 64 %, 10244 MiB, 272.92 W
2026/10/08 23:04:03.749, 1, GPU-cb626bdb-4319-2f5e-b91f-17fcaa44a83d, 94 %, 10246 MiB, 276.80 W
2026/10/08 23:04:13.750, 0, GPU-cb24f168-9f18-f0d5-6f4a-6d2406958f50, 95 %, 10244 MiB, 272.67 W
2026/10/08 23:04:13.750, 1, GPU-cb626bdb-4319-2f5e-b91f-17fcaa44a83d, 53 %, 10246 MiB, 266.09 W
2026/10/08 23:04:23.750, 0, GPU-cb24f168-9f18-f0d5-6f4a-6d2406958f50, 61 %, 10244 MiB, 275.52 W
2026/10/08 23:04:23.751, 1, GPU-cb626bdb-4319-2f5e-b91f-17fcaa44a83d, 56 %, 10246 MiB, 287.38 W
2026/10/08 23:04:33.752, 0, GPU-cb24f168-9f18-f0d5-6f4a-6d2406958f50, 61 %, 10244 MiB, 289.75 W
2026/10/08 23:04:33.752, 1, GPU-cb626bdb-4319-2f5e-b91f-17fcaa44a83d, 94 %, 10246 MiB, 290.36 W
2026/10/08 23:04:43.752, 0, GPU-cb24f168-9f18-f0d5-6f4a-6d2406958f50, 61 %, 10244 MiB, 287.07 W
2026/10/08 23:04:43.753, 1, GPU-cb626bdb-4319-2f5e-b91f-17fcaa44a83d, 62 %, 10246 MiB, 288.76 W
2026/10/08 23:04:53.753, 0, GPU-cb24f168-9f18-f0d5-6f4a-6d2406958f50, 59 %, 10244 MiB, 303.12 W
2026/10/08 23:04:53.753, 1, GPU-cb626bdb-4319-2f5e-b91f-17fcaa44a83d, 55 %, 10246 MiB, 283.74 W
2026/10/08 23:05:03.754, 0, GPU-cb24f168-9f18-f0d5-6f4a-6d2406958f50, 63 %, 10244 MiB, 302.38 W
2026/10/08 23:05:03.755, 1, GPU-cb626bdb-4319-2f5e-b91f-17fcaa44a83d, 70 %, 10246 MiB, 278.46 W
2026/10/08 23:05:13.757, 0, GPU-cb24f168-9f18-f0d5-6f4a-6d2406958f50, 74 %, 10244 MiB, 294.40 W
2026/10/08 23:05:13.757, 1, GPU-cb626bdb-4319-2f5e-b91f-17fcaa44a83d, 56 %, 10246 MiB, 292.44 W
2026/10/08 23:05:23.757, 0, GPU-cb24f168-9f18-f0d5-6f4a-6d2406958f50, 95 %, 10244 MiB, 304.23 W
2026/10/08 23:05:23.758, 1, GPU-cb626bdb-4319-2f5e-b91f-17fcaa44a83d, 84 %, 10246 MiB, 294.49 W
2026/10/08 23:05:33.758, 0, GPU-cb24f168-9f18-f0d5-6f4a-6d2406958f50, 84 %, 10244 MiB, 314.74 W
2026/10/08 23:05:33.758, 1, GPU-cb626bdb-4319-2f5e-b91f-17fcaa44a83d, 91 %, 10246 MiB, 279.54 W
2026/10/08 23:05:43.759, 0, GPU-cb24f168-9f18-f0d5-6f4a-6d2406958f50, 63 %, 10244 MiB, 303.94 W
2026/10/08 23:05:43.759, 1, GPU-cb626bdb-4319-2f5e-b91f-17fcaa44a83d, 58 %, 10246 MiB, 286.99 W
2026/10/08 23:05:53.760, 0, GPU-cb24f168-9f18-f0d5-6f4a-6d2406958f50, 89 %, 10244 MiB, 301.92 W
2026/10/08 23:05:53.760, 1, GPU-cb626bdb-4319-2f5e-b91f-17fcaa44a83d, 97 %, 10246 MiB, 281.24 W
2026/10/08 23:06:03.760, 0, GPU-cb24f168-9f18-f0d5-6f4a-6d2406958f50, 0 %, 10244 MiB, 171.31 W
2026/10/08 23:06:03.761, 1, GPU-cb626bdb-4319-2f5e-b91f-17fcaa44a83d, 56 %, 10246 MiB, 298.67 W
2026/10/08 23:06:13.762, 0, GPU-cb24f168-9f18-f0d5-6f4a-6d2406958f50, 89 %, 10244 MiB, 290.47 W
2026/10/08 23:06:13.762, 1, GPU-cb626bdb-4319-2f5e-b91f-17fcaa44a83d, 0 %, 10246 MiB, 159.34 W
2026/10/08 23:06:23.763, 0, GPU-cb24f168-9f18-f0d5-6f4a-6d2406958f50, 61 %, 10244 MiB, 303.10 W
2026/10/08 23:06:23.763, 1, GPU-cb626bdb-4319-2f5e-b91f-17fcaa44a83d, 66 %, 10246 MiB, 280.11 W
2026/10/08 23:06:33.764, 0, GPU-cb24f168-9f18-f0d5-6f4a-6d2406958f50, 76 %, 10244 MiB, 313.97 W
2026/10/08 23:06:33.764, 1, GPU-cb626bdb-4319-2f5e-b91f-17fcaa44a83d, 58 %, 10246 MiB, 294.62 W
2026/10/08 23:06:43.764, 0, GPU-cb24f168-9f18-f0d5-6f4a-6d2406958f50, 76 %, 10244 MiB, 304.31 W
2026/10/08 23:06:43.764, 1, GPU-cb626bdb-4319-2f5e-b91f-17fcaa44a83d, 97 %, 10246 MiB, 279.61 W
2026/10/08 23:06:53.765, 0, GPU-cb24f168-9f18-f0d5-6f4a-6d2406958f50, 51 %, 10244 MiB, 270.32 W
2026/10/08 23:06:53.765, 1, GPU-cb626bdb-4319-2f5e-b91f-17fcaa44a83d, 88 %, 10246 MiB, 292.45 W
2026/10/08 23:07:03.766, 0, GPU-cb24f168-9f18-f0d5-6f4a-6d2406958f50, 98 %, 10244 MiB, 304.50 W
2026/10/08 23:07:03.766, 1, GPU-cb626bdb-4319-2f5e-b91f-17fcaa44a83d, 55 %, 10246 MiB, 285.22 W
2026/10/08 23:07:13.767, 0, GPU-cb24f168-9f18-f0d5-6f4a-6d2406958f50, 64 %, 10244 MiB, 303.53 W
2026/10/08 23:07:13.767, 1, GPU-cb626bdb-4319-2f5e-b91f-17fcaa44a83d, 85 %, 10246 MiB, 286.41 W
2026/10/08 23:07:23.767, 0, GPU-cb24f168-9f18-f0d5-6f4a-6d2406958f50, 61 %, 10244 MiB, 303.19 W
2026/10/08 23:07:23.768, 1, GPU-cb626bdb-4319-2f5e-b91f-17fcaa44a83d, 59 %, 10246 MiB, 294.77 W
2026/10/08 23:07:33.768, 0, GPU-cb24f168-9f18-f0d5-6f4a-6d2406958f50, 94 %, 10244 MiB, 302.66 W
2026/10/08 23:07:33.768, 1, GPU-cb626bdb-4319-2f5e-b91f-17fcaa44a83d, 56 %, 10246 MiB, 278.35 W
2026/10/08 23:07:43.769, 0, GPU-cb24f168-9f18-f0d5-6f4a-6d2406958f50, 98 %, 10244 MiB, 345.87 W
2026/10/08 23:07:43.769, 1, GPU-cb626bdb-4319-2f5e-b91f-17fcaa44a83d, 59 %, 10246 MiB, 268.45 W
2026/10/08 23:07:53.770, 0, GPU-cb24f168-9f18-f0d5-6f4a-6d2406958f50, 65 %, 10244 MiB, 313.51 W
2026/10/08 23:07:53.770, 1, GPU-cb626bdb-4319-2f5e-b91f-17fcaa44a83d, 98 %, 10246 MiB, 309.17 W
2026/10/08 23:08:03.771, 0, GPU-cb24f168-9f18-f0d5-6f4a-6d2406958f50, 60 %, 10244 MiB, 306.44 W
2026/10/08 23:08:03.772, 1, GPU-cb626bdb-4319-2f5e-b91f-17fcaa44a83d, 98 %, 10246 MiB, 336.67 W
2026/10/08 23:08:13.773, 0, GPU-cb24f168-9f18-f0d5-6f4a-6d2406958f50, 62 %, 10244 MiB, 307.33 W
2026/10/08 23:08:13.773, 1, GPU-cb626bdb-4319-2f5e-b91f-17fcaa44a83d, 50 %, 10246 MiB, 299.32 W
2026/10/08 23:08:23.774, 0, GPU-cb24f168-9f18-f0d5-6f4a-6d2406958f50, 69 %, 10244 MiB, 310.17 W
2026/10/08 23:08:23.774, 1, GPU-cb626bdb-4319-2f5e-b91f-17fcaa44a83d, 85 %, 10246 MiB, 294.43 W
2026/10/08 23:08:33.775, 0, GPU-cb24f168-9f18-f0d5-6f4a-6d2406958f50, 85 %, 10244 MiB, 309.36 W
2026/10/08 23:08:33.775, 1, GPU-cb626bdb-4319-2f5e-b91f-17fcaa44a83d, 82 %, 10246 MiB, 292.67 W
2026/10/08 23:08:43.775, 0, GPU-cb24f168-9f18-f0d5-6f4a-6d2406958f50, 98 %, 10244 MiB, 303.69 W
2026/10/08 23:08:43.776, 1, GPU-cb626bdb-4319-2f5e-b91f-17fcaa44a83d, 57 %, 10246 MiB, 292.48 W
2026/10/08 23:08:53.776, 0, GPU-cb24f168-9f18-f0d5-6f4a-6d2406958f50, 95 %, 10244 MiB, 304.64 W
2026/10/08 23:08:53.777, 1, GPU-cb626bdb-4319-2f5e-b91f-17fcaa44a83d, 57 %, 10246 MiB, 281.33 W
2026/10/08 23:09:03.777, 0, GPU-cb24f168-9f18-f0d5-6f4a-6d2406958f50, 87 %, 10244 MiB, 307.34 W
2026/10/08 23:09:03.777, 1, GPU-cb626bdb-4319-2f5e-b91f-17fcaa44a83d, 65 %, 10246 MiB, 283.36 W
2026/10/08 23:09:13.778, 0, GPU-cb24f168-9f18-f0d5-6f4a-6d2406958f50, 64 %, 10244 MiB, 307.67 W
2026/10/08 23:09:13.779, 1, GPU-cb626bdb-4319-2f5e-b91f-17fcaa44a83d, 96 %, 10246 MiB, 296.45 W
2026/10/08 23:09:23.779, 0, GPU-cb24f168-9f18-f0d5-6f4a-6d2406958f50, 79 %, 10244 MiB, 307.45 W
2026/10/08 23:09:23.779, 1, GPU-cb626bdb-4319-2f5e-b91f-17fcaa44a83d, 58 %, 10246 MiB, 296.77 W
2026/10/08 23:09:33.780, 0, GPU-cb24f168-9f18-f0d5-6f4a-6d2406958f50, 62 %, 10244 MiB, 306.53 W
2026/10/08 23:09:33.780, 1, GPU-cb626bdb-4319-2f5e-b91f-17fcaa44a83d, 76 %, 10246 MiB, 293.68 W
2026/10/08 23:09:43.781, 0, GPU-cb24f168-9f18-f0d5-6f4a-6d2406958f50, 85 %, 10244 MiB, 314.11 W
2026/10/08 23:09:43.781, 1, GPU-cb626bdb-4319-2f5e-b91f-17fcaa44a83d, 68 %, 10246 MiB, 297.73 W
2026/10/08 23:09:53.782, 0, GPU-cb24f168-9f18-f0d5-6f4a-6d2406958f50, 47 %, 10244 MiB, 296.60 W
2026/10/08 23:09:53.782, 1, GPU-cb626bdb-4319-2f5e-b91f-17fcaa44a83d, 65 %, 10246 MiB, 291.30 W
2026/10/08 23:10:03.782, 0, GPU-cb24f168-9f18-f0d5-6f4a-6d2406958f50, 54 %, 10244 MiB, 283.28 W
2026/10/08 23:10:03.783, 1, GPU-cb626bdb-4319-2f5e-b91f-17fcaa44a83d, 86 %, 10246 MiB, 277.79 W
2026/10/08 23:10:13.785, 0, GPU-cb24f168-9f18-f0d5-6f4a-6d2406958f50, 95 %, 10244 MiB, 307.38 W
2026/10/08 23:10:13.785, 1, GPU-cb626bdb-4319-2f5e-b91f-17fcaa44a83d, 55 %, 10246 MiB, 296.39 W
2026/10/08 23:10:23.786, 0, GPU-cb24f168-9f18-f0d5-6f4a-6d2406958f50, 86 %, 10244 MiB, 296.31 W
2026/10/08 23:10:23.786, 1, GPU-cb626bdb-4319-2f5e-b91f-17fcaa44a83d, 89 %, 10246 MiB, 297.39 W
2026/10/08 23:10:33.787, 0, GPU-cb24f168-9f18-f0d5-6f4a-6d2406958f50, 82 %, 10244 MiB, 293.95 W
2026/10/08 23:10:33.787, 1, GPU-cb626bdb-4319-2f5e-b91f-17fcaa44a83d, 58 %, 10246 MiB, 283.51 W
2026/10/08 23:10:43.788, 0, GPU-cb24f168-9f18-f0d5-6f4a-6d2406958f50, 92 %, 10244 MiB, 305.98 W
2026/10/08 23:10:43.788, 1, GPU-cb626bdb-4319-2f5e-b91f-17fcaa44a83d, 78 %, 10246 MiB, 280.98 W
2026/10/08 23:10:53.789, 0, GPU-cb24f168-9f18-f0d5-6f4a-6d2406958f50, 66 %, 10244 MiB, 294.15 W
2026/10/08 23:10:53.789, 1, GPU-cb626bdb-4319-2f5e-b91f-17fcaa44a83d, 78 %, 10246 MiB, 281.73 W
2026/10/08 23:11:03.789, 0, GPU-cb24f168-9f18-f0d5-6f4a-6d2406958f50, 92 %, 10244 MiB, 312.70 W
2026/10/08 23:11:03.789, 1, GPU-cb626bdb-4319-2f5e-b91f-17fcaa44a83d, 57 %, 10246 MiB, 295.26 W
2026/10/08 23:11:13.790, 0, GPU-cb24f168-9f18-f0d5-6f4a-6d2406958f50, 61 %, 10244 MiB, 307.19 W
2026/10/08 23:11:13.790, 1, GPU-cb626bdb-4319-2f5e-b91f-17fcaa44a83d, 80 %, 10246 MiB, 312.96 W
2026/10/08 23:11:23.791, 0, GPU-cb24f168-9f18-f0d5-6f4a-6d2406958f50, 76 %, 10244 MiB, 310.77 W
2026/10/08 23:11:23.791, 1, GPU-cb626bdb-4319-2f5e-b91f-17fcaa44a83d, 57 %, 10246 MiB, 296.96 W
2026/10/08 23:11:33.792, 0, GPU-cb24f168-9f18-f0d5-6f4a-6d2406958f50, 59 %, 10244 MiB, 298.22 W
2026/10/08 23:11:33.792, 1, GPU-cb626bdb-4319-2f5e-b91f-17fcaa44a83d, 58 %, 10246 MiB, 280.64 W
2026/10/08 23:11:43.792, 0, GPU-cb24f168-9f18-f0d5-6f4a-6d2406958f50, 79 %, 10244 MiB, 301.43 W
2026/10/08 23:11:43.792, 1, GPU-cb626bdb-4319-2f5e-b91f-17fcaa44a83d, 39 %, 10246 MiB, 157.92 W
2026/10/08 23:11:53.793, 0, GPU-cb24f168-9f18-f0d5-6f4a-6d2406958f50, 74 %, 10244 MiB, 302.77 W
2026/10/08 23:11:53.793, 1, GPU-cb626bdb-4319-2f5e-b91f-17fcaa44a83d, 54 %, 10246 MiB, 285.68 W
2026/10/08 23:12:03.794, 0, GPU-cb24f168-9f18-f0d5-6f4a-6d2406958f50, 60 %, 10244 MiB, 305.64 W
2026/10/08 23:12:03.794, 1, GPU-cb626bdb-4319-2f5e-b91f-17fcaa44a83d, 80 %, 10246 MiB, 300.88 W
2026/10/08 23:12:13.795, 0, GPU-cb24f168-9f18-f0d5-6f4a-6d2406958f50, 63 %, 10244 MiB, 296.19 W
2026/10/08 23:12:13.795, 1, GPU-cb626bdb-4319-2f5e-b91f-17fcaa44a83d, 59 %, 10246 MiB, 297.75 W
2026/10/08 23:12:23.796, 0, GPU-cb24f168-9f18-f0d5-6f4a-6d2406958f50, 61 %, 10244 MiB, 306.98 W
2026/10/08 23:12:23.796, 1, GPU-cb626bdb-4319-2f5e-b91f-17fcaa44a83d, 57 %, 10246 MiB, 288.86 W
2026/10/08 23:12:33.797, 0, GPU-cb24f168-9f18-f0d5-6f4a-6d2406958f50, 60 %, 10244 MiB, 301.57 W
2026/10/08 23:12:33.797, 1, GPU-cb626bdb-4319-2f5e-b91f-17fcaa44a83d, 58 %, 10246 MiB, 283.43 W
2026/10/08 23:12:43.798, 0, GPU-cb24f168-9f18-f0d5-6f4a-6d2406958f50, 81 %, 10244 MiB, 293.50 W
2026/10/08 23:12:43.798, 1, GPU-cb626bdb-4319-2f5e-b91f-17fcaa44a83d, 92 %, 10246 MiB, 288.24 W
2026/10/08 23:12:53.800, 0, GPU-cb24f168-9f18-f0d5-6f4a-6d2406958f50, 51 %, 10244 MiB, 296.01 W
2026/10/08 23:12:53.800, 1, GPU-cb626bdb-4319-2f5e-b91f-17fcaa44a83d, 44 %, 10246 MiB, 275.80 W
2026/10/08 23:13:03.800, 0, GPU-cb24f168-9f18-f0d5-6f4a-6d2406958f50, 82 %, 10244 MiB, 290.90 W
2026/10/08 23:13:03.801, 1, GPU-cb626bdb-4319-2f5e-b91f-17fcaa44a83d, 67 %, 10246 MiB, 295.62 W
2026/10/08 23:13:13.802, 0, GPU-cb24f168-9f18-f0d5-6f4a-6d2406958f50, 60 %, 10244 MiB, 290.15 W
2026/10/08 23:13:13.803, 1, GPU-cb626bdb-4319-2f5e-b91f-17fcaa44a83d, 57 %, 10246 MiB, 275.32 W
2026/10/08 23:13:23.803, 0, GPU-cb24f168-9f18-f0d5-6f4a-6d2406958f50, 43 %, 10244 MiB, 257.34 W
2026/10/08 23:13:23.803, 1, GPU-cb626bdb-4319-2f5e-b91f-17fcaa44a83d, 42 %, 10246 MiB, 268.49 W
2026/10/08 23:13:33.804, 0, GPU-cb24f168-9f18-f0d5-6f4a-6d2406958f50, 68 %, 10244 MiB, 295.76 W
2026/10/08 23:13:33.804, 1, GPU-cb626bdb-4319-2f5e-b91f-17fcaa44a83d, 74 %, 10246 MiB, 291.02 W
2026/10/08 23:13:43.805, 0, GPU-cb24f168-9f18-f0d5-6f4a-6d2406958f50, 51 %, 10244 MiB, 282.26 W
2026/10/08 23:13:43.805, 1, GPU-cb626bdb-4319-2f5e-b91f-17fcaa44a83d, 51 %, 10246 MiB, 246.75 W
2026/10/08 23:13:53.806, 0, GPU-cb24f168-9f18-f0d5-6f4a-6d2406958f50, 48 %, 10244 MiB, 284.66 W
2026/10/08 23:13:53.806, 1, GPU-cb626bdb-4319-2f5e-b91f-17fcaa44a83d, 63 %, 10246 MiB, 262.57 W
2026/10/08 23:14:03.806, 0, GPU-cb24f168-9f18-f0d5-6f4a-6d2406958f50, 63 %, 10244 MiB, 289.18 W
2026/10/08 23:14:03.807, 1, GPU-cb626bdb-4319-2f5e-b91f-17fcaa44a83d, 94 %, 10246 MiB, 297.42 W
2026/10/08 23:14:13.807, 0, GPU-cb24f168-9f18-f0d5-6f4a-6d2406958f50, 71 %, 10244 MiB, 304.04 W
2026/10/08 23:14:13.807, 1, GPU-cb626bdb-4319-2f5e-b91f-17fcaa44a83d, 53 %, 10246 MiB, 268.40 W
2026/10/08 23:14:23.808, 0, GPU-cb24f168-9f18-f0d5-6f4a-6d2406958f50, 49 %, 10244 MiB, 283.71 W
2026/10/08 23:14:23.808, 1, GPU-cb626bdb-4319-2f5e-b91f-17fcaa44a83d, 53 %, 10246 MiB, 297.72 W
2026/10/08 23:14:33.809, 0, GPU-cb24f168-9f18-f0d5-6f4a-6d2406958f50, 49 %, 10244 MiB, 276.19 W
2026/10/08 23:14:33.809, 1, GPU-cb626bdb-4319-2f5e-b91f-17fcaa44a83d, 48 %, 10246 MiB, 287.23 W
2026/10/08 23:14:43.810, 0, GPU-cb24f168-9f18-f0d5-6f4a-6d2406958f50, 60 %, 10244 MiB, 294.65 W
2026/10/08 23:14:43.810, 1, GPU-cb626bdb-4319-2f5e-b91f-17fcaa44a83d, 59 %, 10246 MiB, 288.78 W
2026/10/08 23:14:53.811, 0, GPU-cb24f168-9f18-f0d5-6f4a-6d2406958f50, 60 %, 10244 MiB, 302.35 W
2026/10/08 23:14:53.811, 1, GPU-cb626bdb-4319-2f5e-b91f-17fcaa44a83d, 70 %, 10246 MiB, 301.01 W
2026/10/08 23:15:03.811, 0, GPU-cb24f168-9f18-f0d5-6f4a-6d2406958f50, 87 %, 10244 MiB, 301.02 W
2026/10/08 23:15:03.812, 1, GPU-cb626bdb-4319-2f5e-b91f-17fcaa44a83d, 58 %, 10246 MiB, 300.08 W
2026/10/08 23:15:13.813, 0, GPU-cb24f168-9f18-f0d5-6f4a-6d2406958f50, 88 %, 10244 MiB, 306.36 W
2026/10/08 23:15:13.813, 1, GPU-cb626bdb-4319-2f5e-b91f-17fcaa44a83d, 30 %, 10246 MiB, 273.77 W
2026/10/08 23:15:23.814, 0, GPU-cb24f168-9f18-f0d5-6f4a-6d2406958f50, 45 %, 10244 MiB, 285.99 W
2026/10/08 23:15:23.814, 1, GPU-cb626bdb-4319-2f5e-b91f-17fcaa44a83d, 46 %, 10246 MiB, 278.55 W
2026/10/08 23:15:33.815, 0, GPU-cb24f168-9f18-f0d5-6f4a-6d2406958f50, 49 %, 10244 MiB, 292.08 W
2026/10/08 23:15:33.815, 1, GPU-cb626bdb-4319-2f5e-b91f-17fcaa44a83d, 75 %, 10246 MiB, 287.70 W
2026/10/08 23:15:43.816, 0, GPU-cb24f168-9f18-f0d5-6f4a-6d2406958f50, 50 %, 10244 MiB, 287.48 W
2026/10/08 23:15:43.816, 1, GPU-cb626bdb-4319-2f5e-b91f-17fcaa44a83d, 92 %, 10246 MiB, 267.88 W
2026/10/08 23:15:53.818, 0, GPU-cb24f168-9f18-f0d5-6f4a-6d2406958f50, 47 %, 10244 MiB, 276.92 W
2026/10/08 23:15:53.818, 1, GPU-cb626bdb-4319-2f5e-b91f-17fcaa44a83d, 44 %, 10246 MiB, 271.10 W
2026/10/08 23:16:03.819, 0, GPU-cb24f168-9f18-f0d5-6f4a-6d2406958f50, 78 %, 10244 MiB, 274.47 W
2026/10/08 23:16:03.819, 1, GPU-cb626bdb-4319-2f5e-b91f-17fcaa44a83d, 61 %, 10246 MiB, 265.78 W
2026/10/08 23:16:13.820, 0, GPU-cb24f168-9f18-f0d5-6f4a-6d2406958f50, 54 %, 10244 MiB, 294.22 W
2026/10/08 23:16:13.820, 1, GPU-cb626bdb-4319-2f5e-b91f-17fcaa44a83d, 59 %, 10246 MiB, 284.71 W
2026/10/08 23:16:23.820, 0, GPU-cb24f168-9f18-f0d5-6f4a-6d2406958f50, 60 %, 10244 MiB, 259.67 W
2026/10/08 23:16:23.820, 1, GPU-cb626bdb-4319-2f5e-b91f-17fcaa44a83d, 44 %, 10246 MiB, 264.32 W
2026/10/08 23:16:33.821, 0, GPU-cb24f168-9f18-f0d5-6f4a-6d2406958f50, 85 %, 10244 MiB, 281.88 W
2026/10/08 23:16:33.821, 1, GPU-cb626bdb-4319-2f5e-b91f-17fcaa44a83d, 69 %, 10246 MiB, 290.14 W
2026/10/08 23:16:43.822, 0, GPU-cb24f168-9f18-f0d5-6f4a-6d2406958f50, 96 %, 10244 MiB, 345.95 W
2026/10/08 23:16:43.822, 1, GPU-cb626bdb-4319-2f5e-b91f-17fcaa44a83d, 48 %, 10246 MiB, 267.56 W
2026/10/08 23:16:53.823, 0, GPU-cb24f168-9f18-f0d5-6f4a-6d2406958f50, 74 %, 10244 MiB, 319.21 W
2026/10/08 23:16:53.823, 1, GPU-cb626bdb-4319-2f5e-b91f-17fcaa44a83d, 87 %, 10246 MiB, 297.14 W
2026/10/08 23:17:03.823, 0, GPU-cb24f168-9f18-f0d5-6f4a-6d2406958f50, 62 %, 10244 MiB, 295.67 W
2026/10/08 23:17:03.824, 1, GPU-cb626bdb-4319-2f5e-b91f-17fcaa44a83d, 74 %, 10246 MiB, 303.12 W
2026/10/08 23:17:13.824, 0, GPU-cb24f168-9f18-f0d5-6f4a-6d2406958f50, 60 %, 10244 MiB, 308.09 W
2026/10/08 23:17:13.824, 1, GPU-cb626bdb-4319-2f5e-b91f-17fcaa44a83d, 98 %, 10246 MiB, 338.03 W
2026/10/08 23:17:23.825, 0, GPU-cb24f168-9f18-f0d5-6f4a-6d2406958f50, 97 %, 10244 MiB, 303.02 W
2026/10/08 23:17:23.830, 1, GPU-cb626bdb-4319-2f5e-b91f-17fcaa44a83d, 58 %, 10246 MiB, 308.12 W
2026/10/08 23:17:33.831, 0, GPU-cb24f168-9f18-f0d5-6f4a-6d2406958f50, 62 %, 10244 MiB, 299.57 W
2026/10/08 23:17:33.831, 1, GPU-cb626bdb-4319-2f5e-b91f-17fcaa44a83d, 57 %, 10246 MiB, 306.27 W
2026/10/08 23:17:43.832, 0, GPU-cb24f168-9f18-f0d5-6f4a-6d2406958f50, 61 %, 10244 MiB, 304.90 W
2026/10/08 23:17:43.832, 1, GPU-cb626bdb-4319-2f5e-b91f-17fcaa44a83d, 58 %, 10246 MiB, 303.16 W
2026/10/08 23:17:53.833, 0, GPU-cb24f168-9f18-f0d5-6f4a-6d2406958f50, 69 %, 10244 MiB, 315.34 W
2026/10/08 23:17:53.833, 1, GPU-cb626bdb-4319-2f5e-b91f-17fcaa44a83d, 64 %, 10246 MiB, 304.99 W
2026/10/08 23:18:03.834, 0, GPU-cb24f168-9f18-f0d5-6f4a-6d2406958f50, 60 %, 10244 MiB, 304.91 W
2026/10/08 23:18:03.834, 1, GPU-cb626bdb-4319-2f5e-b91f-17fcaa44a83d, 76 %, 10246 MiB, 300.23 W
2026/10/08 23:18:13.834, 0, GPU-cb24f168-9f18-f0d5-6f4a-6d2406958f50, 83 %, 10244 MiB, 296.84 W
2026/10/08 23:18:13.834, 1, GPU-cb626bdb-4319-2f5e-b91f-17fcaa44a83d, 59 %, 10246 MiB, 296.52 W
2026/10/08 23:18:23.835, 0, GPU-cb24f168-9f18-f0d5-6f4a-6d2406958f50, 61 %, 10244 MiB, 305.76 W
2026/10/08 23:18:23.835, 1, GPU-cb626bdb-4319-2f5e-b91f-17fcaa44a83d, 86 %, 10246 MiB, 302.55 W
2026/10/08 23:18:33.836, 0, GPU-cb24f168-9f18-f0d5-6f4a-6d2406958f50, 32 %, 10244 MiB, 248.55 W
2026/10/08 23:18:33.836, 1, GPU-cb626bdb-4319-2f5e-b91f-17fcaa44a83d, 80 %, 10246 MiB, 299.58 W
2026/10/08 23:18:43.837, 0, GPU-cb24f168-9f18-f0d5-6f4a-6d2406958f50, 63 %, 10244 MiB, 296.73 W
2026/10/08 23:18:43.837, 1, GPU-cb626bdb-4319-2f5e-b91f-17fcaa44a83d, 74 %, 10246 MiB, 300.93 W
2026/10/08 23:18:53.837, 0, GPU-cb24f168-9f18-f0d5-6f4a-6d2406958f50, 61 %, 10244 MiB, 305.19 W
2026/10/08 23:18:53.837, 1, GPU-cb626bdb-4319-2f5e-b91f-17fcaa44a83d, 96 %, 10246 MiB, 290.90 W
2026/10/08 23:19:03.838, 0, GPU-cb24f168-9f18-f0d5-6f4a-6d2406958f50, 63 %, 10244 MiB, 299.17 W
2026/10/08 23:19:03.838, 1, GPU-cb626bdb-4319-2f5e-b91f-17fcaa44a83d, 56 %, 10246 MiB, 301.75 W
2026/10/08 23:19:13.840, 0, GPU-cb24f168-9f18-f0d5-6f4a-6d2406958f50, 86 %, 10244 MiB, 301.11 W
2026/10/08 23:19:13.840, 1, GPU-cb626bdb-4319-2f5e-b91f-17fcaa44a83d, 98 %, 10246 MiB, 340.03 W
2026/10/08 23:19:23.840, 0, GPU-cb24f168-9f18-f0d5-6f4a-6d2406958f50, 74 %, 10244 MiB, 308.19 W
2026/10/08 23:19:23.840, 1, GPU-cb626bdb-4319-2f5e-b91f-17fcaa44a83d, 78 %, 10246 MiB, 316.29 W
2026/10/08 23:19:33.841, 0, GPU-cb24f168-9f18-f0d5-6f4a-6d2406958f50, 77 %, 10244 MiB, 307.91 W
2026/10/08 23:19:33.841, 1, GPU-cb626bdb-4319-2f5e-b91f-17fcaa44a83d, 0 %, 10246 MiB, 149.42 W
2026/10/08 23:19:43.842, 0, GPU-cb24f168-9f18-f0d5-6f4a-6d2406958f50, 94 %, 10244 MiB, 307.84 W
2026/10/08 23:19:43.842, 1, GPU-cb626bdb-4319-2f5e-b91f-17fcaa44a83d, 0 %, 2 MiB, 32.88 W
2026/10/08 23:19:53.843, 0, GPU-cb24f168-9f18-f0d5-6f4a-6d2406958f50, 92 %, 10244 MiB, 319.80 W
2026/10/08 23:19:53.843, 1, GPU-cb626bdb-4319-2f5e-b91f-17fcaa44a83d, 0 %, 328 MiB, 117.74 W
2026/10/08 23:20:03.844, 0, GPU-cb24f168-9f18-f0d5-6f4a-6d2406958f50, 64 %, 10244 MiB, 313.57 W
2026/10/08 23:20:03.844, 1, GPU-cb626bdb-4319-2f5e-b91f-17fcaa44a83d, 0 %, 828 MiB, 117.13 W
2026/10/08 23:20:13.844, 0, GPU-cb24f168-9f18-f0d5-6f4a-6d2406958f50, 98 %, 10244 MiB, 271.84 W
2026/10/08 23:20:13.844, 1, GPU-cb626bdb-4319-2f5e-b91f-17fcaa44a83d, 0 %, 934 MiB, 116.78 W
2026/10/08 23:20:23.845, 0, GPU-cb24f168-9f18-f0d5-6f4a-6d2406958f50, 67 %, 10244 MiB, 305.31 W
2026/10/08 23:20:23.845, 1, GPU-cb626bdb-4319-2f5e-b91f-17fcaa44a83d, 0 %, 1038 MiB, 116.80 W
2026/10/08 23:20:33.846, 0, GPU-cb24f168-9f18-f0d5-6f4a-6d2406958f50, 70 %, 10244 MiB, 314.82 W
2026/10/08 23:20:33.847, 1, GPU-cb626bdb-4319-2f5e-b91f-17fcaa44a83d, 0 %, 1108 MiB, 116.67 W
2026/10/08 23:20:43.848, 0, GPU-cb24f168-9f18-f0d5-6f4a-6d2406958f50, 59 %, 10244 MiB, 297.18 W
2026/10/08 23:20:43.849, 1, GPU-cb626bdb-4319-2f5e-b91f-17fcaa44a83d, 0 %, 1214 MiB, 116.67 W
2026/10/08 23:20:53.850, 0, GPU-cb24f168-9f18-f0d5-6f4a-6d2406958f50, 62 %, 10244 MiB, 312.69 W
2026/10/08 23:20:53.850, 1, GPU-cb626bdb-4319-2f5e-b91f-17fcaa44a83d, 0 %, 1284 MiB, 116.43 W
2026/10/08 23:21:03.851, 0, GPU-cb24f168-9f18-f0d5-6f4a-6d2406958f50, 83 %, 10244 MiB, 310.01 W
2026/10/08 23:21:03.851, 1, GPU-cb626bdb-4319-2f5e-b91f-17fcaa44a83d, 0 %, 2810 MiB, 116.81 W
2026/10/08 23:21:13.852, 0, GPU-cb24f168-9f18-f0d5-6f4a-6d2406958f50, 77 %, 10244 MiB, 311.00 W
2026/10/08 23:21:13.852, 1, GPU-cb626bdb-4319-2f5e-b91f-17fcaa44a83d, 96 %, 10124 MiB, 332.30 W
2026/10/08 23:21:23.852, 0, GPU-cb24f168-9f18-f0d5-6f4a-6d2406958f50, 60 %, 10244 MiB, 303.77 W
2026/10/08 23:21:23.853, 1, GPU-cb626bdb-4319-2f5e-b91f-17fcaa44a83d, 56 %, 10130 MiB, 254.51 W
2026/10/08 23:21:33.853, 0, GPU-cb24f168-9f18-f0d5-6f4a-6d2406958f50, 86 %, 10244 MiB, 307.05 W
2026/10/08 23:21:33.853, 1, GPU-cb626bdb-4319-2f5e-b91f-17fcaa44a83d, 92 %, 10216 MiB, 295.00 W
2026/10/08 23:21:43.854, 0, GPU-cb24f168-9f18-f0d5-6f4a-6d2406958f50, 76 %, 10244 MiB, 315.32 W
2026/10/08 23:21:43.854, 1, GPU-cb626bdb-4319-2f5e-b91f-17fcaa44a83d, 77 %, 10216 MiB, 259.18 W
2026/10/08 23:21:53.855, 0, GPU-cb24f168-9f18-f0d5-6f4a-6d2406958f50, 74 %, 10244 MiB, 328.42 W
2026/10/08 23:21:53.855, 1, GPU-cb626bdb-4319-2f5e-b91f-17fcaa44a83d, 49 %, 10216 MiB, 282.15 W
2026/10/08 23:22:03.856, 0, GPU-cb24f168-9f18-f0d5-6f4a-6d2406958f50, 51 %, 10244 MiB, 324.90 W
2026/10/08 23:22:03.856, 1, GPU-cb626bdb-4319-2f5e-b91f-17fcaa44a83d, 43 %, 10216 MiB, 267.67 W
2026/10/08 23:22:13.856, 0, GPU-cb24f168-9f18-f0d5-6f4a-6d2406958f50, 84 %, 10244 MiB, 291.63 W
2026/10/08 23:22:13.856, 1, GPU-cb626bdb-4319-2f5e-b91f-17fcaa44a83d, 43 %, 10216 MiB, 277.68 W
2026/10/08 23:22:23.857, 0, GPU-cb24f168-9f18-f0d5-6f4a-6d2406958f50, 0 %, 2 MiB, 39.96 W
2026/10/08 23:22:23.857, 1, GPU-cb626bdb-4319-2f5e-b91f-17fcaa44a83d, 44 %, 10216 MiB, 279.43 W
2026/10/08 23:22:33.859, 0, GPU-cb24f168-9f18-f0d5-6f4a-6d2406958f50, 0 %, 2 MiB, 33.81 W
2026/10/08 23:22:33.859, 1, GPU-cb626bdb-4319-2f5e-b91f-17fcaa44a83d, 46 %, 10216 MiB, 267.41 W
2026/10/08 23:22:43.860, 0, GPU-cb24f168-9f18-f0d5-6f4a-6d2406958f50, 0 %, 2 MiB, 32.48 W
2026/10/08 23:22:43.860, 1, GPU-cb626bdb-4319-2f5e-b91f-17fcaa44a83d, 59 %, 10216 MiB, 256.47 W
2026/10/08 23:22:53.860, 0, GPU-cb24f168-9f18-f0d5-6f4a-6d2406958f50, 0 %, 2 MiB, 31.82 W
2026/10/08 23:22:53.860, 1, GPU-cb626bdb-4319-2f5e-b91f-17fcaa44a83d, 82 %, 10216 MiB, 262.58 W
2026/10/08 23:23:03.861, 0, GPU-cb24f168-9f18-f0d5-6f4a-6d2406958f50, 0 %, 2 MiB, 31.36 W
2026/10/08 23:23:03.862, 1, GPU-cb626bdb-4319-2f5e-b91f-17fcaa44a83d, 48 %, 10216 MiB, 263.25 W
2026/10/08 23:23:13.862, 0, GPU-cb24f168-9f18-f0d5-6f4a-6d2406958f50, 0 %, 2 MiB, 31.02 W
2026/10/08 23:23:13.867, 1, GPU-cb626bdb-4319-2f5e-b91f-17fcaa44a83d, 97 %, 10216 MiB, 297.30 W
2026/10/08 23:23:23.867, 0, GPU-cb24f168-9f18-f0d5-6f4a-6d2406958f50, 0 %, 2 MiB, 30.86 W
2026/10/08 23:23:23.867, 1, GPU-cb626bdb-4319-2f5e-b91f-17fcaa44a83d, 62 %, 10216 MiB, 260.65 W
2026/10/08 23:23:33.868, 0, GPU-cb24f168-9f18-f0d5-6f4a-6d2406958f50, 0 %, 2 MiB, 30.72 W
2026/10/08 23:23:33.868, 1, GPU-cb626bdb-4319-2f5e-b91f-17fcaa44a83d, 62 %, 10238 MiB, 278.59 W
2026/10/08 23:23:43.869, 0, GPU-cb24f168-9f18-f0d5-6f4a-6d2406958f50, 0 %, 2 MiB, 30.59 W
2026/10/08 23:23:43.869, 1, GPU-cb626bdb-4319-2f5e-b91f-17fcaa44a83d, 85 %, 10238 MiB, 283.02 W
2026/10/08 23:23:53.870, 0, GPU-cb24f168-9f18-f0d5-6f4a-6d2406958f50, 0 %, 2 MiB, 30.52 W
2026/10/08 23:23:53.870, 1, GPU-cb626bdb-4319-2f5e-b91f-17fcaa44a83d, 77 %, 10238 MiB, 261.22 W
2026/10/08 23:24:03.870, 0, GPU-cb24f168-9f18-f0d5-6f4a-6d2406958f50, 0 %, 2 MiB, 30.65 W
2026/10/08 23:24:03.871, 1, GPU-cb626bdb-4319-2f5e-b91f-17fcaa44a83d, 88 %, 10238 MiB, 260.04 W
2026/10/08 23:24:13.871, 0, GPU-cb24f168-9f18-f0d5-6f4a-6d2406958f50, 0 %, 2 MiB, 30.61 W
2026/10/08 23:24:13.871, 1, GPU-cb626bdb-4319-2f5e-b91f-17fcaa44a83d, 44 %, 10238 MiB, 258.39 W
2026/10/08 23:24:23.872, 0, GPU-cb24f168-9f18-f0d5-6f4a-6d2406958f50, 0 %, 2 MiB, 30.61 W
2026/10/08 23:24:23.872, 1, GPU-cb626bdb-4319-2f5e-b91f-17fcaa44a83d, 79 %, 10238 MiB, 281.19 W
2026/10/08 23:24:33.873, 0, GPU-cb24f168-9f18-f0d5-6f4a-6d2406958f50, 0 %, 2 MiB, 30.44 W
2026/10/08 23:24:33.873, 1, GPU-cb626bdb-4319-2f5e-b91f-17fcaa44a83d, 81 %, 10238 MiB, 277.33 W
2026/10/08 23:24:43.873, 0, GPU-cb24f168-9f18-f0d5-6f4a-6d2406958f50, 0 %, 2 MiB, 30.55 W
2026/10/08 23:24:43.874, 1, GPU-cb626bdb-4319-2f5e-b91f-17fcaa44a83d, 74 %, 10238 MiB, 274.79 W
2026/10/08 23:24:53.874, 0, GPU-cb24f168-9f18-f0d5-6f4a-6d2406958f50, 0 %, 2 MiB, 30.31 W
2026/10/08 23:24:53.874, 1, GPU-cb626bdb-4319-2f5e-b91f-17fcaa44a83d, 43 %, 10238 MiB, 259.43 W
2026/10/08 23:25:03.875, 0, GPU-cb24f168-9f18-f0d5-6f4a-6d2406958f50, 0 %, 2 MiB, 30.65 W
2026/10/08 23:25:03.875, 1, GPU-cb626bdb-4319-2f5e-b91f-17fcaa44a83d, 43 %, 10238 MiB, 259.45 W
2026/10/08 23:25:13.876, 0, GPU-cb24f168-9f18-f0d5-6f4a-6d2406958f50, 0 %, 2 MiB, 30.53 W
2026/10/08 23:25:13.876, 1, GPU-cb626bdb-4319-2f5e-b91f-17fcaa44a83d, 46 %, 10238 MiB, 276.96 W
2026/10/08 23:25:23.877, 0, GPU-cb24f168-9f18-f0d5-6f4a-6d2406958f50, 0 %, 2 MiB, 30.48 W
2026/10/08 23:25:23.877, 1, GPU-cb626bdb-4319-2f5e-b91f-17fcaa44a83d, 45 %, 10238 MiB, 259.36 W
2026/10/08 23:25:33.877, 0, GPU-cb24f168-9f18-f0d5-6f4a-6d2406958f50, 0 %, 2 MiB, 30.42 W
2026/10/08 23:25:33.877, 1, GPU-cb626bdb-4319-2f5e-b91f-17fcaa44a83d, 43 %, 10238 MiB, 266.89 W
2026/10/08 23:25:43.878, 0, GPU-cb24f168-9f18-f0d5-6f4a-6d2406958f50, 0 %, 2 MiB, 30.37 W
2026/10/08 23:25:43.878, 1, GPU-cb626bdb-4319-2f5e-b91f-17fcaa44a83d, 93 %, 10238 MiB, 261.44 W
2026/10/08 23:25:53.880, 0, GPU-cb24f168-9f18-f0d5-6f4a-6d2406958f50, 0 %, 2 MiB, 30.32 W
2026/10/08 23:25:53.880, 1, GPU-cb626bdb-4319-2f5e-b91f-17fcaa44a83d, 93 %, 10238 MiB, 255.59 W
2026/10/08 23:26:03.881, 0, GPU-cb24f168-9f18-f0d5-6f4a-6d2406958f50, 0 %, 2 MiB, 30.42 W
2026/10/08 23:26:03.881, 1, GPU-cb626bdb-4319-2f5e-b91f-17fcaa44a83d, 65 %, 10238 MiB, 259.23 W
2026/10/08 23:26:13.882, 0, GPU-cb24f168-9f18-f0d5-6f4a-6d2406958f50, 0 %, 2 MiB, 30.35 W
2026/10/08 23:26:13.882, 1, GPU-cb626bdb-4319-2f5e-b91f-17fcaa44a83d, 96 %, 10238 MiB, 272.15 W
2026/10/08 23:26:23.882, 0, GPU-cb24f168-9f18-f0d5-6f4a-6d2406958f50, 0 %, 2 MiB, 30.33 W
2026/10/08 23:26:23.883, 1, GPU-cb626bdb-4319-2f5e-b91f-17fcaa44a83d, 44 %, 10238 MiB, 257.81 W
2026/10/08 23:26:33.883, 0, GPU-cb24f168-9f18-f0d5-6f4a-6d2406958f50, 0 %, 2 MiB, 30.29 W
2026/10/08 23:26:33.883, 1, GPU-cb626bdb-4319-2f5e-b91f-17fcaa44a83d, 45 %, 10238 MiB, 257.95 W
2026/10/08 23:26:43.884, 0, GPU-cb24f168-9f18-f0d5-6f4a-6d2406958f50, 0 %, 2 MiB, 30.48 W
2026/10/08 23:26:43.884, 1, GPU-cb626bdb-4319-2f5e-b91f-17fcaa44a83d, 44 %, 10238 MiB, 255.49 W
2026/10/08 23:26:53.885, 0, GPU-cb24f168-9f18-f0d5-6f4a-6d2406958f50, 0 %, 2 MiB, 30.39 W
2026/10/08 23:26:53.885, 1, GPU-cb626bdb-4319-2f5e-b91f-17fcaa44a83d, 44 %, 10238 MiB, 276.79 W
2026/10/08 23:27:03.886, 0, GPU-cb24f168-9f18-f0d5-6f4a-6d2406958f50, 0 %, 2 MiB, 30.40 W
2026/10/08 23:27:03.886, 1, GPU-cb626bdb-4319-2f5e-b91f-17fcaa44a83d, 44 %, 10238 MiB, 266.00 W
2026/10/08 23:27:13.887, 0, GPU-cb24f168-9f18-f0d5-6f4a-6d2406958f50, 0 %, 2 MiB, 30.31 W
2026/10/08 23:27:13.887, 1, GPU-cb626bdb-4319-2f5e-b91f-17fcaa44a83d, 44 %, 10238 MiB, 253.54 W
2026/10/08 23:27:23.887, 0, GPU-cb24f168-9f18-f0d5-6f4a-6d2406958f50, 0 %, 2 MiB, 30.33 W
2026/10/08 23:27:23.888, 1, GPU-cb626bdb-4319-2f5e-b91f-17fcaa44a83d, 43 %, 10238 MiB, 276.80 W
2026/10/08 23:27:33.888, 0, GPU-cb24f168-9f18-f0d5-6f4a-6d2406958f50, 0 %, 2 MiB, 30.50 W
2026/10/08 23:27:33.888, 1, GPU-cb626bdb-4319-2f5e-b91f-17fcaa44a83d, 75 %, 10238 MiB, 267.93 W
2026/10/08 23:27:43.889, 0, GPU-cb24f168-9f18-f0d5-6f4a-6d2406958f50, 0 %, 2 MiB, 30.18 W
2026/10/08 23:27:43.889, 1, GPU-cb626bdb-4319-2f5e-b91f-17fcaa44a83d, 84 %, 10238 MiB, 268.48 W
2026/10/08 23:27:53.890, 0, GPU-cb24f168-9f18-f0d5-6f4a-6d2406958f50, 0 %, 2 MiB, 30.29 W
2026/10/08 23:27:53.890, 1, GPU-cb626bdb-4319-2f5e-b91f-17fcaa44a83d, 93 %, 10238 MiB, 274.27 W
2026/10/08 23:28:03.891, 0, GPU-cb24f168-9f18-f0d5-6f4a-6d2406958f50, 0 %, 2 MiB, 30.29 W
2026/10/08 23:28:03.892, 1, GPU-cb626bdb-4319-2f5e-b91f-17fcaa44a83d, 74 %, 10238 MiB, 276.23 W
2026/10/08 23:28:13.892, 0, GPU-cb24f168-9f18-f0d5-6f4a-6d2406958f50, 0 %, 2 MiB, 30.29 W
2026/10/08 23:28:13.892, 1, GPU-cb626bdb-4319-2f5e-b91f-17fcaa44a83d, 66 %, 10238 MiB, 278.15 W
2026/10/08 23:28:23.893, 0, GPU-cb24f168-9f18-f0d5-6f4a-6d2406958f50, 0 %, 2 MiB, 30.42 W
2026/10/08 23:28:23.893, 1, GPU-cb626bdb-4319-2f5e-b91f-17fcaa44a83d, 51 %, 10238 MiB, 280.13 W
2026/10/08 23:28:33.894, 0, GPU-cb24f168-9f18-f0d5-6f4a-6d2406958f50, 0 %, 2 MiB, 30.19 W
2026/10/08 23:28:33.894, 1, GPU-cb626bdb-4319-2f5e-b91f-17fcaa44a83d, 47 %, 10238 MiB, 263.38 W
2026/10/08 23:28:43.895, 0, GPU-cb24f168-9f18-f0d5-6f4a-6d2406958f50, 0 %, 2 MiB, 30.33 W
2026/10/08 23:28:43.895, 1, GPU-cb626bdb-4319-2f5e-b91f-17fcaa44a83d, 84 %, 10238 MiB, 292.91 W
2026/10/08 23:28:53.896, 0, GPU-cb24f168-9f18-f0d5-6f4a-6d2406958f50, 0 %, 2 MiB, 30.33 W
2026/10/08 23:28:53.896, 1, GPU-cb626bdb-4319-2f5e-b91f-17fcaa44a83d, 86 %, 10238 MiB, 295.78 W
2026/10/08 23:29:03.896, 0, GPU-cb24f168-9f18-f0d5-6f4a-6d2406958f50, 0 %, 2 MiB, 30.30 W
2026/10/08 23:29:03.897, 1, GPU-cb626bdb-4319-2f5e-b91f-17fcaa44a83d, 65 %, 10238 MiB, 301.51 W
2026/10/08 23:29:13.897, 0, GPU-cb24f168-9f18-f0d5-6f4a-6d2406958f50, 0 %, 2 MiB, 30.28 W
2026/10/08 23:29:13.897, 1, GPU-cb626bdb-4319-2f5e-b91f-17fcaa44a83d, 47 %, 10238 MiB, 283.96 W
2026/10/08 23:29:23.898, 0, GPU-cb24f168-9f18-f0d5-6f4a-6d2406958f50, 0 %, 2 MiB, 30.35 W
2026/10/08 23:29:23.898, 1, GPU-cb626bdb-4319-2f5e-b91f-17fcaa44a83d, 0 %, 10238 MiB, 135.10 W
2026/10/08 23:29:33.899, 0, GPU-cb24f168-9f18-f0d5-6f4a-6d2406958f50, 0 %, 2 MiB, 30.29 W
2026/10/08 23:29:33.899, 1, GPU-cb626bdb-4319-2f5e-b91f-17fcaa44a83d, 48 %, 10238 MiB, 282.55 W
2026/10/08 23:29:43.900, 0, GPU-cb24f168-9f18-f0d5-6f4a-6d2406958f50, 0 %, 2 MiB, 30.37 W
2026/10/08 23:29:43.900, 1, GPU-cb626bdb-4319-2f5e-b91f-17fcaa44a83d, 50 %, 10238 MiB, 290.59 W
2026/10/08 23:29:53.901, 0, GPU-cb24f168-9f18-f0d5-6f4a-6d2406958f50, 0 %, 2 MiB, 30.18 W
2026/10/08 23:29:53.902, 1, GPU-cb626bdb-4319-2f5e-b91f-17fcaa44a83d, 52 %, 10238 MiB, 280.64 W
2026/10/08 23:30:03.903, 0, GPU-cb24f168-9f18-f0d5-6f4a-6d2406958f50, 0 %, 2 MiB, 30.20 W
2026/10/08 23:30:03.903, 1, GPU-cb626bdb-4319-2f5e-b91f-17fcaa44a83d, 54 %, 10238 MiB, 274.30 W
2026/10/08 23:30:13.904, 0, GPU-cb24f168-9f18-f0d5-6f4a-6d2406958f50, 0 %, 2 MiB, 30.28 W
2026/10/08 23:30:13.904, 1, GPU-cb626bdb-4319-2f5e-b91f-17fcaa44a83d, 89 %, 10238 MiB, 275.73 W
2026/10/08 23:30:23.905, 0, GPU-cb24f168-9f18-f0d5-6f4a-6d2406958f50, 0 %, 2 MiB, 30.35 W
2026/10/08 23:30:23.905, 1, GPU-cb626bdb-4319-2f5e-b91f-17fcaa44a83d, 49 %, 10238 MiB, 249.98 W
2026/10/08 23:30:33.906, 0, GPU-cb24f168-9f18-f0d5-6f4a-6d2406958f50, 0 %, 2 MiB, 30.33 W
2026/10/08 23:30:33.906, 1, GPU-cb626bdb-4319-2f5e-b91f-17fcaa44a83d, 85 %, 10238 MiB, 284.71 W
2026/10/08 23:30:43.906, 0, GPU-cb24f168-9f18-f0d5-6f4a-6d2406958f50, 0 %, 2 MiB, 30.33 W
2026/10/08 23:30:43.907, 1, GPU-cb626bdb-4319-2f5e-b91f-17fcaa44a83d, 82 %, 10238 MiB, 282.32 W
2026/10/08 23:30:53.907, 0, GPU-cb24f168-9f18-f0d5-6f4a-6d2406958f50, 0 %, 2 MiB, 30.12 W
2026/10/08 23:30:53.907, 1, GPU-cb626bdb-4319-2f5e-b91f-17fcaa44a83d, 63 %, 10238 MiB, 277.99 W
2026/10/08 23:31:03.908, 0, GPU-cb24f168-9f18-f0d5-6f4a-6d2406958f50, 0 %, 2 MiB, 30.14 W
2026/10/08 23:31:03.908, 1, GPU-cb626bdb-4319-2f5e-b91f-17fcaa44a83d, 51 %, 10238 MiB, 263.41 W
2026/10/08 23:31:13.909, 0, GPU-cb24f168-9f18-f0d5-6f4a-6d2406958f50, 0 %, 2 MiB, 30.42 W
2026/10/08 23:31:13.909, 1, GPU-cb626bdb-4319-2f5e-b91f-17fcaa44a83d, 98 %, 10238 MiB, 335.69 W
2026/10/08 23:31:23.910, 0, GPU-cb24f168-9f18-f0d5-6f4a-6d2406958f50, 0 %, 2 MiB, 30.27 W
2026/10/08 23:31:23.910, 1, GPU-cb626bdb-4319-2f5e-b91f-17fcaa44a83d, 52 %, 10238 MiB, 267.32 W
2026/10/08 23:31:33.910, 0, GPU-cb24f168-9f18-f0d5-6f4a-6d2406958f50, 0 %, 2 MiB, 30.20 W
2026/10/08 23:31:33.911, 1, GPU-cb626bdb-4319-2f5e-b91f-17fcaa44a83d, 0 %, 10238 MiB, 219.69 W
2026/10/08 23:31:43.913, 0, GPU-cb24f168-9f18-f0d5-6f4a-6d2406958f50, 0 %, 2 MiB, 30.23 W
2026/10/08 23:31:43.913, 1, GPU-cb626bdb-4319-2f5e-b91f-17fcaa44a83d, 46 %, 10238 MiB, 268.14 W
2026/10/08 23:31:53.914, 0, GPU-cb24f168-9f18-f0d5-6f4a-6d2406958f50, 0 %, 2 MiB, 30.36 W
2026/10/08 23:31:53.914, 1, GPU-cb626bdb-4319-2f5e-b91f-17fcaa44a83d, 46 %, 10238 MiB, 282.76 W
2026/10/08 23:32:03.915, 0, GPU-cb24f168-9f18-f0d5-6f4a-6d2406958f50, 0 %, 2 MiB, 30.14 W
2026/10/08 23:32:03.915, 1, GPU-cb626bdb-4319-2f5e-b91f-17fcaa44a83d, 49 %, 10238 MiB, 264.96 W
2026/10/08 23:32:13.916, 0, GPU-cb24f168-9f18-f0d5-6f4a-6d2406958f50, 0 %, 2 MiB, 30.17 W
2026/10/08 23:32:13.916, 1, GPU-cb626bdb-4319-2f5e-b91f-17fcaa44a83d, 80 %, 10238 MiB, 270.25 W
2026/10/08 23:32:23.917, 0, GPU-cb24f168-9f18-f0d5-6f4a-6d2406958f50, 0 %, 2 MiB, 30.40 W
2026/10/08 23:32:23.917, 1, GPU-cb626bdb-4319-2f5e-b91f-17fcaa44a83d, 94 %, 10238 MiB, 283.54 W
2026/10/08 23:32:33.918, 0, GPU-cb24f168-9f18-f0d5-6f4a-6d2406958f50, 0 %, 2 MiB, 30.16 W
2026/10/08 23:32:33.918, 1, GPU-cb626bdb-4319-2f5e-b91f-17fcaa44a83d, 47 %, 10238 MiB, 247.72 W
2026/10/08 23:32:43.918, 0, GPU-cb24f168-9f18-f0d5-6f4a-6d2406958f50, 0 %, 2 MiB, 30.32 W
2026/10/08 23:32:43.919, 1, GPU-cb626bdb-4319-2f5e-b91f-17fcaa44a83d, 82 %, 10238 MiB, 277.01 W
2026/10/08 23:32:53.919, 0, GPU-cb24f168-9f18-f0d5-6f4a-6d2406958f50, 0 %, 2 MiB, 30.20 W
2026/10/08 23:32:53.919, 1, GPU-cb626bdb-4319-2f5e-b91f-17fcaa44a83d, 49 %, 10238 MiB, 264.69 W
2026/10/08 23:33:03.920, 0, GPU-cb24f168-9f18-f0d5-6f4a-6d2406958f50, 0 %, 2 MiB, 30.33 W
2026/10/08 23:33:03.920, 1, GPU-cb626bdb-4319-2f5e-b91f-17fcaa44a83d, 50 %, 10238 MiB, 272.97 W
2026/10/08 23:33:13.921, 0, GPU-cb24f168-9f18-f0d5-6f4a-6d2406958f50, 0 %, 2 MiB, 30.23 W
2026/10/08 23:33:13.921, 1, GPU-cb626bdb-4319-2f5e-b91f-17fcaa44a83d, 45 %, 10238 MiB, 263.28 W
2026/10/08 23:33:23.922, 0, GPU-cb24f168-9f18-f0d5-6f4a-6d2406958f50, 0 %, 2 MiB, 30.29 W
2026/10/08 23:33:23.922, 1, GPU-cb626bdb-4319-2f5e-b91f-17fcaa44a83d, 42 %, 10238 MiB, 300.76 W
2026/10/08 23:33:33.922, 0, GPU-cb24f168-9f18-f0d5-6f4a-6d2406958f50, 0 %, 2 MiB, 30.34 W
2026/10/08 23:33:33.923, 1, GPU-cb626bdb-4319-2f5e-b91f-17fcaa44a83d, 47 %, 10238 MiB, 264.80 W
2026/10/08 23:33:43.924, 0, GPU-cb24f168-9f18-f0d5-6f4a-6d2406958f50, 0 %, 2 MiB, 30.22 W
2026/10/08 23:33:43.925, 1, GPU-cb626bdb-4319-2f5e-b91f-17fcaa44a83d, 51 %, 10238 MiB, 274.21 W
2026/10/08 23:33:53.925, 0, GPU-cb24f168-9f18-f0d5-6f4a-6d2406958f50, 0 %, 2 MiB, 30.27 W
2026/10/08 23:33:53.925, 1, GPU-cb626bdb-4319-2f5e-b91f-17fcaa44a83d, 46 %, 10238 MiB, 288.90 W
2026/10/08 23:34:03.926, 0, GPU-cb24f168-9f18-f0d5-6f4a-6d2406958f50, 0 %, 2 MiB, 30.29 W
2026/10/08 23:34:03.926, 1, GPU-cb626bdb-4319-2f5e-b91f-17fcaa44a83d, 58 %, 10238 MiB, 270.65 W
2026/10/08 23:34:13.927, 0, GPU-cb24f168-9f18-f0d5-6f4a-6d2406958f50, 0 %, 2 MiB, 30.40 W
2026/10/08 23:34:13.927, 1, GPU-cb626bdb-4319-2f5e-b91f-17fcaa44a83d, 49 %, 10238 MiB, 271.77 W
2026/10/08 23:34:23.928, 0, GPU-cb24f168-9f18-f0d5-6f4a-6d2406958f50, 0 %, 2 MiB, 30.48 W
2026/10/08 23:34:23.936, 1, GPU-cb626bdb-4319-2f5e-b91f-17fcaa44a83d, 81 %, 10238 MiB, 272.72 W
2026/10/08 23:34:33.937, 0, GPU-cb24f168-9f18-f0d5-6f4a-6d2406958f50, 0 %, 2 MiB, 30.44 W
2026/10/08 23:34:33.937, 1, GPU-cb626bdb-4319-2f5e-b91f-17fcaa44a83d, 94 %, 10238 MiB, 272.12 W
2026/10/08 23:34:43.938, 0, GPU-cb24f168-9f18-f0d5-6f4a-6d2406958f50, 0 %, 2 MiB, 30.47 W
2026/10/08 23:34:43.938, 1, GPU-cb626bdb-4319-2f5e-b91f-17fcaa44a83d, 46 %, 10238 MiB, 253.91 W
2026/10/08 23:34:53.938, 0, GPU-cb24f168-9f18-f0d5-6f4a-6d2406958f50, 0 %, 2 MiB, 30.29 W
2026/10/08 23:34:53.938, 1, GPU-cb626bdb-4319-2f5e-b91f-17fcaa44a83d, 91 %, 10238 MiB, 285.82 W
2026/10/08 23:35:03.939, 0, GPU-cb24f168-9f18-f0d5-6f4a-6d2406958f50, 0 %, 2 MiB, 30.47 W
2026/10/08 23:35:03.939, 1, GPU-cb626bdb-4319-2f5e-b91f-17fcaa44a83d, 50 %, 10238 MiB, 273.97 W
2026/10/08 23:35:13.940, 0, GPU-cb24f168-9f18-f0d5-6f4a-6d2406958f50, 0 %, 2 MiB, 30.58 W
2026/10/08 23:35:13.940, 1, GPU-cb626bdb-4319-2f5e-b91f-17fcaa44a83d, 16 %, 10238 MiB, 228.80 W
2026/10/08 23:35:23.941, 0, GPU-cb24f168-9f18-f0d5-6f4a-6d2406958f50, 0 %, 2 MiB, 30.34 W
2026/10/08 23:35:23.941, 1, GPU-cb626bdb-4319-2f5e-b91f-17fcaa44a83d, 80 %, 10238 MiB, 277.57 W
2026/10/08 23:35:33.941, 0, GPU-cb24f168-9f18-f0d5-6f4a-6d2406958f50, 0 %, 2 MiB, 30.43 W
2026/10/08 23:35:33.942, 1, GPU-cb626bdb-4319-2f5e-b91f-17fcaa44a83d, 47 %, 10238 MiB, 282.72 W
2026/10/08 23:35:43.944, 0, GPU-cb24f168-9f18-f0d5-6f4a-6d2406958f50, 0 %, 2 MiB, 30.32 W
2026/10/08 23:35:43.944, 1, GPU-cb626bdb-4319-2f5e-b91f-17fcaa44a83d, 50 %, 10238 MiB, 276.11 W
2026/10/08 23:35:53.944, 0, GPU-cb24f168-9f18-f0d5-6f4a-6d2406958f50, 0 %, 2 MiB, 30.27 W
2026/10/08 23:35:53.944, 1, GPU-cb626bdb-4319-2f5e-b91f-17fcaa44a83d, 48 %, 10238 MiB, 268.75 W
2026/10/08 23:36:03.945, 0, GPU-cb24f168-9f18-f0d5-6f4a-6d2406958f50, 0 %, 2 MiB, 30.38 W
2026/10/08 23:36:03.945, 1, GPU-cb626bdb-4319-2f5e-b91f-17fcaa44a83d, 51 %, 10238 MiB, 273.53 W
2026/10/08 23:36:13.946, 0, GPU-cb24f168-9f18-f0d5-6f4a-6d2406958f50, 0 %, 2 MiB, 30.35 W
2026/10/08 23:36:13.946, 1, GPU-cb626bdb-4319-2f5e-b91f-17fcaa44a83d, 63 %, 10238 MiB, 274.83 W
2026/10/08 23:36:23.948, 0, GPU-cb24f168-9f18-f0d5-6f4a-6d2406958f50, 0 %, 2 MiB, 30.41 W
2026/10/08 23:36:23.948, 1, GPU-cb626bdb-4319-2f5e-b91f-17fcaa44a83d, 79 %, 10238 MiB, 282.24 W
2026/10/08 23:36:33.950, 0, GPU-cb24f168-9f18-f0d5-6f4a-6d2406958f50, 0 %, 2 MiB, 30.31 W
2026/10/08 23:36:33.950, 1, GPU-cb626bdb-4319-2f5e-b91f-17fcaa44a83d, 57 %, 10238 MiB, 268.65 W
2026/10/08 23:36:43.951, 0, GPU-cb24f168-9f18-f0d5-6f4a-6d2406958f50, 0 %, 2 MiB, 30.63 W
2026/10/08 23:36:43.951, 1, GPU-cb626bdb-4319-2f5e-b91f-17fcaa44a83d, 81 %, 10238 MiB, 286.09 W
2026/10/08 23:36:53.951, 0, GPU-cb24f168-9f18-f0d5-6f4a-6d2406958f50, 0 %, 2 MiB, 30.24 W
2026/10/08 23:36:53.951, 1, GPU-cb626bdb-4319-2f5e-b91f-17fcaa44a83d, 67 %, 10238 MiB, 274.23 W
2026/10/08 23:37:03.952, 0, GPU-cb24f168-9f18-f0d5-6f4a-6d2406958f50, 0 %, 2 MiB, 30.24 W
2026/10/08 23:37:03.952, 1, GPU-cb626bdb-4319-2f5e-b91f-17fcaa44a83d, 94 %, 10238 MiB, 287.33 W
2026/10/08 23:37:13.953, 0, GPU-cb24f168-9f18-f0d5-6f4a-6d2406958f50, 0 %, 2 MiB, 30.38 W
2026/10/08 23:37:13.953, 1, GPU-cb626bdb-4319-2f5e-b91f-17fcaa44a83d, 50 %, 10238 MiB, 283.00 W
2026/10/08 23:37:23.954, 0, GPU-cb24f168-9f18-f0d5-6f4a-6d2406958f50, 0 %, 2 MiB, 30.46 W
2026/10/08 23:37:23.978, 1, GPU-cb626bdb-4319-2f5e-b91f-17fcaa44a83d, 46 %, 10238 MiB, 272.21 W
2026/10/08 23:37:33.980, 0, GPU-cb24f168-9f18-f0d5-6f4a-6d2406958f50, 0 %, 2 MiB, 30.33 W
2026/10/08 23:37:33.985, 1, GPU-cb626bdb-4319-2f5e-b91f-17fcaa44a83d, 61 %, 10238 MiB, 266.25 W
2026/10/08 23:37:43.986, 0, GPU-cb24f168-9f18-f0d5-6f4a-6d2406958f50, 0 %, 2 MiB, 30.32 W
2026/10/08 23:37:43.986, 1, GPU-cb626bdb-4319-2f5e-b91f-17fcaa44a83d, 48 %, 10238 MiB, 269.53 W
2026/10/08 23:37:53.987, 0, GPU-cb24f168-9f18-f0d5-6f4a-6d2406958f50, 0 %, 2 MiB, 30.38 W
2026/10/08 23:37:53.987, 1, GPU-cb626bdb-4319-2f5e-b91f-17fcaa44a83d, 48 %, 10238 MiB, 269.40 W
2026/10/08 23:38:03.988, 0, GPU-cb24f168-9f18-f0d5-6f4a-6d2406958f50, 0 %, 2 MiB, 30.24 W
2026/10/08 23:38:03.988, 1, GPU-cb626bdb-4319-2f5e-b91f-17fcaa44a83d, 78 %, 10238 MiB, 285.58 W
2026/10/08 23:38:13.988, 0, GPU-cb24f168-9f18-f0d5-6f4a-6d2406958f50, 0 %, 2 MiB, 30.19 W
2026/10/08 23:38:13.988, 1, GPU-cb626bdb-4319-2f5e-b91f-17fcaa44a83d, 49 %, 10238 MiB, 270.51 W
2026/10/08 23:38:23.989, 0, GPU-cb24f168-9f18-f0d5-6f4a-6d2406958f50, 0 %, 2 MiB, 30.28 W
2026/10/08 23:38:23.989, 1, GPU-cb626bdb-4319-2f5e-b91f-17fcaa44a83d, 47 %, 10238 MiB, 286.40 W
2026/10/08 23:38:33.990, 0, GPU-cb24f168-9f18-f0d5-6f4a-6d2406958f50, 0 %, 2 MiB, 30.22 W
2026/10/08 23:38:33.990, 1, GPU-cb626bdb-4319-2f5e-b91f-17fcaa44a83d, 49 %, 10238 MiB, 277.21 W
2026/10/08 23:38:43.991, 0, GPU-cb24f168-9f18-f0d5-6f4a-6d2406958f50, 0 %, 2 MiB, 30.32 W
2026/10/08 23:38:43.991, 1, GPU-cb626bdb-4319-2f5e-b91f-17fcaa44a83d, 48 %, 10238 MiB, 254.04 W
2026/10/08 23:38:53.991, 0, GPU-cb24f168-9f18-f0d5-6f4a-6d2406958f50, 0 %, 2 MiB, 30.18 W
2026/10/08 23:38:53.991, 1, GPU-cb626bdb-4319-2f5e-b91f-17fcaa44a83d, 47 %, 10238 MiB, 286.59 W
2026/10/08 23:39:03.992, 0, GPU-cb24f168-9f18-f0d5-6f4a-6d2406958f50, 0 %, 2 MiB, 30.29 W
2026/10/08 23:39:03.998, 1, GPU-cb626bdb-4319-2f5e-b91f-17fcaa44a83d, 75 %, 10238 MiB, 294.94 W
2026/10/08 23:39:13.999, 0, GPU-cb24f168-9f18-f0d5-6f4a-6d2406958f50, 0 %, 2 MiB, 30.52 W
2026/10/08 23:39:14.000, 1, GPU-cb626bdb-4319-2f5e-b91f-17fcaa44a83d, 44 %, 10238 MiB, 278.25 W
2026/10/08 23:39:24.000, 0, GPU-cb24f168-9f18-f0d5-6f4a-6d2406958f50, 0 %, 2 MiB, 30.36 W
2026/10/08 23:39:24.001, 1, GPU-cb626bdb-4319-2f5e-b91f-17fcaa44a83d, 85 %, 10238 MiB, 279.43 W
2026/10/08 23:39:34.002, 0, GPU-cb24f168-9f18-f0d5-6f4a-6d2406958f50, 0 %, 2 MiB, 30.58 W
2026/10/08 23:39:34.002, 1, GPU-cb626bdb-4319-2f5e-b91f-17fcaa44a83d, 42 %, 10238 MiB, 273.16 W
2026/10/08 23:39:44.003, 0, GPU-cb24f168-9f18-f0d5-6f4a-6d2406958f50, 0 %, 2 MiB, 30.30 W
2026/10/08 23:39:44.003, 1, GPU-cb626bdb-4319-2f5e-b91f-17fcaa44a83d, 59 %, 10238 MiB, 272.24 W
2026/10/08 23:39:54.004, 0, GPU-cb24f168-9f18-f0d5-6f4a-6d2406958f50, 0 %, 2 MiB, 30.51 W
2026/10/08 23:39:54.004, 1, GPU-cb626bdb-4319-2f5e-b91f-17fcaa44a83d, 44 %, 10238 MiB, 268.21 W
2026/10/08 23:40:04.004, 0, GPU-cb24f168-9f18-f0d5-6f4a-6d2406958f50, 0 %, 2 MiB, 30.55 W
2026/10/08 23:40:04.004, 1, GPU-cb626bdb-4319-2f5e-b91f-17fcaa44a83d, 44 %, 10238 MiB, 279.66 W
2026/10/08 23:40:14.005, 0, GPU-cb24f168-9f18-f0d5-6f4a-6d2406958f50, 0 %, 2 MiB, 30.55 W
2026/10/08 23:40:14.005, 1, GPU-cb626bdb-4319-2f5e-b91f-17fcaa44a83d, 53 %, 10238 MiB, 266.48 W
2026/10/08 23:40:24.006, 0, GPU-cb24f168-9f18-f0d5-6f4a-6d2406958f50, 0 %, 2 MiB, 30.56 W
2026/10/08 23:40:24.006, 1, GPU-cb626bdb-4319-2f5e-b91f-17fcaa44a83d, 59 %, 10238 MiB, 252.32 W
2026/10/08 23:40:34.007, 0, GPU-cb24f168-9f18-f0d5-6f4a-6d2406958f50, 0 %, 2 MiB, 30.52 W
2026/10/08 23:40:34.007, 1, GPU-cb626bdb-4319-2f5e-b91f-17fcaa44a83d, 46 %, 10238 MiB, 268.85 W
2026/10/08 23:40:44.008, 0, GPU-cb24f168-9f18-f0d5-6f4a-6d2406958f50, 0 %, 2 MiB, 30.61 W
2026/10/08 23:40:44.008, 1, GPU-cb626bdb-4319-2f5e-b91f-17fcaa44a83d, 43 %, 10238 MiB, 262.35 W
2026/10/08 23:40:54.009, 0, GPU-cb24f168-9f18-f0d5-6f4a-6d2406958f50, 0 %, 2 MiB, 30.64 W
2026/10/08 23:40:54.009, 1, GPU-cb626bdb-4319-2f5e-b91f-17fcaa44a83d, 38 %, 10238 MiB, 230.48 W
2026/10/08 23:41:04.010, 0, GPU-cb24f168-9f18-f0d5-6f4a-6d2406958f50, 0 %, 2 MiB, 30.43 W
2026/10/08 23:41:04.010, 1, GPU-cb626bdb-4319-2f5e-b91f-17fcaa44a83d, 24 %, 10238 MiB, 276.95 W
2026/10/08 23:41:14.011, 0, GPU-cb24f168-9f18-f0d5-6f4a-6d2406958f50, 0 %, 2 MiB, 30.59 W
2026/10/08 23:41:14.011, 1, GPU-cb626bdb-4319-2f5e-b91f-17fcaa44a83d, 39 %, 10238 MiB, 254.45 W
2026/10/08 23:41:24.011, 0, GPU-cb24f168-9f18-f0d5-6f4a-6d2406958f50, 0 %, 2 MiB, 30.62 W
2026/10/08 23:41:24.013, 1, GPU-cb626bdb-4319-2f5e-b91f-17fcaa44a83d, 94 %, 10238 MiB, 267.69 W
2026/10/08 23:41:34.013, 0, GPU-cb24f168-9f18-f0d5-6f4a-6d2406958f50, 0 %, 2 MiB, 30.61 W
2026/10/08 23:41:34.014, 1, GPU-cb626bdb-4319-2f5e-b91f-17fcaa44a83d, 74 %, 10238 MiB, 272.85 W
2026/10/08 23:41:44.014, 0, GPU-cb24f168-9f18-f0d5-6f4a-6d2406958f50, 0 %, 2 MiB, 30.52 W
2026/10/08 23:41:44.014, 1, GPU-cb626bdb-4319-2f5e-b91f-17fcaa44a83d, 79 %, 10238 MiB, 279.40 W
2026/10/08 23:41:54.015, 0, GPU-cb24f168-9f18-f0d5-6f4a-6d2406958f50, 0 %, 2 MiB, 30.60 W
2026/10/08 23:41:54.015, 1, GPU-cb626bdb-4319-2f5e-b91f-17fcaa44a83d, 87 %, 10238 MiB, 280.47 W
2026/10/08 23:42:04.017, 0, GPU-cb24f168-9f18-f0d5-6f4a-6d2406958f50, 0 %, 2 MiB, 30.67 W
2026/10/08 23:42:04.017, 1, GPU-cb626bdb-4319-2f5e-b91f-17fcaa44a83d, 43 %, 10238 MiB, 264.59 W
2026/10/08 23:42:14.017, 0, GPU-cb24f168-9f18-f0d5-6f4a-6d2406958f50, 0 %, 2 MiB, 30.69 W
2026/10/08 23:42:14.017, 1, GPU-cb626bdb-4319-2f5e-b91f-17fcaa44a83d, 43 %, 10238 MiB, 266.00 W
2026/10/08 23:42:24.018, 0, GPU-cb24f168-9f18-f0d5-6f4a-6d2406958f50, 0 %, 2 MiB, 30.54 W
2026/10/08 23:42:24.018, 1, GPU-cb626bdb-4319-2f5e-b91f-17fcaa44a83d, 43 %, 10238 MiB, 262.20 W
2026/10/08 23:42:34.019, 0, GPU-cb24f168-9f18-f0d5-6f4a-6d2406958f50, 0 %, 2 MiB, 30.58 W
2026/10/08 23:42:34.022, 1, GPU-cb626bdb-4319-2f5e-b91f-17fcaa44a83d, 93 %, 10238 MiB, 280.14 W
2026/10/08 23:42:44.022, 0, GPU-cb24f168-9f18-f0d5-6f4a-6d2406958f50, 0 %, 2 MiB, 30.48 W
2026/10/08 23:42:44.022, 1, GPU-cb626bdb-4319-2f5e-b91f-17fcaa44a83d, 41 %, 10238 MiB, 259.63 W
2026/10/08 23:42:54.023, 0, GPU-cb24f168-9f18-f0d5-6f4a-6d2406958f50, 0 %, 2 MiB, 30.72 W
2026/10/08 23:42:54.024, 1, GPU-cb626bdb-4319-2f5e-b91f-17fcaa44a83d, 46 %, 10238 MiB, 255.60 W
2026/10/08 23:43:04.025, 0, GPU-cb24f168-9f18-f0d5-6f4a-6d2406958f50, 0 %, 2 MiB, 30.76 W
2026/10/08 23:43:04.025, 1, GPU-cb626bdb-4319-2f5e-b91f-17fcaa44a83d, 42 %, 10238 MiB, 261.29 W
2026/10/08 23:43:14.027, 0, GPU-cb24f168-9f18-f0d5-6f4a-6d2406958f50, 0 %, 2 MiB, 30.54 W
2026/10/08 23:43:14.027, 1, GPU-cb626bdb-4319-2f5e-b91f-17fcaa44a83d, 47 %, 10238 MiB, 260.63 W
2026/10/08 23:43:24.028, 0, GPU-cb24f168-9f18-f0d5-6f4a-6d2406958f50, 0 %, 2 MiB, 30.77 W
2026/10/08 23:43:24.028, 1, GPU-cb626bdb-4319-2f5e-b91f-17fcaa44a83d, 97 %, 10238 MiB, 277.43 W
2026/10/08 23:43:34.028, 0, GPU-cb24f168-9f18-f0d5-6f4a-6d2406958f50, 0 %, 2 MiB, 30.60 W
2026/10/08 23:43:34.028, 1, GPU-cb626bdb-4319-2f5e-b91f-17fcaa44a83d, 44 %, 10238 MiB, 261.85 W
2026/10/08 23:43:44.029, 0, GPU-cb24f168-9f18-f0d5-6f4a-6d2406958f50, 0 %, 2 MiB, 30.58 W
2026/10/08 23:43:44.029, 1, GPU-cb626bdb-4319-2f5e-b91f-17fcaa44a83d, 43 %, 10238 MiB, 261.53 W
2026/10/08 23:43:54.030, 0, GPU-cb24f168-9f18-f0d5-6f4a-6d2406958f50, 0 %, 2 MiB, 30.47 W
2026/10/08 23:43:54.030, 1, GPU-cb626bdb-4319-2f5e-b91f-17fcaa44a83d, 44 %, 10238 MiB, 279.61 W
2026/10/08 23:44:04.031, 0, GPU-cb24f168-9f18-f0d5-6f4a-6d2406958f50, 0 %, 2 MiB, 30.59 W
2026/10/08 23:44:04.031, 1, GPU-cb626bdb-4319-2f5e-b91f-17fcaa44a83d, 43 %, 10238 MiB, 256.02 W
2026/10/08 23:44:14.031, 0, GPU-cb24f168-9f18-f0d5-6f4a-6d2406958f50, 0 %, 2 MiB, 30.54 W
2026/10/08 23:44:14.032, 1, GPU-cb626bdb-4319-2f5e-b91f-17fcaa44a83d, 68 %, 10238 MiB, 280.92 W
2026/10/08 23:44:24.032, 0, GPU-cb24f168-9f18-f0d5-6f4a-6d2406958f50, 0 %, 2 MiB, 30.41 W
2026/10/08 23:44:24.032, 1, GPU-cb626bdb-4319-2f5e-b91f-17fcaa44a83d, 86 %, 10238 MiB, 280.85 W
2026/10/08 23:44:34.033, 0, GPU-cb24f168-9f18-f0d5-6f4a-6d2406958f50, 0 %, 2 MiB, 30.59 W
2026/10/08 23:44:34.033, 1, GPU-cb626bdb-4319-2f5e-b91f-17fcaa44a83d, 44 %, 10238 MiB, 277.76 W
2026/10/08 23:44:44.034, 0, GPU-cb24f168-9f18-f0d5-6f4a-6d2406958f50, 0 %, 2 MiB, 30.60 W
2026/10/08 23:44:44.034, 1, GPU-cb626bdb-4319-2f5e-b91f-17fcaa44a83d, 79 %, 10238 MiB, 262.45 W
2026/10/08 23:44:54.034, 0, GPU-cb24f168-9f18-f0d5-6f4a-6d2406958f50, 0 %, 2 MiB, 30.57 W
2026/10/08 23:44:54.035, 1, GPU-cb626bdb-4319-2f5e-b91f-17fcaa44a83d, 86 %, 10238 MiB, 281.26 W
2026/10/08 23:45:04.037, 0, GPU-cb24f168-9f18-f0d5-6f4a-6d2406958f50, 0 %, 2 MiB, 30.58 W
2026/10/08 23:45:04.037, 1, GPU-cb626bdb-4319-2f5e-b91f-17fcaa44a83d, 42 %, 10238 MiB, 243.09 W
2026/10/08 23:45:14.038, 0, GPU-cb24f168-9f18-f0d5-6f4a-6d2406958f50, 0 %, 2 MiB, 30.64 W
2026/10/08 23:45:14.039, 1, GPU-cb626bdb-4319-2f5e-b91f-17fcaa44a83d, 44 %, 10238 MiB, 262.14 W
2026/10/08 23:45:24.041, 0, GPU-cb24f168-9f18-f0d5-6f4a-6d2406958f50, 0 %, 2 MiB, 30.72 W
2026/10/08 23:45:24.041, 1, GPU-cb626bdb-4319-2f5e-b91f-17fcaa44a83d, 43 %, 10238 MiB, 258.33 W
2026/10/08 23:45:34.042, 0, GPU-cb24f168-9f18-f0d5-6f4a-6d2406958f50, 0 %, 2 MiB, 30.56 W
2026/10/08 23:45:34.042, 1, GPU-cb626bdb-4319-2f5e-b91f-17fcaa44a83d, 43 %, 10238 MiB, 262.55 W
2026/10/08 23:45:44.043, 0, GPU-cb24f168-9f18-f0d5-6f4a-6d2406958f50, 0 %, 2 MiB, 30.62 W
2026/10/08 23:45:44.043, 1, GPU-cb626bdb-4319-2f5e-b91f-17fcaa44a83d, 73 %, 10238 MiB, 279.67 W
2026/10/08 23:45:54.044, 0, GPU-cb24f168-9f18-f0d5-6f4a-6d2406958f50, 0 %, 2 MiB, 30.54 W
2026/10/08 23:45:54.044, 1, GPU-cb626bdb-4319-2f5e-b91f-17fcaa44a83d, 42 %, 10238 MiB, 269.82 W
2026/10/08 23:46:04.044, 0, GPU-cb24f168-9f18-f0d5-6f4a-6d2406958f50, 0 %, 2 MiB, 30.60 W
2026/10/08 23:46:04.045, 1, GPU-cb626bdb-4319-2f5e-b91f-17fcaa44a83d, 43 %, 10238 MiB, 280.53 W
2026/10/08 23:46:14.045, 0, GPU-cb24f168-9f18-f0d5-6f4a-6d2406958f50, 0 %, 2 MiB, 30.63 W
2026/10/08 23:46:14.045, 1, GPU-cb626bdb-4319-2f5e-b91f-17fcaa44a83d, 43 %, 10238 MiB, 281.02 W
2026/10/08 23:46:24.046, 0, GPU-cb24f168-9f18-f0d5-6f4a-6d2406958f50, 0 %, 2 MiB, 30.59 W
2026/10/08 23:46:24.046, 1, GPU-cb626bdb-4319-2f5e-b91f-17fcaa44a83d, 63 %, 10238 MiB, 266.48 W
2026/10/08 23:46:34.047, 0, GPU-cb24f168-9f18-f0d5-6f4a-6d2406958f50, 0 %, 2 MiB, 30.65 W
2026/10/08 23:46:34.047, 1, GPU-cb626bdb-4319-2f5e-b91f-17fcaa44a83d, 51 %, 10238 MiB, 282.45 W
2026/10/08 23:46:44.048, 0, GPU-cb24f168-9f18-f0d5-6f4a-6d2406958f50, 0 %, 2 MiB, 30.53 W
2026/10/08 23:46:44.048, 1, GPU-cb626bdb-4319-2f5e-b91f-17fcaa44a83d, 42 %, 10238 MiB, 281.94 W
2026/10/08 23:46:54.049, 0, GPU-cb24f168-9f18-f0d5-6f4a-6d2406958f50, 0 %, 2 MiB, 30.68 W
2026/10/08 23:46:54.049, 1, GPU-cb626bdb-4319-2f5e-b91f-17fcaa44a83d, 58 %, 10238 MiB, 297.56 W
2026/10/08 23:47:04.050, 0, GPU-cb24f168-9f18-f0d5-6f4a-6d2406958f50, 0 %, 2 MiB, 30.72 W
2026/10/08 23:47:04.050, 1, GPU-cb626bdb-4319-2f5e-b91f-17fcaa44a83d, 58 %, 10238 MiB, 276.66 W
2026/10/08 23:47:14.050, 0, GPU-cb24f168-9f18-f0d5-6f4a-6d2406958f50, 0 %, 2 MiB, 30.60 W
2026/10/08 23:47:14.051, 1, GPU-cb626bdb-4319-2f5e-b91f-17fcaa44a83d, 58 %, 10238 MiB, 273.82 W
2026/10/08 23:47:24.052, 0, GPU-cb24f168-9f18-f0d5-6f4a-6d2406958f50, 0 %, 2 MiB, 30.75 W
2026/10/08 23:47:24.052, 1, GPU-cb626bdb-4319-2f5e-b91f-17fcaa44a83d, 60 %, 10238 MiB, 247.44 W
2026/10/08 23:47:34.052, 0, GPU-cb24f168-9f18-f0d5-6f4a-6d2406958f50, 0 %, 2 MiB, 30.60 W
2026/10/08 23:47:34.052, 1, GPU-cb626bdb-4319-2f5e-b91f-17fcaa44a83d, 65 %, 10238 MiB, 268.48 W
2026/10/08 23:47:44.053, 0, GPU-cb24f168-9f18-f0d5-6f4a-6d2406958f50, 0 %, 2 MiB, 30.63 W
2026/10/08 23:47:44.054, 1, GPU-cb626bdb-4319-2f5e-b91f-17fcaa44a83d, 45 %, 10238 MiB, 253.37 W
2026/10/08 23:47:54.055, 0, GPU-cb24f168-9f18-f0d5-6f4a-6d2406958f50, 0 %, 2 MiB, 30.55 W
2026/10/08 23:47:54.055, 1, GPU-cb626bdb-4319-2f5e-b91f-17fcaa44a83d, 43 %, 10238 MiB, 242.49 W
2026/10/08 23:48:04.056, 0, GPU-cb24f168-9f18-f0d5-6f4a-6d2406958f50, 0 %, 2 MiB, 30.70 W
2026/10/08 23:48:04.056, 1, GPU-cb626bdb-4319-2f5e-b91f-17fcaa44a83d, 44 %, 10238 MiB, 258.28 W
2026/10/08 23:48:14.057, 0, GPU-cb24f168-9f18-f0d5-6f4a-6d2406958f50, 0 %, 2 MiB, 30.79 W
2026/10/08 23:48:14.057, 1, GPU-cb626bdb-4319-2f5e-b91f-17fcaa44a83d, 43 %, 10238 MiB, 260.08 W
2026/10/08 23:48:24.058, 0, GPU-cb24f168-9f18-f0d5-6f4a-6d2406958f50, 0 %, 2 MiB, 30.56 W
2026/10/08 23:48:24.058, 1, GPU-cb626bdb-4319-2f5e-b91f-17fcaa44a83d, 43 %, 10238 MiB, 275.25 W
2026/10/08 23:48:34.058, 0, GPU-cb24f168-9f18-f0d5-6f4a-6d2406958f50, 0 %, 2 MiB, 30.58 W
2026/10/08 23:48:34.059, 1, GPU-cb626bdb-4319-2f5e-b91f-17fcaa44a83d, 87 %, 10238 MiB, 278.34 W
2026/10/08 23:48:44.059, 0, GPU-cb24f168-9f18-f0d5-6f4a-6d2406958f50, 0 %, 2 MiB, 30.56 W
2026/10/08 23:48:44.059, 1, GPU-cb626bdb-4319-2f5e-b91f-17fcaa44a83d, 43 %, 10238 MiB, 278.13 W
2026/10/08 23:48:54.060, 0, GPU-cb24f168-9f18-f0d5-6f4a-6d2406958f50, 0 %, 2 MiB, 30.55 W
2026/10/08 23:48:54.060, 1, GPU-cb626bdb-4319-2f5e-b91f-17fcaa44a83d, 66 %, 10238 MiB, 296.00 W
2026/10/08 23:49:04.061, 0, GPU-cb24f168-9f18-f0d5-6f4a-6d2406958f50, 0 %, 2 MiB, 30.76 W
2026/10/08 23:49:04.061, 1, GPU-cb626bdb-4319-2f5e-b91f-17fcaa44a83d, 55 %, 10238 MiB, 260.38 W
2026/10/08 23:49:14.063, 0, GPU-cb24f168-9f18-f0d5-6f4a-6d2406958f50, 0 %, 2 MiB, 30.60 W
2026/10/08 23:49:14.063, 1, GPU-cb626bdb-4319-2f5e-b91f-17fcaa44a83d, 46 %, 10238 MiB, 294.33 W
2026/10/08 23:49:24.064, 0, GPU-cb24f168-9f18-f0d5-6f4a-6d2406958f50, 0 %, 2 MiB, 30.63 W
2026/10/08 23:49:24.064, 1, GPU-cb626bdb-4319-2f5e-b91f-17fcaa44a83d, 85 %, 10238 MiB, 293.39 W
2026/10/08 23:49:34.065, 0, GPU-cb24f168-9f18-f0d5-6f4a-6d2406958f50, 0 %, 2 MiB, 30.59 W
2026/10/08 23:49:34.065, 1, GPU-cb626bdb-4319-2f5e-b91f-17fcaa44a83d, 49 %, 10238 MiB, 272.76 W
2026/10/08 23:49:44.065, 0, GPU-cb24f168-9f18-f0d5-6f4a-6d2406958f50, 0 %, 2 MiB, 30.52 W
2026/10/08 23:49:44.065, 1, GPU-cb626bdb-4319-2f5e-b91f-17fcaa44a83d, 87 %, 10238 MiB, 285.30 W
2026/10/08 23:49:54.066, 0, GPU-cb24f168-9f18-f0d5-6f4a-6d2406958f50, 0 %, 2 MiB, 30.62 W
2026/10/08 23:49:54.066, 1, GPU-cb626bdb-4319-2f5e-b91f-17fcaa44a83d, 49 %, 10238 MiB, 273.37 W
2026/10/08 23:50:04.067, 0, GPU-cb24f168-9f18-f0d5-6f4a-6d2406958f50, 0 %, 2 MiB, 30.54 W
2026/10/08 23:50:04.067, 1, GPU-cb626bdb-4319-2f5e-b91f-17fcaa44a83d, 47 %, 10238 MiB, 286.54 W
2026/10/08 23:50:14.068, 0, GPU-cb24f168-9f18-f0d5-6f4a-6d2406958f50, 0 %, 2 MiB, 30.62 W
2026/10/08 23:50:14.068, 1, GPU-cb626bdb-4319-2f5e-b91f-17fcaa44a83d, 65 %, 10238 MiB, 272.58 W
2026/10/08 23:50:24.069, 0, GPU-cb24f168-9f18-f0d5-6f4a-6d2406958f50, 0 %, 2 MiB, 30.58 W
2026/10/08 23:50:24.069, 1, GPU-cb626bdb-4319-2f5e-b91f-17fcaa44a83d, 47 %, 10238 MiB, 272.52 W
2026/10/08 23:50:34.069, 0, GPU-cb24f168-9f18-f0d5-6f4a-6d2406958f50, 0 %, 2 MiB, 30.54 W
2026/10/08 23:50:34.069, 1, GPU-cb626bdb-4319-2f5e-b91f-17fcaa44a83d, 83 %, 10238 MiB, 286.71 W
2026/10/08 23:50:44.070, 0, GPU-cb24f168-9f18-f0d5-6f4a-6d2406958f50, 0 %, 2 MiB, 30.50 W
2026/10/08 23:50:44.070, 1, GPU-cb626bdb-4319-2f5e-b91f-17fcaa44a83d, 53 %, 10238 MiB, 299.85 W
2026/10/08 23:50:54.071, 0, GPU-cb24f168-9f18-f0d5-6f4a-6d2406958f50, 0 %, 2 MiB, 30.45 W
2026/10/08 23:50:54.071, 1, GPU-cb626bdb-4319-2f5e-b91f-17fcaa44a83d, 51 %, 10238 MiB, 281.48 W
2026/10/08 23:51:04.072, 0, GPU-cb24f168-9f18-f0d5-6f4a-6d2406958f50, 0 %, 2 MiB, 30.59 W
2026/10/08 23:51:04.072, 1, GPU-cb626bdb-4319-2f5e-b91f-17fcaa44a83d, 74 %, 10238 MiB, 289.48 W
2026/10/08 23:51:14.072, 0, GPU-cb24f168-9f18-f0d5-6f4a-6d2406958f50, 0 %, 2 MiB, 30.52 W
2026/10/08 23:51:14.073, 1, GPU-cb626bdb-4319-2f5e-b91f-17fcaa44a83d, 97 %, 10238 MiB, 336.95 W
2026/10/08 23:51:24.073, 0, GPU-cb24f168-9f18-f0d5-6f4a-6d2406958f50, 0 %, 2 MiB, 30.74 W
2026/10/08 23:51:24.073, 1, GPU-cb626bdb-4319-2f5e-b91f-17fcaa44a83d, 68 %, 10238 MiB, 295.45 W
2026/10/08 23:51:34.074, 0, GPU-cb24f168-9f18-f0d5-6f4a-6d2406958f50, 0 %, 2 MiB, 30.54 W
2026/10/08 23:51:34.074, 1, GPU-cb626bdb-4319-2f5e-b91f-17fcaa44a83d, 76 %, 10238 MiB, 281.20 W
2026/10/08 23:51:44.075, 0, GPU-cb24f168-9f18-f0d5-6f4a-6d2406958f50, 0 %, 2 MiB, 30.52 W
2026/10/08 23:51:44.075, 1, GPU-cb626bdb-4319-2f5e-b91f-17fcaa44a83d, 54 %, 10238 MiB, 283.16 W
2026/10/08 23:51:54.075, 0, GPU-cb24f168-9f18-f0d5-6f4a-6d2406958f50, 0 %, 2 MiB, 30.54 W
2026/10/08 23:51:54.076, 1, GPU-cb626bdb-4319-2f5e-b91f-17fcaa44a83d, 46 %, 10238 MiB, 261.74 W
2026/10/08 23:52:04.076, 0, GPU-cb24f168-9f18-f0d5-6f4a-6d2406958f50, 0 %, 2 MiB, 30.54 W
2026/10/08 23:52:04.076, 1, GPU-cb626bdb-4319-2f5e-b91f-17fcaa44a83d, 61 %, 10238 MiB, 300.37 W
2026/10/08 23:52:14.077, 0, GPU-cb24f168-9f18-f0d5-6f4a-6d2406958f50, 0 %, 2 MiB, 30.72 W
2026/10/08 23:52:14.078, 1, GPU-cb626bdb-4319-2f5e-b91f-17fcaa44a83d, 57 %, 10238 MiB, 283.20 W
2026/10/08 23:52:24.078, 0, GPU-cb24f168-9f18-f0d5-6f4a-6d2406958f50, 0 %, 2 MiB, 30.55 W
2026/10/08 23:52:24.078, 1, GPU-cb626bdb-4319-2f5e-b91f-17fcaa44a83d, 57 %, 10238 MiB, 298.72 W
2026/10/08 23:52:34.079, 0, GPU-cb24f168-9f18-f0d5-6f4a-6d2406958f50, 0 %, 2 MiB, 30.60 W
2026/10/08 23:52:34.079, 1, GPU-cb626bdb-4319-2f5e-b91f-17fcaa44a83d, 96 %, 10238 MiB, 286.80 W
2026/10/08 23:52:44.080, 0, GPU-cb24f168-9f18-f0d5-6f4a-6d2406958f50, 0 %, 2 MiB, 30.60 W
2026/10/08 23:52:44.080, 1, GPU-cb626bdb-4319-2f5e-b91f-17fcaa44a83d, 47 %, 10238 MiB, 276.90 W
2026/10/08 23:52:54.081, 0, GPU-cb24f168-9f18-f0d5-6f4a-6d2406958f50, 0 %, 2 MiB, 30.56 W
2026/10/08 23:52:54.081, 1, GPU-cb626bdb-4319-2f5e-b91f-17fcaa44a83d, 48 %, 10238 MiB, 286.75 W
2026/10/08 23:53:04.082, 0, GPU-cb24f168-9f18-f0d5-6f4a-6d2406958f50, 0 %, 2 MiB, 30.60 W
2026/10/08 23:53:04.082, 1, GPU-cb626bdb-4319-2f5e-b91f-17fcaa44a83d, 49 %, 10238 MiB, 276.48 W
2026/10/08 23:53:14.082, 0, GPU-cb24f168-9f18-f0d5-6f4a-6d2406958f50, 0 %, 2 MiB, 30.52 W
2026/10/08 23:53:14.082, 1, GPU-cb626bdb-4319-2f5e-b91f-17fcaa44a83d, 50 %, 10238 MiB, 280.73 W
2026/10/08 23:53:24.083, 0, GPU-cb24f168-9f18-f0d5-6f4a-6d2406958f50, 0 %, 2 MiB, 30.51 W
2026/10/08 23:53:24.083, 1, GPU-cb626bdb-4319-2f5e-b91f-17fcaa44a83d, 55 %, 10238 MiB, 267.34 W
2026/10/08 23:53:34.084, 0, GPU-cb24f168-9f18-f0d5-6f4a-6d2406958f50, 0 %, 2 MiB, 30.40 W
2026/10/08 23:53:34.084, 1, GPU-cb626bdb-4319-2f5e-b91f-17fcaa44a83d, 93 %, 10238 MiB, 284.64 W
2026/10/08 23:53:44.085, 0, GPU-cb24f168-9f18-f0d5-6f4a-6d2406958f50, 0 %, 2 MiB, 30.50 W
2026/10/08 23:53:44.085, 1, GPU-cb626bdb-4319-2f5e-b91f-17fcaa44a83d, 48 %, 10238 MiB, 271.15 W
2026/10/08 23:53:54.086, 0, GPU-cb24f168-9f18-f0d5-6f4a-6d2406958f50, 0 %, 2 MiB, 30.32 W
2026/10/08 23:53:54.086, 1, GPU-cb626bdb-4319-2f5e-b91f-17fcaa44a83d, 50 %, 10238 MiB, 276.89 W
2026/10/08 23:54:04.086, 0, GPU-cb24f168-9f18-f0d5-6f4a-6d2406958f50, 0 %, 2 MiB, 30.29 W
2026/10/08 23:54:04.086, 1, GPU-cb626bdb-4319-2f5e-b91f-17fcaa44a83d, 79 %, 10238 MiB, 284.16 W
2026/10/08 23:54:14.087, 0, GPU-cb24f168-9f18-f0d5-6f4a-6d2406958f50, 0 %, 2 MiB, 30.33 W
2026/10/08 23:54:14.087, 1, GPU-cb626bdb-4319-2f5e-b91f-17fcaa44a83d, 51 %, 10238 MiB, 268.78 W
2026/10/08 23:54:24.088, 0, GPU-cb24f168-9f18-f0d5-6f4a-6d2406958f50, 0 %, 2 MiB, 30.31 W
2026/10/08 23:54:24.088, 1, GPU-cb626bdb-4319-2f5e-b91f-17fcaa44a83d, 81 %, 10238 MiB, 273.15 W
2026/10/08 23:54:34.089, 0, GPU-cb24f168-9f18-f0d5-6f4a-6d2406958f50, 0 %, 2 MiB, 30.42 W
2026/10/08 23:54:34.089, 1, GPU-cb626bdb-4319-2f5e-b91f-17fcaa44a83d, 72 %, 10238 MiB, 294.55 W
2026/10/08 23:54:44.089, 0, GPU-cb24f168-9f18-f0d5-6f4a-6d2406958f50, 0 %, 2 MiB, 30.34 W
2026/10/08 23:54:44.090, 1, GPU-cb626bdb-4319-2f5e-b91f-17fcaa44a83d, 88 %, 10238 MiB, 298.15 W
2026/10/08 23:54:54.091, 0, GPU-cb24f168-9f18-f0d5-6f4a-6d2406958f50, 0 %, 2 MiB, 30.33 W
2026/10/08 23:54:54.091, 1, GPU-cb626bdb-4319-2f5e-b91f-17fcaa44a83d, 65 %, 10238 MiB, 287.58 W
2026/10/08 23:55:04.092, 0, GPU-cb24f168-9f18-f0d5-6f4a-6d2406958f50, 0 %, 2 MiB, 30.38 W
2026/10/08 23:55:04.092, 1, GPU-cb626bdb-4319-2f5e-b91f-17fcaa44a83d, 42 %, 10238 MiB, 279.56 W
2026/10/08 23:55:14.092, 0, GPU-cb24f168-9f18-f0d5-6f4a-6d2406958f50, 0 %, 2 MiB, 30.48 W
2026/10/08 23:55:14.106, 1, GPU-cb626bdb-4319-2f5e-b91f-17fcaa44a83d, 0 %, 10238 MiB, 139.01 W
2026/10/08 23:55:24.109, 0, GPU-cb24f168-9f18-f0d5-6f4a-6d2406958f50, 0 %, 2 MiB, 30.45 W
2026/10/08 23:55:24.109, 1, GPU-cb626bdb-4319-2f5e-b91f-17fcaa44a83d, 53 %, 10238 MiB, 283.83 W
2026/10/08 23:55:34.109, 0, GPU-cb24f168-9f18-f0d5-6f4a-6d2406958f50, 0 %, 2 MiB, 30.42 W
2026/10/08 23:55:34.110, 1, GPU-cb626bdb-4319-2f5e-b91f-17fcaa44a83d, 44 %, 10238 MiB, 258.08 W
2026/10/08 23:55:44.110, 0, GPU-cb24f168-9f18-f0d5-6f4a-6d2406958f50, 0 %, 2 MiB, 30.45 W
2026/10/08 23:55:44.110, 1, GPU-cb626bdb-4319-2f5e-b91f-17fcaa44a83d, 89 %, 10238 MiB, 259.32 W
2026/10/08 23:55:54.111, 0, GPU-cb24f168-9f18-f0d5-6f4a-6d2406958f50, 0 %, 2 MiB, 30.39 W
2026/10/08 23:55:54.111, 1, GPU-cb626bdb-4319-2f5e-b91f-17fcaa44a83d, 65 %, 10238 MiB, 276.14 W
2026/10/08 23:56:04.112, 0, GPU-cb24f168-9f18-f0d5-6f4a-6d2406958f50, 0 %, 2 MiB, 30.39 W
2026/10/08 23:56:04.113, 1, GPU-cb626bdb-4319-2f5e-b91f-17fcaa44a83d, 44 %, 10238 MiB, 239.56 W
2026/10/08 23:56:14.114, 0, GPU-cb24f168-9f18-f0d5-6f4a-6d2406958f50, 0 %, 2 MiB, 30.45 W
2026/10/08 23:56:14.115, 1, GPU-cb626bdb-4319-2f5e-b91f-17fcaa44a83d, 92 %, 10238 MiB, 293.77 W
2026/10/08 23:56:24.115, 0, GPU-cb24f168-9f18-f0d5-6f4a-6d2406958f50, 0 %, 2 MiB, 30.42 W
2026/10/08 23:56:24.116, 1, GPU-cb626bdb-4319-2f5e-b91f-17fcaa44a83d, 44 %, 10238 MiB, 284.15 W
2026/10/08 23:56:34.116, 0, GPU-cb24f168-9f18-f0d5-6f4a-6d2406958f50, 0 %, 2 MiB, 30.33 W
2026/10/08 23:56:34.116, 1, GPU-cb626bdb-4319-2f5e-b91f-17fcaa44a83d, 43 %, 10238 MiB, 253.21 W
2026/10/08 23:56:44.117, 0, GPU-cb24f168-9f18-f0d5-6f4a-6d2406958f50, 0 %, 2 MiB, 30.35 W
2026/10/08 23:56:44.117, 1, GPU-cb626bdb-4319-2f5e-b91f-17fcaa44a83d, 45 %, 10238 MiB, 276.24 W
2026/10/08 23:56:54.118, 0, GPU-cb24f168-9f18-f0d5-6f4a-6d2406958f50, 0 %, 2 MiB, 30.37 W
2026/10/08 23:56:54.118, 1, GPU-cb626bdb-4319-2f5e-b91f-17fcaa44a83d, 43 %, 10238 MiB, 257.28 W
2026/10/08 23:57:04.118, 0, GPU-cb24f168-9f18-f0d5-6f4a-6d2406958f50, 0 %, 2 MiB, 30.47 W
2026/10/08 23:57:04.119, 1, GPU-cb626bdb-4319-2f5e-b91f-17fcaa44a83d, 86 %, 10238 MiB, 254.75 W
2026/10/08 23:57:14.119, 0, GPU-cb24f168-9f18-f0d5-6f4a-6d2406958f50, 0 %, 2 MiB, 30.37 W
2026/10/08 23:57:14.119, 1, GPU-cb626bdb-4319-2f5e-b91f-17fcaa44a83d, 0 %, 10238 MiB, 151.89 W
2026/10/08 23:57:24.120, 0, GPU-cb24f168-9f18-f0d5-6f4a-6d2406958f50, 0 %, 2 MiB, 30.49 W
2026/10/08 23:57:24.120, 1, GPU-cb626bdb-4319-2f5e-b91f-17fcaa44a83d, 44 %, 10238 MiB, 265.32 W
2026/10/08 23:57:34.121, 0, GPU-cb24f168-9f18-f0d5-6f4a-6d2406958f50, 0 %, 2 MiB, 30.27 W
2026/10/08 23:57:34.121, 1, GPU-cb626bdb-4319-2f5e-b91f-17fcaa44a83d, 40 %, 10238 MiB, 251.84 W
2026/10/08 23:57:44.121, 0, GPU-cb24f168-9f18-f0d5-6f4a-6d2406958f50, 0 %, 2 MiB, 30.48 W
2026/10/08 23:57:44.122, 1, GPU-cb626bdb-4319-2f5e-b91f-17fcaa44a83d, 44 %, 10238 MiB, 249.26 W
2026/10/08 23:57:54.122, 0, GPU-cb24f168-9f18-f0d5-6f4a-6d2406958f50, 0 %, 2 MiB, 30.37 W
2026/10/08 23:57:54.122, 1, GPU-cb626bdb-4319-2f5e-b91f-17fcaa44a83d, 45 %, 10238 MiB, 235.63 W
2026/10/08 23:58:04.123, 0, GPU-cb24f168-9f18-f0d5-6f4a-6d2406958f50, 0 %, 2 MiB, 30.32 W
2026/10/08 23:58:04.123, 1, GPU-cb626bdb-4319-2f5e-b91f-17fcaa44a83d, 43 %, 10238 MiB, 256.87 W
2026/10/08 23:58:14.124, 0, GPU-cb24f168-9f18-f0d5-6f4a-6d2406958f50, 0 %, 2 MiB, 30.50 W
2026/10/08 23:58:14.124, 1, GPU-cb626bdb-4319-2f5e-b91f-17fcaa44a83d, 43 %, 10238 MiB, 256.44 W
2026/10/08 23:58:24.125, 0, GPU-cb24f168-9f18-f0d5-6f4a-6d2406958f50, 0 %, 2 MiB, 30.37 W
2026/10/08 23:58:24.125, 1, GPU-cb626bdb-4319-2f5e-b91f-17fcaa44a83d, 93 %, 10238 MiB, 273.95 W
2026/10/08 23:58:34.125, 0, GPU-cb24f168-9f18-f0d5-6f4a-6d2406958f50, 0 %, 2 MiB, 30.48 W
2026/10/08 23:58:34.125, 1, GPU-cb626bdb-4319-2f5e-b91f-17fcaa44a83d, 43 %, 10238 MiB, 276.33 W
2026/10/08 23:58:44.126, 0, GPU-cb24f168-9f18-f0d5-6f4a-6d2406958f50, 0 %, 2 MiB, 30.24 W
2026/10/08 23:58:44.126, 1, GPU-cb626bdb-4319-2f5e-b91f-17fcaa44a83d, 67 %, 10238 MiB, 256.51 W
2026/10/08 23:58:54.127, 0, GPU-cb24f168-9f18-f0d5-6f4a-6d2406958f50, 0 %, 2 MiB, 30.46 W
2026/10/08 23:58:54.127, 1, GPU-cb626bdb-4319-2f5e-b91f-17fcaa44a83d, 42 %, 10238 MiB, 256.52 W
2026/10/08 23:59:04.128, 0, GPU-cb24f168-9f18-f0d5-6f4a-6d2406958f50, 0 %, 2 MiB, 30.54 W
2026/10/08 23:59:04.128, 1, GPU-cb626bdb-4319-2f5e-b91f-17fcaa44a83d, 43 %, 10238 MiB, 259.90 W
2026/10/08 23:59:14.129, 0, GPU-cb24f168-9f18-f0d5-6f4a-6d2406958f50, 0 %, 2 MiB, 30.32 W
2026/10/08 23:59:14.129, 1, GPU-cb626bdb-4319-2f5e-b91f-17fcaa44a83d, 0 %, 10238 MiB, 171.15 W
2026/10/08 23:59:24.129, 0, GPU-cb24f168-9f18-f0d5-6f4a-6d2406958f50, 0 %, 2 MiB, 30.26 W
2026/10/08 23:59:24.129, 1, GPU-cb626bdb-4319-2f5e-b91f-17fcaa44a83d, 69 %, 10238 MiB, 279.93 W
2026/10/08 23:59:34.130, 0, GPU-cb24f168-9f18-f0d5-6f4a-6d2406958f50, 0 %, 2 MiB, 30.21 W
2026/10/08 23:59:34.130, 1, GPU-cb626bdb-4319-2f5e-b91f-17fcaa44a83d, 52 %, 10238 MiB, 277.85 W
2026/10/08 23:59:44.131, 0, GPU-cb24f168-9f18-f0d5-6f4a-6d2406958f50, 0 %, 2 MiB, 30.35 W
2026/10/08 23:59:44.131, 1, GPU-cb626bdb-4319-2f5e-b91f-17fcaa44a83d, 61 %, 10238 MiB, 240.52 W
2026/10/08 23:59:54.132, 0, GPU-cb24f168-9f18-f0d5-6f4a-6d2406958f50, 0 %, 2 MiB, 30.44 W
2026/10/08 23:59:54.132, 1, GPU-cb626bdb-4319-2f5e-b91f-17fcaa44a83d, 82 %, 10238 MiB, 261.46 W
2026/10/09 00:00:04.132, 0, GPU-cb24f168-9f18-f0d5-6f4a-6d2406958f50, 0 %, 2 MiB, 30.45 W
2026/10/09 00:00:04.133, 1, GPU-cb626bdb-4319-2f5e-b91f-17fcaa44a83d, 83 %, 10238 MiB, 291.39 W
2026/10/09 00:00:14.134, 0, GPU-cb24f168-9f18-f0d5-6f4a-6d2406958f50, 0 %, 2 MiB, 30.25 W
2026/10/09 00:00:14.135, 1, GPU-cb626bdb-4319-2f5e-b91f-17fcaa44a83d, 55 %, 10238 MiB, 267.71 W
2026/10/09 00:00:24.135, 0, GPU-cb24f168-9f18-f0d5-6f4a-6d2406958f50, 0 %, 2 MiB, 30.22 W
2026/10/09 00:00:24.135, 1, GPU-cb626bdb-4319-2f5e-b91f-17fcaa44a83d, 40 %, 10238 MiB, 265.35 W
2026/10/09 00:00:34.136, 0, GPU-cb24f168-9f18-f0d5-6f4a-6d2406958f50, 0 %, 2 MiB, 30.30 W
2026/10/09 00:00:34.136, 1, GPU-cb626bdb-4319-2f5e-b91f-17fcaa44a83d, 38 %, 10238 MiB, 249.78 W
2026/10/09 00:00:44.137, 0, GPU-cb24f168-9f18-f0d5-6f4a-6d2406958f50, 0 %, 2 MiB, 30.23 W
2026/10/09 00:00:44.137, 1, GPU-cb626bdb-4319-2f5e-b91f-17fcaa44a83d, 38 %, 10238 MiB, 244.43 W
2026/10/09 00:00:54.138, 0, GPU-cb24f168-9f18-f0d5-6f4a-6d2406958f50, 0 %, 2 MiB, 30.31 W
2026/10/09 00:00:54.138, 1, GPU-cb626bdb-4319-2f5e-b91f-17fcaa44a83d, 45 %, 10238 MiB, 261.01 W
2026/10/09 00:01:04.138, 0, GPU-cb24f168-9f18-f0d5-6f4a-6d2406958f50, 0 %, 2 MiB, 30.32 W
2026/10/09 00:01:04.138, 1, GPU-cb626bdb-4319-2f5e-b91f-17fcaa44a83d, 38 %, 10238 MiB, 262.11 W
2026/10/09 00:01:14.139, 0, GPU-cb24f168-9f18-f0d5-6f4a-6d2406958f50, 0 %, 2 MiB, 30.29 W
2026/10/09 00:01:14.139, 1, GPU-cb626bdb-4319-2f5e-b91f-17fcaa44a83d, 93 %, 10238 MiB, 282.21 W
2026/10/09 00:01:24.140, 0, GPU-cb24f168-9f18-f0d5-6f4a-6d2406958f50, 0 %, 2 MiB, 30.30 W
2026/10/09 00:01:24.142, 1, GPU-cb626bdb-4319-2f5e-b91f-17fcaa44a83d, 97 %, 10238 MiB, 334.19 W
2026/10/09 00:01:34.143, 0, GPU-cb24f168-9f18-f0d5-6f4a-6d2406958f50, 0 %, 2 MiB, 30.35 W
2026/10/09 00:01:34.143, 1, GPU-cb626bdb-4319-2f5e-b91f-17fcaa44a83d, 65 %, 10238 MiB, 274.97 W
2026/10/09 00:01:44.144, 0, GPU-cb24f168-9f18-f0d5-6f4a-6d2406958f50, 0 %, 2 MiB, 30.37 W
2026/10/09 00:01:44.146, 1, GPU-cb626bdb-4319-2f5e-b91f-17fcaa44a83d, 40 %, 10238 MiB, 258.84 W
2026/10/09 00:01:54.147, 0, GPU-cb24f168-9f18-f0d5-6f4a-6d2406958f50, 0 %, 2 MiB, 30.21 W
2026/10/09 00:01:54.147, 1, GPU-cb626bdb-4319-2f5e-b91f-17fcaa44a83d, 68 %, 10238 MiB, 249.91 W
2026/10/09 00:02:04.148, 0, GPU-cb24f168-9f18-f0d5-6f4a-6d2406958f50, 0 %, 2 MiB, 30.34 W
2026/10/09 00:02:04.148, 1, GPU-cb626bdb-4319-2f5e-b91f-17fcaa44a83d, 64 %, 10238 MiB, 251.45 W
2026/10/09 00:02:14.148, 0, GPU-cb24f168-9f18-f0d5-6f4a-6d2406958f50, 0 %, 2 MiB, 30.24 W
2026/10/09 00:02:14.149, 1, GPU-cb626bdb-4319-2f5e-b91f-17fcaa44a83d, 40 %, 10238 MiB, 252.91 W
2026/10/09 00:02:24.149, 0, GPU-cb24f168-9f18-f0d5-6f4a-6d2406958f50, 0 %, 2 MiB, 30.32 W
2026/10/09 00:02:24.149, 1, GPU-cb626bdb-4319-2f5e-b91f-17fcaa44a83d, 55 %, 10238 MiB, 252.38 W
2026/10/09 00:02:34.150, 0, GPU-cb24f168-9f18-f0d5-6f4a-6d2406958f50, 0 %, 2 MiB, 30.31 W
2026/10/09 00:02:34.152, 1, GPU-cb626bdb-4319-2f5e-b91f-17fcaa44a83d, 94 %, 10238 MiB, 275.40 W
2026/10/09 00:02:44.153, 0, GPU-cb24f168-9f18-f0d5-6f4a-6d2406958f50, 0 %, 2 MiB, 30.29 W
2026/10/09 00:02:44.153, 1, GPU-cb626bdb-4319-2f5e-b91f-17fcaa44a83d, 43 %, 10238 MiB, 251.70 W
2026/10/09 00:02:54.153, 0, GPU-cb24f168-9f18-f0d5-6f4a-6d2406958f50, 0 %, 2 MiB, 30.43 W
2026/10/09 00:02:54.155, 1, GPU-cb626bdb-4319-2f5e-b91f-17fcaa44a83d, 49 %, 10238 MiB, 276.72 W
2026/10/09 00:03:04.156, 0, GPU-cb24f168-9f18-f0d5-6f4a-6d2406958f50, 0 %, 2 MiB, 30.25 W
2026/10/09 00:03:04.156, 1, GPU-cb626bdb-4319-2f5e-b91f-17fcaa44a83d, 78 %, 10238 MiB, 256.59 W
2026/10/09 00:03:14.157, 0, GPU-cb24f168-9f18-f0d5-6f4a-6d2406958f50, 0 %, 2 MiB, 30.37 W
2026/10/09 00:03:14.157, 1, GPU-cb626bdb-4319-2f5e-b91f-17fcaa44a83d, 44 %, 10238 MiB, 257.64 W
2026/10/09 00:03:24.158, 0, GPU-cb24f168-9f18-f0d5-6f4a-6d2406958f50, 0 %, 2 MiB, 30.50 W
2026/10/09 00:03:24.158, 1, GPU-cb626bdb-4319-2f5e-b91f-17fcaa44a83d, 43 %, 10238 MiB, 273.68 W
2026/10/09 00:03:34.158, 0, GPU-cb24f168-9f18-f0d5-6f4a-6d2406958f50, 0 %, 2 MiB, 30.33 W
2026/10/09 00:03:34.158, 1, GPU-cb626bdb-4319-2f5e-b91f-17fcaa44a83d, 72 %, 10238 MiB, 240.98 W
2026/10/09 00:03:44.159, 0, GPU-cb24f168-9f18-f0d5-6f4a-6d2406958f50, 0 %, 2 MiB, 30.47 W
2026/10/09 00:03:44.164, 1, GPU-cb626bdb-4319-2f5e-b91f-17fcaa44a83d, 71 %, 10238 MiB, 256.62 W
2026/10/09 00:03:54.165, 0, GPU-cb24f168-9f18-f0d5-6f4a-6d2406958f50, 0 %, 2 MiB, 30.30 W
2026/10/09 00:03:54.165, 1, GPU-cb626bdb-4319-2f5e-b91f-17fcaa44a83d, 51 %, 10238 MiB, 251.13 W
2026/10/09 00:04:04.166, 0, GPU-cb24f168-9f18-f0d5-6f4a-6d2406958f50, 0 %, 2 MiB, 30.60 W
2026/10/09 00:04:04.166, 1, GPU-cb626bdb-4319-2f5e-b91f-17fcaa44a83d, 90 %, 10238 MiB, 277.90 W
2026/10/09 00:04:14.166, 0, GPU-cb24f168-9f18-f0d5-6f4a-6d2406958f50, 0 %, 2 MiB, 30.31 W
2026/10/09 00:04:14.167, 1, GPU-cb626bdb-4319-2f5e-b91f-17fcaa44a83d, 42 %, 10238 MiB, 276.46 W
2026/10/09 00:04:24.167, 0, GPU-cb24f168-9f18-f0d5-6f4a-6d2406958f50, 0 %, 2 MiB, 30.30 W
2026/10/09 00:04:24.167, 1, GPU-cb626bdb-4319-2f5e-b91f-17fcaa44a83d, 43 %, 10238 MiB, 273.50 W
2026/10/09 00:04:34.168, 0, GPU-cb24f168-9f18-f0d5-6f4a-6d2406958f50, 0 %, 2 MiB, 30.36 W
2026/10/09 00:04:34.168, 1, GPU-cb626bdb-4319-2f5e-b91f-17fcaa44a83d, 43 %, 10238 MiB, 279.72 W
2026/10/09 00:04:44.169, 0, GPU-cb24f168-9f18-f0d5-6f4a-6d2406958f50, 0 %, 2 MiB, 30.47 W
2026/10/09 00:04:44.169, 1, GPU-cb626bdb-4319-2f5e-b91f-17fcaa44a83d, 44 %, 10238 MiB, 257.08 W
2026/10/09 00:04:54.171, 0, GPU-cb24f168-9f18-f0d5-6f4a-6d2406958f50, 0 %, 2 MiB, 30.61 W
2026/10/09 00:04:54.171, 1, GPU-cb626bdb-4319-2f5e-b91f-17fcaa44a83d, 47 %, 10238 MiB, 279.28 W
2026/10/09 00:05:04.172, 0, GPU-cb24f168-9f18-f0d5-6f4a-6d2406958f50, 0 %, 2 MiB, 30.45 W
2026/10/09 00:05:04.172, 1, GPU-cb626bdb-4319-2f5e-b91f-17fcaa44a83d, 42 %, 10238 MiB, 258.78 W
2026/10/09 00:05:14.172, 0, GPU-cb24f168-9f18-f0d5-6f4a-6d2406958f50, 0 %, 2 MiB, 30.48 W
2026/10/09 00:05:14.172, 1, GPU-cb626bdb-4319-2f5e-b91f-17fcaa44a83d, 74 %, 10238 MiB, 257.91 W
2026/10/09 00:05:24.173, 0, GPU-cb24f168-9f18-f0d5-6f4a-6d2406958f50, 0 %, 2 MiB, 30.56 W
2026/10/09 00:05:24.173, 1, GPU-cb626bdb-4319-2f5e-b91f-17fcaa44a83d, 97 %, 10238 MiB, 268.97 W
2026/10/09 00:05:34.174, 0, GPU-cb24f168-9f18-f0d5-6f4a-6d2406958f50, 0 %, 2 MiB, 30.46 W
2026/10/09 00:05:34.174, 1, GPU-cb626bdb-4319-2f5e-b91f-17fcaa44a83d, 43 %, 10238 MiB, 276.70 W
2026/10/09 00:05:44.175, 0, GPU-cb24f168-9f18-f0d5-6f4a-6d2406958f50, 0 %, 2 MiB, 30.59 W
2026/10/09 00:05:44.175, 1, GPU-cb626bdb-4319-2f5e-b91f-17fcaa44a83d, 74 %, 10238 MiB, 268.17 W
2026/10/09 00:05:54.175, 0, GPU-cb24f168-9f18-f0d5-6f4a-6d2406958f50, 0 %, 2 MiB, 30.42 W
2026/10/09 00:05:54.176, 1, GPU-cb626bdb-4319-2f5e-b91f-17fcaa44a83d, 55 %, 10238 MiB, 251.85 W
2026/10/09 00:06:04.176, 0, GPU-cb24f168-9f18-f0d5-6f4a-6d2406958f50, 0 %, 2 MiB, 30.52 W
2026/10/09 00:06:04.177, 1, GPU-cb626bdb-4319-2f5e-b91f-17fcaa44a83d, 43 %, 10238 MiB, 247.26 W
2026/10/09 00:06:14.177, 0, GPU-cb24f168-9f18-f0d5-6f4a-6d2406958f50, 0 %, 2 MiB, 30.68 W
2026/10/09 00:06:14.177, 1, GPU-cb626bdb-4319-2f5e-b91f-17fcaa44a83d, 45 %, 10238 MiB, 249.87 W
2026/10/09 00:06:24.178, 0, GPU-cb24f168-9f18-f0d5-6f4a-6d2406958f50, 0 %, 2 MiB, 30.33 W
2026/10/09 00:06:24.178, 1, GPU-cb626bdb-4319-2f5e-b91f-17fcaa44a83d, 78 %, 10238 MiB, 278.84 W
2026/10/09 00:06:34.179, 0, GPU-cb24f168-9f18-f0d5-6f4a-6d2406958f50, 0 %, 2 MiB, 30.57 W
2026/10/09 00:06:34.179, 1, GPU-cb626bdb-4319-2f5e-b91f-17fcaa44a83d, 44 %, 10238 MiB, 259.41 W
2026/10/09 00:06:44.180, 0, GPU-cb24f168-9f18-f0d5-6f4a-6d2406958f50, 0 %, 2 MiB, 30.41 W
2026/10/09 00:06:44.180, 1, GPU-cb626bdb-4319-2f5e-b91f-17fcaa44a83d, 81 %, 10238 MiB, 278.77 W
2026/10/09 00:06:54.180, 0, GPU-cb24f168-9f18-f0d5-6f4a-6d2406958f50, 0 %, 2 MiB, 30.35 W
2026/10/09 00:06:54.181, 1, GPU-cb626bdb-4319-2f5e-b91f-17fcaa44a83d, 43 %, 10238 MiB, 256.51 W
2026/10/09 00:07:04.182, 0, GPU-cb24f168-9f18-f0d5-6f4a-6d2406958f50, 0 %, 2 MiB, 30.25 W
2026/10/09 00:07:04.183, 1, GPU-cb626bdb-4319-2f5e-b91f-17fcaa44a83d, 89 %, 10238 MiB, 257.46 W
2026/10/09 00:07:14.183, 0, GPU-cb24f168-9f18-f0d5-6f4a-6d2406958f50, 0 %, 2 MiB, 30.38 W
2026/10/09 00:07:14.183, 1, GPU-cb626bdb-4319-2f5e-b91f-17fcaa44a83d, 43 %, 10238 MiB, 245.95 W
2026/10/09 00:07:24.184, 0, GPU-cb24f168-9f18-f0d5-6f4a-6d2406958f50, 0 %, 2 MiB, 30.42 W
2026/10/09 00:07:24.184, 1, GPU-cb626bdb-4319-2f5e-b91f-17fcaa44a83d, 58 %, 10238 MiB, 276.27 W
2026/10/09 00:07:34.185, 0, GPU-cb24f168-9f18-f0d5-6f4a-6d2406958f50, 0 %, 2 MiB, 30.19 W
2026/10/09 00:07:34.185, 1, GPU-cb626bdb-4319-2f5e-b91f-17fcaa44a83d, 43 %, 10238 MiB, 258.56 W
2026/10/09 00:07:44.185, 0, GPU-cb24f168-9f18-f0d5-6f4a-6d2406958f50, 0 %, 2 MiB, 30.34 W
2026/10/09 00:07:44.186, 1, GPU-cb626bdb-4319-2f5e-b91f-17fcaa44a83d, 23 %, 10238 MiB, 145.16 W
2026/10/09 00:07:54.187, 0, GPU-cb24f168-9f18-f0d5-6f4a-6d2406958f50, 0 %, 2 MiB, 30.23 W
2026/10/09 00:07:54.187, 1, GPU-cb626bdb-4319-2f5e-b91f-17fcaa44a83d, 43 %, 10238 MiB, 259.04 W
2026/10/09 00:08:04.188, 0, GPU-cb24f168-9f18-f0d5-6f4a-6d2406958f50, 0 %, 2 MiB, 30.27 W
2026/10/09 00:08:04.191, 1, GPU-cb626bdb-4319-2f5e-b91f-17fcaa44a83d, 90 %, 10238 MiB, 259.55 W
2026/10/09 00:08:14.192, 0, GPU-cb24f168-9f18-f0d5-6f4a-6d2406958f50, 0 %, 2 MiB, 30.32 W
2026/10/09 00:08:14.192, 1, GPU-cb626bdb-4319-2f5e-b91f-17fcaa44a83d, 82 %, 10238 MiB, 260.14 W
2026/10/09 00:08:24.193, 0, GPU-cb24f168-9f18-f0d5-6f4a-6d2406958f50, 0 %, 2 MiB, 30.38 W
2026/10/09 00:08:24.193, 1, GPU-cb626bdb-4319-2f5e-b91f-17fcaa44a83d, 42 %, 10238 MiB, 258.98 W
2026/10/09 00:08:34.194, 0, GPU-cb24f168-9f18-f0d5-6f4a-6d2406958f50, 0 %, 2 MiB, 30.36 W
2026/10/09 00:08:34.194, 1, GPU-cb626bdb-4319-2f5e-b91f-17fcaa44a83d, 44 %, 10238 MiB, 269.38 W
2026/10/09 00:08:44.194, 0, GPU-cb24f168-9f18-f0d5-6f4a-6d2406958f50, 0 %, 2 MiB, 30.38 W
2026/10/09 00:08:44.194, 1, GPU-cb626bdb-4319-2f5e-b91f-17fcaa44a83d, 88 %, 10238 MiB, 260.97 W
2026/10/09 00:08:54.195, 0, GPU-cb24f168-9f18-f0d5-6f4a-6d2406958f50, 0 %, 2 MiB, 30.44 W
2026/10/09 00:08:54.195, 1, GPU-cb626bdb-4319-2f5e-b91f-17fcaa44a83d, 44 %, 10238 MiB, 259.02 W
2026/10/09 00:09:04.196, 0, GPU-cb24f168-9f18-f0d5-6f4a-6d2406958f50, 0 %, 2 MiB, 30.63 W
2026/10/09 00:09:04.196, 1, GPU-cb626bdb-4319-2f5e-b91f-17fcaa44a83d, 44 %, 10238 MiB, 260.46 W
2026/10/09 00:09:14.197, 0, GPU-cb24f168-9f18-f0d5-6f4a-6d2406958f50, 0 %, 2 MiB, 30.48 W
2026/10/09 00:09:14.197, 1, GPU-cb626bdb-4319-2f5e-b91f-17fcaa44a83d, 53 %, 10238 MiB, 258.67 W
2026/10/09 00:09:24.197, 0, GPU-cb24f168-9f18-f0d5-6f4a-6d2406958f50, 0 %, 2 MiB, 30.75 W
2026/10/09 00:09:24.198, 1, GPU-cb626bdb-4319-2f5e-b91f-17fcaa44a83d, 78 %, 10238 MiB, 258.81 W
2026/10/09 00:09:34.199, 0, GPU-cb24f168-9f18-f0d5-6f4a-6d2406958f50, 0 %, 2 MiB, 30.69 W
2026/10/09 00:09:34.199, 1, GPU-cb626bdb-4319-2f5e-b91f-17fcaa44a83d, 69 %, 10238 MiB, 289.38 W
2026/10/09 00:09:44.200, 0, GPU-cb24f168-9f18-f0d5-6f4a-6d2406958f50, 0 %, 2 MiB, 30.78 W
2026/10/09 00:09:44.200, 1, GPU-cb626bdb-4319-2f5e-b91f-17fcaa44a83d, 67 %, 10238 MiB, 148.45 W
2026/10/09 00:09:54.201, 0, GPU-cb24f168-9f18-f0d5-6f4a-6d2406958f50, 0 %, 2 MiB, 30.61 W
2026/10/09 00:09:54.201, 1, GPU-cb626bdb-4319-2f5e-b91f-17fcaa44a83d, 47 %, 10238 MiB, 262.26 W
2026/10/09 00:10:04.201, 0, GPU-cb24f168-9f18-f0d5-6f4a-6d2406958f50, 0 %, 2 MiB, 30.65 W
2026/10/09 00:10:04.202, 1, GPU-cb626bdb-4319-2f5e-b91f-17fcaa44a83d, 43 %, 10238 MiB, 259.14 W
2026/10/09 00:10:14.202, 0, GPU-cb24f168-9f18-f0d5-6f4a-6d2406958f50, 0 %, 2 MiB, 30.67 W
2026/10/09 00:10:14.205, 1, GPU-cb626bdb-4319-2f5e-b91f-17fcaa44a83d, 45 %, 10238 MiB, 285.07 W
2026/10/09 00:10:24.206, 0, GPU-cb24f168-9f18-f0d5-6f4a-6d2406958f50, 0 %, 2 MiB, 30.74 W
2026/10/09 00:10:24.206, 1, GPU-cb626bdb-4319-2f5e-b91f-17fcaa44a83d, 94 %, 10238 MiB, 260.28 W
2026/10/09 00:10:34.207, 0, GPU-cb24f168-9f18-f0d5-6f4a-6d2406958f50, 0 %, 2 MiB, 30.65 W
2026/10/09 00:10:34.207, 1, GPU-cb626bdb-4319-2f5e-b91f-17fcaa44a83d, 49 %, 10238 MiB, 268.20 W
2026/10/09 00:10:44.208, 0, GPU-cb24f168-9f18-f0d5-6f4a-6d2406958f50, 0 %, 2 MiB, 30.55 W
2026/10/09 00:10:44.208, 1, GPU-cb626bdb-4319-2f5e-b91f-17fcaa44a83d, 43 %, 10238 MiB, 264.18 W
2026/10/09 00:10:54.208, 0, GPU-cb24f168-9f18-f0d5-6f4a-6d2406958f50, 0 %, 2 MiB, 30.63 W
2026/10/09 00:10:54.208, 1, GPU-cb626bdb-4319-2f5e-b91f-17fcaa44a83d, 52 %, 10238 MiB, 276.17 W
2026/10/09 00:11:04.210, 0, GPU-cb24f168-9f18-f0d5-6f4a-6d2406958f50, 0 %, 2 MiB, 30.50 W
2026/10/09 00:11:04.210, 1, GPU-cb626bdb-4319-2f5e-b91f-17fcaa44a83d, 71 %, 10238 MiB, 310.38 W
2026/10/09 00:11:14.211, 0, GPU-cb24f168-9f18-f0d5-6f4a-6d2406958f50, 0 %, 2 MiB, 30.48 W
2026/10/09 00:11:14.211, 1, GPU-cb626bdb-4319-2f5e-b91f-17fcaa44a83d, 75 %, 10238 MiB, 295.84 W
2026/10/09 00:11:24.211, 0, GPU-cb24f168-9f18-f0d5-6f4a-6d2406958f50, 0 %, 2 MiB, 30.57 W
2026/10/09 00:11:24.212, 1, GPU-cb626bdb-4319-2f5e-b91f-17fcaa44a83d, 40 %, 10238 MiB, 262.15 W
2026/10/09 00:11:34.212, 0, GPU-cb24f168-9f18-f0d5-6f4a-6d2406958f50, 0 %, 2 MiB, 30.62 W
2026/10/09 00:11:34.213, 1, GPU-cb626bdb-4319-2f5e-b91f-17fcaa44a83d, 41 %, 10238 MiB, 275.96 W
2026/10/09 00:11:44.213, 0, GPU-cb24f168-9f18-f0d5-6f4a-6d2406958f50, 0 %, 2 MiB, 30.57 W
2026/10/09 00:11:44.213, 1, GPU-cb626bdb-4319-2f5e-b91f-17fcaa44a83d, 98 %, 10238 MiB, 334.42 W
2026/10/09 00:11:54.214, 0, GPU-cb24f168-9f18-f0d5-6f4a-6d2406958f50, 0 %, 2 MiB, 30.69 W
2026/10/09 00:11:54.214, 1, GPU-cb626bdb-4319-2f5e-b91f-17fcaa44a83d, 52 %, 10238 MiB, 281.55 W
2026/10/09 00:12:04.215, 0, GPU-cb24f168-9f18-f0d5-6f4a-6d2406958f50, 0 %, 2 MiB, 30.62 W
2026/10/09 00:12:04.215, 1, GPU-cb626bdb-4319-2f5e-b91f-17fcaa44a83d, 70 %, 10238 MiB, 181.99 W
2026/10/09 00:12:14.216, 0, GPU-cb24f168-9f18-f0d5-6f4a-6d2406958f50, 0 %, 2 MiB, 30.75 W
2026/10/09 00:12:14.216, 1, GPU-cb626bdb-4319-2f5e-b91f-17fcaa44a83d, 41 %, 10238 MiB, 256.81 W
2026/10/09 00:12:24.216, 0, GPU-cb24f168-9f18-f0d5-6f4a-6d2406958f50, 0 %, 2 MiB, 30.51 W
2026/10/09 00:12:24.216, 1, GPU-cb626bdb-4319-2f5e-b91f-17fcaa44a83d, 84 %, 10238 MiB, 284.29 W
2026/10/09 00:12:34.217, 0, GPU-cb24f168-9f18-f0d5-6f4a-6d2406958f50, 0 %, 2 MiB, 30.63 W
2026/10/09 00:12:34.217, 1, GPU-cb626bdb-4319-2f5e-b91f-17fcaa44a83d, 50 %, 10238 MiB, 284.90 W
2026/10/09 00:12:44.218, 0, GPU-cb24f168-9f18-f0d5-6f4a-6d2406958f50, 0 %, 2 MiB, 30.59 W
2026/10/09 00:12:44.218, 1, GPU-cb626bdb-4319-2f5e-b91f-17fcaa44a83d, 58 %, 10238 MiB, 282.73 W
2026/10/09 00:12:54.219, 0, GPU-cb24f168-9f18-f0d5-6f4a-6d2406958f50, 0 %, 2 MiB, 30.57 W
2026/10/09 00:12:54.227, 1, GPU-cb626bdb-4319-2f5e-b91f-17fcaa44a83d, 84 %, 10238 MiB, 292.77 W
2026/10/09 00:13:04.228, 0, GPU-cb24f168-9f18-f0d5-6f4a-6d2406958f50, 0 %, 2 MiB, 30.64 W
2026/10/09 00:13:04.228, 1, GPU-cb626bdb-4319-2f5e-b91f-17fcaa44a83d, 53 %, 10238 MiB, 276.40 W
2026/10/09 00:13:14.229, 0, GPU-cb24f168-9f18-f0d5-6f4a-6d2406958f50, 0 %, 2 MiB, 30.66 W
2026/10/09 00:13:14.230, 1, GPU-cb626bdb-4319-2f5e-b91f-17fcaa44a83d, 73 %, 10238 MiB, 274.55 W
2026/10/09 00:13:24.230, 0, GPU-cb24f168-9f18-f0d5-6f4a-6d2406958f50, 0 %, 2 MiB, 30.74 W
2026/10/09 00:13:24.230, 1, GPU-cb626bdb-4319-2f5e-b91f-17fcaa44a83d, 79 %, 10238 MiB, 272.63 W
2026/10/09 00:13:34.231, 0, GPU-cb24f168-9f18-f0d5-6f4a-6d2406958f50, 0 %, 2 MiB, 30.65 W
2026/10/09 00:13:34.231, 1, GPU-cb626bdb-4319-2f5e-b91f-17fcaa44a83d, 40 %, 10238 MiB, 271.22 W
2026/10/09 00:13:44.232, 0, GPU-cb24f168-9f18-f0d5-6f4a-6d2406958f50, 0 %, 2 MiB, 30.72 W
2026/10/09 00:13:44.232, 1, GPU-cb626bdb-4319-2f5e-b91f-17fcaa44a83d, 91 %, 10238 MiB, 272.12 W
2026/10/09 00:13:54.233, 0, GPU-cb24f168-9f18-f0d5-6f4a-6d2406958f50, 0 %, 2 MiB, 30.77 W
2026/10/09 00:13:54.233, 1, GPU-cb626bdb-4319-2f5e-b91f-17fcaa44a83d, 39 %, 10238 MiB, 234.12 W
2026/10/09 00:14:04.233, 0, GPU-cb24f168-9f18-f0d5-6f4a-6d2406958f50, 0 %, 2 MiB, 30.79 W
2026/10/09 00:14:04.234, 1, GPU-cb626bdb-4319-2f5e-b91f-17fcaa44a83d, 41 %, 10238 MiB, 306.91 W
2026/10/09 00:14:14.234, 0, GPU-cb24f168-9f18-f0d5-6f4a-6d2406958f50, 0 %, 2 MiB, 30.68 W
2026/10/09 00:14:14.235, 1, GPU-cb626bdb-4319-2f5e-b91f-17fcaa44a83d, 39 %, 10238 MiB, 253.58 W
2026/10/09 00:14:24.237, 0, GPU-cb24f168-9f18-f0d5-6f4a-6d2406958f50, 0 %, 2 MiB, 30.49 W
2026/10/09 00:14:24.237, 1, GPU-cb626bdb-4319-2f5e-b91f-17fcaa44a83d, 39 %, 10238 MiB, 255.75 W
2026/10/09 00:14:34.238, 0, GPU-cb24f168-9f18-f0d5-6f4a-6d2406958f50, 0 %, 2 MiB, 30.67 W
2026/10/09 00:14:34.238, 1, GPU-cb626bdb-4319-2f5e-b91f-17fcaa44a83d, 39 %, 10238 MiB, 244.04 W
2026/10/09 00:14:44.239, 0, GPU-cb24f168-9f18-f0d5-6f4a-6d2406958f50, 0 %, 2 MiB, 30.61 W
2026/10/09 00:14:44.239, 1, GPU-cb626bdb-4319-2f5e-b91f-17fcaa44a83d, 41 %, 10238 MiB, 271.22 W
2026/10/09 00:14:54.239, 0, GPU-cb24f168-9f18-f0d5-6f4a-6d2406958f50, 0 %, 2 MiB, 30.60 W
2026/10/09 00:14:54.239, 1, GPU-cb626bdb-4319-2f5e-b91f-17fcaa44a83d, 93 %, 10238 MiB, 295.71 W
2026/10/09 00:15:04.240, 0, GPU-cb24f168-9f18-f0d5-6f4a-6d2406958f50, 0 %, 2 MiB, 30.71 W
2026/10/09 00:15:04.240, 1, GPU-cb626bdb-4319-2f5e-b91f-17fcaa44a83d, 40 %, 10238 MiB, 254.47 W
2026/10/09 00:15:14.241, 0, GPU-cb24f168-9f18-f0d5-6f4a-6d2406958f50, 0 %, 2 MiB, 30.62 W
2026/10/09 00:15:14.241, 1, GPU-cb626bdb-4319-2f5e-b91f-17fcaa44a83d, 65 %, 10238 MiB, 275.41 W
2026/10/09 00:15:24.242, 0, GPU-cb24f168-9f18-f0d5-6f4a-6d2406958f50, 0 %, 2 MiB, 30.64 W
2026/10/09 00:15:24.242, 1, GPU-cb626bdb-4319-2f5e-b91f-17fcaa44a83d, 63 %, 10238 MiB, 293.31 W
2026/10/09 00:15:34.242, 0, GPU-cb24f168-9f18-f0d5-6f4a-6d2406958f50, 0 %, 2 MiB, 30.54 W
2026/10/09 00:15:34.242, 1, GPU-cb626bdb-4319-2f5e-b91f-17fcaa44a83d, 40 %, 10238 MiB, 234.37 W
2026/10/09 00:15:44.243, 0, GPU-cb24f168-9f18-f0d5-6f4a-6d2406958f50, 0 %, 2 MiB, 30.69 W
2026/10/09 00:15:44.243, 1, GPU-cb626bdb-4319-2f5e-b91f-17fcaa44a83d, 38 %, 10238 MiB, 255.66 W
2026/10/09 00:15:54.244, 0, GPU-cb24f168-9f18-f0d5-6f4a-6d2406958f50, 0 %, 2 MiB, 30.69 W
2026/10/09 00:15:54.244, 1, GPU-cb626bdb-4319-2f5e-b91f-17fcaa44a83d, 40 %, 10238 MiB, 280.70 W
2026/10/09 00:16:04.245, 0, GPU-cb24f168-9f18-f0d5-6f4a-6d2406958f50, 0 %, 2 MiB, 30.68 W
2026/10/09 00:16:04.245, 1, GPU-cb626bdb-4319-2f5e-b91f-17fcaa44a83d, 61 %, 10238 MiB, 273.52 W
2026/10/09 00:16:14.245, 0, GPU-cb24f168-9f18-f0d5-6f4a-6d2406958f50, 0 %, 2 MiB, 30.89 W
2026/10/09 00:16:14.246, 1, GPU-cb626bdb-4319-2f5e-b91f-17fcaa44a83d, 41 %, 10238 MiB, 247.09 W
2026/10/09 00:16:24.247, 0, GPU-cb24f168-9f18-f0d5-6f4a-6d2406958f50, 0 %, 2 MiB, 30.52 W
2026/10/09 00:16:24.247, 1, GPU-cb626bdb-4319-2f5e-b91f-17fcaa44a83d, 39 %, 10238 MiB, 253.33 W
2026/10/09 00:16:34.248, 0, GPU-cb24f168-9f18-f0d5-6f4a-6d2406958f50, 0 %, 2 MiB, 30.60 W
2026/10/09 00:16:34.248, 1, GPU-cb626bdb-4319-2f5e-b91f-17fcaa44a83d, 57 %, 10238 MiB, 268.54 W
2026/10/09 00:16:44.249, 0, GPU-cb24f168-9f18-f0d5-6f4a-6d2406958f50, 0 %, 2 MiB, 30.56 W
2026/10/09 00:16:44.249, 1, GPU-cb626bdb-4319-2f5e-b91f-17fcaa44a83d, 96 %, 10238 MiB, 253.70 W
2026/10/09 00:16:54.250, 0, GPU-cb24f168-9f18-f0d5-6f4a-6d2406958f50, 0 %, 2 MiB, 30.52 W
2026/10/09 00:16:54.250, 1, GPU-cb626bdb-4319-2f5e-b91f-17fcaa44a83d, 40 %, 10238 MiB, 253.88 W
2026/10/09 00:17:04.250, 0, GPU-cb24f168-9f18-f0d5-6f4a-6d2406958f50, 0 %, 2 MiB, 30.55 W
2026/10/09 00:17:04.250, 1, GPU-cb626bdb-4319-2f5e-b91f-17fcaa44a83d, 39 %, 10238 MiB, 271.39 W
2026/10/09 00:17:14.251, 0, GPU-cb24f168-9f18-f0d5-6f4a-6d2406958f50, 0 %, 2 MiB, 30.56 W
2026/10/09 00:17:14.251, 1, GPU-cb626bdb-4319-2f5e-b91f-17fcaa44a83d, 38 %, 10238 MiB, 243.77 W
2026/10/09 00:17:24.252, 0, GPU-cb24f168-9f18-f0d5-6f4a-6d2406958f50, 1 %, 378 MiB, 113.00 W
2026/10/09 00:17:24.252, 1, GPU-cb626bdb-4319-2f5e-b91f-17fcaa44a83d, 91 %, 10238 MiB, 253.60 W
2026/10/09 00:17:34.253, 0, GPU-cb24f168-9f18-f0d5-6f4a-6d2406958f50, 0 %, 2 MiB, 45.58 W
2026/10/09 00:17:34.253, 1, GPU-cb626bdb-4319-2f5e-b91f-17fcaa44a83d, 39 %, 10238 MiB, 273.93 W
2026/10/09 00:17:44.253, 0, GPU-cb24f168-9f18-f0d5-6f4a-6d2406958f50, 0 %, 2 MiB, 30.96 W
2026/10/09 00:17:44.254, 1, GPU-cb626bdb-4319-2f5e-b91f-17fcaa44a83d, 40 %, 10238 MiB, 245.65 W
2026/10/09 00:17:54.254, 0, GPU-cb24f168-9f18-f0d5-6f4a-6d2406958f50, 0 %, 2 MiB, 30.83 W
2026/10/09 00:17:54.254, 1, GPU-cb626bdb-4319-2f5e-b91f-17fcaa44a83d, 39 %, 10238 MiB, 254.94 W
2026/10/09 00:18:04.255, 0, GPU-cb24f168-9f18-f0d5-6f4a-6d2406958f50, 0 %, 2 MiB, 30.70 W
2026/10/09 00:18:04.255, 1, GPU-cb626bdb-4319-2f5e-b91f-17fcaa44a83d, 39 %, 10238 MiB, 240.07 W
2026/10/09 00:18:14.256, 0, GPU-cb24f168-9f18-f0d5-6f4a-6d2406958f50, 0 %, 2 MiB, 30.97 W
2026/10/09 00:18:14.257, 1, GPU-cb626bdb-4319-2f5e-b91f-17fcaa44a83d, 85 %, 10238 MiB, 256.98 W
2026/10/09 00:18:24.257, 0, GPU-cb24f168-9f18-f0d5-6f4a-6d2406958f50, 0 %, 2 MiB, 30.78 W
2026/10/09 00:18:24.257, 1, GPU-cb626bdb-4319-2f5e-b91f-17fcaa44a83d, 0 %, 10238 MiB, 169.61 W
2026/10/09 00:18:34.258, 0, GPU-cb24f168-9f18-f0d5-6f4a-6d2406958f50, 0 %, 2 MiB, 30.92 W
2026/10/09 00:18:34.258, 1, GPU-cb626bdb-4319-2f5e-b91f-17fcaa44a83d, 39 %, 10238 MiB, 253.82 W
2026/10/09 00:18:44.259, 0, GPU-cb24f168-9f18-f0d5-6f4a-6d2406958f50, 0 %, 2 MiB, 30.73 W
2026/10/09 00:18:44.260, 1, GPU-cb626bdb-4319-2f5e-b91f-17fcaa44a83d, 38 %, 10238 MiB, 233.08 W
2026/10/09 00:18:54.261, 0, GPU-cb24f168-9f18-f0d5-6f4a-6d2406958f50, 0 %, 2 MiB, 30.83 W
2026/10/09 00:18:54.261, 1, GPU-cb626bdb-4319-2f5e-b91f-17fcaa44a83d, 40 %, 10238 MiB, 253.82 W
2026/10/09 00:19:04.261, 0, GPU-cb24f168-9f18-f0d5-6f4a-6d2406958f50, 0 %, 2 MiB, 30.49 W
2026/10/09 00:19:04.261, 1, GPU-cb626bdb-4319-2f5e-b91f-17fcaa44a83d, 49 %, 10238 MiB, 268.84 W
2026/10/09 00:19:14.262, 0, GPU-cb24f168-9f18-f0d5-6f4a-6d2406958f50, 0 %, 2 MiB, 30.83 W
2026/10/09 00:19:14.262, 1, GPU-cb626bdb-4319-2f5e-b91f-17fcaa44a83d, 40 %, 10238 MiB, 255.26 W
2026/10/09 00:19:24.263, 0, GPU-cb24f168-9f18-f0d5-6f4a-6d2406958f50, 0 %, 2 MiB, 30.64 W
2026/10/09 00:19:24.273, 1, GPU-cb626bdb-4319-2f5e-b91f-17fcaa44a83d, 38 %, 10238 MiB, 265.44 W
2026/10/09 00:19:34.284, 0, GPU-cb24f168-9f18-f0d5-6f4a-6d2406958f50, 0 %, 2 MiB, 30.60 W
2026/10/09 00:19:34.284, 1, GPU-cb626bdb-4319-2f5e-b91f-17fcaa44a83d, 53 %, 10238 MiB, 256.94 W
2026/10/09 00:19:44.285, 0, GPU-cb24f168-9f18-f0d5-6f4a-6d2406958f50, 0 %, 2 MiB, 30.57 W
2026/10/09 00:19:44.285, 1, GPU-cb626bdb-4319-2f5e-b91f-17fcaa44a83d, 77 %, 10238 MiB, 257.51 W
2026/10/09 00:19:54.286, 0, GPU-cb24f168-9f18-f0d5-6f4a-6d2406958f50, 0 %, 2 MiB, 30.56 W
2026/10/09 00:19:54.286, 1, GPU-cb626bdb-4319-2f5e-b91f-17fcaa44a83d, 36 %, 10238 MiB, 236.25 W
2026/10/09 00:20:04.287, 0, GPU-cb24f168-9f18-f0d5-6f4a-6d2406958f50, 0 %, 2 MiB, 30.65 W
2026/10/09 00:20:04.287, 1, GPU-cb626bdb-4319-2f5e-b91f-17fcaa44a83d, 59 %, 10238 MiB, 270.42 W
2026/10/09 00:20:14.287, 0, GPU-cb24f168-9f18-f0d5-6f4a-6d2406958f50, 0 %, 2 MiB, 30.46 W
2026/10/09 00:20:14.287, 1, GPU-cb626bdb-4319-2f5e-b91f-17fcaa44a83d, 95 %, 10238 MiB, 269.95 W
2026/10/09 00:20:24.288, 0, GPU-cb24f168-9f18-f0d5-6f4a-6d2406958f50, 0 %, 2 MiB, 30.44 W
2026/10/09 00:20:24.288, 1, GPU-cb626bdb-4319-2f5e-b91f-17fcaa44a83d, 83 %, 10238 MiB, 268.44 W
2026/10/09 00:20:34.290, 0, GPU-cb24f168-9f18-f0d5-6f4a-6d2406958f50, 0 %, 2 MiB, 30.47 W
2026/10/09 00:20:34.290, 1, GPU-cb626bdb-4319-2f5e-b91f-17fcaa44a83d, 0 %, 10238 MiB, 147.94 W
2026/10/09 00:20:44.290, 0, GPU-cb24f168-9f18-f0d5-6f4a-6d2406958f50, 0 %, 2 MiB, 30.50 W
2026/10/09 00:20:44.291, 1, GPU-cb626bdb-4319-2f5e-b91f-17fcaa44a83d, 59 %, 10238 MiB, 254.26 W
2026/10/09 00:20:54.291, 0, GPU-cb24f168-9f18-f0d5-6f4a-6d2406958f50, 0 %, 2 MiB, 30.67 W
2026/10/09 00:20:54.291, 1, GPU-cb626bdb-4319-2f5e-b91f-17fcaa44a83d, 39 %, 10238 MiB, 247.34 W
2026/10/09 00:21:04.292, 0, GPU-cb24f168-9f18-f0d5-6f4a-6d2406958f50, 0 %, 2 MiB, 30.54 W
2026/10/09 00:21:04.292, 1, GPU-cb626bdb-4319-2f5e-b91f-17fcaa44a83d, 39 %, 10238 MiB, 231.93 W
2026/10/09 00:21:14.293, 0, GPU-cb24f168-9f18-f0d5-6f4a-6d2406958f50, 0 %, 2 MiB, 30.45 W
2026/10/09 00:21:14.293, 1, GPU-cb626bdb-4319-2f5e-b91f-17fcaa44a83d, 37 %, 10238 MiB, 236.27 W
2026/10/09 00:21:24.294, 0, GPU-cb24f168-9f18-f0d5-6f4a-6d2406958f50, 0 %, 2 MiB, 30.63 W
2026/10/09 00:21:24.294, 1, GPU-cb626bdb-4319-2f5e-b91f-17fcaa44a83d, 55 %, 10238 MiB, 278.65 W
2026/10/09 00:21:34.294, 0, GPU-cb24f168-9f18-f0d5-6f4a-6d2406958f50, 0 %, 2 MiB, 30.39 W
2026/10/09 00:21:34.294, 1, GPU-cb626bdb-4319-2f5e-b91f-17fcaa44a83d, 43 %, 10238 MiB, 255.11 W
2026/10/09 00:21:44.295, 0, GPU-cb24f168-9f18-f0d5-6f4a-6d2406958f50, 0 %, 2 MiB, 30.46 W
2026/10/09 00:21:44.295, 1, GPU-cb626bdb-4319-2f5e-b91f-17fcaa44a83d, 43 %, 10238 MiB, 256.90 W
2026/10/09 00:21:54.296, 0, GPU-cb24f168-9f18-f0d5-6f4a-6d2406958f50, 0 %, 2 MiB, 30.29 W
2026/10/09 00:21:54.298, 1, GPU-cb626bdb-4319-2f5e-b91f-17fcaa44a83d, 43 %, 10238 MiB, 269.56 W
2026/10/09 00:22:04.298, 0, GPU-cb24f168-9f18-f0d5-6f4a-6d2406958f50, 0 %, 2 MiB, 30.49 W
2026/10/09 00:22:04.299, 1, GPU-cb626bdb-4319-2f5e-b91f-17fcaa44a83d, 91 %, 10238 MiB, 256.49 W
2026/10/09 00:22:14.299, 0, GPU-cb24f168-9f18-f0d5-6f4a-6d2406958f50, 0 %, 2 MiB, 30.19 W
2026/10/09 00:22:14.299, 1, GPU-cb626bdb-4319-2f5e-b91f-17fcaa44a83d, 42 %, 10238 MiB, 274.59 W
2026/10/09 00:22:24.300, 0, GPU-cb24f168-9f18-f0d5-6f4a-6d2406958f50, 0 %, 2 MiB, 30.27 W
2026/10/09 00:22:24.300, 1, GPU-cb626bdb-4319-2f5e-b91f-17fcaa44a83d, 97 %, 10238 MiB, 275.53 W
2026/10/09 00:22:34.301, 0, GPU-cb24f168-9f18-f0d5-6f4a-6d2406958f50, 0 %, 2 MiB, 30.33 W
2026/10/09 00:22:34.301, 1, GPU-cb626bdb-4319-2f5e-b91f-17fcaa44a83d, 28 %, 10238 MiB, 181.53 W
2026/10/09 00:22:44.301, 0, GPU-cb24f168-9f18-f0d5-6f4a-6d2406958f50, 0 %, 2 MiB, 30.57 W
2026/10/09 00:22:44.302, 1, GPU-cb626bdb-4319-2f5e-b91f-17fcaa44a83d, 97 %, 10238 MiB, 334.40 W
2026/10/09 00:22:54.302, 0, GPU-cb24f168-9f18-f0d5-6f4a-6d2406958f50, 0 %, 2 MiB, 30.65 W
2026/10/09 00:22:54.303, 1, GPU-cb626bdb-4319-2f5e-b91f-17fcaa44a83d, 46 %, 10238 MiB, 262.43 W
2026/10/09 00:23:04.304, 0, GPU-cb24f168-9f18-f0d5-6f4a-6d2406958f50, 0 %, 2 MiB, 30.50 W
2026/10/09 00:23:04.304, 1, GPU-cb626bdb-4319-2f5e-b91f-17fcaa44a83d, 70 %, 10238 MiB, 288.30 W
2026/10/09 00:23:14.306, 0, GPU-cb24f168-9f18-f0d5-6f4a-6d2406958f50, 0 %, 2 MiB, 30.72 W
2026/10/09 00:23:14.306, 1, GPU-cb626bdb-4319-2f5e-b91f-17fcaa44a83d, 93 %, 10238 MiB, 289.69 W
2026/10/09 00:23:24.306, 0, GPU-cb24f168-9f18-f0d5-6f4a-6d2406958f50, 0 %, 2 MiB, 30.60 W
2026/10/09 00:23:24.307, 1, GPU-cb626bdb-4319-2f5e-b91f-17fcaa44a83d, 88 %, 10238 MiB, 279.50 W
2026/10/09 00:23:34.307, 0, GPU-cb24f168-9f18-f0d5-6f4a-6d2406958f50, 0 %, 2 MiB, 30.64 W
2026/10/09 00:23:34.307, 1, GPU-cb626bdb-4319-2f5e-b91f-17fcaa44a83d, 43 %, 10238 MiB, 259.18 W
2026/10/09 00:23:44.308, 0, GPU-cb24f168-9f18-f0d5-6f4a-6d2406958f50, 0 %, 2 MiB, 30.74 W
2026/10/09 00:23:44.308, 1, GPU-cb626bdb-4319-2f5e-b91f-17fcaa44a83d, 45 %, 10238 MiB, 265.79 W
2026/10/09 00:23:54.309, 0, GPU-cb24f168-9f18-f0d5-6f4a-6d2406958f50, 0 %, 2 MiB, 30.57 W
2026/10/09 00:23:54.309, 1, GPU-cb626bdb-4319-2f5e-b91f-17fcaa44a83d, 43 %, 10238 MiB, 277.49 W
2026/10/09 00:24:04.309, 0, GPU-cb24f168-9f18-f0d5-6f4a-6d2406958f50, 0 %, 2 MiB, 30.72 W
2026/10/09 00:24:04.318, 1, GPU-cb626bdb-4319-2f5e-b91f-17fcaa44a83d, 44 %, 10238 MiB, 257.76 W
2026/10/09 00:24:14.319, 0, GPU-cb24f168-9f18-f0d5-6f4a-6d2406958f50, 0 %, 2 MiB, 30.65 W
2026/10/09 00:24:14.319, 1, GPU-cb626bdb-4319-2f5e-b91f-17fcaa44a83d, 43 %, 10238 MiB, 250.10 W
2026/10/09 00:24:24.320, 0, GPU-cb24f168-9f18-f0d5-6f4a-6d2406958f50, 0 %, 2 MiB, 30.48 W
2026/10/09 00:24:24.320, 1, GPU-cb626bdb-4319-2f5e-b91f-17fcaa44a83d, 45 %, 10238 MiB, 277.76 W
2026/10/09 00:24:34.321, 0, GPU-cb24f168-9f18-f0d5-6f4a-6d2406958f50, 0 %, 2 MiB, 30.51 W
2026/10/09 00:24:34.321, 1, GPU-cb626bdb-4319-2f5e-b91f-17fcaa44a83d, 81 %, 10238 MiB, 275.10 W
2026/10/09 00:24:44.321, 0, GPU-cb24f168-9f18-f0d5-6f4a-6d2406958f50, 0 %, 2 MiB, 30.58 W
2026/10/09 00:24:44.322, 1, GPU-cb626bdb-4319-2f5e-b91f-17fcaa44a83d, 43 %, 10238 MiB, 266.16 W
2026/10/09 00:24:54.322, 0, GPU-cb24f168-9f18-f0d5-6f4a-6d2406958f50, 0 %, 2 MiB, 30.47 W
2026/10/09 00:24:54.322, 1, GPU-cb626bdb-4319-2f5e-b91f-17fcaa44a83d, 74 %, 10238 MiB, 311.49 W
2026/10/09 00:25:04.323, 0, GPU-cb24f168-9f18-f0d5-6f4a-6d2406958f50, 0 %, 2 MiB, 30.37 W
2026/10/09 00:25:04.323, 1, GPU-cb626bdb-4319-2f5e-b91f-17fcaa44a83d, 43 %, 10238 MiB, 279.53 W
2026/10/09 00:25:14.324, 0, GPU-cb24f168-9f18-f0d5-6f4a-6d2406958f50, 0 %, 4 MiB, 30.25 W
2026/10/09 00:25:14.324, 1, GPU-cb626bdb-4319-2f5e-b91f-17fcaa44a83d, 42 %, 10238 MiB, 274.37 W
2026/10/09 00:25:24.325, 0, GPU-cb24f168-9f18-f0d5-6f4a-6d2406958f50, 0 %, 555 MiB, 113.03 W
2026/10/09 00:25:24.325, 1, GPU-cb626bdb-4319-2f5e-b91f-17fcaa44a83d, 94 %, 10238 MiB, 275.91 W
2026/10/09 00:25:34.325, 0, GPU-cb24f168-9f18-f0d5-6f4a-6d2406958f50, 100 %, 3465 MiB, 334.45 W
2026/10/09 00:25:34.325, 1, GPU-cb626bdb-4319-2f5e-b91f-17fcaa44a83d, 43 %, 10238 MiB, 267.26 W
2026/10/09 00:25:44.326, 0, GPU-cb24f168-9f18-f0d5-6f4a-6d2406958f50, 100 %, 3465 MiB, 342.32 W
2026/10/09 00:25:44.326, 1, GPU-cb626bdb-4319-2f5e-b91f-17fcaa44a83d, 62 %, 10238 MiB, 276.00 W
2026/10/09 00:25:54.327, 0, GPU-cb24f168-9f18-f0d5-6f4a-6d2406958f50, 100 %, 3465 MiB, 343.50 W
2026/10/09 00:25:54.327, 1, GPU-cb626bdb-4319-2f5e-b91f-17fcaa44a83d, 68 %, 10238 MiB, 258.73 W
2026/10/09 00:26:04.328, 0, GPU-cb24f168-9f18-f0d5-6f4a-6d2406958f50, 100 %, 3465 MiB, 343.80 W
2026/10/09 00:26:04.328, 1, GPU-cb626bdb-4319-2f5e-b91f-17fcaa44a83d, 41 %, 10238 MiB, 254.19 W
2026/10/09 00:26:14.328, 0, GPU-cb24f168-9f18-f0d5-6f4a-6d2406958f50, 100 %, 3465 MiB, 343.53 W
2026/10/09 00:26:14.330, 1, GPU-cb626bdb-4319-2f5e-b91f-17fcaa44a83d, 44 %, 10238 MiB, 267.27 W
2026/10/09 00:26:24.331, 0, GPU-cb24f168-9f18-f0d5-6f4a-6d2406958f50, 100 %, 3465 MiB, 338.41 W
2026/10/09 00:26:24.332, 1, GPU-cb626bdb-4319-2f5e-b91f-17fcaa44a83d, 55 %, 10238 MiB, 296.93 W
2026/10/09 00:26:34.332, 0, GPU-cb24f168-9f18-f0d5-6f4a-6d2406958f50, 100 %, 3465 MiB, 343.30 W
2026/10/09 00:26:34.332, 1, GPU-cb626bdb-4319-2f5e-b91f-17fcaa44a83d, 43 %, 10238 MiB, 256.69 W
2026/10/09 00:26:44.333, 0, GPU-cb24f168-9f18-f0d5-6f4a-6d2406958f50, 100 %, 3465 MiB, 347.18 W
2026/10/09 00:26:44.333, 1, GPU-cb626bdb-4319-2f5e-b91f-17fcaa44a83d, 57 %, 10238 MiB, 285.51 W
2026/10/09 00:26:54.334, 0, GPU-cb24f168-9f18-f0d5-6f4a-6d2406958f50, 100 %, 3815 MiB, 344.86 W
2026/10/09 00:26:54.336, 1, GPU-cb626bdb-4319-2f5e-b91f-17fcaa44a83d, 63 %, 10238 MiB, 224.15 W
2026/10/09 00:27:04.337, 0, GPU-cb24f168-9f18-f0d5-6f4a-6d2406958f50, 100 %, 3815 MiB, 345.81 W
2026/10/09 00:27:04.337, 1, GPU-cb626bdb-4319-2f5e-b91f-17fcaa44a83d, 47 %, 10238 MiB, 277.08 W
2026/10/09 00:27:14.337, 0, GPU-cb24f168-9f18-f0d5-6f4a-6d2406958f50, 99 %, 4329 MiB, 339.89 W
2026/10/09 00:27:14.337, 1, GPU-cb626bdb-4319-2f5e-b91f-17fcaa44a83d, 43 %, 10238 MiB, 253.46 W
2026/10/09 00:27:24.338, 0, GPU-cb24f168-9f18-f0d5-6f4a-6d2406958f50, 100 %, 4329 MiB, 344.49 W
2026/10/09 00:27:24.338, 1, GPU-cb626bdb-4319-2f5e-b91f-17fcaa44a83d, 84 %, 10238 MiB, 267.43 W
2026/10/09 00:27:34.339, 0, GPU-cb24f168-9f18-f0d5-6f4a-6d2406958f50, 100 %, 4329 MiB, 338.94 W
2026/10/09 00:27:34.339, 1, GPU-cb626bdb-4319-2f5e-b91f-17fcaa44a83d, 85 %, 10238 MiB, 275.45 W
2026/10/09 00:27:44.340, 0, GPU-cb24f168-9f18-f0d5-6f4a-6d2406958f50, 100 %, 4329 MiB, 345.90 W
2026/10/09 00:27:44.346, 1, GPU-cb626bdb-4319-2f5e-b91f-17fcaa44a83d, 60 %, 10238 MiB, 272.80 W
2026/10/09 00:27:54.347, 0, GPU-cb24f168-9f18-f0d5-6f4a-6d2406958f50, 100 %, 4329 MiB, 341.53 W
2026/10/09 00:27:54.347, 1, GPU-cb626bdb-4319-2f5e-b91f-17fcaa44a83d, 77 %, 10238 MiB, 281.02 W
2026/10/09 00:28:04.348, 0, GPU-cb24f168-9f18-f0d5-6f4a-6d2406958f50, 100 %, 4329 MiB, 331.28 W
2026/10/09 00:28:04.348, 1, GPU-cb626bdb-4319-2f5e-b91f-17fcaa44a83d, 44 %, 10238 MiB, 275.62 W
2026/10/09 00:28:14.349, 0, GPU-cb24f168-9f18-f0d5-6f4a-6d2406958f50, 100 %, 4329 MiB, 328.84 W
2026/10/09 00:28:14.349, 1, GPU-cb626bdb-4319-2f5e-b91f-17fcaa44a83d, 78 %, 10238 MiB, 276.05 W
2026/10/09 00:28:24.350, 0, GPU-cb24f168-9f18-f0d5-6f4a-6d2406958f50, 100 %, 4329 MiB, 329.57 W
2026/10/09 00:28:24.350, 1, GPU-cb626bdb-4319-2f5e-b91f-17fcaa44a83d, 45 %, 10238 MiB, 255.52 W
2026/10/09 00:28:34.350, 0, GPU-cb24f168-9f18-f0d5-6f4a-6d2406958f50, 100 %, 4329 MiB, 330.54 W
2026/10/09 00:28:34.351, 1, GPU-cb626bdb-4319-2f5e-b91f-17fcaa44a83d, 43 %, 10238 MiB, 243.04 W
2026/10/09 00:28:44.352, 0, GPU-cb24f168-9f18-f0d5-6f4a-6d2406958f50, 100 %, 4329 MiB, 329.53 W
2026/10/09 00:28:44.352, 1, GPU-cb626bdb-4319-2f5e-b91f-17fcaa44a83d, 43 %, 10238 MiB, 260.53 W
2026/10/09 00:28:54.353, 0, GPU-cb24f168-9f18-f0d5-6f4a-6d2406958f50, 100 %, 4329 MiB, 330.42 W
2026/10/09 00:28:54.353, 1, GPU-cb626bdb-4319-2f5e-b91f-17fcaa44a83d, 15 %, 10238 MiB, 174.54 W
2026/10/09 00:29:04.353, 0, GPU-cb24f168-9f18-f0d5-6f4a-6d2406958f50, 100 %, 4329 MiB, 326.47 W
2026/10/09 00:29:04.358, 1, GPU-cb626bdb-4319-2f5e-b91f-17fcaa44a83d, 44 %, 10238 MiB, 274.04 W
2026/10/09 00:29:14.363, 0, GPU-cb24f168-9f18-f0d5-6f4a-6d2406958f50, 100 %, 4329 MiB, 328.78 W
2026/10/09 00:29:14.363, 1, GPU-cb626bdb-4319-2f5e-b91f-17fcaa44a83d, 40 %, 10238 MiB, 244.07 W
2026/10/09 00:29:24.364, 0, GPU-cb24f168-9f18-f0d5-6f4a-6d2406958f50, 100 %, 4329 MiB, 322.88 W
2026/10/09 00:29:24.364, 1, GPU-cb626bdb-4319-2f5e-b91f-17fcaa44a83d, 43 %, 10238 MiB, 237.80 W
2026/10/09 00:29:34.365, 0, GPU-cb24f168-9f18-f0d5-6f4a-6d2406958f50, 100 %, 4329 MiB, 328.28 W
2026/10/09 00:29:34.365, 1, GPU-cb626bdb-4319-2f5e-b91f-17fcaa44a83d, 70 %, 10238 MiB, 255.58 W
2026/10/09 00:29:44.365, 0, GPU-cb24f168-9f18-f0d5-6f4a-6d2406958f50, 100 %, 4709 MiB, 329.34 W
2026/10/09 00:29:44.365, 1, GPU-cb626bdb-4319-2f5e-b91f-17fcaa44a83d, 43 %, 10238 MiB, 243.07 W
2026/10/09 00:29:54.366, 0, GPU-cb24f168-9f18-f0d5-6f4a-6d2406958f50, 100 %, 4709 MiB, 328.36 W
2026/10/09 00:29:54.366, 1, GPU-cb626bdb-4319-2f5e-b91f-17fcaa44a83d, 42 %, 10238 MiB, 276.69 W
2026/10/09 00:30:04.367, 0, GPU-cb24f168-9f18-f0d5-6f4a-6d2406958f50, 100 %, 4709 MiB, 332.33 W
2026/10/09 00:30:04.367, 1, GPU-cb626bdb-4319-2f5e-b91f-17fcaa44a83d, 51 %, 10238 MiB, 262.27 W
2026/10/09 00:30:14.368, 0, GPU-cb24f168-9f18-f0d5-6f4a-6d2406958f50, 100 %, 4709 MiB, 325.72 W
2026/10/09 00:30:14.368, 1, GPU-cb626bdb-4319-2f5e-b91f-17fcaa44a83d, 42 %, 10238 MiB, 269.50 W
2026/10/09 00:30:24.368, 0, GPU-cb24f168-9f18-f0d5-6f4a-6d2406958f50, 100 %, 4709 MiB, 325.76 W
2026/10/09 00:30:24.368, 1, GPU-cb626bdb-4319-2f5e-b91f-17fcaa44a83d, 43 %, 10238 MiB, 238.59 W
2026/10/09 00:30:34.369, 0, GPU-cb24f168-9f18-f0d5-6f4a-6d2406958f50, 100 %, 4709 MiB, 323.69 W
2026/10/09 00:30:34.369, 1, GPU-cb626bdb-4319-2f5e-b91f-17fcaa44a83d, 69 %, 10238 MiB, 272.71 W
2026/10/09 00:30:44.370, 0, GPU-cb24f168-9f18-f0d5-6f4a-6d2406958f50, 100 %, 4709 MiB, 323.72 W
2026/10/09 00:30:44.370, 1, GPU-cb626bdb-4319-2f5e-b91f-17fcaa44a83d, 44 %, 10238 MiB, 258.02 W
2026/10/09 00:30:54.371, 0, GPU-cb24f168-9f18-f0d5-6f4a-6d2406958f50, 100 %, 4709 MiB, 323.35 W
2026/10/09 00:30:54.371, 1, GPU-cb626bdb-4319-2f5e-b91f-17fcaa44a83d, 15 %, 10238 MiB, 171.66 W
2026/10/09 00:31:04.371, 0, GPU-cb24f168-9f18-f0d5-6f4a-6d2406958f50, 100 %, 4709 MiB, 321.82 W
2026/10/09 00:31:04.371, 1, GPU-cb626bdb-4319-2f5e-b91f-17fcaa44a83d, 62 %, 10238 MiB, 275.78 W
2026/10/09 00:31:14.372, 0, GPU-cb24f168-9f18-f0d5-6f4a-6d2406958f50, 100 %, 4709 MiB, 320.69 W
2026/10/09 00:31:14.372, 1, GPU-cb626bdb-4319-2f5e-b91f-17fcaa44a83d, 44 %, 10238 MiB, 256.98 W
2026/10/09 00:31:24.373, 0, GPU-cb24f168-9f18-f0d5-6f4a-6d2406958f50, 100 %, 4709 MiB, 322.35 W
2026/10/09 00:31:24.373, 1, GPU-cb626bdb-4319-2f5e-b91f-17fcaa44a83d, 77 %, 10238 MiB, 266.44 W
2026/10/09 00:31:34.374, 0, GPU-cb24f168-9f18-f0d5-6f4a-6d2406958f50, 100 %, 4709 MiB, 319.23 W
2026/10/09 00:31:34.374, 1, GPU-cb626bdb-4319-2f5e-b91f-17fcaa44a83d, 83 %, 10238 MiB, 283.08 W
2026/10/09 00:31:44.374, 0, GPU-cb24f168-9f18-f0d5-6f4a-6d2406958f50, 100 %, 4709 MiB, 320.69 W
2026/10/09 00:31:44.375, 1, GPU-cb626bdb-4319-2f5e-b91f-17fcaa44a83d, 77 %, 10238 MiB, 251.81 W
2026/10/09 00:31:54.376, 0, GPU-cb24f168-9f18-f0d5-6f4a-6d2406958f50, 100 %, 4709 MiB, 318.08 W
2026/10/09 00:31:54.377, 1, GPU-cb626bdb-4319-2f5e-b91f-17fcaa44a83d, 42 %, 10238 MiB, 266.61 W
2026/10/09 00:32:04.377, 0, GPU-cb24f168-9f18-f0d5-6f4a-6d2406958f50, 100 %, 4709 MiB, 319.25 W
2026/10/09 00:32:04.377, 1, GPU-cb626bdb-4319-2f5e-b91f-17fcaa44a83d, 42 %, 10238 MiB, 265.23 W
2026/10/09 00:32:14.378, 0, GPU-cb24f168-9f18-f0d5-6f4a-6d2406958f50, 100 %, 4709 MiB, 316.91 W
2026/10/09 00:32:14.378, 1, GPU-cb626bdb-4319-2f5e-b91f-17fcaa44a83d, 42 %, 10238 MiB, 272.76 W
2026/10/09 00:32:24.379, 0, GPU-cb24f168-9f18-f0d5-6f4a-6d2406958f50, 100 %, 4709 MiB, 316.10 W
2026/10/09 00:32:24.379, 1, GPU-cb626bdb-4319-2f5e-b91f-17fcaa44a83d, 41 %, 10238 MiB, 251.05 W
2026/10/09 00:32:34.380, 0, GPU-cb24f168-9f18-f0d5-6f4a-6d2406958f50, 87 %, 4709 MiB, 308.01 W
2026/10/09 00:32:34.380, 1, GPU-cb626bdb-4319-2f5e-b91f-17fcaa44a83d, 70 %, 10238 MiB, 276.59 W
2026/10/09 00:32:44.380, 0, GPU-cb24f168-9f18-f0d5-6f4a-6d2406958f50, 100 %, 4709 MiB, 316.29 W
2026/10/09 00:32:44.381, 1, GPU-cb626bdb-4319-2f5e-b91f-17fcaa44a83d, 43 %, 10238 MiB, 274.57 W
2026/10/09 00:32:54.381, 0, GPU-cb24f168-9f18-f0d5-6f4a-6d2406958f50, 99 %, 4709 MiB, 310.40 W
2026/10/09 00:32:54.382, 1, GPU-cb626bdb-4319-2f5e-b91f-17fcaa44a83d, 15 %, 10238 MiB, 223.62 W
2026/10/09 00:33:04.382, 0, GPU-cb24f168-9f18-f0d5-6f4a-6d2406958f50, 100 %, 4709 MiB, 315.17 W
2026/10/09 00:33:04.382, 1, GPU-cb626bdb-4319-2f5e-b91f-17fcaa44a83d, 97 %, 10238 MiB, 335.21 W
2026/10/09 00:33:14.383, 0, GPU-cb24f168-9f18-f0d5-6f4a-6d2406958f50, 100 %, 4709 MiB, 306.06 W
2026/10/09 00:33:14.383, 1, GPU-cb626bdb-4319-2f5e-b91f-17fcaa44a83d, 53 %, 10238 MiB, 280.65 W
2026/10/09 00:33:24.384, 0, GPU-cb24f168-9f18-f0d5-6f4a-6d2406958f50, 100 %, 5099 MiB, 316.84 W
2026/10/09 00:33:24.384, 1, GPU-cb626bdb-4319-2f5e-b91f-17fcaa44a83d, 69 %, 10238 MiB, 275.45 W
2026/10/09 00:33:34.385, 0, GPU-cb24f168-9f18-f0d5-6f4a-6d2406958f50, 99 %, 5099 MiB, 308.37 W
2026/10/09 00:33:34.385, 1, GPU-cb626bdb-4319-2f5e-b91f-17fcaa44a83d, 51 %, 10238 MiB, 270.04 W
2026/10/09 00:33:44.386, 0, GPU-cb24f168-9f18-f0d5-6f4a-6d2406958f50, 100 %, 5099 MiB, 314.64 W
2026/10/09 00:33:44.386, 1, GPU-cb626bdb-4319-2f5e-b91f-17fcaa44a83d, 82 %, 10238 MiB, 266.86 W
2026/10/09 00:33:54.387, 0, GPU-cb24f168-9f18-f0d5-6f4a-6d2406958f50, 100 %, 5099 MiB, 307.21 W
2026/10/09 00:33:54.387, 1, GPU-cb626bdb-4319-2f5e-b91f-17fcaa44a83d, 79 %, 10238 MiB, 273.53 W
2026/10/09 00:34:04.388, 0, GPU-cb24f168-9f18-f0d5-6f4a-6d2406958f50, 100 %, 5099 MiB, 312.92 W
2026/10/09 00:34:04.388, 1, GPU-cb626bdb-4319-2f5e-b91f-17fcaa44a83d, 40 %, 10238 MiB, 253.53 W
2026/10/09 00:34:14.388, 0, GPU-cb24f168-9f18-f0d5-6f4a-6d2406958f50, 99 %, 1130 MiB, 313.52 W
2026/10/09 00:34:14.388, 1, GPU-cb626bdb-4319-2f5e-b91f-17fcaa44a83d, 59 %, 10238 MiB, 252.79 W
2026/10/09 00:34:24.389, 0, GPU-cb24f168-9f18-f0d5-6f4a-6d2406958f50, 99 %, 1587 MiB, 309.08 W
2026/10/09 00:34:24.390, 1, GPU-cb626bdb-4319-2f5e-b91f-17fcaa44a83d, 79 %, 10238 MiB, 274.46 W
2026/10/09 00:34:34.391, 0, GPU-cb24f168-9f18-f0d5-6f4a-6d2406958f50, 100 %, 1587 MiB, 308.39 W
2026/10/09 00:34:34.391, 1, GPU-cb626bdb-4319-2f5e-b91f-17fcaa44a83d, 50 %, 10238 MiB, 289.22 W
2026/10/09 00:34:44.392, 0, GPU-cb24f168-9f18-f0d5-6f4a-6d2406958f50, 100 %, 1587 MiB, 310.42 W
2026/10/09 00:34:44.392, 1, GPU-cb626bdb-4319-2f5e-b91f-17fcaa44a83d, 40 %, 10238 MiB, 261.36 W
2026/10/09 00:34:54.393, 0, GPU-cb24f168-9f18-f0d5-6f4a-6d2406958f50, 100 %, 1587 MiB, 310.15 W
2026/10/09 00:34:54.393, 1, GPU-cb626bdb-4319-2f5e-b91f-17fcaa44a83d, 41 %, 10238 MiB, 274.77 W
2026/10/09 00:35:04.394, 0, GPU-cb24f168-9f18-f0d5-6f4a-6d2406958f50, 100 %, 1587 MiB, 312.01 W
2026/10/09 00:35:04.394, 1, GPU-cb626bdb-4319-2f5e-b91f-17fcaa44a83d, 41 %, 10238 MiB, 254.04 W
2026/10/09 00:35:14.394, 0, GPU-cb24f168-9f18-f0d5-6f4a-6d2406958f50, 100 %, 1587 MiB, 314.00 W
2026/10/09 00:35:14.395, 1, GPU-cb626bdb-4319-2f5e-b91f-17fcaa44a83d, 44 %, 10238 MiB, 237.48 W
2026/10/09 00:35:24.395, 0, GPU-cb24f168-9f18-f0d5-6f4a-6d2406958f50, 100 %, 1587 MiB, 317.96 W
2026/10/09 00:35:24.398, 1, GPU-cb626bdb-4319-2f5e-b91f-17fcaa44a83d, 0 %, 10238 MiB, 160.52 W
2026/10/09 00:35:34.400, 0, GPU-cb24f168-9f18-f0d5-6f4a-6d2406958f50, 100 %, 1587 MiB, 310.30 W
2026/10/09 00:35:34.400, 1, GPU-cb626bdb-4319-2f5e-b91f-17fcaa44a83d, 39 %, 10238 MiB, 252.04 W
2026/10/09 00:35:44.400, 0, GPU-cb24f168-9f18-f0d5-6f4a-6d2406958f50, 100 %, 1587 MiB, 312.43 W
2026/10/09 00:35:44.401, 1, GPU-cb626bdb-4319-2f5e-b91f-17fcaa44a83d, 76 %, 10238 MiB, 281.29 W
2026/10/09 00:35:54.401, 0, GPU-cb24f168-9f18-f0d5-6f4a-6d2406958f50, 100 %, 1587 MiB, 311.16 W
2026/10/09 00:35:54.401, 1, GPU-cb626bdb-4319-2f5e-b91f-17fcaa44a83d, 39 %, 10238 MiB, 255.46 W
2026/10/09 00:36:04.402, 0, GPU-cb24f168-9f18-f0d5-6f4a-6d2406958f50, 100 %, 1587 MiB, 315.68 W
2026/10/09 00:36:04.402, 1, GPU-cb626bdb-4319-2f5e-b91f-17fcaa44a83d, 68 %, 10238 MiB, 275.56 W
2026/10/09 00:36:14.403, 0, GPU-cb24f168-9f18-f0d5-6f4a-6d2406958f50, 97 %, 1587 MiB, 298.20 W
2026/10/09 00:36:14.403, 1, GPU-cb626bdb-4319-2f5e-b91f-17fcaa44a83d, 42 %, 10238 MiB, 265.35 W
2026/10/09 00:36:24.405, 0, GPU-cb24f168-9f18-f0d5-6f4a-6d2406958f50, 100 %, 1587 MiB, 310.22 W
2026/10/09 00:36:24.405, 1, GPU-cb626bdb-4319-2f5e-b91f-17fcaa44a83d, 54 %, 10238 MiB, 262.49 W
2026/10/09 00:36:34.405, 0, GPU-cb24f168-9f18-f0d5-6f4a-6d2406958f50, 100 %, 1587 MiB, 311.83 W
2026/10/09 00:36:34.406, 1, GPU-cb626bdb-4319-2f5e-b91f-17fcaa44a83d, 40 %, 10238 MiB, 246.55 W
2026/10/09 00:36:44.406, 0, GPU-cb24f168-9f18-f0d5-6f4a-6d2406958f50, 100 %, 1587 MiB, 307.71 W
2026/10/09 00:36:44.406, 1, GPU-cb626bdb-4319-2f5e-b91f-17fcaa44a83d, 76 %, 10238 MiB, 267.19 W
2026/10/09 00:36:54.407, 0, GPU-cb24f168-9f18-f0d5-6f4a-6d2406958f50, 100 %, 1587 MiB, 307.60 W
2026/10/09 00:36:54.407, 1, GPU-cb626bdb-4319-2f5e-b91f-17fcaa44a83d, 71 %, 10238 MiB, 255.73 W
2026/10/09 00:37:04.408, 0, GPU-cb24f168-9f18-f0d5-6f4a-6d2406958f50, 100 %, 1587 MiB, 310.21 W
2026/10/09 00:37:04.412, 1, GPU-cb626bdb-4319-2f5e-b91f-17fcaa44a83d, 41 %, 10238 MiB, 255.39 W
2026/10/09 00:37:14.413, 0, GPU-cb24f168-9f18-f0d5-6f4a-6d2406958f50, 100 %, 1587 MiB, 308.05 W
2026/10/09 00:37:14.413, 1, GPU-cb626bdb-4319-2f5e-b91f-17fcaa44a83d, 97 %, 10238 MiB, 282.71 W
2026/10/09 00:37:24.414, 0, GPU-cb24f168-9f18-f0d5-6f4a-6d2406958f50, 100 %, 1587 MiB, 308.67 W
2026/10/09 00:37:24.414, 1, GPU-cb626bdb-4319-2f5e-b91f-17fcaa44a83d, 83 %, 10238 MiB, 274.38 W
2026/10/09 00:37:34.415, 0, GPU-cb24f168-9f18-f0d5-6f4a-6d2406958f50, 100 %, 1587 MiB, 312.88 W
2026/10/09 00:37:34.415, 1, GPU-cb626bdb-4319-2f5e-b91f-17fcaa44a83d, 56 %, 10238 MiB, 265.93 W
2026/10/09 00:37:44.415, 0, GPU-cb24f168-9f18-f0d5-6f4a-6d2406958f50, 100 %, 1587 MiB, 301.96 W
2026/10/09 00:37:44.415, 1, GPU-cb626bdb-4319-2f5e-b91f-17fcaa44a83d, 73 %, 10238 MiB, 253.94 W
2026/10/09 00:37:54.416, 0, GPU-cb24f168-9f18-f0d5-6f4a-6d2406958f50, 100 %, 1587 MiB, 306.79 W
2026/10/09 00:37:54.416, 1, GPU-cb626bdb-4319-2f5e-b91f-17fcaa44a83d, 41 %, 10238 MiB, 264.24 W
2026/10/09 00:38:04.418, 0, GPU-cb24f168-9f18-f0d5-6f4a-6d2406958f50, 100 %, 1587 MiB, 308.39 W
2026/10/09 00:38:04.418, 1, GPU-cb626bdb-4319-2f5e-b91f-17fcaa44a83d, 40 %, 10238 MiB, 235.88 W
2026/10/09 00:38:14.419, 0, GPU-cb24f168-9f18-f0d5-6f4a-6d2406958f50, 100 %, 1587 MiB, 308.17 W
2026/10/09 00:38:14.419, 1, GPU-cb626bdb-4319-2f5e-b91f-17fcaa44a83d, 40 %, 10238 MiB, 273.96 W
2026/10/09 00:38:24.420, 0, GPU-cb24f168-9f18-f0d5-6f4a-6d2406958f50, 91 %, 1587 MiB, 295.64 W
2026/10/09 00:38:24.420, 1, GPU-cb626bdb-4319-2f5e-b91f-17fcaa44a83d, 67 %, 10238 MiB, 275.17 W
2026/10/09 00:38:34.420, 0, GPU-cb24f168-9f18-f0d5-6f4a-6d2406958f50, 100 %, 1587 MiB, 306.51 W
2026/10/09 00:38:34.420, 1, GPU-cb626bdb-4319-2f5e-b91f-17fcaa44a83d, 41 %, 10238 MiB, 263.19 W
2026/10/09 00:38:44.421, 0, GPU-cb24f168-9f18-f0d5-6f4a-6d2406958f50, 100 %, 1587 MiB, 305.67 W
2026/10/09 00:38:44.421, 1, GPU-cb626bdb-4319-2f5e-b91f-17fcaa44a83d, 92 %, 10238 MiB, 274.07 W
2026/10/09 00:38:54.422, 0, GPU-cb24f168-9f18-f0d5-6f4a-6d2406958f50, 100 %, 1587 MiB, 305.68 W
2026/10/09 00:38:54.422, 1, GPU-cb626bdb-4319-2f5e-b91f-17fcaa44a83d, 42 %, 10238 MiB, 274.41 W
2026/10/09 00:39:04.423, 0, GPU-cb24f168-9f18-f0d5-6f4a-6d2406958f50, 100 %, 1587 MiB, 304.16 W
2026/10/09 00:39:04.423, 1, GPU-cb626bdb-4319-2f5e-b91f-17fcaa44a83d, 41 %, 10238 MiB, 255.31 W
2026/10/09 00:39:14.423, 0, GPU-cb24f168-9f18-f0d5-6f4a-6d2406958f50, 100 %, 1587 MiB, 305.68 W
2026/10/09 00:39:14.423, 1, GPU-cb626bdb-4319-2f5e-b91f-17fcaa44a83d, 40 %, 10238 MiB, 250.12 W
2026/10/09 00:39:24.424, 0, GPU-cb24f168-9f18-f0d5-6f4a-6d2406958f50, 100 %, 1587 MiB, 307.15 W
2026/10/09 00:39:24.424, 1, GPU-cb626bdb-4319-2f5e-b91f-17fcaa44a83d, 41 %, 10238 MiB, 261.12 W
2026/10/09 00:39:34.425, 0, GPU-cb24f168-9f18-f0d5-6f4a-6d2406958f50, 100 %, 1587 MiB, 304.37 W
2026/10/09 00:39:34.425, 1, GPU-cb626bdb-4319-2f5e-b91f-17fcaa44a83d, 97 %, 10238 MiB, 305.96 W
2026/10/09 00:39:44.426, 0, GPU-cb24f168-9f18-f0d5-6f4a-6d2406958f50, 100 %, 1587 MiB, 309.49 W
2026/10/09 00:39:44.426, 1, GPU-cb626bdb-4319-2f5e-b91f-17fcaa44a83d, 41 %, 10238 MiB, 255.04 W
2026/10/09 00:39:54.427, 0, GPU-cb24f168-9f18-f0d5-6f4a-6d2406958f50, 100 %, 1587 MiB, 305.71 W
2026/10/09 00:39:54.427, 1, GPU-cb626bdb-4319-2f5e-b91f-17fcaa44a83d, 55 %, 10238 MiB, 251.38 W
2026/10/09 00:40:04.428, 0, GPU-cb24f168-9f18-f0d5-6f4a-6d2406958f50, 100 %, 1587 MiB, 305.91 W
2026/10/09 00:40:04.428, 1, GPU-cb626bdb-4319-2f5e-b91f-17fcaa44a83d, 42 %, 10238 MiB, 269.05 W
2026/10/09 00:40:14.429, 0, GPU-cb24f168-9f18-f0d5-6f4a-6d2406958f50, 100 %, 1587 MiB, 305.13 W
2026/10/09 00:40:14.429, 1, GPU-cb626bdb-4319-2f5e-b91f-17fcaa44a83d, 50 %, 10238 MiB, 272.78 W
2026/10/09 00:40:24.430, 0, GPU-cb24f168-9f18-f0d5-6f4a-6d2406958f50, 100 %, 1587 MiB, 316.43 W
2026/10/09 00:40:24.430, 1, GPU-cb626bdb-4319-2f5e-b91f-17fcaa44a83d, 40 %, 10238 MiB, 271.74 W
2026/10/09 00:40:34.432, 0, GPU-cb24f168-9f18-f0d5-6f4a-6d2406958f50, 100 %, 1587 MiB, 304.67 W
2026/10/09 00:40:34.433, 1, GPU-cb626bdb-4319-2f5e-b91f-17fcaa44a83d, 87 %, 10238 MiB, 278.84 W
2026/10/09 00:40:44.434, 0, GPU-cb24f168-9f18-f0d5-6f4a-6d2406958f50, 100 %, 1587 MiB, 306.36 W
2026/10/09 00:40:44.434, 1, GPU-cb626bdb-4319-2f5e-b91f-17fcaa44a83d, 92 %, 10238 MiB, 277.42 W
2026/10/09 00:40:54.435, 0, GPU-cb24f168-9f18-f0d5-6f4a-6d2406958f50, 100 %, 1587 MiB, 303.36 W
2026/10/09 00:40:54.435, 1, GPU-cb626bdb-4319-2f5e-b91f-17fcaa44a83d, 42 %, 10238 MiB, 274.18 W
2026/10/09 00:41:04.436, 0, GPU-cb24f168-9f18-f0d5-6f4a-6d2406958f50, 100 %, 1587 MiB, 325.04 W
2026/10/09 00:41:04.436, 1, GPU-cb626bdb-4319-2f5e-b91f-17fcaa44a83d, 42 %, 10238 MiB, 278.73 W
2026/10/09 00:41:14.436, 0, GPU-cb24f168-9f18-f0d5-6f4a-6d2406958f50, 100 %, 1587 MiB, 304.64 W
2026/10/09 00:41:14.437, 1, GPU-cb626bdb-4319-2f5e-b91f-17fcaa44a83d, 41 %, 10238 MiB, 278.23 W
2026/10/09 00:41:24.439, 0, GPU-cb24f168-9f18-f0d5-6f4a-6d2406958f50, 100 %, 1587 MiB, 304.84 W
2026/10/09 00:41:24.439, 1, GPU-cb626bdb-4319-2f5e-b91f-17fcaa44a83d, 90 %, 10238 MiB, 260.18 W
2026/10/09 00:41:34.441, 0, GPU-cb24f168-9f18-f0d5-6f4a-6d2406958f50, 100 %, 1587 MiB, 304.21 W
2026/10/09 00:41:34.441, 1, GPU-cb626bdb-4319-2f5e-b91f-17fcaa44a83d, 52 %, 10238 MiB, 271.90 W
2026/10/09 00:41:44.441, 0, GPU-cb24f168-9f18-f0d5-6f4a-6d2406958f50, 100 %, 1587 MiB, 321.72 W
2026/10/09 00:41:44.441, 1, GPU-cb626bdb-4319-2f5e-b91f-17fcaa44a83d, 61 %, 10238 MiB, 283.10 W
2026/10/09 00:41:54.442, 0, GPU-cb24f168-9f18-f0d5-6f4a-6d2406958f50, 97 %, 1587 MiB, 298.59 W
2026/10/09 00:41:54.445, 1, GPU-cb626bdb-4319-2f5e-b91f-17fcaa44a83d, 36 %, 10238 MiB, 227.23 W
2026/10/09 00:42:04.447, 0, GPU-cb24f168-9f18-f0d5-6f4a-6d2406958f50, 100 %, 1587 MiB, 320.74 W
2026/10/09 00:42:04.447, 1, GPU-cb626bdb-4319-2f5e-b91f-17fcaa44a83d, 43 %, 10238 MiB, 259.48 W
2026/10/09 00:42:14.447, 0, GPU-cb24f168-9f18-f0d5-6f4a-6d2406958f50, 100 %, 1587 MiB, 328.61 W
2026/10/09 00:42:14.447, 1, GPU-cb626bdb-4319-2f5e-b91f-17fcaa44a83d, 87 %, 10238 MiB, 278.06 W
2026/10/09 00:42:24.448, 0, GPU-cb24f168-9f18-f0d5-6f4a-6d2406958f50, 100 %, 1587 MiB, 333.37 W
2026/10/09 00:42:24.448, 1, GPU-cb626bdb-4319-2f5e-b91f-17fcaa44a83d, 88 %, 10238 MiB, 275.26 W
2026/10/09 00:42:34.449, 0, GPU-cb24f168-9f18-f0d5-6f4a-6d2406958f50, 100 %, 1587 MiB, 321.99 W
2026/10/09 00:42:34.453, 1, GPU-cb626bdb-4319-2f5e-b91f-17fcaa44a83d, 93 %, 10238 MiB, 276.17 W
2026/10/09 00:42:44.454, 0, GPU-cb24f168-9f18-f0d5-6f4a-6d2406958f50, 100 %, 1587 MiB, 337.12 W
2026/10/09 00:42:44.455, 1, GPU-cb626bdb-4319-2f5e-b91f-17fcaa44a83d, 79 %, 10238 MiB, 278.56 W
2026/10/09 00:42:54.456, 0, GPU-cb24f168-9f18-f0d5-6f4a-6d2406958f50, 100 %, 1587 MiB, 336.16 W
2026/10/09 00:42:54.456, 1, GPU-cb626bdb-4319-2f5e-b91f-17fcaa44a83d, 42 %, 10238 MiB, 252.20 W
2026/10/09 00:43:04.457, 0, GPU-cb24f168-9f18-f0d5-6f4a-6d2406958f50, 100 %, 1587 MiB, 339.54 W
2026/10/09 00:43:04.457, 1, GPU-cb626bdb-4319-2f5e-b91f-17fcaa44a83d, 44 %, 10238 MiB, 267.82 W
2026/10/09 00:43:14.458, 0, GPU-cb24f168-9f18-f0d5-6f4a-6d2406958f50, 100 %, 1587 MiB, 340.99 W
2026/10/09 00:43:14.458, 1, GPU-cb626bdb-4319-2f5e-b91f-17fcaa44a83d, 42 %, 10238 MiB, 263.45 W
2026/10/09 00:43:24.458, 0, GPU-cb24f168-9f18-f0d5-6f4a-6d2406958f50, 100 %, 1587 MiB, 340.10 W
2026/10/09 00:43:24.458, 1, GPU-cb626bdb-4319-2f5e-b91f-17fcaa44a83d, 42 %, 10238 MiB, 264.25 W
2026/10/09 00:43:34.459, 0, GPU-cb24f168-9f18-f0d5-6f4a-6d2406958f50, 96 %, 1587 MiB, 323.65 W
2026/10/09 00:43:34.459, 1, GPU-cb626bdb-4319-2f5e-b91f-17fcaa44a83d, 42 %, 10238 MiB, 271.76 W
2026/10/09 00:43:44.460, 0, GPU-cb24f168-9f18-f0d5-6f4a-6d2406958f50, 100 %, 1587 MiB, 344.37 W
2026/10/09 00:43:44.460, 1, GPU-cb626bdb-4319-2f5e-b91f-17fcaa44a83d, 98 %, 10238 MiB, 335.23 W
2026/10/09 00:43:54.461, 0, GPU-cb24f168-9f18-f0d5-6f4a-6d2406958f50, 100 %, 1587 MiB, 345.59 W
2026/10/09 00:43:54.461, 1, GPU-cb626bdb-4319-2f5e-b91f-17fcaa44a83d, 47 %, 10238 MiB, 262.47 W
2026/10/09 00:44:04.461, 0, GPU-cb24f168-9f18-f0d5-6f4a-6d2406958f50, 100 %, 1587 MiB, 347.01 W
2026/10/09 00:44:04.462, 1, GPU-cb626bdb-4319-2f5e-b91f-17fcaa44a83d, 0 %, 2 MiB, 125.87 W
2026/10/09 00:44:14.462, 0, GPU-cb24f168-9f18-f0d5-6f4a-6d2406958f50, 100 %, 2660 MiB, 335.82 W
2026/10/09 00:44:14.462, 1, GPU-cb626bdb-4319-2f5e-b91f-17fcaa44a83d, 0 %, 2 MiB, 30.70 W
2026/10/09 00:44:24.463, 0, GPU-cb24f168-9f18-f0d5-6f4a-6d2406958f50, 96 %, 2708 MiB, 324.46 W
2026/10/09 00:44:24.463, 1, GPU-cb626bdb-4319-2f5e-b91f-17fcaa44a83d, 0 %, 2 MiB, 29.31 W
2026/10/09 00:44:34.464, 0, GPU-cb24f168-9f18-f0d5-6f4a-6d2406958f50, 100 %, 6056 MiB, 347.31 W
2026/10/09 00:44:34.464, 1, GPU-cb626bdb-4319-2f5e-b91f-17fcaa44a83d, 0 %, 2 MiB, 28.67 W
2026/10/09 00:44:44.464, 0, GPU-cb24f168-9f18-f0d5-6f4a-6d2406958f50, 100 %, 1587 MiB, 345.72 W
2026/10/09 00:44:44.465, 1, GPU-cb626bdb-4319-2f5e-b91f-17fcaa44a83d, 0 %, 2 MiB, 28.89 W
2026/10/09 00:44:54.465, 0, GPU-cb24f168-9f18-f0d5-6f4a-6d2406958f50, 100 %, 1587 MiB, 347.96 W
2026/10/09 00:44:54.465, 1, GPU-cb626bdb-4319-2f5e-b91f-17fcaa44a83d, 0 %, 2 MiB, 28.66 W
2026/10/09 00:45:04.466, 0, GPU-cb24f168-9f18-f0d5-6f4a-6d2406958f50, 100 %, 1587 MiB, 347.08 W
2026/10/09 00:45:04.467, 1, GPU-cb626bdb-4319-2f5e-b91f-17fcaa44a83d, 0 %, 2 MiB, 28.78 W
