wandb: Tracking run with wandb version 0.19.11
wandb: W&B syncing is set to `offline` in this directory. Run `wandb online` or set WANDB_MODE=online to enable cloud syncing.
[start] performance_seed2 scratch=True all18=True epochs=60 batch=640 decision=performance model_hash=960a17a359d5da1b9ca71ba4f34099fdfd543f623f1b8e5960abd61fc2ad31c7
[eval epoch 0 performance] macro_top1=0.1408 top2=0.4097 top3=0.5018 vs_sbs=+10.118% vbs_closed=-779.51%
          classification_top1=0.0664 performance_top1=0.1408 classification_CE=1.93849 performance_MSE=0.95705
       TSP: top1=0.109 mean_cost=7.9646 (sbs=7.9578) vs_sbs=+0.08%
      CVRP: top1=0.018 mean_cost=19.6954 (sbs=18.2943) vs_sbs=+7.66%
      ATSP: top1=0.139 mean_cost=2.3231 (sbs=1.6735) vs_sbs=+38.82%
      OVRP: top1=0.085 mean_cost=7.5915 (sbs=7.4617) vs_sbs=+1.74%
      VRPB: top1=0.504 mean_cost=9.3403 (sbs=9.3403) vs_sbs=-0.00%
      VRPL: top1=0.276 mean_cost=12.4085 (sbs=12.4072) vs_sbs=+0.01%
     VRPTW: top1=0.073 mean_cost=20.4632 (sbs=18.6571) vs_sbs=+9.68%
    OVRPTW: top1=0.099 mean_cost=11.2743 (sbs=10.0484) vs_sbs=+12.20%
     OVRPB: top1=0.545 mean_cost=6.3220 (sbs=6.3220) vs_sbs=-0.00%
     OVRPL: top1=0.334 mean_cost=7.4376 (sbs=7.4376) vs_sbs=+0.00%
     VRPBL: top1=0.000 mean_cost=11.3467 (sbs=9.3593) vs_sbs=+21.23%
    VRPBTW: top1=0.079 mean_cost=21.5743 (sbs=19.6697) vs_sbs=+9.68%
    VRPLTW: top1=0.118 mean_cost=18.6120 (sbs=18.5091) vs_sbs=+0.56%
    OVRPBL: top1=0.000 mean_cost=7.4775 (sbs=6.3103) vs_sbs=+18.50%
   OVRPBTW: top1=0.100 mean_cost=11.7064 (sbs=10.5068) vs_sbs=+11.42%
   OVRPLTW: top1=0.000 mean_cost=12.0771 (sbs=10.1272) vs_sbs=+19.25%
   VRPBLTW: top1=0.054 mean_cost=20.8206 (sbs=19.5198) vs_sbs=+6.66%
  OVRPBLTW: top1=0.001 mean_cost=13.1379 (sbs=10.5412) vs_sbs=+24.63%
ep001 step000050 loss=0.90509 ce=1.75548 performance=0.83048 lr=6.67e-05 samples/s=8570 peak_GiB=18.68 time=0.1m
ep001 step000100 loss=0.88336 ce=1.71371 performance=0.81016 lr=6.67e-05 samples/s=8190 peak_GiB=18.68 time=0.2m
ep001 step000150 loss=0.86283 ce=1.67997 performance=0.78526 lr=6.67e-05 samples/s=7859 peak_GiB=18.68 time=0.2m
ep001 step000200 loss=0.85006 ce=1.65744 performance=0.77130 lr=6.67e-05 samples/s=8206 peak_GiB=18.68 time=0.3m
ep001 step000250 loss=0.84129 ce=1.64827 performance=0.75542 lr=6.67e-05 samples/s=8140 peak_GiB=18.68 time=0.4m
[eval epoch 1 performance] macro_top1=0.3399 top2=0.6464 top3=0.7459 vs_sbs=+0.565% vbs_closed=-57.56%
          classification_top1=0.3565 performance_top1=0.3399 classification_CE=1.56511 performance_MSE=0.63245
       TSP: top1=0.165 mean_cost=7.9576 (sbs=7.9578) vs_sbs=-0.00%
      CVRP: top1=0.125 mean_cost=18.6181 (sbs=18.2943) vs_sbs=+1.77%
      ATSP: top1=0.480 mean_cost=1.6735 (sbs=1.6735) vs_sbs=+0.00%
      OVRP: top1=0.077 mean_cost=7.6120 (sbs=7.4617) vs_sbs=+2.02%
      VRPB: top1=0.524 mean_cost=9.3513 (sbs=9.3403) vs_sbs=+0.12%
      VRPL: top1=0.119 mean_cost=12.5165 (sbs=12.4072) vs_sbs=+0.88%
     VRPTW: top1=0.240 mean_cost=18.8647 (sbs=18.6571) vs_sbs=+1.11%
    OVRPTW: top1=0.477 mean_cost=10.0574 (sbs=10.0484) vs_sbs=+0.09%
     OVRPB: top1=0.522 mean_cost=6.3303 (sbs=6.3220) vs_sbs=+0.13%
     OVRPL: top1=0.068 mean_cost=7.5916 (sbs=7.4376) vs_sbs=+2.07%
     VRPBL: top1=0.506 mean_cost=9.3730 (sbs=9.3593) vs_sbs=+0.15%
    VRPBTW: top1=0.336 mean_cost=19.7199 (sbs=19.6697) vs_sbs=+0.26%
    VRPLTW: top1=0.256 mean_cost=18.6160 (sbs=18.5091) vs_sbs=+0.58%
    OVRPBL: top1=0.481 mean_cost=6.3240 (sbs=6.3103) vs_sbs=+0.22%
   OVRPBTW: top1=0.471 mean_cost=10.5142 (sbs=10.5068) vs_sbs=+0.07%
   OVRPLTW: top1=0.456 mean_cost=10.1435 (sbs=10.1272) vs_sbs=+0.16%
   VRPBLTW: top1=0.348 mean_cost=19.5894 (sbs=19.5198) vs_sbs=+0.36%
  OVRPBLTW: top1=0.467 mean_cost=10.5627 (sbs=10.5412) vs_sbs=+0.20%
[save] best.pt epoch=1 val_vs_sbs=+0.56533%
[epoch done 1] updates=270 skipped_attempts_total=0 grad=0.7883 elapsed=0.4m
ep002 step000300 loss=0.76304 ce=1.55810 performance=0.62203 lr=0.000133 samples/s=8584 peak_GiB=18.68 time=0.4m
ep002 step000350 loss=0.76588 ce=1.55765 performance=0.63057 lr=0.000133 samples/s=8593 peak_GiB=18.68 time=0.5m
ep002 step000400 loss=0.75072 ce=1.52835 performance=0.61656 lr=0.000133 samples/s=8036 peak_GiB=18.68 time=0.6m
ep002 step000450 loss=0.73546 ce=1.49729 performance=0.60403 lr=0.000133 samples/s=8186 peak_GiB=18.68 time=0.6m
ep002 step000500 loss=0.71533 ce=1.45686 performance=0.58694 lr=0.000133 samples/s=8272 peak_GiB=18.68 time=0.7m
[eval epoch 2 performance] macro_top1=0.3487 top2=0.6731 top3=0.8230 vs_sbs=-0.078% vbs_closed=-17.99%
          classification_top1=0.4045 performance_top1=0.3487 classification_CE=1.28240 performance_MSE=0.46939
       TSP: top1=0.132 mean_cost=7.9560 (sbs=7.9578) vs_sbs=-0.02%
      CVRP: top1=0.194 mean_cost=18.4307 (sbs=18.2943) vs_sbs=+0.75%
      ATSP: top1=0.483 mean_cost=1.6696 (sbs=1.6735) vs_sbs=-0.24%
      OVRP: top1=0.324 mean_cost=7.4669 (sbs=7.4617) vs_sbs=+0.07%
      VRPB: top1=0.479 mean_cost=9.3517 (sbs=9.3403) vs_sbs=+0.12%
      VRPL: top1=0.207 mean_cost=12.4575 (sbs=12.4072) vs_sbs=+0.41%
     VRPTW: top1=0.229 mean_cost=18.4476 (sbs=18.6571) vs_sbs=-1.12%
    OVRPTW: top1=0.438 mean_cost=10.0765 (sbs=10.0484) vs_sbs=+0.28%
     OVRPB: top1=0.528 mean_cost=6.3315 (sbs=6.3220) vs_sbs=+0.15%
     OVRPL: top1=0.340 mean_cost=7.4385 (sbs=7.4376) vs_sbs=+0.01%
     VRPBL: top1=0.520 mean_cost=9.3613 (sbs=9.3593) vs_sbs=+0.02%
    VRPBTW: top1=0.275 mean_cost=19.4244 (sbs=19.6697) vs_sbs=-1.25%
    VRPLTW: top1=0.202 mean_cost=18.0656 (sbs=18.5091) vs_sbs=-2.40%
    OVRPBL: top1=0.540 mean_cost=6.3148 (sbs=6.3103) vs_sbs=+0.07%
   OVRPBTW: top1=0.375 mean_cost=10.5959 (sbs=10.5068) vs_sbs=+0.85%
   OVRPLTW: top1=0.409 mean_cost=10.1670 (sbs=10.1272) vs_sbs=+0.39%
   VRPBLTW: top1=0.269 mean_cost=19.4219 (sbs=19.5198) vs_sbs=-0.50%
  OVRPBLTW: top1=0.332 mean_cost=10.6476 (sbs=10.5412) vs_sbs=+1.01%
[save] best.pt epoch=2 val_vs_sbs=-0.07759%
[epoch done 2] updates=540 skipped_attempts_total=0 grad=0.7502 elapsed=0.8m
ep003 step000550 loss=0.58932 ce=1.22458 performance=0.45920 lr=0.0002 samples/s=8565 peak_GiB=18.68 time=0.8m
ep003 step000600 loss=0.63711 ce=1.29764 performance=0.52269 lr=0.0002 samples/s=7985 peak_GiB=18.68 time=0.9m
ep003 step000650 loss=0.65703 ce=1.33964 performance=0.53759 lr=0.0002 samples/s=8251 peak_GiB=18.68 time=0.9m
ep003 step000700 loss=0.64597 ce=1.32206 performance=0.52355 lr=0.0002 samples/s=8126 peak_GiB=18.68 time=1.0m
ep003 step000750 loss=0.63709 ce=1.30797 performance=0.51228 lr=0.0002 samples/s=8234 peak_GiB=18.68 time=1.0m
ep003 step000800 loss=0.62940 ce=1.29587 performance=0.50242 lr=0.0002 samples/s=8159 peak_GiB=18.68 time=1.1m
[eval epoch 3 performance] macro_top1=0.4198 top2=0.7416 top3=0.8560 vs_sbs=-0.653% vbs_closed=+10.61%
          classification_top1=0.4394 performance_top1=0.4198 classification_CE=1.21303 performance_MSE=0.43420
       TSP: top1=0.234 mean_cost=7.9458 (sbs=7.9578) vs_sbs=-0.15%
      CVRP: top1=0.235 mean_cost=18.3507 (sbs=18.2943) vs_sbs=+0.31%
      ATSP: top1=0.705 mean_cost=1.6377 (sbs=1.6735) vs_sbs=-2.14%
      OVRP: top1=0.321 mean_cost=7.4668 (sbs=7.4617) vs_sbs=+0.07%
      VRPB: top1=0.537 mean_cost=9.3480 (sbs=9.3403) vs_sbs=+0.08%
      VRPL: top1=0.245 mean_cost=12.4216 (sbs=12.4072) vs_sbs=+0.12%
     VRPTW: top1=0.320 mean_cost=18.1036 (sbs=18.6571) vs_sbs=-2.97%
    OVRPTW: top1=0.484 mean_cost=10.0474 (sbs=10.0484) vs_sbs=-0.01%
     OVRPB: top1=0.552 mean_cost=6.3276 (sbs=6.3220) vs_sbs=+0.09%
     OVRPL: top1=0.331 mean_cost=7.4466 (sbs=7.4376) vs_sbs=+0.12%
     VRPBL: top1=0.535 mean_cost=9.3580 (sbs=9.3593) vs_sbs=-0.01%
    VRPBTW: top1=0.364 mean_cost=19.2507 (sbs=19.6697) vs_sbs=-2.13%
    VRPLTW: top1=0.334 mean_cost=17.8724 (sbs=18.5091) vs_sbs=-3.44%
    OVRPBL: top1=0.531 mean_cost=6.3120 (sbs=6.3103) vs_sbs=+0.03%
   OVRPBTW: top1=0.497 mean_cost=10.5021 (sbs=10.5068) vs_sbs=-0.04%
   OVRPLTW: top1=0.473 mean_cost=10.1384 (sbs=10.1272) vs_sbs=+0.11%
   VRPBLTW: top1=0.366 mean_cost=19.1831 (sbs=19.5198) vs_sbs=-1.72%
  OVRPBLTW: top1=0.493 mean_cost=10.5354 (sbs=10.5412) vs_sbs=-0.05%
[save] best.pt epoch=3 val_vs_sbs=-0.65297%
[epoch done 3] updates=810 skipped_attempts_total=0 grad=0.8716 elapsed=1.2m
ep004 step000850 loss=0.60223 ce=1.26153 performance=0.45912 lr=0.0002 samples/s=8585 peak_GiB=18.68 time=1.2m
ep004 step000900 loss=0.59850 ce=1.25712 performance=0.45289 lr=0.0002 samples/s=8168 peak_GiB=18.68 time=1.3m
ep004 step000950 loss=0.58923 ce=1.24315 performance=0.44036 lr=0.0002 samples/s=8588 peak_GiB=18.68 time=1.3m
ep004 step001000 loss=0.59431 ce=1.25229 performance=0.44572 lr=0.0002 samples/s=8391 peak_GiB=18.68 time=1.4m
ep004 step001050 loss=0.59175 ce=1.24713 performance=0.44359 lr=0.0002 samples/s=8132 peak_GiB=18.68 time=1.5m
[eval epoch 4 performance] macro_top1=0.4287 top2=0.7555 top3=0.8756 vs_sbs=-0.727% vbs_closed=+12.88%
          classification_top1=0.4457 performance_top1=0.4287 classification_CE=1.19159 performance_MSE=0.42390
       TSP: top1=0.299 mean_cost=7.9339 (sbs=7.9578) vs_sbs=-0.30%
      CVRP: top1=0.319 mean_cost=18.3206 (sbs=18.2943) vs_sbs=+0.14%
      ATSP: top1=0.674 mean_cost=1.6411 (sbs=1.6735) vs_sbs=-1.94%
      OVRP: top1=0.327 mean_cost=7.4670 (sbs=7.4617) vs_sbs=+0.07%
      VRPB: top1=0.518 mean_cost=9.3529 (sbs=9.3403) vs_sbs=+0.13%
      VRPL: top1=0.258 mean_cost=12.4212 (sbs=12.4072) vs_sbs=+0.11%
     VRPTW: top1=0.332 mean_cost=18.0501 (sbs=18.6571) vs_sbs=-3.25%
    OVRPTW: top1=0.509 mean_cost=10.0479 (sbs=10.0484) vs_sbs=-0.01%
     OVRPB: top1=0.548 mean_cost=6.3263 (sbs=6.3220) vs_sbs=+0.07%
     OVRPL: top1=0.351 mean_cost=7.4444 (sbs=7.4376) vs_sbs=+0.09%
     VRPBL: top1=0.528 mean_cost=9.3617 (sbs=9.3593) vs_sbs=+0.03%
    VRPBTW: top1=0.383 mean_cost=19.2488 (sbs=19.6697) vs_sbs=-2.14%
    VRPLTW: top1=0.319 mean_cost=17.8035 (sbs=18.5091) vs_sbs=-3.81%
    OVRPBL: top1=0.523 mean_cost=6.3129 (sbs=6.3103) vs_sbs=+0.04%
   OVRPBTW: top1=0.496 mean_cost=10.5031 (sbs=10.5068) vs_sbs=-0.03%
   OVRPLTW: top1=0.471 mean_cost=10.1341 (sbs=10.1272) vs_sbs=+0.07%
   VRPBLTW: top1=0.381 mean_cost=19.0616 (sbs=19.5198) vs_sbs=-2.35%
  OVRPBLTW: top1=0.481 mean_cost=10.5399 (sbs=10.5412) vs_sbs=-0.01%
[save] best.pt epoch=4 val_vs_sbs=-0.72673%
[epoch done 4] updates=1080 skipped_attempts_total=0 grad=0.7571 elapsed=1.5m
ep005 step001100 loss=0.60751 ce=1.27699 performance=0.45876 lr=0.0002 samples/s=7006 peak_GiB=18.68 time=1.6m
ep005 step001150 loss=0.59010 ce=1.24203 performance=0.44397 lr=0.0002 samples/s=8074 peak_GiB=18.68 time=1.6m
ep005 step001200 loss=0.59258 ce=1.25417 performance=0.43892 lr=0.0002 samples/s=7992 peak_GiB=18.68 time=1.7m
ep005 step001250 loss=0.58681 ce=1.24296 performance=0.43364 lr=0.0002 samples/s=8162 peak_GiB=18.68 time=1.8m
ep005 step001300 loss=0.58250 ce=1.23777 performance=0.42650 lr=0.0002 samples/s=8099 peak_GiB=18.68 time=1.8m
ep005 step001350 loss=0.57877 ce=1.23166 performance=0.42196 lr=0.0002 samples/s=8186 peak_GiB=18.68 time=1.9m
[eval epoch 5 performance] macro_top1=0.4122 top2=0.7282 top3=0.8705 vs_sbs=-0.660% vbs_closed=+10.38%
          classification_top1=0.4376 performance_top1=0.4122 classification_CE=1.20967 performance_MSE=0.37581
       TSP: top1=0.243 mean_cost=7.9321 (sbs=7.9578) vs_sbs=-0.32%
      CVRP: top1=0.257 mean_cost=18.4035 (sbs=18.2943) vs_sbs=+0.60%
      ATSP: top1=0.661 mean_cost=1.6427 (sbs=1.6735) vs_sbs=-1.84%
      OVRP: top1=0.307 mean_cost=7.4598 (sbs=7.4617) vs_sbs=-0.02%
      VRPB: top1=0.454 mean_cost=9.3664 (sbs=9.3403) vs_sbs=+0.28%
      VRPL: top1=0.289 mean_cost=12.4076 (sbs=12.4072) vs_sbs=+0.00%
     VRPTW: top1=0.331 mean_cost=18.0654 (sbs=18.6571) vs_sbs=-3.17%
    OVRPTW: top1=0.480 mean_cost=10.0530 (sbs=10.0484) vs_sbs=+0.05%
     OVRPB: top1=0.553 mean_cost=6.3210 (sbs=6.3220) vs_sbs=-0.02%
     OVRPL: top1=0.348 mean_cost=7.4355 (sbs=7.4376) vs_sbs=-0.03%
     VRPBL: top1=0.508 mean_cost=9.3679 (sbs=9.3593) vs_sbs=+0.09%
    VRPBTW: top1=0.348 mean_cost=19.2194 (sbs=19.6697) vs_sbs=-2.29%
    VRPLTW: top1=0.295 mean_cost=17.8953 (sbs=18.5091) vs_sbs=-3.32%
    OVRPBL: top1=0.555 mean_cost=6.3102 (sbs=6.3103) vs_sbs=-0.00%
   OVRPBTW: top1=0.485 mean_cost=10.5131 (sbs=10.5068) vs_sbs=+0.06%
   OVRPLTW: top1=0.486 mean_cost=10.1302 (sbs=10.1272) vs_sbs=+0.03%
   VRPBLTW: top1=0.363 mean_cost=19.1064 (sbs=19.5198) vs_sbs=-2.12%
  OVRPBLTW: top1=0.456 mean_cost=10.5561 (sbs=10.5412) vs_sbs=+0.14%
[epoch done 5] updates=1350 skipped_attempts_total=0 grad=0.8695 elapsed=2.1m
ep006 step001400 loss=0.56268 ce=1.20941 performance=0.39826 lr=0.000199 samples/s=7878 peak_GiB=18.68 time=2.2m
ep006 step001450 loss=0.56745 ce=1.21202 performance=0.40928 lr=0.000199 samples/s=8587 peak_GiB=18.68 time=2.2m
ep006 step001500 loss=0.57139 ce=1.22570 performance=0.40683 lr=0.000199 samples/s=8337 peak_GiB=18.68 time=2.3m
ep006 step001550 loss=0.56982 ce=1.22048 performance=0.40759 lr=0.000199 samples/s=8043 peak_GiB=18.68 time=2.3m
ep006 step001600 loss=0.56722 ce=1.21810 performance=0.40253 lr=0.000199 samples/s=8147 peak_GiB=18.68 time=2.4m
[eval epoch 6 performance] macro_top1=0.4137 top2=0.7477 top3=0.8776 vs_sbs=-0.717% vbs_closed=+15.22%
          classification_top1=0.4392 performance_top1=0.4137 classification_CE=1.19782 performance_MSE=0.37430
       TSP: top1=0.301 mean_cost=7.9249 (sbs=7.9578) vs_sbs=-0.41%
      CVRP: top1=0.266 mean_cost=18.2885 (sbs=18.2943) vs_sbs=-0.03%
      ATSP: top1=0.589 mean_cost=1.6512 (sbs=1.6735) vs_sbs=-1.33%
      OVRP: top1=0.276 mean_cost=7.4670 (sbs=7.4617) vs_sbs=+0.07%
      VRPB: top1=0.522 mean_cost=9.3470 (sbs=9.3403) vs_sbs=+0.07%
      VRPL: top1=0.269 mean_cost=12.4154 (sbs=12.4072) vs_sbs=+0.07%
     VRPTW: top1=0.318 mean_cost=18.0568 (sbs=18.6571) vs_sbs=-3.22%
    OVRPTW: top1=0.486 mean_cost=10.0442 (sbs=10.0484) vs_sbs=-0.04%
     OVRPB: top1=0.548 mean_cost=6.3236 (sbs=6.3220) vs_sbs=+0.03%
     OVRPL: top1=0.346 mean_cost=7.4372 (sbs=7.4376) vs_sbs=-0.00%
     VRPBL: top1=0.533 mean_cost=9.3579 (sbs=9.3593) vs_sbs=-0.01%
    VRPBTW: top1=0.387 mean_cost=19.2070 (sbs=19.6697) vs_sbs=-2.35%
    VRPLTW: top1=0.277 mean_cost=17.8610 (sbs=18.5091) vs_sbs=-3.50%
    OVRPBL: top1=0.536 mean_cost=6.3121 (sbs=6.3103) vs_sbs=+0.03%
   OVRPBTW: top1=0.486 mean_cost=10.5035 (sbs=10.5068) vs_sbs=-0.03%
   OVRPLTW: top1=0.482 mean_cost=10.1304 (sbs=10.1272) vs_sbs=+0.03%
   VRPBLTW: top1=0.366 mean_cost=19.0571 (sbs=19.5198) vs_sbs=-2.37%
  OVRPBLTW: top1=0.458 mean_cost=10.5533 (sbs=10.5412) vs_sbs=+0.12%
[epoch done 6] updates=1620 skipped_attempts_total=0 grad=0.8750 elapsed=2.5m
ep007 step001650 loss=0.56349 ce=1.21687 performance=0.39310 lr=0.000199 samples/s=8579 peak_GiB=18.68 time=2.5m
ep007 step001700 loss=0.55365 ce=1.19899 performance=0.38286 lr=0.000199 samples/s=8115 peak_GiB=18.68 time=2.6m
ep007 step001750 loss=0.54969 ce=1.19784 performance=0.37270 lr=0.000199 samples/s=8289 peak_GiB=18.68 time=2.6m
ep007 step001800 loss=0.54919 ce=1.19594 performance=0.37318 lr=0.000199 samples/s=8173 peak_GiB=18.68 time=2.7m
ep007 step001850 loss=0.54783 ce=1.19486 performance=0.37036 lr=0.000199 samples/s=8108 peak_GiB=18.68 time=2.8m
[eval epoch 7 performance] macro_top1=0.4273 top2=0.7590 top3=0.8834 vs_sbs=-0.774% vbs_closed=+16.95%
          classification_top1=0.4454 performance_top1=0.4273 classification_CE=1.18328 performance_MSE=0.36552
       TSP: top1=0.324 mean_cost=7.9188 (sbs=7.9578) vs_sbs=-0.49%
      CVRP: top1=0.268 mean_cost=18.2823 (sbs=18.2943) vs_sbs=-0.07%
      ATSP: top1=0.709 mean_cost=1.6376 (sbs=1.6735) vs_sbs=-2.15%
      OVRP: top1=0.300 mean_cost=7.4605 (sbs=7.4617) vs_sbs=-0.02%
      VRPB: top1=0.509 mean_cost=9.3559 (sbs=9.3403) vs_sbs=+0.17%
      VRPL: top1=0.294 mean_cost=12.4067 (sbs=12.4072) vs_sbs=-0.00%
     VRPTW: top1=0.314 mean_cost=18.0787 (sbs=18.6571) vs_sbs=-3.10%
    OVRPTW: top1=0.505 mean_cost=10.0483 (sbs=10.0484) vs_sbs=-0.00%
     OVRPB: top1=0.544 mean_cost=6.3251 (sbs=6.3220) vs_sbs=+0.05%
     OVRPL: top1=0.346 mean_cost=7.4373 (sbs=7.4376) vs_sbs=-0.00%
     VRPBL: top1=0.530 mean_cost=9.3608 (sbs=9.3593) vs_sbs=+0.02%
    VRPBTW: top1=0.369 mean_cost=19.2216 (sbs=19.6697) vs_sbs=-2.28%
    VRPLTW: top1=0.363 mean_cost=17.7641 (sbs=18.5091) vs_sbs=-4.03%
    OVRPBL: top1=0.514 mean_cost=6.3189 (sbs=6.3103) vs_sbs=+0.14%
   OVRPBTW: top1=0.478 mean_cost=10.5071 (sbs=10.5068) vs_sbs=+0.00%
   OVRPLTW: top1=0.467 mean_cost=10.1406 (sbs=10.1272) vs_sbs=+0.13%
   VRPBLTW: top1=0.366 mean_cost=19.0692 (sbs=19.5198) vs_sbs=-2.31%
  OVRPBLTW: top1=0.491 mean_cost=10.5403 (sbs=10.5412) vs_sbs=-0.01%
[save] best.pt epoch=7 val_vs_sbs=-0.77438%
[epoch done 7] updates=1890 skipped_attempts_total=0 grad=0.8497 elapsed=2.8m
ep008 step001900 loss=0.54366 ce=1.21123 performance=0.34210 lr=0.000198 samples/s=15567 peak_GiB=18.68 time=2.8m
ep008 step001950 loss=0.53982 ce=1.19135 performance=0.35101 lr=0.000198 samples/s=7452 peak_GiB=18.68 time=2.9m
ep008 step002000 loss=0.54189 ce=1.19813 performance=0.35014 lr=0.000198 samples/s=8239 peak_GiB=18.68 time=3.0m
ep008 step002050 loss=0.54200 ce=1.19509 performance=0.35347 lr=0.000198 samples/s=8122 peak_GiB=18.68 time=3.0m
[AMP retry] attempt=1 scale=131072->65536
[AMP retry] attempt=2 scale=65536->32768
ep008 step002100 loss=0.54225 ce=1.19048 performance=0.35881 lr=0.000198 samples/s=8192 peak_GiB=18.68 time=3.1m
ep008 step002150 loss=0.54371 ce=1.19576 performance=0.35769 lr=0.000198 samples/s=8264 peak_GiB=18.68 time=3.2m
[eval epoch 8 performance] macro_top1=0.4374 top2=0.7830 top3=0.8874 vs_sbs=-0.861% vbs_closed=+19.25%
          classification_top1=0.4462 performance_top1=0.4374 classification_CE=1.16760 performance_MSE=0.32876
       TSP: top1=0.275 mean_cost=7.9225 (sbs=7.9578) vs_sbs=-0.44%
      CVRP: top1=0.325 mean_cost=18.2958 (sbs=18.2943) vs_sbs=+0.01%
      ATSP: top1=0.676 mean_cost=1.6408 (sbs=1.6735) vs_sbs=-1.95%
      OVRP: top1=0.286 mean_cost=7.4641 (sbs=7.4617) vs_sbs=+0.03%
      VRPB: top1=0.520 mean_cost=9.3388 (sbs=9.3403) vs_sbs=-0.02%
      VRPL: top1=0.258 mean_cost=12.4206 (sbs=12.4072) vs_sbs=+0.11%
     VRPTW: top1=0.387 mean_cost=17.9573 (sbs=18.6571) vs_sbs=-3.75%
    OVRPTW: top1=0.499 mean_cost=10.0468 (sbs=10.0484) vs_sbs=-0.02%
     OVRPB: top1=0.543 mean_cost=6.3233 (sbs=6.3220) vs_sbs=+0.02%
     OVRPL: top1=0.328 mean_cost=7.4433 (sbs=7.4376) vs_sbs=+0.08%
     VRPBL: top1=0.543 mean_cost=9.3558 (sbs=9.3593) vs_sbs=-0.04%
    VRPBTW: top1=0.418 mean_cost=19.1157 (sbs=19.6697) vs_sbs=-2.82%
    VRPLTW: top1=0.382 mean_cost=17.7669 (sbs=18.5091) vs_sbs=-4.01%
    OVRPBL: top1=0.552 mean_cost=6.3112 (sbs=6.3103) vs_sbs=+0.01%
   OVRPBTW: top1=0.487 mean_cost=10.4991 (sbs=10.5068) vs_sbs=-0.07%
   OVRPLTW: top1=0.494 mean_cost=10.1279 (sbs=10.1272) vs_sbs=+0.01%
   VRPBLTW: top1=0.408 mean_cost=19.0020 (sbs=19.5198) vs_sbs=-2.65%
  OVRPBLTW: top1=0.492 mean_cost=10.5407 (sbs=10.5412) vs_sbs=-0.00%
[save] best.pt epoch=8 val_vs_sbs=-0.86141%
[epoch done 8] updates=2160 skipped_attempts_total=2 grad=0.8409 elapsed=3.2m
ep009 step002200 loss=0.53917 ce=1.18143 performance=0.35906 lr=0.000196 samples/s=8589 peak_GiB=18.68 time=3.3m
ep009 step002250 loss=0.53764 ce=1.18606 performance=0.35006 lr=0.000196 samples/s=8179 peak_GiB=18.68 time=3.3m
ep009 step002300 loss=0.54481 ce=1.20198 performance=0.35463 lr=0.000196 samples/s=8070 peak_GiB=18.68 time=3.4m
ep009 step002350 loss=0.53973 ce=1.19770 performance=0.34440 lr=0.000196 samples/s=8019 peak_GiB=18.68 time=3.5m
ep009 step002400 loss=0.53700 ce=1.18931 performance=0.34497 lr=0.000196 samples/s=7988 peak_GiB=18.68 time=3.5m
[eval epoch 9 performance] macro_top1=0.4241 top2=0.7494 top3=0.8831 vs_sbs=-0.791% vbs_closed=+17.35%
          classification_top1=0.4417 performance_top1=0.4241 classification_CE=1.18712 performance_MSE=0.33777
       TSP: top1=0.353 mean_cost=7.9185 (sbs=7.9578) vs_sbs=-0.49%
      CVRP: top1=0.264 mean_cost=18.2781 (sbs=18.2943) vs_sbs=-0.09%
      ATSP: top1=0.513 mean_cost=1.6572 (sbs=1.6735) vs_sbs=-0.98%
      OVRP: top1=0.284 mean_cost=7.4721 (sbs=7.4617) vs_sbs=+0.14%
      VRPB: top1=0.524 mean_cost=9.3418 (sbs=9.3403) vs_sbs=+0.02%
      VRPL: top1=0.267 mean_cost=12.4132 (sbs=12.4072) vs_sbs=+0.05%
     VRPTW: top1=0.332 mean_cost=18.0411 (sbs=18.6571) vs_sbs=-3.30%
    OVRPTW: top1=0.484 mean_cost=10.0430 (sbs=10.0484) vs_sbs=-0.05%
     OVRPB: top1=0.546 mean_cost=6.3220 (sbs=6.3220) vs_sbs=-0.00%
     OVRPL: top1=0.334 mean_cost=7.4430 (sbs=7.4376) vs_sbs=+0.07%
     VRPBL: top1=0.542 mean_cost=9.3543 (sbs=9.3593) vs_sbs=-0.05%
    VRPBTW: top1=0.381 mean_cost=19.1514 (sbs=19.6697) vs_sbs=-2.64%
    VRPLTW: top1=0.420 mean_cost=17.7134 (sbs=18.5091) vs_sbs=-4.30%
    OVRPBL: top1=0.533 mean_cost=6.3113 (sbs=6.3103) vs_sbs=+0.02%
   OVRPBTW: top1=0.477 mean_cost=10.5048 (sbs=10.5068) vs_sbs=-0.02%
   OVRPLTW: top1=0.499 mean_cost=10.1282 (sbs=10.1272) vs_sbs=+0.01%
   VRPBLTW: top1=0.396 mean_cost=19.0070 (sbs=19.5198) vs_sbs=-2.63%
  OVRPBLTW: top1=0.484 mean_cost=10.5422 (sbs=10.5412) vs_sbs=+0.01%
[epoch done 9] updates=2430 skipped_attempts_total=2 grad=0.8497 elapsed=3.6m
ep010 step002450 loss=0.52913 ce=1.15227 performance=0.35952 lr=0.000194 samples/s=8578 peak_GiB=18.68 time=3.6m
ep010 step002500 loss=0.54030 ce=1.18999 performance=0.35373 lr=0.000194 samples/s=8064 peak_GiB=18.68 time=3.7m
ep010 step002550 loss=0.54147 ce=1.20019 performance=0.34687 lr=0.000194 samples/s=8272 peak_GiB=18.68 time=3.7m
ep010 step002600 loss=0.53698 ce=1.19624 performance=0.33799 lr=0.000194 samples/s=7955 peak_GiB=18.68 time=3.8m
ep010 step002650 loss=0.53218 ce=1.18326 performance=0.33724 lr=0.000194 samples/s=8250 peak_GiB=18.68 time=3.9m
ep010 step002700 loss=0.53286 ce=1.18287 performance=0.33960 lr=0.000194 samples/s=8178 peak_GiB=18.68 time=3.9m
[eval epoch 10 performance] macro_top1=0.4358 top2=0.7715 top3=0.8887 vs_sbs=-0.890% vbs_closed=+20.10%
          classification_top1=0.4494 performance_top1=0.4358 classification_CE=1.14892 performance_MSE=0.31410
       TSP: top1=0.321 mean_cost=7.9191 (sbs=7.9578) vs_sbs=-0.49%
      CVRP: top1=0.250 mean_cost=18.2899 (sbs=18.2943) vs_sbs=-0.02%
      ATSP: top1=0.692 mean_cost=1.6385 (sbs=1.6735) vs_sbs=-2.09%
      OVRP: top1=0.259 mean_cost=7.4716 (sbs=7.4617) vs_sbs=+0.13%
      VRPB: top1=0.519 mean_cost=9.3426 (sbs=9.3403) vs_sbs=+0.02%
      VRPL: top1=0.279 mean_cost=12.4134 (sbs=12.4072) vs_sbs=+0.05%
     VRPTW: top1=0.376 mean_cost=17.9545 (sbs=18.6571) vs_sbs=-3.77%
    OVRPTW: top1=0.501 mean_cost=10.0427 (sbs=10.0484) vs_sbs=-0.06%
     OVRPB: top1=0.553 mean_cost=6.3206 (sbs=6.3220) vs_sbs=-0.02%
     OVRPL: top1=0.354 mean_cost=7.4405 (sbs=7.4376) vs_sbs=+0.04%
     VRPBL: top1=0.545 mean_cost=9.3539 (sbs=9.3593) vs_sbs=-0.06%
    VRPBTW: top1=0.412 mean_cost=19.1014 (sbs=19.6697) vs_sbs=-2.89%
    VRPLTW: top1=0.402 mean_cost=17.7132 (sbs=18.5091) vs_sbs=-4.30%
    OVRPBL: top1=0.527 mean_cost=6.3144 (sbs=6.3103) vs_sbs=+0.07%
   OVRPBTW: top1=0.480 mean_cost=10.5050 (sbs=10.5068) vs_sbs=-0.02%
   OVRPLTW: top1=0.479 mean_cost=10.1329 (sbs=10.1272) vs_sbs=+0.06%
   VRPBLTW: top1=0.404 mean_cost=19.0030 (sbs=19.5198) vs_sbs=-2.65%
  OVRPBLTW: top1=0.492 mean_cost=10.5381 (sbs=10.5412) vs_sbs=-0.03%
[save] best.pt epoch=10 val_vs_sbs=-0.88999%
[epoch done 10] updates=2700 skipped_attempts_total=2 grad=0.8577 elapsed=4.1m
ep011 step002750 loss=0.53116 ce=1.17661 performance=0.34100 lr=0.000192 samples/s=8589 peak_GiB=18.68 time=4.2m
ep011 step002800 loss=0.53238 ce=1.17868 performance=0.34241 lr=0.000192 samples/s=8220 peak_GiB=18.68 time=4.3m
ep011 step002850 loss=0.52615 ce=1.16955 performance=0.33373 lr=0.000192 samples/s=8342 peak_GiB=18.68 time=4.3m
ep011 step002900 loss=0.52418 ce=1.17150 performance=0.32616 lr=0.000192 samples/s=8046 peak_GiB=18.68 time=4.4m
ep011 step002950 loss=0.52261 ce=1.16983 performance=0.32333 lr=0.000192 samples/s=8151 peak_GiB=18.68 time=4.5m
[eval epoch 11 performance] macro_top1=0.4329 top2=0.7654 top3=0.8798 vs_sbs=-0.771% vbs_closed=+18.92%
          classification_top1=0.4493 performance_top1=0.4329 classification_CE=1.16859 performance_MSE=0.31848
       TSP: top1=0.334 mean_cost=7.9178 (sbs=7.9578) vs_sbs=-0.50%
      CVRP: top1=0.303 mean_cost=18.2753 (sbs=18.2943) vs_sbs=-0.10%
      ATSP: top1=0.677 mean_cost=1.6407 (sbs=1.6735) vs_sbs=-1.96%
      OVRP: top1=0.284 mean_cost=7.4646 (sbs=7.4617) vs_sbs=+0.04%
      VRPB: top1=0.549 mean_cost=9.3344 (sbs=9.3403) vs_sbs=-0.06%
      VRPL: top1=0.261 mean_cost=12.4263 (sbs=12.4072) vs_sbs=+0.15%
     VRPTW: top1=0.337 mean_cost=18.0403 (sbs=18.6571) vs_sbs=-3.31%
    OVRPTW: top1=0.479 mean_cost=10.0485 (sbs=10.0484) vs_sbs=+0.00%
     OVRPB: top1=0.565 mean_cost=6.3199 (sbs=6.3220) vs_sbs=-0.03%
     OVRPL: top1=0.342 mean_cost=7.4402 (sbs=7.4376) vs_sbs=+0.04%
     VRPBL: top1=0.540 mean_cost=9.3546 (sbs=9.3593) vs_sbs=-0.05%
    VRPBTW: top1=0.394 mean_cost=19.1837 (sbs=19.6697) vs_sbs=-2.47%
    VRPLTW: top1=0.320 mean_cost=17.9315 (sbs=18.5091) vs_sbs=-3.12%
    OVRPBL: top1=0.524 mean_cost=6.3103 (sbs=6.3103) vs_sbs=+0.00%
   OVRPBTW: top1=0.481 mean_cost=10.5001 (sbs=10.5068) vs_sbs=-0.06%
   OVRPLTW: top1=0.501 mean_cost=10.1277 (sbs=10.1272) vs_sbs=+0.00%
   VRPBLTW: top1=0.387 mean_cost=19.0616 (sbs=19.5198) vs_sbs=-2.35%
  OVRPBLTW: top1=0.514 mean_cost=10.5315 (sbs=10.5412) vs_sbs=-0.09%
[epoch done 11] updates=2970 skipped_attempts_total=2 grad=0.7614 elapsed=4.5m
ep012 step003000 loss=0.52620 ce=1.17850 performance=0.32494 lr=0.00019 samples/s=7458 peak_GiB=18.68 time=4.6m
ep012 step003050 loss=0.51814 ce=1.15890 performance=0.32150 lr=0.00019 samples/s=8131 peak_GiB=18.68 time=4.6m
ep012 step003100 loss=0.52042 ce=1.16469 performance=0.32222 lr=0.00019 samples/s=8308 peak_GiB=18.68 time=4.7m
ep012 step003150 loss=0.52112 ce=1.16701 performance=0.32190 lr=0.00019 samples/s=8185 peak_GiB=18.68 time=4.7m
ep012 step003200 loss=0.52148 ce=1.17021 performance=0.31973 lr=0.00019 samples/s=8114 peak_GiB=18.68 time=4.8m
[eval epoch 12 performance] macro_top1=0.4428 top2=0.7837 top3=0.8967 vs_sbs=-0.902% vbs_closed=+19.02%
          classification_top1=0.4589 performance_top1=0.4428 classification_CE=1.13709 performance_MSE=0.29233
       TSP: top1=0.344 mean_cost=7.9152 (sbs=7.9578) vs_sbs=-0.54%
      CVRP: top1=0.290 mean_cost=18.2734 (sbs=18.2943) vs_sbs=-0.11%
      ATSP: top1=0.713 mean_cost=1.6379 (sbs=1.6735) vs_sbs=-2.13%
      OVRP: top1=0.293 mean_cost=7.4695 (sbs=7.4617) vs_sbs=+0.11%
      VRPB: top1=0.513 mean_cost=9.3398 (sbs=9.3403) vs_sbs=-0.01%
      VRPL: top1=0.243 mean_cost=12.4240 (sbs=12.4072) vs_sbs=+0.14%
     VRPTW: top1=0.397 mean_cost=17.9485 (sbs=18.6571) vs_sbs=-3.80%
    OVRPTW: top1=0.508 mean_cost=10.0479 (sbs=10.0484) vs_sbs=-0.01%
     OVRPB: top1=0.542 mean_cost=6.3233 (sbs=6.3220) vs_sbs=+0.02%
     OVRPL: top1=0.338 mean_cost=7.4493 (sbs=7.4376) vs_sbs=+0.16%
     VRPBL: top1=0.537 mean_cost=9.3563 (sbs=9.3593) vs_sbs=-0.03%
    VRPBTW: top1=0.425 mean_cost=19.1071 (sbs=19.6697) vs_sbs=-2.86%
    VRPLTW: top1=0.429 mean_cost=17.6755 (sbs=18.5091) vs_sbs=-4.50%
    OVRPBL: top1=0.535 mean_cost=6.3142 (sbs=6.3103) vs_sbs=+0.06%
   OVRPBTW: top1=0.485 mean_cost=10.5068 (sbs=10.5068) vs_sbs=+0.00%
   OVRPLTW: top1=0.486 mean_cost=10.1351 (sbs=10.1272) vs_sbs=+0.08%
   VRPBLTW: top1=0.404 mean_cost=18.9817 (sbs=19.5198) vs_sbs=-2.76%
  OVRPBLTW: top1=0.489 mean_cost=10.5361 (sbs=10.5412) vs_sbs=-0.05%
[save] best.pt epoch=12 val_vs_sbs=-0.90153%
[epoch done 12] updates=3240 skipped_attempts_total=2 grad=0.7666 elapsed=4.9m
ep013 step003250 loss=0.55254 ce=1.26400 performance=0.31468 lr=0.000188 samples/s=5895 peak_GiB=18.68 time=4.9m
ep013 step003300 loss=0.51656 ce=1.16912 performance=0.30677 lr=0.000188 samples/s=7983 peak_GiB=18.68 time=5.0m
ep013 step003350 loss=0.51361 ce=1.16171 performance=0.30574 lr=0.000188 samples/s=7935 peak_GiB=18.68 time=5.0m
ep013 step003400 loss=0.51177 ce=1.15589 performance=0.30630 lr=0.000188 samples/s=8354 peak_GiB=18.68 time=5.1m
ep013 step003450 loss=0.51213 ce=1.15198 performance=0.31126 lr=0.000188 samples/s=8236 peak_GiB=18.68 time=5.2m
ep013 step003500 loss=0.51121 ce=1.15179 performance=0.30880 lr=0.000188 samples/s=8030 peak_GiB=18.68 time=5.2m
[eval epoch 13 performance] macro_top1=0.4352 top2=0.7812 top3=0.8960 vs_sbs=-0.861% vbs_closed=+20.34%
          classification_top1=0.4534 performance_top1=0.4352 classification_CE=1.14435 performance_MSE=0.27731
       TSP: top1=0.365 mean_cost=7.9150 (sbs=7.9578) vs_sbs=-0.54%
      CVRP: top1=0.233 mean_cost=18.2972 (sbs=18.2943) vs_sbs=+0.02%
      ATSP: top1=0.703 mean_cost=1.6387 (sbs=1.6735) vs_sbs=-2.08%
      OVRP: top1=0.310 mean_cost=7.4621 (sbs=7.4617) vs_sbs=+0.01%
      VRPB: top1=0.525 mean_cost=9.3409 (sbs=9.3403) vs_sbs=+0.01%
      VRPL: top1=0.263 mean_cost=12.4170 (sbs=12.4072) vs_sbs=+0.08%
     VRPTW: top1=0.357 mean_cost=18.0416 (sbs=18.6571) vs_sbs=-3.30%
    OVRPTW: top1=0.489 mean_cost=10.0476 (sbs=10.0484) vs_sbs=-0.01%
     OVRPB: top1=0.552 mean_cost=6.3208 (sbs=6.3220) vs_sbs=-0.02%
     OVRPL: top1=0.355 mean_cost=7.4356 (sbs=7.4376) vs_sbs=-0.03%
     VRPBL: top1=0.519 mean_cost=9.3606 (sbs=9.3593) vs_sbs=+0.01%
    VRPBTW: top1=0.361 mean_cost=19.1744 (sbs=19.6697) vs_sbs=-2.52%
    VRPLTW: top1=0.404 mean_cost=17.7009 (sbs=18.5091) vs_sbs=-4.37%
    OVRPBL: top1=0.526 mean_cost=6.3109 (sbs=6.3103) vs_sbs=+0.01%
   OVRPBTW: top1=0.486 mean_cost=10.5074 (sbs=10.5068) vs_sbs=+0.01%
   OVRPLTW: top1=0.486 mean_cost=10.1306 (sbs=10.1272) vs_sbs=+0.03%
   VRPBLTW: top1=0.399 mean_cost=18.9863 (sbs=19.5198) vs_sbs=-2.73%
  OVRPBLTW: top1=0.500 mean_cost=10.5320 (sbs=10.5412) vs_sbs=-0.09%
[epoch done 13] updates=3510 skipped_attempts_total=2 grad=0.7170 elapsed=5.3m
ep014 step003550 loss=0.52075 ce=1.17959 performance=0.30826 lr=0.000185 samples/s=7703 peak_GiB=18.68 time=5.3m
ep014 step003600 loss=0.50731 ce=1.15103 performance=0.29843 lr=0.000185 samples/s=8173 peak_GiB=18.68 time=5.4m
ep014 step003650 loss=0.51562 ce=1.15902 performance=0.31417 lr=0.000185 samples/s=8065 peak_GiB=18.68 time=5.5m
ep014 step003700 loss=0.50689 ce=1.14694 performance=0.30131 lr=0.000185 samples/s=8197 peak_GiB=18.68 time=5.5m
ep014 step003750 loss=0.51072 ce=1.15771 performance=0.30150 lr=0.000185 samples/s=8127 peak_GiB=18.68 time=5.6m
[eval epoch 14 performance] macro_top1=0.4499 top2=0.7885 top3=0.9042 vs_sbs=-0.928% vbs_closed=+23.43%
          classification_top1=0.4539 performance_top1=0.4499 classification_CE=1.14096 performance_MSE=0.28224
       TSP: top1=0.373 mean_cost=7.9128 (sbs=7.9578) vs_sbs=-0.57%
      CVRP: top1=0.294 mean_cost=18.2706 (sbs=18.2943) vs_sbs=-0.13%
      ATSP: top1=0.713 mean_cost=1.6414 (sbs=1.6735) vs_sbs=-1.92%
      OVRP: top1=0.286 mean_cost=7.4658 (sbs=7.4617) vs_sbs=+0.05%
      VRPB: top1=0.518 mean_cost=9.3397 (sbs=9.3403) vs_sbs=-0.01%
      VRPL: top1=0.291 mean_cost=12.4061 (sbs=12.4072) vs_sbs=-0.01%
     VRPTW: top1=0.409 mean_cost=17.9536 (sbs=18.6571) vs_sbs=-3.77%
    OVRPTW: top1=0.496 mean_cost=10.0436 (sbs=10.0484) vs_sbs=-0.05%
     OVRPB: top1=0.556 mean_cost=6.3208 (sbs=6.3220) vs_sbs=-0.02%
     OVRPL: top1=0.348 mean_cost=7.4367 (sbs=7.4376) vs_sbs=-0.01%
     VRPBL: top1=0.547 mean_cost=9.3578 (sbs=9.3593) vs_sbs=-0.02%
    VRPBTW: top1=0.421 mean_cost=19.1007 (sbs=19.6697) vs_sbs=-2.89%
    VRPLTW: top1=0.410 mean_cost=17.6812 (sbs=18.5091) vs_sbs=-4.47%
    OVRPBL: top1=0.552 mean_cost=6.3116 (sbs=6.3103) vs_sbs=+0.02%
   OVRPBTW: top1=0.484 mean_cost=10.5000 (sbs=10.5068) vs_sbs=-0.06%
   OVRPLTW: top1=0.496 mean_cost=10.1288 (sbs=10.1272) vs_sbs=+0.02%
   VRPBLTW: top1=0.403 mean_cost=18.9760 (sbs=19.5198) vs_sbs=-2.79%
  OVRPBLTW: top1=0.502 mean_cost=10.5328 (sbs=10.5412) vs_sbs=-0.08%
[save] best.pt epoch=14 val_vs_sbs=-0.92779%
[epoch done 14] updates=3780 skipped_attempts_total=2 grad=0.7634 elapsed=5.6m
ep015 step003800 loss=0.49939 ce=1.12089 performance=0.30595 lr=0.000182 samples/s=8512 peak_GiB=18.68 time=5.7m
ep015 step003850 loss=0.50379 ce=1.15135 performance=0.28805 lr=0.000182 samples/s=8049 peak_GiB=18.68 time=5.7m
ep015 step003900 loss=0.49912 ce=1.13919 performance=0.28687 lr=0.000182 samples/s=8582 peak_GiB=18.68 time=5.8m
ep015 step003950 loss=0.50189 ce=1.14886 performance=0.28511 lr=0.000182 samples/s=8147 peak_GiB=18.68 time=5.9m
ep015 step004000 loss=0.50326 ce=1.14743 performance=0.29045 lr=0.000182 samples/s=8243 peak_GiB=18.68 time=5.9m
ep015 step004050 loss=0.50457 ce=1.14868 performance=0.29294 lr=0.000182 samples/s=8174 peak_GiB=18.68 time=6.0m
[eval epoch 15 performance] macro_top1=0.4457 top2=0.7841 top3=0.8997 vs_sbs=-0.919% vbs_closed=+21.19%
          classification_top1=0.4558 performance_top1=0.4457 classification_CE=1.14038 performance_MSE=0.26805
       TSP: top1=0.336 mean_cost=7.9137 (sbs=7.9578) vs_sbs=-0.55%
      CVRP: top1=0.261 mean_cost=18.2879 (sbs=18.2943) vs_sbs=-0.04%
      ATSP: top1=0.706 mean_cost=1.6377 (sbs=1.6735) vs_sbs=-2.14%
      OVRP: top1=0.300 mean_cost=7.4665 (sbs=7.4617) vs_sbs=+0.06%
      VRPB: top1=0.522 mean_cost=9.3430 (sbs=9.3403) vs_sbs=+0.03%
      VRPL: top1=0.249 mean_cost=12.4220 (sbs=12.4072) vs_sbs=+0.12%
     VRPTW: top1=0.436 mean_cost=17.9452 (sbs=18.6571) vs_sbs=-3.82%
    OVRPTW: top1=0.503 mean_cost=10.0483 (sbs=10.0484) vs_sbs=-0.00%
     OVRPB: top1=0.564 mean_cost=6.3196 (sbs=6.3220) vs_sbs=-0.04%
     OVRPL: top1=0.368 mean_cost=7.4409 (sbs=7.4376) vs_sbs=+0.05%
     VRPBL: top1=0.540 mean_cost=9.3546 (sbs=9.3593) vs_sbs=-0.05%
    VRPBTW: top1=0.398 mean_cost=19.1185 (sbs=19.6697) vs_sbs=-2.80%
    VRPLTW: top1=0.423 mean_cost=17.6718 (sbs=18.5091) vs_sbs=-4.52%
    OVRPBL: top1=0.549 mean_cost=6.3069 (sbs=6.3103) vs_sbs=-0.05%
   OVRPBTW: top1=0.485 mean_cost=10.5057 (sbs=10.5068) vs_sbs=-0.01%
   OVRPLTW: top1=0.483 mean_cost=10.1320 (sbs=10.1272) vs_sbs=+0.05%
   VRPBLTW: top1=0.394 mean_cost=18.9856 (sbs=19.5198) vs_sbs=-2.74%
  OVRPBLTW: top1=0.505 mean_cost=10.5314 (sbs=10.5412) vs_sbs=-0.09%
[epoch done 15] updates=4050 skipped_attempts_total=2 grad=0.7537 elapsed=6.2m
ep016 step004100 loss=0.50787 ce=1.15233 performance=0.29874 lr=0.000178 samples/s=7868 peak_GiB=18.68 time=6.3m
ep016 step004150 loss=0.49697 ce=1.14210 performance=0.27781 lr=0.000178 samples/s=8217 peak_GiB=18.68 time=6.3m
ep016 step004200 loss=0.49514 ce=1.13822 performance=0.27647 lr=0.000178 samples/s=8099 peak_GiB=18.68 time=6.4m
ep016 step004250 loss=0.50179 ce=1.14622 performance=0.28747 lr=0.000178 samples/s=8217 peak_GiB=18.68 time=6.5m
ep016 step004300 loss=0.49983 ce=1.14202 performance=0.28605 lr=0.000178 samples/s=8145 peak_GiB=18.68 time=6.5m
[eval epoch 16 performance] macro_top1=0.4353 top2=0.7757 top3=0.8972 vs_sbs=-0.877% vbs_closed=+19.64%
          classification_top1=0.4564 performance_top1=0.4353 classification_CE=1.14498 performance_MSE=0.27126
       TSP: top1=0.308 mean_cost=7.9184 (sbs=7.9578) vs_sbs=-0.50%
      CVRP: top1=0.331 mean_cost=18.2858 (sbs=18.2943) vs_sbs=-0.05%
      ATSP: top1=0.685 mean_cost=1.6401 (sbs=1.6735) vs_sbs=-2.00%
      OVRP: top1=0.290 mean_cost=7.4651 (sbs=7.4617) vs_sbs=+0.05%
      VRPB: top1=0.472 mean_cost=9.3522 (sbs=9.3403) vs_sbs=+0.13%
      VRPL: top1=0.329 mean_cost=12.4036 (sbs=12.4072) vs_sbs=-0.03%
     VRPTW: top1=0.377 mean_cost=17.9673 (sbs=18.6571) vs_sbs=-3.70%
    OVRPTW: top1=0.486 mean_cost=10.0486 (sbs=10.0484) vs_sbs=+0.00%
     OVRPB: top1=0.549 mean_cost=6.3215 (sbs=6.3220) vs_sbs=-0.01%
     OVRPL: top1=0.344 mean_cost=7.4358 (sbs=7.4376) vs_sbs=-0.02%
     VRPBL: top1=0.501 mean_cost=9.3697 (sbs=9.3593) vs_sbs=+0.11%
    VRPBTW: top1=0.387 mean_cost=19.1186 (sbs=19.6697) vs_sbs=-2.80%
    VRPLTW: top1=0.369 mean_cost=17.7190 (sbs=18.5091) vs_sbs=-4.27%
    OVRPBL: top1=0.554 mean_cost=6.3125 (sbs=6.3103) vs_sbs=+0.04%
   OVRPBTW: top1=0.484 mean_cost=10.5052 (sbs=10.5068) vs_sbs=-0.01%
   OVRPLTW: top1=0.482 mean_cost=10.1355 (sbs=10.1272) vs_sbs=+0.08%
   VRPBLTW: top1=0.405 mean_cost=18.9826 (sbs=19.5198) vs_sbs=-2.75%
  OVRPBLTW: top1=0.482 mean_cost=10.5359 (sbs=10.5412) vs_sbs=-0.05%
[epoch done 16] updates=4320 skipped_attempts_total=2 grad=0.7371 elapsed=6.6m
ep017 step004350 loss=0.50828 ce=1.15151 performance=0.30071 lr=0.000175 samples/s=7449 peak_GiB=18.68 time=6.6m
ep017 step004400 loss=0.49287 ce=1.13292 performance=0.27528 lr=0.000175 samples/s=8124 peak_GiB=18.68 time=6.7m
ep017 step004450 loss=0.48965 ce=1.12980 performance=0.26920 lr=0.000175 samples/s=8294 peak_GiB=18.68 time=6.7m
ep017 step004500 loss=0.49411 ce=1.13845 performance=0.27330 lr=0.000175 samples/s=8173 peak_GiB=18.68 time=6.8m
ep017 step004550 loss=0.49365 ce=1.13758 performance=0.27286 lr=0.000175 samples/s=8107 peak_GiB=18.68 time=6.9m
[eval epoch 17 performance] macro_top1=0.4459 top2=0.7863 top3=0.9007 vs_sbs=-0.915% vbs_closed=+23.17%
          classification_top1=0.4639 performance_top1=0.4459 classification_CE=1.12932 performance_MSE=0.25046
       TSP: top1=0.304 mean_cost=7.9188 (sbs=7.9578) vs_sbs=-0.49%
      CVRP: top1=0.346 mean_cost=18.2678 (sbs=18.2943) vs_sbs=-0.15%
      ATSP: top1=0.723 mean_cost=1.6371 (sbs=1.6735) vs_sbs=-2.18%
      OVRP: top1=0.300 mean_cost=7.4648 (sbs=7.4617) vs_sbs=+0.04%
      VRPB: top1=0.517 mean_cost=9.3415 (sbs=9.3403) vs_sbs=+0.01%
      VRPL: top1=0.310 mean_cost=12.4048 (sbs=12.4072) vs_sbs=-0.02%
     VRPTW: top1=0.411 mean_cost=17.9674 (sbs=18.6571) vs_sbs=-3.70%
    OVRPTW: top1=0.484 mean_cost=10.0437 (sbs=10.0484) vs_sbs=-0.05%
     OVRPB: top1=0.566 mean_cost=6.3199 (sbs=6.3220) vs_sbs=-0.03%
     OVRPL: top1=0.355 mean_cost=7.4386 (sbs=7.4376) vs_sbs=+0.01%
     VRPBL: top1=0.514 mean_cost=9.3606 (sbs=9.3593) vs_sbs=+0.01%
    VRPBTW: top1=0.378 mean_cost=19.1454 (sbs=19.6697) vs_sbs=-2.67%
    VRPLTW: top1=0.392 mean_cost=17.7014 (sbs=18.5091) vs_sbs=-4.36%
    OVRPBL: top1=0.549 mean_cost=6.3098 (sbs=6.3103) vs_sbs=-0.01%
   OVRPBTW: top1=0.499 mean_cost=10.4969 (sbs=10.5068) vs_sbs=-0.09%
   OVRPLTW: top1=0.493 mean_cost=10.1291 (sbs=10.1272) vs_sbs=+0.02%
   VRPBLTW: top1=0.399 mean_cost=18.9817 (sbs=19.5198) vs_sbs=-2.76%
  OVRPBLTW: top1=0.487 mean_cost=10.5339 (sbs=10.5412) vs_sbs=-0.07%
[epoch done 17] updates=4590 skipped_attempts_total=2 grad=0.6764 elapsed=6.9m
ep018 step004600 loss=0.51040 ce=1.18316 performance=0.27511 lr=0.000171 samples/s=8561 peak_GiB=18.68 time=7.0m
ep018 step004650 loss=0.49201 ce=1.13987 performance=0.26588 lr=0.000171 samples/s=7985 peak_GiB=18.68 time=7.0m
ep018 step004700 loss=0.49605 ce=1.14029 performance=0.27701 lr=0.000171 samples/s=8246 peak_GiB=18.68 time=7.1m
ep018 step004750 loss=0.49487 ce=1.13938 performance=0.27452 lr=0.000171 samples/s=8127 peak_GiB=18.68 time=7.2m
ep018 step004800 loss=0.49340 ce=1.13674 performance=0.27296 lr=0.000171 samples/s=8233 peak_GiB=18.68 time=7.2m
ep018 step004850 loss=0.49799 ce=1.14505 performance=0.27779 lr=0.000171 samples/s=8029 peak_GiB=18.68 time=7.3m
[eval epoch 18 performance] macro_top1=0.4351 top2=0.7647 top3=0.8873 vs_sbs=-0.864% vbs_closed=+20.98%
          classification_top1=0.4588 performance_top1=0.4351 classification_CE=1.17605 performance_MSE=0.33352
       TSP: top1=0.249 mean_cost=7.9288 (sbs=7.9578) vs_sbs=-0.36%
      CVRP: top1=0.238 mean_cost=18.2989 (sbs=18.2943) vs_sbs=+0.03%
      ATSP: top1=0.700 mean_cost=1.6390 (sbs=1.6735) vs_sbs=-2.06%
      OVRP: top1=0.302 mean_cost=7.4625 (sbs=7.4617) vs_sbs=+0.01%
      VRPB: top1=0.533 mean_cost=9.3434 (sbs=9.3403) vs_sbs=+0.03%
      VRPL: top1=0.306 mean_cost=12.4053 (sbs=12.4072) vs_sbs=-0.02%
     VRPTW: top1=0.385 mean_cost=18.0034 (sbs=18.6571) vs_sbs=-3.50%
    OVRPTW: top1=0.486 mean_cost=10.0461 (sbs=10.0484) vs_sbs=-0.02%
     OVRPB: top1=0.577 mean_cost=6.3174 (sbs=6.3220) vs_sbs=-0.07%
     OVRPL: top1=0.333 mean_cost=7.4374 (sbs=7.4376) vs_sbs=-0.00%
     VRPBL: top1=0.536 mean_cost=9.3591 (sbs=9.3593) vs_sbs=-0.00%
    VRPBTW: top1=0.396 mean_cost=19.1279 (sbs=19.6697) vs_sbs=-2.75%
    VRPLTW: top1=0.363 mean_cost=17.7608 (sbs=18.5091) vs_sbs=-4.04%
    OVRPBL: top1=0.554 mean_cost=6.3105 (sbs=6.3103) vs_sbs=+0.00%
   OVRPBTW: top1=0.480 mean_cost=10.5036 (sbs=10.5068) vs_sbs=-0.03%
   OVRPLTW: top1=0.492 mean_cost=10.1265 (sbs=10.1272) vs_sbs=-0.01%
   VRPBLTW: top1=0.416 mean_cost=18.9960 (sbs=19.5198) vs_sbs=-2.68%
  OVRPBLTW: top1=0.486 mean_cost=10.5346 (sbs=10.5412) vs_sbs=-0.06%
[epoch done 18] updates=4860 skipped_attempts_total=2 grad=0.7633 elapsed=7.3m
ep019 step004900 loss=0.50722 ce=1.14391 performance=0.30528 lr=0.000167 samples/s=7720 peak_GiB=18.68 time=7.4m
ep019 step004950 loss=0.50115 ce=1.14590 performance=0.28595 lr=0.000167 samples/s=8174 peak_GiB=18.68 time=7.4m
ep019 step005000 loss=0.49412 ce=1.13537 performance=0.27641 lr=0.000167 samples/s=8318 peak_GiB=18.68 time=7.5m
ep019 step005050 loss=0.49212 ce=1.13487 performance=0.27119 lr=0.000167 samples/s=8197 peak_GiB=18.68 time=7.6m
ep019 step005100 loss=0.49140 ce=1.13424 performance=0.26975 lr=0.000167 samples/s=8128 peak_GiB=18.68 time=7.6m
[eval epoch 19 performance] macro_top1=0.4484 top2=0.7857 top3=0.8979 vs_sbs=-0.933% vbs_closed=+19.27%
          classification_top1=0.4655 performance_top1=0.4484 classification_CE=1.12595 performance_MSE=0.25443
       TSP: top1=0.353 mean_cost=7.9147 (sbs=7.9578) vs_sbs=-0.54%
      CVRP: top1=0.280 mean_cost=18.2731 (sbs=18.2943) vs_sbs=-0.12%
      ATSP: top1=0.745 mean_cost=1.6396 (sbs=1.6735) vs_sbs=-2.03%
      OVRP: top1=0.302 mean_cost=7.4764 (sbs=7.4617) vs_sbs=+0.20%
      VRPB: top1=0.513 mean_cost=9.3441 (sbs=9.3403) vs_sbs=+0.04%
      VRPL: top1=0.249 mean_cost=12.4278 (sbs=12.4072) vs_sbs=+0.17%
     VRPTW: top1=0.437 mean_cost=17.9164 (sbs=18.6571) vs_sbs=-3.97%
    OVRPTW: top1=0.499 mean_cost=10.0414 (sbs=10.0484) vs_sbs=-0.07%
     OVRPB: top1=0.576 mean_cost=6.3168 (sbs=6.3220) vs_sbs=-0.08%
     OVRPL: top1=0.300 mean_cost=7.4587 (sbs=7.4376) vs_sbs=+0.28%
     VRPBL: top1=0.531 mean_cost=9.3579 (sbs=9.3593) vs_sbs=-0.01%
    VRPBTW: top1=0.421 mean_cost=19.0714 (sbs=19.6697) vs_sbs=-3.04%
    VRPLTW: top1=0.422 mean_cost=17.6579 (sbs=18.5091) vs_sbs=-4.60%
    OVRPBL: top1=0.553 mean_cost=6.3106 (sbs=6.3103) vs_sbs=+0.01%
   OVRPBTW: top1=0.481 mean_cost=10.5049 (sbs=10.5068) vs_sbs=-0.02%
   OVRPLTW: top1=0.486 mean_cost=10.1285 (sbs=10.1272) vs_sbs=+0.01%
   VRPBLTW: top1=0.424 mean_cost=18.9535 (sbs=19.5198) vs_sbs=-2.90%
  OVRPBLTW: top1=0.500 mean_cost=10.5291 (sbs=10.5412) vs_sbs=-0.11%
[save] best.pt epoch=19 val_vs_sbs=-0.93261%
[epoch done 19] updates=5130 skipped_attempts_total=2 grad=0.7004 elapsed=7.7m
ep020 step005150 loss=0.48843 ce=1.10880 performance=0.28672 lr=0.000163 samples/s=8581 peak_GiB=18.68 time=7.7m
ep020 step005200 loss=0.49432 ce=1.13431 performance=0.27804 lr=0.000163 samples/s=8061 peak_GiB=18.68 time=7.8m
ep020 step005250 loss=0.49532 ce=1.14003 performance=0.27515 lr=0.000163 samples/s=8273 peak_GiB=18.68 time=7.9m
ep020 step005300 loss=0.49487 ce=1.13888 performance=0.27505 lr=0.000163 samples/s=8151 peak_GiB=18.68 time=7.9m
ep020 step005350 loss=0.48997 ce=1.13204 performance=0.26787 lr=0.000163 samples/s=8249 peak_GiB=18.68 time=8.0m
ep020 step005400 loss=0.49212 ce=1.13535 performance=0.27071 lr=0.000163 samples/s=8178 peak_GiB=18.68 time=8.1m
[eval epoch 20 performance] macro_top1=0.4501 top2=0.7837 top3=0.9023 vs_sbs=-0.925% vbs_closed=+23.54%
          classification_top1=0.4598 performance_top1=0.4501 classification_CE=1.14146 performance_MSE=0.30547
       TSP: top1=0.360 mean_cost=7.9132 (sbs=7.9578) vs_sbs=-0.56%
      CVRP: top1=0.284 mean_cost=18.2889 (sbs=18.2943) vs_sbs=-0.03%
      ATSP: top1=0.762 mean_cost=1.6374 (sbs=1.6735) vs_sbs=-2.16%
      OVRP: top1=0.286 mean_cost=7.4639 (sbs=7.4617) vs_sbs=+0.03%
      VRPB: top1=0.543 mean_cost=9.3360 (sbs=9.3403) vs_sbs=-0.05%
      VRPL: top1=0.309 mean_cost=12.4049 (sbs=12.4072) vs_sbs=-0.02%
     VRPTW: top1=0.432 mean_cost=17.9425 (sbs=18.6571) vs_sbs=-3.83%
    OVRPTW: top1=0.499 mean_cost=10.0429 (sbs=10.0484) vs_sbs=-0.06%
     OVRPB: top1=0.557 mean_cost=6.3213 (sbs=6.3220) vs_sbs=-0.01%
     OVRPL: top1=0.324 mean_cost=7.4395 (sbs=7.4376) vs_sbs=+0.03%
     VRPBL: top1=0.530 mean_cost=9.3570 (sbs=9.3593) vs_sbs=-0.02%
    VRPBTW: top1=0.397 mean_cost=19.1298 (sbs=19.6697) vs_sbs=-2.75%
    VRPLTW: top1=0.411 mean_cost=17.6875 (sbs=18.5091) vs_sbs=-4.44%
    OVRPBL: top1=0.527 mean_cost=6.3097 (sbs=6.3103) vs_sbs=-0.01%
   OVRPBTW: top1=0.502 mean_cost=10.4979 (sbs=10.5068) vs_sbs=-0.08%
   OVRPLTW: top1=0.483 mean_cost=10.1298 (sbs=10.1272) vs_sbs=+0.03%
   VRPBLTW: top1=0.398 mean_cost=19.0007 (sbs=19.5198) vs_sbs=-2.66%
  OVRPBLTW: top1=0.497 mean_cost=10.5343 (sbs=10.5412) vs_sbs=-0.06%
[epoch done 20] updates=5400 skipped_attempts_total=2 grad=0.7476 elapsed=8.2m
ep021 step005450 loss=0.49455 ce=1.12967 performance=0.28334 lr=0.000158 samples/s=7871 peak_GiB=18.68 time=8.3m
ep021 step005500 loss=0.49780 ce=1.14705 performance=0.27524 lr=0.000158 samples/s=7882 peak_GiB=18.68 time=8.4m
ep021 step005550 loss=0.49317 ce=1.14090 performance=0.26815 lr=0.000158 samples/s=7883 peak_GiB=18.68 time=8.5m
ep021 step005600 loss=0.48911 ce=1.13001 performance=0.26744 lr=0.000158 samples/s=8224 peak_GiB=18.68 time=8.5m
ep021 step005650 loss=0.48848 ce=1.13061 performance=0.26506 lr=0.000158 samples/s=8150 peak_GiB=18.68 time=8.6m
[eval epoch 21 performance] macro_top1=0.4528 top2=0.7911 top3=0.9064 vs_sbs=-0.970% vbs_closed=+24.37%
          classification_top1=0.4677 performance_top1=0.4528 classification_CE=1.11733 performance_MSE=0.23933
       TSP: top1=0.347 mean_cost=7.9132 (sbs=7.9578) vs_sbs=-0.56%
      CVRP: top1=0.304 mean_cost=18.2692 (sbs=18.2943) vs_sbs=-0.14%
      ATSP: top1=0.757 mean_cost=1.6365 (sbs=1.6735) vs_sbs=-2.21%
      OVRP: top1=0.292 mean_cost=7.4626 (sbs=7.4617) vs_sbs=+0.01%
      VRPB: top1=0.518 mean_cost=9.3465 (sbs=9.3403) vs_sbs=+0.07%
      VRPL: top1=0.316 mean_cost=12.4038 (sbs=12.4072) vs_sbs=-0.03%
     VRPTW: top1=0.432 mean_cost=17.9071 (sbs=18.6571) vs_sbs=-4.02%
    OVRPTW: top1=0.500 mean_cost=10.0451 (sbs=10.0484) vs_sbs=-0.03%
     OVRPB: top1=0.555 mean_cost=6.3219 (sbs=6.3220) vs_sbs=-0.00%
     OVRPL: top1=0.340 mean_cost=7.4368 (sbs=7.4376) vs_sbs=-0.01%
     VRPBL: top1=0.513 mean_cost=9.3640 (sbs=9.3593) vs_sbs=+0.05%
    VRPBTW: top1=0.416 mean_cost=19.0772 (sbs=19.6697) vs_sbs=-3.01%
    VRPLTW: top1=0.420 mean_cost=17.6622 (sbs=18.5091) vs_sbs=-4.58%
    OVRPBL: top1=0.537 mean_cost=6.3088 (sbs=6.3103) vs_sbs=-0.02%
   OVRPBTW: top1=0.501 mean_cost=10.5004 (sbs=10.5068) vs_sbs=-0.06%
   OVRPLTW: top1=0.487 mean_cost=10.1290 (sbs=10.1272) vs_sbs=+0.02%
   VRPBLTW: top1=0.403 mean_cost=18.9761 (sbs=19.5198) vs_sbs=-2.79%
  OVRPBLTW: top1=0.513 mean_cost=10.5265 (sbs=10.5412) vs_sbs=-0.14%
[save] best.pt epoch=21 val_vs_sbs=-0.96962%
[epoch done 21] updates=5670 skipped_attempts_total=2 grad=0.7329 elapsed=8.6m
ep022 step005700 loss=0.49684 ce=1.16395 performance=0.25559 lr=0.000154 samples/s=7454 peak_GiB=18.68 time=8.7m
ep022 step005750 loss=0.48295 ce=1.13067 performance=0.24919 lr=0.000154 samples/s=7716 peak_GiB=18.68 time=8.7m
ep022 step005800 loss=0.48392 ce=1.13055 performance=0.25209 lr=0.000154 samples/s=8033 peak_GiB=18.68 time=8.8m
ep022 step005850 loss=0.48261 ce=1.12527 performance=0.25361 lr=0.000154 samples/s=8181 peak_GiB=18.68 time=8.9m
ep022 step005900 loss=0.48386 ce=1.12857 performance=0.25389 lr=0.000154 samples/s=8113 peak_GiB=18.68 time=8.9m
[eval epoch 22 performance] macro_top1=0.4529 top2=0.7936 top3=0.9036 vs_sbs=-0.973% vbs_closed=+24.62%
          classification_top1=0.4713 performance_top1=0.4529 classification_CE=1.11538 performance_MSE=0.25079
       TSP: top1=0.308 mean_cost=7.9205 (sbs=7.9578) vs_sbs=-0.47%
      CVRP: top1=0.330 mean_cost=18.2761 (sbs=18.2943) vs_sbs=-0.10%
      ATSP: top1=0.713 mean_cost=1.6377 (sbs=1.6735) vs_sbs=-2.14%
      OVRP: top1=0.345 mean_cost=7.4585 (sbs=7.4617) vs_sbs=-0.04%
      VRPB: top1=0.493 mean_cost=9.3457 (sbs=9.3403) vs_sbs=+0.06%
      VRPL: top1=0.316 mean_cost=12.4037 (sbs=12.4072) vs_sbs=-0.03%
     VRPTW: top1=0.430 mean_cost=17.9035 (sbs=18.6571) vs_sbs=-4.04%
    OVRPTW: top1=0.490 mean_cost=10.0435 (sbs=10.0484) vs_sbs=-0.05%
     OVRPB: top1=0.562 mean_cost=6.3200 (sbs=6.3220) vs_sbs=-0.03%
     OVRPL: top1=0.343 mean_cost=7.4382 (sbs=7.4376) vs_sbs=+0.01%
     VRPBL: top1=0.514 mean_cost=9.3597 (sbs=9.3593) vs_sbs=+0.00%
    VRPBTW: top1=0.429 mean_cost=19.0633 (sbs=19.6697) vs_sbs=-3.08%
    VRPLTW: top1=0.417 mean_cost=17.6619 (sbs=18.5091) vs_sbs=-4.58%
    OVRPBL: top1=0.554 mean_cost=6.3099 (sbs=6.3103) vs_sbs=-0.01%
   OVRPBTW: top1=0.482 mean_cost=10.5063 (sbs=10.5068) vs_sbs=-0.00%
   OVRPLTW: top1=0.506 mean_cost=10.1239 (sbs=10.1272) vs_sbs=-0.03%
   VRPBLTW: top1=0.406 mean_cost=18.9656 (sbs=19.5198) vs_sbs=-2.84%
  OVRPBLTW: top1=0.514 mean_cost=10.5263 (sbs=10.5412) vs_sbs=-0.14%
[save] best.pt epoch=22 val_vs_sbs=-0.97304%
[epoch done 22] updates=5940 skipped_attempts_total=2 grad=0.7138 elapsed=9.0m
ep023 step005950 loss=0.47689 ce=1.12052 performance=0.24201 lr=0.000149 samples/s=8559 peak_GiB=18.68 time=9.0m
ep023 step006000 loss=0.47760 ce=1.10858 performance=0.25598 lr=0.000149 samples/s=8583 peak_GiB=18.68 time=9.1m
ep023 step006050 loss=0.47914 ce=1.11708 performance=0.25188 lr=0.000149 samples/s=8245 peak_GiB=18.68 time=9.2m
ep023 step006100 loss=0.47867 ce=1.11953 performance=0.24810 lr=0.000149 samples/s=8352 peak_GiB=18.68 time=9.2m
ep023 step006150 loss=0.48006 ce=1.12146 performance=0.25015 lr=0.000149 samples/s=8236 peak_GiB=18.68 time=9.3m
ep023 step006200 loss=0.47764 ce=1.11870 performance=0.24598 lr=0.000149 samples/s=8302 peak_GiB=18.68 time=9.3m
[eval epoch 23 performance] macro_top1=0.4537 top2=0.7912 top3=0.9034 vs_sbs=-0.946% vbs_closed=+22.49%
          classification_top1=0.4707 performance_top1=0.4537 classification_CE=1.12091 performance_MSE=0.23988
       TSP: top1=0.344 mean_cost=7.9154 (sbs=7.9578) vs_sbs=-0.53%
      CVRP: top1=0.362 mean_cost=18.2551 (sbs=18.2943) vs_sbs=-0.21%
      ATSP: top1=0.751 mean_cost=1.6363 (sbs=1.6735) vs_sbs=-2.22%
      OVRP: top1=0.282 mean_cost=7.4653 (sbs=7.4617) vs_sbs=+0.05%
      VRPB: top1=0.511 mean_cost=9.3415 (sbs=9.3403) vs_sbs=+0.01%
      VRPL: top1=0.244 mean_cost=12.4298 (sbs=12.4072) vs_sbs=+0.18%
     VRPTW: top1=0.436 mean_cost=17.9239 (sbs=18.6571) vs_sbs=-3.93%
    OVRPTW: top1=0.501 mean_cost=10.0408 (sbs=10.0484) vs_sbs=-0.08%
     OVRPB: top1=0.591 mean_cost=6.3141 (sbs=6.3220) vs_sbs=-0.12%
     OVRPL: top1=0.331 mean_cost=7.4420 (sbs=7.4376) vs_sbs=+0.06%
     VRPBL: top1=0.526 mean_cost=9.3596 (sbs=9.3593) vs_sbs=+0.00%
    VRPBTW: top1=0.421 mean_cost=19.1072 (sbs=19.6697) vs_sbs=-2.86%
    VRPLTW: top1=0.424 mean_cost=17.6644 (sbs=18.5091) vs_sbs=-4.56%
    OVRPBL: top1=0.561 mean_cost=6.3090 (sbs=6.3103) vs_sbs=-0.02%
   OVRPBTW: top1=0.474 mean_cost=10.5043 (sbs=10.5068) vs_sbs=-0.02%
   OVRPLTW: top1=0.500 mean_cost=10.1279 (sbs=10.1272) vs_sbs=+0.01%
   VRPBLTW: top1=0.410 mean_cost=18.9894 (sbs=19.5198) vs_sbs=-2.72%
  OVRPBLTW: top1=0.497 mean_cost=10.5344 (sbs=10.5412) vs_sbs=-0.06%
[epoch done 23] updates=6210 skipped_attempts_total=2 grad=0.6682 elapsed=9.4m
ep024 step006250 loss=0.47125 ce=1.10622 performance=0.24022 lr=0.000144 samples/s=8596 peak_GiB=18.68 time=9.4m
ep024 step006300 loss=0.47806 ce=1.11911 performance=0.24679 lr=0.000144 samples/s=8183 peak_GiB=18.68 time=9.5m
ep024 step006350 loss=0.47127 ce=1.10524 performance=0.24123 lr=0.000144 samples/s=8326 peak_GiB=18.68 time=9.6m
ep024 step006400 loss=0.47559 ce=1.11555 performance=0.24329 lr=0.000144 samples/s=8203 peak_GiB=18.68 time=9.6m
ep024 step006450 loss=0.47714 ce=1.11860 performance=0.24465 lr=0.000144 samples/s=7990 peak_GiB=18.68 time=9.7m
[eval epoch 24 performance] macro_top1=0.4520 top2=0.7922 top3=0.9071 vs_sbs=-0.964% vbs_closed=+24.19%
          classification_top1=0.4708 performance_top1=0.4520 classification_CE=1.11214 performance_MSE=0.24549
       TSP: top1=0.316 mean_cost=7.9192 (sbs=7.9578) vs_sbs=-0.49%
      CVRP: top1=0.347 mean_cost=18.2563 (sbs=18.2943) vs_sbs=-0.21%
      ATSP: top1=0.714 mean_cost=1.6375 (sbs=1.6735) vs_sbs=-2.15%
      OVRP: top1=0.312 mean_cost=7.4626 (sbs=7.4617) vs_sbs=+0.01%
      VRPB: top1=0.497 mean_cost=9.3428 (sbs=9.3403) vs_sbs=+0.03%
      VRPL: top1=0.322 mean_cost=12.4041 (sbs=12.4072) vs_sbs=-0.03%
     VRPTW: top1=0.441 mean_cost=17.9117 (sbs=18.6571) vs_sbs=-4.00%
    OVRPTW: top1=0.506 mean_cost=10.0405 (sbs=10.0484) vs_sbs=-0.08%
     OVRPB: top1=0.551 mean_cost=6.3234 (sbs=6.3220) vs_sbs=+0.02%
     OVRPL: top1=0.340 mean_cost=7.4398 (sbs=7.4376) vs_sbs=+0.03%
     VRPBL: top1=0.523 mean_cost=9.3608 (sbs=9.3593) vs_sbs=+0.02%
    VRPBTW: top1=0.416 mean_cost=19.0650 (sbs=19.6697) vs_sbs=-3.07%
    VRPLTW: top1=0.405 mean_cost=17.6779 (sbs=18.5091) vs_sbs=-4.49%
    OVRPBL: top1=0.558 mean_cost=6.3100 (sbs=6.3103) vs_sbs=-0.00%
   OVRPBTW: top1=0.470 mean_cost=10.5086 (sbs=10.5068) vs_sbs=+0.02%
   OVRPLTW: top1=0.503 mean_cost=10.1252 (sbs=10.1272) vs_sbs=-0.02%
   VRPBLTW: top1=0.413 mean_cost=18.9597 (sbs=19.5198) vs_sbs=-2.87%
  OVRPBLTW: top1=0.502 mean_cost=10.5325 (sbs=10.5412) vs_sbs=-0.08%
[epoch done 24] updates=6480 skipped_attempts_total=2 grad=0.7467 elapsed=9.8m
ep025 step006500 loss=0.46963 ce=1.11139 performance=0.23040 lr=0.000139 samples/s=8565 peak_GiB=18.68 time=9.8m
ep025 step006550 loss=0.47382 ce=1.11044 performance=0.24334 lr=0.000139 samples/s=8059 peak_GiB=18.68 time=9.9m
ep025 step006600 loss=0.48150 ce=1.12685 performance=0.24886 lr=0.000139 samples/s=7977 peak_GiB=18.68 time=9.9m
ep025 step006650 loss=0.47388 ce=1.11284 performance=0.24108 lr=0.000139 samples/s=8359 peak_GiB=18.68 time=10.0m
ep025 step006700 loss=0.47623 ce=1.11801 performance=0.24263 lr=0.000139 samples/s=8241 peak_GiB=18.68 time=10.0m
ep025 step006750 loss=0.47663 ce=1.11883 performance=0.24298 lr=0.000139 samples/s=8169 peak_GiB=18.68 time=10.1m
[eval epoch 25 performance] macro_top1=0.4541 top2=0.7941 top3=0.9047 vs_sbs=-0.975% vbs_closed=+23.72%
          classification_top1=0.4721 performance_top1=0.4541 classification_CE=1.11891 performance_MSE=0.26859
       TSP: top1=0.315 mean_cost=7.9212 (sbs=7.9578) vs_sbs=-0.46%
      CVRP: top1=0.303 mean_cost=18.2672 (sbs=18.2943) vs_sbs=-0.15%
      ATSP: top1=0.760 mean_cost=1.6369 (sbs=1.6735) vs_sbs=-2.19%
      OVRP: top1=0.300 mean_cost=7.4656 (sbs=7.4617) vs_sbs=+0.05%
      VRPB: top1=0.504 mean_cost=9.3476 (sbs=9.3403) vs_sbs=+0.08%
      VRPL: top1=0.311 mean_cost=12.4034 (sbs=12.4072) vs_sbs=-0.03%
     VRPTW: top1=0.442 mean_cost=17.9012 (sbs=18.6571) vs_sbs=-4.05%
    OVRPTW: top1=0.497 mean_cost=10.0441 (sbs=10.0484) vs_sbs=-0.04%
     OVRPB: top1=0.556 mean_cost=6.3223 (sbs=6.3220) vs_sbs=+0.01%
     OVRPL: top1=0.335 mean_cost=7.4362 (sbs=7.4376) vs_sbs=-0.02%
     VRPBL: top1=0.513 mean_cost=9.3642 (sbs=9.3593) vs_sbs=+0.05%
    VRPBTW: top1=0.434 mean_cost=19.0494 (sbs=19.6697) vs_sbs=-3.15%
    VRPLTW: top1=0.430 mean_cost=17.6464 (sbs=18.5091) vs_sbs=-4.66%
    OVRPBL: top1=0.542 mean_cost=6.3082 (sbs=6.3103) vs_sbs=-0.03%
   OVRPBTW: top1=0.496 mean_cost=10.4998 (sbs=10.5068) vs_sbs=-0.07%
   OVRPLTW: top1=0.493 mean_cost=10.1319 (sbs=10.1272) vs_sbs=+0.05%
   VRPBLTW: top1=0.433 mean_cost=18.9694 (sbs=19.5198) vs_sbs=-2.82%
  OVRPBLTW: top1=0.509 mean_cost=10.5290 (sbs=10.5412) vs_sbs=-0.12%
[save] best.pt epoch=25 val_vs_sbs=-0.97537%
[epoch done 25] updates=6750 skipped_attempts_total=2 grad=0.7725 elapsed=10.3m
ep026 step006800 loss=0.47549 ce=1.11527 performance=0.24328 lr=0.000134 samples/s=7878 peak_GiB=18.68 time=10.4m
ep026 step006850 loss=0.47672 ce=1.12332 performance=0.23872 lr=0.000134 samples/s=8596 peak_GiB=18.68 time=10.4m
ep026 step006900 loss=0.47400 ce=1.11512 performance=0.23917 lr=0.000134 samples/s=8346 peak_GiB=18.68 time=10.5m
ep026 step006950 loss=0.47700 ce=1.11908 performance=0.24377 lr=0.000134 samples/s=8050 peak_GiB=18.68 time=10.6m
ep026 step007000 loss=0.47544 ce=1.11703 performance=0.24138 lr=0.000134 samples/s=8155 peak_GiB=18.68 time=10.6m
[eval epoch 26 performance] macro_top1=0.4436 top2=0.7853 top3=0.9020 vs_sbs=-0.933% vbs_closed=+21.30%
          classification_top1=0.4672 performance_top1=0.4436 classification_CE=1.11354 performance_MSE=0.24114
       TSP: top1=0.323 mean_cost=7.9174 (sbs=7.9578) vs_sbs=-0.51%
      CVRP: top1=0.289 mean_cost=18.2758 (sbs=18.2943) vs_sbs=-0.10%
      ATSP: top1=0.727 mean_cost=1.6370 (sbs=1.6735) vs_sbs=-2.18%
      OVRP: top1=0.307 mean_cost=7.4717 (sbs=7.4617) vs_sbs=+0.13%
      VRPB: top1=0.530 mean_cost=9.3425 (sbs=9.3403) vs_sbs=+0.02%
      VRPL: top1=0.228 mean_cost=12.4258 (sbs=12.4072) vs_sbs=+0.15%
     VRPTW: top1=0.421 mean_cost=17.9445 (sbs=18.6571) vs_sbs=-3.82%
    OVRPTW: top1=0.503 mean_cost=10.0446 (sbs=10.0484) vs_sbs=-0.04%
     OVRPB: top1=0.567 mean_cost=6.3202 (sbs=6.3220) vs_sbs=-0.03%
     OVRPL: top1=0.324 mean_cost=7.4391 (sbs=7.4376) vs_sbs=+0.02%
     VRPBL: top1=0.531 mean_cost=9.3555 (sbs=9.3593) vs_sbs=-0.04%
    VRPBTW: top1=0.413 mean_cost=19.0749 (sbs=19.6697) vs_sbs=-3.02%
    VRPLTW: top1=0.398 mean_cost=17.6901 (sbs=18.5091) vs_sbs=-4.43%
    OVRPBL: top1=0.551 mean_cost=6.3095 (sbs=6.3103) vs_sbs=-0.01%
   OVRPBTW: top1=0.471 mean_cost=10.5057 (sbs=10.5068) vs_sbs=-0.01%
   OVRPLTW: top1=0.487 mean_cost=10.1273 (sbs=10.1272) vs_sbs=+0.00%
   VRPBLTW: top1=0.411 mean_cost=18.9677 (sbs=19.5198) vs_sbs=-2.83%
  OVRPBLTW: top1=0.503 mean_cost=10.5303 (sbs=10.5412) vs_sbs=-0.10%
[epoch done 26] updates=7020 skipped_attempts_total=2 grad=0.7917 elapsed=10.7m
[AMP retry] attempt=1 scale=131072->65536
ep027 step007050 loss=0.46127 ce=1.08186 performance=0.23604 lr=0.000128 samples/s=7320 peak_GiB=18.68 time=10.7m
ep027 step007100 loss=0.46889 ce=1.10957 performance=0.23010 lr=0.000128 samples/s=7660 peak_GiB=18.68 time=10.8m
ep027 step007150 loss=0.46841 ce=1.11102 performance=0.22728 lr=0.000128 samples/s=7749 peak_GiB=18.68 time=10.9m
ep027 step007200 loss=0.47139 ce=1.11412 performance=0.23271 lr=0.000128 samples/s=7967 peak_GiB=18.68 time=10.9m
ep027 step007250 loss=0.47084 ce=1.11398 performance=0.23127 lr=0.000128 samples/s=7948 peak_GiB=18.68 time=11.0m
[eval epoch 27 performance] macro_top1=0.4574 top2=0.7941 top3=0.9108 vs_sbs=-0.980% vbs_closed=+25.22%
          classification_top1=0.4706 performance_top1=0.4574 classification_CE=1.11296 performance_MSE=0.25861
       TSP: top1=0.341 mean_cost=7.9148 (sbs=7.9578) vs_sbs=-0.54%
      CVRP: top1=0.353 mean_cost=18.2650 (sbs=18.2943) vs_sbs=-0.16%
      ATSP: top1=0.738 mean_cost=1.6367 (sbs=1.6735) vs_sbs=-2.20%
      OVRP: top1=0.307 mean_cost=7.4625 (sbs=7.4617) vs_sbs=+0.01%
      VRPB: top1=0.506 mean_cost=9.3434 (sbs=9.3403) vs_sbs=+0.03%
      VRPL: top1=0.320 mean_cost=12.4038 (sbs=12.4072) vs_sbs=-0.03%
     VRPTW: top1=0.424 mean_cost=17.9225 (sbs=18.6571) vs_sbs=-3.94%
    OVRPTW: top1=0.508 mean_cost=10.0434 (sbs=10.0484) vs_sbs=-0.05%
     OVRPB: top1=0.581 mean_cost=6.3180 (sbs=6.3220) vs_sbs=-0.06%
     OVRPL: top1=0.334 mean_cost=7.4394 (sbs=7.4376) vs_sbs=+0.03%
     VRPBL: top1=0.530 mean_cost=9.3575 (sbs=9.3593) vs_sbs=-0.02%
    VRPBTW: top1=0.436 mean_cost=19.0542 (sbs=19.6697) vs_sbs=-3.13%
    VRPLTW: top1=0.396 mean_cost=17.6766 (sbs=18.5091) vs_sbs=-4.50%
    OVRPBL: top1=0.557 mean_cost=6.3092 (sbs=6.3103) vs_sbs=-0.02%
   OVRPBTW: top1=0.486 mean_cost=10.5011 (sbs=10.5068) vs_sbs=-0.05%
   OVRPLTW: top1=0.496 mean_cost=10.1282 (sbs=10.1272) vs_sbs=+0.01%
   VRPBLTW: top1=0.419 mean_cost=18.9449 (sbs=19.5198) vs_sbs=-2.94%
  OVRPBLTW: top1=0.502 mean_cost=10.5319 (sbs=10.5412) vs_sbs=-0.09%
[save] best.pt epoch=27 val_vs_sbs=-0.98031%
[epoch done 27] updates=7290 skipped_attempts_total=3 grad=0.7424 elapsed=11.1m
ep028 step007300 loss=0.50089 ce=1.14611 performance=0.28500 lr=0.000123 samples/s=5853 peak_GiB=18.68 time=11.1m
ep028 step007350 loss=0.47255 ce=1.11063 performance=0.23952 lr=0.000123 samples/s=7952 peak_GiB=18.68 time=11.2m
ep028 step007400 loss=0.47182 ce=1.10825 performance=0.23982 lr=0.000123 samples/s=8226 peak_GiB=18.68 time=11.2m
ep028 step007450 loss=0.47414 ce=1.11535 performance=0.23932 lr=0.000123 samples/s=8113 peak_GiB=18.68 time=11.3m
ep028 step007500 loss=0.47421 ce=1.11353 performance=0.24136 lr=0.000123 samples/s=8222 peak_GiB=18.68 time=11.4m
ep028 step007550 loss=0.47375 ce=1.11627 performance=0.23730 lr=0.000123 samples/s=8019 peak_GiB=18.68 time=11.4m
[eval epoch 28 performance] macro_top1=0.4584 top2=0.7996 top3=0.9106 vs_sbs=-0.981% vbs_closed=+24.61%
          classification_top1=0.4720 performance_top1=0.4584 classification_CE=1.10559 performance_MSE=0.22295
       TSP: top1=0.340 mean_cost=7.9157 (sbs=7.9578) vs_sbs=-0.53%
      CVRP: top1=0.387 mean_cost=18.2496 (sbs=18.2943) vs_sbs=-0.24%
      ATSP: top1=0.714 mean_cost=1.6375 (sbs=1.6735) vs_sbs=-2.15%
      OVRP: top1=0.298 mean_cost=7.4653 (sbs=7.4617) vs_sbs=+0.05%
      VRPB: top1=0.523 mean_cost=9.3442 (sbs=9.3403) vs_sbs=+0.04%
      VRPL: top1=0.325 mean_cost=12.4043 (sbs=12.4072) vs_sbs=-0.02%
     VRPTW: top1=0.448 mean_cost=17.8993 (sbs=18.6571) vs_sbs=-4.06%
    OVRPTW: top1=0.490 mean_cost=10.0491 (sbs=10.0484) vs_sbs=+0.01%
     OVRPB: top1=0.564 mean_cost=6.3198 (sbs=6.3220) vs_sbs=-0.03%
     OVRPL: top1=0.339 mean_cost=7.4377 (sbs=7.4376) vs_sbs=+0.00%
     VRPBL: top1=0.511 mean_cost=9.3664 (sbs=9.3593) vs_sbs=+0.08%
    VRPBTW: top1=0.425 mean_cost=19.0637 (sbs=19.6697) vs_sbs=-3.08%
    VRPLTW: top1=0.436 mean_cost=17.6492 (sbs=18.5091) vs_sbs=-4.65%
    OVRPBL: top1=0.535 mean_cost=6.3085 (sbs=6.3103) vs_sbs=-0.03%
   OVRPBTW: top1=0.493 mean_cost=10.4977 (sbs=10.5068) vs_sbs=-0.09%
   OVRPLTW: top1=0.485 mean_cost=10.1262 (sbs=10.1272) vs_sbs=-0.01%
   VRPBLTW: top1=0.421 mean_cost=18.9669 (sbs=19.5198) vs_sbs=-2.83%
  OVRPBLTW: top1=0.518 mean_cost=10.5304 (sbs=10.5412) vs_sbs=-0.10%
[save] best.pt epoch=28 val_vs_sbs=-0.98082%
[epoch done 28] updates=7560 skipped_attempts_total=3 grad=0.8872 elapsed=11.5m
ep029 step007600 loss=0.46535 ce=1.10788 performance=0.22169 lr=0.000118 samples/s=8594 peak_GiB=18.68 time=11.5m
ep029 step007650 loss=0.46661 ce=1.10916 performance=0.22400 lr=0.000118 samples/s=8189 peak_GiB=18.68 time=11.6m
ep029 step007700 loss=0.46597 ce=1.10471 performance=0.22663 lr=0.000118 samples/s=8326 peak_GiB=18.68 time=11.6m
ep029 step007750 loss=0.46839 ce=1.10641 performance=0.23186 lr=0.000118 samples/s=8392 peak_GiB=18.68 time=11.7m
ep029 step007800 loss=0.46775 ce=1.10656 performance=0.22988 lr=0.000118 samples/s=8280 peak_GiB=18.68 time=11.8m
[eval epoch 29 performance] macro_top1=0.4575 top2=0.7974 top3=0.9061 vs_sbs=-0.947% vbs_closed=+23.11%
          classification_top1=0.4708 performance_top1=0.4575 classification_CE=1.11285 performance_MSE=0.23698
       TSP: top1=0.334 mean_cost=7.9161 (sbs=7.9578) vs_sbs=-0.52%
      CVRP: top1=0.361 mean_cost=18.2766 (sbs=18.2943) vs_sbs=-0.10%
      ATSP: top1=0.734 mean_cost=1.6382 (sbs=1.6735) vs_sbs=-2.11%
      OVRP: top1=0.314 mean_cost=7.4664 (sbs=7.4617) vs_sbs=+0.06%
      VRPB: top1=0.506 mean_cost=9.3432 (sbs=9.3403) vs_sbs=+0.03%
      VRPL: top1=0.314 mean_cost=12.4049 (sbs=12.4072) vs_sbs=-0.02%
     VRPTW: top1=0.432 mean_cost=17.9331 (sbs=18.6571) vs_sbs=-3.88%
    OVRPTW: top1=0.501 mean_cost=10.0456 (sbs=10.0484) vs_sbs=-0.03%
     OVRPB: top1=0.559 mean_cost=6.3195 (sbs=6.3220) vs_sbs=-0.04%
     OVRPL: top1=0.350 mean_cost=7.4410 (sbs=7.4376) vs_sbs=+0.05%
     VRPBL: top1=0.520 mean_cost=9.3600 (sbs=9.3593) vs_sbs=+0.01%
    VRPBTW: top1=0.420 mean_cost=19.0722 (sbs=19.6697) vs_sbs=-3.04%
    VRPLTW: top1=0.419 mean_cost=17.6651 (sbs=18.5091) vs_sbs=-4.56%
    OVRPBL: top1=0.575 mean_cost=6.3070 (sbs=6.3103) vs_sbs=-0.05%
   OVRPBTW: top1=0.469 mean_cost=10.5075 (sbs=10.5068) vs_sbs=+0.01%
   OVRPLTW: top1=0.508 mean_cost=10.1258 (sbs=10.1272) vs_sbs=-0.01%
   VRPBLTW: top1=0.421 mean_cost=18.9715 (sbs=19.5198) vs_sbs=-2.81%
  OVRPBLTW: top1=0.498 mean_cost=10.5374 (sbs=10.5412) vs_sbs=-0.04%
[epoch done 29] updates=7830 skipped_attempts_total=3 grad=0.8600 elapsed=11.8m
ep030 step007850 loss=0.47736 ce=1.14635 performance=0.21753 lr=0.000112 samples/s=6992 peak_GiB=18.68 time=11.9m
ep030 step007900 loss=0.46315 ce=1.10472 performance=0.21856 lr=0.000112 samples/s=8581 peak_GiB=18.68 time=11.9m
ep030 step007950 loss=0.46405 ce=1.10229 performance=0.22356 lr=0.000112 samples/s=8269 peak_GiB=18.68 time=12.0m
ep030 step008000 loss=0.46732 ce=1.10664 performance=0.22857 lr=0.000112 samples/s=8358 peak_GiB=18.68 time=12.0m
ep030 step008050 loss=0.46652 ce=1.10560 performance=0.22732 lr=0.000112 samples/s=8243 peak_GiB=18.68 time=12.1m
ep030 step008100 loss=0.46672 ce=1.10630 performance=0.22718 lr=0.000112 samples/s=8171 peak_GiB=18.68 time=12.2m
[eval epoch 30 performance] macro_top1=0.4559 top2=0.7914 top3=0.9084 vs_sbs=-0.958% vbs_closed=+25.46%
          classification_top1=0.4724 performance_top1=0.4559 classification_CE=1.11883 performance_MSE=0.22448
       TSP: top1=0.342 mean_cost=7.9158 (sbs=7.9578) vs_sbs=-0.53%
      CVRP: top1=0.410 mean_cost=18.2344 (sbs=18.2943) vs_sbs=-0.33%
      ATSP: top1=0.706 mean_cost=1.6378 (sbs=1.6735) vs_sbs=-2.14%
      OVRP: top1=0.291 mean_cost=7.4629 (sbs=7.4617) vs_sbs=+0.02%
      VRPB: top1=0.523 mean_cost=9.3411 (sbs=9.3403) vs_sbs=+0.01%
      VRPL: top1=0.323 mean_cost=12.4014 (sbs=12.4072) vs_sbs=-0.05%
     VRPTW: top1=0.448 mean_cost=17.9023 (sbs=18.6571) vs_sbs=-4.05%
    OVRPTW: top1=0.494 mean_cost=10.0470 (sbs=10.0484) vs_sbs=-0.01%
     OVRPB: top1=0.581 mean_cost=6.3176 (sbs=6.3220) vs_sbs=-0.07%
     OVRPL: top1=0.335 mean_cost=7.4381 (sbs=7.4376) vs_sbs=+0.01%
     VRPBL: top1=0.515 mean_cost=9.3618 (sbs=9.3593) vs_sbs=+0.03%
    VRPBTW: top1=0.402 mean_cost=19.0947 (sbs=19.6697) vs_sbs=-2.92%
    VRPLTW: top1=0.408 mean_cost=17.6839 (sbs=18.5091) vs_sbs=-4.46%
    OVRPBL: top1=0.558 mean_cost=6.3062 (sbs=6.3103) vs_sbs=-0.07%
   OVRPBTW: top1=0.489 mean_cost=10.5003 (sbs=10.5068) vs_sbs=-0.06%
   OVRPLTW: top1=0.489 mean_cost=10.1293 (sbs=10.1272) vs_sbs=+0.02%
   VRPBLTW: top1=0.392 mean_cost=19.0168 (sbs=19.5198) vs_sbs=-2.58%
  OVRPBLTW: top1=0.500 mean_cost=10.5336 (sbs=10.5412) vs_sbs=-0.07%
[epoch done 30] updates=8100 skipped_attempts_total=3 grad=0.7992 elapsed=12.4m
ep031 step008150 loss=0.46412 ce=1.11285 performance=0.21321 lr=0.000107 samples/s=7861 peak_GiB=18.68 time=12.5m
ep031 step008200 loss=0.46970 ce=1.11284 performance=0.22917 lr=0.000107 samples/s=8203 peak_GiB=18.68 time=12.5m
ep031 step008250 loss=0.46627 ce=1.10697 performance=0.22523 lr=0.000107 samples/s=8325 peak_GiB=18.68 time=12.6m
[AMP retry] attempt=1 scale=65536->32768
ep031 step008300 loss=0.46632 ce=1.10855 performance=0.22380 lr=0.000107 samples/s=7846 peak_GiB=18.68 time=12.7m
ep031 step008350 loss=0.46582 ce=1.10779 performance=0.22312 lr=0.000107 samples/s=7984 peak_GiB=18.68 time=12.7m
[eval epoch 31 performance] macro_top1=0.4532 top2=0.7947 top3=0.9122 vs_sbs=-0.953% vbs_closed=+23.55%
          classification_top1=0.4769 performance_top1=0.4532 classification_CE=1.11102 performance_MSE=0.23026
       TSP: top1=0.337 mean_cost=7.9152 (sbs=7.9578) vs_sbs=-0.54%
      CVRP: top1=0.367 mean_cost=18.2500 (sbs=18.2943) vs_sbs=-0.24%
      ATSP: top1=0.776 mean_cost=1.6354 (sbs=1.6735) vs_sbs=-2.28%
      OVRP: top1=0.320 mean_cost=7.4622 (sbs=7.4617) vs_sbs=+0.01%
      VRPB: top1=0.474 mean_cost=9.3540 (sbs=9.3403) vs_sbs=+0.15%
      VRPL: top1=0.293 mean_cost=12.4047 (sbs=12.4072) vs_sbs=-0.02%
     VRPTW: top1=0.445 mean_cost=17.9108 (sbs=18.6571) vs_sbs=-4.00%
    OVRPTW: top1=0.485 mean_cost=10.0467 (sbs=10.0484) vs_sbs=-0.02%
     OVRPB: top1=0.550 mean_cost=6.3219 (sbs=6.3220) vs_sbs=-0.00%
     OVRPL: top1=0.334 mean_cost=7.4362 (sbs=7.4376) vs_sbs=-0.02%
     VRPBL: top1=0.510 mean_cost=9.3624 (sbs=9.3593) vs_sbs=+0.03%
    VRPBTW: top1=0.384 mean_cost=19.1357 (sbs=19.6697) vs_sbs=-2.72%
    VRPLTW: top1=0.429 mean_cost=17.6520 (sbs=18.5091) vs_sbs=-4.63%
    OVRPBL: top1=0.559 mean_cost=6.3091 (sbs=6.3103) vs_sbs=-0.02%
   OVRPBTW: top1=0.472 mean_cost=10.5046 (sbs=10.5068) vs_sbs=-0.02%
   OVRPLTW: top1=0.502 mean_cost=10.1265 (sbs=10.1272) vs_sbs=-0.01%
   VRPBLTW: top1=0.428 mean_cost=18.9701 (sbs=19.5198) vs_sbs=-2.82%
  OVRPBLTW: top1=0.492 mean_cost=10.5387 (sbs=10.5412) vs_sbs=-0.02%
[epoch done 31] updates=8370 skipped_attempts_total=4 grad=0.9004 elapsed=12.8m
ep032 step008400 loss=0.46895 ce=1.11997 performance=0.21987 lr=0.000101 samples/s=8580 peak_GiB=18.68 time=12.8m
ep032 step008450 loss=0.45904 ce=1.09322 performance=0.21833 lr=0.000101 samples/s=8584 peak_GiB=18.68 time=12.9m
ep032 step008500 loss=0.46206 ce=1.09774 performance=0.22242 lr=0.000101 samples/s=8299 peak_GiB=18.68 time=12.9m
ep032 step008550 loss=0.46289 ce=1.10188 performance=0.22065 lr=0.000101 samples/s=8175 peak_GiB=18.68 time=13.0m
ep032 step008600 loss=0.46269 ce=1.10397 performance=0.21798 lr=0.000101 samples/s=8109 peak_GiB=18.68 time=13.1m
[eval epoch 32 performance] macro_top1=0.4598 top2=0.8012 top3=0.9114 vs_sbs=-0.991% vbs_closed=+26.16%
          classification_top1=0.4809 performance_top1=0.4598 classification_CE=1.09816 performance_MSE=0.21576
       TSP: top1=0.347 mean_cost=7.9148 (sbs=7.9578) vs_sbs=-0.54%
      CVRP: top1=0.379 mean_cost=18.2352 (sbs=18.2943) vs_sbs=-0.32%
      ATSP: top1=0.721 mean_cost=1.6373 (sbs=1.6735) vs_sbs=-2.17%
      OVRP: top1=0.321 mean_cost=7.4622 (sbs=7.4617) vs_sbs=+0.01%
      VRPB: top1=0.537 mean_cost=9.3375 (sbs=9.3403) vs_sbs=-0.03%
      VRPL: top1=0.303 mean_cost=12.4058 (sbs=12.4072) vs_sbs=-0.01%
     VRPTW: top1=0.446 mean_cost=17.9028 (sbs=18.6571) vs_sbs=-4.04%
    OVRPTW: top1=0.508 mean_cost=10.0411 (sbs=10.0484) vs_sbs=-0.07%
     OVRPB: top1=0.565 mean_cost=6.3190 (sbs=6.3220) vs_sbs=-0.05%
     OVRPL: top1=0.322 mean_cost=7.4425 (sbs=7.4376) vs_sbs=+0.07%
     VRPBL: top1=0.529 mean_cost=9.3570 (sbs=9.3593) vs_sbs=-0.02%
    VRPBTW: top1=0.417 mean_cost=19.0604 (sbs=19.6697) vs_sbs=-3.10%
    VRPLTW: top1=0.420 mean_cost=17.6593 (sbs=18.5091) vs_sbs=-4.59%
    OVRPBL: top1=0.562 mean_cost=6.3069 (sbs=6.3103) vs_sbs=-0.05%
   OVRPBTW: top1=0.486 mean_cost=10.5011 (sbs=10.5068) vs_sbs=-0.05%
   OVRPLTW: top1=0.503 mean_cost=10.1269 (sbs=10.1272) vs_sbs=-0.00%
   VRPBLTW: top1=0.423 mean_cost=18.9663 (sbs=19.5198) vs_sbs=-2.84%
  OVRPBLTW: top1=0.488 mean_cost=10.5393 (sbs=10.5412) vs_sbs=-0.02%
[save] best.pt epoch=32 val_vs_sbs=-0.99101%
[epoch done 32] updates=8640 skipped_attempts_total=4 grad=0.8258 elapsed=13.2m
ep033 step008650 loss=0.45676 ce=1.11281 performance=0.19221 lr=9.54e-05 samples/s=8558 peak_GiB=18.68 time=13.2m
ep033 step008700 loss=0.46011 ce=1.10364 performance=0.21095 lr=9.54e-05 samples/s=7987 peak_GiB=18.68 time=13.2m
ep033 step008750 loss=0.45487 ce=1.09207 performance=0.20756 lr=9.54e-05 samples/s=8250 peak_GiB=18.68 time=13.3m
ep033 step008800 loss=0.46025 ce=1.10171 performance=0.21330 lr=9.54e-05 samples/s=8127 peak_GiB=18.68 time=13.4m
ep033 step008850 loss=0.45996 ce=1.10005 performance=0.21413 lr=9.54e-05 samples/s=8065 peak_GiB=18.68 time=13.4m
ep033 step008900 loss=0.46222 ce=1.10291 performance=0.21773 lr=9.54e-05 samples/s=8160 peak_GiB=18.68 time=13.5m
[eval epoch 33 performance] macro_top1=0.4521 top2=0.7987 top3=0.9118 vs_sbs=-0.985% vbs_closed=+24.74%
          classification_top1=0.4768 performance_top1=0.4521 classification_CE=1.10453 performance_MSE=0.21993
       TSP: top1=0.342 mean_cost=7.9148 (sbs=7.9578) vs_sbs=-0.54%
      CVRP: top1=0.268 mean_cost=18.2795 (sbs=18.2943) vs_sbs=-0.08%
      ATSP: top1=0.757 mean_cost=1.6364 (sbs=1.6735) vs_sbs=-2.22%
      OVRP: top1=0.303 mean_cost=7.4644 (sbs=7.4617) vs_sbs=+0.04%
      VRPB: top1=0.529 mean_cost=9.3404 (sbs=9.3403) vs_sbs=+0.00%
      VRPL: top1=0.293 mean_cost=12.4060 (sbs=12.4072) vs_sbs=-0.01%
     VRPTW: top1=0.446 mean_cost=17.8962 (sbs=18.6571) vs_sbs=-4.08%
    OVRPTW: top1=0.502 mean_cost=10.0437 (sbs=10.0484) vs_sbs=-0.05%
     OVRPB: top1=0.574 mean_cost=6.3169 (sbs=6.3220) vs_sbs=-0.08%
     OVRPL: top1=0.321 mean_cost=7.4398 (sbs=7.4376) vs_sbs=+0.03%
     VRPBL: top1=0.533 mean_cost=9.3566 (sbs=9.3593) vs_sbs=-0.03%
    VRPBTW: top1=0.412 mean_cost=19.0508 (sbs=19.6697) vs_sbs=-3.15%
    VRPLTW: top1=0.411 mean_cost=17.6607 (sbs=18.5091) vs_sbs=-4.58%
    OVRPBL: top1=0.543 mean_cost=6.3097 (sbs=6.3103) vs_sbs=-0.01%
   OVRPBTW: top1=0.474 mean_cost=10.5059 (sbs=10.5068) vs_sbs=-0.01%
   OVRPLTW: top1=0.495 mean_cost=10.1273 (sbs=10.1272) vs_sbs=+0.00%
   VRPBLTW: top1=0.432 mean_cost=18.9538 (sbs=19.5198) vs_sbs=-2.90%
  OVRPBLTW: top1=0.502 mean_cost=10.5332 (sbs=10.5412) vs_sbs=-0.08%
[epoch done 33] updates=8910 skipped_attempts_total=4 grad=0.8752 elapsed=13.5m
ep034 step008950 loss=0.45494 ce=1.09603 performance=0.20379 lr=8.99e-05 samples/s=8596 peak_GiB=18.68 time=13.6m
ep034 step009000 loss=0.45627 ce=1.09532 performance=0.20830 lr=8.99e-05 samples/s=8184 peak_GiB=18.68 time=13.6m
ep034 step009050 loss=0.45732 ce=1.09596 performance=0.21065 lr=8.99e-05 samples/s=8324 peak_GiB=18.68 time=13.7m
ep034 step009100 loss=0.45975 ce=1.10321 performance=0.21035 lr=8.99e-05 samples/s=8018 peak_GiB=18.68 time=13.8m
ep034 step009150 loss=0.45729 ce=1.09688 performance=0.20966 lr=8.99e-05 samples/s=8134 peak_GiB=18.68 time=13.8m
[eval epoch 34 performance] macro_top1=0.4610 top2=0.7950 top3=0.9117 vs_sbs=-1.003% vbs_closed=+26.70%
          classification_top1=0.4787 performance_top1=0.4610 classification_CE=1.09777 performance_MSE=0.21907
       TSP: top1=0.330 mean_cost=7.9167 (sbs=7.9578) vs_sbs=-0.52%
      CVRP: top1=0.426 mean_cost=18.2204 (sbs=18.2943) vs_sbs=-0.40%
      ATSP: top1=0.734 mean_cost=1.6367 (sbs=1.6735) vs_sbs=-2.20%
      OVRP: top1=0.315 mean_cost=7.4615 (sbs=7.4617) vs_sbs=-0.00%
      VRPB: top1=0.523 mean_cost=9.3406 (sbs=9.3403) vs_sbs=+0.00%
      VRPL: top1=0.296 mean_cost=12.4041 (sbs=12.4072) vs_sbs=-0.03%
     VRPTW: top1=0.439 mean_cost=17.8972 (sbs=18.6571) vs_sbs=-4.07%
    OVRPTW: top1=0.504 mean_cost=10.0421 (sbs=10.0484) vs_sbs=-0.06%
     OVRPB: top1=0.570 mean_cost=6.3191 (sbs=6.3220) vs_sbs=-0.05%
     OVRPL: top1=0.329 mean_cost=7.4411 (sbs=7.4376) vs_sbs=+0.05%
     VRPBL: top1=0.529 mean_cost=9.3582 (sbs=9.3593) vs_sbs=-0.01%
    VRPBTW: top1=0.406 mean_cost=19.0516 (sbs=19.6697) vs_sbs=-3.14%
    VRPLTW: top1=0.417 mean_cost=17.6587 (sbs=18.5091) vs_sbs=-4.59%
    OVRPBL: top1=0.560 mean_cost=6.3077 (sbs=6.3103) vs_sbs=-0.04%
   OVRPBTW: top1=0.475 mean_cost=10.5032 (sbs=10.5068) vs_sbs=-0.03%
   OVRPLTW: top1=0.509 mean_cost=10.1276 (sbs=10.1272) vs_sbs=+0.00%
   VRPBLTW: top1=0.431 mean_cost=18.9558 (sbs=19.5198) vs_sbs=-2.89%
  OVRPBLTW: top1=0.505 mean_cost=10.5336 (sbs=10.5412) vs_sbs=-0.07%
[save] best.pt epoch=34 val_vs_sbs=-1.00326%
[epoch done 34] updates=9180 skipped_attempts_total=4 grad=0.8273 elapsed=13.9m
ep035 step009200 loss=0.44703 ce=1.08498 performance=0.19224 lr=8.44e-05 samples/s=8567 peak_GiB=18.68 time=13.9m
ep035 step009250 loss=0.46084 ce=1.09467 performance=0.22202 lr=8.44e-05 samples/s=8053 peak_GiB=18.68 time=14.0m
ep035 step009300 loss=0.45866 ce=1.09497 performance=0.21548 lr=8.44e-05 samples/s=7982 peak_GiB=18.68 time=14.1m
ep035 step009350 loss=0.45650 ce=1.09453 performance=0.20975 lr=8.44e-05 samples/s=8365 peak_GiB=18.68 time=14.1m
ep035 step009400 loss=0.46005 ce=1.10142 performance=0.21302 lr=8.44e-05 samples/s=8244 peak_GiB=18.68 time=14.2m
ep035 step009450 loss=0.45795 ce=1.09758 performance=0.21086 lr=8.44e-05 samples/s=8172 peak_GiB=18.68 time=14.3m
[eval epoch 35 performance] macro_top1=0.4628 top2=0.7978 top3=0.9088 vs_sbs=-0.984% vbs_closed=+26.05%
          classification_top1=0.4785 performance_top1=0.4628 classification_CE=1.10420 performance_MSE=0.22195
       TSP: top1=0.358 mean_cost=7.9140 (sbs=7.9578) vs_sbs=-0.55%
      CVRP: top1=0.426 mean_cost=18.2214 (sbs=18.2943) vs_sbs=-0.40%
      ATSP: top1=0.766 mean_cost=1.6360 (sbs=1.6735) vs_sbs=-2.24%
      OVRP: top1=0.287 mean_cost=7.4661 (sbs=7.4617) vs_sbs=+0.06%
      VRPB: top1=0.541 mean_cost=9.3373 (sbs=9.3403) vs_sbs=-0.03%
      VRPL: top1=0.296 mean_cost=12.4114 (sbs=12.4072) vs_sbs=+0.03%
     VRPTW: top1=0.417 mean_cost=17.9324 (sbs=18.6571) vs_sbs=-3.88%
    OVRPTW: top1=0.484 mean_cost=10.0476 (sbs=10.0484) vs_sbs=-0.01%
     OVRPB: top1=0.581 mean_cost=6.3163 (sbs=6.3220) vs_sbs=-0.09%
     OVRPL: top1=0.336 mean_cost=7.4386 (sbs=7.4376) vs_sbs=+0.01%
     VRPBL: top1=0.515 mean_cost=9.3597 (sbs=9.3593) vs_sbs=+0.00%
    VRPBTW: top1=0.411 mean_cost=19.0927 (sbs=19.6697) vs_sbs=-2.93%
    VRPLTW: top1=0.417 mean_cost=17.6583 (sbs=18.5091) vs_sbs=-4.60%
    OVRPBL: top1=0.553 mean_cost=6.3068 (sbs=6.3103) vs_sbs=-0.06%
   OVRPBTW: top1=0.500 mean_cost=10.4959 (sbs=10.5068) vs_sbs=-0.10%
   OVRPLTW: top1=0.489 mean_cost=10.1291 (sbs=10.1272) vs_sbs=+0.02%
   VRPBLTW: top1=0.434 mean_cost=18.9633 (sbs=19.5198) vs_sbs=-2.85%
  OVRPBLTW: top1=0.520 mean_cost=10.5315 (sbs=10.5412) vs_sbs=-0.09%
[epoch done 35] updates=9450 skipped_attempts_total=4 grad=0.8436 elapsed=14.4m
ep036 step009500 loss=0.46169 ce=1.11564 performance=0.20349 lr=7.9e-05 samples/s=7856 peak_GiB=18.68 time=14.5m
ep036 step009550 loss=0.45288 ce=1.09267 performance=0.20127 lr=7.9e-05 samples/s=8214 peak_GiB=18.68 time=14.6m
ep036 step009600 loss=0.45167 ce=1.08908 performance=0.20139 lr=7.9e-05 samples/s=8099 peak_GiB=18.68 time=14.7m
ep036 step009650 loss=0.45272 ce=1.08975 performance=0.20375 lr=7.9e-05 samples/s=8216 peak_GiB=18.68 time=14.7m
ep036 step009700 loss=0.45481 ce=1.09439 performance=0.20508 lr=7.9e-05 samples/s=8145 peak_GiB=18.68 time=14.8m
[eval epoch 36 performance] macro_top1=0.4614 top2=0.7971 top3=0.9136 vs_sbs=-1.005% vbs_closed=+26.92%
          classification_top1=0.4809 performance_top1=0.4614 classification_CE=1.09695 performance_MSE=0.21486
       TSP: top1=0.352 mean_cost=7.9138 (sbs=7.9578) vs_sbs=-0.55%
      CVRP: top1=0.426 mean_cost=18.2255 (sbs=18.2943) vs_sbs=-0.38%
      ATSP: top1=0.733 mean_cost=1.6369 (sbs=1.6735) vs_sbs=-2.19%
      OVRP: top1=0.309 mean_cost=7.4614 (sbs=7.4617) vs_sbs=-0.00%
      VRPB: top1=0.518 mean_cost=9.3403 (sbs=9.3403) vs_sbs=+0.00%
      VRPL: top1=0.290 mean_cost=12.4049 (sbs=12.4072) vs_sbs=-0.02%
     VRPTW: top1=0.441 mean_cost=17.9010 (sbs=18.6571) vs_sbs=-4.05%
    OVRPTW: top1=0.475 mean_cost=10.0480 (sbs=10.0484) vs_sbs=-0.00%
     OVRPB: top1=0.569 mean_cost=6.3209 (sbs=6.3220) vs_sbs=-0.02%
     OVRPL: top1=0.340 mean_cost=7.4368 (sbs=7.4376) vs_sbs=-0.01%
     VRPBL: top1=0.534 mean_cost=9.3560 (sbs=9.3593) vs_sbs=-0.04%
    VRPBTW: top1=0.416 mean_cost=19.0499 (sbs=19.6697) vs_sbs=-3.15%
    VRPLTW: top1=0.415 mean_cost=17.6574 (sbs=18.5091) vs_sbs=-4.60%
    OVRPBL: top1=0.555 mean_cost=6.3070 (sbs=6.3103) vs_sbs=-0.05%
   OVRPBTW: top1=0.491 mean_cost=10.4971 (sbs=10.5068) vs_sbs=-0.09%
   OVRPLTW: top1=0.491 mean_cost=10.1281 (sbs=10.1272) vs_sbs=+0.01%
   VRPBLTW: top1=0.444 mean_cost=18.9544 (sbs=19.5198) vs_sbs=-2.90%
  OVRPBLTW: top1=0.506 mean_cost=10.5357 (sbs=10.5412) vs_sbs=-0.05%
[save] best.pt epoch=36 val_vs_sbs=-1.00524%
[epoch done 36] updates=9720 skipped_attempts_total=4 grad=0.7860 elapsed=14.8m
ep037 step009750 loss=0.44864 ce=1.08853 performance=0.19329 lr=7.36e-05 samples/s=8584 peak_GiB=18.68 time=14.9m
ep037 step009800 loss=0.44557 ce=1.07781 performance=0.19523 lr=7.36e-05 samples/s=8135 peak_GiB=18.68 time=14.9m
ep037 step009850 loss=0.44890 ce=1.08102 performance=0.20155 lr=7.36e-05 samples/s=8302 peak_GiB=18.68 time=15.0m
ep037 step009900 loss=0.45164 ce=1.08837 performance=0.20204 lr=7.36e-05 samples/s=8182 peak_GiB=18.68 time=15.1m
ep037 step009950 loss=0.45211 ce=1.08856 performance=0.20318 lr=7.36e-05 samples/s=8115 peak_GiB=18.68 time=15.1m
[eval epoch 37 performance] macro_top1=0.4638 top2=0.8011 top3=0.9103 vs_sbs=-1.005% vbs_closed=+26.49%
          classification_top1=0.4797 performance_top1=0.4638 classification_CE=1.09733 performance_MSE=0.21053
       TSP: top1=0.330 mean_cost=7.9161 (sbs=7.9578) vs_sbs=-0.52%
      CVRP: top1=0.415 mean_cost=18.2303 (sbs=18.2943) vs_sbs=-0.35%
      ATSP: top1=0.758 mean_cost=1.6364 (sbs=1.6735) vs_sbs=-2.22%
      OVRP: top1=0.325 mean_cost=7.4619 (sbs=7.4617) vs_sbs=+0.00%
      VRPB: top1=0.515 mean_cost=9.3387 (sbs=9.3403) vs_sbs=-0.02%
      VRPL: top1=0.326 mean_cost=12.4027 (sbs=12.4072) vs_sbs=-0.04%
     VRPTW: top1=0.449 mean_cost=17.8959 (sbs=18.6571) vs_sbs=-4.08%
    OVRPTW: top1=0.477 mean_cost=10.0473 (sbs=10.0484) vs_sbs=-0.01%
     OVRPB: top1=0.579 mean_cost=6.3191 (sbs=6.3220) vs_sbs=-0.05%
     OVRPL: top1=0.337 mean_cost=7.4420 (sbs=7.4376) vs_sbs=+0.06%
     VRPBL: top1=0.534 mean_cost=9.3562 (sbs=9.3593) vs_sbs=-0.03%
    VRPBTW: top1=0.428 mean_cost=19.0443 (sbs=19.6697) vs_sbs=-3.18%
    VRPLTW: top1=0.419 mean_cost=17.6559 (sbs=18.5091) vs_sbs=-4.61%
    OVRPBL: top1=0.553 mean_cost=6.3067 (sbs=6.3103) vs_sbs=-0.06%
   OVRPBTW: top1=0.474 mean_cost=10.5032 (sbs=10.5068) vs_sbs=-0.03%
   OVRPLTW: top1=0.489 mean_cost=10.1304 (sbs=10.1272) vs_sbs=+0.03%
   VRPBLTW: top1=0.432 mean_cost=18.9544 (sbs=19.5198) vs_sbs=-2.90%
  OVRPBLTW: top1=0.508 mean_cost=10.5323 (sbs=10.5412) vs_sbs=-0.08%
[epoch done 37] updates=9990 skipped_attempts_total=4 grad=0.7885 elapsed=15.2m
ep038 step010000 loss=0.50042 ce=1.21141 performance=0.21835 lr=6.83e-05 samples/s=5892 peak_GiB=18.68 time=15.2m
ep038 step010050 loss=0.45887 ce=1.10467 performance=0.20639 lr=6.83e-05 samples/s=7991 peak_GiB=18.68 time=15.3m
ep038 step010100 loss=0.45220 ce=1.08989 performance=0.20211 lr=6.83e-05 samples/s=7940 peak_GiB=18.68 time=15.4m
ep038 step010150 loss=0.45210 ce=1.09262 performance=0.19910 lr=6.83e-05 samples/s=8133 peak_GiB=18.68 time=15.4m
ep038 step010200 loss=0.45015 ce=1.08641 performance=0.19973 lr=6.83e-05 samples/s=8240 peak_GiB=18.68 time=15.5m
ep038 step010250 loss=0.45027 ce=1.08612 performance=0.20037 lr=6.83e-05 samples/s=8170 peak_GiB=18.68 time=15.6m
[eval epoch 38 performance] macro_top1=0.4656 top2=0.8009 top3=0.9136 vs_sbs=-1.004% vbs_closed=+26.36%
          classification_top1=0.4840 performance_top1=0.4656 classification_CE=1.09399 performance_MSE=0.21298
       TSP: top1=0.349 mean_cost=7.9140 (sbs=7.9578) vs_sbs=-0.55%
      CVRP: top1=0.445 mean_cost=18.2127 (sbs=18.2943) vs_sbs=-0.45%
      ATSP: top1=0.775 mean_cost=1.6355 (sbs=1.6735) vs_sbs=-2.27%
      OVRP: top1=0.329 mean_cost=7.4624 (sbs=7.4617) vs_sbs=+0.01%
      VRPB: top1=0.513 mean_cost=9.3406 (sbs=9.3403) vs_sbs=+0.00%
      VRPL: top1=0.301 mean_cost=12.4044 (sbs=12.4072) vs_sbs=-0.02%
     VRPTW: top1=0.443 mean_cost=17.8924 (sbs=18.6571) vs_sbs=-4.10%
    OVRPTW: top1=0.484 mean_cost=10.0494 (sbs=10.0484) vs_sbs=+0.01%
     OVRPB: top1=0.575 mean_cost=6.3180 (sbs=6.3220) vs_sbs=-0.06%
     OVRPL: top1=0.331 mean_cost=7.4417 (sbs=7.4376) vs_sbs=+0.06%
     VRPBL: top1=0.529 mean_cost=9.3592 (sbs=9.3593) vs_sbs=-0.00%
    VRPBTW: top1=0.421 mean_cost=19.0459 (sbs=19.6697) vs_sbs=-3.17%
    VRPLTW: top1=0.435 mean_cost=17.6565 (sbs=18.5091) vs_sbs=-4.61%
    OVRPBL: top1=0.541 mean_cost=6.3066 (sbs=6.3103) vs_sbs=-0.06%
   OVRPBTW: top1=0.494 mean_cost=10.5034 (sbs=10.5068) vs_sbs=-0.03%
   OVRPLTW: top1=0.492 mean_cost=10.1293 (sbs=10.1272) vs_sbs=+0.02%
   VRPBLTW: top1=0.426 mean_cost=18.9660 (sbs=19.5198) vs_sbs=-2.84%
  OVRPBLTW: top1=0.497 mean_cost=10.5397 (sbs=10.5412) vs_sbs=-0.01%
[epoch done 38] updates=10260 skipped_attempts_total=4 grad=0.7435 elapsed=15.6m
ep039 step010300 loss=0.43573 ce=1.05394 performance=0.19099 lr=6.31e-05 samples/s=8577 peak_GiB=18.68 time=15.6m
ep039 step010350 loss=0.44933 ce=1.08486 performance=0.19895 lr=6.31e-05 samples/s=8174 peak_GiB=18.68 time=15.7m
ep039 step010400 loss=0.44993 ce=1.08896 performance=0.19656 lr=6.31e-05 samples/s=8066 peak_GiB=18.68 time=15.8m
ep039 step010450 loss=0.45213 ce=1.09468 performance=0.19714 lr=6.31e-05 samples/s=8018 peak_GiB=18.68 time=15.8m
ep039 step010500 loss=0.44929 ce=1.08843 performance=0.19526 lr=6.31e-05 samples/s=8277 peak_GiB=18.68 time=15.9m
[eval epoch 39 performance] macro_top1=0.4630 top2=0.7972 top3=0.9136 vs_sbs=-0.991% vbs_closed=+26.36%
          classification_top1=0.4797 performance_top1=0.4630 classification_CE=1.10420 performance_MSE=0.21730
       TSP: top1=0.372 mean_cost=7.9133 (sbs=7.9578) vs_sbs=-0.56%
      CVRP: top1=0.422 mean_cost=18.2302 (sbs=18.2943) vs_sbs=-0.35%
      ATSP: top1=0.753 mean_cost=1.6364 (sbs=1.6735) vs_sbs=-2.22%
      OVRP: top1=0.333 mean_cost=7.4613 (sbs=7.4617) vs_sbs=-0.00%
      VRPB: top1=0.511 mean_cost=9.3400 (sbs=9.3403) vs_sbs=-0.00%
      VRPL: top1=0.292 mean_cost=12.4057 (sbs=12.4072) vs_sbs=-0.01%
     VRPTW: top1=0.450 mean_cost=17.9050 (sbs=18.6571) vs_sbs=-4.03%
    OVRPTW: top1=0.480 mean_cost=10.0481 (sbs=10.0484) vs_sbs=-0.00%
     OVRPB: top1=0.577 mean_cost=6.3182 (sbs=6.3220) vs_sbs=-0.06%
     OVRPL: top1=0.343 mean_cost=7.4389 (sbs=7.4376) vs_sbs=+0.02%
     VRPBL: top1=0.521 mean_cost=9.3591 (sbs=9.3593) vs_sbs=-0.00%
    VRPBTW: top1=0.415 mean_cost=19.0559 (sbs=19.6697) vs_sbs=-3.12%
    VRPLTW: top1=0.403 mean_cost=17.6778 (sbs=18.5091) vs_sbs=-4.49%
    OVRPBL: top1=0.557 mean_cost=6.3052 (sbs=6.3103) vs_sbs=-0.08%
   OVRPBTW: top1=0.487 mean_cost=10.5021 (sbs=10.5068) vs_sbs=-0.04%
   OVRPLTW: top1=0.503 mean_cost=10.1266 (sbs=10.1272) vs_sbs=-0.01%
   VRPBLTW: top1=0.430 mean_cost=18.9650 (sbs=19.5198) vs_sbs=-2.84%
  OVRPBLTW: top1=0.485 mean_cost=10.5374 (sbs=10.5412) vs_sbs=-0.04%
[epoch done 39] updates=10530 skipped_attempts_total=4 grad=0.7313 elapsed=16.0m
ep040 step010550 loss=0.44954 ce=1.09270 performance=0.19170 lr=5.8e-05 samples/s=8542 peak_GiB=18.68 time=16.0m
ep040 step010600 loss=0.45022 ce=1.08717 performance=0.19917 lr=5.8e-05 samples/s=8056 peak_GiB=18.68 time=16.1m
ep040 step010650 loss=0.45249 ce=1.09138 performance=0.20145 lr=5.8e-05 samples/s=7981 peak_GiB=18.68 time=16.1m
ep040 step010700 loss=0.44734 ce=1.08072 performance=0.19740 lr=5.8e-05 samples/s=8363 peak_GiB=18.68 time=16.2m
ep040 step010750 loss=0.44797 ce=1.08191 performance=0.19800 lr=5.8e-05 samples/s=8247 peak_GiB=18.68 time=16.3m
ep040 step010800 loss=0.44787 ce=1.08376 performance=0.19586 lr=5.8e-05 samples/s=8177 peak_GiB=18.68 time=16.3m
[eval epoch 40 performance] macro_top1=0.4645 top2=0.8020 top3=0.9139 vs_sbs=-1.015% vbs_closed=+27.10%
          classification_top1=0.4843 performance_top1=0.4645 classification_CE=1.09388 performance_MSE=0.21115
       TSP: top1=0.359 mean_cost=7.9146 (sbs=7.9578) vs_sbs=-0.54%
      CVRP: top1=0.436 mean_cost=18.2214 (sbs=18.2943) vs_sbs=-0.40%
      ATSP: top1=0.764 mean_cost=1.6359 (sbs=1.6735) vs_sbs=-2.25%
      OVRP: top1=0.319 mean_cost=7.4608 (sbs=7.4617) vs_sbs=-0.01%
      VRPB: top1=0.513 mean_cost=9.3422 (sbs=9.3403) vs_sbs=+0.02%
      VRPL: top1=0.303 mean_cost=12.4035 (sbs=12.4072) vs_sbs=-0.03%
     VRPTW: top1=0.449 mean_cost=17.8897 (sbs=18.6571) vs_sbs=-4.11%
    OVRPTW: top1=0.498 mean_cost=10.0431 (sbs=10.0484) vs_sbs=-0.05%
     OVRPB: top1=0.575 mean_cost=6.3171 (sbs=6.3220) vs_sbs=-0.08%
     OVRPL: top1=0.339 mean_cost=7.4373 (sbs=7.4376) vs_sbs=-0.00%
     VRPBL: top1=0.513 mean_cost=9.3619 (sbs=9.3593) vs_sbs=+0.03%
    VRPBTW: top1=0.409 mean_cost=19.0578 (sbs=19.6697) vs_sbs=-3.11%
    VRPLTW: top1=0.432 mean_cost=17.6420 (sbs=18.5091) vs_sbs=-4.68%
    OVRPBL: top1=0.552 mean_cost=6.3057 (sbs=6.3103) vs_sbs=-0.07%
   OVRPBTW: top1=0.465 mean_cost=10.5050 (sbs=10.5068) vs_sbs=-0.02%
   OVRPLTW: top1=0.501 mean_cost=10.1288 (sbs=10.1272) vs_sbs=+0.02%
   VRPBLTW: top1=0.434 mean_cost=18.9494 (sbs=19.5198) vs_sbs=-2.92%
  OVRPBLTW: top1=0.500 mean_cost=10.5368 (sbs=10.5412) vs_sbs=-0.04%
[save] best.pt epoch=40 val_vs_sbs=-1.01453%
[epoch done 40] updates=10800 skipped_attempts_total=4 grad=0.6984 elapsed=16.5m
ep041 step010850 loss=0.44851 ce=1.09196 performance=0.18948 lr=5.31e-05 samples/s=7869 peak_GiB=18.68 time=16.6m
ep041 step010900 loss=0.44423 ce=1.08071 performance=0.18850 lr=5.31e-05 samples/s=8219 peak_GiB=18.68 time=16.7m
ep041 step010950 loss=0.44422 ce=1.07964 performance=0.18956 lr=5.31e-05 samples/s=8342 peak_GiB=18.68 time=16.7m
ep041 step011000 loss=0.44726 ce=1.08623 performance=0.19164 lr=5.31e-05 samples/s=7879 peak_GiB=18.68 time=16.8m
ep041 step011050 loss=0.44470 ce=1.07936 performance=0.19121 lr=5.31e-05 samples/s=8152 peak_GiB=18.68 time=16.9m
[eval epoch 41 performance] macro_top1=0.4656 top2=0.8044 top3=0.9156 vs_sbs=-1.013% vbs_closed=+26.49%
          classification_top1=0.4842 performance_top1=0.4656 classification_CE=1.09464 performance_MSE=0.21640
       TSP: top1=0.367 mean_cost=7.9141 (sbs=7.9578) vs_sbs=-0.55%
      CVRP: top1=0.444 mean_cost=18.2191 (sbs=18.2943) vs_sbs=-0.41%
      ATSP: top1=0.778 mean_cost=1.6351 (sbs=1.6735) vs_sbs=-2.30%
      OVRP: top1=0.330 mean_cost=7.4644 (sbs=7.4617) vs_sbs=+0.04%
      VRPB: top1=0.505 mean_cost=9.3418 (sbs=9.3403) vs_sbs=+0.02%
      VRPL: top1=0.296 mean_cost=12.4045 (sbs=12.4072) vs_sbs=-0.02%
     VRPTW: top1=0.447 mean_cost=17.8879 (sbs=18.6571) vs_sbs=-4.12%
    OVRPTW: top1=0.491 mean_cost=10.0448 (sbs=10.0484) vs_sbs=-0.04%
     OVRPB: top1=0.560 mean_cost=6.3194 (sbs=6.3220) vs_sbs=-0.04%
     OVRPL: top1=0.321 mean_cost=7.4411 (sbs=7.4376) vs_sbs=+0.05%
     VRPBL: top1=0.521 mean_cost=9.3598 (sbs=9.3593) vs_sbs=+0.01%
    VRPBTW: top1=0.428 mean_cost=19.0450 (sbs=19.6697) vs_sbs=-3.18%
    VRPLTW: top1=0.427 mean_cost=17.6495 (sbs=18.5091) vs_sbs=-4.64%
    OVRPBL: top1=0.551 mean_cost=6.3075 (sbs=6.3103) vs_sbs=-0.04%
   OVRPBTW: top1=0.485 mean_cost=10.5002 (sbs=10.5068) vs_sbs=-0.06%
   OVRPLTW: top1=0.501 mean_cost=10.1292 (sbs=10.1272) vs_sbs=+0.02%
   VRPBLTW: top1=0.432 mean_cost=18.9550 (sbs=19.5198) vs_sbs=-2.89%
  OVRPBLTW: top1=0.497 mean_cost=10.5353 (sbs=10.5412) vs_sbs=-0.06%
[epoch done 41] updates=11070 skipped_attempts_total=4 grad=0.6918 elapsed=16.9m
ep042 step011100 loss=0.43994 ce=1.07586 performance=0.18112 lr=4.83e-05 samples/s=7456 peak_GiB=18.68 time=17.0m
ep042 step011150 loss=0.44613 ce=1.08435 performance=0.19029 lr=4.83e-05 samples/s=8575 peak_GiB=18.68 time=17.0m
ep042 step011200 loss=0.44300 ce=1.07782 performance=0.18789 lr=4.83e-05 samples/s=8292 peak_GiB=18.68 time=17.1m
ep042 step011250 loss=0.44387 ce=1.08089 performance=0.18731 lr=4.83e-05 samples/s=8172 peak_GiB=18.68 time=17.1m
ep042 step011300 loss=0.44339 ce=1.07872 performance=0.18810 lr=4.83e-05 samples/s=8261 peak_GiB=18.68 time=17.2m
[eval epoch 42 performance] macro_top1=0.4651 top2=0.8011 top3=0.9132 vs_sbs=-1.027% vbs_closed=+27.45%
          classification_top1=0.4844 performance_top1=0.4651 classification_CE=1.09283 performance_MSE=0.22491
       TSP: top1=0.342 mean_cost=7.9147 (sbs=7.9578) vs_sbs=-0.54%
      CVRP: top1=0.431 mean_cost=18.2183 (sbs=18.2943) vs_sbs=-0.42%
      ATSP: top1=0.773 mean_cost=1.6354 (sbs=1.6735) vs_sbs=-2.28%
      OVRP: top1=0.320 mean_cost=7.4612 (sbs=7.4617) vs_sbs=-0.01%
      VRPB: top1=0.530 mean_cost=9.3388 (sbs=9.3403) vs_sbs=-0.02%
      VRPL: top1=0.296 mean_cost=12.4053 (sbs=12.4072) vs_sbs=-0.02%
     VRPTW: top1=0.458 mean_cost=17.8822 (sbs=18.6571) vs_sbs=-4.15%
    OVRPTW: top1=0.485 mean_cost=10.0448 (sbs=10.0484) vs_sbs=-0.04%
     OVRPB: top1=0.572 mean_cost=6.3180 (sbs=6.3220) vs_sbs=-0.06%
     OVRPL: top1=0.329 mean_cost=7.4394 (sbs=7.4376) vs_sbs=+0.02%
     VRPBL: top1=0.517 mean_cost=9.3606 (sbs=9.3593) vs_sbs=+0.01%
    VRPBTW: top1=0.419 mean_cost=19.0431 (sbs=19.6697) vs_sbs=-3.19%
    VRPLTW: top1=0.433 mean_cost=17.6410 (sbs=18.5091) vs_sbs=-4.69%
    OVRPBL: top1=0.547 mean_cost=6.3062 (sbs=6.3103) vs_sbs=-0.06%
   OVRPBTW: top1=0.483 mean_cost=10.5020 (sbs=10.5068) vs_sbs=-0.05%
   OVRPLTW: top1=0.496 mean_cost=10.1279 (sbs=10.1272) vs_sbs=+0.01%
   VRPBLTW: top1=0.438 mean_cost=18.9414 (sbs=19.5198) vs_sbs=-2.96%
  OVRPBLTW: top1=0.502 mean_cost=10.5349 (sbs=10.5412) vs_sbs=-0.06%
[save] best.pt epoch=42 val_vs_sbs=-1.02712%
[epoch done 42] updates=11340 skipped_attempts_total=4 grad=0.6833 elapsed=17.3m
ep043 step011350 loss=0.42982 ce=1.08066 performance=0.14740 lr=4.37e-05 samples/s=8546 peak_GiB=18.68 time=17.3m
ep043 step011400 loss=0.44614 ce=1.08360 performance=0.19109 lr=4.37e-05 samples/s=7975 peak_GiB=18.68 time=17.4m
ep043 step011450 loss=0.44308 ce=1.07987 performance=0.18608 lr=4.37e-05 samples/s=8242 peak_GiB=18.68 time=17.4m
ep043 step011500 loss=0.44289 ce=1.07821 performance=0.18720 lr=4.37e-05 samples/s=8128 peak_GiB=18.68 time=17.5m
ep043 step011550 loss=0.44150 ce=1.07467 performance=0.18677 lr=4.37e-05 samples/s=8234 peak_GiB=18.68 time=17.6m
ep043 step011600 loss=0.44121 ce=1.07379 performance=0.18681 lr=4.37e-05 samples/s=8300 peak_GiB=18.68 time=17.6m
[eval epoch 43 performance] macro_top1=0.4616 top2=0.8032 top3=0.9144 vs_sbs=-1.009% vbs_closed=+26.77%
          classification_top1=0.4855 performance_top1=0.4616 classification_CE=1.09319 performance_MSE=0.20883
       TSP: top1=0.344 mean_cost=7.9151 (sbs=7.9578) vs_sbs=-0.54%
      CVRP: top1=0.434 mean_cost=18.2174 (sbs=18.2943) vs_sbs=-0.42%
      ATSP: top1=0.779 mean_cost=1.6348 (sbs=1.6735) vs_sbs=-2.31%
      OVRP: top1=0.319 mean_cost=7.4600 (sbs=7.4617) vs_sbs=-0.02%
      VRPB: top1=0.510 mean_cost=9.3414 (sbs=9.3403) vs_sbs=+0.01%
      VRPL: top1=0.288 mean_cost=12.4043 (sbs=12.4072) vs_sbs=-0.02%
     VRPTW: top1=0.433 mean_cost=17.8996 (sbs=18.6571) vs_sbs=-4.06%
    OVRPTW: top1=0.496 mean_cost=10.0437 (sbs=10.0484) vs_sbs=-0.05%
     OVRPB: top1=0.587 mean_cost=6.3170 (sbs=6.3220) vs_sbs=-0.08%
     OVRPL: top1=0.324 mean_cost=7.4394 (sbs=7.4376) vs_sbs=+0.02%
     VRPBL: top1=0.519 mean_cost=9.3637 (sbs=9.3593) vs_sbs=+0.05%
    VRPBTW: top1=0.410 mean_cost=19.0465 (sbs=19.6697) vs_sbs=-3.17%
    VRPLTW: top1=0.423 mean_cost=17.6547 (sbs=18.5091) vs_sbs=-4.62%
    OVRPBL: top1=0.557 mean_cost=6.3062 (sbs=6.3103) vs_sbs=-0.06%
   OVRPBTW: top1=0.474 mean_cost=10.5044 (sbs=10.5068) vs_sbs=-0.02%
   OVRPLTW: top1=0.480 mean_cost=10.1315 (sbs=10.1272) vs_sbs=+0.04%
   VRPBLTW: top1=0.434 mean_cost=18.9594 (sbs=19.5198) vs_sbs=-2.87%
  OVRPBLTW: top1=0.498 mean_cost=10.5360 (sbs=10.5412) vs_sbs=-0.05%
[epoch done 43] updates=11610 skipped_attempts_total=4 grad=0.6293 elapsed=17.7m
ep044 step011650 loss=0.44294 ce=1.06583 performance=0.19971 lr=3.93e-05 samples/s=8590 peak_GiB=18.68 time=17.7m
ep044 step011700 loss=0.44258 ce=1.07567 performance=0.18885 lr=3.93e-05 samples/s=8177 peak_GiB=18.68 time=17.8m
ep044 step011750 loss=0.44143 ce=1.07593 performance=0.18528 lr=3.93e-05 samples/s=8595 peak_GiB=18.68 time=17.8m
ep044 step011800 loss=0.44306 ce=1.07867 performance=0.18721 lr=3.93e-05 samples/s=8395 peak_GiB=18.68 time=17.9m
ep044 step011850 loss=0.44445 ce=1.08181 performance=0.18805 lr=3.93e-05 samples/s=7993 peak_GiB=18.68 time=18.0m
[eval epoch 44 performance] macro_top1=0.4653 top2=0.8035 top3=0.9161 vs_sbs=-1.025% vbs_closed=+27.83%
          classification_top1=0.4821 performance_top1=0.4653 classification_CE=1.09608 performance_MSE=0.20763
       TSP: top1=0.342 mean_cost=7.9146 (sbs=7.9578) vs_sbs=-0.54%
      CVRP: top1=0.437 mean_cost=18.2196 (sbs=18.2943) vs_sbs=-0.41%
      ATSP: top1=0.775 mean_cost=1.6354 (sbs=1.6735) vs_sbs=-2.28%
      OVRP: top1=0.322 mean_cost=7.4609 (sbs=7.4617) vs_sbs=-0.01%
      VRPB: top1=0.525 mean_cost=9.3375 (sbs=9.3403) vs_sbs=-0.03%
      VRPL: top1=0.281 mean_cost=12.4050 (sbs=12.4072) vs_sbs=-0.02%
     VRPTW: top1=0.451 mean_cost=17.8891 (sbs=18.6571) vs_sbs=-4.12%
    OVRPTW: top1=0.497 mean_cost=10.0404 (sbs=10.0484) vs_sbs=-0.08%
     OVRPB: top1=0.574 mean_cost=6.3174 (sbs=6.3220) vs_sbs=-0.07%
     OVRPL: top1=0.334 mean_cost=7.4367 (sbs=7.4376) vs_sbs=-0.01%
     VRPBL: top1=0.520 mean_cost=9.3605 (sbs=9.3593) vs_sbs=+0.01%
    VRPBTW: top1=0.415 mean_cost=19.0483 (sbs=19.6697) vs_sbs=-3.16%
    VRPLTW: top1=0.445 mean_cost=17.6330 (sbs=18.5091) vs_sbs=-4.73%
    OVRPBL: top1=0.557 mean_cost=6.3070 (sbs=6.3103) vs_sbs=-0.05%
   OVRPBTW: top1=0.485 mean_cost=10.5018 (sbs=10.5068) vs_sbs=-0.05%
   OVRPLTW: top1=0.495 mean_cost=10.1291 (sbs=10.1272) vs_sbs=+0.02%
   VRPBLTW: top1=0.430 mean_cost=18.9578 (sbs=19.5198) vs_sbs=-2.88%
  OVRPBLTW: top1=0.491 mean_cost=10.5363 (sbs=10.5412) vs_sbs=-0.05%
[epoch done 44] updates=11880 skipped_attempts_total=4 grad=0.6797 elapsed=18.0m
ep045 step011900 loss=0.44060 ce=1.07919 performance=0.17966 lr=3.5e-05 samples/s=8561 peak_GiB=18.68 time=18.1m
ep045 step011950 loss=0.44369 ce=1.07617 performance=0.19151 lr=3.5e-05 samples/s=8057 peak_GiB=18.68 time=18.1m
ep045 step012000 loss=0.44412 ce=1.08036 performance=0.18857 lr=3.5e-05 samples/s=7981 peak_GiB=18.68 time=18.2m
ep045 step012050 loss=0.44124 ce=1.07789 performance=0.18279 lr=3.5e-05 samples/s=8363 peak_GiB=18.68 time=18.3m
ep045 step012100 loss=0.44141 ce=1.07564 performance=0.18552 lr=3.5e-05 samples/s=8247 peak_GiB=18.68 time=18.3m
ep045 step012150 loss=0.44135 ce=1.07653 performance=0.18447 lr=3.5e-05 samples/s=8174 peak_GiB=18.68 time=18.4m
[eval epoch 45 performance] macro_top1=0.4668 top2=0.8017 top3=0.9149 vs_sbs=-1.023% vbs_closed=+27.53%
          classification_top1=0.4858 performance_top1=0.4668 classification_CE=1.09225 performance_MSE=0.21056
       TSP: top1=0.342 mean_cost=7.9154 (sbs=7.9578) vs_sbs=-0.53%
      CVRP: top1=0.443 mean_cost=18.2141 (sbs=18.2943) vs_sbs=-0.44%
      ATSP: top1=0.766 mean_cost=1.6357 (sbs=1.6735) vs_sbs=-2.26%
      OVRP: top1=0.323 mean_cost=7.4588 (sbs=7.4617) vs_sbs=-0.04%
      VRPB: top1=0.524 mean_cost=9.3386 (sbs=9.3403) vs_sbs=-0.02%
      VRPL: top1=0.282 mean_cost=12.4061 (sbs=12.4072) vs_sbs=-0.01%
     VRPTW: top1=0.451 mean_cost=17.8865 (sbs=18.6571) vs_sbs=-4.13%
    OVRPTW: top1=0.491 mean_cost=10.0467 (sbs=10.0484) vs_sbs=-0.02%
     OVRPB: top1=0.586 mean_cost=6.3152 (sbs=6.3220) vs_sbs=-0.11%
     OVRPL: top1=0.336 mean_cost=7.4381 (sbs=7.4376) vs_sbs=+0.01%
     VRPBL: top1=0.526 mean_cost=9.3600 (sbs=9.3593) vs_sbs=+0.01%
    VRPBTW: top1=0.423 mean_cost=19.0452 (sbs=19.6697) vs_sbs=-3.17%
    VRPLTW: top1=0.430 mean_cost=17.6432 (sbs=18.5091) vs_sbs=-4.68%
    OVRPBL: top1=0.563 mean_cost=6.3063 (sbs=6.3103) vs_sbs=-0.06%
   OVRPBTW: top1=0.485 mean_cost=10.5040 (sbs=10.5068) vs_sbs=-0.03%
   OVRPLTW: top1=0.490 mean_cost=10.1326 (sbs=10.1272) vs_sbs=+0.05%
   VRPBLTW: top1=0.442 mean_cost=18.9488 (sbs=19.5198) vs_sbs=-2.93%
  OVRPBLTW: top1=0.500 mean_cost=10.5342 (sbs=10.5412) vs_sbs=-0.07%
[epoch done 45] updates=12150 skipped_attempts_total=4 grad=0.6099 elapsed=18.6m
ep046 step012200 loss=0.43885 ce=1.07180 performance=0.18205 lr=3.1e-05 samples/s=8581 peak_GiB=18.68 time=18.7m
ep046 step012250 loss=0.44630 ce=1.09146 performance=0.18368 lr=3.1e-05 samples/s=7869 peak_GiB=18.68 time=18.7m
ep046 step012300 loss=0.44074 ce=1.07861 performance=0.18065 lr=3.1e-05 samples/s=8091 peak_GiB=18.68 time=18.8m
ep046 step012350 loss=0.43954 ce=1.07345 performance=0.18239 lr=3.1e-05 samples/s=8209 peak_GiB=18.68 time=18.9m
ep046 step012400 loss=0.44069 ce=1.07701 performance=0.18210 lr=3.1e-05 samples/s=8139 peak_GiB=18.68 time=18.9m
[eval epoch 46 performance] macro_top1=0.4661 top2=0.8034 top3=0.9128 vs_sbs=-1.029% vbs_closed=+27.37%
          classification_top1=0.4835 performance_top1=0.4661 classification_CE=1.09057 performance_MSE=0.21536
       TSP: top1=0.338 mean_cost=7.9155 (sbs=7.9578) vs_sbs=-0.53%
      CVRP: top1=0.451 mean_cost=18.2154 (sbs=18.2943) vs_sbs=-0.43%
      ATSP: top1=0.771 mean_cost=1.6353 (sbs=1.6735) vs_sbs=-2.28%
      OVRP: top1=0.312 mean_cost=7.4622 (sbs=7.4617) vs_sbs=+0.01%
      VRPB: top1=0.527 mean_cost=9.3386 (sbs=9.3403) vs_sbs=-0.02%
      VRPL: top1=0.290 mean_cost=12.4061 (sbs=12.4072) vs_sbs=-0.01%
     VRPTW: top1=0.456 mean_cost=17.8857 (sbs=18.6571) vs_sbs=-4.13%
    OVRPTW: top1=0.488 mean_cost=10.0432 (sbs=10.0484) vs_sbs=-0.05%
     OVRPB: top1=0.576 mean_cost=6.3163 (sbs=6.3220) vs_sbs=-0.09%
     OVRPL: top1=0.311 mean_cost=7.4431 (sbs=7.4376) vs_sbs=+0.07%
     VRPBL: top1=0.521 mean_cost=9.3613 (sbs=9.3593) vs_sbs=+0.02%
    VRPBTW: top1=0.431 mean_cost=19.0321 (sbs=19.6697) vs_sbs=-3.24%
    VRPLTW: top1=0.443 mean_cost=17.6427 (sbs=18.5091) vs_sbs=-4.68%
    OVRPBL: top1=0.552 mean_cost=6.3064 (sbs=6.3103) vs_sbs=-0.06%
   OVRPBTW: top1=0.480 mean_cost=10.4999 (sbs=10.5068) vs_sbs=-0.07%
   OVRPLTW: top1=0.497 mean_cost=10.1285 (sbs=10.1272) vs_sbs=+0.01%
   VRPBLTW: top1=0.442 mean_cost=18.9425 (sbs=19.5198) vs_sbs=-2.96%
  OVRPBLTW: top1=0.503 mean_cost=10.5323 (sbs=10.5412) vs_sbs=-0.08%
[save] best.pt epoch=46 val_vs_sbs=-1.02916%
[epoch done 46] updates=12420 skipped_attempts_total=4 grad=0.5240 elapsed=19.0m
ep047 step012450 loss=0.42199 ce=1.02788 performance=0.17781 lr=2.72e-05 samples/s=10081 peak_GiB=18.68 time=19.0m
ep047 step012500 loss=0.43651 ce=1.06511 performance=0.18205 lr=2.72e-05 samples/s=8111 peak_GiB=18.68 time=19.1m
ep047 step012550 loss=0.44377 ce=1.08031 performance=0.18760 lr=2.72e-05 samples/s=8017 peak_GiB=18.68 time=19.2m
ep047 step012600 loss=0.44105 ce=1.07592 performance=0.18423 lr=2.72e-05 samples/s=8164 peak_GiB=18.68 time=19.2m
ep047 step012650 loss=0.44126 ce=1.07751 performance=0.18324 lr=2.72e-05 samples/s=8098 peak_GiB=18.68 time=19.3m
[eval epoch 47 performance] macro_top1=0.4671 top2=0.8040 top3=0.9148 vs_sbs=-1.032% vbs_closed=+27.97%
          classification_top1=0.4854 performance_top1=0.4671 classification_CE=1.09185 performance_MSE=0.20850
       TSP: top1=0.345 mean_cost=7.9138 (sbs=7.9578) vs_sbs=-0.55%
      CVRP: top1=0.446 mean_cost=18.2123 (sbs=18.2943) vs_sbs=-0.45%
      ATSP: top1=0.769 mean_cost=1.6356 (sbs=1.6735) vs_sbs=-2.27%
      OVRP: top1=0.311 mean_cost=7.4619 (sbs=7.4617) vs_sbs=+0.00%
      VRPB: top1=0.510 mean_cost=9.3394 (sbs=9.3403) vs_sbs=-0.01%
      VRPL: top1=0.283 mean_cost=12.4058 (sbs=12.4072) vs_sbs=-0.01%
     VRPTW: top1=0.451 mean_cost=17.8853 (sbs=18.6571) vs_sbs=-4.14%
    OVRPTW: top1=0.488 mean_cost=10.0439 (sbs=10.0484) vs_sbs=-0.04%
     OVRPB: top1=0.584 mean_cost=6.3163 (sbs=6.3220) vs_sbs=-0.09%
     OVRPL: top1=0.338 mean_cost=7.4378 (sbs=7.4376) vs_sbs=+0.00%
     VRPBL: top1=0.523 mean_cost=9.3593 (sbs=9.3593) vs_sbs=+0.00%
    VRPBTW: top1=0.433 mean_cost=19.0382 (sbs=19.6697) vs_sbs=-3.21%
    VRPLTW: top1=0.445 mean_cost=17.6381 (sbs=18.5091) vs_sbs=-4.71%
    OVRPBL: top1=0.557 mean_cost=6.3066 (sbs=6.3103) vs_sbs=-0.06%
   OVRPBTW: top1=0.483 mean_cost=10.5011 (sbs=10.5068) vs_sbs=-0.05%
   OVRPLTW: top1=0.497 mean_cost=10.1289 (sbs=10.1272) vs_sbs=+0.02%
   VRPBLTW: top1=0.441 mean_cost=18.9469 (sbs=19.5198) vs_sbs=-2.93%
  OVRPBLTW: top1=0.504 mean_cost=10.5332 (sbs=10.5412) vs_sbs=-0.08%
[save] best.pt epoch=47 val_vs_sbs=-1.03205%
[epoch done 47] updates=12690 skipped_attempts_total=4 grad=0.5015 elapsed=19.4m
ep048 step012700 loss=0.40282 ce=1.00505 performance=0.14587 lr=2.36e-05 samples/s=8530 peak_GiB=18.68 time=19.4m
ep048 step012750 loss=0.43660 ce=1.07024 performance=0.17720 lr=2.36e-05 samples/s=8575 peak_GiB=18.68 time=19.4m
ep048 step012800 loss=0.43578 ce=1.07026 performance=0.17482 lr=2.36e-05 samples/s=8242 peak_GiB=18.68 time=19.5m
ep048 step012850 loss=0.43775 ce=1.07312 performance=0.17759 lr=2.36e-05 samples/s=8123 peak_GiB=18.68 time=19.6m
ep048 step012900 loss=0.43745 ce=1.07091 performance=0.17896 lr=2.36e-05 samples/s=8229 peak_GiB=18.68 time=19.6m
ep048 step012950 loss=0.43860 ce=1.07358 performance=0.17958 lr=2.36e-05 samples/s=8157 peak_GiB=18.68 time=19.7m
[eval epoch 48 performance] macro_top1=0.4679 top2=0.8044 top3=0.9161 vs_sbs=-1.031% vbs_closed=+27.71%
          classification_top1=0.4862 performance_top1=0.4679 classification_CE=1.09196 performance_MSE=0.21123
       TSP: top1=0.351 mean_cost=7.9153 (sbs=7.9578) vs_sbs=-0.53%
      CVRP: top1=0.449 mean_cost=18.2151 (sbs=18.2943) vs_sbs=-0.43%
      ATSP: top1=0.771 mean_cost=1.6353 (sbs=1.6735) vs_sbs=-2.28%
      OVRP: top1=0.319 mean_cost=7.4608 (sbs=7.4617) vs_sbs=-0.01%
      VRPB: top1=0.523 mean_cost=9.3390 (sbs=9.3403) vs_sbs=-0.01%
      VRPL: top1=0.295 mean_cost=12.4049 (sbs=12.4072) vs_sbs=-0.02%
     VRPTW: top1=0.452 mean_cost=17.8833 (sbs=18.6571) vs_sbs=-4.15%
    OVRPTW: top1=0.488 mean_cost=10.0465 (sbs=10.0484) vs_sbs=-0.02%
     OVRPB: top1=0.578 mean_cost=6.3168 (sbs=6.3220) vs_sbs=-0.08%
     OVRPL: top1=0.334 mean_cost=7.4374 (sbs=7.4376) vs_sbs=-0.00%
     VRPBL: top1=0.520 mean_cost=9.3612 (sbs=9.3593) vs_sbs=+0.02%
    VRPBTW: top1=0.423 mean_cost=19.0321 (sbs=19.6697) vs_sbs=-3.24%
    VRPLTW: top1=0.432 mean_cost=17.6433 (sbs=18.5091) vs_sbs=-4.68%
    OVRPBL: top1=0.556 mean_cost=6.3068 (sbs=6.3103) vs_sbs=-0.06%
   OVRPBTW: top1=0.484 mean_cost=10.5008 (sbs=10.5068) vs_sbs=-0.06%
   OVRPLTW: top1=0.505 mean_cost=10.1286 (sbs=10.1272) vs_sbs=+0.01%
   VRPBLTW: top1=0.444 mean_cost=18.9412 (sbs=19.5198) vs_sbs=-2.96%
  OVRPBLTW: top1=0.499 mean_cost=10.5353 (sbs=10.5412) vs_sbs=-0.06%
[epoch done 48] updates=12960 skipped_attempts_total=4 grad=0.4979 elapsed=19.7m
ep049 step013000 loss=0.43953 ce=1.07631 performance=0.17949 lr=2.03e-05 samples/s=8570 peak_GiB=18.68 time=19.8m
ep049 step013050 loss=0.43843 ce=1.07160 performance=0.18107 lr=2.03e-05 samples/s=8168 peak_GiB=18.68 time=19.9m
ep049 step013100 loss=0.43925 ce=1.07442 performance=0.18057 lr=2.03e-05 samples/s=8060 peak_GiB=18.68 time=19.9m
ep049 step013150 loss=0.44192 ce=1.08033 performance=0.18230 lr=2.03e-05 samples/s=8010 peak_GiB=18.68 time=20.0m
ep049 step013200 loss=0.44051 ce=1.07897 performance=0.17962 lr=2.03e-05 samples/s=7977 peak_GiB=18.68 time=20.1m
[eval epoch 49 performance] macro_top1=0.4668 top2=0.8052 top3=0.9163 vs_sbs=-1.029% vbs_closed=+27.82%
          classification_top1=0.4859 performance_top1=0.4668 classification_CE=1.09030 performance_MSE=0.21098
       TSP: top1=0.341 mean_cost=7.9152 (sbs=7.9578) vs_sbs=-0.54%
      CVRP: top1=0.452 mean_cost=18.2115 (sbs=18.2943) vs_sbs=-0.45%
      ATSP: top1=0.749 mean_cost=1.6364 (sbs=1.6735) vs_sbs=-2.22%
      OVRP: top1=0.306 mean_cost=7.4627 (sbs=7.4617) vs_sbs=+0.01%
      VRPB: top1=0.530 mean_cost=9.3381 (sbs=9.3403) vs_sbs=-0.02%
      VRPL: top1=0.299 mean_cost=12.4044 (sbs=12.4072) vs_sbs=-0.02%
     VRPTW: top1=0.443 mean_cost=17.8880 (sbs=18.6571) vs_sbs=-4.12%
    OVRPTW: top1=0.498 mean_cost=10.0414 (sbs=10.0484) vs_sbs=-0.07%
     OVRPB: top1=0.583 mean_cost=6.3161 (sbs=6.3220) vs_sbs=-0.09%
     OVRPL: top1=0.337 mean_cost=7.4377 (sbs=7.4376) vs_sbs=+0.00%
     VRPBL: top1=0.515 mean_cost=9.3611 (sbs=9.3593) vs_sbs=+0.02%
    VRPBTW: top1=0.424 mean_cost=19.0384 (sbs=19.6697) vs_sbs=-3.21%
    VRPLTW: top1=0.458 mean_cost=17.6276 (sbs=18.5091) vs_sbs=-4.76%
    OVRPBL: top1=0.554 mean_cost=6.3061 (sbs=6.3103) vs_sbs=-0.07%
   OVRPBTW: top1=0.491 mean_cost=10.5017 (sbs=10.5068) vs_sbs=-0.05%
   OVRPLTW: top1=0.494 mean_cost=10.1302 (sbs=10.1272) vs_sbs=+0.03%
   VRPBLTW: top1=0.439 mean_cost=18.9489 (sbs=19.5198) vs_sbs=-2.92%
  OVRPBLTW: top1=0.489 mean_cost=10.5365 (sbs=10.5412) vs_sbs=-0.04%
[epoch done 49] updates=13230 skipped_attempts_total=4 grad=0.4705 elapsed=20.1m
ep050 step013250 loss=0.42089 ce=1.03438 performance=0.16815 lr=1.72e-05 samples/s=8557 peak_GiB=18.68 time=20.1m
ep050 step013300 loss=0.43718 ce=1.07468 performance=0.17442 lr=1.72e-05 samples/s=8054 peak_GiB=18.68 time=20.2m
ep050 step013350 loss=0.43501 ce=1.06953 performance=0.17337 lr=1.72e-05 samples/s=8268 peak_GiB=18.68 time=20.3m
[AMP retry] attempt=1 scale=131072->65536
ep050 step013400 loss=0.43594 ce=1.07023 performance=0.17531 lr=1.72e-05 samples/s=8123 peak_GiB=18.68 time=20.3m
ep050 step013450 loss=0.43704 ce=1.07095 performance=0.17773 lr=1.72e-05 samples/s=8065 peak_GiB=18.68 time=20.4m
ep050 step013500 loss=0.43717 ce=1.07069 performance=0.17837 lr=1.72e-05 samples/s=8031 peak_GiB=18.68 time=20.5m
[eval epoch 50 performance] macro_top1=0.4659 top2=0.8034 top3=0.9147 vs_sbs=-1.027% vbs_closed=+27.38%
          classification_top1=0.4858 performance_top1=0.4659 classification_CE=1.08988 performance_MSE=0.20969
       TSP: top1=0.342 mean_cost=7.9146 (sbs=7.9578) vs_sbs=-0.54%
      CVRP: top1=0.445 mean_cost=18.2137 (sbs=18.2943) vs_sbs=-0.44%
      ATSP: top1=0.779 mean_cost=1.6351 (sbs=1.6735) vs_sbs=-2.30%
      OVRP: top1=0.308 mean_cost=7.4624 (sbs=7.4617) vs_sbs=+0.01%
      VRPB: top1=0.523 mean_cost=9.3399 (sbs=9.3403) vs_sbs=-0.00%
      VRPL: top1=0.294 mean_cost=12.4046 (sbs=12.4072) vs_sbs=-0.02%
     VRPTW: top1=0.449 mean_cost=17.8911 (sbs=18.6571) vs_sbs=-4.11%
    OVRPTW: top1=0.489 mean_cost=10.0443 (sbs=10.0484) vs_sbs=-0.04%
     OVRPB: top1=0.585 mean_cost=6.3161 (sbs=6.3220) vs_sbs=-0.09%
     OVRPL: top1=0.329 mean_cost=7.4406 (sbs=7.4376) vs_sbs=+0.04%
     VRPBL: top1=0.518 mean_cost=9.3608 (sbs=9.3593) vs_sbs=+0.02%
    VRPBTW: top1=0.423 mean_cost=19.0329 (sbs=19.6697) vs_sbs=-3.24%
    VRPLTW: top1=0.434 mean_cost=17.6383 (sbs=18.5091) vs_sbs=-4.71%
    OVRPBL: top1=0.558 mean_cost=6.3074 (sbs=6.3103) vs_sbs=-0.05%
   OVRPBTW: top1=0.485 mean_cost=10.5013 (sbs=10.5068) vs_sbs=-0.05%
   OVRPLTW: top1=0.496 mean_cost=10.1288 (sbs=10.1272) vs_sbs=+0.02%
   VRPBLTW: top1=0.435 mean_cost=18.9465 (sbs=19.5198) vs_sbs=-2.94%
  OVRPBLTW: top1=0.495 mean_cost=10.5362 (sbs=10.5412) vs_sbs=-0.05%
[epoch done 50] updates=13500 skipped_attempts_total=5 grad=0.4776 elapsed=20.7m
ep051 step013550 loss=0.43713 ce=1.06801 performance=0.18092 lr=1.44e-05 samples/s=8582 peak_GiB=18.68 time=20.7m
ep051 step013600 loss=0.43751 ce=1.07220 performance=0.17785 lr=1.44e-05 samples/s=8214 peak_GiB=18.68 time=20.8m
ep051 step013650 loss=0.43681 ce=1.07158 performance=0.17644 lr=1.44e-05 samples/s=8098 peak_GiB=18.68 time=20.9m
ep051 step013700 loss=0.43728 ce=1.07140 performance=0.17797 lr=1.44e-05 samples/s=8213 peak_GiB=18.68 time=20.9m
ep051 step013750 loss=0.43657 ce=1.07004 performance=0.17730 lr=1.44e-05 samples/s=8285 peak_GiB=18.68 time=21.0m
[eval epoch 51 performance] macro_top1=0.4667 top2=0.8047 top3=0.9172 vs_sbs=-1.028% vbs_closed=+27.82%
          classification_top1=0.4861 performance_top1=0.4667 classification_CE=1.09041 performance_MSE=0.20913
       TSP: top1=0.350 mean_cost=7.9149 (sbs=7.9578) vs_sbs=-0.54%
      CVRP: top1=0.454 mean_cost=18.2122 (sbs=18.2943) vs_sbs=-0.45%
      ATSP: top1=0.772 mean_cost=1.6354 (sbs=1.6735) vs_sbs=-2.28%
      OVRP: top1=0.312 mean_cost=7.4609 (sbs=7.4617) vs_sbs=-0.01%
      VRPB: top1=0.510 mean_cost=9.3395 (sbs=9.3403) vs_sbs=-0.01%
      VRPL: top1=0.290 mean_cost=12.4039 (sbs=12.4072) vs_sbs=-0.03%
     VRPTW: top1=0.450 mean_cost=17.8881 (sbs=18.6571) vs_sbs=-4.12%
    OVRPTW: top1=0.494 mean_cost=10.0431 (sbs=10.0484) vs_sbs=-0.05%
     OVRPB: top1=0.581 mean_cost=6.3172 (sbs=6.3220) vs_sbs=-0.08%
     OVRPL: top1=0.337 mean_cost=7.4382 (sbs=7.4376) vs_sbs=+0.01%
     VRPBL: top1=0.517 mean_cost=9.3609 (sbs=9.3593) vs_sbs=+0.02%
    VRPBTW: top1=0.421 mean_cost=19.0415 (sbs=19.6697) vs_sbs=-3.19%
    VRPLTW: top1=0.441 mean_cost=17.6372 (sbs=18.5091) vs_sbs=-4.71%
    OVRPBL: top1=0.555 mean_cost=6.3068 (sbs=6.3103) vs_sbs=-0.05%
   OVRPBTW: top1=0.487 mean_cost=10.5010 (sbs=10.5068) vs_sbs=-0.05%
   OVRPLTW: top1=0.499 mean_cost=10.1297 (sbs=10.1272) vs_sbs=+0.02%
   VRPBLTW: top1=0.434 mean_cost=18.9518 (sbs=19.5198) vs_sbs=-2.91%
  OVRPBLTW: top1=0.496 mean_cost=10.5344 (sbs=10.5412) vs_sbs=-0.06%
[epoch done 51] updates=13770 skipped_attempts_total=5 grad=0.4411 elapsed=21.1m
ep052 step013800 loss=0.43389 ce=1.04438 performance=0.19531 lr=1.18e-05 samples/s=8572 peak_GiB=18.68 time=21.1m
ep052 step013850 loss=0.44037 ce=1.07189 performance=0.18630 lr=1.18e-05 samples/s=8584 peak_GiB=18.68 time=21.2m
ep052 step013900 loss=0.43855 ce=1.06930 performance=0.18369 lr=1.18e-05 samples/s=8030 peak_GiB=18.68 time=21.2m
ep052 step013950 loss=0.43682 ce=1.07032 performance=0.17773 lr=1.18e-05 samples/s=8177 peak_GiB=18.68 time=21.3m
ep052 step014000 loss=0.43623 ce=1.06875 performance=0.17761 lr=1.18e-05 samples/s=8265 peak_GiB=18.68 time=21.4m
[eval epoch 52 performance] macro_top1=0.4665 top2=0.8044 top3=0.9158 vs_sbs=-1.031% vbs_closed=+27.91%
          classification_top1=0.4866 performance_top1=0.4665 classification_CE=1.08963 performance_MSE=0.20850
       TSP: top1=0.346 mean_cost=7.9145 (sbs=7.9578) vs_sbs=-0.54%
      CVRP: top1=0.448 mean_cost=18.2115 (sbs=18.2943) vs_sbs=-0.45%
      ATSP: top1=0.768 mean_cost=1.6354 (sbs=1.6735) vs_sbs=-2.28%
      OVRP: top1=0.308 mean_cost=7.4615 (sbs=7.4617) vs_sbs=-0.00%
      VRPB: top1=0.528 mean_cost=9.3387 (sbs=9.3403) vs_sbs=-0.02%
      VRPL: top1=0.295 mean_cost=12.4037 (sbs=12.4072) vs_sbs=-0.03%
     VRPTW: top1=0.458 mean_cost=17.8890 (sbs=18.6571) vs_sbs=-4.12%
    OVRPTW: top1=0.494 mean_cost=10.0434 (sbs=10.0484) vs_sbs=-0.05%
     OVRPB: top1=0.578 mean_cost=6.3172 (sbs=6.3220) vs_sbs=-0.08%
     OVRPL: top1=0.326 mean_cost=7.4378 (sbs=7.4376) vs_sbs=+0.00%
     VRPBL: top1=0.524 mean_cost=9.3605 (sbs=9.3593) vs_sbs=+0.01%
    VRPBTW: top1=0.421 mean_cost=19.0341 (sbs=19.6697) vs_sbs=-3.23%
    VRPLTW: top1=0.446 mean_cost=17.6328 (sbs=18.5091) vs_sbs=-4.73%
    OVRPBL: top1=0.552 mean_cost=6.3070 (sbs=6.3103) vs_sbs=-0.05%
   OVRPBTW: top1=0.487 mean_cost=10.5018 (sbs=10.5068) vs_sbs=-0.05%
   OVRPLTW: top1=0.490 mean_cost=10.1297 (sbs=10.1272) vs_sbs=+0.02%
   VRPBLTW: top1=0.435 mean_cost=18.9529 (sbs=19.5198) vs_sbs=-2.90%
  OVRPBLTW: top1=0.493 mean_cost=10.5353 (sbs=10.5412) vs_sbs=-0.06%
[epoch done 52] updates=14040 skipped_attempts_total=5 grad=0.4080 elapsed=21.4m
ep053 step014050 loss=0.43401 ce=1.04131 performance=0.19873 lr=9.54e-06 samples/s=5875 peak_GiB=18.68 time=21.5m
ep053 step014100 loss=0.43403 ce=1.06380 performance=0.17629 lr=9.54e-06 samples/s=8575 peak_GiB=18.68 time=21.5m
ep053 step014150 loss=0.43527 ce=1.06555 performance=0.17807 lr=9.54e-06 samples/s=8246 peak_GiB=18.68 time=21.6m
ep053 step014200 loss=0.43688 ce=1.07181 performance=0.17642 lr=9.54e-06 samples/s=8132 peak_GiB=18.68 time=21.6m
ep053 step014250 loss=0.43603 ce=1.07097 performance=0.17482 lr=9.54e-06 samples/s=8413 peak_GiB=18.68 time=21.7m
ep053 step014300 loss=0.43535 ce=1.06745 performance=0.17642 lr=9.54e-06 samples/s=8165 peak_GiB=18.68 time=21.8m
[eval epoch 53 performance] macro_top1=0.4666 top2=0.8049 top3=0.9161 vs_sbs=-1.029% vbs_closed=+27.75%
          classification_top1=0.4870 performance_top1=0.4666 classification_CE=1.09025 performance_MSE=0.21192
       TSP: top1=0.344 mean_cost=7.9152 (sbs=7.9578) vs_sbs=-0.53%
      CVRP: top1=0.448 mean_cost=18.2111 (sbs=18.2943) vs_sbs=-0.46%
      ATSP: top1=0.772 mean_cost=1.6354 (sbs=1.6735) vs_sbs=-2.28%
      OVRP: top1=0.312 mean_cost=7.4618 (sbs=7.4617) vs_sbs=+0.00%
      VRPB: top1=0.524 mean_cost=9.3387 (sbs=9.3403) vs_sbs=-0.02%
      VRPL: top1=0.294 mean_cost=12.4045 (sbs=12.4072) vs_sbs=-0.02%
     VRPTW: top1=0.449 mean_cost=17.8882 (sbs=18.6571) vs_sbs=-4.12%
    OVRPTW: top1=0.493 mean_cost=10.0429 (sbs=10.0484) vs_sbs=-0.05%
     OVRPB: top1=0.587 mean_cost=6.3162 (sbs=6.3220) vs_sbs=-0.09%
     OVRPL: top1=0.335 mean_cost=7.4383 (sbs=7.4376) vs_sbs=+0.01%
     VRPBL: top1=0.521 mean_cost=9.3610 (sbs=9.3593) vs_sbs=+0.02%
    VRPBTW: top1=0.422 mean_cost=19.0384 (sbs=19.6697) vs_sbs=-3.21%
    VRPLTW: top1=0.443 mean_cost=17.6345 (sbs=18.5091) vs_sbs=-4.73%
    OVRPBL: top1=0.555 mean_cost=6.3067 (sbs=6.3103) vs_sbs=-0.06%
   OVRPBTW: top1=0.482 mean_cost=10.5022 (sbs=10.5068) vs_sbs=-0.04%
   OVRPLTW: top1=0.488 mean_cost=10.1303 (sbs=10.1272) vs_sbs=+0.03%
   VRPBLTW: top1=0.436 mean_cost=18.9490 (sbs=19.5198) vs_sbs=-2.92%
  OVRPBLTW: top1=0.494 mean_cost=10.5357 (sbs=10.5412) vs_sbs=-0.05%
[epoch done 53] updates=14310 skipped_attempts_total=5 grad=0.3988 elapsed=21.8m
ep054 step014350 loss=0.43057 ce=1.05118 performance=0.17903 lr=7.56e-06 samples/s=8591 peak_GiB=18.68 time=21.9m
ep054 step014400 loss=0.43415 ce=1.06433 performance=0.17610 lr=7.56e-06 samples/s=8181 peak_GiB=18.68 time=21.9m
ep054 step014450 loss=0.43508 ce=1.06729 performance=0.17579 lr=7.56e-06 samples/s=8323 peak_GiB=18.68 time=22.0m
ep054 step014500 loss=0.43303 ce=1.06234 performance=0.17489 lr=7.56e-06 samples/s=8391 peak_GiB=18.68 time=22.1m
ep054 step014550 loss=0.43556 ce=1.06877 performance=0.17569 lr=7.56e-06 samples/s=8133 peak_GiB=18.68 time=22.1m
[eval epoch 54 performance] macro_top1=0.4654 top2=0.8034 top3=0.9158 vs_sbs=-1.023% vbs_closed=+27.45%
          classification_top1=0.4873 performance_top1=0.4654 classification_CE=1.08961 performance_MSE=0.21004
       TSP: top1=0.346 mean_cost=7.9153 (sbs=7.9578) vs_sbs=-0.53%
      CVRP: top1=0.449 mean_cost=18.2107 (sbs=18.2943) vs_sbs=-0.46%
      ATSP: top1=0.775 mean_cost=1.6353 (sbs=1.6735) vs_sbs=-2.28%
      OVRP: top1=0.307 mean_cost=7.4620 (sbs=7.4617) vs_sbs=+0.00%
      VRPB: top1=0.529 mean_cost=9.3388 (sbs=9.3403) vs_sbs=-0.02%
      VRPL: top1=0.297 mean_cost=12.4038 (sbs=12.4072) vs_sbs=-0.03%
     VRPTW: top1=0.447 mean_cost=17.8882 (sbs=18.6571) vs_sbs=-4.12%
    OVRPTW: top1=0.494 mean_cost=10.0431 (sbs=10.0484) vs_sbs=-0.05%
     OVRPB: top1=0.577 mean_cost=6.3169 (sbs=6.3220) vs_sbs=-0.08%
     OVRPL: top1=0.331 mean_cost=7.4391 (sbs=7.4376) vs_sbs=+0.02%
     VRPBL: top1=0.521 mean_cost=9.3611 (sbs=9.3593) vs_sbs=+0.02%
    VRPBTW: top1=0.416 mean_cost=19.0471 (sbs=19.6697) vs_sbs=-3.17%
    VRPLTW: top1=0.436 mean_cost=17.6413 (sbs=18.5091) vs_sbs=-4.69%
    OVRPBL: top1=0.553 mean_cost=6.3074 (sbs=6.3103) vs_sbs=-0.05%
   OVRPBTW: top1=0.485 mean_cost=10.5027 (sbs=10.5068) vs_sbs=-0.04%
   OVRPLTW: top1=0.491 mean_cost=10.1309 (sbs=10.1272) vs_sbs=+0.04%
   VRPBLTW: top1=0.434 mean_cost=18.9466 (sbs=19.5198) vs_sbs=-2.94%
  OVRPBLTW: top1=0.490 mean_cost=10.5359 (sbs=10.5412) vs_sbs=-0.05%
[epoch done 54] updates=14580 skipped_attempts_total=5 grad=0.3716 elapsed=22.2m
ep055 step014600 loss=0.43583 ce=1.07557 performance=0.16965 lr=5.87e-06 samples/s=8567 peak_GiB=18.68 time=22.2m
ep055 step014650 loss=0.43454 ce=1.07177 performance=0.16977 lr=5.87e-06 samples/s=8052 peak_GiB=18.68 time=22.3m
ep055 step014700 loss=0.43292 ce=1.06136 performance=0.17556 lr=5.87e-06 samples/s=7975 peak_GiB=18.68 time=22.4m
ep055 step014750 loss=0.43247 ce=1.06225 performance=0.17339 lr=5.87e-06 samples/s=8146 peak_GiB=18.68 time=22.4m
ep055 step014800 loss=0.43591 ce=1.06906 performance=0.17640 lr=5.87e-06 samples/s=8245 peak_GiB=18.68 time=22.5m
ep055 step014850 loss=0.43512 ce=1.06814 performance=0.17505 lr=5.87e-06 samples/s=8172 peak_GiB=18.68 time=22.5m
[eval epoch 55 performance] macro_top1=0.4657 top2=0.8030 top3=0.9158 vs_sbs=-1.026% vbs_closed=+27.59%
          classification_top1=0.4861 performance_top1=0.4657 classification_CE=1.09002 performance_MSE=0.20882
       TSP: top1=0.345 mean_cost=7.9160 (sbs=7.9578) vs_sbs=-0.53%
      CVRP: top1=0.450 mean_cost=18.2092 (sbs=18.2943) vs_sbs=-0.47%
      ATSP: top1=0.773 mean_cost=1.6355 (sbs=1.6735) vs_sbs=-2.27%
      OVRP: top1=0.308 mean_cost=7.4627 (sbs=7.4617) vs_sbs=+0.01%
      VRPB: top1=0.527 mean_cost=9.3382 (sbs=9.3403) vs_sbs=-0.02%
      VRPL: top1=0.296 mean_cost=12.4039 (sbs=12.4072) vs_sbs=-0.03%
     VRPTW: top1=0.453 mean_cost=17.8867 (sbs=18.6571) vs_sbs=-4.13%
    OVRPTW: top1=0.496 mean_cost=10.0427 (sbs=10.0484) vs_sbs=-0.06%
     OVRPB: top1=0.582 mean_cost=6.3166 (sbs=6.3220) vs_sbs=-0.08%
     OVRPL: top1=0.329 mean_cost=7.4387 (sbs=7.4376) vs_sbs=+0.01%
     VRPBL: top1=0.522 mean_cost=9.3616 (sbs=9.3593) vs_sbs=+0.02%
    VRPBTW: top1=0.420 mean_cost=19.0417 (sbs=19.6697) vs_sbs=-3.19%
    VRPLTW: top1=0.436 mean_cost=17.6395 (sbs=18.5091) vs_sbs=-4.70%
    OVRPBL: top1=0.551 mean_cost=6.3070 (sbs=6.3103) vs_sbs=-0.05%
   OVRPBTW: top1=0.483 mean_cost=10.5014 (sbs=10.5068) vs_sbs=-0.05%
   OVRPLTW: top1=0.490 mean_cost=10.1305 (sbs=10.1272) vs_sbs=+0.03%
   VRPBLTW: top1=0.436 mean_cost=18.9479 (sbs=19.5198) vs_sbs=-2.93%
  OVRPBLTW: top1=0.486 mean_cost=10.5364 (sbs=10.5412) vs_sbs=-0.05%
[epoch done 55] updates=14850 skipped_attempts_total=5 grad=0.3684 elapsed=22.7m
ep056 step014900 loss=0.43383 ce=1.07059 performance=0.16893 lr=4.48e-06 samples/s=7870 peak_GiB=18.68 time=22.8m
ep056 step014950 loss=0.43506 ce=1.06956 performance=0.17346 lr=4.48e-06 samples/s=8215 peak_GiB=18.68 time=22.9m
ep056 step015000 loss=0.43459 ce=1.06932 performance=0.17238 lr=4.48e-06 samples/s=8097 peak_GiB=18.68 time=22.9m
ep056 step015050 loss=0.43290 ce=1.06480 performance=0.17205 lr=4.48e-06 samples/s=8217 peak_GiB=18.68 time=23.0m
ep056 step015100 loss=0.43468 ce=1.06876 performance=0.17320 lr=4.48e-06 samples/s=8148 peak_GiB=18.68 time=23.1m
[eval epoch 56 performance] macro_top1=0.4658 top2=0.8037 top3=0.9161 vs_sbs=-1.025% vbs_closed=+27.56%
          classification_top1=0.4869 performance_top1=0.4658 classification_CE=1.08948 performance_MSE=0.20909
       TSP: top1=0.345 mean_cost=7.9152 (sbs=7.9578) vs_sbs=-0.53%
      CVRP: top1=0.451 mean_cost=18.2099 (sbs=18.2943) vs_sbs=-0.46%
      ATSP: top1=0.775 mean_cost=1.6353 (sbs=1.6735) vs_sbs=-2.29%
      OVRP: top1=0.306 mean_cost=7.4622 (sbs=7.4617) vs_sbs=+0.01%
      VRPB: top1=0.525 mean_cost=9.3382 (sbs=9.3403) vs_sbs=-0.02%
      VRPL: top1=0.298 mean_cost=12.4039 (sbs=12.4072) vs_sbs=-0.03%
     VRPTW: top1=0.454 mean_cost=17.8882 (sbs=18.6571) vs_sbs=-4.12%
    OVRPTW: top1=0.496 mean_cost=10.0428 (sbs=10.0484) vs_sbs=-0.06%
     OVRPB: top1=0.579 mean_cost=6.3175 (sbs=6.3220) vs_sbs=-0.07%
     OVRPL: top1=0.334 mean_cost=7.4385 (sbs=7.4376) vs_sbs=+0.01%
     VRPBL: top1=0.520 mean_cost=9.3618 (sbs=9.3593) vs_sbs=+0.03%
    VRPBTW: top1=0.420 mean_cost=19.0392 (sbs=19.6697) vs_sbs=-3.21%
    VRPLTW: top1=0.434 mean_cost=17.6421 (sbs=18.5091) vs_sbs=-4.68%
    OVRPBL: top1=0.554 mean_cost=6.3070 (sbs=6.3103) vs_sbs=-0.05%
   OVRPBTW: top1=0.479 mean_cost=10.5038 (sbs=10.5068) vs_sbs=-0.03%
   OVRPLTW: top1=0.488 mean_cost=10.1300 (sbs=10.1272) vs_sbs=+0.03%
   VRPBLTW: top1=0.435 mean_cost=18.9496 (sbs=19.5198) vs_sbs=-2.92%
  OVRPBLTW: top1=0.491 mean_cost=10.5352 (sbs=10.5412) vs_sbs=-0.06%
[epoch done 56] updates=15120 skipped_attempts_total=5 grad=0.3760 elapsed=23.1m
ep057 step015150 loss=0.44054 ce=1.07731 performance=0.18137 lr=3.4e-06 samples/s=8600 peak_GiB=18.68 time=23.2m
ep057 step015200 loss=0.43592 ce=1.06690 performance=0.17858 lr=3.4e-06 samples/s=8128 peak_GiB=18.68 time=23.2m
ep057 step015250 loss=0.43609 ce=1.06850 performance=0.17745 lr=3.4e-06 samples/s=8299 peak_GiB=18.68 time=23.3m
ep057 step015300 loss=0.43498 ce=1.06761 performance=0.17519 lr=3.4e-06 samples/s=8175 peak_GiB=18.68 time=23.4m
ep057 step015350 loss=0.43590 ce=1.07069 performance=0.17475 lr=3.4e-06 samples/s=8107 peak_GiB=18.68 time=23.4m
[eval epoch 57 performance] macro_top1=0.4660 top2=0.8033 top3=0.9163 vs_sbs=-1.029% vbs_closed=+27.71%
          classification_top1=0.4854 performance_top1=0.4660 classification_CE=1.08981 performance_MSE=0.20971
       TSP: top1=0.344 mean_cost=7.9158 (sbs=7.9578) vs_sbs=-0.53%
      CVRP: top1=0.450 mean_cost=18.2104 (sbs=18.2943) vs_sbs=-0.46%
      ATSP: top1=0.773 mean_cost=1.6353 (sbs=1.6735) vs_sbs=-2.28%
      OVRP: top1=0.307 mean_cost=7.4624 (sbs=7.4617) vs_sbs=+0.01%
      VRPB: top1=0.518 mean_cost=9.3392 (sbs=9.3403) vs_sbs=-0.01%
      VRPL: top1=0.297 mean_cost=12.4039 (sbs=12.4072) vs_sbs=-0.03%
     VRPTW: top1=0.455 mean_cost=17.8831 (sbs=18.6571) vs_sbs=-4.15%
    OVRPTW: top1=0.493 mean_cost=10.0439 (sbs=10.0484) vs_sbs=-0.04%
     OVRPB: top1=0.578 mean_cost=6.3171 (sbs=6.3220) vs_sbs=-0.08%
     OVRPL: top1=0.332 mean_cost=7.4378 (sbs=7.4376) vs_sbs=+0.00%
     VRPBL: top1=0.524 mean_cost=9.3607 (sbs=9.3593) vs_sbs=+0.02%
    VRPBTW: top1=0.421 mean_cost=19.0355 (sbs=19.6697) vs_sbs=-3.22%
    VRPLTW: top1=0.440 mean_cost=17.6404 (sbs=18.5091) vs_sbs=-4.69%
    OVRPBL: top1=0.555 mean_cost=6.3070 (sbs=6.3103) vs_sbs=-0.05%
   OVRPBTW: top1=0.486 mean_cost=10.5000 (sbs=10.5068) vs_sbs=-0.06%
   OVRPLTW: top1=0.492 mean_cost=10.1296 (sbs=10.1272) vs_sbs=+0.02%
   VRPBLTW: top1=0.433 mean_cost=18.9492 (sbs=19.5198) vs_sbs=-2.92%
  OVRPBLTW: top1=0.490 mean_cost=10.5364 (sbs=10.5412) vs_sbs=-0.05%
[epoch done 57] updates=15390 skipped_attempts_total=5 grad=0.3513 elapsed=23.5m
ep058 step015400 loss=0.39995 ce=0.98528 performance=0.15742 lr=2.62e-06 samples/s=8514 peak_GiB=18.68 time=23.5m
ep058 step015450 loss=0.43734 ce=1.06527 performance=0.18429 lr=2.62e-06 samples/s=7977 peak_GiB=18.68 time=23.6m
ep058 step015500 loss=0.43540 ce=1.06602 performance=0.17799 lr=2.62e-06 samples/s=8243 peak_GiB=18.68 time=23.6m
ep058 step015550 loss=0.43426 ce=1.06540 performance=0.17535 lr=2.62e-06 samples/s=8124 peak_GiB=18.68 time=23.7m
ep058 step015600 loss=0.43565 ce=1.06922 performance=0.17549 lr=2.62e-06 samples/s=8062 peak_GiB=18.68 time=23.8m
ep058 step015650 loss=0.43516 ce=1.06798 performance=0.17535 lr=2.62e-06 samples/s=8161 peak_GiB=18.68 time=23.8m
[eval epoch 58 performance] macro_top1=0.4658 top2=0.8039 top3=0.9162 vs_sbs=-1.025% vbs_closed=+27.50%
          classification_top1=0.4867 performance_top1=0.4658 classification_CE=1.08982 performance_MSE=0.21018
       TSP: top1=0.343 mean_cost=7.9162 (sbs=7.9578) vs_sbs=-0.52%
      CVRP: top1=0.449 mean_cost=18.2104 (sbs=18.2943) vs_sbs=-0.46%
      ATSP: top1=0.772 mean_cost=1.6353 (sbs=1.6735) vs_sbs=-2.28%
      OVRP: top1=0.310 mean_cost=7.4623 (sbs=7.4617) vs_sbs=+0.01%
      VRPB: top1=0.527 mean_cost=9.3383 (sbs=9.3403) vs_sbs=-0.02%
      VRPL: top1=0.295 mean_cost=12.4037 (sbs=12.4072) vs_sbs=-0.03%
     VRPTW: top1=0.450 mean_cost=17.8872 (sbs=18.6571) vs_sbs=-4.13%
    OVRPTW: top1=0.494 mean_cost=10.0440 (sbs=10.0484) vs_sbs=-0.04%
     OVRPB: top1=0.581 mean_cost=6.3173 (sbs=6.3220) vs_sbs=-0.07%
     OVRPL: top1=0.334 mean_cost=7.4378 (sbs=7.4376) vs_sbs=+0.00%
     VRPBL: top1=0.519 mean_cost=9.3612 (sbs=9.3593) vs_sbs=+0.02%
    VRPBTW: top1=0.419 mean_cost=19.0434 (sbs=19.6697) vs_sbs=-3.18%
    VRPLTW: top1=0.441 mean_cost=17.6399 (sbs=18.5091) vs_sbs=-4.70%
    OVRPBL: top1=0.555 mean_cost=6.3067 (sbs=6.3103) vs_sbs=-0.06%
   OVRPBTW: top1=0.480 mean_cost=10.5038 (sbs=10.5068) vs_sbs=-0.03%
   OVRPLTW: top1=0.496 mean_cost=10.1304 (sbs=10.1272) vs_sbs=+0.03%
   VRPBLTW: top1=0.434 mean_cost=18.9451 (sbs=19.5198) vs_sbs=-2.94%
  OVRPBLTW: top1=0.486 mean_cost=10.5368 (sbs=10.5412) vs_sbs=-0.04%
[epoch done 58] updates=15660 skipped_attempts_total=5 grad=0.3531 elapsed=23.9m
ep059 step015700 loss=0.43713 ce=1.07700 performance=0.17194 lr=2.16e-06 samples/s=8583 peak_GiB=18.68 time=23.9m
ep059 step015750 loss=0.43464 ce=1.06441 performance=0.17742 lr=2.16e-06 samples/s=8171 peak_GiB=18.68 time=24.0m
ep059 step015800 loss=0.43239 ce=1.06247 performance=0.17293 lr=2.16e-06 samples/s=8314 peak_GiB=18.68 time=24.1m
ep059 step015850 loss=0.43412 ce=1.06508 performance=0.17526 lr=2.16e-06 samples/s=8193 peak_GiB=18.68 time=24.1m
ep059 step015900 loss=0.43526 ce=1.06904 performance=0.17455 lr=2.16e-06 samples/s=8126 peak_GiB=18.68 time=24.2m
[eval epoch 59 performance] macro_top1=0.4666 top2=0.8041 top3=0.9158 vs_sbs=-1.027% vbs_closed=+27.65%
          classification_top1=0.4860 performance_top1=0.4666 classification_CE=1.08952 performance_MSE=0.20941
       TSP: top1=0.345 mean_cost=7.9158 (sbs=7.9578) vs_sbs=-0.53%
      CVRP: top1=0.448 mean_cost=18.2109 (sbs=18.2943) vs_sbs=-0.46%
      ATSP: top1=0.773 mean_cost=1.6354 (sbs=1.6735) vs_sbs=-2.28%
      OVRP: top1=0.309 mean_cost=7.4625 (sbs=7.4617) vs_sbs=+0.01%
      VRPB: top1=0.526 mean_cost=9.3383 (sbs=9.3403) vs_sbs=-0.02%
      VRPL: top1=0.297 mean_cost=12.4036 (sbs=12.4072) vs_sbs=-0.03%
     VRPTW: top1=0.454 mean_cost=17.8862 (sbs=18.6571) vs_sbs=-4.13%
    OVRPTW: top1=0.492 mean_cost=10.0444 (sbs=10.0484) vs_sbs=-0.04%
     OVRPB: top1=0.579 mean_cost=6.3171 (sbs=6.3220) vs_sbs=-0.08%
     OVRPL: top1=0.344 mean_cost=7.4379 (sbs=7.4376) vs_sbs=+0.01%
     VRPBL: top1=0.522 mean_cost=9.3604 (sbs=9.3593) vs_sbs=+0.01%
    VRPBTW: top1=0.417 mean_cost=19.0402 (sbs=19.6697) vs_sbs=-3.20%
    VRPLTW: top1=0.441 mean_cost=17.6387 (sbs=18.5091) vs_sbs=-4.70%
    OVRPBL: top1=0.553 mean_cost=6.3073 (sbs=6.3103) vs_sbs=-0.05%
   OVRPBTW: top1=0.483 mean_cost=10.5017 (sbs=10.5068) vs_sbs=-0.05%
   OVRPLTW: top1=0.490 mean_cost=10.1299 (sbs=10.1272) vs_sbs=+0.03%
   VRPBLTW: top1=0.436 mean_cost=18.9471 (sbs=19.5198) vs_sbs=-2.93%
  OVRPBLTW: top1=0.490 mean_cost=10.5357 (sbs=10.5412) vs_sbs=-0.05%
[epoch done 59] updates=15930 skipped_attempts_total=5 grad=0.3592 elapsed=24.3m
ep060 step015950 loss=0.42503 ce=1.05170 performance=0.16266 lr=2e-06 samples/s=8582 peak_GiB=18.68 time=24.3m
ep060 step016000 loss=0.43538 ce=1.06551 performance=0.17843 lr=2e-06 samples/s=8048 peak_GiB=18.68 time=24.4m
ep060 step016050 loss=0.43607 ce=1.06987 performance=0.17605 lr=2e-06 samples/s=7965 peak_GiB=18.68 time=24.4m
ep060 step016100 loss=0.43172 ce=1.06035 performance=0.17312 lr=2e-06 samples/s=8136 peak_GiB=18.68 time=24.5m
ep060 step016150 loss=0.43426 ce=1.06716 performance=0.17358 lr=2e-06 samples/s=8235 peak_GiB=18.68 time=24.5m
ep060 step016200 loss=0.43449 ce=1.06687 performance=0.17452 lr=2e-06 samples/s=8166 peak_GiB=18.68 time=24.6m
[eval epoch 60 performance] macro_top1=0.4661 top2=0.8042 top3=0.9159 vs_sbs=-1.028% vbs_closed=+27.55%
          classification_top1=0.4857 performance_top1=0.4661 classification_CE=1.08969 performance_MSE=0.20950
       TSP: top1=0.344 mean_cost=7.9158 (sbs=7.9578) vs_sbs=-0.53%
      CVRP: top1=0.450 mean_cost=18.2094 (sbs=18.2943) vs_sbs=-0.46%
      ATSP: top1=0.769 mean_cost=1.6353 (sbs=1.6735) vs_sbs=-2.28%
      OVRP: top1=0.308 mean_cost=7.4625 (sbs=7.4617) vs_sbs=+0.01%
      VRPB: top1=0.525 mean_cost=9.3384 (sbs=9.3403) vs_sbs=-0.02%
      VRPL: top1=0.297 mean_cost=12.4039 (sbs=12.4072) vs_sbs=-0.03%
     VRPTW: top1=0.457 mean_cost=17.8842 (sbs=18.6571) vs_sbs=-4.14%
    OVRPTW: top1=0.493 mean_cost=10.0437 (sbs=10.0484) vs_sbs=-0.05%
     OVRPB: top1=0.578 mean_cost=6.3171 (sbs=6.3220) vs_sbs=-0.08%
     OVRPL: top1=0.339 mean_cost=7.4389 (sbs=7.4376) vs_sbs=+0.02%
     VRPBL: top1=0.519 mean_cost=9.3612 (sbs=9.3593) vs_sbs=+0.02%
    VRPBTW: top1=0.416 mean_cost=19.0403 (sbs=19.6697) vs_sbs=-3.20%
    VRPLTW: top1=0.446 mean_cost=17.6336 (sbs=18.5091) vs_sbs=-4.73%
    OVRPBL: top1=0.554 mean_cost=6.3071 (sbs=6.3103) vs_sbs=-0.05%
   OVRPBTW: top1=0.485 mean_cost=10.5006 (sbs=10.5068) vs_sbs=-0.06%
   OVRPLTW: top1=0.486 mean_cost=10.1312 (sbs=10.1272) vs_sbs=+0.04%
   VRPBLTW: top1=0.433 mean_cost=18.9511 (sbs=19.5198) vs_sbs=-2.91%
  OVRPBLTW: top1=0.491 mean_cost=10.5356 (sbs=10.5412) vs_sbs=-0.05%
[epoch done 60] updates=16200 skipped_attempts_total=5 grad=0.3637 elapsed=24.8m
wandb:                                                                                
wandb: 
wandb: Run history:
wandb:                                       epoch ▁▁▁▁▁▂▂▂▂▂▃▃▃▃▃▃▃▄▄▄▄▄▄▅▅▅▅▆▆▆▆▆▇▇▇▇▇███
wandb:                         gpu/peak_memory_gib ▁▁▁▁▁▁▁▁▁▁▁▁▁▁▁▁▁▁▁▁▁▁▁▁▁▁▁▁▁▁▁▁▁▁▁▁▁▁▁▁
wandb:                       speed/samples_per_sec ▅▆▅▅▆▆▅▅▁▅▆▆▅▅██▆█▆▄▄▆█▄▆█▃▆▅█▅▅▆█▅▆█▆▆▅
wandb:                                    train/ce █▇▅▅▄▃▃▃▃▃▂▂▂▂▂▂▂▂▂▂▂▂▂▂▂▂▁▁▁▁▁▁▁▁▁▁▁▁▁▁
wandb:                             train/grad_norm ▄▄▃▄▄▄▄▄▃▃▄▃▃▄▄█▄▄▃▄▃▄▃▄▄▃▃▃▄▃▃▃▂▂▂▁▁▁▁▁
wandb:                                  train/loss ██▄▃▃▃▃▂▂▂▂▂▂▂▂▂▂▂▂▂▂▁▁▂▁▁▁▁▁▁▁▁▁▁▁▁▁▁▁▁
wandb:                                    train/lr ▆▆█████▇▇▇▇▇▆▆▆▆▅▅▅▅▄▃▃▃▃▃▃▂▂▂▂▂▂▂▁▁▁▁▁▁
wandb:                           train/performance █▆▅▅▅▄▄▃▄▄▃▂▂▂▂▂▂▂▂▂▂▂▂▂▂▁▂▂▁▁▁▁▁▁▁▁▁▁▁▁
wandb:                               train/skipped ▁▁▁▁▁▁▁█▁▁▁▁▁▁▁▁▁▁▁▁▁▁▁▁▁▁▁▁▁▁▁▁▁▁▁▁▁▁▁▁
wandb:                  val/ATSP/actual_regret_pct █▇▂▂▂▂▂▅▂▂▂▂▂▂▁▁▁▁▁▁▁▁▁▁▁▁▁▁▁▁▁▁▁▁▁▁▁▁▁▁
wandb:                                 val/ATSP/ce █▆▄▃▃▂▆▂▃▂▂▃▁▂▂▁▁▂▁▁▁▁▁▁▁▁▁▁▁▁▁▁▁▁▁▁▁▁▁▁
wandb:                          val/ATSP/mean_cost █▂▃▄▂▂▂▂▂▂▁▂▂▂▂▂▁▁▂▂▁▁▁▁▁▁▁▁▁▁▁▁▁▁▁▁▁▁▁▁
wandb:                    val/ATSP/performance_mse █▅▂▂▂▃▁▆▂▂▂▁▁▁▁▁▂▁▁▁▁▁▁▁▁▁▁▁▁▁▁▁▁▁▁▁▁▁▁▁
wandb:                               val/ATSP/top1 ▁▁▆▆▅▆▂▆▆▆▆▇▆▇▇▆█▇▇▇█▇▇█▇█▇████▇████████
wandb:                               val/ATSP/top2 ▂▁▄█▃█▂▆█▇▇██▇██████████████████████████
wandb:                               val/ATSP/top3 ▁▁▁██▃█▁▇█▇██▇████▇███▇█████████████████
wandb:                         val/ATSP/vs_sbs_pct █▂▂▃▄▂▆▂▂▂▁▂▂▂▁▁▂▁▁▂▂▁▁▁▁▁▁▁▁▁▁▁▁▁▁▁▁▁▁▁
wandb:                  val/CVRP/actual_regret_pct █▅▄▄▂▂▂▃▂▂▂▂▂▂▂▂▂▂▂▂▁▁▁▁▁▁▁▁▁▁▁▁▁▁▁▁▁▁▁▁
wandb:                                 val/CVRP/ce █▆▅▄▄▄▄▄▄▃▃▅▃▄▃▃▃▃▃▄▂▂▃▁▁▂▁▂▁▁▁▁▁▁▁▁▁▁▁▁
wandb:                          val/CVRP/mean_cost █▃▂▂▂▂▃▂▂▂▃▂▂▂▂▂▂▂▂▂▁▂▁▁▁▁▁▁▁▁▁▁▁▁▁▁▁▁▁▁
wandb:                    val/CVRP/performance_mse █▆▅▆▅▄▄▃▃▃▃▃▂▃▃█▂▂▃▂▁▂▁▁▁▁▁▁▁▁▁▁▁▁▁▁▁▁▁▁
wandb:                               val/CVRP/top1 ▁▂▃▄▄▄▄▅▅▄▄▄▅▅▆▅▄▆▇▆▆▆▇▇▇███████████████
wandb:                               val/CVRP/top2 ▁▃▅▃▄▅▄▆▆▅▅▆▆▄▆▆▆▆▆▆▆▇▇▇▇█▇▇█▇██████████
wandb:                               val/CVRP/top3 ▁▁▄▅▅▅▆▅▆▅▆▃▆▆▆▇▇▇▇▆▇▇█▇▆█▇██▇██████████
wandb:                         val/CVRP/vs_sbs_pct █▅▅▇▄▃▄▃▄▃▃▄▃▄▃▂▂▃▃▃▂▃▁▂▂▂▁▁▁▁▁▁▁▁▁▁▁▁▁▁
wandb:                  val/OVRP/actual_regret_pct █▁▁▁▁▂▂▁▁▁▁▁▁▂▁▁▁▂▁▁▁▁▁▁▁▁▁▁▁▁▁▁▁▁▁▁▁▁▁▁
wandb:                                 val/OVRP/ce █▁▁▁▁▁▁▁▁▁▁▁▁▂▁▁▁▁▁▁▁▁▁▁▁▁▁▁▁▁▁▁▁▁▁▁▁▁▁▁
wandb:                          val/OVRP/mean_cost █▁▁▁▁▂▁▂▁▁▁▁▁▁▁▁▁▂▁▁▁▁▁▁▁▁▁▁▁▁▁▁▁▁▁▁▁▁▁▁
wandb:                    val/OVRP/performance_mse █▄▄▃▅▂▂▂▂▂▂▂▂▆▂▁▁▁▂▁▁▁▂▁▁▁▁▂▁▁▁▁▁▁▁▁▁▁▁▁
wandb:                               val/OVRP/top1 ▁███▇▇▇▇▇▇▇▇▇▇▇▇▇▇▇▇███▇▇██████▇▇█▇▇▇▇▇▇
wandb:                               val/OVRP/top2 ▁█▇▇▇▇█▆▇██▇▇▇▇██▇▇██▇█▇▇███████████████
wandb:                               val/OVRP/top3 ▁▇██████████▇███▇███████████████████████
wandb:                         val/OVRP/vs_sbs_pct █▁▁▁▁▁▂▂▁▂▁▁▁▁▂▁▁▁▁▂▁▁▁▁▁▁▁▁▁▁▁▁▁▁▁▁▁▁▁▁
wandb:                 val/OVRPB/actual_regret_pct █▇▆▃▄▃▅▄▃▃▃▂▄▃▁▃▃▃▄▃▃▂▄▃▃▂▃▃▂▂▂▂▂▂▂▂▂▂▂▂
wandb:                                val/OVRPB/ce █▂▂▂▂▁▂▁▁▂▁▂▂▁▁▁▁▁▁▁▁▁▁▁▁▁▁▁▁▁▁▁▁▁▁▁▁▁▁▁
wandb:                         val/OVRPB/mean_cost ▇█▆▆▃▅▄▃▄▃▄▃▂▂▄▄▂▃▂▄▂▃▃▃▂▃▂▂▁▁▂▁▁▂▁▂▂▂▂▂
wandb:                   val/OVRPB/performance_mse █▅▅▅▄▄▅▃▃▂▂▂▂▂▂▃▂▁▁▁▁▁▂▁▁▁▁▂▁▁▁▂▂▂▁▂▂▂▂▂
wandb:                              val/OVRPB/top1 ▁▂▄▄▄▃▃▄▃▄▅▇▆▅▄█▄▄▆▅▇▄▅▆▆▆▇▇▅▆▇▆▇▇▇█▇▇▇▇
wandb:                              val/OVRPB/top2 ▅▁▃▃▆▆▆▆▃▆▅▆▆▅▃▆█▅▅▆▆█▆▆▆▆▆▆████████████
wandb:                              val/OVRPB/top3 ▁▇▅▅▅█▆▆▇▇█▆▇▇▆▇▇▇▇▇▇▇▇▇▇▇▇▇▇▇▇▇▇▇▇▇▇▇▇▇
wandb:                        val/OVRPB/vs_sbs_pct █▇▆▄▅▅▄▄▅▄▃▄▄▂▂▄▁▅▄▃▃▃▄▃▂▃▃▃▃▂▂▂▂▂▂▂▂▂▂▂
wandb:                val/OVRPBL/actual_regret_pct █▄▄▃▆▄▄▃▂▃▃▃▃▃▃▂▃▂▂▂▂▁▂▂▂▁▁▁▂▂▁▁▁▂▂▂▂▂▂▂
wandb:                               val/OVRPBL/ce █▂▂▁▁▁▁▁▁▁▁▁▁▁▁▁▁▁▁▁▁▁▁▁▁▁▁▁▁▁▁▁▁▁▁▁▁▁▁▁
wandb:                        val/OVRPBL/mean_cost █▅▄▆▃▄▃▃▃▂▃▃▃▃▂▂▂▂▂▁▃▂▂▂▂▁▁▂▁▁▁▁▂▂▁▂▂▂▂▂
wandb:                  val/OVRPBL/performance_mse █▅▅▄▃▃▃▃▃▃▂▂▂▂▂▂▁▁▂▁▁▁▁▁▁▁▁▁▁▁▁▁▂▁▁▁▁▁▁▁
wandb:                             val/OVRPBL/top1 ▁▅▇▃▆▄▄▅▄▆▅▆▇▇▆▅█▇▇▇▇▆▇▆▅▆▆▇▇▇▇▇▆▇▆▆▆▆▇▆
wandb:                             val/OVRPBL/top2 ████▁██████▇███████▇▇███████████████████
wandb:                             val/OVRPBL/top3 ▁▆██▇▆▆▆▆▇▆▇█▆███▇▇▇██▇███▇█▇███▇██▇████
wandb:                       val/OVRPBL/vs_sbs_pct █▅▄▃▄▃▄▃▃▄▃▃▃▂▃▃▂▃▂▂▁▂▃▂▂▁▁▂▁▁▁▁▂▁▂▂▂▂▂▂
wandb:              val/OVRPBLTW/actual_regret_pct ▃█▁▂▂▂▂▁▂▁▁▂▁▁▁▂▁▁▁▁▁▂▁▁▂▂▂▂▂▂▁▂▂▂▂▂▂▂▂▂
wandb:                             val/OVRPBLTW/ce █▂▂▂▁▁▂▁▁▂▁▁▁▁▁▁▁▁▁▁▁▁▁▁▁▁▁▁▁▁▁▁▁▁▁▁▁▁▁▁
wandb:                      val/OVRPBLTW/mean_cost █▃▄▇▆▄▂▃▂▂▃▃▂▁▁▂▂▂▂▃▃▂▂▂▄▃▃▃▃▃▂▃▃▃▃▃▃▃▃▃
wandb:                val/OVRPBLTW/performance_mse █▇▆▆▆▃▄▄▂▂▃▂▃▂▆▂▁▂▂▁▁▁▁▁▁▁▁▁▁▁▁▁▁▁▁▁▁▁▁▁
wandb:                           val/OVRPBLTW/top1 ▆▁▇▆▆▇▇█▇▇█▇▇▇▇██▇▇█▇▇▇▇█▇▇▇▇▇▇▇▇▇▇▇▇▇▇▇
wandb:                           val/OVRPBLTW/top2 █▁▇▄▆█▆█████████████████████████████████
wandb:                           val/OVRPBLTW/top3 ▁▇▇▅▇▇▂██▅█▇▇▅▇█▅▄▇█▇▇▇▇▇▇▇▇▇▇▇▇▇▇▇▇▇▇▇▇
wandb:                     val/OVRPBLTW/vs_sbs_pct █▂▂▃▃▂▂▁▂▁▂▁▁▁▁▁▁▁▁▁▂▁▁▂▁▂▂▂▂▁▁▂▂▂▁▂▂▂▂▂
wandb:               val/OVRPBTW/actual_regret_pct ▃█▁▂▁▁▂▂▁▂▂▁▂▁▁▂▂▁▂▁▁▁▂▁▁▁▂▁▁▂▁▁▁▁▁▁▁▁▂▁
wandb:                              val/OVRPBTW/ce █▂▂▂▁▁▂▁▁▁▁▁▁▁▁▁▁▁▁▁▁▁▁▁▁▁▁▁▁▁▁▁▁▁▁▁▁▁▁▁
wandb:                       val/OVRPBTW/mean_cost ▂█▁▂▂▁▂▂▁▂▂▂▁▂▂▁▂▂▁▁▁▂▂▂▁▂▁▁▁▂▁▁▁▁▁▁▂▁▂▁
wandb:                 val/OVRPBTW/performance_mse █▆▆▅▄▃▂▃▂▂▂▂▂▄▂▂▂▂▂▂▁▂▁▁▁▁▁▂▁▁▁▁▁▁▁▁▁▁▁▁
wandb:                            val/OVRPBTW/top1 ▆▁▇▇▇▇▇▇▇▇▇█▇██▆█▆▇█▆▇▇█▇▇▆▇▆▇▇▇▇▇▇▇▇▇▇▇
wandb:                            val/OVRPBTW/top2 █▁█▇▇██▆████████████████████████████████
wandb:                            val/OVRPBTW/top3 ▁▆▆▂█▆▃██▅██▅█████▇▇▇█▇▇▇█▇▇▇▇▇▇▇▇▇▇▇▇▇▇
wandb:                      val/OVRPBTW/vs_sbs_pct ▂█▁▁▂▂▁▂▁▂▁▂▁▁▁▂▂▁▁▂▂▁▂▁▁▂▁▁▁▂▁▁▁▁▁▁▁▁▁▁
wandb:                 val/OVRPL/actual_regret_pct █▁▁▁▁▁▁▂▁▁▁▁▂▁▁▁▁▁▁▁▁▁▁▁▁▁▁▁▁▁▁▁▁▁▁▁▁▁▁▁
wandb:                                val/OVRPL/ce █▂▂▂▁▁▁▁▁▁▁▂▁▁▁▁▁▁▁▁▁▁▁▁▁▁▁▁▁▁▁▁▁▁▁▁▁▁▁▁
wandb:                         val/OVRPL/mean_cost █▁▁▁▁▁▂▁▁▁▂▁▁▁▁▁▁▁▁▁▁▁▁▁▁▁▁▁▁▁▁▁▁▁▁▁▁▁▁▁
wandb:                   val/OVRPL/performance_mse █▄▄▇▃▃▃▂▂▂▂▂▂▂▁▁▁▁▁▁▁▁▁▁▁▂▁▁▁▁▁▁▁▁▁▁▁▁▁▁
wandb:                              val/OVRPL/top1 ▁▇▇█▇▇▇█▇▇██▇█▇▇▇▇▇▇█▇▇▇▇▇▇▇▇▇▇▇▇▇▇▇▇▇▇▇
wandb:                              val/OVRPL/top2 ▁██▇██▇█▇█▇▇█████▇████████▇█████████████
wandb:                              val/OVRPL/top3 ▁▇███████████▇██████████████████████████
wandb:                        val/OVRPL/vs_sbs_pct █▁▁▁▁▁▁▁▁▁▁▁▁▁▁▁▁▁▁▁▁▁▁▁▁▁▁▁▁▁▁▁▁▁▁▁▁▁▁▁
wandb:               val/OVRPLTW/actual_regret_pct █▆▄▃▃▂▄▂▅▃▄▅▂▂▂▁▁▂▂▂▂▂▂▃▂▃▂▃▃▄▄▃▃▃▃▄▃▃▃▄
wandb:                              val/OVRPLTW/ce ▅▅▄▄▅▃▄▂▂▂▂▂█▂▂▂▂▂▂▃▂▂▂▁▁▁▁▁▁▁▁▁▁▁▁▁▁▁▁▁
wandb:                       val/OVRPLTW/mean_cost ▄█▃▂▂▂▂▂▂▂▁▂▂▂▁▁▂▂▁▁▁▂▂▂▂▁▂▂▂▂▂▂▂▂▂▂▂▂▂▂
wandb:                 val/OVRPLTW/performance_mse █▇▇▆▅▅▃▅▆▃▃▃▂▃▂▂▂▁▂▂▁▂▁▂▁▁▁▁▁▁▁▁▁▁▁▁▁▁▁▁
wandb:                            val/OVRPLTW/top1 ▄▁▅▆▇▆▇▆▇▆▇▇▆▆██▇▆▇▆▇█▇█▇█▇▇▇▇█▇▇▇▇▇▇▇▇▆
wandb:                            val/OVRPLTW/top2 ▁█▇█▇███████████▇██▇██████████▇█████████
wandb:                            val/OVRPLTW/top3 ▅▆▇▄▇▁▇▆▄▇▅▇▇▇▇▇▆█▇▆▇▆█▇▇▇█▇█▇▇▇▇▇▇▇▇▇▇▇
wandb:                      val/OVRPLTW/vs_sbs_pct █▃▂▂▄▂▂▃▂▂▂▁▂▂▂▁▁▂▁▁▂▁▁▁▂▂▁▂▁▂▂▂▂▂▂▂▂▂▂▂
wandb:                val/OVRPTW/actual_regret_pct █▂▄▄▂▄▄▄▂▄▂▃▁▂▃▁▃▂▄▃▃▁▂▂▄▄▂▃▂▁▂▃▂▂▂▂▂▂▂▂
wandb:                               val/OVRPTW/ce █▂▂▁▁▂▁▁▁▁▁▁▂▁▁▁▁▁▁▁▁▁▁▁▁▁▁▁▁▁▁▁▁▁▁▁▁▁▁▁
wandb:                        val/OVRPTW/mean_cost ▅█▃▅▅▂▅▅▃▅▃▄▂▄▃▁▃▃▆▄▄▃▅▅▅▅▂▃▁▅▃▄▂▃▂▂▂▂▂▃
wandb:                  val/OVRPTW/performance_mse █▇▇▅▄▄▃▃▄▃▄▃▂▃▂▂▂▂▂▁▁▁▁▁▁▁▁▁▁▁▁▁▁▁▁▁▁▁▁▁
wandb:                             val/OVRPTW/top1 ▅▁▆█▅█▇▆▇█▇▇▆▆▇▆▇█▇▇▆▇▇█▆▅▇▆▆▇▆▆▇▆▇▆▇▇▇▆
wandb:                             val/OVRPTW/top2 ▁████▆███████████▇▇█▇███▇▇███▇▇▇▇▇▇▇▇▇▇▇
wandb:                             val/OVRPTW/top3 ▂▅▂▇▁▃▇▇▇▇▄▇▅▄█▆▇▇▇▇▆▇▇▇▅▇▇▇▆▇▇▇▇▇▇▇▇▇▇▇
wandb:                       val/OVRPTW/vs_sbs_pct █▄▆▄▄▂▄▄▂▄▃▁▂▃▂▁▃▅▃▄▂▂▄▄▄▄▂▃▃▁▂▄▁▃▂▂▂▂▂▂
wandb:                   val/TSP/actual_regret_pct █▇▆▅▂▁▁▁▁▂▄▁▁▂▂▂▁▁▂▁▁▂▁▁▁▁▁▁▁▁▁▁▁▁▁▁▁▁▂▁
wandb:                                  val/TSP/ce █▇▄▃▅▃▃▃▂▂▂▅▂▂▂▂▁▂▁▂▁▁▁▂▁▂▁▁▁▁▁▁▁▁▁▁▁▁▁▁
wandb:                           val/TSP/mean_cost █▆▄▃▂▂▁▁▂▃▁▂▁▂▂▁▁▁▁▁▁▁▁▁▁▁▁▁▁▁▁▁▁▁▁▁▁▁▁▁
wandb:                     val/TSP/performance_mse █▆▆▃▃▃▄▂▂▂▆▂▄▂▁▁▂▁▂▁▂▁▂▂▁▂▁▃▁▁▁▁▁▁▂▁▁▁▁▁
wandb:                                val/TSP/top1 ▂▁▄▆▄▅▇▆▇█▆▆▄█▆▆▆▇▇▇▇▇▇▇██▇▇▇▇▇▇▇▇▇▇▇▇▇▇
wandb:                                val/TSP/top2 ▁▁▃▅▆▅▆▆▇▇▆▆▄▇▇▇▆▇▇▇▇▇▆▇▇█▇█▇▇▇▇▇▇▇▇▇▇▇▇
wandb:                                val/TSP/top3 ▁▂▄▅▄▆▆▇▆▇▇▇▆▆▄▇▆▇▇▆█▇▇▇▇█▇█▇▇▇█▇▇▇▇▇▇▇▇
wandb:                          val/TSP/vs_sbs_pct █▆▃▂▂▁▁▁▁▂▁▁▁▂▁▂▂▁▂▁▁▁▁▂▁▁▁▁▁▁▁▁▁▁▁▂▁▁▂▁
wandb:                  val/VRPB/actual_regret_pct ▆▇▅█▅▃▃▁▃▃▄▆▄▄▄▃▅▃▃▄▃▆▂▃▃▂▃▃▃▃▃▂▂▂▂▂▂▂▂▂
wandb:                                 val/VRPB/ce █▆▅▄▄▃▃▃▃▃▂▂▂▂▃▂▂▂▂▁▂▁▁▁▁▁▁▁▁▁▁▁▁▁▁▁▁▁▁▁
wandb:                          val/VRPB/mean_cost ▅▅▄▅█▂▂▃▂▂▃▅▂▃▁▃▂▃▄▃▃▂▁▂▁▂▂▂▂▁▂▂▂▁▂▂▂▂▂▂
wandb:                    val/VRPB/performance_mse █▅▅▄▄▃▃▃▃▃▂▂▂▂▂▂▂▁▁▁▁▁▁▁▁▁▁▁▁▂▁▁▁▁▁▁▁▁▁▁
wandb:                               val/VRPB/top1 ▆▃▆▁▆▆█▅▆▂▇▅▄▅▄▇▅▅▆▂▇▆▇▆▅▅▅▇▅▆▆▆▇▆▅▇▆▆▆▆
wandb:                               val/VRPB/top2 ██▇█▁▇█▅▆██▇▅▇▇▆▆▇██▇▅██▇█▇▇▆██▇█▇█▇▇▇▇▇
wandb:                               val/VRPB/top3 ▁▆▇▆▅▇▇▇▇█▇█▇███████▇▇██████████████████
wandb:                         val/VRPB/vs_sbs_pct ▇▆█▅▃▄▁▃▃▃▇▄▄▄▂▅▆▄▄▅▃█▂▃▃▃▃▄▄▃▂▂▂▃▃▃▃▂▃▂
wandb:                 val/VRPBL/actual_regret_pct █▄▄▆▂▂▁▁▁▂▂▁▆▃▃▂▃▄▁▅▃▃▂▂▃▂▃▃▄▃▃▄▃▃▃▄▄▃▄▃
wandb:                                val/VRPBL/ce █▂▂▂▁▁▁▁▁▁▁▁▁▁▁▁▁▁▁▁▁▁▁▁▁▁▁▁▁▁▁▁▁▁▁▁▁▁▁▁
wandb:                         val/VRPBL/mean_cost █▄▃▆▂▁▁▁▂▂▃▃▂▂▅▃▄▅▂▂▃▄▂▃▂▃▃▄▃▃▃▄▃▄▄▃▄▄▄▄
wandb:                   val/VRPBL/performance_mse █▅▅▄▃▃▃▃▂▂▂▂▂▂▂▂▁▂▂▁▁▁▁▁▁▁▁▁▁▁▁▁▁▁▁▁▁▁▁▁
wandb:                              val/VRPBL/top1 ▂▄▆▂▆███▇▄█▁▃▇▆▃▃▅▅▃▆▄▃▆▆▃▆▆▃▄▄▄▅▃▄▅▄▄▅▄
wandb:                              val/VRPBL/top2 ███▁████▇█▄▇██▆▇▆█▆▅▅▅▇▇▆▇█▇▆▇▇▇▇▇▇▇▇▇▇▇
wandb:                              val/VRPBL/top3 ▁▇▇▇▇▇▇██▇██▇█▇█████████████████████████
wandb:                        val/VRPBL/vs_sbs_pct █▄▃▄▆▄▂▁▁▁▂▁▇▃▃▅▃▃▄▅▆▃▄▄▂▃▂▃▄▃▃▄▃▄▄▄▄▄▃▄
wandb:               val/VRPBLTW/actual_regret_pct ██▄▃▃▂▂▂▂▂▂▁▂▂▁▂▁▁▁▁▂▁▁▁▁▁▁▁▁▁▁▁▁▁▁▁▁▁▁▁
wandb:                              val/VRPBLTW/ce █▅▅▃▄▃▃▂▂▂▂▂▂▂▁▂▁▁▁▃▁▁▁▁▁▁▁▁▁▁▁▁▁▁▁▁▁▁▁▁
wandb:                       val/VRPBLTW/mean_cost █▆▄▂▃▂▂▂▂▁▁▁▁▂▁▁▁▁▁▁▁▁▁▁▁▁▁▁▁▁▁▁▁▁▁▁▁▁▁▁
wandb:                 val/VRPBLTW/performance_mse █▆▅▄▄▂▂▃▄▂▂▂▂▂▂▂▁▂▁▁▁▂▁▁▁▁▁▁▁▁▁▁▁▁▁▁▁▁▁▁
wandb:                            val/VRPBLTW/top1 ▄▁▅▅▅▆▆▆▆▆▆▇▆▆▆█▇▇▇▆▇█▇██▇██████████████
wandb:                            val/VRPBLTW/top2 ▁▆▆▅▇▆▇▇▇▆▇▇▇▇▇▇▇▇▇█▆▇██████████████████
wandb:                            val/VRPBLTW/top3 ▁▃▄▄▄▅▆▆▄▆▆▇▆▇▇▇▇▇▇█▆▇▇▇█▇▇█▇█▇▇█▇█▇███▇
wandb:                      val/VRPBLTW/vs_sbs_pct █▆▄▂▃▂▂▂▂▁▁▁▁▁▂▂▁▁▁▁▁▁▂▁▁▁▁▁▁▁▁▁▁▁▁▁▁▁▁▁
wandb:                val/VRPBTW/actual_regret_pct █▅▄▄▂▂▃▂▃▂▃▃▃▂▂▂▁▂▁▂▃▁▁▁▂▁▁▁▁▁▁▁▁▁▁▁▁▁▁▁
wandb:                               val/VRPBTW/ce █▄▄▃▃▄▂▃▂▂▂▂▂▁▂▁▂▁▁▁▁▂▂▁▁▂▁▂▁▁▁▁▁▁▁▁▁▁▁▁
wandb:                        val/VRPBTW/mean_cost █▅▃▃▃▂▂▃▂▂▂▂▁▁▁▁▁▁▂▂▁▂▁▁▁▁▁▁▁▁▁▁▁▁▁▁▁▁▁▁
wandb:                  val/VRPBTW/performance_mse █▅▄▄▄▄▃▂▂▂▂▂▂▂▁▂▂▁▁▁▁▁▁▁▁▁▁▁▁▁▁▁▁▁▁▁▁▁▁▁
wandb:                             val/VRPBTW/top1 ▄▁▅▆▄▅▇▇▆█▇▆▆▅▆▇█▇▇█▇▇▆▇▇▇▇▇▇▇▇██▇▇▇▇▇▇▇
wandb:                             val/VRPBTW/top2 ▄▁▄▄▅▇▇▆▇▆▇▆▆▆█▇█▇███▇▇██▇▇██▇██████████
wandb:                             val/VRPBTW/top3 ▁▃▃▅▄▆▇▅▇▆▇▆▆▆█▇███▇█▇▇██▇██████████████
wandb:                       val/VRPBTW/vs_sbs_pct ██▇▇▄▆▃▆▃▄▅▄▂▄▂▂▂▂▂▂▃▄▂▂▃▁▂▂▁▂▁▁▁▁▁▁▁▁▁▁
wandb:                  val/VRPL/actual_regret_pct █▂▂▂▁▂▂▁▂▁▁▃▁▁▃▁▂▁▁▁▁▁▁▁▁▁▁▁▁▁▁▁▁▁▁▁▁▁▁▁
wandb:                                 val/VRPL/ce █▂▂▂▂▁▁▁▁▁▁▁▃▁▁▁▁▁▁▁▁▁▁▁▁▁▁▁▁▁▁▁▁▁▁▁▁▁▁▁
wandb:                          val/VRPL/mean_cost █▄▂▂▁▂▂▂▁▂▁▃▁▁▃▂▁▁▁▁▁▁▂▁▁▁▁▁▁▁▁▁▁▁▁▁▁▁▁▁
wandb:                    val/VRPL/performance_mse █▄▄▃▃▂▂▂▂▂▂▂▅▂▂▂▃▁▁▁▁▁▁▁▁▁▁▁▂▁▁▁▁▁▁▁▁▁▁▁
wandb:                               val/VRPL/top1 ▁▄▅▇▆▆▅▆▅█▇██▅▇███▇▇▇▇▇█▇▇▇▇▆▆▆▇▇▇▇▇▇▇▇▇
wandb:                               val/VRPL/top2 ▁▅▇▇█▆▆▇██▇▆█▇███▆██▇█▇██▇█▇█▇▇▇█▇█▇▇▇██
wandb:                               val/VRPL/top3 ▁▄▅▆█▇▆▆███▆███▇▇███████████████████████
wandb:                         val/VRPL/vs_sbs_pct █▄▂▂▁▁▂▂▂▁▁▃▁▁▁▁▂▁▁▁▁▁▁▁▁▁▁▁▁▁▁▁▁▁▁▁▁▁▁▁
wandb:                val/VRPLTW/actual_regret_pct █▃▂▃▃▂▃▁▂▁▂▁▁▁▁▁▁▁▁▁▁▁▁▁▁▁▁▁▁▁▁▁▁▁▁▁▁▁▁▁
wandb:                               val/VRPLTW/ce █▄▃▄▄▂▂▄▂▂▂▂▁▂▁▁▁▁▁▂▁▁▁▁▁▁▁▁▁▁▁▁▁▁▁▁▁▁▁▁
wandb:                        val/VRPLTW/mean_cost █▃▂▃▃▂▂▁▁▁▂▁▂▁▁▁▁▁▁▁▁▁▁▁▁▁▁▁▁▁▁▁▁▁▁▁▁▁▁▁
wandb:                  val/VRPLTW/performance_mse █▅▅▃▄▂▂▄▂▂▂▂▁▂▂▁▂▁▁▁▁▂▁▁▁▁▁▁▁▁▁▁▁▁▁▁▁▁▁▁
wandb:                             val/VRPLTW/top1 ▃▂▁▄▅▆▃▇▆▆▅▄▇▇▆▆▆▇▇▇▆▆▆▇▆▇▇▇▇▇▇█▇▇▇▇▇▇▇█
wandb:                             val/VRPLTW/top2 ▁▁▄▃▆▃▇▇▇▇▆▆▆▇▇▆▇█▇▇▇▇▇▇▇▇▇█▇███████████
wandb:                             val/VRPLTW/top3 ▁▃▅▅▅▆▇▇▄▇▇▇▇▇█▇▇▇█▇██▇██████▇██████████
wandb:                       val/VRPLTW/vs_sbs_pct █▅▅▅▃▂▂▂▂▂▃▁▂▂▂▁▂▂▁▂▂▂▁▁▁▂▁▁▁▁▁▁▁▁▁▁▁▁▁▁
wandb:                 val/VRPTW/actual_regret_pct █▆▃▂▂▃▂▂▂▂▂▂▂▁▁▁▁▁▂▁▁▁▁▁▁▁▁▁▁▁▁▁▁▁▁▁▁▁▁▁
wandb:                                val/VRPTW/ce █▄▃▃▃▃▃▂▃▂▂▂▂▂▂▁▂▁▂▁▂▁▁▁▂▁▁▁▁▁▁▁▁▁▁▁▁▁▁▁
wandb:                         val/VRPTW/mean_cost █▅▃▂▂▂▂▂▁▂▂▂▁▁▁▁▁▁▁▁▁▁▁▁▁▁▁▁▁▁▁▁▁▁▁▁▁▁▁▁
wandb:                   val/VRPTW/performance_mse █▅▄▃▃▃▃▂▂▂▂▂▂▂▁▁▁▁▁▁▁▁▁▁▁▁▁▁▁▁▁▁▁▁▁▁▁▁▁▁
wandb:                              val/VRPTW/top1 ▁▁▄▄▄▆▅▇▇▇▇▇▇▇▇▇▇█▇███▇▇████▇███████████
wandb:                              val/VRPTW/top2 ▁▂▄▅▄▇▅▆▇▆▇▆▆▇▇▇▇▇▇█████████████████████
wandb:                              val/VRPTW/top3 ▁▂▃▅▆▆▄▇▆▇▆▇▆▇▇▇▇▇████▇█▆███▇███████████
wandb:                        val/VRPTW/vs_sbs_pct █▄▂▃▂▃▂▂▂▂▁▁▂▁▁▁▁▂▁▁▂▁▁▁▁▁▁▁▁▁▁▁▁▁▁▁▁▁▁▁
wandb:                 val/macro_actual_regret_pct ▇█▇▆▄▄▆▃▄▃▃▄▃▃▂▂▂▂▃▂▂▂▂▂▂▁▁▁▁▁▁▁▁▁▁▁▁▁▁▁
wandb:  val/macro_actual_regret_pct_classification █▅▃▃▃▃▂▂▂▂▂▂▂▂▂▁▂▁▁▁▁▂▁▁▁▁▁▁▁▁▁▁▁▁▁▁▁▁▁▁
wandb:     val/macro_actual_regret_pct_performance █▆▃▃▃▂▂▂▂▂▂▂▂▂▂▁▁▁▁▁▁▁▁▁▁▁▁▁▁▁▁▁▁▁▁▁▁▁▁▁
wandb:                                val/macro_ce █▄▃▂▂▂▂▂▂▂▂▂▂▁▁▁▁▁▁▁▁▁▁▁▁▁▁▁▁▁▁▁▁▁▁▁▁▁▁▁
wandb:                         val/macro_mean_cost █▅▂▃▂▂▂▂▂▂▂▂▁▂▁▁▁▁▁▁▁▁▁▁▁▁▁▁▁▁▁▁▁▁▁▁▁▁▁▁
wandb:          val/macro_mean_cost_classification █▆▆▅█▄▃▅▄▄▃▃▄▂▃▂▂▂▂▂▃▂▂▁▂▁▁▁▁▂▁▁▁▁▁▁▁▁▁▁
wandb:             val/macro_mean_cost_performance █▄▃▄▃▂▃▂▂▂▂▂▂▂▁▂▁▁▂▂▁▁▁▁▁▁▁▁▁▁▁▁▁▁▁▁▁▁▁▁
wandb:                   val/macro_performance_mse █▅▅▄▄▃▃▃▃▂▂▂▂▂▃▃▂▂▂▂▂▁▁▁▁▁▁▁▁▁▁▁▁▁▁▁▁▁▁▁
wandb:                    val/macro_performance_r2 ▁▄▄▄▅▆▆▆▇▇▇▇▆▇▇▇▇███████████████████████
wandb:              val/macro_performance_zero_mse ▁▁▁▁▁▁▁▁▁▁▁▁▁▁▁▁▁▁▁▁▁▁▁▁▁▁▁▁▁▁▁▁▁▁▁▁▁▁▁▁
wandb:                              val/macro_top1 ▁▅▆▅▅▅▆▇▆▇▆▇▆▇▇▇▇▇▇▇▇▇█▇████████████████
wandb:               val/macro_top1_classification ▁▄▆▆▆▆▆▆▆▆▆▇▇▇▇▇▇▇▇▇████████████████████
wandb:                  val/macro_top1_performance ▁▁▆▅▅▆▆▆▆▇▇▆▇▆▇▇▇▇▇▇█▇▇█▇███████████████
wandb:                    val/macro_top1_tie_aware ▁▁▆▅▆▆▆▆▇▆▇▆▆▇▇▇▇▇▇▇▇███████████████████
wandb:     val/macro_top1_tie_aware_classification ▁▄▅▆▅▆▆▆▆▆▆▇▇▇▇▇▇▇▇▇▇▇█▇████████████████
wandb:        val/macro_top1_tie_aware_performance ▁▁▅▆▅▆▆▇▇▇▇▆▇▇▇▇▇█▇█████████████████████
wandb:                              val/macro_top2 ▁▅▅▄▅▅▆▆▇▇▆▇▇▇▇▇█▇▇█▇███████████████████
wandb:               val/macro_top2_classification ▁▅▆▆▆▆▇▇▇▇▇▇▇▇▇▇▇▇▇█████████████████████
wandb:                  val/macro_top2_performance ▁▂▆▅▆▇▆▇▇▇▇▇▇▇█▇███▇████████████████████
wandb:                              val/macro_top3 ▁▄▆▆▇▇▇▇▇▇▇▇█▇▇▇▇███████████████████████
wandb:               val/macro_top3_classification ▁▅▆▇▆▇▇▇▇▇▇▇█▇█▇████████████████████████
wandb:                  val/macro_top3_performance ▁▃▅▅▅▆▅▅▆▆▇▇▆▇▇▇▇██▇███▇████████████████
wandb:                val/macro_vbs_gap_closed_pct ▁▄▇▇▇▇▇▇█▇▇█████████████████████████████
wandb: val/macro_vbs_gap_closed_pct_classification ▁▅▅▅▅▆▆▆▆▆▆▇▇▇▇▇▇▇▇▇█▇█▇▇███████████████
wandb:    val/macro_vbs_gap_closed_pct_performance ▁▇▇▇▇▇▇▇▇▇▇▇████▇███████████████████████
wandb:                     val/macro_vs_oracle_pct █▃▂▂▂▂▂▂▂▂▁▂▂▂▁▁▁▁▁▁▁▁▁▁▁▁▁▁▁▁▁▁▁▁▁▁▁▁▁▁
wandb:      val/macro_vs_oracle_pct_classification █▃▂▃▂▂▂▂▂▂▂▂▂▂▂▂▁▁▁▁▂▂▁▁▁▁▁▁▁▁▁▁▁▁▁▁▁▁▁▁
wandb:         val/macro_vs_oracle_pct_performance █▅▂▃▂▂▂▂▂▂▁▂▂▁▁▁▁▁▁▁▁▁▁▁▁▁▁▁▁▁▁▁▁▁▁▁▁▁▁▁
wandb:                        val/macro_vs_sbs_pct █▅▃▂▃▂▂▂▂▂▂▁▁▂▂▁▁▁▁▁▁▁▁▁▁▁▁▁▁▁▁▁▁▁▁▁▁▁▁▁
wandb:         val/macro_vs_sbs_pct_classification █▅▃▂▃▃▂▂▂▂▂▂▂▂▂▁▁▂▁▁▁▂▂▁▁▁▁▁▁▁▁▁▁▁▁▁▁▁▁▁
wandb:            val/macro_vs_sbs_pct_performance █▅▂▂▂▂▂▂▁▁▁▁▁▁▁▁▁▁▁▁▁▁▁▁▁▁▁▁▁▁▁▁▁▁▁▁▁▁▁▁
wandb: 
wandb: Run summary:
wandb:                                  best_epoch 47
wandb:                             best_val_vs_sbs -1.03205
wandb:                                       epoch 60
wandb:                              final_val_top1 0.46611
wandb:                         gpu/peak_memory_gib 18.68425
wandb:                       speed/samples_per_sec 8165.59601
wandb:                                    train/ce 1.06687
wandb:                             train/grad_norm 0.36367
wandb:                                  train/loss 0.43449
wandb:                                    train/lr 0.0
wandb:                           train/performance 0.17452
wandb:                               train/skipped 0
wandb:                  val/ATSP/actual_regret_pct 0.35063
wandb:                                 val/ATSP/ce 0.58554
wandb:                          val/ATSP/mean_cost 1.63533
wandb:                    val/ATSP/performance_mse 0.06007
wandb:                               val/ATSP/top1 0.769
wandb:                               val/ATSP/top2 0.966
wandb:                               val/ATSP/top3 0.989
wandb:                         val/ATSP/vs_sbs_pct -2.28217
wandb:                  val/CVRP/actual_regret_pct 0.69785
wandb:                                 val/CVRP/ce 1.36721
wandb:                          val/CVRP/mean_cost 18.20944
wandb:                    val/CVRP/performance_mse 0.15112
wandb:                               val/CVRP/top1 0.45
wandb:                               val/CVRP/top2 0.626
wandb:                               val/CVRP/top3 0.756
wandb:                         val/CVRP/vs_sbs_pct -0.46403
wandb:                  val/OVRP/actual_regret_pct 0.82289
wandb:                                 val/OVRP/ce 1.46087
wandb:                          val/OVRP/mean_cost 7.46253
wandb:                    val/OVRP/performance_mse 0.29718
wandb:                               val/OVRP/top1 0.308
wandb:                               val/OVRP/top2 0.627
wandb:                               val/OVRP/top3 0.834
wandb:                         val/OVRP/vs_sbs_pct 0.01173
wandb:                 val/OVRPB/actual_regret_pct 0.9165
wandb:                                val/OVRPB/ce 0.79864
wandb:                         val/OVRPB/mean_cost 6.31708
wandb:                   val/OVRPB/performance_mse 0.31478
wandb:                              val/OVRPB/top1 0.578
wandb:                              val/OVRPB/top2 0.969
wandb:                              val/OVRPB/top3 0.985
wandb:                        val/OVRPB/vs_sbs_pct -0.07744
wandb:                val/OVRPBL/actual_regret_pct 1.01421
wandb:                               val/OVRPBL/ce 0.84272
wandb:                        val/OVRPBL/mean_cost 6.30712
wandb:                  val/OVRPBL/performance_mse 0.30012
wandb:                             val/OVRPBL/top1 0.554
wandb:                             val/OVRPBL/top2 0.955
wandb:                             val/OVRPBL/top3 0.986
wandb:                       val/OVRPBL/vs_sbs_pct -0.04968
wandb:              val/OVRPBLTW/actual_regret_pct 1.22122
wandb:                             val/OVRPBLTW/ce 0.8741
wandb:                      val/OVRPBLTW/mean_cost 10.53564
wandb:                val/OVRPBLTW/performance_mse 0.0995
wandb:                           val/OVRPBLTW/top1 0.491
wandb:                           val/OVRPBLTW/top2 0.919
wandb:                           val/OVRPBLTW/top3 0.998
wandb:                     val/OVRPBLTW/vs_sbs_pct -0.05255
wandb:               val/OVRPBTW/actual_regret_pct 1.20396
wandb:                              val/OVRPBTW/ce 0.89131
wandb:                       val/OVRPBTW/mean_cost 10.5006
wandb:                 val/OVRPBTW/performance_mse 0.10322
wandb:                            val/OVRPBTW/top1 0.485
wandb:                            val/OVRPBTW/top2 0.91
wandb:                            val/OVRPBTW/top3 0.997
wandb:                      val/OVRPBTW/vs_sbs_pct -0.05882
wandb:                 val/OVRPL/actual_regret_pct 0.82095
wandb:                                val/OVRPL/ce 1.40691
wandb:                         val/OVRPL/mean_cost 7.43893
wandb:                   val/OVRPL/performance_mse 0.29701
wandb:                              val/OVRPL/top1 0.339
wandb:                              val/OVRPL/top2 0.64
wandb:                              val/OVRPL/top3 0.844
wandb:                        val/OVRPL/vs_sbs_pct 0.01844
wandb:               val/OVRPLTW/actual_regret_pct 0.93755
wandb:                              val/OVRPLTW/ce 0.87284
wandb:                       val/OVRPLTW/mean_cost 10.13119
wandb:                 val/OVRPLTW/performance_mse 0.10612
wandb:                            val/OVRPLTW/top1 0.486
wandb:                            val/OVRPLTW/top2 0.922
wandb:                            val/OVRPLTW/top3 0.998
wandb:                      val/OVRPLTW/vs_sbs_pct 0.03938
wandb:                val/OVRPTW/actual_regret_pct 0.87439
wandb:                               val/OVRPTW/ce 0.87389
wandb:                        val/OVRPTW/mean_cost 10.04372
wandb:                  val/OVRPTW/performance_mse 0.10578
wandb:                             val/OVRPTW/top1 0.493
wandb:                             val/OVRPTW/top2 0.92
wandb:                             val/OVRPTW/top3 0.998
wandb:                       val/OVRPTW/vs_sbs_pct -0.04693
wandb:                   val/TSP/actual_regret_pct 0.584
wandb:                                  val/TSP/ce 1.63534
wandb:                           val/TSP/mean_cost 7.91584
wandb:                     val/TSP/performance_mse 0.39515
wandb:                                val/TSP/top1 0.344
wandb:                                val/TSP/top2 0.558
wandb:                                val/TSP/top3 0.695
wandb:                          val/TSP/vs_sbs_pct -0.52729
wandb:                  val/VRPB/actual_regret_pct 0.76077
wandb:                                 val/VRPB/ce 0.88092
wandb:                          val/VRPB/mean_cost 9.33842
wandb:                    val/VRPB/performance_mse 0.33206
wandb:                               val/VRPB/top1 0.525
wandb:                               val/VRPB/top2 0.912
wandb:                               val/VRPB/top3 0.994
wandb:                         val/VRPB/vs_sbs_pct -0.01981
wandb:                 val/VRPBL/actual_regret_pct 0.82399
wandb:                                val/VRPBL/ce 0.9015
wandb:                         val/VRPBL/mean_cost 9.3612
wandb:                   val/VRPBL/performance_mse 0.34618
wandb:                              val/VRPBL/top1 0.519
wandb:                              val/VRPBL/top2 0.905
wandb:                              val/VRPBL/top3 0.991
wandb:                        val/VRPBL/vs_sbs_pct 0.02069
wandb:               val/VRPBLTW/actual_regret_pct 1.70808
wandb:                              val/VRPBLTW/ce 1.15808
wandb:                       val/VRPBLTW/mean_cost 18.95113
wandb:                 val/VRPBLTW/performance_mse 0.12643
wandb:                            val/VRPBLTW/top1 0.433
wandb:                            val/VRPBLTW/top2 0.776
wandb:                            val/VRPBLTW/top3 0.919
wandb:                      val/VRPBLTW/vs_sbs_pct -2.91321
wandb:                val/VRPBTW/actual_regret_pct 1.64351
wandb:                               val/VRPBTW/ce 1.14718
wandb:                        val/VRPBTW/mean_cost 19.04027
wandb:                  val/VRPBTW/performance_mse 0.13108
wandb:                             val/VRPBTW/top1 0.416
wandb:                             val/VRPBTW/top2 0.791
wandb:                             val/VRPBTW/top3 0.929
wandb:                       val/VRPBTW/vs_sbs_pct -3.2002
wandb:                  val/VRPL/actual_regret_pct 0.4822
wandb:                                 val/VRPL/ce 1.61254
wandb:                          val/VRPL/mean_cost 12.40388
wandb:                    val/VRPL/performance_mse 0.38734
wandb:                               val/VRPL/top1 0.297
wandb:                               val/VRPL/top2 0.538
wandb:                               val/VRPL/top3 0.724
wandb:                         val/VRPL/vs_sbs_pct -0.02688
wandb:                val/VRPLTW/actual_regret_pct 1.3201
wandb:                               val/VRPLTW/ce 1.13907
wandb:                        val/VRPLTW/mean_cost 17.63364
wandb:                  val/VRPLTW/performance_mse 0.11234
wandb:                             val/VRPLTW/top1 0.446
wandb:                             val/VRPLTW/top2 0.793
wandb:                             val/VRPLTW/top3 0.937
wandb:                       val/VRPLTW/vs_sbs_pct -4.73014
wandb:                 val/VRPTW/actual_regret_pct 1.36967
wandb:                                val/VRPTW/ce 1.16571
wandb:                         val/VRPTW/mean_cost 17.88417
wandb:                   val/VRPTW/performance_mse 0.10543
wandb:                              val/VRPTW/top1 0.457
wandb:                              val/VRPTW/top2 0.748
wandb:                              val/VRPTW/top3 0.913
wandb:                        val/VRPTW/vs_sbs_pct -4.1427
wandb:                 val/macro_actual_regret_pct 0.97514
wandb:  val/macro_actual_regret_pct_classification 0.93139
wandb:     val/macro_actual_regret_pct_performance 0.97514
wandb:                                val/macro_ce 1.08969
wandb:                         val/macro_mean_cost 11.17279
wandb:          val/macro_mean_cost_classification 11.16933
wandb:             val/macro_mean_cost_performance 11.17279
wandb:                   val/macro_performance_mse 0.2095
wandb:                    val/macro_performance_r2 0.7862
wandb:              val/macro_performance_zero_mse 0.98336
wandb:                              val/macro_top1 0.46611
wandb:               val/macro_top1_classification 0.48572
wandb:                  val/macro_top1_performance 0.46611
wandb:                    val/macro_top1_tie_aware 0.46728
wandb:     val/macro_top1_tie_aware_classification 0.4865
wandb:        val/macro_top1_tie_aware_performance 0.46728
wandb:                              val/macro_top2 0.80417
wandb:               val/macro_top2_classification 0.82044
wandb:                  val/macro_top2_performance 0.80417
wandb:                              val/macro_top3 0.91594
wandb:               val/macro_top3_classification 0.92733
wandb:                  val/macro_top3_performance 0.91594
wandb:                val/macro_vbs_gap_closed_pct 27.55138
wandb: val/macro_vbs_gap_closed_pct_classification 31.41576
wandb:    val/macro_vbs_gap_closed_pct_performance 27.55138
wandb:                     val/macro_vs_oracle_pct 0.936
wandb:      val/macro_vs_oracle_pct_classification 0.89988
wandb:         val/macro_vs_oracle_pct_performance 0.936
wandb:                        val/macro_vs_sbs_pct -1.02787
wandb:         val/macro_vs_sbs_pct_classification -1.06354
wandb:            val/macro_vs_sbs_pct_performance -1.02787
wandb: 
wandb: You can sync this run to the cloud by running:
wandb: wandb sync code/V4/runs/R39_performance_model/performance_seed2/wandb/offline-run-20260930_190805-fgmn80mu
wandb: Find logs at: code/V4/runs/R39_performance_model/performance_seed2/wandb/offline-run-20260930_190805-fgmn80mu/logs
[done] performance_seed2 epochs=60 updates=16200 best_epoch=47 final_top1=0.4661 seconds=1491.4
