problem,strategy,scope,repeat,coverage_pct,n,top1,top2,top3,mean_cost,actual_regret_pct,vs_sbs_pct,vs_oracle_pct,vbs_gap_closed_pct,net_cost_vs_R45A,net_relative_cost_vs_R45A_pp
TSP,R45A,full,-1,88.9,1000,0.385,0.611,0.753,7.9140795681711475,0.5615552846177718,-0.5494389262490906,0.5667518504274272,49.5034444896431,0.0,0.0
TSP,R45A,permutable_only,-1,88.9,889,0.38357705286839144,0.6006749156355455,0.7446569178852643,7.875521817277527,0.5597263901066127,-0.5455902105961696,0.5647528185250827,49.414589212339635,0.0,0.0
TSP,conditional_majority,full,-1,88.9,1000,0.298,0.506,0.65,7.991055312257715,1.7073779870523809,0.4178600341084193,1.5449073626855325,-37.64842644867345,0.07697574408656752,1.1458227024346093
TSP,conditional_majority,permutable_only,-1,88.9,889,0.2958380202474691,0.5061867266591676,0.6445444319460067,7.95362945864705,1.7162570248047777,0.44077609663775164,1.5621312563997458,-39.92148196019363,0.07810764136952193,1.1565306346981648
TSP,conditional_mean_gap,full,-1,88.9,1000,0.149,0.296,0.424,7.953211929582283,1.0472947244927477,-0.05769061048410684,1.0640193400268894,5.197818715121376,0.039132361411136275,0.4857394398749758
TSP,conditional_mean_gap,permutable_only,-1,88.9,889,0.15073115860517436,0.2992125984251969,0.42407199100112486,7.914670271067855,1.0492566422902243,-0.05121200224137423,1.0646504341998542,4.638316458672611,0.039148453790327414,0.48953025218361135
TSP,permuted_R45A,full,0,88.9,1000,0.286,0.469,0.616,7.961166338404443,1.23820254851556,0.04226673939589087,1.165098568665468,-3.808156079742097,0.047086770233295036,0.6766472638977882
TSP,permuted_R45A,permutable_only,0,88.9,889,0.2722159730033746,0.4409448818897638,0.5905511811023622,7.928487813040515,1.3208594203628425,0.12327998870409473,1.2410905133818817,-11.165577903712782,0.052965995762986544,0.7611330302562297
TSP,permuted_R45A,full,1,88.9,1000,0.286,0.467,0.625,7.965699349835244,1.2843691702914206,0.09922984246601985,1.2227010013640127,-8.940427704617088,0.0516197816640974,0.7228138856736488
TSP,permuted_R45A,permutable_only,1,88.9,889,0.2722159730033746,0.43869516310461193,0.6006749156355455,7.933586813525107,1.3727903784909197,0.1876716690875302,1.3062010844972383,-16.99758949967406,0.05806499624757863,0.8130639883843067
TSP,permuted_R45A,full,2,88.9,1000,0.283,0.452,0.602,7.963938667305905,1.271645997303277,0.07710460807746067,1.2003274427599742,-6.946984466345599,0.04985909913475763,0.7100907126855049
TSP,permuted_R45A,permutable_only,2,88.9,889,0.2688413948256468,0.421822272215973,0.5748031496062992,7.931606293244633,1.3584785978518377,0.16266107548619235,1.280911264079121,-14.732357857382267,0.05608447596710646,0.798752207745225
TSP,permuted_R45A,full,3,88.9,1000,0.281,0.47,0.619,7.965454281892999,1.2728943149339325,0.0961502494258415,1.2195868442820723,-8.662961992175852,0.05137471372185068,0.7113390303161606
TSP,permuted_R45A,permutable_only,3,88.9,889,0.26659167604049494,0.4420697412823397,0.59392575928009,7.933311146548451,1.3598827796635986,0.18419046528950211,1.3026810153499824,-16.682293784496814,0.05778932927092316,0.800156389556986
TSP,permuted_R45A,full,4,88.9,1000,0.279,0.46,0.603,7.962319255830851,1.237407960380808,0.056754625692745364,1.1797490608328465,-5.113488193659001,0.04823968765970407,0.6758526757630361
TSP,permuted_R45A,permutable_only,4,88.9,889,0.2643419572553431,0.43082114735658045,0.5759280089988752,7.929784683036476,1.319965620436237,0.1396572450960365,1.2576506110626884,-12.648880538758975,0.054262865758947225,0.7602392303296245
TSP,permuted_R45A,full,5,88.9,1000,0.286,0.467,0.619,7.96339898971026,1.262600941081934,0.0703228668498701,1.193469586154805,-6.335961958903797,0.04931942153911351,0.7010456564641622
TSP,permuted_R45A,permutable_only,5,88.9,889,0.2722159730033746,0.43869516310461193,0.59392575928009,7.930999231832211,1.348304181404883,0.15499492511810153,1.2731595261876727,-14.038027820072795,0.05547741455468338,0.7885777912982702
TSP,permuted_R45A,full,6,88.9,1000,0.28,0.461,0.61,7.968212417537714,1.317730846025953,0.13080976163084568,1.2546353601028404,-11.785720785754354,0.054132849366566274,0.756175561408181
TSP,permuted_R45A,permutable_only,6,88.9,889,0.265466816647919,0.43194600674915634,0.5838020247469067,7.9364136613344085,1.4103175727929806,0.22336993606735245,1.3422978991329826,-20.230813197864368,0.06089184405687995,0.8505911826863678
TSP,permuted_R45A,full,7,88.9,1000,0.288,0.468,0.616,7.963764649136152,1.2602329403362535,0.07491784656339373,1.198116137965255,-6.749961244924145,0.04968508096500507,0.6986776557184817
TSP,permuted_R45A,permutable_only,7,88.9,889,0.2744656917885264,0.4398200224971879,0.5905511811023622,7.93141054727191,1.345640513524477,0.16018913767208431,1.2784117287062635,-14.508472257403437,0.05588872999438141,0.7859141234178646
TSP,permuted_R45A,full,8,88.9,1000,0.276,0.458,0.612,7.965186609918393,1.270336441839097,0.09278660772513714,1.216185450498286,-8.359904013828672,0.05110704174724638,0.7087811572213252
TSP,permuted_R45A,permutable_only,8,88.9,889,0.2609673790776153,0.42857142857142855,0.5860517435320585,7.933010053213689,1.357005532087856,0.18038816995022966,1.298836269885717,-16.337916523677222,0.05748823593616016,0.7972791419812432
TSP,permuted_R45A,full,9,88.9,1000,0.283,0.464,0.619,7.962341793570673,1.2419595176123825,0.05703784130250966,1.1800354551340986,-5.139005403210061,0.04826222539952464,0.6804042329946106
TSP,permuted_R45A,permutable_only,9,88.9,889,0.2688413948256468,0.43532058492688414,0.59392575928009,7.9298100348248,1.3250854823390206,0.1399773949481098,1.2579743351771588,-12.677876794776058,0.05428821754727182,0.7653590922324078
TSP,permuted_R45A,full,10,88.9,1000,0.288,0.466,0.603,7.963936770422021,1.2587048900877895,0.07708077129833235,1.2003033384470063,-6.9448368160505565,0.049857202250872874,0.6971496054700175
TSP,permuted_R45A,permutable_only,10,88.9,889,0.2744656917885264,0.437570303712036,0.5759280089988752,7.93160415951698,1.3439216718501645,0.16263413014474537,1.2808840179106884,-14.729917393912245,0.05608234223945205,0.7841952817435517
TSP,permuted_R45A,full,11,88.9,1000,0.284,0.464,0.625,7.96437856188552,1.2624722253263274,0.08263244771808953,1.205917324520378,-7.445032729262663,0.05029899371437149,0.7009169407085556
TSP,permuted_R45A,permutable_only,11,88.9,889,0.26996625421822273,0.43532058492688414,0.6006749156355455,7.932101112794257,1.3481593942782162,0.16890980254222754,1.2872297540601263,-15.29831060832494,0.05657929551672833,0.7884330041716036
TSP,permuted_R45A,full,12,88.9,1000,0.285,0.463,0.609,7.961856634979718,1.250371153723015,0.05094120129975899,1.1738703890383562,-4.589709265767541,0.047777066808570086,0.6888158691052432
TSP,permuted_R45A,permutable_only,12,88.9,889,0.27109111361079863,0.4341957255343082,0.5826771653543307,7.929264299626877,1.3345473902249965,0.13308569008461113,1.251005688964657,-12.053688973608416,0.05374248234934767,0.7748210001183838
TSP,permuted_R45A,full,13,88.9,1000,0.279,0.458,0.609,7.9645158797660605,1.258979722164042,0.08435802302315665,1.2076622669483728,-7.600503914950729,0.05043631159491294,0.6974244375462701
TSP,permuted_R45A,permutable_only,13,88.9,889,0.2643419572553431,0.42857142857142855,0.5826771653543307,7.932255576101953,1.3442308192925185,0.17086041069969138,1.2892021394738773,-15.47497891897881,0.056733758824424003,0.7845044291859057
TSP,permuted_R45A,full,14,88.9,1000,0.281,0.451,0.604,7.96240564472009,1.2483909215943112,0.05784021289607644,1.1808468322049848,-5.2112976194053635,0.048326076548942554,0.6868356369765396
TSP,permuted_R45A,permutable_only,14,88.9,889,0.26659167604049494,0.42069741282339707,0.5770528683914511,7.929881858389949,1.3323199075155436,0.14088440408943637,1.2588914704785958,-12.760025417056312,0.05436004111242132,0.7725935174089309
TSP,permuted_R45A,full,15,88.9,1000,0.286,0.47,0.622,7.961876697503379,1.2349471282261184,0.051193312643538214,1.174125329972564,-4.6124240377200945,0.047797129332230695,0.6733918436083465
TSP,permuted_R45A,permutable_only,15,88.9,889,0.2722159730033746,0.4420697412823397,0.5973003374578177,7.929286867145054,1.3171975302734815,0.1333706793529732,1.2512938599506418,-12.079500704377468,0.053765049867526095,0.7574711401668689
TSP,permuted_R45A,full,16,88.9,1000,0.291,0.461,0.611,7.962274988722526,1.2346304927107468,0.056198352695724374,1.1791865444644278,-5.063369011865965,0.04819542055137886,0.6730752080929749
TSP,permuted_R45A,permutable_only,16,88.9,889,0.2778402699662542,0.43194600674915634,0.5849268841394826,7.929734888763893,1.3168413598399928,0.13902842835149531,1.2570147739930704,-12.591928048561826,0.05421307148636542,0.75711496973338
TSP,permuted_R45A,full,17,88.9,1000,0.277,0.465,0.612,7.969940501669169,1.3389786792614526,0.1525253553364081,1.276594680391141,-13.74225614611041,0.05586093349802195,0.7774233946436807
TSP,permuted_R45A,permutable_only,17,88.9,889,0.26209223847019125,0.4364454443194601,0.5860517435320585,7.938357513000838,1.4342183975798193,0.24791746760726152,1.367119487706514,-22.4541048986014,0.06283569572330928,0.8744920074732067
TSP,permuted_R45A,full,18,88.9,1000,0.289,0.463,0.613,7.961167502688103,1.204761437402175,0.042281370113483874,1.1651133635920186,-3.8094742806965365,0.0470879345169553,0.643206152784403
TSP,permuted_R45A,permutable_only,18,88.9,889,0.2755905511811024,0.4341957255343082,0.5871766029246345,7.928489122695926,1.2832428724287759,0.12329652741847053,1.2411072367401133,-11.167075829740735,0.05296730541839741,0.7235164823221633
TSP,permuted_R45A,full,19,88.9,1000,0.282,0.468,0.618,7.96524469898358,1.2800525427420801,0.0935165713393804,1.2169236069135225,-8.425672403236687,0.05116513081243271,0.7184972581243081
TSP,permuted_R45A,permutable_only,19,88.9,889,0.2677165354330709,0.4398200224971879,0.592800899887514,7.933075395244269,1.3679347794477916,0.18121332836340542,1.2996706406495084,-16.412651852924228,0.05755357796674095,0.8082083893411791
TSP,permuted_R45A,full,20,88.9,1000,0.28,0.466,0.622,7.965225067912066,1.2903940550871944,0.09326988174527262,1.2166741485803767,-8.40344612103303,0.05114549974091897,0.7288387704694226
TSP,permuted_R45A,permutable_only,20,88.9,889,0.265466816647919,0.437570303712036,0.5973003374578177,7.933053313049091,1.3795675267426337,0.18093446789686496,1.2993886668893895,-16.38739521317049,0.0575314957715624,0.8198411366360209
TSP,permuted_R45A,full,21,88.9,1000,0.281,0.464,0.618,7.965551554342181,1.2922937560360683,0.09737260252007385,1.2208229165472595,-8.773093775084002,0.05147198617103277,0.7307384714182966
TSP,permuted_R45A,permutable_only,21,88.9,889,0.26659167604049494,0.43532058492688414,0.592800899887514,7.933420564376553,1.38170442319806,0.18557222585939837,1.3040782023672204,-16.80744106467933,0.05789874709902448,0.8219780330914472
TSP,permuted_R45A,full,22,88.9,1000,0.289,0.471,0.617,7.963934115571027,1.2665853717041888,0.07704740969025625,1.2002696024024262,-6.941830996049092,0.04985454739987851,0.7050300870864171
TSP,permuted_R45A,permutable_only,22,88.9,889,0.2755905511811024,0.4431946006749156,0.5916760404949382,7.931601173182903,1.3527861056143933,0.1625964178382011,1.2808458845710469,-14.72650175686365,0.05607935590537515,0.7930597155077808
TSP,permuted_R45A,full,23,88.9,1000,0.264,0.452,0.61,7.96835632919377,1.3174292741070346,0.13261819618304305,1.2564640917548608,-11.948657438383595,0.054276761022622154,0.7558739894892629
TSP,permuted_R45A,permutable_only,23,88.9,889,0.24746906636670415,0.421822272215973,0.5838020247469067,7.936575541712423,1.409978346787448,0.2254142091739908,1.3443649952034287,-20.415964826029768,0.06105372443489556,0.8502519566808356
TSP,permuted_R45A,full,24,88.9,1000,0.285,0.461,0.607,7.96494489478679,1.2745651645619969,0.08974914705128789,1.2131138986584133,-8.086234350698577,0.05086532661564236,0.713009879944225
TSP,permuted_R45A,permutable_only,24,88.9,889,0.27109111361079863,0.43194600674915634,0.5804274465691789,7.932738157677576,1.3617622505613092,0.1769545930145222,1.2953643593233366,-16.026934415656235,0.05721634040004765,0.8020358604546965
TSP,permuted_R45A,full,25,88.9,1000,0.283,0.465,0.609,7.965573275732189,1.2805397309984874,0.09764555964730803,1.2210989372291259,-8.797686714081616,0.05149370756104158,0.7189844463807158
TSP,permuted_R45A,permutable_only,25,88.9,889,0.2688413948256468,0.4364454443194601,0.5826771653543307,7.933444997886125,1.3684827977339644,0.185880779416836,1.304390200722061,-16.835387034007944,0.057923180608595706,0.8087564076273517
TSP,permuted_R45A,full,26,88.9,1000,0.279,0.456,0.616,7.968565488839849,1.316504043916033,0.1352465554227189,1.2591219505801554,-12.18546780893504,0.05448592066870161,0.7549487592982613
TSP,permuted_R45A,permutable_only,26,88.9,889,0.2643419572553431,0.4263217097862767,0.5905511811023622,7.936810816904864,1.4089375929168053,0.22838533362077307,1.347369290299194,-20.685062202016667,0.061288999627335895,0.8492112028101927
TSP,permuted_R45A,full,27,88.9,1000,0.284,0.466,0.614,7.962717856469741,1.238598445967954,0.06176355400089317,1.1848142072208079,-5.5647834925707,0.04863828829859341,0.6770431613501822
TSP,permuted_R45A,permutable_only,27,88.9,889,0.26996625421822273,0.437570303712036,0.5883014623172104,7.930233052709017,1.3213047493306644,0.1453193894192406,1.263375969500724,-13.161705971397886,0.05471123543148865,0.7615783592240516
TSP,permuted_R45A,full,28,88.9,1000,0.275,0.457,0.615,7.967615827020819,1.3103343613430496,0.12331283654620773,1.247054292721339,-11.110261518053575,0.05353625884967107,0.7487790767252778
TSP,permuted_R45A,permutable_only,28,88.9,889,0.25984251968503935,0.42744656917885265,0.5894263217097863,7.935742580887957,1.4019975675253726,0.21489533447629494,1.3337286841927476,-19.463261016342383,0.06022076361042865,0.8422711774187601
TSP,permuted_R45A,full,29,88.9,1000,0.295,0.47,0.614,7.964853408087012,1.2865045706494227,0.0885994993196304,1.2119513477698574,-7.982653188266059,0.05077383991586509,0.7249492860316508
TSP,permuted_R45A,permutable_only,29,88.9,889,0.2823397075365579,0.4420697412823397,0.5883014623172104,7.932635248004036,1.375192403640528,0.17565501933787253,1.2940502767619266,-15.90923087527885,0.05711343072650742,0.8154660135339156
TSP,permuted_R45A,full,30,88.9,1000,0.282,0.47,0.611,7.962309828209943,1.2350480645002986,0.05663615554334367,1.179629261024906,-5.10281424941365,0.0482302600387952,0.6734927798825266
TSP,permuted_R45A,permutable_only,30,88.9,889,0.2677165354330709,0.4420697412823397,0.5849268841394826,7.929774078288546,1.3173110693895451,0.1395233252148076,1.2575151960541486,-12.636751296354618,0.054252261011018224,0.7575846792829323
TSP,permuted_R45A,full,31,88.9,1000,0.291,0.469,0.616,7.961917042972304,1.236800147034276,0.051700305211244135,1.174638012809126,-4.658103142773359,0.04783747480115588,0.6752448624165042
TSP,permuted_R45A,permutable_only,31,88.9,889,0.2778402699662542,0.4409448818897638,0.5905511811023622,7.929332250124723,1.3192819158844575,0.13394378899094228,1.251873367980516,-12.1314077525315,0.05381043284719447,0.7595555257778449
TSP,permuted_R45A,full,32,88.9,1000,0.276,0.463,0.608,7.962006744107612,1.244541103039774,0.05282751503501437,1.175777873956263,-4.759662690656326,0.04792717593646489,0.6829858184220022
TSP,permuted_R45A,permutable_only,32,88.9,889,0.2609673790776153,0.4341957255343082,0.5815523059617548,7.9294331512893,1.3279894029547594,0.13521799862463713,1.2531618033261527,-12.246814049046751,0.053911334011771526,0.7682630128481465
TSP,permuted_R45A,full,33,88.9,1000,0.27,0.46,0.612,7.966782776289951,1.3026340416101099,0.11284448556816429,1.2364684494266864,-10.167082200422408,0.052703208118803344,0.7410787569923378
TSP,permuted_R45A,permutable_only,33,88.9,889,0.2542182227221597,0.43082114735658045,0.5860517435320585,7.934805515948849,1.3933357905479375,0.2030618023478148,1.321763038466317,-18.39148751728897,0.05928369867131985,0.8336094004413248
TSP,permuted_R45A,full,34,88.9,1000,0.279,0.461,0.613,7.965501669787458,1.276874495887967,0.09674573910363193,1.220189017482598,-8.716614525333517,0.051422101616310625,0.7153192112701952
TSP,permuted_R45A,permutable_only,34,88.9,889,0.2643419572553431,0.43194600674915634,0.5871766029246345,7.933364451266629,1.3643599235938966,0.1848636129752501,1.3033616782865964,-16.743261367353178,0.05784263398910082,0.8046335334872837
TSP,permuted_R45A,full,35,88.9,1000,0.278,0.461,0.613,7.964344511047067,1.2623001316864297,0.08220455525629333,1.2054846295757038,-7.406480399390429,0.050264942875919136,0.7007448470686579
TSP,permuted_R45A,permutable_only,35,88.9,889,0.26321709786276715,0.43194600674915634,0.5871766029246345,7.932062810388798,1.3479658131309749,0.16842610848146755,1.286740659873531,-15.254502008293539,0.056540993111270116,0.7882394230243621
TSP,permuted_R45A,full,36,88.9,1000,0.283,0.463,0.609,7.9598188731631785,1.2112618501826171,0.025334110261088227,1.147975894906872,-2.282557097958238,0.04573930499203095,0.6497065655648453
TSP,permuted_R45A,permutable_only,36,88.9,889,0.2688413948256468,0.4341957255343082,0.5826771653543307,7.92697210410771,1.2905549228004771,0.10413916974350013,1.2217359997751753,-9.431976956049649,0.05145028683018105,0.7308285326938642
TSP,permuted_R45A,full,37,88.9,1000,0.281,0.469,0.616,7.960461820249534,1.206776248986632,0.03341356510204729,1.1561460301107829,-3.0105012335443053,0.04638225207838674,0.6452209643688602
TSP,permuted_R45A,permutable_only,37,88.9,889,0.26659167604049494,0.4409448818897638,0.5905511811023622,7.927695329176727,1.2855092521638234,0.11327226899111587,1.2309710640649119,-10.259169854293207,0.05217351189919769,0.7257828620572107
TSP,permuted_R45A,full,38,88.9,1000,0.269,0.452,0.608,7.9673722043444055,1.2878180279754683,0.12025140512503807,1.243958501096687,-10.834432134337826,0.05329263617325843,0.7262627433576965
TSP,permuted_R45A,permutable_only,38,88.9,889,0.2530933633295838,0.421822272215973,0.5815523059617548,7.93546853963215,1.3766698584504782,0.21143466076012363,1.3302293743321814,-19.149824728884262,0.0599467223546214,0.8169434683438654
TSP,permuted_R45A,full,39,88.9,1000,0.281,0.463,0.611,7.960752519775859,1.2075886316706523,0.03706657752728937,1.1598400423929567,-3.3396309860498734,0.046672951604710196,0.6460333470528806
TSP,permuted_R45A,permutable_only,39,88.9,889,0.26659167604049494,0.4341957255343082,0.5849268841394826,7.928022325269328,1.2864230684563098,0.11740167198786011,1.2351465691283314,-10.633173545732184,0.05250050799179999,0.726696678349697
TSP,permuted_R45A,full,40,88.9,1000,0.287,0.467,0.617,7.960107669017782,1.2285263781939144,0.02896320060934432,1.1516457166208527,-2.609531514985625,0.04602810084663495,0.6669710935761425
TSP,permuted_R45A,permutable_only,40,88.9,889,0.27334083239595053,0.43869516310461193,0.5916760404949382,7.927296958837298,1.309975089292375,0.10824153097721556,1.225884161172086,-9.803531451030095,0.05177514155976934,0.7502486991857621
TSP,permuted_R45A,full,41,88.9,1000,0.284,0.468,0.613,7.9654149327591846,1.3002616442427106,0.0956557770867894,1.2190868221958917,-8.618410936873643,0.05133536458803763,0.7387063596249387
TSP,permuted_R45A,permutable_only,41,88.9,889,0.26996625421822273,0.4398200224971879,0.5871766029246345,7.9332668843056915,1.390667177086296,0.1836315086474194,1.3021158183248671,-16.631668585731102,0.0577450670281638,0.8309407869796834
TSP,permuted_R45A,full,42,88.9,1000,0.282,0.474,0.619,7.966544063652068,1.311682390182949,0.10984475507920255,1.233435051239229,-9.89681195808894,0.052464495480920206,0.7501271055651773
TSP,permuted_R45A,permutable_only,42,88.9,889,0.2677165354330709,0.4465691788526434,0.59392575928009,7.934536997795999,1.403513910427397,0.1996708760029886,1.3183342546606136,-18.084368311107745,0.05901518051847042,0.8437875203207843
TSP,permuted_R45A,full,43,88.9,1000,0.275,0.454,0.612,7.96218465554572,1.247157978230724,0.055063200459826156,1.1780386517628916,-4.96109386714484,0.04810508737457188,0.685602693612952
TSP,permuted_R45A,permutable_only,43,88.9,889,0.25984251968503935,0.42407199100112486,0.5860517435320585,7.929633276641502,1.3309330195924982,0.13774524053304926,1.2557172602271516,-12.475708589891457,0.054111459363972866,0.7712066294858853
TSP,permuted_R45A,full,44,88.9,1000,0.295,0.462,0.614,7.961828479212718,1.2478353448708606,0.05058738797234508,1.173512604660698,-4.557831330700567,0.047748911041570495,0.6862800602530887
TSP,permuted_R45A,permutable_only,44,88.9,889,0.2823397075365579,0.4330708661417323,0.5883014623172104,7.929232628347912,1.3316949618198735,0.13268573584286347,1.2506012694970536,-12.01746476324807,0.053710811070383,0.7719685717132607
TSP,permuted_R45A,full,45,88.9,1000,0.275,0.452,0.615,7.96406003627823,1.2631850262679003,0.07862976489332318,1.2018697172869297,-7.084398311933963,0.049980468107082246,0.7016297416501285
TSP,permuted_R45A,permutable_only,45,88.9,889,0.25984251968503935,0.421822272215973,0.5894263217097863,7.931742816273121,1.3489611951123814,0.16438512851224552,1.2826545650225452,-14.888506868872096,0.056220998995593074,0.7892348050057688
TSP,permuted_R45A,full,46,88.9,1000,0.278,0.47,0.611,7.96539226754872,1.2929398198841016,0.0953709596448915,1.2187988080842205,-8.592749405170807,0.051312699377571235,0.7313845352663298
TSP,permuted_R45A,permutable_only,46,88.9,889,0.26321709786276715,0.4420697412823397,0.5849268841394826,7.933241389130814,1.382431154185724,0.1833095480676894,1.3017902632671552,-16.602508330504907,0.05771957185328598,0.8227047640791111
TSP,permuted_R45A,full,47,88.9,1000,0.287,0.465,0.614,7.964207175439793,1.2715546785601832,0.08047875719208175,1.203739461888409,-7.2509891435096065,0.05012760726864526,0.7099993939424114
TSP,permuted_R45A,permutable_only,47,88.9,889,0.27334083239595053,0.4364454443194601,0.5883014623172104,7.931908327141022,1.3583758771059506,0.166475248514808,1.2847680198392997,-15.077810891056881,0.056386509863493,0.7986494869993379
TSP,permuted_R45A,full,48,88.9,1000,0.286,0.473,0.615,7.963706893962358,1.2563334367783245,0.07419207872274569,1.197382224415211,-6.684570887061481,0.04962732579121015,0.6947781521605525
TSP,permuted_R45A,permutable_only,48,88.9,889,0.2722159730033746,0.4454443194600675,0.5894263217097863,7.931345580822197,1.3412541203209574,0.15936872220474463,1.2775821538401733,-14.434166500967283,0.05582376354466834,0.7815277302143447
TSP,permuted_R45A,full,49,88.9,1000,0.281,0.465,0.622,7.9620051683661455,1.233011452375791,0.05280771382232263,1.1757578505031674,-4.757878637529932,0.04792560019499797,0.671456167758019
TSP,permuted_R45A,permutable_only,49,88.9,889,0.26659167604049494,0.4364454443194601,0.5973003374578177,7.929431378801711,1.3150201671122583,0.1351956151291578,1.2531391699336814,-12.244786756011138,0.05390956152418219,0.7552937770056456
TSP,permuted_R45A,full,50,88.9,1000,0.277,0.463,0.607,7.962865640089615,1.2357999811065985,0.0636206447449883,1.1866921411611164,-5.732103979288846,0.04878607191846796,0.6742446964888268
TSP,permuted_R45A,permutable_only,50,88.9,889,0.26209223847019125,0.4341957255343082,0.5804274465691789,7.930399288501901,1.3181568698465755,0.1474186639880637,1.2654986810884505,-13.35183913076764,0.05487747122437342,0.7584304797399626
TSP,permuted_R45A,full,51,88.9,1000,0.278,0.452,0.611,7.96271711638878,1.254367442625484,0.06175425393433187,1.184804802774253,-5.563945573546223,0.048637548217633095,0.6928121580077122
TSP,permuted_R45A,permutable_only,51,88.9,889,0.26321709786276715,0.421822272215973,0.5849268841394826,7.930232220221997,1.3390426533323858,0.14530887652788316,1.2633653392398525,-13.160753809505096,0.054710402944469175,0.7793162632257731
TSP,permuted_R45A,full,52,88.9,1000,0.282,0.463,0.617,7.962156037768544,1.236740066811015,0.05470358138190967,1.177674996473499,-4.92869284455595,0.04807646959739605,0.6751847821932428
TSP,permuted_R45A,permutable_only,52,88.9,889,0.2677165354330709,0.4341957255343082,0.5916760404949382,7.92960108566605,1.3192143340810143,0.13733872341095132,1.2553062046089636,-12.438889973638002,0.054079268388522,0.7594879439744014
TSP,permuted_R45A,full,53,88.9,1000,0.272,0.46,0.617,7.964223151996483,1.261463894481078,0.08067952311983095,1.2039424811274957,-7.269077787187375,0.05014358382533534,0.699908609863306
TSP,permuted_R45A,permutable_only,53,88.9,889,0.25646794150731156,0.43082114735658045,0.5916760404949382,7.931926298520875,1.3470251638561135,0.16670219639429718,1.2849975014425086,-15.09836576176504,0.05640448124334684,0.7872987737495007
TSP,permuted_R45A,full,54,88.9,1000,0.274,0.463,0.602,7.96359284234742,1.2551511774583246,0.07275887388835667,1.1959329338996572,-6.555441747183222,0.049513274176271875,0.6935958928405529
TSP,permuted_R45A,permutable_only,54,88.9,889,0.25871766029246346,0.4341957255343082,0.5748031496062992,7.931217288791894,1.3399242448203954,0.15774861264876705,1.2759439568272857,-14.287431741741722,0.05569547151436657,0.7801978547137827
TSP,permuted_R45A,full,55,88.9,1000,0.273,0.467,0.622,7.965424045483791,1.2752172095870784,0.0957702901602353,1.2192026205153583,-8.628728355798065,0.05134447731264308,0.7136619249693067
TSP,permuted_R45A,permutable_only,55,88.9,889,0.2575928008998875,0.43869516310461193,0.5973003374578177,7.933277134839557,1.3624957095321544,0.18376095540908466,1.3022467102744129,-16.64339269372986,0.05775531756202821,0.8027693194255419
TSP,permuted_R45A,full,56,88.9,1000,0.273,0.457,0.616,7.959594795702639,1.2007576891987837,0.02251828954780155,1.1451284706201603,-2.028856790765812,0.045515227531491724,0.6392024045810117
TSP,permuted_R45A,permutable_only,56,88.9,889,0.2575928008998875,0.42744656917885265,0.5905511811023622,7.926720048471557,1.278739218656682,0.10095613690970229,1.218517430474697,-9.143686849524899,0.05119823119402893,0.7190128285500694
TSP,permuted_R45A,full,57,88.9,1000,0.286,0.464,0.621,7.96158792371299,1.2345728233249804,0.0475644995604485,1.1704557886356826,-4.285474601778253,0.04750835554184314,0.6730175387072086
TSP,permuted_R45A,permutable_only,57,88.9,889,0.2722159730033746,0.43532058492688414,0.5961754780652418,7.928962037234608,1.3167764898897494,0.12926863154270052,1.2471460154763303,-11.707974596435019,0.05344021995707889,0.7570500997831368
TSP,permuted_R45A,full,58,88.9,1000,0.286,0.453,0.601,7.96730848817289,1.3077727838671327,0.11945072970194204,1.2431488392333545,-10.762292740006242,0.05322892000174259,0.7462174992493608
TSP,permuted_R45A,permutable_only,58,88.9,889,0.2722159730033746,0.4229471316085489,0.5736782902137233,7.935396867898161,1.3991161530417768,0.2105295689874387,1.3293141778055517,-19.06784976438147,0.05987505062063283,0.839389762935164
TSP,permuted_R45A,full,59,88.9,1000,0.284,0.469,0.623,7.96336610228123,1.2562086776368637,0.06990959411978803,1.1930516750274567,-6.29872684017498,0.04928653411008239,0.6946533930190919
TSP,permuted_R45A,permutable_only,59,88.9,889,0.26996625421822273,0.4409448818897638,0.5984251968503937,7.930962238098768,1.341113783828876,0.15452775735311786,1.2726871428020647,-13.995716021305915,0.05544042082124003,0.7813873937222632
TSP,permuted_R45A,full,60,88.9,1000,0.274,0.449,0.597,7.967933534821333,1.327764761480311,0.12730524257984488,1.2510915078213447,-11.469970015257084,0.05385396665018656,0.766209476862539
TSP,permuted_R45A,permutable_only,60,88.9,889,0.25871766029246346,0.4184476940382452,0.5691788526434196,7.936099957491462,1.421604316836128,0.2194083915154188,1.3382921265434167,-19.872012594630053,0.060578140213933145,0.8618779267295152
TSP,permuted_R45A,full,61,88.9,1000,0.282,0.466,0.62,7.964866448726474,1.265050580089158,0.08876337168155501,1.2121170593654362,-7.997417788996791,0.05078688055532647,0.7034952954713861
TSP,permuted_R45A,permutable_only,61,88.9,889,0.2677165354330709,0.437570303712036,0.595050618672666,7.932649916889819,1.351059680850579,0.17584026234926942,1.294237587889624,-15.926008499097847,0.05712809961229075,0.7913332907439663
TSP,permuted_R45A,full,62,88.9,1000,0.285,0.467,0.618,7.960755484252327,1.226044552231937,0.037103829976614655,1.159877712947921,-3.3429873637451117,0.04667591608117908,0.664489267614165
TSP,permuted_R45A,permutable_only,62,88.9,889,0.27109111361079863,0.43869516310461193,0.592800899887514,7.928025659888529,1.3071833840483056,0.11744378254157084,1.2351891498186607,-10.63698753592559,0.0525038426110001,0.7474569939416931
TSP,permuted_R45A,full,63,88.9,1000,0.281,0.466,0.614,7.964839690987193,1.2588102435206232,0.08842712636565331,1.2117770401751882,-7.967122699704611,0.0507601228160461,0.6972549589028513
TSP,permuted_R45A,permutable_only,63,88.9,889,0.26659167604049494,0.437570303712036,0.5883014623172104,7.932619818195466,1.3440401796486277,0.17546016716931678,1.2938532491971522,-15.891582941575388,0.05709800091793712,0.7843137895420149
TSP,permuted_R45A,full,64,88.9,1000,0.282,0.483,0.624,7.962955355625636,1.2594814055645693,0.06474803553218056,1.1878321853027618,-5.833679831646201,0.0488757874544891,0.6979261209467976
TSP,permuted_R45A,permutable_only,64,88.9,889,0.2677165354330709,0.4566929133858268,0.5995500562429696,7.930500205865255,1.3447951425777012,0.1486930781847029,1.2667873232808269,-13.467263954729223,0.05497838858772677,0.7850687524710883
TSP,permuted_R45A,full,65,88.9,1000,0.279,0.464,0.616,7.964374320370008,1.2584324964597817,0.08257914763512009,1.2058634262199774,-7.440230489064999,0.05029475219885988,0.6968772118420098
TSP,permuted_R45A,permutable_only,65,88.9,889,0.2643419572553431,0.43532058492688414,0.5905511811023622,7.932096341685695,1.3436152673192225,0.16884955157765447,1.287168830433183,-15.292853625031702,0.05657452440816633,0.7838888772126095
TSP,permuted_R45A,full,66,88.9,1000,0.29,0.467,0.629,7.958311810990538,1.1893489660929875,0.006395940970382874,1.128825171663106,-0.5762626083814226,0.04423224281939034,0.6277936814752156
TSP,permuted_R45A,permutable_only,66,88.9,889,0.27671541057367827,0.43869516310461193,0.6051743532058492,7.925276871067619,1.2659060093138295,0.08273126746485282,1.200089092357226,-7.493044261780728,0.04975505379009037,0.7061796192072167
TSP,permuted_R45A,full,67,88.9,1000,0.282,0.458,0.616,7.9675154412821065,1.3149979491644903,0.12205136097565017,1.2457786588857767,-10.996604871428616,0.05343587311095906,0.7534426645467186
TSP,permuted_R45A,permutable_only,67,88.9,889,0.2677165354330709,0.42857142857142855,0.5905511811023622,7.935629661046886,1.4072434480894234,0.21346934945489782,1.3322867789870907,-19.334108288366085,0.06010784376935777,0.8475170579828105
TSP,permuted_R45A,full,68,88.9,1000,0.268,0.449,0.604,7.966810928337904,1.302489414351922,0.11319825216100643,1.2368261865452146,-10.198955924788258,0.052731360166757064,0.7409341297341497
TSP,permuted_R45A,permutable_only,68,88.9,889,0.25196850393700787,0.4184476940382452,0.5770528683914511,7.934837183044409,1.3931731052181422,0.20346170376028816,1.3221674045148735,-18.42770694285571,0.059315365766880845,0.8334467151115296
TSP,permuted_R45A,full,69,88.9,1000,0.291,0.476,0.62,7.96342746414928,1.2569004457157684,0.07068068469999744,1.193831420000202,-6.3682006941568154,0.049347895978132314,0.6953451610979969
TSP,permuted_R45A,permutable_only,69,88.9,889,0.2778402699662542,0.44881889763779526,0.595050618672666,7.93103126157239,1.3418919256499162,0.15539940611366543,1.2735685229473548,-14.074662022541581,0.055509444294861994,0.7821655355433036
TSP,permuted_R45A,full,70,88.9,1000,0.278,0.468,0.615,7.967879746512464,1.319749155853414,0.12662932348526112,1.250408002498471,-11.409070938435136,0.05380017834131624,0.7581938712356423
TSP,permuted_R45A,permutable_only,70,88.9,889,0.26321709786276715,0.4398200224971879,0.5894263217097863,7.936039453207019,1.4125878875595286,0.21864432558573732,1.3375195303205079,-19.802810465792557,0.06051763592948958,0.852861497452916
TSP,permuted_R45A,full,71,88.9,1000,0.271,0.452,0.604,7.968333735834442,1.3130267826391733,0.1323342816428319,1.2561769906786813,-11.923077256475526,0.05425416766329328,0.7514714980214015
TSP,permuted_R45A,permutable_only,71,88.9,889,0.25534308211473566,0.421822272215973,0.5770528683914511,7.936550127359973,1.4050261629090892,0.22509326924369244,1.3440404721900334,-20.38689701192766,0.06102831008244464,0.8452997728024761
TSP,permuted_R45A,full,72,88.9,1000,0.287,0.458,0.605,7.962227224286042,1.2427625751391622,0.05559813128441782,1.1785795864234228,-5.009290158152843,0.04814765611489314,0.6812072905213905
TSP,permuted_R45A,permutable_only,72,88.9,889,0.27334083239595053,0.42857142857142855,0.578177727784027,7.929681160488881,1.3259888091407976,0.1383499318652559,1.2563287025401104,-12.530476020100803,0.054159343211353364,0.7662624190341849
TSP,permuted_R45A,full,73,88.9,1000,0.274,0.453,0.603,7.966378273727903,1.289511823375053,0.1077613920252185,1.2313283054048885,-9.709104749211996,0.052298705556756586,0.7279565387572815
TSP,permuted_R45A,permutable_only,73,88.9,889,0.25871766029246346,0.4229471316085489,0.5759280089988752,7.934350507442609,1.3785751401148034,0.19731582087672006,1.3159529068938358,-17.87106887981865,0.058828690165080536,0.8188487500081908
TSP,permuted_R45A,full,74,88.9,1000,0.277,0.458,0.618,7.963484963845826,1.2626397716671702,0.07140324214129912,1.1945620871187446,-6.433301800898775,0.04940539567467744,0.7010844870493982
TSP,permuted_R45A,permutable_only,74,88.9,889,0.26209223847019125,0.42857142857142855,0.592800899887514,7.93109594064612,1.348347860353405,0.15621619251242613,1.2743944282286757,-14.14863909101762,0.05557412336859104,0.7886214702467921
TSP,permuted_R45A,full,75,88.9,1000,0.292,0.461,0.604,7.962410003470696,1.232151603288337,0.05789498618835598,1.1809022202494024,-5.216232593074734,0.048330435299548745,0.6705963186705652
TSP,permuted_R45A,permutable_only,75,88.9,889,0.27896512935883017,0.43194600674915634,0.5770528683914511,7.929886761371509,1.3140529577900382,0.14094632038508248,1.2589540780289399,-12.765633230861337,0.0543649440939806,0.7543265676834253
TSP,permuted_R45A,full,76,88.9,1000,0.285,0.463,0.617,7.960106143714143,1.212088423213017,0.02894403321263006,1.151626334097422,-2.607804567523656,0.04602657554299592,0.6505331385952451
TSP,permuted_R45A,permutable_only,76,88.9,889,0.27109111361079863,0.4341957255343082,0.5916760404949382,7.927295243085172,1.2914847012373722,0.1082198639538845,1.225862252250698,-9.801569049512272,0.051773425807644456,0.7317583111307594
TSP,permuted_R45A,full,77,88.9,1000,0.292,0.473,0.624,7.961670606735842,1.225067165053729,0.04860351779916172,1.1715064683729404,-4.379088248802467,0.04759103856469398,0.6635118804359571
TSP,permuted_R45A,permutable_only,77,88.9,889,0.27896512935883017,0.4454443194600675,0.5995500562429696,7.929055044009468,1.306083960900715,0.13044314849721683,1.2483336451396543,-11.814351638588208,0.053533226731939235,0.7463575707941025
TSP,permuted_R45A,full,78,88.9,1000,0.283,0.464,0.604,7.964523036838465,1.275176401882299,0.08444796081821249,1.2077532141669733,-7.608607146143025,0.05044346866731765,0.7136211172645273
TSP,permuted_R45A,permutable_only,78,88.9,889,0.2688413948256468,0.43532058492688414,0.5770528683914511,7.93226362680207,1.362449806602144,0.1709620773126641,1.289304941127667,-15.484186954274348,0.05674180952454179,0.802723416495531
TSP,permuted_R45A,full,79,88.9,1000,0.273,0.47,0.615,7.9660385723540745,1.2941142695387315,0.10349260853197428,1.2270116109022844,-9.324495147306887,0.05195900418292722,0.73255898492096
TSP,permuted_R45A,permutable_only,79,88.9,889,0.2575928008998875,0.4420697412823397,0.5894263217097863,7.933968391161585,1.3837522449108421,0.1924903439011194,1.3110735566437048,-17.434021150823135,0.058446573884057614,0.8240258548042294
TSP,permuted_R45A,full,80,88.9,1000,0.282,0.472,0.626,7.965007619559236,1.2679663285734972,0.09053736427342418,1.213910962495235,-8.157251283860358,0.050928051388087904,0.7064110439557255
TSP,permuted_R45A,permutable_only,80,88.9,889,0.2677165354330709,0.44431946006749157,0.6017997750281214,7.932808714227009,1.3543394879195774,0.17784560190807763,1.2962653157447823,-16.10763388130717,0.057286896949480214,0.7946130978129646
TSP,permuted_R45A,full,81,88.9,1000,0.28,0.465,0.618,7.969073876964257,1.3444508578948113,0.1416351043095565,1.2655822018210694,-12.761064404079143,0.05499430879310933,0.7828955732770396
TSP,permuted_R45A,permutable_only,81,88.9,889,0.265466816647919,0.4364454443194601,0.592800899887514,7.937382682061678,1.4403738291134065,0.23560701530351835,1.3546715973049794,-21.33913631633409,0.061860864784149976,0.8806474390067937
TSP,permuted_R45A,full,82,88.9,1000,0.275,0.459,0.613,7.963037924450535,1.2392633478537414,0.06578561872712108,1.1888814138899306,-5.927164183847356,0.04895835627938627,0.6777080632359695
TSP,permuted_R45A,permutable_only,82,88.9,889,0.25984251968503935,0.4296962879640045,0.5871766029246345,7.930593084183474,1.3220526704620341,0.1498659729509244,1.2679733126451875,-13.573494073848877,0.05507126690594631,0.7623262803554214
TSP,permuted_R45A,full,83,88.9,1000,0.288,0.465,0.614,7.96383668253556,1.267500981193274,0.07582303862336826,1.1990314895157006,-6.831517397488154,0.049757114364413345,0.7059456965755023
TSP,permuted_R45A,permutable_only,83,88.9,889,0.2744656917885264,0.4364454443194601,0.5883014623172104,7.931491574717814,1.3538160375481227,0.16121237613122563,1.2794463909493237,-14.601147872071685,0.05596975744028497,0.7940896474415099
TSP,permuted_R45A,full,84,88.9,1000,0.276,0.454,0.611,7.96426515368159,1.259000110825476,0.0812073281682979,1.2044762100352102,-7.316632058771708,0.05018558551044349,0.6974448262077041
TSP,permuted_R45A,permutable_only,84,88.9,889,0.2609673790776153,0.42407199100112486,0.5849268841394826,7.931973544510873,1.3442537536698345,0.16729883267558865,1.2856007987751772,-15.152403638866913,0.05645172723334477,0.7845273635632217
TSP,permuted_R45A,full,85,88.9,1000,0.282,0.454,0.611,7.960229150584815,1.2125764048806986,0.03048977232211758,1.153189421924905,-2.7470728402048428,0.04614958241366793,0.651021120262927
TSP,permuted_R45A,permutable_only,85,88.9,889,0.2677165354330709,0.42407199100112486,0.5849268841394826,7.927433608519,1.292033611999669,0.10996718341738099,1.2276290793860056,-9.9598253228746,0.05191179124147123,0.7323072218930563
TSP,permuted_R45A,full,86,88.9,1000,0.28,0.462,0.624,7.960941424828905,1.2171017702116957,0.03944041182517566,1.1622405195968355,-3.553509123871802,0.04686185665775882,0.655546485593924
TSP,permuted_R45A,permutable_only,86,88.9,889,0.265466816647919,0.4330708661417323,0.5995500562429696,7.928234816892555,1.2971240116970786,0.12008507881009489,1.2378599344216479,-10.876212081313572,0.05271299961502679,0.7373976215904658
TSP,permuted_R45A,full,87,88.9,1000,0.296,0.479,0.626,7.9614987331428555,1.2319852138175553,0.0464437056429956,1.169322415404217,-4.184493115343249,0.04741916497170865,0.6704299291997837
TSP,permuted_R45A,permutable_only,87,88.9,889,0.28346456692913385,0.45219347581552305,0.6017997750281214,7.928861710384062,1.3138657930310038,0.12800167451578748,1.2458649137080613,-11.593225174948241,0.05333989310653391,0.754139402924391
TSP,permuted_R45A,full,88,88.9,1000,0.287,0.468,0.609,7.96058527613846,1.206631601753202,0.03496494670185424,1.157714823757483,-3.150277884305318,0.04650570796731139,0.6450763171354302
TSP,permuted_R45A,permutable_only,88,88.9,889,0.27334083239595053,0.4398200224971879,0.5826771653543307,7.927834199692952,1.2853465443646894,0.11502596678394372,1.232744340739389,-10.418003818598402,0.05231238241542338,0.7256201542580767
TSP,permuted_R45A,full,89,88.9,1000,0.28,0.455,0.609,7.962865082924398,1.2476993655630828,0.06361364324936059,1.186685061083681,-5.731473157311534,0.048785514753250867,0.6861440809453111
TSP,permuted_R45A,permutable_only,89,88.9,889,0.265466816647919,0.4251968503937008,0.5826771653543307,7.930398661769374,1.3315420042183235,0.14741074942505872,1.2654906781645714,-13.351122301777863,0.054876844491845746,0.771815614111711
TSP,permuted_R45A,full,90,88.9,1000,0.281,0.47,0.618,7.9625051434201835,1.2347096058637315,0.05909054168860006,1.1821111941558105,-5.323949961671894,0.048425575249035444,0.6731543212459595
TSP,permuted_R45A,permutable_only,90,88.9,889,0.26659167604049494,0.4420697412823397,0.592800899887514,7.929993780437298,1.3169303510132038,0.14229778867775877,1.260320634575618,-12.888036912633968,0.054471963159769904,0.7572039609065913
TSP,permuted_R45A,full,91,88.9,1000,0.291,0.468,0.621,7.962276057138629,1.245768231702997,0.05621177871451,1.1792001211711423,-5.0645786716547025,0.04819648896748134,0.684212947085225
TSP,permuted_R45A,permutable_only,91,88.9,889,0.2778402699662542,0.4398200224971879,0.5961754780652418,7.929736090581781,1.3293697501574844,0.1390436052618682,1.2570301203436607,-12.593302634792893,0.05421427330425348,0.7696433600508717
TSP,permuted_R45A,full,92,88.9,1000,0.283,0.466,0.614,7.962392481057899,1.233401888136827,0.057674794595774515,1.1806795573200635,-5.196393732447286,0.04831291288675202,0.6718466035190549
TSP,permuted_R45A,permutable_only,92,88.9,889,0.2688413948256468,0.437570303712036,0.5883014623172104,7.929867051120894,1.3154593524452574,0.14069741353328613,1.258702392295974,-12.743089516560477,0.0543452338433656,0.7557329623386445
TSP,permuted_R45A,full,93,88.9,1000,0.287,0.463,0.614,7.964007011272097,1.2532593326726764,0.0779634376766758,1.2011959114971438,-7.024363445809769,0.04992744310094884,0.6917040480549045
TSP,permuted_R45A,permutable_only,93,88.9,889,0.27334083239595053,0.4341957255343082,0.5883014623172104,7.931683170596931,1.3377961854439628,0.1636319053405444,1.2818929326098738,-14.820286778240451,0.05616135331940252,0.7780697953373503
TSP,permuted_R45A,full,94,88.9,1000,0.29,0.467,0.606,7.962750471672428,1.2390084681326416,0.062173405857812725,1.1852286590805505,-5.601710396869436,0.048670903501280505,0.6774531835148698
TSP,permuted_R45A,permutable_only,94,88.9,889,0.27671541057367827,0.43869516310461193,0.5793025871766029,7.9302697402261,1.321765966613778,0.14578269019380752,1.2638444427235163,-13.203667533414102,0.054747922948572,0.7620395765071651
TSP,permuted_R45A,full,95,88.9,1000,0.281,0.472,0.617,7.962915490491779,1.2400640074789568,0.06424707899073123,1.1873256062382653,-5.788544561542546,0.04883592232063122,0.6785087228611851
TSP,permuted_R45A,permutable_only,95,88.9,889,0.26659167604049494,0.44431946006749157,0.5916760404949382,7.930455363194999,1.3229532999617142,0.1481267917331941,1.2662147146137892,-13.415974888623394,0.05493354591747043,0.7632269098551013
TSP,permuted_R45A,full,96,88.9,1000,0.283,0.46,0.611,7.966283722991065,1.3009629700443475,0.10657324073768404,1.2301268188129377,-9.602054486667264,0.0522041548199169,0.7394076854265756
TSP,permuted_R45A,permutable_only,96,88.9,889,0.2688413948256468,0.43082114735658045,0.5849268841394826,7.9342441511582,1.3914560700015235,0.1959727223825869,1.3145948135889984,-17.749423258122814,0.05872233388067142,0.8317296798949108
TSP,permuted_R45A,full,97,88.9,1000,0.272,0.464,0.612,7.965989446565696,1.2963127046706264,0.1028752799879129,1.2263873537253556,-9.268874972155388,0.05190987839454909,0.7347574200528545
TSP,permuted_R45A,permutable_only,97,88.9,889,0.25646794150731156,0.43532058492688414,0.5860517435320585,7.9339131315571105,1.3862251753179227,0.1917925093352757,1.3103679312141958,-17.37081765534252,0.05839131427958278,0.8264987852113099
TSP,permuted_R45A,full,98,88.9,1000,0.291,0.47,0.621,7.962818095516266,1.2547889892698727,0.06302318619597624,1.186087976991601,-5.678274054427972,0.048738527345118694,0.6932337046521007
TSP,permuted_R45A,permutable_only,98,88.9,889,0.2778402699662542,0.4420697412823397,0.5961754780652418,7.930345807542004,1.339516834034735,0.1467432906699484,1.2648157676717453,-13.290669970414438,0.05482399026447547,0.7797904439281222
TSP,permuted_R45A,full,99,88.9,1000,0.282,0.474,0.622,7.961641940126296,1.230047202185672,0.04824328507988529,1.1711421925549192,-4.3466319382462935,0.047562371955148945,0.6684919175679004
TSP,permuted_R45A,permutable_only,99,88.9,889,0.2677165354330709,0.4465691788526434,0.5973003374578177,7.929022798104468,1.3116858024439584,0.13003593770861688,1.2479218881105814,-11.777470196342252,0.0535009808269392,0.7519594123373456
CVRP,R45A,full,-1,89.3,1000,0.479,0.692,0.833,18.202896996020705,0.6764067470281662,-0.49980671591085546,0.5131725572490753,49.59347146848094,0.0,0.0
CVRP,R45A,permutable_only,-1,89.3,893,0.47928331466965285,0.6942889137737962,0.8297872340425532,18.2123369369628,0.6718397736561026,-0.5144477022970384,0.5038073936102228,50.77701353380313,0.0,0.0
CVRP,conditional_majority,full,-1,89.3,1000,0.276,0.485,0.65,18.38528208017382,1.9072502630852437,0.4971417988962612,1.5202706823089551,-49.32904427748481,0.18238508415311697,1.2308435160570774
CVRP,conditional_majority,permutable_only,-1,89.3,893,0.27435610302351626,0.48040313549832026,0.6506159014557671,18.39910215493192,1.9366253559899975,0.5057640873250335,1.5344612607972596,-49.919923429236036,0.18676521796912285,1.2647855823338947
CVRP,conditional_mean_gap,full,-1,89.3,1000,0.219,0.444,0.598,18.2943333024977,1.0525554371939534,-2.220446049250313e-14,1.018067643615228,1.926930463990186e-12,0.09143630647699659,0.3761486901657871
CVRP,conditional_mean_gap,permutable_only,-1,89.3,893,0.2206047032474804,0.4412094064949608,0.6013437849944009,18.306514379559125,1.0593582752681796,4.440892098500626e-14,1.0235205739826947,-3.830985118664323e-12,0.09417744259632585,0.38751850161207707
CVRP,permuted_R45A,full,0,89.3,1000,0.277,0.466,0.629,18.409583827495467,1.9573306037745912,0.6299793662446707,1.6544606259490946,-62.50989178616585,0.2066868314747619,1.280923856746425
CVRP,permuted_R45A,permutable_only,0,89.3,893,0.2530795072788354,0.4412094064949608,0.6013437849944009,18.44378915585951,2.1062449883777434,0.7498684536782818,1.781064085562134,-74.01351089912896,0.23145221889670986,1.4344052147216404
CVRP,permuted_R45A,full,1,89.3,1000,0.283,0.488,0.626,18.396666517257707,1.8893375223998796,0.5593711072599206,1.5831335271259128,-55.50376608611868,0.19376952123700056,1.2129307753717138
CVRP,permuted_R45A,permutable_only,1,89.3,893,0.2597984322508399,0.4658454647256439,0.5979843225083986,18.429324082804907,2.0301049196490633,0.6708524665018478,1.7012393535002168,-66.21447548244967,0.21698714584210593,1.3582651459929604
CVRP,permuted_R45A,full,2,89.3,1000,0.284,0.466,0.606,18.392118182181957,1.842072525980467,0.5345091185744444,1.5580184265780561,-53.03682779323127,0.18922118616125463,1.1656657789523008
CVRP,permuted_R45A,permutable_only,2,89.3,893,0.2609182530795073,0.4412094064949608,0.5755879059350504,18.42423076245133,1.9771765921917137,0.6430300189950611,1.6731321375190067,-63.4683444621571,0.211893825488527,1.3053368185356113
CVRP,permuted_R45A,full,3,89.3,1000,0.285,0.464,0.614,18.394415604591437,1.898982360126035,0.5470672280802225,1.5707043861333814,-54.28290997989821,0.19151860857072825,1.2225756130978689
CVRP,permuted_R45A,permutable_only,3,89.3,893,0.2620380739081747,0.43896976483762595,0.5845464725643897,18.426803463917704,2.0409054098239285,0.6570834942390746,1.6873294529734961,-64.85545047794093,0.21446652695490284,1.3690656361678264
CVRP,permuted_R45A,full,4,89.3,1000,0.285,0.477,0.626,18.398642734527364,1.8884239142913857,0.5701734537405523,1.594045848800807,-56.57563215939368,0.19574573850665825,1.2120171672632196
CVRP,permuted_R45A,permutable_only,4,89.3,893,0.2620380739081747,0.45352743561030234,0.5979843225083986,18.43153709206544,2.0290818422599317,0.6829411100013782,1.713451726753079,-67.40764868905478,0.21920015510264082,1.3572420686038293
CVRP,permuted_R45A,full,5,89.3,1000,0.275,0.467,0.605,18.406017392158173,1.949165558168182,0.6104846118946572,1.6347674018128533,-60.575518931890706,0.2031203961374709,1.2727588111400159
CVRP,permuted_R45A,permutable_only,5,89.3,893,0.25083986562150057,0.4423292273236282,0.574468085106383,18.43979538728472,2.0971016002406664,0.7280523477173784,1.7590246872682735,-71.86021776032207,0.2274584503219159,1.425261826584564
CVRP,permuted_R45A,full,6,89.3,1000,0.281,0.476,0.611,18.39895966720608,1.9026895334870337,0.5719058627519757,1.5957958949078366,-56.74753096376204,0.1960626711853786,1.2262827864588677
CVRP,permuted_R45A,permutable_only,6,89.3,893,0.25755879059350506,0.45240761478163494,0.5811870100783875,18.43189199988036,2.045056779769056,0.6848798068366246,1.7154102665492887,-67.59900193060206,0.21955506291755722,1.3732170061129536
CVRP,permuted_R45A,full,7,89.3,1000,0.282,0.458,0.594,18.388682285785755,1.8425270131126812,0.515727912725672,1.5390460153494656,-51.173257003257056,0.18578528976505418,1.1661202660845147
CVRP,permuted_R45A,permutable_only,7,89.3,893,0.25867861142217247,0.4322508398656215,0.5621500559910414,18.420383174101723,1.9776855363487282,0.6220124278259576,1.6518994269801412,-61.39386632477597,0.20804623713891846,1.3058457626926256
CVRP,permuted_R45A,full,8,89.3,1000,0.284,0.474,0.612,18.397096652030672,1.919772246458303,0.5617222985597303,1.5855086551435749,-55.737063748858894,0.19419965600996902,1.2433654994301369
CVRP,permuted_R45A,permutable_only,8,89.3,893,0.2609182530795073,0.4501679731243001,0.5823068309070548,18.42980575668281,2.0641863575644304,0.6734836275624323,1.7038974450355848,-66.47417632314905,0.21746881972001011,1.392346583908328
CVRP,permuted_R45A,full,9,89.3,1000,0.279,0.464,0.61,18.396472653388805,1.8673587392335376,0.5583114137160505,1.5820630451849338,-55.39861767602253,0.19357565736810117,1.1909519922053715
CVRP,permuted_R45A,permutable_only,9,89.3,893,0.2553191489361702,0.43896976483762595,0.58006718924972,18.429106990006588,2.0054926204706285,0.6696665892025555,1.700041338502789,-66.0974270295032,0.2167700530437863,1.333652846814526
CVRP,permuted_R45A,full,10,89.3,1000,0.289,0.462,0.61,18.384357376575487,1.8385279138290214,0.49208720858655575,1.5151646328507962,-48.82750103620945,0.181460380554785,1.1621211668008553
CVRP,permuted_R45A,permutable_only,10,89.3,893,0.26651735722284436,0.43673012318029114,0.58006718924972,18.415540050685966,1.9732072616749774,0.5955566901833853,1.625172909419792,-58.782632291995185,0.2032031137231635,1.3013674880188746
CVRP,permuted_R45A,full,11,89.3,1000,0.283,0.458,0.611,18.38795488882044,1.841015155697148,0.5117518347058425,1.5350294581658375,-50.77872946779956,0.1850578927997348,1.1646084086689819
CVRP,permuted_R45A,permutable_only,11,89.3,893,0.2597984322508399,0.4322508398656215,0.5811870100783875,18.419568619829242,1.9759925269248393,0.6175628955141788,1.6474043527896942,-60.95468861748734,0.20723168286644433,1.3041527532687367
CVRP,permuted_R45A,full,12,89.3,1000,0.286,0.466,0.614,18.39360931396493,1.8642080415324338,0.5426599036198354,1.5662521921287142,-53.845591886882026,0.19071231794422808,1.1878012945042675
CVRP,permuted_R45A,permutable_only,12,89.3,893,0.2631578947368421,0.4412094064949608,0.5845464725643897,18.42590056288019,2.001964403560098,0.6521513645130428,1.6823468418849963,-64.36863944402914,0.21356362591738864,1.3301246299039953
CVRP,permuted_R45A,full,13,89.3,1000,0.27,0.459,0.611,18.395767240047306,1.8970772656041073,0.5544555019982633,1.5781678776775943,-55.01601367797119,0.19287024402660286,1.2206705185759412
CVRP,permuted_R45A,permutable_only,13,89.3,893,0.24524076147816348,0.4333706606942889,0.5811870100783875,18.42831705345396,2.0387720452976943,0.665351532079983,1.6956821158828017,-65.67152229140586,0.21598011649115662,1.366932271641592
CVRP,permuted_R45A,full,14,89.3,1000,0.286,0.46,0.595,18.384911080360656,1.842794937773739,0.4951138495469687,1.5182220870635144,-49.12782039434831,0.18201408433995303,1.1663881907455727
CVRP,permuted_R45A,permutable_only,14,89.3,893,0.2631578947368421,0.43449048152295633,0.5632698768197089,18.416160099717505,1.9779855639646946,0.5989437305488066,1.6285946168402177,-59.11693992658501,0.20382316275470663,1.3061457903085922
CVRP,permuted_R45A,full,15,89.3,1000,0.28,0.476,0.628,18.39263383722266,1.8623296554532214,0.5373277784959551,1.5608657823642291,-53.31651017033149,0.18973684120195702,1.1859229084250553
CVRP,permuted_R45A,permutable_only,15,89.3,893,0.2564389697648376,0.45240761478163494,0.6002239641657335,18.42480820370631,1.9998609477043168,0.6461843128327871,1.676318716203129,-63.77967955058934,0.2124712667435129,1.3280211740482142
CVRP,permuted_R45A,full,16,89.3,1000,0.282,0.46,0.609,18.390767623900846,1.8690201544505818,0.5271267326805162,1.5505608830020279,-52.30430833612012,0.18787062788014355,1.1926134074224155
CVRP,permuted_R45A,permutable_only,16,89.3,893,0.25867861142217247,0.43449048152295633,0.5789473684210527,18.42271837915781,2.007353107835739,0.6347685702989159,1.664786131195739,-62.65292301041403,0.21038144219500957,1.3355133341796366
CVRP,permuted_R45A,full,17,89.3,1000,0.284,0.464,0.617,18.392279557704658,1.850474039957918,0.53539122518107,1.5589095136266495,-53.124355086154104,0.18938256168395048,1.174067292929752
CVRP,permuted_R45A,permutable_only,17,89.3,893,0.2609182530795073,0.43896976483762595,0.5879059350503919,18.42441147412288,1.9865847825360041,0.6440171630673897,1.6741293852140293,-63.56577754951927,0.21207453716007893,1.3147450088799015
CVRP,permuted_R45A,full,18,89.3,1000,0.275,0.452,0.601,18.40302769947018,1.9135163121592553,0.5941424329337863,1.61825884841571,-58.953961317259484,0.20013070344947792,1.2371095651310893
CVRP,permuted_R45A,permutable_only,18,89.3,893,0.25083986562150057,0.425531914893617,0.5699888017917133,18.436447467141388,2.057180832033582,0.7097642122814607,1.7405493690035856,-70.05514234373167,0.2241105301785867,1.3853410583774797
CVRP,permuted_R45A,full,19,89.3,1000,0.271,0.467,0.615,18.405949738502123,1.921122157791912,0.6101148052723993,1.6343938303090333,-60.53882475875187,0.20305274248141972,1.2447154107637457
CVRP,permuted_R45A,permutable_only,19,89.3,893,0.24636058230683092,0.4423292273236282,0.5856662933930571,18.439719627311533,2.0656980163926595,0.7276385061109725,1.7586066099078979,-71.819370768965,0.22738269034873426,1.3938582427365573
CVRP,permuted_R45A,full,20,89.3,1000,0.287,0.459,0.608,18.39085263872147,1.858419482787997,0.5275914384405889,1.551030319781077,-52.35041890470525,0.18795564270076545,1.1820127357598311
CVRP,permuted_R45A,permutable_only,20,89.3,893,0.2642777155655095,0.4333706606942889,0.5778275475923852,18.42281358052469,1.995482254910113,0.6352886112248157,1.6653114948475212,-62.70425208626455,0.21047664356188736,1.3236424812540104
CVRP,permuted_R45A,full,21,89.3,1000,0.283,0.472,0.623,18.397398583412063,1.9015896737340625,0.5633727078771855,1.5871758667442837,-55.90082610896885,0.19450158739135884,1.2251829267058965
CVRP,permuted_R45A,permutable_only,21,89.3,893,0.2597984322508399,0.4479283314669653,0.5946248600223965,18.43014386573252,2.043825133909066,0.6753305605323057,1.705763281744388,-66.65647228829492,0.21780692876971874,1.3719853602529637
CVRP,permuted_R45A,full,22,89.3,1000,0.275,0.453,0.605,18.40084355068206,1.9108722623222325,0.5822034966959544,1.6061983657310597,-57.76931678403079,0.19794655466135055,1.2344655152940662
CVRP,permuted_R45A,permutable_only,22,89.3,893,0.25083986562150057,0.42665173572228443,0.574468085106383,18.434001611835534,2.0542199699540493,0.6964036387984818,1.727052047302191,-68.73642711274549,0.22166467487273295,1.3823801962979467
CVRP,permuted_R45A,full,23,89.3,1000,0.275,0.474,0.608,18.394199282645847,1.8633533179861228,0.5458847747925599,1.5695098946713948,-54.16558069736281,0.19130228662514298,1.186946570957957
CVRP,permuted_R45A,permutable_only,23,89.3,893,0.25083986562150057,0.4501679731243001,0.5778275475923852,18.426561222097337,2.0010072663301868,0.6557602394930084,1.6859926544428694,-64.724842597199,0.21422428513453862,1.329167492674084
CVRP,permuted_R45A,full,24,89.3,1000,0.284,0.469,0.621,18.392688499450724,1.8688032621698403,0.5376265717187412,1.5611676175041334,-53.34615801758493,0.18979150343001971,1.1923965151416742
CVRP,permuted_R45A,permutable_only,24,89.3,893,0.2609182530795073,0.44456886898096304,0.5923852183650616,18.42486941560784,2.007110227342188,0.6465186850691529,1.6766565108081277,-63.812682756737324,0.21253247864503894,1.3352704536860853
CVRP,permuted_R45A,full,25,89.3,1000,0.281,0.457,0.61,18.399700016021303,1.9141579639662805,0.5759527378306428,1.5998839699122414,-57.14908335863903,0.19680302000059993,1.2377512169381144
CVRP,permuted_R45A,permutable_only,25,89.3,893,0.25755879059350506,0.4311310190369541,0.58006718924972,18.432721057904125,2.057899367091841,0.6894085664168159,1.719985378915534,-68.04599952718642,0.22038412094132137,1.386059593435738
CVRP,permuted_R45A,full,26,89.3,1000,0.282,0.46,0.603,18.39658895826337,1.8766956158403072,0.5589471563399506,1.5827052600988045,-55.4616994287806,0.19369196224266433,1.2002888688121407
CVRP,permuted_R45A,permutable_only,26,89.3,893,0.25867861142217247,0.43449048152295633,0.5722284434490481,18.4292372306276,2.015948249369586,0.6703780333273679,1.7007600644045828,-66.16764798256199,0.21690029366479766,1.3441084757134834
CVRP,permuted_R45A,full,27,89.3,1000,0.28,0.466,0.617,18.400284154414884,1.922704965956307,0.5791457396412181,1.603109478641107,-57.46590992208939,0.1973871583941807,1.2462982189281406
CVRP,permuted_R45A,permutable_only,27,89.3,893,0.2564389697648376,0.4412094064949608,0.5879059350503919,18.433375188244078,2.0674704779429343,0.6929817771678559,1.7235951622137868,-68.39868254988258,0.22103825128127735,1.3956307042868317
CVRP,permuted_R45A,full,28,89.3,1000,0.286,0.474,0.62,18.389183307647816,1.8314658807347446,0.5184665851537762,1.541812569315426,-51.445002597305425,0.18628631162711307,1.1550591337065783
CVRP,permuted_R45A,permutable_only,28,89.3,893,0.2631578947368421,0.4501679731243001,0.5912653975363942,18.420944228818474,1.9652990499232674,0.6250772096031865,1.6549955774294078,-61.69636639443493,0.20860729185566976,1.2934592762671648
CVRP,permuted_R45A,full,29,89.3,1000,0.285,0.471,0.611,18.38538386058835,1.8387780007580063,0.4976981483015619,1.5208326957275364,-49.384248214286586,0.18248686456764607,1.1623712537298403
CVRP,permuted_R45A,permutable_only,29,89.3,893,0.2620380739081747,0.44680851063829785,0.5811870100783875,18.41668952886386,1.973487314227032,0.6018357564985699,1.631516243270581,-59.40238865176275,0.20435259190105948,1.3016475405709296
CVRP,permuted_R45A,full,30,89.3,1000,0.29,0.466,0.6,18.39867811489052,1.895563085198495,0.5703668489442482,1.5942412128985062,-56.59482185655299,0.19578111886981275,1.2191563381703285
CVRP,permuted_R45A,permutable_only,30,89.3,893,0.26763717805151177,0.4412094064949608,0.568868980963046,18.431576711733026,2.037076434541129,0.6831575338752227,1.7136703657697927,-67.42901015674543,0.21923977477022702,1.3652366608850266
CVRP,permuted_R45A,full,31,89.3,1000,0.284,0.463,0.61,18.391177920818077,1.8473921623268545,0.5293694868188981,1.5528264698946304,-52.5268462889563,0.18828092479737482,1.1709854152986883
CVRP,permuted_R45A,permutable_only,31,89.3,893,0.2609182530795073,0.43784994400895855,0.58006718924972,18.423177838191666,1.9831336317733346,0.637278381966655,1.6673216313022765,-62.90064642418641,0.21084090122886318,1.311293858117232
CVRP,permuted_R45A,full,32,89.3,1000,0.274,0.454,0.594,18.40218654775637,1.9173122856670768,0.5895445517215991,1.6136141576626128,-58.49773517332585,0.19928955173566848,1.2409055386389107
CVRP,permuted_R45A,permutable_only,32,89.3,893,0.24972004479283313,0.42777155655095184,0.5621500559910414,18.435505527932193,2.0614316422327104,0.7046188351240934,1.735351327852408,-69.54728336333524,0.22316859096939362,1.3895918685766078
CVRP,permuted_R45A,full,33,89.3,1000,0.266,0.45,0.602,18.401216623783156,1.9238485432694232,0.5842427789968019,1.6082584093051855,-57.97166518269042,0.1983196277624489,1.2474417962412572
CVRP,permuted_R45A,permutable_only,33,89.3,893,0.24076147816349383,0.4232922732362822,0.5711086226203808,18.43441938686476,2.0687510796373534,0.6986857500762778,1.7293575164584407,-68.96167604421287,0.22208244990195847,1.396911305981251
CVRP,permuted_R45A,full,34,89.3,1000,0.293,0.473,0.61,18.392540084361592,1.8597407559904446,0.5368153090907102,1.5603480956737803,-53.2656602397113,0.1896430883408913,1.1833340089622784
CVRP,permuted_R45A,permutable_only,34,89.3,893,0.270996640537514,0.4490481522956327,0.58006718924972,18.424703217299747,1.9969618441625732,0.6456108207720801,1.6757393543331833,-63.72307474120076,0.21236628033694438,1.3251220705064706
CVRP,permuted_R45A,full,35,89.3,1000,0.279,0.474,0.617,18.39764512681931,1.9015844671554287,0.5647203569178361,1.5885372357637761,-56.034546989701475,0.1947481307986051,1.2251777201272624
CVRP,permuted_R45A,permutable_only,35,89.3,893,0.2553191489361702,0.4501679731243001,0.5879059350503919,18.430419950175125,2.0438193034738656,0.6768386818320815,1.707286838975941,-66.80532686633481,0.21808301321232373,1.3719795298177633
CVRP,permuted_R45A,full,36,89.3,1000,0.278,0.475,0.615,18.395558063506897,1.880724974649364,0.5533121067351043,1.5770128418772345,-54.902559939644036,0.19266106748619327,1.204318227621198
CVRP,permuted_R45A,permutable_only,36,89.3,893,0.2541993281075028,0.45128779395296753,0.5856662933930571,18.428082813207137,2.0204604092901426,0.6640719862201605,1.6943894736078269,-65.5452285648493,0.2157458762443374,1.3486206356340402
CVRP,permuted_R45A,full,37,89.3,1000,0.291,0.464,0.614,18.388810616970076,1.8324571017405442,0.5164293932453434,1.539754637415336,-51.2428616184625,0.18591362094937056,1.1560503547123782
CVRP,permuted_R45A,permutable_only,37,89.3,893,0.2687569988801792,0.43896976483762595,0.5845464725643897,18.420526882034885,1.9664090398513747,0.6227974376327605,1.65269247152382,-61.47134835726623,0.20818994507208347,1.2945692661952721
CVRP,permuted_R45A,full,38,89.3,1000,0.277,0.46,0.618,18.404253822326847,1.950106429022424,0.6008446332074646,1.6250292816217815,-59.618989151955624,0.2013568263061436,1.2736996819942579
CVRP,permuted_R45A,permutable_only,38,89.3,893,0.2530795072788354,0.43449048152295633,0.5890257558790594,18.437820505054788,2.098155207020333,0.7172644817753149,1.7481264052988221,-70.7954338911456,0.2254835680919861,1.4263154333642305
CVRP,permuted_R45A,full,39,89.3,1000,0.269,0.461,0.607,18.394524228572465,1.886657798614254,0.54766098560739,1.5713041885138113,-54.34182574882471,0.19162723255175867,1.2102510515860878
CVRP,permuted_R45A,permutable_only,39,89.3,893,0.24412094064949608,0.43561030235162373,0.5767077267637178,18.426925103314154,2.0271041091388438,0.6577479538621755,1.6880007134775665,-64.92103396703912,0.2145881663513535,1.3552643354827412
CVRP,permuted_R45A,full,40,89.3,1000,0.265,0.454,0.607,18.402207416534136,1.902625565556165,0.5896586240817125,1.613729391356511,-58.50905403751291,0.19931042051343295,1.2262188185279987
CVRP,permuted_R45A,permutable_only,40,89.3,893,0.23964165733482642,0.42777155655095184,0.5767077267637178,18.435528897224206,2.0449851471477025,0.7047464907308898,1.7354802900405808,-69.55988322614832,0.22319196026140306,1.3731453734915997
CVRP,permuted_R45A,full,41,89.3,1000,0.276,0.466,0.601,18.398976183891165,1.8974971926981716,0.5719961458183986,1.5958870971169548,-56.75648932813764,0.1960791878704604,1.2210904456700051
CVRP,permuted_R45A,permutable_only,41,89.3,893,0.251959686450168,0.4412094064949608,0.5699888017917133,18.43191049560833,2.0392422884041492,0.6849808404227442,1.7155123342349476,-67.60897414691661,0.21957355864553232,1.3674025147480464
CVRP,permuted_R45A,full,42,89.3,1000,0.272,0.453,0.61,18.39428145599349,1.8652591724231653,0.5463339485683116,1.5699636413400109,-54.210150100139586,0.19138445997278455,1.1888524253949995
CVRP,permuted_R45A,permutable_only,42,89.3,893,0.24748040313549832,0.42665173572228443,0.58006718924972,18.42665324152359,2.0031414818251947,0.6562628989525976,1.6865004587254484,-64.77445608768376,0.21431630456078898,1.3313017081690923
CVRP,permuted_R45A,full,43,89.3,1000,0.278,0.461,0.612,18.400278109073973,1.912279096760427,0.5791126947588987,1.6030760973395397,-57.46263103371872,0.1973811130532728,1.235872349732261
CVRP,permuted_R45A,permutable_only,43,89.3,893,0.2541993281075028,0.43561030235162373,0.5823068309070548,18.433368418545413,2.0557953724604263,0.6929447974429293,1.723557803993736,-68.39503257732818,0.22103148158261232,1.3839555988043237
CVRP,permuted_R45A,full,44,89.3,1000,0.278,0.469,0.603,18.41044320964835,1.9820235135302078,0.6346768981998929,1.6592059819572125,-62.97600580500139,0.20754621362764897,1.3056167665020417
CVRP,permuted_R45A,permutable_only,44,89.3,893,0.2541993281075028,0.44456886898096304,0.5722284434490481,18.444751509894097,2.133896623042487,0.7551253475611475,1.7863747848354539,-74.53237680259195,0.23241457293129783,1.4620568493863848
CVRP,permuted_R45A,full,45,89.3,1000,0.269,0.445,0.592,18.396617891788512,1.873935077361208,0.5591053120085121,1.5828650258990606,-55.477392472484865,0.19372089576780996,1.1975283303330417
CVRP,permuted_R45A,permutable_only,45,89.3,893,0.24412094064949608,0.4176931690929451,0.5599104143337066,18.429269630991705,2.012856940882353,0.670555021493624,1.7009388640811363,-66.18511706731655,0.21693269402890253,1.341017167226251
CVRP,permuted_R45A,full,46,89.3,1000,0.285,0.47,0.619,18.396965236663664,1.8753852314779995,0.5610039593623606,1.584783002767276,-55.665786326297315,0.19406824064296302,1.1989784844498332
CVRP,permuted_R45A,permutable_only,46,89.3,893,0.2620380739081747,0.44568868980963045,0.5901455767077267,18.42965859501763,2.014480853667114,0.6726797516189986,1.7030853412564717,-66.39483216537141,0.21732165805482984,1.3426410800110116
CVRP,permuted_R45A,full,47,89.3,1000,0.287,0.473,0.612,18.38849986696283,1.8014094211473424,0.5147307797888967,1.5380387309249066,-51.07431618818542,0.18560287094213113,1.1250026741191759
CVRP,permuted_R45A,permutable_only,47,89.3,893,0.2642777155655095,0.4490481522956327,0.5823068309070548,18.420178897704268,1.931641200441294,0.6208965605821071,1.6507721386054497,-61.2837280038339,0.2078419607414682,1.2598014267851916
CVRP,permuted_R45A,full,48,89.3,1000,0.273,0.467,0.615,18.395580014228486,1.879732346587243,0.5534320931878778,1.5771340498732522,-54.91446563145041,0.1926830182077815,1.203325599559077
CVRP,permuted_R45A,permutable_only,48,89.3,893,0.24860022396416573,0.4423292273236282,0.5856662933930571,18.428107394082375,2.01934884371106,0.6642062601443399,1.694525121853263,-65.55848166877946,0.21577045711957613,1.3475090700549575
CVRP,permuted_R45A,full,49,89.3,1000,0.29,0.471,0.616,18.39536763954141,1.8847441366529374,0.5522712163001264,1.5759613544735318,-54.79927727367436,0.19247064352070425,1.2083373896247713
CVRP,permuted_R45A,permutable_only,49,89.3,893,0.26763717805151177,0.44680851063829785,0.5867861142217246,18.427869572484305,2.0249611506155327,0.6629071510231954,1.693212716082959,-65.43025700933967,0.2155326355215053,1.3531213769594306
CVRP,permuted_R45A,full,50,89.3,1000,0.28,0.471,0.622,18.393176065444745,1.8737796300420428,0.5402916920374645,1.5638598705504991,-53.61060538149469,0.19027906942404163,1.1973728830138766
CVRP,permuted_R45A,permutable_only,50,89.3,893,0.2564389697648376,0.44680851063829785,0.593505039193729,18.4254154021633,2.0126828677365913,0.6495011564678022,1.6796695084151603,-64.10705862798095,0.21307846520049456,1.340843094080489
CVRP,permuted_R45A,full,51,89.3,1000,0.283,0.467,0.615,18.39498019313784,1.893026980433513,0.550153367034123,1.5738219440693868,-54.58913304430569,0.1920831971171368,1.2166202334053469
CVRP,permuted_R45A,permutable_only,51,89.3,893,0.2597984322508399,0.4423292273236282,0.5856662933930571,18.4274357019316,2.03423645160162,0.6605371173635355,1.690818424641205,-65.19632996354976,0.21509876496879823,1.3623966779455172
CVRP,permuted_R45A,full,52,89.3,1000,0.276,0.461,0.611,18.39208565950347,1.8607645590030515,0.5343313439709618,1.5578388421088718,-53.01918805481858,0.1891886634827635,1.1843578119748854
CVRP,permuted_R45A,permutable_only,52,89.3,893,0.251959686450168,0.43561030235162373,0.5811870100783875,18.42419434287855,1.998108320100543,0.642831075755379,1.672931158054336,-63.44870836789765,0.21185740591574861,1.3262685464444406
CVRP,permuted_R45A,full,53,89.3,1000,0.284,0.468,0.617,18.39587871551521,1.8751564567337027,0.555064846247455,1.5787834254634259,-55.0764760440698,0.19298171949450443,1.1987497097055366
CVRP,permuted_R45A,permutable_only,53,89.3,893,0.2609182530795073,0.44344904815229563,0.5879059350503919,18.428441886004798,2.0142246669433774,0.666033434424973,1.6963709976385744,-65.7388274119171,0.21610494904199826,1.342384893287275
CVRP,permuted_R45A,full,54,89.3,1000,0.276,0.461,0.617,18.39978311967804,1.8905238869402041,0.5764069968373198,1.6003428535829034,-57.19415734498183,0.1968861236573378,1.214117139912038
CVRP,permuted_R45A,permutable_only,54,89.3,893,0.251959686450168,0.43561030235162373,0.5879059350503919,18.432814119109878,2.031433435371711,0.6899169166348029,1.7204989322025854,-68.09617470686558,0.2204771821470748,1.3595936617156081
CVRP,permuted_R45A,full,55,89.3,1000,0.27,0.464,0.612,18.401345295429163,1.9365058571924618,0.5849461205391204,1.6089689113401695,-58.04145445842666,0.19844829940845765,1.2600991101642958
CVRP,permuted_R45A,permutable_only,55,89.3,893,0.24524076147816348,0.43896976483762595,0.5823068309070548,18.434563476054016,2.0829250034033544,0.6994728425083307,1.730152664943474,-69.03936363596742,0.222226539091218,1.4110852297472518
CVRP,permuted_R45A,full,56,89.3,1000,0.272,0.459,0.604,18.39240047693213,1.836381211009458,0.536052190658598,1.5595772081798298,-53.189939584136994,0.18950348091142777,1.1599744639812921
CVRP,permuted_R45A,permutable_only,56,89.3,893,0.24748040313549832,0.4333706606942889,0.5733482642777156,18.424546881992395,1.9708033391446713,0.6447568334749132,1.6748766263003478,-63.63878449293762,0.21220994502959437,1.2989635654885687
CVRP,permuted_R45A,full,57,89.3,1000,0.274,0.466,0.617,18.40314015388489,1.9071360730692104,0.5947571282760578,1.6188798017723771,-59.01495464717832,0.2002431578641888,1.2307293260410446
CVRP,permuted_R45A,permutable_only,57,89.3,893,0.24972004479283313,0.4412094064949608,0.5879059350503919,18.436573395937256,2.050036107408672,0.7104521029047461,1.7412443003289146,-70.12303851924652,0.22423645897445554,1.3781963337525691
CVRP,permuted_R45A,full,58,89.3,1000,0.284,0.47,0.614,18.38921805763251,1.838860422856151,0.5186565345994376,1.54200445257493,-51.46385038808954,0.18632106161181008,1.1624536758279846
CVRP,permuted_R45A,permutable_only,58,89.3,893,0.2609182530795073,0.44568868980963045,0.5845464725643897,18.42098314257513,1.9735796122092772,0.6252897774129185,1.655210320914402,-61.717347260912234,0.20864620561232933,1.3017398385531744
CVRP,permuted_R45A,full,59,89.3,1000,0.278,0.464,0.613,18.402970451354932,1.9576283623457766,0.5938295048029785,1.61794273446485,-58.92291092951376,0.20007345533422882,1.2812216153176104
CVRP,permuted_R45A,permutable_only,59,89.3,893,0.2541993281075028,0.43896976483762595,0.5834266517357223,18.43638335950953,2.1065784246276706,0.7094140220129663,1.7401955944656322,-70.0205778662868,0.22404642254672877,1.434738650971568
CVRP,permuted_R45A,full,60,89.3,1000,0.281,0.464,0.617,18.39394056606291,1.8844658742566927,0.5444705850614628,1.568081307532232,-54.02525729664056,0.19104357004220554,1.2080591272285264
CVRP,permuted_R45A,permutable_only,60,89.3,893,0.25755879059350506,0.43896976483762595,0.5879059350503919,18.426271505879043,2.024649546588383,0.6541776541231892,1.6843938709862005,-64.56863826703541,0.2139345689162436,1.3528097729322806
CVRP,permuted_R45A,full,61,89.3,1000,0.272,0.451,0.6,18.390870928763967,1.838814705207072,0.5276914149862977,1.5511313141556515,-52.36033910747483,0.18797393274326482,1.1624079581789055
CVRP,permuted_R45A,permutable_only,61,89.3,893,0.24748040313549832,0.4244120940649496,0.568868980963046,18.422834062095237,1.9735284166336005,0.6354004925481549,1.6654245212992302,-62.715294995864134,0.21049712513243543,1.3016886429774979
CVRP,permuted_R45A,full,62,89.3,1000,0.272,0.47,0.613,18.40430712890603,1.946869133020982,0.6011360162182511,1.6253236311087438,-59.64790171869899,0.2014101328853264,1.2704623859928157
CVRP,permuted_R45A,permutable_only,62,89.3,893,0.24748040313549832,0.44568868980963045,0.5834266517357223,18.43788019887246,2.0945300155293567,0.7175905614234424,1.74845582243921,-70.82761860230632,0.22554326190966,1.422690241873254
CVRP,permuted_R45A,full,63,89.3,1000,0.284,0.463,0.612,18.3938750176432,1.8946670656349505,0.5441122860263325,1.5677193607705364,-53.989704967288134,0.1909780216224984,1.2182603186067842
CVRP,permuted_R45A,permutable_only,63,89.3,893,0.2609182530795073,0.43784994400895855,0.5823068309070548,18.42619810339337,2.0360730531709788,0.6537766903780051,1.6839888032945671,-64.52906234624564,0.21386116643056932,1.3642332795148757
CVRP,permuted_R45A,full,64,89.3,1000,0.278,0.459,0.599,18.397353438854513,1.8954917848217687,0.5631259398927835,1.5869265864948634,-55.87634048161713,0.1944564428338112,1.2190850377936027
CVRP,permuted_R45A,permutable_only,64,89.3,893,0.2541993281075028,0.4333706606942889,0.5677491601343785,18.430093311916675,2.0369965908941796,0.6750544084762833,1.7054843032152656,-66.62921552998156,0.21775637495387595,1.3651568172380768
CVRP,permuted_R45A,full,65,89.3,1000,0.273,0.454,0.604,18.40377515649762,1.9255337627742013,0.598228162733716,1.6223861737087564,-59.35936908352358,0.20087816047691523,1.249127015746035
CVRP,permuted_R45A,permutable_only,65,89.3,893,0.24860022396416573,0.42777155655095184,0.5733482642777156,18.437284485089247,2.07063822353968,0.7143364532362639,1.745168407785247,-70.50643163864964,0.2249475481264448,1.398798449883578
CVRP,permuted_R45A,full,66,89.3,1000,0.284,0.469,0.623,18.398163485050386,1.9043453569478679,0.5675537929469288,1.5913995180882878,-56.315695530514475,0.19526648902968377,1.2279386099197018
CVRP,permuted_R45A,permutable_only,66,89.3,893,0.2609182530795073,0.44456886898096304,0.5946248600223965,18.431000418518998,2.0469110053690946,0.6800095112528881,1.7104901224882507,-67.11829404977317,0.21866348155619683,1.3750712317129918
CVRP,permuted_R45A,full,67,89.3,1000,0.276,0.452,0.594,18.397142680644848,1.8975606752221217,0.5619738989510292,1.5857628169970495,-55.76202887323657,0.19424568462414538,1.2211539281939554
CVRP,permuted_R45A,permutable_only,67,89.3,893,0.251959686450168,0.425531914893617,0.5621500559910414,18.42985730048368,2.039313377456725,0.6737651874476169,1.7041818867441272,-66.5019668449781,0.2175203635208795,1.367473603800622
CVRP,permuted_R45A,full,68,89.3,1000,0.284,0.472,0.606,18.402984469413465,1.93127450484553,0.5939061299431225,1.6180201397007599,-58.930514082054216,0.20008747339276478,1.2548677578173637
CVRP,permuted_R45A,permutable_only,68,89.3,893,0.2609182530795073,0.4479283314669653,0.5755879059350504,18.436399057223454,2.077066826083162,0.7094997713456896,1.7402822214604097,-70.02904149632775,0.22406212026065483,1.4052270524270591
CVRP,permuted_R45A,full,69,89.3,1000,0.284,0.473,0.611,18.39441591119783,1.855117013354338,0.547068904043968,1.5707060791595673,-54.28307627790314,0.19151891517712732,1.1787102663261717
CVRP,permuted_R45A,permutable_only,69,89.3,893,0.2609182530795073,0.4490481522956327,0.5811870100783875,18.426803807261937,1.9917840808522635,0.6570853697694279,1.6873313477002938,-64.85563559652441,0.21446687029913475,1.319944307196161
CVRP,permuted_R45A,full,70,89.3,1000,0.274,0.456,0.6,18.38651741647749,1.8460277592782703,0.5038943614698255,1.5270919905371994,-49.999069326510465,0.18362042045678265,1.1696210122501043
CVRP,permuted_R45A,permutable_only,70,89.3,893,0.24972004479283313,0.43001119820828665,0.568868980963046,18.417958908358973,1.981605744820833,0.608769788115926,1.6385212461281329,-60.08679139222769,0.2056219713961732,1.3097659711647305
CVRP,permuted_R45A,full,71,89.3,1000,0.269,0.457,0.606,18.39830550003037,1.8729680317224506,0.5683300714679262,1.5921836996497296,-56.39272199986101,0.19540850400967116,1.1965612846942846
CVRP,permuted_R45A,permutable_only,71,89.3,893,0.24412094064949608,0.4311310190369541,0.5755879059350504,18.431159449851574,2.0117740230338006,0.6808782256857882,1.7113677283921103,-67.20403789568653,0.2188225128887695,1.3399342493776982
CVRP,permuted_R45A,full,72,89.3,1000,0.269,0.454,0.598,18.397017587184628,1.8873684809341398,0.5612901163930539,1.585072073070104,-55.69418034359522,0.19412059116392577,1.2109617339059737
CVRP,permuted_R45A,permutable_only,72,89.3,893,0.24412094064949608,0.42777155655095184,0.5666293393057111,18.429717218221395,2.0278999460032177,0.6729999829997224,1.703408850271293,-66.42643964088597,0.21738028125859554,1.356060172347115
CVRP,permuted_R45A,full,73,89.3,1000,0.276,0.448,0.605,18.396119997024222,1.8814784877938018,0.5563837328393939,1.5801157392130172,-55.20734296219156,0.19322300100352235,1.2050717407656353
CVRP,permuted_R45A,permutable_only,73,89.3,893,0.251959686450168,0.42105263157894735,0.574468085106383,18.42871207806417,2.0213042090039584,0.6675093683672362,1.6978620380683873,-65.88450503361936,0.2163751411013688,1.3494644353478558
CVRP,permuted_R45A,full,74,89.3,1000,0.292,0.466,0.609,18.3942648043629,1.8655875931581236,0.5462429278663805,1.5698716939857693,-54.20111854365731,0.19136780834219877,1.1891808461299573
CVRP,permuted_R45A,permutable_only,74,89.3,893,0.2698768197088466,0.4412094064949608,0.5789473684210527,18.42663459468083,2.003509254204767,0.6561610398964746,1.6863975571209222,-64.76440239583383,0.21429765771802775,1.3316694805486646
CVRP,permuted_R45A,full,75,89.3,1000,0.278,0.458,0.597,18.400598975658305,1.9035002822261116,0.5808666071809965,1.6048478657765042,-57.636663520466726,0.197701979637601,1.227093535197945
CVRP,permuted_R45A,permutable_only,75,89.3,893,0.2541993281075028,0.4322508398656215,0.5655095184770437,18.43372773162977,2.045964673093891,0.6949075582225239,1.7255406540337415,-68.58876097814527,0.22139079466696643,1.3741248994377886
CVRP,permuted_R45A,full,76,89.3,1000,0.296,0.477,0.613,18.39030540895461,1.8495731481174535,0.5246001855875315,1.548008613950591,-52.05361094214555,0.18740841293390717,1.1731664010892873
CVRP,permuted_R45A,permutable_only,76,89.3,893,0.27435610302351626,0.45352743561030234,0.5834266517357223,18.422200781233695,1.9855759450886752,0.6319411728305413,1.661929794732564,-62.373853245156596,0.20986384427089266,1.3137361714325726
CVRP,permuted_R45A,full,77,89.3,1000,0.276,0.468,0.615,18.395097684860673,1.9088147108167264,0.5507955971765899,1.5744707125491475,-54.6528585230415,0.1922006888399712,1.23240796378856
CVRP,permuted_R45A,permutable_only,77,89.3,893,0.251959686450168,0.44344904815229563,0.5856662933930571,18.42756727161002,2.051915880922128,0.6612558215127295,1.6915444848752292,-65.26726749548497,0.2152303346472242,1.3800761072660248
CVRP,permuted_R45A,full,78,89.3,1000,0.274,0.453,0.605,18.39916382932706,1.8951898620041716,0.5730218483285254,1.5969232419724477,-56.85826496770285,0.19626683330635808,1.2187831149760053
CVRP,permuted_R45A,permutable_only,78,89.3,893,0.24972004479283313,0.42665173572228443,0.574468085106383,18.432120624875857,2.0366584914343844,0.6861286791820298,1.7166719213601134,-67.72226812015319,0.21978368791305497,1.3648187177782816
CVRP,permuted_R45A,full,79,89.3,1000,0.271,0.456,0.601,18.399489257812387,1.900753232161532,0.5748006968929964,1.5987202004185797,-57.03477175066506,0.1965922617916867,1.2243464851333659
CVRP,permuted_R45A,permutable_only,79,89.3,893,0.24636058230683092,0.43001119820828665,0.5699888017917133,18.432485046471967,2.042888469214183,0.6881193453927459,1.7186829624490363,-67.91875084263502,0.22014810950916766,1.3710486955580805
CVRP,permuted_R45A,full,80,89.3,1000,0.281,0.469,0.607,18.397372992038893,1.8702930955527268,0.5632328209911774,1.587034555715161,-55.886945790700935,0.19447599601818882,1.1938863485245605
CVRP,permuted_R45A,permutable_only,80,89.3,893,0.25755879059350506,0.44456886898096304,0.5767077267637178,18.43011520797981,2.008778573795588,0.6751740165167774,1.7056051354686685,-66.64102108196404,0.21777827101700872,1.3369388001394855
CVRP,permuted_R45A,full,81,89.3,1000,0.276,0.455,0.605,18.401300624370464,1.9262108640091287,0.5847019407815957,1.6087222456675265,-58.01722564866362,0.19840362834976094,1.2498041169809626
CVRP,permuted_R45A,permutable_only,81,89.3,893,0.251959686450168,0.42889137737961924,0.574468085106383,18.434513452472054,2.0713964556056683,0.6991995868741663,1.7298766124816733,-69.0123927602639,0.22217651550925077,1.3995566819495662
CVRP,permuted_R45A,full,82,89.3,1000,0.282,0.469,0.606,18.404094635963276,1.9568918999695553,0.5999744929244599,1.6241502827221144,-59.532649221088555,0.2011976399425727,1.2804851529413892
CVRP,permuted_R45A,permutable_only,82,89.3,893,0.25867861142217247,0.44456886898096304,0.5755879059350504,18.43764224484922,2.1057537187192485,0.7162907289249842,1.7471426858877148,-70.69932254408431,0.2253053078864196,1.4339139450631462
CVRP,permuted_R45A,full,83,89.3,1000,0.278,0.46,0.609,18.392764365196612,1.8523186356485142,0.5380412670489054,1.5615865347132551,-53.38730628624432,0.18986736917590935,1.1759118886203477
CVRP,permuted_R45A,permutable_only,83,89.3,893,0.2541993281075028,0.43449048152295633,0.5789473684210527,18.42495437165027,1.9886503992108033,0.6469827605379619,1.6771253361848482,-63.85848793043122,0.21261743468746855,1.3168106255547007
CVRP,permuted_R45A,full,84,89.3,1000,0.283,0.467,0.613,18.398402472496063,1.9029332461675756,0.5688601397906501,1.592719164426537,-56.44531818835309,0.1955054764753577,1.2265264991394096
CVRP,permuted_R45A,permutable_only,84,89.3,893,0.2597984322508399,0.4423292273236282,0.5834266517357223,18.43126804163845,2.0453296943049377,0.681471412267487,1.7119669863605136,-67.26258659354741,0.21893110467565252,1.3734899206488353
CVRP,permuted_R45A,full,85,89.3,1000,0.293,0.48,0.618,18.390063754081623,1.8560433049985248,0.5232792581233214,1.5466742385512822,-51.92254151786047,0.1871667580609181,1.1796365579703583
CVRP,permuted_R45A,permutable_only,85,89.3,893,0.270996640537514,0.4568868980963046,0.5890257558790594,18.421930171073573,1.9928213615288444,0.6304629549977347,1.6604364470361288,-62.227950198905944,0.2095932341107705,1.320981587872742
CVRP,permuted_R45A,full,86,89.3,1000,0.292,0.474,0.62,18.389043138980334,1.8633917553158663,0.5177003988972917,1.5410385827645756,-51.36897753593354,0.1861461429596329,1.1869850082877
CVRP,permuted_R45A,permutable_only,86,89.3,893,0.2698768197088466,0.4501679731243001,0.5912653975363942,18.420787265025098,2.001050309252631,0.6242197891783041,1.654129381130054,-61.61173728962108,0.20845032806229888,1.3292105355965285
CVRP,permuted_R45A,full,87,89.3,1000,0.278,0.456,0.603,18.391649083137725,1.8511797407127077,0.531944941807394,1.5554281447570206,-52.782396583547296,0.18875208711702132,1.174772993684542
CVRP,permuted_R45A,permutable_only,87,89.3,893,0.2541993281075028,0.43001119820828665,0.5722284434490481,18.423705455570886,1.9873750409400242,0.6401605110726072,1.6702332595926128,-63.185118311155605,0.21136851860808661,1.3155352672839216
CVRP,permuted_R45A,full,88,89.3,1000,0.278,0.456,0.604,18.389636118411858,1.8427587091997448,0.5209417273552175,1.5443129101387454,-51.6905993254801,0.1867391223911539,1.166351962171578
CVRP,permuted_R45A,permutable_only,88,89.3,893,0.2541993281075028,0.43001119820828665,0.5733482642777156,18.421451295743488,1.977944994452943,0.627847081106303,1.6577937991372416,-61.96975823226951,0.20911435878068746,1.3061052207968402
CVRP,permuted_R45A,full,89,89.3,1000,0.269,0.461,0.608,18.406836371421736,1.9363909436442373,0.6149612946467542,1.639289660223553,-61.01971912222781,0.2039393754010331,1.2599841966160708
CVRP,permuted_R45A,permutable_only,89,89.3,893,0.24412094064949608,0.43561030235162373,0.5778275475923852,18.440712497322302,2.0827963208185563,0.7330620946226052,1.7640857099637808,-72.35468976451513,0.22837556035949955,1.4109565471624532
CVRP,permuted_R45A,full,90,89.3,1000,0.266,0.46,0.605,18.403536258220505,1.930625854701723,0.5969223033008397,1.621067019743494,-59.22979478917122,0.20063926219979963,1.254219107673557
CVRP,permuted_R45A,permutable_only,90,89.3,893,0.24076147816349383,0.43449048152295633,0.574468085106383,18.4370169618226,2.076340454141609,0.7128750976712395,1.7436920949453594,-70.3621929318357,0.22468002485979804,1.404500680485506
CVRP,permuted_R45A,full,91,89.3,1000,0.278,0.469,0.605,18.39758309459661,1.8980660377008545,0.5643812780256274,1.588194704819057,-56.00090178480238,0.19468609857590433,1.2216592906726882
CVRP,permuted_R45A,permutable_only,91,89.3,893,0.2541993281075028,0.44456886898096304,0.574468085106383,18.430350485200094,2.0398792928864364,0.6764592268818204,1.70690350022622,-66.76787390647496,0.21801354823729488,1.368039519230334
CVRP,permuted_R45A,full,92,89.3,1000,0.279,0.475,0.611,18.38726997518569,1.847154553267647,0.5080079779419711,1.5312474864076275,-50.40724415619765,0.18437297916498657,1.170747806239481
CVRP,permuted_R45A,permutable_only,92,89.3,893,0.2553191489361702,0.45128779395296753,0.5811870100783875,18.418801639275216,1.9828675521997543,0.6133732363681199,1.6431718116203031,-60.5411609095958,0.20646470231241495,1.3110277785436515
CVRP,permuted_R45A,full,93,89.3,1000,0.273,0.458,0.601,18.401496357917242,1.8989354814601012,0.5857718543091472,1.6098030516385142,-58.12338813970902,0.19859936189654015,1.2225287344319349
CVRP,permuted_R45A,permutable_only,93,89.3,893,0.24860022396416573,0.4322508398656215,0.5699888017917133,18.434732638974605,2.040852914117396,0.7003969011089017,1.7310861814739287,-69.13057006153332,0.2223957020118031,1.3690131404612933
CVRP,permuted_R45A,full,94,89.3,1000,0.291,0.482,0.613,18.38935445880868,1.8592967016211277,0.5194021270947369,1.5427576357061712,-51.5378320273219,0.18645746278797745,1.1828899545929614
CVRP,permuted_R45A,permutable_only,94,89.3,893,0.2687569988801792,0.45912653975363943,0.5834266517357223,18.421135887453257,1.9964645828307515,0.6261241518599636,1.6560532353555812,-61.799701681781514,0.20879895049045627,1.324624809174649
CVRP,permuted_R45A,full,95,89.3,1000,0.285,0.469,0.606,18.387310675620594,1.8596192813098806,0.5082304535809046,1.5314722269990533,-50.42931936827683,0.18441367959988883,1.1832125342817144
CVRP,permuted_R45A,permutable_only,95,89.3,893,0.2620380739081747,0.44456886898096304,0.5755879059350504,18.418847216469956,1.996825814285122,0.6136222034505145,1.6434233269320142,-60.5657344568312,0.20651027950715437,1.3249860406290195
CVRP,permuted_R45A,full,96,89.3,1000,0.28,0.462,0.618,18.389110741615077,1.837741752379631,0.5180699266282174,1.541411872537779,-51.40564403599812,0.18621374559437437,1.161335005351465
CVRP,permuted_R45A,permutable_only,96,89.3,893,0.2564389697648376,0.43673012318029114,0.5890257558790594,18.420862967863556,1.9723269017092553,0.6246333186841868,1.6545471431955283,-61.65255347603448,0.20852603090075517,1.3004871280531523
CVRP,permuted_R45A,full,97,89.3,1000,0.29,0.468,0.615,18.39387292099016,1.881941857207602,0.5441008253570079,1.567707783423855,-53.98856777893489,0.1909759249694523,1.2055351101794363
CVRP,permuted_R45A,permutable_only,97,89.3,893,0.26763717805151177,0.44344904815229563,0.5856662933930571,18.426195755517618,2.0218230997249,0.653763865021384,1.6839758466677957,-64.52779645798601,0.21385881855481778,1.3499833260687977
CVRP,permuted_R45A,full,98,89.3,1000,0.283,0.46,0.61,18.395584270953883,1.891927807780199,0.5534553611874715,1.5771575547568029,-54.916774405696245,0.1926872749331767,1.215521060752033
CVRP,permuted_R45A,permutable_only,98,89.3,893,0.2597984322508399,0.43449048152295633,0.58006718924972,18.428112160852137,2.0330055751701375,0.6642322987973737,1.6945514270172657,-65.56105173573064,0.2157752238893356,1.3611658015140347
CVRP,permuted_R45A,full,99,89.3,1000,0.29,0.467,0.614,18.390092212200113,1.8466529649387748,0.5234348151366364,1.5468313792401878,-51.93797670921633,0.1871952161794129,1.1702462179106088
CVRP,permuted_R45A,permutable_only,99,89.3,893,0.26763717805151177,0.4423292273236282,0.5845464725643897,18.421962039067406,1.9823058631416668,0.6306370350720458,1.6606123088558133,-62.24513224918839,0.20962510210460572,1.310466089485564
ATSP,R45A,full,-1,100.0,1000,0.785,0.968,0.993,1.6347508870363237,0.3132905315123528,-2.316860570710566,0.31710327868097465,88.23991309066963,0.0,0.0
ATSP,R45A,permutable_only,-1,100.0,1000,0.785,0.968,0.993,1.6347508870363237,0.3132905315123528,-2.316860570710566,0.31710327868097465,88.23991309066963,0.0,0.0
ATSP,conditional_majority,full,-1,100.0,1000,0.777,0.962,0.994,1.6347156150341033,0.3179024852071019,-2.3189682190000838,0.3149387989932029,88.32018494830456,-3.5272002220153806e-05,0.004611953694749081
ATSP,conditional_majority,permutable_only,-1,100.0,1000,0.777,0.962,0.994,1.6347156150341033,0.3179024852071019,-2.3189682190000838,0.3149387989932029,88.32018494830456,-3.5272002220153806e-05,0.004611953694749081
ATSP,conditional_mean_gap,full,-1,100.0,1000,0.705,0.948,0.983,1.637507559657097,0.49057150893862805,-2.1521379587754352,0.4862675312876652,81.9662904372501,0.0027566726207733155,0.17728097742627522
ATSP,conditional_mean_gap,permutable_only,-1,100.0,1000,0.705,0.948,0.983,1.637507559657097,0.49057150893862805,-2.1521379587754352,0.4862675312876652,81.9662904372501,0.0027566726207733155,0.17728097742627522
ATSP,permuted_R45A,full,0,100.0,1000,0.772,0.959,0.993,1.6354952989816665,0.35920814903754944,-2.272378872351266,0.3627843978013523,86.54578386814748,0.0007444119453430176,0.0459176175251966
ATSP,permuted_R45A,permutable_only,0,100.0,1000,0.772,0.959,0.993,1.6354952989816665,0.35920814903754944,-2.272378872351266,0.3627843978013523,86.54578386814748,0.0007444119453430176,0.0459176175251966
ATSP,permuted_R45A,full,1,100.0,1000,0.776,0.963,0.993,1.6356973682641982,0.3704361059361019,-2.260304395404078,0.37518445535502654,86.0859155403314,0.0009464812278747558,0.05714557442374908
ATSP,permuted_R45A,permutable_only,1,100.0,1000,0.776,0.963,0.993,1.6356973682641982,0.3704361059361019,-2.260304395404078,0.37518445535502654,86.0859155403314,0.0009464812278747558,0.05714557442374908
ATSP,permuted_R45A,full,2,100.0,1000,0.774,0.958,0.995,1.6358415658473968,0.3770944097716146,-2.2516879922954036,0.3840331943041786,85.7577513551082,0.0010906788110733032,0.06380387825926179
ATSP,permuted_R45A,permutable_only,2,100.0,1000,0.774,0.958,0.995,1.6358415658473968,0.3770944097716146,-2.2516879922954036,0.3840331943041786,85.7577513551082,0.0010906788110733032,0.06380387825926179
ATSP,permuted_R45A,full,3,100.0,1000,0.773,0.959,0.994,1.6356513125896455,0.36683059658974276,-2.2630564127998243,0.3723582315570795,86.19072882900966,0.0009004255533218384,0.053540065077389926
ATSP,permuted_R45A,permutable_only,3,100.0,1000,0.773,0.959,0.994,1.6356513125896455,0.36683059658974276,-2.2630564127998243,0.3723582315570795,86.19072882900966,0.0009004255533218384,0.053540065077389926
ATSP,permuted_R45A,full,4,100.0,1000,0.78,0.959,0.994,1.6354582877159118,0.35242564739919496,-2.2745904488439495,0.3605131875523693,86.63001393359674,0.0007074006795883179,0.0391351158868421
ATSP,permuted_R45A,permutable_only,4,100.0,1000,0.78,0.959,0.994,1.6354582877159118,0.35242564739919496,-2.2745904488439495,0.3605131875523693,86.63001393359674,0.0007074006795883179,0.0391351158868421
ATSP,permuted_R45A,full,5,100.0,1000,0.77,0.961,0.993,1.6356633393764495,0.3696451909978413,-2.262337762452804,0.3730962598545329,86.16335832386774,0.0009124523401260376,0.0563546594854885
ATSP,permuted_R45A,permutable_only,5,100.0,1000,0.77,0.961,0.993,1.6356633393764495,0.3696451909978413,-2.262337762452804,0.3730962598545329,86.16335832386774,0.0009124523401260376,0.0563546594854885
ATSP,permuted_R45A,full,6,100.0,1000,0.773,0.964,0.994,1.6358832621574402,0.38032492245112587,-2.2491964649930196,0.386591904058764,85.66285908778534,0.0011323751211166381,0.06703439093877306
ATSP,permuted_R45A,permutable_only,6,100.0,1000,0.773,0.964,0.994,1.6358832621574402,0.38032492245112587,-2.2491964649930196,0.386591904058764,85.66285908778534,0.0011323751211166381,0.06703439093877306
ATSP,permuted_R45A,full,7,100.0,1000,0.765,0.962,0.994,1.6359161052703857,0.38261692581543155,-2.2472339529022833,0.3886073340422902,85.58811488499862,0.0011652182340621947,0.06932639430307874
ATSP,permuted_R45A,permutable_only,7,100.0,1000,0.765,0.962,0.994,1.6359161052703857,0.38261692581543155,-2.2472339529022833,0.3886073340422902,85.58811488499862,0.0011652182340621947,0.06932639430307874
ATSP,permuted_R45A,full,8,100.0,1000,0.775,0.959,0.992,1.6355507187843323,0.3609796153534162,-2.2690673094985514,0.3661852548443534,86.41965974051887,0.0007998317480087281,0.04768908384106339
ATSP,permuted_R45A,permutable_only,8,100.0,1000,0.775,0.959,0.992,1.6355507187843323,0.3609796153534162,-2.2690673094985514,0.3661852548443534,86.41965974051887,0.0007998317480087281,0.04768908384106339
ATSP,permuted_R45A,full,9,100.0,1000,0.769,0.96,0.994,1.6362168860435486,0.40288579488629866,-2.229261055358367,0.4070648593600179,84.9035994086201,0.0014659990072250367,0.08959526337394581
ATSP,permuted_R45A,permutable_only,9,100.0,1000,0.769,0.96,0.994,1.6362168860435486,0.40288579488629866,-2.229261055358367,0.4070648593600179,84.9035994086201,0.0014659990072250367,0.08959526337394581
ATSP,permuted_R45A,full,10,100.0,1000,0.766,0.961,0.994,1.635921177983284,0.38374118279074837,-2.2469308372867647,0.3889186229779851,85.57657042871685,0.0011702909469604491,0.07045065127839556
ATSP,permuted_R45A,permutable_only,10,100.0,1000,0.766,0.961,0.994,1.635921177983284,0.38374118279074837,-2.2469308372867647,0.3889186229779851,85.57657042871685,0.0011702909469604491,0.07045065127839556
ATSP,permuted_R45A,full,11,100.0,1000,0.773,0.962,0.993,1.6358244409561158,0.37737244964655986,-2.2527112755099776,0.38298231890725454,85.79672410256774,0.0010735539197921752,0.06408191813420706
ATSP,permuted_R45A,permutable_only,11,100.0,1000,0.773,0.962,0.993,1.6358244409561158,0.37737244964655986,-2.2527112755099776,0.38298231890725454,85.79672410256774,0.0010735539197921752,0.06408191813420706
ATSP,permuted_R45A,full,12,100.0,1000,0.766,0.963,0.993,1.6359812474250794,0.3873979534805163,-2.2433414392293183,0.3926048068756405,85.4398646741104,0.0012303603887557984,0.07410742196816349
ATSP,permuted_R45A,permutable_only,12,100.0,1000,0.766,0.963,0.993,1.6359812474250794,0.3873979534805163,-2.2433414392293183,0.3926048068756405,85.4398646741104,0.0012303603887557984,0.07410742196816349
ATSP,permuted_R45A,full,13,100.0,1000,0.764,0.962,0.995,1.636104588985443,0.39440061498020174,-2.2359712699062895,0.4001737081361645,85.1591645280813,0.0013537019491195678,0.08111008346784894
ATSP,permuted_R45A,permutable_only,13,100.0,1000,0.764,0.962,0.995,1.636104588985443,0.39440061498020174,-2.2359712699062895,0.4001737081361645,85.1591645280813,0.0013537019491195678,0.08111008346784894
ATSP,permuted_R45A,full,14,100.0,1000,0.778,0.963,0.993,1.6354406402111052,0.3541835165243189,-2.2756449603822393,0.3594302417798012,86.67017604247273,0.0006897531747817994,0.040892985011966095
ATSP,permuted_R45A,permutable_only,14,100.0,1000,0.778,0.963,0.993,1.6354406402111052,0.3541835165243189,-2.2756449603822393,0.3594302417798012,86.67017604247273,0.0006897531747817994,0.040892985011966095
ATSP,permuted_R45A,full,15,100.0,1000,0.762,0.963,0.994,1.6360962579250335,0.3930493520861645,-2.2364690852872404,0.39966246947946704,85.17812431638494,0.001345370888710022,0.07975882057381169
ATSP,permuted_R45A,permutable_only,15,100.0,1000,0.762,0.963,0.994,1.6360962579250335,0.3930493520861645,-2.2364690852872404,0.39966246947946704,85.17812431638494,0.001345370888710022,0.07975882057381169
ATSP,permuted_R45A,full,16,100.0,1000,0.78,0.965,0.993,1.635320026755333,0.3479605799886142,-2.282852114151468,0.35202875168400816,86.94466758083614,0.0005691397190093994,0.03467004847626141
ATSP,permuted_R45A,permutable_only,16,100.0,1000,0.78,0.965,0.993,1.635320026755333,0.3479605799886142,-2.282852114151468,0.35202875168400816,86.94466758083614,0.0005691397190093994,0.03467004847626141
ATSP,permuted_R45A,full,17,100.0,1000,0.767,0.962,0.993,1.6359111865758895,0.3837700240701877,-2.2475278652800634,0.38830549650381574,85.59930882692113,0.0011602995395660401,0.07047949255783484
ATSP,permuted_R45A,permutable_only,17,100.0,1000,0.767,0.962,0.993,1.6359111865758895,0.3837700240701877,-2.2475278652800634,0.38830549650381574,85.59930882692113,0.0011602995395660401,0.07047949255783484
ATSP,permuted_R45A,full,18,100.0,1000,0.776,0.96,0.993,1.6357813256978988,0.37192416553665064,-2.255287590845445,0.3803365348641119,85.89484560550567,0.0010304386615753174,0.058633634024297894
ATSP,permuted_R45A,permutable_only,18,100.0,1000,0.776,0.96,0.993,1.6357813256978988,0.37192416553665064,-2.255287590845445,0.3803365348641119,85.89484560550567,0.0010304386615753174,0.058633634024297894
ATSP,permuted_R45A,full,19,100.0,1000,0.777,0.96,0.993,1.6357289358377456,0.37120517260625413,-2.2584181020778415,0.37712161138345746,86.01407420413936,0.0009780488014221192,0.057914641093901285
ATSP,permuted_R45A,permutable_only,19,100.0,1000,0.777,0.96,0.993,1.6357289358377456,0.37120517260625413,-2.2584181020778415,0.37712161138345746,86.01407420413936,0.0009780488014221192,0.057914641093901285
ATSP,permuted_R45A,full,20,100.0,1000,0.773,0.966,0.991,1.635808798789978,0.3720283573298518,-2.2536459597532588,0.3820224314966536,85.83232247108292,0.0010579117536544799,0.05873782581749905
ATSP,permuted_R45A,permutable_only,20,100.0,1000,0.773,0.966,0.991,1.635808798789978,0.3720283573298518,-2.2536459597532588,0.3820224314966536,85.83232247108292,0.0010579117536544799,0.05873782581749905
ATSP,permuted_R45A,full,21,100.0,1000,0.789,0.961,0.993,1.6353091950416565,0.34822276344188346,-2.2834993539270765,0.3513640594986711,86.96931834414542,0.0005583080053329467,0.03493223192953067
ATSP,permuted_R45A,permutable_only,21,100.0,1000,0.789,0.961,0.993,1.6353091950416565,0.34822276344188346,-2.2834993539270765,0.3513640594986711,86.96931834414542,0.0005583080053329467,0.03493223192953067
ATSP,permuted_R45A,full,22,100.0,1000,0.78,0.962,0.993,1.6354132877588272,0.3523567247678411,-2.2772793827464,0.35775174825405376,86.73242462540018,0.0006624007225036621,0.03906619325548823
ATSP,permuted_R45A,permutable_only,22,100.0,1000,0.78,0.962,0.993,1.6354132877588272,0.3523567247678411,-2.2772793827464,0.35775174825405376,86.73242462540018,0.0006624007225036621,0.03906619325548823
ATSP,permuted_R45A,full,23,100.0,1000,0.769,0.961,0.992,1.6357066135406495,0.3730971168287954,-2.259751951826394,0.37575179522311153,86.06487518343704,0.0009557265043258667,0.05980658531644265
ATSP,permuted_R45A,permutable_only,23,100.0,1000,0.769,0.961,0.992,1.6357066135406495,0.3730971168287954,-2.259751951826394,0.37575179522311153,86.06487518343704,0.0009557265043258667,0.05980658531644265
ATSP,permuted_R45A,full,24,100.0,1000,0.777,0.963,0.994,1.6355362621545793,0.35929971636869984,-2.2699311530303357,0.36529811832004544,86.45256007087642,0.0007853751182556152,0.04600918485634702
ATSP,permuted_R45A,permutable_only,24,100.0,1000,0.777,0.963,0.994,1.6355362621545793,0.35929971636869984,-2.2699311530303357,0.36529811832004544,86.45256007087642,0.0007853751182556152,0.04600918485634702
ATSP,permuted_R45A,full,25,100.0,1000,0.768,0.962,0.993,1.6360438921451568,0.39105069653080826,-2.239598157623335,0.39644902369404544,85.29729811323817,0.001293005108833313,0.07776016501845547
ATSP,permuted_R45A,permutable_only,25,100.0,1000,0.768,0.962,0.993,1.6360438921451568,0.39105069653080826,-2.239598157623335,0.39644902369404544,85.29729811323817,0.001293005108833313,0.07776016501845547
ATSP,permuted_R45A,full,26,100.0,1000,0.768,0.959,0.995,1.636110721707344,0.3934236173516382,-2.2356048143605034,0.4005500449231425,85.14520770827066,0.001359834671020508,0.0801330858392854
ATSP,permuted_R45A,permutable_only,26,100.0,1000,0.768,0.959,0.995,1.636110721707344,0.3934236173516382,-2.2356048143605034,0.4005500449231425,85.14520770827066,0.001359834671020508,0.0801330858392854
ATSP,permuted_R45A,full,27,100.0,1000,0.783,0.967,0.993,1.6356440216302872,0.36695023636982593,-2.2634920778330847,0.3719108190927356,86.20732156020682,0.000893134593963623,0.053659704857473095
ATSP,permuted_R45A,permutable_only,27,100.0,1000,0.783,0.967,0.993,1.6356440216302872,0.36695023636982593,-2.2634920778330847,0.3719108190927356,86.20732156020682,0.000893134593963623,0.053659704857473095
ATSP,permuted_R45A,full,28,100.0,1000,0.783,0.967,0.993,1.6353203048706055,0.34678682212657325,-2.2828354956115016,0.35204581833234716,86.94403464739993,0.0005694178342819213,0.03349629061422043
ATSP,permuted_R45A,permutable_only,28,100.0,1000,0.783,0.967,0.993,1.6353203048706055,0.34678682212657325,-2.2828354956115016,0.35204581833234716,86.94403464739993,0.0005694178342819213,0.03349629061422043
ATSP,permuted_R45A,full,29,100.0,1000,0.776,0.958,0.993,1.635684458374977,0.369926209393502,-2.261075814779845,0.37439223514545983,86.11529580582283,0.0009335713386535644,0.05663567788114922
ATSP,permuted_R45A,permutable_only,29,100.0,1000,0.776,0.958,0.993,1.635684458374977,0.369926209393502,-2.261075814779845,0.37439223514545983,86.11529580582283,0.0009335713386535644,0.05663567788114922
ATSP,permuted_R45A,full,30,100.0,1000,0.773,0.961,0.994,1.6357325112819672,0.3707148365113673,-2.258204454470003,0.37734101986344193,86.0059372249074,0.0009816242456436156,0.05742430499901445
ATSP,permuted_R45A,permutable_only,30,100.0,1000,0.773,0.961,0.994,1.6357325112819672,0.3707148365113673,-2.258204454470003,0.37734101986344193,86.0059372249074,0.0009816242456436156,0.05742430499901445
ATSP,permuted_R45A,full,31,100.0,1000,0.766,0.964,0.993,1.6362231683731079,0.3984791629379288,-2.2288856601350715,0.4074503768772164,84.8893021124007,0.0014722813367843627,0.085188631425576
ATSP,permuted_R45A,permutable_only,31,100.0,1000,0.766,0.964,0.993,1.6362231683731079,0.3984791629379288,-2.2288856601350715,0.4074503768772164,84.8893021124007,0.0014722813367843627,0.085188631425576
ATSP,permuted_R45A,full,32,100.0,1000,0.772,0.96,0.995,1.6358013540506362,0.3726215771030826,-2.254090813777765,0.38156558226576376,85.84926517404739,0.0010504670143127442,0.05933104559072983
ATSP,permuted_R45A,permutable_only,32,100.0,1000,0.772,0.96,0.995,1.6358013540506362,0.3726215771030826,-2.254090813777765,0.38156558226576376,85.84926517404739,0.0010504670143127442,0.05933104559072983
ATSP,permuted_R45A,full,33,100.0,1000,0.779,0.962,0.993,1.6354774216413497,0.35463344491635007,-2.2734471175136606,0.36168734808623704,86.58646903560228,0.0007265346050262451,0.04134291340399729
ATSP,permuted_R45A,permutable_only,33,100.0,1000,0.779,0.962,0.993,1.6354774216413497,0.35463344491635007,-2.2734471175136606,0.36168734808623704,86.58646903560228,0.0007265346050262451,0.04134291340399729
ATSP,permuted_R45A,full,34,100.0,1000,0.768,0.963,0.992,1.6357714638710021,0.37682733393248324,-2.2558768758670467,0.379731360145974,85.9172891050191,0.0010205768346786498,0.06353680242013048
ATSP,permuted_R45A,permutable_only,34,100.0,1000,0.768,0.963,0.992,1.6357714638710021,0.37682733393248324,-2.2558768758670467,0.379731360145974,85.9172891050191,0.0010205768346786498,0.06353680242013048
ATSP,permuted_R45A,full,35,100.0,1000,0.77,0.964,0.992,1.6360254269838332,0.38722103050519596,-2.240701527526634,0.39531590212167345,85.33932104099007,0.0012745399475097656,0.07393049899284315
ATSP,permuted_R45A,permutable_only,35,100.0,1000,0.77,0.964,0.992,1.6360254269838332,0.38722103050519596,-2.240701527526634,0.39531590212167345,85.33932104099007,0.0012745399475097656,0.07393049899284315
ATSP,permuted_R45A,full,36,100.0,1000,0.769,0.962,0.992,1.635733914732933,0.37078311846982825,-2.2581205924593006,0.3774271431600251,86.00274325776519,0.0009830276966094971,0.05749258695747542
ATSP,permuted_R45A,permutable_only,36,100.0,1000,0.769,0.962,0.992,1.635733914732933,0.37078311846982825,-2.2581205924593006,0.3774271431600251,86.00274325776519,0.0009830276966094971,0.05749258695747542
ATSP,permuted_R45A,full,37,100.0,1000,0.772,0.959,0.994,1.635911542892456,0.38119303963132084,-2.2475065738887356,0.38832736200398177,85.59849792334614,0.0011606558561325074,0.06790250811896811
ATSP,permuted_R45A,permutable_only,37,100.0,1000,0.772,0.959,0.994,1.635911542892456,0.38119303963132084,-2.2475065738887356,0.38832736200398177,85.59849792334614,0.0011606558561325074,0.06790250811896811
ATSP,permuted_R45A,full,38,100.0,1000,0.778,0.959,0.994,1.6353395398855208,0.34665177577028966,-2.281686123766047,0.35322618226003577,86.90025969044561,0.0005886528491973877,0.03336124425793683
ATSP,permuted_R45A,permutable_only,38,100.0,1000,0.778,0.959,0.994,1.6353395398855208,0.34665177577028966,-2.281686123766047,0.35322618226003577,86.90025969044561,0.0005886528491973877,0.03336124425793683
ATSP,permuted_R45A,full,39,100.0,1000,0.769,0.961,0.993,1.6356754120588302,0.3673060113501,-2.261616369654895,0.37383710455132224,86.13588336978714,0.0009245250225067139,0.05401547983774717
ATSP,permuted_R45A,permutable_only,39,100.0,1000,0.769,0.961,0.993,1.6356754120588302,0.3673060113501,-2.261616369654895,0.37383710455132224,86.13588336978714,0.0009245250225067139,0.05401547983774717
ATSP,permuted_R45A,full,40,100.0,1000,0.782,0.957,0.992,1.6354426634311676,0.3535541048318702,-2.2755240645998764,0.35955439744019824,86.66557160772031,0.0006917763948440552,0.040263573319517444
ATSP,permuted_R45A,permutable_only,40,100.0,1000,0.782,0.957,0.992,1.6354426634311676,0.3535541048318702,-2.2755240645998764,0.35955439744019824,86.66557160772031,0.0006917763948440552,0.040263573319517444
ATSP,permuted_R45A,full,41,100.0,1000,0.762,0.961,0.993,1.63611759185791,0.3917980289639402,-2.2351942943963032,0.40097163429759775,85.12957265175417,0.001366704821586609,0.07850749745158743
ATSP,permuted_R45A,permutable_only,41,100.0,1000,0.762,0.961,0.993,1.63611759185791,0.3917980289639402,-2.2351942943963032,0.40097163429759775,85.12957265175417,0.001366704821586609,0.07850749745158743
ATSP,permuted_R45A,full,42,100.0,1000,0.773,0.96,0.994,1.635929690361023,0.3825836302105153,-2.2464221874440637,0.38944098824080786,85.5571979992833,0.0011788033246994019,0.06929309869816246
ATSP,permuted_R45A,permutable_only,42,100.0,1000,0.773,0.96,0.994,1.635929690361023,0.3825836302105153,-2.2464221874440637,0.38944098824080786,85.5571979992833,0.0011788033246994019,0.06929309869816246
ATSP,permuted_R45A,full,43,100.0,1000,0.767,0.961,0.994,1.6360161100625992,0.38944890216089084,-2.2412582521769586,0.39474416574454274,85.36052444674588,0.0012652230262756347,0.07615837064853795
ATSP,permuted_R45A,permutable_only,43,100.0,1000,0.767,0.961,0.994,1.6360161100625992,0.38944890216089084,-2.2412582521769586,0.39474416574454274,85.36052444674588,0.0012652230262756347,0.07615837064853795
ATSP,permuted_R45A,full,44,100.0,1000,0.768,0.965,0.991,1.6360523248910903,0.38670611307072705,-2.2390942661109747,0.39696650232119435,85.27810690949475,0.0013014378547668458,0.0734155815583742
ATSP,permuted_R45A,permutable_only,44,100.0,1000,0.768,0.965,0.991,1.6360523248910903,0.38670611307072705,-2.2390942661109747,0.39696650232119435,85.27810690949475,0.0013014378547668458,0.0734155815583742
ATSP,permuted_R45A,full,45,100.0,1000,0.776,0.963,0.994,1.6358004777431487,0.37597010121214886,-2.254143176781298,0.381511807327084,85.85125947052761,0.0010495907068252563,0.06267956969979603
ATSP,permuted_R45A,permutable_only,45,100.0,1000,0.776,0.963,0.994,1.6358004777431487,0.37597010121214886,-2.254143176781298,0.381511807327084,85.85125947052761,0.0010495907068252563,0.06267956969979603
ATSP,permuted_R45A,full,46,100.0,1000,0.771,0.965,0.993,1.6358475888967514,0.3770002244298778,-2.2513280901387156,0.384402800994077,85.7440441275655,0.0010967018604278564,0.06370969291752501
ATSP,permuted_R45A,permutable_only,46,100.0,1000,0.771,0.965,0.993,1.6358475888967514,0.3770002244298778,-2.2513280901387156,0.384402800994077,85.7440441275655,0.0010967018604278564,0.06370969291752501
ATSP,permuted_R45A,full,47,100.0,1000,0.761,0.963,0.992,1.6361502487659454,0.3980754361320147,-2.233242908820521,0.4029756377467608,85.05525221323084,0.0013993617296218872,0.0847849046196618
ATSP,permuted_R45A,permutable_only,47,100.0,1000,0.761,0.963,0.992,1.6361502487659454,0.3980754361320147,-2.233242908820521,0.4029756377467608,85.05525221323084,0.0013993617296218872,0.0847849046196618
ATSP,permuted_R45A,full,48,100.0,1000,0.773,0.962,0.993,1.6357854766845703,0.37361477799572373,-2.2550395521913513,0.38059126172307334,85.8853988094588,0.0010345896482467651,0.06032424648337096
ATSP,permuted_R45A,permutable_only,48,100.0,1000,0.773,0.962,0.993,1.6357854766845703,0.37361477799572373,-2.2550395521913513,0.38059126172307334,85.8853988094588,0.0010345896482467651,0.06032424648337096
ATSP,permuted_R45A,full,49,100.0,1000,0.773,0.963,0.994,1.6357349265813828,0.37258901414005285,-2.2580601303216263,0.3774892356208648,86.00044049779726,0.000984039545059204,0.05929848262770005
ATSP,permuted_R45A,permutable_only,49,100.0,1000,0.773,0.963,0.994,1.6357349265813828,0.37258901414005285,-2.2580601303216263,0.3774892356208648,86.00044049779726,0.000984039545059204,0.05929848262770005
ATSP,permuted_R45A,full,50,100.0,1000,0.768,0.961,0.994,1.635552670955658,0.3635773865663456,-2.2689506591726194,0.3663050505722687,86.41521699814896,0.0008017839193344116,0.050286855053992795
ATSP,permuted_R45A,permutable_only,50,100.0,1000,0.768,0.961,0.994,1.635552670955658,0.3635773865663456,-2.2689506591726194,0.3663050505722687,86.41521699814896,0.0008017839193344116,0.050286855053992795
ATSP,permuted_R45A,full,51,100.0,1000,0.776,0.961,0.993,1.635380046248436,0.35257357009934465,-2.2792657007353556,0.35571187046137265,86.80807549922993,0.0006291592121124268,0.039283038586991836
ATSP,permuted_R45A,permutable_only,51,100.0,1000,0.776,0.961,0.993,1.635380046248436,0.35257357009934465,-2.2792657007353556,0.35571187046137265,86.80807549922993,0.0006291592121124268,0.039283038586991836
ATSP,permuted_R45A,full,52,100.0,1000,0.757,0.961,0.993,1.636285389661789,0.40556315363048606,-2.225167680309581,0.4112686096686913,84.74769919471888,0.001534502625465393,0.09227262211813322
ATSP,permuted_R45A,permutable_only,52,100.0,1000,0.757,0.961,0.993,1.636285389661789,0.40556315363048606,-2.225167680309581,0.4112686096686913,84.74769919471888,0.001534502625465393,0.09227262211813322
ATSP,permuted_R45A,full,53,100.0,1000,0.768,0.961,0.993,1.6357686231136321,0.3755505858996401,-2.2560466228911724,0.37955703600107693,85.92375408735143,0.0010177360773086547,0.062260054387287204
ATSP,permuted_R45A,permutable_only,53,100.0,1000,0.768,0.961,0.993,1.6357686231136321,0.3755505858996401,-2.2560466228911724,0.37955703600107693,85.92375408735143,0.0010177360773086547,0.062260054387287204
ATSP,permuted_R45A,full,54,100.0,1000,0.771,0.962,0.993,1.6360041095018387,0.3880432531670184,-2.2419753354092076,0.3940077468181258,85.38783526678057,0.0012532224655151367,0.07475272165466551
ATSP,permuted_R45A,permutable_only,54,100.0,1000,0.771,0.962,0.993,1.6360041095018387,0.3880432531670184,-2.2419753354092076,0.3940077468181258,85.38783526678057,0.0012532224655151367,0.07475272165466551
ATSP,permuted_R45A,full,55,100.0,1000,0.772,0.963,0.994,1.6361677856445314,0.39723481273859645,-2.2321950076573227,0.4040517948996625,85.0153418669902,0.0014168986082077027,0.08394428122624366
ATSP,permuted_R45A,permutable_only,55,100.0,1000,0.772,0.963,0.994,1.6361677856445314,0.39723481273859645,-2.2321950076573227,0.4040517948996625,85.0153418669902,0.0014168986082077027,0.08394428122624366
ATSP,permuted_R45A,full,56,100.0,1000,0.769,0.961,0.994,1.635439385175705,0.3554358738385853,-2.2757199539478967,0.3593532260602439,86.67303224616506,0.0006884981393814087,0.04214534232623252
ATSP,permuted_R45A,permutable_only,56,100.0,1000,0.769,0.961,0.994,1.635439385175705,0.3554358738385853,-2.2757199539478967,0.3593532260602439,86.67303224616506,0.0006884981393814087,0.04214534232623252
ATSP,permuted_R45A,full,57,100.0,1000,0.783,0.961,0.995,1.6353087525367738,0.3448040496600204,-2.2835257954274324,0.3513369050200499,86.97032539468732,0.0005578655004501343,0.031513518147667535
ATSP,permuted_R45A,permutable_only,57,100.0,1000,0.783,0.961,0.995,1.6353087525367738,0.3448040496600204,-2.2835257954274324,0.3513369050200499,86.97032539468732,0.0005578655004501343,0.031513518147667535
ATSP,permuted_R45A,full,58,100.0,1000,0.777,0.958,0.993,1.635451652765274,0.3541690011374608,-2.2749869146378554,0.3601060313099813,86.645113723217,0.0007007657289505004,0.040878469625107994
ATSP,permuted_R45A,permutable_only,58,100.0,1000,0.777,0.958,0.993,1.635451652765274,0.3541690011374608,-2.2749869146378554,0.3601060313099813,86.645113723217,0.0007007657289505004,0.040878469625107994
ATSP,permuted_R45A,full,59,100.0,1000,0.774,0.962,0.993,1.6353944376707077,0.35287418054853054,-2.2784057536207825,0.35659500550402345,86.77532356775353,0.0006435506343841552,0.03958364903617776
ATSP,permuted_R45A,permutable_only,59,100.0,1000,0.774,0.962,0.993,1.6353944376707077,0.35287418054853054,-2.2784057536207825,0.35659500550402345,86.77532356775353,0.0006435506343841552,0.03958364903617776
ATSP,permuted_R45A,full,60,100.0,1000,0.775,0.961,0.993,1.6356571187973024,0.3698673943611287,-2.2627094678331017,0.37271453167460056,86.17751508878813,0.0009062317609786987,0.05657686284877586
ATSP,permuted_R45A,permutable_only,60,100.0,1000,0.775,0.961,0.993,1.6356571187973024,0.3698673943611287,-2.2627094678331017,0.37271453167460056,86.17751508878813,0.0009062317609786987,0.05657686284877586
ATSP,permuted_R45A,full,61,100.0,1000,0.771,0.961,0.993,1.6359725922346116,0.38557306624152726,-2.2438586227243484,0.39207367785594194,85.45956211608441,0.001221705198287964,0.07228253472917444
ATSP,permuted_R45A,permutable_only,61,100.0,1000,0.771,0.961,0.993,1.6359725922346116,0.38557306624152726,-2.2438586227243484,0.39207367785594194,85.45956211608441,0.001221705198287964,0.07228253472917444
ATSP,permuted_R45A,full,62,100.0,1000,0.765,0.961,0.994,1.6359354590177535,0.3826364835629605,-2.2460774863008015,0.3897949840316217,85.54406971728432,0.0011845719814300537,0.0693459520506077
ATSP,permuted_R45A,permutable_only,62,100.0,1000,0.765,0.961,0.994,1.6359354590177535,0.3826364835629605,-2.2460774863008015,0.3897949840316217,85.54406971728432,0.0011845719814300537,0.0693459520506077
ATSP,permuted_R45A,full,63,100.0,1000,0.771,0.961,0.994,1.6356677550077439,0.3689337006058009,-2.26207391018588,0.37336722673035894,86.15330925082625,0.0009168679714202881,0.05564316909344807
ATSP,permuted_R45A,permutable_only,63,100.0,1000,0.771,0.961,0.994,1.6356677550077439,0.3689337006058009,-2.26207391018588,0.37336722673035894,86.15330925082625,0.0009168679714202881,0.05564316909344807
ATSP,permuted_R45A,full,64,100.0,1000,0.775,0.964,0.994,1.6353103778362275,0.3454763512700232,-2.2834286770503143,0.3514366421325743,86.96662654579448,0.0005594907999038696,0.03218581975767038
ATSP,permuted_R45A,permutable_only,64,100.0,1000,0.775,0.964,0.994,1.6353103778362275,0.3454763512700232,-2.2834286770503143,0.3514366421325743,86.96662654579448,0.0005594907999038696,0.03218581975767038
ATSP,permuted_R45A,full,65,100.0,1000,0.775,0.961,0.993,1.635553172469139,0.36012937326277195,-2.2689206916640003,0.3663358261357441,86.41407565611529,0.0008022854328155518,0.04683884175041911
ATSP,permuted_R45A,permutable_only,65,100.0,1000,0.775,0.961,0.993,1.635553172469139,0.36012937326277195,-2.2689206916640003,0.3663358261357441,86.41407565611529,0.0008022854328155518,0.04683884175041911
ATSP,permuted_R45A,full,66,100.0,1000,0.78,0.959,0.992,1.6353225221633911,0.34365390453392214,-2.2827030031797424,0.3521818833384316,86.93898854285193,0.0005716351270675659,0.030363373021569343
ATSP,permuted_R45A,permutable_only,66,100.0,1000,0.78,0.959,0.992,1.6353225221633911,0.34365390453392214,-2.2827030031797424,0.3521818833384316,86.93898854285193,0.0005716351270675659,0.030363373021569343
ATSP,permuted_R45A,full,67,100.0,1000,0.774,0.96,0.992,1.6356561065912247,0.3637711638463494,-2.2627699513405264,0.37265241726778253,86.17981866264402,0.0009052195549011231,0.05048063233399661
ATSP,permuted_R45A,permutable_only,67,100.0,1000,0.774,0.96,0.992,1.6356561065912247,0.3637711638463494,-2.2627699513405264,0.37265241726778253,86.17981866264402,0.0009052195549011231,0.05048063233399661
ATSP,permuted_R45A,full,68,100.0,1000,0.77,0.964,0.993,1.6356445297002793,0.3668382100963136,-2.263461718545756,0.3719419969989701,86.20616529689583,0.0008936426639556884,0.053547678583960805
ATSP,permuted_R45A,permutable_only,68,100.0,1000,0.77,0.964,0.993,1.6356445297002793,0.3668382100963136,-2.263461718545756,0.3719419969989701,86.20616529689583,0.0008936426639556884,0.053547678583960805
ATSP,permuted_R45A,full,69,100.0,1000,0.775,0.962,0.993,1.635676975131035,0.3665254893711768,-2.2615229696137495,0.3739330230652982,86.13232613737625,0.0009260880947113037,0.05323495785882395
ATSP,permuted_R45A,permutable_only,69,100.0,1000,0.775,0.962,0.993,1.635676975131035,0.3665254893711768,-2.2615229696137495,0.3739330230652982,86.13232613737625,0.0009260880947113037,0.05323495785882395
ATSP,permuted_R45A,full,70,100.0,1000,0.771,0.96,0.994,1.6358992471694946,0.38075852655157394,-2.248241294285558,0.38757283033803436,85.62648047213676,0.0011483601331710815,0.06746799503922114
ATSP,permuted_R45A,permutable_only,70,100.0,1000,0.771,0.96,0.994,1.6358992471694946,0.38075852655157394,-2.248241294285558,0.38757283033803436,85.62648047213676,0.0011483601331710815,0.06746799503922114
ATSP,permuted_R45A,full,71,100.0,1000,0.771,0.962,0.995,1.6358647900819778,0.37641575473529465,-2.2503002480447676,0.3854583581976545,85.704897750702,0.0011139030456542968,0.0631252232229418
ATSP,permuted_R45A,permutable_only,71,100.0,1000,0.771,0.962,0.995,1.6358647900819778,0.37641575473529465,-2.2503002480447676,0.3854583581976545,85.704897750702,0.0011139030456542968,0.0631252232229418
ATSP,permuted_R45A,full,72,100.0,1000,0.768,0.965,0.993,1.6361838833093643,0.3974539375310513,-2.2312331054795465,0.40503963415909894,84.97870687667549,0.0014329962730407714,0.08416340601869847
ATSP,permuted_R45A,permutable_only,72,100.0,1000,0.768,0.965,0.993,1.6361838833093643,0.3974539375310513,-2.2312331054795465,0.40503963415909894,84.97870687667549,0.0014329962730407714,0.08416340601869847
ATSP,permuted_R45A,full,73,100.0,1000,0.772,0.959,0.991,1.6359443554878235,0.3811614181831452,-2.2455458853497534,0.39034091926486436,85.52382317232072,0.001193468451499939,0.06787088667079239
ATSP,permuted_R45A,permutable_only,73,100.0,1000,0.772,0.959,0.991,1.6359443554878235,0.3811614181831452,-2.2455458853497534,0.39034091926486436,85.52382317232072,0.001193468451499939,0.06787088667079239
ATSP,permuted_R45A,full,74,100.0,1000,0.765,0.959,0.994,1.6358417830467225,0.37892487851399426,-2.251675013735688,0.38404652282253426,85.75725705389907,0.0010908960103988648,0.06563434700164145
ATSP,permuted_R45A,permutable_only,74,100.0,1000,0.765,0.959,0.994,1.6358417830467225,0.37892487851399426,-2.251675013735688,0.38404652282253426,85.75725705389907,0.0010908960103988648,0.06563434700164145
ATSP,permuted_R45A,full,75,100.0,1000,0.778,0.96,0.992,1.6354214150905608,0.3546770116342593,-2.276793740998029,0.3582504850239143,86.71392848186409,0.0006705280542373657,0.04138648012190649
ATSP,permuted_R45A,permutable_only,75,100.0,1000,0.778,0.96,0.992,1.6354214150905608,0.3546770116342593,-2.276793740998029,0.3582504850239143,86.71392848186409,0.0006705280542373657,0.04138648012190649
ATSP,permuted_R45A,full,76,100.0,1000,0.764,0.96,0.993,1.6359883368015289,0.3880514684547607,-2.2429178196101685,0.39303984912892886,85.423730704354,0.0012374497652053833,0.0747609369424079
ATSP,permuted_R45A,permutable_only,76,100.0,1000,0.764,0.96,0.993,1.6359883368015289,0.3880514684547607,-2.2429178196101685,0.39303984912892886,85.423730704354,0.0012374497652053833,0.0747609369424079
ATSP,permuted_R45A,full,77,100.0,1000,0.777,0.961,0.993,1.635395452260971,0.3504802507065289,-2.2783451276483846,0.3566572662172751,86.77301456797888,0.000644565224647522,0.03718971919417604
ATSP,permuted_R45A,permutable_only,77,100.0,1000,0.777,0.961,0.993,1.635395452260971,0.3504802507065289,-2.2783451276483846,0.3566572662172751,86.77301456797888,0.000644565224647522,0.03718971919417604
ATSP,permuted_R45A,full,78,100.0,1000,0.777,0.961,0.993,1.6354372646808624,0.3537363322941633,-2.2758466623014617,0.3592231010963731,86.67785805840725,0.0006863776445388794,0.040445800781810475
ATSP,permuted_R45A,permutable_only,78,100.0,1000,0.777,0.961,0.993,1.6354372646808624,0.3537363322941633,-2.2758466623014617,0.3592231010963731,86.67785805840725,0.0006863776445388794,0.040445800781810475
ATSP,permuted_R45A,full,79,100.0,1000,0.771,0.963,0.992,1.6356126803159714,0.3643572427659351,-2.2653648512326763,0.3699875475471792,86.2786479766982,0.0008617932796478272,0.05106671125358234
ATSP,permuted_R45A,permutable_only,79,100.0,1000,0.771,0.963,0.992,1.6356126803159714,0.3643572427659351,-2.2653648512326763,0.3699875475471792,86.2786479766982,0.0008617932796478272,0.05106671125358234
ATSP,permuted_R45A,full,80,100.0,1000,0.773,0.962,0.993,1.6354357427358628,0.35672589627192736,-2.275937604821676,0.35912970636882147,86.68132169371697,0.0006848556995391846,0.04343536475957456
ATSP,permuted_R45A,permutable_only,80,100.0,1000,0.773,0.962,0.993,1.6354357427358628,0.35672589627192736,-2.275937604821676,0.35912970636882147,86.68132169371697,0.0006848556995391846,0.04343536475957456
ATSP,permuted_R45A,full,81,100.0,1000,0.773,0.963,0.992,1.6356785221099854,0.3700010510105551,-2.261430531211228,0.37402795401066946,86.12880552991817,0.0009276350736618042,0.0567105194982023
ATSP,permuted_R45A,permutable_only,81,100.0,1000,0.773,0.963,0.992,1.6356785221099854,0.3700010510105551,-2.261430531211228,0.37402795401066946,86.12880552991817,0.0009276350736618042,0.0567105194982023
ATSP,permuted_R45A,full,82,100.0,1000,0.77,0.964,0.994,1.6358184571266174,0.37687476541169584,-2.253068834117744,0.3826151189586069,85.81034207374506,0.0010675700902938842,0.06358423389934303
ATSP,permuted_R45A,permutable_only,82,100.0,1000,0.77,0.964,0.994,1.6358184571266174,0.37687476541169584,-2.253068834117744,0.3826151189586069,85.81034207374506,0.0010675700902938842,0.06358423389934303
ATSP,permuted_R45A,full,83,100.0,1000,0.771,0.961,0.993,1.63583822786808,0.3776143075084551,-2.251887450391188,0.38382835794745773,85.76534791282067,0.0010873408317565918,0.06432377599610234
ATSP,permuted_R45A,permutable_only,83,100.0,1000,0.771,0.961,0.993,1.63583822786808,0.3776143075084551,-2.251887450391188,0.38382835794745773,85.76534791282067,0.0010873408317565918,0.06432377599610234
ATSP,permuted_R45A,full,84,100.0,1000,0.778,0.959,0.993,1.6355002883672713,0.35716156980830255,-2.272080735886828,0.3630905733263079,86.53442904773043,0.000749401330947876,0.04387103829594976
ATSP,permuted_R45A,permutable_only,84,100.0,1000,0.778,0.959,0.993,1.6355002883672713,0.35716156980830255,-2.272080735886828,0.3630905733263079,86.53442904773043,0.000749401330947876,0.04387103829594976
ATSP,permuted_R45A,full,85,100.0,1000,0.778,0.958,0.994,1.6357568520307542,0.37081849299163583,-2.256749993869045,0.378834699071251,85.95054266269477,0.001005964994430542,0.057527961479283
ATSP,permuted_R45A,permutable_only,85,100.0,1000,0.778,0.958,0.994,1.6357568520307542,0.37081849299163583,-2.256749993869045,0.378834699071251,85.95054266269477,0.001005964994430542,0.057527961479283
ATSP,permuted_R45A,full,86,100.0,1000,0.768,0.964,0.993,1.6360240255594254,0.3868421658510342,-2.2407852684420915,0.3952299031855899,85.34251039610098,0.0012731385231018067,0.0735516343386814
ATSP,permuted_R45A,permutable_only,86,100.0,1000,0.768,0.964,0.993,1.6360240255594254,0.3868421658510342,-2.2407852684420915,0.3952299031855899,85.34251039610098,0.0012731385231018067,0.0735516343386814
ATSP,permuted_R45A,full,87,100.0,1000,0.766,0.96,0.992,1.6358436950445174,0.3792752729017242,-2.251560763944682,0.38416385328663427,85.75290573826243,0.0010928080081939698,0.06598474138937138
ATSP,permuted_R45A,permutable_only,87,100.0,1000,0.766,0.96,0.992,1.6358436950445174,0.3792752729017242,-2.251560763944682,0.38416385328663427,85.75290573826243,0.0010928080081939698,0.06598474138937138
ATSP,permuted_R45A,full,88,100.0,1000,0.768,0.961,0.992,1.6359318025112153,0.383036570151232,-2.246295977717949,0.3895706011320943,85.55239117775724,0.0011809154748916625,0.06974603863887918
ATSP,permuted_R45A,permutable_only,88,100.0,1000,0.768,0.961,0.992,1.6359318025112153,0.383036570151232,-2.246295977717949,0.3895706011320943,85.55239117775724,0.0011809154748916625,0.06974603863887918
ATSP,permuted_R45A,full,89,100.0,1000,0.766,0.959,0.992,1.6359220033884048,0.38129060788957514,-2.2468815159105704,0.38896927427378714,85.57469197560478,0.0011711163520812988,0.06800007637722229
ATSP,permuted_R45A,permutable_only,89,100.0,1000,0.766,0.959,0.992,1.6359220033884048,0.38129060788957514,-2.2468815159105704,0.38896927427378714,85.57469197560478,0.0011711163520812988,0.06800007637722229
ATSP,permuted_R45A,full,90,100.0,1000,0.778,0.962,0.994,1.635413867712021,0.3526914559850964,-2.2772447281399155,0.35778733730000845,86.73110477063526,0.0006629806756973266,0.03940092447274351
ATSP,permuted_R45A,permutable_only,90,100.0,1000,0.778,0.962,0.994,1.635413867712021,0.3526914559850964,-2.2772447281399155,0.35778733730000845,86.73110477063526,0.0006629806756973266,0.03940092447274351
ATSP,permuted_R45A,full,91,100.0,1000,0.771,0.961,0.994,1.6357930454015732,0.37597277714723487,-2.254587289987886,0.38105571888977785,85.86817395871338,0.0010421583652496338,0.06268224563488203
ATSP,permuted_R45A,permutable_only,91,100.0,1000,0.771,0.961,0.994,1.6357930454015732,0.37597277714723487,-2.254587289987886,0.38105571888977785,85.86817395871338,0.0010421583652496338,0.06268224563488203
ATSP,permuted_R45A,full,92,100.0,1000,0.767,0.959,0.993,1.6360489798784257,0.3917636924185083,-2.239294144478432,0.3967612343604099,85.28571947366747,0.0012980928421020507,0.07847316090615548
ATSP,permuted_R45A,permutable_only,92,100.0,1000,0.767,0.959,0.993,1.6360489798784257,0.3917636924185083,-2.239294144478432,0.3967612343604099,85.28571947366747,0.0012980928421020507,0.07847316090615548
ATSP,permuted_R45A,full,93,100.0,1000,0.773,0.96,0.995,1.6356164129972457,0.3643550795205384,-2.265141808059401,0.3702166049380562,86.2701531581173,0.0008655259609222412,0.05106454800818561
ATSP,permuted_R45A,permutable_only,93,100.0,1000,0.773,0.96,0.995,1.6356164129972457,0.3643550795205384,-2.265141808059401,0.3702166049380562,86.2701531581173,0.0008655259609222412,0.05106454800818561
ATSP,permuted_R45A,full,94,100.0,1000,0.771,0.962,0.992,1.6360557060241698,0.3911589975409496,-2.2388922293990476,0.39717398682481697,85.27041214265083,0.0013048189878463745,0.0778684660285968
ATSP,permuted_R45A,permutable_only,94,100.0,1000,0.771,0.962,0.992,1.6360557060241698,0.3911589975409496,-2.2388922293990476,0.39717398682481697,85.27041214265083,0.0013048189878463745,0.0778684660285968
ATSP,permuted_R45A,full,95,100.0,1000,0.769,0.96,0.993,1.6360735099315644,0.3959273157024554,-2.237828372158046,0.3982665303010169,85.2298940934968,0.0013226228952407837,0.08263678419010254
ATSP,permuted_R45A,permutable_only,95,100.0,1000,0.769,0.96,0.993,1.6360735099315644,0.3959273157024554,-2.237828372158046,0.3982665303010169,85.2298940934968,0.0013226228952407837,0.08263678419010254
ATSP,permuted_R45A,full,96,100.0,1000,0.777,0.961,0.992,1.6356607121229172,0.369555409768044,-2.2624947517379312,0.3729350374529927,86.16933741516505,0.000909825086593628,0.05626487825569123
ATSP,permuted_R45A,permutable_only,96,100.0,1000,0.777,0.961,0.992,1.6356607121229172,0.369555409768044,-2.2624947517379312,0.3729350374529927,86.16933741516505,0.000909825086593628,0.05626487825569123
ATSP,permuted_R45A,full,97,100.0,1000,0.765,0.962,0.992,1.6359134992361068,0.38101673869872466,-2.2473896742490895,0.38844741376822256,85.59404568561818,0.0011626121997833252,0.06772620718637189
ATSP,permuted_R45A,permutable_only,97,100.0,1000,0.765,0.962,0.992,1.6359134992361068,0.38101673869872466,-2.2473896742490895,0.38844741376822256,85.59404568561818,0.0011626121997833252,0.06772620718637189
ATSP,permuted_R45A,full,98,100.0,1000,0.777,0.965,0.994,1.6357367550134658,0.37108044869219553,-2.257950873928183,0.37760143804359547,85.99627936061681,0.000985867977142334,0.05778991717984271
ATSP,permuted_R45A,permutable_only,98,100.0,1000,0.777,0.965,0.994,1.6357367550134658,0.37108044869219553,-2.257950873928183,0.37760143804359547,85.99627936061681,0.000985867977142334,0.05778991717984271
ATSP,permuted_R45A,full,99,100.0,1000,0.776,0.963,0.993,1.6354809165000916,0.35608498841101993,-2.2732382852221567,0.36190181140791644,86.57851545242782,0.0007300294637680053,0.042794456898667135
ATSP,permuted_R45A,permutable_only,99,100.0,1000,0.776,0.963,0.993,1.6354809165000916,0.35608498841101993,-2.2732382852221567,0.36190181140791644,86.57851545242782,0.0007300294637680053,0.042794456898667135
OVRP,R45A,full,-1,100.0,1000,0.38,0.658,0.839,7.451839668750752,0.6626767989288124,-0.13161012301728947,0.6535186638326529,16.872419143640762,0.0,0.0
OVRP,R45A,permutable_only,-1,100.0,1000,0.38,0.658,0.839,7.451839668750752,0.6626767989288124,-0.13161012301728947,0.6535186638326529,16.872419143640762,0.0,0.0
OVRP,conditional_majority,full,-1,100.0,1000,0.374,0.659,0.841,7.45349919629097,0.6846448535534788,-0.10936939445022054,0.6759342408804159,14.021157509348678,0.001659527540218237,0.021968054624666514
OVRP,conditional_majority,permutable_only,-1,100.0,1000,0.374,0.659,0.841,7.45349919629097,0.6846448535534788,-0.10936939445022054,0.6759342408804159,14.021157509348678,0.001659527540218237,0.021968054624666514
OVRP,conditional_mean_gap,full,-1,100.0,1000,0.373,0.669,0.841,7.452628473520279,0.673063460213776,-0.1210386848541467,0.6641732107795617,15.517160660854406,0.0007888047695273191,0.01038666128496367
OVRP,conditional_mean_gap,permutable_only,-1,100.0,1000,0.373,0.669,0.841,7.452628473520279,0.673063460213776,-0.1210386848541467,0.6641732107795617,15.517160660854406,0.0007888047695273191,0.01038666128496367
OVRP,permuted_R45A,full,0,100.0,1000,0.333,0.624,0.834,7.459985978126471,0.7730051970535058,-0.02243455873288669,0.7635525265080156,2.876110663570336,0.008146309375719871,0.11032839812469342
OVRP,permuted_R45A,permutable_only,0,100.0,1000,0.333,0.624,0.834,7.459985978126471,0.7730051970535058,-0.02243455873288669,0.7635525265080156,2.876110663570336,0.008146309375719871,0.11032839812469342
OVRP,permuted_R45A,full,1,100.0,1000,0.367,0.635,0.842,7.4573142108917185,0.7405849245050787,-0.0582411653859638,0.7274644213980386,7.466518009994118,0.005474542140966944,0.07790812557626643
OVRP,permuted_R45A,permutable_only,1,100.0,1000,0.367,0.635,0.842,7.4573142108917185,0.7405849245050787,-0.0582411653859638,0.7274644213980386,7.466518009994118,0.005474542140966944,0.07790812557626643
OVRP,permuted_R45A,full,2,100.0,1000,0.368,0.639,0.838,7.457196018934229,0.7392710217447774,-0.05982515551666845,0.7258679785157707,7.669585561272914,0.005356350183477612,0.07659422281596506
OVRP,permuted_R45A,permutable_only,2,100.0,1000,0.368,0.639,0.838,7.457196018934229,0.7392710217447774,-0.05982515551666845,0.7258679785157707,7.669585561272914,0.005356350183477612,0.07659422281596506
OVRP,permuted_R45A,full,3,100.0,1000,0.364,0.636,0.839,7.4561849114895224,0.7212999285683084,-0.07337585936755264,0.7122107439829772,9.406785936302873,0.004345242738770141,0.05862312963949599
OVRP,permuted_R45A,permutable_only,3,100.0,1000,0.364,0.636,0.839,7.4561849114895224,0.7212999285683084,-0.07337585936755264,0.7122107439829772,9.406785936302873,0.004345242738770141,0.05862312963949599
OVRP,permuted_R45A,full,4,100.0,1000,0.358,0.631,0.836,7.45997445893301,0.7705185200317639,-0.02258893716221566,0.7633969344118974,2.895901979820462,0.008134790182258277,0.10784172110295154
OVRP,permuted_R45A,permutable_only,4,100.0,1000,0.358,0.631,0.836,7.45997445893301,0.7705185200317639,-0.02258893716221566,0.7633969344118974,2.895901979820462,0.008134790182258277,0.10784172110295154
OVRP,permuted_R45A,full,5,100.0,1000,0.338,0.615,0.834,7.4575601956844535,0.7423062718618074,-0.054944515662314064,0.7307869881771456,7.043887481034987,0.005720526933702074,0.07962947293299505
OVRP,permuted_R45A,permutable_only,5,100.0,1000,0.338,0.615,0.834,7.4575601956844535,0.7423062718618074,-0.054944515662314064,0.7307869881771456,7.043887481034987,0.005720526933702074,0.07962947293299505
OVRP,permuted_R45A,full,6,100.0,1000,0.343,0.627,0.844,7.4571204931735995,0.7361184307816009,-0.060837339949459945,0.7248478366588484,7.799347616113793,0.005280824422847778,0.07344163185278854
OVRP,permuted_R45A,permutable_only,6,100.0,1000,0.343,0.627,0.844,7.4571204931735995,0.7361184307816009,-0.060837339949459945,0.7248478366588484,7.799347616113793,0.005280824422847778,0.07344163185278854
OVRP,permuted_R45A,full,7,100.0,1000,0.35,0.615,0.832,7.4581825962066235,0.750797631922682,-0.04660320119894701,0.7391938790067165,5.974530879821996,0.006342927455872266,0.08812083299386972
OVRP,permuted_R45A,permutable_only,7,100.0,1000,0.35,0.615,0.832,7.4581825962066235,0.750797631922682,-0.04660320119894701,0.7391938790067165,5.974530879821996,0.006342927455872266,0.08812083299386972
OVRP,permuted_R45A,full,8,100.0,1000,0.365,0.615,0.831,7.456050268411629,0.7244914130661935,-0.0751803248411842,0.7103920924611762,9.638118428844455,0.004210599660878102,0.0618146141373812
OVRP,permuted_R45A,permutable_only,8,100.0,1000,0.365,0.615,0.831,7.456050268411629,0.7244914130661935,-0.0751803248411842,0.7103920924611762,9.638118428844455,0.004210599660878102,0.0618146141373812
OVRP,permuted_R45A,full,9,100.0,1000,0.361,0.635,0.834,7.458032039880741,0.7501115481095567,-0.048620933533516375,0.7371602839978619,6.233204186161481,0.006192371129989038,0.08743474918074437
OVRP,permuted_R45A,permutable_only,9,100.0,1000,0.361,0.635,0.834,7.458032039880741,0.7501115481095567,-0.048620933533516375,0.7371602839978619,6.233204186161481,0.006192371129989038,0.08743474918074437
OVRP,permuted_R45A,full,10,100.0,1000,0.323,0.621,0.839,7.460463814497068,0.7780145378215519,-0.016030670421074422,0.7700067598495952,2.0551321151978708,0.008624145746315648,0.11533773889273963
OVRP,permuted_R45A,permutable_only,10,100.0,1000,0.323,0.621,0.839,7.460463814497068,0.7780145378215519,-0.016030670421074422,0.7700067598495952,2.0551321151978708,0.008624145746315648,0.11533773889273963
OVRP,permuted_R45A,full,11,100.0,1000,0.357,0.645,0.836,7.455291319847047,0.7016092048239673,-0.0853516348147565,0.7001408193654468,10.94208047355336,0.003451651096296093,0.03893240589515484
OVRP,permuted_R45A,permutable_only,11,100.0,1000,0.357,0.645,0.836,7.455291319847047,0.7016092048239673,-0.0853516348147565,0.7001408193654468,10.94208047355336,0.003451651096296093,0.03893240589515484
OVRP,permuted_R45A,full,12,100.0,1000,0.326,0.626,0.834,7.459679934740122,0.7660696248343827,-0.02653610433581699,0.7594187360523641,3.401928852650133,0.007840265989370973,0.10339282590557035
OVRP,permuted_R45A,permutable_only,12,100.0,1000,0.326,0.626,0.834,7.459679934740122,0.7660696248343827,-0.02653610433581699,0.7594187360523641,3.401928852650133,0.007840265989370973,0.10339282590557035
OVRP,permuted_R45A,full,13,100.0,1000,0.348,0.629,0.836,7.457103177785928,0.7411606276533745,-0.06106939806713729,0.7246139541850383,7.829097469221646,0.00526350903517644,0.07848382872456212
OVRP,permuted_R45A,permutable_only,13,100.0,1000,0.348,0.629,0.836,7.457103177785928,0.7411606276533745,-0.06106939806713729,0.7246139541850383,7.829097469221646,0.00526350903517644,0.07848382872456212
OVRP,permuted_R45A,full,14,100.0,1000,0.341,0.633,0.836,7.457997695446011,0.751325950593424,-0.049081212276780306,0.7366963867112997,6.292211925848687,0.0061580266952594226,0.0886491516646116
OVRP,permuted_R45A,permutable_only,14,100.0,1000,0.341,0.633,0.836,7.457997695446011,0.751325950593424,-0.049081212276780306,0.7366963867112997,6.292211925848687,0.0061580266952594226,0.0886491516646116
OVRP,permuted_R45A,full,15,100.0,1000,0.352,0.625,0.838,7.458031365871396,0.747361826010813,-0.048629966501345656,0.7371511800161379,6.2343622127311455,0.006191697120645509,0.08468502708200074
OVRP,permuted_R45A,permutable_only,15,100.0,1000,0.352,0.625,0.838,7.458031365871396,0.747361826010813,-0.048629966501345656,0.7371511800161379,6.2343622127311455,0.006191697120645509,0.08468502708200074
OVRP,permuted_R45A,full,16,100.0,1000,0.355,0.62,0.833,7.45770428013797,0.749436716931393,-0.05301351834908763,0.7327331662856373,6.796333605335893,0.005864611387218384,0.08675991800258058
OVRP,permuted_R45A,permutable_only,16,100.0,1000,0.355,0.62,0.833,7.45770428013797,0.749436716931393,-0.05301351834908763,0.7327331662856373,6.796333605335893,0.005864611387218384,0.08675991800258058
OVRP,permuted_R45A,full,17,100.0,1000,0.338,0.621,0.837,7.459639497280134,0.7695237749462186,-0.027078040850736507,0.7588725390305973,3.47140511951479,0.007799828529381835,0.10684697601740623
OVRP,permuted_R45A,permutable_only,17,100.0,1000,0.338,0.621,0.837,7.459639497280134,0.7695237749462186,-0.027078040850736507,0.7588725390305973,3.47140511951479,0.007799828529381835,0.10684697601740623
OVRP,permuted_R45A,full,18,100.0,1000,0.339,0.62,0.833,7.458139961481062,0.7535717910502039,-0.04717458512344397,0.7386180030706013,6.0477823049030395,0.006300292730309448,0.09089499212139154
OVRP,permuted_R45A,permutable_only,18,100.0,1000,0.339,0.62,0.833,7.458139961481062,0.7535717910502039,-0.04717458512344397,0.7386180030706013,6.0477823049030395,0.006300292730309448,0.09089499212139154
OVRP,permuted_R45A,full,19,100.0,1000,0.351,0.633,0.833,7.456387379646359,0.7251532805754823,-0.07066241279282126,0.7149455226831192,9.058922057118046,0.004547710895608203,0.062476481646670065
OVRP,permuted_R45A,permutable_only,19,100.0,1000,0.351,0.633,0.833,7.456387379646359,0.7251532805754823,-0.07066241279282126,0.7149455226831192,9.058922057118046,0.004547710895608203,0.062476481646670065
OVRP,permuted_R45A,full,20,100.0,1000,0.344,0.631,0.839,7.4566221096516365,0.728346593834618,-0.06751659797058496,0.7181160687519172,8.655628564093638,0.0047824409008845456,0.06566979490580556
OVRP,permuted_R45A,permutable_only,20,100.0,1000,0.344,0.631,0.839,7.4566221096516365,0.728346593834618,-0.06751659797058496,0.7181160687519172,8.655628564093638,0.0047824409008845456,0.06566979490580556
OVRP,permuted_R45A,full,21,100.0,1000,0.35,0.613,0.835,7.4577256324291,0.7481080982097901,-0.052727358282556036,0.7330215760380288,6.759647881822772,0.005885963678348267,0.08543129928097774
OVRP,permuted_R45A,permutable_only,21,100.0,1000,0.35,0.613,0.835,7.4577256324291,0.7481080982097901,-0.052727358282556036,0.7330215760380288,6.759647881822772,0.005885963678348267,0.08543129928097774
OVRP,permuted_R45A,full,22,100.0,1000,0.348,0.624,0.835,7.456294682741199,0.732643973569816,-0.07190472221926258,0.7136934466739353,9.21818613854752,0.004455013990448951,0.06996717464100376
OVRP,permuted_R45A,permutable_only,22,100.0,1000,0.348,0.624,0.835,7.456294682741199,0.732643973569816,-0.07190472221926258,0.7136934466739353,9.21818613854752,0.004455013990448951,0.06996717464100376
OVRP,permuted_R45A,full,23,100.0,1000,0.358,0.639,0.837,7.457251984834649,0.7458166781504124,-0.05907510927153359,0.7266239213504111,7.573429624822109,0.005412316083897975,0.08313987922160014
OVRP,permuted_R45A,permutable_only,23,100.0,1000,0.358,0.639,0.837,7.457251984834649,0.7458166781504124,-0.05907510927153359,0.7266239213504111,7.573429624822109,0.005412316083897975,0.08313987922160014
OVRP,permuted_R45A,full,24,100.0,1000,0.349,0.63,0.838,7.457066845178598,0.7393409285510856,-0.06155632198866501,0.7241232022455746,7.891521121039882,0.005227176427846558,0.0766641296222732
OVRP,permuted_R45A,permutable_only,24,100.0,1000,0.349,0.63,0.838,7.457066845178598,0.7393409285510856,-0.06155632198866501,0.7241232022455746,7.891521121039882,0.005227176427846558,0.0766641296222732
OVRP,permuted_R45A,full,25,100.0,1000,0.337,0.611,0.84,7.457275137662869,0.7395274210127556,-0.058764818688505915,0.7269366513245945,7.533650368841655,0.00543546891211643,0.07685062208394325
OVRP,permuted_R45A,permutable_only,25,100.0,1000,0.337,0.611,0.84,7.457275137662869,0.7395274210127556,-0.058764818688505915,0.7269366513245945,7.533650368841655,0.00543546891211643,0.07685062208394325
OVRP,permuted_R45A,full,26,100.0,1000,0.356,0.62,0.834,7.4563807864188725,0.7235715866463492,-0.07075077419650411,0.7148564666143553,9.070249989992453,0.004541117668120801,0.06089478771753685
OVRP,permuted_R45A,permutable_only,26,100.0,1000,0.356,0.62,0.834,7.4563807864188725,0.7235715866463492,-0.07075077419650411,0.7148564666143553,9.070249989992453,0.004541117668120801,0.06089478771753685
OVRP,permuted_R45A,full,27,100.0,1000,0.347,0.622,0.834,7.45833184528349,0.7517909358151312,-0.04460298841125754,0.7412098167364212,5.718103579575898,0.0064921765327381345,0.08911413688631895
OVRP,permuted_R45A,permutable_only,27,100.0,1000,0.347,0.622,0.834,7.45833184528349,0.7517909358151312,-0.04460298841125754,0.7412098167364212,5.718103579575898,0.0064921765327381345,0.08911413688631895
OVRP,permuted_R45A,full,28,100.0,1000,0.346,0.626,0.834,7.458727443933523,0.75876701640467,-0.03930123716959777,0.7465532484089321,5.038419015093912,0.006887775182772583,0.09609021747585768
OVRP,permuted_R45A,permutable_only,28,100.0,1000,0.346,0.626,0.834,7.458727443933523,0.75876701640467,-0.03930123716959777,0.7465532484089321,5.038419015093912,0.006887775182772583,0.09609021747585768
OVRP,permuted_R45A,full,29,100.0,1000,0.35,0.63,0.832,7.459793508291245,0.7724992885794142,-0.025014009364987544,0.7609527971776497,3.206796261512547,0.00795383954049436,0.10982248965060179
OVRP,permuted_R45A,permutable_only,29,100.0,1000,0.35,0.63,0.832,7.459793508291245,0.7724992885794142,-0.025014009364987544,0.7609527971776497,3.206796261512547,0.00795383954049436,0.10982248965060179
OVRP,permuted_R45A,full,30,100.0,1000,0.345,0.621,0.835,7.457305191755282,0.7384860999792364,-0.05836203844202803,0.7273425980822035,7.4820139370417245,0.0054655230045294175,0.07580930105042404
OVRP,permuted_R45A,permutable_only,30,100.0,1000,0.345,0.621,0.835,7.457305191755282,0.7384860999792364,-0.05836203844202803,0.7273425980822035,7.4820139370417245,0.0054655230045294175,0.07580930105042404
OVRP,permuted_R45A,full,31,100.0,1000,0.355,0.638,0.834,7.456786210775373,0.7293360515122017,-0.0653173403733831,0.7203326161086876,8.373683717192536,0.004946542024621412,0.06665925258338937
OVRP,permuted_R45A,permutable_only,31,100.0,1000,0.355,0.638,0.834,7.456786210775373,0.7293360515122017,-0.0653173403733831,0.7203326161086876,8.373683717192536,0.004946542024621412,0.06665925258338937
OVRP,permuted_R45A,full,32,100.0,1000,0.35,0.625,0.836,7.457634248018236,0.7434818752700637,-0.05395207786571543,0.7317872281570548,6.916656945158718,0.005794579267484449,0.0808050763412513
OVRP,permuted_R45A,permutable_only,32,100.0,1000,0.35,0.625,0.836,7.457634248018236,0.7434818752700637,-0.05395207786571543,0.7317872281570548,6.916656945158718,0.005794579267484449,0.0808050763412513
OVRP,permuted_R45A,full,33,100.0,1000,0.333,0.625,0.838,7.4590550777912235,0.7601603521274908,-0.03491033944605926,0.7509786657658335,4.4755058811348825,0.007215409040471069,0.09748355319867838
OVRP,permuted_R45A,permutable_only,33,100.0,1000,0.333,0.625,0.838,7.4590550777912235,0.7601603521274908,-0.03491033944605926,0.7509786657658335,4.4755058811348825,0.007215409040471069,0.09748355319867838
OVRP,permuted_R45A,full,34,100.0,1000,0.339,0.622,0.833,7.4587812926768935,0.7636174202971318,-0.03857956473214408,0.747280594371369,4.945900601084413,0.006941623926141479,0.1009406213683194
OVRP,permuted_R45A,permutable_only,34,100.0,1000,0.339,0.622,0.833,7.4587812926768935,0.7636174202971318,-0.03857956473214408,0.747280594371369,4.945900601084413,0.006941623926141479,0.1009406213683194
OVRP,permuted_R45A,full,35,100.0,1000,0.34,0.626,0.834,7.459799647569616,0.7711950975859908,-0.024931731716359984,0.7610357216630836,3.1962482660998286,0.007959978818864916,0.10851829865717849
OVRP,permuted_R45A,permutable_only,35,100.0,1000,0.34,0.626,0.834,7.459799647569616,0.7711950975859908,-0.024931731716359984,0.7610357216630836,3.1962482660998286,0.007959978818864916,0.10851829865717849
OVRP,permuted_R45A,full,36,100.0,1000,0.34,0.612,0.836,7.457268161058432,0.7399476988769033,-0.058858318050114544,0.7268424169051713,7.5456369879757235,0.005428492307680589,0.07727089994809089
OVRP,permuted_R45A,permutable_only,36,100.0,1000,0.34,0.612,0.836,7.457268161058432,0.7399476988769033,-0.058858318050114544,0.7268424169051713,7.5456369879757235,0.005428492307680589,0.07727089994809089
OVRP,permuted_R45A,full,37,100.0,1000,0.353,0.629,0.833,7.456966890335135,0.7378471748384379,-0.06289590116922428,0.7227730917830355,8.063255185960362,0.005127221584383251,0.07517037590962562
OVRP,permuted_R45A,permutable_only,37,100.0,1000,0.353,0.629,0.833,7.456966890335135,0.7378471748384379,-0.06289590116922428,0.7227730917830355,8.063255185960362,0.005127221584383251,0.07517037590962562
OVRP,permuted_R45A,full,38,100.0,1000,0.33,0.61,0.837,7.461543843984613,0.798154303417723,-0.001556284130521668,0.7845949384758688,0.1995156417668144,0.009704175233861499,0.13547750448891063
OVRP,permuted_R45A,permutable_only,38,100.0,1000,0.33,0.61,0.837,7.461543843984613,0.798154303417723,-0.001556284130521668,0.7845949384758688,0.1995156417668144,0.009704175233861499,0.13547750448891063
OVRP,permuted_R45A,full,39,100.0,1000,0.353,0.616,0.834,7.456592765331324,0.7305073303299359,-0.06790986596236781,0.7177197090308951,8.706045524742517,0.004753096580572608,0.06783053140112352
OVRP,permuted_R45A,permutable_only,39,100.0,1000,0.353,0.616,0.834,7.456592765331324,0.7305073303299359,-0.06790986596236781,0.7177197090308951,8.706045524742517,0.004753096580572608,0.06783053140112352
OVRP,permuted_R45A,full,40,100.0,1000,0.364,0.63,0.831,7.457156685829164,0.730980839223934,-0.06035229163960931,0.7253366982412635,7.73716441773222,0.005317017078411522,0.06830404029512169
OVRP,permuted_R45A,permutable_only,40,100.0,1000,0.364,0.63,0.831,7.457156685829164,0.730980839223934,-0.06035229163960931,0.7253366982412635,7.73716441773222,0.005317017078411522,0.06830404029512169
OVRP,permuted_R45A,full,41,100.0,1000,0.372,0.632,0.834,7.457864318609234,0.7396589944022437,-0.050868707784990086,0.7348948385666132,6.52136886864646,0.006024649858482643,0.0769821954734313
OVRP,permuted_R45A,permutable_only,41,100.0,1000,0.372,0.632,0.834,7.457864318609234,0.7396589944022437,-0.050868707784990086,0.7348948385666132,6.52136886864646,0.006024649858482643,0.0769821954734313
OVRP,permuted_R45A,full,42,100.0,1000,0.354,0.613,0.837,7.457235149145163,0.7417869766173403,-0.059300738549161736,0.7263965182578547,7.602355300567262,0.005395480394410815,0.07911017768852796
OVRP,permuted_R45A,permutable_only,42,100.0,1000,0.354,0.613,0.837,7.457235149145163,0.7417869766173403,-0.059300738549161736,0.7263965182578547,7.602355300567262,0.005395480394410815,0.07911017768852796
OVRP,permuted_R45A,full,43,100.0,1000,0.349,0.627,0.837,7.4571260428428925,0.7378271919958791,-0.060762964149485565,0.7249227971741767,7.789812637781301,0.005286374092140529,0.07515039306706674
OVRP,permuted_R45A,permutable_only,43,100.0,1000,0.349,0.627,0.837,7.4571260428428925,0.7378271919958791,-0.060762964149485565,0.7249227971741767,7.789812637781301,0.005286374092140529,0.07515039306706674
OVRP,permuted_R45A,full,44,100.0,1000,0.351,0.616,0.833,7.458020186185801,0.7511695122675356,-0.04877979489934514,0.7370001737220244,6.2535702149173815,0.006180517435049046,0.08849271333872315
OVRP,permuted_R45A,permutable_only,44,100.0,1000,0.351,0.616,0.833,7.458020186185801,0.7511695122675356,-0.04877979489934514,0.7370001737220244,6.2535702149173815,0.006180517435049046,0.08849271333872315
OVRP,permuted_R45A,full,45,100.0,1000,0.358,0.63,0.834,7.456088594436651,0.7223027081624346,-0.07466668544748867,0.7109097699000921,9.572269853215506,0.004248925685899609,0.05962590923362232
OVRP,permuted_R45A,permutable_only,45,100.0,1000,0.358,0.63,0.834,7.456088594436651,0.7223027081624346,-0.07466668544748867,0.7109097699000921,9.572269853215506,0.004248925685899609,0.05962590923362232
OVRP,permuted_R45A,full,46,100.0,1000,0.36,0.624,0.838,7.456314530611087,0.7183213965987836,-0.07163872417095263,0.713961535901686,9.184085185979514,0.004474861860335034,0.05564459766997124
OVRP,permuted_R45A,permutable_only,46,100.0,1000,0.36,0.624,0.838,7.456314530611087,0.7183213965987836,-0.07163872417095263,0.713961535901686,9.184085185979514,0.004474861860335034,0.05564459766997124
OVRP,permuted_R45A,full,47,100.0,1000,0.35,0.623,0.836,7.458113159656505,0.7512789332287668,-0.047533778984720776,0.7382559853584381,6.093830961666233,0.006273490905753369,0.08860213429995452
OVRP,permuted_R45A,permutable_only,47,100.0,1000,0.35,0.623,0.836,7.458113159656505,0.7512789332287668,-0.047533778984720776,0.7382559853584381,6.093830961666233,0.006273490905753369,0.08860213429995452
OVRP,permuted_R45A,full,48,100.0,1000,0.348,0.615,0.842,7.458439985513712,0.7562229002027154,-0.04315370995743306,0.742670488887831,5.532306066679358,0.006600316762959741,0.09354610127390313
OVRP,permuted_R45A,permutable_only,48,100.0,1000,0.348,0.615,0.842,7.458439985513712,0.7562229002027154,-0.04315370995743306,0.742670488887831,5.532306066679358,0.006600316762959741,0.09354610127390313
OVRP,permuted_R45A,full,49,100.0,1000,0.357,0.634,0.837,7.456111760377898,0.7226543708025894,-0.07435621912572632,0.7112226769946162,9.53246806752693,0.004272091627146656,0.05997757187377706
OVRP,permuted_R45A,permutable_only,49,100.0,1000,0.357,0.634,0.837,7.456111760377898,0.7226543708025894,-0.07435621912572632,0.7112226769946162,9.53246806752693,0.004272091627146656,0.05997757187377706
OVRP,permuted_R45A,full,50,100.0,1000,0.361,0.642,0.833,7.455213739156761,0.716607236474623,-0.08639135909342954,0.6990929211544206,11.075373136925407,0.0033740704060099846,0.05393043754581057
OVRP,permuted_R45A,permutable_only,50,100.0,1000,0.361,0.642,0.833,7.455213739156761,0.716607236474623,-0.08639135909342954,0.6990929211544206,11.075373136925407,0.0033740704060099846,0.05393043754581057
OVRP,permuted_R45A,full,51,100.0,1000,0.364,0.628,0.834,7.456500551938992,0.734482923025181,-0.06914569542550986,0.7164741639281269,8.864478874808546,0.004660883188240503,0.07180612409636855
OVRP,permuted_R45A,permutable_only,51,100.0,1000,0.364,0.628,0.834,7.456500551938992,0.734482923025181,-0.06914569542550986,0.7164741639281269,8.864478874808546,0.004660883188240503,0.07180612409636855
OVRP,permuted_R45A,full,52,100.0,1000,0.361,0.636,0.835,7.457846694707894,0.7459804297682077,-0.05110490055461048,0.7346567889357392,6.551648784176469,0.006007025957142652,0.08330363083939527
OVRP,permuted_R45A,permutable_only,52,100.0,1000,0.361,0.636,0.835,7.457846694707894,0.7459804297682077,-0.05110490055461048,0.7346567889357392,6.551648784176469,0.006007025957142652,0.08330363083939527
OVRP,permuted_R45A,full,53,100.0,1000,0.341,0.616,0.833,7.459287066459655,0.7703914851691464,-0.031801263591524354,0.7541121840386023,4.076922324152444,0.007447397708904199,0.10771468624033392
OVRP,permuted_R45A,permutable_only,53,100.0,1000,0.341,0.616,0.833,7.459287066459655,0.7703914851691464,-0.031801263591524354,0.7541121840386023,4.076922324152444,0.007447397708904199,0.10771468624033392
OVRP,permuted_R45A,full,54,100.0,1000,0.355,0.641,0.836,7.456097730636615,0.728275499390896,-0.07454424352435485,0.7110331744168974,9.556572797391874,0.004258061885862939,0.06559870046208369
OVRP,permuted_R45A,permutable_only,54,100.0,1000,0.355,0.641,0.836,7.456097730636615,0.728275499390896,-0.07454424352435485,0.7110331744168974,9.556572797391874,0.004258061885862939,0.06559870046208369
OVRP,permuted_R45A,full,55,100.0,1000,0.348,0.619,0.834,7.45772396063805,0.7406206799715827,-0.05274976336477888,0.7329989948152482,6.76252021359629,0.005884291887298071,0.0779438810427702
OVRP,permuted_R45A,permutable_only,55,100.0,1000,0.348,0.619,0.834,7.45772396063805,0.7406206799715827,-0.05274976336477888,0.7329989948152482,6.76252021359629,0.005884291887298071,0.0779438810427702
OVRP,permuted_R45A,full,56,100.0,1000,0.35,0.616,0.84,7.457645435094823,0.7439993766308158,-0.05380215041480563,0.7319383342828001,6.897436244387553,0.005805766344071412,0.08132257770200346
OVRP,permuted_R45A,permutable_only,56,100.0,1000,0.35,0.616,0.84,7.457645435094823,0.7439993766308158,-0.05380215041480563,0.7319383342828001,6.897436244387553,0.005805766344071412,0.08132257770200346
OVRP,permuted_R45A,full,57,100.0,1000,0.351,0.629,0.833,7.457321362018569,0.7361587870705036,-0.05814532710225473,0.7275610131273202,7.4542315410219775,0.00548169326781709,0.07348198814169125
OVRP,permuted_R45A,permutable_only,57,100.0,1000,0.351,0.629,0.833,7.457321362018569,0.7361587870705036,-0.05814532710225473,0.7275610131273202,7.4542315410219775,0.00548169326781709,0.07348198814169125
OVRP,permuted_R45A,full,58,100.0,1000,0.339,0.628,0.839,7.458660293817507,0.7590964646051233,-0.04020117252311328,0.7456462380925455,5.153790736800828,0.006820625066755834,0.09641966567631098
OVRP,permuted_R45A,permutable_only,58,100.0,1000,0.339,0.628,0.839,7.458660293817507,0.7590964646051233,-0.04020117252311328,0.7456462380925455,5.153790736800828,0.006820625066755834,0.09641966567631098
OVRP,permuted_R45A,full,59,100.0,1000,0.339,0.617,0.831,7.458039613485254,0.7445142723757586,-0.048519433270233225,0.7372625822191115,6.22019185135005,0.006199944734502759,0.08183747344694635
OVRP,permuted_R45A,permutable_only,59,100.0,1000,0.339,0.617,0.831,7.458039613485254,0.7445142723757586,-0.048519433270233225,0.7372625822191115,6.22019185135005,0.006199944734502759,0.08183747344694635
OVRP,permuted_R45A,full,60,100.0,1000,0.349,0.627,0.835,7.458000945806523,0.7508977314298391,-0.04903765145350958,0.7367402899938646,6.286627427850471,0.006161277055771655,0.0882209325010267
OVRP,permuted_R45A,permutable_only,60,100.0,1000,0.349,0.627,0.835,7.458000945806523,0.7508977314298391,-0.04903765145350958,0.7367402899938646,6.286627427850471,0.006161277055771655,0.0882209325010267
OVRP,permuted_R45A,full,61,100.0,1000,0.361,0.636,0.835,7.455970512151717,0.7257767744797246,-0.07624920576375649,0.7093148083873846,9.775148974268108,0.0041308434009655025,0.06309997555091218
OVRP,permuted_R45A,permutable_only,61,100.0,1000,0.361,0.636,0.835,7.455970512151717,0.7257767744797246,-0.07624920576375649,0.7093148083873846,9.775148974268108,0.0041308434009655025,0.06309997555091218
OVRP,permuted_R45A,full,62,100.0,1000,0.363,0.638,0.836,7.457587029218678,0.7421368083933776,-0.054584896833032026,0.7311494341982527,6.997784343368653,0.005747360467926441,0.0794600094645652
OVRP,permuted_R45A,permutable_only,62,100.0,1000,0.363,0.638,0.836,7.457587029218678,0.7421368083933776,-0.054584896833032026,0.7311494341982527,6.997784343368653,0.005747360467926441,0.0794600094645652
OVRP,permuted_R45A,full,63,100.0,1000,0.343,0.628,0.835,7.457638918161396,0.7489514974377239,-0.053889489337433094,0.7318503087334616,6.908633095179371,0.005799249410643627,0.08627469850891145
OVRP,permuted_R45A,permutable_only,63,100.0,1000,0.343,0.628,0.835,7.457638918161396,0.7489514974377239,-0.053889489337433094,0.7318503087334616,6.908633095179371,0.005799249410643627,0.08627469850891145
OVRP,permuted_R45A,full,64,100.0,1000,0.349,0.624,0.834,7.456307312250136,0.7265754254052037,-0.07173546351557647,0.7138640360276893,9.196487170969267,0.004467643499384203,0.0638986264763913
OVRP,permuted_R45A,permutable_only,64,100.0,1000,0.349,0.624,0.834,7.456307312250136,0.7265754254052037,-0.07173546351557647,0.7138640360276893,9.196487170969267,0.004467643499384203,0.0638986264763913
OVRP,permuted_R45A,full,65,100.0,1000,0.343,0.64,0.839,7.458379979848932,0.7480048207792492,-0.043957896492774484,0.7418599801318315,5.635402788897886,0.006540311098179419,0.08532802185043699
OVRP,permuted_R45A,permutable_only,65,100.0,1000,0.343,0.64,0.839,7.458379979848932,0.7480048207792492,-0.043957896492774484,0.7418599801318315,5.635402788897886,0.006540311098179419,0.08532802185043699
OVRP,permuted_R45A,full,66,100.0,1000,0.345,0.628,0.836,7.45780625128743,0.7453333749975731,-0.05164691695088708,0.7341105114046176,6.621135291832666,0.005966582536678248,0.08265657606876081
OVRP,permuted_R45A,permutable_only,66,100.0,1000,0.345,0.628,0.836,7.45780625128743,0.7453333749975731,-0.05164691695088708,0.7341105114046176,6.621135291832666,0.005966582536678248,0.08265657606876081
OVRP,permuted_R45A,full,67,100.0,1000,0.359,0.622,0.838,7.457210031270954,0.7382713236946993,-0.059637364371223356,0.726057246006584,7.645510734467263,0.005370362520202514,0.07559452476588695
OVRP,permuted_R45A,permutable_only,67,100.0,1000,0.359,0.622,0.838,7.457210031270954,0.7382713236946993,-0.059637364371223356,0.726057246006584,7.645510734467263,0.005370362520202514,0.07559452476588695
OVRP,permuted_R45A,full,68,100.0,1000,0.346,0.62,0.833,7.459266985893261,0.7628081489918446,-0.03207038020203168,0.7538409517316547,4.111423076425705,0.007427317142508398,0.10013135006303213
OVRP,permuted_R45A,permutable_only,68,100.0,1000,0.346,0.62,0.833,7.459266985893261,0.7628081489918446,-0.03207038020203168,0.7538409517316547,4.111423076425705,0.007427317142508398,0.10013135006303213
OVRP,permuted_R45A,full,69,100.0,1000,0.359,0.626,0.838,7.457323895692813,0.7352227250254627,-0.05811137119626775,0.727595235982248,7.449878393520713,0.005484226942059936,0.07254592609665045
OVRP,permuted_R45A,permutable_only,69,100.0,1000,0.359,0.626,0.838,7.457323895692813,0.7352227250254627,-0.05811137119626775,0.727595235982248,7.449878393520713,0.005484226942059936,0.07254592609665045
OVRP,permuted_R45A,full,70,100.0,1000,0.355,0.613,0.838,7.458671938180989,0.7632232192578242,-0.04004511658475263,0.7458035208856684,5.133784363874931,0.00683226943023772,0.10054642032901183
OVRP,permuted_R45A,permutable_only,70,100.0,1000,0.355,0.613,0.838,7.458671938180989,0.7632232192578242,-0.04004511658475263,0.7458035208856684,5.133784363874931,0.00683226943023772,0.10054642032901183
OVRP,permuted_R45A,full,71,100.0,1000,0.351,0.625,0.834,7.457396799325885,0.742956780585517,-0.05713432810694474,0.7285799602272824,7.324621459278586,0.005557130575133861,0.08027998165670462
OVRP,permuted_R45A,permutable_only,71,100.0,1000,0.351,0.625,0.834,7.457396799325885,0.742956780585517,-0.05713432810694474,0.7285799602272824,7.324621459278586,0.005557130575133861,0.08027998165670462
OVRP,permuted_R45A,full,72,100.0,1000,0.351,0.628,0.833,7.45712202095974,0.7373021822542086,-0.06081686479852966,0.7248684727779287,7.79672270155132,0.005282352208988403,0.0746253833253964
OVRP,permuted_R45A,permutable_only,72,100.0,1000,0.351,0.628,0.833,7.45712202095974,0.7373021822542086,-0.06081686479852966,0.7248684727779287,7.79672270155132,0.005282352208988403,0.0746253833253964
OVRP,permuted_R45A,full,73,100.0,1000,0.335,0.617,0.837,7.458480879068428,0.7497214762839621,-0.04260566093231555,0.7432228464741231,5.462046175942188,0.006641210317676294,0.08704467735514966
OVRP,permuted_R45A,permutable_only,73,100.0,1000,0.335,0.617,0.837,7.458480879068428,0.7497214762839621,-0.04260566093231555,0.7432228464741231,5.462046175942188,0.006641210317676294,0.08704467735514966
OVRP,permuted_R45A,full,74,100.0,1000,0.353,0.631,0.84,7.4574600582122805,0.7394543146664683,-0.056286542404282436,0.729434410911356,7.215935323352989,0.005620389461528564,0.07677751573765594
OVRP,permuted_R45A,permutable_only,74,100.0,1000,0.353,0.631,0.84,7.4574600582122805,0.7394543146664683,-0.056286542404282436,0.729434410911356,7.215935323352989,0.005620389461528564,0.07677751573765594
OVRP,permuted_R45A,full,75,100.0,1000,0.342,0.635,0.838,7.457005279779428,0.7352025244216329,-0.06238141184038426,0.723291625838951,7.99729764863653,0.005165611028676343,0.07252572549282055
OVRP,permuted_R45A,permutable_only,75,100.0,1000,0.342,0.635,0.838,7.457005279779428,0.7352025244216329,-0.06238141184038426,0.723291625838951,7.99729764863653,0.005165611028676343,0.07252572549282055
OVRP,permuted_R45A,full,76,100.0,1000,0.355,0.637,0.835,7.460661538362523,0.7821338191210178,-0.013380806097496034,0.7726774564381644,1.7154194812735009,0.008821869611771265,0.11945702019220533
OVRP,permuted_R45A,permutable_only,76,100.0,1000,0.355,0.637,0.835,7.460661538362523,0.7821338191210178,-0.013380806097496034,0.7726774564381644,1.7154194812735009,0.008821869611771265,0.11945702019220533
OVRP,permuted_R45A,full,77,100.0,1000,0.358,0.622,0.836,7.456389747142762,0.7286467458388959,-0.07063068397626937,0.7149775009400283,9.054854422506315,0.00455007839200996,0.06596994691008354
OVRP,permuted_R45A,permutable_only,77,100.0,1000,0.358,0.622,0.836,7.456389747142762,0.7286467458388959,-0.07063068397626937,0.7149775009400283,9.054854422506315,0.00455007839200996,0.06596994691008354
OVRP,permuted_R45A,full,78,100.0,1000,0.343,0.627,0.835,7.457918126344684,0.7459520988766929,-0.05014758492926097,0.7356216306267038,6.428920911020109,0.006078457593933374,0.08327529994788048
OVRP,permuted_R45A,permutable_only,78,100.0,1000,0.343,0.627,0.835,7.457918126344684,0.7459520988766929,-0.05014758492926097,0.7356216306267038,6.428920911020109,0.006078457593933374,0.08327529994788048
OVRP,permuted_R45A,full,79,100.0,1000,0.372,0.644,0.834,7.457587918758423,0.7392568994456633,-0.05457297536047845,0.7311614493930696,6.996256010463317,0.005748250007671778,0.07658010051685094
OVRP,permuted_R45A,permutable_only,79,100.0,1000,0.372,0.644,0.834,7.457587918758423,0.7392568994456633,-0.05457297536047845,0.7311614493930696,6.996256010463317,0.005748250007671778,0.07658010051685094
OVRP,permuted_R45A,full,80,100.0,1000,0.353,0.628,0.833,7.455285804271655,0.7106330989211072,-0.08542555369359661,0.7000663193633905,10.951556874592237,0.0034461355209036626,0.04795629999229485
OVRP,permuted_R45A,permutable_only,80,100.0,1000,0.353,0.628,0.833,7.455285804271655,0.7106330989211072,-0.08542555369359661,0.7000663193633905,10.951556874592237,0.0034461355209036626,0.04795629999229485
OVRP,permuted_R45A,full,81,100.0,1000,0.346,0.629,0.83,7.456611448526433,0.7283339568774382,-0.06765947670330785,0.7179720667588096,8.673945619118813,0.004771779775681714,0.06565715794862587
OVRP,permuted_R45A,permutable_only,81,100.0,1000,0.346,0.629,0.83,7.456611448526433,0.7283339568774382,-0.06765947670330785,0.7179720667588096,8.673945619118813,0.004771779775681714,0.06565715794862587
OVRP,permuted_R45A,full,82,100.0,1000,0.349,0.632,0.834,7.458705273866686,0.7496393744171098,-0.03959835693827518,0.7462537927932278,5.076509772536278,0.006865605115934448,0.08696257548829749
OVRP,permuted_R45A,permutable_only,82,100.0,1000,0.349,0.632,0.834,7.458705273866686,0.7496393744171098,-0.03959835693827518,0.7462537927932278,5.076509772536278,0.006865605115934448,0.08696257548829749
OVRP,permuted_R45A,full,83,100.0,1000,0.366,0.626,0.837,7.455740560054757,0.7184064726220728,-0.07933098780592562,0.7062087985009624,10.170233464220109,0.0039008913040057126,0.05572967369326046
OVRP,permuted_R45A,permutable_only,83,100.0,1000,0.366,0.626,0.837,7.455740560054757,0.7184064726220728,-0.07933098780592562,0.7062087985009624,10.170233464220109,0.0039008913040057126,0.05572967369326046
OVRP,permuted_R45A,full,84,100.0,1000,0.347,0.626,0.833,7.4560173161029875,0.7222301260527428,-0.07562194652831478,0.7099469989057194,9.694734333741852,0.004177647352235865,0.05955332712393046
OVRP,permuted_R45A,permutable_only,84,100.0,1000,0.347,0.626,0.833,7.4560173161029875,0.7222301260527428,-0.07562194652831478,0.7099469989057194,9.694734333741852,0.004177647352235865,0.05955332712393046
OVRP,permuted_R45A,full,85,100.0,1000,0.354,0.616,0.838,7.458025551557526,0.7554231571665585,-0.04870788902655576,0.7370726448925113,6.244351881276287,0.0061858828067739005,0.09274635823774627
OVRP,permuted_R45A,permutable_only,85,100.0,1000,0.354,0.616,0.838,7.458025551557526,0.7554231571665585,-0.04870788902655576,0.7370726448925113,6.244351881276287,0.0061858828067739005,0.09274635823774627
OVRP,permuted_R45A,full,86,100.0,1000,0.336,0.612,0.834,7.458178895473399,0.7531469447245867,-0.046652797846880034,0.7391438924480465,5.980889170604628,0.006339226722646191,0.09047014579577435
OVRP,permuted_R45A,permutable_only,86,100.0,1000,0.336,0.612,0.834,7.458178895473399,0.7531469447245867,-0.046652797846880034,0.7391438924480465,5.980889170604628,0.006339226722646191,0.09047014579577435
OVRP,permuted_R45A,full,87,100.0,1000,0.345,0.632,0.837,7.459404507398566,0.7697363638770693,-0.03022733849437076,0.7556984827597368,3.875145110279151,0.007564838647814819,0.10705956494825701
OVRP,permuted_R45A,permutable_only,87,100.0,1000,0.345,0.632,0.837,7.459404507398566,0.7697363638770693,-0.03022733849437076,0.7556984827597368,3.875145110279151,0.007564838647814819,0.10705956494825701
OVRP,permuted_R45A,full,88,100.0,1000,0.324,0.619,0.83,7.460475198030447,0.7863807308715718,-0.015878110086953168,0.7701605195573169,2.035573878772293,0.008635529279695874,0.12370393194275936
OVRP,permuted_R45A,permutable_only,88,100.0,1000,0.324,0.619,0.83,7.460475198030447,0.7863807308715718,-0.015878110086953168,0.7701605195573169,2.035573878772293,0.008635529279695874,0.12370393194275936
OVRP,permuted_R45A,full,89,100.0,1000,0.348,0.629,0.837,7.456736580610255,0.7300940444214606,-0.06598247608483598,0.7196622513433448,8.458954122338156,0.004896911859503541,0.06741724549264837
OVRP,permuted_R45A,permutable_only,89,100.0,1000,0.348,0.629,0.837,7.456736580610255,0.7300940444214606,-0.06598247608483598,0.7196622513433448,8.458954122338156,0.004896911859503541,0.06741724549264837
OVRP,permuted_R45A,full,90,100.0,1000,0.347,0.639,0.839,7.457003137826932,0.7361946430706423,-0.0624101179527492,0.7232626940496312,8.00097777254199,0.005163469076180688,0.07351784414182992
OVRP,permuted_R45A,permutable_only,90,100.0,1000,0.347,0.639,0.839,7.457003137826932,0.7361946430706423,-0.0624101179527492,0.7232626940496312,8.00097777254199,0.005163469076180688,0.07351784414182992
OVRP,permuted_R45A,full,91,100.0,1000,0.356,0.64,0.838,7.458951168775614,0.7565620591605198,-0.036302911823349326,0.7495751454934085,4.654033674428348,0.007111500024862622,0.09388526023170746
OVRP,permuted_R45A,permutable_only,91,100.0,1000,0.356,0.64,0.838,7.458951168775614,0.7565620591605198,-0.036302911823349326,0.7495751454934085,4.654033674428348,0.007111500024862622,0.09388526023170746
OVRP,permuted_R45A,full,92,100.0,1000,0.353,0.628,0.835,7.4578606622219095,0.7451436019967607,-0.05091771011610513,0.7348454509970681,6.5276509680064985,0.006020993471157983,0.08246680306794835
OVRP,permuted_R45A,permutable_only,92,100.0,1000,0.353,0.628,0.835,7.4578606622219095,0.7451436019967607,-0.05091771011610513,0.7348454509970681,6.5276509680064985,0.006020993471157983,0.08246680306794835
OVRP,permuted_R45A,full,93,100.0,1000,0.346,0.63,0.839,7.45829461312292,0.7560215016635797,-0.04510196800461275,0.7407069143478218,5.782072768650229,0.006454944372168138,0.09334470273476748
OVRP,permuted_R45A,permutable_only,93,100.0,1000,0.346,0.63,0.839,7.45829461312292,0.7560215016635797,-0.04510196800461275,0.7407069143478218,5.782072768650229,0.006454944372168138,0.09334470273476748
OVRP,permuted_R45A,full,94,100.0,1000,0.341,0.628,0.841,7.458696346044575,0.758026131658762,-0.03971800621401789,0.7461332028785961,5.091848810934719,0.006856677293822827,0.09534933272994962
OVRP,permuted_R45A,permutable_only,94,100.0,1000,0.341,0.628,0.841,7.458696346044575,0.758026131658762,-0.03971800621401789,0.7461332028785961,5.091848810934719,0.006856677293822827,0.09534933272994962
OVRP,permuted_R45A,full,95,100.0,1000,0.344,0.607,0.833,7.458947175264344,0.7535438303735973,-0.03635643223686147,0.7495212043219457,4.660894991998952,0.007107506513591576,0.09086703144478485
OVRP,permuted_R45A,permutable_only,95,100.0,1000,0.344,0.607,0.833,7.458947175264344,0.7535438303735973,-0.03635643223686147,0.7495212043219457,4.660894991998952,0.007107506513591576,0.09086703144478485
OVRP,permuted_R45A,full,96,100.0,1000,0.352,0.626,0.833,7.45601639580735,0.7237891773386562,-0.07563428018652063,0.709934568284809,9.696315508852527,0.00417672705659939,0.06111237840984388
OVRP,permuted_R45A,permutable_only,96,100.0,1000,0.352,0.626,0.833,7.45601639580735,0.7237891773386562,-0.07563428018652063,0.709934568284809,9.696315508852527,0.00417672705659939,0.06111237840984388
OVRP,permuted_R45A,full,97,100.0,1000,0.363,0.642,0.838,7.456726145029056,0.7328658453314059,-0.06612233211208407,0.7195212958190922,8.47688366649073,0.004886476278304175,0.07018904640259345
OVRP,permuted_R45A,permutable_only,97,100.0,1000,0.363,0.642,0.838,7.456726145029056,0.7328658453314059,-0.06612233211208407,0.7195212958190922,8.47688366649073,0.004886476278304175,0.07018904640259345
OVRP,permuted_R45A,full,98,100.0,1000,0.355,0.63,0.839,7.456395674705484,0.7371588467158329,-0.07055124370766164,0.7150575657389968,9.044670179240828,0.004556005954732714,0.0744820477870204
OVRP,permuted_R45A,permutable_only,98,100.0,1000,0.355,0.63,0.839,7.456395674705484,0.7371588467158329,-0.07055124370766164,0.7150575657389968,9.044670179240828,0.004556005954732714,0.0744820477870204
OVRP,permuted_R45A,full,99,100.0,1000,0.335,0.623,0.832,7.458256057500892,0.7542672471025027,-0.04561868442147787,0.7401861356953088,5.848315818682003,0.0064163887501407476,0.09159044817369039
OVRP,permuted_R45A,permutable_only,99,100.0,1000,0.335,0.623,0.832,7.458256057500892,0.7542672471025027,-0.04561868442147787,0.7401861356953088,5.848315818682003,0.0064163887501407476,0.09159044817369039
VRPB,R45A,full,-1,100.0,1000,0.554,0.917,0.996,9.3326893639578,0.6953343233257846,-0.08114486008354849,0.6952585277559375,10.524043032642258,0.0,0.0
VRPB,R45A,permutable_only,-1,100.0,1000,0.554,0.917,0.996,9.3326893639578,0.6953343233257846,-0.08114486008354849,0.6952585277559375,10.524043032642258,0.0,0.0
VRPB,conditional_majority,full,-1,100.0,1000,0.498,0.917,0.995,9.3423233332644,0.8036277919093932,0.02199959764221937,0.7992044528954745,-2.8532270811636855,0.009633969306600005,0.10829346858360858
VRPB,conditional_majority,permutable_only,-1,100.0,1000,0.498,0.917,0.995,9.3423233332644,0.8036277919093932,0.02199959764221937,0.7992044528954745,-2.8532270811636855,0.009633969306600005,0.10829346858360858
VRPB,conditional_mean_gap,full,-1,100.0,1000,0.504,0.917,0.934,9.340268511773099,0.7755865910101621,-7.771561172376096e-14,0.7770339109192337,9.866257407684967e-12,0.007579147815300005,0.08025226768437754
VRPB,conditional_mean_gap,permutable_only,-1,100.0,1000,0.504,0.917,0.934,9.340268511773099,0.7755865910101621,-7.771561172376096e-14,0.7770339109192337,9.866257407684967e-12,0.007579147815300005,0.08025226768437754
VRPB,permuted_R45A,full,0,100.0,1000,0.472,0.914,0.969,9.3579622182849,1.0169276364966515,0.18943466656757835,0.9679405490851556,-24.568636642896447,0.025272854327100008,0.32159331317086687
VRPB,permuted_R45A,permutable_only,0,100.0,1000,0.472,0.914,0.969,9.3579622182849,1.0169276364966515,0.18943466656757835,0.9679405490851556,-24.568636642896447,0.025272854327100008,0.32159331317086687
VRPB,permuted_R45A,full,1,100.0,1000,0.475,0.915,0.978,9.3602343759538,1.0305546604062807,0.21376113711857325,0.9924560445616404,-27.723646370527998,0.02754501199599998,0.33522033708049614
VRPB,permuted_R45A,permutable_only,1,100.0,1000,0.475,0.915,0.978,9.3602343759538,1.0305546604062807,0.21376113711857325,0.9924560445616404,-27.723646370527998,0.02754501199599998,0.33522033708049614
VRPB,permuted_R45A,full,2,100.0,1000,0.457,0.917,0.979,9.371742717743698,1.171852261261505,0.336973245800376,1.1166255531102731,-43.70358068275411,0.03905335378589998,0.4765179379357204
VRPB,permuted_R45A,permutable_only,2,100.0,1000,0.457,0.917,0.979,9.371742717743698,1.171852261261505,0.336973245800376,1.1166255531102731,-43.70358068275411,0.03905335378589998,0.4765179379357204
VRPB,permuted_R45A,full,3,100.0,1000,0.457,0.915,0.978,9.3725488443383,1.1759123143442192,0.3456039034049896,1.1253232738511976,-44.822929609320475,0.03985948038049999,0.48057799101843446
VRPB,permuted_R45A,permutable_only,3,100.0,1000,0.457,0.915,0.978,9.3725488443383,1.1759123143442192,0.3456039034049896,1.1253232738511976,-44.822929609320475,0.03985948038049999,0.48057799101843446
VRPB,permuted_R45A,full,4,100.0,1000,0.461,0.917,0.978,9.3742222390174,1.1927691499073483,0.3635198196014988,1.1433784027920169,-47.14652561807778,0.041532875059599995,0.4974348265815636
VRPB,permuted_R45A,permutable_only,4,100.0,1000,0.461,0.917,0.978,9.3742222390174,1.1927691499073483,0.3635198196014988,1.1433784027920169,-47.14652561807778,0.041532875059599995,0.4974348265815636
VRPB,permuted_R45A,full,5,100.0,1000,0.458,0.917,0.973,9.3733546032911,1.1703747164369733,0.35423062491501955,1.1340170279127593,-45.94176804602018,0.04066523933329998,0.4750403931111888
VRPB,permuted_R45A,permutable_only,5,100.0,1000,0.458,0.917,0.973,9.3733546032911,1.1703747164369733,0.35423062491501955,1.1340170279127593,-45.94176804602018,0.04066523933329998,0.4750403931111888
VRPB,permuted_R45A,full,6,100.0,1000,0.438,0.913,0.977,9.3724074878698,1.1668507286112688,0.34409049435981665,1.1237981051045454,-44.62664876169875,0.03971812391199999,0.47151640528548416
VRPB,permuted_R45A,permutable_only,6,100.0,1000,0.438,0.913,0.977,9.3724074878698,1.1668507286112688,0.34409049435981665,1.1237981051045454,-44.62664876169875,0.03971812391199999,0.47151640528548416
VRPB,permuted_R45A,full,7,100.0,1000,0.436,0.915,0.973,9.3740304598817,1.1915319756607727,0.361466568825497,1.1413091975612133,-46.88023026059914,0.0413410959239,0.49619765233498814
VRPB,permuted_R45A,permutable_only,7,100.0,1000,0.436,0.915,0.973,9.3740304598817,1.1915319756607727,0.361466568825497,1.1413091975612133,-46.88023026059914,0.0413410959239,0.49619765233498814
VRPB,permuted_R45A,full,8,100.0,1000,0.442,0.913,0.976,9.377178089619399,1.2280679254245752,0.395166132534297,1.1752706183078665,-51.250878731587676,0.0444887256616,0.5327336020987907
VRPB,permuted_R45A,permutable_only,8,100.0,1000,0.442,0.913,0.976,9.377178089619399,1.2280679254245752,0.395166132534297,1.1752706183078665,-51.250878731587676,0.0444887256616,0.5327336020987907
VRPB,permuted_R45A,full,9,100.0,1000,0.443,0.915,0.973,9.378109880447498,1.241854464783336,0.4051421929326171,1.185324196078441,-52.544719016973865,0.045420516489700004,0.5465201414575516
VRPB,permuted_R45A,permutable_only,9,100.0,1000,0.443,0.915,0.973,9.378109880447498,1.241854464783336,0.4051421929326171,1.185324196078441,-52.544719016973865,0.045420516489700004,0.5465201414575516
VRPB,permuted_R45A,full,10,100.0,1000,0.461,0.912,0.975,9.367787559986201,1.0991628311760613,0.29462802036588354,1.0739512909144988,-38.211637333037736,0.03509819602839998,0.40382850785027663
VRPB,permuted_R45A,permutable_only,10,100.0,1000,0.461,0.912,0.975,9.367787559986201,1.0991628311760613,0.29462802036588354,1.0739512909144988,-38.211637333037736,0.03509819602839998,0.40382850785027663
VRPB,permuted_R45A,full,11,100.0,1000,0.458,0.914,0.981,9.376793752193702,1.2288951340284202,0.3910512890989981,1.1711238011436809,-50.71720612014738,0.0441043882359,0.5335608107026354
VRPB,permuted_R45A,permutable_only,11,100.0,1000,0.458,0.914,0.981,9.376793752193702,1.2288951340284202,0.3910512890989981,1.1711238011436809,-50.71720612014738,0.0441043882359,0.5335608107026354
VRPB,permuted_R45A,full,12,100.0,1000,0.443,0.914,0.977,9.3721577968601,1.1903195739620822,0.34141721993108387,1.1211040584269583,-44.279939739128665,0.039468432902299996,0.49498525063629767
VRPB,permuted_R45A,permutable_only,12,100.0,1000,0.443,0.914,0.977,9.3721577968601,1.1903195739620822,0.34141721993108387,1.1211040584269583,-44.279939739128665,0.039468432902299996,0.49498525063629767
VRPB,permuted_R45A,full,13,100.0,1000,0.443,0.916,0.979,9.375951904775,1.194235795898585,0.38203819255213656,1.1620406697802288,-49.548256961583206,0.043262540817200004,0.49890147257280054
VRPB,permuted_R45A,permutable_only,13,100.0,1000,0.443,0.916,0.979,9.375951904775,1.194235795898585,0.38203819255213656,1.1620406697802288,-49.548256961583206,0.043262540817200004,0.49890147257280054
VRPB,permuted_R45A,full,14,100.0,1000,0.472,0.915,0.975,9.375054519654899,1.204443662858122,0.37243049102868575,1.1523583131578752,-48.302190800724595,0.04236515569709999,0.5091093395323375
VRPB,permuted_R45A,permutable_only,14,100.0,1000,0.472,0.915,0.975,9.375054519654899,1.204443662858122,0.37243049102868575,1.1523583131578752,-48.302190800724595,0.04236515569709999,0.5091093395323375
VRPB,permuted_R45A,full,15,100.0,1000,0.427,0.916,0.979,9.3832194676403,1.2943395070998107,0.45984712123698923,1.2404542002266927,-59.63964799929131,0.05053010368249999,0.5990051837740263
VRPB,permuted_R45A,permutable_only,15,100.0,1000,0.427,0.916,0.979,9.3832194676403,1.2943395070998107,0.45984712123698923,1.2404542002266927,-59.63964799929131,0.05053010368249999,0.5990051837740263
VRPB,permuted_R45A,full,16,100.0,1000,0.445,0.914,0.974,9.377055910110801,1.2243380474889114,0.39385803835645383,1.1739523597946722,-51.081226095497065,0.04436654615299999,0.5290037241631267
VRPB,permuted_R45A,permutable_only,16,100.0,1000,0.445,0.914,0.974,9.377055910110801,1.2243380474889114,0.39385803835645383,1.1739523597946722,-51.081226095497065,0.04436654615299999,0.5290037241631267
VRPB,permuted_R45A,full,17,100.0,1000,0.447,0.916,0.979,9.3778101658832,1.2483232340565815,0.4019333498044064,1.1820904191509607,-52.12854967326387,0.04512080192539998,0.5529889107307969
VRPB,permuted_R45A,permutable_only,17,100.0,1000,0.447,0.916,0.979,9.3778101658832,1.2483232340565815,0.4019333498044064,1.1820904191509607,-52.12854967326387,0.04512080192539998,0.5529889107307969
VRPB,permuted_R45A,full,18,100.0,1000,0.44,0.915,0.969,9.379947379590499,1.2539710027194875,0.4248150657272909,1.20514993376597,-55.0961826543936,0.04725801563269998,0.5586366793937029
VRPB,permuted_R45A,permutable_only,18,100.0,1000,0.44,0.915,0.969,9.379947379590499,1.2539710027194875,0.4248150657272909,1.20514993376597,-55.0961826543936,0.04725801563269998,0.5586366793937029
VRPB,permuted_R45A,full,19,100.0,1000,0.418,0.915,0.976,9.3779701824193,1.2297562240177715,0.4036465396971556,1.183816921110159,-52.35074100042696,0.045280818461500005,0.5344219006919869
VRPB,permuted_R45A,permutable_only,19,100.0,1000,0.418,0.915,0.976,9.3779701824193,1.2297562240177715,0.4036465396971556,1.183816921110159,-52.35074100042696,0.045280818461500005,0.5344219006919869
VRPB,permuted_R45A,full,20,100.0,1000,0.455,0.914,0.979,9.3720899033562,1.1546688070553814,0.34069032965149404,1.1203715199634035,-44.18566605901448,0.0394005393984,0.4593344837295968
VRPB,permuted_R45A,permutable_only,20,100.0,1000,0.455,0.914,0.979,9.3720899033562,1.1546688070553814,0.34069032965149404,1.1203715199634035,-44.18566605901448,0.0394005393984,0.4593344837295968
VRPB,permuted_R45A,full,21,100.0,1000,0.456,0.914,0.981,9.370408729554201,1.1498064323278112,0.3226911275955757,1.1022324580038267,-41.851268331363855,0.0377193655964,0.4544721090020266
VRPB,permuted_R45A,permutable_only,21,100.0,1000,0.456,0.914,0.981,9.370408729554201,1.1498064323278112,0.3226911275955757,1.1022324580038267,-41.851268331363855,0.0377193655964,0.4544721090020266
VRPB,permuted_R45A,full,22,100.0,1000,0.453,0.913,0.974,9.371479501247599,1.1518992003068087,0.33415516304646786,1.1137855728977186,-43.338090815112345,0.03879013728979999,0.4565648769810243
VRPB,permuted_R45A,permutable_only,22,100.0,1000,0.453,0.913,0.974,9.371479501247599,1.1518992003068087,0.33415516304646786,1.1137855728977186,-43.338090815112345,0.03879013728979999,0.4565648769810243
VRPB,permuted_R45A,full,23,100.0,1000,0.472,0.913,0.979,9.3668233327861,1.1130370388578699,0.28430468545441734,1.0635477401900184,-36.872757449124606,0.034133968828299985,0.4177027155320854
VRPB,permuted_R45A,permutable_only,23,100.0,1000,0.472,0.913,0.979,9.3668233327861,1.1130370388578699,0.28430468545441734,1.0635477401900184,-36.872757449124606,0.034133968828299985,0.4177027155320854
VRPB,permuted_R45A,full,24,100.0,1000,0.432,0.918,0.977,9.3755682411205,1.1893967834063215,0.3779305627338303,1.1579011222853097,-49.01551991667952,0.04287887716269998,0.49406246008053684
VRPB,permuted_R45A,permutable_only,24,100.0,1000,0.432,0.918,0.977,9.3755682411205,1.1893967834063215,0.3779305627338303,1.1579011222853097,-49.01551991667952,0.04287887716269998,0.49406246008053684
VRPB,permuted_R45A,full,25,100.0,1000,0.456,0.913,0.975,9.371492752075302,1.1814793590804282,0.3342970307849136,1.1139285429966117,-43.35649028222383,0.03880338811749999,0.4861450357546438
VRPB,permuted_R45A,permutable_only,25,100.0,1000,0.456,0.913,0.975,9.371492752075302,1.1814793590804282,0.3342970307849136,1.1139285429966117,-43.35649028222383,0.03880338811749999,0.4861450357546438
VRPB,permuted_R45A,full,26,100.0,1000,0.459,0.912,0.975,9.371254447461201,1.1724449419214142,0.33174566286866547,1.1113573500864726,-43.025591865305934,0.038565083503399995,0.47711061859562975
VRPB,permuted_R45A,permutable_only,26,100.0,1000,0.459,0.912,0.975,9.371254447461201,1.1724449419214142,0.33174566286866547,1.1113573500864726,-43.025591865305934,0.038565083503399995,0.47711061859562975
VRPB,permuted_R45A,full,27,100.0,1000,0.456,0.915,0.976,9.3702939639095,1.1540628261269377,0.32146240869359577,1.100994191539284,-41.69191023294191,0.037604599951699985,0.458728502801153
VRPB,permuted_R45A,permutable_only,27,100.0,1000,0.456,0.915,0.976,9.3702939639095,1.1540628261269377,0.32146240869359577,1.100994191539284,-41.69191023294191,0.037604599951699985,0.458728502801153
VRPB,permuted_R45A,full,28,100.0,1000,0.439,0.914,0.983,9.374433388711399,1.1996650484644693,0.36578045797324155,1.145656607090495,-47.4397180085855,0.04174402475359999,0.5043307251386848
VRPB,permuted_R45A,permutable_only,28,100.0,1000,0.439,0.914,0.983,9.374433388711399,1.1996650484644693,0.36578045797324155,1.145656607090495,-47.4397180085855,0.04174402475359999,0.5043307251386848
VRPB,permuted_R45A,full,29,100.0,1000,0.437,0.915,0.982,9.375358321667699,1.1956945317771805,0.37568309573075,1.1556361917014701,-48.72403578040061,0.04266895770989999,0.5003602084513961
VRPB,permuted_R45A,permutable_only,29,100.0,1000,0.437,0.915,0.982,9.375358321667699,1.1956945317771805,0.37568309573075,1.1556361917014701,-48.72403578040061,0.04266895770989999,0.5003602084513961
VRPB,permuted_R45A,full,30,100.0,1000,0.445,0.914,0.971,9.377587278366398,1.2166110046430167,0.39954704242446404,1.1796855693534836,-51.81905870205888,0.044897914408599984,0.5212766813172323
VRPB,permuted_R45A,permutable_only,30,100.0,1000,0.445,0.914,0.971,9.377587278366398,1.2166110046430167,0.39954704242446404,1.1796855693534836,-51.81905870205888,0.044897914408599984,0.5212766813172323
VRPB,permuted_R45A,full,31,100.0,1000,0.47,0.913,0.975,9.3640208859442,1.0755637932827318,0.2543007638501571,1.0333106779403023,-32.98141347753988,0.0313315219864,0.38022946995694723
VRPB,permuted_R45A,permutable_only,31,100.0,1000,0.47,0.913,0.975,9.3640208859442,1.0755637932827318,0.2543007638501571,1.0333106779403023,-32.98141347753988,0.0313315219864,0.38022946995694723
VRPB,permuted_R45A,full,32,100.0,1000,0.455,0.918,0.974,9.372664568424499,1.1924315364546938,0.34684288369823957,1.126571881441496,-44.983618553874834,0.039975204466699985,0.4970972131289092
VRPB,permuted_R45A,permutable_only,32,100.0,1000,0.455,0.918,0.974,9.372664568424499,1.1924315364546938,0.34684288369823957,1.126571881441496,-44.983618553874834,0.039975204466699985,0.4970972131289092
VRPB,permuted_R45A,full,33,100.0,1000,0.438,0.912,0.972,9.3696009430905,1.09991914196803,0.3140426988841094,1.0935168280685081,-40.72961458976383,0.0369115791327,0.40458481864224566
VRPB,permuted_R45A,permutable_only,33,100.0,1000,0.438,0.912,0.972,9.3696009430905,1.09991914196803,0.3140426988841094,1.0935168280685081,-40.72961458976383,0.0369115791327,0.40458481864224566
VRPB,permuted_R45A,full,34,100.0,1000,0.448,0.914,0.969,9.374518566609101,1.1928050189060004,0.36669240068232245,1.1465756359036794,-47.5579919732439,0.04182920265129998,0.49747069558021584
VRPB,permuted_R45A,permutable_only,34,100.0,1000,0.448,0.914,0.969,9.374518566609101,1.1928050189060004,0.36669240068232245,1.1465756359036794,-47.5579919732439,0.04182920265129998,0.49747069558021584
VRPB,permuted_R45A,full,35,100.0,1000,0.449,0.913,0.976,9.370548568726202,1.1517511379300431,0.3241882919632122,1.1037412558463133,-42.045442333460414,0.0378592047684,0.45641681460425826
VRPB,permuted_R45A,permutable_only,35,100.0,1000,0.449,0.913,0.976,9.370548568726202,1.1517511379300431,0.3241882919632122,1.1037412558463133,-42.045442333460414,0.0378592047684,0.45641681460425826
VRPB,permuted_R45A,full,36,100.0,1000,0.444,0.915,0.981,9.3721859726906,1.1596862963770742,0.3417188796795756,1.1214080621739786,-44.31906335300929,0.03949660873279997,0.4643519730512896
VRPB,permuted_R45A,permutable_only,36,100.0,1000,0.444,0.915,0.981,9.3721859726906,1.1596862963770742,0.3417188796795756,1.1214080621739786,-44.31906335300929,0.03949660873279997,0.4643519730512896
VRPB,permuted_R45A,full,37,100.0,1000,0.447,0.911,0.977,9.3722217011457,1.1867007169703756,0.3421014003218259,1.1217935551313563,-44.36867418104937,0.0395323371879,0.49136639364459084
VRPB,permuted_R45A,permutable_only,37,100.0,1000,0.447,0.911,0.977,9.3722217011457,1.1867007169703756,0.3421014003218259,1.1217935551313563,-44.36867418104937,0.0395323371879,0.49136639364459084
VRPB,permuted_R45A,full,38,100.0,1000,0.453,0.914,0.974,9.370087376118102,1.1453598788926425,0.3192506115580196,1.0987652079899268,-41.40505228272462,0.0373980121603,0.45002555556685797
VRPB,permuted_R45A,permutable_only,38,100.0,1000,0.453,0.914,0.974,9.370087376118102,1.1453598788926425,0.3192506115580196,1.0987652079899268,-41.40505228272462,0.0373980121603,0.45002555556685797
VRPB,permuted_R45A,full,39,100.0,1000,0.446,0.915,0.969,9.3763918499956,1.217962138381818,0.3867483914082426,1.1667874684787138,-50.15914390381122,0.0437024860378,0.5226278150560334
VRPB,permuted_R45A,permutable_only,39,100.0,1000,0.446,0.915,0.969,9.3763918499956,1.217962138381818,0.3867483914082426,1.1667874684787138,-50.15914390381122,0.0437024860378,0.5226278150560334
VRPB,permuted_R45A,full,40,100.0,1000,0.424,0.913,0.974,9.3810504136091,1.2691173162354488,0.43662451228880794,1.2170511437319842,-56.6278030635892,0.04836104965130001,0.5737829929096643
VRPB,permuted_R45A,permutable_only,40,100.0,1000,0.424,0.913,0.974,9.3810504136091,1.2691173162354488,0.43662451228880794,1.2170511437319842,-56.6278030635892,0.04836104965130001,0.5737829929096643
VRPB,permuted_R45A,full,41,100.0,1000,0.448,0.913,0.971,9.3646088910105,1.078005116962425,0.2605961403220336,1.0396549716221726,-33.79788925713268,0.0319195270527,0.3826707936366406
VRPB,permuted_R45A,permutable_only,41,100.0,1000,0.448,0.913,0.971,9.3646088910105,1.078005116962425,0.2605961403220336,1.0396549716221726,-33.79788925713268,0.0319195270527,0.3826707936366406
VRPB,permuted_R45A,full,42,100.0,1000,0.477,0.915,0.975,9.3692878794664,1.1367169506716324,0.3106909363121302,1.0901390211647266,-40.29490937853553,0.03659851550859999,0.44138262734584793
VRPB,permuted_R45A,permutable_only,42,100.0,1000,0.477,0.915,0.975,9.3692878794664,1.1367169506716324,0.3106909363121302,1.0901390211647266,-40.29490937853553,0.03659851550859999,0.44138262734584793
VRPB,permuted_R45A,full,43,100.0,1000,0.459,0.913,0.977,9.367719726085799,1.0915407879207666,0.29390176822103875,1.0732193955441893,-38.11744641549597,0.035030362128,0.39620646459498216
VRPB,permuted_R45A,permutable_only,43,100.0,1000,0.459,0.913,0.977,9.367719726085799,1.0915407879207666,0.29390176822103875,1.0732193955441893,-38.11744641549597,0.035030362128,0.39620646459498216
VRPB,permuted_R45A,full,44,100.0,1000,0.465,0.914,0.98,9.3739777441035,1.1876057801195004,0.36090217629081156,1.1407404195051374,-46.80703164621788,0.041288380145699986,0.4922714567937158
VRPB,permuted_R45A,permutable_only,44,100.0,1000,0.465,0.914,0.98,9.3739777441035,1.1876057801195004,0.36090217629081156,1.1407404195051374,-46.80703164621788,0.041288380145699986,0.4922714567937158
VRPB,permuted_R45A,full,45,100.0,1000,0.447,0.913,0.976,9.3718089098934,1.1511807003727637,0.3376819208199322,1.1173397347750358,-43.795491943604425,0.039119545935599985,0.4558463770469791
VRPB,permuted_R45A,permutable_only,45,100.0,1000,0.447,0.913,0.976,9.3718089098934,1.1511807003727637,0.3376819208199322,1.1173397347750358,-43.795491943604425,0.039119545935599985,0.4558463770469791
VRPB,permuted_R45A,full,46,100.0,1000,0.426,0.913,0.974,9.374434820652999,1.2067142519845562,0.3657957888129948,1.1456720570560908,-47.441706334369016,0.0417454566952,0.5113799286587715
VRPB,permuted_R45A,permutable_only,46,100.0,1000,0.426,0.913,0.974,9.374434820652999,1.2067142519845562,0.3657957888129948,1.1456720570560908,-47.441706334369016,0.0417454566952,0.5113799286587715
VRPB,permuted_R45A,full,47,100.0,1000,0.468,0.912,0.976,9.3654662241937,1.1174934439447748,0.26977503257892277,1.04890518698455,-34.98834120940727,0.03277686023589999,0.42215912061898997
VRPB,permuted_R45A,permutable_only,47,100.0,1000,0.468,0.912,0.976,9.3654662241937,1.1174934439447748,0.26977503257892277,1.04890518698455,-34.98834120940727,0.03277686023589999,0.42215912061898997
VRPB,permuted_R45A,full,48,100.0,1000,0.455,0.918,0.985,9.3723692078597,1.1725579991484631,0.34368065592689234,1.123385082088002,-44.57349496612648,0.039679843901899985,0.4772236758226785
VRPB,permuted_R45A,permutable_only,48,100.0,1000,0.455,0.918,0.985,9.3723692078597,1.1725579991484631,0.34368065592689234,1.123385082088002,-44.57349496612648,0.039679843901899985,0.4772236758226785
VRPB,permuted_R45A,full,49,100.0,1000,0.458,0.913,0.978,9.3718281846061,1.1592064712542631,0.33788828226100076,1.1175476997144829,-43.82225589000656,0.03913882064829999,0.46387214792847853
VRPB,permuted_R45A,permutable_only,49,100.0,1000,0.458,0.913,0.978,9.3718281846061,1.1592064712542631,0.33788828226100076,1.1175476997144829,-43.82225589000656,0.03913882064829999,0.46387214792847853
VRPB,permuted_R45A,full,50,100.0,1000,0.436,0.914,0.976,9.3762133145341,1.210790473257858,0.3848369317829281,1.164861156163921,-49.91123808043155,0.043523950576300006,0.5154561499320734
VRPB,permuted_R45A,permutable_only,50,100.0,1000,0.436,0.914,0.976,9.3762133145341,1.210790473257858,0.3848369317829281,1.164861156163921,-49.91123808043155,0.043523950576300006,0.5154561499320734
VRPB,permuted_R45A,full,51,100.0,1000,0.461,0.912,0.973,9.3737092981342,1.1715398741943694,0.35802810506939675,1.137844015775702,-46.43428038160275,0.0410199341764,0.4762055508685849
VRPB,permuted_R45A,permutable_only,51,100.0,1000,0.461,0.912,0.973,9.3737092981342,1.1715398741943694,0.35802810506939675,1.137844015775702,-46.43428038160275,0.0410199341764,0.4762055508685849
VRPB,permuted_R45A,full,52,100.0,1000,0.439,0.913,0.971,9.3747304143909,1.1805370636202055,0.36896051301262833,1.148861372235932,-47.85215369516164,0.0420410504331,0.4852027402944209
VRPB,permuted_R45A,permutable_only,52,100.0,1000,0.439,0.913,0.971,9.3747304143909,1.1805370636202055,0.36896051301262833,1.148861372235932,-47.85215369516164,0.0420410504331,0.4852027402944209
VRPB,permuted_R45A,full,53,100.0,1000,0.424,0.914,0.977,9.3758768110291,1.186280020641712,0.3812342141032765,1.1612304441461774,-49.44398536897162,0.043187447071299984,0.49094569731592735
VRPB,permuted_R45A,permutable_only,53,100.0,1000,0.424,0.914,0.977,9.3758768110291,1.186280020641712,0.3812342141032765,1.1612304441461774,-49.44398536897162,0.043187447071299984,0.49094569731592735
VRPB,permuted_R45A,full,54,100.0,1000,0.476,0.913,0.977,9.3719802188873,1.1796407572235355,0.33951601149606603,1.1191880769576779,-44.033363438873025,0.0392908549295,0.48430643389775085
VRPB,permuted_R45A,permutable_only,54,100.0,1000,0.476,0.913,0.977,9.3719802188873,1.1796407572235355,0.33951601149606603,1.1191880769576779,-44.033363438873025,0.0392908549295,0.48430643389775085
VRPB,permuted_R45A,full,55,100.0,1000,0.446,0.913,0.972,9.3719347634311,1.157740865367851,0.33902935036695947,1.1186976343065647,-43.97024616120761,0.03924539947330001,0.4624065420420663
VRPB,permuted_R45A,permutable_only,55,100.0,1000,0.446,0.913,0.972,9.3719347634311,1.157740865367851,0.33902935036695947,1.1186976343065647,-43.97024616120761,0.03924539947330001,0.4624065420420663
VRPB,permuted_R45A,full,56,100.0,1000,0.464,0.913,0.975,9.369187199593199,1.1517204011599342,0.3096130243326778,1.0890527334436628,-40.155110110344836,0.03649783563539999,0.45638607783414953
VRPB,permuted_R45A,permutable_only,56,100.0,1000,0.464,0.913,0.975,9.369187199593199,1.1517204011599342,0.3096130243326778,1.0890527334436628,-40.155110110344836,0.03649783563539999,0.45638607783414953
VRPB,permuted_R45A,full,57,100.0,1000,0.473,0.914,0.966,9.3717647652621,1.1894702354865065,0.3372092938151994,1.116863435298221,-43.73419481485328,0.03907540130429999,0.49413591216072184
VRPB,permuted_R45A,permutable_only,57,100.0,1000,0.473,0.914,0.966,9.3717647652621,1.1894702354865065,0.3372092938151994,1.116863435298221,-43.73419481485328,0.03907540130429999,0.49413591216072184
VRPB,permuted_R45A,full,58,100.0,1000,0.449,0.915,0.976,9.373082760811402,1.156246090510508,0.3513201895313234,1.1310839774591797,-45.56430054912485,0.0403933968536,0.46091176718472354
VRPB,permuted_R45A,permutable_only,58,100.0,1000,0.449,0.915,0.976,9.373082760811402,1.156246090510508,0.3513201895313234,1.1310839774591797,-45.56430054912485,0.0403933968536,0.46091176718472354
VRPB,permuted_R45A,full,59,100.0,1000,0.446,0.915,0.971,9.373687018394602,1.1736292580203576,0.35778957081773477,1.1376036280320134,-46.40334379822946,0.04099765443680002,0.4782949346945729
VRPB,permuted_R45A,permutable_only,59,100.0,1000,0.446,0.915,0.971,9.373687018394602,1.1736292580203576,0.35778957081773477,1.1376036280320134,-46.40334379822946,0.04099765443680002,0.4782949346945729
VRPB,permuted_R45A,full,60,100.0,1000,0.455,0.914,0.974,9.371851110935799,1.1662404064726617,0.33813373911986133,1.117795063856386,-43.85409029754276,0.03916174697799998,0.4709060831468772
VRPB,permuted_R45A,permutable_only,60,100.0,1000,0.455,0.914,0.974,9.371851110935799,1.1662404064726617,0.33813373911986133,1.117795063856386,-43.85409029754276,0.03916174697799998,0.4709060831468772
VRPB,permuted_R45A,full,61,100.0,1000,0.457,0.918,0.977,9.364547468664401,1.0794746006717837,0.25993853239543174,1.0389922538589946,-33.712601117983624,0.03185810470659997,0.38414027734599915
VRPB,permuted_R45A,permutable_only,61,100.0,1000,0.457,0.918,0.977,9.364547468664401,1.0794746006717837,0.25993853239543174,1.0389922538589946,-33.712601117983624,0.03185810470659997,0.38414027734599915
VRPB,permuted_R45A,full,62,100.0,1000,0.467,0.917,0.971,9.363328666687298,1.0673985089806637,0.2468896358292616,1.0258419629415094,-32.02023084524683,0.030639302729499992,0.372064185654879
VRPB,permuted_R45A,permutable_only,62,100.0,1000,0.467,0.917,0.971,9.363328666687298,1.0673985089806637,0.2468896358292616,1.0258419629415094,-32.02023084524683,0.030639302729499992,0.372064185654879
VRPB,permuted_R45A,full,63,100.0,1000,0.466,0.912,0.978,9.374101994991602,1.1684302555567492,0.3622324473418592,1.1420810272133375,-46.97956050105534,0.04141263103379998,0.4730959322309644
VRPB,permuted_R45A,permutable_only,63,100.0,1000,0.466,0.912,0.978,9.374101994991602,1.1684302555567492,0.3622324473418592,1.1420810272133375,-46.97956050105534,0.04141263103379998,0.4730959322309644
VRPB,permuted_R45A,full,64,100.0,1000,0.459,0.915,0.969,9.3764950804711,1.216363667755017,0.3878536109784392,1.1679012759797658,-50.30248481665891,0.04380571651330001,0.5210293444292324
VRPB,permuted_R45A,permutable_only,64,100.0,1000,0.459,0.915,0.969,9.3764950804711,1.216363667755017,0.3878536109784392,1.1679012759797658,-50.30248481665891,0.04380571651330001,0.5210293444292324
VRPB,permuted_R45A,full,65,100.0,1000,0.424,0.913,0.979,9.378274883747702,1.2406097518401271,0.4069087727691212,1.1871045028393423,-52.77383472683825,0.0455855197899,0.5452754285143425
VRPB,permuted_R45A,permutable_only,65,100.0,1000,0.424,0.913,0.979,9.378274883747702,1.2406097518401271,0.4069087727691212,1.1871045028393423,-52.77383472683825,0.0455855197899,0.5452754285143425
VRPB,permuted_R45A,full,66,100.0,1000,0.44,0.913,0.981,9.3653204455372,1.1043173314299817,0.2682142781282648,1.047332304942561,-34.78591992252603,0.0326310815794,0.4089830081041972
VRPB,permuted_R45A,permutable_only,66,100.0,1000,0.44,0.913,0.981,9.3653204455372,1.1043173314299817,0.2682142781282648,1.047332304942561,-34.78591992252603,0.0326310815794,0.4089830081041972
VRPB,permuted_R45A,full,67,100.0,1000,0.429,0.915,0.979,9.3733575825695,1.1827533047297498,0.35426252205370545,1.1340491729030289,-45.94590492985739,0.04066821861169998,0.487418981403965
VRPB,permuted_R45A,permutable_only,67,100.0,1000,0.429,0.915,0.979,9.3733575825695,1.1827533047297498,0.35426252205370545,1.1340491729030289,-45.94590492985739,0.04066821861169998,0.487418981403965
VRPB,permuted_R45A,full,68,100.0,1000,0.443,0.914,0.975,9.3743114371308,1.1940948254822488,0.36447480406782695,1.1443408078114947,-47.270381862438136,0.04162207317299999,0.4987605021564641
VRPB,permuted_R45A,permutable_only,68,100.0,1000,0.443,0.914,0.975,9.3743114371308,1.1940948254822488,0.36447480406782695,1.1443408078114947,-47.270381862438136,0.04162207317299999,0.4987605021564641
VRPB,permuted_R45A,full,69,100.0,1000,0.462,0.915,0.972,9.378289793014702,1.2393943010210988,0.40706839630650915,1.1872653667057476,-52.79453702362847,0.04560042905690001,0.544059977695314
VRPB,permuted_R45A,permutable_only,69,100.0,1000,0.462,0.915,0.972,9.378289793014702,1.2393943010210988,0.40706839630650915,1.1872653667057476,-52.79453702362847,0.04560042905690001,0.544059977695314
VRPB,permuted_R45A,full,70,100.0,1000,0.461,0.915,0.98,9.3727684254651,1.1752883453529857,0.34795481148137686,1.1276924492805707,-45.127829485125446,0.04007906150729998,0.47995402202720133
VRPB,permuted_R45A,permutable_only,70,100.0,1000,0.461,0.915,0.98,9.3727684254651,1.1752883453529857,0.34795481148137686,1.1276924492805707,-45.127829485125446,0.04007906150729998,0.47995402202720133
VRPB,permuted_R45A,full,71,100.0,1000,0.438,0.912,0.972,9.3772475833895,1.2046599184507143,0.39591015579245603,1.1760204228790316,-51.3473744649968,0.044558219431699984,0.5093255951249297
VRPB,permuted_R45A,permutable_only,71,100.0,1000,0.438,0.912,0.972,9.3772475833895,1.2046599184507143,0.39591015579245603,1.1760204228790316,-51.3473744649968,0.044558219431699984,0.5093255951249297
VRPB,permuted_R45A,full,72,100.0,1000,0.459,0.916,0.975,9.367534305573699,1.1039683316735092,0.2919165949696767,1.0712187968235032,-37.85998033935834,0.03484494161589999,0.4086340083477246
VRPB,permuted_R45A,permutable_only,72,100.0,1000,0.459,0.916,0.975,9.367534305573699,1.1039683316735092,0.2919165949696767,1.0712187968235032,-37.85998033935834,0.03484494161589999,0.4086340083477246
VRPB,permuted_R45A,full,73,100.0,1000,0.439,0.913,0.976,9.377494493007402,1.2370506523467506,0.39855365172183355,1.1786844596682222,-51.69022137962253,0.04480512904959998,0.5417163290209662
VRPB,permuted_R45A,permutable_only,73,100.0,1000,0.439,0.913,0.976,9.377494493007402,1.2370506523467506,0.39855365172183355,1.1786844596682222,-51.69022137962253,0.04480512904959998,0.5417163290209662
VRPB,permuted_R45A,full,74,100.0,1000,0.445,0.914,0.975,9.3808691406248,1.2619882734535668,0.434683743840103,1.2150952948542848,-56.37609604666173,0.048179776667,0.5666539501277821
VRPB,permuted_R45A,permutable_only,74,100.0,1000,0.445,0.914,0.975,9.3808691406248,1.2619882734535668,0.434683743840103,1.2150952948542848,-56.37609604666173,0.048179776667,0.5666539501277821
VRPB,permuted_R45A,full,75,100.0,1000,0.443,0.914,0.975,9.3731615738875,1.195600255202881,0.35216398835786755,1.131934332888762,-45.673736626189765,0.04047220992969999,0.5002659318770964
VRPB,permuted_R45A,permutable_only,75,100.0,1000,0.443,0.914,0.975,9.3731615738875,1.195600255202881,0.35216398835786755,1.131934332888762,-45.673736626189765,0.04047220992969999,0.5002659318770964
VRPB,permuted_R45A,full,76,100.0,1000,0.423,0.914,0.978,9.380468739510702,1.2716433110405267,0.43039691725055285,1.2107751581684534,-55.82011816395447,0.047779375552899975,0.5763089877147423
VRPB,permuted_R45A,permutable_only,76,100.0,1000,0.423,0.914,0.978,9.380468739510702,1.2716433110405267,0.43039691725055285,1.2107751581684534,-55.82011816395447,0.047779375552899975,0.5763089877147423
VRPB,permuted_R45A,full,77,100.0,1000,0.429,0.913,0.977,9.379047634602301,1.2185527217744339,0.4151820986764587,1.1954421152945427,-53.84683969329254,0.04635827064449998,0.5232183984486494
VRPB,permuted_R45A,permutable_only,77,100.0,1000,0.429,0.913,0.977,9.379047634602301,1.2185527217744339,0.4151820986764587,1.1954421152945427,-53.84683969329254,0.04635827064449998,0.5232183984486494
VRPB,permuted_R45A,full,78,100.0,1000,0.433,0.912,0.975,9.379927369593599,1.2602539063442695,0.42460083209068245,1.2049340354613802,-55.068397727434295,0.04723800563579998,0.5649195830184851
VRPB,permuted_R45A,permutable_only,78,100.0,1000,0.433,0.912,0.975,9.379927369593599,1.2602539063442695,0.42460083209068245,1.2049340354613802,-55.068397727434295,0.04723800563579998,0.5649195830184851
VRPB,permuted_R45A,full,79,100.0,1000,0.466,0.914,0.975,9.3719096078887,1.1775089556750538,0.3387600268205615,1.1184262180248927,-43.93531637527766,0.0392202439309,0.48217463234926927
VRPB,permuted_R45A,permutable_only,79,100.0,1000,0.466,0.914,0.975,9.3719096078887,1.1775089556750538,0.3387600268205615,1.1184262180248927,-43.93531637527766,0.0392202439309,0.48217463234926927
VRPB,permuted_R45A,full,80,100.0,1000,0.477,0.916,0.973,9.365636063575199,1.0871384664877117,0.2715933890992339,1.050737672751656,-35.22417207101466,0.0329466996174,0.3918041431619271
VRPB,permuted_R45A,permutable_only,80,100.0,1000,0.477,0.916,0.973,9.365636063575199,1.0871384664877117,0.2715933890992339,1.050737672751656,-35.22417207101466,0.0329466996174,0.3918041431619271
VRPB,permuted_R45A,full,81,100.0,1000,0.461,0.914,0.973,9.3689819035532,1.1121794924965904,0.30741505711426864,1.0868376872746222,-39.87004582448715,0.03629253959539998,0.4168451691708059
VRPB,permuted_R45A,permutable_only,81,100.0,1000,0.461,0.914,0.973,9.3689819035532,1.1121794924965904,0.30741505711426864,1.0868376872746222,-39.87004582448715,0.03629253959539998,0.4168451691708059
VRPB,permuted_R45A,full,82,100.0,1000,0.455,0.914,0.978,9.378867356300802,1.2326472591861306,0.4132519796303802,1.1934969985689659,-53.59651384544451,0.04617799234299999,0.537312935860346
VRPB,permuted_R45A,permutable_only,82,100.0,1000,0.455,0.914,0.978,9.378867356300802,1.2326472591861306,0.4132519796303802,1.1934969985689659,-53.59651384544451,0.04617799234299999,0.537312935860346
VRPB,permuted_R45A,full,83,100.0,1000,0.445,0.912,0.977,9.3753296246526,1.2091429245558416,0.375375856007798,1.1553265646216726,-48.684188474454885,0.042640260694799995,0.5138086012300568
VRPB,permuted_R45A,permutable_only,83,100.0,1000,0.445,0.912,0.977,9.3753296246526,1.2091429245558416,0.375375856007798,1.1553265646216726,-48.684188474454885,0.042640260694799995,0.5138086012300568
VRPB,permuted_R45A,full,84,100.0,1000,0.432,0.912,0.977,9.3750953803072,1.2271177231049337,0.372867958669465,1.152799180070585,-48.35892795292743,0.04240601634940001,0.5317833997791492
VRPB,permuted_R45A,permutable_only,84,100.0,1000,0.432,0.912,0.977,9.3750953803072,1.2271177231049337,0.372867958669465,1.152799180070585,-48.35892795292743,0.04240601634940001,0.5317833997791492
VRPB,permuted_R45A,full,85,100.0,1000,0.446,0.913,0.973,9.3716214470859,1.173783856454817,0.33567488207941754,1.1153171006629048,-43.53519003351909,0.03893208312809999,0.4784495331290326
VRPB,permuted_R45A,permutable_only,85,100.0,1000,0.446,0.913,0.973,9.3716214470859,1.173783856454817,0.33567488207941754,1.1153171006629048,-43.53519003351909,0.03893208312809999,0.4784495331290326
VRPB,permuted_R45A,full,86,100.0,1000,0.438,0.913,0.979,9.3743077793134,1.1808390572304135,0.36443564226646963,1.1443013417096637,-47.26530279172174,0.04161841535560001,0.485504733904629
VRPB,permuted_R45A,permutable_only,86,100.0,1000,0.438,0.913,0.979,9.3743077793134,1.1808390572304135,0.36443564226646963,1.1443013417096637,-47.26530279172174,0.04161841535560001,0.485504733904629
VRPB,permuted_R45A,full,87,100.0,1000,0.437,0.915,0.971,9.373211053372001,1.1811105038396121,0.35269373206319177,1.1324681928823077,-45.74244147755407,0.0405216894142,0.4857761805138277
VRPB,permuted_R45A,permutable_only,87,100.0,1000,0.437,0.915,0.971,9.373211053372001,1.1811105038396121,0.35269373206319177,1.1324681928823077,-45.74244147755407,0.0405216894142,0.4857761805138277
VRPB,permuted_R45A,full,88,100.0,1000,0.472,0.914,0.981,9.3657092437752,1.0804204865065903,0.27237688049359665,1.0515272521398389,-35.32578660509115,0.0330198798174,0.38508616318080585
VRPB,permuted_R45A,permutable_only,88,100.0,1000,0.472,0.914,0.981,9.3657092437752,1.0804204865065903,0.27237688049359665,1.0515272521398389,-35.32578660509115,0.0330198798174,0.38508616318080585
VRPB,permuted_R45A,full,89,100.0,1000,0.424,0.913,0.978,9.3682525610931,1.1104549142032756,0.2996064758172601,1.0789684306529823,-38.857315683489766,0.0355631971353,0.41512059087749104
VRPB,permuted_R45A,permutable_only,89,100.0,1000,0.424,0.913,0.978,9.3682525610931,1.1104549142032756,0.2996064758172601,1.0789684306529823,-38.857315683489766,0.0355631971353,0.41512059087749104
VRPB,permuted_R45A,full,90,100.0,1000,0.449,0.911,0.973,9.3820310068131,1.279913477565429,0.4471230670441084,1.2276312758178864,-57.98940799964417,0.04934164285530001,0.5845791542396443
VRPB,permuted_R45A,permutable_only,90,100.0,1000,0.449,0.911,0.973,9.3820310068131,1.279913477565429,0.4471230670441084,1.2276312758178864,-57.98940799964417,0.04934164285530001,0.5845791542396443
VRPB,permuted_R45A,full,91,100.0,1000,0.433,0.914,0.976,9.3766935334211,1.1810190347357703,0.3899783138148871,1.1700424884777627,-50.57804711424866,0.044004169463300005,0.48568471140998554
VRPB,permuted_R45A,permutable_only,91,100.0,1000,0.433,0.914,0.976,9.3766935334211,1.1810190347357703,0.3899783138148871,1.1700424884777627,-50.57804711424866,0.044004169463300005,0.48568471140998554
VRPB,permuted_R45A,full,92,100.0,1000,0.457,0.913,0.978,9.3737775983828,1.1967739729638442,0.35875935009210824,1.1385809428201998,-46.52911884800054,0.041088234424999995,0.5014396496380596
VRPB,permuted_R45A,permutable_only,92,100.0,1000,0.457,0.913,0.978,9.3737775983828,1.1967739729638442,0.35875935009210824,1.1385809428201998,-46.52911884800054,0.041088234424999995,0.5014396496380596
VRPB,permuted_R45A,full,93,100.0,1000,0.448,0.913,0.975,9.374960370541402,1.21291895825639,0.37142249951989115,1.1513424892132251,-48.17145983385648,0.04227100658359999,0.5175846349306055
VRPB,permuted_R45A,permutable_only,93,100.0,1000,0.448,0.913,0.975,9.374960370541402,1.21291895825639,0.37142249951989115,1.1513424892132251,-48.17145983385648,0.04227100658359999,0.5175846349306055
VRPB,permuted_R45A,full,94,100.0,1000,0.429,0.915,0.979,9.3727341446877,1.1796535588508432,0.3475877901547575,1.1273225760737748,-45.08022883326464,0.04004478072989998,0.4843192355250585
VRPB,permuted_R45A,permutable_only,94,100.0,1000,0.429,0.915,0.979,9.3727341446877,1.1796535588508432,0.3475877901547575,1.1273225760737748,-45.08022883326464,0.04004478072989998,0.4843192355250585
VRPB,permuted_R45A,full,95,100.0,1000,0.465,0.917,0.976,9.3737284226423,1.2053591940894726,0.35823285837037755,1.138050360079279,-46.460835761062974,0.041039058684499995,0.5100248707636879
VRPB,permuted_R45A,permutable_only,95,100.0,1000,0.465,0.917,0.976,9.3737284226423,1.2053591940894726,0.35823285837037755,1.138050360079279,-46.460835761062974,0.041039058684499995,0.5100248707636879
VRPB,permuted_R45A,full,96,100.0,1000,0.423,0.911,0.978,9.3814442629823,1.2788301512853923,0.4408411937760981,1.2213005902643292,-57.17468351148697,0.04875489902449999,0.5834958279596074
VRPB,permuted_R45A,permutable_only,96,100.0,1000,0.423,0.911,0.978,9.3814442629823,1.2788301512853923,0.4408411937760981,1.2213005902643292,-57.17468351148697,0.04875489902449999,0.5834958279596074
VRPB,permuted_R45A,full,97,100.0,1000,0.455,0.918,0.972,9.3747206416138,1.1791951336973963,0.36885588243280587,1.148755928641032,-47.838583683169446,0.04203127765599999,0.4838608103716115
VRPB,permuted_R45A,permutable_only,97,100.0,1000,0.455,0.918,0.972,9.3747206416138,1.1791951336973963,0.36885588243280587,1.148755928641032,-47.838583683169446,0.04203127765599999,0.4838608103716115
VRPB,permuted_R45A,full,98,100.0,1000,0.446,0.916,0.981,9.370544191836998,1.1727852660500655,0.32414143154162467,1.1036940313033483,-42.03936479394743,0.037854827879199984,0.4774509427242809
VRPB,permuted_R45A,permutable_only,98,100.0,1000,0.446,0.916,0.981,9.370544191836998,1.1727852660500655,0.32414143154162467,1.1036940313033483,-42.03936479394743,0.037854827879199984,0.4774509427242809
VRPB,permuted_R45A,full,99,100.0,1000,0.456,0.916,0.974,9.3751340899471,1.184583505379645,0.3732823968609411,1.1532168385873343,-48.41267831193885,0.04244472598929998,0.4892491820538605
VRPB,permuted_R45A,permutable_only,99,100.0,1000,0.456,0.916,0.974,9.3751340899471,1.184583505379645,0.3732823968609411,1.1532168385873343,-48.41267831193885,0.04244472598929998,0.4892491820538605
VRPL,R45A,full,-1,100.0,1000,0.335,0.592,0.736,12.399742015361612,0.4510903074597248,-0.060211852171543345,0.45133570867370576,11.823653241804042,0.0,0.0
VRPL,R45A,permutable_only,-1,100.0,1000,0.335,0.592,0.736,12.399742015361612,0.4510903074597248,-0.060211852171543345,0.45133570867370576,11.823653241804042,0.0,0.0
VRPL,conditional_majority,full,-1,100.0,1000,0.295,0.555,0.711,12.407264983177106,0.5150827882300142,0.00042197462839510536,0.5122798932078343,-0.0828621193835457,0.007522967815493299,0.06399248077028939
VRPL,conditional_majority,permutable_only,-1,100.0,1000,0.295,0.555,0.711,12.407264983177106,0.5150827882300142,0.00042197462839510536,0.5122798932078343,-0.0828621193835457,0.007522967815493299,0.06399248077028939
VRPL,conditional_mean_gap,full,-1,100.0,1000,0.294,0.554,0.728,12.405758580207825,0.5052737016701083,-0.011719374234242519,0.5000763981518608,2.301304679380939,0.006016564846211757,0.05418339421038351
VRPL,conditional_mean_gap,permutable_only,-1,100.0,1000,0.294,0.554,0.728,12.405758580207825,0.5052737016701083,-0.011719374234242519,0.5000763981518608,2.301304679380939,0.006016564846211757,0.05418339421038351
VRPL,permuted_R45A,full,0,100.0,1000,0.285,0.535,0.699,12.413630599975306,0.5665951200565007,0.05172775126909279,0.5638482814207979,-10.157651225235922,0.013888584613694329,0.11550481259677588
VRPL,permuted_R45A,permutable_only,0,100.0,1000,0.285,0.535,0.699,12.413630599975306,0.5665951200565007,0.05172775126909279,0.5638482814207979,-10.157651225235922,0.013888584613694329,0.11550481259677588
VRPL,permuted_R45A,full,1,100.0,1000,0.301,0.515,0.683,12.415929114818285,0.5893395634028957,0.0702533856070664,0.5824687402849582,-13.795484452367413,0.016187099456673345,0.13824925594317086
VRPL,permuted_R45A,permutable_only,1,100.0,1000,0.301,0.515,0.683,12.415929114818285,0.5893395634028957,0.0702533856070664,0.5824687402849582,-13.795484452367413,0.016187099456673345,0.13824925594317086
VRPL,permuted_R45A,full,2,100.0,1000,0.276,0.527,0.687,12.415831352233894,0.588391292356607,0.06946543599000155,0.5816767575024029,-13.640756725047073,0.01608933687228022,0.13730098489688214
VRPL,permuted_R45A,permutable_only,2,100.0,1000,0.276,0.527,0.687,12.415831352233894,0.588391292356607,0.06946543599000155,0.5816767575024029,-13.640756725047073,0.01608933687228022,0.13730098489688214
VRPL,permuted_R45A,full,3,100.0,1000,0.291,0.54,0.705,12.416885018348896,0.60093285548414,0.07795780366841587,0.5902125938538338,-15.308382068066258,0.017143002987283197,0.14984254802441513
VRPL,permuted_R45A,permutable_only,3,100.0,1000,0.291,0.54,0.705,12.416885018348896,0.60093285548414,0.07795780366841587,0.5902125938538338,-15.308382068066258,0.017143002987283197,0.14984254802441513
VRPL,permuted_R45A,full,4,100.0,1000,0.288,0.532,0.699,12.4170931172371,0.6006791338099982,0.07963504491868001,0.5918984201600086,-15.637737805031431,0.01735110187548618,0.14958882635027335
VRPL,permuted_R45A,permutable_only,4,100.0,1000,0.288,0.532,0.699,12.4170931172371,0.6006791338099982,0.07963504491868001,0.5918984201600086,-15.637737805031431,0.01735110187548618,0.14958882635027335
VRPL,permuted_R45A,full,5,100.0,1000,0.286,0.536,0.695,12.416407145023665,0.5912601083441267,0.07410622685126711,0.5863413025189335,-14.552057406428728,0.01666512966205126,0.14016980088440187
VRPL,permuted_R45A,permutable_only,5,100.0,1000,0.286,0.536,0.695,12.416407145023665,0.5912601083441267,0.07410622685126711,0.5863413025189335,-14.552057406428728,0.01666512966205126,0.14016980088440187
VRPL,permuted_R45A,full,6,100.0,1000,0.273,0.525,0.698,12.416542160987895,0.5945055522689882,0.07519443230301626,0.5874350780129767,-14.765745633140344,0.016800145626281876,0.1434152448092634
VRPL,permuted_R45A,permutable_only,6,100.0,1000,0.273,0.525,0.698,12.416542160987895,0.5945055522689882,0.07519443230301626,0.5874350780129767,-14.765745633140344,0.016800145626281876,0.1434152448092634
VRPL,permuted_R45A,full,7,100.0,1000,0.295,0.529,0.711,12.416167053699468,0.5941410779336654,0.07217113206889891,0.5843963028425048,-14.172067605892643,0.01642503833785322,0.14305077047394069
VRPL,permuted_R45A,permutable_only,7,100.0,1000,0.295,0.529,0.711,12.416167053699468,0.5941410779336654,0.07217113206889891,0.5843963028425048,-14.172067605892643,0.01642503833785322,0.14305077047394069
VRPL,permuted_R45A,full,8,100.0,1000,0.287,0.521,0.676,12.413787213325744,0.5704014913106508,0.05299002793939245,0.5651170191269372,-10.405521388778554,0.014045197964129529,0.11931118385092591
VRPL,permuted_R45A,permutable_only,8,100.0,1000,0.287,0.521,0.676,12.413787213325744,0.5704014913106508,0.05299002793939245,0.5651170191269372,-10.405521388778554,0.014045197964129529,0.11931118385092591
VRPL,permuted_R45A,full,9,100.0,1000,0.275,0.52,0.701,12.414781871796034,0.5777722381963584,0.06100680414951043,0.5731748296677441,-11.979756005502006,0.015039856434421033,0.12668193073663347
VRPL,permuted_R45A,permutable_only,9,100.0,1000,0.275,0.52,0.701,12.414781871796034,0.5777722381963584,0.06100680414951043,0.5731748296677441,-11.979756005502006,0.015039856434421033,0.12668193073663347
VRPL,permuted_R45A,full,10,100.0,1000,0.278,0.546,0.698,12.415894443988991,0.5869703944627157,0.06997394468561957,0.5821878690290605,-13.740611326269347,0.01615242862737783,0.13588008700299087
VRPL,permuted_R45A,permutable_only,10,100.0,1000,0.278,0.546,0.698,12.415894443988991,0.5869703944627157,0.06997394468561957,0.5821878690290605,-13.740611326269347,0.01615242862737783,0.13588008700299087
VRPL,permuted_R45A,full,11,100.0,1000,0.295,0.529,0.697,12.41362463712728,0.5671294948693344,0.05167969173947018,0.5637999758957069,-10.148213893670784,0.013882621765665525,0.11603918740960953
VRPL,permuted_R45A,permutable_only,11,100.0,1000,0.295,0.529,0.697,12.41362463712728,0.5671294948693344,0.05167969173947018,0.5637999758957069,-10.148213893670784,0.013882621765665525,0.11603918740960953
VRPL,permuted_R45A,full,12,100.0,1000,0.271,0.519,0.686,12.41425732564929,0.5775567278498891,0.056779052417699205,0.5689254379452224,-11.149562801564642,0.014515310287676116,0.12646642039016423
VRPL,permuted_R45A,permutable_only,12,100.0,1000,0.271,0.519,0.686,12.41425732564929,0.5775567278498891,0.056779052417699205,0.5689254379452224,-11.149562801564642,0.014515310287676116,0.12646642039016423
VRPL,permuted_R45A,full,13,100.0,1000,0.295,0.539,0.69,12.412788975715381,0.5618218689469018,0.044944404475844024,0.5570302136763461,-8.825622107883186,0.013046960353768153,0.11073156148717689
VRPL,permuted_R45A,permutable_only,13,100.0,1000,0.295,0.539,0.69,12.412788975715381,0.5618218689469018,0.044944404475844024,0.5570302136763461,-8.825622107883186,0.013046960353768153,0.11073156148717689
VRPL,permuted_R45A,full,14,100.0,1000,0.282,0.518,0.696,12.410921051025152,0.5423845719556722,0.029889252716541748,0.5418980012557917,-5.869279004573488,0.011179035663538617,0.09129426449594746
VRPL,permuted_R45A,permutable_only,14,100.0,1000,0.282,0.518,0.696,12.410921051025152,0.5423845719556722,0.029889252716541748,0.5418980012557917,-5.869279004573488,0.011179035663538617,0.09129426449594746
VRPL,permuted_R45A,full,15,100.0,1000,0.289,0.539,0.7,12.412594631671347,0.5614433859712509,0.043378024904039414,0.5554558165004941,-8.518036005907845,0.012852616309733732,0.11035307851152609
VRPL,permuted_R45A,permutable_only,15,100.0,1000,0.289,0.539,0.7,12.412594631671347,0.5614433859712509,0.043378024904039414,0.5554558165004941,-8.518036005907845,0.012852616309733732,0.11035307851152609
VRPL,permuted_R45A,full,16,100.0,1000,0.286,0.525,0.693,12.411627624511864,0.559471589166663,0.03558411350357282,0.5476220115157249,-6.987564803432409,0.011885609150249311,0.10838128170693821
VRPL,permuted_R45A,permutable_only,16,100.0,1000,0.286,0.525,0.693,12.411627624511864,0.559471589166663,0.03558411350357282,0.5476220115157249,-6.987564803432409,0.011885609150249311,0.10838128170693821
VRPL,permuted_R45A,full,17,100.0,1000,0.287,0.524,0.7,12.417054458141127,0.5949800244264527,0.07932345925369955,0.5915852396258581,-15.576552494747686,0.01731244277951444,0.14388971696672792
VRPL,permuted_R45A,permutable_only,17,100.0,1000,0.287,0.524,0.7,12.417054458141127,0.5949800244264527,0.07932345925369955,0.5915852396258581,-15.576552494747686,0.01731244277951444,0.14388971696672792
VRPL,permuted_R45A,full,18,100.0,1000,0.276,0.53,0.703,12.417910781383213,0.6026373486532705,0.08622527731523277,0.5985223850406118,-16.931845523523247,0.018168766021598372,0.15154704119354573
VRPL,permuted_R45A,permutable_only,18,100.0,1000,0.276,0.53,0.703,12.417910781383213,0.6026373486532705,0.08622527731523277,0.5985223850406118,-16.931845523523247,0.018168766021598372,0.15154704119354573
VRPL,permuted_R45A,full,19,100.0,1000,0.293,0.529,0.693,12.416380458832041,0.5926159641076465,0.07389114073623748,0.5861251154732461,-14.509821475304015,0.016638443470427675,0.14152565664792163
VRPL,permuted_R45A,permutable_only,19,100.0,1000,0.293,0.529,0.693,12.416380458832041,0.5926159641076465,0.07389114073623748,0.5861251154732461,-14.509821475304015,0.016638443470427675,0.14152565664792163
VRPL,permuted_R45A,full,20,100.0,1000,0.285,0.535,0.711,12.414229457854853,0.5724667676673707,0.056554442787226655,0.5686996786374188,-11.105456761145643,0.014487442493241149,0.12137646020764589
VRPL,permuted_R45A,permutable_only,20,100.0,1000,0.285,0.535,0.711,12.414229457854853,0.5724667676673707,0.056554442787226655,0.5686996786374188,-11.105456761145643,0.014487442493241149,0.12137646020764589
VRPL,permuted_R45A,full,21,100.0,1000,0.279,0.532,0.702,12.415693998813804,0.5883396459456645,0.06835839104599728,0.5805640460850858,-13.42336903360344,0.015951983452191884,0.1372493384859395
VRPL,permuted_R45A,permutable_only,21,100.0,1000,0.279,0.532,0.702,12.415693998813804,0.5883396459456645,0.06835839104599728,0.5805640460850858,-13.42336903360344,0.015951983452191884,0.1372493384859395
VRPL,permuted_R45A,full,22,100.0,1000,0.264,0.506,0.68,12.417491626262326,0.6042851555424882,0.08284695912679219,0.5951267747359656,-16.268453494211233,0.017749610900715026,0.15319484808276335
VRPL,permuted_R45A,permutable_only,22,100.0,1000,0.264,0.506,0.68,12.417491626262326,0.6042851555424882,0.08284695912679219,0.5951267747359656,-16.268453494211233,0.017749610900715026,0.15319484808276335
VRPL,permuted_R45A,full,23,100.0,1000,0.282,0.515,0.68,12.416150405884224,0.5934641257497856,0.07203695354112138,0.5842614375141997,-14.145719298576886,0.016408390522611904,0.14237381829006074
VRPL,permuted_R45A,permutable_only,23,100.0,1000,0.282,0.515,0.68,12.416150405884224,0.5934641257497856,0.07203695354112138,0.5842614375141997,-14.145719298576886,0.016408390522611904,0.14237381829006074
VRPL,permuted_R45A,full,24,100.0,1000,0.28,0.537,0.685,12.414025625706111,0.5797827265773672,0.05491159072321672,0.5670484175405166,-10.782853944063172,0.014283610344498382,0.12869241911764231
VRPL,permuted_R45A,permutable_only,24,100.0,1000,0.28,0.537,0.685,12.414025625706111,0.5797827265773672,0.05491159072321672,0.5670484175405166,-10.782853944063172,0.014283610344498382,0.12869241911764231
VRPL,permuted_R45A,full,25,100.0,1000,0.274,0.524,0.693,12.417003870010022,0.5976943492949618,0.07891572761709043,0.5911754209914077,-15.496487236612447,0.017261854648410242,0.1466040418352369
VRPL,permuted_R45A,permutable_only,25,100.0,1000,0.274,0.524,0.693,12.417003870010022,0.5976943492949618,0.07891572761709043,0.5911754209914077,-15.496487236612447,0.017261854648410242,0.1466040418352369
VRPL,permuted_R45A,full,26,100.0,1000,0.296,0.536,0.696,12.414982626438345,0.579998801869481,0.06262485204093782,0.574801159630467,-12.297488088255438,0.015240611076730514,0.12890849440975624
VRPL,permuted_R45A,permutable_only,26,100.0,1000,0.296,0.536,0.696,12.414982626438345,0.579998801869481,0.06262485204093782,0.574801159630467,-12.297488088255438,0.015240611076730514,0.12890849440975624
VRPL,permuted_R45A,full,27,100.0,1000,0.294,0.528,0.693,12.416789435863292,0.6013595504968757,0.077187425272629,0.589438272231857,-15.15710475823013,0.017047420501679195,0.1502692430371509
VRPL,permuted_R45A,permutable_only,27,100.0,1000,0.294,0.528,0.693,12.416789435863292,0.6013595504968757,0.077187425272629,0.589438272231857,-15.15710475823013,0.017047420501679195,0.1502692430371509
VRPL,permuted_R45A,full,28,100.0,1000,0.291,0.534,0.701,12.411131234169064,0.5499807707765685,0.031583292709358446,0.5436007122898712,-6.201933469277252,0.011389218807451506,0.09889046331684373
VRPL,permuted_R45A,permutable_only,28,100.0,1000,0.291,0.534,0.701,12.411131234169064,0.5499807707765685,0.031583292709358446,0.5436007122898712,-6.201933469277252,0.011389218807451506,0.09889046331684373
VRPL,permuted_R45A,full,29,100.0,1000,0.279,0.53,0.699,12.414279098033791,0.5771664605373553,0.05695453409240159,0.5691018178329621,-11.184021706198411,0.014537082672179916,0.1260761530776305
VRPL,permuted_R45A,permutable_only,29,100.0,1000,0.279,0.53,0.699,12.414279098033791,0.5771664605373553,0.05695453409240159,0.5691018178329621,-11.184021706198411,0.014537082672179916,0.1260761530776305
VRPL,permuted_R45A,full,30,100.0,1000,0.28,0.515,0.677,12.414380254268801,0.5746567497747704,0.057769835949827986,0.5699212928599096,-11.344120525648725,0.014638238907188168,0.1235664423150456
VRPL,permuted_R45A,permutable_only,30,100.0,1000,0.28,0.515,0.677,12.414380254268801,0.5746567497747704,0.057769835949827986,0.5699212928599096,-11.344120525648725,0.014638238907188168,0.1235664423150456
VRPL,permuted_R45A,full,31,100.0,1000,0.27,0.516,0.703,12.418031315327138,0.6130272020764252,0.08719676017396871,0.5994988404902868,-17.122613221867812,0.018289299965523767,0.16193689461670052
VRPL,permuted_R45A,permutable_only,31,100.0,1000,0.27,0.516,0.703,12.418031315327138,0.6130272020764252,0.08719676017396871,0.5994988404902868,-17.122613221867812,0.018289299965523767,0.16193689461670052
VRPL,permuted_R45A,full,32,100.0,1000,0.276,0.527,0.698,12.417579600334104,0.6049714703567618,0.08355601501561782,0.5958394599682171,-16.407689054259745,0.017837584972490612,0.153881162897037
VRPL,permuted_R45A,permutable_only,32,100.0,1000,0.276,0.527,0.698,12.417579600334104,0.6049714703567618,0.08355601501561782,0.5958394599682171,-16.407689054259745,0.017837584972490612,0.153881162897037
VRPL,permuted_R45A,full,33,100.0,1000,0.292,0.529,0.692,12.413600493908037,0.5707840699283706,0.0514851015445128,0.5636043896796172,-10.110002695932147,0.013858478546425327,0.11969376246864581
VRPL,permuted_R45A,permutable_only,33,100.0,1000,0.292,0.529,0.692,12.413600493908037,0.5707840699283706,0.0514851015445128,0.5636043896796172,-10.110002695932147,0.013858478546425327,0.11969376246864581
VRPL,permuted_R45A,full,34,100.0,1000,0.287,0.544,0.689,12.41652727699273,0.5985307494454348,0.0750744698617245,0.5873145015370174,-14.742188903746142,0.01678526163111595,0.14744044198571002
VRPL,permuted_R45A,permutable_only,34,100.0,1000,0.287,0.544,0.689,12.41652727699273,0.5985307494454348,0.0750744698617245,0.5873145015370174,-14.742188903746142,0.01678526163111595,0.14744044198571002
VRPL,permuted_R45A,full,35,100.0,1000,0.282,0.53,0.702,12.415106152534094,0.5849593536159557,0.06362045112877635,0.5758018547495691,-12.492991431166123,0.015364137172481586,0.13386904615623096
VRPL,permuted_R45A,permutable_only,35,100.0,1000,0.282,0.53,0.702,12.415106152534094,0.5849593536159557,0.06362045112877635,0.5758018547495691,-12.492991431166123,0.015364137172481586,0.13386904615623096
VRPL,permuted_R45A,full,36,100.0,1000,0.299,0.54,0.696,12.415204246044054,0.5739730497569245,0.06441106794903284,0.576596518387551,-12.648242910611241,0.015462230682440915,0.1228827422971997
VRPL,permuted_R45A,permutable_only,36,100.0,1000,0.299,0.54,0.696,12.415204246044054,0.5739730497569245,0.06441106794903284,0.576596518387551,-12.648242910611241,0.015462230682440915,0.1228827422971997
VRPL,permuted_R45A,full,37,100.0,1000,0.266,0.512,0.697,12.41687085771585,0.5945977546944489,0.0778436714013786,0.5900978773942134,-15.285970195647206,0.01712884235423783,0.14350744723472417
VRPL,permuted_R45A,permutable_only,37,100.0,1000,0.266,0.512,0.697,12.41687085771585,0.5945977546944489,0.0778436714013786,0.5900978773942134,-15.285970195647206,0.01712884235423783,0.14350744723472417
VRPL,permuted_R45A,full,38,100.0,1000,0.299,0.532,0.702,12.415661659240852,0.589852210338834,0.06809773964973065,0.5803020605296583,-13.372185560329186,0.01591964387923842,0.13876190287910914
VRPL,permuted_R45A,permutable_only,38,100.0,1000,0.299,0.532,0.702,12.415661659240852,0.589852210338834,0.06809773964973065,0.5803020605296583,-13.372185560329186,0.01591964387923842,0.13876190287910914
VRPL,permuted_R45A,full,39,100.0,1000,0.292,0.529,0.701,12.418686708927654,0.6120841398676483,0.09247911988015112,0.6048082382588138,-18.159897198557772,0.018944693566040477,0.1609938324079236
VRPL,permuted_R45A,permutable_only,39,100.0,1000,0.292,0.529,0.701,12.418686708927654,0.6120841398676483,0.09247911988015112,0.6048082382588138,-18.159897198557772,0.018944693566040477,0.1609938324079236
VRPL,permuted_R45A,full,40,100.0,1000,0.28,0.53,0.698,12.415506666660416,0.5876657675973335,0.06684852610689962,0.5790464528153683,-13.126880570983262,0.015764651298802737,0.13657546013760866
VRPL,permuted_R45A,permutable_only,40,100.0,1000,0.28,0.53,0.698,12.415506666660416,0.5876657675973335,0.06684852610689962,0.5790464528153683,-13.126880570983262,0.015764651298802737,0.13657546013760866
VRPL,permuted_R45A,full,41,100.0,1000,0.279,0.528,0.692,12.419673468112782,0.619154815124167,0.10043222921036765,0.6128020560371317,-19.721629706747695,0.019931452751169865,0.1680645076644422
VRPL,permuted_R45A,permutable_only,41,100.0,1000,0.279,0.528,0.692,12.419673468112782,0.619154815124167,0.10043222921036765,0.6128020560371317,-19.721629706747695,0.019931452751169865,0.1680645076644422
VRPL,permuted_R45A,full,42,100.0,1000,0.278,0.516,0.683,12.413596443176074,0.5729564735605907,0.05145245334152726,0.5635715743649294,-10.103591648653113,0.013854427814461131,0.12186616610086586
VRPL,permuted_R45A,permutable_only,42,100.0,1000,0.278,0.516,0.683,12.413596443176074,0.5729564735605907,0.05145245334152726,0.5635715743649294,-10.103591648653113,0.013854427814461131,0.12186616610086586
VRPL,permuted_R45A,full,43,100.0,1000,0.272,0.517,0.674,12.416711039066776,0.5960667541565743,0.07655556057530877,0.588803173298702,-15.033027042509753,0.016969023705162498,0.1449764466968495
VRPL,permuted_R45A,permutable_only,43,100.0,1000,0.272,0.517,0.674,12.416711039066776,0.5960667541565743,0.07655556057530877,0.588803173298702,-15.033027042509753,0.016969023705162498,0.1449764466968495
VRPL,permuted_R45A,full,44,100.0,1000,0.29,0.527,0.699,12.412741215228934,0.5592838609960379,0.0445594631688806,0.5566433020251393,-8.750032130697079,0.01299919986732066,0.10819355353631306
VRPL,permuted_R45A,permutable_only,44,100.0,1000,0.29,0.527,0.699,12.412741215228934,0.5592838609960379,0.0445594631688806,0.5566433020251393,-8.750032130697079,0.01299919986732066,0.10819355353631306
VRPL,permuted_R45A,full,45,100.0,1000,0.286,0.539,0.699,12.414701267242691,0.5775972354565075,0.06035714531185121,0.572521845513907,-11.852184098231069,0.014959251881079138,0.1265069279967827
VRPL,permuted_R45A,permutable_only,45,100.0,1000,0.286,0.539,0.699,12.414701267242691,0.5775972354565075,0.06035714531185121,0.572521845513907,-11.852184098231069,0.014959251881079138,0.1265069279967827
VRPL,permuted_R45A,full,46,100.0,1000,0.281,0.521,0.679,12.414516870021968,0.5739640754668462,0.05887093542529254,0.5710280283764524,-11.560340720066351,0.014774854660354199,0.12287376800712149
VRPL,permuted_R45A,permutable_only,46,100.0,1000,0.281,0.521,0.679,12.414516870021968,0.5739640754668462,0.05887093542529254,0.5710280283764524,-11.560340720066351,0.014774854660354199,0.12287376800712149
VRPL,permuted_R45A,full,47,100.0,1000,0.283,0.507,0.682,12.413440470695743,0.5674479837471074,0.050195341974057506,0.5623080284005599,-9.856735782919952,0.013698455334128563,0.11635767628738258
VRPL,permuted_R45A,permutable_only,47,100.0,1000,0.283,0.507,0.682,12.413440470695743,0.5674479837471074,0.050195341974057506,0.5623080284005599,-9.856735782919952,0.013698455334128563,0.11635767628738258
VRPL,permuted_R45A,full,48,100.0,1000,0.292,0.522,0.695,12.41637018585228,0.5961781262570064,0.0738083422860969,0.5860418932144729,-14.493562547400776,0.01662817049066723,0.1450878187972815
VRPL,permuted_R45A,permutable_only,48,100.0,1000,0.292,0.522,0.695,12.41637018585228,0.5961781262570064,0.0738083422860969,0.5860418932144729,-14.493562547400776,0.01662817049066723,0.1450878187972815
VRPL,permuted_R45A,full,49,100.0,1000,0.272,0.52,0.686,12.416242973804662,0.5872965387268639,0.07278303506010886,0.5850113378943922,-14.292225490505675,0.016500958443050343,0.13620623126713913
VRPL,permuted_R45A,permutable_only,49,100.0,1000,0.272,0.52,0.686,12.416242973804662,0.5872965387268639,0.07278303506010886,0.5850113378943922,-14.292225490505675,0.016500958443050343,0.13620623126713913
VRPL,permuted_R45A,full,50,100.0,1000,0.296,0.523,0.7,12.41393753194782,0.5743574907604447,0.054201570181677816,0.566334762717946,-10.643428957535345,0.01419551658620653,0.12326718330071998
VRPL,permuted_R45A,permutable_only,50,100.0,1000,0.296,0.523,0.7,12.41393753194782,0.5743574907604447,0.054201570181677816,0.566334762717946,-10.643428957535345,0.01419551658620653,0.12326718330071998
VRPL,permuted_R45A,full,51,100.0,1000,0.302,0.538,0.686,12.41156493663805,0.5598042740254768,0.035078860021631186,0.5471141718647266,-6.888349420509153,0.011822921276437384,0.10871396656575207
VRPL,permuted_R45A,permutable_only,51,100.0,1000,0.302,0.538,0.686,12.41156493663805,0.5598042740254768,0.035078860021631186,0.5471141718647266,-6.888349420509153,0.011822921276437384,0.10871396656575207
VRPL,permuted_R45A,full,52,100.0,1000,0.291,0.524,0.688,12.416971623897961,0.5933946046090339,0.07865582949952987,0.5909141925703576,-15.445451682823785,0.017229608536349153,0.1423042971493091
VRPL,permuted_R45A,permutable_only,52,100.0,1000,0.291,0.524,0.688,12.416971623897961,0.5933946046090339,0.07865582949952987,0.5909141925703576,-15.445451682823785,0.017229608536349153,0.1423042971493091
VRPL,permuted_R45A,full,53,100.0,1000,0.293,0.529,0.695,12.414446723461042,0.5740843006113778,0.058305566207961235,0.5704597652842258,-11.449320558118997,0.014704708099428167,0.12299399315165296
VRPL,permuted_R45A,permutable_only,53,100.0,1000,0.293,0.529,0.695,12.414446723461042,0.5740843006113778,0.058305566207961235,0.5704597652842258,-11.449320558118997,0.014704708099428167,0.12299399315165296
VRPL,permuted_R45A,full,54,100.0,1000,0.278,0.524,0.695,12.412852236747716,0.5635258124777724,0.04545427751687647,0.5575426965319208,-8.925744622258717,0.013110221386103805,0.11243550501804755
VRPL,permuted_R45A,permutable_only,54,100.0,1000,0.278,0.524,0.695,12.412852236747716,0.5635258124777724,0.04545427751687647,0.5575426965319208,-8.925744622258717,0.013110221386103805,0.11243550501804755
VRPL,permuted_R45A,full,55,100.0,1000,0.293,0.552,0.707,12.414516315936861,0.5793391663015557,0.05886646959463171,0.5710235396871655,-11.55946377588741,0.014774300575249017,0.128248858841831
VRPL,permuted_R45A,permutable_only,55,100.0,1000,0.293,0.552,0.707,12.414516315936861,0.5793391663015557,0.05886646959463171,0.5710235396871655,-11.55946377588741,0.014774300575249017,0.128248858841831
VRPL,permuted_R45A,full,56,100.0,1000,0.292,0.531,0.708,12.415213350773016,0.5740226680239241,0.06448445049862528,0.576670276549951,-12.662652861298618,0.015471335411402425,0.12293236056419929
VRPL,permuted_R45A,permutable_only,56,100.0,1000,0.292,0.531,0.708,12.415213350773016,0.5740226680239241,0.06448445049862528,0.576670276549951,-12.662652861298618,0.015471335411402425,0.12293236056419929
VRPL,permuted_R45A,full,57,100.0,1000,0.285,0.527,0.684,12.415944452286102,0.5923131483651826,0.07037700295995375,0.5825929903803928,-13.819758887755121,0.016202436924487647,0.14122284090545778
VRPL,permuted_R45A,permutable_only,57,100.0,1000,0.285,0.527,0.684,12.415944452286102,0.5923131483651826,0.07037700295995375,0.5825929903803928,-13.819758887755121,0.016202436924487647,0.14122284090545778
VRPL,permuted_R45A,full,58,100.0,1000,0.278,0.547,0.71,12.419256297587967,0.6196430987447704,0.09706990652493808,0.6094225231094486,-19.061378675006253,0.019514282226355453,0.1685527912850456
VRPL,permuted_R45A,permutable_only,58,100.0,1000,0.278,0.547,0.71,12.419256297587967,0.6196430987447704,0.09706990652493808,0.6094225231094486,-19.061378675006253,0.019514282226355453,0.1685527912850456
VRPL,permuted_R45A,full,59,100.0,1000,0.277,0.523,0.687,12.419303983688474,0.6144507702237029,0.0974542482940155,0.6098088321539796,-19.136850922411984,0.019561968326862685,0.16336046276397806
VRPL,permuted_R45A,permutable_only,59,100.0,1000,0.277,0.523,0.687,12.419303983688474,0.6144507702237029,0.0974542482940155,0.6098088321539796,-19.136850922411984,0.019561968326862685,0.16336046276397806
VRPL,permuted_R45A,full,60,100.0,1000,0.288,0.518,0.68,12.414504210472053,0.5814807155300905,0.05876890163016846,0.5709254723154533,-11.540304594799593,0.01476219511043973,0.13039040807036564
VRPL,permuted_R45A,permutable_only,60,100.0,1000,0.288,0.518,0.68,12.414504210472053,0.5814807155300905,0.05876890163016846,0.5709254723154533,-11.540304594799593,0.01476219511043973,0.13039040807036564
VRPL,permuted_R45A,full,61,100.0,1000,0.291,0.533,0.679,12.415964465141274,0.5858531885918873,0.07053830313084042,0.5827551161754929,-13.851433005386982,0.0162224497796621,0.1347628811321624
VRPL,permuted_R45A,permutable_only,61,100.0,1000,0.291,0.533,0.679,12.415964465141274,0.5858531885918873,0.07053830313084042,0.5827551161754929,-13.851433005386982,0.0162224497796621,0.1347628811321624
VRPL,permuted_R45A,full,62,100.0,1000,0.281,0.53,0.693,12.418835597038472,0.61483265612009,0.09367913244768822,0.606014393159815,-18.395540713461855,0.019093581676858533,0.16374234866036513
VRPL,permuted_R45A,permutable_only,62,100.0,1000,0.281,0.53,0.693,12.418835597038472,0.61483265612009,0.09367913244768822,0.606014393159815,-18.395540713461855,0.019093581676858533,0.16374234866036513
VRPL,permuted_R45A,full,63,100.0,1000,0.27,0.511,0.674,12.416875268459433,0.5949434560151744,0.07787922123612123,0.5901336091928222,-15.292951029212048,0.01713325309782109,0.14385314855544964
VRPL,permuted_R45A,permutable_only,63,100.0,1000,0.27,0.511,0.674,12.416875268459433,0.5949434560151744,0.07787922123612123,0.5901336091928222,-15.292951029212048,0.01713325309782109,0.14385314855544964
VRPL,permuted_R45A,full,64,100.0,1000,0.288,0.53,0.696,12.418340683460583,0.6025472865490272,0.08969021412468248,0.6020050573286584,-17.61224663828904,0.018598668098968603,0.15145697908930242
VRPL,permuted_R45A,permutable_only,64,100.0,1000,0.288,0.53,0.696,12.418340683460583,0.6025472865490272,0.08969021412468248,0.6020050573286584,-17.61224663828904,0.018598668098968603,0.15145697908930242
VRPL,permuted_R45A,full,65,100.0,1000,0.294,0.534,0.69,12.415286793232076,0.5794342369352204,0.06507638408808081,0.5772652399855804,-12.778889403632476,0.015544777870461428,0.1283439294754956
VRPL,permuted_R45A,permutable_only,65,100.0,1000,0.294,0.534,0.69,12.415286793232076,0.5794342369352204,0.06507638408808081,0.5772652399855804,-12.778889403632476,0.015544777870461428,0.1283439294754956
VRPL,permuted_R45A,full,66,100.0,1000,0.286,0.533,0.699,12.417027056694401,0.6084119993973978,0.07910260830557014,0.5913632582394301,-15.53318453753161,0.017285041332789006,0.15732169193767293
VRPL,permuted_R45A,permutable_only,66,100.0,1000,0.286,0.533,0.699,12.417027056694401,0.6084119993973978,0.07910260830557014,0.5913632582394301,-15.53318453753161,0.017285041332789006,0.15732169193767293
VRPL,permuted_R45A,full,67,100.0,1000,0.301,0.544,0.702,12.413085213184283,0.5736056873951781,0.04733202752855714,0.5594300579151668,-9.294473771288727,0.0133431978226703,0.12251537993545332
VRPL,permuted_R45A,permutable_only,67,100.0,1000,0.301,0.544,0.702,12.413085213184283,0.5736056873951781,0.04733202752855714,0.5594300579151668,-9.294473771288727,0.0133431978226703,0.12251537993545332
VRPL,permuted_R45A,full,68,100.0,1000,0.298,0.517,0.681,12.414888236045902,0.5834994372923541,0.0618640817110272,0.5740364952538046,-12.148097490670775,0.015146220684291346,0.13240912983262917
VRPL,permuted_R45A,permutable_only,68,100.0,1000,0.298,0.517,0.681,12.414888236045902,0.5834994372923541,0.0618640817110272,0.5740364952538046,-12.148097490670775,0.015146220684291346,0.13240912983262917
VRPL,permuted_R45A,full,69,100.0,1000,0.287,0.541,0.703,12.41441707754198,0.5803597999525871,0.0580666251988049,0.5702196012417504,-11.402400300135241,0.014675062180367576,0.12926949249286232
VRPL,permuted_R45A,permutable_only,69,100.0,1000,0.287,0.541,0.703,12.41441707754198,0.5803597999525871,0.0580666251988049,0.5702196012417504,-11.402400300135241,0.014675062180367576,0.12926949249286232
VRPL,permuted_R45A,full,70,100.0,1000,0.297,0.52,0.693,12.413405104160617,0.5718982118093947,0.049910293783250737,0.5620215211741497,-9.800761571135402,0.013663088799002585,0.12080790434966997
VRPL,permuted_R45A,permutable_only,70,100.0,1000,0.297,0.52,0.693,12.413405104160617,0.5718982118093947,0.049910293783250737,0.5620215211741497,-9.800761571135402,0.013663088799002585,0.12080790434966997
VRPL,permuted_R45A,full,71,100.0,1000,0.296,0.541,0.73,12.413088543891478,0.561779218182076,0.04735887245572723,0.5594570402496446,-9.299745243578318,0.013346528529864014,0.11068891072235124
VRPL,permuted_R45A,permutable_only,71,100.0,1000,0.296,0.541,0.73,12.413088543891478,0.561779218182076,0.04735887245572723,0.5594570402496446,-9.299745243578318,0.013346528529864014,0.11068891072235124
VRPL,permuted_R45A,full,72,100.0,1000,0.294,0.541,0.71,12.414789181232653,0.5828106973990405,0.061065716951591575,0.5732340440183892,-11.991324567473285,0.015047165871037936,0.13172038993931562
VRPL,permuted_R45A,permutable_only,72,100.0,1000,0.294,0.541,0.71,12.414789181232653,0.5828106973990405,0.061065716951591575,0.5732340440183892,-11.991324567473285,0.015047165871037936,0.13172038993931562
VRPL,permuted_R45A,full,73,100.0,1000,0.301,0.546,0.707,12.413404745578596,0.5695692593615024,0.049907403673832285,0.5620186162715424,-9.800194047460494,0.013662730216982947,0.11847895190177758
VRPL,permuted_R45A,permutable_only,73,100.0,1000,0.301,0.546,0.707,12.413404745578596,0.5695692593615024,0.049907403673832285,0.5620186162715424,-9.800194047460494,0.013662730216982947,0.11847895190177758
VRPL,permuted_R45A,full,74,100.0,1000,0.275,0.514,0.69,12.414492840766927,0.5781364588630925,0.05867726376218574,0.5708333653937858,-11.52230989216986,0.01475082540531386,0.12704615140336767
VRPL,permuted_R45A,permutable_only,74,100.0,1000,0.275,0.514,0.69,12.414492840766927,0.5781364588630925,0.05867726376218574,0.5708333653937858,-11.52230989216986,0.01475082540531386,0.12704615140336767
VRPL,permuted_R45A,full,75,100.0,1000,0.287,0.519,0.692,12.413658249377967,0.5696648221855991,0.05195060069942414,0.5640722715187563,-10.201411619482188,0.013916234016353706,0.11857451472587424
VRPL,permuted_R45A,permutable_only,75,100.0,1000,0.287,0.519,0.692,12.413658249377967,0.5696648221855991,0.05195060069942414,0.5640722715187563,-10.201411619482188,0.013916234016353706,0.11857451472587424
VRPL,permuted_R45A,full,76,100.0,1000,0.294,0.52,0.68,12.416729371070792,0.5967106608910683,0.0767033133749706,0.5889516823795571,-15.062040896187273,0.01698735570917933,0.14562035343134355
VRPL,permuted_R45A,permutable_only,76,100.0,1000,0.294,0.52,0.68,12.416729371070792,0.5967106608910683,0.0767033133749706,0.5889516823795571,-15.062040896187273,0.01698735570917933,0.14562035343134355
VRPL,permuted_R45A,full,77,100.0,1000,0.305,0.52,0.699,12.414940758228527,0.5803808238410245,0.06228740147025125,0.5744619817996233,-12.231223750088342,0.015198742866914791,0.12929051638129968
VRPL,permuted_R45A,permutable_only,77,100.0,1000,0.305,0.52,0.699,12.414940758228527,0.5803808238410245,0.06228740147025125,0.5744619817996233,-12.231223750088342,0.015198742866914791,0.12929051638129968
VRPL,permuted_R45A,full,78,100.0,1000,0.274,0.514,0.692,12.416084466934327,0.5799440097178441,0.07150549694505681,0.5837272606269428,-14.041358474617386,0.016342451572715133,0.12885370225811935
VRPL,permuted_R45A,permutable_only,78,100.0,1000,0.274,0.514,0.692,12.416084466934327,0.5799440097178441,0.07150549694505681,0.5837272606269428,-14.041358474617386,0.016342451572715133,0.12885370225811935
VRPL,permuted_R45A,full,79,100.0,1000,0.296,0.523,0.689,12.41324592781074,0.5695748794680394,0.04862735977824162,0.5607320203975696,-9.548834977611444,0.013503912449126168,0.11848457200831466
VRPL,permuted_R45A,permutable_only,79,100.0,1000,0.296,0.523,0.689,12.41324592781074,0.5695748794680394,0.04862735977824162,0.5607320203975696,-9.548834977611444,0.013503912449126168,0.11848457200831466
VRPL,permuted_R45A,full,80,100.0,1000,0.296,0.52,0.684,12.413205950260414,0.5644316066766527,0.04830514759792681,0.5604081589556387,-9.485562964659247,0.013463934898800243,0.11334129921692787
VRPL,permuted_R45A,permutable_only,80,100.0,1000,0.296,0.52,0.684,12.413205950260414,0.5644316066766527,0.04830514759792681,0.5604081589556387,-9.485562964659247,0.013463934898800243,0.11334129921692787
VRPL,permuted_R45A,full,81,100.0,1000,0.289,0.532,0.707,12.414821866512312,0.5750179119812553,0.06132915468446409,0.5734988301724586,-12.043055186810994,0.015079851150699408,0.12392760452153055
VRPL,permuted_R45A,permutable_only,81,100.0,1000,0.289,0.532,0.707,12.414821866512312,0.5750179119812553,0.06132915468446409,0.5734988301724586,-12.043055186810994,0.015079851150699408,0.12392760452153055
VRPL,permuted_R45A,full,82,100.0,1000,0.272,0.513,0.687,12.41893090200429,0.6091045787161274,0.09444727408172149,0.606786466571041,-18.54637879589671,0.01918888664267714,0.15801427125640266
VRPL,permuted_R45A,permutable_only,82,100.0,1000,0.272,0.513,0.687,12.41893090200429,0.6091045787161274,0.09444727408172149,0.606786466571041,-18.54637879589671,0.01918888664267714,0.15801427125640266
VRPL,permuted_R45A,full,83,100.0,1000,0.292,0.53,0.697,12.41549674749398,0.5931442393991478,0.06676857933129998,0.5789660968275934,-13.111181619394694,0.015754732132366982,0.14205393193942295
VRPL,permuted_R45A,permutable_only,83,100.0,1000,0.292,0.53,0.697,12.41549674749398,0.5931442393991478,0.06676857933129998,0.5789660968275934,-13.111181619394694,0.015754732132366982,0.14205393193942295
VRPL,permuted_R45A,full,84,100.0,1000,0.293,0.529,0.697,12.41187853527051,0.5561440613466779,0.03760641106687057,0.5496546603255492,-7.38467839947361,0.012136519908897846,0.10505375388695311
VRPL,permuted_R45A,permutable_only,84,100.0,1000,0.293,0.529,0.697,12.41187853527051,0.5561440613466779,0.03760641106687057,0.5496546603255492,-7.38467839947361,0.012136519908897846,0.10505375388695311
VRPL,permuted_R45A,full,85,100.0,1000,0.296,0.532,0.691,12.414559105873339,0.5797406627886926,0.059211349123655665,0.5713701845019514,-11.627186920325999,0.014817090511725623,0.12865035532896774
VRPL,permuted_R45A,permutable_only,85,100.0,1000,0.296,0.532,0.691,12.414559105873339,0.5797406627886926,0.059211349123655665,0.5713701845019514,-11.627186920325999,0.014817090511725623,0.12865035532896774
VRPL,permuted_R45A,full,86,100.0,1000,0.282,0.518,0.707,12.417582020759498,0.6038396102454248,0.08357552322804107,0.595859068034521,-16.4115198339261,0.017840005397885543,0.15274930278569998
VRPL,permuted_R45A,permutable_only,86,100.0,1000,0.282,0.518,0.707,12.417582020759498,0.6038396102454248,0.08357552322804107,0.595859068034521,-16.4115198339261,0.017840005397885543,0.15274930278569998
VRPL,permuted_R45A,full,87,100.0,1000,0.285,0.512,0.686,12.415072051048595,0.5828152639899854,0.06334559902039238,0.5755255957948568,-12.439019398999314,0.015330035686982955,0.13172495653026053
VRPL,permuted_R45A,permutable_only,87,100.0,1000,0.285,0.512,0.686,12.415072051048595,0.5828152639899854,0.06334559902039238,0.5755255957948568,-12.439019398999314,0.015330035686982955,0.13172495653026053
VRPL,permuted_R45A,full,88,100.0,1000,0.28,0.52,0.699,12.41877762460724,0.6134495095388108,0.09321188462201313,0.6055447536992276,-18.3037884077332,0.019035609245627333,0.1623592020790861
VRPL,permuted_R45A,permutable_only,88,100.0,1000,0.28,0.52,0.699,12.41877762460724,0.6134495095388108,0.09321188462201313,0.6055447536992276,-18.3037884077332,0.019035609245627333,0.1623592020790861
VRPL,permuted_R45A,full,89,100.0,1000,0.281,0.527,0.692,12.41539493703849,0.5834058471090077,0.06594800456931615,0.5781413219064335,-12.95004737265143,0.015652921676877783,0.132315539649283
VRPL,permuted_R45A,permutable_only,89,100.0,1000,0.281,0.527,0.692,12.41539493703849,0.5834058471090077,0.06594800456931615,0.5781413219064335,-12.95004737265143,0.015652921676877783,0.132315539649283
VRPL,permuted_R45A,full,90,100.0,1000,0.274,0.535,0.692,12.418747366429251,0.6119127891547536,0.09296800891118728,0.6052996296965318,-18.255899134529802,0.019005351067638614,0.16082248169502875
VRPL,permuted_R45A,permutable_only,90,100.0,1000,0.274,0.535,0.692,12.418747366429251,0.6119127891547536,0.09296800891118728,0.6052996296965318,-18.255899134529802,0.019005351067638614,0.16082248169502875
VRPL,permuted_R45A,full,91,100.0,1000,0.287,0.544,0.689,12.412682716846197,0.5672994700231071,0.04408797626451744,0.5561694017879093,-8.657447407520683,0.012940701484583537,0.11620916256338225
VRPL,permuted_R45A,permutable_only,91,100.0,1000,0.287,0.544,0.689,12.412682716846197,0.5672994700231071,0.04408797626451744,0.5561694017879093,-8.657447407520683,0.012940701484583537,0.11620916256338225
VRPL,permuted_R45A,full,92,100.0,1000,0.287,0.531,0.7,12.414507801055745,0.5777948166547408,0.058797841117197436,0.5709545599309473,-11.545987370657397,0.014765785694130762,0.126704509195016
VRPL,permuted_R45A,permutable_only,92,100.0,1000,0.287,0.531,0.7,12.414507801055745,0.5777948166547408,0.058797841117197436,0.5709545599309473,-11.545987370657397,0.014765785694130762,0.126704509195016
VRPL,permuted_R45A,full,93,100.0,1000,0.291,0.527,0.689,12.416663077831421,0.5962141045055424,0.07616900126667936,0.5884146353639874,-14.957119342317668,0.016921062469809324,0.14512379704581752
VRPL,permuted_R45A,permutable_only,93,100.0,1000,0.291,0.527,0.689,12.416663077831421,0.5962141045055424,0.07616900126667936,0.5884146353639874,-14.957119342317668,0.016921062469809324,0.14512379704581752
VRPL,permuted_R45A,full,94,100.0,1000,0.281,0.52,0.686,12.4142683119775,0.583690572146342,0.056867600333654345,0.5690144390987806,-11.1669507379219,0.014526296615886622,0.13260026468661712
VRPL,permuted_R45A,permutable_only,94,100.0,1000,0.281,0.52,0.686,12.4142683119775,0.583690572146342,0.056867600333654345,0.5690144390987806,-11.1669507379219,0.014526296615886622,0.13260026468661712
VRPL,permuted_R45A,full,95,100.0,1000,0.292,0.519,0.675,12.41230980205526,0.5523915642789995,0.04108234718309678,0.5531483882209587,-8.067239421045056,0.012567786693647548,0.10130125681927458
VRPL,permuted_R45A,permutable_only,95,100.0,1000,0.292,0.519,0.675,12.41230980205526,0.5523915642789995,0.04108234718309678,0.5531483882209587,-8.067239421045056,0.012567786693647548,0.10130125681927458
VRPL,permuted_R45A,full,96,100.0,1000,0.294,0.531,0.694,12.413930704593502,0.5694340688153398,0.054146542880051385,0.5662794537558913,-10.632623381723949,0.014188689231889786,0.11834376135561492
VRPL,permuted_R45A,permutable_only,96,100.0,1000,0.294,0.531,0.694,12.413930704593502,0.5694340688153398,0.054146542880051385,0.5662794537558913,-10.632623381723949,0.014188689231889786,0.11834376135561492
VRPL,permuted_R45A,full,97,100.0,1000,0.284,0.529,0.699,12.416313202857756,0.5903467108941688,0.07334906915010819,0.5855802692624978,-14.403376211866117,0.016571187496144894,0.13925640343444395
VRPL,permuted_R45A,permutable_only,97,100.0,1000,0.284,0.529,0.699,12.416313202857756,0.5903467108941688,0.07334906915010819,0.5855802692624978,-14.403376211866117,0.016571187496144894,0.13925640343444395
VRPL,permuted_R45A,full,98,100.0,1000,0.272,0.525,0.695,12.412961488723704,0.5597726474109419,0.046334829654304244,0.5584277558261519,-9.098656478623441,0.013219473362090815,0.10868233995121708
VRPL,permuted_R45A,permutable_only,98,100.0,1000,0.272,0.525,0.695,12.412961488723704,0.5597726474109419,0.046334829654304244,0.5584277558261519,-9.098656478623441,0.013219473362090815,0.10868233995121708
VRPL,permuted_R45A,full,99,100.0,1000,0.283,0.509,0.69,12.417297859669075,0.6012929116689218,0.0812852337089831,0.5935570555366754,-15.961781317005952,0.017555844307462,0.1502026042091971
VRPL,permuted_R45A,permutable_only,99,100.0,1000,0.283,0.509,0.69,12.417297859669075,0.6012929116689218,0.0812852337089831,0.5935570555366754,-15.961781317005952,0.017555844307462,0.1502026042091971
VRPTW,R45A,full,-1,100.0,1000,0.47,0.766,0.929,17.885999235630333,1.3734615275921769,-4.132915539652348,1.2782814835548217,77.3534176592563,0.0,0.0
VRPTW,R45A,permutable_only,-1,100.0,1000,0.47,0.766,0.929,17.885999235630333,1.3734615275921769,-4.132915539652348,1.2782814835548217,77.3534176592563,0.0,0.0
VRPTW,conditional_majority,full,-1,100.0,1000,0.245,0.496,0.741,18.605184297560935,4.967293987481458,-0.27815885726497624,5.350619080208441,5.206140327621908,0.7191850619306019,3.5938324598892817
VRPTW,conditional_majority,permutable_only,-1,100.0,1000,0.245,0.496,0.741,18.605184297560935,4.967293987481458,-0.27815885726497624,5.350619080208441,5.206140327621908,0.7191850619306019,3.5938324598892817
VRPTW,conditional_mean_gap,full,-1,100.0,1000,0.272,0.498,0.709,18.46713154792822,4.596779810978449,-1.0181071506014994,4.568904564140008,19.055329557733323,0.5811323122978898,3.223318283386272
VRPTW,conditional_mean_gap,permutable_only,-1,100.0,1000,0.272,0.498,0.709,18.46713154792822,4.596779810978449,-1.0181071506014994,4.568904564140008,19.055329557733323,0.5811323122978898,3.223318283386272
VRPTW,permuted_R45A,full,0,100.0,1000,0.239,0.447,0.59,18.6452584233288,5.341264790884212,-0.06336573617340413,5.577536152956619,1.1859802622338715,0.7592591876984688,3.967803263292034
VRPTW,permuted_R45A,permutable_only,0,100.0,1000,0.239,0.447,0.59,18.6452584233288,5.341264790884212,-0.06336573617340413,5.577536152956619,1.1859802622338715,0.7592591876984688,3.967803263292034
VRPTW,permuted_R45A,full,1,100.0,1000,0.256,0.447,0.605,18.655030142785392,5.412853742431727,-0.010990342317762636,5.632867864686286,0.20569995475770825,0.769030907155059,4.039392214839549
VRPTW,permuted_R45A,permutable_only,1,100.0,1000,0.256,0.447,0.605,18.655030142785392,5.412853742431727,-0.010990342317762636,5.632867864686286,0.20569995475770825,0.769030907155059,4.039392214839549
VRPTW,permuted_R45A,full,2,100.0,1000,0.243,0.45,0.619,18.654176527977427,5.357581825712359,-0.015565628373281903,5.628034327590559,0.2913329684904513,0.7681772923470966,3.9841202981201813
VRPTW,permuted_R45A,permutable_only,2,100.0,1000,0.243,0.45,0.619,18.654176527977427,5.357581825712359,-0.015565628373281903,5.628034327590559,0.2913329684904513,0.7681772923470966,3.9841202981201813
VRPTW,permuted_R45A,full,3,100.0,1000,0.222,0.443,0.59,18.7351889958387,5.68001379893301,0.4186527228903447,6.0867620405710365,-7.8356837000947515,0.8491897602083661,4.306552271340833
VRPTW,permuted_R45A,permutable_only,3,100.0,1000,0.222,0.443,0.59,18.7351889958387,5.68001379893301,0.4186527228903447,6.0867620405710365,-7.8356837000947515,0.8491897602083661,4.306552271340833
VRPTW,permuted_R45A,full,4,100.0,1000,0.236,0.457,0.615,18.653669103622605,5.445140364293454,-0.01828536982245721,5.6251610709185496,0.3422368145101507,0.767669867992266,4.071678836701277
VRPTW,permuted_R45A,permutable_only,4,100.0,1000,0.236,0.457,0.615,18.653669103622605,5.445140364293454,-0.01828536982245721,5.6251610709185496,0.3422368145101507,0.767669867992266,4.071678836701277
VRPTW,permuted_R45A,full,5,100.0,1000,0.23,0.435,0.591,18.666990096092732,5.521446264861583,0.05311375601924073,5.700590305106501,-0.9940998100228691,0.7809908604624005,4.1479847372694065
VRPTW,permuted_R45A,permutable_only,5,100.0,1000,0.23,0.435,0.591,18.666990096092732,5.521446264861583,0.05311375601924073,5.700590305106501,-0.9940998100228691,0.7809908604624005,4.1479847372694065
VRPTW,permuted_R45A,full,6,100.0,1000,0.24,0.439,0.603,18.727346408367687,5.753247255468367,0.37661727462903194,6.042353910447318,-7.0489302436895915,0.8413471727373534,4.3797857278761905
VRPTW,permuted_R45A,permutable_only,6,100.0,1000,0.24,0.439,0.603,18.727346408367687,5.753247255468367,0.37661727462903194,6.042353910447318,-7.0489302436895915,0.8413471727373534,4.3797857278761905
VRPTW,permuted_R45A,full,7,100.0,1000,0.25,0.451,0.613,18.64570977115657,5.398735499817,-0.06094655904185231,5.580091880022553,1.1407019067355704,0.7597105355262381,4.025273972224822
VRPTW,permuted_R45A,permutable_only,7,100.0,1000,0.25,0.451,0.613,18.64570977115657,5.398735499817,-0.06094655904185231,5.580091880022553,1.1407019067355704,0.7597105355262381,4.025273972224822
VRPTW,permuted_R45A,full,8,100.0,1000,0.22,0.431,0.593,18.72125934076307,5.801025655999001,0.34399122916854985,6.007886294847631,-6.438287200815671,0.8352601051327379,4.427564128406825
VRPTW,permuted_R45A,permutable_only,8,100.0,1000,0.22,0.431,0.593,18.72125934076307,5.801025655999001,0.34399122916854985,6.007886294847631,-6.438287200815671,0.8352601051327379,4.427564128406825
VRPTW,permuted_R45A,full,9,100.0,1000,0.245,0.46,0.623,18.728045541763898,5.725727885749579,0.38036455648120526,6.046312706820012,-7.119065976059788,0.8420463061335646,4.352266358157403
VRPTW,permuted_R45A,permutable_only,9,100.0,1000,0.245,0.46,0.623,18.728045541763898,5.725727885749579,0.38036455648120526,6.046312706820012,-7.119065976059788,0.8420463061335646,4.352266358157403
VRPTW,permuted_R45A,full,10,100.0,1000,0.224,0.441,0.603,18.660076550483915,5.472395464578464,0.016057874932062788,5.661442812758155,-0.3005460659485802,0.7740773148535829,4.098933936986287
VRPTW,permuted_R45A,permutable_only,10,100.0,1000,0.224,0.441,0.603,18.660076550483915,5.472395464578464,0.016057874932062788,5.661442812758155,-0.3005460659485802,0.7740773148535829,4.098933936986287
VRPTW,permuted_R45A,full,11,100.0,1000,0.239,0.421,0.593,18.748059020996376,5.903813718285947,0.48763471112278634,6.159637702335741,-9.126780141702234,0.8620597853660459,4.53035219069377
VRPTW,permuted_R45A,permutable_only,11,100.0,1000,0.239,0.421,0.593,18.748059020996376,5.903813718285947,0.48763471112278634,6.159637702335741,-9.126780141702234,0.8620597853660459,4.53035219069377
VRPTW,permuted_R45A,full,12,100.0,1000,0.248,0.439,0.592,18.72746211385876,5.8037339361059255,0.37723744395472547,6.043009085097584,-7.060537598451395,0.8414628782284304,4.430272408513749
VRPTW,permuted_R45A,permutable_only,12,100.0,1000,0.248,0.439,0.592,18.72746211385876,5.8037339361059255,0.37723744395472547,6.043009085097584,-7.060537598451395,0.8414628782284304,4.430272408513749
VRPTW,permuted_R45A,full,13,100.0,1000,0.253,0.435,0.601,18.747099411965078,5.759445356433719,0.4824913071205472,6.154203979997641,-9.030513989113967,0.8611001763347441,4.3859838288415425
VRPTW,permuted_R45A,permutable_only,13,100.0,1000,0.253,0.435,0.601,18.747099411965078,5.759445356433719,0.4824913071205472,6.154203979997641,-9.030513989113967,0.8611001763347441,4.3859838288415425
VRPTW,permuted_R45A,full,14,100.0,1000,0.24,0.457,0.624,18.680822721958968,5.447287938428221,0.12725518333100982,5.77891662938288,-2.381762523590701,0.7948234863286363,4.073826410836044
VRPTW,permuted_R45A,permutable_only,14,100.0,1000,0.24,0.457,0.624,18.680822721958968,5.447287938428221,0.12725518333100982,5.77891662938288,-2.381762523590701,0.7948234863286363,4.073826410836044
VRPTW,permuted_R45A,full,15,100.0,1000,0.237,0.451,0.601,18.686335007666816,5.437287780602952,0.15680045796522268,5.810129580707701,-2.9347445399686922,0.8003357720364848,4.063826253010775
VRPTW,permuted_R45A,permutable_only,15,100.0,1000,0.237,0.451,0.601,18.686335007666816,5.437287780602952,0.15680045796522268,5.810129580707701,-2.9347445399686922,0.8003357720364848,4.063826253010775
VRPTW,permuted_R45A,full,16,100.0,1000,0.237,0.435,0.588,18.74192532920862,5.779373663636194,0.4547587649190499,6.124906080398951,-8.511459849467478,0.8559260935782893,4.405912136044017
VRPTW,permuted_R45A,permutable_only,16,100.0,1000,0.237,0.435,0.588,18.74192532920862,5.779373663636194,0.4547587649190499,6.124906080398951,-8.511459849467478,0.8559260935782893,4.405912136044017
VRPTW,permuted_R45A,full,17,100.0,1000,0.255,0.459,0.611,18.63253923702304,5.236875653972142,-0.1315392439421137,5.505514606162043,2.4619448371531485,0.746540001392707,3.8634141263799653
VRPTW,permuted_R45A,permutable_only,17,100.0,1000,0.255,0.459,0.611,18.63253923702304,5.236875653972142,-0.1315392439421137,5.505514606162043,2.4619448371531485,0.746540001392707,3.8634141263799653
VRPTW,permuted_R45A,full,18,100.0,1000,0.235,0.42,0.576,18.772169650078528,5.91154388485416,0.616865160266844,6.296162536467653,-11.54551258639537,0.886170414448196,4.538082357261984
VRPTW,permuted_R45A,permutable_only,18,100.0,1000,0.235,0.42,0.576,18.772169650078528,5.91154388485416,0.616865160266844,6.296162536467653,-11.54551258639537,0.886170414448196,4.538082357261984
VRPTW,permuted_R45A,full,19,100.0,1000,0.272,0.466,0.616,18.647656044484396,5.425102648129975,-0.05051473764661196,5.591112523339303,0.9454554688176565,0.7616568088540635,4.0516411205377985
VRPTW,permuted_R45A,permutable_only,19,100.0,1000,0.272,0.466,0.616,18.647656044484396,5.425102648129975,-0.05051473764661196,5.591112523339303,0.9454554688176565,0.7616568088540635,4.0516411205377985
VRPTW,permuted_R45A,full,20,100.0,1000,0.254,0.461,0.634,18.644983879089413,5.381695507704442,-0.06483726457049421,5.575981564454735,1.2135220180731994,0.75898464345908,4.008233980112264
VRPTW,permuted_R45A,permutable_only,20,100.0,1000,0.254,0.461,0.634,18.644983879089413,5.381695507704442,-0.06483726457049421,5.575981564454735,1.2135220180731994,0.75898464345908,4.008233980112264
VRPTW,permuted_R45A,full,21,100.0,1000,0.236,0.412,0.57,18.726497444629093,5.741258753327222,0.37206691781868084,6.037546709722652,-6.963763816388617,0.8404982089987599,4.367797225735044
VRPTW,permuted_R45A,permutable_only,21,100.0,1000,0.236,0.412,0.57,18.726497444629093,5.741258753327222,0.37206691781868084,6.037546709722652,-6.963763816388617,0.8404982089987599,4.367797225735044
VRPTW,permuted_R45A,full,22,100.0,1000,0.233,0.446,0.623,18.683574166775255,5.550611398254772,0.14200263965795656,5.794496502719526,-2.6577822335808556,0.7975749311449205,4.1771498706625945
VRPTW,permuted_R45A,permutable_only,22,100.0,1000,0.233,0.446,0.623,18.683574166775255,5.550611398254772,0.14200263965795656,5.794496502719526,-2.6577822335808556,0.7975749311449205,4.1771498706625945
VRPTW,permuted_R45A,full,23,100.0,1000,0.242,0.437,0.582,18.771441477299902,5.954354525914077,0.6129622303633786,6.292039306522779,-11.472463678421912,0.8854422416695658,4.580892998321899
VRPTW,permuted_R45A,permutable_only,23,100.0,1000,0.242,0.437,0.582,18.771441477299902,5.954354525914077,0.6129622303633786,6.292039306522779,-11.472463678421912,0.8854422416695658,4.580892998321899
VRPTW,permuted_R45A,full,24,100.0,1000,0.236,0.436,0.601,18.6947144699107,5.593647272506389,0.2017134988349989,5.857577728537544,-3.775356252309537,0.8087152342803687,4.220185744914213
VRPTW,permuted_R45A,permutable_only,24,100.0,1000,0.236,0.436,0.601,18.6947144699107,5.593647272506389,0.2017134988349989,5.857577728537544,-3.775356252309537,0.8087152342803687,4.220185744914213
VRPTW,permuted_R45A,full,25,100.0,1000,0.256,0.45,0.621,18.672932504176693,5.47784404967672,0.08496444158496708,5.734238795788449,-1.590230884965323,0.786933268546363,4.104382522084543
VRPTW,permuted_R45A,permutable_only,25,100.0,1000,0.256,0.45,0.621,18.672932504176693,5.47784404967672,0.08496444158496708,5.734238795788449,-1.590230884965323,0.786933268546363,4.104382522084543
VRPTW,permuted_R45A,full,26,100.0,1000,0.246,0.464,0.618,18.739968009472825,5.810370898694229,0.4442677359329128,6.113822887531528,-8.31510525691525,0.8539687738424896,4.436909371102051
VRPTW,permuted_R45A,permutable_only,26,100.0,1000,0.246,0.464,0.618,18.739968009472825,5.810370898694229,0.4442677359329128,6.113822887531528,-8.31510525691525,0.8539687738424896,4.436909371102051
VRPTW,permuted_R45A,full,27,100.0,1000,0.245,0.447,0.602,18.669273590564718,5.501679912364427,0.06535304746317916,5.71352044073119,-1.2231756316386988,0.7832743549343857,4.12821838477225
VRPTW,permuted_R45A,permutable_only,27,100.0,1000,0.245,0.447,0.602,18.669273590564718,5.501679912364427,0.06535304746317916,5.71352044073119,-1.2231756316386988,0.7832743549343857,4.12821838477225
VRPTW,permuted_R45A,full,28,100.0,1000,0.249,0.45,0.618,18.672470018863468,5.445525472903151,0.08248556869672186,5.731620003451621,-1.5438352381126574,0.7864707832331341,4.072063945310974
VRPTW,permuted_R45A,permutable_only,28,100.0,1000,0.249,0.45,0.618,18.672470018863468,5.445525472903151,0.08248556869672186,5.731620003451621,-1.5438352381126574,0.7864707832331341,4.072063945310974
VRPTW,permuted_R45A,full,29,100.0,1000,0.248,0.437,0.601,18.70036641311775,5.613810287977452,0.23200732305230787,5.889581481166162,-4.342348443341645,0.8143671774874144,4.240348760385274
VRPTW,permuted_R45A,permutable_only,29,100.0,1000,0.248,0.437,0.601,18.70036641311775,5.613810287977452,0.23200732305230787,5.889581481166162,-4.342348443341645,0.8143671774874144,4.240348760385274
VRPTW,permuted_R45A,full,30,100.0,1000,0.258,0.444,0.622,18.631473083497184,5.4038729558275165,-0.1372537152872333,5.499477582707346,2.568899330759382,0.7454738478668517,4.03041142823534
VRPTW,permuted_R45A,permutable_only,30,100.0,1000,0.258,0.444,0.622,18.631473083497184,5.4038729558275165,-0.1372537152872333,5.499477582707346,2.568899330759382,0.7454738478668517,4.03041142823534
VRPTW,permuted_R45A,full,31,100.0,1000,0.255,0.457,0.61,18.637179865360938,5.352240399040537,-0.10666596160784358,5.531791855583479,1.9964058300042962,0.7511806297306055,3.9787788714483594
VRPTW,permuted_R45A,permutable_only,31,100.0,1000,0.255,0.457,0.61,18.637179865360938,5.352240399040537,-0.10666596160784358,5.531791855583479,1.9964058300042962,0.7511806297306055,3.9787788714483594
VRPTW,permuted_R45A,full,32,100.0,1000,0.237,0.452,0.6,18.69337908601809,5.588194961830803,0.19455598089410664,5.85001620603145,-3.641393080458256,0.8073798503877568,4.214733434238626
VRPTW,permuted_R45A,permutable_only,32,100.0,1000,0.237,0.452,0.6,18.69337908601809,5.588194961830803,0.19455598089410664,5.85001620603145,-3.641393080458256,0.8073798503877568,4.214733434238626
VRPTW,permuted_R45A,full,33,100.0,1000,0.259,0.451,0.61,18.650697814464426,5.311626940021076,-0.034211168819231474,5.608336343612752,0.640310890676501,0.7646985788340939,3.9381654124288987
VRPTW,permuted_R45A,permutable_only,33,100.0,1000,0.259,0.451,0.61,18.650697814464426,5.311626940021076,-0.034211168819231474,5.608336343612752,0.640310890676501,0.7646985788340939,3.9381654124288987
VRPTW,permuted_R45A,full,34,100.0,1000,0.245,0.438,0.611,18.69504843998075,5.548987990251829,0.20350354346660993,5.859468811854507,-3.808859494436931,0.8090492043504172,4.175526462659652
VRPTW,permuted_R45A,permutable_only,34,100.0,1000,0.245,0.438,0.611,18.69504843998075,5.548987990251829,0.20350354346660993,5.859468811854507,-3.808859494436931,0.8090492043504172,4.175526462659652
VRPTW,permuted_R45A,full,35,100.0,1000,0.243,0.455,0.61,18.636478838444997,5.438589748902996,-0.11042339252763655,5.527822337281196,2.066731516671864,0.7504796028146623,4.065128221310819
VRPTW,permuted_R45A,permutable_only,35,100.0,1000,0.243,0.455,0.61,18.636478838444997,5.438589748902996,-0.11042339252763655,5.527822337281196,2.066731516671864,0.7504796028146623,4.065128221310819
VRPTW,permuted_R45A,full,36,100.0,1000,0.22,0.42,0.598,18.72835452413646,5.747533194228523,0.38202066966877,6.04806229896131,-7.150062499908605,0.8423552885061285,4.374071666636345
VRPTW,permuted_R45A,permutable_only,36,100.0,1000,0.22,0.42,0.598,18.72835452413646,5.747533194228523,0.38202066966877,6.04806229896131,-7.150062499908605,0.8423552885061285,4.374071666636345
VRPTW,permuted_R45A,full,37,100.0,1000,0.238,0.433,0.598,18.742774274827134,5.920598109084718,0.4593090246076681,6.129713178519847,-8.596624458996528,0.856775039196802,4.547136581492541
VRPTW,permuted_R45A,permutable_only,37,100.0,1000,0.238,0.433,0.598,18.742774274827134,5.920598109084718,0.4593090246076681,6.129713178519847,-8.596624458996528,0.856775039196802,4.547136581492541
VRPTW,permuted_R45A,full,38,100.0,1000,0.243,0.448,0.602,18.64402519559925,5.4819802960697706,-0.06997570776906548,5.570553082931773,1.309695322135221,0.7580259599689186,4.108518768477594
VRPTW,permuted_R45A,permutable_only,38,100.0,1000,0.243,0.448,0.602,18.64402519559925,5.4819802960697706,-0.06997570776906548,5.570553082931773,1.309695322135221,0.7580259599689186,4.108518768477594
VRPTW,permuted_R45A,full,39,100.0,1000,0.235,0.435,0.591,18.6832757339477,5.528202832514122,0.14040307092779702,5.79280664667543,-2.6278440200190465,0.7972764983173654,4.154741304921945
VRPTW,permuted_R45A,permutable_only,39,100.0,1000,0.235,0.435,0.591,18.6832757339477,5.528202832514122,0.14040307092779702,5.79280664667543,-2.6278440200190465,0.7972764983173654,4.154741304921945
VRPTW,permuted_R45A,full,40,100.0,1000,0.213,0.412,0.59,18.67979882335752,5.609664145755354,0.12176719395950997,5.773118871628236,-2.2790469636207424,0.7937995877271863,4.236202618163176
VRPTW,permuted_R45A,permutable_only,40,100.0,1000,0.213,0.412,0.59,18.67979882335752,5.609664145755354,0.12176719395950997,5.773118871628236,-2.2790469636207424,0.7937995877271863,4.236202618163176
VRPTW,permuted_R45A,full,41,100.0,1000,0.223,0.423,0.593,18.715960826874394,5.72482148475911,0.315591749117794,5.977883812235829,-5.906750366686224,0.8299615912440613,4.351359957166933
VRPTW,permuted_R45A,permutable_only,41,100.0,1000,0.223,0.423,0.593,18.715960826874394,5.72482148475911,0.315591749117794,5.977883812235829,-5.906750366686224,0.8299615912440613,4.351359957166933
VRPTW,permuted_R45A,full,42,100.0,1000,0.253,0.444,0.595,18.65994813585355,5.496595361777668,0.015369585949565057,5.660715673451633,-0.28766375450924564,0.773948900223219,4.123133834185491
VRPTW,permuted_R45A,permutable_only,42,100.0,1000,0.253,0.444,0.595,18.65994813585355,5.496595361777668,0.015369585949565057,5.660715673451633,-0.28766375450924564,0.773948900223219,4.123133834185491
VRPTW,permuted_R45A,full,43,100.0,1000,0.265,0.463,0.62,18.66167829513632,5.458239474408537,0.0246430586756885,5.670512585357046,-0.4612300425335213,0.7756790595059859,4.08477794681636
VRPTW,permuted_R45A,permutable_only,43,100.0,1000,0.265,0.463,0.62,18.66167829513632,5.458239474408537,0.0246430586756885,5.670512585357046,-0.4612300425335213,0.7756790595059859,4.08477794681636
VRPTW,permuted_R45A,full,44,100.0,1000,0.225,0.466,0.615,18.723703920365946,5.7662459101833,0.35709392005942586,6.021728564315909,-6.683522776335736,0.8377046847356131,4.392784382591123
VRPTW,permuted_R45A,permutable_only,44,100.0,1000,0.225,0.466,0.615,18.723703920365946,5.7662459101833,0.35709392005942586,6.021728564315909,-6.683522776335736,0.8377046847356131,4.392784382591123
VRPTW,permuted_R45A,full,45,100.0,1000,0.237,0.446,0.612,18.639922314645137,5.307237355609786,-0.09196672039167852,5.547320792317745,1.7212885346813267,0.7539230790148033,3.933775828017608
VRPTW,permuted_R45A,permutable_only,45,100.0,1000,0.237,0.446,0.612,18.639922314645137,5.307237355609786,-0.09196672039167852,5.547320792317745,1.7212885346813267,0.7539230790148033,3.933775828017608
VRPTW,permuted_R45A,full,46,100.0,1000,0.219,0.42,0.596,18.645690105439176,5.350979432846339,-0.06105196522943057,5.579980524205319,1.1426747340952994,0.7596908698088413,3.9775179052541616
VRPTW,permuted_R45A,permutable_only,46,100.0,1000,0.219,0.42,0.596,18.645690105439176,5.350979432846339,-0.06105196522943057,5.579980524205319,1.1426747340952994,0.7596908698088413,3.9775179052541616
VRPTW,permuted_R45A,full,47,100.0,1000,0.241,0.418,0.563,18.709159580231333,5.649201328449412,0.2791377787370486,5.939372205314664,-5.224462241234152,0.8231603446009983,4.275739800857236
VRPTW,permuted_R45A,permutable_only,47,100.0,1000,0.241,0.418,0.563,18.709159580231333,5.649201328449412,0.2791377787370486,5.939372205314664,-5.224462241234152,0.8231603446009983,4.275739800857236
VRPTW,permuted_R45A,full,48,100.0,1000,0.222,0.418,0.57,18.7719613757139,6.006697832346221,0.6157488314645354,6.294983196725501,-11.52461889832915,0.8859621400835668,4.6332363047540435
VRPTW,permuted_R45A,permutable_only,48,100.0,1000,0.222,0.418,0.57,18.7719613757139,6.006697832346221,0.6157488314645354,6.294983196725501,-11.52461889832915,0.8859621400835668,4.6332363047540435
VRPTW,permuted_R45A,full,49,100.0,1000,0.251,0.453,0.608,18.634974749566723,5.258544159173564,-0.11848515153980443,5.519305534010477,2.217618851763301,0.7489755139363901,3.8850826315813864
VRPTW,permuted_R45A,permutable_only,49,100.0,1000,0.251,0.453,0.608,18.634974749566723,5.258544159173564,-0.11848515153980443,5.519305534010477,2.217618851763301,0.7489755139363901,3.8850826315813864
VRPTW,permuted_R45A,full,50,100.0,1000,0.26,0.455,0.617,18.666326583862624,5.41693535148193,0.04955739989027652,5.696833211218499,-0.9275375252751057,0.7803273482322909,4.043473823889753
VRPTW,permuted_R45A,permutable_only,50,100.0,1000,0.26,0.455,0.617,18.666326583862624,5.41693535148193,0.04955739989027652,5.696833211218499,-0.9275375252751057,0.7803273482322909,4.043473823889753
VRPTW,permuted_R45A,full,51,100.0,1000,0.226,0.427,0.601,18.774774267197884,5.967425981264165,0.6308256355010533,6.310911007732556,-11.806802821134779,0.8887750315675509,4.593964453671988
VRPTW,permuted_R45A,permutable_only,51,100.0,1000,0.226,0.427,0.601,18.774774267197884,5.967425981264165,0.6308256355010533,6.310911007732556,-11.806802821134779,0.8887750315675509,4.593964453671988
VRPTW,permuted_R45A,full,52,100.0,1000,0.237,0.432,0.577,18.739735754013708,5.850879650381518,0.4430228709733086,6.112507756436258,-8.291805831068238,0.8537365183833743,4.4774181227893415
VRPTW,permuted_R45A,permutable_only,52,100.0,1000,0.237,0.432,0.577,18.739735754013708,5.850879650381518,0.4430228709733086,6.112507756436258,-8.291805831068238,0.8537365183833743,4.4774181227893415
VRPTW,permuted_R45A,full,53,100.0,1000,0.263,0.468,0.617,18.698513158321294,5.654601050963722,0.22207407125254264,5.87908754909876,-4.156433447544775,0.8125139226909603,4.281139523371545
VRPTW,permuted_R45A,permutable_only,53,100.0,1000,0.263,0.468,0.617,18.698513158321294,5.654601050963722,0.22207407125254264,5.87908754909876,-4.156433447544775,0.8125139226909603,4.281139523371545
VRPTW,permuted_R45A,full,54,100.0,1000,0.247,0.443,0.613,18.677545713901992,5.5064079309530465,0.10969076302458358,5.7603607891390185,-2.053019309055644,0.7915464782716598,4.13294640336087
VRPTW,permuted_R45A,permutable_only,54,100.0,1000,0.247,0.443,0.613,18.677545713901992,5.5064079309530465,0.10969076302458358,5.7603607891390185,-2.053019309055644,0.7915464782716598,4.13294640336087
VRPTW,permuted_R45A,full,55,100.0,1000,0.252,0.432,0.594,18.67296780586418,5.569863568857072,0.08515365493622085,5.734438689246724,-1.5937722831007324,0.7869685702338481,4.1964020412648955
VRPTW,permuted_R45A,permutable_only,55,100.0,1000,0.252,0.432,0.594,18.67296780586418,5.569863568857072,0.08515365493622085,5.734438689246724,-1.5937722831007324,0.7869685702338481,4.1964020412648955
VRPTW,permuted_R45A,full,56,100.0,1000,0.246,0.462,0.639,18.635649176597664,5.272647636709169,-0.11487029322041487,5.523124432232485,2.149961614958921,0.749649940967331,3.8991861091169917
VRPTW,permuted_R45A,permutable_only,56,100.0,1000,0.246,0.462,0.639,18.635649176597664,5.272647636709169,-0.11487029322041487,5.523124432232485,2.149961614958921,0.749649940967331,3.8991861091169917
VRPTW,permuted_R45A,full,57,100.0,1000,0.224,0.426,0.587,18.75331741857622,5.897823095144797,0.5158191719556449,6.189413029016011,-9.654292584041615,0.8673181829458881,4.52436156755262
VRPTW,permuted_R45A,permutable_only,57,100.0,1000,0.224,0.426,0.587,18.75331741857622,5.897823095144797,0.5158191719556449,6.189413029016011,-9.654292584041615,0.8673181829458881,4.52436156755262
VRPTW,permuted_R45A,full,58,100.0,1000,0.226,0.414,0.569,18.735176038265585,5.794334816425632,0.41858327165422704,6.086688669174789,-7.834383821008524,0.8491768026352533,4.420873288833456
VRPTW,permuted_R45A,permutable_only,58,100.0,1000,0.226,0.414,0.569,18.735176038265585,5.794334816425632,0.41858327165422704,6.086688669174789,-7.834383821008524,0.8491768026352533,4.420873288833456
VRPTW,permuted_R45A,full,59,100.0,1000,0.253,0.474,0.625,18.715492352486628,5.68593746054326,0.313080775416652,5.975231107162604,-5.859753907268399,0.8294931168562935,4.312475932951084
VRPTW,permuted_R45A,permutable_only,59,100.0,1000,0.253,0.474,0.625,18.715492352486628,5.68593746054326,0.313080775416652,5.975231107162604,-5.859753907268399,0.8294931168562935,4.312475932951084
VRPTW,permuted_R45A,full,60,100.0,1000,0.261,0.451,0.6,18.68064510536343,5.514768990924788,0.12630317696324944,5.7779108872198615,-2.3639443646001443,0.7946458697330955,4.141307463332611
VRPTW,permuted_R45A,permutable_only,60,100.0,1000,0.261,0.451,0.6,18.68064510536343,5.514768990924788,0.12630317696324944,5.7779108872198615,-2.3639443646001443,0.7946458697330955,4.141307463332611
VRPTW,permuted_R45A,full,61,100.0,1000,0.243,0.446,0.613,18.67962173843489,5.503295906083793,0.12081803730290552,5.7721161400277055,-2.2612821410451476,0.7936225028045548,4.129834378491616
VRPTW,permuted_R45A,permutable_only,61,100.0,1000,0.243,0.446,0.613,18.67962173843489,5.503295906083793,0.12081803730290552,5.7721161400277055,-2.2612821410451476,0.7936225028045548,4.129834378491616
VRPTW,permuted_R45A,full,62,100.0,1000,0.231,0.427,0.604,18.627469817162396,5.292221397379162,-0.15871080397310555,5.476809353252166,2.9704993941881384,0.7414705815320639,3.918759869786985
VRPTW,permuted_R45A,permutable_only,62,100.0,1000,0.231,0.427,0.604,18.627469817162396,5.292221397379162,-0.15871080397310555,5.476809353252166,2.9704993941881384,0.7414705815320639,3.918759869786985
VRPTW,permuted_R45A,full,63,100.0,1000,0.241,0.443,0.603,18.660847205639218,5.544515710387367,0.020188505929530365,5.665806596336442,-0.37785672513757856,0.7748479700088818,4.17105418279519
VRPTW,permuted_R45A,permutable_only,63,100.0,1000,0.241,0.443,0.603,18.660847205639218,5.544515710387367,0.020188505929530365,5.665806596336442,-0.37785672513757856,0.7748479700088818,4.17105418279519
VRPTW,permuted_R45A,full,64,100.0,1000,0.25,0.444,0.596,18.67259427928948,5.506019842005548,0.08315159157856744,5.732323619852209,-1.556300807673883,0.7865950436591476,4.132558314413371
VRPTW,permuted_R45A,permutable_only,64,100.0,1000,0.25,0.444,0.596,18.67259427928948,5.506019842005548,0.08315159157856744,5.732323619852209,-1.556300807673883,0.7865950436591476,4.132558314413371
VRPTW,permuted_R45A,full,65,100.0,1000,0.255,0.454,0.623,18.670980273246766,5.5072851457339365,0.0745006880658261,5.7231844179459035,-1.3943867917374488,0.7849810376164309,4.13382361814176
VRPTW,permuted_R45A,permutable_only,65,100.0,1000,0.255,0.454,0.623,18.670980273246766,5.5072851457339365,0.0745006880658261,5.7231844179459035,-1.3943867917374488,0.7849810376164309,4.13382361814176
VRPTW,permuted_R45A,full,66,100.0,1000,0.23,0.429,0.596,18.68533582067566,5.598392310575227,0.15144492023926315,5.8044717508033195,-2.8345080017353776,0.7993365850453275,4.2249307829830505
VRPTW,permuted_R45A,permutable_only,66,100.0,1000,0.23,0.429,0.596,18.68533582067566,5.598392310575227,0.15144492023926315,5.8044717508033195,-2.8345080017353776,0.7993365850453275,4.2249307829830505
VRPTW,permuted_R45A,full,67,100.0,1000,0.247,0.445,0.611,18.706354311944498,5.695826619162228,0.2641018342396162,5.923487560154594,-4.943043063065171,0.8203550763141653,4.3223650915700516
VRPTW,permuted_R45A,permutable_only,67,100.0,1000,0.247,0.445,0.611,18.706354311944498,5.695826619162228,0.2641018342396162,5.923487560154594,-4.943043063065171,0.8203550763141653,4.3223650915700516
VRPTW,permuted_R45A,full,68,100.0,1000,0.253,0.458,0.612,18.687877102374923,5.500603596829018,0.16506592424867517,5.8188615894629425,-3.0894445476117407,0.8018778667445893,4.127142069236841
VRPTW,permuted_R45A,permutable_only,68,100.0,1000,0.253,0.458,0.612,18.687877102374923,5.500603596829018,0.16506592424867517,5.8188615894629425,-3.0894445476117407,0.8018778667445893,4.127142069236841
VRPTW,permuted_R45A,full,69,100.0,1000,0.241,0.442,0.604,18.704201208592952,5.599824831154472,0.2525614255582065,5.9112957555800705,-4.727047830613251,0.8182019729626224,4.226363303562295
VRPTW,permuted_R45A,permutable_only,69,100.0,1000,0.241,0.442,0.604,18.704201208592952,5.599824831154472,0.2525614255582065,5.9112957555800705,-4.727047830613251,0.8182019729626224,4.226363303562295
VRPTW,permuted_R45A,full,70,100.0,1000,0.252,0.466,0.605,18.661968883515314,5.45981305232006,0.026200581982327442,5.672158022732732,-0.4903813159379238,0.7759696478849789,4.086351524727883
VRPTW,permuted_R45A,permutable_only,70,100.0,1000,0.252,0.466,0.605,18.661968883515314,5.45981305232006,0.026200581982327442,5.672158022732732,-0.4903813159379238,0.7759696478849789,4.086351524727883
VRPTW,permuted_R45A,full,71,100.0,1000,0.241,0.448,0.6,18.662403457165095,5.539748618666885,0.028529851274972096,5.674618767131068,-0.5339769178092426,0.7764042215347629,4.166287091074708
VRPTW,permuted_R45A,permutable_only,71,100.0,1000,0.241,0.448,0.6,18.662403457165095,5.539748618666885,0.028529851274972096,5.674618767131068,-0.5339769178092426,0.7764042215347629,4.166287091074708
VRPTW,permuted_R45A,full,72,100.0,1000,0.239,0.431,0.595,18.690092195035753,5.605424477501968,0.17693858914178406,5.831404404379814,-3.3116584296508718,0.8040929594054191,4.23196294990979
VRPTW,permuted_R45A,permutable_only,72,100.0,1000,0.239,0.431,0.595,18.690092195035753,5.605424477501968,0.17693858914178406,5.831404404379814,-3.3116584296508718,0.8040929594054191,4.23196294990979
VRPTW,permuted_R45A,full,73,100.0,1000,0.25,0.433,0.596,18.730301558017732,5.730861904796331,0.39245656755091396,6.059087248861372,-7.345385235101625,0.8443023223873996,4.357400377204154
VRPTW,permuted_R45A,permutable_only,73,100.0,1000,0.25,0.433,0.596,18.730301558017732,5.730861904796331,0.39245656755091396,6.059087248861372,-7.345385235101625,0.8443023223873996,4.357400377204154
VRPTW,permuted_R45A,full,74,100.0,1000,0.215,0.447,0.607,18.701161054612324,5.716056650063223,0.23626651831853973,5.894081085795788,-4.422065366458028,0.81516181898199,4.342595122471045
VRPTW,permuted_R45A,permutable_only,74,100.0,1000,0.215,0.447,0.607,18.701161054612324,5.716056650063223,0.23626651831853973,5.894081085795788,-4.422065366458028,0.81516181898199,4.342595122471045
VRPTW,permuted_R45A,full,75,100.0,1000,0.231,0.446,0.603,18.64942115211517,5.338119525309344,-0.041053945431879235,5.601107327941679,0.7683832290024939,0.763421916484837,3.964657997717168
VRPTW,permuted_R45A,permutable_only,75,100.0,1000,0.231,0.446,0.603,18.64942115211517,5.338119525309344,-0.041053945431879235,5.601107327941679,0.7683832290024939,0.763421916484837,3.964657997717168
VRPTW,permuted_R45A,full,76,100.0,1000,0.243,0.432,0.601,18.680373294353547,5.5790659360690205,0.12484629839033534,5.776371775448341,-2.336676801145691,0.7943740587232136,4.205604408476844
VRPTW,permuted_R45A,permutable_only,76,100.0,1000,0.243,0.432,0.601,18.680373294353547,5.5790659360690205,0.12484629839033534,5.776371775448341,-2.336676801145691,0.7943740587232136,4.205604408476844
VRPTW,permuted_R45A,full,77,100.0,1000,0.239,0.457,0.617,18.708403191567303,5.601600010739726,0.27508361464008146,5.9350892047946635,-5.1485827693110675,0.8224039559369712,4.228138483147549
VRPTW,permuted_R45A,permutable_only,77,100.0,1000,0.239,0.457,0.617,18.708403191567303,5.601600010739726,0.27508361464008146,5.9350892047946635,-5.1485827693110675,0.8224039559369712,4.228138483147549
VRPTW,permuted_R45A,full,78,100.0,1000,0.22,0.446,0.61,18.683261556625745,5.58812724222859,0.1403270819654967,5.792726368532475,-2.626421778049594,0.7972623209954113,4.214665714636412
VRPTW,permuted_R45A,permutable_only,78,100.0,1000,0.22,0.446,0.61,18.683261556625745,5.58812724222859,0.1403270819654967,5.792726368532475,-2.626421778049594,0.7972623209954113,4.214665714636412
VRPTW,permuted_R45A,full,79,100.0,1000,0.231,0.444,0.617,18.713424261094307,5.647018489070384,0.3019960219417417,5.9635206771549765,-5.652286912850582,0.8274250254639767,4.273556961478207
VRPTW,permuted_R45A,permutable_only,79,100.0,1000,0.231,0.444,0.617,18.713424261094307,5.647018489070384,0.3019960219417417,5.9635206771549765,-5.652286912850582,0.8274250254639767,4.273556961478207
VRPTW,permuted_R45A,full,80,100.0,1000,0.238,0.425,0.589,18.73357705211739,5.8268834725485155,0.41001287320454605,6.077634516422581,-7.673976572318426,0.847577816487056,4.453421944956339
VRPTW,permuted_R45A,permutable_only,80,100.0,1000,0.238,0.425,0.589,18.73357705211739,5.8268834725485155,0.41001287320454605,6.077634516422581,-7.673976572318426,0.847577816487056,4.453421944956339
VRPTW,permuted_R45A,full,81,100.0,1000,0.229,0.424,0.587,18.652422102452118,5.477070473403605,-0.02496916562040319,5.618100009700155,0.467333599805564,0.7664228668217854,4.103608945811428
VRPTW,permuted_R45A,permutable_only,81,100.0,1000,0.229,0.424,0.587,18.652422102452118,5.477070473403605,-0.02496916562040319,5.618100009700155,0.467333599805564,0.7664228668217854,4.103608945811428
VRPTW,permuted_R45A,full,82,100.0,1000,0.229,0.433,0.617,18.696402102947047,5.559905880340322,0.21075903532989937,5.8671338384000515,-3.9446563881890677,0.810402867316714,4.186444352748144
VRPTW,permuted_R45A,permutable_only,82,100.0,1000,0.229,0.433,0.617,18.696402102947047,5.559905880340322,0.21075903532989937,5.8671338384000515,-3.9446563881890677,0.810402867316714,4.186444352748144
VRPTW,permuted_R45A,full,83,100.0,1000,0.235,0.439,0.603,18.65432143306818,5.459426260500487,-0.014788952248512288,5.628854843032616,0.27679636543411257,0.7683221974378455,4.08596473290831
VRPTW,permuted_R45A,permutable_only,83,100.0,1000,0.235,0.439,0.603,18.65432143306818,5.459426260500487,-0.014788952248512288,5.628854843032616,0.27679636543411257,0.7683221974378455,4.08596473290831
VRPTW,permuted_R45A,full,84,100.0,1000,0.24,0.419,0.587,18.6648923740386,5.51262639520689,0.041870185297354645,5.688712093446435,-0.7836603239776332,0.7788931384082706,4.139164867614713
VRPTW,permuted_R45A,permutable_only,84,100.0,1000,0.24,0.419,0.587,18.6648923740386,5.51262639520689,0.041870185297354645,5.688712093446435,-0.7836603239776332,0.7788931384082706,4.139164867614713
VRPTW,permuted_R45A,full,85,100.0,1000,0.25,0.463,0.606,18.71921543598311,5.728231434007668,0.3330361134052051,5.99631281992441,-6.233246561340533,0.8332162003527762,4.354769906415492
VRPTW,permuted_R45A,permutable_only,85,100.0,1000,0.25,0.463,0.606,18.71921543598311,5.728231434007668,0.3330361134052051,5.99631281992441,-6.233246561340533,0.8332162003527762,4.354769906415492
VRPTW,permuted_R45A,full,86,100.0,1000,0.233,0.426,0.589,18.76088940620329,5.876332722260428,0.5564042333667363,6.232288905514793,-10.413899978855195,0.874890170572955,4.502871194668251
VRPTW,permuted_R45A,permutable_only,86,100.0,1000,0.233,0.426,0.589,18.76088940620329,5.876332722260428,0.5564042333667363,6.232288905514793,-10.413899978855195,0.874890170572955,4.502871194668251
VRPTW,permuted_R45A,full,87,100.0,1000,0.239,0.445,0.606,18.686669916152482,5.5942952965344075,0.15859553240633595,5.812025977740687,-2.9683419221656884,0.8006706805221487,4.22083376894223
VRPTW,permuted_R45A,permutable_only,87,100.0,1000,0.239,0.445,0.606,18.686669916152482,5.5942952965344075,0.15859553240633595,5.812025977740687,-2.9683419221656884,0.8006706805221487,4.22083376894223
VRPTW,permuted_R45A,full,88,100.0,1000,0.244,0.451,0.616,18.65942729520912,5.467412013765166,0.012577934591861961,5.6577664479317225,-0.23541401183740646,0.7734280595787876,4.0939504861729885
VRPTW,permuted_R45A,permutable_only,88,100.0,1000,0.244,0.451,0.616,18.65942729520912,5.467412013765166,0.012577934591861961,5.6577664479317225,-0.23541401183740646,0.7734280595787876,4.0939504861729885
VRPTW,permuted_R45A,full,89,100.0,1000,0.235,0.453,0.611,18.710651640892557,5.650744445921469,0.2871350677643436,5.94782089960606,-5.374142928472008,0.8246524052622228,4.277282918329293
VRPTW,permuted_R45A,permutable_only,89,100.0,1000,0.235,0.453,0.611,18.710651640892557,5.650744445921469,0.2871350677643436,5.94782089960606,-5.374142928472008,0.8246524052622228,4.277282918329293
VRPTW,permuted_R45A,full,90,100.0,1000,0.243,0.445,0.611,18.635830262661067,5.371547886897359,-0.11389969086791352,5.524149820026625,2.1317954055521757,0.7498310270307318,3.998086359305182
VRPTW,permuted_R45A,permutable_only,90,100.0,1000,0.243,0.445,0.611,18.635830262661067,5.371547886897359,-0.11389969086791352,5.524149820026625,2.1317954055521757,0.7498310270307318,3.998086359305182
VRPTW,permuted_R45A,full,91,100.0,1000,0.24,0.434,0.588,18.729370975972497,5.728476044110104,0.38746874515684926,6.053817889901936,-7.252031014538128,0.8433717403421592,4.355014516517927
VRPTW,permuted_R45A,permutable_only,91,100.0,1000,0.24,0.434,0.588,18.729370975972497,5.728476044110104,0.38746874515684926,6.053817889901936,-7.252031014538128,0.8433717403421592,4.355014516517927
VRPTW,permuted_R45A,full,92,100.0,1000,0.221,0.43,0.599,18.71474182701078,5.770471525542894,0.3090580373948715,5.970981306555889,-5.784462619230397,0.8287425913804483,4.397009997950717
VRPTW,permuted_R45A,permutable_only,92,100.0,1000,0.221,0.43,0.599,18.71474182701078,5.770471525542894,0.3090580373948715,5.970981306555889,-5.784462619230397,0.8287425913804483,4.397009997950717
VRPTW,permuted_R45A,full,93,100.0,1000,0.237,0.419,0.579,18.710086578846674,5.700551678662008,0.2841063943218147,5.944621273340567,-5.317456978927303,0.8240873432163394,4.327090151069831
VRPTW,permuted_R45A,permutable_only,93,100.0,1000,0.237,0.419,0.579,18.710086578846674,5.700551678662008,0.2841063943218147,5.944621273340567,-5.317456978927303,0.8240873432163394,4.327090151069831
VRPTW,permuted_R45A,full,94,100.0,1000,0.241,0.454,0.614,18.691253787995485,5.62874018821789,0.18316460586651484,5.837981847283347,-3.428187225712531,0.8052545523651509,4.255278660625712
VRPTW,permuted_R45A,permutable_only,94,100.0,1000,0.241,0.454,0.614,18.691253787995485,5.62874018821789,0.18316460586651484,5.837981847283347,-3.428187225712531,0.8052545523651509,4.255278660625712
VRPTW,permuted_R45A,full,95,100.0,1000,0.248,0.456,0.607,18.646946243286596,5.362118515592757,-0.05431919779910199,5.587093321249381,1.0166613747503317,0.7609470076562612,3.9886569880005798
VRPTW,permuted_R45A,permutable_only,95,100.0,1000,0.248,0.456,0.607,18.646946243286596,5.362118515592757,-0.05431919779910199,5.587093321249381,1.0166613747503317,0.7609470076562612,3.9886569880005798
VRPTW,permuted_R45A,full,96,100.0,1000,0.248,0.459,0.615,18.682684332847355,5.588369598835553,0.13723322290923878,5.7894578772652805,-2.5685157866346975,0.7966850972170203,4.214908071243376
VRPTW,permuted_R45A,permutable_only,96,100.0,1000,0.248,0.459,0.615,18.682684332847355,5.588369598835553,0.13723322290923878,5.7894578772652805,-2.5685157866346975,0.7966850972170203,4.214908071243376
VRPTW,permuted_R45A,full,97,100.0,1000,0.234,0.429,0.604,18.702383790016263,5.643970146966103,0.24282025214676928,5.901004743724458,-4.5447278562132745,0.8163845543859275,4.270508619373926
VRPTW,permuted_R45A,permutable_only,97,100.0,1000,0.234,0.429,0.604,18.702383790016263,5.643970146966103,0.24282025214676928,5.901004743724458,-4.5447278562132745,0.8163845543859275,4.270508619373926
VRPTW,permuted_R45A,full,98,100.0,1000,0.237,0.432,0.589,18.753793904782107,5.892790211280355,0.5183730881636262,6.1921111004766605,-9.702092773812723,0.8677946691517749,4.519328683688178
VRPTW,permuted_R45A,permutable_only,98,100.0,1000,0.237,0.432,0.589,18.753793904782107,5.892790211280355,0.5183730881636262,6.1921111004766605,-9.702092773812723,0.8677946691517749,4.519328683688178
VRPTW,permuted_R45A,full,99,100.0,1000,0.221,0.428,0.604,18.725549095630953,5.76232620973642,0.3669838664160263,6.032176746573659,-6.868627248907217,0.839549860000617,4.388864682144243
VRPTW,permuted_R45A,permutable_only,99,100.0,1000,0.221,0.428,0.604,18.725549095630953,5.76232620973642,0.3669838664160263,6.032176746573659,-6.868627248907217,0.839549860000617,4.388864682144243
OVRPTW,R45A,full,-1,100.0,1000,0.51,0.933,1.0,10.0430023427015,0.8586059302170251,-0.05406504199202411,0.8483701461690307,6.041842603556237,0.0,0.0
OVRPTW,R45A,permutable_only,-1,100.0,1000,0.51,0.933,1.0,10.0430023427015,0.8586059302170251,-0.05406504199202411,0.8483701461690307,6.041842603556237,0.0,0.0
OVRPTW,conditional_majority,full,-1,100.0,1000,0.478,0.933,0.999,10.050652415751902,0.9585834626646902,0.022066942989051874,0.9251895446223957,-2.46601114822302,0.007650073050400001,0.09997753244766494
OVRPTW,conditional_majority,permutable_only,-1,100.0,1000,0.478,0.933,0.999,10.050652415751902,0.9585834626646902,0.022066942989051874,0.9251895446223957,-2.46601114822302,0.007650073050400001,0.09997753244766494
OVRPTW,conditional_mean_gap,full,-1,100.0,1000,0.472,0.933,0.99,10.0488067555425,0.9392654262757336,0.003699304612725385,0.9066560605495821,-0.4134023648022486,0.005804412841000003,0.08065949605870841
OVRPTW,conditional_mean_gap,permutable_only,-1,100.0,1000,0.472,0.933,0.99,10.0488067555425,0.9392654262757336,0.003699304612725385,0.9066560605495821,-0.4134023648022486,0.005804412841000003,0.08065949605870841
OVRPTW,permuted_R45A,full,0,100.0,1000,0.481,0.933,0.985,10.055145374298899,1.0053459872156045,0.06677996080821647,0.9703062867217671,-7.4627522223039575,0.012143031597400019,0.14674005699857942
OVRPTW,permuted_R45A,permutable_only,0,100.0,1000,0.481,0.933,0.985,10.055145374298899,1.0053459872156045,0.06677996080821647,0.9703062867217671,-7.4627522223039575,0.012143031597400019,0.14674005699857942
OVRPTW,permuted_R45A,full,1,100.0,1000,0.477,0.933,0.991,10.0524984493254,0.9994069821982304,0.0404382970096151,0.9437267778888758,-4.519035159983741,0.009496106623900002,0.14080105198120513
OVRPTW,permuted_R45A,permutable_only,1,100.0,1000,0.477,0.933,0.991,10.0524984493254,0.9994069821982304,0.0404382970096151,0.9437267778888758,-4.519035159983741,0.009496106623900002,0.14080105198120513
OVRPTW,permuted_R45A,full,2,100.0,1000,0.473,0.933,0.982,10.0594753828049,1.0577547405641423,0.10987133266504578,1.0137867406386558,-12.278272135683398,0.016473040103399998,0.1991488103471171
OVRPTW,permuted_R45A,permutable_only,2,100.0,1000,0.473,0.933,0.982,10.0594753828049,1.0577547405641423,0.10987133266504578,1.0137867406386558,-12.278272135683398,0.016473040103399998,0.1991488103471171
OVRPTW,permuted_R45A,full,3,100.0,1000,0.486,0.933,0.982,10.052194377899301,0.973730448433419,0.037412239468403996,0.9406733973674308,-4.18086907891517,0.009192035197799995,0.11512451821639383
OVRPTW,permuted_R45A,permutable_only,3,100.0,1000,0.486,0.933,0.982,10.052194377899301,0.973730448433419,0.037412239468403996,0.9406733973674308,-4.18086907891517,0.009192035197799995,0.11512451821639383
OVRPTW,permuted_R45A,full,4,100.0,1000,0.475,0.933,0.979,10.062942450522801,1.0945821625902408,0.14437489174070617,1.048601840407204,-16.13409219087506,0.0199401078213,0.23597623237321566
OVRPTW,permuted_R45A,permutable_only,4,100.0,1000,0.475,0.933,0.979,10.062942450522801,1.0945821625902408,0.14437489174070617,1.048601840407204,-16.13409219087506,0.0199401078213,0.23597623237321566
OVRPTW,permuted_R45A,full,5,100.0,1000,0.473,0.933,0.983,10.0553706736577,1.0181311752782327,0.06902209461367992,0.9725686652769738,-7.713313750595498,0.012368330956200012,0.15952524506120744
OVRPTW,permuted_R45A,permutable_only,5,100.0,1000,0.473,0.933,0.983,10.0553706736577,1.0181311752782327,0.06902209461367992,0.9725686652769738,-7.713313750595498,0.012368330956200012,0.15952524506120744
OVRPTW,permuted_R45A,full,6,100.0,1000,0.474,0.933,0.982,10.054354361533202,1.012059801694419,0.058907961207554926,0.9623632089982515,-6.5830454689167155,0.011352018831699997,0.15345387147739373
OVRPTW,permuted_R45A,permutable_only,6,100.0,1000,0.474,0.933,0.982,10.054354361533202,1.012059801694419,0.058907961207554926,0.9623632089982515,-6.5830454689167155,0.011352018831699997,0.15345387147739373
OVRPTW,permuted_R45A,full,7,100.0,1000,0.483,0.933,0.986,10.0552037239079,1.0171630112399495,0.06736064435552969,0.9708922133964348,-7.5276444052386,0.012201381206399999,0.1585570810229241
OVRPTW,permuted_R45A,permutable_only,7,100.0,1000,0.483,0.933,0.986,10.0552037239079,1.0171630112399495,0.06736064435552969,0.9708922133964348,-7.5276444052386,0.012201381206399999,0.1585570810229241
OVRPTW,permuted_R45A,full,8,100.0,1000,0.46,0.933,0.981,10.057211511611898,1.0429657714911178,0.08734174287823304,0.9910537259240959,-9.760559573198526,0.014209168910400003,0.18435984127409238
OVRPTW,permuted_R45A,permutable_only,8,100.0,1000,0.46,0.933,0.981,10.057211511611898,1.0429657714911178,0.08734174287823304,0.9910537259240959,-9.760559573198526,0.014209168910400003,0.18435984127409238
OVRPTW,permuted_R45A,full,9,100.0,1000,0.478,0.933,0.982,10.061576223372601,1.0896196495854609,0.1307784745307794,1.0348826579709591,-14.614673917476765,0.0185738806711,0.23101371936843565
OVRPTW,permuted_R45A,permutable_only,9,100.0,1000,0.478,0.933,0.982,10.061576223372601,1.0896196495854609,0.1307784745307794,1.0348826579709591,-14.614673917476765,0.0185738806711,0.23101371936843565
OVRPTW,permuted_R45A,full,10,100.0,1000,0.493,0.933,0.985,10.0535094099043,0.9721971212289094,0.05049917291266581,0.9538784957900726,-5.643351842639626,0.01050706720279999,0.11359119101188425
OVRPTW,permuted_R45A,permutable_only,10,100.0,1000,0.493,0.933,0.985,10.0535094099043,0.9721971212289094,0.05049917291266581,0.9538784957900726,-5.643351842639626,0.01050706720279999,0.11359119101188425
OVRPTW,permuted_R45A,full,11,100.0,1000,0.475,0.933,0.985,10.0557807188032,1.0161206721380853,0.07310278124936787,0.9766861973852903,-8.169336079605833,0.012778376101699995,0.15751474192106013
OVRPTW,permuted_R45A,permutable_only,11,100.0,1000,0.475,0.933,0.985,10.0557807188032,1.0161206721380853,0.07310278124936787,0.9766861973852903,-8.169336079605833,0.012778376101699995,0.15751474192106013
OVRPTW,permuted_R45A,full,12,100.0,1000,0.509,0.933,0.987,10.0453204469685,0.9081189962751871,-0.030995735584482542,0.8716477507317411,3.4638159683764407,0.0023181042669999908,0.0495130660581619
OVRPTW,permuted_R45A,permutable_only,12,100.0,1000,0.509,0.933,0.987,10.0453204469685,0.9081189962751871,-0.030995735584482542,0.8716477507317411,3.4638159683764407,0.0023181042669999908,0.0495130660581619
OVRPTW,permuted_R45A,full,13,100.0,1000,0.462,0.933,0.988,10.0630469894407,1.1092246230006386,0.14541524197984046,1.0496515842116194,-16.250352757146118,0.020044646739200003,0.25061869278361354
OVRPTW,permuted_R45A,permutable_only,13,100.0,1000,0.462,0.933,0.988,10.0630469894407,1.1092246230006386,0.14541524197984046,1.0496515842116194,-16.250352757146118,0.020044646739200003,0.25061869278361354
OVRPTW,permuted_R45A,full,14,100.0,1000,0.471,0.933,0.99,10.0613627586358,1.0922186933302365,0.12865411649798375,1.0327391186133683,-14.377273993332714,0.0183604159343,0.23361276311321125
OVRPTW,permuted_R45A,permutable_only,14,100.0,1000,0.471,0.933,0.99,10.0613627586358,1.0922186933302365,0.12865411649798375,1.0327391186133683,-14.377273993332714,0.0183604159343,0.23361276311321125
OVRPTW,permuted_R45A,full,15,100.0,1000,0.493,0.933,0.984,10.0504720706942,0.9802664832061138,0.0202721853267418,0.923378581674017,-2.2654445175942115,0.007469727992700004,0.12166055298908848
OVRPTW,permuted_R45A,permutable_only,15,100.0,1000,0.493,0.933,0.984,10.0504720706942,0.9802664832061138,0.0202721853267418,0.923378581674017,-2.2654445175942115,0.007469727992700004,0.12166055298908848
OVRPTW,permuted_R45A,full,16,100.0,1000,0.472,0.933,0.982,10.056065830230601,1.0246527323665027,0.07594015270526722,0.9795491881307239,-8.486416231821808,0.013063487529100002,0.1660468021494774
OVRPTW,permuted_R45A,permutable_only,16,100.0,1000,0.472,0.933,0.982,10.056065830230601,1.0246527323665027,0.07594015270526722,0.9795491881307239,-8.486416231821808,0.013063487529100002,0.1660468021494774
OVRPTW,permuted_R45A,full,17,100.0,1000,0.489,0.933,0.988,10.0558521890637,1.020237038307979,0.07381403887567473,0.9774038771228177,-8.248820094976947,0.01284984636219999,0.1616311080909539
OVRPTW,permuted_R45A,permutable_only,17,100.0,1000,0.489,0.933,0.988,10.0558521890637,1.020237038307979,0.07381403887567473,0.9774038771228177,-8.248820094976947,0.01284984636219999,0.1616311080909539
OVRPTW,permuted_R45A,full,18,100.0,1000,0.47,0.933,0.983,10.054805312634,1.0061892685000204,0.06339573566498391,0.9668915046193494,-7.084560420411099,0.01180296993250001,0.14758333828299527
OVRPTW,permuted_R45A,permutable_only,18,100.0,1000,0.47,0.933,0.983,10.054805312634,1.0061892685000204,0.06339573566498391,0.9668915046193494,-7.084560420411099,0.01180296993250001,0.14758333828299527
OVRPTW,permuted_R45A,full,19,100.0,1000,0.473,0.933,0.988,10.0554911093713,1.0136251028544143,0.07022064655932692,0.973778039228046,-7.8472535745741,0.01248876666980002,0.15501917263738915
OVRPTW,permuted_R45A,permutable_only,19,100.0,1000,0.473,0.933,0.988,10.0554911093713,1.0136251028544143,0.07022064655932692,0.973778039228046,-7.8472535745741,0.01248876666980002,0.15501917263738915
OVRPTW,permuted_R45A,full,20,100.0,1000,0.482,0.933,0.973,10.0596503281594,1.0588332020244573,0.11161235356949017,1.0155434816274678,-12.47283360991146,0.016647985457899996,0.20022727180743202
OVRPTW,permuted_R45A,permutable_only,20,100.0,1000,0.482,0.933,0.973,10.0596503281594,1.0588332020244573,0.11161235356949017,1.0155434816274678,-12.47283360991146,0.016647985457899996,0.20022727180743202
OVRPTW,permuted_R45A,full,21,100.0,1000,0.499,0.933,0.984,10.0570425968168,1.038055421624938,0.08566073688538456,0.9893575417355471,-9.57270484766275,0.014040254115299997,0.17944949140791283
OVRPTW,permuted_R45A,permutable_only,21,100.0,1000,0.499,0.933,0.984,10.0570425968168,1.038055421624938,0.08566073688538456,0.9893575417355471,-9.57270484766275,0.014040254115299997,0.17944949140791283
OVRPTW,permuted_R45A,full,22,100.0,1000,0.455,0.933,0.984,10.061293573856402,1.078277595420181,0.12796560351888697,1.0320443888897968,-14.300331723488249,0.0182912311549,0.21967166520315576
OVRPTW,permuted_R45A,permutable_only,22,100.0,1000,0.455,0.933,0.984,10.061293573856402,1.078277595420181,0.12796560351888697,1.0320443888897968,-14.300331723488249,0.0182912311549,0.21967166520315576
OVRPTW,permuted_R45A,full,23,100.0,1000,0.488,0.933,0.988,10.0557779660225,1.0170495265804396,0.07307538613070541,0.9766585549097151,-8.166274637518367,0.012775623321000008,0.15844359636341449
OVRPTW,permuted_R45A,permutable_only,23,100.0,1000,0.488,0.933,0.988,10.0557779660225,1.0170495265804396,0.07307538613070541,0.9766585549097151,-8.166274637518367,0.012775623321000008,0.15844359636341449
OVRPTW,permuted_R45A,full,24,100.0,1000,0.466,0.933,0.986,10.0614688701629,1.0715419554539178,0.12971011702689328,1.033804654017656,-14.495283500953196,0.01846652746140001,0.2129360252368926
OVRPTW,permuted_R45A,permutable_only,24,100.0,1000,0.466,0.933,0.986,10.0614688701629,1.0715419554539178,0.12971011702689328,1.033804654017656,-14.495283500953196,0.01846652746140001,0.2129360252368926
OVRPTW,permuted_R45A,full,25,100.0,1000,0.456,0.933,0.983,10.0659701752658,1.1247741773419773,0.17450619808800916,1.0790052093563762,-19.50130700625912,0.022967832564300017,0.26616824712495213
OVRPTW,permuted_R45A,permutable_only,25,100.0,1000,0.456,0.933,0.983,10.0659701752658,1.1247741773419773,0.17450619808800916,1.0790052093563762,-19.50130700625912,0.022967832564300017,0.26616824712495213
OVRPTW,permuted_R45A,full,26,100.0,1000,0.433,0.933,0.986,10.0715210633279,1.1954391526272812,0.22974751719582187,1.1347453152355191,-25.67460019100402,0.02851872062640003,0.336833222410256
OVRPTW,permuted_R45A,permutable_only,26,100.0,1000,0.433,0.933,0.986,10.0715210633279,1.1954391526272812,0.22974751719582187,1.1347453152355191,-25.67460019100402,0.02851872062640003,0.336833222410256
OVRPTW,permuted_R45A,full,27,100.0,1000,0.489,0.933,0.979,10.057969444750201,1.0486738403650353,0.09488454069490615,0.9986646294237955,-10.603477575657163,0.01496710204870001,0.19006791014801014
OVRPTW,permuted_R45A,permutable_only,27,100.0,1000,0.489,0.933,0.979,10.057969444750201,1.0486738403650353,0.09488454069490615,0.9986646294237955,-10.603477575657163,0.01496710204870001,0.19006791014801014
OVRPTW,permuted_R45A,full,28,100.0,1000,0.482,0.933,0.981,10.055841127873,1.0258670217855554,0.07370396013541836,0.9772928044559093,-8.236518644759302,0.012838785171500021,0.16726109156853014
OVRPTW,permuted_R45A,permutable_only,28,100.0,1000,0.482,0.933,0.981,10.055841127873,1.0258670217855554,0.07370396013541836,0.9772928044559093,-8.236518644759302,0.012838785171500021,0.16726109156853014
OVRPTW,permuted_R45A,full,29,100.0,1000,0.455,0.933,0.988,10.064808696746901,1.130837662972677,0.16294739798583535,1.0673420421486446,-18.209595239649662,0.021806354045400014,0.2722317327556518
OVRPTW,permuted_R45A,permutable_only,29,100.0,1000,0.455,0.933,0.988,10.064808696746901,1.130837662972677,0.16294739798583535,1.0673420421486446,-18.209595239649662,0.021806354045400014,0.2722317327556518
OVRPTW,permuted_R45A,full,30,100.0,1000,0.485,0.933,0.982,10.0584510016442,1.054781156532152,0.09967689783709766,1.003500257877854,-11.13903005996748,0.015448658942700012,0.19617522631512696
OVRPTW,permuted_R45A,permutable_only,30,100.0,1000,0.485,0.933,0.982,10.0584510016442,1.054781156532152,0.09967689783709766,1.003500257877854,-11.13903005996748,0.015448658942700012,0.19617522631512696
OVRPTW,permuted_R45A,full,31,100.0,1000,0.476,0.933,0.976,10.059356716632,1.0669249562600254,0.10869039083174492,1.0125951358057605,-12.146300265915759,0.016354373930500005,0.20831902604300012
OVRPTW,permuted_R45A,permutable_only,31,100.0,1000,0.476,0.933,0.976,10.059356716632,1.0669249562600254,0.10869039083174492,1.0125951358057605,-12.146300265915759,0.016354373930500005,0.20831902604300012
OVRPTW,permuted_R45A,full,32,100.0,1000,0.48,0.933,0.985,10.058058123588602,1.047941550698196,0.09576705461977753,0.9995551117730095,-10.702099717304462,0.01505578088709999,0.1893356204811706
OVRPTW,permuted_R45A,permutable_only,32,100.0,1000,0.48,0.933,0.985,10.058058123588602,1.047941550698196,0.09576705461977753,0.9995551117730095,-10.702099717304462,0.01505578088709999,0.1893356204811706
OVRPTW,permuted_R45A,full,33,100.0,1000,0.464,0.933,0.982,10.0601395936015,1.07119728078796,0.11648142462861166,1.0204565166662904,-13.016958979664672,0.017137250899999998,0.2125913505709347
OVRPTW,permuted_R45A,permutable_only,33,100.0,1000,0.464,0.933,0.982,10.0601395936015,1.07119728078796,0.11648142462861166,1.0204565166662904,-13.016958979664672,0.017137250899999998,0.2125913505709347
OVRPTW,permuted_R45A,full,34,100.0,1000,0.485,0.933,0.986,10.0612731909753,1.0849612902690793,0.12776275719472707,1.0318397110187894,-14.277663368517812,0.018270848273800003,0.2263553600520541
OVRPTW,permuted_R45A,permutable_only,34,100.0,1000,0.485,0.933,0.986,10.0612731909753,1.0849612902690793,0.12776275719472707,1.0318397110187894,-14.277663368517812,0.018270848273800003,0.2263553600520541
OVRPTW,permuted_R45A,full,35,100.0,1000,0.451,0.933,0.983,10.057985584259901,1.0526715332603238,0.09504515784222178,0.9988266968208537,-10.621426762187868,0.014983241558400013,0.19406560304329845
OVRPTW,permuted_R45A,permutable_only,35,100.0,1000,0.451,0.933,0.983,10.057985584259901,1.0526715332603238,0.09504515784222178,0.9988266968208537,-10.621426762187868,0.014983241558400013,0.19406560304329845
OVRPTW,permuted_R45A,full,36,100.0,1000,0.464,0.933,0.987,10.0598189396855,1.0679929468857885,0.11329034149041295,1.0172366204931782,-12.660351061766834,0.016816596984000006,0.20938701666876347
OVRPTW,permuted_R45A,permutable_only,36,100.0,1000,0.464,0.933,0.987,10.0598189396855,1.0679929468857885,0.11329034149041295,1.0172366204931782,-12.660351061766834,0.016816596984000006,0.20938701666876347
OVRPTW,permuted_R45A,full,37,100.0,1000,0.488,0.933,0.987,10.057791720867,1.0511015232542846,0.09311586843290254,0.9968799874068734,-10.405826024291224,0.014789378165500008,0.19249559303725947
OVRPTW,permuted_R45A,permutable_only,37,100.0,1000,0.488,0.933,0.987,10.057791720867,1.0511015232542846,0.09311586843290254,0.9968799874068734,-10.405826024291224,0.014789378165500008,0.19249559303725947
OVRPTW,permuted_R45A,full,38,100.0,1000,0.492,0.933,0.985,10.0568145742411,1.0429217159165178,0.08339150217426816,0.987067817574272,-9.319114755989967,0.01381223153960001,0.1843157856994925
OVRPTW,permuted_R45A,permutable_only,38,100.0,1000,0.492,0.933,0.985,10.0568145742411,1.0429217159165178,0.08339150217426816,0.987067817574272,-9.319114755989967,0.01381223153960001,0.1843157856994925
OVRPTW,permuted_R45A,full,39,100.0,1000,0.476,0.933,0.988,10.052969586372,0.9939414318084089,0.04512695793081889,0.9484577738245292,-5.042999449359379,0.009967243670500005,0.13533550159138366
OVRPTW,permuted_R45A,permutable_only,39,100.0,1000,0.476,0.933,0.988,10.052969586372,0.9939414318084089,0.04512695793081889,0.9484577738245292,-5.042999449359379,0.009967243670500005,0.13533550159138366
OVRPTW,permuted_R45A,full,40,100.0,1000,0.48,0.933,0.986,10.059664469718701,1.0778904831418463,0.11175308751716351,1.015685486294804,-12.488560821608045,0.0166621270172,0.21928455292482105
OVRPTW,permuted_R45A,permutable_only,40,100.0,1000,0.48,0.933,0.986,10.059664469718701,1.0778904831418463,0.11175308751716351,1.015685486294804,-12.488560821608045,0.0166621270172,0.21928455292482105
OVRPTW,permuted_R45A,full,41,100.0,1000,0.452,0.933,0.981,10.061314373970701,1.0643461852207168,0.12817260206374748,1.0322532564728482,-14.323464094815114,0.018312031269200016,0.2057402550036917
OVRPTW,permuted_R45A,permutable_only,41,100.0,1000,0.452,0.933,0.981,10.061314373970701,1.0643461852207168,0.12817260206374748,1.0322532564728482,-14.323464094815114,0.018312031269200016,0.2057402550036917
OVRPTW,permuted_R45A,full,42,100.0,1000,0.48,0.933,0.983,10.0586906661984,1.0482400474376654,0.10206199117159809,1.0059068867770637,-11.405567511726536,0.015688323496900015,0.1896341172206401
OVRPTW,permuted_R45A,permutable_only,42,100.0,1000,0.48,0.933,0.983,10.0586906661984,1.0482400474376654,0.10206199117159809,1.0059068867770637,-11.405567511726536,0.015688323496900015,0.1896341172206401
OVRPTW,permuted_R45A,full,43,100.0,1000,0.472,0.933,0.985,10.059505125046998,1.0531667373566633,0.11016732146331698,1.0140854019889067,-12.311349289895782,0.016502782345500018,0.1945608071396382
OVRPTW,permuted_R45A,permutable_only,43,100.0,1000,0.472,0.933,0.985,10.059505125046998,1.0531667373566633,0.11016732146331698,1.0140854019889067,-12.311349289895782,0.016502782345500018,0.1945608071396382
OVRPTW,permuted_R45A,full,44,100.0,1000,0.501,0.933,0.987,10.0479531221372,0.9440630080558933,-0.004795882970920484,0.8980841679332663,0.5359465005072405,0.004950779435699993,0.08545707783886815
OVRPTW,permuted_R45A,permutable_only,44,100.0,1000,0.501,0.933,0.987,10.0479531221372,0.9440630080558933,-0.004795882970920484,0.8980841679332663,0.5359465005072405,0.004950779435699993,0.08545707783886815
OVRPTW,permuted_R45A,full,45,100.0,1000,0.481,0.933,0.984,10.054864704608201,1.007340787443696,0.06398679262067386,0.9674878983663149,-7.150611845959808,0.011862361906700002,0.14873485722667085
OVRPTW,permuted_R45A,permutable_only,45,100.0,1000,0.481,0.933,0.984,10.054864704608201,1.007340787443696,0.06398679262067386,0.9674878983663149,-7.150611845959808,0.011862361906700002,0.14873485722667085
OVRPTW,permuted_R45A,full,46,100.0,1000,0.47,0.933,0.981,10.059882412433701,1.0653706690531104,0.11392200948638909,1.017873991967022,-12.730940826775711,0.016880069732200007,0.20676473883608512
OVRPTW,permuted_R45A,permutable_only,46,100.0,1000,0.47,0.933,0.981,10.059882412433701,1.0653706690531104,0.11392200948638909,1.017873991967022,-12.730940826775711,0.016880069732200007,0.20676473883608512
OVRPTW,permuted_R45A,full,47,100.0,1000,0.462,0.933,0.988,10.0618230361942,1.0808197637041053,0.1332347059815442,1.0373610673091394,-14.889161151310311,0.0188206934927,0.22221383348708001
OVRPTW,permuted_R45A,permutable_only,47,100.0,1000,0.462,0.933,0.988,10.0618230361942,1.0808197637041053,0.1332347059815442,1.0373610673091394,-14.889161151310311,0.0188206934927,0.22221383348708001
OVRPTW,permuted_R45A,full,48,100.0,1000,0.47,0.933,0.978,10.0611513810156,1.0826994127131433,0.1265505290288793,1.0306165373617393,-14.142195208174188,0.01814903831410002,0.22409348249611805
OVRPTW,permuted_R45A,permutable_only,48,100.0,1000,0.47,0.933,0.978,10.0611513810156,1.0826994127131433,0.1265505290288793,1.0306165373617393,-14.142195208174188,0.01814903831410002,0.22409348249611805
OVRPTW,permuted_R45A,full,49,100.0,1000,0.477,0.933,0.988,10.055802345274802,1.0185470874332492,0.07331800353551632,0.9769033629637436,-8.193387465304296,0.012800002573299992,0.15994115721622407
OVRPTW,permuted_R45A,permutable_only,49,100.0,1000,0.477,0.933,0.988,10.055802345274802,1.0185470874332492,0.07331800353551632,0.9769033629637436,-8.193387465304296,0.012800002573299992,0.15994115721622407
OVRPTW,permuted_R45A,full,50,100.0,1000,0.464,0.933,0.986,10.0608862285624,1.0701918720954096,0.12391178526112157,1.0279539677602312,-13.847311972563709,0.017883885860900017,0.2115859418783842
OVRPTW,permuted_R45A,permutable_only,50,100.0,1000,0.464,0.933,0.986,10.0608862285624,1.0701918720954096,0.12391178526112157,1.0279539677602312,-13.847311972563709,0.017883885860900017,0.2115859418783842
OVRPTW,permuted_R45A,full,51,100.0,1000,0.489,0.933,0.986,10.056816953657501,1.0522333407120732,0.08341518164667328,0.9870917108541599,-9.321760969512273,0.01381461095600001,0.19362741049504795
OVRPTW,permuted_R45A,permutable_only,51,100.0,1000,0.489,0.933,0.986,10.056816953657501,1.0522333407120732,0.08341518164667328,0.9870917108541599,-9.321760969512273,0.01381461095600001,0.19362741049504795
OVRPTW,permuted_R45A,full,52,100.0,1000,0.456,0.933,0.983,10.061100686072999,1.0901481041482943,0.12604602317864977,1.0301074762103513,-14.08581598737935,0.018098343371499997,0.231542173931269
OVRPTW,permuted_R45A,permutable_only,52,100.0,1000,0.456,0.933,0.983,10.061100686072999,1.0901481041482943,0.12604602317864977,1.0301074762103513,-14.08581598737935,0.018098343371499997,0.231542173931269
OVRPTW,permuted_R45A,full,53,100.0,1000,0.495,0.933,0.985,10.0545816144942,1.0006650904968168,0.06116953686827742,0.9646452049538068,-6.835779651204456,0.011579271792700008,0.1420591602797917
OVRPTW,permuted_R45A,permutable_only,53,100.0,1000,0.495,0.933,0.985,10.0545816144942,1.0006650904968168,0.06116953686827742,0.9646452049538068,-6.835779651204456,0.011579271792700008,0.1420591602797917
OVRPTW,permuted_R45A,full,54,100.0,1000,0.465,0.933,0.983,10.0599646730413,1.0776476151464665,0.11474065047203386,1.0187000246533184,-12.822425079850142,0.016962330339800005,0.2190416849294412
OVRPTW,permuted_R45A,permutable_only,54,100.0,1000,0.465,0.933,0.983,10.0599646730413,1.0776476151464665,0.11474065047203386,1.0187000246533184,-12.822425079850142,0.016962330339800005,0.2190416849294412
OVRPTW,permuted_R45A,full,55,100.0,1000,0.469,0.933,0.981,10.058976959229499,1.0544607288546384,0.10491112170933903,1.0087817427798296,-11.723961757467197,0.015974616528000023,0.19585479863761315
OVRPTW,permuted_R45A,permutable_only,55,100.0,1000,0.469,0.933,0.981,10.058976959229499,1.0544607288546384,0.10491112170933903,1.0087817427798296,-11.723961757467197,0.015974616528000023,0.19585479863761315
OVRPTW,permuted_R45A,full,56,100.0,1000,0.463,0.933,0.982,10.0573623366356,1.0442365028139506,0.0888427231124922,0.9925682588594276,-9.928296173269402,0.014359993934100005,0.18563057259692547
OVRPTW,permuted_R45A,permutable_only,56,100.0,1000,0.463,0.933,0.982,10.0573623366356,1.0442365028139506,0.0888427231124922,0.9925682588594276,-9.928296173269402,0.014359993934100005,0.18563057259692547
OVRPTW,permuted_R45A,full,57,100.0,1000,0.493,0.933,0.981,10.052503669263,1.0081431042119322,0.04049024477643659,0.9437791947042085,-4.524840394182802,0.009501326561499993,0.1495371739949071
OVRPTW,permuted_R45A,permutable_only,57,100.0,1000,0.493,0.933,0.981,10.052503669263,1.0081431042119322,0.04049024477643659,0.9437791947042085,-4.524840394182802,0.009501326561499993,0.1495371739949071
OVRPTW,permuted_R45A,full,58,100.0,1000,0.468,0.933,0.981,10.056833107948302,1.04614744101689,0.08357594589252226,0.9872539266779334,-9.339726594506107,0.013830765246800013,0.1875415107998649
OVRPTW,permuted_R45A,permutable_only,58,100.0,1000,0.468,0.933,0.981,10.056833107948302,1.04614744101689,0.08357594589252226,0.9872539266779334,-9.339726594506107,0.013830765246800013,0.1875415107998649
OVRPTW,permuted_R45A,full,59,100.0,1000,0.48,0.933,0.978,10.0580027556422,1.0568789619179206,0.09521604397764172,0.9989991259270914,-10.640523522224957,0.015000412940700005,0.19827303170089544
OVRPTW,permuted_R45A,permutable_only,59,100.0,1000,0.48,0.933,0.978,10.0580027556422,1.0568789619179206,0.09521604397764172,0.9989991259270914,-10.640523522224957,0.015000412940700005,0.19827303170089544
OVRPTW,permuted_R45A,full,60,100.0,1000,0.495,0.933,0.985,10.0530488452921,1.0036552258266018,0.04591572672751898,0.9492536645989036,-5.131145444343251,0.010046502590599997,0.1450492956095766
OVRPTW,permuted_R45A,permutable_only,60,100.0,1000,0.495,0.933,0.985,10.0530488452921,1.0036552258266018,0.04591572672751898,0.9492536645989036,-5.131145444343251,0.010046502590599997,0.1450492956095766
OVRPTW,permuted_R45A,full,61,100.0,1000,0.485,0.933,0.983,10.0522669582374,0.9836195286371844,0.03813454436323305,0.9414022241218234,-4.261587641696287,0.009264615535900007,0.12501359842015916
OVRPTW,permuted_R45A,permutable_only,61,100.0,1000,0.485,0.933,0.983,10.0522669582374,0.9836195286371844,0.03813454436323305,0.9414022241218234,-4.261587641696287,0.009264615535900007,0.12501359842015916
OVRPTW,permuted_R45A,full,62,100.0,1000,0.5,0.933,0.987,10.0572783923158,1.0205844516790477,0.08800732616240925,0.991725318915182,-9.8349394181829,0.014276049614300007,0.16197852146202252
OVRPTW,permuted_R45A,permutable_only,62,100.0,1000,0.5,0.933,0.987,10.0572783923158,1.0205844516790477,0.08800732616240925,0.991725318915182,-9.8349394181829,0.014276049614300007,0.16197852146202252
OVRPTW,permuted_R45A,full,63,100.0,1000,0.492,0.933,0.982,10.0567043585776,1.0147226335711423,0.08229465810716263,0.9859610698459198,-9.196540926950542,0.013702015876100003,0.15611670335411718
OVRPTW,permuted_R45A,permutable_only,63,100.0,1000,0.492,0.933,0.982,10.0567043585776,1.0147226335711423,0.08229465810716263,0.9859610698459198,-9.196540926950542,0.013702015876100003,0.15611670335411718
OVRPTW,permuted_R45A,full,64,100.0,1000,0.476,0.933,0.984,10.0557836384778,1.0426550638921654,0.07313183726245231,0.9767155157519358,-8.172583128926119,0.012781295776300012,0.18404913367514011
OVRPTW,permuted_R45A,permutable_only,64,100.0,1000,0.476,0.933,0.984,10.0557836384778,1.0426550638921654,0.07313183726245231,0.9767155157519358,-8.172583128926119,0.012781295776300012,0.18404913367514011
OVRPTW,permuted_R45A,full,65,100.0,1000,0.468,0.933,0.979,10.0625952444074,1.0846896065213025,0.14091956646617998,1.045115316193801,-15.747954851780444,0.01959290170589999,0.22608367630427725
OVRPTW,permuted_R45A,permutable_only,65,100.0,1000,0.468,0.933,0.979,10.0625952444074,1.0846896065213025,0.14091956646617998,1.045115316193801,-15.747954851780444,0.01959290170589999,0.22608367630427725
OVRPTW,permuted_R45A,full,66,100.0,1000,0.484,0.933,0.99,10.057859927177502,1.0534350561357257,0.09379464388674652,0.9975648916828117,-10.481680112333809,0.014857584475999991,0.19482912591870064
OVRPTW,permuted_R45A,permutable_only,66,100.0,1000,0.484,0.933,0.99,10.057859927177502,1.0534350561357257,0.09379464388674652,0.9975648916828117,-10.481680112333809,0.014857584475999991,0.19482912591870064
OVRPTW,permuted_R45A,full,67,100.0,1000,0.489,0.933,0.983,10.050804329396,0.9736725683365521,0.023578756954045765,0.9267150091087473,-2.6349584325652757,0.007801986694499978,0.11506663811952696
OVRPTW,permuted_R45A,permutable_only,67,100.0,1000,0.489,0.933,0.983,10.050804329396,0.9736725683365521,0.023578756954045765,0.9267150091087473,-2.6349584325652757,0.007801986694499978,0.11506663811952696
OVRPTW,permuted_R45A,full,68,100.0,1000,0.483,0.933,0.985,10.0555517458916,1.0147466976584045,0.0708240889869316,0.9743869302782482,-7.914689093599564,0.012549403190099999,0.15614076744137947
OVRPTW,permuted_R45A,permutable_only,68,100.0,1000,0.483,0.933,0.985,10.0555517458916,1.0147466976584045,0.0708240889869316,0.9743869302782482,-7.914689093599564,0.012549403190099999,0.15614076744137947
OVRPTW,permuted_R45A,full,69,100.0,1000,0.509,0.933,0.985,10.0465361957557,0.923821337944471,-0.01889684871138053,0.8838558812799935,2.1117487642790564,0.003533853054200014,0.06521540772744575
OVRPTW,permuted_R45A,permutable_only,69,100.0,1000,0.509,0.933,0.985,10.0465361957557,0.923821337944471,-0.01889684871138053,0.8838558812799935,2.1117487642790564,0.003533853054200014,0.06521540772744575
OVRPTW,permuted_R45A,full,70,100.0,1000,0.481,0.933,0.983,10.0560721454617,1.0364060599024534,0.07600300061221255,0.979612603506097,-8.493439571631061,0.013069802760199999,0.17780012968542805
OVRPTW,permuted_R45A,permutable_only,70,100.0,1000,0.481,0.933,0.983,10.0560721454617,1.0364060599024534,0.07600300061221255,0.979612603506097,-8.493439571631061,0.013069802760199999,0.17780012968542805
OVRPTW,permuted_R45A,full,71,100.0,1000,0.486,0.933,0.984,10.0554500608437,1.0296461713693597,0.06981213988677126,0.9733658440533421,-7.801602393567167,0.012447718142200007,0.17104024115233452
OVRPTW,permuted_R45A,permutable_only,71,100.0,1000,0.486,0.933,0.984,10.0554500608437,1.0296461713693597,0.06981213988677126,0.9733658440533421,-7.801602393567167,0.012447718142200007,0.17104024115233452
OVRPTW,permuted_R45A,full,72,100.0,1000,0.472,0.933,0.983,10.058822804927699,1.0592885794236946,0.1033770091705355,1.007233778380634,-11.552522576915427,0.015820462226200017,0.20068264920666934
OVRPTW,permuted_R45A,permutable_only,72,100.0,1000,0.472,0.933,0.983,10.058822804927699,1.0592885794236946,0.1033770091705355,1.007233778380634,-11.552522576915427,0.015820462226200017,0.20068264920666934
OVRPTW,permuted_R45A,full,73,100.0,1000,0.496,0.933,0.99,10.054044057847301,1.0114172981284042,0.0558198814730293,0.9592472462706336,-6.23794832266936,0.011041715145799989,0.15281136791137895
OVRPTW,permuted_R45A,permutable_only,73,100.0,1000,0.496,0.933,0.99,10.054044057847301,1.0114172981284042,0.0558198814730293,0.9592472462706336,-6.23794832266936,0.011041715145799989,0.15281136791137895
OVRPTW,permuted_R45A,full,74,100.0,1000,0.482,0.933,0.983,10.056101296902199,1.0375467336725355,0.07629310987202764,0.9799053322301798,-8.525859679358664,0.013098954200700012,0.17894080345551028
OVRPTW,permuted_R45A,permutable_only,74,100.0,1000,0.482,0.933,0.983,10.056101296902199,1.0375467336725355,0.07629310987202764,0.9799053322301798,-8.525859679358664,0.013098954200700012,0.17894080345551028
OVRPTW,permuted_R45A,full,75,100.0,1000,0.458,0.933,0.986,10.0639864225391,1.116288889321474,0.15476429081466847,1.0590850477917524,-17.29512178851545,0.020984079837599992,0.2576829591044487
OVRPTW,permuted_R45A,permutable_only,75,100.0,1000,0.458,0.933,0.986,10.0639864225391,1.116288889321474,0.15476429081466847,1.0590850477917524,-17.29512178851545,0.020984079837599992,0.2576829591044487
OVRPTW,permuted_R45A,full,76,100.0,1000,0.467,0.933,0.981,10.060080386638099,1.0818656708278778,0.11589220886312201,1.019861980734027,-12.951113309644684,0.01707804393660001,0.22325974061085246
OVRPTW,permuted_R45A,permutable_only,76,100.0,1000,0.467,0.933,0.981,10.060080386638099,1.0818656708278778,0.11589220886312201,1.019861980734027,-12.951113309644684,0.01707804393660001,0.22325974061085246
OVRPTW,permuted_R45A,full,77,100.0,1000,0.452,0.933,0.987,10.065855455398301,1.1436387041986136,0.17336452909060274,1.0778532319629885,-19.373723929774265,0.022853112696800005,0.2850327739815883
OVRPTW,permuted_R45A,permutable_only,77,100.0,1000,0.452,0.933,0.987,10.065855455398301,1.1436387041986136,0.17336452909060274,1.0778532319629885,-19.373723929774265,0.022853112696800005,0.2850327739815883
OVRPTW,permuted_R45A,full,78,100.0,1000,0.474,0.933,0.99,10.057534997462401,1.0404539526267527,0.09056100885778129,0.994302059407981,-10.12031696227383,0.014532654760900023,0.18184802240972736
OVRPTW,permuted_R45A,permutable_only,78,100.0,1000,0.474,0.933,0.99,10.057534997462401,1.0404539526267527,0.09056100885778129,0.994302059407981,-10.12031696227383,0.014532654760900023,0.18184802240972736
OVRPTW,permuted_R45A,full,79,100.0,1000,0.462,0.933,0.983,10.058333378314801,1.053899556639424,0.09850633417214372,1.0023191249201702,-11.00821796474636,0.015331035613300004,0.1952936264223987
OVRPTW,permuted_R45A,permutable_only,79,100.0,1000,0.462,0.933,0.983,10.058333378314801,1.053899556639424,0.09850633417214372,1.0023191249201702,-11.00821796474636,0.015331035613300004,0.1952936264223987
OVRPTW,permuted_R45A,full,80,100.0,1000,0.472,0.933,0.98,10.056348639965499,1.030798253312636,0.07875461818134255,0.982389066072864,-8.800936609371226,0.013346297264000002,0.17219232309561075
OVRPTW,permuted_R45A,permutable_only,80,100.0,1000,0.472,0.933,0.98,10.056348639965499,1.030798253312636,0.07875461818134255,0.982389066072864,-8.800936609371226,0.013346297264000002,0.17219232309561075
OVRPTW,permuted_R45A,full,81,100.0,1000,0.468,0.933,0.982,10.0597663211821,1.0564189244276398,0.11276669275082085,1.0167082436068453,-12.601832596830182,0.016763978480599993,0.19781299421061466
OVRPTW,permuted_R45A,permutable_only,81,100.0,1000,0.468,0.933,0.982,10.0597663211821,1.0564189244276398,0.11276669275082085,1.0167082436068453,-12.601832596830182,0.016763978480599993,0.19781299421061466
OVRPTW,permuted_R45A,full,82,100.0,1000,0.474,0.933,0.985,10.0632413082128,1.098826555155864,0.14734906323117247,1.0516028663866361,-16.466459934602643,0.020238965511299983,0.24022062493883886
OVRPTW,permuted_R45A,permutable_only,82,100.0,1000,0.474,0.933,0.985,10.0632413082128,1.098826555155864,0.14734906323117247,1.0516028663866361,-16.466459934602643,0.020238965511299983,0.24022062493883886
OVRPTW,permuted_R45A,full,83,100.0,1000,0.484,0.933,0.985,10.0565594205859,1.0152550795499136,0.0808522644287546,0.9845056524581342,-9.035351454859414,0.013557077884400026,0.15664914933288826
OVRPTW,permuted_R45A,permutable_only,83,100.0,1000,0.484,0.933,0.985,10.0565594205859,1.0152550795499136,0.0808522644287546,0.9845056524581342,-9.035351454859414,0.013557077884400026,0.15664914933288826
OVRPTW,permuted_R45A,full,84,100.0,1000,0.498,0.933,0.988,10.0503918261514,0.9910476230675938,0.019473607811604232,0.9225727936159833,-2.1762023848682475,0.007389483449900002,0.13244169285056862
OVRPTW,permuted_R45A,permutable_only,84,100.0,1000,0.498,0.933,0.988,10.0503918261514,0.9910476230675938,0.019473607811604232,0.9225727936159833,-2.1762023848682475,0.007389483449900002,0.13244169285056862
OVRPTW,permuted_R45A,full,85,100.0,1000,0.472,0.933,0.986,10.059760365486502,1.048132206677868,0.1127074228687297,1.016648438563128,-12.595209106205093,0.016758022785000014,0.18952627646084272
OVRPTW,permuted_R45A,permutable_only,85,100.0,1000,0.472,0.933,0.986,10.059760365486502,1.048132206677868,0.1127074228687297,1.016648438563128,-12.595209106205093,0.016758022785000014,0.18952627646084272
OVRPTW,permuted_R45A,full,86,100.0,1000,0.475,0.933,0.983,10.0624611001017,1.0815084103145887,0.1395845893751746,1.0437682852828756,-15.598769330674681,0.0194587574002,0.2229024800975634
OVRPTW,permuted_R45A,permutable_only,86,100.0,1000,0.475,0.933,0.983,10.0624611001017,1.0815084103145887,0.1395845893751746,1.0437682852828756,-15.598769330674681,0.0194587574002,0.2229024800975634
OVRPTW,permuted_R45A,full,87,100.0,1000,0.474,0.933,0.988,10.056874052047801,1.0341911699331874,0.08398341331767867,0.987665073221633,-9.385261638190421,0.01387170934629999,0.17558523971616222
OVRPTW,permuted_R45A,permutable_only,87,100.0,1000,0.474,0.933,0.988,10.056874052047801,1.0341911699331874,0.08398341331767867,0.987665073221633,-9.385261638190421,0.01387170934629999,0.17558523971616222
OVRPTW,permuted_R45A,full,88,100.0,1000,0.478,0.933,0.981,10.051814119816601,0.990499601820003,0.0336279876775647,0.9368549766833878,-3.757973750435494,0.008811777115100021,0.13189367160297766
OVRPTW,permuted_R45A,permutable_only,88,100.0,1000,0.478,0.933,0.981,10.051814119816601,0.990499601820003,0.0336279876775647,0.9368549766833878,-3.757973750435494,0.008811777115100021,0.13189367160297766
OVRPTW,permuted_R45A,full,89,100.0,1000,0.48,0.933,0.984,10.0565107245432,1.0379470200271776,0.08036765122740874,0.984016663571019,-8.981195264865411,0.013508381841699996,0.17934108981015226
OVRPTW,permuted_R45A,permutable_only,89,100.0,1000,0.48,0.933,0.984,10.0565107245432,1.0379470200271776,0.08036765122740874,0.984016663571019,-8.981195264865411,0.013508381841699996,0.17934108981015226
OVRPTW,permuted_R45A,full,90,100.0,1000,0.5,0.933,0.982,10.054273350237999,1.0085424242959848,0.0581017531270378,0.9615497214767066,-6.492950610045892,0.011271007536500012,0.14993649407895965
OVRPTW,permuted_R45A,permutable_only,90,100.0,1000,0.5,0.933,0.982,10.054273350237999,1.0085424242959848,0.0581017531270378,0.9615497214767066,-6.492950610045892,0.011271007536500012,0.14993649407895965
OVRPTW,permuted_R45A,full,91,100.0,1000,0.465,0.933,0.986,10.0640615196213,1.1059418407394261,0.15551164183948973,1.0598391468234825,-17.378639290678496,0.021059176919800002,0.247335910522401
OVRPTW,permuted_R45A,permutable_only,91,100.0,1000,0.465,0.933,0.986,10.0640615196213,1.1059418407394261,0.15551164183948973,1.0598391468234825,-17.378639290678496,0.021059176919800002,0.247335910522401
OVRPTW,permuted_R45A,full,92,100.0,1000,0.467,0.933,0.987,10.061288792610199,1.072888852549059,0.12791802152043452,1.0319963772623675,-14.295014369892511,0.018286449908699997,0.2142829223320338
OVRPTW,permuted_R45A,permutable_only,92,100.0,1000,0.467,0.933,0.987,10.061288792610199,1.072888852549059,0.12791802152043452,1.0319963772623675,-14.295014369892511,0.018286449908699997,0.2142829223320338
OVRPTW,permuted_R45A,full,93,100.0,1000,0.469,0.933,0.982,10.058169957637599,1.0527788147116577,0.09688000453313972,1.0006781107710472,-10.826473396754393,0.01516761493609999,0.1941728844946328
OVRPTW,permuted_R45A,permutable_only,93,100.0,1000,0.469,0.933,0.982,10.058169957637599,1.0527788147116577,0.09688000453313972,1.0006781107710472,-10.826473396754393,0.01516761493609999,0.1941728844946328
OVRPTW,permuted_R45A,full,94,100.0,1000,0.49,0.933,0.985,10.051606092931301,0.9965761920403596,0.03155774604681749,0.9347660423574489,-3.5266214084500147,0.008603750229800006,0.13797026182333452
OVRPTW,permuted_R45A,permutable_only,94,100.0,1000,0.49,0.933,0.985,10.051606092931301,0.9965761920403596,0.03155774604681749,0.9347660423574489,-3.5266214084500147,0.008603750229800006,0.13797026182333452
OVRPTW,permuted_R45A,full,95,100.0,1000,0.472,0.933,0.985,10.0571917147636,1.0412174320048828,0.08714472863440292,0.9908549327926508,-9.73854296120644,0.014189372062100015,0.18261150178785765
OVRPTW,permuted_R45A,permutable_only,95,100.0,1000,0.472,0.933,0.985,10.0571917147636,1.0412174320048828,0.08714472863440292,0.9908549327926508,-9.73854296120644,0.014189372062100015,0.18261150178785765
OVRPTW,permuted_R45A,full,96,100.0,1000,0.482,0.933,0.985,10.058582777500899,1.0630002053834573,0.10098830460107955,1.0048235056397514,-11.28558156469532,0.015580434799400002,0.204394275166432
OVRPTW,permuted_R45A,permutable_only,96,100.0,1000,0.482,0.933,0.985,10.058582777500899,1.0630002053834573,0.10098830460107955,1.0048235056397514,-11.28558156469532,0.015580434799400002,0.204394275166432
OVRPTW,permuted_R45A,full,97,100.0,1000,0.477,0.933,0.987,10.0567895393366,1.0364630190112858,0.08314235985094065,0.9868164256867207,-9.291272759610358,0.013787196635100018,0.1778570887942606
OVRPTW,permuted_R45A,permutable_only,97,100.0,1000,0.477,0.933,0.987,10.0567895393366,1.0364630190112858,0.08314235985094065,0.9868164256867207,-9.291272759610358,0.013787196635100018,0.1778570887942606
OVRPTW,permuted_R45A,full,98,100.0,1000,0.464,0.933,0.981,10.062901216030099,1.0941482749413607,0.14396453438092482,1.0481877778349746,-16.088234193032815,0.019898873328600013,0.2355423447243356
OVRPTW,permuted_R45A,permutable_only,98,100.0,1000,0.464,0.933,0.981,10.062901216030099,1.0941482749413607,0.14396453438092482,1.0481877778349746,-16.088234193032815,0.019898873328600013,0.2355423447243356
OVRPTW,permuted_R45A,full,99,100.0,1000,0.47,0.933,0.985,10.059785050869,1.0614707273704653,0.11295308681953387,1.0168963206711235,-12.6226623896848,0.016782708167499993,0.20286479715344016
OVRPTW,permuted_R45A,permutable_only,99,100.0,1000,0.47,0.933,0.985,10.059785050869,1.0614707273704653,0.11295308681953387,1.0168963206711235,-12.6226623896848,0.016782708167499993,0.20286479715344016
OVRPB,R45A,full,-1,100.0,1000,0.583,0.968,0.984,6.316884791611301,0.9067025157527772,-0.08060411236706644,0.8976303664435026,8.313716304005629,0.0,0.0
OVRPB,R45A,permutable_only,-1,100.0,1000,0.583,0.968,0.984,6.316884791611301,0.9067025157527772,-0.08060411236706644,0.8976303664435026,8.313716304005629,0.0,0.0
OVRPB,conditional_majority,full,-1,100.0,1000,0.541,0.968,0.986,6.3267234816547,1.0660400320424666,0.07502259255045551,1.054780693548918,-7.738023936237318,0.00983869004339999,0.1593375162896891
OVRPB,conditional_majority,permutable_only,-1,100.0,1000,0.541,0.968,0.986,6.3267234816547,1.0660400320424666,0.07502259255045551,1.054780693548918,-7.738023936237318,0.00983869004339999,0.1593375162896891
OVRPB,conditional_mean_gap,full,-1,100.0,1000,0.545,0.968,0.976,6.3219805679320995,0.9774263687706511,-3.3306690738754696e-14,0.9790236121029583,2.898111276425527e-12,0.005095776320799993,0.07072385301787398
OVRPB,conditional_mean_gap,permutable_only,-1,100.0,1000,0.545,0.968,0.976,6.3219805679320995,0.9774263687706511,-3.3306690738754696e-14,0.9790236121029583,2.898111276425527e-12,0.005095776320799993,0.07072385301787398
OVRPB,permuted_R45A,full,0,100.0,1000,0.491,0.968,0.984,6.3419066553117,1.3584217493670259,0.315187418966012,1.2972967903230659,-32.50924434155491,0.0250218637004,0.4517192336142487
OVRPB,permuted_R45A,permutable_only,0,100.0,1000,0.491,0.968,0.984,6.3419066553117,1.3584217493670259,0.315187418966012,1.2972967903230659,-32.50924434155491,0.0250218637004,0.4517192336142487
OVRPB,permuted_R45A,full,1,100.0,1000,0.505,0.967,0.979,6.338553511379599,1.2853428020951279,0.26214796564802967,1.2437380682333687,-27.03861815567007,0.021668719768299993,0.37864028634235064
OVRPB,permuted_R45A,permutable_only,1,100.0,1000,0.505,0.967,0.979,6.338553511379599,1.2853428020951279,0.26214796564802967,1.2437380682333687,-27.03861815567007,0.021668719768299993,0.37864028634235064
OVRPB,permuted_R45A,full,2,100.0,1000,0.512,0.967,0.98,6.337854850531399,1.2694726450098093,0.251096668658235,1.2325785764365715,-25.898758844942186,0.020970058920099996,0.36277012925703206
OVRPB,permuted_R45A,permutable_only,2,100.0,1000,0.512,0.967,0.98,6.337854850531399,1.2694726450098093,0.251096668658235,1.2325785764365715,-25.898758844942186,0.020970058920099996,0.36277012925703206
OVRPB,permuted_R45A,full,3,100.0,1000,0.476,0.968,0.98,6.3440738596914,1.3867413906282353,0.3494678846588828,1.3319128698694005,-36.04502010001543,0.027189068080099996,0.48003887487545865
OVRPB,permuted_R45A,permutable_only,3,100.0,1000,0.476,0.968,0.98,6.3440738596914,1.3867413906282353,0.3494678846588828,1.3319128698694005,-36.04502010001543,0.027189068080099996,0.48003887487545865
OVRPB,permuted_R45A,full,4,100.0,1000,0.493,0.967,0.978,6.3448264236439,1.3767059818651197,0.3613718116705744,1.3439333391373154,-37.27282187305802,0.027941632032599986,0.4700034661123426
OVRPB,permuted_R45A,permutable_only,4,100.0,1000,0.493,0.967,0.978,6.3448264236439,1.3767059818651197,0.3613718116705744,1.3439333391373154,-37.27282187305802,0.027941632032599986,0.4700034661123426
OVRPB,permuted_R45A,full,5,100.0,1000,0.505,0.968,0.981,6.3390328531251,1.3013872935465405,0.26973011083735177,1.2513944444143776,-27.82066019085375,0.022148061513799996,0.39468477779376326
OVRPB,permuted_R45A,permutable_only,5,100.0,1000,0.505,0.968,0.981,6.3390328531251,1.3013872935465405,0.26973011083735177,1.2513944444143776,-27.82066019085375,0.022148061513799996,0.39468477779376326
OVRPB,permuted_R45A,full,6,100.0,1000,0.5,0.969,0.981,6.340360249279401,1.3239444730663157,0.2907266346329873,1.2725965291356944,-29.986295877185263,0.02347545766809999,0.41724195731353847
OVRPB,permuted_R45A,permutable_only,6,100.0,1000,0.5,0.969,0.981,6.340360249279401,1.3239444730663157,0.2907266346329873,1.2725965291356944,-29.986295877185263,0.02347545766809999,0.41724195731353847
OVRPB,permuted_R45A,full,7,100.0,1000,0.511,0.968,0.985,6.339152836561099,1.3137826269702675,0.27162798816724454,1.253310902411453,-28.016412159794047,0.022268044949799993,0.40708011121749044
OVRPB,permuted_R45A,permutable_only,7,100.0,1000,0.511,0.968,0.985,6.339152836561099,1.3137826269702675,0.27162798816724454,1.253310902411453,-28.016412159794047,0.022268044949799993,0.40708011121749044
OVRPB,permuted_R45A,full,8,100.0,1000,0.528,0.967,0.982,6.334165912389901,1.225506662028085,0.19274568035860806,1.1736563181836024,-19.88028722438555,0.017281120778599984,0.31880414627530784
OVRPB,permuted_R45A,permutable_only,8,100.0,1000,0.528,0.967,0.982,6.334165912389901,1.225506662028085,0.19274568035860806,1.1736563181836024,-19.88028722438555,0.017281120778599984,0.31880414627530784
OVRPB,permuted_R45A,full,9,100.0,1000,0.503,0.967,0.981,6.3402996501904,1.324202598664312,0.28976808867811066,1.271628598789598,-29.887428972023194,0.02341485857909999,0.4175000829115349
OVRPB,permuted_R45A,permutable_only,9,100.0,1000,0.503,0.967,0.981,6.3402996501904,1.324202598664312,0.28976808867811066,1.271628598789598,-29.887428972023194,0.02341485857909999,0.4175000829115349
OVRPB,permuted_R45A,full,10,100.0,1000,0.478,0.968,0.982,6.3409158892621,1.3431169844421185,0.29951565219998866,1.2814715932599752,-30.892817846069036,0.024031097650799985,0.4364144686893413
OVRPB,permuted_R45A,permutable_only,10,100.0,1000,0.478,0.968,0.982,6.3409158892621,1.3431169844421185,0.29951565219998866,1.2814715932599752,-30.892817846069036,0.024031097650799985,0.4364144686893413
OVRPB,permuted_R45A,full,11,100.0,1000,0.484,0.967,0.979,6.3425586709975,1.358175301188155,0.32550089080911615,1.3077112334907381,-33.5730024612697,0.025673879386199985,0.45147278543537767
OVRPB,permuted_R45A,permutable_only,11,100.0,1000,0.484,0.967,0.979,6.3425586709975,1.358175301188155,0.32550089080911615,1.3077112334907381,-33.5730024612697,0.025673879386199985,0.45147278543537767
OVRPB,permuted_R45A,full,12,100.0,1000,0.483,0.968,0.983,6.343993478058999,1.3842140198438404,0.3481964218390088,1.3306289591282994,-35.91387814131016,0.027108686447699995,0.47751150409106324
OVRPB,permuted_R45A,permutable_only,12,100.0,1000,0.483,0.968,0.983,6.343993478058999,1.3842140198438404,0.3481964218390088,1.3306289591282994,-35.91387814131016,0.027108686447699995,0.47751150409106324
OVRPB,permuted_R45A,full,13,100.0,1000,0.512,0.968,0.981,6.3374216325266,1.2777323147799748,0.2442441008569718,1.225658920378514,-25.19196730564589,0.020536840915300003,0.3710297990271976
OVRPB,permuted_R45A,permutable_only,13,100.0,1000,0.512,0.968,0.981,6.3374216325266,1.2777323147799748,0.2442441008569718,1.225658920378514,-25.19196730564589,0.020536840915300003,0.3710297990271976
OVRPB,permuted_R45A,full,14,100.0,1000,0.491,0.968,0.978,6.341936409233901,1.329648076275183,0.3156580613838722,1.297772040441303,-32.55778761593267,0.025051617622599987,0.4229455605224059
OVRPB,permuted_R45A,permutable_only,14,100.0,1000,0.491,0.968,0.978,6.341936409233901,1.329648076275183,0.3156580613838722,1.297772040441303,-32.55778761593267,0.025051617622599987,0.4229455605224059
OVRPB,permuted_R45A,full,15,100.0,1000,0.486,0.967,0.985,6.3421789879793,1.3533071652255046,0.3194951302073479,1.301646675074597,-32.95355280334852,0.02529419636799999,0.44660464947272743
OVRPB,permuted_R45A,permutable_only,15,100.0,1000,0.486,0.967,0.985,6.3421789879793,1.3533071652255046,0.3194951302073479,1.301646675074597,-32.95355280334852,0.02529419636799999,0.44660464947272743
OVRPB,permuted_R45A,full,16,100.0,1000,0.507,0.968,0.984,6.338213758229,1.282049605531046,0.25677380881619083,1.2383112971371846,-26.484313741651118,0.021328966617699997,0.37534708977826875
OVRPB,permuted_R45A,permutable_only,16,100.0,1000,0.507,0.968,0.984,6.338213758229,1.282049605531046,0.25677380881619083,1.2383112971371846,-26.484313741651118,0.021328966617699997,0.37534708977826875
OVRPB,permuted_R45A,full,17,100.0,1000,0.499,0.968,0.981,6.342301200865601,1.3667454397061751,0.32142827259822315,1.3035987433859253,-33.15294210174667,0.025416409254300006,0.46004292395339813
OVRPB,permuted_R45A,permutable_only,17,100.0,1000,0.499,0.968,0.981,6.342301200865601,1.3667454397061751,0.32142827259822315,1.3035987433859253,-33.15294210174667,0.025416409254300006,0.46004292395339813
OVRPB,permuted_R45A,full,18,100.0,1000,0.495,0.969,0.981,6.3413990194797005,1.3433330392730052,0.3071577227886202,1.2891884815241061,-31.681040741690612,0.02451422786839999,0.4366305235202279
OVRPB,permuted_R45A,permutable_only,18,100.0,1000,0.495,0.969,0.981,6.3413990194797005,1.3433330392730052,0.3071577227886202,1.2891884815241061,-31.681040741690612,0.02451422786839999,0.4366305235202279
OVRPB,permuted_R45A,full,19,100.0,1000,0.516,0.968,0.986,6.334877742290299,1.2324121973051572,0.20400528314841182,1.1850261551433539,-21.041631733260846,0.01799295067900001,0.32570968155237995
OVRPB,permuted_R45A,permutable_only,19,100.0,1000,0.516,0.968,0.986,6.334877742290299,1.2324121973051572,0.20400528314841182,1.1850261551433539,-21.041631733260846,0.01799295067900001,0.32570968155237995
OVRPB,permuted_R45A,full,20,100.0,1000,0.496,0.967,0.984,6.3397457582939,1.322299734483022,0.28100672203759114,1.262781456300921,-28.98375899110385,0.022860966682599987,0.41559721873024486
OVRPB,permuted_R45A,permutable_only,20,100.0,1000,0.496,0.967,0.984,6.3397457582939,1.322299734483022,0.28100672203759114,1.262781456300921,-28.98375899110385,0.022860966682599987,0.41559721873024486
OVRPB,permuted_R45A,full,21,100.0,1000,0.511,0.967,0.98,6.339772455929899,1.3059748898441768,0.28142902064656194,1.2632078893130005,-29.027315960191345,0.022887664318599992,0.3992723740913996
OVRPB,permuted_R45A,permutable_only,21,100.0,1000,0.511,0.967,0.98,6.339772455929899,1.3059748898441768,0.28142902064656194,1.2632078893130005,-29.027315960191345,0.022887664318599992,0.3992723740913996
OVRPB,permuted_R45A,full,22,100.0,1000,0.485,0.967,0.986,6.3421516425606,1.3341786502124815,0.3190625850831408,1.301209895231481,-32.90893898222008,0.025266850949299993,0.42747613445970434
OVRPB,permuted_R45A,permutable_only,22,100.0,1000,0.485,0.967,0.986,6.3421516425606,1.3341786502124815,0.3190625850831408,1.301209895231481,-32.90893898222008,0.025266850949299993,0.42747613445970434
OVRPB,permuted_R45A,full,23,100.0,1000,0.523,0.968,0.983,6.3358198187339,1.2407160905483505,0.21890688611094777,1.2000736483174679,-22.57862154515964,0.018935027122599996,0.3340135747955737
OVRPB,permuted_R45A,permutable_only,23,100.0,1000,0.523,0.968,0.983,6.3358198187339,1.2407160905483505,0.21890688611094777,1.2000736483174679,-22.57862154515964,0.018935027122599996,0.3340135747955737
OVRPB,permuted_R45A,full,24,100.0,1000,0.513,0.969,0.983,6.338895517348601,1.3010067496674633,0.2675577571734422,1.249200822895169,-27.596598024007925,0.022010725737300004,0.39430423391468605
OVRPB,permuted_R45A,permutable_only,24,100.0,1000,0.513,0.969,0.983,6.338895517348601,1.3010067496674633,0.2675577571734422,1.249200822895169,-27.596598024007925,0.022010725737300004,0.39430423391468605
OVRPB,permuted_R45A,full,25,100.0,1000,0.462,0.968,0.982,6.3447582159038,1.3998906582161987,0.3602929133828203,1.3428438781805774,-37.16154151747998,0.027873424292499987,0.4931881424634215
OVRPB,permuted_R45A,permutable_only,25,100.0,1000,0.462,0.968,0.982,6.3447582159038,1.3998906582161987,0.3602929133828203,1.3428438781805774,-37.16154151747998,0.027873424292499987,0.4931881424634215
OVRPB,permuted_R45A,full,26,100.0,1000,0.478,0.968,0.983,6.3452070443621,1.4052334052934967,0.3673924046494914,1.3500128751430474,-37.8938013806606,0.02832225275079999,0.49853088954071956
OVRPB,permuted_R45A,permutable_only,26,100.0,1000,0.478,0.968,0.983,6.3452070443621,1.4052334052934967,0.3673924046494914,1.3500128751430474,-37.8938013806606,0.02832225275079999,0.49853088954071956
OVRPB,permuted_R45A,full,27,100.0,1000,0.493,0.967,0.981,6.3421717374321,1.3496031375731063,0.3193804423002655,1.3015308643458123,-32.94172359643784,0.02528694582079999,0.4429006218203289
OVRPB,permuted_R45A,permutable_only,27,100.0,1000,0.493,0.967,0.981,6.3421717374321,1.3496031375731063,0.3193804423002655,1.3015308643458123,-32.94172359643784,0.02528694582079999,0.4429006218203289
OVRPB,permuted_R45A,full,28,100.0,1000,0.501,0.968,0.981,6.3462839984873,1.4257108502229878,0.3844274795540503,1.367214727453292,-39.6508429982039,0.029399206876000002,0.5190083344702107
OVRPB,permuted_R45A,permutable_only,28,100.0,1000,0.501,0.968,0.981,6.3462839984873,1.4257108502229878,0.3844274795540503,1.367214727453292,-39.6508429982039,0.029399206876000002,0.5190083344702107
OVRPB,permuted_R45A,full,29,100.0,1000,0.502,0.967,0.982,6.340711457966701,1.322015708178083,0.296281993171732,1.278206275946281,-30.55928990319717,0.02382666635539998,0.41531319242530584
OVRPB,permuted_R45A,permutable_only,29,100.0,1000,0.502,0.967,0.982,6.340711457966701,1.322015708178083,0.296281993171732,1.278206275946281,-30.55928990319717,0.02382666635539998,0.41531319242530584
OVRPB,permuted_R45A,full,30,100.0,1000,0.522,0.968,0.98,6.3339851338855,1.2098886969965443,0.18988615710544554,1.1707687995226035,-19.585348611535576,0.0171003422742,0.30318618124376717
OVRPB,permuted_R45A,permutable_only,30,100.0,1000,0.522,0.968,0.98,6.3339851338855,1.2098886969965443,0.18988615710544554,1.1707687995226035,-19.585348611535576,0.0171003422742,0.30318618124376717
OVRPB,permuted_R45A,full,31,100.0,1000,0.492,0.967,0.986,6.3382322838301,1.296044609844213,0.2570668435843526,1.2386072007849247,-26.514538104380726,0.021347492218799984,0.3893420940914359
OVRPB,permuted_R45A,permutable_only,31,100.0,1000,0.492,0.967,0.986,6.3382322838301,1.296044609844213,0.2570668435843526,1.2386072007849247,-26.514538104380726,0.021347492218799984,0.3893420940914359
OVRPB,permuted_R45A,full,32,100.0,1000,0.493,0.967,0.983,6.3406226038931,1.345881785140198,0.2948765147358978,1.27678703754468,-30.414325227773926,0.023737812281799983,0.43917926938742075
OVRPB,permuted_R45A,permutable_only,32,100.0,1000,0.493,0.967,0.983,6.3406226038931,1.345881785140198,0.2948765147358978,1.27678703754468,-30.414325227773926,0.023737812281799983,0.43917926938742075
OVRPB,permuted_R45A,full,33,100.0,1000,0.499,0.968,0.986,6.3405144996639,1.3077202222201303,0.2931665406535888,1.275060322412358,-30.2379540850377,0.023629708052599997,0.40101770646735324
OVRPB,permuted_R45A,permutable_only,33,100.0,1000,0.499,0.968,0.986,6.3405144996639,1.3077202222201303,0.2931665406535888,1.275060322412358,-30.2379540850377,0.023629708052599997,0.40101770646735324
OVRPB,permuted_R45A,full,34,100.0,1000,0.492,0.968,0.982,6.3418324327467,1.3518482909028982,0.31401337921372896,1.2961112564443766,-32.38815084962789,0.024947641135399996,0.44514577515012066
OVRPB,permuted_R45A,permutable_only,34,100.0,1000,0.492,0.968,0.982,6.3418324327467,1.3518482909028982,0.31401337921372896,1.2961112564443766,-32.38815084962789,0.024947641135399996,0.44514577515012066
OVRPB,permuted_R45A,full,35,100.0,1000,0.493,0.967,0.982,6.340373438119,1.327310285392538,0.290935253426694,1.2728071903566507,-30.00781335831144,0.023488646507700002,0.4206077696397607
OVRPB,permuted_R45A,permutable_only,35,100.0,1000,0.493,0.967,0.982,6.340373438119,1.327310285392538,0.290935253426694,1.2728071903566507,-30.00781335831144,0.023488646507700002,0.4206077696397607
OVRPB,permuted_R45A,full,36,100.0,1000,0.521,0.968,0.983,6.3339429719439995,1.2058867682604184,0.18921924677492985,1.1700953599824704,-19.516561757797014,0.01705818033269999,0.2991842525076413
OVRPB,permuted_R45A,permutable_only,36,100.0,1000,0.521,0.968,0.983,6.3339429719439995,1.2058867682604184,0.18921924677492985,1.1700953599824704,-19.516561757797014,0.01705818033269999,0.2991842525076413
OVRPB,permuted_R45A,full,37,100.0,1000,0.521,0.967,0.983,6.3321313009253,1.1757714204983525,0.16056254656473534,1.1411581039107777,-16.560835694199117,0.015246509313999995,0.2690689047455753
OVRPB,permuted_R45A,permutable_only,37,100.0,1000,0.521,0.967,0.983,6.3321313009253,1.1757714204983525,0.16056254656473534,1.1411581039107777,-16.560835694199117,0.015246509313999995,0.2690689047455753
OVRPB,permuted_R45A,full,38,100.0,1000,0.482,0.968,0.986,6.3436823356152,1.3813561611771288,0.34327482424068023,1.325659177927374,-35.40625185533672,0.0267975440039,0.47465364542435157
OVRPB,permuted_R45A,permutable_only,38,100.0,1000,0.482,0.968,0.986,6.3436823356152,1.3813561611771288,0.34327482424068023,1.325659177927374,-35.40625185533672,0.0267975440039,0.47465364542435157
OVRPB,permuted_R45A,full,39,100.0,1000,0.496,0.968,0.984,6.3394696245185,1.3132466675996146,0.2766388855276025,1.2583708576401564,-28.53324905383304,0.022584832907199995,0.40654415184683734
OVRPB,permuted_R45A,permutable_only,39,100.0,1000,0.496,0.968,0.984,6.3394696245185,1.3132466675996146,0.2766388855276025,1.2583708576401564,-28.53324905383304,0.022584832907199995,0.40654415184683734
OVRPB,permuted_R45A,full,40,100.0,1000,0.493,0.968,0.985,6.343958602666801,1.394651590935096,0.34764476889064255,1.3300719053673138,-35.856979231610595,0.027073811055499993,0.48794907518231884
OVRPB,permuted_R45A,permutable_only,40,100.0,1000,0.493,0.968,0.985,6.343958602666801,1.394651590935096,0.34764476889064255,1.3300719053673138,-35.856979231610595,0.027073811055499993,0.48794907518231884
OVRPB,permuted_R45A,full,41,100.0,1000,0.506,0.967,0.979,6.3421931951044,1.3319162061413143,0.319719856065781,1.301873601052228,-32.97673160872462,0.02530840349309999,0.42521369038853757
OVRPB,permuted_R45A,permutable_only,41,100.0,1000,0.506,0.967,0.979,6.3421931951044,1.3319162061413143,0.319719856065781,1.301873601052228,-32.97673160872462,0.02530840349309999,0.42521369038853757
OVRPB,permuted_R45A,full,42,100.0,1000,0.506,0.967,0.981,6.3387503409381,1.2912374428170996,0.26526138171101277,1.2468819653747465,-27.35974392858505,0.021865549326799984,0.3845349270643226
OVRPB,permuted_R45A,permutable_only,42,100.0,1000,0.506,0.967,0.981,6.3387503409381,1.2912374428170996,0.26526138171101277,1.2468819653747465,-27.35974392858505,0.021865549326799984,0.3845349270643226
OVRPB,permuted_R45A,full,43,100.0,1000,0.498,0.968,0.986,6.3387359061235005,1.2828166338104738,0.2650330542993018,1.2466514025837538,-27.336193649701674,0.0218511145122,0.3761141180576966
OVRPB,permuted_R45A,permutable_only,43,100.0,1000,0.498,0.968,0.986,6.3387359061235005,1.2828166338104738,0.2650330542993018,1.2466514025837538,-27.336193649701674,0.0218511145122,0.3761141180576966
OVRPB,permuted_R45A,full,44,100.0,1000,0.515,0.968,0.981,6.3395914945588,1.289895326352404,0.2785666048394475,1.260317449779258,-28.732079001857088,0.022706702947499994,0.3831928105996269
OVRPB,permuted_R45A,permutable_only,44,100.0,1000,0.515,0.968,0.981,6.3395914945588,1.289895326352404,0.2785666048394475,1.260317449779258,-28.732079001857088,0.022706702947499994,0.3831928105996269
OVRPB,permuted_R45A,full,45,100.0,1000,0.482,0.968,0.987,6.3434263396247,1.3977984877757204,0.3392255237445907,1.3215702338233104,-34.98859654513555,0.026541548013399988,0.4910959720229432
OVRPB,permuted_R45A,permutable_only,45,100.0,1000,0.482,0.968,0.987,6.3434263396247,1.3977984877757204,0.3392255237445907,1.3215702338233104,-34.98859654513555,0.026541548013399988,0.4910959720229432
OVRPB,permuted_R45A,full,46,100.0,1000,0.51,0.967,0.98,6.336165714979599,1.2656272001059867,0.22437821336325214,1.2055985411554726,-23.142948367282106,0.0192809233683,0.35892468435320957
OVRPB,permuted_R45A,permutable_only,46,100.0,1000,0.51,0.967,0.98,6.336165714979599,1.2656272001059867,0.22437821336325214,1.2055985411554726,-23.142948367282106,0.0192809233683,0.35892468435320957
OVRPB,permuted_R45A,full,47,100.0,1000,0.478,0.967,0.984,6.3423244407174,1.3562733197609553,0.3217958765721507,1.3039699462895626,-33.19085772493029,0.02543964910609999,0.44957080400817806
OVRPB,permuted_R45A,permutable_only,47,100.0,1000,0.478,0.967,0.984,6.3423244407174,1.3562733197609553,0.3217958765721507,1.3039699462895626,-33.19085772493029,0.02543964910609999,0.44957080400817806
OVRPB,permuted_R45A,full,48,100.0,1000,0.494,0.967,0.978,6.3414345605376,1.335098530913151,0.30771990512241665,1.2897561677556846,-31.739025679395503,0.024549768926300005,0.42839601516037384
OVRPB,permuted_R45A,permutable_only,48,100.0,1000,0.494,0.967,0.978,6.3414345605376,1.335098530913151,0.30771990512241665,1.2897561677556846,-31.739025679395503,0.024549768926300005,0.42839601516037384
OVRPB,permuted_R45A,full,49,100.0,1000,0.46,0.967,0.98,6.3452346053115,1.4196897147145993,0.3678283590011988,1.3504530975908091,-37.93876683831731,0.02834981370019999,0.5129871989618219
OVRPB,permuted_R45A,permutable_only,49,100.0,1000,0.46,0.967,0.98,6.3452346053115,1.4196897147145993,0.3678283590011988,1.3504530975908091,-37.93876683831731,0.02834981370019999,0.5129871989618219
OVRPB,permuted_R45A,full,50,100.0,1000,0.493,0.968,0.984,6.337924972771599,1.2940074420744212,0.2522058501789104,1.2336986171062492,-26.01316269136813,0.021040181160299997,0.38730492632164426
OVRPB,permuted_R45A,permutable_only,50,100.0,1000,0.493,0.968,0.984,6.337924972771599,1.2940074420744212,0.2522058501789104,1.2336986171062492,-26.01316269136813,0.021040181160299997,0.38730492632164426
OVRPB,permuted_R45A,full,51,100.0,1000,0.503,0.968,0.981,6.3416725976466,1.3398831614986917,0.3114851351234016,1.2935582602474405,-32.12738122513882,0.024787806035299988,0.43318064574591436
OVRPB,permuted_R45A,permutable_only,51,100.0,1000,0.503,0.968,0.981,6.3416725976466,1.3398831614986917,0.3114851351234016,1.2935582602474405,-32.12738122513882,0.024787806035299988,0.43318064574591436
OVRPB,permuted_R45A,full,52,100.0,1000,0.475,0.968,0.985,6.3438668358319,1.3877040437574493,0.34619321689812743,1.3286061423380513,-35.70726241057055,0.02698204422060001,0.48100152800467205
OVRPB,permuted_R45A,permutable_only,52,100.0,1000,0.475,0.968,0.985,6.3438668358319,1.3877040437574493,0.34619321689812743,1.3286061423380513,-35.70726241057055,0.02698204422060001,0.48100152800467205
OVRPB,permuted_R45A,full,53,100.0,1000,0.523,0.967,0.982,6.3358471782198995,1.2480674629191184,0.2193396537492731,1.2005106528531595,-22.623258316968883,0.01896238660859999,0.3413649471663412
OVRPB,permuted_R45A,permutable_only,53,100.0,1000,0.523,0.967,0.982,6.3358471782198995,1.2480674629191184,0.2193396537492731,1.2005106528531595,-22.623258316968883,0.01896238660859999,0.3413649471663412
OVRPB,permuted_R45A,full,54,100.0,1000,0.499,0.968,0.983,6.3359516246312,1.2534804735885243,0.2209917690978891,1.2021789428011465,-22.79366176049864,0.019066833019899997,0.3467779578357473
OVRPB,permuted_R45A,permutable_only,54,100.0,1000,0.499,0.968,0.983,6.3359516246312,1.2534804735885243,0.2209917690978891,1.2021789428011465,-22.79366176049864,0.019066833019899997,0.3467779578357473
OVRPB,permuted_R45A,full,55,100.0,1000,0.499,0.967,0.981,6.340026621341099,1.32760674137241,0.2854493653545287,1.2672675941449274,-29.441984695627138,0.0231418297298,0.4209042256196328
OVRPB,permuted_R45A,permutable_only,55,100.0,1000,0.499,0.967,0.981,6.340026621341099,1.32760674137241,0.2854493653545287,1.2672675941449274,-29.441984695627138,0.0231418297298,0.4209042256196328
OVRPB,permuted_R45A,full,56,100.0,1000,0.478,0.968,0.979,6.345011159180499,1.4062356280470623,0.36429392657768567,1.3468840622393285,-37.57421635073321,0.0281263675692,0.4995331122942849
OVRPB,permuted_R45A,permutable_only,56,100.0,1000,0.478,0.968,0.979,6.345011159180499,1.4062356280470623,0.36429392657768567,1.3468840622393285,-37.57421635073321,0.0281263675692,0.4995331122942849
OVRPB,permuted_R45A,full,57,100.0,1000,0.494,0.968,0.98,6.3443228368758,1.3897516117608506,0.3534061628887031,1.3358897047730078,-36.45122428696595,0.02743804526449999,0.48304909600807333
OVRPB,permuted_R45A,permutable_only,57,100.0,1000,0.494,0.968,0.98,6.3443228368758,1.3897516117608506,0.3534061628887031,1.3358897047730078,-36.45122428696595,0.02743804526449999,0.48304909600807333
OVRPB,permuted_R45A,full,58,100.0,1000,0.501,0.967,0.98,6.339040433406399,1.3136857445494043,0.26985001442163536,1.2515155218830731,-27.833027356180796,0.022155641795099996,0.40698322879662713
OVRPB,permuted_R45A,permutable_only,58,100.0,1000,0.501,0.967,0.98,6.339040433406399,1.3136857445494043,0.26985001442163536,1.2515155218830731,-27.833027356180796,0.022155641795099996,0.40698322879662713
OVRPB,permuted_R45A,full,59,100.0,1000,0.493,0.968,0.982,6.3436504654854,1.3680543938158187,0.3427707080154274,1.325150126285246,-35.35425600601963,0.026765673874099994,0.46135187806304145
OVRPB,permuted_R45A,permutable_only,59,100.0,1000,0.493,0.968,0.982,6.3436504654854,1.3680543938158187,0.3427707080154274,1.325150126285246,-35.35425600601963,0.026765673874099994,0.46135187806304145
OVRPB,permuted_R45A,full,60,100.0,1000,0.496,0.967,0.98,6.343966980933799,1.3943899812809826,0.3477772948753177,1.3302057288126612,-35.87064830390869,0.02708218932249999,0.48768746552820536
OVRPB,permuted_R45A,permutable_only,60,100.0,1000,0.496,0.967,0.98,6.343966980933799,1.3943899812809826,0.3477772948753177,1.3302057288126612,-35.87064830390869,0.02708218932249999,0.48768746552820536
OVRPB,permuted_R45A,full,61,100.0,1000,0.469,0.968,0.984,6.3490443377481,1.4705924143478124,0.4280900506603569,1.4113047654403799,-44.154313337635344,0.0321595461368,0.5638898985950352
OVRPB,permuted_R45A,permutable_only,61,100.0,1000,0.469,0.968,0.984,6.3490443377481,1.4705924143478124,0.4280900506603569,1.4113047654403799,-44.154313337635344,0.0321595461368,0.5638898985950352
OVRPB,permuted_R45A,full,62,100.0,1000,0.488,0.967,0.981,6.345105697868799,1.4073425190697413,0.3657893232699827,1.3483940992183197,-37.728455427332946,0.0282209062575,0.5006400033169641
OVRPB,permuted_R45A,permutable_only,62,100.0,1000,0.488,0.967,0.981,6.345105697868799,1.4073425190697413,0.3657893232699827,1.3483940992183197,-37.728455427332946,0.0282209062575,0.5006400033169641
OVRPB,permuted_R45A,full,63,100.0,1000,0.465,0.968,0.983,6.3414233529557,1.3488684244036582,0.3075426255218394,1.289577152545962,-31.720740603579063,0.0245385613444,0.4421659086508808
OVRPB,permuted_R45A,permutable_only,63,100.0,1000,0.465,0.968,0.983,6.3414233529557,1.3488684244036582,0.3075426255218394,1.289577152545962,-31.720740603579063,0.0245385613444,0.4421659086508808
OVRPB,permuted_R45A,full,64,100.0,1000,0.486,0.967,0.983,6.3440520474916,1.38575709289229,0.3491228630384313,1.3315644704058105,-36.00943367908789,0.027167255880299997,0.47905457713951316
OVRPB,permuted_R45A,permutable_only,64,100.0,1000,0.486,0.967,0.983,6.3440520474916,1.38575709289229,0.3491228630384313,1.3315644704058105,-36.00943367908789,0.027167255880299997,0.47905457713951316
OVRPB,permuted_R45A,full,65,100.0,1000,0.481,0.967,0.981,6.3453779699786,1.396453522528881,0.37009607661846466,1.3527430166990095,-38.17266508958461,0.028493178367299997,0.48975100677610395
OVRPB,permuted_R45A,permutable_only,65,100.0,1000,0.481,0.967,0.981,6.3453779699786,1.396453522528881,0.37009607661846466,1.3527430166990095,-38.17266508958461,0.028493178367299997,0.48975100677610395
OVRPB,permuted_R45A,full,66,100.0,1000,0.5,0.968,0.979,6.3379386708729,1.2945029422715957,0.2524225243865086,1.2339174126055008,-26.035511028686216,0.021053879261600003,0.3878004265188186
OVRPB,permuted_R45A,permutable_only,66,100.0,1000,0.5,0.968,0.979,6.3379386708729,1.2945029422715957,0.2524225243865086,1.2339174126055008,-26.035511028686216,0.021053879261600003,0.3878004265188186
OVRPB,permuted_R45A,full,67,100.0,1000,0.493,0.968,0.982,6.342217243670601,1.348009152932597,0.3201002521448615,1.3022577212987496,-33.01596664266716,0.025332452059299997,0.4413066371798199
OVRPB,permuted_R45A,permutable_only,67,100.0,1000,0.493,0.968,0.982,6.342217243670601,1.348009152932597,0.3201002521448615,1.3022577212987496,-33.01596664266716,0.025332452059299997,0.4413066371798199
OVRPB,permuted_R45A,full,68,100.0,1000,0.502,0.967,0.981,6.340578437089899,1.3068377631896517,0.2941778918482463,1.2760815749740084,-30.34226745899684,0.023693645478599992,0.40013524743687456
OVRPB,permuted_R45A,permutable_only,68,100.0,1000,0.502,0.967,0.981,6.340578437089899,1.3068377631896517,0.2941778918482463,1.2760815749740084,-30.34226745899684,0.023693645478599992,0.40013524743687456
OVRPB,permuted_R45A,full,69,100.0,1000,0.507,0.968,0.984,6.339209278821301,1.3136410489452939,0.2725207821199449,1.2542124370277685,-28.1084972336537,0.022324487209999994,0.4069385331925167
OVRPB,permuted_R45A,permutable_only,69,100.0,1000,0.507,0.968,0.984,6.339209278821301,1.3136410489452939,0.2725207821199449,1.2542124370277685,-28.1084972336537,0.022324487209999994,0.4069385331925167
OVRPB,permuted_R45A,full,70,100.0,1000,0.496,0.967,0.987,6.3435828607075,1.3751428190038528,0.3417013472799324,1.3240702962556528,-35.24395937821116,0.026698069096199994,0.46844030325107566
OVRPB,permuted_R45A,permutable_only,70,100.0,1000,0.496,0.967,0.987,6.3435828607075,1.3751428190038528,0.3417013472799324,1.3240702962556528,-35.24395937821116,0.026698069096199994,0.46844030325107566
OVRPB,permuted_R45A,full,71,100.0,1000,0.479,0.968,0.987,6.3446209115976995,1.3908029169437917,0.35812105751227286,1.3406507593282102,-36.937530694324145,0.027736119986400007,0.4841004011910144
OVRPB,permuted_R45A,permutable_only,71,100.0,1000,0.479,0.968,0.987,6.3446209115976995,1.3908029169437917,0.35812105751227286,1.3406507593282102,-36.937530694324145,0.027736119986400007,0.4841004011910144
OVRPB,permuted_R45A,full,72,100.0,1000,0.523,0.968,0.986,6.334017391682,1.224521646134471,0.19039640537579228,1.171284043244003,-19.637976935819836,0.017132600070700003,0.31781913038169374
OVRPB,permuted_R45A,permutable_only,72,100.0,1000,0.523,0.968,0.986,6.334017391682,1.224521646134471,0.19039640537579228,1.171284043244003,-19.637976935819836,0.017132600070700003,0.31781913038169374
OVRPB,permuted_R45A,full,73,100.0,1000,0.497,0.968,0.977,6.3390068721752995,1.2957006443770789,0.26931914864722906,1.2509794588073886,-27.77827248928455,0.022122080563999995,0.38899812862430166
OVRPB,permuted_R45A,permutable_only,73,100.0,1000,0.497,0.968,0.977,6.3390068721752995,1.2957006443770789,0.26931914864722906,1.2509794588073886,-27.77827248928455,0.022122080563999995,0.38899812862430166
OVRPB,permuted_R45A,full,74,100.0,1000,0.528,0.968,0.979,6.333397681473199,1.1986377625566602,0.1805939360049802,1.1613856053834803,-18.62692493072419,0.01651288986189999,0.29193524680388294
OVRPB,permuted_R45A,permutable_only,74,100.0,1000,0.528,0.968,0.979,6.333397681473199,1.1986377625566602,0.1805939360049802,1.1613856053834803,-18.62692493072419,0.01651288986189999,0.29193524680388294
OVRPB,permuted_R45A,full,75,100.0,1000,0.514,0.967,0.982,6.3382762138844,1.2877432744321504,0.2577617216186656,1.2393088818392517,-26.58620961931345,0.021391422273099998,0.38104075867937337
OVRPB,permuted_R45A,permutable_only,75,100.0,1000,0.514,0.967,0.982,6.3382762138844,1.2877432744321504,0.2577617216186656,1.2393088818392517,-26.58620961931345,0.021391422273099998,0.38104075867937337
OVRPB,permuted_R45A,full,76,100.0,1000,0.493,0.968,0.982,6.3425242831693005,1.3596799469536023,0.32495695006413694,1.307161967437409,-33.51689900814283,0.02563949155799999,0.4529774312008251
OVRPB,permuted_R45A,permutable_only,76,100.0,1000,0.493,0.968,0.982,6.3425242831693005,1.3596799469536023,0.32495695006413694,1.307161967437409,-33.51689900814283,0.02563949155799999,0.4529774312008251
OVRPB,permuted_R45A,full,77,100.0,1000,0.485,0.968,0.986,6.3400697793954,1.3205126175121114,0.28613203202578763,1.2679569442840766,-29.512396699039993,0.023184987784099994,0.4138101017593341
OVRPB,permuted_R45A,permutable_only,77,100.0,1000,0.485,0.968,0.986,6.3400697793954,1.3205126175121114,0.28613203202578763,1.2679569442840766,-29.512396699039993,0.023184987784099994,0.4138101017593341
OVRPB,permuted_R45A,full,78,100.0,1000,0.49,0.967,0.984,6.3405994124399,1.3381340242067172,0.294509676322674,1.2764166076967731,-30.37648856649971,0.023714620828600003,0.43143150845394007
OVRPB,permuted_R45A,permutable_only,78,100.0,1000,0.49,0.967,0.984,6.3405994124399,1.3381340242067172,0.294509676322674,1.2764166076967731,-30.37648856649971,0.023714620828600003,0.43143150845394007
OVRPB,permuted_R45A,full,79,100.0,1000,0.515,0.968,0.979,6.333647180796199,1.211952130249961,0.18454047333325008,1.1653707802440572,-19.033980982418722,0.016762389184899997,0.30524961449718374
OVRPB,permuted_R45A,permutable_only,79,100.0,1000,0.515,0.968,0.979,6.333647180796199,1.211952130249961,0.18454047333325008,1.1653707802440572,-19.033980982418722,0.016762389184899997,0.30524961449718374
OVRPB,permuted_R45A,full,80,100.0,1000,0.491,0.967,0.982,6.3456616597175,1.410576747836964,0.3745834320579844,1.3572743044078406,-38.63550251789694,0.028776868106199997,0.5038742320841868
OVRPB,permuted_R45A,permutable_only,80,100.0,1000,0.491,0.967,0.982,6.3456616597175,1.410576747836964,0.3745834320579844,1.3572743044078406,-38.63550251789694,0.028776868106199997,0.5038742320841868
OVRPB,permuted_R45A,full,81,100.0,1000,0.496,0.968,0.983,6.3370882964131,1.2696442088407685,0.23897144761297895,1.220334646614285,-24.648132233802695,0.0202035048018,0.36294169308799146
OVRPB,permuted_R45A,permutable_only,81,100.0,1000,0.496,0.968,0.983,6.3370882964131,1.2696442088407685,0.23897144761297895,1.220334646614285,-24.648132233802695,0.0202035048018,0.36294169308799146
OVRPB,permuted_R45A,full,82,100.0,1000,0.501,0.969,0.983,6.3384816694249,1.2988557969074213,0.2610115819795533,1.2425905591004316,-26.921408609471047,0.0215968778136,0.3921532811546442
OVRPB,permuted_R45A,permutable_only,82,100.0,1000,0.501,0.969,0.983,6.3384816694249,1.2988557969074213,0.2610115819795533,1.2425905591004316,-26.921408609471047,0.0215968778136,0.3921532811546442
OVRPB,permuted_R45A,full,83,100.0,1000,0.493,0.968,0.983,6.343965975999501,1.3948995106252713,0.3477613989976369,1.3301896773105781,-35.86900876203411,0.027081184388199998,0.48819699487249407
OVRPB,permuted_R45A,permutable_only,83,100.0,1000,0.493,0.968,0.983,6.343965975999501,1.3948995106252713,0.3477613989976369,1.3301896773105781,-35.86900876203411,0.027081184388199998,0.48819699487249407
OVRPB,permuted_R45A,full,84,100.0,1000,0.51,0.968,0.981,6.338699057340801,1.2943695198643481,0.26445018659979613,1.246062828471839,-27.276075169959178,0.021814265729499994,0.387667004111571
OVRPB,permuted_R45A,permutable_only,84,100.0,1000,0.51,0.968,0.981,6.338699057340801,1.2943695198643481,0.26445018659979613,1.246062828471839,-27.276075169959178,0.021814265729499994,0.387667004111571
OVRPB,permuted_R45A,full,85,100.0,1000,0.52,0.967,0.981,6.338907873152698,1.3037532072568956,0.2677531991550186,1.2493981782998986,-27.616756414703502,0.022023081541399998,0.39705069150411826
OVRPB,permuted_R45A,permutable_only,85,100.0,1000,0.52,0.967,0.981,6.338907873152698,1.3037532072568956,0.2677531991550186,1.2493981782998986,-27.616756414703502,0.022023081541399998,0.39705069150411826
OVRPB,permuted_R45A,full,86,100.0,1000,0.497,0.968,0.982,6.3427776098238,1.36199966002696,0.3289640274630301,1.311208275070186,-33.930199319060485,0.025892818212500005,0.4552971442741828
OVRPB,permuted_R45A,permutable_only,86,100.0,1000,0.497,0.968,0.982,6.3427776098238,1.36199966002696,0.3289640274630301,1.311208275070186,-33.930199319060485,0.025892818212500005,0.4552971442741828
OVRPB,permuted_R45A,full,87,100.0,1000,0.505,0.968,0.981,6.337176434040001,1.2630984464932986,0.24036559341829022,1.2217424414362243,-24.79192803244695,0.0202916424287,0.3563959307405211
OVRPB,permuted_R45A,permutable_only,87,100.0,1000,0.505,0.968,0.981,6.337176434040001,1.2630984464932986,0.24036559341829022,1.2217424414362243,-24.79192803244695,0.0202916424287,0.3563959307405211
OVRPB,permuted_R45A,full,88,100.0,1000,0.488,0.968,0.982,6.338418376445399,1.2944961736964842,0.2600104245286339,1.241579600081688,-26.81814664456515,0.0215335848341,0.3877936579437071
OVRPB,permuted_R45A,permutable_only,88,100.0,1000,0.488,0.968,0.982,6.338418376445399,1.2944961736964842,0.2600104245286339,1.241579600081688,-26.81814664456515,0.0215335848341,0.3877936579437071
OVRPB,permuted_R45A,full,89,100.0,1000,0.485,0.967,0.98,6.3442234375473,1.4106892707418592,0.3518338814267219,1.3343020303042463,-36.289055116670596,0.027338645935999988,0.5039867549890821
OVRPB,permuted_R45A,permutable_only,89,100.0,1000,0.485,0.967,0.98,6.3442234375473,1.4106892707418592,0.3518338814267219,1.3343020303042463,-36.289055116670596,0.027338645935999988,0.5039867549890821
OVRPB,permuted_R45A,full,90,100.0,1000,0.527,0.968,0.984,6.3382719583508,1.3013498711412368,0.25769440832097423,1.2392409095284718,-26.579266751956894,0.021387166739499988,0.3946473553884593
OVRPB,permuted_R45A,permutable_only,90,100.0,1000,0.527,0.968,0.984,6.3382719583508,1.3013498711412368,0.25769440832097423,1.2392409095284718,-26.579266751956894,0.021387166739499988,0.3946473553884593
OVRPB,permuted_R45A,full,91,100.0,1000,0.482,0.969,0.986,6.3395294618593,1.3066571515077126,0.2775853822805763,1.259326620819845,-28.630873173197045,0.022644670248000008,0.3999546357549353
OVRPB,permuted_R45A,permutable_only,91,100.0,1000,0.482,0.969,0.986,6.3395294618593,1.3066571515077126,0.2775853822805763,1.259326620819845,-28.630873173197045,0.022644670248000008,0.3999546357549353
OVRPB,permuted_R45A,full,92,100.0,1000,0.527,0.968,0.983,6.3346953542228,1.2496047219077773,0.20112030010333015,1.1821129274330655,-20.744067131723956,0.017810562611500002,0.3429022061550002
OVRPB,permuted_R45A,permutable_only,92,100.0,1000,0.527,0.968,0.983,6.3346953542228,1.2496047219077773,0.20112030010333015,1.1821129274330655,-20.744067131723956,0.017810562611500002,0.3429022061550002
OVRPB,permuted_R45A,full,93,100.0,1000,0.484,0.968,0.984,6.3425306701655,1.3523804042288092,0.3250579784702001,1.3072639849354362,-33.52731933884308,0.025645878554199995,0.44567788847603207
OVRPB,permuted_R45A,permutable_only,93,100.0,1000,0.484,0.968,0.984,6.3425306701655,1.3523804042288092,0.3250579784702001,1.3072639849354362,-33.52731933884308,0.025645878554199995,0.44567788847603207
OVRPB,permuted_R45A,full,94,100.0,1000,0.505,0.968,0.978,6.338627648828699,1.3089574913852708,0.2633206590516801,1.2449222425823248,-27.15957278172035,0.021742857217399995,0.40225497563249396
OVRPB,permuted_R45A,permutable_only,94,100.0,1000,0.505,0.968,0.978,6.338627648828699,1.3089574913852708,0.2633206590516801,1.2449222425823248,-27.15957278172035,0.021742857217399995,0.40225497563249396
OVRPB,permuted_R45A,full,95,100.0,1000,0.498,0.967,0.982,6.3414749567494,1.3446801317886883,0.3083588854445818,1.2904014038460865,-31.804931759946015,0.0245901651381,0.43797761603591084
OVRPB,permuted_R45A,permutable_only,95,100.0,1000,0.498,0.967,0.982,6.3414749567494,1.3446801317886883,0.3083588854445818,1.2904014038460865,-31.804931759946015,0.0245901651381,0.43797761603591084
OVRPB,permuted_R45A,full,96,100.0,1000,0.513,0.968,0.983,6.3352422330367,1.230693627851686,0.2097707350109168,1.190848052140936,-21.6362953272347,0.018357441425400002,0.3239911120989088
OVRPB,permuted_R45A,permutable_only,96,100.0,1000,0.513,0.968,0.983,6.3352422330367,1.230693627851686,0.2097707350109168,1.190848052140936,-21.6362953272347,0.018357441425400002,0.3239911120989088
OVRPB,permuted_R45A,full,97,100.0,1000,0.507,0.968,0.985,6.3391586797223995,1.3116999409933203,0.2717204142865137,1.253404233404276,-28.02594522842058,0.0222738881111,0.40499742524054316
OVRPB,permuted_R45A,permutable_only,97,100.0,1000,0.507,0.968,0.985,6.3391586797223995,1.3116999409933203,0.2717204142865137,1.253404233404276,-28.02594522842058,0.0222738881111,0.40499742524054316
OVRPB,permuted_R45A,full,98,100.0,1000,0.516,0.968,0.982,6.335266808748,1.2422778577130948,0.21015946938041097,1.1912405923117042,-21.67639039398271,0.018382017136699992,0.33557534196031774
OVRPB,permuted_R45A,permutable_only,98,100.0,1000,0.516,0.968,0.982,6.335266808748,1.2422778577130948,0.21015946938041097,1.1912405923117042,-21.67639039398271,0.018382017136699992,0.33557534196031774
OVRPB,permuted_R45A,full,99,100.0,1000,0.497,0.967,0.98,6.3449475431428,1.4184762198971475,0.36328765904782845,1.3458679431127551,-37.47042731908841,0.02806275153149998,0.5117737041443705
OVRPB,permuted_R45A,permutable_only,99,100.0,1000,0.497,0.967,0.98,6.3449475431428,1.4184762198971475,0.36328765904782845,1.3458679431127551,-37.47042731908841,0.02806275153149998,0.5117737041443705
OVRPL,R45A,full,-1,100.0,1000,0.402,0.691,0.862,7.432119432449256,0.7206319951617496,-0.07317247694651474,0.7121539976518099,9.383814254315277,0.0,0.0
OVRPL,R45A,permutable_only,-1,100.0,1000,0.402,0.691,0.862,7.432119432449256,0.7206319951617496,-0.07317247694651474,0.7121539976518099,9.383814254315277,0.0,0.0
OVRPL,conditional_majority,full,-1,100.0,1000,0.384,0.685,0.861,7.435574982404709,0.7807009500192302,-0.026711686382763222,0.7589799242832873,3.4255708415967763,0.003455549955452124,0.06006895485748061
OVRPL,conditional_majority,permutable_only,-1,100.0,1000,0.384,0.685,0.861,7.435574982404709,0.7807009500192302,-0.026711686382763222,0.7589799242832873,3.4255708415967763,0.003455549955452124,0.06006895485748061
OVRPL,conditional_mean_gap,full,-1,100.0,1000,0.364,0.684,0.861,7.435710519313813,0.7734906501207133,-0.024889356499324666,0.7608165758853147,3.191870878852712,0.0035910868645555177,0.05285865495896381
OVRPL,conditional_mean_gap,permutable_only,-1,100.0,1000,0.364,0.684,0.861,7.435710519313813,0.7734906501207133,-0.024889356499324666,0.7608165758853147,3.191870878852712,0.0035910868645555177,0.05285865495896381
OVRPL,permuted_R45A,full,0,100.0,1000,0.357,0.673,0.856,7.439925972938621,0.8264650273493105,0.0317885415251018,0.8179399063821258,-4.076638943151886,0.007806540489364795,0.10583303218756097
OVRPL,permuted_R45A,permutable_only,0,100.0,1000,0.357,0.673,0.856,7.439925972938621,0.8264650273493105,0.0317885415251018,0.8179399063821258,-4.076638943151886,0.007806540489364795,0.10583303218756097
OVRPL,permuted_R45A,full,1,100.0,1000,0.357,0.658,0.856,7.437653490781845,0.7990323472323867,0.001234412976258703,0.7871456524670251,-0.15830408598444315,0.005534058332588208,0.07840035207063703
OVRPL,permuted_R45A,permutable_only,1,100.0,1000,0.357,0.658,0.856,7.437653490781845,0.7990323472323867,0.001234412976258703,0.7871456524670251,-0.15830408598444315,0.005534058332588208,0.07840035207063703
OVRPL,permuted_R45A,full,2,100.0,1000,0.343,0.651,0.854,7.441309174299233,0.8527274425933511,0.05038605264529039,0.836683575628272,-6.461628453237673,0.009189741849976198,0.13209544743160143
OVRPL,permuted_R45A,permutable_only,2,100.0,1000,0.343,0.651,0.854,7.441309174299233,0.8527274425933511,0.05038605264529039,0.836683575628272,-6.461628453237673,0.009189741849976198,0.13209544743160143
OVRPL,permuted_R45A,full,3,100.0,1000,0.358,0.653,0.853,7.43866918993006,0.8105631803105622,0.014890758857322162,0.8009093237804521,-1.9096266937244657,0.0065497574808040535,0.0899311851488126
OVRPL,permuted_R45A,permutable_only,3,100.0,1000,0.358,0.653,0.853,7.43866918993006,0.8105631803105622,0.014890758857322162,0.8009093237804521,-1.9096266937244657,0.0065497574808040535,0.0899311851488126
OVRPL,permuted_R45A,full,4,100.0,1000,0.341,0.651,0.854,7.441345942497279,0.8513358086097323,0.05088041087215611,0.8371818190240576,-6.52502614004023,0.009226510048022999,0.13070381344798268
OVRPL,permuted_R45A,permutable_only,4,100.0,1000,0.341,0.651,0.854,7.441345942497279,0.8513358086097323,0.05088041087215611,0.8371818190240576,-6.52502614004023,0.009226510048022999,0.13070381344798268
OVRPL,permuted_R45A,full,5,100.0,1000,0.338,0.665,0.856,7.441715332508138,0.8587455931390877,0.055846958064953434,0.8421873983876393,-7.161948085112359,0.009595900058881543,0.13811359797733813
OVRPL,permuted_R45A,permutable_only,5,100.0,1000,0.338,0.665,0.856,7.441715332508138,0.8587455931390877,0.055846958064953434,0.8421873983876393,-7.161948085112359,0.009595900058881543,0.13811359797733813
OVRPL,permuted_R45A,full,6,100.0,1000,0.343,0.666,0.856,7.442533498525551,0.8686496144467738,0.06684741833073993,0.8532743114398667,-8.57267354028011,0.010414066076293922,0.14801761928502422
OVRPL,permuted_R45A,permutable_only,6,100.0,1000,0.343,0.666,0.856,7.442533498525551,0.8686496144467738,0.06684741833073993,0.8532743114398667,-8.57267354028011,0.010414066076293922,0.14801761928502422
OVRPL,permuted_R45A,full,7,100.0,1000,0.351,0.668,0.855,7.439304183244664,0.8338638945164702,0.02342841329137091,0.809514075772011,-3.00451601167165,0.007184750795405932,0.1132318993547207
OVRPL,permuted_R45A,permutable_only,7,100.0,1000,0.351,0.668,0.855,7.439304183244664,0.8338638945164702,0.02342841329137091,0.809514075772011,-3.00451601167165,0.007184750795405932,0.1132318993547207
OVRPL,permuted_R45A,full,8,100.0,1000,0.345,0.657,0.854,7.438575200319363,0.8137453252945946,0.01362704347944721,0.7996356768439794,-1.747564797349296,0.006455767870106226,0.09311333013284498
OVRPL,permuted_R45A,permutable_only,8,100.0,1000,0.345,0.657,0.854,7.438575200319363,0.8137453252945946,0.01362704347944721,0.7996356768439794,-1.747564797349296,0.006455767870106226,0.09311333013284498
OVRPL,permuted_R45A,full,9,100.0,1000,0.349,0.672,0.854,7.4385776734351765,0.813609606693211,0.013660295180994986,0.7996691898711772,-1.7518290754510386,0.006458240985920557,0.09297761153146138
OVRPL,permuted_R45A,permutable_only,9,100.0,1000,0.349,0.672,0.854,7.4385776734351765,0.813609606693211,0.013660295180994986,0.7996691898711772,-1.7518290754510386,0.006458240985920557,0.09297761153146138
OVRPL,permuted_R45A,full,10,100.0,1000,0.356,0.659,0.858,7.437639058589988,0.8039175843698309,0.0010403683084359017,0.7869500827991871,-0.13341933155465313,0.005519626140731347,0.08328558920808111
OVRPL,permuted_R45A,permutable_only,10,100.0,1000,0.356,0.659,0.858,7.437639058589988,0.8039175843698309,0.0010403683084359017,0.7869500827991871,-0.13341933155465313,0.005519626140731347,0.08328558920808111
OVRPL,permuted_R45A,full,11,100.0,1000,0.336,0.658,0.857,7.440144127845696,0.8368549812530571,0.03472169242111356,0.8208961089561484,-4.452793261505998,0.008024695396438915,0.11622298609130749
OVRPL,permuted_R45A,permutable_only,11,100.0,1000,0.336,0.658,0.857,7.440144127845696,0.8368549812530571,0.03472169242111356,0.8208961089561484,-4.452793261505998,0.008024695396438915,0.11622298609130749
OVRPL,permuted_R45A,full,12,100.0,1000,0.342,0.665,0.857,7.438103447437306,0.8124912451514752,0.007284200188606427,0.7932429850501466,-0.9341433338530402,0.005984014988048682,0.09185924998972544
OVRPL,permuted_R45A,permutable_only,12,100.0,1000,0.342,0.665,0.857,7.438103447437306,0.8124912451514752,0.007284200188606427,0.7932429850501466,-0.9341433338530402,0.005984014988048682,0.09185924998972544
OVRPL,permuted_R45A,full,13,100.0,1000,0.351,0.657,0.855,7.437529954433447,0.7948087028828416,-0.00042656616856540097,0.7854716196615597,0.05470387036329747,0.005410521984190968,0.07417670772109188
OVRPL,permuted_R45A,permutable_only,13,100.0,1000,0.351,0.657,0.855,7.437529954433447,0.7948087028828416,-0.00042656616856540097,0.7854716196615597,0.05470387036329747,0.005410521984190968,0.07417670772109188
OVRPL,permuted_R45A,full,14,100.0,1000,0.37,0.662,0.854,7.4393130676745365,0.8257791944254105,0.023547866820017305,0.8096344680877721,-3.0198350191949324,0.007193635225280249,0.10514719926366076
OVRPL,permuted_R45A,permutable_only,14,100.0,1000,0.37,0.662,0.854,7.4393130676745365,0.8257791944254105,0.023547866820017305,0.8096344680877721,-3.0198350191949324,0.007193635225280249,0.10514719926366076
OVRPL,permuted_R45A,full,15,100.0,1000,0.351,0.663,0.857,7.439361260891015,0.8250850278726372,0.02419583746615661,0.810287531145204,-3.102932331728303,0.0072418284417582034,0.10445303271088763
OVRPL,permuted_R45A,permutable_only,15,100.0,1000,0.351,0.663,0.857,7.439361260891015,0.8250850278726372,0.02419583746615661,0.810287531145204,-3.102932331728303,0.0072418284417582034,0.10445303271088763
OVRPL,permuted_R45A,full,16,100.0,1000,0.343,0.671,0.855,7.442736491441759,0.8695910074358804,0.06957671221665684,0.8560250548884207,-8.922684745853944,0.010617058992502856,0.14895901227413072
OVRPL,permuted_R45A,permutable_only,16,100.0,1000,0.343,0.671,0.855,7.442736491441759,0.8695910074358804,0.06957671221665684,0.8560250548884207,-8.922684745853944,0.010617058992502856,0.14895901227413072
OVRPL,permuted_R45A,full,17,100.0,1000,0.376,0.676,0.858,7.435817273855196,0.777804405338695,-0.023454013224621928,0.7622631995448881,3.007799008621489,0.0036978414059392335,0.05717241017694537
OVRPL,permuted_R45A,permutable_only,17,100.0,1000,0.376,0.676,0.858,7.435817273855196,0.777804405338695,-0.023454013224621928,0.7622631995448881,3.007799008621489,0.0036978414059392335,0.05717241017694537
OVRPL,permuted_R45A,full,18,100.0,1000,0.36,0.676,0.857,7.440612389326017,0.83996734414415,0.04101759288464013,0.8272414889982649,-5.2601946640391075,0.00849295687676111,0.11933534898240031
OVRPL,permuted_R45A,permutable_only,18,100.0,1000,0.36,0.676,0.857,7.440612389326017,0.83996734414415,0.04101759288464013,0.8272414889982649,-5.2601946640391075,0.00849295687676111,0.11933534898240031
OVRPL,permuted_R45A,full,19,100.0,1000,0.351,0.665,0.857,7.43891515374182,0.8175163123508921,0.018197807892006423,0.8042423629643691,-2.3337306077403674,0.006795721292563452,0.09688431718914234
OVRPL,permuted_R45A,permutable_only,19,100.0,1000,0.351,0.665,0.857,7.43891515374182,0.8175163123508921,0.018197807892006423,0.8042423629643691,-2.3337306077403674,0.006795721292563452,0.09688431718914234
OVRPL,permuted_R45A,full,20,100.0,1000,0.347,0.654,0.857,7.440093492269551,0.829085024965518,0.03404088359801882,0.8202099496460447,-4.3654847022603,0.0079740598202948,0.10845302980376821
OVRPL,permuted_R45A,permutable_only,20,100.0,1000,0.347,0.654,0.857,7.440093492269551,0.829085024965518,0.03404088359801882,0.8202099496460447,-4.3654847022603,0.0079740598202948,0.10845302980376821
OVRPL,permuted_R45A,full,21,100.0,1000,0.366,0.668,0.855,7.435974409341876,0.7878853616968235,-0.02134128470647756,0.7643925320289569,2.736857627225886,0.0038549768926193595,0.06725336653507401
OVRPL,permuted_R45A,permutable_only,21,100.0,1000,0.366,0.668,0.855,7.435974409341876,0.7878853616968235,-0.02134128470647756,0.7643925320289569,2.736857627225886,0.0038549768926193595,0.06725336653507401
OVRPL,permuted_R45A,full,22,100.0,1000,0.358,0.66,0.855,7.439345322132086,0.8173391652011847,0.023981536602324383,0.8100715460875874,-3.075449874052001,0.007225889682829738,0.09670717003943508
OVRPL,permuted_R45A,permutable_only,22,100.0,1000,0.358,0.66,0.855,7.439345322132086,0.8173391652011847,0.023981536602324383,0.8100715460875874,-3.075449874052001,0.007225889682829738,0.09670717003943508
OVRPL,permuted_R45A,full,23,100.0,1000,0.353,0.657,0.857,7.438178359270145,0.8100910749771231,0.008291409756155943,0.7942581102931889,-1.0633103088071147,0.006058926820888647,0.0894590798153735
OVRPL,permuted_R45A,permutable_only,23,100.0,1000,0.353,0.657,0.857,7.438178359270145,0.8100910749771231,0.008291409756155943,0.7942581102931889,-1.0633103088071147,0.006058926820888647,0.0894590798153735
OVRPL,permuted_R45A,full,24,100.0,1000,0.34,0.662,0.856,7.4399002285004645,0.8326715648980831,0.03144240068939652,0.8175910452202784,-4.032249010713654,0.007780796051207861,0.1120395697363335
OVRPL,permuted_R45A,permutable_only,24,100.0,1000,0.34,0.662,0.856,7.4399002285004645,0.8326715648980831,0.03144240068939652,0.8175910452202784,-4.032249010713654,0.007780796051207861,0.1120395697363335
OVRPL,permuted_R45A,full,25,100.0,1000,0.336,0.647,0.849,7.441090656280541,0.8508074310703659,0.04744801961675815,0.8337224525529763,-6.084848038479438,0.008971223831285107,0.1301754359086163
OVRPL,permuted_R45A,permutable_only,25,100.0,1000,0.336,0.647,0.849,7.441090656280541,0.8508074310703659,0.04744801961675815,0.8337224525529763,-6.084848038479438,0.008971223831285107,0.1301754359086163
OVRPL,permuted_R45A,full,26,100.0,1000,0.354,0.679,0.855,7.43988496351239,0.8293135342605308,0.03123715885435807,0.8173841903865053,-4.005928304657465,0.007765531063133545,0.10868153909878125
OVRPL,permuted_R45A,permutable_only,26,100.0,1000,0.354,0.679,0.855,7.43988496351239,0.8293135342605308,0.03123715885435807,0.8173841903865053,-4.005928304657465,0.007765531063133545,0.10868153909878125
OVRPL,permuted_R45A,full,27,100.0,1000,0.375,0.682,0.857,7.437333295822116,0.7929762465065023,-0.003070693636386679,0.7828067119552973,0.3937931298520035,0.005213863372859376,0.07234425134475275
OVRPL,permuted_R45A,permutable_only,27,100.0,1000,0.375,0.682,0.857,7.437333295822116,0.7929762465065023,-0.003070693636386679,0.7828067119552973,0.3937931298520035,0.005213863372859376,0.07234425134475275
OVRPL,permuted_R45A,full,28,100.0,1000,0.347,0.658,0.855,7.44067034912116,0.8443806700381997,0.041796877785160724,0.8280268983108074,-5.360132032060005,0.008550916671903615,0.12374867487645003
OVRPL,permuted_R45A,permutable_only,28,100.0,1000,0.347,0.658,0.855,7.44067034912116,0.8443806700381997,0.041796877785160724,0.8280268983108074,-5.360132032060005,0.008550916671903615,0.12374867487645003
OVRPL,permuted_R45A,full,29,100.0,1000,0.349,0.657,0.85,7.4400172123909085,0.8405102574839605,0.03301528028984979,0.819176286105705,-4.233958869815066,0.007897779941651807,0.11987826232221073
OVRPL,permuted_R45A,permutable_only,29,100.0,1000,0.349,0.657,0.85,7.4400172123909085,0.8405102574839605,0.03301528028984979,0.819176286105705,-4.233958869815066,0.007897779941651807,0.11987826232221073
OVRPL,permuted_R45A,full,30,100.0,1000,0.347,0.66,0.856,7.440435381889436,0.8380700535335472,0.03863768070127005,0.824842873048448,-4.954989007455617,0.00831594944017959,0.11743805837179763
OVRPL,permuted_R45A,permutable_only,30,100.0,1000,0.347,0.66,0.856,7.440435381889436,0.8380700535335472,0.03863768070127005,0.824842873048448,-4.954989007455617,0.00831594944017959,0.11743805837179763
OVRPL,permuted_R45A,full,31,100.0,1000,0.362,0.669,0.853,7.438091917753249,0.806346720856074,0.0071291805121109775,0.7930867470716363,-0.9142632380751627,0.0059724853039930925,0.08571472569432437
OVRPL,permuted_R45A,permutable_only,31,100.0,1000,0.362,0.669,0.853,7.438091917753249,0.806346720856074,0.0071291805121109775,0.7930867470716363,-0.9142632380751627,0.0059724853039930925,0.08571472569432437
OVRPL,permuted_R45A,full,32,100.0,1000,0.34,0.667,0.857,7.440554967641854,0.8445805299157069,0.040245543029726605,0.8264633715916903,-5.161185135650654,0.008435535192597144,0.1239485347539573
OVRPL,permuted_R45A,permutable_only,32,100.0,1000,0.34,0.667,0.857,7.440554967641854,0.8445805299157069,0.040245543029726605,0.8264633715916903,-5.161185135650654,0.008435535192597144,0.1239485347539573
OVRPL,permuted_R45A,full,33,100.0,1000,0.358,0.661,0.852,7.438272930860572,0.8134264655554309,0.009562950006691828,0.7955396435981088,-1.2263756856523729,0.006153498411316089,0.09279447039368119
OVRPL,permuted_R45A,permutable_only,33,100.0,1000,0.358,0.661,0.852,7.438272930860572,0.8134264655554309,0.009562950006691828,0.7955396435981088,-1.2263756856523729,0.006153498411316089,0.09279447039368119
OVRPL,permuted_R45A,full,34,100.0,1000,0.366,0.664,0.854,7.439034797191627,0.8189177580698336,0.019806445977255116,0.80586364336106,-2.540026220848921,0.006915364742370606,0.09828576290808397
OVRPL,permuted_R45A,permutable_only,34,100.0,1000,0.366,0.664,0.854,7.439034797191627,0.8189177580698336,0.019806445977255116,0.80586364336106,-2.540026220848921,0.006915364742370606,0.09828576290808397
OVRPL,permuted_R45A,full,35,100.0,1000,0.355,0.665,0.858,7.439187873840241,0.8168390631378742,0.021864602335308625,0.8079379748016091,-2.8039691373171785,0.007068441390983203,0.09620706797612458
OVRPL,permuted_R45A,permutable_only,35,100.0,1000,0.355,0.665,0.858,7.439187873840241,0.8168390631378742,0.021864602335308625,0.8079379748016091,-2.8039691373171785,0.007068441390983203,0.09620706797612458
OVRPL,permuted_R45A,full,36,100.0,1000,0.354,0.654,0.858,7.441620558023349,0.8544692258497937,0.054572689845611144,0.8409031156747737,-6.998532866994367,0.009501125574092115,0.1338372306880441
OVRPL,permuted_R45A,permutable_only,36,100.0,1000,0.354,0.654,0.858,7.441620558023349,0.8544692258497937,0.054572689845611144,0.8409031156747737,-6.998532866994367,0.009501125574092115,0.1338372306880441
OVRPL,permuted_R45A,full,37,100.0,1000,0.345,0.654,0.856,7.441592210054497,0.8534796379256558,0.054191543845494294,0.8405189742423769,-6.94965378816454,0.0094727776052406,0.13284764276390626
OVRPL,permuted_R45A,permutable_only,37,100.0,1000,0.345,0.654,0.856,7.441592210054497,0.8534796379256558,0.054191543845494294,0.8405189742423769,-6.94965378816454,0.0094727776052406,0.13284764276390626
OVRPL,permuted_R45A,full,38,100.0,1000,0.35,0.662,0.855,7.439544098854211,0.8183103347789916,0.026654142634541245,0.8127651561717242,-3.418191293065248,0.007424666404954149,0.09767833961724205
OVRPL,permuted_R45A,permutable_only,38,100.0,1000,0.35,0.662,0.855,7.439544098854211,0.8183103347789916,0.026654142634541245,0.8127651561717242,-3.418191293065248,0.007424666404954149,0.09767833961724205
OVRPL,permuted_R45A,full,39,100.0,1000,0.339,0.654,0.855,7.4393453328609445,0.8224988932593295,0.02398168085468999,0.8100716914736239,-3.075468373321999,0.007225900411688207,0.10186689809757972
OVRPL,permuted_R45A,permutable_only,39,100.0,1000,0.339,0.654,0.855,7.4393453328609445,0.8224988932593295,0.02398168085468999,0.8100716914736239,-3.075468373321999,0.007225900411688207,0.10186689809757972
OVRPL,permuted_R45A,full,40,100.0,1000,0.362,0.674,0.856,7.43973982810988,0.8259421213032534,0.029285774667675568,0.8154174702414752,-3.7556781079861037,0.0076203956606222655,0.10531012614150381
OVRPL,permuted_R45A,permutable_only,40,100.0,1000,0.362,0.674,0.856,7.43973982810988,0.8259421213032534,0.029285774667675568,0.8154174702414752,-3.7556781079861037,0.0076203956606222655,0.10531012614150381
OVRPL,permuted_R45A,full,41,100.0,1000,0.328,0.665,0.852,7.443480902671909,0.8863907827891185,0.07958551970117522,0.8661125217449106,-10.206238265719504,0.011361470222651906,0.16575878762736895
OVRPL,permuted_R45A,permutable_only,41,100.0,1000,0.328,0.665,0.852,7.443480902671909,0.8863907827891185,0.07958551970117522,0.8661125217449106,-10.206238265719504,0.011361470222651906,0.16575878762736895
OVRPL,permuted_R45A,full,42,100.0,1000,0.359,0.677,0.853,7.439233239889065,0.8193194078112126,0.022474560958496426,0.8085527270989878,-2.8821916966934156,0.007113807439808667,0.09868741264946296
OVRPL,permuted_R45A,permutable_only,42,100.0,1000,0.359,0.677,0.853,7.439233239889065,0.8193194078112126,0.022474560958496426,0.8085527270989878,-2.8821916966934156,0.007113807439808667,0.09868741264946296
OVRPL,permuted_R45A,full,43,100.0,1000,0.367,0.67,0.856,7.43948939204214,0.8258948010813394,0.025918594958840302,0.8120238278155112,-3.3238628918403013,0.00736995959288274,0.10526280591958978
OVRPL,permuted_R45A,permutable_only,43,100.0,1000,0.367,0.67,0.856,7.43948939204214,0.8258948010813394,0.025918594958840302,0.8120238278155112,-3.3238628918403013,0.00736995959288274,0.10526280591958978
OVRPL,permuted_R45A,full,44,100.0,1000,0.36,0.676,0.859,7.440223054170593,0.8450715388419385,0.03578287790482193,0.8219656343129156,-4.588882237637222,0.008103621721336208,0.12443954368018897
OVRPL,permuted_R45A,permutable_only,44,100.0,1000,0.36,0.676,0.859,7.440223054170593,0.8450715388419385,0.03578287790482193,0.8219656343129156,-4.588882237637222,0.008103621721336208,0.12443954368018897
OVRPL,permuted_R45A,full,45,100.0,1000,0.358,0.659,0.857,7.439012425661106,0.8258710324932582,0.019505654784102155,0.8055604882452938,-2.501452035531155,0.00689299321184978,0.10523903733150858
OVRPL,permuted_R45A,permutable_only,45,100.0,1000,0.358,0.659,0.857,7.439012425661106,0.8258710324932582,0.019505654784102155,0.8055604882452938,-2.501452035531155,0.00689299321184978,0.10523903733150858
OVRPL,permuted_R45A,full,46,100.0,1000,0.348,0.659,0.854,7.437242568254498,0.7962824306464756,-0.0042905499752610154,0.7815772687467026,0.550230437684315,0.005123135805240845,0.07565043548472598
OVRPL,permuted_R45A,permutable_only,46,100.0,1000,0.348,0.659,0.854,7.437242568254498,0.7962824306464756,-0.0042905499752610154,0.7815772687467026,0.550230437684315,0.005123135805240845,0.07565043548472598
OVRPL,permuted_R45A,full,47,100.0,1000,0.344,0.664,0.853,7.441265733719014,0.8529697732305869,0.04980198246091749,0.8360949152273589,-6.38672588945694,0.009146301269757127,0.13233777806883723
OVRPL,permuted_R45A,permutable_only,47,100.0,1000,0.344,0.664,0.853,7.441265733719014,0.8529697732305869,0.04980198246091749,0.8360949152273589,-6.38672588945694,0.009146301269757127,0.13233777806883723
OVRPL,permuted_R45A,full,48,100.0,1000,0.338,0.649,0.854,7.439649648428027,0.8323952200832141,0.028073284799012832,0.8141954513962713,-3.6001854939922593,0.00753021597876941,0.11176322492146448
OVRPL,permuted_R45A,permutable_only,48,100.0,1000,0.338,0.649,0.854,7.439649648428027,0.8323952200832141,0.028073284799012832,0.8141954513962713,-3.6001854939922593,0.00753021597876941,0.11176322492146448
OVRPL,permuted_R45A,full,49,100.0,1000,0.354,0.668,0.857,7.439598579406746,0.8260319587851843,0.02738664819046388,0.8135034185000833,-3.512129565539447,0.007479146957488182,0.10539996362343479
OVRPL,permuted_R45A,permutable_only,49,100.0,1000,0.354,0.668,0.857,7.439598579406746,0.8260319587851843,0.02738664819046388,0.8135034185000833,-3.512129565539447,0.007479146957488182,0.10539996362343479
OVRPL,permuted_R45A,full,50,100.0,1000,0.346,0.66,0.855,7.441752148151409,0.8601632470136288,0.056341954205518796,0.8426862847104921,-7.225427579500049,0.009632715702152001,0.1395312518518792
OVRPL,permuted_R45A,permutable_only,50,100.0,1000,0.346,0.66,0.855,7.441752148151409,0.8601632470136288,0.056341954205518796,0.8426862847104921,-7.225427579500049,0.009632715702152001,0.1395312518518792
OVRPL,permuted_R45A,full,51,100.0,1000,0.342,0.663,0.854,7.441864537000727,0.8650386425005172,0.05785305225276538,0.8442092585005501,-7.419214423779104,0.009745104551469605,0.1444066473387676
OVRPL,permuted_R45A,permutable_only,51,100.0,1000,0.342,0.663,0.854,7.441864537000727,0.8650386425005172,0.05785305225276538,0.8442092585005501,-7.419214423779104,0.009745104551469605,0.1444066473387676
OVRPL,permuted_R45A,full,52,100.0,1000,0.35,0.667,0.858,7.440538426399181,0.8312951352422869,0.04002314161131171,0.8262392223171044,-5.13266384339116,0.008418993949923877,0.11066314008053743
OVRPL,permuted_R45A,permutable_only,52,100.0,1000,0.35,0.667,0.858,7.440538426399181,0.8312951352422869,0.04002314161131171,0.8262392223171044,-5.13266384339116,0.008418993949923877,0.11066314008053743
OVRPL,permuted_R45A,full,53,100.0,1000,0.357,0.675,0.859,7.43782689404492,0.8097035736552006,0.00356586608578624,0.789495428502418,-0.4572952345087774,0.005707461595662964,0.08907157849345099
OVRPL,permuted_R45A,permutable_only,53,100.0,1000,0.357,0.675,0.859,7.43782689404492,0.8097035736552006,0.00356586608578624,0.789495428502418,-0.4572952345087774,0.005707461595662964,0.08907157849345099
OVRPL,permuted_R45A,full,54,100.0,1000,0.353,0.663,0.856,7.4398007104396635,0.8246168984785368,0.03010435382571064,0.8162424826257064,-3.860654666004952,0.007681277990407642,0.10398490331678716
OVRPL,permuted_R45A,permutable_only,54,100.0,1000,0.353,0.663,0.856,7.4398007104396635,0.8246168984785368,0.03010435382571064,0.8162424826257064,-3.860654666004952,0.007681277990407642,0.10398490331678716
OVRPL,permuted_R45A,full,55,100.0,1000,0.354,0.661,0.854,7.440198895216021,0.8349322014350442,0.03545805431870441,0.8216382579332215,-4.547226080500933,0.008079462766763943,0.11430020627329467
OVRPL,permuted_R45A,permutable_only,55,100.0,1000,0.354,0.661,0.854,7.440198895216021,0.8349322014350442,0.03545805431870441,0.8216382579332215,-4.547226080500933,0.008079462766763943,0.11430020627329467
OVRPL,permuted_R45A,full,56,100.0,1000,0.352,0.66,0.852,7.438581954479244,0.8149863052805653,0.013717854960026976,0.7997272020133783,-1.7592106798106042,0.00646252202998755,0.09435431011881557
OVRPL,permuted_R45A,permutable_only,56,100.0,1000,0.352,0.66,0.852,7.438581954479244,0.8149863052805653,0.013717854960026976,0.7997272020133783,-1.7592106798106042,0.00646252202998755,0.09435431011881557
OVRPL,permuted_R45A,full,57,100.0,1000,0.338,0.669,0.856,7.441661022424649,0.8635300188756777,0.055116744510796956,0.8414514460739486,-7.068303744453193,0.009541589975392164,0.142898023713928
OVRPL,permuted_R45A,permutable_only,57,100.0,1000,0.338,0.669,0.856,7.441661022424649,0.8635300188756777,0.055116744510796956,0.8414514460739486,-7.068303744453193,0.009541589975392164,0.142898023713928
OVRPL,permuted_R45A,full,58,100.0,1000,0.358,0.665,0.85,7.437249412536721,0.7908514365536563,-0.004198526775767153,0.7816700151579203,0.538429161478151,0.005129980087463819,0.07021944139190668
OVRPL,permuted_R45A,permutable_only,58,100.0,1000,0.358,0.665,0.85,7.437249412536721,0.7908514365536563,-0.004198526775767153,0.7816700151579203,0.538429161478151,0.005129980087463819,0.07021944139190668
OVRPL,permuted_R45A,full,59,100.0,1000,0.327,0.662,0.857,7.442136099815522,0.8658042505016392,0.06150428670914643,0.8478891880646877,-7.8874575032447245,0.010016667366264992,0.1451722553398896
OVRPL,permuted_R45A,permutable_only,59,100.0,1000,0.327,0.662,0.857,7.442136099815522,0.8658042505016392,0.06150428670914643,0.8478891880646877,-7.8874575032447245,0.010016667366264992,0.1451722553398896
OVRPL,permuted_R45A,full,60,100.0,1000,0.342,0.667,0.857,7.44141703557967,0.8567328408184692,0.05183627632165955,0.8381451966348541,-6.647608621933361,0.009297603130413673,0.1361008456567195
OVRPL,permuted_R45A,permutable_only,60,100.0,1000,0.342,0.667,0.857,7.44141703557967,0.8567328408184692,0.05183627632165955,0.8381451966348541,-6.647608621933361,0.009297603130413673,0.1361008456567195
OVRPL,permuted_R45A,full,61,100.0,1000,0.352,0.668,0.852,7.437973778724703,0.8150317547102979,0.0055407697718612425,0.7914858529869395,-0.7105616282889818,0.005854346275446925,0.09439975954854822
OVRPL,permuted_R45A,permutable_only,61,100.0,1000,0.352,0.668,0.852,7.437973778724703,0.8150317547102979,0.0055407697718612425,0.7914858529869395,-0.7105616282889818,0.005854346275446925,0.09439975954854822
OVRPL,permuted_R45A,full,62,100.0,1000,0.348,0.655,0.853,7.440082130670526,0.8351377843718403,0.033888123869574294,0.8200559893765558,-4.345894427652134,0.00796269822127019,0.11450578921009065
OVRPL,permuted_R45A,permutable_only,62,100.0,1000,0.348,0.655,0.853,7.440082130670526,0.8351377843718403,0.033888123869574294,0.8200559893765558,-4.345894427652134,0.00796269822127019,0.11450578921009065
OVRPL,permuted_R45A,full,63,100.0,1000,0.363,0.656,0.857,7.436470905780787,0.7885345680391203,-0.014665757695941917,0.7711205221089479,1.880772004179393,0.004351473331530492,0.06790257287737061
OVRPL,permuted_R45A,permutable_only,63,100.0,1000,0.363,0.656,0.857,7.436470905780787,0.7885345680391203,-0.014665757695941917,0.7711205221089479,1.880772004179393,0.004351473331530492,0.06790257287737061
OVRPL,permuted_R45A,full,64,100.0,1000,0.36,0.65,0.86,7.438864276170711,0.8193458112168034,0.017513745382080614,0.8035529243966444,-2.246004787878617,0.00674484372145359,0.09871381605505392
OVRPL,permuted_R45A,permutable_only,64,100.0,1000,0.36,0.65,0.86,7.438864276170711,0.8193458112168034,0.017513745382080614,0.8035529243966444,-2.246004787878617,0.00674484372145359,0.09871381605505392
OVRPL,permuted_R45A,full,65,100.0,1000,0.341,0.668,0.855,7.440324627399442,0.836462570173032,0.03714855705092557,0.8233420463524377,-4.764020212634301,0.008205194950184715,0.11583057501128251
OVRPL,permuted_R45A,permutable_only,65,100.0,1000,0.341,0.668,0.855,7.440324627399442,0.836462570173032,0.03714855705092557,0.8233420463524377,-4.764020212634301,0.008205194950184715,0.11583057501128251
OVRPL,permuted_R45A,full,66,100.0,1000,0.367,0.664,0.852,7.4387724206448125,0.8228465250437496,0.016278723343354784,0.8023081963007384,-2.087622594259215,0.0066529881955570075,0.1022145298819999
OVRPL,permuted_R45A,permutable_only,66,100.0,1000,0.367,0.664,0.852,7.4387724206448125,0.8228465250437496,0.016278723343354784,0.8023081963007384,-2.087622594259215,0.0066529881955570075,0.1022145298819999
OVRPL,permuted_R45A,full,67,100.0,1000,0.337,0.665,0.854,7.44196685004237,0.867409869935823,0.059228678379130706,0.8455956956938016,-7.595628023426048,0.009847417593113158,0.14677787477407347
OVRPL,permuted_R45A,permutable_only,67,100.0,1000,0.337,0.665,0.854,7.44196685004237,0.867409869935823,0.059228678379130706,0.8455956956938016,-7.595628023426048,0.009847417593113158,0.14677787477407347
OVRPL,permuted_R45A,full,68,100.0,1000,0.349,0.669,0.857,7.438427843093922,0.808912012318123,0.011645786291003546,0.7976388489248087,-1.4934836151580204,0.0063084106446656745,0.08828001715637347
OVRPL,permuted_R45A,permutable_only,68,100.0,1000,0.349,0.669,0.857,7.438427843093922,0.808912012318123,0.011645786291003546,0.7976388489248087,-1.4934836151580204,0.0063084106446656745,0.08828001715637347
OVRPL,permuted_R45A,full,69,100.0,1000,0.352,0.66,0.857,7.4402347016334796,0.8346776227158355,0.03593948114910539,0.8221234683045031,-4.608965413951774,0.00811526918422324,0.11404562755408595
OVRPL,permuted_R45A,permutable_only,69,100.0,1000,0.352,0.66,0.857,7.4402347016334796,0.8346776227158355,0.03593948114910539,0.8221234683045031,-4.608965413951774,0.00811526918422324,0.11404562755408595
OVRPL,permuted_R45A,full,70,100.0,1000,0.361,0.675,0.856,7.438171779632637,0.8050045992693388,0.008202944775415055,0.7941689500648108,-1.0519653471240724,0.006052347183379784,0.08437260410758918
OVRPL,permuted_R45A,permutable_only,70,100.0,1000,0.361,0.675,0.856,7.438171779632637,0.8050045992693388,0.008202944775415055,0.7941689500648108,-1.0519653471240724,0.006052347183379784,0.08437260410758918
OVRPL,permuted_R45A,full,71,100.0,1000,0.351,0.661,0.858,7.439201143264789,0.8186393734301984,0.022043013286632274,0.8081177878873191,-2.8268489863790776,0.007081710815531349,0.09800737826844885
OVRPL,permuted_R45A,permutable_only,71,100.0,1000,0.351,0.661,0.858,7.439201143264789,0.8186393734301984,0.022043013286632274,0.8081177878873191,-2.8268489863790776,0.007081710815531349,0.09800737826844885
OVRPL,permuted_R45A,full,72,100.0,1000,0.368,0.675,0.854,7.438201438188531,0.8177494884257495,0.008601711967792802,0.7945708511746696,-1.103104209986288,0.00608200573927395,0.0971174932639997
OVRPL,permuted_R45A,permutable_only,72,100.0,1000,0.368,0.675,0.854,7.438201438188531,0.8177494884257495,0.008601711967792802,0.7945708511746696,-1.103104209986288,0.00608200573927395,0.0971174932639997
OVRPL,permuted_R45A,full,73,100.0,1000,0.338,0.66,0.856,7.437799032211431,0.8006773754653567,0.003191256305257184,0.789117874657852,-0.4092543761812683,0.0056795997621746095,0.08004538030360711
OVRPL,permuted_R45A,permutable_only,73,100.0,1000,0.338,0.66,0.856,7.437799032211431,0.8006773754653567,0.003191256305257184,0.789117874657852,-0.4092543761812683,0.0056795997621746095,0.08004538030360711
OVRPL,permuted_R45A,full,74,100.0,1000,0.358,0.674,0.861,7.439312945127465,0.8237070930390067,0.023546219141956648,0.809632807460603,-3.0196237170031295,0.007193512678207887,0.10307509787725706
OVRPL,permuted_R45A,permutable_only,74,100.0,1000,0.358,0.674,0.861,7.439312945127465,0.8237070930390067,0.023546219141956648,0.809632807460603,-3.0196237170031295,0.007193512678207887,0.10307509787725706
OVRPL,permuted_R45A,full,75,100.0,1000,0.348,0.672,0.853,7.442796985626227,0.8645838747653718,0.07039007265743358,0.8568448075414015,-9.026992043031138,0.010677553176970214,0.14395187960362213
OVRPL,permuted_R45A,permutable_only,75,100.0,1000,0.348,0.672,0.853,7.442796985626227,0.8645838747653718,0.07039007265743358,0.8568448075414015,-9.026992043031138,0.010677553176970214,0.14395187960362213
OVRPL,permuted_R45A,full,76,100.0,1000,0.345,0.661,0.853,7.4411619279384595,0.8458322786103898,0.04840628606184172,0.8346882500288144,-6.2077384298154366,0.0090424954892031,0.1252002834486402
OVRPL,permuted_R45A,permutable_only,76,100.0,1000,0.345,0.661,0.853,7.4411619279384595,0.8458322786103898,0.04840628606184172,0.8346882500288144,-6.2077384298154366,0.0090424954892031,0.1252002834486402
OVRPL,permuted_R45A,full,77,100.0,1000,0.35,0.657,0.855,7.43692038035397,0.7893777065739598,-0.008622452208362219,0.7772113220273269,1.1057639882694974,0.004800947904713939,0.0687457114122102
OVRPL,permuted_R45A,permutable_only,77,100.0,1000,0.35,0.657,0.855,7.43692038035397,0.7893777065739598,-0.008622452208362219,0.7772113220273269,1.1057639882694974,0.004800947904713939,0.0687457114122102
OVRPL,permuted_R45A,full,78,100.0,1000,0.347,0.662,0.859,7.43762740778928,0.8006141906946466,0.0008837201862510469,0.7867922035770025,-0.11333039999023722,0.005507975340022219,0.0799821955328969
OVRPL,permuted_R45A,permutable_only,78,100.0,1000,0.347,0.662,0.859,7.43762740778928,0.8006141906946466,0.0008837201862510469,0.7867922035770025,-0.11333039999023722,0.005507975340022219,0.0799821955328969
OVRPL,permuted_R45A,full,79,100.0,1000,0.344,0.656,0.853,7.440476028203993,0.8448633487118626,0.03918418123871614,0.8253936685420182,-5.025073549447902,0.008356595754737134,0.12423135355011286
OVRPL,permuted_R45A,permutable_only,79,100.0,1000,0.344,0.656,0.853,7.440476028203993,0.8448633487118626,0.03918418123871614,0.8253936685420182,-5.025073549447902,0.008356595754737134,0.12423135355011286
OVRPL,permuted_R45A,full,80,100.0,1000,0.38,0.687,0.855,7.436165407180701,0.7830378733698995,-0.01877326783444877,0.7669807309850896,2.4075289734103764,0.004045974731443944,0.062405878208149856
OVRPL,permuted_R45A,permutable_only,80,100.0,1000,0.38,0.687,0.855,7.436165407180701,0.7830378733698995,-0.01877326783444877,0.7669807309850896,2.4075289734103764,0.004045974731443944,0.062405878208149856
OVRPL,permuted_R45A,full,81,100.0,1000,0.359,0.67,0.853,7.439551453828755,0.8300643668450157,0.026753032228477025,0.8128648229404956,-3.430873132191544,0.007432021379498559,0.10943237168326604
OVRPL,permuted_R45A,permutable_only,81,100.0,1000,0.359,0.67,0.853,7.439551453828755,0.8300643668450157,0.026753032228477025,0.8128648229404956,-3.430873132191544,0.007432021379498559,0.10943237168326604
OVRPL,permuted_R45A,full,82,100.0,1000,0.352,0.648,0.858,7.439167677402454,0.8216756549317602,0.021593055843949216,0.8076642942221879,-2.769145362823645,0.007048244953197851,0.10104365977001045
OVRPL,permuted_R45A,permutable_only,82,100.0,1000,0.352,0.648,0.858,7.439167677402454,0.8216756549317602,0.021593055843949216,0.8076642942221879,-2.769145362823645,0.007048244953197851,0.10104365977001045
OVRPL,permuted_R45A,full,83,100.0,1000,0.354,0.657,0.852,7.439240540742917,0.8207192017436825,0.022572722885283447,0.8086516604818739,-2.894780218038076,0.007121108293659595,0.10008720658193296
OVRPL,permuted_R45A,permutable_only,83,100.0,1000,0.354,0.657,0.852,7.439240540742917,0.8207192017436825,0.022572722885283447,0.8086516604818739,-2.894780218038076,0.007121108293659595,0.10008720658193296
OVRPL,permuted_R45A,full,84,100.0,1000,0.342,0.671,0.854,7.442000394344414,0.8632195444348908,0.059679690464631285,0.8460502522902091,-7.6534668969099915,0.009880961895157619,0.14258754927314124
OVRPL,permuted_R45A,permutable_only,84,100.0,1000,0.342,0.671,0.854,7.442000394344414,0.8632195444348908,0.059679690464631285,0.8460502522902091,-7.6534668969099915,0.009880961895157619,0.14258754927314124
OVRPL,permuted_R45A,full,85,100.0,1000,0.352,0.667,0.856,7.438546812295902,0.8155215227053179,0.013245358934432794,0.7992509926342484,-1.6986166542270338,0.006427379846644898,0.09488952754356816
OVRPL,permuted_R45A,permutable_only,85,100.0,1000,0.352,0.667,0.856,7.438546812295902,0.8155215227053179,0.013245358934432794,0.7992509926342484,-1.6986166542270338,0.006427379846644898,0.09488952754356816
OVRPL,permuted_R45A,full,86,100.0,1000,0.339,0.651,0.858,7.440764932632341,0.8398562428786362,0.04306857831339883,0.8293085931530664,-5.523217963303429,0.008645500183083448,0.1192242477168867
OVRPL,permuted_R45A,permutable_only,86,100.0,1000,0.339,0.651,0.858,7.440764932632341,0.8398562428786362,0.04306857831339883,0.8293085931530664,-5.523217963303429,0.008645500183083448,0.1192242477168867
OVRPL,permuted_R45A,full,87,100.0,1000,0.361,0.665,0.857,7.438662042856376,0.8089216300404674,0.014794664545902947,0.8008124742623579,-1.8973033283421636,0.006542610407120435,0.08828963487871769
OVRPL,permuted_R45A,permutable_only,87,100.0,1000,0.361,0.665,0.857,7.438662042856376,0.8089216300404674,0.014794664545902947,0.8008124742623579,-1.8973033283421636,0.006542610407120435,0.08828963487871769
OVRPL,permuted_R45A,full,88,100.0,1000,0.35,0.66,0.855,7.439040657520378,0.8231362278443042,0.01988523965994471,0.8059430562845193,-2.5501309120350166,0.006921225071121876,0.10250423268255451
OVRPL,permuted_R45A,permutable_only,88,100.0,1000,0.35,0.66,0.855,7.439040657520378,0.8231362278443042,0.01988523965994471,0.8059430562845193,-2.5501309120350166,0.006921225071121876,0.10250423268255451
OVRPL,permuted_R45A,full,89,100.0,1000,0.358,0.667,0.855,7.440045930147177,0.8326315657284322,0.03340139818037713,0.8195654385026785,-4.283475555818277,0.007926497697919603,0.11199957056668254
OVRPL,permuted_R45A,permutable_only,89,100.0,1000,0.358,0.667,0.855,7.440045930147177,0.8326315657284322,0.03340139818037713,0.8195654385026785,-4.283475555818277,0.007926497697919603,0.11199957056668254
OVRPL,permuted_R45A,full,90,100.0,1000,0.353,0.665,0.855,7.441013858079985,0.8442672685995181,0.04641544733223757,0.8326817652670071,-5.952428487764772,0.008894425630728345,0.12363527343776844
OVRPL,permuted_R45A,permutable_only,90,100.0,1000,0.353,0.665,0.855,7.441013858079985,0.8442672685995181,0.04641544733223757,0.8326817652670071,-5.952428487764772,0.008894425630728345,0.12363527343776844
OVRPL,permuted_R45A,full,91,100.0,1000,0.342,0.656,0.855,7.440330900192248,0.8313925782021776,0.037232896422834116,0.8234270485487416,-4.774836096328054,0.008211467742991065,0.110760583040428
OVRPL,permuted_R45A,permutable_only,91,100.0,1000,0.342,0.656,0.855,7.440330900192248,0.8313925782021776,0.037232896422834116,0.8234270485487416,-4.774836096328054,0.008211467742991065,0.110760583040428
OVRPL,permuted_R45A,full,92,100.0,1000,0.344,0.661,0.857,7.43870415854461,0.8177036485566429,0.015360921204243816,0.8013831811404692,-1.9699214427453253,0.0065847260953526615,0.0970716533948933
OVRPL,permuted_R45A,permutable_only,92,100.0,1000,0.344,0.661,0.857,7.43870415854461,0.8177036485566429,0.015360921204243816,0.8013831811404692,-1.9699214427453253,0.0065847260953526615,0.0970716533948933
OVRPL,permuted_R45A,full,93,100.0,1000,0.35,0.667,0.855,7.4406214470863015,0.8382262435473121,0.04113937688687841,0.8273642301028561,-5.275812537096098,0.008502014637044432,0.11759424838556262
OVRPL,permuted_R45A,permutable_only,93,100.0,1000,0.35,0.667,0.855,7.4406214470863015,0.8382262435473121,0.04113937688687841,0.8273642301028561,-5.275812537096098,0.008502014637044432,0.11759424838556262
OVRPL,permuted_R45A,full,94,100.0,1000,0.373,0.665,0.857,7.437900662899037,0.7979279192744664,0.004557707999652827,0.7904950653171428,-0.5844914246294614,0.005781230449780763,0.07729592411271677
OVRPL,permuted_R45A,permutable_only,94,100.0,1000,0.373,0.665,0.857,7.437900662899037,0.7979279192744664,0.004557707999652827,0.7904950653171428,-0.5844914246294614,0.005781230449780763,0.07729592411271677
OVRPL,permuted_R45A,full,95,100.0,1000,0.355,0.666,0.854,7.4371074330807225,0.7910383989593629,-0.006107478420092072,0.7797460610332818,0.7832377069625338,0.004988000631465111,0.07040640379761334
OVRPL,permuted_R45A,permutable_only,95,100.0,1000,0.355,0.666,0.854,7.4371074330807225,0.7910383989593629,-0.006107478420092072,0.7797460610332818,0.7832377069625338,0.004988000631465111,0.07040640379761334
OVRPL,permuted_R45A,full,96,100.0,1000,0.356,0.663,0.857,7.438013442993179,0.8066814163563959,0.006074066437888881,0.7920233408396538,-0.7789528740858902,0.005894010543922215,0.08604942119464616
OVRPL,permuted_R45A,permutable_only,96,100.0,1000,0.356,0.663,0.857,7.438013442993179,0.8066814163563959,0.006074066437888881,0.7920233408396538,-0.7789528740858902,0.005894010543922215,0.08604942119464616
OVRPL,permuted_R45A,full,97,100.0,1000,0.36,0.677,0.859,7.437652465581888,0.7984627996937644,0.0012206288894534012,0.7871317600508965,-0.156536381575932,0.005533033132630639,0.07783080453201481
OVRPL,permuted_R45A,permutable_only,97,100.0,1000,0.36,0.677,0.859,7.437652465581888,0.7984627996937644,0.0012206288894534012,0.7871317600508965,-0.156536381575932,0.005533033132630639,0.07783080453201481
OVRPL,permuted_R45A,full,98,100.0,1000,0.352,0.667,0.856,7.437939659357068,0.799659643699088,0.005082025776159682,0.7910235037151381,-0.6517311960627675,0.005820226907810133,0.07902764853733851
OVRPL,permuted_R45A,permutable_only,98,100.0,1000,0.352,0.667,0.856,7.437939659357068,0.799659643699088,0.005082025776159682,0.7910235037151381,-0.6517311960627675,0.005820226907810133,0.07902764853733851
OVRPL,permuted_R45A,full,99,100.0,1000,0.343,0.652,0.856,7.440856397390336,0.8455760856740926,0.04429834637347252,0.8305480259792386,-5.680926374076059,0.008736964941078737,0.12494409051234286
OVRPL,permuted_R45A,permutable_only,99,100.0,1000,0.343,0.652,0.856,7.440856397390336,0.8455760856740926,0.04429834637347252,0.8305480259792386,-5.680926374076059,0.008736964941078737,0.12494409051234286
VRPBL,R45A,full,-1,100.0,1000,0.52,0.916,0.988,9.3593634419428,0.8154327761860702,0.001014682821165458,0.8053911021923765,-0.1271612346768136,0.0,0.0
VRPBL,R45A,permutable_only,-1,100.0,1000,0.52,0.916,0.988,9.3593634419428,0.8154327761860702,0.001014682821165458,0.8053911021923765,-0.1271612346768136,0.0,0.0
VRPBL,conditional_majority,full,-1,100.0,1000,0.52,0.914,0.983,9.36055244684,0.8265211188678226,0.013718719470690033,0.8181973260801501,-1.7192459256155397,0.0011890048971999736,0.011088342681752515
VRPBL,conditional_majority,permutable_only,-1,100.0,1000,0.52,0.914,0.983,9.36055244684,0.8265211188678226,0.013718719470690033,0.8181973260801501,-1.7192459256155397,0.0011890048971999736,0.011088342681752515
VRPBL,conditional_mean_gap,full,-1,100.0,1000,0.528,0.914,0.936,9.3592684750534,0.8117577106785304,2.220446049250313e-14,0.8043682575846978,-2.3785524654400467e-12,-9.496688940002951e-05,-0.0036750655075396548
VRPBL,conditional_mean_gap,permutable_only,-1,100.0,1000,0.528,0.914,0.936,9.3592684750534,0.8117577106785304,2.220446049250313e-14,0.8043682575846978,-2.3785524654400467e-12,-9.496688940002951e-05,-0.0036750655075396548
VRPBL,permuted_R45A,full,0,100.0,1000,0.425,0.91,0.97,9.3938083624828,1.2244250924631999,0.3690447338001501,1.1763814700797903,-46.2491164945005,0.034444920539999986,0.40899231627712956
VRPBL,permuted_R45A,permutable_only,0,100.0,1000,0.425,0.91,0.97,9.3938083624828,1.2244250924631999,0.3690447338001501,1.1763814700797903,-46.2491164945005,0.034444920539999986,0.40899231627712956
VRPBL,permuted_R45A,full,1,100.0,1000,0.44,0.912,0.965,9.3964556307783,1.2492198684507265,0.39732972533081945,1.2048939771039935,-49.7938246248056,0.03709218883549996,0.4337870922646565
VRPBL,permuted_R45A,permutable_only,1,100.0,1000,0.44,0.912,0.965,9.3964556307783,1.2492198684507265,0.39732972533081945,1.2048939771039935,-49.7938246248056,0.03709218883549996,0.4337870922646565
VRPBL,permuted_R45A,full,2,100.0,1000,0.422,0.908,0.966,9.4012563471778,1.333116140638743,0.44862343928180337,1.256600281408149,-56.22201268625534,0.041892905234999986,0.5176833644526727
VRPBL,permuted_R45A,permutable_only,2,100.0,1000,0.422,0.908,0.966,9.4012563471778,1.333116140638743,0.44862343928180337,1.256600281408149,-56.22201268625534,0.041892905234999986,0.5176833644526727
VRPBL,permuted_R45A,full,3,100.0,1000,0.452,0.913,0.976,9.389065646171101,1.1988341226250965,0.31837072733971183,1.1252998579965423,-39.89859089859533,0.029702204228299976,0.38340134643902596
VRPBL,permuted_R45A,permutable_only,3,100.0,1000,0.452,0.913,0.976,9.389065646171101,1.1988341226250965,0.31837072733971183,1.1252998579965423,-39.89859089859533,0.029702204228299976,0.38340134643902596
VRPBL,permuted_R45A,full,4,100.0,1000,0.44,0.912,0.976,9.397512324808801,1.2759700544332035,0.4086200738587564,1.216275141611689,-51.20874427141897,0.03814888286600001,0.46053727824713325
VRPBL,permuted_R45A,permutable_only,4,100.0,1000,0.44,0.912,0.976,9.397512324808801,1.2759700544332035,0.4086200738587564,1.216275141611689,-51.20874427141897,0.03814888286600001,0.46053727824713325
VRPBL,permuted_R45A,full,5,100.0,1000,0.458,0.908,0.968,9.3962992639521,1.2548119950133476,0.3956590090070211,1.2032098220684295,-49.58444850638059,0.03693582200929997,0.4393792188272773
VRPBL,permuted_R45A,permutable_only,5,100.0,1000,0.458,0.908,0.968,9.3962992639521,1.2548119950133476,0.3956590090070211,1.2032098220684295,-49.58444850638059,0.03693582200929997,0.4393792188272773
VRPBL,permuted_R45A,full,6,100.0,1000,0.44,0.91,0.967,9.3954682846057,1.2498363531847585,0.3867803306293771,1.1942597264202215,-48.47176217598258,0.03610484266289998,0.4344035769986885
VRPBL,permuted_R45A,permutable_only,6,100.0,1000,0.44,0.91,0.967,9.3954682846057,1.2498363531847585,0.3867803306293771,1.1942597264202215,-48.47176217598258,0.03610484266289998,0.4344035769986885
VRPBL,permuted_R45A,full,7,100.0,1000,0.457,0.911,0.971,9.3996703748692,1.3128821807434705,0.43167796632279654,1.2395185044435708,-54.098386249793165,0.04030693292639998,0.49744940455740017
VRPBL,permuted_R45A,permutable_only,7,100.0,1000,0.457,0.911,0.971,9.3996703748692,1.3128821807434705,0.43167796632279654,1.2395185044435708,-54.098386249793165,0.04030693292639998,0.49744940455740017
VRPBL,permuted_R45A,full,8,100.0,1000,0.434,0.908,0.968,9.393164973256297,1.2357768012569332,0.3621703800168685,1.1694518211767813,-45.38761446011743,0.03380153131349999,0.42034402507086305
VRPBL,permuted_R45A,permutable_only,8,100.0,1000,0.434,0.908,0.968,9.393164973256297,1.2357768012569332,0.3621703800168685,1.1694518211767813,-45.38761446011743,0.03380153131349999,0.42034402507086305
VRPBL,permuted_R45A,full,9,100.0,1000,0.423,0.91,0.971,9.4021681108452,1.3267986177089366,0.4583652654707837,1.266420467754692,-57.44286970714807,0.042804668902399985,0.5113658415228663
VRPBL,permuted_R45A,permutable_only,9,100.0,1000,0.423,0.91,0.971,9.4021681108452,1.3267986177089366,0.4583652654707837,1.266420467754692,-57.44286970714807,0.042804668902399985,0.5113658415228663
VRPBL,permuted_R45A,full,10,100.0,1000,0.439,0.91,0.973,9.403157658575,1.3518716460723663,0.46893818292086387,1.277078430396661,-58.76788005426996,0.04379421663219998,0.5364388698862961
VRPBL,permuted_R45A,permutable_only,10,100.0,1000,0.439,0.91,0.973,9.403157658575,1.3518716460723663,0.46893818292086387,1.277078430396661,-58.76788005426996,0.04379421663219998,0.5364388698862961
VRPBL,permuted_R45A,full,11,100.0,1000,0.447,0.909,0.972,9.3925843038544,1.2338778493375124,0.3559661622038579,1.1631976986050452,-44.61009464717624,0.033220861911599994,0.4184450731514423
VRPBL,permuted_R45A,permutable_only,11,100.0,1000,0.447,0.909,0.972,9.3925843038544,1.2338778493375124,0.3559661622038579,1.1631976986050452,-44.61009464717624,0.033220861911599994,0.4184450731514423
VRPBL,permuted_R45A,full,12,100.0,1000,0.431,0.911,0.973,9.4007984108906,1.3215267079816095,0.4437305751822107,1.2516680606628583,-55.608833250246825,0.04143496894779999,0.5060939317955391
VRPBL,permuted_R45A,permutable_only,12,100.0,1000,0.431,0.911,0.973,9.4007984108906,1.3215267079816095,0.4437305751822107,1.2516680606628583,-55.608833250246825,0.04143496894779999,0.5060939317955391
VRPBL,permuted_R45A,full,13,100.0,1000,0.452,0.911,0.973,9.392822576521802,1.2267694606318496,0.35851200932894844,1.165764023716287,-44.92914317837401,0.03345913457899998,0.4113366844457795
VRPBL,permuted_R45A,permutable_only,13,100.0,1000,0.452,0.911,0.973,9.392822576521802,1.2267694606318496,0.35851200932894844,1.165764023716287,-44.92914317837401,0.03345913457899998,0.4113366844457795
VRPBL,permuted_R45A,full,14,100.0,1000,0.421,0.908,0.971,9.394531430721202,1.2646707969660533,0.3767704256138815,1.1841693049061464,-47.21730920386278,0.03516798877839998,0.44923802077998337
VRPBL,permuted_R45A,permutable_only,14,100.0,1000,0.421,0.908,0.971,9.394531430721202,1.2646707969660533,0.3767704256138815,1.1841693049061464,-47.21730920386278,0.03516798877839998,0.44923802077998337
VRPBL,permuted_R45A,full,15,100.0,1000,0.446,0.911,0.979,9.391911541460301,1.2249683445886106,0.3487779679994363,1.1559516848481444,-43.70926176515164,0.032548099517499963,0.40953556840254024
VRPBL,permuted_R45A,permutable_only,15,100.0,1000,0.446,0.911,0.979,9.391911541460301,1.2249683445886106,0.3487779679994363,1.1559516848481444,-43.70926176515164,0.032548099517499963,0.40953556840254024
VRPBL,permuted_R45A,full,16,100.0,1000,0.441,0.911,0.973,9.394190855978898,1.2504955864301688,0.37313152217595125,1.1805011312840508,-46.761277580596634,0.03482741403609997,0.4350628102440986
VRPBL,permuted_R45A,permutable_only,16,100.0,1000,0.441,0.911,0.973,9.394190855978898,1.2504955864301688,0.37313152217595125,1.1805011312840508,-46.761277580596634,0.03482741403609997,0.4350628102440986
VRPBL,permuted_R45A,full,17,100.0,1000,0.459,0.908,0.973,9.3959168171865,1.2567240881451993,0.3915727199276908,1.1990906641768273,-49.07234999270242,0.0365533752437,0.44129131195912935
VRPBL,permuted_R45A,permutable_only,17,100.0,1000,0.459,0.908,0.973,9.3959168171865,1.2567240881451993,0.3915727199276908,1.1990906641768273,-49.07234999270242,0.0365533752437,0.44129131195912935
VRPBL,permuted_R45A,full,18,100.0,1000,0.458,0.911,0.964,9.3925758318892,1.2341872479193758,0.3558756426806253,1.1631064509715072,-44.59875063494413,0.033212389946399974,0.41875447173330554
VRPBL,permuted_R45A,permutable_only,18,100.0,1000,0.458,0.911,0.964,9.3925758318892,1.2341872479193758,0.3558756426806253,1.1631064509715072,-44.59875063494413,0.033212389946399974,0.41875447173330554
VRPBL,permuted_R45A,full,19,100.0,1000,0.455,0.909,0.972,9.391330647942599,1.2138354644775626,0.34257135559965235,1.1496951484283535,-42.9314418598029,0.03196720599979998,0.3984026882914925
VRPBL,permuted_R45A,permutable_only,19,100.0,1000,0.455,0.909,0.972,9.391330647942599,1.2138354644775626,0.34257135559965235,1.1496951484283535,-42.9314418598029,0.03196720599979998,0.3984026882914925
VRPBL,permuted_R45A,full,20,100.0,1000,0.433,0.91,0.978,9.3994510321598,1.3163716060890784,0.42933437814618447,1.2371560651875502,-53.804685045931635,0.04008759021699997,0.5009388299030083
VRPBL,permuted_R45A,permutable_only,20,100.0,1000,0.433,0.91,0.978,9.3994510321598,1.3163716060890784,0.42933437814618447,1.2371560651875502,-53.804685045931635,0.04008759021699997,0.5009388299030083
VRPBL,permuted_R45A,full,21,100.0,1000,0.429,0.91,0.974,9.3899835419648,1.2070195066881082,0.3281780728191519,1.1351860906499533,-41.12765887339197,0.030620100021999982,0.3915867305020379
VRPBL,permuted_R45A,permutable_only,21,100.0,1000,0.429,0.91,0.974,9.3899835419648,1.2070195066881082,0.3281780728191519,1.1351860906499533,-41.12765887339197,0.030620100021999982,0.3915867305020379
VRPBL,permuted_R45A,full,22,100.0,1000,0.463,0.911,0.973,9.3987165975564,1.3015260990232722,0.4214872413174975,1.2292458084811164,-52.821272705643494,0.03935315561359996,0.48609332283720214
VRPBL,permuted_R45A,permutable_only,22,100.0,1000,0.463,0.911,0.973,9.3987165975564,1.3015260990232722,0.4214872413174975,1.2292458084811164,-52.821272705643494,0.03935315561359996,0.48609332283720214
VRPBL,permuted_R45A,full,23,100.0,1000,0.43,0.912,0.972,9.3973976049402,1.2763509638040331,0.4073943384403922,1.215039546766672,-51.05513367908654,0.03803416299739996,0.4609181876179631
VRPBL,permuted_R45A,permutable_only,23,100.0,1000,0.43,0.912,0.972,9.3973976049402,1.2763509638040331,0.4073943384403922,1.215039546766672,-51.05513367908654,0.03803416299739996,0.4609181876179631
VRPBL,permuted_R45A,full,24,100.0,1000,0.446,0.913,0.972,9.3926295003874,1.2343791325251983,0.3564490688874322,1.163684489636685,-44.670613076025326,0.033266058444599976,0.4189463563391279
VRPBL,permuted_R45A,permutable_only,24,100.0,1000,0.446,0.913,0.972,9.3926295003874,1.2343791325251983,0.3564490688874322,1.163684489636685,-44.670613076025326,0.033266058444599976,0.4189463563391279
VRPBL,permuted_R45A,full,25,100.0,1000,0.44,0.91,0.972,9.3951476321217,1.2475410677663568,0.38335428846749675,1.190806126262678,-48.04240657611098,0.03578419017889998,0.43210829158028635
VRPBL,permuted_R45A,permutable_only,25,100.0,1000,0.44,0.91,0.972,9.3951476321217,1.2475410677663568,0.38335428846749675,1.190806126262678,-48.04240657611098,0.03578419017889998,0.43210829158028635
VRPBL,permuted_R45A,full,26,100.0,1000,0.47,0.909,0.974,9.388449059484001,1.1993242612719337,0.31178274785452764,1.1186588868955738,-39.07297762527703,0.02908561754119999,0.38389148508586357
VRPBL,permuted_R45A,permutable_only,26,100.0,1000,0.47,0.909,0.974,9.388449059484001,1.1993242612719337,0.31178274785452764,1.1186588868955738,-39.07297762527703,0.02908561754119999,0.38389148508586357
VRPBL,permuted_R45A,full,27,100.0,1000,0.434,0.91,0.968,9.395329077719099,1.2666518131297206,0.3852929613229694,1.1927603931872532,-48.28536331963398,0.03596563577629999,0.4512190369436506
VRPBL,permuted_R45A,permutable_only,27,100.0,1000,0.434,0.91,0.968,9.395329077719099,1.2666518131297206,0.3852929613229694,1.1927603931872532,-48.28536331963398,0.03596563577629999,0.4512190369436506
VRPBL,permuted_R45A,full,28,100.0,1000,0.455,0.914,0.969,9.4015456585867,1.3192095119286649,0.4517146147264617,1.2597163212868745,-56.609402398534904,0.04218221664389999,0.5037767357425947
VRPBL,permuted_R45A,permutable_only,28,100.0,1000,0.455,0.914,0.969,9.4015456585867,1.3192095119286649,0.4517146147264617,1.2597163212868745,-56.609402398534904,0.04218221664389999,0.5037767357425947
VRPBL,permuted_R45A,full,29,100.0,1000,0.454,0.909,0.968,9.397662226199,1.2854226709079455,0.4102217096126459,1.2178896604151612,-51.4094631322475,0.03829878425619998,0.4699898947218754
VRPBL,permuted_R45A,permutable_only,29,100.0,1000,0.454,0.909,0.968,9.397662226199,1.2854226709079455,0.4102217096126459,1.2178896604151612,-51.4094631322475,0.03829878425619998,0.4699898947218754
VRPBL,permuted_R45A,full,30,100.0,1000,0.469,0.909,0.966,9.394097238539599,1.229206156985993,0.37213125768360555,1.1794928209816424,-46.63592326770482,0.034733796596799975,0.4137733807999227
VRPBL,permuted_R45A,permutable_only,30,100.0,1000,0.469,0.909,0.966,9.394097238539599,1.229206156985993,0.37213125768360555,1.1794928209816424,-46.63592326770482,0.034733796596799975,0.4137733807999227
VRPBL,permuted_R45A,full,31,100.0,1000,0.451,0.91,0.974,9.3908489470479,1.1942422900495981,0.3374245762762129,1.1445069700457333,-42.28644147177352,0.03148550510509997,0.378809513863528
VRPBL,permuted_R45A,permutable_only,31,100.0,1000,0.451,0.91,0.974,9.3908489470479,1.1942422900495981,0.3374245762762129,1.1445069700457333,-42.28644147177352,0.03148550510509997,0.378809513863528
VRPBL,permuted_R45A,full,32,100.0,1000,0.45,0.913,0.97,9.3950272393206,1.2630115090397567,0.3820679400587279,1.1895094308756349,-47.88119989312469,0.03566379737779997,0.44757873285368643
VRPBL,permuted_R45A,permutable_only,32,100.0,1000,0.45,0.913,0.97,9.3950272393206,1.2630115090397567,0.3820679400587279,1.1895094308756349,-47.88119989312469,0.03566379737779997,0.44757873285368643
VRPBL,permuted_R45A,full,33,100.0,1000,0.445,0.91,0.971,9.4003383731829,1.2949643206561452,0.4388152582541105,1.2467132064856168,-54.9928399995801,0.040974931240099974,0.4795315444700749
VRPBL,permuted_R45A,permutable_only,33,100.0,1000,0.445,0.91,0.971,9.4003383731829,1.2949643206561452,0.4388152582541105,1.2467132064856168,-54.9928399995801,0.040974931240099974,0.4795315444700749
VRPBL,permuted_R45A,full,34,100.0,1000,0.427,0.907,0.971,9.3954606623635,1.2625599710599476,0.3866988900529167,1.1941776307615948,-48.46155594794723,0.03609722042069998,0.44712719487387736
VRPBL,permuted_R45A,permutable_only,34,100.0,1000,0.427,0.907,0.971,9.3954606623635,1.2625599710599476,0.3866988900529167,1.1941776307615948,-48.46155594794723,0.03609722042069998,0.44712719487387736
VRPBL,permuted_R45A,full,35,100.0,1000,0.446,0.912,0.961,9.396989070891198,1.272726093853249,0.4030293172841759,1.2106394147658461,-50.50810413641915,0.03762562894839998,0.4572933176671789
VRPBL,permuted_R45A,permutable_only,35,100.0,1000,0.446,0.912,0.961,9.396989070891198,1.272726093853249,0.4030293172841759,1.2106394147658461,-50.50810413641915,0.03762562894839998,0.4572933176671789
VRPBL,permuted_R45A,full,36,100.0,1000,0.436,0.912,0.97,9.3962475805259,1.2744542498197347,0.3951067924920393,1.2026531636990745,-49.515244088617244,0.03688413858309998,0.45902147363366463
VRPBL,permuted_R45A,permutable_only,36,100.0,1000,0.436,0.912,0.97,9.3962475805259,1.2744542498197347,0.3951067924920393,1.2026531636990745,-49.515244088617244,0.03688413858309998,0.45902147363366463
VRPBL,permuted_R45A,full,37,100.0,1000,0.452,0.908,0.971,9.389356730936601,1.1990649523749088,0.3214808503827271,1.1284349978820885,-40.2883551460009,0.02999328899379999,0.3836321761888385
VRPBL,permuted_R45A,permutable_only,37,100.0,1000,0.452,0.908,0.971,9.389356730936601,1.1990649523749088,0.3214808503827271,1.1284349978820885,-40.2883551460009,0.02999328899379999,0.3836321761888385
VRPBL,permuted_R45A,full,38,100.0,1000,0.448,0.912,0.977,9.3916562447545,1.2022642421858114,0.34605022590634693,1.1532020016635114,-43.36741794439911,0.032292802811699994,0.38683146599974116
VRPBL,permuted_R45A,permutable_only,38,100.0,1000,0.448,0.912,0.977,9.3916562447545,1.2022642421858114,0.34605022590634693,1.1532020016635114,-43.36741794439911,0.032292802811699994,0.38683146599974116
VRPBL,permuted_R45A,full,39,100.0,1000,0.47,0.91,0.977,9.3876697049131,1.1600052224263433,0.3034556593328075,1.110264817917006,-38.029417179000404,0.028306262970299974,0.34457244624027317
VRPBL,permuted_R45A,permutable_only,39,100.0,1000,0.47,0.91,0.977,9.3876697049131,1.1600052224263433,0.3034556593328075,1.110264817917006,-38.029417179000404,0.028306262970299974,0.34457244624027317
VRPBL,permuted_R45A,full,40,100.0,1000,0.449,0.912,0.977,9.3971607098561,1.2801065463432653,0.4048632102359617,1.2124880589704068,-50.73792974019348,0.03779726791329999,0.46467377015719524
VRPBL,permuted_R45A,permutable_only,40,100.0,1000,0.449,0.912,0.977,9.3971607098561,1.2801065463432653,0.4048632102359617,1.2124880589704068,-50.73792974019348,0.03779726791329999,0.46467377015719524
VRPBL,permuted_R45A,full,41,100.0,1000,0.465,0.91,0.973,9.397069411276101,1.2823997217968301,0.4038877218177861,1.2115047240330412,-50.615680393816845,0.037705969333299984,0.46696694561075985
VRPBL,permuted_R45A,permutable_only,41,100.0,1000,0.465,0.91,0.973,9.397069411276101,1.2823997217968301,0.4038877218177861,1.2115047240330412,-50.615680393816845,0.037705969333299984,0.46696694561075985
VRPBL,permuted_R45A,full,42,100.0,1000,0.43,0.913,0.973,9.397865237711802,1.280812554043619,0.41239080555581786,1.2200762038775848,-51.68129676588356,0.03850179576899999,0.46537977785754886
VRPBL,permuted_R45A,permutable_only,42,100.0,1000,0.43,0.913,0.973,9.397865237711802,1.280812554043619,0.41239080555581786,1.2200762038775848,-51.68129676588356,0.03850179576899999,0.46537977785754886
VRPBL,permuted_R45A,full,43,100.0,1000,0.423,0.911,0.971,9.3979647083278,1.2848104123133075,0.4134536088749252,1.221147556049229,-51.814488517492066,0.03860126638499997,0.4693776361272373
VRPBL,permuted_R45A,permutable_only,43,100.0,1000,0.423,0.911,0.971,9.3979647083278,1.2848104123133075,0.4134536088749252,1.221147556049229,-51.814488517492066,0.03860126638499997,0.4693776361272373
VRPBL,permuted_R45A,full,44,100.0,1000,0.44,0.912,0.969,9.3969444327339,1.2846647261842021,0.40255237661923626,1.2101586377415874,-50.44833337598406,0.037580990791099965,0.46923194999813217
VRPBL,permuted_R45A,permutable_only,44,100.0,1000,0.44,0.912,0.969,9.3969444327339,1.2846647261842021,0.40255237661923626,1.2101586377415874,-50.44833337598406,0.037580990791099965,0.46923194999813217
VRPBL,permuted_R45A,full,45,100.0,1000,0.444,0.911,0.976,9.4007716746312,1.3365499231922726,0.443444909059143,1.2513800967321798,-55.57303323850231,0.04140823268839999,0.5211171470062026
VRPBL,permuted_R45A,permutable_only,45,100.0,1000,0.444,0.911,0.976,9.4007716746312,1.3365499231922726,0.443444909059143,1.2513800967321798,-55.57303323850231,0.04140823268839999,0.5211171470062026
VRPBL,permuted_R45A,full,46,100.0,1000,0.445,0.91,0.972,9.3977661652556,1.3151862994247479,0.41133225641316606,1.2190091401016234,-51.54863815263163,0.038402723312799994,0.4997535232386778
VRPBL,permuted_R45A,permutable_only,46,100.0,1000,0.445,0.91,0.972,9.3977661652556,1.3151862994247479,0.41133225641316606,1.2190091401016234,-51.54863815263163,0.038402723312799994,0.4997535232386778
VRPBL,permuted_R45A,full,47,100.0,1000,0.46,0.913,0.97,9.3913273186669,1.2184013807557281,0.34253578363472315,1.1496592903338154,-42.926983939666755,0.03196387672409997,0.40296860456965783
VRPBL,permuted_R45A,permutable_only,47,100.0,1000,0.46,0.913,0.97,9.3913273186669,1.2184013807557281,0.34253578363472315,1.1496592903338154,-42.926983939666755,0.03196387672409997,0.40296860456965783
VRPBL,permuted_R45A,full,48,100.0,1000,0.472,0.91,0.971,9.383845527171001,1.1415918643750378,0.262595866152493,1.069076361530219,-32.90882023868086,0.024482085228199984,0.32615908818896794
VRPBL,permuted_R45A,permutable_only,48,100.0,1000,0.472,0.91,0.971,9.383845527171001,1.1415918643750378,0.262595866152493,1.069076361530219,-32.90882023868086,0.024482085228199984,0.32615908818896794
VRPBL,permuted_R45A,full,49,100.0,1000,0.44,0.912,0.973,9.395120463370498,1.2587011773666812,0.3830640013443576,1.190513504162083,-48.006027455248294,0.03575702142769997,0.4432684011806109
VRPBL,permuted_R45A,permutable_only,49,100.0,1000,0.44,0.912,0.973,9.395120463370498,1.2587011773666812,0.3830640013443576,1.190513504162083,-48.006027455248294,0.03575702142769997,0.4432684011806109
VRPBL,permuted_R45A,full,50,100.0,1000,0.426,0.91,0.974,9.3997539968484,1.312542814996817,0.4325714333648367,1.2404191582508828,-54.21035658164372,0.04039055490559999,0.4971100388107468
VRPBL,permuted_R45A,permutable_only,50,100.0,1000,0.426,0.91,0.974,9.3997539968484,1.312542814996817,0.4325714333648367,1.2404191582508828,-54.21035658164372,0.04039055490559999,0.4971100388107468
VRPBL,permuted_R45A,full,51,100.0,1000,0.465,0.911,0.974,9.3958933510768,1.2492152074816008,0.3913219940321566,1.1988379215217781,-49.04092873102756,0.03652990913399998,0.43378243129553057
VRPBL,permuted_R45A,permutable_only,51,100.0,1000,0.465,0.911,0.974,9.3958933510768,1.2492152074816008,0.3913219940321566,1.1988379215217781,-49.04092873102756,0.03652990913399998,0.43378243129553057
VRPBL,permuted_R45A,full,52,100.0,1000,0.463,0.911,0.975,9.3964485287638,1.2800014453482995,0.3972538431769923,1.2048174845782134,-49.78431498478058,0.03708508682099997,0.46456866916222916
VRPBL,permuted_R45A,permutable_only,52,100.0,1000,0.463,0.911,0.975,9.3964485287638,1.2800014453482995,0.3972538431769923,1.2048174845782134,-49.78431498478058,0.03708508682099997,0.46456866916222916
VRPBL,permuted_R45A,full,53,100.0,1000,0.46,0.912,0.971,9.394020497797401,1.2345482024166576,0.3713113138770652,1.1786662818073834,-46.53316695348539,0.034657055854599966,0.4191154262305875
VRPBL,permuted_R45A,permutable_only,53,100.0,1000,0.46,0.912,0.971,9.394020497797401,1.2345482024166576,0.3713113138770652,1.1786662818073834,-46.53316695348539,0.034657055854599966,0.4191154262305875
VRPBL,permuted_R45A,full,54,100.0,1000,0.454,0.914,0.964,9.391481336116401,1.2083490242039583,0.3441813978182662,1.151318141315505,-43.13321422859706,0.03211789417359996,0.39291624801788816
VRPBL,permuted_R45A,permutable_only,54,100.0,1000,0.454,0.914,0.964,9.391481336116401,1.2083490242039583,0.3441813978182662,1.151318141315505,-43.13321422859706,0.03211789417359996,0.39291624801788816
VRPBL,permuted_R45A,full,55,100.0,1000,0.442,0.909,0.97,9.395859775065999,1.2924975992684842,0.3909632479304648,1.1984762897803147,-48.995970251120205,0.03649633312319999,0.47706482308241416
VRPBL,permuted_R45A,permutable_only,55,100.0,1000,0.442,0.909,0.97,9.395859775065999,1.2924975992684842,0.3909632479304648,1.1984762897803147,-48.995970251120205,0.03649633312319999,0.47706482308241416
VRPBL,permuted_R45A,full,56,100.0,1000,0.452,0.913,0.968,9.402734154699502,1.341313883580809,0.4644132152203939,1.2725170652923223,-58.20080582411256,0.04337071275669997,0.5258811073947387
VRPBL,permuted_R45A,permutable_only,56,100.0,1000,0.452,0.913,0.968,9.402734154699502,1.341313883580809,0.4644132152203939,1.2725170652923223,-58.20080582411256,0.04337071275669997,0.5258811073947387
VRPBL,permuted_R45A,full,57,100.0,1000,0.437,0.911,0.973,9.396924272535001,1.2548590304517038,0.4023369730441262,1.2099415015285109,-50.42133874870495,0.03756083059219998,0.4394262542656336
VRPBL,permuted_R45A,permutable_only,57,100.0,1000,0.437,0.911,0.973,9.396924272535001,1.2548590304517038,0.4023369730441262,1.2099415015285109,-50.42133874870495,0.03756083059219998,0.4394262542656336
VRPBL,permuted_R45A,full,58,100.0,1000,0.46,0.913,0.97,9.392290739534099,1.2182718158696537,0.35282954612019246,1.1600358525772458,-44.21701026101507,0.032927297591299975,0.4028390396835835
VRPBL,permuted_R45A,permutable_only,58,100.0,1000,0.46,0.913,0.97,9.392290739534099,1.2182718158696537,0.35282954612019246,1.1600358525772458,-44.21701026101507,0.032927297591299975,0.4028390396835835
VRPBL,permuted_R45A,full,59,100.0,1000,0.449,0.913,0.976,9.3926821112618,1.2060389439131787,0.35701119481148513,1.16425113712324,-44.74105935249285,0.03331866931899998,0.3906061677271086
VRPBL,permuted_R45A,permutable_only,59,100.0,1000,0.449,0.913,0.976,9.3926821112618,1.2060389439131787,0.35701119481148513,1.16425113712324,-44.74105935249285,0.03331866931899998,0.3906061677271086
VRPBL,permuted_R45A,full,60,100.0,1000,0.444,0.911,0.974,9.397843908309001,1.2925823840957864,0.4121629095096946,1.2198464747080084,-51.652736567565285,0.038480466366199964,0.4771496079097163
VRPBL,permuted_R45A,permutable_only,60,100.0,1000,0.444,0.911,0.974,9.397843908309001,1.2925823840957864,0.4121629095096946,1.2198464747080084,-51.652736567565285,0.038480466366199964,0.4771496079097163
VRPBL,permuted_R45A,full,61,100.0,1000,0.449,0.911,0.971,9.398773660182,1.313362214569821,0.4220969324034263,1.229860403728611,-52.89767990367743,0.03941021823919999,0.4979294383837509
VRPBL,permuted_R45A,permutable_only,61,100.0,1000,0.449,0.911,0.971,9.398773660182,1.313362214569821,0.4220969324034263,1.229860403728611,-52.89767990367743,0.03941021823919999,0.4979294383837509
VRPBL,permuted_R45A,full,62,100.0,1000,0.452,0.911,0.973,9.398188644407,1.2954709014865597,0.41584627535091734,1.2235594683748685,-52.11434027107441,0.03882520246419998,0.48003812530048945
VRPBL,permuted_R45A,permutable_only,62,100.0,1000,0.452,0.911,0.973,9.398188644407,1.2954709014865597,0.41584627535091734,1.2235594683748685,-52.11434027107441,0.03882520246419998,0.48003812530048945
VRPBL,permuted_R45A,full,63,100.0,1000,0.477,0.91,0.975,9.3907725057582,1.1987004949710809,0.3366078319985588,1.143683656136374,-42.18408612624599,0.031409063815399985,0.3832677187850107
VRPBL,permuted_R45A,permutable_only,63,100.0,1000,0.477,0.91,0.975,9.3907725057582,1.1987004949710809,0.3366078319985588,1.143683656136374,-42.18408612624599,0.031409063815399985,0.3832677187850107
VRPBL,permuted_R45A,full,64,100.0,1000,0.453,0.914,0.966,9.398025946615,1.3091864850008414,0.41410791521696577,1.2218071254237906,-51.89648695146028,0.038662504672199983,0.4937537088147713
VRPBL,permuted_R45A,permutable_only,64,100.0,1000,0.453,0.914,0.966,9.398025946615,1.3091864850008414,0.41410791521696577,1.2218071254237906,-51.89648695146028,0.038662504672199983,0.4937537088147713
VRPBL,permuted_R45A,full,65,100.0,1000,0.458,0.908,0.97,9.3892744736654,1.2052174360611623,0.3206019646939451,1.1275490427158141,-40.17821216635,0.02991103172259997,0.3897846598750921
VRPBL,permuted_R45A,permutable_only,65,100.0,1000,0.458,0.908,0.97,9.3892744736654,1.2052174360611623,0.3206019646939451,1.1275490427158141,-40.17821216635,0.02991103172259997,0.3897846598750921
VRPBL,permuted_R45A,full,66,100.0,1000,0.42,0.912,0.971,9.4022617130263,1.3306745645216498,0.45936536693544916,1.2674286137180912,-57.568203589220865,0.04289827108349997,0.5152417883355797
VRPBL,permuted_R45A,permutable_only,66,100.0,1000,0.42,0.912,0.971,9.4022617130263,1.3306745645216498,0.45936536693544916,1.2674286137180912,-57.568203589220865,0.04289827108349997,0.5152417883355797
VRPBL,permuted_R45A,full,67,100.0,1000,0.437,0.911,0.973,9.3952835688582,1.2651913122234242,0.3848067175420633,1.192270238215709,-48.22442668185474,0.03592012691539996,0.449758536037354
VRPBL,permuted_R45A,permutable_only,67,100.0,1000,0.437,0.911,0.973,9.3952835688582,1.2651913122234242,0.3848067175420633,1.192270238215709,-48.22442668185474,0.03592012691539996,0.449758536037354
VRPBL,permuted_R45A,full,68,100.0,1000,0.463,0.91,0.97,9.395104116438201,1.2713695583211049,0.3828893409813183,1.190337438886524,-47.984138814827496,0.03574067449539998,0.4559367821350346
VRPBL,permuted_R45A,permutable_only,68,100.0,1000,0.463,0.91,0.97,9.395104116438201,1.2713695583211049,0.3828893409813183,1.190337438886524,-47.984138814827496,0.03574067449539998,0.4559367821350346
VRPBL,permuted_R45A,full,69,100.0,1000,0.448,0.913,0.972,9.3920871901492,1.2004319782674584,0.3506547032311236,1.1578435159423028,-43.94445641341399,0.03272374820639997,0.38499920208138827
VRPBL,permuted_R45A,permutable_only,69,100.0,1000,0.448,0.913,0.972,9.3920871901492,1.2004319782674584,0.3506547032311236,1.1578435159423028,-43.94445641341399,0.03272374820639997,0.38499920208138827
VRPBL,permuted_R45A,full,70,100.0,1000,0.426,0.911,0.975,9.396048079967,1.26991850851925,0.3929752096719641,1.2005044351034222,-49.24811164332135,0.03668463802419998,0.4544857323331794
VRPBL,permuted_R45A,permutable_only,70,100.0,1000,0.426,0.911,0.975,9.396048079967,1.26991850851925,0.3929752096719641,1.2005044351034222,-49.24811164332135,0.03668463802419998,0.4544857323331794
VRPBL,permuted_R45A,full,71,100.0,1000,0.448,0.91,0.975,9.396548470018901,1.267036831238187,0.3983216750846674,1.2058939057868034,-49.91813692497139,0.03718502807609998,0.45160405505211704
VRPBL,permuted_R45A,permutable_only,71,100.0,1000,0.448,0.91,0.975,9.396548470018901,1.267036831238187,0.3983216750846674,1.2058939057868034,-49.91813692497139,0.03718502807609998,0.45160405505211704
VRPBL,permuted_R45A,full,72,100.0,1000,0.449,0.909,0.975,9.3909047617898,1.2035602368658411,0.33802093422927726,1.1451081249128858,-42.36117774604581,0.031541319846999996,0.38812746067977094
VRPBL,permuted_R45A,permutable_only,72,100.0,1000,0.449,0.909,0.975,9.3909047617898,1.2035602368658411,0.33802093422927726,1.1451081249128858,-42.36117774604581,0.031541319846999996,0.38812746067977094
VRPBL,permuted_R45A,full,73,100.0,1000,0.467,0.916,0.966,9.3888979563691,1.1758944769566417,0.31657902959700834,1.1234937484059238,-39.67405324763856,0.0295345144263,0.3604617007705716
VRPBL,permuted_R45A,permutable_only,73,100.0,1000,0.467,0.916,0.966,9.3888979563691,1.1758944769566417,0.31657902959700834,1.1234937484059238,-39.67405324763856,0.0295345144263,0.3604617007705716
VRPBL,permuted_R45A,full,74,100.0,1000,0.437,0.908,0.976,9.3995970287311,1.3247712736930488,0.430894292488726,1.2387285269859216,-54.00017533082767,0.040233586788299976,0.5093384975069788
VRPBL,permuted_R45A,permutable_only,74,100.0,1000,0.437,0.908,0.976,9.3995970287311,1.3247712736930488,0.430894292488726,1.2387285269859216,-54.00017533082767,0.040233586788299976,0.5093384975069788
VRPBL,permuted_R45A,full,75,100.0,1000,0.466,0.909,0.977,9.393226613519898,1.2263178685746767,0.3628289813142338,1.1701157200539214,-45.47015114289778,0.03386317157709999,0.41088509238860654
VRPBL,permuted_R45A,permutable_only,75,100.0,1000,0.466,0.909,0.977,9.393226613519898,1.2263178685746767,0.3628289813142338,1.1701157200539214,-45.47015114289778,0.03386317157709999,0.41088509238860654
VRPBL,permuted_R45A,full,76,100.0,1000,0.423,0.91,0.969,9.4014571099263,1.3300688794235906,0.4507685080874957,1.2587626044664235,-56.49083521099942,0.0420936679835,0.5146361032375207
VRPBL,permuted_R45A,permutable_only,76,100.0,1000,0.423,0.91,0.969,9.4014571099263,1.3300688794235906,0.4507685080874957,1.2587626044664235,-56.49083521099942,0.0420936679835,0.5146361032375207
VRPBL,permuted_R45A,full,77,100.0,1000,0.403,0.908,0.97,9.395087638378099,1.2493070098268118,0.3827132795706678,1.1901599612937908,-47.96207459348841,0.03572419643529998,0.4338742336407416
VRPBL,permuted_R45A,permutable_only,77,100.0,1000,0.403,0.908,0.97,9.395087638378099,1.2493070098268118,0.3827132795706678,1.1901599612937908,-47.96207459348841,0.03572419643529998,0.4338742336407416
VRPBL,permuted_R45A,full,78,100.0,1000,0.452,0.911,0.962,9.3957064404477,1.2787686025138578,0.38932492952228337,1.1968247932588882,-48.79065427726763,0.0363429985049,0.46333582632778747
VRPBL,permuted_R45A,permutable_only,78,100.0,1000,0.452,0.911,0.962,9.3957064404477,1.2787686025138578,0.38932492952228337,1.1968247932588882,-48.79065427726763,0.0363429985049,0.46333582632778747
VRPBL,permuted_R45A,full,79,100.0,1000,0.43,0.91,0.972,9.396332468985099,1.2846017661933224,0.3960137913608719,1.2035674581789113,-49.62891024478382,0.03696902704229997,0.4691689900072521
VRPBL,permuted_R45A,permutable_only,79,100.0,1000,0.43,0.91,0.972,9.396332468985099,1.2846017661933224,0.3960137913608719,1.2035674581789113,-49.62891024478382,0.03696902704229997,0.4691689900072521
VRPBL,permuted_R45A,full,80,100.0,1000,0.438,0.911,0.968,9.3953727254856,1.2632758962699366,0.3857593200626397,1.1932305031685742,-48.343807940850006,0.03600928354279997,0.44784312008386645
VRPBL,permuted_R45A,permutable_only,80,100.0,1000,0.438,0.911,0.968,9.3953727254856,1.2632758962699366,0.3857593200626397,1.1932305031685742,-48.343807940850006,0.03600928354279997,0.44784312008386645
VRPBL,permuted_R45A,full,81,100.0,1000,0.456,0.911,0.98,9.395571790694602,1.2765764150080239,0.3878862513450487,1.1953745428110896,-48.61035745002007,0.03620834875179999,0.4611436388219537
VRPBL,permuted_R45A,permutable_only,81,100.0,1000,0.456,0.911,0.98,9.395571790694602,1.2765764150080239,0.3878862513450487,1.1953745428110896,-48.61035745002007,0.03620834875179999,0.4611436388219537
VRPBL,permuted_R45A,full,82,100.0,1000,0.437,0.91,0.972,9.4006529278742,1.3163249414568845,0.4421761479661557,1.2501011301276899,-55.41403061844294,0.04128948593139999,0.5008921652708143
VRPBL,permuted_R45A,permutable_only,82,100.0,1000,0.437,0.91,0.972,9.4006529278742,1.3163249414568845,0.4421761479661557,1.2501011301276899,-55.41403061844294,0.04128948593139999,0.5008921652708143
VRPBL,permuted_R45A,full,83,100.0,1000,0.459,0.914,0.971,9.390852712630199,1.2014184282435927,0.3374648100007649,1.1445475273976102,-42.2914836090644,0.031489270687399984,0.38598565205752244
VRPBL,permuted_R45A,permutable_only,83,100.0,1000,0.459,0.914,0.971,9.390852712630199,1.2014184282435927,0.3374648100007649,1.1445475273976102,-42.2914836090644,0.031489270687399984,0.38598565205752244
VRPBL,permuted_R45A,full,84,100.0,1000,0.456,0.911,0.966,9.3921354465474,1.2187372665001395,0.3511703033373559,1.1583632633721308,-44.00907202012437,0.03277200460459997,0.40330449031406906
VRPBL,permuted_R45A,permutable_only,84,100.0,1000,0.456,0.911,0.966,9.3921354465474,1.2187372665001395,0.3511703033373559,1.1583632633721308,-44.00907202012437,0.03277200460459997,0.40330449031406906
VRPBL,permuted_R45A,full,85,100.0,1000,0.453,0.911,0.973,9.3909959907523,1.20727854604382,0.3389956788126147,1.1460907100322437,-42.48333387417318,0.03163254880949999,0.3918457698577497
VRPBL,permuted_R45A,permutable_only,85,100.0,1000,0.453,0.911,0.973,9.3909959907523,1.20727854604382,0.3389956788126147,1.1460907100322437,-42.48333387417318,0.03163254880949999,0.3918457698577497
VRPBL,permuted_R45A,full,86,100.0,1000,0.436,0.91,0.966,9.4015070714924,1.3336972163323333,0.4513023272234129,1.259300717473999,-56.557734047758565,0.042143629549599985,0.5182644401462632
VRPBL,permuted_R45A,permutable_only,86,100.0,1000,0.436,0.91,0.966,9.4015070714924,1.3336972163323333,0.4513023272234129,1.259300717473999,-56.557734047758565,0.042143629549599985,0.5182644401462632
VRPBL,permuted_R45A,full,87,100.0,1000,0.441,0.909,0.97,9.393089065073701,1.2424876971619905,0.3613593317731034,1.168634249118372,-45.285972948199735,0.03372562313089999,0.4270549209759206
VRPBL,permuted_R45A,permutable_only,87,100.0,1000,0.441,0.909,0.97,9.393089065073701,1.2424876971619905,0.3613593317731034,1.168634249118372,-45.285972948199735,0.03372562313089999,0.4270549209759206
VRPBL,permuted_R45A,full,88,100.0,1000,0.435,0.91,0.968,9.3966680641155,1.259589710290773,0.3995994896587307,1.2071819986956722,-50.07827413783805,0.037304622172699996,0.4441569341047027
VRPBL,permuted_R45A,permutable_only,88,100.0,1000,0.435,0.91,0.968,9.3966680641155,1.259589710290773,0.3995994896587307,1.2071819986956722,-50.07827413783805,0.037304622172699996,0.4441569341047027
VRPBL,permuted_R45A,full,89,100.0,1000,0.432,0.908,0.971,9.3970249743439,1.2724735136753398,0.4034129311616619,1.2110261143115864,-50.55617907499395,0.037661532401099984,0.45704073748926954
VRPBL,permuted_R45A,permutable_only,89,100.0,1000,0.432,0.908,0.971,9.3970249743439,1.2724735136753398,0.4034129311616619,1.2110261143115864,-50.55617907499395,0.037661532401099984,0.45704073748926954
VRPBL,permuted_R45A,full,90,100.0,1000,0.454,0.909,0.973,9.399476939199099,1.3085996071172876,0.4296111843876904,1.2374350979706294,-53.839374726986456,0.04011349725629998,0.49316683093121744
VRPBL,permuted_R45A,permutable_only,90,100.0,1000,0.454,0.909,0.973,9.399476939199099,1.3085996071172876,0.4296111843876904,1.2374350979706294,-53.839374726986456,0.04011349725629998,0.49316683093121744
VRPBL,permuted_R45A,full,91,100.0,1000,0.451,0.91,0.968,9.398479296684302,1.3049841109238591,0.4189517774323859,1.2266899501293116,-52.503525414187905,0.03911585474149997,0.48955133473778895
VRPBL,permuted_R45A,permutable_only,91,100.0,1000,0.451,0.91,0.968,9.398479296684302,1.3049841109238591,0.4189517774323859,1.2266899501293116,-52.503525414187905,0.03911585474149997,0.48955133473778895
VRPBL,permuted_R45A,full,92,100.0,1000,0.451,0.912,0.971,9.396975093839599,1.2776910345148584,0.4028799781383041,1.2104888743832865,-50.489388780470065,0.037611651896799984,0.4622582583287883
VRPBL,permuted_R45A,permutable_only,92,100.0,1000,0.451,0.912,0.971,9.396975093839599,1.2776910345148584,0.4028799781383041,1.2104888743832865,-50.489388780470065,0.037611651896799984,0.4622582583287883
VRPBL,permuted_R45A,full,93,100.0,1000,0.471,0.914,0.969,9.390727941988901,1.2041844468184608,0.3361316861393293,1.1432036803110002,-42.12441497178887,0.031364500046099975,0.38875167063239074
VRPBL,permuted_R45A,permutable_only,93,100.0,1000,0.471,0.914,0.969,9.390727941988901,1.2041844468184608,0.3361316861393293,1.1432036803110002,-42.12441497178887,0.031364500046099975,0.38875167063239074
VRPBL,permuted_R45A,full,94,100.0,1000,0.464,0.912,0.959,9.3875229454026,1.1652879799443736,0.30188759329334847,1.1086841388520563,-37.83290531393846,0.02815950345979999,0.3498552037583034
VRPBL,permuted_R45A,permutable_only,94,100.0,1000,0.464,0.912,0.959,9.3875229454026,1.1652879799443736,0.30188759329334847,1.1086841388520563,-37.83290531393846,0.02815950345979999,0.3498552037583034
VRPBL,permuted_R45A,full,95,100.0,1000,0.481,0.911,0.971,9.3907859492286,1.205955934865168,0.336751470045038,1.1438284495616902,-42.20208701376862,0.03142250728579996,0.39052315867909787
VRPBL,permuted_R45A,permutable_only,95,100.0,1000,0.481,0.911,0.971,9.3907859492286,1.205955934865168,0.336751470045038,1.1438284495616902,-42.20208701376862,0.03142250728579996,0.39052315867909787
VRPBL,permuted_R45A,full,96,100.0,1000,0.432,0.909,0.969,9.3988178668006,1.3109072966276154,0.42256926225183733,1.2303365328483862,-52.95687283120668,0.03945442485779998,0.4954745204415453
VRPBL,permuted_R45A,permutable_only,96,100.0,1000,0.432,0.909,0.969,9.3988178668006,1.3109072966276154,0.42256926225183733,1.2303365328483862,-52.95687283120668,0.03945442485779998,0.4954745204415453
VRPBL,permuted_R45A,full,97,100.0,1000,0.429,0.912,0.964,9.396814116952902,1.281355534371298,0.40116000518182204,1.208755066510303,-50.27383976338105,0.03745067501009998,0.4659227581852275
VRPBL,permuted_R45A,permutable_only,97,100.0,1000,0.429,0.912,0.964,9.396814116952902,1.281355534371298,0.40116000518182204,1.208755066510303,-50.27383976338105,0.03745067501009998,0.4659227581852275
VRPBL,permuted_R45A,full,98,100.0,1000,0.461,0.913,0.98,9.3921083126057,1.2120901641170616,0.3508803881396849,1.1580710161886332,-43.972739509394835,0.03274487066289999,0.3966573879309915
VRPBL,permuted_R45A,permutable_only,98,100.0,1000,0.461,0.913,0.98,9.3921083126057,1.2120901641170616,0.3508803881396849,1.1580710161886332,-43.972739509394835,0.03274487066289999,0.3966573879309915
VRPBL,permuted_R45A,full,99,100.0,1000,0.434,0.911,0.978,9.4002117381078,1.3209294089584558,0.43746221367122473,1.2453492784415987,-54.82327487425778,0.04084829616499999,0.5054966327723855
VRPBL,permuted_R45A,permutable_only,99,100.0,1000,0.434,0.911,0.978,9.4002117381078,1.3209294089584558,0.43746221367122473,1.2453492784415987,-54.82327487425778,0.04084829616499999,0.5054966327723855
VRPBTW,R45A,full,-1,100.0,1000,0.444,0.81,0.93,19.040335039138665,1.6354881625949071,-3.1998664034696978,1.5788661123995462,68.01778502902657,0.0,0.0
VRPBTW,R45A,permutable_only,-1,100.0,1000,0.444,0.81,0.93,19.040335039138665,1.6354881625949071,-3.1998664034696978,1.5788661123995462,68.01778502902657,0.0,0.0
VRPBTW,conditional_majority,full,-1,100.0,1000,0.357,0.673,0.798,19.685002538680898,4.4745204680160295,0.07759168499115177,5.018122485168619,-1.6493234042661886,0.6446674995422342,2.8390323054211226
VRPBTW,conditional_majority,permutable_only,-1,100.0,1000,0.357,0.673,0.798,19.685002538680898,4.4745204680160295,0.07759168499115177,5.018122485168619,-1.6493234042661886,0.6446674995422342,2.8390323054211226
VRPBTW,conditional_mean_gap,full,-1,100.0,1000,0.372,0.673,0.778,19.669740455628002,4.360868650050172,4.440892098500626e-14,4.9367003312075886,-1.1517904467148752e-12,0.6294054164893343,2.7253804874552645
VRPBTW,conditional_mean_gap,permutable_only,-1,100.0,1000,0.372,0.673,0.778,19.669740455628002,4.360868650050172,4.440892098500626e-14,4.9367003312075886,-1.1517904467148752e-12,0.6294054164893343,2.7253804874552645
VRPBTW,permuted_R45A,full,0,100.0,1000,0.303,0.58,0.706,19.870089175225164,5.775249070933312,1.0185631073736268,6.005546846876442,-21.651030930764666,0.8297541360864998,4.139760908338406
VRPBTW,permuted_R45A,permutable_only,0,100.0,1000,0.303,0.58,0.706,19.870089175225164,5.775249070933312,1.0185631073736268,6.005546846876442,-21.651030930764666,0.8297541360864998,4.139760908338406
VRPBTW,permuted_R45A,full,1,100.0,1000,0.3,0.583,0.7,19.89597926712036,5.90650186863981,1.1501870703516826,6.143668690470783,-24.448888494068676,0.8556442279816932,4.271013706044903
VRPBTW,permuted_R45A,permutable_only,1,100.0,1000,0.3,0.583,0.7,19.89597926712036,5.90650186863981,1.1501870703516826,6.143668690470783,-24.448888494068676,0.8556442279816932,4.271013706044903
VRPBTW,permuted_R45A,full,2,100.0,1000,0.31,0.567,0.668,19.9435291805269,6.088968396288223,1.3919285082410582,6.397344178725106,-29.58745213445613,0.9031941413882355,4.453480233693315
VRPBTW,permuted_R45A,permutable_only,2,100.0,1000,0.31,0.567,0.668,19.9435291805269,6.088968396288223,1.3919285082410582,6.397344178725106,-29.58745213445613,0.9031941413882355,4.453480233693315
VRPBTW,permuted_R45A,full,3,100.0,1000,0.31,0.576,0.672,19.960574305535154,6.16719263655575,1.4785850914669663,6.488278737782127,-31.429463051792805,0.9202392663964855,4.5317044739608425
VRPBTW,permuted_R45A,permutable_only,3,100.0,1000,0.31,0.576,0.672,19.960574305535154,6.16719263655575,1.4785850914669663,6.488278737782127,-31.429463051792805,0.9202392663964855,4.5317044739608425
VRPBTW,permuted_R45A,full,4,100.0,1000,0.293,0.573,0.674,19.911403925896053,5.929830648591717,1.2286052823788918,6.225958174630852,-26.1157809250285,0.8710688867573927,4.294342485996811
VRPBTW,permuted_R45A,permutable_only,4,100.0,1000,0.293,0.573,0.674,19.911403925896053,5.929830648591717,1.2286052823788918,6.225958174630852,-26.1157809250285,0.8710688867573927,4.294342485996811
VRPBTW,permuted_R45A,full,5,100.0,1000,0.288,0.574,0.685,19.919077237129617,6.021360289171347,1.267616022001361,6.266894757565478,-26.945010576175317,0.8787421979909489,4.38587212657644
VRPBTW,permuted_R45A,permutable_only,5,100.0,1000,0.288,0.574,0.685,19.919077237129617,6.021360289171347,1.267616022001361,6.266894757565478,-26.945010576175317,0.8787421979909489,4.38587212657644
VRPBTW,permuted_R45A,full,6,100.0,1000,0.281,0.573,0.682,19.939283461570913,6.014096691881756,1.3703434803879144,6.374693562730438,-29.128631171565633,0.8989484224322492,4.378608529286847
VRPBTW,permuted_R45A,permutable_only,6,100.0,1000,0.281,0.573,0.682,19.939283461570913,6.014096691881756,1.3703434803879144,6.374693562730438,-29.128631171565633,0.8989484224322492,4.378608529286847
VRPBTW,permuted_R45A,full,7,100.0,1000,0.296,0.569,0.669,19.941650494576216,6.15789398844785,1.3823773606042922,6.387321519551303,-29.384428687591672,0.9013154554375516,4.522405825852943
VRPBTW,permuted_R45A,permutable_only,7,100.0,1000,0.296,0.569,0.669,19.941650494576216,6.15789398844785,1.3823773606042922,6.387321519551303,-29.384428687591672,0.9013154554375516,4.522405825852943
VRPBTW,permuted_R45A,full,8,100.0,1000,0.295,0.572,0.683,19.86824672126879,5.759159419777088,1.0091961614267397,5.995717482877949,-21.451922957036743,0.8279116821301222,4.123671257182181
VRPBTW,permuted_R45A,permutable_only,8,100.0,1000,0.295,0.572,0.683,19.86824672126879,5.759159419777088,1.0091961614267397,5.995717482877949,-21.451922957036743,0.8279116821301222,4.123671257182181
VRPBTW,permuted_R45A,full,9,100.0,1000,0.304,0.59,0.689,19.90949306487971,5.998605437360318,1.2188905582794396,6.215763863714607,-25.909280424040105,0.8691580257410467,4.363117274765412
VRPBTW,permuted_R45A,permutable_only,9,100.0,1000,0.304,0.59,0.689,19.90949306487971,5.998605437360318,1.2188905582794396,6.215763863714607,-25.909280424040105,0.8691580257410467,4.363117274765412
VRPBTW,permuted_R45A,full,10,100.0,1000,0.305,0.566,0.664,19.93107143020702,6.068027814599919,1.3285939139286107,6.330882945285454,-28.241183797698966,0.8907363910683552,4.432539652005013
VRPBTW,permuted_R45A,permutable_only,10,100.0,1000,0.305,0.566,0.664,19.93107143020702,6.068027814599919,1.3285939139286107,6.330882945285454,-28.241183797698966,0.8907363910683552,4.432539652005013
VRPBTW,permuted_R45A,full,11,100.0,1000,0.295,0.564,0.67,19.905135191917445,5.938444945782346,1.1967353449348739,6.192514913879488,-25.438339344466016,0.8648001527787798,4.3029567831874385
VRPBTW,permuted_R45A,permutable_only,11,100.0,1000,0.295,0.564,0.67,19.905135191917445,5.938444945782346,1.1967353449348739,6.192514913879488,-25.438339344466016,0.8648001527787798,4.3029567831874385
VRPBTW,permuted_R45A,full,12,100.0,1000,0.288,0.567,0.676,19.945630681038093,6.086830516440355,1.4026124342233715,6.408555538116767,-29.814554422208715,0.9052956418994276,4.451342353845448
VRPBTW,permuted_R45A,permutable_only,12,100.0,1000,0.288,0.567,0.676,19.945630681038093,6.086830516440355,1.4026124342233715,6.408555538116767,-29.814554422208715,0.9052956418994276,4.451342353845448
VRPBTW,permuted_R45A,full,13,100.0,1000,0.287,0.575,0.686,19.914593532561906,5.962919869426262,1.2448210869191012,6.242974504847498,-26.460471286505218,0.8742584934232459,4.327431706831356
VRPBTW,permuted_R45A,permutable_only,13,100.0,1000,0.287,0.575,0.686,19.914593532561906,5.962919869426262,1.2448210869191012,6.242974504847498,-26.460471286505218,0.8742584934232459,4.327431706831356
VRPBTW,permuted_R45A,full,14,100.0,1000,0.29,0.564,0.672,19.91455153274582,6.017218469657096,1.2446075619049646,6.242750438743294,-26.455932503731766,0.8742164936071519,4.381730307062189
VRPBTW,permuted_R45A,permutable_only,14,100.0,1000,0.29,0.564,0.672,19.91455153274582,6.017218469657096,1.2446075619049646,6.242750438743294,-26.455932503731766,0.8742164936071519,4.381730307062189
VRPBTW,permuted_R45A,full,15,100.0,1000,0.292,0.55,0.674,19.986688166619075,6.325386834091787,1.6113466860738335,6.62759437446967,-34.251502619534804,0.9463531274804083,4.68989867149688
VRPBTW,permuted_R45A,permutable_only,15,100.0,1000,0.292,0.55,0.674,19.986688166619075,6.325386834091787,1.6113466860738335,6.62759437446967,-34.251502619534804,0.9463531274804083,4.68989867149688
VRPBTW,permuted_R45A,full,16,100.0,1000,0.303,0.56,0.667,19.919164842606147,5.995747672859406,1.2680614039662697,6.267362126703313,-26.95447781352961,0.8788298034674824,4.360259510264499
VRPBTW,permuted_R45A,permutable_only,16,100.0,1000,0.303,0.56,0.667,19.919164842606147,5.995747672859406,1.2680614039662697,6.267362126703313,-26.95447781352961,0.8788298034674824,4.360259510264499
VRPBTW,permuted_R45A,full,17,100.0,1000,0.303,0.569,0.675,19.907839273452698,5.945075547776789,1.210482763419396,6.206941001217858,-25.730560592881197,0.867504234314031,4.309587385181883
VRPBTW,permuted_R45A,permutable_only,17,100.0,1000,0.303,0.569,0.675,19.907839273452698,5.945075547776789,1.210482763419396,6.206941001217858,-25.730560592881197,0.867504234314031,4.309587385181883
VRPBTW,permuted_R45A,full,18,100.0,1000,0.301,0.566,0.681,19.912713826179377,6.055938439466753,1.2352647514566772,6.232946401740658,-26.257337564908685,0.8723787870407091,4.420450276871847
VRPBTW,permuted_R45A,permutable_only,18,100.0,1000,0.301,0.566,0.681,19.912713826179377,6.055938439466753,1.2352647514566772,6.232946401740658,-26.257337564908685,0.8723787870407091,4.420450276871847
VRPBTW,permuted_R45A,full,19,100.0,1000,0.315,0.575,0.679,19.914865405082672,6.0149438088456755,1.2462032735391038,6.244424925878955,-26.489851660725595,0.8745303659440097,4.379455646250768
VRPBTW,permuted_R45A,permutable_only,19,100.0,1000,0.315,0.575,0.679,19.914865405082672,6.0149438088456755,1.2462032735391038,6.244424925878955,-26.489851660725595,0.8745303659440097,4.379455646250768
VRPBTW,permuted_R45A,full,20,100.0,1000,0.301,0.556,0.666,19.96106978607194,6.1982033651943595,1.4811040903215833,6.490922092061546,-31.483008013043783,0.9207347469332711,4.562715202599452
VRPBTW,permuted_R45A,permutable_only,20,100.0,1000,0.301,0.556,0.666,19.96106978607194,6.1982033651943595,1.4811040903215833,6.490922092061546,-31.483008013043783,0.9207347469332711,4.562715202599452
VRPBTW,permuted_R45A,full,21,100.0,1000,0.307,0.587,0.689,19.918943823814313,5.935570043385918,1.2669377552209538,6.266183006786674,-26.930593035489135,0.878608784675648,4.300081880791011
VRPBTW,permuted_R45A,permutable_only,21,100.0,1000,0.307,0.587,0.689,19.918943823814313,5.935570043385918,1.2669377552209538,6.266183006786674,-26.930593035489135,0.878608784675648,4.300081880791011
VRPBTW,permuted_R45A,full,22,100.0,1000,0.315,0.576,0.678,19.89755980873133,6.016820836859512,1.1582224667237684,6.152100770282187,-24.619692457155022,0.8572247695926651,4.381332674264604
VRPBTW,permuted_R45A,permutable_only,22,100.0,1000,0.315,0.576,0.678,19.89755980873133,6.016820836859512,1.1582224667237684,6.152100770282187,-24.619692457155022,0.8572247695926651,4.381332674264604
VRPBTW,permuted_R45A,full,23,100.0,1000,0.29,0.564,0.674,19.941557224273726,6.153861401092798,1.3819031789408465,6.386823928960106,-29.374349271021504,0.9012221851350619,4.51837323849789
VRPBTW,permuted_R45A,permutable_only,23,100.0,1000,0.29,0.564,0.674,19.941557224273726,6.153861401092798,1.3819031789408465,6.386823928960106,-29.374349271021504,0.9012221851350619,4.51837323849789
VRPBTW,permuted_R45A,full,24,100.0,1000,0.297,0.581,0.699,19.992905179024003,6.417426315174589,1.6429536735628192,6.660761704214702,-34.92335481877364,0.9525701398853386,4.7819381525796825
VRPBTW,permuted_R45A,permutable_only,24,100.0,1000,0.297,0.581,0.699,19.992905179024003,6.417426315174589,1.6429536735628192,6.660761704214702,-34.92335481877364,0.9525701398853386,4.7819381525796825
VRPBTW,permuted_R45A,full,25,100.0,1000,0.302,0.593,0.701,19.838037282943827,5.7381690278370066,0.8556128521140849,5.834552225825784,-18.18728775053336,0.797702243805164,4.1026808652421005
VRPBTW,permuted_R45A,permutable_only,25,100.0,1000,0.302,0.593,0.701,19.838037282943827,5.7381690278370066,0.8556128521140849,5.834552225825784,-18.18728775053336,0.797702243805164,4.1026808652421005
VRPBTW,permuted_R45A,full,26,100.0,1000,0.286,0.558,0.658,20.001346628188703,6.55869253258603,1.685869588918898,6.705796249706331,-35.83559462411336,0.9610115890500366,4.923204369991123
VRPBTW,permuted_R45A,permutable_only,26,100.0,1000,0.286,0.558,0.658,20.001346628188703,6.55869253258603,1.685869588918898,6.705796249706331,-35.83559462411336,0.9610115890500366,4.923204369991123
VRPBTW,permuted_R45A,full,27,100.0,1000,0.313,0.566,0.675,19.894370505333384,5.9813248300567246,1.1420082039827806,6.135086057978745,-24.27503486884922,0.8540354661947142,4.345836667461818
VRPBTW,permuted_R45A,permutable_only,27,100.0,1000,0.313,0.566,0.675,19.894370505333384,5.9813248300567246,1.1420082039827806,6.135086057978745,-24.27503486884922,0.8540354661947142,4.345836667461818
VRPBTW,permuted_R45A,full,28,100.0,1000,0.305,0.569,0.698,19.95910551261843,6.209243123943868,1.4711178199997121,6.480442829499622,-31.27073540464415,0.9187704734797622,4.5737549613489605
VRPBTW,permuted_R45A,permutable_only,28,100.0,1000,0.305,0.569,0.698,19.95910551261843,6.209243123943868,1.4711178199997121,6.480442829499622,-31.27073540464415,0.9187704734797622,4.5737549613489605
VRPBTW,permuted_R45A,full,29,100.0,1000,0.307,0.578,0.691,19.92233442497333,6.043066036571298,1.2841754059498278,6.284271628676175,-27.297004214534006,0.88199938583466,4.40757787397639
VRPBTW,permuted_R45A,permutable_only,29,100.0,1000,0.307,0.578,0.691,19.92233442497333,6.043066036571298,1.2841754059498278,6.284271628676175,-27.297004214534006,0.88199938583466,4.40757787397639
VRPBTW,permuted_R45A,full,30,100.0,1000,0.305,0.576,0.692,19.883812440871505,5.93553565129645,1.0883315198104926,6.078759516761134,-23.134059370264726,0.8434774017328397,4.3000474887015425
VRPBTW,permuted_R45A,permutable_only,30,100.0,1000,0.305,0.576,0.692,19.883812440871505,5.93553565129645,1.0883315198104926,6.078759516761134,-23.134059370264726,0.8434774017328397,4.3000474887015425
VRPBTW,permuted_R45A,full,31,100.0,1000,0.294,0.577,0.688,19.901579419136645,5.896028918131118,1.1786579697462107,6.1735451128499985,-25.054078608412112,0.8612443799979761,4.260540755536211
VRPBTW,permuted_R45A,permutable_only,31,100.0,1000,0.294,0.577,0.688,19.901579419136645,5.896028918131118,1.1786579697462107,6.1735451128499985,-25.054078608412112,0.8612443799979761,4.260540755536211
VRPBTW,permuted_R45A,full,32,100.0,1000,0.302,0.571,0.687,19.947595263482572,6.149147039038,1.4126002754402345,6.4190364491240715,-30.026860422251957,0.9072602243439075,4.513658876443093
VRPBTW,permuted_R45A,permutable_only,32,100.0,1000,0.302,0.571,0.687,19.947595263482572,6.149147039038,1.4126002754402345,6.4190364491240715,-30.026860422251957,0.9072602243439075,4.513658876443093
VRPBTW,permuted_R45A,full,33,100.0,1000,0.298,0.576,0.694,19.941211684228954,6.063226214501414,1.3801464702259736,6.384980496800319,-29.337007888395085,0.9008766450902883,4.427738051906506
VRPBTW,permuted_R45A,permutable_only,33,100.0,1000,0.298,0.576,0.694,19.941211684228954,6.063226214501414,1.3801464702259736,6.384980496800319,-29.337007888395085,0.9008766450902883,4.427738051906506
VRPBTW,permuted_R45A,full,34,100.0,1000,0.295,0.567,0.653,20.010784147263752,6.445588246413832,1.7338494750609668,6.756144759046467,-36.85547644723866,0.9704491081250841,4.810100083818926
VRPBTW,permuted_R45A,permutable_only,34,100.0,1000,0.295,0.567,0.653,20.010784147263752,6.445588246413832,1.7338494750609668,6.756144759046467,-36.85547644723866,0.9704491081250841,4.810100083818926
VRPBTW,permuted_R45A,full,35,100.0,1000,0.326,0.589,0.702,19.875922364235382,5.693973764872793,1.0482187554660793,6.036666505446475,-22.281404590946575,0.835587325096713,4.058485602277886
VRPBTW,permuted_R45A,permutable_only,35,100.0,1000,0.326,0.589,0.702,19.875922364235382,5.693973764872793,1.0482187554660793,6.036666505446475,-22.281404590946575,0.835587325096713,4.058485602277886
VRPBTW,permuted_R45A,full,36,100.0,1000,0.283,0.557,0.671,19.918291471482377,5.991708897182159,1.2636212278198666,6.262702752366378,-26.860095452350524,0.8779564323437137,4.356220734587252
VRPBTW,permuted_R45A,permutable_only,36,100.0,1000,0.283,0.557,0.671,19.918291471482377,5.991708897182159,1.2636212278198666,6.262702752366378,-26.860095452350524,0.8779564323437137,4.356220734587252
VRPBTW,permuted_R45A,full,37,100.0,1000,0.298,0.574,0.666,19.96630741977714,6.138501848411464,1.507731964324388,6.518864504408461,-32.0490219590444,0.9259723806384745,4.503013685816558
VRPBTW,permuted_R45A,permutable_only,37,100.0,1000,0.298,0.574,0.666,19.96630741977714,6.138501848411464,1.507731964324388,6.518864504408461,-32.0490219590444,0.9259723806384745,4.503013685816558
VRPBTW,permuted_R45A,full,38,100.0,1000,0.324,0.579,0.683,19.886860137940506,5.769014095410738,1.1038258628897735,6.095018769126548,-23.463414025693517,0.8465250988018398,4.1335259328158305
VRPBTW,permuted_R45A,permutable_only,38,100.0,1000,0.324,0.579,0.683,19.886860137940506,5.769014095410738,1.1038258628897735,6.095018769126548,-23.463414025693517,0.8465250988018398,4.1335259328158305
VRPBTW,permuted_R45A,full,39,100.0,1000,0.34,0.572,0.695,19.862053502083658,5.803508110594054,0.977710137505361,5.962677088309354,-20.782642013250822,0.8217184629449915,4.168019947999146
VRPBTW,permuted_R45A,permutable_only,39,100.0,1000,0.34,0.572,0.695,19.862053502083658,5.803508110594054,0.977710137505361,5.962677088309354,-20.782642013250822,0.8217184629449915,4.168019947999146
VRPBTW,permuted_R45A,full,40,100.0,1000,0.31,0.586,0.699,19.861702637673197,5.7432250613113975,0.9759263599753432,5.960805251028112,-20.74472524383667,0.8213675985345306,4.10773689871649
VRPBTW,permuted_R45A,permutable_only,40,100.0,1000,0.31,0.586,0.699,19.861702637673197,5.7432250613113975,0.9759263599753432,5.960805251028112,-20.74472524383667,0.8213675985345306,4.10773689871649
VRPBTW,permuted_R45A,full,41,100.0,1000,0.303,0.573,0.68,19.896679469109085,5.903871381982172,1.153746863071392,6.147404219489472,-24.52455703313466,0.8563444299704192,4.268383219387264
VRPBTW,permuted_R45A,permutable_only,41,100.0,1000,0.303,0.573,0.68,19.896679469109085,5.903871381982172,1.153746863071392,6.147404219489472,-24.52455703313466,0.8563444299704192,4.268383219387264
VRPBTW,permuted_R45A,full,42,100.0,1000,0.293,0.582,0.684,19.868794954301954,5.884108045109923,1.0119833513970278,5.998642268064747,-21.511168708056154,0.8284599151632868,4.248619882515017
VRPBTW,permuted_R45A,permutable_only,42,100.0,1000,0.293,0.582,0.684,19.868794954301954,5.884108045109923,1.0119833513970278,5.998642268064747,-21.511168708056154,0.8284599151632868,4.248619882515017
VRPBTW,permuted_R45A,full,43,100.0,1000,0.299,0.579,0.688,19.883447574616387,5.979115373497756,1.0864765575859359,6.076812980610313,-23.094629467288318,0.8431125354777228,4.343627210902849
VRPBTW,permuted_R45A,permutable_only,43,100.0,1000,0.299,0.579,0.688,19.883447574616387,5.979115373497756,1.0864765575859359,6.076812980610313,-23.094629467288318,0.8431125354777228,4.343627210902849
VRPBTW,permuted_R45A,full,44,100.0,1000,0.306,0.587,0.693,19.886680016517808,5.847591553761251,1.102910134372137,6.094057833836142,-23.44394889258976,0.8463449773791406,4.2121033911663455
VRPBTW,permuted_R45A,permutable_only,44,100.0,1000,0.306,0.587,0.693,19.886680016517808,5.847591553761251,1.102910134372137,6.094057833836142,-23.44394889258976,0.8463449773791406,4.2121033911663455
VRPBTW,permuted_R45A,full,45,100.0,1000,0.288,0.575,0.686,19.963468014717563,6.233477562539308,1.493296567650071,6.50371647545871,-31.742176739900952,0.9231329755788998,4.597989399944401
VRPBTW,permuted_R45A,permutable_only,45,100.0,1000,0.288,0.575,0.686,19.963468014717563,6.233477562539308,1.493296567650071,6.50371647545871,-31.742176739900952,0.9231329755788998,4.597989399944401
VRPBTW,permuted_R45A,full,46,100.0,1000,0.319,0.572,0.678,19.909044624328793,5.939955737564518,1.2166107084159883,6.2133714644953875,-25.860818920227775,0.8687095851901254,4.30446757496961
VRPBTW,permuted_R45A,permutable_only,46,100.0,1000,0.319,0.572,0.678,19.909044624328793,5.939955737564518,1.2166107084159883,6.2133714644953875,-25.860818920227775,0.8687095851901254,4.30446757496961
VRPBTW,permuted_R45A,full,47,100.0,1000,0.283,0.572,0.677,19.904260505677243,5.919904481463295,1.1922884828007518,6.18784852348766,-25.34381486295495,0.8639254665385808,4.284416318868389
VRPBTW,permuted_R45A,permutable_only,47,100.0,1000,0.283,0.572,0.677,19.904260505677243,5.919904481463295,1.1922884828007518,6.18784852348766,-25.34381486295495,0.8639254665385808,4.284416318868389
VRPBTW,permuted_R45A,full,48,100.0,1000,0.308,0.578,0.699,19.868859932898918,5.8070573821571,1.0123136994110826,5.9989889243702965,-21.5181907325319,0.8285248937602518,4.171569219562192
VRPBTW,permuted_R45A,permutable_only,48,100.0,1000,0.308,0.578,0.699,19.868859932898918,5.8070573821571,1.0123136994110826,5.9989889243702965,-21.5181907325319,0.8285248937602518,4.171569219562192
VRPBTW,permuted_R45A,full,49,100.0,1000,0.287,0.555,0.669,19.933165256500622,6.216351786249316,1.339238824563438,6.342053363258859,-28.467456757853597,0.8928302173619566,4.580863623654408
VRPBTW,permuted_R45A,permutable_only,49,100.0,1000,0.287,0.555,0.669,19.933165256500622,6.216351786249316,1.339238824563438,6.342053363258859,-28.467456757853597,0.8928302173619566,4.580863623654408
VRPBTW,permuted_R45A,full,50,100.0,1000,0.321,0.564,0.683,19.931652181625278,6.053974573945364,1.3315464257808607,6.333981213800088,-28.303943704251317,0.8913171424866151,4.418486411350457
VRPBTW,permuted_R45A,permutable_only,50,100.0,1000,0.321,0.564,0.683,19.931652181625278,6.053974573945364,1.3315464257808607,6.333981213800088,-28.303943704251317,0.8913171424866151,4.418486411350457
VRPBTW,permuted_R45A,full,51,100.0,1000,0.276,0.572,0.682,19.935867573738513,6.023577561712155,1.3529772734463208,6.356470038193218,-28.759487344422556,0.8955325345998503,4.388089399117248
VRPBTW,permuted_R45A,permutable_only,51,100.0,1000,0.276,0.572,0.682,19.935867573738513,6.023577561712155,1.3529772734463208,6.356470038193218,-28.759487344422556,0.8955325345998503,4.388089399117248
VRPBTW,permuted_R45A,full,52,100.0,1000,0.296,0.563,0.673,19.97215781021167,6.251991723906492,1.5374750636180767,6.550075931383481,-32.68125452089804,0.9318227710730016,4.6165035613115855
VRPBTW,permuted_R45A,permutable_only,52,100.0,1000,0.296,0.563,0.673,19.97215781021167,6.251991723906492,1.5374750636180767,6.550075931383481,-32.68125452089804,0.9318227710730016,4.6165035613115855
VRPBTW,permuted_R45A,full,53,100.0,1000,0.297,0.577,0.682,19.910544301032765,5.906314957328578,1.2242349915495332,6.221372135639647,-26.022884077265594,0.8702092618941005,4.270826794733671
VRPBTW,permuted_R45A,permutable_only,53,100.0,1000,0.297,0.577,0.682,19.910544301032765,5.906314957328578,1.2242349915495332,6.221372135639647,-26.022884077265594,0.8702092618941005,4.270826794733671
VRPBTW,permuted_R45A,full,54,100.0,1000,0.307,0.574,0.69,19.913488404275203,6.030791044479198,1.2392026686730784,6.23707872212933,-26.34104368663846,0.873153365136535,4.395302881884291
VRPBTW,permuted_R45A,permutable_only,54,100.0,1000,0.307,0.574,0.69,19.913488404275203,6.030791044479198,1.2392026686730784,6.23707872212933,-26.34104368663846,0.873153365136535,4.395302881884291
VRPBTW,permuted_R45A,full,55,100.0,1000,0.303,0.558,0.666,19.904305235863742,5.8856998153912095,1.1925158888847154,6.188087155928534,-25.348648707929705,0.863970196725078,4.250211652796302
VRPBTW,permuted_R45A,permutable_only,55,100.0,1000,0.303,0.558,0.666,19.904305235863742,5.8856998153912095,1.1925158888847154,6.188087155928534,-25.348648707929705,0.863970196725078,4.250211652796302
VRPBTW,permuted_R45A,full,56,100.0,1000,0.299,0.573,0.697,19.910793109895348,5.9155207836337045,1.225499923657547,6.222699513655217,-26.049772037370694,0.8704580707566847,4.2800326210387984
VRPBTW,permuted_R45A,permutable_only,56,100.0,1000,0.299,0.573,0.697,19.910793109895348,5.9155207836337045,1.225499923657547,6.222699513655217,-26.049772037370694,0.8704580707566847,4.2800326210387984
VRPBTW,permuted_R45A,full,57,100.0,1000,0.301,0.559,0.684,19.93830623436039,6.116150871233113,1.3653753049677642,6.3694801233778575,-29.023025422729496,0.8979711952217222,4.480662708638206
VRPBTW,permuted_R45A,permutable_only,57,100.0,1000,0.301,0.559,0.684,19.93830623436039,6.116150871233113,1.3653753049677642,6.3694801233778575,-29.023025422729496,0.8979711952217222,4.480662708638206
VRPBTW,permuted_R45A,full,58,100.0,1000,0.279,0.573,0.688,19.932556893348607,6.03822117190465,1.336145936005062,6.338807788060774,-28.401712941532264,0.8922218542099404,4.402733009309743
VRPBTW,permuted_R45A,permutable_only,58,100.0,1000,0.279,0.573,0.688,19.932556893348607,6.03822117190465,1.336145936005062,6.338807788060774,-28.401712941532264,0.8922218542099404,4.402733009309743
VRPBTW,permuted_R45A,full,59,100.0,1000,0.31,0.567,0.685,19.950926895141205,6.2703343959753335,1.4295381281086428,6.436810472821253,-30.3868989602371,0.9105918560025374,4.634846233380427
VRPBTW,permuted_R45A,permutable_only,59,100.0,1000,0.31,0.567,0.685,19.950926895141205,6.2703343959753335,1.4295381281086428,6.436810472821253,-30.3868989602371,0.9105918560025374,4.634846233380427
VRPBTW,permuted_R45A,full,60,100.0,1000,0.309,0.563,0.677,19.90014056491782,5.799985630734316,1.1713429051571689,6.165868925443174,-24.89858633843757,0.8598055257791555,4.164497468139409
VRPBTW,permuted_R45A,permutable_only,60,100.0,1000,0.309,0.563,0.677,19.90014056491782,5.799985630734316,1.1713429051571689,6.165868925443174,-24.89858633843757,0.8598055257791555,4.164497468139409
VRPBTW,permuted_R45A,full,61,100.0,1000,0.293,0.574,0.685,19.912924386977924,5.874489134096945,1.2363352322747767,6.234069728988834,-26.28009218181514,0.8725893478392556,4.239000971502039
VRPBTW,permuted_R45A,permutable_only,61,100.0,1000,0.293,0.574,0.685,19.912924386977924,5.874489134096945,1.2363352322747767,6.234069728988834,-26.28009218181514,0.8725893478392556,4.239000971502039
VRPBTW,permuted_R45A,full,62,100.0,1000,0.299,0.57,0.676,19.919141454696824,6.069949181460256,1.2679425009773038,6.267237353830102,-26.95195035865405,0.8788064155581559,4.43446101886535
VRPBTW,permuted_R45A,permutable_only,62,100.0,1000,0.299,0.57,0.676,19.919141454696824,6.069949181460256,1.2679425009773038,6.267237353830102,-26.95195035865405,0.8788064155581559,4.43446101886535
VRPBTW,permuted_R45A,full,63,100.0,1000,0.287,0.566,0.681,19.92139748382628,6.035715244230468,1.2794120429092004,6.279273112676531,-27.195752048830823,0.8810624446876123,4.4002270816355615
VRPBTW,permuted_R45A,permutable_only,63,100.0,1000,0.287,0.566,0.681,19.92139748382628,6.035715244230468,1.2794120429092004,6.279273112676531,-27.195752048830823,0.8810624446876123,4.4002270816355615
VRPBTW,permuted_R45A,full,64,100.0,1000,0.305,0.576,0.682,19.93898006725314,6.083458596732886,1.368801038491152,6.373074975099446,-29.09584433982792,0.8986450281144788,4.4479704341379795
VRPBTW,permuted_R45A,permutable_only,64,100.0,1000,0.305,0.576,0.682,19.93898006725314,6.083458596732886,1.368801038491152,6.373074975099446,-29.09584433982792,0.8986450281144788,4.4479704341379795
VRPBTW,permuted_R45A,full,65,100.0,1000,0.309,0.581,0.69,19.909300132752175,6.0204384073700385,1.2179097007639417,6.214734584202897,-25.88843087995904,0.8689650936135087,4.384950244775132
VRPBTW,permuted_R45A,permutable_only,65,100.0,1000,0.309,0.581,0.69,19.909300132752175,6.0204384073700385,1.2179097007639417,6.214734584202897,-25.88843087995904,0.8689650936135087,4.384950244775132
VRPBTW,permuted_R45A,full,66,100.0,1000,0.294,0.562,0.682,19.923805178643118,6.0735289537441455,1.291652645789898,6.292117997440205,-27.455943753854072,0.8834701395044499,4.4380407911492386
VRPBTW,permuted_R45A,permutable_only,66,100.0,1000,0.294,0.562,0.682,19.923805178643118,6.0735289537441455,1.291652645789898,6.292117997440205,-27.455943753854072,0.8834701395044499,4.4380407911492386
VRPBTW,permuted_R45A,full,67,100.0,1000,0.33,0.577,0.697,19.892456732751175,5.780621001851496,1.132278677624643,6.124876214060659,-24.068219724459055,0.8521216936125097,4.145132839256588
VRPBTW,permuted_R45A,permutable_only,67,100.0,1000,0.33,0.577,0.697,19.892456732751175,5.780621001851496,1.132278677624643,6.124876214060659,-24.068219724459055,0.8521216936125097,4.145132839256588
VRPBTW,permuted_R45A,full,68,100.0,1000,0.309,0.582,0.694,19.87484044265802,5.84299433040909,1.04271831899716,6.03089452891219,-22.164484864265784,0.8345054035193531,4.2075061678141825
VRPBTW,permuted_R45A,permutable_only,68,100.0,1000,0.309,0.582,0.694,19.87484044265802,5.84299433040909,1.04271831899716,6.03089452891219,-22.164484864265784,0.8345054035193531,4.2075061678141825
VRPBTW,permuted_R45A,full,69,100.0,1000,0.295,0.566,0.68,19.88238601493813,5.765332276873722,1.0810796400178013,6.0711496333947235,-22.97991018445497,0.8420509757994662,4.129844114278815
VRPBTW,permuted_R45A,permutable_only,69,100.0,1000,0.295,0.566,0.68,19.88238601493813,5.765332276873722,1.0810796400178013,6.0711496333947235,-22.97991018445497,0.8420509757994662,4.129844114278815
VRPBTW,permuted_R45A,full,70,100.0,1000,0.292,0.566,0.683,19.918360301970637,5.975743988901026,1.2639711586611702,6.2630699582446825,-26.867533738121935,0.878025262831967,4.3402558263061195
VRPBTW,permuted_R45A,permutable_only,70,100.0,1000,0.292,0.566,0.683,19.918360301970637,5.975743988901026,1.2639711586611702,6.2630699582446825,-26.867533738121935,0.878025262831967,4.3402558263061195
VRPBTW,permuted_R45A,full,71,100.0,1000,0.317,0.567,0.681,19.922519505500983,5.954719427215228,1.2851163463148962,6.285259020447365,-27.317005261892707,0.8821844663623174,4.3192312646203215
VRPBTW,permuted_R45A,permutable_only,71,100.0,1000,0.317,0.567,0.681,19.922519505500983,5.954719427215228,1.2851163463148962,6.285259020447365,-27.317005261892707,0.8821844663623174,4.3192312646203215
VRPBTW,permuted_R45A,full,72,100.0,1000,0.303,0.57,0.674,19.92958781433142,5.991434393221118,1.3210512832622534,6.322967957546011,-28.080854281859942,0.8892527751927516,4.35594623062621
VRPBTW,permuted_R45A,permutable_only,72,100.0,1000,0.303,0.57,0.674,19.92958781433142,5.991434393221118,1.3210512832622534,6.322967957546011,-28.080854281859942,0.8892527751927516,4.35594623062621
VRPBTW,permuted_R45A,full,73,100.0,1000,0.305,0.572,0.678,19.88412615013167,5.893852565074003,1.089926402370689,6.08043313389397,-23.167960904094176,0.8437911109930055,4.2583644024790965
VRPBTW,permuted_R45A,permutable_only,73,100.0,1000,0.305,0.572,0.678,19.88412615013167,5.893852565074003,1.089926402370689,6.08043313389397,-23.167960904094176,0.8437911109930055,4.2583644024790965
VRPBTW,permuted_R45A,full,74,100.0,1000,0.29,0.562,0.666,19.925526916504488,6.131942726407802,1.3004058770043958,6.30130334944905,-27.642006333970098,0.8851918773658228,4.496454563812896
VRPBTW,permuted_R45A,permutable_only,74,100.0,1000,0.29,0.562,0.666,19.925526916504488,6.131942726407802,1.3004058770043958,6.30130334944905,-27.642006333970098,0.8851918773658228,4.496454563812896
VRPBTW,permuted_R45A,full,75,100.0,1000,0.337,0.597,0.704,19.83389137363562,5.526335154328891,0.8345352516365256,5.81243408737564,-17.739252889873356,0.7935563344969537,3.890846991733985
VRPBTW,permuted_R45A,permutable_only,75,100.0,1000,0.337,0.597,0.704,19.83389137363562,5.526335154328891,0.8345352516365256,5.81243408737564,-17.739252889873356,0.7935563344969537,3.890846991733985
VRPBTW,permuted_R45A,full,76,100.0,1000,0.274,0.557,0.679,19.964794817924894,6.177325397156082,1.500041970368149,6.510794878495085,-31.88556002350122,0.9244597787862255,4.541837234561175
VRPBTW,permuted_R45A,permutable_only,76,100.0,1000,0.274,0.557,0.679,19.964794817924894,6.177325397156082,1.500041970368149,6.510794878495085,-31.88556002350122,0.9244597787862255,4.541837234561175
VRPBTW,permuted_R45A,full,77,100.0,1000,0.314,0.569,0.68,19.857143460275203,5.7106393943745015,0.9527477247092575,5.936482355998085,-20.252029852215127,0.8168084211365388,4.075151231779594
VRPBTW,permuted_R45A,permutable_only,77,100.0,1000,0.314,0.569,0.68,19.857143460275203,5.7106393943745015,0.9527477247092575,5.936482355998085,-20.252029852215127,0.8168084211365388,4.075151231779594
VRPBTW,permuted_R45A,full,78,100.0,1000,0.296,0.569,0.681,19.936937577247875,6.153510701859436,1.358417119039479,6.3621784326618025,-28.87511912446989,0.8966025381092059,4.51802253926453
VRPBTW,permuted_R45A,permutable_only,78,100.0,1000,0.296,0.569,0.681,19.936937577247875,6.153510701859436,1.358417119039479,6.3621784326618025,-28.87511912446989,0.8966025381092059,4.51802253926453
VRPBTW,permuted_R45A,full,79,100.0,1000,0.278,0.557,0.665,19.964165529252778,6.254035624564339,1.4968426974873772,6.507437667099425,-31.817554854654883,0.9238304901141114,4.618547461969431
VRPBTW,permuted_R45A,permutable_only,79,100.0,1000,0.278,0.557,0.665,19.964165529252778,6.254035624564339,1.4968426974873772,6.507437667099425,-31.817554854654883,0.9238304901141114,4.618547461969431
VRPBTW,permuted_R45A,full,80,100.0,1000,0.31,0.576,0.69,19.908087141990737,5.997089350886961,1.2117429149633097,6.208263362667221,-25.757346935187993,0.8677521028520712,4.361601188292055
VRPBTW,permuted_R45A,permutable_only,80,100.0,1000,0.31,0.576,0.69,19.908087141990737,5.997089350886961,1.2117429149633097,6.208263362667221,-25.757346935187993,0.8677521028520712,4.361601188292055
VRPBTW,permuted_R45A,full,81,100.0,1000,0.317,0.568,0.678,19.87171821308158,5.697854246638327,1.0268450562894715,6.014237650791832,-21.82707572449995,0.831383173942914,4.06236608404342
VRPBTW,permuted_R45A,permutable_only,81,100.0,1000,0.317,0.568,0.678,19.87171821308158,5.697854246638327,1.0268450562894715,6.014237650791832,-21.82707572449995,0.831383173942914,4.06236608404342
VRPBTW,permuted_R45A,full,82,100.0,1000,0.276,0.564,0.671,19.952593017578984,6.176633401557063,1.4380086132252945,6.445699120404713,-30.566951363403582,0.9122579784403164,4.541145238962155
VRPBTW,permuted_R45A,permutable_only,82,100.0,1000,0.276,0.564,0.671,19.952593017578984,6.176633401557063,1.4380086132252945,6.445699120404713,-30.566951363403582,0.9122579784403164,4.541145238962155
VRPBTW,permuted_R45A,full,83,100.0,1000,0.296,0.559,0.677,19.96605120754307,6.344322331833231,1.506429393837272,6.517497629919755,-32.02133394079375,0.9257161684044047,4.708834169238326
VRPBTW,permuted_R45A,permutable_only,83,100.0,1000,0.296,0.559,0.677,19.96605120754307,6.344322331833231,1.506429393837272,6.517497629919755,-32.02133394079375,0.9257161684044047,4.708834169238326
VRPBTW,permuted_R45A,full,84,100.0,1000,0.304,0.571,0.69,19.939996406555313,6.06404918352681,1.3739680578753966,6.378497074746736,-29.20567680450113,0.8996613674166511,4.428561020931903
VRPBTW,permuted_R45A,permutable_only,84,100.0,1000,0.304,0.571,0.69,19.939996406555313,6.06404918352681,1.3739680578753966,6.378497074746736,-29.20567680450113,0.8996613674166511,4.428561020931903
VRPBTW,permuted_R45A,full,85,100.0,1000,0.301,0.575,0.68,19.900988457680068,5.990293196701557,1.1756535505577093,6.170392374489486,-24.990215336408323,0.860653418541402,4.354805034106649
VRPBTW,permuted_R45A,permutable_only,85,100.0,1000,0.301,0.575,0.68,19.900988457680068,5.990293196701557,1.1756535505577093,6.170392374489486,-24.990215336408323,0.860653418541402,4.354805034106649
VRPBTW,permuted_R45A,full,86,100.0,1000,0.307,0.575,0.693,19.88532515716503,5.9195527283303555,1.0960220955805955,6.086829753210776,-23.29753367310255,0.8449901180263677,4.284064565735449
VRPBTW,permuted_R45A,permutable_only,86,100.0,1000,0.307,0.575,0.693,19.88532515716503,5.9195527283303555,1.0960220955805955,6.086829753210776,-23.29753367310255,0.8449901180263677,4.284064565735449
VRPBTW,permuted_R45A,full,87,100.0,1000,0.303,0.563,0.676,19.8943092451088,5.89544904332351,1.1416967599923389,6.134759238931808,-24.26841467671645,0.8539742059701347,4.259960880728604
VRPBTW,permuted_R45A,permutable_only,87,100.0,1000,0.303,0.563,0.676,19.8943092451088,5.89544904332351,1.1416967599923389,6.134759238931808,-24.26841467671645,0.8539742059701347,4.259960880728604
VRPBTW,permuted_R45A,full,88,100.0,1000,0.285,0.564,0.695,19.939228545189,6.139447841529509,1.3700642881838476,6.374400587643891,-29.122696537764153,0.8988935060503352,4.5039596789346
VRPBTW,permuted_R45A,permutable_only,88,100.0,1000,0.285,0.564,0.695,19.939228545189,6.139447841529509,1.3700642881838476,6.374400587643891,-29.122696537764153,0.8988935060503352,4.5039596789346
VRPBTW,permuted_R45A,full,89,100.0,1000,0.285,0.555,0.666,19.989008473396943,6.370551223333805,1.6231430124315827,6.639973050109793,-34.50225058496974,0.9486734342582746,4.735063060738898
VRPBTW,permuted_R45A,permutable_only,89,100.0,1000,0.285,0.555,0.666,19.989008473396943,6.370551223333805,1.6231430124315827,6.639973050109793,-34.50225058496974,0.9486734342582746,4.735063060738898
VRPBTW,permuted_R45A,full,90,100.0,1000,0.302,0.56,0.674,19.944393238068407,6.14925917611361,1.3963213345900005,6.401953865746979,-29.680828007257887,0.9040581989297418,4.513771013518705
VRPBTW,permuted_R45A,permutable_only,90,100.0,1000,0.302,0.56,0.674,19.944393238068407,6.14925917611361,1.3963213345900005,6.401953865746979,-29.680828007257887,0.9040581989297418,4.513771013518705
VRPBTW,permuted_R45A,full,91,100.0,1000,0.295,0.58,0.69,19.836375981330193,5.617554489785789,0.8471668758319728,5.825689297004577,-18.007756318066818,0.796040942191526,3.982066327190882
VRPBTW,permuted_R45A,permutable_only,91,100.0,1000,0.295,0.58,0.69,19.836375981330193,5.617554489785789,0.8471668758319728,5.825689297004577,-18.007756318066818,0.796040942191526,3.982066327190882
VRPBTW,permuted_R45A,full,92,100.0,1000,0.284,0.571,0.683,19.923610450745528,6.018220315755675,1.2906626586671521,6.291079137619882,-27.43490014677599,0.8832754116068634,4.382732153160768
VRPBTW,permuted_R45A,permutable_only,92,100.0,1000,0.284,0.571,0.683,19.923610450745528,6.018220315755675,1.2906626586671521,6.291079137619882,-27.43490014677599,0.8832754116068634,4.382732153160768
VRPBTW,permuted_R45A,full,93,100.0,1000,0.301,0.568,0.675,19.920671125411392,6.087053051406118,1.2757192721960964,6.275398040939417,-27.117256870328227,0.8803360862727272,4.451564888811211
VRPBTW,permuted_R45A,permutable_only,93,100.0,1000,0.301,0.568,0.675,19.920671125411392,6.087053051406118,1.2757192721960964,6.275398040939417,-27.117256870328227,0.8803360862727272,4.451564888811211
VRPBTW,permuted_R45A,full,94,100.0,1000,0.308,0.576,0.687,19.905644859313433,5.857082562141134,1.199326469088935,6.195233954068247,-25.493417433196168,0.8653098201747679,4.221594399546228
VRPBTW,permuted_R45A,permutable_only,94,100.0,1000,0.308,0.576,0.687,19.905644859313433,5.857082562141134,1.199326469088935,6.195233954068247,-25.493417433196168,0.8653098201747679,4.221594399546228
VRPBTW,permuted_R45A,full,95,100.0,1000,0.293,0.559,0.662,19.900413751602223,5.986994610395944,1.1727317729209208,6.167326357446412,-24.92810873002448,0.8600787124635597,4.351506447801037
VRPBTW,permuted_R45A,permutable_only,95,100.0,1000,0.293,0.559,0.662,19.900413751602223,5.986994610395944,1.1727317729209208,6.167326357446412,-24.92810873002448,0.8600787124635597,4.351506447801037
VRPBTW,permuted_R45A,full,96,100.0,1000,0.292,0.589,0.697,19.887709108352073,5.91396180140858,1.1081419870068165,6.099547967357166,-23.55515948170197,0.8473740692134066,4.278473638813673
VRPBTW,permuted_R45A,permutable_only,96,100.0,1000,0.292,0.589,0.697,19.887709108352073,5.91396180140858,1.1081419870068165,6.099547967357166,-23.55515948170197,0.8473740692134066,4.278473638813673
VRPBTW,permuted_R45A,full,97,100.0,1000,0.311,0.57,0.67,19.96064225387749,6.1462051208785216,1.4789305375214834,6.4886412374731695,-31.43680600693923,0.9203072147388267,4.510716958283614
VRPBTW,permuted_R45A,permutable_only,97,100.0,1000,0.311,0.57,0.67,19.96064225387749,6.1462051208785216,1.4789305375214834,6.4886412374731695,-31.43680600693923,0.9203072147388267,4.510716958283614
VRPBTW,permuted_R45A,full,98,100.0,1000,0.316,0.583,0.688,19.868466667176236,5.8437798912557195,1.0103143556801975,5.996890879030836,-21.475691791970082,0.8281316280375707,4.208291728660813
VRPBTW,permuted_R45A,permutable_only,98,100.0,1000,0.316,0.583,0.688,19.868466667176236,5.8437798912557195,1.0103143556801975,5.996890879030836,-21.475691791970082,0.8281316280375707,4.208291728660813
VRPBTW,permuted_R45A,full,99,100.0,1000,0.298,0.569,0.674,19.879170435906314,5.851432961541971,1.0647317932372502,6.053994742407998,-22.63241307432533,0.838835396767651,4.2159447989470635
VRPBTW,permuted_R45A,permutable_only,99,100.0,1000,0.298,0.569,0.674,19.879170435906314,5.851432961541971,1.0647317932372502,6.053994742407998,-22.63241307432533,0.838835396767651,4.2159447989470635
VRPLTW,R45A,full,-1,100.0,1000,0.457,0.817,0.941,17.617218019485993,1.2364110723138861,-4.8188646548242176,1.135478676722057,81.8491908187336,0.0,0.0
VRPLTW,R45A,permutable_only,-1,100.0,1000,0.457,0.817,0.941,17.617218019485993,1.2364110723138861,-4.8188646548242176,1.135478676722057,81.8491908187336,0.0,0.0
VRPLTW,conditional_majority,full,-1,100.0,1000,0.302,0.546,0.759,18.315835564613415,4.59833782234493,-1.0444201855703938,5.146044917105086,17.739644747670713,0.6986175451274207,3.3619267500310435
VRPLTW,conditional_majority,permutable_only,-1,100.0,1000,0.302,0.546,0.759,18.315835564613415,4.59833782234493,-1.0444201855703938,5.146044917105086,17.739644747670713,0.6986175451274207,3.3619267500310435
VRPLTW,conditional_mean_gap,full,-1,100.0,1000,0.304,0.515,0.706,18.250509705543198,4.317687510581381,-1.3973583978820647,4.771027589186061,23.73435702036348,0.6332916860572044,3.081276438267495
VRPLTW,conditional_mean_gap,permutable_only,-1,100.0,1000,0.304,0.515,0.706,18.250509705543198,4.317687510581381,-1.3973583978820647,4.771027589186061,23.73435702036348,0.6332916860572044,3.081276438267495
VRPLTW,permuted_R45A,full,0,100.0,1000,0.266,0.478,0.639,18.434085167885613,5.408271713032305,-0.4055490833841491,5.824882530230968,6.888316375319109,0.8168671483996159,4.171860640718419
VRPLTW,permuted_R45A,permutable_only,0,100.0,1000,0.266,0.478,0.639,18.434085167885613,5.408271713032305,-0.4055490833841491,5.824882530230968,6.888316375319109,0.8168671483996159,4.171860640718419
VRPLTW,permuted_R45A,full,1,100.0,1000,0.262,0.455,0.61,18.414613095760032,5.539313854408,-0.5107515012906516,5.7130988574019215,8.675196355274775,0.7973950762740363,4.3029027820941135
VRPLTW,permuted_R45A,permutable_only,1,100.0,1000,0.262,0.455,0.61,18.414613095760032,5.539313854408,-0.5107515012906516,5.7130988574019215,8.675196355274775,0.7973950762740363,4.3029027820941135
VRPLTW,permuted_R45A,full,2,100.0,1000,0.246,0.467,0.61,18.44594653606362,5.557428245151559,-0.3414652712475763,5.892975298743952,5.79984252438673,0.8287285165776254,4.321017172837673
VRPLTW,permuted_R45A,permutable_only,2,100.0,1000,0.246,0.467,0.61,18.44594653606362,5.557428245151559,-0.3414652712475763,5.892975298743952,5.79984252438673,0.8287285165776254,4.321017172837673
VRPLTW,permuted_R45A,full,3,100.0,1000,0.253,0.468,0.636,18.425418552399375,5.548915661074984,-0.45237249787943856,5.775129935653434,7.683619597619103,0.8082005329133827,4.312504588761098
VRPLTW,permuted_R45A,permutable_only,3,100.0,1000,0.253,0.468,0.636,18.425418552399375,5.548915661074984,-0.45237249787943856,5.775129935653434,7.683619597619103,0.8082005329133827,4.312504588761098
VRPLTW,permuted_R45A,full,4,100.0,1000,0.226,0.452,0.598,18.488183667182938,5.778854867002226,-0.1132693047100064,6.135446753031393,1.9238973491055016,0.8709656476969403,4.5424437946883405
VRPLTW,permuted_R45A,permutable_only,4,100.0,1000,0.226,0.452,0.598,18.488183667182938,5.778854867002226,-0.1132693047100064,6.135446753031393,1.9238973491055016,0.8709656476969403,4.5424437946883405
VRPLTW,permuted_R45A,full,5,100.0,1000,0.254,0.465,0.621,18.36755349588368,5.336545239190263,-0.7650019817108111,5.442942970441478,12.993681637244766,0.7503354763976829,4.100134166876378
VRPLTW,permuted_R45A,permutable_only,5,100.0,1000,0.254,0.465,0.621,18.36755349588368,5.336545239190263,-0.7650019817108111,5.442942970441478,12.993681637244766,0.7503354763976829,4.100134166876378
VRPLTW,permuted_R45A,full,6,100.0,1000,0.254,0.445,0.597,18.51917323446253,5.8308838447416615,0.0541590709997708,6.313349116352307,-0.9199005272719993,0.901955214976536,4.594472772427776
VRPLTW,permuted_R45A,permutable_only,6,100.0,1000,0.254,0.445,0.597,18.51917323446253,5.8308838447416615,0.0541590709997708,6.313349116352307,-0.9199005272719993,0.901955214976536,4.594472772427776
VRPLTW,permuted_R45A,full,7,100.0,1000,0.25,0.469,0.604,18.46318150663405,5.66505329149693,-0.24834931703052732,5.991916402651043,4.218253073155657,0.8459634871480562,4.428642219183044
VRPLTW,permuted_R45A,permutable_only,7,100.0,1000,0.25,0.469,0.604,18.46318150663405,5.66505329149693,-0.24834931703052732,5.991916402651043,4.218253073155657,0.8459634871480562,4.428642219183044
VRPLTW,permuted_R45A,full,8,100.0,1000,0.244,0.471,0.624,18.471649753094482,5.7570095864683015,-0.20259763753179838,6.0405302166130825,3.4411534420590515,0.8544317336084902,4.5205985141544165
VRPLTW,permuted_R45A,permutable_only,8,100.0,1000,0.244,0.471,0.624,18.471649753094482,5.7570095864683015,-0.20259763753179838,6.0405302166130825,3.4411534420590515,0.8544317336084902,4.5205985141544165
VRPLTW,permuted_R45A,full,9,100.0,1000,0.266,0.479,0.624,18.482897943019065,5.681707684050874,-0.14182666413431466,6.1051029017561875,2.4089486896654013,0.8656799235330719,4.445296611736989
VRPLTW,permuted_R45A,permutable_only,9,100.0,1000,0.266,0.479,0.624,18.482897943019065,5.681707684050874,-0.14182666413431466,6.1051029017561875,2.4089486896654013,0.8656799235330719,4.445296611736989
VRPLTW,permuted_R45A,full,10,100.0,1000,0.25,0.466,0.632,18.44637805986392,5.596352045475114,-0.33913386312197646,5.895452555144809,5.760243182587846,0.8291600403779233,4.359940973161228
VRPLTW,permuted_R45A,permutable_only,10,100.0,1000,0.25,0.466,0.632,18.44637805986392,5.596352045475114,-0.33913386312197646,5.895452555144809,5.760243182587846,0.8291600403779233,4.359940973161228
VRPLTW,permuted_R45A,full,11,100.0,1000,0.261,0.454,0.612,18.48446370744616,5.666287820533173,-0.13336725608877886,6.114091513616127,2.2652642841198984,0.8672456879601689,4.429876748219287
VRPLTW,permuted_R45A,permutable_only,11,100.0,1000,0.261,0.454,0.612,18.48446370744616,5.666287820533173,-0.13336725608877886,6.114091513616127,2.2652642841198984,0.8672456879601689,4.429876748219287
VRPLTW,permuted_R45A,full,12,100.0,1000,0.255,0.473,0.627,18.413997433185504,5.559668144999246,-0.5140777621547854,5.709564512245424,8.731693430765139,0.7967794136995099,4.323257072685359
VRPLTW,permuted_R45A,permutable_only,12,100.0,1000,0.255,0.473,0.627,18.413997433185504,5.559668144999246,-0.5140777621547854,5.709564512245424,8.731693430765139,0.7967794136995099,4.323257072685359
VRPLTW,permuted_R45A,full,13,100.0,1000,0.255,0.456,0.603,18.507452023028904,5.93456830187468,-0.00916751158777096,6.246060948169352,0.15571165804143894,0.8902340035429122,4.6981572295607945
VRPLTW,permuted_R45A,permutable_only,13,100.0,1000,0.255,0.456,0.603,18.507452023028904,5.93456830187468,-0.00916751158777096,6.246060948169352,0.15571165804143894,0.8902340035429122,4.6981572295607945
VRPLTW,permuted_R45A,full,14,100.0,1000,0.249,0.467,0.599,18.485268873214366,5.714222443381852,-0.12901715995701224,6.118713743147008,2.191377202022311,0.8680508537283692,4.477811371067967
VRPLTW,permuted_R45A,permutable_only,14,100.0,1000,0.249,0.467,0.599,18.485268873214366,5.714222443381852,-0.12901715995701224,6.118713743147008,2.191377202022311,0.8680508537283692,4.477811371067967
VRPLTW,permuted_R45A,full,15,100.0,1000,0.261,0.463,0.626,18.44234624814917,5.516281247481607,-0.36091666765351027,5.872307061500193,6.1302276192504985,0.825128228663175,4.279870175167721
VRPLTW,permuted_R45A,permutable_only,15,100.0,1000,0.261,0.463,0.626,18.44234624814917,5.516281247481607,-0.36091666765351027,5.872307061500193,6.1302276192504985,0.825128228663175,4.279870175167721
VRPLTW,permuted_R45A,full,16,100.0,1000,0.256,0.474,0.642,18.464241977214552,5.6369748802756865,-0.2426198770167476,5.998004265085566,4.1209376134855615,0.8470239577285588,4.4005638079618015
VRPLTW,permuted_R45A,permutable_only,16,100.0,1000,0.256,0.474,0.642,18.464241977214552,5.6369748802756865,-0.2426198770167476,5.998004265085566,4.1209376134855615,0.8470239577285588,4.4005638079618015
VRPLTW,permuted_R45A,full,17,100.0,1000,0.273,0.479,0.63,18.394478409290627,5.264099444687065,-0.6195338479618062,5.597511302554348,10.522882000789531,0.7772603898046335,4.027688372373179
VRPLTW,permuted_R45A,permutable_only,17,100.0,1000,0.273,0.479,0.63,18.394478409290627,5.264099444687065,-0.6195338479618062,5.597511302554348,10.522882000789531,0.7772603898046335,4.027688372373179
VRPLTW,permuted_R45A,full,18,100.0,1000,0.236,0.437,0.6,18.53325606250695,6.10232938290205,0.1302448389488342,6.3941946592648735,-2.2122295270537924,0.9160380430209529,4.865918310588164
VRPLTW,permuted_R45A,permutable_only,18,100.0,1000,0.236,0.437,0.6,18.53325606250695,6.10232938290205,0.1302448389488342,6.3941946592648735,-2.2122295270537924,0.9160380430209529,4.865918310588164
VRPLTW,permuted_R45A,full,19,100.0,1000,0.245,0.442,0.597,18.487621953010198,5.7197902434590775,-0.11630409673231146,6.13222211043023,1.975443779462425,0.8704039335242048,4.4833791711451925
VRPLTW,permuted_R45A,permutable_only,19,100.0,1000,0.245,0.442,0.597,18.487621953010198,5.7197902434590775,-0.11630409673231146,6.13222211043023,1.975443779462425,0.8704039335242048,4.4833791711451925
VRPLTW,permuted_R45A,full,20,100.0,1000,0.243,0.444,0.59,18.470195775986337,5.73152795891723,-0.21045308847564836,6.032183344215047,3.5745795391432647,0.8529777565003421,4.495116886603343
VRPLTW,permuted_R45A,permutable_only,20,100.0,1000,0.243,0.444,0.59,18.470195775986337,5.73152795891723,-0.21045308847564836,6.032183344215047,3.5745795391432647,0.8529777565003421,4.495116886603343
VRPLTW,permuted_R45A,full,21,100.0,1000,0.258,0.459,0.598,18.474951500415585,5.716319500020265,-0.18475917641394002,6.059484616531408,3.13816431235051,0.8577334809295888,4.47990842770638
VRPLTW,permuted_R45A,permutable_only,21,100.0,1000,0.258,0.459,0.598,18.474951500415585,5.716319500020265,-0.18475917641394002,6.059484616531408,3.13816431235051,0.8577334809295888,4.47990842770638
VRPLTW,permuted_R45A,full,22,100.0,1000,0.233,0.432,0.594,18.47812631750047,5.704251289597878,-0.1676064855453574,6.077710345771736,2.846823100566886,0.8609082980144771,4.467840217283991
VRPLTW,permuted_R45A,permutable_only,22,100.0,1000,0.233,0.432,0.594,18.47812631750047,5.704251289597878,-0.1676064855453574,6.077710345771736,2.846823100566886,0.8609082980144771,4.467840217283991
VRPLTW,permuted_R45A,full,23,100.0,1000,0.253,0.462,0.601,18.462036249637418,5.6460208103740435,-0.2545368354616939,5.98534180532051,4.323349068383577,0.8448182301514225,4.4096097380601575
VRPLTW,permuted_R45A,permutable_only,23,100.0,1000,0.253,0.462,0.601,18.462036249637418,5.6460208103740435,-0.2545368354616939,5.98534180532051,4.323349068383577,0.8448182301514225,4.4096097380601575
VRPLTW,permuted_R45A,full,24,100.0,1000,0.211,0.444,0.607,18.470629556178586,5.74013402761002,-0.2081094896654978,6.034673553925507,3.534773136607714,0.8534115366925938,4.503722955296134
VRPLTW,permuted_R45A,permutable_only,24,100.0,1000,0.211,0.444,0.607,18.470629556178586,5.74013402761002,-0.2081094896654978,6.034673553925507,3.534773136607714,0.8534115366925938,4.503722955296134
VRPLTW,permuted_R45A,full,25,100.0,1000,0.255,0.474,0.62,18.42109880208905,5.471289637569184,-0.4757109579296981,5.750331467761649,8.080027093346759,0.8038807826030543,4.234878565255297
VRPLTW,permuted_R45A,permutable_only,25,100.0,1000,0.255,0.474,0.62,18.42109880208905,5.471289637569184,-0.4757109579296981,5.750331467761649,8.080027093346759,0.8038807826030543,4.234878565255297
VRPLTW,permuted_R45A,full,26,100.0,1000,0.245,0.467,0.63,18.44103581380792,5.449300161763476,-0.3679965952707809,5.8647842276321915,6.250481327963657,0.8238177943219205,4.21288908944959
VRPLTW,permuted_R45A,permutable_only,26,100.0,1000,0.245,0.467,0.63,18.44103581380792,5.449300161763476,-0.3679965952707809,5.8647842276321915,6.250481327963657,0.8238177943219205,4.21288908944959
VRPLTW,permuted_R45A,full,27,100.0,1000,0.23,0.437,0.609,18.485343762398355,5.759493342111644,-0.12861255364805535,6.119143660825377,2.184504898822068,0.8681257429123626,4.523082269797758
VRPLTW,permuted_R45A,permutable_only,27,100.0,1000,0.23,0.437,0.609,18.485343762398355,5.759493342111644,-0.12861255364805535,6.119143660825377,2.184504898822068,0.8681257429123626,4.523082269797758
VRPLTW,permuted_R45A,full,28,100.0,1000,0.245,0.435,0.589,18.50766160726454,5.860806040557066,-0.008035183800458867,6.2472641121405825,0.13647888854676027,0.8904435877785474,4.6243949682431795
VRPLTW,permuted_R45A,permutable_only,28,100.0,1000,0.245,0.435,0.589,18.50766160726454,5.860806040557066,-0.008035183800458867,6.2472641121405825,0.13647888854676027,0.8904435877785474,4.6243949682431795
VRPLTW,permuted_R45A,full,29,100.0,1000,0.265,0.462,0.619,18.468686539650612,5.650592501802042,-0.21860709030383507,6.023519244180586,3.7130765709915274,0.8514685201646146,4.414181429488156
VRPLTW,permuted_R45A,permutable_only,29,100.0,1000,0.265,0.462,0.619,18.468686539650612,5.650592501802042,-0.21860709030383507,6.023519244180586,3.7130765709915274,0.8514685201646146,4.414181429488156
VRPLTW,permuted_R45A,full,30,100.0,1000,0.248,0.457,0.603,18.440738089084928,5.543007345882312,-0.36960512262869116,5.863075073988289,6.277802423716537,0.8235200695989335,4.306596273568428
VRPLTW,permuted_R45A,permutable_only,30,100.0,1000,0.248,0.457,0.603,18.440738089084928,5.543007345882312,-0.36960512262869116,5.863075073988289,6.277802423716537,0.8235200695989335,4.306596273568428
VRPLTW,permuted_R45A,full,31,100.0,1000,0.243,0.481,0.625,18.49702211379978,5.812084093549606,-0.06551753239565361,6.186185781654663,1.1128258200105403,0.8798040943137849,4.575673021235722
VRPLTW,permuted_R45A,permutable_only,31,100.0,1000,0.243,0.481,0.625,18.49702211379978,5.812084093549606,-0.06551753239565361,6.186185781654663,1.1128258200105403,0.8798040943137849,4.575673021235722
VRPLTW,permuted_R45A,full,32,100.0,1000,0.261,0.467,0.596,18.458733081339833,5.552537888684794,-0.27238297373690656,5.966379247977094,4.626468595843841,0.8415150618538366,4.316126816370908
VRPLTW,permuted_R45A,permutable_only,32,100.0,1000,0.261,0.467,0.596,18.458733081339833,5.552537888684794,-0.27238297373690656,5.966379247977094,4.626468595843841,0.8415150618538366,4.316126816370908
VRPLTW,permuted_R45A,full,33,100.0,1000,0.27,0.473,0.624,18.456571796417258,5.585963286877706,-0.2840598203597722,5.953971920954193,4.824801712844601,0.8393537769312629,4.349552214563821
VRPLTW,permuted_R45A,permutable_only,33,100.0,1000,0.27,0.473,0.624,18.456571796417258,5.585963286877706,-0.2840598203597722,5.953971920954193,4.824801712844601,0.8393537769312629,4.349552214563821
VRPLTW,permuted_R45A,full,34,100.0,1000,0.256,0.44,0.6,18.453595768928654,5.624263987567831,-0.30013850400155695,5.936887386705814,5.097900739229043,0.8363777494426611,4.387852915253945
VRPLTW,permuted_R45A,permutable_only,34,100.0,1000,0.256,0.44,0.6,18.453595768928654,5.624263987567831,-0.30013850400155695,5.936887386705814,5.097900739229043,0.8363777494426611,4.387852915253945
VRPLTW,permuted_R45A,full,35,100.0,1000,0.259,0.499,0.634,18.484406052590394,5.745224926152855,-0.1336787499139569,6.113760533354129,2.27055505681482,0.8671880331044016,4.508813853838968
VRPLTW,permuted_R45A,permutable_only,35,100.0,1000,0.259,0.499,0.634,18.484406052590394,5.745224926152855,-0.1336787499139569,6.113760533354129,2.27055505681482,0.8671880331044016,4.508813853838968
VRPLTW,permuted_R45A,full,36,100.0,1000,0.267,0.46,0.609,18.469363583087155,5.679345657946482,-0.21494920499545156,6.027405959549825,3.6509468010052366,0.852145563601159,4.442934585632596
VRPLTW,permuted_R45A,permutable_only,36,100.0,1000,0.267,0.46,0.609,18.469363583087155,5.679345657946482,-0.21494920499545156,6.027405959549825,3.6509468010052366,0.852145563601159,4.442934585632596
VRPLTW,permuted_R45A,full,37,100.0,1000,0.264,0.463,0.611,18.46705285930652,5.7168637167724485,-0.22743342995461546,6.014140746200836,3.8629933688381435,0.8498348398205259,4.480452644458563
VRPLTW,permuted_R45A,permutable_only,37,100.0,1000,0.264,0.463,0.611,18.46705285930652,5.7168637167724485,-0.22743342995461546,6.014140746200836,3.8629933688381435,0.8498348398205259,4.480452644458563
VRPLTW,permuted_R45A,full,38,100.0,1000,0.241,0.447,0.602,18.49095013618523,5.802071279516209,-0.09832280973877117,6.151328271128165,1.670028729295385,0.8737321166992379,4.565660207202322
VRPLTW,permuted_R45A,permutable_only,38,100.0,1000,0.241,0.447,0.602,18.49095013618523,5.802071279516209,-0.09832280973877117,6.151328271128165,1.670028729295385,0.8737321166992379,4.565660207202322
VRPLTW,permuted_R45A,full,39,100.0,1000,0.26,0.467,0.619,18.446764423847945,5.553632861770693,-0.337046441452149,5.897670561780388,5.72478798996243,0.8295464043619514,4.317221789456807
VRPLTW,permuted_R45A,permutable_only,39,100.0,1000,0.26,0.467,0.619,18.446764423847945,5.553632861770693,-0.337046441452149,5.897670561780388,5.72478798996243,0.8295464043619514,4.317221789456807
VRPLTW,permuted_R45A,full,40,100.0,1000,0.248,0.458,0.613,18.49825282335282,5.830854348236358,-0.058868336568651536,6.193250938004624,0.999888159997386,0.8810348038668265,4.5944432759224725
VRPLTW,permuted_R45A,permutable_only,40,100.0,1000,0.248,0.458,0.613,18.49825282335282,5.830854348236358,-0.058868336568651536,6.193250938004624,0.999888159997386,0.8810348038668265,4.5944432759224725
VRPLTW,permuted_R45A,full,41,100.0,1000,0.257,0.462,0.602,18.449986947536004,5.612867731979274,-0.31963600451671015,5.916170161171075,5.429068919799311,0.8327689280500085,4.376456659665387
VRPLTW,permuted_R45A,permutable_only,41,100.0,1000,0.257,0.462,0.602,18.449986947536004,5.612867731979274,-0.31963600451671015,5.916170161171075,5.429068919799311,0.8327689280500085,4.376456659665387
VRPLTW,permuted_R45A,full,42,100.0,1000,0.263,0.45,0.605,18.481182293892083,5.717315688481378,-0.15109585928075875,6.095253844117976,2.5663874592972022,0.8639642744060857,4.480904616167491
VRPLTW,permuted_R45A,permutable_only,42,100.0,1000,0.263,0.45,0.605,18.481182293892083,5.717315688481378,-0.15109585928075875,6.095253844117976,2.5663874592972022,0.8639642744060857,4.480904616167491
VRPLTW,permuted_R45A,full,43,100.0,1000,0.228,0.453,0.599,18.50976871299765,5.974419063780777,0.0033489470962377865,6.259360411721171,-0.05688240478974117,0.8925506935116564,4.7380079914668904
VRPLTW,permuted_R45A,permutable_only,43,100.0,1000,0.228,0.453,0.599,18.50976871299765,5.974419063780777,0.0033489470962377865,6.259360411721171,-0.05688240478974117,0.8925506935116564,4.7380079914668904
VRPLTW,permuted_R45A,full,44,100.0,1000,0.244,0.456,0.599,18.515957955361102,5.925014269821035,0.03678777463576033,6.294891106089695,-0.6248462660069255,0.8987399358751111,4.688603197507148
VRPLTW,permuted_R45A,permutable_only,44,100.0,1000,0.244,0.456,0.599,18.515957955361102,5.925014269821035,0.03678777463576033,6.294891106089695,-0.6248462660069255,0.8987399358751111,4.688603197507148
VRPLTW,permuted_R45A,full,45,100.0,1000,0.256,0.468,0.622,18.43231339311575,5.470865335232686,-0.41512151042598644,5.814711271110529,7.050905587440065,0.8150953736297555,4.2344542629188
VRPLTW,permuted_R45A,permutable_only,45,100.0,1000,0.256,0.468,0.622,18.43231339311575,5.470865335232686,-0.41512151042598644,5.814711271110529,7.050905587440065,0.8150953736297555,4.2344542629188
VRPLTW,permuted_R45A,full,46,100.0,1000,0.246,0.452,0.596,18.511872181416564,5.963038106187074,0.014713426553414344,6.271435830507088,-0.24990991526645193,0.8946541619305703,4.7266270338731875
VRPLTW,permuted_R45A,permutable_only,46,100.0,1000,0.246,0.452,0.596,18.511872181416564,5.963038106187074,0.014713426553414344,6.271435830507088,-0.24990991526645193,0.8946541619305703,4.7266270338731875
VRPLTW,permuted_R45A,full,47,100.0,1000,0.233,0.425,0.591,18.56085306930485,6.115752487483371,0.27934411422869676,6.552621289931704,-4.744704686134967,0.943635049818858,4.879341415169485
VRPLTW,permuted_R45A,permutable_only,47,100.0,1000,0.233,0.425,0.591,18.56085306930485,6.115752487483371,0.27934411422869676,6.552621289931704,-4.744704686134967,0.943635049818858,4.879341415169485
VRPLTW,permuted_R45A,full,48,100.0,1000,0.252,0.457,0.599,18.4330624151215,5.501481923786559,-0.41107474408482725,5.819011195139812,6.982170610597646,0.815844395635509,4.265070851472674
VRPLTW,permuted_R45A,permutable_only,48,100.0,1000,0.252,0.457,0.599,18.4330624151215,5.501481923786559,-0.41107474408482725,5.819011195139812,6.982170610597646,0.815844395635509,4.265070851472674
VRPLTW,permuted_R45A,full,49,100.0,1000,0.263,0.47,0.615,18.422874295234553,5.606434737620538,-0.46611844149493376,5.760524073027651,7.91709665965738,0.8056562757485584,4.370023665306651
VRPLTW,permuted_R45A,permutable_only,49,100.0,1000,0.263,0.47,0.615,18.422874295234553,5.606434737620538,-0.46611844149493376,5.760524073027651,7.91709665965738,0.8056562757485584,4.370023665306651
VRPLTW,permuted_R45A,full,50,100.0,1000,0.252,0.475,0.635,18.424031960486598,5.4928222055179035,-0.45986388456560334,5.767169902652025,7.810862004761492,0.8068139410006042,4.2564111332040175
VRPLTW,permuted_R45A,permutable_only,50,100.0,1000,0.252,0.475,0.635,18.424031960486598,5.4928222055179035,-0.45986388456560334,5.767169902652025,7.810862004761492,0.8068139410006042,4.2564111332040175
VRPLTW,permuted_R45A,full,51,100.0,1000,0.261,0.457,0.608,18.468401394366165,5.701828744674431,-0.22014765430673489,6.021882305544568,3.739243298234108,0.8511833748801702,4.465417672360545
VRPLTW,permuted_R45A,permutable_only,51,100.0,1000,0.261,0.457,0.608,18.468401394366165,5.701828744674431,-0.22014765430673489,6.021882305544568,3.739243298234108,0.8511833748801702,4.465417672360545
VRPLTW,permuted_R45A,full,52,100.0,1000,0.232,0.459,0.63,18.484686698436896,5.749266282288047,-0.13216249517553624,6.115371641986211,2.24480122633713,0.8674686789509031,4.512855209974161
VRPLTW,permuted_R45A,permutable_only,52,100.0,1000,0.232,0.459,0.63,18.484686698436896,5.749266282288047,-0.13216249517553624,6.115371641986211,2.24480122633713,0.8674686789509031,4.512855209974161
VRPLTW,permuted_R45A,full,53,100.0,1000,0.262,0.454,0.616,18.476752144336693,5.732379030178249,-0.17503077703930892,6.069821605304893,2.972925885083723,0.8595341248506975,4.495967957864362
VRPLTW,permuted_R45A,permutable_only,53,100.0,1000,0.262,0.454,0.616,18.476752144336693,5.732379030178249,-0.17503077703930892,6.069821605304893,2.972925885083723,0.8595341248506975,4.495967957864362
VRPLTW,permuted_R45A,full,54,100.0,1000,0.266,0.471,0.627,18.494495692252915,5.730749570736896,-0.07916711491913198,6.171682308280002,1.3446661734103356,0.8772776727669213,4.49433849842301
VRPLTW,permuted_R45A,permutable_only,54,100.0,1000,0.266,0.471,0.627,18.494495692252915,5.730749570736896,-0.07916711491913198,6.171682308280002,1.3446661734103356,0.8772776727669213,4.49433849842301
VRPLTW,permuted_R45A,full,55,100.0,1000,0.263,0.471,0.636,18.46173976278229,5.569174772017603,-0.2561386749493355,5.983639757926795,4.350556569584807,0.8445217432962947,4.332763699703717
VRPLTW,permuted_R45A,permutable_only,55,100.0,1000,0.263,0.471,0.636,18.46173976278229,5.569174772017603,-0.2561386749493355,5.983639757926795,4.350556569584807,0.8445217432962947,4.332763699703717
VRPLTW,permuted_R45A,full,56,100.0,1000,0.257,0.459,0.624,18.48179767608508,5.674249276547251,-0.14777111324333347,6.098786579683213,2.509916113382091,0.8645796565990828,4.437838204233366
VRPLTW,permuted_R45A,permutable_only,56,100.0,1000,0.257,0.459,0.624,18.48179767608508,5.674249276547251,-0.14777111324333347,6.098786579683213,2.509916113382091,0.8645796565990828,4.437838204233366
VRPLTW,permuted_R45A,full,57,100.0,1000,0.257,0.464,0.624,18.47646634340278,5.6761211484607355,-0.17657488334159588,6.0681809027702815,2.9991527788507497,0.8592483239167833,4.43971007614685
VRPLTW,permuted_R45A,permutable_only,57,100.0,1000,0.257,0.464,0.624,18.47646634340278,5.6761211484607355,-0.17657488334159588,6.0681809027702815,2.9991527788507497,0.8592483239167833,4.43971007614685
VRPLTW,permuted_R45A,full,58,100.0,1000,0.249,0.452,0.595,18.485276516913995,5.787289323714566,-0.12897586308436848,6.118757623470228,2.1906757680017606,0.8680584974280021,4.55087825140068
VRPLTW,permuted_R45A,permutable_only,58,100.0,1000,0.249,0.452,0.595,18.485276516913995,5.787289323714566,-0.12897586308436848,6.118757623470228,2.1906757680017606,0.8680584974280021,4.55087825140068
VRPLTW,permuted_R45A,full,59,100.0,1000,0.245,0.471,0.622,18.506883029460756,5.898440262641442,-0.012241632244081035,6.242794516612737,0.20792609156912237,0.8896650099747607,4.662029190327557
VRPLTW,permuted_R45A,permutable_only,59,100.0,1000,0.245,0.471,0.622,18.506883029460756,5.898440262641442,-0.012241632244081035,6.242794516612737,0.20792609156912237,0.8896650099747607,4.662029190327557
VRPLTW,permuted_R45A,full,60,100.0,1000,0.261,0.482,0.624,18.450337118625786,5.536105585434421,-0.3177441234118894,5.918180394611139,5.396935015104706,0.8331190991397901,4.299694513120535
VRPLTW,permuted_R45A,permutable_only,60,100.0,1000,0.261,0.482,0.624,18.450337118625786,5.536105585434421,-0.3177441234118894,5.918180394611139,5.396935015104706,0.8331190991397901,4.299694513120535
VRPLTW,permuted_R45A,full,61,100.0,1000,0.227,0.445,0.61,18.43316337108601,5.566900377791193,-0.41052930590547154,5.8195907548515,6.972906255439397,0.815945351600016,4.3304893054773075
VRPLTW,permuted_R45A,permutable_only,61,100.0,1000,0.227,0.445,0.61,18.43316337108601,5.566900377791193,-0.41052930590547154,5.8195907548515,6.972906255439397,0.815945351600016,4.3304893054773075
VRPLTW,permuted_R45A,full,62,100.0,1000,0.247,0.483,0.617,18.462221189021147,5.61660805914913,-0.253537657243319,5.98640349014945,4.306377865721662,0.8450031695351531,4.380196986835244
VRPLTW,permuted_R45A,permutable_only,62,100.0,1000,0.247,0.483,0.617,18.462221189021147,5.61660805914913,-0.253537657243319,5.98640349014945,4.306377865721662,0.8450031695351531,4.380196986835244
VRPLTW,permuted_R45A,full,63,100.0,1000,0.254,0.459,0.6,18.44315578746783,5.616461846131298,-0.356542942393856,5.876954398350409,6.055939192617208,0.8259377679818338,4.380050773817412
VRPLTW,permuted_R45A,permutable_only,63,100.0,1000,0.254,0.459,0.6,18.44315578746783,5.616461846131298,-0.356542942393856,5.876954398350409,6.055939192617208,0.8259377679818338,4.380050773817412
VRPLTW,permuted_R45A,full,64,100.0,1000,0.264,0.486,0.638,18.39905688476472,5.316652065166916,-0.5947975647818016,5.623795038622648,10.102732254496063,0.7818388652787235,4.08024099285303
VRPLTW,permuted_R45A,permutable_only,64,100.0,1000,0.264,0.486,0.638,18.39905688476472,5.316652065166916,-0.5947975647818016,5.623795038622648,10.102732254496063,0.7818388652787235,4.08024099285303
VRPLTW,permuted_R45A,full,65,100.0,1000,0.25,0.46,0.604,18.464467684269003,5.7654006537563856,-0.2414004419348692,5.999299985611217,4.10022531258959,0.8472496647830043,4.5289895814425
VRPLTW,permuted_R45A,permutable_only,65,100.0,1000,0.25,0.46,0.604,18.464467684269003,5.7654006537563856,-0.2414004419348692,5.999299985611217,4.10022531258959,0.8472496647830043,4.5289895814425
VRPLTW,permuted_R45A,full,66,100.0,1000,0.259,0.453,0.594,18.462859953880493,5.730243124854241,-0.25008658088927493,5.990070459005747,4.247760779070411,0.8456419343944985,4.4938320525403554
VRPLTW,permuted_R45A,permutable_only,66,100.0,1000,0.259,0.453,0.594,18.462859953880493,5.730243124854241,-0.25008658088927493,5.990070459005747,4.247760779070411,0.8456419343944985,4.4938320525403554
VRPLTW,permuted_R45A,full,67,100.0,1000,0.247,0.446,0.596,18.541627923965766,6.0802288849309925,0.17547577596290775,6.4422551541237105,-2.980484263336733,0.924409904479772,4.843817812617106
VRPLTW,permuted_R45A,permutable_only,67,100.0,1000,0.247,0.446,0.596,18.541627923965766,6.0802288849309925,0.17547577596290775,6.4422551541237105,-2.980484263336733,0.924409904479772,4.843817812617106
VRPLTW,permuted_R45A,full,68,100.0,1000,0.255,0.482,0.617,18.515687659263705,5.887202654303795,0.035327436834342585,6.293339412447452,-0.6000421936932449,0.8984696397777104,4.6507915819899095
VRPLTW,permuted_R45A,permutable_only,68,100.0,1000,0.255,0.482,0.617,18.515687659263705,5.887202654303795,0.035327436834342585,6.293339412447452,-0.6000421936932449,0.8984696397777104,4.6507915819899095
VRPLTW,permuted_R45A,full,69,100.0,1000,0.256,0.47,0.608,18.490104677200076,5.753550535043784,-0.10289059938669576,6.146474729605855,1.7476133707604515,0.8728866577140836,4.517139462729899
VRPLTW,permuted_R45A,permutable_only,69,100.0,1000,0.256,0.47,0.608,18.490104677200076,5.753550535043784,-0.10289059938669576,6.146474729605855,1.7476133707604515,0.8728866577140836,4.517139462729899
VRPLTW,permuted_R45A,full,70,100.0,1000,0.255,0.455,0.586,18.455747069835816,5.719487308018604,-0.2885155983540111,5.949237398312812,4.900483818365343,0.8385290503498202,4.4830762357047185
VRPLTW,permuted_R45A,permutable_only,70,100.0,1000,0.255,0.455,0.586,18.455747069835816,5.719487308018604,-0.2885155983540111,5.949237398312812,4.900483818365343,0.8385290503498202,4.4830762357047185
VRPLTW,permuted_R45A,full,71,100.0,1000,0.266,0.47,0.602,18.498599224090583,5.763039193453884,-0.05699682567129605,6.195239526917384,0.9681002465510855,0.8813812046045885,4.526628121139998
VRPLTW,permuted_R45A,permutable_only,71,100.0,1000,0.266,0.47,0.602,18.498599224090583,5.763039193453884,-0.05699682567129605,6.195239526917384,0.9681002465510855,0.8813812046045885,4.526628121139998
VRPLTW,permuted_R45A,full,72,100.0,1000,0.255,0.452,0.603,18.52615876388538,6.024334070949921,0.09190002537284858,6.3534510700892,-1.5609367043454152,0.9089407443993884,4.787922998636035
VRPLTW,permuted_R45A,permutable_only,72,100.0,1000,0.255,0.452,0.603,18.52615876388538,6.024334070949921,0.09190002537284858,6.3534510700892,-1.5609367043454152,0.9089407443993884,4.787922998636035
VRPLTW,permuted_R45A,full,73,100.0,1000,0.235,0.458,0.612,18.48634294891316,5.776777277747069,-0.12321421511382047,6.124879708727504,2.0928132510082196,0.8691249294271663,4.540366205433184
VRPLTW,permuted_R45A,permutable_only,73,100.0,1000,0.235,0.458,0.612,18.48634294891316,5.776777277747069,-0.12321421511382047,6.124879708727504,2.0928132510082196,0.8691249294271663,4.540366205433184
VRPLTW,permuted_R45A,full,74,100.0,1000,0.261,0.491,0.629,18.381602128505516,5.277394972663866,-0.6891009625195399,5.5235922070798305,11.704490624813502,0.764384109019526,4.04098390034998
VRPLTW,permuted_R45A,permutable_only,74,100.0,1000,0.261,0.491,0.629,18.381602128505516,5.277394972663866,-0.6891009625195399,5.5235922070798305,11.704490624813502,0.764384109019526,4.04098390034998
VRPLTW,permuted_R45A,full,75,100.0,1000,0.248,0.461,0.609,18.42361074066077,5.478293929008091,-0.4621396230623409,5.764751798461787,7.849515788964749,0.8063927211747782,4.241882856694205
VRPLTW,permuted_R45A,permutable_only,75,100.0,1000,0.248,0.461,0.609,18.42361074066077,5.478293929008091,-0.4621396230623409,5.764751798461787,7.849515788964749,0.8063927211747782,4.241882856694205
VRPLTW,permuted_R45A,full,76,100.0,1000,0.247,0.465,0.622,18.45638756608871,5.696218077945743,-0.2850551677418989,5.9529143066110235,4.841707848137093,0.839169546602716,4.459807005631857
VRPLTW,permuted_R45A,permutable_only,76,100.0,1000,0.247,0.465,0.622,18.45638756608871,5.696218077945743,-0.2850551677418989,5.9529143066110235,4.841707848137093,0.839169546602716,4.459807005631857
VRPLTW,permuted_R45A,full,77,100.0,1000,0.254,0.447,0.604,18.443267940997572,5.664950556295765,-0.3559370067528267,5.877598240125148,6.045647278347173,0.8260499215115754,4.428539483981879
VRPLTW,permuted_R45A,permutable_only,77,100.0,1000,0.254,0.447,0.604,18.443267940997572,5.664950556295765,-0.3559370067528267,5.877598240125148,6.045647278347173,0.8260499215115754,4.428539483981879
VRPLTW,permuted_R45A,full,78,100.0,1000,0.232,0.447,0.611,18.524396185397695,5.912714213645168,0.08237728339353101,6.3433326042303895,-1.3991914009984567,0.907178165911702,4.676303141331282
VRPLTW,permuted_R45A,permutable_only,78,100.0,1000,0.232,0.447,0.611,18.524396185397695,5.912714213645168,0.08237728339353101,6.3433326042303895,-1.3991914009984567,0.907178165911702,4.676303141331282
VRPLTW,permuted_R45A,full,79,100.0,1000,0.279,0.492,0.634,18.41082635354915,5.3870450308486655,-0.5312102605846913,5.691360238642762,9.022691670731586,0.7936083340631553,4.150633958534779
VRPLTW,permuted_R45A,permutable_only,79,100.0,1000,0.279,0.492,0.634,18.41082635354915,5.3870450308486655,-0.5312102605846913,5.691360238642762,9.022691670731586,0.7936083340631553,4.150633958534779
VRPLTW,permuted_R45A,full,80,100.0,1000,0.236,0.458,0.616,18.477639175413415,5.708773617175275,-0.17023838445635597,6.074913800477044,2.891526326661221,0.8604211559274227,4.472362544861389
VRPLTW,permuted_R45A,permutable_only,80,100.0,1000,0.236,0.458,0.616,18.477639175413415,5.708773617175275,-0.17023838445635597,6.074913800477044,2.891526326661221,0.8604211559274227,4.472362544861389
VRPLTW,permuted_R45A,full,81,100.0,1000,0.264,0.48,0.619,18.461186959742385,5.591883624137003,-0.2591253224950574,5.980466271625318,4.401285258267519,0.8439689402563931,4.355472551823117
VRPLTW,permuted_R45A,permutable_only,81,100.0,1000,0.264,0.48,0.619,18.461186959742385,5.591883624137003,-0.2591253224950574,5.980466271625318,4.401285258267519,0.8439689402563931,4.355472551823117
VRPLTW,permuted_R45A,full,82,100.0,1000,0.258,0.469,0.616,18.458028285026735,5.6596265685107365,-0.2761908004433433,5.962333211172877,4.691145144579854,0.8408102655407411,4.42321549619685
VRPLTW,permuted_R45A,permutable_only,82,100.0,1000,0.258,0.469,0.616,18.458028285026735,5.6596265685107365,-0.2761908004433433,5.962333211172877,4.691145144579854,0.8408102655407411,4.42321549619685
VRPLTW,permuted_R45A,full,83,100.0,1000,0.261,0.463,0.618,18.45236028385089,5.5999004694379435,-0.30681350071634084,5.9297948154156455,5.211276631468593,0.8351422643648941,4.363489397124058
VRPLTW,permuted_R45A,permutable_only,83,100.0,1000,0.261,0.463,0.618,18.45236028385089,5.5999004694379435,-0.30681350071634084,5.9297948154156455,5.211276631468593,0.8351422643648941,4.363489397124058
VRPLTW,permuted_R45A,full,84,100.0,1000,0.255,0.467,0.62,18.409020162105648,5.528577619414449,-0.5409686317448315,5.680991403108204,9.188439173593538,0.7918021426196508,4.292166547100563
VRPLTW,permuted_R45A,permutable_only,84,100.0,1000,0.255,0.467,0.62,18.409020162105648,5.528577619414449,-0.5409686317448315,5.680991403108204,9.188439173593538,0.7918021426196508,4.292166547100563
VRPLTW,permuted_R45A,full,85,100.0,1000,0.279,0.475,0.621,18.461113370417145,5.636174376085248,-0.2595229060135207,5.980043816069314,4.408038278242037,0.84389535093115,4.399763303771361
VRPLTW,permuted_R45A,permutable_only,85,100.0,1000,0.279,0.475,0.621,18.461113370417145,5.636174376085248,-0.2595229060135207,5.980043816069314,4.408038278242037,0.84389535093115,4.399763303771361
VRPLTW,permuted_R45A,full,86,100.0,1000,0.242,0.456,0.602,18.51932592916357,5.88209219127571,0.054984039788252836,6.314225693554443,-0.933912754762405,0.9021079096775743,4.645681118961825
VRPLTW,permuted_R45A,permutable_only,86,100.0,1000,0.242,0.456,0.602,18.51932592916357,5.88209219127571,0.054984039788252836,6.314225693554443,-0.933912754762405,0.9021079096775743,4.645681118961825
VRPLTW,permuted_R45A,full,87,100.0,1000,0.269,0.481,0.61,18.39999980688035,5.441491531520396,-0.5897032078062248,5.6292080884818185,10.016203782322638,0.7827817873943544,4.20508045920651
VRPLTW,permuted_R45A,permutable_only,87,100.0,1000,0.269,0.481,0.61,18.39999980688035,5.441491531520396,-0.5897032078062248,5.6292080884818185,10.016203782322638,0.7827817873943544,4.20508045920651
VRPLTW,permuted_R45A,full,88,100.0,1000,0.269,0.473,0.627,18.39795002269769,5.366552166658699,-0.6007776456375735,5.617440855751421,10.204304889159266,0.7807320032116946,4.130141094344814
VRPLTW,permuted_R45A,permutable_only,88,100.0,1000,0.269,0.473,0.627,18.39795002269769,5.366552166658699,-0.6007776456375735,5.617440855751421,10.204304889159266,0.7807320032116946,4.130141094344814
VRPLTW,permuted_R45A,full,89,100.0,1000,0.264,0.45,0.589,18.52333735322857,5.9994834591569575,0.07665669527989749,6.337254147453364,-1.3020262922755252,0.9061193337425721,4.7630723868430715
VRPLTW,permuted_R45A,permutable_only,89,100.0,1000,0.264,0.45,0.589,18.52333735322857,5.9994834591569575,0.07665669527989749,6.337254147453364,-1.3020262922755252,0.9061193337425721,4.7630723868430715
VRPLTW,permuted_R45A,full,90,100.0,1000,0.26,0.479,0.632,18.444243278026356,5.613609390194981,-0.3506675206375376,5.883197374856186,5.956144209582656,0.8270252585403586,4.377198317881095
VRPLTW,permuted_R45A,permutable_only,90,100.0,1000,0.26,0.479,0.632,18.444243278026356,5.613609390194981,-0.3506675206375376,5.883197374856186,5.956144209582656,0.8270252585403586,4.377198317881095
VRPLTW,permuted_R45A,full,91,100.0,1000,0.276,0.479,0.623,18.476215292453556,5.793964159906716,-0.17793124473476363,6.06673969009448,3.022190795155538,0.8589972729675595,4.557553087592829
VRPLTW,permuted_R45A,permutable_only,91,100.0,1000,0.276,0.479,0.623,18.476215292453556,5.793964159906716,-0.17793124473476363,6.06673969009448,3.022190795155538,0.8589972729675595,4.557553087592829
VRPLTW,permuted_R45A,full,92,100.0,1000,0.262,0.454,0.626,18.393022626399954,5.462610940927259,-0.6273990550675568,5.589154063668245,10.656473807851938,0.7758046069139599,4.226199868613373
VRPLTW,permuted_R45A,permutable_only,92,100.0,1000,0.262,0.454,0.626,18.393022626399954,5.462610940927259,-0.6273990550675568,5.589154063668245,10.656473807851938,0.7758046069139599,4.226199868613373
VRPLTW,permuted_R45A,full,93,100.0,1000,0.256,0.464,0.61,18.417548782825623,5.435915593422198,-0.4948907662068236,5.7299518086621815,8.40579922018364,0.8003307633396253,4.199504521108311
VRPLTW,permuted_R45A,permutable_only,93,100.0,1000,0.256,0.464,0.61,18.417548782825623,5.435915593422198,-0.4948907662068236,5.7299518086621815,8.40579922018364,0.8003307633396253,4.199504521108311
VRPLTW,permuted_R45A,full,94,100.0,1000,0.245,0.463,0.607,18.409018177986905,5.545135670194527,-0.5409793514097871,5.680980012842229,9.188621248826054,0.7918001585009088,4.308724597880641
VRPLTW,permuted_R45A,permutable_only,94,100.0,1000,0.245,0.463,0.607,18.409018177986905,5.545135670194527,-0.5409793514097871,5.680980012842229,9.188621248826054,0.7918001585009088,4.308724597880641
VRPLTW,permuted_R45A,full,95,100.0,1000,0.252,0.457,0.61,18.43687669420201,5.566359493119073,-0.3904672104206308,5.840907895299119,6.632148338547303,0.8196586747160162,4.329948420805186
VRPLTW,permuted_R45A,permutable_only,95,100.0,1000,0.252,0.457,0.61,18.43687669420201,5.566359493119073,-0.3904672104206308,5.840907895299119,6.632148338547303,0.8196586747160162,4.329948420805186
VRPLTW,permuted_R45A,full,96,100.0,1000,0.254,0.459,0.598,18.49613183688969,5.833398424944772,-0.07032746135153811,6.1810749530688325,1.194523236546358,0.8789138174036957,4.596987352630886
VRPLTW,permuted_R45A,permutable_only,96,100.0,1000,0.254,0.459,0.598,18.49613183688969,5.833398424944772,-0.07032746135153811,6.1810749530688325,1.194523236546358,0.8789138174036957,4.596987352630886
VRPLTW,permuted_R45A,full,97,100.0,1000,0.257,0.464,0.624,18.410075365543193,5.493231629044164,-0.5352676487011654,5.687049028360924,9.09160706013538,0.7928573460571982,4.256820556730277
VRPLTW,permuted_R45A,permutable_only,97,100.0,1000,0.257,0.464,0.624,18.410075365543193,5.493231629044164,-0.5352676487011654,5.687049028360924,9.09160706013538,0.7928573460571982,4.256820556730277
VRPLTW,permuted_R45A,full,98,100.0,1000,0.226,0.44,0.595,18.437801576613946,5.632373171275878,-0.3854703171579432,5.84621738430855,6.547275303204965,0.8205835571279518,4.395962098961992
VRPLTW,permuted_R45A,permutable_only,98,100.0,1000,0.226,0.44,0.595,18.437801576613946,5.632373171275878,-0.3854703171579432,5.84621738430855,6.547275303204965,0.8205835571279518,4.395962098961992
VRPLTW,permuted_R45A,full,99,100.0,1000,0.236,0.461,0.621,18.463095412731004,5.674747246555664,-0.24881445945137415,5.991422161841498,4.226153591947815,0.8458773932450084,4.438336174241777
VRPLTW,permuted_R45A,permutable_only,99,100.0,1000,0.236,0.461,0.621,18.463095412731004,5.674747246555664,-0.24881445945137415,5.991422161841498,4.226153591947815,0.8458773932450084,4.438336174241777
OVRPBL,R45A,full,-1,100.0,1000,0.588,0.955,0.985,6.3009124948972,0.9031904440747378,-0.14812758651211455,0.8803591397408495,14.52927271145944,0.0,0.0
OVRPBL,R45A,permutable_only,-1,100.0,1000,0.588,0.955,0.985,6.3009124948972,0.9031904440747378,-0.14812758651211455,0.8803591397408495,14.52927271145944,0.0,0.0
OVRPBL,conditional_majority,full,-1,100.0,1000,0.547,0.955,0.982,6.3116381361477005,1.0772705130807287,0.021843883900318772,1.0520813374750304,-2.1425836587120757,0.010725641250499997,0.17408006900599085
OVRPBL,conditional_majority,permutable_only,-1,100.0,1000,0.547,0.955,0.982,6.3116381361477005,1.0772705130807287,0.021843883900318772,1.0520813374750304,-2.1425836587120757,0.010725641250499997,0.17408006900599085
OVRPBL,conditional_mean_gap,full,-1,100.0,1000,0.555,0.955,0.972,6.310259730338401,1.0527575771025326,6.661338147750939e-14,1.0300124588491055,-6.902889393039937e-12,0.009347235441199999,0.14956713302779473
OVRPBL,conditional_mean_gap,permutable_only,-1,100.0,1000,0.555,0.955,0.972,6.310259730338401,1.0527575771025326,6.661338147750939e-14,1.0300124588491055,-6.902889393039937e-12,0.009347235441199999,0.14956713302779473
OVRPBL,permuted_R45A,full,0,100.0,1000,0.486,0.953,0.974,6.3289392244818,1.3963326928885016,0.2960178335227104,1.3290793129374423,-29.035265692087048,0.028026729584599997,0.4931422488137638
OVRPBL,permuted_R45A,permutable_only,0,100.0,1000,0.486,0.953,0.974,6.3289392244818,1.3963326928885016,0.2960178335227104,1.3290793129374423,-29.035265692087048,0.028026729584599997,0.4931422488137638
OVRPBL,permuted_R45A,full,1,100.0,1000,0.487,0.954,0.981,6.3281963849058,1.3786448232480952,0.28424590007234407,1.317186127105896,-27.880601422798552,0.027283890008600004,0.47545437917335753
OVRPBL,permuted_R45A,permutable_only,1,100.0,1000,0.487,0.954,0.981,6.3281963849058,1.3786448232480952,0.28424590007234407,1.317186127105896,-27.880601422798552,0.027283890008600004,0.47545437917335753
OVRPBL,permuted_R45A,full,2,100.0,1000,0.497,0.955,0.979,6.3258842306131005,1.3534586586827126,0.2476047095111511,1.2801675277168467,-24.286606120022558,0.02497173571590001,0.4502682146079747
OVRPBL,permuted_R45A,permutable_only,2,100.0,1000,0.497,0.955,0.979,6.3258842306131005,1.3534586586827126,0.2476047095111511,1.2801675277168467,-24.286606120022558,0.02497173571590001,0.4502682146079747
OVRPBL,permuted_R45A,full,3,100.0,1000,0.491,0.954,0.974,6.3281203830239,1.3632607003557364,0.2830414824231964,1.315969303804887,-27.76246466721396,0.027207888126700004,0.4600702562809985
OVRPBL,permuted_R45A,permutable_only,3,100.0,1000,0.491,0.954,0.974,6.3281203830239,1.3632607003557364,0.2830414824231964,1.315969303804887,-27.76246466721396,0.027207888126700004,0.4600702562809985
OVRPBL,permuted_R45A,full,4,100.0,1000,0.468,0.955,0.976,6.332884055375,1.4529250799019968,0.35853239016185867,1.392237777298555,-35.16708126562814,0.031971560477800004,0.549734635827259
OVRPBL,permuted_R45A,permutable_only,4,100.0,1000,0.468,0.955,0.976,6.332884055375,1.4529250799019968,0.35853239016185867,1.392237777298555,-35.16708126562814,0.031971560477800004,0.549734635827259
OVRPBL,permuted_R45A,full,5,100.0,1000,0.52,0.954,0.978,6.3225032260411,1.2860981666511089,0.1940252259956754,1.2260361688457788,-19.03119795422575,0.02159073114390001,0.3829077225763708
OVRPBL,permuted_R45A,permutable_only,5,100.0,1000,0.52,0.954,0.978,6.3225032260411,1.2860981666511089,0.1940252259956754,1.2260361688457788,-19.03119795422575,0.02159073114390001,0.3829077225763708
OVRPBL,permuted_R45A,full,6,100.0,1000,0.498,0.955,0.982,6.3276116254322,1.3681275635386683,0.2749790949234665,1.3078238727094238,-26.971655679858227,0.026699130535,0.4649371194639304
OVRPBL,permuted_R45A,permutable_only,6,100.0,1000,0.498,0.955,0.982,6.3276116254322,1.3681275635386683,0.2749790949234665,1.3078238727094238,-26.971655679858227,0.026699130535,0.4649371194639304
OVRPBL,permuted_R45A,full,7,100.0,1000,0.494,0.953,0.979,6.3229694321153005,1.2944274451574351,0.2014132907366406,1.2335003315740556,-19.755865181708522,0.02205693721810001,0.3912370010826974
OVRPBL,permuted_R45A,permutable_only,7,100.0,1000,0.494,0.953,0.979,6.3229694321153005,1.2944274451574351,0.2014132907366406,1.2335003315740556,-19.755865181708522,0.02205693721810001,0.3912370010826974
OVRPBL,permuted_R45A,full,8,100.0,1000,0.493,0.955,0.974,6.3244122102257,1.3067868495082289,0.22427729589735712,1.256599838836503,-21.998508662766568,0.023499715328499995,0.403596405433491
OVRPBL,permuted_R45A,permutable_only,8,100.0,1000,0.493,0.955,0.974,6.3244122102257,1.3067868495082289,0.22427729589735712,1.256599838836503,-21.998508662766568,0.023499715328499995,0.403596405433491
OVRPBL,permuted_R45A,full,9,100.0,1000,0.51,0.955,0.985,6.3245892927635,1.3007470237955285,0.22708355974969674,1.2594350075561422,-22.273764432274714,0.023676797866300014,0.3975565797207906
OVRPBL,permuted_R45A,permutable_only,9,100.0,1000,0.51,0.955,0.985,6.3245892927635,1.3007470237955285,0.22708355974969674,1.2594350075561422,-22.273764432274714,0.023676797866300014,0.3975565797207906
OVRPBL,permuted_R45A,full,10,100.0,1000,0.517,0.954,0.975,6.324672513723,1.3130866537320327,0.2284023796248702,1.2607674114403444,-22.403122467972686,0.023760018825800006,0.40989620965729484
OVRPBL,permuted_R45A,permutable_only,10,100.0,1000,0.517,0.954,0.975,6.324672513723,1.3130866537320327,0.2284023796248702,1.2607674114403444,-22.403122467972686,0.023760018825800006,0.40989620965729484
OVRPBL,permuted_R45A,full,11,100.0,1000,0.46,0.954,0.978,6.3318346269126,1.4482922464074424,0.341901878784423,1.3754359695819618,-33.53585752923067,0.0309221320154,0.5451018023327047
OVRPBL,permuted_R45A,permutable_only,11,100.0,1000,0.46,0.954,0.978,6.3318346269126,1.4482922464074424,0.341901878784423,1.3754359695819618,-33.53585752923067,0.0309221320154,0.5451018023327047
OVRPBL,permuted_R45A,full,12,100.0,1000,0.514,0.954,0.978,6.3264118845456,1.349763114373216,0.2559665512585463,1.288615497476009,-25.106787437887572,0.0254993896484,0.4465726702984782
OVRPBL,permuted_R45A,permutable_only,12,100.0,1000,0.514,0.954,0.978,6.3264118845456,1.349763114373216,0.2559665512585463,1.288615497476009,-25.106787437887572,0.0254993896484,0.4465726702984782
OVRPBL,permuted_R45A,full,13,100.0,1000,0.514,0.954,0.982,6.3222250437725,1.3004004414922228,0.18961681365627925,1.2215823493100464,-18.598793520914032,0.02131254887529999,0.3972099974174849
OVRPBL,permuted_R45A,permutable_only,13,100.0,1000,0.514,0.954,0.982,6.3222250437725,1.3004004414922228,0.18961681365627925,1.2215823493100464,-18.598793520914032,0.02131254887529999,0.3972099974174849
OVRPBL,permuted_R45A,full,14,100.0,1000,0.499,0.953,0.974,6.3284016563891,1.3858155473007756,0.2874988800140921,1.3204726131463174,-28.199673877912705,0.027489161491899998,0.48262510322603763
OVRPBL,permuted_R45A,permutable_only,14,100.0,1000,0.499,0.953,0.974,6.3284016563891,1.3858155473007756,0.2874988800140921,1.3204726131463174,-28.199673877912705,0.027489161491899998,0.48262510322603763
OVRPBL,permuted_R45A,full,15,100.0,1000,0.497,0.955,0.98,6.3231777157784,1.3158875108394479,0.20471400531894002,1.2368350439277753,-20.07961974652696,0.022265220881200004,0.41269706676471013
OVRPBL,permuted_R45A,permutable_only,15,100.0,1000,0.497,0.955,0.98,6.3231777157784,1.3158875108394479,0.20471400531894002,1.2368350439277753,-20.07961974652696,0.022265220881200004,0.41269706676471013
OVRPBL,permuted_R45A,full,16,100.0,1000,0.508,0.954,0.984,6.3265429952127,1.3574154698491798,0.2580442893026502,1.2907146364808497,-25.3105848761421,0.02563050031550001,0.45422502577444207
OVRPBL,permuted_R45A,permutable_only,16,100.0,1000,0.508,0.954,0.984,6.3265429952127,1.3574154698491798,0.2580442893026502,1.2907146364808497,-25.3105848761421,0.02563050031550001,0.45422502577444207
OVRPBL,permuted_R45A,full,17,100.0,1000,0.499,0.955,0.979,6.3234115164271,1.291278701592766,0.20841909288571436,1.2405782943580856,-20.4430377225101,0.022499021529900003,0.38808825751802817
OVRPBL,permuted_R45A,permutable_only,17,100.0,1000,0.499,0.955,0.979,6.3234115164271,1.291278701592766,0.20841909288571436,1.2405782943580856,-20.4430377225101,0.022499021529900003,0.38808825751802817
OVRPBL,permuted_R45A,full,18,100.0,1000,0.476,0.953,0.977,6.3308382596959,1.4051768152420692,0.3261122400171068,1.3594836955681533,-31.98711179545124,0.029925764798700006,0.5019863711673316
OVRPBL,permuted_R45A,permutable_only,18,100.0,1000,0.476,0.953,0.977,6.3308382596959,1.4051768152420692,0.3261122400171068,1.3594836955681533,-31.98711179545124,0.029925764798700006,0.5019863711673316
OVRPBL,permuted_R45A,full,19,100.0,1000,0.494,0.955,0.973,6.3237312707893,1.2999304527696587,0.2134863068493864,1.2456977012569093,-20.940061506526554,0.022818775892100008,0.3967400086949207
OVRPBL,permuted_R45A,permutable_only,19,100.0,1000,0.494,0.955,0.973,6.3237312707893,1.2999304527696587,0.2134863068493864,1.2456977012569093,-20.940061506526554,0.022818775892100008,0.3967400086949207
OVRPBL,permuted_R45A,full,20,100.0,1000,0.486,0.955,0.974,6.326533242702701,1.3575056876786171,0.25788973924583125,1.2905584945391846,-25.295425647696053,0.025620747805500003,0.45431524360387915
OVRPBL,permuted_R45A,permutable_only,20,100.0,1000,0.486,0.955,0.974,6.326533242702701,1.3575056876786171,0.25788973924583125,1.2905584945391846,-25.295425647696053,0.025620747805500003,0.45431524360387915
OVRPBL,permuted_R45A,full,21,100.0,1000,0.489,0.954,0.983,6.3298046290862,1.4071336000768855,0.3097320805011572,1.342934818368402,-30.380444122884043,0.028892134189000006,0.5039431560021475
OVRPBL,permuted_R45A,permutable_only,21,100.0,1000,0.489,0.954,0.983,6.3298046290862,1.4071336000768855,0.3097320805011572,1.342934818368402,-30.380444122884043,0.028892134189000006,0.5039431560021475
OVRPBL,permuted_R45A,full,22,100.0,1000,0.499,0.955,0.981,6.3258134214875,1.3443719790588906,0.24648258255242084,1.2790338427106418,-24.176540945909938,0.02490092659029999,0.44118153498415286
OVRPBL,permuted_R45A,permutable_only,22,100.0,1000,0.499,0.955,0.981,6.3258134214875,1.3443719790588906,0.24648258255242084,1.2790338427106418,-24.176540945909938,0.02490092659029999,0.44118153498415286
OVRPBL,permuted_R45A,full,23,100.0,1000,0.472,0.955,0.976,6.3307516655907,1.4337454148920583,0.32473996519957193,1.3580972861490181,-31.852510567358372,0.029839170693500006,0.5305549708173204
OVRPBL,permuted_R45A,permutable_only,23,100.0,1000,0.472,0.955,0.976,6.3307516655907,1.4337454148920583,0.32473996519957193,1.3580972861490181,-31.852510567358372,0.029839170693500006,0.5305549708173204
OVRPBL,permuted_R45A,full,24,100.0,1000,0.487,0.953,0.979,6.3248975050448,1.3105521960925066,0.23196786395380808,1.2643696207020882,-22.75284729224921,0.0239850101476,0.4073617520177688
OVRPBL,permuted_R45A,permutable_only,24,100.0,1000,0.487,0.953,0.979,6.3248975050448,1.3105521960925066,0.23196786395380808,1.2643696207020882,-22.75284729224921,0.0239850101476,0.4073617520177688
OVRPBL,permuted_R45A,full,25,100.0,1000,0.512,0.955,0.98,6.3215478746892,1.2761492990432948,0.17888557417902184,1.2107405767291857,-17.546206973273456,0.02063537979200001,0.3729588549685569
OVRPBL,permuted_R45A,permutable_only,25,100.0,1000,0.512,0.955,0.98,6.3215478746892,1.2761492990432948,0.17888557417902184,1.2107405767291857,-17.546206973273456,0.02063537979200001,0.3729588549685569
OVRPBL,permuted_R45A,full,26,100.0,1000,0.53,0.953,0.981,6.3193447012901,1.2321988032879658,0.1439714265329739,1.1754668090124598,-14.121610754686905,0.018432206392900014,0.32900835921322796
OVRPBL,permuted_R45A,permutable_only,26,100.0,1000,0.53,0.953,0.981,6.3193447012901,1.2321988032879658,0.1439714265329739,1.1754668090124598,-14.121610754686905,0.018432206392900014,0.32900835921322796
OVRPBL,permuted_R45A,full,27,100.0,1000,0.507,0.953,0.976,6.3269181656831,1.3835740432806942,0.2639896938728681,1.296721279458879,-25.893747043397557,0.026005670785900017,0.4803835992059563
OVRPBL,permuted_R45A,permutable_only,27,100.0,1000,0.507,0.953,0.976,6.3269181656831,1.3835740432806942,0.2639896938728681,1.296721279458879,-25.893747043397557,0.026005670785900017,0.4803835992059563
OVRPBL,permuted_R45A,full,28,100.0,1000,0.498,0.955,0.98,6.3292286312563,1.4396482593150226,0.30060412294450334,1.333712841711665,-29.485117413240864,0.028316136359100005,0.5364578152402849
OVRPBL,permuted_R45A,permutable_only,28,100.0,1000,0.498,0.955,0.98,6.3292286312563,1.4396482593150226,0.30060412294450334,1.333712841711665,-29.485117413240864,0.028316136359100005,0.5364578152402849
OVRPBL,permuted_R45A,full,29,100.0,1000,0.487,0.955,0.975,6.3288858535282,1.3754810812262133,0.295172052906989,1.328224820676005,-28.952306281830204,0.027973358631000013,0.4722906371514754
OVRPBL,permuted_R45A,permutable_only,29,100.0,1000,0.487,0.955,0.975,6.3288858535282,1.3754810812262133,0.295172052906989,1.328224820676005,-28.952306281830204,0.027973358631000013,0.4722906371514754
OVRPBL,permuted_R45A,full,30,100.0,1000,0.497,0.954,0.98,6.3267917196733,1.3753276595851114,0.26198587762436,1.2946968236533518,-25.697200313487418,0.02587922477610001,0.47213721551037363
OVRPBL,permuted_R45A,permutable_only,30,100.0,1000,0.497,0.954,0.98,6.3267917196733,1.3753276595851114,0.26198587762436,1.2946968236533518,-25.697200313487418,0.02587922477610001,0.47213721551037363
OVRPBL,permuted_R45A,full,31,100.0,1000,0.463,0.954,0.979,6.3309175095551,1.448483611319573,0.32736812903888524,1.36075252040333,-32.110297182606395,0.0300050146579,0.5452931672448349
OVRPBL,permuted_R45A,permutable_only,31,100.0,1000,0.463,0.954,0.979,6.3309175095551,1.448483611319573,0.32736812903888524,1.36075252040333,-32.110297182606395,0.0300050146579,0.5452931672448349
OVRPBL,permuted_R45A,full,32,100.0,1000,0.483,0.954,0.978,6.3262388761036,1.3469807202424247,0.2532248504507617,1.2858455568083293,-24.83786441235706,0.025326381206399993,0.44379027616768696
OVRPBL,permuted_R45A,permutable_only,32,100.0,1000,0.483,0.954,0.978,6.3262388761036,1.3469807202424247,0.2532248504507617,1.2858455568083293,-24.83786441235706,0.025326381206399993,0.44379027616768696
OVRPBL,permuted_R45A,full,33,100.0,1000,0.498,0.954,0.978,6.327725220679801,1.401259182393925,0.2767792624673415,1.3096425822032964,-27.14822728132203,0.026812725782600005,0.49806873831918697
OVRPBL,permuted_R45A,permutable_only,33,100.0,1000,0.498,0.954,0.978,6.327725220679801,1.401259182393925,0.2767792624673415,1.3096425822032964,-27.14822728132203,0.026812725782600005,0.49806873831918697
OVRPBL,permuted_R45A,full,34,100.0,1000,0.513,0.954,0.979,6.3237248034462,1.3293849983636337,0.21338381751652147,1.2455941562711237,-20.93000871688494,0.02281230854900001,0.42619455428889597
OVRPBL,permuted_R45A,permutable_only,34,100.0,1000,0.513,0.954,0.979,6.3237248034462,1.3293849983636337,0.21338381751652147,1.2455941562711237,-20.93000871688494,0.02281230854900001,0.42619455428889597
OVRPBL,permuted_R45A,full,35,100.0,1000,0.497,0.955,0.978,6.3269505708215,1.3619785406732292,0.26450322484918853,1.297240099868202,-25.94411734764751,0.026038075924300002,0.4587880965984914
OVRPBL,permuted_R45A,permutable_only,35,100.0,1000,0.497,0.955,0.978,6.3269505708215,1.3619785406732292,0.26450322484918853,1.297240099868202,-25.94411734764751,0.026038075924300002,0.4587880965984914
OVRPBL,permuted_R45A,full,36,100.0,1000,0.493,0.955,0.983,6.3268069829932,1.3615365040425098,0.2622277586332711,1.2949411960667678,-25.72092550354074,0.025894488096000003,0.4583460599677718
OVRPBL,permuted_R45A,permutable_only,36,100.0,1000,0.493,0.955,0.983,6.3268069829932,1.3615365040425098,0.2622277586332711,1.2949411960667678,-25.72092550354074,0.025894488096000003,0.4583460599677718
OVRPBL,permuted_R45A,full,37,100.0,1000,0.507,0.955,0.978,6.328858758926001,1.4144304411866528,0.2947426791037433,1.3277910242690982,-28.910190635248167,0.02794626402880001,0.5112399971119151
OVRPBL,permuted_R45A,permutable_only,37,100.0,1000,0.507,0.955,0.978,6.328858758926001,1.4144304411866528,0.2947426791037433,1.3277910242690982,-28.910190635248167,0.02794626402880001,0.5112399971119151
OVRPBL,permuted_R45A,full,38,100.0,1000,0.483,0.954,0.979,6.330176217792899,1.4740797298380772,0.31562072411612796,1.3488841157462739,-30.958038823487303,0.02926372289570001,0.5708892857633393
OVRPBL,permuted_R45A,permutable_only,38,100.0,1000,0.483,0.954,0.979,6.330176217792899,1.4740797298380772,0.31562072411612796,1.3488841157462739,-30.958038823487303,0.02926372289570001,0.5708892857633393
OVRPBL,permuted_R45A,full,39,100.0,1000,0.481,0.955,0.98,6.3327911052698,1.4917671657228266,0.35705939048875646,1.390749605545305,-35.022600318775275,0.03187861037260001,0.5885767216480887
OVRPBL,permuted_R45A,permutable_only,39,100.0,1000,0.481,0.955,0.98,6.3327911052698,1.4917671657228266,0.35705939048875646,1.390749605545305,-35.022600318775275,0.03187861037260001,0.5885767216480887
OVRPBL,permuted_R45A,full,40,100.0,1000,0.513,0.955,0.977,6.3267214927671995,1.3749820587914696,0.26087297721928415,1.2935724602354481,-25.58804013700207,0.02580899787000001,0.4717916147167317
OVRPBL,permuted_R45A,permutable_only,40,100.0,1000,0.513,0.955,0.977,6.3267214927671995,1.3749820587914696,0.26087297721928415,1.2935724602354481,-25.58804013700207,0.02580899787000001,0.4717916147167317
OVRPBL,permuted_R45A,full,41,100.0,1000,0.491,0.954,0.983,6.326754087686499,1.3503355541786914,0.2613895156930113,1.2940943191197984,-25.63870543525969,0.025841592789300007,0.4471451101039534
OVRPBL,permuted_R45A,permutable_only,41,100.0,1000,0.491,0.954,0.983,6.326754087686499,1.3503355541786914,0.2613895156930113,1.2940943191197984,-25.63870543525969,0.025841592789300007,0.4471451101039534
OVRPBL,permuted_R45A,full,42,100.0,1000,0.484,0.954,0.975,6.3291842215058,1.407440703121611,0.29990035238041113,1.33300182222309,-29.416087229918375,0.028271726608599997,0.5042502590468729
OVRPBL,permuted_R45A,permutable_only,42,100.0,1000,0.484,0.954,0.975,6.3291842215058,1.407440703121611,0.29990035238041113,1.33300182222309,-29.416087229918375,0.028271726608599997,0.5042502590468729
OVRPBL,permuted_R45A,full,43,100.0,1000,0.509,0.953,0.975,6.3249049358369,1.3309305233548558,0.23208562126360022,1.2644885909268488,-22.764397659794806,0.0239924409397,0.4277400792801179
OVRPBL,permuted_R45A,permutable_only,43,100.0,1000,0.509,0.953,0.975,6.3249049358369,1.3309305233548558,0.23208562126360022,1.2644885909268488,-22.764397659794806,0.0239924409397,0.4277400792801179
OVRPBL,permuted_R45A,full,44,100.0,1000,0.5,0.955,0.975,6.323549644707501,1.2907248984740258,0.2106080405091637,1.2427897884147665,-20.657743286280905,0.02263714981030001,0.3875344543992878
OVRPBL,permuted_R45A,permutable_only,44,100.0,1000,0.5,0.955,0.975,6.323549644707501,1.2907248984740258,0.2106080405091637,1.2427897884147665,-20.657743286280905,0.02263714981030001,0.3875344543992878
OVRPBL,permuted_R45A,full,45,100.0,1000,0.502,0.954,0.98,6.3261595327841995,1.3555230478781035,0.25196748034570504,1.2845752356345441,-24.71453375136541,0.025247037886999998,0.4523326038033657
OVRPBL,permuted_R45A,permutable_only,45,100.0,1000,0.502,0.954,0.98,6.3261595327841995,1.3555230478781035,0.25196748034570504,1.2845752356345441,-24.71453375136541,0.025247037886999998,0.4523326038033657
OVRPBL,permuted_R45A,full,46,100.0,1000,0.484,0.953,0.979,6.332344828843199,1.4534343995007648,0.349987155023479,1.3836045251736095,-34.32891158614718,0.031432333946,0.5502439554260269
OVRPBL,permuted_R45A,permutable_only,46,100.0,1000,0.484,0.953,0.979,6.332344828843199,1.4534343995007648,0.349987155023479,1.3836045251736095,-34.32891158614718,0.031432333946,0.5502439554260269
OVRPBL,permuted_R45A,full,47,100.0,1000,0.509,0.955,0.98,6.3269302010528,1.3554535777135892,0.2641804208827647,1.2969139709807287,-25.91245473185304,0.02601770615560001,0.45226313363885134
OVRPBL,permuted_R45A,permutable_only,47,100.0,1000,0.509,0.955,0.98,6.3269302010528,1.3554535777135892,0.2641804208827647,1.2969139709807287,-25.91245473185304,0.02601770615560001,0.45226313363885134
OVRPBL,permuted_R45A,full,48,100.0,1000,0.511,0.955,0.978,6.326981003998799,1.3696133168788587,0.26498550574725055,1.2977273483196328,-25.991422450340586,0.026068509101599992,0.46642287280412076
OVRPBL,permuted_R45A,permutable_only,48,100.0,1000,0.511,0.955,0.978,6.326981003998799,1.3696133168788587,0.26498550574725055,1.2977273483196328,-25.991422450340586,0.026068509101599992,0.46642287280412076
OVRPBL,permuted_R45A,full,49,100.0,1000,0.51,0.954,0.979,6.3261594364645,1.3320701552092848,0.251965953947364,1.2845736935141128,-24.714384032746008,0.025246941567300004,0.42887971113454715
OVRPBL,permuted_R45A,permutable_only,49,100.0,1000,0.51,0.954,0.979,6.3261594364645,1.3320701552092848,0.251965953947364,1.2845736935141128,-24.714384032746008,0.025246941567300004,0.42887971113454715
OVRPBL,permuted_R45A,full,50,100.0,1000,0.506,0.954,0.972,6.329313186168,1.417239942311162,0.3019440822379815,1.3350666027528213,-29.61654893424082,0.028400691270800017,0.5140494982364239
OVRPBL,permuted_R45A,permutable_only,50,100.0,1000,0.506,0.954,0.972,6.329313186168,1.417239942311162,0.3019440822379815,1.3350666027528213,-29.61654893424082,0.028400691270800017,0.5140494982364239
OVRPBL,permuted_R45A,full,51,100.0,1000,0.51,0.954,0.98,6.3267588958732,1.3540430753420292,0.261465712028941,1.2941713002874833,-25.646179244630314,0.025846400976000012,0.4508526312672914
OVRPBL,permuted_R45A,permutable_only,51,100.0,1000,0.51,0.954,0.98,6.3267588958732,1.3540430753420292,0.261465712028941,1.2941713002874833,-25.646179244630314,0.025846400976000012,0.4508526312672914
OVRPBL,permuted_R45A,full,52,100.0,1000,0.497,0.954,0.974,6.327302339791699,1.341289194172163,0.2700777809725663,1.302872074614192,-26.490904398385805,0.026389844894500008,0.43809875009742505
OVRPBL,permuted_R45A,permutable_only,52,100.0,1000,0.497,0.954,0.974,6.327302339791699,1.341289194172163,0.2700777809725663,1.302872074614192,-26.490904398385805,0.026389844894500008,0.43809875009742505
OVRPBL,permuted_R45A,full,53,100.0,1000,0.491,0.954,0.976,6.3286024184222,1.4019439979197175,0.2906803977594796,1.3236869009208618,-28.511736877434828,0.027689923525000007,0.4987535538449796
OVRPBL,permuted_R45A,permutable_only,53,100.0,1000,0.491,0.954,0.976,6.3286024184222,1.4019439979197175,0.2906803977594796,1.3236869009208618,-28.511736877434828,0.027689923525000007,0.4987535538449796
OVRPBL,permuted_R45A,full,54,100.0,1000,0.5,0.954,0.979,6.3252931907167005,1.3234265265602156,0.23823837719429974,1.2707047210102074,-23.367898134953464,0.024380695819500007,0.42023608248547784
OVRPBL,permuted_R45A,permutable_only,54,100.0,1000,0.5,0.954,0.979,6.3252931907167005,1.3234265265602156,0.23823837719429974,1.2707047210102074,-23.367898134953464,0.024380695819500007,0.42023608248547784
OVRPBL,permuted_R45A,full,55,100.0,1000,0.497,0.954,0.975,6.3297785859102005,1.4210322066162466,0.30931936886784417,1.342517855753833,-30.339962805305888,0.028866091013,0.5178417625415088
OVRPBL,permuted_R45A,permutable_only,55,100.0,1000,0.497,0.954,0.975,6.3297785859102005,1.4210322066162466,0.30931936886784417,1.342517855753833,-30.339962805305888,0.028866091013,0.5178417625415088
OVRPBL,permuted_R45A,full,56,100.0,1000,0.496,0.955,0.98,6.3306715381136,1.4332151625100071,0.32347016838416565,1.3568144102682034,-31.727961017515693,0.029759043216400008,0.5300247184352693
OVRPBL,permuted_R45A,permutable_only,56,100.0,1000,0.496,0.955,0.98,6.3306715381136,1.4332151625100071,0.32347016838416565,1.3568144102682034,-31.727961017515693,0.029759043216400008,0.5300247184352693
OVRPBL,permuted_R45A,full,57,100.0,1000,0.475,0.955,0.983,6.3317091634264,1.4259216170053266,0.3399136327919994,1.3734272444081208,-33.34083802664205,0.030796668529200013,0.522731172930589
OVRPBL,permuted_R45A,permutable_only,57,100.0,1000,0.475,0.955,0.983,6.3317091634264,1.4259216170053266,0.3399136327919994,1.3734272444081208,-33.34083802664205,0.030796668529200013,0.522731172930589
OVRPBL,permuted_R45A,full,58,100.0,1000,0.486,0.955,0.978,6.3282971320137005,1.3870559316682864,0.28584246047091977,1.318799132275461,-28.03720197221105,0.02738463711650001,0.48386548759354836
OVRPBL,permuted_R45A,permutable_only,58,100.0,1000,0.486,0.955,0.978,6.3282971320137005,1.3870559316682864,0.28584246047091977,1.318799132275461,-28.03720197221105,0.02738463711650001,0.48386548759354836
OVRPBL,permuted_R45A,full,59,100.0,1000,0.491,0.954,0.976,6.3296803956024,1.411549630221235,0.3077633266129087,1.3409457860698248,-30.187336526806213,0.028767900705200005,0.5083591861464971
OVRPBL,permuted_R45A,permutable_only,59,100.0,1000,0.491,0.954,0.976,6.3296803956024,1.411549630221235,0.3077633266129087,1.3409457860698248,-30.187336526806213,0.028767900705200005,0.5083591861464971
OVRPBL,permuted_R45A,full,60,100.0,1000,0.497,0.954,0.981,6.3283439826964,1.3826395882501152,0.28658491299586863,1.3195492321539382,-28.11002632224941,0.02743148779920001,0.4794491441753772
OVRPBL,permuted_R45A,permutable_only,60,100.0,1000,0.497,0.954,0.981,6.3283439826964,1.3826395882501152,0.28658491299586863,1.3195492321539382,-28.11002632224941,0.02743148779920001,0.4794491441753772
OVRPBL,permuted_R45A,full,61,100.0,1000,0.477,0.954,0.982,6.3322634742258,1.4853737505499662,0.348697911460194,1.3823020022410093,-34.202454578621705,0.031350979328599995,0.5821833064752284
OVRPBL,permuted_R45A,permutable_only,61,100.0,1000,0.477,0.954,0.982,6.3322634742258,1.4853737505499662,0.348697911460194,1.3823020022410093,-34.202454578621705,0.031350979328599995,0.5821833064752284
OVRPBL,permuted_R45A,full,62,100.0,1000,0.522,0.955,0.977,6.3261974778178995,1.3378644956039651,0.25256880319644015,1.2851827521855652,-24.773515227347424,0.025284982920700014,0.43467405152922745
OVRPBL,permuted_R45A,permutable_only,62,100.0,1000,0.522,0.955,0.977,6.3261974778178995,1.3378644956039651,0.25256880319644015,1.2851827521855652,-24.773515227347424,0.025284982920700014,0.43467405152922745
OVRPBL,permuted_R45A,full,63,100.0,1000,0.489,0.954,0.977,6.3321404709802,1.47126032026386,0.346748653412865,1.3803326665929427,-34.01125925558014,0.031227976083000004,0.5680698761891224
OVRPBL,permuted_R45A,permutable_only,63,100.0,1000,0.489,0.954,0.977,6.3321404709802,1.47126032026386,0.346748653412865,1.3803326665929427,-34.01125925558014,0.031227976083000004,0.5680698761891224
OVRPBL,permuted_R45A,full,64,100.0,1000,0.504,0.954,0.979,6.3261432983866,1.3450990107510892,0.2517102104662827,1.2843153158432985,-24.68929912541485,0.025230803489399992,0.4419085666763515
OVRPBL,permuted_R45A,permutable_only,64,100.0,1000,0.504,0.954,0.979,6.3261432983866,1.3450990107510892,0.2517102104662827,1.2843153158432985,-24.68929912541485,0.025230803489399992,0.4419085666763515
OVRPBL,permuted_R45A,full,65,100.0,1000,0.501,0.955,0.979,6.3291428620806,1.40561918615833,0.29924492095654287,1.3323396397739051,-29.3517984493796,0.028230367183400006,0.5024287420835921
OVRPBL,permuted_R45A,permutable_only,65,100.0,1000,0.501,0.955,0.979,6.3291428620806,1.40561918615833,0.29924492095654287,1.3323396397739051,-29.3517984493796,0.028230367183400006,0.5024287420835921
OVRPBL,permuted_R45A,full,66,100.0,1000,0.498,0.954,0.976,6.326627332448901,1.3384623976042236,0.259380799047193,1.29206491244227,-25.441678043977976,0.0257148375517,0.43527195352948567
OVRPBL,permuted_R45A,permutable_only,66,100.0,1000,0.498,0.954,0.976,6.326627332448901,1.3384623976042236,0.259380799047193,1.29206491244227,-25.441678043977976,0.0257148375517,0.43527195352948567
OVRPBL,permuted_R45A,full,67,100.0,1000,0.528,0.955,0.975,6.3210707082755,1.2528192433049945,0.17132381865563318,1.2031009341817889,-16.804503076221973,0.020158213378300004,0.34962879923025647
OVRPBL,permuted_R45A,permutable_only,67,100.0,1000,0.528,0.955,0.975,6.3210707082755,1.2528192433049945,0.17132381865563318,1.2031009341817889,-16.804503076221973,0.020158213378300004,0.34962879923025647
OVRPBL,permuted_R45A,full,68,100.0,1000,0.502,0.955,0.974,6.3248613219262,1.3352784078034643,0.23139446253854778,1.2637903131808237,-22.696604523892987,0.023948827029000006,0.4320879637287265
OVRPBL,permuted_R45A,permutable_only,68,100.0,1000,0.502,0.955,0.974,6.3248613219262,1.3352784078034643,0.23139446253854778,1.2637903131808237,-22.696604523892987,0.023948827029000006,0.4320879637287265
OVRPBL,permuted_R45A,full,69,100.0,1000,0.489,0.955,0.978,6.329223228693,1.3981220615204164,0.30051850739885033,1.3336263443152419,-29.476719709340273,0.02831073379580001,0.4949316174456784
OVRPBL,permuted_R45A,permutable_only,69,100.0,1000,0.489,0.955,0.978,6.329223228693,1.3981220615204164,0.30051850739885033,1.3336263443152419,-29.476719709340273,0.02831073379580001,0.4949316174456784
OVRPBL,permuted_R45A,full,70,100.0,1000,0.498,0.954,0.976,6.323652585267699,1.2879648417472382,0.21223936100305263,1.2444379117130033,-20.817753321505325,0.02274009037050001,0.38477439767250055
OVRPBL,permuted_R45A,permutable_only,70,100.0,1000,0.498,0.954,0.976,6.323652585267699,1.2879648417472382,0.21223936100305263,1.2444379117130033,-20.817753321505325,0.02274009037050001,0.38477439767250055
OVRPBL,permuted_R45A,full,71,100.0,1000,0.458,0.954,0.981,6.3356925654411,1.511070976875022,0.4030394340256427,1.4372032492592002,-39.53260826234932,0.0347800705439,0.6078805328002841
OVRPBL,permuted_R45A,permutable_only,71,100.0,1000,0.458,0.954,0.981,6.3356925654411,1.511070976875022,0.4030394340256427,1.4372032492592002,-39.53260826234932,0.0347800705439,0.6078805328002841
OVRPBL,permuted_R45A,full,72,100.0,1000,0.492,0.954,0.982,6.326979720592,1.376000074265916,0.2649651673324538,1.2977068004166314,-25.989427532432064,0.026067225694799995,0.4728096301911782
OVRPBL,permuted_R45A,permutable_only,72,100.0,1000,0.492,0.954,0.982,6.326979720592,1.376000074265916,0.2649651673324538,1.2977068004166314,-25.989427532432064,0.026067225694799995,0.4728096301911782
OVRPBL,permuted_R45A,full,73,100.0,1000,0.516,0.955,0.983,6.3238869152061,1.2887053734842884,0.21595283633393247,1.2481896363024436,-21.181994021432562,0.0229744203089,0.3855149294095504
OVRPBL,permuted_R45A,permutable_only,73,100.0,1000,0.516,0.955,0.983,6.3238869152061,1.2887053734842884,0.21595283633393247,1.2481896363024436,-21.181994021432562,0.0229744203089,0.3855149294095504
OVRPBL,permuted_R45A,full,74,100.0,1000,0.515,0.955,0.977,6.319970664976901,1.2339095187011795,0.15389120342885754,1.185488760846276,-15.094604017798389,0.019058170079700006,0.3307190746264416
OVRPBL,permuted_R45A,permutable_only,74,100.0,1000,0.515,0.955,0.977,6.319970664976901,1.2339095187011795,0.15389120342885754,1.185488760846276,-15.094604017798389,0.019058170079700006,0.3307190746264416
OVRPBL,permuted_R45A,full,75,100.0,1000,0.505,0.954,0.98,6.3271204838749,1.3418222511919546,0.2671958723892365,1.2999604820133959,-26.20822892433892,0.026207988977699995,0.43863180711721667
OVRPBL,permuted_R45A,permutable_only,75,100.0,1000,0.505,0.954,0.98,6.3271204838749,1.3418222511919546,0.2671958723892365,1.2999604820133959,-26.20822892433892,0.026207988977699995,0.43863180711721667
OVRPBL,permuted_R45A,full,76,100.0,1000,0.502,0.954,0.978,6.3294160406583,1.4111724264159793,0.3035740387642649,1.3367133480344018,-29.776425183059708,0.028503545761100015,0.5079819823412415
OVRPBL,permuted_R45A,permutable_only,76,100.0,1000,0.502,0.954,0.978,6.3294160406583,1.4111724264159793,0.3035740387642649,1.3367133480344018,-29.776425183059708,0.028503545761100015,0.5079819823412415
OVRPBL,permuted_R45A,full,77,100.0,1000,0.501,0.954,0.978,6.3253112232672,1.322313880774452,0.2385241427771856,1.2709934300142,-23.395927796295023,0.024398728370000008,0.41912343669971414
OVRPBL,permuted_R45A,permutable_only,77,100.0,1000,0.501,0.954,0.978,6.3253112232672,1.322313880774452,0.2385241427771856,1.2709934300142,-23.395927796295023,0.024398728370000008,0.41912343669971414
OVRPBL,permuted_R45A,full,78,100.0,1000,0.482,0.954,0.977,6.3337058408250995,1.4775970083945658,0.3715553953188122,1.4053949210311556,-36.44445840991043,0.032793345927899994,0.5744065643198281
OVRPBL,permuted_R45A,permutable_only,78,100.0,1000,0.482,0.954,0.977,6.3337058408250995,1.4775970083945658,0.3715553953188122,1.4053949210311556,-36.44445840991043,0.032793345927899994,0.5744065643198281
OVRPBL,permuted_R45A,full,79,100.0,1000,0.491,0.954,0.975,6.3263234517574,1.3518145185996666,0.2545651384486147,1.2871996499395522,-24.969328174721166,0.025410956860199996,0.4486240745249287
OVRPBL,permuted_R45A,permutable_only,79,100.0,1000,0.491,0.954,0.975,6.3263234517574,1.3518145185996666,0.2545651384486147,1.2871996499395522,-24.969328174721166,0.025410956860199996,0.4486240745249287
OVRPBL,permuted_R45A,full,80,100.0,1000,0.503,0.955,0.98,6.325475436210599,1.3505212141356688,0.24112645948706213,1.2736225509103916,-23.651179164723853,0.024562941313399998,0.4473307700609308
OVRPBL,permuted_R45A,permutable_only,80,100.0,1000,0.503,0.955,0.98,6.325475436210599,1.3505212141356688,0.24112645948706213,1.2736225509103916,-23.651179164723853,0.024562941313399998,0.4473307700609308
OVRPBL,permuted_R45A,full,81,100.0,1000,0.516,0.955,0.981,6.3243331894873,1.3035165370531494,0.223025037800606,1.2553346823253264,-21.875679419265133,0.02342069459010001,0.4003260929784117
OVRPBL,permuted_R45A,permutable_only,81,100.0,1000,0.516,0.955,0.981,6.3243331894873,1.3035165370531494,0.223025037800606,1.2553346823253264,-21.875679419265133,0.02342069459010001,0.4003260929784117
OVRPBL,permuted_R45A,full,82,100.0,1000,0.49,0.955,0.977,6.3305994458197,1.40205469825296,0.32232770679017086,1.3556601811774538,-31.615901296215604,0.029686950922500004,0.4988642541782221
OVRPBL,permuted_R45A,permutable_only,82,100.0,1000,0.49,0.955,0.977,6.3305994458197,1.40205469825296,0.32232770679017086,1.3556601811774538,-31.615901296215604,0.029686950922500004,0.4988642541782221
OVRPBL,permuted_R45A,full,83,100.0,1000,0.492,0.954,0.984,6.3280449798105005,1.3861359146537162,0.28184655199843256,1.314762065447872,-27.645258477459546,0.027132484913300007,0.48294547057897846
OVRPBL,permuted_R45A,permutable_only,83,100.0,1000,0.492,0.954,0.984,6.3280449798105005,1.3861359146537162,0.28184655199843256,1.314762065447872,-27.645258477459546,0.027132484913300007,0.48294547057897846
OVRPBL,permuted_R45A,full,84,100.0,1000,0.5,0.953,0.976,6.3270184342854,1.3685298844885847,0.2655786712935315,1.298326623544943,-26.049603807291117,0.026105939388200005,0.46533944041384667
OVRPBL,permuted_R45A,permutable_only,84,100.0,1000,0.5,0.953,0.976,6.3270184342854,1.3685298844885847,0.2655786712935315,1.298326623544943,-26.049603807291117,0.026105939388200005,0.46533944041384667
OVRPBL,permuted_R45A,full,85,100.0,1000,0.505,0.954,0.979,6.3235521664604,1.3018720660752165,0.21064800325250044,1.2428301627793514,-20.661663080087646,0.02263967156320001,0.3986816220004788
OVRPBL,permuted_R45A,permutable_only,85,100.0,1000,0.505,0.954,0.979,6.3235521664604,1.3018720660752165,0.21064800325250044,1.2428301627793514,-20.661663080087646,0.02263967156320001,0.3986816220004788
OVRPBL,permuted_R45A,full,86,100.0,1000,0.525,0.953,0.979,6.3234563627237,1.3004421589474828,0.20912978148677208,1.2412963031402713,-20.512746469818033,0.022543867826500003,0.39725171487274497
OVRPBL,permuted_R45A,permutable_only,86,100.0,1000,0.525,0.953,0.979,6.3234563627237,1.3004421589474828,0.20912978148677208,1.2412963031402713,-20.512746469818033,0.022543867826500003,0.39725171487274497
OVRPBL,permuted_R45A,full,87,100.0,1000,0.492,0.954,0.978,6.3253737034803,1.3566880292126324,0.23951427972510597,1.2719937654960267,-23.493046571241976,0.024461208583099997,0.45349758513789457
OVRPBL,permuted_R45A,permutable_only,87,100.0,1000,0.492,0.954,0.978,6.3253737034803,1.3566880292126324,0.23951427972510597,1.2719937654960267,-23.493046571241976,0.024461208583099997,0.45349758513789457
OVRPBL,permuted_R45A,full,88,100.0,1000,0.498,0.955,0.984,6.328574721098001,1.3948165146516303,0.2902414724951674,1.323243454671652,-28.468684364292972,0.027662226200800014,0.49162607057689245
OVRPBL,permuted_R45A,permutable_only,88,100.0,1000,0.498,0.955,0.984,6.328574721098001,1.3948165146516303,0.2902414724951674,1.323243454671652,-28.468684364292972,0.027662226200800014,0.49162607057689245
OVRPBL,permuted_R45A,full,89,100.0,1000,0.498,0.954,0.976,6.325306595801499,1.3391077323562324,0.2384508103645988,1.2709193422686171,-23.388734898292192,0.024394100904300012,0.4359172882814946
OVRPBL,permuted_R45A,permutable_only,89,100.0,1000,0.498,0.954,0.976,6.325306595801499,1.3391077323562324,0.2384508103645988,1.2709193422686171,-23.388734898292192,0.024394100904300012,0.4359172882814946
OVRPBL,permuted_R45A,full,90,100.0,1000,0.517,0.955,0.975,6.3241718270768,1.3404847788800425,0.22046789407916823,1.2527511997049823,-21.624858897808917,0.023259332179599995,0.43729433480530466
OVRPBL,permuted_R45A,permutable_only,90,100.0,1000,0.517,0.955,0.975,6.3241718270768,1.3404847788800425,0.22046789407916823,1.2527511997049823,-21.624858897808917,0.023259332179599995,0.43729433480530466
OVRPBL,permuted_R45A,full,91,100.0,1000,0.49,0.955,0.973,6.3339212908744,1.4815397538633956,0.3749696771155664,1.4088443703557996,-36.77935235172687,0.03300879597719999,0.5783493097886578
OVRPBL,permuted_R45A,permutable_only,91,100.0,1000,0.49,0.955,0.973,6.3339212908744,1.4815397538633956,0.3749696771155664,1.4088443703557996,-36.77935235172687,0.03300879597719999,0.5783493097886578
OVRPBL,permuted_R45A,full,92,100.0,1000,0.506,0.954,0.977,6.323406307696899,1.339233892494149,0.20833654905354493,1.2404949003141708,-20.434941311325648,0.022493812799700013,0.43604344841941106
OVRPBL,permuted_R45A,permutable_only,92,100.0,1000,0.506,0.954,0.977,6.323406307696899,1.339233892494149,0.20833654905354493,1.2404949003141708,-20.434941311325648,0.022493812799700013,0.43604344841941106
OVRPBL,permuted_R45A,full,93,100.0,1000,0.466,0.955,0.975,6.3307565400596,1.426623395320351,0.3248172119233006,1.3581753285236253,-31.86008740528139,0.029844045162400003,0.5234329512456136
OVRPBL,permuted_R45A,permutable_only,93,100.0,1000,0.466,0.955,0.975,6.3307565400596,1.426623395320351,0.3248172119233006,1.3581753285236253,-31.86008740528139,0.029844045162400003,0.5234329512456136
OVRPBL,permuted_R45A,full,94,100.0,1000,0.508,0.954,0.976,6.3244179599276995,1.3344168565498427,0.2243684126222778,1.256691894075046,-22.007445956460618,0.023505465030499998,0.4312264124751047
OVRPBL,permuted_R45A,permutable_only,94,100.0,1000,0.508,0.954,0.976,6.3244179599276995,1.3344168565498427,0.2243684126222778,1.256691894075046,-22.007445956460618,0.023505465030499998,0.4312264124751047
OVRPBL,permuted_R45A,full,95,100.0,1000,0.475,0.955,0.981,6.3301918132305,1.4160484597294785,0.3158678682634086,1.3491338055090507,-30.982280254804962,0.029279318333300008,0.5128580156547404
OVRPBL,permuted_R45A,permutable_only,95,100.0,1000,0.475,0.955,0.981,6.3301918132305,1.4160484597294785,0.3158678682634086,1.3491338055090507,-30.982280254804962,0.029279318333300008,0.5128580156547404
OVRPBL,permuted_R45A,full,96,100.0,1000,0.503,0.954,0.977,6.3284133186341,1.3970308911404952,0.2876836940391758,1.3206593307788728,-28.21780158413107,0.0275008237369,0.4938404470657573
OVRPBL,permuted_R45A,permutable_only,96,100.0,1000,0.503,0.954,0.977,6.3284133186341,1.3970308911404952,0.2876836940391758,1.3206593307788728,-28.21780158413107,0.0275008237369,0.4938404470657573
OVRPBL,permuted_R45A,full,97,100.0,1000,0.499,0.955,0.985,6.325871847628499,1.3855816672957826,0.24740847377553443,1.2799692707287091,-24.26735810156989,0.024959352731300007,0.4823912232210447
OVRPBL,permuted_R45A,permutable_only,97,100.0,1000,0.499,0.955,0.985,6.325871847628499,1.3855816672957826,0.24740847377553443,1.2799692707287091,-24.26735810156989,0.024959352731300007,0.4823912232210447
OVRPBL,permuted_R45A,full,98,100.0,1000,0.482,0.954,0.975,6.327887276887299,1.3714314160472936,0.27934740093429333,1.3122371728164106,-27.400126235632673,0.026974781990100002,0.46824097197255554
OVRPBL,permuted_R45A,permutable_only,98,100.0,1000,0.482,0.954,0.975,6.327887276887299,1.3714314160472936,0.27934740093429333,1.3122371728164106,-27.400126235632673,0.026974781990100002,0.46824097197255554
OVRPBL,permuted_R45A,full,99,100.0,1000,0.487,0.955,0.981,6.3258085677617,1.3144556531584226,0.246405664548921,1.2789561324421328,-24.168996350905594,0.024896072864499998,0.4112652090836848
OVRPBL,permuted_R45A,permutable_only,99,100.0,1000,0.487,0.955,0.981,6.3258085677617,1.3144556531584226,0.246405664548921,1.2789561324421328,-24.168996350905594,0.024896072864499998,0.4112652090836848
OVRPBTW,R45A,full,-1,100.0,1000,0.5,0.913,0.997,10.4978777179715,1.1592055373008447,-0.08469845762592021,1.1375275226994885,7.008681477210168,0.0,0.0
OVRPBTW,R45A,permutable_only,-1,100.0,1000,0.5,0.913,0.997,10.4978777179715,1.1592055373008447,-0.08469845762592021,1.1375275226994885,7.008681477210168,0.0,0.0
OVRPBTW,conditional_majority,full,-1,100.0,1000,0.445,0.913,0.999,10.5179369039532,1.385928217815443,0.10621818951934703,1.3307795807639522,-8.789409846338767,0.020059185981699968,0.22672268051459832
OVRPBTW,conditional_majority,permutable_only,-1,100.0,1000,0.445,0.913,0.999,10.5179369039532,1.385928217815443,0.10621818951934703,1.3307795807639522,-8.789409846338767,0.020059185981699968,0.22672268051459832
OVRPBTW,conditional_mean_gap,full,-1,100.0,1000,0.457,0.913,0.997,10.5093142137526,1.2784266120078964,0.02415029783258138,1.247707783691121,-1.9984041012389793,0.01143649578109997,0.11922107470705157
OVRPBTW,conditional_mean_gap,permutable_only,-1,100.0,1000,0.457,0.913,0.997,10.5093142137526,1.2784266120078964,0.02415029783258138,1.247707783691121,-1.9984041012389793,0.01143649578109997,0.11922107470705157
OVRPBTW,permuted_R45A,full,0,100.0,1000,0.425,0.913,0.985,10.5319225959776,1.5342297638502513,0.23932934526318395,1.4655190347795388,-19.804175850606637,0.0340448780061,0.37502422654940687
OVRPBTW,permuted_R45A,permutable_only,0,100.0,1000,0.425,0.913,0.985,10.5319225959776,1.5342297638502513,0.23932934526318395,1.4655190347795388,-19.804175850606637,0.0340448780061,0.37502422654940687
OVRPBTW,permuted_R45A,full,1,100.0,1000,0.474,0.913,0.987,10.5144841685294,1.3325092128683083,0.07335620443216229,1.2975156074795935,-6.070125544822205,0.016606450557899975,0.17330367556746334
OVRPBTW,permuted_R45A,permutable_only,1,100.0,1000,0.474,0.913,0.987,10.5144841685294,1.3325092128683083,0.07335620443216229,1.2975156074795935,-6.070125544822205,0.016606450557899975,0.17330367556746334
OVRPBTW,permuted_R45A,full,2,100.0,1000,0.482,0.913,0.982,10.5122536454197,1.3538666746719172,0.052126828829757166,1.2760265409789362,-4.3134237614855175,0.014375927448199976,0.19466113737107255
OVRPBTW,permuted_R45A,permutable_only,2,100.0,1000,0.482,0.913,0.982,10.5122536454197,1.3538666746719172,0.052126828829757166,1.2760265409789362,-4.3134237614855175,0.014375927448199976,0.19466113737107255
OVRPBTW,permuted_R45A,full,3,100.0,1000,0.439,0.913,0.984,10.531497429846901,1.5399066431932698,0.23528275572426427,1.4614229448459026,-19.46932610313524,0.0336197118754,0.38070110589242484
OVRPBTW,permuted_R45A,permutable_only,3,100.0,1000,0.439,0.913,0.984,10.531497429846901,1.5399066431932698,0.23528275572426427,1.4614229448459026,-19.46932610313524,0.0336197118754,0.38070110589242484
OVRPBTW,permuted_R45A,full,4,100.0,1000,0.44,0.913,0.981,10.5277635660182,1.476598829986625,0.19974508416955583,1.4254505544364582,-16.528632407521744,0.029885848046699977,0.3173932926857804
OVRPBTW,permuted_R45A,permutable_only,4,100.0,1000,0.44,0.913,0.981,10.5277635660182,1.476598829986625,0.19974508416955583,1.4254505544364582,-16.528632407521744,0.029885848046699977,0.3173932926857804
OVRPBTW,permuted_R45A,full,5,100.0,1000,0.436,0.913,0.983,10.531551668643,1.5372548523315404,0.2357989825096496,1.461945486437699,-19.512043163281426,0.033673950671499996,0.37804931503069567
OVRPBTW,permuted_R45A,permutable_only,5,100.0,1000,0.436,0.913,0.983,10.531551668643,1.5372548523315404,0.2357989825096496,1.461945486437699,-19.512043163281426,0.033673950671499996,0.37804931503069567
OVRPBTW,permuted_R45A,full,6,100.0,1000,0.456,0.913,0.985,10.5128805851939,1.34569775149305,0.05809383266339729,1.282066536906834,-4.807185164177379,0.015002867222399976,0.18649221419220519
OVRPBTW,permuted_R45A,permutable_only,6,100.0,1000,0.456,0.913,0.985,10.5128805851939,1.34569775149305,0.05809383266339729,1.282066536906834,-4.807185164177379,0.015002867222399976,0.18649221419220519
OVRPBTW,permuted_R45A,full,7,100.0,1000,0.459,0.913,0.981,10.521544838428301,1.435731637413539,0.14055730745436978,1.3655387561019472,-11.630924869882053,0.023667120456799983,0.2765261001126943
OVRPBTW,permuted_R45A,permutable_only,7,100.0,1000,0.459,0.913,0.981,10.521544838428301,1.435731637413539,0.14055730745436978,1.3655387561019472,-11.630924869882053,0.023667120456799983,0.2765261001126943
OVRPBTW,permuted_R45A,full,8,100.0,1000,0.465,0.913,0.976,10.5142536902424,1.349657402492078,0.07116258890689231,1.295295158287768,-5.888606861589726,0.01637597227089998,0.19045186519123333
OVRPBTW,permuted_R45A,permutable_only,8,100.0,1000,0.465,0.913,0.976,10.5142536902424,1.349657402492078,0.07116258890689231,1.295295158287768,-5.888606861589726,0.01637597227089998,0.19045186519123333
OVRPBTW,permuted_R45A,full,9,100.0,1000,0.411,0.913,0.984,10.5311791014679,1.5540732183133836,0.23225301230072048,1.4583561397203848,-19.21861898037787,0.03330138349639998,0.39486768101253905
OVRPBTW,permuted_R45A,permutable_only,9,100.0,1000,0.411,0.913,0.984,10.5311791014679,1.5540732183133836,0.23225301230072048,1.4583561397203848,-19.21861898037787,0.03330138349639998,0.39486768101253905
OVRPBTW,permuted_R45A,full,10,100.0,1000,0.459,0.913,0.976,10.517034610748,1.3825260859249529,0.09763046349517968,1.3220868043451572,-8.078787268266437,0.019156892776499988,0.2233205486241082
OVRPBTW,permuted_R45A,permutable_only,10,100.0,1000,0.459,0.913,0.976,10.517034610748,1.3825260859249529,0.09763046349517968,1.3220868043451572,-8.078787268266437,0.019156892776499988,0.2233205486241082
OVRPBTW,permuted_R45A,full,11,100.0,1000,0.471,0.913,0.984,10.514341706753,1.332419033191631,0.07200030072194163,1.2961431175136484,-5.957926368058799,0.016463988781499978,0.1732134958907862
OVRPBTW,permuted_R45A,permutable_only,11,100.0,1000,0.471,0.913,0.984,10.514341706753,1.332419033191631,0.07200030072194163,1.2961431175136484,-5.957926368058799,0.016463988781499978,0.1732134958907862
OVRPBTW,permuted_R45A,full,12,100.0,1000,0.451,0.913,0.983,10.5244109406473,1.4459314888842942,0.1678359132026852,1.3931510506860922,-13.888192170742442,0.026533222675799984,0.2867259515834494
OVRPBTW,permuted_R45A,permutable_only,12,100.0,1000,0.451,0.913,0.983,10.5244109406473,1.4459314888842942,0.1678359132026852,1.3931510506860922,-13.888192170742442,0.026533222675799984,0.2867259515834494
OVRPBTW,permuted_R45A,full,13,100.0,1000,0.439,0.913,0.981,10.522743690490099,1.4454209821617636,0.15196758184288228,1.3770886080485045,-12.575109463064582,0.0248659725186,0.2862154448609191
OVRPBTW,permuted_R45A,permutable_only,13,100.0,1000,0.439,0.913,0.981,10.522743690490099,1.4454209821617636,0.15196758184288228,1.3770886080485045,-12.575109463064582,0.0248659725186,0.2862154448609191
OVRPBTW,permuted_R45A,full,14,100.0,1000,0.445,0.913,0.985,10.5248594784726,1.4691069681023026,0.17210494674182453,1.3974723056930483,-14.241448854867658,0.026981760501100006,0.30990143080145777
OVRPBTW,permuted_R45A,permutable_only,14,100.0,1000,0.445,0.913,0.985,10.5248594784726,1.4691069681023026,0.17210494674182453,1.3974723056930483,-14.241448854867658,0.026981760501100006,0.30990143080145777
OVRPBTW,permuted_R45A,full,15,100.0,1000,0.465,0.913,0.984,10.5164522609702,1.392530503194427,0.09208785238699058,1.316476392577881,-7.6201437829155045,0.018574542998699997,0.2333249658935822
OVRPBTW,permuted_R45A,permutable_only,15,100.0,1000,0.465,0.913,0.984,10.5164522609702,1.392530503194427,0.09208785238699058,1.316476392577881,-7.6201437829155045,0.018574542998699997,0.2333249658935822
OVRPBTW,permuted_R45A,full,16,100.0,1000,0.425,0.913,0.982,10.5261150469776,1.5095758216782411,0.1840550293351395,1.4095685691133841,-15.23030183838644,0.028237329006099994,0.3503702843773965
OVRPBTW,permuted_R45A,permutable_only,16,100.0,1000,0.425,0.913,0.982,10.5261150469776,1.5095758216782411,0.1840550293351395,1.4095685691133841,-15.23030183838644,0.028237329006099994,0.3503702843773965
OVRPBTW,permuted_R45A,full,17,100.0,1000,0.466,0.913,0.988,10.5163551001541,1.3877907735143409,0.09116310811965178,1.3155403362647533,-7.543622460104982,0.018477382182599988,0.22858523621349636
OVRPBTW,permuted_R45A,permutable_only,17,100.0,1000,0.466,0.913,0.988,10.5163551001541,1.3877907735143409,0.09116310811965178,1.3155403362647533,-7.543622460104982,0.018477382182599988,0.22858523621349636
OVRPBTW,permuted_R45A,full,18,100.0,1000,0.444,0.913,0.987,10.521959499359498,1.4491896974400464,0.14450391200544477,1.3695336379693446,-11.957500996417544,0.02408178138799999,0.289984160139202
OVRPBTW,permuted_R45A,permutable_only,18,100.0,1000,0.444,0.913,0.987,10.521959499359498,1.4491896974400464,0.14450391200544477,1.3695336379693446,-11.957500996417544,0.02408178138799999,0.289984160139202
OVRPBTW,permuted_R45A,full,19,100.0,1000,0.481,0.913,0.985,10.523627758979199,1.4805916580544538,0.1603818510928834,1.3856058058622445,-13.271378730412387,0.02575004100769999,0.32138612075360895
OVRPBTW,permuted_R45A,permutable_only,19,100.0,1000,0.481,0.913,0.985,10.523627758979199,1.4805916580544538,0.1603818510928834,1.3856058058622445,-13.271378730412387,0.02575004100769999,0.32138612075360895
OVRPBTW,permuted_R45A,full,20,100.0,1000,0.452,0.913,0.992,10.522079671859501,1.4341218122609158,0.14564767381115562,1.3706913909793172,-12.052145720852161,0.024201953887999977,0.27491627496007137
OVRPBTW,permuted_R45A,permutable_only,20,100.0,1000,0.452,0.913,0.992,10.522079671859501,1.4341218122609158,0.14564767381115562,1.3706913909793172,-12.052145720852161,0.024201953887999977,0.27491627496007137
OVRPBTW,permuted_R45A,full,21,100.0,1000,0.438,0.913,0.984,10.5198663539876,1.4287529857488366,0.12458205192822369,1.349368081335256,-10.308994333740555,0.021988636016099995,0.269547448447992
OVRPBTW,permuted_R45A,permutable_only,21,100.0,1000,0.438,0.913,0.984,10.5198663539876,1.4287529857488366,0.12458205192822369,1.349368081335256,-10.308994333740555,0.021988636016099995,0.269547448447992
OVRPBTW,permuted_R45A,full,22,100.0,1000,0.46,0.913,0.985,10.524140249251799,1.4614608120253616,0.16525956271231657,1.3905431846775285,-13.675002692837914,0.02626253128029998,0.302255274724517
OVRPBTW,permuted_R45A,permutable_only,22,100.0,1000,0.46,0.913,0.985,10.524140249251799,1.4614608120253616,0.16525956271231657,1.3905431846775285,-13.675002692837914,0.02626253128029998,0.302255274724517
OVRPBTW,permuted_R45A,full,23,100.0,1000,0.443,0.913,0.985,10.5238525171277,1.4768985187975376,0.1625210242462538,1.3877711467092935,-13.448392381862579,0.025974799156199966,0.31769298149669317
OVRPBTW,permuted_R45A,permutable_only,23,100.0,1000,0.443,0.913,0.985,10.5238525171277,1.4768985187975376,0.1625210242462538,1.3877711467092935,-13.448392381862579,0.025974799156199966,0.31769298149669317
OVRPBTW,permuted_R45A,full,24,100.0,1000,0.466,0.913,0.98,10.522226731776,1.4465045516774546,0.14704734108643702,1.372108179853404,-12.16796627274281,0.024349013804499997,0.2872990143766098
OVRPBTW,permuted_R45A,permutable_only,24,100.0,1000,0.466,0.913,0.98,10.522226731776,1.4465045516774546,0.14704734108643702,1.372108179853404,-12.16796627274281,0.024349013804499997,0.2872990143766098
OVRPBTW,permuted_R45A,full,25,100.0,1000,0.467,0.913,0.982,10.511527731418,1.3321792050344576,0.04521782128343865,1.2690330181642784,-3.7417128404957407,0.013650013446499994,0.172973667733613
OVRPBTW,permuted_R45A,permutable_only,25,100.0,1000,0.467,0.913,0.982,10.511527731418,1.3321792050344576,0.04521782128343865,1.2690330181642784,-3.7417128404957407,0.013650013446499994,0.172973667733613
OVRPBTW,permuted_R45A,full,26,100.0,1000,0.435,0.913,0.983,10.525699612141299,1.4842780851861448,0.1801010590132046,1.405566231372446,-14.903116204390729,0.027821894169799997,0.3250725478853001
OVRPBTW,permuted_R45A,permutable_only,26,100.0,1000,0.435,0.913,0.983,10.525699612141299,1.4842780851861448,0.1801010590132046,1.405566231372446,-14.903116204390729,0.027821894169799997,0.3250725478853001
OVRPBTW,permuted_R45A,full,27,100.0,1000,0.442,0.913,0.985,10.533179828645,1.5358634921207925,0.25129526679961156,1.4776313308947797,-20.794339484996723,0.035302110673499996,0.3766579548199476
OVRPBTW,permuted_R45A,permutable_only,27,100.0,1000,0.442,0.913,0.985,10.533179828645,1.5358634921207925,0.25129526679961156,1.4776313308947797,-20.794339484996723,0.035302110673499996,0.3766579548199476
OVRPBTW,permuted_R45A,full,28,100.0,1000,0.428,0.913,0.986,10.522248138904,1.4559575660303303,0.1472510869965138,1.372314418109899,-12.184825968018675,0.024370420932499984,0.2967520287294854
OVRPBTW,permuted_R45A,permutable_only,28,100.0,1000,0.428,0.913,0.986,10.522248138904,1.4559575660303303,0.1472510869965138,1.372314418109899,-12.184825968018675,0.024370420932499984,0.2967520287294854
OVRPBTW,permuted_R45A,full,29,100.0,1000,0.447,0.913,0.99,10.5208011808387,1.3958840114939535,0.13347942235173438,1.3583742899158757,-11.045239562177875,0.0229234628672,0.2366784741931088
OVRPBTW,permuted_R45A,permutable_only,29,100.0,1000,0.447,0.913,0.99,10.5208011808387,1.3958840114939535,0.13347942235173438,1.3583742899158757,-11.045239562177875,0.0229234628672,0.2366784741931088
OVRPBTW,permuted_R45A,full,30,100.0,1000,0.445,0.913,0.976,10.515727303981398,1.3665902571964925,0.08518795337051355,1.3094920897142703,-7.049186580306543,0.01784958600989999,0.20738471989564788
OVRPBTW,permuted_R45A,permutable_only,30,100.0,1000,0.445,0.913,0.976,10.515727303981398,1.3665902571964925,0.08518795337051355,1.3094920897142703,-7.049186580306543,0.01784958600989999,0.20738471989564788
OVRPBTW,permuted_R45A,full,31,100.0,1000,0.478,0.913,0.985,10.5099877982144,1.3484507526861298,0.030561250257732375,1.2541971588652556,-2.528901642433267,0.012110080242899997,0.18924521538528508
OVRPBTW,permuted_R45A,permutable_only,31,100.0,1000,0.478,0.913,0.985,10.5099877982144,1.3484507526861298,0.030561250257732375,1.2541971588652556,-2.528901642433267,0.012110080242899997,0.18924521538528508
OVRPBTW,permuted_R45A,full,32,100.0,1000,0.472,0.913,0.985,10.5102848405839,1.3212020369345787,0.033388400536749074,1.2570588926011483,-2.7628444596842074,0.012407122612399988,0.16199649963373383
OVRPBTW,permuted_R45A,permutable_only,32,100.0,1000,0.472,0.913,0.985,10.5102848405839,1.3212020369345787,0.033388400536749074,1.2570588926011483,-2.7628444596842074,0.012407122612399988,0.16199649963373383
OVRPBTW,permuted_R45A,full,33,100.0,1000,0.463,0.913,0.99,10.521008329390702,1.411922620029903,0.13545099323428733,1.3603699782771095,-11.208384355045308,0.023130611419199976,0.25271708272905835
OVRPBTW,permuted_R45A,permutable_only,33,100.0,1000,0.463,0.913,0.99,10.521008329390702,1.411922620029903,0.13545099323428733,1.3603699782771095,-11.208384355045308,0.023130611419199976,0.25271708272905835
OVRPBTW,permuted_R45A,full,34,100.0,1000,0.471,0.913,0.993,10.507373439311301,1.2785827030086199,0.0056786534928798815,1.2290101827335365,-0.46990080653854566,0.009495721339799998,0.11937716570777518
OVRPBTW,permuted_R45A,permutable_only,34,100.0,1000,0.471,0.913,0.993,10.507373439311301,1.2785827030086199,0.0056786534928798815,1.2290101827335365,-0.46990080653854566,0.009495721339799998,0.11937716570777518
OVRPBTW,permuted_R45A,full,35,100.0,1000,0.433,0.913,0.981,10.5245763001444,1.429971021592138,0.1694097497875191,1.3947441394168036,-14.018424994685507,0.02669858217289997,0.2707654842912933
OVRPBTW,permuted_R45A,permutable_only,35,100.0,1000,0.433,0.913,0.981,10.5245763001444,1.429971021592138,0.1694097497875191,1.3947441394168036,-14.018424994685507,0.02669858217289997,0.2707654842912933
OVRPBTW,permuted_R45A,full,36,100.0,1000,0.443,0.913,0.982,10.5165748629559,1.3750299691624979,0.09325473722792132,1.3176575514784128,-7.716701906875634,0.0186971449844,0.21582443186165293
OVRPBTW,permuted_R45A,permutable_only,36,100.0,1000,0.443,0.913,0.982,10.5165748629559,1.3750299691624979,0.09325473722792132,1.3176575514784128,-7.716701906875634,0.0186971449844,0.21582443186165293
OVRPBTW,permuted_R45A,full,37,100.0,1000,0.434,0.913,0.985,10.5194169712063,1.4114191918774623,0.12030497637944837,1.3450386859438446,-9.955072184323326,0.0215392532348,0.25221365457661765
OVRPBTW,permuted_R45A,permutable_only,37,100.0,1000,0.434,0.913,0.985,10.5194169712063,1.4114191918774623,0.12030497637944837,1.3450386859438446,-9.955072184323326,0.0215392532348,0.25221365457661765
OVRPBTW,permuted_R45A,full,38,100.0,1000,0.426,0.913,0.984,10.5324374656682,1.5627491796209843,0.24422970339017525,1.4704793371285163,-20.209673780545884,0.034559747696699984,0.4035436423201394
OVRPBTW,permuted_R45A,permutable_only,38,100.0,1000,0.426,0.913,0.984,10.5324374656682,1.5627491796209843,0.24422970339017525,1.4704793371285163,-20.209673780545884,0.034559747696699984,0.4035436423201394
OVRPBTW,permuted_R45A,full,39,100.0,1000,0.454,0.913,0.987,10.5169817523958,1.3847311657804304,0.09712737531477611,1.3215775620778913,-8.037157409705271,0.019104034424299997,0.22552562847958577
OVRPBTW,permuted_R45A,permutable_only,39,100.0,1000,0.454,0.913,0.987,10.5169817523958,1.3847311657804304,0.09712737531477611,1.3215775620778913,-8.037157409705271,0.019104034424299997,0.22552562847958577
OVRPBTW,permuted_R45A,full,40,100.0,1000,0.437,0.913,0.987,10.5315477232931,1.5160509654703183,0.23576143198413835,1.4619074765708673,-19.508935908675166,0.03367000532159998,0.3568454281694734
OVRPBTW,permuted_R45A,permutable_only,40,100.0,1000,0.437,0.913,0.987,10.5315477232931,1.5160509654703183,0.23576143198413835,1.4619074765708673,-19.508935908675166,0.03367000532159998,0.3568454281694734
OVRPBTW,permuted_R45A,full,41,100.0,1000,0.441,0.913,0.984,10.522577547550197,1.4488925570971305,0.15038628871055781,1.3754879715571766,-12.444259620018796,0.024699829578699983,0.2896870197962859
OVRPBTW,permuted_R45A,permutable_only,41,100.0,1000,0.441,0.913,0.984,10.522577547550197,1.4488925570971305,0.15038628871055781,1.3754879715571766,-12.444259620018796,0.024699829578699983,0.2896870197962859
OVRPBTW,permuted_R45A,full,42,100.0,1000,0.424,0.913,0.981,10.527711955547,1.471153318209598,0.1992538729046478,1.4249533343704934,-16.487985347466054,0.029834237575499984,0.3119477809087533
OVRPBTW,permuted_R45A,permutable_only,42,100.0,1000,0.424,0.913,0.981,10.527711955547,1.471153318209598,0.1992538729046478,1.4249533343704934,-16.487985347466054,0.029834237575499984,0.3119477809087533
OVRPBTW,permuted_R45A,full,43,100.0,1000,0.442,0.913,0.985,10.5281113848681,1.50740231984284,0.2030555080669849,1.4288014734936016,-16.80256545544193,0.03023366689659997,0.3481967825419951
OVRPBTW,permuted_R45A,permutable_only,43,100.0,1000,0.442,0.913,0.985,10.5281113848681,1.50740231984284,0.2030555080669849,1.4288014734936016,-16.80256545544193,0.03023366689659997,0.3481967825419951
OVRPBTW,permuted_R45A,full,44,100.0,1000,0.452,0.913,0.983,10.521906738756499,1.4450160739721538,0.1440017541693761,1.3690253374269545,-11.915948122575571,0.024029020784999997,0.285810536671309
OVRPBTW,permuted_R45A,permutable_only,44,100.0,1000,0.452,0.913,0.983,10.521906738756499,1.4450160739721538,0.1440017541693761,1.3690253374269545,-11.915948122575571,0.024029020784999997,0.285810536671309
OVRPBTW,permuted_R45A,full,45,100.0,1000,0.438,0.913,0.986,10.5216403784749,1.4351524919431755,0.14146662577774194,1.366459197771408,-11.706169716936685,0.023762660503399993,0.2759469546423308
OVRPBTW,permuted_R45A,permutable_only,45,100.0,1000,0.438,0.913,0.986,10.5216403784749,1.4351524919431755,0.14146662577774194,1.366459197771408,-11.706169716936685,0.023762660503399993,0.2759469546423308
OVRPBTW,permuted_R45A,full,46,100.0,1000,0.46,0.913,0.983,10.515370569704901,1.3339243894057324,0.08179267541392754,1.3060552786104518,-6.768231975095351,0.017492851733399987,0.17471885210488772
OVRPBTW,permuted_R45A,permutable_only,46,100.0,1000,0.46,0.913,0.983,10.515370569704901,1.3339243894057324,0.08179267541392754,1.3060552786104518,-6.768231975095351,0.017492851733399987,0.17471885210488772
OVRPBTW,permuted_R45A,full,47,100.0,1000,0.454,0.913,0.987,10.52066520834,1.4263282301478006,0.1321852814240243,1.3570643182531539,-10.938151171158784,0.02278749036849999,0.26712269284695583
OVRPBTW,permuted_R45A,permutable_only,47,100.0,1000,0.454,0.913,0.987,10.52066520834,1.4263282301478006,0.1321852814240243,1.3570643182531539,-10.938151171158784,0.02278749036849999,0.26712269284695583
OVRPBTW,permuted_R45A,full,48,100.0,1000,0.438,0.913,0.99,10.5256206917759,1.4506067464652366,0.1793499212767502,1.404805905253026,-14.840960584467336,0.027742973804399995,0.2914012091643919
OVRPBTW,permuted_R45A,permutable_only,48,100.0,1000,0.438,0.913,0.99,10.5256206917759,1.4506067464652366,0.1793499212767502,1.404805905253026,-14.840960584467336,0.027742973804399995,0.2914012091643919
OVRPBTW,permuted_R45A,full,49,100.0,1000,0.449,0.913,0.988,10.519829196929798,1.411965315531971,0.12422840343522257,1.3490101067944016,-10.27973040483494,0.021951478958300002,0.25275977823112616
OVRPBTW,permuted_R45A,permutable_only,49,100.0,1000,0.449,0.913,0.988,10.519829196929798,1.411965315531971,0.12422840343522257,1.3490101067944016,-10.27973040483494,0.021951478958300002,0.25275977823112616
OVRPBTW,permuted_R45A,full,50,100.0,1000,0.439,0.913,0.985,10.522716575622399,1.4643332415998207,0.15170951156855406,1.3768273808984155,-12.553754500976458,0.02483885765089999,0.3051277042989759
OVRPBTW,permuted_R45A,permutable_only,50,100.0,1000,0.439,0.913,0.985,10.522716575622399,1.4643332415998207,0.15170951156855406,1.3768273808984155,-12.553754500976458,0.02483885765089999,0.3051277042989759
OVRPBTW,permuted_R45A,full,51,100.0,1000,0.44,0.913,0.989,10.519256866932299,1.3857620089254787,0.11878115725667548,1.3434962265198136,-9.828978236927737,0.02137914896079999,0.22655647162463396
OVRPBTW,permuted_R45A,permutable_only,51,100.0,1000,0.44,0.913,0.989,10.519256866932299,1.3857620089254787,0.11878115725667548,1.3434962265198136,-9.828978236927737,0.02137914896079999,0.22655647162463396
OVRPBTW,permuted_R45A,full,52,100.0,1000,0.469,0.913,0.983,10.517575714111398,1.4253030398989959,0.10278050497707358,1.3272998443307982,-8.50494615418731,0.0196979961399,0.26609750259815085
OVRPBTW,permuted_R45A,permutable_only,52,100.0,1000,0.469,0.913,0.983,10.517575714111398,1.4253030398989959,0.10278050497707358,1.3272998443307982,-8.50494615418731,0.0196979961399,0.26609750259815085
OVRPBTW,permuted_R45A,full,53,100.0,1000,0.443,0.913,0.983,10.524271853446102,1.4447676748610603,0.16651212757459177,1.3918110716905963,-13.778650721330191,0.026394135474599987,0.2855621375602153
OVRPBTW,permuted_R45A,permutable_only,53,100.0,1000,0.443,0.913,0.983,10.524271853446102,1.4447676748610603,0.16651212757459177,1.3918110716905963,-13.778650721330191,0.026394135474599987,0.2855621375602153
OVRPBTW,permuted_R45A,full,54,100.0,1000,0.452,0.913,0.991,10.515260004043299,1.3875409905814804,0.08074034829448351,1.304990078772561,-6.681153345841152,0.017382286071799983,0.22833545328063581
OVRPBTW,permuted_R45A,permutable_only,54,100.0,1000,0.452,0.913,0.991,10.515260004043299,1.3875409905814804,0.08074034829448351,1.304990078772561,-6.681153345841152,0.017382286071799983,0.22833545328063581
OVRPBTW,permuted_R45A,full,55,100.0,1000,0.469,0.913,0.991,10.5121399888995,1.3520709022620268,0.05104508394826457,1.2749315635226743,-4.223910852673705,0.014262270927999992,0.19286536496118192
OVRPBTW,permuted_R45A,permutable_only,55,100.0,1000,0.469,0.913,0.991,10.5121399888995,1.3520709022620268,0.05104508394826457,1.2749315635226743,-4.223910852673705,0.014262270927999992,0.19286536496118192
OVRPBTW,permuted_R45A,full,56,100.0,1000,0.45,0.913,0.991,10.5198284392362,1.3814675791286997,0.12422119196004999,1.349002807103994,-10.279133665132953,0.021950721264699987,0.22226204182785508
OVRPBTW,permuted_R45A,permutable_only,56,100.0,1000,0.45,0.913,0.991,10.5198284392362,1.3814675791286997,0.12422119196004999,1.349002807103994,-10.279133665132953,0.021950721264699987,0.22226204182785508
OVRPBTW,permuted_R45A,full,57,100.0,1000,0.429,0.913,0.983,10.5215753650675,1.4512980991093727,0.14084784983279253,1.3658328525750774,-11.65496685415308,0.023697647096,0.292092561808528
OVRPBTW,permuted_R45A,permutable_only,57,100.0,1000,0.429,0.913,0.983,10.5215753650675,1.4512980991093727,0.14084784983279253,1.3658328525750774,-11.65496685415308,0.023697647096,0.292092561808528
OVRPBTW,permuted_R45A,full,58,100.0,1000,0.447,0.913,0.986,10.5251458282461,1.4804683972358588,0.17483032845559965,1.4002310259674244,-14.466970462591771,0.0272681102746,0.321262859935014
OVRPBTW,permuted_R45A,permutable_only,58,100.0,1000,0.447,0.913,0.986,10.5251458282461,1.4804683972358588,0.17483032845559965,1.4002310259674244,-14.466970462591771,0.0272681102746,0.321262859935014
OVRPBTW,permuted_R45A,full,59,100.0,1000,0.44,0.913,0.987,10.5238976311682,1.4916799958841485,0.1629504046487984,1.3882057795594038,-13.483923022659273,0.0260199131967,0.33247445858330377
OVRPBTW,permuted_R45A,permutable_only,59,100.0,1000,0.44,0.913,0.987,10.5238976311682,1.4916799958841485,0.1629504046487984,1.3882057795594038,-13.483923022659273,0.0260199131967,0.33247445858330377
OVRPBTW,permuted_R45A,full,60,100.0,1000,0.434,0.913,0.985,10.522717033862,1.454926753682512,0.1517138729403733,1.376831795621225,-12.554115398525848,0.02483931589049998,0.29572121638166715
OVRPBTW,permuted_R45A,permutable_only,60,100.0,1000,0.434,0.913,0.985,10.522717033862,1.454926753682512,0.1517138729403733,1.376831795621225,-12.554115398525848,0.02483931589049998,0.29572121638166715
OVRPBTW,permuted_R45A,full,61,100.0,1000,0.454,0.913,0.988,10.5108275456427,1.3204477534947339,0.03855368642169399,1.2622873634688503,-3.190264799098647,0.01294982767119998,0.1612422161938892
OVRPBTW,permuted_R45A,permutable_only,61,100.0,1000,0.454,0.913,0.988,10.5108275456427,1.3204477534947339,0.03855368642169399,1.2622873634688503,-3.190264799098647,0.01294982767119998,0.1612422161938892
OVRPBTW,permuted_R45A,full,62,100.0,1000,0.444,0.913,0.98,10.525805231571299,1.4526530217863949,0.18110630954866203,1.4065837787563762,-14.986299310734463,0.027927513599799978,0.2934474844855502
OVRPBTW,permuted_R45A,permutable_only,62,100.0,1000,0.444,0.913,0.98,10.525805231571299,1.4526530217863949,0.18110630954866203,1.4065837787563762,-14.986299310734463,0.027927513599799978,0.2934474844855502
OVRPBTW,permuted_R45A,full,63,100.0,1000,0.438,0.913,0.98,10.522196551799102,1.4414886213125382,0.1467600981242656,1.3718174231570401,-12.144197310651696,0.024318833827599994,0.28228308401169344
OVRPBTW,permuted_R45A,permutable_only,63,100.0,1000,0.438,0.913,0.98,10.522196551799102,1.4414886213125382,0.1467600981242656,1.3718174231570401,-12.144197310651696,0.024318833827599994,0.28228308401169344
OVRPBTW,permuted_R45A,full,64,100.0,1000,0.45,0.913,0.985,10.5231504349709,1.4398480919487813,0.15583884025736072,1.3810072220985958,-12.8954507998914,0.025272716999399984,0.2806425546479366
OVRPBTW,permuted_R45A,permutable_only,64,100.0,1000,0.45,0.913,0.985,10.5231504349709,1.4398480919487813,0.15583884025736072,1.3810072220985958,-12.8954507998914,0.025272716999399984,0.2806425546479366
OVRPBTW,permuted_R45A,full,65,100.0,1000,0.441,0.913,0.981,10.5299390196801,1.5456882038506272,0.22045032712052492,1.4464090767698057,-18.241962931113544,0.0320613017086,0.3864826665497824
OVRPBTW,permuted_R45A,permutable_only,65,100.0,1000,0.441,0.913,0.981,10.5299390196801,1.5456882038506272,0.22045032712052492,1.4464090767698057,-18.241962931113544,0.0320613017086,0.3864826665497824
OVRPBTW,permuted_R45A,full,66,100.0,1000,0.423,0.913,0.986,10.5282874221792,1.512758392063185,0.20473097252693417,1.4304974332747022,-16.941207846996136,0.030409704207699985,0.3535528547623402
OVRPBTW,permuted_R45A,permutable_only,66,100.0,1000,0.423,0.913,0.986,10.5282874221792,1.512758392063185,0.20473097252693417,1.4304974332747022,-16.941207846996136,0.030409704207699985,0.3535528547623402
OVRPBTW,permuted_R45A,full,67,100.0,1000,0.438,0.913,0.988,10.516495167732298,1.3965907232185346,0.09249622464930773,1.3168897603031748,-7.65393602885478,0.018617449760799997,0.23738518591768984
OVRPBTW,permuted_R45A,permutable_only,67,100.0,1000,0.438,0.913,0.988,10.516495167732298,1.3965907232185346,0.09249622464930773,1.3168897603031748,-7.65393602885478,0.018617449760799997,0.23738518591768984
OVRPBTW,permuted_R45A,full,68,100.0,1000,0.481,0.913,0.985,10.509715573310299,1.2992609927048362,0.027970304343583052,1.2515745188926397,-2.3145044131807047,0.011837855338800005,0.14005545540399128
OVRPBTW,permuted_R45A,permutable_only,68,100.0,1000,0.481,0.913,0.985,10.509715573310299,1.2992609927048362,0.027970304343583052,1.2515745188926397,-2.3145044131807047,0.011837855338800005,0.14005545540399128
OVRPBTW,permuted_R45A,full,69,100.0,1000,0.436,0.913,0.984,10.517198757647298,1.398845394320707,0.09919275897825042,1.3236682107961917,-8.208065081830325,0.019321039675799987,0.23963985701986237
OVRPBTW,permuted_R45A,permutable_only,69,100.0,1000,0.436,0.913,0.984,10.517198757647298,1.398845394320707,0.09919275897825042,1.3236682107961917,-8.208065081830325,0.019321039675799987,0.23963985701986237
OVRPBTW,permuted_R45A,full,70,100.0,1000,0.458,0.913,0.982,10.5182786488536,1.3973272528674556,0.10947080358967298,1.3340719828283332,-9.05855921016768,0.0204009308821,0.23812171556661074
OVRPBTW,permuted_R45A,permutable_only,70,100.0,1000,0.458,0.913,0.982,10.5182786488536,1.3973272528674556,0.10947080358967298,1.3340719828283332,-9.05855921016768,0.0204009308821,0.23812171556661074
OVRPBTW,permuted_R45A,full,71,100.0,1000,0.441,0.913,0.983,10.520472515583501,1.4346886428561239,0.13035129598544248,1.3552078983664284,-10.786391385525294,0.02259479761199999,0.2754831055552791
OVRPBTW,permuted_R45A,permutable_only,71,100.0,1000,0.441,0.913,0.983,10.520472515583501,1.4346886428561239,0.13035129598544248,1.3552078983664284,-10.786391385525294,0.02259479761199999,0.2754831055552791
OVRPBTW,permuted_R45A,full,72,100.0,1000,0.447,0.913,0.985,10.521020142078,1.4308313579573895,0.13556342245522046,1.3604837828020688,-11.217687719243399,0.023142424106499995,0.2716258206565448
OVRPBTW,permuted_R45A,permutable_only,72,100.0,1000,0.447,0.913,0.985,10.521020142078,1.4308313579573895,0.13556342245522046,1.3604837828020688,-11.217687719243399,0.023142424106499995,0.2716258206565448
OVRPBTW,permuted_R45A,full,73,100.0,1000,0.441,0.913,0.98,10.5178114399905,1.367715236866793,0.1050240653351242,1.329570849311601,-8.690597703993772,0.019933722018999997,0.20850969956594848
OVRPBTW,permuted_R45A,permutable_only,73,100.0,1000,0.441,0.913,0.98,10.5178114399905,1.367715236866793,0.1050240653351242,1.329570849311601,-8.690597703993772,0.019933722018999997,0.20850969956594848
OVRPBTW,permuted_R45A,full,74,100.0,1000,0.465,0.913,0.982,10.5201106095301,1.4299900397958443,0.12690679477986855,1.3517212618842978,-10.501363623810992,0.022232891558599994,0.27078450249499963
OVRPBTW,permuted_R45A,permutable_only,74,100.0,1000,0.465,0.913,0.982,10.5201106095301,1.4299900397958443,0.12690679477986855,1.3517212618842978,-10.501363623810992,0.022232891558599994,0.27078450249499963
OVRPBTW,permuted_R45A,full,75,100.0,1000,0.437,0.913,0.986,10.5238033843037,1.4510851063708643,0.16205339440169553,1.3872977965262212,-13.409696652073903,0.025925666332200007,0.29187956907001933
OVRPBTW,permuted_R45A,permutable_only,75,100.0,1000,0.437,0.913,0.986,10.5238033843037,1.4510851063708643,0.16205339440169553,1.3872977965262212,-13.409696652073903,0.025925666332200007,0.29187956907001933
OVRPBTW,permuted_R45A,full,76,100.0,1000,0.452,0.913,0.981,10.521907155513501,1.441529241745652,0.14400572072361673,1.3690293525025599,-11.916276349512952,0.024029437541999987,0.28232370444480714
OVRPBTW,permuted_R45A,permutable_only,76,100.0,1000,0.452,0.913,0.981,10.521907155513501,1.441529241745652,0.14400572072361673,1.3690293525025599,-11.916276349512952,0.024029437541999987,0.28232370444480714
OVRPBTW,permuted_R45A,full,77,100.0,1000,0.453,0.913,0.986,10.5162945189473,1.3960523190143872,0.09058651638294002,1.314956691300062,-7.495910282832041,0.018416800975799983,0.2368467817135423
OVRPBTW,permuted_R45A,permutable_only,77,100.0,1000,0.453,0.913,0.986,10.5162945189473,1.3960523190143872,0.09058651638294002,1.314956691300062,-7.495910282832041,0.018416800975799983,0.2368467817135423
OVRPBTW,permuted_R45A,full,78,100.0,1000,0.439,0.913,0.986,10.5274151868821,1.501025391271057,0.19642932765480126,1.4220942375301249,-16.25425809281448,0.02953746891059999,0.34181985397021214
OVRPBTW,permuted_R45A,permutable_only,78,100.0,1000,0.439,0.913,0.986,10.5274151868821,1.501025391271057,0.19642932765480126,1.4220942375301249,-16.25425809281448,0.02953746891059999,0.34181985397021214
OVRPBTW,permuted_R45A,full,79,100.0,1000,0.449,0.913,0.991,10.522817366600298,1.4664974854400787,0.1526688065060844,1.3777984105270091,-12.633134844471158,0.024939648628800014,0.3072919481392339
OVRPBTW,permuted_R45A,permutable_only,79,100.0,1000,0.449,0.913,0.991,10.522817366600298,1.4664974854400787,0.1526688065060844,1.3777984105270091,-12.633134844471158,0.024939648628800014,0.3072919481392339
OVRPBTW,permuted_R45A,full,80,100.0,1000,0.459,0.913,0.989,10.5206048970208,1.4170616391032838,0.13161125838752064,1.3564832734106025,-10.890651550314203,0.022727179049299984,0.257856101802439
OVRPBTW,permuted_R45A,permutable_only,80,100.0,1000,0.459,0.913,0.989,10.5206048970208,1.4170616391032838,0.13161125838752064,1.3564832734106025,-10.890651550314203,0.022727179049299984,0.257856101802439
OVRPBTW,permuted_R45A,full,81,100.0,1000,0.453,0.913,0.983,10.5237454419139,1.4468370190522122,0.16150191804573666,1.3867395741692157,-13.364062738193875,0.0258677239424,0.28763148175136727
OVRPBTW,permuted_R45A,permutable_only,81,100.0,1000,0.453,0.913,0.983,10.5237454419139,1.4468370190522122,0.16150191804573666,1.3867395741692157,-13.364062738193875,0.0258677239424,0.28763148175136727
OVRPBTW,permuted_R45A,full,82,100.0,1000,0.434,0.913,0.987,10.5231692061419,1.4443975035007965,0.15601749800717712,1.3811880653008757,-12.910234484233094,0.02529148817039999,0.2851919661999519
OVRPBTW,permuted_R45A,permutable_only,82,100.0,1000,0.434,0.913,0.987,10.5231692061419,1.4443975035007965,0.15601749800717712,1.3811880653008757,-12.910234484233094,0.02529148817039999,0.2851919661999519
OVRPBTW,permuted_R45A,full,83,100.0,1000,0.449,0.913,0.985,10.5281157674778,1.499906710799385,0.2030972202855308,1.428843695961901,-16.806017084453888,0.030238049506299977,0.34070117349854023
OVRPBTW,permuted_R45A,permutable_only,83,100.0,1000,0.449,0.913,0.985,10.5281157674778,1.499906710799385,0.2030972202855308,1.428843695961901,-16.806017084453888,0.030238049506299977,0.34070117349854023
OVRPBTW,permuted_R45A,full,84,100.0,1000,0.426,0.913,0.983,10.5231306543342,1.4373945986939642,0.1556505747494663,1.3808166536101396,-12.879872086711702,0.02525293636269999,0.27818906139311955
OVRPBTW,permuted_R45A,permutable_only,84,100.0,1000,0.426,0.913,0.983,10.5231306543342,1.4373945986939642,0.1556505747494663,1.3808166536101396,-12.879872086711702,0.02525293636269999,0.27818906139311955
OVRPBTW,permuted_R45A,full,85,100.0,1000,0.437,0.913,0.982,10.5255366153712,1.4961757709779644,0.17854971007655873,1.403995905372768,-14.774744202564971,0.027658897399699997,0.3369702336771201
OVRPBTW,permuted_R45A,permutable_only,85,100.0,1000,0.437,0.913,0.982,10.5255366153712,1.4961757709779644,0.17854971007655873,1.403995905372768,-14.774744202564971,0.027658897399699997,0.3369702336771201
OVRPBTW,permuted_R45A,full,86,100.0,1000,0.461,0.913,0.988,10.520279227255,1.4272878404809495,0.12851164209104482,1.35334574068382,-10.63416254292748,0.02240150928349998,0.26808230318010456
OVRPBTW,permuted_R45A,permutable_only,86,100.0,1000,0.461,0.913,0.988,10.520279227255,1.4272878404809495,0.12851164209104482,1.35334574068382,-10.63416254292748,0.02240150928349998,0.26808230318010456
OVRPBTW,permuted_R45A,full,87,100.0,1000,0.465,0.913,0.98,10.5177217650419,1.399428105341864,0.10417056905991373,1.3287069125402118,-8.619972055041822,0.01984404707039998,0.24022256804101927
OVRPBTW,permuted_R45A,permutable_only,87,100.0,1000,0.465,0.913,0.98,10.5177217650419,1.399428105341864,0.10417056905991373,1.3287069125402118,-8.619972055041822,0.01984404707039998,0.24022256804101927
OVRPBTW,permuted_R45A,full,88,100.0,1000,0.424,0.913,0.983,10.533506486414801,1.5448378382981063,0.25440428658891623,1.4807783821437326,-21.051606618546714,0.03562876844329999,0.3856323009972615
OVRPBTW,permuted_R45A,permutable_only,88,100.0,1000,0.424,0.913,0.983,10.533506486414801,1.5448378382981063,0.25440428658891623,1.4807783821437326,-21.051606618546714,0.03562876844329999,0.3856323009972615
OVRPBTW,permuted_R45A,full,89,100.0,1000,0.466,0.913,0.982,10.523129549503398,1.4070557724432167,0.15564005933810243,1.3808060095677366,-12.879001950809466,0.02525183153189998,0.247850235142372
OVRPBTW,permuted_R45A,permutable_only,89,100.0,1000,0.466,0.913,0.982,10.523129549503398,1.4070557724432167,0.15564005933810243,1.3808060095677366,-12.879001950809466,0.02525183153189998,0.247850235142372
OVRPBTW,permuted_R45A,full,90,100.0,1000,0.464,0.913,0.988,10.510554729460601,1.3302529693016203,0.035957112920614875,1.2596590270691488,-2.9754018947281415,0.012677011489099976,0.1710474320007757
OVRPBTW,permuted_R45A,permutable_only,90,100.0,1000,0.464,0.913,0.988,10.510554729460601,1.3302529693016203,0.035957112920614875,1.2596590270691488,-2.9754018947281415,0.012677011489099976,0.1710474320007757
OVRPBTW,permuted_R45A,full,91,100.0,1000,0.446,0.913,0.985,10.5190026645654,1.4049298729512931,0.11636174384535014,1.3410472173420285,-9.628775087578312,0.021124946593899976,0.24572433565044838
OVRPBTW,permuted_R45A,permutable_only,91,100.0,1000,0.446,0.913,0.985,10.5190026645654,1.4049298729512931,0.11636174384535014,1.3410472173420285,-9.628775087578312,0.021124946593899976,0.24572433565044838
OVRPBTW,permuted_R45A,full,92,100.0,1000,0.425,0.913,0.987,10.5233422856319,1.4474393000701036,0.15766481091161744,1.382855529159177,-13.046547373088943,0.02546456766039999,0.28823376276925894
OVRPBTW,permuted_R45A,permutable_only,92,100.0,1000,0.425,0.913,0.987,10.5233422856319,1.4474393000701036,0.15766481091161744,1.382855529159177,-13.046547373088943,0.02546456766039999,0.28823376276925894
OVRPBTW,permuted_R45A,full,93,100.0,1000,0.439,0.913,0.981,10.5194147305483,1.4028741389823034,0.12028365054335133,1.345017099236867,-9.953307500564543,0.021537012576799998,0.24366860168145843
OVRPBTW,permuted_R45A,permutable_only,93,100.0,1000,0.439,0.913,0.981,10.5194147305483,1.4028741389823034,0.12028365054335133,1.345017099236867,-9.953307500564543,0.021537012576799998,0.24366860168145843
OVRPBTW,permuted_R45A,full,94,100.0,1000,0.45,0.913,0.986,10.5135400652877,1.3329450947401864,0.06437054441441603,1.2884200292916148,-5.326574473266017,0.015662347316200007,0.17373955743934172
OVRPBTW,permuted_R45A,permutable_only,94,100.0,1000,0.45,0.913,0.986,10.5135400652877,1.3329450947401864,0.06437054441441603,1.2884200292916148,-5.326574473266017,0.015662347316200007,0.17373955743934172
OVRPBTW,permuted_R45A,full,95,100.0,1000,0.461,0.913,0.987,10.5143485884666,1.3602738208559049,0.07206579857854667,1.296209416580707,-5.9633462260742895,0.01647087049510002,0.20106828355506
OVRPBTW,permuted_R45A,permutable_only,95,100.0,1000,0.461,0.913,0.987,10.5143485884666,1.3602738208559049,0.07206579857854667,1.296209416580707,-5.9633462260742895,0.01647087049510002,0.20106828355506
OVRPBTW,permuted_R45A,full,96,100.0,1000,0.446,0.913,0.985,10.518230729102601,1.3972480727780807,0.10901471936966001,1.3336103195030535,-9.020818865012155,0.020353011131099993,0.23804253547723608
OVRPBTW,permuted_R45A,permutable_only,96,100.0,1000,0.446,0.913,0.985,10.518230729102601,1.3972480727780807,0.10901471936966001,1.3336103195030535,-9.020818865012155,0.020353011131099993,0.23804253547723608
OVRPBTW,permuted_R45A,full,97,100.0,1000,0.442,0.913,0.982,10.5174218668933,1.3834714164685809,0.10131623842715154,1.3258176659636467,-8.383780100709563,0.0195441489218,0.22426587916773608
OVRPBTW,permuted_R45A,permutable_only,97,100.0,1000,0.442,0.913,0.982,10.5174218668933,1.3834714164685809,0.10131623842715154,1.3258176659636467,-8.383780100709563,0.0195441489218,0.22426587916773608
OVRPBTW,permuted_R45A,full,98,100.0,1000,0.44,0.913,0.984,10.517644780635798,1.3942028703267475,0.1034378571388439,1.3279652376321893,-8.55934114613106,0.019767062664300002,0.2349973330259028
OVRPBTW,permuted_R45A,permutable_only,98,100.0,1000,0.44,0.913,0.984,10.517644780635798,1.3942028703267475,0.1034378571388439,1.3279652376321893,-8.55934114613106,0.019767062664300002,0.2349973330259028
OVRPBTW,permuted_R45A,full,99,100.0,1000,0.459,0.913,0.976,10.5185081224437,1.432179495072547,0.11165485674469178,1.3362827526770538,-9.239286620344933,0.020630404472200003,0.27297395777170214
OVRPBTW,permuted_R45A,permutable_only,99,100.0,1000,0.459,0.913,0.976,10.5185081224437,1.432179495072547,0.11165485674469178,1.3362827526770538,-9.239286620344933,0.020630404472200003,0.27297395777170214
OVRPLTW,R45A,full,-1,100.0,1000,0.508,0.927,0.998,10.127592273714098,0.8849995820336041,0.0038202512414597933,0.8740867045688772,-0.44281191523599117,0.0,0.0
OVRPLTW,R45A,permutable_only,-1,100.0,1000,0.508,0.927,0.998,10.127592273714098,0.8849995820336041,0.0038202512414597933,0.8740867045688772,-0.44281191523599117,0.0,0.0
OVRPLTW,conditional_majority,full,-1,100.0,1000,0.479,0.927,0.999,10.1363406333938,1.0053595079952857,0.09020498763854246,0.9612231896289458,-10.455815813013409,0.008748359679699995,0.12035992596168174
OVRPLTW,conditional_majority,permutable_only,-1,100.0,1000,0.479,0.927,0.999,10.1363406333938,1.0053595079952857,0.09020498763854246,0.9612231896289458,-10.455815813013409,0.008748359679699995,0.12035992596168174
OVRPLTW,conditional_mean_gap,full,-1,100.0,1000,0.491,0.927,0.979,10.1274665584581,0.8916969457065594,0.002578889472149015,0.8728345400572213,-0.2989235299368577,-0.00012571525600001455,0.006697363672955394
OVRPLTW,conditional_mean_gap,permutable_only,-1,100.0,1000,0.491,0.927,0.979,10.1274665584581,0.8916969457065594,0.002578889472149015,0.8728345400572213,-0.2989235299368577,-0.00012571525600001455,0.006697363672955394
OVRPLTW,permuted_R45A,full,0,100.0,1000,0.467,0.927,0.984,10.142626522541299,1.0686680149407501,0.15227432370941152,1.0238326736744296,-17.650379690049633,0.015034248827199993,0.18366843290714632
OVRPLTW,permuted_R45A,permutable_only,0,100.0,1000,0.467,0.927,0.984,10.142626522541299,1.0686680149407501,0.15227432370941152,1.0238326736744296,-17.650379690049633,0.015034248827199993,0.18366843290714632
OVRPLTW,permuted_R45A,full,1,100.0,1000,0.452,0.927,0.983,10.1419272565848,1.0749211697017953,0.14536949725791892,1.016867759130169,-16.85002933817175,0.0143349828707,0.18992158766819148
OVRPLTW,permuted_R45A,permutable_only,1,100.0,1000,0.452,0.927,0.983,10.1419272565848,1.0749211697017953,0.14536949725791892,1.016867759130169,-16.85002933817175,0.0143349828707,0.18992158766819148
OVRPLTW,permuted_R45A,full,2,100.0,1000,0.433,0.927,0.981,10.1486284189238,1.1522832868366903,0.21153940377782732,1.083613498150493,-24.5198974136372,0.02103614520970001,0.2672837048030864
OVRPLTW,permuted_R45A,permutable_only,2,100.0,1000,0.433,0.927,0.981,10.1486284189238,1.1522832868366903,0.21153940377782732,1.083613498150493,-24.5198974136372,0.02103614520970001,0.2672837048030864
OVRPLTW,permuted_R45A,full,3,100.0,1000,0.465,0.927,0.983,10.143056912423202,1.0793666096350378,0.15652416229141597,1.028119495763069,-18.142985815407332,0.015464638709099976,0.1943670276014339
OVRPLTW,permuted_R45A,permutable_only,3,100.0,1000,0.465,0.927,0.983,10.143056912423202,1.0793666096350378,0.15652416229141597,1.028119495763069,-18.142985815407332,0.015464638709099976,0.1943670276014339
OVRPLTW,permuted_R45A,full,4,100.0,1000,0.474,0.927,0.979,10.1397407550819,1.0563794328685017,0.12377912341925423,0.9950894986885839,-14.347451841063524,0.012148481367799998,0.17137985083489776
OVRPLTW,permuted_R45A,permutable_only,4,100.0,1000,0.474,0.927,0.979,10.1397407550819,1.0563794328685017,0.12377912341925423,0.9950894986885839,-14.347451841063524,0.012148481367799998,0.17137985083489776
OVRPLTW,permuted_R45A,full,5,100.0,1000,0.473,0.927,0.984,10.1383654980666,1.0212831959301056,0.11019929598934386,0.9813914950907776,-12.7733906045777,0.01077322435249998,0.13628361389650173
OVRPLTW,permuted_R45A,permutable_only,5,100.0,1000,0.473,0.927,0.984,10.1383654980666,1.0212831959301056,0.11019929598934386,0.9813914950907776,-12.7733906045777,0.01077322435249998,0.13628361389650173
OVRPLTW,permuted_R45A,full,6,100.0,1000,0.445,0.927,0.986,10.1451367073066,1.100569864558889,0.1770608730966794,1.048834923845643,-20.52343141166743,0.01754443359250002,0.21557028252528485
OVRPLTW,permuted_R45A,permutable_only,6,100.0,1000,0.445,0.927,0.986,10.1451367073066,1.100569864558889,0.1770608730966794,1.048834923845643,-20.52343141166743,0.01754443359250002,0.21557028252528485
OVRPLTW,permuted_R45A,full,7,100.0,1000,0.475,0.927,0.987,10.1357509765624,0.9879351698804226,0.08438248469970766,0.9553500173359764,-9.78091944760046,0.008158702848300002,0.10293558784681868
OVRPLTW,permuted_R45A,permutable_only,7,100.0,1000,0.475,0.927,0.987,10.1357509765624,0.9879351698804226,0.08438248469970766,0.9553500173359764,-9.78091944760046,0.008158702848300002,0.10293558784681868
OVRPLTW,permuted_R45A,full,8,100.0,1000,0.462,0.927,0.983,10.1452340226179,1.12349222950911,0.17802180266768275,1.0498042157448761,-20.63481441683008,0.0176417489038,0.23849264747550605
OVRPLTW,permuted_R45A,permutable_only,8,100.0,1000,0.462,0.927,0.983,10.1452340226179,1.12349222950911,0.17802180266768275,1.0498042157448761,-20.63481441683008,0.0176417489038,0.23849264747550605
OVRPLTW,permuted_R45A,full,9,100.0,1000,0.495,0.927,0.984,10.1317811655997,0.9565353848092338,0.045183013471405964,0.9158094192915911,-5.237241078363509,0.004188891885599999,0.07153580277562988
OVRPLTW,permuted_R45A,permutable_only,9,100.0,1000,0.495,0.927,0.984,10.1317811655997,0.9565353848092338,0.045183013471405964,0.9158094192915911,-5.237241078363509,0.004188891885599999,0.07153580277562988
OVRPLTW,permuted_R45A,full,10,100.0,1000,0.446,0.927,0.989,10.143184233666,1.0802197323813139,0.15778138220459148,1.029387656421421,-18.288712345532744,0.015591959951899987,0.19522015034770995
OVRPLTW,permuted_R45A,permutable_only,10,100.0,1000,0.446,0.927,0.989,10.143184233666,1.0802197323813139,0.15778138220459148,1.029387656421421,-18.288712345532744,0.015591959951899987,0.19522015034770995
OVRPLTW,permuted_R45A,full,11,100.0,1000,0.479,0.927,0.978,10.1344810719508,1.0108145822708898,0.07184294824498227,0.942701357670872,-8.327440133613841,0.006888798236700007,0.1258150002372858
OVRPLTW,permuted_R45A,permutable_only,11,100.0,1000,0.479,0.927,0.978,10.1344810719508,1.0108145822708898,0.07184294824498227,0.942701357670872,-8.327440133613841,0.006888798236700007,0.1258150002372858
OVRPLTW,permuted_R45A,full,12,100.0,1000,0.467,0.927,0.98,10.138166344642599,1.0340611018190728,0.10823277693150501,0.9794078627310521,-12.54544798632853,0.01057407092849999,0.14906151978546883
OVRPLTW,permuted_R45A,permutable_only,12,100.0,1000,0.467,0.927,0.98,10.138166344642599,1.0340611018190728,0.10823277693150501,0.9794078627310521,-12.54544798632853,0.01057407092849999,0.14906151978546883
OVRPLTW,permuted_R45A,full,13,100.0,1000,0.457,0.927,0.985,10.140622158050398,1.0453440094754871,0.1324824421991,1.0038685566386762,-15.356268542959528,0.013029884336299988,0.16034442744188313
OVRPLTW,permuted_R45A,permutable_only,13,100.0,1000,0.457,0.927,0.985,10.140622158050398,1.0453440094754871,0.1324824421991,1.0038685566386762,-15.356268542959528,0.013029884336299988,0.16034442744188313
OVRPLTW,permuted_R45A,full,14,100.0,1000,0.471,0.927,0.983,10.141674156189099,1.0651313537374112,0.14287028463231266,1.0143467975263665,-16.5603412890433,0.014081882474999993,0.18013177170380712
OVRPLTW,permuted_R45A,permutable_only,14,100.0,1000,0.471,0.927,0.983,10.141674156189099,1.0651313537374112,0.14287028463231266,1.0143467975263665,-16.5603412890433,0.014081882474999993,0.18013177170380712
OVRPLTW,permuted_R45A,full,15,100.0,1000,0.428,0.927,0.984,10.1491146807672,1.145381059101521,0.21634094403224502,1.0884568230027147,-25.07645223209179,0.021522407053100004,0.260381477067917
OVRPLTW,permuted_R45A,permutable_only,15,100.0,1000,0.428,0.927,0.984,10.1491146807672,1.145381059101521,0.21634094403224502,1.0884568230027147,-25.07645223209179,0.021522407053100004,0.260381477067917
OVRPLTW,permuted_R45A,full,16,100.0,1000,0.463,0.927,0.985,10.1434659390462,1.083078392628411,0.16056305167191365,1.0321935329002052,-18.61114045471417,0.015873665332099985,0.19807881059480717
OVRPLTW,permuted_R45A,permutable_only,16,100.0,1000,0.463,0.927,0.985,10.1434659390462,1.083078392628411,0.16056305167191365,1.0321935329002052,-18.61114045471417,0.015873665332099985,0.19807881059480717
OVRPLTW,permuted_R45A,full,17,100.0,1000,0.492,0.927,0.983,10.143306548118998,1.0993484107866198,0.15898916311056777,1.030605947837926,-18.428708315001803,0.0157142744049,0.21434882875301584
OVRPLTW,permuted_R45A,permutable_only,17,100.0,1000,0.492,0.927,0.983,10.143306548118998,1.0993484107866198,0.15898916311056777,1.030605947837926,-18.428708315001803,0.0157142744049,0.21434882875301584
OVRPLTW,permuted_R45A,full,18,100.0,1000,0.439,0.927,0.987,10.1454572854043,1.0920908375600566,0.1802263870305243,1.0520279851329528,-20.89035159548864,0.017865011690199998,0.2070912555264524
OVRPLTW,permuted_R45A,permutable_only,18,100.0,1000,0.439,0.927,0.987,10.1454572854043,1.0920908375600566,0.1802263870305243,1.0520279851329528,-20.89035159548864,0.017865011690199998,0.2070912555264524
OVRPLTW,permuted_R45A,full,19,100.0,1000,0.466,0.927,0.979,10.1364569525722,1.013994110745315,0.09135356885054957,0.9623817661760903,-10.588949843773802,0.008864678858099983,0.1289945287117112
OVRPLTW,permuted_R45A,permutable_only,19,100.0,1000,0.466,0.927,0.979,10.1364569525722,1.013994110745315,0.09135356885054957,0.9623817661760903,-10.588949843773802,0.008864678858099983,0.1289945287117112
OVRPLTW,permuted_R45A,full,20,100.0,1000,0.465,0.927,0.987,10.1372520785346,1.0136055354115168,0.09920495461648304,0.9703014773082552,-11.499017519569668,0.009659804820499987,0.12860595337791278
OVRPLTW,permuted_R45A,permutable_only,20,100.0,1000,0.465,0.927,0.987,10.1372520785346,1.0136055354115168,0.09920495461648304,0.9703014773082552,-11.499017519569668,0.009659804820499987,0.12860595337791278
OVRPLTW,permuted_R45A,full,21,100.0,1000,0.465,0.927,0.988,10.1418960032469,1.0586377078573064,0.14506088953545326,1.016556465800833,-16.81425808439761,0.014303729532800007,0.17363812582370247
OVRPLTW,permuted_R45A,permutable_only,21,100.0,1000,0.465,0.927,0.988,10.1418960032469,1.0586377078573064,0.14506088953545326,1.016556465800833,-16.81425808439761,0.014303729532800007,0.17363812582370247
OVRPLTW,permuted_R45A,full,22,100.0,1000,0.467,0.927,0.989,10.1414024581916,1.057436720452974,0.1401874319887586,1.011640597808161,-16.249367208463042,0.013810184477499982,0.1724371384193701
OVRPLTW,permuted_R45A,permutable_only,22,100.0,1000,0.467,0.927,0.989,10.1414024581916,1.057436720452974,0.1401874319887586,1.011640597808161,-16.249367208463042,0.013810184477499982,0.1724371384193701
OVRPLTW,permuted_R45A,full,23,100.0,1000,0.473,0.927,0.985,10.1431202654847,1.0911106524307008,0.1571497352808482,1.028750512696397,-18.215497060366566,0.01552799177059998,0.20611107039709683
OVRPLTW,permuted_R45A,permutable_only,23,100.0,1000,0.473,0.927,0.985,10.1431202654847,1.0911106524307008,0.1571497352808482,1.028750512696397,-18.215497060366566,0.01552799177059998,0.20611107039709683
OVRPLTW,permuted_R45A,full,24,100.0,1000,0.469,0.927,0.98,10.144588059425699,1.0797570085816528,0.17164330862724508,1.0433702139311274,-19.895472163179175,0.016995785711600014,0.19475742654804873
OVRPLTW,permuted_R45A,permutable_only,24,100.0,1000,0.469,0.927,0.98,10.144588059425699,1.0797570085816528,0.17164330862724508,1.0433702139311274,-19.895472163179175,0.016995785711600014,0.19475742654804873
OVRPLTW,permuted_R45A,full,25,100.0,1000,0.476,0.927,0.985,10.1404662222861,1.0543188743518905,0.13094267127209402,1.0023153861137502,-15.177791037132163,0.012873948571999996,0.16931929231828644
OVRPLTW,permuted_R45A,permutable_only,25,100.0,1000,0.476,0.927,0.985,10.1404662222861,1.0543188743518905,0.13094267127209402,1.0023153861137502,-15.177791037132163,0.012873948571999996,0.16931929231828644
OVRPLTW,permuted_R45A,full,26,100.0,1000,0.459,0.927,0.984,10.1405851635945,1.0520440537048907,0.13211714442467049,1.003500079921693,-15.313926247412518,0.012992889880399986,0.16704447167128672
OVRPLTW,permuted_R45A,permutable_only,26,100.0,1000,0.459,0.927,0.984,10.1405851635945,1.0520440537048907,0.13211714442467049,1.003500079921693,-15.313926247412518,0.012992889880399986,0.16704447167128672
OVRPLTW,permuted_R45A,full,27,100.0,1000,0.483,0.927,0.987,10.1378173670773,1.013812652945607,0.10478683551042867,0.9759319335833849,-12.146022968438531,0.010225093363200006,0.1288130709120032
OVRPLTW,permuted_R45A,permutable_only,27,100.0,1000,0.483,0.927,0.987,10.1378173670773,1.013812652945607,0.10478683551042867,0.9759319335833849,-12.146022968438531,0.010225093363200006,0.1288130709120032
OVRPLTW,permuted_R45A,full,28,100.0,1000,0.461,0.927,0.982,10.142958113672702,1.0894931442211717,0.15554858465962607,1.027135428330772,-18.029904928238697,0.015365839958599995,0.2044935621875677
OVRPLTW,permuted_R45A,permutable_only,28,100.0,1000,0.461,0.927,0.982,10.142958113672702,1.0894931442211717,0.15554858465962607,1.027135428330772,-18.029904928238697,0.015365839958599995,0.2044935621875677
OVRPLTW,permuted_R45A,full,29,100.0,1000,0.459,0.927,0.986,10.139725196839402,1.0500428091592267,0.12362549522764166,0.9949345335734439,-14.329644532209477,0.012132923125299991,0.16504322712562258
OVRPLTW,permuted_R45A,permutable_only,29,100.0,1000,0.459,0.927,0.986,10.139725196839402,1.0500428091592267,0.12362549522764166,0.9949345335734439,-14.329644532209477,0.012132923125299991,0.16504322712562258
OVRPLTW,permuted_R45A,full,30,100.0,1000,0.452,0.927,0.982,10.141150771618799,1.0539166646109144,0.13770218000528356,1.0091337183366411,-15.96129736145843,0.013558497904699976,0.16891708257731028
OVRPLTW,permuted_R45A,permutable_only,30,100.0,1000,0.452,0.927,0.982,10.141150771618799,1.0539166646109144,0.13770218000528356,1.0091337183366411,-15.96129736145843,0.013558497904699976,0.16891708257731028
OVRPLTW,permuted_R45A,full,31,100.0,1000,0.473,0.927,0.98,10.137658754825399,1.0120823700704054,0.1032206358945631,0.974352104378351,-11.964482067667163,0.010066481111299996,0.12708278803680143
OVRPLTW,permuted_R45A,permutable_only,31,100.0,1000,0.473,0.927,0.98,10.137658754825399,1.0120823700704054,0.1032206358945631,0.974352104378351,-11.964482067667163,0.010066481111299996,0.12708278803680143
OVRPLTW,permuted_R45A,full,32,100.0,1000,0.44,0.927,0.987,10.144954259398,1.1108137137379586,0.17525931085327073,1.047017683809326,-20.31460922249881,0.01736198568389999,0.22581413170435463
OVRPLTW,permuted_R45A,permutable_only,32,100.0,1000,0.44,0.927,0.987,10.144954259398,1.1108137137379586,0.17525931085327073,1.047017683809326,-20.31460922249881,0.01736198568389999,0.22581413170435463
OVRPLTW,permuted_R45A,full,33,100.0,1000,0.465,0.927,0.991,10.137729599476,1.0272941096250325,0.10392018377454182,0.9750577399562976,-12.045567869871968,0.010137325761900023,0.14229452759142844
OVRPLTW,permuted_R45A,permutable_only,33,100.0,1000,0.465,0.927,0.991,10.137729599476,1.0272941096250325,0.10392018377454182,0.9750577399562976,-12.045567869871968,0.010137325761900023,0.14229452759142844
OVRPLTW,permuted_R45A,full,34,100.0,1000,0.446,0.927,0.986,10.1419902148248,1.0742243910050464,0.14599117162492625,1.0174948435139886,-16.922088687077032,0.014397941110700004,0.18922480897144223
OVRPLTW,permuted_R45A,permutable_only,34,100.0,1000,0.446,0.927,0.986,10.1419902148248,1.0742243910050464,0.14599117162492625,1.0174948435139886,-16.922088687077032,0.014397941110700004,0.18922480897144223
OVRPLTW,permuted_R45A,full,35,100.0,1000,0.446,0.927,0.991,10.146501312255001,1.1280708745301977,0.190535517838053,1.0624268294202377,-22.085300741179758,0.018909038540899998,0.2430712924965937
OVRPLTW,permuted_R45A,permutable_only,35,100.0,1000,0.446,0.927,0.991,10.146501312255001,1.1280708745301977,0.190535517838053,1.0624268294202377,-22.085300741179758,0.018909038540899998,0.2430712924965937
OVRPLTW,permuted_R45A,full,36,100.0,1000,0.443,0.927,0.99,10.1408639378554,1.0523827634666973,0.13486987086983593,1.0062767615065304,-15.632999520939828,0.013271664141300002,0.16738318143309336
OVRPLTW,permuted_R45A,permutable_only,36,100.0,1000,0.443,0.927,0.99,10.1408639378554,1.0523827634666973,0.13486987086983593,1.0062767615065304,-15.632999520939828,0.013271664141300002,0.16738318143309336
OVRPLTW,permuted_R45A,full,37,100.0,1000,0.449,0.927,0.989,10.146523124217902,1.1224987379328621,0.1907508977189165,1.062644083608344,-22.110265794920068,0.01893085050379999,0.23749915589925832
OVRPLTW,permuted_R45A,permutable_only,37,100.0,1000,0.449,0.927,0.989,10.146523124217902,1.1224987379328621,0.1907508977189165,1.062644083608344,-22.110265794920068,0.01893085050379999,0.23749915589925832
OVRPLTW,permuted_R45A,full,38,100.0,1000,0.501,0.927,0.98,10.139578012944499,1.0514831185639046,0.12217214369334428,0.9934685344914707,-14.161184047351604,0.011985739230399977,0.16648353653030049
OVRPLTW,permuted_R45A,permutable_only,38,100.0,1000,0.501,0.927,0.98,10.139578012944499,1.0514831185639046,0.12217214369334428,0.9934685344914707,-14.161184047351604,0.011985739230399977,0.16648353653030049
OVRPLTW,permuted_R45A,full,39,100.0,1000,0.462,0.927,0.987,10.1411229991921,1.0549381910089377,0.1374279441659576,1.0088570960059773,-15.92951021198601,0.013530725478000001,0.16993860897533372
OVRPLTW,permuted_R45A,permutable_only,39,100.0,1000,0.462,0.927,0.987,10.1411229991921,1.0549381910089377,0.1374279441659576,1.0088570960059773,-15.92951021198601,0.013530725478000001,0.16993860897533372
OVRPLTW,permuted_R45A,full,40,100.0,1000,0.442,0.927,0.986,10.1430853390695,1.090210740624764,0.15680485815179335,1.0284026343320374,-18.17552175707123,0.01549306535540002,0.20521115859116
OVRPLTW,permuted_R45A,permutable_only,40,100.0,1000,0.442,0.927,0.986,10.1430853390695,1.090210740624764,0.15680485815179335,1.0284026343320374,-18.17552175707123,0.01549306535540002,0.20521115859116
OVRPLTW,permuted_R45A,full,41,100.0,1000,0.471,0.927,0.99,10.139063902855101,1.0381019972632652,0.11709561893009646,0.9883478321239147,-13.572755299849101,0.011471629141,0.15310241522966134
OVRPLTW,permuted_R45A,permutable_only,41,100.0,1000,0.471,0.927,0.99,10.139063902855101,1.0381019972632652,0.11709561893009646,0.9883478321239147,-13.572755299849101,0.011471629141,0.15310241522966134
OVRPLTW,permuted_R45A,full,42,100.0,1000,0.462,0.927,0.985,10.1440127286905,1.091673708299861,0.16596226718395002,1.037639734178608,-19.236972843881315,0.016420454976400007,0.20667412626625709
OVRPLTW,permuted_R45A,permutable_only,42,100.0,1000,0.462,0.927,0.985,10.1440127286905,1.091673708299861,0.16596226718395002,1.037639734178608,-19.236972843881315,0.016420454976400007,0.20667412626625709
OVRPLTW,permuted_R45A,full,43,100.0,1000,0.452,0.927,0.985,10.145947870255801,1.1010640878981326,0.18507061436330297,1.0569143685406512,-21.45185434687564,0.01835559654169999,0.21606450586452855
OVRPLTW,permuted_R45A,permutable_only,43,100.0,1000,0.452,0.927,0.985,10.145947870255801,1.1010640878981326,0.18507061436330297,1.0569143685406512,-21.45185434687564,0.01835559654169999,0.21606450586452855
OVRPLTW,permuted_R45A,full,44,100.0,1000,0.47,0.927,0.98,10.137574472428199,1.0170447192672953,0.10238839843157432,0.973512624508599,-11.868015986873052,0.009982198714099999,0.13204513723369116
OVRPLTW,permuted_R45A,permutable_only,44,100.0,1000,0.47,0.927,0.98,10.137574472428199,1.0170447192672953,0.10238839843157432,0.973512624508599,-11.868015986873052,0.009982198714099999,0.13204513723369116
OVRPLTW,permuted_R45A,full,45,100.0,1000,0.467,0.927,0.988,10.1436807327282,1.0814935836958914,0.1626840087745718,1.0343329472759066,-18.856984253303352,0.016088459014099988,0.19649400166228748
OVRPLTW,permuted_R45A,permutable_only,45,100.0,1000,0.467,0.927,0.988,10.1436807327282,1.0814935836958914,0.1626840087745718,1.0343329472759066,-18.856984253303352,0.016088459014099988,0.19649400166228748
OVRPLTW,permuted_R45A,full,46,100.0,1000,0.467,0.927,0.985,10.1392850327501,1.0397780267787997,0.11927914228631042,0.9905503572254615,-13.825851260876174,0.011692759035999992,0.15477844474519606
OVRPLTW,permuted_R45A,permutable_only,46,100.0,1000,0.467,0.927,0.985,10.1392850327501,1.0397780267787997,0.11927914228631042,0.9905503572254615,-13.825851260876174,0.011692759035999992,0.15477844474519606
OVRPLTW,permuted_R45A,full,47,100.0,1000,0.473,0.927,0.99,10.1428033041959,1.068877078205211,0.15401993513732837,1.02559347599267,-17.852716523624935,0.015211030481800001,0.18387749617160704
OVRPLTW,permuted_R45A,permutable_only,47,100.0,1000,0.473,0.927,0.99,10.1428033041959,1.068877078205211,0.15401993513732837,1.02559347599267,-17.852716523624935,0.015211030481800001,0.18387749617160704
OVRPLTW,permuted_R45A,full,48,100.0,1000,0.456,0.927,0.98,10.1439829216019,1.0927413152165557,0.1656679402946004,1.0373428459589107,-19.202856906121486,0.016390647887800005,0.20774173318295175
OVRPLTW,permuted_R45A,permutable_only,48,100.0,1000,0.456,0.927,0.98,10.1439829216019,1.0927413152165557,0.1656679402946004,1.0373428459589107,-19.202856906121486,0.016390647887800005,0.20774173318295175
OVRPLTW,permuted_R45A,full,49,100.0,1000,0.464,0.927,0.981,10.1400866637238,1.0548861587707339,0.12719476108640215,0.9985348603690047,-14.743364298531937,0.012494390009699995,0.16988657673712976
OVRPLTW,permuted_R45A,permutable_only,49,100.0,1000,0.464,0.927,0.981,10.1400866637238,1.0548861587707339,0.12719476108640215,0.9985348603690047,-14.743364298531937,0.012494390009699995,0.16988657673712976
OVRPLTW,permuted_R45A,full,50,100.0,1000,0.465,0.927,0.986,10.138005212784702,1.0287235992502133,0.10664169773733079,0.9778029374373443,-12.361023250692002,0.010412939070599992,0.14372401721660938
OVRPLTW,permuted_R45A,permutable_only,50,100.0,1000,0.465,0.927,0.986,10.138005212784702,1.0287235992502133,0.10664169773733079,0.9778029374373443,-12.361023250692002,0.010412939070599992,0.14372401721660938
OVRPLTW,permuted_R45A,full,51,100.0,1000,0.479,0.927,0.982,10.135921811104799,1.006319300252399,0.08606937200805742,0.9570515844978811,-9.976449467117186,0.008329537390700009,0.12131971821879481
OVRPLTW,permuted_R45A,permutable_only,51,100.0,1000,0.479,0.927,0.982,10.135921811104799,1.006319300252399,0.08606937200805742,0.9570515844978811,-9.976449467117186,0.008329537390700009,0.12131971821879481
OVRPLTW,permuted_R45A,full,52,100.0,1000,0.478,0.927,0.99,10.1408284707073,1.0570237371829367,0.1345196543319327,1.005923497268002,-15.5924053175494,0.013236196993200002,0.17202415514933284
OVRPLTW,permuted_R45A,permutable_only,52,100.0,1000,0.478,0.927,0.99,10.1408284707073,1.0570237371829367,0.1345196543319327,1.005923497268002,-15.5924053175494,0.013236196993200002,0.17202415514933284
OVRPLTW,permuted_R45A,full,53,100.0,1000,0.46,0.927,0.99,10.142919791699201,1.0874648148501946,0.1551701784554771,1.0267537291101414,-17.986043211976707,0.015327517985099988,0.20246523281659073
OVRPLTW,permuted_R45A,permutable_only,53,100.0,1000,0.46,0.927,0.99,10.142919791699201,1.0874648148501946,0.1551701784554771,1.0267537291101414,-17.986043211976707,0.015327517985099988,0.20246523281659073
OVRPLTW,permuted_R45A,full,54,100.0,1000,0.452,0.927,0.987,10.1427032837874,1.087561423012215,0.15303229437506616,1.0245972404525183,-17.738237378181594,0.015111010073300006,0.20256184097861088
OVRPLTW,permuted_R45A,permutable_only,54,100.0,1000,0.452,0.927,0.987,10.1427032837874,1.087561423012215,0.15303229437506616,1.0245972404525183,-17.738237378181594,0.015111010073300006,0.20256184097861088
OVRPLTW,permuted_R45A,full,55,100.0,1000,0.433,0.927,0.983,10.146668329239,1.1053867333842258,0.19218470907673701,1.0640903724687512,-22.27646134419665,0.019076055524900003,0.22038715135062187
OVRPLTW,permuted_R45A,permutable_only,55,100.0,1000,0.433,0.927,0.983,10.146668329239,1.1053867333842258,0.19218470907673701,1.0640903724687512,-22.27646134419665,0.019076055524900003,0.22038715135062187
OVRPLTW,permuted_R45A,full,56,100.0,1000,0.472,0.927,0.985,10.1413923015602,1.0684854517909272,0.14008714142477174,1.0115394344824002,-16.237742356089548,0.013800027846100005,0.18348586975732328
OVRPLTW,permuted_R45A,permutable_only,56,100.0,1000,0.472,0.927,0.985,10.1413923015602,1.0684854517909272,0.14008714142477174,1.0115394344824002,-16.237742356089548,0.013800027846100005,0.18348586975732328
OVRPLTW,permuted_R45A,full,57,100.0,1000,0.452,0.927,0.982,10.146837437631,1.1414091771819266,0.19385455169869115,1.065774746615733,-22.470015684693404,0.019245163916899993,0.2564095951483227
OVRPLTW,permuted_R45A,permutable_only,57,100.0,1000,0.452,0.927,0.982,10.146837437631,1.1414091771819266,0.19385455169869115,1.065774746615733,-22.470015684693404,0.019245163916899993,0.2564095951483227
OVRPLTW,permuted_R45A,full,58,100.0,1000,0.469,0.927,0.983,10.1470315027256,1.1394244435205552,0.19577082659532064,1.0677076975728728,-22.69213441549559,0.019439229011499977,0.2544248614869511
OVRPLTW,permuted_R45A,permutable_only,58,100.0,1000,0.469,0.927,0.983,10.1470315027256,1.1394244435205552,0.19577082659532064,1.0677076975728728,-22.69213441549559,0.019439229011499977,0.2544248614869511
OVRPLTW,permuted_R45A,full,59,100.0,1000,0.467,0.927,0.981,10.138234467984502,1.0184131941397359,0.10890545354156345,0.9800863931963333,-12.623419093253121,0.010642194270400012,0.13341361210613187
OVRPLTW,permuted_R45A,permutable_only,59,100.0,1000,0.467,0.927,0.981,10.138234467984502,1.0184131941397359,0.10890545354156345,0.9800863931963333,-12.623419093253121,0.010642194270400012,0.13341361210613187
OVRPLTW,permuted_R45A,full,60,100.0,1000,0.459,0.927,0.99,10.1404546146411,1.066374259184131,0.13082805283044507,1.0021997702243546,-15.164505415726214,0.012862340926999978,0.18137467715052694
OVRPLTW,permuted_R45A,permutable_only,60,100.0,1000,0.459,0.927,0.99,10.1404546146411,1.066374259184131,0.13082805283044507,1.0021997702243546,-15.164505415726214,0.012862340926999978,0.18137467715052694
OVRPLTW,permuted_R45A,full,61,100.0,1000,0.447,0.927,0.981,10.1412289285665,1.0445759800831576,0.1384739323762263,1.0099121867530148,-16.050752510837725,0.01363665485239999,0.1595763980495535
OVRPLTW,permuted_R45A,permutable_only,61,100.0,1000,0.447,0.927,0.981,10.1412289285665,1.0445759800831576,0.1384739323762263,1.0099121867530148,-16.050752510837725,0.01363665485239999,0.1595763980495535
OVRPLTW,permuted_R45A,full,62,100.0,1000,0.472,0.927,0.986,10.1393227586746,1.0495435243323266,0.11965166286873608,0.9909261196057173,-13.869030764565455,0.011730484960499993,0.1645439422987224
OVRPLTW,permuted_R45A,permutable_only,62,100.0,1000,0.472,0.927,0.986,10.1393227586746,1.0495435243323266,0.11965166286873608,0.9909261196057173,-13.869030764565455,0.011730484960499993,0.1645439422987224
OVRPLTW,permuted_R45A,full,63,100.0,1000,0.465,0.927,0.986,10.1441420197503,1.0775942273675791,0.16723893784316157,1.0389275148498633,-19.384953943552528,0.01654974603619999,0.1925946453339753
OVRPLTW,permuted_R45A,permutable_only,63,100.0,1000,0.465,0.927,0.986,10.1441420197503,1.0775942273675791,0.16723893784316157,1.0389275148498633,-19.384953943552528,0.01654974603619999,0.1925946453339753
OVRPLTW,permuted_R45A,full,64,100.0,1000,0.447,0.927,0.988,10.1461010251053,1.1021657993235754,0.18658292544633248,1.0584398402569528,-21.627148934792537,0.0185087513912,0.21716621728997154
OVRPLTW,permuted_R45A,permutable_only,64,100.0,1000,0.447,0.927,0.988,10.1461010251053,1.1021657993235754,0.18658292544633248,1.0584398402569528,-21.627148934792537,0.0185087513912,0.21716621728997154
OVRPLTW,permuted_R45A,full,65,100.0,1000,0.463,0.927,0.987,10.1423981370927,1.077304179234021,0.15001915616983386,1.0215578809180226,-17.388979328068068,0.01480586337859999,0.19230459720041684
OVRPLTW,permuted_R45A,permutable_only,65,100.0,1000,0.463,0.927,0.987,10.1423981370927,1.077304179234021,0.15001915616983386,1.0215578809180226,-17.388979328068068,0.01480586337859999,0.19230459720041684
OVRPLTW,permuted_R45A,full,66,100.0,1000,0.465,0.927,0.978,10.1412257514006,1.080793925455914,0.1384425597934058,1.009880541155539,-16.047116060611863,0.013633477686500018,0.19579434342230997
OVRPLTW,permuted_R45A,permutable_only,66,100.0,1000,0.465,0.927,0.978,10.1412257514006,1.080793925455914,0.1384425597934058,1.009880541155539,-16.047116060611863,0.013633477686500018,0.19579434342230997
OVRPLTW,permuted_R45A,full,67,100.0,1000,0.466,0.927,0.982,10.141789083004001,1.0819586855465355,0.14400511710077613,1.0154915056838298,-16.691881679208553,0.014196809289900001,0.19695910351293155
OVRPLTW,permuted_R45A,permutable_only,67,100.0,1000,0.466,0.927,0.982,10.141789083004001,1.0819586855465355,0.14400511710077613,1.0154915056838298,-16.691881679208553,0.014196809289900001,0.19695910351293155
OVRPLTW,permuted_R45A,full,68,100.0,1000,0.44,0.927,0.985,10.144393758296799,1.1029307658340004,0.16972470303531217,1.0414349119961974,-19.673083277462347,0.016801484582700008,0.2179311838003963
OVRPLTW,permuted_R45A,permutable_only,68,100.0,1000,0.44,0.927,0.985,10.144393758296799,1.1029307658340004,0.16972470303531217,1.0414349119961974,-19.673083277462347,0.016801484582700008,0.2179311838003963
OVRPLTW,permuted_R45A,full,69,100.0,1000,0.442,0.927,0.984,10.150825005054802,1.1617723485850013,0.2332293571916777,1.105492204741787,-27.034017351180275,0.023232731340700013,0.2767727665513973
OVRPLTW,permuted_R45A,permutable_only,69,100.0,1000,0.442,0.927,0.984,10.150825005054802,1.1617723485850013,0.2332293571916777,1.105492204741787,-27.034017351180275,0.023232731340700013,0.2767727665513973
OVRPLTW,permuted_R45A,full,70,100.0,1000,0.454,0.927,0.981,10.1471030616764,1.1078194843583369,0.19647742775579236,1.0684204478112802,-22.774037775613305,0.019510787962299995,0.22281990232473295
OVRPLTW,permuted_R45A,permutable_only,70,100.0,1000,0.454,0.927,0.981,10.1471030616764,1.1078194843583369,0.19647742775579236,1.0684204478112802,-22.774037775613305,0.019510787962299995,0.22281990232473295
OVRPLTW,permuted_R45A,full,71,100.0,1000,0.455,0.927,0.982,10.1441792111412,1.100757507335359,0.16760618023108353,1.03929795310298,-19.42752164260502,0.016586937427099983,0.21575792530175505
OVRPLTW,permuted_R45A,permutable_only,71,100.0,1000,0.455,0.927,0.982,10.1441792111412,1.100757507335359,0.16760618023108353,1.03929795310298,-19.42752164260502,0.016586937427099983,0.21575792530175505
OVRPLTW,permuted_R45A,full,72,100.0,1000,0.472,0.927,0.985,10.1384679031376,1.0276721591934248,0.11121048384490351,0.9824114826388453,-12.890599134247804,0.010875629423500012,0.14267257715982065
OVRPLTW,permuted_R45A,permutable_only,72,100.0,1000,0.472,0.927,0.985,10.1384679031376,1.0276721591934248,0.11121048384490351,0.9824114826388453,-12.890599134247804,0.010875629423500012,0.14267257715982065
OVRPLTW,permuted_R45A,full,73,100.0,1000,0.458,0.927,0.986,10.144542209626401,1.0982912760001415,0.17119056971719449,1.0429135351367247,-19.84299441467678,0.01694993591230001,0.21329169396653772
OVRPLTW,permuted_R45A,permutable_only,73,100.0,1000,0.458,0.927,0.986,10.144542209626401,1.0982912760001415,0.17119056971719449,1.0429135351367247,-19.84299441467678,0.01694993591230001,0.21329169396653772
OVRPLTW,permuted_R45A,full,74,100.0,1000,0.464,0.927,0.988,10.1432435598376,1.0853982947530532,0.15836719210298167,1.0299785642321035,-18.35661458197729,0.015651286123499995,0.2003987127194489
OVRPLTW,permuted_R45A,permutable_only,74,100.0,1000,0.464,0.927,0.988,10.1432435598376,1.0853982947530532,0.15836719210298167,1.0299785642321035,-18.35661458197729,0.015651286123499995,0.2003987127194489
OVRPLTW,permuted_R45A,full,75,100.0,1000,0.434,0.927,0.991,10.1442120690351,1.0961889673424494,0.1679306319691376,1.0396252283278118,-19.465129403573656,0.016619795321000014,0.2111893853088453
OVRPLTW,permuted_R45A,permutable_only,75,100.0,1000,0.434,0.927,0.991,10.1442120690351,1.0961889673424494,0.1679306319691376,1.0396252283278118,-19.465129403573656,0.016619795321000014,0.2111893853088453
OVRPLTW,permuted_R45A,full,76,100.0,1000,0.471,0.927,0.989,10.1425638566026,1.07700811801257,0.15165553564011613,1.0232085007058744,-17.578654896896456,0.014971582888500002,0.1920085359789659
OVRPLTW,permuted_R45A,permutable_only,76,100.0,1000,0.471,0.927,0.989,10.1425638566026,1.07700811801257,0.15165553564011613,1.0232085007058744,-17.578654896896456,0.014971582888500002,0.1920085359789659
OVRPLTW,permuted_R45A,full,77,100.0,1000,0.446,0.927,0.991,10.1434293227205,1.0616395654291546,0.16020148770343745,1.031828822482006,-18.56923095106148,0.015837049006400015,0.17663998339555037
OVRPLTW,permuted_R45A,permutable_only,77,100.0,1000,0.446,0.927,0.991,10.1434293227205,1.0616395654291546,0.16020148770343745,1.031828822482006,-18.56923095106148,0.015837049006400015,0.17663998339555037
OVRPLTW,permuted_R45A,full,78,100.0,1000,0.432,0.927,0.984,10.148814948559,1.149489560584009,0.213381270591384,1.0854713935007032,-24.73339137509953,0.021222674844900005,0.26448997855040507
OVRPLTW,permuted_R45A,permutable_only,78,100.0,1000,0.432,0.927,0.984,10.148814948559,1.149489560584009,0.213381270591384,1.0854713935007032,-24.73339137509953,0.021222674844900005,0.26448997855040507
OVRPLTW,permuted_R45A,full,79,100.0,1000,0.499,0.927,0.991,10.1320129671097,0.9463923229014846,0.047471912541752204,0.9181182371217567,-5.502551320297786,0.004420693395599997,0.061392740867880595
OVRPLTW,permuted_R45A,permutable_only,79,100.0,1000,0.499,0.927,0.991,10.1320129671097,0.9463923229014846,0.047471912541752204,0.9181182371217567,-5.502551320297786,0.004420693395599997,0.061392740867880595
OVRPLTW,permuted_R45A,full,80,100.0,1000,0.442,0.927,0.984,10.144602604866202,1.1054368125138843,0.17178693601451744,1.043515091211611,-19.9121202615416,0.017010331152099992,0.22043723048028024
OVRPLTW,permuted_R45A,permutable_only,80,100.0,1000,0.442,0.927,0.984,10.144602604866202,1.1054368125138843,0.17178693601451744,1.043515091211611,-19.9121202615416,0.017010331152099992,0.22043723048028024
OVRPLTW,permuted_R45A,full,81,100.0,1000,0.467,0.927,0.989,10.142952289582299,1.0734752358455795,0.1554910753055916,1.0270774185112241,-18.023238919747993,0.015360015868200008,0.18847565381197523
OVRPLTW,permuted_R45A,permutable_only,81,100.0,1000,0.467,0.927,0.989,10.142952289582299,1.0734752358455795,0.1554910753055916,1.0270774185112241,-18.023238919747993,0.015360015868200008,0.18847565381197523
OVRPLTW,permuted_R45A,full,82,100.0,1000,0.441,0.927,0.987,10.1481496748928,1.131954979852328,0.20681209735311512,1.0788450531354243,-23.971947166511455,0.020557401178700026,0.24695539781872408
OVRPLTW,permuted_R45A,permutable_only,82,100.0,1000,0.441,0.927,0.987,10.1481496748928,1.131954979852328,0.20681209735311512,1.0788450531354243,-23.971947166511455,0.020557401178700026,0.24695539781872408
OVRPLTW,permuted_R45A,full,83,100.0,1000,0.438,0.927,0.985,10.1491614775665,1.1418359856887168,0.21680303399194134,1.0889229342226692,-25.130013876896818,0.021569203852399993,0.2568364036551129
OVRPLTW,permuted_R45A,permutable_only,83,100.0,1000,0.438,0.927,0.985,10.1491614775665,1.1418359856887168,0.21680303399194134,1.0889229342226692,-25.130013876896818,0.021569203852399993,0.2568364036551129
OVRPLTW,permuted_R45A,full,84,100.0,1000,0.473,0.927,0.981,10.1366023120885,1.0168320387245753,0.09278890575463716,0.9638295938585673,-10.755322221749774,0.0090100383744,0.1318324566909713
OVRPLTW,permuted_R45A,permutable_only,84,100.0,1000,0.473,0.927,0.981,10.1366023120885,1.0168320387245753,0.09278890575463716,0.9638295938585673,-10.755322221749774,0.0090100383744,0.1318324566909713
OVRPLTW,permuted_R45A,full,85,100.0,1000,0.466,0.927,0.987,10.1436192955976,1.1005541798756584,0.16207735443867222,1.0337210136325048,-18.78666590212918,0.016027021883500008,0.21555459784205427
OVRPLTW,permuted_R45A,permutable_only,85,100.0,1000,0.466,0.927,0.987,10.1436192955976,1.1005541798756584,0.16207735443867222,1.0337210136325048,-18.78666590212918,0.016027021883500008,0.21555459784205427
OVRPLTW,permuted_R45A,full,86,100.0,1000,0.491,0.927,0.984,10.13691584158,1.0400700487698218,0.09588481898494816,0.9669524487539105,-11.114174867890899,0.009323567865900002,0.1550704667362178
OVRPLTW,permuted_R45A,permutable_only,86,100.0,1000,0.491,0.927,0.984,10.13691584158,1.0400700487698218,0.09588481898494816,0.9669524487539105,-11.114174867890899,0.009323567865900002,0.1550704667362178
OVRPLTW,permuted_R45A,full,87,100.0,1000,0.456,0.927,0.982,10.142383308887501,1.0849100972160772,0.1498727366530117,1.0214101872099368,-17.37200758914913,0.01479103517340002,0.1999105151824733
OVRPLTW,permuted_R45A,permutable_only,87,100.0,1000,0.456,0.927,0.982,10.142383308887501,1.0849100972160772,0.1498727366530117,1.0214101872099368,-17.37200758914913,0.01479103517340002,0.1999105151824733
OVRPLTW,permuted_R45A,full,88,100.0,1000,0.47,0.927,0.985,10.139786072254502,1.0564733275907763,0.12422660296429466,0.995540872349232,-14.399319967490051,0.012193798540399993,0.17147374555717232
OVRPLTW,permuted_R45A,permutable_only,88,100.0,1000,0.47,0.927,0.985,10.139786072254502,1.0564733275907763,0.12422660296429466,0.995540872349232,-14.399319967490051,0.012193798540399993,0.17147374555717232
OVRPLTW,permuted_R45A,full,89,100.0,1000,0.469,0.927,0.985,10.1453923025138,1.1006771702246925,0.17958472046997187,1.0513807345769122,-20.815974916924283,0.017800028799700003,0.2156775881910884
OVRPLTW,permuted_R45A,permutable_only,89,100.0,1000,0.469,0.927,0.985,10.1453923025138,1.1006771702246925,0.17958472046997187,1.0513807345769122,-20.815974916924283,0.017800028799700003,0.2156775881910884
OVRPLTW,permuted_R45A,full,90,100.0,1000,0.453,0.927,0.981,10.1445720262541,1.116598416436049,0.1714849907993532,1.0432105183689089,-19.877121270486732,0.01697975253999999,0.2315988344024447
OVRPLTW,permuted_R45A,permutable_only,90,100.0,1000,0.453,0.927,0.981,10.1445720262541,1.116598416436049,0.1714849907993532,1.0432105183689089,-19.877121270486732,0.01697975253999999,0.2315988344024447
OVRPLTW,permuted_R45A,full,91,100.0,1000,0.454,0.927,0.984,10.1464455986024,1.124959177905449,0.18998537936982807,1.0618719034643842,-22.021533241776005,0.018853324888299983,0.23995959587184507
OVRPLTW,permuted_R45A,permutable_only,91,100.0,1000,0.454,0.927,0.984,10.1464455986024,1.124959177905449,0.18998537936982807,1.0618719034643842,-22.021533241776005,0.018853324888299983,0.23995959587184507
OVRPLTW,permuted_R45A,full,92,100.0,1000,0.459,0.927,0.987,10.1385885176659,1.0183845994453722,0.11240147902733533,0.9836128422568757,-13.028649441528975,0.010996243951800011,0.13338501741176806
OVRPLTW,permuted_R45A,permutable_only,92,100.0,1000,0.459,0.927,0.987,10.1385885176659,1.0183845994453722,0.11240147902733533,0.9836128422568757,-13.028649441528975,0.010996243951800011,0.13338501741176806
OVRPLTW,permuted_R45A,full,93,100.0,1000,0.454,0.927,0.988,10.143622737407698,1.0938048406953238,0.16211134022217077,1.033755295171579,-18.790605252954037,0.01603046369359999,0.20880525866171962
OVRPLTW,permuted_R45A,permutable_only,93,100.0,1000,0.454,0.927,0.988,10.143622737407698,1.0938048406953238,0.16211134022217077,1.033755295171579,-18.790605252954037,0.01603046369359999,0.20880525866171962
OVRPLTW,permuted_R45A,full,94,100.0,1000,0.441,0.927,0.986,10.150665567876901,1.158849801562768,0.23165501193278537,1.1039041590076293,-26.851532274866187,0.023073294162799997,0.27385021952916366
OVRPLTW,permuted_R45A,permutable_only,94,100.0,1000,0.441,0.927,0.986,10.150665567876901,1.158849801562768,0.23165501193278537,1.1039041590076293,-26.851532274866187,0.023073294162799997,0.27385021952916366
OVRPLTW,permuted_R45A,full,95,100.0,1000,0.45,0.927,0.991,10.1473539376257,1.1319600669374923,0.198954675324714,1.070919253211211,-23.06117981711266,0.019761663911599992,0.2469604849038881
OVRPLTW,permuted_R45A,permutable_only,95,100.0,1000,0.45,0.927,0.991,10.1473539376257,1.1319600669374923,0.198954675324714,1.070919253211211,-23.06117981711266,0.019761663911599992,0.2469604849038881
OVRPLTW,permuted_R45A,full,96,100.0,1000,0.468,0.927,0.982,10.143740093710099,1.081012517705537,0.1632701624035171,1.0349242018083737,-18.924926332149074,0.01614781999599999,0.196012935671933
OVRPLTW,permuted_R45A,permutable_only,96,100.0,1000,0.468,0.927,0.982,10.143740093710099,1.081012517705537,0.1632701624035171,1.0349242018083737,-18.924926332149074,0.01614781999599999,0.196012935671933
OVRPLTW,permuted_R45A,full,97,100.0,1000,0.462,0.927,0.986,10.1420381808279,1.0884160213408534,0.146464806761748,1.0179726003810563,-16.976988553290393,0.014445907113800015,0.2034164393072494
OVRPLTW,permuted_R45A,permutable_only,97,100.0,1000,0.462,0.927,0.986,10.1420381808279,1.0884160213408534,0.146464806761748,1.0179726003810563,-16.976988553290393,0.014445907113800015,0.2034164393072494
OVRPLTW,permuted_R45A,full,98,100.0,1000,0.455,0.927,0.977,10.1451345715538,1.1065183177958233,0.17703978383545316,1.0488136510586443,-20.52098691899805,0.0175422978397,0.22151873576221934
OVRPLTW,permuted_R45A,permutable_only,98,100.0,1000,0.455,0.927,0.977,10.1451345715538,1.1065183177958233,0.17703978383545316,1.0488136510586443,-20.52098691899805,0.0175422978397,0.22151873576221934
OVRPLTW,permuted_R45A,full,99,100.0,1000,0.45,0.927,0.981,10.1412539429662,1.0724354881228013,0.13872093437470312,1.010161338244897,-16.079382938811353,0.0136616692521,0.18743590608919747
OVRPLTW,permuted_R45A,permutable_only,99,100.0,1000,0.45,0.927,0.981,10.1412539429662,1.0724354881228013,0.13872093437470312,1.010161338244897,-16.079382938811353,0.0136616692521,0.18743590608919747
VRPBLTW,R45A,full,-1,100.0,1000,0.44,0.786,0.934,18.94340243625673,1.654986354308964,-2.952778298127934,1.5648586647806662,66.38393323325185,0.0,0.0
VRPBLTW,R45A,permutable_only,-1,100.0,1000,0.44,0.786,0.934,18.94340243625673,1.654986354308964,-2.952778298127934,1.5648586647806662,66.38393323325185,0.0,0.0
VRPBLTW,conditional_majority,full,-1,100.0,1000,0.348,0.662,0.806,19.5299608664525,4.134051098758617,0.05216583521117091,4.7096856968796175,-1.172784737652094,0.58655843019577,2.479064744449653
VRPBLTW,conditional_majority,permutable_only,-1,100.0,1000,0.348,0.662,0.806,19.5299608664525,4.134051098758617,0.05216583521117091,4.7096856968796175,-1.172784737652094,0.58655843019577,2.479064744449653
VRPBLTW,conditional_mean_gap,full,-1,100.0,1000,0.347,0.662,0.805,19.5197782111173,4.074028709549845,-3.3306690738754696e-14,4.655091494310559,8.1836578821309e-13,0.5763757748605701,2.4190423552408804
VRPBLTW,conditional_mean_gap,permutable_only,-1,100.0,1000,0.347,0.662,0.805,19.5197782111173,4.074028709549845,-3.3306690738754696e-14,4.655091494310559,8.1836578821309e-13,0.5763757748605701,2.4190423552408804
VRPBLTW,permuted_R45A,full,0,100.0,1000,0.304,0.589,0.702,19.671073330403743,5.280214833952974,0.7750862619958943,5.466258730962226,-17.425376872678715,0.7276708941470145,3.6252284796440097
VRPBLTW,permuted_R45A,permutable_only,0,100.0,1000,0.304,0.589,0.702,19.671073330403743,5.280214833952974,0.7750862619958943,5.466258730962226,-17.425376872678715,0.7276708941470145,3.6252284796440097
VRPBLTW,permuted_R45A,full,1,100.0,1000,0.312,0.571,0.684,19.766061292171493,5.6665426221643935,1.26171044768284,5.975535717726355,-28.3655912033006,0.822658855914763,4.011556267855429
VRPBLTW,permuted_R45A,permutable_only,1,100.0,1000,0.312,0.571,0.684,19.766061292171493,5.6665426221643935,1.26171044768284,5.975535717726355,-28.3655912033006,0.822658855914763,4.011556267855429
VRPBLTW,permuted_R45A,full,2,100.0,1000,0.304,0.578,0.685,19.741240670682153,5.592359382403369,1.1345541797125325,5.842460209141276,-25.50688243790404,0.7978382344254235,3.937373028094405
VRPBLTW,permuted_R45A,permutable_only,2,100.0,1000,0.304,0.578,0.685,19.741240670682153,5.592359382403369,1.1345541797125325,5.842460209141276,-25.50688243790404,0.7978382344254235,3.937373028094405
VRPBLTW,permuted_R45A,full,3,100.0,1000,0.289,0.559,0.662,19.77577732801588,5.874519987308666,1.3114857870299756,6.02762814466169,-29.484633159811963,0.8323748917591495,4.219533632999703
VRPBLTW,permuted_R45A,permutable_only,3,100.0,1000,0.289,0.559,0.662,19.77577732801588,5.874519987308666,1.3114857870299756,6.02762814466169,-29.484633159811963,0.8323748917591495,4.219533632999703
VRPBLTW,permuted_R45A,full,4,100.0,1000,0.307,0.583,0.691,19.714265114307846,5.454993919677545,0.9963581608717798,5.697831039182,-22.39997959537048,0.7708626780511175,3.8000075653685803
VRPBLTW,permuted_R45A,permutable_only,4,100.0,1000,0.307,0.583,0.691,19.714265114307846,5.454993919677545,0.9963581608717798,5.697831039182,-22.39997959537048,0.7708626780511175,3.8000075653685803
VRPBLTW,permuted_R45A,full,5,100.0,1000,0.323,0.584,0.695,19.726237277031185,5.484207495343876,1.057691658588067,5.762019667333629,-23.77887039118161,0.7828348407744576,3.8292211410349117
VRPBLTW,permuted_R45A,permutable_only,5,100.0,1000,0.323,0.584,0.695,19.726237277031185,5.484207495343876,1.057691658588067,5.762019667333629,-23.77887039118161,0.7828348407744576,3.8292211410349117
VRPBLTW,permuted_R45A,full,6,100.0,1000,0.288,0.57,0.672,19.773416162968257,5.775193371299616,1.2993895171744096,6.01496878237695,-29.21268657615813,0.8300137267115262,4.120207016990653
VRPBLTW,permuted_R45A,permutable_only,6,100.0,1000,0.288,0.57,0.672,19.773416162968257,5.775193371299616,1.2993895171744096,6.01496878237695,-29.21268657615813,0.8300137267115262,4.120207016990653
VRPBLTW,permuted_R45A,full,7,100.0,1000,0.311,0.577,0.677,19.76127268409745,5.556293357243335,1.2371783652880053,5.949861644450571,-27.814064486646966,0.8178702478407179,3.9013070029343706
VRPBLTW,permuted_R45A,permutable_only,7,100.0,1000,0.311,0.577,0.677,19.76127268409745,5.556293357243335,1.2371783652880053,5.949861644450571,-27.814064486646966,0.8178702478407179,3.9013070029343706
VRPBLTW,permuted_R45A,full,8,100.0,1000,0.305,0.582,0.689,19.759030464650305,5.591897234690014,1.2256914548175235,5.937840007787831,-27.555817432267375,0.8156280283935754,3.936910880381051
VRPBLTW,permuted_R45A,permutable_only,8,100.0,1000,0.305,0.582,0.689,19.759030464650305,5.591897234690014,1.2256914548175235,5.937840007787831,-27.555817432267375,0.8156280283935754,3.936910880381051
VRPBLTW,permuted_R45A,full,9,100.0,1000,0.286,0.586,0.696,19.745053169251555,5.557448391127833,1.1540856443027936,5.862900881278388,-25.945985990693547,0.8016507329948227,3.9024620368188687
VRPBLTW,permuted_R45A,permutable_only,9,100.0,1000,0.286,0.586,0.696,19.745053169251555,5.557448391127833,1.1540856443027936,5.862900881278388,-25.945985990693547,0.8016507329948227,3.9024620368188687
VRPBLTW,permuted_R45A,full,10,100.0,1000,0.281,0.571,0.667,19.80652413034467,5.899698697703437,1.4690019329423043,6.192476811284564,-33.025888295706686,0.8631216940879404,4.244712343394474
VRPBLTW,permuted_R45A,permutable_only,10,100.0,1000,0.281,0.571,0.667,19.80652413034467,5.899698697703437,1.4690019329423043,6.192476811284564,-33.025888295706686,0.8631216940879404,4.244712343394474
VRPBLTW,permuted_R45A,full,11,100.0,1000,0.302,0.568,0.679,19.78108794069361,5.732170021173675,1.33869210372215,6.056100940288123,-30.09628162389129,0.8376855044368796,4.077183666864711
VRPBLTW,permuted_R45A,permutable_only,11,100.0,1000,0.302,0.568,0.679,19.78108794069361,5.732170021173675,1.33869210372215,6.056100940288123,-30.09628162389129,0.8376855044368796,4.077183666864711
VRPBLTW,permuted_R45A,full,12,100.0,1000,0.314,0.575,0.68,19.75448940229479,5.625049068059819,1.2024275513735416,5.913493148353388,-27.032801730767066,0.8110869660380611,3.9700627137508544
VRPBLTW,permuted_R45A,permutable_only,12,100.0,1000,0.314,0.575,0.68,19.75448940229479,5.625049068059819,1.2024275513735416,5.913493148353388,-27.032801730767066,0.8110869660380611,3.9700627137508544
VRPBLTW,permuted_R45A,full,13,100.0,1000,0.298,0.568,0.673,19.788674252986667,5.812226189029008,1.3775568500886681,6.0967748761570295,-30.97003321220313,0.8452718167299375,4.157239834720044
VRPBLTW,permuted_R45A,permutable_only,13,100.0,1000,0.298,0.568,0.673,19.788674252986667,5.812226189029008,1.3775568500886681,6.0967748761570295,-30.97003321220313,0.8452718167299375,4.157239834720044
VRPBLTW,permuted_R45A,full,14,100.0,1000,0.289,0.575,0.681,19.820072213650352,5.922287830775831,1.538408886029341,6.2651147215412095,-34.586285343657764,0.876669777393622,4.267301476466866
VRPBLTW,permuted_R45A,permutable_only,14,100.0,1000,0.289,0.575,0.681,19.820072213650352,5.922287830775831,1.538408886029341,6.2651147215412095,-34.586285343657764,0.876669777393622,4.267301476466866
VRPBLTW,permuted_R45A,full,15,100.0,1000,0.299,0.564,0.688,19.80784137487433,5.826810918635058,1.4757501885598323,6.199539204375348,-33.17760159928871,0.8644389386175997,4.1718245643260925
VRPBLTW,permuted_R45A,permutable_only,15,100.0,1000,0.299,0.564,0.688,19.80784137487433,5.826810918635058,1.4757501885598323,6.199539204375348,-33.17760159928871,0.8644389386175997,4.1718245643260925
VRPBLTW,permuted_R45A,full,16,100.0,1000,0.307,0.579,0.687,19.725930379390636,5.500398583367207,1.0561194192048706,5.7603742387686285,-23.743523533509535,0.7825279431339061,3.8454122290582426
VRPBLTW,permuted_R45A,permutable_only,16,100.0,1000,0.307,0.579,0.687,19.725930379390636,5.500398583367207,1.0561194192048706,5.7603742387686285,-23.743523533509535,0.7825279431339061,3.8454122290582426
VRPBLTW,permuted_R45A,full,17,100.0,1000,0.305,0.575,0.672,19.767750951767873,5.621728269711358,1.270366589049332,5.984594810393329,-28.560197317445745,0.8243485155111445,3.9667419154023937
VRPBLTW,permuted_R45A,permutable_only,17,100.0,1000,0.305,0.575,0.672,19.767750951767873,5.621728269711358,1.270366589049332,5.984594810393329,-28.560197317445745,0.8243485155111445,3.9667419154023937
VRPBLTW,permuted_R45A,full,18,100.0,1000,0.31,0.566,0.671,19.72385255622875,5.611781866185602,1.0454747123879393,5.749234011110094,-23.50421077946019,0.7804501199720201,3.9567955118766376
VRPBLTW,permuted_R45A,permutable_only,18,100.0,1000,0.31,0.566,0.671,19.72385255622875,5.611781866185602,1.0454747123879393,5.749234011110094,-23.50421077946019,0.7804501199720201,3.9567955118766376
VRPBLTW,permuted_R45A,full,19,100.0,1000,0.274,0.566,0.675,19.796931025505664,5.910291676984578,1.4198563702455758,6.14104347767892,-31.921004886465234,0.8535285892489335,4.255305322675613
VRPBLTW,permuted_R45A,permutable_only,19,100.0,1000,0.274,0.566,0.675,19.796931025505664,5.910291676984578,1.4198563702455758,6.14104347767892,-31.921004886465234,0.8535285892489335,4.255305322675613
VRPBLTW,permuted_R45A,full,20,100.0,1000,0.296,0.578,0.691,19.712718035221915,5.459148064668552,0.9884324607475348,5.689536390465411,-22.221795155242244,0.7693155989651845,3.804161710359588
VRPBLTW,permuted_R45A,permutable_only,20,100.0,1000,0.296,0.578,0.691,19.712718035221915,5.459148064668552,0.9884324607475348,5.689536390465411,-22.221795155242244,0.7693155989651845,3.804161710359588
VRPBLTW,permuted_R45A,full,21,100.0,1000,0.303,0.572,0.693,19.71573780632089,5.410813112701084,1.003902775350074,5.705726862367144,-22.569596523304025,0.7723353700641612,3.7558267583921197
VRPBLTW,permuted_R45A,permutable_only,21,100.0,1000,0.303,0.572,0.693,19.71573780632089,5.410813112701084,1.003902775350074,5.705726862367144,-22.569596523304025,0.7723353700641612,3.7558267583921197
VRPBLTW,permuted_R45A,full,22,100.0,1000,0.291,0.563,0.668,19.725714075565236,5.655116350259364,1.0550112927545596,5.759214528018175,-23.71861079544911,0.7823116393085056,4.0001299959504
VRPBLTW,permuted_R45A,permutable_only,22,100.0,1000,0.291,0.563,0.668,19.725714075565236,5.655116350259364,1.0550112927545596,5.759214528018175,-23.71861079544911,0.7823116393085056,4.0001299959504
VRPBLTW,permuted_R45A,full,23,100.0,1000,0.302,0.574,0.674,19.7659781594282,5.712654739068992,1.2612845578884535,5.975090002372352,-28.35601641074183,0.822575723171469,4.057668384760028
VRPBLTW,permuted_R45A,permutable_only,23,100.0,1000,0.302,0.574,0.674,19.7659781594282,5.712654739068992,1.2612845578884535,5.975090002372352,-28.35601641074183,0.822575723171469,4.057668384760028
VRPBLTW,permuted_R45A,full,24,100.0,1000,0.309,0.575,0.672,19.784359791278984,5.732032563136787,1.3554538238092606,6.07364293378132,-30.47311618266713,0.8409573550222558,4.077046208827823
VRPBLTW,permuted_R45A,permutable_only,24,100.0,1000,0.309,0.575,0.672,19.784359791278984,5.732032563136787,1.3554538238092606,6.07364293378132,-30.47311618266713,0.8409573550222558,4.077046208827823
VRPBLTW,permuted_R45A,full,25,100.0,1000,0.311,0.578,0.687,19.700811609269405,5.429832987941056,0.927435733101678,5.625700209339102,-20.850475575287135,0.7574091730126771,3.7748466336320927
VRPBLTW,permuted_R45A,permutable_only,25,100.0,1000,0.311,0.578,0.687,19.700811609269405,5.429832987941056,0.927435733101678,5.625700209339102,-20.850475575287135,0.7574091730126771,3.7748466336320927
VRPBLTW,permuted_R45A,full,26,100.0,1000,0.316,0.576,0.693,19.774172916412123,5.5674563867480735,1.3032663718993032,6.019026108236392,-29.299845461529074,0.830770480155395,3.9124700324391095
VRPBLTW,permuted_R45A,permutable_only,26,100.0,1000,0.316,0.576,0.693,19.774172916412123,5.5674563867480735,1.3032663718993032,6.019026108236392,-29.299845461529074,0.830770480155395,3.9124700324391095
VRPBLTW,permuted_R45A,full,27,100.0,1000,0.3,0.586,0.699,19.781555405140434,5.749486379126548,1.3410869283035032,6.058607246144865,-30.150121722626228,0.838152968883701,4.094500024817584
VRPBLTW,permuted_R45A,permutable_only,27,100.0,1000,0.3,0.586,0.699,19.781555405140434,5.749486379126548,1.3410869283035032,6.058607246144865,-30.150121722626228,0.838152968883701,4.094500024817584
VRPBLTW,permuted_R45A,full,28,100.0,1000,0.296,0.586,0.696,19.69452754926856,5.447382514747646,0.895242436984911,5.592008285833039,-20.126710563423647,0.7511251130118328,3.7923961604386816
VRPBLTW,permuted_R45A,permutable_only,28,100.0,1000,0.296,0.586,0.696,19.69452754926856,5.447382514747646,0.895242436984911,5.592008285833039,-20.126710563423647,0.7511251130118328,3.7923961604386816
VRPBLTW,permuted_R45A,full,29,100.0,1000,0.3,0.57,0.685,19.736514248371662,5.640192768489646,1.1103406755457845,5.8171195442015655,-24.96251795074695,0.7931118121149356,3.9852064141806824
VRPBLTW,permuted_R45A,permutable_only,29,100.0,1000,0.3,0.57,0.685,19.736514248371662,5.640192768489646,1.1103406755457845,5.8171195442015655,-24.96251795074695,0.7931118121149356,3.9852064141806824
VRPBLTW,permuted_R45A,full,30,100.0,1000,0.314,0.58,0.685,19.765050696849382,5.6898486510056365,1.256533158724027,5.9701174212295705,-28.24919614418303,0.8216482605926533,4.034862296696673
VRPBLTW,permuted_R45A,permutable_only,30,100.0,1000,0.314,0.58,0.685,19.765050696849382,5.6898486510056365,1.256533158724027,5.9701174212295705,-28.24919614418303,0.8216482605926533,4.034862296696673
VRPBLTW,permuted_R45A,full,31,100.0,1000,0.303,0.576,0.672,19.755604235173074,5.60344123325151,1.2081388502736878,5.919470313442843,-27.161202323897616,0.812201798916342,3.9484548789425453
VRPBLTW,permuted_R45A,permutable_only,31,100.0,1000,0.303,0.576,0.672,19.755604235173074,5.60344123325151,1.2081388502736878,5.919470313442843,-27.161202323897616,0.812201798916342,3.9484548789425453
VRPBLTW,permuted_R45A,full,32,100.0,1000,0.316,0.576,0.692,19.686572277070766,5.371380020576307,0.854487505695456,5.549356175203624,-19.21046411195117,0.7431698408140374,3.7163936662673422
VRPBLTW,permuted_R45A,permutable_only,32,100.0,1000,0.316,0.576,0.692,19.686572277070766,5.371380020576307,0.854487505695456,5.549356175203624,-19.21046411195117,0.7431698408140374,3.7163936662673422
VRPBLTW,permuted_R45A,full,33,100.0,1000,0.315,0.577,0.686,19.76599099779217,5.647478804330951,1.2613503289429673,5.975158835129646,-28.35749506604566,0.8225885615354392,3.992492450021986
VRPBLTW,permuted_R45A,permutable_only,33,100.0,1000,0.315,0.577,0.686,19.76599099779217,5.647478804330951,1.2613503289429673,5.975158835129646,-28.35749506604566,0.8225885615354392,3.992492450021986
VRPBLTW,permuted_R45A,full,34,100.0,1000,0.302,0.567,0.697,19.74509400320097,5.689642950205431,1.1542948369942962,5.863119812081075,-25.950689030428574,0.8016915669442394,4.034656595896466
VRPBLTW,permuted_R45A,permutable_only,34,100.0,1000,0.302,0.567,0.697,19.74509400320097,5.689642950205431,1.1542948369942962,5.863119812081075,-25.950689030428574,0.8016915669442394,4.034656595896466
VRPBLTW,permuted_R45A,full,35,100.0,1000,0.275,0.547,0.662,19.777506395817838,5.790459744286779,1.3203438169894,6.03689852402034,-29.683778104008564,0.834103959561106,4.135473389977815
VRPBLTW,permuted_R45A,permutable_only,35,100.0,1000,0.275,0.547,0.662,19.777506395817838,5.790459744286779,1.3203438169894,6.03689852402034,-29.683778104008564,0.834103959561106,4.135473389977815
VRPBLTW,permuted_R45A,full,36,100.0,1000,0.287,0.568,0.693,19.754759859562327,5.626227732606101,1.2038131063968338,5.914943202230694,-27.063951577748263,0.8113574233055942,3.9712413782971376
VRPBLTW,permuted_R45A,permutable_only,36,100.0,1000,0.287,0.568,0.693,19.754759859562327,5.626227732606101,1.2038131063968338,5.914943202230694,-27.063951577748263,0.8113574233055942,3.9712413782971376
VRPBLTW,permuted_R45A,full,37,100.0,1000,0.295,0.583,0.679,19.76324284696674,5.729169055412611,1.2472715274539858,5.960424652550067,-28.040977493886572,0.8198404107100089,4.074182701103647
VRPBLTW,permuted_R45A,permutable_only,37,100.0,1000,0.295,0.583,0.679,19.76324284696674,5.729169055412611,1.2472715274539858,5.960424652550067,-28.040977493886572,0.8198404107100089,4.074182701103647
VRPBLTW,permuted_R45A,full,38,100.0,1000,0.298,0.555,0.667,19.803267579555964,5.806485265697671,1.4523185938516425,6.17501684749493,-32.65081588711972,0.8598651432992335,4.151498911388708
VRPBLTW,permuted_R45A,permutable_only,38,100.0,1000,0.298,0.555,0.667,19.803267579555964,5.806485265697671,1.4523185938516425,6.17501684749493,-32.65081588711972,0.8598651432992335,4.151498911388708
VRPBLTW,permuted_R45A,full,39,100.0,1000,0.289,0.574,0.682,19.713236428738412,5.448405446739543,0.9910881954126038,5.6923157520089696,-22.281500996619812,0.7698339924816794,3.7934190924305797
VRPBLTW,permuted_R45A,permutable_only,39,100.0,1000,0.289,0.574,0.682,19.713236428738412,5.448405446739543,0.9910881954126038,5.6923157520089696,-22.281500996619812,0.7698339924816794,3.7934190924305797
VRPBLTW,permuted_R45A,full,40,100.0,1000,0.304,0.566,0.672,19.79061656761232,5.770364940156095,1.3875073454511,6.107188576182732,-31.19373880506681,0.8472141313555897,4.1153785858471315
VRPBLTW,permuted_R45A,permutable_only,40,100.0,1000,0.304,0.566,0.672,19.79061656761232,5.770364940156095,1.3875073454511,6.107188576182732,-31.19373880506681,0.8472141313555897,4.1153785858471315
VRPBLTW,permuted_R45A,full,41,100.0,1000,0.301,0.574,0.676,19.789177999020083,5.740684801419151,1.380137545565674,6.0994757053696835,-31.028052033443366,0.8457755627633571,4.085698447110187
VRPBLTW,permuted_R45A,permutable_only,41,100.0,1000,0.301,0.574,0.676,19.789177999020083,5.740684801419151,1.380137545565674,6.0994757053696835,-31.028052033443366,0.8457755627633571,4.085698447110187
VRPBLTW,permuted_R45A,full,42,100.0,1000,0.303,0.578,0.688,19.798448190213122,5.796876025885514,1.4276288187388353,6.149177740760892,-32.095743945663386,0.8550457539563918,4.141889671576552
VRPBLTW,permuted_R45A,permutable_only,42,100.0,1000,0.303,0.578,0.688,19.798448190213122,5.796876025885514,1.4276288187388353,6.149177740760892,-32.095743945663386,0.8550457539563918,4.141889671576552
VRPBLTW,permuted_R45A,full,43,100.0,1000,0.27,0.567,0.669,19.759519361019212,5.773062927258382,1.228196075329202,5.940461220675908,-27.612125947175635,0.8161169247624837,4.118076572949419
VRPBLTW,permuted_R45A,permutable_only,43,100.0,1000,0.27,0.567,0.669,19.759519361019212,5.773062927258382,1.228196075329202,5.940461220675908,-27.612125947175635,0.8161169247624837,4.118076572949419
VRPBLTW,permuted_R45A,full,44,100.0,1000,0.285,0.566,0.682,19.79941211557414,5.812827475272437,1.4325670170656446,6.154345816737972,-32.206763803885316,0.856009679317407,4.1578411209634725
VRPBLTW,permuted_R45A,permutable_only,44,100.0,1000,0.285,0.566,0.682,19.79941211557414,5.812827475272437,1.4325670170656446,6.154345816737972,-32.206763803885316,0.856009679317407,4.1578411209634725
VRPBLTW,permuted_R45A,full,45,100.0,1000,0.285,0.57,0.689,19.760871719361177,5.67781173854533,1.2351242193241685,5.9477118761126935,-27.76788347515664,0.8174692831044501,4.0228253842363655
VRPBLTW,permuted_R45A,permutable_only,45,100.0,1000,0.285,0.57,0.689,19.760871719361177,5.67781173854533,1.2351242193241685,5.9477118761126935,-27.76788347515664,0.8174692831044501,4.0228253842363655
VRPBLTW,permuted_R45A,full,46,100.0,1000,0.309,0.55,0.655,19.798005752562624,5.815296215929947,1.4253622066610072,6.146805615817019,-32.0447863018282,0.8546033163058955,4.160309861620982
VRPBLTW,permuted_R45A,permutable_only,46,100.0,1000,0.309,0.55,0.655,19.798005752562624,5.815296215929947,1.4253622066610072,6.146805615817019,-32.0447863018282,0.8546033163058955,4.160309861620982
VRPBLTW,permuted_R45A,full,47,100.0,1000,0.312,0.581,0.691,19.739395486355736,5.523085289217621,1.1251012837499852,5.832567272222811,-25.29436380254411,0.7959930500990093,3.8680989349086574
VRPBLTW,permuted_R45A,permutable_only,47,100.0,1000,0.312,0.581,0.691,19.739395486355736,5.523085289217621,1.1251012837499852,5.832567272222811,-25.29436380254411,0.7959930500990093,3.8680989349086574
VRPBLTW,permuted_R45A,full,48,100.0,1000,0.307,0.575,0.687,19.727635542870523,5.566373858735213,1.0648549871065338,5.769516455348667,-23.939915303493216,0.7842331066137944,3.91138750442625
VRPBLTW,permuted_R45A,permutable_only,48,100.0,1000,0.307,0.575,0.687,19.727635542870523,5.566373858735213,1.0648549871065338,5.769516455348667,-23.939915303493216,0.7842331066137944,3.91138750442625
VRPBLTW,permuted_R45A,full,49,100.0,1000,0.297,0.586,0.696,19.751835968017584,5.661450552380409,1.188833983616222,5.899266787579616,-26.727193112952552,0.8084335317608531,4.006464198071444
VRPBLTW,permuted_R45A,permutable_only,49,100.0,1000,0.297,0.586,0.696,19.751835968017584,5.661450552380409,1.188833983616222,5.899266787579616,-26.727193112952552,0.8084335317608531,4.006464198071444
VRPBLTW,permuted_R45A,full,50,100.0,1000,0.321,0.588,0.69,19.708428523540807,5.299306980943588,0.9664572536795424,5.666538217402328,-21.727751738669404,0.7650260872840756,3.6443206266346237
VRPBLTW,permuted_R45A,permutable_only,50,100.0,1000,0.321,0.588,0.69,19.708428523540807,5.299306980943588,0.9664572536795424,5.666538217402328,-21.727751738669404,0.7650260872840756,3.6443206266346237
VRPBLTW,permuted_R45A,full,51,100.0,1000,0.297,0.579,0.681,19.73255297946985,5.5414401321858495,1.0900470591994837,5.795881241446854,-24.50627981277106,0.7891505432131223,3.8864537778768864
VRPBLTW,permuted_R45A,permutable_only,51,100.0,1000,0.297,0.579,0.681,19.73255297946985,5.5414401321858495,1.0900470591994837,5.795881241446854,-24.50627981277106,0.7891505432131223,3.8864537778768864
VRPBLTW,permuted_R45A,full,52,100.0,1000,0.289,0.57,0.686,19.77169993782107,5.665412218390625,1.2905972802512933,6.005767258780659,-29.015020781457235,0.8282975015643376,4.01042586408166
VRPBLTW,permuted_R45A,permutable_only,52,100.0,1000,0.289,0.57,0.686,19.77169993782107,5.665412218390625,1.2905972802512933,6.005767258780659,-29.015020781457235,0.8282975015643376,4.01042586408166
VRPBLTW,permuted_R45A,full,53,100.0,1000,0.32,0.589,0.686,19.689865812302674,5.448761605503931,0.8713603164225425,5.567014430707706,-19.589796194374696,0.7464633760459425,3.793775251194966
VRPBLTW,permuted_R45A,permutable_only,53,100.0,1000,0.32,0.589,0.686,19.689865812302674,5.448761605503931,0.8713603164225425,5.567014430707706,-19.589796194374696,0.7464633760459425,3.793775251194966
VRPBLTW,permuted_R45A,full,54,100.0,1000,0.296,0.582,0.677,19.754813794613963,5.540957068557602,1.2040894161532867,5.915232374459123,-27.070163533598716,0.8114113583572325,3.8859707142486375
VRPBLTW,permuted_R45A,permutable_only,54,100.0,1000,0.296,0.582,0.677,19.754813794613963,5.540957068557602,1.2040894161532867,5.915232374459123,-27.070163533598716,0.8114113583572325,3.8859707142486375
VRPBLTW,permuted_R45A,full,55,100.0,1000,0.291,0.569,0.689,19.768991006852136,5.715759459653589,1.2767194024412287,5.991243353061093,-28.703020346292192,0.8255885705954042,4.060773105344625
VRPBLTW,permuted_R45A,permutable_only,55,100.0,1000,0.291,0.569,0.689,19.768991006852136,5.715759459653589,1.2767194024412287,5.991243353061093,-28.703020346292192,0.8255885705954042,4.060773105344625
VRPBLTW,permuted_R45A,full,56,100.0,1000,0.281,0.589,0.694,19.789822302342078,5.725098751592822,1.3834383173010112,6.102930131049322,-31.102259504636255,0.8464198660853457,4.070112397283858
VRPBLTW,permuted_R45A,permutable_only,56,100.0,1000,0.281,0.589,0.694,19.789822302342078,5.725098751592822,1.3834383173010112,6.102930131049322,-31.102259504636255,0.8464198660853457,4.070112397283858
VRPBLTW,permuted_R45A,full,57,100.0,1000,0.305,0.57,0.674,19.75434822082469,5.6269714407879805,1.2017042774276288,5.912736205343538,-27.016541190866157,0.8109457845679602,3.971985086479016
VRPBLTW,permuted_R45A,permutable_only,57,100.0,1000,0.305,0.57,0.674,19.75434822082469,5.6269714407879805,1.2017042774276288,5.912736205343538,-27.016541190866157,0.8109457845679602,3.971985086479016
VRPBLTW,permuted_R45A,full,58,100.0,1000,0.289,0.571,0.679,19.759794044019895,5.527502492332053,1.2296032788215339,5.941933930778309,-27.643762491896908,0.8163916077631665,3.8725161380230886
VRPBLTW,permuted_R45A,permutable_only,58,100.0,1000,0.289,0.571,0.679,19.759794044019895,5.527502492332053,1.2296032788215339,5.941933930778309,-27.643762491896908,0.8163916077631665,3.8725161380230886
VRPBLTW,permuted_R45A,full,59,100.0,1000,0.303,0.562,0.669,19.708785859585646,5.5042073115207915,0.9682878894632818,5.66845407095673,-21.768907826723556,0.7653834233289172,3.8492209572118266
VRPBLTW,permuted_R45A,permutable_only,59,100.0,1000,0.303,0.562,0.669,19.708785859585646,5.5042073115207915,0.9682878894632818,5.66845407095673,-21.768907826723556,0.7653834233289172,3.8492209572118266
VRPBLTW,permuted_R45A,full,60,100.0,1000,0.307,0.568,0.674,19.749514091969804,5.562958912759668,1.176938991661558,5.886818072866218,-26.459771629860175,0.8061116557130737,3.9079725584507035
VRPBLTW,permuted_R45A,permutable_only,60,100.0,1000,0.307,0.568,0.674,19.749514091969804,5.562958912759668,1.176938991661558,5.886818072866218,-26.459771629860175,0.8061116557130737,3.9079725584507035
VRPBLTW,permuted_R45A,full,61,100.0,1000,0.299,0.592,0.706,19.735185001849967,5.590655244486801,1.1035309336147048,5.809992802553077,-24.809422320785544,0.7917825655932368,3.9356688901778374
VRPBLTW,permuted_R45A,permutable_only,61,100.0,1000,0.299,0.592,0.706,19.735185001849967,5.590655244486801,1.1035309336147048,5.809992802553077,-24.809422320785544,0.7917825655932368,3.9356688901778374
VRPBLTW,permuted_R45A,full,62,100.0,1000,0.291,0.556,0.674,19.837014464855574,5.907485336260261,1.625204191908236,6.355950428321533,-36.537604815924816,0.8936120285988434,4.2524989819512955
VRPBLTW,permuted_R45A,permutable_only,62,100.0,1000,0.291,0.556,0.674,19.837014464855574,5.907485336260261,1.625204191908236,6.355950428321533,-36.537604815924816,0.8936120285988434,4.2524989819512955
VRPBLTW,permuted_R45A,full,63,100.0,1000,0.307,0.577,0.681,19.682884302616213,5.342483922308491,0.8355939792697553,5.529583137836314,-18.785702592409073,0.739481866359487,3.6874975679995274
VRPBLTW,permuted_R45A,permutable_only,63,100.0,1000,0.307,0.577,0.681,19.682884302616213,5.342483922308491,0.8355939792697553,5.529583137836314,-18.785702592409073,0.739481866359487,3.6874975679995274
VRPBLTW,permuted_R45A,full,64,100.0,1000,0.307,0.564,0.68,19.76055571222403,5.569898484337764,1.2335053119076456,5.946017607074738,-27.731487433531356,0.8171532759673001,3.914912130028801
VRPBLTW,permuted_R45A,permutable_only,64,100.0,1000,0.307,0.564,0.68,19.76055571222403,5.569898484337764,1.2335053119076456,5.946017607074738,-27.731487433531356,0.8171532759673001,3.914912130028801
VRPBLTW,permuted_R45A,full,65,100.0,1000,0.291,0.569,0.678,19.775150941372377,5.75328563355302,1.3082768026002833,6.024269779070757,-29.41248923750608,0.8317485051156489,4.0982992792440545
VRPBLTW,permuted_R45A,permutable_only,65,100.0,1000,0.291,0.569,0.678,19.775150941372377,5.75328563355302,1.3082768026002833,6.024269779070757,-29.41248923750608,0.8317485051156489,4.0982992792440545
VRPBLTW,permuted_R45A,full,66,100.0,1000,0.295,0.574,0.689,19.771144261837044,5.677211718293632,1.287750547168498,6.002788007668269,-28.95102094136726,0.8277418255803154,4.022225363984669
VRPBLTW,permuted_R45A,permutable_only,66,100.0,1000,0.295,0.574,0.689,19.771144261837044,5.677211718293632,1.287750547168498,6.002788007668269,-28.95102094136726,0.8277418255803154,4.022225363984669
VRPBLTW,permuted_R45A,full,67,100.0,1000,0.333,0.578,0.682,19.727049784660643,5.5408752401298615,1.0618541425091,5.766375918689626,-23.87245075069362,0.7836473484039124,3.8858888858208975
VRPBLTW,permuted_R45A,permutable_only,67,100.0,1000,0.333,0.578,0.682,19.727049784660643,5.5408752401298615,1.0618541425091,5.766375918689626,-23.87245075069362,0.7836473484039124,3.8858888858208975
VRPBLTW,permuted_R45A,full,68,100.0,1000,0.311,0.593,0.697,19.7222963094705,5.482960058467397,1.0375020461956597,5.740890210012006,-23.324970455005168,0.7788938732137708,3.827973704158433
VRPBLTW,permuted_R45A,permutable_only,68,100.0,1000,0.311,0.593,0.697,19.7222963094705,5.482960058467397,1.0375020461956597,5.740890210012006,-23.324970455005168,0.7788938732137708,3.827973704158433
VRPBLTW,permuted_R45A,full,69,100.0,1000,0.272,0.569,0.67,19.825533921241927,6.011780762365372,1.5663892633292376,6.294397611004876,-35.215336125999144,0.8821314849851979,4.356794408056406
VRPBLTW,permuted_R45A,permutable_only,69,100.0,1000,0.272,0.569,0.67,19.825533921241927,6.011780762365372,1.5663892633292376,6.294397611004876,-35.215336125999144,0.8821314849851979,4.356794408056406
VRPBLTW,permuted_R45A,full,70,100.0,1000,0.304,0.567,0.675,19.769714130878565,5.728127140914963,1.2804239733569922,5.995120375142449,-28.786305972065463,0.8263116946218332,4.0731407866059985
VRPBLTW,permuted_R45A,permutable_only,70,100.0,1000,0.304,0.567,0.675,19.769714130878565,5.728127140914963,1.2804239733569922,5.995120375142449,-28.786305972065463,0.8263116946218332,4.0731407866059985
VRPBLTW,permuted_R45A,full,71,100.0,1000,0.284,0.568,0.685,19.766350368977324,5.69197639785081,1.263191390768914,5.977085600068044,-28.39888555086793,0.8229479327205947,4.036990043541847
VRPBLTW,permuted_R45A,permutable_only,71,100.0,1000,0.284,0.568,0.685,19.766350368977324,5.69197639785081,1.263191390768914,5.977085600068044,-28.39888555086793,0.8229479327205947,4.036990043541847
VRPBLTW,permuted_R45A,full,72,100.0,1000,0.276,0.557,0.66,19.796283976078172,5.826213343017356,1.4165415301869766,6.137574328782702,-31.846481133270288,0.852881539821442,4.171226988708393
VRPBLTW,permuted_R45A,permutable_only,72,100.0,1000,0.276,0.557,0.66,19.796283976078172,5.826213343017356,1.4165415301869766,6.137574328782702,-31.846481133270288,0.852881539821442,4.171226988708393
VRPBLTW,permuted_R45A,full,73,100.0,1000,0.31,0.582,0.693,19.692981751918566,5.388853734454378,0.8873233032054451,5.583720509130585,-19.94867374690586,0.7495793156618346,3.7338673801454147
VRPBLTW,permuted_R45A,permutable_only,73,100.0,1000,0.31,0.582,0.693,19.692981751918566,5.388853734454378,0.8873233032054451,5.583720509130585,-19.94867374690586,0.7495793156618346,3.7338673801454147
VRPBLTW,permuted_R45A,full,74,100.0,1000,0.282,0.581,0.694,19.72498288965204,5.398435112703188,1.0512654207201155,5.755294282213286,-23.634396643918475,0.7815804533953091,3.7434487583942246
VRPBLTW,permuted_R45A,permutable_only,74,100.0,1000,0.282,0.581,0.694,19.72498288965204,5.398435112703188,1.0512654207201155,5.755294282213286,-23.634396643918475,0.7815804533953091,3.7434487583942246
VRPBLTW,permuted_R45A,full,75,100.0,1000,0.299,0.577,0.68,19.760780939579256,5.6258185793282305,1.2346591536818163,5.9472251612392,-27.757427936869266,0.8173785033225272,3.970832225019265
VRPBLTW,permuted_R45A,permutable_only,75,100.0,1000,0.299,0.577,0.68,19.760780939579256,5.6258185793282305,1.2346591536818163,5.9472251612392,-27.757427936869266,0.8173785033225272,3.970832225019265
VRPBLTW,permuted_R45A,full,76,100.0,1000,0.283,0.571,0.696,19.757231960774202,5.71662000613485,1.2164777032233731,5.928197347626907,-27.34867520589636,0.8138295245174703,4.061633651825886
VRPBLTW,permuted_R45A,permutable_only,76,100.0,1000,0.283,0.571,0.696,19.757231960774202,5.71662000613485,1.2164777032233731,5.928197347626907,-27.34867520589636,0.8138295245174703,4.061633651825886
VRPBLTW,permuted_R45A,full,77,100.0,1000,0.298,0.583,0.693,19.75256980419101,5.55961986223753,1.1925934329577448,5.903201242727674,-26.811712507530714,0.8091673679342746,3.9046335079285655
VRPBLTW,permuted_R45A,permutable_only,77,100.0,1000,0.298,0.583,0.693,19.75256980419101,5.55961986223753,1.1925934329577448,5.903201242727674,-26.811712507530714,0.8091673679342746,3.9046335079285655
VRPBLTW,permuted_R45A,full,78,100.0,1000,0.312,0.581,0.678,19.689819159985156,5.373064782497341,0.8711213161787024,5.566764304783867,-19.584423025573372,0.7464167237284273,3.718078428188377
VRPBLTW,permuted_R45A,permutable_only,78,100.0,1000,0.312,0.581,0.678,19.689819159985156,5.373064782497341,0.8711213161787024,5.566764304783867,-19.584423025573372,0.7464167237284273,3.718078428188377
VRPBLTW,permuted_R45A,full,79,100.0,1000,0.334,0.592,0.697,19.698256350994328,5.315064645918469,0.9143451218896148,5.612000218197943,-20.55617435354086,0.7548539147375943,3.6600782916095045
VRPBLTW,permuted_R45A,permutable_only,79,100.0,1000,0.334,0.592,0.697,19.698256350994328,5.315064645918469,0.9143451218896148,5.612000218197943,-20.55617435354086,0.7548539147375943,3.6600782916095045
VRPBLTW,permuted_R45A,full,80,100.0,1000,0.275,0.566,0.673,19.729623649121283,5.638446468948899,1.0750400733777976,5.7801756667046345,-24.16889493512849,0.7862212128645539,3.9834601146399358
VRPBLTW,permuted_R45A,permutable_only,80,100.0,1000,0.275,0.566,0.673,19.729623649121283,5.638446468948899,1.0750400733777976,5.7801756667046345,-24.16889493512849,0.7862212128645539,3.9834601146399358
VRPBLTW,permuted_R45A,full,81,100.0,1000,0.32,0.563,0.685,19.752038486481812,5.623223939881041,1.1898714875367977,5.900352588256963,-26.750518125547075,0.8086360502250834,3.9682375855720764
VRPBLTW,permuted_R45A,permutable_only,81,100.0,1000,0.32,0.563,0.685,19.752038486481812,5.623223939881041,1.1898714875367977,5.900352588256963,-26.750518125547075,0.8086360502250834,3.9682375855720764
VRPBLTW,permuted_R45A,full,82,100.0,1000,0.311,0.57,0.667,19.741000670432925,5.482044624044434,1.133324656269008,5.8411734502565205,-25.479240470257896,0.7975982341761952,3.8270582697354705
VRPBLTW,permuted_R45A,permutable_only,82,100.0,1000,0.311,0.57,0.667,19.741000670432925,5.482044624044434,1.133324656269008,5.8411734502565205,-25.479240470257896,0.7975982341761952,3.8270582697354705
VRPBLTW,permuted_R45A,full,83,100.0,1000,0.311,0.565,0.681,19.784996479035108,5.751248509812838,1.3587155809319018,6.077056528682334,-30.546446532998385,0.8415940427783792,4.096262155503872
VRPBLTW,permuted_R45A,permutable_only,83,100.0,1000,0.311,0.565,0.681,19.784996479035108,5.751248509812838,1.3587155809319018,6.077056528682334,-30.546446532998385,0.8415940427783792,4.096262155503872
VRPBLTW,permuted_R45A,full,84,100.0,1000,0.277,0.575,0.673,19.767065472127097,5.774506239894246,1.2668548706611382,5.980919618301139,-28.481247374212927,0.8236630358703698,4.119519885585281
VRPBLTW,permuted_R45A,permutable_only,84,100.0,1000,0.277,0.575,0.673,19.767065472127097,5.774506239894246,1.2668548706611382,5.980919618301139,-28.481247374212927,0.8236630358703698,4.119519885585281
VRPBLTW,permuted_R45A,full,85,100.0,1000,0.311,0.574,0.694,19.750562838076583,5.535818920848682,1.1823117274346595,5.892440914405306,-26.580560695895933,0.8071604018198502,3.8808325665397176
VRPBLTW,permuted_R45A,permutable_only,85,100.0,1000,0.311,0.574,0.694,19.750562838076583,5.535818920848682,1.1823117274346595,5.892440914405306,-26.580560695895933,0.8071604018198502,3.8808325665397176
VRPBLTW,permuted_R45A,full,86,100.0,1000,0.284,0.557,0.682,19.820917475224224,5.974343919283627,1.5427391687032888,6.269646582835597,-34.68363813038465,0.8775150389674963,4.319357564974662
VRPBLTW,permuted_R45A,permutable_only,86,100.0,1000,0.284,0.557,0.682,19.820917475224224,5.974343919283627,1.5427391687032888,6.269646582835597,-34.68363813038465,0.8775150389674963,4.319357564974662
VRPBLTW,permuted_R45A,full,87,100.0,1000,0.296,0.567,0.67,19.78642281103154,5.809849858730013,1.366022692626534,6.084703793111945,-30.710723957812796,0.8430203747748101,4.154863504421049
VRPBLTW,permuted_R45A,permutable_only,87,100.0,1000,0.296,0.567,0.67,19.78642281103154,5.809849858730013,1.366022692626534,6.084703793111945,-30.710723957812796,0.8430203747748101,4.154863504421049
VRPBLTW,permuted_R45A,full,88,100.0,1000,0.283,0.561,0.684,19.811762064933777,5.930508899686596,1.4958359191303394,6.2205599440812165,-33.62916607941918,0.8683596286770471,4.2755225453776315
VRPBLTW,permuted_R45A,permutable_only,88,100.0,1000,0.283,0.561,0.684,19.811762064933777,5.930508899686596,1.4958359191303394,6.2205599440812165,-33.62916607941918,0.8683596286770471,4.2755225453776315
VRPBLTW,permuted_R45A,full,89,100.0,1000,0.309,0.579,0.687,19.802059506893325,5.831489821181342,1.4461296266944812,6.168539778254023,-32.51167642554724,0.8586570706365957,4.176503466872377
VRPBLTW,permuted_R45A,permutable_only,89,100.0,1000,0.309,0.579,0.687,19.802059506893325,5.831489821181342,1.4461296266944812,6.168539778254023,-32.51167642554724,0.8586570706365957,4.176503466872377
VRPBLTW,permuted_R45A,full,90,100.0,1000,0.289,0.568,0.694,19.77575306510894,5.869589377848356,1.311361487938667,6.027498059333958,-29.481838685677847,0.832350628852211,4.214603023539392
VRPBLTW,permuted_R45A,permutable_only,90,100.0,1000,0.289,0.568,0.694,19.77575306510894,5.869589377848356,1.311361487938667,6.027498059333958,-29.481838685677847,0.832350628852211,4.214603023539392
VRPBLTW,permuted_R45A,full,91,100.0,1000,0.311,0.567,0.672,19.804046179772712,5.823773897778174,1.456307369791232,6.179191304604004,-32.740490968999225,0.860643743515982,4.168787543469208
VRPBLTW,permuted_R45A,permutable_only,91,100.0,1000,0.311,0.567,0.672,19.804046179772712,5.823773897778174,1.456307369791232,6.179191304604004,-32.740490968999225,0.860643743515982,4.168787543469208
VRPBLTW,permuted_R45A,full,92,100.0,1000,0.291,0.571,0.677,19.763943450928107,5.715648939259763,1.2508607278731265,5.964180933532615,-28.121669376895618,0.8205410146713747,4.060662584950799
VRPBLTW,permuted_R45A,permutable_only,92,100.0,1000,0.291,0.571,0.677,19.763943450928107,5.715648939259763,1.2508607278731265,5.964180933532615,-28.121669376895618,0.8205410146713747,4.060662584950799
VRPBLTW,permuted_R45A,full,93,100.0,1000,0.301,0.564,0.679,19.74852320766572,5.649870079953527,1.1718626824260392,5.8815054567912695,-26.345646782229124,0.8051207714089885,3.994883725644563
VRPBLTW,permuted_R45A,permutable_only,93,100.0,1000,0.301,0.564,0.679,19.74852320766572,5.649870079953527,1.1718626824260392,5.8815054567912695,-26.345646782229124,0.8051207714089885,3.994883725644563
VRPBLTW,permuted_R45A,full,94,100.0,1000,0.289,0.565,0.673,19.723693395138717,5.598529030697832,1.0446593286868033,5.748380670551634,-23.48587944140808,0.7802909588819857,3.9435426763888684
VRPBLTW,permuted_R45A,permutable_only,94,100.0,1000,0.289,0.565,0.673,19.723693395138717,5.598529030697832,1.0446593286868033,5.748380670551634,-23.48587944140808,0.7802909588819857,3.9435426763888684
VRPBLTW,permuted_R45A,full,95,100.0,1000,0.304,0.567,0.687,19.758636939526543,5.637323387200352,1.2236754220557478,5.935730126856442,-27.510493276255175,0.8152345032698146,3.982337032891388
VRPBLTW,permuted_R45A,permutable_only,95,100.0,1000,0.304,0.567,0.687,19.758636939526543,5.637323387200352,1.2236754220557478,5.935730126856442,-27.510493276255175,0.8152345032698146,3.982337032891388
VRPBLTW,permuted_R45A,full,96,100.0,1000,0.3,0.576,0.68,19.730763093472437,5.5732346821648315,1.0808774570756574,5.7862847859544875,-24.300130148385453,0.7873606572157061,3.918248327855868
VRPBLTW,permuted_R45A,permutable_only,96,100.0,1000,0.3,0.576,0.68,19.730763093472437,5.5732346821648315,1.0808774570756574,5.7862847859544875,-24.300130148385453,0.7873606572157061,3.918248327855868
VRPBLTW,permuted_R45A,full,97,100.0,1000,0.31,0.584,0.684,19.754742816925717,5.645041563832285,1.2037257968156023,5.914851828308598,-27.06198869641249,0.8113403806689873,3.990055209523321
VRPBLTW,permuted_R45A,permutable_only,97,100.0,1000,0.31,0.584,0.684,19.754742816925717,5.645041563832285,1.2037257968156023,5.914851828308598,-27.06198869641249,0.8113403806689873,3.990055209523321
VRPBLTW,permuted_R45A,full,98,100.0,1000,0.292,0.579,0.688,19.727529555798924,5.400379452910712,1.0643120143818852,5.768948206746893,-23.927708269486057,0.7841271195421917,3.745393098601748
VRPBLTW,permuted_R45A,permutable_only,98,100.0,1000,0.292,0.579,0.688,19.727529555798924,5.400379452910712,1.0643120143818852,5.768948206746893,-23.927708269486057,0.7841271195421917,3.745393098601748
VRPBLTW,permuted_R45A,full,99,100.0,1000,0.314,0.587,0.693,19.745073504924914,5.553638860867424,1.1541898241409942,5.86300991078339,-25.948328146699005,0.8016710686681818,3.89865250655846
VRPBLTW,permuted_R45A,permutable_only,99,100.0,1000,0.314,0.587,0.693,19.745073504924914,5.553638860867424,1.1541898241409942,5.86300991078339,-25.948328146699005,0.8016710686681818,3.89865250655846
OVRPBLTW,R45A,full,-1,100.0,1000,0.501,0.92,0.999,10.532592489719201,1.159400559506863,-0.08140981796410651,1.1656455678105582,6.604259027982594,0.0,0.0
OVRPBLTW,R45A,permutable_only,-1,100.0,1000,0.501,0.92,0.999,10.532592489719201,1.159400559506863,-0.08140981796410651,1.1656455678105582,6.604259027982594,0.0,0.0
OVRPBLTW,conditional_majority,full,-1,100.0,1000,0.48,0.92,0.999,10.541439565181001,1.2659919320687514,0.002518930654993312,1.2506218071698383,-0.20434476989593647,0.008847075461800002,0.10659137256188837
OVRPBLTW,conditional_majority,permutable_only,-1,100.0,1000,0.48,0.92,0.999,10.541439565181001,1.2659919320687514,0.002518930654993312,1.2506218071698383,-0.20434476989593647,0.008847075461800002,0.10659137256188837
OVRPBLTW,conditional_mean_gap,full,-1,100.0,1000,0.466,0.92,0.992,10.542379752157798,1.2678413180410035,0.01143811720101251,1.2596523115356861,-0.9279014580437515,0.009787262438600003,0.10844075853414029
OVRPBLTW,conditional_mean_gap,permutable_only,-1,100.0,1000,0.466,0.92,0.992,10.542379752157798,1.2678413180410035,0.01143811720101251,1.2596523115356861,-0.9279014580437515,0.009787262438600003,0.10844075853414029
OVRPBLTW,permuted_R45A,full,0,100.0,1000,0.452,0.919,0.984,10.5536951069826,1.3916520642168744,0.11878246785421709,1.3683363963701956,-9.636063626112195,0.02110261726340001,0.23225150471001116
OVRPBLTW,permuted_R45A,permutable_only,0,100.0,1000,0.452,0.919,0.984,10.5536951069826,1.3916520642168744,0.11878246785421709,1.3683363963701956,-9.636063626112195,0.02110261726340001,0.23225150471001116
OVRPBLTW,permuted_R45A,full,1,100.0,1000,0.469,0.918,0.98,10.5529541087151,1.3921371750881526,0.11175290677625238,1.3612191013481434,-9.065800193851295,0.020361618995899992,0.23273661558128972
OVRPBLTW,permuted_R45A,permutable_only,1,100.0,1000,0.469,0.918,0.98,10.5529541087151,1.3921371750881526,0.11175290677625238,1.3612191013481434,-9.065800193851295,0.020361618995899992,0.23273661558128972
OVRPBLTW,permuted_R45A,full,2,100.0,1000,0.454,0.92,0.984,10.566013062476799,1.518181707910892,0.2356380993719931,1.4866504696491534,-19.115815316038372,0.033420572757599985,0.35878114840402864
OVRPBLTW,permuted_R45A,permutable_only,2,100.0,1000,0.454,0.92,0.984,10.566013062476799,1.518181707910892,0.2356380993719931,1.4866504696491534,-19.115815316038372,0.033420572757599985,0.35878114840402864
OVRPBLTW,permuted_R45A,full,3,100.0,1000,0.44,0.919,0.977,10.5609526476854,1.4743256157368088,0.18763192119826133,1.438045140076949,-15.221380424381659,0.0283601579662,0.3149250562299456
OVRPBLTW,permuted_R45A,permutable_only,3,100.0,1000,0.44,0.919,0.977,10.5609526476854,1.4743256157368088,0.18763192119826133,1.438045140076949,-15.221380424381659,0.0283601579662,0.3149250562299456
OVRPBLTW,permuted_R45A,full,4,100.0,1000,0.452,0.918,0.984,10.5567725133896,1.4319363981403863,0.14797662018706248,1.39789491258,-12.004398907164758,0.02418002367040002,0.2725358386335231
OVRPBLTW,permuted_R45A,permutable_only,4,100.0,1000,0.452,0.918,0.984,10.5567725133896,1.4319363981403863,0.14797662018706248,1.39789491258,-12.004398907164758,0.02418002367040002,0.2725358386335231
OVRPBLTW,permuted_R45A,full,5,100.0,1000,0.449,0.919,0.987,10.5504365916255,1.3762279603272447,0.08787020566562997,1.33703832706622,-7.128349056298587,0.01784410190630001,0.21682740082038177
OVRPBLTW,permuted_R45A,permutable_only,5,100.0,1000,0.449,0.919,0.987,10.5504365916255,1.3762279603272447,0.08787020566562997,1.33703832706622,-7.128349056298587,0.01784410190630001,0.21682740082038177
OVRPBLTW,permuted_R45A,full,6,100.0,1000,0.446,0.918,0.984,10.5586600003249,1.4392875051630263,0.1658824713577367,1.4160242415649504,-13.456986349379454,0.0260675106057,0.27988694565616334
OVRPBLTW,permuted_R45A,permutable_only,6,100.0,1000,0.446,0.918,0.984,10.5586600003249,1.4392875051630263,0.1658824713577367,1.4160242415649504,-13.456986349379454,0.0260675106057,0.27988694565616334
OVRPBLTW,permuted_R45A,full,7,100.0,1000,0.447,0.919,0.988,10.558149595737301,1.4530330264598688,0.16104046243494707,1.411121800911741,-13.064185063961723,0.0255571060181,0.2936324669530056
OVRPBLTW,permuted_R45A,permutable_only,7,100.0,1000,0.447,0.919,0.988,10.558149595737301,1.4530330264598688,0.16104046243494707,1.411121800911741,-13.064185063961723,0.0255571060181,0.2936324669530056
OVRPBLTW,permuted_R45A,full,8,100.0,1000,0.471,0.917,0.983,10.5561926283835,1.4299953968823476,0.1424754776778725,1.392325111882342,-11.558126320035091,0.023600138664299997,0.2705948373754844
OVRPBLTW,permuted_R45A,permutable_only,8,100.0,1000,0.471,0.917,0.983,10.5561926283835,1.4299953968823476,0.1424754776778725,1.392325111882342,-11.558126320035091,0.023600138664299997,0.2705948373754844
OVRPBLTW,permuted_R45A,full,9,100.0,1000,0.463,0.919,0.979,10.5510147662167,1.382190273064619,0.09335512213686226,1.342591699213358,-7.5733053285123235,0.0184222764975,0.2227897135577557
OVRPBLTW,permuted_R45A,permutable_only,9,100.0,1000,0.463,0.919,0.979,10.5510147662167,1.382190273064619,0.09335512213686226,1.342591699213358,-7.5733053285123235,0.0184222764975,0.2227897135577557
OVRPBLTW,permuted_R45A,full,10,100.0,1000,0.47,0.919,0.982,10.5478826966279,1.3548941548795894,0.06364240155354306,1.31250814265087,-5.16290191445778,0.015290206908700006,0.19549359537272654
OVRPBLTW,permuted_R45A,permutable_only,10,100.0,1000,0.47,0.919,0.982,10.5478826966279,1.3548941548795894,0.06364240155354306,1.31250814265087,-5.16290191445778,0.015290206908700006,0.19549359537272654
OVRPBLTW,permuted_R45A,full,11,100.0,1000,0.442,0.919,0.979,10.5601112842568,1.4758860729769154,0.17965023504658006,1.4299638367800904,-14.57387716072129,0.02751879453760002,0.31648551347005244
OVRPBLTW,permuted_R45A,permutable_only,11,100.0,1000,0.442,0.919,0.979,10.5601112842568,1.4758860729769154,0.17965023504658006,1.4299638367800904,-14.57387716072129,0.02751879453760002,0.31648551347005244
OVRPBLTW,permuted_R45A,full,12,100.0,1000,0.476,0.918,0.982,10.551196960926001,1.4048718665279971,0.09508353216600707,1.344341681034411,-7.7135202046102105,0.018604471206800012,0.245471307021134
OVRPBLTW,permuted_R45A,permutable_only,12,100.0,1000,0.476,0.918,0.982,10.551196960926001,1.4048718665279971,0.09508353216600707,1.344341681034411,-7.7135202046102105,0.018604471206800012,0.245471307021134
OVRPBLTW,permuted_R45A,full,13,100.0,1000,0.469,0.919,0.985,10.5559643845559,1.4425081434282572,0.14031021765343876,1.3901328278659975,-11.382472591506582,0.0233718948367,0.28310758392139407
OVRPBLTW,permuted_R45A,permutable_only,13,100.0,1000,0.469,0.919,0.985,10.5559643845559,1.4425081434282572,0.14031021765343876,1.3901328278659975,-11.382472591506582,0.0233718948367,0.28310758392139407
OVRPBLTW,permuted_R45A,full,14,100.0,1000,0.455,0.918,0.984,10.5596523222917,1.455754189776561,0.17529624218635131,1.4255555029785372,-14.220665504264643,0.027059832572500015,0.29635363026969797
OVRPBLTW,permuted_R45A,permutable_only,14,100.0,1000,0.455,0.918,0.984,10.5596523222917,1.455754189776561,0.17529624218635131,1.4255555029785372,-14.220665504264643,0.027059832572500015,0.29635363026969797
OVRPBLTW,permuted_R45A,full,15,100.0,1000,0.46,0.92,0.984,10.5557738642685,1.4368702094865253,0.13850282611744813,1.3883028787924578,-11.235850449765197,0.02318137454929999,0.27746964997966234
OVRPBLTW,permuted_R45A,permutable_only,15,100.0,1000,0.46,0.92,0.984,10.5557738642685,1.4368702094865253,0.13850282611744813,1.3883028787924578,-11.235850449765197,0.02318137454929999,0.27746964997966234
OVRPBLTW,permuted_R45A,full,16,100.0,1000,0.471,0.919,0.982,10.5533479409214,1.4065920884210021,0.11548903905898023,1.365001863230808,-9.36888876443197,0.02075545120220001,0.2471915289141391
OVRPBLTW,permuted_R45A,permutable_only,16,100.0,1000,0.471,0.919,0.982,10.5533479409214,1.4065920884210021,0.11548903905898023,1.365001863230808,-9.36888876443197,0.02075545120220001,0.2471915289141391
OVRPBLTW,permuted_R45A,full,17,100.0,1000,0.437,0.918,0.987,10.5587108640659,1.4761409727295467,0.16636499579765207,1.416512788254587,-13.496130478039003,0.026118374346700005,0.3167404132226837
OVRPBLTW,permuted_R45A,permutable_only,17,100.0,1000,0.437,0.918,0.987,10.5587108640659,1.4761409727295467,0.16636499579765207,1.416512788254587,-13.496130478039003,0.026118374346700005,0.3167404132226837
OVRPBLTW,permuted_R45A,full,18,100.0,1000,0.451,0.92,0.979,10.5584095044132,1.465876431648848,0.16350611450468566,1.4136182260807262,-13.264207682223178,0.025817014694000016,0.30647587214198496
OVRPBLTW,permuted_R45A,permutable_only,18,100.0,1000,0.451,0.92,0.979,10.5584095044132,1.465876431648848,0.16350611450468566,1.4136182260807262,-13.264207682223178,0.025817014694000016,0.30647587214198496
OVRPBLTW,permuted_R45A,full,19,100.0,1000,0.442,0.918,0.985,10.5569389944074,1.4487788540579205,0.14955596056378528,1.3994939642528736,-12.132520713626286,0.02434650468820001,0.2893782945510574
OVRPBLTW,permuted_R45A,permutable_only,19,100.0,1000,0.442,0.918,0.985,10.5569389944074,1.4487788540579205,0.14955596056378528,1.3994939642528736,-12.132520713626286,0.02434650468820001,0.2893782945510574
OVRPBLTW,permuted_R45A,full,20,100.0,1000,0.453,0.919,0.98,10.555335941790199,1.408145825345976,0.13434842664898916,1.3840966294507817,-10.898830531509212,0.02274345207100001,0.24874526583911297
OVRPBLTW,permuted_R45A,permutable_only,20,100.0,1000,0.453,0.919,0.98,10.555335941790199,1.408145825345976,0.13434842664898916,1.3840966294507817,-10.898830531509212,0.02274345207100001,0.24874526583911297
OVRPBLTW,permuted_R45A,full,21,100.0,1000,0.471,0.92,0.984,10.5492214331627,1.368415755401758,0.076342472054991,1.3253667191049034,-6.193177590815916,0.01662894344350002,0.20901519589489487
OVRPBLTW,permuted_R45A,permutable_only,21,100.0,1000,0.471,0.92,0.984,10.5492214331627,1.368415755401758,0.076342472054991,1.3253667191049034,-6.193177590815916,0.01662894344350002,0.20901519589489487
OVRPBLTW,permuted_R45A,full,22,100.0,1000,0.465,0.917,0.985,10.5545091295243,1.4113306442765945,0.1265047816931375,1.3761550902025244,-10.262525669180485,0.021916639805100006,0.25193008476973133
OVRPBLTW,permuted_R45A,permutable_only,22,100.0,1000,0.465,0.917,0.985,10.5545091295243,1.4113306442765945,0.1265047816931375,1.3761550902025244,-10.262525669180485,0.021916639805100006,0.25193008476973133
OVRPBLTW,permuted_R45A,full,23,100.0,1000,0.464,0.917,0.98,10.554829666138001,1.43173929673446,0.12954558732329868,1.3792338472592425,-10.509206825550113,0.022237176418800013,0.2723387372275969
OVRPBLTW,permuted_R45A,permutable_only,23,100.0,1000,0.464,0.917,0.98,10.554829666138001,1.43173929673446,0.12954558732329868,1.3792338472592425,-10.509206825550113,0.022237176418800013,0.2723387372275969
OVRPBLTW,permuted_R45A,full,24,100.0,1000,0.465,0.921,0.989,10.552466295242601,1.3800748053206786,0.10712521093674265,1.356533648558611,-8.690384761276,0.01987380552340002,0.2206742458138157
OVRPBLTW,permuted_R45A,permutable_only,24,100.0,1000,0.465,0.921,0.989,10.552466295242601,1.3800748053206786,0.10712521093674265,1.356533648558611,-8.690384761276,0.01987380552340002,0.2206742458138157
OVRPBLTW,permuted_R45A,full,25,100.0,1000,0.477,0.918,0.982,10.5472044296278,1.3266598204502704,0.05720794750219138,1.3059933820162684,-4.640915717686836,0.014611939908600014,0.16725926094340735
OVRPBLTW,permuted_R45A,permutable_only,25,100.0,1000,0.477,0.918,0.982,10.5472044296278,1.3266598204502704,0.05720794750219138,1.3059933820162684,-4.640915717686836,0.014611939908600014,0.16725926094340735
OVRPBLTW,permuted_R45A,full,26,100.0,1000,0.469,0.919,0.981,10.5456535172457,1.3282879858818746,0.04249504762814382,1.2910968546411272,-3.447352038871098,0.013061027526500018,0.16888742637501156
OVRPBLTW,permuted_R45A,permutable_only,26,100.0,1000,0.469,0.919,0.981,10.5456535172457,1.3282879858818746,0.04249504762814382,1.2910968546411272,-3.447352038871098,0.013061027526500018,0.16888742637501156
OVRPBLTW,permuted_R45A,full,27,100.0,1000,0.444,0.918,0.982,10.557985261440201,1.4638231660500625,0.15948148715883015,1.4095433685104686,-12.937715348156956,0.025392771721000018,0.30442260654319914
OVRPBLTW,permuted_R45A,permutable_only,27,100.0,1000,0.444,0.918,0.982,10.557985261440201,1.4638231660500625,0.15948148715883015,1.4095433685104686,-12.937715348156956,0.025392771721000018,0.30442260654319914
OVRPBLTW,permuted_R45A,full,28,100.0,1000,0.464,0.919,0.982,10.5537454385761,1.4158640042382111,0.11925994401871254,1.3688198317783007,-9.67479822040063,0.021152948856900007,0.2564634447313482
OVRPBLTW,permuted_R45A,permutable_only,28,100.0,1000,0.464,0.919,0.982,10.5537454385761,1.4158640042382111,0.11925994401871254,1.3688198317783007,-9.67479822040063,0.021152948856900007,0.2564634447313482
OVRPBLTW,permuted_R45A,full,29,100.0,1000,0.461,0.919,0.978,10.5529296112061,1.4100908495265523,0.1115205084788018,1.360983802553939,-9.046947202990943,0.020337121486900003,0.25069029001968934
OVRPBLTW,permuted_R45A,permutable_only,29,100.0,1000,0.461,0.919,0.978,10.5529296112061,1.4100908495265523,0.1115205084788018,1.360983802553939,-9.046947202990943,0.020337121486900003,0.25069029001968934
OVRPBLTW,permuted_R45A,full,30,100.0,1000,0.445,0.919,0.979,10.5600012621878,1.480950041658816,0.1786064986602831,1.4289070738180865,-14.489205488135253,0.02740877246860003,0.32154948215195295
OVRPBLTW,permuted_R45A,permutable_only,30,100.0,1000,0.445,0.919,0.979,10.5600012621878,1.480950041658816,0.1786064986602831,1.4289070738180865,-14.489205488135253,0.02740877246860003,0.32154948215195295
OVRPBLTW,permuted_R45A,full,31,100.0,1000,0.464,0.919,0.983,10.553151039599499,1.3912255702980227,0.11362111314154877,1.3631106242635083,-9.217355854614041,0.020558549880300016,0.23182501079115975
OVRPBLTW,permuted_R45A,permutable_only,31,100.0,1000,0.464,0.919,0.983,10.553151039599499,1.3912255702980227,0.11362111314154877,1.3631106242635083,-9.217355854614041,0.020558549880300016,0.23182501079115975
OVRPBLTW,permuted_R45A,full,32,100.0,1000,0.449,0.919,0.988,10.54974107647,1.366733143609547,0.08127212510229409,1.3303578977438946,-6.593088884768234,0.01714858675080003,0.20733258410268374
OVRPBLTW,permuted_R45A,permutable_only,32,100.0,1000,0.449,0.919,0.988,10.54974107647,1.366733143609547,0.08127212510229409,1.3303578977438946,-6.593088884768234,0.01714858675080003,0.20733258410268374
OVRPBLTW,permuted_R45A,full,33,100.0,1000,0.455,0.92,0.982,10.560435826778201,1.4780865979357332,0.1827290431580808,1.4330810706162822,-14.823641215897018,0.027843337059000006,0.3186860384288699
OVRPBLTW,permuted_R45A,permutable_only,33,100.0,1000,0.455,0.92,0.982,10.560435826778201,1.4780865979357332,0.1827290431580808,1.4330810706162822,-14.823641215897018,0.027843337059000006,0.3186860384288699
OVRPBLTW,permuted_R45A,full,34,100.0,1000,0.456,0.919,0.978,10.5562456684113,1.4451195142582605,0.14297864770047575,1.3928345618262838,-11.598945293071358,0.023653178692099992,0.2857189547513975
OVRPBLTW,permuted_R45A,permutable_only,34,100.0,1000,0.456,0.919,0.978,10.5562456684113,1.4451195142582605,0.14297864770047575,1.3928345618262838,-11.598945293071358,0.023653178692099992,0.2857189547513975
OVRPBLTW,permuted_R45A,full,35,100.0,1000,0.467,0.919,0.985,10.553603587150398,1.4199838126948698,0.11791425496019414,1.3674573475589868,-9.565631054377121,0.021011097431200016,0.2605832531880067
OVRPBLTW,permuted_R45A,permutable_only,35,100.0,1000,0.467,0.919,0.985,10.553603587150398,1.4199838126948698,0.11791425496019414,1.3674573475589868,-9.565631054377121,0.021011097431200016,0.2605832531880067
OVRPBLTW,permuted_R45A,full,36,100.0,1000,0.468,0.918,0.979,10.555927327156201,1.441173462477223,0.1399586685797205,1.3897768912086939,-11.353953658508452,0.023334837436999975,0.28177290297035973
OVRPBLTW,permuted_R45A,permutable_only,36,100.0,1000,0.468,0.918,0.979,10.555927327156201,1.441173462477223,0.1399586685797205,1.3897768912086939,-11.353953658508452,0.023334837436999975,0.28177290297035973
OVRPBLTW,permuted_R45A,full,37,100.0,1000,0.451,0.918,0.98,10.5549661169053,1.4364315559073655,0.1308400424454348,1.3805444581060478,-10.61421770925553,0.02237362718610001,0.2770309964005025
OVRPBLTW,permuted_R45A,permutable_only,37,100.0,1000,0.451,0.918,0.98,10.5549661169053,1.4364315559073655,0.1308400424454348,1.3805444581060478,-10.61421770925553,0.02237362718610001,0.2770309964005025
OVRPBLTW,permuted_R45A,full,38,100.0,1000,0.438,0.917,0.986,10.557511061191999,1.4440052524869211,0.15498293465996404,1.4049886708627168,-12.572776490699757,0.024918571472800022,0.28460469298005797
OVRPBLTW,permuted_R45A,permutable_only,38,100.0,1000,0.438,0.917,0.986,10.557511061191999,1.4440052524869211,0.15498293465996404,1.4049886708627168,-12.572776490699757,0.024918571472800022,0.28460469298005797
OVRPBLTW,permuted_R45A,full,39,100.0,1000,0.47,0.918,0.979,10.5420471167561,1.3069251989992516,0.008282535095793797,1.2564573455114747,-0.6719092186775583,0.0094546270369,0.14752463949238856
OVRPBLTW,permuted_R45A,permutable_only,39,100.0,1000,0.47,0.918,0.979,10.5420471167561,1.3069251989992516,0.008282535095793797,1.2564573455114747,-0.6719092186775583,0.0094546270369,0.14752463949238856
OVRPBLTW,permuted_R45A,full,40,100.0,1000,0.449,0.918,0.98,10.5581800713537,1.4417961516172104,0.16132957270180714,1.4114145194812577,-13.087638735002418,0.025587581634500013,0.2823955921103475
OVRPBLTW,permuted_R45A,permutable_only,40,100.0,1000,0.449,0.918,0.98,10.5581800713537,1.4417961516172104,0.16132957270180714,1.4114145194812577,-13.087638735002418,0.025587581634500013,0.2823955921103475
OVRPBLTW,permuted_R45A,full,41,100.0,1000,0.479,0.919,0.987,10.547229811191801,1.3485603176797947,0.05744873248403337,1.3062371721667132,-4.660449066735117,0.014637321472600006,0.18915975817293168
OVRPBLTW,permuted_R45A,permutable_only,41,100.0,1000,0.479,0.919,0.987,10.547229811191801,1.3485603176797947,0.05744873248403337,1.3062371721667132,-4.660449066735117,0.014637321472600006,0.18915975817293168
OVRPBLTW,permuted_R45A,full,42,100.0,1000,0.466,0.919,0.981,10.555599676608699,1.4386311403798235,0.1368503758388151,1.3866298047538583,-11.101797703499939,0.023007186889500018,0.27923058087296027
OVRPBLTW,permuted_R45A,permutable_only,42,100.0,1000,0.466,0.919,0.981,10.555599676608699,1.4386311403798235,0.1368503758388151,1.3866298047538583,-11.101797703499939,0.023007186889500018,0.27923058087296027
OVRPBLTW,permuted_R45A,full,43,100.0,1000,0.446,0.918,0.987,10.5538576283459,1.3929633586307455,0.12032424453563006,1.3698974155260002,-9.761138129679193,0.02126513862670002,0.23356279912388245
OVRPBLTW,permuted_R45A,permutable_only,43,100.0,1000,0.446,0.918,0.987,10.5538576283459,1.3929633586307455,0.12032424453563006,1.3698974155260002,-9.761138129679193,0.02126513862670002,0.23356279912388245
OVRPBLTW,permuted_R45A,full,44,100.0,1000,0.449,0.918,0.982,10.5561215167054,1.4485035431264883,0.14180086896893318,1.3916420835748067,-11.503399620384517,0.023529026986200016,0.2891029836196252
OVRPBLTW,permuted_R45A,permutable_only,44,100.0,1000,0.449,0.918,0.982,10.5561215167054,1.4485035431264883,0.14180086896893318,1.3916420835748067,-11.503399620384517,0.023529026986200016,0.2891029836196252
OVRPBLTW,permuted_R45A,full,45,100.0,1000,0.437,0.918,0.983,10.557020446300301,1.4395374169905273,0.15032866285094038,1.4002763104165705,-12.19520511930909,0.024427956581100006,0.28013685748366435
OVRPBLTW,permuted_R45A,permutable_only,45,100.0,1000,0.437,0.918,0.983,10.557020446300301,1.4395374169905273,0.15032866285094038,1.4002763104165705,-12.19520511930909,0.024427956581100006,0.28013685748366435
OVRPBLTW,permuted_R45A,full,46,100.0,1000,0.438,0.919,0.991,10.558739682675201,1.475963267721573,0.16663838668553588,1.4167895912560402,-13.518308936173293,0.026147192956000005,0.31656270821471
OVRPBLTW,permuted_R45A,permutable_only,46,100.0,1000,0.438,0.919,0.991,10.558739682675201,1.475963267721573,0.16663838668553588,1.4167895912560402,-13.518308936173293,0.026147192956000005,0.31656270821471
OVRPBLTW,permuted_R45A,full,47,100.0,1000,0.478,0.919,0.983,10.554240755080901,1.3942893320969072,0.12395881819446952,1.3735773512605798,-10.05598789718221,0.021648265361700014,0.23488877259004431
OVRPBLTW,permuted_R45A,permutable_only,47,100.0,1000,0.478,0.919,0.983,10.554240755080901,1.3942893320969072,0.12395881819446952,1.3735773512605798,-10.05598789718221,0.021648265361700014,0.23488877259004431
OVRPBLTW,permuted_R45A,full,48,100.0,1000,0.445,0.917,0.987,10.5576266860964,1.4236600725437618,0.15607982295682277,1.4060992491091273,-12.66176003861167,0.025034196377200016,0.26425951303689876
OVRPBLTW,permuted_R45A,permutable_only,48,100.0,1000,0.445,0.917,0.987,10.5576266860964,1.4236600725437618,0.15607982295682277,1.4060992491091273,-12.66176003861167,0.025034196377200016,0.26425951303689876
OVRPBLTW,permuted_R45A,full,49,100.0,1000,0.468,0.919,0.983,10.551720573901,1.3890825911353222,0.10005084389992369,1.34937098836736,-8.116486507495752,0.019128084181800006,0.22968203162845924
OVRPBLTW,permuted_R45A,permutable_only,49,100.0,1000,0.468,0.919,0.983,10.551720573901,1.3890825911353222,0.10005084389992369,1.34937098836736,-8.116486507495752,0.019128084181800006,0.22968203162845924
OVRPBLTW,permuted_R45A,full,50,100.0,1000,0.46,0.92,0.982,10.555865217685199,1.419465394223162,0.13936946029262653,1.38918032918125,-11.306154950112754,0.02327272796600001,0.260064834716299
OVRPBLTW,permuted_R45A,permutable_only,50,100.0,1000,0.46,0.92,0.982,10.555865217685199,1.419465394223162,0.13936946029262653,1.38918032918125,-11.306154950112754,0.02327272796600001,0.260064834716299
OVRPBLTW,permuted_R45A,full,51,100.0,1000,0.467,0.919,0.982,10.5585068020815,1.4493536105034193,0.1644291394725439,1.4145527710595962,-13.33908680773382,0.025914312362300015,0.28995305099655627
OVRPBLTW,permuted_R45A,permutable_only,51,100.0,1000,0.467,0.919,0.982,10.5585068020815,1.4493536105034193,0.1644291394725439,1.4145527710595962,-13.33908680773382,0.025914312362300015,0.28995305099655627
OVRPBLTW,permuted_R45A,full,52,100.0,1000,0.455,0.919,0.977,10.5580271506304,1.4386223579657769,0.15987887354140806,1.4099457145589689,-12.969952769517926,0.025434660911200013,0.2792217984589139
OVRPBLTW,permuted_R45A,permutable_only,52,100.0,1000,0.455,0.919,0.977,10.5580271506304,1.4386223579657769,0.15987887354140806,1.4099457145589689,-12.969952769517926,0.025434660911200013,0.2792217984589139
OVRPBLTW,permuted_R45A,full,53,100.0,1000,0.498,0.917,0.984,10.545278975010701,1.3162117028793952,0.03894191176712081,1.2874993731062379,-3.15910880022223,0.012686485291500006,0.1568111433725321
OVRPBLTW,permuted_R45A,permutable_only,53,100.0,1000,0.498,0.917,0.984,10.545278975010701,1.3162117028793952,0.03894191176712081,1.2874993731062379,-3.15910880022223,0.012686485291500006,0.1568111433725321
OVRPBLTW,permuted_R45A,full,54,100.0,1000,0.478,0.917,0.984,10.54998247242,1.36335928517043,0.08356215417379964,1.3326765080141634,-6.778864329892905,0.017389982700799996,0.2039587256635669
OVRPBLTW,permuted_R45A,permutable_only,54,100.0,1000,0.478,0.917,0.984,10.54998247242,1.36335928517043,0.08356215417379964,1.3326765080141634,-6.778864329892905,0.017389982700799996,0.2039587256635669
OVRPBLTW,permuted_R45A,full,55,100.0,1000,0.465,0.917,0.982,10.5565718965526,1.4300587845140456,0.14607344662942445,1.3959679860567453,-11.850006581224026,0.023979406833400007,0.2706582250071825
OVRPBLTW,permuted_R45A,permutable_only,55,100.0,1000,0.465,0.917,0.982,10.5565718965526,1.4300587845140456,0.14607344662942445,1.3959679860567453,-11.850006581224026,0.023979406833400007,0.2706582250071825
OVRPBLTW,permuted_R45A,full,56,100.0,1000,0.469,0.918,0.984,10.555212491035599,1.4298634650634816,0.13317729756858743,1.3829108838428361,-10.803824302586326,0.022620001316400032,0.27046290555661845
OVRPBLTW,permuted_R45A,permutable_only,56,100.0,1000,0.469,0.918,0.984,10.555212491035599,1.4298634650634816,0.13317729756858743,1.3829108838428361,-10.803824302586326,0.022620001316400032,0.27046290555661845
OVRPBLTW,permuted_R45A,full,57,100.0,1000,0.463,0.918,0.991,10.5518069334021,1.3822702830241829,0.10087010274879571,1.35020047215193,-8.182947749938458,0.01921444368290002,0.22286972351731965
OVRPBLTW,permuted_R45A,permutable_only,57,100.0,1000,0.463,0.918,0.991,10.5518069334021,1.3822702830241829,0.10087010274879571,1.35020047215193,-8.182947749938458,0.01921444368290002,0.22286972351731965
OVRPBLTW,permuted_R45A,full,58,100.0,1000,0.459,0.919,0.981,10.557666545390601,1.4601687560140832,0.15645795250909256,1.4064820979883264,-12.692435276214331,0.025074055671400013,0.3007681965072203
OVRPBLTW,permuted_R45A,permutable_only,58,100.0,1000,0.459,0.919,0.981,10.557666545390601,1.4601687560140832,0.15645795250909256,1.4064820979883264,-12.692435276214331,0.025074055671400013,0.3007681965072203
OVRPBLTW,permuted_R45A,full,59,100.0,1000,0.484,0.919,0.988,10.545938467502602,1.3466019667903228,0.04519825939384159,1.2938338044207853,-3.666646359318801,0.013345977783399991,0.1872014072834596
OVRPBLTW,permuted_R45A,permutable_only,59,100.0,1000,0.484,0.919,0.988,10.545938467502602,1.3466019667903228,0.04519825939384159,1.2938338044207853,-3.666646359318801,0.013345977783399991,0.1872014072834596
OVRPBLTW,permuted_R45A,full,60,100.0,1000,0.466,0.918,0.979,10.5549897956841,1.4173624076570932,0.13106467376933217,1.3807718929893298,-10.632440615115051,0.0223973059649,0.2579618481502302
OVRPBLTW,permuted_R45A,permutable_only,60,100.0,1000,0.466,0.918,0.979,10.5549897956841,1.4173624076570932,0.13106467376933217,1.3807718929893298,-10.632440615115051,0.0223973059649,0.2579618481502302
OVRPBLTW,permuted_R45A,full,61,100.0,1000,0.448,0.919,0.979,10.5512099981304,1.3987306014058145,0.09520721103088992,1.3444669034998968,-7.723553481681948,0.018617508411200027,0.23933004189895138
OVRPBLTW,permuted_R45A,permutable_only,61,100.0,1000,0.448,0.919,0.979,10.5512099981304,1.3987306014058145,0.09520721103088992,1.3444669034998968,-7.723553481681948,0.018617508411200027,0.23933004189895138
OVRPBLTW,permuted_R45A,full,62,100.0,1000,0.481,0.918,0.98,10.5454784669879,1.3123231772331423,0.0408344142192707,1.2894154953409842,-3.3126354474704565,0.012885977268700003,0.15292261772627952
OVRPBLTW,permuted_R45A,permutable_only,62,100.0,1000,0.481,0.918,0.98,10.5454784669879,1.3123231772331423,0.0408344142192707,1.2894154953409842,-3.3126354474704565,0.012885977268700003,0.15292261772627952
OVRPBLTW,permuted_R45A,full,63,100.0,1000,0.441,0.918,0.979,10.5583131318093,1.4557219681824207,0.16259186526135228,1.4126925663537238,-13.190040475244658,0.025720642090099992,0.2963214086755578
OVRPBLTW,permuted_R45A,permutable_only,63,100.0,1000,0.441,0.918,0.979,10.5583131318093,1.4557219681824207,0.16259186526135228,1.4126925663537238,-13.190040475244658,0.025720642090099992,0.2963214086755578
OVRPBLTW,permuted_R45A,full,64,100.0,1000,0.437,0.921,0.99,10.563394906043898,1.5366666577784585,0.21080067212824183,1.4615030535699347,-17.100913339734937,0.030802416324700013,0.3772660982715955
OVRPBLTW,permuted_R45A,permutable_only,64,100.0,1000,0.437,0.921,0.99,10.563394906043898,1.5366666577784585,0.21080067212824183,1.4615030535699347,-17.100913339734937,0.030802416324700013,0.3772660982715955
OVRPBLTW,permuted_R45A,full,65,100.0,1000,0.458,0.917,0.979,10.551564783095898,1.3781623850229652,0.09857291739472362,1.347874616283562,-7.9965917612754565,0.018972293376700023,0.21876182551610224
OVRPBLTW,permuted_R45A,permutable_only,65,100.0,1000,0.458,0.917,0.979,10.551564783095898,1.3781623850229652,0.09857291739472362,1.347874616283562,-7.9965917612754565,0.018972293376700023,0.21876182551610224
OVRPBLTW,permuted_R45A,full,66,100.0,1000,0.47,0.918,0.983,10.552150813579999,1.3673516072914809,0.10413235965285317,1.353503444352655,-8.447593835005868,0.01955832386080001,0.20795104778461773
OVRPBLTW,permuted_R45A,permutable_only,66,100.0,1000,0.47,0.918,0.983,10.552150813579999,1.3673516072914809,0.10413235965285317,1.353503444352655,-8.447593835005868,0.01955832386080001,0.20795104778461773
OVRPBLTW,permuted_R45A,full,67,100.0,1000,0.442,0.918,0.98,10.5625667390823,1.4952020713407466,0.2029441757035455,1.4535485024572914,-16.463565919746877,0.029974249363099992,0.3358015118338836
OVRPBLTW,permuted_R45A,permutable_only,67,100.0,1000,0.442,0.918,0.98,10.5625667390823,1.4952020713407466,0.2029441757035455,1.4535485024572914,-16.463565919746877,0.029974249363099992,0.3358015118338836
OVRPBLTW,permuted_R45A,full,68,100.0,1000,0.443,0.919,0.983,10.5563756594655,1.4188497355453464,0.14421182204804595,1.3940831270707,-11.698984858590716,0.023783169746300025,0.25944917603848344
OVRPBLTW,permuted_R45A,permutable_only,68,100.0,1000,0.443,0.919,0.983,10.5563756594655,1.4188497355453464,0.14421182204804595,1.3940831270707,-11.698984858590716,0.023783169746300025,0.25944917603848344
OVRPBLTW,permuted_R45A,full,69,100.0,1000,0.456,0.919,0.982,10.553979882240402,1.420510139151232,0.12148401947185139,1.3710716652819421,-9.855223269339195,0.021387392521200005,0.261109579644369
OVRPBLTW,permuted_R45A,permutable_only,69,100.0,1000,0.456,0.919,0.982,10.553979882240402,1.420510139151232,0.12148401947185139,1.3710716652819421,-9.855223269339195,0.021387392521200005,0.261109579644369
OVRPBLTW,permuted_R45A,full,70,100.0,1000,0.455,0.919,0.986,10.5541699013709,1.4158888687337363,0.12328665672809436,1.372896800738932,-10.001459726704619,0.021577411651699997,0.25648830922687305
OVRPBLTW,permuted_R45A,permutable_only,70,100.0,1000,0.455,0.919,0.986,10.5541699013709,1.4158888687337363,0.12328665672809436,1.372896800738932,-10.001459726704619,0.021577411651699997,0.25648830922687305
OVRPBLTW,permuted_R45A,full,71,100.0,1000,0.448,0.918,0.984,10.550279718875299,1.3635419525319017,0.08638201516992794,1.3355315628900133,-7.007621658028129,0.017687229156100014,0.20414139302503861
OVRPBLTW,permuted_R45A,permutable_only,71,100.0,1000,0.448,0.918,0.984,10.550279718875299,1.3635419525319017,0.08638201516992794,1.3355315628900133,-7.007621658028129,0.017687229156100014,0.20414139302503861
OVRPBLTW,permuted_R45A,full,72,100.0,1000,0.452,0.918,0.976,10.553107327460001,1.3936337652523854,0.11320643315115841,1.3626907687706025,-9.183715513206264,0.0205148377408,0.23423320574552225
OVRPBLTW,permuted_R45A,permutable_only,72,100.0,1000,0.452,0.918,0.976,10.553107327460001,1.3936337652523854,0.11320643315115841,1.3626907687706025,-9.183715513206264,0.0205148377408,0.23423320574552225
OVRPBLTW,permuted_R45A,full,73,100.0,1000,0.463,0.919,0.985,10.5542444486612,1.4190405810598143,0.12399385774779503,1.3736128281325533,-10.058830432543951,0.021651958942000008,0.25964002155295124
OVRPBLTW,permuted_R45A,permutable_only,73,100.0,1000,0.463,0.919,0.985,10.5542444486612,1.4190405810598143,0.12399385774779503,1.3736128281325533,-10.058830432543951,0.021651958942000008,0.25964002155295124
OVRPBLTW,permuted_R45A,full,74,100.0,1000,0.484,0.918,0.982,10.545280587671899,1.3344610021959153,0.038957210453882674,1.2875148627315536,-3.160349885053166,0.012688097952700001,0.1750604426890524
OVRPBLTW,permuted_R45A,permutable_only,74,100.0,1000,0.484,0.918,0.982,10.545280587671899,1.3344610021959153,0.038957210453882674,1.2875148627315536,-3.160349885053166,0.012688097952700001,0.1750604426890524
OVRPBLTW,permuted_R45A,full,75,100.0,1000,0.481,0.918,0.987,10.5487906393998,1.353928200537393,0.0722556999245505,1.3212289411387523,-5.861643846941901,0.016198149680600026,0.19452764103052994
OVRPBLTW,permuted_R45A,permutable_only,75,100.0,1000,0.481,0.918,0.987,10.5487906393998,1.353928200537393,0.0722556999245505,1.3212289411387523,-5.861643846941901,0.016198149680600026,0.19452764103052994
OVRPBLTW,permuted_R45A,full,76,100.0,1000,0.451,0.918,0.981,10.5540460991859,1.393678834974806,0.12211219376481175,1.3717076796388339,-9.906183041136178,0.021453609466699997,0.2342782754679429
OVRPBLTW,permuted_R45A,permutable_only,76,100.0,1000,0.451,0.918,0.981,10.5540460991859,1.393678834974806,0.12211219376481175,1.3717076796388339,-9.906183041136178,0.021453609466699997,0.2342782754679429
OVRPBLTW,permuted_R45A,full,77,100.0,1000,0.468,0.919,0.981,10.545716020584,1.3158113332838353,0.04308799238041949,1.2916971997674942,-3.495453862843445,0.01312353086479999,0.15641077377697213
OVRPBLTW,permuted_R45A,permutable_only,77,100.0,1000,0.468,0.919,0.981,10.545716020584,1.3158113332838353,0.04308799238041949,1.2916971997674942,-3.495453862843445,0.01312353086479999,0.15641077377697213
OVRPBLTW,permuted_R45A,full,78,100.0,1000,0.469,0.919,0.984,10.5570589947696,1.4381556424861754,0.1506943571194519,1.4006465688108038,-12.224871561694576,0.024466505050399982,0.27875508297931234
OVRPBLTW,permuted_R45A,permutable_only,78,100.0,1000,0.469,0.919,0.984,10.5570589947696,1.4381556424861754,0.1506943571194519,1.4006465688108038,-12.224871561694576,0.024466505050399982,0.27875508297931234
OVRPBLTW,permuted_R45A,full,79,100.0,1000,0.451,0.919,0.987,10.5553848614698,1.4473420412755722,0.13481250853790705,1.3845665034132093,-10.936478533695169,0.022792371750600005,0.2879414817687092
OVRPBLTW,permuted_R45A,permutable_only,79,100.0,1000,0.451,0.919,0.987,10.5553848614698,1.4473420412755722,0.13481250853790705,1.3845665034132093,-10.936478533695169,0.022792371750600005,0.2879414817687092
OVRPBLTW,permuted_R45A,full,80,100.0,1000,0.446,0.92,0.985,10.5647316389095,1.523811590214542,0.22348173460278176,1.4743423847632942,-18.129647016166214,0.03213914919030002,0.36441103070767894
OVRPBLTW,permuted_R45A,permutable_only,80,100.0,1000,0.446,0.92,0.985,10.5647316389095,1.523811590214542,0.22348173460278176,1.4743423847632942,-18.129647016166214,0.03213914919030002,0.36441103070767894
OVRPBLTW,permuted_R45A,full,81,100.0,1000,0.445,0.92,0.992,10.5585135612482,1.437361968130585,0.1644932610464389,1.4146176929165089,-13.34428858184139,0.025921071529000018,0.27796140862372193
OVRPBLTW,permuted_R45A,permutable_only,81,100.0,1000,0.445,0.92,0.992,10.5585135612482,1.437361968130585,0.1644932610464389,1.4146176929165089,-13.34428858184139,0.025921071529000018,0.27796140862372193
OVRPBLTW,permuted_R45A,full,82,100.0,1000,0.469,0.918,0.981,10.5526223568915,1.403008199291778,0.10860570683124404,1.3580326220995254,-8.810487945654883,0.020029867172300007,0.243607639784915
OVRPBLTW,permuted_R45A,permutable_only,82,100.0,1000,0.469,0.918,0.981,10.5526223568915,1.403008199291778,0.10860570683124404,1.3580326220995254,-8.810487945654883,0.020029867172300007,0.243607639784915
OVRPBLTW,permuted_R45A,full,83,100.0,1000,0.459,0.92,0.986,10.555826032638299,1.410151334053884,0.13899772706111868,1.3888039564534438,-11.275998605194781,0.023233542919100004,0.25075077454702105
OVRPBLTW,permuted_R45A,permutable_only,83,100.0,1000,0.459,0.92,0.986,10.555826032638299,1.410151334053884,0.13899772706111868,1.3888039564534438,-11.275998605194781,0.023233542919100004,0.25075077454702105
OVRPBLTW,permuted_R45A,full,84,100.0,1000,0.423,0.919,0.984,10.563095431328,1.5068583841511263,0.2079596724942956,1.458626596230994,-16.870441168807925,0.030502941608800023,0.3474578246442633
OVRPBLTW,permuted_R45A,permutable_only,84,100.0,1000,0.423,0.919,0.984,10.563095431328,1.5068583841511263,0.2079596724942956,1.458626596230994,-16.870441168807925,0.030502941608800023,0.3474578246442633
OVRPBLTW,permuted_R45A,full,85,100.0,1000,0.435,0.917,0.981,10.5601902532583,1.457339705969926,0.18039938311298354,1.4307223347495457,-14.634650762783044,0.027597763539100022,0.2979391464630629
OVRPBLTW,permuted_R45A,permutable_only,85,100.0,1000,0.435,0.917,0.981,10.5601902532583,1.457339705969926,0.18039938311298354,1.4307223347495457,-14.634650762783044,0.027597763539100022,0.2979391464630629
OVRPBLTW,permuted_R45A,full,86,100.0,1000,0.461,0.919,0.983,10.552929594993401,1.426214480914075,0.11152035467527632,1.3609836468308156,-9.046934725891287,0.020337105274200008,0.2668139214072119
OVRPBLTW,permuted_R45A,permutable_only,86,100.0,1000,0.461,0.919,0.983,10.552929594993401,1.426214480914075,0.11152035467527632,1.3609836468308156,-9.046934725891287,0.020337105274200008,0.2668139214072119
OVRPBLTW,permuted_R45A,full,87,100.0,1000,0.448,0.918,0.981,10.5555369019507,1.3957480356379703,0.13625485718256058,1.3860268535993425,-11.053487075123247,0.022944412231500014,0.23634747613110738
OVRPBLTW,permuted_R45A,permutable_only,87,100.0,1000,0.448,0.918,0.981,10.5555369019507,1.3957480356379703,0.13625485718256058,1.3860268535993425,-11.053487075123247,0.022944412231500014,0.23634747613110738
OVRPBLTW,permuted_R45A,full,88,100.0,1000,0.451,0.919,0.98,10.5600040283211,1.4836441208869984,0.17863273988625306,1.4289336425532984,-14.491334271343714,0.027411538601900008,0.32424356138013516
OVRPBLTW,permuted_R45A,permutable_only,88,100.0,1000,0.451,0.919,0.98,10.5600040283211,1.4836441208869984,0.17863273988625306,1.4289336425532984,-14.491334271343714,0.027411538601900008,0.32424356138013516
OVRPBLTW,permuted_R45A,full,89,100.0,1000,0.469,0.921,0.986,10.5479779481891,1.3386700531238416,0.06454601590273334,1.3134230347526588,-5.236206380339446,0.015385458469899997,0.17926949361697841
OVRPBLTW,permuted_R45A,permutable_only,89,100.0,1000,0.469,0.921,0.986,10.5479779481891,1.3386700531238416,0.06454601590273334,1.3134230347526588,-5.236206380339446,0.015385458469899997,0.17926949361697841
OVRPBLTW,permuted_R45A,full,90,100.0,1000,0.487,0.918,0.98,10.5381974182129,1.2568427498528254,-0.028238051021822752,1.2194809563893738,2.290772882893726,0.005604928493700008,0.09744219034596219
OVRPBLTW,permuted_R45A,permutable_only,90,100.0,1000,0.487,0.918,0.98,10.5381974182129,1.2568427498528254,-0.028238051021822752,1.2194809563893738,2.290772882893726,0.005604928493700008,0.09744219034596219
OVRPBLTW,permuted_R45A,full,91,100.0,1000,0.474,0.919,0.981,10.546359466076101,1.3540875066078726,0.049192108389117806,1.2978774995046738,-3.990641842211093,0.013766976356900017,0.1946869471010097
OVRPBLTW,permuted_R45A,permutable_only,91,100.0,1000,0.474,0.919,0.981,10.546359466076101,1.3540875066078726,0.049192108389117806,1.2978774995046738,-3.990641842211093,0.013766976356900017,0.1946869471010097
OVRPBLTW,permuted_R45A,full,92,100.0,1000,0.438,0.919,0.983,10.5674116430285,1.559861872532118,0.24890588668251556,1.5000838484236168,-20.192146234325005,0.034819153309300035,0.40046131302525506
OVRPBLTW,permuted_R45A,permutable_only,92,100.0,1000,0.438,0.919,0.983,10.5674116430285,1.559861872532118,0.24890588668251556,1.5000838484236168,-20.192146234325005,0.034819153309300035,0.40046131302525506
OVRPBLTW,permuted_R45A,full,93,100.0,1000,0.432,0.918,0.98,10.563719913482801,1.505663950065233,0.21388389073047076,1.4646247529429113,-17.351035189877187,0.031127423763600018,0.3462633905583699
OVRPBLTW,permuted_R45A,permutable_only,93,100.0,1000,0.432,0.918,0.98,10.563719913482801,1.505663950065233,0.21388389073047076,1.4646247529429113,-17.351035189877187,0.031127423763600018,0.3462633905583699
OVRPBLTW,permuted_R45A,full,94,100.0,1000,0.473,0.92,0.978,10.5548702373506,1.4100999696304939,0.12993047056726326,1.3796235341210439,-10.540429947064176,0.022277747631400013,0.2506994101236309
OVRPBLTW,permuted_R45A,permutable_only,94,100.0,1000,0.473,0.92,0.978,10.5548702373506,1.4100999696304939,0.12993047056726326,1.3796235341210439,-10.540429947064176,0.022277747631400013,0.2506994101236309
OVRPBLTW,permuted_R45A,full,95,100.0,1000,0.439,0.919,0.978,10.5637285609245,1.5022955947393692,0.21396592563156513,1.4647078116981849,-17.35769015791177,0.03113607120530002,0.3428950352325062
OVRPBLTW,permuted_R45A,permutable_only,95,100.0,1000,0.439,0.919,0.978,10.5637285609245,1.5022955947393692,0.21396592563156513,1.4647078116981849,-17.35769015791177,0.03113607120530002,0.3428950352325062
OVRPBLTW,permuted_R45A,full,96,100.0,1000,0.443,0.918,0.982,10.557070357323202,1.452088311723453,0.15080214922644775,1.4007557062403198,-12.233616047478867,0.024477867604000014,0.2926877522165898
OVRPBLTW,permuted_R45A,permutable_only,96,100.0,1000,0.443,0.918,0.982,10.557070357323202,1.452088311723453,0.15080214922644775,1.4007557062403198,-12.233616047478867,0.024477867604000014,0.2926877522165898
OVRPBLTW,permuted_R45A,full,97,100.0,1000,0.443,0.918,0.98,10.5616017589565,1.4819385652228898,0.19378978623887377,1.4442798596723483,-15.72092871971837,0.02900926923730002,0.3225380057160268
OVRPBLTW,permuted_R45A,permutable_only,97,100.0,1000,0.443,0.918,0.98,10.5616017589565,1.4819385652228898,0.19378978623887377,1.4442798596723483,-15.72092871971837,0.02900926923730002,0.3225380057160268
OVRPBLTW,permuted_R45A,full,98,100.0,1000,0.487,0.92,0.985,10.5483453059198,1.3718105911556977,0.06803099517822542,1.3169515090591277,-5.518920510134934,0.015752816200599998,0.2124100316488348
OVRPBLTW,permuted_R45A,permutable_only,98,100.0,1000,0.487,0.92,0.985,10.5483453059198,1.3718105911556977,0.06803099517822542,1.3169515090591277,-5.518920510134934,0.015752816200599998,0.2124100316488348
OVRPBLTW,permuted_R45A,full,99,100.0,1000,0.449,0.918,0.977,10.557412730693901,1.4480795952795003,0.15405011163927007,1.4040442055443414,-12.497102511689844,0.024820240974700016,0.28867903577263687
OVRPBLTW,permuted_R45A,permutable_only,99,100.0,1000,0.449,0.918,0.977,10.557412730693901,1.4480795952795003,0.15405011163927007,1.4040442055443414,-12.497102511689844,0.024820240974700016,0.28867903577263687
ALL,R45A,full,-1,98.78888888888889,18000,0.49116666666666664,0.8244444444444444,0.927611111111111,11.168516567489828,0.9260483583286789,-1.0700411390867897,0.8930994484085198,31.74849357976476,0.0,0.0
ALL,R45A,permutable_only,-1,98.78888888888889,17782,0.49110335375211356,0.8239979905227411,0.9269691195515455,11.166898911381411,0.9256930323351664,-1.0706407096830821,0.8924681042117866,31.80930951243246,0.0,0.0
ALL,conditional_majority,full,-1,98.78888888888889,18000,0.4246666666666667,0.7597777777777779,0.8751666666666668,11.33505457515738,1.8042491822329483,-0.13215850947041227,1.874658945216983,0.1367552893268215,0.16653800766755306,0.8782008239042693
ALL,conditional_majority,permutable_only,-1,98.78888888888889,17782,0.4244552290706103,0.7595327701198605,0.8748977963000987,11.333743142998907,1.8063744117139011,-0.13040637886162867,1.8764041936726785,-0.022352191966034482,0.1668442316174953,0.8806813793787345
ALL,conditional_mean_gap,full,-1,98.78888888888889,18000,0.4120555555555556,0.7438888888888889,0.8449444444444444,11.313669713889093,1.6603540396323802,-0.2633930513451325,1.739024089660019,8.184750027529978,0.14515314639926663,0.7343056813037013
ALL,conditional_mean_gap,permutable_only,-1,98.78888888888889,17782,0.4122408812140364,0.7439123336066754,0.8451342097775293,11.312205237141704,1.6608409705141414,-0.26303312866497697,1.7393620910233765,8.153666568838059,0.14530632576029553,0.7351479381789751
ALL,permuted_R45A,full,0,98.78888888888889,18000,0.39561111111111114,0.7364999999999999,0.8388333333333333,11.36923889850705,2.0845450031127046,0.08514079264744728,2.1000333934291384,-11.613788290476649,0.200722331017221,1.1584966447840257
ALL,permuted_R45A,full,1,98.78888888888889,18000,0.4043888888888889,0.7344999999999999,0.8371111111111111,11.373663763103249,2.1078360230815787,0.10167224975505817,2.1178262439517774,-10.984489609818338,0.20514719561341957,1.1817876647528995
ALL,permuted_R45A,full,2,98.78888888888889,18000,0.3978333333333333,0.7330555555555556,0.8331666666666666,11.378568696207994,2.137640369715667,0.13793764353911367,2.155192809865479,-13.666688142321231,0.2100521287181667,1.2115920113869885
ALL,permuted_R45A,full,3,98.78888888888889,18000,0.39622222222222225,0.7338888888888888,0.8343333333333333,11.384762755650621,2.1741235091576083,0.17051777488229997,2.189474848101859,-13.954227387756513,0.2162461881607912,1.2480751508289298
ALL,permuted_R45A,full,4,98.78888888888889,18000,0.39422222222222225,0.7342777777777778,0.8345,11.378834440867143,2.1481932152100693,0.14786626293030242,2.165224654194256,-15.021407950905472,0.21031787337731306,1.2221448568813906
ALL,permuted_R45A,full,5,98.78888888888889,18000,0.3977777777777778,0.7337777777777778,0.8350555555555556,11.372640826611143,2.1168251282041743,0.10130185499871436,2.1167054485814445,-12.424872832766743,0.20412425912131307,1.1907767698754956
ALL,permuted_R45A,full,6,98.78888888888889,18000,0.39183333333333337,0.7324444444444445,0.8339444444444445,11.388075003805742,2.1766563391201816,0.18843081700756892,2.2086507167652063,-14.452590201477157,0.21955843631591387,1.250607980791503
ALL,permuted_R45A,full,7,98.78888888888889,18000,0.4,0.7336111111111111,0.8341666666666666,11.378905753770583,2.1360357052315573,0.13456637296470866,2.1521448286327836,-12.56284788521389,0.2103891862807565,1.2099873469028781
ALL,permuted_R45A,full,8,98.78888888888889,18000,0.3972777777777778,0.7318333333333333,0.8327222222222223,11.379346998939655,2.139503748269396,0.1336955917879332,2.1515808310771467,-12.142030343223526,0.21083043144982577,1.2134553899407179
ALL,permuted_R45A,full,9,98.78888888888889,18000,0.3968333333333333,0.7371666666666667,0.8379444444444444,11.382923934885149,2.155178226319153,0.16142095498096012,2.1802053446200107,-13.805022761093467,0.2144073673953215,1.2291298679904745
ALL,permuted_R45A,full,10,98.78888888888889,18000,0.3957222222222222,0.7330555555555556,0.8336111111111111,11.380022632524936,2.14352365197533,0.13959879439609402,2.157495347535867,-12.515069556398982,0.21150606503510808,1.2174752936466513
ALL,permuted_R45A,full,11,98.78888888888889,18000,0.3967222222222222,0.7310555555555556,0.8338333333333332,11.384691665180982,2.1628694949405878,0.16907967478389332,2.18855968267231,-13.21926900566007,0.21617509769115406,1.2368211366119093
ALL,permuted_R45A,full,12,98.78888888888889,18000,0.3975,0.733,0.8339444444444444,11.380417988784071,2.1540101823246864,0.14363631868245458,2.1616389862100576,-12.691455391324816,0.21190142129424328,1.2279618239960075
ALL,permuted_R45A,full,13,98.78888888888889,18000,0.39711111111111114,0.7321666666666666,0.8340555555555556,11.387357078744952,2.175502460547995,0.17925439044252306,2.199384527189248,-13.252046943561872,0.21884051125512277,1.2494541022193166
ALL,permuted_R45A,full,14,98.78888888888889,18000,0.3961666666666666,0.7324999999999999,0.8330000000000001,11.384398736255298,2.1629258368586957,0.16856682937377176,2.1876171970211398,-13.731952132116648,0.21588216876546865,1.2368774785300167
ALL,permuted_R45A,full,15,98.78888888888889,18000,0.3950555555555556,0.7336666666666667,0.8381666666666666,11.385339190997367,2.1596407743985315,0.1696674777384789,2.188812256147516,-13.608389469599917,0.21682262350753906,1.233592416069853
ALL,permuted_R45A,full,16,98.78888888888889,18000,0.3984444444444445,0.7327222222222223,0.8346666666666667,11.381482880033193,2.148933504734213,0.15037749561621688,2.168810872270477,-13.108866604297933,0.2129663125433633,1.2228851464055344
ALL,permuted_R45A,full,17,98.78888888888889,18000,0.40294444444444444,0.735111111111111,0.8368333333333333,11.373717486029195,2.107216584610416,0.11181339567223028,2.1275840810890227,-13.01026348237138,0.20520091853936612,1.1811682262817371
ALL,permuted_R45A,full,18,98.78888888888889,18000,0.3927777777777777,0.7295,0.8308333333333332,11.388001324861465,2.2009992395920657,0.19192482115321283,2.2122015637887054,-15.171769158552653,0.21948475737163642,1.274950881263387
ALL,permuted_R45A,full,19,98.78888888888889,18000,0.39866666666666667,0.7338333333333333,0.8344444444444444,11.381450302911011,2.150595437326435,0.14450567400757044,2.162669477139566,-12.629388291393896,0.21293373542118255,1.2245470789977562
ALL,permuted_R45A,full,20,98.78888888888889,18000,0.39622222222222225,0.7326666666666666,0.8364444444444445,11.377996499912523,2.1381592993614498,0.13245971469985876,2.149826472413728,-12.769217788368099,0.20947993242269647,1.212110941032771
ALL,permuted_R45A,full,21,98.78888888888889,18000,0.40055555555555555,0.732111111111111,0.8352222222222222,11.380098871794981,2.1352331671149223,0.13907557935941192,2.157249569814549,-12.23517090398564,0.21158230430515232,1.2091848087862436
ALL,permuted_R45A,full,22,98.78888888888889,18000,0.39627777777777784,0.729388888888889,0.8336111111111111,11.378766862633112,2.152853568269769,0.13809056459184546,2.155571778420868,-13.554765195159392,0.21025029514328306,1.22680520994109
ALL,permuted_R45A,full,23,98.78888888888889,18000,0.3973888888888889,0.7318333333333332,0.8312777777777778,11.38662382904624,2.1805994759385907,0.1777363896162429,2.197518698721152,-13.625713187372206,0.21810726155641158,1.2545511176099118
ALL,permuted_R45A,full,24,98.78888888888889,18000,0.3951111111111112,0.733611111111111,0.8347777777777778,11.386639559593224,2.17505092912667,0.17576027622950297,2.195331720657116,-13.712508514188876,0.21812299210339595,1.2490025707979908
ALL,permuted_R45A,full,25,98.78888888888889,18000,0.3971666666666667,0.7332222222222221,0.8368888888888888,11.369315671095487,2.101883653176805,0.08658919901283202,2.1015975152355058,-12.022971996324104,0.20079910360565809,1.1758352948481268
ALL,permuted_R45A,full,26,98.78888888888889,18000,0.3978333333333333,0.7338333333333334,0.8358333333333332,11.38759730677603,2.176365437158397,0.18258112476382168,2.2024029415360116,-13.910453680809347,0.21908073928620073,1.2503170788297184
ALL,permuted_R45A,full,27,98.78888888888889,18000,0.39994444444444444,0.7335,0.8348333333333333,11.3812949288654,2.160134989797994,0.15151890119382747,2.169634705694559,-13.590372599844903,0.212778361375571,1.2340866314693153
ALL,permuted_R45A,full,28,98.78888888888889,18000,0.39727777777777784,0.7332777777777778,0.8368333333333333,11.381260980602526,2.1653382266545527,0.15734020846126764,2.175682875028933,-14.236155936212144,0.21274441311269834,1.239289868325874
ALL,permuted_R45A,full,29,98.78888888888889,18000,0.39755555555555555,0.7333888888888889,0.8357777777777778,11.380488650937354,2.155473094860218,0.15039031264271258,2.1684717052730265,-13.812672532420292,0.21197208344752308,1.2294247365315394
ALL,permuted_R45A,full,30,98.78888888888889,18000,0.40011111111111114,0.7326111111111112,0.8328333333333332,11.374317072360885,2.1228930628732594,0.10942076297535037,2.1255791669845383,-12.190088812319338,0.20580050487105706,1.1968447045445807
ALL,permuted_R45A,full,31,98.78888888888889,18000,0.3994444444444445,0.735888888888889,0.8356666666666668,11.37654373028546,2.118233002473735,0.1182255422832981,2.1355699177372074,-11.156367745072503,0.20802716279563122,1.192184644145056
ALL,permuted_R45A,full,32,98.78888888888889,18000,0.39588888888888885,0.7336666666666667,0.8340555555555554,11.377757486533467,2.1324313748522066,0.1283383667503937,2.145696624696409,-12.711236073605013,0.20924091904363648,1.2063830165235279
ALL,permuted_R45A,full,33,98.78888888888889,18000,0.3981666666666667,0.7333888888888889,0.8363888888888888,11.380353889057808,2.134785868819732,0.14635494856672557,2.1640490415024636,-13.602540531947914,0.21183732156798196,1.2087375104910534
ALL,permuted_R45A,full,34,98.78888888888889,18000,0.39822222222222226,0.7318888888888889,0.8331111111111111,11.384172106830201,2.1679154369908726,0.16270525513516365,2.181665886707391,-13.473596114406678,0.21565553934037285,1.2418670786621937
ALL,permuted_R45A,full,35,98.78888888888889,18000,0.3938333333333333,0.7360555555555556,0.8367222222222224,11.3779972679028,2.140933923768271,0.13593321690890917,2.153174677379525,-13.479254194456807,0.20948070041296926,1.2148855654395927
ALL,permuted_R45A,full,36,98.78888888888889,18000,0.394,0.7306666666666666,0.835111111111111,11.382130101700218,2.145228797791147,0.14915573105106372,2.167773208368274,-12.619026452751344,0.2136135342103857,1.2191804394624677
ALL,permuted_R45A,full,37,98.78888888888889,18000,0.3973333333333333,0.7317777777777779,0.8341111111111111,11.385625431345844,2.1727167904166973,0.1673474470176369,2.1869469972715203,-12.82579453549384,0.21710886385601458,1.2466684320880181
ALL,permuted_R45A,full,38,98.78888888888889,18000,0.3962222222222222,0.730111111111111,0.8343888888888888,11.381708972569106,2.164147960926673,0.15830134009403954,2.1763504419011794,-14.482113258299613,0.21319240507927686,1.2380996025979938
ALL,permuted_R45A,full,39,98.78888888888889,18000,0.39899999999999997,0.7317222222222222,0.8355,11.372241710864323,2.104661624357665,0.09753801277281254,2.113587419444257,-11.414893288738893,0.2037251433744925,1.1786132660289856
ALL,permuted_R45A,full,40,98.78888888888889,18000,0.39455555555555555,0.7318333333333333,0.8348333333333334,11.382327811328476,2.1682338402958385,0.16227037505739147,2.1805381915857494,-14.938191136294137,0.21381124383864897,1.2421854819671596
ALL,permuted_R45A,full,41,98.78888888888889,18000,0.3965555555555556,0.7326666666666667,0.8324444444444444,11.381896881171505,2.153309139705568,0.1550079610533686,2.173341262020725,-13.76178066704971,0.21338031368167415,1.2272607813768892
ALL,permuted_R45A,full,42,98.78888888888889,18000,0.39772222222222225,0.7326666666666666,0.8334444444444444,11.379794240174682,2.153021613168954,0.14559114843429805,2.1633543777587354,-13.458096764564024,0.21127767268485378,1.226973254840275
ALL,permuted_R45A,full,43,98.78888888888889,18000,0.3928333333333333,0.7326666666666667,0.8340000000000001,11.380164809849694,2.1632336902477265,0.14446584523342193,2.1624423064529434,-13.289698837602815,0.21164824235986412,1.2371853319190476
ALL,permuted_R45A,full,44,98.78888888888889,18000,0.39966666666666667,0.735,0.8347222222222221,11.385704535738192,2.168404842675961,0.1690619860681228,2.1886993349368487,-12.983153369894872,0.21718796824836467,1.2423564843472819
ALL,permuted_R45A,full,45,98.78888888888889,18000,0.39366666666666666,0.7324444444444445,0.8366666666666667,11.37901271411306,2.1407127562318173,0.1389392497177153,2.156228929109295,-13.4005772278606,0.2104961466232308,1.2146643979031388
ALL,permuted_R45A,full,46,98.78888888888889,18000,0.3953333333333333,0.729888888888889,0.8313333333333333,11.382493386279954,2.158842287500402,0.15648602744631387,2.1750721312467225,-13.369938585715708,0.2139768187901236,1.2327939291717227
ALL,permuted_R45A,full,47,98.78888888888889,18000,0.39794444444444443,0.7294444444444443,0.8316111111111111,11.384495876958379,2.159367552166043,0.16844376041850678,2.1881592587726373,-13.04342687617648,0.2159793094685491,1.2333191938373642
ALL,permuted_R45A,full,48,98.78888888888889,18000,0.3966666666666667,0.7308888888888888,0.8342222222222222,11.379114636185065,2.1469253923990848,0.13998808095835436,2.157740257692818,-13.018676115524528,0.2105980686952365,1.220877034070406
ALL,permuted_R45A,full,49,98.78888888888889,18000,0.3972777777777778,0.7346111111111111,0.8361111111111111,11.375205154832207,2.1340698543512975,0.11565778264342093,2.132055719185514,-12.372385536321989,0.20668858734237802,1.2080214960226183
ALL,permuted_R45A,full,50,98.78888888888889,18000,0.3983888888888889,0.7356111111111111,0.8378333333333332,11.375200875013228,2.116923270203407,0.11888898833960924,2.1352946514161553,-12.927160982678226,0.20668430752339992,1.1908749118747286
ALL,permuted_R45A,full,51,98.78888888888889,18000,0.4010555555555555,0.7322777777777778,0.8340000000000001,11.384618898479562,2.16121754619201,0.16584034708666417,2.1852158108488595,-13.102025546215913,0.21610233098973464,1.2351691878633313
ALL,permuted_R45A,full,52,98.78888888888889,18000,0.3946111111111111,0.7318888888888888,0.8336666666666667,11.388558009595698,2.1884398227847153,0.19311580251978014,2.2133749359330768,-14.775426892850724,0.22004144210586984,1.2623914644560368
ALL,permuted_R45A,full,53,98.78888888888889,18000,0.4028333333333334,0.7352222222222223,0.8368333333333333,11.376916985039065,2.1293531059727386,0.12426476952878932,2.1415805388753677,-12.217745052670928,0.20840041754923577,1.2033047476440601
ALL,permuted_R45A,full,54,98.78888888888889,18000,0.3999444444444445,0.7346111111111111,0.8363333333333334,11.380060619891054,2.130002679895907,0.13650131438824567,2.154656100881099,-11.83666490937926,0.21154405240122487,1.203954321567228
ALL,permuted_R45A,full,55,98.78888888888889,18000,0.39661111111111114,0.7327222222222222,0.8357222222222221,11.379740946076655,2.1469556724880956,0.14485122937705455,2.162556895231534,-13.6175777670326,0.21122437858682472,1.220907314159417
ALL,permuted_R45A,full,56,98.78888888888889,18000,0.3963888888888889,0.7337222222222222,0.8395555555555556,11.379907626840675,2.1316465359199976,0.14453701135433242,2.162290279436599,-13.526079724383884,0.21139105935084482,1.2055981775913187
ALL,permuted_R45A,full,57,98.78888888888889,18000,0.39555555555555555,0.7318888888888888,0.834111111111111,11.386380351527276,2.179928034123556,0.18007760752131977,2.1996554087540154,-14.624389329132006,0.21786378403744627,1.253879675794877
ALL,permuted_R45A,full,58,98.78888888888889,18000,0.3946666666666666,0.7318333333333333,0.8318333333333334,11.385518652507619,2.167733868473691,0.17453469134903568,2.1939608524091003,-14.193454364187865,0.21700208501779114,1.241685510145012
ALL,permuted_R45A,full,59,98.78888888888889,18000,0.39666666666666667,0.7340555555555555,0.8357777777777778,11.38383734100067,2.1790692382786565,0.16511347608882276,2.1841619980889653,-14.11992072555034,0.2153207735108408,1.2530208799499778
ALL,permuted_R45A,full,60,98.78888888888889,18000,0.39961111111111114,0.7326111111111111,0.8334444444444444,11.378072586931717,2.1312888580099782,0.1373142233025013,2.1546072338376416,-13.473004094153428,0.20955601944188945,1.2052404996812993
ALL,permuted_R45A,full,61,98.78888888888889,18000,0.3931666666666667,0.7341666666666667,0.8354444444444444,11.37570419974938,2.124867643085482,0.12176520719337873,2.138620853247808,-12.34756323329079,0.20718763225955097,1.198819284756803
ALL,permuted_R45A,full,62,98.78888888888889,18000,0.40044444444444444,0.7332222222222222,0.8340555555555556,11.381336393953909,2.1431723328956576,0.14759648341628276,2.1655692092063714,-13.224588599418281,0.21281982646407815,1.2171239745669789
ALL,permuted_R45A,full,63,98.78888888888889,18000,0.39633333333333337,0.7313888888888889,0.8328333333333333,11.374080373456183,2.1317113444411135,0.11502545442969704,2.1312587994225654,-12.856767536813331,0.20556380596635415,1.205662986112435
ALL,permuted_R45A,full,64,98.78888888888889,18000,0.3983333333333334,0.7346666666666667,0.8359444444444444,11.378525820293966,2.139038273467374,0.13887350257532813,2.1557823606479065,-14.243325506953958,0.2100092528041367,1.212989915138695
ALL,permuted_R45A,full,65,98.78888888888889,18000,0.3946666666666667,0.7343333333333333,0.8348333333333334,11.381453358622553,2.1715639651119476,0.15756967305753256,2.175513030642131,-14.707783980269173,0.21293679113272274,1.2455156067832684
ALL,permuted_R45A,full,66,98.78888888888889,18000,0.3961111111111111,0.7319999999999999,0.8353333333333334,11.381123379893882,2.1542006917363614,0.14423478789451927,2.1623236837847934,-12.871959099624844,0.21260681240405313,1.2281523334076825
ALL,permuted_R45A,full,67,98.78888888888889,18000,0.40044444444444444,0.732611111111111,0.8346666666666667,11.382424972162571,2.1582980820536877,0.15530037029237906,2.174255254663726,-12.95126374082222,0.21390840467274172,1.2322497237250085
ALL,permuted_R45A,full,68,98.78888888888889,18000,0.4,0.7357777777777778,0.8351111111111111,11.378867586433397,2.1340528396913583,0.1361868497491123,2.1540177768378026,-12.862614394606359,0.21035101894357036,1.2080044813626791
ALL,permuted_R45A,full,69,98.78888888888889,18000,0.39783333333333337,0.7348888888888889,0.8347222222222221,11.38417062103866,2.1564350061849,0.1641684866548464,2.183264565746115,-13.420271457981341,0.21565405354883288,1.230386647856221
ALL,permuted_R45A,full,70,98.78888888888889,18000,0.39822222222222226,0.7325,0.8330555555555557,11.378778407061327,2.1464216190366545,0.13791884702288992,2.1554644165093495,-12.972749425957405,0.2102618395714994,1.2203732607079756
ALL,permuted_R45A,full,71,98.78888888888889,18000,0.3927777777777778,0.7325555555555555,0.8357222222222221,11.382586339169656,2.16319302756011,0.1662231321709531,2.1847415748400096,-14.74741273259441,0.2140697716798284,1.2371446692314312
ALL,permuted_R45A,full,72,98.78888888888889,18000,0.39866666666666667,0.731611111111111,0.8317777777777778,11.385473246762917,2.162907210952241,0.16386631026731446,2.183605555578362,-12.028638208187571,0.21695667927308673,1.2368588526235627
ALL,permuted_R45A,full,73,98.78888888888889,18000,0.3985,0.7317777777777779,0.8344999999999999,11.37787822694238,2.1309044923196954,0.12955651873044483,2.147275370218623,-12.09245252409655,0.20936165945255103,1.2048561339910167
ALL,permuted_R45A,full,74,98.78888888888889,18000,0.3993333333333333,0.7343888888888888,0.8361111111111109,11.37426116413246,2.1154990261426523,0.10507402407037723,2.121248334521047,-11.713284855123456,0.20574459664263187,1.1894506678139731
ALL,permuted_R45A,full,75,98.78888888888889,18000,0.3987777777777778,0.7344999999999999,0.8353333333333333,11.371787361968801,2.0942956733038733,0.09916014063899858,2.114571337863728,-12.456598525454131,0.2032707944789713,1.168247314975194
ALL,permuted_R45A,full,76,98.78888888888889,18000,0.3926666666666667,0.7322222222222221,0.8348888888888888,11.38312244651045,2.1783480913948896,0.16789044832929917,2.1863606158829345,-15.193208555322071,0.2146058790206215,1.2522997330662105
ALL,permuted_R45A,full,77,98.78888888888889,18000,0.39444444444444443,0.7328888888888889,0.8373333333333333,11.376256145550386,2.1193002987940104,0.11990933870970795,2.1368080384417265,-12.452654066806366,0.2077395780605562,1.1932519404653315
ALL,permuted_R45A,full,78,98.78888888888889,18000,0.3905,0.7311111111111112,0.8338888888888889,11.38255176678614,2.175661551340431,0.16595357650568904,2.1845070543873772,-15.111820795617328,0.21403519929631287,1.2496131930117522
ALL,permuted_R45A,full,79,98.78888888888889,18000,0.4006666666666666,0.7352777777777778,0.836111111111111,11.377549120170452,2.125338468859344,0.12419331068355564,2.141371760036965,-11.906084129366464,0.20903255268062415,1.1992901105306646
ALL,permuted_R45A,full,80,98.78888888888889,18000,0.3973333333333333,0.7336111111111112,0.8337222222222223,11.38165745558003,2.1618278571555605,0.1515107517497326,2.170006257047314,-12.877003430297409,0.21314088809019818,1.2357794988268818
ALL,permuted_R45A,full,81,98.78888888888889,18000,0.4008333333333334,0.7327777777777779,0.8353888888888888,11.375853130452489,2.1188956163073738,0.12052789004565868,2.137158284998579,-12.638671109937263,0.20733656296266043,1.192847257978695
ALL,permuted_R45A,full,82,98.78888888888889,18000,0.39305555555555555,0.7311111111111112,0.8340555555555556,11.383531271797674,2.1644294460753724,0.1695881409272811,2.1880115814049037,-15.605287371956766,0.21501470430784606,1.2383810877466939
ALL,permuted_R45A,full,83,98.78888888888889,18000,0.39838888888888885,0.7314444444444443,0.8353888888888888,11.382694584375026,2.169074849881665,0.1609849196815579,2.179298823828393,-14.11701288696843,0.21417801688519642,1.2430264915529863
ALL,permuted_R45A,full,84,98.78888888888889,18000,0.39516666666666667,0.7318888888888888,0.8337222222222223,11.377511506526243,2.144518618626296,0.12618418054858427,2.143136421204846,-12.234921905754113,0.20899493903641572,1.218470260297617
ALL,permuted_R45A,full,85,98.78888888888889,18000,0.4016666666666666,0.7349444444444444,0.8361666666666667,11.38018029643032,2.142751722917042,0.1410584430438042,2.1591281083642784,-12.460262282234208,0.21166372894049107,1.2167033645883627
ALL,permuted_R45A,full,86,98.78888888888889,18000,0.39705555555555555,0.7295,0.8358888888888889,11.389090388515191,2.192697717966333,0.19310164260999654,2.213720458513544,-14.41793519573207,0.22057382102536122,1.266649359637654
ALL,permuted_R45A,full,87,98.78888888888889,18000,0.3975555555555556,0.7331666666666666,0.833,11.376161009760871,2.129036738904693,0.11775372772163734,2.1344608744463964,-11.963919763278339,0.20764444227104387,1.2029883805760138
ALL,permuted_R45A,full,88,98.78888888888889,18000,0.39355555555555555,0.7317777777777779,0.8363888888888888,11.37929420652724,2.148005113596678,0.1387583383942089,2.1560585932942296,-13.071162754027158,0.21077763903740926,1.2219567552679986
ALL,permuted_R45A,full,89,98.78888888888889,18000,0.3954444444444445,0.7317222222222222,0.8326666666666668,11.39170422074873,2.1989364872636115,0.20397596091828699,2.2250412912645823,-14.48026825709532,0.2231876532589017,1.2728881289349325
ALL,permuted_R45A,full,90,98.78888888888889,18000,0.40244444444444444,0.7342777777777777,0.8361111111111111,11.378332707286612,2.147610652390013,0.12728107921225226,2.144442637027908,-12.8995736764736,0.20981613979678462,1.2215622940613349
ALL,permuted_R45A,full,91,98.78888888888889,18000,0.3967777777777778,0.7354444444444446,0.8341111111111111,11.38211768023245,2.1612748997084696,0.1609206387638192,2.179366639957351,-14.470279519400954,0.2136011127426222,1.2352265413797907
ALL,permuted_R45A,full,92,98.78888888888889,18000,0.3945,0.7325,0.836,11.378421555894848,2.1523217871663336,0.13282213470341298,2.1500829529769985,-12.597256004765521,0.20990498840501826,1.2262734288376544
ALL,permuted_R45A,full,93,98.78888888888889,18000,0.39322222222222225,0.7311666666666666,0.8316666666666667,11.379857304267135,2.157312838660674,0.1476769854941304,2.165179926040417,-14.23931787996589,0.21134073677730628,1.2312644803319952
ALL,permuted_R45A,full,94,98.78888888888889,18000,0.39944444444444444,0.7346666666666667,0.8335,11.373478935564117,2.1191879547961006,0.10251332699936684,2.1187618938895807,-11.11516097075991,0.20496236807428933,1.1931395964674218
ALL,permuted_R45A,full,95,98.78888888888889,18000,0.398,0.7318888888888888,0.8330555555555555,11.375352314371824,2.1307317244123243,0.1209016996660724,2.137480175069152,-12.553986822404218,0.20683574688199535,1.2046833660836453
ALL,permuted_R45A,full,96,98.78888888888889,18000,0.397,0.7343888888888889,0.8353333333333333,11.378769207265286,2.1515522431417704,0.13820000950434982,2.1559074952529915,-13.179638894334904,0.21025263977545694,1.2255038848130917
ALL,permuted_R45A,full,97,98.78888888888889,18000,0.39777777777777773,0.7351666666666666,0.8354444444444444,11.380484918808625,2.1531953564232653,0.14511670565341048,2.1628940980502867,-13.24872435565126,0.21196835131879468,1.2271469980945862
ALL,permuted_R45A,full,98,98.78888888888889,18000,0.3973333333333333,0.7330555555555557,0.8344444444444444,11.37715889515881,2.1304986593576634,0.12244023815418299,2.13981579743557,-11.646600434903956,0.20864232766898114,1.2044503010289844
ALL,permuted_R45A,full,99,98.78888888888889,18000,0.3933333333333333,0.7318333333333332,0.8350555555555556,11.379976423250676,2.151593153995636,0.1474062588169641,2.165308053985668,-14.002083959007782,0.21145985576084828,1.2255447956669572
ALL,permuted_R45A,permutable_only,0,98.78888888888889,17782,0.3935164155712339,0.7335641271324848,0.8358830536720423,11.369323720895943,2.0974100729155065,0.09630203357754812,2.1112886936696635,-12.66162389808408,0.20242480951453432,1.1717170405803399
ALL,permuted_R45A,permutable_only,1,98.78888888888889,17782,0.4023341336252342,0.7316967015461252,0.8342032910079968,11.373694042505308,2.120568723384283,0.11277909341413804,2.1290265722577515,-12.027149120451003,0.20679513112389664,1.1948756910491165
ALL,permuted_R45A,permutable_only,2,98.78888888888889,17782,0.3957644248836197,0.7300017599283852,0.8299661697522972,11.378556485441779,2.1499701845356567,0.14871971952963303,2.16606489499104,-14.678737590096924,0.2116575740603679,1.2242771522004903
ALL,permuted_R45A,permutable_only,3,98.78888888888889,17782,0.39414609721937055,0.7309466392288869,0.8313040128802488,11.384776351427384,2.186840815514695,0.18152091277243956,2.200570361318972,-14.987109181665609,0.2178774400459716,1.2611477831795286
ALL,permuted_R45A,permutable_only,4,98.78888888888889,17782,0.39213222395352876,0.7313526990537157,0.8314395739726264,11.37885442890846,2.1605940812114013,0.15873683380053116,2.176186177982151,-16.041819555058865,0.21195551752704783,1.2349010488762349
ALL,permuted_R45A,permutable_only,5,98.78888888888889,17782,0.3956697688124931,0.7308346883571244,0.8319663246881374,11.372717395347168,2.129805088337254,0.1125373991148784,2.128035849997461,-13.479693093300096,0.20581848396575833,1.2041120560020877
ALL,permuted_R45A,permutable_only,6,98.78888888888889,17782,0.3897236448467458,0.7295196456405996,0.8308327241569607,11.388137980276353,2.189709337622906,0.19984937914763312,2.220166100691406,-15.52462150030772,0.22123906889494122,1.2640163052877404
ALL,permuted_R45A,permutable_only,7,98.78888888888889,17782,0.3979524612894833,0.730615047909045,0.8309834020607446,11.378869464129012,2.1482893772551277,0.14520836219854066,2.162875328764544,-13.561687903769347,0.21197055274760318,1.222596344919961
ALL,permuted_R45A,permutable_only,8,98.78888888888889,17782,0.39516031289761794,0.7288744112053184,0.829631031913284,11.379376584936734,2.1523417039002233,0.14477130796725513,2.162749698259338,-13.181759514564567,0.21247767355532327,1.226648671565057
ALL,permuted_R45A,permutable_only,9,98.78888888888889,17782,0.3947311413201009,0.7341827972091396,0.8348884971405449,11.382929633655811,2.1674704399838047,0.17221510659941042,2.19108963202895,-14.818227246929391,0.2160307222744011,1.2417774076486385
ALL,permuted_R45A,permutable_only,10,98.78888888888889,17782,0.3937212805006317,0.7300722459384626,0.8304441776804775,11.379958747147462,2.155740103620237,0.15010006330960748,2.1680836228710163,-13.500636880490507,0.21305983576605017,1.2300470712850708
ALL,permuted_R45A,permutable_only,11,98.78888888888889,17782,0.3946535936927257,0.7280317458218059,0.830825662539663,11.384654791954182,2.1751286360616757,0.1797512534301419,2.1993200895702882,-14.220893285035073,0.21775588057276885,1.2494356037265093
ALL,permuted_R45A,permutable_only,12,98.78888888888889,17782,0.3954582782415356,0.7300225073349593,0.8308457576621512,11.380401261759761,2.1663397711318892,0.15428276033123567,2.172373983414645,-13.69073468382415,0.2135023503783509,1.2406467387967224
ALL,permuted_R45A,permutable_only,13,98.78888888888889,17782,0.3949212621518615,0.7291078938480955,0.830936898635151,11.387373162619536,2.1881105648158883,0.1902209692068705,2.21044308889651,-14.281490477865358,0.2204742512381264,1.2624175324807214
ALL,permuted_R45A,permutable_only,14,98.78888888888889,17782,0.3940971983765187,0.7293993274636862,0.8297401525117312,11.384327915867893,2.175099148642706,0.17894872227350497,2.1980848174683794,-14.706276983777071,0.21742900448648156,1.2494061163075396
ALL,permuted_R45A,permutable_only,15,98.78888888888889,17782,0.3929808301537896,0.7308042975591098,0.8352513500901974,11.385316109670997,2.171850868526224,0.1802804722410493,2.1995134485817927,-14.604514249984097,0.2184171982895863,1.246157836191057
ALL,permuted_R45A,permutable_only,16,98.78888888888889,17782,0.3964177156326904,0.7296909160151175,0.8315485695866963,11.381450138660878,2.1611859392072352,0.16095926857589304,2.179480509921719,-14.102042921575142,0.21455122727946618,1.235492906872069
ALL,permuted_R45A,permutable_only,17,98.78888888888889,17782,0.4008339161972055,0.7321341782865046,0.833775426587914,11.3737479820153,2.1200693879935524,0.12314773179207322,2.1390143410280644,-14.074334105474499,0.20684907063388921,1.1943763556583857
ALL,permuted_R45A,permutable_only,18,98.78888888888889,17782,0.39069057871125573,0.726429313357107,0.8276758558175747,11.388042513065853,2.213340681531006,0.202849095411694,2.223217363440704,-16.197257079414676,0.2211436016844448,1.2876476491958395
ALL,permuted_R45A,permutable_only,19,98.78888888888889,17782,0.39650428431888346,0.7308971805456008,0.8314148440711429,11.381539224303795,2.163509775954571,0.15590681055549258,2.174167244547058,-13.699806372499488,0.2146403129223838,1.237816743619405
ALL,permuted_R45A,permutable_only,20,98.78888888888889,17782,0.39415247401185716,0.7296633869114625,0.8333959936139003,11.37798478807587,2.150727979571314,0.14331314575184873,2.1607706776012536,-13.78798347024014,0.21108587669446124,1.2250349472361475
ALL,permuted_R45A,permutable_only,21,98.78888888888889,17782,0.3984661171272964,0.7291804953552138,0.8322458755505505,11.380132999148026,2.148102396411422,0.15019543913688105,2.1684630531934417,-13.27905943003683,0.2132340877666163,1.2224093640762554
ALL,permuted_R45A,permutable_only,22,98.78888888888889,17782,0.39419057871125573,0.7263803520220667,0.8305080069778511,11.37881270256452,2.165606259466548,0.1491877396057606,2.166762331961965,-14.59653081124435,0.21191379118310963,1.2399132271313813
ALL,permuted_R45A,permutable_only,23,98.78888888888889,17782,0.3951282739993447,0.7288327914077929,0.8281460873521829,11.386656115266804,2.193388532662173,0.18899591615465383,2.208873346677821,-14.682744814454558,0.21975720388539322,1.2676955003270063
ALL,permuted_R45A,permutable_only,24,98.78888888888889,17782,0.3930560759272392,0.7306397153183399,0.8317118147185689,11.386638125095885,2.1875789319695396,0.1866545850802611,2.206317240322056,-14.735132114417212,0.2197392137144751,1.2618858996343731
ALL,permuted_R45A,permutable_only,25,98.78888888888889,17782,0.39507778807884175,0.7301986924086896,0.8337635752557805,11.369365269097528,2.1147550126135295,0.09779425725481541,2.1128971081519627,-13.074895134572643,0.20246635771611782,1.1890619802783633
ALL,permuted_R45A,permutable_only,26,98.78888888888889,17782,0.3957233649265286,0.7307673439616241,0.8327099791417449,11.38764695124432,2.1892368917434,0.19394610560745898,2.2138641717596124,-14.977428288968405,0.22074803986291003,1.2635438594082335
ALL,permuted_R45A,permutable_only,27,98.78888888888889,17782,0.39785584577683664,0.7305433172337221,0.8317892998537556,11.381328608313648,2.172772312872957,0.16248511635743776,2.180692897130814,-14.619800105768256,0.21442969693223723,1.2470792805377908
ALL,permuted_R45A,permutable_only,28,98.78888888888889,17782,0.39516668969010454,0.7303119190168419,0.8338162066247877,11.381254740326849,2.177865803064044,0.16835093748235083,2.1867860638947882,-15.269731674846497,0.21435582894543803,1.2521727707288777
ALL,permuted_R45A,permutable_only,29,98.78888888888889,17782,0.39557654341359627,0.7304932362178133,0.8326938040219777,11.38043795694805,2.167884047441337,0.16101215309911537,2.179181842858311,-14.809601317114122,0.2135390455666373,1.2421910151061704
ALL,permuted_R45A,permutable_only,30,98.78888888888889,17782,0.39807520630469906,0.7296821748765168,0.8296553258390292,11.37433723052317,2.1353250825528085,0.12029175489770808,2.1365411163123453,-13.210540220493415,0.20743831914175914,1.209632050217642
ALL,permuted_R45A,permutable_only,31,98.78888888888889,17782,0.3974310290580979,0.7329330458832624,0.8325899094640046,11.376511237203573,2.130356515712439,0.1287895633348234,2.146221613102709,-12.147873564238516,0.20961232582216047,1.2046634833772718
ALL,permuted_R45A,permutable_only,32,98.78888888888889,17782,0.3937048568816916,0.7306092934491812,0.8308167978862664,11.377798896942217,2.145074022434463,0.1393086315832891,2.1567589080052807,-13.741052715182782,0.21089998556080491,1.219380990099297
ALL,permuted_R45A,permutable_only,33,98.78888888888889,17782,0.3958877611603141,0.7302840789218258,0.8332311314529133,11.380421972543393,2.1478749957811636,0.15772496455889926,2.1755153579576234,-14.670008097413968,0.21352306116198344,1.2221819634459967
ALL,permuted_R45A,permutable_only,34,98.78888888888889,17782,0.39618547765515877,0.7289441199469329,0.8300135440096863,11.384173546520053,2.180399132317431,0.1736448876658852,2.1926972155664686,-14.500488411268297,0.2172746351386419,1.254706099982265
ALL,permuted_R45A,permutable_only,35,98.78888888888889,17782,0.3916964581554965,0.7331174433263032,0.8336712521097237,11.378024663608219,2.153595063643993,0.14695209902776582,2.1642861014634134,-14.513632054764388,0.21112575222680646,1.2279020313088262
ALL,permuted_R45A,permutable_only,36,98.78888888888889,17782,0.39189115127406393,0.7277490844159598,0.8320190810415214,11.382112211736036,2.1573970481944045,0.15968711654925638,2.178391915957102,-13.607475812934492,0.21521330035462427,1.2317040158592378
ALL,permuted_R45A,permutable_only,37,98.78888888888889,17782,0.3952971486067041,0.728828591484855,0.831060980759264,11.385567085456508,2.184532620488254,0.17769337747744166,2.1973782677194436,-13.796747611024545,0.21866817407509925,1.2588395881530874
ALL,permuted_R45A,permutable_only,38,98.78888888888889,17782,0.3940096039226899,0.7270173752077183,0.8313098923244897,11.381801362458866,2.177309105841835,0.16983484588309153,2.187981997285209,-15.56499311017386,0.21490245107745495,1.2516160735066684
ALL,permuted_R45A,permutable_only,39,98.78888888888889,17782,0.39681736759388836,0.7287114459936628,0.8323685894946222,11.37222341532183,2.1168438880971228,0.108117016256999,2.1242542556497646,-12.407823887510935,0.2053245039404194,1.1911508557619563
ALL,permuted_R45A,permutable_only,40,98.78888888888889,17782,0.39238791609615425,0.7288037066475312,0.8317435426254809,11.382356187467899,2.180667634334172,0.17306849711389416,2.191426488432155,-15.951792754331908,0.2154572760864881,1.2549746019990051
ALL,permuted_R45A,permutable_only,41,98.78888888888889,17782,0.39444033003713286,0.7297238571662306,0.829286966928686,11.38194056246393,2.1662063968472105,0.166172429173645,2.184599830534445,-14.809877470807287,0.2150416510825185,1.240513364512044
ALL,permuted_R45A,permutable_only,42,98.78888888888889,17782,0.39556649658714277,0.7296789396986071,0.8303884971405451,11.379814502378796,2.1657834925937585,0.1566886523958576,2.174545267803559,-14.4998668945953,0.2129155909973846,1.2400904602585916
ALL,permuted_R45A,permutable_only,43,98.78888888888889,17782,0.39066899154403006,0.7295934607418194,0.830908809691062,11.380194750436761,2.175860985640047,0.1553832976088249,2.173451212848413,-14.314533074622599,0.21329583905534974,1.2501679533048806
ALL,permuted_R45A,permutable_only,44,98.78888888888889,17782,0.39764105753578116,0.7320355408401498,0.8315849947647922,11.385799671814913,2.181501105257143,0.18031458591433241,2.200046972032104,-14.039598060458099,0.2189007604335014,1.2558080729219772
ALL,permuted_R45A,permutable_only,45,98.78888888888889,17782,0.39144241446302974,0.7292508578504955,0.8334631520024163,11.379031298512952,2.15319598025213,0.14989508711238386,2.1672766338825,-14.429012402958923,0.21213238713154212,1.227502947916964
ALL,permuted_R45A,permutable_only,46,98.78888888888889,17782,0.393236398431719,0.7269865795051095,0.8282818033804005,11.38252352405418,2.1715415628609986,0.1675757152618381,2.1862551197840627,-14.410983294849494,0.215624612672767,1.245848530525832
ALL,permuted_R45A,permutable_only,47,98.78888888888889,17782,0.3959232526645256,0.7265274220341718,0.8285337940680148,11.384461442649636,2.171426050934916,0.17911944220272547,2.198923812418828,-14.045439851909574,0.21756253126822606,1.2457330185997497
ALL,permuted_R45A,permutable_only,48,98.78888888888889,17782,0.39454534427597454,0.7279874192657608,0.8311718119501579,11.379123862113605,2.1593996802138875,0.15087423709382441,2.16871753554865,-14.04054342948202,0.212224950732195,1.2337066478787213
ALL,permuted_R45A,permutable_only,49,98.78888888888889,17782,0.3952349363384448,0.7316807752754311,0.8331159139821969,11.375201162797678,2.1464157281679115,0.1263813290895267,2.1428686459099553,-13.37893486155235,0.20830225141626613,1.2207226958327455
ALL,permuted_R45A,permutable_only,50,98.78888888888889,17782,0.3962517337908349,0.7326669020095892,0.8347740269868281,11.375188263076053,2.12921549944977,0.12961162632146553,2.146106661293489,-13.933615893676283,0.20828935169464205,1.2035224671146034
ALL,permuted_R45A,permutable_only,51,98.78888888888889,17782,0.3989453072285337,0.7292306388633113,0.8309218431962522,11.384617265847728,2.173766695185066,0.17661470113793992,2.1960800895731603,-14.113359165949412,0.21771835446631782,1.2480736628498996
ALL,permuted_R45A,permutable_only,52,98.78888888888889,17782,0.39248201232684665,0.7288781126603295,0.8306035028096291,11.38853321688862,2.2006519354717984,0.20373440662052786,2.2240817983820174,-15.772077861859676,0.22163430550720933,1.2749589031366322
ALL,permuted_R45A,permutable_only,53,98.78888888888889,17782,0.40068812192149,0.7322372330838265,0.8338101097525183,11.37693178042873,2.141832521505223,0.13520872849834398,2.152616238458154,-13.245058349472314,0.21003286904731944,1.2161394891700563
ALL,permuted_R45A,permutable_only,54,98.78888888888889,17782,0.39775985259681285,0.7316003348825518,0.833206060258705,11.380097033550848,2.14254060299555,0.14752907319701752,2.165776495411505,-12.871887540292722,0.21319812216943773,1.2168475706603834
ALL,permuted_R45A,permutable_only,55,98.78888888888889,17782,0.39437964235433615,0.7297591626634575,0.8327003982424929,11.379800461075577,2.159938875052316,0.1561021953336134,2.173902886529443,-14.673831851225522,0.2129015496941661,1.2342458427171497
ALL,permuted_R45A,permutable_only,56,98.78888888888889,17782,0.39417073355752147,0.7306565127707301,0.8364388580766708,11.379867163386741,2.143446739119615,0.1549338163642333,2.1727729671018796,-14.501839444803867,0.21296825200532835,1.2177537067844484
ALL,permuted_R45A,permutable_only,57,98.78888888888889,17782,0.39344088987756703,0.7289183328567691,0.8311156340619795,11.386425204614717,2.1924337952849022,0.1910442245552609,2.210714004609414,-15.653866210616725,0.21952629323330752,1.2667407629497354
ALL,permuted_R45A,permutable_only,58,98.78888888888889,17782,0.39261856811571566,0.7288131011898988,0.828679153487673,11.385510511655834,2.1802928995030113,0.18551869591009,2.205037030570859,-15.224512914032195,0.218611600274425,1.2545998671678449
ALL,permuted_R45A,permutable_only,59,98.78888888888889,17782,0.3945647545736514,0.7311063692626327,0.8327695471436731,11.383893398999122,2.192061192082763,0.17623584722456262,2.195378016298709,-15.164068287656116,0.2169944876177107,1.266368159747596
ALL,permuted_R45A,permutable_only,60,98.78888888888889,17782,0.3974598028269983,0.7295231921597707,0.8302824882052117,11.378100218180954,2.144290148437062,0.14852590208012909,2.165913521736311,-14.525527624696082,0.21120130679954416,1.2185971161018954
ALL,permuted_R45A,permutable_only,61,98.78888888888889,17782,0.39101094103158723,0.7311101332098326,0.8323288666464284,11.375690122054635,2.137130021540368,0.13258664987279936,2.149532727451573,-13.363315822095807,0.20879121067322512,1.2114369892052015
ALL,permuted_R45A,permutable_only,62,98.78888888888889,17782,0.3983095287081276,0.7302991029396801,0.8310126417568464,11.381383240931832,2.1558834281359207,0.15852951107017985,2.1765938552175492,-14.250906213628717,0.21448432955042007,1.2301903958007547
ALL,permuted_R45A,permutable_only,63,98.78888888888889,17782,0.3942505516177779,0.7284122359844996,0.829756016290237,11.374086107509429,2.1443022290891154,0.12595309027166016,2.1422780022862313,-13.882535182414905,0.2071871961280187,1.2186091967539492
ALL,permuted_R45A,permutable_only,64,98.78888888888889,17782,0.39621754797447634,0.7317813096711175,0.8328499564654082,11.378541638255175,2.151639303638793,0.1497553643106627,2.166755297020044,-15.26479546092326,0.2116427268737646,1.2259462713036262
ALL,permuted_R45A,permutable_only,65,98.78888888888889,17782,0.3924967878455283,0.7312828967487686,0.8317166358544488,11.381521766950735,2.184357700202221,0.16881293386003712,2.186851232769337,-15.763322074218772,0.21462285556932473,1.258664667867054
ALL,permuted_R45A,permutable_only,66,98.78888888888889,17782,0.39409075909184366,0.7290702240047541,0.8324332896237914,11.381112379535308,2.166374174605365,0.15472317927232088,2.1728989351789094,-13.856369109216955,0.21421346815389833,1.2406811422701987
ALL,permuted_R45A,permutable_only,67,98.78888888888889,17782,0.39831534566018,0.7295057413036136,0.8314834020607447,11.382471018807214,2.1712979821181064,0.16658977456881435,2.1856400985441926,-14.011121595748833,0.21557210742580468,1.2456049497829396
ALL,permuted_R45A,permutable_only,68,98.78888888888889,17782,0.39782704205647307,0.7327431125280673,0.8319244874625835,11.37894763323987,2.14719039591935,0.1476233549158817,2.1655512934894308,-13.936352085291968,0.21204872185846002,1.2214973635841835
ALL,permuted_R45A,permutable_only,69,98.78888888888889,17782,0.3958199179469868,0.732048169440746,0.8316798682639474,11.384170159565729,2.1687493699311258,0.1749871081625757,2.1941735863843306,-14.435772605037231,0.21727124818431828,1.2430563375959598
ALL,permuted_R45A,permutable_only,70,98.78888888888889,17782,0.3960520634808667,0.7294906233725263,0.8299052945929352,11.378756251426664,2.159111436661581,0.14885720417547754,2.166494460032293,-13.99949729223933,0.21185734004525297,1.2334184043264145
ALL,permuted_R45A,permutable_only,71,98.78888888888889,17782,0.3905257790424573,0.7294418495140514,0.8325355985736945,11.382645802577807,2.1760155482035137,0.17762908449421547,2.1962442142985505,-15.818253602109836,0.2157468911963978,1.2503225158683469
ALL,permuted_R45A,permutable_only,72,98.78888888888889,17782,0.3965256540580804,0.7285190547290212,0.828544837060541,11.385481778276226,2.1753381942339476,0.17466973622217596,2.194499216318244,-13.042718494811943,0.2185828668948162,1.2496451618987814
ALL,permuted_R45A,permutable_only,73,98.78888888888889,17782,0.39631540815236843,0.728611097954861,0.8312997830058477,11.377909577762082,2.143620549983579,0.14070541119596391,2.1585181980155292,-13.139070646431797,0.21101066638067162,1.2179275176484128
ALL,permuted_R45A,permutable_only,74,98.78888888888889,17782,0.3972760587877243,0.7313767130592438,0.833041570461587,11.374260095639027,2.1279229011278122,0.11589241642600062,2.132157123645774,-12.728763807473198,0.20736118425761757,1.2022298687926454
ALL,permuted_R45A,permutable_only,75,98.78888888888889,17782,0.39673135874812965,0.7314553803674877,0.8320867992704719,11.371821001628371,2.106760436935511,0.1101097120411238,2.1256127070879933,-13.484459530757752,0.20492209024696006,1.181067404600344
ALL,permuted_R45A,permutable_only,76,98.78888888888889,17782,0.3906915120352397,0.7293179533969227,0.8318390384572588,11.383071583824346,2.1903147066724213,0.17825804932842496,2.1968137880460037,-16.166208932266496,0.21617267244293456,1.2646216743372551
ALL,permuted_R45A,permutable_only,77,98.78888888888889,17782,0.3923847119893888,0.7299940759784647,0.8343453527575571,11.376248035773884,2.1317512969024763,0.13059266398938543,2.1475803133913263,-13.455413642485762,0.20934912439247275,1.20605826456731
ALL,permuted_R45A,permutable_only,78,98.78888888888889,17782,0.38836452442324887,0.7280540178138426,0.8306956085276576,11.382590510425718,2.188369442126545,0.17704362913613103,2.1956904102956196,-16.152908737871865,0.21569159904430849,1.262676409791379
ALL,permuted_R45A,permutable_only,79,98.78888888888889,17782,0.3984418546225954,0.7322822744161459,0.8329675068611944,11.377600542807512,2.138214758438497,0.13543310978738313,2.1527064660242914,-12.961278856893475,0.21070163142610254,1.2125217261033303
ALL,permuted_R45A,permutable_only,80,98.78888888888889,17782,0.39523751811258756,0.7307160182804697,0.8306948612106577,11.381687639502735,2.1743200036882793,0.16258016470308,2.1811687533252613,-13.91613997967018,0.2147887281213211,1.248626971353113
ALL,permuted_R45A,permutable_only,81,98.78888888888889,17782,0.3986903612832271,0.7297409345388378,0.8322927213885498,11.375937665630211,2.13229053646377,0.1321095321060216,2.1488384940151373,-13.726073277929222,0.209038754248801,1.2065975041286037
ALL,permuted_R45A,permutable_only,82,98.78888888888889,17782,0.3909178406170673,0.7281258420524982,0.8309313616033158,11.383592536720947,2.177298953928594,0.18072128482863264,2.199238487067174,-16.650454217123283,0.21669362533953532,1.2516059215934279
ALL,permuted_R45A,permutable_only,83,98.78888888888889,17782,0.39631472332755713,0.728440884769023,0.8322916017076812,11.382685967632575,2.1814441176548396,0.17178107695916423,2.1901851406564607,-15.13039133801123,0.21578705625116476,1.2557510853196727
ALL,permuted_R45A,permutable_only,84,98.78888888888889,17782,0.3930425450738031,0.7288556232402641,0.8306307519930669,11.377543393191337,2.157165845903058,0.13722322371436915,2.154268221797843,-13.271201904936865,0.2106444818099266,1.2314728135678914
ALL,permuted_R45A,permutable_only,85,98.78888888888889,17782,0.3996507319983658,0.7319977160609682,0.8331084800010301,11.38012867837066,2.15476479311978,0.15142850459767512,2.169583767583498,-13.433493457996166,0.21322976698924972,1.2290717607846133
ALL,permuted_R45A,permutable_only,86,98.78888888888889,17782,0.39501909090870924,0.7265688244036685,0.8329341918766313,11.38903691729899,2.2047910954897856,0.2034996457914372,2.224204359246338,-15.393794235239252,0.22213800591757976,1.2790980631546192
ALL,permuted_R45A,permutable_only,87,98.78888888888889,17782,0.39553688305759094,0.7302335930013227,0.8299460121376205,11.376128751409448,2.1411520655402914,0.12829670206263763,2.145091297398587,-12.953444973679078,0.2092298400280378,1.2154590332051243
ALL,permuted_R45A,permutable_only,88,98.78888888888889,17782,0.391474453361303,0.7287684011503042,0.8332236349795581,11.379242212132022,2.159888515144716,0.14914535916271862,2.1665313936264745,-14.045989689642854,0.21234330075061178,1.2341954828095492
ALL,permuted_R45A,permutable_only,89,98.78888888888889,17782,0.393254875405412,0.7286559529302958,0.8295280396081509,11.391782537679038,2.211728043698587,0.21519251126003971,2.2363524949768667,-15.533302689692745,0.22488362629762737,1.2860350113634202
ALL,permuted_R45A,permutable_only,90,98.78888888888889,17782,0.4002418419002216,0.7313089012669609,0.8330149436107721,11.378386559543237,2.160273727089422,0.13834552595444996,2.1556001101180007,-13.938267292786186,0.21148764816182536,1.2345806947542561
ALL,permuted_R45A,permutable_only,91,98.78888888888889,17782,0.39472442211520875,0.7325216050821195,0.8310357535095347,11.382130314901708,2.1737979426884735,0.17174895961957204,2.190285461878444,-15.486707079668216,0.2152314035202979,1.2481049103533066
ALL,permuted_R45A,permutable_only,92,98.78888888888889,17782,0.3923978079867676,0.7296032276480557,0.8329160262441999,11.378366346681098,2.164420146235252,0.143288127890283,2.1606355729874753,-13.579512256849485,0.21146743529968726,1.2387271139000855
ALL,permuted_R45A,permutable_only,93,98.78888888888889,17782,0.3911078364644509,0.7281359202999961,0.8285161257838292,11.37990799539948,2.1698936322955955,0.1588044029643317,2.176401045537536,-15.28393483853561,0.2130090840180683,1.2442005999604286
ALL,permuted_R45A,permutable_only,94,98.78888888888889,17782,0.39747068941410313,0.7318234279365695,0.8303738466062404,11.373440085408465,2.131406031445587,0.11308728861610137,2.1294236374058237,-12.10759579248237,0.20654117402705435,1.2057129991104207
ALL,permuted_R45A,permutable_only,95,98.78888888888889,17782,0.3959238749971483,0.7289937960582474,0.8299591081349993,11.375301004013632,2.1429592702711022,0.1314167809222987,2.1480824088640675,-13.54086712327284,0.20840209263222342,1.2172662379359354
ALL,permuted_R45A,permutable_only,96,98.78888888888889,17782,0.3949044646994713,0.7313639594742706,0.8322751466676966,11.37875324362171,2.1640565903243703,0.14908683582106497,2.1668854544437592,-14.201543239417786,0.2118543322402978,1.238363557989204
ALL,permuted_R45A,permutable_only,97,98.78888888888889,17782,0.3956725066421568,0.7322094240599544,0.8323732242736175,11.380498614337451,2.165961673821298,0.1561489428207293,2.1740190225354414,-14.28434498688672,0.21359970295603908,1.2402686414861315
ALL,permuted_R45A,permutable_only,98,98.78888888888889,17782,0.395313261234283,0.7300866790447388,0.8314023704063866,11.377161984154588,2.1430434155884854,0.1332456293810649,2.150711445376715,-12.660860059682895,0.21026307277317646,1.2173503832533192
ALL,permuted_R45A,permutable_only,99,98.78888888888889,17782,0.3912974285269213,0.7289388003431261,0.8320470450012337,11.37993479463098,2.163664903910146,0.15790597395941636,2.175894755384073,-14.98752805890045,0.21303588324956957,1.2379718715749795
