seed,control,selection,problem,size_bucket,category,count,cost_change_sum,regret_change_sum_pp,net_mean_cost_change,net_actual_regret_change_pp
2,C0,best,TSP,ALL,corrected,0,0.0,0.0,0.0,0.0
2,C0,best,TSP,ALL,harmed,0,0.0,0.0,0.0,0.0
2,C0,best,TSP,ALL,both_wrong_cost_down,0,0.0,0.0,0.0,0.0
2,C0,best,TSP,ALL,both_wrong_cost_up,0,0.0,0.0,0.0,0.0
2,C0,best,TSP,ALL,unchanged_or_equal,1000,0.0,0.0,0.0,0.0
2,C0,best,TSP,ALL,all,1000,0.0,0.0,0.0,0.0
2,C0,best,TSP,0,corrected,0,0.0,0.0,0.0,0.0
2,C0,best,TSP,0,harmed,0,0.0,0.0,0.0,0.0
2,C0,best,TSP,0,both_wrong_cost_down,0,0.0,0.0,0.0,0.0
2,C0,best,TSP,0,both_wrong_cost_up,0,0.0,0.0,0.0,0.0
2,C0,best,TSP,0,unchanged_or_equal,266,0.0,0.0,0.0,0.0
2,C0,best,TSP,0,all,266,0.0,0.0,0.0,0.0
2,C0,best,TSP,1,corrected,0,0.0,0.0,0.0,0.0
2,C0,best,TSP,1,harmed,0,0.0,0.0,0.0,0.0
2,C0,best,TSP,1,both_wrong_cost_down,0,0.0,0.0,0.0,0.0
2,C0,best,TSP,1,both_wrong_cost_up,0,0.0,0.0,0.0,0.0
2,C0,best,TSP,1,unchanged_or_equal,241,0.0,0.0,0.0,0.0
2,C0,best,TSP,1,all,241,0.0,0.0,0.0,0.0
2,C0,best,TSP,2,corrected,0,0.0,0.0,0.0,0.0
2,C0,best,TSP,2,harmed,0,0.0,0.0,0.0,0.0
2,C0,best,TSP,2,both_wrong_cost_down,0,0.0,0.0,0.0,0.0
2,C0,best,TSP,2,both_wrong_cost_up,0,0.0,0.0,0.0,0.0
2,C0,best,TSP,2,unchanged_or_equal,250,0.0,0.0,0.0,0.0
2,C0,best,TSP,2,all,250,0.0,0.0,0.0,0.0
2,C0,best,TSP,3,corrected,0,0.0,0.0,0.0,0.0
2,C0,best,TSP,3,harmed,0,0.0,0.0,0.0,0.0
2,C0,best,TSP,3,both_wrong_cost_down,0,0.0,0.0,0.0,0.0
2,C0,best,TSP,3,both_wrong_cost_up,0,0.0,0.0,0.0,0.0
2,C0,best,TSP,3,unchanged_or_equal,243,0.0,0.0,0.0,0.0
2,C0,best,TSP,3,all,243,0.0,0.0,0.0,0.0
2,C0,best,CVRP,ALL,corrected,0,0.0,0.0,0.0,0.0
2,C0,best,CVRP,ALL,harmed,0,0.0,0.0,0.0,0.0
2,C0,best,CVRP,ALL,both_wrong_cost_down,0,0.0,0.0,0.0,0.0
2,C0,best,CVRP,ALL,both_wrong_cost_up,0,0.0,0.0,0.0,0.0
2,C0,best,CVRP,ALL,unchanged_or_equal,1000,0.0,0.0,0.0,0.0
2,C0,best,CVRP,ALL,all,1000,0.0,0.0,0.0,0.0
2,C0,best,CVRP,0,corrected,0,0.0,0.0,0.0,0.0
2,C0,best,CVRP,0,harmed,0,0.0,0.0,0.0,0.0
2,C0,best,CVRP,0,both_wrong_cost_down,0,0.0,0.0,0.0,0.0
2,C0,best,CVRP,0,both_wrong_cost_up,0,0.0,0.0,0.0,0.0
2,C0,best,CVRP,0,unchanged_or_equal,247,0.0,0.0,0.0,0.0
2,C0,best,CVRP,0,all,247,0.0,0.0,0.0,0.0
2,C0,best,CVRP,1,corrected,0,0.0,0.0,0.0,0.0
2,C0,best,CVRP,1,harmed,0,0.0,0.0,0.0,0.0
2,C0,best,CVRP,1,both_wrong_cost_down,0,0.0,0.0,0.0,0.0
2,C0,best,CVRP,1,both_wrong_cost_up,0,0.0,0.0,0.0,0.0
2,C0,best,CVRP,1,unchanged_or_equal,260,0.0,0.0,0.0,0.0
2,C0,best,CVRP,1,all,260,0.0,0.0,0.0,0.0
2,C0,best,CVRP,2,corrected,0,0.0,0.0,0.0,0.0
2,C0,best,CVRP,2,harmed,0,0.0,0.0,0.0,0.0
2,C0,best,CVRP,2,both_wrong_cost_down,0,0.0,0.0,0.0,0.0
2,C0,best,CVRP,2,both_wrong_cost_up,0,0.0,0.0,0.0,0.0
2,C0,best,CVRP,2,unchanged_or_equal,239,0.0,0.0,0.0,0.0
2,C0,best,CVRP,2,all,239,0.0,0.0,0.0,0.0
2,C0,best,CVRP,3,corrected,0,0.0,0.0,0.0,0.0
2,C0,best,CVRP,3,harmed,0,0.0,0.0,0.0,0.0
2,C0,best,CVRP,3,both_wrong_cost_down,0,0.0,0.0,0.0,0.0
2,C0,best,CVRP,3,both_wrong_cost_up,0,0.0,0.0,0.0,0.0
2,C0,best,CVRP,3,unchanged_or_equal,254,0.0,0.0,0.0,0.0
2,C0,best,CVRP,3,all,254,0.0,0.0,0.0,0.0
2,C0,best,ATSP,ALL,corrected,0,0.0,0.0,0.0,0.0
2,C0,best,ATSP,ALL,harmed,0,0.0,0.0,0.0,0.0
2,C0,best,ATSP,ALL,both_wrong_cost_down,0,0.0,0.0,0.0,0.0
2,C0,best,ATSP,ALL,both_wrong_cost_up,0,0.0,0.0,0.0,0.0
2,C0,best,ATSP,ALL,unchanged_or_equal,1000,0.0,0.0,0.0,0.0
2,C0,best,ATSP,ALL,all,1000,0.0,0.0,0.0,0.0
2,C0,best,ATSP,0,corrected,0,0.0,0.0,0.0,0.0
2,C0,best,ATSP,0,harmed,0,0.0,0.0,0.0,0.0
2,C0,best,ATSP,0,both_wrong_cost_down,0,0.0,0.0,0.0,0.0
2,C0,best,ATSP,0,both_wrong_cost_up,0,0.0,0.0,0.0,0.0
2,C0,best,ATSP,0,unchanged_or_equal,273,0.0,0.0,0.0,0.0
2,C0,best,ATSP,0,all,273,0.0,0.0,0.0,0.0
2,C0,best,ATSP,1,corrected,0,0.0,0.0,0.0,0.0
2,C0,best,ATSP,1,harmed,0,0.0,0.0,0.0,0.0
2,C0,best,ATSP,1,both_wrong_cost_down,0,0.0,0.0,0.0,0.0
2,C0,best,ATSP,1,both_wrong_cost_up,0,0.0,0.0,0.0,0.0
2,C0,best,ATSP,1,unchanged_or_equal,247,0.0,0.0,0.0,0.0
2,C0,best,ATSP,1,all,247,0.0,0.0,0.0,0.0
2,C0,best,ATSP,2,corrected,0,0.0,0.0,0.0,0.0
2,C0,best,ATSP,2,harmed,0,0.0,0.0,0.0,0.0
2,C0,best,ATSP,2,both_wrong_cost_down,0,0.0,0.0,0.0,0.0
2,C0,best,ATSP,2,both_wrong_cost_up,0,0.0,0.0,0.0,0.0
2,C0,best,ATSP,2,unchanged_or_equal,240,0.0,0.0,0.0,0.0
2,C0,best,ATSP,2,all,240,0.0,0.0,0.0,0.0
2,C0,best,ATSP,3,corrected,0,0.0,0.0,0.0,0.0
2,C0,best,ATSP,3,harmed,0,0.0,0.0,0.0,0.0
2,C0,best,ATSP,3,both_wrong_cost_down,0,0.0,0.0,0.0,0.0
2,C0,best,ATSP,3,both_wrong_cost_up,0,0.0,0.0,0.0,0.0
2,C0,best,ATSP,3,unchanged_or_equal,240,0.0,0.0,0.0,0.0
2,C0,best,ATSP,3,all,240,0.0,0.0,0.0,0.0
2,C0,best,OVRP,ALL,corrected,0,0.0,0.0,0.0,0.0
2,C0,best,OVRP,ALL,harmed,0,0.0,0.0,0.0,0.0
2,C0,best,OVRP,ALL,both_wrong_cost_down,0,0.0,0.0,0.0,0.0
2,C0,best,OVRP,ALL,both_wrong_cost_up,0,0.0,0.0,0.0,0.0
2,C0,best,OVRP,ALL,unchanged_or_equal,1000,0.0,0.0,0.0,0.0
2,C0,best,OVRP,ALL,all,1000,0.0,0.0,0.0,0.0
2,C0,best,OVRP,0,corrected,0,0.0,0.0,0.0,0.0
2,C0,best,OVRP,0,harmed,0,0.0,0.0,0.0,0.0
2,C0,best,OVRP,0,both_wrong_cost_down,0,0.0,0.0,0.0,0.0
2,C0,best,OVRP,0,both_wrong_cost_up,0,0.0,0.0,0.0,0.0
2,C0,best,OVRP,0,unchanged_or_equal,260,0.0,0.0,0.0,0.0
2,C0,best,OVRP,0,all,260,0.0,0.0,0.0,0.0
2,C0,best,OVRP,1,corrected,0,0.0,0.0,0.0,0.0
2,C0,best,OVRP,1,harmed,0,0.0,0.0,0.0,0.0
2,C0,best,OVRP,1,both_wrong_cost_down,0,0.0,0.0,0.0,0.0
2,C0,best,OVRP,1,both_wrong_cost_up,0,0.0,0.0,0.0,0.0
2,C0,best,OVRP,1,unchanged_or_equal,260,0.0,0.0,0.0,0.0
2,C0,best,OVRP,1,all,260,0.0,0.0,0.0,0.0
2,C0,best,OVRP,2,corrected,0,0.0,0.0,0.0,0.0
2,C0,best,OVRP,2,harmed,0,0.0,0.0,0.0,0.0
2,C0,best,OVRP,2,both_wrong_cost_down,0,0.0,0.0,0.0,0.0
2,C0,best,OVRP,2,both_wrong_cost_up,0,0.0,0.0,0.0,0.0
2,C0,best,OVRP,2,unchanged_or_equal,252,0.0,0.0,0.0,0.0
2,C0,best,OVRP,2,all,252,0.0,0.0,0.0,0.0
2,C0,best,OVRP,3,corrected,0,0.0,0.0,0.0,0.0
2,C0,best,OVRP,3,harmed,0,0.0,0.0,0.0,0.0
2,C0,best,OVRP,3,both_wrong_cost_down,0,0.0,0.0,0.0,0.0
2,C0,best,OVRP,3,both_wrong_cost_up,0,0.0,0.0,0.0,0.0
2,C0,best,OVRP,3,unchanged_or_equal,228,0.0,0.0,0.0,0.0
2,C0,best,OVRP,3,all,228,0.0,0.0,0.0,0.0
2,C0,best,VRPB,ALL,corrected,0,0.0,0.0,0.0,0.0
2,C0,best,VRPB,ALL,harmed,0,0.0,0.0,0.0,0.0
2,C0,best,VRPB,ALL,both_wrong_cost_down,0,0.0,0.0,0.0,0.0
2,C0,best,VRPB,ALL,both_wrong_cost_up,0,0.0,0.0,0.0,0.0
2,C0,best,VRPB,ALL,unchanged_or_equal,1000,0.0,0.0,0.0,0.0
2,C0,best,VRPB,ALL,all,1000,0.0,0.0,0.0,0.0
2,C0,best,VRPB,0,corrected,0,0.0,0.0,0.0,0.0
2,C0,best,VRPB,0,harmed,0,0.0,0.0,0.0,0.0
2,C0,best,VRPB,0,both_wrong_cost_down,0,0.0,0.0,0.0,0.0
2,C0,best,VRPB,0,both_wrong_cost_up,0,0.0,0.0,0.0,0.0
2,C0,best,VRPB,0,unchanged_or_equal,260,0.0,0.0,0.0,0.0
2,C0,best,VRPB,0,all,260,0.0,0.0,0.0,0.0
2,C0,best,VRPB,1,corrected,0,0.0,0.0,0.0,0.0
2,C0,best,VRPB,1,harmed,0,0.0,0.0,0.0,0.0
2,C0,best,VRPB,1,both_wrong_cost_down,0,0.0,0.0,0.0,0.0
2,C0,best,VRPB,1,both_wrong_cost_up,0,0.0,0.0,0.0,0.0
2,C0,best,VRPB,1,unchanged_or_equal,260,0.0,0.0,0.0,0.0
2,C0,best,VRPB,1,all,260,0.0,0.0,0.0,0.0
2,C0,best,VRPB,2,corrected,0,0.0,0.0,0.0,0.0
2,C0,best,VRPB,2,harmed,0,0.0,0.0,0.0,0.0
2,C0,best,VRPB,2,both_wrong_cost_down,0,0.0,0.0,0.0,0.0
2,C0,best,VRPB,2,both_wrong_cost_up,0,0.0,0.0,0.0,0.0
2,C0,best,VRPB,2,unchanged_or_equal,252,0.0,0.0,0.0,0.0
2,C0,best,VRPB,2,all,252,0.0,0.0,0.0,0.0
2,C0,best,VRPB,3,corrected,0,0.0,0.0,0.0,0.0
2,C0,best,VRPB,3,harmed,0,0.0,0.0,0.0,0.0
2,C0,best,VRPB,3,both_wrong_cost_down,0,0.0,0.0,0.0,0.0
2,C0,best,VRPB,3,both_wrong_cost_up,0,0.0,0.0,0.0,0.0
2,C0,best,VRPB,3,unchanged_or_equal,228,0.0,0.0,0.0,0.0
2,C0,best,VRPB,3,all,228,0.0,0.0,0.0,0.0
2,C0,best,VRPL,ALL,corrected,0,0.0,0.0,0.0,0.0
2,C0,best,VRPL,ALL,harmed,0,0.0,0.0,0.0,0.0
2,C0,best,VRPL,ALL,both_wrong_cost_down,0,0.0,0.0,0.0,0.0
2,C0,best,VRPL,ALL,both_wrong_cost_up,0,0.0,0.0,0.0,0.0
2,C0,best,VRPL,ALL,unchanged_or_equal,1000,0.0,0.0,0.0,0.0
2,C0,best,VRPL,ALL,all,1000,0.0,0.0,0.0,0.0
2,C0,best,VRPL,0,corrected,0,0.0,0.0,0.0,0.0
2,C0,best,VRPL,0,harmed,0,0.0,0.0,0.0,0.0
2,C0,best,VRPL,0,both_wrong_cost_down,0,0.0,0.0,0.0,0.0
2,C0,best,VRPL,0,both_wrong_cost_up,0,0.0,0.0,0.0,0.0
2,C0,best,VRPL,0,unchanged_or_equal,260,0.0,0.0,0.0,0.0
2,C0,best,VRPL,0,all,260,0.0,0.0,0.0,0.0
2,C0,best,VRPL,1,corrected,0,0.0,0.0,0.0,0.0
2,C0,best,VRPL,1,harmed,0,0.0,0.0,0.0,0.0
2,C0,best,VRPL,1,both_wrong_cost_down,0,0.0,0.0,0.0,0.0
2,C0,best,VRPL,1,both_wrong_cost_up,0,0.0,0.0,0.0,0.0
2,C0,best,VRPL,1,unchanged_or_equal,260,0.0,0.0,0.0,0.0
2,C0,best,VRPL,1,all,260,0.0,0.0,0.0,0.0
2,C0,best,VRPL,2,corrected,0,0.0,0.0,0.0,0.0
2,C0,best,VRPL,2,harmed,0,0.0,0.0,0.0,0.0
2,C0,best,VRPL,2,both_wrong_cost_down,0,0.0,0.0,0.0,0.0
2,C0,best,VRPL,2,both_wrong_cost_up,0,0.0,0.0,0.0,0.0
2,C0,best,VRPL,2,unchanged_or_equal,252,0.0,0.0,0.0,0.0
2,C0,best,VRPL,2,all,252,0.0,0.0,0.0,0.0
2,C0,best,VRPL,3,corrected,0,0.0,0.0,0.0,0.0
2,C0,best,VRPL,3,harmed,0,0.0,0.0,0.0,0.0
2,C0,best,VRPL,3,both_wrong_cost_down,0,0.0,0.0,0.0,0.0
2,C0,best,VRPL,3,both_wrong_cost_up,0,0.0,0.0,0.0,0.0
2,C0,best,VRPL,3,unchanged_or_equal,228,0.0,0.0,0.0,0.0
2,C0,best,VRPL,3,all,228,0.0,0.0,0.0,0.0
2,C0,best,VRPTW,ALL,corrected,0,0.0,0.0,0.0,0.0
2,C0,best,VRPTW,ALL,harmed,0,0.0,0.0,0.0,0.0
2,C0,best,VRPTW,ALL,both_wrong_cost_down,0,0.0,0.0,0.0,0.0
2,C0,best,VRPTW,ALL,both_wrong_cost_up,0,0.0,0.0,0.0,0.0
2,C0,best,VRPTW,ALL,unchanged_or_equal,1000,0.0,0.0,0.0,0.0
2,C0,best,VRPTW,ALL,all,1000,0.0,0.0,0.0,0.0
2,C0,best,VRPTW,0,corrected,0,0.0,0.0,0.0,0.0
2,C0,best,VRPTW,0,harmed,0,0.0,0.0,0.0,0.0
2,C0,best,VRPTW,0,both_wrong_cost_down,0,0.0,0.0,0.0,0.0
2,C0,best,VRPTW,0,both_wrong_cost_up,0,0.0,0.0,0.0,0.0
2,C0,best,VRPTW,0,unchanged_or_equal,260,0.0,0.0,0.0,0.0
2,C0,best,VRPTW,0,all,260,0.0,0.0,0.0,0.0
2,C0,best,VRPTW,1,corrected,0,0.0,0.0,0.0,0.0
2,C0,best,VRPTW,1,harmed,0,0.0,0.0,0.0,0.0
2,C0,best,VRPTW,1,both_wrong_cost_down,0,0.0,0.0,0.0,0.0
2,C0,best,VRPTW,1,both_wrong_cost_up,0,0.0,0.0,0.0,0.0
2,C0,best,VRPTW,1,unchanged_or_equal,260,0.0,0.0,0.0,0.0
2,C0,best,VRPTW,1,all,260,0.0,0.0,0.0,0.0
2,C0,best,VRPTW,2,corrected,0,0.0,0.0,0.0,0.0
2,C0,best,VRPTW,2,harmed,0,0.0,0.0,0.0,0.0
2,C0,best,VRPTW,2,both_wrong_cost_down,0,0.0,0.0,0.0,0.0
2,C0,best,VRPTW,2,both_wrong_cost_up,0,0.0,0.0,0.0,0.0
2,C0,best,VRPTW,2,unchanged_or_equal,252,0.0,0.0,0.0,0.0
2,C0,best,VRPTW,2,all,252,0.0,0.0,0.0,0.0
2,C0,best,VRPTW,3,corrected,0,0.0,0.0,0.0,0.0
2,C0,best,VRPTW,3,harmed,0,0.0,0.0,0.0,0.0
2,C0,best,VRPTW,3,both_wrong_cost_down,0,0.0,0.0,0.0,0.0
2,C0,best,VRPTW,3,both_wrong_cost_up,0,0.0,0.0,0.0,0.0
2,C0,best,VRPTW,3,unchanged_or_equal,228,0.0,0.0,0.0,0.0
2,C0,best,VRPTW,3,all,228,0.0,0.0,0.0,0.0
2,C0,best,OVRPTW,ALL,corrected,0,0.0,0.0,0.0,0.0
2,C0,best,OVRPTW,ALL,harmed,0,0.0,0.0,0.0,0.0
2,C0,best,OVRPTW,ALL,both_wrong_cost_down,0,0.0,0.0,0.0,0.0
2,C0,best,OVRPTW,ALL,both_wrong_cost_up,0,0.0,0.0,0.0,0.0
2,C0,best,OVRPTW,ALL,unchanged_or_equal,1000,0.0,0.0,0.0,0.0
2,C0,best,OVRPTW,ALL,all,1000,0.0,0.0,0.0,0.0
2,C0,best,OVRPTW,0,corrected,0,0.0,0.0,0.0,0.0
2,C0,best,OVRPTW,0,harmed,0,0.0,0.0,0.0,0.0
2,C0,best,OVRPTW,0,both_wrong_cost_down,0,0.0,0.0,0.0,0.0
2,C0,best,OVRPTW,0,both_wrong_cost_up,0,0.0,0.0,0.0,0.0
2,C0,best,OVRPTW,0,unchanged_or_equal,260,0.0,0.0,0.0,0.0
2,C0,best,OVRPTW,0,all,260,0.0,0.0,0.0,0.0
2,C0,best,OVRPTW,1,corrected,0,0.0,0.0,0.0,0.0
2,C0,best,OVRPTW,1,harmed,0,0.0,0.0,0.0,0.0
2,C0,best,OVRPTW,1,both_wrong_cost_down,0,0.0,0.0,0.0,0.0
2,C0,best,OVRPTW,1,both_wrong_cost_up,0,0.0,0.0,0.0,0.0
2,C0,best,OVRPTW,1,unchanged_or_equal,260,0.0,0.0,0.0,0.0
2,C0,best,OVRPTW,1,all,260,0.0,0.0,0.0,0.0
2,C0,best,OVRPTW,2,corrected,0,0.0,0.0,0.0,0.0
2,C0,best,OVRPTW,2,harmed,0,0.0,0.0,0.0,0.0
2,C0,best,OVRPTW,2,both_wrong_cost_down,0,0.0,0.0,0.0,0.0
2,C0,best,OVRPTW,2,both_wrong_cost_up,0,0.0,0.0,0.0,0.0
2,C0,best,OVRPTW,2,unchanged_or_equal,252,0.0,0.0,0.0,0.0
2,C0,best,OVRPTW,2,all,252,0.0,0.0,0.0,0.0
2,C0,best,OVRPTW,3,corrected,0,0.0,0.0,0.0,0.0
2,C0,best,OVRPTW,3,harmed,0,0.0,0.0,0.0,0.0
2,C0,best,OVRPTW,3,both_wrong_cost_down,0,0.0,0.0,0.0,0.0
2,C0,best,OVRPTW,3,both_wrong_cost_up,0,0.0,0.0,0.0,0.0
2,C0,best,OVRPTW,3,unchanged_or_equal,228,0.0,0.0,0.0,0.0
2,C0,best,OVRPTW,3,all,228,0.0,0.0,0.0,0.0
2,C0,best,OVRPB,ALL,corrected,0,0.0,0.0,0.0,0.0
2,C0,best,OVRPB,ALL,harmed,0,0.0,0.0,0.0,0.0
2,C0,best,OVRPB,ALL,both_wrong_cost_down,0,0.0,0.0,0.0,0.0
2,C0,best,OVRPB,ALL,both_wrong_cost_up,0,0.0,0.0,0.0,0.0
2,C0,best,OVRPB,ALL,unchanged_or_equal,1000,0.0,0.0,0.0,0.0
2,C0,best,OVRPB,ALL,all,1000,0.0,0.0,0.0,0.0
2,C0,best,OVRPB,0,corrected,0,0.0,0.0,0.0,0.0
2,C0,best,OVRPB,0,harmed,0,0.0,0.0,0.0,0.0
2,C0,best,OVRPB,0,both_wrong_cost_down,0,0.0,0.0,0.0,0.0
2,C0,best,OVRPB,0,both_wrong_cost_up,0,0.0,0.0,0.0,0.0
2,C0,best,OVRPB,0,unchanged_or_equal,260,0.0,0.0,0.0,0.0
2,C0,best,OVRPB,0,all,260,0.0,0.0,0.0,0.0
2,C0,best,OVRPB,1,corrected,0,0.0,0.0,0.0,0.0
2,C0,best,OVRPB,1,harmed,0,0.0,0.0,0.0,0.0
2,C0,best,OVRPB,1,both_wrong_cost_down,0,0.0,0.0,0.0,0.0
2,C0,best,OVRPB,1,both_wrong_cost_up,0,0.0,0.0,0.0,0.0
2,C0,best,OVRPB,1,unchanged_or_equal,260,0.0,0.0,0.0,0.0
2,C0,best,OVRPB,1,all,260,0.0,0.0,0.0,0.0
2,C0,best,OVRPB,2,corrected,0,0.0,0.0,0.0,0.0
2,C0,best,OVRPB,2,harmed,0,0.0,0.0,0.0,0.0
2,C0,best,OVRPB,2,both_wrong_cost_down,0,0.0,0.0,0.0,0.0
2,C0,best,OVRPB,2,both_wrong_cost_up,0,0.0,0.0,0.0,0.0
2,C0,best,OVRPB,2,unchanged_or_equal,252,0.0,0.0,0.0,0.0
2,C0,best,OVRPB,2,all,252,0.0,0.0,0.0,0.0
2,C0,best,OVRPB,3,corrected,0,0.0,0.0,0.0,0.0
2,C0,best,OVRPB,3,harmed,0,0.0,0.0,0.0,0.0
2,C0,best,OVRPB,3,both_wrong_cost_down,0,0.0,0.0,0.0,0.0
2,C0,best,OVRPB,3,both_wrong_cost_up,0,0.0,0.0,0.0,0.0
2,C0,best,OVRPB,3,unchanged_or_equal,228,0.0,0.0,0.0,0.0
2,C0,best,OVRPB,3,all,228,0.0,0.0,0.0,0.0
2,C0,best,OVRPL,ALL,corrected,0,0.0,0.0,0.0,0.0
2,C0,best,OVRPL,ALL,harmed,0,0.0,0.0,0.0,0.0
2,C0,best,OVRPL,ALL,both_wrong_cost_down,0,0.0,0.0,0.0,0.0
2,C0,best,OVRPL,ALL,both_wrong_cost_up,0,0.0,0.0,0.0,0.0
2,C0,best,OVRPL,ALL,unchanged_or_equal,1000,0.0,0.0,0.0,0.0
2,C0,best,OVRPL,ALL,all,1000,0.0,0.0,0.0,0.0
2,C0,best,OVRPL,0,corrected,0,0.0,0.0,0.0,0.0
2,C0,best,OVRPL,0,harmed,0,0.0,0.0,0.0,0.0
2,C0,best,OVRPL,0,both_wrong_cost_down,0,0.0,0.0,0.0,0.0
2,C0,best,OVRPL,0,both_wrong_cost_up,0,0.0,0.0,0.0,0.0
2,C0,best,OVRPL,0,unchanged_or_equal,260,0.0,0.0,0.0,0.0
2,C0,best,OVRPL,0,all,260,0.0,0.0,0.0,0.0
2,C0,best,OVRPL,1,corrected,0,0.0,0.0,0.0,0.0
2,C0,best,OVRPL,1,harmed,0,0.0,0.0,0.0,0.0
2,C0,best,OVRPL,1,both_wrong_cost_down,0,0.0,0.0,0.0,0.0
2,C0,best,OVRPL,1,both_wrong_cost_up,0,0.0,0.0,0.0,0.0
2,C0,best,OVRPL,1,unchanged_or_equal,260,0.0,0.0,0.0,0.0
2,C0,best,OVRPL,1,all,260,0.0,0.0,0.0,0.0
2,C0,best,OVRPL,2,corrected,0,0.0,0.0,0.0,0.0
2,C0,best,OVRPL,2,harmed,0,0.0,0.0,0.0,0.0
2,C0,best,OVRPL,2,both_wrong_cost_down,0,0.0,0.0,0.0,0.0
2,C0,best,OVRPL,2,both_wrong_cost_up,0,0.0,0.0,0.0,0.0
2,C0,best,OVRPL,2,unchanged_or_equal,252,0.0,0.0,0.0,0.0
2,C0,best,OVRPL,2,all,252,0.0,0.0,0.0,0.0
2,C0,best,OVRPL,3,corrected,0,0.0,0.0,0.0,0.0
2,C0,best,OVRPL,3,harmed,0,0.0,0.0,0.0,0.0
2,C0,best,OVRPL,3,both_wrong_cost_down,0,0.0,0.0,0.0,0.0
2,C0,best,OVRPL,3,both_wrong_cost_up,0,0.0,0.0,0.0,0.0
2,C0,best,OVRPL,3,unchanged_or_equal,228,0.0,0.0,0.0,0.0
2,C0,best,OVRPL,3,all,228,0.0,0.0,0.0,0.0
2,C0,best,VRPBL,ALL,corrected,0,0.0,0.0,0.0,0.0
2,C0,best,VRPBL,ALL,harmed,0,0.0,0.0,0.0,0.0
2,C0,best,VRPBL,ALL,both_wrong_cost_down,0,0.0,0.0,0.0,0.0
2,C0,best,VRPBL,ALL,both_wrong_cost_up,0,0.0,0.0,0.0,0.0
2,C0,best,VRPBL,ALL,unchanged_or_equal,1000,0.0,0.0,0.0,0.0
2,C0,best,VRPBL,ALL,all,1000,0.0,0.0,0.0,0.0
2,C0,best,VRPBL,0,corrected,0,0.0,0.0,0.0,0.0
2,C0,best,VRPBL,0,harmed,0,0.0,0.0,0.0,0.0
2,C0,best,VRPBL,0,both_wrong_cost_down,0,0.0,0.0,0.0,0.0
2,C0,best,VRPBL,0,both_wrong_cost_up,0,0.0,0.0,0.0,0.0
2,C0,best,VRPBL,0,unchanged_or_equal,260,0.0,0.0,0.0,0.0
2,C0,best,VRPBL,0,all,260,0.0,0.0,0.0,0.0
2,C0,best,VRPBL,1,corrected,0,0.0,0.0,0.0,0.0
2,C0,best,VRPBL,1,harmed,0,0.0,0.0,0.0,0.0
2,C0,best,VRPBL,1,both_wrong_cost_down,0,0.0,0.0,0.0,0.0
2,C0,best,VRPBL,1,both_wrong_cost_up,0,0.0,0.0,0.0,0.0
2,C0,best,VRPBL,1,unchanged_or_equal,260,0.0,0.0,0.0,0.0
2,C0,best,VRPBL,1,all,260,0.0,0.0,0.0,0.0
2,C0,best,VRPBL,2,corrected,0,0.0,0.0,0.0,0.0
2,C0,best,VRPBL,2,harmed,0,0.0,0.0,0.0,0.0
2,C0,best,VRPBL,2,both_wrong_cost_down,0,0.0,0.0,0.0,0.0
2,C0,best,VRPBL,2,both_wrong_cost_up,0,0.0,0.0,0.0,0.0
2,C0,best,VRPBL,2,unchanged_or_equal,252,0.0,0.0,0.0,0.0
2,C0,best,VRPBL,2,all,252,0.0,0.0,0.0,0.0
2,C0,best,VRPBL,3,corrected,0,0.0,0.0,0.0,0.0
2,C0,best,VRPBL,3,harmed,0,0.0,0.0,0.0,0.0
2,C0,best,VRPBL,3,both_wrong_cost_down,0,0.0,0.0,0.0,0.0
2,C0,best,VRPBL,3,both_wrong_cost_up,0,0.0,0.0,0.0,0.0
2,C0,best,VRPBL,3,unchanged_or_equal,228,0.0,0.0,0.0,0.0
2,C0,best,VRPBL,3,all,228,0.0,0.0,0.0,0.0
2,C0,best,VRPBTW,ALL,corrected,0,0.0,0.0,0.0,0.0
2,C0,best,VRPBTW,ALL,harmed,0,0.0,0.0,0.0,0.0
2,C0,best,VRPBTW,ALL,both_wrong_cost_down,0,0.0,0.0,0.0,0.0
2,C0,best,VRPBTW,ALL,both_wrong_cost_up,0,0.0,0.0,0.0,0.0
2,C0,best,VRPBTW,ALL,unchanged_or_equal,1000,0.0,0.0,0.0,0.0
2,C0,best,VRPBTW,ALL,all,1000,0.0,0.0,0.0,0.0
2,C0,best,VRPBTW,0,corrected,0,0.0,0.0,0.0,0.0
2,C0,best,VRPBTW,0,harmed,0,0.0,0.0,0.0,0.0
2,C0,best,VRPBTW,0,both_wrong_cost_down,0,0.0,0.0,0.0,0.0
2,C0,best,VRPBTW,0,both_wrong_cost_up,0,0.0,0.0,0.0,0.0
2,C0,best,VRPBTW,0,unchanged_or_equal,260,0.0,0.0,0.0,0.0
2,C0,best,VRPBTW,0,all,260,0.0,0.0,0.0,0.0
2,C0,best,VRPBTW,1,corrected,0,0.0,0.0,0.0,0.0
2,C0,best,VRPBTW,1,harmed,0,0.0,0.0,0.0,0.0
2,C0,best,VRPBTW,1,both_wrong_cost_down,0,0.0,0.0,0.0,0.0
2,C0,best,VRPBTW,1,both_wrong_cost_up,0,0.0,0.0,0.0,0.0
2,C0,best,VRPBTW,1,unchanged_or_equal,260,0.0,0.0,0.0,0.0
2,C0,best,VRPBTW,1,all,260,0.0,0.0,0.0,0.0
2,C0,best,VRPBTW,2,corrected,0,0.0,0.0,0.0,0.0
2,C0,best,VRPBTW,2,harmed,0,0.0,0.0,0.0,0.0
2,C0,best,VRPBTW,2,both_wrong_cost_down,0,0.0,0.0,0.0,0.0
2,C0,best,VRPBTW,2,both_wrong_cost_up,0,0.0,0.0,0.0,0.0
2,C0,best,VRPBTW,2,unchanged_or_equal,252,0.0,0.0,0.0,0.0
2,C0,best,VRPBTW,2,all,252,0.0,0.0,0.0,0.0
2,C0,best,VRPBTW,3,corrected,0,0.0,0.0,0.0,0.0
2,C0,best,VRPBTW,3,harmed,0,0.0,0.0,0.0,0.0
2,C0,best,VRPBTW,3,both_wrong_cost_down,0,0.0,0.0,0.0,0.0
2,C0,best,VRPBTW,3,both_wrong_cost_up,0,0.0,0.0,0.0,0.0
2,C0,best,VRPBTW,3,unchanged_or_equal,228,0.0,0.0,0.0,0.0
2,C0,best,VRPBTW,3,all,228,0.0,0.0,0.0,0.0
2,C0,best,VRPLTW,ALL,corrected,0,0.0,0.0,0.0,0.0
2,C0,best,VRPLTW,ALL,harmed,0,0.0,0.0,0.0,0.0
2,C0,best,VRPLTW,ALL,both_wrong_cost_down,0,0.0,0.0,0.0,0.0
2,C0,best,VRPLTW,ALL,both_wrong_cost_up,0,0.0,0.0,0.0,0.0
2,C0,best,VRPLTW,ALL,unchanged_or_equal,1000,0.0,0.0,0.0,0.0
2,C0,best,VRPLTW,ALL,all,1000,0.0,0.0,0.0,0.0
2,C0,best,VRPLTW,0,corrected,0,0.0,0.0,0.0,0.0
2,C0,best,VRPLTW,0,harmed,0,0.0,0.0,0.0,0.0
2,C0,best,VRPLTW,0,both_wrong_cost_down,0,0.0,0.0,0.0,0.0
2,C0,best,VRPLTW,0,both_wrong_cost_up,0,0.0,0.0,0.0,0.0
2,C0,best,VRPLTW,0,unchanged_or_equal,260,0.0,0.0,0.0,0.0
2,C0,best,VRPLTW,0,all,260,0.0,0.0,0.0,0.0
2,C0,best,VRPLTW,1,corrected,0,0.0,0.0,0.0,0.0
2,C0,best,VRPLTW,1,harmed,0,0.0,0.0,0.0,0.0
2,C0,best,VRPLTW,1,both_wrong_cost_down,0,0.0,0.0,0.0,0.0
2,C0,best,VRPLTW,1,both_wrong_cost_up,0,0.0,0.0,0.0,0.0
2,C0,best,VRPLTW,1,unchanged_or_equal,260,0.0,0.0,0.0,0.0
2,C0,best,VRPLTW,1,all,260,0.0,0.0,0.0,0.0
2,C0,best,VRPLTW,2,corrected,0,0.0,0.0,0.0,0.0
2,C0,best,VRPLTW,2,harmed,0,0.0,0.0,0.0,0.0
2,C0,best,VRPLTW,2,both_wrong_cost_down,0,0.0,0.0,0.0,0.0
2,C0,best,VRPLTW,2,both_wrong_cost_up,0,0.0,0.0,0.0,0.0
2,C0,best,VRPLTW,2,unchanged_or_equal,252,0.0,0.0,0.0,0.0
2,C0,best,VRPLTW,2,all,252,0.0,0.0,0.0,0.0
2,C0,best,VRPLTW,3,corrected,0,0.0,0.0,0.0,0.0
2,C0,best,VRPLTW,3,harmed,0,0.0,0.0,0.0,0.0
2,C0,best,VRPLTW,3,both_wrong_cost_down,0,0.0,0.0,0.0,0.0
2,C0,best,VRPLTW,3,both_wrong_cost_up,0,0.0,0.0,0.0,0.0
2,C0,best,VRPLTW,3,unchanged_or_equal,228,0.0,0.0,0.0,0.0
2,C0,best,VRPLTW,3,all,228,0.0,0.0,0.0,0.0
2,C0,best,OVRPBL,ALL,corrected,0,0.0,0.0,0.0,0.0
2,C0,best,OVRPBL,ALL,harmed,0,0.0,0.0,0.0,0.0
2,C0,best,OVRPBL,ALL,both_wrong_cost_down,0,0.0,0.0,0.0,0.0
2,C0,best,OVRPBL,ALL,both_wrong_cost_up,0,0.0,0.0,0.0,0.0
2,C0,best,OVRPBL,ALL,unchanged_or_equal,1000,0.0,0.0,0.0,0.0
2,C0,best,OVRPBL,ALL,all,1000,0.0,0.0,0.0,0.0
2,C0,best,OVRPBL,0,corrected,0,0.0,0.0,0.0,0.0
2,C0,best,OVRPBL,0,harmed,0,0.0,0.0,0.0,0.0
2,C0,best,OVRPBL,0,both_wrong_cost_down,0,0.0,0.0,0.0,0.0
2,C0,best,OVRPBL,0,both_wrong_cost_up,0,0.0,0.0,0.0,0.0
2,C0,best,OVRPBL,0,unchanged_or_equal,260,0.0,0.0,0.0,0.0
2,C0,best,OVRPBL,0,all,260,0.0,0.0,0.0,0.0
2,C0,best,OVRPBL,1,corrected,0,0.0,0.0,0.0,0.0
2,C0,best,OVRPBL,1,harmed,0,0.0,0.0,0.0,0.0
2,C0,best,OVRPBL,1,both_wrong_cost_down,0,0.0,0.0,0.0,0.0
2,C0,best,OVRPBL,1,both_wrong_cost_up,0,0.0,0.0,0.0,0.0
2,C0,best,OVRPBL,1,unchanged_or_equal,260,0.0,0.0,0.0,0.0
2,C0,best,OVRPBL,1,all,260,0.0,0.0,0.0,0.0
2,C0,best,OVRPBL,2,corrected,0,0.0,0.0,0.0,0.0
2,C0,best,OVRPBL,2,harmed,0,0.0,0.0,0.0,0.0
2,C0,best,OVRPBL,2,both_wrong_cost_down,0,0.0,0.0,0.0,0.0
2,C0,best,OVRPBL,2,both_wrong_cost_up,0,0.0,0.0,0.0,0.0
2,C0,best,OVRPBL,2,unchanged_or_equal,252,0.0,0.0,0.0,0.0
2,C0,best,OVRPBL,2,all,252,0.0,0.0,0.0,0.0
2,C0,best,OVRPBL,3,corrected,0,0.0,0.0,0.0,0.0
2,C0,best,OVRPBL,3,harmed,0,0.0,0.0,0.0,0.0
2,C0,best,OVRPBL,3,both_wrong_cost_down,0,0.0,0.0,0.0,0.0
2,C0,best,OVRPBL,3,both_wrong_cost_up,0,0.0,0.0,0.0,0.0
2,C0,best,OVRPBL,3,unchanged_or_equal,228,0.0,0.0,0.0,0.0
2,C0,best,OVRPBL,3,all,228,0.0,0.0,0.0,0.0
2,C0,best,OVRPBTW,ALL,corrected,0,0.0,0.0,0.0,0.0
2,C0,best,OVRPBTW,ALL,harmed,0,0.0,0.0,0.0,0.0
2,C0,best,OVRPBTW,ALL,both_wrong_cost_down,0,0.0,0.0,0.0,0.0
2,C0,best,OVRPBTW,ALL,both_wrong_cost_up,0,0.0,0.0,0.0,0.0
2,C0,best,OVRPBTW,ALL,unchanged_or_equal,1000,0.0,0.0,0.0,0.0
2,C0,best,OVRPBTW,ALL,all,1000,0.0,0.0,0.0,0.0
2,C0,best,OVRPBTW,0,corrected,0,0.0,0.0,0.0,0.0
2,C0,best,OVRPBTW,0,harmed,0,0.0,0.0,0.0,0.0
2,C0,best,OVRPBTW,0,both_wrong_cost_down,0,0.0,0.0,0.0,0.0
2,C0,best,OVRPBTW,0,both_wrong_cost_up,0,0.0,0.0,0.0,0.0
2,C0,best,OVRPBTW,0,unchanged_or_equal,260,0.0,0.0,0.0,0.0
2,C0,best,OVRPBTW,0,all,260,0.0,0.0,0.0,0.0
2,C0,best,OVRPBTW,1,corrected,0,0.0,0.0,0.0,0.0
2,C0,best,OVRPBTW,1,harmed,0,0.0,0.0,0.0,0.0
2,C0,best,OVRPBTW,1,both_wrong_cost_down,0,0.0,0.0,0.0,0.0
2,C0,best,OVRPBTW,1,both_wrong_cost_up,0,0.0,0.0,0.0,0.0
2,C0,best,OVRPBTW,1,unchanged_or_equal,260,0.0,0.0,0.0,0.0
2,C0,best,OVRPBTW,1,all,260,0.0,0.0,0.0,0.0
2,C0,best,OVRPBTW,2,corrected,0,0.0,0.0,0.0,0.0
2,C0,best,OVRPBTW,2,harmed,0,0.0,0.0,0.0,0.0
2,C0,best,OVRPBTW,2,both_wrong_cost_down,0,0.0,0.0,0.0,0.0
2,C0,best,OVRPBTW,2,both_wrong_cost_up,0,0.0,0.0,0.0,0.0
2,C0,best,OVRPBTW,2,unchanged_or_equal,252,0.0,0.0,0.0,0.0
2,C0,best,OVRPBTW,2,all,252,0.0,0.0,0.0,0.0
2,C0,best,OVRPBTW,3,corrected,0,0.0,0.0,0.0,0.0
2,C0,best,OVRPBTW,3,harmed,0,0.0,0.0,0.0,0.0
2,C0,best,OVRPBTW,3,both_wrong_cost_down,0,0.0,0.0,0.0,0.0
2,C0,best,OVRPBTW,3,both_wrong_cost_up,0,0.0,0.0,0.0,0.0
2,C0,best,OVRPBTW,3,unchanged_or_equal,228,0.0,0.0,0.0,0.0
2,C0,best,OVRPBTW,3,all,228,0.0,0.0,0.0,0.0
2,C0,best,OVRPLTW,ALL,corrected,0,0.0,0.0,0.0,0.0
2,C0,best,OVRPLTW,ALL,harmed,0,0.0,0.0,0.0,0.0
2,C0,best,OVRPLTW,ALL,both_wrong_cost_down,0,0.0,0.0,0.0,0.0
2,C0,best,OVRPLTW,ALL,both_wrong_cost_up,0,0.0,0.0,0.0,0.0
2,C0,best,OVRPLTW,ALL,unchanged_or_equal,1000,0.0,0.0,0.0,0.0
2,C0,best,OVRPLTW,ALL,all,1000,0.0,0.0,0.0,0.0
2,C0,best,OVRPLTW,0,corrected,0,0.0,0.0,0.0,0.0
2,C0,best,OVRPLTW,0,harmed,0,0.0,0.0,0.0,0.0
2,C0,best,OVRPLTW,0,both_wrong_cost_down,0,0.0,0.0,0.0,0.0
2,C0,best,OVRPLTW,0,both_wrong_cost_up,0,0.0,0.0,0.0,0.0
2,C0,best,OVRPLTW,0,unchanged_or_equal,260,0.0,0.0,0.0,0.0
2,C0,best,OVRPLTW,0,all,260,0.0,0.0,0.0,0.0
2,C0,best,OVRPLTW,1,corrected,0,0.0,0.0,0.0,0.0
2,C0,best,OVRPLTW,1,harmed,0,0.0,0.0,0.0,0.0
2,C0,best,OVRPLTW,1,both_wrong_cost_down,0,0.0,0.0,0.0,0.0
2,C0,best,OVRPLTW,1,both_wrong_cost_up,0,0.0,0.0,0.0,0.0
2,C0,best,OVRPLTW,1,unchanged_or_equal,260,0.0,0.0,0.0,0.0
2,C0,best,OVRPLTW,1,all,260,0.0,0.0,0.0,0.0
2,C0,best,OVRPLTW,2,corrected,0,0.0,0.0,0.0,0.0
2,C0,best,OVRPLTW,2,harmed,0,0.0,0.0,0.0,0.0
2,C0,best,OVRPLTW,2,both_wrong_cost_down,0,0.0,0.0,0.0,0.0
2,C0,best,OVRPLTW,2,both_wrong_cost_up,0,0.0,0.0,0.0,0.0
2,C0,best,OVRPLTW,2,unchanged_or_equal,252,0.0,0.0,0.0,0.0
2,C0,best,OVRPLTW,2,all,252,0.0,0.0,0.0,0.0
2,C0,best,OVRPLTW,3,corrected,0,0.0,0.0,0.0,0.0
2,C0,best,OVRPLTW,3,harmed,0,0.0,0.0,0.0,0.0
2,C0,best,OVRPLTW,3,both_wrong_cost_down,0,0.0,0.0,0.0,0.0
2,C0,best,OVRPLTW,3,both_wrong_cost_up,0,0.0,0.0,0.0,0.0
2,C0,best,OVRPLTW,3,unchanged_or_equal,228,0.0,0.0,0.0,0.0
2,C0,best,OVRPLTW,3,all,228,0.0,0.0,0.0,0.0
2,C0,best,VRPBLTW,ALL,corrected,0,0.0,0.0,0.0,0.0
2,C0,best,VRPBLTW,ALL,harmed,0,0.0,0.0,0.0,0.0
2,C0,best,VRPBLTW,ALL,both_wrong_cost_down,0,0.0,0.0,0.0,0.0
2,C0,best,VRPBLTW,ALL,both_wrong_cost_up,0,0.0,0.0,0.0,0.0
2,C0,best,VRPBLTW,ALL,unchanged_or_equal,1000,0.0,0.0,0.0,0.0
2,C0,best,VRPBLTW,ALL,all,1000,0.0,0.0,0.0,0.0
2,C0,best,VRPBLTW,0,corrected,0,0.0,0.0,0.0,0.0
2,C0,best,VRPBLTW,0,harmed,0,0.0,0.0,0.0,0.0
2,C0,best,VRPBLTW,0,both_wrong_cost_down,0,0.0,0.0,0.0,0.0
2,C0,best,VRPBLTW,0,both_wrong_cost_up,0,0.0,0.0,0.0,0.0
2,C0,best,VRPBLTW,0,unchanged_or_equal,260,0.0,0.0,0.0,0.0
2,C0,best,VRPBLTW,0,all,260,0.0,0.0,0.0,0.0
2,C0,best,VRPBLTW,1,corrected,0,0.0,0.0,0.0,0.0
2,C0,best,VRPBLTW,1,harmed,0,0.0,0.0,0.0,0.0
2,C0,best,VRPBLTW,1,both_wrong_cost_down,0,0.0,0.0,0.0,0.0
2,C0,best,VRPBLTW,1,both_wrong_cost_up,0,0.0,0.0,0.0,0.0
2,C0,best,VRPBLTW,1,unchanged_or_equal,260,0.0,0.0,0.0,0.0
2,C0,best,VRPBLTW,1,all,260,0.0,0.0,0.0,0.0
2,C0,best,VRPBLTW,2,corrected,0,0.0,0.0,0.0,0.0
2,C0,best,VRPBLTW,2,harmed,0,0.0,0.0,0.0,0.0
2,C0,best,VRPBLTW,2,both_wrong_cost_down,0,0.0,0.0,0.0,0.0
2,C0,best,VRPBLTW,2,both_wrong_cost_up,0,0.0,0.0,0.0,0.0
2,C0,best,VRPBLTW,2,unchanged_or_equal,252,0.0,0.0,0.0,0.0
2,C0,best,VRPBLTW,2,all,252,0.0,0.0,0.0,0.0
2,C0,best,VRPBLTW,3,corrected,0,0.0,0.0,0.0,0.0
2,C0,best,VRPBLTW,3,harmed,0,0.0,0.0,0.0,0.0
2,C0,best,VRPBLTW,3,both_wrong_cost_down,0,0.0,0.0,0.0,0.0
2,C0,best,VRPBLTW,3,both_wrong_cost_up,0,0.0,0.0,0.0,0.0
2,C0,best,VRPBLTW,3,unchanged_or_equal,228,0.0,0.0,0.0,0.0
2,C0,best,VRPBLTW,3,all,228,0.0,0.0,0.0,0.0
2,C0,best,OVRPBLTW,ALL,corrected,0,0.0,0.0,0.0,0.0
2,C0,best,OVRPBLTW,ALL,harmed,0,0.0,0.0,0.0,0.0
2,C0,best,OVRPBLTW,ALL,both_wrong_cost_down,0,0.0,0.0,0.0,0.0
2,C0,best,OVRPBLTW,ALL,both_wrong_cost_up,0,0.0,0.0,0.0,0.0
2,C0,best,OVRPBLTW,ALL,unchanged_or_equal,1000,0.0,0.0,0.0,0.0
2,C0,best,OVRPBLTW,ALL,all,1000,0.0,0.0,0.0,0.0
2,C0,best,OVRPBLTW,0,corrected,0,0.0,0.0,0.0,0.0
2,C0,best,OVRPBLTW,0,harmed,0,0.0,0.0,0.0,0.0
2,C0,best,OVRPBLTW,0,both_wrong_cost_down,0,0.0,0.0,0.0,0.0
2,C0,best,OVRPBLTW,0,both_wrong_cost_up,0,0.0,0.0,0.0,0.0
2,C0,best,OVRPBLTW,0,unchanged_or_equal,260,0.0,0.0,0.0,0.0
2,C0,best,OVRPBLTW,0,all,260,0.0,0.0,0.0,0.0
2,C0,best,OVRPBLTW,1,corrected,0,0.0,0.0,0.0,0.0
2,C0,best,OVRPBLTW,1,harmed,0,0.0,0.0,0.0,0.0
2,C0,best,OVRPBLTW,1,both_wrong_cost_down,0,0.0,0.0,0.0,0.0
2,C0,best,OVRPBLTW,1,both_wrong_cost_up,0,0.0,0.0,0.0,0.0
2,C0,best,OVRPBLTW,1,unchanged_or_equal,260,0.0,0.0,0.0,0.0
2,C0,best,OVRPBLTW,1,all,260,0.0,0.0,0.0,0.0
2,C0,best,OVRPBLTW,2,corrected,0,0.0,0.0,0.0,0.0
2,C0,best,OVRPBLTW,2,harmed,0,0.0,0.0,0.0,0.0
2,C0,best,OVRPBLTW,2,both_wrong_cost_down,0,0.0,0.0,0.0,0.0
2,C0,best,OVRPBLTW,2,both_wrong_cost_up,0,0.0,0.0,0.0,0.0
2,C0,best,OVRPBLTW,2,unchanged_or_equal,252,0.0,0.0,0.0,0.0
2,C0,best,OVRPBLTW,2,all,252,0.0,0.0,0.0,0.0
2,C0,best,OVRPBLTW,3,corrected,0,0.0,0.0,0.0,0.0
2,C0,best,OVRPBLTW,3,harmed,0,0.0,0.0,0.0,0.0
2,C0,best,OVRPBLTW,3,both_wrong_cost_down,0,0.0,0.0,0.0,0.0
2,C0,best,OVRPBLTW,3,both_wrong_cost_up,0,0.0,0.0,0.0,0.0
2,C0,best,OVRPBLTW,3,unchanged_or_equal,228,0.0,0.0,0.0,0.0
2,C0,best,OVRPBLTW,3,all,228,0.0,0.0,0.0,0.0
2,C1,best,TSP,ALL,corrected,0,0.0,0.0,0.0,0.0
2,C1,best,TSP,ALL,harmed,0,0.0,0.0,0.0,0.0
2,C1,best,TSP,ALL,both_wrong_cost_down,0,0.0,0.0,0.0,0.0
2,C1,best,TSP,ALL,both_wrong_cost_up,0,0.0,0.0,0.0,0.0
2,C1,best,TSP,ALL,unchanged_or_equal,1000,0.0,0.0,0.0,0.0
2,C1,best,TSP,ALL,all,1000,0.0,0.0,0.0,0.0
2,C1,best,TSP,0,corrected,0,0.0,0.0,0.0,0.0
2,C1,best,TSP,0,harmed,0,0.0,0.0,0.0,0.0
2,C1,best,TSP,0,both_wrong_cost_down,0,0.0,0.0,0.0,0.0
2,C1,best,TSP,0,both_wrong_cost_up,0,0.0,0.0,0.0,0.0
2,C1,best,TSP,0,unchanged_or_equal,266,0.0,0.0,0.0,0.0
2,C1,best,TSP,0,all,266,0.0,0.0,0.0,0.0
2,C1,best,TSP,1,corrected,0,0.0,0.0,0.0,0.0
2,C1,best,TSP,1,harmed,0,0.0,0.0,0.0,0.0
2,C1,best,TSP,1,both_wrong_cost_down,0,0.0,0.0,0.0,0.0
2,C1,best,TSP,1,both_wrong_cost_up,0,0.0,0.0,0.0,0.0
2,C1,best,TSP,1,unchanged_or_equal,241,0.0,0.0,0.0,0.0
2,C1,best,TSP,1,all,241,0.0,0.0,0.0,0.0
2,C1,best,TSP,2,corrected,0,0.0,0.0,0.0,0.0
2,C1,best,TSP,2,harmed,0,0.0,0.0,0.0,0.0
2,C1,best,TSP,2,both_wrong_cost_down,0,0.0,0.0,0.0,0.0
2,C1,best,TSP,2,both_wrong_cost_up,0,0.0,0.0,0.0,0.0
2,C1,best,TSP,2,unchanged_or_equal,250,0.0,0.0,0.0,0.0
2,C1,best,TSP,2,all,250,0.0,0.0,0.0,0.0
2,C1,best,TSP,3,corrected,0,0.0,0.0,0.0,0.0
2,C1,best,TSP,3,harmed,0,0.0,0.0,0.0,0.0
2,C1,best,TSP,3,both_wrong_cost_down,0,0.0,0.0,0.0,0.0
2,C1,best,TSP,3,both_wrong_cost_up,0,0.0,0.0,0.0,0.0
2,C1,best,TSP,3,unchanged_or_equal,243,0.0,0.0,0.0,0.0
2,C1,best,TSP,3,all,243,0.0,0.0,0.0,0.0
2,C1,best,CVRP,ALL,corrected,0,0.0,0.0,0.0,0.0
2,C1,best,CVRP,ALL,harmed,0,0.0,0.0,0.0,0.0
2,C1,best,CVRP,ALL,both_wrong_cost_down,0,0.0,0.0,0.0,0.0
2,C1,best,CVRP,ALL,both_wrong_cost_up,0,0.0,0.0,0.0,0.0
2,C1,best,CVRP,ALL,unchanged_or_equal,1000,0.0,0.0,0.0,0.0
2,C1,best,CVRP,ALL,all,1000,0.0,0.0,0.0,0.0
2,C1,best,CVRP,0,corrected,0,0.0,0.0,0.0,0.0
2,C1,best,CVRP,0,harmed,0,0.0,0.0,0.0,0.0
2,C1,best,CVRP,0,both_wrong_cost_down,0,0.0,0.0,0.0,0.0
2,C1,best,CVRP,0,both_wrong_cost_up,0,0.0,0.0,0.0,0.0
2,C1,best,CVRP,0,unchanged_or_equal,247,0.0,0.0,0.0,0.0
2,C1,best,CVRP,0,all,247,0.0,0.0,0.0,0.0
2,C1,best,CVRP,1,corrected,0,0.0,0.0,0.0,0.0
2,C1,best,CVRP,1,harmed,0,0.0,0.0,0.0,0.0
2,C1,best,CVRP,1,both_wrong_cost_down,0,0.0,0.0,0.0,0.0
2,C1,best,CVRP,1,both_wrong_cost_up,0,0.0,0.0,0.0,0.0
2,C1,best,CVRP,1,unchanged_or_equal,260,0.0,0.0,0.0,0.0
2,C1,best,CVRP,1,all,260,0.0,0.0,0.0,0.0
2,C1,best,CVRP,2,corrected,0,0.0,0.0,0.0,0.0
2,C1,best,CVRP,2,harmed,0,0.0,0.0,0.0,0.0
2,C1,best,CVRP,2,both_wrong_cost_down,0,0.0,0.0,0.0,0.0
2,C1,best,CVRP,2,both_wrong_cost_up,0,0.0,0.0,0.0,0.0
2,C1,best,CVRP,2,unchanged_or_equal,239,0.0,0.0,0.0,0.0
2,C1,best,CVRP,2,all,239,0.0,0.0,0.0,0.0
2,C1,best,CVRP,3,corrected,0,0.0,0.0,0.0,0.0
2,C1,best,CVRP,3,harmed,0,0.0,0.0,0.0,0.0
2,C1,best,CVRP,3,both_wrong_cost_down,0,0.0,0.0,0.0,0.0
2,C1,best,CVRP,3,both_wrong_cost_up,0,0.0,0.0,0.0,0.0
2,C1,best,CVRP,3,unchanged_or_equal,254,0.0,0.0,0.0,0.0
2,C1,best,CVRP,3,all,254,0.0,0.0,0.0,0.0
2,C1,best,ATSP,ALL,corrected,0,0.0,0.0,0.0,0.0
2,C1,best,ATSP,ALL,harmed,0,0.0,0.0,0.0,0.0
2,C1,best,ATSP,ALL,both_wrong_cost_down,0,0.0,0.0,0.0,0.0
2,C1,best,ATSP,ALL,both_wrong_cost_up,0,0.0,0.0,0.0,0.0
2,C1,best,ATSP,ALL,unchanged_or_equal,1000,0.0,0.0,0.0,0.0
2,C1,best,ATSP,ALL,all,1000,0.0,0.0,0.0,0.0
2,C1,best,ATSP,0,corrected,0,0.0,0.0,0.0,0.0
2,C1,best,ATSP,0,harmed,0,0.0,0.0,0.0,0.0
2,C1,best,ATSP,0,both_wrong_cost_down,0,0.0,0.0,0.0,0.0
2,C1,best,ATSP,0,both_wrong_cost_up,0,0.0,0.0,0.0,0.0
2,C1,best,ATSP,0,unchanged_or_equal,273,0.0,0.0,0.0,0.0
2,C1,best,ATSP,0,all,273,0.0,0.0,0.0,0.0
2,C1,best,ATSP,1,corrected,0,0.0,0.0,0.0,0.0
2,C1,best,ATSP,1,harmed,0,0.0,0.0,0.0,0.0
2,C1,best,ATSP,1,both_wrong_cost_down,0,0.0,0.0,0.0,0.0
2,C1,best,ATSP,1,both_wrong_cost_up,0,0.0,0.0,0.0,0.0
2,C1,best,ATSP,1,unchanged_or_equal,247,0.0,0.0,0.0,0.0
2,C1,best,ATSP,1,all,247,0.0,0.0,0.0,0.0
2,C1,best,ATSP,2,corrected,0,0.0,0.0,0.0,0.0
2,C1,best,ATSP,2,harmed,0,0.0,0.0,0.0,0.0
2,C1,best,ATSP,2,both_wrong_cost_down,0,0.0,0.0,0.0,0.0
2,C1,best,ATSP,2,both_wrong_cost_up,0,0.0,0.0,0.0,0.0
2,C1,best,ATSP,2,unchanged_or_equal,240,0.0,0.0,0.0,0.0
2,C1,best,ATSP,2,all,240,0.0,0.0,0.0,0.0
2,C1,best,ATSP,3,corrected,0,0.0,0.0,0.0,0.0
2,C1,best,ATSP,3,harmed,0,0.0,0.0,0.0,0.0
2,C1,best,ATSP,3,both_wrong_cost_down,0,0.0,0.0,0.0,0.0
2,C1,best,ATSP,3,both_wrong_cost_up,0,0.0,0.0,0.0,0.0
2,C1,best,ATSP,3,unchanged_or_equal,240,0.0,0.0,0.0,0.0
2,C1,best,ATSP,3,all,240,0.0,0.0,0.0,0.0
2,C1,best,OVRP,ALL,corrected,0,0.0,0.0,0.0,0.0
2,C1,best,OVRP,ALL,harmed,0,0.0,0.0,0.0,0.0
2,C1,best,OVRP,ALL,both_wrong_cost_down,0,0.0,0.0,0.0,0.0
2,C1,best,OVRP,ALL,both_wrong_cost_up,0,0.0,0.0,0.0,0.0
2,C1,best,OVRP,ALL,unchanged_or_equal,1000,0.0,0.0,0.0,0.0
2,C1,best,OVRP,ALL,all,1000,0.0,0.0,0.0,0.0
2,C1,best,OVRP,0,corrected,0,0.0,0.0,0.0,0.0
2,C1,best,OVRP,0,harmed,0,0.0,0.0,0.0,0.0
2,C1,best,OVRP,0,both_wrong_cost_down,0,0.0,0.0,0.0,0.0
2,C1,best,OVRP,0,both_wrong_cost_up,0,0.0,0.0,0.0,0.0
2,C1,best,OVRP,0,unchanged_or_equal,260,0.0,0.0,0.0,0.0
2,C1,best,OVRP,0,all,260,0.0,0.0,0.0,0.0
2,C1,best,OVRP,1,corrected,0,0.0,0.0,0.0,0.0
2,C1,best,OVRP,1,harmed,0,0.0,0.0,0.0,0.0
2,C1,best,OVRP,1,both_wrong_cost_down,0,0.0,0.0,0.0,0.0
2,C1,best,OVRP,1,both_wrong_cost_up,0,0.0,0.0,0.0,0.0
2,C1,best,OVRP,1,unchanged_or_equal,260,0.0,0.0,0.0,0.0
2,C1,best,OVRP,1,all,260,0.0,0.0,0.0,0.0
2,C1,best,OVRP,2,corrected,0,0.0,0.0,0.0,0.0
2,C1,best,OVRP,2,harmed,0,0.0,0.0,0.0,0.0
2,C1,best,OVRP,2,both_wrong_cost_down,0,0.0,0.0,0.0,0.0
2,C1,best,OVRP,2,both_wrong_cost_up,0,0.0,0.0,0.0,0.0
2,C1,best,OVRP,2,unchanged_or_equal,252,0.0,0.0,0.0,0.0
2,C1,best,OVRP,2,all,252,0.0,0.0,0.0,0.0
2,C1,best,OVRP,3,corrected,0,0.0,0.0,0.0,0.0
2,C1,best,OVRP,3,harmed,0,0.0,0.0,0.0,0.0
2,C1,best,OVRP,3,both_wrong_cost_down,0,0.0,0.0,0.0,0.0
2,C1,best,OVRP,3,both_wrong_cost_up,0,0.0,0.0,0.0,0.0
2,C1,best,OVRP,3,unchanged_or_equal,228,0.0,0.0,0.0,0.0
2,C1,best,OVRP,3,all,228,0.0,0.0,0.0,0.0
2,C1,best,VRPB,ALL,corrected,0,0.0,0.0,0.0,0.0
2,C1,best,VRPB,ALL,harmed,0,0.0,0.0,0.0,0.0
2,C1,best,VRPB,ALL,both_wrong_cost_down,0,0.0,0.0,0.0,0.0
2,C1,best,VRPB,ALL,both_wrong_cost_up,0,0.0,0.0,0.0,0.0
2,C1,best,VRPB,ALL,unchanged_or_equal,1000,0.0,0.0,0.0,0.0
2,C1,best,VRPB,ALL,all,1000,0.0,0.0,0.0,0.0
2,C1,best,VRPB,0,corrected,0,0.0,0.0,0.0,0.0
2,C1,best,VRPB,0,harmed,0,0.0,0.0,0.0,0.0
2,C1,best,VRPB,0,both_wrong_cost_down,0,0.0,0.0,0.0,0.0
2,C1,best,VRPB,0,both_wrong_cost_up,0,0.0,0.0,0.0,0.0
2,C1,best,VRPB,0,unchanged_or_equal,260,0.0,0.0,0.0,0.0
2,C1,best,VRPB,0,all,260,0.0,0.0,0.0,0.0
2,C1,best,VRPB,1,corrected,0,0.0,0.0,0.0,0.0
2,C1,best,VRPB,1,harmed,0,0.0,0.0,0.0,0.0
2,C1,best,VRPB,1,both_wrong_cost_down,0,0.0,0.0,0.0,0.0
2,C1,best,VRPB,1,both_wrong_cost_up,0,0.0,0.0,0.0,0.0
2,C1,best,VRPB,1,unchanged_or_equal,260,0.0,0.0,0.0,0.0
2,C1,best,VRPB,1,all,260,0.0,0.0,0.0,0.0
2,C1,best,VRPB,2,corrected,0,0.0,0.0,0.0,0.0
2,C1,best,VRPB,2,harmed,0,0.0,0.0,0.0,0.0
2,C1,best,VRPB,2,both_wrong_cost_down,0,0.0,0.0,0.0,0.0
2,C1,best,VRPB,2,both_wrong_cost_up,0,0.0,0.0,0.0,0.0
2,C1,best,VRPB,2,unchanged_or_equal,252,0.0,0.0,0.0,0.0
2,C1,best,VRPB,2,all,252,0.0,0.0,0.0,0.0
2,C1,best,VRPB,3,corrected,0,0.0,0.0,0.0,0.0
2,C1,best,VRPB,3,harmed,0,0.0,0.0,0.0,0.0
2,C1,best,VRPB,3,both_wrong_cost_down,0,0.0,0.0,0.0,0.0
2,C1,best,VRPB,3,both_wrong_cost_up,0,0.0,0.0,0.0,0.0
2,C1,best,VRPB,3,unchanged_or_equal,228,0.0,0.0,0.0,0.0
2,C1,best,VRPB,3,all,228,0.0,0.0,0.0,0.0
2,C1,best,VRPL,ALL,corrected,0,0.0,0.0,0.0,0.0
2,C1,best,VRPL,ALL,harmed,0,0.0,0.0,0.0,0.0
2,C1,best,VRPL,ALL,both_wrong_cost_down,0,0.0,0.0,0.0,0.0
2,C1,best,VRPL,ALL,both_wrong_cost_up,0,0.0,0.0,0.0,0.0
2,C1,best,VRPL,ALL,unchanged_or_equal,1000,0.0,0.0,0.0,0.0
2,C1,best,VRPL,ALL,all,1000,0.0,0.0,0.0,0.0
2,C1,best,VRPL,0,corrected,0,0.0,0.0,0.0,0.0
2,C1,best,VRPL,0,harmed,0,0.0,0.0,0.0,0.0
2,C1,best,VRPL,0,both_wrong_cost_down,0,0.0,0.0,0.0,0.0
2,C1,best,VRPL,0,both_wrong_cost_up,0,0.0,0.0,0.0,0.0
2,C1,best,VRPL,0,unchanged_or_equal,260,0.0,0.0,0.0,0.0
2,C1,best,VRPL,0,all,260,0.0,0.0,0.0,0.0
2,C1,best,VRPL,1,corrected,0,0.0,0.0,0.0,0.0
2,C1,best,VRPL,1,harmed,0,0.0,0.0,0.0,0.0
2,C1,best,VRPL,1,both_wrong_cost_down,0,0.0,0.0,0.0,0.0
2,C1,best,VRPL,1,both_wrong_cost_up,0,0.0,0.0,0.0,0.0
2,C1,best,VRPL,1,unchanged_or_equal,260,0.0,0.0,0.0,0.0
2,C1,best,VRPL,1,all,260,0.0,0.0,0.0,0.0
2,C1,best,VRPL,2,corrected,0,0.0,0.0,0.0,0.0
2,C1,best,VRPL,2,harmed,0,0.0,0.0,0.0,0.0
2,C1,best,VRPL,2,both_wrong_cost_down,0,0.0,0.0,0.0,0.0
2,C1,best,VRPL,2,both_wrong_cost_up,0,0.0,0.0,0.0,0.0
2,C1,best,VRPL,2,unchanged_or_equal,252,0.0,0.0,0.0,0.0
2,C1,best,VRPL,2,all,252,0.0,0.0,0.0,0.0
2,C1,best,VRPL,3,corrected,0,0.0,0.0,0.0,0.0
2,C1,best,VRPL,3,harmed,0,0.0,0.0,0.0,0.0
2,C1,best,VRPL,3,both_wrong_cost_down,0,0.0,0.0,0.0,0.0
2,C1,best,VRPL,3,both_wrong_cost_up,0,0.0,0.0,0.0,0.0
2,C1,best,VRPL,3,unchanged_or_equal,228,0.0,0.0,0.0,0.0
2,C1,best,VRPL,3,all,228,0.0,0.0,0.0,0.0
2,C1,best,VRPTW,ALL,corrected,0,0.0,0.0,0.0,0.0
2,C1,best,VRPTW,ALL,harmed,0,0.0,0.0,0.0,0.0
2,C1,best,VRPTW,ALL,both_wrong_cost_down,0,0.0,0.0,0.0,0.0
2,C1,best,VRPTW,ALL,both_wrong_cost_up,0,0.0,0.0,0.0,0.0
2,C1,best,VRPTW,ALL,unchanged_or_equal,1000,0.0,0.0,0.0,0.0
2,C1,best,VRPTW,ALL,all,1000,0.0,0.0,0.0,0.0
2,C1,best,VRPTW,0,corrected,0,0.0,0.0,0.0,0.0
2,C1,best,VRPTW,0,harmed,0,0.0,0.0,0.0,0.0
2,C1,best,VRPTW,0,both_wrong_cost_down,0,0.0,0.0,0.0,0.0
2,C1,best,VRPTW,0,both_wrong_cost_up,0,0.0,0.0,0.0,0.0
2,C1,best,VRPTW,0,unchanged_or_equal,260,0.0,0.0,0.0,0.0
2,C1,best,VRPTW,0,all,260,0.0,0.0,0.0,0.0
2,C1,best,VRPTW,1,corrected,0,0.0,0.0,0.0,0.0
2,C1,best,VRPTW,1,harmed,0,0.0,0.0,0.0,0.0
2,C1,best,VRPTW,1,both_wrong_cost_down,0,0.0,0.0,0.0,0.0
2,C1,best,VRPTW,1,both_wrong_cost_up,0,0.0,0.0,0.0,0.0
2,C1,best,VRPTW,1,unchanged_or_equal,260,0.0,0.0,0.0,0.0
2,C1,best,VRPTW,1,all,260,0.0,0.0,0.0,0.0
2,C1,best,VRPTW,2,corrected,0,0.0,0.0,0.0,0.0
2,C1,best,VRPTW,2,harmed,0,0.0,0.0,0.0,0.0
2,C1,best,VRPTW,2,both_wrong_cost_down,0,0.0,0.0,0.0,0.0
2,C1,best,VRPTW,2,both_wrong_cost_up,0,0.0,0.0,0.0,0.0
2,C1,best,VRPTW,2,unchanged_or_equal,252,0.0,0.0,0.0,0.0
2,C1,best,VRPTW,2,all,252,0.0,0.0,0.0,0.0
2,C1,best,VRPTW,3,corrected,0,0.0,0.0,0.0,0.0
2,C1,best,VRPTW,3,harmed,0,0.0,0.0,0.0,0.0
2,C1,best,VRPTW,3,both_wrong_cost_down,0,0.0,0.0,0.0,0.0
2,C1,best,VRPTW,3,both_wrong_cost_up,0,0.0,0.0,0.0,0.0
2,C1,best,VRPTW,3,unchanged_or_equal,228,0.0,0.0,0.0,0.0
2,C1,best,VRPTW,3,all,228,0.0,0.0,0.0,0.0
2,C1,best,OVRPTW,ALL,corrected,0,0.0,0.0,0.0,0.0
2,C1,best,OVRPTW,ALL,harmed,0,0.0,0.0,0.0,0.0
2,C1,best,OVRPTW,ALL,both_wrong_cost_down,0,0.0,0.0,0.0,0.0
2,C1,best,OVRPTW,ALL,both_wrong_cost_up,0,0.0,0.0,0.0,0.0
2,C1,best,OVRPTW,ALL,unchanged_or_equal,1000,0.0,0.0,0.0,0.0
2,C1,best,OVRPTW,ALL,all,1000,0.0,0.0,0.0,0.0
2,C1,best,OVRPTW,0,corrected,0,0.0,0.0,0.0,0.0
2,C1,best,OVRPTW,0,harmed,0,0.0,0.0,0.0,0.0
2,C1,best,OVRPTW,0,both_wrong_cost_down,0,0.0,0.0,0.0,0.0
2,C1,best,OVRPTW,0,both_wrong_cost_up,0,0.0,0.0,0.0,0.0
2,C1,best,OVRPTW,0,unchanged_or_equal,260,0.0,0.0,0.0,0.0
2,C1,best,OVRPTW,0,all,260,0.0,0.0,0.0,0.0
2,C1,best,OVRPTW,1,corrected,0,0.0,0.0,0.0,0.0
2,C1,best,OVRPTW,1,harmed,0,0.0,0.0,0.0,0.0
2,C1,best,OVRPTW,1,both_wrong_cost_down,0,0.0,0.0,0.0,0.0
2,C1,best,OVRPTW,1,both_wrong_cost_up,0,0.0,0.0,0.0,0.0
2,C1,best,OVRPTW,1,unchanged_or_equal,260,0.0,0.0,0.0,0.0
2,C1,best,OVRPTW,1,all,260,0.0,0.0,0.0,0.0
2,C1,best,OVRPTW,2,corrected,0,0.0,0.0,0.0,0.0
2,C1,best,OVRPTW,2,harmed,0,0.0,0.0,0.0,0.0
2,C1,best,OVRPTW,2,both_wrong_cost_down,0,0.0,0.0,0.0,0.0
2,C1,best,OVRPTW,2,both_wrong_cost_up,0,0.0,0.0,0.0,0.0
2,C1,best,OVRPTW,2,unchanged_or_equal,252,0.0,0.0,0.0,0.0
2,C1,best,OVRPTW,2,all,252,0.0,0.0,0.0,0.0
2,C1,best,OVRPTW,3,corrected,0,0.0,0.0,0.0,0.0
2,C1,best,OVRPTW,3,harmed,0,0.0,0.0,0.0,0.0
2,C1,best,OVRPTW,3,both_wrong_cost_down,0,0.0,0.0,0.0,0.0
2,C1,best,OVRPTW,3,both_wrong_cost_up,0,0.0,0.0,0.0,0.0
2,C1,best,OVRPTW,3,unchanged_or_equal,228,0.0,0.0,0.0,0.0
2,C1,best,OVRPTW,3,all,228,0.0,0.0,0.0,0.0
2,C1,best,OVRPB,ALL,corrected,0,0.0,0.0,0.0,0.0
2,C1,best,OVRPB,ALL,harmed,0,0.0,0.0,0.0,0.0
2,C1,best,OVRPB,ALL,both_wrong_cost_down,0,0.0,0.0,0.0,0.0
2,C1,best,OVRPB,ALL,both_wrong_cost_up,0,0.0,0.0,0.0,0.0
2,C1,best,OVRPB,ALL,unchanged_or_equal,1000,0.0,0.0,0.0,0.0
2,C1,best,OVRPB,ALL,all,1000,0.0,0.0,0.0,0.0
2,C1,best,OVRPB,0,corrected,0,0.0,0.0,0.0,0.0
2,C1,best,OVRPB,0,harmed,0,0.0,0.0,0.0,0.0
2,C1,best,OVRPB,0,both_wrong_cost_down,0,0.0,0.0,0.0,0.0
2,C1,best,OVRPB,0,both_wrong_cost_up,0,0.0,0.0,0.0,0.0
2,C1,best,OVRPB,0,unchanged_or_equal,260,0.0,0.0,0.0,0.0
2,C1,best,OVRPB,0,all,260,0.0,0.0,0.0,0.0
2,C1,best,OVRPB,1,corrected,0,0.0,0.0,0.0,0.0
2,C1,best,OVRPB,1,harmed,0,0.0,0.0,0.0,0.0
2,C1,best,OVRPB,1,both_wrong_cost_down,0,0.0,0.0,0.0,0.0
2,C1,best,OVRPB,1,both_wrong_cost_up,0,0.0,0.0,0.0,0.0
2,C1,best,OVRPB,1,unchanged_or_equal,260,0.0,0.0,0.0,0.0
2,C1,best,OVRPB,1,all,260,0.0,0.0,0.0,0.0
2,C1,best,OVRPB,2,corrected,0,0.0,0.0,0.0,0.0
2,C1,best,OVRPB,2,harmed,0,0.0,0.0,0.0,0.0
2,C1,best,OVRPB,2,both_wrong_cost_down,0,0.0,0.0,0.0,0.0
2,C1,best,OVRPB,2,both_wrong_cost_up,0,0.0,0.0,0.0,0.0
2,C1,best,OVRPB,2,unchanged_or_equal,252,0.0,0.0,0.0,0.0
2,C1,best,OVRPB,2,all,252,0.0,0.0,0.0,0.0
2,C1,best,OVRPB,3,corrected,0,0.0,0.0,0.0,0.0
2,C1,best,OVRPB,3,harmed,0,0.0,0.0,0.0,0.0
2,C1,best,OVRPB,3,both_wrong_cost_down,0,0.0,0.0,0.0,0.0
2,C1,best,OVRPB,3,both_wrong_cost_up,0,0.0,0.0,0.0,0.0
2,C1,best,OVRPB,3,unchanged_or_equal,228,0.0,0.0,0.0,0.0
2,C1,best,OVRPB,3,all,228,0.0,0.0,0.0,0.0
2,C1,best,OVRPL,ALL,corrected,0,0.0,0.0,0.0,0.0
2,C1,best,OVRPL,ALL,harmed,0,0.0,0.0,0.0,0.0
2,C1,best,OVRPL,ALL,both_wrong_cost_down,0,0.0,0.0,0.0,0.0
2,C1,best,OVRPL,ALL,both_wrong_cost_up,0,0.0,0.0,0.0,0.0
2,C1,best,OVRPL,ALL,unchanged_or_equal,1000,0.0,0.0,0.0,0.0
2,C1,best,OVRPL,ALL,all,1000,0.0,0.0,0.0,0.0
2,C1,best,OVRPL,0,corrected,0,0.0,0.0,0.0,0.0
2,C1,best,OVRPL,0,harmed,0,0.0,0.0,0.0,0.0
2,C1,best,OVRPL,0,both_wrong_cost_down,0,0.0,0.0,0.0,0.0
2,C1,best,OVRPL,0,both_wrong_cost_up,0,0.0,0.0,0.0,0.0
2,C1,best,OVRPL,0,unchanged_or_equal,260,0.0,0.0,0.0,0.0
2,C1,best,OVRPL,0,all,260,0.0,0.0,0.0,0.0
2,C1,best,OVRPL,1,corrected,0,0.0,0.0,0.0,0.0
2,C1,best,OVRPL,1,harmed,0,0.0,0.0,0.0,0.0
2,C1,best,OVRPL,1,both_wrong_cost_down,0,0.0,0.0,0.0,0.0
2,C1,best,OVRPL,1,both_wrong_cost_up,0,0.0,0.0,0.0,0.0
2,C1,best,OVRPL,1,unchanged_or_equal,260,0.0,0.0,0.0,0.0
2,C1,best,OVRPL,1,all,260,0.0,0.0,0.0,0.0
2,C1,best,OVRPL,2,corrected,0,0.0,0.0,0.0,0.0
2,C1,best,OVRPL,2,harmed,0,0.0,0.0,0.0,0.0
2,C1,best,OVRPL,2,both_wrong_cost_down,0,0.0,0.0,0.0,0.0
2,C1,best,OVRPL,2,both_wrong_cost_up,0,0.0,0.0,0.0,0.0
2,C1,best,OVRPL,2,unchanged_or_equal,252,0.0,0.0,0.0,0.0
2,C1,best,OVRPL,2,all,252,0.0,0.0,0.0,0.0
2,C1,best,OVRPL,3,corrected,0,0.0,0.0,0.0,0.0
2,C1,best,OVRPL,3,harmed,0,0.0,0.0,0.0,0.0
2,C1,best,OVRPL,3,both_wrong_cost_down,0,0.0,0.0,0.0,0.0
2,C1,best,OVRPL,3,both_wrong_cost_up,0,0.0,0.0,0.0,0.0
2,C1,best,OVRPL,3,unchanged_or_equal,228,0.0,0.0,0.0,0.0
2,C1,best,OVRPL,3,all,228,0.0,0.0,0.0,0.0
2,C1,best,VRPBL,ALL,corrected,0,0.0,0.0,0.0,0.0
2,C1,best,VRPBL,ALL,harmed,0,0.0,0.0,0.0,0.0
2,C1,best,VRPBL,ALL,both_wrong_cost_down,0,0.0,0.0,0.0,0.0
2,C1,best,VRPBL,ALL,both_wrong_cost_up,0,0.0,0.0,0.0,0.0
2,C1,best,VRPBL,ALL,unchanged_or_equal,1000,0.0,0.0,0.0,0.0
2,C1,best,VRPBL,ALL,all,1000,0.0,0.0,0.0,0.0
2,C1,best,VRPBL,0,corrected,0,0.0,0.0,0.0,0.0
2,C1,best,VRPBL,0,harmed,0,0.0,0.0,0.0,0.0
2,C1,best,VRPBL,0,both_wrong_cost_down,0,0.0,0.0,0.0,0.0
2,C1,best,VRPBL,0,both_wrong_cost_up,0,0.0,0.0,0.0,0.0
2,C1,best,VRPBL,0,unchanged_or_equal,260,0.0,0.0,0.0,0.0
2,C1,best,VRPBL,0,all,260,0.0,0.0,0.0,0.0
2,C1,best,VRPBL,1,corrected,0,0.0,0.0,0.0,0.0
2,C1,best,VRPBL,1,harmed,0,0.0,0.0,0.0,0.0
2,C1,best,VRPBL,1,both_wrong_cost_down,0,0.0,0.0,0.0,0.0
2,C1,best,VRPBL,1,both_wrong_cost_up,0,0.0,0.0,0.0,0.0
2,C1,best,VRPBL,1,unchanged_or_equal,260,0.0,0.0,0.0,0.0
2,C1,best,VRPBL,1,all,260,0.0,0.0,0.0,0.0
2,C1,best,VRPBL,2,corrected,0,0.0,0.0,0.0,0.0
2,C1,best,VRPBL,2,harmed,0,0.0,0.0,0.0,0.0
2,C1,best,VRPBL,2,both_wrong_cost_down,0,0.0,0.0,0.0,0.0
2,C1,best,VRPBL,2,both_wrong_cost_up,0,0.0,0.0,0.0,0.0
2,C1,best,VRPBL,2,unchanged_or_equal,252,0.0,0.0,0.0,0.0
2,C1,best,VRPBL,2,all,252,0.0,0.0,0.0,0.0
2,C1,best,VRPBL,3,corrected,0,0.0,0.0,0.0,0.0
2,C1,best,VRPBL,3,harmed,0,0.0,0.0,0.0,0.0
2,C1,best,VRPBL,3,both_wrong_cost_down,0,0.0,0.0,0.0,0.0
2,C1,best,VRPBL,3,both_wrong_cost_up,0,0.0,0.0,0.0,0.0
2,C1,best,VRPBL,3,unchanged_or_equal,228,0.0,0.0,0.0,0.0
2,C1,best,VRPBL,3,all,228,0.0,0.0,0.0,0.0
2,C1,best,VRPBTW,ALL,corrected,0,0.0,0.0,0.0,0.0
2,C1,best,VRPBTW,ALL,harmed,0,0.0,0.0,0.0,0.0
2,C1,best,VRPBTW,ALL,both_wrong_cost_down,0,0.0,0.0,0.0,0.0
2,C1,best,VRPBTW,ALL,both_wrong_cost_up,0,0.0,0.0,0.0,0.0
2,C1,best,VRPBTW,ALL,unchanged_or_equal,1000,0.0,0.0,0.0,0.0
2,C1,best,VRPBTW,ALL,all,1000,0.0,0.0,0.0,0.0
2,C1,best,VRPBTW,0,corrected,0,0.0,0.0,0.0,0.0
2,C1,best,VRPBTW,0,harmed,0,0.0,0.0,0.0,0.0
2,C1,best,VRPBTW,0,both_wrong_cost_down,0,0.0,0.0,0.0,0.0
2,C1,best,VRPBTW,0,both_wrong_cost_up,0,0.0,0.0,0.0,0.0
2,C1,best,VRPBTW,0,unchanged_or_equal,260,0.0,0.0,0.0,0.0
2,C1,best,VRPBTW,0,all,260,0.0,0.0,0.0,0.0
2,C1,best,VRPBTW,1,corrected,0,0.0,0.0,0.0,0.0
2,C1,best,VRPBTW,1,harmed,0,0.0,0.0,0.0,0.0
2,C1,best,VRPBTW,1,both_wrong_cost_down,0,0.0,0.0,0.0,0.0
2,C1,best,VRPBTW,1,both_wrong_cost_up,0,0.0,0.0,0.0,0.0
2,C1,best,VRPBTW,1,unchanged_or_equal,260,0.0,0.0,0.0,0.0
2,C1,best,VRPBTW,1,all,260,0.0,0.0,0.0,0.0
2,C1,best,VRPBTW,2,corrected,0,0.0,0.0,0.0,0.0
2,C1,best,VRPBTW,2,harmed,0,0.0,0.0,0.0,0.0
2,C1,best,VRPBTW,2,both_wrong_cost_down,0,0.0,0.0,0.0,0.0
2,C1,best,VRPBTW,2,both_wrong_cost_up,0,0.0,0.0,0.0,0.0
2,C1,best,VRPBTW,2,unchanged_or_equal,252,0.0,0.0,0.0,0.0
2,C1,best,VRPBTW,2,all,252,0.0,0.0,0.0,0.0
2,C1,best,VRPBTW,3,corrected,0,0.0,0.0,0.0,0.0
2,C1,best,VRPBTW,3,harmed,0,0.0,0.0,0.0,0.0
2,C1,best,VRPBTW,3,both_wrong_cost_down,0,0.0,0.0,0.0,0.0
2,C1,best,VRPBTW,3,both_wrong_cost_up,0,0.0,0.0,0.0,0.0
2,C1,best,VRPBTW,3,unchanged_or_equal,228,0.0,0.0,0.0,0.0
2,C1,best,VRPBTW,3,all,228,0.0,0.0,0.0,0.0
2,C1,best,VRPLTW,ALL,corrected,0,0.0,0.0,0.0,0.0
2,C1,best,VRPLTW,ALL,harmed,0,0.0,0.0,0.0,0.0
2,C1,best,VRPLTW,ALL,both_wrong_cost_down,0,0.0,0.0,0.0,0.0
2,C1,best,VRPLTW,ALL,both_wrong_cost_up,0,0.0,0.0,0.0,0.0
2,C1,best,VRPLTW,ALL,unchanged_or_equal,1000,0.0,0.0,0.0,0.0
2,C1,best,VRPLTW,ALL,all,1000,0.0,0.0,0.0,0.0
2,C1,best,VRPLTW,0,corrected,0,0.0,0.0,0.0,0.0
2,C1,best,VRPLTW,0,harmed,0,0.0,0.0,0.0,0.0
2,C1,best,VRPLTW,0,both_wrong_cost_down,0,0.0,0.0,0.0,0.0
2,C1,best,VRPLTW,0,both_wrong_cost_up,0,0.0,0.0,0.0,0.0
2,C1,best,VRPLTW,0,unchanged_or_equal,260,0.0,0.0,0.0,0.0
2,C1,best,VRPLTW,0,all,260,0.0,0.0,0.0,0.0
2,C1,best,VRPLTW,1,corrected,0,0.0,0.0,0.0,0.0
2,C1,best,VRPLTW,1,harmed,0,0.0,0.0,0.0,0.0
2,C1,best,VRPLTW,1,both_wrong_cost_down,0,0.0,0.0,0.0,0.0
2,C1,best,VRPLTW,1,both_wrong_cost_up,0,0.0,0.0,0.0,0.0
2,C1,best,VRPLTW,1,unchanged_or_equal,260,0.0,0.0,0.0,0.0
2,C1,best,VRPLTW,1,all,260,0.0,0.0,0.0,0.0
2,C1,best,VRPLTW,2,corrected,0,0.0,0.0,0.0,0.0
2,C1,best,VRPLTW,2,harmed,0,0.0,0.0,0.0,0.0
2,C1,best,VRPLTW,2,both_wrong_cost_down,0,0.0,0.0,0.0,0.0
2,C1,best,VRPLTW,2,both_wrong_cost_up,0,0.0,0.0,0.0,0.0
2,C1,best,VRPLTW,2,unchanged_or_equal,252,0.0,0.0,0.0,0.0
2,C1,best,VRPLTW,2,all,252,0.0,0.0,0.0,0.0
2,C1,best,VRPLTW,3,corrected,0,0.0,0.0,0.0,0.0
2,C1,best,VRPLTW,3,harmed,0,0.0,0.0,0.0,0.0
2,C1,best,VRPLTW,3,both_wrong_cost_down,0,0.0,0.0,0.0,0.0
2,C1,best,VRPLTW,3,both_wrong_cost_up,0,0.0,0.0,0.0,0.0
2,C1,best,VRPLTW,3,unchanged_or_equal,228,0.0,0.0,0.0,0.0
2,C1,best,VRPLTW,3,all,228,0.0,0.0,0.0,0.0
2,C1,best,OVRPBL,ALL,corrected,0,0.0,0.0,0.0,0.0
2,C1,best,OVRPBL,ALL,harmed,0,0.0,0.0,0.0,0.0
2,C1,best,OVRPBL,ALL,both_wrong_cost_down,0,0.0,0.0,0.0,0.0
2,C1,best,OVRPBL,ALL,both_wrong_cost_up,0,0.0,0.0,0.0,0.0
2,C1,best,OVRPBL,ALL,unchanged_or_equal,1000,0.0,0.0,0.0,0.0
2,C1,best,OVRPBL,ALL,all,1000,0.0,0.0,0.0,0.0
2,C1,best,OVRPBL,0,corrected,0,0.0,0.0,0.0,0.0
2,C1,best,OVRPBL,0,harmed,0,0.0,0.0,0.0,0.0
2,C1,best,OVRPBL,0,both_wrong_cost_down,0,0.0,0.0,0.0,0.0
2,C1,best,OVRPBL,0,both_wrong_cost_up,0,0.0,0.0,0.0,0.0
2,C1,best,OVRPBL,0,unchanged_or_equal,260,0.0,0.0,0.0,0.0
2,C1,best,OVRPBL,0,all,260,0.0,0.0,0.0,0.0
2,C1,best,OVRPBL,1,corrected,0,0.0,0.0,0.0,0.0
2,C1,best,OVRPBL,1,harmed,0,0.0,0.0,0.0,0.0
2,C1,best,OVRPBL,1,both_wrong_cost_down,0,0.0,0.0,0.0,0.0
2,C1,best,OVRPBL,1,both_wrong_cost_up,0,0.0,0.0,0.0,0.0
2,C1,best,OVRPBL,1,unchanged_or_equal,260,0.0,0.0,0.0,0.0
2,C1,best,OVRPBL,1,all,260,0.0,0.0,0.0,0.0
2,C1,best,OVRPBL,2,corrected,0,0.0,0.0,0.0,0.0
2,C1,best,OVRPBL,2,harmed,0,0.0,0.0,0.0,0.0
2,C1,best,OVRPBL,2,both_wrong_cost_down,0,0.0,0.0,0.0,0.0
2,C1,best,OVRPBL,2,both_wrong_cost_up,0,0.0,0.0,0.0,0.0
2,C1,best,OVRPBL,2,unchanged_or_equal,252,0.0,0.0,0.0,0.0
2,C1,best,OVRPBL,2,all,252,0.0,0.0,0.0,0.0
2,C1,best,OVRPBL,3,corrected,0,0.0,0.0,0.0,0.0
2,C1,best,OVRPBL,3,harmed,0,0.0,0.0,0.0,0.0
2,C1,best,OVRPBL,3,both_wrong_cost_down,0,0.0,0.0,0.0,0.0
2,C1,best,OVRPBL,3,both_wrong_cost_up,0,0.0,0.0,0.0,0.0
2,C1,best,OVRPBL,3,unchanged_or_equal,228,0.0,0.0,0.0,0.0
2,C1,best,OVRPBL,3,all,228,0.0,0.0,0.0,0.0
2,C1,best,OVRPBTW,ALL,corrected,0,0.0,0.0,0.0,0.0
2,C1,best,OVRPBTW,ALL,harmed,0,0.0,0.0,0.0,0.0
2,C1,best,OVRPBTW,ALL,both_wrong_cost_down,0,0.0,0.0,0.0,0.0
2,C1,best,OVRPBTW,ALL,both_wrong_cost_up,0,0.0,0.0,0.0,0.0
2,C1,best,OVRPBTW,ALL,unchanged_or_equal,1000,0.0,0.0,0.0,0.0
2,C1,best,OVRPBTW,ALL,all,1000,0.0,0.0,0.0,0.0
2,C1,best,OVRPBTW,0,corrected,0,0.0,0.0,0.0,0.0
2,C1,best,OVRPBTW,0,harmed,0,0.0,0.0,0.0,0.0
2,C1,best,OVRPBTW,0,both_wrong_cost_down,0,0.0,0.0,0.0,0.0
2,C1,best,OVRPBTW,0,both_wrong_cost_up,0,0.0,0.0,0.0,0.0
2,C1,best,OVRPBTW,0,unchanged_or_equal,260,0.0,0.0,0.0,0.0
2,C1,best,OVRPBTW,0,all,260,0.0,0.0,0.0,0.0
2,C1,best,OVRPBTW,1,corrected,0,0.0,0.0,0.0,0.0
2,C1,best,OVRPBTW,1,harmed,0,0.0,0.0,0.0,0.0
2,C1,best,OVRPBTW,1,both_wrong_cost_down,0,0.0,0.0,0.0,0.0
2,C1,best,OVRPBTW,1,both_wrong_cost_up,0,0.0,0.0,0.0,0.0
2,C1,best,OVRPBTW,1,unchanged_or_equal,260,0.0,0.0,0.0,0.0
2,C1,best,OVRPBTW,1,all,260,0.0,0.0,0.0,0.0
2,C1,best,OVRPBTW,2,corrected,0,0.0,0.0,0.0,0.0
2,C1,best,OVRPBTW,2,harmed,0,0.0,0.0,0.0,0.0
2,C1,best,OVRPBTW,2,both_wrong_cost_down,0,0.0,0.0,0.0,0.0
2,C1,best,OVRPBTW,2,both_wrong_cost_up,0,0.0,0.0,0.0,0.0
2,C1,best,OVRPBTW,2,unchanged_or_equal,252,0.0,0.0,0.0,0.0
2,C1,best,OVRPBTW,2,all,252,0.0,0.0,0.0,0.0
2,C1,best,OVRPBTW,3,corrected,0,0.0,0.0,0.0,0.0
2,C1,best,OVRPBTW,3,harmed,0,0.0,0.0,0.0,0.0
2,C1,best,OVRPBTW,3,both_wrong_cost_down,0,0.0,0.0,0.0,0.0
2,C1,best,OVRPBTW,3,both_wrong_cost_up,0,0.0,0.0,0.0,0.0
2,C1,best,OVRPBTW,3,unchanged_or_equal,228,0.0,0.0,0.0,0.0
2,C1,best,OVRPBTW,3,all,228,0.0,0.0,0.0,0.0
2,C1,best,OVRPLTW,ALL,corrected,0,0.0,0.0,0.0,0.0
2,C1,best,OVRPLTW,ALL,harmed,0,0.0,0.0,0.0,0.0
2,C1,best,OVRPLTW,ALL,both_wrong_cost_down,0,0.0,0.0,0.0,0.0
2,C1,best,OVRPLTW,ALL,both_wrong_cost_up,0,0.0,0.0,0.0,0.0
2,C1,best,OVRPLTW,ALL,unchanged_or_equal,1000,0.0,0.0,0.0,0.0
2,C1,best,OVRPLTW,ALL,all,1000,0.0,0.0,0.0,0.0
2,C1,best,OVRPLTW,0,corrected,0,0.0,0.0,0.0,0.0
2,C1,best,OVRPLTW,0,harmed,0,0.0,0.0,0.0,0.0
2,C1,best,OVRPLTW,0,both_wrong_cost_down,0,0.0,0.0,0.0,0.0
2,C1,best,OVRPLTW,0,both_wrong_cost_up,0,0.0,0.0,0.0,0.0
2,C1,best,OVRPLTW,0,unchanged_or_equal,260,0.0,0.0,0.0,0.0
2,C1,best,OVRPLTW,0,all,260,0.0,0.0,0.0,0.0
2,C1,best,OVRPLTW,1,corrected,0,0.0,0.0,0.0,0.0
2,C1,best,OVRPLTW,1,harmed,0,0.0,0.0,0.0,0.0
2,C1,best,OVRPLTW,1,both_wrong_cost_down,0,0.0,0.0,0.0,0.0
2,C1,best,OVRPLTW,1,both_wrong_cost_up,0,0.0,0.0,0.0,0.0
2,C1,best,OVRPLTW,1,unchanged_or_equal,260,0.0,0.0,0.0,0.0
2,C1,best,OVRPLTW,1,all,260,0.0,0.0,0.0,0.0
2,C1,best,OVRPLTW,2,corrected,0,0.0,0.0,0.0,0.0
2,C1,best,OVRPLTW,2,harmed,0,0.0,0.0,0.0,0.0
2,C1,best,OVRPLTW,2,both_wrong_cost_down,0,0.0,0.0,0.0,0.0
2,C1,best,OVRPLTW,2,both_wrong_cost_up,0,0.0,0.0,0.0,0.0
2,C1,best,OVRPLTW,2,unchanged_or_equal,252,0.0,0.0,0.0,0.0
2,C1,best,OVRPLTW,2,all,252,0.0,0.0,0.0,0.0
2,C1,best,OVRPLTW,3,corrected,0,0.0,0.0,0.0,0.0
2,C1,best,OVRPLTW,3,harmed,0,0.0,0.0,0.0,0.0
2,C1,best,OVRPLTW,3,both_wrong_cost_down,0,0.0,0.0,0.0,0.0
2,C1,best,OVRPLTW,3,both_wrong_cost_up,0,0.0,0.0,0.0,0.0
2,C1,best,OVRPLTW,3,unchanged_or_equal,228,0.0,0.0,0.0,0.0
2,C1,best,OVRPLTW,3,all,228,0.0,0.0,0.0,0.0
2,C1,best,VRPBLTW,ALL,corrected,0,0.0,0.0,0.0,0.0
2,C1,best,VRPBLTW,ALL,harmed,0,0.0,0.0,0.0,0.0
2,C1,best,VRPBLTW,ALL,both_wrong_cost_down,0,0.0,0.0,0.0,0.0
2,C1,best,VRPBLTW,ALL,both_wrong_cost_up,0,0.0,0.0,0.0,0.0
2,C1,best,VRPBLTW,ALL,unchanged_or_equal,1000,0.0,0.0,0.0,0.0
2,C1,best,VRPBLTW,ALL,all,1000,0.0,0.0,0.0,0.0
2,C1,best,VRPBLTW,0,corrected,0,0.0,0.0,0.0,0.0
2,C1,best,VRPBLTW,0,harmed,0,0.0,0.0,0.0,0.0
2,C1,best,VRPBLTW,0,both_wrong_cost_down,0,0.0,0.0,0.0,0.0
2,C1,best,VRPBLTW,0,both_wrong_cost_up,0,0.0,0.0,0.0,0.0
2,C1,best,VRPBLTW,0,unchanged_or_equal,260,0.0,0.0,0.0,0.0
2,C1,best,VRPBLTW,0,all,260,0.0,0.0,0.0,0.0
2,C1,best,VRPBLTW,1,corrected,0,0.0,0.0,0.0,0.0
2,C1,best,VRPBLTW,1,harmed,0,0.0,0.0,0.0,0.0
2,C1,best,VRPBLTW,1,both_wrong_cost_down,0,0.0,0.0,0.0,0.0
2,C1,best,VRPBLTW,1,both_wrong_cost_up,0,0.0,0.0,0.0,0.0
2,C1,best,VRPBLTW,1,unchanged_or_equal,260,0.0,0.0,0.0,0.0
2,C1,best,VRPBLTW,1,all,260,0.0,0.0,0.0,0.0
2,C1,best,VRPBLTW,2,corrected,0,0.0,0.0,0.0,0.0
2,C1,best,VRPBLTW,2,harmed,0,0.0,0.0,0.0,0.0
2,C1,best,VRPBLTW,2,both_wrong_cost_down,0,0.0,0.0,0.0,0.0
2,C1,best,VRPBLTW,2,both_wrong_cost_up,0,0.0,0.0,0.0,0.0
2,C1,best,VRPBLTW,2,unchanged_or_equal,252,0.0,0.0,0.0,0.0
2,C1,best,VRPBLTW,2,all,252,0.0,0.0,0.0,0.0
2,C1,best,VRPBLTW,3,corrected,0,0.0,0.0,0.0,0.0
2,C1,best,VRPBLTW,3,harmed,0,0.0,0.0,0.0,0.0
2,C1,best,VRPBLTW,3,both_wrong_cost_down,0,0.0,0.0,0.0,0.0
2,C1,best,VRPBLTW,3,both_wrong_cost_up,0,0.0,0.0,0.0,0.0
2,C1,best,VRPBLTW,3,unchanged_or_equal,228,0.0,0.0,0.0,0.0
2,C1,best,VRPBLTW,3,all,228,0.0,0.0,0.0,0.0
2,C1,best,OVRPBLTW,ALL,corrected,0,0.0,0.0,0.0,0.0
2,C1,best,OVRPBLTW,ALL,harmed,0,0.0,0.0,0.0,0.0
2,C1,best,OVRPBLTW,ALL,both_wrong_cost_down,0,0.0,0.0,0.0,0.0
2,C1,best,OVRPBLTW,ALL,both_wrong_cost_up,0,0.0,0.0,0.0,0.0
2,C1,best,OVRPBLTW,ALL,unchanged_or_equal,1000,0.0,0.0,0.0,0.0
2,C1,best,OVRPBLTW,ALL,all,1000,0.0,0.0,0.0,0.0
2,C1,best,OVRPBLTW,0,corrected,0,0.0,0.0,0.0,0.0
2,C1,best,OVRPBLTW,0,harmed,0,0.0,0.0,0.0,0.0
2,C1,best,OVRPBLTW,0,both_wrong_cost_down,0,0.0,0.0,0.0,0.0
2,C1,best,OVRPBLTW,0,both_wrong_cost_up,0,0.0,0.0,0.0,0.0
2,C1,best,OVRPBLTW,0,unchanged_or_equal,260,0.0,0.0,0.0,0.0
2,C1,best,OVRPBLTW,0,all,260,0.0,0.0,0.0,0.0
2,C1,best,OVRPBLTW,1,corrected,0,0.0,0.0,0.0,0.0
2,C1,best,OVRPBLTW,1,harmed,0,0.0,0.0,0.0,0.0
2,C1,best,OVRPBLTW,1,both_wrong_cost_down,0,0.0,0.0,0.0,0.0
2,C1,best,OVRPBLTW,1,both_wrong_cost_up,0,0.0,0.0,0.0,0.0
2,C1,best,OVRPBLTW,1,unchanged_or_equal,260,0.0,0.0,0.0,0.0
2,C1,best,OVRPBLTW,1,all,260,0.0,0.0,0.0,0.0
2,C1,best,OVRPBLTW,2,corrected,0,0.0,0.0,0.0,0.0
2,C1,best,OVRPBLTW,2,harmed,0,0.0,0.0,0.0,0.0
2,C1,best,OVRPBLTW,2,both_wrong_cost_down,0,0.0,0.0,0.0,0.0
2,C1,best,OVRPBLTW,2,both_wrong_cost_up,0,0.0,0.0,0.0,0.0
2,C1,best,OVRPBLTW,2,unchanged_or_equal,252,0.0,0.0,0.0,0.0
2,C1,best,OVRPBLTW,2,all,252,0.0,0.0,0.0,0.0
2,C1,best,OVRPBLTW,3,corrected,0,0.0,0.0,0.0,0.0
2,C1,best,OVRPBLTW,3,harmed,0,0.0,0.0,0.0,0.0
2,C1,best,OVRPBLTW,3,both_wrong_cost_down,0,0.0,0.0,0.0,0.0
2,C1,best,OVRPBLTW,3,both_wrong_cost_up,0,0.0,0.0,0.0,0.0
2,C1,best,OVRPBLTW,3,unchanged_or_equal,228,0.0,0.0,0.0,0.0
2,C1,best,OVRPBLTW,3,all,228,0.0,0.0,0.0,0.0
2,C0,final,TSP,ALL,corrected,0,0.0,0.0,0.0,0.0
2,C0,final,TSP,ALL,harmed,0,0.0,0.0,0.0,0.0
2,C0,final,TSP,ALL,both_wrong_cost_down,0,0.0,0.0,0.0,0.0
2,C0,final,TSP,ALL,both_wrong_cost_up,0,0.0,0.0,0.0,0.0
2,C0,final,TSP,ALL,unchanged_or_equal,1000,0.0,0.0,0.0,0.0
2,C0,final,TSP,ALL,all,1000,0.0,0.0,0.0,0.0
2,C0,final,TSP,0,corrected,0,0.0,0.0,0.0,0.0
2,C0,final,TSP,0,harmed,0,0.0,0.0,0.0,0.0
2,C0,final,TSP,0,both_wrong_cost_down,0,0.0,0.0,0.0,0.0
2,C0,final,TSP,0,both_wrong_cost_up,0,0.0,0.0,0.0,0.0
2,C0,final,TSP,0,unchanged_or_equal,266,0.0,0.0,0.0,0.0
2,C0,final,TSP,0,all,266,0.0,0.0,0.0,0.0
2,C0,final,TSP,1,corrected,0,0.0,0.0,0.0,0.0
2,C0,final,TSP,1,harmed,0,0.0,0.0,0.0,0.0
2,C0,final,TSP,1,both_wrong_cost_down,0,0.0,0.0,0.0,0.0
2,C0,final,TSP,1,both_wrong_cost_up,0,0.0,0.0,0.0,0.0
2,C0,final,TSP,1,unchanged_or_equal,241,0.0,0.0,0.0,0.0
2,C0,final,TSP,1,all,241,0.0,0.0,0.0,0.0
2,C0,final,TSP,2,corrected,0,0.0,0.0,0.0,0.0
2,C0,final,TSP,2,harmed,0,0.0,0.0,0.0,0.0
2,C0,final,TSP,2,both_wrong_cost_down,0,0.0,0.0,0.0,0.0
2,C0,final,TSP,2,both_wrong_cost_up,0,0.0,0.0,0.0,0.0
2,C0,final,TSP,2,unchanged_or_equal,250,0.0,0.0,0.0,0.0
2,C0,final,TSP,2,all,250,0.0,0.0,0.0,0.0
2,C0,final,TSP,3,corrected,0,0.0,0.0,0.0,0.0
2,C0,final,TSP,3,harmed,0,0.0,0.0,0.0,0.0
2,C0,final,TSP,3,both_wrong_cost_down,0,0.0,0.0,0.0,0.0
2,C0,final,TSP,3,both_wrong_cost_up,0,0.0,0.0,0.0,0.0
2,C0,final,TSP,3,unchanged_or_equal,243,0.0,0.0,0.0,0.0
2,C0,final,TSP,3,all,243,0.0,0.0,0.0,0.0
2,C0,final,CVRP,ALL,corrected,1,-0.17395782474277333,-1.682785582094738,-0.00017395782474277332,-0.0016827855820947379
2,C0,final,CVRP,ALL,harmed,0,0.0,0.0,0.0,0.0
2,C0,final,CVRP,ALL,both_wrong_cost_down,0,0.0,0.0,0.0,0.0
2,C0,final,CVRP,ALL,both_wrong_cost_up,0,0.0,0.0,0.0,0.0
2,C0,final,CVRP,ALL,unchanged_or_equal,999,0.0,0.0,0.0,0.0
2,C0,final,CVRP,ALL,all,1000,-0.17395782474277333,-1.682785582094738,-0.00017395782474277332,-0.0016827855820947379
2,C0,final,CVRP,0,corrected,1,-0.17395782474277333,-1.682785582094738,-0.0007042826912662888,-0.006812897093500963
2,C0,final,CVRP,0,harmed,0,0.0,0.0,0.0,0.0
2,C0,final,CVRP,0,both_wrong_cost_down,0,0.0,0.0,0.0,0.0
2,C0,final,CVRP,0,both_wrong_cost_up,0,0.0,0.0,0.0,0.0
2,C0,final,CVRP,0,unchanged_or_equal,246,0.0,0.0,0.0,0.0
2,C0,final,CVRP,0,all,247,-0.17395782474277333,-1.682785582094738,-0.0007042826912662888,-0.006812897093500963
2,C0,final,CVRP,1,corrected,0,0.0,0.0,0.0,0.0
2,C0,final,CVRP,1,harmed,0,0.0,0.0,0.0,0.0
2,C0,final,CVRP,1,both_wrong_cost_down,0,0.0,0.0,0.0,0.0
2,C0,final,CVRP,1,both_wrong_cost_up,0,0.0,0.0,0.0,0.0
2,C0,final,CVRP,1,unchanged_or_equal,260,0.0,0.0,0.0,0.0
2,C0,final,CVRP,1,all,260,0.0,0.0,0.0,0.0
2,C0,final,CVRP,2,corrected,0,0.0,0.0,0.0,0.0
2,C0,final,CVRP,2,harmed,0,0.0,0.0,0.0,0.0
2,C0,final,CVRP,2,both_wrong_cost_down,0,0.0,0.0,0.0,0.0
2,C0,final,CVRP,2,both_wrong_cost_up,0,0.0,0.0,0.0,0.0
2,C0,final,CVRP,2,unchanged_or_equal,239,0.0,0.0,0.0,0.0
2,C0,final,CVRP,2,all,239,0.0,0.0,0.0,0.0
2,C0,final,CVRP,3,corrected,0,0.0,0.0,0.0,0.0
2,C0,final,CVRP,3,harmed,0,0.0,0.0,0.0,0.0
2,C0,final,CVRP,3,both_wrong_cost_down,0,0.0,0.0,0.0,0.0
2,C0,final,CVRP,3,both_wrong_cost_up,0,0.0,0.0,0.0,0.0
2,C0,final,CVRP,3,unchanged_or_equal,254,0.0,0.0,0.0,0.0
2,C0,final,CVRP,3,all,254,0.0,0.0,0.0,0.0
2,C0,final,ATSP,ALL,corrected,0,0.0,0.0,0.0,0.0
2,C0,final,ATSP,ALL,harmed,0,0.0,0.0,0.0,0.0
2,C0,final,ATSP,ALL,both_wrong_cost_down,0,0.0,0.0,0.0,0.0
2,C0,final,ATSP,ALL,both_wrong_cost_up,0,0.0,0.0,0.0,0.0
2,C0,final,ATSP,ALL,unchanged_or_equal,1000,0.0,0.0,0.0,0.0
2,C0,final,ATSP,ALL,all,1000,0.0,0.0,0.0,0.0
2,C0,final,ATSP,0,corrected,0,0.0,0.0,0.0,0.0
2,C0,final,ATSP,0,harmed,0,0.0,0.0,0.0,0.0
2,C0,final,ATSP,0,both_wrong_cost_down,0,0.0,0.0,0.0,0.0
2,C0,final,ATSP,0,both_wrong_cost_up,0,0.0,0.0,0.0,0.0
2,C0,final,ATSP,0,unchanged_or_equal,273,0.0,0.0,0.0,0.0
2,C0,final,ATSP,0,all,273,0.0,0.0,0.0,0.0
2,C0,final,ATSP,1,corrected,0,0.0,0.0,0.0,0.0
2,C0,final,ATSP,1,harmed,0,0.0,0.0,0.0,0.0
2,C0,final,ATSP,1,both_wrong_cost_down,0,0.0,0.0,0.0,0.0
2,C0,final,ATSP,1,both_wrong_cost_up,0,0.0,0.0,0.0,0.0
2,C0,final,ATSP,1,unchanged_or_equal,247,0.0,0.0,0.0,0.0
2,C0,final,ATSP,1,all,247,0.0,0.0,0.0,0.0
2,C0,final,ATSP,2,corrected,0,0.0,0.0,0.0,0.0
2,C0,final,ATSP,2,harmed,0,0.0,0.0,0.0,0.0
2,C0,final,ATSP,2,both_wrong_cost_down,0,0.0,0.0,0.0,0.0
2,C0,final,ATSP,2,both_wrong_cost_up,0,0.0,0.0,0.0,0.0
2,C0,final,ATSP,2,unchanged_or_equal,240,0.0,0.0,0.0,0.0
2,C0,final,ATSP,2,all,240,0.0,0.0,0.0,0.0
2,C0,final,ATSP,3,corrected,0,0.0,0.0,0.0,0.0
2,C0,final,ATSP,3,harmed,0,0.0,0.0,0.0,0.0
2,C0,final,ATSP,3,both_wrong_cost_down,0,0.0,0.0,0.0,0.0
2,C0,final,ATSP,3,both_wrong_cost_up,0,0.0,0.0,0.0,0.0
2,C0,final,ATSP,3,unchanged_or_equal,240,0.0,0.0,0.0,0.0
2,C0,final,ATSP,3,all,240,0.0,0.0,0.0,0.0
2,C0,final,OVRP,ALL,corrected,0,0.0,0.0,0.0,0.0
2,C0,final,OVRP,ALL,harmed,1,0.030684471130371094,0.4835215698709332,3.068447113037109e-05,0.0004835215698709332
2,C0,final,OVRP,ALL,both_wrong_cost_down,0,0.0,0.0,0.0,0.0
2,C0,final,OVRP,ALL,both_wrong_cost_up,0,0.0,0.0,0.0,0.0
2,C0,final,OVRP,ALL,unchanged_or_equal,999,0.0,0.0,0.0,0.0
2,C0,final,OVRP,ALL,all,1000,0.030684471130371094,0.4835215698709332,3.068447113037109e-05,0.0004835215698709332
2,C0,final,OVRP,0,corrected,0,0.0,0.0,0.0,0.0
2,C0,final,OVRP,0,harmed,1,0.030684471130371094,0.4835215698709332,0.00011801719665527344,0.0018596983456574353
2,C0,final,OVRP,0,both_wrong_cost_down,0,0.0,0.0,0.0,0.0
2,C0,final,OVRP,0,both_wrong_cost_up,0,0.0,0.0,0.0,0.0
2,C0,final,OVRP,0,unchanged_or_equal,259,0.0,0.0,0.0,0.0
2,C0,final,OVRP,0,all,260,0.030684471130371094,0.4835215698709332,0.00011801719665527344,0.0018596983456574353
2,C0,final,OVRP,1,corrected,0,0.0,0.0,0.0,0.0
2,C0,final,OVRP,1,harmed,0,0.0,0.0,0.0,0.0
2,C0,final,OVRP,1,both_wrong_cost_down,0,0.0,0.0,0.0,0.0
2,C0,final,OVRP,1,both_wrong_cost_up,0,0.0,0.0,0.0,0.0
2,C0,final,OVRP,1,unchanged_or_equal,260,0.0,0.0,0.0,0.0
2,C0,final,OVRP,1,all,260,0.0,0.0,0.0,0.0
2,C0,final,OVRP,2,corrected,0,0.0,0.0,0.0,0.0
2,C0,final,OVRP,2,harmed,0,0.0,0.0,0.0,0.0
2,C0,final,OVRP,2,both_wrong_cost_down,0,0.0,0.0,0.0,0.0
2,C0,final,OVRP,2,both_wrong_cost_up,0,0.0,0.0,0.0,0.0
2,C0,final,OVRP,2,unchanged_or_equal,252,0.0,0.0,0.0,0.0
2,C0,final,OVRP,2,all,252,0.0,0.0,0.0,0.0
2,C0,final,OVRP,3,corrected,0,0.0,0.0,0.0,0.0
2,C0,final,OVRP,3,harmed,0,0.0,0.0,0.0,0.0
2,C0,final,OVRP,3,both_wrong_cost_down,0,0.0,0.0,0.0,0.0
2,C0,final,OVRP,3,both_wrong_cost_up,0,0.0,0.0,0.0,0.0
2,C0,final,OVRP,3,unchanged_or_equal,228,0.0,0.0,0.0,0.0
2,C0,final,OVRP,3,all,228,0.0,0.0,0.0,0.0
2,C0,final,VRPB,ALL,corrected,0,0.0,0.0,0.0,0.0
2,C0,final,VRPB,ALL,harmed,0,0.0,0.0,0.0,0.0
2,C0,final,VRPB,ALL,both_wrong_cost_down,0,0.0,0.0,0.0,0.0
2,C0,final,VRPB,ALL,both_wrong_cost_up,0,0.0,0.0,0.0,0.0
2,C0,final,VRPB,ALL,unchanged_or_equal,1000,0.0,0.0,0.0,0.0
2,C0,final,VRPB,ALL,all,1000,0.0,0.0,0.0,0.0
2,C0,final,VRPB,0,corrected,0,0.0,0.0,0.0,0.0
2,C0,final,VRPB,0,harmed,0,0.0,0.0,0.0,0.0
2,C0,final,VRPB,0,both_wrong_cost_down,0,0.0,0.0,0.0,0.0
2,C0,final,VRPB,0,both_wrong_cost_up,0,0.0,0.0,0.0,0.0
2,C0,final,VRPB,0,unchanged_or_equal,260,0.0,0.0,0.0,0.0
2,C0,final,VRPB,0,all,260,0.0,0.0,0.0,0.0
2,C0,final,VRPB,1,corrected,0,0.0,0.0,0.0,0.0
2,C0,final,VRPB,1,harmed,0,0.0,0.0,0.0,0.0
2,C0,final,VRPB,1,both_wrong_cost_down,0,0.0,0.0,0.0,0.0
2,C0,final,VRPB,1,both_wrong_cost_up,0,0.0,0.0,0.0,0.0
2,C0,final,VRPB,1,unchanged_or_equal,260,0.0,0.0,0.0,0.0
2,C0,final,VRPB,1,all,260,0.0,0.0,0.0,0.0
2,C0,final,VRPB,2,corrected,0,0.0,0.0,0.0,0.0
2,C0,final,VRPB,2,harmed,0,0.0,0.0,0.0,0.0
2,C0,final,VRPB,2,both_wrong_cost_down,0,0.0,0.0,0.0,0.0
2,C0,final,VRPB,2,both_wrong_cost_up,0,0.0,0.0,0.0,0.0
2,C0,final,VRPB,2,unchanged_or_equal,252,0.0,0.0,0.0,0.0
2,C0,final,VRPB,2,all,252,0.0,0.0,0.0,0.0
2,C0,final,VRPB,3,corrected,0,0.0,0.0,0.0,0.0
2,C0,final,VRPB,3,harmed,0,0.0,0.0,0.0,0.0
2,C0,final,VRPB,3,both_wrong_cost_down,0,0.0,0.0,0.0,0.0
2,C0,final,VRPB,3,both_wrong_cost_up,0,0.0,0.0,0.0,0.0
2,C0,final,VRPB,3,unchanged_or_equal,228,0.0,0.0,0.0,0.0
2,C0,final,VRPB,3,all,228,0.0,0.0,0.0,0.0
2,C0,final,VRPL,ALL,corrected,0,0.0,0.0,0.0,0.0
2,C0,final,VRPL,ALL,harmed,0,0.0,0.0,0.0,0.0
2,C0,final,VRPL,ALL,both_wrong_cost_down,0,0.0,0.0,0.0,0.0
2,C0,final,VRPL,ALL,both_wrong_cost_up,0,0.0,0.0,0.0,0.0
2,C0,final,VRPL,ALL,unchanged_or_equal,1000,0.0,0.0,0.0,0.0
2,C0,final,VRPL,ALL,all,1000,0.0,0.0,0.0,0.0
2,C0,final,VRPL,0,corrected,0,0.0,0.0,0.0,0.0
2,C0,final,VRPL,0,harmed,0,0.0,0.0,0.0,0.0
2,C0,final,VRPL,0,both_wrong_cost_down,0,0.0,0.0,0.0,0.0
2,C0,final,VRPL,0,both_wrong_cost_up,0,0.0,0.0,0.0,0.0
2,C0,final,VRPL,0,unchanged_or_equal,260,0.0,0.0,0.0,0.0
2,C0,final,VRPL,0,all,260,0.0,0.0,0.0,0.0
2,C0,final,VRPL,1,corrected,0,0.0,0.0,0.0,0.0
2,C0,final,VRPL,1,harmed,0,0.0,0.0,0.0,0.0
2,C0,final,VRPL,1,both_wrong_cost_down,0,0.0,0.0,0.0,0.0
2,C0,final,VRPL,1,both_wrong_cost_up,0,0.0,0.0,0.0,0.0
2,C0,final,VRPL,1,unchanged_or_equal,260,0.0,0.0,0.0,0.0
2,C0,final,VRPL,1,all,260,0.0,0.0,0.0,0.0
2,C0,final,VRPL,2,corrected,0,0.0,0.0,0.0,0.0
2,C0,final,VRPL,2,harmed,0,0.0,0.0,0.0,0.0
2,C0,final,VRPL,2,both_wrong_cost_down,0,0.0,0.0,0.0,0.0
2,C0,final,VRPL,2,both_wrong_cost_up,0,0.0,0.0,0.0,0.0
2,C0,final,VRPL,2,unchanged_or_equal,252,0.0,0.0,0.0,0.0
2,C0,final,VRPL,2,all,252,0.0,0.0,0.0,0.0
2,C0,final,VRPL,3,corrected,0,0.0,0.0,0.0,0.0
2,C0,final,VRPL,3,harmed,0,0.0,0.0,0.0,0.0
2,C0,final,VRPL,3,both_wrong_cost_down,0,0.0,0.0,0.0,0.0
2,C0,final,VRPL,3,both_wrong_cost_up,0,0.0,0.0,0.0,0.0
2,C0,final,VRPL,3,unchanged_or_equal,228,0.0,0.0,0.0,0.0
2,C0,final,VRPL,3,all,228,0.0,0.0,0.0,0.0
2,C0,final,VRPTW,ALL,corrected,2,-0.6718177794999995,-3.8431694493754947,-0.0006718177794999995,-0.0038431694493754947
2,C0,final,VRPTW,ALL,harmed,0,0.0,0.0,0.0,0.0
2,C0,final,VRPTW,ALL,both_wrong_cost_down,0,0.0,0.0,0.0,0.0
2,C0,final,VRPTW,ALL,both_wrong_cost_up,0,0.0,0.0,0.0,0.0
2,C0,final,VRPTW,ALL,unchanged_or_equal,998,0.0,0.0,0.0,0.0
2,C0,final,VRPTW,ALL,all,1000,-0.6718177794999995,-3.8431694493754947,-0.0006718177794999995,-0.0038431694493754947
2,C0,final,VRPTW,0,corrected,0,0.0,0.0,0.0,0.0
2,C0,final,VRPTW,0,harmed,0,0.0,0.0,0.0,0.0
2,C0,final,VRPTW,0,both_wrong_cost_down,0,0.0,0.0,0.0,0.0
2,C0,final,VRPTW,0,both_wrong_cost_up,0,0.0,0.0,0.0,0.0
2,C0,final,VRPTW,0,unchanged_or_equal,260,0.0,0.0,0.0,0.0
2,C0,final,VRPTW,0,all,260,0.0,0.0,0.0,0.0
2,C0,final,VRPTW,1,corrected,1,-0.37163352969999863,-2.2653886867578317,-0.0014293597296153795,-0.008713033410607045
2,C0,final,VRPTW,1,harmed,0,0.0,0.0,0.0,0.0
2,C0,final,VRPTW,1,both_wrong_cost_down,0,0.0,0.0,0.0,0.0
2,C0,final,VRPTW,1,both_wrong_cost_up,0,0.0,0.0,0.0,0.0
2,C0,final,VRPTW,1,unchanged_or_equal,259,0.0,0.0,0.0,0.0
2,C0,final,VRPTW,1,all,260,-0.37163352969999863,-2.2653886867578317,-0.0014293597296153795,-0.008713033410607045
2,C0,final,VRPTW,2,corrected,1,-0.3001842498000009,-1.577780762617663,-0.001191207340476194,-0.006261034772292314
2,C0,final,VRPTW,2,harmed,0,0.0,0.0,0.0,0.0
2,C0,final,VRPTW,2,both_wrong_cost_down,0,0.0,0.0,0.0,0.0
2,C0,final,VRPTW,2,both_wrong_cost_up,0,0.0,0.0,0.0,0.0
2,C0,final,VRPTW,2,unchanged_or_equal,251,0.0,0.0,0.0,0.0
2,C0,final,VRPTW,2,all,252,-0.3001842498000009,-1.577780762617663,-0.001191207340476194,-0.006261034772292314
2,C0,final,VRPTW,3,corrected,0,0.0,0.0,0.0,0.0
2,C0,final,VRPTW,3,harmed,0,0.0,0.0,0.0,0.0
2,C0,final,VRPTW,3,both_wrong_cost_down,0,0.0,0.0,0.0,0.0
2,C0,final,VRPTW,3,both_wrong_cost_up,0,0.0,0.0,0.0,0.0
2,C0,final,VRPTW,3,unchanged_or_equal,228,0.0,0.0,0.0,0.0
2,C0,final,VRPTW,3,all,228,0.0,0.0,0.0,0.0
2,C0,final,OVRPTW,ALL,corrected,0,0.0,0.0,0.0,0.0
2,C0,final,OVRPTW,ALL,harmed,0,0.0,0.0,0.0,0.0
2,C0,final,OVRPTW,ALL,both_wrong_cost_down,0,0.0,0.0,0.0,0.0
2,C0,final,OVRPTW,ALL,both_wrong_cost_up,0,0.0,0.0,0.0,0.0
2,C0,final,OVRPTW,ALL,unchanged_or_equal,1000,0.0,0.0,0.0,0.0
2,C0,final,OVRPTW,ALL,all,1000,0.0,0.0,0.0,0.0
2,C0,final,OVRPTW,0,corrected,0,0.0,0.0,0.0,0.0
2,C0,final,OVRPTW,0,harmed,0,0.0,0.0,0.0,0.0
2,C0,final,OVRPTW,0,both_wrong_cost_down,0,0.0,0.0,0.0,0.0
2,C0,final,OVRPTW,0,both_wrong_cost_up,0,0.0,0.0,0.0,0.0
2,C0,final,OVRPTW,0,unchanged_or_equal,260,0.0,0.0,0.0,0.0
2,C0,final,OVRPTW,0,all,260,0.0,0.0,0.0,0.0
2,C0,final,OVRPTW,1,corrected,0,0.0,0.0,0.0,0.0
2,C0,final,OVRPTW,1,harmed,0,0.0,0.0,0.0,0.0
2,C0,final,OVRPTW,1,both_wrong_cost_down,0,0.0,0.0,0.0,0.0
2,C0,final,OVRPTW,1,both_wrong_cost_up,0,0.0,0.0,0.0,0.0
2,C0,final,OVRPTW,1,unchanged_or_equal,260,0.0,0.0,0.0,0.0
2,C0,final,OVRPTW,1,all,260,0.0,0.0,0.0,0.0
2,C0,final,OVRPTW,2,corrected,0,0.0,0.0,0.0,0.0
2,C0,final,OVRPTW,2,harmed,0,0.0,0.0,0.0,0.0
2,C0,final,OVRPTW,2,both_wrong_cost_down,0,0.0,0.0,0.0,0.0
2,C0,final,OVRPTW,2,both_wrong_cost_up,0,0.0,0.0,0.0,0.0
2,C0,final,OVRPTW,2,unchanged_or_equal,252,0.0,0.0,0.0,0.0
2,C0,final,OVRPTW,2,all,252,0.0,0.0,0.0,0.0
2,C0,final,OVRPTW,3,corrected,0,0.0,0.0,0.0,0.0
2,C0,final,OVRPTW,3,harmed,0,0.0,0.0,0.0,0.0
2,C0,final,OVRPTW,3,both_wrong_cost_down,0,0.0,0.0,0.0,0.0
2,C0,final,OVRPTW,3,both_wrong_cost_up,0,0.0,0.0,0.0,0.0
2,C0,final,OVRPTW,3,unchanged_or_equal,228,0.0,0.0,0.0,0.0
2,C0,final,OVRPTW,3,all,228,0.0,0.0,0.0,0.0
2,C0,final,OVRPB,ALL,corrected,0,0.0,0.0,0.0,0.0
2,C0,final,OVRPB,ALL,harmed,0,0.0,0.0,0.0,0.0
2,C0,final,OVRPB,ALL,both_wrong_cost_down,0,0.0,0.0,0.0,0.0
2,C0,final,OVRPB,ALL,both_wrong_cost_up,0,0.0,0.0,0.0,0.0
2,C0,final,OVRPB,ALL,unchanged_or_equal,1000,0.0,0.0,0.0,0.0
2,C0,final,OVRPB,ALL,all,1000,0.0,0.0,0.0,0.0
2,C0,final,OVRPB,0,corrected,0,0.0,0.0,0.0,0.0
2,C0,final,OVRPB,0,harmed,0,0.0,0.0,0.0,0.0
2,C0,final,OVRPB,0,both_wrong_cost_down,0,0.0,0.0,0.0,0.0
2,C0,final,OVRPB,0,both_wrong_cost_up,0,0.0,0.0,0.0,0.0
2,C0,final,OVRPB,0,unchanged_or_equal,260,0.0,0.0,0.0,0.0
2,C0,final,OVRPB,0,all,260,0.0,0.0,0.0,0.0
2,C0,final,OVRPB,1,corrected,0,0.0,0.0,0.0,0.0
2,C0,final,OVRPB,1,harmed,0,0.0,0.0,0.0,0.0
2,C0,final,OVRPB,1,both_wrong_cost_down,0,0.0,0.0,0.0,0.0
2,C0,final,OVRPB,1,both_wrong_cost_up,0,0.0,0.0,0.0,0.0
2,C0,final,OVRPB,1,unchanged_or_equal,260,0.0,0.0,0.0,0.0
2,C0,final,OVRPB,1,all,260,0.0,0.0,0.0,0.0
2,C0,final,OVRPB,2,corrected,0,0.0,0.0,0.0,0.0
2,C0,final,OVRPB,2,harmed,0,0.0,0.0,0.0,0.0
2,C0,final,OVRPB,2,both_wrong_cost_down,0,0.0,0.0,0.0,0.0
2,C0,final,OVRPB,2,both_wrong_cost_up,0,0.0,0.0,0.0,0.0
2,C0,final,OVRPB,2,unchanged_or_equal,252,0.0,0.0,0.0,0.0
2,C0,final,OVRPB,2,all,252,0.0,0.0,0.0,0.0
2,C0,final,OVRPB,3,corrected,0,0.0,0.0,0.0,0.0
2,C0,final,OVRPB,3,harmed,0,0.0,0.0,0.0,0.0
2,C0,final,OVRPB,3,both_wrong_cost_down,0,0.0,0.0,0.0,0.0
2,C0,final,OVRPB,3,both_wrong_cost_up,0,0.0,0.0,0.0,0.0
2,C0,final,OVRPB,3,unchanged_or_equal,228,0.0,0.0,0.0,0.0
2,C0,final,OVRPB,3,all,228,0.0,0.0,0.0,0.0
2,C0,final,OVRPL,ALL,corrected,0,0.0,0.0,0.0,0.0
2,C0,final,OVRPL,ALL,harmed,0,0.0,0.0,0.0,0.0
2,C0,final,OVRPL,ALL,both_wrong_cost_down,0,0.0,0.0,0.0,0.0
2,C0,final,OVRPL,ALL,both_wrong_cost_up,0,0.0,0.0,0.0,0.0
2,C0,final,OVRPL,ALL,unchanged_or_equal,1000,0.0,0.0,0.0,0.0
2,C0,final,OVRPL,ALL,all,1000,0.0,0.0,0.0,0.0
2,C0,final,OVRPL,0,corrected,0,0.0,0.0,0.0,0.0
2,C0,final,OVRPL,0,harmed,0,0.0,0.0,0.0,0.0
2,C0,final,OVRPL,0,both_wrong_cost_down,0,0.0,0.0,0.0,0.0
2,C0,final,OVRPL,0,both_wrong_cost_up,0,0.0,0.0,0.0,0.0
2,C0,final,OVRPL,0,unchanged_or_equal,260,0.0,0.0,0.0,0.0
2,C0,final,OVRPL,0,all,260,0.0,0.0,0.0,0.0
2,C0,final,OVRPL,1,corrected,0,0.0,0.0,0.0,0.0
2,C0,final,OVRPL,1,harmed,0,0.0,0.0,0.0,0.0
2,C0,final,OVRPL,1,both_wrong_cost_down,0,0.0,0.0,0.0,0.0
2,C0,final,OVRPL,1,both_wrong_cost_up,0,0.0,0.0,0.0,0.0
2,C0,final,OVRPL,1,unchanged_or_equal,260,0.0,0.0,0.0,0.0
2,C0,final,OVRPL,1,all,260,0.0,0.0,0.0,0.0
2,C0,final,OVRPL,2,corrected,0,0.0,0.0,0.0,0.0
2,C0,final,OVRPL,2,harmed,0,0.0,0.0,0.0,0.0
2,C0,final,OVRPL,2,both_wrong_cost_down,0,0.0,0.0,0.0,0.0
2,C0,final,OVRPL,2,both_wrong_cost_up,0,0.0,0.0,0.0,0.0
2,C0,final,OVRPL,2,unchanged_or_equal,252,0.0,0.0,0.0,0.0
2,C0,final,OVRPL,2,all,252,0.0,0.0,0.0,0.0
2,C0,final,OVRPL,3,corrected,0,0.0,0.0,0.0,0.0
2,C0,final,OVRPL,3,harmed,0,0.0,0.0,0.0,0.0
2,C0,final,OVRPL,3,both_wrong_cost_down,0,0.0,0.0,0.0,0.0
2,C0,final,OVRPL,3,both_wrong_cost_up,0,0.0,0.0,0.0,0.0
2,C0,final,OVRPL,3,unchanged_or_equal,228,0.0,0.0,0.0,0.0
2,C0,final,OVRPL,3,all,228,0.0,0.0,0.0,0.0
2,C0,final,VRPBL,ALL,corrected,0,0.0,0.0,0.0,0.0
2,C0,final,VRPBL,ALL,harmed,0,0.0,0.0,0.0,0.0
2,C0,final,VRPBL,ALL,both_wrong_cost_down,0,0.0,0.0,0.0,0.0
2,C0,final,VRPBL,ALL,both_wrong_cost_up,0,0.0,0.0,0.0,0.0
2,C0,final,VRPBL,ALL,unchanged_or_equal,1000,0.0,0.0,0.0,0.0
2,C0,final,VRPBL,ALL,all,1000,0.0,0.0,0.0,0.0
2,C0,final,VRPBL,0,corrected,0,0.0,0.0,0.0,0.0
2,C0,final,VRPBL,0,harmed,0,0.0,0.0,0.0,0.0
2,C0,final,VRPBL,0,both_wrong_cost_down,0,0.0,0.0,0.0,0.0
2,C0,final,VRPBL,0,both_wrong_cost_up,0,0.0,0.0,0.0,0.0
2,C0,final,VRPBL,0,unchanged_or_equal,260,0.0,0.0,0.0,0.0
2,C0,final,VRPBL,0,all,260,0.0,0.0,0.0,0.0
2,C0,final,VRPBL,1,corrected,0,0.0,0.0,0.0,0.0
2,C0,final,VRPBL,1,harmed,0,0.0,0.0,0.0,0.0
2,C0,final,VRPBL,1,both_wrong_cost_down,0,0.0,0.0,0.0,0.0
2,C0,final,VRPBL,1,both_wrong_cost_up,0,0.0,0.0,0.0,0.0
2,C0,final,VRPBL,1,unchanged_or_equal,260,0.0,0.0,0.0,0.0
2,C0,final,VRPBL,1,all,260,0.0,0.0,0.0,0.0
2,C0,final,VRPBL,2,corrected,0,0.0,0.0,0.0,0.0
2,C0,final,VRPBL,2,harmed,0,0.0,0.0,0.0,0.0
2,C0,final,VRPBL,2,both_wrong_cost_down,0,0.0,0.0,0.0,0.0
2,C0,final,VRPBL,2,both_wrong_cost_up,0,0.0,0.0,0.0,0.0
2,C0,final,VRPBL,2,unchanged_or_equal,252,0.0,0.0,0.0,0.0
2,C0,final,VRPBL,2,all,252,0.0,0.0,0.0,0.0
2,C0,final,VRPBL,3,corrected,0,0.0,0.0,0.0,0.0
2,C0,final,VRPBL,3,harmed,0,0.0,0.0,0.0,0.0
2,C0,final,VRPBL,3,both_wrong_cost_down,0,0.0,0.0,0.0,0.0
2,C0,final,VRPBL,3,both_wrong_cost_up,0,0.0,0.0,0.0,0.0
2,C0,final,VRPBL,3,unchanged_or_equal,228,0.0,0.0,0.0,0.0
2,C0,final,VRPBL,3,all,228,0.0,0.0,0.0,0.0
2,C0,final,VRPBTW,ALL,corrected,0,0.0,0.0,0.0,0.0
2,C0,final,VRPBTW,ALL,harmed,0,0.0,0.0,0.0,0.0
2,C0,final,VRPBTW,ALL,both_wrong_cost_down,0,0.0,0.0,0.0,0.0
2,C0,final,VRPBTW,ALL,both_wrong_cost_up,0,0.0,0.0,0.0,0.0
2,C0,final,VRPBTW,ALL,unchanged_or_equal,1000,0.0,0.0,0.0,0.0
2,C0,final,VRPBTW,ALL,all,1000,0.0,0.0,0.0,0.0
2,C0,final,VRPBTW,0,corrected,0,0.0,0.0,0.0,0.0
2,C0,final,VRPBTW,0,harmed,0,0.0,0.0,0.0,0.0
2,C0,final,VRPBTW,0,both_wrong_cost_down,0,0.0,0.0,0.0,0.0
2,C0,final,VRPBTW,0,both_wrong_cost_up,0,0.0,0.0,0.0,0.0
2,C0,final,VRPBTW,0,unchanged_or_equal,260,0.0,0.0,0.0,0.0
2,C0,final,VRPBTW,0,all,260,0.0,0.0,0.0,0.0
2,C0,final,VRPBTW,1,corrected,0,0.0,0.0,0.0,0.0
2,C0,final,VRPBTW,1,harmed,0,0.0,0.0,0.0,0.0
2,C0,final,VRPBTW,1,both_wrong_cost_down,0,0.0,0.0,0.0,0.0
2,C0,final,VRPBTW,1,both_wrong_cost_up,0,0.0,0.0,0.0,0.0
2,C0,final,VRPBTW,1,unchanged_or_equal,260,0.0,0.0,0.0,0.0
2,C0,final,VRPBTW,1,all,260,0.0,0.0,0.0,0.0
2,C0,final,VRPBTW,2,corrected,0,0.0,0.0,0.0,0.0
2,C0,final,VRPBTW,2,harmed,0,0.0,0.0,0.0,0.0
2,C0,final,VRPBTW,2,both_wrong_cost_down,0,0.0,0.0,0.0,0.0
2,C0,final,VRPBTW,2,both_wrong_cost_up,0,0.0,0.0,0.0,0.0
2,C0,final,VRPBTW,2,unchanged_or_equal,252,0.0,0.0,0.0,0.0
2,C0,final,VRPBTW,2,all,252,0.0,0.0,0.0,0.0
2,C0,final,VRPBTW,3,corrected,0,0.0,0.0,0.0,0.0
2,C0,final,VRPBTW,3,harmed,0,0.0,0.0,0.0,0.0
2,C0,final,VRPBTW,3,both_wrong_cost_down,0,0.0,0.0,0.0,0.0
2,C0,final,VRPBTW,3,both_wrong_cost_up,0,0.0,0.0,0.0,0.0
2,C0,final,VRPBTW,3,unchanged_or_equal,228,0.0,0.0,0.0,0.0
2,C0,final,VRPBTW,3,all,228,0.0,0.0,0.0,0.0
2,C0,final,VRPLTW,ALL,corrected,1,-0.42716217039999904,-2.66499437140585,-0.00042716217039999904,-0.00266499437140585
2,C0,final,VRPLTW,ALL,harmed,0,0.0,0.0,0.0,0.0
2,C0,final,VRPLTW,ALL,both_wrong_cost_down,0,0.0,0.0,0.0,0.0
2,C0,final,VRPLTW,ALL,both_wrong_cost_up,1,0.6886463165775396,2.600034451368074,0.0006886463165775396,0.002600034451368074
2,C0,final,VRPLTW,ALL,unchanged_or_equal,998,0.0,0.0,0.0,0.0
2,C0,final,VRPLTW,ALL,all,1000,0.26148414617754057,-0.06495992003777618,0.0002614841461775406,-6.495992003777617e-05
2,C0,final,VRPLTW,0,corrected,0,0.0,0.0,0.0,0.0
2,C0,final,VRPLTW,0,harmed,0,0.0,0.0,0.0,0.0
2,C0,final,VRPLTW,0,both_wrong_cost_down,0,0.0,0.0,0.0,0.0
2,C0,final,VRPLTW,0,both_wrong_cost_up,0,0.0,0.0,0.0,0.0
2,C0,final,VRPLTW,0,unchanged_or_equal,260,0.0,0.0,0.0,0.0
2,C0,final,VRPLTW,0,all,260,0.0,0.0,0.0,0.0
2,C0,final,VRPLTW,1,corrected,1,-0.42716217039999904,-2.66499437140585,-0.0016429314246153809,-0.010249978351560963
2,C0,final,VRPLTW,1,harmed,0,0.0,0.0,0.0,0.0
2,C0,final,VRPLTW,1,both_wrong_cost_down,0,0.0,0.0,0.0,0.0
2,C0,final,VRPLTW,1,both_wrong_cost_up,0,0.0,0.0,0.0,0.0
2,C0,final,VRPLTW,1,unchanged_or_equal,259,0.0,0.0,0.0,0.0
2,C0,final,VRPLTW,1,all,260,-0.42716217039999904,-2.66499437140585,-0.0016429314246153809,-0.010249978351560963
2,C0,final,VRPLTW,2,corrected,0,0.0,0.0,0.0,0.0
2,C0,final,VRPLTW,2,harmed,0,0.0,0.0,0.0,0.0
2,C0,final,VRPLTW,2,both_wrong_cost_down,0,0.0,0.0,0.0,0.0
2,C0,final,VRPLTW,2,both_wrong_cost_up,1,0.6886463165775396,2.600034451368074,0.0027327234784823,0.010317597029238389
2,C0,final,VRPLTW,2,unchanged_or_equal,251,0.0,0.0,0.0,0.0
2,C0,final,VRPLTW,2,all,252,0.6886463165775396,2.600034451368074,0.0027327234784823,0.010317597029238389
2,C0,final,VRPLTW,3,corrected,0,0.0,0.0,0.0,0.0
2,C0,final,VRPLTW,3,harmed,0,0.0,0.0,0.0,0.0
2,C0,final,VRPLTW,3,both_wrong_cost_down,0,0.0,0.0,0.0,0.0
2,C0,final,VRPLTW,3,both_wrong_cost_up,0,0.0,0.0,0.0,0.0
2,C0,final,VRPLTW,3,unchanged_or_equal,228,0.0,0.0,0.0,0.0
2,C0,final,VRPLTW,3,all,228,0.0,0.0,0.0,0.0
2,C0,final,OVRPBL,ALL,corrected,0,0.0,0.0,0.0,0.0
2,C0,final,OVRPBL,ALL,harmed,0,0.0,0.0,0.0,0.0
2,C0,final,OVRPBL,ALL,both_wrong_cost_down,0,0.0,0.0,0.0,0.0
2,C0,final,OVRPBL,ALL,both_wrong_cost_up,0,0.0,0.0,0.0,0.0
2,C0,final,OVRPBL,ALL,unchanged_or_equal,1000,0.0,0.0,0.0,0.0
2,C0,final,OVRPBL,ALL,all,1000,0.0,0.0,0.0,0.0
2,C0,final,OVRPBL,0,corrected,0,0.0,0.0,0.0,0.0
2,C0,final,OVRPBL,0,harmed,0,0.0,0.0,0.0,0.0
2,C0,final,OVRPBL,0,both_wrong_cost_down,0,0.0,0.0,0.0,0.0
2,C0,final,OVRPBL,0,both_wrong_cost_up,0,0.0,0.0,0.0,0.0
2,C0,final,OVRPBL,0,unchanged_or_equal,260,0.0,0.0,0.0,0.0
2,C0,final,OVRPBL,0,all,260,0.0,0.0,0.0,0.0
2,C0,final,OVRPBL,1,corrected,0,0.0,0.0,0.0,0.0
2,C0,final,OVRPBL,1,harmed,0,0.0,0.0,0.0,0.0
2,C0,final,OVRPBL,1,both_wrong_cost_down,0,0.0,0.0,0.0,0.0
2,C0,final,OVRPBL,1,both_wrong_cost_up,0,0.0,0.0,0.0,0.0
2,C0,final,OVRPBL,1,unchanged_or_equal,260,0.0,0.0,0.0,0.0
2,C0,final,OVRPBL,1,all,260,0.0,0.0,0.0,0.0
2,C0,final,OVRPBL,2,corrected,0,0.0,0.0,0.0,0.0
2,C0,final,OVRPBL,2,harmed,0,0.0,0.0,0.0,0.0
2,C0,final,OVRPBL,2,both_wrong_cost_down,0,0.0,0.0,0.0,0.0
2,C0,final,OVRPBL,2,both_wrong_cost_up,0,0.0,0.0,0.0,0.0
2,C0,final,OVRPBL,2,unchanged_or_equal,252,0.0,0.0,0.0,0.0
2,C0,final,OVRPBL,2,all,252,0.0,0.0,0.0,0.0
2,C0,final,OVRPBL,3,corrected,0,0.0,0.0,0.0,0.0
2,C0,final,OVRPBL,3,harmed,0,0.0,0.0,0.0,0.0
2,C0,final,OVRPBL,3,both_wrong_cost_down,0,0.0,0.0,0.0,0.0
2,C0,final,OVRPBL,3,both_wrong_cost_up,0,0.0,0.0,0.0,0.0
2,C0,final,OVRPBL,3,unchanged_or_equal,228,0.0,0.0,0.0,0.0
2,C0,final,OVRPBL,3,all,228,0.0,0.0,0.0,0.0
2,C0,final,OVRPBTW,ALL,corrected,1,-0.09372138979999889,-1.0757323267329764,-9.372138979999888e-05,-0.0010757323267329764
2,C0,final,OVRPBTW,ALL,harmed,1,0.13287067409999942,0.8639340326124642,0.00013287067409999942,0.0008639340326124642
2,C0,final,OVRPBTW,ALL,both_wrong_cost_down,0,0.0,0.0,0.0,0.0
2,C0,final,OVRPBTW,ALL,both_wrong_cost_up,0,0.0,0.0,0.0,0.0
2,C0,final,OVRPBTW,ALL,unchanged_or_equal,998,0.0,0.0,0.0,0.0
2,C0,final,OVRPBTW,ALL,all,1000,0.03914928430000053,-0.2117982941205122,3.914928430000053e-05,-0.0002117982941205122
2,C0,final,OVRPBTW,0,corrected,0,0.0,0.0,0.0,0.0
2,C0,final,OVRPBTW,0,harmed,0,0.0,0.0,0.0,0.0
2,C0,final,OVRPBTW,0,both_wrong_cost_down,0,0.0,0.0,0.0,0.0
2,C0,final,OVRPBTW,0,both_wrong_cost_up,0,0.0,0.0,0.0,0.0
2,C0,final,OVRPBTW,0,unchanged_or_equal,260,0.0,0.0,0.0,0.0
2,C0,final,OVRPBTW,0,all,260,0.0,0.0,0.0,0.0
2,C0,final,OVRPBTW,1,corrected,1,-0.09372138979999889,-1.0757323267329764,-0.0003604668838461496,-0.004137432025896063
2,C0,final,OVRPBTW,1,harmed,0,0.0,0.0,0.0,0.0
2,C0,final,OVRPBTW,1,both_wrong_cost_down,0,0.0,0.0,0.0,0.0
2,C0,final,OVRPBTW,1,both_wrong_cost_up,0,0.0,0.0,0.0,0.0
2,C0,final,OVRPBTW,1,unchanged_or_equal,259,0.0,0.0,0.0,0.0
2,C0,final,OVRPBTW,1,all,260,-0.09372138979999889,-1.0757323267329764,-0.0003604668838461496,-0.004137432025896063
2,C0,final,OVRPBTW,2,corrected,0,0.0,0.0,0.0,0.0
2,C0,final,OVRPBTW,2,harmed,0,0.0,0.0,0.0,0.0
2,C0,final,OVRPBTW,2,both_wrong_cost_down,0,0.0,0.0,0.0,0.0
2,C0,final,OVRPBTW,2,both_wrong_cost_up,0,0.0,0.0,0.0,0.0
2,C0,final,OVRPBTW,2,unchanged_or_equal,252,0.0,0.0,0.0,0.0
2,C0,final,OVRPBTW,2,all,252,0.0,0.0,0.0,0.0
2,C0,final,OVRPBTW,3,corrected,0,0.0,0.0,0.0,0.0
2,C0,final,OVRPBTW,3,harmed,1,0.13287067409999942,0.8639340326124642,0.0005827661144736817,0.003789184353563439
2,C0,final,OVRPBTW,3,both_wrong_cost_down,0,0.0,0.0,0.0,0.0
2,C0,final,OVRPBTW,3,both_wrong_cost_up,0,0.0,0.0,0.0,0.0
2,C0,final,OVRPBTW,3,unchanged_or_equal,227,0.0,0.0,0.0,0.0
2,C0,final,OVRPBTW,3,all,228,0.13287067409999942,0.8639340326124642,0.0005827661144736817,0.003789184353563439
2,C0,final,OVRPLTW,ALL,corrected,2,-0.13652801510000145,-1.0058514439005821,-0.00013652801510000145,-0.0010058514439005822
2,C0,final,OVRPLTW,ALL,harmed,1,0.18644809729999956,3.0847459832018473,0.00018644809729999955,0.0030847459832018475
2,C0,final,OVRPLTW,ALL,both_wrong_cost_down,0,0.0,0.0,0.0,0.0
2,C0,final,OVRPLTW,ALL,both_wrong_cost_up,0,0.0,0.0,0.0,0.0
2,C0,final,OVRPLTW,ALL,unchanged_or_equal,997,0.0,0.0,0.0,0.0
2,C0,final,OVRPLTW,ALL,all,1000,0.049920082199998106,2.078894539301265,4.992008219999811e-05,0.002078894539301265
2,C0,final,OVRPLTW,0,corrected,0,0.0,0.0,0.0,0.0
2,C0,final,OVRPLTW,0,harmed,1,0.18644809729999956,3.0847459832018473,0.0007171080665384598,0.011864407627699414
2,C0,final,OVRPLTW,0,both_wrong_cost_down,0,0.0,0.0,0.0,0.0
2,C0,final,OVRPLTW,0,both_wrong_cost_up,0,0.0,0.0,0.0,0.0
2,C0,final,OVRPLTW,0,unchanged_or_equal,259,0.0,0.0,0.0,0.0
2,C0,final,OVRPLTW,0,all,260,0.18644809729999956,3.0847459832018473,0.0007171080665384598,0.011864407627699414
2,C0,final,OVRPLTW,1,corrected,0,0.0,0.0,0.0,0.0
2,C0,final,OVRPLTW,1,harmed,0,0.0,0.0,0.0,0.0
2,C0,final,OVRPLTW,1,both_wrong_cost_down,0,0.0,0.0,0.0,0.0
2,C0,final,OVRPLTW,1,both_wrong_cost_up,0,0.0,0.0,0.0,0.0
2,C0,final,OVRPLTW,1,unchanged_or_equal,260,0.0,0.0,0.0,0.0
2,C0,final,OVRPLTW,1,all,260,0.0,0.0,0.0,0.0
2,C0,final,OVRPLTW,2,corrected,2,-0.13652801510000145,-1.0058514439005821,-0.0005417778376984185,-0.0039914739837324685
2,C0,final,OVRPLTW,2,harmed,0,0.0,0.0,0.0,0.0
2,C0,final,OVRPLTW,2,both_wrong_cost_down,0,0.0,0.0,0.0,0.0
2,C0,final,OVRPLTW,2,both_wrong_cost_up,0,0.0,0.0,0.0,0.0
2,C0,final,OVRPLTW,2,unchanged_or_equal,250,0.0,0.0,0.0,0.0
2,C0,final,OVRPLTW,2,all,252,-0.13652801510000145,-1.0058514439005821,-0.0005417778376984185,-0.0039914739837324685
2,C0,final,OVRPLTW,3,corrected,0,0.0,0.0,0.0,0.0
2,C0,final,OVRPLTW,3,harmed,0,0.0,0.0,0.0,0.0
2,C0,final,OVRPLTW,3,both_wrong_cost_down,0,0.0,0.0,0.0,0.0
2,C0,final,OVRPLTW,3,both_wrong_cost_up,0,0.0,0.0,0.0,0.0
2,C0,final,OVRPLTW,3,unchanged_or_equal,228,0.0,0.0,0.0,0.0
2,C0,final,OVRPLTW,3,all,228,0.0,0.0,0.0,0.0
2,C0,final,VRPBLTW,ALL,corrected,1,-0.4156436920000033,-2.0362748215650326,-0.0004156436920000033,-0.0020362748215650324
2,C0,final,VRPBLTW,ALL,harmed,0,0.0,0.0,0.0,0.0
2,C0,final,VRPBLTW,ALL,both_wrong_cost_down,0,0.0,0.0,0.0,0.0
2,C0,final,VRPBLTW,ALL,both_wrong_cost_up,1,0.5718097686999997,3.2729436744922062,0.0005718097686999996,0.0032729436744922064
2,C0,final,VRPBLTW,ALL,unchanged_or_equal,998,0.0,0.0,0.0,0.0
2,C0,final,VRPBLTW,ALL,all,1000,0.15616607669999638,1.2366688529271737,0.00015616607669999638,0.0012366688529271736
2,C0,final,VRPBLTW,0,corrected,0,0.0,0.0,0.0,0.0
2,C0,final,VRPBLTW,0,harmed,0,0.0,0.0,0.0,0.0
2,C0,final,VRPBLTW,0,both_wrong_cost_down,0,0.0,0.0,0.0,0.0
2,C0,final,VRPBLTW,0,both_wrong_cost_up,0,0.0,0.0,0.0,0.0
2,C0,final,VRPBLTW,0,unchanged_or_equal,260,0.0,0.0,0.0,0.0
2,C0,final,VRPBLTW,0,all,260,0.0,0.0,0.0,0.0
2,C0,final,VRPBLTW,1,corrected,1,-0.4156436920000033,-2.0362748215650326,-0.0015986295846153972,-0.007831826236788587
2,C0,final,VRPBLTW,1,harmed,0,0.0,0.0,0.0,0.0
2,C0,final,VRPBLTW,1,both_wrong_cost_down,0,0.0,0.0,0.0,0.0
2,C0,final,VRPBLTW,1,both_wrong_cost_up,0,0.0,0.0,0.0,0.0
2,C0,final,VRPBLTW,1,unchanged_or_equal,259,0.0,0.0,0.0,0.0
2,C0,final,VRPBLTW,1,all,260,-0.4156436920000033,-2.0362748215650326,-0.0015986295846153972,-0.007831826236788587
2,C0,final,VRPBLTW,2,corrected,0,0.0,0.0,0.0,0.0
2,C0,final,VRPBLTW,2,harmed,0,0.0,0.0,0.0,0.0
2,C0,final,VRPBLTW,2,both_wrong_cost_down,0,0.0,0.0,0.0,0.0
2,C0,final,VRPBLTW,2,both_wrong_cost_up,1,0.5718097686999997,3.2729436744922062,0.0022690863837301575,0.01298787172417542
2,C0,final,VRPBLTW,2,unchanged_or_equal,251,0.0,0.0,0.0,0.0
2,C0,final,VRPBLTW,2,all,252,0.5718097686999997,3.2729436744922062,0.0022690863837301575,0.01298787172417542
2,C0,final,VRPBLTW,3,corrected,0,0.0,0.0,0.0,0.0
2,C0,final,VRPBLTW,3,harmed,0,0.0,0.0,0.0,0.0
2,C0,final,VRPBLTW,3,both_wrong_cost_down,0,0.0,0.0,0.0,0.0
2,C0,final,VRPBLTW,3,both_wrong_cost_up,0,0.0,0.0,0.0,0.0
2,C0,final,VRPBLTW,3,unchanged_or_equal,228,0.0,0.0,0.0,0.0
2,C0,final,VRPBLTW,3,all,228,0.0,0.0,0.0,0.0
2,C0,final,OVRPBLTW,ALL,corrected,1,-0.3991079329999998,-5.457403704723372,-0.0003991079329999998,-0.005457403704723372
2,C0,final,OVRPBLTW,ALL,harmed,0,0.0,0.0,0.0,0.0
2,C0,final,OVRPBLTW,ALL,both_wrong_cost_down,0,0.0,0.0,0.0,0.0
2,C0,final,OVRPBLTW,ALL,both_wrong_cost_up,0,0.0,0.0,0.0,0.0
2,C0,final,OVRPBLTW,ALL,unchanged_or_equal,999,0.0,0.0,0.0,0.0
2,C0,final,OVRPBLTW,ALL,all,1000,-0.3991079329999998,-5.457403704723372,-0.0003991079329999998,-0.005457403704723372
2,C0,final,OVRPBLTW,0,corrected,0,0.0,0.0,0.0,0.0
2,C0,final,OVRPBLTW,0,harmed,0,0.0,0.0,0.0,0.0
2,C0,final,OVRPBLTW,0,both_wrong_cost_down,0,0.0,0.0,0.0,0.0
2,C0,final,OVRPBLTW,0,both_wrong_cost_up,0,0.0,0.0,0.0,0.0
2,C0,final,OVRPBLTW,0,unchanged_or_equal,260,0.0,0.0,0.0,0.0
2,C0,final,OVRPBLTW,0,all,260,0.0,0.0,0.0,0.0
2,C0,final,OVRPBLTW,1,corrected,1,-0.3991079329999998,-5.457403704723372,-0.0015350305115384608,-0.020990014248936047
2,C0,final,OVRPBLTW,1,harmed,0,0.0,0.0,0.0,0.0
2,C0,final,OVRPBLTW,1,both_wrong_cost_down,0,0.0,0.0,0.0,0.0
2,C0,final,OVRPBLTW,1,both_wrong_cost_up,0,0.0,0.0,0.0,0.0
2,C0,final,OVRPBLTW,1,unchanged_or_equal,259,0.0,0.0,0.0,0.0
2,C0,final,OVRPBLTW,1,all,260,-0.3991079329999998,-5.457403704723372,-0.0015350305115384608,-0.020990014248936047
2,C0,final,OVRPBLTW,2,corrected,0,0.0,0.0,0.0,0.0
2,C0,final,OVRPBLTW,2,harmed,0,0.0,0.0,0.0,0.0
2,C0,final,OVRPBLTW,2,both_wrong_cost_down,0,0.0,0.0,0.0,0.0
2,C0,final,OVRPBLTW,2,both_wrong_cost_up,0,0.0,0.0,0.0,0.0
2,C0,final,OVRPBLTW,2,unchanged_or_equal,252,0.0,0.0,0.0,0.0
2,C0,final,OVRPBLTW,2,all,252,0.0,0.0,0.0,0.0
2,C0,final,OVRPBLTW,3,corrected,0,0.0,0.0,0.0,0.0
2,C0,final,OVRPBLTW,3,harmed,0,0.0,0.0,0.0,0.0
2,C0,final,OVRPBLTW,3,both_wrong_cost_down,0,0.0,0.0,0.0,0.0
2,C0,final,OVRPBLTW,3,both_wrong_cost_up,0,0.0,0.0,0.0,0.0
2,C0,final,OVRPBLTW,3,unchanged_or_equal,228,0.0,0.0,0.0,0.0
2,C0,final,OVRPBLTW,3,all,228,0.0,0.0,0.0,0.0
2,C1,final,TSP,ALL,corrected,1,-0.043686218877271976,-0.6693123648285613,-4.3686218877271974e-05,-0.0006693123648285613
2,C1,final,TSP,ALL,harmed,0,0.0,0.0,0.0,0.0
2,C1,final,TSP,ALL,both_wrong_cost_down,0,0.0,0.0,0.0,0.0
2,C1,final,TSP,ALL,both_wrong_cost_up,0,0.0,0.0,0.0,0.0
2,C1,final,TSP,ALL,unchanged_or_equal,999,0.0,0.0,0.0,0.0
2,C1,final,TSP,ALL,all,1000,-0.043686218877271976,-0.6693123648285613,-4.3686218877271974e-05,-0.0006693123648285613
2,C1,final,TSP,0,corrected,0,0.0,0.0,0.0,0.0
2,C1,final,TSP,0,harmed,0,0.0,0.0,0.0,0.0
2,C1,final,TSP,0,both_wrong_cost_down,0,0.0,0.0,0.0,0.0
2,C1,final,TSP,0,both_wrong_cost_up,0,0.0,0.0,0.0,0.0
2,C1,final,TSP,0,unchanged_or_equal,266,0.0,0.0,0.0,0.0
2,C1,final,TSP,0,all,266,0.0,0.0,0.0,0.0
2,C1,final,TSP,1,corrected,1,-0.043686218877271976,-0.6693123648285613,-0.0001812706177480165,-0.0027772297295790924
2,C1,final,TSP,1,harmed,0,0.0,0.0,0.0,0.0
2,C1,final,TSP,1,both_wrong_cost_down,0,0.0,0.0,0.0,0.0
2,C1,final,TSP,1,both_wrong_cost_up,0,0.0,0.0,0.0,0.0
2,C1,final,TSP,1,unchanged_or_equal,240,0.0,0.0,0.0,0.0
2,C1,final,TSP,1,all,241,-0.043686218877271976,-0.6693123648285613,-0.0001812706177480165,-0.0027772297295790924
2,C1,final,TSP,2,corrected,0,0.0,0.0,0.0,0.0
2,C1,final,TSP,2,harmed,0,0.0,0.0,0.0,0.0
2,C1,final,TSP,2,both_wrong_cost_down,0,0.0,0.0,0.0,0.0
2,C1,final,TSP,2,both_wrong_cost_up,0,0.0,0.0,0.0,0.0
2,C1,final,TSP,2,unchanged_or_equal,250,0.0,0.0,0.0,0.0
2,C1,final,TSP,2,all,250,0.0,0.0,0.0,0.0
2,C1,final,TSP,3,corrected,0,0.0,0.0,0.0,0.0
2,C1,final,TSP,3,harmed,0,0.0,0.0,0.0,0.0
2,C1,final,TSP,3,both_wrong_cost_down,0,0.0,0.0,0.0,0.0
2,C1,final,TSP,3,both_wrong_cost_up,0,0.0,0.0,0.0,0.0
2,C1,final,TSP,3,unchanged_or_equal,243,0.0,0.0,0.0,0.0
2,C1,final,TSP,3,all,243,0.0,0.0,0.0,0.0
2,C1,final,CVRP,ALL,corrected,1,-0.17395782474277333,-1.682785582094738,-0.00017395782474277332,-0.0016827855820947379
2,C1,final,CVRP,ALL,harmed,0,0.0,0.0,0.0,0.0
2,C1,final,CVRP,ALL,both_wrong_cost_down,0,0.0,0.0,0.0,0.0
2,C1,final,CVRP,ALL,both_wrong_cost_up,1,0.05188465118408203,0.3680985828965722,5.188465118408203e-05,0.00036809858289657224
2,C1,final,CVRP,ALL,unchanged_or_equal,998,0.0,0.0,0.0,0.0
2,C1,final,CVRP,ALL,all,1000,-0.1220731735586913,-1.3146869991981658,-0.00012207317355869129,-0.0013146869991981659
2,C1,final,CVRP,0,corrected,1,-0.17395782474277333,-1.682785582094738,-0.0007042826912662888,-0.006812897093500963
2,C1,final,CVRP,0,harmed,0,0.0,0.0,0.0,0.0
2,C1,final,CVRP,0,both_wrong_cost_down,0,0.0,0.0,0.0,0.0
2,C1,final,CVRP,0,both_wrong_cost_up,1,0.05188465118408203,0.3680985828965722,0.00021005931653474507,0.0014902776635488753
2,C1,final,CVRP,0,unchanged_or_equal,245,0.0,0.0,0.0,0.0
2,C1,final,CVRP,0,all,247,-0.1220731735586913,-1.3146869991981658,-0.0004942233747315437,-0.0053226194299520885
2,C1,final,CVRP,1,corrected,0,0.0,0.0,0.0,0.0
2,C1,final,CVRP,1,harmed,0,0.0,0.0,0.0,0.0
2,C1,final,CVRP,1,both_wrong_cost_down,0,0.0,0.0,0.0,0.0
2,C1,final,CVRP,1,both_wrong_cost_up,0,0.0,0.0,0.0,0.0
2,C1,final,CVRP,1,unchanged_or_equal,260,0.0,0.0,0.0,0.0
2,C1,final,CVRP,1,all,260,0.0,0.0,0.0,0.0
2,C1,final,CVRP,2,corrected,0,0.0,0.0,0.0,0.0
2,C1,final,CVRP,2,harmed,0,0.0,0.0,0.0,0.0
2,C1,final,CVRP,2,both_wrong_cost_down,0,0.0,0.0,0.0,0.0
2,C1,final,CVRP,2,both_wrong_cost_up,0,0.0,0.0,0.0,0.0
2,C1,final,CVRP,2,unchanged_or_equal,239,0.0,0.0,0.0,0.0
2,C1,final,CVRP,2,all,239,0.0,0.0,0.0,0.0
2,C1,final,CVRP,3,corrected,0,0.0,0.0,0.0,0.0
2,C1,final,CVRP,3,harmed,0,0.0,0.0,0.0,0.0
2,C1,final,CVRP,3,both_wrong_cost_down,0,0.0,0.0,0.0,0.0
2,C1,final,CVRP,3,both_wrong_cost_up,0,0.0,0.0,0.0,0.0
2,C1,final,CVRP,3,unchanged_or_equal,254,0.0,0.0,0.0,0.0
2,C1,final,CVRP,3,all,254,0.0,0.0,0.0,0.0
2,C1,final,ATSP,ALL,corrected,0,0.0,0.0,0.0,0.0
2,C1,final,ATSP,ALL,harmed,0,0.0,0.0,0.0,0.0
2,C1,final,ATSP,ALL,both_wrong_cost_down,0,0.0,0.0,0.0,0.0
2,C1,final,ATSP,ALL,both_wrong_cost_up,0,0.0,0.0,0.0,0.0
2,C1,final,ATSP,ALL,unchanged_or_equal,1000,0.0,0.0,0.0,0.0
2,C1,final,ATSP,ALL,all,1000,0.0,0.0,0.0,0.0
2,C1,final,ATSP,0,corrected,0,0.0,0.0,0.0,0.0
2,C1,final,ATSP,0,harmed,0,0.0,0.0,0.0,0.0
2,C1,final,ATSP,0,both_wrong_cost_down,0,0.0,0.0,0.0,0.0
2,C1,final,ATSP,0,both_wrong_cost_up,0,0.0,0.0,0.0,0.0
2,C1,final,ATSP,0,unchanged_or_equal,273,0.0,0.0,0.0,0.0
2,C1,final,ATSP,0,all,273,0.0,0.0,0.0,0.0
2,C1,final,ATSP,1,corrected,0,0.0,0.0,0.0,0.0
2,C1,final,ATSP,1,harmed,0,0.0,0.0,0.0,0.0
2,C1,final,ATSP,1,both_wrong_cost_down,0,0.0,0.0,0.0,0.0
2,C1,final,ATSP,1,both_wrong_cost_up,0,0.0,0.0,0.0,0.0
2,C1,final,ATSP,1,unchanged_or_equal,247,0.0,0.0,0.0,0.0
2,C1,final,ATSP,1,all,247,0.0,0.0,0.0,0.0
2,C1,final,ATSP,2,corrected,0,0.0,0.0,0.0,0.0
2,C1,final,ATSP,2,harmed,0,0.0,0.0,0.0,0.0
2,C1,final,ATSP,2,both_wrong_cost_down,0,0.0,0.0,0.0,0.0
2,C1,final,ATSP,2,both_wrong_cost_up,0,0.0,0.0,0.0,0.0
2,C1,final,ATSP,2,unchanged_or_equal,240,0.0,0.0,0.0,0.0
2,C1,final,ATSP,2,all,240,0.0,0.0,0.0,0.0
2,C1,final,ATSP,3,corrected,0,0.0,0.0,0.0,0.0
2,C1,final,ATSP,3,harmed,0,0.0,0.0,0.0,0.0
2,C1,final,ATSP,3,both_wrong_cost_down,0,0.0,0.0,0.0,0.0
2,C1,final,ATSP,3,both_wrong_cost_up,0,0.0,0.0,0.0,0.0
2,C1,final,ATSP,3,unchanged_or_equal,240,0.0,0.0,0.0,0.0
2,C1,final,ATSP,3,all,240,0.0,0.0,0.0,0.0
2,C1,final,OVRP,ALL,corrected,0,0.0,0.0,0.0,0.0
2,C1,final,OVRP,ALL,harmed,1,0.030684471130371094,0.4835215698709332,3.068447113037109e-05,0.0004835215698709332
2,C1,final,OVRP,ALL,both_wrong_cost_down,0,0.0,0.0,0.0,0.0
2,C1,final,OVRP,ALL,both_wrong_cost_up,0,0.0,0.0,0.0,0.0
2,C1,final,OVRP,ALL,unchanged_or_equal,999,0.0,0.0,0.0,0.0
2,C1,final,OVRP,ALL,all,1000,0.030684471130371094,0.4835215698709332,3.068447113037109e-05,0.0004835215698709332
2,C1,final,OVRP,0,corrected,0,0.0,0.0,0.0,0.0
2,C1,final,OVRP,0,harmed,1,0.030684471130371094,0.4835215698709332,0.00011801719665527344,0.0018596983456574353
2,C1,final,OVRP,0,both_wrong_cost_down,0,0.0,0.0,0.0,0.0
2,C1,final,OVRP,0,both_wrong_cost_up,0,0.0,0.0,0.0,0.0
2,C1,final,OVRP,0,unchanged_or_equal,259,0.0,0.0,0.0,0.0
2,C1,final,OVRP,0,all,260,0.030684471130371094,0.4835215698709332,0.00011801719665527344,0.0018596983456574353
2,C1,final,OVRP,1,corrected,0,0.0,0.0,0.0,0.0
2,C1,final,OVRP,1,harmed,0,0.0,0.0,0.0,0.0
2,C1,final,OVRP,1,both_wrong_cost_down,0,0.0,0.0,0.0,0.0
2,C1,final,OVRP,1,both_wrong_cost_up,0,0.0,0.0,0.0,0.0
2,C1,final,OVRP,1,unchanged_or_equal,260,0.0,0.0,0.0,0.0
2,C1,final,OVRP,1,all,260,0.0,0.0,0.0,0.0
2,C1,final,OVRP,2,corrected,0,0.0,0.0,0.0,0.0
2,C1,final,OVRP,2,harmed,0,0.0,0.0,0.0,0.0
2,C1,final,OVRP,2,both_wrong_cost_down,0,0.0,0.0,0.0,0.0
2,C1,final,OVRP,2,both_wrong_cost_up,0,0.0,0.0,0.0,0.0
2,C1,final,OVRP,2,unchanged_or_equal,252,0.0,0.0,0.0,0.0
2,C1,final,OVRP,2,all,252,0.0,0.0,0.0,0.0
2,C1,final,OVRP,3,corrected,0,0.0,0.0,0.0,0.0
2,C1,final,OVRP,3,harmed,0,0.0,0.0,0.0,0.0
2,C1,final,OVRP,3,both_wrong_cost_down,0,0.0,0.0,0.0,0.0
2,C1,final,OVRP,3,both_wrong_cost_up,0,0.0,0.0,0.0,0.0
2,C1,final,OVRP,3,unchanged_or_equal,228,0.0,0.0,0.0,0.0
2,C1,final,OVRP,3,all,228,0.0,0.0,0.0,0.0
2,C1,final,VRPB,ALL,corrected,0,0.0,0.0,0.0,0.0
2,C1,final,VRPB,ALL,harmed,0,0.0,0.0,0.0,0.0
2,C1,final,VRPB,ALL,both_wrong_cost_down,0,0.0,0.0,0.0,0.0
2,C1,final,VRPB,ALL,both_wrong_cost_up,0,0.0,0.0,0.0,0.0
2,C1,final,VRPB,ALL,unchanged_or_equal,1000,0.0,0.0,0.0,0.0
2,C1,final,VRPB,ALL,all,1000,0.0,0.0,0.0,0.0
2,C1,final,VRPB,0,corrected,0,0.0,0.0,0.0,0.0
2,C1,final,VRPB,0,harmed,0,0.0,0.0,0.0,0.0
2,C1,final,VRPB,0,both_wrong_cost_down,0,0.0,0.0,0.0,0.0
2,C1,final,VRPB,0,both_wrong_cost_up,0,0.0,0.0,0.0,0.0
2,C1,final,VRPB,0,unchanged_or_equal,260,0.0,0.0,0.0,0.0
2,C1,final,VRPB,0,all,260,0.0,0.0,0.0,0.0
2,C1,final,VRPB,1,corrected,0,0.0,0.0,0.0,0.0
2,C1,final,VRPB,1,harmed,0,0.0,0.0,0.0,0.0
2,C1,final,VRPB,1,both_wrong_cost_down,0,0.0,0.0,0.0,0.0
2,C1,final,VRPB,1,both_wrong_cost_up,0,0.0,0.0,0.0,0.0
2,C1,final,VRPB,1,unchanged_or_equal,260,0.0,0.0,0.0,0.0
2,C1,final,VRPB,1,all,260,0.0,0.0,0.0,0.0
2,C1,final,VRPB,2,corrected,0,0.0,0.0,0.0,0.0
2,C1,final,VRPB,2,harmed,0,0.0,0.0,0.0,0.0
2,C1,final,VRPB,2,both_wrong_cost_down,0,0.0,0.0,0.0,0.0
2,C1,final,VRPB,2,both_wrong_cost_up,0,0.0,0.0,0.0,0.0
2,C1,final,VRPB,2,unchanged_or_equal,252,0.0,0.0,0.0,0.0
2,C1,final,VRPB,2,all,252,0.0,0.0,0.0,0.0
2,C1,final,VRPB,3,corrected,0,0.0,0.0,0.0,0.0
2,C1,final,VRPB,3,harmed,0,0.0,0.0,0.0,0.0
2,C1,final,VRPB,3,both_wrong_cost_down,0,0.0,0.0,0.0,0.0
2,C1,final,VRPB,3,both_wrong_cost_up,0,0.0,0.0,0.0,0.0
2,C1,final,VRPB,3,unchanged_or_equal,228,0.0,0.0,0.0,0.0
2,C1,final,VRPB,3,all,228,0.0,0.0,0.0,0.0
2,C1,final,VRPL,ALL,corrected,0,0.0,0.0,0.0,0.0
2,C1,final,VRPL,ALL,harmed,0,0.0,0.0,0.0,0.0
2,C1,final,VRPL,ALL,both_wrong_cost_down,0,0.0,0.0,0.0,0.0
2,C1,final,VRPL,ALL,both_wrong_cost_up,0,0.0,0.0,0.0,0.0
2,C1,final,VRPL,ALL,unchanged_or_equal,1000,0.0,0.0,0.0,0.0
2,C1,final,VRPL,ALL,all,1000,0.0,0.0,0.0,0.0
2,C1,final,VRPL,0,corrected,0,0.0,0.0,0.0,0.0
2,C1,final,VRPL,0,harmed,0,0.0,0.0,0.0,0.0
2,C1,final,VRPL,0,both_wrong_cost_down,0,0.0,0.0,0.0,0.0
2,C1,final,VRPL,0,both_wrong_cost_up,0,0.0,0.0,0.0,0.0
2,C1,final,VRPL,0,unchanged_or_equal,260,0.0,0.0,0.0,0.0
2,C1,final,VRPL,0,all,260,0.0,0.0,0.0,0.0
2,C1,final,VRPL,1,corrected,0,0.0,0.0,0.0,0.0
2,C1,final,VRPL,1,harmed,0,0.0,0.0,0.0,0.0
2,C1,final,VRPL,1,both_wrong_cost_down,0,0.0,0.0,0.0,0.0
2,C1,final,VRPL,1,both_wrong_cost_up,0,0.0,0.0,0.0,0.0
2,C1,final,VRPL,1,unchanged_or_equal,260,0.0,0.0,0.0,0.0
2,C1,final,VRPL,1,all,260,0.0,0.0,0.0,0.0
2,C1,final,VRPL,2,corrected,0,0.0,0.0,0.0,0.0
2,C1,final,VRPL,2,harmed,0,0.0,0.0,0.0,0.0
2,C1,final,VRPL,2,both_wrong_cost_down,0,0.0,0.0,0.0,0.0
2,C1,final,VRPL,2,both_wrong_cost_up,0,0.0,0.0,0.0,0.0
2,C1,final,VRPL,2,unchanged_or_equal,252,0.0,0.0,0.0,0.0
2,C1,final,VRPL,2,all,252,0.0,0.0,0.0,0.0
2,C1,final,VRPL,3,corrected,0,0.0,0.0,0.0,0.0
2,C1,final,VRPL,3,harmed,0,0.0,0.0,0.0,0.0
2,C1,final,VRPL,3,both_wrong_cost_down,0,0.0,0.0,0.0,0.0
2,C1,final,VRPL,3,both_wrong_cost_up,0,0.0,0.0,0.0,0.0
2,C1,final,VRPL,3,unchanged_or_equal,228,0.0,0.0,0.0,0.0
2,C1,final,VRPL,3,all,228,0.0,0.0,0.0,0.0
2,C1,final,VRPTW,ALL,corrected,1,-0.37163352969999863,-2.2653886867578317,-0.0003716335296999986,-0.0022653886867578317
2,C1,final,VRPTW,ALL,harmed,1,0.49733734129999974,2.9929525326720325,0.0004973373412999997,0.0029929525326720325
2,C1,final,VRPTW,ALL,both_wrong_cost_down,0,0.0,0.0,0.0,0.0
2,C1,final,VRPTW,ALL,both_wrong_cost_up,1,0.25115966796875,1.530912682288533,0.00025115966796875,0.0015309126822885331
2,C1,final,VRPTW,ALL,unchanged_or_equal,997,0.0,0.0,0.0,0.0
2,C1,final,VRPTW,ALL,all,1000,0.3768634795687511,2.258476528202734,0.0003768634795687511,0.002258476528202734
2,C1,final,VRPTW,0,corrected,0,0.0,0.0,0.0,0.0
2,C1,final,VRPTW,0,harmed,0,0.0,0.0,0.0,0.0
2,C1,final,VRPTW,0,both_wrong_cost_down,0,0.0,0.0,0.0,0.0
2,C1,final,VRPTW,0,both_wrong_cost_up,1,0.25115966796875,1.530912682288533,0.0009659987229567308,0.0058881257011097424
2,C1,final,VRPTW,0,unchanged_or_equal,259,0.0,0.0,0.0,0.0
2,C1,final,VRPTW,0,all,260,0.25115966796875,1.530912682288533,0.0009659987229567308,0.0058881257011097424
2,C1,final,VRPTW,1,corrected,1,-0.37163352969999863,-2.2653886867578317,-0.0014293597296153795,-0.008713033410607045
2,C1,final,VRPTW,1,harmed,0,0.0,0.0,0.0,0.0
2,C1,final,VRPTW,1,both_wrong_cost_down,0,0.0,0.0,0.0,0.0
2,C1,final,VRPTW,1,both_wrong_cost_up,0,0.0,0.0,0.0,0.0
2,C1,final,VRPTW,1,unchanged_or_equal,259,0.0,0.0,0.0,0.0
2,C1,final,VRPTW,1,all,260,-0.37163352969999863,-2.2653886867578317,-0.0014293597296153795,-0.008713033410607045
2,C1,final,VRPTW,2,corrected,0,0.0,0.0,0.0,0.0
2,C1,final,VRPTW,2,harmed,0,0.0,0.0,0.0,0.0
2,C1,final,VRPTW,2,both_wrong_cost_down,0,0.0,0.0,0.0,0.0
2,C1,final,VRPTW,2,both_wrong_cost_up,0,0.0,0.0,0.0,0.0
2,C1,final,VRPTW,2,unchanged_or_equal,252,0.0,0.0,0.0,0.0
2,C1,final,VRPTW,2,all,252,0.0,0.0,0.0,0.0
2,C1,final,VRPTW,3,corrected,0,0.0,0.0,0.0,0.0
2,C1,final,VRPTW,3,harmed,1,0.49733734129999974,2.9929525326720325,0.0021813041285087707,0.013126984792421196
2,C1,final,VRPTW,3,both_wrong_cost_down,0,0.0,0.0,0.0,0.0
2,C1,final,VRPTW,3,both_wrong_cost_up,0,0.0,0.0,0.0,0.0
2,C1,final,VRPTW,3,unchanged_or_equal,227,0.0,0.0,0.0,0.0
2,C1,final,VRPTW,3,all,228,0.49733734129999974,2.9929525326720325,0.0021813041285087707,0.013126984792421196
2,C1,final,OVRPTW,ALL,corrected,0,0.0,0.0,0.0,0.0
2,C1,final,OVRPTW,ALL,harmed,1,0.09417343139999979,0.842192094334459,9.417343139999978e-05,0.0008421920943344589
2,C1,final,OVRPTW,ALL,both_wrong_cost_down,0,0.0,0.0,0.0,0.0
2,C1,final,OVRPTW,ALL,both_wrong_cost_up,0,0.0,0.0,0.0,0.0
2,C1,final,OVRPTW,ALL,unchanged_or_equal,999,0.0,0.0,0.0,0.0
2,C1,final,OVRPTW,ALL,all,1000,0.09417343139999979,0.842192094334459,9.417343139999978e-05,0.0008421920943344589
2,C1,final,OVRPTW,0,corrected,0,0.0,0.0,0.0,0.0
2,C1,final,OVRPTW,0,harmed,0,0.0,0.0,0.0,0.0
2,C1,final,OVRPTW,0,both_wrong_cost_down,0,0.0,0.0,0.0,0.0
2,C1,final,OVRPTW,0,both_wrong_cost_up,0,0.0,0.0,0.0,0.0
2,C1,final,OVRPTW,0,unchanged_or_equal,260,0.0,0.0,0.0,0.0
2,C1,final,OVRPTW,0,all,260,0.0,0.0,0.0,0.0
2,C1,final,OVRPTW,1,corrected,0,0.0,0.0,0.0,0.0
2,C1,final,OVRPTW,1,harmed,0,0.0,0.0,0.0,0.0
2,C1,final,OVRPTW,1,both_wrong_cost_down,0,0.0,0.0,0.0,0.0
2,C1,final,OVRPTW,1,both_wrong_cost_up,0,0.0,0.0,0.0,0.0
2,C1,final,OVRPTW,1,unchanged_or_equal,260,0.0,0.0,0.0,0.0
2,C1,final,OVRPTW,1,all,260,0.0,0.0,0.0,0.0
2,C1,final,OVRPTW,2,corrected,0,0.0,0.0,0.0,0.0
2,C1,final,OVRPTW,2,harmed,0,0.0,0.0,0.0,0.0
2,C1,final,OVRPTW,2,both_wrong_cost_down,0,0.0,0.0,0.0,0.0
2,C1,final,OVRPTW,2,both_wrong_cost_up,0,0.0,0.0,0.0,0.0
2,C1,final,OVRPTW,2,unchanged_or_equal,252,0.0,0.0,0.0,0.0
2,C1,final,OVRPTW,2,all,252,0.0,0.0,0.0,0.0
2,C1,final,OVRPTW,3,corrected,0,0.0,0.0,0.0,0.0
2,C1,final,OVRPTW,3,harmed,1,0.09417343139999979,0.842192094334459,0.0004130413657894727,0.0036938249751511357
2,C1,final,OVRPTW,3,both_wrong_cost_down,0,0.0,0.0,0.0,0.0
2,C1,final,OVRPTW,3,both_wrong_cost_up,0,0.0,0.0,0.0,0.0
2,C1,final,OVRPTW,3,unchanged_or_equal,227,0.0,0.0,0.0,0.0
2,C1,final,OVRPTW,3,all,228,0.09417343139999979,0.842192094334459,0.0004130413657894727,0.0036938249751511357
2,C1,final,OVRPB,ALL,corrected,0,0.0,0.0,0.0,0.0
2,C1,final,OVRPB,ALL,harmed,0,0.0,0.0,0.0,0.0
2,C1,final,OVRPB,ALL,both_wrong_cost_down,0,0.0,0.0,0.0,0.0
2,C1,final,OVRPB,ALL,both_wrong_cost_up,0,0.0,0.0,0.0,0.0
2,C1,final,OVRPB,ALL,unchanged_or_equal,1000,0.0,0.0,0.0,0.0
2,C1,final,OVRPB,ALL,all,1000,0.0,0.0,0.0,0.0
2,C1,final,OVRPB,0,corrected,0,0.0,0.0,0.0,0.0
2,C1,final,OVRPB,0,harmed,0,0.0,0.0,0.0,0.0
2,C1,final,OVRPB,0,both_wrong_cost_down,0,0.0,0.0,0.0,0.0
2,C1,final,OVRPB,0,both_wrong_cost_up,0,0.0,0.0,0.0,0.0
2,C1,final,OVRPB,0,unchanged_or_equal,260,0.0,0.0,0.0,0.0
2,C1,final,OVRPB,0,all,260,0.0,0.0,0.0,0.0
2,C1,final,OVRPB,1,corrected,0,0.0,0.0,0.0,0.0
2,C1,final,OVRPB,1,harmed,0,0.0,0.0,0.0,0.0
2,C1,final,OVRPB,1,both_wrong_cost_down,0,0.0,0.0,0.0,0.0
2,C1,final,OVRPB,1,both_wrong_cost_up,0,0.0,0.0,0.0,0.0
2,C1,final,OVRPB,1,unchanged_or_equal,260,0.0,0.0,0.0,0.0
2,C1,final,OVRPB,1,all,260,0.0,0.0,0.0,0.0
2,C1,final,OVRPB,2,corrected,0,0.0,0.0,0.0,0.0
2,C1,final,OVRPB,2,harmed,0,0.0,0.0,0.0,0.0
2,C1,final,OVRPB,2,both_wrong_cost_down,0,0.0,0.0,0.0,0.0
2,C1,final,OVRPB,2,both_wrong_cost_up,0,0.0,0.0,0.0,0.0
2,C1,final,OVRPB,2,unchanged_or_equal,252,0.0,0.0,0.0,0.0
2,C1,final,OVRPB,2,all,252,0.0,0.0,0.0,0.0
2,C1,final,OVRPB,3,corrected,0,0.0,0.0,0.0,0.0
2,C1,final,OVRPB,3,harmed,0,0.0,0.0,0.0,0.0
2,C1,final,OVRPB,3,both_wrong_cost_down,0,0.0,0.0,0.0,0.0
2,C1,final,OVRPB,3,both_wrong_cost_up,0,0.0,0.0,0.0,0.0
2,C1,final,OVRPB,3,unchanged_or_equal,228,0.0,0.0,0.0,0.0
2,C1,final,OVRPB,3,all,228,0.0,0.0,0.0,0.0
2,C1,final,OVRPL,ALL,corrected,0,0.0,0.0,0.0,0.0
2,C1,final,OVRPL,ALL,harmed,0,0.0,0.0,0.0,0.0
2,C1,final,OVRPL,ALL,both_wrong_cost_down,0,0.0,0.0,0.0,0.0
2,C1,final,OVRPL,ALL,both_wrong_cost_up,0,0.0,0.0,0.0,0.0
2,C1,final,OVRPL,ALL,unchanged_or_equal,1000,0.0,0.0,0.0,0.0
2,C1,final,OVRPL,ALL,all,1000,0.0,0.0,0.0,0.0
2,C1,final,OVRPL,0,corrected,0,0.0,0.0,0.0,0.0
2,C1,final,OVRPL,0,harmed,0,0.0,0.0,0.0,0.0
2,C1,final,OVRPL,0,both_wrong_cost_down,0,0.0,0.0,0.0,0.0
2,C1,final,OVRPL,0,both_wrong_cost_up,0,0.0,0.0,0.0,0.0
2,C1,final,OVRPL,0,unchanged_or_equal,260,0.0,0.0,0.0,0.0
2,C1,final,OVRPL,0,all,260,0.0,0.0,0.0,0.0
2,C1,final,OVRPL,1,corrected,0,0.0,0.0,0.0,0.0
2,C1,final,OVRPL,1,harmed,0,0.0,0.0,0.0,0.0
2,C1,final,OVRPL,1,both_wrong_cost_down,0,0.0,0.0,0.0,0.0
2,C1,final,OVRPL,1,both_wrong_cost_up,0,0.0,0.0,0.0,0.0
2,C1,final,OVRPL,1,unchanged_or_equal,260,0.0,0.0,0.0,0.0
2,C1,final,OVRPL,1,all,260,0.0,0.0,0.0,0.0
2,C1,final,OVRPL,2,corrected,0,0.0,0.0,0.0,0.0
2,C1,final,OVRPL,2,harmed,0,0.0,0.0,0.0,0.0
2,C1,final,OVRPL,2,both_wrong_cost_down,0,0.0,0.0,0.0,0.0
2,C1,final,OVRPL,2,both_wrong_cost_up,0,0.0,0.0,0.0,0.0
2,C1,final,OVRPL,2,unchanged_or_equal,252,0.0,0.0,0.0,0.0
2,C1,final,OVRPL,2,all,252,0.0,0.0,0.0,0.0
2,C1,final,OVRPL,3,corrected,0,0.0,0.0,0.0,0.0
2,C1,final,OVRPL,3,harmed,0,0.0,0.0,0.0,0.0
2,C1,final,OVRPL,3,both_wrong_cost_down,0,0.0,0.0,0.0,0.0
2,C1,final,OVRPL,3,both_wrong_cost_up,0,0.0,0.0,0.0,0.0
2,C1,final,OVRPL,3,unchanged_or_equal,228,0.0,0.0,0.0,0.0
2,C1,final,OVRPL,3,all,228,0.0,0.0,0.0,0.0
2,C1,final,VRPBL,ALL,corrected,0,0.0,0.0,0.0,0.0
2,C1,final,VRPBL,ALL,harmed,1,0.2153882979999988,2.314377451245872,0.00021538829799999881,0.002314377451245872
2,C1,final,VRPBL,ALL,both_wrong_cost_down,0,0.0,0.0,0.0,0.0
2,C1,final,VRPBL,ALL,both_wrong_cost_up,0,0.0,0.0,0.0,0.0
2,C1,final,VRPBL,ALL,unchanged_or_equal,999,0.0,0.0,0.0,0.0
2,C1,final,VRPBL,ALL,all,1000,0.2153882979999988,2.314377451245872,0.00021538829799999881,0.002314377451245872
2,C1,final,VRPBL,0,corrected,0,0.0,0.0,0.0,0.0
2,C1,final,VRPBL,0,harmed,0,0.0,0.0,0.0,0.0
2,C1,final,VRPBL,0,both_wrong_cost_down,0,0.0,0.0,0.0,0.0
2,C1,final,VRPBL,0,both_wrong_cost_up,0,0.0,0.0,0.0,0.0
2,C1,final,VRPBL,0,unchanged_or_equal,260,0.0,0.0,0.0,0.0
2,C1,final,VRPBL,0,all,260,0.0,0.0,0.0,0.0
2,C1,final,VRPBL,1,corrected,0,0.0,0.0,0.0,0.0
2,C1,final,VRPBL,1,harmed,0,0.0,0.0,0.0,0.0
2,C1,final,VRPBL,1,both_wrong_cost_down,0,0.0,0.0,0.0,0.0
2,C1,final,VRPBL,1,both_wrong_cost_up,0,0.0,0.0,0.0,0.0
2,C1,final,VRPBL,1,unchanged_or_equal,260,0.0,0.0,0.0,0.0
2,C1,final,VRPBL,1,all,260,0.0,0.0,0.0,0.0
2,C1,final,VRPBL,2,corrected,0,0.0,0.0,0.0,0.0
2,C1,final,VRPBL,2,harmed,0,0.0,0.0,0.0,0.0
2,C1,final,VRPBL,2,both_wrong_cost_down,0,0.0,0.0,0.0,0.0
2,C1,final,VRPBL,2,both_wrong_cost_up,0,0.0,0.0,0.0,0.0
2,C1,final,VRPBL,2,unchanged_or_equal,252,0.0,0.0,0.0,0.0
2,C1,final,VRPBL,2,all,252,0.0,0.0,0.0,0.0
2,C1,final,VRPBL,3,corrected,0,0.0,0.0,0.0,0.0
2,C1,final,VRPBL,3,harmed,1,0.2153882979999988,2.314377451245872,0.0009446855175438545,0.010150778294938035
2,C1,final,VRPBL,3,both_wrong_cost_down,0,0.0,0.0,0.0,0.0
2,C1,final,VRPBL,3,both_wrong_cost_up,0,0.0,0.0,0.0,0.0
2,C1,final,VRPBL,3,unchanged_or_equal,227,0.0,0.0,0.0,0.0
2,C1,final,VRPBL,3,all,228,0.2153882979999988,2.314377451245872,0.0009446855175438545,0.010150778294938035
2,C1,final,VRPBTW,ALL,corrected,0,0.0,0.0,0.0,0.0
2,C1,final,VRPBTW,ALL,harmed,0,0.0,0.0,0.0,0.0
2,C1,final,VRPBTW,ALL,both_wrong_cost_down,0,0.0,0.0,0.0,0.0
2,C1,final,VRPBTW,ALL,both_wrong_cost_up,0,0.0,0.0,0.0,0.0
2,C1,final,VRPBTW,ALL,unchanged_or_equal,1000,0.0,0.0,0.0,0.0
2,C1,final,VRPBTW,ALL,all,1000,0.0,0.0,0.0,0.0
2,C1,final,VRPBTW,0,corrected,0,0.0,0.0,0.0,0.0
2,C1,final,VRPBTW,0,harmed,0,0.0,0.0,0.0,0.0
2,C1,final,VRPBTW,0,both_wrong_cost_down,0,0.0,0.0,0.0,0.0
2,C1,final,VRPBTW,0,both_wrong_cost_up,0,0.0,0.0,0.0,0.0
2,C1,final,VRPBTW,0,unchanged_or_equal,260,0.0,0.0,0.0,0.0
2,C1,final,VRPBTW,0,all,260,0.0,0.0,0.0,0.0
2,C1,final,VRPBTW,1,corrected,0,0.0,0.0,0.0,0.0
2,C1,final,VRPBTW,1,harmed,0,0.0,0.0,0.0,0.0
2,C1,final,VRPBTW,1,both_wrong_cost_down,0,0.0,0.0,0.0,0.0
2,C1,final,VRPBTW,1,both_wrong_cost_up,0,0.0,0.0,0.0,0.0
2,C1,final,VRPBTW,1,unchanged_or_equal,260,0.0,0.0,0.0,0.0
2,C1,final,VRPBTW,1,all,260,0.0,0.0,0.0,0.0
2,C1,final,VRPBTW,2,corrected,0,0.0,0.0,0.0,0.0
2,C1,final,VRPBTW,2,harmed,0,0.0,0.0,0.0,0.0
2,C1,final,VRPBTW,2,both_wrong_cost_down,0,0.0,0.0,0.0,0.0
2,C1,final,VRPBTW,2,both_wrong_cost_up,0,0.0,0.0,0.0,0.0
2,C1,final,VRPBTW,2,unchanged_or_equal,252,0.0,0.0,0.0,0.0
2,C1,final,VRPBTW,2,all,252,0.0,0.0,0.0,0.0
2,C1,final,VRPBTW,3,corrected,0,0.0,0.0,0.0,0.0
2,C1,final,VRPBTW,3,harmed,0,0.0,0.0,0.0,0.0
2,C1,final,VRPBTW,3,both_wrong_cost_down,0,0.0,0.0,0.0,0.0
2,C1,final,VRPBTW,3,both_wrong_cost_up,0,0.0,0.0,0.0,0.0
2,C1,final,VRPBTW,3,unchanged_or_equal,228,0.0,0.0,0.0,0.0
2,C1,final,VRPBTW,3,all,228,0.0,0.0,0.0,0.0
2,C1,final,VRPLTW,ALL,corrected,1,-0.42716217039999904,-2.66499437140585,-0.00042716217039999904,-0.00266499437140585
2,C1,final,VRPLTW,ALL,harmed,1,0.22309398650000034,1.5805173639465178,0.00022309398650000034,0.0015805173639465177
2,C1,final,VRPLTW,ALL,both_wrong_cost_down,0,0.0,0.0,0.0,0.0
2,C1,final,VRPLTW,ALL,both_wrong_cost_up,1,0.6886463165775396,2.600034451368074,0.0006886463165775396,0.002600034451368074
2,C1,final,VRPLTW,ALL,unchanged_or_equal,997,0.0,0.0,0.0,0.0
2,C1,final,VRPLTW,ALL,all,1000,0.4845781326775409,1.5155574439087416,0.00048457813267754093,0.0015155574439087416
2,C1,final,VRPLTW,0,corrected,0,0.0,0.0,0.0,0.0
2,C1,final,VRPLTW,0,harmed,1,0.22309398650000034,1.5805173639465178,0.0008580537942307706,0.006078912938255837
2,C1,final,VRPLTW,0,both_wrong_cost_down,0,0.0,0.0,0.0,0.0
2,C1,final,VRPLTW,0,both_wrong_cost_up,0,0.0,0.0,0.0,0.0
2,C1,final,VRPLTW,0,unchanged_or_equal,259,0.0,0.0,0.0,0.0
2,C1,final,VRPLTW,0,all,260,0.22309398650000034,1.5805173639465178,0.0008580537942307706,0.006078912938255837
2,C1,final,VRPLTW,1,corrected,1,-0.42716217039999904,-2.66499437140585,-0.0016429314246153809,-0.010249978351560963
2,C1,final,VRPLTW,1,harmed,0,0.0,0.0,0.0,0.0
2,C1,final,VRPLTW,1,both_wrong_cost_down,0,0.0,0.0,0.0,0.0
2,C1,final,VRPLTW,1,both_wrong_cost_up,0,0.0,0.0,0.0,0.0
2,C1,final,VRPLTW,1,unchanged_or_equal,259,0.0,0.0,0.0,0.0
2,C1,final,VRPLTW,1,all,260,-0.42716217039999904,-2.66499437140585,-0.0016429314246153809,-0.010249978351560963
2,C1,final,VRPLTW,2,corrected,0,0.0,0.0,0.0,0.0
2,C1,final,VRPLTW,2,harmed,0,0.0,0.0,0.0,0.0
2,C1,final,VRPLTW,2,both_wrong_cost_down,0,0.0,0.0,0.0,0.0
2,C1,final,VRPLTW,2,both_wrong_cost_up,1,0.6886463165775396,2.600034451368074,0.0027327234784823,0.010317597029238389
2,C1,final,VRPLTW,2,unchanged_or_equal,251,0.0,0.0,0.0,0.0
2,C1,final,VRPLTW,2,all,252,0.6886463165775396,2.600034451368074,0.0027327234784823,0.010317597029238389
2,C1,final,VRPLTW,3,corrected,0,0.0,0.0,0.0,0.0
2,C1,final,VRPLTW,3,harmed,0,0.0,0.0,0.0,0.0
2,C1,final,VRPLTW,3,both_wrong_cost_down,0,0.0,0.0,0.0,0.0
2,C1,final,VRPLTW,3,both_wrong_cost_up,0,0.0,0.0,0.0,0.0
2,C1,final,VRPLTW,3,unchanged_or_equal,228,0.0,0.0,0.0,0.0
2,C1,final,VRPLTW,3,all,228,0.0,0.0,0.0,0.0
2,C1,final,OVRPBL,ALL,corrected,0,0.0,0.0,0.0,0.0
2,C1,final,OVRPBL,ALL,harmed,0,0.0,0.0,0.0,0.0
2,C1,final,OVRPBL,ALL,both_wrong_cost_down,0,0.0,0.0,0.0,0.0
2,C1,final,OVRPBL,ALL,both_wrong_cost_up,0,0.0,0.0,0.0,0.0
2,C1,final,OVRPBL,ALL,unchanged_or_equal,1000,0.0,0.0,0.0,0.0
2,C1,final,OVRPBL,ALL,all,1000,0.0,0.0,0.0,0.0
2,C1,final,OVRPBL,0,corrected,0,0.0,0.0,0.0,0.0
2,C1,final,OVRPBL,0,harmed,0,0.0,0.0,0.0,0.0
2,C1,final,OVRPBL,0,both_wrong_cost_down,0,0.0,0.0,0.0,0.0
2,C1,final,OVRPBL,0,both_wrong_cost_up,0,0.0,0.0,0.0,0.0
2,C1,final,OVRPBL,0,unchanged_or_equal,260,0.0,0.0,0.0,0.0
2,C1,final,OVRPBL,0,all,260,0.0,0.0,0.0,0.0
2,C1,final,OVRPBL,1,corrected,0,0.0,0.0,0.0,0.0
2,C1,final,OVRPBL,1,harmed,0,0.0,0.0,0.0,0.0
2,C1,final,OVRPBL,1,both_wrong_cost_down,0,0.0,0.0,0.0,0.0
2,C1,final,OVRPBL,1,both_wrong_cost_up,0,0.0,0.0,0.0,0.0
2,C1,final,OVRPBL,1,unchanged_or_equal,260,0.0,0.0,0.0,0.0
2,C1,final,OVRPBL,1,all,260,0.0,0.0,0.0,0.0
2,C1,final,OVRPBL,2,corrected,0,0.0,0.0,0.0,0.0
2,C1,final,OVRPBL,2,harmed,0,0.0,0.0,0.0,0.0
2,C1,final,OVRPBL,2,both_wrong_cost_down,0,0.0,0.0,0.0,0.0
2,C1,final,OVRPBL,2,both_wrong_cost_up,0,0.0,0.0,0.0,0.0
2,C1,final,OVRPBL,2,unchanged_or_equal,252,0.0,0.0,0.0,0.0
2,C1,final,OVRPBL,2,all,252,0.0,0.0,0.0,0.0
2,C1,final,OVRPBL,3,corrected,0,0.0,0.0,0.0,0.0
2,C1,final,OVRPBL,3,harmed,0,0.0,0.0,0.0,0.0
2,C1,final,OVRPBL,3,both_wrong_cost_down,0,0.0,0.0,0.0,0.0
2,C1,final,OVRPBL,3,both_wrong_cost_up,0,0.0,0.0,0.0,0.0
2,C1,final,OVRPBL,3,unchanged_or_equal,228,0.0,0.0,0.0,0.0
2,C1,final,OVRPBL,3,all,228,0.0,0.0,0.0,0.0
2,C1,final,OVRPBTW,ALL,corrected,2,-0.2982997893999979,-3.1806889181888174,-0.0002982997893999979,-0.003180688918188817
2,C1,final,OVRPBTW,ALL,harmed,0,0.0,0.0,0.0,0.0
2,C1,final,OVRPBTW,ALL,both_wrong_cost_down,0,0.0,0.0,0.0,0.0
2,C1,final,OVRPBTW,ALL,both_wrong_cost_up,0,0.0,0.0,0.0,0.0
2,C1,final,OVRPBTW,ALL,unchanged_or_equal,998,0.0,0.0,0.0,0.0
2,C1,final,OVRPBTW,ALL,all,1000,-0.2982997893999979,-3.1806889181888174,-0.0002982997893999979,-0.003180688918188817
2,C1,final,OVRPBTW,0,corrected,1,-0.20457839959999902,-2.104956591455841,-0.0007868399984615347,-0.008095986890214773
2,C1,final,OVRPBTW,0,harmed,0,0.0,0.0,0.0,0.0
2,C1,final,OVRPBTW,0,both_wrong_cost_down,0,0.0,0.0,0.0,0.0
2,C1,final,OVRPBTW,0,both_wrong_cost_up,0,0.0,0.0,0.0,0.0
2,C1,final,OVRPBTW,0,unchanged_or_equal,259,0.0,0.0,0.0,0.0
2,C1,final,OVRPBTW,0,all,260,-0.20457839959999902,-2.104956591455841,-0.0007868399984615347,-0.008095986890214773
2,C1,final,OVRPBTW,1,corrected,1,-0.09372138979999889,-1.0757323267329764,-0.0003604668838461496,-0.004137432025896063
2,C1,final,OVRPBTW,1,harmed,0,0.0,0.0,0.0,0.0
2,C1,final,OVRPBTW,1,both_wrong_cost_down,0,0.0,0.0,0.0,0.0
2,C1,final,OVRPBTW,1,both_wrong_cost_up,0,0.0,0.0,0.0,0.0
2,C1,final,OVRPBTW,1,unchanged_or_equal,259,0.0,0.0,0.0,0.0
2,C1,final,OVRPBTW,1,all,260,-0.09372138979999889,-1.0757323267329764,-0.0003604668838461496,-0.004137432025896063
2,C1,final,OVRPBTW,2,corrected,0,0.0,0.0,0.0,0.0
2,C1,final,OVRPBTW,2,harmed,0,0.0,0.0,0.0,0.0
2,C1,final,OVRPBTW,2,both_wrong_cost_down,0,0.0,0.0,0.0,0.0
2,C1,final,OVRPBTW,2,both_wrong_cost_up,0,0.0,0.0,0.0,0.0
2,C1,final,OVRPBTW,2,unchanged_or_equal,252,0.0,0.0,0.0,0.0
2,C1,final,OVRPBTW,2,all,252,0.0,0.0,0.0,0.0
2,C1,final,OVRPBTW,3,corrected,0,0.0,0.0,0.0,0.0
2,C1,final,OVRPBTW,3,harmed,0,0.0,0.0,0.0,0.0
2,C1,final,OVRPBTW,3,both_wrong_cost_down,0,0.0,0.0,0.0,0.0
2,C1,final,OVRPBTW,3,both_wrong_cost_up,0,0.0,0.0,0.0,0.0
2,C1,final,OVRPBTW,3,unchanged_or_equal,228,0.0,0.0,0.0,0.0
2,C1,final,OVRPBTW,3,all,228,0.0,0.0,0.0,0.0
2,C1,final,OVRPLTW,ALL,corrected,2,-0.5082063675000015,-3.7547001580944133,-0.0005082063675000014,-0.003754700158094413
2,C1,final,OVRPLTW,ALL,harmed,1,0.18644809729999956,3.0847459832018473,0.00018644809729999955,0.0030847459832018475
2,C1,final,OVRPLTW,ALL,both_wrong_cost_down,0,0.0,0.0,0.0,0.0
2,C1,final,OVRPLTW,ALL,both_wrong_cost_up,0,0.0,0.0,0.0,0.0
2,C1,final,OVRPLTW,ALL,unchanged_or_equal,997,0.0,0.0,0.0,0.0
2,C1,final,OVRPLTW,ALL,all,1000,-0.3217582702000019,-0.6699541748925659,-0.0003217582702000019,-0.0006699541748925659
2,C1,final,OVRPLTW,0,corrected,0,0.0,0.0,0.0,0.0
2,C1,final,OVRPLTW,0,harmed,1,0.18644809729999956,3.0847459832018473,0.0007171080665384598,0.011864407627699414
2,C1,final,OVRPLTW,0,both_wrong_cost_down,0,0.0,0.0,0.0,0.0
2,C1,final,OVRPLTW,0,both_wrong_cost_up,0,0.0,0.0,0.0,0.0
2,C1,final,OVRPLTW,0,unchanged_or_equal,259,0.0,0.0,0.0,0.0
2,C1,final,OVRPLTW,0,all,260,0.18644809729999956,3.0847459832018473,0.0007171080665384598,0.011864407627699414
2,C1,final,OVRPLTW,1,corrected,0,0.0,0.0,0.0,0.0
2,C1,final,OVRPLTW,1,harmed,0,0.0,0.0,0.0,0.0
2,C1,final,OVRPLTW,1,both_wrong_cost_down,0,0.0,0.0,0.0,0.0
2,C1,final,OVRPLTW,1,both_wrong_cost_up,0,0.0,0.0,0.0,0.0
2,C1,final,OVRPLTW,1,unchanged_or_equal,260,0.0,0.0,0.0,0.0
2,C1,final,OVRPLTW,1,all,260,0.0,0.0,0.0,0.0
2,C1,final,OVRPLTW,2,corrected,2,-0.5082063675000015,-3.7547001580944133,-0.0020166919345238152,-0.014899603801961958
2,C1,final,OVRPLTW,2,harmed,0,0.0,0.0,0.0,0.0
2,C1,final,OVRPLTW,2,both_wrong_cost_down,0,0.0,0.0,0.0,0.0
2,C1,final,OVRPLTW,2,both_wrong_cost_up,0,0.0,0.0,0.0,0.0
2,C1,final,OVRPLTW,2,unchanged_or_equal,250,0.0,0.0,0.0,0.0
2,C1,final,OVRPLTW,2,all,252,-0.5082063675000015,-3.7547001580944133,-0.0020166919345238152,-0.014899603801961958
2,C1,final,OVRPLTW,3,corrected,0,0.0,0.0,0.0,0.0
2,C1,final,OVRPLTW,3,harmed,0,0.0,0.0,0.0,0.0
2,C1,final,OVRPLTW,3,both_wrong_cost_down,0,0.0,0.0,0.0,0.0
2,C1,final,OVRPLTW,3,both_wrong_cost_up,0,0.0,0.0,0.0,0.0
2,C1,final,OVRPLTW,3,unchanged_or_equal,228,0.0,0.0,0.0,0.0
2,C1,final,OVRPLTW,3,all,228,0.0,0.0,0.0,0.0
2,C1,final,VRPBLTW,ALL,corrected,1,-0.7756671905367192,-9.047334918938226,-0.0007756671905367192,-0.009047334918938226
2,C1,final,VRPBLTW,ALL,harmed,0,0.0,0.0,0.0,0.0
2,C1,final,VRPBLTW,ALL,both_wrong_cost_down,0,0.0,0.0,0.0,0.0
2,C1,final,VRPBLTW,ALL,both_wrong_cost_up,0,0.0,0.0,0.0,0.0
2,C1,final,VRPBLTW,ALL,unchanged_or_equal,999,0.0,0.0,0.0,0.0
2,C1,final,VRPBLTW,ALL,all,1000,-0.7756671905367192,-9.047334918938226,-0.0007756671905367192,-0.009047334918938226
2,C1,final,VRPBLTW,0,corrected,1,-0.7756671905367192,-9.047334918938226,-0.0029833353482181506,-0.03479744199591626
2,C1,final,VRPBLTW,0,harmed,0,0.0,0.0,0.0,0.0
2,C1,final,VRPBLTW,0,both_wrong_cost_down,0,0.0,0.0,0.0,0.0
2,C1,final,VRPBLTW,0,both_wrong_cost_up,0,0.0,0.0,0.0,0.0
2,C1,final,VRPBLTW,0,unchanged_or_equal,259,0.0,0.0,0.0,0.0
2,C1,final,VRPBLTW,0,all,260,-0.7756671905367192,-9.047334918938226,-0.0029833353482181506,-0.03479744199591626
2,C1,final,VRPBLTW,1,corrected,0,0.0,0.0,0.0,0.0
2,C1,final,VRPBLTW,1,harmed,0,0.0,0.0,0.0,0.0
2,C1,final,VRPBLTW,1,both_wrong_cost_down,0,0.0,0.0,0.0,0.0
2,C1,final,VRPBLTW,1,both_wrong_cost_up,0,0.0,0.0,0.0,0.0
2,C1,final,VRPBLTW,1,unchanged_or_equal,260,0.0,0.0,0.0,0.0
2,C1,final,VRPBLTW,1,all,260,0.0,0.0,0.0,0.0
2,C1,final,VRPBLTW,2,corrected,0,0.0,0.0,0.0,0.0
2,C1,final,VRPBLTW,2,harmed,0,0.0,0.0,0.0,0.0
2,C1,final,VRPBLTW,2,both_wrong_cost_down,0,0.0,0.0,0.0,0.0
2,C1,final,VRPBLTW,2,both_wrong_cost_up,0,0.0,0.0,0.0,0.0
2,C1,final,VRPBLTW,2,unchanged_or_equal,252,0.0,0.0,0.0,0.0
2,C1,final,VRPBLTW,2,all,252,0.0,0.0,0.0,0.0
2,C1,final,VRPBLTW,3,corrected,0,0.0,0.0,0.0,0.0
2,C1,final,VRPBLTW,3,harmed,0,0.0,0.0,0.0,0.0
2,C1,final,VRPBLTW,3,both_wrong_cost_down,0,0.0,0.0,0.0,0.0
2,C1,final,VRPBLTW,3,both_wrong_cost_up,0,0.0,0.0,0.0,0.0
2,C1,final,VRPBLTW,3,unchanged_or_equal,228,0.0,0.0,0.0,0.0
2,C1,final,VRPBLTW,3,all,228,0.0,0.0,0.0,0.0
2,C1,final,OVRPBLTW,ALL,corrected,1,-0.3290929794999986,-3.6715050998673475,-0.0003290929794999986,-0.0036715050998673477
2,C1,final,OVRPBLTW,ALL,harmed,0,0.0,0.0,0.0,0.0
2,C1,final,OVRPBLTW,ALL,both_wrong_cost_down,0,0.0,0.0,0.0,0.0
2,C1,final,OVRPBLTW,ALL,both_wrong_cost_up,0,0.0,0.0,0.0,0.0
2,C1,final,OVRPBLTW,ALL,unchanged_or_equal,999,0.0,0.0,0.0,0.0
2,C1,final,OVRPBLTW,ALL,all,1000,-0.3290929794999986,-3.6715050998673475,-0.0003290929794999986,-0.0036715050998673477
2,C1,final,OVRPBLTW,0,corrected,1,-0.3290929794999986,-3.6715050998673475,-0.0012657422288461485,-0.01412117346102826
2,C1,final,OVRPBLTW,0,harmed,0,0.0,0.0,0.0,0.0
2,C1,final,OVRPBLTW,0,both_wrong_cost_down,0,0.0,0.0,0.0,0.0
2,C1,final,OVRPBLTW,0,both_wrong_cost_up,0,0.0,0.0,0.0,0.0
2,C1,final,OVRPBLTW,0,unchanged_or_equal,259,0.0,0.0,0.0,0.0
2,C1,final,OVRPBLTW,0,all,260,-0.3290929794999986,-3.6715050998673475,-0.0012657422288461485,-0.01412117346102826
2,C1,final,OVRPBLTW,1,corrected,0,0.0,0.0,0.0,0.0
2,C1,final,OVRPBLTW,1,harmed,0,0.0,0.0,0.0,0.0
2,C1,final,OVRPBLTW,1,both_wrong_cost_down,0,0.0,0.0,0.0,0.0
2,C1,final,OVRPBLTW,1,both_wrong_cost_up,0,0.0,0.0,0.0,0.0
2,C1,final,OVRPBLTW,1,unchanged_or_equal,260,0.0,0.0,0.0,0.0
2,C1,final,OVRPBLTW,1,all,260,0.0,0.0,0.0,0.0
2,C1,final,OVRPBLTW,2,corrected,0,0.0,0.0,0.0,0.0
2,C1,final,OVRPBLTW,2,harmed,0,0.0,0.0,0.0,0.0
2,C1,final,OVRPBLTW,2,both_wrong_cost_down,0,0.0,0.0,0.0,0.0
2,C1,final,OVRPBLTW,2,both_wrong_cost_up,0,0.0,0.0,0.0,0.0
2,C1,final,OVRPBLTW,2,unchanged_or_equal,252,0.0,0.0,0.0,0.0
2,C1,final,OVRPBLTW,2,all,252,0.0,0.0,0.0,0.0
2,C1,final,OVRPBLTW,3,corrected,0,0.0,0.0,0.0,0.0
2,C1,final,OVRPBLTW,3,harmed,0,0.0,0.0,0.0,0.0
2,C1,final,OVRPBLTW,3,both_wrong_cost_down,0,0.0,0.0,0.0,0.0
2,C1,final,OVRPBLTW,3,both_wrong_cost_up,0,0.0,0.0,0.0,0.0
2,C1,final,OVRPBLTW,3,unchanged_or_equal,228,0.0,0.0,0.0,0.0
2,C1,final,OVRPBLTW,3,all,228,0.0,0.0,0.0,0.0
