run,selection,problem,size_bucket,count,min_nodes,max_nodes,ce,top1,top2,top3,mean_cost,vs_sbs_pct,vs_oracle_pct,actual_regret_pct
C0_seed2,step0,TSP,0,266,50,161,1.8986458778381348,0.3157894736842105,0.5451127819548872,0.6766917293233082,5.652263197583041,0.0023872666020663402,0.33766935812911125,0.3222241627503251
C0_seed2,step0,TSP,1,241,162,275,1.6011625528335571,0.4066390041493776,0.6348547717842323,0.7800829875518672,7.325841663056836,-0.5587506640090778,0.6826927802004334,0.7276808593434272
C0_seed2,step0,TSP,2,250,276,386,1.5172162055969238,0.368,0.624,0.796,8.855386847513731,-0.2871420399391811,0.7312386020892792,0.7578939095975064
C0_seed2,step0,TSP,3,243,388,499,1.4903489351272583,0.411522633744856,0.6419753086419753,0.7901234567901234,10.017096235625676,-0.29786463144603204,0.5971650478652668,0.617288664910763
C0_seed2,step0,CVRP,0,247,51,162,2.0035152435302734,0.22672064777327935,0.42105263157894735,0.6032388663967612,12.485641381035059,-0.05500940594518333,0.9580901507487027,1.1154709064553017
C0_seed2,step0,CVRP,1,260,163,278,1.1473382711410522,0.5538461538461539,0.7923076923076923,0.9038461538461539,17.59905506831136,-0.5021987684659446,0.4081200033457577,0.5458794129838778
C0_seed2,step0,CVRP,2,239,279,390,1.0852473974227905,0.5774058577405857,0.7824267782426778,0.895397489539749,20.087647158729407,-0.6073809185292212,0.39278683530730163,0.49332245159453697
C0_seed2,step0,CVRP,3,254,391,500,1.1217412948608398,0.5708661417322834,0.7795275590551181,0.9173228346456693,22.60513688260025,-0.654759371946434,0.4504847699334791,0.5102625440849226
C0_seed2,step0,ATSP,0,273,20,40,0.47892576456069946,0.8498168498168498,0.9816849816849816,0.9926739926739927,1.6092492769926021,0.0,0.25415705955242895,0.24594031625471116
C0_seed2,step0,ATSP,1,247,41,60,0.6309808492660522,0.7894736842105263,0.9635627530364372,0.9959514170040485,1.6574111800444753,-0.021828866746320674,0.2400270625677825,0.25455612912814046
C0_seed2,step0,ATSP,2,240,61,80,0.6830574870109558,0.7583333333333333,0.9375,0.9875,1.6414716069897015,-0.19887662059613342,0.48495861935662354,0.4648431887166089
C0_seed2,step0,ATSP,3,240,81,100,0.5801950693130493,0.7333333333333333,0.9875,1.0,1.6338644807537397,-0.7569934545013979,0.30889827525899527,0.30782109269385916
C0_seed2,step0,OVRP,0,260,51,63,1.2044246196746826,0.4076923076923077,0.7346153846153847,0.9538461538461539,6.25580365474389,0.0060320201914931815,0.6411560224629076,0.6315558704039518
C0_seed2,step0,OVRP,1,260,64,76,1.544203758239746,0.3038461538461538,0.6153846153846154,0.7961538461538461,7.150060508801387,0.016110089642484837,0.8525481408025115,0.859885770403068
C0_seed2,step0,OVRP,2,252,77,89,1.5621250867843628,0.3888888888888889,0.6031746031746031,0.8015873015873016,7.984408021919226,0.0665327853839548,0.6142578769426255,0.6288889507510054
C0_seed2,step0,OVRP,3,228,90,101,1.5369974374771118,0.35526315789473684,0.6403508771929824,0.8114035087719298,8.577125342268692,-0.014551454286848564,0.5844232719731446,0.5997420735920677
C0_seed2,step0,VRPB,0,260,51,63,0.8568511605262756,0.5653846153846154,0.9461538461538461,0.9961538461538462,8.054377018491154,0.028501225236632344,0.8917023880697039,0.907597422288829
C0_seed2,step0,VRPB,1,260,64,76,0.8253947496414185,0.5538461538461539,0.9307692307692308,1.0,8.940618062021153,-0.047798096520235145,0.6509160261210178,0.6701253144958812
C0_seed2,step0,VRPB,2,252,77,89,0.9851115942001343,0.5198412698412699,0.8888888888888888,0.9880952380952381,9.954620376467856,0.014833574763084556,0.7869666813040022,0.7363914941052615
C0_seed2,step0,VRPB,3,228,90,101,0.9057433605194092,0.5657894736842105,0.9035087719298246,0.9956140350877193,10.562957416499122,-0.1868435225148679,0.5946804613490508,0.6068423188514823
C0_seed2,step0,VRPL,0,260,51,63,1.4100887775421143,0.38846153846153847,0.7192307692307692,0.8538461538461538,10.457605673716737,0.0026821321832848355,0.33711997607255295,0.32802096755771154
C0_seed2,step0,VRPL,1,260,64,76,1.6858012676239014,0.25384615384615383,0.5115384615384615,0.6730769230769231,11.894460045373041,-0.12864505313177066,0.5795497192629506,0.5904659827288725
C0_seed2,step0,VRPL,2,252,77,89,1.6777790784835815,0.30952380952380953,0.5277777777777778,0.6706349206349206,13.137263574297009,0.04425257810034555,0.5010082606450528,0.51263676894486
C0_seed2,step0,VRPL,3,228,90,101,1.655255913734436,0.3201754385964912,0.5877192982456141,0.7280701754385965,14.385115799150766,0.0031727669471903752,0.4424073245922866,0.4477216601303238
C0_seed2,step0,VRPTW,0,260,51,63,1.304230809211731,0.4461538461538462,0.7115384615384616,0.8846153846153846,14.361960466092855,-1.2584696207532775,1.7119359188992656,1.829623473522505
C0_seed2,step0,VRPTW,1,260,64,76,1.3161442279815674,0.4153846153846154,0.7230769230769231,0.9192307692307692,16.719493658727476,-2.046963971565363,1.6207687038675145,1.620566679351479
C0_seed2,step0,VRPTW,2,252,77,89,1.0974029302597046,0.46825396825396826,0.7857142857142857,0.9682539682539683,19.45195986732472,-2.935107634613532,1.1095548745072348,1.1106168543551969
C0_seed2,step0,VRPTW,3,228,90,101,1.0066837072372437,0.5263157894736842,0.8289473684210527,0.9605263157894737,21.519671657630987,-3.7129833736540774,0.8910146138831676,0.9279317880234682
C0_seed2,step0,OVRPTW,0,260,51,63,0.803102433681488,0.5538461538461539,0.9653846153846154,1.0,8.38297381217769,-0.24195382363875195,0.7840119006127688,0.7879449166388658
C0_seed2,step0,OVRPTW,1,260,64,76,0.8319137096405029,0.47692307692307695,0.9423076923076923,1.0,9.388327297799616,0.04045415401709995,0.9272309008155899,0.9512471313422135
C0_seed2,step0,OVRPTW,2,252,77,89,0.9294341802597046,0.5317460317460317,0.9206349206349206,1.0,10.570290187048808,-0.08118513368224889,0.6609401932737846,0.6903168746493848
C0_seed2,step0,OVRPTW,3,228,90,101,0.9369975924491882,0.5219298245614035,0.8991228070175439,1.0,12.082217586665351,0.034749984209025975,0.8644455799474704,0.8862095262448775
C0_seed2,step0,OVRPB,0,260,51,63,0.779012143611908,0.5923076923076923,0.9769230769230769,0.9923076923076923,5.543203466671539,0.13584115393283636,1.056823894732073,1.0341691256482157
C0_seed2,step0,OVRPB,1,260,64,76,0.8223534226417542,0.5692307692307692,0.9615384615384616,0.9807692307692307,6.0414368207619225,-0.13001990522282236,0.8975980413381768,0.923887612733871
C0_seed2,step0,OVRPB,2,252,77,89,0.7671940922737122,0.5912698412698413,0.9722222222222222,0.9841269841269841,6.66828852040635,-0.15135988842631676,0.836848019904668,0.8452479998994351
C0_seed2,step0,OVRPB,3,228,90,101,0.8055323362350464,0.5526315789473685,0.9605263157894737,0.9868421052631579,7.131481228164034,-0.05842298390279499,0.9132189392150991,0.9168828679172166
C0_seed2,step0,OVRPL,0,260,51,63,1.1350128650665283,0.43846153846153846,0.7884615384615384,0.9653846153846154,6.326871512486385,-0.09496646835043254,0.6011752676693627,0.6033513470243784
C0_seed2,step0,OVRPL,1,260,64,76,1.446618676185608,0.4,0.65,0.8461538461538461,7.277826609978168,-0.06667802840252257,0.86573709473583,0.8565253278919163
C0_seed2,step0,OVRPL,2,252,77,89,1.5394911766052246,0.40476190476190477,0.6309523809523809,0.7817460317460317,7.765410088357472,-0.0854170362920792,0.6647481992626325,0.6865125078308147
C0_seed2,step0,OVRPL,3,228,90,101,1.4646657705307007,0.37719298245614036,0.6842105263157895,0.8464912280701754,8.491768885077091,0.005762010069854107,0.6063444902127513,0.6353755446667971
C0_seed2,step0,VRPBL,0,260,51,63,0.8393855690956116,0.5653846153846154,0.9461538461538461,0.9884615384615385,8.088430701766539,-0.05806814958926321,0.7918285254592705,0.803627919635358
C0_seed2,step0,VRPBL,1,260,64,76,0.9797278046607971,0.5192307692307693,0.9153846153846154,0.9730769230769231,8.930021938910384,-0.03418790981403186,0.8475347711457637,0.8360945228000671
C0_seed2,step0,VRPBL,2,252,77,89,0.9131629467010498,0.5515873015873016,0.9007936507936508,0.996031746031746,9.898743563226589,-0.10592744581934266,0.763585307612602,0.7573160207203299
C0_seed2,step0,VRPBL,3,228,90,101,0.8913133144378662,0.5307017543859649,0.8991228070175439,0.9956140350877193,10.685659107407458,0.04122391121574864,0.6647251663858711,0.6800782907538174
C0_seed2,step0,VRPBTW,0,260,51,63,1.215205192565918,0.4307692307692308,0.7730769230769231,0.9,15.580799983095437,-3.699675981934414,1.8974047520165849,1.8992225317553706
C0_seed2,step0,VRPBTW,1,260,64,76,1.2545676231384277,0.3769230769230769,0.7923076923076923,0.9115384615384615,17.897074578359945,-3.0400144524030503,1.8992615018810444,1.836859316501821
C0_seed2,step0,VRPBTW,2,252,77,89,1.0096012353897095,0.5158730158730159,0.8690476190476191,0.9682539682539683,20.570440901650425,-4.442761690915797,1.1353604056858257,1.2034701679227475
C0_seed2,step0,VRPBTW,3,228,90,101,1.117732048034668,0.39473684210526316,0.7894736842105263,0.9298245614035088,22.585028188270442,-1.7143808900064061,1.4308852870105415,1.429999574613537
C0_seed2,step0,VRPLTW,0,260,51,63,1.2278746366500854,0.4230769230769231,0.8,0.9076923076923077,14.399019965760104,-1.4381739434609853,1.462133072893823,1.5419126779900933
C0_seed2,step0,VRPLTW,1,260,64,76,1.2171076536178589,0.45,0.7307692307692307,0.9192307692307692,16.714674045489872,-1.7417892796874779,1.3904409372517579,1.430991540745419
C0_seed2,step0,VRPLTW,2,252,77,89,0.9893460869789124,0.5,0.8650793650793651,0.9682539682539683,18.474303820775674,-4.888004578821159,0.891391186628776,0.9123404991857843
C0_seed2,step0,VRPLTW,3,228,90,101,1.0534785985946655,0.4517543859649123,0.8289473684210527,0.956140350877193,21.390933133007874,-4.923225583986035,0.9963567758417557,1.0509253944293162
C0_seed2,step0,OVRPBL,0,260,51,63,0.830163300037384,0.573076923076923,0.9730769230769231,0.9884615384615385,5.493275719420384,-0.22549956166735274,1.1189189302780012,1.1574834369289098
C0_seed2,step0,OVRPBL,1,260,64,76,0.8229398131370544,0.6076923076923076,0.9538461538461539,0.9884615384615385,6.1033572453711535,-0.14537614233184337,0.9117870812366036,0.8900336049628267
C0_seed2,step0,OVRPBL,2,252,77,89,0.8452845215797424,0.5396825396825397,0.9523809523809523,0.9841269841269841,6.649931580302382,0.024690738529398182,0.9126394449548325,0.9267660677970304
C0_seed2,step0,OVRPBL,3,228,90,101,0.8884508013725281,0.618421052631579,0.9385964912280702,0.9692982456140351,7.068872661967543,-0.15641050017817237,0.711517431141484,0.6972779433484211
C0_seed2,step0,OVRPBTW,0,260,51,63,0.8311396241188049,0.5307692307692308,0.9615384615384616,0.9961538461538462,8.566551298361155,-0.3107328073763016,1.045350377680876,1.0812390487385204
C0_seed2,step0,OVRPBTW,1,260,64,76,0.9020734429359436,0.5461538461538461,0.9192307692307692,0.9923076923076923,9.933073916802309,-0.19531703118550459,0.9651365395605627,1.0092061997931903
C0_seed2,step0,OVRPBTW,2,252,77,89,0.9222143292427063,0.47619047619047616,0.8888888888888888,1.0,11.337687452633732,0.07540136041357393,1.1938067887000914,1.2158951650251386
C0_seed2,step0,OVRPBTW,3,228,90,101,0.9303719997406006,0.42543859649122806,0.8771929824561403,1.0,12.413179937164035,0.009612219999399763,1.2871049315456018,1.3469888493919542
C0_seed2,step0,OVRPLTW,0,260,51,63,0.8044688701629639,0.5269230769230769,0.9653846153846154,1.0,8.573795335111154,0.0008000160675258883,0.9329337279849748,0.9547935168294561
C0_seed2,step0,OVRPLTW,1,260,64,76,0.9024477601051331,0.48846153846153845,0.9192307692307692,0.9961538461538462,9.492120475035769,-0.0422758403996526,0.8436397247528538,0.8519927143647692
C0_seed2,step0,OVRPLTW,2,252,77,89,0.8651167154312134,0.5158730158730159,0.9166666666666666,1.0,10.783153783709524,-0.04224959760720237,0.7890917550959831,0.7795956984805461
C0_seed2,step0,OVRPLTW,3,228,90,101,0.9394436478614807,0.5043859649122807,0.9035087719298246,1.0,11.879792999806142,-0.07176470107932431,0.7710448913313739,0.789393132114745
C0_seed2,step0,VRPBLTW,0,260,51,63,1.3154160976409912,0.4076923076923077,0.75,0.9,15.526964873532156,-2.622630575320506,2.4237287782500783,2.4103852957325165
C0_seed2,step0,VRPBLTW,1,260,64,76,1.2316341400146484,0.3730769230769231,0.7846153846153846,0.9115384615384615,17.715803047330457,-2.3820188405423326,1.7055612720776825,1.6891576389579095
C0_seed2,step0,VRPBLTW,2,252,77,89,1.0679714679718018,0.4801587301587302,0.7976190476190477,0.9682539682539683,20.26392271026917,-3.6289368353313867,1.1701988099563687,1.1905614393422077
C0_seed2,step0,VRPBLTW,3,228,90,101,1.0855755805969238,0.4298245614035088,0.8114035087719298,0.9824561403508771,22.81778988085378,-2.8801268487446796,1.3384671934128622,1.4341565263883354
C0_seed2,step0,OVRPBLTW,0,260,51,63,0.8184037208557129,0.5346153846153846,0.9653846153846154,1.0,8.708763199584617,-0.11472060676782636,1.2205396146489411,1.2529174890449934
C0_seed2,step0,OVRPBLTW,1,260,64,76,0.8947243094444275,0.48846153846153845,0.9192307692307692,0.9961538461538462,10.011387619606154,-0.12698396949865076,1.1365783340322677,1.1276705985122186
C0_seed2,step0,OVRPBLTW,2,252,77,89,0.9080300331115723,0.4880952380952381,0.8968253968253969,1.0,11.319809847408333,-0.026110827329306474,1.212471542200566,1.19685559021381
C0_seed2,step0,OVRPBLTW,3,228,90,101,0.8912773728370667,0.5219298245614035,0.8947368421052632,1.0,12.33212792036886,-0.1052488790047379,1.063722182652782,1.0363282672384408
C0_seed2,best,TSP,0,266,50,161,1.8986458778381348,0.3157894736842105,0.5451127819548872,0.6766917293233082,5.652263197583041,0.0023872666020663402,0.33766935812911125,0.3222241627503251
C0_seed2,best,TSP,1,241,162,275,1.6011625528335571,0.4066390041493776,0.6348547717842323,0.7800829875518672,7.325841663056836,-0.5587506640090778,0.6826927802004334,0.7276808593434272
C0_seed2,best,TSP,2,250,276,386,1.5172162055969238,0.368,0.624,0.796,8.855386847513731,-0.2871420399391811,0.7312386020892792,0.7578939095975064
C0_seed2,best,TSP,3,243,388,499,1.4903489351272583,0.411522633744856,0.6419753086419753,0.7901234567901234,10.017096235625676,-0.29786463144603204,0.5971650478652668,0.617288664910763
C0_seed2,best,CVRP,0,247,51,162,2.0035152435302734,0.22672064777327935,0.42105263157894735,0.6032388663967612,12.485641381035059,-0.05500940594518333,0.9580901507487027,1.1154709064553017
C0_seed2,best,CVRP,1,260,163,278,1.1473382711410522,0.5538461538461539,0.7923076923076923,0.9038461538461539,17.59905506831136,-0.5021987684659446,0.4081200033457577,0.5458794129838778
C0_seed2,best,CVRP,2,239,279,390,1.0852473974227905,0.5774058577405857,0.7824267782426778,0.895397489539749,20.087647158729407,-0.6073809185292212,0.39278683530730163,0.49332245159453697
C0_seed2,best,CVRP,3,254,391,500,1.1217412948608398,0.5708661417322834,0.7795275590551181,0.9173228346456693,22.60513688260025,-0.654759371946434,0.4504847699334791,0.5102625440849226
C0_seed2,best,ATSP,0,273,20,40,0.47892576456069946,0.8498168498168498,0.9816849816849816,0.9926739926739927,1.6092492769926021,0.0,0.25415705955242895,0.24594031625471116
C0_seed2,best,ATSP,1,247,41,60,0.6309808492660522,0.7894736842105263,0.9635627530364372,0.9959514170040485,1.6574111800444753,-0.021828866746320674,0.2400270625677825,0.25455612912814046
C0_seed2,best,ATSP,2,240,61,80,0.6830574870109558,0.7583333333333333,0.9375,0.9875,1.6414716069897015,-0.19887662059613342,0.48495861935662354,0.4648431887166089
C0_seed2,best,ATSP,3,240,81,100,0.5801950693130493,0.7333333333333333,0.9875,1.0,1.6338644807537397,-0.7569934545013979,0.30889827525899527,0.30782109269385916
C0_seed2,best,OVRP,0,260,51,63,1.2044246196746826,0.4076923076923077,0.7346153846153847,0.9538461538461539,6.25580365474389,0.0060320201914931815,0.6411560224629076,0.6315558704039518
C0_seed2,best,OVRP,1,260,64,76,1.544203758239746,0.3038461538461538,0.6153846153846154,0.7961538461538461,7.150060508801387,0.016110089642484837,0.8525481408025115,0.859885770403068
C0_seed2,best,OVRP,2,252,77,89,1.5621250867843628,0.3888888888888889,0.6031746031746031,0.8015873015873016,7.984408021919226,0.0665327853839548,0.6142578769426255,0.6288889507510054
C0_seed2,best,OVRP,3,228,90,101,1.5369974374771118,0.35526315789473684,0.6403508771929824,0.8114035087719298,8.577125342268692,-0.014551454286848564,0.5844232719731446,0.5997420735920677
C0_seed2,best,VRPB,0,260,51,63,0.8568511605262756,0.5653846153846154,0.9461538461538461,0.9961538461538462,8.054377018491154,0.028501225236632344,0.8917023880697039,0.907597422288829
C0_seed2,best,VRPB,1,260,64,76,0.8253947496414185,0.5538461538461539,0.9307692307692308,1.0,8.940618062021153,-0.047798096520235145,0.6509160261210178,0.6701253144958812
C0_seed2,best,VRPB,2,252,77,89,0.9851115942001343,0.5198412698412699,0.8888888888888888,0.9880952380952381,9.954620376467856,0.014833574763084556,0.7869666813040022,0.7363914941052615
C0_seed2,best,VRPB,3,228,90,101,0.9057433605194092,0.5657894736842105,0.9035087719298246,0.9956140350877193,10.562957416499122,-0.1868435225148679,0.5946804613490508,0.6068423188514823
C0_seed2,best,VRPL,0,260,51,63,1.4100887775421143,0.38846153846153847,0.7192307692307692,0.8538461538461538,10.457605673716737,0.0026821321832848355,0.33711997607255295,0.32802096755771154
C0_seed2,best,VRPL,1,260,64,76,1.6858012676239014,0.25384615384615383,0.5115384615384615,0.6730769230769231,11.894460045373041,-0.12864505313177066,0.5795497192629506,0.5904659827288725
C0_seed2,best,VRPL,2,252,77,89,1.6777790784835815,0.30952380952380953,0.5277777777777778,0.6706349206349206,13.137263574297009,0.04425257810034555,0.5010082606450528,0.51263676894486
C0_seed2,best,VRPL,3,228,90,101,1.655255913734436,0.3201754385964912,0.5877192982456141,0.7280701754385965,14.385115799150766,0.0031727669471903752,0.4424073245922866,0.4477216601303238
C0_seed2,best,VRPTW,0,260,51,63,1.304230809211731,0.4461538461538462,0.7115384615384616,0.8846153846153846,14.361960466092855,-1.2584696207532775,1.7119359188992656,1.829623473522505
C0_seed2,best,VRPTW,1,260,64,76,1.3161442279815674,0.4153846153846154,0.7230769230769231,0.9192307692307692,16.719493658727476,-2.046963971565363,1.6207687038675145,1.620566679351479
C0_seed2,best,VRPTW,2,252,77,89,1.0974029302597046,0.46825396825396826,0.7857142857142857,0.9682539682539683,19.45195986732472,-2.935107634613532,1.1095548745072348,1.1106168543551969
C0_seed2,best,VRPTW,3,228,90,101,1.0066837072372437,0.5263157894736842,0.8289473684210527,0.9605263157894737,21.519671657630987,-3.7129833736540774,0.8910146138831676,0.9279317880234682
C0_seed2,best,OVRPTW,0,260,51,63,0.803102433681488,0.5538461538461539,0.9653846153846154,1.0,8.38297381217769,-0.24195382363875195,0.7840119006127688,0.7879449166388658
C0_seed2,best,OVRPTW,1,260,64,76,0.8319137096405029,0.47692307692307695,0.9423076923076923,1.0,9.388327297799616,0.04045415401709995,0.9272309008155899,0.9512471313422135
C0_seed2,best,OVRPTW,2,252,77,89,0.9294341802597046,0.5317460317460317,0.9206349206349206,1.0,10.570290187048808,-0.08118513368224889,0.6609401932737846,0.6903168746493848
C0_seed2,best,OVRPTW,3,228,90,101,0.9369975924491882,0.5219298245614035,0.8991228070175439,1.0,12.082217586665351,0.034749984209025975,0.8644455799474704,0.8862095262448775
C0_seed2,best,OVRPB,0,260,51,63,0.779012143611908,0.5923076923076923,0.9769230769230769,0.9923076923076923,5.543203466671539,0.13584115393283636,1.056823894732073,1.0341691256482157
C0_seed2,best,OVRPB,1,260,64,76,0.8223534226417542,0.5692307692307692,0.9615384615384616,0.9807692307692307,6.0414368207619225,-0.13001990522282236,0.8975980413381768,0.923887612733871
C0_seed2,best,OVRPB,2,252,77,89,0.7671940922737122,0.5912698412698413,0.9722222222222222,0.9841269841269841,6.66828852040635,-0.15135988842631676,0.836848019904668,0.8452479998994351
C0_seed2,best,OVRPB,3,228,90,101,0.8055323362350464,0.5526315789473685,0.9605263157894737,0.9868421052631579,7.131481228164034,-0.05842298390279499,0.9132189392150991,0.9168828679172166
C0_seed2,best,OVRPL,0,260,51,63,1.1350128650665283,0.43846153846153846,0.7884615384615384,0.9653846153846154,6.326871512486385,-0.09496646835043254,0.6011752676693627,0.6033513470243784
C0_seed2,best,OVRPL,1,260,64,76,1.446618676185608,0.4,0.65,0.8461538461538461,7.277826609978168,-0.06667802840252257,0.86573709473583,0.8565253278919163
C0_seed2,best,OVRPL,2,252,77,89,1.5394911766052246,0.40476190476190477,0.6309523809523809,0.7817460317460317,7.765410088357472,-0.0854170362920792,0.6647481992626325,0.6865125078308147
C0_seed2,best,OVRPL,3,228,90,101,1.4646657705307007,0.37719298245614036,0.6842105263157895,0.8464912280701754,8.491768885077091,0.005762010069854107,0.6063444902127513,0.6353755446667971
C0_seed2,best,VRPBL,0,260,51,63,0.8393855690956116,0.5653846153846154,0.9461538461538461,0.9884615384615385,8.088430701766539,-0.05806814958926321,0.7918285254592705,0.803627919635358
C0_seed2,best,VRPBL,1,260,64,76,0.9797278046607971,0.5192307692307693,0.9153846153846154,0.9730769230769231,8.930021938910384,-0.03418790981403186,0.8475347711457637,0.8360945228000671
C0_seed2,best,VRPBL,2,252,77,89,0.9131629467010498,0.5515873015873016,0.9007936507936508,0.996031746031746,9.898743563226589,-0.10592744581934266,0.763585307612602,0.7573160207203299
C0_seed2,best,VRPBL,3,228,90,101,0.8913133144378662,0.5307017543859649,0.8991228070175439,0.9956140350877193,10.685659107407458,0.04122391121574864,0.6647251663858711,0.6800782907538174
C0_seed2,best,VRPBTW,0,260,51,63,1.215205192565918,0.4307692307692308,0.7730769230769231,0.9,15.580799983095437,-3.699675981934414,1.8974047520165849,1.8992225317553706
C0_seed2,best,VRPBTW,1,260,64,76,1.2545676231384277,0.3769230769230769,0.7923076923076923,0.9115384615384615,17.897074578359945,-3.0400144524030503,1.8992615018810444,1.836859316501821
C0_seed2,best,VRPBTW,2,252,77,89,1.0096012353897095,0.5158730158730159,0.8690476190476191,0.9682539682539683,20.570440901650425,-4.442761690915797,1.1353604056858257,1.2034701679227475
C0_seed2,best,VRPBTW,3,228,90,101,1.117732048034668,0.39473684210526316,0.7894736842105263,0.9298245614035088,22.585028188270442,-1.7143808900064061,1.4308852870105415,1.429999574613537
C0_seed2,best,VRPLTW,0,260,51,63,1.2278746366500854,0.4230769230769231,0.8,0.9076923076923077,14.399019965760104,-1.4381739434609853,1.462133072893823,1.5419126779900933
C0_seed2,best,VRPLTW,1,260,64,76,1.2171076536178589,0.45,0.7307692307692307,0.9192307692307692,16.714674045489872,-1.7417892796874779,1.3904409372517579,1.430991540745419
C0_seed2,best,VRPLTW,2,252,77,89,0.9893460869789124,0.5,0.8650793650793651,0.9682539682539683,18.474303820775674,-4.888004578821159,0.891391186628776,0.9123404991857843
C0_seed2,best,VRPLTW,3,228,90,101,1.0534785985946655,0.4517543859649123,0.8289473684210527,0.956140350877193,21.390933133007874,-4.923225583986035,0.9963567758417557,1.0509253944293162
C0_seed2,best,OVRPBL,0,260,51,63,0.830163300037384,0.573076923076923,0.9730769230769231,0.9884615384615385,5.493275719420384,-0.22549956166735274,1.1189189302780012,1.1574834369289098
C0_seed2,best,OVRPBL,1,260,64,76,0.8229398131370544,0.6076923076923076,0.9538461538461539,0.9884615384615385,6.1033572453711535,-0.14537614233184337,0.9117870812366036,0.8900336049628267
C0_seed2,best,OVRPBL,2,252,77,89,0.8452845215797424,0.5396825396825397,0.9523809523809523,0.9841269841269841,6.649931580302382,0.024690738529398182,0.9126394449548325,0.9267660677970304
C0_seed2,best,OVRPBL,3,228,90,101,0.8884508013725281,0.618421052631579,0.9385964912280702,0.9692982456140351,7.068872661967543,-0.15641050017817237,0.711517431141484,0.6972779433484211
C0_seed2,best,OVRPBTW,0,260,51,63,0.8311396241188049,0.5307692307692308,0.9615384615384616,0.9961538461538462,8.566551298361155,-0.3107328073763016,1.045350377680876,1.0812390487385204
C0_seed2,best,OVRPBTW,1,260,64,76,0.9020734429359436,0.5461538461538461,0.9192307692307692,0.9923076923076923,9.933073916802309,-0.19531703118550459,0.9651365395605627,1.0092061997931903
C0_seed2,best,OVRPBTW,2,252,77,89,0.9222143292427063,0.47619047619047616,0.8888888888888888,1.0,11.337687452633732,0.07540136041357393,1.1938067887000914,1.2158951650251386
C0_seed2,best,OVRPBTW,3,228,90,101,0.9303719997406006,0.42543859649122806,0.8771929824561403,1.0,12.413179937164035,0.009612219999399763,1.2871049315456018,1.3469888493919542
C0_seed2,best,OVRPLTW,0,260,51,63,0.8044688701629639,0.5269230769230769,0.9653846153846154,1.0,8.573795335111154,0.0008000160675258883,0.9329337279849748,0.9547935168294561
C0_seed2,best,OVRPLTW,1,260,64,76,0.9024477601051331,0.48846153846153845,0.9192307692307692,0.9961538461538462,9.492120475035769,-0.0422758403996526,0.8436397247528538,0.8519927143647692
C0_seed2,best,OVRPLTW,2,252,77,89,0.8651167154312134,0.5158730158730159,0.9166666666666666,1.0,10.783153783709524,-0.04224959760720237,0.7890917550959831,0.7795956984805461
C0_seed2,best,OVRPLTW,3,228,90,101,0.9394436478614807,0.5043859649122807,0.9035087719298246,1.0,11.879792999806142,-0.07176470107932431,0.7710448913313739,0.789393132114745
C0_seed2,best,VRPBLTW,0,260,51,63,1.3154160976409912,0.4076923076923077,0.75,0.9,15.526964873532156,-2.622630575320506,2.4237287782500783,2.4103852957325165
C0_seed2,best,VRPBLTW,1,260,64,76,1.2316341400146484,0.3730769230769231,0.7846153846153846,0.9115384615384615,17.715803047330457,-2.3820188405423326,1.7055612720776825,1.6891576389579095
C0_seed2,best,VRPBLTW,2,252,77,89,1.0679714679718018,0.4801587301587302,0.7976190476190477,0.9682539682539683,20.26392271026917,-3.6289368353313867,1.1701988099563687,1.1905614393422077
C0_seed2,best,VRPBLTW,3,228,90,101,1.0855755805969238,0.4298245614035088,0.8114035087719298,0.9824561403508771,22.81778988085378,-2.8801268487446796,1.3384671934128622,1.4341565263883354
C0_seed2,best,OVRPBLTW,0,260,51,63,0.8184037208557129,0.5346153846153846,0.9653846153846154,1.0,8.708763199584617,-0.11472060676782636,1.2205396146489411,1.2529174890449934
C0_seed2,best,OVRPBLTW,1,260,64,76,0.8947243094444275,0.48846153846153845,0.9192307692307692,0.9961538461538462,10.011387619606154,-0.12698396949865076,1.1365783340322677,1.1276705985122186
C0_seed2,best,OVRPBLTW,2,252,77,89,0.9080300331115723,0.4880952380952381,0.8968253968253969,1.0,11.319809847408333,-0.026110827329306474,1.212471542200566,1.19685559021381
C0_seed2,best,OVRPBLTW,3,228,90,101,0.8912773728370667,0.5219298245614035,0.8947368421052632,1.0,12.33212792036886,-0.1052488790047379,1.063722182652782,1.0363282672384408
C0_seed2,final,TSP,0,266,50,161,1.8961800336837769,0.3082706766917293,0.5488721804511278,0.6766917293233082,5.6532524608020855,0.019889757211810632,0.3552305300545511,0.3401431664868641
C0_seed2,final,TSP,1,241,162,275,1.5988444089889526,0.4024896265560166,0.6307053941908713,0.7717842323651453,7.326043025097352,-0.5560173681232516,0.6854601990712528,0.7302064113464656
C0_seed2,final,TSP,2,250,276,386,1.5207682847976685,0.372,0.628,0.796,8.855286711467995,-0.2882695854069417,0.7300995408501265,0.7587626541519121
C0_seed2,final,TSP,3,243,388,499,1.4887468814849854,0.41975308641975306,0.6419753086419753,0.7942386831275721,10.015303145561418,-0.3157116106613067,0.5791578556713528,0.5987308583895843
C0_seed2,final,CVRP,0,247,51,162,2.0024497509002686,0.22267206477732793,0.42105263157894735,0.6032388663967612,12.485612751500296,-0.055238579481031724,0.9578586541789003,1.1177787858367259
C0_seed2,final,CVRP,1,260,163,278,1.1442605257034302,0.5461538461538461,0.7923076923076923,0.9038461538461539,17.604121070643536,-0.47355768000243437,0.43702313298152884,0.5872322865640631
C0_seed2,final,CVRP,2,239,279,390,1.0819636583328247,0.5648535564853556,0.7824267782426778,0.895397489539749,20.087396669586784,-0.6086203256006506,0.3915349563340609,0.5108212509571766
C0_seed2,final,CVRP,3,254,391,500,1.1199251413345337,0.5551181102362205,0.7755905511811023,0.9133858267716536,22.606687902463918,-0.6479429371521905,0.4573770395092991,0.5074049545175873
C0_seed2,final,ATSP,0,273,20,40,0.4798841178417206,0.8498168498168498,0.9816849816849816,0.9963369963369964,1.6092492769926021,0.0,0.25415705955242895,0.24594031625471116
C0_seed2,final,ATSP,1,247,41,60,0.6348291039466858,0.7894736842105263,0.9676113360323887,0.9959514170040485,1.6574111800444753,-0.021828866746320674,0.2400270625677825,0.25455612912814046
C0_seed2,final,ATSP,2,240,61,80,0.6848016381263733,0.7583333333333333,0.9375,0.9875,1.6415700321396192,-0.19289239248719836,0.49098385127319677,0.4706058811799815
C0_seed2,final,ATSP,3,240,81,100,0.5803762674331665,0.7375,0.9875,1.0,1.6336199924349786,-0.7718439859285331,0.2938882458563219,0.29299486408205794
C0_seed2,final,OVRP,0,260,51,63,1.2030000686645508,0.40384615384615385,0.7346153846153847,0.9538461538461539,6.255133063976459,-0.004688124726970333,0.6303677954377251,0.6196585276122429
C0_seed2,final,OVRP,1,260,64,76,1.5422834157943726,0.3076923076923077,0.6269230769230769,0.7961538461538461,7.150231014765226,0.01849515243030897,0.8549531499496776,0.8611291646959156
C0_seed2,final,OVRP,2,252,77,89,1.561670184135437,0.39285714285714285,0.5952380952380952,0.7976190476190477,7.984112396126616,0.06282778333657202,0.6105325951620388,0.6244938327674806
C0_seed2,final,OVRP,3,228,90,101,1.5384453535079956,0.36403508771929827,0.6447368421052632,0.8114035087719298,8.576294478617216,-0.02423701577255466,0.5746796879789295,0.5898445023658312
C0_seed2,final,VRPB,0,260,51,63,0.8565459251403809,0.5692307692307692,0.9461538461538461,0.9961538461538462,8.053803034931539,0.021372838390032456,0.8845124864374165,0.8985114163055871
C0_seed2,final,VRPB,1,260,64,76,0.8246755003929138,0.5538461538461539,0.9307692307692308,1.0,8.941801667215385,-0.034565907813899344,0.6642407142114948,0.68699341645113
C0_seed2,final,VRPB,2,252,77,89,0.985378623008728,0.5158730158730159,0.8888888888888888,0.9880952380952381,9.956221697824603,0.030922173116199048,0.8031794866270481,0.7554945353248288
C0_seed2,final,VRPB,3,228,90,101,0.9045931696891785,0.5745614035087719,0.9035087719298246,0.9956140350877193,10.562320044164473,-0.19286628129958627,0.5886105451493595,0.6011471734446583
C0_seed2,final,VRPL,0,260,51,63,1.4091160297393799,0.3923076923076923,0.7192307692307692,0.8576923076923076,10.45710939994237,-0.002063572527422064,0.33235840035501507,0.3235452572874577
C0_seed2,final,VRPL,1,260,64,76,1.6819366216659546,0.25769230769230766,0.5076923076923077,0.6692307692307692,11.894713117525393,-0.1265201429922369,0.5816896972890895,0.5919187744267869
C0_seed2,final,VRPL,2,252,77,89,1.6807116270065308,0.3134920634920635,0.5436507936507936,0.6785714285714286,13.136804576903803,0.04075717353007047,0.49749689767777383,0.5107043579448864
C0_seed2,final,VRPL,3,228,90,101,1.6507220268249512,0.3201754385964912,0.5877192982456141,0.7368421052631579,14.385688752458769,0.00715585262045515,0.44640790479921755,0.45268638279178647
C0_seed2,final,VRPTW,0,260,51,63,1.3052620887756348,0.4461538461538462,0.7076923076923077,0.8807692307692307,14.360849982043401,-1.2661044345910977,1.7040714297340553,1.8310325772265619
C0_seed2,final,VRPTW,1,260,64,76,1.2991933822631836,0.41923076923076924,0.7307692307692307,0.926923076923077,16.716445601905804,-2.0648213556323847,1.6022426717044569,1.579572443345405
C0_seed2,final,VRPTW,2,252,77,89,1.1039741039276123,0.45634920634920634,0.7896825396825397,0.9682539682539683,19.484912989629553,-2.7706722105514614,1.2808422692321075,1.2838553622748954
C0_seed2,final,VRPTW,3,228,90,101,1.0026143789291382,0.5263157894736842,0.8201754385964912,0.9649122807017544,21.51802256232967,-3.7203620395195536,0.8832831344818048,0.9204390504568226
C0_seed2,final,OVRPTW,0,260,51,63,0.8033156394958496,0.5538461538461539,0.9653846153846154,1.0,8.38297381217769,-0.24195382363875195,0.7840119006127688,0.7879449166388658
C0_seed2,final,OVRPTW,1,260,64,76,0.8354854583740234,0.46923076923076923,0.9423076923076923,1.0,9.390483003398076,0.06342499432245852,0.9504053588195172,0.975492222190957
C0_seed2,final,OVRPTW,2,252,77,89,0.9322331547737122,0.5238095238095238,0.9206349206349206,1.0,10.573201845561904,-0.053661814759520254,0.6886679356785219,0.7088298160647184
C0_seed2,final,OVRPTW,3,228,90,101,0.9403928518295288,0.5131578947368421,0.8991228070175439,1.0,12.082523860427193,0.03728577856736415,0.8670024063712756,0.8882876303673716
C0_seed2,final,OVRPB,0,260,51,63,0.7788692712783813,0.5807692307692308,0.9769230769230769,0.9923076923076923,5.544613120188846,0.1613060031919078,1.0825229527059665,1.0560172305629048
C0_seed2,final,OVRPB,1,260,64,76,0.8200642466545105,0.5615384615384615,0.9615384615384616,0.9807692307692307,6.043000001171539,-0.10417923171675003,0.9237046039514807,0.9533002781276165
C0_seed2,final,OVRPB,2,252,77,89,0.7669553756713867,0.5873015873015873,0.9722222222222222,0.9841269841269841,6.669681753432937,-0.1304981001822192,0.8579162785033345,0.8652930513698889
C0_seed2,final,OVRPB,3,228,90,101,0.8030259609222412,0.5570175438596491,0.9605263157894737,0.9868421052631579,7.129643485207894,-0.08417737114867485,0.8872141652623178,0.887824246840124
C0_seed2,final,OVRPL,0,260,51,63,1.1333339214324951,0.45,0.7884615384615384,0.9653846153846154,6.329812766955557,-0.04852232517669197,0.6479430352423377,0.644163600631845
C0_seed2,final,OVRPL,1,260,64,76,1.4415360689163208,0.39615384615384613,0.6615384615384615,0.8461538461538461,7.278486132621623,-0.057621988432343674,0.8748776309326578,0.86283916905459
C0_seed2,final,OVRPL,2,252,77,89,1.5404903888702393,0.40476190476190477,0.6190476190476191,0.7777777777777778,7.763897774711488,-0.10487540172667842,0.6451437391453929,0.6617815235909376
C0_seed2,final,OVRPL,3,228,90,101,1.4681309461593628,0.38596491228070173,0.6929824561403509,0.8464912280701754,8.49111713442886,-0.0019135191513197647,0.5986228657638204,0.6274137842930105
C0_seed2,final,VRPBL,0,260,51,63,0.838996410369873,0.5576923076923077,0.9423076923076923,0.9884615384615385,8.090660638073077,-0.030514703117856534,0.8196162838166599,0.8325388083268362
C0_seed2,final,VRPBL,1,260,64,76,0.9839968085289001,0.5115384615384615,0.9153846153846154,0.9730769230769231,8.931511537845,-0.017512814477638194,0.864356944862843,0.849706138372052
C0_seed2,final,VRPBL,2,252,77,89,0.9128388166427612,0.5476190476190477,0.9007936507936508,0.996031746031746,9.901525296860715,-0.07785532740360868,0.7919017755112945,0.7982781503723289
C0_seed2,final,VRPBL,3,228,90,101,0.8921425938606262,0.5131578947368421,0.8991228070175439,0.9956140350877193,10.68797852700088,0.06293876965894896,0.686575361452979,0.7031504645923216
C0_seed2,final,VRPBTW,0,260,51,63,1.2133386135101318,0.4423076923076923,0.7769230769230769,0.9038461538461539,15.572770507516335,-3.749303799556203,1.8448925110586156,1.8726839861180264
C0_seed2,final,VRPBTW,1,260,64,76,1.2467588186264038,0.38461538461538464,0.7807692307692308,0.9153846153846154,17.884757647149343,-3.1067432055823407,1.8291334935948367,1.787554579145962
C0_seed2,final,VRPBTW,2,252,77,89,1.0102338790893555,0.5158730158730159,0.8690476190476191,0.9603174603174603,20.574229898907035,-4.425160409760309,1.153989155791657,1.2291166300850942
C0_seed2,final,VRPBTW,3,228,90,101,1.1184580326080322,0.40350877192982454,0.7894736842105263,0.9298245614035088,22.57693085335872,-1.749618905576067,1.394519609637257,1.4144237368981085
C0_seed2,final,VRPLTW,0,260,51,63,1.2306642532348633,0.41923076923076924,0.7923076923076923,0.9153846153846154,14.407108968956482,-1.3828044163745612,1.5191319186965035,1.5998182967927
C0_seed2,final,VRPLTW,1,260,64,76,1.1920605897903442,0.4423076923076923,0.75,0.9346153846153846,16.709048599464097,-1.7748588004865007,1.3563172414219782,1.397151366714689
C0_seed2,final,VRPLTW,2,252,77,89,0.9947220683097839,0.49603174603174605,0.8650793650793651,0.9642857142857143,18.474120541223325,-4.888948164252738,0.8903902650680973,0.9169438111565023
C0_seed2,final,VRPLTW,3,228,90,101,1.0482405424118042,0.4692982456140351,0.8289473684210527,0.956140350877193,21.385215136042312,-4.948640497128243,0.9693595028389179,1.030186357279637
C0_seed2,final,OVRPBL,0,260,51,63,0.8324221968650818,0.573076923076923,0.9730769230769231,0.9884615384615385,5.493370041478462,-0.22378638783343563,1.1206551883927052,1.158646534708428
C0_seed2,final,OVRPBL,1,260,64,76,0.8223803043365479,0.6115384615384616,0.9538461538461539,0.9884615384615385,6.104037207823077,-0.13425154448437615,0.9230294554600338,0.8986104979830534
C0_seed2,final,OVRPBL,2,252,77,89,0.8454731106758118,0.5396825396825397,0.9523809523809523,0.9841269841269841,6.649573657249206,0.0193070526568917,0.9072079665136012,0.9224435280071707
C0_seed2,final,OVRPBL,3,228,90,101,0.8887186050415039,0.6140350877192983,0.9385964912280702,0.9692982456140351,7.067936626443421,-0.1696314409273869,0.6981815623952725,0.6853916251881013
C0_seed2,final,OVRPBTW,0,260,51,63,0.8299899101257324,0.5269230769230769,0.9615384615384616,0.9961538461538462,8.57246882732,-0.2418703089271057,1.115149619661815,1.1662839991980112
C0_seed2,final,OVRPBTW,1,260,64,76,0.9036885499954224,0.55,0.9192307692307692,0.9923076923076923,9.932439391430002,-0.20169256046769224,0.9586868804329463,1.0039932768343394
C0_seed2,final,OVRPBTW,2,252,77,89,0.921994686126709,0.46825396825396826,0.8888888888888888,1.0,11.339962732223412,0.09548477857936888,1.214114651670406,1.1999958577395016
C0_seed2,final,OVRPBTW,3,228,90,101,0.9301165342330933,0.43859649122807015,0.8771929824561403,1.0,12.409733333086841,-0.018156130977609042,1.2589818760037286,1.3207374863588852
C0_seed2,final,OVRPLTW,0,260,51,63,0.8040297031402588,0.5346153846153846,0.9653846153846154,1.0,8.572852415306537,-0.010197766259578689,0.9218334324413657,0.9356509521148104
C0_seed2,final,OVRPLTW,1,260,64,76,0.903046190738678,0.49230769230769234,0.9192307692307692,0.9961538461538462,9.49042581778346,-0.06012159811171758,0.825635801829816,0.8356181980229147
C0_seed2,final,OVRPLTW,2,252,77,89,0.8654519319534302,0.5158730158730159,0.9166666666666666,1.0,10.784027937861111,-0.03414635765994767,0.7972623891015385,0.7959254459125431
C0_seed2,final,OVRPLTW,3,228,90,101,0.9402164816856384,0.5043859649122807,0.9035087719298246,1.0,11.88039252632851,-0.06672171528014914,0.776130410422482,0.7913856200329193
C0_seed2,final,VRPBLTW,0,260,51,63,1.311795711517334,0.4,0.7461538461538462,0.9,15.534580729555648,-2.574867729746677,2.473966824005802,2.4418636988815643
C0_seed2,final,VRPBLTW,1,260,64,76,1.214404821395874,0.3730769230769231,0.7769230769230769,0.9192307692307692,17.716001642671223,-2.380924536424056,1.706701398243271,1.6890587298574427
C0_seed2,final,VRPBLTW,2,252,77,89,1.067270278930664,0.48412698412698413,0.8015873015873016,0.9682539682539683,20.266133743620873,-3.6184216138788194,1.1812376738015162,1.2008697136437259
C0_seed2,final,VRPBLTW,3,228,90,101,1.0885933637619019,0.42543859649122806,0.8114035087719298,0.9824561403508771,22.81986165465092,-2.8713087112551605,1.3476683641691078,1.452518709406299
C0_seed2,final,OVRPBLTW,0,260,51,63,0.8187011480331421,0.5384615384615384,0.9653846153846154,1.0,8.706472547236155,-0.14099327540919582,1.1939157346022355,1.2203356689882652
C0_seed2,final,OVRPBLTW,1,260,64,76,0.8938674330711365,0.46923076923076923,0.9192307692307692,0.9961538461538462,10.01675702792,-0.07341906691182842,1.1908209230892863,1.200888074107228
C0_seed2,final,OVRPBLTW,2,252,77,89,0.9065619111061096,0.503968253968254,0.8968253968253969,1.0,11.315738252230952,-0.06207019506662137,1.1760666717498092,1.1656608782905427
C0_seed2,final,OVRPBLTW,3,228,90,101,0.8895905017852783,0.5219298245614035,0.8947368421052632,1.0,12.32874824917193,-0.13262545304517648,1.0360252472073395,1.0028700829234158
C1_seed2,step0,TSP,0,266,50,161,1.8986458778381348,0.3157894736842105,0.5451127819548872,0.6766917293233082,5.652263197583041,0.0023872666020663402,0.33766935812911125,0.3222241627503251
C1_seed2,step0,TSP,1,241,162,275,1.6011625528335571,0.4066390041493776,0.6348547717842323,0.7800829875518672,7.325841663056836,-0.5587506640090778,0.6826927802004334,0.7276808593434272
C1_seed2,step0,TSP,2,250,276,386,1.5172162055969238,0.368,0.624,0.796,8.855386847513731,-0.2871420399391811,0.7312386020892792,0.7578939095975064
C1_seed2,step0,TSP,3,243,388,499,1.4903489351272583,0.411522633744856,0.6419753086419753,0.7901234567901234,10.017096235625676,-0.29786463144603204,0.5971650478652668,0.617288664910763
C1_seed2,step0,CVRP,0,247,51,162,2.0035152435302734,0.22672064777327935,0.42105263157894735,0.6032388663967612,12.485641381035059,-0.05500940594518333,0.9580901507487027,1.1154709064553017
C1_seed2,step0,CVRP,1,260,163,278,1.1473382711410522,0.5538461538461539,0.7923076923076923,0.9038461538461539,17.59905506831136,-0.5021987684659446,0.4081200033457577,0.5458794129838778
C1_seed2,step0,CVRP,2,239,279,390,1.0852473974227905,0.5774058577405857,0.7824267782426778,0.895397489539749,20.087647158729407,-0.6073809185292212,0.39278683530730163,0.49332245159453697
C1_seed2,step0,CVRP,3,254,391,500,1.1217412948608398,0.5708661417322834,0.7795275590551181,0.9173228346456693,22.60513688260025,-0.654759371946434,0.4504847699334791,0.5102625440849226
C1_seed2,step0,ATSP,0,273,20,40,0.47892576456069946,0.8498168498168498,0.9816849816849816,0.9926739926739927,1.6092492769926021,0.0,0.25415705955242895,0.24594031625471116
C1_seed2,step0,ATSP,1,247,41,60,0.6309808492660522,0.7894736842105263,0.9635627530364372,0.9959514170040485,1.6574111800444753,-0.021828866746320674,0.2400270625677825,0.25455612912814046
C1_seed2,step0,ATSP,2,240,61,80,0.6830574870109558,0.7583333333333333,0.9375,0.9875,1.6414716069897015,-0.19887662059613342,0.48495861935662354,0.4648431887166089
C1_seed2,step0,ATSP,3,240,81,100,0.5801950693130493,0.7333333333333333,0.9875,1.0,1.6338644807537397,-0.7569934545013979,0.30889827525899527,0.30782109269385916
C1_seed2,step0,OVRP,0,260,51,63,1.2044246196746826,0.4076923076923077,0.7346153846153847,0.9538461538461539,6.25580365474389,0.0060320201914931815,0.6411560224629076,0.6315558704039518
C1_seed2,step0,OVRP,1,260,64,76,1.544203758239746,0.3038461538461538,0.6153846153846154,0.7961538461538461,7.150060508801387,0.016110089642484837,0.8525481408025115,0.859885770403068
C1_seed2,step0,OVRP,2,252,77,89,1.5621250867843628,0.3888888888888889,0.6031746031746031,0.8015873015873016,7.984408021919226,0.0665327853839548,0.6142578769426255,0.6288889507510054
C1_seed2,step0,OVRP,3,228,90,101,1.5369974374771118,0.35526315789473684,0.6403508771929824,0.8114035087719298,8.577125342268692,-0.014551454286848564,0.5844232719731446,0.5997420735920677
C1_seed2,step0,VRPB,0,260,51,63,0.8568511605262756,0.5653846153846154,0.9461538461538461,0.9961538461538462,8.054377018491154,0.028501225236632344,0.8917023880697039,0.907597422288829
C1_seed2,step0,VRPB,1,260,64,76,0.8253947496414185,0.5538461538461539,0.9307692307692308,1.0,8.940618062021153,-0.047798096520235145,0.6509160261210178,0.6701253144958812
C1_seed2,step0,VRPB,2,252,77,89,0.9851115942001343,0.5198412698412699,0.8888888888888888,0.9880952380952381,9.954620376467856,0.014833574763084556,0.7869666813040022,0.7363914941052615
C1_seed2,step0,VRPB,3,228,90,101,0.9057433605194092,0.5657894736842105,0.9035087719298246,0.9956140350877193,10.562957416499122,-0.1868435225148679,0.5946804613490508,0.6068423188514823
C1_seed2,step0,VRPL,0,260,51,63,1.4100887775421143,0.38846153846153847,0.7192307692307692,0.8538461538461538,10.457605673716737,0.0026821321832848355,0.33711997607255295,0.32802096755771154
C1_seed2,step0,VRPL,1,260,64,76,1.6858012676239014,0.25384615384615383,0.5115384615384615,0.6730769230769231,11.894460045373041,-0.12864505313177066,0.5795497192629506,0.5904659827288725
C1_seed2,step0,VRPL,2,252,77,89,1.6777790784835815,0.30952380952380953,0.5277777777777778,0.6706349206349206,13.137263574297009,0.04425257810034555,0.5010082606450528,0.51263676894486
C1_seed2,step0,VRPL,3,228,90,101,1.655255913734436,0.3201754385964912,0.5877192982456141,0.7280701754385965,14.385115799150766,0.0031727669471903752,0.4424073245922866,0.4477216601303238
C1_seed2,step0,VRPTW,0,260,51,63,1.304230809211731,0.4461538461538462,0.7115384615384616,0.8846153846153846,14.361960466092855,-1.2584696207532775,1.7119359188992656,1.829623473522505
C1_seed2,step0,VRPTW,1,260,64,76,1.3161442279815674,0.4153846153846154,0.7230769230769231,0.9192307692307692,16.719493658727476,-2.046963971565363,1.6207687038675145,1.620566679351479
C1_seed2,step0,VRPTW,2,252,77,89,1.0974029302597046,0.46825396825396826,0.7857142857142857,0.9682539682539683,19.45195986732472,-2.935107634613532,1.1095548745072348,1.1106168543551969
C1_seed2,step0,VRPTW,3,228,90,101,1.0066837072372437,0.5263157894736842,0.8289473684210527,0.9605263157894737,21.519671657630987,-3.7129833736540774,0.8910146138831676,0.9279317880234682
C1_seed2,step0,OVRPTW,0,260,51,63,0.803102433681488,0.5538461538461539,0.9653846153846154,1.0,8.38297381217769,-0.24195382363875195,0.7840119006127688,0.7879449166388658
C1_seed2,step0,OVRPTW,1,260,64,76,0.8319137096405029,0.47692307692307695,0.9423076923076923,1.0,9.388327297799616,0.04045415401709995,0.9272309008155899,0.9512471313422135
C1_seed2,step0,OVRPTW,2,252,77,89,0.9294341802597046,0.5317460317460317,0.9206349206349206,1.0,10.570290187048808,-0.08118513368224889,0.6609401932737846,0.6903168746493848
C1_seed2,step0,OVRPTW,3,228,90,101,0.9369975924491882,0.5219298245614035,0.8991228070175439,1.0,12.082217586665351,0.034749984209025975,0.8644455799474704,0.8862095262448775
C1_seed2,step0,OVRPB,0,260,51,63,0.779012143611908,0.5923076923076923,0.9769230769230769,0.9923076923076923,5.543203466671539,0.13584115393283636,1.056823894732073,1.0341691256482157
C1_seed2,step0,OVRPB,1,260,64,76,0.8223534226417542,0.5692307692307692,0.9615384615384616,0.9807692307692307,6.0414368207619225,-0.13001990522282236,0.8975980413381768,0.923887612733871
C1_seed2,step0,OVRPB,2,252,77,89,0.7671940922737122,0.5912698412698413,0.9722222222222222,0.9841269841269841,6.66828852040635,-0.15135988842631676,0.836848019904668,0.8452479998994351
C1_seed2,step0,OVRPB,3,228,90,101,0.8055323362350464,0.5526315789473685,0.9605263157894737,0.9868421052631579,7.131481228164034,-0.05842298390279499,0.9132189392150991,0.9168828679172166
C1_seed2,step0,OVRPL,0,260,51,63,1.1350128650665283,0.43846153846153846,0.7884615384615384,0.9653846153846154,6.326871512486385,-0.09496646835043254,0.6011752676693627,0.6033513470243784
C1_seed2,step0,OVRPL,1,260,64,76,1.446618676185608,0.4,0.65,0.8461538461538461,7.277826609978168,-0.06667802840252257,0.86573709473583,0.8565253278919163
C1_seed2,step0,OVRPL,2,252,77,89,1.5394911766052246,0.40476190476190477,0.6309523809523809,0.7817460317460317,7.765410088357472,-0.0854170362920792,0.6647481992626325,0.6865125078308147
C1_seed2,step0,OVRPL,3,228,90,101,1.4646657705307007,0.37719298245614036,0.6842105263157895,0.8464912280701754,8.491768885077091,0.005762010069854107,0.6063444902127513,0.6353755446667971
C1_seed2,step0,VRPBL,0,260,51,63,0.8393855690956116,0.5653846153846154,0.9461538461538461,0.9884615384615385,8.088430701766539,-0.05806814958926321,0.7918285254592705,0.803627919635358
C1_seed2,step0,VRPBL,1,260,64,76,0.9797278046607971,0.5192307692307693,0.9153846153846154,0.9730769230769231,8.930021938910384,-0.03418790981403186,0.8475347711457637,0.8360945228000671
C1_seed2,step0,VRPBL,2,252,77,89,0.9131629467010498,0.5515873015873016,0.9007936507936508,0.996031746031746,9.898743563226589,-0.10592744581934266,0.763585307612602,0.7573160207203299
C1_seed2,step0,VRPBL,3,228,90,101,0.8913133144378662,0.5307017543859649,0.8991228070175439,0.9956140350877193,10.685659107407458,0.04122391121574864,0.6647251663858711,0.6800782907538174
C1_seed2,step0,VRPBTW,0,260,51,63,1.215205192565918,0.4307692307692308,0.7730769230769231,0.9,15.580799983095437,-3.699675981934414,1.8974047520165849,1.8992225317553706
C1_seed2,step0,VRPBTW,1,260,64,76,1.2545676231384277,0.3769230769230769,0.7923076923076923,0.9115384615384615,17.897074578359945,-3.0400144524030503,1.8992615018810444,1.836859316501821
C1_seed2,step0,VRPBTW,2,252,77,89,1.0096012353897095,0.5158730158730159,0.8690476190476191,0.9682539682539683,20.570440901650425,-4.442761690915797,1.1353604056858257,1.2034701679227475
C1_seed2,step0,VRPBTW,3,228,90,101,1.117732048034668,0.39473684210526316,0.7894736842105263,0.9298245614035088,22.585028188270442,-1.7143808900064061,1.4308852870105415,1.429999574613537
C1_seed2,step0,VRPLTW,0,260,51,63,1.2278746366500854,0.4230769230769231,0.8,0.9076923076923077,14.399019965760104,-1.4381739434609853,1.462133072893823,1.5419126779900933
C1_seed2,step0,VRPLTW,1,260,64,76,1.2171076536178589,0.45,0.7307692307692307,0.9192307692307692,16.714674045489872,-1.7417892796874779,1.3904409372517579,1.430991540745419
C1_seed2,step0,VRPLTW,2,252,77,89,0.9893460869789124,0.5,0.8650793650793651,0.9682539682539683,18.474303820775674,-4.888004578821159,0.891391186628776,0.9123404991857843
C1_seed2,step0,VRPLTW,3,228,90,101,1.0534785985946655,0.4517543859649123,0.8289473684210527,0.956140350877193,21.390933133007874,-4.923225583986035,0.9963567758417557,1.0509253944293162
C1_seed2,step0,OVRPBL,0,260,51,63,0.830163300037384,0.573076923076923,0.9730769230769231,0.9884615384615385,5.493275719420384,-0.22549956166735274,1.1189189302780012,1.1574834369289098
C1_seed2,step0,OVRPBL,1,260,64,76,0.8229398131370544,0.6076923076923076,0.9538461538461539,0.9884615384615385,6.1033572453711535,-0.14537614233184337,0.9117870812366036,0.8900336049628267
C1_seed2,step0,OVRPBL,2,252,77,89,0.8452845215797424,0.5396825396825397,0.9523809523809523,0.9841269841269841,6.649931580302382,0.024690738529398182,0.9126394449548325,0.9267660677970304
C1_seed2,step0,OVRPBL,3,228,90,101,0.8884508013725281,0.618421052631579,0.9385964912280702,0.9692982456140351,7.068872661967543,-0.15641050017817237,0.711517431141484,0.6972779433484211
C1_seed2,step0,OVRPBTW,0,260,51,63,0.8311396241188049,0.5307692307692308,0.9615384615384616,0.9961538461538462,8.566551298361155,-0.3107328073763016,1.045350377680876,1.0812390487385204
C1_seed2,step0,OVRPBTW,1,260,64,76,0.9020734429359436,0.5461538461538461,0.9192307692307692,0.9923076923076923,9.933073916802309,-0.19531703118550459,0.9651365395605627,1.0092061997931903
C1_seed2,step0,OVRPBTW,2,252,77,89,0.9222143292427063,0.47619047619047616,0.8888888888888888,1.0,11.337687452633732,0.07540136041357393,1.1938067887000914,1.2158951650251386
C1_seed2,step0,OVRPBTW,3,228,90,101,0.9303719997406006,0.42543859649122806,0.8771929824561403,1.0,12.413179937164035,0.009612219999399763,1.2871049315456018,1.3469888493919542
C1_seed2,step0,OVRPLTW,0,260,51,63,0.8044688701629639,0.5269230769230769,0.9653846153846154,1.0,8.573795335111154,0.0008000160675258883,0.9329337279849748,0.9547935168294561
C1_seed2,step0,OVRPLTW,1,260,64,76,0.9024477601051331,0.48846153846153845,0.9192307692307692,0.9961538461538462,9.492120475035769,-0.0422758403996526,0.8436397247528538,0.8519927143647692
C1_seed2,step0,OVRPLTW,2,252,77,89,0.8651167154312134,0.5158730158730159,0.9166666666666666,1.0,10.783153783709524,-0.04224959760720237,0.7890917550959831,0.7795956984805461
C1_seed2,step0,OVRPLTW,3,228,90,101,0.9394436478614807,0.5043859649122807,0.9035087719298246,1.0,11.879792999806142,-0.07176470107932431,0.7710448913313739,0.789393132114745
C1_seed2,step0,VRPBLTW,0,260,51,63,1.3154160976409912,0.4076923076923077,0.75,0.9,15.526964873532156,-2.622630575320506,2.4237287782500783,2.4103852957325165
C1_seed2,step0,VRPBLTW,1,260,64,76,1.2316341400146484,0.3730769230769231,0.7846153846153846,0.9115384615384615,17.715803047330457,-2.3820188405423326,1.7055612720776825,1.6891576389579095
C1_seed2,step0,VRPBLTW,2,252,77,89,1.0679714679718018,0.4801587301587302,0.7976190476190477,0.9682539682539683,20.26392271026917,-3.6289368353313867,1.1701988099563687,1.1905614393422077
C1_seed2,step0,VRPBLTW,3,228,90,101,1.0855755805969238,0.4298245614035088,0.8114035087719298,0.9824561403508771,22.81778988085378,-2.8801268487446796,1.3384671934128622,1.4341565263883354
C1_seed2,step0,OVRPBLTW,0,260,51,63,0.8184037208557129,0.5346153846153846,0.9653846153846154,1.0,8.708763199584617,-0.11472060676782636,1.2205396146489411,1.2529174890449934
C1_seed2,step0,OVRPBLTW,1,260,64,76,0.8947243094444275,0.48846153846153845,0.9192307692307692,0.9961538461538462,10.011387619606154,-0.12698396949865076,1.1365783340322677,1.1276705985122186
C1_seed2,step0,OVRPBLTW,2,252,77,89,0.9080300331115723,0.4880952380952381,0.8968253968253969,1.0,11.319809847408333,-0.026110827329306474,1.212471542200566,1.19685559021381
C1_seed2,step0,OVRPBLTW,3,228,90,101,0.8912773728370667,0.5219298245614035,0.8947368421052632,1.0,12.33212792036886,-0.1052488790047379,1.063722182652782,1.0363282672384408
C1_seed2,best,TSP,0,266,50,161,1.8986458778381348,0.3157894736842105,0.5451127819548872,0.6766917293233082,5.652263197583041,0.0023872666020663402,0.33766935812911125,0.3222241627503251
C1_seed2,best,TSP,1,241,162,275,1.6011625528335571,0.4066390041493776,0.6348547717842323,0.7800829875518672,7.325841663056836,-0.5587506640090778,0.6826927802004334,0.7276808593434272
C1_seed2,best,TSP,2,250,276,386,1.5172162055969238,0.368,0.624,0.796,8.855386847513731,-0.2871420399391811,0.7312386020892792,0.7578939095975064
C1_seed2,best,TSP,3,243,388,499,1.4903489351272583,0.411522633744856,0.6419753086419753,0.7901234567901234,10.017096235625676,-0.29786463144603204,0.5971650478652668,0.617288664910763
C1_seed2,best,CVRP,0,247,51,162,2.0035152435302734,0.22672064777327935,0.42105263157894735,0.6032388663967612,12.485641381035059,-0.05500940594518333,0.9580901507487027,1.1154709064553017
C1_seed2,best,CVRP,1,260,163,278,1.1473382711410522,0.5538461538461539,0.7923076923076923,0.9038461538461539,17.59905506831136,-0.5021987684659446,0.4081200033457577,0.5458794129838778
C1_seed2,best,CVRP,2,239,279,390,1.0852473974227905,0.5774058577405857,0.7824267782426778,0.895397489539749,20.087647158729407,-0.6073809185292212,0.39278683530730163,0.49332245159453697
C1_seed2,best,CVRP,3,254,391,500,1.1217412948608398,0.5708661417322834,0.7795275590551181,0.9173228346456693,22.60513688260025,-0.654759371946434,0.4504847699334791,0.5102625440849226
C1_seed2,best,ATSP,0,273,20,40,0.47892576456069946,0.8498168498168498,0.9816849816849816,0.9926739926739927,1.6092492769926021,0.0,0.25415705955242895,0.24594031625471116
C1_seed2,best,ATSP,1,247,41,60,0.6309808492660522,0.7894736842105263,0.9635627530364372,0.9959514170040485,1.6574111800444753,-0.021828866746320674,0.2400270625677825,0.25455612912814046
C1_seed2,best,ATSP,2,240,61,80,0.6830574870109558,0.7583333333333333,0.9375,0.9875,1.6414716069897015,-0.19887662059613342,0.48495861935662354,0.4648431887166089
C1_seed2,best,ATSP,3,240,81,100,0.5801950693130493,0.7333333333333333,0.9875,1.0,1.6338644807537397,-0.7569934545013979,0.30889827525899527,0.30782109269385916
C1_seed2,best,OVRP,0,260,51,63,1.2044246196746826,0.4076923076923077,0.7346153846153847,0.9538461538461539,6.25580365474389,0.0060320201914931815,0.6411560224629076,0.6315558704039518
C1_seed2,best,OVRP,1,260,64,76,1.544203758239746,0.3038461538461538,0.6153846153846154,0.7961538461538461,7.150060508801387,0.016110089642484837,0.8525481408025115,0.859885770403068
C1_seed2,best,OVRP,2,252,77,89,1.5621250867843628,0.3888888888888889,0.6031746031746031,0.8015873015873016,7.984408021919226,0.0665327853839548,0.6142578769426255,0.6288889507510054
C1_seed2,best,OVRP,3,228,90,101,1.5369974374771118,0.35526315789473684,0.6403508771929824,0.8114035087719298,8.577125342268692,-0.014551454286848564,0.5844232719731446,0.5997420735920677
C1_seed2,best,VRPB,0,260,51,63,0.8568511605262756,0.5653846153846154,0.9461538461538461,0.9961538461538462,8.054377018491154,0.028501225236632344,0.8917023880697039,0.907597422288829
C1_seed2,best,VRPB,1,260,64,76,0.8253947496414185,0.5538461538461539,0.9307692307692308,1.0,8.940618062021153,-0.047798096520235145,0.6509160261210178,0.6701253144958812
C1_seed2,best,VRPB,2,252,77,89,0.9851115942001343,0.5198412698412699,0.8888888888888888,0.9880952380952381,9.954620376467856,0.014833574763084556,0.7869666813040022,0.7363914941052615
C1_seed2,best,VRPB,3,228,90,101,0.9057433605194092,0.5657894736842105,0.9035087719298246,0.9956140350877193,10.562957416499122,-0.1868435225148679,0.5946804613490508,0.6068423188514823
C1_seed2,best,VRPL,0,260,51,63,1.4100887775421143,0.38846153846153847,0.7192307692307692,0.8538461538461538,10.457605673716737,0.0026821321832848355,0.33711997607255295,0.32802096755771154
C1_seed2,best,VRPL,1,260,64,76,1.6858012676239014,0.25384615384615383,0.5115384615384615,0.6730769230769231,11.894460045373041,-0.12864505313177066,0.5795497192629506,0.5904659827288725
C1_seed2,best,VRPL,2,252,77,89,1.6777790784835815,0.30952380952380953,0.5277777777777778,0.6706349206349206,13.137263574297009,0.04425257810034555,0.5010082606450528,0.51263676894486
C1_seed2,best,VRPL,3,228,90,101,1.655255913734436,0.3201754385964912,0.5877192982456141,0.7280701754385965,14.385115799150766,0.0031727669471903752,0.4424073245922866,0.4477216601303238
C1_seed2,best,VRPTW,0,260,51,63,1.304230809211731,0.4461538461538462,0.7115384615384616,0.8846153846153846,14.361960466092855,-1.2584696207532775,1.7119359188992656,1.829623473522505
C1_seed2,best,VRPTW,1,260,64,76,1.3161442279815674,0.4153846153846154,0.7230769230769231,0.9192307692307692,16.719493658727476,-2.046963971565363,1.6207687038675145,1.620566679351479
C1_seed2,best,VRPTW,2,252,77,89,1.0974029302597046,0.46825396825396826,0.7857142857142857,0.9682539682539683,19.45195986732472,-2.935107634613532,1.1095548745072348,1.1106168543551969
C1_seed2,best,VRPTW,3,228,90,101,1.0066837072372437,0.5263157894736842,0.8289473684210527,0.9605263157894737,21.519671657630987,-3.7129833736540774,0.8910146138831676,0.9279317880234682
C1_seed2,best,OVRPTW,0,260,51,63,0.803102433681488,0.5538461538461539,0.9653846153846154,1.0,8.38297381217769,-0.24195382363875195,0.7840119006127688,0.7879449166388658
C1_seed2,best,OVRPTW,1,260,64,76,0.8319137096405029,0.47692307692307695,0.9423076923076923,1.0,9.388327297799616,0.04045415401709995,0.9272309008155899,0.9512471313422135
C1_seed2,best,OVRPTW,2,252,77,89,0.9294341802597046,0.5317460317460317,0.9206349206349206,1.0,10.570290187048808,-0.08118513368224889,0.6609401932737846,0.6903168746493848
C1_seed2,best,OVRPTW,3,228,90,101,0.9369975924491882,0.5219298245614035,0.8991228070175439,1.0,12.082217586665351,0.034749984209025975,0.8644455799474704,0.8862095262448775
C1_seed2,best,OVRPB,0,260,51,63,0.779012143611908,0.5923076923076923,0.9769230769230769,0.9923076923076923,5.543203466671539,0.13584115393283636,1.056823894732073,1.0341691256482157
C1_seed2,best,OVRPB,1,260,64,76,0.8223534226417542,0.5692307692307692,0.9615384615384616,0.9807692307692307,6.0414368207619225,-0.13001990522282236,0.8975980413381768,0.923887612733871
C1_seed2,best,OVRPB,2,252,77,89,0.7671940922737122,0.5912698412698413,0.9722222222222222,0.9841269841269841,6.66828852040635,-0.15135988842631676,0.836848019904668,0.8452479998994351
C1_seed2,best,OVRPB,3,228,90,101,0.8055323362350464,0.5526315789473685,0.9605263157894737,0.9868421052631579,7.131481228164034,-0.05842298390279499,0.9132189392150991,0.9168828679172166
C1_seed2,best,OVRPL,0,260,51,63,1.1350128650665283,0.43846153846153846,0.7884615384615384,0.9653846153846154,6.326871512486385,-0.09496646835043254,0.6011752676693627,0.6033513470243784
C1_seed2,best,OVRPL,1,260,64,76,1.446618676185608,0.4,0.65,0.8461538461538461,7.277826609978168,-0.06667802840252257,0.86573709473583,0.8565253278919163
C1_seed2,best,OVRPL,2,252,77,89,1.5394911766052246,0.40476190476190477,0.6309523809523809,0.7817460317460317,7.765410088357472,-0.0854170362920792,0.6647481992626325,0.6865125078308147
C1_seed2,best,OVRPL,3,228,90,101,1.4646657705307007,0.37719298245614036,0.6842105263157895,0.8464912280701754,8.491768885077091,0.005762010069854107,0.6063444902127513,0.6353755446667971
C1_seed2,best,VRPBL,0,260,51,63,0.8393855690956116,0.5653846153846154,0.9461538461538461,0.9884615384615385,8.088430701766539,-0.05806814958926321,0.7918285254592705,0.803627919635358
C1_seed2,best,VRPBL,1,260,64,76,0.9797278046607971,0.5192307692307693,0.9153846153846154,0.9730769230769231,8.930021938910384,-0.03418790981403186,0.8475347711457637,0.8360945228000671
C1_seed2,best,VRPBL,2,252,77,89,0.9131629467010498,0.5515873015873016,0.9007936507936508,0.996031746031746,9.898743563226589,-0.10592744581934266,0.763585307612602,0.7573160207203299
C1_seed2,best,VRPBL,3,228,90,101,0.8913133144378662,0.5307017543859649,0.8991228070175439,0.9956140350877193,10.685659107407458,0.04122391121574864,0.6647251663858711,0.6800782907538174
C1_seed2,best,VRPBTW,0,260,51,63,1.215205192565918,0.4307692307692308,0.7730769230769231,0.9,15.580799983095437,-3.699675981934414,1.8974047520165849,1.8992225317553706
C1_seed2,best,VRPBTW,1,260,64,76,1.2545676231384277,0.3769230769230769,0.7923076923076923,0.9115384615384615,17.897074578359945,-3.0400144524030503,1.8992615018810444,1.836859316501821
C1_seed2,best,VRPBTW,2,252,77,89,1.0096012353897095,0.5158730158730159,0.8690476190476191,0.9682539682539683,20.570440901650425,-4.442761690915797,1.1353604056858257,1.2034701679227475
C1_seed2,best,VRPBTW,3,228,90,101,1.117732048034668,0.39473684210526316,0.7894736842105263,0.9298245614035088,22.585028188270442,-1.7143808900064061,1.4308852870105415,1.429999574613537
C1_seed2,best,VRPLTW,0,260,51,63,1.2278746366500854,0.4230769230769231,0.8,0.9076923076923077,14.399019965760104,-1.4381739434609853,1.462133072893823,1.5419126779900933
C1_seed2,best,VRPLTW,1,260,64,76,1.2171076536178589,0.45,0.7307692307692307,0.9192307692307692,16.714674045489872,-1.7417892796874779,1.3904409372517579,1.430991540745419
C1_seed2,best,VRPLTW,2,252,77,89,0.9893460869789124,0.5,0.8650793650793651,0.9682539682539683,18.474303820775674,-4.888004578821159,0.891391186628776,0.9123404991857843
C1_seed2,best,VRPLTW,3,228,90,101,1.0534785985946655,0.4517543859649123,0.8289473684210527,0.956140350877193,21.390933133007874,-4.923225583986035,0.9963567758417557,1.0509253944293162
C1_seed2,best,OVRPBL,0,260,51,63,0.830163300037384,0.573076923076923,0.9730769230769231,0.9884615384615385,5.493275719420384,-0.22549956166735274,1.1189189302780012,1.1574834369289098
C1_seed2,best,OVRPBL,1,260,64,76,0.8229398131370544,0.6076923076923076,0.9538461538461539,0.9884615384615385,6.1033572453711535,-0.14537614233184337,0.9117870812366036,0.8900336049628267
C1_seed2,best,OVRPBL,2,252,77,89,0.8452845215797424,0.5396825396825397,0.9523809523809523,0.9841269841269841,6.649931580302382,0.024690738529398182,0.9126394449548325,0.9267660677970304
C1_seed2,best,OVRPBL,3,228,90,101,0.8884508013725281,0.618421052631579,0.9385964912280702,0.9692982456140351,7.068872661967543,-0.15641050017817237,0.711517431141484,0.6972779433484211
C1_seed2,best,OVRPBTW,0,260,51,63,0.8311396241188049,0.5307692307692308,0.9615384615384616,0.9961538461538462,8.566551298361155,-0.3107328073763016,1.045350377680876,1.0812390487385204
C1_seed2,best,OVRPBTW,1,260,64,76,0.9020734429359436,0.5461538461538461,0.9192307692307692,0.9923076923076923,9.933073916802309,-0.19531703118550459,0.9651365395605627,1.0092061997931903
C1_seed2,best,OVRPBTW,2,252,77,89,0.9222143292427063,0.47619047619047616,0.8888888888888888,1.0,11.337687452633732,0.07540136041357393,1.1938067887000914,1.2158951650251386
C1_seed2,best,OVRPBTW,3,228,90,101,0.9303719997406006,0.42543859649122806,0.8771929824561403,1.0,12.413179937164035,0.009612219999399763,1.2871049315456018,1.3469888493919542
C1_seed2,best,OVRPLTW,0,260,51,63,0.8044688701629639,0.5269230769230769,0.9653846153846154,1.0,8.573795335111154,0.0008000160675258883,0.9329337279849748,0.9547935168294561
C1_seed2,best,OVRPLTW,1,260,64,76,0.9024477601051331,0.48846153846153845,0.9192307692307692,0.9961538461538462,9.492120475035769,-0.0422758403996526,0.8436397247528538,0.8519927143647692
C1_seed2,best,OVRPLTW,2,252,77,89,0.8651167154312134,0.5158730158730159,0.9166666666666666,1.0,10.783153783709524,-0.04224959760720237,0.7890917550959831,0.7795956984805461
C1_seed2,best,OVRPLTW,3,228,90,101,0.9394436478614807,0.5043859649122807,0.9035087719298246,1.0,11.879792999806142,-0.07176470107932431,0.7710448913313739,0.789393132114745
C1_seed2,best,VRPBLTW,0,260,51,63,1.3154160976409912,0.4076923076923077,0.75,0.9,15.526964873532156,-2.622630575320506,2.4237287782500783,2.4103852957325165
C1_seed2,best,VRPBLTW,1,260,64,76,1.2316341400146484,0.3730769230769231,0.7846153846153846,0.9115384615384615,17.715803047330457,-2.3820188405423326,1.7055612720776825,1.6891576389579095
C1_seed2,best,VRPBLTW,2,252,77,89,1.0679714679718018,0.4801587301587302,0.7976190476190477,0.9682539682539683,20.26392271026917,-3.6289368353313867,1.1701988099563687,1.1905614393422077
C1_seed2,best,VRPBLTW,3,228,90,101,1.0855755805969238,0.4298245614035088,0.8114035087719298,0.9824561403508771,22.81778988085378,-2.8801268487446796,1.3384671934128622,1.4341565263883354
C1_seed2,best,OVRPBLTW,0,260,51,63,0.8184037208557129,0.5346153846153846,0.9653846153846154,1.0,8.708763199584617,-0.11472060676782636,1.2205396146489411,1.2529174890449934
C1_seed2,best,OVRPBLTW,1,260,64,76,0.8947243094444275,0.48846153846153845,0.9192307692307692,0.9961538461538462,10.011387619606154,-0.12698396949865076,1.1365783340322677,1.1276705985122186
C1_seed2,best,OVRPBLTW,2,252,77,89,0.9080300331115723,0.4880952380952381,0.8968253968253969,1.0,11.319809847408333,-0.026110827329306474,1.212471542200566,1.19685559021381
C1_seed2,best,OVRPBLTW,3,228,90,101,0.8912773728370667,0.5219298245614035,0.8947368421052632,1.0,12.33212792036886,-0.1052488790047379,1.063722182652782,1.0363282672384408
C1_seed2,final,TSP,0,266,50,161,1.8961431980133057,0.3082706766917293,0.5488721804511278,0.6766917293233082,5.6532524608020855,0.019889757211810632,0.3552305300545511,0.3401431664868641
C1_seed2,final,TSP,1,241,162,275,1.5987896919250488,0.3983402489626556,0.6307053941908713,0.7717842323651453,7.326224295715099,-0.5535567939632058,0.6879514915064444,0.7329836410760447
C1_seed2,final,TSP,2,250,276,386,1.5207562446594238,0.372,0.628,0.796,8.855286711467995,-0.2882695854069417,0.7300995408501265,0.7587626541519121
C1_seed2,final,TSP,3,243,388,499,1.4887168407440186,0.41975308641975306,0.6378600823045267,0.7942386831275721,10.015303145561418,-0.3157116106613067,0.5791578556713528,0.5987308583895843
C1_seed2,final,CVRP,0,247,51,162,2.002504348754883,0.22267206477732793,0.42105263157894735,0.6072874493927125,12.485402692183762,-0.056920061094556385,0.9561601281065313,1.116288508173177
C1_seed2,final,CVRP,1,260,163,278,1.1441857814788818,0.5461538461538461,0.7923076923076923,0.9038461538461539,17.604121070643536,-0.47355768000243437,0.43702313298152884,0.5872322865640631
C1_seed2,final,CVRP,2,239,279,390,1.08174467086792,0.5648535564853556,0.7824267782426778,0.895397489539749,20.087396669586784,-0.6086203256006506,0.3915349563340609,0.5108212509571766
C1_seed2,final,CVRP,3,254,391,500,1.1199307441711426,0.5551181102362205,0.7755905511811023,0.9133858267716536,22.606687902463918,-0.6479429371521905,0.4573770395092991,0.5074049545175873
C1_seed2,final,ATSP,0,273,20,40,0.4798770248889923,0.8498168498168498,0.9816849816849816,0.9963369963369964,1.6092492769926021,0.0,0.25415705955242895,0.24594031625471116
C1_seed2,final,ATSP,1,247,41,60,0.634920597076416,0.7894736842105263,0.9676113360323887,0.9959514170040485,1.6574111800444753,-0.021828866746320674,0.2400270625677825,0.25455612912814046
C1_seed2,final,ATSP,2,240,61,80,0.6848586201667786,0.7583333333333333,0.9375,0.9875,1.6415700321396192,-0.19289239248719836,0.49098385127319677,0.4706058811799815
C1_seed2,final,ATSP,3,240,81,100,0.580318033695221,0.7375,0.9875,1.0,1.6336199924349786,-0.7718439859285331,0.2938882458563219,0.29299486408205794
C1_seed2,final,OVRP,0,260,51,63,1.2029398679733276,0.40384615384615385,0.7384615384615385,0.9538461538461539,6.255133063976459,-0.004688124726970333,0.6303677954377251,0.6196585276122429
C1_seed2,final,OVRP,1,260,64,76,1.5423778295516968,0.3076923076923077,0.6269230769230769,0.7961538461538461,7.150231014765226,0.01849515243030897,0.8549531499496776,0.8611291646959156
C1_seed2,final,OVRP,2,252,77,89,1.5618022680282593,0.39285714285714285,0.5952380952380952,0.7976190476190477,7.984112396126616,0.06282778333657202,0.6105325951620388,0.6244938327674806
C1_seed2,final,OVRP,3,228,90,101,1.5386040210723877,0.36403508771929827,0.6447368421052632,0.8114035087719298,8.576294478617216,-0.02423701577255466,0.5746796879789295,0.5898445023658312
C1_seed2,final,VRPB,0,260,51,63,0.8564208745956421,0.5692307692307692,0.9461538461538461,0.9961538461538462,8.053803034931539,0.021372838390032456,0.8845124864374165,0.8985114163055871
C1_seed2,final,VRPB,1,260,64,76,0.8246822953224182,0.5538461538461539,0.9307692307692308,1.0,8.941801667215385,-0.034565907813899344,0.6642407142114948,0.68699341645113
C1_seed2,final,VRPB,2,252,77,89,0.9853509068489075,0.5158730158730159,0.8888888888888888,0.9880952380952381,9.956221697824603,0.030922173116199048,0.8031794866270481,0.7554945353248288
C1_seed2,final,VRPB,3,228,90,101,0.9046303033828735,0.5745614035087719,0.9035087719298246,0.9956140350877193,10.562320044164473,-0.19286628129958627,0.5886105451493595,0.6011471734446583
C1_seed2,final,VRPL,0,260,51,63,1.409076452255249,0.3923076923076923,0.7192307692307692,0.8576923076923076,10.45710939994237,-0.002063572527422064,0.33235840035501507,0.3235452572874577
C1_seed2,final,VRPL,1,260,64,76,1.6818369626998901,0.25769230769230766,0.5076923076923077,0.6692307692307692,11.894713117525393,-0.1265201429922369,0.5816896972890895,0.5919187744267869
C1_seed2,final,VRPL,2,252,77,89,1.6806888580322266,0.3134920634920635,0.5436507936507936,0.6785714285714286,13.136804576903803,0.04075717353007047,0.49749689767777383,0.5107043579448864
C1_seed2,final,VRPL,3,228,90,101,1.6506221294403076,0.3201754385964912,0.5877192982456141,0.7368421052631579,14.385688752458769,0.00715585262045515,0.44640790479921755,0.45268638279178647
C1_seed2,final,VRPTW,0,260,51,63,1.305128812789917,0.4461538461538462,0.7076923076923077,0.8807692307692307,14.359883983320445,-1.2727458811035208,1.6972301910021192,1.8251444515254522
C1_seed2,final,VRPTW,1,260,64,76,1.2990238666534424,0.41923076923076924,0.7307692307692307,0.926923076923077,16.716445601905804,-2.0648213556323847,1.6022426717044569,1.579572443345405
C1_seed2,final,VRPTW,2,252,77,89,1.1041030883789062,0.4603174603174603,0.7896825396825397,0.9682539682539683,19.483721782289077,-2.7766163114583575,1.2746504795728475,1.277594327502603
C1_seed2,final,VRPTW,3,228,90,101,1.0027519464492798,0.5307017543859649,0.8201754385964912,0.9649122807017544,21.51584125820116,-3.7301220056672912,0.8730564920772066,0.9073120656644014
C1_seed2,final,OVRPTW,0,260,51,63,0.8033772706985474,0.5538461538461539,0.9653846153846154,1.0,8.38297381217769,-0.24195382363875195,0.7840119006127688,0.7879449166388658
C1_seed2,final,OVRPTW,1,260,64,76,0.835473358631134,0.46923076923076923,0.9423076923076923,1.0,9.390483003398076,0.06342499432245852,0.9504053588195172,0.975492222190957
C1_seed2,final,OVRPTW,2,252,77,89,0.932221531867981,0.5238095238095238,0.9206349206349206,1.0,10.573201845561904,-0.053661814759520254,0.6886679356785219,0.7088298160647184
C1_seed2,final,OVRPTW,3,228,90,101,0.9403666257858276,0.5175438596491229,0.8991228070175439,1.0,12.082110819061404,0.033866001571669635,0.8635542654929163,0.8845938053922203
C1_seed2,final,OVRPB,0,260,51,63,0.7787911295890808,0.5807692307692308,0.9769230769230769,0.9923076923076923,5.544613120188846,0.1613060031919078,1.0825229527059665,1.0560172305629048
C1_seed2,final,OVRPB,1,260,64,76,0.8198956251144409,0.5615384615384615,0.9615384615384616,0.9807692307692307,6.043000001171539,-0.10417923171675003,0.9237046039514807,0.9533002781276165
C1_seed2,final,OVRPB,2,252,77,89,0.7668826580047607,0.5873015873015873,0.9722222222222222,0.9841269841269841,6.669681753432937,-0.1304981001822192,0.8579162785033345,0.8652930513698889
C1_seed2,final,OVRPB,3,228,90,101,0.8029974699020386,0.5570175438596491,0.9605263157894737,0.9868421052631579,7.129643485207894,-0.08417737114867485,0.8872141652623178,0.887824246840124
C1_seed2,final,OVRPL,0,260,51,63,1.1333858966827393,0.45,0.7884615384615384,0.9653846153846154,6.329812766955557,-0.04852232517669197,0.6479430352423377,0.644163600631845
C1_seed2,final,OVRPL,1,260,64,76,1.441529393196106,0.39615384615384613,0.6615384615384615,0.8461538461538461,7.278486132621623,-0.057621988432343674,0.8748776309326578,0.86283916905459
C1_seed2,final,OVRPL,2,252,77,89,1.540549635887146,0.40476190476190477,0.6190476190476191,0.7777777777777778,7.763897774711488,-0.10487540172667842,0.6451437391453929,0.6617815235909376
C1_seed2,final,OVRPL,3,228,90,101,1.4681041240692139,0.38596491228070173,0.6929824561403509,0.8464912280701754,8.49111713442886,-0.0019135191513197647,0.5986228657638204,0.6274137842930105
C1_seed2,final,VRPBL,0,260,51,63,0.8388856053352356,0.5576923076923077,0.9423076923076923,0.9884615384615385,8.090660638073077,-0.030514703117856534,0.8196162838166599,0.8325388083268362
C1_seed2,final,VRPBL,1,260,64,76,0.9839937686920166,0.5115384615384615,0.9153846153846154,0.9730769230769231,8.931511537845,-0.017512814477638194,0.864356944862843,0.849706138372052
C1_seed2,final,VRPBL,2,252,77,89,0.9126188158988953,0.5476190476190477,0.9007936507936508,0.996031746031746,9.901525296860715,-0.07785532740360868,0.7919017755112945,0.7982781503723289
C1_seed2,final,VRPBL,3,228,90,101,0.8921992778778076,0.5175438596491229,0.8991228070175439,0.9956140350877193,10.687033841483334,0.05409443966146732,0.6776759096702945,0.6929996862973836
C1_seed2,final,VRPBTW,0,260,51,63,1.2136921882629395,0.4423076923076923,0.7769230769230769,0.9038461538461539,15.572770507516335,-3.749303799556203,1.8448925110586156,1.8726839861180264
C1_seed2,final,VRPBTW,1,260,64,76,1.246872067451477,0.38461538461538464,0.7807692307692308,0.9153846153846154,17.884757647149343,-3.1067432055823407,1.8291334935948367,1.787554579145962
C1_seed2,final,VRPBTW,2,252,77,89,1.010138988494873,0.5158730158730159,0.8690476190476191,0.9603174603174603,20.574229898907035,-4.425160409760309,1.153989155791657,1.2291166300850942
C1_seed2,final,VRPBTW,3,228,90,101,1.1183148622512817,0.40350877192982454,0.7894736842105263,0.9298245614035088,22.57693085335872,-1.749618905576067,1.394519609637257,1.4144237368981085
C1_seed2,final,VRPLTW,0,260,51,63,1.2308390140533447,0.4230769230769231,0.7923076923076923,0.9153846153846154,14.40625091516225,-1.3886778264410315,1.5130856760729783,1.5937393838544442
C1_seed2,final,VRPLTW,1,260,64,76,1.1916542053222656,0.4423076923076923,0.75,0.9346153846153846,16.709048599464097,-1.7748588004865007,1.3563172414219782,1.397151366714689
C1_seed2,final,VRPLTW,2,252,77,89,0.9947289824485779,0.49603174603174605,0.8650793650793651,0.9682539682539683,18.474120541223325,-4.888948164252738,0.8903902650680973,0.9169438111565023
C1_seed2,final,VRPLTW,3,228,90,101,1.048052430152893,0.4692982456140351,0.8289473684210527,0.956140350877193,21.385215136042312,-4.948640497128243,0.9693595028389179,1.030186357279637
C1_seed2,final,OVRPBL,0,260,51,63,0.8323310017585754,0.573076923076923,0.9730769230769231,0.9884615384615385,5.493370041478462,-0.22378638783343563,1.1206551883927052,1.158646534708428
C1_seed2,final,OVRPBL,1,260,64,76,0.8223137855529785,0.6115384615384616,0.9538461538461539,0.9884615384615385,6.104037207823077,-0.13425154448437615,0.9230294554600338,0.8986104979830534
C1_seed2,final,OVRPBL,2,252,77,89,0.8456317782402039,0.5396825396825397,0.9523809523809523,0.9841269841269841,6.649573657249206,0.0193070526568917,0.9072079665136012,0.9224435280071707
C1_seed2,final,OVRPBL,3,228,90,101,0.8886734247207642,0.6140350877192983,0.9385964912280702,0.9692982456140351,7.067936626443421,-0.1696314409273869,0.6981815623952725,0.6853916251881013
C1_seed2,final,OVRPBTW,0,260,51,63,0.8299402594566345,0.5230769230769231,0.9615384615384616,0.9961538461538462,8.573255667318461,-0.23271382341589764,1.1244306617716138,1.174379986088226
C1_seed2,final,OVRPBTW,1,260,64,76,0.9037479758262634,0.55,0.9192307692307692,0.9923076923076923,9.932439391430002,-0.20169256046769224,0.9586868804329463,1.0039932768343394
C1_seed2,final,OVRPBTW,2,252,77,89,0.9220452904701233,0.46825396825396826,0.8888888888888888,1.0,11.339962732223412,0.09548477857936888,1.214114651670406,1.1999958577395016
C1_seed2,final,OVRPBTW,3,228,90,101,0.9301590323448181,0.4342105263157895,0.8771929824561403,1.0,12.410316099201316,-0.013460943006549098,1.263737038893975,1.3245266707124486
C1_seed2,final,OVRPLTW,0,260,51,63,0.804006040096283,0.5346153846153846,0.9653846153846154,1.0,8.572852415306537,-0.010197766259578689,0.9218334324413657,0.9356509521148104
C1_seed2,final,OVRPLTW,1,260,64,76,0.9030219912528992,0.49230769230769234,0.9192307692307692,0.9961538461538462,9.49042581778346,-0.06012159811171758,0.825635801829816,0.8356181980229147
C1_seed2,final,OVRPLTW,2,252,77,89,0.8654521703720093,0.5158730158730159,0.9166666666666666,1.0,10.785502851957936,-0.020474189191188596,0.8110482680028008,0.8068335757307725
C1_seed2,final,OVRPLTW,3,228,90,101,0.9402684569358826,0.5043859649122807,0.9035087719298246,1.0,11.88039252632851,-0.06672171528014914,0.776130410422482,0.7913856200329193
C1_seed2,final,VRPBLTW,0,260,51,63,1.312023639678955,0.39615384615384613,0.7461538461538462,0.9,15.537564064903865,-2.556157740338749,2.493646415803008,2.4766611408774803
C1_seed2,final,VRPBLTW,1,260,64,76,1.2143698930740356,0.3769230769230769,0.7769230769230769,0.9153846153846154,17.71440301308661,-2.389733337936184,1.697523743765239,1.681226903620654
C1_seed2,final,VRPBLTW,2,252,77,89,1.0673426389694214,0.48412698412698413,0.8015873015873016,0.9682539682539683,20.268402830004604,-3.607630304104348,1.1925663747564652,1.2138575853679014
C1_seed2,final,VRPBLTW,3,228,90,101,1.088422179222107,0.42543859649122806,0.8114035087719298,0.9824561403508771,22.81986165465092,-2.8713087112551605,1.3476683641691078,1.452518709406299
C1_seed2,final,OVRPBLTW,0,260,51,63,0.8187342286109924,0.5346153846153846,0.9653846153846154,1.0,8.707738289465,-0.12647582749258923,1.2086272508624152,1.2344568424492937
C1_seed2,final,OVRPBLTW,1,260,64,76,0.8938679099082947,0.47307692307692306,0.9192307692307692,0.9961538461538462,10.015221997408462,-0.08873244131218927,1.1753138086437964,1.179898059858292
C1_seed2,final,OVRPBLTW,2,252,77,89,0.9065377116203308,0.503968253968254,0.8968253968253969,1.0,11.315738252230952,-0.06207019506662137,1.1760666717498092,1.1656608782905427
C1_seed2,final,OVRPBLTW,3,228,90,101,0.889610230922699,0.5219298245614035,0.8947368421052632,1.0,12.32874824917193,-0.13262545304517648,1.0360252472073395,1.0028700829234158
C2_seed2,step0,TSP,0,266,50,161,1.8986458778381348,0.3157894736842105,0.5451127819548872,0.6766917293233082,5.652263197583041,0.0023872666020663402,0.33766935812911125,0.3222241627503251
C2_seed2,step0,TSP,1,241,162,275,1.6011625528335571,0.4066390041493776,0.6348547717842323,0.7800829875518672,7.325841663056836,-0.5587506640090778,0.6826927802004334,0.7276808593434272
C2_seed2,step0,TSP,2,250,276,386,1.5172162055969238,0.368,0.624,0.796,8.855386847513731,-0.2871420399391811,0.7312386020892792,0.7578939095975064
C2_seed2,step0,TSP,3,243,388,499,1.4903489351272583,0.411522633744856,0.6419753086419753,0.7901234567901234,10.017096235625676,-0.29786463144603204,0.5971650478652668,0.617288664910763
C2_seed2,step0,CVRP,0,247,51,162,2.0035152435302734,0.22672064777327935,0.42105263157894735,0.6032388663967612,12.485641381035059,-0.05500940594518333,0.9580901507487027,1.1154709064553017
C2_seed2,step0,CVRP,1,260,163,278,1.1473382711410522,0.5538461538461539,0.7923076923076923,0.9038461538461539,17.59905506831136,-0.5021987684659446,0.4081200033457577,0.5458794129838778
C2_seed2,step0,CVRP,2,239,279,390,1.0852473974227905,0.5774058577405857,0.7824267782426778,0.895397489539749,20.087647158729407,-0.6073809185292212,0.39278683530730163,0.49332245159453697
C2_seed2,step0,CVRP,3,254,391,500,1.1217412948608398,0.5708661417322834,0.7795275590551181,0.9173228346456693,22.60513688260025,-0.654759371946434,0.4504847699334791,0.5102625440849226
C2_seed2,step0,ATSP,0,273,20,40,0.47892576456069946,0.8498168498168498,0.9816849816849816,0.9926739926739927,1.6092492769926021,0.0,0.25415705955242895,0.24594031625471116
C2_seed2,step0,ATSP,1,247,41,60,0.6309808492660522,0.7894736842105263,0.9635627530364372,0.9959514170040485,1.6574111800444753,-0.021828866746320674,0.2400270625677825,0.25455612912814046
C2_seed2,step0,ATSP,2,240,61,80,0.6830574870109558,0.7583333333333333,0.9375,0.9875,1.6414716069897015,-0.19887662059613342,0.48495861935662354,0.4648431887166089
C2_seed2,step0,ATSP,3,240,81,100,0.5801950693130493,0.7333333333333333,0.9875,1.0,1.6338644807537397,-0.7569934545013979,0.30889827525899527,0.30782109269385916
C2_seed2,step0,OVRP,0,260,51,63,1.2044246196746826,0.4076923076923077,0.7346153846153847,0.9538461538461539,6.25580365474389,0.0060320201914931815,0.6411560224629076,0.6315558704039518
C2_seed2,step0,OVRP,1,260,64,76,1.544203758239746,0.3038461538461538,0.6153846153846154,0.7961538461538461,7.150060508801387,0.016110089642484837,0.8525481408025115,0.859885770403068
C2_seed2,step0,OVRP,2,252,77,89,1.5621250867843628,0.3888888888888889,0.6031746031746031,0.8015873015873016,7.984408021919226,0.0665327853839548,0.6142578769426255,0.6288889507510054
C2_seed2,step0,OVRP,3,228,90,101,1.5369974374771118,0.35526315789473684,0.6403508771929824,0.8114035087719298,8.577125342268692,-0.014551454286848564,0.5844232719731446,0.5997420735920677
C2_seed2,step0,VRPB,0,260,51,63,0.8568511605262756,0.5653846153846154,0.9461538461538461,0.9961538461538462,8.054377018491154,0.028501225236632344,0.8917023880697039,0.907597422288829
C2_seed2,step0,VRPB,1,260,64,76,0.8253947496414185,0.5538461538461539,0.9307692307692308,1.0,8.940618062021153,-0.047798096520235145,0.6509160261210178,0.6701253144958812
C2_seed2,step0,VRPB,2,252,77,89,0.9851115942001343,0.5198412698412699,0.8888888888888888,0.9880952380952381,9.954620376467856,0.014833574763084556,0.7869666813040022,0.7363914941052615
C2_seed2,step0,VRPB,3,228,90,101,0.9057433605194092,0.5657894736842105,0.9035087719298246,0.9956140350877193,10.562957416499122,-0.1868435225148679,0.5946804613490508,0.6068423188514823
C2_seed2,step0,VRPL,0,260,51,63,1.4100887775421143,0.38846153846153847,0.7192307692307692,0.8538461538461538,10.457605673716737,0.0026821321832848355,0.33711997607255295,0.32802096755771154
C2_seed2,step0,VRPL,1,260,64,76,1.6858012676239014,0.25384615384615383,0.5115384615384615,0.6730769230769231,11.894460045373041,-0.12864505313177066,0.5795497192629506,0.5904659827288725
C2_seed2,step0,VRPL,2,252,77,89,1.6777790784835815,0.30952380952380953,0.5277777777777778,0.6706349206349206,13.137263574297009,0.04425257810034555,0.5010082606450528,0.51263676894486
C2_seed2,step0,VRPL,3,228,90,101,1.655255913734436,0.3201754385964912,0.5877192982456141,0.7280701754385965,14.385115799150766,0.0031727669471903752,0.4424073245922866,0.4477216601303238
C2_seed2,step0,VRPTW,0,260,51,63,1.304230809211731,0.4461538461538462,0.7115384615384616,0.8846153846153846,14.361960466092855,-1.2584696207532775,1.7119359188992656,1.829623473522505
C2_seed2,step0,VRPTW,1,260,64,76,1.3161442279815674,0.4153846153846154,0.7230769230769231,0.9192307692307692,16.719493658727476,-2.046963971565363,1.6207687038675145,1.620566679351479
C2_seed2,step0,VRPTW,2,252,77,89,1.0974029302597046,0.46825396825396826,0.7857142857142857,0.9682539682539683,19.45195986732472,-2.935107634613532,1.1095548745072348,1.1106168543551969
C2_seed2,step0,VRPTW,3,228,90,101,1.0066837072372437,0.5263157894736842,0.8289473684210527,0.9605263157894737,21.519671657630987,-3.7129833736540774,0.8910146138831676,0.9279317880234682
C2_seed2,step0,OVRPTW,0,260,51,63,0.803102433681488,0.5538461538461539,0.9653846153846154,1.0,8.38297381217769,-0.24195382363875195,0.7840119006127688,0.7879449166388658
C2_seed2,step0,OVRPTW,1,260,64,76,0.8319137096405029,0.47692307692307695,0.9423076923076923,1.0,9.388327297799616,0.04045415401709995,0.9272309008155899,0.9512471313422135
C2_seed2,step0,OVRPTW,2,252,77,89,0.9294341802597046,0.5317460317460317,0.9206349206349206,1.0,10.570290187048808,-0.08118513368224889,0.6609401932737846,0.6903168746493848
C2_seed2,step0,OVRPTW,3,228,90,101,0.9369975924491882,0.5219298245614035,0.8991228070175439,1.0,12.082217586665351,0.034749984209025975,0.8644455799474704,0.8862095262448775
C2_seed2,step0,OVRPB,0,260,51,63,0.779012143611908,0.5923076923076923,0.9769230769230769,0.9923076923076923,5.543203466671539,0.13584115393283636,1.056823894732073,1.0341691256482157
C2_seed2,step0,OVRPB,1,260,64,76,0.8223534226417542,0.5692307692307692,0.9615384615384616,0.9807692307692307,6.0414368207619225,-0.13001990522282236,0.8975980413381768,0.923887612733871
C2_seed2,step0,OVRPB,2,252,77,89,0.7671940922737122,0.5912698412698413,0.9722222222222222,0.9841269841269841,6.66828852040635,-0.15135988842631676,0.836848019904668,0.8452479998994351
C2_seed2,step0,OVRPB,3,228,90,101,0.8055323362350464,0.5526315789473685,0.9605263157894737,0.9868421052631579,7.131481228164034,-0.05842298390279499,0.9132189392150991,0.9168828679172166
C2_seed2,step0,OVRPL,0,260,51,63,1.1350128650665283,0.43846153846153846,0.7884615384615384,0.9653846153846154,6.326871512486385,-0.09496646835043254,0.6011752676693627,0.6033513470243784
C2_seed2,step0,OVRPL,1,260,64,76,1.446618676185608,0.4,0.65,0.8461538461538461,7.277826609978168,-0.06667802840252257,0.86573709473583,0.8565253278919163
C2_seed2,step0,OVRPL,2,252,77,89,1.5394911766052246,0.40476190476190477,0.6309523809523809,0.7817460317460317,7.765410088357472,-0.0854170362920792,0.6647481992626325,0.6865125078308147
C2_seed2,step0,OVRPL,3,228,90,101,1.4646657705307007,0.37719298245614036,0.6842105263157895,0.8464912280701754,8.491768885077091,0.005762010069854107,0.6063444902127513,0.6353755446667971
C2_seed2,step0,VRPBL,0,260,51,63,0.8393855690956116,0.5653846153846154,0.9461538461538461,0.9884615384615385,8.088430701766539,-0.05806814958926321,0.7918285254592705,0.803627919635358
C2_seed2,step0,VRPBL,1,260,64,76,0.9797278046607971,0.5192307692307693,0.9153846153846154,0.9730769230769231,8.930021938910384,-0.03418790981403186,0.8475347711457637,0.8360945228000671
C2_seed2,step0,VRPBL,2,252,77,89,0.9131629467010498,0.5515873015873016,0.9007936507936508,0.996031746031746,9.898743563226589,-0.10592744581934266,0.763585307612602,0.7573160207203299
C2_seed2,step0,VRPBL,3,228,90,101,0.8913133144378662,0.5307017543859649,0.8991228070175439,0.9956140350877193,10.685659107407458,0.04122391121574864,0.6647251663858711,0.6800782907538174
C2_seed2,step0,VRPBTW,0,260,51,63,1.215205192565918,0.4307692307692308,0.7730769230769231,0.9,15.580799983095437,-3.699675981934414,1.8974047520165849,1.8992225317553706
C2_seed2,step0,VRPBTW,1,260,64,76,1.2545676231384277,0.3769230769230769,0.7923076923076923,0.9115384615384615,17.897074578359945,-3.0400144524030503,1.8992615018810444,1.836859316501821
C2_seed2,step0,VRPBTW,2,252,77,89,1.0096012353897095,0.5158730158730159,0.8690476190476191,0.9682539682539683,20.570440901650425,-4.442761690915797,1.1353604056858257,1.2034701679227475
C2_seed2,step0,VRPBTW,3,228,90,101,1.117732048034668,0.39473684210526316,0.7894736842105263,0.9298245614035088,22.585028188270442,-1.7143808900064061,1.4308852870105415,1.429999574613537
C2_seed2,step0,VRPLTW,0,260,51,63,1.2278746366500854,0.4230769230769231,0.8,0.9076923076923077,14.399019965760104,-1.4381739434609853,1.462133072893823,1.5419126779900933
C2_seed2,step0,VRPLTW,1,260,64,76,1.2171076536178589,0.45,0.7307692307692307,0.9192307692307692,16.714674045489872,-1.7417892796874779,1.3904409372517579,1.430991540745419
C2_seed2,step0,VRPLTW,2,252,77,89,0.9893460869789124,0.5,0.8650793650793651,0.9682539682539683,18.474303820775674,-4.888004578821159,0.891391186628776,0.9123404991857843
C2_seed2,step0,VRPLTW,3,228,90,101,1.0534785985946655,0.4517543859649123,0.8289473684210527,0.956140350877193,21.390933133007874,-4.923225583986035,0.9963567758417557,1.0509253944293162
C2_seed2,step0,OVRPBL,0,260,51,63,0.830163300037384,0.573076923076923,0.9730769230769231,0.9884615384615385,5.493275719420384,-0.22549956166735274,1.1189189302780012,1.1574834369289098
C2_seed2,step0,OVRPBL,1,260,64,76,0.8229398131370544,0.6076923076923076,0.9538461538461539,0.9884615384615385,6.1033572453711535,-0.14537614233184337,0.9117870812366036,0.8900336049628267
C2_seed2,step0,OVRPBL,2,252,77,89,0.8452845215797424,0.5396825396825397,0.9523809523809523,0.9841269841269841,6.649931580302382,0.024690738529398182,0.9126394449548325,0.9267660677970304
C2_seed2,step0,OVRPBL,3,228,90,101,0.8884508013725281,0.618421052631579,0.9385964912280702,0.9692982456140351,7.068872661967543,-0.15641050017817237,0.711517431141484,0.6972779433484211
C2_seed2,step0,OVRPBTW,0,260,51,63,0.8311396241188049,0.5307692307692308,0.9615384615384616,0.9961538461538462,8.566551298361155,-0.3107328073763016,1.045350377680876,1.0812390487385204
C2_seed2,step0,OVRPBTW,1,260,64,76,0.9020734429359436,0.5461538461538461,0.9192307692307692,0.9923076923076923,9.933073916802309,-0.19531703118550459,0.9651365395605627,1.0092061997931903
C2_seed2,step0,OVRPBTW,2,252,77,89,0.9222143292427063,0.47619047619047616,0.8888888888888888,1.0,11.337687452633732,0.07540136041357393,1.1938067887000914,1.2158951650251386
C2_seed2,step0,OVRPBTW,3,228,90,101,0.9303719997406006,0.42543859649122806,0.8771929824561403,1.0,12.413179937164035,0.009612219999399763,1.2871049315456018,1.3469888493919542
C2_seed2,step0,OVRPLTW,0,260,51,63,0.8044688701629639,0.5269230769230769,0.9653846153846154,1.0,8.573795335111154,0.0008000160675258883,0.9329337279849748,0.9547935168294561
C2_seed2,step0,OVRPLTW,1,260,64,76,0.9024477601051331,0.48846153846153845,0.9192307692307692,0.9961538461538462,9.492120475035769,-0.0422758403996526,0.8436397247528538,0.8519927143647692
C2_seed2,step0,OVRPLTW,2,252,77,89,0.8651167154312134,0.5158730158730159,0.9166666666666666,1.0,10.783153783709524,-0.04224959760720237,0.7890917550959831,0.7795956984805461
C2_seed2,step0,OVRPLTW,3,228,90,101,0.9394436478614807,0.5043859649122807,0.9035087719298246,1.0,11.879792999806142,-0.07176470107932431,0.7710448913313739,0.789393132114745
C2_seed2,step0,VRPBLTW,0,260,51,63,1.3154160976409912,0.4076923076923077,0.75,0.9,15.526964873532156,-2.622630575320506,2.4237287782500783,2.4103852957325165
C2_seed2,step0,VRPBLTW,1,260,64,76,1.2316341400146484,0.3730769230769231,0.7846153846153846,0.9115384615384615,17.715803047330457,-2.3820188405423326,1.7055612720776825,1.6891576389579095
C2_seed2,step0,VRPBLTW,2,252,77,89,1.0679714679718018,0.4801587301587302,0.7976190476190477,0.9682539682539683,20.26392271026917,-3.6289368353313867,1.1701988099563687,1.1905614393422077
C2_seed2,step0,VRPBLTW,3,228,90,101,1.0855755805969238,0.4298245614035088,0.8114035087719298,0.9824561403508771,22.81778988085378,-2.8801268487446796,1.3384671934128622,1.4341565263883354
C2_seed2,step0,OVRPBLTW,0,260,51,63,0.8184037208557129,0.5346153846153846,0.9653846153846154,1.0,8.708763199584617,-0.11472060676782636,1.2205396146489411,1.2529174890449934
C2_seed2,step0,OVRPBLTW,1,260,64,76,0.8947243094444275,0.48846153846153845,0.9192307692307692,0.9961538461538462,10.011387619606154,-0.12698396949865076,1.1365783340322677,1.1276705985122186
C2_seed2,step0,OVRPBLTW,2,252,77,89,0.9080300331115723,0.4880952380952381,0.8968253968253969,1.0,11.319809847408333,-0.026110827329306474,1.212471542200566,1.19685559021381
C2_seed2,step0,OVRPBLTW,3,228,90,101,0.8912773728370667,0.5219298245614035,0.8947368421052632,1.0,12.33212792036886,-0.1052488790047379,1.063722182652782,1.0363282672384408
C2_seed2,best,TSP,0,266,50,161,1.8986458778381348,0.3157894736842105,0.5451127819548872,0.6766917293233082,5.652263197583041,0.0023872666020663402,0.33766935812911125,0.3222241627503251
C2_seed2,best,TSP,1,241,162,275,1.6011625528335571,0.4066390041493776,0.6348547717842323,0.7800829875518672,7.325841663056836,-0.5587506640090778,0.6826927802004334,0.7276808593434272
C2_seed2,best,TSP,2,250,276,386,1.5172162055969238,0.368,0.624,0.796,8.855386847513731,-0.2871420399391811,0.7312386020892792,0.7578939095975064
C2_seed2,best,TSP,3,243,388,499,1.4903489351272583,0.411522633744856,0.6419753086419753,0.7901234567901234,10.017096235625676,-0.29786463144603204,0.5971650478652668,0.617288664910763
C2_seed2,best,CVRP,0,247,51,162,2.0035152435302734,0.22672064777327935,0.42105263157894735,0.6032388663967612,12.485641381035059,-0.05500940594518333,0.9580901507487027,1.1154709064553017
C2_seed2,best,CVRP,1,260,163,278,1.1473382711410522,0.5538461538461539,0.7923076923076923,0.9038461538461539,17.59905506831136,-0.5021987684659446,0.4081200033457577,0.5458794129838778
C2_seed2,best,CVRP,2,239,279,390,1.0852473974227905,0.5774058577405857,0.7824267782426778,0.895397489539749,20.087647158729407,-0.6073809185292212,0.39278683530730163,0.49332245159453697
C2_seed2,best,CVRP,3,254,391,500,1.1217412948608398,0.5708661417322834,0.7795275590551181,0.9173228346456693,22.60513688260025,-0.654759371946434,0.4504847699334791,0.5102625440849226
C2_seed2,best,ATSP,0,273,20,40,0.47892576456069946,0.8498168498168498,0.9816849816849816,0.9926739926739927,1.6092492769926021,0.0,0.25415705955242895,0.24594031625471116
C2_seed2,best,ATSP,1,247,41,60,0.6309808492660522,0.7894736842105263,0.9635627530364372,0.9959514170040485,1.6574111800444753,-0.021828866746320674,0.2400270625677825,0.25455612912814046
C2_seed2,best,ATSP,2,240,61,80,0.6830574870109558,0.7583333333333333,0.9375,0.9875,1.6414716069897015,-0.19887662059613342,0.48495861935662354,0.4648431887166089
C2_seed2,best,ATSP,3,240,81,100,0.5801950693130493,0.7333333333333333,0.9875,1.0,1.6338644807537397,-0.7569934545013979,0.30889827525899527,0.30782109269385916
C2_seed2,best,OVRP,0,260,51,63,1.2044246196746826,0.4076923076923077,0.7346153846153847,0.9538461538461539,6.25580365474389,0.0060320201914931815,0.6411560224629076,0.6315558704039518
C2_seed2,best,OVRP,1,260,64,76,1.544203758239746,0.3038461538461538,0.6153846153846154,0.7961538461538461,7.150060508801387,0.016110089642484837,0.8525481408025115,0.859885770403068
C2_seed2,best,OVRP,2,252,77,89,1.5621250867843628,0.3888888888888889,0.6031746031746031,0.8015873015873016,7.984408021919226,0.0665327853839548,0.6142578769426255,0.6288889507510054
C2_seed2,best,OVRP,3,228,90,101,1.5369974374771118,0.35526315789473684,0.6403508771929824,0.8114035087719298,8.577125342268692,-0.014551454286848564,0.5844232719731446,0.5997420735920677
C2_seed2,best,VRPB,0,260,51,63,0.8568511605262756,0.5653846153846154,0.9461538461538461,0.9961538461538462,8.054377018491154,0.028501225236632344,0.8917023880697039,0.907597422288829
C2_seed2,best,VRPB,1,260,64,76,0.8253947496414185,0.5538461538461539,0.9307692307692308,1.0,8.940618062021153,-0.047798096520235145,0.6509160261210178,0.6701253144958812
C2_seed2,best,VRPB,2,252,77,89,0.9851115942001343,0.5198412698412699,0.8888888888888888,0.9880952380952381,9.954620376467856,0.014833574763084556,0.7869666813040022,0.7363914941052615
C2_seed2,best,VRPB,3,228,90,101,0.9057433605194092,0.5657894736842105,0.9035087719298246,0.9956140350877193,10.562957416499122,-0.1868435225148679,0.5946804613490508,0.6068423188514823
C2_seed2,best,VRPL,0,260,51,63,1.4100887775421143,0.38846153846153847,0.7192307692307692,0.8538461538461538,10.457605673716737,0.0026821321832848355,0.33711997607255295,0.32802096755771154
C2_seed2,best,VRPL,1,260,64,76,1.6858012676239014,0.25384615384615383,0.5115384615384615,0.6730769230769231,11.894460045373041,-0.12864505313177066,0.5795497192629506,0.5904659827288725
C2_seed2,best,VRPL,2,252,77,89,1.6777790784835815,0.30952380952380953,0.5277777777777778,0.6706349206349206,13.137263574297009,0.04425257810034555,0.5010082606450528,0.51263676894486
C2_seed2,best,VRPL,3,228,90,101,1.655255913734436,0.3201754385964912,0.5877192982456141,0.7280701754385965,14.385115799150766,0.0031727669471903752,0.4424073245922866,0.4477216601303238
C2_seed2,best,VRPTW,0,260,51,63,1.304230809211731,0.4461538461538462,0.7115384615384616,0.8846153846153846,14.361960466092855,-1.2584696207532775,1.7119359188992656,1.829623473522505
C2_seed2,best,VRPTW,1,260,64,76,1.3161442279815674,0.4153846153846154,0.7230769230769231,0.9192307692307692,16.719493658727476,-2.046963971565363,1.6207687038675145,1.620566679351479
C2_seed2,best,VRPTW,2,252,77,89,1.0974029302597046,0.46825396825396826,0.7857142857142857,0.9682539682539683,19.45195986732472,-2.935107634613532,1.1095548745072348,1.1106168543551969
C2_seed2,best,VRPTW,3,228,90,101,1.0066837072372437,0.5263157894736842,0.8289473684210527,0.9605263157894737,21.519671657630987,-3.7129833736540774,0.8910146138831676,0.9279317880234682
C2_seed2,best,OVRPTW,0,260,51,63,0.803102433681488,0.5538461538461539,0.9653846153846154,1.0,8.38297381217769,-0.24195382363875195,0.7840119006127688,0.7879449166388658
C2_seed2,best,OVRPTW,1,260,64,76,0.8319137096405029,0.47692307692307695,0.9423076923076923,1.0,9.388327297799616,0.04045415401709995,0.9272309008155899,0.9512471313422135
C2_seed2,best,OVRPTW,2,252,77,89,0.9294341802597046,0.5317460317460317,0.9206349206349206,1.0,10.570290187048808,-0.08118513368224889,0.6609401932737846,0.6903168746493848
C2_seed2,best,OVRPTW,3,228,90,101,0.9369975924491882,0.5219298245614035,0.8991228070175439,1.0,12.082217586665351,0.034749984209025975,0.8644455799474704,0.8862095262448775
C2_seed2,best,OVRPB,0,260,51,63,0.779012143611908,0.5923076923076923,0.9769230769230769,0.9923076923076923,5.543203466671539,0.13584115393283636,1.056823894732073,1.0341691256482157
C2_seed2,best,OVRPB,1,260,64,76,0.8223534226417542,0.5692307692307692,0.9615384615384616,0.9807692307692307,6.0414368207619225,-0.13001990522282236,0.8975980413381768,0.923887612733871
C2_seed2,best,OVRPB,2,252,77,89,0.7671940922737122,0.5912698412698413,0.9722222222222222,0.9841269841269841,6.66828852040635,-0.15135988842631676,0.836848019904668,0.8452479998994351
C2_seed2,best,OVRPB,3,228,90,101,0.8055323362350464,0.5526315789473685,0.9605263157894737,0.9868421052631579,7.131481228164034,-0.05842298390279499,0.9132189392150991,0.9168828679172166
C2_seed2,best,OVRPL,0,260,51,63,1.1350128650665283,0.43846153846153846,0.7884615384615384,0.9653846153846154,6.326871512486385,-0.09496646835043254,0.6011752676693627,0.6033513470243784
C2_seed2,best,OVRPL,1,260,64,76,1.446618676185608,0.4,0.65,0.8461538461538461,7.277826609978168,-0.06667802840252257,0.86573709473583,0.8565253278919163
C2_seed2,best,OVRPL,2,252,77,89,1.5394911766052246,0.40476190476190477,0.6309523809523809,0.7817460317460317,7.765410088357472,-0.0854170362920792,0.6647481992626325,0.6865125078308147
C2_seed2,best,OVRPL,3,228,90,101,1.4646657705307007,0.37719298245614036,0.6842105263157895,0.8464912280701754,8.491768885077091,0.005762010069854107,0.6063444902127513,0.6353755446667971
C2_seed2,best,VRPBL,0,260,51,63,0.8393855690956116,0.5653846153846154,0.9461538461538461,0.9884615384615385,8.088430701766539,-0.05806814958926321,0.7918285254592705,0.803627919635358
C2_seed2,best,VRPBL,1,260,64,76,0.9797278046607971,0.5192307692307693,0.9153846153846154,0.9730769230769231,8.930021938910384,-0.03418790981403186,0.8475347711457637,0.8360945228000671
C2_seed2,best,VRPBL,2,252,77,89,0.9131629467010498,0.5515873015873016,0.9007936507936508,0.996031746031746,9.898743563226589,-0.10592744581934266,0.763585307612602,0.7573160207203299
C2_seed2,best,VRPBL,3,228,90,101,0.8913133144378662,0.5307017543859649,0.8991228070175439,0.9956140350877193,10.685659107407458,0.04122391121574864,0.6647251663858711,0.6800782907538174
C2_seed2,best,VRPBTW,0,260,51,63,1.215205192565918,0.4307692307692308,0.7730769230769231,0.9,15.580799983095437,-3.699675981934414,1.8974047520165849,1.8992225317553706
C2_seed2,best,VRPBTW,1,260,64,76,1.2545676231384277,0.3769230769230769,0.7923076923076923,0.9115384615384615,17.897074578359945,-3.0400144524030503,1.8992615018810444,1.836859316501821
C2_seed2,best,VRPBTW,2,252,77,89,1.0096012353897095,0.5158730158730159,0.8690476190476191,0.9682539682539683,20.570440901650425,-4.442761690915797,1.1353604056858257,1.2034701679227475
C2_seed2,best,VRPBTW,3,228,90,101,1.117732048034668,0.39473684210526316,0.7894736842105263,0.9298245614035088,22.585028188270442,-1.7143808900064061,1.4308852870105415,1.429999574613537
C2_seed2,best,VRPLTW,0,260,51,63,1.2278746366500854,0.4230769230769231,0.8,0.9076923076923077,14.399019965760104,-1.4381739434609853,1.462133072893823,1.5419126779900933
C2_seed2,best,VRPLTW,1,260,64,76,1.2171076536178589,0.45,0.7307692307692307,0.9192307692307692,16.714674045489872,-1.7417892796874779,1.3904409372517579,1.430991540745419
C2_seed2,best,VRPLTW,2,252,77,89,0.9893460869789124,0.5,0.8650793650793651,0.9682539682539683,18.474303820775674,-4.888004578821159,0.891391186628776,0.9123404991857843
C2_seed2,best,VRPLTW,3,228,90,101,1.0534785985946655,0.4517543859649123,0.8289473684210527,0.956140350877193,21.390933133007874,-4.923225583986035,0.9963567758417557,1.0509253944293162
C2_seed2,best,OVRPBL,0,260,51,63,0.830163300037384,0.573076923076923,0.9730769230769231,0.9884615384615385,5.493275719420384,-0.22549956166735274,1.1189189302780012,1.1574834369289098
C2_seed2,best,OVRPBL,1,260,64,76,0.8229398131370544,0.6076923076923076,0.9538461538461539,0.9884615384615385,6.1033572453711535,-0.14537614233184337,0.9117870812366036,0.8900336049628267
C2_seed2,best,OVRPBL,2,252,77,89,0.8452845215797424,0.5396825396825397,0.9523809523809523,0.9841269841269841,6.649931580302382,0.024690738529398182,0.9126394449548325,0.9267660677970304
C2_seed2,best,OVRPBL,3,228,90,101,0.8884508013725281,0.618421052631579,0.9385964912280702,0.9692982456140351,7.068872661967543,-0.15641050017817237,0.711517431141484,0.6972779433484211
C2_seed2,best,OVRPBTW,0,260,51,63,0.8311396241188049,0.5307692307692308,0.9615384615384616,0.9961538461538462,8.566551298361155,-0.3107328073763016,1.045350377680876,1.0812390487385204
C2_seed2,best,OVRPBTW,1,260,64,76,0.9020734429359436,0.5461538461538461,0.9192307692307692,0.9923076923076923,9.933073916802309,-0.19531703118550459,0.9651365395605627,1.0092061997931903
C2_seed2,best,OVRPBTW,2,252,77,89,0.9222143292427063,0.47619047619047616,0.8888888888888888,1.0,11.337687452633732,0.07540136041357393,1.1938067887000914,1.2158951650251386
C2_seed2,best,OVRPBTW,3,228,90,101,0.9303719997406006,0.42543859649122806,0.8771929824561403,1.0,12.413179937164035,0.009612219999399763,1.2871049315456018,1.3469888493919542
C2_seed2,best,OVRPLTW,0,260,51,63,0.8044688701629639,0.5269230769230769,0.9653846153846154,1.0,8.573795335111154,0.0008000160675258883,0.9329337279849748,0.9547935168294561
C2_seed2,best,OVRPLTW,1,260,64,76,0.9024477601051331,0.48846153846153845,0.9192307692307692,0.9961538461538462,9.492120475035769,-0.0422758403996526,0.8436397247528538,0.8519927143647692
C2_seed2,best,OVRPLTW,2,252,77,89,0.8651167154312134,0.5158730158730159,0.9166666666666666,1.0,10.783153783709524,-0.04224959760720237,0.7890917550959831,0.7795956984805461
C2_seed2,best,OVRPLTW,3,228,90,101,0.9394436478614807,0.5043859649122807,0.9035087719298246,1.0,11.879792999806142,-0.07176470107932431,0.7710448913313739,0.789393132114745
C2_seed2,best,VRPBLTW,0,260,51,63,1.3154160976409912,0.4076923076923077,0.75,0.9,15.526964873532156,-2.622630575320506,2.4237287782500783,2.4103852957325165
C2_seed2,best,VRPBLTW,1,260,64,76,1.2316341400146484,0.3730769230769231,0.7846153846153846,0.9115384615384615,17.715803047330457,-2.3820188405423326,1.7055612720776825,1.6891576389579095
C2_seed2,best,VRPBLTW,2,252,77,89,1.0679714679718018,0.4801587301587302,0.7976190476190477,0.9682539682539683,20.26392271026917,-3.6289368353313867,1.1701988099563687,1.1905614393422077
C2_seed2,best,VRPBLTW,3,228,90,101,1.0855755805969238,0.4298245614035088,0.8114035087719298,0.9824561403508771,22.81778988085378,-2.8801268487446796,1.3384671934128622,1.4341565263883354
C2_seed2,best,OVRPBLTW,0,260,51,63,0.8184037208557129,0.5346153846153846,0.9653846153846154,1.0,8.708763199584617,-0.11472060676782636,1.2205396146489411,1.2529174890449934
C2_seed2,best,OVRPBLTW,1,260,64,76,0.8947243094444275,0.48846153846153845,0.9192307692307692,0.9961538461538462,10.011387619606154,-0.12698396949865076,1.1365783340322677,1.1276705985122186
C2_seed2,best,OVRPBLTW,2,252,77,89,0.9080300331115723,0.4880952380952381,0.8968253968253969,1.0,11.319809847408333,-0.026110827329306474,1.212471542200566,1.19685559021381
C2_seed2,best,OVRPBLTW,3,228,90,101,0.8912773728370667,0.5219298245614035,0.8947368421052632,1.0,12.33212792036886,-0.1052488790047379,1.063722182652782,1.0363282672384408
C2_seed2,final,TSP,0,266,50,161,1.896246075630188,0.3082706766917293,0.5488721804511278,0.6766917293233082,5.6532524608020855,0.019889757211810632,0.3552305300545511,0.3401431664868641
C2_seed2,final,TSP,1,241,162,275,1.5987625122070312,0.4024896265560166,0.6307053941908713,0.7717842323651453,7.326043025097352,-0.5560173681232516,0.6854601990712528,0.7302064113464656
C2_seed2,final,TSP,2,250,276,386,1.5208574533462524,0.372,0.628,0.796,8.855286711467995,-0.2882695854069417,0.7300995408501265,0.7587626541519121
C2_seed2,final,TSP,3,243,388,499,1.488763451576233,0.41975308641975306,0.6419753086419753,0.7942386831275721,10.015303145561418,-0.3157116106613067,0.5791578556713528,0.5987308583895843
C2_seed2,final,CVRP,0,247,51,162,2.0024068355560303,0.22672064777327935,0.42105263157894735,0.6032388663967612,12.484908468809031,-0.060876217533079036,0.9521638698048784,1.1109658887432248
C2_seed2,final,CVRP,1,260,163,278,1.1442490816116333,0.5461538461538461,0.7923076923076923,0.9038461538461539,17.604121070643536,-0.47355768000243437,0.43702313298152884,0.5872322865640631
C2_seed2,final,CVRP,2,239,279,390,1.0818639993667603,0.5648535564853556,0.7824267782426778,0.895397489539749,20.087396669586784,-0.6086203256006506,0.3915349563340609,0.5108212509571766
C2_seed2,final,CVRP,3,254,391,500,1.1198389530181885,0.5551181102362205,0.7755905511811023,0.9133858267716536,22.606687902463918,-0.6479429371521905,0.4573770395092991,0.5074049545175873
C2_seed2,final,ATSP,0,273,20,40,0.479890376329422,0.8498168498168498,0.9816849816849816,0.9963369963369964,1.6092492769926021,0.0,0.25415705955242895,0.24594031625471116
C2_seed2,final,ATSP,1,247,41,60,0.6349173188209534,0.7894736842105263,0.9676113360323887,0.9959514170040485,1.6574111800444753,-0.021828866746320674,0.2400270625677825,0.25455612912814046
C2_seed2,final,ATSP,2,240,61,80,0.6848040819168091,0.7583333333333333,0.9375,0.9875,1.6415700321396192,-0.19289239248719836,0.49098385127319677,0.4706058811799815
C2_seed2,final,ATSP,3,240,81,100,0.5803329348564148,0.7375,0.9875,1.0,1.6336199924349786,-0.7718439859285331,0.2938882458563219,0.29299486408205794
C2_seed2,final,OVRP,0,260,51,63,1.2029885053634644,0.4,0.7346153846153847,0.9538461538461539,6.255251081173114,-0.0028014875818493934,0.6322664143454615,0.6215182259579004
C2_seed2,final,OVRP,1,260,64,76,1.5423533916473389,0.3076923076923077,0.6230769230769231,0.7961538461538461,7.150231014765226,0.01849515243030897,0.8549531499496776,0.8611291646959156
C2_seed2,final,OVRP,2,252,77,89,1.5616883039474487,0.39285714285714285,0.5952380952380952,0.7976190476190477,7.984112396126616,0.06282778333657202,0.6105325951620388,0.6244938327674806
C2_seed2,final,OVRP,3,228,90,101,1.5385621786117554,0.36403508771929827,0.6447368421052632,0.8114035087719298,8.576294478617216,-0.02423701577255466,0.5746796879789295,0.5898445023658312
C2_seed2,final,VRPB,0,260,51,63,0.8565393090248108,0.5692307692307692,0.9461538461538461,0.9961538461538462,8.053803034931539,0.021372838390032456,0.8845124864374165,0.8985114163055871
C2_seed2,final,VRPB,1,260,64,76,0.8247165679931641,0.5538461538461539,0.9307692307692308,1.0,8.941801667215385,-0.034565907813899344,0.6642407142114948,0.68699341645113
C2_seed2,final,VRPB,2,252,77,89,0.9853736758232117,0.5158730158730159,0.8888888888888888,0.9880952380952381,9.956221697824603,0.030922173116199048,0.8031794866270481,0.7554945353248288
C2_seed2,final,VRPB,3,228,90,101,0.9046133756637573,0.5745614035087719,0.9035087719298246,0.9956140350877193,10.562320044164473,-0.19286628129958627,0.5886105451493595,0.6011471734446583
C2_seed2,final,VRPL,0,260,51,63,1.4090733528137207,0.3923076923076923,0.7192307692307692,0.8576923076923076,10.45710939994237,-0.002063572527422064,0.33235840035501507,0.3235452572874577
C2_seed2,final,VRPL,1,260,64,76,1.6817656755447388,0.25769230769230766,0.5076923076923077,0.6692307692307692,11.894713117525393,-0.1265201429922369,0.5816896972890895,0.5919187744267869
C2_seed2,final,VRPL,2,252,77,89,1.6806424856185913,0.3134920634920635,0.5436507936507936,0.6785714285714286,13.136804576903803,0.04075717353007047,0.49749689767777383,0.5107043579448864
C2_seed2,final,VRPL,3,228,90,101,1.6506304740905762,0.3201754385964912,0.5877192982456141,0.7368421052631579,14.385688752458769,0.00715585262045515,0.44640790479921755,0.45268638279178647
C2_seed2,final,VRPTW,0,260,51,63,1.3049870729446411,0.4461538461538462,0.7076923076923077,0.8807692307692307,14.360849982043401,-1.2661044345910977,1.7040714297340553,1.8310325772265619
C2_seed2,final,VRPTW,1,260,64,76,1.2991001605987549,0.4230769230769231,0.7307692307692307,0.926923076923077,16.715016242176187,-2.073195420538332,1.5935550500908668,1.570859409934798
C2_seed2,final,VRPTW,2,252,77,89,1.1042804718017578,0.4603174603174603,0.7896825396825397,0.9682539682539683,19.483721782289077,-2.7766163114583575,1.2746504795728475,1.277594327502603
C2_seed2,final,VRPTW,3,228,90,101,1.0028430223464966,0.5263157894736842,0.8201754385964912,0.9649122807017544,21.51802256232967,-3.7203620395195536,0.8832831344818048,0.9204390504568226
C2_seed2,final,OVRPTW,0,260,51,63,0.8033140897750854,0.5538461538461539,0.9653846153846154,1.0,8.38297381217769,-0.24195382363875195,0.7840119006127688,0.7879449166388658
C2_seed2,final,OVRPTW,1,260,64,76,0.835465669631958,0.46923076923076923,0.9423076923076923,1.0,9.390483003398076,0.06342499432245852,0.9504053588195172,0.975492222190957
C2_seed2,final,OVRPTW,2,252,77,89,0.9321724772453308,0.5238095238095238,0.9206349206349206,1.0,10.573201845561904,-0.053661814759520254,0.6886679356785219,0.7088298160647184
C2_seed2,final,OVRPTW,3,228,90,101,0.9404346346855164,0.5131578947368421,0.8991228070175439,1.0,12.082523860427193,0.03728577856736415,0.8670024063712756,0.8882876303673716
C2_seed2,final,OVRPB,0,260,51,63,0.7788220643997192,0.5807692307692308,0.9769230769230769,0.9923076923076923,5.544613120188846,0.1613060031919078,1.0825229527059665,1.0560172305629048
C2_seed2,final,OVRPB,1,260,64,76,0.8200468420982361,0.5615384615384615,0.9615384615384616,0.9807692307692307,6.043000001171539,-0.10417923171675003,0.9237046039514807,0.9533002781276165
C2_seed2,final,OVRPB,2,252,77,89,0.7669165134429932,0.5873015873015873,0.9722222222222222,0.9841269841269841,6.669681753432937,-0.1304981001822192,0.8579162785033345,0.8652930513698889
C2_seed2,final,OVRPB,3,228,90,101,0.8029966950416565,0.5570175438596491,0.9605263157894737,0.9868421052631579,7.129643485207894,-0.08417737114867485,0.8872141652623178,0.887824246840124
C2_seed2,final,OVRPL,0,260,51,63,1.1333683729171753,0.45,0.7884615384615384,0.9653846153846154,6.329812766955557,-0.04852232517669197,0.6479430352423377,0.644163600631845
C2_seed2,final,OVRPL,1,260,64,76,1.44153892993927,0.39615384615384613,0.6615384615384615,0.8461538461538461,7.278486132621623,-0.057621988432343674,0.8748776309326578,0.86283916905459
C2_seed2,final,OVRPL,2,252,77,89,1.5404983758926392,0.40476190476190477,0.6190476190476191,0.7777777777777778,7.763897774711488,-0.10487540172667842,0.6451437391453929,0.6617815235909376
C2_seed2,final,OVRPL,3,228,90,101,1.4681605100631714,0.38596491228070173,0.6929824561403509,0.8464912280701754,8.49111713442886,-0.0019135191513197647,0.5986228657638204,0.6274137842930105
C2_seed2,final,VRPBL,0,260,51,63,0.8389332890510559,0.5576923076923077,0.9423076923076923,0.9884615384615385,8.090660638073077,-0.030514703117856534,0.8196162838166599,0.8325388083268362
C2_seed2,final,VRPBL,1,260,64,76,0.9839695692062378,0.5115384615384615,0.9153846153846154,0.9730769230769231,8.931511537845,-0.017512814477638194,0.864356944862843,0.849706138372052
C2_seed2,final,VRPBL,2,252,77,89,0.912703275680542,0.5476190476190477,0.9007936507936508,0.996031746031746,9.901525296860715,-0.07785532740360868,0.7919017755112945,0.7982781503723289
C2_seed2,final,VRPBL,3,228,90,101,0.8921209573745728,0.5131578947368421,0.8991228070175439,0.9956140350877193,10.68797852700088,0.06293876965894896,0.686575361452979,0.7031504645923216
C2_seed2,final,VRPBTW,0,260,51,63,1.2135491371154785,0.4423076923076923,0.7769230769230769,0.9038461538461539,15.572770507516335,-3.749303799556203,1.8448925110586156,1.8726839861180264
C2_seed2,final,VRPBTW,1,260,64,76,1.2467607259750366,0.38461538461538464,0.7807692307692308,0.9153846153846154,17.884757647149343,-3.1067432055823407,1.8291334935948367,1.787554579145962
C2_seed2,final,VRPBTW,2,252,77,89,1.0102068185806274,0.5158730158730159,0.8690476190476191,0.9603174603174603,20.574229898907035,-4.425160409760309,1.153989155791657,1.2291166300850942
C2_seed2,final,VRPBTW,3,228,90,101,1.1184159517288208,0.40350877192982454,0.7894736842105263,0.9298245614035088,22.57693085335872,-1.749618905576067,1.394519609637257,1.4144237368981085
C2_seed2,final,VRPLTW,0,260,51,63,1.2307308912277222,0.41923076923076924,0.7923076923076923,0.9153846153846154,14.407108968956482,-1.3828044163745612,1.5191319186965035,1.5998182967927
C2_seed2,final,VRPLTW,1,260,64,76,1.1917707920074463,0.4461538461538462,0.7538461538461538,0.9346153846153846,16.70740566803948,-1.784516871094377,1.346351295264836,1.3869013883631283
C2_seed2,final,VRPLTW,2,252,77,89,0.9947739839553833,0.49603174603174605,0.8650793650793651,0.9682539682539683,18.476853264701806,-4.874879174942281,0.9053141439945733,0.9272614081857408
C2_seed2,final,VRPLTW,3,228,90,101,1.0483373403549194,0.4692982456140351,0.8289473684210527,0.956140350877193,21.385215136042312,-4.948640497128243,0.9693595028389179,1.030186357279637
C2_seed2,final,OVRPBL,0,260,51,63,0.8324107527732849,0.573076923076923,0.9730769230769231,0.9884615384615385,5.493370041478462,-0.22378638783343563,1.1206551883927052,1.158646534708428
C2_seed2,final,OVRPBL,1,260,64,76,0.8223573565483093,0.6115384615384616,0.9538461538461539,0.9884615384615385,6.104037207823077,-0.13425154448437615,0.9230294554600338,0.8986104979830534
C2_seed2,final,OVRPBL,2,252,77,89,0.8455681204795837,0.5396825396825397,0.9523809523809523,0.9841269841269841,6.649573657249206,0.0193070526568917,0.9072079665136012,0.9224435280071707
C2_seed2,final,OVRPBL,3,228,90,101,0.8887283802032471,0.6140350877192983,0.9385964912280702,0.9692982456140351,7.067936626443421,-0.1696314409273869,0.6981815623952725,0.6853916251881013
C2_seed2,final,OVRPBTW,0,260,51,63,0.829933762550354,0.5269230769230769,0.9615384615384616,0.9961538461538462,8.57246882732,-0.2418703089271057,1.115149619661815,1.1662839991980112
C2_seed2,final,OVRPBTW,1,260,64,76,0.903724730014801,0.5538461538461539,0.9192307692307692,0.9923076923076923,9.932078924546154,-0.2053144285182662,0.9550229000326649,0.9998558448084433
C2_seed2,final,OVRPBTW,2,252,77,89,0.9220083951950073,0.46825396825396826,0.8888888888888888,1.0,11.339962732223412,0.09548477857936888,1.214114651670406,1.1999958577395016
C2_seed2,final,OVRPBTW,3,228,90,101,0.9301236867904663,0.4342105263157895,0.8771929824561403,1.0,12.410316099201316,-0.013460943006549098,1.263737038893975,1.3245266707124486
C2_seed2,final,OVRPLTW,0,260,51,63,0.8040229082107544,0.5307692307692308,0.9653846153846154,1.0,8.573569523373076,-0.0018337480448882282,0.9302754138657665,0.9475153597425099
C2_seed2,final,OVRPLTW,1,260,64,76,0.903078556060791,0.49230769230769234,0.9192307692307692,0.9961538461538462,9.49042581778346,-0.06012159811171758,0.825635801829816,0.8356181980229147
C2_seed2,final,OVRPLTW,2,252,77,89,0.8654577136039734,0.5238095238095238,0.9166666666666666,1.0,10.783486160023413,-0.03916853345011795,0.7921984442399665,0.7919339719288108
C2_seed2,final,OVRPLTW,3,228,90,101,0.9401886463165283,0.5043859649122807,0.9035087719298246,1.0,11.88039252632851,-0.06672171528014914,0.776130410422482,0.7913856200329193
C2_seed2,final,VRPBLTW,0,260,51,63,1.3117132186889648,0.4,0.7461538461538462,0.9,15.534580729555648,-2.574867729746677,2.473966824005802,2.4418636988815643
C2_seed2,final,VRPBLTW,1,260,64,76,1.2143906354904175,0.3769230769230769,0.7769230769230769,0.9192307692307692,17.71440301308661,-2.389733337936184,1.697523743765239,1.681226903620654
C2_seed2,final,VRPBLTW,2,252,77,89,1.067123532295227,0.48412698412698413,0.8015873015873016,0.9682539682539683,20.268402830004604,-3.607630304104348,1.1925663747564652,1.2138575853679014
C2_seed2,final,VRPBLTW,3,228,90,101,1.0885285139083862,0.42543859649122806,0.8114035087719298,0.9824561403508771,22.81986165465092,-2.8713087112551605,1.3476683641691078,1.452518709406299
C2_seed2,final,OVRPBLTW,0,260,51,63,0.8187046051025391,0.5384615384615384,0.9653846153846154,1.0,8.706472547236155,-0.14099327540919582,1.1939157346022355,1.2203356689882652
C2_seed2,final,OVRPBLTW,1,260,64,76,0.8938402533531189,0.47307692307692306,0.9192307692307692,0.9961538461538462,10.015221997408462,-0.08873244131218927,1.1753138086437964,1.179898059858292
C2_seed2,final,OVRPBLTW,2,252,77,89,0.9065101742744446,0.503968253968254,0.8968253968253969,1.0,11.315738252230952,-0.06207019506662137,1.1760666717498092,1.1656608782905427
C2_seed2,final,OVRPBLTW,3,228,90,101,0.8895258903503418,0.5219298245614035,0.8947368421052632,1.0,12.32874824917193,-0.13262545304517648,1.0360252472073395,1.0028700829234158
