split,instance_index,solver,variant,historical_cost,rerun_cost,recomputed_cost,feasible,violations,missing_customers,duplicate_customers,max_capacity_excess,max_tw_lateness,routes,customers,route_available,runtime_recomputed_cost,rerun_minus_historical,recomputed_minus_rerun,cost_matches_recomputation,historical_matches,pid,best_pomo_index,input_matches_original_fields
train,202,RELD_MOEL,original_0,7.7614750862,7.761475086212158,7.761474792336554,True,,0,0,0.0,0.0,12,51,True,7.761474792336554,1.2158274387275014e-11,-2.938756038517454e-07,True,True,1385677,21,True
train,208,RELD_MOEL,original_0,9.7956104279,9.795610427856445,9.795611029320924,True,,0,0,3.725290298461914e-09,0.0,12,51,True,9.795611029320924,-4.355449334525474e-11,6.014644782226242e-07,True,True,1385677,44,True
train,261,RELD_MOEL,original_0,8.2770175934,8.277017593383789,8.277017288278213,True,,0,0,0.0,0.0,9,51,True,8.277017288278213,-1.6211032516366686e-11,-3.051055763592103e-07,True,True,1385677,26,True
train,540,RELD_MOEL,original_0,7.5289034843,7.528903484344482,7.528903677352141,True,,0,0,3.725290298461914e-09,0.0,12,52,True,7.528903677352141,4.448263979384137e-11,1.9300765874419312e-07,True,True,1385677,14,True
train,720,RELD_MOEL,original_0,5.774523735,5.774523735046387,5.7745239496734495,True,,0,0,0.0,0.0,9,53,True,5.7745239496734495,4.638689432567844e-11,2.1462706278896349e-07,True,True,1385677,11,True
train,700,RELD_MOEL,original_0,8.950469017,8.950469017028809,8.950469089971877,True,,0,0,0.0,0.0,14,53,True,8.950469089971877,2.8808955221393262e-11,7.294306847427379e-08,True,True,1385677,0,True
train,726,RELD_MOEL,original_0,6.8916244507,6.891624450683594,6.8916245216619485,True,,0,0,0.0,0.0,12,53,True,6.8916245216619485,-1.6406431768700713e-11,7.097835474922931e-08,True,True,1385677,30,True
train,872,RELD_MOEL,original_0,7.4471354485,7.4471354484558105,7.4471354068348194,True,,0,0,0.0,0.0,9,54,True,7.4471354068348194,-4.418954091534033e-11,-4.162099109805695e-08,True,True,1385677,17,True
train,1068,RELD_MOEL,original_0,9.5187997818,9.518799781799316,9.51880013311599,True,,0,0,0.0,0.0,14,55,True,9.51880013311599,-6.838973831690964e-13,3.513166735302775e-07,True,True,1385677,52,True
train,1103,RELD_MOEL,original_0,8.8703365326,8.870336532592773,8.870336789985204,True,,0,0,0.0,0.0,15,55,True,8.870336789985204,-7.226219622680219e-12,2.5739243092459674e-07,True,True,1385677,7,True
train,1178,RELD_MOEL,original_0,9.7447433472,9.744743347167969,9.744743461449549,True,,0,0,0.0,0.0,11,55,True,9.744743461449549,-3.2031266528065316e-11,1.1428157975501563e-07,True,True,1385677,13,True
train,1143,RELD_MOEL,original_0,9.5634822845,9.563482284545898,9.563481895249282,True,,0,0,0.0,0.0,10,55,True,9.563481895249282,4.589928437326307e-11,-3.8929661627662426e-07,True,True,1385677,1,True
train,1012,RELD_MOEL,original_0,7.8863649368,7.886364936828613,7.88636524040347,True,,0,0,0.0,0.0,12,55,True,7.88636524040347,2.8613555969059234e-11,3.035748568080976e-07,True,True,1385677,21,True
train,1377,RELD_MOEL,original_0,7.8319034576,7.831903457641602,7.831903587068327,True,,0,0,0.0,0.0,11,57,True,7.831903587068327,4.1601389000334166e-11,1.2942672533711175e-07,True,True,1385677,36,True
train,1430,RELD_MOEL,original_0,7.771528244,7.771528244018555,7.771528761590753,True,,0,0,0.0,0.0,9,57,True,7.771528761590753,1.8554935365955316e-11,5.175721984329584e-07,True,True,1385677,40,True
train,1591,RELD_MOEL,original_0,6.5997419357,6.5997419357299805,6.599741693070691,True,,0,0,1.4901161193847656e-08,0.0,10,58,True,6.599741693070691,2.998046255697773e-11,-2.42659289106939e-07,True,True,1385677,0,True
train,2506,RELD_MOEL,original_0,9.775970459,9.775970458984375,9.775970833486568,True,,0,0,0.0,0.0,15,62,True,9.775970833486568,-1.5624834759364603e-11,3.745021928125425e-07,True,True,1385677,39,True
train,2581,RELD_MOEL,original_0,9.3292655945,9.329265594482422,9.329265729679035,True,,0,0,2.2351741790771484e-08,0.0,11,63,True,9.329265729679035,-1.757882728270488e-11,1.3519661301586439e-07,True,True,1385677,3,True
train,2940,RELD_MOEL,original_0,7.529282093,7.529282093048096,7.529281981747572,True,,0,0,1.1175870895385742e-08,0.0,11,64,True,7.529281981747572,4.809574960518148e-11,-1.113005234643083e-07,True,True,1385677,7,True
train,2901,RELD_MOEL,original_0,9.4131412506,9.413141250610352,9.413140870338774,True,,0,0,0.0,0.0,13,64,True,9.413140870338774,1.035083130318526e-11,-3.802715777823096e-07,True,True,1385677,7,True
train,2763,RELD_MOEL,original_0,10.9818782806,10.981878280639648,10.981877801064485,True,,0,0,0.0,0.0,14,64,True,10.981877801064485,3.964828465541359e-11,-4.79575163581103e-07,True,True,1385677,18,True
train,3181,RELD_MOEL,original_0,11.3099994659,11.309999465942383,11.309999258020916,True,,0,0,0.0,0.0,15,66,True,11.309999258020916,4.2382097831250576e-11,-2.079214667105589e-07,True,True,1385677,32,True
train,3212,RELD_MOEL,original_0,8.0028839111,8.002883911132812,8.002883885729029,True,,0,0,1.1175870895385742e-08,0.0,14,66,True,8.002883885729029,3.2812863537401427e-11,-2.5403783965316507e-08,True,True,1385677,36,True
train,3442,RELD_MOEL,original_0,8.3528327942,8.352832794189453,8.352832741329571,True,,0,0,0.0,0.0,14,67,True,8.352832741329571,-1.0546230555519287e-11,-5.285988180503409e-08,True,True,1385677,60,True
train,3839,RELD_MOEL,original_0,9.8263816833,9.82638168334961,9.82638152881774,True,,0,0,7.450580596923828e-09,0.0,11,69,True,9.82638152881774,4.9610093810770195e-11,-1.5453186996694512e-07,True,True,1385677,18,True
train,4088,RELD_MOEL,original_0,6.0269584656,6.026958465576172,6.026958379985324,True,,0,0,2.2351741790771484e-08,0.0,10,70,True,6.026958379985324,-2.382805064371496e-11,-8.559084818671181e-08,True,True,1385677,51,True
train,4113,RELD_MOEL,original_0,8.7382249832,8.738224983215332,8.738224427910907,True,,0,0,0.0,0.0,12,70,True,8.738224427910907,1.5331735880863562e-11,-5.553044246653371e-07,True,True,1385677,29,True
train,4245,RELD_MOEL,original_0,10.9187707901,10.918770790100098,10.918771055457968,True,,0,0,0.0,0.0,16,71,True,10.918771055457968,9.769962616701378e-14,2.6535787078785233e-07,True,True,1385677,63,True
train,4442,RELD_MOEL,original_0,11.3008918762,11.300891876220703,11.300891678936853,True,,0,0,0.0,0.0,13,72,True,11.300891678936853,2.070343896320992e-11,-1.9728384970107982e-07,True,True,1385677,17,True
train,4412,RELD_MOEL,original_0,12.7703399658,12.770339965820312,12.770340640591959,True,,0,0,0.0,0.0,15,72,True,12.770340640591959,2.0312640458541864e-11,6.747716465582698e-07,True,True,1385677,19,True
train,4870,RELD_MOEL,original_0,9.270904541,9.270904541015625,9.27090466148513,True,,0,0,2.7939677238464355e-08,0.0,11,74,True,9.27090466148513,1.5624834759364603e-11,1.2046950459421168e-07,True,True,1385677,61,True
train,5037,RELD_MOEL,original_0,9.437002182,9.437002182006836,9.4370031513287,True,,0,0,1.862645149230957e-08,0.0,15,75,True,9.4370031513287,6.835421118012164e-12,9.693218636641632e-07,True,True,1385677,39,True
train,4975,RELD_MOEL,original_0,10.9329833984,10.9329833984375,10.932983511279593,True,,0,0,0.0,0.0,17,75,True,10.932983511279593,3.750066923657869e-11,1.1284209300299608e-07,True,True,1385677,5,True
train,5417,RELD_MOEL,original_0,10.2842464447,10.284246444702148,10.284246857061456,True,,0,0,0.0,0.0,13,77,True,10.284246857061456,2.147615418834903e-12,4.1235930758887207e-07,True,True,1385677,51,True
train,5367,RELD_MOEL,original_0,9.4075336456,9.407533645629883,9.407533758006576,True,,0,0,0.0,0.0,13,77,True,9.407533758006576,2.9883651109230414e-11,1.1237669284014373e-07,True,True,1385677,30,True
train,5848,RELD_MOEL,original_0,12.8660116196,12.866011619567871,12.866011582417004,True,,0,0,0.0,0.0,19,79,True,12.866011582417004,-3.212896615423233e-11,-3.715086727140715e-08,True,True,1385677,65,True
train,6065,RELD_MOEL,original_0,12.9187326431,12.918732643127441,12.918732930245813,True,,0,0,0.0,0.0,16,80,True,12.918732930245813,2.744116045505507e-11,2.871183717445547e-07,True,True,1385677,77,True
train,6222,RELD_MOEL,original_0,8.0395822525,8.039582252502441,8.039582280970162,True,,0,0,0.0,0.0,13,81,True,8.039582280970162,2.440714297335944e-12,2.8467720625258153e-08,True,True,1385677,39,True
train,6243,RELD_MOEL,original_0,11.2119598389,11.211959838867188,11.211960284570862,True,,0,0,0.0,0.0,16,81,True,11.211960284570862,-3.2812863537401427e-11,4.4570367485619045e-07,True,True,1385677,33,True
train,6361,RELD_MOEL,original_0,7.6187086105,7.618708610534668,7.618708515504568,True,,0,0,3.725290298461914e-09,0.0,13,82,True,7.618708515504568,3.466826825615499e-11,-9.50301002333731e-08,True,True,1385677,70,True
train,7009,RELD_MOEL,original_0,12.2991523743,12.299152374267578,12.29915300017199,True,,0,0,0.0,0.0,18,85,True,12.29915300017199,-3.242206503273337e-11,6.259044127432389e-07,True,True,1385677,53,True
train,7178,RELD_MOEL,original_0,9.7410736084,9.741073608398438,9.741072810318387,True,,0,0,0.0,0.0,15,86,True,9.741072810318387,-1.5631940186722204e-12,-7.980800500462237e-07,True,True,1385677,64,True
train,7175,RELD_MOEL,original_0,12.1710205078,12.1710205078125,12.171020052616687,True,,0,0,0.0,0.0,15,86,True,12.171020052616687,1.2500223078859563e-11,-4.551958134868528e-07,True,True,1385677,84,True
train,7243,RELD_MOEL,original_0,11.7953777313,11.795377731323242,11.79537742334065,True,,0,0,0.0,0.0,18,86,True,11.79537742334065,2.3241852886712877e-11,-3.079825923180124e-07,True,True,1385677,85,True
train,7377,RELD_MOEL,original_0,11.6142616272,11.614261627197266,11.61426190757691,True,,0,0,0.0,0.0,17,87,True,11.61426190757691,-2.7338131758369855e-12,2.8037964483473843e-07,True,True,1385677,68,True
train,7301,RELD_MOEL,original_0,10.0623636246,10.062363624572754,10.062363385509613,True,,0,0,3.725290298461914e-09,0.0,13,87,True,10.062363385509613,-2.7245761202721042e-11,-2.390631408388799e-07,True,True,1385677,12,True
train,7621,RELD_MOEL,original_0,8.34765625,8.34765625,8.34765595449308,True,,0,0,7.450580596923828e-09,0.0,15,88,True,8.34765595449308,0.0,-2.955069202670302e-07,True,True,1385677,79,True
train,7496,RELD_MOEL,original_0,13.5493946075,13.549394607543945,13.549394294901406,True,,0,0,1.862645149230957e-08,0.0,15,88,True,13.549394294901406,4.3945291849922796e-11,-3.1264253941287734e-07,True,True,1385677,0,True
train,7644,RELD_MOEL,original_0,12.4116630554,12.411663055419922,12.411662902893196,True,,0,0,0.0,0.0,16,88,True,12.411662902893196,1.992184195387381e-11,-1.5252672547205748e-07,True,True,1385677,8,True
train,7852,RELD_MOEL,original_0,9.5793962479,9.57939624786377,9.57939650386829,True,,0,0,0.0,0.0,17,90,True,9.57939650386829,-3.623057409640751e-11,2.560045206934092e-07,True,True,1385677,0,True
train,8075,RELD_MOEL,original_0,8.2416152954,8.241615295410156,8.241614600574446,True,,0,0,7.450580596923828e-09,0.0,12,91,True,8.241614600574446,1.0155432050851232e-11,-6.948357107461334e-07,True,True,1385677,18,True
train,8408,RELD_MOEL,original_0,8.1300411224,8.130041122436523,8.130040556960008,True,,0,0,0.0,0.0,14,92,True,8.130040556960008,3.652367297490855e-11,-5.654765153906283e-07,True,True,1385677,43,True
train,8611,RELD_MOEL,original_0,10.2823314667,10.282331466674805,10.282331295888746,True,,0,0,0.0,0.0,14,93,True,10.282331295888746,-2.5195845410053153e-11,-1.7078605907272504e-07,True,True,1385677,57,True
train,8570,RELD_MOEL,original_0,10.3523674011,10.352367401123047,10.352366818460332,True,,0,0,0.0,0.0,17,93,True,10.352366818460332,2.304645363437885e-11,-5.826627145211205e-07,True,True,1385677,14,True
train,8574,RELD_MOEL,original_0,9.2621965408,9.26219654083252,9.262196606122515,True,,0,0,1.4901161193847656e-08,0.0,13,93,True,9.262196606122515,3.2519764658900385e-11,6.52899956321562e-08,True,True,1385677,13,True
train,8806,RELD_MOEL,original_0,14.2724246979,14.272424697875977,14.272425274860774,True,,0,0,0.0,0.0,15,94,True,14.272425274860774,-2.4023449896048987e-11,5.769847977177278e-07,True,True,1385677,48,True
train,8681,RELD_MOEL,original_0,12.8595046997,12.859504699707031,12.859505323950962,True,,0,0,0.0,0.0,20,94,True,12.859505323950962,7.030820370346191e-12,6.242439312131864e-07,True,True,1385677,50,True
train,8958,RELD_MOEL,original_0,16.2308139801,16.23081398010254,16.23081374019855,True,,0,0,0.0,0.0,19,95,True,16.23081374019855,2.540190280342358e-12,-2.3990399000695106e-07,True,True,1385677,63,True
train,9107,RELD_MOEL,original_0,11.1234903336,11.123490333557129,11.123490237675325,True,,0,0,0.0,0.0,17,96,True,11.123490237675325,-4.2870595962085645e-11,-9.58818038299114e-08,True,True,1385677,20,True
train,9057,RELD_MOEL,original_0,12.5544891357,12.554489135742188,12.554489692664662,True,,0,0,1.1175870895385742e-08,0.0,14,96,True,12.554489692664662,4.218669857891655e-11,5.569224743595669e-07,True,True,1385677,66,True
train,9332,RELD_MOEL,original_0,7.8509969711,7.850996971130371,7.8509967538314935,True,,0,0,2.0489096641540527e-08,0.0,12,97,True,7.8509967538314935,3.037126106164578e-11,-2.1729887755839172e-07,True,True,1385677,70,True
train,9475,RELD_MOEL,original_0,11.5966033936,11.596603393554688,11.596604434803965,True,,0,0,0.0,0.0,15,98,True,11.596604434803965,-4.531308661626099e-11,1.041249277022871e-06,True,True,1385677,31,True
train,9425,RELD_MOEL,original_0,10.7735176086,10.773517608642578,10.773516921287595,True,,0,0,0.0,0.0,17,98,True,10.773516921287595,4.2577497083584603e-11,-6.873549835972881e-07,True,True,1385677,6,True
train,9651,RELD_MOEL,original_0,15.4174127579,15.417412757873535,15.41741300233936,True,,0,0,0.0,0.0,19,99,True,15.41741300233936,-2.646416419338493e-11,2.4446582536086225e-07,True,True,1385677,97,True
train,202,RELD_MOEL,original_1,7.7614750862,7.761475086212158,7.761474792336554,True,,0,0,0.0,0.0,12,51,True,7.761474792336554,1.2158274387275014e-11,-2.938756038517454e-07,True,True,1412279,21,True
train,208,RELD_MOEL,original_1,9.7956104279,9.795610427856445,9.795611029320924,True,,0,0,3.725290298461914e-09,0.0,12,51,True,9.795611029320924,-4.355449334525474e-11,6.014644782226242e-07,True,True,1412279,44,True
train,261,RELD_MOEL,original_1,8.2770175934,8.277017593383789,8.277017288278213,True,,0,0,0.0,0.0,9,51,True,8.277017288278213,-1.6211032516366686e-11,-3.051055763592103e-07,True,True,1412279,26,True
train,540,RELD_MOEL,original_1,7.5289034843,7.528903484344482,7.528903677352141,True,,0,0,3.725290298461914e-09,0.0,12,52,True,7.528903677352141,4.448263979384137e-11,1.9300765874419312e-07,True,True,1412279,14,True
train,720,RELD_MOEL,original_1,5.774523735,5.774523735046387,5.7745239496734495,True,,0,0,0.0,0.0,9,53,True,5.7745239496734495,4.638689432567844e-11,2.1462706278896349e-07,True,True,1412279,11,True
train,700,RELD_MOEL,original_1,8.950469017,8.950469017028809,8.950469089971877,True,,0,0,0.0,0.0,14,53,True,8.950469089971877,2.8808955221393262e-11,7.294306847427379e-08,True,True,1412279,0,True
train,726,RELD_MOEL,original_1,6.8916244507,6.891624450683594,6.8916245216619485,True,,0,0,0.0,0.0,12,53,True,6.8916245216619485,-1.6406431768700713e-11,7.097835474922931e-08,True,True,1412279,30,True
train,872,RELD_MOEL,original_1,7.4471354485,7.4471354484558105,7.4471354068348194,True,,0,0,0.0,0.0,9,54,True,7.4471354068348194,-4.418954091534033e-11,-4.162099109805695e-08,True,True,1412279,17,True
train,1068,RELD_MOEL,original_1,9.5187997818,9.518799781799316,9.51880013311599,True,,0,0,0.0,0.0,14,55,True,9.51880013311599,-6.838973831690964e-13,3.513166735302775e-07,True,True,1412279,52,True
train,1103,RELD_MOEL,original_1,8.8703365326,8.870336532592773,8.870336789985204,True,,0,0,0.0,0.0,15,55,True,8.870336789985204,-7.226219622680219e-12,2.5739243092459674e-07,True,True,1412279,7,True
train,1178,RELD_MOEL,original_1,9.7447433472,9.744743347167969,9.744743461449549,True,,0,0,0.0,0.0,11,55,True,9.744743461449549,-3.2031266528065316e-11,1.1428157975501563e-07,True,True,1412279,13,True
train,1143,RELD_MOEL,original_1,9.5634822845,9.563482284545898,9.563481895249282,True,,0,0,0.0,0.0,10,55,True,9.563481895249282,4.589928437326307e-11,-3.8929661627662426e-07,True,True,1412279,1,True
train,1012,RELD_MOEL,original_1,7.8863649368,7.886364936828613,7.88636524040347,True,,0,0,0.0,0.0,12,55,True,7.88636524040347,2.8613555969059234e-11,3.035748568080976e-07,True,True,1412279,21,True
train,1377,RELD_MOEL,original_1,7.8319034576,7.831903457641602,7.831903587068327,True,,0,0,0.0,0.0,11,57,True,7.831903587068327,4.1601389000334166e-11,1.2942672533711175e-07,True,True,1412279,36,True
train,1430,RELD_MOEL,original_1,7.771528244,7.771528244018555,7.771528761590753,True,,0,0,0.0,0.0,9,57,True,7.771528761590753,1.8554935365955316e-11,5.175721984329584e-07,True,True,1412279,40,True
train,1591,RELD_MOEL,original_1,6.5997419357,6.5997419357299805,6.599741693070691,True,,0,0,1.4901161193847656e-08,0.0,10,58,True,6.599741693070691,2.998046255697773e-11,-2.42659289106939e-07,True,True,1412279,0,True
train,2506,RELD_MOEL,original_1,9.775970459,9.775970458984375,9.775970833486568,True,,0,0,0.0,0.0,15,62,True,9.775970833486568,-1.5624834759364603e-11,3.745021928125425e-07,True,True,1412279,39,True
train,2581,RELD_MOEL,original_1,9.3292655945,9.329265594482422,9.329265729679035,True,,0,0,2.2351741790771484e-08,0.0,11,63,True,9.329265729679035,-1.757882728270488e-11,1.3519661301586439e-07,True,True,1412279,3,True
train,2940,RELD_MOEL,original_1,7.529282093,7.529282093048096,7.529281981747572,True,,0,0,1.1175870895385742e-08,0.0,11,64,True,7.529281981747572,4.809574960518148e-11,-1.113005234643083e-07,True,True,1412279,7,True
train,2901,RELD_MOEL,original_1,9.4131412506,9.413141250610352,9.413140870338774,True,,0,0,0.0,0.0,13,64,True,9.413140870338774,1.035083130318526e-11,-3.802715777823096e-07,True,True,1412279,7,True
train,2763,RELD_MOEL,original_1,10.9818782806,10.981878280639648,10.981877801064485,True,,0,0,0.0,0.0,14,64,True,10.981877801064485,3.964828465541359e-11,-4.79575163581103e-07,True,True,1412279,18,True
train,3181,RELD_MOEL,original_1,11.3099994659,11.309999465942383,11.309999258020916,True,,0,0,0.0,0.0,15,66,True,11.309999258020916,4.2382097831250576e-11,-2.079214667105589e-07,True,True,1412279,32,True
train,3212,RELD_MOEL,original_1,8.0028839111,8.002883911132812,8.002883885729029,True,,0,0,1.1175870895385742e-08,0.0,14,66,True,8.002883885729029,3.2812863537401427e-11,-2.5403783965316507e-08,True,True,1412279,36,True
train,3442,RELD_MOEL,original_1,8.3528327942,8.352832794189453,8.352832741329571,True,,0,0,0.0,0.0,14,67,True,8.352832741329571,-1.0546230555519287e-11,-5.285988180503409e-08,True,True,1412279,60,True
train,3839,RELD_MOEL,original_1,9.8263816833,9.82638168334961,9.82638152881774,True,,0,0,7.450580596923828e-09,0.0,11,69,True,9.82638152881774,4.9610093810770195e-11,-1.5453186996694512e-07,True,True,1412279,18,True
train,4088,RELD_MOEL,original_1,6.0269584656,6.026958465576172,6.026958379985324,True,,0,0,2.2351741790771484e-08,0.0,10,70,True,6.026958379985324,-2.382805064371496e-11,-8.559084818671181e-08,True,True,1412279,51,True
train,4113,RELD_MOEL,original_1,8.7382249832,8.738224983215332,8.738224427910907,True,,0,0,0.0,0.0,12,70,True,8.738224427910907,1.5331735880863562e-11,-5.553044246653371e-07,True,True,1412279,29,True
train,4245,RELD_MOEL,original_1,10.9187707901,10.918770790100098,10.918771055457968,True,,0,0,0.0,0.0,16,71,True,10.918771055457968,9.769962616701378e-14,2.6535787078785233e-07,True,True,1412279,63,True
train,4442,RELD_MOEL,original_1,11.3008918762,11.300891876220703,11.300891678936853,True,,0,0,0.0,0.0,13,72,True,11.300891678936853,2.070343896320992e-11,-1.9728384970107982e-07,True,True,1412279,17,True
train,4412,RELD_MOEL,original_1,12.7703399658,12.770339965820312,12.770340640591959,True,,0,0,0.0,0.0,15,72,True,12.770340640591959,2.0312640458541864e-11,6.747716465582698e-07,True,True,1412279,19,True
train,4870,RELD_MOEL,original_1,9.270904541,9.270904541015625,9.27090466148513,True,,0,0,2.7939677238464355e-08,0.0,11,74,True,9.27090466148513,1.5624834759364603e-11,1.2046950459421168e-07,True,True,1412279,61,True
train,5037,RELD_MOEL,original_1,9.437002182,9.437002182006836,9.4370031513287,True,,0,0,1.862645149230957e-08,0.0,15,75,True,9.4370031513287,6.835421118012164e-12,9.693218636641632e-07,True,True,1412279,39,True
train,4975,RELD_MOEL,original_1,10.9329833984,10.9329833984375,10.932983511279593,True,,0,0,0.0,0.0,17,75,True,10.932983511279593,3.750066923657869e-11,1.1284209300299608e-07,True,True,1412279,5,True
train,5417,RELD_MOEL,original_1,10.2842464447,10.284246444702148,10.284246857061456,True,,0,0,0.0,0.0,13,77,True,10.284246857061456,2.147615418834903e-12,4.1235930758887207e-07,True,True,1412279,51,True
train,5367,RELD_MOEL,original_1,9.4075336456,9.407533645629883,9.407533758006576,True,,0,0,0.0,0.0,13,77,True,9.407533758006576,2.9883651109230414e-11,1.1237669284014373e-07,True,True,1412279,30,True
train,5848,RELD_MOEL,original_1,12.8660116196,12.866011619567871,12.866011582417004,True,,0,0,0.0,0.0,19,79,True,12.866011582417004,-3.212896615423233e-11,-3.715086727140715e-08,True,True,1412279,65,True
train,6065,RELD_MOEL,original_1,12.9187326431,12.918732643127441,12.918732930245813,True,,0,0,0.0,0.0,16,80,True,12.918732930245813,2.744116045505507e-11,2.871183717445547e-07,True,True,1412279,77,True
train,6222,RELD_MOEL,original_1,8.0395822525,8.039582252502441,8.039582280970162,True,,0,0,0.0,0.0,13,81,True,8.039582280970162,2.440714297335944e-12,2.8467720625258153e-08,True,True,1412279,39,True
train,6243,RELD_MOEL,original_1,11.2119598389,11.211959838867188,11.211960284570862,True,,0,0,0.0,0.0,16,81,True,11.211960284570862,-3.2812863537401427e-11,4.4570367485619045e-07,True,True,1412279,33,True
train,6361,RELD_MOEL,original_1,7.6187086105,7.618708610534668,7.618708515504568,True,,0,0,3.725290298461914e-09,0.0,13,82,True,7.618708515504568,3.466826825615499e-11,-9.50301002333731e-08,True,True,1412279,70,True
train,7009,RELD_MOEL,original_1,12.2991523743,12.299152374267578,12.29915300017199,True,,0,0,0.0,0.0,18,85,True,12.29915300017199,-3.242206503273337e-11,6.259044127432389e-07,True,True,1412279,53,True
train,7178,RELD_MOEL,original_1,9.7410736084,9.741073608398438,9.741072810318387,True,,0,0,0.0,0.0,15,86,True,9.741072810318387,-1.5631940186722204e-12,-7.980800500462237e-07,True,True,1412279,64,True
train,7175,RELD_MOEL,original_1,12.1710205078,12.1710205078125,12.171020052616687,True,,0,0,0.0,0.0,15,86,True,12.171020052616687,1.2500223078859563e-11,-4.551958134868528e-07,True,True,1412279,84,True
train,7243,RELD_MOEL,original_1,11.7953777313,11.795377731323242,11.79537742334065,True,,0,0,0.0,0.0,18,86,True,11.79537742334065,2.3241852886712877e-11,-3.079825923180124e-07,True,True,1412279,85,True
train,7377,RELD_MOEL,original_1,11.6142616272,11.614261627197266,11.61426190757691,True,,0,0,0.0,0.0,17,87,True,11.61426190757691,-2.7338131758369855e-12,2.8037964483473843e-07,True,True,1412279,68,True
train,7301,RELD_MOEL,original_1,10.0623636246,10.062363624572754,10.062363385509613,True,,0,0,3.725290298461914e-09,0.0,13,87,True,10.062363385509613,-2.7245761202721042e-11,-2.390631408388799e-07,True,True,1412279,12,True
train,7621,RELD_MOEL,original_1,8.34765625,8.34765625,8.34765595449308,True,,0,0,7.450580596923828e-09,0.0,15,88,True,8.34765595449308,0.0,-2.955069202670302e-07,True,True,1412279,79,True
train,7496,RELD_MOEL,original_1,13.5493946075,13.549394607543945,13.549394294901406,True,,0,0,1.862645149230957e-08,0.0,15,88,True,13.549394294901406,4.3945291849922796e-11,-3.1264253941287734e-07,True,True,1412279,0,True
train,7644,RELD_MOEL,original_1,12.4116630554,12.411663055419922,12.411662902893196,True,,0,0,0.0,0.0,16,88,True,12.411662902893196,1.992184195387381e-11,-1.5252672547205748e-07,True,True,1412279,8,True
train,7852,RELD_MOEL,original_1,9.5793962479,9.57939624786377,9.57939650386829,True,,0,0,0.0,0.0,17,90,True,9.57939650386829,-3.623057409640751e-11,2.560045206934092e-07,True,True,1412279,0,True
train,8075,RELD_MOEL,original_1,8.2416152954,8.241615295410156,8.241614600574446,True,,0,0,7.450580596923828e-09,0.0,12,91,True,8.241614600574446,1.0155432050851232e-11,-6.948357107461334e-07,True,True,1412279,18,True
train,8408,RELD_MOEL,original_1,8.1300411224,8.130041122436523,8.130040556960008,True,,0,0,0.0,0.0,14,92,True,8.130040556960008,3.652367297490855e-11,-5.654765153906283e-07,True,True,1412279,43,True
train,8611,RELD_MOEL,original_1,10.2823314667,10.282331466674805,10.282331295888746,True,,0,0,0.0,0.0,14,93,True,10.282331295888746,-2.5195845410053153e-11,-1.7078605907272504e-07,True,True,1412279,57,True
train,8570,RELD_MOEL,original_1,10.3523674011,10.352367401123047,10.352366818460332,True,,0,0,0.0,0.0,17,93,True,10.352366818460332,2.304645363437885e-11,-5.826627145211205e-07,True,True,1412279,14,True
train,8574,RELD_MOEL,original_1,9.2621965408,9.26219654083252,9.262196606122515,True,,0,0,1.4901161193847656e-08,0.0,13,93,True,9.262196606122515,3.2519764658900385e-11,6.52899956321562e-08,True,True,1412279,13,True
train,8806,RELD_MOEL,original_1,14.2724246979,14.272424697875977,14.272425274860774,True,,0,0,0.0,0.0,15,94,True,14.272425274860774,-2.4023449896048987e-11,5.769847977177278e-07,True,True,1412279,48,True
train,8681,RELD_MOEL,original_1,12.8595046997,12.859504699707031,12.859505323950962,True,,0,0,0.0,0.0,20,94,True,12.859505323950962,7.030820370346191e-12,6.242439312131864e-07,True,True,1412279,50,True
train,8958,RELD_MOEL,original_1,16.2308139801,16.23081398010254,16.23081374019855,True,,0,0,0.0,0.0,19,95,True,16.23081374019855,2.540190280342358e-12,-2.3990399000695106e-07,True,True,1412279,63,True
train,9107,RELD_MOEL,original_1,11.1234903336,11.123490333557129,11.123490237675325,True,,0,0,0.0,0.0,17,96,True,11.123490237675325,-4.2870595962085645e-11,-9.58818038299114e-08,True,True,1412279,20,True
train,9057,RELD_MOEL,original_1,12.5544891357,12.554489135742188,12.554489692664662,True,,0,0,1.1175870895385742e-08,0.0,14,96,True,12.554489692664662,4.218669857891655e-11,5.569224743595669e-07,True,True,1412279,66,True
train,9332,RELD_MOEL,original_1,7.8509969711,7.850996971130371,7.8509967538314935,True,,0,0,2.0489096641540527e-08,0.0,12,97,True,7.8509967538314935,3.037126106164578e-11,-2.1729887755839172e-07,True,True,1412279,70,True
train,9475,RELD_MOEL,original_1,11.5966033936,11.596603393554688,11.596604434803965,True,,0,0,0.0,0.0,15,98,True,11.596604434803965,-4.531308661626099e-11,1.041249277022871e-06,True,True,1412279,31,True
train,9425,RELD_MOEL,original_1,10.7735176086,10.773517608642578,10.773516921287595,True,,0,0,0.0,0.0,17,98,True,10.773516921287595,4.2577497083584603e-11,-6.873549835972881e-07,True,True,1412279,6,True
train,9651,RELD_MOEL,original_1,15.4174127579,15.417412757873535,15.41741300233936,True,,0,0,0.0,0.0,19,99,True,15.41741300233936,-2.646416419338493e-11,2.4446582536086225e-07,True,True,1412279,97,True
train,202,RELD_MOEL,permutation_0,7.7614750862,7.761475086212158,7.761474792336554,True,,0,0,0.0,0.0,12,51,True,7.761474792336554,1.2158274387275014e-11,-2.938756038517454e-07,True,,1439171,24,True
train,208,RELD_MOEL,permutation_0,9.7956104279,9.795610427856445,9.795611029320924,True,,0,0,3.725290298461914e-09,0.0,12,51,True,9.795611029320924,-4.355449334525474e-11,6.014644782226242e-07,True,,1439171,13,True
train,261,RELD_MOEL,permutation_0,8.2770175934,8.277017593383789,8.277017288278213,True,,0,0,0.0,0.0,9,51,True,8.277017288278213,-1.6211032516366686e-11,-3.051055763592103e-07,True,,1439171,7,True
train,540,RELD_MOEL,permutation_0,7.5289034843,7.528903484344482,7.528903677352141,True,,0,0,3.725290298461914e-09,0.0,12,52,True,7.528903677352141,4.448263979384137e-11,1.9300765874419312e-07,True,,1439171,15,True
train,720,RELD_MOEL,permutation_0,5.774523735,5.774523735046387,5.7745239496734495,True,,0,0,0.0,0.0,9,53,True,5.7745239496734495,4.638689432567844e-11,2.1462706278896349e-07,True,,1439171,11,True
train,700,RELD_MOEL,permutation_0,8.950469017,8.950469017028809,8.950469089971877,True,,0,0,0.0,0.0,14,53,True,8.950469089971877,2.8808955221393262e-11,7.294306847427379e-08,True,,1439171,37,True
train,726,RELD_MOEL,permutation_0,6.8916244507,6.891624450683594,6.8916245216619485,True,,0,0,0.0,0.0,12,53,True,6.8916245216619485,-1.6406431768700713e-11,7.097835474922931e-08,True,,1439171,37,True
train,872,RELD_MOEL,permutation_0,7.4471354485,7.4471354484558105,7.4471354068348194,True,,0,0,0.0,0.0,9,54,True,7.4471354068348194,-4.418954091534033e-11,-4.162099109805695e-08,True,,1439171,49,True
train,1068,RELD_MOEL,permutation_0,9.5187997818,9.518799781799316,9.51880013311599,True,,0,0,0.0,0.0,14,55,True,9.51880013311599,-6.838973831690964e-13,3.513166735302775e-07,True,,1439171,8,True
train,1103,RELD_MOEL,permutation_0,8.8703365326,8.870336532592773,8.870336789985204,True,,0,0,0.0,0.0,15,55,True,8.870336789985204,-7.226219622680219e-12,2.5739243092459674e-07,True,,1439171,47,True
train,1178,RELD_MOEL,permutation_0,9.7447433472,9.744743347167969,9.744743461449549,True,,0,0,0.0,0.0,11,55,True,9.744743461449549,-3.2031266528065316e-11,1.1428157975501563e-07,True,,1439171,1,True
train,1143,RELD_MOEL,permutation_0,9.5634822845,9.563482284545898,9.563481895249282,True,,0,0,0.0,0.0,10,55,True,9.563481895249282,4.589928437326307e-11,-3.8929661627662426e-07,True,,1439171,26,True
train,1012,RELD_MOEL,permutation_0,7.8863649368,7.886364936828613,7.88636524040347,True,,0,0,0.0,0.0,12,55,True,7.88636524040347,2.8613555969059234e-11,3.035748568080976e-07,True,,1439171,16,True
train,1377,RELD_MOEL,permutation_0,7.8319034576,7.831903457641602,7.831903587068327,True,,0,0,0.0,0.0,11,57,True,7.831903587068327,4.1601389000334166e-11,1.2942672533711175e-07,True,,1439171,13,True
train,1430,RELD_MOEL,permutation_0,7.771528244,7.771528244018555,7.771528761590753,True,,0,0,0.0,0.0,9,57,True,7.771528761590753,1.8554935365955316e-11,5.175721984329584e-07,True,,1439171,27,True
train,1591,RELD_MOEL,permutation_0,6.5997419357,6.5997419357299805,6.599741693070691,True,,0,0,1.4901161193847656e-08,0.0,10,58,True,6.599741693070691,2.998046255697773e-11,-2.42659289106939e-07,True,,1439171,31,True
train,2506,RELD_MOEL,permutation_0,9.775970459,9.775970458984375,9.775970833486568,True,,0,0,0.0,0.0,15,62,True,9.775970833486568,-1.5624834759364603e-11,3.745021928125425e-07,True,,1439171,25,True
train,2581,RELD_MOEL,permutation_0,9.3292655945,9.329265594482422,9.329265729679035,True,,0,0,2.2351741790771484e-08,0.0,11,63,True,9.329265729679035,-1.757882728270488e-11,1.3519661301586439e-07,True,,1439171,36,True
train,2940,RELD_MOEL,permutation_0,7.529282093,7.529282093048096,7.529281981747572,True,,0,0,1.1175870895385742e-08,0.0,11,64,True,7.529281981747572,4.809574960518148e-11,-1.113005234643083e-07,True,,1439171,23,True
train,2901,RELD_MOEL,permutation_0,9.4131412506,9.413141250610352,9.413140870338774,True,,0,0,0.0,0.0,13,64,True,9.413140870338774,1.035083130318526e-11,-3.802715777823096e-07,True,,1439171,22,True
train,2763,RELD_MOEL,permutation_0,10.9818782806,10.981878280639648,10.981877801064485,True,,0,0,0.0,0.0,14,64,True,10.981877801064485,3.964828465541359e-11,-4.79575163581103e-07,True,,1439171,27,True
train,3181,RELD_MOEL,permutation_0,11.3099994659,11.309999465942383,11.309999258020916,True,,0,0,0.0,0.0,15,66,True,11.309999258020916,4.2382097831250576e-11,-2.079214667105589e-07,True,,1439171,23,True
train,3212,RELD_MOEL,permutation_0,8.0028839111,8.002883911132812,8.002883885729029,True,,0,0,1.1175870895385742e-08,0.0,14,66,True,8.002883885729029,3.2812863537401427e-11,-2.5403783965316507e-08,True,,1439171,19,True
train,3442,RELD_MOEL,permutation_0,8.3528327942,8.352832794189453,8.352832741329571,True,,0,0,0.0,0.0,14,67,True,8.352832741329571,-1.0546230555519287e-11,-5.285988180503409e-08,True,,1439171,48,True
train,3839,RELD_MOEL,permutation_0,9.8263816833,9.82638168334961,9.82638152881774,True,,0,0,7.450580596923828e-09,0.0,11,69,True,9.82638152881774,4.9610093810770195e-11,-1.5453186996694512e-07,True,,1439171,38,True
train,4088,RELD_MOEL,permutation_0,6.0269584656,6.026958465576172,6.026958379985324,True,,0,0,2.2351741790771484e-08,0.0,10,70,True,6.026958379985324,-2.382805064371496e-11,-8.559084818671181e-08,True,,1439171,45,True
train,4113,RELD_MOEL,permutation_0,8.7382249832,8.738224983215332,8.738224427910907,True,,0,0,0.0,0.0,12,70,True,8.738224427910907,1.5331735880863562e-11,-5.553044246653371e-07,True,,1439171,52,True
train,4245,RELD_MOEL,permutation_0,10.9187707901,10.918770790100098,10.918771055457968,True,,0,0,0.0,0.0,16,71,True,10.918771055457968,9.769962616701378e-14,2.6535787078785233e-07,True,,1439171,47,True
train,4442,RELD_MOEL,permutation_0,11.3008918762,11.300891876220703,11.300891678936853,True,,0,0,0.0,0.0,13,72,True,11.300891678936853,2.070343896320992e-11,-1.9728384970107982e-07,True,,1439171,70,True
train,4412,RELD_MOEL,permutation_0,12.7703399658,12.770339965820312,12.770340640591959,True,,0,0,0.0,0.0,15,72,True,12.770340640591959,2.0312640458541864e-11,6.747716465582698e-07,True,,1439171,63,True
train,4870,RELD_MOEL,permutation_0,9.270904541,9.270904541015625,9.27090466148513,True,,0,0,2.7939677238464355e-08,0.0,11,74,True,9.27090466148513,1.5624834759364603e-11,1.2046950459421168e-07,True,,1439171,16,True
train,5037,RELD_MOEL,permutation_0,9.437002182,9.437002182006836,9.4370031513287,True,,0,0,1.862645149230957e-08,0.0,15,75,True,9.4370031513287,6.835421118012164e-12,9.693218636641632e-07,True,,1439171,64,True
train,4975,RELD_MOEL,permutation_0,10.9329833984,10.9329833984375,10.932983511279593,True,,0,0,0.0,0.0,17,75,True,10.932983511279593,3.750066923657869e-11,1.1284209300299608e-07,True,,1439171,63,True
train,5417,RELD_MOEL,permutation_0,10.2842464447,10.284246444702148,10.284246857061456,True,,0,0,0.0,0.0,13,77,True,10.284246857061456,2.147615418834903e-12,4.1235930758887207e-07,True,,1439171,75,True
train,5367,RELD_MOEL,permutation_0,9.4075336456,9.342405319213867,9.342404858705013,True,,0,0,0.0,0.0,12,77,True,9.342404858705013,-0.06512832638613197,-4.605088541609348e-07,True,,1439171,12,True
train,5848,RELD_MOEL,permutation_0,12.8660116196,12.866011619567871,12.866011582417004,True,,0,0,0.0,0.0,19,79,True,12.866011582417004,-3.212896615423233e-11,-3.715086727140715e-08,True,,1439171,27,True
train,6065,RELD_MOEL,permutation_0,12.9187326431,12.918732643127441,12.918732930245813,True,,0,0,0.0,0.0,16,80,True,12.918732930245813,2.744116045505507e-11,2.871183717445547e-07,True,,1439171,19,True
train,6222,RELD_MOEL,permutation_0,8.0395822525,8.039582252502441,8.039582280970162,True,,0,0,0.0,0.0,13,81,True,8.039582280970162,2.440714297335944e-12,2.8467720625258153e-08,True,,1439171,60,True
train,6243,RELD_MOEL,permutation_0,11.2119598389,11.211959838867188,11.211960284570862,True,,0,0,0.0,0.0,16,81,True,11.211960284570862,-3.2812863537401427e-11,4.4570367485619045e-07,True,,1439171,32,True
train,6361,RELD_MOEL,permutation_0,7.6187086105,7.618708610534668,7.618708515504568,True,,0,0,3.725290298461914e-09,0.0,13,82,True,7.618708515504568,3.466826825615499e-11,-9.50301002333731e-08,True,,1439171,24,True
train,7009,RELD_MOEL,permutation_0,12.2991523743,12.299152374267578,12.29915300017199,True,,0,0,0.0,0.0,18,85,True,12.29915300017199,-3.242206503273337e-11,6.259044127432389e-07,True,,1439171,70,True
train,7178,RELD_MOEL,permutation_0,9.7410736084,9.741073608398438,9.741072810318387,True,,0,0,0.0,0.0,15,86,True,9.741072810318387,-1.5631940186722204e-12,-7.980800500462237e-07,True,,1439171,49,True
train,7175,RELD_MOEL,permutation_0,12.1710205078,12.1710205078125,12.171020052616687,True,,0,0,0.0,0.0,15,86,True,12.171020052616687,1.2500223078859563e-11,-4.551958134868528e-07,True,,1439171,71,True
train,7243,RELD_MOEL,permutation_0,11.7953777313,11.795377731323242,11.79537742334065,True,,0,0,0.0,0.0,18,86,True,11.79537742334065,2.3241852886712877e-11,-3.079825923180124e-07,True,,1439171,71,True
train,7377,RELD_MOEL,permutation_0,11.6142616272,11.614261627197266,11.61426190757691,True,,0,0,0.0,0.0,17,87,True,11.61426190757691,-2.7338131758369855e-12,2.8037964483473843e-07,True,,1439171,79,True
train,7301,RELD_MOEL,permutation_0,10.0623636246,10.062363624572754,10.062363385509613,True,,0,0,3.725290298461914e-09,0.0,13,87,True,10.062363385509613,-2.7245761202721042e-11,-2.390631408388799e-07,True,,1439171,30,True
train,7621,RELD_MOEL,permutation_0,8.34765625,8.34765625,8.34765595449308,True,,0,0,7.450580596923828e-09,0.0,15,88,True,8.34765595449308,0.0,-2.955069202670302e-07,True,,1439171,85,True
train,7496,RELD_MOEL,permutation_0,13.5493946075,13.549394607543945,13.549394294901406,True,,0,0,1.862645149230957e-08,0.0,15,88,True,13.549394294901406,4.3945291849922796e-11,-3.1264253941287734e-07,True,,1439171,50,True
train,7644,RELD_MOEL,permutation_0,12.4116630554,12.411663055419922,12.411662902893196,True,,0,0,0.0,0.0,16,88,True,12.411662902893196,1.992184195387381e-11,-1.5252672547205748e-07,True,,1439171,72,True
train,7852,RELD_MOEL,permutation_0,9.5793962479,9.57939624786377,9.57939650386829,True,,0,0,0.0,0.0,17,90,True,9.57939650386829,-3.623057409640751e-11,2.560045206934092e-07,True,,1439171,55,True
train,8075,RELD_MOEL,permutation_0,8.2416152954,8.241615295410156,8.241614600574446,True,,0,0,7.450580596923828e-09,0.0,12,91,True,8.241614600574446,1.0155432050851232e-11,-6.948357107461334e-07,True,,1439171,19,True
train,8408,RELD_MOEL,permutation_0,8.1300411224,8.130041122436523,8.130040556960008,True,,0,0,0.0,0.0,14,92,True,8.130040556960008,3.652367297490855e-11,-5.654765153906283e-07,True,,1439171,71,True
train,8611,RELD_MOEL,permutation_0,10.2823314667,10.282331466674805,10.282331295888746,True,,0,0,0.0,0.0,14,93,True,10.282331295888746,-2.5195845410053153e-11,-1.7078605907272504e-07,True,,1439171,21,True
train,8570,RELD_MOEL,permutation_0,10.3523674011,10.352367401123047,10.352366818460332,True,,0,0,0.0,0.0,17,93,True,10.352366818460332,2.304645363437885e-11,-5.826627145211205e-07,True,,1439171,91,True
train,8574,RELD_MOEL,permutation_0,9.2621965408,9.26219654083252,9.262196606122515,True,,0,0,1.4901161193847656e-08,0.0,13,93,True,9.262196606122515,3.2519764658900385e-11,6.52899956321562e-08,True,,1439171,13,True
train,8806,RELD_MOEL,permutation_0,14.2724246979,14.272424697875977,14.272425274860774,True,,0,0,0.0,0.0,15,94,True,14.272425274860774,-2.4023449896048987e-11,5.769847977177278e-07,True,,1439171,16,True
train,8681,RELD_MOEL,permutation_0,12.8595046997,12.859504699707031,12.859505323950962,True,,0,0,0.0,0.0,20,94,True,12.859505323950962,7.030820370346191e-12,6.242439312131864e-07,True,,1439171,86,True
train,8958,RELD_MOEL,permutation_0,16.2308139801,16.23081398010254,16.23081374019855,True,,0,0,0.0,0.0,19,95,True,16.23081374019855,2.540190280342358e-12,-2.3990399000695106e-07,True,,1439171,69,True
train,9107,RELD_MOEL,permutation_0,11.1234903336,11.123490333557129,11.123490237675325,True,,0,0,0.0,0.0,17,96,True,11.123490237675325,-4.2870595962085645e-11,-9.58818038299114e-08,True,,1439171,22,True
train,9057,RELD_MOEL,permutation_0,12.5544891357,12.554489135742188,12.554489692664662,True,,0,0,1.1175870895385742e-08,0.0,14,96,True,12.554489692664662,4.218669857891655e-11,5.569224743595669e-07,True,,1439171,28,True
train,9332,RELD_MOEL,permutation_0,7.8509969711,7.850996971130371,7.8509967538314935,True,,0,0,2.0489096641540527e-08,0.0,12,97,True,7.8509967538314935,3.037126106164578e-11,-2.1729887755839172e-07,True,,1439171,76,True
train,9475,RELD_MOEL,permutation_0,11.5966033936,11.596603393554688,11.596604434803965,True,,0,0,0.0,0.0,15,98,True,11.596604434803965,-4.531308661626099e-11,1.041249277022871e-06,True,,1439171,66,True
train,9425,RELD_MOEL,permutation_0,10.7735176086,10.773517608642578,10.773516921287595,True,,0,0,0.0,0.0,17,98,True,10.773516921287595,4.2577497083584603e-11,-6.873549835972881e-07,True,,1439171,32,True
train,9651,RELD_MOEL,permutation_0,15.4174127579,15.417412757873535,15.41741300233936,True,,0,0,0.0,0.0,19,99,True,15.41741300233936,-2.646416419338493e-11,2.4446582536086225e-07,True,,1439171,31,True
train,202,RELD_MOEL,permutation_1,7.7614750862,7.761475086212158,7.761474792336554,True,,0,0,0.0,0.0,12,51,True,7.761474792336554,1.2158274387275014e-11,-2.938756038517454e-07,True,,1465436,11,True
train,208,RELD_MOEL,permutation_1,9.7956104279,9.795610427856445,9.795611029320924,True,,0,0,3.725290298461914e-09,0.0,12,51,True,9.795611029320924,-4.355449334525474e-11,6.014644782226242e-07,True,,1465436,4,True
train,261,RELD_MOEL,permutation_1,8.2770175934,8.277017593383789,8.277017288278213,True,,0,0,0.0,0.0,9,51,True,8.277017288278213,-1.6211032516366686e-11,-3.051055763592103e-07,True,,1465436,37,True
train,540,RELD_MOEL,permutation_1,7.5289034843,7.528903484344482,7.528903677352141,True,,0,0,3.725290298461914e-09,0.0,12,52,True,7.528903677352141,4.448263979384137e-11,1.9300765874419312e-07,True,,1465436,44,True
train,720,RELD_MOEL,permutation_1,5.774523735,5.774523735046387,5.7745239496734495,True,,0,0,0.0,0.0,9,53,True,5.7745239496734495,4.638689432567844e-11,2.1462706278896349e-07,True,,1465436,16,True
train,700,RELD_MOEL,permutation_1,8.950469017,8.950469017028809,8.950469089971877,True,,0,0,0.0,0.0,14,53,True,8.950469089971877,2.8808955221393262e-11,7.294306847427379e-08,True,,1465436,7,True
train,726,RELD_MOEL,permutation_1,6.8916244507,6.891624450683594,6.8916245216619485,True,,0,0,0.0,0.0,12,53,True,6.8916245216619485,-1.6406431768700713e-11,7.097835474922931e-08,True,,1465436,44,True
train,872,RELD_MOEL,permutation_1,7.4471354485,7.4471354484558105,7.4471354068348194,True,,0,0,0.0,0.0,9,54,True,7.4471354068348194,-4.418954091534033e-11,-4.162099109805695e-08,True,,1465436,10,True
train,1068,RELD_MOEL,permutation_1,9.5187997818,9.518799781799316,9.51880013311599,True,,0,0,0.0,0.0,14,55,True,9.51880013311599,-6.838973831690964e-13,3.513166735302775e-07,True,,1465436,17,True
train,1103,RELD_MOEL,permutation_1,8.8703365326,8.870336532592773,8.870336789985204,True,,0,0,0.0,0.0,15,55,True,8.870336789985204,-7.226219622680219e-12,2.5739243092459674e-07,True,,1465436,47,True
train,1178,RELD_MOEL,permutation_1,9.7447433472,9.744743347167969,9.744743461449549,True,,0,0,0.0,0.0,11,55,True,9.744743461449549,-3.2031266528065316e-11,1.1428157975501563e-07,True,,1465436,44,True
train,1143,RELD_MOEL,permutation_1,9.5634822845,9.563482284545898,9.563481895249282,True,,0,0,0.0,0.0,10,55,True,9.563481895249282,4.589928437326307e-11,-3.8929661627662426e-07,True,,1465436,34,True
train,1012,RELD_MOEL,permutation_1,7.8863649368,7.886364936828613,7.88636524040347,True,,0,0,0.0,0.0,12,55,True,7.88636524040347,2.8613555969059234e-11,3.035748568080976e-07,True,,1465436,13,True
train,1377,RELD_MOEL,permutation_1,7.8319034576,7.831903457641602,7.831903587068327,True,,0,0,0.0,0.0,11,57,True,7.831903587068327,4.1601389000334166e-11,1.2942672533711175e-07,True,,1465436,48,True
train,1430,RELD_MOEL,permutation_1,7.771528244,7.771528244018555,7.771528761590753,True,,0,0,0.0,0.0,9,57,True,7.771528761590753,1.8554935365955316e-11,5.175721984329584e-07,True,,1465436,11,True
train,1591,RELD_MOEL,permutation_1,6.5997419357,6.5997419357299805,6.599741693070691,True,,0,0,1.4901161193847656e-08,0.0,10,58,True,6.599741693070691,2.998046255697773e-11,-2.42659289106939e-07,True,,1465436,34,True
train,2506,RELD_MOEL,permutation_1,9.775970459,9.775970458984375,9.775970833486568,True,,0,0,0.0,0.0,15,62,True,9.775970833486568,-1.5624834759364603e-11,3.745021928125425e-07,True,,1465436,11,True
train,2581,RELD_MOEL,permutation_1,9.3292655945,9.329265594482422,9.329265729679035,True,,0,0,2.2351741790771484e-08,0.0,11,63,True,9.329265729679035,-1.757882728270488e-11,1.3519661301586439e-07,True,,1465436,46,True
train,2940,RELD_MOEL,permutation_1,7.529282093,7.529282093048096,7.529281981747572,True,,0,0,1.1175870895385742e-08,0.0,11,64,True,7.529281981747572,4.809574960518148e-11,-1.113005234643083e-07,True,,1465436,1,True
train,2901,RELD_MOEL,permutation_1,9.4131412506,9.413141250610352,9.413140870338774,True,,0,0,0.0,0.0,13,64,True,9.413140870338774,1.035083130318526e-11,-3.802715777823096e-07,True,,1465436,5,True
train,2763,RELD_MOEL,permutation_1,10.9818782806,10.981878280639648,10.981877801064485,True,,0,0,0.0,0.0,14,64,True,10.981877801064485,3.964828465541359e-11,-4.79575163581103e-07,True,,1465436,50,True
train,3181,RELD_MOEL,permutation_1,11.3099994659,11.309999465942383,11.309999258020916,True,,0,0,0.0,0.0,15,66,True,11.309999258020916,4.2382097831250576e-11,-2.079214667105589e-07,True,,1465436,11,True
train,3212,RELD_MOEL,permutation_1,8.0028839111,8.002883911132812,8.002883885729029,True,,0,0,1.1175870895385742e-08,0.0,14,66,True,8.002883885729029,3.2812863537401427e-11,-2.5403783965316507e-08,True,,1465436,36,True
train,3442,RELD_MOEL,permutation_1,8.3528327942,8.352832794189453,8.352832741329571,True,,0,0,0.0,0.0,14,67,True,8.352832741329571,-1.0546230555519287e-11,-5.285988180503409e-08,True,,1465436,49,True
train,3839,RELD_MOEL,permutation_1,9.8263816833,9.82638168334961,9.82638152881774,True,,0,0,7.450580596923828e-09,0.0,11,69,True,9.82638152881774,4.9610093810770195e-11,-1.5453186996694512e-07,True,,1465436,9,True
train,4088,RELD_MOEL,permutation_1,6.0269584656,6.026958465576172,6.026958379985324,True,,0,0,2.2351741790771484e-08,0.0,10,70,True,6.026958379985324,-2.382805064371496e-11,-8.559084818671181e-08,True,,1465436,44,True
train,4113,RELD_MOEL,permutation_1,8.7382249832,8.738224983215332,8.738224427910907,True,,0,0,0.0,0.0,12,70,True,8.738224427910907,1.5331735880863562e-11,-5.553044246653371e-07,True,,1465436,30,True
train,4245,RELD_MOEL,permutation_1,10.9187707901,10.918770790100098,10.918771055457968,True,,0,0,0.0,0.0,16,71,True,10.918771055457968,9.769962616701378e-14,2.6535787078785233e-07,True,,1465436,68,True
train,4442,RELD_MOEL,permutation_1,11.3008918762,11.300891876220703,11.300891678936853,True,,0,0,0.0,0.0,13,72,True,11.300891678936853,2.070343896320992e-11,-1.9728384970107982e-07,True,,1465436,24,True
train,4412,RELD_MOEL,permutation_1,12.7703399658,12.770339965820312,12.770340640591959,True,,0,0,0.0,0.0,15,72,True,12.770340640591959,2.0312640458541864e-11,6.747716465582698e-07,True,,1465436,54,True
train,4870,RELD_MOEL,permutation_1,9.270904541,9.270904541015625,9.27090466148513,True,,0,0,2.7939677238464355e-08,0.0,11,74,True,9.27090466148513,1.5624834759364603e-11,1.2046950459421168e-07,True,,1465436,10,True
train,5037,RELD_MOEL,permutation_1,9.437002182,9.437002182006836,9.4370031513287,True,,0,0,1.862645149230957e-08,0.0,15,75,True,9.4370031513287,6.835421118012164e-12,9.693218636641632e-07,True,,1465436,19,True
train,4975,RELD_MOEL,permutation_1,10.9329833984,10.9329833984375,10.932983511279593,True,,0,0,0.0,0.0,17,75,True,10.932983511279593,3.750066923657869e-11,1.1284209300299608e-07,True,,1465436,4,True
train,5417,RELD_MOEL,permutation_1,10.2842464447,10.284246444702148,10.284246857061456,True,,0,0,0.0,0.0,13,77,True,10.284246857061456,2.147615418834903e-12,4.1235930758887207e-07,True,,1465436,65,True
train,5367,RELD_MOEL,permutation_1,9.4075336456,9.388444900512695,9.38844472080308,True,,0,0,0.0,0.0,14,77,True,9.38844472080308,-0.01908874508730385,-1.7970961607716163e-07,True,,1465436,34,True
train,5848,RELD_MOEL,permutation_1,12.8660116196,12.866011619567871,12.866011582417004,True,,0,0,0.0,0.0,19,79,True,12.866011582417004,-3.212896615423233e-11,-3.715086727140715e-08,True,,1465436,3,True
train,6065,RELD_MOEL,permutation_1,12.9187326431,12.918732643127441,12.918732930245813,True,,0,0,0.0,0.0,16,80,True,12.918732930245813,2.744116045505507e-11,2.871183717445547e-07,True,,1465436,2,True
train,6222,RELD_MOEL,permutation_1,8.0395822525,8.039582252502441,8.039582280970162,True,,0,0,0.0,0.0,13,81,True,8.039582280970162,2.440714297335944e-12,2.8467720625258153e-08,True,,1465436,24,True
train,6243,RELD_MOEL,permutation_1,11.2119598389,11.211959838867188,11.211960284570862,True,,0,0,0.0,0.0,16,81,True,11.211960284570862,-3.2812863537401427e-11,4.4570367485619045e-07,True,,1465436,37,True
train,6361,RELD_MOEL,permutation_1,7.6187086105,7.618708610534668,7.618708515504568,True,,0,0,3.725290298461914e-09,0.0,13,82,True,7.618708515504568,3.466826825615499e-11,-9.50301002333731e-08,True,,1465436,72,True
train,7009,RELD_MOEL,permutation_1,12.2991523743,12.299152374267578,12.29915300017199,True,,0,0,0.0,0.0,18,85,True,12.29915300017199,-3.242206503273337e-11,6.259044127432389e-07,True,,1465436,49,True
train,7178,RELD_MOEL,permutation_1,9.7410736084,9.741073608398438,9.741072810318387,True,,0,0,0.0,0.0,15,86,True,9.741072810318387,-1.5631940186722204e-12,-7.980800500462237e-07,True,,1465436,82,True
train,7175,RELD_MOEL,permutation_1,12.1710205078,12.1710205078125,12.171020052616687,True,,0,0,0.0,0.0,15,86,True,12.171020052616687,1.2500223078859563e-11,-4.551958134868528e-07,True,,1465436,5,True
train,7243,RELD_MOEL,permutation_1,11.7953777313,11.795377731323242,11.79537742334065,True,,0,0,0.0,0.0,18,86,True,11.79537742334065,2.3241852886712877e-11,-3.079825923180124e-07,True,,1465436,1,True
train,7377,RELD_MOEL,permutation_1,11.6142616272,11.614261627197266,11.61426190757691,True,,0,0,0.0,0.0,17,87,True,11.61426190757691,-2.7338131758369855e-12,2.8037964483473843e-07,True,,1465436,38,True
train,7301,RELD_MOEL,permutation_1,10.0623636246,10.062363624572754,10.062363385509613,True,,0,0,3.725290298461914e-09,0.0,13,87,True,10.062363385509613,-2.7245761202721042e-11,-2.390631408388799e-07,True,,1465436,82,True
train,7621,RELD_MOEL,permutation_1,8.34765625,8.34765625,8.34765595449308,True,,0,0,7.450580596923828e-09,0.0,15,88,True,8.34765595449308,0.0,-2.955069202670302e-07,True,,1465436,15,True
train,7496,RELD_MOEL,permutation_1,13.5493946075,13.549394607543945,13.549394294901406,True,,0,0,1.862645149230957e-08,0.0,15,88,True,13.549394294901406,4.3945291849922796e-11,-3.1264253941287734e-07,True,,1465436,42,True
train,7644,RELD_MOEL,permutation_1,12.4116630554,12.411663055419922,12.411662902893196,True,,0,0,0.0,0.0,16,88,True,12.411662902893196,1.992184195387381e-11,-1.5252672547205748e-07,True,,1465436,42,True
train,7852,RELD_MOEL,permutation_1,9.5793962479,9.57939624786377,9.57939650386829,True,,0,0,0.0,0.0,17,90,True,9.57939650386829,-3.623057409640751e-11,2.560045206934092e-07,True,,1465436,22,True
train,8075,RELD_MOEL,permutation_1,8.2416152954,8.241615295410156,8.241614600574446,True,,0,0,7.450580596923828e-09,0.0,12,91,True,8.241614600574446,1.0155432050851232e-11,-6.948357107461334e-07,True,,1465436,48,True
train,8408,RELD_MOEL,permutation_1,8.1300411224,8.130041122436523,8.130040556960008,True,,0,0,0.0,0.0,14,92,True,8.130040556960008,3.652367297490855e-11,-5.654765153906283e-07,True,,1465436,67,True
train,8611,RELD_MOEL,permutation_1,10.2823314667,10.282331466674805,10.282331295888746,True,,0,0,0.0,0.0,14,93,True,10.282331295888746,-2.5195845410053153e-11,-1.7078605907272504e-07,True,,1465436,48,True
train,8570,RELD_MOEL,permutation_1,10.3523674011,10.352367401123047,10.352366818460332,True,,0,0,0.0,0.0,17,93,True,10.352366818460332,2.304645363437885e-11,-5.826627145211205e-07,True,,1465436,78,True
train,8574,RELD_MOEL,permutation_1,9.2621965408,9.26219654083252,9.262196606122515,True,,0,0,1.4901161193847656e-08,0.0,13,93,True,9.262196606122515,3.2519764658900385e-11,6.52899956321562e-08,True,,1465436,83,True
train,8806,RELD_MOEL,permutation_1,14.2724246979,14.272424697875977,14.272425274860774,True,,0,0,0.0,0.0,15,94,True,14.272425274860774,-2.4023449896048987e-11,5.769847977177278e-07,True,,1465436,85,True
train,8681,RELD_MOEL,permutation_1,12.8595046997,12.859504699707031,12.859505323950962,True,,0,0,0.0,0.0,20,94,True,12.859505323950962,7.030820370346191e-12,6.242439312131864e-07,True,,1465436,48,True
train,8958,RELD_MOEL,permutation_1,16.2308139801,16.23081398010254,16.23081374019855,True,,0,0,0.0,0.0,19,95,True,16.23081374019855,2.540190280342358e-12,-2.3990399000695106e-07,True,,1465436,8,True
train,9107,RELD_MOEL,permutation_1,11.1234903336,11.123490333557129,11.123490237675325,True,,0,0,0.0,0.0,17,96,True,11.123490237675325,-4.2870595962085645e-11,-9.58818038299114e-08,True,,1465436,1,True
train,9057,RELD_MOEL,permutation_1,12.5544891357,12.554489135742188,12.554489692664662,True,,0,0,1.1175870895385742e-08,0.0,14,96,True,12.554489692664662,4.218669857891655e-11,5.569224743595669e-07,True,,1465436,80,True
train,9332,RELD_MOEL,permutation_1,7.8509969711,7.850996971130371,7.8509967538314935,True,,0,0,2.0489096641540527e-08,0.0,12,97,True,7.8509967538314935,3.037126106164578e-11,-2.1729887755839172e-07,True,,1465436,57,True
train,9475,RELD_MOEL,permutation_1,11.5966033936,11.596603393554688,11.596604434803965,True,,0,0,0.0,0.0,15,98,True,11.596604434803965,-4.531308661626099e-11,1.041249277022871e-06,True,,1465436,8,True
train,9425,RELD_MOEL,permutation_1,10.7735176086,10.773517608642578,10.773516921287595,True,,0,0,0.0,0.0,17,98,True,10.773516921287595,4.2577497083584603e-11,-6.873549835972881e-07,True,,1465436,73,True
train,9651,RELD_MOEL,permutation_1,15.4174127579,15.417412757873535,15.41741300233936,True,,0,0,0.0,0.0,19,99,True,15.41741300233936,-2.646416419338493e-11,2.4446582536086225e-07,True,,1465436,83,True
train,202,RELD_MOEL,permutation_2,7.7614750862,7.761475086212158,7.761474792336554,True,,0,0,0.0,0.0,12,51,True,7.761474792336554,1.2158274387275014e-11,-2.938756038517454e-07,True,,1490819,0,True
train,208,RELD_MOEL,permutation_2,9.7956104279,9.795610427856445,9.795611029320924,True,,0,0,3.725290298461914e-09,0.0,12,51,True,9.795611029320924,-4.355449334525474e-11,6.014644782226242e-07,True,,1490819,4,True
train,261,RELD_MOEL,permutation_2,8.2770175934,8.277017593383789,8.277017288278213,True,,0,0,0.0,0.0,9,51,True,8.277017288278213,-1.6211032516366686e-11,-3.051055763592103e-07,True,,1490819,41,True
train,540,RELD_MOEL,permutation_2,7.5289034843,7.528903484344482,7.528903677352141,True,,0,0,3.725290298461914e-09,0.0,12,52,True,7.528903677352141,4.448263979384137e-11,1.9300765874419312e-07,True,,1490819,41,True
train,720,RELD_MOEL,permutation_2,5.774523735,5.774523735046387,5.7745239496734495,True,,0,0,0.0,0.0,9,53,True,5.7745239496734495,4.638689432567844e-11,2.1462706278896349e-07,True,,1490819,32,True
train,700,RELD_MOEL,permutation_2,8.950469017,8.950469017028809,8.950469089971877,True,,0,0,0.0,0.0,14,53,True,8.950469089971877,2.8808955221393262e-11,7.294306847427379e-08,True,,1490819,28,True
train,726,RELD_MOEL,permutation_2,6.8916244507,6.891624450683594,6.8916245216619485,True,,0,0,0.0,0.0,12,53,True,6.8916245216619485,-1.6406431768700713e-11,7.097835474922931e-08,True,,1490819,39,True
train,872,RELD_MOEL,permutation_2,7.4471354485,7.4471354484558105,7.4471354068348194,True,,0,0,0.0,0.0,9,54,True,7.4471354068348194,-4.418954091534033e-11,-4.162099109805695e-08,True,,1490819,51,True
train,1068,RELD_MOEL,permutation_2,9.5187997818,9.518799781799316,9.51880013311599,True,,0,0,0.0,0.0,14,55,True,9.51880013311599,-6.838973831690964e-13,3.513166735302775e-07,True,,1490819,35,True
train,1103,RELD_MOEL,permutation_2,8.8703365326,8.870336532592773,8.870336789985204,True,,0,0,0.0,0.0,15,55,True,8.870336789985204,-7.226219622680219e-12,2.5739243092459674e-07,True,,1490819,33,True
train,1178,RELD_MOEL,permutation_2,9.7447433472,9.744743347167969,9.744743461449549,True,,0,0,0.0,0.0,11,55,True,9.744743461449549,-3.2031266528065316e-11,1.1428157975501563e-07,True,,1490819,7,True
train,1143,RELD_MOEL,permutation_2,9.5634822845,9.563482284545898,9.563481895249282,True,,0,0,0.0,0.0,10,55,True,9.563481895249282,4.589928437326307e-11,-3.8929661627662426e-07,True,,1490819,19,True
train,1012,RELD_MOEL,permutation_2,7.8863649368,7.886364936828613,7.88636524040347,True,,0,0,0.0,0.0,12,55,True,7.88636524040347,2.8613555969059234e-11,3.035748568080976e-07,True,,1490819,27,True
train,1377,RELD_MOEL,permutation_2,7.8319034576,7.831903457641602,7.831903587068327,True,,0,0,0.0,0.0,11,57,True,7.831903587068327,4.1601389000334166e-11,1.2942672533711175e-07,True,,1490819,25,True
train,1430,RELD_MOEL,permutation_2,7.771528244,7.771528244018555,7.771528761590753,True,,0,0,0.0,0.0,9,57,True,7.771528761590753,1.8554935365955316e-11,5.175721984329584e-07,True,,1490819,35,True
train,1591,RELD_MOEL,permutation_2,6.5997419357,6.5997419357299805,6.599741693070691,True,,0,0,1.4901161193847656e-08,0.0,10,58,True,6.599741693070691,2.998046255697773e-11,-2.42659289106939e-07,True,,1490819,46,True
train,2506,RELD_MOEL,permutation_2,9.775970459,9.775970458984375,9.775970833486568,True,,0,0,0.0,0.0,15,62,True,9.775970833486568,-1.5624834759364603e-11,3.745021928125425e-07,True,,1490819,22,True
train,2581,RELD_MOEL,permutation_2,9.3292655945,9.329265594482422,9.329265729679035,True,,0,0,2.2351741790771484e-08,0.0,11,63,True,9.329265729679035,-1.757882728270488e-11,1.3519661301586439e-07,True,,1490819,32,True
train,2940,RELD_MOEL,permutation_2,7.529282093,7.529282093048096,7.529281981747572,True,,0,0,1.1175870895385742e-08,0.0,11,64,True,7.529281981747572,4.809574960518148e-11,-1.113005234643083e-07,True,,1490819,45,True
train,2901,RELD_MOEL,permutation_2,9.4131412506,9.413141250610352,9.413140870338774,True,,0,0,0.0,0.0,13,64,True,9.413140870338774,1.035083130318526e-11,-3.802715777823096e-07,True,,1490819,48,True
train,2763,RELD_MOEL,permutation_2,10.9818782806,10.981878280639648,10.981877801064485,True,,0,0,0.0,0.0,14,64,True,10.981877801064485,3.964828465541359e-11,-4.79575163581103e-07,True,,1490819,40,True
train,3181,RELD_MOEL,permutation_2,11.3099994659,11.309999465942383,11.309999258020916,True,,0,0,0.0,0.0,15,66,True,11.309999258020916,4.2382097831250576e-11,-2.079214667105589e-07,True,,1490819,7,True
train,3212,RELD_MOEL,permutation_2,8.0028839111,8.002883911132812,8.002883885729029,True,,0,0,1.1175870895385742e-08,0.0,14,66,True,8.002883885729029,3.2812863537401427e-11,-2.5403783965316507e-08,True,,1490819,64,True
train,3442,RELD_MOEL,permutation_2,8.3528327942,8.352832794189453,8.352832741329571,True,,0,0,0.0,0.0,14,67,True,8.352832741329571,-1.0546230555519287e-11,-5.285988180503409e-08,True,,1490819,65,True
train,3839,RELD_MOEL,permutation_2,9.8263816833,9.82638168334961,9.82638152881774,True,,0,0,7.450580596923828e-09,0.0,11,69,True,9.82638152881774,4.9610093810770195e-11,-1.5453186996694512e-07,True,,1490819,34,True
train,4088,RELD_MOEL,permutation_2,6.0269584656,6.026958465576172,6.026958379985324,True,,0,0,2.2351741790771484e-08,0.0,10,70,True,6.026958379985324,-2.382805064371496e-11,-8.559084818671181e-08,True,,1490819,46,True
train,4113,RELD_MOEL,permutation_2,8.7382249832,8.738224983215332,8.738224427910907,True,,0,0,0.0,0.0,12,70,True,8.738224427910907,1.5331735880863562e-11,-5.553044246653371e-07,True,,1490819,14,True
train,4245,RELD_MOEL,permutation_2,10.9187707901,10.918770790100098,10.918771055457968,True,,0,0,0.0,0.0,16,71,True,10.918771055457968,9.769962616701378e-14,2.6535787078785233e-07,True,,1490819,36,True
train,4442,RELD_MOEL,permutation_2,11.3008918762,11.300891876220703,11.300891678936853,True,,0,0,0.0,0.0,13,72,True,11.300891678936853,2.070343896320992e-11,-1.9728384970107982e-07,True,,1490819,11,True
train,4412,RELD_MOEL,permutation_2,12.7703399658,12.770339965820312,12.770340640591959,True,,0,0,0.0,0.0,15,72,True,12.770340640591959,2.0312640458541864e-11,6.747716465582698e-07,True,,1490819,29,True
train,4870,RELD_MOEL,permutation_2,9.270904541,9.270904541015625,9.27090466148513,True,,0,0,2.7939677238464355e-08,0.0,11,74,True,9.27090466148513,1.5624834759364603e-11,1.2046950459421168e-07,True,,1490819,23,True
train,5037,RELD_MOEL,permutation_2,9.437002182,9.437002182006836,9.4370031513287,True,,0,0,1.862645149230957e-08,0.0,15,75,True,9.4370031513287,6.835421118012164e-12,9.693218636641632e-07,True,,1490819,46,True
train,4975,RELD_MOEL,permutation_2,10.9329833984,10.9329833984375,10.932983511279593,True,,0,0,0.0,0.0,17,75,True,10.932983511279593,3.750066923657869e-11,1.1284209300299608e-07,True,,1490819,58,True
train,5417,RELD_MOEL,permutation_2,10.2842464447,10.284246444702148,10.284246857061456,True,,0,0,0.0,0.0,13,77,True,10.284246857061456,2.147615418834903e-12,4.1235930758887207e-07,True,,1490819,52,True
train,5367,RELD_MOEL,permutation_2,9.4075336456,9.454559326171875,9.454558919338382,True,,0,0,0.0,0.0,13,77,True,9.454558919338382,0.04702568057187584,-4.0683349311620987e-07,True,,1490819,4,True
train,5848,RELD_MOEL,permutation_2,12.8660116196,12.866011619567871,12.866011582417004,True,,0,0,0.0,0.0,19,79,True,12.866011582417004,-3.212896615423233e-11,-3.715086727140715e-08,True,,1490819,29,True
train,6065,RELD_MOEL,permutation_2,12.9187326431,12.918732643127441,12.918732930245813,True,,0,0,0.0,0.0,16,80,True,12.918732930245813,2.744116045505507e-11,2.871183717445547e-07,True,,1490819,4,True
train,6222,RELD_MOEL,permutation_2,8.0395822525,8.039582252502441,8.039582280970162,True,,0,0,0.0,0.0,13,81,True,8.039582280970162,2.440714297335944e-12,2.8467720625258153e-08,True,,1490819,17,True
train,6243,RELD_MOEL,permutation_2,11.2119598389,11.211959838867188,11.211960284570862,True,,0,0,0.0,0.0,16,81,True,11.211960284570862,-3.2812863537401427e-11,4.4570367485619045e-07,True,,1490819,52,True
train,6361,RELD_MOEL,permutation_2,7.6187086105,7.618708610534668,7.618708515504568,True,,0,0,3.725290298461914e-09,0.0,13,82,True,7.618708515504568,3.466826825615499e-11,-9.50301002333731e-08,True,,1490819,77,True
train,7009,RELD_MOEL,permutation_2,12.2991523743,12.299152374267578,12.29915300017199,True,,0,0,0.0,0.0,18,85,True,12.29915300017199,-3.242206503273337e-11,6.259044127432389e-07,True,,1490819,80,True
train,7178,RELD_MOEL,permutation_2,9.7410736084,9.741073608398438,9.741072810318387,True,,0,0,0.0,0.0,15,86,True,9.741072810318387,-1.5631940186722204e-12,-7.980800500462237e-07,True,,1490819,61,True
train,7175,RELD_MOEL,permutation_2,12.1710205078,12.1710205078125,12.171020052616687,True,,0,0,0.0,0.0,15,86,True,12.171020052616687,1.2500223078859563e-11,-4.551958134868528e-07,True,,1490819,10,True
train,7243,RELD_MOEL,permutation_2,11.7953777313,11.795377731323242,11.79537742334065,True,,0,0,0.0,0.0,18,86,True,11.79537742334065,2.3241852886712877e-11,-3.079825923180124e-07,True,,1490819,49,True
train,7377,RELD_MOEL,permutation_2,11.6142616272,11.614261627197266,11.61426190757691,True,,0,0,0.0,0.0,17,87,True,11.61426190757691,-2.7338131758369855e-12,2.8037964483473843e-07,True,,1490819,65,True
train,7301,RELD_MOEL,permutation_2,10.0623636246,10.062363624572754,10.062363385509613,True,,0,0,3.725290298461914e-09,0.0,13,87,True,10.062363385509613,-2.7245761202721042e-11,-2.390631408388799e-07,True,,1490819,67,True
train,7621,RELD_MOEL,permutation_2,8.34765625,8.34765625,8.34765595449308,True,,0,0,7.450580596923828e-09,0.0,15,88,True,8.34765595449308,0.0,-2.955069202670302e-07,True,,1490819,58,True
train,7496,RELD_MOEL,permutation_2,13.5493946075,13.549394607543945,13.549394294901406,True,,0,0,1.862645149230957e-08,0.0,15,88,True,13.549394294901406,4.3945291849922796e-11,-3.1264253941287734e-07,True,,1490819,84,True
train,7644,RELD_MOEL,permutation_2,12.4116630554,12.411663055419922,12.411662902893196,True,,0,0,0.0,0.0,16,88,True,12.411662902893196,1.992184195387381e-11,-1.5252672547205748e-07,True,,1490819,50,True
train,7852,RELD_MOEL,permutation_2,9.5793962479,9.57939624786377,9.57939650386829,True,,0,0,0.0,0.0,17,90,True,9.57939650386829,-3.623057409640751e-11,2.560045206934092e-07,True,,1490819,9,True
train,8075,RELD_MOEL,permutation_2,8.2416152954,8.241615295410156,8.241614600574446,True,,0,0,7.450580596923828e-09,0.0,12,91,True,8.241614600574446,1.0155432050851232e-11,-6.948357107461334e-07,True,,1490819,80,True
train,8408,RELD_MOEL,permutation_2,8.1300411224,8.130041122436523,8.130040556960008,True,,0,0,0.0,0.0,14,92,True,8.130040556960008,3.652367297490855e-11,-5.654765153906283e-07,True,,1490819,61,True
train,8611,RELD_MOEL,permutation_2,10.2823314667,10.282331466674805,10.282331295888746,True,,0,0,0.0,0.0,14,93,True,10.282331295888746,-2.5195845410053153e-11,-1.7078605907272504e-07,True,,1490819,20,True
train,8570,RELD_MOEL,permutation_2,10.3523674011,10.352367401123047,10.352366818460332,True,,0,0,0.0,0.0,17,93,True,10.352366818460332,2.304645363437885e-11,-5.826627145211205e-07,True,,1490819,70,True
train,8574,RELD_MOEL,permutation_2,9.2621965408,9.26219654083252,9.262196606122515,True,,0,0,1.4901161193847656e-08,0.0,13,93,True,9.262196606122515,3.2519764658900385e-11,6.52899956321562e-08,True,,1490819,65,True
train,8806,RELD_MOEL,permutation_2,14.2724246979,14.272424697875977,14.272425274860774,True,,0,0,0.0,0.0,15,94,True,14.272425274860774,-2.4023449896048987e-11,5.769847977177278e-07,True,,1490819,28,True
train,8681,RELD_MOEL,permutation_2,12.8595046997,12.859504699707031,12.859505323950962,True,,0,0,0.0,0.0,20,94,True,12.859505323950962,7.030820370346191e-12,6.242439312131864e-07,True,,1490819,90,True
train,8958,RELD_MOEL,permutation_2,16.2308139801,16.23081398010254,16.23081374019855,True,,0,0,0.0,0.0,19,95,True,16.23081374019855,2.540190280342358e-12,-2.3990399000695106e-07,True,,1490819,31,True
train,9107,RELD_MOEL,permutation_2,11.1234903336,11.123490333557129,11.123490237675325,True,,0,0,0.0,0.0,17,96,True,11.123490237675325,-4.2870595962085645e-11,-9.58818038299114e-08,True,,1490819,75,True
train,9057,RELD_MOEL,permutation_2,12.5544891357,12.554489135742188,12.554489692664662,True,,0,0,1.1175870895385742e-08,0.0,14,96,True,12.554489692664662,4.218669857891655e-11,5.569224743595669e-07,True,,1490819,77,True
train,9332,RELD_MOEL,permutation_2,7.8509969711,7.850996971130371,7.8509967538314935,True,,0,0,2.0489096641540527e-08,0.0,12,97,True,7.8509967538314935,3.037126106164578e-11,-2.1729887755839172e-07,True,,1490819,72,True
train,9475,RELD_MOEL,permutation_2,11.5966033936,11.596603393554688,11.596604434803965,True,,0,0,0.0,0.0,15,98,True,11.596604434803965,-4.531308661626099e-11,1.041249277022871e-06,True,,1490819,92,True
train,9425,RELD_MOEL,permutation_2,10.7735176086,10.773517608642578,10.773516921287595,True,,0,0,0.0,0.0,17,98,True,10.773516921287595,4.2577497083584603e-11,-6.873549835972881e-07,True,,1490819,96,True
train,9651,RELD_MOEL,permutation_2,15.4174127579,15.417412757873535,15.41741300233936,True,,0,0,0.0,0.0,19,99,True,15.41741300233936,-2.646416419338493e-11,2.4446582536086225e-07,True,,1490819,89,True
train,202,RELD_MOEL,permutation_3,7.7614750862,7.761475086212158,7.761474792336554,True,,0,0,0.0,0.0,12,51,True,7.761474792336554,1.2158274387275014e-11,-2.938756038517454e-07,True,,1516515,13,True
train,208,RELD_MOEL,permutation_3,9.7956104279,9.795610427856445,9.795611029320924,True,,0,0,3.725290298461914e-09,0.0,12,51,True,9.795611029320924,-4.355449334525474e-11,6.014644782226242e-07,True,,1516515,34,True
train,261,RELD_MOEL,permutation_3,8.2770175934,8.277017593383789,8.277017288278213,True,,0,0,0.0,0.0,9,51,True,8.277017288278213,-1.6211032516366686e-11,-3.051055763592103e-07,True,,1516515,16,True
train,540,RELD_MOEL,permutation_3,7.5289034843,7.528903484344482,7.528903677352141,True,,0,0,3.725290298461914e-09,0.0,12,52,True,7.528903677352141,4.448263979384137e-11,1.9300765874419312e-07,True,,1516515,25,True
train,720,RELD_MOEL,permutation_3,5.774523735,5.774523735046387,5.7745239496734495,True,,0,0,0.0,0.0,9,53,True,5.7745239496734495,4.638689432567844e-11,2.1462706278896349e-07,True,,1516515,21,True
train,700,RELD_MOEL,permutation_3,8.950469017,8.950469017028809,8.950469089971877,True,,0,0,0.0,0.0,14,53,True,8.950469089971877,2.8808955221393262e-11,7.294306847427379e-08,True,,1516515,48,True
train,726,RELD_MOEL,permutation_3,6.8916244507,6.891624450683594,6.8916245216619485,True,,0,0,0.0,0.0,12,53,True,6.8916245216619485,-1.6406431768700713e-11,7.097835474922931e-08,True,,1516515,52,True
train,872,RELD_MOEL,permutation_3,7.4471354485,7.4471354484558105,7.4471354068348194,True,,0,0,0.0,0.0,9,54,True,7.4471354068348194,-4.418954091534033e-11,-4.162099109805695e-08,True,,1516515,4,True
train,1068,RELD_MOEL,permutation_3,9.5187997818,9.518799781799316,9.51880013311599,True,,0,0,0.0,0.0,14,55,True,9.51880013311599,-6.838973831690964e-13,3.513166735302775e-07,True,,1516515,35,True
train,1103,RELD_MOEL,permutation_3,8.8703365326,8.870336532592773,8.870336789985204,True,,0,0,0.0,0.0,15,55,True,8.870336789985204,-7.226219622680219e-12,2.5739243092459674e-07,True,,1516515,12,True
train,1178,RELD_MOEL,permutation_3,9.7447433472,9.744743347167969,9.744743461449549,True,,0,0,0.0,0.0,11,55,True,9.744743461449549,-3.2031266528065316e-11,1.1428157975501563e-07,True,,1516515,31,True
train,1143,RELD_MOEL,permutation_3,9.5634822845,9.563482284545898,9.563481895249282,True,,0,0,0.0,0.0,10,55,True,9.563481895249282,4.589928437326307e-11,-3.8929661627662426e-07,True,,1516515,33,True
train,1012,RELD_MOEL,permutation_3,7.8863649368,7.886364936828613,7.88636524040347,True,,0,0,0.0,0.0,12,55,True,7.88636524040347,2.8613555969059234e-11,3.035748568080976e-07,True,,1516515,1,True
train,1377,RELD_MOEL,permutation_3,7.8319034576,7.831903457641602,7.831903587068327,True,,0,0,0.0,0.0,11,57,True,7.831903587068327,4.1601389000334166e-11,1.2942672533711175e-07,True,,1516515,36,True
train,1430,RELD_MOEL,permutation_3,7.771528244,7.771528244018555,7.771528761590753,True,,0,0,0.0,0.0,9,57,True,7.771528761590753,1.8554935365955316e-11,5.175721984329584e-07,True,,1516515,8,True
train,1591,RELD_MOEL,permutation_3,6.5997419357,6.5997419357299805,6.599741693070691,True,,0,0,1.4901161193847656e-08,0.0,10,58,True,6.599741693070691,2.998046255697773e-11,-2.42659289106939e-07,True,,1516515,45,True
train,2506,RELD_MOEL,permutation_3,9.775970459,9.775970458984375,9.775970833486568,True,,0,0,0.0,0.0,15,62,True,9.775970833486568,-1.5624834759364603e-11,3.745021928125425e-07,True,,1516515,4,True
train,2581,RELD_MOEL,permutation_3,9.3292655945,9.329265594482422,9.329265729679035,True,,0,0,2.2351741790771484e-08,0.0,11,63,True,9.329265729679035,-1.757882728270488e-11,1.3519661301586439e-07,True,,1516515,39,True
train,2940,RELD_MOEL,permutation_3,7.529282093,7.529282093048096,7.529281981747572,True,,0,0,1.1175870895385742e-08,0.0,11,64,True,7.529281981747572,4.809574960518148e-11,-1.113005234643083e-07,True,,1516515,58,True
train,2901,RELD_MOEL,permutation_3,9.4131412506,9.413141250610352,9.413140870338774,True,,0,0,0.0,0.0,13,64,True,9.413140870338774,1.035083130318526e-11,-3.802715777823096e-07,True,,1516515,1,True
train,2763,RELD_MOEL,permutation_3,10.9818782806,10.981878280639648,10.981877801064485,True,,0,0,0.0,0.0,14,64,True,10.981877801064485,3.964828465541359e-11,-4.79575163581103e-07,True,,1516515,24,True
train,3181,RELD_MOEL,permutation_3,11.3099994659,11.309999465942383,11.309999258020916,True,,0,0,0.0,0.0,15,66,True,11.309999258020916,4.2382097831250576e-11,-2.079214667105589e-07,True,,1516515,47,True
train,3212,RELD_MOEL,permutation_3,8.0028839111,8.002883911132812,8.002883885729029,True,,0,0,1.1175870895385742e-08,0.0,14,66,True,8.002883885729029,3.2812863537401427e-11,-2.5403783965316507e-08,True,,1516515,1,True
train,3442,RELD_MOEL,permutation_3,8.3528327942,8.352832794189453,8.352832741329571,True,,0,0,0.0,0.0,14,67,True,8.352832741329571,-1.0546230555519287e-11,-5.285988180503409e-08,True,,1516515,66,True
train,3839,RELD_MOEL,permutation_3,9.8263816833,9.82638168334961,9.82638152881774,True,,0,0,7.450580596923828e-09,0.0,11,69,True,9.82638152881774,4.9610093810770195e-11,-1.5453186996694512e-07,True,,1516515,25,True
train,4088,RELD_MOEL,permutation_3,6.0269584656,6.026958465576172,6.026958379985324,True,,0,0,2.2351741790771484e-08,0.0,10,70,True,6.026958379985324,-2.382805064371496e-11,-8.559084818671181e-08,True,,1516515,8,True
train,4113,RELD_MOEL,permutation_3,8.7382249832,8.738224983215332,8.738224427910907,True,,0,0,0.0,0.0,12,70,True,8.738224427910907,1.5331735880863562e-11,-5.553044246653371e-07,True,,1516515,23,True
train,4245,RELD_MOEL,permutation_3,10.9187707901,10.918770790100098,10.918771055457968,True,,0,0,0.0,0.0,16,71,True,10.918771055457968,9.769962616701378e-14,2.6535787078785233e-07,True,,1516515,30,True
train,4442,RELD_MOEL,permutation_3,11.3008918762,11.300891876220703,11.300891678936853,True,,0,0,0.0,0.0,13,72,True,11.300891678936853,2.070343896320992e-11,-1.9728384970107982e-07,True,,1516515,32,True
train,4412,RELD_MOEL,permutation_3,12.7703399658,12.770339965820312,12.770340640591959,True,,0,0,0.0,0.0,15,72,True,12.770340640591959,2.0312640458541864e-11,6.747716465582698e-07,True,,1516515,33,True
train,4870,RELD_MOEL,permutation_3,9.270904541,9.270904541015625,9.27090466148513,True,,0,0,2.7939677238464355e-08,0.0,11,74,True,9.27090466148513,1.5624834759364603e-11,1.2046950459421168e-07,True,,1516515,37,True
train,5037,RELD_MOEL,permutation_3,9.437002182,9.437002182006836,9.4370031513287,True,,0,0,1.862645149230957e-08,0.0,15,75,True,9.4370031513287,6.835421118012164e-12,9.693218636641632e-07,True,,1516515,58,True
train,4975,RELD_MOEL,permutation_3,10.9329833984,10.9329833984375,10.932983511279593,True,,0,0,0.0,0.0,17,75,True,10.932983511279593,3.750066923657869e-11,1.1284209300299608e-07,True,,1516515,0,True
train,5417,RELD_MOEL,permutation_3,10.2842464447,10.284246444702148,10.284246857061456,True,,0,0,0.0,0.0,13,77,True,10.284246857061456,2.147615418834903e-12,4.1235930758887207e-07,True,,1516515,23,True
train,5367,RELD_MOEL,permutation_3,9.4075336456,9.422286987304688,9.422286903638206,True,,0,0,0.0,0.0,12,77,True,9.422286903638206,0.014753341704688339,-8.366648174273905e-08,True,,1516515,70,True
train,5848,RELD_MOEL,permutation_3,12.8660116196,12.866011619567871,12.866011582417004,True,,0,0,0.0,0.0,19,79,True,12.866011582417004,-3.212896615423233e-11,-3.715086727140715e-08,True,,1516515,51,True
train,6065,RELD_MOEL,permutation_3,12.9187326431,12.918732643127441,12.918732930245813,True,,0,0,0.0,0.0,16,80,True,12.918732930245813,2.744116045505507e-11,2.871183717445547e-07,True,,1516515,3,True
train,6222,RELD_MOEL,permutation_3,8.0395822525,8.039582252502441,8.039582280970162,True,,0,0,0.0,0.0,13,81,True,8.039582280970162,2.440714297335944e-12,2.8467720625258153e-08,True,,1516515,57,True
train,6243,RELD_MOEL,permutation_3,11.2119598389,11.211959838867188,11.211960284570862,True,,0,0,0.0,0.0,16,81,True,11.211960284570862,-3.2812863537401427e-11,4.4570367485619045e-07,True,,1516515,32,True
train,6361,RELD_MOEL,permutation_3,7.6187086105,7.618708610534668,7.618708515504568,True,,0,0,3.725290298461914e-09,0.0,13,82,True,7.618708515504568,3.466826825615499e-11,-9.50301002333731e-08,True,,1516515,5,True
train,7009,RELD_MOEL,permutation_3,12.2991523743,12.299152374267578,12.29915300017199,True,,0,0,0.0,0.0,18,85,True,12.29915300017199,-3.242206503273337e-11,6.259044127432389e-07,True,,1516515,73,True
train,7178,RELD_MOEL,permutation_3,9.7410736084,9.741073608398438,9.741072810318387,True,,0,0,0.0,0.0,15,86,True,9.741072810318387,-1.5631940186722204e-12,-7.980800500462237e-07,True,,1516515,75,True
train,7175,RELD_MOEL,permutation_3,12.1710205078,12.1710205078125,12.171020052616687,True,,0,0,0.0,0.0,15,86,True,12.171020052616687,1.2500223078859563e-11,-4.551958134868528e-07,True,,1516515,20,True
train,7243,RELD_MOEL,permutation_3,11.7953777313,11.795377731323242,11.79537742334065,True,,0,0,0.0,0.0,18,86,True,11.79537742334065,2.3241852886712877e-11,-3.079825923180124e-07,True,,1516515,60,True
train,7377,RELD_MOEL,permutation_3,11.6142616272,11.614261627197266,11.61426190757691,True,,0,0,0.0,0.0,17,87,True,11.61426190757691,-2.7338131758369855e-12,2.8037964483473843e-07,True,,1516515,50,True
train,7301,RELD_MOEL,permutation_3,10.0623636246,10.062363624572754,10.062363385509613,True,,0,0,3.725290298461914e-09,0.0,13,87,True,10.062363385509613,-2.7245761202721042e-11,-2.390631408388799e-07,True,,1516515,26,True
train,7621,RELD_MOEL,permutation_3,8.34765625,8.34765625,8.34765595449308,True,,0,0,7.450580596923828e-09,0.0,15,88,True,8.34765595449308,0.0,-2.955069202670302e-07,True,,1516515,42,True
train,7496,RELD_MOEL,permutation_3,13.5493946075,13.549394607543945,13.549394294901406,True,,0,0,1.862645149230957e-08,0.0,15,88,True,13.549394294901406,4.3945291849922796e-11,-3.1264253941287734e-07,True,,1516515,37,True
train,7644,RELD_MOEL,permutation_3,12.4116630554,12.411663055419922,12.411662902893196,True,,0,0,0.0,0.0,16,88,True,12.411662902893196,1.992184195387381e-11,-1.5252672547205748e-07,True,,1516515,40,True
train,7852,RELD_MOEL,permutation_3,9.5793962479,9.57939624786377,9.57939650386829,True,,0,0,0.0,0.0,17,90,True,9.57939650386829,-3.623057409640751e-11,2.560045206934092e-07,True,,1516515,18,True
train,8075,RELD_MOEL,permutation_3,8.2416152954,8.241615295410156,8.241614600574446,True,,0,0,7.450580596923828e-09,0.0,12,91,True,8.241614600574446,1.0155432050851232e-11,-6.948357107461334e-07,True,,1516515,52,True
train,8408,RELD_MOEL,permutation_3,8.1300411224,8.130041122436523,8.130040556960008,True,,0,0,0.0,0.0,14,92,True,8.130040556960008,3.652367297490855e-11,-5.654765153906283e-07,True,,1516515,47,True
train,8611,RELD_MOEL,permutation_3,10.2823314667,10.282331466674805,10.282331295888746,True,,0,0,0.0,0.0,14,93,True,10.282331295888746,-2.5195845410053153e-11,-1.7078605907272504e-07,True,,1516515,53,True
train,8570,RELD_MOEL,permutation_3,10.3523674011,10.352367401123047,10.352366818460332,True,,0,0,0.0,0.0,17,93,True,10.352366818460332,2.304645363437885e-11,-5.826627145211205e-07,True,,1516515,56,True
train,8574,RELD_MOEL,permutation_3,9.2621965408,9.26219654083252,9.262196606122515,True,,0,0,1.4901161193847656e-08,0.0,13,93,True,9.262196606122515,3.2519764658900385e-11,6.52899956321562e-08,True,,1516515,25,True
train,8806,RELD_MOEL,permutation_3,14.2724246979,14.272424697875977,14.272425274860774,True,,0,0,0.0,0.0,15,94,True,14.272425274860774,-2.4023449896048987e-11,5.769847977177278e-07,True,,1516515,4,True
train,8681,RELD_MOEL,permutation_3,12.8595046997,12.859504699707031,12.859505323950962,True,,0,0,0.0,0.0,20,94,True,12.859505323950962,7.030820370346191e-12,6.242439312131864e-07,True,,1516515,25,True
train,8958,RELD_MOEL,permutation_3,16.2308139801,16.23081398010254,16.23081374019855,True,,0,0,0.0,0.0,19,95,True,16.23081374019855,2.540190280342358e-12,-2.3990399000695106e-07,True,,1516515,55,True
train,9107,RELD_MOEL,permutation_3,11.1234903336,11.123490333557129,11.123490237675325,True,,0,0,0.0,0.0,17,96,True,11.123490237675325,-4.2870595962085645e-11,-9.58818038299114e-08,True,,1516515,29,True
train,9057,RELD_MOEL,permutation_3,12.5544891357,12.554489135742188,12.554489692664662,True,,0,0,1.1175870895385742e-08,0.0,14,96,True,12.554489692664662,4.218669857891655e-11,5.569224743595669e-07,True,,1516515,17,True
train,9332,RELD_MOEL,permutation_3,7.8509969711,7.850996971130371,7.8509967538314935,True,,0,0,2.0489096641540527e-08,0.0,12,97,True,7.8509967538314935,3.037126106164578e-11,-2.1729887755839172e-07,True,,1516515,2,True
train,9475,RELD_MOEL,permutation_3,11.5966033936,11.596603393554688,11.596604434803965,True,,0,0,0.0,0.0,15,98,True,11.596604434803965,-4.531308661626099e-11,1.041249277022871e-06,True,,1516515,66,True
train,9425,RELD_MOEL,permutation_3,10.7735176086,10.773517608642578,10.773516921287595,True,,0,0,0.0,0.0,17,98,True,10.773516921287595,4.2577497083584603e-11,-6.873549835972881e-07,True,,1516515,62,True
train,9651,RELD_MOEL,permutation_3,15.4174127579,15.417412757873535,15.41741300233936,True,,0,0,0.0,0.0,19,99,True,15.41741300233936,-2.646416419338493e-11,2.4446582536086225e-07,True,,1516515,32,True
train,202,RELD_MTL,original_0,7.7714262009,7.771426200866699,7.77142680446722,True,,0,0,0.0,0.0,13,51,True,7.77142680446722,-3.3300473489816795e-11,6.036005206766504e-07,True,True,1399791,16,True
train,208,RELD_MTL,original_0,10.0321750641,10.032175064086914,10.032175543249668,True,,0,0,0.0,0.0,12,51,True,10.032175543249668,-1.3086420835861645e-11,4.791627539191268e-07,True,True,1399791,21,True
train,261,RELD_MTL,original_0,7.8888554573,7.888855457305908,7.8888550004920495,True,,0,0,0.0,0.0,10,51,True,7.8888550004920495,5.908162847845233e-12,-4.568138587401904e-07,True,True,1399791,32,True
train,540,RELD_MTL,original_0,7.9747729301,7.974772930145264,7.974772884727213,True,,0,0,0.0,0.0,12,52,True,7.974772884727213,4.526334862475778e-11,-4.541805065372273e-08,True,True,1399791,30,True
train,720,RELD_MTL,original_0,5.8652420044,5.865242004394531,5.865241971924577,True,,0,0,0.0,0.0,9,53,True,5.865241971924577,-5.468514530093671e-12,-3.246995383676676e-08,True,True,1399791,32,True
train,700,RELD_MTL,original_0,8.8419036865,8.841903686523438,8.841903734181336,True,,0,0,0.0,0.0,13,53,True,8.841903734181336,2.3437252139046905e-11,4.765789896055139e-08,True,True,1399791,0,True
train,726,RELD_MTL,original_0,6.9627790451,6.9627790451049805,6.962778958491981,True,,0,0,0.0,0.0,12,53,True,6.962778958491981,4.980904577678302e-12,-8.66129994392395e-08,True,True,1399791,9,True
train,872,RELD_MTL,original_0,7.4238052368,7.423805236816406,7.42380557461591,True,,0,0,0.0,0.0,9,54,True,7.42380557461591,1.6406431768700713e-11,3.377995039244297e-07,True,True,1399791,5,True
train,1068,RELD_MTL,original_0,9.5643768311,9.564376831054688,9.564377544754448,True,,0,0,0.0,0.0,14,55,True,9.564377544754448,-4.531308661626099e-11,7.136997606238538e-07,True,True,1399791,9,True
train,1103,RELD_MTL,original_0,9.0777111053,9.07771110534668,9.077710928426768,True,,0,0,0.0,0.0,15,55,True,9.077710928426768,4.667910502575978e-11,-1.7691991160972975e-07,True,True,1399791,25,True
train,1178,RELD_MTL,original_0,9.3217334747,9.321733474731445,9.321733282130339,True,,0,0,0.0,0.0,10,55,True,9.321733282130339,3.1445068771063234e-11,-1.9260110661889485e-07,True,True,1399791,45,True
train,1143,RELD_MTL,original_0,9.4715461731,9.471546173095703,9.47154681506023,True,,0,0,0.0,0.0,10,55,True,9.47154681506023,-4.297007194509206e-12,6.41964527758887e-07,True,True,1399791,35,True
train,1012,RELD_MTL,original_0,7.8868803978,7.886880397796631,7.88688008257985,True,,0,0,0.0,0.0,13,55,True,7.88688008257985,-3.368860745922575e-12,-3.1521678067747416e-07,True,True,1399791,36,True
train,1377,RELD_MTL,original_0,7.7875595093,7.787559509277344,7.7875592984086435,True,,0,0,0.0,0.0,11,57,True,7.7875592984086435,-2.2656543308130495e-11,-2.1086870027886562e-07,True,True,1399791,22,True
train,1430,RELD_MTL,original_0,7.851931572,7.851931571960449,7.851931639046999,True,,0,0,0.0,0.0,10,57,True,7.851931639046999,-3.9550585029246577e-11,6.708654964882044e-08,True,True,1399791,13,True
train,1591,RELD_MTL,original_0,6.7048988342,6.704898834228516,6.704898943466101,True,,0,0,2.0489096641540527e-08,0.0,10,58,True,6.704898943466101,2.851585634289222e-11,1.0923758519965077e-07,True,True,1399791,33,True
train,2506,RELD_MTL,original_0,10.1510810852,10.151081085205078,10.151080440342488,True,,0,0,0.0,0.0,15,62,True,10.151080440342488,5.078604203845316e-12,-6.448625899935223e-07,True,True,1399791,39,True
train,2581,RELD_MTL,original_0,8.9099836349,8.90998363494873,8.90998320090072,True,,0,0,2.9802322387695312e-08,0.0,10,63,True,8.90998320090072,4.873079717526707e-11,-4.340480099784827e-07,True,True,1399791,42,True
train,2940,RELD_MTL,original_0,7.4872159958,7.487215995788574,7.4872158257922115,True,,0,0,0.0,0.0,11,64,True,7.4872158257922115,-1.1425527191022411e-11,-1.6999636276437968e-07,True,True,1399791,60,True
train,2901,RELD_MTL,original_0,9.6096858978,9.609685897827148,9.609685668604726,True,,0,0,0.0,0.0,13,64,True,9.609685668604726,2.7148061576554028e-11,-2.2922242237655155e-07,True,True,1399791,39,True
train,2763,RELD_MTL,original_0,11.3180522919,11.318052291870117,11.31805215875685,True,,0,0,0.0,0.0,14,64,True,11.31805215875685,-2.9883651109230414e-11,-1.3311326796383582e-07,True,True,1399791,40,True
train,3181,RELD_MTL,original_0,11.3180046082,11.318004608154297,11.31800425229061,True,,0,0,0.0,0.0,15,66,True,11.31800425229061,-4.5703885120929044e-11,-3.5586368696272075e-07,True,True,1399791,0,True
train,3212,RELD_MTL,original_0,6.830956459,6.83095645904541,6.830955701826139,True,,0,0,0.0,0.0,11,66,True,6.830955701826139,4.54098980640083e-11,-7.572192712856918e-07,True,True,1399791,65,True
train,3442,RELD_MTL,original_0,8.5235595703,8.5235595703125,8.523560312762628,True,,0,0,0.0,0.0,14,67,True,8.523560312762628,1.2500223078859563e-11,7.424501280439699e-07,True,True,1399791,61,True
train,3839,RELD_MTL,original_0,9.7463378906,9.746337890625,9.74633723635738,True,,0,0,7.450580596923828e-09,0.0,10,69,True,9.74633723635738,2.5000446157719125e-11,-6.542676196374941e-07,True,True,1399791,18,True
train,4088,RELD_MTL,original_0,6.1136288643,6.11362886428833,6.113628744534156,True,,0,0,2.2351741790771484e-08,0.0,11,70,True,6.113628744534156,-1.1669776256439945e-11,-1.1975417368859098e-07,True,True,1399791,32,True
train,4113,RELD_MTL,original_0,8.5975456238,8.597545623779297,8.597545458172444,True,,0,0,7.450580596923828e-09,0.0,11,70,True,8.597545458172444,-2.070343896320992e-11,-1.6560685267563713e-07,True,True,1399791,62,True
train,4245,RELD_MTL,original_0,11.1766405106,11.176640510559082,11.176640557052819,True,,0,0,0.0,0.0,16,71,True,11.176640557052819,-4.091837979558477e-11,4.649373686049785e-08,True,True,1399791,13,True
train,4442,RELD_MTL,original_0,10.9791698456,10.979169845581055,10.97916882690393,True,,0,0,0.0,0.0,13,72,True,10.97916882690393,-1.894484569220367e-11,-1.0186771248754667e-06,True,True,1399791,23,True
train,4412,RELD_MTL,original_0,12.6285514832,12.628551483154297,12.628552373100957,True,,0,0,0.0,0.0,14,72,True,12.628552373100957,-4.5703885120929044e-11,8.899466603651263e-07,True,True,1399791,30,True
train,4870,RELD_MTL,original_0,9.2751684189,9.275168418884277,9.27516804355463,True,,0,0,1.4901161193847656e-08,0.0,11,74,True,9.27516804355463,-1.5722534385531617e-11,-3.753296464736877e-07,True,True,1399791,11,True
train,5037,RELD_MTL,original_0,9.5000534058,9.500053405761719,9.500052984232976,True,,0,0,2.60770320892334e-08,0.0,15,75,True,9.500052984232976,-3.82804898890754e-11,-4.215287425779479e-07,True,True,1399791,14,True
train,4975,RELD_MTL,original_0,10.7756690979,10.77566909790039,10.775668804074458,True,,0,0,0.0,0.0,15,75,True,10.775668804074458,3.907985046680551e-13,-2.9382593247362365e-07,True,True,1399791,47,True
train,5417,RELD_MTL,original_0,10.1124267578,10.1124267578125,10.112426402035029,True,,0,0,0.0,0.0,13,77,True,10.112426402035029,1.2500223078859563e-11,-3.5577747148352046e-07,True,True,1399791,3,True
train,5367,RELD_MTL,original_0,9.0747528076,9.074752807617188,9.074752510213617,True,,0,0,0.0,0.0,14,77,True,9.074752510213617,1.7188028778036823e-11,-2.974035702152378e-07,True,True,1399791,36,True
train,5848,RELD_MTL,original_0,12.7689495087,12.768949508666992,12.768949758068343,True,,0,0,0.0,0.0,18,79,True,12.768949758068343,-3.3008262789735454e-11,2.4940135112672124e-07,True,True,1399791,72,True
train,6065,RELD_MTL,original_0,13.23432827,13.234328269958496,13.234328220582253,True,,0,0,0.0,0.0,17,80,True,13.234328220582253,-4.150457755258685e-11,-4.937624353829051e-08,True,True,1399791,60,True
train,6222,RELD_MTL,original_0,8.2373752594,8.237375259399414,8.237375748711294,True,,0,0,0.0,0.0,12,81,True,8.237375748711294,-5.861977570020827e-13,4.893118799031981e-07,True,True,1399791,15,True
train,6243,RELD_MTL,original_0,11.000287056,11.000287055969238,11.000287432464155,True,,0,0,0.0,0.0,16,81,True,11.000287432464155,-3.076117138789414e-11,3.7649491702040905e-07,True,True,1399791,54,True
train,6361,RELD_MTL,original_0,7.2086982727,7.208698272705078,7.208698463420421,True,,0,0,0.0,0.0,11,82,True,7.208698463420421,5.077716025425616e-12,1.9071534307357751e-07,True,True,1399791,65,True
train,7009,RELD_MTL,original_0,12.1654024124,12.16540241241455,12.165402619814483,True,,0,0,0.0,0.0,16,85,True,12.165402619814483,1.4550138871527452e-11,2.0739993189522465e-07,True,True,1399791,82,True
train,7178,RELD_MTL,original_0,9.6283054352,9.628305435180664,9.62830539859303,True,,0,0,0.0,0.0,14,86,True,9.62830539859303,-1.9335644196871726e-11,-3.6587634255624835e-08,True,True,1399791,57,True
train,7175,RELD_MTL,original_0,12.2015619278,12.20156192779541,12.201562531159913,True,,0,0,0.0,0.0,15,86,True,12.201562531159913,-4.590106073010247e-12,6.033645032488266e-07,True,True,1399791,0,True
train,7243,RELD_MTL,original_0,11.9153118134,11.915311813354492,11.915311987535057,True,,0,0,0.0,0.0,19,86,True,11.915311987535057,-4.5508485868595017e-11,1.7418056508233803e-07,True,True,1399791,2,True
train,7377,RELD_MTL,original_0,11.6807975769,11.680797576904297,11.680797503039072,True,,0,0,0.0,0.0,18,87,True,11.680797503039072,4.297007194509206e-12,-7.386522504759796e-08,True,True,1399791,82,True
train,7301,RELD_MTL,original_0,9.9384593964,9.938459396362305,9.938459971995213,True,,0,0,0.0,0.0,13,87,True,9.938459971995213,-3.7696068488912715e-11,5.756329084505296e-07,True,True,1399791,14,True
train,7621,RELD_MTL,original_0,8.2852506638,8.285250663757324,8.285250296214008,True,,0,0,3.725290298461914e-09,0.0,14,88,True,8.285250296214008,-4.267519670975162e-11,-3.6754331667054885e-07,True,True,1399791,60,True
train,7496,RELD_MTL,original_0,13.8029079437,13.802907943725586,13.80290812866042,True,,0,0,0.0,0.0,16,88,True,13.80290812866042,2.5586643914721208e-11,1.8493483366910368e-07,True,True,1399791,14,True
train,7644,RELD_MTL,original_0,12.0590171814,12.059017181396484,12.059017733953755,True,,0,0,0.0,0.0,14,88,True,12.059017733953755,-3.5154101851730957e-12,5.525572710496363e-07,True,True,1399791,18,True
train,7852,RELD_MTL,original_0,9.7611618042,9.761161804199219,9.761162424147722,True,,0,0,0.0,0.0,16,90,True,9.761162424147722,-7.815970093361102e-13,6.199485031999075e-07,True,True,1399791,45,True
train,8075,RELD_MTL,original_0,8.1696586609,8.169658660888672,8.169658298629646,True,,0,0,0.0,0.0,12,91,True,8.169658298629646,-1.1327827564855397e-11,-3.6225902633191254e-07,True,True,1399791,39,True
train,8408,RELD_MTL,original_0,8.0363483429,8.036348342895508,8.03634873928709,True,,0,0,0.0,0.0,14,92,True,8.03634873928709,-4.4924064468432334e-12,3.9639158266879804e-07,True,True,1399791,61,True
train,8611,RELD_MTL,original_0,10.5421409607,10.54214096069336,10.542140957260935,True,,0,0,0.0,0.0,15,93,True,10.542140957260935,-6.640021865678136e-12,-3.432424122706834e-09,True,True,1399791,89,True
train,8570,RELD_MTL,original_0,10.5844268799,10.584426879882812,10.584426978524013,True,,0,0,0.0,0.0,18,93,True,10.584426978524013,-1.7188028778036823e-11,9.864120009694943e-08,True,True,1399791,14,True
train,8574,RELD_MTL,original_0,8.9657335281,8.965733528137207,8.96573373088355,True,,0,0,3.725290298461914e-09,0.0,13,93,True,8.96573373088355,3.7207570358077646e-11,2.0274634238148792e-07,True,True,1399791,26,True
train,8806,RELD_MTL,original_0,14.6276321411,14.627632141113281,14.627632262106326,True,,0,0,1.1175870895385742e-08,0.0,15,94,True,14.627632262106326,1.3281820088195673e-11,1.209930449164176e-07,True,True,1399791,65,True
train,8681,RELD_MTL,original_0,12.6419467926,12.641946792602539,12.641946116650848,True,,0,0,0.0,0.0,20,94,True,12.641946116650848,2.538413923502958e-12,-6.759516910648244e-07,True,True,1399791,7,True
train,8958,RELD_MTL,original_0,16.0618896484,16.0618896484375,16.06188981021958,True,,0,0,0.0,0.0,19,95,True,16.06188981021958,3.749889287973929e-11,1.6178207928874144e-07,True,True,1399791,28,True
train,9107,RELD_MTL,original_0,11.1348876953,11.1348876953125,11.134888408274477,True,,0,0,0.0,0.0,18,96,True,11.134888408274477,1.2500223078859563e-11,7.129619774559615e-07,True,True,1399791,21,True
train,9057,RELD_MTL,original_0,12.8995513916,12.899551391601562,12.899552043761558,True,,0,0,9.313225746154785e-09,0.0,15,96,True,12.899552043761558,1.5631940186722204e-12,6.521599953401847e-07,True,True,1399791,32,True
train,9332,RELD_MTL,original_0,7.981092453,7.98109245300293,7.981092275611424,True,,0,0,2.2351741790771484e-08,0.0,13,97,True,7.981092275611424,2.930100606590713e-12,-1.773915059288811e-07,True,True,1399791,61,True
train,9475,RELD_MTL,original_0,11.9908313751,11.99083137512207,11.990831110657414,True,,0,0,0.0,0.0,16,98,True,11.990831110657414,2.2069457372708712e-11,-2.644646563965125e-07,True,True,1399791,60,True
train,9425,RELD_MTL,original_0,10.3552513123,10.35525131225586,10.355250666714623,True,,0,0,0.0,0.0,16,98,True,10.355250666714623,-4.4140691102256824e-11,-6.455412364658741e-07,True,True,1399791,54,True
train,9651,RELD_MTL,original_0,15.7962627411,15.796262741088867,15.796262261797493,True,,0,0,0.0,0.0,19,99,True,15.796262261797493,-1.113242831252137e-11,-4.792913745887972e-07,True,True,1399791,39,True
train,202,RELD_MTL,original_1,7.7714262009,7.771426200866699,7.77142680446722,True,,0,0,0.0,0.0,13,51,True,7.77142680446722,-3.3300473489816795e-11,6.036005206766504e-07,True,True,1426121,16,True
train,208,RELD_MTL,original_1,10.0321750641,10.032175064086914,10.032175543249668,True,,0,0,0.0,0.0,12,51,True,10.032175543249668,-1.3086420835861645e-11,4.791627539191268e-07,True,True,1426121,21,True
train,261,RELD_MTL,original_1,7.8888554573,7.888855457305908,7.8888550004920495,True,,0,0,0.0,0.0,10,51,True,7.8888550004920495,5.908162847845233e-12,-4.568138587401904e-07,True,True,1426121,32,True
train,540,RELD_MTL,original_1,7.9747729301,7.974772930145264,7.974772884727213,True,,0,0,0.0,0.0,12,52,True,7.974772884727213,4.526334862475778e-11,-4.541805065372273e-08,True,True,1426121,30,True
train,720,RELD_MTL,original_1,5.8652420044,5.865242004394531,5.865241971924577,True,,0,0,0.0,0.0,9,53,True,5.865241971924577,-5.468514530093671e-12,-3.246995383676676e-08,True,True,1426121,32,True
train,700,RELD_MTL,original_1,8.8419036865,8.841903686523438,8.841903734181336,True,,0,0,0.0,0.0,13,53,True,8.841903734181336,2.3437252139046905e-11,4.765789896055139e-08,True,True,1426121,0,True
train,726,RELD_MTL,original_1,6.9627790451,6.9627790451049805,6.962778958491981,True,,0,0,0.0,0.0,12,53,True,6.962778958491981,4.980904577678302e-12,-8.66129994392395e-08,True,True,1426121,9,True
train,872,RELD_MTL,original_1,7.4238052368,7.423805236816406,7.42380557461591,True,,0,0,0.0,0.0,9,54,True,7.42380557461591,1.6406431768700713e-11,3.377995039244297e-07,True,True,1426121,5,True
train,1068,RELD_MTL,original_1,9.5643768311,9.564376831054688,9.564377544754448,True,,0,0,0.0,0.0,14,55,True,9.564377544754448,-4.531308661626099e-11,7.136997606238538e-07,True,True,1426121,9,True
train,1103,RELD_MTL,original_1,9.0777111053,9.07771110534668,9.077710928426768,True,,0,0,0.0,0.0,15,55,True,9.077710928426768,4.667910502575978e-11,-1.7691991160972975e-07,True,True,1426121,25,True
train,1178,RELD_MTL,original_1,9.3217334747,9.321733474731445,9.321733282130339,True,,0,0,0.0,0.0,10,55,True,9.321733282130339,3.1445068771063234e-11,-1.9260110661889485e-07,True,True,1426121,45,True
train,1143,RELD_MTL,original_1,9.4715461731,9.471546173095703,9.47154681506023,True,,0,0,0.0,0.0,10,55,True,9.47154681506023,-4.297007194509206e-12,6.41964527758887e-07,True,True,1426121,35,True
train,1012,RELD_MTL,original_1,7.8868803978,7.886880397796631,7.88688008257985,True,,0,0,0.0,0.0,13,55,True,7.88688008257985,-3.368860745922575e-12,-3.1521678067747416e-07,True,True,1426121,36,True
train,1377,RELD_MTL,original_1,7.7875595093,7.787559509277344,7.7875592984086435,True,,0,0,0.0,0.0,11,57,True,7.7875592984086435,-2.2656543308130495e-11,-2.1086870027886562e-07,True,True,1426121,22,True
train,1430,RELD_MTL,original_1,7.851931572,7.851931571960449,7.851931639046999,True,,0,0,0.0,0.0,10,57,True,7.851931639046999,-3.9550585029246577e-11,6.708654964882044e-08,True,True,1426121,13,True
train,1591,RELD_MTL,original_1,6.7048988342,6.704898834228516,6.704898943466101,True,,0,0,2.0489096641540527e-08,0.0,10,58,True,6.704898943466101,2.851585634289222e-11,1.0923758519965077e-07,True,True,1426121,33,True
train,2506,RELD_MTL,original_1,10.1510810852,10.151081085205078,10.151080440342488,True,,0,0,0.0,0.0,15,62,True,10.151080440342488,5.078604203845316e-12,-6.448625899935223e-07,True,True,1426121,39,True
train,2581,RELD_MTL,original_1,8.9099836349,8.90998363494873,8.90998320090072,True,,0,0,2.9802322387695312e-08,0.0,10,63,True,8.90998320090072,4.873079717526707e-11,-4.340480099784827e-07,True,True,1426121,42,True
train,2940,RELD_MTL,original_1,7.4872159958,7.487215995788574,7.4872158257922115,True,,0,0,0.0,0.0,11,64,True,7.4872158257922115,-1.1425527191022411e-11,-1.6999636276437968e-07,True,True,1426121,60,True
train,2901,RELD_MTL,original_1,9.6096858978,9.609685897827148,9.609685668604726,True,,0,0,0.0,0.0,13,64,True,9.609685668604726,2.7148061576554028e-11,-2.2922242237655155e-07,True,True,1426121,39,True
train,2763,RELD_MTL,original_1,11.3180522919,11.318052291870117,11.31805215875685,True,,0,0,0.0,0.0,14,64,True,11.31805215875685,-2.9883651109230414e-11,-1.3311326796383582e-07,True,True,1426121,40,True
train,3181,RELD_MTL,original_1,11.3180046082,11.318004608154297,11.31800425229061,True,,0,0,0.0,0.0,15,66,True,11.31800425229061,-4.5703885120929044e-11,-3.5586368696272075e-07,True,True,1426121,0,True
train,3212,RELD_MTL,original_1,6.830956459,6.83095645904541,6.830955701826139,True,,0,0,0.0,0.0,11,66,True,6.830955701826139,4.54098980640083e-11,-7.572192712856918e-07,True,True,1426121,65,True
train,3442,RELD_MTL,original_1,8.5235595703,8.5235595703125,8.523560312762628,True,,0,0,0.0,0.0,14,67,True,8.523560312762628,1.2500223078859563e-11,7.424501280439699e-07,True,True,1426121,61,True
train,3839,RELD_MTL,original_1,9.7463378906,9.746337890625,9.74633723635738,True,,0,0,7.450580596923828e-09,0.0,10,69,True,9.74633723635738,2.5000446157719125e-11,-6.542676196374941e-07,True,True,1426121,18,True
train,4088,RELD_MTL,original_1,6.1136288643,6.11362886428833,6.113628744534156,True,,0,0,2.2351741790771484e-08,0.0,11,70,True,6.113628744534156,-1.1669776256439945e-11,-1.1975417368859098e-07,True,True,1426121,32,True
train,4113,RELD_MTL,original_1,8.5975456238,8.597545623779297,8.597545458172444,True,,0,0,7.450580596923828e-09,0.0,11,70,True,8.597545458172444,-2.070343896320992e-11,-1.6560685267563713e-07,True,True,1426121,62,True
train,4245,RELD_MTL,original_1,11.1766405106,11.176640510559082,11.176640557052819,True,,0,0,0.0,0.0,16,71,True,11.176640557052819,-4.091837979558477e-11,4.649373686049785e-08,True,True,1426121,13,True
train,4442,RELD_MTL,original_1,10.9791698456,10.979169845581055,10.97916882690393,True,,0,0,0.0,0.0,13,72,True,10.97916882690393,-1.894484569220367e-11,-1.0186771248754667e-06,True,True,1426121,23,True
train,4412,RELD_MTL,original_1,12.6285514832,12.628551483154297,12.628552373100957,True,,0,0,0.0,0.0,14,72,True,12.628552373100957,-4.5703885120929044e-11,8.899466603651263e-07,True,True,1426121,30,True
train,4870,RELD_MTL,original_1,9.2751684189,9.275168418884277,9.27516804355463,True,,0,0,1.4901161193847656e-08,0.0,11,74,True,9.27516804355463,-1.5722534385531617e-11,-3.753296464736877e-07,True,True,1426121,11,True
train,5037,RELD_MTL,original_1,9.5000534058,9.500053405761719,9.500052984232976,True,,0,0,2.60770320892334e-08,0.0,15,75,True,9.500052984232976,-3.82804898890754e-11,-4.215287425779479e-07,True,True,1426121,14,True
train,4975,RELD_MTL,original_1,10.7756690979,10.77566909790039,10.775668804074458,True,,0,0,0.0,0.0,15,75,True,10.775668804074458,3.907985046680551e-13,-2.9382593247362365e-07,True,True,1426121,47,True
train,5417,RELD_MTL,original_1,10.1124267578,10.1124267578125,10.112426402035029,True,,0,0,0.0,0.0,13,77,True,10.112426402035029,1.2500223078859563e-11,-3.5577747148352046e-07,True,True,1426121,3,True
train,5367,RELD_MTL,original_1,9.0747528076,9.074752807617188,9.074752510213617,True,,0,0,0.0,0.0,14,77,True,9.074752510213617,1.7188028778036823e-11,-2.974035702152378e-07,True,True,1426121,36,True
train,5848,RELD_MTL,original_1,12.7689495087,12.768949508666992,12.768949758068343,True,,0,0,0.0,0.0,18,79,True,12.768949758068343,-3.3008262789735454e-11,2.4940135112672124e-07,True,True,1426121,72,True
train,6065,RELD_MTL,original_1,13.23432827,13.234328269958496,13.234328220582253,True,,0,0,0.0,0.0,17,80,True,13.234328220582253,-4.150457755258685e-11,-4.937624353829051e-08,True,True,1426121,60,True
train,6222,RELD_MTL,original_1,8.2373752594,8.237375259399414,8.237375748711294,True,,0,0,0.0,0.0,12,81,True,8.237375748711294,-5.861977570020827e-13,4.893118799031981e-07,True,True,1426121,15,True
train,6243,RELD_MTL,original_1,11.000287056,11.000287055969238,11.000287432464155,True,,0,0,0.0,0.0,16,81,True,11.000287432464155,-3.076117138789414e-11,3.7649491702040905e-07,True,True,1426121,54,True
train,6361,RELD_MTL,original_1,7.2086982727,7.208698272705078,7.208698463420421,True,,0,0,0.0,0.0,11,82,True,7.208698463420421,5.077716025425616e-12,1.9071534307357751e-07,True,True,1426121,65,True
train,7009,RELD_MTL,original_1,12.1654024124,12.16540241241455,12.165402619814483,True,,0,0,0.0,0.0,16,85,True,12.165402619814483,1.4550138871527452e-11,2.0739993189522465e-07,True,True,1426121,82,True
train,7178,RELD_MTL,original_1,9.6283054352,9.628305435180664,9.62830539859303,True,,0,0,0.0,0.0,14,86,True,9.62830539859303,-1.9335644196871726e-11,-3.6587634255624835e-08,True,True,1426121,57,True
train,7175,RELD_MTL,original_1,12.2015619278,12.20156192779541,12.201562531159913,True,,0,0,0.0,0.0,15,86,True,12.201562531159913,-4.590106073010247e-12,6.033645032488266e-07,True,True,1426121,0,True
train,7243,RELD_MTL,original_1,11.9153118134,11.915311813354492,11.915311987535057,True,,0,0,0.0,0.0,19,86,True,11.915311987535057,-4.5508485868595017e-11,1.7418056508233803e-07,True,True,1426121,2,True
train,7377,RELD_MTL,original_1,11.6807975769,11.680797576904297,11.680797503039072,True,,0,0,0.0,0.0,18,87,True,11.680797503039072,4.297007194509206e-12,-7.386522504759796e-08,True,True,1426121,82,True
train,7301,RELD_MTL,original_1,9.9384593964,9.938459396362305,9.938459971995213,True,,0,0,0.0,0.0,13,87,True,9.938459971995213,-3.7696068488912715e-11,5.756329084505296e-07,True,True,1426121,14,True
train,7621,RELD_MTL,original_1,8.2852506638,8.285250663757324,8.285250296214008,True,,0,0,3.725290298461914e-09,0.0,14,88,True,8.285250296214008,-4.267519670975162e-11,-3.6754331667054885e-07,True,True,1426121,60,True
train,7496,RELD_MTL,original_1,13.8029079437,13.802907943725586,13.80290812866042,True,,0,0,0.0,0.0,16,88,True,13.80290812866042,2.5586643914721208e-11,1.8493483366910368e-07,True,True,1426121,14,True
train,7644,RELD_MTL,original_1,12.0590171814,12.059017181396484,12.059017733953755,True,,0,0,0.0,0.0,14,88,True,12.059017733953755,-3.5154101851730957e-12,5.525572710496363e-07,True,True,1426121,18,True
train,7852,RELD_MTL,original_1,9.7611618042,9.761161804199219,9.761162424147722,True,,0,0,0.0,0.0,16,90,True,9.761162424147722,-7.815970093361102e-13,6.199485031999075e-07,True,True,1426121,45,True
train,8075,RELD_MTL,original_1,8.1696586609,8.169658660888672,8.169658298629646,True,,0,0,0.0,0.0,12,91,True,8.169658298629646,-1.1327827564855397e-11,-3.6225902633191254e-07,True,True,1426121,39,True
train,8408,RELD_MTL,original_1,8.0363483429,8.036348342895508,8.03634873928709,True,,0,0,0.0,0.0,14,92,True,8.03634873928709,-4.4924064468432334e-12,3.9639158266879804e-07,True,True,1426121,61,True
train,8611,RELD_MTL,original_1,10.5421409607,10.54214096069336,10.542140957260935,True,,0,0,0.0,0.0,15,93,True,10.542140957260935,-6.640021865678136e-12,-3.432424122706834e-09,True,True,1426121,89,True
train,8570,RELD_MTL,original_1,10.5844268799,10.584426879882812,10.584426978524013,True,,0,0,0.0,0.0,18,93,True,10.584426978524013,-1.7188028778036823e-11,9.864120009694943e-08,True,True,1426121,14,True
train,8574,RELD_MTL,original_1,8.9657335281,8.965733528137207,8.96573373088355,True,,0,0,3.725290298461914e-09,0.0,13,93,True,8.96573373088355,3.7207570358077646e-11,2.0274634238148792e-07,True,True,1426121,26,True
train,8806,RELD_MTL,original_1,14.6276321411,14.627632141113281,14.627632262106326,True,,0,0,1.1175870895385742e-08,0.0,15,94,True,14.627632262106326,1.3281820088195673e-11,1.209930449164176e-07,True,True,1426121,65,True
train,8681,RELD_MTL,original_1,12.6419467926,12.641946792602539,12.641946116650848,True,,0,0,0.0,0.0,20,94,True,12.641946116650848,2.538413923502958e-12,-6.759516910648244e-07,True,True,1426121,7,True
train,8958,RELD_MTL,original_1,16.0618896484,16.0618896484375,16.06188981021958,True,,0,0,0.0,0.0,19,95,True,16.06188981021958,3.749889287973929e-11,1.6178207928874144e-07,True,True,1426121,28,True
train,9107,RELD_MTL,original_1,11.1348876953,11.1348876953125,11.134888408274477,True,,0,0,0.0,0.0,18,96,True,11.134888408274477,1.2500223078859563e-11,7.129619774559615e-07,True,True,1426121,21,True
train,9057,RELD_MTL,original_1,12.8995513916,12.899551391601562,12.899552043761558,True,,0,0,9.313225746154785e-09,0.0,15,96,True,12.899552043761558,1.5631940186722204e-12,6.521599953401847e-07,True,True,1426121,32,True
train,9332,RELD_MTL,original_1,7.981092453,7.98109245300293,7.981092275611424,True,,0,0,2.2351741790771484e-08,0.0,13,97,True,7.981092275611424,2.930100606590713e-12,-1.773915059288811e-07,True,True,1426121,61,True
train,9475,RELD_MTL,original_1,11.9908313751,11.99083137512207,11.990831110657414,True,,0,0,0.0,0.0,16,98,True,11.990831110657414,2.2069457372708712e-11,-2.644646563965125e-07,True,True,1426121,60,True
train,9425,RELD_MTL,original_1,10.3552513123,10.35525131225586,10.355250666714623,True,,0,0,0.0,0.0,16,98,True,10.355250666714623,-4.4140691102256824e-11,-6.455412364658741e-07,True,True,1426121,54,True
train,9651,RELD_MTL,original_1,15.7962627411,15.796262741088867,15.796262261797493,True,,0,0,0.0,0.0,19,99,True,15.796262261797493,-1.113242831252137e-11,-4.792913745887972e-07,True,True,1426121,39,True
train,202,RELD_MTL,permutation_0,7.7714262009,7.771426200866699,7.77142680446722,True,,0,0,0.0,0.0,13,51,True,7.77142680446722,-3.3300473489816795e-11,6.036005206766504e-07,True,,1453012,43,True
train,208,RELD_MTL,permutation_0,10.0321750641,10.032175064086914,10.032175543249668,True,,0,0,0.0,0.0,12,51,True,10.032175543249668,-1.3086420835861645e-11,4.791627539191268e-07,True,,1453012,0,True
train,261,RELD_MTL,permutation_0,7.8888554573,7.888855457305908,7.8888550004920495,True,,0,0,0.0,0.0,10,51,True,7.8888550004920495,5.908162847845233e-12,-4.568138587401904e-07,True,,1453012,46,True
train,540,RELD_MTL,permutation_0,7.9747729301,7.974772930145264,7.974772884727213,True,,0,0,0.0,0.0,12,52,True,7.974772884727213,4.526334862475778e-11,-4.541805065372273e-08,True,,1453012,10,True
train,720,RELD_MTL,permutation_0,5.8652420044,5.865242004394531,5.865241971924577,True,,0,0,0.0,0.0,9,53,True,5.865241971924577,-5.468514530093671e-12,-3.246995383676676e-08,True,,1453012,48,True
train,700,RELD_MTL,permutation_0,8.8419036865,8.841903686523438,8.841903734181336,True,,0,0,0.0,0.0,13,53,True,8.841903734181336,2.3437252139046905e-11,4.765789896055139e-08,True,,1453012,37,True
train,726,RELD_MTL,permutation_0,6.9627790451,6.9627790451049805,6.962778958491981,True,,0,0,0.0,0.0,12,53,True,6.962778958491981,4.980904577678302e-12,-8.66129994392395e-08,True,,1453012,3,True
train,872,RELD_MTL,permutation_0,7.4238052368,7.423805236816406,7.42380557461591,True,,0,0,0.0,0.0,9,54,True,7.42380557461591,1.6406431768700713e-11,3.377995039244297e-07,True,,1453012,1,True
train,1068,RELD_MTL,permutation_0,9.5643768311,9.564376831054688,9.564377544754448,True,,0,0,0.0,0.0,14,55,True,9.564377544754448,-4.531308661626099e-11,7.136997606238538e-07,True,,1453012,5,True
train,1103,RELD_MTL,permutation_0,9.0777111053,9.07771110534668,9.077710928426768,True,,0,0,0.0,0.0,15,55,True,9.077710928426768,4.667910502575978e-11,-1.7691991160972975e-07,True,,1453012,29,True
train,1178,RELD_MTL,permutation_0,9.3217334747,9.321733474731445,9.321733282130339,True,,0,0,0.0,0.0,10,55,True,9.321733282130339,3.1445068771063234e-11,-1.9260110661889485e-07,True,,1453012,25,True
train,1143,RELD_MTL,permutation_0,9.4715461731,9.471546173095703,9.47154681506023,True,,0,0,0.0,0.0,10,55,True,9.47154681506023,-4.297007194509206e-12,6.41964527758887e-07,True,,1453012,1,True
train,1012,RELD_MTL,permutation_0,7.8868803978,7.886880397796631,7.88688008257985,True,,0,0,0.0,0.0,13,55,True,7.88688008257985,-3.368860745922575e-12,-3.1521678067747416e-07,True,,1453012,49,True
train,1377,RELD_MTL,permutation_0,7.7875595093,7.787559509277344,7.7875592984086435,True,,0,0,0.0,0.0,11,57,True,7.7875592984086435,-2.2656543308130495e-11,-2.1086870027886562e-07,True,,1453012,48,True
train,1430,RELD_MTL,permutation_0,7.851931572,7.851931571960449,7.851931639046999,True,,0,0,0.0,0.0,10,57,True,7.851931639046999,-3.9550585029246577e-11,6.708654964882044e-08,True,,1453012,8,True
train,1591,RELD_MTL,permutation_0,6.7048988342,6.704898834228516,6.704898943466101,True,,0,0,2.0489096641540527e-08,0.0,10,58,True,6.704898943466101,2.851585634289222e-11,1.0923758519965077e-07,True,,1453012,49,True
train,2506,RELD_MTL,permutation_0,10.1510810852,10.151081085205078,10.151080440342488,True,,0,0,0.0,0.0,15,62,True,10.151080440342488,5.078604203845316e-12,-6.448625899935223e-07,True,,1453012,25,True
train,2581,RELD_MTL,permutation_0,8.9099836349,8.90998363494873,8.90998320090072,True,,0,0,2.9802322387695312e-08,0.0,10,63,True,8.90998320090072,4.873079717526707e-11,-4.340480099784827e-07,True,,1453012,9,True
train,2940,RELD_MTL,permutation_0,7.4872159958,7.487215995788574,7.4872158257922115,True,,0,0,0.0,0.0,11,64,True,7.4872158257922115,-1.1425527191022411e-11,-1.6999636276437968e-07,True,,1453012,2,True
train,2901,RELD_MTL,permutation_0,9.6096858978,9.609685897827148,9.609685668604726,True,,0,0,0.0,0.0,13,64,True,9.609685668604726,2.7148061576554028e-11,-2.2922242237655155e-07,True,,1453012,41,True
train,2763,RELD_MTL,permutation_0,11.3180522919,11.318052291870117,11.31805215875685,True,,0,0,0.0,0.0,14,64,True,11.31805215875685,-2.9883651109230414e-11,-1.3311326796383582e-07,True,,1453012,11,True
train,3181,RELD_MTL,permutation_0,11.3180046082,11.318004608154297,11.31800425229061,True,,0,0,0.0,0.0,15,66,True,11.31800425229061,-4.5703885120929044e-11,-3.5586368696272075e-07,True,,1453012,10,True
train,3212,RELD_MTL,permutation_0,6.830956459,6.83095645904541,6.830955701826139,True,,0,0,0.0,0.0,11,66,True,6.830955701826139,4.54098980640083e-11,-7.572192712856918e-07,True,,1453012,10,True
train,3442,RELD_MTL,permutation_0,8.5235595703,8.5235595703125,8.523560312762628,True,,0,0,0.0,0.0,14,67,True,8.523560312762628,1.2500223078859563e-11,7.424501280439699e-07,True,,1453012,46,True
train,3839,RELD_MTL,permutation_0,9.7463378906,9.746337890625,9.74633723635738,True,,0,0,7.450580596923828e-09,0.0,10,69,True,9.74633723635738,2.5000446157719125e-11,-6.542676196374941e-07,True,,1453012,38,True
train,4088,RELD_MTL,permutation_0,6.1136288643,6.11362886428833,6.113628744534156,True,,0,0,2.2351741790771484e-08,0.0,11,70,True,6.113628744534156,-1.1669776256439945e-11,-1.1975417368859098e-07,True,,1453012,35,True
train,4113,RELD_MTL,permutation_0,8.5975456238,8.597545623779297,8.597545458172444,True,,0,0,7.450580596923828e-09,0.0,11,70,True,8.597545458172444,-2.070343896320992e-11,-1.6560685267563713e-07,True,,1453012,33,True
train,4245,RELD_MTL,permutation_0,11.1766405106,11.176640510559082,11.176640557052819,True,,0,0,0.0,0.0,16,71,True,11.176640557052819,-4.091837979558477e-11,4.649373686049785e-08,True,,1453012,61,True
train,4442,RELD_MTL,permutation_0,10.9791698456,10.979169845581055,10.97916882690393,True,,0,0,0.0,0.0,13,72,True,10.97916882690393,-1.894484569220367e-11,-1.0186771248754667e-06,True,,1453012,18,True
train,4412,RELD_MTL,permutation_0,12.6285514832,12.628551483154297,12.628552373100957,True,,0,0,0.0,0.0,14,72,True,12.628552373100957,-4.5703885120929044e-11,8.899466603651263e-07,True,,1453012,45,True
train,4870,RELD_MTL,permutation_0,9.2751684189,9.275168418884277,9.27516804355463,True,,0,0,1.4901161193847656e-08,0.0,11,74,True,9.27516804355463,-1.5722534385531617e-11,-3.753296464736877e-07,True,,1453012,72,True
train,5037,RELD_MTL,permutation_0,9.5000534058,9.500053405761719,9.500052984232976,True,,0,0,2.60770320892334e-08,0.0,15,75,True,9.500052984232976,-3.82804898890754e-11,-4.215287425779479e-07,True,,1453012,61,True
train,4975,RELD_MTL,permutation_0,10.7756690979,10.77566909790039,10.775668804074458,True,,0,0,0.0,0.0,15,75,True,10.775668804074458,3.907985046680551e-13,-2.9382593247362365e-07,True,,1453012,45,True
train,5417,RELD_MTL,permutation_0,10.1124267578,10.1124267578125,10.112426402035029,True,,0,0,0.0,0.0,13,77,True,10.112426402035029,1.2500223078859563e-11,-3.5577747148352046e-07,True,,1453012,33,True
train,5367,RELD_MTL,permutation_0,9.0747528076,9.074752807617188,9.074752510213617,True,,0,0,0.0,0.0,14,77,True,9.074752510213617,1.7188028778036823e-11,-2.974035702152378e-07,True,,1453012,7,True
train,5848,RELD_MTL,permutation_0,12.7689495087,12.768949508666992,12.768949758068343,True,,0,0,0.0,0.0,18,79,True,12.768949758068343,-3.3008262789735454e-11,2.4940135112672124e-07,True,,1453012,19,True
train,6065,RELD_MTL,permutation_0,13.23432827,13.234328269958496,13.234328220582253,True,,0,0,0.0,0.0,17,80,True,13.234328220582253,-4.150457755258685e-11,-4.937624353829051e-08,True,,1453012,21,True
train,6222,RELD_MTL,permutation_0,8.2373752594,8.237375259399414,8.237375748711294,True,,0,0,0.0,0.0,12,81,True,8.237375748711294,-5.861977570020827e-13,4.893118799031981e-07,True,,1453012,72,True
train,6243,RELD_MTL,permutation_0,11.000287056,11.000287055969238,11.000287432464155,True,,0,0,0.0,0.0,16,81,True,11.000287432464155,-3.076117138789414e-11,3.7649491702040905e-07,True,,1453012,46,True
train,6361,RELD_MTL,permutation_0,7.2086982727,7.208698272705078,7.208698463420421,True,,0,0,0.0,0.0,11,82,True,7.208698463420421,5.077716025425616e-12,1.9071534307357751e-07,True,,1453012,58,True
train,7009,RELD_MTL,permutation_0,12.1654024124,12.16540241241455,12.165402619814483,True,,0,0,0.0,0.0,16,85,True,12.165402619814483,1.4550138871527452e-11,2.0739993189522465e-07,True,,1453012,9,True
train,7178,RELD_MTL,permutation_0,9.6283054352,9.628305435180664,9.62830539859303,True,,0,0,0.0,0.0,14,86,True,9.62830539859303,-1.9335644196871726e-11,-3.6587634255624835e-08,True,,1453012,30,True
train,7175,RELD_MTL,permutation_0,12.2015619278,12.20156192779541,12.201562531159913,True,,0,0,0.0,0.0,15,86,True,12.201562531159913,-4.590106073010247e-12,6.033645032488266e-07,True,,1453012,9,True
train,7243,RELD_MTL,permutation_0,11.9153118134,11.915311813354492,11.915311987535057,True,,0,0,0.0,0.0,19,86,True,11.915311987535057,-4.5508485868595017e-11,1.7418056508233803e-07,True,,1453012,55,True
train,7377,RELD_MTL,permutation_0,11.6807975769,11.680797576904297,11.680797503039072,True,,0,0,0.0,0.0,18,87,True,11.680797503039072,4.297007194509206e-12,-7.386522504759796e-08,True,,1453012,34,True
train,7301,RELD_MTL,permutation_0,9.9384593964,9.938459396362305,9.938459971995213,True,,0,0,0.0,0.0,13,87,True,9.938459971995213,-3.7696068488912715e-11,5.756329084505296e-07,True,,1453012,41,True
train,7621,RELD_MTL,permutation_0,8.2852506638,8.285250663757324,8.285250296214008,True,,0,0,3.725290298461914e-09,0.0,14,88,True,8.285250296214008,-4.267519670975162e-11,-3.6754331667054885e-07,True,,1453012,82,True
train,7496,RELD_MTL,permutation_0,13.8029079437,13.802907943725586,13.80290812866042,True,,0,0,0.0,0.0,16,88,True,13.80290812866042,2.5586643914721208e-11,1.8493483366910368e-07,True,,1453012,33,True
train,7644,RELD_MTL,permutation_0,12.0590171814,12.059017181396484,12.059017733953755,True,,0,0,0.0,0.0,14,88,True,12.059017733953755,-3.5154101851730957e-12,5.525572710496363e-07,True,,1453012,19,True
train,7852,RELD_MTL,permutation_0,9.7611618042,9.761161804199219,9.761162424147722,True,,0,0,0.0,0.0,16,90,True,9.761162424147722,-7.815970093361102e-13,6.199485031999075e-07,True,,1453012,3,True
train,8075,RELD_MTL,permutation_0,8.1696586609,8.169658660888672,8.169658298629646,True,,0,0,0.0,0.0,12,91,True,8.169658298629646,-1.1327827564855397e-11,-3.6225902633191254e-07,True,,1453012,46,True
train,8408,RELD_MTL,permutation_0,8.0363483429,8.036348342895508,8.03634873928709,True,,0,0,0.0,0.0,14,92,True,8.03634873928709,-4.4924064468432334e-12,3.9639158266879804e-07,True,,1453012,79,True
train,8611,RELD_MTL,permutation_0,10.5421409607,10.54214096069336,10.542140957260935,True,,0,0,0.0,0.0,15,93,True,10.542140957260935,-6.640021865678136e-12,-3.432424122706834e-09,True,,1453012,0,True
train,8570,RELD_MTL,permutation_0,10.5844268799,10.584426879882812,10.584426978524013,True,,0,0,0.0,0.0,18,93,True,10.584426978524013,-1.7188028778036823e-11,9.864120009694943e-08,True,,1453012,91,True
train,8574,RELD_MTL,permutation_0,8.9657335281,8.965733528137207,8.96573373088355,True,,0,0,3.725290298461914e-09,0.0,13,93,True,8.96573373088355,3.7207570358077646e-11,2.0274634238148792e-07,True,,1453012,80,True
train,8806,RELD_MTL,permutation_0,14.6276321411,14.627632141113281,14.627632262106326,True,,0,0,1.1175870895385742e-08,0.0,15,94,True,14.627632262106326,1.3281820088195673e-11,1.209930449164176e-07,True,,1453012,83,True
train,8681,RELD_MTL,permutation_0,12.6419467926,12.641946792602539,12.64194611665085,True,,0,0,0.0,0.0,20,94,True,12.64194611665085,2.538413923502958e-12,-6.759516892884676e-07,True,,1453012,39,True
train,8958,RELD_MTL,permutation_0,16.0618896484,16.0618896484375,16.061889810219572,True,,0,0,0.0,0.0,19,95,True,16.061889810219572,3.749889287973929e-11,1.6178207218331409e-07,True,,1453012,65,True
train,9107,RELD_MTL,permutation_0,11.1348876953,11.1348876953125,11.134888408274477,True,,0,0,0.0,0.0,18,96,True,11.134888408274477,1.2500223078859563e-11,7.129619774559615e-07,True,,1453012,11,True
train,9057,RELD_MTL,permutation_0,12.8995513916,12.899551391601562,12.899552043761558,True,,0,0,9.313225746154785e-09,0.0,15,96,True,12.899552043761558,1.5631940186722204e-12,6.521599953401847e-07,True,,1453012,1,True
train,9332,RELD_MTL,permutation_0,7.981092453,7.98109245300293,7.981092275611424,True,,0,0,2.2351741790771484e-08,0.0,13,97,True,7.981092275611424,2.930100606590713e-12,-1.773915059288811e-07,True,,1453012,68,True
train,9475,RELD_MTL,permutation_0,11.9908313751,11.99083137512207,11.990831110657414,True,,0,0,0.0,0.0,16,98,True,11.990831110657414,2.2069457372708712e-11,-2.644646563965125e-07,True,,1453012,27,True
train,9425,RELD_MTL,permutation_0,10.3552513123,10.35525131225586,10.355250666714623,True,,0,0,0.0,0.0,16,98,True,10.355250666714623,-4.4140691102256824e-11,-6.455412364658741e-07,True,,1453012,58,True
train,9651,RELD_MTL,permutation_0,15.7962627411,15.796262741088867,15.796262261797493,True,,0,0,0.0,0.0,19,99,True,15.796262261797493,-1.113242831252137e-11,-4.792913745887972e-07,True,,1453012,47,True
train,202,RELD_MTL,permutation_1,7.7714262009,7.771426200866699,7.77142680446722,True,,0,0,0.0,0.0,13,51,True,7.77142680446722,-3.3300473489816795e-11,6.036005206766504e-07,True,,1479104,5,True
train,208,RELD_MTL,permutation_1,10.0321750641,10.032175064086914,10.032175543249668,True,,0,0,0.0,0.0,12,51,True,10.032175543249668,-1.3086420835861645e-11,4.791627539191268e-07,True,,1479104,31,True
train,261,RELD_MTL,permutation_1,7.8888554573,7.888855457305908,7.8888550004920495,True,,0,0,0.0,0.0,10,51,True,7.8888550004920495,5.908162847845233e-12,-4.568138587401904e-07,True,,1479104,7,True
train,540,RELD_MTL,permutation_1,7.9747729301,7.974772930145264,7.974772884727213,True,,0,0,0.0,0.0,12,52,True,7.974772884727213,4.526334862475778e-11,-4.541805065372273e-08,True,,1479104,31,True
train,720,RELD_MTL,permutation_1,5.8652420044,5.865242004394531,5.865241971924577,True,,0,0,0.0,0.0,9,53,True,5.865241971924577,-5.468514530093671e-12,-3.246995383676676e-08,True,,1479104,24,True
train,700,RELD_MTL,permutation_1,8.8419036865,8.841903686523438,8.841903734181336,True,,0,0,0.0,0.0,13,53,True,8.841903734181336,2.3437252139046905e-11,4.765789896055139e-08,True,,1479104,7,True
train,726,RELD_MTL,permutation_1,6.9627790451,6.9627790451049805,6.962778958491981,True,,0,0,0.0,0.0,12,53,True,6.962778958491981,4.980904577678302e-12,-8.66129994392395e-08,True,,1479104,16,True
train,872,RELD_MTL,permutation_1,7.4238052368,7.423805236816406,7.42380557461591,True,,0,0,0.0,0.0,9,54,True,7.42380557461591,1.6406431768700713e-11,3.377995039244297e-07,True,,1479104,51,True
train,1068,RELD_MTL,permutation_1,9.5643768311,9.564376831054688,9.564377544754448,True,,0,0,0.0,0.0,14,55,True,9.564377544754448,-4.531308661626099e-11,7.136997606238538e-07,True,,1479104,52,True
train,1103,RELD_MTL,permutation_1,9.0777111053,9.07771110534668,9.077710928426768,True,,0,0,0.0,0.0,15,55,True,9.077710928426768,4.667910502575978e-11,-1.7691991160972975e-07,True,,1479104,22,True
train,1178,RELD_MTL,permutation_1,9.3217334747,9.321733474731445,9.321733282130339,True,,0,0,0.0,0.0,10,55,True,9.321733282130339,3.1445068771063234e-11,-1.9260110661889485e-07,True,,1479104,1,True
train,1143,RELD_MTL,permutation_1,9.4715461731,9.471546173095703,9.47154681506023,True,,0,0,0.0,0.0,10,55,True,9.47154681506023,-4.297007194509206e-12,6.41964527758887e-07,True,,1479104,18,True
train,1012,RELD_MTL,permutation_1,7.8868803978,7.886880397796631,7.88688008257985,True,,0,0,0.0,0.0,13,55,True,7.88688008257985,-3.368860745922575e-12,-3.1521678067747416e-07,True,,1479104,22,True
train,1377,RELD_MTL,permutation_1,7.7875595093,7.787559509277344,7.7875592984086435,True,,0,0,0.0,0.0,11,57,True,7.7875592984086435,-2.2656543308130495e-11,-2.1086870027886562e-07,True,,1479104,49,True
train,1430,RELD_MTL,permutation_1,7.851931572,7.851931571960449,7.851931639046999,True,,0,0,0.0,0.0,10,57,True,7.851931639046999,-3.9550585029246577e-11,6.708654964882044e-08,True,,1479104,13,True
train,1591,RELD_MTL,permutation_1,6.7048988342,6.704898834228516,6.704898943466101,True,,0,0,2.0489096641540527e-08,0.0,10,58,True,6.704898943466101,2.851585634289222e-11,1.0923758519965077e-07,True,,1479104,49,True
train,2506,RELD_MTL,permutation_1,10.1510810852,10.151081085205078,10.151080440342488,True,,0,0,0.0,0.0,15,62,True,10.151080440342488,5.078604203845316e-12,-6.448625899935223e-07,True,,1479104,11,True
train,2581,RELD_MTL,permutation_1,8.9099836349,8.90998363494873,8.90998320090072,True,,0,0,2.9802322387695312e-08,0.0,10,63,True,8.90998320090072,4.873079717526707e-11,-4.340480099784827e-07,True,,1479104,31,True
train,2940,RELD_MTL,permutation_1,7.4872159958,7.487215995788574,7.4872158257922115,True,,0,0,0.0,0.0,11,64,True,7.4872158257922115,-1.1425527191022411e-11,-1.6999636276437968e-07,True,,1479104,38,True
train,2901,RELD_MTL,permutation_1,9.6096858978,9.609685897827148,9.609685668604726,True,,0,0,0.0,0.0,13,64,True,9.609685668604726,2.7148061576554028e-11,-2.2922242237655155e-07,True,,1479104,20,True
train,2763,RELD_MTL,permutation_1,11.3180522919,11.318052291870117,11.31805215875685,True,,0,0,0.0,0.0,14,64,True,11.31805215875685,-2.9883651109230414e-11,-1.3311326796383582e-07,True,,1479104,30,True
train,3181,RELD_MTL,permutation_1,11.3180046082,11.318004608154297,11.31800425229061,True,,0,0,0.0,0.0,15,66,True,11.31800425229061,-4.5703885120929044e-11,-3.5586368696272075e-07,True,,1479104,45,True
train,3212,RELD_MTL,permutation_1,6.830956459,6.83095645904541,6.830955701826139,True,,0,0,0.0,0.0,11,66,True,6.830955701826139,4.54098980640083e-11,-7.572192712856918e-07,True,,1479104,33,True
train,3442,RELD_MTL,permutation_1,8.5235595703,8.5235595703125,8.523560312762628,True,,0,0,0.0,0.0,14,67,True,8.523560312762628,1.2500223078859563e-11,7.424501280439699e-07,True,,1479104,22,True
train,3839,RELD_MTL,permutation_1,9.7463378906,9.746337890625,9.74633723635738,True,,0,0,7.450580596923828e-09,0.0,10,69,True,9.74633723635738,2.5000446157719125e-11,-6.542676196374941e-07,True,,1479104,9,True
train,4088,RELD_MTL,permutation_1,6.1136288643,6.11362886428833,6.113628744534156,True,,0,0,2.2351741790771484e-08,0.0,11,70,True,6.113628744534156,-1.1669776256439945e-11,-1.1975417368859098e-07,True,,1479104,67,True
train,4113,RELD_MTL,permutation_1,8.5975456238,8.597545623779297,8.597545458172444,True,,0,0,7.450580596923828e-09,0.0,11,70,True,8.597545458172444,-2.070343896320992e-11,-1.6560685267563713e-07,True,,1479104,33,True
train,4245,RELD_MTL,permutation_1,11.1766405106,11.176640510559082,11.176640557052819,True,,0,0,0.0,0.0,16,71,True,11.176640557052819,-4.091837979558477e-11,4.649373686049785e-08,True,,1479104,21,True
train,4442,RELD_MTL,permutation_1,10.9791698456,10.979169845581055,10.97916882690393,True,,0,0,0.0,0.0,13,72,True,10.97916882690393,-1.894484569220367e-11,-1.0186771248754667e-06,True,,1479104,29,True
train,4412,RELD_MTL,permutation_1,12.6285514832,12.628551483154297,12.628552373100957,True,,0,0,0.0,0.0,14,72,True,12.628552373100957,-4.5703885120929044e-11,8.899466603651263e-07,True,,1479104,69,True
train,4870,RELD_MTL,permutation_1,9.2751684189,9.275168418884277,9.27516804355463,True,,0,0,1.4901161193847656e-08,0.0,11,74,True,9.27516804355463,-1.5722534385531617e-11,-3.753296464736877e-07,True,,1479104,70,True
train,5037,RELD_MTL,permutation_1,9.5000534058,9.500053405761719,9.500052984232976,True,,0,0,2.60770320892334e-08,0.0,15,75,True,9.500052984232976,-3.82804898890754e-11,-4.215287425779479e-07,True,,1479104,11,True
train,4975,RELD_MTL,permutation_1,10.7756690979,10.77566909790039,10.775668804074458,True,,0,0,0.0,0.0,15,75,True,10.775668804074458,3.907985046680551e-13,-2.9382593247362365e-07,True,,1479104,13,True
train,5417,RELD_MTL,permutation_1,10.1124267578,10.1124267578125,10.112426402035029,True,,0,0,0.0,0.0,13,77,True,10.112426402035029,1.2500223078859563e-11,-3.5577747148352046e-07,True,,1479104,50,True
train,5367,RELD_MTL,permutation_1,9.0747528076,9.074752807617188,9.074752510213617,True,,0,0,0.0,0.0,14,77,True,9.074752510213617,1.7188028778036823e-11,-2.974035702152378e-07,True,,1479104,6,True
train,5848,RELD_MTL,permutation_1,12.7689495087,12.768949508666992,12.768949758068343,True,,0,0,0.0,0.0,18,79,True,12.768949758068343,-3.3008262789735454e-11,2.4940135112672124e-07,True,,1479104,14,True
train,6065,RELD_MTL,permutation_1,13.23432827,13.234328269958496,13.234328220582253,True,,0,0,0.0,0.0,17,80,True,13.234328220582253,-4.150457755258685e-11,-4.937624353829051e-08,True,,1479104,1,True
train,6222,RELD_MTL,permutation_1,8.2373752594,8.237375259399414,8.237375748711294,True,,0,0,0.0,0.0,12,81,True,8.237375748711294,-5.861977570020827e-13,4.893118799031981e-07,True,,1479104,39,True
train,6243,RELD_MTL,permutation_1,11.000287056,11.000287055969238,11.000287432464155,True,,0,0,0.0,0.0,16,81,True,11.000287432464155,-3.076117138789414e-11,3.7649491702040905e-07,True,,1479104,15,True
train,6361,RELD_MTL,permutation_1,7.2086982727,7.208698272705078,7.208698463420421,True,,0,0,0.0,0.0,11,82,True,7.208698463420421,5.077716025425616e-12,1.9071534307357751e-07,True,,1479104,37,True
train,7009,RELD_MTL,permutation_1,12.1654024124,12.16540241241455,12.165402619814483,True,,0,0,0.0,0.0,16,85,True,12.165402619814483,1.4550138871527452e-11,2.0739993189522465e-07,True,,1479104,38,True
train,7178,RELD_MTL,permutation_1,9.6283054352,9.628305435180664,9.62830539859303,True,,0,0,0.0,0.0,14,86,True,9.62830539859303,-1.9335644196871726e-11,-3.6587634255624835e-08,True,,1479104,32,True
train,7175,RELD_MTL,permutation_1,12.2015619278,12.20156192779541,12.201562531159913,True,,0,0,0.0,0.0,15,86,True,12.201562531159913,-4.590106073010247e-12,6.033645032488266e-07,True,,1479104,24,True
train,7243,RELD_MTL,permutation_1,11.9153118134,11.915311813354492,11.915311987535057,True,,0,0,0.0,0.0,19,86,True,11.915311987535057,-4.5508485868595017e-11,1.7418056508233803e-07,True,,1479104,20,True
train,7377,RELD_MTL,permutation_1,11.6807975769,11.680797576904297,11.680797503039072,True,,0,0,0.0,0.0,18,87,True,11.680797503039072,4.297007194509206e-12,-7.386522504759796e-08,True,,1479104,60,True
train,7301,RELD_MTL,permutation_1,9.9384593964,9.938459396362305,9.938459971995213,True,,0,0,0.0,0.0,13,87,True,9.938459971995213,-3.7696068488912715e-11,5.756329084505296e-07,True,,1479104,64,True
train,7621,RELD_MTL,permutation_1,8.2852506638,8.285250663757324,8.285250296214008,True,,0,0,3.725290298461914e-09,0.0,14,88,True,8.285250296214008,-4.267519670975162e-11,-3.6754331667054885e-07,True,,1479104,75,True
train,7496,RELD_MTL,permutation_1,13.8029079437,13.802907943725586,13.80290812866042,True,,0,0,0.0,0.0,16,88,True,13.80290812866042,2.5586643914721208e-11,1.8493483366910368e-07,True,,1479104,47,True
train,7644,RELD_MTL,permutation_1,12.0590171814,12.059017181396484,12.059017733953755,True,,0,0,0.0,0.0,14,88,True,12.059017733953755,-3.5154101851730957e-12,5.525572710496363e-07,True,,1479104,73,True
train,7852,RELD_MTL,permutation_1,9.7611618042,9.761161804199219,9.761162424147722,True,,0,0,0.0,0.0,16,90,True,9.761162424147722,-7.815970093361102e-13,6.199485031999075e-07,True,,1479104,36,True
train,8075,RELD_MTL,permutation_1,8.1696586609,8.169658660888672,8.169658298629646,True,,0,0,0.0,0.0,12,91,True,8.169658298629646,-1.1327827564855397e-11,-3.6225902633191254e-07,True,,1479104,52,True
train,8408,RELD_MTL,permutation_1,8.0363483429,8.036348342895508,8.03634873928709,True,,0,0,0.0,0.0,14,92,True,8.03634873928709,-4.4924064468432334e-12,3.9639158266879804e-07,True,,1479104,87,True
train,8611,RELD_MTL,permutation_1,10.5421409607,10.54214096069336,10.542140957260935,True,,0,0,0.0,0.0,15,93,True,10.542140957260935,-6.640021865678136e-12,-3.432424122706834e-09,True,,1479104,91,True
train,8570,RELD_MTL,permutation_1,10.5844268799,10.584426879882812,10.584426978524013,True,,0,0,0.0,0.0,18,93,True,10.584426978524013,-1.7188028778036823e-11,9.864120009694943e-08,True,,1479104,78,True
train,8574,RELD_MTL,permutation_1,8.9657335281,8.965733528137207,8.96573373088355,True,,0,0,3.725290298461914e-09,0.0,13,93,True,8.96573373088355,3.7207570358077646e-11,2.0274634238148792e-07,True,,1479104,40,True
train,8806,RELD_MTL,permutation_1,14.6276321411,14.627632141113281,14.627632262106326,True,,0,0,1.1175870895385742e-08,0.0,15,94,True,14.627632262106326,1.3281820088195673e-11,1.209930449164176e-07,True,,1479104,69,True
train,8681,RELD_MTL,permutation_1,12.6419467926,12.641946792602539,12.64194611665085,True,,0,0,0.0,0.0,20,94,True,12.64194611665085,2.538413923502958e-12,-6.759516892884676e-07,True,,1479104,0,True
train,8958,RELD_MTL,permutation_1,16.0618896484,16.0618896484375,16.06188981021958,True,,0,0,0.0,0.0,19,95,True,16.06188981021958,3.749889287973929e-11,1.6178207928874144e-07,True,,1479104,54,True
train,9107,RELD_MTL,permutation_1,11.1348876953,11.1348876953125,11.134888408274477,True,,0,0,0.0,0.0,18,96,True,11.134888408274477,1.2500223078859563e-11,7.129619774559615e-07,True,,1479104,86,True
train,9057,RELD_MTL,permutation_1,12.8995513916,12.899551391601562,12.899552043761558,True,,0,0,9.313225746154785e-09,0.0,15,96,True,12.899552043761558,1.5631940186722204e-12,6.521599953401847e-07,True,,1479104,0,True
train,9332,RELD_MTL,permutation_1,7.981092453,7.98109245300293,7.981092275611424,True,,0,0,2.2351741790771484e-08,0.0,13,97,True,7.981092275611424,2.930100606590713e-12,-1.773915059288811e-07,True,,1479104,37,True
train,9475,RELD_MTL,permutation_1,11.9908313751,11.99083137512207,11.990831110657414,True,,0,0,0.0,0.0,16,98,True,11.990831110657414,2.2069457372708712e-11,-2.644646563965125e-07,True,,1479104,67,True
train,9425,RELD_MTL,permutation_1,10.3552513123,10.35525131225586,10.355250666714623,True,,0,0,0.0,0.0,16,98,True,10.355250666714623,-4.4140691102256824e-11,-6.455412364658741e-07,True,,1479104,50,True
train,9651,RELD_MTL,permutation_1,15.7962627411,15.796262741088867,15.796262261797493,True,,0,0,0.0,0.0,19,99,True,15.796262261797493,-1.113242831252137e-11,-4.792913745887972e-07,True,,1479104,27,True
train,202,RELD_MTL,permutation_2,7.7714262009,7.771426200866699,7.77142680446722,True,,0,0,0.0,0.0,13,51,True,7.77142680446722,-3.3300473489816795e-11,6.036005206766504e-07,True,,1504086,4,True
train,208,RELD_MTL,permutation_2,10.0321750641,10.032175064086914,10.032175543249668,True,,0,0,0.0,0.0,12,51,True,10.032175543249668,-1.3086420835861645e-11,4.791627539191268e-07,True,,1504086,8,True
train,261,RELD_MTL,permutation_2,7.8888554573,7.888855457305908,7.8888550004920495,True,,0,0,0.0,0.0,10,51,True,7.8888550004920495,5.908162847845233e-12,-4.568138587401904e-07,True,,1504086,44,True
train,540,RELD_MTL,permutation_2,7.9747729301,7.974772930145264,7.974772884727213,True,,0,0,0.0,0.0,12,52,True,7.974772884727213,4.526334862475778e-11,-4.541805065372273e-08,True,,1504086,33,True
train,720,RELD_MTL,permutation_2,5.8652420044,5.865242004394531,5.865241971924577,True,,0,0,0.0,0.0,9,53,True,5.865241971924577,-5.468514530093671e-12,-3.246995383676676e-08,True,,1504086,3,True
train,700,RELD_MTL,permutation_2,8.8419036865,8.841903686523438,8.841903734181336,True,,0,0,0.0,0.0,13,53,True,8.841903734181336,2.3437252139046905e-11,4.765789896055139e-08,True,,1504086,28,True
train,726,RELD_MTL,permutation_2,6.9627790451,6.9627790451049805,6.962778958491981,True,,0,0,0.0,0.0,12,53,True,6.962778958491981,4.980904577678302e-12,-8.66129994392395e-08,True,,1504086,47,True
train,872,RELD_MTL,permutation_2,7.4238052368,7.423805236816406,7.42380557461591,True,,0,0,0.0,0.0,9,54,True,7.42380557461591,1.6406431768700713e-11,3.377995039244297e-07,True,,1504086,18,True
train,1068,RELD_MTL,permutation_2,9.5643768311,9.564376831054688,9.564377544754448,True,,0,0,0.0,0.0,14,55,True,9.564377544754448,-4.531308661626099e-11,7.136997606238538e-07,True,,1504086,1,True
train,1103,RELD_MTL,permutation_2,9.0777111053,9.07771110534668,9.077710928426768,True,,0,0,0.0,0.0,15,55,True,9.077710928426768,4.667910502575978e-11,-1.7691991160972975e-07,True,,1504086,6,True
train,1178,RELD_MTL,permutation_2,9.3217334747,9.321733474731445,9.321733282130339,True,,0,0,0.0,0.0,10,55,True,9.321733282130339,3.1445068771063234e-11,-1.9260110661889485e-07,True,,1504086,39,True
train,1143,RELD_MTL,permutation_2,9.4715461731,9.471546173095703,9.47154681506023,True,,0,0,0.0,0.0,10,55,True,9.47154681506023,-4.297007194509206e-12,6.41964527758887e-07,True,,1504086,47,True
train,1012,RELD_MTL,permutation_2,7.8868803978,7.886880397796631,7.88688008257985,True,,0,0,0.0,0.0,13,55,True,7.88688008257985,-3.368860745922575e-12,-3.1521678067747416e-07,True,,1504086,21,True
train,1377,RELD_MTL,permutation_2,7.7875595093,7.787559509277344,7.7875592984086435,True,,0,0,0.0,0.0,11,57,True,7.7875592984086435,-2.2656543308130495e-11,-2.1086870027886562e-07,True,,1504086,56,True
train,1430,RELD_MTL,permutation_2,7.851931572,7.851931571960449,7.851931639046999,True,,0,0,0.0,0.0,10,57,True,7.851931639046999,-3.9550585029246577e-11,6.708654964882044e-08,True,,1504086,49,True
train,1591,RELD_MTL,permutation_2,6.7048988342,6.704898834228516,6.704898943466101,True,,0,0,2.0489096641540527e-08,0.0,10,58,True,6.704898943466101,2.851585634289222e-11,1.0923758519965077e-07,True,,1504086,30,True
train,2506,RELD_MTL,permutation_2,10.1510810852,10.151081085205078,10.151080440342488,True,,0,0,0.0,0.0,15,62,True,10.151080440342488,5.078604203845316e-12,-6.448625899935223e-07,True,,1504086,22,True
train,2581,RELD_MTL,permutation_2,8.9099836349,8.90998363494873,8.90998320090072,True,,0,0,2.9802322387695312e-08,0.0,10,63,True,8.90998320090072,4.873079717526707e-11,-4.340480099784827e-07,True,,1504086,4,True
train,2940,RELD_MTL,permutation_2,7.4872159958,7.487215995788574,7.4872158257922115,True,,0,0,0.0,0.0,11,64,True,7.4872158257922115,-1.1425527191022411e-11,-1.6999636276437968e-07,True,,1504086,22,True
train,2901,RELD_MTL,permutation_2,9.6096858978,9.609685897827148,9.609685668604726,True,,0,0,0.0,0.0,13,64,True,9.609685668604726,2.7148061576554028e-11,-2.2922242237655155e-07,True,,1504086,5,True
train,2763,RELD_MTL,permutation_2,11.3180522919,11.318052291870117,11.31805215875685,True,,0,0,0.0,0.0,14,64,True,11.31805215875685,-2.9883651109230414e-11,-1.3311326796383582e-07,True,,1504086,52,True
train,3181,RELD_MTL,permutation_2,11.3180046082,11.318004608154297,11.31800425229061,True,,0,0,0.0,0.0,15,66,True,11.31800425229061,-4.5703885120929044e-11,-3.5586368696272075e-07,True,,1504086,22,True
train,3212,RELD_MTL,permutation_2,6.830956459,6.83095645904541,6.830955701826139,True,,0,0,0.0,0.0,11,66,True,6.830955701826139,4.54098980640083e-11,-7.572192712856918e-07,True,,1504086,6,True
train,3442,RELD_MTL,permutation_2,8.5235595703,8.5235595703125,8.523560312762628,True,,0,0,0.0,0.0,14,67,True,8.523560312762628,1.2500223078859563e-11,7.424501280439699e-07,True,,1504086,32,True
train,3839,RELD_MTL,permutation_2,9.7463378906,9.746337890625,9.74633723635738,True,,0,0,7.450580596923828e-09,0.0,10,69,True,9.74633723635738,2.5000446157719125e-11,-6.542676196374941e-07,True,,1504086,34,True
train,4088,RELD_MTL,permutation_2,6.1136288643,6.11362886428833,6.113628744534156,True,,0,0,2.2351741790771484e-08,0.0,11,70,True,6.113628744534156,-1.1669776256439945e-11,-1.1975417368859098e-07,True,,1504086,3,True
train,4113,RELD_MTL,permutation_2,8.5975456238,8.597545623779297,8.597545458172444,True,,0,0,7.450580596923828e-09,0.0,11,70,True,8.597545458172444,-2.070343896320992e-11,-1.6560685267563713e-07,True,,1504086,45,True
train,4245,RELD_MTL,permutation_2,11.1766405106,11.176640510559082,11.176640557052819,True,,0,0,0.0,0.0,16,71,True,11.176640557052819,-4.091837979558477e-11,4.649373686049785e-08,True,,1504086,18,True
train,4442,RELD_MTL,permutation_2,10.9791698456,10.979169845581055,10.97916882690393,True,,0,0,0.0,0.0,13,72,True,10.97916882690393,-1.894484569220367e-11,-1.0186771248754667e-06,True,,1504086,37,True
train,4412,RELD_MTL,permutation_2,12.6285514832,12.628551483154297,12.628552373100957,True,,0,0,0.0,0.0,14,72,True,12.628552373100957,-4.5703885120929044e-11,8.899466603651263e-07,True,,1504086,8,True
train,4870,RELD_MTL,permutation_2,9.2751684189,9.275168418884277,9.27516804355463,True,,0,0,1.4901161193847656e-08,0.0,11,74,True,9.27516804355463,-1.5722534385531617e-11,-3.753296464736877e-07,True,,1504086,17,True
train,5037,RELD_MTL,permutation_2,9.5000534058,9.500053405761719,9.500052984232976,True,,0,0,2.60770320892334e-08,0.0,15,75,True,9.500052984232976,-3.82804898890754e-11,-4.215287425779479e-07,True,,1504086,30,True
train,4975,RELD_MTL,permutation_2,10.7756690979,10.77566909790039,10.775668804074458,True,,0,0,0.0,0.0,15,75,True,10.775668804074458,3.907985046680551e-13,-2.9382593247362365e-07,True,,1504086,59,True
train,5417,RELD_MTL,permutation_2,10.1124267578,10.1124267578125,10.112426402035029,True,,0,0,0.0,0.0,13,77,True,10.112426402035029,1.2500223078859563e-11,-3.5577747148352046e-07,True,,1504086,22,True
train,5367,RELD_MTL,permutation_2,9.0747528076,9.074752807617188,9.074752510213617,True,,0,0,0.0,0.0,14,77,True,9.074752510213617,1.7188028778036823e-11,-2.974035702152378e-07,True,,1504086,7,True
train,5848,RELD_MTL,permutation_2,12.7689495087,12.768949508666992,12.768949758068343,True,,0,0,0.0,0.0,18,79,True,12.768949758068343,-3.3008262789735454e-11,2.4940135112672124e-07,True,,1504086,49,True
train,6065,RELD_MTL,permutation_2,13.23432827,13.234328269958496,13.234328220582253,True,,0,0,0.0,0.0,17,80,True,13.234328220582253,-4.150457755258685e-11,-4.937624353829051e-08,True,,1504086,59,True
train,6222,RELD_MTL,permutation_2,8.2373752594,8.237375259399414,8.237375748711294,True,,0,0,0.0,0.0,12,81,True,8.237375748711294,-5.861977570020827e-13,4.893118799031981e-07,True,,1504086,9,True
train,6243,RELD_MTL,permutation_2,11.000287056,11.000287055969238,11.000287432464155,True,,0,0,0.0,0.0,16,81,True,11.000287432464155,-3.076117138789414e-11,3.7649491702040905e-07,True,,1504086,65,True
train,6361,RELD_MTL,permutation_2,7.2086982727,7.208698272705078,7.208698463420421,True,,0,0,0.0,0.0,11,82,True,7.208698463420421,5.077716025425616e-12,1.9071534307357751e-07,True,,1504086,65,True
train,7009,RELD_MTL,permutation_2,12.1654024124,12.16540241241455,12.165402619814483,True,,0,0,0.0,0.0,16,85,True,12.165402619814483,1.4550138871527452e-11,2.0739993189522465e-07,True,,1504086,40,True
train,7178,RELD_MTL,permutation_2,9.6283054352,9.628305435180664,9.62830539859303,True,,0,0,0.0,0.0,14,86,True,9.62830539859303,-1.9335644196871726e-11,-3.6587634255624835e-08,True,,1504086,26,True
train,7175,RELD_MTL,permutation_2,12.2015619278,12.20156192779541,12.201562531159913,True,,0,0,0.0,0.0,15,86,True,12.201562531159913,-4.590106073010247e-12,6.033645032488266e-07,True,,1504086,65,True
train,7243,RELD_MTL,permutation_2,11.9153118134,11.915311813354492,11.915311987535057,True,,0,0,0.0,0.0,19,86,True,11.915311987535057,-4.5508485868595017e-11,1.7418056508233803e-07,True,,1504086,44,True
train,7377,RELD_MTL,permutation_2,11.6807975769,11.680797576904297,11.680797503039072,True,,0,0,0.0,0.0,18,87,True,11.680797503039072,4.297007194509206e-12,-7.386522504759796e-08,True,,1504086,34,True
train,7301,RELD_MTL,permutation_2,9.9384593964,9.938459396362305,9.938459971995213,True,,0,0,0.0,0.0,13,87,True,9.938459971995213,-3.7696068488912715e-11,5.756329084505296e-07,True,,1504086,29,True
train,7621,RELD_MTL,permutation_2,8.2852506638,8.285250663757324,8.285250296214008,True,,0,0,3.725290298461914e-09,0.0,14,88,True,8.285250296214008,-4.267519670975162e-11,-3.6754331667054885e-07,True,,1504086,83,True
train,7496,RELD_MTL,permutation_2,13.8029079437,13.802907943725586,13.80290812866042,True,,0,0,0.0,0.0,16,88,True,13.80290812866042,2.5586643914721208e-11,1.8493483366910368e-07,True,,1504086,70,True
train,7644,RELD_MTL,permutation_2,12.0590171814,12.059017181396484,12.059017733953755,True,,0,0,0.0,0.0,14,88,True,12.059017733953755,-3.5154101851730957e-12,5.525572710496363e-07,True,,1504086,72,True
train,7852,RELD_MTL,permutation_2,9.7611618042,9.761161804199219,9.761162424147722,True,,0,0,0.0,0.0,16,90,True,9.761162424147722,-7.815970093361102e-13,6.199485031999075e-07,True,,1504086,43,True
train,8075,RELD_MTL,permutation_2,8.1696586609,8.169658660888672,8.169658298629646,True,,0,0,0.0,0.0,12,91,True,8.169658298629646,-1.1327827564855397e-11,-3.6225902633191254e-07,True,,1504086,24,True
train,8408,RELD_MTL,permutation_2,8.0363483429,8.036348342895508,8.03634873928709,True,,0,0,0.0,0.0,14,92,True,8.03634873928709,-4.4924064468432334e-12,3.9639158266879804e-07,True,,1504086,27,True
train,8611,RELD_MTL,permutation_2,10.5421409607,10.54214096069336,10.542140957260935,True,,0,0,0.0,0.0,15,93,True,10.542140957260935,-6.640021865678136e-12,-3.432424122706834e-09,True,,1504086,79,True
train,8570,RELD_MTL,permutation_2,10.5844268799,10.584426879882812,10.584426978524013,True,,0,0,0.0,0.0,18,93,True,10.584426978524013,-1.7188028778036823e-11,9.864120009694943e-08,True,,1504086,70,True
train,8574,RELD_MTL,permutation_2,8.9657335281,8.965733528137207,8.96573373088355,True,,0,0,3.725290298461914e-09,0.0,13,93,True,8.96573373088355,3.7207570358077646e-11,2.0274634238148792e-07,True,,1504086,67,True
train,8806,RELD_MTL,permutation_2,14.6276321411,14.627632141113281,14.627632262106326,True,,0,0,1.1175870895385742e-08,0.0,15,94,True,14.627632262106326,1.3281820088195673e-11,1.209930449164176e-07,True,,1504086,29,True
train,8681,RELD_MTL,permutation_2,12.6419467926,12.641946792602539,12.64194611665085,True,,0,0,0.0,0.0,20,94,True,12.64194611665085,2.538413923502958e-12,-6.759516892884676e-07,True,,1504086,60,True
train,8958,RELD_MTL,permutation_2,16.0618896484,16.0618896484375,16.06188981021958,True,,0,0,0.0,0.0,19,95,True,16.06188981021958,3.749889287973929e-11,1.6178207928874144e-07,True,,1504086,13,True
train,9107,RELD_MTL,permutation_2,11.1348876953,11.1348876953125,11.134888408274477,True,,0,0,0.0,0.0,18,96,True,11.134888408274477,1.2500223078859563e-11,7.129619774559615e-07,True,,1504086,13,True
train,9057,RELD_MTL,permutation_2,12.8995513916,12.899551391601562,12.899552043761558,True,,0,0,9.313225746154785e-09,0.0,15,96,True,12.899552043761558,1.5631940186722204e-12,6.521599953401847e-07,True,,1504086,68,True
train,9332,RELD_MTL,permutation_2,7.981092453,7.98109245300293,7.981092275611424,True,,0,0,2.2351741790771484e-08,0.0,13,97,True,7.981092275611424,2.930100606590713e-12,-1.773915059288811e-07,True,,1504086,61,True
train,9475,RELD_MTL,permutation_2,11.9908313751,11.99083137512207,11.990831110657414,True,,0,0,0.0,0.0,16,98,True,11.990831110657414,2.2069457372708712e-11,-2.644646563965125e-07,True,,1504086,3,True
train,9425,RELD_MTL,permutation_2,10.3552513123,10.35525131225586,10.355250666714623,True,,0,0,0.0,0.0,16,98,True,10.355250666714623,-4.4140691102256824e-11,-6.455412364658741e-07,True,,1504086,75,True
train,9651,RELD_MTL,permutation_2,15.7962627411,15.796262741088867,15.796262261797493,True,,0,0,0.0,0.0,19,99,True,15.796262261797493,-1.113242831252137e-11,-4.792913745887972e-07,True,,1504086,46,True
train,202,RELD_MTL,permutation_3,7.7714262009,7.771426200866699,7.77142680446722,True,,0,0,0.0,0.0,13,51,True,7.77142680446722,-3.3300473489816795e-11,6.036005206766504e-07,True,,1529875,41,True
train,208,RELD_MTL,permutation_3,10.0321750641,10.032175064086914,10.032175543249668,True,,0,0,0.0,0.0,12,51,True,10.032175543249668,-1.3086420835861645e-11,4.791627539191268e-07,True,,1529875,12,True
train,261,RELD_MTL,permutation_3,7.8888554573,7.888855457305908,7.8888550004920495,True,,0,0,0.0,0.0,10,51,True,7.8888550004920495,5.908162847845233e-12,-4.568138587401904e-07,True,,1529875,26,True
train,540,RELD_MTL,permutation_3,7.9747729301,7.974772930145264,7.974772884727213,True,,0,0,0.0,0.0,12,52,True,7.974772884727213,4.526334862475778e-11,-4.541805065372273e-08,True,,1529875,34,True
train,720,RELD_MTL,permutation_3,5.8652420044,5.865242004394531,5.865241971924577,True,,0,0,0.0,0.0,9,53,True,5.865241971924577,-5.468514530093671e-12,-3.246995383676676e-08,True,,1529875,1,True
train,700,RELD_MTL,permutation_3,8.8419036865,8.841903686523438,8.841903734181336,True,,0,0,0.0,0.0,13,53,True,8.841903734181336,2.3437252139046905e-11,4.765789896055139e-08,True,,1529875,48,True
train,726,RELD_MTL,permutation_3,6.9627790451,6.9627790451049805,6.962778958491981,True,,0,0,0.0,0.0,12,53,True,6.962778958491981,4.980904577678302e-12,-8.66129994392395e-08,True,,1529875,22,True
train,872,RELD_MTL,permutation_3,7.4238052368,7.423805236816406,7.42380557461591,True,,0,0,0.0,0.0,9,54,True,7.42380557461591,1.6406431768700713e-11,3.377995039244297e-07,True,,1529875,21,True
train,1068,RELD_MTL,permutation_3,9.5643768311,9.564376831054688,9.564377544754448,True,,0,0,0.0,0.0,14,55,True,9.564377544754448,-4.531308661626099e-11,7.136997606238538e-07,True,,1529875,28,True
train,1103,RELD_MTL,permutation_3,9.0777111053,9.07771110534668,9.077710928426768,True,,0,0,0.0,0.0,15,55,True,9.077710928426768,4.667910502575978e-11,-1.7691991160972975e-07,True,,1529875,38,True
train,1178,RELD_MTL,permutation_3,9.3217334747,9.321733474731445,9.321733282130339,True,,0,0,0.0,0.0,10,55,True,9.321733282130339,3.1445068771063234e-11,-1.9260110661889485e-07,True,,1529875,5,True
train,1143,RELD_MTL,permutation_3,9.4715461731,9.471546173095703,9.47154681506023,True,,0,0,0.0,0.0,10,55,True,9.47154681506023,-4.297007194509206e-12,6.41964527758887e-07,True,,1529875,36,True
train,1012,RELD_MTL,permutation_3,7.8868803978,7.886880397796631,7.88688008257985,True,,0,0,0.0,0.0,13,55,True,7.88688008257985,-3.368860745922575e-12,-3.1521678067747416e-07,True,,1529875,7,True
train,1377,RELD_MTL,permutation_3,7.7875595093,7.787559509277344,7.7875592984086435,True,,0,0,0.0,0.0,11,57,True,7.7875592984086435,-2.2656543308130495e-11,-2.1086870027886562e-07,True,,1529875,25,True
train,1430,RELD_MTL,permutation_3,7.851931572,7.851931571960449,7.851931639046999,True,,0,0,0.0,0.0,10,57,True,7.851931639046999,-3.9550585029246577e-11,6.708654964882044e-08,True,,1529875,2,True
train,1591,RELD_MTL,permutation_3,6.7048988342,6.704898834228516,6.704898943466101,True,,0,0,2.0489096641540527e-08,0.0,10,58,True,6.704898943466101,2.851585634289222e-11,1.0923758519965077e-07,True,,1529875,30,True
train,2506,RELD_MTL,permutation_3,10.1510810852,10.151081085205078,10.151080440342488,True,,0,0,0.0,0.0,15,62,True,10.151080440342488,5.078604203845316e-12,-6.448625899935223e-07,True,,1529875,4,True
train,2581,RELD_MTL,permutation_3,8.9099836349,8.90998363494873,8.90998320090072,True,,0,0,2.9802322387695312e-08,0.0,10,63,True,8.90998320090072,4.873079717526707e-11,-4.340480099784827e-07,True,,1529875,13,True
train,2940,RELD_MTL,permutation_3,7.4872159958,7.487215995788574,7.4872158257922115,True,,0,0,0.0,0.0,11,64,True,7.4872158257922115,-1.1425527191022411e-11,-1.6999636276437968e-07,True,,1529875,33,True
train,2901,RELD_MTL,permutation_3,9.6096858978,9.609685897827148,9.609685668604726,True,,0,0,0.0,0.0,13,64,True,9.609685668604726,2.7148061576554028e-11,-2.2922242237655155e-07,True,,1529875,56,True
train,2763,RELD_MTL,permutation_3,11.3180522919,11.318052291870117,11.31805215875685,True,,0,0,0.0,0.0,14,64,True,11.31805215875685,-2.9883651109230414e-11,-1.3311326796383582e-07,True,,1529875,63,True
train,3181,RELD_MTL,permutation_3,11.3180046082,11.318004608154297,11.31800425229061,True,,0,0,0.0,0.0,15,66,True,11.31800425229061,-4.5703885120929044e-11,-3.5586368696272075e-07,True,,1529875,3,True
train,3212,RELD_MTL,permutation_3,6.830956459,6.83095645904541,6.830955701826139,True,,0,0,0.0,0.0,11,66,True,6.830955701826139,4.54098980640083e-11,-7.572192712856918e-07,True,,1529875,31,True
train,3442,RELD_MTL,permutation_3,8.5235595703,8.5235595703125,8.523560312762628,True,,0,0,0.0,0.0,14,67,True,8.523560312762628,1.2500223078859563e-11,7.424501280439699e-07,True,,1529875,31,True
train,3839,RELD_MTL,permutation_3,9.7463378906,9.746337890625,9.74633723635738,True,,0,0,7.450580596923828e-09,0.0,10,69,True,9.74633723635738,2.5000446157719125e-11,-6.542676196374941e-07,True,,1529875,25,True
train,4088,RELD_MTL,permutation_3,6.1136288643,6.11362886428833,6.113628744534156,True,,0,0,2.2351741790771484e-08,0.0,11,70,True,6.113628744534156,-1.1669776256439945e-11,-1.1975417368859098e-07,True,,1529875,56,True
train,4113,RELD_MTL,permutation_3,8.5975456238,8.597545623779297,8.597545458172444,True,,0,0,7.450580596923828e-09,0.0,11,70,True,8.597545458172444,-2.070343896320992e-11,-1.6560685267563713e-07,True,,1529875,62,True
train,4245,RELD_MTL,permutation_3,11.1766405106,11.176640510559082,11.176640557052819,True,,0,0,0.0,0.0,16,71,True,11.176640557052819,-4.091837979558477e-11,4.649373686049785e-08,True,,1529875,23,True
train,4442,RELD_MTL,permutation_3,10.9791698456,10.979169845581055,10.97916882690393,True,,0,0,0.0,0.0,13,72,True,10.97916882690393,-1.894484569220367e-11,-1.0186771248754667e-06,True,,1529875,3,True
train,4412,RELD_MTL,permutation_3,12.6285514832,12.628551483154297,12.628552373100957,True,,0,0,0.0,0.0,14,72,True,12.628552373100957,-4.5703885120929044e-11,8.899466603651263e-07,True,,1529875,34,True
train,4870,RELD_MTL,permutation_3,9.2751684189,9.275168418884277,9.27516804355463,True,,0,0,1.4901161193847656e-08,0.0,11,74,True,9.27516804355463,-1.5722534385531617e-11,-3.753296464736877e-07,True,,1529875,67,True
train,5037,RELD_MTL,permutation_3,9.5000534058,9.500053405761719,9.500052984232976,True,,0,0,2.60770320892334e-08,0.0,15,75,True,9.500052984232976,-3.82804898890754e-11,-4.215287425779479e-07,True,,1529875,19,True
train,4975,RELD_MTL,permutation_3,10.7756690979,10.77566909790039,10.775668804074458,True,,0,0,0.0,0.0,15,75,True,10.775668804074458,3.907985046680551e-13,-2.9382593247362365e-07,True,,1529875,20,True
train,5417,RELD_MTL,permutation_3,10.1124267578,10.1124267578125,10.112426402035029,True,,0,0,0.0,0.0,13,77,True,10.112426402035029,1.2500223078859563e-11,-3.5577747148352046e-07,True,,1529875,7,True
train,5367,RELD_MTL,permutation_3,9.0747528076,9.074752807617188,9.074752510213617,True,,0,0,0.0,0.0,14,77,True,9.074752510213617,1.7188028778036823e-11,-2.974035702152378e-07,True,,1529875,29,True
train,5848,RELD_MTL,permutation_3,12.7689495087,12.768949508666992,12.768949758068343,True,,0,0,0.0,0.0,18,79,True,12.768949758068343,-3.3008262789735454e-11,2.4940135112672124e-07,True,,1529875,57,True
train,6065,RELD_MTL,permutation_3,13.23432827,13.234328269958496,13.234328220582253,True,,0,0,0.0,0.0,17,80,True,13.234328220582253,-4.150457755258685e-11,-4.937624353829051e-08,True,,1529875,16,True
train,6222,RELD_MTL,permutation_3,8.2373752594,8.237375259399414,8.237375748711294,True,,0,0,0.0,0.0,12,81,True,8.237375748711294,-5.861977570020827e-13,4.893118799031981e-07,True,,1529875,18,True
train,6243,RELD_MTL,permutation_3,11.000287056,11.000287055969238,11.000287432464155,True,,0,0,0.0,0.0,16,81,True,11.000287432464155,-3.076117138789414e-11,3.7649491702040905e-07,True,,1529875,12,True
train,6361,RELD_MTL,permutation_3,7.2086982727,7.208698272705078,7.208698463420421,True,,0,0,0.0,0.0,11,82,True,7.208698463420421,5.077716025425616e-12,1.9071534307357751e-07,True,,1529875,62,True
train,7009,RELD_MTL,permutation_3,12.1654024124,12.16540241241455,12.165402619814483,True,,0,0,0.0,0.0,16,85,True,12.165402619814483,1.4550138871527452e-11,2.0739993189522465e-07,True,,1529875,40,True
train,7178,RELD_MTL,permutation_3,9.6283054352,9.628305435180664,9.62830539859303,True,,0,0,0.0,0.0,14,86,True,9.62830539859303,-1.9335644196871726e-11,-3.6587634255624835e-08,True,,1529875,83,True
train,7175,RELD_MTL,permutation_3,12.2015619278,12.20156192779541,12.201562531159913,True,,0,0,0.0,0.0,15,86,True,12.201562531159913,-4.590106073010247e-12,6.033645032488266e-07,True,,1529875,60,True
train,7243,RELD_MTL,permutation_3,11.9153118134,11.915311813354492,11.915311987535057,True,,0,0,0.0,0.0,19,86,True,11.915311987535057,-4.5508485868595017e-11,1.7418056508233803e-07,True,,1529875,59,True
train,7377,RELD_MTL,permutation_3,11.6807975769,11.680797576904297,11.680797503039072,True,,0,0,0.0,0.0,18,87,True,11.680797503039072,4.297007194509206e-12,-7.386522504759796e-08,True,,1529875,82,True
train,7301,RELD_MTL,permutation_3,9.9384593964,9.938459396362305,9.938459971995213,True,,0,0,0.0,0.0,13,87,True,9.938459971995213,-3.7696068488912715e-11,5.756329084505296e-07,True,,1529875,49,True
train,7621,RELD_MTL,permutation_3,8.2852506638,8.285250663757324,8.285250296214008,True,,0,0,3.725290298461914e-09,0.0,14,88,True,8.285250296214008,-4.267519670975162e-11,-3.6754331667054885e-07,True,,1529875,85,True
train,7496,RELD_MTL,permutation_3,13.8029079437,13.802907943725586,13.80290812866042,True,,0,0,0.0,0.0,16,88,True,13.80290812866042,2.5586643914721208e-11,1.8493483366910368e-07,True,,1529875,6,True
train,7644,RELD_MTL,permutation_3,12.0590171814,12.059017181396484,12.059017733953755,True,,0,0,0.0,0.0,14,88,True,12.059017733953755,-3.5154101851730957e-12,5.525572710496363e-07,True,,1529875,14,True
train,7852,RELD_MTL,permutation_3,9.7611618042,9.761161804199219,9.761162424147722,True,,0,0,0.0,0.0,16,90,True,9.761162424147722,-7.815970093361102e-13,6.199485031999075e-07,True,,1529875,74,True
train,8075,RELD_MTL,permutation_3,8.1696586609,8.169658660888672,8.169658298629646,True,,0,0,0.0,0.0,12,91,True,8.169658298629646,-1.1327827564855397e-11,-3.6225902633191254e-07,True,,1529875,17,True
train,8408,RELD_MTL,permutation_3,8.0363483429,8.036348342895508,8.03634873928709,True,,0,0,0.0,0.0,14,92,True,8.03634873928709,-4.4924064468432334e-12,3.9639158266879804e-07,True,,1529875,81,True
train,8611,RELD_MTL,permutation_3,10.5421409607,10.54214096069336,10.542140957260935,True,,0,0,0.0,0.0,15,93,True,10.542140957260935,-6.640021865678136e-12,-3.432424122706834e-09,True,,1529875,76,True
train,8570,RELD_MTL,permutation_3,10.5844268799,10.584426879882812,10.584426978524013,True,,0,0,0.0,0.0,18,93,True,10.584426978524013,-1.7188028778036823e-11,9.864120009694943e-08,True,,1529875,56,True
train,8574,RELD_MTL,permutation_3,8.9657335281,8.965733528137207,8.96573373088355,True,,0,0,3.725290298461914e-09,0.0,13,93,True,8.96573373088355,3.7207570358077646e-11,2.0274634238148792e-07,True,,1529875,66,True
train,8806,RELD_MTL,permutation_3,14.6276321411,14.627632141113281,14.627632262106326,True,,0,0,1.1175870895385742e-08,0.0,15,94,True,14.627632262106326,1.3281820088195673e-11,1.209930449164176e-07,True,,1529875,56,True
train,8681,RELD_MTL,permutation_3,12.6419467926,12.641946792602539,12.64194611665085,True,,0,0,0.0,0.0,20,94,True,12.64194611665085,2.538413923502958e-12,-6.759516892884676e-07,True,,1529875,53,True
train,8958,RELD_MTL,permutation_3,16.0618896484,16.0618896484375,16.06188981021958,True,,0,0,0.0,0.0,19,95,True,16.06188981021958,3.749889287973929e-11,1.6178207928874144e-07,True,,1529875,51,True
train,9107,RELD_MTL,permutation_3,11.1348876953,11.1348876953125,11.134888408274477,True,,0,0,0.0,0.0,18,96,True,11.134888408274477,1.2500223078859563e-11,7.129619774559615e-07,True,,1529875,91,True
train,9057,RELD_MTL,permutation_3,12.8995513916,12.899551391601562,12.899552043761558,True,,0,0,9.313225746154785e-09,0.0,15,96,True,12.899552043761558,1.5631940186722204e-12,6.521599953401847e-07,True,,1529875,46,True
train,9332,RELD_MTL,permutation_3,7.981092453,7.98109245300293,7.981092275611424,True,,0,0,2.2351741790771484e-08,0.0,13,97,True,7.981092275611424,2.930100606590713e-12,-1.773915059288811e-07,True,,1529875,67,True
train,9475,RELD_MTL,permutation_3,11.9908313751,11.99083137512207,11.990831110657414,True,,0,0,0.0,0.0,16,98,True,11.990831110657414,2.2069457372708712e-11,-2.644646563965125e-07,True,,1529875,32,True
train,9425,RELD_MTL,permutation_3,10.3552513123,10.35525131225586,10.355250666714623,True,,0,0,0.0,0.0,16,98,True,10.355250666714623,-4.4140691102256824e-11,-6.455412364658741e-07,True,,1529875,83,True
train,9651,RELD_MTL,permutation_3,15.7962627411,15.796262741088867,15.796262261797493,True,,0,0,0.0,0.0,19,99,True,15.796262261797493,-1.113242831252137e-11,-4.792913745887972e-07,True,,1529875,75,True
val,8,RELD_MOEL,original_0,5.1362557411,5.136255741119385,5.13625557464908,True,,0,0,0.0,0.0,7,50,True,5.13625557464908,1.9384494009955233e-11,-1.6647030509631122e-07,True,True,1542633,16,True
val,36,RELD_MOEL,original_0,8.3713970184,8.371397018432617,8.37139656216021,True,,0,0,0.0,0.0,15,51,True,8.37139656216021,3.26174642850674e-11,-4.562724065237944e-07,True,True,1542633,17,True
val,28,RELD_MOEL,original_0,10.311416626,10.311416625976562,10.311416792520955,True,,0,0,0.0,0.0,13,51,True,10.311416792520955,-2.3437252139046905e-11,1.665443924991905e-07,True,True,1542633,7,True
val,29,RELD_MOEL,original_0,6.4145669937,6.414566993713379,6.414566716114313,True,,0,0,0.0,0.0,11,51,True,6.414566716114313,1.3378631535942986e-11,-2.7759906551239055e-07,True,True,1542633,49,True
val,55,RELD_MOEL,original_0,6.1492166519,6.149216651916504,6.149216938231583,True,,0,0,1.862645149230957e-08,0.0,9,52,True,6.149216938231583,1.6504131394867727e-11,2.8631507920096055e-07,True,True,1542633,1,True
val,48,RELD_MOEL,original_0,7.8191680908,7.8191680908203125,7.81916836733864,True,,0,0,7.450580596923828e-09,0.0,9,52,True,7.81916836733864,2.0312640458541864e-11,2.765183273467642e-07,True,True,1542633,39,True
val,77,RELD_MOEL,original_0,10.9936256409,10.99362564086914,10.993625054063278,True,,0,0,0.0,0.0,13,53,True,10.993625054063278,-3.085887101406115e-11,-5.868058625679851e-07,True,True,1542633,39,True
val,79,RELD_MOEL,original_0,5.0599489212,5.059948921203613,5.059948845473142,True,,0,0,0.0,0.0,9,53,True,5.059948845473142,3.6131098113401094e-12,-7.573047167142022e-08,True,True,1542633,11,True
val,103,RELD_MOEL,original_0,8.2945556641,8.2945556640625,8.294556403985274,True,,0,0,0.0,0.0,11,55,True,8.294556403985274,-3.750066923657869e-11,7.399227737181491e-07,True,True,1542633,26,True
val,128,RELD_MOEL,original_0,8.4066152573,8.406615257263184,8.40661559832865,True,,0,0,0.0,0.0,12,56,True,8.40661559832865,-3.681677185340959e-11,3.4106546564771634e-07,True,True,1542633,16,True
val,125,RELD_MOEL,original_0,6.7296991348,6.72969913482666,6.7296993558340015,True,,0,0,0.0,0.0,10,56,True,6.7296993558340015,2.666045162413866e-11,2.2100734131669242e-07,True,True,1542633,28,True
val,139,RELD_MOEL,original_0,6.4885005951,6.488500595092773,6.488500644038338,True,,0,0,0.0,0.0,9,56,True,6.488500644038338,-7.226219622680219e-12,4.89455649343995e-08,True,True,1542633,22,True
val,127,RELD_MOEL,original_0,8.8291978836,8.829197883605957,8.829197938361911,True,,0,0,0.0,0.0,11,56,True,8.829197938361911,5.95790083934844e-12,5.4755954437268883e-08,True,True,1542633,35,True
val,163,RELD_MOEL,original_0,12.0311193466,12.031119346618652,12.031119612797648,True,,0,0,0.0,0.0,12,58,True,12.031119612797648,1.865174681370263e-11,2.661789952895788e-07,True,True,1542633,52,True
val,185,RELD_MOEL,original_0,9.8947620392,9.89476203918457,9.894761641902068,True,,0,0,0.0,0.0,10,59,True,9.894761641902068,-1.5429435507030576e-11,-3.9728250200710136e-07,True,True,1542633,0,True
val,182,RELD_MOEL,original_0,8.4851837158,8.485183715820312,8.485184074520111,True,,0,0,0.0,0.0,14,59,True,8.485184074520111,2.0312640458541864e-11,3.5869979875258196e-07,True,True,1542633,49,True
val,205,RELD_MOEL,original_0,7.5018744469,7.5018744468688965,7.5018748101403965,True,,0,0,2.9802322387695312e-08,0.0,9,60,True,7.5018748101403965,-3.1103120079478686e-11,3.632714999923792e-07,True,True,1542633,11,True
val,260,RELD_MOEL,original_0,7.3041067123,7.304106712341309,7.304106491726111,True,,0,0,1.862645149230957e-08,0.0,11,63,True,7.304106491726111,4.1308290121833124e-11,-2.2061519722171852e-07,True,True,1542633,28,True
val,262,RELD_MOEL,original_0,9.8918571472,9.891857147216797,9.891857032484507,True,,0,0,1.4901161193847656e-08,0.0,12,63,True,9.891857032484507,1.679723027336877e-11,-1.1473228944680613e-07,True,True,1542633,14,True
val,282,RELD_MOEL,original_0,10.0459527969,10.045952796936035,10.045952144720928,True,,0,0,0.0,0.0,14,64,True,10.045952144720928,3.603517484407348e-11,-6.52215106811127e-07,True,True,1542633,44,True
val,291,RELD_MOEL,original_0,8.9197359085,8.9197359085083,8.919735977519144,True,,0,0,0.0,0.0,14,64,True,8.919735977519144,8.30091551051737e-12,6.901084326216278e-08,True,True,1542633,30,True
val,331,RELD_MOEL,original_0,9.6513700485,9.65137004852295,9.651369502113349,True,,0,0,0.0,0.0,15,66,True,9.651369502113349,2.2948754008211836e-11,-5.464096002327778e-07,True,True,1542633,49,True
val,342,RELD_MOEL,original_0,9.5852365494,9.585236549377441,9.585236096225115,True,,0,0,0.0,0.0,13,67,True,9.585236096225115,-2.255795550354378e-11,-4.531523263295867e-07,True,True,1542633,42,True
val,340,RELD_MOEL,original_0,6.217508316,6.217508316040039,6.2175085672214685,True,,0,0,1.4901161193847656e-08,0.0,12,67,True,6.2175085672214685,4.0039083160081645e-11,2.5118142943370003e-07,True,True,1542633,39,True
val,352,RELD_MOEL,original_0,6.7683372498,6.768337249755859,6.76833708874892,True,,0,0,1.862645149230957e-08,0.0,10,67,True,6.76833708874892,-4.4140691102256824e-11,-1.6100693933651655e-07,True,True,1542633,65,True
val,363,RELD_MOEL,original_0,8.5724525452,8.572452545166016,8.572453390827611,True,,0,0,0.0,0.0,15,68,True,8.572453390827611,-3.398525905140559e-11,8.456615958607472e-07,True,True,1542633,51,True
val,374,RELD_MOEL,original_0,10.7621307373,10.762130737304688,10.76213032265896,True,,0,0,0.0,0.0,16,68,True,10.76213032265896,4.687805699177261e-12,-4.146457275311377e-07,True,True,1542633,21,True
val,369,RELD_MOEL,original_0,8.4359951019,8.435995101928711,8.435995981439495,True,,0,0,0.0,0.0,14,68,True,8.435995981439495,2.8711255595226248e-11,8.795107842018979e-07,True,True,1542633,33,True
val,390,RELD_MOEL,original_0,6.4561681747,6.456168174743652,6.456168486327591,True,,0,0,7.450580596923828e-09,0.0,11,69,True,6.456168486327591,4.3652192971421755e-11,3.11583939094362e-07,True,True,1542633,15,True
val,410,RELD_MOEL,original_0,11.7645139694,11.764513969421387,11.76451402940913,True,,0,0,1.4901161193847656e-08,0.0,12,70,True,11.76451402940913,2.1387336346379016e-11,5.998774277315988e-08,True,True,1542633,30,True
val,401,RELD_MOEL,original_0,9.2429141998,9.242914199829102,9.242914171865776,True,,0,0,0.0,0.0,14,70,True,9.242914171865776,2.9102054099894303e-11,-2.796332587706729e-08,True,True,1542633,67,True
val,447,RELD_MOEL,original_0,8.6839351654,8.683935165405273,8.683936045965845,True,,0,0,0.0,0.0,12,72,True,8.683936045965845,5.274003456179344e-12,8.80560572014133e-07,True,True,1542633,9,True
val,456,RELD_MOEL,original_0,9.58015728,9.580157279968262,9.580157787226975,True,,0,0,1.4901161193847656e-08,0.0,11,72,True,9.580157787226975,-3.1738167649564275e-11,5.072587132559647e-07,True,True,1542633,8,True
val,515,RELD_MOEL,original_0,11.3758459091,11.375845909118652,11.375845718372975,True,,0,0,0.0,0.0,13,75,True,11.375845718372975,1.865174681370263e-11,-1.9074567703114553e-07,True,True,1542633,11,True
val,528,RELD_MOEL,original_0,9.9559288025,9.955928802490234,9.95592789178227,True,,0,0,0.0,0.0,15,76,True,9.95592789178227,-9.766409903022577e-12,-9.107079641523796e-07,True,True,1542633,17,True
val,544,RELD_MOEL,original_0,14.5364627838,14.536462783813477,14.536463444632538,True,,0,0,0.0,0.0,17,77,True,14.536463444632538,1.34772193405297e-11,6.608190616930187e-07,True,True,1542633,16,True
val,576,RELD_MOEL,original_0,12.0611944199,12.06119441986084,12.061193631201368,True,,0,0,7.450580596923828e-09,0.0,17,78,True,12.061193631201368,-3.915978652457852e-11,-7.886594719508366e-07,True,True,1542633,12,True
val,575,RELD_MOEL,original_0,8.1948719025,8.19487190246582,8.19487165690805,True,,0,0,0.0,0.0,12,78,True,8.19487165690805,-3.417888194690022e-11,-2.4555776967361e-07,True,True,1542633,19,True
val,563,RELD_MOEL,original_0,9.4298477173,9.429847717285156,9.429848037895063,True,,0,0,0.0,0.0,13,78,True,9.429848037895063,-1.4843237750028493e-11,3.206099066233037e-07,True,True,1542633,67,True
val,583,RELD_MOEL,original_0,7.9927048683,7.99270486831665,7.992704593223755,True,,0,0,0.0,0.0,11,79,True,7.992704593223755,1.6650680834118248e-11,-2.7509289513005797e-07,True,True,1542633,61,True
val,588,RELD_MOEL,original_0,6.2802333832,6.280233383178711,6.280233492525783,True,,0,0,0.0,0.0,12,79,True,6.280233492525783,-2.1288748541792302e-11,1.0934707184162562e-07,True,True,1542633,52,True
val,648,RELD_MOEL,original_0,10.2035903931,10.203590393066406,10.20359066931261,True,,0,0,0.0,0.0,12,82,True,10.20359066931261,-3.359446054673754e-11,2.762462045780012e-07,True,True,1542633,20,True
val,673,RELD_MOEL,original_0,11.3379020691,11.337902069091797,11.337901422410788,True,,0,0,0.0,0.0,15,83,True,11.337901422410788,-8.203215884350357e-12,-6.466810091865227e-07,True,True,1542633,25,True
val,688,RELD_MOEL,original_0,11.41173172,11.411731719970703,11.411731022816092,True,,0,0,0.0,0.0,15,84,True,11.411731022816092,-2.929745335222833e-11,-6.971546113732074e-07,True,True,1542633,23,True
val,695,RELD_MOEL,original_0,8.2422275543,8.242227554321289,8.242228265285345,True,,0,0,0.0,0.0,13,84,True,8.242228265285345,2.1289636720212002e-11,7.109640556279828e-07,True,True,1542633,66,True
val,710,RELD_MOEL,original_0,12.333190918,12.33319091796875,12.333189962653174,True,,0,0,0.0,0.0,15,85,True,12.333189962653174,-3.1249669518729206e-11,-9.553155759789433e-07,True,True,1542633,33,True
val,769,RELD_MOEL,original_0,9.0833930969,9.083393096923828,9.083393087602214,True,,0,0,2.0489096641540527e-08,0.0,12,88,True,9.083393087602214,2.382805064371496e-11,-9.321613703150433e-09,True,True,1542633,34,True
val,759,RELD_MOEL,original_0,10.8385295868,10.838529586791992,10.838528858383306,True,,0,0,0.0,0.0,13,88,True,10.838528858383306,-8.007816632016329e-12,-7.284086862568984e-07,True,True,1542633,83,True
val,757,RELD_MOEL,original_0,7.3146295547,7.314629554748535,7.314629794635529,True,,0,0,3.725290298461914e-09,0.0,13,88,True,7.314629794635529,4.8535397922933043e-11,2.398869938247117e-07,True,True,1542633,35,True
val,764,RELD_MOEL,original_0,11.663608551,11.66360855102539,11.663608926156853,True,,0,0,0.0,0.0,15,88,True,11.663608926156853,2.539124466238718e-11,3.751314618938295e-07,True,True,1542633,76,True
val,789,RELD_MOEL,original_0,11.1516799927,11.151679992675781,11.151680785048297,True,,0,0,0.0,0.0,15,89,True,11.151680785048297,-2.4218849148383015e-11,7.923725160452477e-07,True,True,1542633,12,True
val,803,RELD_MOEL,original_0,10.3829526901,10.382952690124512,10.38295268273446,True,,0,0,0.0,0.0,14,90,True,10.38295268273446,2.4511948026884056e-11,-7.390051237621265e-09,True,True,1542633,76,True
val,801,RELD_MOEL,original_0,6.7618217468,6.761821746826172,6.761821730940419,True,,0,0,5.587935447692871e-09,0.0,15,90,True,6.761821730940419,2.617195349330359e-11,-1.588575315736307e-08,True,True,1542633,4,True
val,808,RELD_MOEL,original_0,10.0782470703,10.0782470703125,10.078247104167431,True,,0,0,0.0,0.0,13,90,True,10.078247104167431,1.2500223078859563e-11,3.3854931302812474e-08,True,True,1542633,85,True
val,822,RELD_MOEL,original_0,14.4076395035,14.407639503479004,14.407639171906201,True,,0,0,0.0,0.0,17,91,True,14.407639171906201,-2.099653784171096e-11,-3.315728029917864e-07,True,True,1542633,80,True
val,829,RELD_MOEL,original_0,9.0198631287,9.01986312866211,9.019863329327036,True,,0,0,0.0,0.0,18,92,True,9.019863329327036,-3.789146774124674e-11,2.0066492645298695e-07,True,True,1542633,22,True
val,873,RELD_MOEL,original_0,14.7657670975,14.765767097473145,14.765767232191118,True,,0,0,0.0,0.0,18,94,True,14.765767232191118,-2.6854962698052987e-11,1.34717973665488e-07,True,True,1542633,20,True
val,868,RELD_MOEL,original_0,10.8979129791,10.897912979125977,10.897912637010108,True,,0,0,0.0,0.0,16,94,True,10.897912637010108,2.5977442419389263e-11,-3.4211586807941785e-07,True,True,1542633,12,True
val,904,RELD_MOEL,original_0,11.8235168457,11.823516845703125,11.823516765756416,True,,0,0,0.0,0.0,16,95,True,11.823516765756416,3.1246116805050406e-12,-7.994670880862031e-08,True,True,1542633,79,True
val,886,RELD_MOEL,original_0,18.0170516968,18.017051696777344,18.017051221365225,True,,0,0,0.0,0.0,17,95,True,18.017051221365225,-2.2655655129710794e-11,-4.754121185612803e-07,True,True,1542633,63,True
val,918,RELD_MOEL,original_0,16.2844200134,16.284420013427734,16.284419815462627,True,,0,0,0.0,0.0,20,96,True,16.284419815462627,2.773603569039551e-11,-1.9796510741798556e-07,True,True,1542633,75,True
val,950,RELD_MOEL,original_0,14.5269212723,14.526921272277832,14.526921543313234,True,,0,0,0.0,0.0,18,98,True,14.526921543313234,-2.2167156998875726e-11,2.710354021218109e-07,True,True,1542633,4,True
val,969,RELD_MOEL,original_0,10.5276737213,10.527673721313477,10.5276738023347,True,,0,0,0.0,0.0,13,99,True,10.5276738023347,1.34772193405297e-11,8.102122350805985e-08,True,True,1542633,82,True
val,978,RELD_MOEL,original_0,12.1604146957,12.160414695739746,12.160415175035732,True,,0,0,0.0,0.0,19,99,True,12.160415175035732,3.9745984281580604e-11,4.792959860111523e-07,True,True,1542633,86,True
val,8,RELD_MOEL,original_1,5.1362557411,5.136255741119385,5.13625557464908,True,,0,0,0.0,0.0,7,50,True,5.13625557464908,1.9384494009955233e-11,-1.6647030509631122e-07,True,True,1565374,16,True
val,36,RELD_MOEL,original_1,8.3713970184,8.371397018432617,8.37139656216021,True,,0,0,0.0,0.0,15,51,True,8.37139656216021,3.26174642850674e-11,-4.562724065237944e-07,True,True,1565374,17,True
val,28,RELD_MOEL,original_1,10.311416626,10.311416625976562,10.311416792520955,True,,0,0,0.0,0.0,13,51,True,10.311416792520955,-2.3437252139046905e-11,1.665443924991905e-07,True,True,1565374,7,True
val,29,RELD_MOEL,original_1,6.4145669937,6.414566993713379,6.414566716114313,True,,0,0,0.0,0.0,11,51,True,6.414566716114313,1.3378631535942986e-11,-2.7759906551239055e-07,True,True,1565374,49,True
val,55,RELD_MOEL,original_1,6.1492166519,6.149216651916504,6.149216938231583,True,,0,0,1.862645149230957e-08,0.0,9,52,True,6.149216938231583,1.6504131394867727e-11,2.8631507920096055e-07,True,True,1565374,1,True
val,48,RELD_MOEL,original_1,7.8191680908,7.8191680908203125,7.81916836733864,True,,0,0,7.450580596923828e-09,0.0,9,52,True,7.81916836733864,2.0312640458541864e-11,2.765183273467642e-07,True,True,1565374,39,True
val,77,RELD_MOEL,original_1,10.9936256409,10.99362564086914,10.993625054063278,True,,0,0,0.0,0.0,13,53,True,10.993625054063278,-3.085887101406115e-11,-5.868058625679851e-07,True,True,1565374,39,True
val,79,RELD_MOEL,original_1,5.0599489212,5.059948921203613,5.059948845473142,True,,0,0,0.0,0.0,9,53,True,5.059948845473142,3.6131098113401094e-12,-7.573047167142022e-08,True,True,1565374,11,True
val,103,RELD_MOEL,original_1,8.2945556641,8.2945556640625,8.294556403985274,True,,0,0,0.0,0.0,11,55,True,8.294556403985274,-3.750066923657869e-11,7.399227737181491e-07,True,True,1565374,26,True
val,128,RELD_MOEL,original_1,8.4066152573,8.406615257263184,8.40661559832865,True,,0,0,0.0,0.0,12,56,True,8.40661559832865,-3.681677185340959e-11,3.4106546564771634e-07,True,True,1565374,16,True
val,125,RELD_MOEL,original_1,6.7296991348,6.72969913482666,6.7296993558340015,True,,0,0,0.0,0.0,10,56,True,6.7296993558340015,2.666045162413866e-11,2.2100734131669242e-07,True,True,1565374,28,True
val,139,RELD_MOEL,original_1,6.4885005951,6.488500595092773,6.488500644038338,True,,0,0,0.0,0.0,9,56,True,6.488500644038338,-7.226219622680219e-12,4.89455649343995e-08,True,True,1565374,22,True
val,127,RELD_MOEL,original_1,8.8291978836,8.829197883605957,8.829197938361911,True,,0,0,0.0,0.0,11,56,True,8.829197938361911,5.95790083934844e-12,5.4755954437268883e-08,True,True,1565374,35,True
val,163,RELD_MOEL,original_1,12.0311193466,12.031119346618652,12.031119612797648,True,,0,0,0.0,0.0,12,58,True,12.031119612797648,1.865174681370263e-11,2.661789952895788e-07,True,True,1565374,52,True
val,185,RELD_MOEL,original_1,9.8947620392,9.89476203918457,9.894761641902068,True,,0,0,0.0,0.0,10,59,True,9.894761641902068,-1.5429435507030576e-11,-3.9728250200710136e-07,True,True,1565374,0,True
val,182,RELD_MOEL,original_1,8.4851837158,8.485183715820312,8.485184074520111,True,,0,0,0.0,0.0,14,59,True,8.485184074520111,2.0312640458541864e-11,3.5869979875258196e-07,True,True,1565374,49,True
val,205,RELD_MOEL,original_1,7.5018744469,7.5018744468688965,7.5018748101403965,True,,0,0,2.9802322387695312e-08,0.0,9,60,True,7.5018748101403965,-3.1103120079478686e-11,3.632714999923792e-07,True,True,1565374,11,True
val,260,RELD_MOEL,original_1,7.3041067123,7.304106712341309,7.304106491726111,True,,0,0,1.862645149230957e-08,0.0,11,63,True,7.304106491726111,4.1308290121833124e-11,-2.2061519722171852e-07,True,True,1565374,28,True
val,262,RELD_MOEL,original_1,9.8918571472,9.891857147216797,9.891857032484507,True,,0,0,1.4901161193847656e-08,0.0,12,63,True,9.891857032484507,1.679723027336877e-11,-1.1473228944680613e-07,True,True,1565374,14,True
val,282,RELD_MOEL,original_1,10.0459527969,10.045952796936035,10.045952144720928,True,,0,0,0.0,0.0,14,64,True,10.045952144720928,3.603517484407348e-11,-6.52215106811127e-07,True,True,1565374,44,True
val,291,RELD_MOEL,original_1,8.9197359085,8.9197359085083,8.919735977519144,True,,0,0,0.0,0.0,14,64,True,8.919735977519144,8.30091551051737e-12,6.901084326216278e-08,True,True,1565374,30,True
val,331,RELD_MOEL,original_1,9.6513700485,9.65137004852295,9.651369502113349,True,,0,0,0.0,0.0,15,66,True,9.651369502113349,2.2948754008211836e-11,-5.464096002327778e-07,True,True,1565374,49,True
val,342,RELD_MOEL,original_1,9.5852365494,9.585236549377441,9.585236096225115,True,,0,0,0.0,0.0,13,67,True,9.585236096225115,-2.255795550354378e-11,-4.531523263295867e-07,True,True,1565374,42,True
val,340,RELD_MOEL,original_1,6.217508316,6.217508316040039,6.2175085672214685,True,,0,0,1.4901161193847656e-08,0.0,12,67,True,6.2175085672214685,4.0039083160081645e-11,2.5118142943370003e-07,True,True,1565374,39,True
val,352,RELD_MOEL,original_1,6.7683372498,6.768337249755859,6.76833708874892,True,,0,0,1.862645149230957e-08,0.0,10,67,True,6.76833708874892,-4.4140691102256824e-11,-1.6100693933651655e-07,True,True,1565374,65,True
val,363,RELD_MOEL,original_1,8.5724525452,8.572452545166016,8.572453390827611,True,,0,0,0.0,0.0,15,68,True,8.572453390827611,-3.398525905140559e-11,8.456615958607472e-07,True,True,1565374,51,True
val,374,RELD_MOEL,original_1,10.7621307373,10.762130737304688,10.76213032265896,True,,0,0,0.0,0.0,16,68,True,10.76213032265896,4.687805699177261e-12,-4.146457275311377e-07,True,True,1565374,21,True
val,369,RELD_MOEL,original_1,8.4359951019,8.435995101928711,8.435995981439495,True,,0,0,0.0,0.0,14,68,True,8.435995981439495,2.8711255595226248e-11,8.795107842018979e-07,True,True,1565374,33,True
val,390,RELD_MOEL,original_1,6.4561681747,6.456168174743652,6.456168486327591,True,,0,0,7.450580596923828e-09,0.0,11,69,True,6.456168486327591,4.3652192971421755e-11,3.11583939094362e-07,True,True,1565374,15,True
val,410,RELD_MOEL,original_1,11.7645139694,11.764513969421387,11.76451402940913,True,,0,0,1.4901161193847656e-08,0.0,12,70,True,11.76451402940913,2.1387336346379016e-11,5.998774277315988e-08,True,True,1565374,30,True
val,401,RELD_MOEL,original_1,9.2429141998,9.242914199829102,9.242914171865776,True,,0,0,0.0,0.0,14,70,True,9.242914171865776,2.9102054099894303e-11,-2.796332587706729e-08,True,True,1565374,67,True
val,447,RELD_MOEL,original_1,8.6839351654,8.683935165405273,8.683936045965845,True,,0,0,0.0,0.0,12,72,True,8.683936045965845,5.274003456179344e-12,8.80560572014133e-07,True,True,1565374,9,True
val,456,RELD_MOEL,original_1,9.58015728,9.580157279968262,9.580157787226975,True,,0,0,1.4901161193847656e-08,0.0,11,72,True,9.580157787226975,-3.1738167649564275e-11,5.072587132559647e-07,True,True,1565374,8,True
val,515,RELD_MOEL,original_1,11.3758459091,11.375845909118652,11.375845718372975,True,,0,0,0.0,0.0,13,75,True,11.375845718372975,1.865174681370263e-11,-1.9074567703114553e-07,True,True,1565374,11,True
val,528,RELD_MOEL,original_1,9.9559288025,9.955928802490234,9.95592789178227,True,,0,0,0.0,0.0,15,76,True,9.95592789178227,-9.766409903022577e-12,-9.107079641523796e-07,True,True,1565374,17,True
val,544,RELD_MOEL,original_1,14.5364627838,14.536462783813477,14.536463444632538,True,,0,0,0.0,0.0,17,77,True,14.536463444632538,1.34772193405297e-11,6.608190616930187e-07,True,True,1565374,16,True
val,576,RELD_MOEL,original_1,12.0611944199,12.06119441986084,12.061193631201368,True,,0,0,7.450580596923828e-09,0.0,17,78,True,12.061193631201368,-3.915978652457852e-11,-7.886594719508366e-07,True,True,1565374,12,True
val,575,RELD_MOEL,original_1,8.1948719025,8.19487190246582,8.19487165690805,True,,0,0,0.0,0.0,12,78,True,8.19487165690805,-3.417888194690022e-11,-2.4555776967361e-07,True,True,1565374,19,True
val,563,RELD_MOEL,original_1,9.4298477173,9.429847717285156,9.429848037895063,True,,0,0,0.0,0.0,13,78,True,9.429848037895063,-1.4843237750028493e-11,3.206099066233037e-07,True,True,1565374,67,True
val,583,RELD_MOEL,original_1,7.9927048683,7.99270486831665,7.992704593223755,True,,0,0,0.0,0.0,11,79,True,7.992704593223755,1.6650680834118248e-11,-2.7509289513005797e-07,True,True,1565374,61,True
val,588,RELD_MOEL,original_1,6.2802333832,6.280233383178711,6.280233492525783,True,,0,0,0.0,0.0,12,79,True,6.280233492525783,-2.1288748541792302e-11,1.0934707184162562e-07,True,True,1565374,52,True
val,648,RELD_MOEL,original_1,10.2035903931,10.203590393066406,10.20359066931261,True,,0,0,0.0,0.0,12,82,True,10.20359066931261,-3.359446054673754e-11,2.762462045780012e-07,True,True,1565374,20,True
val,673,RELD_MOEL,original_1,11.3379020691,11.337902069091797,11.337901422410788,True,,0,0,0.0,0.0,15,83,True,11.337901422410788,-8.203215884350357e-12,-6.466810091865227e-07,True,True,1565374,25,True
val,688,RELD_MOEL,original_1,11.41173172,11.411731719970703,11.411731022816092,True,,0,0,0.0,0.0,15,84,True,11.411731022816092,-2.929745335222833e-11,-6.971546113732074e-07,True,True,1565374,23,True
val,695,RELD_MOEL,original_1,8.2422275543,8.242227554321289,8.242228265285345,True,,0,0,0.0,0.0,13,84,True,8.242228265285345,2.1289636720212002e-11,7.109640556279828e-07,True,True,1565374,66,True
val,710,RELD_MOEL,original_1,12.333190918,12.33319091796875,12.333189962653174,True,,0,0,0.0,0.0,15,85,True,12.333189962653174,-3.1249669518729206e-11,-9.553155759789433e-07,True,True,1565374,33,True
val,769,RELD_MOEL,original_1,9.0833930969,9.083393096923828,9.083393087602214,True,,0,0,2.0489096641540527e-08,0.0,12,88,True,9.083393087602214,2.382805064371496e-11,-9.321613703150433e-09,True,True,1565374,34,True
val,759,RELD_MOEL,original_1,10.8385295868,10.838529586791992,10.838528858383306,True,,0,0,0.0,0.0,13,88,True,10.838528858383306,-8.007816632016329e-12,-7.284086862568984e-07,True,True,1565374,83,True
val,757,RELD_MOEL,original_1,7.3146295547,7.314629554748535,7.314629794635529,True,,0,0,3.725290298461914e-09,0.0,13,88,True,7.314629794635529,4.8535397922933043e-11,2.398869938247117e-07,True,True,1565374,35,True
val,764,RELD_MOEL,original_1,11.663608551,11.66360855102539,11.663608926156853,True,,0,0,0.0,0.0,15,88,True,11.663608926156853,2.539124466238718e-11,3.751314618938295e-07,True,True,1565374,76,True
val,789,RELD_MOEL,original_1,11.1516799927,11.151679992675781,11.151680785048297,True,,0,0,0.0,0.0,15,89,True,11.151680785048297,-2.4218849148383015e-11,7.923725160452477e-07,True,True,1565374,12,True
val,803,RELD_MOEL,original_1,10.3829526901,10.382952690124512,10.38295268273446,True,,0,0,0.0,0.0,14,90,True,10.38295268273446,2.4511948026884056e-11,-7.390051237621265e-09,True,True,1565374,76,True
val,801,RELD_MOEL,original_1,6.7618217468,6.761821746826172,6.761821730940419,True,,0,0,5.587935447692871e-09,0.0,15,90,True,6.761821730940419,2.617195349330359e-11,-1.588575315736307e-08,True,True,1565374,4,True
val,808,RELD_MOEL,original_1,10.0782470703,10.0782470703125,10.078247104167431,True,,0,0,0.0,0.0,13,90,True,10.078247104167431,1.2500223078859563e-11,3.3854931302812474e-08,True,True,1565374,85,True
val,822,RELD_MOEL,original_1,14.4076395035,14.407639503479004,14.407639171906201,True,,0,0,0.0,0.0,17,91,True,14.407639171906201,-2.099653784171096e-11,-3.315728029917864e-07,True,True,1565374,80,True
val,829,RELD_MOEL,original_1,9.0198631287,9.01986312866211,9.019863329327036,True,,0,0,0.0,0.0,18,92,True,9.019863329327036,-3.789146774124674e-11,2.0066492645298695e-07,True,True,1565374,22,True
val,873,RELD_MOEL,original_1,14.7657670975,14.765767097473145,14.765767232191118,True,,0,0,0.0,0.0,18,94,True,14.765767232191118,-2.6854962698052987e-11,1.34717973665488e-07,True,True,1565374,20,True
val,868,RELD_MOEL,original_1,10.8979129791,10.897912979125977,10.897912637010108,True,,0,0,0.0,0.0,16,94,True,10.897912637010108,2.5977442419389263e-11,-3.4211586807941785e-07,True,True,1565374,12,True
val,904,RELD_MOEL,original_1,11.8235168457,11.823516845703125,11.823516765756416,True,,0,0,0.0,0.0,16,95,True,11.823516765756416,3.1246116805050406e-12,-7.994670880862031e-08,True,True,1565374,79,True
val,886,RELD_MOEL,original_1,18.0170516968,18.017051696777344,18.017051221365225,True,,0,0,0.0,0.0,17,95,True,18.017051221365225,-2.2655655129710794e-11,-4.754121185612803e-07,True,True,1565374,63,True
val,918,RELD_MOEL,original_1,16.2844200134,16.284420013427734,16.284419815462627,True,,0,0,0.0,0.0,20,96,True,16.284419815462627,2.773603569039551e-11,-1.9796510741798556e-07,True,True,1565374,75,True
val,950,RELD_MOEL,original_1,14.5269212723,14.526921272277832,14.526921543313234,True,,0,0,0.0,0.0,18,98,True,14.526921543313234,-2.2167156998875726e-11,2.710354021218109e-07,True,True,1565374,4,True
val,969,RELD_MOEL,original_1,10.5276737213,10.527673721313477,10.5276738023347,True,,0,0,0.0,0.0,13,99,True,10.5276738023347,1.34772193405297e-11,8.102122350805985e-08,True,True,1565374,82,True
val,978,RELD_MOEL,original_1,12.1604146957,12.160414695739746,12.160415175035732,True,,0,0,0.0,0.0,19,99,True,12.160415175035732,3.9745984281580604e-11,4.792959860111523e-07,True,True,1565374,86,True
val,8,RELD_MOEL,permutation_0,5.1362557411,5.136255741119385,5.13625557464908,True,,0,0,0.0,0.0,7,50,True,5.13625557464908,1.9384494009955233e-11,-1.6647030509631122e-07,True,,1588403,19,True
val,36,RELD_MOEL,permutation_0,8.3713970184,8.371397018432617,8.37139656216021,True,,0,0,0.0,0.0,15,51,True,8.37139656216021,3.26174642850674e-11,-4.562724065237944e-07,True,,1588403,43,True
val,28,RELD_MOEL,permutation_0,10.311416626,10.311416625976562,10.311416792520955,True,,0,0,0.0,0.0,13,51,True,10.311416792520955,-2.3437252139046905e-11,1.665443924991905e-07,True,,1588403,35,True
val,29,RELD_MOEL,permutation_0,6.4145669937,6.414566993713379,6.414566716114313,True,,0,0,0.0,0.0,11,51,True,6.414566716114313,1.3378631535942986e-11,-2.7759906551239055e-07,True,,1588403,20,True
val,55,RELD_MOEL,permutation_0,6.1492166519,6.149216651916504,6.149216938231583,True,,0,0,1.862645149230957e-08,0.0,9,52,True,6.149216938231583,1.6504131394867727e-11,2.8631507920096055e-07,True,,1588403,34,True
val,48,RELD_MOEL,permutation_0,7.8191680908,7.8191680908203125,7.81916836733864,True,,0,0,7.450580596923828e-09,0.0,9,52,True,7.81916836733864,2.0312640458541864e-11,2.765183273467642e-07,True,,1588403,45,True
val,77,RELD_MOEL,permutation_0,10.9936256409,10.99362564086914,10.993625054063278,True,,0,0,0.0,0.0,13,53,True,10.993625054063278,-3.085887101406115e-11,-5.868058625679851e-07,True,,1588403,24,True
val,79,RELD_MOEL,permutation_0,5.0599489212,5.059948921203613,5.059948845473142,True,,0,0,0.0,0.0,9,53,True,5.059948845473142,3.6131098113401094e-12,-7.573047167142022e-08,True,,1588403,16,True
val,103,RELD_MOEL,permutation_0,8.2945556641,8.2945556640625,8.294556403985274,True,,0,0,0.0,0.0,11,55,True,8.294556403985274,-3.750066923657869e-11,7.399227737181491e-07,True,,1588403,45,True
val,128,RELD_MOEL,permutation_0,8.4066152573,8.406615257263184,8.40661559832865,True,,0,0,0.0,0.0,12,56,True,8.40661559832865,-3.681677185340959e-11,3.4106546564771634e-07,True,,1588403,27,True
val,125,RELD_MOEL,permutation_0,6.7296991348,6.72969913482666,6.7296993558340015,True,,0,0,0.0,0.0,10,56,True,6.7296993558340015,2.666045162413866e-11,2.2100734131669242e-07,True,,1588403,16,True
val,139,RELD_MOEL,permutation_0,6.4885005951,6.488500595092773,6.488500644038338,True,,0,0,0.0,0.0,9,56,True,6.488500644038338,-7.226219622680219e-12,4.89455649343995e-08,True,,1588403,30,True
val,127,RELD_MOEL,permutation_0,8.8291978836,8.829197883605957,8.829197938361911,True,,0,0,0.0,0.0,11,56,True,8.829197938361911,5.95790083934844e-12,5.4755954437268883e-08,True,,1588403,5,True
val,163,RELD_MOEL,permutation_0,12.0311193466,12.031119346618652,12.031119612797648,True,,0,0,0.0,0.0,12,58,True,12.031119612797648,1.865174681370263e-11,2.661789952895788e-07,True,,1588403,40,True
val,185,RELD_MOEL,permutation_0,9.8947620392,9.89476203918457,9.894761641902068,True,,0,0,0.0,0.0,10,59,True,9.894761641902068,-1.5429435507030576e-11,-3.9728250200710136e-07,True,,1588403,30,True
val,182,RELD_MOEL,permutation_0,8.4851837158,8.485183715820312,8.485184074520111,True,,0,0,0.0,0.0,14,59,True,8.485184074520111,2.0312640458541864e-11,3.5869979875258196e-07,True,,1588403,54,True
val,205,RELD_MOEL,permutation_0,7.5018744469,7.5018744468688965,7.5018748101403965,True,,0,0,2.9802322387695312e-08,0.0,9,60,True,7.5018748101403965,-3.1103120079478686e-11,3.632714999923792e-07,True,,1588403,20,True
val,260,RELD_MOEL,permutation_0,7.3041067123,7.304106712341309,7.304106491726111,True,,0,0,1.862645149230957e-08,0.0,11,63,True,7.304106491726111,4.1308290121833124e-11,-2.2061519722171852e-07,True,,1588403,42,True
val,262,RELD_MOEL,permutation_0,9.8918571472,9.891857147216797,9.891857032484507,True,,0,0,1.4901161193847656e-08,0.0,12,63,True,9.891857032484507,1.679723027336877e-11,-1.1473228944680613e-07,True,,1588403,19,True
val,282,RELD_MOEL,permutation_0,10.0459527969,10.045952796936035,10.045952144720928,True,,0,0,0.0,0.0,14,64,True,10.045952144720928,3.603517484407348e-11,-6.52215106811127e-07,True,,1588403,52,True
val,291,RELD_MOEL,permutation_0,8.9197359085,8.9197359085083,8.919735977519144,True,,0,0,0.0,0.0,14,64,True,8.919735977519144,8.30091551051737e-12,6.901084326216278e-08,True,,1588403,49,True
val,331,RELD_MOEL,permutation_0,9.6513700485,9.65137004852295,9.651369502113349,True,,0,0,0.0,0.0,15,66,True,9.651369502113349,2.2948754008211836e-11,-5.464096002327778e-07,True,,1588403,1,True
val,342,RELD_MOEL,permutation_0,9.5852365494,9.585236549377441,9.585236096225115,True,,0,0,0.0,0.0,13,67,True,9.585236096225115,-2.255795550354378e-11,-4.531523263295867e-07,True,,1588403,66,True
val,340,RELD_MOEL,permutation_0,6.217508316,6.217508316040039,6.2175085672214685,True,,0,0,1.4901161193847656e-08,0.0,12,67,True,6.2175085672214685,4.0039083160081645e-11,2.5118142943370003e-07,True,,1588403,15,True
val,352,RELD_MOEL,permutation_0,6.7683372498,6.768337249755859,6.76833708874892,True,,0,0,1.862645149230957e-08,0.0,10,67,True,6.76833708874892,-4.4140691102256824e-11,-1.6100693933651655e-07,True,,1588403,25,True
val,363,RELD_MOEL,permutation_0,8.5724525452,8.572452545166016,8.572453390827611,True,,0,0,0.0,0.0,15,68,True,8.572453390827611,-3.398525905140559e-11,8.456615958607472e-07,True,,1588403,50,True
val,374,RELD_MOEL,permutation_0,10.7621307373,10.762130737304688,10.76213032265896,True,,0,0,0.0,0.0,16,68,True,10.76213032265896,4.687805699177261e-12,-4.146457275311377e-07,True,,1588403,1,True
val,369,RELD_MOEL,permutation_0,8.4359951019,8.435995101928711,8.435995981439495,True,,0,0,0.0,0.0,14,68,True,8.435995981439495,2.8711255595226248e-11,8.795107842018979e-07,True,,1588403,36,True
val,390,RELD_MOEL,permutation_0,6.4561681747,6.456168174743652,6.456168486327591,True,,0,0,7.450580596923828e-09,0.0,11,69,True,6.456168486327591,4.3652192971421755e-11,3.11583939094362e-07,True,,1588403,56,True
val,410,RELD_MOEL,permutation_0,11.7645139694,11.764513969421387,11.76451402940913,True,,0,0,1.4901161193847656e-08,0.0,12,70,True,11.76451402940913,2.1387336346379016e-11,5.998774277315988e-08,True,,1588403,13,True
val,401,RELD_MOEL,permutation_0,9.2429141998,9.242914199829102,9.242914171865776,True,,0,0,0.0,0.0,14,70,True,9.242914171865776,2.9102054099894303e-11,-2.796332587706729e-08,True,,1588403,46,True
val,447,RELD_MOEL,permutation_0,8.6839351654,8.683935165405273,8.683936045965845,True,,0,0,0.0,0.0,12,72,True,8.683936045965845,5.274003456179344e-12,8.80560572014133e-07,True,,1588403,19,True
val,456,RELD_MOEL,permutation_0,9.58015728,9.580157279968262,9.580157787226975,True,,0,0,1.4901161193847656e-08,0.0,11,72,True,9.580157787226975,-3.1738167649564275e-11,5.072587132559647e-07,True,,1588403,15,True
val,515,RELD_MOEL,permutation_0,11.3758459091,11.375845909118652,11.375845718372975,True,,0,0,0.0,0.0,13,75,True,11.375845718372975,1.865174681370263e-11,-1.9074567703114553e-07,True,,1588403,67,True
val,528,RELD_MOEL,permutation_0,9.9559288025,9.955928802490234,9.95592789178227,True,,0,0,0.0,0.0,15,76,True,9.95592789178227,-9.766409903022577e-12,-9.107079641523796e-07,True,,1588403,31,True
val,544,RELD_MOEL,permutation_0,14.5364627838,14.536462783813477,14.536463444632538,True,,0,0,0.0,0.0,17,77,True,14.536463444632538,1.34772193405297e-11,6.608190616930187e-07,True,,1588403,51,True
val,576,RELD_MOEL,permutation_0,12.0611944199,12.06119441986084,12.061193631201368,True,,0,0,7.450580596923828e-09,0.0,17,78,True,12.061193631201368,-3.915978652457852e-11,-7.886594719508366e-07,True,,1588403,56,True
val,575,RELD_MOEL,permutation_0,8.1948719025,8.19487190246582,8.19487165690805,True,,0,0,0.0,0.0,12,78,True,8.19487165690805,-3.417888194690022e-11,-2.4555776967361e-07,True,,1588403,53,True
val,563,RELD_MOEL,permutation_0,9.4298477173,9.429847717285156,9.429848037895063,True,,0,0,0.0,0.0,13,78,True,9.429848037895063,-1.4843237750028493e-11,3.206099066233037e-07,True,,1588403,5,True
val,583,RELD_MOEL,permutation_0,7.9927048683,7.99270486831665,7.992704593223755,True,,0,0,0.0,0.0,11,79,True,7.992704593223755,1.6650680834118248e-11,-2.7509289513005797e-07,True,,1588403,31,True
val,588,RELD_MOEL,permutation_0,6.2802333832,6.280233383178711,6.280233492525783,True,,0,0,0.0,0.0,12,79,True,6.280233492525783,-2.1288748541792302e-11,1.0934707184162562e-07,True,,1588403,63,True
val,648,RELD_MOEL,permutation_0,10.2035903931,10.203590393066406,10.20359066931261,True,,0,0,0.0,0.0,12,82,True,10.20359066931261,-3.359446054673754e-11,2.762462045780012e-07,True,,1588403,61,True
val,673,RELD_MOEL,permutation_0,11.3379020691,11.337902069091797,11.337901422410788,True,,0,0,0.0,0.0,15,83,True,11.337901422410788,-8.203215884350357e-12,-6.466810091865227e-07,True,,1588403,7,True
val,688,RELD_MOEL,permutation_0,11.41173172,11.411731719970703,11.411731022816092,True,,0,0,0.0,0.0,15,84,True,11.411731022816092,-2.929745335222833e-11,-6.971546113732074e-07,True,,1588403,6,True
val,695,RELD_MOEL,permutation_0,8.2422275543,8.242227554321289,8.242228265285345,True,,0,0,0.0,0.0,13,84,True,8.242228265285345,2.1289636720212002e-11,7.109640556279828e-07,True,,1588403,41,True
val,710,RELD_MOEL,permutation_0,12.333190918,12.33319091796875,12.333189962653174,True,,0,0,0.0,0.0,15,85,True,12.333189962653174,-3.1249669518729206e-11,-9.553155759789433e-07,True,,1588403,60,True
val,769,RELD_MOEL,permutation_0,9.0833930969,9.083393096923828,9.083393087602214,True,,0,0,2.0489096641540527e-08,0.0,12,88,True,9.083393087602214,2.382805064371496e-11,-9.321613703150433e-09,True,,1588403,44,True
val,759,RELD_MOEL,permutation_0,10.8385295868,10.838529586791992,10.838528858383306,True,,0,0,0.0,0.0,13,88,True,10.838528858383306,-8.007816632016329e-12,-7.284086862568984e-07,True,,1588403,30,True
val,757,RELD_MOEL,permutation_0,7.3146295547,7.314629554748535,7.314629794635529,True,,0,0,3.725290298461914e-09,0.0,13,88,True,7.314629794635529,4.8535397922933043e-11,2.398869938247117e-07,True,,1588403,23,True
val,764,RELD_MOEL,permutation_0,11.663608551,11.66360855102539,11.663608926156853,True,,0,0,0.0,0.0,15,88,True,11.663608926156853,2.539124466238718e-11,3.751314618938295e-07,True,,1588403,2,True
val,789,RELD_MOEL,permutation_0,11.1516799927,11.151679992675781,11.151680785048297,True,,0,0,0.0,0.0,15,89,True,11.151680785048297,-2.4218849148383015e-11,7.923725160452477e-07,True,,1588403,7,True
val,803,RELD_MOEL,permutation_0,10.3829526901,10.382952690124512,10.38295268273446,True,,0,0,0.0,0.0,14,90,True,10.38295268273446,2.4511948026884056e-11,-7.390051237621265e-09,True,,1588403,46,True
val,801,RELD_MOEL,permutation_0,6.7618217468,6.761821746826172,6.761821730940419,True,,0,0,5.587935447692871e-09,0.0,15,90,True,6.761821730940419,2.617195349330359e-11,-1.588575315736307e-08,True,,1588403,79,True
val,808,RELD_MOEL,permutation_0,10.0782470703,10.0782470703125,10.078247104167431,True,,0,0,0.0,0.0,13,90,True,10.078247104167431,1.2500223078859563e-11,3.3854931302812474e-08,True,,1588403,77,True
val,822,RELD_MOEL,permutation_0,14.4076395035,14.407639503479004,14.407639171906201,True,,0,0,0.0,0.0,17,91,True,14.407639171906201,-2.099653784171096e-11,-3.315728029917864e-07,True,,1588403,33,True
val,829,RELD_MOEL,permutation_0,9.0198631287,9.01986312866211,9.019863329327036,True,,0,0,0.0,0.0,18,92,True,9.019863329327036,-3.789146774124674e-11,2.0066492645298695e-07,True,,1588403,54,True
val,873,RELD_MOEL,permutation_0,14.7657670975,14.765767097473145,14.765767232191118,True,,0,0,0.0,0.0,18,94,True,14.765767232191118,-2.6854962698052987e-11,1.34717973665488e-07,True,,1588403,72,True
val,868,RELD_MOEL,permutation_0,10.8979129791,10.897912979125977,10.897912637010108,True,,0,0,0.0,0.0,16,94,True,10.897912637010108,2.5977442419389263e-11,-3.4211586807941785e-07,True,,1588403,69,True
val,904,RELD_MOEL,permutation_0,11.8235168457,11.823516845703125,11.823516765756416,True,,0,0,0.0,0.0,16,95,True,11.823516765756416,3.1246116805050406e-12,-7.994670880862031e-08,True,,1588403,26,True
val,886,RELD_MOEL,permutation_0,18.0170516968,18.017051696777344,18.017051221365225,True,,0,0,0.0,0.0,17,95,True,18.017051221365225,-2.2655655129710794e-11,-4.754121185612803e-07,True,,1588403,33,True
val,918,RELD_MOEL,permutation_0,16.2844200134,16.284420013427734,16.284419815462627,True,,0,0,0.0,0.0,20,96,True,16.284419815462627,2.773603569039551e-11,-1.9796510741798556e-07,True,,1588403,33,True
val,950,RELD_MOEL,permutation_0,14.5269212723,14.526921272277832,14.526921543313234,True,,0,0,0.0,0.0,18,98,True,14.526921543313234,-2.2167156998875726e-11,2.710354021218109e-07,True,,1588403,7,True
val,969,RELD_MOEL,permutation_0,10.5276737213,10.527673721313477,10.5276738023347,True,,0,0,0.0,0.0,13,99,True,10.5276738023347,1.34772193405297e-11,8.102122350805985e-08,True,,1588403,90,True
val,978,RELD_MOEL,permutation_0,12.1604146957,12.160414695739746,12.160415175035732,True,,0,0,0.0,0.0,19,99,True,12.160415175035732,3.9745984281580604e-11,4.792959860111523e-07,True,,1588403,51,True
val,8,RELD_MOEL,permutation_1,5.1362557411,5.136255741119385,5.13625557464908,True,,0,0,0.0,0.0,7,50,True,5.13625557464908,1.9384494009955233e-11,-1.6647030509631122e-07,True,,1611800,34,True
val,36,RELD_MOEL,permutation_1,8.3713970184,8.371397018432617,8.37139656216021,True,,0,0,0.0,0.0,15,51,True,8.37139656216021,3.26174642850674e-11,-4.562724065237944e-07,True,,1611800,39,True
val,28,RELD_MOEL,permutation_1,10.311416626,10.311416625976562,10.311416792520955,True,,0,0,0.0,0.0,13,51,True,10.311416792520955,-2.3437252139046905e-11,1.665443924991905e-07,True,,1611800,21,True
val,29,RELD_MOEL,permutation_1,6.4145669937,6.414566993713379,6.414566716114313,True,,0,0,0.0,0.0,11,51,True,6.414566716114313,1.3378631535942986e-11,-2.7759906551239055e-07,True,,1611800,2,True
val,55,RELD_MOEL,permutation_1,6.1492166519,6.149216651916504,6.149216938231583,True,,0,0,1.862645149230957e-08,0.0,9,52,True,6.149216938231583,1.6504131394867727e-11,2.8631507920096055e-07,True,,1611800,5,True
val,48,RELD_MOEL,permutation_1,7.8191680908,7.8191680908203125,7.81916836733864,True,,0,0,7.450580596923828e-09,0.0,9,52,True,7.81916836733864,2.0312640458541864e-11,2.765183273467642e-07,True,,1611800,15,True
val,77,RELD_MOEL,permutation_1,10.9936256409,10.99362564086914,10.993625054063278,True,,0,0,0.0,0.0,13,53,True,10.993625054063278,-3.085887101406115e-11,-5.868058625679851e-07,True,,1611800,4,True
val,79,RELD_MOEL,permutation_1,5.0599489212,5.059948921203613,5.059948845473142,True,,0,0,0.0,0.0,9,53,True,5.059948845473142,3.6131098113401094e-12,-7.573047167142022e-08,True,,1611800,49,True
val,103,RELD_MOEL,permutation_1,8.2945556641,8.2945556640625,8.294556403985274,True,,0,0,0.0,0.0,11,55,True,8.294556403985274,-3.750066923657869e-11,7.399227737181491e-07,True,,1611800,28,True
val,128,RELD_MOEL,permutation_1,8.4066152573,8.406615257263184,8.40661559832865,True,,0,0,0.0,0.0,12,56,True,8.40661559832865,-3.681677185340959e-11,3.4106546564771634e-07,True,,1611800,48,True
val,125,RELD_MOEL,permutation_1,6.7296991348,6.72969913482666,6.7296993558340015,True,,0,0,0.0,0.0,10,56,True,6.7296993558340015,2.666045162413866e-11,2.2100734131669242e-07,True,,1611800,36,True
val,139,RELD_MOEL,permutation_1,6.4885005951,6.488500595092773,6.488500644038338,True,,0,0,0.0,0.0,9,56,True,6.488500644038338,-7.226219622680219e-12,4.89455649343995e-08,True,,1611800,10,True
val,127,RELD_MOEL,permutation_1,8.8291978836,8.829197883605957,8.829197938361911,True,,0,0,0.0,0.0,11,56,True,8.829197938361911,5.95790083934844e-12,5.4755954437268883e-08,True,,1611800,35,True
val,163,RELD_MOEL,permutation_1,12.0311193466,12.031119346618652,12.031119612797648,True,,0,0,0.0,0.0,12,58,True,12.031119612797648,1.865174681370263e-11,2.661789952895788e-07,True,,1611800,52,True
val,185,RELD_MOEL,permutation_1,9.8947620392,9.89476203918457,9.894761641902068,True,,0,0,0.0,0.0,10,59,True,9.894761641902068,-1.5429435507030576e-11,-3.9728250200710136e-07,True,,1611800,25,True
val,182,RELD_MOEL,permutation_1,8.4851837158,8.485183715820312,8.485184074520111,True,,0,0,0.0,0.0,14,59,True,8.485184074520111,2.0312640458541864e-11,3.5869979875258196e-07,True,,1611800,57,True
val,205,RELD_MOEL,permutation_1,7.5018744469,7.5018744468688965,7.5018748101403965,True,,0,0,2.9802322387695312e-08,0.0,9,60,True,7.5018748101403965,-3.1103120079478686e-11,3.632714999923792e-07,True,,1611800,50,True
val,260,RELD_MOEL,permutation_1,7.3041067123,7.304106712341309,7.304106491726111,True,,0,0,1.862645149230957e-08,0.0,11,63,True,7.304106491726111,4.1308290121833124e-11,-2.2061519722171852e-07,True,,1611800,3,True
val,262,RELD_MOEL,permutation_1,9.8918571472,9.891857147216797,9.891857032484507,True,,0,0,1.4901161193847656e-08,0.0,12,63,True,9.891857032484507,1.679723027336877e-11,-1.1473228944680613e-07,True,,1611800,57,True
val,282,RELD_MOEL,permutation_1,10.0459527969,10.045952796936035,10.045952144720928,True,,0,0,0.0,0.0,14,64,True,10.045952144720928,3.603517484407348e-11,-6.52215106811127e-07,True,,1611800,46,True
val,291,RELD_MOEL,permutation_1,8.9197359085,8.9197359085083,8.919735977519144,True,,0,0,0.0,0.0,14,64,True,8.919735977519144,8.30091551051737e-12,6.901084326216278e-08,True,,1611800,35,True
val,331,RELD_MOEL,permutation_1,9.6513700485,9.65137004852295,9.651369502113349,True,,0,0,0.0,0.0,15,66,True,9.651369502113349,2.2948754008211836e-11,-5.464096002327778e-07,True,,1611800,59,True
val,342,RELD_MOEL,permutation_1,9.5852365494,9.585236549377441,9.585236096225115,True,,0,0,0.0,0.0,13,67,True,9.585236096225115,-2.255795550354378e-11,-4.531523263295867e-07,True,,1611800,50,True
val,340,RELD_MOEL,permutation_1,6.217508316,6.217508316040039,6.2175085672214685,True,,0,0,1.4901161193847656e-08,0.0,12,67,True,6.2175085672214685,4.0039083160081645e-11,2.5118142943370003e-07,True,,1611800,28,True
val,352,RELD_MOEL,permutation_1,6.7683372498,6.768337249755859,6.76833708874892,True,,0,0,1.862645149230957e-08,0.0,10,67,True,6.76833708874892,-4.4140691102256824e-11,-1.6100693933651655e-07,True,,1611800,41,True
val,363,RELD_MOEL,permutation_1,8.5724525452,8.572452545166016,8.572453390827611,True,,0,0,0.0,0.0,15,68,True,8.572453390827611,-3.398525905140559e-11,8.456615958607472e-07,True,,1611800,6,True
val,374,RELD_MOEL,permutation_1,10.7621307373,10.762130737304688,10.76213032265896,True,,0,0,0.0,0.0,16,68,True,10.76213032265896,4.687805699177261e-12,-4.146457275311377e-07,True,,1611800,23,True
val,369,RELD_MOEL,permutation_1,8.4359951019,8.435995101928711,8.435995981439495,True,,0,0,0.0,0.0,14,68,True,8.435995981439495,2.8711255595226248e-11,8.795107842018979e-07,True,,1611800,7,True
val,390,RELD_MOEL,permutation_1,6.4561681747,6.456168174743652,6.456168486327591,True,,0,0,7.450580596923828e-09,0.0,11,69,True,6.456168486327591,4.3652192971421755e-11,3.11583939094362e-07,True,,1611800,65,True
val,410,RELD_MOEL,permutation_1,11.7645139694,11.764513969421387,11.76451402940913,True,,0,0,1.4901161193847656e-08,0.0,12,70,True,11.76451402940913,2.1387336346379016e-11,5.998774277315988e-08,True,,1611800,32,True
val,401,RELD_MOEL,permutation_1,9.2429141998,9.242914199829102,9.242914171865776,True,,0,0,0.0,0.0,14,70,True,9.242914171865776,2.9102054099894303e-11,-2.796332587706729e-08,True,,1611800,49,True
val,447,RELD_MOEL,permutation_1,8.6839351654,8.683935165405273,8.683936045965845,True,,0,0,0.0,0.0,12,72,True,8.683936045965845,5.274003456179344e-12,8.80560572014133e-07,True,,1611800,27,True
val,456,RELD_MOEL,permutation_1,9.58015728,9.580157279968262,9.580157787226975,True,,0,0,1.4901161193847656e-08,0.0,11,72,True,9.580157787226975,-3.1738167649564275e-11,5.072587132559647e-07,True,,1611800,70,True
val,515,RELD_MOEL,permutation_1,11.3758459091,11.375845909118652,11.375845718372975,True,,0,0,0.0,0.0,13,75,True,11.375845718372975,1.865174681370263e-11,-1.9074567703114553e-07,True,,1611800,23,True
val,528,RELD_MOEL,permutation_1,9.9559288025,9.955928802490234,9.95592789178227,True,,0,0,0.0,0.0,15,76,True,9.95592789178227,-9.766409903022577e-12,-9.107079641523796e-07,True,,1611800,17,True
val,544,RELD_MOEL,permutation_1,14.5364627838,14.536462783813477,14.536463444632538,True,,0,0,0.0,0.0,17,77,True,14.536463444632538,1.34772193405297e-11,6.608190616930187e-07,True,,1611800,61,True
val,576,RELD_MOEL,permutation_1,12.0611944199,12.06119441986084,12.061193631201368,True,,0,0,7.450580596923828e-09,0.0,17,78,True,12.061193631201368,-3.915978652457852e-11,-7.886594719508366e-07,True,,1611800,7,True
val,575,RELD_MOEL,permutation_1,8.1948719025,8.19487190246582,8.19487165690805,True,,0,0,0.0,0.0,12,78,True,8.19487165690805,-3.417888194690022e-11,-2.4555776967361e-07,True,,1611800,42,True
val,563,RELD_MOEL,permutation_1,9.4298477173,9.429847717285156,9.429848037895063,True,,0,0,0.0,0.0,13,78,True,9.429848037895063,-1.4843237750028493e-11,3.206099066233037e-07,True,,1611800,28,True
val,583,RELD_MOEL,permutation_1,7.9927048683,7.99270486831665,7.992704593223755,True,,0,0,0.0,0.0,11,79,True,7.992704593223755,1.6650680834118248e-11,-2.7509289513005797e-07,True,,1611800,49,True
val,588,RELD_MOEL,permutation_1,6.2802333832,6.280233383178711,6.280233492525783,True,,0,0,0.0,0.0,12,79,True,6.280233492525783,-2.1288748541792302e-11,1.0934707184162562e-07,True,,1611800,70,True
val,648,RELD_MOEL,permutation_1,10.2035903931,10.203590393066406,10.20359066931261,True,,0,0,0.0,0.0,12,82,True,10.20359066931261,-3.359446054673754e-11,2.762462045780012e-07,True,,1611800,5,True
val,673,RELD_MOEL,permutation_1,11.3379020691,11.337902069091797,11.337901422410788,True,,0,0,0.0,0.0,15,83,True,11.337901422410788,-8.203215884350357e-12,-6.466810091865227e-07,True,,1611800,34,True
val,688,RELD_MOEL,permutation_1,11.41173172,11.411731719970703,11.411731022816092,True,,0,0,0.0,0.0,15,84,True,11.411731022816092,-2.929745335222833e-11,-6.971546113732074e-07,True,,1611800,4,True
val,695,RELD_MOEL,permutation_1,8.2422275543,8.242227554321289,8.242228265285345,True,,0,0,0.0,0.0,13,84,True,8.242228265285345,2.1289636720212002e-11,7.109640556279828e-07,True,,1611800,56,True
val,710,RELD_MOEL,permutation_1,12.333190918,12.33319091796875,12.333189962653174,True,,0,0,0.0,0.0,15,85,True,12.333189962653174,-3.1249669518729206e-11,-9.553155759789433e-07,True,,1611800,74,True
val,769,RELD_MOEL,permutation_1,9.0833930969,9.083393096923828,9.083393087602214,True,,0,0,2.0489096641540527e-08,0.0,12,88,True,9.083393087602214,2.382805064371496e-11,-9.321613703150433e-09,True,,1611800,24,True
val,759,RELD_MOEL,permutation_1,10.8385295868,10.838529586791992,10.838528858383306,True,,0,0,0.0,0.0,13,88,True,10.838528858383306,-8.007816632016329e-12,-7.284086862568984e-07,True,,1611800,79,True
val,757,RELD_MOEL,permutation_1,7.3146295547,7.314629554748535,7.314629794635529,True,,0,0,3.725290298461914e-09,0.0,13,88,True,7.314629794635529,4.8535397922933043e-11,2.398869938247117e-07,True,,1611800,64,True
val,764,RELD_MOEL,permutation_1,11.663608551,11.66360855102539,11.663608926156853,True,,0,0,0.0,0.0,15,88,True,11.663608926156853,2.539124466238718e-11,3.751314618938295e-07,True,,1611800,77,True
val,789,RELD_MOEL,permutation_1,11.1516799927,11.151679992675781,11.151680785048297,True,,0,0,0.0,0.0,15,89,True,11.151680785048297,-2.4218849148383015e-11,7.923725160452477e-07,True,,1611800,53,True
val,803,RELD_MOEL,permutation_1,10.3829526901,10.382952690124512,10.38295268273446,True,,0,0,0.0,0.0,14,90,True,10.38295268273446,2.4511948026884056e-11,-7.390051237621265e-09,True,,1611800,15,True
val,801,RELD_MOEL,permutation_1,6.7618217468,6.761821746826172,6.761821730940419,True,,0,0,5.587935447692871e-09,0.0,15,90,True,6.761821730940419,2.617195349330359e-11,-1.588575315736307e-08,True,,1611800,49,True
val,808,RELD_MOEL,permutation_1,10.0782470703,10.0782470703125,10.078247104167431,True,,0,0,0.0,0.0,13,90,True,10.078247104167431,1.2500223078859563e-11,3.3854931302812474e-08,True,,1611800,46,True
val,822,RELD_MOEL,permutation_1,14.4076395035,14.407639503479004,14.407639171906201,True,,0,0,0.0,0.0,17,91,True,14.407639171906201,-2.099653784171096e-11,-3.315728029917864e-07,True,,1611800,32,True
val,829,RELD_MOEL,permutation_1,9.0198631287,9.01986312866211,9.019863329327036,True,,0,0,0.0,0.0,18,92,True,9.019863329327036,-3.789146774124674e-11,2.0066492645298695e-07,True,,1611800,29,True
val,873,RELD_MOEL,permutation_1,14.7657670975,14.765767097473145,14.765767232191118,True,,0,0,0.0,0.0,18,94,True,14.765767232191118,-2.6854962698052987e-11,1.34717973665488e-07,True,,1611800,88,True
val,868,RELD_MOEL,permutation_1,10.8979129791,10.897912979125977,10.897912637010108,True,,0,0,0.0,0.0,16,94,True,10.897912637010108,2.5977442419389263e-11,-3.4211586807941785e-07,True,,1611800,22,True
val,904,RELD_MOEL,permutation_1,11.8235168457,11.823516845703125,11.823516765756416,True,,0,0,0.0,0.0,16,95,True,11.823516765756416,3.1246116805050406e-12,-7.994670880862031e-08,True,,1611800,2,True
val,886,RELD_MOEL,permutation_1,18.0170516968,18.017051696777344,18.017051221365225,True,,0,0,0.0,0.0,17,95,True,18.017051221365225,-2.2655655129710794e-11,-4.754121185612803e-07,True,,1611800,1,True
val,918,RELD_MOEL,permutation_1,16.2844200134,16.284420013427734,16.284419815462627,True,,0,0,0.0,0.0,20,96,True,16.284419815462627,2.773603569039551e-11,-1.9796510741798556e-07,True,,1611800,58,True
val,950,RELD_MOEL,permutation_1,14.5269212723,14.526921272277832,14.526921543313234,True,,0,0,0.0,0.0,18,98,True,14.526921543313234,-2.2167156998875726e-11,2.710354021218109e-07,True,,1611800,94,True
val,969,RELD_MOEL,permutation_1,10.5276737213,10.527673721313477,10.5276738023347,True,,0,0,0.0,0.0,13,99,True,10.5276738023347,1.34772193405297e-11,8.102122350805985e-08,True,,1611800,90,True
val,978,RELD_MOEL,permutation_1,12.1604146957,12.160414695739746,12.160415175035732,True,,0,0,0.0,0.0,19,99,True,12.160415175035732,3.9745984281580604e-11,4.792959860111523e-07,True,,1611800,72,True
val,8,RELD_MOEL,permutation_2,5.1362557411,5.136255741119385,5.13625557464908,True,,0,0,0.0,0.0,7,50,True,5.13625557464908,1.9384494009955233e-11,-1.6647030509631122e-07,True,,1635153,17,True
val,36,RELD_MOEL,permutation_2,8.3713970184,8.371397018432617,8.37139656216021,True,,0,0,0.0,0.0,15,51,True,8.37139656216021,3.26174642850674e-11,-4.562724065237944e-07,True,,1635153,28,True
val,28,RELD_MOEL,permutation_2,10.311416626,10.311416625976562,10.311416792520955,True,,0,0,0.0,0.0,13,51,True,10.311416792520955,-2.3437252139046905e-11,1.665443924991905e-07,True,,1635153,10,True
val,29,RELD_MOEL,permutation_2,6.4145669937,6.414566993713379,6.414566716114313,True,,0,0,0.0,0.0,11,51,True,6.414566716114313,1.3378631535942986e-11,-2.7759906551239055e-07,True,,1635153,28,True
val,55,RELD_MOEL,permutation_2,6.1492166519,6.149216651916504,6.149216938231583,True,,0,0,1.862645149230957e-08,0.0,9,52,True,6.149216938231583,1.6504131394867727e-11,2.8631507920096055e-07,True,,1635153,36,True
val,48,RELD_MOEL,permutation_2,7.8191680908,7.8191680908203125,7.81916836733864,True,,0,0,7.450580596923828e-09,0.0,9,52,True,7.81916836733864,2.0312640458541864e-11,2.765183273467642e-07,True,,1635153,10,True
val,77,RELD_MOEL,permutation_2,10.9936256409,10.99362564086914,10.993625054063278,True,,0,0,0.0,0.0,13,53,True,10.993625054063278,-3.085887101406115e-11,-5.868058625679851e-07,True,,1635153,51,True
val,79,RELD_MOEL,permutation_2,5.0599489212,5.059948921203613,5.059948845473142,True,,0,0,0.0,0.0,9,53,True,5.059948845473142,3.6131098113401094e-12,-7.573047167142022e-08,True,,1635153,10,True
val,103,RELD_MOEL,permutation_2,8.2945556641,8.2945556640625,8.294556403985274,True,,0,0,0.0,0.0,11,55,True,8.294556403985274,-3.750066923657869e-11,7.399227737181491e-07,True,,1635153,42,True
val,128,RELD_MOEL,permutation_2,8.4066152573,8.406615257263184,8.40661559832865,True,,0,0,0.0,0.0,12,56,True,8.40661559832865,-3.681677185340959e-11,3.4106546564771634e-07,True,,1635153,7,True
val,125,RELD_MOEL,permutation_2,6.7296991348,6.72969913482666,6.7296993558340015,True,,0,0,0.0,0.0,10,56,True,6.7296993558340015,2.666045162413866e-11,2.2100734131669242e-07,True,,1635153,14,True
val,139,RELD_MOEL,permutation_2,6.4885005951,6.488500595092773,6.488500644038338,True,,0,0,0.0,0.0,9,56,True,6.488500644038338,-7.226219622680219e-12,4.89455649343995e-08,True,,1635153,27,True
val,127,RELD_MOEL,permutation_2,8.8291978836,8.829197883605957,8.829197938361911,True,,0,0,0.0,0.0,11,56,True,8.829197938361911,5.95790083934844e-12,5.4755954437268883e-08,True,,1635153,3,True
val,163,RELD_MOEL,permutation_2,12.0311193466,12.031119346618652,12.031119612797648,True,,0,0,0.0,0.0,12,58,True,12.031119612797648,1.865174681370263e-11,2.661789952895788e-07,True,,1635153,27,True
val,185,RELD_MOEL,permutation_2,9.8947620392,9.89476203918457,9.894761641902068,True,,0,0,0.0,0.0,10,59,True,9.894761641902068,-1.5429435507030576e-11,-3.9728250200710136e-07,True,,1635153,47,True
val,182,RELD_MOEL,permutation_2,8.4851837158,8.485183715820312,8.485184074520111,True,,0,0,0.0,0.0,14,59,True,8.485184074520111,2.0312640458541864e-11,3.5869979875258196e-07,True,,1635153,53,True
val,205,RELD_MOEL,permutation_2,7.5018744469,7.5018744468688965,7.5018748101403965,True,,0,0,2.9802322387695312e-08,0.0,9,60,True,7.5018748101403965,-3.1103120079478686e-11,3.632714999923792e-07,True,,1635153,8,True
val,260,RELD_MOEL,permutation_2,7.3041067123,7.304106712341309,7.304106491726111,True,,0,0,1.862645149230957e-08,0.0,11,63,True,7.304106491726111,4.1308290121833124e-11,-2.2061519722171852e-07,True,,1635153,53,True
val,262,RELD_MOEL,permutation_2,9.8918571472,9.891857147216797,9.891857032484507,True,,0,0,1.4901161193847656e-08,0.0,12,63,True,9.891857032484507,1.679723027336877e-11,-1.1473228944680613e-07,True,,1635153,28,True
val,282,RELD_MOEL,permutation_2,10.0459527969,10.045952796936035,10.045952144720928,True,,0,0,0.0,0.0,14,64,True,10.045952144720928,3.603517484407348e-11,-6.52215106811127e-07,True,,1635153,47,True
val,291,RELD_MOEL,permutation_2,8.9197359085,8.9197359085083,8.919735977519144,True,,0,0,0.0,0.0,14,64,True,8.919735977519144,8.30091551051737e-12,6.901084326216278e-08,True,,1635153,11,True
val,331,RELD_MOEL,permutation_2,9.6513700485,9.65137004852295,9.651369502113349,True,,0,0,0.0,0.0,15,66,True,9.651369502113349,2.2948754008211836e-11,-5.464096002327778e-07,True,,1635153,59,True
val,342,RELD_MOEL,permutation_2,9.5852365494,9.585236549377441,9.585236096225115,True,,0,0,0.0,0.0,13,67,True,9.585236096225115,-2.255795550354378e-11,-4.531523263295867e-07,True,,1635153,9,True
val,340,RELD_MOEL,permutation_2,6.217508316,6.217508316040039,6.2175085672214685,True,,0,0,1.4901161193847656e-08,0.0,12,67,True,6.2175085672214685,4.0039083160081645e-11,2.5118142943370003e-07,True,,1635153,10,True
val,352,RELD_MOEL,permutation_2,6.7683372498,6.768337249755859,6.76833708874892,True,,0,0,1.862645149230957e-08,0.0,10,67,True,6.76833708874892,-4.4140691102256824e-11,-1.6100693933651655e-07,True,,1635153,62,True
val,363,RELD_MOEL,permutation_2,8.5724525452,8.572452545166016,8.572453390827611,True,,0,0,0.0,0.0,15,68,True,8.572453390827611,-3.398525905140559e-11,8.456615958607472e-07,True,,1635153,38,True
val,374,RELD_MOEL,permutation_2,10.7621307373,10.762130737304688,10.76213032265896,True,,0,0,0.0,0.0,16,68,True,10.76213032265896,4.687805699177261e-12,-4.146457275311377e-07,True,,1635153,56,True
val,369,RELD_MOEL,permutation_2,8.4359951019,8.435995101928711,8.435995981439495,True,,0,0,0.0,0.0,14,68,True,8.435995981439495,2.8711255595226248e-11,8.795107842018979e-07,True,,1635153,65,True
val,390,RELD_MOEL,permutation_2,6.4561681747,6.456168174743652,6.456168486327591,True,,0,0,7.450580596923828e-09,0.0,11,69,True,6.456168486327591,4.3652192971421755e-11,3.11583939094362e-07,True,,1635153,60,True
val,410,RELD_MOEL,permutation_2,11.7645139694,11.764513969421387,11.76451402940913,True,,0,0,1.4901161193847656e-08,0.0,12,70,True,11.76451402940913,2.1387336346379016e-11,5.998774277315988e-08,True,,1635153,4,True
val,401,RELD_MOEL,permutation_2,9.2429141998,9.242914199829102,9.242914171865776,True,,0,0,0.0,0.0,14,70,True,9.242914171865776,2.9102054099894303e-11,-2.796332587706729e-08,True,,1635153,12,True
val,447,RELD_MOEL,permutation_2,8.6839351654,8.683935165405273,8.683936045965845,True,,0,0,0.0,0.0,12,72,True,8.683936045965845,5.274003456179344e-12,8.80560572014133e-07,True,,1635153,59,True
val,456,RELD_MOEL,permutation_2,9.58015728,9.580157279968262,9.580157787226975,True,,0,0,1.4901161193847656e-08,0.0,11,72,True,9.580157787226975,-3.1738167649564275e-11,5.072587132559647e-07,True,,1635153,37,True
val,515,RELD_MOEL,permutation_2,11.3758459091,11.375845909118652,11.375845718372975,True,,0,0,0.0,0.0,13,75,True,11.375845718372975,1.865174681370263e-11,-1.9074567703114553e-07,True,,1635153,65,True
val,528,RELD_MOEL,permutation_2,9.9559288025,9.955928802490234,9.95592789178227,True,,0,0,0.0,0.0,15,76,True,9.95592789178227,-9.766409903022577e-12,-9.107079641523796e-07,True,,1635153,57,True
val,544,RELD_MOEL,permutation_2,14.5364627838,14.536462783813477,14.536463444632538,True,,0,0,0.0,0.0,17,77,True,14.536463444632538,1.34772193405297e-11,6.608190616930187e-07,True,,1635153,56,True
val,576,RELD_MOEL,permutation_2,12.0611944199,12.06119441986084,12.061193631201368,True,,0,0,7.450580596923828e-09,0.0,17,78,True,12.061193631201368,-3.915978652457852e-11,-7.886594719508366e-07,True,,1635153,21,True
val,575,RELD_MOEL,permutation_2,8.1948719025,8.19487190246582,8.19487165690805,True,,0,0,0.0,0.0,12,78,True,8.19487165690805,-3.417888194690022e-11,-2.4555776967361e-07,True,,1635153,62,True
val,563,RELD_MOEL,permutation_2,9.4298477173,9.429847717285156,9.429848037895063,True,,0,0,0.0,0.0,13,78,True,9.429848037895063,-1.4843237750028493e-11,3.206099066233037e-07,True,,1635153,71,True
val,583,RELD_MOEL,permutation_2,7.9927048683,7.99270486831665,7.992704593223755,True,,0,0,0.0,0.0,11,79,True,7.992704593223755,1.6650680834118248e-11,-2.7509289513005797e-07,True,,1635153,50,True
val,588,RELD_MOEL,permutation_2,6.2802333832,6.280233383178711,6.280233492525783,True,,0,0,0.0,0.0,12,79,True,6.280233492525783,-2.1288748541792302e-11,1.0934707184162562e-07,True,,1635153,39,True
val,648,RELD_MOEL,permutation_2,10.2035903931,10.203590393066406,10.20359066931261,True,,0,0,0.0,0.0,12,82,True,10.20359066931261,-3.359446054673754e-11,2.762462045780012e-07,True,,1635153,62,True
val,673,RELD_MOEL,permutation_2,11.3379020691,11.337902069091797,11.337901422410788,True,,0,0,0.0,0.0,15,83,True,11.337901422410788,-8.203215884350357e-12,-6.466810091865227e-07,True,,1635153,41,True
val,688,RELD_MOEL,permutation_2,11.41173172,11.411731719970703,11.411731022816092,True,,0,0,0.0,0.0,15,84,True,11.411731022816092,-2.929745335222833e-11,-6.971546113732074e-07,True,,1635153,13,True
val,695,RELD_MOEL,permutation_2,8.2422275543,8.242227554321289,8.242228265285345,True,,0,0,0.0,0.0,13,84,True,8.242228265285345,2.1289636720212002e-11,7.109640556279828e-07,True,,1635153,64,True
val,710,RELD_MOEL,permutation_2,12.333190918,12.33319091796875,12.333189962653174,True,,0,0,0.0,0.0,15,85,True,12.333189962653174,-3.1249669518729206e-11,-9.553155759789433e-07,True,,1635153,53,True
val,769,RELD_MOEL,permutation_2,9.0833930969,9.083393096923828,9.083393087602214,True,,0,0,2.0489096641540527e-08,0.0,12,88,True,9.083393087602214,2.382805064371496e-11,-9.321613703150433e-09,True,,1635153,8,True
val,759,RELD_MOEL,permutation_2,10.8385295868,10.838529586791992,10.838528858383306,True,,0,0,0.0,0.0,13,88,True,10.838528858383306,-8.007816632016329e-12,-7.284086862568984e-07,True,,1635153,56,True
val,757,RELD_MOEL,permutation_2,7.3146295547,7.314629554748535,7.314629794635529,True,,0,0,3.725290298461914e-09,0.0,13,88,True,7.314629794635529,4.8535397922933043e-11,2.398869938247117e-07,True,,1635153,33,True
val,764,RELD_MOEL,permutation_2,11.663608551,11.66360855102539,11.663608926156853,True,,0,0,0.0,0.0,15,88,True,11.663608926156853,2.539124466238718e-11,3.751314618938295e-07,True,,1635153,61,True
val,789,RELD_MOEL,permutation_2,11.1516799927,11.151679992675781,11.151680785048297,True,,0,0,0.0,0.0,15,89,True,11.151680785048297,-2.4218849148383015e-11,7.923725160452477e-07,True,,1635153,30,True
val,803,RELD_MOEL,permutation_2,10.3829526901,10.382952690124512,10.38295268273446,True,,0,0,0.0,0.0,14,90,True,10.38295268273446,2.4511948026884056e-11,-7.390051237621265e-09,True,,1635153,31,True
val,801,RELD_MOEL,permutation_2,6.7618217468,6.761821746826172,6.761821730940419,True,,0,0,5.587935447692871e-09,0.0,15,90,True,6.761821730940419,2.617195349330359e-11,-1.588575315736307e-08,True,,1635153,18,True
val,808,RELD_MOEL,permutation_2,10.0782470703,10.0782470703125,10.078247104167431,True,,0,0,0.0,0.0,13,90,True,10.078247104167431,1.2500223078859563e-11,3.3854931302812474e-08,True,,1635153,13,True
val,822,RELD_MOEL,permutation_2,14.4076395035,14.407639503479004,14.407639171906201,True,,0,0,0.0,0.0,17,91,True,14.407639171906201,-2.099653784171096e-11,-3.315728029917864e-07,True,,1635153,45,True
val,829,RELD_MOEL,permutation_2,9.0198631287,9.01986312866211,9.019863329327036,True,,0,0,0.0,0.0,18,92,True,9.019863329327036,-3.789146774124674e-11,2.0066492645298695e-07,True,,1635153,87,True
val,873,RELD_MOEL,permutation_2,14.7657670975,14.765767097473145,14.765767232191118,True,,0,0,0.0,0.0,18,94,True,14.765767232191118,-2.6854962698052987e-11,1.34717973665488e-07,True,,1635153,39,True
val,868,RELD_MOEL,permutation_2,10.8979129791,10.897912979125977,10.897912637010108,True,,0,0,0.0,0.0,16,94,True,10.897912637010108,2.5977442419389263e-11,-3.4211586807941785e-07,True,,1635153,56,True
val,904,RELD_MOEL,permutation_2,11.8235168457,11.823516845703125,11.823516765756416,True,,0,0,0.0,0.0,16,95,True,11.823516765756416,3.1246116805050406e-12,-7.994670880862031e-08,True,,1635153,84,True
val,886,RELD_MOEL,permutation_2,18.0170516968,18.017051696777344,18.017051221365225,True,,0,0,0.0,0.0,17,95,True,18.017051221365225,-2.2655655129710794e-11,-4.754121185612803e-07,True,,1635153,0,True
val,918,RELD_MOEL,permutation_2,16.2844200134,16.284420013427734,16.284419815462627,True,,0,0,0.0,0.0,20,96,True,16.284419815462627,2.773603569039551e-11,-1.9796510741798556e-07,True,,1635153,11,True
val,950,RELD_MOEL,permutation_2,14.5269212723,14.526921272277832,14.526921543313234,True,,0,0,0.0,0.0,18,98,True,14.526921543313234,-2.2167156998875726e-11,2.710354021218109e-07,True,,1635153,12,True
val,969,RELD_MOEL,permutation_2,10.5276737213,10.527673721313477,10.5276738023347,True,,0,0,0.0,0.0,13,99,True,10.5276738023347,1.34772193405297e-11,8.102122350805985e-08,True,,1635153,60,True
val,978,RELD_MOEL,permutation_2,12.1604146957,12.160414695739746,12.160415175035732,True,,0,0,0.0,0.0,19,99,True,12.160415175035732,3.9745984281580604e-11,4.792959860111523e-07,True,,1635153,18,True
val,8,RELD_MOEL,permutation_3,5.1362557411,5.136255741119385,5.13625557464908,True,,0,0,0.0,0.0,7,50,True,5.13625557464908,1.9384494009955233e-11,-1.6647030509631122e-07,True,,1658968,20,True
val,36,RELD_MOEL,permutation_3,8.3713970184,8.371397018432617,8.37139656216021,True,,0,0,0.0,0.0,15,51,True,8.37139656216021,3.26174642850674e-11,-4.562724065237944e-07,True,,1658968,13,True
val,28,RELD_MOEL,permutation_3,10.311416626,10.311416625976562,10.311416792520955,True,,0,0,0.0,0.0,13,51,True,10.311416792520955,-2.3437252139046905e-11,1.665443924991905e-07,True,,1658968,17,True
val,29,RELD_MOEL,permutation_3,6.4145669937,6.414566993713379,6.414566716114313,True,,0,0,0.0,0.0,11,51,True,6.414566716114313,1.3378631535942986e-11,-2.7759906551239055e-07,True,,1658968,16,True
val,55,RELD_MOEL,permutation_3,6.1492166519,6.149216651916504,6.149216938231583,True,,0,0,1.862645149230957e-08,0.0,9,52,True,6.149216938231583,1.6504131394867727e-11,2.8631507920096055e-07,True,,1658968,48,True
val,48,RELD_MOEL,permutation_3,7.8191680908,7.8191680908203125,7.81916836733864,True,,0,0,7.450580596923828e-09,0.0,9,52,True,7.81916836733864,2.0312640458541864e-11,2.765183273467642e-07,True,,1658968,38,True
val,77,RELD_MOEL,permutation_3,10.9936256409,10.99362564086914,10.993625054063278,True,,0,0,0.0,0.0,13,53,True,10.993625054063278,-3.085887101406115e-11,-5.868058625679851e-07,True,,1658968,22,True
val,79,RELD_MOEL,permutation_3,5.0599489212,5.059948921203613,5.059948845473142,True,,0,0,0.0,0.0,9,53,True,5.059948845473142,3.6131098113401094e-12,-7.573047167142022e-08,True,,1658968,11,True
val,103,RELD_MOEL,permutation_3,8.2945556641,8.2945556640625,8.294556403985274,True,,0,0,0.0,0.0,11,55,True,8.294556403985274,-3.750066923657869e-11,7.399227737181491e-07,True,,1658968,18,True
val,128,RELD_MOEL,permutation_3,8.4066152573,8.406615257263184,8.40661559832865,True,,0,0,0.0,0.0,12,56,True,8.40661559832865,-3.681677185340959e-11,3.4106546564771634e-07,True,,1658968,24,True
val,125,RELD_MOEL,permutation_3,6.7296991348,6.72969913482666,6.7296993558340015,True,,0,0,0.0,0.0,10,56,True,6.7296993558340015,2.666045162413866e-11,2.2100734131669242e-07,True,,1658968,28,True
val,139,RELD_MOEL,permutation_3,6.4885005951,6.488500595092773,6.488500644038338,True,,0,0,0.0,0.0,9,56,True,6.488500644038338,-7.226219622680219e-12,4.89455649343995e-08,True,,1658968,54,True
val,127,RELD_MOEL,permutation_3,8.8291978836,8.829197883605957,8.829197938361911,True,,0,0,0.0,0.0,11,56,True,8.829197938361911,5.95790083934844e-12,5.4755954437268883e-08,True,,1658968,45,True
val,163,RELD_MOEL,permutation_3,12.0311193466,12.031119346618652,12.031119612797648,True,,0,0,0.0,0.0,12,58,True,12.031119612797648,1.865174681370263e-11,2.661789952895788e-07,True,,1658968,12,True
val,185,RELD_MOEL,permutation_3,9.8947620392,9.89476203918457,9.894761641902068,True,,0,0,0.0,0.0,10,59,True,9.894761641902068,-1.5429435507030576e-11,-3.9728250200710136e-07,True,,1658968,11,True
val,182,RELD_MOEL,permutation_3,8.4851837158,8.485183715820312,8.485184074520111,True,,0,0,0.0,0.0,14,59,True,8.485184074520111,2.0312640458541864e-11,3.5869979875258196e-07,True,,1658968,11,True
val,205,RELD_MOEL,permutation_3,7.5018744469,7.5018744468688965,7.5018748101403965,True,,0,0,2.9802322387695312e-08,0.0,9,60,True,7.5018748101403965,-3.1103120079478686e-11,3.632714999923792e-07,True,,1658968,56,True
val,260,RELD_MOEL,permutation_3,7.3041067123,7.304106712341309,7.304106491726111,True,,0,0,1.862645149230957e-08,0.0,11,63,True,7.304106491726111,4.1308290121833124e-11,-2.2061519722171852e-07,True,,1658968,41,True
val,262,RELD_MOEL,permutation_3,9.8918571472,9.891857147216797,9.891857032484507,True,,0,0,1.4901161193847656e-08,0.0,12,63,True,9.891857032484507,1.679723027336877e-11,-1.1473228944680613e-07,True,,1658968,11,True
val,282,RELD_MOEL,permutation_3,10.0459527969,10.045952796936035,10.045952144720928,True,,0,0,0.0,0.0,14,64,True,10.045952144720928,3.603517484407348e-11,-6.52215106811127e-07,True,,1658968,1,True
val,291,RELD_MOEL,permutation_3,8.9197359085,8.9197359085083,8.919735977519144,True,,0,0,0.0,0.0,14,64,True,8.919735977519144,8.30091551051737e-12,6.901084326216278e-08,True,,1658968,31,True
val,331,RELD_MOEL,permutation_3,9.6513700485,9.65137004852295,9.651369502113349,True,,0,0,0.0,0.0,15,66,True,9.651369502113349,2.2948754008211836e-11,-5.464096002327778e-07,True,,1658968,6,True
val,342,RELD_MOEL,permutation_3,9.5852365494,9.585236549377441,9.585236096225115,True,,0,0,0.0,0.0,13,67,True,9.585236096225115,-2.255795550354378e-11,-4.531523263295867e-07,True,,1658968,48,True
val,340,RELD_MOEL,permutation_3,6.217508316,6.217508316040039,6.2175085672214685,True,,0,0,1.4901161193847656e-08,0.0,12,67,True,6.2175085672214685,4.0039083160081645e-11,2.5118142943370003e-07,True,,1658968,23,True
val,352,RELD_MOEL,permutation_3,6.7683372498,6.768337249755859,6.76833708874892,True,,0,0,1.862645149230957e-08,0.0,10,67,True,6.76833708874892,-4.4140691102256824e-11,-1.6100693933651655e-07,True,,1658968,36,True
val,363,RELD_MOEL,permutation_3,8.5724525452,8.572452545166016,8.572453390827611,True,,0,0,0.0,0.0,15,68,True,8.572453390827611,-3.398525905140559e-11,8.456615958607472e-07,True,,1658968,16,True
val,374,RELD_MOEL,permutation_3,10.7621307373,10.762130737304688,10.76213032265896,True,,0,0,0.0,0.0,16,68,True,10.76213032265896,4.687805699177261e-12,-4.146457275311377e-07,True,,1658968,66,True
val,369,RELD_MOEL,permutation_3,8.4359951019,8.435995101928711,8.435995981439495,True,,0,0,0.0,0.0,14,68,True,8.435995981439495,2.8711255595226248e-11,8.795107842018979e-07,True,,1658968,34,True
val,390,RELD_MOEL,permutation_3,6.4561681747,6.456168174743652,6.456168486327591,True,,0,0,7.450580596923828e-09,0.0,11,69,True,6.456168486327591,4.3652192971421755e-11,3.11583939094362e-07,True,,1658968,35,True
val,410,RELD_MOEL,permutation_3,11.7645139694,11.764513969421387,11.76451402940913,True,,0,0,1.4901161193847656e-08,0.0,12,70,True,11.76451402940913,2.1387336346379016e-11,5.998774277315988e-08,True,,1658968,7,True
val,401,RELD_MOEL,permutation_3,9.2429141998,9.242914199829102,9.242914171865776,True,,0,0,0.0,0.0,14,70,True,9.242914171865776,2.9102054099894303e-11,-2.796332587706729e-08,True,,1658968,51,True
val,447,RELD_MOEL,permutation_3,8.6839351654,8.683935165405273,8.683936045965845,True,,0,0,0.0,0.0,12,72,True,8.683936045965845,5.274003456179344e-12,8.80560572014133e-07,True,,1658968,40,True
val,456,RELD_MOEL,permutation_3,9.58015728,9.580157279968262,9.580157787226975,True,,0,0,1.4901161193847656e-08,0.0,11,72,True,9.580157787226975,-3.1738167649564275e-11,5.072587132559647e-07,True,,1658968,29,True
val,515,RELD_MOEL,permutation_3,11.3758459091,11.375845909118652,11.375845718372975,True,,0,0,0.0,0.0,13,75,True,11.375845718372975,1.865174681370263e-11,-1.9074567703114553e-07,True,,1658968,7,True
val,528,RELD_MOEL,permutation_3,9.9559288025,9.955928802490234,9.95592789178227,True,,0,0,0.0,0.0,15,76,True,9.95592789178227,-9.766409903022577e-12,-9.107079641523796e-07,True,,1658968,25,True
val,544,RELD_MOEL,permutation_3,14.5364627838,14.536462783813477,14.536463444632538,True,,0,0,0.0,0.0,17,77,True,14.536463444632538,1.34772193405297e-11,6.608190616930187e-07,True,,1658968,50,True
val,576,RELD_MOEL,permutation_3,12.0611944199,12.06119441986084,12.061193631201368,True,,0,0,7.450580596923828e-09,0.0,17,78,True,12.061193631201368,-3.915978652457852e-11,-7.886594719508366e-07,True,,1658968,27,True
val,575,RELD_MOEL,permutation_3,8.1948719025,8.19487190246582,8.19487165690805,True,,0,0,0.0,0.0,12,78,True,8.19487165690805,-3.417888194690022e-11,-2.4555776967361e-07,True,,1658968,35,True
val,563,RELD_MOEL,permutation_3,9.4298477173,9.429847717285156,9.429848037895063,True,,0,0,0.0,0.0,13,78,True,9.429848037895063,-1.4843237750028493e-11,3.206099066233037e-07,True,,1658968,61,True
val,583,RELD_MOEL,permutation_3,7.9927048683,7.99270486831665,7.992704593223755,True,,0,0,0.0,0.0,11,79,True,7.992704593223755,1.6650680834118248e-11,-2.7509289513005797e-07,True,,1658968,73,True
val,588,RELD_MOEL,permutation_3,6.2802333832,6.280233383178711,6.280233492525783,True,,0,0,0.0,0.0,12,79,True,6.280233492525783,-2.1288748541792302e-11,1.0934707184162562e-07,True,,1658968,6,True
val,648,RELD_MOEL,permutation_3,10.2035903931,10.203590393066406,10.20359066931261,True,,0,0,0.0,0.0,12,82,True,10.20359066931261,-3.359446054673754e-11,2.762462045780012e-07,True,,1658968,0,True
val,673,RELD_MOEL,permutation_3,11.3379020691,11.337902069091797,11.337901422410788,True,,0,0,0.0,0.0,15,83,True,11.337901422410788,-8.203215884350357e-12,-6.466810091865227e-07,True,,1658968,27,True
val,688,RELD_MOEL,permutation_3,11.41173172,11.411731719970703,11.411731022816092,True,,0,0,0.0,0.0,15,84,True,11.411731022816092,-2.929745335222833e-11,-6.971546113732074e-07,True,,1658968,8,True
val,695,RELD_MOEL,permutation_3,8.2422275543,8.242227554321289,8.242228265285345,True,,0,0,0.0,0.0,13,84,True,8.242228265285345,2.1289636720212002e-11,7.109640556279828e-07,True,,1658968,10,True
val,710,RELD_MOEL,permutation_3,12.333190918,12.33319091796875,12.333189962653174,True,,0,0,0.0,0.0,15,85,True,12.333189962653174,-3.1249669518729206e-11,-9.553155759789433e-07,True,,1658968,42,True
val,769,RELD_MOEL,permutation_3,9.0833930969,9.083393096923828,9.083393087602214,True,,0,0,2.0489096641540527e-08,0.0,12,88,True,9.083393087602214,2.382805064371496e-11,-9.321613703150433e-09,True,,1658968,58,True
val,759,RELD_MOEL,permutation_3,10.8385295868,10.838529586791992,10.838528858383306,True,,0,0,0.0,0.0,13,88,True,10.838528858383306,-8.007816632016329e-12,-7.284086862568984e-07,True,,1658968,21,True
val,757,RELD_MOEL,permutation_3,7.3146295547,7.314629554748535,7.314629794635529,True,,0,0,3.725290298461914e-09,0.0,13,88,True,7.314629794635529,4.8535397922933043e-11,2.398869938247117e-07,True,,1658968,16,True
val,764,RELD_MOEL,permutation_3,11.663608551,11.66360855102539,11.663608926156853,True,,0,0,0.0,0.0,15,88,True,11.663608926156853,2.539124466238718e-11,3.751314618938295e-07,True,,1658968,65,True
val,789,RELD_MOEL,permutation_3,11.1516799927,11.151679992675781,11.151680785048297,True,,0,0,0.0,0.0,15,89,True,11.151680785048297,-2.4218849148383015e-11,7.923725160452477e-07,True,,1658968,82,True
val,803,RELD_MOEL,permutation_3,10.3829526901,10.382952690124512,10.38295268273446,True,,0,0,0.0,0.0,14,90,True,10.38295268273446,2.4511948026884056e-11,-7.390051237621265e-09,True,,1658968,67,True
val,801,RELD_MOEL,permutation_3,6.7618217468,6.761821746826172,6.761821730940419,True,,0,0,5.587935447692871e-09,0.0,15,90,True,6.761821730940419,2.617195349330359e-11,-1.588575315736307e-08,True,,1658968,59,True
val,808,RELD_MOEL,permutation_3,10.0782470703,10.0782470703125,10.078247104167431,True,,0,0,0.0,0.0,13,90,True,10.078247104167431,1.2500223078859563e-11,3.3854931302812474e-08,True,,1658968,36,True
val,822,RELD_MOEL,permutation_3,14.4076395035,14.407639503479004,14.407639171906201,True,,0,0,0.0,0.0,17,91,True,14.407639171906201,-2.099653784171096e-11,-3.315728029917864e-07,True,,1658968,4,True
val,829,RELD_MOEL,permutation_3,9.0198631287,9.01986312866211,9.019863329327036,True,,0,0,0.0,0.0,18,92,True,9.019863329327036,-3.789146774124674e-11,2.0066492645298695e-07,True,,1658968,34,True
val,873,RELD_MOEL,permutation_3,14.7657670975,14.765767097473145,14.765767232191118,True,,0,0,0.0,0.0,18,94,True,14.765767232191118,-2.6854962698052987e-11,1.34717973665488e-07,True,,1658968,83,True
val,868,RELD_MOEL,permutation_3,10.8979129791,10.897912979125977,10.897912637010108,True,,0,0,0.0,0.0,16,94,True,10.897912637010108,2.5977442419389263e-11,-3.4211586807941785e-07,True,,1658968,75,True
val,904,RELD_MOEL,permutation_3,11.8235168457,11.823516845703125,11.823516765756416,True,,0,0,0.0,0.0,16,95,True,11.823516765756416,3.1246116805050406e-12,-7.994670880862031e-08,True,,1658968,80,True
val,886,RELD_MOEL,permutation_3,18.0170516968,18.017051696777344,18.017051221365225,True,,0,0,0.0,0.0,17,95,True,18.017051221365225,-2.2655655129710794e-11,-4.754121185612803e-07,True,,1658968,83,True
val,918,RELD_MOEL,permutation_3,16.2844200134,16.284420013427734,16.284419815462627,True,,0,0,0.0,0.0,20,96,True,16.284419815462627,2.773603569039551e-11,-1.9796510741798556e-07,True,,1658968,33,True
val,950,RELD_MOEL,permutation_3,14.5269212723,14.526921272277832,14.526921543313234,True,,0,0,0.0,0.0,18,98,True,14.526921543313234,-2.2167156998875726e-11,2.710354021218109e-07,True,,1658968,89,True
val,969,RELD_MOEL,permutation_3,10.5276737213,10.527673721313477,10.5276738023347,True,,0,0,0.0,0.0,13,99,True,10.5276738023347,1.34772193405297e-11,8.102122350805985e-08,True,,1658968,64,True
val,978,RELD_MOEL,permutation_3,12.1604146957,12.160414695739746,12.160415175035732,True,,0,0,0.0,0.0,19,99,True,12.160415175035732,3.9745984281580604e-11,4.792959860111523e-07,True,,1658968,86,True
val,8,RELD_MTL,original_0,5.6199007034,5.619900703430176,5.6199009207041675,True,,0,0,0.0,0.0,8,50,True,5.6199009207041675,3.0175861809311755e-11,2.1727399168725015e-07,True,True,1554294,31,True
val,36,RELD_MTL,original_0,8.4544992447,8.454499244689941,8.45449940891293,True,,0,0,0.0,0.0,15,51,True,8.45449940891293,-1.0057732424684218e-11,1.6422298898532972e-07,True,True,1554294,9,True
val,28,RELD_MTL,original_0,10.2217769623,10.221776962280273,10.221776525382255,True,,0,0,0.0,0.0,12,51,True,10.221776525382255,-1.972644270153978e-11,-4.3689801820789853e-07,True,True,1554294,39,True
val,29,RELD_MTL,original_0,6.4018993378,6.401899337768555,6.401899534961594,True,,0,0,0.0,0.0,10,51,True,6.401899534961594,-3.1445068771063234e-11,1.9719303967491442e-07,True,True,1554294,47,True
val,55,RELD_MTL,original_0,6.1964321136,6.196432113647461,6.196432135149669,True,,0,0,1.862645149230957e-08,0.0,9,52,True,6.196432135149669,4.746070203509589e-11,2.150220801411251e-08,True,True,1554294,21,True
val,48,RELD_MTL,original_0,8.3105640411,8.310564041137695,8.310564651939927,True,,0,0,0.0,0.0,9,52,True,8.310564651939927,3.7696068488912715e-11,6.108022319040174e-07,True,True,1554294,49,True
val,77,RELD_MTL,original_0,10.6229953766,10.622995376586914,10.622995520859734,True,,0,0,0.0,0.0,12,53,True,10.622995520859734,-1.3086420835861645e-11,1.44272819468938e-07,True,True,1554294,5,True
val,79,RELD_MTL,original_0,4.9019212723,4.901921272277832,4.901921007170167,True,,0,0,0.0,0.0,9,53,True,4.901921007170167,-2.2168045177295426e-11,-2.6510766470977387e-07,True,True,1554294,26,True
val,103,RELD_MTL,original_0,8.2121944427,8.212194442749023,8.21219411065684,True,,0,0,0.0,0.0,10,55,True,8.21219411065684,4.902389605376811e-11,-3.320921830862744e-07,True,True,1554294,28,True
val,128,RELD_MTL,original_0,8.4210891724,8.421089172363281,8.421089343058172,True,,0,0,0.0,0.0,12,56,True,8.421089343058172,-3.671907222724258e-11,1.706948911106565e-07,True,True,1554294,48,True
val,125,RELD_MTL,original_0,6.7069072723,6.706907272338867,6.706907227213219,True,,0,0,0.0,0.0,9,56,True,6.706907227213219,3.886757582449718e-11,-4.5125648107102734e-08,True,True,1554294,12,True
val,139,RELD_MTL,original_0,6.8479866982,6.847986698150635,6.847987117010328,True,,0,0,0.0,0.0,10,56,True,6.847987117010328,-4.936495656693296e-11,4.1885969359611863e-07,True,True,1554294,13,True
val,127,RELD_MTL,original_0,9.2370662689,9.237066268920898,9.237066609509911,True,,0,0,0.0,0.0,12,56,True,9.237066609509911,2.0898838215543947e-11,3.4058901299260924e-07,True,True,1554294,15,True
val,163,RELD_MTL,original_0,12.2158966064,12.215896606445312,12.215896909473537,True,,0,0,0.0,0.0,12,58,True,12.215896909473537,4.531308661626099e-11,3.030282247351579e-07,True,True,1554294,40,True
val,185,RELD_MTL,original_0,9.983505249,9.983505249023438,9.983505083820209,True,,0,0,0.0,0.0,11,59,True,9.983505083820209,2.3437252139046905e-11,-1.652032288745886e-07,True,True,1554294,26,True
val,182,RELD_MTL,original_0,8.4313793182,8.431379318237305,8.43137912669031,True,,0,0,0.0,0.0,14,59,True,8.43137912669031,3.730526998424466e-11,-1.9154699515411266e-07,True,True,1554294,25,True
val,205,RELD_MTL,original_0,7.8286743164,7.82867431640625,7.828673904813465,True,,0,0,0.0,0.0,9,60,True,7.828673904813465,6.250111539429781e-12,-4.115927847436751e-07,True,True,1554294,28,True
val,260,RELD_MTL,original_0,7.0459632874,7.045963287353516,7.045963654634839,True,,0,0,7.450580596923828e-09,0.0,10,63,True,7.045963654634839,-4.6484593951845454e-11,3.6728132357666254e-07,True,True,1554294,28,True
val,262,RELD_MTL,original_0,10.0090608597,10.009060859680176,10.009060612762038,True,,0,0,2.2351741790771484e-08,0.0,11,63,True,10.009060612762038,-1.9824142327706795e-11,-2.4691813749200264e-07,True,True,1554294,15,True
val,282,RELD_MTL,original_0,10.2582702637,10.258270263671875,10.258271039574435,True,,0,0,0.0,0.0,15,64,True,10.258271039574435,-2.8125057838224166e-11,7.759025599796132e-07,True,True,1554294,43,True
val,291,RELD_MTL,original_0,8.8840389252,8.884038925170898,8.884039081447245,True,,0,0,0.0,0.0,14,64,True,8.884039081447245,-2.9102054099894303e-11,1.5627634653014866e-07,True,True,1554294,33,True
val,331,RELD_MTL,original_0,9.8781633377,9.87816333770752,9.878163748253732,True,,0,0,0.0,0.0,15,66,True,9.878163748253732,7.51931850118126e-12,4.1054621213731934e-07,True,True,1554294,5,True
val,342,RELD_MTL,original_0,10.2712287903,10.271228790283203,10.271228790796597,True,,0,0,0.0,0.0,16,67,True,10.271228790796597,-1.679723027336877e-11,5.133937719392634e-10,True,True,1554294,59,True
val,340,RELD_MTL,original_0,5.7100553513,5.710055351257324,5.7100554740267215,True,,0,0,7.450580596923828e-09,0.0,11,67,True,5.7100554740267215,-4.267608488817132e-11,1.2276939731492575e-07,True,True,1554294,24,True
val,352,RELD_MTL,original_0,6.7632646561,6.7632646560668945,6.763264500359543,True,,0,0,7.450580596923828e-09,0.0,10,67,True,6.763264500359543,-3.310507423748277e-11,-1.5570735190095775e-07,True,True,1554294,20,True
val,363,RELD_MTL,original_0,8.4634160995,8.46341609954834,8.463416060597417,True,,0,0,0.0,0.0,14,68,True,8.463416060597417,4.8339998670599016e-11,-3.895092248740184e-08,True,True,1554294,3,True
val,374,RELD_MTL,original_0,10.7507247925,10.750724792480469,10.750725432617566,True,,0,0,0.0,0.0,15,68,True,10.750725432617566,-1.9531043449205754e-11,6.401370971076403e-07,True,True,1554294,26,True
val,369,RELD_MTL,original_0,8.7449941635,8.744994163513184,8.744993461465523,True,,0,0,0.0,0.0,14,68,True,8.744993461465523,1.3184120462028659e-11,-7.020476608943227e-07,True,True,1554294,67,True
val,390,RELD_MTL,original_0,6.3607597351,6.360759735107422,6.360759572270617,True,,0,0,0.0,0.0,11,69,True,6.360759572270617,7.421618875014246e-12,-1.6283680448481164e-07,True,True,1554294,65,True
val,410,RELD_MTL,original_0,11.5467395782,11.54673957824707,11.546740033974915,True,,0,0,7.450580596923828e-09,0.0,12,70,True,11.546740033974915,4.706990353042784e-11,4.5572784479475104e-07,True,True,1554294,9,True
val,401,RELD_MTL,original_0,9.3658246994,9.365824699401855,9.365824413994005,True,,0,0,1.4901161193847656e-08,0.0,14,70,True,9.365824413994005,1.8562928971732617e-12,-2.854078502423363e-07,True,True,1554294,21,True
val,447,RELD_MTL,original_0,9.0487508774,9.048750877380371,9.048750677242852,True,,0,0,0.0,0.0,15,72,True,9.048750677242852,-1.9628743075372768e-11,-2.0013751900194166e-07,True,True,1554294,25,True
val,456,RELD_MTL,original_0,9.6795148849,9.67951488494873,9.67951502047496,True,,0,0,0.0,0.0,11,72,True,9.67951502047496,4.873079717526707e-11,1.3552623023826982e-07,True,True,1554294,31,True
val,515,RELD_MTL,original_0,11.1986446381,11.198644638061523,11.198645071179241,True,,0,0,0.0,0.0,13,75,True,11.198645071179241,-3.8475889141409425e-11,4.3311771769083407e-07,True,True,1554294,34,True
val,528,RELD_MTL,original_0,9.8750362396,9.875036239624023,9.875036376301303,True,,0,0,0.0,0.0,14,76,True,9.875036376301303,2.4023449896048987e-11,1.366772792721349e-07,True,True,1554294,45,True
val,544,RELD_MTL,original_0,14.6230487823,14.623048782348633,14.623049461192958,True,,0,0,0.0,0.0,17,77,True,14.623049461192958,4.863309754910006e-11,6.788443247529585e-07,True,True,1554294,16,True
val,576,RELD_MTL,original_0,11.9450855255,11.945085525512695,11.945086286610469,True,,0,0,0.0,0.0,16,78,True,11.945086286610469,1.269562233119359e-11,7.610977732497304e-07,True,True,1554294,61,True
val,575,RELD_MTL,original_0,8.3528337479,8.35283374786377,8.352833560781036,True,,0,0,1.30385160446167e-08,0.0,12,78,True,8.352833560781036,-3.623057409640751e-11,-1.870827333050329e-07,True,True,1554294,42,True
val,563,RELD_MTL,original_0,9.8325357437,9.832535743713379,9.832535793724398,True,,0,0,0.0,0.0,14,78,True,9.832535793724398,1.3379519714362686e-11,5.001101932577967e-08,True,True,1554294,14,True
val,583,RELD_MTL,original_0,8.1201667786,8.120166778564453,8.120166559410494,True,,0,0,0.0,0.0,11,79,True,8.120166559410494,-3.554667671323841e-11,-2.1915395898020051e-07,True,True,1554294,18,True
val,588,RELD_MTL,original_0,6.1223974228,6.122397422790527,6.122397515715462,True,,0,0,0.0,0.0,12,79,True,6.122397515715462,-9.472422846101836e-12,9.292493441392935e-08,True,True,1554294,36,True
val,648,RELD_MTL,original_0,10.0692710876,10.069271087646484,10.069271991957544,True,,0,0,0.0,0.0,12,82,True,10.069271991957544,4.6483705773425754e-11,9.043110598128123e-07,True,True,1554294,14,True
val,673,RELD_MTL,original_0,11.5505027771,11.55050277709961,11.550503755779816,True,,0,0,0.0,0.0,16,83,True,11.550503755779816,-3.907985046680551e-13,9.786802070976819e-07,True,True,1554294,3,True
val,688,RELD_MTL,original_0,11.4719257355,11.471925735473633,11.471925112476459,True,,0,0,0.0,0.0,15,84,True,11.471925112476459,-2.6366464567217918e-11,-6.229971738491713e-07,True,True,1554294,18,True
val,695,RELD_MTL,original_0,8.4470825195,8.44708251953125,8.447082549280909,True,,0,0,0.0,0.0,13,84,True,8.447082549280909,3.1249669518729206e-11,2.9749658736477613e-08,True,True,1554294,56,True
val,710,RELD_MTL,original_0,12.0707454681,12.070745468139648,12.070745134345788,True,,0,0,0.0,0.0,14,85,True,12.070745134345788,3.964828465541359e-11,-3.3379386010778944e-07,True,True,1554294,34,True
val,769,RELD_MTL,original_0,8.9757585526,8.97575855255127,8.975759088859775,True,,0,0,2.0489096641540527e-08,0.0,12,88,True,8.975759088859775,-4.873079717526707e-11,5.36308505161287e-07,True,True,1554294,37,True
val,759,RELD_MTL,original_0,11.0732498169,11.073249816894531,11.073250467394258,True,,0,0,0.0,0.0,14,88,True,11.073250467394258,-5.469402708513371e-12,6.504997269729529e-07,True,True,1554294,37,True
val,757,RELD_MTL,original_0,7.3527002335,7.352700233459473,7.352699855429071,True,,0,0,1.862645149230957e-09,0.0,13,88,True,7.352699855429071,-4.0527581290916714e-11,-3.7803040164874346e-07,True,True,1554294,69,True
val,764,RELD_MTL,original_0,11.5996284485,11.599628448486328,11.599628897440322,True,,0,0,7.450580596923828e-09,0.0,16,88,True,11.599628897440322,-1.3672618592863728e-11,4.489539939811493e-07,True,True,1554294,66,True
val,789,RELD_MTL,original_0,11.1339817047,11.133981704711914,11.13398135511883,True,,0,0,0.0,0.0,15,89,True,11.13398135511883,1.191402532185748e-11,-3.4959308337079165e-07,True,True,1554294,51,True
val,803,RELD_MTL,original_0,10.4298458099,10.429845809936523,10.429845768192411,True,,0,0,0.0,0.0,14,90,True,10.429845768192411,3.652367297490855e-11,-4.174411216695262e-08,True,True,1554294,76,True
val,801,RELD_MTL,original_0,6.7322397232,6.732239723205566,6.732239169495261,True,,0,0,9.313225746154785e-09,0.0,14,90,True,6.732239169495261,5.566214156260685e-12,-5.537103051622694e-07,True,True,1554294,33,True
val,808,RELD_MTL,original_0,10.0852909088,10.085290908813477,10.085291488304179,True,,0,0,0.0,0.0,14,90,True,10.085291488304179,1.34772193405297e-11,5.794907025347129e-07,True,True,1554294,44,True
val,822,RELD_MTL,original_0,14.0152854919,14.01528549194336,14.015285162027265,True,,0,0,0.0,0.0,18,91,True,14.015285162027265,4.3359094092920714e-11,-3.2991609444366077e-07,True,True,1554294,0,True
val,829,RELD_MTL,original_0,8.9113960266,8.911396026611328,8.911395354906418,True,,0,0,0.0,0.0,16,92,True,8.911395354906418,1.1327827564855397e-11,-6.717049103599493e-07,True,True,1554294,37,True
val,873,RELD_MTL,original_0,15.2127170563,15.212717056274414,15.212717534180818,True,,0,0,0.0,0.0,20,94,True,15.212717534180818,-2.5586643914721208e-11,4.779064042281789e-07,True,True,1554294,49,True
val,868,RELD_MTL,original_0,10.8386650085,10.838665008544922,10.838664729836834,True,,0,0,0.0,0.0,16,94,True,10.838664729836834,4.4922288111592934e-11,-2.787080877197923e-07,True,True,1554294,2,True
val,904,RELD_MTL,original_0,11.6141738892,11.614173889160156,11.61417384113043,True,,0,0,7.450580596923828e-09,0.0,14,95,True,11.61417384113043,-3.984368390774762e-11,-4.802972597417465e-08,True,True,1554294,33,True
val,886,RELD_MTL,original_0,17.7629089355,17.762908935546875,17.7629100016125,True,,0,0,0.0,0.0,17,95,True,17.7629100016125,4.687450427809381e-11,1.0660656251104683e-06,True,True,1554294,61,True
val,918,RELD_MTL,original_0,16.1279640198,16.12796401977539,16.127964214099944,True,,0,0,0.0,0.0,19,96,True,16.127964214099944,-2.460964765305107e-11,1.9432455289347672e-07,True,True,1554294,60,True
val,950,RELD_MTL,original_0,15.1476383209,15.147638320922852,15.147637519447224,True,,0,0,0.0,0.0,19,98,True,15.147637519447224,2.2851054382044822e-11,-8.014756271990109e-07,True,True,1554294,1,True
val,969,RELD_MTL,original_0,10.7874164581,10.787416458129883,10.787417183399711,True,,0,0,0.0,0.0,14,99,True,10.787417183399711,2.9883651109230414e-11,7.252698281945413e-07,True,True,1554294,23,True
val,978,RELD_MTL,original_0,12.2508029938,12.250802993774414,12.250802892190833,True,,0,0,0.0,0.0,20,99,True,12.250802892190833,-2.5586643914721208e-11,-1.0158358065837092e-07,True,True,1554294,62,True
val,8,RELD_MTL,original_1,5.6199007034,5.619900703430176,5.6199009207041675,True,,0,0,0.0,0.0,8,50,True,5.6199009207041675,3.0175861809311755e-11,2.1727399168725015e-07,True,True,1577461,31,True
val,36,RELD_MTL,original_1,8.4544992447,8.454499244689941,8.45449940891293,True,,0,0,0.0,0.0,15,51,True,8.45449940891293,-1.0057732424684218e-11,1.6422298898532972e-07,True,True,1577461,9,True
val,28,RELD_MTL,original_1,10.2217769623,10.221776962280273,10.221776525382255,True,,0,0,0.0,0.0,12,51,True,10.221776525382255,-1.972644270153978e-11,-4.3689801820789853e-07,True,True,1577461,39,True
val,29,RELD_MTL,original_1,6.4018993378,6.401899337768555,6.401899534961594,True,,0,0,0.0,0.0,10,51,True,6.401899534961594,-3.1445068771063234e-11,1.9719303967491442e-07,True,True,1577461,47,True
val,55,RELD_MTL,original_1,6.1964321136,6.196432113647461,6.196432135149669,True,,0,0,1.862645149230957e-08,0.0,9,52,True,6.196432135149669,4.746070203509589e-11,2.150220801411251e-08,True,True,1577461,21,True
val,48,RELD_MTL,original_1,8.3105640411,8.310564041137695,8.310564651939927,True,,0,0,0.0,0.0,9,52,True,8.310564651939927,3.7696068488912715e-11,6.108022319040174e-07,True,True,1577461,49,True
val,77,RELD_MTL,original_1,10.6229953766,10.622995376586914,10.622995520859734,True,,0,0,0.0,0.0,12,53,True,10.622995520859734,-1.3086420835861645e-11,1.44272819468938e-07,True,True,1577461,5,True
val,79,RELD_MTL,original_1,4.9019212723,4.901921272277832,4.901921007170167,True,,0,0,0.0,0.0,9,53,True,4.901921007170167,-2.2168045177295426e-11,-2.6510766470977387e-07,True,True,1577461,26,True
val,103,RELD_MTL,original_1,8.2121944427,8.212194442749023,8.21219411065684,True,,0,0,0.0,0.0,10,55,True,8.21219411065684,4.902389605376811e-11,-3.320921830862744e-07,True,True,1577461,28,True
val,128,RELD_MTL,original_1,8.4210891724,8.421089172363281,8.421089343058172,True,,0,0,0.0,0.0,12,56,True,8.421089343058172,-3.671907222724258e-11,1.706948911106565e-07,True,True,1577461,48,True
val,125,RELD_MTL,original_1,6.7069072723,6.706907272338867,6.706907227213219,True,,0,0,0.0,0.0,9,56,True,6.706907227213219,3.886757582449718e-11,-4.5125648107102734e-08,True,True,1577461,12,True
val,139,RELD_MTL,original_1,6.8479866982,6.847986698150635,6.847987117010328,True,,0,0,0.0,0.0,10,56,True,6.847987117010328,-4.936495656693296e-11,4.1885969359611863e-07,True,True,1577461,13,True
val,127,RELD_MTL,original_1,9.2370662689,9.237066268920898,9.237066609509911,True,,0,0,0.0,0.0,12,56,True,9.237066609509911,2.0898838215543947e-11,3.4058901299260924e-07,True,True,1577461,15,True
val,163,RELD_MTL,original_1,12.2158966064,12.215896606445312,12.215896909473537,True,,0,0,0.0,0.0,12,58,True,12.215896909473537,4.531308661626099e-11,3.030282247351579e-07,True,True,1577461,40,True
val,185,RELD_MTL,original_1,9.983505249,9.983505249023438,9.983505083820209,True,,0,0,0.0,0.0,11,59,True,9.983505083820209,2.3437252139046905e-11,-1.652032288745886e-07,True,True,1577461,26,True
val,182,RELD_MTL,original_1,8.4313793182,8.431379318237305,8.43137912669031,True,,0,0,0.0,0.0,14,59,True,8.43137912669031,3.730526998424466e-11,-1.9154699515411266e-07,True,True,1577461,25,True
val,205,RELD_MTL,original_1,7.8286743164,7.82867431640625,7.828673904813465,True,,0,0,0.0,0.0,9,60,True,7.828673904813465,6.250111539429781e-12,-4.115927847436751e-07,True,True,1577461,28,True
val,260,RELD_MTL,original_1,7.0459632874,7.045963287353516,7.045963654634839,True,,0,0,7.450580596923828e-09,0.0,10,63,True,7.045963654634839,-4.6484593951845454e-11,3.6728132357666254e-07,True,True,1577461,28,True
val,262,RELD_MTL,original_1,10.0090608597,10.009060859680176,10.009060612762038,True,,0,0,2.2351741790771484e-08,0.0,11,63,True,10.009060612762038,-1.9824142327706795e-11,-2.4691813749200264e-07,True,True,1577461,15,True
val,282,RELD_MTL,original_1,10.2582702637,10.258270263671875,10.258271039574435,True,,0,0,0.0,0.0,15,64,True,10.258271039574435,-2.8125057838224166e-11,7.759025599796132e-07,True,True,1577461,43,True
val,291,RELD_MTL,original_1,8.8840389252,8.884038925170898,8.884039081447245,True,,0,0,0.0,0.0,14,64,True,8.884039081447245,-2.9102054099894303e-11,1.5627634653014866e-07,True,True,1577461,33,True
val,331,RELD_MTL,original_1,9.8781633377,9.87816333770752,9.878163748253732,True,,0,0,0.0,0.0,15,66,True,9.878163748253732,7.51931850118126e-12,4.1054621213731934e-07,True,True,1577461,5,True
val,342,RELD_MTL,original_1,10.2712287903,10.271228790283203,10.271228790796597,True,,0,0,0.0,0.0,16,67,True,10.271228790796597,-1.679723027336877e-11,5.133937719392634e-10,True,True,1577461,59,True
val,340,RELD_MTL,original_1,5.7100553513,5.710055351257324,5.7100554740267215,True,,0,0,7.450580596923828e-09,0.0,11,67,True,5.7100554740267215,-4.267608488817132e-11,1.2276939731492575e-07,True,True,1577461,24,True
val,352,RELD_MTL,original_1,6.7632646561,6.7632646560668945,6.763264500359543,True,,0,0,7.450580596923828e-09,0.0,10,67,True,6.763264500359543,-3.310507423748277e-11,-1.5570735190095775e-07,True,True,1577461,20,True
val,363,RELD_MTL,original_1,8.4634160995,8.46341609954834,8.463416060597417,True,,0,0,0.0,0.0,14,68,True,8.463416060597417,4.8339998670599016e-11,-3.895092248740184e-08,True,True,1577461,3,True
val,374,RELD_MTL,original_1,10.7507247925,10.750724792480469,10.750725432617566,True,,0,0,0.0,0.0,15,68,True,10.750725432617566,-1.9531043449205754e-11,6.401370971076403e-07,True,True,1577461,26,True
val,369,RELD_MTL,original_1,8.7449941635,8.744994163513184,8.744993461465523,True,,0,0,0.0,0.0,14,68,True,8.744993461465523,1.3184120462028659e-11,-7.020476608943227e-07,True,True,1577461,67,True
val,390,RELD_MTL,original_1,6.3607597351,6.360759735107422,6.360759572270617,True,,0,0,0.0,0.0,11,69,True,6.360759572270617,7.421618875014246e-12,-1.6283680448481164e-07,True,True,1577461,65,True
val,410,RELD_MTL,original_1,11.5467395782,11.54673957824707,11.546740033974915,True,,0,0,7.450580596923828e-09,0.0,12,70,True,11.546740033974915,4.706990353042784e-11,4.5572784479475104e-07,True,True,1577461,9,True
val,401,RELD_MTL,original_1,9.3658246994,9.365824699401855,9.365824413994005,True,,0,0,1.4901161193847656e-08,0.0,14,70,True,9.365824413994005,1.8562928971732617e-12,-2.854078502423363e-07,True,True,1577461,21,True
val,447,RELD_MTL,original_1,9.0487508774,9.048750877380371,9.048750677242852,True,,0,0,0.0,0.0,15,72,True,9.048750677242852,-1.9628743075372768e-11,-2.0013751900194166e-07,True,True,1577461,25,True
val,456,RELD_MTL,original_1,9.6795148849,9.67951488494873,9.67951502047496,True,,0,0,0.0,0.0,11,72,True,9.67951502047496,4.873079717526707e-11,1.3552623023826982e-07,True,True,1577461,31,True
val,515,RELD_MTL,original_1,11.1986446381,11.198644638061523,11.198645071179241,True,,0,0,0.0,0.0,13,75,True,11.198645071179241,-3.8475889141409425e-11,4.3311771769083407e-07,True,True,1577461,34,True
val,528,RELD_MTL,original_1,9.8750362396,9.875036239624023,9.875036376301303,True,,0,0,0.0,0.0,14,76,True,9.875036376301303,2.4023449896048987e-11,1.366772792721349e-07,True,True,1577461,45,True
val,544,RELD_MTL,original_1,14.6230487823,14.623048782348633,14.623049461192958,True,,0,0,0.0,0.0,17,77,True,14.623049461192958,4.863309754910006e-11,6.788443247529585e-07,True,True,1577461,16,True
val,576,RELD_MTL,original_1,11.9450855255,11.945085525512695,11.945086286610469,True,,0,0,0.0,0.0,16,78,True,11.945086286610469,1.269562233119359e-11,7.610977732497304e-07,True,True,1577461,61,True
val,575,RELD_MTL,original_1,8.3528337479,8.35283374786377,8.352833560781036,True,,0,0,1.30385160446167e-08,0.0,12,78,True,8.352833560781036,-3.623057409640751e-11,-1.870827333050329e-07,True,True,1577461,42,True
val,563,RELD_MTL,original_1,9.8325357437,9.832535743713379,9.832535793724398,True,,0,0,0.0,0.0,14,78,True,9.832535793724398,1.3379519714362686e-11,5.001101932577967e-08,True,True,1577461,14,True
val,583,RELD_MTL,original_1,8.1201667786,8.120166778564453,8.120166559410494,True,,0,0,0.0,0.0,11,79,True,8.120166559410494,-3.554667671323841e-11,-2.1915395898020051e-07,True,True,1577461,18,True
val,588,RELD_MTL,original_1,6.1223974228,6.122397422790527,6.122397515715462,True,,0,0,0.0,0.0,12,79,True,6.122397515715462,-9.472422846101836e-12,9.292493441392935e-08,True,True,1577461,36,True
val,648,RELD_MTL,original_1,10.0692710876,10.069271087646484,10.069271991957544,True,,0,0,0.0,0.0,12,82,True,10.069271991957544,4.6483705773425754e-11,9.043110598128123e-07,True,True,1577461,14,True
val,673,RELD_MTL,original_1,11.5505027771,11.55050277709961,11.550503755779816,True,,0,0,0.0,0.0,16,83,True,11.550503755779816,-3.907985046680551e-13,9.786802070976819e-07,True,True,1577461,3,True
val,688,RELD_MTL,original_1,11.4719257355,11.471925735473633,11.471925112476459,True,,0,0,0.0,0.0,15,84,True,11.471925112476459,-2.6366464567217918e-11,-6.229971738491713e-07,True,True,1577461,18,True
val,695,RELD_MTL,original_1,8.4470825195,8.44708251953125,8.447082549280909,True,,0,0,0.0,0.0,13,84,True,8.447082549280909,3.1249669518729206e-11,2.9749658736477613e-08,True,True,1577461,56,True
val,710,RELD_MTL,original_1,12.0707454681,12.070745468139648,12.070745134345788,True,,0,0,0.0,0.0,14,85,True,12.070745134345788,3.964828465541359e-11,-3.3379386010778944e-07,True,True,1577461,34,True
val,769,RELD_MTL,original_1,8.9757585526,8.97575855255127,8.975759088859775,True,,0,0,2.0489096641540527e-08,0.0,12,88,True,8.975759088859775,-4.873079717526707e-11,5.36308505161287e-07,True,True,1577461,37,True
val,759,RELD_MTL,original_1,11.0732498169,11.073249816894531,11.073250467394258,True,,0,0,0.0,0.0,14,88,True,11.073250467394258,-5.469402708513371e-12,6.504997269729529e-07,True,True,1577461,37,True
val,757,RELD_MTL,original_1,7.3527002335,7.352700233459473,7.352699855429071,True,,0,0,1.862645149230957e-09,0.0,13,88,True,7.352699855429071,-4.0527581290916714e-11,-3.7803040164874346e-07,True,True,1577461,69,True
val,764,RELD_MTL,original_1,11.5996284485,11.599628448486328,11.599628897440322,True,,0,0,7.450580596923828e-09,0.0,16,88,True,11.599628897440322,-1.3672618592863728e-11,4.489539939811493e-07,True,True,1577461,66,True
val,789,RELD_MTL,original_1,11.1339817047,11.133981704711914,11.13398135511883,True,,0,0,0.0,0.0,15,89,True,11.13398135511883,1.191402532185748e-11,-3.4959308337079165e-07,True,True,1577461,51,True
val,803,RELD_MTL,original_1,10.4298458099,10.429845809936523,10.429845768192411,True,,0,0,0.0,0.0,14,90,True,10.429845768192411,3.652367297490855e-11,-4.174411216695262e-08,True,True,1577461,76,True
val,801,RELD_MTL,original_1,6.7322397232,6.732239723205566,6.732239169495261,True,,0,0,9.313225746154785e-09,0.0,14,90,True,6.732239169495261,5.566214156260685e-12,-5.537103051622694e-07,True,True,1577461,33,True
val,808,RELD_MTL,original_1,10.0852909088,10.085290908813477,10.085291488304179,True,,0,0,0.0,0.0,14,90,True,10.085291488304179,1.34772193405297e-11,5.794907025347129e-07,True,True,1577461,44,True
val,822,RELD_MTL,original_1,14.0152854919,14.01528549194336,14.015285162027265,True,,0,0,0.0,0.0,18,91,True,14.015285162027265,4.3359094092920714e-11,-3.2991609444366077e-07,True,True,1577461,0,True
val,829,RELD_MTL,original_1,8.9113960266,8.911396026611328,8.911395354906418,True,,0,0,0.0,0.0,16,92,True,8.911395354906418,1.1327827564855397e-11,-6.717049103599493e-07,True,True,1577461,37,True
val,873,RELD_MTL,original_1,15.2127170563,15.212717056274414,15.212717534180818,True,,0,0,0.0,0.0,20,94,True,15.212717534180818,-2.5586643914721208e-11,4.779064042281789e-07,True,True,1577461,49,True
val,868,RELD_MTL,original_1,10.8386650085,10.838665008544922,10.838664729836834,True,,0,0,0.0,0.0,16,94,True,10.838664729836834,4.4922288111592934e-11,-2.787080877197923e-07,True,True,1577461,2,True
val,904,RELD_MTL,original_1,11.6141738892,11.614173889160156,11.61417384113043,True,,0,0,7.450580596923828e-09,0.0,14,95,True,11.61417384113043,-3.984368390774762e-11,-4.802972597417465e-08,True,True,1577461,33,True
val,886,RELD_MTL,original_1,17.7629089355,17.762908935546875,17.7629100016125,True,,0,0,0.0,0.0,17,95,True,17.7629100016125,4.687450427809381e-11,1.0660656251104683e-06,True,True,1577461,61,True
val,918,RELD_MTL,original_1,16.1279640198,16.12796401977539,16.127964214099944,True,,0,0,0.0,0.0,19,96,True,16.127964214099944,-2.460964765305107e-11,1.9432455289347672e-07,True,True,1577461,60,True
val,950,RELD_MTL,original_1,15.1476383209,15.147638320922852,15.147637519447224,True,,0,0,0.0,0.0,19,98,True,15.147637519447224,2.2851054382044822e-11,-8.014756271990109e-07,True,True,1577461,1,True
val,969,RELD_MTL,original_1,10.7874164581,10.787416458129883,10.787417183399711,True,,0,0,0.0,0.0,14,99,True,10.787417183399711,2.9883651109230414e-11,7.252698281945413e-07,True,True,1577461,23,True
val,978,RELD_MTL,original_1,12.2508029938,12.250802993774414,12.250802892190833,True,,0,0,0.0,0.0,20,99,True,12.250802892190833,-2.5586643914721208e-11,-1.0158358065837092e-07,True,True,1577461,62,True
val,8,RELD_MTL,permutation_0,5.6199007034,5.619900703430176,5.6199009207041675,True,,0,0,0.0,0.0,8,50,True,5.6199009207041675,3.0175861809311755e-11,2.1727399168725015e-07,True,,1600678,48,True
val,36,RELD_MTL,permutation_0,8.4544992447,8.454499244689941,8.45449940891293,True,,0,0,0.0,0.0,15,51,True,8.45449940891293,-1.0057732424684218e-11,1.6422298898532972e-07,True,,1600678,38,True
val,28,RELD_MTL,permutation_0,10.2217769623,10.221776962280273,10.221776525382257,True,,0,0,0.0,0.0,12,51,True,10.221776525382257,-1.972644270153978e-11,-4.368980164315417e-07,True,,1600678,28,True
val,29,RELD_MTL,permutation_0,6.4018993378,6.401899337768555,6.401899534961594,True,,0,0,0.0,0.0,10,51,True,6.401899534961594,-3.1445068771063234e-11,1.9719303967491442e-07,True,,1600678,22,True
val,55,RELD_MTL,permutation_0,6.1964321136,6.196432113647461,6.196432135149669,True,,0,0,1.862645149230957e-08,0.0,9,52,True,6.196432135149669,4.746070203509589e-11,2.150220801411251e-08,True,,1600678,35,True
val,48,RELD_MTL,permutation_0,8.3105640411,8.310564041137695,8.310564651939927,True,,0,0,0.0,0.0,9,52,True,8.310564651939927,3.7696068488912715e-11,6.108022319040174e-07,True,,1600678,43,True
val,77,RELD_MTL,permutation_0,10.6229953766,10.622995376586914,10.622995520859734,True,,0,0,0.0,0.0,12,53,True,10.622995520859734,-1.3086420835861645e-11,1.44272819468938e-07,True,,1600678,40,True
val,79,RELD_MTL,permutation_0,4.9019212723,4.901921272277832,4.901921007170167,True,,0,0,0.0,0.0,9,53,True,4.901921007170167,-2.2168045177295426e-11,-2.6510766470977387e-07,True,,1600678,4,True
val,103,RELD_MTL,permutation_0,8.2121944427,8.212194442749023,8.21219411065684,True,,0,0,0.0,0.0,10,55,True,8.21219411065684,4.902389605376811e-11,-3.320921830862744e-07,True,,1600678,38,True
val,128,RELD_MTL,permutation_0,8.4210891724,8.421089172363281,8.421089343058172,True,,0,0,0.0,0.0,12,56,True,8.421089343058172,-3.671907222724258e-11,1.706948911106565e-07,True,,1600678,9,True
val,125,RELD_MTL,permutation_0,6.7069072723,6.706907272338867,6.706907227213219,True,,0,0,0.0,0.0,9,56,True,6.706907227213219,3.886757582449718e-11,-4.5125648107102734e-08,True,,1600678,25,True
val,139,RELD_MTL,permutation_0,6.8479866982,6.847986698150635,6.847987117010328,True,,0,0,0.0,0.0,10,56,True,6.847987117010328,-4.936495656693296e-11,4.1885969359611863e-07,True,,1600678,29,True
val,127,RELD_MTL,permutation_0,9.2370662689,9.237066268920898,9.237066609509911,True,,0,0,0.0,0.0,12,56,True,9.237066609509911,2.0898838215543947e-11,3.4058901299260924e-07,True,,1600678,31,True
val,163,RELD_MTL,permutation_0,12.2158966064,12.215896606445312,12.215896909473537,True,,0,0,0.0,0.0,12,58,True,12.215896909473537,4.531308661626099e-11,3.030282247351579e-07,True,,1600678,1,True
val,185,RELD_MTL,permutation_0,9.983505249,9.983505249023438,9.983505083820209,True,,0,0,0.0,0.0,11,59,True,9.983505083820209,2.3437252139046905e-11,-1.652032288745886e-07,True,,1600678,51,True
val,182,RELD_MTL,permutation_0,8.4313793182,8.431379318237305,8.43137912669031,True,,0,0,0.0,0.0,14,59,True,8.43137912669031,3.730526998424466e-11,-1.9154699515411266e-07,True,,1600678,6,True
val,205,RELD_MTL,permutation_0,7.8286743164,7.82867431640625,7.828673904813465,True,,0,0,0.0,0.0,9,60,True,7.828673904813465,6.250111539429781e-12,-4.115927847436751e-07,True,,1600678,19,True
val,260,RELD_MTL,permutation_0,7.0459632874,7.045963287353516,7.045963654634839,True,,0,0,7.450580596923828e-09,0.0,10,63,True,7.045963654634839,-4.6484593951845454e-11,3.6728132357666254e-07,True,,1600678,42,True
val,262,RELD_MTL,permutation_0,10.0090608597,10.009060859680176,10.009060612762038,True,,0,0,2.2351741790771484e-08,0.0,11,63,True,10.009060612762038,-1.9824142327706795e-11,-2.4691813749200264e-07,True,,1600678,23,True
val,282,RELD_MTL,permutation_0,10.2582702637,10.258270263671875,10.258271039574435,True,,0,0,0.0,0.0,15,64,True,10.258271039574435,-2.8125057838224166e-11,7.759025599796132e-07,True,,1600678,36,True
val,291,RELD_MTL,permutation_0,8.8840389252,8.884038925170898,8.884039081447245,True,,0,0,0.0,0.0,14,64,True,8.884039081447245,-2.9102054099894303e-11,1.5627634653014866e-07,True,,1600678,21,True
val,331,RELD_MTL,permutation_0,9.8781633377,9.87816333770752,9.878163748253732,True,,0,0,0.0,0.0,15,66,True,9.878163748253732,7.51931850118126e-12,4.1054621213731934e-07,True,,1600678,8,True
val,342,RELD_MTL,permutation_0,10.2712287903,10.271228790283203,10.271228790796597,True,,0,0,0.0,0.0,16,67,True,10.271228790796597,-1.679723027336877e-11,5.133937719392634e-10,True,,1600678,38,True
val,340,RELD_MTL,permutation_0,5.7100553513,5.710055351257324,5.7100554740267215,True,,0,0,7.450580596923828e-09,0.0,11,67,True,5.7100554740267215,-4.267608488817132e-11,1.2276939731492575e-07,True,,1600678,65,True
val,352,RELD_MTL,permutation_0,6.7632646561,6.7632646560668945,6.763264500359543,True,,0,0,7.450580596923828e-09,0.0,10,67,True,6.763264500359543,-3.310507423748277e-11,-1.5570735190095775e-07,True,,1600678,16,True
val,363,RELD_MTL,permutation_0,8.4634160995,8.46341609954834,8.463416060597417,True,,0,0,0.0,0.0,14,68,True,8.463416060597417,4.8339998670599016e-11,-3.895092248740184e-08,True,,1600678,48,True
val,374,RELD_MTL,permutation_0,10.7507247925,10.750724792480469,10.750725432617566,True,,0,0,0.0,0.0,15,68,True,10.750725432617566,-1.9531043449205754e-11,6.401370971076403e-07,True,,1600678,53,True
val,369,RELD_MTL,permutation_0,8.7449941635,8.744994163513184,8.744993461465523,True,,0,0,0.0,0.0,14,68,True,8.744993461465523,1.3184120462028659e-11,-7.020476608943227e-07,True,,1600678,52,True
val,390,RELD_MTL,permutation_0,6.3607597351,6.360759735107422,6.360759572270617,True,,0,0,0.0,0.0,11,69,True,6.360759572270617,7.421618875014246e-12,-1.6283680448481164e-07,True,,1600678,11,True
val,410,RELD_MTL,permutation_0,11.5467395782,11.54673957824707,11.546740033974915,True,,0,0,7.450580596923828e-09,0.0,12,70,True,11.546740033974915,4.706990353042784e-11,4.5572784479475104e-07,True,,1600678,45,True
val,401,RELD_MTL,permutation_0,9.3658246994,9.365824699401855,9.365824413994005,True,,0,0,1.4901161193847656e-08,0.0,14,70,True,9.365824413994005,1.8562928971732617e-12,-2.854078502423363e-07,True,,1600678,36,True
val,447,RELD_MTL,permutation_0,9.0487508774,9.048750877380371,9.048750677242852,True,,0,0,0.0,0.0,15,72,True,9.048750677242852,-1.9628743075372768e-11,-2.0013751900194166e-07,True,,1600678,63,True
val,456,RELD_MTL,permutation_0,9.6795148849,9.67951488494873,9.67951502047496,True,,0,0,0.0,0.0,11,72,True,9.67951502047496,4.873079717526707e-11,1.3552623023826982e-07,True,,1600678,60,True
val,515,RELD_MTL,permutation_0,11.1986446381,11.198644638061523,11.198645071179241,True,,0,0,0.0,0.0,13,75,True,11.198645071179241,-3.8475889141409425e-11,4.3311771769083407e-07,True,,1600678,70,True
val,528,RELD_MTL,permutation_0,9.8750362396,9.875036239624023,9.875036376301303,True,,0,0,0.0,0.0,14,76,True,9.875036376301303,2.4023449896048987e-11,1.366772792721349e-07,True,,1600678,4,True
val,544,RELD_MTL,permutation_0,14.6230487823,14.623048782348633,14.623049461192958,True,,0,0,0.0,0.0,17,77,True,14.623049461192958,4.863309754910006e-11,6.788443247529585e-07,True,,1600678,51,True
val,576,RELD_MTL,permutation_0,11.9450855255,11.945085525512695,11.945086286610469,True,,0,0,0.0,0.0,16,78,True,11.945086286610469,1.269562233119359e-11,7.610977732497304e-07,True,,1600678,23,True
val,575,RELD_MTL,permutation_0,8.3528337479,8.35283374786377,8.352833560781036,True,,0,0,1.30385160446167e-08,0.0,12,78,True,8.352833560781036,-3.623057409640751e-11,-1.870827333050329e-07,True,,1600678,25,True
val,563,RELD_MTL,permutation_0,9.8325357437,9.832535743713379,9.832535793724398,True,,0,0,0.0,0.0,14,78,True,9.832535793724398,1.3379519714362686e-11,5.001101932577967e-08,True,,1600678,32,True
val,583,RELD_MTL,permutation_0,8.1201667786,8.120166778564453,8.120166559410494,True,,0,0,0.0,0.0,11,79,True,8.120166559410494,-3.554667671323841e-11,-2.1915395898020051e-07,True,,1600678,3,True
val,588,RELD_MTL,permutation_0,6.1223974228,6.122397422790527,6.122397515715462,True,,0,0,0.0,0.0,12,79,True,6.122397515715462,-9.472422846101836e-12,9.292493441392935e-08,True,,1600678,35,True
val,648,RELD_MTL,permutation_0,10.0692710876,10.069271087646484,10.069271991957544,True,,0,0,0.0,0.0,12,82,True,10.069271991957544,4.6483705773425754e-11,9.043110598128123e-07,True,,1600678,7,True
val,673,RELD_MTL,permutation_0,11.5505027771,11.55050277709961,11.550503755779816,True,,0,0,0.0,0.0,16,83,True,11.550503755779816,-3.907985046680551e-13,9.786802070976819e-07,True,,1600678,73,True
val,688,RELD_MTL,permutation_0,11.4719257355,11.471925735473633,11.471925112476459,True,,0,0,0.0,0.0,15,84,True,11.471925112476459,-2.6366464567217918e-11,-6.229971738491713e-07,True,,1600678,55,True
val,695,RELD_MTL,permutation_0,8.4470825195,8.44708251953125,8.447082549280909,True,,0,0,0.0,0.0,13,84,True,8.447082549280909,3.1249669518729206e-11,2.9749658736477613e-08,True,,1600678,79,True
val,710,RELD_MTL,permutation_0,12.0707454681,12.070745468139648,12.070745134345788,True,,0,0,0.0,0.0,14,85,True,12.070745134345788,3.964828465541359e-11,-3.3379386010778944e-07,True,,1600678,62,True
val,769,RELD_MTL,permutation_0,8.9757585526,8.97575855255127,8.975759088859775,True,,0,0,2.0489096641540527e-08,0.0,12,88,True,8.975759088859775,-4.873079717526707e-11,5.36308505161287e-07,True,,1600678,12,True
val,759,RELD_MTL,permutation_0,11.0732498169,11.073249816894531,11.073250467394258,True,,0,0,0.0,0.0,14,88,True,11.073250467394258,-5.469402708513371e-12,6.504997269729529e-07,True,,1600678,11,True
val,757,RELD_MTL,permutation_0,7.3527002335,7.352700233459473,7.352699855429071,True,,0,0,1.862645149230957e-09,0.0,13,88,True,7.352699855429071,-4.0527581290916714e-11,-3.7803040164874346e-07,True,,1600678,26,True
val,764,RELD_MTL,permutation_0,11.5996284485,11.599628448486328,11.599628897440322,True,,0,0,7.450580596923828e-09,0.0,16,88,True,11.599628897440322,-1.3672618592863728e-11,4.489539939811493e-07,True,,1600678,82,True
val,789,RELD_MTL,permutation_0,11.1339817047,11.133981704711914,11.13398135511883,True,,0,0,0.0,0.0,15,89,True,11.13398135511883,1.191402532185748e-11,-3.4959308337079165e-07,True,,1600678,46,True
val,803,RELD_MTL,permutation_0,10.4298458099,10.429845809936523,10.429845768192411,True,,0,0,0.0,0.0,14,90,True,10.429845768192411,3.652367297490855e-11,-4.174411216695262e-08,True,,1600678,46,True
val,801,RELD_MTL,permutation_0,6.7322397232,6.732239723205566,6.732239169495261,True,,0,0,9.313225746154785e-09,0.0,14,90,True,6.732239169495261,5.566214156260685e-12,-5.537103051622694e-07,True,,1600678,72,True
val,808,RELD_MTL,permutation_0,10.0852909088,10.085290908813477,10.085291488304179,True,,0,0,0.0,0.0,14,90,True,10.085291488304179,1.34772193405297e-11,5.794907025347129e-07,True,,1600678,27,True
val,822,RELD_MTL,permutation_0,14.0152854919,14.01528549194336,14.015285162027265,True,,0,0,0.0,0.0,18,91,True,14.015285162027265,4.3359094092920714e-11,-3.2991609444366077e-07,True,,1600678,47,True
val,829,RELD_MTL,permutation_0,8.9113960266,8.911396026611328,8.911395354906418,True,,0,0,0.0,0.0,16,92,True,8.911395354906418,1.1327827564855397e-11,-6.717049103599493e-07,True,,1600678,85,True
val,873,RELD_MTL,permutation_0,15.2127170563,15.119658470153809,15.119658234306295,True,,0,0,0.0,0.0,20,94,True,15.119658234306295,-0.09305858614619211,-2.3584751396299453e-07,True,,1600678,5,True
val,868,RELD_MTL,permutation_0,10.8386650085,10.838665008544922,10.838664729836834,True,,0,0,0.0,0.0,16,94,True,10.838664729836834,4.4922288111592934e-11,-2.787080877197923e-07,True,,1600678,36,True
val,904,RELD_MTL,permutation_0,11.6141738892,11.614173889160156,11.61417384113043,True,,0,0,7.450580596923828e-09,0.0,14,95,True,11.61417384113043,-3.984368390774762e-11,-4.802972597417465e-08,True,,1600678,89,True
val,886,RELD_MTL,permutation_0,17.7629089355,17.762908935546875,17.7629100016125,True,,0,0,0.0,0.0,17,95,True,17.7629100016125,4.687450427809381e-11,1.0660656251104683e-06,True,,1600678,84,True
val,918,RELD_MTL,permutation_0,16.1279640198,16.12796401977539,16.127964214099944,True,,0,0,0.0,0.0,19,96,True,16.127964214099944,-2.460964765305107e-11,1.9432455289347672e-07,True,,1600678,76,True
val,950,RELD_MTL,permutation_0,15.1476383209,15.147638320922852,15.147637519447224,True,,0,0,0.0,0.0,19,98,True,15.147637519447224,2.2851054382044822e-11,-8.014756271990109e-07,True,,1600678,35,True
val,969,RELD_MTL,permutation_0,10.7874164581,10.787416458129883,10.787417183399711,True,,0,0,0.0,0.0,14,99,True,10.787417183399711,2.9883651109230414e-11,7.252698281945413e-07,True,,1600678,39,True
val,978,RELD_MTL,permutation_0,12.2508029938,12.250802993774414,12.250802892190833,True,,0,0,0.0,0.0,20,99,True,12.250802892190833,-2.5586643914721208e-11,-1.0158358065837092e-07,True,,1600678,2,True
val,8,RELD_MTL,permutation_1,5.6199007034,5.619900703430176,5.6199009207041675,True,,0,0,0.0,0.0,8,50,True,5.6199009207041675,3.0175861809311755e-11,2.1727399168725015e-07,True,,1623843,32,True
val,36,RELD_MTL,permutation_1,8.4544992447,8.454499244689941,8.45449940891293,True,,0,0,0.0,0.0,15,51,True,8.45449940891293,-1.0057732424684218e-11,1.6422298898532972e-07,True,,1623843,15,True
val,28,RELD_MTL,permutation_1,10.2217769623,10.221776962280273,10.221776525382257,True,,0,0,0.0,0.0,12,51,True,10.221776525382257,-1.972644270153978e-11,-4.368980164315417e-07,True,,1623843,26,True
val,29,RELD_MTL,permutation_1,6.4018993378,6.401899337768555,6.401899534961594,True,,0,0,0.0,0.0,10,51,True,6.401899534961594,-3.1445068771063234e-11,1.9719303967491442e-07,True,,1623843,23,True
val,55,RELD_MTL,permutation_1,6.1964321136,6.196432113647461,6.196432135149669,True,,0,0,1.862645149230957e-08,0.0,9,52,True,6.196432135149669,4.746070203509589e-11,2.150220801411251e-08,True,,1623843,34,True
val,48,RELD_MTL,permutation_1,8.3105640411,8.310564041137695,8.310564651939927,True,,0,0,0.0,0.0,9,52,True,8.310564651939927,3.7696068488912715e-11,6.108022319040174e-07,True,,1623843,34,True
val,77,RELD_MTL,permutation_1,10.6229953766,10.622995376586914,10.622995520859734,True,,0,0,0.0,0.0,12,53,True,10.622995520859734,-1.3086420835861645e-11,1.44272819468938e-07,True,,1623843,14,True
val,79,RELD_MTL,permutation_1,4.9019212723,4.901921272277832,4.901921007170167,True,,0,0,0.0,0.0,9,53,True,4.901921007170167,-2.2168045177295426e-11,-2.6510766470977387e-07,True,,1623843,9,True
val,103,RELD_MTL,permutation_1,8.2121944427,8.212194442749023,8.21219411065684,True,,0,0,0.0,0.0,10,55,True,8.21219411065684,4.902389605376811e-11,-3.320921830862744e-07,True,,1623843,20,True
val,128,RELD_MTL,permutation_1,8.4210891724,8.421089172363281,8.421089343058172,True,,0,0,0.0,0.0,12,56,True,8.421089343058172,-3.671907222724258e-11,1.706948911106565e-07,True,,1623843,33,True
val,125,RELD_MTL,permutation_1,6.7069072723,6.706907272338867,6.706907227213219,True,,0,0,0.0,0.0,9,56,True,6.706907227213219,3.886757582449718e-11,-4.5125648107102734e-08,True,,1623843,45,True
val,139,RELD_MTL,permutation_1,6.8479866982,6.847986698150635,6.847987117010328,True,,0,0,0.0,0.0,10,56,True,6.847987117010328,-4.936495656693296e-11,4.1885969359611863e-07,True,,1623843,39,True
val,127,RELD_MTL,permutation_1,9.2370662689,9.237066268920898,9.237066609509911,True,,0,0,0.0,0.0,12,56,True,9.237066609509911,2.0898838215543947e-11,3.4058901299260924e-07,True,,1623843,15,True
val,163,RELD_MTL,permutation_1,12.2158966064,12.215896606445312,12.215896909473537,True,,0,0,0.0,0.0,12,58,True,12.215896909473537,4.531308661626099e-11,3.030282247351579e-07,True,,1623843,12,True
val,185,RELD_MTL,permutation_1,9.983505249,9.983505249023438,9.983505083820209,True,,0,0,0.0,0.0,11,59,True,9.983505083820209,2.3437252139046905e-11,-1.652032288745886e-07,True,,1623843,55,True
val,182,RELD_MTL,permutation_1,8.4313793182,8.431379318237305,8.43137912669031,True,,0,0,0.0,0.0,14,59,True,8.43137912669031,3.730526998424466e-11,-1.9154699515411266e-07,True,,1623843,48,True
val,205,RELD_MTL,permutation_1,7.8286743164,7.82867431640625,7.828673904813465,True,,0,0,0.0,0.0,9,60,True,7.828673904813465,6.250111539429781e-12,-4.115927847436751e-07,True,,1623843,20,True
val,260,RELD_MTL,permutation_1,7.0459632874,7.045963287353516,7.045963654634839,True,,0,0,7.450580596923828e-09,0.0,10,63,True,7.045963654634839,-4.6484593951845454e-11,3.6728132357666254e-07,True,,1623843,3,True
val,262,RELD_MTL,permutation_1,10.0090608597,10.009060859680176,10.009060612762038,True,,0,0,2.2351741790771484e-08,0.0,11,63,True,10.009060612762038,-1.9824142327706795e-11,-2.4691813749200264e-07,True,,1623843,45,True
val,282,RELD_MTL,permutation_1,10.2582702637,10.258270263671875,10.258271039574435,True,,0,0,0.0,0.0,15,64,True,10.258271039574435,-2.8125057838224166e-11,7.759025599796132e-07,True,,1623843,7,True
val,291,RELD_MTL,permutation_1,8.8840389252,8.884038925170898,8.884039081447245,True,,0,0,0.0,0.0,14,64,True,8.884039081447245,-2.9102054099894303e-11,1.5627634653014866e-07,True,,1623843,21,True
val,331,RELD_MTL,permutation_1,9.8781633377,9.87816333770752,9.878163748253732,True,,0,0,0.0,0.0,15,66,True,9.878163748253732,7.51931850118126e-12,4.1054621213731934e-07,True,,1623843,5,True
val,342,RELD_MTL,permutation_1,10.2712287903,10.271228790283203,10.271228790796597,True,,0,0,0.0,0.0,16,67,True,10.271228790796597,-1.679723027336877e-11,5.133937719392634e-10,True,,1623843,19,True
val,340,RELD_MTL,permutation_1,5.7100553513,5.710055351257324,5.7100554740267215,True,,0,0,7.450580596923828e-09,0.0,11,67,True,5.7100554740267215,-4.267608488817132e-11,1.2276939731492575e-07,True,,1623843,37,True
val,352,RELD_MTL,permutation_1,6.7632646561,6.7632646560668945,6.763264500359543,True,,0,0,7.450580596923828e-09,0.0,10,67,True,6.763264500359543,-3.310507423748277e-11,-1.5570735190095775e-07,True,,1623843,56,True
val,363,RELD_MTL,permutation_1,8.4634160995,8.46341609954834,8.463416060597417,True,,0,0,0.0,0.0,14,68,True,8.463416060597417,4.8339998670599016e-11,-3.895092248740184e-08,True,,1623843,21,True
val,374,RELD_MTL,permutation_1,10.7507247925,10.750724792480469,10.750725432617566,True,,0,0,0.0,0.0,15,68,True,10.750725432617566,-1.9531043449205754e-11,6.401370971076403e-07,True,,1623843,20,True
val,369,RELD_MTL,permutation_1,8.7449941635,8.744994163513184,8.744993461465523,True,,0,0,0.0,0.0,14,68,True,8.744993461465523,1.3184120462028659e-11,-7.020476608943227e-07,True,,1623843,37,True
val,390,RELD_MTL,permutation_1,6.3607597351,6.360759735107422,6.360759572270617,True,,0,0,0.0,0.0,11,69,True,6.360759572270617,7.421618875014246e-12,-1.6283680448481164e-07,True,,1623843,48,True
val,410,RELD_MTL,permutation_1,11.5467395782,11.54673957824707,11.546740033974915,True,,0,0,7.450580596923828e-09,0.0,12,70,True,11.546740033974915,4.706990353042784e-11,4.5572784479475104e-07,True,,1623843,6,True
val,401,RELD_MTL,permutation_1,9.3658246994,9.365824699401855,9.365824413994005,True,,0,0,1.4901161193847656e-08,0.0,14,70,True,9.365824413994005,1.8562928971732617e-12,-2.854078502423363e-07,True,,1623843,18,True
val,447,RELD_MTL,permutation_1,9.0487508774,9.048750877380371,9.048750677242852,True,,0,0,0.0,0.0,15,72,True,9.048750677242852,-1.9628743075372768e-11,-2.0013751900194166e-07,True,,1623843,49,True
val,456,RELD_MTL,permutation_1,9.6795148849,9.67951488494873,9.67951502047496,True,,0,0,0.0,0.0,11,72,True,9.67951502047496,4.873079717526707e-11,1.3552623023826982e-07,True,,1623843,0,True
val,515,RELD_MTL,permutation_1,11.1986446381,11.198644638061523,11.198645071179241,True,,0,0,0.0,0.0,13,75,True,11.198645071179241,-3.8475889141409425e-11,4.3311771769083407e-07,True,,1623843,64,True
val,528,RELD_MTL,permutation_1,9.8750362396,9.875036239624023,9.875036376301303,True,,0,0,0.0,0.0,14,76,True,9.875036376301303,2.4023449896048987e-11,1.366772792721349e-07,True,,1623843,62,True
val,544,RELD_MTL,permutation_1,14.6230487823,14.623048782348633,14.623049461192958,True,,0,0,0.0,0.0,17,77,True,14.623049461192958,4.863309754910006e-11,6.788443247529585e-07,True,,1623843,61,True
val,576,RELD_MTL,permutation_1,11.9450855255,11.945085525512695,11.945086286610469,True,,0,0,0.0,0.0,16,78,True,11.945086286610469,1.269562233119359e-11,7.610977732497304e-07,True,,1623843,53,True
val,575,RELD_MTL,permutation_1,8.3528337479,8.35283374786377,8.352833560781036,True,,0,0,1.30385160446167e-08,0.0,12,78,True,8.352833560781036,-3.623057409640751e-11,-1.870827333050329e-07,True,,1623843,66,True
val,563,RELD_MTL,permutation_1,9.8325357437,9.832535743713379,9.832535793724398,True,,0,0,0.0,0.0,14,78,True,9.832535793724398,1.3379519714362686e-11,5.001101932577967e-08,True,,1623843,60,True
val,583,RELD_MTL,permutation_1,8.1201667786,8.120166778564453,8.120166559410494,True,,0,0,0.0,0.0,11,79,True,8.120166559410494,-3.554667671323841e-11,-2.1915395898020051e-07,True,,1623843,8,True
val,588,RELD_MTL,permutation_1,6.1223974228,6.122397422790527,6.122397515715462,True,,0,0,0.0,0.0,12,79,True,6.122397515715462,-9.472422846101836e-12,9.292493441392935e-08,True,,1623843,66,True
val,648,RELD_MTL,permutation_1,10.0692710876,10.069271087646484,10.069271991957544,True,,0,0,0.0,0.0,12,82,True,10.069271991957544,4.6483705773425754e-11,9.043110598128123e-07,True,,1623843,56,True
val,673,RELD_MTL,permutation_1,11.5505027771,11.55050277709961,11.550503755779816,True,,0,0,0.0,0.0,16,83,True,11.550503755779816,-3.907985046680551e-13,9.786802070976819e-07,True,,1623843,6,True
val,688,RELD_MTL,permutation_1,11.4719257355,11.471925735473633,11.471925112476459,True,,0,0,0.0,0.0,15,84,True,11.471925112476459,-2.6366464567217918e-11,-6.229971738491713e-07,True,,1623843,25,True
val,695,RELD_MTL,permutation_1,8.4470825195,8.44708251953125,8.447082549280909,True,,0,0,0.0,0.0,13,84,True,8.447082549280909,3.1249669518729206e-11,2.9749658736477613e-08,True,,1623843,63,True
val,710,RELD_MTL,permutation_1,12.0707454681,12.070745468139648,12.070745134345788,True,,0,0,0.0,0.0,14,85,True,12.070745134345788,3.964828465541359e-11,-3.3379386010778944e-07,True,,1623843,50,True
val,769,RELD_MTL,permutation_1,8.9757585526,8.97575855255127,8.975759088859775,True,,0,0,2.0489096641540527e-08,0.0,12,88,True,8.975759088859775,-4.873079717526707e-11,5.36308505161287e-07,True,,1623843,11,True
val,759,RELD_MTL,permutation_1,11.0732498169,11.073249816894531,11.073250467394258,True,,0,0,0.0,0.0,14,88,True,11.073250467394258,-5.469402708513371e-12,6.504997269729529e-07,True,,1623843,60,True
val,757,RELD_MTL,permutation_1,7.3527002335,7.352700233459473,7.352699855429071,True,,0,0,1.862645149230957e-09,0.0,13,88,True,7.352699855429071,-4.0527581290916714e-11,-3.7803040164874346e-07,True,,1623843,83,True
val,764,RELD_MTL,permutation_1,11.5996284485,11.599628448486328,11.599628897440322,True,,0,0,7.450580596923828e-09,0.0,16,88,True,11.599628897440322,-1.3672618592863728e-11,4.489539939811493e-07,True,,1623843,48,True
val,789,RELD_MTL,permutation_1,11.1339817047,11.133981704711914,11.13398135511883,True,,0,0,0.0,0.0,15,89,True,11.13398135511883,1.191402532185748e-11,-3.4959308337079165e-07,True,,1623843,29,True
val,803,RELD_MTL,permutation_1,10.4298458099,10.429845809936523,10.429845768192411,True,,0,0,0.0,0.0,14,90,True,10.429845768192411,3.652367297490855e-11,-4.174411216695262e-08,True,,1623843,15,True
val,801,RELD_MTL,permutation_1,6.7322397232,6.732239723205566,6.732239169495261,True,,0,0,9.313225746154785e-09,0.0,14,90,True,6.732239169495261,5.566214156260685e-12,-5.537103051622694e-07,True,,1623843,45,True
val,808,RELD_MTL,permutation_1,10.0852909088,10.085290908813477,10.085291488304179,True,,0,0,0.0,0.0,14,90,True,10.085291488304179,1.34772193405297e-11,5.794907025347129e-07,True,,1623843,68,True
val,822,RELD_MTL,permutation_1,14.0152854919,14.01528549194336,14.015285162027265,True,,0,0,0.0,0.0,18,91,True,14.015285162027265,4.3359094092920714e-11,-3.2991609444366077e-07,True,,1623843,18,True
val,829,RELD_MTL,permutation_1,8.9113960266,8.911396026611328,8.911395354906418,True,,0,0,0.0,0.0,16,92,True,8.911395354906418,1.1327827564855397e-11,-6.717049103599493e-07,True,,1623843,35,True
val,873,RELD_MTL,permutation_1,15.2127170563,15.119658470153809,15.119658234306295,True,,0,0,0.0,0.0,20,94,True,15.119658234306295,-0.09305858614619211,-2.3584751396299453e-07,True,,1623843,91,True
val,868,RELD_MTL,permutation_1,10.8386650085,10.838665008544922,10.838664729836834,True,,0,0,0.0,0.0,16,94,True,10.838664729836834,4.4922288111592934e-11,-2.787080877197923e-07,True,,1623843,26,True
val,904,RELD_MTL,permutation_1,11.6141738892,11.614173889160156,11.61417384113043,True,,0,0,7.450580596923828e-09,0.0,14,95,True,11.61417384113043,-3.984368390774762e-11,-4.802972597417465e-08,True,,1623843,46,True
val,886,RELD_MTL,permutation_1,17.7629089355,17.762908935546875,17.7629100016125,True,,0,0,0.0,0.0,17,95,True,17.7629100016125,4.687450427809381e-11,1.0660656251104683e-06,True,,1623843,44,True
val,918,RELD_MTL,permutation_1,16.1279640198,16.12796401977539,16.127964214099944,True,,0,0,0.0,0.0,19,96,True,16.127964214099944,-2.460964765305107e-11,1.9432455289347672e-07,True,,1623843,40,True
val,950,RELD_MTL,permutation_1,15.1476383209,15.147638320922852,15.147637519447224,True,,0,0,0.0,0.0,19,98,True,15.147637519447224,2.2851054382044822e-11,-8.014756271990109e-07,True,,1623843,29,True
val,969,RELD_MTL,permutation_1,10.7874164581,10.787416458129883,10.787417183399711,True,,0,0,0.0,0.0,14,99,True,10.787417183399711,2.9883651109230414e-11,7.252698281945413e-07,True,,1623843,34,True
val,978,RELD_MTL,permutation_1,12.2508029938,12.250802993774414,12.250802892190833,True,,0,0,0.0,0.0,20,99,True,12.250802892190833,-2.5586643914721208e-11,-1.0158358065837092e-07,True,,1623843,21,True
val,8,RELD_MTL,permutation_2,5.6199007034,5.619900703430176,5.6199009207041675,True,,0,0,0.0,0.0,8,50,True,5.6199009207041675,3.0175861809311755e-11,2.1727399168725015e-07,True,,1647464,0,True
val,36,RELD_MTL,permutation_2,8.4544992447,8.454499244689941,8.45449940891293,True,,0,0,0.0,0.0,15,51,True,8.45449940891293,-1.0057732424684218e-11,1.6422298898532972e-07,True,,1647464,47,True
val,28,RELD_MTL,permutation_2,10.2217769623,10.221776962280273,10.221776525382257,True,,0,0,0.0,0.0,12,51,True,10.221776525382257,-1.972644270153978e-11,-4.368980164315417e-07,True,,1647464,40,True
val,29,RELD_MTL,permutation_2,6.4018993378,6.401899337768555,6.401899534961594,True,,0,0,0.0,0.0,10,51,True,6.401899534961594,-3.1445068771063234e-11,1.9719303967491442e-07,True,,1647464,7,True
val,55,RELD_MTL,permutation_2,6.1964321136,6.196432113647461,6.196432135149669,True,,0,0,1.862645149230957e-08,0.0,9,52,True,6.196432135149669,4.746070203509589e-11,2.150220801411251e-08,True,,1647464,12,True
val,48,RELD_MTL,permutation_2,8.3105640411,8.310564041137695,8.310564651939927,True,,0,0,0.0,0.0,9,52,True,8.310564651939927,3.7696068488912715e-11,6.108022319040174e-07,True,,1647464,7,True
val,77,RELD_MTL,permutation_2,10.6229953766,10.622995376586914,10.622995520859734,True,,0,0,0.0,0.0,12,53,True,10.622995520859734,-1.3086420835861645e-11,1.44272819468938e-07,True,,1647464,14,True
val,79,RELD_MTL,permutation_2,4.9019212723,4.901921272277832,4.901921007170167,True,,0,0,0.0,0.0,9,53,True,4.901921007170167,-2.2168045177295426e-11,-2.6510766470977387e-07,True,,1647464,50,True
val,103,RELD_MTL,permutation_2,8.2121944427,8.212194442749023,8.21219411065684,True,,0,0,0.0,0.0,10,55,True,8.21219411065684,4.902389605376811e-11,-3.320921830862744e-07,True,,1647464,13,True
val,128,RELD_MTL,permutation_2,8.4210891724,8.421089172363281,8.421089343058172,True,,0,0,0.0,0.0,12,56,True,8.421089343058172,-3.671907222724258e-11,1.706948911106565e-07,True,,1647464,25,True
val,125,RELD_MTL,permutation_2,6.7069072723,6.706907272338867,6.706907227213219,True,,0,0,0.0,0.0,9,56,True,6.706907227213219,3.886757582449718e-11,-4.5125648107102734e-08,True,,1647464,33,True
val,139,RELD_MTL,permutation_2,6.8479866982,6.847986698150635,6.847987117010328,True,,0,0,0.0,0.0,10,56,True,6.847987117010328,-4.936495656693296e-11,4.1885969359611863e-07,True,,1647464,5,True
val,127,RELD_MTL,permutation_2,9.2370662689,9.237066268920898,9.237066609509911,True,,0,0,0.0,0.0,12,56,True,9.237066609509911,2.0898838215543947e-11,3.4058901299260924e-07,True,,1647464,32,True
val,163,RELD_MTL,permutation_2,12.2158966064,12.215896606445312,12.215896909473537,True,,0,0,0.0,0.0,12,58,True,12.215896909473537,4.531308661626099e-11,3.030282247351579e-07,True,,1647464,21,True
val,185,RELD_MTL,permutation_2,9.983505249,9.983505249023438,9.983505083820209,True,,0,0,0.0,0.0,11,59,True,9.983505083820209,2.3437252139046905e-11,-1.652032288745886e-07,True,,1647464,25,True
val,182,RELD_MTL,permutation_2,8.4313793182,8.431379318237305,8.43137912669031,True,,0,0,0.0,0.0,14,59,True,8.43137912669031,3.730526998424466e-11,-1.9154699515411266e-07,True,,1647464,1,True
val,205,RELD_MTL,permutation_2,7.8286743164,7.82867431640625,7.828673904813465,True,,0,0,0.0,0.0,9,60,True,7.828673904813465,6.250111539429781e-12,-4.115927847436751e-07,True,,1647464,42,True
val,260,RELD_MTL,permutation_2,7.0459632874,7.045963287353516,7.045963654634839,True,,0,0,7.450580596923828e-09,0.0,10,63,True,7.045963654634839,-4.6484593951845454e-11,3.6728132357666254e-07,True,,1647464,53,True
val,262,RELD_MTL,permutation_2,10.0090608597,10.009060859680176,10.009060612762038,True,,0,0,2.2351741790771484e-08,0.0,11,63,True,10.009060612762038,-1.9824142327706795e-11,-2.4691813749200264e-07,True,,1647464,34,True
val,282,RELD_MTL,permutation_2,10.2582702637,10.258270263671875,10.258271039574435,True,,0,0,0.0,0.0,15,64,True,10.258271039574435,-2.8125057838224166e-11,7.759025599796132e-07,True,,1647464,23,True
val,291,RELD_MTL,permutation_2,8.8840389252,8.884038925170898,8.884039081447247,True,,0,0,0.0,0.0,14,64,True,8.884039081447247,-2.9102054099894303e-11,1.562763483065055e-07,True,,1647464,37,True
val,331,RELD_MTL,permutation_2,9.8781633377,9.87816333770752,9.878163748253732,True,,0,0,0.0,0.0,15,66,True,9.878163748253732,7.51931850118126e-12,4.1054621213731934e-07,True,,1647464,1,True
val,342,RELD_MTL,permutation_2,10.2712287903,10.271228790283203,10.271228790796597,True,,0,0,0.0,0.0,16,67,True,10.271228790796597,-1.679723027336877e-11,5.133937719392634e-10,True,,1647464,26,True
val,340,RELD_MTL,permutation_2,5.7100553513,5.710055351257324,5.7100554740267215,True,,0,0,7.450580596923828e-09,0.0,11,67,True,5.7100554740267215,-4.267608488817132e-11,1.2276939731492575e-07,True,,1647464,21,True
val,352,RELD_MTL,permutation_2,6.7632646561,6.7632646560668945,6.763264500359543,True,,0,0,7.450580596923828e-09,0.0,10,67,True,6.763264500359543,-3.310507423748277e-11,-1.5570735190095775e-07,True,,1647464,0,True
val,363,RELD_MTL,permutation_2,8.4634160995,8.46341609954834,8.463416060597417,True,,0,0,0.0,0.0,14,68,True,8.463416060597417,4.8339998670599016e-11,-3.895092248740184e-08,True,,1647464,30,True
val,374,RELD_MTL,permutation_2,10.7507247925,10.750724792480469,10.750725432617566,True,,0,0,0.0,0.0,15,68,True,10.750725432617566,-1.9531043449205754e-11,6.401370971076403e-07,True,,1647464,58,True
val,369,RELD_MTL,permutation_2,8.7449941635,8.744994163513184,8.744993461465523,True,,0,0,0.0,0.0,14,68,True,8.744993461465523,1.3184120462028659e-11,-7.020476608943227e-07,True,,1647464,0,True
val,390,RELD_MTL,permutation_2,6.3607597351,6.360759735107422,6.360759572270617,True,,0,0,0.0,0.0,11,69,True,6.360759572270617,7.421618875014246e-12,-1.6283680448481164e-07,True,,1647464,21,True
val,410,RELD_MTL,permutation_2,11.5467395782,11.54673957824707,11.546740033974915,True,,0,0,7.450580596923828e-09,0.0,12,70,True,11.546740033974915,4.706990353042784e-11,4.5572784479475104e-07,True,,1647464,44,True
val,401,RELD_MTL,permutation_2,9.3658246994,9.365824699401855,9.365824413994005,True,,0,0,1.4901161193847656e-08,0.0,14,70,True,9.365824413994005,1.8562928971732617e-12,-2.854078502423363e-07,True,,1647464,27,True
val,447,RELD_MTL,permutation_2,9.0487508774,9.048750877380371,9.048750677242852,True,,0,0,0.0,0.0,15,72,True,9.048750677242852,-1.9628743075372768e-11,-2.0013751900194166e-07,True,,1647464,48,True
val,456,RELD_MTL,permutation_2,9.6795148849,9.67951488494873,9.67951502047496,True,,0,0,0.0,0.0,11,72,True,9.67951502047496,4.873079717526707e-11,1.3552623023826982e-07,True,,1647464,60,True
val,515,RELD_MTL,permutation_2,11.1986446381,11.198644638061523,11.198645071179241,True,,0,0,0.0,0.0,13,75,True,11.198645071179241,-3.8475889141409425e-11,4.3311771769083407e-07,True,,1647464,41,True
val,528,RELD_MTL,permutation_2,9.8750362396,9.875036239624023,9.875036376301303,True,,0,0,0.0,0.0,14,76,True,9.875036376301303,2.4023449896048987e-11,1.366772792721349e-07,True,,1647464,49,True
val,544,RELD_MTL,permutation_2,14.6230487823,14.623048782348633,14.623049461192958,True,,0,0,0.0,0.0,17,77,True,14.623049461192958,4.863309754910006e-11,6.788443247529585e-07,True,,1647464,56,True
val,576,RELD_MTL,permutation_2,11.9450855255,11.945085525512695,11.945086286610469,True,,0,0,0.0,0.0,16,78,True,11.945086286610469,1.269562233119359e-11,7.610977732497304e-07,True,,1647464,31,True
val,575,RELD_MTL,permutation_2,8.3528337479,8.35283374786377,8.352833560781036,True,,0,0,1.30385160446167e-08,0.0,12,78,True,8.352833560781036,-3.623057409640751e-11,-1.870827333050329e-07,True,,1647464,37,True
val,563,RELD_MTL,permutation_2,9.8325357437,9.832535743713379,9.832535793724398,True,,0,0,0.0,0.0,14,78,True,9.832535793724398,1.3379519714362686e-11,5.001101932577967e-08,True,,1647464,49,True
val,583,RELD_MTL,permutation_2,8.1201667786,8.120166778564453,8.120166559410494,True,,0,0,0.0,0.0,11,79,True,8.120166559410494,-3.554667671323841e-11,-2.1915395898020051e-07,True,,1647464,31,True
val,588,RELD_MTL,permutation_2,6.1223974228,6.122397422790527,6.122397515715462,True,,0,0,0.0,0.0,12,79,True,6.122397515715462,-9.472422846101836e-12,9.292493441392935e-08,True,,1647464,35,True
val,648,RELD_MTL,permutation_2,10.0692710876,10.069271087646484,10.069271991957544,True,,0,0,0.0,0.0,12,82,True,10.069271991957544,4.6483705773425754e-11,9.043110598128123e-07,True,,1647464,44,True
val,673,RELD_MTL,permutation_2,11.5505027771,11.55050277709961,11.550503755779816,True,,0,0,0.0,0.0,16,83,True,11.550503755779816,-3.907985046680551e-13,9.786802070976819e-07,True,,1647464,14,True
val,688,RELD_MTL,permutation_2,11.4719257355,11.471925735473633,11.471925112476459,True,,0,0,0.0,0.0,15,84,True,11.471925112476459,-2.6366464567217918e-11,-6.229971738491713e-07,True,,1647464,70,True
val,695,RELD_MTL,permutation_2,8.4470825195,8.44708251953125,8.447082549280909,True,,0,0,0.0,0.0,13,84,True,8.447082549280909,3.1249669518729206e-11,2.9749658736477613e-08,True,,1647464,80,True
val,710,RELD_MTL,permutation_2,12.0707454681,12.070745468139648,12.070745134345788,True,,0,0,0.0,0.0,14,85,True,12.070745134345788,3.964828465541359e-11,-3.3379386010778944e-07,True,,1647464,50,True
val,769,RELD_MTL,permutation_2,8.9757585526,8.97575855255127,8.975759088859775,True,,0,0,2.0489096641540527e-08,0.0,12,88,True,8.975759088859775,-4.873079717526707e-11,5.36308505161287e-07,True,,1647464,55,True
val,759,RELD_MTL,permutation_2,11.0732498169,11.073249816894531,11.073250467394258,True,,0,0,0.0,0.0,14,88,True,11.073250467394258,-5.469402708513371e-12,6.504997269729529e-07,True,,1647464,37,True
val,757,RELD_MTL,permutation_2,7.3527002335,7.352700233459473,7.352699855429071,True,,0,0,1.862645149230957e-09,0.0,13,88,True,7.352699855429071,-4.0527581290916714e-11,-3.7803040164874346e-07,True,,1647464,7,True
val,764,RELD_MTL,permutation_2,11.5996284485,11.599628448486328,11.599628897440322,True,,0,0,7.450580596923828e-09,0.0,16,88,True,11.599628897440322,-1.3672618592863728e-11,4.489539939811493e-07,True,,1647464,17,True
val,789,RELD_MTL,permutation_2,11.1339817047,11.133981704711914,11.13398135511883,True,,0,0,0.0,0.0,15,89,True,11.13398135511883,1.191402532185748e-11,-3.4959308337079165e-07,True,,1647464,43,True
val,803,RELD_MTL,permutation_2,10.4298458099,10.429845809936523,10.429845768192411,True,,0,0,0.0,0.0,14,90,True,10.429845768192411,3.652367297490855e-11,-4.174411216695262e-08,True,,1647464,31,True
val,801,RELD_MTL,permutation_2,6.7322397232,6.732239723205566,6.732239169495261,True,,0,0,9.313225746154785e-09,0.0,14,90,True,6.732239169495261,5.566214156260685e-12,-5.537103051622694e-07,True,,1647464,42,True
val,808,RELD_MTL,permutation_2,10.0852909088,10.085290908813477,10.085291488304179,True,,0,0,0.0,0.0,14,90,True,10.085291488304179,1.34772193405297e-11,5.794907025347129e-07,True,,1647464,45,True
val,822,RELD_MTL,permutation_2,14.0152854919,14.01528549194336,14.015285162027265,True,,0,0,0.0,0.0,18,91,True,14.015285162027265,4.3359094092920714e-11,-3.2991609444366077e-07,True,,1647464,42,True
val,829,RELD_MTL,permutation_2,8.9113960266,8.911396026611328,8.911395354906418,True,,0,0,0.0,0.0,16,92,True,8.911395354906418,1.1327827564855397e-11,-6.717049103599493e-07,True,,1647464,35,True
val,873,RELD_MTL,permutation_2,15.2127170563,15.212717056274414,15.212717534180818,True,,0,0,0.0,0.0,20,94,True,15.212717534180818,-2.5586643914721208e-11,4.779064042281789e-07,True,,1647464,27,True
val,868,RELD_MTL,permutation_2,10.8386650085,10.838665008544922,10.838664729836834,True,,0,0,0.0,0.0,16,94,True,10.838664729836834,4.4922288111592934e-11,-2.787080877197923e-07,True,,1647464,28,True
val,904,RELD_MTL,permutation_2,11.6141738892,11.614173889160156,11.61417384113043,True,,0,0,7.450580596923828e-09,0.0,14,95,True,11.61417384113043,-3.984368390774762e-11,-4.802972597417465e-08,True,,1647464,17,True
val,886,RELD_MTL,permutation_2,17.7629089355,17.762908935546875,17.7629100016125,True,,0,0,0.0,0.0,17,95,True,17.7629100016125,4.687450427809381e-11,1.0660656251104683e-06,True,,1647464,88,True
val,918,RELD_MTL,permutation_2,16.1279640198,16.12796401977539,16.127964214099944,True,,0,0,0.0,0.0,19,96,True,16.127964214099944,-2.460964765305107e-11,1.9432455289347672e-07,True,,1647464,20,True
val,950,RELD_MTL,permutation_2,15.1476383209,15.147638320922852,15.147637519447224,True,,0,0,0.0,0.0,19,98,True,15.147637519447224,2.2851054382044822e-11,-8.014756271990109e-07,True,,1647464,23,True
val,969,RELD_MTL,permutation_2,10.7874164581,10.787416458129883,10.787417183399711,True,,0,0,0.0,0.0,14,99,True,10.787417183399711,2.9883651109230414e-11,7.252698281945413e-07,True,,1647464,17,True
val,978,RELD_MTL,permutation_2,12.2508029938,12.250802993774414,12.250802892190833,True,,0,0,0.0,0.0,20,99,True,12.250802892190833,-2.5586643914721208e-11,-1.0158358065837092e-07,True,,1647464,13,True
val,8,RELD_MTL,permutation_3,5.6199007034,5.619900703430176,5.6199009207041675,True,,0,0,0.0,0.0,8,50,True,5.6199009207041675,3.0175861809311755e-11,2.1727399168725015e-07,True,,1672050,6,True
val,36,RELD_MTL,permutation_3,8.4544992447,8.454499244689941,8.45449940891293,True,,0,0,0.0,0.0,15,51,True,8.45449940891293,-1.0057732424684218e-11,1.6422298898532972e-07,True,,1672050,24,True
val,28,RELD_MTL,permutation_3,10.2217769623,10.221776962280273,10.221776525382257,True,,0,0,0.0,0.0,12,51,True,10.221776525382257,-1.972644270153978e-11,-4.368980164315417e-07,True,,1672050,0,True
val,29,RELD_MTL,permutation_3,6.4018993378,6.401899337768555,6.401899534961594,True,,0,0,0.0,0.0,10,51,True,6.401899534961594,-3.1445068771063234e-11,1.9719303967491442e-07,True,,1672050,49,True
val,55,RELD_MTL,permutation_3,6.1964321136,6.196432113647461,6.196432135149669,True,,0,0,1.862645149230957e-08,0.0,9,52,True,6.196432135149669,4.746070203509589e-11,2.150220801411251e-08,True,,1672050,26,True
val,48,RELD_MTL,permutation_3,8.3105640411,8.310564041137695,8.310564651939927,True,,0,0,0.0,0.0,9,52,True,8.310564651939927,3.7696068488912715e-11,6.108022319040174e-07,True,,1672050,45,True
val,77,RELD_MTL,permutation_3,10.6229953766,10.622995376586914,10.622995520859734,True,,0,0,0.0,0.0,12,53,True,10.622995520859734,-1.3086420835861645e-11,1.44272819468938e-07,True,,1672050,27,True
val,79,RELD_MTL,permutation_3,4.9019212723,4.901921272277832,4.901921007170167,True,,0,0,0.0,0.0,9,53,True,4.901921007170167,-2.2168045177295426e-11,-2.6510766470977387e-07,True,,1672050,26,True
val,103,RELD_MTL,permutation_3,8.2121944427,8.212194442749023,8.21219411065684,True,,0,0,0.0,0.0,10,55,True,8.21219411065684,4.902389605376811e-11,-3.320921830862744e-07,True,,1672050,53,True
val,128,RELD_MTL,permutation_3,8.4210891724,8.421089172363281,8.421089343058172,True,,0,0,0.0,0.0,12,56,True,8.421089343058172,-3.671907222724258e-11,1.706948911106565e-07,True,,1672050,55,True
val,125,RELD_MTL,permutation_3,6.7069072723,6.706907272338867,6.706907227213219,True,,0,0,0.0,0.0,9,56,True,6.706907227213219,3.886757582449718e-11,-4.5125648107102734e-08,True,,1672050,48,True
val,139,RELD_MTL,permutation_3,6.8479866982,6.847986698150635,6.847987117010328,True,,0,0,0.0,0.0,10,56,True,6.847987117010328,-4.936495656693296e-11,4.1885969359611863e-07,True,,1672050,52,True
val,127,RELD_MTL,permutation_3,9.2370662689,9.237066268920898,9.237066609509911,True,,0,0,0.0,0.0,12,56,True,9.237066609509911,2.0898838215543947e-11,3.4058901299260924e-07,True,,1672050,51,True
val,163,RELD_MTL,permutation_3,12.2158966064,12.215896606445312,12.215896909473537,True,,0,0,0.0,0.0,12,58,True,12.215896909473537,4.531308661626099e-11,3.030282247351579e-07,True,,1672050,9,True
val,185,RELD_MTL,permutation_3,9.983505249,9.983505249023438,9.983505083820209,True,,0,0,0.0,0.0,11,59,True,9.983505083820209,2.3437252139046905e-11,-1.652032288745886e-07,True,,1672050,46,True
val,182,RELD_MTL,permutation_3,8.4313793182,8.431379318237305,8.43137912669031,True,,0,0,0.0,0.0,14,59,True,8.43137912669031,3.730526998424466e-11,-1.9154699515411266e-07,True,,1672050,0,True
val,205,RELD_MTL,permutation_3,7.8286743164,7.82867431640625,7.828673904813465,True,,0,0,0.0,0.0,9,60,True,7.828673904813465,6.250111539429781e-12,-4.115927847436751e-07,True,,1672050,25,True
val,260,RELD_MTL,permutation_3,7.0459632874,7.045963287353516,7.045963654634839,True,,0,0,7.450580596923828e-09,0.0,10,63,True,7.045963654634839,-4.6484593951845454e-11,3.6728132357666254e-07,True,,1672050,41,True
val,262,RELD_MTL,permutation_3,10.0090608597,10.009060859680176,10.009060612762038,True,,0,0,2.2351741790771484e-08,0.0,11,63,True,10.009060612762038,-1.9824142327706795e-11,-2.4691813749200264e-07,True,,1672050,4,True
val,282,RELD_MTL,permutation_3,10.2582702637,10.258270263671875,10.258271039574435,True,,0,0,0.0,0.0,15,64,True,10.258271039574435,-2.8125057838224166e-11,7.759025599796132e-07,True,,1672050,38,True
val,291,RELD_MTL,permutation_3,8.8840389252,8.884038925170898,8.884039081447247,True,,0,0,0.0,0.0,14,64,True,8.884039081447247,-2.9102054099894303e-11,1.562763483065055e-07,True,,1672050,14,True
val,331,RELD_MTL,permutation_3,9.8781633377,9.87816333770752,9.878163748253732,True,,0,0,0.0,0.0,15,66,True,9.878163748253732,7.51931850118126e-12,4.1054621213731934e-07,True,,1672050,4,True
val,342,RELD_MTL,permutation_3,10.2712287903,10.271228790283203,10.271228790796597,True,,0,0,0.0,0.0,16,67,True,10.271228790796597,-1.679723027336877e-11,5.133937719392634e-10,True,,1672050,0,True
val,340,RELD_MTL,permutation_3,5.7100553513,5.710055351257324,5.7100554740267215,True,,0,0,7.450580596923828e-09,0.0,11,67,True,5.7100554740267215,-4.267608488817132e-11,1.2276939731492575e-07,True,,1672050,55,True
val,352,RELD_MTL,permutation_3,6.7632646561,6.7632646560668945,6.763264500359543,True,,0,0,7.450580596923828e-09,0.0,10,67,True,6.763264500359543,-3.310507423748277e-11,-1.5570735190095775e-07,True,,1672050,2,True
val,363,RELD_MTL,permutation_3,8.4634160995,8.46341609954834,8.463416060597417,True,,0,0,0.0,0.0,14,68,True,8.463416060597417,4.8339998670599016e-11,-3.895092248740184e-08,True,,1672050,55,True
val,374,RELD_MTL,permutation_3,10.7507247925,10.750724792480469,10.750725432617566,True,,0,0,0.0,0.0,15,68,True,10.750725432617566,-1.9531043449205754e-11,6.401370971076403e-07,True,,1672050,27,True
val,369,RELD_MTL,permutation_3,8.7449941635,8.744994163513184,8.744993461465523,True,,0,0,0.0,0.0,14,68,True,8.744993461465523,1.3184120462028659e-11,-7.020476608943227e-07,True,,1672050,63,True
val,390,RELD_MTL,permutation_3,6.3607597351,6.360759735107422,6.360759572270617,True,,0,0,0.0,0.0,11,69,True,6.360759572270617,7.421618875014246e-12,-1.6283680448481164e-07,True,,1672050,0,True
val,410,RELD_MTL,permutation_3,11.5467395782,11.54673957824707,11.546740033974915,True,,0,0,7.450580596923828e-09,0.0,12,70,True,11.546740033974915,4.706990353042784e-11,4.5572784479475104e-07,True,,1672050,20,True
val,401,RELD_MTL,permutation_3,9.3658246994,9.365824699401855,9.365824413994005,True,,0,0,1.4901161193847656e-08,0.0,14,70,True,9.365824413994005,1.8562928971732617e-12,-2.854078502423363e-07,True,,1672050,62,True
val,447,RELD_MTL,permutation_3,9.0487508774,9.048750877380371,9.048750677242852,True,,0,0,0.0,0.0,15,72,True,9.048750677242852,-1.9628743075372768e-11,-2.0013751900194166e-07,True,,1672050,5,True
val,456,RELD_MTL,permutation_3,9.6795148849,9.67951488494873,9.67951502047496,True,,0,0,0.0,0.0,11,72,True,9.67951502047496,4.873079717526707e-11,1.3552623023826982e-07,True,,1672050,45,True
val,515,RELD_MTL,permutation_3,11.1986446381,11.198644638061523,11.198645071179241,True,,0,0,0.0,0.0,13,75,True,11.198645071179241,-3.8475889141409425e-11,4.3311771769083407e-07,True,,1672050,61,True
val,528,RELD_MTL,permutation_3,9.8750362396,9.875036239624023,9.875036376301303,True,,0,0,0.0,0.0,14,76,True,9.875036376301303,2.4023449896048987e-11,1.366772792721349e-07,True,,1672050,73,True
val,544,RELD_MTL,permutation_3,14.6230487823,14.623048782348633,14.623049461192958,True,,0,0,0.0,0.0,17,77,True,14.623049461192958,4.863309754910006e-11,6.788443247529585e-07,True,,1672050,50,True
val,576,RELD_MTL,permutation_3,11.9450855255,11.945085525512695,11.945086286610469,True,,0,0,0.0,0.0,16,78,True,11.945086286610469,1.269562233119359e-11,7.610977732497304e-07,True,,1672050,54,True
val,575,RELD_MTL,permutation_3,8.3528337479,8.35283374786377,8.352833560781036,True,,0,0,1.30385160446167e-08,0.0,12,78,True,8.352833560781036,-3.623057409640751e-11,-1.870827333050329e-07,True,,1672050,77,True
val,563,RELD_MTL,permutation_3,9.8325357437,9.832535743713379,9.832535793724398,True,,0,0,0.0,0.0,14,78,True,9.832535793724398,1.3379519714362686e-11,5.001101932577967e-08,True,,1672050,33,True
val,583,RELD_MTL,permutation_3,8.1201667786,8.120166778564453,8.120166559410494,True,,0,0,0.0,0.0,11,79,True,8.120166559410494,-3.554667671323841e-11,-2.1915395898020051e-07,True,,1672050,20,True
val,588,RELD_MTL,permutation_3,6.1223974228,6.122397422790527,6.122397515715462,True,,0,0,0.0,0.0,12,79,True,6.122397515715462,-9.472422846101836e-12,9.292493441392935e-08,True,,1672050,65,True
val,648,RELD_MTL,permutation_3,10.0692710876,10.069271087646484,10.069271991957544,True,,0,0,0.0,0.0,12,82,True,10.069271991957544,4.6483705773425754e-11,9.043110598128123e-07,True,,1672050,13,True
val,673,RELD_MTL,permutation_3,11.5505027771,11.55050277709961,11.550503755779816,True,,0,0,0.0,0.0,16,83,True,11.550503755779816,-3.907985046680551e-13,9.786802070976819e-07,True,,1672050,18,True
val,688,RELD_MTL,permutation_3,11.4719257355,11.471925735473633,11.471925112476459,True,,0,0,0.0,0.0,15,84,True,11.471925112476459,-2.6366464567217918e-11,-6.229971738491713e-07,True,,1672050,24,True
val,695,RELD_MTL,permutation_3,8.4470825195,8.44708251953125,8.447082549280909,True,,0,0,0.0,0.0,13,84,True,8.447082549280909,3.1249669518729206e-11,2.9749658736477613e-08,True,,1672050,74,True
val,710,RELD_MTL,permutation_3,12.0707454681,12.070745468139648,12.070745134345788,True,,0,0,0.0,0.0,14,85,True,12.070745134345788,3.964828465541359e-11,-3.3379386010778944e-07,True,,1672050,8,True
val,769,RELD_MTL,permutation_3,8.9757585526,8.97575855255127,8.975759088859775,True,,0,0,2.0489096641540527e-08,0.0,12,88,True,8.975759088859775,-4.873079717526707e-11,5.36308505161287e-07,True,,1672050,66,True
val,759,RELD_MTL,permutation_3,11.0732498169,11.073249816894531,11.073250467394258,True,,0,0,0.0,0.0,14,88,True,11.073250467394258,-5.469402708513371e-12,6.504997269729529e-07,True,,1672050,85,True
val,757,RELD_MTL,permutation_3,7.3527002335,7.352700233459473,7.352699855429071,True,,0,0,1.862645149230957e-09,0.0,13,88,True,7.352699855429071,-4.0527581290916714e-11,-3.7803040164874346e-07,True,,1672050,22,True
val,764,RELD_MTL,permutation_3,11.5996284485,11.599628448486328,11.599628897440322,True,,0,0,7.450580596923828e-09,0.0,16,88,True,11.599628897440322,-1.3672618592863728e-11,4.489539939811493e-07,True,,1672050,7,True
val,789,RELD_MTL,permutation_3,11.1339817047,11.133981704711914,11.13398135511883,True,,0,0,0.0,0.0,15,89,True,11.13398135511883,1.191402532185748e-11,-3.4959308337079165e-07,True,,1672050,69,True
val,803,RELD_MTL,permutation_3,10.4298458099,10.429845809936523,10.429845768192411,True,,0,0,0.0,0.0,14,90,True,10.429845768192411,3.652367297490855e-11,-4.174411216695262e-08,True,,1672050,67,True
val,801,RELD_MTL,permutation_3,6.7322397232,6.732239723205566,6.732239169495261,True,,0,0,9.313225746154785e-09,0.0,14,90,True,6.732239169495261,5.566214156260685e-12,-5.537103051622694e-07,True,,1672050,82,True
val,808,RELD_MTL,permutation_3,10.0852909088,10.085290908813477,10.085291488304179,True,,0,0,0.0,0.0,14,90,True,10.085291488304179,1.34772193405297e-11,5.794907025347129e-07,True,,1672050,79,True
val,822,RELD_MTL,permutation_3,14.0152854919,14.01528549194336,14.015285162027265,True,,0,0,0.0,0.0,18,91,True,14.015285162027265,4.3359094092920714e-11,-3.2991609444366077e-07,True,,1672050,31,True
val,829,RELD_MTL,permutation_3,8.9113960266,8.911396026611328,8.911395354906418,True,,0,0,0.0,0.0,16,92,True,8.911395354906418,1.1327827564855397e-11,-6.717049103599493e-07,True,,1672050,27,True
val,873,RELD_MTL,permutation_3,15.2127170563,15.212717056274414,15.212717534180818,True,,0,0,0.0,0.0,20,94,True,15.212717534180818,-2.5586643914721208e-11,4.779064042281789e-07,True,,1672050,85,True
val,868,RELD_MTL,permutation_3,10.8386650085,10.838665008544922,10.838664729836834,True,,0,0,0.0,0.0,16,94,True,10.838664729836834,4.4922288111592934e-11,-2.787080877197923e-07,True,,1672050,22,True
val,904,RELD_MTL,permutation_3,11.6141738892,11.614173889160156,11.61417384113043,True,,0,0,7.450580596923828e-09,0.0,14,95,True,11.61417384113043,-3.984368390774762e-11,-4.802972597417465e-08,True,,1672050,1,True
val,886,RELD_MTL,permutation_3,17.7629089355,17.762908935546875,17.7629100016125,True,,0,0,0.0,0.0,17,95,True,17.7629100016125,4.687450427809381e-11,1.0660656251104683e-06,True,,1672050,91,True
val,918,RELD_MTL,permutation_3,16.1279640198,16.12796401977539,16.127964214099944,True,,0,0,0.0,0.0,19,96,True,16.127964214099944,-2.460964765305107e-11,1.9432455289347672e-07,True,,1672050,40,True
val,950,RELD_MTL,permutation_3,15.1476383209,15.147638320922852,15.147637519447224,True,,0,0,0.0,0.0,19,98,True,15.147637519447224,2.2851054382044822e-11,-8.014756271990109e-07,True,,1672050,45,True
val,969,RELD_MTL,permutation_3,10.7874164581,10.787416458129883,10.787417183399711,True,,0,0,0.0,0.0,14,99,True,10.787417183399711,2.9883651109230414e-11,7.252698281945413e-07,True,,1672050,48,True
val,978,RELD_MTL,permutation_3,12.2508029938,12.250802993774414,12.250802892190833,True,,0,0,0.0,0.0,20,99,True,12.250802892190833,-2.5586643914721208e-11,-1.0158358065837092e-07,True,,1672050,41,True
