================================================================
2026-04-02 10:54:34
[pgrep]
3690896 bash -c cd /public/home/zhoucl/shiys && mkdir -p /public/home/zhoucl/shiys/2cmab2/outputs/2026-04-02-10-54-04_nss_neural_linucb_server && PYTHONUNBUFFERED=1 conda run --no-capture-output -n easynco_zhoucl python 2cmab2/run_offline.py --data-source nss --method neural_linucb --epochs 1 --eval-every-steps 1000 --eval-log-every 500 --checkpoint-every 0 --checkpoint-every-steps 1000 --disable-progress --no-quiet --output-dir /public/home/zhoucl/shiys/2cmab2/outputs/2026-04-02-10-54-04_nss_neural_linucb_server > /public/home/zhoucl/shiys/2cmab2/outputs/2026-04-02-10-54-04_nss_neural_linucb_server/console.log 2>&1
3690900 /public/home/zhoucl/anaconda3/bin/python /public/home/zhoucl/anaconda3/bin/conda run --no-capture-output -n easynco_zhoucl python 2cmab2/run_offline.py --data-source nss --method neural_linucb --epochs 1 --eval-every-steps 1000 --eval-log-every 500 --checkpoint-every 0 --checkpoint-every-steps 1000 --disable-progress --no-quiet --output-dir /public/home/zhoucl/shiys/2cmab2/outputs/2026-04-02-10-54-04_nss_neural_linucb_server
3691145 bash -c cd /public/home/zhoucl/shiys && while true; do echo '================================================================' >> /public/home/zhoucl/shiys/2cmab2/outputs/2026-04-02-10-54-04_nss_neural_linucb_server/monitor.log; date '+%F %T' >> /public/home/zhoucl/shiys/2cmab2/outputs/2026-04-02-10-54-04_nss_neural_linucb_server/monitor.log; echo '[pgrep]' >> /public/home/zhoucl/shiys/2cmab2/outputs/2026-04-02-10-54-04_nss_neural_linucb_server/monitor.log; pgrep -af '2026-04-02-10-54-04_nss_neural_linucb_server' >> /public/home/zhoucl/shiys/2cmab2/outputs/2026-04-02-10-54-04_nss_neural_linucb_server/monitor.log 2>&1 || true; echo '[gpu]' >> /public/home/zhoucl/shiys/2cmab2/outputs/2026-04-02-10-54-04_nss_neural_linucb_server/monitor.log; nvidia-smi --query-gpu=index,name,memory.used,memory.total,utilization.gpu --format=csv,noheader,nounits >> /public/home/zhoucl/shiys/2cmab2/outputs/2026-04-02-10-54-04_nss_neural_linucb_server/monitor.log 2>&1 || true; echo '[console tail]' >> /public/home/zhoucl/shiys/2cmab2/outputs/2026-04-02-10-54-04_nss_neural_linucb_server/monitor.log; tail -n 20 /public/home/zhoucl/shiys/2cmab2/outputs/2026-04-02-10-54-04_nss_neural_linucb_server/console.log >> /public/home/zhoucl/shiys/2cmab2/outputs/2026-04-02-10-54-04_nss_neural_linucb_server/monitor.log 2>&1 || true; echo '[detail tail]' >> /public/home/zhoucl/shiys/2cmab2/outputs/2026-04-02-10-54-04_nss_neural_linucb_server/monitor.log; tail -n 20 /public/home/zhoucl/shiys/2cmab2/outputs/2026-04-02-10-54-04_nss_neural_linucb_server/neural_linucb.log >> /public/home/zhoucl/shiys/2cmab2/outputs/2026-04-02-10-54-04_nss_neural_linucb_server/monitor.log 2>&1 || true; echo '[periodic val tail]' >> /public/home/zhoucl/shiys/2cmab2/outputs/2026-04-02-10-54-04_nss_neural_linucb_server/monitor.log; tail -n 5 /public/home/zhoucl/shiys/2cmab2/outputs/2026-04-02-10-54-04_nss_neural_linucb_server/periodic_val.jsonl >> /public/home/zhoucl/shiys/2cmab2/outputs/2026-04-02-10-54-04_nss_neural_linucb_server/monitor.log 2>&1 || true; if [ -f /public/home/zhoucl/shiys/2cmab2/outputs/2026-04-02-10-54-04_nss_neural_linucb_server/summary.json ]; then echo '[done] summary.json detected' >> /public/home/zhoucl/shiys/2cmab2/outputs/2026-04-02-10-54-04_nss_neural_linucb_server/monitor.log; break; fi; sleep 60; done
[gpu]
0, NVIDIA GeForce RTX 3090, 6776, 24576, 21
[console tail]
[detail tail]
tail: cannot open '/public/home/zhoucl/shiys/2cmab2/outputs/2026-04-02-10-54-04_nss_neural_linucb_server/neural_linucb.log' for reading: No such file or directory
[periodic val tail]
tail: cannot open '/public/home/zhoucl/shiys/2cmab2/outputs/2026-04-02-10-54-04_nss_neural_linucb_server/periodic_val.jsonl' for reading: No such file or directory
================================================================
2026-04-02 10:55:35
[pgrep]
3690896 bash -c cd /public/home/zhoucl/shiys && mkdir -p /public/home/zhoucl/shiys/2cmab2/outputs/2026-04-02-10-54-04_nss_neural_linucb_server && PYTHONUNBUFFERED=1 conda run --no-capture-output -n easynco_zhoucl python 2cmab2/run_offline.py --data-source nss --method neural_linucb --epochs 1 --eval-every-steps 1000 --eval-log-every 500 --checkpoint-every 0 --checkpoint-every-steps 1000 --disable-progress --no-quiet --output-dir /public/home/zhoucl/shiys/2cmab2/outputs/2026-04-02-10-54-04_nss_neural_linucb_server > /public/home/zhoucl/shiys/2cmab2/outputs/2026-04-02-10-54-04_nss_neural_linucb_server/console.log 2>&1
3690900 /public/home/zhoucl/anaconda3/bin/python /public/home/zhoucl/anaconda3/bin/conda run --no-capture-output -n easynco_zhoucl python 2cmab2/run_offline.py --data-source nss --method neural_linucb --epochs 1 --eval-every-steps 1000 --eval-log-every 500 --checkpoint-every 0 --checkpoint-every-steps 1000 --disable-progress --no-quiet --output-dir /public/home/zhoucl/shiys/2cmab2/outputs/2026-04-02-10-54-04_nss_neural_linucb_server
3691145 bash -c cd /public/home/zhoucl/shiys && while true; do echo '================================================================' >> /public/home/zhoucl/shiys/2cmab2/outputs/2026-04-02-10-54-04_nss_neural_linucb_server/monitor.log; date '+%F %T' >> /public/home/zhoucl/shiys/2cmab2/outputs/2026-04-02-10-54-04_nss_neural_linucb_server/monitor.log; echo '[pgrep]' >> /public/home/zhoucl/shiys/2cmab2/outputs/2026-04-02-10-54-04_nss_neural_linucb_server/monitor.log; pgrep -af '2026-04-02-10-54-04_nss_neural_linucb_server' >> /public/home/zhoucl/shiys/2cmab2/outputs/2026-04-02-10-54-04_nss_neural_linucb_server/monitor.log 2>&1 || true; echo '[gpu]' >> /public/home/zhoucl/shiys/2cmab2/outputs/2026-04-02-10-54-04_nss_neural_linucb_server/monitor.log; nvidia-smi --query-gpu=index,name,memory.used,memory.total,utilization.gpu --format=csv,noheader,nounits >> /public/home/zhoucl/shiys/2cmab2/outputs/2026-04-02-10-54-04_nss_neural_linucb_server/monitor.log 2>&1 || true; echo '[console tail]' >> /public/home/zhoucl/shiys/2cmab2/outputs/2026-04-02-10-54-04_nss_neural_linucb_server/monitor.log; tail -n 20 /public/home/zhoucl/shiys/2cmab2/outputs/2026-04-02-10-54-04_nss_neural_linucb_server/console.log >> /public/home/zhoucl/shiys/2cmab2/outputs/2026-04-02-10-54-04_nss_neural_linucb_server/monitor.log 2>&1 || true; echo '[detail tail]' >> /public/home/zhoucl/shiys/2cmab2/outputs/2026-04-02-10-54-04_nss_neural_linucb_server/monitor.log; tail -n 20 /public/home/zhoucl/shiys/2cmab2/outputs/2026-04-02-10-54-04_nss_neural_linucb_server/neural_linucb.log >> /public/home/zhoucl/shiys/2cmab2/outputs/2026-04-02-10-54-04_nss_neural_linucb_server/monitor.log 2>&1 || true; echo '[periodic val tail]' >> /public/home/zhoucl/shiys/2cmab2/outputs/2026-04-02-10-54-04_nss_neural_linucb_server/monitor.log; tail -n 5 /public/home/zhoucl/shiys/2cmab2/outputs/2026-04-02-10-54-04_nss_neural_linucb_server/periodic_val.jsonl >> /public/home/zhoucl/shiys/2cmab2/outputs/2026-04-02-10-54-04_nss_neural_linucb_server/monitor.log 2>&1 || true; if [ -f /public/home/zhoucl/shiys/2cmab2/outputs/2026-04-02-10-54-04_nss_neural_linucb_server/summary.json ]; then echo '[done] summary.json detected' >> /public/home/zhoucl/shiys/2cmab2/outputs/2026-04-02-10-54-04_nss_neural_linucb_server/monitor.log; break; fi; sleep 60; done
3691244 python 2cmab2/run_offline.py --data-source nss --method neural_linucb --epochs 1 --eval-every-steps 1000 --eval-log-every 500 --checkpoint-every 0 --checkpoint-every-steps 1000 --disable-progress --no-quiet --output-dir /public/home/zhoucl/shiys/2cmab2/outputs/2026-04-02-10-54-04_nss_neural_linucb_server
[gpu]
0, NVIDIA GeForce RTX 3090, 7421, 24576, 70
[console tail]
[10:54:37] 实验开始，输出目录: /public/home/zhoucl/shiys/2cmab2/outputs/2026-04-02-10-54-04_nss_neural_linucb_server
[10:54:37] 开始构建共享数据集 | data_source=nss | arm数=9
[10:54:37] 使用 NSS 数据源: /public/home/zhoucl/shiys/9nss论文/neural-solver-selection/datasets
[10:54:37] 开始构建 NSS train split
[10:54:38] NSS split=train problem=tsp 原始样本数=10000，实际使用=10000
[detail tail]
[periodic val tail]
================================================================
2026-04-02 10:56:35
[pgrep]
3690896 bash -c cd /public/home/zhoucl/shiys && mkdir -p /public/home/zhoucl/shiys/2cmab2/outputs/2026-04-02-10-54-04_nss_neural_linucb_server && PYTHONUNBUFFERED=1 conda run --no-capture-output -n easynco_zhoucl python 2cmab2/run_offline.py --data-source nss --method neural_linucb --epochs 1 --eval-every-steps 1000 --eval-log-every 500 --checkpoint-every 0 --checkpoint-every-steps 1000 --disable-progress --no-quiet --output-dir /public/home/zhoucl/shiys/2cmab2/outputs/2026-04-02-10-54-04_nss_neural_linucb_server > /public/home/zhoucl/shiys/2cmab2/outputs/2026-04-02-10-54-04_nss_neural_linucb_server/console.log 2>&1
3690900 /public/home/zhoucl/anaconda3/bin/python /public/home/zhoucl/anaconda3/bin/conda run --no-capture-output -n easynco_zhoucl python 2cmab2/run_offline.py --data-source nss --method neural_linucb --epochs 1 --eval-every-steps 1000 --eval-log-every 500 --checkpoint-every 0 --checkpoint-every-steps 1000 --disable-progress --no-quiet --output-dir /public/home/zhoucl/shiys/2cmab2/outputs/2026-04-02-10-54-04_nss_neural_linucb_server
3691145 bash -c cd /public/home/zhoucl/shiys && while true; do echo '================================================================' >> /public/home/zhoucl/shiys/2cmab2/outputs/2026-04-02-10-54-04_nss_neural_linucb_server/monitor.log; date '+%F %T' >> /public/home/zhoucl/shiys/2cmab2/outputs/2026-04-02-10-54-04_nss_neural_linucb_server/monitor.log; echo '[pgrep]' >> /public/home/zhoucl/shiys/2cmab2/outputs/2026-04-02-10-54-04_nss_neural_linucb_server/monitor.log; pgrep -af '2026-04-02-10-54-04_nss_neural_linucb_server' >> /public/home/zhoucl/shiys/2cmab2/outputs/2026-04-02-10-54-04_nss_neural_linucb_server/monitor.log 2>&1 || true; echo '[gpu]' >> /public/home/zhoucl/shiys/2cmab2/outputs/2026-04-02-10-54-04_nss_neural_linucb_server/monitor.log; nvidia-smi --query-gpu=index,name,memory.used,memory.total,utilization.gpu --format=csv,noheader,nounits >> /public/home/zhoucl/shiys/2cmab2/outputs/2026-04-02-10-54-04_nss_neural_linucb_server/monitor.log 2>&1 || true; echo '[console tail]' >> /public/home/zhoucl/shiys/2cmab2/outputs/2026-04-02-10-54-04_nss_neural_linucb_server/monitor.log; tail -n 20 /public/home/zhoucl/shiys/2cmab2/outputs/2026-04-02-10-54-04_nss_neural_linucb_server/console.log >> /public/home/zhoucl/shiys/2cmab2/outputs/2026-04-02-10-54-04_nss_neural_linucb_server/monitor.log 2>&1 || true; echo '[detail tail]' >> /public/home/zhoucl/shiys/2cmab2/outputs/2026-04-02-10-54-04_nss_neural_linucb_server/monitor.log; tail -n 20 /public/home/zhoucl/shiys/2cmab2/outputs/2026-04-02-10-54-04_nss_neural_linucb_server/neural_linucb.log >> /public/home/zhoucl/shiys/2cmab2/outputs/2026-04-02-10-54-04_nss_neural_linucb_server/monitor.log 2>&1 || true; echo '[periodic val tail]' >> /public/home/zhoucl/shiys/2cmab2/outputs/2026-04-02-10-54-04_nss_neural_linucb_server/monitor.log; tail -n 5 /public/home/zhoucl/shiys/2cmab2/outputs/2026-04-02-10-54-04_nss_neural_linucb_server/periodic_val.jsonl >> /public/home/zhoucl/shiys/2cmab2/outputs/2026-04-02-10-54-04_nss_neural_linucb_server/monitor.log 2>&1 || true; if [ -f /public/home/zhoucl/shiys/2cmab2/outputs/2026-04-02-10-54-04_nss_neural_linucb_server/summary.json ]; then echo '[done] summary.json detected' >> /public/home/zhoucl/shiys/2cmab2/outputs/2026-04-02-10-54-04_nss_neural_linucb_server/monitor.log; break; fi; sleep 60; done
3691244 python 2cmab2/run_offline.py --data-source nss --method neural_linucb --epochs 1 --eval-every-steps 1000 --eval-log-every 500 --checkpoint-every 0 --checkpoint-every-steps 1000 --disable-progress --no-quiet --output-dir /public/home/zhoucl/shiys/2cmab2/outputs/2026-04-02-10-54-04_nss_neural_linucb_server
[gpu]
0, NVIDIA GeForce RTX 3090, 7613, 24576, 51
[console tail]
[10:54:37] 实验开始，输出目录: /public/home/zhoucl/shiys/2cmab2/outputs/2026-04-02-10-54-04_nss_neural_linucb_server
[10:54:37] 开始构建共享数据集 | data_source=nss | arm数=9
[10:54:37] 使用 NSS 数据源: /public/home/zhoucl/shiys/9nss论文/neural-solver-selection/datasets
[10:54:37] 开始构建 NSS train split
[10:54:38] NSS split=train problem=tsp 原始样本数=10000，实际使用=10000
[10:55:47] NSS split=train problem=cvrp 原始样本数=10000，实际使用=10000
[detail tail]
[periodic val tail]
================================================================
2026-04-02 10:57:35
[pgrep]
3690896 bash -c cd /public/home/zhoucl/shiys && mkdir -p /public/home/zhoucl/shiys/2cmab2/outputs/2026-04-02-10-54-04_nss_neural_linucb_server && PYTHONUNBUFFERED=1 conda run --no-capture-output -n easynco_zhoucl python 2cmab2/run_offline.py --data-source nss --method neural_linucb --epochs 1 --eval-every-steps 1000 --eval-log-every 500 --checkpoint-every 0 --checkpoint-every-steps 1000 --disable-progress --no-quiet --output-dir /public/home/zhoucl/shiys/2cmab2/outputs/2026-04-02-10-54-04_nss_neural_linucb_server > /public/home/zhoucl/shiys/2cmab2/outputs/2026-04-02-10-54-04_nss_neural_linucb_server/console.log 2>&1
3690900 /public/home/zhoucl/anaconda3/bin/python /public/home/zhoucl/anaconda3/bin/conda run --no-capture-output -n easynco_zhoucl python 2cmab2/run_offline.py --data-source nss --method neural_linucb --epochs 1 --eval-every-steps 1000 --eval-log-every 500 --checkpoint-every 0 --checkpoint-every-steps 1000 --disable-progress --no-quiet --output-dir /public/home/zhoucl/shiys/2cmab2/outputs/2026-04-02-10-54-04_nss_neural_linucb_server
3691145 bash -c cd /public/home/zhoucl/shiys && while true; do echo '================================================================' >> /public/home/zhoucl/shiys/2cmab2/outputs/2026-04-02-10-54-04_nss_neural_linucb_server/monitor.log; date '+%F %T' >> /public/home/zhoucl/shiys/2cmab2/outputs/2026-04-02-10-54-04_nss_neural_linucb_server/monitor.log; echo '[pgrep]' >> /public/home/zhoucl/shiys/2cmab2/outputs/2026-04-02-10-54-04_nss_neural_linucb_server/monitor.log; pgrep -af '2026-04-02-10-54-04_nss_neural_linucb_server' >> /public/home/zhoucl/shiys/2cmab2/outputs/2026-04-02-10-54-04_nss_neural_linucb_server/monitor.log 2>&1 || true; echo '[gpu]' >> /public/home/zhoucl/shiys/2cmab2/outputs/2026-04-02-10-54-04_nss_neural_linucb_server/monitor.log; nvidia-smi --query-gpu=index,name,memory.used,memory.total,utilization.gpu --format=csv,noheader,nounits >> /public/home/zhoucl/shiys/2cmab2/outputs/2026-04-02-10-54-04_nss_neural_linucb_server/monitor.log 2>&1 || true; echo '[console tail]' >> /public/home/zhoucl/shiys/2cmab2/outputs/2026-04-02-10-54-04_nss_neural_linucb_server/monitor.log; tail -n 20 /public/home/zhoucl/shiys/2cmab2/outputs/2026-04-02-10-54-04_nss_neural_linucb_server/console.log >> /public/home/zhoucl/shiys/2cmab2/outputs/2026-04-02-10-54-04_nss_neural_linucb_server/monitor.log 2>&1 || true; echo '[detail tail]' >> /public/home/zhoucl/shiys/2cmab2/outputs/2026-04-02-10-54-04_nss_neural_linucb_server/monitor.log; tail -n 20 /public/home/zhoucl/shiys/2cmab2/outputs/2026-04-02-10-54-04_nss_neural_linucb_server/neural_linucb.log >> /public/home/zhoucl/shiys/2cmab2/outputs/2026-04-02-10-54-04_nss_neural_linucb_server/monitor.log 2>&1 || true; echo '[periodic val tail]' >> /public/home/zhoucl/shiys/2cmab2/outputs/2026-04-02-10-54-04_nss_neural_linucb_server/monitor.log; tail -n 5 /public/home/zhoucl/shiys/2cmab2/outputs/2026-04-02-10-54-04_nss_neural_linucb_server/periodic_val.jsonl >> /public/home/zhoucl/shiys/2cmab2/outputs/2026-04-02-10-54-04_nss_neural_linucb_server/monitor.log 2>&1 || true; if [ -f /public/home/zhoucl/shiys/2cmab2/outputs/2026-04-02-10-54-04_nss_neural_linucb_server/summary.json ]; then echo '[done] summary.json detected' >> /public/home/zhoucl/shiys/2cmab2/outputs/2026-04-02-10-54-04_nss_neural_linucb_server/monitor.log; break; fi; sleep 60; done
3691244 python 2cmab2/run_offline.py --data-source nss --method neural_linucb --epochs 1 --eval-every-steps 1000 --eval-log-every 500 --checkpoint-every 0 --checkpoint-every-steps 1000 --disable-progress --no-quiet --output-dir /public/home/zhoucl/shiys/2cmab2/outputs/2026-04-02-10-54-04_nss_neural_linucb_server
[gpu]
0, NVIDIA GeForce RTX 3090, 7613, 24576, 63
[console tail]
[10:54:37] 实验开始，输出目录: /public/home/zhoucl/shiys/2cmab2/outputs/2026-04-02-10-54-04_nss_neural_linucb_server
[10:54:37] 开始构建共享数据集 | data_source=nss | arm数=9
[10:54:37] 使用 NSS 数据源: /public/home/zhoucl/shiys/9nss论文/neural-solver-selection/datasets
[10:54:37] 开始构建 NSS train split
[10:54:38] NSS split=train problem=tsp 原始样本数=10000，实际使用=10000
[10:55:47] NSS split=train problem=cvrp 原始样本数=10000，实际使用=10000
[10:57:03] 开始构建 NSS val split
[10:57:03] NSS split=val problem=tsp 原始样本数=1000，实际使用=1000
[10:57:11] NSS split=val problem=cvrp 原始样本数=1000，实际使用=1000
[10:57:20] 开始构建 NSS test split
[10:57:20] NSS split=test problem=tsp 原始样本数=1000，实际使用=1000
[10:57:27] NSS split=test problem=cvrp 原始样本数=1000，实际使用=1000
[detail tail]
[periodic val tail]
================================================================
2026-04-02 10:58:35
[pgrep]
3691145 bash -c cd /public/home/zhoucl/shiys && while true; do echo '================================================================' >> /public/home/zhoucl/shiys/2cmab2/outputs/2026-04-02-10-54-04_nss_neural_linucb_server/monitor.log; date '+%F %T' >> /public/home/zhoucl/shiys/2cmab2/outputs/2026-04-02-10-54-04_nss_neural_linucb_server/monitor.log; echo '[pgrep]' >> /public/home/zhoucl/shiys/2cmab2/outputs/2026-04-02-10-54-04_nss_neural_linucb_server/monitor.log; pgrep -af '2026-04-02-10-54-04_nss_neural_linucb_server' >> /public/home/zhoucl/shiys/2cmab2/outputs/2026-04-02-10-54-04_nss_neural_linucb_server/monitor.log 2>&1 || true; echo '[gpu]' >> /public/home/zhoucl/shiys/2cmab2/outputs/2026-04-02-10-54-04_nss_neural_linucb_server/monitor.log; nvidia-smi --query-gpu=index,name,memory.used,memory.total,utilization.gpu --format=csv,noheader,nounits >> /public/home/zhoucl/shiys/2cmab2/outputs/2026-04-02-10-54-04_nss_neural_linucb_server/monitor.log 2>&1 || true; echo '[console tail]' >> /public/home/zhoucl/shiys/2cmab2/outputs/2026-04-02-10-54-04_nss_neural_linucb_server/monitor.log; tail -n 20 /public/home/zhoucl/shiys/2cmab2/outputs/2026-04-02-10-54-04_nss_neural_linucb_server/console.log >> /public/home/zhoucl/shiys/2cmab2/outputs/2026-04-02-10-54-04_nss_neural_linucb_server/monitor.log 2>&1 || true; echo '[detail tail]' >> /public/home/zhoucl/shiys/2cmab2/outputs/2026-04-02-10-54-04_nss_neural_linucb_server/monitor.log; tail -n 20 /public/home/zhoucl/shiys/2cmab2/outputs/2026-04-02-10-54-04_nss_neural_linucb_server/neural_linucb.log >> /public/home/zhoucl/shiys/2cmab2/outputs/2026-04-02-10-54-04_nss_neural_linucb_server/monitor.log 2>&1 || true; echo '[periodic val tail]' >> /public/home/zhoucl/shiys/2cmab2/outputs/2026-04-02-10-54-04_nss_neural_linucb_server/monitor.log; tail -n 5 /public/home/zhoucl/shiys/2cmab2/outputs/2026-04-02-10-54-04_nss_neural_linucb_server/periodic_val.jsonl >> /public/home/zhoucl/shiys/2cmab2/outputs/2026-04-02-10-54-04_nss_neural_linucb_server/monitor.log 2>&1 || true; if [ -f /public/home/zhoucl/shiys/2cmab2/outputs/2026-04-02-10-54-04_nss_neural_linucb_server/summary.json ]; then echo '[done] summary.json detected' >> /public/home/zhoucl/shiys/2cmab2/outputs/2026-04-02-10-54-04_nss_neural_linucb_server/monitor.log; break; fi; sleep 60; done
[gpu]
0, NVIDIA GeForce RTX 3090, 7613, 24576, 69
[console tail]
  File "/public/home/zhoucl/shiys/2cmab2/encoders.py", line 436, in encode_samples
    encoded = self.graph_encoder.encode_problem(batch_nodes, problem=problem, mask=mask)
  File "/public/home/zhoucl/shiys/2cmab2/encoders.py", line 373, in encode_problem
    graph_emb = self.cvrp_encoder(batch_nodes[:, :, :3], mask)
  File "/public/home/zhoucl/anaconda3/envs/easynco_zhoucl/lib/python3.8/site-packages/torch/nn/modules/module.py", line 1501, in _call_impl
    return forward_call(*args, **kwargs)
  File "/public/home/zhoucl/shiys/2cmab2/encoders.py", line 114, in forward
    _graph_emb, out, mask = block(out, mask, i)
  File "/public/home/zhoucl/anaconda3/envs/easynco_zhoucl/lib/python3.8/site-packages/torch/nn/modules/module.py", line 1501, in _call_impl
    return forward_call(*args, **kwargs)
  File "/public/home/zhoucl/shiys/2cmab2/encoders.py", line 174, in forward
    score_embs = self.layer_score(embs, mask)
  File "/public/home/zhoucl/anaconda3/envs/easynco_zhoucl/lib/python3.8/site-packages/torch/nn/modules/module.py", line 1501, in _call_impl
    return forward_call(*args, **kwargs)
  File "/public/home/zhoucl/shiys/2cmab2/encoders.py", line 217, in forward
    out_concat = multi_head_attention(q, k, v, rank2_ninf_mask=mask)
  File "/public/home/zhoucl/shiys/2cmab2/encoders.py", line 251, in multi_head_attention
    assert not score_scaled.isinf().all(dim=-1).any(), "All the valid nodes are filtered! Check the pooling operation."
torch.cuda.OutOfMemoryError: CUDA out of memory. Tried to allocate 870.00 MiB (GPU 0; 23.59 GiB total capacity; 14.46 GiB already allocated; 528.50 MiB free; 15.32 GiB reserved in total by PyTorch) If reserved memory is >> allocated memory try setting max_split_size_mb to avoid fragmentation.  See documentation for Memory Management and PYTORCH_CUDA_ALLOC_CONF
ERROR conda.cli.main_run:execute(47): `conda run python 2cmab2/run_offline.py --data-source nss --method neural_linucb --epochs 1 --eval-every-steps 1000 --eval-log-every 500 --checkpoint-every 0 --checkpoint-every-steps 1000 --disable-progress --no-quiet --output-dir /public/home/zhoucl/shiys/2cmab2/outputs/2026-04-02-10-54-04_nss_neural_linucb_server` failed. (See above for error)
[detail tail]
     1(elg             ): pulls=   5 | mean=+0.4054 | bonus=0.3445 | score=+0.7499
     2(lehd            ): pulls=   6 | mean=+0.3898 | bonus=0.3542 | score=+0.7439
     7(omni            ): pulls= 130 | mean=+0.6557 | bonus=0.1774 | score=+0.8331 <--
     8(mvmoe           ): pulls=   5 | mean=+0.2826 | bonus=0.2970 | score=+0.5795
10:57:54 | t=299 | UPDATE | problem=CVRP | head=CVRP | uid=cvrp:train:8028 | global_index=8028 | arm=7(omni)
    outcome: reward=0.0000 | selected_cost=9.3850 | best_cost=8.6727 | regret=0.7123
    result: record_global_index=8028 | name=None | score=9.3850
    arm_stats: problem_pulls=131 | problem_avg_reward=0.7195 | global_pulls=131 | global_avg_reward=0.7195
    state: rep_history=299/5000 | linear_history=299/10000 | head_mode=problem_specific | theta_norm=0.9013 | A_inv_diag_mean=0.902353 | A_inv_diag_min=0.795927 | A_inv_diag_max=0.972650
10:57:54 | epoch=1 | TRAIN[299] | CVRP | select arm=7(omni) | reason=score
     0(bq              ): pulls=   7 | mean=+0.4835 | bonus=0.3300 | score=+0.8135
     1(elg             ): pulls=   5 | mean=+0.5681 | bonus=0.3387 | score=+0.9069
     2(lehd            ): pulls=   6 | mean=+0.5847 | bonus=0.3340 | score=+0.9187
     7(omni            ): pulls= 131 | mean=+0.8036 | bonus=0.1842 | score=+0.9878 <--
     8(mvmoe           ): pulls=   5 | mean=+0.4500 | bonus=0.3128 | score=+0.7629
10:57:54 | t=300 | UPDATE | problem=CVRP | head=CVRP | uid=cvrp:train:3119 | global_index=3119 | arm=7(omni)
    outcome: reward=0.7500 | selected_cost=26.2402 | best_cost=25.9632 | regret=0.2770
    result: record_global_index=3119 | name=None | score=26.2402
    arm_stats: problem_pulls=132 | problem_avg_reward=0.7197 | global_pulls=132 | global_avg_reward=0.7197
    state: rep_history=300/5000 | linear_history=300/10000 | head_mode=problem_specific | theta_norm=0.9035 | A_inv_diag_mean=0.902233 | A_inv_diag_min=0.795720 | A_inv_diag_max=0.972541
[periodic val tail]
================================================================
2026-04-02 10:59:35
[pgrep]
3691145 bash -c cd /public/home/zhoucl/shiys && while true; do echo '================================================================' >> /public/home/zhoucl/shiys/2cmab2/outputs/2026-04-02-10-54-04_nss_neural_linucb_server/monitor.log; date '+%F %T' >> /public/home/zhoucl/shiys/2cmab2/outputs/2026-04-02-10-54-04_nss_neural_linucb_server/monitor.log; echo '[pgrep]' >> /public/home/zhoucl/shiys/2cmab2/outputs/2026-04-02-10-54-04_nss_neural_linucb_server/monitor.log; pgrep -af '2026-04-02-10-54-04_nss_neural_linucb_server' >> /public/home/zhoucl/shiys/2cmab2/outputs/2026-04-02-10-54-04_nss_neural_linucb_server/monitor.log 2>&1 || true; echo '[gpu]' >> /public/home/zhoucl/shiys/2cmab2/outputs/2026-04-02-10-54-04_nss_neural_linucb_server/monitor.log; nvidia-smi --query-gpu=index,name,memory.used,memory.total,utilization.gpu --format=csv,noheader,nounits >> /public/home/zhoucl/shiys/2cmab2/outputs/2026-04-02-10-54-04_nss_neural_linucb_server/monitor.log 2>&1 || true; echo '[console tail]' >> /public/home/zhoucl/shiys/2cmab2/outputs/2026-04-02-10-54-04_nss_neural_linucb_server/monitor.log; tail -n 20 /public/home/zhoucl/shiys/2cmab2/outputs/2026-04-02-10-54-04_nss_neural_linucb_server/console.log >> /public/home/zhoucl/shiys/2cmab2/outputs/2026-04-02-10-54-04_nss_neural_linucb_server/monitor.log 2>&1 || true; echo '[detail tail]' >> /public/home/zhoucl/shiys/2cmab2/outputs/2026-04-02-10-54-04_nss_neural_linucb_server/monitor.log; tail -n 20 /public/home/zhoucl/shiys/2cmab2/outputs/2026-04-02-10-54-04_nss_neural_linucb_server/neural_linucb.log >> /public/home/zhoucl/shiys/2cmab2/outputs/2026-04-02-10-54-04_nss_neural_linucb_server/monitor.log 2>&1 || true; echo '[periodic val tail]' >> /public/home/zhoucl/shiys/2cmab2/outputs/2026-04-02-10-54-04_nss_neural_linucb_server/monitor.log; tail -n 5 /public/home/zhoucl/shiys/2cmab2/outputs/2026-04-02-10-54-04_nss_neural_linucb_server/periodic_val.jsonl >> /public/home/zhoucl/shiys/2cmab2/outputs/2026-04-02-10-54-04_nss_neural_linucb_server/monitor.log 2>&1 || true; if [ -f /public/home/zhoucl/shiys/2cmab2/outputs/2026-04-02-10-54-04_nss_neural_linucb_server/summary.json ]; then echo '[done] summary.json detected' >> /public/home/zhoucl/shiys/2cmab2/outputs/2026-04-02-10-54-04_nss_neural_linucb_server/monitor.log; break; fi; sleep 60; done
[gpu]
0, NVIDIA GeForce RTX 3090, 6776, 24576, 48
[console tail]
  File "/public/home/zhoucl/shiys/2cmab2/encoders.py", line 436, in encode_samples
    encoded = self.graph_encoder.encode_problem(batch_nodes, problem=problem, mask=mask)
  File "/public/home/zhoucl/shiys/2cmab2/encoders.py", line 373, in encode_problem
    graph_emb = self.cvrp_encoder(batch_nodes[:, :, :3], mask)
  File "/public/home/zhoucl/anaconda3/envs/easynco_zhoucl/lib/python3.8/site-packages/torch/nn/modules/module.py", line 1501, in _call_impl
    return forward_call(*args, **kwargs)
  File "/public/home/zhoucl/shiys/2cmab2/encoders.py", line 114, in forward
    _graph_emb, out, mask = block(out, mask, i)
  File "/public/home/zhoucl/anaconda3/envs/easynco_zhoucl/lib/python3.8/site-packages/torch/nn/modules/module.py", line 1501, in _call_impl
    return forward_call(*args, **kwargs)
  File "/public/home/zhoucl/shiys/2cmab2/encoders.py", line 174, in forward
    score_embs = self.layer_score(embs, mask)
  File "/public/home/zhoucl/anaconda3/envs/easynco_zhoucl/lib/python3.8/site-packages/torch/nn/modules/module.py", line 1501, in _call_impl
    return forward_call(*args, **kwargs)
  File "/public/home/zhoucl/shiys/2cmab2/encoders.py", line 217, in forward
    out_concat = multi_head_attention(q, k, v, rank2_ninf_mask=mask)
  File "/public/home/zhoucl/shiys/2cmab2/encoders.py", line 251, in multi_head_attention
    assert not score_scaled.isinf().all(dim=-1).any(), "All the valid nodes are filtered! Check the pooling operation."
torch.cuda.OutOfMemoryError: CUDA out of memory. Tried to allocate 870.00 MiB (GPU 0; 23.59 GiB total capacity; 14.46 GiB already allocated; 528.50 MiB free; 15.32 GiB reserved in total by PyTorch) If reserved memory is >> allocated memory try setting max_split_size_mb to avoid fragmentation.  See documentation for Memory Management and PYTORCH_CUDA_ALLOC_CONF
ERROR conda.cli.main_run:execute(47): `conda run python 2cmab2/run_offline.py --data-source nss --method neural_linucb --epochs 1 --eval-every-steps 1000 --eval-log-every 500 --checkpoint-every 0 --checkpoint-every-steps 1000 --disable-progress --no-quiet --output-dir /public/home/zhoucl/shiys/2cmab2/outputs/2026-04-02-10-54-04_nss_neural_linucb_server` failed. (See above for error)
[detail tail]
     1(elg             ): pulls=   5 | mean=+0.4054 | bonus=0.3445 | score=+0.7499
     2(lehd            ): pulls=   6 | mean=+0.3898 | bonus=0.3542 | score=+0.7439
     7(omni            ): pulls= 130 | mean=+0.6557 | bonus=0.1774 | score=+0.8331 <--
     8(mvmoe           ): pulls=   5 | mean=+0.2826 | bonus=0.2970 | score=+0.5795
10:57:54 | t=299 | UPDATE | problem=CVRP | head=CVRP | uid=cvrp:train:8028 | global_index=8028 | arm=7(omni)
    outcome: reward=0.0000 | selected_cost=9.3850 | best_cost=8.6727 | regret=0.7123
    result: record_global_index=8028 | name=None | score=9.3850
    arm_stats: problem_pulls=131 | problem_avg_reward=0.7195 | global_pulls=131 | global_avg_reward=0.7195
    state: rep_history=299/5000 | linear_history=299/10000 | head_mode=problem_specific | theta_norm=0.9013 | A_inv_diag_mean=0.902353 | A_inv_diag_min=0.795927 | A_inv_diag_max=0.972650
10:57:54 | epoch=1 | TRAIN[299] | CVRP | select arm=7(omni) | reason=score
     0(bq              ): pulls=   7 | mean=+0.4835 | bonus=0.3300 | score=+0.8135
     1(elg             ): pulls=   5 | mean=+0.5681 | bonus=0.3387 | score=+0.9069
     2(lehd            ): pulls=   6 | mean=+0.5847 | bonus=0.3340 | score=+0.9187
     7(omni            ): pulls= 131 | mean=+0.8036 | bonus=0.1842 | score=+0.9878 <--
     8(mvmoe           ): pulls=   5 | mean=+0.4500 | bonus=0.3128 | score=+0.7629
10:57:54 | t=300 | UPDATE | problem=CVRP | head=CVRP | uid=cvrp:train:3119 | global_index=3119 | arm=7(omni)
    outcome: reward=0.7500 | selected_cost=26.2402 | best_cost=25.9632 | regret=0.2770
    result: record_global_index=3119 | name=None | score=26.2402
    arm_stats: problem_pulls=132 | problem_avg_reward=0.7197 | global_pulls=132 | global_avg_reward=0.7197
    state: rep_history=300/5000 | linear_history=300/10000 | head_mode=problem_specific | theta_norm=0.9035 | A_inv_diag_mean=0.902233 | A_inv_diag_min=0.795720 | A_inv_diag_max=0.972541
[periodic val tail]
================================================================
2026-04-02 11:00:35
[pgrep]
3691145 bash -c cd /public/home/zhoucl/shiys && while true; do echo '================================================================' >> /public/home/zhoucl/shiys/2cmab2/outputs/2026-04-02-10-54-04_nss_neural_linucb_server/monitor.log; date '+%F %T' >> /public/home/zhoucl/shiys/2cmab2/outputs/2026-04-02-10-54-04_nss_neural_linucb_server/monitor.log; echo '[pgrep]' >> /public/home/zhoucl/shiys/2cmab2/outputs/2026-04-02-10-54-04_nss_neural_linucb_server/monitor.log; pgrep -af '2026-04-02-10-54-04_nss_neural_linucb_server' >> /public/home/zhoucl/shiys/2cmab2/outputs/2026-04-02-10-54-04_nss_neural_linucb_server/monitor.log 2>&1 || true; echo '[gpu]' >> /public/home/zhoucl/shiys/2cmab2/outputs/2026-04-02-10-54-04_nss_neural_linucb_server/monitor.log; nvidia-smi --query-gpu=index,name,memory.used,memory.total,utilization.gpu --format=csv,noheader,nounits >> /public/home/zhoucl/shiys/2cmab2/outputs/2026-04-02-10-54-04_nss_neural_linucb_server/monitor.log 2>&1 || true; echo '[console tail]' >> /public/home/zhoucl/shiys/2cmab2/outputs/2026-04-02-10-54-04_nss_neural_linucb_server/monitor.log; tail -n 20 /public/home/zhoucl/shiys/2cmab2/outputs/2026-04-02-10-54-04_nss_neural_linucb_server/console.log >> /public/home/zhoucl/shiys/2cmab2/outputs/2026-04-02-10-54-04_nss_neural_linucb_server/monitor.log 2>&1 || true; echo '[detail tail]' >> /public/home/zhoucl/shiys/2cmab2/outputs/2026-04-02-10-54-04_nss_neural_linucb_server/monitor.log; tail -n 20 /public/home/zhoucl/shiys/2cmab2/outputs/2026-04-02-10-54-04_nss_neural_linucb_server/neural_linucb.log >> /public/home/zhoucl/shiys/2cmab2/outputs/2026-04-02-10-54-04_nss_neural_linucb_server/monitor.log 2>&1 || true; echo '[periodic val tail]' >> /public/home/zhoucl/shiys/2cmab2/outputs/2026-04-02-10-54-04_nss_neural_linucb_server/monitor.log; tail -n 5 /public/home/zhoucl/shiys/2cmab2/outputs/2026-04-02-10-54-04_nss_neural_linucb_server/periodic_val.jsonl >> /public/home/zhoucl/shiys/2cmab2/outputs/2026-04-02-10-54-04_nss_neural_linucb_server/monitor.log 2>&1 || true; if [ -f /public/home/zhoucl/shiys/2cmab2/outputs/2026-04-02-10-54-04_nss_neural_linucb_server/summary.json ]; then echo '[done] summary.json detected' >> /public/home/zhoucl/shiys/2cmab2/outputs/2026-04-02-10-54-04_nss_neural_linucb_server/monitor.log; break; fi; sleep 60; done
[gpu]
0, NVIDIA GeForce RTX 3090, 6776, 24576, 34
[console tail]
  File "/public/home/zhoucl/shiys/2cmab2/encoders.py", line 436, in encode_samples
    encoded = self.graph_encoder.encode_problem(batch_nodes, problem=problem, mask=mask)
  File "/public/home/zhoucl/shiys/2cmab2/encoders.py", line 373, in encode_problem
    graph_emb = self.cvrp_encoder(batch_nodes[:, :, :3], mask)
  File "/public/home/zhoucl/anaconda3/envs/easynco_zhoucl/lib/python3.8/site-packages/torch/nn/modules/module.py", line 1501, in _call_impl
    return forward_call(*args, **kwargs)
  File "/public/home/zhoucl/shiys/2cmab2/encoders.py", line 114, in forward
    _graph_emb, out, mask = block(out, mask, i)
  File "/public/home/zhoucl/anaconda3/envs/easynco_zhoucl/lib/python3.8/site-packages/torch/nn/modules/module.py", line 1501, in _call_impl
    return forward_call(*args, **kwargs)
  File "/public/home/zhoucl/shiys/2cmab2/encoders.py", line 174, in forward
    score_embs = self.layer_score(embs, mask)
  File "/public/home/zhoucl/anaconda3/envs/easynco_zhoucl/lib/python3.8/site-packages/torch/nn/modules/module.py", line 1501, in _call_impl
    return forward_call(*args, **kwargs)
  File "/public/home/zhoucl/shiys/2cmab2/encoders.py", line 217, in forward
    out_concat = multi_head_attention(q, k, v, rank2_ninf_mask=mask)
  File "/public/home/zhoucl/shiys/2cmab2/encoders.py", line 251, in multi_head_attention
    assert not score_scaled.isinf().all(dim=-1).any(), "All the valid nodes are filtered! Check the pooling operation."
torch.cuda.OutOfMemoryError: CUDA out of memory. Tried to allocate 870.00 MiB (GPU 0; 23.59 GiB total capacity; 14.46 GiB already allocated; 528.50 MiB free; 15.32 GiB reserved in total by PyTorch) If reserved memory is >> allocated memory try setting max_split_size_mb to avoid fragmentation.  See documentation for Memory Management and PYTORCH_CUDA_ALLOC_CONF
ERROR conda.cli.main_run:execute(47): `conda run python 2cmab2/run_offline.py --data-source nss --method neural_linucb --epochs 1 --eval-every-steps 1000 --eval-log-every 500 --checkpoint-every 0 --checkpoint-every-steps 1000 --disable-progress --no-quiet --output-dir /public/home/zhoucl/shiys/2cmab2/outputs/2026-04-02-10-54-04_nss_neural_linucb_server` failed. (See above for error)
[detail tail]
     1(elg             ): pulls=   5 | mean=+0.4054 | bonus=0.3445 | score=+0.7499
     2(lehd            ): pulls=   6 | mean=+0.3898 | bonus=0.3542 | score=+0.7439
     7(omni            ): pulls= 130 | mean=+0.6557 | bonus=0.1774 | score=+0.8331 <--
     8(mvmoe           ): pulls=   5 | mean=+0.2826 | bonus=0.2970 | score=+0.5795
10:57:54 | t=299 | UPDATE | problem=CVRP | head=CVRP | uid=cvrp:train:8028 | global_index=8028 | arm=7(omni)
    outcome: reward=0.0000 | selected_cost=9.3850 | best_cost=8.6727 | regret=0.7123
    result: record_global_index=8028 | name=None | score=9.3850
    arm_stats: problem_pulls=131 | problem_avg_reward=0.7195 | global_pulls=131 | global_avg_reward=0.7195
    state: rep_history=299/5000 | linear_history=299/10000 | head_mode=problem_specific | theta_norm=0.9013 | A_inv_diag_mean=0.902353 | A_inv_diag_min=0.795927 | A_inv_diag_max=0.972650
10:57:54 | epoch=1 | TRAIN[299] | CVRP | select arm=7(omni) | reason=score
     0(bq              ): pulls=   7 | mean=+0.4835 | bonus=0.3300 | score=+0.8135
     1(elg             ): pulls=   5 | mean=+0.5681 | bonus=0.3387 | score=+0.9069
     2(lehd            ): pulls=   6 | mean=+0.5847 | bonus=0.3340 | score=+0.9187
     7(omni            ): pulls= 131 | mean=+0.8036 | bonus=0.1842 | score=+0.9878 <--
     8(mvmoe           ): pulls=   5 | mean=+0.4500 | bonus=0.3128 | score=+0.7629
10:57:54 | t=300 | UPDATE | problem=CVRP | head=CVRP | uid=cvrp:train:3119 | global_index=3119 | arm=7(omni)
    outcome: reward=0.7500 | selected_cost=26.2402 | best_cost=25.9632 | regret=0.2770
    result: record_global_index=3119 | name=None | score=26.2402
    arm_stats: problem_pulls=132 | problem_avg_reward=0.7197 | global_pulls=132 | global_avg_reward=0.7197
    state: rep_history=300/5000 | linear_history=300/10000 | head_mode=problem_specific | theta_norm=0.9035 | A_inv_diag_mean=0.902233 | A_inv_diag_min=0.795720 | A_inv_diag_max=0.972541
[periodic val tail]
================================================================
2026-04-02 11:01:35
[pgrep]
3691145 bash -c cd /public/home/zhoucl/shiys && while true; do echo '================================================================' >> /public/home/zhoucl/shiys/2cmab2/outputs/2026-04-02-10-54-04_nss_neural_linucb_server/monitor.log; date '+%F %T' >> /public/home/zhoucl/shiys/2cmab2/outputs/2026-04-02-10-54-04_nss_neural_linucb_server/monitor.log; echo '[pgrep]' >> /public/home/zhoucl/shiys/2cmab2/outputs/2026-04-02-10-54-04_nss_neural_linucb_server/monitor.log; pgrep -af '2026-04-02-10-54-04_nss_neural_linucb_server' >> /public/home/zhoucl/shiys/2cmab2/outputs/2026-04-02-10-54-04_nss_neural_linucb_server/monitor.log 2>&1 || true; echo '[gpu]' >> /public/home/zhoucl/shiys/2cmab2/outputs/2026-04-02-10-54-04_nss_neural_linucb_server/monitor.log; nvidia-smi --query-gpu=index,name,memory.used,memory.total,utilization.gpu --format=csv,noheader,nounits >> /public/home/zhoucl/shiys/2cmab2/outputs/2026-04-02-10-54-04_nss_neural_linucb_server/monitor.log 2>&1 || true; echo '[console tail]' >> /public/home/zhoucl/shiys/2cmab2/outputs/2026-04-02-10-54-04_nss_neural_linucb_server/monitor.log; tail -n 20 /public/home/zhoucl/shiys/2cmab2/outputs/2026-04-02-10-54-04_nss_neural_linucb_server/console.log >> /public/home/zhoucl/shiys/2cmab2/outputs/2026-04-02-10-54-04_nss_neural_linucb_server/monitor.log 2>&1 || true; echo '[detail tail]' >> /public/home/zhoucl/shiys/2cmab2/outputs/2026-04-02-10-54-04_nss_neural_linucb_server/monitor.log; tail -n 20 /public/home/zhoucl/shiys/2cmab2/outputs/2026-04-02-10-54-04_nss_neural_linucb_server/neural_linucb.log >> /public/home/zhoucl/shiys/2cmab2/outputs/2026-04-02-10-54-04_nss_neural_linucb_server/monitor.log 2>&1 || true; echo '[periodic val tail]' >> /public/home/zhoucl/shiys/2cmab2/outputs/2026-04-02-10-54-04_nss_neural_linucb_server/monitor.log; tail -n 5 /public/home/zhoucl/shiys/2cmab2/outputs/2026-04-02-10-54-04_nss_neural_linucb_server/periodic_val.jsonl >> /public/home/zhoucl/shiys/2cmab2/outputs/2026-04-02-10-54-04_nss_neural_linucb_server/monitor.log 2>&1 || true; if [ -f /public/home/zhoucl/shiys/2cmab2/outputs/2026-04-02-10-54-04_nss_neural_linucb_server/summary.json ]; then echo '[done] summary.json detected' >> /public/home/zhoucl/shiys/2cmab2/outputs/2026-04-02-10-54-04_nss_neural_linucb_server/monitor.log; break; fi; sleep 60; done
[gpu]
0, NVIDIA GeForce RTX 3090, 6776, 24576, 60
[console tail]
  File "/public/home/zhoucl/shiys/2cmab2/encoders.py", line 436, in encode_samples
    encoded = self.graph_encoder.encode_problem(batch_nodes, problem=problem, mask=mask)
  File "/public/home/zhoucl/shiys/2cmab2/encoders.py", line 373, in encode_problem
    graph_emb = self.cvrp_encoder(batch_nodes[:, :, :3], mask)
  File "/public/home/zhoucl/anaconda3/envs/easynco_zhoucl/lib/python3.8/site-packages/torch/nn/modules/module.py", line 1501, in _call_impl
    return forward_call(*args, **kwargs)
  File "/public/home/zhoucl/shiys/2cmab2/encoders.py", line 114, in forward
    _graph_emb, out, mask = block(out, mask, i)
  File "/public/home/zhoucl/anaconda3/envs/easynco_zhoucl/lib/python3.8/site-packages/torch/nn/modules/module.py", line 1501, in _call_impl
    return forward_call(*args, **kwargs)
  File "/public/home/zhoucl/shiys/2cmab2/encoders.py", line 174, in forward
    score_embs = self.layer_score(embs, mask)
  File "/public/home/zhoucl/anaconda3/envs/easynco_zhoucl/lib/python3.8/site-packages/torch/nn/modules/module.py", line 1501, in _call_impl
    return forward_call(*args, **kwargs)
  File "/public/home/zhoucl/shiys/2cmab2/encoders.py", line 217, in forward
    out_concat = multi_head_attention(q, k, v, rank2_ninf_mask=mask)
  File "/public/home/zhoucl/shiys/2cmab2/encoders.py", line 251, in multi_head_attention
    assert not score_scaled.isinf().all(dim=-1).any(), "All the valid nodes are filtered! Check the pooling operation."
torch.cuda.OutOfMemoryError: CUDA out of memory. Tried to allocate 870.00 MiB (GPU 0; 23.59 GiB total capacity; 14.46 GiB already allocated; 528.50 MiB free; 15.32 GiB reserved in total by PyTorch) If reserved memory is >> allocated memory try setting max_split_size_mb to avoid fragmentation.  See documentation for Memory Management and PYTORCH_CUDA_ALLOC_CONF
ERROR conda.cli.main_run:execute(47): `conda run python 2cmab2/run_offline.py --data-source nss --method neural_linucb --epochs 1 --eval-every-steps 1000 --eval-log-every 500 --checkpoint-every 0 --checkpoint-every-steps 1000 --disable-progress --no-quiet --output-dir /public/home/zhoucl/shiys/2cmab2/outputs/2026-04-02-10-54-04_nss_neural_linucb_server` failed. (See above for error)
[detail tail]
     1(elg             ): pulls=   5 | mean=+0.4054 | bonus=0.3445 | score=+0.7499
     2(lehd            ): pulls=   6 | mean=+0.3898 | bonus=0.3542 | score=+0.7439
     7(omni            ): pulls= 130 | mean=+0.6557 | bonus=0.1774 | score=+0.8331 <--
     8(mvmoe           ): pulls=   5 | mean=+0.2826 | bonus=0.2970 | score=+0.5795
10:57:54 | t=299 | UPDATE | problem=CVRP | head=CVRP | uid=cvrp:train:8028 | global_index=8028 | arm=7(omni)
    outcome: reward=0.0000 | selected_cost=9.3850 | best_cost=8.6727 | regret=0.7123
    result: record_global_index=8028 | name=None | score=9.3850
    arm_stats: problem_pulls=131 | problem_avg_reward=0.7195 | global_pulls=131 | global_avg_reward=0.7195
    state: rep_history=299/5000 | linear_history=299/10000 | head_mode=problem_specific | theta_norm=0.9013 | A_inv_diag_mean=0.902353 | A_inv_diag_min=0.795927 | A_inv_diag_max=0.972650
10:57:54 | epoch=1 | TRAIN[299] | CVRP | select arm=7(omni) | reason=score
     0(bq              ): pulls=   7 | mean=+0.4835 | bonus=0.3300 | score=+0.8135
     1(elg             ): pulls=   5 | mean=+0.5681 | bonus=0.3387 | score=+0.9069
     2(lehd            ): pulls=   6 | mean=+0.5847 | bonus=0.3340 | score=+0.9187
     7(omni            ): pulls= 131 | mean=+0.8036 | bonus=0.1842 | score=+0.9878 <--
     8(mvmoe           ): pulls=   5 | mean=+0.4500 | bonus=0.3128 | score=+0.7629
10:57:54 | t=300 | UPDATE | problem=CVRP | head=CVRP | uid=cvrp:train:3119 | global_index=3119 | arm=7(omni)
    outcome: reward=0.7500 | selected_cost=26.2402 | best_cost=25.9632 | regret=0.2770
    result: record_global_index=3119 | name=None | score=26.2402
    arm_stats: problem_pulls=132 | problem_avg_reward=0.7197 | global_pulls=132 | global_avg_reward=0.7197
    state: rep_history=300/5000 | linear_history=300/10000 | head_mode=problem_specific | theta_norm=0.9035 | A_inv_diag_mean=0.902233 | A_inv_diag_min=0.795720 | A_inv_diag_max=0.972541
[periodic val tail]
================================================================
2026-04-02 11:02:35
[pgrep]
3691145 bash -c cd /public/home/zhoucl/shiys && while true; do echo '================================================================' >> /public/home/zhoucl/shiys/2cmab2/outputs/2026-04-02-10-54-04_nss_neural_linucb_server/monitor.log; date '+%F %T' >> /public/home/zhoucl/shiys/2cmab2/outputs/2026-04-02-10-54-04_nss_neural_linucb_server/monitor.log; echo '[pgrep]' >> /public/home/zhoucl/shiys/2cmab2/outputs/2026-04-02-10-54-04_nss_neural_linucb_server/monitor.log; pgrep -af '2026-04-02-10-54-04_nss_neural_linucb_server' >> /public/home/zhoucl/shiys/2cmab2/outputs/2026-04-02-10-54-04_nss_neural_linucb_server/monitor.log 2>&1 || true; echo '[gpu]' >> /public/home/zhoucl/shiys/2cmab2/outputs/2026-04-02-10-54-04_nss_neural_linucb_server/monitor.log; nvidia-smi --query-gpu=index,name,memory.used,memory.total,utilization.gpu --format=csv,noheader,nounits >> /public/home/zhoucl/shiys/2cmab2/outputs/2026-04-02-10-54-04_nss_neural_linucb_server/monitor.log 2>&1 || true; echo '[console tail]' >> /public/home/zhoucl/shiys/2cmab2/outputs/2026-04-02-10-54-04_nss_neural_linucb_server/monitor.log; tail -n 20 /public/home/zhoucl/shiys/2cmab2/outputs/2026-04-02-10-54-04_nss_neural_linucb_server/console.log >> /public/home/zhoucl/shiys/2cmab2/outputs/2026-04-02-10-54-04_nss_neural_linucb_server/monitor.log 2>&1 || true; echo '[detail tail]' >> /public/home/zhoucl/shiys/2cmab2/outputs/2026-04-02-10-54-04_nss_neural_linucb_server/monitor.log; tail -n 20 /public/home/zhoucl/shiys/2cmab2/outputs/2026-04-02-10-54-04_nss_neural_linucb_server/neural_linucb.log >> /public/home/zhoucl/shiys/2cmab2/outputs/2026-04-02-10-54-04_nss_neural_linucb_server/monitor.log 2>&1 || true; echo '[periodic val tail]' >> /public/home/zhoucl/shiys/2cmab2/outputs/2026-04-02-10-54-04_nss_neural_linucb_server/monitor.log; tail -n 5 /public/home/zhoucl/shiys/2cmab2/outputs/2026-04-02-10-54-04_nss_neural_linucb_server/periodic_val.jsonl >> /public/home/zhoucl/shiys/2cmab2/outputs/2026-04-02-10-54-04_nss_neural_linucb_server/monitor.log 2>&1 || true; if [ -f /public/home/zhoucl/shiys/2cmab2/outputs/2026-04-02-10-54-04_nss_neural_linucb_server/summary.json ]; then echo '[done] summary.json detected' >> /public/home/zhoucl/shiys/2cmab2/outputs/2026-04-02-10-54-04_nss_neural_linucb_server/monitor.log; break; fi; sleep 60; done
[gpu]
0, NVIDIA GeForce RTX 3090, 6776, 24576, 73
[console tail]
  File "/public/home/zhoucl/shiys/2cmab2/encoders.py", line 436, in encode_samples
    encoded = self.graph_encoder.encode_problem(batch_nodes, problem=problem, mask=mask)
  File "/public/home/zhoucl/shiys/2cmab2/encoders.py", line 373, in encode_problem
    graph_emb = self.cvrp_encoder(batch_nodes[:, :, :3], mask)
  File "/public/home/zhoucl/anaconda3/envs/easynco_zhoucl/lib/python3.8/site-packages/torch/nn/modules/module.py", line 1501, in _call_impl
    return forward_call(*args, **kwargs)
  File "/public/home/zhoucl/shiys/2cmab2/encoders.py", line 114, in forward
    _graph_emb, out, mask = block(out, mask, i)
  File "/public/home/zhoucl/anaconda3/envs/easynco_zhoucl/lib/python3.8/site-packages/torch/nn/modules/module.py", line 1501, in _call_impl
    return forward_call(*args, **kwargs)
  File "/public/home/zhoucl/shiys/2cmab2/encoders.py", line 174, in forward
    score_embs = self.layer_score(embs, mask)
  File "/public/home/zhoucl/anaconda3/envs/easynco_zhoucl/lib/python3.8/site-packages/torch/nn/modules/module.py", line 1501, in _call_impl
    return forward_call(*args, **kwargs)
  File "/public/home/zhoucl/shiys/2cmab2/encoders.py", line 217, in forward
    out_concat = multi_head_attention(q, k, v, rank2_ninf_mask=mask)
  File "/public/home/zhoucl/shiys/2cmab2/encoders.py", line 251, in multi_head_attention
    assert not score_scaled.isinf().all(dim=-1).any(), "All the valid nodes are filtered! Check the pooling operation."
torch.cuda.OutOfMemoryError: CUDA out of memory. Tried to allocate 870.00 MiB (GPU 0; 23.59 GiB total capacity; 14.46 GiB already allocated; 528.50 MiB free; 15.32 GiB reserved in total by PyTorch) If reserved memory is >> allocated memory try setting max_split_size_mb to avoid fragmentation.  See documentation for Memory Management and PYTORCH_CUDA_ALLOC_CONF
ERROR conda.cli.main_run:execute(47): `conda run python 2cmab2/run_offline.py --data-source nss --method neural_linucb --epochs 1 --eval-every-steps 1000 --eval-log-every 500 --checkpoint-every 0 --checkpoint-every-steps 1000 --disable-progress --no-quiet --output-dir /public/home/zhoucl/shiys/2cmab2/outputs/2026-04-02-10-54-04_nss_neural_linucb_server` failed. (See above for error)
[detail tail]
     1(elg             ): pulls=   5 | mean=+0.4054 | bonus=0.3445 | score=+0.7499
     2(lehd            ): pulls=   6 | mean=+0.3898 | bonus=0.3542 | score=+0.7439
     7(omni            ): pulls= 130 | mean=+0.6557 | bonus=0.1774 | score=+0.8331 <--
     8(mvmoe           ): pulls=   5 | mean=+0.2826 | bonus=0.2970 | score=+0.5795
10:57:54 | t=299 | UPDATE | problem=CVRP | head=CVRP | uid=cvrp:train:8028 | global_index=8028 | arm=7(omni)
    outcome: reward=0.0000 | selected_cost=9.3850 | best_cost=8.6727 | regret=0.7123
    result: record_global_index=8028 | name=None | score=9.3850
    arm_stats: problem_pulls=131 | problem_avg_reward=0.7195 | global_pulls=131 | global_avg_reward=0.7195
    state: rep_history=299/5000 | linear_history=299/10000 | head_mode=problem_specific | theta_norm=0.9013 | A_inv_diag_mean=0.902353 | A_inv_diag_min=0.795927 | A_inv_diag_max=0.972650
10:57:54 | epoch=1 | TRAIN[299] | CVRP | select arm=7(omni) | reason=score
     0(bq              ): pulls=   7 | mean=+0.4835 | bonus=0.3300 | score=+0.8135
     1(elg             ): pulls=   5 | mean=+0.5681 | bonus=0.3387 | score=+0.9069
     2(lehd            ): pulls=   6 | mean=+0.5847 | bonus=0.3340 | score=+0.9187
     7(omni            ): pulls= 131 | mean=+0.8036 | bonus=0.1842 | score=+0.9878 <--
     8(mvmoe           ): pulls=   5 | mean=+0.4500 | bonus=0.3128 | score=+0.7629
10:57:54 | t=300 | UPDATE | problem=CVRP | head=CVRP | uid=cvrp:train:3119 | global_index=3119 | arm=7(omni)
    outcome: reward=0.7500 | selected_cost=26.2402 | best_cost=25.9632 | regret=0.2770
    result: record_global_index=3119 | name=None | score=26.2402
    arm_stats: problem_pulls=132 | problem_avg_reward=0.7197 | global_pulls=132 | global_avg_reward=0.7197
    state: rep_history=300/5000 | linear_history=300/10000 | head_mode=problem_specific | theta_norm=0.9035 | A_inv_diag_mean=0.902233 | A_inv_diag_min=0.795720 | A_inv_diag_max=0.972541
[periodic val tail]
================================================================
2026-04-02 11:03:35
[pgrep]
3691145 bash -c cd /public/home/zhoucl/shiys && while true; do echo '================================================================' >> /public/home/zhoucl/shiys/2cmab2/outputs/2026-04-02-10-54-04_nss_neural_linucb_server/monitor.log; date '+%F %T' >> /public/home/zhoucl/shiys/2cmab2/outputs/2026-04-02-10-54-04_nss_neural_linucb_server/monitor.log; echo '[pgrep]' >> /public/home/zhoucl/shiys/2cmab2/outputs/2026-04-02-10-54-04_nss_neural_linucb_server/monitor.log; pgrep -af '2026-04-02-10-54-04_nss_neural_linucb_server' >> /public/home/zhoucl/shiys/2cmab2/outputs/2026-04-02-10-54-04_nss_neural_linucb_server/monitor.log 2>&1 || true; echo '[gpu]' >> /public/home/zhoucl/shiys/2cmab2/outputs/2026-04-02-10-54-04_nss_neural_linucb_server/monitor.log; nvidia-smi --query-gpu=index,name,memory.used,memory.total,utilization.gpu --format=csv,noheader,nounits >> /public/home/zhoucl/shiys/2cmab2/outputs/2026-04-02-10-54-04_nss_neural_linucb_server/monitor.log 2>&1 || true; echo '[console tail]' >> /public/home/zhoucl/shiys/2cmab2/outputs/2026-04-02-10-54-04_nss_neural_linucb_server/monitor.log; tail -n 20 /public/home/zhoucl/shiys/2cmab2/outputs/2026-04-02-10-54-04_nss_neural_linucb_server/console.log >> /public/home/zhoucl/shiys/2cmab2/outputs/2026-04-02-10-54-04_nss_neural_linucb_server/monitor.log 2>&1 || true; echo '[detail tail]' >> /public/home/zhoucl/shiys/2cmab2/outputs/2026-04-02-10-54-04_nss_neural_linucb_server/monitor.log; tail -n 20 /public/home/zhoucl/shiys/2cmab2/outputs/2026-04-02-10-54-04_nss_neural_linucb_server/neural_linucb.log >> /public/home/zhoucl/shiys/2cmab2/outputs/2026-04-02-10-54-04_nss_neural_linucb_server/monitor.log 2>&1 || true; echo '[periodic val tail]' >> /public/home/zhoucl/shiys/2cmab2/outputs/2026-04-02-10-54-04_nss_neural_linucb_server/monitor.log; tail -n 5 /public/home/zhoucl/shiys/2cmab2/outputs/2026-04-02-10-54-04_nss_neural_linucb_server/periodic_val.jsonl >> /public/home/zhoucl/shiys/2cmab2/outputs/2026-04-02-10-54-04_nss_neural_linucb_server/monitor.log 2>&1 || true; if [ -f /public/home/zhoucl/shiys/2cmab2/outputs/2026-04-02-10-54-04_nss_neural_linucb_server/summary.json ]; then echo '[done] summary.json detected' >> /public/home/zhoucl/shiys/2cmab2/outputs/2026-04-02-10-54-04_nss_neural_linucb_server/monitor.log; break; fi; sleep 60; done
[gpu]
0, NVIDIA GeForce RTX 3090, 6776, 24576, 46
[console tail]
  File "/public/home/zhoucl/shiys/2cmab2/encoders.py", line 436, in encode_samples
    encoded = self.graph_encoder.encode_problem(batch_nodes, problem=problem, mask=mask)
  File "/public/home/zhoucl/shiys/2cmab2/encoders.py", line 373, in encode_problem
    graph_emb = self.cvrp_encoder(batch_nodes[:, :, :3], mask)
  File "/public/home/zhoucl/anaconda3/envs/easynco_zhoucl/lib/python3.8/site-packages/torch/nn/modules/module.py", line 1501, in _call_impl
    return forward_call(*args, **kwargs)
  File "/public/home/zhoucl/shiys/2cmab2/encoders.py", line 114, in forward
    _graph_emb, out, mask = block(out, mask, i)
  File "/public/home/zhoucl/anaconda3/envs/easynco_zhoucl/lib/python3.8/site-packages/torch/nn/modules/module.py", line 1501, in _call_impl
    return forward_call(*args, **kwargs)
  File "/public/home/zhoucl/shiys/2cmab2/encoders.py", line 174, in forward
    score_embs = self.layer_score(embs, mask)
  File "/public/home/zhoucl/anaconda3/envs/easynco_zhoucl/lib/python3.8/site-packages/torch/nn/modules/module.py", line 1501, in _call_impl
    return forward_call(*args, **kwargs)
  File "/public/home/zhoucl/shiys/2cmab2/encoders.py", line 217, in forward
    out_concat = multi_head_attention(q, k, v, rank2_ninf_mask=mask)
  File "/public/home/zhoucl/shiys/2cmab2/encoders.py", line 251, in multi_head_attention
    assert not score_scaled.isinf().all(dim=-1).any(), "All the valid nodes are filtered! Check the pooling operation."
torch.cuda.OutOfMemoryError: CUDA out of memory. Tried to allocate 870.00 MiB (GPU 0; 23.59 GiB total capacity; 14.46 GiB already allocated; 528.50 MiB free; 15.32 GiB reserved in total by PyTorch) If reserved memory is >> allocated memory try setting max_split_size_mb to avoid fragmentation.  See documentation for Memory Management and PYTORCH_CUDA_ALLOC_CONF
ERROR conda.cli.main_run:execute(47): `conda run python 2cmab2/run_offline.py --data-source nss --method neural_linucb --epochs 1 --eval-every-steps 1000 --eval-log-every 500 --checkpoint-every 0 --checkpoint-every-steps 1000 --disable-progress --no-quiet --output-dir /public/home/zhoucl/shiys/2cmab2/outputs/2026-04-02-10-54-04_nss_neural_linucb_server` failed. (See above for error)
[detail tail]
     1(elg             ): pulls=   5 | mean=+0.4054 | bonus=0.3445 | score=+0.7499
     2(lehd            ): pulls=   6 | mean=+0.3898 | bonus=0.3542 | score=+0.7439
     7(omni            ): pulls= 130 | mean=+0.6557 | bonus=0.1774 | score=+0.8331 <--
     8(mvmoe           ): pulls=   5 | mean=+0.2826 | bonus=0.2970 | score=+0.5795
10:57:54 | t=299 | UPDATE | problem=CVRP | head=CVRP | uid=cvrp:train:8028 | global_index=8028 | arm=7(omni)
    outcome: reward=0.0000 | selected_cost=9.3850 | best_cost=8.6727 | regret=0.7123
    result: record_global_index=8028 | name=None | score=9.3850
    arm_stats: problem_pulls=131 | problem_avg_reward=0.7195 | global_pulls=131 | global_avg_reward=0.7195
    state: rep_history=299/5000 | linear_history=299/10000 | head_mode=problem_specific | theta_norm=0.9013 | A_inv_diag_mean=0.902353 | A_inv_diag_min=0.795927 | A_inv_diag_max=0.972650
10:57:54 | epoch=1 | TRAIN[299] | CVRP | select arm=7(omni) | reason=score
     0(bq              ): pulls=   7 | mean=+0.4835 | bonus=0.3300 | score=+0.8135
     1(elg             ): pulls=   5 | mean=+0.5681 | bonus=0.3387 | score=+0.9069
     2(lehd            ): pulls=   6 | mean=+0.5847 | bonus=0.3340 | score=+0.9187
     7(omni            ): pulls= 131 | mean=+0.8036 | bonus=0.1842 | score=+0.9878 <--
     8(mvmoe           ): pulls=   5 | mean=+0.4500 | bonus=0.3128 | score=+0.7629
10:57:54 | t=300 | UPDATE | problem=CVRP | head=CVRP | uid=cvrp:train:3119 | global_index=3119 | arm=7(omni)
    outcome: reward=0.7500 | selected_cost=26.2402 | best_cost=25.9632 | regret=0.2770
    result: record_global_index=3119 | name=None | score=26.2402
    arm_stats: problem_pulls=132 | problem_avg_reward=0.7197 | global_pulls=132 | global_avg_reward=0.7197
    state: rep_history=300/5000 | linear_history=300/10000 | head_mode=problem_specific | theta_norm=0.9035 | A_inv_diag_mean=0.902233 | A_inv_diag_min=0.795720 | A_inv_diag_max=0.972541
[periodic val tail]
================================================================
2026-04-02 11:04:35
[pgrep]
3691145 bash -c cd /public/home/zhoucl/shiys && while true; do echo '================================================================' >> /public/home/zhoucl/shiys/2cmab2/outputs/2026-04-02-10-54-04_nss_neural_linucb_server/monitor.log; date '+%F %T' >> /public/home/zhoucl/shiys/2cmab2/outputs/2026-04-02-10-54-04_nss_neural_linucb_server/monitor.log; echo '[pgrep]' >> /public/home/zhoucl/shiys/2cmab2/outputs/2026-04-02-10-54-04_nss_neural_linucb_server/monitor.log; pgrep -af '2026-04-02-10-54-04_nss_neural_linucb_server' >> /public/home/zhoucl/shiys/2cmab2/outputs/2026-04-02-10-54-04_nss_neural_linucb_server/monitor.log 2>&1 || true; echo '[gpu]' >> /public/home/zhoucl/shiys/2cmab2/outputs/2026-04-02-10-54-04_nss_neural_linucb_server/monitor.log; nvidia-smi --query-gpu=index,name,memory.used,memory.total,utilization.gpu --format=csv,noheader,nounits >> /public/home/zhoucl/shiys/2cmab2/outputs/2026-04-02-10-54-04_nss_neural_linucb_server/monitor.log 2>&1 || true; echo '[console tail]' >> /public/home/zhoucl/shiys/2cmab2/outputs/2026-04-02-10-54-04_nss_neural_linucb_server/monitor.log; tail -n 20 /public/home/zhoucl/shiys/2cmab2/outputs/2026-04-02-10-54-04_nss_neural_linucb_server/console.log >> /public/home/zhoucl/shiys/2cmab2/outputs/2026-04-02-10-54-04_nss_neural_linucb_server/monitor.log 2>&1 || true; echo '[detail tail]' >> /public/home/zhoucl/shiys/2cmab2/outputs/2026-04-02-10-54-04_nss_neural_linucb_server/monitor.log; tail -n 20 /public/home/zhoucl/shiys/2cmab2/outputs/2026-04-02-10-54-04_nss_neural_linucb_server/neural_linucb.log >> /public/home/zhoucl/shiys/2cmab2/outputs/2026-04-02-10-54-04_nss_neural_linucb_server/monitor.log 2>&1 || true; echo '[periodic val tail]' >> /public/home/zhoucl/shiys/2cmab2/outputs/2026-04-02-10-54-04_nss_neural_linucb_server/monitor.log; tail -n 5 /public/home/zhoucl/shiys/2cmab2/outputs/2026-04-02-10-54-04_nss_neural_linucb_server/periodic_val.jsonl >> /public/home/zhoucl/shiys/2cmab2/outputs/2026-04-02-10-54-04_nss_neural_linucb_server/monitor.log 2>&1 || true; if [ -f /public/home/zhoucl/shiys/2cmab2/outputs/2026-04-02-10-54-04_nss_neural_linucb_server/summary.json ]; then echo '[done] summary.json detected' >> /public/home/zhoucl/shiys/2cmab2/outputs/2026-04-02-10-54-04_nss_neural_linucb_server/monitor.log; break; fi; sleep 60; done
[gpu]
0, NVIDIA GeForce RTX 3090, 6776, 24576, 54
[console tail]
  File "/public/home/zhoucl/shiys/2cmab2/encoders.py", line 436, in encode_samples
    encoded = self.graph_encoder.encode_problem(batch_nodes, problem=problem, mask=mask)
  File "/public/home/zhoucl/shiys/2cmab2/encoders.py", line 373, in encode_problem
    graph_emb = self.cvrp_encoder(batch_nodes[:, :, :3], mask)
  File "/public/home/zhoucl/anaconda3/envs/easynco_zhoucl/lib/python3.8/site-packages/torch/nn/modules/module.py", line 1501, in _call_impl
    return forward_call(*args, **kwargs)
  File "/public/home/zhoucl/shiys/2cmab2/encoders.py", line 114, in forward
    _graph_emb, out, mask = block(out, mask, i)
  File "/public/home/zhoucl/anaconda3/envs/easynco_zhoucl/lib/python3.8/site-packages/torch/nn/modules/module.py", line 1501, in _call_impl
    return forward_call(*args, **kwargs)
  File "/public/home/zhoucl/shiys/2cmab2/encoders.py", line 174, in forward
    score_embs = self.layer_score(embs, mask)
  File "/public/home/zhoucl/anaconda3/envs/easynco_zhoucl/lib/python3.8/site-packages/torch/nn/modules/module.py", line 1501, in _call_impl
    return forward_call(*args, **kwargs)
  File "/public/home/zhoucl/shiys/2cmab2/encoders.py", line 217, in forward
    out_concat = multi_head_attention(q, k, v, rank2_ninf_mask=mask)
  File "/public/home/zhoucl/shiys/2cmab2/encoders.py", line 251, in multi_head_attention
    assert not score_scaled.isinf().all(dim=-1).any(), "All the valid nodes are filtered! Check the pooling operation."
torch.cuda.OutOfMemoryError: CUDA out of memory. Tried to allocate 870.00 MiB (GPU 0; 23.59 GiB total capacity; 14.46 GiB already allocated; 528.50 MiB free; 15.32 GiB reserved in total by PyTorch) If reserved memory is >> allocated memory try setting max_split_size_mb to avoid fragmentation.  See documentation for Memory Management and PYTORCH_CUDA_ALLOC_CONF
ERROR conda.cli.main_run:execute(47): `conda run python 2cmab2/run_offline.py --data-source nss --method neural_linucb --epochs 1 --eval-every-steps 1000 --eval-log-every 500 --checkpoint-every 0 --checkpoint-every-steps 1000 --disable-progress --no-quiet --output-dir /public/home/zhoucl/shiys/2cmab2/outputs/2026-04-02-10-54-04_nss_neural_linucb_server` failed. (See above for error)
[detail tail]
     1(elg             ): pulls=   5 | mean=+0.4054 | bonus=0.3445 | score=+0.7499
     2(lehd            ): pulls=   6 | mean=+0.3898 | bonus=0.3542 | score=+0.7439
     7(omni            ): pulls= 130 | mean=+0.6557 | bonus=0.1774 | score=+0.8331 <--
     8(mvmoe           ): pulls=   5 | mean=+0.2826 | bonus=0.2970 | score=+0.5795
10:57:54 | t=299 | UPDATE | problem=CVRP | head=CVRP | uid=cvrp:train:8028 | global_index=8028 | arm=7(omni)
    outcome: reward=0.0000 | selected_cost=9.3850 | best_cost=8.6727 | regret=0.7123
    result: record_global_index=8028 | name=None | score=9.3850
    arm_stats: problem_pulls=131 | problem_avg_reward=0.7195 | global_pulls=131 | global_avg_reward=0.7195
    state: rep_history=299/5000 | linear_history=299/10000 | head_mode=problem_specific | theta_norm=0.9013 | A_inv_diag_mean=0.902353 | A_inv_diag_min=0.795927 | A_inv_diag_max=0.972650
10:57:54 | epoch=1 | TRAIN[299] | CVRP | select arm=7(omni) | reason=score
     0(bq              ): pulls=   7 | mean=+0.4835 | bonus=0.3300 | score=+0.8135
     1(elg             ): pulls=   5 | mean=+0.5681 | bonus=0.3387 | score=+0.9069
     2(lehd            ): pulls=   6 | mean=+0.5847 | bonus=0.3340 | score=+0.9187
     7(omni            ): pulls= 131 | mean=+0.8036 | bonus=0.1842 | score=+0.9878 <--
     8(mvmoe           ): pulls=   5 | mean=+0.4500 | bonus=0.3128 | score=+0.7629
10:57:54 | t=300 | UPDATE | problem=CVRP | head=CVRP | uid=cvrp:train:3119 | global_index=3119 | arm=7(omni)
    outcome: reward=0.7500 | selected_cost=26.2402 | best_cost=25.9632 | regret=0.2770
    result: record_global_index=3119 | name=None | score=26.2402
    arm_stats: problem_pulls=132 | problem_avg_reward=0.7197 | global_pulls=132 | global_avg_reward=0.7197
    state: rep_history=300/5000 | linear_history=300/10000 | head_mode=problem_specific | theta_norm=0.9035 | A_inv_diag_mean=0.902233 | A_inv_diag_min=0.795720 | A_inv_diag_max=0.972541
[periodic val tail]
================================================================
2026-04-02 11:05:35
[pgrep]
3691145 bash -c cd /public/home/zhoucl/shiys && while true; do echo '================================================================' >> /public/home/zhoucl/shiys/2cmab2/outputs/2026-04-02-10-54-04_nss_neural_linucb_server/monitor.log; date '+%F %T' >> /public/home/zhoucl/shiys/2cmab2/outputs/2026-04-02-10-54-04_nss_neural_linucb_server/monitor.log; echo '[pgrep]' >> /public/home/zhoucl/shiys/2cmab2/outputs/2026-04-02-10-54-04_nss_neural_linucb_server/monitor.log; pgrep -af '2026-04-02-10-54-04_nss_neural_linucb_server' >> /public/home/zhoucl/shiys/2cmab2/outputs/2026-04-02-10-54-04_nss_neural_linucb_server/monitor.log 2>&1 || true; echo '[gpu]' >> /public/home/zhoucl/shiys/2cmab2/outputs/2026-04-02-10-54-04_nss_neural_linucb_server/monitor.log; nvidia-smi --query-gpu=index,name,memory.used,memory.total,utilization.gpu --format=csv,noheader,nounits >> /public/home/zhoucl/shiys/2cmab2/outputs/2026-04-02-10-54-04_nss_neural_linucb_server/monitor.log 2>&1 || true; echo '[console tail]' >> /public/home/zhoucl/shiys/2cmab2/outputs/2026-04-02-10-54-04_nss_neural_linucb_server/monitor.log; tail -n 20 /public/home/zhoucl/shiys/2cmab2/outputs/2026-04-02-10-54-04_nss_neural_linucb_server/console.log >> /public/home/zhoucl/shiys/2cmab2/outputs/2026-04-02-10-54-04_nss_neural_linucb_server/monitor.log 2>&1 || true; echo '[detail tail]' >> /public/home/zhoucl/shiys/2cmab2/outputs/2026-04-02-10-54-04_nss_neural_linucb_server/monitor.log; tail -n 20 /public/home/zhoucl/shiys/2cmab2/outputs/2026-04-02-10-54-04_nss_neural_linucb_server/neural_linucb.log >> /public/home/zhoucl/shiys/2cmab2/outputs/2026-04-02-10-54-04_nss_neural_linucb_server/monitor.log 2>&1 || true; echo '[periodic val tail]' >> /public/home/zhoucl/shiys/2cmab2/outputs/2026-04-02-10-54-04_nss_neural_linucb_server/monitor.log; tail -n 5 /public/home/zhoucl/shiys/2cmab2/outputs/2026-04-02-10-54-04_nss_neural_linucb_server/periodic_val.jsonl >> /public/home/zhoucl/shiys/2cmab2/outputs/2026-04-02-10-54-04_nss_neural_linucb_server/monitor.log 2>&1 || true; if [ -f /public/home/zhoucl/shiys/2cmab2/outputs/2026-04-02-10-54-04_nss_neural_linucb_server/summary.json ]; then echo '[done] summary.json detected' >> /public/home/zhoucl/shiys/2cmab2/outputs/2026-04-02-10-54-04_nss_neural_linucb_server/monitor.log; break; fi; sleep 60; done
[gpu]
0, NVIDIA GeForce RTX 3090, 6776, 24576, 61
[console tail]
  File "/public/home/zhoucl/shiys/2cmab2/encoders.py", line 436, in encode_samples
    encoded = self.graph_encoder.encode_problem(batch_nodes, problem=problem, mask=mask)
  File "/public/home/zhoucl/shiys/2cmab2/encoders.py", line 373, in encode_problem
    graph_emb = self.cvrp_encoder(batch_nodes[:, :, :3], mask)
  File "/public/home/zhoucl/anaconda3/envs/easynco_zhoucl/lib/python3.8/site-packages/torch/nn/modules/module.py", line 1501, in _call_impl
    return forward_call(*args, **kwargs)
  File "/public/home/zhoucl/shiys/2cmab2/encoders.py", line 114, in forward
    _graph_emb, out, mask = block(out, mask, i)
  File "/public/home/zhoucl/anaconda3/envs/easynco_zhoucl/lib/python3.8/site-packages/torch/nn/modules/module.py", line 1501, in _call_impl
    return forward_call(*args, **kwargs)
  File "/public/home/zhoucl/shiys/2cmab2/encoders.py", line 174, in forward
    score_embs = self.layer_score(embs, mask)
  File "/public/home/zhoucl/anaconda3/envs/easynco_zhoucl/lib/python3.8/site-packages/torch/nn/modules/module.py", line 1501, in _call_impl
    return forward_call(*args, **kwargs)
  File "/public/home/zhoucl/shiys/2cmab2/encoders.py", line 217, in forward
    out_concat = multi_head_attention(q, k, v, rank2_ninf_mask=mask)
  File "/public/home/zhoucl/shiys/2cmab2/encoders.py", line 251, in multi_head_attention
    assert not score_scaled.isinf().all(dim=-1).any(), "All the valid nodes are filtered! Check the pooling operation."
torch.cuda.OutOfMemoryError: CUDA out of memory. Tried to allocate 870.00 MiB (GPU 0; 23.59 GiB total capacity; 14.46 GiB already allocated; 528.50 MiB free; 15.32 GiB reserved in total by PyTorch) If reserved memory is >> allocated memory try setting max_split_size_mb to avoid fragmentation.  See documentation for Memory Management and PYTORCH_CUDA_ALLOC_CONF
ERROR conda.cli.main_run:execute(47): `conda run python 2cmab2/run_offline.py --data-source nss --method neural_linucb --epochs 1 --eval-every-steps 1000 --eval-log-every 500 --checkpoint-every 0 --checkpoint-every-steps 1000 --disable-progress --no-quiet --output-dir /public/home/zhoucl/shiys/2cmab2/outputs/2026-04-02-10-54-04_nss_neural_linucb_server` failed. (See above for error)
[detail tail]
     1(elg             ): pulls=   5 | mean=+0.4054 | bonus=0.3445 | score=+0.7499
     2(lehd            ): pulls=   6 | mean=+0.3898 | bonus=0.3542 | score=+0.7439
     7(omni            ): pulls= 130 | mean=+0.6557 | bonus=0.1774 | score=+0.8331 <--
     8(mvmoe           ): pulls=   5 | mean=+0.2826 | bonus=0.2970 | score=+0.5795
10:57:54 | t=299 | UPDATE | problem=CVRP | head=CVRP | uid=cvrp:train:8028 | global_index=8028 | arm=7(omni)
    outcome: reward=0.0000 | selected_cost=9.3850 | best_cost=8.6727 | regret=0.7123
    result: record_global_index=8028 | name=None | score=9.3850
    arm_stats: problem_pulls=131 | problem_avg_reward=0.7195 | global_pulls=131 | global_avg_reward=0.7195
    state: rep_history=299/5000 | linear_history=299/10000 | head_mode=problem_specific | theta_norm=0.9013 | A_inv_diag_mean=0.902353 | A_inv_diag_min=0.795927 | A_inv_diag_max=0.972650
10:57:54 | epoch=1 | TRAIN[299] | CVRP | select arm=7(omni) | reason=score
     0(bq              ): pulls=   7 | mean=+0.4835 | bonus=0.3300 | score=+0.8135
     1(elg             ): pulls=   5 | mean=+0.5681 | bonus=0.3387 | score=+0.9069
     2(lehd            ): pulls=   6 | mean=+0.5847 | bonus=0.3340 | score=+0.9187
     7(omni            ): pulls= 131 | mean=+0.8036 | bonus=0.1842 | score=+0.9878 <--
     8(mvmoe           ): pulls=   5 | mean=+0.4500 | bonus=0.3128 | score=+0.7629
10:57:54 | t=300 | UPDATE | problem=CVRP | head=CVRP | uid=cvrp:train:3119 | global_index=3119 | arm=7(omni)
    outcome: reward=0.7500 | selected_cost=26.2402 | best_cost=25.9632 | regret=0.2770
    result: record_global_index=3119 | name=None | score=26.2402
    arm_stats: problem_pulls=132 | problem_avg_reward=0.7197 | global_pulls=132 | global_avg_reward=0.7197
    state: rep_history=300/5000 | linear_history=300/10000 | head_mode=problem_specific | theta_norm=0.9035 | A_inv_diag_mean=0.902233 | A_inv_diag_min=0.795720 | A_inv_diag_max=0.972541
[periodic val tail]
================================================================
2026-04-02 11:06:35
[pgrep]
3691145 bash -c cd /public/home/zhoucl/shiys && while true; do echo '================================================================' >> /public/home/zhoucl/shiys/2cmab2/outputs/2026-04-02-10-54-04_nss_neural_linucb_server/monitor.log; date '+%F %T' >> /public/home/zhoucl/shiys/2cmab2/outputs/2026-04-02-10-54-04_nss_neural_linucb_server/monitor.log; echo '[pgrep]' >> /public/home/zhoucl/shiys/2cmab2/outputs/2026-04-02-10-54-04_nss_neural_linucb_server/monitor.log; pgrep -af '2026-04-02-10-54-04_nss_neural_linucb_server' >> /public/home/zhoucl/shiys/2cmab2/outputs/2026-04-02-10-54-04_nss_neural_linucb_server/monitor.log 2>&1 || true; echo '[gpu]' >> /public/home/zhoucl/shiys/2cmab2/outputs/2026-04-02-10-54-04_nss_neural_linucb_server/monitor.log; nvidia-smi --query-gpu=index,name,memory.used,memory.total,utilization.gpu --format=csv,noheader,nounits >> /public/home/zhoucl/shiys/2cmab2/outputs/2026-04-02-10-54-04_nss_neural_linucb_server/monitor.log 2>&1 || true; echo '[console tail]' >> /public/home/zhoucl/shiys/2cmab2/outputs/2026-04-02-10-54-04_nss_neural_linucb_server/monitor.log; tail -n 20 /public/home/zhoucl/shiys/2cmab2/outputs/2026-04-02-10-54-04_nss_neural_linucb_server/console.log >> /public/home/zhoucl/shiys/2cmab2/outputs/2026-04-02-10-54-04_nss_neural_linucb_server/monitor.log 2>&1 || true; echo '[detail tail]' >> /public/home/zhoucl/shiys/2cmab2/outputs/2026-04-02-10-54-04_nss_neural_linucb_server/monitor.log; tail -n 20 /public/home/zhoucl/shiys/2cmab2/outputs/2026-04-02-10-54-04_nss_neural_linucb_server/neural_linucb.log >> /public/home/zhoucl/shiys/2cmab2/outputs/2026-04-02-10-54-04_nss_neural_linucb_server/monitor.log 2>&1 || true; echo '[periodic val tail]' >> /public/home/zhoucl/shiys/2cmab2/outputs/2026-04-02-10-54-04_nss_neural_linucb_server/monitor.log; tail -n 5 /public/home/zhoucl/shiys/2cmab2/outputs/2026-04-02-10-54-04_nss_neural_linucb_server/periodic_val.jsonl >> /public/home/zhoucl/shiys/2cmab2/outputs/2026-04-02-10-54-04_nss_neural_linucb_server/monitor.log 2>&1 || true; if [ -f /public/home/zhoucl/shiys/2cmab2/outputs/2026-04-02-10-54-04_nss_neural_linucb_server/summary.json ]; then echo '[done] summary.json detected' >> /public/home/zhoucl/shiys/2cmab2/outputs/2026-04-02-10-54-04_nss_neural_linucb_server/monitor.log; break; fi; sleep 60; done
[gpu]
0, NVIDIA GeForce RTX 3090, 6776, 24576, 21
[console tail]
  File "/public/home/zhoucl/shiys/2cmab2/encoders.py", line 436, in encode_samples
    encoded = self.graph_encoder.encode_problem(batch_nodes, problem=problem, mask=mask)
  File "/public/home/zhoucl/shiys/2cmab2/encoders.py", line 373, in encode_problem
    graph_emb = self.cvrp_encoder(batch_nodes[:, :, :3], mask)
  File "/public/home/zhoucl/anaconda3/envs/easynco_zhoucl/lib/python3.8/site-packages/torch/nn/modules/module.py", line 1501, in _call_impl
    return forward_call(*args, **kwargs)
  File "/public/home/zhoucl/shiys/2cmab2/encoders.py", line 114, in forward
    _graph_emb, out, mask = block(out, mask, i)
  File "/public/home/zhoucl/anaconda3/envs/easynco_zhoucl/lib/python3.8/site-packages/torch/nn/modules/module.py", line 1501, in _call_impl
    return forward_call(*args, **kwargs)
  File "/public/home/zhoucl/shiys/2cmab2/encoders.py", line 174, in forward
    score_embs = self.layer_score(embs, mask)
  File "/public/home/zhoucl/anaconda3/envs/easynco_zhoucl/lib/python3.8/site-packages/torch/nn/modules/module.py", line 1501, in _call_impl
    return forward_call(*args, **kwargs)
  File "/public/home/zhoucl/shiys/2cmab2/encoders.py", line 217, in forward
    out_concat = multi_head_attention(q, k, v, rank2_ninf_mask=mask)
  File "/public/home/zhoucl/shiys/2cmab2/encoders.py", line 251, in multi_head_attention
    assert not score_scaled.isinf().all(dim=-1).any(), "All the valid nodes are filtered! Check the pooling operation."
torch.cuda.OutOfMemoryError: CUDA out of memory. Tried to allocate 870.00 MiB (GPU 0; 23.59 GiB total capacity; 14.46 GiB already allocated; 528.50 MiB free; 15.32 GiB reserved in total by PyTorch) If reserved memory is >> allocated memory try setting max_split_size_mb to avoid fragmentation.  See documentation for Memory Management and PYTORCH_CUDA_ALLOC_CONF
ERROR conda.cli.main_run:execute(47): `conda run python 2cmab2/run_offline.py --data-source nss --method neural_linucb --epochs 1 --eval-every-steps 1000 --eval-log-every 500 --checkpoint-every 0 --checkpoint-every-steps 1000 --disable-progress --no-quiet --output-dir /public/home/zhoucl/shiys/2cmab2/outputs/2026-04-02-10-54-04_nss_neural_linucb_server` failed. (See above for error)
[detail tail]
     1(elg             ): pulls=   5 | mean=+0.4054 | bonus=0.3445 | score=+0.7499
     2(lehd            ): pulls=   6 | mean=+0.3898 | bonus=0.3542 | score=+0.7439
     7(omni            ): pulls= 130 | mean=+0.6557 | bonus=0.1774 | score=+0.8331 <--
     8(mvmoe           ): pulls=   5 | mean=+0.2826 | bonus=0.2970 | score=+0.5795
10:57:54 | t=299 | UPDATE | problem=CVRP | head=CVRP | uid=cvrp:train:8028 | global_index=8028 | arm=7(omni)
    outcome: reward=0.0000 | selected_cost=9.3850 | best_cost=8.6727 | regret=0.7123
    result: record_global_index=8028 | name=None | score=9.3850
    arm_stats: problem_pulls=131 | problem_avg_reward=0.7195 | global_pulls=131 | global_avg_reward=0.7195
    state: rep_history=299/5000 | linear_history=299/10000 | head_mode=problem_specific | theta_norm=0.9013 | A_inv_diag_mean=0.902353 | A_inv_diag_min=0.795927 | A_inv_diag_max=0.972650
10:57:54 | epoch=1 | TRAIN[299] | CVRP | select arm=7(omni) | reason=score
     0(bq              ): pulls=   7 | mean=+0.4835 | bonus=0.3300 | score=+0.8135
     1(elg             ): pulls=   5 | mean=+0.5681 | bonus=0.3387 | score=+0.9069
     2(lehd            ): pulls=   6 | mean=+0.5847 | bonus=0.3340 | score=+0.9187
     7(omni            ): pulls= 131 | mean=+0.8036 | bonus=0.1842 | score=+0.9878 <--
     8(mvmoe           ): pulls=   5 | mean=+0.4500 | bonus=0.3128 | score=+0.7629
10:57:54 | t=300 | UPDATE | problem=CVRP | head=CVRP | uid=cvrp:train:3119 | global_index=3119 | arm=7(omni)
    outcome: reward=0.7500 | selected_cost=26.2402 | best_cost=25.9632 | regret=0.2770
    result: record_global_index=3119 | name=None | score=26.2402
    arm_stats: problem_pulls=132 | problem_avg_reward=0.7197 | global_pulls=132 | global_avg_reward=0.7197
    state: rep_history=300/5000 | linear_history=300/10000 | head_mode=problem_specific | theta_norm=0.9035 | A_inv_diag_mean=0.902233 | A_inv_diag_min=0.795720 | A_inv_diag_max=0.972541
[periodic val tail]
================================================================
2026-04-02 11:07:35
[pgrep]
3691145 bash -c cd /public/home/zhoucl/shiys && while true; do echo '================================================================' >> /public/home/zhoucl/shiys/2cmab2/outputs/2026-04-02-10-54-04_nss_neural_linucb_server/monitor.log; date '+%F %T' >> /public/home/zhoucl/shiys/2cmab2/outputs/2026-04-02-10-54-04_nss_neural_linucb_server/monitor.log; echo '[pgrep]' >> /public/home/zhoucl/shiys/2cmab2/outputs/2026-04-02-10-54-04_nss_neural_linucb_server/monitor.log; pgrep -af '2026-04-02-10-54-04_nss_neural_linucb_server' >> /public/home/zhoucl/shiys/2cmab2/outputs/2026-04-02-10-54-04_nss_neural_linucb_server/monitor.log 2>&1 || true; echo '[gpu]' >> /public/home/zhoucl/shiys/2cmab2/outputs/2026-04-02-10-54-04_nss_neural_linucb_server/monitor.log; nvidia-smi --query-gpu=index,name,memory.used,memory.total,utilization.gpu --format=csv,noheader,nounits >> /public/home/zhoucl/shiys/2cmab2/outputs/2026-04-02-10-54-04_nss_neural_linucb_server/monitor.log 2>&1 || true; echo '[console tail]' >> /public/home/zhoucl/shiys/2cmab2/outputs/2026-04-02-10-54-04_nss_neural_linucb_server/monitor.log; tail -n 20 /public/home/zhoucl/shiys/2cmab2/outputs/2026-04-02-10-54-04_nss_neural_linucb_server/console.log >> /public/home/zhoucl/shiys/2cmab2/outputs/2026-04-02-10-54-04_nss_neural_linucb_server/monitor.log 2>&1 || true; echo '[detail tail]' >> /public/home/zhoucl/shiys/2cmab2/outputs/2026-04-02-10-54-04_nss_neural_linucb_server/monitor.log; tail -n 20 /public/home/zhoucl/shiys/2cmab2/outputs/2026-04-02-10-54-04_nss_neural_linucb_server/neural_linucb.log >> /public/home/zhoucl/shiys/2cmab2/outputs/2026-04-02-10-54-04_nss_neural_linucb_server/monitor.log 2>&1 || true; echo '[periodic val tail]' >> /public/home/zhoucl/shiys/2cmab2/outputs/2026-04-02-10-54-04_nss_neural_linucb_server/monitor.log; tail -n 5 /public/home/zhoucl/shiys/2cmab2/outputs/2026-04-02-10-54-04_nss_neural_linucb_server/periodic_val.jsonl >> /public/home/zhoucl/shiys/2cmab2/outputs/2026-04-02-10-54-04_nss_neural_linucb_server/monitor.log 2>&1 || true; if [ -f /public/home/zhoucl/shiys/2cmab2/outputs/2026-04-02-10-54-04_nss_neural_linucb_server/summary.json ]; then echo '[done] summary.json detected' >> /public/home/zhoucl/shiys/2cmab2/outputs/2026-04-02-10-54-04_nss_neural_linucb_server/monitor.log; break; fi; sleep 60; done
[gpu]
0, NVIDIA GeForce RTX 3090, 6776, 24576, 20
[console tail]
  File "/public/home/zhoucl/shiys/2cmab2/encoders.py", line 436, in encode_samples
    encoded = self.graph_encoder.encode_problem(batch_nodes, problem=problem, mask=mask)
  File "/public/home/zhoucl/shiys/2cmab2/encoders.py", line 373, in encode_problem
    graph_emb = self.cvrp_encoder(batch_nodes[:, :, :3], mask)
  File "/public/home/zhoucl/anaconda3/envs/easynco_zhoucl/lib/python3.8/site-packages/torch/nn/modules/module.py", line 1501, in _call_impl
    return forward_call(*args, **kwargs)
  File "/public/home/zhoucl/shiys/2cmab2/encoders.py", line 114, in forward
    _graph_emb, out, mask = block(out, mask, i)
  File "/public/home/zhoucl/anaconda3/envs/easynco_zhoucl/lib/python3.8/site-packages/torch/nn/modules/module.py", line 1501, in _call_impl
    return forward_call(*args, **kwargs)
  File "/public/home/zhoucl/shiys/2cmab2/encoders.py", line 174, in forward
    score_embs = self.layer_score(embs, mask)
  File "/public/home/zhoucl/anaconda3/envs/easynco_zhoucl/lib/python3.8/site-packages/torch/nn/modules/module.py", line 1501, in _call_impl
    return forward_call(*args, **kwargs)
  File "/public/home/zhoucl/shiys/2cmab2/encoders.py", line 217, in forward
    out_concat = multi_head_attention(q, k, v, rank2_ninf_mask=mask)
  File "/public/home/zhoucl/shiys/2cmab2/encoders.py", line 251, in multi_head_attention
    assert not score_scaled.isinf().all(dim=-1).any(), "All the valid nodes are filtered! Check the pooling operation."
torch.cuda.OutOfMemoryError: CUDA out of memory. Tried to allocate 870.00 MiB (GPU 0; 23.59 GiB total capacity; 14.46 GiB already allocated; 528.50 MiB free; 15.32 GiB reserved in total by PyTorch) If reserved memory is >> allocated memory try setting max_split_size_mb to avoid fragmentation.  See documentation for Memory Management and PYTORCH_CUDA_ALLOC_CONF
ERROR conda.cli.main_run:execute(47): `conda run python 2cmab2/run_offline.py --data-source nss --method neural_linucb --epochs 1 --eval-every-steps 1000 --eval-log-every 500 --checkpoint-every 0 --checkpoint-every-steps 1000 --disable-progress --no-quiet --output-dir /public/home/zhoucl/shiys/2cmab2/outputs/2026-04-02-10-54-04_nss_neural_linucb_server` failed. (See above for error)
[detail tail]
     1(elg             ): pulls=   5 | mean=+0.4054 | bonus=0.3445 | score=+0.7499
     2(lehd            ): pulls=   6 | mean=+0.3898 | bonus=0.3542 | score=+0.7439
     7(omni            ): pulls= 130 | mean=+0.6557 | bonus=0.1774 | score=+0.8331 <--
     8(mvmoe           ): pulls=   5 | mean=+0.2826 | bonus=0.2970 | score=+0.5795
10:57:54 | t=299 | UPDATE | problem=CVRP | head=CVRP | uid=cvrp:train:8028 | global_index=8028 | arm=7(omni)
    outcome: reward=0.0000 | selected_cost=9.3850 | best_cost=8.6727 | regret=0.7123
    result: record_global_index=8028 | name=None | score=9.3850
    arm_stats: problem_pulls=131 | problem_avg_reward=0.7195 | global_pulls=131 | global_avg_reward=0.7195
    state: rep_history=299/5000 | linear_history=299/10000 | head_mode=problem_specific | theta_norm=0.9013 | A_inv_diag_mean=0.902353 | A_inv_diag_min=0.795927 | A_inv_diag_max=0.972650
10:57:54 | epoch=1 | TRAIN[299] | CVRP | select arm=7(omni) | reason=score
     0(bq              ): pulls=   7 | mean=+0.4835 | bonus=0.3300 | score=+0.8135
     1(elg             ): pulls=   5 | mean=+0.5681 | bonus=0.3387 | score=+0.9069
     2(lehd            ): pulls=   6 | mean=+0.5847 | bonus=0.3340 | score=+0.9187
     7(omni            ): pulls= 131 | mean=+0.8036 | bonus=0.1842 | score=+0.9878 <--
     8(mvmoe           ): pulls=   5 | mean=+0.4500 | bonus=0.3128 | score=+0.7629
10:57:54 | t=300 | UPDATE | problem=CVRP | head=CVRP | uid=cvrp:train:3119 | global_index=3119 | arm=7(omni)
    outcome: reward=0.7500 | selected_cost=26.2402 | best_cost=25.9632 | regret=0.2770
    result: record_global_index=3119 | name=None | score=26.2402
    arm_stats: problem_pulls=132 | problem_avg_reward=0.7197 | global_pulls=132 | global_avg_reward=0.7197
    state: rep_history=300/5000 | linear_history=300/10000 | head_mode=problem_specific | theta_norm=0.9035 | A_inv_diag_mean=0.902233 | A_inv_diag_min=0.795720 | A_inv_diag_max=0.972541
[periodic val tail]
================================================================
2026-04-02 11:08:35
[pgrep]
3691145 bash -c cd /public/home/zhoucl/shiys && while true; do echo '================================================================' >> /public/home/zhoucl/shiys/2cmab2/outputs/2026-04-02-10-54-04_nss_neural_linucb_server/monitor.log; date '+%F %T' >> /public/home/zhoucl/shiys/2cmab2/outputs/2026-04-02-10-54-04_nss_neural_linucb_server/monitor.log; echo '[pgrep]' >> /public/home/zhoucl/shiys/2cmab2/outputs/2026-04-02-10-54-04_nss_neural_linucb_server/monitor.log; pgrep -af '2026-04-02-10-54-04_nss_neural_linucb_server' >> /public/home/zhoucl/shiys/2cmab2/outputs/2026-04-02-10-54-04_nss_neural_linucb_server/monitor.log 2>&1 || true; echo '[gpu]' >> /public/home/zhoucl/shiys/2cmab2/outputs/2026-04-02-10-54-04_nss_neural_linucb_server/monitor.log; nvidia-smi --query-gpu=index,name,memory.used,memory.total,utilization.gpu --format=csv,noheader,nounits >> /public/home/zhoucl/shiys/2cmab2/outputs/2026-04-02-10-54-04_nss_neural_linucb_server/monitor.log 2>&1 || true; echo '[console tail]' >> /public/home/zhoucl/shiys/2cmab2/outputs/2026-04-02-10-54-04_nss_neural_linucb_server/monitor.log; tail -n 20 /public/home/zhoucl/shiys/2cmab2/outputs/2026-04-02-10-54-04_nss_neural_linucb_server/console.log >> /public/home/zhoucl/shiys/2cmab2/outputs/2026-04-02-10-54-04_nss_neural_linucb_server/monitor.log 2>&1 || true; echo '[detail tail]' >> /public/home/zhoucl/shiys/2cmab2/outputs/2026-04-02-10-54-04_nss_neural_linucb_server/monitor.log; tail -n 20 /public/home/zhoucl/shiys/2cmab2/outputs/2026-04-02-10-54-04_nss_neural_linucb_server/neural_linucb.log >> /public/home/zhoucl/shiys/2cmab2/outputs/2026-04-02-10-54-04_nss_neural_linucb_server/monitor.log 2>&1 || true; echo '[periodic val tail]' >> /public/home/zhoucl/shiys/2cmab2/outputs/2026-04-02-10-54-04_nss_neural_linucb_server/monitor.log; tail -n 5 /public/home/zhoucl/shiys/2cmab2/outputs/2026-04-02-10-54-04_nss_neural_linucb_server/periodic_val.jsonl >> /public/home/zhoucl/shiys/2cmab2/outputs/2026-04-02-10-54-04_nss_neural_linucb_server/monitor.log 2>&1 || true; if [ -f /public/home/zhoucl/shiys/2cmab2/outputs/2026-04-02-10-54-04_nss_neural_linucb_server/summary.json ]; then echo '[done] summary.json detected' >> /public/home/zhoucl/shiys/2cmab2/outputs/2026-04-02-10-54-04_nss_neural_linucb_server/monitor.log; break; fi; sleep 60; done
[gpu]
0, NVIDIA GeForce RTX 3090, 6776, 24576, 20
[console tail]
  File "/public/home/zhoucl/shiys/2cmab2/encoders.py", line 436, in encode_samples
    encoded = self.graph_encoder.encode_problem(batch_nodes, problem=problem, mask=mask)
  File "/public/home/zhoucl/shiys/2cmab2/encoders.py", line 373, in encode_problem
    graph_emb = self.cvrp_encoder(batch_nodes[:, :, :3], mask)
  File "/public/home/zhoucl/anaconda3/envs/easynco_zhoucl/lib/python3.8/site-packages/torch/nn/modules/module.py", line 1501, in _call_impl
    return forward_call(*args, **kwargs)
  File "/public/home/zhoucl/shiys/2cmab2/encoders.py", line 114, in forward
    _graph_emb, out, mask = block(out, mask, i)
  File "/public/home/zhoucl/anaconda3/envs/easynco_zhoucl/lib/python3.8/site-packages/torch/nn/modules/module.py", line 1501, in _call_impl
    return forward_call(*args, **kwargs)
  File "/public/home/zhoucl/shiys/2cmab2/encoders.py", line 174, in forward
    score_embs = self.layer_score(embs, mask)
  File "/public/home/zhoucl/anaconda3/envs/easynco_zhoucl/lib/python3.8/site-packages/torch/nn/modules/module.py", line 1501, in _call_impl
    return forward_call(*args, **kwargs)
  File "/public/home/zhoucl/shiys/2cmab2/encoders.py", line 217, in forward
    out_concat = multi_head_attention(q, k, v, rank2_ninf_mask=mask)
  File "/public/home/zhoucl/shiys/2cmab2/encoders.py", line 251, in multi_head_attention
    assert not score_scaled.isinf().all(dim=-1).any(), "All the valid nodes are filtered! Check the pooling operation."
torch.cuda.OutOfMemoryError: CUDA out of memory. Tried to allocate 870.00 MiB (GPU 0; 23.59 GiB total capacity; 14.46 GiB already allocated; 528.50 MiB free; 15.32 GiB reserved in total by PyTorch) If reserved memory is >> allocated memory try setting max_split_size_mb to avoid fragmentation.  See documentation for Memory Management and PYTORCH_CUDA_ALLOC_CONF
ERROR conda.cli.main_run:execute(47): `conda run python 2cmab2/run_offline.py --data-source nss --method neural_linucb --epochs 1 --eval-every-steps 1000 --eval-log-every 500 --checkpoint-every 0 --checkpoint-every-steps 1000 --disable-progress --no-quiet --output-dir /public/home/zhoucl/shiys/2cmab2/outputs/2026-04-02-10-54-04_nss_neural_linucb_server` failed. (See above for error)
[detail tail]
     1(elg             ): pulls=   5 | mean=+0.4054 | bonus=0.3445 | score=+0.7499
     2(lehd            ): pulls=   6 | mean=+0.3898 | bonus=0.3542 | score=+0.7439
     7(omni            ): pulls= 130 | mean=+0.6557 | bonus=0.1774 | score=+0.8331 <--
     8(mvmoe           ): pulls=   5 | mean=+0.2826 | bonus=0.2970 | score=+0.5795
10:57:54 | t=299 | UPDATE | problem=CVRP | head=CVRP | uid=cvrp:train:8028 | global_index=8028 | arm=7(omni)
    outcome: reward=0.0000 | selected_cost=9.3850 | best_cost=8.6727 | regret=0.7123
    result: record_global_index=8028 | name=None | score=9.3850
    arm_stats: problem_pulls=131 | problem_avg_reward=0.7195 | global_pulls=131 | global_avg_reward=0.7195
    state: rep_history=299/5000 | linear_history=299/10000 | head_mode=problem_specific | theta_norm=0.9013 | A_inv_diag_mean=0.902353 | A_inv_diag_min=0.795927 | A_inv_diag_max=0.972650
10:57:54 | epoch=1 | TRAIN[299] | CVRP | select arm=7(omni) | reason=score
     0(bq              ): pulls=   7 | mean=+0.4835 | bonus=0.3300 | score=+0.8135
     1(elg             ): pulls=   5 | mean=+0.5681 | bonus=0.3387 | score=+0.9069
     2(lehd            ): pulls=   6 | mean=+0.5847 | bonus=0.3340 | score=+0.9187
     7(omni            ): pulls= 131 | mean=+0.8036 | bonus=0.1842 | score=+0.9878 <--
     8(mvmoe           ): pulls=   5 | mean=+0.4500 | bonus=0.3128 | score=+0.7629
10:57:54 | t=300 | UPDATE | problem=CVRP | head=CVRP | uid=cvrp:train:3119 | global_index=3119 | arm=7(omni)
    outcome: reward=0.7500 | selected_cost=26.2402 | best_cost=25.9632 | regret=0.2770
    result: record_global_index=3119 | name=None | score=26.2402
    arm_stats: problem_pulls=132 | problem_avg_reward=0.7197 | global_pulls=132 | global_avg_reward=0.7197
    state: rep_history=300/5000 | linear_history=300/10000 | head_mode=problem_specific | theta_norm=0.9035 | A_inv_diag_mean=0.902233 | A_inv_diag_min=0.795720 | A_inv_diag_max=0.972541
[periodic val tail]
================================================================
2026-04-02 11:09:36
[pgrep]
3691145 bash -c cd /public/home/zhoucl/shiys && while true; do echo '================================================================' >> /public/home/zhoucl/shiys/2cmab2/outputs/2026-04-02-10-54-04_nss_neural_linucb_server/monitor.log; date '+%F %T' >> /public/home/zhoucl/shiys/2cmab2/outputs/2026-04-02-10-54-04_nss_neural_linucb_server/monitor.log; echo '[pgrep]' >> /public/home/zhoucl/shiys/2cmab2/outputs/2026-04-02-10-54-04_nss_neural_linucb_server/monitor.log; pgrep -af '2026-04-02-10-54-04_nss_neural_linucb_server' >> /public/home/zhoucl/shiys/2cmab2/outputs/2026-04-02-10-54-04_nss_neural_linucb_server/monitor.log 2>&1 || true; echo '[gpu]' >> /public/home/zhoucl/shiys/2cmab2/outputs/2026-04-02-10-54-04_nss_neural_linucb_server/monitor.log; nvidia-smi --query-gpu=index,name,memory.used,memory.total,utilization.gpu --format=csv,noheader,nounits >> /public/home/zhoucl/shiys/2cmab2/outputs/2026-04-02-10-54-04_nss_neural_linucb_server/monitor.log 2>&1 || true; echo '[console tail]' >> /public/home/zhoucl/shiys/2cmab2/outputs/2026-04-02-10-54-04_nss_neural_linucb_server/monitor.log; tail -n 20 /public/home/zhoucl/shiys/2cmab2/outputs/2026-04-02-10-54-04_nss_neural_linucb_server/console.log >> /public/home/zhoucl/shiys/2cmab2/outputs/2026-04-02-10-54-04_nss_neural_linucb_server/monitor.log 2>&1 || true; echo '[detail tail]' >> /public/home/zhoucl/shiys/2cmab2/outputs/2026-04-02-10-54-04_nss_neural_linucb_server/monitor.log; tail -n 20 /public/home/zhoucl/shiys/2cmab2/outputs/2026-04-02-10-54-04_nss_neural_linucb_server/neural_linucb.log >> /public/home/zhoucl/shiys/2cmab2/outputs/2026-04-02-10-54-04_nss_neural_linucb_server/monitor.log 2>&1 || true; echo '[periodic val tail]' >> /public/home/zhoucl/shiys/2cmab2/outputs/2026-04-02-10-54-04_nss_neural_linucb_server/monitor.log; tail -n 5 /public/home/zhoucl/shiys/2cmab2/outputs/2026-04-02-10-54-04_nss_neural_linucb_server/periodic_val.jsonl >> /public/home/zhoucl/shiys/2cmab2/outputs/2026-04-02-10-54-04_nss_neural_linucb_server/monitor.log 2>&1 || true; if [ -f /public/home/zhoucl/shiys/2cmab2/outputs/2026-04-02-10-54-04_nss_neural_linucb_server/summary.json ]; then echo '[done] summary.json detected' >> /public/home/zhoucl/shiys/2cmab2/outputs/2026-04-02-10-54-04_nss_neural_linucb_server/monitor.log; break; fi; sleep 60; done
[gpu]
0, NVIDIA GeForce RTX 3090, 6776, 24576, 39
[console tail]
  File "/public/home/zhoucl/shiys/2cmab2/encoders.py", line 436, in encode_samples
    encoded = self.graph_encoder.encode_problem(batch_nodes, problem=problem, mask=mask)
  File "/public/home/zhoucl/shiys/2cmab2/encoders.py", line 373, in encode_problem
    graph_emb = self.cvrp_encoder(batch_nodes[:, :, :3], mask)
  File "/public/home/zhoucl/anaconda3/envs/easynco_zhoucl/lib/python3.8/site-packages/torch/nn/modules/module.py", line 1501, in _call_impl
    return forward_call(*args, **kwargs)
  File "/public/home/zhoucl/shiys/2cmab2/encoders.py", line 114, in forward
    _graph_emb, out, mask = block(out, mask, i)
  File "/public/home/zhoucl/anaconda3/envs/easynco_zhoucl/lib/python3.8/site-packages/torch/nn/modules/module.py", line 1501, in _call_impl
    return forward_call(*args, **kwargs)
  File "/public/home/zhoucl/shiys/2cmab2/encoders.py", line 174, in forward
    score_embs = self.layer_score(embs, mask)
  File "/public/home/zhoucl/anaconda3/envs/easynco_zhoucl/lib/python3.8/site-packages/torch/nn/modules/module.py", line 1501, in _call_impl
    return forward_call(*args, **kwargs)
  File "/public/home/zhoucl/shiys/2cmab2/encoders.py", line 217, in forward
    out_concat = multi_head_attention(q, k, v, rank2_ninf_mask=mask)
  File "/public/home/zhoucl/shiys/2cmab2/encoders.py", line 251, in multi_head_attention
    assert not score_scaled.isinf().all(dim=-1).any(), "All the valid nodes are filtered! Check the pooling operation."
torch.cuda.OutOfMemoryError: CUDA out of memory. Tried to allocate 870.00 MiB (GPU 0; 23.59 GiB total capacity; 14.46 GiB already allocated; 528.50 MiB free; 15.32 GiB reserved in total by PyTorch) If reserved memory is >> allocated memory try setting max_split_size_mb to avoid fragmentation.  See documentation for Memory Management and PYTORCH_CUDA_ALLOC_CONF
ERROR conda.cli.main_run:execute(47): `conda run python 2cmab2/run_offline.py --data-source nss --method neural_linucb --epochs 1 --eval-every-steps 1000 --eval-log-every 500 --checkpoint-every 0 --checkpoint-every-steps 1000 --disable-progress --no-quiet --output-dir /public/home/zhoucl/shiys/2cmab2/outputs/2026-04-02-10-54-04_nss_neural_linucb_server` failed. (See above for error)
[detail tail]
     1(elg             ): pulls=   5 | mean=+0.4054 | bonus=0.3445 | score=+0.7499
     2(lehd            ): pulls=   6 | mean=+0.3898 | bonus=0.3542 | score=+0.7439
     7(omni            ): pulls= 130 | mean=+0.6557 | bonus=0.1774 | score=+0.8331 <--
     8(mvmoe           ): pulls=   5 | mean=+0.2826 | bonus=0.2970 | score=+0.5795
10:57:54 | t=299 | UPDATE | problem=CVRP | head=CVRP | uid=cvrp:train:8028 | global_index=8028 | arm=7(omni)
    outcome: reward=0.0000 | selected_cost=9.3850 | best_cost=8.6727 | regret=0.7123
    result: record_global_index=8028 | name=None | score=9.3850
    arm_stats: problem_pulls=131 | problem_avg_reward=0.7195 | global_pulls=131 | global_avg_reward=0.7195
    state: rep_history=299/5000 | linear_history=299/10000 | head_mode=problem_specific | theta_norm=0.9013 | A_inv_diag_mean=0.902353 | A_inv_diag_min=0.795927 | A_inv_diag_max=0.972650
10:57:54 | epoch=1 | TRAIN[299] | CVRP | select arm=7(omni) | reason=score
     0(bq              ): pulls=   7 | mean=+0.4835 | bonus=0.3300 | score=+0.8135
     1(elg             ): pulls=   5 | mean=+0.5681 | bonus=0.3387 | score=+0.9069
     2(lehd            ): pulls=   6 | mean=+0.5847 | bonus=0.3340 | score=+0.9187
     7(omni            ): pulls= 131 | mean=+0.8036 | bonus=0.1842 | score=+0.9878 <--
     8(mvmoe           ): pulls=   5 | mean=+0.4500 | bonus=0.3128 | score=+0.7629
10:57:54 | t=300 | UPDATE | problem=CVRP | head=CVRP | uid=cvrp:train:3119 | global_index=3119 | arm=7(omni)
    outcome: reward=0.7500 | selected_cost=26.2402 | best_cost=25.9632 | regret=0.2770
    result: record_global_index=3119 | name=None | score=26.2402
    arm_stats: problem_pulls=132 | problem_avg_reward=0.7197 | global_pulls=132 | global_avg_reward=0.7197
    state: rep_history=300/5000 | linear_history=300/10000 | head_mode=problem_specific | theta_norm=0.9035 | A_inv_diag_mean=0.902233 | A_inv_diag_min=0.795720 | A_inv_diag_max=0.972541
[periodic val tail]
================================================================
2026-04-02 11:10:36
[pgrep]
3691145 bash -c cd /public/home/zhoucl/shiys && while true; do echo '================================================================' >> /public/home/zhoucl/shiys/2cmab2/outputs/2026-04-02-10-54-04_nss_neural_linucb_server/monitor.log; date '+%F %T' >> /public/home/zhoucl/shiys/2cmab2/outputs/2026-04-02-10-54-04_nss_neural_linucb_server/monitor.log; echo '[pgrep]' >> /public/home/zhoucl/shiys/2cmab2/outputs/2026-04-02-10-54-04_nss_neural_linucb_server/monitor.log; pgrep -af '2026-04-02-10-54-04_nss_neural_linucb_server' >> /public/home/zhoucl/shiys/2cmab2/outputs/2026-04-02-10-54-04_nss_neural_linucb_server/monitor.log 2>&1 || true; echo '[gpu]' >> /public/home/zhoucl/shiys/2cmab2/outputs/2026-04-02-10-54-04_nss_neural_linucb_server/monitor.log; nvidia-smi --query-gpu=index,name,memory.used,memory.total,utilization.gpu --format=csv,noheader,nounits >> /public/home/zhoucl/shiys/2cmab2/outputs/2026-04-02-10-54-04_nss_neural_linucb_server/monitor.log 2>&1 || true; echo '[console tail]' >> /public/home/zhoucl/shiys/2cmab2/outputs/2026-04-02-10-54-04_nss_neural_linucb_server/monitor.log; tail -n 20 /public/home/zhoucl/shiys/2cmab2/outputs/2026-04-02-10-54-04_nss_neural_linucb_server/console.log >> /public/home/zhoucl/shiys/2cmab2/outputs/2026-04-02-10-54-04_nss_neural_linucb_server/monitor.log 2>&1 || true; echo '[detail tail]' >> /public/home/zhoucl/shiys/2cmab2/outputs/2026-04-02-10-54-04_nss_neural_linucb_server/monitor.log; tail -n 20 /public/home/zhoucl/shiys/2cmab2/outputs/2026-04-02-10-54-04_nss_neural_linucb_server/neural_linucb.log >> /public/home/zhoucl/shiys/2cmab2/outputs/2026-04-02-10-54-04_nss_neural_linucb_server/monitor.log 2>&1 || true; echo '[periodic val tail]' >> /public/home/zhoucl/shiys/2cmab2/outputs/2026-04-02-10-54-04_nss_neural_linucb_server/monitor.log; tail -n 5 /public/home/zhoucl/shiys/2cmab2/outputs/2026-04-02-10-54-04_nss_neural_linucb_server/periodic_val.jsonl >> /public/home/zhoucl/shiys/2cmab2/outputs/2026-04-02-10-54-04_nss_neural_linucb_server/monitor.log 2>&1 || true; if [ -f /public/home/zhoucl/shiys/2cmab2/outputs/2026-04-02-10-54-04_nss_neural_linucb_server/summary.json ]; then echo '[done] summary.json detected' >> /public/home/zhoucl/shiys/2cmab2/outputs/2026-04-02-10-54-04_nss_neural_linucb_server/monitor.log; break; fi; sleep 60; done
[gpu]
0, NVIDIA GeForce RTX 3090, 6776, 24576, 62
[console tail]
  File "/public/home/zhoucl/shiys/2cmab2/encoders.py", line 436, in encode_samples
    encoded = self.graph_encoder.encode_problem(batch_nodes, problem=problem, mask=mask)
  File "/public/home/zhoucl/shiys/2cmab2/encoders.py", line 373, in encode_problem
    graph_emb = self.cvrp_encoder(batch_nodes[:, :, :3], mask)
  File "/public/home/zhoucl/anaconda3/envs/easynco_zhoucl/lib/python3.8/site-packages/torch/nn/modules/module.py", line 1501, in _call_impl
    return forward_call(*args, **kwargs)
  File "/public/home/zhoucl/shiys/2cmab2/encoders.py", line 114, in forward
    _graph_emb, out, mask = block(out, mask, i)
  File "/public/home/zhoucl/anaconda3/envs/easynco_zhoucl/lib/python3.8/site-packages/torch/nn/modules/module.py", line 1501, in _call_impl
    return forward_call(*args, **kwargs)
  File "/public/home/zhoucl/shiys/2cmab2/encoders.py", line 174, in forward
    score_embs = self.layer_score(embs, mask)
  File "/public/home/zhoucl/anaconda3/envs/easynco_zhoucl/lib/python3.8/site-packages/torch/nn/modules/module.py", line 1501, in _call_impl
    return forward_call(*args, **kwargs)
  File "/public/home/zhoucl/shiys/2cmab2/encoders.py", line 217, in forward
    out_concat = multi_head_attention(q, k, v, rank2_ninf_mask=mask)
  File "/public/home/zhoucl/shiys/2cmab2/encoders.py", line 251, in multi_head_attention
    assert not score_scaled.isinf().all(dim=-1).any(), "All the valid nodes are filtered! Check the pooling operation."
torch.cuda.OutOfMemoryError: CUDA out of memory. Tried to allocate 870.00 MiB (GPU 0; 23.59 GiB total capacity; 14.46 GiB already allocated; 528.50 MiB free; 15.32 GiB reserved in total by PyTorch) If reserved memory is >> allocated memory try setting max_split_size_mb to avoid fragmentation.  See documentation for Memory Management and PYTORCH_CUDA_ALLOC_CONF
ERROR conda.cli.main_run:execute(47): `conda run python 2cmab2/run_offline.py --data-source nss --method neural_linucb --epochs 1 --eval-every-steps 1000 --eval-log-every 500 --checkpoint-every 0 --checkpoint-every-steps 1000 --disable-progress --no-quiet --output-dir /public/home/zhoucl/shiys/2cmab2/outputs/2026-04-02-10-54-04_nss_neural_linucb_server` failed. (See above for error)
[detail tail]
     1(elg             ): pulls=   5 | mean=+0.4054 | bonus=0.3445 | score=+0.7499
     2(lehd            ): pulls=   6 | mean=+0.3898 | bonus=0.3542 | score=+0.7439
     7(omni            ): pulls= 130 | mean=+0.6557 | bonus=0.1774 | score=+0.8331 <--
     8(mvmoe           ): pulls=   5 | mean=+0.2826 | bonus=0.2970 | score=+0.5795
10:57:54 | t=299 | UPDATE | problem=CVRP | head=CVRP | uid=cvrp:train:8028 | global_index=8028 | arm=7(omni)
    outcome: reward=0.0000 | selected_cost=9.3850 | best_cost=8.6727 | regret=0.7123
    result: record_global_index=8028 | name=None | score=9.3850
    arm_stats: problem_pulls=131 | problem_avg_reward=0.7195 | global_pulls=131 | global_avg_reward=0.7195
    state: rep_history=299/5000 | linear_history=299/10000 | head_mode=problem_specific | theta_norm=0.9013 | A_inv_diag_mean=0.902353 | A_inv_diag_min=0.795927 | A_inv_diag_max=0.972650
10:57:54 | epoch=1 | TRAIN[299] | CVRP | select arm=7(omni) | reason=score
     0(bq              ): pulls=   7 | mean=+0.4835 | bonus=0.3300 | score=+0.8135
     1(elg             ): pulls=   5 | mean=+0.5681 | bonus=0.3387 | score=+0.9069
     2(lehd            ): pulls=   6 | mean=+0.5847 | bonus=0.3340 | score=+0.9187
     7(omni            ): pulls= 131 | mean=+0.8036 | bonus=0.1842 | score=+0.9878 <--
     8(mvmoe           ): pulls=   5 | mean=+0.4500 | bonus=0.3128 | score=+0.7629
10:57:54 | t=300 | UPDATE | problem=CVRP | head=CVRP | uid=cvrp:train:3119 | global_index=3119 | arm=7(omni)
    outcome: reward=0.7500 | selected_cost=26.2402 | best_cost=25.9632 | regret=0.2770
    result: record_global_index=3119 | name=None | score=26.2402
    arm_stats: problem_pulls=132 | problem_avg_reward=0.7197 | global_pulls=132 | global_avg_reward=0.7197
    state: rep_history=300/5000 | linear_history=300/10000 | head_mode=problem_specific | theta_norm=0.9035 | A_inv_diag_mean=0.902233 | A_inv_diag_min=0.795720 | A_inv_diag_max=0.972541
[periodic val tail]
================================================================
2026-04-02 11:11:36
[pgrep]
3691145 bash -c cd /public/home/zhoucl/shiys && while true; do echo '================================================================' >> /public/home/zhoucl/shiys/2cmab2/outputs/2026-04-02-10-54-04_nss_neural_linucb_server/monitor.log; date '+%F %T' >> /public/home/zhoucl/shiys/2cmab2/outputs/2026-04-02-10-54-04_nss_neural_linucb_server/monitor.log; echo '[pgrep]' >> /public/home/zhoucl/shiys/2cmab2/outputs/2026-04-02-10-54-04_nss_neural_linucb_server/monitor.log; pgrep -af '2026-04-02-10-54-04_nss_neural_linucb_server' >> /public/home/zhoucl/shiys/2cmab2/outputs/2026-04-02-10-54-04_nss_neural_linucb_server/monitor.log 2>&1 || true; echo '[gpu]' >> /public/home/zhoucl/shiys/2cmab2/outputs/2026-04-02-10-54-04_nss_neural_linucb_server/monitor.log; nvidia-smi --query-gpu=index,name,memory.used,memory.total,utilization.gpu --format=csv,noheader,nounits >> /public/home/zhoucl/shiys/2cmab2/outputs/2026-04-02-10-54-04_nss_neural_linucb_server/monitor.log 2>&1 || true; echo '[console tail]' >> /public/home/zhoucl/shiys/2cmab2/outputs/2026-04-02-10-54-04_nss_neural_linucb_server/monitor.log; tail -n 20 /public/home/zhoucl/shiys/2cmab2/outputs/2026-04-02-10-54-04_nss_neural_linucb_server/console.log >> /public/home/zhoucl/shiys/2cmab2/outputs/2026-04-02-10-54-04_nss_neural_linucb_server/monitor.log 2>&1 || true; echo '[detail tail]' >> /public/home/zhoucl/shiys/2cmab2/outputs/2026-04-02-10-54-04_nss_neural_linucb_server/monitor.log; tail -n 20 /public/home/zhoucl/shiys/2cmab2/outputs/2026-04-02-10-54-04_nss_neural_linucb_server/neural_linucb.log >> /public/home/zhoucl/shiys/2cmab2/outputs/2026-04-02-10-54-04_nss_neural_linucb_server/monitor.log 2>&1 || true; echo '[periodic val tail]' >> /public/home/zhoucl/shiys/2cmab2/outputs/2026-04-02-10-54-04_nss_neural_linucb_server/monitor.log; tail -n 5 /public/home/zhoucl/shiys/2cmab2/outputs/2026-04-02-10-54-04_nss_neural_linucb_server/periodic_val.jsonl >> /public/home/zhoucl/shiys/2cmab2/outputs/2026-04-02-10-54-04_nss_neural_linucb_server/monitor.log 2>&1 || true; if [ -f /public/home/zhoucl/shiys/2cmab2/outputs/2026-04-02-10-54-04_nss_neural_linucb_server/summary.json ]; then echo '[done] summary.json detected' >> /public/home/zhoucl/shiys/2cmab2/outputs/2026-04-02-10-54-04_nss_neural_linucb_server/monitor.log; break; fi; sleep 60; done
[gpu]
0, NVIDIA GeForce RTX 3090, 2, 24576, 0
[console tail]
  File "/public/home/zhoucl/shiys/2cmab2/encoders.py", line 436, in encode_samples
    encoded = self.graph_encoder.encode_problem(batch_nodes, problem=problem, mask=mask)
  File "/public/home/zhoucl/shiys/2cmab2/encoders.py", line 373, in encode_problem
    graph_emb = self.cvrp_encoder(batch_nodes[:, :, :3], mask)
  File "/public/home/zhoucl/anaconda3/envs/easynco_zhoucl/lib/python3.8/site-packages/torch/nn/modules/module.py", line 1501, in _call_impl
    return forward_call(*args, **kwargs)
  File "/public/home/zhoucl/shiys/2cmab2/encoders.py", line 114, in forward
    _graph_emb, out, mask = block(out, mask, i)
  File "/public/home/zhoucl/anaconda3/envs/easynco_zhoucl/lib/python3.8/site-packages/torch/nn/modules/module.py", line 1501, in _call_impl
    return forward_call(*args, **kwargs)
  File "/public/home/zhoucl/shiys/2cmab2/encoders.py", line 174, in forward
    score_embs = self.layer_score(embs, mask)
  File "/public/home/zhoucl/anaconda3/envs/easynco_zhoucl/lib/python3.8/site-packages/torch/nn/modules/module.py", line 1501, in _call_impl
    return forward_call(*args, **kwargs)
  File "/public/home/zhoucl/shiys/2cmab2/encoders.py", line 217, in forward
    out_concat = multi_head_attention(q, k, v, rank2_ninf_mask=mask)
  File "/public/home/zhoucl/shiys/2cmab2/encoders.py", line 251, in multi_head_attention
    assert not score_scaled.isinf().all(dim=-1).any(), "All the valid nodes are filtered! Check the pooling operation."
torch.cuda.OutOfMemoryError: CUDA out of memory. Tried to allocate 870.00 MiB (GPU 0; 23.59 GiB total capacity; 14.46 GiB already allocated; 528.50 MiB free; 15.32 GiB reserved in total by PyTorch) If reserved memory is >> allocated memory try setting max_split_size_mb to avoid fragmentation.  See documentation for Memory Management and PYTORCH_CUDA_ALLOC_CONF
ERROR conda.cli.main_run:execute(47): `conda run python 2cmab2/run_offline.py --data-source nss --method neural_linucb --epochs 1 --eval-every-steps 1000 --eval-log-every 500 --checkpoint-every 0 --checkpoint-every-steps 1000 --disable-progress --no-quiet --output-dir /public/home/zhoucl/shiys/2cmab2/outputs/2026-04-02-10-54-04_nss_neural_linucb_server` failed. (See above for error)
[detail tail]
     1(elg             ): pulls=   5 | mean=+0.4054 | bonus=0.3445 | score=+0.7499
     2(lehd            ): pulls=   6 | mean=+0.3898 | bonus=0.3542 | score=+0.7439
     7(omni            ): pulls= 130 | mean=+0.6557 | bonus=0.1774 | score=+0.8331 <--
     8(mvmoe           ): pulls=   5 | mean=+0.2826 | bonus=0.2970 | score=+0.5795
10:57:54 | t=299 | UPDATE | problem=CVRP | head=CVRP | uid=cvrp:train:8028 | global_index=8028 | arm=7(omni)
    outcome: reward=0.0000 | selected_cost=9.3850 | best_cost=8.6727 | regret=0.7123
    result: record_global_index=8028 | name=None | score=9.3850
    arm_stats: problem_pulls=131 | problem_avg_reward=0.7195 | global_pulls=131 | global_avg_reward=0.7195
    state: rep_history=299/5000 | linear_history=299/10000 | head_mode=problem_specific | theta_norm=0.9013 | A_inv_diag_mean=0.902353 | A_inv_diag_min=0.795927 | A_inv_diag_max=0.972650
10:57:54 | epoch=1 | TRAIN[299] | CVRP | select arm=7(omni) | reason=score
     0(bq              ): pulls=   7 | mean=+0.4835 | bonus=0.3300 | score=+0.8135
     1(elg             ): pulls=   5 | mean=+0.5681 | bonus=0.3387 | score=+0.9069
     2(lehd            ): pulls=   6 | mean=+0.5847 | bonus=0.3340 | score=+0.9187
     7(omni            ): pulls= 131 | mean=+0.8036 | bonus=0.1842 | score=+0.9878 <--
     8(mvmoe           ): pulls=   5 | mean=+0.4500 | bonus=0.3128 | score=+0.7629
10:57:54 | t=300 | UPDATE | problem=CVRP | head=CVRP | uid=cvrp:train:3119 | global_index=3119 | arm=7(omni)
    outcome: reward=0.7500 | selected_cost=26.2402 | best_cost=25.9632 | regret=0.2770
    result: record_global_index=3119 | name=None | score=26.2402
    arm_stats: problem_pulls=132 | problem_avg_reward=0.7197 | global_pulls=132 | global_avg_reward=0.7197
    state: rep_history=300/5000 | linear_history=300/10000 | head_mode=problem_specific | theta_norm=0.9035 | A_inv_diag_mean=0.902233 | A_inv_diag_min=0.795720 | A_inv_diag_max=0.972541
[periodic val tail]
================================================================
2026-04-02 11:12:36
[pgrep]
3691145 bash -c cd /public/home/zhoucl/shiys && while true; do echo '================================================================' >> /public/home/zhoucl/shiys/2cmab2/outputs/2026-04-02-10-54-04_nss_neural_linucb_server/monitor.log; date '+%F %T' >> /public/home/zhoucl/shiys/2cmab2/outputs/2026-04-02-10-54-04_nss_neural_linucb_server/monitor.log; echo '[pgrep]' >> /public/home/zhoucl/shiys/2cmab2/outputs/2026-04-02-10-54-04_nss_neural_linucb_server/monitor.log; pgrep -af '2026-04-02-10-54-04_nss_neural_linucb_server' >> /public/home/zhoucl/shiys/2cmab2/outputs/2026-04-02-10-54-04_nss_neural_linucb_server/monitor.log 2>&1 || true; echo '[gpu]' >> /public/home/zhoucl/shiys/2cmab2/outputs/2026-04-02-10-54-04_nss_neural_linucb_server/monitor.log; nvidia-smi --query-gpu=index,name,memory.used,memory.total,utilization.gpu --format=csv,noheader,nounits >> /public/home/zhoucl/shiys/2cmab2/outputs/2026-04-02-10-54-04_nss_neural_linucb_server/monitor.log 2>&1 || true; echo '[console tail]' >> /public/home/zhoucl/shiys/2cmab2/outputs/2026-04-02-10-54-04_nss_neural_linucb_server/monitor.log; tail -n 20 /public/home/zhoucl/shiys/2cmab2/outputs/2026-04-02-10-54-04_nss_neural_linucb_server/console.log >> /public/home/zhoucl/shiys/2cmab2/outputs/2026-04-02-10-54-04_nss_neural_linucb_server/monitor.log 2>&1 || true; echo '[detail tail]' >> /public/home/zhoucl/shiys/2cmab2/outputs/2026-04-02-10-54-04_nss_neural_linucb_server/monitor.log; tail -n 20 /public/home/zhoucl/shiys/2cmab2/outputs/2026-04-02-10-54-04_nss_neural_linucb_server/neural_linucb.log >> /public/home/zhoucl/shiys/2cmab2/outputs/2026-04-02-10-54-04_nss_neural_linucb_server/monitor.log 2>&1 || true; echo '[periodic val tail]' >> /public/home/zhoucl/shiys/2cmab2/outputs/2026-04-02-10-54-04_nss_neural_linucb_server/monitor.log; tail -n 5 /public/home/zhoucl/shiys/2cmab2/outputs/2026-04-02-10-54-04_nss_neural_linucb_server/periodic_val.jsonl >> /public/home/zhoucl/shiys/2cmab2/outputs/2026-04-02-10-54-04_nss_neural_linucb_server/monitor.log 2>&1 || true; if [ -f /public/home/zhoucl/shiys/2cmab2/outputs/2026-04-02-10-54-04_nss_neural_linucb_server/summary.json ]; then echo '[done] summary.json detected' >> /public/home/zhoucl/shiys/2cmab2/outputs/2026-04-02-10-54-04_nss_neural_linucb_server/monitor.log; break; fi; sleep 60; done
[gpu]
0, NVIDIA GeForce RTX 3090, 2, 24576, 0
[console tail]
  File "/public/home/zhoucl/shiys/2cmab2/encoders.py", line 436, in encode_samples
    encoded = self.graph_encoder.encode_problem(batch_nodes, problem=problem, mask=mask)
  File "/public/home/zhoucl/shiys/2cmab2/encoders.py", line 373, in encode_problem
    graph_emb = self.cvrp_encoder(batch_nodes[:, :, :3], mask)
  File "/public/home/zhoucl/anaconda3/envs/easynco_zhoucl/lib/python3.8/site-packages/torch/nn/modules/module.py", line 1501, in _call_impl
    return forward_call(*args, **kwargs)
  File "/public/home/zhoucl/shiys/2cmab2/encoders.py", line 114, in forward
    _graph_emb, out, mask = block(out, mask, i)
  File "/public/home/zhoucl/anaconda3/envs/easynco_zhoucl/lib/python3.8/site-packages/torch/nn/modules/module.py", line 1501, in _call_impl
    return forward_call(*args, **kwargs)
  File "/public/home/zhoucl/shiys/2cmab2/encoders.py", line 174, in forward
    score_embs = self.layer_score(embs, mask)
  File "/public/home/zhoucl/anaconda3/envs/easynco_zhoucl/lib/python3.8/site-packages/torch/nn/modules/module.py", line 1501, in _call_impl
    return forward_call(*args, **kwargs)
  File "/public/home/zhoucl/shiys/2cmab2/encoders.py", line 217, in forward
    out_concat = multi_head_attention(q, k, v, rank2_ninf_mask=mask)
  File "/public/home/zhoucl/shiys/2cmab2/encoders.py", line 251, in multi_head_attention
    assert not score_scaled.isinf().all(dim=-1).any(), "All the valid nodes are filtered! Check the pooling operation."
torch.cuda.OutOfMemoryError: CUDA out of memory. Tried to allocate 870.00 MiB (GPU 0; 23.59 GiB total capacity; 14.46 GiB already allocated; 528.50 MiB free; 15.32 GiB reserved in total by PyTorch) If reserved memory is >> allocated memory try setting max_split_size_mb to avoid fragmentation.  See documentation for Memory Management and PYTORCH_CUDA_ALLOC_CONF
ERROR conda.cli.main_run:execute(47): `conda run python 2cmab2/run_offline.py --data-source nss --method neural_linucb --epochs 1 --eval-every-steps 1000 --eval-log-every 500 --checkpoint-every 0 --checkpoint-every-steps 1000 --disable-progress --no-quiet --output-dir /public/home/zhoucl/shiys/2cmab2/outputs/2026-04-02-10-54-04_nss_neural_linucb_server` failed. (See above for error)
[detail tail]
     1(elg             ): pulls=   5 | mean=+0.4054 | bonus=0.3445 | score=+0.7499
     2(lehd            ): pulls=   6 | mean=+0.3898 | bonus=0.3542 | score=+0.7439
     7(omni            ): pulls= 130 | mean=+0.6557 | bonus=0.1774 | score=+0.8331 <--
     8(mvmoe           ): pulls=   5 | mean=+0.2826 | bonus=0.2970 | score=+0.5795
10:57:54 | t=299 | UPDATE | problem=CVRP | head=CVRP | uid=cvrp:train:8028 | global_index=8028 | arm=7(omni)
    outcome: reward=0.0000 | selected_cost=9.3850 | best_cost=8.6727 | regret=0.7123
    result: record_global_index=8028 | name=None | score=9.3850
    arm_stats: problem_pulls=131 | problem_avg_reward=0.7195 | global_pulls=131 | global_avg_reward=0.7195
    state: rep_history=299/5000 | linear_history=299/10000 | head_mode=problem_specific | theta_norm=0.9013 | A_inv_diag_mean=0.902353 | A_inv_diag_min=0.795927 | A_inv_diag_max=0.972650
10:57:54 | epoch=1 | TRAIN[299] | CVRP | select arm=7(omni) | reason=score
     0(bq              ): pulls=   7 | mean=+0.4835 | bonus=0.3300 | score=+0.8135
     1(elg             ): pulls=   5 | mean=+0.5681 | bonus=0.3387 | score=+0.9069
     2(lehd            ): pulls=   6 | mean=+0.5847 | bonus=0.3340 | score=+0.9187
     7(omni            ): pulls= 131 | mean=+0.8036 | bonus=0.1842 | score=+0.9878 <--
     8(mvmoe           ): pulls=   5 | mean=+0.4500 | bonus=0.3128 | score=+0.7629
10:57:54 | t=300 | UPDATE | problem=CVRP | head=CVRP | uid=cvrp:train:3119 | global_index=3119 | arm=7(omni)
    outcome: reward=0.7500 | selected_cost=26.2402 | best_cost=25.9632 | regret=0.2770
    result: record_global_index=3119 | name=None | score=26.2402
    arm_stats: problem_pulls=132 | problem_avg_reward=0.7197 | global_pulls=132 | global_avg_reward=0.7197
    state: rep_history=300/5000 | linear_history=300/10000 | head_mode=problem_specific | theta_norm=0.9035 | A_inv_diag_mean=0.902233 | A_inv_diag_min=0.795720 | A_inv_diag_max=0.972541
[periodic val tail]
================================================================
2026-04-02 11:13:36
[pgrep]
3691145 bash -c cd /public/home/zhoucl/shiys && while true; do echo '================================================================' >> /public/home/zhoucl/shiys/2cmab2/outputs/2026-04-02-10-54-04_nss_neural_linucb_server/monitor.log; date '+%F %T' >> /public/home/zhoucl/shiys/2cmab2/outputs/2026-04-02-10-54-04_nss_neural_linucb_server/monitor.log; echo '[pgrep]' >> /public/home/zhoucl/shiys/2cmab2/outputs/2026-04-02-10-54-04_nss_neural_linucb_server/monitor.log; pgrep -af '2026-04-02-10-54-04_nss_neural_linucb_server' >> /public/home/zhoucl/shiys/2cmab2/outputs/2026-04-02-10-54-04_nss_neural_linucb_server/monitor.log 2>&1 || true; echo '[gpu]' >> /public/home/zhoucl/shiys/2cmab2/outputs/2026-04-02-10-54-04_nss_neural_linucb_server/monitor.log; nvidia-smi --query-gpu=index,name,memory.used,memory.total,utilization.gpu --format=csv,noheader,nounits >> /public/home/zhoucl/shiys/2cmab2/outputs/2026-04-02-10-54-04_nss_neural_linucb_server/monitor.log 2>&1 || true; echo '[console tail]' >> /public/home/zhoucl/shiys/2cmab2/outputs/2026-04-02-10-54-04_nss_neural_linucb_server/monitor.log; tail -n 20 /public/home/zhoucl/shiys/2cmab2/outputs/2026-04-02-10-54-04_nss_neural_linucb_server/console.log >> /public/home/zhoucl/shiys/2cmab2/outputs/2026-04-02-10-54-04_nss_neural_linucb_server/monitor.log 2>&1 || true; echo '[detail tail]' >> /public/home/zhoucl/shiys/2cmab2/outputs/2026-04-02-10-54-04_nss_neural_linucb_server/monitor.log; tail -n 20 /public/home/zhoucl/shiys/2cmab2/outputs/2026-04-02-10-54-04_nss_neural_linucb_server/neural_linucb.log >> /public/home/zhoucl/shiys/2cmab2/outputs/2026-04-02-10-54-04_nss_neural_linucb_server/monitor.log 2>&1 || true; echo '[periodic val tail]' >> /public/home/zhoucl/shiys/2cmab2/outputs/2026-04-02-10-54-04_nss_neural_linucb_server/monitor.log; tail -n 5 /public/home/zhoucl/shiys/2cmab2/outputs/2026-04-02-10-54-04_nss_neural_linucb_server/periodic_val.jsonl >> /public/home/zhoucl/shiys/2cmab2/outputs/2026-04-02-10-54-04_nss_neural_linucb_server/monitor.log 2>&1 || true; if [ -f /public/home/zhoucl/shiys/2cmab2/outputs/2026-04-02-10-54-04_nss_neural_linucb_server/summary.json ]; then echo '[done] summary.json detected' >> /public/home/zhoucl/shiys/2cmab2/outputs/2026-04-02-10-54-04_nss_neural_linucb_server/monitor.log; break; fi; sleep 60; done
[gpu]
0, NVIDIA GeForce RTX 3090, 2, 24576, 0
[console tail]
  File "/public/home/zhoucl/shiys/2cmab2/encoders.py", line 436, in encode_samples
    encoded = self.graph_encoder.encode_problem(batch_nodes, problem=problem, mask=mask)
  File "/public/home/zhoucl/shiys/2cmab2/encoders.py", line 373, in encode_problem
    graph_emb = self.cvrp_encoder(batch_nodes[:, :, :3], mask)
  File "/public/home/zhoucl/anaconda3/envs/easynco_zhoucl/lib/python3.8/site-packages/torch/nn/modules/module.py", line 1501, in _call_impl
    return forward_call(*args, **kwargs)
  File "/public/home/zhoucl/shiys/2cmab2/encoders.py", line 114, in forward
    _graph_emb, out, mask = block(out, mask, i)
  File "/public/home/zhoucl/anaconda3/envs/easynco_zhoucl/lib/python3.8/site-packages/torch/nn/modules/module.py", line 1501, in _call_impl
    return forward_call(*args, **kwargs)
  File "/public/home/zhoucl/shiys/2cmab2/encoders.py", line 174, in forward
    score_embs = self.layer_score(embs, mask)
  File "/public/home/zhoucl/anaconda3/envs/easynco_zhoucl/lib/python3.8/site-packages/torch/nn/modules/module.py", line 1501, in _call_impl
    return forward_call(*args, **kwargs)
  File "/public/home/zhoucl/shiys/2cmab2/encoders.py", line 217, in forward
    out_concat = multi_head_attention(q, k, v, rank2_ninf_mask=mask)
  File "/public/home/zhoucl/shiys/2cmab2/encoders.py", line 251, in multi_head_attention
    assert not score_scaled.isinf().all(dim=-1).any(), "All the valid nodes are filtered! Check the pooling operation."
torch.cuda.OutOfMemoryError: CUDA out of memory. Tried to allocate 870.00 MiB (GPU 0; 23.59 GiB total capacity; 14.46 GiB already allocated; 528.50 MiB free; 15.32 GiB reserved in total by PyTorch) If reserved memory is >> allocated memory try setting max_split_size_mb to avoid fragmentation.  See documentation for Memory Management and PYTORCH_CUDA_ALLOC_CONF
ERROR conda.cli.main_run:execute(47): `conda run python 2cmab2/run_offline.py --data-source nss --method neural_linucb --epochs 1 --eval-every-steps 1000 --eval-log-every 500 --checkpoint-every 0 --checkpoint-every-steps 1000 --disable-progress --no-quiet --output-dir /public/home/zhoucl/shiys/2cmab2/outputs/2026-04-02-10-54-04_nss_neural_linucb_server` failed. (See above for error)
[detail tail]
     1(elg             ): pulls=   5 | mean=+0.4054 | bonus=0.3445 | score=+0.7499
     2(lehd            ): pulls=   6 | mean=+0.3898 | bonus=0.3542 | score=+0.7439
     7(omni            ): pulls= 130 | mean=+0.6557 | bonus=0.1774 | score=+0.8331 <--
     8(mvmoe           ): pulls=   5 | mean=+0.2826 | bonus=0.2970 | score=+0.5795
10:57:54 | t=299 | UPDATE | problem=CVRP | head=CVRP | uid=cvrp:train:8028 | global_index=8028 | arm=7(omni)
    outcome: reward=0.0000 | selected_cost=9.3850 | best_cost=8.6727 | regret=0.7123
    result: record_global_index=8028 | name=None | score=9.3850
    arm_stats: problem_pulls=131 | problem_avg_reward=0.7195 | global_pulls=131 | global_avg_reward=0.7195
    state: rep_history=299/5000 | linear_history=299/10000 | head_mode=problem_specific | theta_norm=0.9013 | A_inv_diag_mean=0.902353 | A_inv_diag_min=0.795927 | A_inv_diag_max=0.972650
10:57:54 | epoch=1 | TRAIN[299] | CVRP | select arm=7(omni) | reason=score
     0(bq              ): pulls=   7 | mean=+0.4835 | bonus=0.3300 | score=+0.8135
     1(elg             ): pulls=   5 | mean=+0.5681 | bonus=0.3387 | score=+0.9069
     2(lehd            ): pulls=   6 | mean=+0.5847 | bonus=0.3340 | score=+0.9187
     7(omni            ): pulls= 131 | mean=+0.8036 | bonus=0.1842 | score=+0.9878 <--
     8(mvmoe           ): pulls=   5 | mean=+0.4500 | bonus=0.3128 | score=+0.7629
10:57:54 | t=300 | UPDATE | problem=CVRP | head=CVRP | uid=cvrp:train:3119 | global_index=3119 | arm=7(omni)
    outcome: reward=0.7500 | selected_cost=26.2402 | best_cost=25.9632 | regret=0.2770
    result: record_global_index=3119 | name=None | score=26.2402
    arm_stats: problem_pulls=132 | problem_avg_reward=0.7197 | global_pulls=132 | global_avg_reward=0.7197
    state: rep_history=300/5000 | linear_history=300/10000 | head_mode=problem_specific | theta_norm=0.9035 | A_inv_diag_mean=0.902233 | A_inv_diag_min=0.795720 | A_inv_diag_max=0.972541
[periodic val tail]
================================================================
2026-04-02 11:14:36
[pgrep]
3691145 bash -c cd /public/home/zhoucl/shiys && while true; do echo '================================================================' >> /public/home/zhoucl/shiys/2cmab2/outputs/2026-04-02-10-54-04_nss_neural_linucb_server/monitor.log; date '+%F %T' >> /public/home/zhoucl/shiys/2cmab2/outputs/2026-04-02-10-54-04_nss_neural_linucb_server/monitor.log; echo '[pgrep]' >> /public/home/zhoucl/shiys/2cmab2/outputs/2026-04-02-10-54-04_nss_neural_linucb_server/monitor.log; pgrep -af '2026-04-02-10-54-04_nss_neural_linucb_server' >> /public/home/zhoucl/shiys/2cmab2/outputs/2026-04-02-10-54-04_nss_neural_linucb_server/monitor.log 2>&1 || true; echo '[gpu]' >> /public/home/zhoucl/shiys/2cmab2/outputs/2026-04-02-10-54-04_nss_neural_linucb_server/monitor.log; nvidia-smi --query-gpu=index,name,memory.used,memory.total,utilization.gpu --format=csv,noheader,nounits >> /public/home/zhoucl/shiys/2cmab2/outputs/2026-04-02-10-54-04_nss_neural_linucb_server/monitor.log 2>&1 || true; echo '[console tail]' >> /public/home/zhoucl/shiys/2cmab2/outputs/2026-04-02-10-54-04_nss_neural_linucb_server/monitor.log; tail -n 20 /public/home/zhoucl/shiys/2cmab2/outputs/2026-04-02-10-54-04_nss_neural_linucb_server/console.log >> /public/home/zhoucl/shiys/2cmab2/outputs/2026-04-02-10-54-04_nss_neural_linucb_server/monitor.log 2>&1 || true; echo '[detail tail]' >> /public/home/zhoucl/shiys/2cmab2/outputs/2026-04-02-10-54-04_nss_neural_linucb_server/monitor.log; tail -n 20 /public/home/zhoucl/shiys/2cmab2/outputs/2026-04-02-10-54-04_nss_neural_linucb_server/neural_linucb.log >> /public/home/zhoucl/shiys/2cmab2/outputs/2026-04-02-10-54-04_nss_neural_linucb_server/monitor.log 2>&1 || true; echo '[periodic val tail]' >> /public/home/zhoucl/shiys/2cmab2/outputs/2026-04-02-10-54-04_nss_neural_linucb_server/monitor.log; tail -n 5 /public/home/zhoucl/shiys/2cmab2/outputs/2026-04-02-10-54-04_nss_neural_linucb_server/periodic_val.jsonl >> /public/home/zhoucl/shiys/2cmab2/outputs/2026-04-02-10-54-04_nss_neural_linucb_server/monitor.log 2>&1 || true; if [ -f /public/home/zhoucl/shiys/2cmab2/outputs/2026-04-02-10-54-04_nss_neural_linucb_server/summary.json ]; then echo '[done] summary.json detected' >> /public/home/zhoucl/shiys/2cmab2/outputs/2026-04-02-10-54-04_nss_neural_linucb_server/monitor.log; break; fi; sleep 60; done
[gpu]
0, NVIDIA GeForce RTX 3090, 2, 24576, 0
[console tail]
  File "/public/home/zhoucl/shiys/2cmab2/encoders.py", line 436, in encode_samples
    encoded = self.graph_encoder.encode_problem(batch_nodes, problem=problem, mask=mask)
  File "/public/home/zhoucl/shiys/2cmab2/encoders.py", line 373, in encode_problem
    graph_emb = self.cvrp_encoder(batch_nodes[:, :, :3], mask)
  File "/public/home/zhoucl/anaconda3/envs/easynco_zhoucl/lib/python3.8/site-packages/torch/nn/modules/module.py", line 1501, in _call_impl
    return forward_call(*args, **kwargs)
  File "/public/home/zhoucl/shiys/2cmab2/encoders.py", line 114, in forward
    _graph_emb, out, mask = block(out, mask, i)
  File "/public/home/zhoucl/anaconda3/envs/easynco_zhoucl/lib/python3.8/site-packages/torch/nn/modules/module.py", line 1501, in _call_impl
    return forward_call(*args, **kwargs)
  File "/public/home/zhoucl/shiys/2cmab2/encoders.py", line 174, in forward
    score_embs = self.layer_score(embs, mask)
  File "/public/home/zhoucl/anaconda3/envs/easynco_zhoucl/lib/python3.8/site-packages/torch/nn/modules/module.py", line 1501, in _call_impl
    return forward_call(*args, **kwargs)
  File "/public/home/zhoucl/shiys/2cmab2/encoders.py", line 217, in forward
    out_concat = multi_head_attention(q, k, v, rank2_ninf_mask=mask)
  File "/public/home/zhoucl/shiys/2cmab2/encoders.py", line 251, in multi_head_attention
    assert not score_scaled.isinf().all(dim=-1).any(), "All the valid nodes are filtered! Check the pooling operation."
torch.cuda.OutOfMemoryError: CUDA out of memory. Tried to allocate 870.00 MiB (GPU 0; 23.59 GiB total capacity; 14.46 GiB already allocated; 528.50 MiB free; 15.32 GiB reserved in total by PyTorch) If reserved memory is >> allocated memory try setting max_split_size_mb to avoid fragmentation.  See documentation for Memory Management and PYTORCH_CUDA_ALLOC_CONF
ERROR conda.cli.main_run:execute(47): `conda run python 2cmab2/run_offline.py --data-source nss --method neural_linucb --epochs 1 --eval-every-steps 1000 --eval-log-every 500 --checkpoint-every 0 --checkpoint-every-steps 1000 --disable-progress --no-quiet --output-dir /public/home/zhoucl/shiys/2cmab2/outputs/2026-04-02-10-54-04_nss_neural_linucb_server` failed. (See above for error)
[detail tail]
     1(elg             ): pulls=   5 | mean=+0.4054 | bonus=0.3445 | score=+0.7499
     2(lehd            ): pulls=   6 | mean=+0.3898 | bonus=0.3542 | score=+0.7439
     7(omni            ): pulls= 130 | mean=+0.6557 | bonus=0.1774 | score=+0.8331 <--
     8(mvmoe           ): pulls=   5 | mean=+0.2826 | bonus=0.2970 | score=+0.5795
10:57:54 | t=299 | UPDATE | problem=CVRP | head=CVRP | uid=cvrp:train:8028 | global_index=8028 | arm=7(omni)
    outcome: reward=0.0000 | selected_cost=9.3850 | best_cost=8.6727 | regret=0.7123
    result: record_global_index=8028 | name=None | score=9.3850
    arm_stats: problem_pulls=131 | problem_avg_reward=0.7195 | global_pulls=131 | global_avg_reward=0.7195
    state: rep_history=299/5000 | linear_history=299/10000 | head_mode=problem_specific | theta_norm=0.9013 | A_inv_diag_mean=0.902353 | A_inv_diag_min=0.795927 | A_inv_diag_max=0.972650
10:57:54 | epoch=1 | TRAIN[299] | CVRP | select arm=7(omni) | reason=score
     0(bq              ): pulls=   7 | mean=+0.4835 | bonus=0.3300 | score=+0.8135
     1(elg             ): pulls=   5 | mean=+0.5681 | bonus=0.3387 | score=+0.9069
     2(lehd            ): pulls=   6 | mean=+0.5847 | bonus=0.3340 | score=+0.9187
     7(omni            ): pulls= 131 | mean=+0.8036 | bonus=0.1842 | score=+0.9878 <--
     8(mvmoe           ): pulls=   5 | mean=+0.4500 | bonus=0.3128 | score=+0.7629
10:57:54 | t=300 | UPDATE | problem=CVRP | head=CVRP | uid=cvrp:train:3119 | global_index=3119 | arm=7(omni)
    outcome: reward=0.7500 | selected_cost=26.2402 | best_cost=25.9632 | regret=0.2770
    result: record_global_index=3119 | name=None | score=26.2402
    arm_stats: problem_pulls=132 | problem_avg_reward=0.7197 | global_pulls=132 | global_avg_reward=0.7197
    state: rep_history=300/5000 | linear_history=300/10000 | head_mode=problem_specific | theta_norm=0.9035 | A_inv_diag_mean=0.902233 | A_inv_diag_min=0.795720 | A_inv_diag_max=0.972541
[periodic val tail]
================================================================
2026-04-02 11:15:36
[pgrep]
3691145 bash -c cd /public/home/zhoucl/shiys && while true; do echo '================================================================' >> /public/home/zhoucl/shiys/2cmab2/outputs/2026-04-02-10-54-04_nss_neural_linucb_server/monitor.log; date '+%F %T' >> /public/home/zhoucl/shiys/2cmab2/outputs/2026-04-02-10-54-04_nss_neural_linucb_server/monitor.log; echo '[pgrep]' >> /public/home/zhoucl/shiys/2cmab2/outputs/2026-04-02-10-54-04_nss_neural_linucb_server/monitor.log; pgrep -af '2026-04-02-10-54-04_nss_neural_linucb_server' >> /public/home/zhoucl/shiys/2cmab2/outputs/2026-04-02-10-54-04_nss_neural_linucb_server/monitor.log 2>&1 || true; echo '[gpu]' >> /public/home/zhoucl/shiys/2cmab2/outputs/2026-04-02-10-54-04_nss_neural_linucb_server/monitor.log; nvidia-smi --query-gpu=index,name,memory.used,memory.total,utilization.gpu --format=csv,noheader,nounits >> /public/home/zhoucl/shiys/2cmab2/outputs/2026-04-02-10-54-04_nss_neural_linucb_server/monitor.log 2>&1 || true; echo '[console tail]' >> /public/home/zhoucl/shiys/2cmab2/outputs/2026-04-02-10-54-04_nss_neural_linucb_server/monitor.log; tail -n 20 /public/home/zhoucl/shiys/2cmab2/outputs/2026-04-02-10-54-04_nss_neural_linucb_server/console.log >> /public/home/zhoucl/shiys/2cmab2/outputs/2026-04-02-10-54-04_nss_neural_linucb_server/monitor.log 2>&1 || true; echo '[detail tail]' >> /public/home/zhoucl/shiys/2cmab2/outputs/2026-04-02-10-54-04_nss_neural_linucb_server/monitor.log; tail -n 20 /public/home/zhoucl/shiys/2cmab2/outputs/2026-04-02-10-54-04_nss_neural_linucb_server/neural_linucb.log >> /public/home/zhoucl/shiys/2cmab2/outputs/2026-04-02-10-54-04_nss_neural_linucb_server/monitor.log 2>&1 || true; echo '[periodic val tail]' >> /public/home/zhoucl/shiys/2cmab2/outputs/2026-04-02-10-54-04_nss_neural_linucb_server/monitor.log; tail -n 5 /public/home/zhoucl/shiys/2cmab2/outputs/2026-04-02-10-54-04_nss_neural_linucb_server/periodic_val.jsonl >> /public/home/zhoucl/shiys/2cmab2/outputs/2026-04-02-10-54-04_nss_neural_linucb_server/monitor.log 2>&1 || true; if [ -f /public/home/zhoucl/shiys/2cmab2/outputs/2026-04-02-10-54-04_nss_neural_linucb_server/summary.json ]; then echo '[done] summary.json detected' >> /public/home/zhoucl/shiys/2cmab2/outputs/2026-04-02-10-54-04_nss_neural_linucb_server/monitor.log; break; fi; sleep 60; done
[gpu]
0, NVIDIA GeForce RTX 3090, 2, 24576, 0
[console tail]
  File "/public/home/zhoucl/shiys/2cmab2/encoders.py", line 436, in encode_samples
    encoded = self.graph_encoder.encode_problem(batch_nodes, problem=problem, mask=mask)
  File "/public/home/zhoucl/shiys/2cmab2/encoders.py", line 373, in encode_problem
    graph_emb = self.cvrp_encoder(batch_nodes[:, :, :3], mask)
  File "/public/home/zhoucl/anaconda3/envs/easynco_zhoucl/lib/python3.8/site-packages/torch/nn/modules/module.py", line 1501, in _call_impl
    return forward_call(*args, **kwargs)
  File "/public/home/zhoucl/shiys/2cmab2/encoders.py", line 114, in forward
    _graph_emb, out, mask = block(out, mask, i)
  File "/public/home/zhoucl/anaconda3/envs/easynco_zhoucl/lib/python3.8/site-packages/torch/nn/modules/module.py", line 1501, in _call_impl
    return forward_call(*args, **kwargs)
  File "/public/home/zhoucl/shiys/2cmab2/encoders.py", line 174, in forward
    score_embs = self.layer_score(embs, mask)
  File "/public/home/zhoucl/anaconda3/envs/easynco_zhoucl/lib/python3.8/site-packages/torch/nn/modules/module.py", line 1501, in _call_impl
    return forward_call(*args, **kwargs)
  File "/public/home/zhoucl/shiys/2cmab2/encoders.py", line 217, in forward
    out_concat = multi_head_attention(q, k, v, rank2_ninf_mask=mask)
  File "/public/home/zhoucl/shiys/2cmab2/encoders.py", line 251, in multi_head_attention
    assert not score_scaled.isinf().all(dim=-1).any(), "All the valid nodes are filtered! Check the pooling operation."
torch.cuda.OutOfMemoryError: CUDA out of memory. Tried to allocate 870.00 MiB (GPU 0; 23.59 GiB total capacity; 14.46 GiB already allocated; 528.50 MiB free; 15.32 GiB reserved in total by PyTorch) If reserved memory is >> allocated memory try setting max_split_size_mb to avoid fragmentation.  See documentation for Memory Management and PYTORCH_CUDA_ALLOC_CONF
ERROR conda.cli.main_run:execute(47): `conda run python 2cmab2/run_offline.py --data-source nss --method neural_linucb --epochs 1 --eval-every-steps 1000 --eval-log-every 500 --checkpoint-every 0 --checkpoint-every-steps 1000 --disable-progress --no-quiet --output-dir /public/home/zhoucl/shiys/2cmab2/outputs/2026-04-02-10-54-04_nss_neural_linucb_server` failed. (See above for error)
[detail tail]
     1(elg             ): pulls=   5 | mean=+0.4054 | bonus=0.3445 | score=+0.7499
     2(lehd            ): pulls=   6 | mean=+0.3898 | bonus=0.3542 | score=+0.7439
     7(omni            ): pulls= 130 | mean=+0.6557 | bonus=0.1774 | score=+0.8331 <--
     8(mvmoe           ): pulls=   5 | mean=+0.2826 | bonus=0.2970 | score=+0.5795
10:57:54 | t=299 | UPDATE | problem=CVRP | head=CVRP | uid=cvrp:train:8028 | global_index=8028 | arm=7(omni)
    outcome: reward=0.0000 | selected_cost=9.3850 | best_cost=8.6727 | regret=0.7123
    result: record_global_index=8028 | name=None | score=9.3850
    arm_stats: problem_pulls=131 | problem_avg_reward=0.7195 | global_pulls=131 | global_avg_reward=0.7195
    state: rep_history=299/5000 | linear_history=299/10000 | head_mode=problem_specific | theta_norm=0.9013 | A_inv_diag_mean=0.902353 | A_inv_diag_min=0.795927 | A_inv_diag_max=0.972650
10:57:54 | epoch=1 | TRAIN[299] | CVRP | select arm=7(omni) | reason=score
     0(bq              ): pulls=   7 | mean=+0.4835 | bonus=0.3300 | score=+0.8135
     1(elg             ): pulls=   5 | mean=+0.5681 | bonus=0.3387 | score=+0.9069
     2(lehd            ): pulls=   6 | mean=+0.5847 | bonus=0.3340 | score=+0.9187
     7(omni            ): pulls= 131 | mean=+0.8036 | bonus=0.1842 | score=+0.9878 <--
     8(mvmoe           ): pulls=   5 | mean=+0.4500 | bonus=0.3128 | score=+0.7629
10:57:54 | t=300 | UPDATE | problem=CVRP | head=CVRP | uid=cvrp:train:3119 | global_index=3119 | arm=7(omni)
    outcome: reward=0.7500 | selected_cost=26.2402 | best_cost=25.9632 | regret=0.2770
    result: record_global_index=3119 | name=None | score=26.2402
    arm_stats: problem_pulls=132 | problem_avg_reward=0.7197 | global_pulls=132 | global_avg_reward=0.7197
    state: rep_history=300/5000 | linear_history=300/10000 | head_mode=problem_specific | theta_norm=0.9035 | A_inv_diag_mean=0.902233 | A_inv_diag_min=0.795720 | A_inv_diag_max=0.972541
[periodic val tail]
================================================================
2026-04-02 11:16:36
[pgrep]
3691145 bash -c cd /public/home/zhoucl/shiys && while true; do echo '================================================================' >> /public/home/zhoucl/shiys/2cmab2/outputs/2026-04-02-10-54-04_nss_neural_linucb_server/monitor.log; date '+%F %T' >> /public/home/zhoucl/shiys/2cmab2/outputs/2026-04-02-10-54-04_nss_neural_linucb_server/monitor.log; echo '[pgrep]' >> /public/home/zhoucl/shiys/2cmab2/outputs/2026-04-02-10-54-04_nss_neural_linucb_server/monitor.log; pgrep -af '2026-04-02-10-54-04_nss_neural_linucb_server' >> /public/home/zhoucl/shiys/2cmab2/outputs/2026-04-02-10-54-04_nss_neural_linucb_server/monitor.log 2>&1 || true; echo '[gpu]' >> /public/home/zhoucl/shiys/2cmab2/outputs/2026-04-02-10-54-04_nss_neural_linucb_server/monitor.log; nvidia-smi --query-gpu=index,name,memory.used,memory.total,utilization.gpu --format=csv,noheader,nounits >> /public/home/zhoucl/shiys/2cmab2/outputs/2026-04-02-10-54-04_nss_neural_linucb_server/monitor.log 2>&1 || true; echo '[console tail]' >> /public/home/zhoucl/shiys/2cmab2/outputs/2026-04-02-10-54-04_nss_neural_linucb_server/monitor.log; tail -n 20 /public/home/zhoucl/shiys/2cmab2/outputs/2026-04-02-10-54-04_nss_neural_linucb_server/console.log >> /public/home/zhoucl/shiys/2cmab2/outputs/2026-04-02-10-54-04_nss_neural_linucb_server/monitor.log 2>&1 || true; echo '[detail tail]' >> /public/home/zhoucl/shiys/2cmab2/outputs/2026-04-02-10-54-04_nss_neural_linucb_server/monitor.log; tail -n 20 /public/home/zhoucl/shiys/2cmab2/outputs/2026-04-02-10-54-04_nss_neural_linucb_server/neural_linucb.log >> /public/home/zhoucl/shiys/2cmab2/outputs/2026-04-02-10-54-04_nss_neural_linucb_server/monitor.log 2>&1 || true; echo '[periodic val tail]' >> /public/home/zhoucl/shiys/2cmab2/outputs/2026-04-02-10-54-04_nss_neural_linucb_server/monitor.log; tail -n 5 /public/home/zhoucl/shiys/2cmab2/outputs/2026-04-02-10-54-04_nss_neural_linucb_server/periodic_val.jsonl >> /public/home/zhoucl/shiys/2cmab2/outputs/2026-04-02-10-54-04_nss_neural_linucb_server/monitor.log 2>&1 || true; if [ -f /public/home/zhoucl/shiys/2cmab2/outputs/2026-04-02-10-54-04_nss_neural_linucb_server/summary.json ]; then echo '[done] summary.json detected' >> /public/home/zhoucl/shiys/2cmab2/outputs/2026-04-02-10-54-04_nss_neural_linucb_server/monitor.log; break; fi; sleep 60; done
[gpu]
0, NVIDIA GeForce RTX 3090, 2, 24576, 0
[console tail]
  File "/public/home/zhoucl/shiys/2cmab2/encoders.py", line 436, in encode_samples
    encoded = self.graph_encoder.encode_problem(batch_nodes, problem=problem, mask=mask)
  File "/public/home/zhoucl/shiys/2cmab2/encoders.py", line 373, in encode_problem
    graph_emb = self.cvrp_encoder(batch_nodes[:, :, :3], mask)
  File "/public/home/zhoucl/anaconda3/envs/easynco_zhoucl/lib/python3.8/site-packages/torch/nn/modules/module.py", line 1501, in _call_impl
    return forward_call(*args, **kwargs)
  File "/public/home/zhoucl/shiys/2cmab2/encoders.py", line 114, in forward
    _graph_emb, out, mask = block(out, mask, i)
  File "/public/home/zhoucl/anaconda3/envs/easynco_zhoucl/lib/python3.8/site-packages/torch/nn/modules/module.py", line 1501, in _call_impl
    return forward_call(*args, **kwargs)
  File "/public/home/zhoucl/shiys/2cmab2/encoders.py", line 174, in forward
    score_embs = self.layer_score(embs, mask)
  File "/public/home/zhoucl/anaconda3/envs/easynco_zhoucl/lib/python3.8/site-packages/torch/nn/modules/module.py", line 1501, in _call_impl
    return forward_call(*args, **kwargs)
  File "/public/home/zhoucl/shiys/2cmab2/encoders.py", line 217, in forward
    out_concat = multi_head_attention(q, k, v, rank2_ninf_mask=mask)
  File "/public/home/zhoucl/shiys/2cmab2/encoders.py", line 251, in multi_head_attention
    assert not score_scaled.isinf().all(dim=-1).any(), "All the valid nodes are filtered! Check the pooling operation."
torch.cuda.OutOfMemoryError: CUDA out of memory. Tried to allocate 870.00 MiB (GPU 0; 23.59 GiB total capacity; 14.46 GiB already allocated; 528.50 MiB free; 15.32 GiB reserved in total by PyTorch) If reserved memory is >> allocated memory try setting max_split_size_mb to avoid fragmentation.  See documentation for Memory Management and PYTORCH_CUDA_ALLOC_CONF
ERROR conda.cli.main_run:execute(47): `conda run python 2cmab2/run_offline.py --data-source nss --method neural_linucb --epochs 1 --eval-every-steps 1000 --eval-log-every 500 --checkpoint-every 0 --checkpoint-every-steps 1000 --disable-progress --no-quiet --output-dir /public/home/zhoucl/shiys/2cmab2/outputs/2026-04-02-10-54-04_nss_neural_linucb_server` failed. (See above for error)
[detail tail]
     1(elg             ): pulls=   5 | mean=+0.4054 | bonus=0.3445 | score=+0.7499
     2(lehd            ): pulls=   6 | mean=+0.3898 | bonus=0.3542 | score=+0.7439
     7(omni            ): pulls= 130 | mean=+0.6557 | bonus=0.1774 | score=+0.8331 <--
     8(mvmoe           ): pulls=   5 | mean=+0.2826 | bonus=0.2970 | score=+0.5795
10:57:54 | t=299 | UPDATE | problem=CVRP | head=CVRP | uid=cvrp:train:8028 | global_index=8028 | arm=7(omni)
    outcome: reward=0.0000 | selected_cost=9.3850 | best_cost=8.6727 | regret=0.7123
    result: record_global_index=8028 | name=None | score=9.3850
    arm_stats: problem_pulls=131 | problem_avg_reward=0.7195 | global_pulls=131 | global_avg_reward=0.7195
    state: rep_history=299/5000 | linear_history=299/10000 | head_mode=problem_specific | theta_norm=0.9013 | A_inv_diag_mean=0.902353 | A_inv_diag_min=0.795927 | A_inv_diag_max=0.972650
10:57:54 | epoch=1 | TRAIN[299] | CVRP | select arm=7(omni) | reason=score
     0(bq              ): pulls=   7 | mean=+0.4835 | bonus=0.3300 | score=+0.8135
     1(elg             ): pulls=   5 | mean=+0.5681 | bonus=0.3387 | score=+0.9069
     2(lehd            ): pulls=   6 | mean=+0.5847 | bonus=0.3340 | score=+0.9187
     7(omni            ): pulls= 131 | mean=+0.8036 | bonus=0.1842 | score=+0.9878 <--
     8(mvmoe           ): pulls=   5 | mean=+0.4500 | bonus=0.3128 | score=+0.7629
10:57:54 | t=300 | UPDATE | problem=CVRP | head=CVRP | uid=cvrp:train:3119 | global_index=3119 | arm=7(omni)
    outcome: reward=0.7500 | selected_cost=26.2402 | best_cost=25.9632 | regret=0.2770
    result: record_global_index=3119 | name=None | score=26.2402
    arm_stats: problem_pulls=132 | problem_avg_reward=0.7197 | global_pulls=132 | global_avg_reward=0.7197
    state: rep_history=300/5000 | linear_history=300/10000 | head_mode=problem_specific | theta_norm=0.9035 | A_inv_diag_mean=0.902233 | A_inv_diag_min=0.795720 | A_inv_diag_max=0.972541
[periodic val tail]
================================================================
2026-04-02 11:17:36
[pgrep]
3691145 bash -c cd /public/home/zhoucl/shiys && while true; do echo '================================================================' >> /public/home/zhoucl/shiys/2cmab2/outputs/2026-04-02-10-54-04_nss_neural_linucb_server/monitor.log; date '+%F %T' >> /public/home/zhoucl/shiys/2cmab2/outputs/2026-04-02-10-54-04_nss_neural_linucb_server/monitor.log; echo '[pgrep]' >> /public/home/zhoucl/shiys/2cmab2/outputs/2026-04-02-10-54-04_nss_neural_linucb_server/monitor.log; pgrep -af '2026-04-02-10-54-04_nss_neural_linucb_server' >> /public/home/zhoucl/shiys/2cmab2/outputs/2026-04-02-10-54-04_nss_neural_linucb_server/monitor.log 2>&1 || true; echo '[gpu]' >> /public/home/zhoucl/shiys/2cmab2/outputs/2026-04-02-10-54-04_nss_neural_linucb_server/monitor.log; nvidia-smi --query-gpu=index,name,memory.used,memory.total,utilization.gpu --format=csv,noheader,nounits >> /public/home/zhoucl/shiys/2cmab2/outputs/2026-04-02-10-54-04_nss_neural_linucb_server/monitor.log 2>&1 || true; echo '[console tail]' >> /public/home/zhoucl/shiys/2cmab2/outputs/2026-04-02-10-54-04_nss_neural_linucb_server/monitor.log; tail -n 20 /public/home/zhoucl/shiys/2cmab2/outputs/2026-04-02-10-54-04_nss_neural_linucb_server/console.log >> /public/home/zhoucl/shiys/2cmab2/outputs/2026-04-02-10-54-04_nss_neural_linucb_server/monitor.log 2>&1 || true; echo '[detail tail]' >> /public/home/zhoucl/shiys/2cmab2/outputs/2026-04-02-10-54-04_nss_neural_linucb_server/monitor.log; tail -n 20 /public/home/zhoucl/shiys/2cmab2/outputs/2026-04-02-10-54-04_nss_neural_linucb_server/neural_linucb.log >> /public/home/zhoucl/shiys/2cmab2/outputs/2026-04-02-10-54-04_nss_neural_linucb_server/monitor.log 2>&1 || true; echo '[periodic val tail]' >> /public/home/zhoucl/shiys/2cmab2/outputs/2026-04-02-10-54-04_nss_neural_linucb_server/monitor.log; tail -n 5 /public/home/zhoucl/shiys/2cmab2/outputs/2026-04-02-10-54-04_nss_neural_linucb_server/periodic_val.jsonl >> /public/home/zhoucl/shiys/2cmab2/outputs/2026-04-02-10-54-04_nss_neural_linucb_server/monitor.log 2>&1 || true; if [ -f /public/home/zhoucl/shiys/2cmab2/outputs/2026-04-02-10-54-04_nss_neural_linucb_server/summary.json ]; then echo '[done] summary.json detected' >> /public/home/zhoucl/shiys/2cmab2/outputs/2026-04-02-10-54-04_nss_neural_linucb_server/monitor.log; break; fi; sleep 60; done
[gpu]
0, NVIDIA GeForce RTX 3090, 2, 24576, 0
[console tail]
  File "/public/home/zhoucl/shiys/2cmab2/encoders.py", line 436, in encode_samples
    encoded = self.graph_encoder.encode_problem(batch_nodes, problem=problem, mask=mask)
  File "/public/home/zhoucl/shiys/2cmab2/encoders.py", line 373, in encode_problem
    graph_emb = self.cvrp_encoder(batch_nodes[:, :, :3], mask)
  File "/public/home/zhoucl/anaconda3/envs/easynco_zhoucl/lib/python3.8/site-packages/torch/nn/modules/module.py", line 1501, in _call_impl
    return forward_call(*args, **kwargs)
  File "/public/home/zhoucl/shiys/2cmab2/encoders.py", line 114, in forward
    _graph_emb, out, mask = block(out, mask, i)
  File "/public/home/zhoucl/anaconda3/envs/easynco_zhoucl/lib/python3.8/site-packages/torch/nn/modules/module.py", line 1501, in _call_impl
    return forward_call(*args, **kwargs)
  File "/public/home/zhoucl/shiys/2cmab2/encoders.py", line 174, in forward
    score_embs = self.layer_score(embs, mask)
  File "/public/home/zhoucl/anaconda3/envs/easynco_zhoucl/lib/python3.8/site-packages/torch/nn/modules/module.py", line 1501, in _call_impl
    return forward_call(*args, **kwargs)
  File "/public/home/zhoucl/shiys/2cmab2/encoders.py", line 217, in forward
    out_concat = multi_head_attention(q, k, v, rank2_ninf_mask=mask)
  File "/public/home/zhoucl/shiys/2cmab2/encoders.py", line 251, in multi_head_attention
    assert not score_scaled.isinf().all(dim=-1).any(), "All the valid nodes are filtered! Check the pooling operation."
torch.cuda.OutOfMemoryError: CUDA out of memory. Tried to allocate 870.00 MiB (GPU 0; 23.59 GiB total capacity; 14.46 GiB already allocated; 528.50 MiB free; 15.32 GiB reserved in total by PyTorch) If reserved memory is >> allocated memory try setting max_split_size_mb to avoid fragmentation.  See documentation for Memory Management and PYTORCH_CUDA_ALLOC_CONF
ERROR conda.cli.main_run:execute(47): `conda run python 2cmab2/run_offline.py --data-source nss --method neural_linucb --epochs 1 --eval-every-steps 1000 --eval-log-every 500 --checkpoint-every 0 --checkpoint-every-steps 1000 --disable-progress --no-quiet --output-dir /public/home/zhoucl/shiys/2cmab2/outputs/2026-04-02-10-54-04_nss_neural_linucb_server` failed. (See above for error)
[detail tail]
     1(elg             ): pulls=   5 | mean=+0.4054 | bonus=0.3445 | score=+0.7499
     2(lehd            ): pulls=   6 | mean=+0.3898 | bonus=0.3542 | score=+0.7439
     7(omni            ): pulls= 130 | mean=+0.6557 | bonus=0.1774 | score=+0.8331 <--
     8(mvmoe           ): pulls=   5 | mean=+0.2826 | bonus=0.2970 | score=+0.5795
10:57:54 | t=299 | UPDATE | problem=CVRP | head=CVRP | uid=cvrp:train:8028 | global_index=8028 | arm=7(omni)
    outcome: reward=0.0000 | selected_cost=9.3850 | best_cost=8.6727 | regret=0.7123
    result: record_global_index=8028 | name=None | score=9.3850
    arm_stats: problem_pulls=131 | problem_avg_reward=0.7195 | global_pulls=131 | global_avg_reward=0.7195
    state: rep_history=299/5000 | linear_history=299/10000 | head_mode=problem_specific | theta_norm=0.9013 | A_inv_diag_mean=0.902353 | A_inv_diag_min=0.795927 | A_inv_diag_max=0.972650
10:57:54 | epoch=1 | TRAIN[299] | CVRP | select arm=7(omni) | reason=score
     0(bq              ): pulls=   7 | mean=+0.4835 | bonus=0.3300 | score=+0.8135
     1(elg             ): pulls=   5 | mean=+0.5681 | bonus=0.3387 | score=+0.9069
     2(lehd            ): pulls=   6 | mean=+0.5847 | bonus=0.3340 | score=+0.9187
     7(omni            ): pulls= 131 | mean=+0.8036 | bonus=0.1842 | score=+0.9878 <--
     8(mvmoe           ): pulls=   5 | mean=+0.4500 | bonus=0.3128 | score=+0.7629
10:57:54 | t=300 | UPDATE | problem=CVRP | head=CVRP | uid=cvrp:train:3119 | global_index=3119 | arm=7(omni)
    outcome: reward=0.7500 | selected_cost=26.2402 | best_cost=25.9632 | regret=0.2770
    result: record_global_index=3119 | name=None | score=26.2402
    arm_stats: problem_pulls=132 | problem_avg_reward=0.7197 | global_pulls=132 | global_avg_reward=0.7197
    state: rep_history=300/5000 | linear_history=300/10000 | head_mode=problem_specific | theta_norm=0.9035 | A_inv_diag_mean=0.902233 | A_inv_diag_min=0.795720 | A_inv_diag_max=0.972541
[periodic val tail]
