10:54:51 | epoch=1 | TRAIN[0] | TSP | select arm=0(lehd) | reason=warm_start
     0(lehd            ): pulls=   0 | mean=+0.9964 | bonus=8.1255 | score=+9.1219 | raw=+9.1219 <--
     1(elg             ): pulls=   0 | mean=+0.9542 | bonus=8.2623 | score=+9.2165 | raw=+9.2165
     2(invit           ): pulls=   0 | mean=+0.9599 | bonus=8.2689 | score=+9.2288 | raw=+9.2288
     3(icam            ): pulls=   0 | mean=+0.9750 | bonus=8.3694 | score=+9.3444 | raw=+9.3444
     4(dact            ): pulls=   0 | mean=+0.9805 | bonus=8.3576 | score=+9.3381 | raw=+9.3381
     5(lih             ): pulls=   0 | mean=+0.9708 | bonus=8.2440 | score=+9.2149 | raw=+9.2149
     6(udc             ): pulls=   0 | mean=+0.9671 | bonus=8.3289 | score=+9.2961 | raw=+9.2961
     7(omni            ): pulls=   0 | mean=+0.9435 | bonus=8.3240 | score=+9.2675 | raw=+9.2675
     8(pointerformer   ): pulls=   0 | mean=+0.9995 | bonus=8.2020 | score=+9.2015 | raw=+9.2015
     9(difusco         ): pulls=   0 | mean=+0.9961 | bonus=8.3210 | score=+9.3171 | raw=+9.3171
    10(t2t             ): pulls=   0 | mean=+0.9100 | bonus=8.3545 | score=+9.2645 | raw=+9.2645
    11(glop            ): pulls=   0 | mean=+0.9284 | bonus=8.2372 | score=+9.1655 | raw=+9.1655
10:54:51 | t=1 | UPDATE | problem=TSP | uid=tsp:9164 | global_index=9164 | arm=0(lehd)
    outcome: reward=0.6364 | selected_cost=8.1014 | best_cost=8.0706 | regret=0.0308
    result: record_global_index=9164 | name=None | aug_score=8.1014
    arm_stats: global_pulls=1 | problem_arm_pulls=1 | avg_reward=0.6364 | problem_arm_avg_reward=0.6364
    state: history=1 | U_norm=1558.2048 | U_mean=1.000273 | U_min=1.000000 | U_max=41.397724
10:54:51 | t=1 | TRAIN | module=reward_net | trigger=warmup(<= 240)
    optimize: epochs=5 | steps=5 | batch_size=1 | replay=balanced_problem_arm | history=1 | lr=0.001
    loss: avg=0.029199 | min=0.000010 | max=0.129612 | last=0.000010
    state: U_norm=1558.2048 | U_mean=1.000273 | U_min=1.000000 | U_max=41.397724
10:54:51 | epoch=1 | TRAIN[1] | TSP | select arm=1(elg) | reason=warm_start
     0(lehd            ): pulls=   1 | mean=+0.6387 | bonus=4.1899 | score=+4.8286 | raw=+4.8286 | p_mean_reward=0.6364
     1(elg             ): pulls=   0 | mean=+0.5956 | bonus=4.2171 | score=+4.8127 | raw=+4.8127 <--
     2(invit           ): pulls=   0 | mean=+0.6029 | bonus=4.2433 | score=+4.8462 | raw=+4.8462
     3(icam            ): pulls=   0 | mean=+0.6143 | bonus=4.3029 | score=+4.9172 | raw=+4.9172
     4(dact            ): pulls=   0 | mean=+0.6195 | bonus=4.2661 | score=+4.8857 | raw=+4.8857
     5(lih             ): pulls=   0 | mean=+0.6118 | bonus=4.2485 | score=+4.8603 | raw=+4.8603
     6(udc             ): pulls=   0 | mean=+0.6070 | bonus=4.2795 | score=+4.8866 | raw=+4.8866
     7(omni            ): pulls=   0 | mean=+0.5840 | bonus=4.3068 | score=+4.8908 | raw=+4.8908
     8(pointerformer   ): pulls=   0 | mean=+0.6398 | bonus=4.2156 | score=+4.8555 | raw=+4.8555
     9(difusco         ): pulls=   0 | mean=+0.6355 | bonus=4.2529 | score=+4.8884 | raw=+4.8884
    10(t2t             ): pulls=   0 | mean=+0.5506 | bonus=4.2874 | score=+4.8379 | raw=+4.8379
    11(glop            ): pulls=   0 | mean=+0.5710 | bonus=4.2185 | score=+4.7894 | raw=+4.7894
10:54:52 | t=2 | UPDATE | problem=TSP | uid=tsp:7783 | global_index=7783 | arm=1(elg)
    outcome: reward=0.8182 | selected_cost=8.2021 | best_cost=8.1822 | regret=0.0199
    result: record_global_index=7783 | name=None | aug_score=8.2021
    arm_stats: global_pulls=1 | problem_arm_pulls=1 | avg_reward=0.8182 | problem_arm_avg_reward=0.8182
    state: history=2 | U_norm=1567.5864 | U_mean=1.000551 | U_min=1.000000 | U_max=82.153847
10:54:52 | t=2 | TRAIN | module=reward_net | trigger=warmup(<= 240)
    optimize: epochs=20 | steps=20 | batch_size=2 | replay=balanced_problem_arm | history=2 | lr=0.001
    loss: avg=0.020192 | min=0.000417 | max=0.075710 | last=0.009932
    state: U_norm=1567.5864 | U_mean=1.000551 | U_min=1.000000 | U_max=82.153847
10:54:52 | epoch=1 | TRAIN[2] | CVRP | select arm=2(invit) | reason=warm_start
     0(lehd            ): pulls=   0 | mean=+0.6643 | bonus=3.6670 | score=+4.3313 | raw=+4.3313
     1(elg             ): pulls=   0 | mean=+0.6321 | bonus=3.6764 | score=+4.3086 | raw=+4.3086
     2(invit           ): pulls=   0 | mean=+0.6402 | bonus=3.7050 | score=+4.3452 | raw=+4.3452 <--
     3(icam            ): pulls=   0 | mean=+0.6530 | bonus=3.7644 | score=+4.4174 | raw=+4.4174
     4(dact            ): pulls=   0 | mean=+0.6513 | bonus=3.7140 | score=+4.3653 | raw=+4.3653
     5(lih             ): pulls=   0 | mean=+0.6545 | bonus=3.7270 | score=+4.3814 | raw=+4.3814
     6(udc             ): pulls=   0 | mean=+0.6440 | bonus=3.7405 | score=+4.3845 | raw=+4.3845
     7(omni            ): pulls=   0 | mean=+0.6284 | bonus=3.7679 | score=+4.3963 | raw=+4.3963
10:54:52 | t=3 | UPDATE | problem=CVRP | uid=cvrp:59 | global_index=59 | arm=2(invit)
    outcome: reward=0.4286 | selected_cost=17.0754 | best_cost=16.7241 | regret=0.3514
    result: record_global_index=59 | name=None | aug_score=17.0754
    arm_stats: global_pulls=1 | problem_arm_pulls=1 | avg_reward=0.4286 | problem_arm_avg_reward=0.4286
    state: history=3 | U_norm=1581.1831 | U_mean=1.000808 | U_min=1.000000 | U_max=115.977814
10:54:52 | t=3 | TRAIN | module=reward_net | trigger=warmup(<= 240)
    optimize: epochs=20 | steps=20 | batch_size=3 | replay=balanced_problem_arm | history=3 | lr=0.001
    loss: avg=0.021942 | min=0.001988 | max=0.059733 | last=0.034764
    state: U_norm=1581.1831 | U_mean=1.000808 | U_min=1.000000 | U_max=115.977814
10:54:52 | epoch=1 | TRAIN[3] | CVRP | select arm=3(icam) | reason=warm_start
     0(lehd            ): pulls=   0 | mean=+0.4995 | bonus=3.2590 | score=+3.7584 | raw=+3.7584
     1(elg             ): pulls=   0 | mean=+0.4766 | bonus=3.2698 | score=+3.7464 | raw=+3.7464
     2(invit           ): pulls=   1 | mean=+0.4748 | bonus=3.2757 | score=+3.7504 | raw=+3.7504 | p_mean_reward=0.4286
     3(icam            ): pulls=   0 | mean=+0.4903 | bonus=3.3423 | score=+3.8326 | raw=+3.8326 <--
     4(dact            ): pulls=   0 | mean=+0.4892 | bonus=3.3028 | score=+3.7919 | raw=+3.7919
     5(lih             ): pulls=   0 | mean=+0.4880 | bonus=3.2947 | score=+3.7827 | raw=+3.7827
     6(udc             ): pulls=   0 | mean=+0.4807 | bonus=3.3156 | score=+3.7963 | raw=+3.7963
     7(omni            ): pulls=   0 | mean=+0.4648 | bonus=3.3393 | score=+3.8041 | raw=+3.8041
10:54:53 | t=4 | UPDATE | problem=CVRP | uid=cvrp:2896 | global_index=2896 | arm=3(icam)
    outcome: reward=0.8571 | selected_cost=16.3506 | best_cost=16.1831 | regret=0.1674
    result: record_global_index=2896 | name=None | aug_score=16.3506
    arm_stats: global_pulls=1 | problem_arm_pulls=1 | avg_reward=0.8571 | problem_arm_avg_reward=0.8571
    state: history=4 | U_norm=1598.3108 | U_mean=1.001051 | U_min=1.000000 | U_max=148.909302
10:54:53 | t=4 | TRAIN | module=reward_net | trigger=warmup(<= 240)
    optimize: epochs=20 | steps=20 | batch_size=4 | replay=balanced_problem_arm | history=4 | lr=0.001
    loss: avg=0.033349 | min=0.009069 | max=0.083310 | last=0.024145
    state: U_norm=1598.3108 | U_mean=1.001051 | U_min=1.000000 | U_max=148.909302
10:54:53 | epoch=1 | TRAIN[4] | TSP | select arm=4(dact) | reason=warm_start
     0(lehd            ): pulls=   1 | mean=+0.7522 | bonus=2.8457 | score=+3.5979 | raw=+3.5979 | p_mean_reward=0.6364
     1(elg             ): pulls=   1 | mean=+0.7470 | bonus=2.8535 | score=+3.6004 | raw=+3.6004 | p_mean_reward=0.8182
     2(invit           ): pulls=   0 | mean=+0.7339 | bonus=2.8720 | score=+3.6059 | raw=+3.6059
     3(icam            ): pulls=   0 | mean=+0.7642 | bonus=2.9157 | score=+3.6798 | raw=+3.6798
     4(dact            ): pulls=   0 | mean=+0.7574 | bonus=2.8901 | score=+3.6476 | raw=+3.6476 <--
     5(lih             ): pulls=   0 | mean=+0.7444 | bonus=2.8756 | score=+3.6200 | raw=+3.6200
     6(udc             ): pulls=   0 | mean=+0.7489 | bonus=2.8963 | score=+3.6452 | raw=+3.6452
     7(omni            ): pulls=   0 | mean=+0.7258 | bonus=2.9196 | score=+3.6454 | raw=+3.6454
     8(pointerformer   ): pulls=   0 | mean=+0.7687 | bonus=2.8528 | score=+3.6215 | raw=+3.6215
     9(difusco         ): pulls=   0 | mean=+0.7696 | bonus=2.8972 | score=+3.6668 | raw=+3.6668
    10(t2t             ): pulls=   0 | mean=+0.7084 | bonus=2.8980 | score=+3.6064 | raw=+3.6064
    11(glop            ): pulls=   0 | mean=+0.7118 | bonus=2.8673 | score=+3.5791 | raw=+3.5791
10:54:54 | t=5 | UPDATE | problem=TSP | uid=tsp:7288 | global_index=7288 | arm=4(dact)
    outcome: reward=0.1818 | selected_cost=9.4856 | best_cost=7.2591 | regret=2.2265
    result: record_global_index=7288 | name=None | aug_score=9.4856
    arm_stats: global_pulls=1 | problem_arm_pulls=1 | avg_reward=0.1818 | problem_arm_avg_reward=0.1818
    state: history=5 | U_norm=1616.2653 | U_mean=1.001257 | U_min=1.000000 | U_max=182.241638
10:54:54 | t=5 | TRAIN | module=reward_net | trigger=warmup(<= 240)
    optimize: epochs=20 | steps=20 | batch_size=5 | replay=balanced_problem_arm | history=5 | lr=0.001
    loss: avg=0.056828 | min=0.008842 | max=0.152496 | last=0.112512
    state: U_norm=1616.2653 | U_mean=1.001257 | U_min=1.000000 | U_max=182.241638
10:54:54 | epoch=1 | TRAIN[5] | TSP | select arm=5(lih) | reason=warm_start
     0(lehd            ): pulls=   1 | mean=+0.5477 | bonus=2.5983 | score=+3.1460 | raw=+3.1460 | p_mean_reward=0.6364
     1(elg             ): pulls=   1 | mean=+0.5457 | bonus=2.6034 | score=+3.1491 | raw=+3.1491 | p_mean_reward=0.8182
     2(invit           ): pulls=   0 | mean=+0.5277 | bonus=2.6208 | score=+3.1485 | raw=+3.1485
     3(icam            ): pulls=   0 | mean=+0.5628 | bonus=2.6579 | score=+3.2207 | raw=+3.2207
     4(dact            ): pulls=   1 | mean=+0.5458 | bonus=2.6272 | score=+3.1729 | raw=+3.1729 | p_mean_reward=0.1818
     5(lih             ): pulls=   0 | mean=+0.5398 | bonus=2.6277 | score=+3.1675 | raw=+3.1675 <--
     6(udc             ): pulls=   0 | mean=+0.5443 | bonus=2.6438 | score=+3.1881 | raw=+3.1881
     7(omni            ): pulls=   0 | mean=+0.5218 | bonus=2.6695 | score=+3.1913 | raw=+3.1913
     8(pointerformer   ): pulls=   0 | mean=+0.5637 | bonus=2.6035 | score=+3.1672 | raw=+3.1672
     9(difusco         ): pulls=   0 | mean=+0.5611 | bonus=2.6437 | score=+3.2049 | raw=+3.2049
    10(t2t             ): pulls=   0 | mean=+0.5072 | bonus=2.6471 | score=+3.1543 | raw=+3.1543
    11(glop            ): pulls=   0 | mean=+0.5099 | bonus=2.6206 | score=+3.1305 | raw=+3.1305
10:54:55 | t=6 | UPDATE | problem=TSP | uid=tsp:5980 | global_index=5980 | arm=5(lih)
    outcome: reward=0.0000 | selected_cost=46.0946 | best_cost=7.6396 | regret=38.4550
    result: record_global_index=5980 | name=None | aug_score=46.0946
    arm_stats: global_pulls=1 | problem_arm_pulls=1 | avg_reward=0.0000 | problem_arm_avg_reward=0.0000
    state: history=6 | U_norm=1634.4199 | U_mean=1.001438 | U_min=1.000000 | U_max=210.653015
10:54:55 | t=6 | TRAIN | module=reward_net | trigger=warmup(<= 240)
    optimize: epochs=20 | steps=20 | batch_size=6 | replay=balanced_problem_arm | history=6 | lr=0.001
    loss: avg=0.109023 | min=0.036867 | max=0.171929 | last=0.137418
    state: U_norm=1634.4199 | U_mean=1.001438 | U_min=1.000000 | U_max=210.653015
10:54:55 | epoch=1 | TRAIN[6] | CVRP | select arm=6(udc) | reason=warm_start
     0(lehd            ): pulls=   0 | mean=+0.4484 | bonus=2.4314 | score=+2.8798 | raw=+2.8798
     1(elg             ): pulls=   0 | mean=+0.4490 | bonus=2.4445 | score=+2.8935 | raw=+2.8935
     2(invit           ): pulls=   1 | mean=+0.4258 | bonus=2.4501 | score=+2.8759 | raw=+2.8759 | p_mean_reward=0.4286
     3(icam            ): pulls=   1 | mean=+0.4702 | bonus=2.4970 | score=+2.9672 | raw=+2.9672 | p_mean_reward=0.8571
     4(dact            ): pulls=   0 | mean=+0.4388 | bonus=2.4603 | score=+2.8991 | raw=+2.8991
     5(lih             ): pulls=   0 | mean=+0.4382 | bonus=2.4597 | score=+2.8978 | raw=+2.8978
     6(udc             ): pulls=   0 | mean=+0.4443 | bonus=2.4802 | score=+2.9246 | raw=+2.9246 <--
     7(omni            ): pulls=   0 | mean=+0.4266 | bonus=2.5132 | score=+2.9398 | raw=+2.9398
10:54:56 | t=7 | UPDATE | problem=CVRP | uid=cvrp:5148 | global_index=5148 | arm=6(udc)
    outcome: reward=0.0000 | selected_cost=20.3617 | best_cost=15.4688 | regret=4.8929
    result: record_global_index=5148 | name=None | aug_score=20.3617
    arm_stats: global_pulls=1 | problem_arm_pulls=1 | avg_reward=0.0000 | problem_arm_avg_reward=0.0000
    state: history=7 | U_norm=1652.1147 | U_mean=1.001604 | U_min=1.000000 | U_max=234.245453
10:54:56 | t=7 | TRAIN | module=reward_net | trigger=warmup(<= 240)
    optimize: epochs=20 | steps=20 | batch_size=7 | replay=balanced_problem_arm | history=7 | lr=0.001
    loss: avg=0.132927 | min=0.068186 | max=0.228856 | last=0.122273
    state: U_norm=1652.1147 | U_mean=1.001604 | U_min=1.000000 | U_max=234.245453
10:54:56 | epoch=1 | TRAIN[7] | TSP | select arm=7(omni) | reason=warm_start
     0(lehd            ): pulls=   1 | mean=+0.3176 | bonus=2.1501 | score=+2.4677 | raw=+2.4677 | p_mean_reward=0.6364
     1(elg             ): pulls=   1 | mean=+0.3262 | bonus=2.1527 | score=+2.4790 | raw=+2.4790 | p_mean_reward=0.8182
     2(invit           ): pulls=   0 | mean=+0.2943 | bonus=2.1623 | score=+2.4566 | raw=+2.4566
     3(icam            ): pulls=   0 | mean=+0.3446 | bonus=2.1981 | score=+2.5427 | raw=+2.5427
     4(dact            ): pulls=   1 | mean=+0.3094 | bonus=2.1708 | score=+2.4802 | raw=+2.4802 | p_mean_reward=0.1818
     5(lih             ): pulls=   1 | mean=+0.3005 | bonus=2.1670 | score=+2.4675 | raw=+2.4675 | p_mean_reward=0.0000
     6(udc             ): pulls=   0 | mean=+0.3128 | bonus=2.1749 | score=+2.4878 | raw=+2.4878
     7(omni            ): pulls=   0 | mean=+0.2960 | bonus=2.2162 | score=+2.5122 | raw=+2.5122 <--
     8(pointerformer   ): pulls=   0 | mean=+0.3338 | bonus=2.1574 | score=+2.4912 | raw=+2.4912
     9(difusco         ): pulls=   0 | mean=+0.3250 | bonus=2.1834 | score=+2.5084 | raw=+2.5084
    10(t2t             ): pulls=   0 | mean=+0.2851 | bonus=2.1915 | score=+2.4766 | raw=+2.4766
    11(glop            ): pulls=   0 | mean=+0.2878 | bonus=2.1704 | score=+2.4582 | raw=+2.4582
10:54:57 | t=8 | UPDATE | problem=TSP | uid=tsp:8081 | global_index=8081 | arm=7(omni)
    outcome: reward=0.5455 | selected_cost=7.9293 | best_cost=7.8481 | regret=0.0812
    result: record_global_index=8081 | name=None | aug_score=7.9293
    arm_stats: global_pulls=1 | problem_arm_pulls=1 | avg_reward=0.5455 | problem_arm_avg_reward=0.5455
    state: history=8 | U_norm=1667.6418 | U_mean=1.001741 | U_min=1.000000 | U_max=253.779541
10:54:57 | t=8 | TRAIN | module=reward_net | trigger=warmup(<= 240)
    optimize: epochs=20 | steps=20 | batch_size=8 | replay=balanced_problem_arm | history=8 | lr=0.001
    loss: avg=0.103917 | min=0.060229 | max=0.160667 | last=0.097308
    state: U_norm=1667.6418 | U_mean=1.001741 | U_min=1.000000 | U_max=253.779541
10:54:57 | epoch=1 | TRAIN[8] | TSP | select arm=8(pointerformer) | reason=warm_start
     0(lehd            ): pulls=   1 | mean=+0.4520 | bonus=1.9883 | score=+2.4403 | raw=+2.4403 | p_mean_reward=0.6364
     1(elg             ): pulls=   1 | mean=+0.4645 | bonus=1.9892 | score=+2.4537 | raw=+2.4537 | p_mean_reward=0.8182
     2(invit           ): pulls=   0 | mean=+0.4307 | bonus=2.0002 | score=+2.4309 | raw=+2.4309
     3(icam            ): pulls=   0 | mean=+0.4841 | bonus=2.0306 | score=+2.5148 | raw=+2.5148
     4(dact            ): pulls=   1 | mean=+0.4448 | bonus=2.0042 | score=+2.4491 | raw=+2.4491 | p_mean_reward=0.1818
     5(lih             ): pulls=   1 | mean=+0.4324 | bonus=2.0037 | score=+2.4361 | raw=+2.4361 | p_mean_reward=0.0000
     6(udc             ): pulls=   0 | mean=+0.4466 | bonus=2.0088 | score=+2.4554 | raw=+2.4554
     7(omni            ): pulls=   1 | mean=+0.4349 | bonus=2.0376 | score=+2.4725 | raw=+2.4725 | p_mean_reward=0.5455
     8(pointerformer   ): pulls=   0 | mean=+0.4650 | bonus=1.9954 | score=+2.4604 | raw=+2.4604 <--
     9(difusco         ): pulls=   0 | mean=+0.4618 | bonus=2.0206 | score=+2.4824 | raw=+2.4824
    10(t2t             ): pulls=   0 | mean=+0.4235 | bonus=2.0283 | score=+2.4518 | raw=+2.4518
    11(glop            ): pulls=   0 | mean=+0.4256 | bonus=2.0089 | score=+2.4345 | raw=+2.4345
10:54:58 | t=9 | UPDATE | problem=TSP | uid=tsp:7768 | global_index=7768 | arm=8(pointerformer)
    outcome: reward=0.9545 | selected_cost=7.5894 | best_cost=7.5894 | regret=0.0000
    result: record_global_index=7768 | name=None | aug_score=7.5894
    arm_stats: global_pulls=1 | problem_arm_pulls=1 | avg_reward=0.9545 | problem_arm_avg_reward=0.9545
    state: history=9 | U_norm=1682.2897 | U_mean=1.001859 | U_min=1.000000 | U_max=273.632080
10:54:58 | t=9 | TRAIN | module=reward_net | trigger=warmup(<= 240)
    optimize: epochs=20 | steps=20 | batch_size=9 | replay=balanced_problem_arm | history=9 | lr=0.001
    loss: avg=0.123974 | min=0.040958 | max=0.281511 | last=0.040958
    state: U_norm=1682.2897 | U_mean=1.001859 | U_min=1.000000 | U_max=273.632080
10:54:58 | epoch=1 | TRAIN[9] | TSP | select arm=9(difusco) | reason=warm_start
     0(lehd            ): pulls=   1 | mean=+0.5101 | bonus=1.8666 | score=+2.3767 | raw=+2.3767 | p_mean_reward=0.6364
     1(elg             ): pulls=   1 | mean=+0.5240 | bonus=1.8669 | score=+2.3910 | raw=+2.3910 | p_mean_reward=0.8182
     2(invit           ): pulls=   0 | mean=+0.4882 | bonus=1.8774 | score=+2.3656 | raw=+2.3656
     3(icam            ): pulls=   0 | mean=+0.5427 | bonus=1.9058 | score=+2.4485 | raw=+2.4485
     4(dact            ): pulls=   1 | mean=+0.5017 | bonus=1.8810 | score=+2.3827 | raw=+2.3827 | p_mean_reward=0.1818
     5(lih             ): pulls=   1 | mean=+0.4869 | bonus=1.8809 | score=+2.3678 | raw=+2.3678 | p_mean_reward=0.0000
     6(udc             ): pulls=   0 | mean=+0.5011 | bonus=1.8847 | score=+2.3858 | raw=+2.3858
     7(omni            ): pulls=   1 | mean=+0.4939 | bonus=1.9111 | score=+2.4050 | raw=+2.4050 | p_mean_reward=0.5455
     8(pointerformer   ): pulls=   1 | mean=+0.5231 | bonus=1.8618 | score=+2.3849 | raw=+2.3849 | p_mean_reward=0.9545
     9(difusco         ): pulls=   0 | mean=+0.5198 | bonus=1.8996 | score=+2.4194 | raw=+2.4194 <--
    10(t2t             ): pulls=   0 | mean=+0.4827 | bonus=1.9056 | score=+2.3883 | raw=+2.3883
    11(glop            ): pulls=   0 | mean=+0.4852 | bonus=1.8867 | score=+2.3719 | raw=+2.3719
10:54:59 | t=10 | UPDATE | problem=TSP | uid=tsp:1075 | global_index=1075 | arm=9(difusco)
    outcome: reward=0.6818 | selected_cost=7.5225 | best_cost=7.5224 | regret=0.0001
    result: record_global_index=1075 | name=None | aug_score=7.5225
    arm_stats: global_pulls=1 | problem_arm_pulls=1 | avg_reward=0.6818 | problem_arm_avg_reward=0.6818
    state: history=10 | U_norm=1696.8521 | U_mean=1.001969 | U_min=1.000000 | U_max=292.253174
10:54:59 | t=10 | TRAIN | module=reward_net | trigger=warmup(<= 240)
    optimize: epochs=20 | steps=20 | batch_size=10 | replay=balanced_problem_arm | history=10 | lr=0.001
    loss: avg=0.112055 | min=0.064977 | max=0.175330 | last=0.131455
    state: U_norm=1696.8521 | U_mean=1.001969 | U_min=1.000000 | U_max=292.253174
10:54:59 | epoch=1 | TRAIN[10] | CVRP | select arm=0(lehd) | reason=warm_start
     0(lehd            ): pulls=   0 | mean=+0.4697 | bonus=1.8344 | score=+2.3042 | raw=+2.3042 <--
     1(elg             ): pulls=   0 | mean=+0.4835 | bonus=1.8408 | score=+2.3243 | raw=+2.3243
     2(invit           ): pulls=   1 | mean=+0.4464 | bonus=1.8446 | score=+2.2910 | raw=+2.2910 | p_mean_reward=0.4286
     3(icam            ): pulls=   1 | mean=+0.5022 | bonus=1.8791 | score=+2.3813 | raw=+2.3813 | p_mean_reward=0.8571
     4(dact            ): pulls=   0 | mean=+0.4576 | bonus=1.8517 | score=+2.3094 | raw=+2.3094
     5(lih             ): pulls=   0 | mean=+0.4438 | bonus=1.8540 | score=+2.2978 | raw=+2.2978
     6(udc             ): pulls=   1 | mean=+0.4564 | bonus=1.8576 | score=+2.3139 | raw=+2.3139 | p_mean_reward=0.0000
     7(omni            ): pulls=   0 | mean=+0.4536 | bonus=1.8814 | score=+2.3350 | raw=+2.3350
10:55:00 | t=11 | UPDATE | problem=CVRP | uid=cvrp:3587 | global_index=3587 | arm=0(lehd)
    outcome: reward=0.7143 | selected_cost=13.5064 | best_cost=13.4112 | regret=0.0951
    result: record_global_index=3587 | name=None | aug_score=13.5064
    arm_stats: global_pulls=2 | problem_arm_pulls=1 | avg_reward=0.6753 | problem_arm_avg_reward=0.7143
    state: history=11 | U_norm=1710.6873 | U_mean=1.002071 | U_min=1.000000 | U_max=307.194916
10:55:00 | t=11 | TRAIN | module=reward_net | trigger=warmup(<= 240)
    optimize: epochs=20 | steps=20 | batch_size=11 | replay=balanced_problem_arm | history=11 | lr=0.001
    loss: avg=0.095573 | min=0.052213 | max=0.139181 | last=0.089035
    state: U_norm=1710.6873 | U_mean=1.002071 | U_min=1.000000 | U_max=307.194916
10:55:00 | epoch=1 | TRAIN[11] | TSP | select arm=10(t2t) | reason=warm_start
     0(lehd            ): pulls=   1 | mean=+0.5121 | bonus=1.6837 | score=+2.1958 | raw=+2.1958 | p_mean_reward=0.6364
     1(elg             ): pulls=   1 | mean=+0.5269 | bonus=1.6884 | score=+2.2154 | raw=+2.2154 | p_mean_reward=0.8182
     2(invit           ): pulls=   0 | mean=+0.4889 | bonus=1.6990 | score=+2.1879 | raw=+2.1879
     3(icam            ): pulls=   0 | mean=+0.5436 | bonus=1.7212 | score=+2.2649 | raw=+2.2649
     4(dact            ): pulls=   1 | mean=+0.4990 | bonus=1.7011 | score=+2.2000 | raw=+2.2000 | p_mean_reward=0.1818
     5(lih             ): pulls=   1 | mean=+0.4822 | bonus=1.7014 | score=+2.1836 | raw=+2.1836 | p_mean_reward=0.0000
     6(udc             ): pulls=   0 | mean=+0.4965 | bonus=1.7038 | score=+2.2003 | raw=+2.2003
     7(omni            ): pulls=   1 | mean=+0.4948 | bonus=1.7259 | score=+2.2207 | raw=+2.2207 | p_mean_reward=0.5455
     8(pointerformer   ): pulls=   1 | mean=+0.5240 | bonus=1.6845 | score=+2.2085 | raw=+2.2085 | p_mean_reward=0.9545
     9(difusco         ): pulls=   1 | mean=+0.5214 | bonus=1.7085 | score=+2.2299 | raw=+2.2299 | p_mean_reward=0.6818
    10(t2t             ): pulls=   0 | mean=+0.4852 | bonus=1.7247 | score=+2.2099 | raw=+2.2099 <--
    11(glop            ): pulls=   0 | mean=+0.4881 | bonus=1.7088 | score=+2.1969 | raw=+2.1969
10:55:01 | t=12 | UPDATE | problem=TSP | uid=tsp:157 | global_index=157 | arm=10(t2t)
    outcome: reward=0.2727 | selected_cost=9.8383 | best_cost=7.8653 | regret=1.9729
    result: record_global_index=157 | name=None | aug_score=9.8383
    arm_stats: global_pulls=1 | problem_arm_pulls=1 | avg_reward=0.2727 | problem_arm_avg_reward=0.2727
    state: history=12 | U_norm=1724.3413 | U_mean=1.002165 | U_min=1.000000 | U_max=322.826996
10:55:01 | t=12 | TRAIN | module=reward_net | trigger=warmup(<= 240)
    optimize: epochs=20 | steps=20 | batch_size=12 | replay=balanced_problem_arm | history=12 | lr=0.001
    loss: avg=0.096906 | min=0.048860 | max=0.128078 | last=0.102755
    state: U_norm=1724.3413 | U_mean=1.002165 | U_min=1.000000 | U_max=322.826996
10:55:01 | epoch=1 | TRAIN[12] | TSP | select arm=11(glop) | reason=warm_start
     0(lehd            ): pulls=   1 | mean=+0.5207 | bonus=1.6106 | score=+2.1313 | raw=+2.1313 | p_mean_reward=0.6364
     1(elg             ): pulls=   1 | mean=+0.5351 | bonus=1.6157 | score=+2.1507 | raw=+2.1507 | p_mean_reward=0.8182
     2(invit           ): pulls=   0 | mean=+0.4967 | bonus=1.6255 | score=+2.1222 | raw=+2.1222
     3(icam            ): pulls=   0 | mean=+0.5515 | bonus=1.6461 | score=+2.1976 | raw=+2.1976
     4(dact            ): pulls=   1 | mean=+0.5046 | bonus=1.6275 | score=+2.1321 | raw=+2.1321 | p_mean_reward=0.1818
     5(lih             ): pulls=   1 | mean=+0.4878 | bonus=1.6277 | score=+2.1155 | raw=+2.1155 | p_mean_reward=0.0000
     6(udc             ): pulls=   0 | mean=+0.5024 | bonus=1.6296 | score=+2.1321 | raw=+2.1321
     7(omni            ): pulls=   1 | mean=+0.5031 | bonus=1.6507 | score=+2.1538 | raw=+2.1538 | p_mean_reward=0.5455
     8(pointerformer   ): pulls=   1 | mean=+0.5319 | bonus=1.6123 | score=+2.1442 | raw=+2.1442 | p_mean_reward=0.9545
     9(difusco         ): pulls=   1 | mean=+0.5289 | bonus=1.6345 | score=+2.1635 | raw=+2.1635 | p_mean_reward=0.6818
    10(t2t             ): pulls=   1 | mean=+0.4929 | bonus=1.6353 | score=+2.1282 | raw=+2.1282 | p_mean_reward=0.2727
    11(glop            ): pulls=   0 | mean=+0.4970 | bonus=1.6362 | score=+2.1331 | raw=+2.1331 <--
10:55:02 | t=13 | UPDATE | problem=TSP | uid=tsp:7381 | global_index=7381 | arm=11(glop)
    outcome: reward=0.3636 | selected_cost=8.9995 | best_cost=8.1368 | regret=0.8627
    result: record_global_index=7381 | name=None | aug_score=8.9995
    arm_stats: global_pulls=1 | problem_arm_pulls=1 | avg_reward=0.3636 | problem_arm_avg_reward=0.3636
    state: history=13 | U_norm=1737.3506 | U_mean=1.002252 | U_min=1.000000 | U_max=337.193451
10:55:02 | t=13 | TRAIN | module=reward_net | trigger=warmup(<= 240)
    optimize: epochs=20 | steps=20 | batch_size=13 | replay=balanced_problem_arm | history=13 | lr=0.001
    loss: avg=0.074445 | min=0.040469 | max=0.119516 | last=0.072485
    state: U_norm=1737.3506 | U_mean=1.002252 | U_min=1.000000 | U_max=337.193451
10:55:02 | epoch=1 | TRAIN[13] | CVRP | select arm=1(elg) | reason=warm_start
     0(lehd            ): pulls=   1 | mean=+0.4800 | bonus=1.5651 | score=+2.0451 | raw=+2.0451 | p_mean_reward=0.7143
     1(elg             ): pulls=   0 | mean=+0.4932 | bonus=1.5751 | score=+2.0683 | raw=+2.0683 <--
     2(invit           ): pulls=   1 | mean=+0.4548 | bonus=1.5805 | score=+2.0353 | raw=+2.0353 | p_mean_reward=0.4286
     3(icam            ): pulls=   1 | mean=+0.5103 | bonus=1.6048 | score=+2.1151 | raw=+2.1151 | p_mean_reward=0.8571
     4(dact            ): pulls=   0 | mean=+0.4601 | bonus=1.5836 | score=+2.0437 | raw=+2.0437
     5(lih             ): pulls=   0 | mean=+0.4464 | bonus=1.5873 | score=+2.0337 | raw=+2.0337
     6(udc             ): pulls=   1 | mean=+0.4594 | bonus=1.5882 | score=+2.0476 | raw=+2.0476 | p_mean_reward=0.0000
     7(omni            ): pulls=   0 | mean=+0.4626 | bonus=1.6083 | score=+2.0710 | raw=+2.0710
10:55:03 | t=14 | UPDATE | problem=CVRP | uid=cvrp:5064 | global_index=5064 | arm=1(elg)
    outcome: reward=0.7143 | selected_cost=16.6481 | best_cost=16.3393 | regret=0.3088
    result: record_global_index=5064 | name=None | aug_score=16.6481
    arm_stats: global_pulls=2 | problem_arm_pulls=1 | avg_reward=0.7662 | problem_arm_avg_reward=0.7143
    state: history=14 | U_norm=1749.9680 | U_mean=1.002334 | U_min=1.000000 | U_max=349.878174
10:55:03 | t=14 | TRAIN | module=reward_net | trigger=warmup(<= 240)
    optimize: epochs=20 | steps=20 | batch_size=14 | replay=balanced_problem_arm | history=14 | lr=0.001
    loss: avg=0.077180 | min=0.049367 | max=0.118674 | last=0.053563
    state: U_norm=1749.9680 | U_mean=1.002334 | U_min=1.000000 | U_max=349.878174
10:55:04 | epoch=1 | TRAIN[14] | TSP | select arm=2(invit) | reason=warm_start
     0(lehd            ): pulls=   1 | mean=+0.5489 | bonus=1.4697 | score=+2.0187 | raw=+2.0187 | p_mean_reward=0.6364
     1(elg             ): pulls=   1 | mean=+0.5643 | bonus=1.4695 | score=+2.0338 | raw=+2.0338 | p_mean_reward=0.8182
     2(invit           ): pulls=   0 | mean=+0.5241 | bonus=1.4816 | score=+2.0057 | raw=+2.0057 <--
     3(icam            ): pulls=   0 | mean=+0.5790 | bonus=1.5029 | score=+2.0819 | raw=+2.0819
     4(dact            ): pulls=   1 | mean=+0.5299 | bonus=1.4847 | score=+2.0146 | raw=+2.0146 | p_mean_reward=0.1818
     5(lih             ): pulls=   1 | mean=+0.5136 | bonus=1.4850 | score=+1.9985 | raw=+1.9985 | p_mean_reward=0.0000
     6(udc             ): pulls=   0 | mean=+0.5278 | bonus=1.4865 | score=+2.0143 | raw=+2.0143
     7(omni            ): pulls=   1 | mean=+0.5319 | bonus=1.5042 | score=+2.0362 | raw=+2.0362 | p_mean_reward=0.5455
     8(pointerformer   ): pulls=   1 | mean=+0.5593 | bonus=1.4748 | score=+2.0342 | raw=+2.0342 | p_mean_reward=0.9545
     9(difusco         ): pulls=   1 | mean=+0.5552 | bonus=1.4914 | score=+2.0466 | raw=+2.0466 | p_mean_reward=0.6818
    10(t2t             ): pulls=   1 | mean=+0.5214 | bonus=1.4901 | score=+2.0114 | raw=+2.0114 | p_mean_reward=0.2727
    11(glop            ): pulls=   1 | mean=+0.5255 | bonus=1.4774 | score=+2.0029 | raw=+2.0029 | p_mean_reward=0.3636
10:55:05 | t=15 | UPDATE | problem=TSP | uid=tsp:5027 | global_index=5027 | arm=2(invit)
    outcome: reward=0.4545 | selected_cost=7.6295 | best_cost=7.4877 | regret=0.1418
    result: record_global_index=5027 | name=None | aug_score=7.6295
    arm_stats: global_pulls=2 | problem_arm_pulls=1 | avg_reward=0.4416 | problem_arm_avg_reward=0.4545
    state: history=15 | U_norm=1761.6141 | U_mean=1.002408 | U_min=1.000000 | U_max=362.118286
10:55:05 | t=15 | TRAIN | module=reward_net | trigger=warmup(<= 240)
    optimize: epochs=20 | steps=20 | batch_size=15 | replay=balanced_problem_arm | history=15 | lr=0.001
    loss: avg=0.080548 | min=0.058392 | max=0.110291 | last=0.066024
    state: U_norm=1761.6141 | U_mean=1.002408 | U_min=1.000000 | U_max=362.118286
10:55:05 | epoch=1 | TRAIN[15] | CVRP | select arm=4(dact) | reason=warm_start
     0(lehd            ): pulls=   1 | mean=+0.5045 | bonus=1.4388 | score=+1.9434 | raw=+1.9434 | p_mean_reward=0.7143
     1(elg             ): pulls=   1 | mean=+0.5198 | bonus=1.4422 | score=+1.9620 | raw=+1.9620 | p_mean_reward=0.7143
     2(invit           ): pulls=   1 | mean=+0.4797 | bonus=1.4472 | score=+1.9269 | raw=+1.9269 | p_mean_reward=0.4286
     3(icam            ): pulls=   1 | mean=+0.5337 | bonus=1.4738 | score=+2.0075 | raw=+2.0075 | p_mean_reward=0.8571
     4(dact            ): pulls=   0 | mean=+0.4826 | bonus=1.4554 | score=+1.9380 | raw=+1.9380 <--
     5(lih             ): pulls=   0 | mean=+0.4683 | bonus=1.4587 | score=+1.9270 | raw=+1.9270
     6(udc             ): pulls=   1 | mean=+0.4811 | bonus=1.4589 | score=+1.9400 | raw=+1.9400 | p_mean_reward=0.0000
     7(omni            ): pulls=   0 | mean=+0.4878 | bonus=1.4762 | score=+1.9640 | raw=+1.9640
10:55:06 | t=16 | UPDATE | problem=CVRP | uid=cvrp:9891 | global_index=9891 | arm=4(dact)
    outcome: reward=0.1429 | selected_cost=27.3802 | best_cost=21.5494 | regret=5.8308
    result: record_global_index=9891 | name=None | aug_score=27.3802
    arm_stats: global_pulls=2 | problem_arm_pulls=1 | avg_reward=0.1623 | problem_arm_avg_reward=0.1429
    state: history=16 | U_norm=1773.1100 | U_mean=1.002480 | U_min=1.000000 | U_max=373.165833
10:55:06 | t=16 | TRAIN | module=reward_net | trigger=warmup(<= 240)
    optimize: epochs=20 | steps=20 | batch_size=16 | replay=balanced_problem_arm | history=16 | lr=0.001
    loss: avg=0.070683 | min=0.050483 | max=0.118884 | last=0.083201
    state: U_norm=1773.1100 | U_mean=1.002480 | U_min=1.000000 | U_max=373.165833
10:55:06 | epoch=1 | TRAIN[16] | TSP | select arm=3(icam) | reason=warm_start
     0(lehd            ): pulls=   1 | mean=+0.5073 | bonus=1.3436 | score=+1.8509 | raw=+1.8509 | p_mean_reward=0.6364
     1(elg             ): pulls=   1 | mean=+0.5228 | bonus=1.3434 | score=+1.8663 | raw=+1.8663 | p_mean_reward=0.8182
     2(invit           ): pulls=   1 | mean=+0.4818 | bonus=1.3479 | score=+1.8297 | raw=+1.8297 | p_mean_reward=0.4545
     3(icam            ): pulls=   0 | mean=+0.5342 | bonus=1.3734 | score=+1.9077 | raw=+1.9077 <--
     4(dact            ): pulls=   1 | mean=+0.4838 | bonus=1.3514 | score=+1.8353 | raw=+1.8353 | p_mean_reward=0.1818
     5(lih             ): pulls=   1 | mean=+0.4695 | bonus=1.3576 | score=+1.8272 | raw=+1.8272 | p_mean_reward=0.0000
     6(udc             ): pulls=   0 | mean=+0.4822 | bonus=1.3588 | score=+1.8410 | raw=+1.8410
     7(omni            ): pulls=   1 | mean=+0.4901 | bonus=1.3738 | score=+1.8639 | raw=+1.8639 | p_mean_reward=0.5455
     8(pointerformer   ): pulls=   1 | mean=+0.5168 | bonus=1.3502 | score=+1.8670 | raw=+1.8670 | p_mean_reward=0.9545
     9(difusco         ): pulls=   1 | mean=+0.5112 | bonus=1.3640 | score=+1.8752 | raw=+1.8752 | p_mean_reward=0.6818
    10(t2t             ): pulls=   1 | mean=+0.4794 | bonus=1.3611 | score=+1.8404 | raw=+1.8404 | p_mean_reward=0.2727
    11(glop            ): pulls=   1 | mean=+0.4836 | bonus=1.3505 | score=+1.8341 | raw=+1.8341 | p_mean_reward=0.3636
10:55:07 | t=17 | UPDATE | problem=TSP | uid=tsp:4069 | global_index=4069 | arm=3(icam)
    outcome: reward=0.6364 | selected_cost=7.6191 | best_cost=7.5808 | regret=0.0383
    result: record_global_index=4069 | name=None | aug_score=7.6191
    arm_stats: global_pulls=2 | problem_arm_pulls=1 | avg_reward=0.7468 | problem_arm_avg_reward=0.6364
    state: history=17 | U_norm=1783.6083 | U_mean=1.002544 | U_min=1.000000 | U_max=383.668365
10:55:07 | t=17 | TRAIN | module=reward_net | trigger=warmup(<= 240)
    optimize: epochs=20 | steps=20 | batch_size=17 | replay=balanced_problem_arm | history=17 | lr=0.001
    loss: avg=0.071599 | min=0.047813 | max=0.108809 | last=0.047813
    state: U_norm=1783.6083 | U_mean=1.002544 | U_min=1.000000 | U_max=383.668365
10:55:08 | epoch=1 | TRAIN[17] | TSP | select arm=6(udc) | reason=warm_start
     0(lehd            ): pulls=   1 | mean=+0.5025 | bonus=1.2964 | score=+1.7989 | raw=+1.7989 | p_mean_reward=0.6364
     1(elg             ): pulls=   1 | mean=+0.5182 | bonus=1.2959 | score=+1.8142 | raw=+1.8142 | p_mean_reward=0.8182
     2(invit           ): pulls=   1 | mean=+0.4774 | bonus=1.3006 | score=+1.7779 | raw=+1.7779 | p_mean_reward=0.4545
     3(icam            ): pulls=   1 | mean=+0.5288 | bonus=1.3178 | score=+1.8466 | raw=+1.8466 | p_mean_reward=0.6364
     4(dact            ): pulls=   1 | mean=+0.4771 | bonus=1.3035 | score=+1.7807 | raw=+1.7807 | p_mean_reward=0.1818
     5(lih             ): pulls=   1 | mean=+0.4646 | bonus=1.3095 | score=+1.7741 | raw=+1.7741 | p_mean_reward=0.0000
     6(udc             ): pulls=   0 | mean=+0.4762 | bonus=1.3106 | score=+1.7868 | raw=+1.7868 <--
     7(omni            ): pulls=   1 | mean=+0.4856 | bonus=1.3246 | score=+1.8102 | raw=+1.8102 | p_mean_reward=0.5455
     8(pointerformer   ): pulls=   1 | mean=+0.5121 | bonus=1.3024 | score=+1.8145 | raw=+1.8145 | p_mean_reward=0.9545
     9(difusco         ): pulls=   1 | mean=+0.5063 | bonus=1.3162 | score=+1.8224 | raw=+1.8224 | p_mean_reward=0.6818
    10(t2t             ): pulls=   1 | mean=+0.4750 | bonus=1.3121 | score=+1.7871 | raw=+1.7871 | p_mean_reward=0.2727
    11(glop            ): pulls=   1 | mean=+0.4789 | bonus=1.3035 | score=+1.7824 | raw=+1.7824 | p_mean_reward=0.3636
10:55:09 | t=18 | UPDATE | problem=TSP | uid=tsp:2225 | global_index=2225 | arm=6(udc)
    outcome: reward=0.1818 | selected_cost=9.4873 | best_cost=7.5964 | regret=1.8909
    result: record_global_index=2225 | name=None | aug_score=9.4873
    arm_stats: global_pulls=2 | problem_arm_pulls=1 | avg_reward=0.0909 | problem_arm_avg_reward=0.1818
    state: history=18 | U_norm=1793.7539 | U_mean=1.002605 | U_min=1.000000 | U_max=393.501953
10:55:09 | t=18 | TRAIN | module=reward_net | trigger=warmup(<= 240)
    optimize: epochs=20 | steps=20 | batch_size=18 | replay=balanced_problem_arm | history=18 | lr=0.001
    loss: avg=0.073200 | min=0.055091 | max=0.097606 | last=0.055091
    state: U_norm=1793.7539 | U_mean=1.002605 | U_min=1.000000 | U_max=393.501953
10:55:09 | epoch=1 | TRAIN[18] | TSP | select arm=5(lih) | reason=warm_start
     0(lehd            ): pulls=   1 | mean=+0.4928 | bonus=1.2438 | score=+1.7366 | raw=+1.7366 | p_mean_reward=0.6364
     1(elg             ): pulls=   1 | mean=+0.5085 | bonus=1.2438 | score=+1.7523 | raw=+1.7523 | p_mean_reward=0.8182
     2(invit           ): pulls=   1 | mean=+0.4673 | bonus=1.2467 | score=+1.7141 | raw=+1.7141 | p_mean_reward=0.4545
     3(icam            ): pulls=   1 | mean=+0.5183 | bonus=1.2646 | score=+1.7829 | raw=+1.7829 | p_mean_reward=0.6364
     4(dact            ): pulls=   1 | mean=+0.4660 | bonus=1.2504 | score=+1.7164 | raw=+1.7164 | p_mean_reward=0.1818
     5(lih             ): pulls=   1 | mean=+0.4540 | bonus=1.2569 | score=+1.7109 | raw=+1.7109 | p_mean_reward=0.0000 <--
     6(udc             ): pulls=   1 | mean=+0.4644 | bonus=1.2511 | score=+1.7156 | raw=+1.7156 | p_mean_reward=0.1818
     7(omni            ): pulls=   1 | mean=+0.4760 | bonus=1.2706 | score=+1.7466 | raw=+1.7466 | p_mean_reward=0.5455
     8(pointerformer   ): pulls=   1 | mean=+0.5021 | bonus=1.2515 | score=+1.7536 | raw=+1.7536 | p_mean_reward=0.9545
     9(difusco         ): pulls=   1 | mean=+0.4954 | bonus=1.2632 | score=+1.7587 | raw=+1.7587 | p_mean_reward=0.6818
    10(t2t             ): pulls=   1 | mean=+0.4653 | bonus=1.2591 | score=+1.7243 | raw=+1.7243 | p_mean_reward=0.2727
    11(glop            ): pulls=   1 | mean=+0.4693 | bonus=1.2504 | score=+1.7198 | raw=+1.7198 | p_mean_reward=0.3636
10:55:10 | t=19 | UPDATE | problem=TSP | uid=tsp:8766 | global_index=8766 | arm=5(lih)
    outcome: reward=0.0000 | selected_cost=47.1362 | best_cost=7.2260 | regret=39.9102
    result: record_global_index=8766 | name=None | aug_score=47.1362
    arm_stats: global_pulls=2 | problem_arm_pulls=2 | avg_reward=0.0000 | problem_arm_avg_reward=0.0000
    state: history=19 | U_norm=1803.0784 | U_mean=1.002660 | U_min=1.000000 | U_max=402.152130
10:55:10 | t=19 | TRAIN | module=reward_net | trigger=warmup(<= 240)
    optimize: epochs=20 | steps=20 | batch_size=19 | replay=balanced_problem_arm | history=19 | lr=0.001
    loss: avg=0.068555 | min=0.041731 | max=0.096592 | last=0.052224
    state: U_norm=1803.0784 | U_mean=1.002660 | U_min=1.000000 | U_max=402.152130
10:55:10 | epoch=1 | TRAIN[19] | TSP | select arm=7(omni) | reason=warm_start
     0(lehd            ): pulls=   1 | mean=+0.4553 | bonus=1.1865 | score=+1.6418 | raw=+1.6418 | p_mean_reward=0.6364
     1(elg             ): pulls=   1 | mean=+0.4707 | bonus=1.1864 | score=+1.6571 | raw=+1.6571 | p_mean_reward=0.8182
     2(invit           ): pulls=   1 | mean=+0.4298 | bonus=1.1893 | score=+1.6191 | raw=+1.6191 | p_mean_reward=0.4545
     3(icam            ): pulls=   1 | mean=+0.4794 | bonus=1.2055 | score=+1.6849 | raw=+1.6849 | p_mean_reward=0.6364
     4(dact            ): pulls=   1 | mean=+0.4262 | bonus=1.1926 | score=+1.6188 | raw=+1.6188 | p_mean_reward=0.1818
     5(lih             ): pulls=   2 | mean=+0.4161 | bonus=1.1923 | score=+1.6083 | raw=+1.6083 | p_mean_reward=0.0000
     6(udc             ): pulls=   1 | mean=+0.4246 | bonus=1.1931 | score=+1.6177 | raw=+1.6177 | p_mean_reward=0.1818
     7(omni            ): pulls=   1 | mean=+0.4382 | bonus=1.2120 | score=+1.6502 | raw=+1.6502 | p_mean_reward=0.5455 <--
     8(pointerformer   ): pulls=   1 | mean=+0.4638 | bonus=1.1941 | score=+1.6580 | raw=+1.6580 | p_mean_reward=0.9545
     9(difusco         ): pulls=   1 | mean=+0.4570 | bonus=1.2054 | score=+1.6625 | raw=+1.6625 | p_mean_reward=0.6818
    10(t2t             ): pulls=   1 | mean=+0.4273 | bonus=1.2010 | score=+1.6283 | raw=+1.6283 | p_mean_reward=0.2727
    11(glop            ): pulls=   1 | mean=+0.4316 | bonus=1.1936 | score=+1.6252 | raw=+1.6252 | p_mean_reward=0.3636
10:55:11 | t=20 | UPDATE | problem=TSP | uid=tsp:3030 | global_index=3030 | arm=7(omni)
    outcome: reward=0.5455 | selected_cost=7.8071 | best_cost=7.7738 | regret=0.0332
    result: record_global_index=3030 | name=None | aug_score=7.8071
    arm_stats: global_pulls=2 | problem_arm_pulls=2 | avg_reward=0.5455 | problem_arm_avg_reward=0.5455
    state: history=20 | U_norm=1811.8914 | U_mean=1.002712 | U_min=1.000000 | U_max=410.012573
10:55:11 | t=20 | TRAIN | module=reward_net | trigger=warmup(<= 240)
    optimize: epochs=20 | steps=20 | batch_size=20 | replay=balanced_problem_arm | history=20 | lr=0.001
    loss: avg=0.073394 | min=0.048120 | max=0.118960 | last=0.059447
    state: U_norm=1811.8914 | U_mean=1.002712 | U_min=1.000000 | U_max=410.012573
10:55:12 | epoch=1 | TRAIN[20] | CVRP | select arm=5(lih) | reason=warm_start
     0(lehd            ): pulls=   1 | mean=+0.4694 | bonus=1.1798 | score=+1.6493 | raw=+1.6493 | p_mean_reward=0.7143
     1(elg             ): pulls=   1 | mean=+0.4843 | bonus=1.1816 | score=+1.6658 | raw=+1.6658 | p_mean_reward=0.7143
     2(invit           ): pulls=   1 | mean=+0.4438 | bonus=1.1838 | score=+1.6276 | raw=+1.6276 | p_mean_reward=0.4286
     3(icam            ): pulls=   1 | mean=+0.4927 | bonus=1.2000 | score=+1.6927 | raw=+1.6927 | p_mean_reward=0.8571
     4(dact            ): pulls=   1 | mean=+0.4381 | bonus=1.1865 | score=+1.6246 | raw=+1.6246 | p_mean_reward=0.1429
     5(lih             ): pulls=   0 | mean=+0.4294 | bonus=1.1878 | score=+1.6172 | raw=+1.6172 <--
     6(udc             ): pulls=   1 | mean=+0.4369 | bonus=1.1878 | score=+1.6247 | raw=+1.6247 | p_mean_reward=0.0000
     7(omni            ): pulls=   0 | mean=+0.4524 | bonus=1.1993 | score=+1.6517 | raw=+1.6517
10:55:13 | t=21 | UPDATE | problem=CVRP | uid=cvrp:401 | global_index=401 | arm=5(lih)
    outcome: reward=0.1429 | selected_cost=22.5507 | best_cost=16.7988 | regret=5.7518
    result: record_global_index=401 | name=None | aug_score=22.5507
    arm_stats: global_pulls=3 | problem_arm_pulls=1 | avg_reward=0.0476 | problem_arm_avg_reward=0.1429
    state: history=21 | U_norm=1820.4865 | U_mean=1.002762 | U_min=1.000000 | U_max=417.451141
10:55:13 | t=21 | TRAIN | module=reward_net | trigger=warmup(<= 240)
    optimize: epochs=20 | steps=20 | batch_size=21 | replay=balanced_problem_arm | history=21 | lr=0.001
    loss: avg=0.081671 | min=0.058810 | max=0.108838 | last=0.061716
    state: U_norm=1820.4865 | U_mean=1.002762 | U_min=1.000000 | U_max=417.451141
10:55:13 | epoch=1 | TRAIN[21] | CVRP | select arm=7(omni) | reason=warm_start
     0(lehd            ): pulls=   1 | mean=+0.4343 | bonus=1.1270 | score=+1.5613 | raw=+1.5613 | p_mean_reward=0.7143
     1(elg             ): pulls=   1 | mean=+0.4496 | bonus=1.1284 | score=+1.5780 | raw=+1.5780 | p_mean_reward=0.7143
     2(invit           ): pulls=   1 | mean=+0.4087 | bonus=1.1305 | score=+1.5392 | raw=+1.5392 | p_mean_reward=0.4286
     3(icam            ): pulls=   1 | mean=+0.4566 | bonus=1.1454 | score=+1.6021 | raw=+1.6021 | p_mean_reward=0.8571
     4(dact            ): pulls=   1 | mean=+0.4016 | bonus=1.1331 | score=+1.5347 | raw=+1.5347 | p_mean_reward=0.1429
     5(lih             ): pulls=   1 | mean=+0.3926 | bonus=1.1304 | score=+1.5231 | raw=+1.5231 | p_mean_reward=0.1429
     6(udc             ): pulls=   1 | mean=+0.3997 | bonus=1.1341 | score=+1.5338 | raw=+1.5338 | p_mean_reward=0.0000
     7(omni            ): pulls=   0 | mean=+0.4173 | bonus=1.1449 | score=+1.5622 | raw=+1.5622 <--
10:55:14 | t=22 | UPDATE | problem=CVRP | uid=cvrp:6515 | global_index=6515 | arm=7(omni)
    outcome: reward=0.7143 | selected_cost=15.1350 | best_cost=14.9060 | regret=0.2289
    result: record_global_index=6515 | name=None | aug_score=15.1350
    arm_stats: global_pulls=3 | problem_arm_pulls=1 | avg_reward=0.6017 | problem_arm_avg_reward=0.7143
    state: history=22 | U_norm=1828.5415 | U_mean=1.002808 | U_min=1.000000 | U_max=424.186768
10:55:14 | t=22 | TRAIN | module=reward_net | trigger=warmup(<= 240)
    optimize: epochs=20 | steps=20 | batch_size=22 | replay=balanced_problem_arm | history=22 | lr=0.001
    loss: avg=0.073890 | min=0.051410 | max=0.099628 | last=0.080751
    state: U_norm=1828.5415 | U_mean=1.002808 | U_min=1.000000 | U_max=424.186768
10:55:14 | epoch=1 | TRAIN[22] | TSP | select arm=8(pointerformer) | reason=warm_start
     0(lehd            ): pulls=   1 | mean=+0.4869 | bonus=1.0882 | score=+1.5751 | raw=+1.5751 | p_mean_reward=0.6364
     1(elg             ): pulls=   1 | mean=+0.5026 | bonus=1.0880 | score=+1.5906 | raw=+1.5906 | p_mean_reward=0.8182
     2(invit           ): pulls=   1 | mean=+0.4617 | bonus=1.0891 | score=+1.5508 | raw=+1.5508 | p_mean_reward=0.4545
     3(icam            ): pulls=   1 | mean=+0.5084 | bonus=1.1041 | score=+1.6125 | raw=+1.6125 | p_mean_reward=0.6364
     4(dact            ): pulls=   1 | mean=+0.4540 | bonus=1.0925 | score=+1.5464 | raw=+1.5464 | p_mean_reward=0.1818
     5(lih             ): pulls=   2 | mean=+0.4440 | bonus=1.0877 | score=+1.5316 | raw=+1.5316 | p_mean_reward=0.0000
     6(udc             ): pulls=   1 | mean=+0.4512 | bonus=1.0924 | score=+1.5436 | raw=+1.5436 | p_mean_reward=0.1818
     7(omni            ): pulls=   2 | mean=+0.4710 | bonus=1.0980 | score=+1.5689 | raw=+1.5689 | p_mean_reward=0.5455
     8(pointerformer   ): pulls=   1 | mean=+0.4938 | bonus=1.0966 | score=+1.5904 | raw=+1.5904 | p_mean_reward=0.9545 <--
     9(difusco         ): pulls=   1 | mean=+0.4870 | bonus=1.1058 | score=+1.5928 | raw=+1.5928 | p_mean_reward=0.6818
    10(t2t             ): pulls=   1 | mean=+0.4585 | bonus=1.0997 | score=+1.5582 | raw=+1.5582 | p_mean_reward=0.2727
    11(glop            ): pulls=   1 | mean=+0.4631 | bonus=1.0946 | score=+1.5577 | raw=+1.5577 | p_mean_reward=0.3636
10:55:15 | t=23 | UPDATE | problem=TSP | uid=tsp:5280 | global_index=5280 | arm=8(pointerformer)
    outcome: reward=0.9091 | selected_cost=7.6696 | best_cost=7.6694 | regret=0.0002
    result: record_global_index=5280 | name=None | aug_score=7.6696
    arm_stats: global_pulls=2 | problem_arm_pulls=2 | avg_reward=0.9318 | problem_arm_avg_reward=0.9318
    state: history=23 | U_norm=1836.0066 | U_mean=1.002851 | U_min=1.000000 | U_max=430.986420
10:55:15 | t=23 | TRAIN | module=reward_net | trigger=warmup(<= 240)
    optimize: epochs=20 | steps=20 | batch_size=23 | replay=balanced_problem_arm | history=23 | lr=0.001
    loss: avg=0.070911 | min=0.055148 | max=0.083995 | last=0.080484
    state: U_norm=1836.0066 | U_mean=1.002851 | U_min=1.000000 | U_max=430.986420
10:55:16 | epoch=1 | TRAIN[23] | TSP | select arm=9(difusco) | reason=warm_start
     0(lehd            ): pulls=   1 | mean=+0.4625 | bonus=1.0456 | score=+1.5080 | raw=+1.5080 | p_mean_reward=0.6364
     1(elg             ): pulls=   1 | mean=+0.4783 | bonus=1.0454 | score=+1.5237 | raw=+1.5237 | p_mean_reward=0.8182
     2(invit           ): pulls=   1 | mean=+0.4376 | bonus=1.0462 | score=+1.4838 | raw=+1.4838 | p_mean_reward=0.4545
     3(icam            ): pulls=   1 | mean=+0.4837 | bonus=1.0604 | score=+1.5440 | raw=+1.5440 | p_mean_reward=0.6364
     4(dact            ): pulls=   1 | mean=+0.4285 | bonus=1.0494 | score=+1.4779 | raw=+1.4779 | p_mean_reward=0.1818
     5(lih             ): pulls=   2 | mean=+0.4187 | bonus=1.0444 | score=+1.4631 | raw=+1.4631 | p_mean_reward=0.0000
     6(udc             ): pulls=   1 | mean=+0.4256 | bonus=1.0493 | score=+1.4749 | raw=+1.4749 | p_mean_reward=0.1818
     7(omni            ): pulls=   2 | mean=+0.4475 | bonus=1.0541 | score=+1.5016 | raw=+1.5016 | p_mean_reward=0.5455
     8(pointerformer   ): pulls=   2 | mean=+0.4692 | bonus=1.0463 | score=+1.5155 | raw=+1.5155 | p_mean_reward=0.9318
     9(difusco         ): pulls=   1 | mean=+0.4621 | bonus=1.0628 | score=+1.5250 | raw=+1.5250 | p_mean_reward=0.6818 <--
    10(t2t             ): pulls=   1 | mean=+0.4343 | bonus=1.0567 | score=+1.4910 | raw=+1.4910 | p_mean_reward=0.2727
    11(glop            ): pulls=   1 | mean=+0.4390 | bonus=1.0523 | score=+1.4913 | raw=+1.4913 | p_mean_reward=0.3636
10:55:17 | t=24 | UPDATE | problem=TSP | uid=tsp:6995 | global_index=6995 | arm=9(difusco)
    outcome: reward=0.6364 | selected_cost=7.7970 | best_cost=7.7808 | regret=0.0162
    result: record_global_index=6995 | name=None | aug_score=7.7970
    arm_stats: global_pulls=2 | problem_arm_pulls=2 | avg_reward=0.6591 | problem_arm_avg_reward=0.6591
    state: history=24 | U_norm=1843.0729 | U_mean=1.002890 | U_min=1.000000 | U_max=437.274231
10:55:17 | t=24 | TRAIN | module=reward_net | trigger=warmup(<= 240)
    optimize: epochs=20 | steps=20 | batch_size=24 | replay=balanced_problem_arm | history=24 | lr=0.001
    loss: avg=0.068190 | min=0.054224 | max=0.093486 | last=0.068195
    state: U_norm=1843.0729 | U_mean=1.002890 | U_min=1.000000 | U_max=437.274231
10:55:17 | epoch=1 | TRAIN[24] | CVRP | select arm=0(lehd) | reason=warm_start
     0(lehd            ): pulls=   1 | mean=+0.4975 | bonus=1.0539 | score=+1.5514 | raw=+1.5514 | p_mean_reward=0.7143 <--
     1(elg             ): pulls=   1 | mean=+0.5133 | bonus=1.0550 | score=+1.5684 | raw=+1.5684 | p_mean_reward=0.7143
     2(invit           ): pulls=   1 | mean=+0.4729 | bonus=1.0555 | score=+1.5284 | raw=+1.5284 | p_mean_reward=0.4286
     3(icam            ): pulls=   1 | mean=+0.5190 | bonus=1.0699 | score=+1.5889 | raw=+1.5889 | p_mean_reward=0.8571
     4(dact            ): pulls=   1 | mean=+0.4620 | bonus=1.0583 | score=+1.5203 | raw=+1.5203 | p_mean_reward=0.1429
     5(lih             ): pulls=   1 | mean=+0.4532 | bonus=1.0544 | score=+1.5075 | raw=+1.5075 | p_mean_reward=0.1429
     6(udc             ): pulls=   1 | mean=+0.4599 | bonus=1.0587 | score=+1.5186 | raw=+1.5186 | p_mean_reward=0.0000
     7(omni            ): pulls=   1 | mean=+0.4835 | bonus=1.0632 | score=+1.5467 | raw=+1.5467 | p_mean_reward=0.7143
10:55:18 | t=25 | UPDATE | problem=CVRP | uid=cvrp:3866 | global_index=3866 | arm=0(lehd)
    outcome: reward=1.0000 | selected_cost=17.6046 | best_cost=17.6046 | regret=0.0000
    result: record_global_index=3866 | name=None | aug_score=17.6046
    arm_stats: global_pulls=3 | problem_arm_pulls=2 | avg_reward=0.7835 | problem_arm_avg_reward=0.8571
    state: history=25 | U_norm=1849.8357 | U_mean=1.002929 | U_min=1.000000 | U_max=443.201569
10:55:18 | t=25 | TRAIN | module=reward_net | trigger=warmup(<= 240)
    optimize: epochs=20 | steps=20 | batch_size=25 | replay=balanced_problem_arm | history=25 | lr=0.001
    loss: avg=0.071790 | min=0.046989 | max=0.095393 | last=0.069198
    state: U_norm=1849.8357 | U_mean=1.002929 | U_min=1.000000 | U_max=443.201569
10:55:18 | epoch=1 | TRAIN[25] | TSP | select arm=10(t2t) | reason=warm_start
     0(lehd            ): pulls=   1 | mean=+0.4564 | bonus=0.9831 | score=+1.4396 | raw=+1.4396 | p_mean_reward=0.6364
     1(elg             ): pulls=   1 | mean=+0.4718 | bonus=0.9872 | score=+1.4590 | raw=+1.4590 | p_mean_reward=0.8182
     2(invit           ): pulls=   1 | mean=+0.4315 | bonus=0.9877 | score=+1.4192 | raw=+1.4192 | p_mean_reward=0.4545
     3(icam            ): pulls=   1 | mean=+0.4763 | bonus=1.0005 | score=+1.4768 | raw=+1.4768 | p_mean_reward=0.6364
     4(dact            ): pulls=   1 | mean=+0.4195 | bonus=0.9905 | score=+1.4100 | raw=+1.4100 | p_mean_reward=0.1818
     5(lih             ): pulls=   2 | mean=+0.4105 | bonus=0.9852 | score=+1.3957 | raw=+1.3957 | p_mean_reward=0.0000
     6(udc             ): pulls=   1 | mean=+0.4171 | bonus=0.9902 | score=+1.4073 | raw=+1.4073 | p_mean_reward=0.1818
     7(omni            ): pulls=   2 | mean=+0.4424 | bonus=0.9937 | score=+1.4361 | raw=+1.4361 | p_mean_reward=0.5455
     8(pointerformer   ): pulls=   2 | mean=+0.4619 | bonus=0.9881 | score=+1.4499 | raw=+1.4499 | p_mean_reward=0.9318
     9(difusco         ): pulls=   2 | mean=+0.4548 | bonus=0.9957 | score=+1.4505 | raw=+1.4505 | p_mean_reward=0.6591
    10(t2t             ): pulls=   1 | mean=+0.4279 | bonus=0.9977 | score=+1.4256 | raw=+1.4256 | p_mean_reward=0.2727 <--
    11(glop            ): pulls=   1 | mean=+0.4328 | bonus=0.9944 | score=+1.4271 | raw=+1.4271 | p_mean_reward=0.3636
10:55:19 | t=26 | UPDATE | problem=TSP | uid=tsp:1223 | global_index=1223 | arm=10(t2t)
    outcome: reward=0.2727 | selected_cost=8.7811 | best_cost=7.5276 | regret=1.2535
    result: record_global_index=1223 | name=None | aug_score=8.7811
    arm_stats: global_pulls=2 | problem_arm_pulls=2 | avg_reward=0.2727 | problem_arm_avg_reward=0.2727
    state: history=26 | U_norm=1856.0942 | U_mean=1.002964 | U_min=1.000000 | U_max=448.637024
10:55:19 | t=26 | TRAIN | module=reward_net | trigger=warmup(<= 240)
    optimize: epochs=20 | steps=20 | batch_size=26 | replay=balanced_problem_arm | history=26 | lr=0.001
    loss: avg=0.074830 | min=0.042877 | max=0.099750 | last=0.061454
    state: U_norm=1856.0942 | U_mean=1.002964 | U_min=1.000000 | U_max=448.637024
10:55:20 | epoch=1 | TRAIN[26] | TSP | select arm=11(glop) | reason=warm_start
     0(lehd            ): pulls=   1 | mean=+0.4741 | bonus=0.9843 | score=+1.4584 | raw=+1.4584 | p_mean_reward=0.6364
     1(elg             ): pulls=   1 | mean=+0.4891 | bonus=0.9882 | score=+1.4773 | raw=+1.4773 | p_mean_reward=0.8182
     2(invit           ): pulls=   1 | mean=+0.4494 | bonus=0.9890 | score=+1.4384 | raw=+1.4384 | p_mean_reward=0.4545
     3(icam            ): pulls=   1 | mean=+0.4935 | bonus=1.0007 | score=+1.4943 | raw=+1.4943 | p_mean_reward=0.6364
     4(dact            ): pulls=   1 | mean=+0.4361 | bonus=0.9915 | score=+1.4275 | raw=+1.4275 | p_mean_reward=0.1818
     5(lih             ): pulls=   2 | mean=+0.4271 | bonus=0.9858 | score=+1.4129 | raw=+1.4129 | p_mean_reward=0.0000
     6(udc             ): pulls=   1 | mean=+0.4334 | bonus=0.9909 | score=+1.4244 | raw=+1.4244 | p_mean_reward=0.1818
     7(omni            ): pulls=   2 | mean=+0.4607 | bonus=0.9939 | score=+1.4546 | raw=+1.4546 | p_mean_reward=0.5455
     8(pointerformer   ): pulls=   2 | mean=+0.4793 | bonus=0.9889 | score=+1.4681 | raw=+1.4681 | p_mean_reward=0.9318
     9(difusco         ): pulls=   2 | mean=+0.4723 | bonus=0.9963 | score=+1.4685 | raw=+1.4685 | p_mean_reward=0.6591
    10(t2t             ): pulls=   2 | mean=+0.4454 | bonus=0.9896 | score=+1.4350 | raw=+1.4350 | p_mean_reward=0.2727
    11(glop            ): pulls=   1 | mean=+0.4503 | bonus=0.9955 | score=+1.4458 | raw=+1.4458 | p_mean_reward=0.3636 <--
10:55:21 | t=27 | UPDATE | problem=TSP | uid=tsp:2132 | global_index=2132 | arm=11(glop)
    outcome: reward=0.3636 | selected_cost=8.5672 | best_cost=7.6502 | regret=0.9170
    result: record_global_index=2132 | name=None | aug_score=8.5672
    arm_stats: global_pulls=2 | problem_arm_pulls=2 | avg_reward=0.3636 | problem_arm_avg_reward=0.3636
    state: history=27 | U_norm=1862.0917 | U_mean=1.002998 | U_min=1.000000 | U_max=453.885651
10:55:21 | t=27 | TRAIN | module=reward_net | trigger=warmup(<= 240)
    optimize: epochs=20 | steps=20 | batch_size=27 | replay=balanced_problem_arm | history=27 | lr=0.001
    loss: avg=0.080574 | min=0.056634 | max=0.116782 | last=0.071442
    state: U_norm=1862.0917 | U_mean=1.002998 | U_min=1.000000 | U_max=453.885651
10:55:21 | epoch=1 | TRAIN[27] | TSP | select arm=1(elg) | reason=warm_start
     0(lehd            ): pulls=   1 | mean=+0.4694 | bonus=0.9404 | score=+1.4098 | raw=+1.4098 | p_mean_reward=0.6364
     1(elg             ): pulls=   1 | mean=+0.4842 | bonus=0.9448 | score=+1.4291 | raw=+1.4291 | p_mean_reward=0.8182 <--
     2(invit           ): pulls=   1 | mean=+0.4442 | bonus=0.9445 | score=+1.3887 | raw=+1.3887 | p_mean_reward=0.4545
     3(icam            ): pulls=   1 | mean=+0.4875 | bonus=0.9568 | score=+1.4443 | raw=+1.4443 | p_mean_reward=0.6364
     4(dact            ): pulls=   1 | mean=+0.4298 | bonus=0.9473 | score=+1.3771 | raw=+1.3771 | p_mean_reward=0.1818
     5(lih             ): pulls=   2 | mean=+0.4209 | bonus=0.9416 | score=+1.3625 | raw=+1.3625 | p_mean_reward=0.0000
     6(udc             ): pulls=   1 | mean=+0.4270 | bonus=0.9470 | score=+1.3740 | raw=+1.3740 | p_mean_reward=0.1818
     7(omni            ): pulls=   2 | mean=+0.4562 | bonus=0.9490 | score=+1.4052 | raw=+1.4052 | p_mean_reward=0.5455
     8(pointerformer   ): pulls=   2 | mean=+0.4741 | bonus=0.9457 | score=+1.4198 | raw=+1.4198 | p_mean_reward=0.9318
     9(difusco         ): pulls=   2 | mean=+0.4666 | bonus=0.9523 | score=+1.4189 | raw=+1.4189 | p_mean_reward=0.6591
    10(t2t             ): pulls=   2 | mean=+0.4402 | bonus=0.9456 | score=+1.3858 | raw=+1.3858 | p_mean_reward=0.2727
    11(glop            ): pulls=   2 | mean=+0.4452 | bonus=0.9430 | score=+1.3882 | raw=+1.3882 | p_mean_reward=0.3636
10:55:23 | t=28 | UPDATE | problem=TSP | uid=tsp:6470 | global_index=6470 | arm=1(elg)
    outcome: reward=0.9091 | selected_cost=7.4674 | best_cost=7.4674 | regret=0.0000
    result: record_global_index=6470 | name=None | aug_score=7.4674
    arm_stats: global_pulls=3 | problem_arm_pulls=2 | avg_reward=0.8139 | problem_arm_avg_reward=0.8636
    state: history=28 | U_norm=1867.6447 | U_mean=1.003029 | U_min=1.000000 | U_max=458.762939
10:55:23 | t=28 | TRAIN | module=reward_net | trigger=warmup(<= 240)
    optimize: epochs=20 | steps=20 | batch_size=28 | replay=balanced_problem_arm | history=28 | lr=0.001
    loss: avg=0.077755 | min=0.058751 | max=0.104254 | last=0.081125
    state: U_norm=1867.6447 | U_mean=1.003029 | U_min=1.000000 | U_max=458.762939
10:55:23 | epoch=1 | TRAIN[28] | CVRP | select arm=2(invit) | reason=warm_start
     0(lehd            ): pulls=   2 | mean=+0.4629 | bonus=0.9307 | score=+1.3935 | raw=+1.3935 | p_mean_reward=0.8571
     1(elg             ): pulls=   1 | mean=+0.4776 | bonus=0.9315 | score=+1.4091 | raw=+1.4091 | p_mean_reward=0.7143
     2(invit           ): pulls=   1 | mean=+0.4373 | bonus=0.9357 | score=+1.3730 | raw=+1.3730 | p_mean_reward=0.4286 <--
     3(icam            ): pulls=   1 | mean=+0.4802 | bonus=0.9477 | score=+1.4279 | raw=+1.4279 | p_mean_reward=0.8571
     4(dact            ): pulls=   1 | mean=+0.4212 | bonus=0.9382 | score=+1.3594 | raw=+1.3594 | p_mean_reward=0.1429
     5(lih             ): pulls=   1 | mean=+0.4131 | bonus=0.9332 | score=+1.3463 | raw=+1.3463 | p_mean_reward=0.1429
     6(udc             ): pulls=   1 | mean=+0.4190 | bonus=0.9381 | score=+1.3571 | raw=+1.3571 | p_mean_reward=0.0000
     7(omni            ): pulls=   1 | mean=+0.4496 | bonus=0.9400 | score=+1.3896 | raw=+1.3896 | p_mean_reward=0.7143
10:55:24 | t=29 | UPDATE | problem=CVRP | uid=cvrp:5681 | global_index=5681 | arm=2(invit)
    outcome: reward=0.5714 | selected_cost=17.4289 | best_cost=17.2816 | regret=0.1474
    result: record_global_index=5681 | name=None | aug_score=17.4289
    arm_stats: global_pulls=3 | problem_arm_pulls=2 | avg_reward=0.4848 | problem_arm_avg_reward=0.5000
    state: history=29 | U_norm=1873.0260 | U_mean=1.003060 | U_min=1.000000 | U_max=463.305786
10:55:24 | t=29 | TRAIN | module=reward_net | trigger=warmup(<= 240)
    optimize: epochs=20 | steps=20 | batch_size=29 | replay=balanced_problem_arm | history=29 | lr=0.001
    loss: avg=0.079132 | min=0.056791 | max=0.100304 | last=0.080708
    state: U_norm=1873.0260 | U_mean=1.003060 | U_min=1.000000 | U_max=463.305786
10:55:24 | epoch=1 | TRAIN[29] | CVRP | select arm=3(icam) | reason=warm_start
     0(lehd            ): pulls=   2 | mean=+0.4710 | bonus=0.9138 | score=+1.3848 | raw=+1.3848 | p_mean_reward=0.8571
     1(elg             ): pulls=   1 | mean=+0.4856 | bonus=0.9146 | score=+1.4003 | raw=+1.4003 | p_mean_reward=0.7143
     2(invit           ): pulls=   2 | mean=+0.4455 | bonus=0.9141 | score=+1.3595 | raw=+1.3595 | p_mean_reward=0.5000
     3(icam            ): pulls=   1 | mean=+0.4877 | bonus=0.9303 | score=+1.4181 | raw=+1.4181 | p_mean_reward=0.8571 <--
     4(dact            ): pulls=   1 | mean=+0.4281 | bonus=0.9211 | score=+1.3492 | raw=+1.3492 | p_mean_reward=0.1429
     5(lih             ): pulls=   1 | mean=+0.4199 | bonus=0.9159 | score=+1.3358 | raw=+1.3358 | p_mean_reward=0.1429
     6(udc             ): pulls=   1 | mean=+0.4259 | bonus=0.9209 | score=+1.3468 | raw=+1.3468 | p_mean_reward=0.0000
     7(omni            ): pulls=   1 | mean=+0.4582 | bonus=0.9224 | score=+1.3806 | raw=+1.3806 | p_mean_reward=0.7143
10:55:26 | t=30 | UPDATE | problem=CVRP | uid=cvrp:5143 | global_index=5143 | arm=3(icam)
    outcome: reward=0.8571 | selected_cost=20.0780 | best_cost=19.7926 | regret=0.2854
    result: record_global_index=5143 | name=None | aug_score=20.0780
    arm_stats: global_pulls=3 | problem_arm_pulls=2 | avg_reward=0.7835 | problem_arm_avg_reward=0.8571
    state: history=30 | U_norm=1878.1218 | U_mean=1.003089 | U_min=1.000000 | U_max=467.694519
10:55:26 | t=30 | TRAIN | module=reward_net | trigger=warmup(<= 240)
    optimize: epochs=20 | steps=20 | batch_size=30 | replay=balanced_problem_arm | history=30 | lr=0.001
    loss: avg=0.075214 | min=0.054637 | max=0.096445 | last=0.080282
    state: U_norm=1878.1218 | U_mean=1.003089 | U_min=1.000000 | U_max=467.694519
10:55:26 | epoch=1 | TRAIN[30] | TSP | select arm=4(dact) | reason=warm_start
     0(lehd            ): pulls=   1 | mean=+0.4744 | bonus=0.8926 | score=+1.3670 | raw=+1.3670 | p_mean_reward=0.6364
     1(elg             ): pulls=   2 | mean=+0.4886 | bonus=0.8926 | score=+1.3812 | raw=+1.3812 | p_mean_reward=0.8636
     2(invit           ): pulls=   1 | mean=+0.4488 | bonus=0.8919 | score=+1.3407 | raw=+1.3407 | p_mean_reward=0.4545
     3(icam            ): pulls=   1 | mean=+0.4901 | bonus=0.9028 | score=+1.3929 | raw=+1.3929 | p_mean_reward=0.6364
     4(dact            ): pulls=   1 | mean=+0.4302 | bonus=0.8991 | score=+1.3293 | raw=+1.3293 | p_mean_reward=0.1818 <--
     5(lih             ): pulls=   2 | mean=+0.4218 | bonus=0.8931 | score=+1.3149 | raw=+1.3149 | p_mean_reward=0.0000
     6(udc             ): pulls=   1 | mean=+0.4281 | bonus=0.8987 | score=+1.3267 | raw=+1.3267 | p_mean_reward=0.1818
     7(omni            ): pulls=   2 | mean=+0.4619 | bonus=0.8993 | score=+1.3612 | raw=+1.3612 | p_mean_reward=0.5455
     8(pointerformer   ): pulls=   2 | mean=+0.4778 | bonus=0.8980 | score=+1.3758 | raw=+1.3758 | p_mean_reward=0.9318
     9(difusco         ): pulls=   2 | mean=+0.4697 | bonus=0.9035 | score=+1.3732 | raw=+1.3732 | p_mean_reward=0.6591
    10(t2t             ): pulls=   2 | mean=+0.4441 | bonus=0.8971 | score=+1.3412 | raw=+1.3412 | p_mean_reward=0.2727
    11(glop            ): pulls=   2 | mean=+0.4491 | bonus=0.8953 | score=+1.3444 | raw=+1.3444 | p_mean_reward=0.3636
10:55:28 | t=31 | UPDATE | problem=TSP | uid=tsp:5696 | global_index=5696 | arm=4(dact)
    outcome: reward=0.1818 | selected_cost=10.1053 | best_cost=7.8890 | regret=2.2163
    result: record_global_index=5696 | name=None | aug_score=10.1053
    arm_stats: global_pulls=3 | problem_arm_pulls=2 | avg_reward=0.1688 | problem_arm_avg_reward=0.1818
    state: history=31 | U_norm=1882.8774 | U_mean=1.003117 | U_min=1.000000 | U_max=471.811951
10:55:28 | t=31 | TRAIN | module=reward_net | trigger=warmup(<= 240)
    optimize: epochs=20 | steps=20 | batch_size=31 | replay=balanced_problem_arm | history=31 | lr=0.001
    loss: avg=0.076379 | min=0.057104 | max=0.105749 | last=0.070643
    state: U_norm=1882.8774 | U_mean=1.003117 | U_min=1.000000 | U_max=471.811951
10:55:28 | epoch=1 | TRAIN[31] | CVRP | select arm=6(udc) | reason=warm_start
     0(lehd            ): pulls=   2 | mean=+0.4681 | bonus=0.8710 | score=+1.3391 | raw=+1.3391 | p_mean_reward=0.8571
     1(elg             ): pulls=   1 | mean=+0.4822 | bonus=0.8718 | score=+1.3540 | raw=+1.3540 | p_mean_reward=0.7143
     2(invit           ): pulls=   2 | mean=+0.4424 | bonus=0.8707 | score=+1.3130 | raw=+1.3130 | p_mean_reward=0.5000
     3(icam            ): pulls=   2 | mean=+0.4833 | bonus=0.8819 | score=+1.3652 | raw=+1.3652 | p_mean_reward=0.8571
     4(dact            ): pulls=   1 | mean=+0.4226 | bonus=0.8732 | score=+1.2958 | raw=+1.2958 | p_mean_reward=0.1429
     5(lih             ): pulls=   1 | mean=+0.4147 | bonus=0.8724 | score=+1.2871 | raw=+1.2871 | p_mean_reward=0.1429
     6(udc             ): pulls=   1 | mean=+0.4204 | bonus=0.8778 | score=+1.2981 | raw=+1.2981 | p_mean_reward=0.0000 <--
     7(omni            ): pulls=   1 | mean=+0.4557 | bonus=0.8781 | score=+1.3338 | raw=+1.3338 | p_mean_reward=0.7143
10:55:29 | t=32 | UPDATE | problem=CVRP | uid=cvrp:2406 | global_index=2406 | arm=6(udc)
    outcome: reward=0.0000 | selected_cost=22.6264 | best_cost=15.3980 | regret=7.2284
    result: record_global_index=2406 | name=None | aug_score=22.6264
    arm_stats: global_pulls=3 | problem_arm_pulls=2 | avg_reward=0.0606 | problem_arm_avg_reward=0.0000
    state: history=32 | U_norm=1887.4137 | U_mean=1.003143 | U_min=1.000000 | U_max=475.663177
10:55:29 | t=32 | TRAIN | module=reward_net | trigger=warmup(<= 240)
    optimize: epochs=20 | steps=20 | batch_size=32 | replay=balanced_problem_arm | history=32 | lr=0.001
    loss: avg=0.073851 | min=0.043891 | max=0.102836 | last=0.088338
    state: U_norm=1887.4137 | U_mean=1.003143 | U_min=1.000000 | U_max=475.663177
10:55:29 | epoch=1 | TRAIN[32] | TSP | select arm=0(lehd) | reason=warm_start
     0(lehd            ): pulls=   1 | mean=+0.4929 | bonus=0.8743 | score=+1.3672 | raw=+1.3672 | p_mean_reward=0.6364 <--
     1(elg             ): pulls=   2 | mean=+0.5066 | bonus=0.8746 | score=+1.3812 | raw=+1.3812 | p_mean_reward=0.8636
     2(invit           ): pulls=   1 | mean=+0.4671 | bonus=0.8735 | score=+1.3406 | raw=+1.3406 | p_mean_reward=0.4545
     3(icam            ): pulls=   1 | mean=+0.5076 | bonus=0.8839 | score=+1.3915 | raw=+1.3915 | p_mean_reward=0.6364
     4(dact            ): pulls=   2 | mean=+0.4463 | bonus=0.8760 | score=+1.3223 | raw=+1.3223 | p_mean_reward=0.1818
     5(lih             ): pulls=   2 | mean=+0.4386 | bonus=0.8746 | score=+1.3131 | raw=+1.3131 | p_mean_reward=0.0000
     6(udc             ): pulls=   1 | mean=+0.4438 | bonus=0.8756 | score=+1.3193 | raw=+1.3193 | p_mean_reward=0.1818
     7(omni            ): pulls=   2 | mean=+0.4807 | bonus=0.8800 | score=+1.3607 | raw=+1.3607 | p_mean_reward=0.5455
     8(pointerformer   ): pulls=   2 | mean=+0.4960 | bonus=0.8800 | score=+1.3761 | raw=+1.3761 | p_mean_reward=0.9318
     9(difusco         ): pulls=   2 | mean=+0.4871 | bonus=0.8849 | score=+1.3721 | raw=+1.3721 | p_mean_reward=0.6591
    10(t2t             ): pulls=   2 | mean=+0.4619 | bonus=0.8786 | score=+1.3404 | raw=+1.3404 | p_mean_reward=0.2727
    11(glop            ): pulls=   2 | mean=+0.4669 | bonus=0.8771 | score=+1.3440 | raw=+1.3440 | p_mean_reward=0.3636
10:55:31 | t=33 | UPDATE | problem=TSP | uid=tsp:652 | global_index=652 | arm=0(lehd)
    outcome: reward=0.6364 | selected_cost=7.4040 | best_cost=7.3846 | regret=0.0194
    result: record_global_index=652 | name=None | aug_score=7.4040
    arm_stats: global_pulls=4 | problem_arm_pulls=2 | avg_reward=0.7468 | problem_arm_avg_reward=0.6364
    state: history=33 | U_norm=1891.6815 | U_mean=1.003168 | U_min=1.000000 | U_max=479.433960
10:55:31 | t=33 | TRAIN | module=reward_net | trigger=warmup(<= 240)
    optimize: epochs=20 | steps=20 | batch_size=33 | replay=balanced_problem_arm | history=33 | lr=0.001
    loss: avg=0.072195 | min=0.050832 | max=0.091694 | last=0.064606
    state: U_norm=1891.6815 | U_mean=1.003168 | U_min=1.000000 | U_max=479.433960
10:55:31 | epoch=1 | TRAIN[33] | TSP | select arm=2(invit) | reason=warm_start
     0(lehd            ): pulls=   2 | mean=+0.4943 | bonus=0.8411 | score=+1.3354 | raw=+1.3354 | p_mean_reward=0.6364
     1(elg             ): pulls=   2 | mean=+0.5081 | bonus=0.8447 | score=+1.3528 | raw=+1.3528 | p_mean_reward=0.8636
     2(invit           ): pulls=   1 | mean=+0.4682 | bonus=0.8427 | score=+1.3109 | raw=+1.3109 | p_mean_reward=0.4545 <--
     3(icam            ): pulls=   1 | mean=+0.5084 | bonus=0.8537 | score=+1.3621 | raw=+1.3621 | p_mean_reward=0.6364
     4(dact            ): pulls=   2 | mean=+0.4467 | bonus=0.8456 | score=+1.2923 | raw=+1.2923 | p_mean_reward=0.1818
     5(lih             ): pulls=   2 | mean=+0.4391 | bonus=0.8442 | score=+1.2833 | raw=+1.2833 | p_mean_reward=0.0000
     6(udc             ): pulls=   1 | mean=+0.4441 | bonus=0.8453 | score=+1.2893 | raw=+1.2893 | p_mean_reward=0.1818
     7(omni            ): pulls=   2 | mean=+0.4822 | bonus=0.8493 | score=+1.3314 | raw=+1.3314 | p_mean_reward=0.5455
     8(pointerformer   ): pulls=   2 | mean=+0.4973 | bonus=0.8504 | score=+1.3477 | raw=+1.3477 | p_mean_reward=0.9318
     9(difusco         ): pulls=   2 | mean=+0.4879 | bonus=0.8548 | score=+1.3426 | raw=+1.3426 | p_mean_reward=0.6591
    10(t2t             ): pulls=   2 | mean=+0.4629 | bonus=0.8486 | score=+1.3115 | raw=+1.3115 | p_mean_reward=0.2727
    11(glop            ): pulls=   2 | mean=+0.4678 | bonus=0.8469 | score=+1.3147 | raw=+1.3147 | p_mean_reward=0.3636
10:55:32 | t=34 | UPDATE | problem=TSP | uid=tsp:924 | global_index=924 | arm=2(invit)
    outcome: reward=0.5455 | selected_cost=7.7681 | best_cost=7.6402 | regret=0.1279
    result: record_global_index=924 | name=None | aug_score=7.7681
    arm_stats: global_pulls=4 | problem_arm_pulls=2 | avg_reward=0.5000 | problem_arm_avg_reward=0.5000
    state: history=34 | U_norm=1895.6915 | U_mean=1.003192 | U_min=1.000000 | U_max=482.951202
10:55:32 | t=34 | TRAIN | module=reward_net | trigger=warmup(<= 240)
    optimize: epochs=20 | steps=20 | batch_size=34 | replay=balanced_problem_arm | history=34 | lr=0.001
    loss: avg=0.078837 | min=0.064345 | max=0.096645 | last=0.074939
    state: U_norm=1895.6915 | U_mean=1.003192 | U_min=1.000000 | U_max=482.951202
10:55:32 | epoch=1 | TRAIN[34] | TSP | select arm=3(icam) | reason=warm_start
     0(lehd            ): pulls=   2 | mean=+0.4791 | bonus=0.8175 | score=+1.2966 | raw=+1.2966 | p_mean_reward=0.6364
     1(elg             ): pulls=   2 | mean=+0.4932 | bonus=0.8212 | score=+1.3144 | raw=+1.3144 | p_mean_reward=0.8636
     2(invit           ): pulls=   2 | mean=+0.4531 | bonus=0.8162 | score=+1.2693 | raw=+1.2693 | p_mean_reward=0.5000
     3(icam            ): pulls=   1 | mean=+0.4928 | bonus=0.8297 | score=+1.3225 | raw=+1.3225 | p_mean_reward=0.6364 <--
     4(dact            ): pulls=   2 | mean=+0.4307 | bonus=0.8220 | score=+1.2527 | raw=+1.2527 | p_mean_reward=0.1818
     5(lih             ): pulls=   2 | mean=+0.4231 | bonus=0.8206 | score=+1.2438 | raw=+1.2438 | p_mean_reward=0.0000
     6(udc             ): pulls=   1 | mean=+0.4274 | bonus=0.8216 | score=+1.2491 | raw=+1.2491 | p_mean_reward=0.1818
     7(omni            ): pulls=   2 | mean=+0.4672 | bonus=0.8254 | score=+1.2927 | raw=+1.2927 | p_mean_reward=0.5455
     8(pointerformer   ): pulls=   2 | mean=+0.4823 | bonus=0.8270 | score=+1.3093 | raw=+1.3093 | p_mean_reward=0.9318
     9(difusco         ): pulls=   2 | mean=+0.4725 | bonus=0.8311 | score=+1.3036 | raw=+1.3036 | p_mean_reward=0.6591
    10(t2t             ): pulls=   2 | mean=+0.4474 | bonus=0.8251 | score=+1.2726 | raw=+1.2726 | p_mean_reward=0.2727
    11(glop            ): pulls=   2 | mean=+0.4525 | bonus=0.8236 | score=+1.2761 | raw=+1.2761 | p_mean_reward=0.3636
10:55:34 | t=35 | UPDATE | problem=TSP | uid=tsp:5480 | global_index=5480 | arm=3(icam)
    outcome: reward=0.9091 | selected_cost=8.0377 | best_cost=8.0373 | regret=0.0004
    result: record_global_index=5480 | name=None | aug_score=8.0377
    arm_stats: global_pulls=4 | problem_arm_pulls=2 | avg_reward=0.8149 | problem_arm_avg_reward=0.7727
    state: history=35 | U_norm=1899.4675 | U_mean=1.003215 | U_min=1.000000 | U_max=486.274231
10:55:34 | t=35 | TRAIN | module=reward_net | trigger=warmup(<= 240)
    optimize: epochs=20 | steps=20 | batch_size=35 | replay=balanced_problem_arm | history=35 | lr=0.001
    loss: avg=0.077553 | min=0.061063 | max=0.097989 | last=0.076269
    state: U_norm=1899.4675 | U_mean=1.003215 | U_min=1.000000 | U_max=486.274231
10:55:34 | epoch=1 | TRAIN[35] | CVRP | select arm=1(elg) | reason=warm_start
     0(lehd            ): pulls=   2 | mean=+0.4927 | bonus=0.8259 | score=+1.3186 | raw=+1.3186 | p_mean_reward=0.8571
     1(elg             ): pulls=   1 | mean=+0.5067 | bonus=0.8298 | score=+1.3365 | raw=+1.3365 | p_mean_reward=0.7143 <--
     2(invit           ): pulls=   2 | mean=+0.4668 | bonus=0.8251 | score=+1.2918 | raw=+1.2918 | p_mean_reward=0.5000
     3(icam            ): pulls=   2 | mean=+0.5065 | bonus=0.8352 | score=+1.3417 | raw=+1.3417 | p_mean_reward=0.8571
     4(dact            ): pulls=   1 | mean=+0.4433 | bonus=0.8306 | score=+1.2738 | raw=+1.2738 | p_mean_reward=0.1429
     5(lih             ): pulls=   1 | mean=+0.4356 | bonus=0.8295 | score=+1.2650 | raw=+1.2650 | p_mean_reward=0.1429
     6(udc             ): pulls=   2 | mean=+0.4400 | bonus=0.8302 | score=+1.2702 | raw=+1.2702 | p_mean_reward=0.0000
     7(omni            ): pulls=   1 | mean=+0.4812 | bonus=0.8340 | score=+1.3152 | raw=+1.3152 | p_mean_reward=0.7143
10:55:35 | t=36 | UPDATE | problem=CVRP | uid=cvrp:2352 | global_index=2352 | arm=1(elg)
    outcome: reward=1.0000 | selected_cost=14.1615 | best_cost=14.1615 | regret=0.0000
    result: record_global_index=2352 | name=None | aug_score=14.1615
    arm_stats: global_pulls=4 | problem_arm_pulls=2 | avg_reward=0.8604 | problem_arm_avg_reward=0.8571
    state: history=36 | U_norm=1903.1848 | U_mean=1.003238 | U_min=1.000000 | U_max=489.520935
10:55:35 | t=36 | TRAIN | module=reward_net | trigger=warmup(<= 240)
    optimize: epochs=20 | steps=20 | batch_size=36 | replay=balanced_problem_arm | history=36 | lr=0.001
    loss: avg=0.081197 | min=0.067285 | max=0.099668 | last=0.075464
    state: U_norm=1903.1848 | U_mean=1.003238 | U_min=1.000000 | U_max=489.520935
10:55:35 | epoch=1 | TRAIN[36] | CVRP | select arm=4(dact) | reason=warm_start
     0(lehd            ): pulls=   2 | mean=+0.5077 | bonus=0.8268 | score=+1.3344 | raw=+1.3344 | p_mean_reward=0.8571
     1(elg             ): pulls=   2 | mean=+0.5219 | bonus=0.8277 | score=+1.3496 | raw=+1.3496 | p_mean_reward=0.8571
     2(invit           ): pulls=   2 | mean=+0.4817 | bonus=0.8259 | score=+1.3077 | raw=+1.3077 | p_mean_reward=0.5000
     3(icam            ): pulls=   2 | mean=+0.5216 | bonus=0.8358 | score=+1.3574 | raw=+1.3574 | p_mean_reward=0.8571
     4(dact            ): pulls=   1 | mean=+0.4572 | bonus=0.8314 | score=+1.2886 | raw=+1.2886 | p_mean_reward=0.1429 <--
     5(lih             ): pulls=   1 | mean=+0.4496 | bonus=0.8303 | score=+1.2799 | raw=+1.2799 | p_mean_reward=0.1429
     6(udc             ): pulls=   2 | mean=+0.4540 | bonus=0.8311 | score=+1.2850 | raw=+1.2850 | p_mean_reward=0.0000
     7(omni            ): pulls=   1 | mean=+0.4965 | bonus=0.8346 | score=+1.3311 | raw=+1.3311 | p_mean_reward=0.7143
10:55:37 | t=37 | UPDATE | problem=CVRP | uid=cvrp:654 | global_index=654 | arm=4(dact)
    outcome: reward=0.1429 | selected_cost=24.3591 | best_cost=18.8012 | regret=5.5579
    result: record_global_index=654 | name=None | aug_score=24.3591
    arm_stats: global_pulls=4 | problem_arm_pulls=2 | avg_reward=0.1623 | problem_arm_avg_reward=0.1429
    state: history=37 | U_norm=1906.7891 | U_mean=1.003260 | U_min=1.000000 | U_max=492.678070
10:55:37 | t=37 | TRAIN | module=reward_net | trigger=warmup(<= 240)
    optimize: epochs=20 | steps=20 | batch_size=37 | replay=balanced_problem_arm | history=37 | lr=0.001
    loss: avg=0.079131 | min=0.064419 | max=0.098195 | last=0.069522
    state: U_norm=1906.7891 | U_mean=1.003260 | U_min=1.000000 | U_max=492.678070
10:55:37 | epoch=1 | TRAIN[37] | TSP | select arm=6(udc) | reason=warm_start
     0(lehd            ): pulls=   2 | mean=+0.5024 | bonus=0.7985 | score=+1.3008 | raw=+1.3008 | p_mean_reward=0.6364
     1(elg             ): pulls=   2 | mean=+0.5168 | bonus=0.7993 | score=+1.3162 | raw=+1.3162 | p_mean_reward=0.8636
     2(invit           ): pulls=   2 | mean=+0.4764 | bonus=0.7969 | score=+1.2733 | raw=+1.2733 | p_mean_reward=0.5000
     3(icam            ): pulls=   2 | mean=+0.5160 | bonus=0.8068 | score=+1.3229 | raw=+1.3229 | p_mean_reward=0.7727
     4(dact            ): pulls=   2 | mean=+0.4510 | bonus=0.7997 | score=+1.2507 | raw=+1.2507 | p_mean_reward=0.1818
     5(lih             ): pulls=   2 | mean=+0.4436 | bonus=0.8014 | score=+1.2450 | raw=+1.2450 | p_mean_reward=0.0000
     6(udc             ): pulls=   1 | mean=+0.4475 | bonus=0.8025 | score=+1.2500 | raw=+1.2500 | p_mean_reward=0.1818 <--
     7(omni            ): pulls=   2 | mean=+0.4913 | bonus=0.8055 | score=+1.2968 | raw=+1.2968 | p_mean_reward=0.5455
     8(pointerformer   ): pulls=   2 | mean=+0.5048 | bonus=0.8082 | score=+1.3130 | raw=+1.3130 | p_mean_reward=0.9318
     9(difusco         ): pulls=   2 | mean=+0.4947 | bonus=0.8117 | score=+1.3064 | raw=+1.3064 | p_mean_reward=0.6591
    10(t2t             ): pulls=   2 | mean=+0.4697 | bonus=0.8061 | score=+1.2759 | raw=+1.2759 | p_mean_reward=0.2727
    11(glop            ): pulls=   2 | mean=+0.4750 | bonus=0.8047 | score=+1.2797 | raw=+1.2797 | p_mean_reward=0.3636
10:55:38 | t=38 | UPDATE | problem=TSP | uid=tsp:7646 | global_index=7646 | arm=6(udc)
    outcome: reward=0.0909 | selected_cost=10.7233 | best_cost=7.9632 | regret=2.7601
    result: record_global_index=7646 | name=None | aug_score=10.7233
    arm_stats: global_pulls=4 | problem_arm_pulls=2 | avg_reward=0.0682 | problem_arm_avg_reward=0.1364
    state: history=38 | U_norm=1910.0948 | U_mean=1.003281 | U_min=1.000000 | U_max=495.608612
10:55:38 | t=38 | TRAIN | module=reward_net | trigger=warmup(<= 240)
    optimize: epochs=20 | steps=20 | batch_size=38 | replay=balanced_problem_arm | history=38 | lr=0.001
    loss: avg=0.085030 | min=0.067081 | max=0.096864 | last=0.093947
    state: U_norm=1910.0948 | U_mean=1.003281 | U_min=1.000000 | U_max=495.608612
10:55:38 | epoch=1 | TRAIN[38] | CVRP | select arm=5(lih) | reason=warm_start
     0(lehd            ): pulls=   2 | mean=+0.5009 | bonus=0.7962 | score=+1.2971 | raw=+1.2971 | p_mean_reward=0.8571
     1(elg             ): pulls=   2 | mean=+0.5153 | bonus=0.7972 | score=+1.3126 | raw=+1.3126 | p_mean_reward=0.8571
     2(invit           ): pulls=   2 | mean=+0.4747 | bonus=0.7952 | score=+1.2699 | raw=+1.2699 | p_mean_reward=0.5000
     3(icam            ): pulls=   2 | mean=+0.5146 | bonus=0.8045 | score=+1.3191 | raw=+1.3191 | p_mean_reward=0.8571
     4(dact            ): pulls=   2 | mean=+0.4484 | bonus=0.7976 | score=+1.2461 | raw=+1.2461 | p_mean_reward=0.1429
     5(lih             ): pulls=   1 | mean=+0.4410 | bonus=0.7996 | score=+1.2406 | raw=+1.2406 | p_mean_reward=0.1429 <--
     6(udc             ): pulls=   2 | mean=+0.4448 | bonus=0.7973 | score=+1.2421 | raw=+1.2421 | p_mean_reward=0.0000
     7(omni            ): pulls=   1 | mean=+0.4898 | bonus=0.8035 | score=+1.2933 | raw=+1.2933 | p_mean_reward=0.7143
10:55:40 | t=39 | UPDATE | problem=CVRP | uid=cvrp:1597 | global_index=1597 | arm=5(lih)
    outcome: reward=0.1429 | selected_cost=24.3766 | best_cost=18.1130 | regret=6.2636
    result: record_global_index=1597 | name=None | aug_score=24.3766
    arm_stats: global_pulls=4 | problem_arm_pulls=2 | avg_reward=0.0714 | problem_arm_avg_reward=0.1429
    state: history=39 | U_norm=1913.3252 | U_mean=1.003301 | U_min=1.000000 | U_max=498.427948
10:55:40 | t=39 | TRAIN | module=reward_net | trigger=warmup(<= 240)
    optimize: epochs=20 | steps=20 | batch_size=39 | replay=balanced_problem_arm | history=39 | lr=0.001
    loss: avg=0.081143 | min=0.063611 | max=0.096314 | last=0.086968
    state: U_norm=1913.3252 | U_mean=1.003301 | U_min=1.000000 | U_max=498.427948
10:55:40 | epoch=1 | TRAIN[39] | CVRP | select arm=7(omni) | reason=warm_start
     0(lehd            ): pulls=   2 | mean=+0.4984 | bonus=0.7847 | score=+1.2832 | raw=+1.2832 | p_mean_reward=0.8571
     1(elg             ): pulls=   2 | mean=+0.5133 | bonus=0.7857 | score=+1.2990 | raw=+1.2990 | p_mean_reward=0.8571
     2(invit           ): pulls=   2 | mean=+0.4723 | bonus=0.7837 | score=+1.2559 | raw=+1.2559 | p_mean_reward=0.5000
     3(icam            ): pulls=   2 | mean=+0.5121 | bonus=0.7927 | score=+1.3048 | raw=+1.3048 | p_mean_reward=0.8571
     4(dact            ): pulls=   2 | mean=+0.4449 | bonus=0.7860 | score=+1.2309 | raw=+1.2309 | p_mean_reward=0.1429
     5(lih             ): pulls=   2 | mean=+0.4377 | bonus=0.7849 | score=+1.2227 | raw=+1.2227 | p_mean_reward=0.1429
     6(udc             ): pulls=   2 | mean=+0.4413 | bonus=0.7857 | score=+1.2270 | raw=+1.2270 | p_mean_reward=0.0000
     7(omni            ): pulls=   1 | mean=+0.4875 | bonus=0.7918 | score=+1.2793 | raw=+1.2793 | p_mean_reward=0.7143 <--
10:55:41 | t=40 | UPDATE | problem=CVRP | uid=cvrp:2697 | global_index=2697 | arm=7(omni)
    outcome: reward=0.8571 | selected_cost=15.8057 | best_cost=15.6539 | regret=0.1518
    result: record_global_index=2697 | name=None | aug_score=15.8057
    arm_stats: global_pulls=4 | problem_arm_pulls=2 | avg_reward=0.6656 | problem_arm_avg_reward=0.7857
    state: history=40 | U_norm=1916.4220 | U_mean=1.003321 | U_min=1.000000 | U_max=501.119049
10:55:41 | t=40 | TRAIN | module=reward_net | trigger=warmup(<= 240)
    optimize: epochs=20 | steps=20 | batch_size=40 | replay=balanced_problem_arm | history=40 | lr=0.001
    loss: avg=0.084191 | min=0.065343 | max=0.111840 | last=0.087336
    state: U_norm=1916.4220 | U_mean=1.003321 | U_min=1.000000 | U_max=501.119049
10:55:41 | epoch=1 | TRAIN[40] | CVRP | select arm=0(lehd) | reason=warm_start
     0(lehd            ): pulls=   2 | mean=+0.5100 | bonus=0.7840 | score=+1.2941 | raw=+1.2941 | p_mean_reward=0.8571 <--
     1(elg             ): pulls=   2 | mean=+0.5248 | bonus=0.7851 | score=+1.3099 | raw=+1.3099 | p_mean_reward=0.8571
     2(invit           ): pulls=   2 | mean=+0.4837 | bonus=0.7829 | score=+1.2666 | raw=+1.2666 | p_mean_reward=0.5000
     3(icam            ): pulls=   2 | mean=+0.5235 | bonus=0.7917 | score=+1.3153 | raw=+1.3153 | p_mean_reward=0.8571
     4(dact            ): pulls=   2 | mean=+0.4555 | bonus=0.7853 | score=+1.2408 | raw=+1.2408 | p_mean_reward=0.1429
     5(lih             ): pulls=   2 | mean=+0.4482 | bonus=0.7841 | score=+1.2323 | raw=+1.2323 | p_mean_reward=0.1429
     6(udc             ): pulls=   2 | mean=+0.4516 | bonus=0.7849 | score=+1.2366 | raw=+1.2366 | p_mean_reward=0.0000
     7(omni            ): pulls=   2 | mean=+0.4994 | bonus=0.7877 | score=+1.2871 | raw=+1.2871 | p_mean_reward=0.7857
10:55:43 | t=41 | UPDATE | problem=CVRP | uid=cvrp:9497 | global_index=9497 | arm=0(lehd)
    outcome: reward=0.7143 | selected_cost=18.3102 | best_cost=18.1643 | regret=0.1459
    result: record_global_index=9497 | name=None | aug_score=18.3102
    arm_stats: global_pulls=5 | problem_arm_pulls=3 | avg_reward=0.7403 | problem_arm_avg_reward=0.8095
    state: history=41 | U_norm=1919.3842 | U_mean=1.003341 | U_min=1.000000 | U_max=503.747009
10:55:43 | t=41 | TRAIN | module=reward_net | trigger=warmup(<= 240)
    optimize: epochs=20 | steps=20 | batch_size=41 | replay=balanced_problem_arm | history=41 | lr=0.001
    loss: avg=0.081603 | min=0.065811 | max=0.109373 | last=0.082258
    state: U_norm=1919.3842 | U_mean=1.003341 | U_min=1.000000 | U_max=503.747009
10:55:43 | epoch=1 | TRAIN[41] | TSP | select arm=8(pointerformer) | reason=warm_start
     0(lehd            ): pulls=   2 | mean=+0.4935 | bonus=0.7634 | score=+1.2569 | raw=+1.2569 | p_mean_reward=0.6364
     1(elg             ): pulls=   2 | mean=+0.5085 | bonus=0.7663 | score=+1.2748 | raw=+1.2748 | p_mean_reward=0.8636
     2(invit           ): pulls=   2 | mean=+0.4673 | bonus=0.7644 | score=+1.2316 | raw=+1.2316 | p_mean_reward=0.5000
     3(icam            ): pulls=   2 | mean=+0.5071 | bonus=0.7725 | score=+1.2796 | raw=+1.2796 | p_mean_reward=0.7727
     4(dact            ): pulls=   2 | mean=+0.4382 | bonus=0.7666 | score=+1.2048 | raw=+1.2048 | p_mean_reward=0.1818
     5(lih             ): pulls=   2 | mean=+0.4309 | bonus=0.7654 | score=+1.1963 | raw=+1.1963 | p_mean_reward=0.0000
     6(udc             ): pulls=   2 | mean=+0.4342 | bonus=0.7662 | score=+1.2004 | raw=+1.2004 | p_mean_reward=0.1364
     7(omni            ): pulls=   2 | mean=+0.4831 | bonus=0.7688 | score=+1.2519 | raw=+1.2519 | p_mean_reward=0.5455
     8(pointerformer   ): pulls=   2 | mean=+0.4956 | bonus=0.7752 | score=+1.2708 | raw=+1.2708 | p_mean_reward=0.9318 <--
     9(difusco         ): pulls=   2 | mean=+0.4843 | bonus=0.7783 | score=+1.2626 | raw=+1.2626 | p_mean_reward=0.6591
    10(t2t             ): pulls=   2 | mean=+0.4595 | bonus=0.7735 | score=+1.2331 | raw=+1.2331 | p_mean_reward=0.2727
    11(glop            ): pulls=   2 | mean=+0.4647 | bonus=0.7725 | score=+1.2372 | raw=+1.2372 | p_mean_reward=0.3636
10:55:45 | t=42 | UPDATE | problem=TSP | uid=tsp:4329 | global_index=4329 | arm=8(pointerformer)
    outcome: reward=0.9545 | selected_cost=8.2510 | best_cost=8.2510 | regret=0.0000
    result: record_global_index=4329 | name=None | aug_score=8.2510
    arm_stats: global_pulls=3 | problem_arm_pulls=3 | avg_reward=0.9394 | problem_arm_avg_reward=0.9394
    state: history=42 | U_norm=1922.1271 | U_mean=1.003359 | U_min=1.000000 | U_max=506.199951
10:55:45 | t=42 | TRAIN | module=reward_net | trigger=warmup(<= 240)
    optimize: epochs=20 | steps=20 | batch_size=42 | replay=balanced_problem_arm | history=42 | lr=0.001
    loss: avg=0.084327 | min=0.058366 | max=0.111854 | last=0.086639
    state: U_norm=1922.1271 | U_mean=1.003359 | U_min=1.000000 | U_max=506.199951
10:55:45 | epoch=1 | TRAIN[42] | CVRP | select arm=1(elg) | reason=warm_start
     0(lehd            ): pulls=   3 | mean=+0.5013 | bonus=0.7582 | score=+1.2595 | raw=+1.2595 | p_mean_reward=0.8095
     1(elg             ): pulls=   2 | mean=+0.5164 | bonus=0.7614 | score=+1.2778 | raw=+1.2778 | p_mean_reward=0.8571 <--
     2(invit           ): pulls=   2 | mean=+0.4746 | bonus=0.7592 | score=+1.2339 | raw=+1.2339 | p_mean_reward=0.5000
     3(icam            ): pulls=   2 | mean=+0.5146 | bonus=0.7674 | score=+1.2820 | raw=+1.2820 | p_mean_reward=0.8571
     4(dact            ): pulls=   2 | mean=+0.4449 | bonus=0.7615 | score=+1.2064 | raw=+1.2064 | p_mean_reward=0.1429
     5(lih             ): pulls=   2 | mean=+0.4375 | bonus=0.7604 | score=+1.1979 | raw=+1.1979 | p_mean_reward=0.1429
     6(udc             ): pulls=   2 | mean=+0.4406 | bonus=0.7612 | score=+1.2018 | raw=+1.2018 | p_mean_reward=0.0000
     7(omni            ): pulls=   2 | mean=+0.4906 | bonus=0.7637 | score=+1.2543 | raw=+1.2543 | p_mean_reward=0.7857
10:55:47 | t=43 | UPDATE | problem=CVRP | uid=cvrp:736 | global_index=736 | arm=1(elg)
    outcome: reward=0.7143 | selected_cost=17.6787 | best_cost=17.6054 | regret=0.0733
    result: record_global_index=736 | name=None | aug_score=17.6787
    arm_stats: global_pulls=5 | problem_arm_pulls=3 | avg_reward=0.8312 | problem_arm_avg_reward=0.8095
    state: history=43 | U_norm=1924.8251 | U_mean=1.003377 | U_min=1.000000 | U_max=508.585999
10:55:47 | t=43 | TRAIN | module=reward_net | trigger=warmup(<= 240)
    optimize: epochs=20 | steps=20 | batch_size=43 | replay=balanced_problem_arm | history=43 | lr=0.001
    loss: avg=0.084413 | min=0.061697 | max=0.102070 | last=0.089474
    state: U_norm=1924.8251 | U_mean=1.003377 | U_min=1.000000 | U_max=508.585999
10:55:47 | epoch=1 | TRAIN[43] | CVRP | select arm=2(invit) | reason=warm_start
     0(lehd            ): pulls=   3 | mean=+0.5142 | bonus=0.7750 | score=+1.2892 | raw=+1.2892 | p_mean_reward=0.8095
     1(elg             ): pulls=   3 | mean=+0.5292 | bonus=0.7759 | score=+1.3051 | raw=+1.3051 | p_mean_reward=0.8095
     2(invit           ): pulls=   2 | mean=+0.4874 | bonus=0.7763 | score=+1.2637 | raw=+1.2637 | p_mean_reward=0.5000 <--
     3(icam            ): pulls=   2 | mean=+0.5279 | bonus=0.7838 | score=+1.3116 | raw=+1.3116 | p_mean_reward=0.8571
     4(dact            ): pulls=   2 | mean=+0.4569 | bonus=0.7782 | score=+1.2351 | raw=+1.2351 | p_mean_reward=0.1429
     5(lih             ): pulls=   2 | mean=+0.4497 | bonus=0.7773 | score=+1.2269 | raw=+1.2269 | p_mean_reward=0.1429
     6(udc             ): pulls=   2 | mean=+0.4526 | bonus=0.7779 | score=+1.2305 | raw=+1.2305 | p_mean_reward=0.0000
     7(omni            ): pulls=   2 | mean=+0.5040 | bonus=0.7804 | score=+1.2844 | raw=+1.2844 | p_mean_reward=0.7857
10:55:48 | t=44 | UPDATE | problem=CVRP | uid=cvrp:2139 | global_index=2139 | arm=2(invit)
    outcome: reward=0.4286 | selected_cost=17.4612 | best_cost=16.9653 | regret=0.4959
    result: record_global_index=2139 | name=None | aug_score=17.4612
    arm_stats: global_pulls=5 | problem_arm_pulls=3 | avg_reward=0.4857 | problem_arm_avg_reward=0.4762
    state: history=44 | U_norm=1927.5079 | U_mean=1.003395 | U_min=1.000000 | U_max=510.955994
10:55:48 | t=44 | TRAIN | module=reward_net | trigger=warmup(<= 240)
    optimize: epochs=20 | steps=20 | batch_size=44 | replay=balanced_problem_arm | history=44 | lr=0.001
    loss: avg=0.084333 | min=0.063540 | max=0.112251 | last=0.094206
    state: U_norm=1927.5079 | U_mean=1.003395 | U_min=1.000000 | U_max=510.955994
10:55:48 | epoch=1 | TRAIN[44] | CVRP | select arm=3(icam) | reason=warm_start
     0(lehd            ): pulls=   3 | mean=+0.5004 | bonus=0.7434 | score=+1.2438 | raw=+1.2438 | p_mean_reward=0.8095
     1(elg             ): pulls=   3 | mean=+0.5153 | bonus=0.7445 | score=+1.2597 | raw=+1.2597 | p_mean_reward=0.8095
     2(invit           ): pulls=   3 | mean=+0.4734 | bonus=0.7422 | score=+1.2156 | raw=+1.2156 | p_mean_reward=0.4762
     3(icam            ): pulls=   2 | mean=+0.5137 | bonus=0.7521 | score=+1.2659 | raw=+1.2659 | p_mean_reward=0.8571 <--
     4(dact            ): pulls=   2 | mean=+0.4422 | bonus=0.7466 | score=+1.1888 | raw=+1.1888 | p_mean_reward=0.1429
     5(lih             ): pulls=   2 | mean=+0.4349 | bonus=0.7456 | score=+1.1805 | raw=+1.1805 | p_mean_reward=0.1429
     6(udc             ): pulls=   2 | mean=+0.4375 | bonus=0.7463 | score=+1.1838 | raw=+1.1838 | p_mean_reward=0.0000
     7(omni            ): pulls=   2 | mean=+0.4901 | bonus=0.7486 | score=+1.2387 | raw=+1.2387 | p_mean_reward=0.7857
10:55:50 | t=45 | UPDATE | problem=CVRP | uid=cvrp:246 | global_index=246 | arm=3(icam)
    outcome: reward=1.0000 | selected_cost=13.8930 | best_cost=13.8930 | regret=0.0000
    result: record_global_index=246 | name=None | aug_score=13.8930
    arm_stats: global_pulls=5 | problem_arm_pulls=3 | avg_reward=0.8519 | problem_arm_avg_reward=0.9048
    state: history=45 | U_norm=1930.0039 | U_mean=1.003412 | U_min=1.000000 | U_max=513.160217
10:55:50 | t=45 | TRAIN | module=reward_net | trigger=warmup(<= 240)
    optimize: epochs=20 | steps=20 | batch_size=45 | replay=balanced_problem_arm | history=45 | lr=0.001
    loss: avg=0.087447 | min=0.072152 | max=0.107746 | last=0.072152
    state: U_norm=1930.0039 | U_mean=1.003412 | U_min=1.000000 | U_max=513.160217
10:55:50 | epoch=1 | TRAIN[45] | CVRP | select arm=4(dact) | reason=warm_start
     0(lehd            ): pulls=   3 | mean=+0.5006 | bonus=0.7372 | score=+1.2378 | raw=+1.2378 | p_mean_reward=0.8095
     1(elg             ): pulls=   3 | mean=+0.5154 | bonus=0.7382 | score=+1.2536 | raw=+1.2536 | p_mean_reward=0.8095
     2(invit           ): pulls=   3 | mean=+0.4734 | bonus=0.7360 | score=+1.2094 | raw=+1.2094 | p_mean_reward=0.4762
     3(icam            ): pulls=   3 | mean=+0.5141 | bonus=0.7434 | score=+1.2575 | raw=+1.2575 | p_mean_reward=0.9048
     4(dact            ): pulls=   2 | mean=+0.4415 | bonus=0.7404 | score=+1.1819 | raw=+1.1819 | p_mean_reward=0.1429 <--
     5(lih             ): pulls=   2 | mean=+0.4338 | bonus=0.7394 | score=+1.1732 | raw=+1.1732 | p_mean_reward=0.1429
     6(udc             ): pulls=   2 | mean=+0.4366 | bonus=0.7401 | score=+1.1767 | raw=+1.1767 | p_mean_reward=0.0000
     7(omni            ): pulls=   2 | mean=+0.4905 | bonus=0.7423 | score=+1.2328 | raw=+1.2328 | p_mean_reward=0.7857
10:55:52 | t=46 | UPDATE | problem=CVRP | uid=cvrp:8899 | global_index=8899 | arm=4(dact)
    outcome: reward=0.0000 | selected_cost=20.0415 | best_cost=14.9302 | regret=5.1113
    result: record_global_index=8899 | name=None | aug_score=20.0415
    arm_stats: global_pulls=5 | problem_arm_pulls=3 | avg_reward=0.1299 | problem_arm_avg_reward=0.0952
    state: history=46 | U_norm=1932.4091 | U_mean=1.003429 | U_min=1.000000 | U_max=515.269165
10:55:52 | t=46 | TRAIN | module=reward_net | trigger=warmup(<= 240)
    optimize: epochs=20 | steps=20 | batch_size=46 | replay=balanced_problem_arm | history=46 | lr=0.001
    loss: avg=0.088695 | min=0.067671 | max=0.107183 | last=0.087067
    state: U_norm=1932.4091 | U_mean=1.003429 | U_min=1.000000 | U_max=515.269165
10:55:52 | epoch=1 | TRAIN[46] | CVRP | select arm=5(lih) | reason=warm_start
     0(lehd            ): pulls=   3 | mean=+0.4988 | bonus=0.7309 | score=+1.2297 | raw=+1.2297 | p_mean_reward=0.8095
     1(elg             ): pulls=   3 | mean=+0.5135 | bonus=0.7318 | score=+1.2453 | raw=+1.2453 | p_mean_reward=0.8095
     2(invit           ): pulls=   3 | mean=+0.4713 | bonus=0.7298 | score=+1.2011 | raw=+1.2011 | p_mean_reward=0.4762
     3(icam            ): pulls=   3 | mean=+0.5123 | bonus=0.7367 | score=+1.2491 | raw=+1.2491 | p_mean_reward=0.9048
     4(dact            ): pulls=   3 | mean=+0.4388 | bonus=0.7317 | score=+1.1705 | raw=+1.1705 | p_mean_reward=0.0952
     5(lih             ): pulls=   2 | mean=+0.4307 | bonus=0.7331 | score=+1.1638 | raw=+1.1638 | p_mean_reward=0.1429 <--
     6(udc             ): pulls=   2 | mean=+0.4340 | bonus=0.7337 | score=+1.1677 | raw=+1.1677 | p_mean_reward=0.0000
     7(omni            ): pulls=   2 | mean=+0.4889 | bonus=0.7359 | score=+1.2248 | raw=+1.2248 | p_mean_reward=0.7857
10:55:53 | t=47 | UPDATE | problem=CVRP | uid=cvrp:1414 | global_index=1414 | arm=5(lih)
    outcome: reward=0.1429 | selected_cost=25.2561 | best_cost=18.7791 | regret=6.4770
    result: record_global_index=1414 | name=None | aug_score=25.2561
    arm_stats: global_pulls=5 | problem_arm_pulls=3 | avg_reward=0.0857 | problem_arm_avg_reward=0.1429
    state: history=47 | U_norm=1934.7357 | U_mean=1.003445 | U_min=1.000000 | U_max=517.298523
10:55:53 | t=47 | TRAIN | module=reward_net | trigger=warmup(<= 240)
    optimize: epochs=20 | steps=20 | batch_size=47 | replay=balanced_problem_arm | history=47 | lr=0.001
    loss: avg=0.086746 | min=0.057678 | max=0.100524 | last=0.100524
    state: U_norm=1934.7357 | U_mean=1.003445 | U_min=1.000000 | U_max=517.298523
10:55:53 | epoch=1 | TRAIN[47] | CVRP | select arm=6(udc) | reason=warm_start
     0(lehd            ): pulls=   3 | mean=+0.5137 | bonus=0.7381 | score=+1.2518 | raw=+1.2518 | p_mean_reward=0.8095
     1(elg             ): pulls=   3 | mean=+0.5286 | bonus=0.7390 | score=+1.2676 | raw=+1.2676 | p_mean_reward=0.8095
     2(invit           ): pulls=   3 | mean=+0.4861 | bonus=0.7370 | score=+1.2230 | raw=+1.2230 | p_mean_reward=0.4762
     3(icam            ): pulls=   3 | mean=+0.5276 | bonus=0.7438 | score=+1.2713 | raw=+1.2713 | p_mean_reward=0.9048
     4(dact            ): pulls=   3 | mean=+0.4530 | bonus=0.7389 | score=+1.1919 | raw=+1.1919 | p_mean_reward=0.0952
     5(lih             ): pulls=   3 | mean=+0.4449 | bonus=0.7380 | score=+1.1829 | raw=+1.1829 | p_mean_reward=0.1429
     6(udc             ): pulls=   2 | mean=+0.4480 | bonus=0.7409 | score=+1.1888 | raw=+1.1888 | p_mean_reward=0.0000 <--
     7(omni            ): pulls=   2 | mean=+0.5039 | bonus=0.7430 | score=+1.2468 | raw=+1.2468 | p_mean_reward=0.7857
10:55:55 | t=48 | UPDATE | problem=CVRP | uid=cvrp:7946 | global_index=7946 | arm=6(udc)
    outcome: reward=0.0000 | selected_cost=24.5408 | best_cost=14.3386 | regret=10.2022
    result: record_global_index=7946 | name=None | aug_score=24.5408
    arm_stats: global_pulls=5 | problem_arm_pulls=3 | avg_reward=0.0545 | problem_arm_avg_reward=0.0000
    state: history=48 | U_norm=1937.0454 | U_mean=1.003462 | U_min=1.000000 | U_max=519.322632
10:55:55 | t=48 | TRAIN | module=reward_net | trigger=warmup(<= 240)
    optimize: epochs=20 | steps=20 | batch_size=48 | replay=balanced_problem_arm | history=48 | lr=0.001
    loss: avg=0.086265 | min=0.064192 | max=0.103612 | last=0.093959
    state: U_norm=1937.0454 | U_mean=1.003462 | U_min=1.000000 | U_max=519.322632
10:55:55 | epoch=1 | TRAIN[48] | CVRP | select arm=7(omni) | reason=warm_start
     0(lehd            ): pulls=   3 | mean=+0.5151 | bonus=0.7341 | score=+1.2492 | raw=+1.2492 | p_mean_reward=0.8095
     1(elg             ): pulls=   3 | mean=+0.5300 | bonus=0.7351 | score=+1.2651 | raw=+1.2651 | p_mean_reward=0.8095
     2(invit           ): pulls=   3 | mean=+0.4872 | bonus=0.7330 | score=+1.2202 | raw=+1.2202 | p_mean_reward=0.4762
     3(icam            ): pulls=   3 | mean=+0.5290 | bonus=0.7396 | score=+1.2686 | raw=+1.2686 | p_mean_reward=0.9048
     4(dact            ): pulls=   3 | mean=+0.4533 | bonus=0.7349 | score=+1.1882 | raw=+1.1882 | p_mean_reward=0.0952
     5(lih             ): pulls=   3 | mean=+0.4455 | bonus=0.7341 | score=+1.1796 | raw=+1.1796 | p_mean_reward=0.1429
     6(udc             ): pulls=   3 | mean=+0.4484 | bonus=0.7346 | score=+1.1830 | raw=+1.1830 | p_mean_reward=0.0000
     7(omni            ): pulls=   2 | mean=+0.5053 | bonus=0.7389 | score=+1.2442 | raw=+1.2442 | p_mean_reward=0.7857 <--
10:55:57 | t=49 | UPDATE | problem=CVRP | uid=cvrp:1174 | global_index=1174 | arm=7(omni)
    outcome: reward=0.5714 | selected_cost=14.0305 | best_cost=13.5976 | regret=0.4329
    result: record_global_index=1174 | name=None | aug_score=14.0305
    arm_stats: global_pulls=5 | problem_arm_pulls=3 | avg_reward=0.6468 | problem_arm_avg_reward=0.7143
    state: history=49 | U_norm=1939.3038 | U_mean=1.003478 | U_min=1.000000 | U_max=521.282593
10:55:57 | t=49 | TRAIN | module=reward_net | trigger=warmup(<= 240)
    optimize: epochs=20 | steps=20 | batch_size=49 | replay=balanced_problem_arm | history=49 | lr=0.001
    loss: avg=0.082865 | min=0.062345 | max=0.098530 | last=0.082143
    state: U_norm=1939.3038 | U_mean=1.003478 | U_min=1.000000 | U_max=521.282593
10:55:57 | epoch=1 | TRAIN[49] | CVRP | select arm=0(lehd) | reason=warm_start
     0(lehd            ): pulls=   3 | mean=+0.5059 | bonus=0.7217 | score=+1.2277 | raw=+1.2277 | p_mean_reward=0.8095 <--
     1(elg             ): pulls=   3 | mean=+0.5206 | bonus=0.7227 | score=+1.2433 | raw=+1.2433 | p_mean_reward=0.8095
     2(invit           ): pulls=   3 | mean=+0.4777 | bonus=0.7207 | score=+1.1984 | raw=+1.1984 | p_mean_reward=0.4762
     3(icam            ): pulls=   3 | mean=+0.5198 | bonus=0.7269 | score=+1.2467 | raw=+1.2467 | p_mean_reward=0.9048
     4(dact            ): pulls=   3 | mean=+0.4432 | bonus=0.7225 | score=+1.1657 | raw=+1.1657 | p_mean_reward=0.0952
     5(lih             ): pulls=   3 | mean=+0.4354 | bonus=0.7217 | score=+1.1572 | raw=+1.1572 | p_mean_reward=0.1429
     6(udc             ): pulls=   3 | mean=+0.4382 | bonus=0.7222 | score=+1.1604 | raw=+1.1604 | p_mean_reward=0.0000
     7(omni            ): pulls=   3 | mean=+0.4961 | bonus=0.7242 | score=+1.2203 | raw=+1.2203 | p_mean_reward=0.7143
10:55:59 | t=50 | UPDATE | problem=CVRP | uid=cvrp:6398 | global_index=6398 | arm=0(lehd)
    outcome: reward=1.0000 | selected_cost=17.8919 | best_cost=17.8919 | regret=0.0000
    result: record_global_index=6398 | name=None | aug_score=17.8919
    arm_stats: global_pulls=6 | problem_arm_pulls=4 | avg_reward=0.7835 | problem_arm_avg_reward=0.8571
    state: history=50 | U_norm=1941.4515 | U_mean=1.003494 | U_min=1.000000 | U_max=523.144531
10:55:59 | t=50 | TRAIN | module=reward_net | trigger=warmup(<= 240)
    optimize: epochs=20 | steps=20 | batch_size=50 | replay=balanced_problem_arm | history=50 | lr=0.001
    loss: avg=0.085134 | min=0.063133 | max=0.108067 | last=0.091725
    state: U_norm=1941.4515 | U_mean=1.003494 | U_min=1.000000 | U_max=523.144531
10:55:59 | epoch=1 | TRAIN[50] | CVRP | select arm=1(elg) | reason=warm_start
     0(lehd            ): pulls=   4 | mean=+0.5123 | bonus=0.7253 | score=+1.2377 | raw=+1.2377 | p_mean_reward=0.8571
     1(elg             ): pulls=   3 | mean=+0.5269 | bonus=0.7278 | score=+1.2548 | raw=+1.2548 | p_mean_reward=0.8095 <--
     2(invit           ): pulls=   3 | mean=+0.4838 | bonus=0.7261 | score=+1.2098 | raw=+1.2098 | p_mean_reward=0.4762
     3(icam            ): pulls=   3 | mean=+0.5264 | bonus=0.7318 | score=+1.2582 | raw=+1.2582 | p_mean_reward=0.9048
     4(dact            ): pulls=   3 | mean=+0.4489 | bonus=0.7276 | score=+1.1765 | raw=+1.1765 | p_mean_reward=0.0952
     5(lih             ): pulls=   3 | mean=+0.4409 | bonus=0.7270 | score=+1.1679 | raw=+1.1679 | p_mean_reward=0.1429
     6(udc             ): pulls=   3 | mean=+0.4435 | bonus=0.7274 | score=+1.1709 | raw=+1.1709 | p_mean_reward=0.0000
     7(omni            ): pulls=   3 | mean=+0.5022 | bonus=0.7294 | score=+1.2316 | raw=+1.2316 | p_mean_reward=0.7143
10:56:00 | t=51 | UPDATE | problem=CVRP | uid=cvrp:2788 | global_index=2788 | arm=1(elg)
    outcome: reward=0.8571 | selected_cost=14.1927 | best_cost=14.0460 | regret=0.1467
    result: record_global_index=2788 | name=None | aug_score=14.1927
    arm_stats: global_pulls=6 | problem_arm_pulls=4 | avg_reward=0.8355 | problem_arm_avg_reward=0.8214
    state: history=51 | U_norm=1943.5840 | U_mean=1.003509 | U_min=1.000000 | U_max=524.983948
10:56:00 | t=51 | TRAIN | module=reward_net | trigger=warmup(<= 240)
    optimize: epochs=20 | steps=20 | batch_size=51 | replay=balanced_problem_arm | history=51 | lr=0.001
    loss: avg=0.089238 | min=0.068672 | max=0.105288 | last=0.097091
    state: U_norm=1943.5840 | U_mean=1.003509 | U_min=1.000000 | U_max=524.983948
10:56:00 | epoch=1 | TRAIN[51] | CVRP | select arm=2(invit) | reason=warm_start
     0(lehd            ): pulls=   4 | mean=+0.4993 | bonus=0.7043 | score=+1.2037 | raw=+1.2037 | p_mean_reward=0.8571
     1(elg             ): pulls=   4 | mean=+0.5139 | bonus=0.7052 | score=+1.2191 | raw=+1.2191 | p_mean_reward=0.8214
     2(invit           ): pulls=   3 | mean=+0.4704 | bonus=0.7050 | score=+1.1754 | raw=+1.1754 | p_mean_reward=0.4762 <--
     3(icam            ): pulls=   3 | mean=+0.5133 | bonus=0.7107 | score=+1.2240 | raw=+1.2240 | p_mean_reward=0.9048
     4(dact            ): pulls=   3 | mean=+0.4349 | bonus=0.7067 | score=+1.1416 | raw=+1.1416 | p_mean_reward=0.0952
     5(lih             ): pulls=   3 | mean=+0.4267 | bonus=0.7060 | score=+1.1327 | raw=+1.1327 | p_mean_reward=0.1429
     6(udc             ): pulls=   3 | mean=+0.4294 | bonus=0.7064 | score=+1.1357 | raw=+1.1357 | p_mean_reward=0.0000
     7(omni            ): pulls=   3 | mean=+0.4889 | bonus=0.7083 | score=+1.1971 | raw=+1.1971 | p_mean_reward=0.7143
10:56:02 | t=52 | UPDATE | problem=CVRP | uid=cvrp:7151 | global_index=7151 | arm=2(invit)
    outcome: reward=0.4286 | selected_cost=22.6080 | best_cost=21.8261 | regret=0.7819
    result: record_global_index=7151 | name=None | aug_score=22.6080
    arm_stats: global_pulls=6 | problem_arm_pulls=4 | avg_reward=0.4762 | problem_arm_avg_reward=0.4643
    state: history=52 | U_norm=1945.5979 | U_mean=1.003524 | U_min=1.000000 | U_max=526.701233
10:56:02 | t=52 | TRAIN | module=reward_net | trigger=warmup(<= 240)
    optimize: epochs=20 | steps=20 | batch_size=52 | replay=balanced_problem_arm | history=52 | lr=0.001
    loss: avg=0.083279 | min=0.065556 | max=0.103682 | last=0.100916
    state: U_norm=1945.5979 | U_mean=1.003524 | U_min=1.000000 | U_max=526.701233
10:56:02 | epoch=1 | TRAIN[52] | TSP | select arm=9(difusco) | reason=warm_start
     0(lehd            ): pulls=   2 | mean=+0.5009 | bonus=0.6989 | score=+1.1999 | raw=+1.1999 | p_mean_reward=0.6364
     1(elg             ): pulls=   2 | mean=+0.5156 | bonus=0.6998 | score=+1.2153 | raw=+1.2153 | p_mean_reward=0.8636
     2(invit           ): pulls=   2 | mean=+0.4717 | bonus=0.6979 | score=+1.1696 | raw=+1.1696 | p_mean_reward=0.5000
     3(icam            ): pulls=   2 | mean=+0.5149 | bonus=0.7050 | score=+1.2200 | raw=+1.2200 | p_mean_reward=0.7727
     4(dact            ): pulls=   2 | mean=+0.4358 | bonus=0.7012 | score=+1.1370 | raw=+1.1370 | p_mean_reward=0.1818
     5(lih             ): pulls=   2 | mean=+0.4277 | bonus=0.7005 | score=+1.1282 | raw=+1.1282 | p_mean_reward=0.0000
     6(udc             ): pulls=   2 | mean=+0.4301 | bonus=0.7009 | score=+1.1310 | raw=+1.1310 | p_mean_reward=0.1364
     7(omni            ): pulls=   2 | mean=+0.4904 | bonus=0.7027 | score=+1.1931 | raw=+1.1931 | p_mean_reward=0.5455
     8(pointerformer   ): pulls=   3 | mean=+0.5016 | bonus=0.7073 | score=+1.2089 | raw=+1.2089 | p_mean_reward=0.9394
     9(difusco         ): pulls=   2 | mean=+0.4870 | bonus=0.7151 | score=+1.2021 | raw=+1.2021 | p_mean_reward=0.6591 <--
    10(t2t             ): pulls=   2 | mean=+0.4614 | bonus=0.7119 | score=+1.1732 | raw=+1.1732 | p_mean_reward=0.2727
    11(glop            ): pulls=   2 | mean=+0.4671 | bonus=0.7113 | score=+1.1785 | raw=+1.1785 | p_mean_reward=0.3636
10:56:04 | t=53 | UPDATE | problem=TSP | uid=tsp:9377 | global_index=9377 | arm=9(difusco)
    outcome: reward=0.6364 | selected_cost=7.9162 | best_cost=7.8964 | regret=0.0199
    result: record_global_index=9377 | name=None | aug_score=7.9162
    arm_stats: global_pulls=3 | problem_arm_pulls=3 | avg_reward=0.6515 | problem_arm_avg_reward=0.6515
    state: history=53 | U_norm=1947.5486 | U_mean=1.003538 | U_min=1.000000 | U_max=528.364441
10:56:04 | t=53 | TRAIN | module=reward_net | trigger=warmup(<= 240)
    optimize: epochs=20 | steps=20 | batch_size=53 | replay=balanced_problem_arm | history=53 | lr=0.001
    loss: avg=0.080973 | min=0.061513 | max=0.102571 | last=0.098556
    state: U_norm=1947.5486 | U_mean=1.003538 | U_min=1.000000 | U_max=528.364441
10:56:04 | epoch=1 | TRAIN[53] | TSP | select arm=10(t2t) | reason=warm_start
     0(lehd            ): pulls=   2 | mean=+0.4906 | bonus=0.6920 | score=+1.1826 | raw=+1.1826 | p_mean_reward=0.6364
     1(elg             ): pulls=   2 | mean=+0.5052 | bonus=0.6927 | score=+1.1979 | raw=+1.1979 | p_mean_reward=0.8636
     2(invit           ): pulls=   2 | mean=+0.4611 | bonus=0.6910 | score=+1.1522 | raw=+1.1522 | p_mean_reward=0.5000
     3(icam            ): pulls=   2 | mean=+0.5045 | bonus=0.6978 | score=+1.2023 | raw=+1.2023 | p_mean_reward=0.7727
     4(dact            ): pulls=   2 | mean=+0.4247 | bonus=0.6942 | score=+1.1189 | raw=+1.1189 | p_mean_reward=0.1818
     5(lih             ): pulls=   2 | mean=+0.4167 | bonus=0.6936 | score=+1.1104 | raw=+1.1104 | p_mean_reward=0.0000
     6(udc             ): pulls=   2 | mean=+0.4187 | bonus=0.6939 | score=+1.1126 | raw=+1.1126 | p_mean_reward=0.1364
     7(omni            ): pulls=   2 | mean=+0.4801 | bonus=0.6957 | score=+1.1758 | raw=+1.1758 | p_mean_reward=0.5455
     8(pointerformer   ): pulls=   3 | mean=+0.4912 | bonus=0.7002 | score=+1.1915 | raw=+1.1915 | p_mean_reward=0.9394
     9(difusco         ): pulls=   3 | mean=+0.4764 | bonus=0.7022 | score=+1.1786 | raw=+1.1786 | p_mean_reward=0.6515
    10(t2t             ): pulls=   2 | mean=+0.4507 | bonus=0.7050 | score=+1.1557 | raw=+1.1557 | p_mean_reward=0.2727 <--
    11(glop            ): pulls=   2 | mean=+0.4564 | bonus=0.7046 | score=+1.1610 | raw=+1.1610 | p_mean_reward=0.3636
10:56:07 | t=54 | UPDATE | problem=TSP | uid=tsp:6124 | global_index=6124 | arm=10(t2t)
    outcome: reward=0.1818 | selected_cost=8.8188 | best_cost=7.7607 | regret=1.0581
    result: record_global_index=6124 | name=None | aug_score=8.8188
    arm_stats: global_pulls=3 | problem_arm_pulls=3 | avg_reward=0.2424 | problem_arm_avg_reward=0.2424
    state: history=54 | U_norm=1949.4305 | U_mean=1.003552 | U_min=1.000000 | U_max=529.949158
10:56:07 | t=54 | TRAIN | module=reward_net | trigger=warmup(<= 240)
    optimize: epochs=20 | steps=20 | batch_size=54 | replay=balanced_problem_arm | history=54 | lr=0.001
    loss: avg=0.086198 | min=0.067725 | max=0.104892 | last=0.088279
    state: U_norm=1949.4305 | U_mean=1.003552 | U_min=1.000000 | U_max=529.949158
10:56:07 | epoch=1 | TRAIN[54] | CVRP | select arm=3(icam) | reason=warm_start
     0(lehd            ): pulls=   4 | mean=+0.4951 | bonus=0.6921 | score=+1.1872 | raw=+1.1872 | p_mean_reward=0.8571
     1(elg             ): pulls=   4 | mean=+0.5097 | bonus=0.6929 | score=+1.2026 | raw=+1.2026 | p_mean_reward=0.8214
     2(invit           ): pulls=   4 | mean=+0.4653 | bonus=0.6913 | score=+1.1565 | raw=+1.1565 | p_mean_reward=0.4643
     3(icam            ): pulls=   3 | mean=+0.5088 | bonus=0.6978 | score=+1.2066 | raw=+1.2066 | p_mean_reward=0.9048 <--
     4(dact            ): pulls=   3 | mean=+0.4283 | bonus=0.6943 | score=+1.1226 | raw=+1.1226 | p_mean_reward=0.0952
     5(lih             ): pulls=   3 | mean=+0.4202 | bonus=0.6938 | score=+1.1141 | raw=+1.1141 | p_mean_reward=0.1429
     6(udc             ): pulls=   3 | mean=+0.4222 | bonus=0.6940 | score=+1.1163 | raw=+1.1163 | p_mean_reward=0.0000
     7(omni            ): pulls=   3 | mean=+0.4843 | bonus=0.6959 | score=+1.1802 | raw=+1.1802 | p_mean_reward=0.7143
10:56:09 | t=55 | UPDATE | problem=CVRP | uid=cvrp:9917 | global_index=9917 | arm=3(icam)
    outcome: reward=0.8571 | selected_cost=13.8642 | best_cost=13.7268 | regret=0.1374
    result: record_global_index=9917 | name=None | aug_score=13.8642
    arm_stats: global_pulls=6 | problem_arm_pulls=4 | avg_reward=0.8528 | problem_arm_avg_reward=0.8929
    state: history=55 | U_norm=1951.3149 | U_mean=1.003567 | U_min=1.000000 | U_max=531.521301
10:56:09 | t=55 | TRAIN | module=reward_net | trigger=warmup(<= 240)
    optimize: epochs=20 | steps=20 | batch_size=55 | replay=balanced_problem_arm | history=55 | lr=0.001
    loss: avg=0.087467 | min=0.071030 | max=0.109809 | last=0.083658
    state: U_norm=1951.3149 | U_mean=1.003567 | U_min=1.000000 | U_max=531.521301
10:56:09 | epoch=1 | TRAIN[55] | CVRP | select arm=4(dact) | reason=warm_start
     0(lehd            ): pulls=   4 | mean=+0.4931 | bonus=0.6879 | score=+1.1810 | raw=+1.1810 | p_mean_reward=0.8571
     1(elg             ): pulls=   4 | mean=+0.5078 | bonus=0.6886 | score=+1.1964 | raw=+1.1964 | p_mean_reward=0.8214
     2(invit           ): pulls=   4 | mean=+0.4631 | bonus=0.6870 | score=+1.1501 | raw=+1.1501 | p_mean_reward=0.4643
     3(icam            ): pulls=   4 | mean=+0.5067 | bonus=0.6916 | score=+1.1983 | raw=+1.1983 | p_mean_reward=0.8929
     4(dact            ): pulls=   3 | mean=+0.4256 | bonus=0.6900 | score=+1.1156 | raw=+1.1156 | p_mean_reward=0.0952 <--
     5(lih             ): pulls=   3 | mean=+0.4175 | bonus=0.6896 | score=+1.1071 | raw=+1.1071 | p_mean_reward=0.1429
     6(udc             ): pulls=   3 | mean=+0.4192 | bonus=0.6898 | score=+1.1089 | raw=+1.1089 | p_mean_reward=0.0000
     7(omni            ): pulls=   3 | mean=+0.4823 | bonus=0.6915 | score=+1.1738 | raw=+1.1738 | p_mean_reward=0.7143
10:56:12 | t=56 | UPDATE | problem=CVRP | uid=cvrp:7780 | global_index=7780 | arm=4(dact)
    outcome: reward=0.0000 | selected_cost=22.4710 | best_cost=15.5004 | regret=6.9707
    result: record_global_index=7780 | name=None | aug_score=22.4710
    arm_stats: global_pulls=6 | problem_arm_pulls=4 | avg_reward=0.1082 | problem_arm_avg_reward=0.0714
    state: history=56 | U_norm=1953.1516 | U_mean=1.003581 | U_min=1.000000 | U_max=533.037292
10:56:12 | t=56 | TRAIN | module=reward_net | trigger=warmup(<= 240)
    optimize: epochs=20 | steps=20 | batch_size=56 | replay=balanced_problem_arm | history=56 | lr=0.001
    loss: avg=0.085162 | min=0.070660 | max=0.121599 | last=0.079199
    state: U_norm=1953.1516 | U_mean=1.003581 | U_min=1.000000 | U_max=533.037292
10:56:12 | epoch=1 | TRAIN[56] | CVRP | select arm=5(lih) | reason=warm_start
     0(lehd            ): pulls=   4 | mean=+0.4982 | bonus=0.6891 | score=+1.1873 | raw=+1.1873 | p_mean_reward=0.8571
     1(elg             ): pulls=   4 | mean=+0.5132 | bonus=0.6898 | score=+1.2030 | raw=+1.2030 | p_mean_reward=0.8214
     2(invit           ): pulls=   4 | mean=+0.4680 | bonus=0.6883 | score=+1.1563 | raw=+1.1563 | p_mean_reward=0.4643
     3(icam            ): pulls=   4 | mean=+0.5121 | bonus=0.6927 | score=+1.2048 | raw=+1.2048 | p_mean_reward=0.8929
     4(dact            ): pulls=   4 | mean=+0.4301 | bonus=0.6895 | score=+1.1196 | raw=+1.1196 | p_mean_reward=0.0714
     5(lih             ): pulls=   3 | mean=+0.4219 | bonus=0.6908 | score=+1.1127 | raw=+1.1127 | p_mean_reward=0.1429 <--
     6(udc             ): pulls=   3 | mean=+0.4237 | bonus=0.6910 | score=+1.1146 | raw=+1.1146 | p_mean_reward=0.0000
     7(omni            ): pulls=   3 | mean=+0.4874 | bonus=0.6927 | score=+1.1801 | raw=+1.1801 | p_mean_reward=0.7143
10:56:14 | t=57 | UPDATE | problem=CVRP | uid=cvrp:810 | global_index=810 | arm=5(lih)
    outcome: reward=0.2857 | selected_cost=18.0985 | best_cost=13.8822 | regret=4.2162
    result: record_global_index=810 | name=None | aug_score=18.0985
    arm_stats: global_pulls=6 | problem_arm_pulls=4 | avg_reward=0.1190 | problem_arm_avg_reward=0.1786
    state: history=57 | U_norm=1954.9738 | U_mean=1.003594 | U_min=1.000000 | U_max=534.530457
10:56:14 | t=57 | TRAIN | module=reward_net | trigger=warmup(<= 240)
    optimize: epochs=20 | steps=20 | batch_size=57 | replay=balanced_problem_arm | history=57 | lr=0.001
    loss: avg=0.081226 | min=0.059742 | max=0.103368 | last=0.093803
    state: U_norm=1954.9738 | U_mean=1.003594 | U_min=1.000000 | U_max=534.530457
10:56:14 | epoch=1 | TRAIN[57] | TSP | select arm=11(glop) | reason=warm_start
     0(lehd            ): pulls=   2 | mean=+0.4788 | bonus=0.6636 | score=+1.1424 | raw=+1.1424 | p_mean_reward=0.6364
     1(elg             ): pulls=   2 | mean=+0.4938 | bonus=0.6642 | score=+1.1580 | raw=+1.1580 | p_mean_reward=0.8636
     2(invit           ): pulls=   2 | mean=+0.4485 | bonus=0.6627 | score=+1.1112 | raw=+1.1112 | p_mean_reward=0.5000
     3(icam            ): pulls=   2 | mean=+0.4927 | bonus=0.6669 | score=+1.1596 | raw=+1.1596 | p_mean_reward=0.7727
     4(dact            ): pulls=   2 | mean=+0.4100 | bonus=0.6639 | score=+1.0739 | raw=+1.0739 | p_mean_reward=0.1818
     5(lih             ): pulls=   2 | mean=+0.4019 | bonus=0.6635 | score=+1.0654 | raw=+1.0654 | p_mean_reward=0.0000
     6(udc             ): pulls=   2 | mean=+0.4035 | bonus=0.6654 | score=+1.0689 | raw=+1.0689 | p_mean_reward=0.1364
     7(omni            ): pulls=   2 | mean=+0.4680 | bonus=0.6671 | score=+1.1351 | raw=+1.1351 | p_mean_reward=0.5455
     8(pointerformer   ): pulls=   3 | mean=+0.4795 | bonus=0.6720 | score=+1.1516 | raw=+1.1516 | p_mean_reward=0.9394
     9(difusco         ): pulls=   3 | mean=+0.4635 | bonus=0.6737 | score=+1.1372 | raw=+1.1372 | p_mean_reward=0.6515
    10(t2t             ): pulls=   3 | mean=+0.4372 | bonus=0.6710 | score=+1.1082 | raw=+1.1082 | p_mean_reward=0.2424
    11(glop            ): pulls=   2 | mean=+0.4432 | bonus=0.6769 | score=+1.1202 | raw=+1.1202 | p_mean_reward=0.3636 <--
10:56:17 | t=58 | UPDATE | problem=TSP | uid=tsp:1215 | global_index=1215 | arm=11(glop)
    outcome: reward=0.3636 | selected_cost=8.6119 | best_cost=7.7166 | regret=0.8953
    result: record_global_index=1215 | name=None | aug_score=8.6119
    arm_stats: global_pulls=3 | problem_arm_pulls=3 | avg_reward=0.3636 | problem_arm_avg_reward=0.3636
    state: history=58 | U_norm=1956.6636 | U_mean=1.003607 | U_min=1.000000 | U_max=535.903931
10:56:17 | t=58 | TRAIN | module=reward_net | trigger=warmup(<= 240)
    optimize: epochs=20 | steps=20 | batch_size=58 | replay=balanced_problem_arm | history=58 | lr=0.001
    loss: avg=0.084612 | min=0.067478 | max=0.104914 | last=0.104914
    state: U_norm=1956.6636 | U_mean=1.003607 | U_min=1.000000 | U_max=535.903931
10:56:17 | epoch=1 | TRAIN[58] | TSP | select arm=6(udc) | reason=warm_start
     0(lehd            ): pulls=   2 | mean=+0.4802 | bonus=0.6595 | score=+1.1397 | raw=+1.1397 | p_mean_reward=0.6364
     1(elg             ): pulls=   2 | mean=+0.4951 | bonus=0.6602 | score=+1.1552 | raw=+1.1552 | p_mean_reward=0.8636
     2(invit           ): pulls=   2 | mean=+0.4495 | bonus=0.6586 | score=+1.1081 | raw=+1.1081 | p_mean_reward=0.5000
     3(icam            ): pulls=   2 | mean=+0.4940 | bonus=0.6628 | score=+1.1568 | raw=+1.1568 | p_mean_reward=0.7727
     4(dact            ): pulls=   2 | mean=+0.4104 | bonus=0.6598 | score=+1.0702 | raw=+1.0702 | p_mean_reward=0.1818
     5(lih             ): pulls=   2 | mean=+0.4025 | bonus=0.6594 | score=+1.0619 | raw=+1.0619 | p_mean_reward=0.0000
     6(udc             ): pulls=   2 | mean=+0.4038 | bonus=0.6613 | score=+1.0652 | raw=+1.0652 | p_mean_reward=0.1364 <--
     7(omni            ): pulls=   2 | mean=+0.4691 | bonus=0.6629 | score=+1.1321 | raw=+1.1321 | p_mean_reward=0.5455
     8(pointerformer   ): pulls=   3 | mean=+0.4805 | bonus=0.6680 | score=+1.1485 | raw=+1.1485 | p_mean_reward=0.9394
     9(difusco         ): pulls=   3 | mean=+0.4644 | bonus=0.6696 | score=+1.1340 | raw=+1.1340 | p_mean_reward=0.6515
    10(t2t             ): pulls=   3 | mean=+0.4380 | bonus=0.6670 | score=+1.1050 | raw=+1.1050 | p_mean_reward=0.2424
    11(glop            ): pulls=   3 | mean=+0.4441 | bonus=0.6667 | score=+1.1108 | raw=+1.1108 | p_mean_reward=0.3636
10:56:19 | t=59 | UPDATE | problem=TSP | uid=tsp:8979 | global_index=8979 | arm=6(udc)
    outcome: reward=0.1818 | selected_cost=9.8219 | best_cost=7.7728 | regret=2.0491
    result: record_global_index=8979 | name=None | aug_score=9.8219
    arm_stats: global_pulls=6 | problem_arm_pulls=3 | avg_reward=0.0758 | problem_arm_avg_reward=0.1515
    state: history=59 | U_norm=1958.3231 | U_mean=1.003620 | U_min=1.000000 | U_max=537.242981
10:56:19 | t=59 | TRAIN | module=reward_net | trigger=warmup(<= 240)
    optimize: epochs=20 | steps=20 | batch_size=59 | replay=balanced_problem_arm | history=59 | lr=0.001
    loss: avg=0.086225 | min=0.072470 | max=0.107998 | last=0.098491
    state: U_norm=1958.3231 | U_mean=1.003620 | U_min=1.000000 | U_max=537.242981
10:56:19 | epoch=1 | TRAIN[59] | TSP | select arm=7(omni) | reason=warm_start
     0(lehd            ): pulls=   2 | mean=+0.4892 | bonus=0.6646 | score=+1.1538 | raw=+1.1538 | p_mean_reward=0.6364
     1(elg             ): pulls=   2 | mean=+0.5042 | bonus=0.6653 | score=+1.1694 | raw=+1.1694 | p_mean_reward=0.8636
     2(invit           ): pulls=   2 | mean=+0.4581 | bonus=0.6637 | score=+1.1219 | raw=+1.1219 | p_mean_reward=0.5000
     3(icam            ): pulls=   2 | mean=+0.5029 | bonus=0.6677 | score=+1.1706 | raw=+1.1706 | p_mean_reward=0.7727
     4(dact            ): pulls=   2 | mean=+0.4183 | bonus=0.6649 | score=+1.0832 | raw=+1.0832 | p_mean_reward=0.1818
     5(lih             ): pulls=   2 | mean=+0.4108 | bonus=0.6645 | score=+1.0753 | raw=+1.0753 | p_mean_reward=0.0000
     6(udc             ): pulls=   3 | mean=+0.4119 | bonus=0.6646 | score=+1.0765 | raw=+1.0765 | p_mean_reward=0.1515
     7(omni            ): pulls=   2 | mean=+0.4779 | bonus=0.6680 | score=+1.1459 | raw=+1.1459 | p_mean_reward=0.5455 <--
     8(pointerformer   ): pulls=   3 | mean=+0.4891 | bonus=0.6731 | score=+1.1622 | raw=+1.1622 | p_mean_reward=0.9394
     9(difusco         ): pulls=   3 | mean=+0.4730 | bonus=0.6746 | score=+1.1476 | raw=+1.1476 | p_mean_reward=0.6515
    10(t2t             ): pulls=   3 | mean=+0.4464 | bonus=0.6721 | score=+1.1185 | raw=+1.1185 | p_mean_reward=0.2424
    11(glop            ): pulls=   3 | mean=+0.4526 | bonus=0.6718 | score=+1.1244 | raw=+1.1244 | p_mean_reward=0.3636
10:56:22 | t=60 | UPDATE | problem=TSP | uid=tsp:8670 | global_index=8670 | arm=7(omni)
    outcome: reward=0.4545 | selected_cost=7.5633 | best_cost=7.4021 | regret=0.1612
    result: record_global_index=8670 | name=None | aug_score=7.5633
    arm_stats: global_pulls=6 | problem_arm_pulls=3 | avg_reward=0.6147 | problem_arm_avg_reward=0.5152
    state: history=60 | U_norm=1959.9944 | U_mean=1.003633 | U_min=1.000000 | U_max=538.579102
10:56:22 | t=60 | TRAIN | module=reward_net | trigger=warmup(<= 240)
    optimize: epochs=20 | steps=20 | batch_size=60 | replay=balanced_problem_arm | history=60 | lr=0.001
    loss: avg=0.085044 | min=0.067165 | max=0.099479 | last=0.067165
    state: U_norm=1959.9944 | U_mean=1.003633 | U_min=1.000000 | U_max=538.579102
10:56:22 | epoch=1 | TRAIN[60] | CVRP | select arm=6(udc) | reason=warm_start
     0(lehd            ): pulls=   4 | mean=+0.4923 | bonus=0.6670 | score=+1.1593 | raw=+1.1593 | p_mean_reward=0.8571
     1(elg             ): pulls=   4 | mean=+0.5070 | bonus=0.6676 | score=+1.1746 | raw=+1.1746 | p_mean_reward=0.8214
     2(invit           ): pulls=   4 | mean=+0.4608 | bonus=0.6662 | score=+1.1270 | raw=+1.1270 | p_mean_reward=0.4643
     3(icam            ): pulls=   4 | mean=+0.5060 | bonus=0.6700 | score=+1.1759 | raw=+1.1759 | p_mean_reward=0.8929
     4(dact            ): pulls=   4 | mean=+0.4206 | bonus=0.6673 | score=+1.0879 | raw=+1.0879 | p_mean_reward=0.0714
     5(lih             ): pulls=   4 | mean=+0.4128 | bonus=0.6670 | score=+1.0797 | raw=+1.0797 | p_mean_reward=0.1786
     6(udc             ): pulls=   3 | mean=+0.4142 | bonus=0.6670 | score=+1.0811 | raw=+1.0811 | p_mean_reward=0.0000 <--
     7(omni            ): pulls=   3 | mean=+0.4806 | bonus=0.6686 | score=+1.1492 | raw=+1.1492 | p_mean_reward=0.7143
10:56:25 | t=61 | UPDATE | problem=CVRP | uid=cvrp:7067 | global_index=7067 | arm=6(udc)
    outcome: reward=0.0000 | selected_cost=26.1958 | best_cost=16.9629 | regret=9.2329
    result: record_global_index=7067 | name=None | aug_score=26.1958
    arm_stats: global_pulls=7 | problem_arm_pulls=4 | avg_reward=0.0649 | problem_arm_avg_reward=0.0000
    state: history=61 | U_norm=1961.6685 | U_mean=1.003646 | U_min=1.000000 | U_max=539.906677
10:56:25 | t=61 | TRAIN | module=reward_net | trigger=warmup(<= 240)
    optimize: epochs=20 | steps=20 | batch_size=61 | replay=balanced_problem_arm | history=61 | lr=0.001
    loss: avg=0.085835 | min=0.065168 | max=0.101419 | last=0.096185
    state: U_norm=1961.6685 | U_mean=1.003646 | U_min=1.000000 | U_max=539.906677
10:56:25 | epoch=1 | TRAIN[61] | CVRP | select arm=7(omni) | reason=warm_start
     0(lehd            ): pulls=   4 | mean=+0.4886 | bonus=0.6606 | score=+1.1492 | raw=+1.1492 | p_mean_reward=0.8571
     1(elg             ): pulls=   4 | mean=+0.5033 | bonus=0.6612 | score=+1.1645 | raw=+1.1645 | p_mean_reward=0.8214
     2(invit           ): pulls=   4 | mean=+0.4569 | bonus=0.6598 | score=+1.1167 | raw=+1.1167 | p_mean_reward=0.4643
     3(icam            ): pulls=   4 | mean=+0.5021 | bonus=0.6634 | score=+1.1656 | raw=+1.1656 | p_mean_reward=0.8929
     4(dact            ): pulls=   4 | mean=+0.4161 | bonus=0.6608 | score=+1.0769 | raw=+1.0769 | p_mean_reward=0.0714
     5(lih             ): pulls=   4 | mean=+0.4081 | bonus=0.6606 | score=+1.0687 | raw=+1.0687 | p_mean_reward=0.1786
     6(udc             ): pulls=   4 | mean=+0.4096 | bonus=0.6592 | score=+1.0688 | raw=+1.0688 | p_mean_reward=0.0000
     7(omni            ): pulls=   3 | mean=+0.4767 | bonus=0.6621 | score=+1.1389 | raw=+1.1389 | p_mean_reward=0.7143 <--
10:56:27 | t=62 | UPDATE | problem=CVRP | uid=cvrp:1356 | global_index=1356 | arm=7(omni)
    outcome: reward=0.8571 | selected_cost=14.3319 | best_cost=14.2054 | regret=0.1265
    result: record_global_index=1356 | name=None | aug_score=14.3319
    arm_stats: global_pulls=7 | problem_arm_pulls=4 | avg_reward=0.6494 | problem_arm_avg_reward=0.7500
    state: history=62 | U_norm=1963.3070 | U_mean=1.003659 | U_min=1.000000 | U_max=541.191284
10:56:27 | t=62 | TRAIN | module=reward_net | trigger=warmup(<= 240)
    optimize: epochs=20 | steps=20 | batch_size=62 | replay=balanced_problem_arm | history=62 | lr=0.001
    loss: avg=0.082615 | min=0.065246 | max=0.100338 | last=0.066696
    state: U_norm=1963.3070 | U_mean=1.003659 | U_min=1.000000 | U_max=541.191284
10:56:27 | epoch=1 | TRAIN[62] | CVRP | select arm=0(lehd) | reason=warm_start
     0(lehd            ): pulls=   4 | mean=+0.4983 | bonus=0.6663 | score=+1.1646 | raw=+1.1646 | p_mean_reward=0.8571 <--
     1(elg             ): pulls=   4 | mean=+0.5129 | bonus=0.6669 | score=+1.1798 | raw=+1.1798 | p_mean_reward=0.8214
     2(invit           ): pulls=   4 | mean=+0.4662 | bonus=0.6655 | score=+1.1317 | raw=+1.1317 | p_mean_reward=0.4643
     3(icam            ): pulls=   4 | mean=+0.5116 | bonus=0.6690 | score=+1.1807 | raw=+1.1807 | p_mean_reward=0.8929
     4(dact            ): pulls=   4 | mean=+0.4251 | bonus=0.6665 | score=+1.0916 | raw=+1.0916 | p_mean_reward=0.0714
     5(lih             ): pulls=   4 | mean=+0.4172 | bonus=0.6663 | score=+1.0835 | raw=+1.0835 | p_mean_reward=0.1786
     6(udc             ): pulls=   4 | mean=+0.4183 | bonus=0.6649 | score=+1.0832 | raw=+1.0832 | p_mean_reward=0.0000
     7(omni            ): pulls=   4 | mean=+0.4861 | bonus=0.6665 | score=+1.1525 | raw=+1.1525 | p_mean_reward=0.7500
