/public/home/shiys/0selection2/code/V4/train.py:725: FutureWarning: `torch.cuda.amp.GradScaler(args...)` is deprecated. Please use `torch.amp.GradScaler('cuda', args...)` instead.
  scaler = torch.cuda.amp.GradScaler(enabled=args.amp)
[cache] TSP/train: 10000 instances, 45.0 MiB on cuda:0
[cache] CVRP/train: 10000 instances, 83.3 MiB on cuda:0
[cache] ATSP/train: 10000 instances, 384.5 MiB on cuda:0
[cache] OVRP/train: 10000 instances, 33.9 MiB on cuda:0
[cache] VRPB/train: 10000 instances, 33.9 MiB on cuda:0
[cache] VRPL/train: 10000 instances, 33.9 MiB on cuda:0
[cache] VRPTW/train: 10000 instances, 33.9 MiB on cuda:0
[cache] OVRPTW/train: 10000 instances, 33.9 MiB on cuda:0
[cache] OVRPB/train: 10000 instances, 33.9 MiB on cuda:0
[cache] OVRPL/train: 10000 instances, 33.9 MiB on cuda:0
[cache] VRPBL/train: 10000 instances, 33.9 MiB on cuda:0
[cache] VRPBTW/train: 10000 instances, 33.9 MiB on cuda:0
[cache] VRPLTW/train: 10000 instances, 33.9 MiB on cuda:0
[cache] OVRPBL/train: 10000 instances, 33.9 MiB on cuda:0
[cache] OVRPBTW/train: 10000 instances, 33.9 MiB on cuda:0
[cache] OVRPLTW/train: 10000 instances, 33.9 MiB on cuda:0
[cache] VRPBLTW/train: 10000 instances, 33.9 MiB on cuda:0
[cache] OVRPBLTW/train: 10000 instances, 33.9 MiB on cuda:0
[train] V4 dual-stream joint encoder + instance-query solver decoder (logits only)
[train] problems=['TSP', 'CVRP', 'ATSP', 'OVRP', 'VRPB', 'VRPL', 'VRPTW', 'OVRPTW', 'OVRPB', 'OVRPL', 'VRPBL', 'VRPBTW', 'VRPLTW', 'OVRPBL', 'OVRPBTW', 'OVRPLTW', 'VRPBLTW', 'OVRPBLTW']
[train] model_params={'embedding_dim': 128, 'head_num': 4, 'qkv_dim': 32, 'ff_hidden_dim': 512, 'head_hidden_dim': 256, 'encoder_layer_num': 4, 'solver_set_layer_num': 2, 'query_num': 4, 'dropout': 0.1, 'stats_dim': 12, 'rezero': False, 'gap_score_weight': 0.0, 'pre_score_weight': 0.0, 'support_branch': False, 'support_generators': 0, 'support_hidden': 128, 'support_score_weight': 0.0, 'support_score_mode': 'g0', 'support_g0_as_main': False, 'support_feature_to_token': True, 'support_main_utility_weight': 0.0, 'support_main_pre_weight': 0.0, 'support_main_gap_weight': 0.0, 'solver_feature_spec': {'feature_dim': 34, 'index_base': 0, 'feature_order': ['构造式', '扩散式', '坐标与节点属性', '成本矩阵', '图与边', 'MHA／Transformer', 'GNN', '矩阵双流注意力', '静态编码复用', '动态状态更新', '动态局部更新', '迭代去噪', '实例条件', '属性条件', '约束条件', '元学习任务条件', 'FFN 专家', 'LoRA 专家', '监督学习', '强化学习', '扩散训练', '单任务', '多任务', '元学习', '子问题重编码', '重解码器', '梯度引导搜索', '全局—局部双策略', '近邻成本输入', '伪 one-hot 输入', '统一矩阵表示', '全局分区与局部重构', '解码器 FFN 残差', '全局属性嵌入'], 'solver_active_indices': {'BQ': [0, 2, 5, 9, 18, 21, 24], 'LEHD': [0, 2, 5, 9, 18, 21, 25], 'DIFUSCO': [1, 4, 6, 11, 20, 21], 'DIFUSCO500': [1, 4, 6, 11, 20, 21], 'T2T': [1, 4, 6, 11, 20, 21, 26], 'T2T500': [1, 4, 6, 11, 20, 21, 26], 'ELG': [0, 2, 5, 8, 10, 19, 21, 27], 'OMNI': [0, 2, 5, 8, 15, 19, 23], 'ICAM': [0, 2, 5, 8, 12, 19, 21], 'ICAM_ATSP': [0, 3, 7, 8, 12, 19, 21, 28], 'MATNET': [0, 3, 7, 8, 19, 21], 'MATPOENET': [0, 3, 7, 8, 19, 21, 29], 'UNICO_MatPOENet': [0, 3, 7, 8, 19, 22, 29, 30], 'GLOP': [0, 3, 4, 6, 7, 19, 31], 'MTPOMO': [0, 2, 5, 8, 13, 19, 22], 'MVMOE': [0, 2, 5, 8, 13, 16, 19, 22], 'RELD_CVRP': [0, 2, 5, 8, 19, 21, 32], 'RELD_MTL': [0, 2, 5, 8, 13, 19, 22, 32], 'RELD_MOEL': [0, 2, 5, 8, 13, 16, 19, 22, 32], 'RouteFinder': [0, 2, 5, 8, 13, 19, 22, 33], 'MoSES_RF': [0, 2, 5, 8, 13, 17, 22, 33], 'MoSES_CaDA': [0, 2, 5, 8, 14, 17, 22]}, 'solver_names': ['BQ', 'DIFUSCO', 'DIFUSCO500', 'ELG', 'GLOP', 'ICAM', 'ICAM_ATSP', 'LEHD', 'MATNET', 'MATPOENET', 'MTPOMO', 'MVMOE', 'MoSES_CaDA', 'MoSES_RF', 'OMNI', 'RELD_CVRP', 'RELD_MOEL', 'RELD_MTL', 'RouteFinder', 'T2T', 'T2T500', 'UNICO_MatPOENet']}, 'solver_feature_weight': 1.0, 'solver_feature_hidden': 128, 'sdpa': True, 'architecture': 'dual_stream', 'joint_layer_num': 2, 'ignore_coord_dist': True, 'native_winner': True}
wandb: Tracking run with wandb version 0.19.11
wandb: W&B syncing is set to `offline` in this directory. Run `wandb online` or set WANDB_MODE=online to enable cloud syncing.
/public/home/shiys/0selection2/code/V4/train.py:853: FutureWarning: `torch.cuda.amp.autocast(args...)` is deprecated. Please use `torch.amp.autocast('cuda', args...)` instead.
  with torch.cuda.amp.autocast(enabled=args.amp, dtype=amp_dtype):
ep000 step000050 loss=0.8201 ce=1.8085 pair=0.1685 topk_ce=1.6813 risk=0.1054 samples/s=7650 peak_GiB=17.27 time=0.1m
ep000 step000100 loss=0.8050 ce=1.7842 pair=0.1592 topk_ce=1.6358 risk=0.0935 samples/s=7277 peak_GiB=17.27 time=0.1m
ep000 step000150 loss=0.7960 ce=1.7675 pair=0.1553 topk_ce=1.6118 risk=0.0887 samples/s=8595 peak_GiB=17.27 time=0.2m
ep000 step000200 loss=0.7929 ce=1.7630 pair=0.1529 topk_ce=1.6043 risk=0.0852 samples/s=6756 peak_GiB=17.27 time=0.3m
ep000 step000250 loss=0.7856 ce=1.7494 pair=0.1496 topk_ce=1.5840 risk=0.0833 samples/s=9432 peak_GiB=17.27 time=0.3m
[epoch done 0] loss=0.78440 lr=6.7e-05 updates=270 skipped=0 grad=0.6505098938941956
[cache] TSP/val: 1000 instances, 4.5 MiB on cuda:0
[cache] CVRP/val: 1000 instances, 8.3 MiB on cuda:0
[cache] ATSP/val: 1000 instances, 38.4 MiB on cuda:0
[cache] OVRP/val: 1000 instances, 3.4 MiB on cuda:0
[cache] VRPB/val: 1000 instances, 3.4 MiB on cuda:0
[cache] VRPL/val: 1000 instances, 3.4 MiB on cuda:0
[cache] VRPTW/val: 1000 instances, 3.4 MiB on cuda:0
[cache] OVRPTW/val: 1000 instances, 3.4 MiB on cuda:0
[cache] OVRPB/val: 1000 instances, 3.4 MiB on cuda:0
[cache] OVRPL/val: 1000 instances, 3.4 MiB on cuda:0
[cache] VRPBL/val: 1000 instances, 3.4 MiB on cuda:0
[cache] VRPBTW/val: 1000 instances, 3.4 MiB on cuda:0
[cache] VRPLTW/val: 1000 instances, 3.4 MiB on cuda:0
[cache] OVRPBL/val: 1000 instances, 3.4 MiB on cuda:0
[cache] OVRPBTW/val: 1000 instances, 3.4 MiB on cuda:0
[cache] OVRPLTW/val: 1000 instances, 3.4 MiB on cuda:0
[cache] VRPBLTW/val: 1000 instances, 3.4 MiB on cuda:0
[cache] OVRPBLTW/val: 1000 instances, 3.4 MiB on cuda:0
[eval epoch 0] macro_top1=0.3618 top2=0.6573 top3=0.7625 vs_sbs=+0.355% vbs_closed=-39.06%
       TSP: top1=0.297 mean_cost=7.9953 (sbs=7.9578) vs_sbs=+0.47%
      CVRP: top1=0.219 mean_cost=18.2943 (sbs=18.2943) vs_sbs=-0.00%
      ATSP: top1=0.480 mean_cost=1.6735 (sbs=1.6735) vs_sbs=-0.00%
      OVRP: top1=0.085 mean_cost=7.5915 (sbs=7.4617) vs_sbs=+1.74%
      VRPB: top1=0.504 mean_cost=9.3403 (sbs=9.3403) vs_sbs=+0.00%
      VRPL: top1=0.117 mean_cost=12.5087 (sbs=12.4072) vs_sbs=+0.82%
     VRPTW: top1=0.236 mean_cost=18.8505 (sbs=18.6571) vs_sbs=+1.04%
    OVRPTW: top1=0.476 mean_cost=10.0484 (sbs=10.0484) vs_sbs=+0.00%
     OVRPB: top1=0.545 mean_cost=6.3220 (sbs=6.3220) vs_sbs=+0.00%
     OVRPL: top1=0.068 mean_cost=7.5832 (sbs=7.4376) vs_sbs=+1.96%
     VRPBL: top1=0.528 mean_cost=9.3593 (sbs=9.3593) vs_sbs=+0.00%
    VRPBTW: top1=0.372 mean_cost=19.6697 (sbs=19.6697) vs_sbs=+0.00%
    VRPLTW: top1=0.257 mean_cost=18.5770 (sbs=18.5091) vs_sbs=+0.37%
    OVRPBL: top1=0.555 mean_cost=6.3103 (sbs=6.3103) vs_sbs=+0.00%
   OVRPBTW: top1=0.461 mean_cost=10.5068 (sbs=10.5068) vs_sbs=-0.00%
   OVRPLTW: top1=0.494 mean_cost=10.1272 (sbs=10.1272) vs_sbs=-0.00%
   VRPBLTW: top1=0.347 mean_cost=19.5198 (sbs=19.5198) vs_sbs=-0.00%
  OVRPBLTW: top1=0.471 mean_cost=10.5412 (sbs=10.5412) vs_sbs=-0.00%
[save] best.pt epoch=0 score=0.2730
[save] best_top1.pt epoch=0 top1=0.3618
[save] best_top3_safe.pt epoch=0 score=0.6737
[save] best_cost.pt epoch=0 vs_sbs=+0.355%
ep001 step000300 loss=0.7612 ce=1.7030 pair=0.1379 topk_ce=1.5287 risk=0.0736 samples/s=3126 peak_GiB=17.37 time=0.5m
ep001 step000350 loss=0.7619 ce=1.7077 pair=0.1374 topk_ce=1.5190 risk=0.0744 samples/s=7861 peak_GiB=17.37 time=0.6m
ep001 step000400 loss=0.7579 ce=1.7017 pair=0.1356 topk_ce=1.5028 risk=0.0716 samples/s=8584 peak_GiB=17.37 time=0.6m
ep001 step000450 loss=0.7412 ce=1.6688 pair=0.1297 topk_ce=1.4607 risk=0.0683 samples/s=8574 peak_GiB=17.37 time=0.7m
ep001 step000500 loss=0.7258 ce=1.6376 pair=0.1247 topk_ce=1.4245 risk=0.0652 samples/s=8580 peak_GiB=17.37 time=0.8m
[epoch done 1] loss=0.71799 lr=0.00013 updates=540 skipped=0 grad=0.5157009363174438
[eval epoch 1] macro_top1=0.3923 top2=0.7277 top3=0.8380 vs_sbs=+0.133% vbs_closed=-12.78%
       TSP: top1=0.189 mean_cost=7.9834 (sbs=7.9578) vs_sbs=+0.32%
      CVRP: top1=0.159 mean_cost=18.6964 (sbs=18.2943) vs_sbs=+2.20%
      ATSP: top1=0.546 mean_cost=1.6581 (sbs=1.6735) vs_sbs=-0.92%
      OVRP: top1=0.302 mean_cost=7.4617 (sbs=7.4617) vs_sbs=+0.00%
      VRPB: top1=0.504 mean_cost=9.3403 (sbs=9.3403) vs_sbs=+0.00%
      VRPL: top1=0.276 mean_cost=12.4085 (sbs=12.4072) vs_sbs=+0.01%
     VRPTW: top1=0.236 mean_cost=18.8505 (sbs=18.6571) vs_sbs=+1.04%
    OVRPTW: top1=0.487 mean_cost=10.0474 (sbs=10.0484) vs_sbs=-0.01%
     OVRPB: top1=0.545 mean_cost=6.3220 (sbs=6.3220) vs_sbs=+0.00%
     OVRPL: top1=0.334 mean_cost=7.4376 (sbs=7.4376) vs_sbs=+0.00%
     VRPBL: top1=0.528 mean_cost=9.3593 (sbs=9.3593) vs_sbs=+0.00%
    VRPBTW: top1=0.372 mean_cost=19.6697 (sbs=19.6697) vs_sbs=+0.00%
    VRPLTW: top1=0.258 mean_cost=18.4621 (sbs=18.5091) vs_sbs=-0.25%
    OVRPBL: top1=0.555 mean_cost=6.3103 (sbs=6.3103) vs_sbs=+0.00%
   OVRPBTW: top1=0.461 mean_cost=10.5068 (sbs=10.5068) vs_sbs=-0.00%
   OVRPLTW: top1=0.490 mean_cost=10.1281 (sbs=10.1272) vs_sbs=+0.01%
   VRPBLTW: top1=0.347 mean_cost=19.5198 (sbs=19.5198) vs_sbs=-0.00%
  OVRPBLTW: top1=0.472 mean_cost=10.5427 (sbs=10.5412) vs_sbs=+0.01%
[save] best.pt epoch=1 score=0.3589
[save] best_top1.pt epoch=1 top1=0.3923
[save] best_top3_safe.pt epoch=1 score=0.8046
[save] best_cost.pt epoch=1 vs_sbs=+0.133%
ep002 step000550 loss=0.6846 ce=1.5526 pair=0.1098 topk_ce=1.3424 risk=0.0436 samples/s=5531 peak_GiB=17.37 time=0.9m
ep002 step000600 loss=0.6702 ce=1.5250 pair=0.1061 topk_ce=1.2945 risk=0.0530 samples/s=8575 peak_GiB=17.37 time=0.9m
ep002 step000650 loss=0.6701 ce=1.5270 pair=0.1042 topk_ce=1.2912 risk=0.0521 samples/s=8579 peak_GiB=17.37 time=1.0m
ep002 step000700 loss=0.6658 ce=1.5174 pair=0.1035 topk_ce=1.2824 risk=0.0517 samples/s=9420 peak_GiB=17.37 time=1.0m
ep002 step000750 loss=0.6646 ce=1.5148 pair=0.1029 topk_ce=1.2816 risk=0.0507 samples/s=7264 peak_GiB=17.37 time=1.1m
ep002 step000800 loss=0.6621 ce=1.5102 pair=0.1015 topk_ce=1.2768 risk=0.0492 samples/s=7865 peak_GiB=17.37 time=1.2m
[epoch done 2] loss=0.66170 lr=0.0002 updates=810 skipped=0 grad=0.4492189288139343
[eval epoch 2] macro_top1=0.4093 top2=0.7527 top3=0.8579 vs_sbs=-0.057% vbs_closed=-4.98%
       TSP: top1=0.297 mean_cost=7.9816 (sbs=7.9578) vs_sbs=+0.30%
      CVRP: top1=0.202 mean_cost=18.4260 (sbs=18.2943) vs_sbs=+0.72%
      ATSP: top1=0.706 mean_cost=1.6382 (sbs=1.6735) vs_sbs=-2.11%
      OVRP: top1=0.290 mean_cost=7.4670 (sbs=7.4617) vs_sbs=+0.07%
      VRPB: top1=0.504 mean_cost=9.3403 (sbs=9.3403) vs_sbs=+0.00%
      VRPL: top1=0.288 mean_cost=12.4058 (sbs=12.4072) vs_sbs=-0.01%
     VRPTW: top1=0.244 mean_cost=18.7689 (sbs=18.6571) vs_sbs=+0.60%
    OVRPTW: top1=0.458 mean_cost=10.0666 (sbs=10.0484) vs_sbs=+0.18%
     OVRPB: top1=0.545 mean_cost=6.3220 (sbs=6.3220) vs_sbs=+0.00%
     OVRPL: top1=0.336 mean_cost=7.4453 (sbs=7.4376) vs_sbs=+0.10%
     VRPBL: top1=0.528 mean_cost=9.3593 (sbs=9.3593) vs_sbs=+0.00%
    VRPBTW: top1=0.377 mean_cost=19.6683 (sbs=19.6697) vs_sbs=-0.01%
    VRPLTW: top1=0.259 mean_cost=18.3737 (sbs=18.5091) vs_sbs=-0.73%
    OVRPBL: top1=0.555 mean_cost=6.3103 (sbs=6.3103) vs_sbs=+0.00%
   OVRPBTW: top1=0.462 mean_cost=10.5340 (sbs=10.5068) vs_sbs=+0.26%
   OVRPLTW: top1=0.447 mean_cost=10.1472 (sbs=10.1272) vs_sbs=+0.20%
   VRPBLTW: top1=0.368 mean_cost=19.3993 (sbs=19.5198) vs_sbs=-0.62%
  OVRPBLTW: top1=0.501 mean_cost=10.5440 (sbs=10.5412) vs_sbs=+0.03%
[save] best.pt epoch=2 score=0.4093
[save] best_top1.pt epoch=2 top1=0.4093
[save] best_top3_safe.pt epoch=2 score=0.8579
[save] best_cost.pt epoch=2 vs_sbs=-0.057%
ep003 step000850 loss=0.6403 ce=1.4646 pair=0.0936 topk_ce=1.2345 risk=0.0450 samples/s=6262 peak_GiB=17.37 time=1.3m
ep003 step000900 loss=0.6463 ce=1.4774 pair=0.0956 topk_ce=1.2459 risk=0.0441 samples/s=7870 peak_GiB=17.37 time=1.3m
ep003 step000950 loss=0.6499 ce=1.4859 pair=0.0958 topk_ce=1.2523 risk=0.0436 samples/s=7869 peak_GiB=17.37 time=1.4m
ep003 step001000 loss=0.6489 ce=1.4838 pair=0.0956 topk_ce=1.2507 risk=0.0438 samples/s=8569 peak_GiB=17.37 time=1.5m
ep003 step001050 loss=0.6477 ce=1.4813 pair=0.0950 topk_ce=1.2478 risk=0.0439 samples/s=7812 peak_GiB=17.37 time=1.5m
[epoch done 3] loss=0.64486 lr=0.0002 updates=1080 skipped=0 grad=0.4226800799369812
[eval epoch 3] macro_top1=0.4186 top2=0.7571 top3=0.8775 vs_sbs=-0.274% vbs_closed=+2.06%
       TSP: top1=0.296 mean_cost=7.9833 (sbs=7.9578) vs_sbs=+0.32%
      CVRP: top1=0.230 mean_cost=18.4210 (sbs=18.2943) vs_sbs=+0.69%
      ATSP: top1=0.693 mean_cost=1.6397 (sbs=1.6735) vs_sbs=-2.02%
      OVRP: top1=0.326 mean_cost=7.4664 (sbs=7.4617) vs_sbs=+0.06%
      VRPB: top1=0.504 mean_cost=9.3403 (sbs=9.3403) vs_sbs=+0.00%
      VRPL: top1=0.279 mean_cost=12.4077 (sbs=12.4072) vs_sbs=+0.00%
     VRPTW: top1=0.282 mean_cost=18.5734 (sbs=18.6571) vs_sbs=-0.45%
    OVRPTW: top1=0.473 mean_cost=10.0486 (sbs=10.0484) vs_sbs=+0.00%
     OVRPB: top1=0.539 mean_cost=6.3237 (sbs=6.3220) vs_sbs=+0.03%
     OVRPL: top1=0.333 mean_cost=7.4458 (sbs=7.4376) vs_sbs=+0.11%
     VRPBL: top1=0.528 mean_cost=9.3593 (sbs=9.3593) vs_sbs=+0.00%
    VRPBTW: top1=0.385 mean_cost=19.3674 (sbs=19.6697) vs_sbs=-1.54%
    VRPLTW: top1=0.321 mean_cost=18.3268 (sbs=18.5091) vs_sbs=-0.99%
    OVRPBL: top1=0.555 mean_cost=6.3103 (sbs=6.3103) vs_sbs=+0.00%
   OVRPBTW: top1=0.461 mean_cost=10.5068 (sbs=10.5068) vs_sbs=-0.00%
   OVRPLTW: top1=0.494 mean_cost=10.1272 (sbs=10.1272) vs_sbs=-0.00%
   VRPBLTW: top1=0.365 mean_cost=19.2947 (sbs=19.5198) vs_sbs=-1.15%
  OVRPBLTW: top1=0.471 mean_cost=10.5412 (sbs=10.5412) vs_sbs=-0.00%
[save] best.pt epoch=3 score=0.4186
[save] best_top1.pt epoch=3 top1=0.4186
[save] best_top3_safe.pt epoch=3 score=0.8775
[save] best_cost.pt epoch=3 vs_sbs=-0.274%
ep004 step001100 loss=0.6293 ce=1.4428 pair=0.0877 topk_ce=1.2142 risk=0.0423 samples/s=6219 peak_GiB=17.37 time=1.6m
ep004 step001150 loss=0.6335 ce=1.4523 pair=0.0894 topk_ce=1.2198 risk=0.0402 samples/s=7228 peak_GiB=17.37 time=1.7m
ep004 step001200 loss=0.6297 ce=1.4438 pair=0.0886 topk_ce=1.2121 risk=0.0403 samples/s=8575 peak_GiB=17.37 time=1.8m
ep004 step001250 loss=0.6256 ce=1.4354 pair=0.0879 topk_ce=1.2014 risk=0.0394 samples/s=8581 peak_GiB=17.37 time=1.8m
ep004 step001300 loss=0.6275 ce=1.4388 pair=0.0882 topk_ce=1.2078 risk=0.0394 samples/s=7260 peak_GiB=17.37 time=1.9m
ep004 step001350 loss=0.6239 ce=1.4312 pair=0.0872 topk_ce=1.2006 risk=0.0387 samples/s=8577 peak_GiB=17.37 time=2.0m
[epoch done 4] loss=0.62390 lr=0.0002 updates=1350 skipped=0 grad=0.4055977463722229
[eval epoch 4] macro_top1=0.4126 top2=0.7535 top3=0.8778 vs_sbs=-0.284% vbs_closed=-0.95%
       TSP: top1=0.295 mean_cost=7.9789 (sbs=7.9578) vs_sbs=+0.27%
      CVRP: top1=0.222 mean_cost=18.3786 (sbs=18.2943) vs_sbs=+0.46%
      ATSP: top1=0.586 mean_cost=1.6466 (sbs=1.6735) vs_sbs=-1.61%
      OVRP: top1=0.305 mean_cost=7.4613 (sbs=7.4617) vs_sbs=-0.00%
      VRPB: top1=0.542 mean_cost=9.3454 (sbs=9.3403) vs_sbs=+0.05%
      VRPL: top1=0.283 mean_cost=12.4072 (sbs=12.4072) vs_sbs=-0.00%
     VRPTW: top1=0.315 mean_cost=18.2884 (sbs=18.6571) vs_sbs=-1.98%
    OVRPTW: top1=0.485 mean_cost=10.0511 (sbs=10.0484) vs_sbs=+0.03%
     OVRPB: top1=0.555 mean_cost=6.3253 (sbs=6.3220) vs_sbs=+0.05%
     OVRPL: top1=0.337 mean_cost=7.4458 (sbs=7.4376) vs_sbs=+0.11%
     VRPBL: top1=0.469 mean_cost=9.3884 (sbs=9.3593) vs_sbs=+0.31%
    VRPBTW: top1=0.389 mean_cost=19.3659 (sbs=19.6697) vs_sbs=-1.54%
    VRPLTW: top1=0.329 mean_cost=18.2621 (sbs=18.5091) vs_sbs=-1.33%
    OVRPBL: top1=0.488 mean_cost=6.3250 (sbs=6.3103) vs_sbs=+0.23%
   OVRPBTW: top1=0.491 mean_cost=10.5081 (sbs=10.5068) vs_sbs=+0.01%
   OVRPLTW: top1=0.463 mean_cost=10.1409 (sbs=10.1272) vs_sbs=+0.14%
   VRPBLTW: top1=0.369 mean_cost=19.4577 (sbs=19.5198) vs_sbs=-0.32%
  OVRPBLTW: top1=0.504 mean_cost=10.5418 (sbs=10.5412) vs_sbs=+0.01%
[save] best_top3_safe.pt epoch=4 score=0.8778
[save] best_cost.pt epoch=4 vs_sbs=-0.284%
[train_eval epoch 4] macro_top1=0.4083 top2=0.7509 top3=0.8734 vs_sbs=-0.269% vbs_closed=-0.17%
       TSP: top1=0.315 mean_cost=8.0666 (sbs=8.0483) vs_sbs=+0.23%
      CVRP: top1=0.235 mean_cost=18.1553 (sbs=18.0705) vs_sbs=+0.47%
      ATSP: top1=0.579 mean_cost=1.6526 (sbs=1.6795) vs_sbs=-1.60%
      OVRP: top1=0.325 mean_cost=7.4588 (sbs=7.4591) vs_sbs=-0.00%
      VRPB: top1=0.521 mean_cost=9.3208 (sbs=9.3165) vs_sbs=+0.05%
      VRPL: top1=0.266 mean_cost=12.3975 (sbs=12.3957) vs_sbs=+0.01%
     VRPTW: top1=0.297 mean_cost=18.2769 (sbs=18.5949) vs_sbs=-1.71%
    OVRPTW: top1=0.488 mean_cost=10.1049 (sbs=10.1037) vs_sbs=+0.01%
     OVRPB: top1=0.542 mean_cost=6.3261 (sbs=6.3216) vs_sbs=+0.07%
     OVRPL: top1=0.333 mean_cost=7.4591 (sbs=7.4526) vs_sbs=+0.09%
     VRPBL: top1=0.486 mean_cost=9.3420 (sbs=9.3209) vs_sbs=+0.23%
    VRPBTW: top1=0.373 mean_cost=19.4494 (sbs=19.6924) vs_sbs=-1.23%
    VRPLTW: top1=0.304 mean_cost=18.4000 (sbs=18.6720) vs_sbs=-1.46%
    OVRPBL: top1=0.507 mean_cost=6.3185 (sbs=6.3079) vs_sbs=+0.17%
   OVRPBTW: top1=0.474 mean_cost=10.5930 (sbs=10.5894) vs_sbs=+0.03%
   OVRPLTW: top1=0.477 mean_cost=10.1206 (sbs=10.1136) vs_sbs=+0.07%
   VRPBLTW: top1=0.344 mean_cost=19.6093 (sbs=19.6661) vs_sbs=-0.29%
  OVRPBLTW: top1=0.485 mean_cost=10.5507 (sbs=10.5476) vs_sbs=+0.03%
/public/home/shiys/0selection2/code/V4/train.py:853: FutureWarning: `torch.cuda.amp.autocast(args...)` is deprecated. Please use `torch.amp.autocast('cuda', args...)` instead.
  with torch.cuda.amp.autocast(enabled=args.amp, dtype=amp_dtype):
ep005 step001400 loss=0.6370 ce=1.4598 pair=0.0892 topk_ce=1.2312 risk=0.0388 samples/s=2032 peak_GiB=17.37 time=2.2m
ep005 step001450 loss=0.6195 ce=1.4226 pair=0.0853 topk_ce=1.1901 risk=0.0379 samples/s=9419 peak_GiB=17.37 time=2.3m
ep005 step001500 loss=0.6182 ce=1.4201 pair=0.0847 topk_ce=1.1878 risk=0.0368 samples/s=7866 peak_GiB=17.37 time=2.3m
ep005 step001550 loss=0.6171 ce=1.4179 pair=0.0844 topk_ce=1.1855 risk=0.0364 samples/s=7869 peak_GiB=17.37 time=2.4m
ep005 step001600 loss=0.6167 ce=1.4171 pair=0.0839 topk_ce=1.1849 risk=0.0357 samples/s=7867 peak_GiB=17.37 time=2.5m
[epoch done 5] loss=0.61698 lr=0.0002 updates=1620 skipped=0 grad=0.47267991304397583
[eval epoch 5] macro_top1=0.4249 top2=0.7628 top3=0.8769 vs_sbs=-0.632% vbs_closed=+10.09%
       TSP: top1=0.321 mean_cost=7.9647 (sbs=7.9578) vs_sbs=+0.09%
      CVRP: top1=0.295 mean_cost=18.3920 (sbs=18.2943) vs_sbs=+0.53%
      ATSP: top1=0.700 mean_cost=1.6380 (sbs=1.6735) vs_sbs=-2.12%
      OVRP: top1=0.302 mean_cost=7.4617 (sbs=7.4617) vs_sbs=+0.00%
      VRPB: top1=0.535 mean_cost=9.3456 (sbs=9.3403) vs_sbs=+0.06%
      VRPL: top1=0.276 mean_cost=12.4084 (sbs=12.4072) vs_sbs=+0.01%
     VRPTW: top1=0.330 mean_cost=18.0735 (sbs=18.6571) vs_sbs=-3.13%
    OVRPTW: top1=0.459 mean_cost=10.0505 (sbs=10.0484) vs_sbs=+0.02%
     OVRPB: top1=0.546 mean_cost=6.3269 (sbs=6.3220) vs_sbs=+0.08%
     OVRPL: top1=0.335 mean_cost=7.4375 (sbs=7.4376) vs_sbs=-0.00%
     VRPBL: top1=0.520 mean_cost=9.3670 (sbs=9.3593) vs_sbs=+0.08%
    VRPBTW: top1=0.401 mean_cost=19.2223 (sbs=19.6697) vs_sbs=-2.27%
    VRPLTW: top1=0.316 mean_cost=17.9047 (sbs=18.5091) vs_sbs=-3.27%
    OVRPBL: top1=0.527 mean_cost=6.3140 (sbs=6.3103) vs_sbs=+0.06%
   OVRPBTW: top1=0.463 mean_cost=10.5062 (sbs=10.5068) vs_sbs=-0.01%
   OVRPLTW: top1=0.490 mean_cost=10.1272 (sbs=10.1272) vs_sbs=-0.00%
   VRPBLTW: top1=0.360 mean_cost=19.2263 (sbs=19.5198) vs_sbs=-1.50%
  OVRPBLTW: top1=0.473 mean_cost=10.5404 (sbs=10.5412) vs_sbs=-0.01%
[save] best.pt epoch=5 score=0.4249
[save] best_top1.pt epoch=5 top1=0.4249
[save] best_cost.pt epoch=5 vs_sbs=-0.632%
ep006 step001650 loss=0.6101 ce=1.4050 pair=0.0814 topk_ce=1.1654 risk=0.0341 samples/s=6350 peak_GiB=17.37 time=2.6m
ep006 step001700 loss=0.6039 ce=1.3914 pair=0.0789 topk_ce=1.1573 risk=0.0331 samples/s=7862 peak_GiB=17.37 time=2.6m
ep006 step001750 loss=0.6110 ce=1.4048 pair=0.0816 topk_ce=1.1773 risk=0.0333 samples/s=7268 peak_GiB=17.37 time=2.7m
ep006 step001800 loss=0.6081 ce=1.3987 pair=0.0811 topk_ce=1.1696 risk=0.0336 samples/s=9427 peak_GiB=17.37 time=2.8m
ep006 step001850 loss=0.6034 ce=1.3887 pair=0.0800 topk_ce=1.1593 risk=0.0331 samples/s=9422 peak_GiB=17.37 time=2.8m
[epoch done 6] loss=0.60486 lr=0.0002 updates=1890 skipped=0 grad=0.4566271901130676
[eval epoch 6] macro_top1=0.4346 top2=0.7811 top3=0.8961 vs_sbs=-0.728% vbs_closed=+14.43%
       TSP: top1=0.321 mean_cost=7.9322 (sbs=7.9578) vs_sbs=-0.32%
      CVRP: top1=0.308 mean_cost=18.3749 (sbs=18.2943) vs_sbs=+0.44%
      ATSP: top1=0.693 mean_cost=1.6470 (sbs=1.6735) vs_sbs=-1.58%
      OVRP: top1=0.301 mean_cost=7.4670 (sbs=7.4617) vs_sbs=+0.07%
      VRPB: top1=0.510 mean_cost=9.3387 (sbs=9.3403) vs_sbs=-0.02%
      VRPL: top1=0.288 mean_cost=12.4063 (sbs=12.4072) vs_sbs=-0.01%
     VRPTW: top1=0.349 mean_cost=18.0168 (sbs=18.6571) vs_sbs=-3.43%
    OVRPTW: top1=0.473 mean_cost=10.0489 (sbs=10.0484) vs_sbs=+0.00%
     OVRPB: top1=0.550 mean_cost=6.3216 (sbs=6.3220) vs_sbs=-0.01%
     OVRPL: top1=0.335 mean_cost=7.4450 (sbs=7.4376) vs_sbs=+0.10%
     VRPBL: top1=0.518 mean_cost=9.3605 (sbs=9.3593) vs_sbs=+0.01%
    VRPBTW: top1=0.392 mean_cost=19.2467 (sbs=19.6697) vs_sbs=-2.15%
    VRPLTW: top1=0.396 mean_cost=17.8018 (sbs=18.5091) vs_sbs=-3.82%
    OVRPBL: top1=0.555 mean_cost=6.3105 (sbs=6.3103) vs_sbs=+0.00%
   OVRPBTW: top1=0.477 mean_cost=10.5012 (sbs=10.5068) vs_sbs=-0.05%
   OVRPLTW: top1=0.495 mean_cost=10.1260 (sbs=10.1272) vs_sbs=-0.01%
   VRPBLTW: top1=0.385 mean_cost=19.0680 (sbs=19.5198) vs_sbs=-2.31%
  OVRPBLTW: top1=0.477 mean_cost=10.5387 (sbs=10.5412) vs_sbs=-0.02%
[save] best.pt epoch=6 score=0.4346
[save] best_top1.pt epoch=6 top1=0.4346
[save] best_top3_safe.pt epoch=6 score=0.8961
[save] best_cost.pt epoch=6 vs_sbs=-0.728%
ep007 step001900 loss=0.6308 ce=1.4532 pair=0.0832 topk_ce=1.2086 risk=0.0280 samples/s=5524 peak_GiB=17.37 time=2.9m
ep007 step001950 loss=0.6046 ce=1.3909 pair=0.0798 topk_ce=1.1649 risk=0.0330 samples/s=8581 peak_GiB=17.37 time=3.0m
ep007 step002000 loss=0.6129 ce=1.4088 pair=0.0820 topk_ce=1.1816 risk=0.0329 samples/s=7871 peak_GiB=17.37 time=3.0m
ep007 step002050 loss=0.6081 ce=1.3981 pair=0.0811 topk_ce=1.1719 risk=0.0328 samples/s=7867 peak_GiB=17.37 time=3.1m
ep007 step002100 loss=0.6089 ce=1.4009 pair=0.0807 topk_ce=1.1718 risk=0.0325 samples/s=8585 peak_GiB=17.37 time=3.2m
ep007 step002150 loss=0.6079 ce=1.3991 pair=0.0803 topk_ce=1.1686 risk=0.0319 samples/s=7862 peak_GiB=17.37 time=3.2m
[epoch done 7] loss=0.60741 lr=0.0002 updates=2159 skipped=1 grad=0.5045573711395264
[eval epoch 7] macro_top1=0.4294 top2=0.7798 top3=0.8996 vs_sbs=-0.747% vbs_closed=+14.24%
       TSP: top1=0.294 mean_cost=7.9345 (sbs=7.9578) vs_sbs=-0.29%
      CVRP: top1=0.281 mean_cost=18.4107 (sbs=18.2943) vs_sbs=+0.64%
      ATSP: top1=0.623 mean_cost=1.6429 (sbs=1.6735) vs_sbs=-1.83%
      OVRP: top1=0.299 mean_cost=7.4686 (sbs=7.4617) vs_sbs=+0.09%
      VRPB: top1=0.536 mean_cost=9.3351 (sbs=9.3403) vs_sbs=-0.06%
      VRPL: top1=0.285 mean_cost=12.4064 (sbs=12.4072) vs_sbs=-0.01%
     VRPTW: top1=0.358 mean_cost=18.0635 (sbs=18.6571) vs_sbs=-3.18%
    OVRPTW: top1=0.493 mean_cost=10.0447 (sbs=10.0484) vs_sbs=-0.04%
     OVRPB: top1=0.527 mean_cost=6.3244 (sbs=6.3220) vs_sbs=+0.04%
     OVRPL: top1=0.326 mean_cost=7.4463 (sbs=7.4376) vs_sbs=+0.12%
     VRPBL: top1=0.539 mean_cost=9.3556 (sbs=9.3593) vs_sbs=-0.04%
    VRPBTW: top1=0.409 mean_cost=19.1127 (sbs=19.6697) vs_sbs=-2.83%
    VRPLTW: top1=0.364 mean_cost=17.8361 (sbs=18.5091) vs_sbs=-3.64%
    OVRPBL: top1=0.527 mean_cost=6.3100 (sbs=6.3103) vs_sbs=-0.00%
   OVRPBTW: top1=0.494 mean_cost=10.5052 (sbs=10.5068) vs_sbs=-0.02%
   OVRPLTW: top1=0.485 mean_cost=10.1311 (sbs=10.1272) vs_sbs=+0.04%
   VRPBLTW: top1=0.393 mean_cost=19.0551 (sbs=19.5198) vs_sbs=-2.38%
  OVRPBLTW: top1=0.497 mean_cost=10.5349 (sbs=10.5412) vs_sbs=-0.06%
[save] best_top3_safe.pt epoch=7 score=0.8996
[save] best_cost.pt epoch=7 vs_sbs=-0.747%
ep008 step002200 loss=0.6072 ce=1.3950 pair=0.0820 topk_ce=1.1712 risk=0.0319 samples/s=6465 peak_GiB=17.37 time=3.3m
ep008 step002250 loss=0.6066 ce=1.3960 pair=0.0800 topk_ce=1.1669 risk=0.0315 samples/s=7869 peak_GiB=17.37 time=3.4m
ep008 step002300 loss=0.6022 ce=1.3869 pair=0.0786 topk_ce=1.1580 risk=0.0303 samples/s=7874 peak_GiB=17.37 time=3.5m
ep008 step002350 loss=0.5995 ce=1.3803 pair=0.0782 topk_ce=1.1544 risk=0.0302 samples/s=7870 peak_GiB=17.37 time=3.5m
ep008 step002400 loss=0.6006 ce=1.3829 pair=0.0781 topk_ce=1.1563 risk=0.0305 samples/s=9431 peak_GiB=17.37 time=3.6m
[epoch done 8] loss=0.60018 lr=0.0002 updates=2429 skipped=0 grad=0.5038434863090515
[eval epoch 8] macro_top1=0.4494 top2=0.7882 top3=0.9023 vs_sbs=-0.779% vbs_closed=+17.78%
       TSP: top1=0.330 mean_cost=7.9273 (sbs=7.9578) vs_sbs=-0.38%
      CVRP: top1=0.319 mean_cost=18.3503 (sbs=18.2943) vs_sbs=+0.31%
      ATSP: top1=0.721 mean_cost=1.6372 (sbs=1.6735) vs_sbs=-2.17%
      OVRP: top1=0.319 mean_cost=7.4665 (sbs=7.4617) vs_sbs=+0.06%
      VRPB: top1=0.553 mean_cost=9.3332 (sbs=9.3403) vs_sbs=-0.08%
      VRPL: top1=0.298 mean_cost=12.4068 (sbs=12.4072) vs_sbs=-0.00%
     VRPTW: top1=0.370 mean_cost=18.2025 (sbs=18.6571) vs_sbs=-2.44%
    OVRPTW: top1=0.498 mean_cost=10.0435 (sbs=10.0484) vs_sbs=-0.05%
     OVRPB: top1=0.562 mean_cost=6.3198 (sbs=6.3220) vs_sbs=-0.03%
     OVRPL: top1=0.350 mean_cost=7.4439 (sbs=7.4376) vs_sbs=+0.09%
     VRPBL: top1=0.544 mean_cost=9.3551 (sbs=9.3593) vs_sbs=-0.04%
    VRPBTW: top1=0.410 mean_cost=19.1236 (sbs=19.6697) vs_sbs=-2.78%
    VRPLTW: top1=0.397 mean_cost=17.7728 (sbs=18.5091) vs_sbs=-3.98%
    OVRPBL: top1=0.532 mean_cost=6.3122 (sbs=6.3103) vs_sbs=+0.03%
   OVRPBTW: top1=0.497 mean_cost=10.5048 (sbs=10.5068) vs_sbs=-0.02%
   OVRPLTW: top1=0.486 mean_cost=10.1282 (sbs=10.1272) vs_sbs=+0.01%
   VRPBLTW: top1=0.414 mean_cost=19.0267 (sbs=19.5198) vs_sbs=-2.53%
  OVRPBLTW: top1=0.490 mean_cost=10.5400 (sbs=10.5412) vs_sbs=-0.01%
[save] best.pt epoch=8 score=0.4494
[save] best_top1.pt epoch=8 top1=0.4494
[save] best_top3_safe.pt epoch=8 score=0.9023
[save] best_cost.pt epoch=8 vs_sbs=-0.779%
ep009 step002450 loss=0.5695 ce=1.3174 pair=0.0688 topk_ce=1.0895 risk=0.0284 samples/s=5861 peak_GiB=17.37 time=3.7m
ep009 step002500 loss=0.5798 ce=1.3389 pair=0.0716 topk_ce=1.1136 risk=0.0275 samples/s=8569 peak_GiB=17.37 time=3.7m
ep009 step002550 loss=0.5826 ce=1.3452 pair=0.0727 topk_ce=1.1173 risk=0.0271 samples/s=7857 peak_GiB=17.37 time=3.8m
ep009 step002600 loss=0.5852 ce=1.3506 pair=0.0734 topk_ce=1.1235 risk=0.0274 samples/s=7866 peak_GiB=17.37 time=3.9m
ep009 step002650 loss=0.5882 ce=1.3573 pair=0.0743 topk_ce=1.1289 risk=0.0279 samples/s=8582 peak_GiB=17.37 time=3.9m
ep009 step002700 loss=0.5873 ce=1.3550 pair=0.0741 topk_ce=1.1288 risk=0.0281 samples/s=7862 peak_GiB=17.37 time=4.0m
[epoch done 9] loss=0.58735 lr=0.0002 updates=2699 skipped=0 grad=0.45262953639030457
[eval epoch 9] macro_top1=0.4386 top2=0.7772 top3=0.8921 vs_sbs=-0.830% vbs_closed=+19.90%
       TSP: top1=0.325 mean_cost=7.9347 (sbs=7.9578) vs_sbs=-0.29%
      CVRP: top1=0.315 mean_cost=18.3289 (sbs=18.2943) vs_sbs=+0.19%
      ATSP: top1=0.750 mean_cost=1.6377 (sbs=1.6735) vs_sbs=-2.14%
      OVRP: top1=0.322 mean_cost=7.4599 (sbs=7.4617) vs_sbs=-0.02%
      VRPB: top1=0.549 mean_cost=9.3339 (sbs=9.3403) vs_sbs=-0.07%
      VRPL: top1=0.288 mean_cost=12.4068 (sbs=12.4072) vs_sbs=-0.00%
     VRPTW: top1=0.333 mean_cost=18.0154 (sbs=18.6571) vs_sbs=-3.44%
    OVRPTW: top1=0.477 mean_cost=10.0470 (sbs=10.0484) vs_sbs=-0.01%
     OVRPB: top1=0.552 mean_cost=6.3225 (sbs=6.3220) vs_sbs=+0.01%
     OVRPL: top1=0.345 mean_cost=7.4362 (sbs=7.4376) vs_sbs=-0.02%
     VRPBL: top1=0.543 mean_cost=9.3545 (sbs=9.3593) vs_sbs=-0.05%
    VRPBTW: top1=0.405 mean_cost=19.1059 (sbs=19.6697) vs_sbs=-2.87%
    VRPLTW: top1=0.333 mean_cost=17.7907 (sbs=18.5091) vs_sbs=-3.88%
    OVRPBL: top1=0.526 mean_cost=6.3092 (sbs=6.3103) vs_sbs=-0.02%
   OVRPBTW: top1=0.493 mean_cost=10.5028 (sbs=10.5068) vs_sbs=-0.04%
   OVRPLTW: top1=0.471 mean_cost=10.1309 (sbs=10.1272) vs_sbs=+0.04%
   VRPBLTW: top1=0.372 mean_cost=19.0791 (sbs=19.5198) vs_sbs=-2.26%
  OVRPBLTW: top1=0.496 mean_cost=10.5350 (sbs=10.5412) vs_sbs=-0.06%
[save] best_cost.pt epoch=9 vs_sbs=-0.830%
[train_eval epoch 9] macro_top1=0.4413 top2=0.7758 top3=0.8939 vs_sbs=-0.840% vbs_closed=+19.41%
       TSP: top1=0.349 mean_cost=8.0268 (sbs=8.0483) vs_sbs=-0.27%
      CVRP: top1=0.289 mean_cost=18.1213 (sbs=18.0705) vs_sbs=+0.28%
      ATSP: top1=0.736 mean_cost=1.6435 (sbs=1.6795) vs_sbs=-2.14%
      OVRP: top1=0.341 mean_cost=7.4570 (sbs=7.4591) vs_sbs=-0.03%
      VRPB: top1=0.542 mean_cost=9.3108 (sbs=9.3165) vs_sbs=-0.06%
      VRPL: top1=0.281 mean_cost=12.3951 (sbs=12.3957) vs_sbs=-0.01%
     VRPTW: top1=0.351 mean_cost=17.9306 (sbs=18.5949) vs_sbs=-3.57%
    OVRPTW: top1=0.493 mean_cost=10.1028 (sbs=10.1037) vs_sbs=-0.01%
     OVRPB: top1=0.556 mean_cost=6.3205 (sbs=6.3216) vs_sbs=-0.02%
     OVRPL: top1=0.329 mean_cost=7.4517 (sbs=7.4526) vs_sbs=-0.01%
     VRPBL: top1=0.528 mean_cost=9.3179 (sbs=9.3209) vs_sbs=-0.03%
    VRPBTW: top1=0.405 mean_cost=19.1271 (sbs=19.6924) vs_sbs=-2.87%
    VRPLTW: top1=0.334 mean_cost=17.9377 (sbs=18.6720) vs_sbs=-3.93%
    OVRPBL: top1=0.549 mean_cost=6.3076 (sbs=6.3079) vs_sbs=-0.00%
   OVRPBTW: top1=0.483 mean_cost=10.5874 (sbs=10.5894) vs_sbs=-0.02%
   OVRPLTW: top1=0.498 mean_cost=10.1110 (sbs=10.1136) vs_sbs=-0.03%
   VRPBLTW: top1=0.384 mean_cost=19.2003 (sbs=19.6661) vs_sbs=-2.37%
  OVRPBLTW: top1=0.497 mean_cost=10.5436 (sbs=10.5476) vs_sbs=-0.04%
ep010 step002750 loss=0.5858 ce=1.3502 pair=0.0742 topk_ce=1.1305 risk=0.0279 samples/s=2140 peak_GiB=17.37 time=4.3m
ep010 step002800 loss=0.5867 ce=1.3546 pair=0.0736 topk_ce=1.1248 risk=0.0284 samples/s=7863 peak_GiB=17.37 time=4.3m
ep010 step002850 loss=0.5816 ce=1.3428 pair=0.0726 topk_ce=1.1167 risk=0.0277 samples/s=8587 peak_GiB=17.37 time=4.4m
ep010 step002900 loss=0.5862 ce=1.3523 pair=0.0737 topk_ce=1.1275 risk=0.0274 samples/s=7860 peak_GiB=17.37 time=4.4m
ep010 step002950 loss=0.5862 ce=1.3524 pair=0.0737 topk_ce=1.1276 risk=0.0274 samples/s=7873 peak_GiB=17.37 time=4.5m
[epoch done 10] loss=0.58456 lr=0.0002 updates=2969 skipped=0 grad=0.4539996087551117
[eval epoch 10] macro_top1=0.4344 top2=0.7763 top3=0.8970 vs_sbs=-0.832% vbs_closed=+19.91%
       TSP: top1=0.327 mean_cost=7.9301 (sbs=7.9578) vs_sbs=-0.35%
      CVRP: top1=0.299 mean_cost=18.3336 (sbs=18.2943) vs_sbs=+0.21%
      ATSP: top1=0.747 mean_cost=1.6363 (sbs=1.6735) vs_sbs=-2.22%
      OVRP: top1=0.313 mean_cost=7.4609 (sbs=7.4617) vs_sbs=-0.01%
      VRPB: top1=0.559 mean_cost=9.3337 (sbs=9.3403) vs_sbs=-0.07%
      VRPL: top1=0.271 mean_cost=12.4126 (sbs=12.4072) vs_sbs=+0.04%
     VRPTW: top1=0.354 mean_cost=18.0051 (sbs=18.6571) vs_sbs=-3.49%
    OVRPTW: top1=0.485 mean_cost=10.0444 (sbs=10.0484) vs_sbs=-0.04%
     OVRPB: top1=0.556 mean_cost=6.3215 (sbs=6.3220) vs_sbs=-0.01%
     OVRPL: top1=0.339 mean_cost=7.4361 (sbs=7.4376) vs_sbs=-0.02%
     VRPBL: top1=0.539 mean_cost=9.3551 (sbs=9.3593) vs_sbs=-0.05%
    VRPBTW: top1=0.382 mean_cost=19.1211 (sbs=19.6697) vs_sbs=-2.79%
    VRPLTW: top1=0.310 mean_cost=17.8060 (sbs=18.5091) vs_sbs=-3.80%
    OVRPBL: top1=0.532 mean_cost=6.3090 (sbs=6.3103) vs_sbs=-0.02%
   OVRPBTW: top1=0.489 mean_cost=10.5021 (sbs=10.5068) vs_sbs=-0.04%
   OVRPLTW: top1=0.483 mean_cost=10.1283 (sbs=10.1272) vs_sbs=+0.01%
   VRPBLTW: top1=0.349 mean_cost=19.0710 (sbs=19.5198) vs_sbs=-2.30%
  OVRPBLTW: top1=0.486 mean_cost=10.5371 (sbs=10.5412) vs_sbs=-0.04%
[save] best_cost.pt epoch=10 vs_sbs=-0.832%
ep011 step003000 loss=0.5867 ce=1.3548 pair=0.0729 topk_ce=1.1260 risk=0.0272 samples/s=6135 peak_GiB=17.37 time=4.6m
ep011 step003050 loss=0.5829 ce=1.3458 pair=0.0718 topk_ce=1.1229 risk=0.0264 samples/s=8579 peak_GiB=17.37 time=4.7m
ep011 step003100 loss=0.5802 ce=1.3401 pair=0.0714 topk_ce=1.1161 risk=0.0260 samples/s=7859 peak_GiB=17.37 time=4.7m
ep011 step003150 loss=0.5781 ce=1.3355 pair=0.0712 topk_ce=1.1105 risk=0.0262 samples/s=8564 peak_GiB=17.37 time=4.8m
ep011 step003200 loss=0.5777 ce=1.3346 pair=0.0712 topk_ce=1.1091 risk=0.0262 samples/s=7862 peak_GiB=17.37 time=4.9m
[epoch done 11] loss=0.57909 lr=0.0002 updates=3239 skipped=0 grad=0.4224036931991577
[eval epoch 11] macro_top1=0.4454 top2=0.7874 top3=0.9081 vs_sbs=-0.876% vbs_closed=+19.56%
       TSP: top1=0.340 mean_cost=7.9257 (sbs=7.9578) vs_sbs=-0.40%
      CVRP: top1=0.336 mean_cost=18.3123 (sbs=18.2943) vs_sbs=+0.10%
      ATSP: top1=0.678 mean_cost=1.6396 (sbs=1.6735) vs_sbs=-2.03%
      OVRP: top1=0.294 mean_cost=7.4672 (sbs=7.4617) vs_sbs=+0.07%
      VRPB: top1=0.556 mean_cost=9.3347 (sbs=9.3403) vs_sbs=-0.06%
      VRPL: top1=0.281 mean_cost=12.4071 (sbs=12.4072) vs_sbs=-0.00%
     VRPTW: top1=0.374 mean_cost=17.9867 (sbs=18.6571) vs_sbs=-3.59%
    OVRPTW: top1=0.490 mean_cost=10.0488 (sbs=10.0484) vs_sbs=+0.00%
     OVRPB: top1=0.548 mean_cost=6.3235 (sbs=6.3220) vs_sbs=+0.02%
     OVRPL: top1=0.353 mean_cost=7.4440 (sbs=7.4376) vs_sbs=+0.09%
     VRPBL: top1=0.531 mean_cost=9.3589 (sbs=9.3593) vs_sbs=-0.00%
    VRPBTW: top1=0.393 mean_cost=19.1234 (sbs=19.6697) vs_sbs=-2.78%
    VRPLTW: top1=0.422 mean_cost=17.6833 (sbs=18.5091) vs_sbs=-4.46%
    OVRPBL: top1=0.525 mean_cost=6.3129 (sbs=6.3103) vs_sbs=+0.04%
   OVRPBTW: top1=0.501 mean_cost=10.5029 (sbs=10.5068) vs_sbs=-0.04%
   OVRPLTW: top1=0.492 mean_cost=10.1302 (sbs=10.1272) vs_sbs=+0.03%
   VRPBLTW: top1=0.398 mean_cost=18.9947 (sbs=19.5198) vs_sbs=-2.69%
  OVRPBLTW: top1=0.506 mean_cost=10.5342 (sbs=10.5412) vs_sbs=-0.07%
[save] best_top3_safe.pt epoch=11 score=0.9081
[save] best_cost.pt epoch=11 vs_sbs=-0.876%
ep012 step003250 loss=0.5642 ce=1.3082 pair=0.0701 topk_ce=1.0587 risk=0.0270 samples/s=6920 peak_GiB=17.37 time=4.9m
ep012 step003300 loss=0.5646 ce=1.3062 pair=0.0678 topk_ce=1.0828 risk=0.0241 samples/s=7267 peak_GiB=17.37 time=5.0m
ep012 step003350 loss=0.5744 ce=1.3265 pair=0.0706 topk_ce=1.1053 risk=0.0250 samples/s=7866 peak_GiB=17.37 time=5.1m
ep012 step003400 loss=0.5762 ce=1.3307 pair=0.0710 topk_ce=1.1080 risk=0.0258 samples/s=8581 peak_GiB=17.37 time=5.1m
ep012 step003450 loss=0.5761 ce=1.3306 pair=0.0707 topk_ce=1.1086 risk=0.0255 samples/s=7860 peak_GiB=17.37 time=5.2m
ep012 step003500 loss=0.5741 ce=1.3265 pair=0.0703 topk_ce=1.1031 risk=0.0255 samples/s=8575 peak_GiB=17.37 time=5.3m
[epoch done 12] loss=0.57544 lr=0.0002 updates=3509 skipped=0 grad=0.42907342314720154
[eval epoch 12] macro_top1=0.4453 top2=0.7847 top3=0.9074 vs_sbs=-0.883% vbs_closed=+21.15%
       TSP: top1=0.334 mean_cost=7.9316 (sbs=7.9578) vs_sbs=-0.33%
      CVRP: top1=0.324 mean_cost=18.3020 (sbs=18.2943) vs_sbs=+0.04%
      ATSP: top1=0.705 mean_cost=1.6383 (sbs=1.6735) vs_sbs=-2.11%
      OVRP: top1=0.295 mean_cost=7.4648 (sbs=7.4617) vs_sbs=+0.04%
      VRPB: top1=0.552 mean_cost=9.3343 (sbs=9.3403) vs_sbs=-0.06%
      VRPL: top1=0.304 mean_cost=12.4054 (sbs=12.4072) vs_sbs=-0.01%
     VRPTW: top1=0.371 mean_cost=17.9816 (sbs=18.6571) vs_sbs=-3.62%
    OVRPTW: top1=0.492 mean_cost=10.0436 (sbs=10.0484) vs_sbs=-0.05%
     OVRPB: top1=0.557 mean_cost=6.3211 (sbs=6.3220) vs_sbs=-0.01%
     OVRPL: top1=0.342 mean_cost=7.4433 (sbs=7.4376) vs_sbs=+0.08%
     VRPBL: top1=0.541 mean_cost=9.3550 (sbs=9.3593) vs_sbs=-0.05%
    VRPBTW: top1=0.410 mean_cost=19.1177 (sbs=19.6697) vs_sbs=-2.81%
    VRPLTW: top1=0.394 mean_cost=17.7158 (sbs=18.5091) vs_sbs=-4.29%
    OVRPBL: top1=0.536 mean_cost=6.3080 (sbs=6.3103) vs_sbs=-0.04%
   OVRPBTW: top1=0.496 mean_cost=10.5015 (sbs=10.5068) vs_sbs=-0.05%
   OVRPLTW: top1=0.483 mean_cost=10.1284 (sbs=10.1272) vs_sbs=+0.01%
   VRPBLTW: top1=0.389 mean_cost=19.0060 (sbs=19.5198) vs_sbs=-2.63%
  OVRPBLTW: top1=0.490 mean_cost=10.5403 (sbs=10.5412) vs_sbs=-0.01%
[save] best_cost.pt epoch=12 vs_sbs=-0.883%
ep013 step003550 loss=0.5693 ce=1.3181 pair=0.0682 topk_ce=1.0871 risk=0.0247 samples/s=6546 peak_GiB=17.37 time=5.4m
ep013 step003600 loss=0.5717 ce=1.3207 pair=0.0696 topk_ce=1.1009 risk=0.0248 samples/s=7853 peak_GiB=17.37 time=5.4m
ep013 step003650 loss=0.5734 ce=1.3250 pair=0.0697 topk_ce=1.1032 risk=0.0246 samples/s=7865 peak_GiB=17.37 time=5.5m
ep013 step003700 loss=0.5694 ce=1.3166 pair=0.0687 topk_ce=1.0929 risk=0.0246 samples/s=8567 peak_GiB=17.37 time=5.6m
ep013 step003750 loss=0.5700 ce=1.3177 pair=0.0690 topk_ce=1.0948 risk=0.0248 samples/s=8567 peak_GiB=17.37 time=5.6m
[epoch done 13] loss=0.57288 lr=0.0002 updates=3779 skipped=0 grad=0.43147575855255127
[eval epoch 13] macro_top1=0.4503 top2=0.7873 top3=0.9032 vs_sbs=-0.865% vbs_closed=+19.73%
       TSP: top1=0.330 mean_cost=7.9473 (sbs=7.9578) vs_sbs=-0.13%
      CVRP: top1=0.299 mean_cost=18.3409 (sbs=18.2943) vs_sbs=+0.25%
      ATSP: top1=0.671 mean_cost=1.6402 (sbs=1.6735) vs_sbs=-1.99%
      OVRP: top1=0.323 mean_cost=7.4598 (sbs=7.4617) vs_sbs=-0.03%
      VRPB: top1=0.543 mean_cost=9.3371 (sbs=9.3403) vs_sbs=-0.03%
      VRPL: top1=0.309 mean_cost=12.4044 (sbs=12.4072) vs_sbs=-0.02%
     VRPTW: top1=0.424 mean_cost=17.9842 (sbs=18.6571) vs_sbs=-3.61%
    OVRPTW: top1=0.486 mean_cost=10.0474 (sbs=10.0484) vs_sbs=-0.01%
     OVRPB: top1=0.552 mean_cost=6.3223 (sbs=6.3220) vs_sbs=+0.01%
     OVRPL: top1=0.350 mean_cost=7.4357 (sbs=7.4376) vs_sbs=-0.03%
     VRPBL: top1=0.535 mean_cost=9.3581 (sbs=9.3593) vs_sbs=-0.01%
    VRPBTW: top1=0.421 mean_cost=19.1015 (sbs=19.6697) vs_sbs=-2.89%
    VRPLTW: top1=0.393 mean_cost=17.7217 (sbs=18.5091) vs_sbs=-4.25%
    OVRPBL: top1=0.531 mean_cost=6.3087 (sbs=6.3103) vs_sbs=-0.03%
   OVRPBTW: top1=0.520 mean_cost=10.4957 (sbs=10.5068) vs_sbs=-0.11%
   OVRPLTW: top1=0.486 mean_cost=10.1297 (sbs=10.1272) vs_sbs=+0.02%
   VRPBLTW: top1=0.429 mean_cost=19.0046 (sbs=19.5198) vs_sbs=-2.64%
  OVRPBLTW: top1=0.504 mean_cost=10.5331 (sbs=10.5412) vs_sbs=-0.08%
[save] best.pt epoch=13 score=0.4503
[save] best_top1.pt epoch=13 top1=0.4503
ep014 step003800 loss=0.5663 ce=1.3119 pair=0.0677 topk_ce=1.0793 risk=0.0254 samples/s=6042 peak_GiB=17.37 time=5.7m
ep014 step003850 loss=0.5599 ce=1.2959 pair=0.0668 topk_ce=1.0732 risk=0.0234 samples/s=7862 peak_GiB=17.37 time=5.8m
ep014 step003900 loss=0.5573 ce=1.2903 pair=0.0657 topk_ce=1.0691 risk=0.0229 samples/s=8557 peak_GiB=17.37 time=5.8m
ep014 step003950 loss=0.5614 ce=1.2991 pair=0.0666 topk_ce=1.0780 risk=0.0227 samples/s=7864 peak_GiB=17.37 time=5.9m
ep014 step004000 loss=0.5576 ce=1.2909 pair=0.0658 topk_ce=1.0700 risk=0.0228 samples/s=7860 peak_GiB=17.37 time=6.0m
ep014 step004050 loss=0.5581 ce=1.2920 pair=0.0658 topk_ce=1.0707 risk=0.0228 samples/s=8585 peak_GiB=17.37 time=6.0m
[epoch done 14] loss=0.55807 lr=0.0001 updates=4049 skipped=0 grad=0.2912176251411438
[eval epoch 14] macro_top1=0.4489 top2=0.7903 top3=0.9114 vs_sbs=-0.831% vbs_closed=+18.98%
       TSP: top1=0.335 mean_cost=7.9251 (sbs=7.9578) vs_sbs=-0.41%
      CVRP: top1=0.332 mean_cost=18.3181 (sbs=18.2943) vs_sbs=+0.13%
      ATSP: top1=0.742 mean_cost=1.6436 (sbs=1.6735) vs_sbs=-1.79%
      OVRP: top1=0.295 mean_cost=7.4691 (sbs=7.4617) vs_sbs=+0.10%
      VRPB: top1=0.556 mean_cost=9.3332 (sbs=9.3403) vs_sbs=-0.08%
      VRPL: top1=0.292 mean_cost=12.4065 (sbs=12.4072) vs_sbs=-0.01%
     VRPTW: top1=0.414 mean_cost=18.0418 (sbs=18.6571) vs_sbs=-3.30%
    OVRPTW: top1=0.488 mean_cost=10.0469 (sbs=10.0484) vs_sbs=-0.02%
     OVRPB: top1=0.551 mean_cost=6.3220 (sbs=6.3220) vs_sbs=+0.00%
     OVRPL: top1=0.343 mean_cost=7.4457 (sbs=7.4376) vs_sbs=+0.11%
     VRPBL: top1=0.540 mean_cost=9.3558 (sbs=9.3593) vs_sbs=-0.04%
    VRPBTW: top1=0.404 mean_cost=19.1168 (sbs=19.6697) vs_sbs=-2.81%
    VRPLTW: top1=0.406 mean_cost=17.7502 (sbs=18.5091) vs_sbs=-4.10%
    OVRPBL: top1=0.532 mean_cost=6.3072 (sbs=6.3103) vs_sbs=-0.05%
   OVRPBTW: top1=0.502 mean_cost=10.4978 (sbs=10.5068) vs_sbs=-0.09%
   OVRPLTW: top1=0.478 mean_cost=10.1308 (sbs=10.1272) vs_sbs=+0.04%
   VRPBLTW: top1=0.383 mean_cost=19.0039 (sbs=19.5198) vs_sbs=-2.64%
  OVRPBLTW: top1=0.487 mean_cost=10.5400 (sbs=10.5412) vs_sbs=-0.01%
[save] best_top3_safe.pt epoch=14 score=0.9114
[train_eval epoch 14] macro_top1=0.4535 top2=0.7903 top3=0.9117 vs_sbs=-0.842% vbs_closed=+19.00%
       TSP: top1=0.363 mean_cost=8.0149 (sbs=8.0483) vs_sbs=-0.42%
      CVRP: top1=0.317 mean_cost=18.1187 (sbs=18.0705) vs_sbs=+0.27%
      ATSP: top1=0.716 mean_cost=1.6511 (sbs=1.6795) vs_sbs=-1.69%
      OVRP: top1=0.333 mean_cost=7.4651 (sbs=7.4591) vs_sbs=+0.08%
      VRPB: top1=0.543 mean_cost=9.3106 (sbs=9.3165) vs_sbs=-0.06%
      VRPL: top1=0.303 mean_cost=12.3937 (sbs=12.3957) vs_sbs=-0.02%
     VRPTW: top1=0.415 mean_cost=17.9337 (sbs=18.5949) vs_sbs=-3.56%
    OVRPTW: top1=0.500 mean_cost=10.0995 (sbs=10.1037) vs_sbs=-0.04%
     OVRPB: top1=0.557 mean_cost=6.3203 (sbs=6.3216) vs_sbs=-0.02%
     OVRPL: top1=0.333 mean_cost=7.4576 (sbs=7.4526) vs_sbs=+0.07%
     VRPBL: top1=0.531 mean_cost=9.3170 (sbs=9.3209) vs_sbs=-0.04%
    VRPBTW: top1=0.402 mean_cost=19.1317 (sbs=19.6924) vs_sbs=-2.85%
    VRPLTW: top1=0.403 mean_cost=17.9401 (sbs=18.6720) vs_sbs=-3.92%
    OVRPBL: top1=0.550 mean_cost=6.3067 (sbs=6.3079) vs_sbs=-0.02%
   OVRPBTW: top1=0.480 mean_cost=10.5873 (sbs=10.5894) vs_sbs=-0.02%
   OVRPLTW: top1=0.499 mean_cost=10.1101 (sbs=10.1136) vs_sbs=-0.03%
   VRPBLTW: top1=0.421 mean_cost=19.1033 (sbs=19.6661) vs_sbs=-2.86%
  OVRPBLTW: top1=0.496 mean_cost=10.5448 (sbs=10.5476) vs_sbs=-0.03%
ep015 step004100 loss=0.5550 ce=1.2847 pair=0.0654 topk_ce=1.0663 risk=0.0224 samples/s=2104 peak_GiB=17.37 time=6.3m
ep015 step004150 loss=0.5556 ce=1.2858 pair=0.0653 topk_ce=1.0690 risk=0.0220 samples/s=7880 peak_GiB=17.37 time=6.4m
ep015 step004200 loss=0.5560 ce=1.2872 pair=0.0654 topk_ce=1.0675 risk=0.0224 samples/s=8585 peak_GiB=17.37 time=6.4m
ep015 step004250 loss=0.5558 ce=1.2868 pair=0.0653 topk_ce=1.0672 risk=0.0223 samples/s=8582 peak_GiB=17.37 time=6.5m
ep015 step004300 loss=0.5567 ce=1.2888 pair=0.0655 topk_ce=1.0690 risk=0.0223 samples/s=7868 peak_GiB=17.37 time=6.5m
[epoch done 15] loss=0.55633 lr=0.0001 updates=4319 skipped=0 grad=0.3458634912967682
[eval epoch 15] macro_top1=0.4584 top2=0.7969 top3=0.9121 vs_sbs=-0.935% vbs_closed=+22.93%
       TSP: top1=0.329 mean_cost=7.9243 (sbs=7.9578) vs_sbs=-0.42%
      CVRP: top1=0.345 mean_cost=18.3092 (sbs=18.2943) vs_sbs=+0.08%
      ATSP: top1=0.764 mean_cost=1.6385 (sbs=1.6735) vs_sbs=-2.10%
      OVRP: top1=0.322 mean_cost=7.4591 (sbs=7.4617) vs_sbs=-0.03%
      VRPB: top1=0.547 mean_cost=9.3342 (sbs=9.3403) vs_sbs=-0.06%
      VRPL: top1=0.292 mean_cost=12.4063 (sbs=12.4072) vs_sbs=-0.01%
     VRPTW: top1=0.432 mean_cost=17.9180 (sbs=18.6571) vs_sbs=-3.96%
    OVRPTW: top1=0.490 mean_cost=10.0472 (sbs=10.0484) vs_sbs=-0.01%
     OVRPB: top1=0.555 mean_cost=6.3215 (sbs=6.3220) vs_sbs=-0.01%
     OVRPL: top1=0.362 mean_cost=7.4377 (sbs=7.4376) vs_sbs=+0.00%
     VRPBL: top1=0.539 mean_cost=9.3561 (sbs=9.3593) vs_sbs=-0.03%
    VRPBTW: top1=0.419 mean_cost=19.0949 (sbs=19.6697) vs_sbs=-2.92%
    VRPLTW: top1=0.433 mean_cost=17.6807 (sbs=18.5091) vs_sbs=-4.48%
    OVRPBL: top1=0.533 mean_cost=6.3076 (sbs=6.3103) vs_sbs=-0.04%
   OVRPBTW: top1=0.499 mean_cost=10.5004 (sbs=10.5068) vs_sbs=-0.06%
   OVRPLTW: top1=0.487 mean_cost=10.1295 (sbs=10.1272) vs_sbs=+0.02%
   VRPBLTW: top1=0.409 mean_cost=18.9787 (sbs=19.5198) vs_sbs=-2.77%
  OVRPBLTW: top1=0.494 mean_cost=10.5389 (sbs=10.5412) vs_sbs=-0.02%
[save] best.pt epoch=15 score=0.4584
[save] best_top1.pt epoch=15 top1=0.4584
[save] best_top3_safe.pt epoch=15 score=0.9121
[save] best_cost.pt epoch=15 vs_sbs=-0.935%
ep016 step004350 loss=0.5501 ce=1.2725 pair=0.0647 topk_ce=1.0609 risk=0.0226 samples/s=6257 peak_GiB=17.37 time=6.6m
ep016 step004400 loss=0.5545 ce=1.2831 pair=0.0651 topk_ce=1.0677 risk=0.0219 samples/s=7877 peak_GiB=17.37 time=6.7m
ep016 step004450 loss=0.5536 ce=1.2817 pair=0.0648 topk_ce=1.0639 risk=0.0221 samples/s=8581 peak_GiB=17.37 time=6.8m
ep016 step004500 loss=0.5548 ce=1.2839 pair=0.0654 topk_ce=1.0672 risk=0.0223 samples/s=7864 peak_GiB=17.37 time=6.8m
ep016 step004550 loss=0.5558 ce=1.2861 pair=0.0655 topk_ce=1.0690 risk=0.0226 samples/s=8577 peak_GiB=17.37 time=6.9m
[epoch done 16] loss=0.55564 lr=0.0001 updates=4589 skipped=0 grad=0.3793858289718628
[eval epoch 16] macro_top1=0.4567 top2=0.7933 top3=0.9083 vs_sbs=-0.877% vbs_closed=+21.63%
       TSP: top1=0.348 mean_cost=7.9248 (sbs=7.9578) vs_sbs=-0.41%
      CVRP: top1=0.341 mean_cost=18.3210 (sbs=18.2943) vs_sbs=+0.15%
      ATSP: top1=0.763 mean_cost=1.6356 (sbs=1.6735) vs_sbs=-2.27%
      OVRP: top1=0.317 mean_cost=7.4602 (sbs=7.4617) vs_sbs=-0.02%
      VRPB: top1=0.548 mean_cost=9.3339 (sbs=9.3403) vs_sbs=-0.07%
      VRPL: top1=0.282 mean_cost=12.4100 (sbs=12.4072) vs_sbs=+0.02%
     VRPTW: top1=0.405 mean_cost=18.0012 (sbs=18.6571) vs_sbs=-3.52%
    OVRPTW: top1=0.491 mean_cost=10.0487 (sbs=10.0484) vs_sbs=+0.00%
     OVRPB: top1=0.550 mean_cost=6.3222 (sbs=6.3220) vs_sbs=+0.00%
     OVRPL: top1=0.367 mean_cost=7.4351 (sbs=7.4376) vs_sbs=-0.03%
     VRPBL: top1=0.545 mean_cost=9.3552 (sbs=9.3593) vs_sbs=-0.04%
    VRPBTW: top1=0.413 mean_cost=19.1345 (sbs=19.6697) vs_sbs=-2.72%
    VRPLTW: top1=0.426 mean_cost=17.7512 (sbs=18.5091) vs_sbs=-4.10%
    OVRPBL: top1=0.530 mean_cost=6.3092 (sbs=6.3103) vs_sbs=-0.02%
   OVRPBTW: top1=0.508 mean_cost=10.4958 (sbs=10.5068) vs_sbs=-0.10%
   OVRPLTW: top1=0.488 mean_cost=10.1297 (sbs=10.1272) vs_sbs=+0.02%
   VRPBLTW: top1=0.401 mean_cost=19.0045 (sbs=19.5198) vs_sbs=-2.64%
  OVRPBLTW: top1=0.498 mean_cost=10.5357 (sbs=10.5412) vs_sbs=-0.05%
ep017 step004600 loss=0.5967 ce=1.3770 pair=0.0721 topk_ce=1.1596 risk=0.0176 samples/s=5839 peak_GiB=17.37 time=7.0m
ep017 step004650 loss=0.5537 ce=1.2834 pair=0.0639 topk_ce=1.0613 risk=0.0221 samples/s=8562 peak_GiB=17.37 time=7.0m
ep017 step004700 loss=0.5551 ce=1.2844 pair=0.0653 topk_ce=1.0687 risk=0.0222 samples/s=8548 peak_GiB=17.37 time=7.1m
ep017 step004750 loss=0.5530 ce=1.2803 pair=0.0648 topk_ce=1.0632 risk=0.0222 samples/s=7854 peak_GiB=17.37 time=7.2m
ep017 step004800 loss=0.5551 ce=1.2849 pair=0.0651 topk_ce=1.0679 risk=0.0219 samples/s=7863 peak_GiB=17.37 time=7.2m
ep017 step004850 loss=0.5548 ce=1.2843 pair=0.0649 topk_ce=1.0671 risk=0.0221 samples/s=7863 peak_GiB=17.37 time=7.3m
[epoch done 17] loss=0.55433 lr=0.0001 updates=4859 skipped=0 grad=0.40753859281539917
[eval epoch 17] macro_top1=0.4542 top2=0.7914 top3=0.9086 vs_sbs=-0.918% vbs_closed=+20.29%
       TSP: top1=0.335 mean_cost=7.9365 (sbs=7.9578) vs_sbs=-0.27%
      CVRP: top1=0.304 mean_cost=18.3301 (sbs=18.2943) vs_sbs=+0.20%
      ATSP: top1=0.762 mean_cost=1.6358 (sbs=1.6735) vs_sbs=-2.25%
      OVRP: top1=0.322 mean_cost=7.4604 (sbs=7.4617) vs_sbs=-0.02%
      VRPB: top1=0.546 mean_cost=9.3370 (sbs=9.3403) vs_sbs=-0.03%
      VRPL: top1=0.276 mean_cost=12.4137 (sbs=12.4072) vs_sbs=+0.05%
     VRPTW: top1=0.429 mean_cost=17.9317 (sbs=18.6571) vs_sbs=-3.89%
    OVRPTW: top1=0.487 mean_cost=10.0461 (sbs=10.0484) vs_sbs=-0.02%
     OVRPB: top1=0.551 mean_cost=6.3231 (sbs=6.3220) vs_sbs=+0.02%
     OVRPL: top1=0.358 mean_cost=7.4393 (sbs=7.4376) vs_sbs=+0.02%
     VRPBL: top1=0.541 mean_cost=9.3593 (sbs=9.3593) vs_sbs=+0.00%
    VRPBTW: top1=0.409 mean_cost=19.0823 (sbs=19.6697) vs_sbs=-2.99%
    VRPLTW: top1=0.434 mean_cost=17.6704 (sbs=18.5091) vs_sbs=-4.53%
    OVRPBL: top1=0.523 mean_cost=6.3107 (sbs=6.3103) vs_sbs=+0.01%
   OVRPBTW: top1=0.504 mean_cost=10.4980 (sbs=10.5068) vs_sbs=-0.08%
   OVRPLTW: top1=0.491 mean_cost=10.1293 (sbs=10.1272) vs_sbs=+0.02%
   VRPBLTW: top1=0.416 mean_cost=18.9854 (sbs=19.5198) vs_sbs=-2.74%
  OVRPBLTW: top1=0.488 mean_cost=10.5387 (sbs=10.5412) vs_sbs=-0.02%
ep018 step004900 loss=0.5534 ce=1.2799 pair=0.0664 topk_ce=1.0635 risk=0.0231 samples/s=7166 peak_GiB=17.37 time=7.4m
ep018 step004950 loss=0.5566 ce=1.2880 pair=0.0658 topk_ce=1.0706 risk=0.0226 samples/s=7871 peak_GiB=17.37 time=7.5m
ep018 step005000 loss=0.5562 ce=1.2863 pair=0.0659 topk_ce=1.0727 risk=0.0223 samples/s=7880 peak_GiB=17.37 time=7.5m
ep018 step005050 loss=0.5572 ce=1.2888 pair=0.0662 topk_ce=1.0722 risk=0.0223 samples/s=8586 peak_GiB=17.37 time=7.6m
ep018 step005100 loss=0.5564 ce=1.2870 pair=0.0660 topk_ce=1.0717 risk=0.0224 samples/s=7870 peak_GiB=17.37 time=7.6m
[epoch done 18] loss=0.55584 lr=0.0001 updates=5129 skipped=0 grad=0.4067888855934143
[eval epoch 18] macro_top1=0.4609 top2=0.7961 top3=0.9147 vs_sbs=-0.940% vbs_closed=+22.68%
       TSP: top1=0.354 mean_cost=7.9250 (sbs=7.9578) vs_sbs=-0.41%
      CVRP: top1=0.346 mean_cost=18.3094 (sbs=18.2943) vs_sbs=+0.08%
      ATSP: top1=0.770 mean_cost=1.6366 (sbs=1.6735) vs_sbs=-2.20%
      OVRP: top1=0.323 mean_cost=7.4595 (sbs=7.4617) vs_sbs=-0.03%
      VRPB: top1=0.553 mean_cost=9.3344 (sbs=9.3403) vs_sbs=-0.06%
      VRPL: top1=0.280 mean_cost=12.4095 (sbs=12.4072) vs_sbs=+0.02%
     VRPTW: top1=0.431 mean_cost=17.9275 (sbs=18.6571) vs_sbs=-3.91%
    OVRPTW: top1=0.492 mean_cost=10.0497 (sbs=10.0484) vs_sbs=+0.01%
     OVRPB: top1=0.554 mean_cost=6.3219 (sbs=6.3220) vs_sbs=-0.00%
     OVRPL: top1=0.352 mean_cost=7.4369 (sbs=7.4376) vs_sbs=-0.01%
     VRPBL: top1=0.540 mean_cost=9.3559 (sbs=9.3593) vs_sbs=-0.04%
    VRPBTW: top1=0.420 mean_cost=19.0873 (sbs=19.6697) vs_sbs=-2.96%
    VRPLTW: top1=0.441 mean_cost=17.6649 (sbs=18.5091) vs_sbs=-4.56%
    OVRPBL: top1=0.527 mean_cost=6.3085 (sbs=6.3103) vs_sbs=-0.03%
   OVRPBTW: top1=0.510 mean_cost=10.5011 (sbs=10.5068) vs_sbs=-0.05%
   OVRPLTW: top1=0.486 mean_cost=10.1306 (sbs=10.1272) vs_sbs=+0.03%
   VRPBLTW: top1=0.419 mean_cost=18.9822 (sbs=19.5198) vs_sbs=-2.75%
  OVRPBLTW: top1=0.498 mean_cost=10.5363 (sbs=10.5412) vs_sbs=-0.05%
[save] best.pt epoch=18 score=0.4609
[save] best_top1.pt epoch=18 top1=0.4609
[save] best_top3_safe.pt epoch=18 score=0.9147
[save] best_cost.pt epoch=18 vs_sbs=-0.940%
ep019 step005150 loss=0.5681 ce=1.3133 pair=0.0680 topk_ce=1.0951 risk=0.0209 samples/s=6254 peak_GiB=17.37 time=7.7m
ep019 step005200 loss=0.5544 ce=1.2841 pair=0.0647 topk_ce=1.0634 risk=0.0225 samples/s=7871 peak_GiB=17.37 time=7.8m
ep019 step005250 loss=0.5553 ce=1.2856 pair=0.0649 topk_ce=1.0674 risk=0.0221 samples/s=7869 peak_GiB=17.37 time=7.9m
ep019 step005300 loss=0.5503 ce=1.2743 pair=0.0643 topk_ce=1.0575 risk=0.0220 samples/s=8558 peak_GiB=17.37 time=7.9m
ep019 step005350 loss=0.5517 ce=1.2773 pair=0.0646 topk_ce=1.0611 risk=0.0218 samples/s=8581 peak_GiB=17.37 time=8.0m
ep019 step005400 loss=0.5520 ce=1.2782 pair=0.0644 topk_ce=1.0615 risk=0.0219 samples/s=7861 peak_GiB=17.37 time=8.1m
[epoch done 19] loss=0.55204 lr=0.0001 updates=5399 skipped=0 grad=0.3860214650630951
[eval epoch 19] macro_top1=0.4473 top2=0.7793 top3=0.9064 vs_sbs=-0.804% vbs_closed=+18.67%
       TSP: top1=0.344 mean_cost=7.9219 (sbs=7.9578) vs_sbs=-0.45%
      CVRP: top1=0.356 mean_cost=18.3178 (sbs=18.2943) vs_sbs=+0.13%
      ATSP: top1=0.712 mean_cost=1.6460 (sbs=1.6735) vs_sbs=-1.64%
      OVRP: top1=0.321 mean_cost=7.4593 (sbs=7.4617) vs_sbs=-0.03%
      VRPB: top1=0.550 mean_cost=9.3353 (sbs=9.3403) vs_sbs=-0.05%
      VRPL: top1=0.279 mean_cost=12.4083 (sbs=12.4072) vs_sbs=+0.01%
     VRPTW: top1=0.404 mean_cost=17.9720 (sbs=18.6571) vs_sbs=-3.67%
    OVRPTW: top1=0.480 mean_cost=10.0515 (sbs=10.0484) vs_sbs=+0.03%
     OVRPB: top1=0.549 mean_cost=6.3222 (sbs=6.3220) vs_sbs=+0.00%
     OVRPL: top1=0.358 mean_cost=7.4368 (sbs=7.4376) vs_sbs=-0.01%
     VRPBL: top1=0.525 mean_cost=9.3615 (sbs=9.3593) vs_sbs=+0.02%
    VRPBTW: top1=0.385 mean_cost=19.1958 (sbs=19.6697) vs_sbs=-2.41%
    VRPLTW: top1=0.405 mean_cost=17.7304 (sbs=18.5091) vs_sbs=-4.21%
    OVRPBL: top1=0.534 mean_cost=6.3078 (sbs=6.3103) vs_sbs=-0.04%
   OVRPBTW: top1=0.505 mean_cost=10.4988 (sbs=10.5068) vs_sbs=-0.08%
   OVRPLTW: top1=0.482 mean_cost=10.1308 (sbs=10.1272) vs_sbs=+0.04%
   VRPBLTW: top1=0.390 mean_cost=19.0987 (sbs=19.5198) vs_sbs=-2.16%
  OVRPBLTW: top1=0.473 mean_cost=10.5465 (sbs=10.5412) vs_sbs=+0.05%
[train_eval epoch 19] macro_top1=0.4521 top2=0.7802 top3=0.9086 vs_sbs=-0.819% vbs_closed=+18.84%
       TSP: top1=0.373 mean_cost=8.0110 (sbs=8.0483) vs_sbs=-0.46%
      CVRP: top1=0.327 mean_cost=18.1204 (sbs=18.0705) vs_sbs=+0.28%
      ATSP: top1=0.700 mean_cost=1.6534 (sbs=1.6795) vs_sbs=-1.55%
      OVRP: top1=0.358 mean_cost=7.4551 (sbs=7.4591) vs_sbs=-0.05%
      VRPB: top1=0.541 mean_cost=9.3122 (sbs=9.3165) vs_sbs=-0.05%
      VRPL: top1=0.302 mean_cost=12.3969 (sbs=12.3957) vs_sbs=+0.01%
     VRPTW: top1=0.399 mean_cost=17.8951 (sbs=18.5949) vs_sbs=-3.76%
    OVRPTW: top1=0.505 mean_cost=10.0994 (sbs=10.1037) vs_sbs=-0.04%
     OVRPB: top1=0.556 mean_cost=6.3205 (sbs=6.3216) vs_sbs=-0.02%
     OVRPL: top1=0.353 mean_cost=7.4495 (sbs=7.4526) vs_sbs=-0.04%
     VRPBL: top1=0.525 mean_cost=9.3202 (sbs=9.3209) vs_sbs=-0.01%
    VRPBTW: top1=0.399 mean_cost=19.1849 (sbs=19.6924) vs_sbs=-2.58%
    VRPLTW: top1=0.381 mean_cost=17.9050 (sbs=18.6720) vs_sbs=-4.11%
    OVRPBL: top1=0.552 mean_cost=6.3065 (sbs=6.3079) vs_sbs=-0.02%
   OVRPBTW: top1=0.485 mean_cost=10.5876 (sbs=10.5894) vs_sbs=-0.02%
   OVRPLTW: top1=0.500 mean_cost=10.1128 (sbs=10.1136) vs_sbs=-0.01%
   VRPBLTW: top1=0.403 mean_cost=19.2018 (sbs=19.6661) vs_sbs=-2.36%
  OVRPBLTW: top1=0.479 mean_cost=10.5542 (sbs=10.5476) vs_sbs=+0.06%
ep020 step005450 loss=0.5569 ce=1.2882 pair=0.0655 topk_ce=1.0744 risk=0.0219 samples/s=2111 peak_GiB=17.37 time=8.3m
ep020 step005500 loss=0.5554 ce=1.2852 pair=0.0650 topk_ce=1.0697 risk=0.0223 samples/s=7863 peak_GiB=17.37 time=8.4m
ep020 step005550 loss=0.5539 ce=1.2816 pair=0.0651 topk_ce=1.0668 risk=0.0221 samples/s=8581 peak_GiB=17.37 time=8.4m
ep020 step005600 loss=0.5514 ce=1.2763 pair=0.0645 topk_ce=1.0609 risk=0.0219 samples/s=8564 peak_GiB=17.37 time=8.5m
ep020 step005650 loss=0.5514 ce=1.2761 pair=0.0647 topk_ce=1.0616 risk=0.0219 samples/s=8329 peak_GiB=17.37 time=8.6m
[epoch done 20] loss=0.55343 lr=0.0001 updates=5669 skipped=0 grad=0.4402865767478943
[eval epoch 20] macro_top1=0.4526 top2=0.7859 top3=0.9051 vs_sbs=-0.892% vbs_closed=+19.20%
       TSP: top1=0.360 mean_cost=7.9340 (sbs=7.9578) vs_sbs=-0.30%
      CVRP: top1=0.297 mean_cost=18.3277 (sbs=18.2943) vs_sbs=+0.18%
      ATSP: top1=0.761 mean_cost=1.6397 (sbs=1.6735) vs_sbs=-2.02%
      OVRP: top1=0.327 mean_cost=7.4599 (sbs=7.4617) vs_sbs=-0.02%
      VRPB: top1=0.552 mean_cost=9.3350 (sbs=9.3403) vs_sbs=-0.06%
      VRPL: top1=0.259 mean_cost=12.4204 (sbs=12.4072) vs_sbs=+0.11%
     VRPTW: top1=0.423 mean_cost=17.9334 (sbs=18.6571) vs_sbs=-3.88%
    OVRPTW: top1=0.489 mean_cost=10.0456 (sbs=10.0484) vs_sbs=-0.03%
     OVRPB: top1=0.555 mean_cost=6.3224 (sbs=6.3220) vs_sbs=+0.01%
     OVRPL: top1=0.353 mean_cost=7.4385 (sbs=7.4376) vs_sbs=+0.01%
     VRPBL: top1=0.534 mean_cost=9.3597 (sbs=9.3593) vs_sbs=+0.00%
    VRPBTW: top1=0.393 mean_cost=19.1136 (sbs=19.6697) vs_sbs=-2.83%
    VRPLTW: top1=0.429 mean_cost=17.6830 (sbs=18.5091) vs_sbs=-4.46%
    OVRPBL: top1=0.522 mean_cost=6.3109 (sbs=6.3103) vs_sbs=+0.01%
   OVRPBTW: top1=0.508 mean_cost=10.4961 (sbs=10.5068) vs_sbs=-0.10%
   OVRPLTW: top1=0.487 mean_cost=10.1324 (sbs=10.1272) vs_sbs=+0.05%
   VRPBLTW: top1=0.406 mean_cost=18.9809 (sbs=19.5198) vs_sbs=-2.76%
  OVRPBLTW: top1=0.491 mean_cost=10.5439 (sbs=10.5412) vs_sbs=+0.03%
ep021 step005700 loss=0.5576 ce=1.2927 pair=0.0636 topk_ce=1.0708 risk=0.0218 samples/s=5834 peak_GiB=17.37 time=8.7m
ep021 step005750 loss=0.5536 ce=1.2818 pair=0.0646 topk_ce=1.0647 risk=0.0218 samples/s=8559 peak_GiB=17.37 time=8.7m
ep021 step005800 loss=0.5534 ce=1.2815 pair=0.0646 topk_ce=1.0635 risk=0.0216 samples/s=8577 peak_GiB=17.37 time=8.8m
ep021 step005850 loss=0.5517 ce=1.2775 pair=0.0643 topk_ce=1.0613 risk=0.0217 samples/s=7860 peak_GiB=17.37 time=8.9m
ep021 step005900 loss=0.5524 ce=1.2788 pair=0.0647 topk_ce=1.0624 risk=0.0218 samples/s=8574 peak_GiB=17.37 time=8.9m
[epoch done 21] loss=0.55202 lr=0.0001 updates=5939 skipped=0 grad=0.4349605143070221
[eval epoch 21] macro_top1=0.4518 top2=0.7866 top3=0.9046 vs_sbs=-0.576% vbs_closed=+17.15%
       TSP: top1=0.355 mean_cost=7.9215 (sbs=7.9578) vs_sbs=-0.46%
      CVRP: top1=0.369 mean_cost=18.2763 (sbs=18.2943) vs_sbs=-0.10%
      ATSP: top1=0.769 mean_cost=1.6367 (sbs=1.6735) vs_sbs=-2.20%
      OVRP: top1=0.297 mean_cost=7.4629 (sbs=7.4617) vs_sbs=+0.02%
      VRPB: top1=0.556 mean_cost=9.3342 (sbs=9.3403) vs_sbs=-0.06%
      VRPL: top1=0.300 mean_cost=12.4059 (sbs=12.4072) vs_sbs=-0.01%
     VRPTW: top1=0.408 mean_cost=17.9642 (sbs=18.6571) vs_sbs=-3.71%
    OVRPTW: top1=0.505 mean_cost=10.0450 (sbs=10.0484) vs_sbs=-0.03%
     OVRPB: top1=0.554 mean_cost=6.3218 (sbs=6.3220) vs_sbs=-0.00%
     OVRPL: top1=0.355 mean_cost=7.4372 (sbs=7.4376) vs_sbs=-0.01%
     VRPBL: top1=0.545 mean_cost=9.3543 (sbs=9.3593) vs_sbs=-0.05%
    VRPBTW: top1=0.408 mean_cost=19.1368 (sbs=19.6697) vs_sbs=-2.71%
    VRPLTW: top1=0.340 mean_cost=18.4255 (sbs=18.5091) vs_sbs=-0.45%
    OVRPBL: top1=0.536 mean_cost=6.3071 (sbs=6.3103) vs_sbs=-0.05%
   OVRPBTW: top1=0.490 mean_cost=10.5062 (sbs=10.5068) vs_sbs=-0.01%
   OVRPLTW: top1=0.485 mean_cost=10.1283 (sbs=10.1272) vs_sbs=+0.01%
   VRPBLTW: top1=0.362 mean_cost=19.4247 (sbs=19.5198) vs_sbs=-0.49%
  OVRPBLTW: top1=0.498 mean_cost=10.5355 (sbs=10.5412) vs_sbs=-0.05%
ep022 step005950 loss=0.6124 ce=1.4027 pair=0.0774 topk_ce=1.2218 risk=0.0254 samples/s=5845 peak_GiB=17.37 time=9.0m
ep022 step006000 loss=0.5472 ce=1.2644 pair=0.0649 topk_ce=1.0593 risk=0.0221 samples/s=9427 peak_GiB=17.37 time=9.1m
ep022 step006050 loss=0.5473 ce=1.2663 pair=0.0638 topk_ce=1.0565 risk=0.0211 samples/s=7861 peak_GiB=17.37 time=9.1m
ep022 step006100 loss=0.5473 ce=1.2669 pair=0.0637 topk_ce=1.0548 risk=0.0215 samples/s=7867 peak_GiB=17.37 time=9.2m
ep022 step006150 loss=0.5477 ce=1.2679 pair=0.0637 topk_ce=1.0548 risk=0.0216 samples/s=9430 peak_GiB=17.37 time=9.3m
ep022 step006200 loss=0.5506 ce=1.2737 pair=0.0647 topk_ce=1.0618 risk=0.0217 samples/s=7267 peak_GiB=17.37 time=9.3m
[epoch done 22] loss=0.55109 lr=0.0001 updates=6208 skipped=1 grad=0.44034528732299805
[eval epoch 22] macro_top1=0.4534 top2=0.7946 top3=0.9123 vs_sbs=-0.810% vbs_closed=+18.91%
       TSP: top1=0.339 mean_cost=7.9215 (sbs=7.9578) vs_sbs=-0.46%
      CVRP: top1=0.345 mean_cost=18.3115 (sbs=18.2943) vs_sbs=+0.09%
      ATSP: top1=0.682 mean_cost=1.6534 (sbs=1.6735) vs_sbs=-1.20%
      OVRP: top1=0.317 mean_cost=7.4594 (sbs=7.4617) vs_sbs=-0.03%
      VRPB: top1=0.555 mean_cost=9.3345 (sbs=9.3403) vs_sbs=-0.06%
      VRPL: top1=0.284 mean_cost=12.4113 (sbs=12.4072) vs_sbs=+0.03%
     VRPTW: top1=0.414 mean_cost=18.0473 (sbs=18.6571) vs_sbs=-3.27%
    OVRPTW: top1=0.496 mean_cost=10.0466 (sbs=10.0484) vs_sbs=-0.02%
     OVRPB: top1=0.549 mean_cost=6.3236 (sbs=6.3220) vs_sbs=+0.03%
     OVRPL: top1=0.346 mean_cost=7.4405 (sbs=7.4376) vs_sbs=+0.04%
     VRPBL: top1=0.538 mean_cost=9.3570 (sbs=9.3593) vs_sbs=-0.02%
    VRPBTW: top1=0.397 mean_cost=19.1889 (sbs=19.6697) vs_sbs=-2.44%
    VRPLTW: top1=0.447 mean_cost=17.6934 (sbs=18.5091) vs_sbs=-4.41%
    OVRPBL: top1=0.531 mean_cost=6.3084 (sbs=6.3103) vs_sbs=-0.03%
   OVRPBTW: top1=0.507 mean_cost=10.4997 (sbs=10.5068) vs_sbs=-0.07%
   OVRPLTW: top1=0.496 mean_cost=10.1281 (sbs=10.1272) vs_sbs=+0.01%
   VRPBLTW: top1=0.418 mean_cost=18.9865 (sbs=19.5198) vs_sbs=-2.73%
  OVRPBLTW: top1=0.501 mean_cost=10.5369 (sbs=10.5412) vs_sbs=-0.04%
ep023 step006250 loss=0.5406 ce=1.2534 pair=0.0628 topk_ce=1.0331 risk=0.0221 samples/s=6666 peak_GiB=17.37 time=9.4m
ep023 step006300 loss=0.5508 ce=1.2753 pair=0.0644 topk_ce=1.0587 risk=0.0218 samples/s=7868 peak_GiB=17.37 time=9.5m
ep023 step006350 loss=0.5494 ce=1.2716 pair=0.0642 topk_ce=1.0584 risk=0.0218 samples/s=7870 peak_GiB=17.37 time=9.5m
ep023 step006400 loss=0.5516 ce=1.2767 pair=0.0647 topk_ce=1.0605 risk=0.0219 samples/s=8576 peak_GiB=17.37 time=9.6m
ep023 step006450 loss=0.5486 ce=1.2703 pair=0.0639 topk_ce=1.0552 risk=0.0216 samples/s=8595 peak_GiB=17.37 time=9.7m
[epoch done 23] loss=0.55027 lr=0.0001 updates=6478 skipped=0 grad=0.44816818833351135
[eval epoch 23] macro_top1=0.4611 top2=0.7956 top3=0.9111 vs_sbs=-0.948% vbs_closed=+23.18%
       TSP: top1=0.352 mean_cost=7.9216 (sbs=7.9578) vs_sbs=-0.46%
      CVRP: top1=0.347 mean_cost=18.3263 (sbs=18.2943) vs_sbs=+0.17%
      ATSP: top1=0.772 mean_cost=1.6358 (sbs=1.6735) vs_sbs=-2.25%
      OVRP: top1=0.307 mean_cost=7.4603 (sbs=7.4617) vs_sbs=-0.02%
      VRPB: top1=0.556 mean_cost=9.3327 (sbs=9.3403) vs_sbs=-0.08%
      VRPL: top1=0.301 mean_cost=12.4054 (sbs=12.4072) vs_sbs=-0.01%
     VRPTW: top1=0.421 mean_cost=17.9210 (sbs=18.6571) vs_sbs=-3.95%
    OVRPTW: top1=0.488 mean_cost=10.0483 (sbs=10.0484) vs_sbs=-0.00%
     OVRPB: top1=0.554 mean_cost=6.3224 (sbs=6.3220) vs_sbs=+0.01%
     OVRPL: top1=0.357 mean_cost=7.4372 (sbs=7.4376) vs_sbs=-0.01%
     VRPBL: top1=0.538 mean_cost=9.3563 (sbs=9.3593) vs_sbs=-0.03%
    VRPBTW: top1=0.426 mean_cost=19.0874 (sbs=19.6697) vs_sbs=-2.96%
    VRPLTW: top1=0.440 mean_cost=17.6680 (sbs=18.5091) vs_sbs=-4.54%
    OVRPBL: top1=0.536 mean_cost=6.3084 (sbs=6.3103) vs_sbs=-0.03%
   OVRPBTW: top1=0.506 mean_cost=10.4989 (sbs=10.5068) vs_sbs=-0.07%
   OVRPLTW: top1=0.493 mean_cost=10.1280 (sbs=10.1272) vs_sbs=+0.01%
   VRPBLTW: top1=0.416 mean_cost=18.9722 (sbs=19.5198) vs_sbs=-2.81%
  OVRPBLTW: top1=0.489 mean_cost=10.5375 (sbs=10.5412) vs_sbs=-0.03%
[save] best.pt epoch=23 score=0.4611
[save] best_top1.pt epoch=23 top1=0.4611
[save] best_cost.pt epoch=23 vs_sbs=-0.948%
ep024 step006500 loss=0.5460 ce=1.2641 pair=0.0623 topk_ce=1.0548 risk=0.0220 samples/s=5960 peak_GiB=17.37 time=9.8m
ep024 step006550 loss=0.5461 ce=1.2646 pair=0.0634 topk_ce=1.0505 risk=0.0210 samples/s=7875 peak_GiB=17.37 time=9.8m
ep024 step006600 loss=0.5424 ce=1.2569 pair=0.0623 topk_ce=1.0422 risk=0.0208 samples/s=9437 peak_GiB=17.37 time=9.9m
ep024 step006650 loss=0.5408 ce=1.2535 pair=0.0619 topk_ce=1.0390 risk=0.0209 samples/s=7876 peak_GiB=17.37 time=10.0m
ep024 step006700 loss=0.5421 ce=1.2560 pair=0.0622 topk_ce=1.0424 risk=0.0208 samples/s=7871 peak_GiB=17.37 time=10.0m
ep024 step006750 loss=0.5427 ce=1.2570 pair=0.0625 topk_ce=1.0446 risk=0.0207 samples/s=7869 peak_GiB=17.37 time=10.1m
[epoch done 24] loss=0.54268 lr=5e-05 updates=6748 skipped=0 grad=0.3095204532146454
[eval epoch 24] macro_top1=0.4644 top2=0.7979 top3=0.9167 vs_sbs=-0.955% vbs_closed=+25.42%
       TSP: top1=0.351 mean_cost=7.9207 (sbs=7.9578) vs_sbs=-0.47%
      CVRP: top1=0.409 mean_cost=18.2481 (sbs=18.2943) vs_sbs=-0.25%
      ATSP: top1=0.765 mean_cost=1.6377 (sbs=1.6735) vs_sbs=-2.14%
      OVRP: top1=0.317 mean_cost=7.4589 (sbs=7.4617) vs_sbs=-0.04%
      VRPB: top1=0.554 mean_cost=9.3349 (sbs=9.3403) vs_sbs=-0.06%
      VRPL: top1=0.304 mean_cost=12.4062 (sbs=12.4072) vs_sbs=-0.01%
     VRPTW: top1=0.442 mean_cost=17.9376 (sbs=18.6571) vs_sbs=-3.86%
    OVRPTW: top1=0.487 mean_cost=10.0473 (sbs=10.0484) vs_sbs=-0.01%
     OVRPB: top1=0.553 mean_cost=6.3220 (sbs=6.3220) vs_sbs=+0.00%
     OVRPL: top1=0.365 mean_cost=7.4342 (sbs=7.4376) vs_sbs=-0.04%
     VRPBL: top1=0.542 mean_cost=9.3545 (sbs=9.3593) vs_sbs=-0.05%
    VRPBTW: top1=0.412 mean_cost=19.0957 (sbs=19.6697) vs_sbs=-2.92%
    VRPLTW: top1=0.424 mean_cost=17.6757 (sbs=18.5091) vs_sbs=-4.50%
    OVRPBL: top1=0.539 mean_cost=6.3069 (sbs=6.3103) vs_sbs=-0.05%
   OVRPBTW: top1=0.504 mean_cost=10.4999 (sbs=10.5068) vs_sbs=-0.07%
   OVRPLTW: top1=0.492 mean_cost=10.1271 (sbs=10.1272) vs_sbs=-0.00%
   VRPBLTW: top1=0.421 mean_cost=18.9834 (sbs=19.5198) vs_sbs=-2.75%
  OVRPBLTW: top1=0.479 mean_cost=10.5430 (sbs=10.5412) vs_sbs=+0.02%
[save] best.pt epoch=24 score=0.4644
[save] best_top1.pt epoch=24 top1=0.4644
[save] best_top3_safe.pt epoch=24 score=0.9167
[save] best_cost.pt epoch=24 vs_sbs=-0.955%
[train_eval epoch 24] macro_top1=0.4694 top2=0.8026 top3=0.9187 vs_sbs=-0.972% vbs_closed=+25.45%
       TSP: top1=0.375 mean_cost=8.0112 (sbs=8.0483) vs_sbs=-0.46%
      CVRP: top1=0.391 mean_cost=18.0400 (sbs=18.0705) vs_sbs=-0.17%
      ATSP: top1=0.750 mean_cost=1.6434 (sbs=1.6795) vs_sbs=-2.15%
      OVRP: top1=0.366 mean_cost=7.4541 (sbs=7.4591) vs_sbs=-0.07%
      VRPB: top1=0.544 mean_cost=9.3107 (sbs=9.3165) vs_sbs=-0.06%
      VRPL: top1=0.318 mean_cost=12.3938 (sbs=12.3957) vs_sbs=-0.02%
     VRPTW: top1=0.442 mean_cost=17.8568 (sbs=18.5949) vs_sbs=-3.97%
    OVRPTW: top1=0.505 mean_cost=10.0988 (sbs=10.1037) vs_sbs=-0.05%
     OVRPB: top1=0.557 mean_cost=6.3207 (sbs=6.3216) vs_sbs=-0.01%
     OVRPL: top1=0.357 mean_cost=7.4485 (sbs=7.4526) vs_sbs=-0.06%
     VRPBL: top1=0.531 mean_cost=9.3175 (sbs=9.3209) vs_sbs=-0.04%
    VRPBTW: top1=0.424 mean_cost=19.1031 (sbs=19.6924) vs_sbs=-2.99%
    VRPLTW: top1=0.431 mean_cost=17.8402 (sbs=18.6720) vs_sbs=-4.45%
    OVRPBL: top1=0.549 mean_cost=6.3069 (sbs=6.3079) vs_sbs=-0.02%
   OVRPBTW: top1=0.490 mean_cost=10.5856 (sbs=10.5894) vs_sbs=-0.04%
   OVRPLTW: top1=0.501 mean_cost=10.1117 (sbs=10.1136) vs_sbs=-0.02%
   VRPBLTW: top1=0.430 mean_cost=19.0887 (sbs=19.6661) vs_sbs=-2.94%
  OVRPBLTW: top1=0.492 mean_cost=10.5485 (sbs=10.5476) vs_sbs=+0.01%
ep025 step006800 loss=0.5397 ce=1.2494 pair=0.0618 topk_ce=1.0431 risk=0.0205 samples/s=2075 peak_GiB=17.37 time=10.3m
ep025 step006850 loss=0.5392 ce=1.2494 pair=0.0620 topk_ce=1.0367 risk=0.0209 samples/s=8565 peak_GiB=17.37 time=10.4m
ep025 step006900 loss=0.5412 ce=1.2535 pair=0.0622 topk_ce=1.0419 risk=0.0209 samples/s=7859 peak_GiB=17.37 time=10.5m
ep025 step006950 loss=0.5420 ce=1.2554 pair=0.0625 topk_ce=1.0434 risk=0.0208 samples/s=8568 peak_GiB=17.37 time=10.5m
ep025 step007000 loss=0.5441 ce=1.2600 pair=0.0629 topk_ce=1.0480 risk=0.0208 samples/s=7866 peak_GiB=17.37 time=10.6m
[epoch done 25] loss=0.54290 lr=5e-05 updates=7018 skipped=0 grad=0.37379154562950134
[eval epoch 25] macro_top1=0.4649 top2=0.7985 top3=0.9159 vs_sbs=-0.960% vbs_closed=+24.82%
       TSP: top1=0.356 mean_cost=7.9195 (sbs=7.9578) vs_sbs=-0.48%
      CVRP: top1=0.406 mean_cost=18.2508 (sbs=18.2943) vs_sbs=-0.24%
      ATSP: top1=0.774 mean_cost=1.6360 (sbs=1.6735) vs_sbs=-2.24%
      OVRP: top1=0.334 mean_cost=7.4560 (sbs=7.4617) vs_sbs=-0.08%
      VRPB: top1=0.552 mean_cost=9.3342 (sbs=9.3403) vs_sbs=-0.07%
      VRPL: top1=0.296 mean_cost=12.4087 (sbs=12.4072) vs_sbs=+0.01%
     VRPTW: top1=0.432 mean_cost=17.9172 (sbs=18.6571) vs_sbs=-3.97%
    OVRPTW: top1=0.484 mean_cost=10.0485 (sbs=10.0484) vs_sbs=+0.00%
     OVRPB: top1=0.552 mean_cost=6.3234 (sbs=6.3220) vs_sbs=+0.02%
     OVRPL: top1=0.349 mean_cost=7.4406 (sbs=7.4376) vs_sbs=+0.04%
     VRPBL: top1=0.536 mean_cost=9.3580 (sbs=9.3593) vs_sbs=-0.01%
    VRPBTW: top1=0.410 mean_cost=19.1093 (sbs=19.6697) vs_sbs=-2.85%
    VRPLTW: top1=0.438 mean_cost=17.6594 (sbs=18.5091) vs_sbs=-4.59%
    OVRPBL: top1=0.538 mean_cost=6.3067 (sbs=6.3103) vs_sbs=-0.06%
   OVRPBTW: top1=0.517 mean_cost=10.4990 (sbs=10.5068) vs_sbs=-0.07%
   OVRPLTW: top1=0.499 mean_cost=10.1271 (sbs=10.1272) vs_sbs=-0.00%
   VRPBLTW: top1=0.412 mean_cost=18.9882 (sbs=19.5198) vs_sbs=-2.72%
  OVRPBLTW: top1=0.483 mean_cost=10.5428 (sbs=10.5412) vs_sbs=+0.02%
[save] best.pt epoch=25 score=0.4649
[save] best_top1.pt epoch=25 top1=0.4649
[save] best_cost.pt epoch=25 vs_sbs=-0.960%
ep026 step007050 loss=0.5520 ce=1.2776 pair=0.0642 topk_ce=1.0649 risk=0.0204 samples/s=5956 peak_GiB=17.37 time=10.7m
ep026 step007100 loss=0.5492 ce=1.2725 pair=0.0634 topk_ce=1.0556 risk=0.0204 samples/s=8576 peak_GiB=17.37 time=10.8m
ep026 step007150 loss=0.5437 ce=1.2599 pair=0.0624 topk_ce=1.0448 risk=0.0208 samples/s=8596 peak_GiB=17.37 time=10.8m
ep026 step007200 loss=0.5436 ce=1.2589 pair=0.0628 topk_ce=1.0465 risk=0.0208 samples/s=7862 peak_GiB=17.37 time=10.9m
ep026 step007250 loss=0.5442 ce=1.2602 pair=0.0628 topk_ce=1.0483 risk=0.0207 samples/s=7872 peak_GiB=17.37 time=11.0m
[epoch done 26] loss=0.54212 lr=5e-05 updates=7288 skipped=0 grad=0.41543543338775635
[eval epoch 26] macro_top1=0.4649 top2=0.7937 top3=0.9157 vs_sbs=-0.954% vbs_closed=+25.16%
       TSP: top1=0.351 mean_cost=7.9188 (sbs=7.9578) vs_sbs=-0.49%
      CVRP: top1=0.418 mean_cost=18.2379 (sbs=18.2943) vs_sbs=-0.31%
      ATSP: top1=0.775 mean_cost=1.6359 (sbs=1.6735) vs_sbs=-2.25%
      OVRP: top1=0.311 mean_cost=7.4576 (sbs=7.4617) vs_sbs=-0.05%
      VRPB: top1=0.556 mean_cost=9.3349 (sbs=9.3403) vs_sbs=-0.06%
      VRPL: top1=0.303 mean_cost=12.4069 (sbs=12.4072) vs_sbs=-0.00%
     VRPTW: top1=0.436 mean_cost=17.9393 (sbs=18.6571) vs_sbs=-3.85%
    OVRPTW: top1=0.488 mean_cost=10.0482 (sbs=10.0484) vs_sbs=-0.00%
     OVRPB: top1=0.548 mean_cost=6.3237 (sbs=6.3220) vs_sbs=+0.03%
     OVRPL: top1=0.360 mean_cost=7.4376 (sbs=7.4376) vs_sbs=+0.00%
     VRPBL: top1=0.536 mean_cost=9.3560 (sbs=9.3593) vs_sbs=-0.03%
    VRPBTW: top1=0.409 mean_cost=19.1116 (sbs=19.6697) vs_sbs=-2.84%
    VRPLTW: top1=0.444 mean_cost=17.6619 (sbs=18.5091) vs_sbs=-4.58%
    OVRPBL: top1=0.548 mean_cost=6.3053 (sbs=6.3103) vs_sbs=-0.08%
   OVRPBTW: top1=0.505 mean_cost=10.5023 (sbs=10.5068) vs_sbs=-0.04%
   OVRPLTW: top1=0.489 mean_cost=10.1298 (sbs=10.1272) vs_sbs=+0.03%
   VRPBLTW: top1=0.413 mean_cost=18.9981 (sbs=19.5198) vs_sbs=-2.67%
  OVRPBLTW: top1=0.479 mean_cost=10.5445 (sbs=10.5412) vs_sbs=+0.03%
[save] best.pt epoch=26 score=0.4649
[save] best_top1.pt epoch=26 top1=0.4649
ep027 step007300 loss=0.4954 ce=1.1544 pair=0.0525 topk_ce=0.9402 risk=0.0193 samples/s=6447 peak_GiB=17.37 time=11.0m
ep027 step007350 loss=0.5462 ce=1.2647 pair=0.0623 topk_ce=1.0553 risk=0.0200 samples/s=7265 peak_GiB=17.37 time=11.1m
ep027 step007400 loss=0.5431 ce=1.2573 pair=0.0628 topk_ce=1.0477 risk=0.0205 samples/s=9417 peak_GiB=17.37 time=11.2m
ep027 step007450 loss=0.5390 ce=1.2485 pair=0.0620 topk_ce=1.0381 risk=0.0204 samples/s=8575 peak_GiB=17.37 time=11.2m
ep027 step007500 loss=0.5399 ce=1.2504 pair=0.0621 topk_ce=1.0404 risk=0.0205 samples/s=8580 peak_GiB=17.37 time=11.3m
ep027 step007550 loss=0.5408 ce=1.2522 pair=0.0623 topk_ce=1.0424 risk=0.0206 samples/s=6749 peak_GiB=17.37 time=11.4m
[epoch done 27] loss=0.54074 lr=5e-05 updates=7558 skipped=0 grad=0.446924090385437
[eval epoch 27] macro_top1=0.4655 top2=0.7976 top3=0.9146 vs_sbs=-0.950% vbs_closed=+25.51%
       TSP: top1=0.353 mean_cost=7.9227 (sbs=7.9578) vs_sbs=-0.44%
      CVRP: top1=0.399 mean_cost=18.2567 (sbs=18.2943) vs_sbs=-0.21%
      ATSP: top1=0.777 mean_cost=1.6358 (sbs=1.6735) vs_sbs=-2.25%
      OVRP: top1=0.320 mean_cost=7.4575 (sbs=7.4617) vs_sbs=-0.06%
      VRPB: top1=0.556 mean_cost=9.3331 (sbs=9.3403) vs_sbs=-0.08%
      VRPL: top1=0.298 mean_cost=12.4061 (sbs=12.4072) vs_sbs=-0.01%
     VRPTW: top1=0.426 mean_cost=17.9315 (sbs=18.6571) vs_sbs=-3.89%
    OVRPTW: top1=0.493 mean_cost=10.0467 (sbs=10.0484) vs_sbs=-0.02%
     OVRPB: top1=0.559 mean_cost=6.3212 (sbs=6.3220) vs_sbs=-0.01%
     OVRPL: top1=0.376 mean_cost=7.4335 (sbs=7.4376) vs_sbs=-0.05%
     VRPBL: top1=0.537 mean_cost=9.3561 (sbs=9.3593) vs_sbs=-0.03%
    VRPBTW: top1=0.420 mean_cost=19.1189 (sbs=19.6697) vs_sbs=-2.80%
    VRPLTW: top1=0.436 mean_cost=17.6722 (sbs=18.5091) vs_sbs=-4.52%
    OVRPBL: top1=0.545 mean_cost=6.3057 (sbs=6.3103) vs_sbs=-0.07%
   OVRPBTW: top1=0.494 mean_cost=10.5025 (sbs=10.5068) vs_sbs=-0.04%
   OVRPLTW: top1=0.489 mean_cost=10.1288 (sbs=10.1272) vs_sbs=+0.02%
   VRPBLTW: top1=0.403 mean_cost=19.0148 (sbs=19.5198) vs_sbs=-2.59%
  OVRPBLTW: top1=0.498 mean_cost=10.5361 (sbs=10.5412) vs_sbs=-0.05%
[save] best.pt epoch=27 score=0.4655
[save] best_top1.pt epoch=27 top1=0.4655
ep028 step007600 loss=0.5495 ce=1.2721 pair=0.0632 topk_ce=1.0619 risk=0.0202 samples/s=6450 peak_GiB=17.37 time=11.5m
ep028 step007650 loss=0.5414 ce=1.2537 pair=0.0623 topk_ce=1.0440 risk=0.0204 samples/s=8575 peak_GiB=17.37 time=11.5m
ep028 step007700 loss=0.5435 ce=1.2580 pair=0.0630 topk_ce=1.0489 risk=0.0206 samples/s=7869 peak_GiB=17.37 time=11.6m
ep028 step007750 loss=0.5411 ce=1.2527 pair=0.0627 topk_ce=1.0429 risk=0.0205 samples/s=8569 peak_GiB=17.37 time=11.6m
ep028 step007800 loss=0.5435 ce=1.2579 pair=0.0631 topk_ce=1.0484 risk=0.0204 samples/s=7865 peak_GiB=17.37 time=11.7m
[epoch done 28] loss=0.54095 lr=5e-05 updates=7828 skipped=0 grad=0.4813747704029083
[eval epoch 28] macro_top1=0.4674 top2=0.8033 top3=0.9178 vs_sbs=-0.964% vbs_closed=+25.50%
       TSP: top1=0.355 mean_cost=7.9204 (sbs=7.9578) vs_sbs=-0.47%
      CVRP: top1=0.434 mean_cost=18.2430 (sbs=18.2943) vs_sbs=-0.28%
      ATSP: top1=0.742 mean_cost=1.6421 (sbs=1.6735) vs_sbs=-1.88%
      OVRP: top1=0.320 mean_cost=7.4575 (sbs=7.4617) vs_sbs=-0.06%
      VRPB: top1=0.557 mean_cost=9.3333 (sbs=9.3403) vs_sbs=-0.07%
      VRPL: top1=0.290 mean_cost=12.4072 (sbs=12.4072) vs_sbs=+0.00%
     VRPTW: top1=0.437 mean_cost=17.9281 (sbs=18.6571) vs_sbs=-3.91%
    OVRPTW: top1=0.488 mean_cost=10.0494 (sbs=10.0484) vs_sbs=+0.01%
     OVRPB: top1=0.560 mean_cost=6.3214 (sbs=6.3220) vs_sbs=-0.01%
     OVRPL: top1=0.359 mean_cost=7.4349 (sbs=7.4376) vs_sbs=-0.04%
     VRPBL: top1=0.540 mean_cost=9.3556 (sbs=9.3593) vs_sbs=-0.04%
    VRPBTW: top1=0.431 mean_cost=19.0774 (sbs=19.6697) vs_sbs=-3.01%
    VRPLTW: top1=0.442 mean_cost=17.6518 (sbs=18.5091) vs_sbs=-4.63%
    OVRPBL: top1=0.539 mean_cost=6.3073 (sbs=6.3103) vs_sbs=-0.05%
   OVRPBTW: top1=0.506 mean_cost=10.4998 (sbs=10.5068) vs_sbs=-0.07%
   OVRPLTW: top1=0.490 mean_cost=10.1296 (sbs=10.1272) vs_sbs=+0.02%
   VRPBLTW: top1=0.421 mean_cost=18.9682 (sbs=19.5198) vs_sbs=-2.83%
  OVRPBLTW: top1=0.503 mean_cost=10.5354 (sbs=10.5412) vs_sbs=-0.05%
[save] best.pt epoch=28 score=0.4674
[save] best_top1.pt epoch=28 top1=0.4674
[save] best_top3_safe.pt epoch=28 score=0.9178
[save] best_cost.pt epoch=28 vs_sbs=-0.964%
ep029 step007850 loss=0.5319 ce=1.2266 pair=0.0634 topk_ce=1.0398 risk=0.0216 samples/s=6253 peak_GiB=17.37 time=11.8m
ep029 step007900 loss=0.5331 ce=1.2333 pair=0.0620 topk_ce=1.0299 risk=0.0206 samples/s=8573 peak_GiB=17.37 time=11.9m
ep029 step007950 loss=0.5388 ce=1.2466 pair=0.0626 topk_ce=1.0413 risk=0.0206 samples/s=7254 peak_GiB=17.37 time=11.9m
ep029 step008000 loss=0.5457 ce=1.2627 pair=0.0634 topk_ce=1.0540 risk=0.0207 samples/s=7870 peak_GiB=17.37 time=12.0m
ep029 step008050 loss=0.5422 ce=1.2547 pair=0.0631 topk_ce=1.0467 risk=0.0206 samples/s=8588 peak_GiB=17.37 time=12.1m
ep029 step008100 loss=0.5417 ce=1.2541 pair=0.0626 topk_ce=1.0439 risk=0.0206 samples/s=8577 peak_GiB=17.37 time=12.1m
[epoch done 29] loss=0.54166 lr=5e-05 updates=8098 skipped=0 grad=0.5458536744117737
[eval epoch 29] macro_top1=0.4676 top2=0.7964 top3=0.9145 vs_sbs=-0.926% vbs_closed=+24.70%
       TSP: top1=0.342 mean_cost=7.9201 (sbs=7.9578) vs_sbs=-0.47%
      CVRP: top1=0.388 mean_cost=18.2665 (sbs=18.2943) vs_sbs=-0.15%
      ATSP: top1=0.777 mean_cost=1.6357 (sbs=1.6735) vs_sbs=-2.26%
      OVRP: top1=0.333 mean_cost=7.4559 (sbs=7.4617) vs_sbs=-0.08%
      VRPB: top1=0.553 mean_cost=9.3354 (sbs=9.3403) vs_sbs=-0.05%
      VRPL: top1=0.318 mean_cost=12.4049 (sbs=12.4072) vs_sbs=-0.02%
     VRPTW: top1=0.431 mean_cost=18.0039 (sbs=18.6571) vs_sbs=-3.50%
    OVRPTW: top1=0.494 mean_cost=10.0478 (sbs=10.0484) vs_sbs=-0.01%
     OVRPB: top1=0.555 mean_cost=6.3219 (sbs=6.3220) vs_sbs=-0.00%
     OVRPL: top1=0.367 mean_cost=7.4352 (sbs=7.4376) vs_sbs=-0.03%
     VRPBL: top1=0.532 mean_cost=9.3576 (sbs=9.3593) vs_sbs=-0.02%
    VRPBTW: top1=0.422 mean_cost=19.1038 (sbs=19.6697) vs_sbs=-2.88%
    VRPLTW: top1=0.450 mean_cost=17.7030 (sbs=18.5091) vs_sbs=-4.36%
    OVRPBL: top1=0.545 mean_cost=6.3052 (sbs=6.3103) vs_sbs=-0.08%
   OVRPBTW: top1=0.505 mean_cost=10.5016 (sbs=10.5068) vs_sbs=-0.05%
   OVRPLTW: top1=0.492 mean_cost=10.1271 (sbs=10.1272) vs_sbs=-0.00%
   VRPBLTW: top1=0.423 mean_cost=18.9900 (sbs=19.5198) vs_sbs=-2.71%
  OVRPBLTW: top1=0.489 mean_cost=10.5418 (sbs=10.5412) vs_sbs=+0.01%
[save] best.pt epoch=29 score=0.4676
[save] best_top1.pt epoch=29 top1=0.4676
[train_eval epoch 29] macro_top1=0.4692 top2=0.7998 top3=0.9171 vs_sbs=-0.949% vbs_closed=+24.37%
       TSP: top1=0.372 mean_cost=8.0106 (sbs=8.0483) vs_sbs=-0.47%
      CVRP: top1=0.366 mean_cost=18.0609 (sbs=18.0705) vs_sbs=-0.05%
      ATSP: top1=0.753 mean_cost=1.6425 (sbs=1.6795) vs_sbs=-2.20%
      OVRP: top1=0.365 mean_cost=7.4540 (sbs=7.4591) vs_sbs=-0.07%
      VRPB: top1=0.539 mean_cost=9.3120 (sbs=9.3165) vs_sbs=-0.05%
      VRPL: top1=0.318 mean_cost=12.3929 (sbs=12.3957) vs_sbs=-0.02%
     VRPTW: top1=0.448 mean_cost=17.8869 (sbs=18.5949) vs_sbs=-3.81%
    OVRPTW: top1=0.501 mean_cost=10.1007 (sbs=10.1037) vs_sbs=-0.03%
     OVRPB: top1=0.557 mean_cost=6.3204 (sbs=6.3216) vs_sbs=-0.02%
     OVRPL: top1=0.355 mean_cost=7.4490 (sbs=7.4526) vs_sbs=-0.05%
     VRPBL: top1=0.531 mean_cost=9.3182 (sbs=9.3209) vs_sbs=-0.03%
    VRPBTW: top1=0.431 mean_cost=19.0937 (sbs=19.6924) vs_sbs=-3.04%
    VRPLTW: top1=0.444 mean_cost=17.8673 (sbs=18.6720) vs_sbs=-4.31%
    OVRPBL: top1=0.546 mean_cost=6.3076 (sbs=6.3079) vs_sbs=-0.00%
   OVRPBTW: top1=0.487 mean_cost=10.5875 (sbs=10.5894) vs_sbs=-0.02%
   OVRPLTW: top1=0.502 mean_cost=10.1108 (sbs=10.1136) vs_sbs=-0.03%
   VRPBLTW: top1=0.439 mean_cost=19.0943 (sbs=19.6661) vs_sbs=-2.91%
  OVRPBLTW: top1=0.490 mean_cost=10.5491 (sbs=10.5476) vs_sbs=+0.01%
ep030 step008150 loss=0.5373 ce=1.2433 pair=0.0620 topk_ce=1.0389 risk=0.0205 samples/s=2092 peak_GiB=17.37 time=12.4m
ep030 step008200 loss=0.5352 ce=1.2393 pair=0.0612 topk_ce=1.0333 risk=0.0202 samples/s=7857 peak_GiB=17.37 time=12.4m
ep030 step008250 loss=0.5349 ce=1.2387 pair=0.0615 topk_ce=1.0315 risk=0.0201 samples/s=9420 peak_GiB=17.37 time=12.5m
ep030 step008300 loss=0.5371 ce=1.2434 pair=0.0618 topk_ce=1.0370 risk=0.0202 samples/s=7864 peak_GiB=17.37 time=12.6m
ep030 step008350 loss=0.5394 ce=1.2491 pair=0.0620 topk_ce=1.0404 risk=0.0203 samples/s=7874 peak_GiB=17.37 time=12.6m
[epoch done 30] loss=0.53891 lr=5e-05 updates=8367 skipped=1 grad=0.4691215455532074
[eval epoch 30] macro_top1=0.4698 top2=0.8003 top3=0.9187 vs_sbs=-0.979% vbs_closed=+25.95%
       TSP: top1=0.363 mean_cost=7.9199 (sbs=7.9578) vs_sbs=-0.48%
      CVRP: top1=0.419 mean_cost=18.2451 (sbs=18.2943) vs_sbs=-0.27%
      ATSP: top1=0.773 mean_cost=1.6370 (sbs=1.6735) vs_sbs=-2.18%
      OVRP: top1=0.320 mean_cost=7.4578 (sbs=7.4617) vs_sbs=-0.05%
      VRPB: top1=0.553 mean_cost=9.3343 (sbs=9.3403) vs_sbs=-0.06%
      VRPL: top1=0.313 mean_cost=12.4059 (sbs=12.4072) vs_sbs=-0.01%
     VRPTW: top1=0.429 mean_cost=17.9237 (sbs=18.6571) vs_sbs=-3.93%
    OVRPTW: top1=0.496 mean_cost=10.0453 (sbs=10.0484) vs_sbs=-0.03%
     OVRPB: top1=0.560 mean_cost=6.3213 (sbs=6.3220) vs_sbs=-0.01%
     OVRPL: top1=0.346 mean_cost=7.4402 (sbs=7.4376) vs_sbs=+0.04%
     VRPBL: top1=0.541 mean_cost=9.3561 (sbs=9.3593) vs_sbs=-0.03%
    VRPBTW: top1=0.433 mean_cost=19.0717 (sbs=19.6697) vs_sbs=-3.04%
    VRPLTW: top1=0.456 mean_cost=17.6493 (sbs=18.5091) vs_sbs=-4.65%
    OVRPBL: top1=0.545 mean_cost=6.3053 (sbs=6.3103) vs_sbs=-0.08%
   OVRPBTW: top1=0.504 mean_cost=10.5034 (sbs=10.5068) vs_sbs=-0.03%
   OVRPLTW: top1=0.499 mean_cost=10.1271 (sbs=10.1272) vs_sbs=-0.00%
   VRPBLTW: top1=0.409 mean_cost=18.9805 (sbs=19.5198) vs_sbs=-2.76%
  OVRPBLTW: top1=0.498 mean_cost=10.5368 (sbs=10.5412) vs_sbs=-0.04%
[save] best.pt epoch=30 score=0.4698
[save] best_top1.pt epoch=30 top1=0.4698
[save] best_top3_safe.pt epoch=30 score=0.9187
[save] best_cost.pt epoch=30 vs_sbs=-0.979%
ep031 step008400 loss=0.5441 ce=1.2573 pair=0.0641 topk_ce=1.0547 risk=0.0205 samples/s=5871 peak_GiB=17.37 time=12.7m
ep031 step008450 loss=0.5375 ce=1.2448 pair=0.0619 topk_ce=1.0353 risk=0.0206 samples/s=8578 peak_GiB=17.37 time=12.8m
ep031 step008500 loss=0.5360 ce=1.2412 pair=0.0617 topk_ce=1.0339 risk=0.0204 samples/s=8575 peak_GiB=17.37 time=12.9m
ep031 step008550 loss=0.5402 ce=1.2505 pair=0.0623 topk_ce=1.0427 risk=0.0204 samples/s=7870 peak_GiB=17.37 time=12.9m
ep031 step008600 loss=0.5383 ce=1.2466 pair=0.0619 topk_ce=1.0376 risk=0.0203 samples/s=7868 peak_GiB=17.37 time=13.0m
[epoch done 31] loss=0.54011 lr=5e-05 updates=8636 skipped=1 grad=0.49933281540870667
[eval epoch 31] macro_top1=0.4695 top2=0.8018 top3=0.9203 vs_sbs=-0.975% vbs_closed=+25.86%
       TSP: top1=0.362 mean_cost=7.9196 (sbs=7.9578) vs_sbs=-0.48%
      CVRP: top1=0.443 mean_cost=18.2335 (sbs=18.2943) vs_sbs=-0.33%
      ATSP: top1=0.766 mean_cost=1.6385 (sbs=1.6735) vs_sbs=-2.09%
      OVRP: top1=0.319 mean_cost=7.4562 (sbs=7.4617) vs_sbs=-0.07%
      VRPB: top1=0.548 mean_cost=9.3364 (sbs=9.3403) vs_sbs=-0.04%
      VRPL: top1=0.310 mean_cost=12.4055 (sbs=12.4072) vs_sbs=-0.01%
     VRPTW: top1=0.429 mean_cost=17.9204 (sbs=18.6571) vs_sbs=-3.95%
    OVRPTW: top1=0.490 mean_cost=10.0477 (sbs=10.0484) vs_sbs=-0.01%
     OVRPB: top1=0.558 mean_cost=6.3221 (sbs=6.3220) vs_sbs=+0.00%
     OVRPL: top1=0.360 mean_cost=7.4352 (sbs=7.4376) vs_sbs=-0.03%
     VRPBL: top1=0.532 mean_cost=9.3577 (sbs=9.3593) vs_sbs=-0.02%
    VRPBTW: top1=0.428 mean_cost=19.0794 (sbs=19.6697) vs_sbs=-3.00%
    VRPLTW: top1=0.452 mean_cost=17.6432 (sbs=18.5091) vs_sbs=-4.68%
    OVRPBL: top1=0.555 mean_cost=6.3038 (sbs=6.3103) vs_sbs=-0.10%
   OVRPBTW: top1=0.501 mean_cost=10.5080 (sbs=10.5068) vs_sbs=+0.01%
   OVRPLTW: top1=0.498 mean_cost=10.1275 (sbs=10.1272) vs_sbs=+0.00%
   VRPBLTW: top1=0.422 mean_cost=18.9738 (sbs=19.5198) vs_sbs=-2.80%
  OVRPBLTW: top1=0.478 mean_cost=10.5457 (sbs=10.5412) vs_sbs=+0.04%
[save] best_top3_safe.pt epoch=31 score=0.9203
ep032 step008650 loss=0.5168 ce=1.2004 pair=0.0566 topk_ce=0.9907 risk=0.0205 samples/s=6419 peak_GiB=17.37 time=13.1m
ep032 step008700 loss=0.5464 ce=1.2645 pair=0.0634 topk_ce=1.0547 risk=0.0203 samples/s=7861 peak_GiB=17.37 time=13.1m
ep032 step008750 loss=0.5383 ce=1.2466 pair=0.0618 topk_ce=1.0378 risk=0.0203 samples/s=8576 peak_GiB=17.37 time=13.2m
ep032 step008800 loss=0.5363 ce=1.2422 pair=0.0615 topk_ce=1.0339 risk=0.0203 samples/s=8578 peak_GiB=17.37 time=13.3m
ep032 step008850 loss=0.5362 ce=1.2418 pair=0.0615 topk_ce=1.0343 risk=0.0203 samples/s=7861 peak_GiB=17.37 time=13.3m
ep032 step008900 loss=0.5379 ce=1.2453 pair=0.0619 topk_ce=1.0382 risk=0.0202 samples/s=7871 peak_GiB=17.37 time=13.4m
[epoch done 32] loss=0.53826 lr=5e-05 updates=8906 skipped=0 grad=0.5389935374259949
[eval epoch 32] macro_top1=0.4627 top2=0.7969 top3=0.9160 vs_sbs=-0.945% vbs_closed=+24.11%
       TSP: top1=0.366 mean_cost=7.9205 (sbs=7.9578) vs_sbs=-0.47%
      CVRP: top1=0.423 mean_cost=18.2465 (sbs=18.2943) vs_sbs=-0.26%
      ATSP: top1=0.759 mean_cost=1.6394 (sbs=1.6735) vs_sbs=-2.04%
      OVRP: top1=0.325 mean_cost=7.4563 (sbs=7.4617) vs_sbs=-0.07%
      VRPB: top1=0.552 mean_cost=9.3351 (sbs=9.3403) vs_sbs=-0.06%
      VRPL: top1=0.285 mean_cost=12.4088 (sbs=12.4072) vs_sbs=+0.01%
     VRPTW: top1=0.428 mean_cost=17.9134 (sbs=18.6571) vs_sbs=-3.99%
    OVRPTW: top1=0.482 mean_cost=10.0505 (sbs=10.0484) vs_sbs=+0.02%
     OVRPB: top1=0.558 mean_cost=6.3221 (sbs=6.3220) vs_sbs=+0.00%
     OVRPL: top1=0.353 mean_cost=7.4357 (sbs=7.4376) vs_sbs=-0.03%
     VRPBL: top1=0.545 mean_cost=9.3541 (sbs=9.3593) vs_sbs=-0.06%
    VRPBTW: top1=0.416 mean_cost=19.0922 (sbs=19.6697) vs_sbs=-2.94%
    VRPLTW: top1=0.431 mean_cost=17.6659 (sbs=18.5091) vs_sbs=-4.56%
    OVRPBL: top1=0.540 mean_cost=6.3054 (sbs=6.3103) vs_sbs=-0.08%
   OVRPBTW: top1=0.507 mean_cost=10.5061 (sbs=10.5068) vs_sbs=-0.01%
   OVRPLTW: top1=0.483 mean_cost=10.1336 (sbs=10.1272) vs_sbs=+0.06%
   VRPBLTW: top1=0.404 mean_cost=18.9986 (sbs=19.5198) vs_sbs=-2.67%
  OVRPBLTW: top1=0.471 mean_cost=10.5525 (sbs=10.5412) vs_sbs=+0.11%
ep033 step008950 loss=0.5429 ce=1.2549 pair=0.0633 topk_ce=1.0538 risk=0.0199 samples/s=6230 peak_GiB=17.37 time=13.5m
ep033 step009000 loss=0.5370 ce=1.2429 pair=0.0620 topk_ce=1.0379 risk=0.0200 samples/s=8591 peak_GiB=17.37 time=13.6m
ep033 step009050 loss=0.5370 ce=1.2435 pair=0.0618 topk_ce=1.0356 risk=0.0201 samples/s=8594 peak_GiB=17.37 time=13.6m
ep033 step009100 loss=0.5386 ce=1.2468 pair=0.0623 topk_ce=1.0396 risk=0.0201 samples/s=7871 peak_GiB=17.37 time=13.7m
ep033 step009150 loss=0.5384 ce=1.2467 pair=0.0620 topk_ce=1.0389 risk=0.0201 samples/s=8594 peak_GiB=17.37 time=13.7m
[epoch done 33] loss=0.53760 lr=5e-05 updates=9176 skipped=0 grad=0.5329000949859619
[eval epoch 33] macro_top1=0.4679 top2=0.7995 top3=0.9172 vs_sbs=-0.980% vbs_closed=+25.90%
       TSP: top1=0.348 mean_cost=7.9192 (sbs=7.9578) vs_sbs=-0.48%
      CVRP: top1=0.421 mean_cost=18.2445 (sbs=18.2943) vs_sbs=-0.27%
      ATSP: top1=0.784 mean_cost=1.6352 (sbs=1.6735) vs_sbs=-2.29%
      OVRP: top1=0.319 mean_cost=7.4570 (sbs=7.4617) vs_sbs=-0.06%
      VRPB: top1=0.551 mean_cost=9.3361 (sbs=9.3403) vs_sbs=-0.04%
      VRPL: top1=0.311 mean_cost=12.4048 (sbs=12.4072) vs_sbs=-0.02%
     VRPTW: top1=0.434 mean_cost=17.9111 (sbs=18.6571) vs_sbs=-4.00%
    OVRPTW: top1=0.495 mean_cost=10.0460 (sbs=10.0484) vs_sbs=-0.02%
     OVRPB: top1=0.560 mean_cost=6.3218 (sbs=6.3220) vs_sbs=-0.00%
     OVRPL: top1=0.362 mean_cost=7.4364 (sbs=7.4376) vs_sbs=-0.02%
     VRPBL: top1=0.530 mean_cost=9.3600 (sbs=9.3593) vs_sbs=+0.01%
    VRPBTW: top1=0.423 mean_cost=19.0858 (sbs=19.6697) vs_sbs=-2.97%
    VRPLTW: top1=0.451 mean_cost=17.6487 (sbs=18.5091) vs_sbs=-4.65%
    OVRPBL: top1=0.550 mean_cost=6.3049 (sbs=6.3103) vs_sbs=-0.08%
   OVRPBTW: top1=0.502 mean_cost=10.5042 (sbs=10.5068) vs_sbs=-0.02%
   OVRPLTW: top1=0.488 mean_cost=10.1293 (sbs=10.1272) vs_sbs=+0.02%
   VRPBLTW: top1=0.410 mean_cost=18.9870 (sbs=19.5198) vs_sbs=-2.73%
  OVRPBLTW: top1=0.484 mean_cost=10.5406 (sbs=10.5412) vs_sbs=-0.01%
[save] best_cost.pt epoch=33 vs_sbs=-0.980%
ep034 step009200 loss=0.5301 ce=1.2277 pair=0.0603 topk_ce=1.0234 risk=0.0205 samples/s=6138 peak_GiB=17.37 time=13.8m
ep034 step009250 loss=0.5395 ce=1.2496 pair=0.0621 topk_ce=1.0391 risk=0.0202 samples/s=7880 peak_GiB=17.37 time=13.9m
ep034 step009300 loss=0.5375 ce=1.2444 pair=0.0619 topk_ce=1.0378 risk=0.0202 samples/s=7876 peak_GiB=17.37 time=14.0m
ep034 step009350 loss=0.5377 ce=1.2448 pair=0.0620 topk_ce=1.0374 risk=0.0202 samples/s=9446 peak_GiB=17.37 time=14.0m
ep034 step009400 loss=0.5351 ce=1.2389 pair=0.0616 topk_ce=1.0322 risk=0.0201 samples/s=7875 peak_GiB=17.37 time=14.1m
ep034 step009450 loss=0.5373 ce=1.2441 pair=0.0619 topk_ce=1.0367 risk=0.0201 samples/s=7877 peak_GiB=17.37 time=14.2m
[epoch done 34] loss=0.53734 lr=5e-05 updates=9446 skipped=0 grad=0.5420395135879517
[eval epoch 34] macro_top1=0.4686 top2=0.8012 top3=0.9201 vs_sbs=-0.980% vbs_closed=+26.46%
       TSP: top1=0.356 mean_cost=7.9191 (sbs=7.9578) vs_sbs=-0.49%
      CVRP: top1=0.443 mean_cost=18.2287 (sbs=18.2943) vs_sbs=-0.36%
      ATSP: top1=0.777 mean_cost=1.6351 (sbs=1.6735) vs_sbs=-2.30%
      OVRP: top1=0.328 mean_cost=7.4553 (sbs=7.4617) vs_sbs=-0.09%
      VRPB: top1=0.554 mean_cost=9.3351 (sbs=9.3403) vs_sbs=-0.06%
      VRPL: top1=0.315 mean_cost=12.4050 (sbs=12.4072) vs_sbs=-0.02%
     VRPTW: top1=0.430 mean_cost=17.9277 (sbs=18.6571) vs_sbs=-3.91%
    OVRPTW: top1=0.480 mean_cost=10.0485 (sbs=10.0484) vs_sbs=+0.00%
     OVRPB: top1=0.560 mean_cost=6.3218 (sbs=6.3220) vs_sbs=-0.00%
     OVRPL: top1=0.347 mean_cost=7.4384 (sbs=7.4376) vs_sbs=+0.01%
     VRPBL: top1=0.547 mean_cost=9.3531 (sbs=9.3593) vs_sbs=-0.07%
    VRPBTW: top1=0.411 mean_cost=19.0891 (sbs=19.6697) vs_sbs=-2.95%
    VRPLTW: top1=0.453 mean_cost=17.6591 (sbs=18.5091) vs_sbs=-4.59%
    OVRPBL: top1=0.547 mean_cost=6.3056 (sbs=6.3103) vs_sbs=-0.07%
   OVRPBTW: top1=0.503 mean_cost=10.5050 (sbs=10.5068) vs_sbs=-0.02%
   OVRPLTW: top1=0.494 mean_cost=10.1287 (sbs=10.1272) vs_sbs=+0.01%
   VRPBLTW: top1=0.415 mean_cost=18.9782 (sbs=19.5198) vs_sbs=-2.77%
  OVRPBLTW: top1=0.474 mean_cost=10.5444 (sbs=10.5412) vs_sbs=+0.03%
[train_eval epoch 34] macro_top1=0.4739 top2=0.8047 top3=0.9218 vs_sbs=-1.002% vbs_closed=+26.38%
       TSP: top1=0.382 mean_cost=8.0096 (sbs=8.0483) vs_sbs=-0.48%
      CVRP: top1=0.422 mean_cost=18.0141 (sbs=18.0705) vs_sbs=-0.31%
      ATSP: top1=0.756 mean_cost=1.6419 (sbs=1.6795) vs_sbs=-2.24%
      OVRP: top1=0.370 mean_cost=7.4534 (sbs=7.4591) vs_sbs=-0.08%
      VRPB: top1=0.546 mean_cost=9.3111 (sbs=9.3165) vs_sbs=-0.06%
      VRPL: top1=0.317 mean_cost=12.3942 (sbs=12.3957) vs_sbs=-0.01%
     VRPTW: top1=0.455 mean_cost=17.8284 (sbs=18.5949) vs_sbs=-4.12%
    OVRPTW: top1=0.497 mean_cost=10.1017 (sbs=10.1037) vs_sbs=-0.02%
     OVRPB: top1=0.557 mean_cost=6.3208 (sbs=6.3216) vs_sbs=-0.01%
     OVRPL: top1=0.358 mean_cost=7.4496 (sbs=7.4526) vs_sbs=-0.04%
     VRPBL: top1=0.534 mean_cost=9.3173 (sbs=9.3209) vs_sbs=-0.04%
    VRPBTW: top1=0.432 mean_cost=19.0792 (sbs=19.6924) vs_sbs=-3.11%
    VRPLTW: top1=0.448 mean_cost=17.8243 (sbs=18.6720) vs_sbs=-4.54%
    OVRPBL: top1=0.551 mean_cost=6.3064 (sbs=6.3079) vs_sbs=-0.02%
   OVRPBTW: top1=0.486 mean_cost=10.5897 (sbs=10.5894) vs_sbs=+0.00%
   OVRPLTW: top1=0.500 mean_cost=10.1117 (sbs=10.1136) vs_sbs=-0.02%
   VRPBLTW: top1=0.433 mean_cost=19.0806 (sbs=19.6661) vs_sbs=-2.98%
  OVRPBLTW: top1=0.486 mean_cost=10.5524 (sbs=10.5476) vs_sbs=+0.05%
ep035 step009500 loss=0.5350 ce=1.2389 pair=0.0614 topk_ce=1.0324 risk=0.0209 samples/s=2164 peak_GiB=17.37 time=14.4m
ep035 step009550 loss=0.5379 ce=1.2446 pair=0.0618 topk_ce=1.0413 risk=0.0200 samples/s=7876 peak_GiB=17.37 time=14.5m
ep035 step009600 loss=0.5357 ce=1.2405 pair=0.0613 topk_ce=1.0340 risk=0.0201 samples/s=8587 peak_GiB=17.37 time=14.5m
ep035 step009650 loss=0.5373 ce=1.2436 pair=0.0619 topk_ce=1.0385 risk=0.0200 samples/s=7270 peak_GiB=17.37 time=14.6m
ep035 step009700 loss=0.5365 ce=1.2421 pair=0.0618 topk_ce=1.0358 risk=0.0201 samples/s=8574 peak_GiB=17.37 time=14.7m
[epoch done 35] loss=0.53654 lr=5e-05 updates=9716 skipped=0 grad=0.5457466244697571
[eval epoch 35] macro_top1=0.4685 top2=0.8033 top3=0.9195 vs_sbs=-0.960% vbs_closed=+25.86%
       TSP: top1=0.357 mean_cost=7.9210 (sbs=7.9578) vs_sbs=-0.46%
      CVRP: top1=0.450 mean_cost=18.2258 (sbs=18.2943) vs_sbs=-0.37%
      ATSP: top1=0.774 mean_cost=1.6359 (sbs=1.6735) vs_sbs=-2.25%
      OVRP: top1=0.308 mean_cost=7.4595 (sbs=7.4617) vs_sbs=-0.03%
      VRPB: top1=0.554 mean_cost=9.3359 (sbs=9.3403) vs_sbs=-0.05%
      VRPL: top1=0.312 mean_cost=12.4043 (sbs=12.4072) vs_sbs=-0.02%
     VRPTW: top1=0.428 mean_cost=17.9417 (sbs=18.6571) vs_sbs=-3.83%
    OVRPTW: top1=0.481 mean_cost=10.0506 (sbs=10.0484) vs_sbs=+0.02%
     OVRPB: top1=0.562 mean_cost=6.3211 (sbs=6.3220) vs_sbs=-0.01%
     OVRPL: top1=0.366 mean_cost=7.4348 (sbs=7.4376) vs_sbs=-0.04%
     VRPBL: top1=0.543 mean_cost=9.3554 (sbs=9.3593) vs_sbs=-0.04%
    VRPBTW: top1=0.423 mean_cost=19.1127 (sbs=19.6697) vs_sbs=-2.83%
    VRPLTW: top1=0.449 mean_cost=17.6630 (sbs=18.5091) vs_sbs=-4.57%
    OVRPBL: top1=0.553 mean_cost=6.3050 (sbs=6.3103) vs_sbs=-0.08%
   OVRPBTW: top1=0.491 mean_cost=10.5072 (sbs=10.5068) vs_sbs=+0.00%
   OVRPLTW: top1=0.490 mean_cost=10.1275 (sbs=10.1272) vs_sbs=+0.00%
   VRPBLTW: top1=0.407 mean_cost=18.9911 (sbs=19.5198) vs_sbs=-2.71%
  OVRPBLTW: top1=0.485 mean_cost=10.5416 (sbs=10.5412) vs_sbs=+0.00%
ep036 step009750 loss=0.5332 ce=1.2348 pair=0.0616 topk_ce=1.0267 risk=0.0194 samples/s=6673 peak_GiB=17.37 time=14.7m
ep036 step009800 loss=0.5348 ce=1.2383 pair=0.0613 topk_ce=1.0331 risk=0.0197 samples/s=7885 peak_GiB=17.37 time=14.8m
ep036 step009850 loss=0.5329 ce=1.2346 pair=0.0607 topk_ce=1.0280 risk=0.0198 samples/s=7874 peak_GiB=17.37 time=14.9m
ep036 step009900 loss=0.5327 ce=1.2335 pair=0.0610 topk_ce=1.0281 risk=0.0197 samples/s=8596 peak_GiB=17.37 time=14.9m
ep036 step009950 loss=0.5324 ce=1.2331 pair=0.0609 topk_ce=1.0274 risk=0.0196 samples/s=7875 peak_GiB=17.37 time=15.0m
[epoch done 36] loss=0.53222 lr=2.5e-05 updates=9986 skipped=0 grad=0.4122396409511566
[eval epoch 36] macro_top1=0.4723 top2=0.8028 top3=0.9201 vs_sbs=-0.971% vbs_closed=+26.34%
       TSP: top1=0.359 mean_cost=7.9184 (sbs=7.9578) vs_sbs=-0.50%
      CVRP: top1=0.453 mean_cost=18.2267 (sbs=18.2943) vs_sbs=-0.37%
      ATSP: top1=0.779 mean_cost=1.6356 (sbs=1.6735) vs_sbs=-2.27%
      OVRP: top1=0.334 mean_cost=7.4550 (sbs=7.4617) vs_sbs=-0.09%
      VRPB: top1=0.552 mean_cost=9.3366 (sbs=9.3403) vs_sbs=-0.04%
      VRPL: top1=0.316 mean_cost=12.4045 (sbs=12.4072) vs_sbs=-0.02%
     VRPTW: top1=0.436 mean_cost=17.9390 (sbs=18.6571) vs_sbs=-3.85%
    OVRPTW: top1=0.486 mean_cost=10.0499 (sbs=10.0484) vs_sbs=+0.01%
     OVRPB: top1=0.553 mean_cost=6.3227 (sbs=6.3220) vs_sbs=+0.01%
     OVRPL: top1=0.370 mean_cost=7.4331 (sbs=7.4376) vs_sbs=-0.06%
     VRPBL: top1=0.539 mean_cost=9.3564 (sbs=9.3593) vs_sbs=-0.03%
    VRPBTW: top1=0.414 mean_cost=19.1094 (sbs=19.6697) vs_sbs=-2.85%
    VRPLTW: top1=0.462 mean_cost=17.6527 (sbs=18.5091) vs_sbs=-4.63%
    OVRPBL: top1=0.553 mean_cost=6.3040 (sbs=6.3103) vs_sbs=-0.10%
   OVRPBTW: top1=0.498 mean_cost=10.5091 (sbs=10.5068) vs_sbs=+0.02%
   OVRPLTW: top1=0.496 mean_cost=10.1287 (sbs=10.1272) vs_sbs=+0.01%
   VRPBLTW: top1=0.420 mean_cost=18.9792 (sbs=19.5198) vs_sbs=-2.77%
  OVRPBLTW: top1=0.482 mean_cost=10.5446 (sbs=10.5412) vs_sbs=+0.03%
[save] best.pt epoch=36 score=0.4723
[save] best_top1.pt epoch=36 top1=0.4723
ep037 step010000 loss=0.5179 ce=1.1970 pair=0.0557 topk_ce=1.0225 risk=0.0204 samples/s=6450 peak_GiB=17.37 time=15.1m
ep037 step010050 loss=0.5389 ce=1.2474 pair=0.0622 topk_ce=1.0406 risk=0.0192 samples/s=7885 peak_GiB=17.37 time=15.2m
ep037 step010100 loss=0.5331 ce=1.2343 pair=0.0610 topk_ce=1.0301 risk=0.0195 samples/s=7867 peak_GiB=17.37 time=15.2m
ep037 step010150 loss=0.5325 ce=1.2328 pair=0.0609 topk_ce=1.0291 risk=0.0195 samples/s=8585 peak_GiB=17.37 time=15.3m
ep037 step010200 loss=0.5313 ce=1.2300 pair=0.0610 topk_ce=1.0263 risk=0.0196 samples/s=7869 peak_GiB=17.37 time=15.4m
ep037 step010250 loss=0.5338 ce=1.2357 pair=0.0612 topk_ce=1.0315 risk=0.0195 samples/s=7876 peak_GiB=17.37 time=15.4m
[epoch done 37] loss=0.53188 lr=2.5e-05 updates=10256 skipped=0 grad=0.40878328680992126
[eval epoch 37] macro_top1=0.4719 top2=0.8041 top3=0.9212 vs_sbs=-0.973% vbs_closed=+26.27%
       TSP: top1=0.355 mean_cost=7.9184 (sbs=7.9578) vs_sbs=-0.50%
      CVRP: top1=0.453 mean_cost=18.2307 (sbs=18.2943) vs_sbs=-0.35%
      ATSP: top1=0.779 mean_cost=1.6356 (sbs=1.6735) vs_sbs=-2.26%
      OVRP: top1=0.329 mean_cost=7.4562 (sbs=7.4617) vs_sbs=-0.07%
      VRPB: top1=0.552 mean_cost=9.3359 (sbs=9.3403) vs_sbs=-0.05%
      VRPL: top1=0.311 mean_cost=12.4042 (sbs=12.4072) vs_sbs=-0.02%
     VRPTW: top1=0.434 mean_cost=17.9284 (sbs=18.6571) vs_sbs=-3.91%
    OVRPTW: top1=0.491 mean_cost=10.0486 (sbs=10.0484) vs_sbs=+0.00%
     OVRPB: top1=0.556 mean_cost=6.3223 (sbs=6.3220) vs_sbs=+0.01%
     OVRPL: top1=0.364 mean_cost=7.4353 (sbs=7.4376) vs_sbs=-0.03%
     VRPBL: top1=0.541 mean_cost=9.3551 (sbs=9.3593) vs_sbs=-0.04%
    VRPBTW: top1=0.411 mean_cost=19.1090 (sbs=19.6697) vs_sbs=-2.85%
    VRPLTW: top1=0.454 mean_cost=17.6475 (sbs=18.5091) vs_sbs=-4.66%
    OVRPBL: top1=0.557 mean_cost=6.3045 (sbs=6.3103) vs_sbs=-0.09%
   OVRPBTW: top1=0.501 mean_cost=10.5069 (sbs=10.5068) vs_sbs=+0.00%
   OVRPLTW: top1=0.489 mean_cost=10.1304 (sbs=10.1272) vs_sbs=+0.03%
   VRPBLTW: top1=0.426 mean_cost=18.9841 (sbs=19.5198) vs_sbs=-2.74%
  OVRPBLTW: top1=0.491 mean_cost=10.5426 (sbs=10.5412) vs_sbs=+0.01%
[save] best_top3_safe.pt epoch=37 score=0.9212
ep038 step010300 loss=0.5351 ce=1.2378 pair=0.0621 topk_ce=1.0358 risk=0.0192 samples/s=7057 peak_GiB=17.37 time=15.5m
ep038 step010350 loss=0.5314 ce=1.2299 pair=0.0610 topk_ce=1.0280 risk=0.0196 samples/s=7883 peak_GiB=17.37 time=15.6m
ep038 step010400 loss=0.5330 ce=1.2343 pair=0.0609 topk_ce=1.0287 risk=0.0198 samples/s=7883 peak_GiB=17.37 time=15.6m
ep038 step010450 loss=0.5349 ce=1.2380 pair=0.0616 topk_ce=1.0343 risk=0.0197 samples/s=7883 peak_GiB=17.37 time=15.7m
ep038 step010500 loss=0.5291 ce=1.2252 pair=0.0606 topk_ce=1.0216 risk=0.0196 samples/s=9427 peak_GiB=17.37 time=15.8m
[epoch done 38] loss=0.53167 lr=2.5e-05 updates=10526 skipped=0 grad=0.44388386607170105
[eval epoch 38] macro_top1=0.4707 top2=0.8029 top3=0.9207 vs_sbs=-0.980% vbs_closed=+26.24%
       TSP: top1=0.353 mean_cost=7.9201 (sbs=7.9578) vs_sbs=-0.47%
      CVRP: top1=0.469 mean_cost=18.2197 (sbs=18.2943) vs_sbs=-0.41%
      ATSP: top1=0.776 mean_cost=1.6365 (sbs=1.6735) vs_sbs=-2.21%
      OVRP: top1=0.337 mean_cost=7.4557 (sbs=7.4617) vs_sbs=-0.08%
      VRPB: top1=0.551 mean_cost=9.3361 (sbs=9.3403) vs_sbs=-0.05%
      VRPL: top1=0.300 mean_cost=12.4063 (sbs=12.4072) vs_sbs=-0.01%
     VRPTW: top1=0.445 mean_cost=17.9258 (sbs=18.6571) vs_sbs=-3.92%
    OVRPTW: top1=0.479 mean_cost=10.0518 (sbs=10.0484) vs_sbs=+0.03%
     OVRPB: top1=0.560 mean_cost=6.3211 (sbs=6.3220) vs_sbs=-0.01%
     OVRPL: top1=0.352 mean_cost=7.4351 (sbs=7.4376) vs_sbs=-0.03%
     VRPBL: top1=0.539 mean_cost=9.3561 (sbs=9.3593) vs_sbs=-0.03%
    VRPBTW: top1=0.428 mean_cost=19.0831 (sbs=19.6697) vs_sbs=-2.98%
    VRPLTW: top1=0.445 mean_cost=17.6466 (sbs=18.5091) vs_sbs=-4.66%
    OVRPBL: top1=0.561 mean_cost=6.3035 (sbs=6.3103) vs_sbs=-0.11%
   OVRPBTW: top1=0.499 mean_cost=10.5077 (sbs=10.5068) vs_sbs=+0.01%
   OVRPLTW: top1=0.498 mean_cost=10.1266 (sbs=10.1272) vs_sbs=-0.01%
   VRPBLTW: top1=0.420 mean_cost=18.9727 (sbs=19.5198) vs_sbs=-2.80%
  OVRPBLTW: top1=0.460 mean_cost=10.5518 (sbs=10.5412) vs_sbs=+0.10%
ep039 step010550 loss=0.5223 ce=1.2117 pair=0.0588 topk_ce=1.0024 risk=0.0192 samples/s=6235 peak_GiB=17.37 time=15.8m
ep039 step010600 loss=0.5320 ce=1.2312 pair=0.0611 topk_ce=1.0302 risk=0.0193 samples/s=7883 peak_GiB=17.37 time=15.9m
ep039 step010650 loss=0.5339 ce=1.2351 pair=0.0613 topk_ce=1.0349 risk=0.0192 samples/s=7872 peak_GiB=17.37 time=16.0m
ep039 step010700 loss=0.5288 ce=1.2246 pair=0.0602 topk_ce=1.0210 risk=0.0195 samples/s=9431 peak_GiB=17.37 time=16.0m
ep039 step010750 loss=0.5337 ce=1.2354 pair=0.0613 topk_ce=1.0314 risk=0.0194 samples/s=7276 peak_GiB=17.37 time=16.1m
ep039 step010800 loss=0.5317 ce=1.2310 pair=0.0610 topk_ce=1.0274 risk=0.0195 samples/s=8581 peak_GiB=17.37 time=16.2m
[epoch done 39] loss=0.53173 lr=2.5e-05 updates=10795 skipped=1 grad=0.47119981050491333
[eval epoch 39] macro_top1=0.4755 top2=0.8072 top3=0.9218 vs_sbs=-0.997% vbs_closed=+27.52%
       TSP: top1=0.362 mean_cost=7.9179 (sbs=7.9578) vs_sbs=-0.50%
      CVRP: top1=0.469 mean_cost=18.2186 (sbs=18.2943) vs_sbs=-0.41%
      ATSP: top1=0.774 mean_cost=1.6366 (sbs=1.6735) vs_sbs=-2.21%
      OVRP: top1=0.329 mean_cost=7.4558 (sbs=7.4617) vs_sbs=-0.08%
      VRPB: top1=0.554 mean_cost=9.3337 (sbs=9.3403) vs_sbs=-0.07%
      VRPL: top1=0.318 mean_cost=12.4040 (sbs=12.4072) vs_sbs=-0.03%
     VRPTW: top1=0.436 mean_cost=17.9049 (sbs=18.6571) vs_sbs=-4.03%
    OVRPTW: top1=0.498 mean_cost=10.0466 (sbs=10.0484) vs_sbs=-0.02%
     OVRPB: top1=0.556 mean_cost=6.3218 (sbs=6.3220) vs_sbs=-0.00%
     OVRPL: top1=0.367 mean_cost=7.4340 (sbs=7.4376) vs_sbs=-0.05%
     VRPBL: top1=0.538 mean_cost=9.3561 (sbs=9.3593) vs_sbs=-0.03%
    VRPBTW: top1=0.414 mean_cost=19.0918 (sbs=19.6697) vs_sbs=-2.94%
    VRPLTW: top1=0.466 mean_cost=17.6370 (sbs=18.5091) vs_sbs=-4.71%
    OVRPBL: top1=0.551 mean_cost=6.3055 (sbs=6.3103) vs_sbs=-0.07%
   OVRPBTW: top1=0.504 mean_cost=10.5028 (sbs=10.5068) vs_sbs=-0.04%
   OVRPLTW: top1=0.502 mean_cost=10.1280 (sbs=10.1272) vs_sbs=+0.01%
   VRPBLTW: top1=0.433 mean_cost=18.9785 (sbs=19.5198) vs_sbs=-2.77%
  OVRPBLTW: top1=0.488 mean_cost=10.5432 (sbs=10.5412) vs_sbs=+0.02%
[save] best.pt epoch=39 score=0.4755
[save] best_top1.pt epoch=39 top1=0.4755
[save] best_top3_safe.pt epoch=39 score=0.9218
[save] best_cost.pt epoch=39 vs_sbs=-0.997%
[train_eval epoch 39] macro_top1=0.4788 top2=0.8107 top3=0.9240 vs_sbs=-1.022% vbs_closed=+27.44%
       TSP: top1=0.382 mean_cost=8.0092 (sbs=8.0483) vs_sbs=-0.49%
      CVRP: top1=0.436 mean_cost=18.0078 (sbs=18.0705) vs_sbs=-0.35%
      ATSP: top1=0.750 mean_cost=1.6435 (sbs=1.6795) vs_sbs=-2.14%
      OVRP: top1=0.369 mean_cost=7.4529 (sbs=7.4591) vs_sbs=-0.08%
      VRPB: top1=0.548 mean_cost=9.3111 (sbs=9.3165) vs_sbs=-0.06%
      VRPL: top1=0.323 mean_cost=12.3935 (sbs=12.3957) vs_sbs=-0.02%
     VRPTW: top1=0.460 mean_cost=17.8067 (sbs=18.5949) vs_sbs=-4.24%
    OVRPTW: top1=0.504 mean_cost=10.0998 (sbs=10.1037) vs_sbs=-0.04%
     OVRPB: top1=0.557 mean_cost=6.3212 (sbs=6.3216) vs_sbs=-0.01%
     OVRPL: top1=0.377 mean_cost=7.4462 (sbs=7.4526) vs_sbs=-0.09%
     VRPBL: top1=0.535 mean_cost=9.3180 (sbs=9.3209) vs_sbs=-0.03%
    VRPBTW: top1=0.434 mean_cost=19.0839 (sbs=19.6924) vs_sbs=-3.09%
    VRPLTW: top1=0.461 mean_cost=17.7921 (sbs=18.6720) vs_sbs=-4.71%
    OVRPBL: top1=0.548 mean_cost=6.3079 (sbs=6.3079) vs_sbs=-0.00%
   OVRPBTW: top1=0.490 mean_cost=10.5866 (sbs=10.5894) vs_sbs=-0.03%
   OVRPLTW: top1=0.506 mean_cost=10.1104 (sbs=10.1136) vs_sbs=-0.03%
   VRPBLTW: top1=0.445 mean_cost=19.0744 (sbs=19.6661) vs_sbs=-3.01%
  OVRPBLTW: top1=0.493 mean_cost=10.5483 (sbs=10.5476) vs_sbs=+0.01%
ep040 step010850 loss=0.5279 ce=1.2209 pair=0.0613 topk_ce=1.0225 risk=0.0194 samples/s=2113 peak_GiB=17.37 time=16.4m
ep040 step010900 loss=0.5299 ce=1.2254 pair=0.0611 topk_ce=1.0289 risk=0.0194 samples/s=7870 peak_GiB=17.37 time=16.5m
ep040 step010950 loss=0.5306 ce=1.2278 pair=0.0611 topk_ce=1.0274 risk=0.0195 samples/s=7872 peak_GiB=17.37 time=16.6m
ep040 step011000 loss=0.5324 ce=1.2321 pair=0.0613 topk_ce=1.0296 risk=0.0194 samples/s=8569 peak_GiB=17.37 time=16.6m
ep040 step011050 loss=0.5322 ce=1.2315 pair=0.0612 topk_ce=1.0295 risk=0.0195 samples/s=7861 peak_GiB=17.37 time=16.7m
[epoch done 40] loss=0.53125 lr=2.5e-05 updates=11065 skipped=0 grad=0.48524489998817444
[eval epoch 40] macro_top1=0.4711 top2=0.8029 top3=0.9207 vs_sbs=-0.986% vbs_closed=+26.35%
       TSP: top1=0.360 mean_cost=7.9179 (sbs=7.9578) vs_sbs=-0.50%
      CVRP: top1=0.473 mean_cost=18.2190 (sbs=18.2943) vs_sbs=-0.41%
      ATSP: top1=0.778 mean_cost=1.6358 (sbs=1.6735) vs_sbs=-2.25%
      OVRP: top1=0.329 mean_cost=7.4562 (sbs=7.4617) vs_sbs=-0.07%
      VRPB: top1=0.557 mean_cost=9.3352 (sbs=9.3403) vs_sbs=-0.05%
      VRPL: top1=0.316 mean_cost=12.4045 (sbs=12.4072) vs_sbs=-0.02%
     VRPTW: top1=0.430 mean_cost=17.9016 (sbs=18.6571) vs_sbs=-4.05%
    OVRPTW: top1=0.484 mean_cost=10.0487 (sbs=10.0484) vs_sbs=+0.00%
     OVRPB: top1=0.554 mean_cost=6.3225 (sbs=6.3220) vs_sbs=+0.01%
     OVRPL: top1=0.362 mean_cost=7.4354 (sbs=7.4376) vs_sbs=-0.03%
     VRPBL: top1=0.545 mean_cost=9.3553 (sbs=9.3593) vs_sbs=-0.04%
    VRPBTW: top1=0.425 mean_cost=19.0777 (sbs=19.6697) vs_sbs=-3.01%
    VRPLTW: top1=0.441 mean_cost=17.6549 (sbs=18.5091) vs_sbs=-4.62%
    OVRPBL: top1=0.557 mean_cost=6.3050 (sbs=6.3103) vs_sbs=-0.08%
   OVRPBTW: top1=0.495 mean_cost=10.5090 (sbs=10.5068) vs_sbs=+0.02%
   OVRPLTW: top1=0.488 mean_cost=10.1299 (sbs=10.1272) vs_sbs=+0.03%
   VRPBLTW: top1=0.423 mean_cost=18.9764 (sbs=19.5198) vs_sbs=-2.78%
  OVRPBLTW: top1=0.463 mean_cost=10.5544 (sbs=10.5412) vs_sbs=+0.13%
ep041 step011100 loss=0.5182 ce=1.1987 pair=0.0591 topk_ce=1.0062 risk=0.0195 samples/s=6667 peak_GiB=17.37 time=16.8m
ep041 step011150 loss=0.5275 ce=1.2215 pair=0.0600 topk_ce=1.0197 risk=0.0191 samples/s=7870 peak_GiB=17.37 time=16.8m
ep041 step011200 loss=0.5296 ce=1.2258 pair=0.0610 topk_ce=1.0235 risk=0.0193 samples/s=8552 peak_GiB=17.37 time=16.9m
ep041 step011250 loss=0.5310 ce=1.2292 pair=0.0610 topk_ce=1.0263 risk=0.0194 samples/s=7855 peak_GiB=17.37 time=17.0m
ep041 step011300 loss=0.5319 ce=1.2315 pair=0.0610 topk_ce=1.0277 risk=0.0195 samples/s=8572 peak_GiB=17.37 time=17.0m
[epoch done 41] loss=0.53098 lr=2.5e-05 updates=11335 skipped=0 grad=0.49734926223754883
[eval epoch 41] macro_top1=0.4699 top2=0.8044 top3=0.9213 vs_sbs=-0.982% vbs_closed=+26.29%
       TSP: top1=0.360 mean_cost=7.9189 (sbs=7.9578) vs_sbs=-0.49%
      CVRP: top1=0.457 mean_cost=18.2222 (sbs=18.2943) vs_sbs=-0.39%
      ATSP: top1=0.776 mean_cost=1.6357 (sbs=1.6735) vs_sbs=-2.26%
      OVRP: top1=0.320 mean_cost=7.4574 (sbs=7.4617) vs_sbs=-0.06%
      VRPB: top1=0.548 mean_cost=9.3366 (sbs=9.3403) vs_sbs=-0.04%
      VRPL: top1=0.309 mean_cost=12.4046 (sbs=12.4072) vs_sbs=-0.02%
     VRPTW: top1=0.430 mean_cost=17.9137 (sbs=18.6571) vs_sbs=-3.98%
    OVRPTW: top1=0.494 mean_cost=10.0482 (sbs=10.0484) vs_sbs=-0.00%
     OVRPB: top1=0.559 mean_cost=6.3220 (sbs=6.3220) vs_sbs=+0.00%
     OVRPL: top1=0.377 mean_cost=7.4324 (sbs=7.4376) vs_sbs=-0.07%
     VRPBL: top1=0.533 mean_cost=9.3577 (sbs=9.3593) vs_sbs=-0.02%
    VRPBTW: top1=0.407 mean_cost=19.0901 (sbs=19.6697) vs_sbs=-2.95%
    VRPLTW: top1=0.443 mean_cost=17.6441 (sbs=18.5091) vs_sbs=-4.67%
    OVRPBL: top1=0.547 mean_cost=6.3059 (sbs=6.3103) vs_sbs=-0.07%
   OVRPBTW: top1=0.493 mean_cost=10.5092 (sbs=10.5068) vs_sbs=+0.02%
   OVRPLTW: top1=0.497 mean_cost=10.1287 (sbs=10.1272) vs_sbs=+0.01%
   VRPBLTW: top1=0.428 mean_cost=18.9791 (sbs=19.5198) vs_sbs=-2.77%
  OVRPBLTW: top1=0.480 mean_cost=10.5491 (sbs=10.5412) vs_sbs=+0.07%
ep042 step011350 loss=0.5820 ce=1.3422 pair=0.0715 topk_ce=1.1295 risk=0.0189 samples/s=5844 peak_GiB=17.37 time=17.1m
ep042 step011400 loss=0.5334 ce=1.2349 pair=0.0613 topk_ce=1.0304 risk=0.0196 samples/s=9423 peak_GiB=17.37 time=17.2m
ep042 step011450 loss=0.5286 ce=1.2240 pair=0.0603 topk_ce=1.0209 risk=0.0194 samples/s=7864 peak_GiB=17.37 time=17.3m
ep042 step011500 loss=0.5305 ce=1.2283 pair=0.0609 topk_ce=1.0246 risk=0.0195 samples/s=8575 peak_GiB=17.37 time=17.3m
ep042 step011550 loss=0.5281 ce=1.2231 pair=0.0604 topk_ce=1.0193 risk=0.0195 samples/s=8572 peak_GiB=17.37 time=17.4m
ep042 step011600 loss=0.5302 ce=1.2274 pair=0.0608 topk_ce=1.0254 risk=0.0195 samples/s=6751 peak_GiB=17.37 time=17.5m
[epoch done 42] loss=0.53064 lr=2.5e-05 updates=11605 skipped=0 grad=0.4814743995666504
[eval epoch 42] macro_top1=0.4729 top2=0.8063 top3=0.9211 vs_sbs=-0.986% vbs_closed=+26.71%
       TSP: top1=0.350 mean_cost=7.9179 (sbs=7.9578) vs_sbs=-0.50%
      CVRP: top1=0.449 mean_cost=18.2295 (sbs=18.2943) vs_sbs=-0.35%
      ATSP: top1=0.778 mean_cost=1.6355 (sbs=1.6735) vs_sbs=-2.27%
      OVRP: top1=0.343 mean_cost=7.4551 (sbs=7.4617) vs_sbs=-0.09%
      VRPB: top1=0.554 mean_cost=9.3353 (sbs=9.3403) vs_sbs=-0.05%
      VRPL: top1=0.319 mean_cost=12.4043 (sbs=12.4072) vs_sbs=-0.02%
     VRPTW: top1=0.432 mean_cost=17.9153 (sbs=18.6571) vs_sbs=-3.98%
    OVRPTW: top1=0.494 mean_cost=10.0467 (sbs=10.0484) vs_sbs=-0.02%
     OVRPB: top1=0.558 mean_cost=6.3221 (sbs=6.3220) vs_sbs=+0.00%
     OVRPL: top1=0.366 mean_cost=7.4340 (sbs=7.4376) vs_sbs=-0.05%
     VRPBL: top1=0.540 mean_cost=9.3567 (sbs=9.3593) vs_sbs=-0.03%
    VRPBTW: top1=0.426 mean_cost=19.0837 (sbs=19.6697) vs_sbs=-2.98%
    VRPLTW: top1=0.450 mean_cost=17.6575 (sbs=18.5091) vs_sbs=-4.60%
    OVRPBL: top1=0.554 mean_cost=6.3056 (sbs=6.3103) vs_sbs=-0.07%
   OVRPBTW: top1=0.494 mean_cost=10.5068 (sbs=10.5068) vs_sbs=+0.00%
   OVRPLTW: top1=0.494 mean_cost=10.1292 (sbs=10.1272) vs_sbs=+0.02%
   VRPBLTW: top1=0.431 mean_cost=18.9732 (sbs=19.5198) vs_sbs=-2.80%
  OVRPBLTW: top1=0.481 mean_cost=10.5462 (sbs=10.5412) vs_sbs=+0.05%
ep043 step011650 loss=0.5326 ce=1.2323 pair=0.0615 topk_ce=1.0303 risk=0.0200 samples/s=7167 peak_GiB=17.37 time=17.5m
ep043 step011700 loss=0.5305 ce=1.2275 pair=0.0612 topk_ce=1.0262 risk=0.0195 samples/s=7868 peak_GiB=17.37 time=17.6m
ep043 step011750 loss=0.5324 ce=1.2318 pair=0.0613 topk_ce=1.0314 risk=0.0196 samples/s=8571 peak_GiB=17.37 time=17.7m
ep043 step011800 loss=0.5297 ce=1.2261 pair=0.0607 topk_ce=1.0248 risk=0.0195 samples/s=7870 peak_GiB=17.37 time=17.7m
ep043 step011850 loss=0.5303 ce=1.2274 pair=0.0607 topk_ce=1.0257 risk=0.0195 samples/s=7864 peak_GiB=17.37 time=17.8m
[epoch done 43] loss=0.53048 lr=2.5e-05 updates=11875 skipped=0 grad=0.48286449909210205
[eval epoch 43] macro_top1=0.4742 top2=0.8061 top3=0.9228 vs_sbs=-0.997% vbs_closed=+27.59%
       TSP: top1=0.355 mean_cost=7.9185 (sbs=7.9578) vs_sbs=-0.49%
      CVRP: top1=0.469 mean_cost=18.2161 (sbs=18.2943) vs_sbs=-0.43%
      ATSP: top1=0.784 mean_cost=1.6350 (sbs=1.6735) vs_sbs=-2.30%
      OVRP: top1=0.322 mean_cost=7.4565 (sbs=7.4617) vs_sbs=-0.07%
      VRPB: top1=0.552 mean_cost=9.3368 (sbs=9.3403) vs_sbs=-0.04%
      VRPL: top1=0.319 mean_cost=12.4024 (sbs=12.4072) vs_sbs=-0.04%
     VRPTW: top1=0.430 mean_cost=17.9183 (sbs=18.6571) vs_sbs=-3.96%
    OVRPTW: top1=0.490 mean_cost=10.0486 (sbs=10.0484) vs_sbs=+0.00%
     OVRPB: top1=0.555 mean_cost=6.3223 (sbs=6.3220) vs_sbs=+0.00%
     OVRPL: top1=0.365 mean_cost=7.4332 (sbs=7.4376) vs_sbs=-0.06%
     VRPBL: top1=0.542 mean_cost=9.3558 (sbs=9.3593) vs_sbs=-0.04%
    VRPBTW: top1=0.425 mean_cost=19.0819 (sbs=19.6697) vs_sbs=-2.99%
    VRPLTW: top1=0.453 mean_cost=17.6509 (sbs=18.5091) vs_sbs=-4.64%
    OVRPBL: top1=0.559 mean_cost=6.3046 (sbs=6.3103) vs_sbs=-0.09%
   OVRPBTW: top1=0.504 mean_cost=10.5058 (sbs=10.5068) vs_sbs=-0.01%
   OVRPLTW: top1=0.501 mean_cost=10.1266 (sbs=10.1272) vs_sbs=-0.01%
   VRPBLTW: top1=0.419 mean_cost=18.9722 (sbs=19.5198) vs_sbs=-2.81%
  OVRPBLTW: top1=0.491 mean_cost=10.5419 (sbs=10.5412) vs_sbs=+0.01%
[save] best_top3_safe.pt epoch=43 score=0.9228
[save] best_cost.pt epoch=43 vs_sbs=-0.997%
ep044 step011900 loss=0.5500 ce=1.2721 pair=0.0645 topk_ce=1.0628 risk=0.0184 samples/s=6458 peak_GiB=17.37 time=17.9m
ep044 step011950 loss=0.5262 ce=1.2184 pair=0.0599 topk_ce=1.0180 risk=0.0195 samples/s=7874 peak_GiB=17.37 time=17.9m
ep044 step012000 loss=0.5289 ce=1.2250 pair=0.0602 topk_ce=1.0216 risk=0.0195 samples/s=8568 peak_GiB=17.37 time=18.0m
ep044 step012050 loss=0.5291 ce=1.2250 pair=0.0606 topk_ce=1.0227 risk=0.0195 samples/s=8574 peak_GiB=17.37 time=18.1m
ep044 step012100 loss=0.5311 ce=1.2292 pair=0.0610 topk_ce=1.0269 risk=0.0195 samples/s=7269 peak_GiB=17.37 time=18.1m
ep044 step012150 loss=0.5304 ce=1.2278 pair=0.0608 topk_ce=1.0253 risk=0.0195 samples/s=8569 peak_GiB=17.37 time=18.2m
[epoch done 44] loss=0.53037 lr=2.5e-05 updates=12145 skipped=0 grad=0.48678338527679443
[eval epoch 44] macro_top1=0.4726 top2=0.8030 top3=0.9202 vs_sbs=-0.963% vbs_closed=+25.75%
       TSP: top1=0.359 mean_cost=7.9179 (sbs=7.9578) vs_sbs=-0.50%
      CVRP: top1=0.457 mean_cost=18.2228 (sbs=18.2943) vs_sbs=-0.39%
      ATSP: top1=0.778 mean_cost=1.6358 (sbs=1.6735) vs_sbs=-2.25%
      OVRP: top1=0.315 mean_cost=7.4573 (sbs=7.4617) vs_sbs=-0.06%
      VRPB: top1=0.554 mean_cost=9.3357 (sbs=9.3403) vs_sbs=-0.05%
      VRPL: top1=0.319 mean_cost=12.4052 (sbs=12.4072) vs_sbs=-0.02%
     VRPTW: top1=0.434 mean_cost=17.9620 (sbs=18.6571) vs_sbs=-3.73%
    OVRPTW: top1=0.492 mean_cost=10.0481 (sbs=10.0484) vs_sbs=-0.00%
     OVRPB: top1=0.561 mean_cost=6.3224 (sbs=6.3220) vs_sbs=+0.01%
     OVRPL: top1=0.364 mean_cost=7.4354 (sbs=7.4376) vs_sbs=-0.03%
     VRPBL: top1=0.528 mean_cost=9.3613 (sbs=9.3593) vs_sbs=+0.02%
    VRPBTW: top1=0.427 mean_cost=19.0858 (sbs=19.6697) vs_sbs=-2.97%
    VRPLTW: top1=0.443 mean_cost=17.6681 (sbs=18.5091) vs_sbs=-4.54%
    OVRPBL: top1=0.557 mean_cost=6.3042 (sbs=6.3103) vs_sbs=-0.10%
   OVRPBTW: top1=0.506 mean_cost=10.5043 (sbs=10.5068) vs_sbs=-0.02%
   OVRPLTW: top1=0.498 mean_cost=10.1296 (sbs=10.1272) vs_sbs=+0.02%
   VRPBLTW: top1=0.437 mean_cost=18.9731 (sbs=19.5198) vs_sbs=-2.80%
  OVRPBLTW: top1=0.478 mean_cost=10.5483 (sbs=10.5412) vs_sbs=+0.07%
[train_eval epoch 44] macro_top1=0.4775 top2=0.8076 top3=0.9237 vs_sbs=-0.997% vbs_closed=+26.35%
       TSP: top1=0.385 mean_cost=8.0088 (sbs=8.0483) vs_sbs=-0.49%
      CVRP: top1=0.433 mean_cost=18.0096 (sbs=18.0705) vs_sbs=-0.34%
      ATSP: top1=0.757 mean_cost=1.6424 (sbs=1.6795) vs_sbs=-2.21%
      OVRP: top1=0.370 mean_cost=7.4534 (sbs=7.4591) vs_sbs=-0.08%
      VRPB: top1=0.544 mean_cost=9.3148 (sbs=9.3165) vs_sbs=-0.02%
      VRPL: top1=0.323 mean_cost=12.3938 (sbs=12.3957) vs_sbs=-0.02%
     VRPTW: top1=0.461 mean_cost=17.8416 (sbs=18.5949) vs_sbs=-4.05%
    OVRPTW: top1=0.499 mean_cost=10.1009 (sbs=10.1037) vs_sbs=-0.03%
     OVRPB: top1=0.555 mean_cost=6.3213 (sbs=6.3216) vs_sbs=-0.01%
     OVRPL: top1=0.363 mean_cost=7.4476 (sbs=7.4526) vs_sbs=-0.07%
     VRPBL: top1=0.531 mean_cost=9.3200 (sbs=9.3209) vs_sbs=-0.01%
    VRPBTW: top1=0.438 mean_cost=19.0832 (sbs=19.6924) vs_sbs=-3.09%
    VRPLTW: top1=0.457 mean_cost=17.8216 (sbs=18.6720) vs_sbs=-4.55%
    OVRPBL: top1=0.548 mean_cost=6.3076 (sbs=6.3079) vs_sbs=-0.00%
   OVRPBTW: top1=0.490 mean_cost=10.5874 (sbs=10.5894) vs_sbs=-0.02%
   OVRPLTW: top1=0.507 mean_cost=10.1101 (sbs=10.1136) vs_sbs=-0.03%
   VRPBLTW: top1=0.443 mean_cost=19.0831 (sbs=19.6661) vs_sbs=-2.96%
  OVRPBLTW: top1=0.491 mean_cost=10.5504 (sbs=10.5476) vs_sbs=+0.03%
ep045 step012200 loss=0.5348 ce=1.2361 pair=0.0623 topk_ce=1.0383 risk=0.0189 samples/s=2104 peak_GiB=17.37 time=18.5m
ep045 step012250 loss=0.5272 ce=1.2209 pair=0.0598 topk_ce=1.0194 risk=0.0192 samples/s=8577 peak_GiB=17.37 time=18.5m
ep045 step012300 loss=0.5296 ce=1.2257 pair=0.0609 topk_ce=1.0246 risk=0.0193 samples/s=7876 peak_GiB=17.37 time=18.6m
ep045 step012350 loss=0.5270 ce=1.2202 pair=0.0601 topk_ce=1.0184 risk=0.0192 samples/s=8570 peak_GiB=17.37 time=18.7m
ep045 step012400 loss=0.5277 ce=1.2218 pair=0.0603 topk_ce=1.0194 risk=0.0192 samples/s=8577 peak_GiB=17.37 time=18.7m
[epoch done 45] loss=0.52851 lr=1.3e-05 updates=12415 skipped=0 grad=0.39766570925712585
[eval epoch 45] macro_top1=0.4741 top2=0.8042 top3=0.9211 vs_sbs=-0.999% vbs_closed=+27.02%
       TSP: top1=0.364 mean_cost=7.9190 (sbs=7.9578) vs_sbs=-0.49%
      CVRP: top1=0.462 mean_cost=18.2197 (sbs=18.2943) vs_sbs=-0.41%
      ATSP: top1=0.780 mean_cost=1.6354 (sbs=1.6735) vs_sbs=-2.28%
      OVRP: top1=0.317 mean_cost=7.4568 (sbs=7.4617) vs_sbs=-0.07%
      VRPB: top1=0.549 mean_cost=9.3366 (sbs=9.3403) vs_sbs=-0.04%
      VRPL: top1=0.317 mean_cost=12.4050 (sbs=12.4072) vs_sbs=-0.02%
     VRPTW: top1=0.439 mean_cost=17.9098 (sbs=18.6571) vs_sbs=-4.01%
    OVRPTW: top1=0.487 mean_cost=10.0481 (sbs=10.0484) vs_sbs=-0.00%
     OVRPB: top1=0.562 mean_cost=6.3214 (sbs=6.3220) vs_sbs=-0.01%
     OVRPL: top1=0.367 mean_cost=7.4342 (sbs=7.4376) vs_sbs=-0.04%
     VRPBL: top1=0.531 mean_cost=9.3590 (sbs=9.3593) vs_sbs=-0.00%
    VRPBTW: top1=0.425 mean_cost=19.0855 (sbs=19.6697) vs_sbs=-2.97%
    VRPLTW: top1=0.454 mean_cost=17.6339 (sbs=18.5091) vs_sbs=-4.73%
    OVRPBL: top1=0.565 mean_cost=6.3030 (sbs=6.3103) vs_sbs=-0.11%
   OVRPBTW: top1=0.507 mean_cost=10.5043 (sbs=10.5068) vs_sbs=-0.02%
   OVRPLTW: top1=0.502 mean_cost=10.1284 (sbs=10.1272) vs_sbs=+0.01%
   VRPBLTW: top1=0.426 mean_cost=18.9654 (sbs=19.5198) vs_sbs=-2.84%
  OVRPBLTW: top1=0.480 mean_cost=10.5455 (sbs=10.5412) vs_sbs=+0.04%
[save] best_cost.pt epoch=45 vs_sbs=-0.999%
ep046 step012450 loss=0.5215 ce=1.2075 pair=0.0594 topk_ce=1.0084 risk=0.0192 samples/s=6135 peak_GiB=17.37 time=18.8m
ep046 step012500 loss=0.5301 ce=1.2271 pair=0.0612 topk_ce=1.0236 risk=0.0190 samples/s=8583 peak_GiB=17.37 time=18.9m
ep046 step012550 loss=0.5248 ce=1.2152 pair=0.0597 topk_ce=1.0150 risk=0.0191 samples/s=7890 peak_GiB=17.37 time=18.9m
ep046 step012600 loss=0.5270 ce=1.2198 pair=0.0604 topk_ce=1.0199 risk=0.0191 samples/s=7870 peak_GiB=17.37 time=19.0m
ep046 step012650 loss=0.5287 ce=1.2234 pair=0.0606 topk_ce=1.0238 risk=0.0191 samples/s=7867 peak_GiB=17.37 time=19.1m
[epoch done 46] loss=0.52808 lr=1.3e-05 updates=12685 skipped=0 grad=0.36209818720817566
[eval epoch 46] macro_top1=0.4745 top2=0.8054 top3=0.9218 vs_sbs=-0.985% vbs_closed=+26.22%
       TSP: top1=0.360 mean_cost=7.9182 (sbs=7.9578) vs_sbs=-0.50%
      CVRP: top1=0.470 mean_cost=18.2174 (sbs=18.2943) vs_sbs=-0.42%
      ATSP: top1=0.782 mean_cost=1.6353 (sbs=1.6735) vs_sbs=-2.28%
      OVRP: top1=0.326 mean_cost=7.4560 (sbs=7.4617) vs_sbs=-0.08%
      VRPB: top1=0.552 mean_cost=9.3491 (sbs=9.3403) vs_sbs=+0.09%
      VRPL: top1=0.320 mean_cost=12.4035 (sbs=12.4072) vs_sbs=-0.03%
     VRPTW: top1=0.437 mean_cost=17.9274 (sbs=18.6571) vs_sbs=-3.91%
    OVRPTW: top1=0.488 mean_cost=10.0484 (sbs=10.0484) vs_sbs=-0.00%
     OVRPB: top1=0.561 mean_cost=6.3214 (sbs=6.3220) vs_sbs=-0.01%
     OVRPL: top1=0.374 mean_cost=7.4332 (sbs=7.4376) vs_sbs=-0.06%
     VRPBL: top1=0.535 mean_cost=9.3597 (sbs=9.3593) vs_sbs=+0.00%
    VRPBTW: top1=0.423 mean_cost=19.0858 (sbs=19.6697) vs_sbs=-2.97%
    VRPLTW: top1=0.452 mean_cost=17.6436 (sbs=18.5091) vs_sbs=-4.68%
    OVRPBL: top1=0.560 mean_cost=6.3039 (sbs=6.3103) vs_sbs=-0.10%
   OVRPBTW: top1=0.499 mean_cost=10.5065 (sbs=10.5068) vs_sbs=-0.00%
   OVRPLTW: top1=0.496 mean_cost=10.1277 (sbs=10.1272) vs_sbs=+0.00%
   VRPBLTW: top1=0.422 mean_cost=18.9701 (sbs=19.5198) vs_sbs=-2.82%
  OVRPBLTW: top1=0.484 mean_cost=10.5432 (sbs=10.5412) vs_sbs=+0.02%
ep047 step012700 loss=0.4808 ce=1.1202 pair=0.0515 topk_ce=0.9106 risk=0.0215 samples/s=7168 peak_GiB=17.37 time=19.1m
ep047 step012750 loss=0.5244 ce=1.2141 pair=0.0597 topk_ce=1.0141 risk=0.0195 samples/s=7270 peak_GiB=17.37 time=19.2m
ep047 step012800 loss=0.5310 ce=1.2288 pair=0.0609 topk_ce=1.0281 risk=0.0193 samples/s=7860 peak_GiB=17.37 time=19.3m
ep047 step012850 loss=0.5286 ce=1.2238 pair=0.0604 topk_ce=1.0221 risk=0.0193 samples/s=8587 peak_GiB=17.37 time=19.3m
ep047 step012900 loss=0.5282 ce=1.2228 pair=0.0603 topk_ce=1.0217 risk=0.0192 samples/s=7867 peak_GiB=17.37 time=19.4m
ep047 step012950 loss=0.5300 ce=1.2263 pair=0.0609 topk_ce=1.0263 risk=0.0192 samples/s=7868 peak_GiB=17.37 time=19.5m
[epoch done 47] loss=0.52833 lr=1.3e-05 updates=12955 skipped=0 grad=0.38884472846984863
[eval epoch 47] macro_top1=0.4727 top2=0.8033 top3=0.9211 vs_sbs=-0.967% vbs_closed=+24.90%
       TSP: top1=0.364 mean_cost=7.9185 (sbs=7.9578) vs_sbs=-0.49%
      CVRP: top1=0.452 mean_cost=18.2291 (sbs=18.2943) vs_sbs=-0.36%
      ATSP: top1=0.782 mean_cost=1.6354 (sbs=1.6735) vs_sbs=-2.28%
      OVRP: top1=0.323 mean_cost=7.4564 (sbs=7.4617) vs_sbs=-0.07%
      VRPB: top1=0.551 mean_cost=9.3518 (sbs=9.3403) vs_sbs=+0.12%
      VRPL: top1=0.318 mean_cost=12.4033 (sbs=12.4072) vs_sbs=-0.03%
     VRPTW: top1=0.448 mean_cost=17.9244 (sbs=18.6571) vs_sbs=-3.93%
    OVRPTW: top1=0.483 mean_cost=10.0512 (sbs=10.0484) vs_sbs=+0.03%
     OVRPB: top1=0.557 mean_cost=6.3221 (sbs=6.3220) vs_sbs=+0.00%
     OVRPL: top1=0.374 mean_cost=7.4328 (sbs=7.4376) vs_sbs=-0.06%
     VRPBL: top1=0.528 mean_cost=9.3604 (sbs=9.3593) vs_sbs=+0.01%
    VRPBTW: top1=0.413 mean_cost=19.0967 (sbs=19.6697) vs_sbs=-2.91%
    VRPLTW: top1=0.452 mean_cost=17.6502 (sbs=18.5091) vs_sbs=-4.64%
    OVRPBL: top1=0.559 mean_cost=6.3046 (sbs=6.3103) vs_sbs=-0.09%
   OVRPBTW: top1=0.502 mean_cost=10.5110 (sbs=10.5068) vs_sbs=+0.04%
   OVRPLTW: top1=0.499 mean_cost=10.1275 (sbs=10.1272) vs_sbs=+0.00%
   VRPBLTW: top1=0.425 mean_cost=18.9733 (sbs=19.5198) vs_sbs=-2.80%
  OVRPBLTW: top1=0.478 mean_cost=10.5454 (sbs=10.5412) vs_sbs=+0.04%
ep048 step013000 loss=0.5289 ce=1.2233 pair=0.0609 topk_ce=1.0262 risk=0.0199 samples/s=6665 peak_GiB=17.37 time=19.6m
ep048 step013050 loss=0.5283 ce=1.2224 pair=0.0607 topk_ce=1.0236 risk=0.0193 samples/s=8590 peak_GiB=17.37 time=19.6m
ep048 step013100 loss=0.5307 ce=1.2277 pair=0.0610 topk_ce=1.0284 risk=0.0191 samples/s=7876 peak_GiB=17.37 time=19.7m
ep048 step013150 loss=0.5281 ce=1.2220 pair=0.0604 topk_ce=1.0239 risk=0.0190 samples/s=7877 peak_GiB=17.37 time=19.8m
ep048 step013200 loss=0.5283 ce=1.2228 pair=0.0605 topk_ce=1.0229 risk=0.0191 samples/s=8582 peak_GiB=17.37 time=19.8m
[epoch done 48] loss=0.52769 lr=1.3e-05 updates=13225 skipped=0 grad=0.38743454217910767
[eval epoch 48] macro_top1=0.4734 top2=0.8046 top3=0.9208 vs_sbs=-0.973% vbs_closed=+25.77%
       TSP: top1=0.353 mean_cost=7.9182 (sbs=7.9578) vs_sbs=-0.50%
      CVRP: top1=0.456 mean_cost=18.2265 (sbs=18.2943) vs_sbs=-0.37%
      ATSP: top1=0.784 mean_cost=1.6350 (sbs=1.6735) vs_sbs=-2.30%
      OVRP: top1=0.321 mean_cost=7.4569 (sbs=7.4617) vs_sbs=-0.06%
      VRPB: top1=0.550 mean_cost=9.3488 (sbs=9.3403) vs_sbs=+0.09%
      VRPL: top1=0.321 mean_cost=12.4029 (sbs=12.4072) vs_sbs=-0.04%
     VRPTW: top1=0.439 mean_cost=17.9292 (sbs=18.6571) vs_sbs=-3.90%
    OVRPTW: top1=0.491 mean_cost=10.0472 (sbs=10.0484) vs_sbs=-0.01%
     OVRPB: top1=0.555 mean_cost=6.3223 (sbs=6.3220) vs_sbs=+0.01%
     OVRPL: top1=0.376 mean_cost=7.4326 (sbs=7.4376) vs_sbs=-0.07%
     VRPBL: top1=0.536 mean_cost=9.3598 (sbs=9.3593) vs_sbs=+0.01%
    VRPBTW: top1=0.416 mean_cost=19.1052 (sbs=19.6697) vs_sbs=-2.87%
    VRPLTW: top1=0.457 mean_cost=17.6483 (sbs=18.5091) vs_sbs=-4.65%
    OVRPBL: top1=0.561 mean_cost=6.3043 (sbs=6.3103) vs_sbs=-0.09%
   OVRPBTW: top1=0.501 mean_cost=10.5060 (sbs=10.5068) vs_sbs=-0.01%
   OVRPLTW: top1=0.503 mean_cost=10.1278 (sbs=10.1272) vs_sbs=+0.01%
   VRPBLTW: top1=0.419 mean_cost=18.9792 (sbs=19.5198) vs_sbs=-2.77%
  OVRPBLTW: top1=0.482 mean_cost=10.5433 (sbs=10.5412) vs_sbs=+0.02%
ep049 step013250 loss=0.5275 ce=1.2230 pair=0.0593 topk_ce=1.0161 risk=0.0200 samples/s=6670 peak_GiB=17.37 time=19.9m
ep049 step013300 loss=0.5282 ce=1.2225 pair=0.0604 topk_ce=1.0226 risk=0.0192 samples/s=7877 peak_GiB=17.37 time=20.0m
ep049 step013350 loss=0.5266 ce=1.2185 pair=0.0604 topk_ce=1.0203 risk=0.0192 samples/s=8582 peak_GiB=17.37 time=20.0m
ep049 step013400 loss=0.5263 ce=1.2175 pair=0.0606 topk_ce=1.0206 risk=0.0189 samples/s=7844 peak_GiB=17.37 time=20.1m
ep049 step013450 loss=0.5268 ce=1.2192 pair=0.0604 topk_ce=1.0197 risk=0.0191 samples/s=8569 peak_GiB=17.37 time=20.2m
ep049 step013500 loss=0.5275 ce=1.2209 pair=0.0604 topk_ce=1.0213 risk=0.0191 samples/s=7868 peak_GiB=17.37 time=20.2m
[epoch done 49] loss=0.52752 lr=1.3e-05 updates=13495 skipped=0 grad=0.41873282194137573
[eval epoch 49] macro_top1=0.4728 top2=0.8036 top3=0.9212 vs_sbs=-0.981% vbs_closed=+25.67%
       TSP: top1=0.359 mean_cost=7.9179 (sbs=7.9578) vs_sbs=-0.50%
      CVRP: top1=0.465 mean_cost=18.2185 (sbs=18.2943) vs_sbs=-0.41%
      ATSP: top1=0.779 mean_cost=1.6354 (sbs=1.6735) vs_sbs=-2.28%
      OVRP: top1=0.330 mean_cost=7.4558 (sbs=7.4617) vs_sbs=-0.08%
      VRPB: top1=0.550 mean_cost=9.3495 (sbs=9.3403) vs_sbs=+0.10%
      VRPL: top1=0.318 mean_cost=12.4037 (sbs=12.4072) vs_sbs=-0.03%
     VRPTW: top1=0.443 mean_cost=17.9131 (sbs=18.6571) vs_sbs=-3.99%
    OVRPTW: top1=0.486 mean_cost=10.0502 (sbs=10.0484) vs_sbs=+0.02%
     OVRPB: top1=0.560 mean_cost=6.3213 (sbs=6.3220) vs_sbs=-0.01%
     OVRPL: top1=0.360 mean_cost=7.4345 (sbs=7.4376) vs_sbs=-0.04%
     VRPBL: top1=0.535 mean_cost=9.3611 (sbs=9.3593) vs_sbs=+0.02%
    VRPBTW: top1=0.411 mean_cost=19.0896 (sbs=19.6697) vs_sbs=-2.95%
    VRPLTW: top1=0.453 mean_cost=17.6473 (sbs=18.5091) vs_sbs=-4.66%
    OVRPBL: top1=0.557 mean_cost=6.3047 (sbs=6.3103) vs_sbs=-0.09%
   OVRPBTW: top1=0.501 mean_cost=10.5083 (sbs=10.5068) vs_sbs=+0.01%
   OVRPLTW: top1=0.500 mean_cost=10.1273 (sbs=10.1272) vs_sbs=+0.00%
   VRPBLTW: top1=0.422 mean_cost=18.9732 (sbs=19.5198) vs_sbs=-2.80%
  OVRPBLTW: top1=0.482 mean_cost=10.5442 (sbs=10.5412) vs_sbs=+0.03%
[train_eval epoch 49] macro_top1=0.4786 top2=0.8086 top3=0.9251 vs_sbs=-1.018% vbs_closed=+26.35%
       TSP: top1=0.383 mean_cost=8.0091 (sbs=8.0483) vs_sbs=-0.49%
      CVRP: top1=0.443 mean_cost=18.0067 (sbs=18.0705) vs_sbs=-0.35%
      ATSP: top1=0.759 mean_cost=1.6420 (sbs=1.6795) vs_sbs=-2.23%
      OVRP: top1=0.371 mean_cost=7.4526 (sbs=7.4591) vs_sbs=-0.09%
      VRPB: top1=0.542 mean_cost=9.3233 (sbs=9.3165) vs_sbs=+0.07%
      VRPL: top1=0.323 mean_cost=12.3928 (sbs=12.3957) vs_sbs=-0.02%
     VRPTW: top1=0.465 mean_cost=17.8152 (sbs=18.5949) vs_sbs=-4.19%
    OVRPTW: top1=0.497 mean_cost=10.1019 (sbs=10.1037) vs_sbs=-0.02%
     OVRPB: top1=0.555 mean_cost=6.3210 (sbs=6.3216) vs_sbs=-0.01%
     OVRPL: top1=0.375 mean_cost=7.4462 (sbs=7.4526) vs_sbs=-0.09%
     VRPBL: top1=0.531 mean_cost=9.3207 (sbs=9.3209) vs_sbs=-0.00%
    VRPBTW: top1=0.434 mean_cost=19.0790 (sbs=19.6924) vs_sbs=-3.11%
    VRPLTW: top1=0.461 mean_cost=17.7868 (sbs=18.6720) vs_sbs=-4.74%
    OVRPBL: top1=0.550 mean_cost=6.3068 (sbs=6.3079) vs_sbs=-0.02%
   OVRPBTW: top1=0.485 mean_cost=10.5901 (sbs=10.5894) vs_sbs=+0.01%
   OVRPLTW: top1=0.504 mean_cost=10.1107 (sbs=10.1136) vs_sbs=-0.03%
   VRPBLTW: top1=0.447 mean_cost=19.0667 (sbs=19.6661) vs_sbs=-3.05%
  OVRPBLTW: top1=0.489 mean_cost=10.5519 (sbs=10.5476) vs_sbs=+0.04%
[early stop] epoch=49 stale_evals=10 successful_updates=13495
[done] validation-selected checkpoints saved; test deferred until experiment selection
wandb:                                                                                
wandb: 
wandb: Run history:
wandb:                                  epoch ▁▁▁▁▁▂▂▂▂▃▃▃▃▃▃▃▄▄▄▄▅▅▅▅▅▅▅▆▆▆▆▆▆▆▆▇▇▇▇█
wandb:                         epoch_train/ce █▆▄▄▄▃▃▃▃▃▂▂▂▂▂▂▂▂▂▂▁▁▁▁▁▁▁▁▁▁▁▁▁▁▁▁▁▁▁▁
wandb:                  epoch_train/grad_norm █▅▄▄▃▄▅▅▄▄▄▄▁▂▃▃▄▄▄▄▃▃▄▅▆▆▆▆▆▃▄▅▅▅▅▅▃▂▃▃
wandb:                       epoch_train/loss █▅▄▄▃▃▃▃▃▂▂▂▂▂▂▂▂▂▂▂▁▁▁▁▁▁▁▁▁▁▁▁▁▁▁▁▁▁▁▁
wandb:                       epoch_train/pair █▆▄▄▃▃▃▂▂▂▂▁▁▁▁▁▁▁▁▁▁▁▁▁▁▁▁▁▁▁▁▁▁▁▁▁▁▁▁▁
wandb:                       epoch_train/risk █▄▄▃▃▂▂▂▂▂▂▁▁▁▁▁▁▁▁▁▁▁▁▁▁▁▁▁▁▁▁▁▁▁▁▁▁▁▁▁
wandb:            epoch_train/skipped_updates ▁▁▁▁▁▁▁▁▁▁▁▁▁▁▁▁▁█▁▁▁▁▁▁█▁▁▁▁▁▁█▁▁▁▁▁▁▁▁
wandb:                    epoch_train/topk_ce █▆▄▄▃▃▃▃▂▂▂▂▂▂▂▂▂▂▂▂▁▁▁▁▁▁▁▁▁▁▁▁▁▁▁▁▁▁▁▁
wandb:                    gpu/peak_memory_gib ▁███████████████████████████████████████
wandb:                  speed/samples_per_sec ▆▅▇▆▆▇▇▆▆▆▇▅▇▆▁▇█▇▇▆▇▅█▅▇▆▇▆▇▇▅▇▇▇▇▆▇▅▇▇
wandb:                        train/amp_scale ▁▁▁▁▁▁▁▁▁▁▁▁█████████████▁▁▁▁▁█▁▁▁▁▁▁███
wandb:                               train/ce █▇▆▆▅▅▄▄▄▄▃▃▅▃▃▃▂▂▂▃▂▃▂▂▂▂▂▂▂▂▂▁▅▂▂▁▂▂▂▂
wandb:                             train/loss █▇▄▄▄▃▃▃▃▃▂▂▂▂▂▂▂▂▂▂▂▂▂▂▂▁▂▂▂▁▁▂▁▁▁▁▁▁▁▁
wandb:                               train/lr ▃▃▆▆▆██████████▄▄▄▄▂▂▂▂▂▂▂▂▂▂▂▁▁▁▁▁▁▁▁▁▁
wandb:                             train/pair █▅▄▄▄▄▃▃▃▂▂▁▂▁▂▁▁▁▁▁▁▁▁▁▁▁▁▁▁▁▁▁▁▁▁▁▁▁▁▁
wandb:                             train/risk █▅▄▄▄▄▃▂▃▂▂▂▂▂▂▁▁▁▁▁▁▁▂▁▁▁▁▁▁▁▁▁▁▁▁▁▁▁▁▁
wandb:               train/successful_updates ▁▁▁▁▂▂▂▂▂▂▃▃▃▃▃▄▄▄▄▄▅▅▅▅▅▆▆▆▆▆▆▇▇▇▇▇▇███
wandb:                          train/topk_ce █▇▅▅▄▃▃▂▂▂▂▂▂▂▂▂▂▁▂▂▂▂▂▂▂▂▂▂▂▂▂▂▂▂▂▂▂▂▂▂
wandb:                     train_eval/ATSP/ce █▂▂▂▁▁▁▁▁▁
wandb:              train_eval/ATSP/mean_cost █▂▇█▂▁▁▂▁▁
wandb:                      train_eval/ATSP/n ▁▁▁▁▁▁▁▁▁▁
wandb:                    train_eval/ATSP/sbs ▁▁▁▁▁▁▁▁▁▁
wandb:              train_eval/ATSP/std_final ▁▃▅▆▆▇▇███
wandb:                   train_eval/ATSP/top1 ▁▇▆▆██████
wandb:         train_eval/ATSP/top1_tie_aware ▁▇▆▆██████
wandb:                   train_eval/ATSP/top2 ▁█████████
wandb:                   train_eval/ATSP/top3 ▁█████████
wandb:                    train_eval/ATSP/vbs ▁▁▁▁▁▁▁▁▁▁
wandb:     train_eval/ATSP/vbs_gap_closed_pct ▁▇▂▁▇██▇██
wandb:             train_eval/ATSP/vs_sbs_pct █▂▇█▂▁▁▂▁▁
wandb:                     train_eval/CVRP/ce █▇▇▅▄▅▂▁▂▁
wandb:              train_eval/CVRP/mean_cost █▆▆▆▃▄▁▁▁▁
wandb:                      train_eval/CVRP/n ▁▁▁▁▁▁▁▁▁▁
wandb:                    train_eval/CVRP/sbs ▁▁▁▁▁▁▁▁▁▁
wandb:              train_eval/CVRP/std_final ▁▃▄▆▆▆▅█▇█
wandb:                   train_eval/CVRP/top1 ▁▃▄▄▆▅▇███
wandb:         train_eval/CVRP/top1_tie_aware ▁▃▄▄▆▅▇███
wandb:                   train_eval/CVRP/top2 ▁▃▄▅▆▅▇███
wandb:                   train_eval/CVRP/top3 ▁▃▃▄▅▅▇███
wandb:                    train_eval/CVRP/vbs ▁▁▁▁▁▁▁▁▁▁
wandb:     train_eval/CVRP/vbs_gap_closed_pct ▁▃▃▃▆▅████
wandb:             train_eval/CVRP/vs_sbs_pct █▆▆▆▃▄▁▁▁▁
wandb:                     train_eval/OVRP/ce ▅█▃▂▂▂▁▁▁▁
wandb:              train_eval/OVRP/mean_cost ▅▃█▂▂▂▁▁▁▁
wandb:                      train_eval/OVRP/n ▁▁▁▁▁▁▁▁▁▁
wandb:                    train_eval/OVRP/sbs ▁▁▁▁▁▁▁▁▁▁
wandb:              train_eval/OVRP/std_final ▁▂▆▇▅▆▇███
wandb:                   train_eval/OVRP/top1 ▁▃▂▆▇▇████
wandb:         train_eval/OVRP/top1_tie_aware ▁▃▂▆▇▇████
wandb:                   train_eval/OVRP/top2 ▅▄▁▅█▆▇█▇█
wandb:                   train_eval/OVRP/top3 █▁███▇▆▃▅▅
wandb:                    train_eval/OVRP/vbs ▁▁▁▁▁▁▁▁▁▁
wandb:     train_eval/OVRP/vbs_gap_closed_pct ▄▆▁▇▇▇████
wandb:             train_eval/OVRP/vs_sbs_pct ▅▃█▂▂▂▁▁▁▁
wandb:                    train_eval/OVRPB/ce █▄▂▆▂▄▂▁▁▂
wandb:             train_eval/OVRPB/mean_cost █▁▁▁▁▁▂▂▂▂
wandb:                     train_eval/OVRPB/n ▁▁▁▁▁▁▁▁▁▁
wandb:                   train_eval/OVRPB/sbs ▁▁▁▁▁▁▁▁▁▁
wandb:             train_eval/OVRPB/std_final ▁▂▃▄▅▄▅█▇█
wandb:                  train_eval/OVRPB/top1 ▁▇█▇████▇▇
wandb:        train_eval/OVRPB/top1_tie_aware ▁▇█▇████▇▇
wandb:                  train_eval/OVRPB/top2 ▃▃▁▃▃▆▁▃██
wandb:                  train_eval/OVRPB/top3 ▁▃▆▆▆▆▇███
wandb:                   train_eval/OVRPB/vbs ▁▁▁▁▁▁▁▁▁▁
wandb:    train_eval/OVRPB/vbs_gap_closed_pct ▁█████▇▇▇▇
wandb:            train_eval/OVRPB/vs_sbs_pct █▁▁▁▁▁▂▂▂▂
wandb:                   train_eval/OVRPBL/ce █▅▂█▂▃▃▁▂▁
wandb:            train_eval/OVRPBL/mean_cost █▂▁▁▁▂▁▂▂▁
wandb:                    train_eval/OVRPBL/n ▁▁▁▁▁▁▁▁▁▁
wandb:                  train_eval/OVRPBL/sbs ▁▁▁▁▁▁▁▁▁▁
wandb:            train_eval/OVRPBL/std_final ▁▄▄▆▆▅▅█▇█
wandb:                 train_eval/OVRPBL/top1 ▁████▇█▇▇█
wandb:       train_eval/OVRPBL/top1_tie_aware ▁████▇█▇▇█
wandb:                 train_eval/OVRPBL/top2 ███▁█▇▆▇▅▄
wandb:                 train_eval/OVRPBL/top3 ▁▂▅▆▇▇████
wandb:                  train_eval/OVRPBL/vbs ▁▁▁▁▁▁▁▁▁▁
wandb:   train_eval/OVRPBL/vbs_gap_closed_pct ▁▇███▇█▇▇█
wandb:           train_eval/OVRPBL/vs_sbs_pct █▂▁▁▁▂▁▂▂▁
wandb:                 train_eval/OVRPBLTW/ce █▂▃▆▃▂▃▁▂▂
wandb:          train_eval/OVRPBLTW/mean_cost ▆▁▂█▄▅▇▄▅▆
wandb:                  train_eval/OVRPBLTW/n ▁▁▁▁▁▁▁▁▁▁
wandb:                train_eval/OVRPBLTW/sbs ▁▁▁▁▁▁▁▁▁▁
wandb:          train_eval/OVRPBLTW/std_final ▁▃▄▆▆▅▆█▇█
wandb:               train_eval/OVRPBLTW/top1 ▃██▁▆▅▄▇▆▅
wandb:     train_eval/OVRPBLTW/top1_tie_aware ▃██▁▆▅▄▇▆▅
wandb:               train_eval/OVRPBLTW/top2 ██▆▁▃▄▁▄▃▃
wandb:               train_eval/OVRPBLTW/top3 ▃▂▁▄▅▆▅▇██
wandb:                train_eval/OVRPBLTW/vbs ▁▁▁▁▁▁▁▁▁▁
wandb: train_eval/OVRPBLTW/vbs_gap_closed_pct ▃█▇▁▅▄▂▅▄▃
wandb:         train_eval/OVRPBLTW/vs_sbs_pct ▆▁▂█▄▅▇▄▅▆
wandb:                  train_eval/OVRPBTW/ce █▃▅▄▃▂▃▁▂▂
wandb:           train_eval/OVRPBTW/mean_cost █▃▃▃▁▃▅▂▃▅
wandb:                   train_eval/OVRPBTW/n ▁▁▁▁▁▁▁▁▁▁
wandb:                 train_eval/OVRPBTW/sbs ▁▁▁▁▁▁▁▁▁▁
wandb:           train_eval/OVRPBTW/std_final ▁▂▄▅▆▅▆█▇▇
wandb:                train_eval/OVRPBTW/top1 ▁▅▄▆█▇▆██▆
wandb:      train_eval/OVRPBTW/top1_tie_aware ▁▅▄▆█▇▆██▆
wandb:                train_eval/OVRPBTW/top2 ██▅▂▄▂▁▃▂▁
wandb:                train_eval/OVRPBTW/top3 ▁▃▄██▄▇▇▇█
wandb:                 train_eval/OVRPBTW/vbs ▁▁▁▁▁▁▁▁▁▁
wandb:  train_eval/OVRPBTW/vbs_gap_closed_pct ▁▆▆▆█▆▄▇▆▄
wandb:          train_eval/OVRPBTW/vs_sbs_pct █▃▃▃▁▃▅▂▃▅
wandb:                    train_eval/OVRPL/ce ▄█▃▂▂▂▁▁▁▁
wandb:             train_eval/OVRPL/mean_cost █▄▇▃▂▃▃▁▂▁
wandb:                     train_eval/OVRPL/n ▁▁▁▁▁▁▁▁▁▁
wandb:                   train_eval/OVRPL/sbs ▁▁▁▁▁▁▁▁▁▁
wandb:             train_eval/OVRPL/std_final ▁▁▆▇▅▆███▇
wandb:                  train_eval/OVRPL/top1 ▂▁▂▅▅▅▅█▆█
wandb:        train_eval/OVRPL/top1_tie_aware ▁▁▂▅▅▅▅█▆█
wandb:                  train_eval/OVRPL/top2 ▃▃▁▃▇▅▅█▆█
wandb:                  train_eval/OVRPL/top3 ▇▇▇▇▄▅█▁▆▅
wandb:                   train_eval/OVRPL/vbs ▁▁▁▁▁▁▁▁▁▁
wandb:    train_eval/OVRPL/vbs_gap_closed_pct ▁▅▂▆▇▆▆█▇█
wandb:            train_eval/OVRPL/vs_sbs_pct █▄▇▃▂▃▃▁▂▁
wandb:                  train_eval/OVRPLTW/ce █▂▅▇▄▃▄▁▂▂
wandb:           train_eval/OVRPLTW/mean_cost █▂▁▃▂▁▂▁▁▁
wandb:                   train_eval/OVRPLTW/n ▁▁▁▁▁▁▁▁▁▁
wandb:                 train_eval/OVRPLTW/sbs ▁▁▁▁▁▁▁▁▁▁
wandb:           train_eval/OVRPLTW/std_final ▁▃▄▆▆▆▆█▇█
wandb:                train_eval/OVRPLTW/top1 ▁▆▆▆▇▇▆██▇
wandb:      train_eval/OVRPLTW/top1_tie_aware ▁▆▆▆▇▇▆██▇
wandb:                train_eval/OVRPLTW/top2 ██▇▁▂▃▂▃▂▂
wandb:                train_eval/OVRPLTW/top3 ▄▁▅▅▇▆▇█▇▇
wandb:                 train_eval/OVRPLTW/vbs ▁▁▁▁▁▁▁▁▁▁
wandb:  train_eval/OVRPLTW/vbs_gap_closed_pct ▁▇█▆▇█▇███
wandb:          train_eval/OVRPLTW/vs_sbs_pct █▂▁▃▂▁▂▁▁▁
wandb:                   train_eval/OVRPTW/ce █▂▆▅▄▂▄▁▂▂
wandb:            train_eval/OVRPTW/mean_cost █▆▂▂▁▃▄▂▃▅
wandb:                    train_eval/OVRPTW/n ▁▁▁▁▁▁▁▁▁▁
wandb:                  train_eval/OVRPTW/sbs ▁▁▁▁▁▁▁▁▁▁
wandb:            train_eval/OVRPTW/std_final ▁▂▄▅▆▅▆█▇█
wandb:                 train_eval/OVRPTW/top1 ▁▃▆██▆▅▇▅▅
wandb:       train_eval/OVRPTW/top1_tie_aware ▁▃▆██▆▅▇▅▅
wandb:                 train_eval/OVRPTW/top2 ██▆▄▃▁▁▂▁▁
wandb:                 train_eval/OVRPTW/top3 ▂▁▂▁█▇▇█▇█
wandb:                  train_eval/OVRPTW/vbs ▁▁▁▁▁▁▁▁▁▁
wandb:   train_eval/OVRPTW/vbs_gap_closed_pct ▁▃▇▇█▆▅▇▆▄
wandb:           train_eval/OVRPTW/vs_sbs_pct █▆▂▂▁▃▄▂▃▅
wandb:                      train_eval/TSP/ce █▇▄▃▂▃▂▁▁▁
wandb:               train_eval/TSP/mean_cost █▃▂▁▁▁▁▁▁▁
wandb:                       train_eval/TSP/n ▁▁▁▁▁▁▁▁▁▁
wandb:                     train_eval/TSP/sbs ▁▁▁▁▁▁▁▁▁▁
wandb:               train_eval/TSP/std_final ▁▆▅▆▇▄▇█▇█
wandb:                    train_eval/TSP/top1 ▁▄▆▇▇▇████
wandb:          train_eval/TSP/top1_tie_aware ▁▄▆▇▇▇████
wandb:                    train_eval/TSP/top2 ▁▂▆▆▇▇████
wandb:                    train_eval/TSP/top3 ▁▃▆▇▇▇████
wandb:                     train_eval/TSP/vbs ▁▁▁▁▁▁▁▁▁▁
wandb:      train_eval/TSP/vbs_gap_closed_pct ▁▆▇███████
wandb:              train_eval/TSP/vs_sbs_pct █▃▂▁▁▁▁▁▁▁
wandb:                     train_eval/VRPB/ce █▇▃▆▃▄▂▁▂▂
wandb:              train_eval/VRPB/mean_cost ▇▁▁▂▁▂▁▁▃█
wandb:                      train_eval/VRPB/n ▁▁▁▁▁▁▁▁▁▁
wandb:                    train_eval/VRPB/sbs ▁▁▁▁▁▁▁▁▁▁
wandb:              train_eval/VRPB/std_final ▁▃▅▆▆▆▆███
wandb:                   train_eval/VRPB/top1 ▁▆▇▆▇▆▇█▇▆
wandb:         train_eval/VRPB/top1_tie_aware ▁▆▇▆▇▆▇█▇▆
wandb:                   train_eval/VRPB/top2 ██▆▂▆▁▄▄▁▂
wandb:                   train_eval/VRPB/top3 ▁▂▃▂▅▄▇▇██
wandb:                    train_eval/VRPB/vbs ▁▁▁▁▁▁▁▁▁▁
wandb:     train_eval/VRPB/vbs_gap_closed_pct ▂██▇█▇██▆▁
wandb:             train_eval/VRPB/vs_sbs_pct ▇▁▁▂▁▂▁▁▃█
wandb:                    train_eval/VRPBL/ce █▇▃▇▂▃▂▁▂▂
wandb:             train_eval/VRPBL/mean_cost █▁▁▂▁▁▁▁▂▂
wandb:                     train_eval/VRPBL/n ▁▁▁▁▁▁▁▁▁▁
wandb:                   train_eval/VRPBL/sbs ▁▁▁▁▁▁▁▁▁▁
wandb:             train_eval/VRPBL/std_final ▁▄▅▆▇▆▆███
wandb:                  train_eval/VRPBL/top1 ▁▇▇▇▇▇██▇▇
wandb:        train_eval/VRPBL/top1_tie_aware ▁▇▇▇▇▇██▇▇
wandb:                  train_eval/VRPBL/top2 ██▇▁▆▄▅▆▅▅
wandb:                  train_eval/VRPBL/top3 ▁▂▂▆▇▄▆▆█▇
wandb:                   train_eval/VRPBL/vbs ▁▁▁▁▁▁▁▁▁▁
wandb:    train_eval/VRPBL/vbs_gap_closed_pct ▁██▇████▇▇
wandb:            train_eval/VRPBL/vs_sbs_pct █▁▁▂▁▁▁▁▂▂
wandb:                  train_eval/VRPBLTW/ce █▅▂▄▂▂▁▁▁▁
wandb:           train_eval/VRPBLTW/mean_cost █▃▁▃▁▁▁▁▁▁
wandb:                   train_eval/VRPBLTW/n ▁▁▁▁▁▁▁▁▁▁
wandb:                 train_eval/VRPBLTW/sbs ▁▁▁▁▁▁▁▁▁▁
wandb:           train_eval/VRPBLTW/std_final ▁▅▆▇▇▆▇█▇█
wandb:                train_eval/VRPBLTW/top1 ▁▄▆▅▇▇▇███
wandb:      train_eval/VRPBLTW/top1_tie_aware ▁▄▆▅▇▇▇███
wandb:                train_eval/VRPBLTW/top2 ▁▁▆▃▇▇▇███
wandb:                train_eval/VRPBLTW/top3 ▁▅▇▅▇▇████
wandb:                 train_eval/VRPBLTW/vbs ▁▁▁▁▁▁▁▁▁▁
wandb:  train_eval/VRPBLTW/vbs_gap_closed_pct ▁▆█▆██████
wandb:          train_eval/VRPBLTW/vs_sbs_pct █▃▁▃▁▁▁▁▁▁
wandb:                   train_eval/VRPBTW/ce █▄▂▄▂▂▁▁▁▁
wandb:            train_eval/VRPBTW/mean_cost █▂▂▃▁▁▁▁▁▁
wandb:                    train_eval/VRPBTW/n ▁▁▁▁▁▁▁▁▁▁
wandb:                  train_eval/VRPBTW/sbs ▁▁▁▁▁▁▁▁▁▁
wandb:            train_eval/VRPBTW/std_final ▁▄▅▇▆▆▆█▇▇
wandb:                 train_eval/VRPBTW/top1 ▁▄▄▄▇▇▇███
wandb:       train_eval/VRPBTW/top1_tie_aware ▁▄▄▄▇▇▇███
wandb:                 train_eval/VRPBTW/top2 ▁▆▆▄▇█████
wandb:                 train_eval/VRPBTW/top3 ▁▅▇▅▇▇████
wandb:                  train_eval/VRPBTW/vbs ▁▁▁▁▁▁▁▁▁▁
wandb:   train_eval/VRPBTW/vbs_gap_closed_pct ▁▇▇▆██████
wandb:           train_eval/VRPBTW/vs_sbs_pct █▂▂▃▁▁▁▁▁▁
wandb:                     train_eval/VRPL/ce █▇▄▃▃▂▂▁▁▁
wandb:              train_eval/VRPL/mean_cost █▄▂▇▂▁▃▂▃▁
wandb:                      train_eval/VRPL/n ▁▁▁▁▁▁▁▁▁▁
wandb:                    train_eval/VRPL/sbs ▁▁▁▁▁▁▁▁▁▁
wandb:              train_eval/VRPL/std_final ▁▂▄▆▄▆████
wandb:                   train_eval/VRPL/top1 ▁▃▆▅▇▇▇███
wandb:         train_eval/VRPL/top1_tie_aware ▁▃▆▅▇▇▇███
wandb:                   train_eval/VRPL/top2 ▅▁▄▃▇▇▇███
wandb:                   train_eval/VRPL/top3 ▁▁▅▅▇▇▇▇▇█
wandb:                    train_eval/VRPL/vbs ▁▁▁▁▁▁▁▁▁▁
wandb:     train_eval/VRPL/vbs_gap_closed_pct ▁▅▇▂▇█▆▇▆█
wandb:             train_eval/VRPL/vs_sbs_pct █▄▂▇▂▁▃▂▃▁
wandb:                   train_eval/VRPLTW/ce █▇▃▄▂▂▁▁▁▁
wandb:            train_eval/VRPLTW/mean_cost █▃▃▂▂▂▁▁▁▁
wandb:                    train_eval/VRPLTW/n ▁▁▁▁▁▁▁▁▁▁
wandb:                  train_eval/VRPLTW/sbs ▁▁▁▁▁▁▁▁▁▁
wandb:            train_eval/VRPLTW/std_final ▁▅▅▇▆▆▇█▇█
wandb:                 train_eval/VRPLTW/top1 ▁▂▅▄▇▇▇███
wandb:       train_eval/VRPLTW/top1_tie_aware ▁▂▅▄▇▇▇███
wandb:                 train_eval/VRPLTW/top2 ▁▃▆▄▇▇████
wandb:                 train_eval/VRPLTW/top3 ▁▄▇▆██████
wandb:                  train_eval/VRPLTW/vbs ▁▁▁▁▁▁▁▁▁▁
wandb:   train_eval/VRPLTW/vbs_gap_closed_pct ▁▆▆▇▇▇████
wandb:           train_eval/VRPLTW/vs_sbs_pct █▃▃▂▂▂▁▁▁▁
wandb:                    train_eval/VRPTW/ce █▆▃▃▂▂▂▁▁▁
wandb:             train_eval/VRPTW/mean_cost █▃▃▂▂▂▁▁▂▁
wandb:                     train_eval/VRPTW/n ▁▁▁▁▁▁▁▁▁▁
wandb:                   train_eval/VRPTW/sbs ▁▁▁▁▁▁▁▁▁▁
wandb:             train_eval/VRPTW/std_final ▁▄▄▆▆▆▇█▇█
wandb:                  train_eval/VRPTW/top1 ▁▃▆▅▇▇████
wandb:        train_eval/VRPTW/top1_tie_aware ▁▃▆▅▇▇████
wandb:                  train_eval/VRPTW/top2 ▁▃▆▆▇█████
wandb:                  train_eval/VRPTW/top3 ▁▃▇▆█▇████
wandb:                   train_eval/VRPTW/vbs ▁▁▁▁▁▁▁▁▁▁
wandb:    train_eval/VRPTW/vbs_gap_closed_pct ▁▆▆▇▇▇██▇█
wandb:            train_eval/VRPTW/vs_sbs_pct █▃▃▂▂▂▁▁▂▁
wandb:                    train_eval/macro_ce █▅▃▄▂▂▂▁▁▁
wandb:                  train_eval/macro_top1 ▁▄▅▅▇▇████
wandb:        train_eval/macro_top1_tie_aware ▁▄▅▅▇▇████
wandb:                  train_eval/macro_top2 ▁▄▆▄▇▇▇███
wandb:                  train_eval/macro_top3 ▁▄▆▆▇▇████
wandb:    train_eval/macro_vbs_gap_closed_pct ▁▆▆▆▇▇████
wandb:            train_eval/macro_vs_sbs_pct █▃▃▃▁▂▁▁▁▁
wandb:                            val/ATSP/ce ██▄▅▆▄▂▁▂▃▃▁▁▁▁▂▁▁▂▁▁▁▁▂▁▁▁▁▁▁▁▁▁▁▁▁▁▁▁▁
wandb:                     val/ATSP/mean_cost █▅▂▂▃▃▂▁▁▂▂▃▂▁▁▃▂▁▄▁▁▁▂▁▁▂▁▁▁▁▁▁▁▁▁▁▁▁▁▁
wandb:                             val/ATSP/n ▁▁▁▁▁▁▁▁▁▁▁▁▁▁▁▁▁▁▁▁▁▁▁▁▁▁▁▁▁▁▁▁▁▁▁▁▁▁▁▁
wandb:                           val/ATSP/sbs ▁▁▁▁▁▁▁▁▁▁▁▁▁▁▁▁▁▁▁▁▁▁▁▁▁▁▁▁▁▁▁▁▁▁▁▁▁▁▁▁
wandb:                     val/ATSP/std_final ▁▁▃▂▄▅▄▅▅▆▆▆▇▇▇▇▇▇▇▇▇▇▇█▇██▇▇███████████
wandb:                          val/ATSP/top1 ▁▃▆▆▃▆▄▇▇▇▆▅▇███▇█▆████▇██▇█████████████
wandb:                val/ATSP/top1_tie_aware ▁▂▆▆▃▆▄▇▇▇▆▅▇███▆▇▆████▇██▇█████████████
wandb:                          val/ATSP/top2 ▂▂▇▃▁▇▅███▇▆████████████████████████████
wandb:                          val/ATSP/top3 ▁▆██▅█▇████▇████████████████████████████
wandb:                           val/ATSP/vbs ▁▁▁▁▁▁▁▁▁▁▁▁▁▁▁▁▁▁▁▁▁▁▁▁▁▁▁▁▁▁▁▁▁▁▁▁▁▁▁▁
wandb:            val/ATSP/vbs_gap_closed_pct ▁▄▇▆▇▇███▇▇▆▇██▆█▅████▇██▇██████████████
wandb:                    val/ATSP/vs_sbs_pct █▅▂▂▃▃▂▁▁▁▂▃▂▁▁▂▁▄▁▁▁▁▂▁▁▂▁▁▁▁▁▁▁▁▁▁▁▁▁▁
wandb:                            val/CVRP/ce ▇█▅▅▄▄▄▄▄▃▄▃▃▄▄▃▄▃▃▃▂▂▂▂▃▂▂▂▂▁▁▁▁▁▁▁▁▁▁▁
wandb:                     val/CVRP/mean_cost ▂█▄▄▃▃▄▃▃▃▂▃▂▂▃▂▂▃▂▂▁▁▂▁▂▁▁▁▁▁▁▁▁▁▁▁▁▁▁▁
wandb:                             val/CVRP/n ▁▁▁▁▁▁▁▁▁▁▁▁▁▁▁▁▁▁▁▁▁▁▁▁▁▁▁▁▁▁▁▁▁▁▁▁▁▁▁▁
wandb:                           val/CVRP/sbs ▁▁▁▁▁▁▁▁▁▁▁▁▁▁▁▁▁▁▁▁▁▁▁▁▁▁▁▁▁▁▁▁▁▁▁▁▁▁▁▁
wandb:                     val/CVRP/std_final ▁▁▄▃▆▅▄▄▆▆▅▇▇▆█▇█▇▇▇████▇███▇███████████
wandb:                          val/CVRP/top1 ▁▂▂▄▄▅▄▄▅▅▅▅▅▄▅▄▆▅▅▇▇▆▇▆▇▇▇▇▇█████▇█████
wandb:                val/CVRP/top1_tie_aware ▂▁▃▂▄▄▅▄▄▅▄▅▅▅▄▄▆▅▅▇▇▆▇▆▇▇▇▇▇█████▇█████
wandb:                          val/CVRP/top2 ▁▃▃▃▅▄▅▄▄▅▄▅▆▅▄▆▅▆▆▅▇▇▆▇▆▇▆▇████████████
wandb:                          val/CVRP/top3 ▃▁▅▄▅▆▅▆▆▆▆▆▆▆▆▆▆▆▆▆▇▇▇▇▇▇█▇▇███████████
wandb:                           val/CVRP/vbs ▁▁▁▁▁▁▁▁▁▁▁▁▁▁▁▁▁▁▁▁▁▁▁▁▁▁▁▁▁▁▁▁▁▁▁▁▁▁▁▁
wandb:            val/CVRP/vbs_gap_closed_pct ▇▁▅▅▆▆▅▆▆▆▇▆▇▇▆▇▇▆▇▆▇█▇█▇███████████████
wandb:                    val/CVRP/vs_sbs_pct ▂█▄▃▄▄▃▃▃▂▃▂▂▃▃▂▃▂▂▃▁▁▂▁▂▁▁▁▁▁▁▁▁▁▁▁▁▁▁▁
wandb:                            val/OVRP/ce █▂▂▂▂▁▁▂▂▁▂▁▁▁▁▁▁▁▁▁▁▁▁▁▁▁▁▁▁▁▁▁▁▁▁▁▁▁▁▁
wandb:                     val/OVRP/mean_cost █▁▂▂▁▂▂▂▁▂▁▂▁▁▁▁▁▁▁▁▁▁▁▁▁▁▁▁▁▁▁▁▁▁▁▁▁▁▁▁
wandb:                             val/OVRP/n ▁▁▁▁▁▁▁▁▁▁▁▁▁▁▁▁▁▁▁▁▁▁▁▁▁▁▁▁▁▁▁▁▁▁▁▁▁▁▁▁
wandb:                           val/OVRP/sbs ▁▁▁▁▁▁▁▁▁▁▁▁▁▁▁▁▁▁▁▁▁▁▁▁▁▁▁▁▁▁▁▁▁▁▁▁▁▁▁▁
wandb:                     val/OVRP/std_final ▂▁▂▂▂▄▃▃▂▅▆▅▅▄▆▄▅▇▆▅▇▆▆▆▇▆▇▇▆▇▇▇▇▇██▇▇▇▇
wandb:                          val/OVRP/top1 ▃▁▆▃▃▂▅▆▄▂▆▂▆▅▆▆▇▂▅▄█▄▅▅▇▅▆▅▇▄▇█▇▇▅▆▅▆▆▇
wandb:                val/OVRP/top1_tie_aware ▁▇▇█▇▇▇▇▇▇▇▇▇▇▇▇▇█▇▇█▇▇▇█▇█▇█▇███▇█▇▇█▇█
wandb:                          val/OVRP/top2 ▁█████████▇██████▇█████▇▇███████████████
wandb:                          val/OVRP/top3 ▁███████████████████████████████████████
wandb:                           val/OVRP/vbs ▁▁▁▁▁▁▁▁▁▁▁▁▁▁▁▁▁▁▁▁▁▁▁▁▁▁▁▁▁▁▁▁▁▁▁▁▁▁▁▁
wandb:            val/OVRP/vbs_gap_closed_pct ▅▂▂▅▅▁▂▆▅▂▆▁▆▅▅▆▆▄▆▅█▇▇▇█▇▇█▆███▇▇█▇▇▇▇█
wandb:                    val/OVRP/vs_sbs_pct █▁▂▂▁▂▂▁▁▂▁▂▁▁▁▁▁▁▁▁▁▁▁▁▁▁▁▁▁▁▁▁▁▁▁▁▁▁▁▁
wandb:                           val/OVRPB/ce █▃▃▂▃▂▁▂▂▂▂▁▂▂▂▂▂▂▁▁▁▁▂▁▂▂▂▁▁▂▁▁▁▁▁▁▁▁▂▁
wandb:                    val/OVRPB/mean_cost ▃▃▃▅█▂▇▃▂▅▃▃▂▃▄▃▂▅▃▃▅▁▂▂▁▃▂▂▁▄▁▂▃▃▃▃▂▂▃▁
wandb:                            val/OVRPB/n ▁▁▁▁▁▁▁▁▁▁▁▁▁▁▁▁▁▁▁▁▁▁▁▁▁▁▁▁▁▁▁▁▁▁▁▁▁▁▁▁
wandb:                          val/OVRPB/sbs ▁▁▁▁▁▁▁▁▁▁▁▁▁▁▁▁▁▁▁▁▁▁▁▁▁▁▁▁▁▁▁▁▁▁▁▁▁▁▁▁
wandb:                    val/OVRPB/std_final ▁▃▅▅▆▆▅▆▆▆▆▆▆▆▇▇█▇▇▇▇▇▇▇▆███▇▇██████████
wandb:                         val/OVRPB/top1 ▅▅▅▃▇▆▁█▆▇▇▆▆▇▆▅▇▆▅▆▆▅▇█▇▇▇████▇▆▇▇███▇█
wandb:               val/OVRPB/top1_tie_aware ▅▅▅▃▇▁█▆▇▇▆▇▆▆▆▇▆▅▆▆▅▇█▇█▇███▆█▇▆▇▇███▇█
wandb:                         val/OVRPB/top2 ███████████▅▅████████████████████▁▅▅▅▅▅▅
wandb:                         val/OVRPB/top3 ▁▆█▇█▇▇▇▇▇▇▇▇▇▇▆▇▇▇▇▆▆▆▇▇▇▆▇▆▇▇▇▇▇▇▇▇▇▇▇
wandb:                          val/OVRPB/vbs ▁▁▁▁▁▁▁▁▁▁▁▁▁▁▁▁▁▁▁▁▁▁▁▁▁▁▁▁▁▁▁▁▁▁▁▁▁▁▁▁
wandb:           val/OVRPB/vbs_gap_closed_pct ▆▆▆▄▁▇▂▆▇▄▆▆▆▅▇▆▇▄▆▆▄█▇▇█▆▇▇█▅█▇▆▆▆▆▇▇▆█
wandb:                   val/OVRPB/vs_sbs_pct ▄▄▄▆█▃▇▁▄▃▃▄▄▃▄▄▄▄▄▆▄▆▆▃▃▃▄▄▄▄▄▃▄▄▄▄▃▃▄▃
wandb:                          val/OVRPBL/ce █▂▂▂▂▁▂▂▂▂▁▂▁▁▁▂▂▁▁▁▁▂▁▂▁▁▁▁▁▁▁▁▁▁▁▁▁▁▁▁
wandb:                   val/OVRPBL/mean_cost ▃▃▃▃█▃▃▄▃▃▃▃▂▂▃▃▃▂▃▃▂▂▂▂▂▁▂▂▂▂▁▁▂▂▂▁▁▁▂▂
wandb:                           val/OVRPBL/n ▁▁▁▁▁▁▁▁▁▁▁▁▁▁▁▁▁▁▁▁▁▁▁▁▁▁▁▁▁▁▁▁▁▁▁▁▁▁▁▁
wandb:                         val/OVRPBL/sbs ▁▁▁▁▁▁▁▁▁▁▁▁▁▁▁▁▁▁▁▁▁▁▁▁▁▁▁▁▁▁▁▁▁▁▁▁▁▁▁▁
wandb:                   val/OVRPBL/std_final ▁▃▆▅▅▅▅▆▆▆▆▆▆▆▆▆▇▇▆▇▇▇▇▇█▇██▇▇██████████
wandb:                        val/OVRPBL/top1 ▇▇▇▇▁▇▅▅▄▅▅▅▅▅▅▅▄▅▅▆▆▆▆▆▆▆▇▆▇▇█▇▇▆▇▇██▇▇
wandb:              val/OVRPBL/top1_tie_aware ▇▇▇▁▅▅▅▄▅▄▅▅▅▅▄▅▄▅▅▅▆▆▆▆▆▇▆▇▆▇█▇▇▆▇▇██▇▇
wandb:                        val/OVRPBL/top2 ██████████████████████▆█▆▁▃▆▆▃▁█▁█▆▁▁▁▁▃
wandb:                        val/OVRPBL/top3 ▁▆▄▇▆▆▇▇▆▆▇▇█▇█▇▇▆▇█▇▇▇▇█▇▆▆▇▇▇▇▇▇▇▇▇▇▇▇
wandb:                         val/OVRPBL/vbs ▁▁▁▁▁▁▁▁▁▁▁▁▁▁▁▁▁▁▁▁▁▁▁▁▁▁▁▁▁▁▁▁▁▁▁▁▁▁▁▁
wandb:          val/OVRPBL/vbs_gap_closed_pct ▆▆▆▆▁▆▆▅▆▆▆▆▇▇▆▆▆▆▇▆▇▇▇▇▇▇█▇▇▇██▇▇▇▇███▇
wandb:                  val/OVRPBL/vs_sbs_pct ▃▃▃█▄▃▄▃▃▄▂▂▃▃▃▃▂▃▃▂▂▂▂▂▂▂▂▂▂▁▁▂▂▂▂▁▁▁▂▂
wandb:                        val/OVRPBLTW/ce █▃▃▃▂▁▁▁▂▁▂▁▁▁▁▂▂▁▁▁▁▁▁▁▁▂▁▁▁▁▁▁▁▁▁▁▁▁▁▁
wandb:                 val/OVRPBLTW/mean_cost ▃▄▄▃▃▁▁▂▁▃▃▃▂▃▂▄▁▂▂▄▅▂▁▄▂▇▃▅▄▅▇▄█▆▅▆▅▄▅▄
wandb:                         val/OVRPBLTW/n ▁▁▁▁▁▁▁▁▁▁▁▁▁▁▁▁▁▁▁▁▁▁▁▁▁▁▁▁▁▁▁▁▁▁▁▁▁▁▁▁
wandb:                       val/OVRPBLTW/sbs ▁▁▁▁▁▁▁▁▁▁▁▁▁▁▁▁▁▁▁▁▁▁▁▁▁▁▁▁▁▁▁▁▁▁▁▁▁▁▁▁
wandb:                 val/OVRPBLTW/std_final ▁▃▄▄▅▄▅▅▆▆▆▆▆▇▇▇▇▆▇▇▇▇█▇▇██▇████████████
wandb:                      val/OVRPBLTW/top1 ▃▃█▃█▄▇▆▇▅▆█▅▆▇▇▃▆▇█▄▅▇█▆▃▅▃▅▄▁▅▁▄▄▄▄▅▄▄
wandb:            val/OVRPBLTW/top1_tie_aware ▃▃█▃█▄▇▆▇▅▆█▅▆▇▃▆▇█▆▅▄█▆▇▃▅▃▅▄▁▅▁▄▄▄▄▅▄▄
wandb:                      val/OVRPBLTW/top2 ██████████▅█▇█▇▇▁▅▇▇▃▆▃▇▄▂▁▃▃▄▄▃▅▁▄▅▃▄▂▃
wandb:                      val/OVRPBLTW/top3 ████████████▁███████████████████████████
wandb:                       val/OVRPBLTW/vbs ▁▁▁▁▁▁▁▁▁▁▁▁▁▁▁▁▁▁▁▁▁▁▁▁▁▁▁▁▁▁▁▁▁▁▁▁▁▁▁▁
wandb:        val/OVRPBLTW/vbs_gap_closed_pct ▅▅▄▅▅▆▇▆▇▇▆█▆▆▇▇▄▄▇▇▅▅▄▇▇▇▄▂▆▅▅▂▅▁▃▅▃▄▅▅
wandb:                val/OVRPBLTW/vs_sbs_pct ▃▄▄▄▃▃▁▂▁▃▃▃▂▃▂▄▁▂▂▄▅▂▁▄▂▇▃▅▄▅▇▄█▆▅▆▅▄▅▄
wandb:                         val/OVRPBTW/ce █▂▃▃▂▁▁▁▁▂▂▂▂▁▁▁▂▂▁▁▁▁▁▁▁▁▁▁▁▁▁▁▁▁▁▁▁▁▂▁
wandb:                  val/OVRPBTW/mean_cost ▃▃█▃▃▂▃▂▂▂▁▁▂▁▁▂▁▃▂▂▂▂▂▂▂▃▃▃▃▃▃▂▃▃▃▃▃▃▄▃
wandb:                          val/OVRPBTW/n ▁▁▁▁▁▁▁▁▁▁▁▁▁▁▁▁▁▁▁▁▁▁▁▁▁▁▁▁▁▁▁▁▁▁▁▁▁▁▁▁
wandb:                        val/OVRPBTW/sbs ▁▁▁▁▁▁▁▁▁▁▁▁▁▁▁▁▁▁▁▁▁▁▁▁▁▁▁▁▁▁▁▁▁▁▁▁▁▁▁▁
wandb:                  val/OVRPBTW/std_final ▁▃▄▄▅▅▄▆▅▆▆▆▆▆▇▇▇▇▇▇▇▇▇▇▇██▇▇███████████
wandb:                       val/OVRPBTW/top1 ▁▁▁▁▁▅▅▅▄▆█▆▆▇▆▆▇▄▆▆█▅▆▆▆▆▆▆▅▅▆▆▅▅▅▆▆▆▆▆
wandb:             val/OVRPBTW/top1_tie_aware ▁▁▁▁▅▃▅▅▅▄▅█▆▆▇▇▆▄▆▆█▆▅▆▆▆▆▆▆▅▆▆▆▅▅▆▆▆▆▆
wandb:                       val/OVRPBTW/top2 ██████████▆█▇▇▇▇▇▇▅▄▃▄▅▃▄▃▃▃▃▃▂▃▂▂▃▃▂▄▁▂
wandb:                       val/OVRPBTW/top3 █████▆█▁███▆▆▆█▆█▆▆▆▆▆▆▆▆▆▆▆▆▆▆▆▆▆▆▆▆▆▆▆
wandb:                        val/OVRPBTW/vbs ▁▁▁▁▁▁▁▁▁▁▁▁▁▁▁▁▁▁▁▁▁▁▁▁▁▁▁▁▁▁▁▁▁▁▁▁▁▁▁▁
wandb:         val/OVRPBTW/vbs_gap_closed_pct ▆▆▁▆▆▇▆▆▇▇▇██▇█▇█▆▇▇▇▇▇▇▇▆▆▆▆▆▆▇▆▆▆▆▆▆▅▆
wandb:                 val/OVRPBTW/vs_sbs_pct ▃▃█▃▃▂▃▂▂▂▁▁▂▁▁▂▁▃▂▂▂▂▂▂▂▃▃▃▃▃▃▂▃▃▃▃▃▃▄▃
wandb:                           val/OVRPL/ce █▂▂▂▂▂▂▂▂▂▂▁▁▁▂▁▂▁▁▁▁▁▁▁▁▁▁▁▁▁▁▁▁▁▁▁▁▁▁▁
wandb:                    val/OVRPL/mean_cost █▁▂▂▂▂▂▂▁▁▁▂▁▁▁▁▁▁▁▁▁▁▁▁▁▁▁▁▁▁▁▁▁▁▁▁▁▁▁▁
wandb:                            val/OVRPL/n ▁▁▁▁▁▁▁▁▁▁▁▁▁▁▁▁▁▁▁▁▁▁▁▁▁▁▁▁▁▁▁▁▁▁▁▁▁▁▁▁
wandb:                          val/OVRPL/sbs ▁▁▁▁▁▁▁▁▁▁▁▁▁▁▁▁▁▁▁▁▁▁▁▁▁▁▁▁▁▁▁▁▁▁▁▁▁▁▁▁
wandb:                    val/OVRPL/std_final ▁▃▃▅▄▅▅▅▄▃▅▄▇▆▆▇▇▅█▇▇█▇▇▇▇▆▇█▇█▇███▇█▇█▇
wandb:                         val/OVRPL/top1 ▁▇▇▇▇▇▇▇▇▇▇▇████▇█▇█▇█████▇█▇█▇█████████
wandb:               val/OVRPL/top1_tie_aware ▁▇▇▇▇▇▇▇▇▇▇▇▇██▇███▇█▇███▇███▇██▇███████
wandb:                         val/OVRPL/top2 ▁███████████████████████████████████████
wandb:                         val/OVRPL/top3 ▁███████████████████████████████████████
wandb:                          val/OVRPL/vbs ▁▁▁▁▁▁▁▁▁▁▁▁▁▁▁▁▁▁▁▁▁▁▁▁▁▁▁▁▁▁▁▁▁▁▁▁▁▁▁▁
wandb:           val/OVRPL/vbs_gap_closed_pct ▁█▇▇▇▇▇▇██▇█▇███████████████████████████
wandb:                   val/OVRPL/vs_sbs_pct █▁▂▂▂▂▂▂▁▁▁▂▁▁▁▁▁▁▁▁▁▁▁▁▁▁▁▁▁▁▁▁▁▁▁▁▁▁▁▁
wandb:                         val/OVRPLTW/ce █▂▃▃▂▁▁▁▁▂▂▂▁▁▁▁▂▂▁▁▁▁▁▁▁▁▁▂▁▁▁▁▁▁▁▁▁▁▁▁
wandb:                  val/OVRPLTW/mean_cost ▁▂█▁▆▁▃▂▃▂▂▂▃▂▂▃▃▂▂▂▁▂▂▂▁▂▄▂▂▂▂▁▂▂▂▁▂▂▂▁
wandb:                          val/OVRPLTW/n ▁▁▁▁▁▁▁▁▁▁▁▁▁▁▁▁▁▁▁▁▁▁▁▁▁▁▁▁▁▁▁▁▁▁▁▁▁▁▁▁
wandb:                        val/OVRPLTW/sbs ▁▁▁▁▁▁▁▁▁▁▁▁▁▁▁▁▁▁▁▁▁▁▁▁▁▁▁▁▁▁▁▁▁▁▁▁▁▁▁▁
wandb:                  val/OVRPLTW/std_final ▁▃▄▄▅▄▅▅▆▅▆▆▆▆▆▆▇▇▇▇▇▇▇▇▇██▇████████████
wandb:                       val/OVRPLTW/top1 ▇▆▁▇▃▇▆▆▄▆▆▆▅▆▆▆▅▆▆▇▆▆▆▇█▆▆▇▆▇▇█▆▇▇▇█▇██
wandb:             val/OVRPLTW/top1_tie_aware ▇▇▁▇▃▇▆▆▄▆▆▆▅▆▆▆▅▆▆▇▇█▆▆▇▇▆▆▇▆▆█▆▇▇▇█▇██
wandb:                       val/OVRPLTW/top2 ███████████▆█▇█▃▇▆▆▆▅▃▆▅▅▁▅▄▅▃▃▆▃▄▅▄▄▅▄▄
wandb:                       val/OVRPLTW/top3 ▆▆▆█▆█▆▃▁████████████▆█▆▆██▆████████████
wandb:                        val/OVRPLTW/vbs ▁▁▁▁▁▁▁▁▁▁▁▁▁▁▁▁▁▁▁▁▁▁▁▁▁▁▁▁▁▁▁▁▁▁▁▁▁▁▁▁
wandb:         val/OVRPLTW/vbs_gap_closed_pct █▇▁▃█▆▇▇▇▇▇▇▇▇▇▆▇▇██▇▇▇██▆▇▇█▇██▇▇▇▇▇███
wandb:                 val/OVRPLTW/vs_sbs_pct ▁▂█▁▁▃▂▂▂▂▂▂▂▂▂▃▂▂▁▁▂▂▂▁▁▃▂▂▁▂▁▁▂▂▂▂▂▁▁▁
wandb:                          val/OVRPTW/ce █▂▃▃▂▁▁▁▂▁▁▁▁▁▁▂▁▁▁▁▁▁▁▁▁▁▁▁▁▁▁▁▁▁▁▁▁▁▁▁
wandb:                   val/OVRPTW/mean_cost ▂▂█▃▃▃▁▁▂▁▁▂▂▂▃▃▃▂▁▂▂▃▂▂▃▂▂▂▃▃▃▄▂▂▂▂▂▂▃▃
wandb:                           val/OVRPTW/n ▁▁▁▁▁▁▁▁▁▁▁▁▁▁▁▁▁▁▁▁▁▁▁▁▁▁▁▁▁▁▁▁▁▁▁▁▁▁▁▁
wandb:                         val/OVRPTW/sbs ▁▁▁▁▁▁▁▁▁▁▁▁▁▁▁▁▁▁▁▁▁▁▁▁▁▁▁▁▁▁▁▁▁▁▁▁▁▁▁▁
wandb:                   val/OVRPTW/std_final ▁▃▄▄▅▄▅▄▅▅▆▆▆▆▆▆▇▇▇▇▇▇▇▇▇▇███▇██████████
wandb:                        val/OVRPTW/top1 ▄▅▁▃▅▃▇▄▅▆▅▅▆▆▅▄▆█▅▅▅▆▅▆▇▅▇▄▄▅▄▇▅▆▆▆▅▅▅▅
wandb:              val/OVRPTW/top1_tie_aware ▄▅▁▃▅▃▆▇▅▆▅▅▆▆▅▄▆█▇▅▅▅▆▅▆▆▅▇▄▄▆▄▇▅▆▆▅▅▅▅
wandb:                        val/OVRPTW/top2 ██████████▇█▆██▇▆▇▅▇▅▂▆▃▅▁▄▂▂▁▃▃▂▂▃▃▂▃▂▂
wandb:                        val/OVRPTW/top3 ▁▁▁▁▁▁▁▁▁▁▁▁███▁▁▁▁█████████████████████
wandb:                         val/OVRPTW/vbs ▁▁▁▁▁▁▁▁▁▁▁▁▁▁▁▁▁▁▁▁▁▁▁▁▁▁▁▁▁▁▁▁▁▁▁▁▁▁▁▁
wandb:          val/OVRPTW/vbs_gap_closed_pct ▇▇▁▆▆▆██▇█▇▇▇▆▇▆▇█▇▇▆▇▇▆▇▇▆▇▆▆▆▅▇▆▇▆▇▇▆▆
wandb:                  val/OVRPTW/vs_sbs_pct ▂▂█▃▃▃▁▁▂▁▁▂▂▂▃▃▂▁▂▂▃▂▂▃▂▂▂▃▃▃▄▂▃▂▂▂▂▂▃▃
wandb:                             val/TSP/ce ██▅▅▄▃▄▃▄▃▂▃▃▃▂▂▂▂▂▂▂▂▁▁▂▁▁▂▁▁▁▁▁▁▁▁▁▁▁▁
wandb:                      val/TSP/mean_cost █▇▇▇▅▂▃▂▂▂▂▂▂▃▂▂▁▁▁▁▁▁▁▁▁▁▁▁▁▁▁▁▁▁▁▁▁▁▁▁
wandb:                              val/TSP/n ▁▁▁▁▁▁▁▁▁▁▁▁▁▁▁▁▁▁▁▁▁▁▁▁▁▁▁▁▁▁▁▁▁▁▁▁▁▁▁▁
wandb:                            val/TSP/sbs ▁▁▁▁▁▁▁▁▁▁▁▁▁▁▁▁▁▁▁▁▁▁▁▁▁▁▁▁▁▁▁▁▁▁▁▁▁▁▁▁
wandb:                      val/TSP/std_final ▁▁▂▃▄▄▄▇▆▇▅▆▆▆▇▇▇▇▇▆▇█▇█▆█▇▇▇██████▇████
wandb:                           val/TSP/top1 ▅▁▅▅▅▆▅▇▆▆▇▇▇▇▇▇██▇▇█▇▇█▇██▇███▇████████
wandb:                 val/TSP/top1_tie_aware ▅▁▅▅▅▆▅▇▆▇▇▇▇▇▇▇██▇██▇██▇█▇███████▇█████
wandb:                           val/TSP/top2 ▁▁▃▄▄▅▄▆▅▆▇▅▆▆▇▇▇▇▇▇▇▇▇▇██▇▇██████▇▇████
wandb:                           val/TSP/top3 ▁▁▄▅▅▆▅▆▆▇▇▆▇▆▇█▇▇▇▇▇▇█▇▇██▇██▇█████████
wandb:                            val/TSP/vbs ▁▁▁▁▁▁▁▁▁▁▁▁▁▁▁▁▁▁▁▁▁▁▁▁▁▁▁▁▁▁▁▁▁▁▁▁▁▁▁▁
wandb:             val/TSP/vbs_gap_closed_pct ▁▂▂▂▂▇▆▇▆▇▇▅▇▇▇█▇███████████████████████
wandb:                     val/TSP/vs_sbs_pct █▇▇▇▇▂▃▂▃▂▂▄▂▂▂▂▁▂▁▁▁▁▁▁▁▁▁▁▁▁▁▁▁▁▁▁▁▁▁▁
wandb:                            val/VRPB/ce █▃▃▂▃▂▂▂▂▂▂▂▁▂▂▂▂▁▁▁▁▁▁▁▂▂▁▁▁▁▁▁▁▁▁▁▁▁▂▁
wandb:                     val/VRPB/mean_cost ▄▄▄▄▆▃▂▁▁▁▃▁▂▁▃▂▂▂▂▁▂▂▁▁▂▂▂▂▂▂▂▁▂▂▂▂▂▇█▇
wandb:                             val/VRPB/n ▁▁▁▁▁▁▁▁▁▁▁▁▁▁▁▁▁▁▁▁▁▁▁▁▁▁▁▁▁▁▁▁▁▁▁▁▁▁▁▁
wandb:                           val/VRPB/sbs ▁▁▁▁▁▁▁▁▁▁▁▁▁▁▁▁▁▁▁▁▁▁▁▁▁▁▁▁▁▁▁▁▁▁▁▁▁▁▁▁
wandb:                     val/VRPB/std_final ▁▃▄▄▅▅▅▆▆▆▆▆▆▆▇▇▇▇▇▇▇▇▇▇▇███▇███████████
wandb:                          val/VRPB/top1 ▁▁▁▆▅▅▇▇█▇█▇▇▇▇▇███████▇▇▇▇██▇▇██▇██▇▇▇▇
wandb:                val/VRPB/top1_tie_aware ▁▁▁▁▆▂▅▇██▆█▆▇▆▇▇█▇█▇███▇▇▇▇▇▇▇▇█▇▇▇▇▇▇▇
wandb:                          val/VRPB/top2 ███████████▇█▆█▂▃██▂▄▃▄▄▁▂▂▅▄▂▄▅▃▁▅▂▄▂▂▂
wandb:                          val/VRPB/top3 ▁▇▇▇▇▇▇▇▇█▇▇██▇█████████████████████████
wandb:                           val/VRPB/vbs ▁▁▁▁▁▁▁▁▁▁▁▁▁▁▁▁▁▁▁▁▁▁▁▁▁▁▁▁▁▁▁▁▁▁▁▁▁▁▁▁
wandb:            val/VRPB/vbs_gap_closed_pct ▅▅▅▅▃▇███▇▆█▇█▆▇▇▇▇█▇▇██▇▇▇▇▇▇▇▇█▇▇▇▇▂▁▂
wandb:                    val/VRPB/vs_sbs_pct ▄▄▄▄▆▃▂▁▁▁▁▂▁▁▁▁▂▂▁▂▂▁▂▁▁▁▂▂▂▂▂▂▂▁▂▂▂▂█▇
wandb:                           val/VRPBL/ce █▂▃▂▃▂▁▂▂▂▂▁▂▂▁▂▂▁▁▁▁▁▁▁▁▁▁▁▁▁▁▁▁▁▁▁▁▁▁▁
wandb:                    val/VRPBL/mean_cost ▂▂▂▂█▂▂▁▁▁▁▂▂▂▁▂▃▂▁▂▂▂▂▁▂▂▁▂▁▁▁▂▂▁▂▂▃▂▂▃
wandb:                            val/VRPBL/n ▁▁▁▁▁▁▁▁▁▁▁▁▁▁▁▁▁▁▁▁▁▁▁▁▁▁▁▁▁▁▁▁▁▁▁▁▁▁▁▁
wandb:                          val/VRPBL/sbs ▁▁▁▁▁▁▁▁▁▁▁▁▁▁▁▁▁▁▁▁▁▁▁▁▁▁▁▁▁▁▁▁▁▁▁▁▁▁▁▁
wandb:                    val/VRPBL/std_final ▁▃▄▄▄▅▅▅▅▆▆▆▆▆▆▆▇▇▆▇▇▇▇▇▇▇███▇██████████
wandb:                         val/VRPBL/top1 ▆▆▆▆▁▅▇██▇▇▇▇█▇▆▇█▇▇▇▇▇▇▇▇█▆██▇▇▇█▇█▆▇▆▇
wandb:               val/VRPBL/top1_tie_aware ▆▆▆▆▁▅▇██▇▇▇▇▇█▇▆▇█▇█▇▇▇▇▇▇█▆█▇▇▇█▇█▇▇▆▇
wandb:                         val/VRPBL/top2 ▇▇▇▇▇▇▇▇▇▇▇█▆▇▇▇▁▄▇▇▆▅▄▅▆▆▅▅▆▅▆▆▅▅▅▄▄▅▄▃
wandb:                         val/VRPBL/top3 ▁▇▇▇▇▆█▇▇▇▇███▇███▇█████████████████████
wandb:                          val/VRPBL/vbs ▁▁▁▁▁▁▁▁▁▁▁▁▁▁▁▁▁▁▁▁▁▁▁▁▁▁▁▁▁▁▁▁▁▁▁▁▁▁▁▁
wandb:           val/VRPBL/vbs_gap_closed_pct ▇▇▇▇▁▇███▇▇▇▇█▇▆▇█▇▇▇▇█▇▇█▇██▇▇▇█▇▇▆▇▇▇▆
wandb:                   val/VRPBL/vs_sbs_pct ▂▂▂▂█▂▂▁▁▁▁▂▂▂▁▂▃▂▁▂▁▂▂▂▁▂▁▂▁▁▁▂▂▁▂▂▃▂▂▃
wandb:                         val/VRPBLTW/ce ▇█▆▅▆▃▃▃▄▃▂▂▂▂▁▂▄▂▁▁▂▂▁▁▁▁▁▁▁▁▁▁▁▁▁▁▁▁▁▁
wandb:                  val/VRPBLTW/mean_cost ██▆▇▄▂▂▂▂▁▁▁▁▁▁▃▁▇▁▁▁▁▂▁▁▁▁▁▁▁▁▁▁▁▁▁▁▁▁▁
wandb:                          val/VRPBLTW/n ▁▁▁▁▁▁▁▁▁▁▁▁▁▁▁▁▁▁▁▁▁▁▁▁▁▁▁▁▁▁▁▁▁▁▁▁▁▁▁▁
wandb:                        val/VRPBLTW/sbs ▁▁▁▁▁▁▁▁▁▁▁▁▁▁▁▁▁▁▁▁▁▁▁▁▁▁▁▁▁▁▁▁▁▁▁▁▁▁▁▁
wandb:                  val/VRPBLTW/std_final ▁▂▃▃▃▅▄▄▆▆▆▆▆▆▇▇▇▆▅▆▇▇▇▇█▇██▇▇█████▇████
wandb:                       val/VRPBLTW/top1 ▁▁▃▂▃▄▅▆▃▁▄▇▄▆▅▇▄▆▂▇▇▆▆▅▇▅▆▆▆▇▇█▇▇██▇▇▇▇
wandb:             val/VRPBLTW/top1_tie_aware ▁▁▃▂▃▄▅▆▃▁▄▇▄▆▅▇▄▆▂▇▇▆▆▅▇▆▇▅▆▆▇▇█▇██▇▇▇▇
wandb:                       val/VRPBLTW/top2 ▁▁▂▃▂▅▆▆▂▃▅▇▆█▇▇▃▆▂▆▇▆▆█▇█▇▇█▇▇█▇███▇▇▇▇
wandb:                       val/VRPBLTW/top3 ▁▁▃▃▃▅▆▆▆▆▇▇▇█▇█▇▅▇██▇▇▇████▇██████████▇
wandb:                        val/VRPBLTW/vbs ▁▁▁▁▁▁▁▁▁▁▁▁▁▁▁▁▁▁▁▁▁▁▁▁▁▁▁▁▁▁▁▁▁▁▁▁▁▁▁▁
wandb:         val/VRPBLTW/vbs_gap_closed_pct ▁▁▃▄▂▇▇▇▇███████▂████▇██████████████████
wandb:                 val/VRPBLTW/vs_sbs_pct ██▆▅▇▂▂▂▂▂▂▁▁▁▁▃▁▇▁▁▁▂▁▁▁▁▁▁▁▁▁▁▁▁▁▁▁▁▁▁
wandb:                          val/VRPBTW/ce ▅▆█▅▄▃▂▂▂▂▂▂▂▂▁▂▂▂▂▁▁▁▁▁▁▁▁▁▁▁▁▁▁▁▁▁▁▁▁▁
wandb:                   val/VRPBTW/mean_cost ███▄▄▃▁▂▁▂▁▁▁▁▂▁▂▁▂▁▁▁▁▁▁▁▁▁▁▁▁▁▁▁▁▁▁▁▁▁
wandb:                           val/VRPBTW/n ▁▁▁▁▁▁▁▁▁▁▁▁▁▁▁▁▁▁▁▁▁▁▁▁▁▁▁▁▁▁▁▁▁▁▁▁▁▁▁▁
wandb:                         val/VRPBTW/sbs ▁▁▁▁▁▁▁▁▁▁▁▁▁▁▁▁▁▁▁▁▁▁▁▁▁▁▁▁▁▁▁▁▁▁▁▁▁▁▁▁
wandb:                   val/VRPBTW/std_final ▁▂▄▃▄▅▅▄▆▅▆▅▆▆▆▇▆▆▆▇▇▇▇▇▇▇▇█▇▇█▇████████
wandb:                        val/VRPBTW/top1 ▁▁▂▃▃▃▅▆▅▂▆▇▅▆▅▃▃▅▄▇▆▅▇█▇█▆▇▆▇▆█▆▇▅▇█▇▇▆
wandb:              val/VRPBTW/top1_tie_aware ▁▁▂▂▃▅▅▅▂▃▇▅▆▆▅▂▅▄▇▆▅▇█▇█▆▇▅▇▆▇▆▇▅▇▇▇▇▆▅
wandb:                        val/VRPBTW/top2 ▁▁▁▃▃▇▇▇▅▃█▆▇▆█▄▅▆▆█▇▆▅▇▇▇▇▇█▆▇▇▇▇▇▇▇▇▇▇
wandb:                        val/VRPBTW/top3 ▁▃▁▅▅▅▇▇▇▇▇▇▇▇▇█▆▇▇██▇█▇████▇██████▇██▇█
wandb:                         val/VRPBTW/vbs ▁▁▁▁▁▁▁▁▁▁▁▁▁▁▁▁▁▁▁▁▁▁▁▁▁▁▁▁▁▁▁▁▁▁▁▁▁▁▁▁
wandb:          val/VRPBTW/vbs_gap_closed_pct ▁▁▅▅▆▇█▇▇▇▇█▇███▇▇███▇██████████████████
wandb:                  val/VRPBTW/vs_sbs_pct ███▄▄▃▁▂▁▂▂▁▁▂▁▂▂▂▁▁▁▂▁▁▁▁▁▁▁▁▁▁▁▁▁▁▁▁▁▁
wandb:                            val/VRPL/ce █▂▂▂▂▂▂▂▂▂▂▁▁▁▂▁▃▂▁▁▁▁▁▁▁▂▁▁▁▁▁▁▁▁▁▁▁▁▁▁
wandb:                     val/VRPL/mean_cost █▁▁▁▁▁▁▁▁▂▁▁▁▁▂▁▂▁▂▁▁▁▁▁▁▁▁▁▁▁▁▁▁▁▁▁▁▁▁▁
wandb:                             val/VRPL/n ▁▁▁▁▁▁▁▁▁▁▁▁▁▁▁▁▁▁▁▁▁▁▁▁▁▁▁▁▁▁▁▁▁▁▁▁▁▁▁▁
wandb:                           val/VRPL/sbs ▁▁▁▁▁▁▁▁▁▁▁▁▁▁▁▁▁▁▁▁▁▁▁▁▁▁▁▁▁▁▁▁▁▁▁▁▁▁▁▁
wandb:                     val/VRPL/std_final ▁▄▂▃▃▃▃▃▄▂▃▁▅▅▅▅▃▅▇▅█▆▆▆▇▅▇█▆▇▆█▇███████
wandb:                          val/VRPL/top1 ▁▆▇▇▇▇▇▇▇▆▇█▇▇▇▇▇▆▇▇▇▇▇██▇████▇█████████
wandb:                val/VRPL/top1_tie_aware ▁▇▇▇▇▇▇▇▆▇█▇▇▇▆▇▆▇▇▇▇▇▇▇██▇████▇████████
wandb:                          val/VRPL/top2 ▁███████▇▇████▇▇▆█▇▇▇▇█▇██████▇█████████
wandb:                          val/VRPL/top3 ▁█████▇▆▅▇▇▇▇▇▇▄█▇▇▇▇▇▇▇█▇▇▇▇▇▇████▇█▇▇█
wandb:                           val/VRPL/vbs ▁▁▁▁▁▁▁▁▁▁▁▁▁▁▁▁▁▁▁▁▁▁▁▁▁▁▁▁▁▁▁▁▁▁▁▁▁▁▁▁
wandb:            val/VRPL/vbs_gap_closed_pct ▁███████▇█████▇█▇█▇█████████████████████
wandb:                    val/VRPL/vs_sbs_pct █▁▁▁▁▁▁▁▁▂▁▁▁▁▂▁▁▂▁▂▁▁▁▁▁▁▁▁▁▁▁▁▁▁▁▁▁▁▁▁
wandb:                          val/VRPLTW/ce █▆▆▅▅▃▃▃▄▅▃▃▂▂▂▂▃▂▄▂▁▁▂▁▁▁▂▁▁▁▁▁▁▁▁▁▁▁▁▁
wandb:                   val/VRPLTW/mean_cost █▇▆▆▆▂▃▂▂▂▂▂▂▁▂▁▂▁▇▁▁▁▁▁▂▁▁▁▁▁▁▁▁▁▁▁▁▁▁▁
wandb:                           val/VRPLTW/n ▁▁▁▁▁▁▁▁▁▁▁▁▁▁▁▁▁▁▁▁▁▁▁▁▁▁▁▁▁▁▁▁▁▁▁▁▁▁▁▁
wandb:                         val/VRPLTW/sbs ▁▁▁▁▁▁▁▁▁▁▁▁▁▁▁▁▁▁▁▁▁▁▁▁▁▁▁▁▁▁▁▁▁▁▁▁▁▁▁▁
wandb:                   val/VRPLTW/std_final ▁▁▃▂▃▄▄▃▆▆▅▆▆▆▆▇▆▅▆▇▇▇▇▇▇▇█▇▇▇█████▇████
wandb:                        val/VRPLTW/top1 ▁▁▁▃▃▆▅▆▄▃▆▆▆▇▇▇▆▇▇▇▇▇▇▇▇█▇▇█▇█▇█▇▇█▇███
wandb:              val/VRPLTW/top1_tie_aware ▁▁▁▃▃▆▅▆▄▃▆▆▇▇▇▆▇▄▇▇▇▇▇▇█▇▇█▇█▇█▇▇▇▇████
wandb:                        val/VRPLTW/top2 ▁▁▂▃▃▅▆▄▄▇▆▇▇▇▇▅▇▄▇▇▇▇▇▇██▇█████████████
wandb:                        val/VRPLTW/top3 ▁▂▃▅▅▇▇▇▆▆▇▇██▇▇▇▆██████████████████████
wandb:                         val/VRPLTW/vbs ▁▁▁▁▁▁▁▁▁▁▁▁▁▁▁▁▁▁▁▁▁▁▁▁▁▁▁▁▁▁▁▁▁▁▁▁▁▁▁▁
wandb:          val/VRPLTW/vbs_gap_closed_pct ▁▂▃▃▃▇▆▇▇█▇▇█▇█▇█▂██████████████████████
wandb:                  val/VRPLTW/vs_sbs_pct █▇▆▆▆▂▂▂▂▂▂▂▂▁▂▁▂▁▇▁▁▁▁▁▁▁▁▁▁▁▁▁▁▁▁▁▁▁▁▁
wandb:                           val/VRPTW/ce █▆▇▅▅▃▃▃▃▂▃▂▂▂▂▂▂▂▂▁▁▁▁▁▁▁▁▁▁▁▁▁▁▁▁▁▁▁▁▁
wandb:                    val/VRPTW/mean_cost ██▇▆▄▂▂▃▂▂▂▂▂▁▂▁▂▁▁▂▁▁▁▁▁▁▁▁▁▁▁▁▁▁▁▁▁▁▁▁
wandb:                            val/VRPTW/n ▁▁▁▁▁▁▁▁▁▁▁▁▁▁▁▁▁▁▁▁▁▁▁▁▁▁▁▁▁▁▁▁▁▁▁▁▁▁▁▁
wandb:                          val/VRPTW/sbs ▁▁▁▁▁▁▁▁▁▁▁▁▁▁▁▁▁▁▁▁▁▁▁▁▁▁▁▁▁▁▁▁▁▁▁▁▁▁▁▁
wandb:                    val/VRPTW/std_final ▁▂▂▂▃▄▄▃▅▅▅▅▆▆▆▇▆▆▆▇▇▇▇▇▇▇▇▇▇█▇█████████
wandb:                         val/VRPTW/top1 ▁▁▁▃▄▅▅▅▄▅▅▇▇▇▇▇▇▇▇▇█▇█▇▇▇▇█▇███▇▇▇█████
wandb:               val/VRPTW/top1_tie_aware ▁▁▁▃▄▅▅▅▄▅▅▇▇▇▇▇▇▇▇▇█▇█▇▇▇▇▇▇███▇▇▇█████
wandb:                         val/VRPTW/top2 ▁▁▁▃▄▅▆▆▅▆▆▆▇▇▇▇▆▇▇████▇████▇███████████
wandb:                         val/VRPTW/top3 ▁▃▂▅▅▇▇▇▆▇▇█▇█▇█████████████████████████
wandb:                          val/VRPTW/vbs ▁▁▁▁▁▁▁▁▁▁▁▁▁▁▁▁▁▁▁▁▁▁▁▁▁▁▁▁▁▁▁▁▁▁▁▁▁▁▁▁
wandb:           val/VRPTW/vbs_gap_closed_pct ▁▂▃▅▇▇▆▇▇▇▇▇█▇█▇██▇█████▇███████████████
wandb:                   val/VRPTW/vs_sbs_pct ██▇▆▄▂▂▂▂▂▂▂▁▂▁▂▁▁▂▁▁▁▁▁▂▁▁▁▁▁▁▁▁▁▁▁▁▁▁▁
wandb:                           val/macro_ce █▅▄▄▃▂▂▂▂▃▂▂▂▂▂▂▂▂▂▂▁▁▁▁▁▁▁▁▁▁▁▁▁▁▁▁▁▁▁▁
wandb:                         val/macro_top1 ▁▃▄▄▄▅▅▆▆▅▆▆▇▇▇▆▇▇▇▇▇▇███▇██████████████
wandb:               val/macro_top1_tie_aware ▁▃▄▄▅▅▆▆▅▆▆▆▇▇▇▆▇▇▇▇▇▇███▇██████████████
wandb:                         val/macro_top2 ▁▄▅▆▅▇▇▇▇▇▇▇█▇▇▇▇▇▇█▇██▇████████████████
wandb:                         val/macro_top3 ▁▄▅▆▆▇▇▇▇▇▇██▇▇▇▇▇██████████████████████
wandb:           val/macro_vbs_gap_closed_pct ▁▄▅▅▅▇▇▇▇▇▇▇▇█▇▇▇▇▇█████████████████████
wandb:                   val/macro_vs_sbs_pct █▇▆▅▅▂▂▂▂▂▂▂▂▁▂▁▂▂▃▂▁▁▁▁▁▁▁▁▁▁▁▁▁▁▁▁▁▁▁▁
wandb: 
wandb: Run summary:
wandb:                                  epoch 49
wandb:                         epoch_train/ce 1.22088
wandb:                  epoch_train/grad_norm 0.41873
wandb:                       epoch_train/loss 0.52752
wandb:                       epoch_train/pair 0.06043
wandb:                       epoch_train/risk 0.01914
wandb:            epoch_train/skipped_updates 0
wandb:                    epoch_train/topk_ce 1.02131
wandb:                    gpu/peak_memory_gib 17.36828
wandb:                  speed/samples_per_sec 7868.09884
wandb:                        train/amp_scale 131072
wandb:                               train/ce 1.22088
wandb:                             train/loss 0.52752
wandb:                               train/lr 1e-05
wandb:                             train/pair 0.06043
wandb:                             train/risk 0.01914
wandb:               train/successful_updates 13495
wandb:                          train/topk_ce 1.02131
wandb:                     train_eval/ATSP/ce 0.64355
wandb:              train_eval/ATSP/mean_cost 1.64195
wandb:                      train_eval/ATSP/n 10000
wandb:                    train_eval/ATSP/sbs 1.67948
wandb:              train_eval/ATSP/std_final 3.82849
wandb:                   train_eval/ATSP/top1 0.7595
wandb:         train_eval/ATSP/top1_tie_aware 0.7705
wandb:                   train_eval/ATSP/top2 0.9572
wandb:                   train_eval/ATSP/top3 0.9932
wandb:                    train_eval/ATSP/vbs 1.63505
wandb:     train_eval/ATSP/vbs_gap_closed_pct 84.46836
wandb:             train_eval/ATSP/vs_sbs_pct -2.23438
wandb:                     train_eval/CVRP/ce 1.45771
wandb:              train_eval/CVRP/mean_cost 18.00671
wandb:                      train_eval/CVRP/n 10000
wandb:                    train_eval/CVRP/sbs 18.07046
wandb:              train_eval/CVRP/std_final 2.45417
wandb:                   train_eval/CVRP/top1 0.4425
wandb:         train_eval/CVRP/top1_tie_aware 0.4425
wandb:                   train_eval/CVRP/top2 0.6557
wandb:                   train_eval/CVRP/top3 0.7949
wandb:                    train_eval/CVRP/vbs 17.89093
wandb:     train_eval/CVRP/vbs_gap_closed_pct 35.50967
wandb:             train_eval/CVRP/vs_sbs_pct -0.35278
wandb:                     train_eval/OVRP/ce 1.43417
wandb:              train_eval/OVRP/mean_cost 7.45259
wandb:                      train_eval/OVRP/n 10000
wandb:                    train_eval/OVRP/sbs 7.45905
wandb:              train_eval/OVRP/std_final 1.90209
wandb:                   train_eval/OVRP/top1 0.3715
wandb:         train_eval/OVRP/top1_tie_aware 0.3716
wandb:                   train_eval/OVRP/top2 0.6634
wandb:                   train_eval/OVRP/top3 0.8514
wandb:                    train_eval/OVRP/vbs 7.40009
wandb:     train_eval/OVRP/vbs_gap_closed_pct 10.95418
wandb:             train_eval/OVRP/vs_sbs_pct -0.08659
wandb:                    train_eval/OVRPB/ce 0.85969
wandb:             train_eval/OVRPB/mean_cost 6.32104
wandb:                     train_eval/OVRPB/n 10000
wandb:                   train_eval/OVRPB/sbs 6.32163
wandb:             train_eval/OVRPB/std_final 3.14549
wandb:                  train_eval/OVRPB/top1 0.5549
wandb:        train_eval/OVRPB/top1_tie_aware 0.5549
wandb:                  train_eval/OVRPB/top2 0.9639
wandb:                  train_eval/OVRPB/top3 0.9889
wandb:                   train_eval/OVRPB/vbs 6.25692
wandb:    train_eval/OVRPB/vbs_gap_closed_pct 0.92209
wandb:            train_eval/OVRPB/vs_sbs_pct -0.00944
wandb:                   train_eval/OVRPBL/ce 0.87009
wandb:            train_eval/OVRPBL/mean_cost 6.30681
wandb:                    train_eval/OVRPBL/n 10000
wandb:                  train_eval/OVRPBL/sbs 6.30789
wandb:            train_eval/OVRPBL/std_final 3.18249
wandb:                 train_eval/OVRPBL/top1 0.5502
wandb:       train_eval/OVRPBL/top1_tie_aware 0.5502
wandb:                 train_eval/OVRPBL/top2 0.9574
wandb:                 train_eval/OVRPBL/top3 0.9888
wandb:                  train_eval/OVRPBL/vbs 6.24259
wandb:   train_eval/OVRPBL/vbs_gap_closed_pct 1.64959
wandb:           train_eval/OVRPBL/vs_sbs_pct -0.01708
wandb:                 train_eval/OVRPBLTW/ce 0.90191
wandb:          train_eval/OVRPBLTW/mean_cost 10.55188
wandb:                  train_eval/OVRPBLTW/n 10000
wandb:                train_eval/OVRPBLTW/sbs 10.54764
wandb:          train_eval/OVRPBLTW/std_final 4.65083
wandb:               train_eval/OVRPBLTW/top1 0.4891
wandb:     train_eval/OVRPBLTW/top1_tie_aware 0.4891
wandb:               train_eval/OVRPBLTW/top2 0.8952
wandb:               train_eval/OVRPBLTW/top3 0.9994
wandb:                train_eval/OVRPBLTW/vbs 10.42119
wandb: train_eval/OVRPBLTW/vbs_gap_closed_pct -3.35708
wandb:         train_eval/OVRPBLTW/vs_sbs_pct 0.04024
wandb:                  train_eval/OVRPBTW/ce 0.91636
wandb:           train_eval/OVRPBTW/mean_cost 10.59015
wandb:                   train_eval/OVRPBTW/n 10000
wandb:                 train_eval/OVRPBTW/sbs 10.58939
wandb:           train_eval/OVRPBTW/std_final 4.49151
wandb:                train_eval/OVRPBTW/top1 0.4846
wandb:      train_eval/OVRPBTW/top1_tie_aware 0.4846
wandb:                train_eval/OVRPBTW/top2 0.8899
wandb:                train_eval/OVRPBTW/top3 0.9985
wandb:                 train_eval/OVRPBTW/vbs 10.46026
wandb:  train_eval/OVRPBTW/vbs_gap_closed_pct -0.59121
wandb:          train_eval/OVRPBTW/vs_sbs_pct 0.00721
wandb:                    train_eval/OVRPL/ce 1.43571
wandb:             train_eval/OVRPL/mean_cost 7.44615
wandb:                     train_eval/OVRPL/n 10000
wandb:                   train_eval/OVRPL/sbs 7.45265
wandb:             train_eval/OVRPL/std_final 1.75455
wandb:                  train_eval/OVRPL/top1 0.3751
wandb:        train_eval/OVRPL/top1_tie_aware 0.3752
wandb:                  train_eval/OVRPL/top2 0.6825
wandb:                  train_eval/OVRPL/top3 0.8576
wandb:                   train_eval/OVRPL/vbs 7.39432
wandb:    train_eval/OVRPL/vbs_gap_closed_pct 11.13054
wandb:            train_eval/OVRPL/vs_sbs_pct -0.08712
wandb:                  train_eval/OVRPLTW/ce 0.89429
wandb:           train_eval/OVRPLTW/mean_cost 10.11071
wandb:                   train_eval/OVRPLTW/n 10000
wandb:                 train_eval/OVRPLTW/sbs 10.11358
wandb:           train_eval/OVRPLTW/std_final 4.70897
wandb:                train_eval/OVRPLTW/top1 0.5045
wandb:      train_eval/OVRPLTW/top1_tie_aware 0.5045
wandb:                train_eval/OVRPLTW/top2 0.905
wandb:                train_eval/OVRPLTW/top3 0.9994
wandb:                 train_eval/OVRPLTW/vbs 10.02461
wandb:  train_eval/OVRPLTW/vbs_gap_closed_pct 3.22529
wandb:          train_eval/OVRPLTW/vs_sbs_pct -0.02838
wandb:                   train_eval/OVRPTW/ce 0.89745
wandb:            train_eval/OVRPTW/mean_cost 10.1019
wandb:                    train_eval/OVRPTW/n 10000
wandb:                  train_eval/OVRPTW/sbs 10.10368
wandb:            train_eval/OVRPTW/std_final 4.68317
wandb:                 train_eval/OVRPTW/top1 0.4969
wandb:       train_eval/OVRPTW/top1_tie_aware 0.4969
wandb:                 train_eval/OVRPTW/top2 0.9059
wandb:                 train_eval/OVRPTW/top3 0.9996
wandb:                  train_eval/OVRPTW/vbs 10.01429
wandb:   train_eval/OVRPTW/vbs_gap_closed_pct 1.99451
wandb:           train_eval/OVRPTW/vs_sbs_pct -0.01765
wandb:                      train_eval/TSP/ce 1.57436
wandb:               train_eval/TSP/mean_cost 8.00909
wandb:                       train_eval/TSP/n 10000
wandb:                     train_eval/TSP/sbs 8.0483
wandb:               train_eval/TSP/std_final 2.05403
wandb:                    train_eval/TSP/top1 0.3831
wandb:          train_eval/TSP/top1_tie_aware 0.3897
wandb:                    train_eval/TSP/top2 0.615
wandb:                    train_eval/TSP/top3 0.7647
wandb:                     train_eval/TSP/vbs 7.95896
wandb:      train_eval/TSP/vbs_gap_closed_pct 43.88749
wandb:              train_eval/TSP/vs_sbs_pct -0.48715
wandb:                     train_eval/VRPB/ce 0.93137
wandb:              train_eval/VRPB/mean_cost 9.32331
wandb:                      train_eval/VRPB/n 10000
wandb:                    train_eval/VRPB/sbs 9.31654
wandb:              train_eval/VRPB/std_final 4.02311
wandb:                   train_eval/VRPB/top1 0.5424
wandb:         train_eval/VRPB/top1_tie_aware 0.5424
wandb:                   train_eval/VRPB/top2 0.9044
wandb:                   train_eval/VRPB/top3 0.9893
wandb:                    train_eval/VRPB/vbs 9.24174
wandb:     train_eval/VRPB/vbs_gap_closed_pct -9.05046
wandb:             train_eval/VRPB/vs_sbs_pct 0.07267
wandb:                    train_eval/VRPBL/ce 0.94279
wandb:             train_eval/VRPBL/mean_cost 9.32074
wandb:                     train_eval/VRPBL/n 10000
wandb:                   train_eval/VRPBL/sbs 9.32092
wandb:             train_eval/VRPBL/std_final 4.01013
wandb:                  train_eval/VRPBL/top1 0.5309
wandb:        train_eval/VRPBL/top1_tie_aware 0.5309
wandb:                  train_eval/VRPBL/top2 0.8966
wandb:                  train_eval/VRPBL/top3 0.9861
wandb:                   train_eval/VRPBL/vbs 9.24372
wandb:    train_eval/VRPBL/vbs_gap_closed_pct 0.23283
wandb:            train_eval/VRPBL/vs_sbs_pct -0.00193
wandb:                  train_eval/VRPBLTW/ce 1.13982
wandb:           train_eval/VRPBLTW/mean_cost 19.06673
wandb:                   train_eval/VRPBLTW/n 10000
wandb:                 train_eval/VRPBLTW/sbs 19.66608
wandb:           train_eval/VRPBLTW/std_final 3.46258
wandb:                train_eval/VRPBLTW/top1 0.4474
wandb:      train_eval/VRPBLTW/top1_tie_aware 0.4475
wandb:                train_eval/VRPBLTW/top2 0.7801
wandb:                train_eval/VRPBLTW/top3 0.935
wandb:                 train_eval/VRPBLTW/vbs 18.75818
wandb:  train_eval/VRPBLTW/vbs_gap_closed_pct 66.01544
wandb:          train_eval/VRPBLTW/vs_sbs_pct -3.04765
wandb:                   train_eval/VRPBTW/ce 1.13847
wandb:            train_eval/VRPBTW/mean_cost 19.07902
wandb:                    train_eval/VRPBTW/n 10000
wandb:                  train_eval/VRPBTW/sbs 19.69239
wandb:            train_eval/VRPBTW/std_final 3.51825
wandb:                 train_eval/VRPBTW/top1 0.4341
wandb:       train_eval/VRPBTW/top1_tie_aware 0.4341
wandb:                 train_eval/VRPBTW/top2 0.7824
wandb:                 train_eval/VRPBTW/top3 0.9343
wandb:                  train_eval/VRPBTW/vbs 18.76512
wandb:   train_eval/VRPBTW/vbs_gap_closed_pct 66.14784
wandb:           train_eval/VRPBTW/vs_sbs_pct -3.11476
wandb:                     train_eval/VRPL/ce 1.63069
wandb:              train_eval/VRPL/mean_cost 12.39283
wandb:                      train_eval/VRPL/n 10000
wandb:                    train_eval/VRPL/sbs 12.39572
wandb:              train_eval/VRPL/std_final 1.35416
wandb:                   train_eval/VRPL/top1 0.3232
wandb:         train_eval/VRPL/top1_tie_aware 0.3233
wandb:                   train_eval/VRPL/top2 0.5555
wandb:                   train_eval/VRPL/top3 0.7169
wandb:                    train_eval/VRPL/vbs 12.33346
wandb:     train_eval/VRPL/vbs_gap_closed_pct 4.65271
wandb:             train_eval/VRPL/vs_sbs_pct -0.02337
wandb:                   train_eval/VRPLTW/ce 1.15576
wandb:            train_eval/VRPLTW/mean_cost 17.7868
wandb:                    train_eval/VRPLTW/n 10000
wandb:                  train_eval/VRPLTW/sbs 18.67201
wandb:            train_eval/VRPLTW/std_final 3.60588
wandb:                 train_eval/VRPLTW/top1 0.4606
wandb:       train_eval/VRPLTW/top1_tie_aware 0.4608
wandb:                 train_eval/VRPLTW/top2 0.7746
wandb:                 train_eval/VRPLTW/top3 0.9274
wandb:                  train_eval/VRPLTW/vbs 17.5621
wandb:   train_eval/VRPLTW/vbs_gap_closed_pct 79.75573
wandb:           train_eval/VRPLTW/vs_sbs_pct -4.74088
wandb:                    train_eval/VRPTW/ce 1.14751
wandb:             train_eval/VRPTW/mean_cost 17.81521
wandb:                     train_eval/VRPTW/n 10000
wandb:                   train_eval/VRPTW/sbs 18.59486
wandb:             train_eval/VRPTW/std_final 3.78057
wandb:                  train_eval/VRPTW/top1 0.4651
wandb:        train_eval/VRPTW/top1_tie_aware 0.4652
wandb:                  train_eval/VRPTW/top2 0.771
wandb:                  train_eval/VRPTW/top3 0.927
wandb:                   train_eval/VRPTW/vbs 17.58012
wandb:    train_eval/VRPTW/vbs_gap_closed_pct 76.83294
wandb:            train_eval/VRPTW/vs_sbs_pct -4.19286
wandb:                    train_eval/macro_ce 1.10954
wandb:                  train_eval/macro_top1 0.47864
wandb:        train_eval/macro_top1_tie_aware 0.47966
wandb:                  train_eval/macro_top2 0.80865
wandb:                  train_eval/macro_top3 0.92513
wandb:    train_eval/macro_vbs_gap_closed_pct 26.35447
wandb:            train_eval/macro_vs_sbs_pct -1.01788
wandb:                            val/ATSP/ce 0.61917
wandb:                     val/ATSP/mean_cost 1.6354
wandb:                             val/ATSP/n 1000
wandb:                           val/ATSP/sbs 1.67352
wandb:                     val/ATSP/std_final 3.88082
wandb:                          val/ATSP/top1 0.779
wandb:                val/ATSP/top1_tie_aware 0.788
wandb:                          val/ATSP/top2 0.965
wandb:                          val/ATSP/top3 0.994
wandb:                           val/ATSP/vbs 1.62958
wandb:            val/ATSP/vbs_gap_closed_pct 86.75762
wandb:                    val/ATSP/vs_sbs_pct -2.27797
wandb:                            val/CVRP/ce 1.43227
wandb:                     val/CVRP/mean_cost 18.21851
wandb:                             val/CVRP/n 1000
wandb:                           val/CVRP/sbs 18.29433
wandb:                     val/CVRP/std_final 2.45095
wandb:                          val/CVRP/top1 0.465
wandb:                val/CVRP/top1_tie_aware 0.465
wandb:                          val/CVRP/top2 0.654
wandb:                          val/CVRP/top3 0.805
wandb:                           val/CVRP/vbs 18.10996
wandb:            val/CVRP/vbs_gap_closed_pct 41.12496
wandb:                    val/CVRP/vs_sbs_pct -0.41447
wandb:                            val/OVRP/ce 1.47654
wandb:                     val/OVRP/mean_cost 7.45579
wandb:                             val/OVRP/n 1000
wandb:                           val/OVRP/sbs 7.46166
wandb:                     val/OVRP/std_final 1.78991
wandb:                          val/OVRP/top1 0.33
wandb:                val/OVRP/top1_tie_aware 0.33
wandb:                          val/OVRP/top2 0.636
wandb:                          val/OVRP/top3 0.828
wandb:                           val/OVRP/vbs 7.40346
wandb:            val/OVRP/vbs_gap_closed_pct 10.08028
wandb:                    val/OVRP/vs_sbs_pct -0.07862
wandb:                           val/OVRPB/ce 0.86002
wandb:                    val/OVRPB/mean_cost 6.32127
wandb:                            val/OVRPB/n 1000
wandb:                          val/OVRPB/sbs 6.32198
wandb:                    val/OVRPB/std_final 3.17354
wandb:                         val/OVRPB/top1 0.56
wandb:               val/OVRPB/top1_tie_aware 0.56
wandb:                         val/OVRPB/top2 0.967
wandb:                         val/OVRPB/top3 0.987
wandb:                          val/OVRPB/vbs 6.26069
wandb:           val/OVRPB/vbs_gap_closed_pct 1.15996
wandb:                   val/OVRPB/vs_sbs_pct -0.01125
wandb:                          val/OVRPBL/ce 0.89189
wandb:                   val/OVRPBL/mean_cost 6.30475
wandb:                           val/OVRPBL/n 1000
wandb:                         val/OVRPBL/sbs 6.31026
wandb:                   val/OVRPBL/std_final 3.29372
wandb:                        val/OVRPBL/top1 0.557
wandb:              val/OVRPBL/top1_tie_aware 0.557
wandb:                        val/OVRPBL/top2 0.953
wandb:                        val/OVRPBL/top3 0.987
wandb:                         val/OVRPBL/vbs 6.24593
wandb:          val/OVRPBL/vbs_gap_closed_pct 8.56699
wandb:                  val/OVRPBL/vs_sbs_pct -0.08734
wandb:                        val/OVRPBLTW/ce 0.90934
wandb:                 val/OVRPBLTW/mean_cost 10.54421
wandb:                         val/OVRPBLTW/n 1000
wandb:                       val/OVRPBLTW/sbs 10.54118
wandb:                 val/OVRPBLTW/std_final 4.71127
wandb:                      val/OVRPBLTW/top1 0.482
wandb:            val/OVRPBLTW/top1_tie_aware 0.482
wandb:                      val/OVRPBLTW/top2 0.894
wandb:                      val/OVRPBLTW/top3 0.999
wandb:                       val/OVRPBLTW/vbs 10.41123
wandb:        val/OVRPBLTW/vbs_gap_closed_pct -2.33724
wandb:                val/OVRPBLTW/vs_sbs_pct 0.02881
wandb:                         val/OVRPBTW/ce 0.92255
wandb:                  val/OVRPBTW/mean_cost 10.50831
wandb:                          val/OVRPBTW/n 1000
wandb:                        val/OVRPBTW/sbs 10.50678
wandb:                  val/OVRPBTW/std_final 4.57679
wandb:                       val/OVRPBTW/top1 0.501
wandb:             val/OVRPBTW/top1_tie_aware 0.501
wandb:                       val/OVRPBTW/top2 0.89
wandb:                       val/OVRPBTW/top3 0.998
wandb:                        val/OVRPBTW/vbs 10.3798
wandb:         val/OVRPBTW/vbs_gap_closed_pct -1.20719
wandb:                 val/OVRPBTW/vs_sbs_pct 0.01459
wandb:                           val/OVRPL/ce 1.43459
wandb:                    val/OVRPL/mean_cost 7.43455
wandb:                            val/OVRPL/n 1000
wandb:                          val/OVRPL/sbs 7.43756
wandb:                    val/OVRPL/std_final 1.68144
wandb:                         val/OVRPL/top1 0.36
wandb:               val/OVRPL/top1_tie_aware 0.36
wandb:                         val/OVRPL/top2 0.679
wandb:                         val/OVRPL/top3 0.86
wandb:                          val/OVRPL/vbs 7.37957
wandb:           val/OVRPL/vbs_gap_closed_pct 5.18996
wandb:                   val/OVRPL/vs_sbs_pct -0.04047
wandb:                         val/OVRPLTW/ce 0.90825
wandb:                  val/OVRPLTW/mean_cost 10.12731
wandb:                          val/OVRPLTW/n 1000
wandb:                        val/OVRPLTW/sbs 10.12721
wandb:                  val/OVRPLTW/std_final 4.74613
wandb:                       val/OVRPLTW/top1 0.5
wandb:             val/OVRPLTW/top1_tie_aware 0.5
wandb:                       val/OVRPLTW/top2 0.908
wandb:                       val/OVRPLTW/top3 1
wandb:                        val/OVRPLTW/vbs 10.03984
wandb:         val/OVRPLTW/vbs_gap_closed_pct -0.11648
wandb:                 val/OVRPLTW/vs_sbs_pct 0.001
wandb:                          val/OVRPTW/ce 0.90286
wandb:                   val/OVRPTW/mean_cost 10.05017
wandb:                           val/OVRPTW/n 1000
wandb:                         val/OVRPTW/sbs 10.04843
wandb:                   val/OVRPTW/std_final 4.77274
wandb:                        val/OVRPTW/top1 0.486
wandb:              val/OVRPTW/top1_tie_aware 0.486
wandb:                        val/OVRPTW/top2 0.914
wandb:                        val/OVRPTW/top3 1
wandb:                         val/OVRPTW/vbs 9.95852
wandb:          val/OVRPTW/vbs_gap_closed_pct -1.93302
wandb:                  val/OVRPTW/vs_sbs_pct 0.0173
wandb:                             val/TSP/ce 1.66231
wandb:                      val/TSP/mean_cost 7.9179
wandb:                              val/TSP/n 1000
wandb:                            val/TSP/sbs 7.9578
wandb:                      val/TSP/std_final 2.04353
wandb:                           val/TSP/top1 0.359
wandb:                 val/TSP/top1_tie_aware 0.366
wandb:                           val/TSP/top2 0.586
wandb:                           val/TSP/top3 0.745
wandb:                            val/TSP/vbs 7.86948
wandb:             val/TSP/vbs_gap_closed_pct 45.17977
wandb:                     val/TSP/vs_sbs_pct -0.50142
wandb:                            val/VRPB/ce 0.94134
wandb:                     val/VRPB/mean_cost 9.34948
wandb:                             val/VRPB/n 1000
wandb:                           val/VRPB/sbs 9.34027
wandb:                     val/VRPB/std_final 4.10821
wandb:                          val/VRPB/top1 0.55
wandb:                val/VRPB/top1_tie_aware 0.55
wandb:                          val/VRPB/top2 0.898
wandb:                          val/VRPB/top3 0.994
wandb:                           val/VRPB/vbs 9.26825
wandb:            val/VRPB/vbs_gap_closed_pct -12.79804
wandb:                    val/VRPB/vs_sbs_pct 0.09868
wandb:                           val/VRPBL/ce 0.94063
wandb:                    val/VRPBL/mean_cost 9.36113
wandb:                            val/VRPBL/n 1000
wandb:                          val/VRPBL/sbs 9.35926
wandb:                    val/VRPBL/std_final 4.07936
wandb:                         val/VRPBL/top1 0.535
wandb:               val/VRPBL/top1_tie_aware 0.535
wandb:                         val/VRPBL/top2 0.897
wandb:                         val/VRPBL/top3 0.991
wandb:                          val/VRPBL/vbs 9.28459
wandb:           val/VRPBL/vbs_gap_closed_pct -2.49969
wandb:                   val/VRPBL/vs_sbs_pct 0.01995
wandb:                         val/VRPBLTW/ce 1.18545
wandb:                  val/VRPBLTW/mean_cost 18.97316
wandb:                          val/VRPBLTW/n 1000
wandb:                        val/VRPBLTW/sbs 19.51978
wandb:                  val/VRPBLTW/std_final 3.58783
wandb:                       val/VRPBLTW/top1 0.422
wandb:             val/VRPBLTW/top1_tie_aware 0.422
wandb:                       val/VRPBLTW/top2 0.749
wandb:                       val/VRPBLTW/top3 0.918
wandb:                        val/VRPBLTW/vbs 18.65153
wandb:         val/VRPBLTW/vbs_gap_closed_pct 62.957
wandb:                 val/VRPBLTW/vs_sbs_pct -2.80037
wandb:                          val/VRPBTW/ce 1.18993
wandb:                   val/VRPBTW/mean_cost 19.0896
wandb:                           val/VRPBTW/n 1000
wandb:                         val/VRPBTW/sbs 19.66974
wandb:                   val/VRPBTW/std_final 3.65839
wandb:                        val/VRPBTW/top1 0.411
wandb:              val/VRPBTW/top1_tie_aware 0.411
wandb:                        val/VRPBTW/top2 0.758
wandb:                        val/VRPBTW/top3 0.918
wandb:                         val/VRPBTW/vbs 18.74439
wandb:          val/VRPBTW/vbs_gap_closed_pct 62.69396
wandb:                  val/VRPBTW/vs_sbs_pct -2.9494
wandb:                            val/VRPL/ce 1.63352
wandb:                     val/VRPL/mean_cost 12.40371
wandb:                             val/VRPL/n 1000
wandb:                           val/VRPL/sbs 12.40722
wandb:                     val/VRPL/std_final 1.33114
wandb:                          val/VRPL/top1 0.318
wandb:                val/VRPL/top1_tie_aware 0.318
wandb:                          val/VRPL/top2 0.568
wandb:                          val/VRPL/top3 0.713
wandb:                           val/VRPL/vbs 12.34403
wandb:            val/VRPL/vbs_gap_closed_pct 5.55155
wandb:                    val/VRPL/vs_sbs_pct -0.02827
wandb:                          val/VRPLTW/ce 1.15367
wandb:                   val/VRPLTW/mean_cost 17.64732
wandb:                           val/VRPLTW/n 1000
wandb:                         val/VRPLTW/sbs 18.50915
wandb:                   val/VRPLTW/std_final 3.73779
wandb:                        val/VRPLTW/top1 0.453
wandb:              val/VRPLTW/top1_tie_aware 0.453
wandb:                        val/VRPLTW/top2 0.786
wandb:                        val/VRPLTW/top3 0.927
wandb:                         val/VRPLTW/vbs 17.41942
wandb:          val/VRPLTW/vbs_gap_closed_pct 79.08648
wandb:                  val/VRPLTW/vs_sbs_pct -4.6562
wandb:                           val/VRPTW/ce 1.1899
wandb:                    val/VRPTW/mean_cost 17.91311
wandb:                            val/VRPTW/n 1000
wandb:                          val/VRPTW/sbs 18.65708
wandb:                    val/VRPTW/std_final 3.84997
wandb:                         val/VRPTW/top1 0.443
wandb:               val/VRPTW/top1_tie_aware 0.443
wandb:                         val/VRPTW/top2 0.763
wandb:                         val/VRPTW/top3 0.917
wandb:                          val/VRPTW/vbs 17.66025
wandb:           val/VRPTW/vbs_gap_closed_pct 74.63357
wandb:                   val/VRPTW/vs_sbs_pct -3.98759
wandb:                           val/macro_ce 1.12524
wandb:                         val/macro_top1 0.47283
wandb:               val/macro_top1_tie_aware 0.47372
wandb:                         val/macro_top2 0.80361
wandb:                         val/macro_top3 0.92117
wandb:           val/macro_vbs_gap_closed_pct 25.67169
wandb:                   val/macro_vs_sbs_pct -0.98072
wandb: 
wandb: You can sync this run to the cloud by running:
wandb: wandb sync code/V4/runs/R34_original_seed2_4090/wandb/offline-run-20260930_021557-4ekhx6oh
wandb: Find logs at: code/V4/runs/R34_original_seed2_4090/wandb/offline-run-20260930_021557-4ekhx6oh/logs
