03:57:46 | epoch=1 | TRAIN[0] | CVRP | select arm=0(lehd) | reason=warm_start
     0(lehd            ): pulls=   0 | mean=+0.0536 | bonus=7.4628 | score=+7.5164 | raw=+7.5164 <--
     1(elg             ): pulls=   0 | mean=+0.0062 | bonus=7.4213 | score=+7.4275 | raw=+7.4275
     2(invit           ): pulls=   0 | mean=+0.0214 | bonus=7.4060 | score=+7.4274 | raw=+7.4274
     3(icam            ): pulls=   0 | mean=+0.0123 | bonus=7.4045 | score=+7.4168 | raw=+7.4168
     4(dact            ): pulls=   0 | mean=+0.0023 | bonus=7.3950 | score=+7.3973 | raw=+7.3973
     5(lih             ): pulls=   0 | mean=+0.0349 | bonus=7.4358 | score=+7.4706 | raw=+7.4706
     6(udc             ): pulls=   0 | mean=+0.0261 | bonus=7.5221 | score=+7.5481 | raw=+7.5481
     7(omni            ): pulls=   0 | mean=+0.0247 | bonus=7.4205 | score=+7.4452 | raw=+7.4452
03:58:03 | t=1 | UPDATE | problem=CVRP | uid=cvrp:1240 | global_index=1240 | arm=0(lehd)
    outcome: reward=0.5714 | selected_cost=16.8959 | best_cost=16.5998 | regret=0.2961
    result: record_global_index=1240 | name=None | aug_score=16.8959
    arm_stats: global_pulls=1 | problem_arm_pulls=1 | avg_reward=0.5714 | problem_arm_avg_reward=0.5714
    state: history=1 | U_norm=1557.2167 | U_mean=1.000231 | U_min=1.000000 | U_max=62.369473
03:58:03 | t=1 | TRAIN | module=reward_net | trigger=warmup(<= 240)
    optimize: epochs=3 | steps=3 | batch_size=1 | replay=balanced_problem_arm | history=1 | lr=0.001
    loss: avg=0.090421 | min=0.000048 | max=0.268127 | last=0.000048
    state: U_norm=1557.2167 | U_mean=1.000231 | U_min=1.000000 | U_max=62.369473
03:58:48 | epoch=1 | TRAIN[1] | TSP | select arm=1(elg) | reason=warm_start
     0(lehd            ): pulls=   0 | mean=+0.5469 | bonus=4.2149 | score=+4.7618 | raw=+4.7618
     1(elg             ): pulls=   0 | mean=+0.4982 | bonus=4.2013 | score=+4.6994 | raw=+4.6994 <--
     2(invit           ): pulls=   0 | mean=+0.5110 | bonus=4.1834 | score=+4.6944 | raw=+4.6944
     3(icam            ): pulls=   0 | mean=+0.5043 | bonus=4.2081 | score=+4.7124 | raw=+4.7124
     4(dact            ): pulls=   0 | mean=+0.4943 | bonus=4.2029 | score=+4.6972 | raw=+4.6972
     5(lih             ): pulls=   0 | mean=+0.5278 | bonus=4.2219 | score=+4.7497 | raw=+4.7497
     6(udc             ): pulls=   0 | mean=+0.5209 | bonus=4.2430 | score=+4.7639 | raw=+4.7639
     7(omni            ): pulls=   0 | mean=+0.5159 | bonus=4.1904 | score=+4.7063 | raw=+4.7063
     8(pointerformer   ): pulls=   0 | mean=+0.4820 | bonus=4.1966 | score=+4.6786 | raw=+4.6786
     9(difusco         ): pulls=   0 | mean=+0.5753 | bonus=4.2108 | score=+4.7862 | raw=+4.7862
    10(t2t             ): pulls=   0 | mean=+0.5081 | bonus=4.2133 | score=+4.7214 | raw=+4.7214
    11(glop            ): pulls=   0 | mean=+0.5470 | bonus=4.2044 | score=+4.7514 | raw=+4.7514
04:00:13 | t=2 | UPDATE | problem=TSP | uid=tsp:7233 | global_index=7233 | arm=1(elg)
    outcome: reward=0.8182 | selected_cost=7.8735 | best_cost=7.8735 | regret=0.0000
    result: record_global_index=7233 | name=None | aug_score=7.8735
    arm_stats: global_pulls=1 | problem_arm_pulls=1 | avg_reward=0.8182 | problem_arm_avg_reward=0.8182
    state: history=2 | U_norm=1564.0435 | U_mean=1.000445 | U_min=1.000000 | U_max=117.665726
04:00:13 | t=2 | TRAIN | module=reward_net | trigger=warmup(<= 240)
    optimize: epochs=10 | steps=10 | batch_size=2 | replay=balanced_problem_arm | history=2 | lr=0.001
    loss: avg=0.037332 | min=0.000027 | max=0.103840 | last=0.000027
    state: U_norm=1564.0435 | U_mean=1.000445 | U_min=1.000000 | U_max=117.665726
04:00:58 | epoch=1 | TRAIN[2] | TSP | select arm=2(invit) | reason=warm_start
     0(lehd            ): pulls=   0 | mean=+0.5609 | bonus=3.6413 | score=+4.2022 | raw=+4.2022
     1(elg             ): pulls=   1 | mean=+0.5203 | bonus=3.6303 | score=+4.1506 | raw=+4.1506 | p_mean_reward=0.8182
     2(invit           ): pulls=   0 | mean=+0.5306 | bonus=3.6112 | score=+4.1418 | raw=+4.1418 <--
     3(icam            ): pulls=   0 | mean=+0.5242 | bonus=3.6427 | score=+4.1668 | raw=+4.1668
     4(dact            ): pulls=   0 | mean=+0.5141 | bonus=3.6390 | score=+4.1531 | raw=+4.1531
     5(lih             ): pulls=   0 | mean=+0.5457 | bonus=3.6509 | score=+4.1966 | raw=+4.1966
     6(udc             ): pulls=   0 | mean=+0.5381 | bonus=3.6634 | score=+4.2015 | raw=+4.2015
     7(omni            ): pulls=   0 | mean=+0.5347 | bonus=3.6196 | score=+4.1543 | raw=+4.1543
     8(pointerformer   ): pulls=   0 | mean=+0.5017 | bonus=3.6282 | score=+4.1300 | raw=+4.1300
     9(difusco         ): pulls=   0 | mean=+0.5904 | bonus=3.6380 | score=+4.2284 | raw=+4.2284
    10(t2t             ): pulls=   0 | mean=+0.5281 | bonus=3.6375 | score=+4.1656 | raw=+4.1656
    11(glop            ): pulls=   0 | mean=+0.5641 | bonus=3.6341 | score=+4.1983 | raw=+4.1983
04:02:50 | t=3 | UPDATE | problem=TSP | uid=tsp:8013 | global_index=8013 | arm=2(invit)
    outcome: reward=0.5455 | selected_cost=8.0138 | best_cost=7.8032 | regret=0.2106
    result: record_global_index=8013 | name=None | aug_score=8.0138
    arm_stats: global_pulls=1 | problem_arm_pulls=1 | avg_reward=0.5455 | problem_arm_avg_reward=0.5455
    state: history=3 | U_norm=1574.0559 | U_mean=1.000645 | U_min=1.000000 | U_max=169.712860
04:02:50 | t=3 | TRAIN | module=reward_net | trigger=warmup(<= 240)
    optimize: epochs=11 | steps=11 | batch_size=3 | replay=balanced_problem_arm | history=3 | lr=0.001
    loss: avg=0.022355 | min=0.000005 | max=0.037227 | last=0.000005
    state: U_norm=1574.0559 | U_mean=1.000645 | U_min=1.000000 | U_max=169.712860
04:03:20 | epoch=1 | TRAIN[3] | CVRP | select arm=3(icam) | reason=warm_start
     0(lehd            ): pulls=   1 | mean=+0.5723 | bonus=3.3353 | score=+3.9075 | raw=+3.9075 | p_mean_reward=0.5714
     1(elg             ): pulls=   0 | mean=+0.5370 | bonus=3.3197 | score=+3.8568 | raw=+3.8568
     2(invit           ): pulls=   0 | mean=+0.5461 | bonus=3.3032 | score=+3.8493 | raw=+3.8493
     3(icam            ): pulls=   0 | mean=+0.5383 | bonus=3.3349 | score=+3.8732 | raw=+3.8732 <--
     4(dact            ): pulls=   0 | mean=+0.5291 | bonus=3.3308 | score=+3.8599 | raw=+3.8599
     5(lih             ): pulls=   0 | mean=+0.5587 | bonus=3.3407 | score=+3.8994 | raw=+3.8994
     6(udc             ): pulls=   0 | mean=+0.5535 | bonus=3.3584 | score=+3.9119 | raw=+3.9119
     7(omni            ): pulls=   0 | mean=+0.5485 | bonus=3.3089 | score=+3.8574 | raw=+3.8574
04:07:24 | t=4 | UPDATE | problem=CVRP | uid=cvrp:8599 | global_index=8599 | arm=3(icam)
    outcome: reward=1.0000 | selected_cost=13.8728 | best_cost=13.8728 | regret=0.0000
    result: record_global_index=8599 | name=None | aug_score=13.8728
    arm_stats: global_pulls=1 | problem_arm_pulls=1 | avg_reward=1.0000 | problem_arm_avg_reward=1.0000
    state: history=4 | U_norm=1586.9882 | U_mean=1.000841 | U_min=1.000000 | U_max=218.364349
04:07:24 | t=4 | TRAIN | module=reward_net | trigger=warmup(<= 240)
    optimize: epochs=20 | steps=20 | batch_size=4 | replay=balanced_problem_arm | history=4 | lr=0.001
    loss: avg=0.044589 | min=0.006765 | max=0.084556 | last=0.018908
    state: U_norm=1586.9882 | U_mean=1.000841 | U_min=1.000000 | U_max=218.364349
04:07:56 | epoch=1 | TRAIN[4] | CVRP | select arm=4(dact) | reason=warm_start
     0(lehd            ): pulls=   1 | mean=+0.6555 | bonus=3.0058 | score=+3.6612 | raw=+3.6612 | p_mean_reward=0.5714
     1(elg             ): pulls=   0 | mean=+0.6281 | bonus=2.9916 | score=+3.6197 | raw=+3.6197
     2(invit           ): pulls=   0 | mean=+0.6311 | bonus=2.9792 | score=+3.6102 | raw=+3.6102
     3(icam            ): pulls=   1 | mean=+0.6323 | bonus=3.0023 | score=+3.6346 | raw=+3.6346 | p_mean_reward=1.0000
     4(dact            ): pulls=   0 | mean=+0.6244 | bonus=3.0023 | score=+3.6266 | raw=+3.6266 <--
     5(lih             ): pulls=   0 | mean=+0.6464 | bonus=3.0113 | score=+3.6578 | raw=+3.6578
     6(udc             ): pulls=   0 | mean=+0.6415 | bonus=3.0239 | score=+3.6653 | raw=+3.6653
     7(omni            ): pulls=   0 | mean=+0.6334 | bonus=2.9801 | score=+3.6135 | raw=+3.6135
04:12:43 | t=5 | UPDATE | problem=CVRP | uid=cvrp:4918 | global_index=4918 | arm=4(dact)
    outcome: reward=0.1429 | selected_cost=20.9385 | best_cost=13.5916 | regret=7.3469
    result: record_global_index=4918 | name=None | aug_score=20.9385
    arm_stats: global_pulls=1 | problem_arm_pulls=1 | avg_reward=0.1429 | problem_arm_avg_reward=0.1429
    state: history=5 | U_norm=1600.9751 | U_mean=1.001016 | U_min=1.000000 | U_max=260.755676
04:12:43 | t=5 | TRAIN | module=reward_net | trigger=warmup(<= 240)
    optimize: epochs=20 | steps=20 | batch_size=5 | replay=balanced_problem_arm | history=5 | lr=0.001
    loss: avg=0.088396 | min=0.030665 | max=0.175668 | last=0.095681
    state: U_norm=1600.9751 | U_mean=1.001016 | U_min=1.000000 | U_max=260.755676
04:13:23 | epoch=1 | TRAIN[5] | TSP | select arm=5(lih) | reason=warm_start
     0(lehd            ): pulls=   0 | mean=+0.5960 | bonus=2.6980 | score=+3.2940 | raw=+3.2940
     1(elg             ): pulls=   1 | mean=+0.5748 | bonus=2.6925 | score=+3.2673 | raw=+3.2673 | p_mean_reward=0.8182
     2(invit           ): pulls=   1 | mean=+0.5765 | bonus=2.6773 | score=+3.2538 | raw=+3.2538 | p_mean_reward=0.5455
     3(icam            ): pulls=   0 | mean=+0.5789 | bonus=2.7014 | score=+3.2803 | raw=+3.2803
     4(dact            ): pulls=   0 | mean=+0.5682 | bonus=2.7003 | score=+3.2685 | raw=+3.2685
     5(lih             ): pulls=   0 | mean=+0.5903 | bonus=2.7059 | score=+3.2962 | raw=+3.2962 <--
     6(udc             ): pulls=   0 | mean=+0.5846 | bonus=2.7136 | score=+3.2982 | raw=+3.2982
     7(omni            ): pulls=   0 | mean=+0.5794 | bonus=2.6832 | score=+3.2626 | raw=+3.2626
     8(pointerformer   ): pulls=   0 | mean=+0.5555 | bonus=2.6927 | score=+3.2483 | raw=+3.2483
     9(difusco         ): pulls=   0 | mean=+0.6248 | bonus=2.6966 | score=+3.3214 | raw=+3.3214
    10(t2t             ): pulls=   0 | mean=+0.5768 | bonus=2.6953 | score=+3.2721 | raw=+3.2721
    11(glop            ): pulls=   0 | mean=+0.6070 | bonus=2.6905 | score=+3.2975 | raw=+3.2975
04:18:40 | t=6 | UPDATE | problem=TSP | uid=tsp:3875 | global_index=3875 | arm=5(lih)
    outcome: reward=0.0000 | selected_cost=48.7700 | best_cost=8.0154 | regret=40.7546
    result: record_global_index=3875 | name=None | aug_score=48.7700
    arm_stats: global_pulls=1 | problem_arm_pulls=1 | avg_reward=0.0000 | problem_arm_avg_reward=0.0000
    state: history=6 | U_norm=1614.7944 | U_mean=1.001165 | U_min=1.000000 | U_max=298.117798
04:18:40 | t=6 | TRAIN | module=reward_net | trigger=warmup(<= 240)
    optimize: epochs=20 | steps=20 | batch_size=6 | replay=balanced_problem_arm | history=6 | lr=0.001
    loss: avg=0.119321 | min=0.033070 | max=0.233559 | last=0.092976
    state: U_norm=1614.7944 | U_mean=1.001165 | U_min=1.000000 | U_max=298.117798
04:19:25 | epoch=1 | TRAIN[6] | TSP | select arm=6(udc) | reason=warm_start
     0(lehd            ): pulls=   0 | mean=+0.4157 | bonus=2.4508 | score=+2.8664 | raw=+2.8664
     1(elg             ): pulls=   1 | mean=+0.3976 | bonus=2.4476 | score=+2.8451 | raw=+2.8451 | p_mean_reward=0.8182
     2(invit           ): pulls=   1 | mean=+0.3991 | bonus=2.4338 | score=+2.8329 | raw=+2.8329 | p_mean_reward=0.5455
     3(icam            ): pulls=   0 | mean=+0.4028 | bonus=2.4623 | score=+2.8650 | raw=+2.8650
     4(dact            ): pulls=   0 | mean=+0.3905 | bonus=2.4611 | score=+2.8516 | raw=+2.8516
     5(lih             ): pulls=   1 | mean=+0.4101 | bonus=2.4590 | score=+2.8691 | raw=+2.8691 | p_mean_reward=0.0000
     6(udc             ): pulls=   0 | mean=+0.4063 | bonus=2.4629 | score=+2.8692 | raw=+2.8692 <--
     7(omni            ): pulls=   0 | mean=+0.4028 | bonus=2.4396 | score=+2.8423 | raw=+2.8423
     8(pointerformer   ): pulls=   0 | mean=+0.3816 | bonus=2.4572 | score=+2.8389 | raw=+2.8389
     9(difusco         ): pulls=   0 | mean=+0.4451 | bonus=2.4473 | score=+2.8924 | raw=+2.8924
    10(t2t             ): pulls=   0 | mean=+0.4020 | bonus=2.4476 | score=+2.8496 | raw=+2.8496
    11(glop            ): pulls=   0 | mean=+0.4272 | bonus=2.4463 | score=+2.8735 | raw=+2.8735
04:25:16 | t=7 | UPDATE | problem=TSP | uid=tsp:4201 | global_index=4201 | arm=6(udc)
    outcome: reward=0.1818 | selected_cost=9.8680 | best_cost=7.7840 | regret=2.0840
    result: record_global_index=4201 | name=None | aug_score=9.8680
    arm_stats: global_pulls=1 | problem_arm_pulls=1 | avg_reward=0.1818 | problem_arm_avg_reward=0.1818
    state: history=7 | U_norm=1628.7493 | U_mean=1.001297 | U_min=1.000000 | U_max=333.902374
04:25:16 | t=7 | TRAIN | module=reward_net | trigger=warmup(<= 240)
    optimize: epochs=20 | steps=20 | batch_size=7 | replay=balanced_problem_arm | history=7 | lr=0.001
    loss: avg=0.124663 | min=0.034843 | max=0.236045 | last=0.107036
    state: U_norm=1628.7493 | U_mean=1.001297 | U_min=1.000000 | U_max=333.902374
04:26:02 | epoch=1 | TRAIN[7] | TSP | select arm=7(omni) | reason=warm_start
     0(lehd            ): pulls=   0 | mean=+0.5325 | bonus=2.2766 | score=+2.8091 | raw=+2.8091
     1(elg             ): pulls=   1 | mean=+0.5201 | bonus=2.2724 | score=+2.7926 | raw=+2.7926 | p_mean_reward=0.8182
     2(invit           ): pulls=   1 | mean=+0.5199 | bonus=2.2603 | score=+2.7802 | raw=+2.7802 | p_mean_reward=0.5455
     3(icam            ): pulls=   0 | mean=+0.5244 | bonus=2.2803 | score=+2.8047 | raw=+2.8047
     4(dact            ): pulls=   0 | mean=+0.5137 | bonus=2.2790 | score=+2.7927 | raw=+2.7927
     5(lih             ): pulls=   1 | mean=+0.5290 | bonus=2.2807 | score=+2.8097 | raw=+2.8097 | p_mean_reward=0.0000
     6(udc             ): pulls=   1 | mean=+0.5261 | bonus=2.2923 | score=+2.8184 | raw=+2.8184 | p_mean_reward=0.1818
     7(omni            ): pulls=   0 | mean=+0.5221 | bonus=2.2650 | score=+2.7870 | raw=+2.7870 <--
     8(pointerformer   ): pulls=   0 | mean=+0.5023 | bonus=2.2739 | score=+2.7762 | raw=+2.7762
     9(difusco         ): pulls=   0 | mean=+0.5590 | bonus=2.2758 | score=+2.8348 | raw=+2.8348
    10(t2t             ): pulls=   0 | mean=+0.5212 | bonus=2.2758 | score=+2.7970 | raw=+2.7970
    11(glop            ): pulls=   0 | mean=+0.5457 | bonus=2.2703 | score=+2.8161 | raw=+2.8161
04:32:31 | t=8 | UPDATE | problem=TSP | uid=tsp:8326 | global_index=8326 | arm=7(omni)
    outcome: reward=0.5455 | selected_cost=7.9315 | best_cost=7.8609 | regret=0.0706
    result: record_global_index=8326 | name=None | aug_score=7.9315
    arm_stats: global_pulls=1 | problem_arm_pulls=1 | avg_reward=0.5455 | problem_arm_avg_reward=0.5455
    state: history=8 | U_norm=1641.5756 | U_mean=1.001413 | U_min=1.000000 | U_max=363.150238
04:32:31 | t=8 | TRAIN | module=reward_net | trigger=warmup(<= 240)
    optimize: epochs=20 | steps=20 | batch_size=8 | replay=balanced_problem_arm | history=8 | lr=0.001
    loss: avg=0.099625 | min=0.047202 | max=0.151180 | last=0.123751
    state: U_norm=1641.5756 | U_mean=1.001413 | U_min=1.000000 | U_max=363.150238
04:33:19 | epoch=1 | TRAIN[8] | TSP | select arm=8(pointerformer) | reason=warm_start
     0(lehd            ): pulls=   0 | mean=+0.5198 | bonus=2.1241 | score=+2.6439 | raw=+2.6439
     1(elg             ): pulls=   1 | mean=+0.5102 | bonus=2.1199 | score=+2.6301 | raw=+2.6301 | p_mean_reward=0.8182
     2(invit           ): pulls=   1 | mean=+0.5094 | bonus=2.1092 | score=+2.6186 | raw=+2.6186 | p_mean_reward=0.5455
     3(icam            ): pulls=   0 | mean=+0.5141 | bonus=2.1283 | score=+2.6424 | raw=+2.6424
     4(dact            ): pulls=   0 | mean=+0.5039 | bonus=2.1270 | score=+2.6309 | raw=+2.6309
     5(lih             ): pulls=   1 | mean=+0.5171 | bonus=2.1275 | score=+2.6446 | raw=+2.6446 | p_mean_reward=0.0000
     6(udc             ): pulls=   1 | mean=+0.5148 | bonus=2.1391 | score=+2.6539 | raw=+2.6539 | p_mean_reward=0.1818
     7(omni            ): pulls=   1 | mean=+0.5113 | bonus=2.1129 | score=+2.6242 | raw=+2.6242 | p_mean_reward=0.5455
     8(pointerformer   ): pulls=   0 | mean=+0.4930 | bonus=2.1229 | score=+2.6159 | raw=+2.6159 <--
     9(difusco         ): pulls=   0 | mean=+0.5450 | bonus=2.1221 | score=+2.6671 | raw=+2.6671
    10(t2t             ): pulls=   0 | mean=+0.5109 | bonus=2.1229 | score=+2.6338 | raw=+2.6338
    11(glop            ): pulls=   0 | mean=+0.5331 | bonus=2.1184 | score=+2.6515 | raw=+2.6515
04:39:59 | t=9 | UPDATE | problem=TSP | uid=tsp:886 | global_index=886 | arm=8(pointerformer)
    outcome: reward=0.8182 | selected_cost=7.6667 | best_cost=7.6358 | regret=0.0309
    result: record_global_index=886 | name=None | aug_score=7.6667
    arm_stats: global_pulls=1 | problem_arm_pulls=1 | avg_reward=0.8182 | problem_arm_avg_reward=0.8182
    state: history=9 | U_norm=1654.0267 | U_mean=1.001520 | U_min=1.000000 | U_max=389.214172
04:39:59 | t=9 | TRAIN | module=reward_net | trigger=warmup(<= 240)
    optimize: epochs=20 | steps=20 | batch_size=9 | replay=balanced_problem_arm | history=9 | lr=0.001
    loss: avg=0.109508 | min=0.036225 | max=0.167633 | last=0.132577
    state: U_norm=1654.0267 | U_mean=1.001520 | U_min=1.000000 | U_max=389.214172
04:40:48 | epoch=1 | TRAIN[9] | TSP | select arm=9(difusco) | reason=warm_start
     0(lehd            ): pulls=   0 | mean=+0.5821 | bonus=2.0253 | score=+2.6073 | raw=+2.6073
     1(elg             ): pulls=   1 | mean=+0.5729 | bonus=2.0147 | score=+2.5876 | raw=+2.5876 | p_mean_reward=0.8182
     2(invit           ): pulls=   1 | mean=+0.5712 | bonus=2.0118 | score=+2.5830 | raw=+2.5830 | p_mean_reward=0.5455
     3(icam            ): pulls=   0 | mean=+0.5790 | bonus=2.0318 | score=+2.6108 | raw=+2.6108
     4(dact            ): pulls=   0 | mean=+0.5679 | bonus=2.0341 | score=+2.6020 | raw=+2.6020
     5(lih             ): pulls=   1 | mean=+0.5795 | bonus=2.0274 | score=+2.6069 | raw=+2.6069 | p_mean_reward=0.0000
     6(udc             ): pulls=   1 | mean=+0.5785 | bonus=2.0299 | score=+2.6084 | raw=+2.6084 | p_mean_reward=0.1818
     7(omni            ): pulls=   1 | mean=+0.5740 | bonus=2.0143 | score=+2.5882 | raw=+2.5882 | p_mean_reward=0.5455
     8(pointerformer   ): pulls=   1 | mean=+0.5605 | bonus=2.0358 | score=+2.5963 | raw=+2.5963 | p_mean_reward=0.8182
     9(difusco         ): pulls=   0 | mean=+0.6077 | bonus=2.0112 | score=+2.6189 | raw=+2.6189 <--
    10(t2t             ): pulls=   0 | mean=+0.5741 | bonus=2.0159 | score=+2.5900 | raw=+2.5900
    11(glop            ): pulls=   0 | mean=+0.5945 | bonus=2.0198 | score=+2.6144 | raw=+2.6144
04:47:40 | t=10 | UPDATE | problem=TSP | uid=tsp:1235 | global_index=1235 | arm=9(difusco)
    outcome: reward=1.0000 | selected_cost=8.2229 | best_cost=8.2229 | regret=0.0000
    result: record_global_index=1235 | name=None | aug_score=8.2229
    arm_stats: global_pulls=1 | problem_arm_pulls=1 | avg_reward=1.0000 | problem_arm_avg_reward=1.0000
    state: history=10 | U_norm=1665.9354 | U_mean=1.001613 | U_min=1.000000 | U_max=413.075989
04:47:40 | t=10 | TRAIN | module=reward_net | trigger=warmup(<= 240)
    optimize: epochs=20 | steps=20 | batch_size=10 | replay=balanced_problem_arm | history=10 | lr=0.001
    loss: avg=0.112638 | min=0.051530 | max=0.288445 | last=0.192997
    state: U_norm=1665.9354 | U_mean=1.001613 | U_min=1.000000 | U_max=413.075989
04:48:14 | epoch=1 | TRAIN[10] | CVRP | select arm=1(elg) | reason=warm_start
     0(lehd            ): pulls=   1 | mean=+0.5719 | bonus=1.9098 | score=+2.4817 | raw=+2.4817 | p_mean_reward=0.5714
     1(elg             ): pulls=   0 | mean=+0.5642 | bonus=1.8972 | score=+2.4614 | raw=+2.4614 <--
     2(invit           ): pulls=   0 | mean=+0.5629 | bonus=1.8963 | score=+2.4591 | raw=+2.4591
     3(icam            ): pulls=   1 | mean=+0.5700 | bonus=1.9138 | score=+2.4837 | raw=+2.4837 | p_mean_reward=1.0000
     4(dact            ): pulls=   1 | mean=+0.5590 | bonus=1.9185 | score=+2.4775 | raw=+2.4775 | p_mean_reward=0.1429
     5(lih             ): pulls=   0 | mean=+0.5693 | bonus=1.9109 | score=+2.4802 | raw=+2.4802
     6(udc             ): pulls=   0 | mean=+0.5697 | bonus=1.9132 | score=+2.4829 | raw=+2.4829
     7(omni            ): pulls=   0 | mean=+0.5654 | bonus=1.8953 | score=+2.4607 | raw=+2.4607
04:55:20 | t=11 | UPDATE | problem=CVRP | uid=cvrp:7087 | global_index=7087 | arm=1(elg)
    outcome: reward=0.7143 | selected_cost=18.0356 | best_cost=17.7876 | regret=0.2480
    result: record_global_index=7087 | name=None | aug_score=18.0356
    arm_stats: global_pulls=2 | problem_arm_pulls=1 | avg_reward=0.7662 | problem_arm_avg_reward=0.7143
    state: history=11 | U_norm=1677.8236 | U_mean=1.001700 | U_min=1.000000 | U_max=436.459503
04:55:20 | t=11 | TRAIN | module=reward_net | trigger=warmup(<= 240)
    optimize: epochs=20 | steps=20 | batch_size=11 | replay=balanced_problem_arm | history=11 | lr=0.001
    loss: avg=0.106770 | min=0.041424 | max=0.166347 | last=0.094408
    state: U_norm=1677.8236 | U_mean=1.001700 | U_min=1.000000 | U_max=436.459503
04:56:08 | epoch=1 | TRAIN[11] | TSP | select arm=10(t2t) | reason=warm_start
     0(lehd            ): pulls=   0 | mean=+0.4878 | bonus=1.7578 | score=+2.2456 | raw=+2.2456
     1(elg             ): pulls=   1 | mean=+0.4827 | bonus=1.7523 | score=+2.2350 | raw=+2.2350 | p_mean_reward=0.8182
     2(invit           ): pulls=   1 | mean=+0.4810 | bonus=1.7460 | score=+2.2270 | raw=+2.2270 | p_mean_reward=0.5455
     3(icam            ): pulls=   0 | mean=+0.4879 | bonus=1.7630 | score=+2.2509 | raw=+2.2509
     4(dact            ): pulls=   0 | mean=+0.4782 | bonus=1.7642 | score=+2.2423 | raw=+2.2423
     5(lih             ): pulls=   1 | mean=+0.4860 | bonus=1.7604 | score=+2.2464 | raw=+2.2464 | p_mean_reward=0.0000
     6(udc             ): pulls=   1 | mean=+0.4853 | bonus=1.7665 | score=+2.2518 | raw=+2.2518 | p_mean_reward=0.1818
     7(omni            ): pulls=   1 | mean=+0.4833 | bonus=1.7476 | score=+2.2309 | raw=+2.2309 | p_mean_reward=0.5455
     8(pointerformer   ): pulls=   1 | mean=+0.4721 | bonus=1.7624 | score=+2.2345 | raw=+2.2345 | p_mean_reward=0.8182
     9(difusco         ): pulls=   1 | mean=+0.5116 | bonus=1.7519 | score=+2.2635 | raw=+2.2635 | p_mean_reward=1.0000
    10(t2t             ): pulls=   0 | mean=+0.4832 | bonus=1.7536 | score=+2.2368 | raw=+2.2368 <--
    11(glop            ): pulls=   0 | mean=+0.5005 | bonus=1.7532 | score=+2.2536 | raw=+2.2536
05:03:37 | t=12 | UPDATE | problem=TSP | uid=tsp:281 | global_index=281 | arm=10(t2t)
    outcome: reward=0.2727 | selected_cost=8.0191 | best_cost=7.5729 | regret=0.4462
    result: record_global_index=281 | name=None | aug_score=8.0191
    arm_stats: global_pulls=1 | problem_arm_pulls=1 | avg_reward=0.2727 | problem_arm_avg_reward=0.2727
    state: history=12 | U_norm=1688.2990 | U_mean=1.001777 | U_min=1.000000 | U_max=456.354248
05:03:37 | t=12 | TRAIN | module=reward_net | trigger=warmup(<= 240)
    optimize: epochs=20 | steps=20 | batch_size=12 | replay=balanced_problem_arm | history=12 | lr=0.001
    loss: avg=0.111890 | min=0.055279 | max=0.167073 | last=0.146633
    state: U_norm=1688.2990 | U_mean=1.001777 | U_min=1.000000 | U_max=456.354248
05:04:23 | epoch=1 | TRAIN[12] | TSP | select arm=11(glop) | reason=warm_start
     0(lehd            ): pulls=   0 | mean=+0.5320 | bonus=1.6707 | score=+2.2027 | raw=+2.2027
     1(elg             ): pulls=   1 | mean=+0.5283 | bonus=1.6645 | score=+2.1928 | raw=+2.1928 | p_mean_reward=0.8182
     2(invit           ): pulls=   1 | mean=+0.5262 | bonus=1.6597 | score=+2.1859 | raw=+2.1859 | p_mean_reward=0.5455
     3(icam            ): pulls=   0 | mean=+0.5338 | bonus=1.6744 | score=+2.2081 | raw=+2.2081
     4(dact            ): pulls=   0 | mean=+0.5249 | bonus=1.6756 | score=+2.2005 | raw=+2.2005
     5(lih             ): pulls=   1 | mean=+0.5306 | bonus=1.6725 | score=+2.2031 | raw=+2.2031 | p_mean_reward=0.0000
     6(udc             ): pulls=   1 | mean=+0.5302 | bonus=1.6782 | score=+2.2085 | raw=+2.2085 | p_mean_reward=0.1818
     7(omni            ): pulls=   1 | mean=+0.5281 | bonus=1.6600 | score=+2.1882 | raw=+2.1882 | p_mean_reward=0.5455
     8(pointerformer   ): pulls=   1 | mean=+0.5194 | bonus=1.6744 | score=+2.1938 | raw=+2.1938 | p_mean_reward=0.8182
     9(difusco         ): pulls=   1 | mean=+0.5545 | bonus=1.6657 | score=+2.2202 | raw=+2.2202 | p_mean_reward=1.0000
    10(t2t             ): pulls=   1 | mean=+0.5275 | bonus=1.6655 | score=+2.1930 | raw=+2.1930 | p_mean_reward=0.2727
    11(glop            ): pulls=   0 | mean=+0.5444 | bonus=1.6659 | score=+2.2104 | raw=+2.2104 <--
05:11:44 | t=13 | UPDATE | problem=TSP | uid=tsp:7138 | global_index=7138 | arm=11(glop)
    outcome: reward=0.3636 | selected_cost=8.7144 | best_cost=8.1603 | regret=0.5541
    result: record_global_index=7138 | name=None | aug_score=8.7144
    arm_stats: global_pulls=1 | problem_arm_pulls=1 | avg_reward=0.3636 | problem_arm_avg_reward=0.3636
    state: history=13 | U_norm=1698.1727 | U_mean=1.001847 | U_min=1.000000 | U_max=474.298157
05:11:44 | t=13 | TRAIN | module=reward_net | trigger=warmup(<= 240)
    optimize: epochs=20 | steps=20 | batch_size=13 | replay=balanced_problem_arm | history=13 | lr=0.001
    loss: avg=0.089649 | min=0.026518 | max=0.129445 | last=0.075897
    state: U_norm=1698.1727 | U_mean=1.001847 | U_min=1.000000 | U_max=474.298157
05:12:16 | epoch=1 | TRAIN[13] | CVRP | select arm=2(invit) | reason=warm_start
     0(lehd            ): pulls=   1 | mean=+0.5679 | bonus=1.6030 | score=+2.1709 | raw=+2.1709 | p_mean_reward=0.5714
     1(elg             ): pulls=   1 | mean=+0.5643 | bonus=1.5914 | score=+2.1557 | raw=+2.1557 | p_mean_reward=0.7143
     2(invit           ): pulls=   0 | mean=+0.5624 | bonus=1.5914 | score=+2.1538 | raw=+2.1538 <--
     3(icam            ): pulls=   1 | mean=+0.5699 | bonus=1.6036 | score=+2.1734 | raw=+2.1734 | p_mean_reward=1.0000
     4(dact            ): pulls=   1 | mean=+0.5616 | bonus=1.6064 | score=+2.1680 | raw=+2.1680 | p_mean_reward=0.1429
     5(lih             ): pulls=   0 | mean=+0.5665 | bonus=1.6033 | score=+2.1698 | raw=+2.1698
     6(udc             ): pulls=   0 | mean=+0.5668 | bonus=1.6058 | score=+2.1727 | raw=+2.1727
     7(omni            ): pulls=   0 | mean=+0.5640 | bonus=1.5892 | score=+2.1532 | raw=+2.1532
05:18:10 | t=14 | UPDATE | problem=CVRP | uid=cvrp:6464 | global_index=6464 | arm=2(invit)
    outcome: reward=0.4286 | selected_cost=17.3202 | best_cost=16.6730 | regret=0.6472
    result: record_global_index=6464 | name=None | aug_score=17.3202
    arm_stats: global_pulls=2 | problem_arm_pulls=1 | avg_reward=0.4870 | problem_arm_avg_reward=0.4286
    state: history=14 | U_norm=1707.8787 | U_mean=1.001912 | U_min=1.000000 | U_max=491.678833
05:18:10 | t=14 | TRAIN | module=reward_net | trigger=warmup(<= 240)
    optimize: epochs=20 | steps=20 | batch_size=14 | replay=balanced_problem_arm | history=14 | lr=0.001
    loss: avg=0.092503 | min=0.064849 | max=0.135592 | last=0.135592
    state: U_norm=1707.8787 | U_mean=1.001912 | U_min=1.000000 | U_max=491.678833
05:18:20 | epoch=1 | TRAIN[14] | CVRP | select arm=5(lih) | reason=warm_start
     0(lehd            ): pulls=   1 | mean=+0.5164 | bonus=1.5147 | score=+2.0311 | raw=+2.0311 | p_mean_reward=0.5714
     1(elg             ): pulls=   1 | mean=+0.5142 | bonus=1.5060 | score=+2.0202 | raw=+2.0202 | p_mean_reward=0.7143
     2(invit           ): pulls=   1 | mean=+0.5122 | bonus=1.5038 | score=+2.0160 | raw=+2.0160 | p_mean_reward=0.4286
     3(icam            ): pulls=   1 | mean=+0.5192 | bonus=1.5154 | score=+2.0346 | raw=+2.0346 | p_mean_reward=1.0000
     4(dact            ): pulls=   1 | mean=+0.5122 | bonus=1.5166 | score=+2.0288 | raw=+2.0288 | p_mean_reward=0.1429
     5(lih             ): pulls=   0 | mean=+0.5153 | bonus=1.5149 | score=+2.0301 | raw=+2.0301 <--
     6(udc             ): pulls=   0 | mean=+0.5153 | bonus=1.5208 | score=+2.0361 | raw=+2.0361
     7(omni            ): pulls=   0 | mean=+0.5135 | bonus=1.5027 | score=+2.0162 | raw=+2.0162
05:20:11 | t=15 | UPDATE | problem=CVRP | uid=cvrp:6863 | global_index=6863 | arm=5(lih)
    outcome: reward=0.2857 | selected_cost=17.7193 | best_cost=13.5582 | regret=4.1611
    result: record_global_index=6863 | name=None | aug_score=17.7193
    arm_stats: global_pulls=2 | problem_arm_pulls=1 | avg_reward=0.1429 | problem_arm_avg_reward=0.2857
    state: history=15 | U_norm=1716.8326 | U_mean=1.001972 | U_min=1.000000 | U_max=507.009583
05:20:11 | t=15 | TRAIN | module=reward_net | trigger=warmup(<= 240)
    optimize: epochs=20 | steps=20 | batch_size=15 | replay=balanced_problem_arm | history=15 | lr=0.001
    loss: avg=0.095057 | min=0.054209 | max=0.124269 | last=0.118290
    state: U_norm=1716.8326 | U_mean=1.001972 | U_min=1.000000 | U_max=507.009583
05:20:14 | epoch=1 | TRAIN[15] | TSP | select arm=0(lehd) | reason=warm_start
     0(lehd            ): pulls=   0 | mean=+0.4646 | bonus=1.4253 | score=+1.8898 | raw=+1.8898 <--
     1(elg             ): pulls=   1 | mean=+0.4631 | bonus=1.4198 | score=+1.8829 | raw=+1.8829 | p_mean_reward=0.8182
     2(invit           ): pulls=   1 | mean=+0.4610 | bonus=1.4169 | score=+1.8779 | raw=+1.8779 | p_mean_reward=0.5455
     3(icam            ): pulls=   0 | mean=+0.4683 | bonus=1.4291 | score=+1.8975 | raw=+1.8975
     4(dact            ): pulls=   0 | mean=+0.4615 | bonus=1.4296 | score=+1.8911 | raw=+1.8911
     5(lih             ): pulls=   1 | mean=+0.4638 | bonus=1.4269 | score=+1.8907 | raw=+1.8907 | p_mean_reward=0.0000
     6(udc             ): pulls=   1 | mean=+0.4634 | bonus=1.4312 | score=+1.8946 | raw=+1.8946 | p_mean_reward=0.1818
     7(omni            ): pulls=   1 | mean=+0.4623 | bonus=1.4157 | score=+1.8780 | raw=+1.8780 | p_mean_reward=0.5455
     8(pointerformer   ): pulls=   1 | mean=+0.4577 | bonus=1.4299 | score=+1.8876 | raw=+1.8876 | p_mean_reward=0.8182
     9(difusco         ): pulls=   1 | mean=+0.4841 | bonus=1.4215 | score=+1.9056 | raw=+1.9056 | p_mean_reward=1.0000
    10(t2t             ): pulls=   1 | mean=+0.4613 | bonus=1.4212 | score=+1.8825 | raw=+1.8825 | p_mean_reward=0.2727
    11(glop            ): pulls=   1 | mean=+0.4755 | bonus=1.4217 | score=+1.8971 | raw=+1.8971 | p_mean_reward=0.3636
05:21:49 | t=16 | UPDATE | problem=TSP | uid=tsp:3743 | global_index=3743 | arm=0(lehd)
    outcome: reward=0.9091 | selected_cost=7.6831 | best_cost=7.6769 | regret=0.0063
    result: record_global_index=3743 | name=None | aug_score=7.6831
    arm_stats: global_pulls=2 | problem_arm_pulls=1 | avg_reward=0.7403 | problem_arm_avg_reward=0.9091
    state: history=16 | U_norm=1724.9155 | U_mean=1.002026 | U_min=1.000000 | U_max=520.933105
05:21:49 | t=16 | TRAIN | module=reward_net | trigger=warmup(<= 240)
    optimize: epochs=20 | steps=20 | batch_size=16 | replay=balanced_problem_arm | history=16 | lr=0.001
    loss: avg=0.103872 | min=0.067653 | max=0.128490 | last=0.108917
    state: U_norm=1724.9155 | U_mean=1.002026 | U_min=1.000000 | U_max=520.933105
05:21:59 | epoch=1 | TRAIN[16] | CVRP | select arm=6(udc) | reason=warm_start
     0(lehd            ): pulls=   1 | mean=+0.5855 | bonus=1.3952 | score=+1.9807 | raw=+1.9807 | p_mean_reward=0.5714
     1(elg             ): pulls=   1 | mean=+0.5836 | bonus=1.3854 | score=+1.9690 | raw=+1.9690 | p_mean_reward=0.7143
     2(invit           ): pulls=   1 | mean=+0.5818 | bonus=1.3865 | score=+1.9683 | raw=+1.9683 | p_mean_reward=0.4286
     3(icam            ): pulls=   1 | mean=+0.5890 | bonus=1.3970 | score=+1.9860 | raw=+1.9860 | p_mean_reward=1.0000
     4(dact            ): pulls=   1 | mean=+0.5830 | bonus=1.3967 | score=+1.9796 | raw=+1.9796 | p_mean_reward=0.1429
     5(lih             ): pulls=   1 | mean=+0.5844 | bonus=1.3959 | score=+1.9803 | raw=+1.9803 | p_mean_reward=0.2857
     6(udc             ): pulls=   0 | mean=+0.5849 | bonus=1.3973 | score=+1.9822 | raw=+1.9822 <--
     7(omni            ): pulls=   0 | mean=+0.5829 | bonus=1.3830 | score=+1.9658 | raw=+1.9658
05:23:43 | t=17 | UPDATE | problem=CVRP | uid=cvrp:9093 | global_index=9093 | arm=6(udc)
    outcome: reward=0.0000 | selected_cost=28.5632 | best_cost=17.6486 | regret=10.9146
    result: record_global_index=9093 | name=None | aug_score=28.5632
    arm_stats: global_pulls=2 | problem_arm_pulls=1 | avg_reward=0.0909 | problem_arm_avg_reward=0.0000
    state: history=17 | U_norm=1732.8414 | U_mean=1.002077 | U_min=1.000000 | U_max=534.236633
05:23:43 | t=17 | TRAIN | module=reward_net | trigger=warmup(<= 240)
    optimize: epochs=20 | steps=20 | batch_size=17 | replay=balanced_problem_arm | history=17 | lr=0.001
    loss: avg=0.105372 | min=0.062168 | max=0.145223 | last=0.112687
    state: U_norm=1732.8414 | U_mean=1.002077 | U_min=1.000000 | U_max=534.236633
05:23:43 | epoch=1 | TRAIN[17] | TSP | select arm=3(icam) | reason=warm_start
     0(lehd            ): pulls=   1 | mean=+0.4533 | bonus=1.2932 | score=+1.7465 | raw=+1.7465 | p_mean_reward=0.9091
     1(elg             ): pulls=   1 | mean=+0.4522 | bonus=1.2880 | score=+1.7402 | raw=+1.7402 | p_mean_reward=0.8182
     2(invit           ): pulls=   1 | mean=+0.4504 | bonus=1.2872 | score=+1.7376 | raw=+1.7376 | p_mean_reward=0.5455
     3(icam            ): pulls=   0 | mean=+0.4575 | bonus=1.2993 | score=+1.7568 | raw=+1.7568 <--
     4(dact            ): pulls=   0 | mean=+0.4515 | bonus=1.2979 | score=+1.7494 | raw=+1.7494
     5(lih             ): pulls=   1 | mean=+0.4525 | bonus=1.2959 | score=+1.7484 | raw=+1.7484 | p_mean_reward=0.0000
     6(udc             ): pulls=   1 | mean=+0.4524 | bonus=1.2973 | score=+1.7497 | raw=+1.7497 | p_mean_reward=0.1818
     7(omni            ): pulls=   1 | mean=+0.4516 | bonus=1.2841 | score=+1.7357 | raw=+1.7357 | p_mean_reward=0.5455
     8(pointerformer   ): pulls=   1 | mean=+0.4492 | bonus=1.3007 | score=+1.7499 | raw=+1.7499 | p_mean_reward=0.8182
     9(difusco         ): pulls=   1 | mean=+0.4710 | bonus=1.2915 | score=+1.7626 | raw=+1.7626 | p_mean_reward=1.0000
    10(t2t             ): pulls=   1 | mean=+0.4507 | bonus=1.2899 | score=+1.7405 | raw=+1.7405 | p_mean_reward=0.2727
    11(glop            ): pulls=   1 | mean=+0.4629 | bonus=1.2916 | score=+1.7544 | raw=+1.7544 | p_mean_reward=0.3636
05:25:23 | t=18 | UPDATE | problem=TSP | uid=tsp:3818 | global_index=3818 | arm=3(icam)
    outcome: reward=0.8182 | selected_cost=7.6864 | best_cost=7.6797 | regret=0.0067
    result: record_global_index=3818 | name=None | aug_score=7.6864
    arm_stats: global_pulls=2 | problem_arm_pulls=1 | avg_reward=0.9091 | problem_arm_avg_reward=0.8182
    state: history=18 | U_norm=1739.8970 | U_mean=1.002122 | U_min=1.000000 | U_max=546.230469
05:25:23 | t=18 | TRAIN | module=reward_net | trigger=warmup(<= 240)
    optimize: epochs=20 | steps=20 | batch_size=18 | replay=balanced_problem_arm | history=18 | lr=0.001
    loss: avg=0.103840 | min=0.064866 | max=0.142508 | last=0.077357
    state: U_norm=1739.8970 | U_mean=1.002122 | U_min=1.000000 | U_max=546.230469
05:25:29 | epoch=1 | TRAIN[18] | TSP | select arm=4(dact) | reason=warm_start
     0(lehd            ): pulls=   1 | mean=+0.5378 | bonus=1.2614 | score=+1.7992 | raw=+1.7992 | p_mean_reward=0.9091
     1(elg             ): pulls=   1 | mean=+0.5367 | bonus=1.2558 | score=+1.7926 | raw=+1.7926 | p_mean_reward=0.8182
     2(invit           ): pulls=   1 | mean=+0.5350 | bonus=1.2558 | score=+1.7908 | raw=+1.7908 | p_mean_reward=0.5455
     3(icam            ): pulls=   1 | mean=+0.5421 | bonus=1.2666 | score=+1.8087 | raw=+1.8087 | p_mean_reward=0.8182
     4(dact            ): pulls=   0 | mean=+0.5369 | bonus=1.2648 | score=+1.8017 | raw=+1.8017 <--
     5(lih             ): pulls=   1 | mean=+0.5370 | bonus=1.2639 | score=+1.8009 | raw=+1.8009 | p_mean_reward=0.0000
     6(udc             ): pulls=   1 | mean=+0.5372 | bonus=1.2643 | score=+1.8015 | raw=+1.8015 | p_mean_reward=0.1818
     7(omni            ): pulls=   1 | mean=+0.5358 | bonus=1.2521 | score=+1.7880 | raw=+1.7880 | p_mean_reward=0.5455
     8(pointerformer   ): pulls=   1 | mean=+0.5350 | bonus=1.2676 | score=+1.8027 | raw=+1.8027 | p_mean_reward=0.8182
     9(difusco         ): pulls=   1 | mean=+0.5538 | bonus=1.2619 | score=+1.8157 | raw=+1.8157 | p_mean_reward=1.0000
    10(t2t             ): pulls=   1 | mean=+0.5346 | bonus=1.2578 | score=+1.7924 | raw=+1.7924 | p_mean_reward=0.2727
    11(glop            ): pulls=   1 | mean=+0.5465 | bonus=1.2603 | score=+1.8068 | raw=+1.8068 | p_mean_reward=0.3636
05:27:16 | t=19 | UPDATE | problem=TSP | uid=tsp:9765 | global_index=9765 | arm=4(dact)
    outcome: reward=0.1818 | selected_cost=8.9022 | best_cost=7.4056 | regret=1.4966
    result: record_global_index=9765 | name=None | aug_score=8.9022
    arm_stats: global_pulls=2 | problem_arm_pulls=1 | avg_reward=0.1623 | problem_arm_avg_reward=0.1818
    state: history=19 | U_norm=1746.6141 | U_mean=1.002164 | U_min=1.000000 | U_max=557.304321
05:27:16 | t=19 | TRAIN | module=reward_net | trigger=warmup(<= 240)
    optimize: epochs=20 | steps=20 | batch_size=19 | replay=balanced_problem_arm | history=19 | lr=0.001
    loss: avg=0.105524 | min=0.080370 | max=0.133043 | last=0.089434
    state: U_norm=1746.6141 | U_mean=1.002164 | U_min=1.000000 | U_max=557.304321
05:27:30 | epoch=1 | TRAIN[19] | TSP | select arm=7(omni) | reason=warm_start
     0(lehd            ): pulls=   1 | mean=+0.5170 | bonus=1.2035 | score=+1.7205 | raw=+1.7205 | p_mean_reward=0.9091
     1(elg             ): pulls=   1 | mean=+0.5162 | bonus=1.1983 | score=+1.7146 | raw=+1.7146 | p_mean_reward=0.8182
     2(invit           ): pulls=   1 | mean=+0.5145 | bonus=1.1983 | score=+1.7128 | raw=+1.7128 | p_mean_reward=0.5455
     3(icam            ): pulls=   1 | mean=+0.5212 | bonus=1.2080 | score=+1.7292 | raw=+1.7292 | p_mean_reward=0.8182
     4(dact            ): pulls=   1 | mean=+0.5165 | bonus=1.2063 | score=+1.7229 | raw=+1.7229 | p_mean_reward=0.1818
     5(lih             ): pulls=   1 | mean=+0.5162 | bonus=1.2057 | score=+1.7219 | raw=+1.7219 | p_mean_reward=0.0000
     6(udc             ): pulls=   1 | mean=+0.5166 | bonus=1.2065 | score=+1.7230 | raw=+1.7230 | p_mean_reward=0.1818
     7(omni            ): pulls=   1 | mean=+0.5154 | bonus=1.1948 | score=+1.7102 | raw=+1.7102 | p_mean_reward=0.5455 <--
     8(pointerformer   ): pulls=   1 | mean=+0.5148 | bonus=1.2086 | score=+1.7234 | raw=+1.7234 | p_mean_reward=0.8182
     9(difusco         ): pulls=   1 | mean=+0.5318 | bonus=1.2038 | score=+1.7355 | raw=+1.7355 | p_mean_reward=1.0000
    10(t2t             ): pulls=   1 | mean=+0.5141 | bonus=1.2004 | score=+1.7145 | raw=+1.7145 | p_mean_reward=0.2727
    11(glop            ): pulls=   1 | mean=+0.5251 | bonus=1.2023 | score=+1.7274 | raw=+1.7274 | p_mean_reward=0.3636
05:29:26 | t=20 | UPDATE | problem=TSP | uid=tsp:3570 | global_index=3570 | arm=7(omni)
    outcome: reward=0.6364 | selected_cost=7.8095 | best_cost=7.7960 | regret=0.0135
    result: record_global_index=3570 | name=None | aug_score=7.8095
    arm_stats: global_pulls=2 | problem_arm_pulls=2 | avg_reward=0.5909 | problem_arm_avg_reward=0.5909
    state: history=20 | U_norm=1752.7748 | U_mean=1.002203 | U_min=1.000000 | U_max=567.298584
05:29:26 | t=20 | TRAIN | module=reward_net | trigger=warmup(<= 240)
    optimize: epochs=20 | steps=20 | batch_size=20 | replay=balanced_problem_arm | history=20 | lr=0.001
    loss: avg=0.100887 | min=0.066051 | max=0.125400 | last=0.088251
    state: U_norm=1752.7748 | U_mean=1.002203 | U_min=1.000000 | U_max=567.298584
05:29:34 | epoch=1 | TRAIN[20] | TSP | select arm=8(pointerformer) | reason=warm_start
     0(lehd            ): pulls=   1 | mean=+0.4568 | bonus=1.1352 | score=+1.5920 | raw=+1.5920 | p_mean_reward=0.9091
     1(elg             ): pulls=   1 | mean=+0.4563 | bonus=1.1310 | score=+1.5874 | raw=+1.5874 | p_mean_reward=0.8182
     2(invit           ): pulls=   1 | mean=+0.4548 | bonus=1.1306 | score=+1.5854 | raw=+1.5854 | p_mean_reward=0.5455
     3(icam            ): pulls=   1 | mean=+0.4609 | bonus=1.1402 | score=+1.6011 | raw=+1.6011 | p_mean_reward=0.8182
     4(dact            ): pulls=   1 | mean=+0.4565 | bonus=1.1384 | score=+1.5950 | raw=+1.5950 | p_mean_reward=0.1818
     5(lih             ): pulls=   1 | mean=+0.4560 | bonus=1.1375 | score=+1.5935 | raw=+1.5935 | p_mean_reward=0.0000
     6(udc             ): pulls=   1 | mean=+0.4563 | bonus=1.1386 | score=+1.5949 | raw=+1.5949 | p_mean_reward=0.1818
     7(omni            ): pulls=   2 | mean=+0.4557 | bonus=1.1274 | score=+1.5830 | raw=+1.5830 | p_mean_reward=0.5909
     8(pointerformer   ): pulls=   1 | mean=+0.4550 | bonus=1.1403 | score=+1.5953 | raw=+1.5953 | p_mean_reward=0.8182 <--
     9(difusco         ): pulls=   1 | mean=+0.4708 | bonus=1.1354 | score=+1.6062 | raw=+1.6062 | p_mean_reward=1.0000
    10(t2t             ): pulls=   1 | mean=+0.4546 | bonus=1.1328 | score=+1.5874 | raw=+1.5874 | p_mean_reward=0.2727
    11(glop            ): pulls=   1 | mean=+0.4644 | bonus=1.1345 | score=+1.5989 | raw=+1.5989 | p_mean_reward=0.3636
05:31:18 | t=21 | UPDATE | problem=TSP | uid=tsp:8574 | global_index=8574 | arm=8(pointerformer)
    outcome: reward=0.6818 | selected_cost=8.0476 | best_cost=8.0397 | regret=0.0079
    result: record_global_index=8574 | name=None | aug_score=8.0476
    arm_stats: global_pulls=2 | problem_arm_pulls=2 | avg_reward=0.7500 | problem_arm_avg_reward=0.7500
    state: history=21 | U_norm=1758.4530 | U_mean=1.002238 | U_min=1.000000 | U_max=576.369202
05:31:18 | t=21 | TRAIN | module=reward_net | trigger=warmup(<= 240)
    optimize: epochs=20 | steps=20 | batch_size=21 | replay=balanced_problem_arm | history=21 | lr=0.001
    loss: avg=0.101913 | min=0.055859 | max=0.140292 | last=0.055859
    state: U_norm=1758.4530 | U_mean=1.002238 | U_min=1.000000 | U_max=576.369202
05:31:26 | epoch=1 | TRAIN[21] | TSP | select arm=9(difusco) | reason=warm_start
     0(lehd            ): pulls=   1 | mean=+0.4748 | bonus=1.0992 | score=+1.5740 | raw=+1.5740 | p_mean_reward=0.9091
     1(elg             ): pulls=   1 | mean=+0.4743 | bonus=1.0949 | score=+1.5692 | raw=+1.5692 | p_mean_reward=0.8182
     2(invit           ): pulls=   1 | mean=+0.4730 | bonus=1.0953 | score=+1.5683 | raw=+1.5683 | p_mean_reward=0.5455
     3(icam            ): pulls=   1 | mean=+0.4788 | bonus=1.1045 | score=+1.5834 | raw=+1.5834 | p_mean_reward=0.8182
     4(dact            ): pulls=   1 | mean=+0.4747 | bonus=1.1020 | score=+1.5768 | raw=+1.5768 | p_mean_reward=0.1818
     5(lih             ): pulls=   1 | mean=+0.4741 | bonus=1.1018 | score=+1.5759 | raw=+1.5759 | p_mean_reward=0.0000
     6(udc             ): pulls=   1 | mean=+0.4745 | bonus=1.1018 | score=+1.5763 | raw=+1.5763 | p_mean_reward=0.1818
     7(omni            ): pulls=   2 | mean=+0.4737 | bonus=1.0915 | score=+1.5652 | raw=+1.5652 | p_mean_reward=0.5909
     8(pointerformer   ): pulls=   2 | mean=+0.4737 | bonus=1.1048 | score=+1.5785 | raw=+1.5785 | p_mean_reward=0.7500
     9(difusco         ): pulls=   1 | mean=+0.4879 | bonus=1.1004 | score=+1.5883 | raw=+1.5883 | p_mean_reward=1.0000 <--
    10(t2t             ): pulls=   1 | mean=+0.4727 | bonus=1.0971 | score=+1.5697 | raw=+1.5697 | p_mean_reward=0.2727
    11(glop            ): pulls=   1 | mean=+0.4818 | bonus=1.0991 | score=+1.5809 | raw=+1.5809 | p_mean_reward=0.3636
05:33:21 | t=22 | UPDATE | problem=TSP | uid=tsp:4845 | global_index=4845 | arm=9(difusco)
    outcome: reward=0.7273 | selected_cost=7.8060 | best_cost=7.7659 | regret=0.0401
    result: record_global_index=4845 | name=None | aug_score=7.8060
    arm_stats: global_pulls=2 | problem_arm_pulls=2 | avg_reward=0.8636 | problem_arm_avg_reward=0.8636
    state: history=22 | U_norm=1763.6664 | U_mean=1.002271 | U_min=1.000000 | U_max=584.539856
05:33:21 | t=22 | TRAIN | module=reward_net | trigger=warmup(<= 240)
    optimize: epochs=20 | steps=20 | batch_size=22 | replay=balanced_problem_arm | history=22 | lr=0.001
    loss: avg=0.095223 | min=0.062852 | max=0.134312 | last=0.062852
    state: U_norm=1763.6664 | U_mean=1.002271 | U_min=1.000000 | U_max=584.539856
05:33:35 | epoch=1 | TRAIN[22] | TSP | select arm=10(t2t) | reason=warm_start
     0(lehd            ): pulls=   1 | mean=+0.5095 | bonus=1.0861 | score=+1.5957 | raw=+1.5957 | p_mean_reward=0.9091
     1(elg             ): pulls=   1 | mean=+0.5089 | bonus=1.0813 | score=+1.5902 | raw=+1.5902 | p_mean_reward=0.8182
     2(invit           ): pulls=   1 | mean=+0.5077 | bonus=1.0834 | score=+1.5911 | raw=+1.5911 | p_mean_reward=0.5455
     3(icam            ): pulls=   1 | mean=+0.5137 | bonus=1.0921 | score=+1.6059 | raw=+1.6059 | p_mean_reward=0.8182
     4(dact            ): pulls=   1 | mean=+0.5095 | bonus=1.0886 | score=+1.5982 | raw=+1.5982 | p_mean_reward=0.1818
     5(lih             ): pulls=   1 | mean=+0.5089 | bonus=1.0893 | score=+1.5982 | raw=+1.5982 | p_mean_reward=0.0000
     6(udc             ): pulls=   1 | mean=+0.5094 | bonus=1.0872 | score=+1.5966 | raw=+1.5966 | p_mean_reward=0.1818
     7(omni            ): pulls=   2 | mean=+0.5083 | bonus=1.0784 | score=+1.5867 | raw=+1.5867 | p_mean_reward=0.5909
     8(pointerformer   ): pulls=   2 | mean=+0.5095 | bonus=1.0930 | score=+1.6024 | raw=+1.6024 | p_mean_reward=0.7500
     9(difusco         ): pulls=   2 | mean=+0.5221 | bonus=1.0881 | score=+1.6102 | raw=+1.6102 | p_mean_reward=0.8636
    10(t2t             ): pulls=   1 | mean=+0.5077 | bonus=1.0836 | score=+1.5913 | raw=+1.5913 | p_mean_reward=0.2727 <--
    11(glop            ): pulls=   1 | mean=+0.5160 | bonus=1.0870 | score=+1.6029 | raw=+1.6029 | p_mean_reward=0.3636
05:35:41 | t=23 | UPDATE | problem=TSP | uid=tsp:2270 | global_index=2270 | arm=10(t2t)
    outcome: reward=0.1818 | selected_cost=9.2434 | best_cost=7.8931 | regret=1.3503
    result: record_global_index=2270 | name=None | aug_score=9.2434
    arm_stats: global_pulls=2 | problem_arm_pulls=2 | avg_reward=0.2273 | problem_arm_avg_reward=0.2273
    state: history=23 | U_norm=1768.5566 | U_mean=1.002302 | U_min=1.000000 | U_max=592.277893
05:35:41 | t=23 | TRAIN | module=reward_net | trigger=warmup(<= 240)
    optimize: epochs=20 | steps=20 | batch_size=23 | replay=balanced_problem_arm | history=23 | lr=0.001
    loss: avg=0.094250 | min=0.055262 | max=0.136455 | last=0.136455
    state: U_norm=1768.5566 | U_mean=1.002302 | U_min=1.000000 | U_max=592.277893
05:35:49 | epoch=1 | TRAIN[23] | CVRP | select arm=7(omni) | reason=warm_start
     0(lehd            ): pulls=   1 | mean=+0.4654 | bonus=1.0225 | score=+1.4879 | raw=+1.4879 | p_mean_reward=0.5714
     1(elg             ): pulls=   1 | mean=+0.4650 | bonus=1.0168 | score=+1.4818 | raw=+1.4818 | p_mean_reward=0.7143
     2(invit           ): pulls=   1 | mean=+0.4639 | bonus=1.0182 | score=+1.4821 | raw=+1.4821 | p_mean_reward=0.4286
     3(icam            ): pulls=   1 | mean=+0.4690 | bonus=1.0256 | score=+1.4945 | raw=+1.4945 | p_mean_reward=1.0000
     4(dact            ): pulls=   1 | mean=+0.4655 | bonus=1.0236 | score=+1.4891 | raw=+1.4891 | p_mean_reward=0.1429
     5(lih             ): pulls=   1 | mean=+0.4647 | bonus=1.0240 | score=+1.4887 | raw=+1.4887 | p_mean_reward=0.2857
     6(udc             ): pulls=   1 | mean=+0.4653 | bonus=1.0234 | score=+1.4887 | raw=+1.4887 | p_mean_reward=0.0000
     7(omni            ): pulls=   0 | mean=+0.4646 | bonus=1.0146 | score=+1.4792 | raw=+1.4792 <--
05:37:28 | t=24 | UPDATE | problem=CVRP | uid=cvrp:430 | global_index=430 | arm=7(omni)
    outcome: reward=0.5714 | selected_cost=17.4496 | best_cost=17.3086 | regret=0.1410
    result: record_global_index=430 | name=None | aug_score=17.4496
    arm_stats: global_pulls=3 | problem_arm_pulls=1 | avg_reward=0.5844 | problem_arm_avg_reward=0.5714
    state: history=24 | U_norm=1773.1416 | U_mean=1.002329 | U_min=1.000000 | U_max=599.427551
05:37:28 | t=24 | TRAIN | module=reward_net | trigger=warmup(<= 240)
    optimize: epochs=20 | steps=20 | batch_size=24 | replay=balanced_problem_arm | history=24 | lr=0.001
    loss: avg=0.088457 | min=0.065966 | max=0.114268 | last=0.086603
    state: U_norm=1773.1416 | U_mean=1.002329 | U_min=1.000000 | U_max=599.427551
05:37:38 | epoch=1 | TRAIN[24] | TSP | select arm=11(glop) | reason=warm_start
     0(lehd            ): pulls=   1 | mean=+0.4385 | bonus=0.9804 | score=+1.4189 | raw=+1.4189 | p_mean_reward=0.9091
     1(elg             ): pulls=   1 | mean=+0.4382 | bonus=0.9758 | score=+1.4140 | raw=+1.4140 | p_mean_reward=0.8182
     2(invit           ): pulls=   1 | mean=+0.4372 | bonus=0.9772 | score=+1.4144 | raw=+1.4144 | p_mean_reward=0.5455
     3(icam            ): pulls=   1 | mean=+0.4422 | bonus=0.9844 | score=+1.4266 | raw=+1.4266 | p_mean_reward=0.8182
     4(dact            ): pulls=   1 | mean=+0.4387 | bonus=0.9824 | score=+1.4210 | raw=+1.4210 | p_mean_reward=0.1818
     5(lih             ): pulls=   1 | mean=+0.4379 | bonus=0.9827 | score=+1.4206 | raw=+1.4206 | p_mean_reward=0.0000
     6(udc             ): pulls=   1 | mean=+0.4385 | bonus=0.9811 | score=+1.4195 | raw=+1.4195 | p_mean_reward=0.1818
     7(omni            ): pulls=   2 | mean=+0.4378 | bonus=0.9734 | score=+1.4111 | raw=+1.4111 | p_mean_reward=0.5909
     8(pointerformer   ): pulls=   2 | mean=+0.4387 | bonus=0.9850 | score=+1.4237 | raw=+1.4237 | p_mean_reward=0.7500
     9(difusco         ): pulls=   2 | mean=+0.4493 | bonus=0.9802 | score=+1.4295 | raw=+1.4295 | p_mean_reward=0.8636
    10(t2t             ): pulls=   2 | mean=+0.4372 | bonus=0.9772 | score=+1.4144 | raw=+1.4144 | p_mean_reward=0.2273
    11(glop            ): pulls=   1 | mean=+0.4439 | bonus=0.9803 | score=+1.4242 | raw=+1.4242 | p_mean_reward=0.3636 <--
05:39:55 | t=25 | UPDATE | problem=TSP | uid=tsp:3093 | global_index=3093 | arm=11(glop)
    outcome: reward=0.3636 | selected_cost=8.6110 | best_cost=8.1257 | regret=0.4853
    result: record_global_index=3093 | name=None | aug_score=8.6110
    arm_stats: global_pulls=2 | problem_arm_pulls=2 | avg_reward=0.3636 | problem_arm_avg_reward=0.3636
    state: history=25 | U_norm=1777.2117 | U_mean=1.002355 | U_min=1.000000 | U_max=605.735718
05:39:55 | t=25 | TRAIN | module=reward_net | trigger=warmup(<= 240)
    optimize: epochs=20 | steps=20 | batch_size=25 | replay=balanced_problem_arm | history=25 | lr=0.001
    loss: avg=0.098491 | min=0.071616 | max=0.135297 | last=0.107640
    state: U_norm=1777.2117 | U_mean=1.002355 | U_min=1.000000 | U_max=605.735718
05:40:03 | epoch=1 | TRAIN[25] | TSP | select arm=0(lehd) | reason=warm_start
     0(lehd            ): pulls=   1 | mean=+0.4811 | bonus=0.9615 | score=+1.4426 | raw=+1.4426 | p_mean_reward=0.9091 <--
     1(elg             ): pulls=   1 | mean=+0.4808 | bonus=0.9573 | score=+1.4381 | raw=+1.4381 | p_mean_reward=0.8182
     2(invit           ): pulls=   1 | mean=+0.4798 | bonus=0.9583 | score=+1.4381 | raw=+1.4381 | p_mean_reward=0.5455
     3(icam            ): pulls=   1 | mean=+0.4847 | bonus=0.9648 | score=+1.4496 | raw=+1.4496 | p_mean_reward=0.8182
     4(dact            ): pulls=   1 | mean=+0.4816 | bonus=0.9630 | score=+1.4447 | raw=+1.4447 | p_mean_reward=0.1818
     5(lih             ): pulls=   1 | mean=+0.4805 | bonus=0.9633 | score=+1.4438 | raw=+1.4438 | p_mean_reward=0.0000
     6(udc             ): pulls=   1 | mean=+0.4812 | bonus=0.9622 | score=+1.4434 | raw=+1.4434 | p_mean_reward=0.1818
     7(omni            ): pulls=   2 | mean=+0.4803 | bonus=0.9549 | score=+1.4352 | raw=+1.4352 | p_mean_reward=0.5909
     8(pointerformer   ): pulls=   2 | mean=+0.4816 | bonus=0.9648 | score=+1.4464 | raw=+1.4464 | p_mean_reward=0.7500
     9(difusco         ): pulls=   2 | mean=+0.4908 | bonus=0.9622 | score=+1.4530 | raw=+1.4530 | p_mean_reward=0.8636
    10(t2t             ): pulls=   2 | mean=+0.4797 | bonus=0.9585 | score=+1.4381 | raw=+1.4381 | p_mean_reward=0.2273
    11(glop            ): pulls=   2 | mean=+0.4861 | bonus=0.9615 | score=+1.4475 | raw=+1.4475 | p_mean_reward=0.3636
05:41:35 | t=26 | UPDATE | problem=TSP | uid=tsp:5553 | global_index=5553 | arm=0(lehd)
    outcome: reward=0.8182 | selected_cost=7.6438 | best_cost=7.6415 | regret=0.0023
    result: record_global_index=5553 | name=None | aug_score=7.6438
    arm_stats: global_pulls=3 | problem_arm_pulls=2 | avg_reward=0.7662 | problem_arm_avg_reward=0.8636
    state: history=26 | U_norm=1781.0995 | U_mean=1.002379 | U_min=1.000000 | U_max=611.611267
05:41:35 | t=26 | TRAIN | module=reward_net | trigger=warmup(<= 240)
    optimize: epochs=20 | steps=20 | batch_size=26 | replay=balanced_problem_arm | history=26 | lr=0.001
    loss: avg=0.087965 | min=0.054959 | max=0.120149 | last=0.109248
    state: U_norm=1781.0995 | U_mean=1.002379 | U_min=1.000000 | U_max=611.611267
05:41:45 | epoch=1 | TRAIN[26] | CVRP | select arm=1(elg) | reason=warm_start
     0(lehd            ): pulls=   1 | mean=+0.4879 | bonus=0.9348 | score=+1.4227 | raw=+1.4227 | p_mean_reward=0.5714
     1(elg             ): pulls=   1 | mean=+0.4876 | bonus=0.9307 | score=+1.4183 | raw=+1.4183 | p_mean_reward=0.7143 <--
     2(invit           ): pulls=   1 | mean=+0.4866 | bonus=0.9311 | score=+1.4177 | raw=+1.4177 | p_mean_reward=0.4286
     3(icam            ): pulls=   1 | mean=+0.4912 | bonus=0.9370 | score=+1.4281 | raw=+1.4281 | p_mean_reward=1.0000
     4(dact            ): pulls=   1 | mean=+0.4886 | bonus=0.9355 | score=+1.4242 | raw=+1.4242 | p_mean_reward=0.1429
     5(lih             ): pulls=   1 | mean=+0.4871 | bonus=0.9356 | score=+1.4227 | raw=+1.4227 | p_mean_reward=0.2857
     6(udc             ): pulls=   1 | mean=+0.4879 | bonus=0.9359 | score=+1.4239 | raw=+1.4239 | p_mean_reward=0.0000
     7(omni            ): pulls=   1 | mean=+0.4872 | bonus=0.9289 | score=+1.4161 | raw=+1.4161 | p_mean_reward=0.5714
05:44:06 | t=27 | UPDATE | problem=CVRP | uid=cvrp:1483 | global_index=1483 | arm=1(elg)
    outcome: reward=0.8571 | selected_cost=16.9684 | best_cost=16.9352 | regret=0.0332
    result: record_global_index=1483 | name=None | aug_score=16.9684
    arm_stats: global_pulls=3 | problem_arm_pulls=2 | avg_reward=0.7965 | problem_arm_avg_reward=0.7857
    state: history=27 | U_norm=1784.8184 | U_mean=1.002403 | U_min=1.000000 | U_max=617.095520
05:44:06 | t=27 | TRAIN | module=reward_net | trigger=warmup(<= 240)
    optimize: epochs=20 | steps=20 | batch_size=27 | replay=balanced_problem_arm | history=27 | lr=0.001
    loss: avg=0.102364 | min=0.075623 | max=0.128393 | last=0.091830
    state: U_norm=1784.8184 | U_mean=1.002403 | U_min=1.000000 | U_max=617.095520
05:44:09 | epoch=1 | TRAIN[27] | TSP | select arm=2(invit) | reason=warm_start
     0(lehd            ): pulls=   2 | mean=+0.4738 | bonus=0.8957 | score=+1.3694 | raw=+1.3694 | p_mean_reward=0.8636
     1(elg             ): pulls=   1 | mean=+0.4736 | bonus=0.8927 | score=+1.3662 | raw=+1.3662 | p_mean_reward=0.8182
     2(invit           ): pulls=   1 | mean=+0.4726 | bonus=0.8927 | score=+1.3653 | raw=+1.3653 | p_mean_reward=0.5455 <--
     3(icam            ): pulls=   1 | mean=+0.4771 | bonus=0.8984 | score=+1.3756 | raw=+1.3756 | p_mean_reward=0.8182
     4(dact            ): pulls=   1 | mean=+0.4747 | bonus=0.8971 | score=+1.3718 | raw=+1.3718 | p_mean_reward=0.1818
     5(lih             ): pulls=   1 | mean=+0.4731 | bonus=0.8969 | score=+1.3700 | raw=+1.3700 | p_mean_reward=0.0000
     6(udc             ): pulls=   1 | mean=+0.4740 | bonus=0.8969 | score=+1.3708 | raw=+1.3708 | p_mean_reward=0.1818
     7(omni            ): pulls=   2 | mean=+0.4731 | bonus=0.8904 | score=+1.3635 | raw=+1.3635 | p_mean_reward=0.5909
     8(pointerformer   ): pulls=   2 | mean=+0.4743 | bonus=0.8976 | score=+1.3719 | raw=+1.3719 | p_mean_reward=0.7500
     9(difusco         ): pulls=   2 | mean=+0.4815 | bonus=0.8970 | score=+1.3785 | raw=+1.3785 | p_mean_reward=0.8636
    10(t2t             ): pulls=   2 | mean=+0.4723 | bonus=0.8935 | score=+1.3659 | raw=+1.3659 | p_mean_reward=0.2273
    11(glop            ): pulls=   2 | mean=+0.4780 | bonus=0.8958 | score=+1.3738 | raw=+1.3738 | p_mean_reward=0.3636
05:46:06 | t=28 | UPDATE | problem=TSP | uid=tsp:8873 | global_index=8873 | arm=2(invit)
    outcome: reward=0.4545 | selected_cost=8.5540 | best_cost=8.2473 | regret=0.3067
    result: record_global_index=8873 | name=None | aug_score=8.5540
    arm_stats: global_pulls=3 | problem_arm_pulls=2 | avg_reward=0.4762 | problem_arm_avg_reward=0.5000
    state: history=28 | U_norm=1788.1860 | U_mean=1.002425 | U_min=1.000000 | U_max=622.026123
05:46:06 | t=28 | TRAIN | module=reward_net | trigger=warmup(<= 240)
    optimize: epochs=20 | steps=20 | batch_size=28 | replay=balanced_problem_arm | history=28 | lr=0.001
    loss: avg=0.096945 | min=0.058009 | max=0.124907 | last=0.101275
    state: U_norm=1788.1860 | U_mean=1.002425 | U_min=1.000000 | U_max=622.026123
05:46:16 | epoch=1 | TRAIN[28] | CVRP | select arm=3(icam) | reason=warm_start
     0(lehd            ): pulls=   1 | mean=+0.5048 | bonus=0.8953 | score=+1.4001 | raw=+1.4001 | p_mean_reward=0.5714
     1(elg             ): pulls=   2 | mean=+0.5046 | bonus=0.8917 | score=+1.3963 | raw=+1.3963 | p_mean_reward=0.7857
     2(invit           ): pulls=   1 | mean=+0.5037 | bonus=0.8922 | score=+1.3959 | raw=+1.3959 | p_mean_reward=0.4286
     3(icam            ): pulls=   1 | mean=+0.5081 | bonus=0.8976 | score=+1.4057 | raw=+1.4057 | p_mean_reward=1.0000 <--
     4(dact            ): pulls=   1 | mean=+0.5058 | bonus=0.8961 | score=+1.4019 | raw=+1.4019 | p_mean_reward=0.1429
     5(lih             ): pulls=   1 | mean=+0.5041 | bonus=0.8962 | score=+1.4003 | raw=+1.4003 | p_mean_reward=0.2857
     6(udc             ): pulls=   1 | mean=+0.5050 | bonus=0.8960 | score=+1.4010 | raw=+1.4010 | p_mean_reward=0.0000
     7(omni            ): pulls=   1 | mean=+0.5042 | bonus=0.8901 | score=+1.3943 | raw=+1.3943 | p_mean_reward=0.5714
05:48:23 | t=29 | UPDATE | problem=CVRP | uid=cvrp:8235 | global_index=8235 | arm=3(icam)
    outcome: reward=0.8571 | selected_cost=18.1903 | best_cost=18.1845 | regret=0.0058
    result: record_global_index=8235 | name=None | aug_score=18.1903
    arm_stats: global_pulls=3 | problem_arm_pulls=2 | avg_reward=0.8918 | problem_arm_avg_reward=0.9286
    state: history=29 | U_norm=1791.4928 | U_mean=1.002446 | U_min=1.000000 | U_max=626.795349
05:48:23 | t=29 | TRAIN | module=reward_net | trigger=warmup(<= 240)
    optimize: epochs=20 | steps=20 | batch_size=29 | replay=balanced_problem_arm | history=29 | lr=0.001
    loss: avg=0.093810 | min=0.065172 | max=0.126159 | last=0.097962
    state: U_norm=1791.4928 | U_mean=1.002446 | U_min=1.000000 | U_max=626.795349
05:48:33 | epoch=1 | TRAIN[29] | CVRP | select arm=4(dact) | reason=warm_start
     0(lehd            ): pulls=   1 | mean=+0.4802 | bonus=0.8574 | score=+1.3376 | raw=+1.3376 | p_mean_reward=0.5714
     1(elg             ): pulls=   2 | mean=+0.4801 | bonus=0.8543 | score=+1.3344 | raw=+1.3344 | p_mean_reward=0.7857
     2(invit           ): pulls=   1 | mean=+0.4792 | bonus=0.8544 | score=+1.3336 | raw=+1.3336 | p_mean_reward=0.4286
     3(icam            ): pulls=   2 | mean=+0.4833 | bonus=0.8595 | score=+1.3429 | raw=+1.3429 | p_mean_reward=0.9286
     4(dact            ): pulls=   1 | mean=+0.4813 | bonus=0.8582 | score=+1.3395 | raw=+1.3395 | p_mean_reward=0.1429 <--
     5(lih             ): pulls=   1 | mean=+0.4795 | bonus=0.8582 | score=+1.3377 | raw=+1.3377 | p_mean_reward=0.2857
     6(udc             ): pulls=   1 | mean=+0.4804 | bonus=0.8583 | score=+1.3387 | raw=+1.3387 | p_mean_reward=0.0000
     7(omni            ): pulls=   1 | mean=+0.4797 | bonus=0.8527 | score=+1.3324 | raw=+1.3324 | p_mean_reward=0.5714
05:50:43 | t=30 | UPDATE | problem=CVRP | uid=cvrp:9232 | global_index=9232 | arm=4(dact)
    outcome: reward=0.1429 | selected_cost=23.3215 | best_cost=17.3551 | regret=5.9665
    result: record_global_index=9232 | name=None | aug_score=23.3215
    arm_stats: global_pulls=3 | problem_arm_pulls=2 | avg_reward=0.1558 | problem_arm_avg_reward=0.1429
    state: history=30 | U_norm=1794.5396 | U_mean=1.002466 | U_min=1.000000 | U_max=631.143311
05:50:43 | t=30 | TRAIN | module=reward_net | trigger=warmup(<= 240)
    optimize: epochs=20 | steps=20 | batch_size=30 | replay=balanced_problem_arm | history=30 | lr=0.001
    loss: avg=0.091308 | min=0.062728 | max=0.120244 | last=0.118529
    state: U_norm=1794.5396 | U_mean=1.002466 | U_min=1.000000 | U_max=631.143311
05:50:58 | epoch=1 | TRAIN[30] | TSP | select arm=5(lih) | reason=warm_start
     0(lehd            ): pulls=   2 | mean=+0.4987 | bonus=0.8456 | score=+1.3443 | raw=+1.3443 | p_mean_reward=0.8636
     1(elg             ): pulls=   1 | mean=+0.4985 | bonus=0.8431 | score=+1.3417 | raw=+1.3417 | p_mean_reward=0.8182
     2(invit           ): pulls=   2 | mean=+0.4977 | bonus=0.8432 | score=+1.3409 | raw=+1.3409 | p_mean_reward=0.5000
     3(icam            ): pulls=   1 | mean=+0.5020 | bonus=0.8482 | score=+1.3502 | raw=+1.3502 | p_mean_reward=0.8182
     4(dact            ): pulls=   1 | mean=+0.5000 | bonus=0.8469 | score=+1.3469 | raw=+1.3469 | p_mean_reward=0.1818
     5(lih             ): pulls=   1 | mean=+0.4981 | bonus=0.8466 | score=+1.3448 | raw=+1.3448 | p_mean_reward=0.0000 <--
     6(udc             ): pulls=   1 | mean=+0.4990 | bonus=0.8464 | score=+1.3454 | raw=+1.3454 | p_mean_reward=0.1818
     7(omni            ): pulls=   2 | mean=+0.4981 | bonus=0.8413 | score=+1.3394 | raw=+1.3394 | p_mean_reward=0.5909
     8(pointerformer   ): pulls=   2 | mean=+0.4999 | bonus=0.8472 | score=+1.3471 | raw=+1.3471 | p_mean_reward=0.7500
     9(difusco         ): pulls=   2 | mean=+0.5048 | bonus=0.8475 | score=+1.3523 | raw=+1.3523 | p_mean_reward=0.8636
    10(t2t             ): pulls=   2 | mean=+0.4975 | bonus=0.8437 | score=+1.3412 | raw=+1.3412 | p_mean_reward=0.2273
    11(glop            ): pulls=   2 | mean=+0.5021 | bonus=0.8462 | score=+1.3483 | raw=+1.3483 | p_mean_reward=0.3636
05:53:10 | t=31 | UPDATE | problem=TSP | uid=tsp:6858 | global_index=6858 | arm=5(lih)
    outcome: reward=0.0000 | selected_cost=50.1026 | best_cost=7.7449 | regret=42.3578
    result: record_global_index=6858 | name=None | aug_score=50.1026
    arm_stats: global_pulls=3 | problem_arm_pulls=2 | avg_reward=0.0952 | problem_arm_avg_reward=0.0000
    state: history=31 | U_norm=1797.3550 | U_mean=1.002486 | U_min=1.000000 | U_max=635.162537
05:53:10 | t=31 | TRAIN | module=reward_net | trigger=warmup(<= 240)
    optimize: epochs=20 | steps=20 | batch_size=31 | replay=balanced_problem_arm | history=31 | lr=0.001
    loss: avg=0.094121 | min=0.067761 | max=0.130908 | last=0.112031
    state: U_norm=1797.3550 | U_mean=1.002486 | U_min=1.000000 | U_max=635.162537
05:53:21 | epoch=1 | TRAIN[31] | CVRP | select arm=6(udc) | reason=warm_start
     0(lehd            ): pulls=   1 | mean=+0.4763 | bonus=0.8138 | score=+1.2902 | raw=+1.2902 | p_mean_reward=0.5714
     1(elg             ): pulls=   2 | mean=+0.4762 | bonus=0.8109 | score=+1.2871 | raw=+1.2871 | p_mean_reward=0.7857
     2(invit           ): pulls=   1 | mean=+0.4754 | bonus=0.8112 | score=+1.2867 | raw=+1.2867 | p_mean_reward=0.4286
     3(icam            ): pulls=   2 | mean=+0.4793 | bonus=0.8159 | score=+1.2952 | raw=+1.2952 | p_mean_reward=0.9286
     4(dact            ): pulls=   2 | mean=+0.4775 | bonus=0.8145 | score=+1.2921 | raw=+1.2921 | p_mean_reward=0.1429
     5(lih             ): pulls=   1 | mean=+0.4757 | bonus=0.8145 | score=+1.2903 | raw=+1.2903 | p_mean_reward=0.2857
     6(udc             ): pulls=   1 | mean=+0.4766 | bonus=0.8142 | score=+1.2908 | raw=+1.2908 | p_mean_reward=0.0000 <--
     7(omni            ): pulls=   1 | mean=+0.4759 | bonus=0.8096 | score=+1.2855 | raw=+1.2855 | p_mean_reward=0.5714
05:56:14 | t=32 | UPDATE | problem=CVRP | uid=cvrp:9151 | global_index=9151 | arm=6(udc)
    outcome: reward=0.0000 | selected_cost=30.5865 | best_cost=17.2441 | regret=13.3424
    result: record_global_index=9151 | name=None | aug_score=30.5865
    arm_stats: global_pulls=3 | problem_arm_pulls=2 | avg_reward=0.0606 | problem_arm_avg_reward=0.0000
    state: history=32 | U_norm=1799.9764 | U_mean=1.002504 | U_min=1.000000 | U_max=638.905518
05:56:14 | t=32 | TRAIN | module=reward_net | trigger=warmup(<= 240)
    optimize: epochs=20 | steps=20 | batch_size=32 | replay=balanced_problem_arm | history=32 | lr=0.001
    loss: avg=0.090457 | min=0.063916 | max=0.119498 | last=0.097215
    state: U_norm=1799.9764 | U_mean=1.002504 | U_min=1.000000 | U_max=638.905518
05:56:18 | epoch=1 | TRAIN[32] | TSP | select arm=1(elg) | reason=warm_start
     0(lehd            ): pulls=   2 | mean=+0.4867 | bonus=0.8000 | score=+1.2866 | raw=+1.2866 | p_mean_reward=0.8636
     1(elg             ): pulls=   1 | mean=+0.4866 | bonus=0.7976 | score=+1.2842 | raw=+1.2842 | p_mean_reward=0.8182 <--
     2(invit           ): pulls=   2 | mean=+0.4858 | bonus=0.7978 | score=+1.2835 | raw=+1.2835 | p_mean_reward=0.5000
     3(icam            ): pulls=   1 | mean=+0.4897 | bonus=0.8023 | score=+1.2920 | raw=+1.2920 | p_mean_reward=0.8182
     4(dact            ): pulls=   1 | mean=+0.4880 | bonus=0.8010 | score=+1.2890 | raw=+1.2890 | p_mean_reward=0.1818
     5(lih             ): pulls=   2 | mean=+0.4861 | bonus=0.8008 | score=+1.2869 | raw=+1.2869 | p_mean_reward=0.0000
     6(udc             ): pulls=   1 | mean=+0.4870 | bonus=0.8004 | score=+1.2874 | raw=+1.2874 | p_mean_reward=0.1818
     7(omni            ): pulls=   2 | mean=+0.4861 | bonus=0.7962 | score=+1.2823 | raw=+1.2823 | p_mean_reward=0.5909
     8(pointerformer   ): pulls=   2 | mean=+0.4880 | bonus=0.8014 | score=+1.2893 | raw=+1.2893 | p_mean_reward=0.7500
     9(difusco         ): pulls=   2 | mean=+0.4918 | bonus=0.8017 | score=+1.2936 | raw=+1.2936 | p_mean_reward=0.8636
    10(t2t             ): pulls=   2 | mean=+0.4856 | bonus=0.7982 | score=+1.2838 | raw=+1.2838 | p_mean_reward=0.2273
    11(glop            ): pulls=   2 | mean=+0.4896 | bonus=0.8006 | score=+1.2901 | raw=+1.2901 | p_mean_reward=0.3636
05:59:07 | t=33 | UPDATE | problem=TSP | uid=tsp:4587 | global_index=4587 | arm=1(elg)
    outcome: reward=0.7273 | selected_cost=7.8353 | best_cost=7.8285 | regret=0.0068
    result: record_global_index=4587 | name=None | aug_score=7.8353
    arm_stats: global_pulls=4 | problem_arm_pulls=2 | avg_reward=0.7792 | problem_arm_avg_reward=0.7727
    state: history=33 | U_norm=1802.4406 | U_mean=1.002521 | U_min=1.000000 | U_max=642.395264
05:59:07 | t=33 | TRAIN | module=reward_net | trigger=warmup(<= 240)
    optimize: epochs=20 | steps=20 | batch_size=33 | replay=balanced_problem_arm | history=33 | lr=0.001
    loss: avg=0.093109 | min=0.068953 | max=0.125035 | last=0.099762
    state: U_norm=1802.4406 | U_mean=1.002521 | U_min=1.000000 | U_max=642.395264
05:59:15 | epoch=1 | TRAIN[33] | TSP | select arm=3(icam) | reason=warm_start
     0(lehd            ): pulls=   2 | mean=+0.4611 | bonus=0.7651 | score=+1.2262 | raw=+1.2262 | p_mean_reward=0.8636
     1(elg             ): pulls=   2 | mean=+0.4611 | bonus=0.7628 | score=+1.2239 | raw=+1.2239 | p_mean_reward=0.7727
     2(invit           ): pulls=   2 | mean=+0.4603 | bonus=0.7630 | score=+1.2233 | raw=+1.2233 | p_mean_reward=0.5000
     3(icam            ): pulls=   1 | mean=+0.4640 | bonus=0.7672 | score=+1.2312 | raw=+1.2312 | p_mean_reward=0.8182 <--
     4(dact            ): pulls=   1 | mean=+0.4624 | bonus=0.7661 | score=+1.2285 | raw=+1.2285 | p_mean_reward=0.1818
     5(lih             ): pulls=   2 | mean=+0.4607 | bonus=0.7659 | score=+1.2265 | raw=+1.2265 | p_mean_reward=0.0000
     6(udc             ): pulls=   1 | mean=+0.4615 | bonus=0.7654 | score=+1.2269 | raw=+1.2269 | p_mean_reward=0.1818
     7(omni            ): pulls=   2 | mean=+0.4607 | bonus=0.7615 | score=+1.2222 | raw=+1.2222 | p_mean_reward=0.5909
     8(pointerformer   ): pulls=   2 | mean=+0.4624 | bonus=0.7663 | score=+1.2287 | raw=+1.2287 | p_mean_reward=0.7500
     9(difusco         ): pulls=   2 | mean=+0.4660 | bonus=0.7666 | score=+1.2325 | raw=+1.2325 | p_mean_reward=0.8636
    10(t2t             ): pulls=   2 | mean=+0.4603 | bonus=0.7633 | score=+1.2235 | raw=+1.2235 | p_mean_reward=0.2273
    11(glop            ): pulls=   2 | mean=+0.4638 | bonus=0.7656 | score=+1.2294 | raw=+1.2294 | p_mean_reward=0.3636
06:01:45 | t=34 | UPDATE | problem=TSP | uid=tsp:5228 | global_index=5228 | arm=3(icam)
    outcome: reward=0.9091 | selected_cost=7.9975 | best_cost=7.9959 | regret=0.0017
    result: record_global_index=5228 | name=None | aug_score=7.9975
    arm_stats: global_pulls=4 | problem_arm_pulls=2 | avg_reward=0.8961 | problem_arm_avg_reward=0.8636
    state: history=34 | U_norm=1804.7151 | U_mean=1.002537 | U_min=1.000000 | U_max=645.569153
06:01:45 | t=34 | TRAIN | module=reward_net | trigger=warmup(<= 240)
    optimize: epochs=20 | steps=20 | batch_size=34 | replay=balanced_problem_arm | history=34 | lr=0.001
    loss: avg=0.091931 | min=0.071787 | max=0.125328 | last=0.107544
    state: U_norm=1804.7151 | U_mean=1.002537 | U_min=1.000000 | U_max=645.569153
06:01:57 | epoch=1 | TRAIN[34] | CVRP | select arm=0(lehd) | reason=warm_start
     0(lehd            ): pulls=   1 | mean=+0.4765 | bonus=0.7693 | score=+1.2459 | raw=+1.2459 | p_mean_reward=0.5714 <--
     1(elg             ): pulls=   2 | mean=+0.4765 | bonus=0.7667 | score=+1.2432 | raw=+1.2432 | p_mean_reward=0.7857
     2(invit           ): pulls=   1 | mean=+0.4757 | bonus=0.7671 | score=+1.2429 | raw=+1.2429 | p_mean_reward=0.4286
     3(icam            ): pulls=   2 | mean=+0.4793 | bonus=0.7712 | score=+1.2505 | raw=+1.2505 | p_mean_reward=0.9286
     4(dact            ): pulls=   2 | mean=+0.4778 | bonus=0.7700 | score=+1.2478 | raw=+1.2478 | p_mean_reward=0.1429
     5(lih             ): pulls=   1 | mean=+0.4761 | bonus=0.7698 | score=+1.2459 | raw=+1.2459 | p_mean_reward=0.2857
     6(udc             ): pulls=   2 | mean=+0.4768 | bonus=0.7693 | score=+1.2461 | raw=+1.2461 | p_mean_reward=0.0000
     7(omni            ): pulls=   1 | mean=+0.4761 | bonus=0.7658 | score=+1.2419 | raw=+1.2419 | p_mean_reward=0.5714
06:04:12 | t=35 | UPDATE | problem=CVRP | uid=cvrp:1403 | global_index=1403 | arm=0(lehd)
    outcome: reward=1.0000 | selected_cost=13.0444 | best_cost=13.0444 | regret=0.0000
    result: record_global_index=1403 | name=None | aug_score=13.0444
    arm_stats: global_pulls=4 | problem_arm_pulls=2 | avg_reward=0.8247 | problem_arm_avg_reward=0.7857
    state: history=35 | U_norm=1806.9156 | U_mean=1.002553 | U_min=1.000000 | U_max=648.653076
06:04:12 | t=35 | TRAIN | module=reward_net | trigger=warmup(<= 240)
    optimize: epochs=20 | steps=20 | batch_size=35 | replay=balanced_problem_arm | history=35 | lr=0.001
    loss: avg=0.094978 | min=0.068043 | max=0.114233 | last=0.111637
    state: U_norm=1806.9156 | U_mean=1.002553 | U_min=1.000000 | U_max=648.653076
06:04:28 | epoch=1 | TRAIN[35] | TSP | select arm=4(dact) | reason=warm_start
     0(lehd            ): pulls=   2 | mean=+0.4793 | bonus=0.7503 | score=+1.2295 | raw=+1.2295 | p_mean_reward=0.8636
     1(elg             ): pulls=   2 | mean=+0.4792 | bonus=0.7484 | score=+1.2276 | raw=+1.2276 | p_mean_reward=0.7727
     2(invit           ): pulls=   2 | mean=+0.4785 | bonus=0.7484 | score=+1.2269 | raw=+1.2269 | p_mean_reward=0.5000
     3(icam            ): pulls=   2 | mean=+0.4821 | bonus=0.7524 | score=+1.2345 | raw=+1.2345 | p_mean_reward=0.8636
     4(dact            ): pulls=   1 | mean=+0.4807 | bonus=0.7513 | score=+1.2320 | raw=+1.2320 | p_mean_reward=0.1818 <--
     5(lih             ): pulls=   2 | mean=+0.4788 | bonus=0.7509 | score=+1.2297 | raw=+1.2297 | p_mean_reward=0.0000
     6(udc             ): pulls=   1 | mean=+0.4796 | bonus=0.7506 | score=+1.2302 | raw=+1.2302 | p_mean_reward=0.1818
     7(omni            ): pulls=   2 | mean=+0.4788 | bonus=0.7472 | score=+1.2261 | raw=+1.2261 | p_mean_reward=0.5909
     8(pointerformer   ): pulls=   2 | mean=+0.4807 | bonus=0.7515 | score=+1.2322 | raw=+1.2322 | p_mean_reward=0.7500
     9(difusco         ): pulls=   2 | mean=+0.4834 | bonus=0.7520 | score=+1.2354 | raw=+1.2354 | p_mean_reward=0.8636
    10(t2t             ): pulls=   2 | mean=+0.4784 | bonus=0.7487 | score=+1.2272 | raw=+1.2272 | p_mean_reward=0.2273
    11(glop            ): pulls=   2 | mean=+0.4816 | bonus=0.7510 | score=+1.2326 | raw=+1.2326 | p_mean_reward=0.3636
06:06:50 | t=36 | UPDATE | problem=TSP | uid=tsp:333 | global_index=333 | arm=4(dact)
    outcome: reward=0.0909 | selected_cost=10.7260 | best_cost=7.9772 | regret=2.7488
    result: record_global_index=333 | name=None | aug_score=10.7260
    arm_stats: global_pulls=4 | problem_arm_pulls=2 | avg_reward=0.1396 | problem_arm_avg_reward=0.1364
    state: history=36 | U_norm=1809.0281 | U_mean=1.002568 | U_min=1.000000 | U_max=651.545837
06:06:50 | t=36 | TRAIN | module=reward_net | trigger=warmup(<= 240)
    optimize: epochs=20 | steps=20 | batch_size=36 | replay=balanced_problem_arm | history=36 | lr=0.001
    loss: avg=0.099413 | min=0.070596 | max=0.132602 | last=0.089418
    state: U_norm=1809.0281 | U_mean=1.002568 | U_min=1.000000 | U_max=651.545837
06:07:05 | epoch=1 | TRAIN[36] | TSP | select arm=6(udc) | reason=warm_start
     0(lehd            ): pulls=   2 | mean=+0.4938 | bonus=0.7525 | score=+1.2463 | raw=+1.2463 | p_mean_reward=0.8636
     1(elg             ): pulls=   2 | mean=+0.4937 | bonus=0.7506 | score=+1.2443 | raw=+1.2443 | p_mean_reward=0.7727
     2(invit           ): pulls=   2 | mean=+0.4930 | bonus=0.7507 | score=+1.2437 | raw=+1.2437 | p_mean_reward=0.5000
     3(icam            ): pulls=   2 | mean=+0.4966 | bonus=0.7546 | score=+1.2511 | raw=+1.2511 | p_mean_reward=0.8636
     4(dact            ): pulls=   2 | mean=+0.4952 | bonus=0.7535 | score=+1.2487 | raw=+1.2487 | p_mean_reward=0.1364
     5(lih             ): pulls=   2 | mean=+0.4934 | bonus=0.7530 | score=+1.2464 | raw=+1.2464 | p_mean_reward=0.0000
     6(udc             ): pulls=   1 | mean=+0.4941 | bonus=0.7526 | score=+1.2468 | raw=+1.2468 | p_mean_reward=0.1818 <--
     7(omni            ): pulls=   2 | mean=+0.4933 | bonus=0.7496 | score=+1.2429 | raw=+1.2429 | p_mean_reward=0.5909
     8(pointerformer   ): pulls=   2 | mean=+0.4953 | bonus=0.7537 | score=+1.2490 | raw=+1.2490 | p_mean_reward=0.7500
     9(difusco         ): pulls=   2 | mean=+0.4976 | bonus=0.7543 | score=+1.2519 | raw=+1.2519 | p_mean_reward=0.8636
    10(t2t             ): pulls=   2 | mean=+0.4930 | bonus=0.7509 | score=+1.2439 | raw=+1.2439 | p_mean_reward=0.2273
    11(glop            ): pulls=   2 | mean=+0.4960 | bonus=0.7532 | score=+1.2492 | raw=+1.2492 | p_mean_reward=0.3636
06:09:17 | t=37 | UPDATE | problem=TSP | uid=tsp:6657 | global_index=6657 | arm=6(udc)
    outcome: reward=0.0909 | selected_cost=10.8908 | best_cost=7.7006 | regret=3.1902
    result: record_global_index=6657 | name=None | aug_score=10.8908
    arm_stats: global_pulls=4 | problem_arm_pulls=2 | avg_reward=0.0682 | problem_arm_avg_reward=0.1364
    state: history=37 | U_norm=1811.0616 | U_mean=1.002583 | U_min=1.000000 | U_max=654.333374
06:09:17 | t=37 | TRAIN | module=reward_net | trigger=warmup(<= 240)
    optimize: epochs=20 | steps=20 | batch_size=37 | replay=balanced_problem_arm | history=37 | lr=0.001
    loss: avg=0.095817 | min=0.070946 | max=0.114124 | last=0.088467
    state: U_norm=1811.0616 | U_mean=1.002583 | U_min=1.000000 | U_max=654.333374
06:09:30 | epoch=1 | TRAIN[37] | TSP | select arm=8(pointerformer) | reason=warm_start
     0(lehd            ): pulls=   2 | mean=+0.4798 | bonus=0.7281 | score=+1.2079 | raw=+1.2079 | p_mean_reward=0.8636
     1(elg             ): pulls=   2 | mean=+0.4798 | bonus=0.7263 | score=+1.2061 | raw=+1.2061 | p_mean_reward=0.7727
     2(invit           ): pulls=   2 | mean=+0.4791 | bonus=0.7264 | score=+1.2055 | raw=+1.2055 | p_mean_reward=0.5000
     3(icam            ): pulls=   2 | mean=+0.4825 | bonus=0.7300 | score=+1.2125 | raw=+1.2125 | p_mean_reward=0.8636
     4(dact            ): pulls=   2 | mean=+0.4812 | bonus=0.7290 | score=+1.2103 | raw=+1.2103 | p_mean_reward=0.1364
     5(lih             ): pulls=   2 | mean=+0.4794 | bonus=0.7285 | score=+1.2080 | raw=+1.2080 | p_mean_reward=0.0000
     6(udc             ): pulls=   2 | mean=+0.4802 | bonus=0.7282 | score=+1.2084 | raw=+1.2084 | p_mean_reward=0.1364
     7(omni            ): pulls=   2 | mean=+0.4794 | bonus=0.7254 | score=+1.2048 | raw=+1.2048 | p_mean_reward=0.5909
     8(pointerformer   ): pulls=   2 | mean=+0.4813 | bonus=0.7292 | score=+1.2105 | raw=+1.2105 | p_mean_reward=0.7500 <--
     9(difusco         ): pulls=   2 | mean=+0.4834 | bonus=0.7297 | score=+1.2131 | raw=+1.2131 | p_mean_reward=0.8636
    10(t2t             ): pulls=   2 | mean=+0.4791 | bonus=0.7266 | score=+1.2057 | raw=+1.2057 | p_mean_reward=0.2273
    11(glop            ): pulls=   2 | mean=+0.4819 | bonus=0.7288 | score=+1.2106 | raw=+1.2106 | p_mean_reward=0.3636
06:11:49 | t=38 | UPDATE | problem=TSP | uid=tsp:6438 | global_index=6438 | arm=8(pointerformer)
    outcome: reward=0.9091 | selected_cost=7.4493 | best_cost=7.4493 | regret=0.0000
    result: record_global_index=6438 | name=None | aug_score=7.4493
    arm_stats: global_pulls=3 | problem_arm_pulls=3 | avg_reward=0.8030 | problem_arm_avg_reward=0.8030
    state: history=38 | U_norm=1812.9863 | U_mean=1.002598 | U_min=1.000000 | U_max=656.920593
06:11:49 | t=38 | TRAIN | module=reward_net | trigger=warmup(<= 240)
    optimize: epochs=20 | steps=20 | batch_size=38 | replay=balanced_problem_arm | history=38 | lr=0.001
    loss: avg=0.099534 | min=0.067159 | max=0.126233 | last=0.113473
    state: U_norm=1812.9863 | U_mean=1.002598 | U_min=1.000000 | U_max=656.920593
06:11:54 | epoch=1 | TRAIN[38] | TSP | select arm=9(difusco) | reason=warm_start
     0(lehd            ): pulls=   2 | mean=+0.4676 | bonus=0.7055 | score=+1.1731 | raw=+1.1731 | p_mean_reward=0.8636
     1(elg             ): pulls=   2 | mean=+0.4676 | bonus=0.7041 | score=+1.1717 | raw=+1.1717 | p_mean_reward=0.7727
     2(invit           ): pulls=   2 | mean=+0.4670 | bonus=0.7040 | score=+1.1709 | raw=+1.1709 | p_mean_reward=0.5000
     3(icam            ): pulls=   2 | mean=+0.4702 | bonus=0.7074 | score=+1.1776 | raw=+1.1776 | p_mean_reward=0.8636
     4(dact            ): pulls=   2 | mean=+0.4690 | bonus=0.7066 | score=+1.1756 | raw=+1.1756 | p_mean_reward=0.1364
     5(lih             ): pulls=   2 | mean=+0.4673 | bonus=0.7060 | score=+1.1733 | raw=+1.1733 | p_mean_reward=0.0000
     6(udc             ): pulls=   2 | mean=+0.4680 | bonus=0.7059 | score=+1.1739 | raw=+1.1739 | p_mean_reward=0.1364
     7(omni            ): pulls=   2 | mean=+0.4672 | bonus=0.7031 | score=+1.1703 | raw=+1.1703 | p_mean_reward=0.5909
     8(pointerformer   ): pulls=   3 | mean=+0.4690 | bonus=0.7067 | score=+1.1757 | raw=+1.1757 | p_mean_reward=0.8030
     9(difusco         ): pulls=   2 | mean=+0.4709 | bonus=0.7072 | score=+1.1781 | raw=+1.1781 | p_mean_reward=0.8636 <--
    10(t2t             ): pulls=   2 | mean=+0.4669 | bonus=0.7042 | score=+1.1712 | raw=+1.1712 | p_mean_reward=0.2273
    11(glop            ): pulls=   2 | mean=+0.4696 | bonus=0.7062 | score=+1.1758 | raw=+1.1758 | p_mean_reward=0.3636
06:14:16 | t=39 | UPDATE | problem=TSP | uid=tsp:8720 | global_index=8720 | arm=9(difusco)
    outcome: reward=0.9545 | selected_cost=7.6750 | best_cost=7.6750 | regret=0.0000
    result: record_global_index=8720 | name=None | aug_score=7.6750
    arm_stats: global_pulls=3 | problem_arm_pulls=3 | avg_reward=0.8939 | problem_arm_avg_reward=0.8939
    state: history=39 | U_norm=1814.7756 | U_mean=1.002612 | U_min=1.000000 | U_max=659.315979
06:14:16 | t=39 | TRAIN | module=reward_net | trigger=warmup(<= 240)
    optimize: epochs=20 | steps=20 | batch_size=39 | replay=balanced_problem_arm | history=39 | lr=0.001
    loss: avg=0.104996 | min=0.079459 | max=0.143986 | last=0.115926
    state: U_norm=1814.7756 | U_mean=1.002612 | U_min=1.000000 | U_max=659.315979
06:14:29 | epoch=1 | TRAIN[39] | CVRP | select arm=2(invit) | reason=warm_start
     0(lehd            ): pulls=   2 | mean=+0.4813 | bonus=0.7132 | score=+1.1945 | raw=+1.1945 | p_mean_reward=0.7857
     1(elg             ): pulls=   2 | mean=+0.4814 | bonus=0.7115 | score=+1.1929 | raw=+1.1929 | p_mean_reward=0.7857
     2(invit           ): pulls=   1 | mean=+0.4807 | bonus=0.7116 | score=+1.1923 | raw=+1.1923 | p_mean_reward=0.4286 <--
     3(icam            ): pulls=   2 | mean=+0.4839 | bonus=0.7149 | score=+1.1988 | raw=+1.1988 | p_mean_reward=0.9286
     4(dact            ): pulls=   2 | mean=+0.4828 | bonus=0.7140 | score=+1.1968 | raw=+1.1968 | p_mean_reward=0.1429
     5(lih             ): pulls=   1 | mean=+0.4810 | bonus=0.7134 | score=+1.1944 | raw=+1.1944 | p_mean_reward=0.2857
     6(udc             ): pulls=   2 | mean=+0.4817 | bonus=0.7133 | score=+1.1950 | raw=+1.1950 | p_mean_reward=0.0000
     7(omni            ): pulls=   1 | mean=+0.4810 | bonus=0.7108 | score=+1.1918 | raw=+1.1918 | p_mean_reward=0.5714
06:16:57 | t=40 | UPDATE | problem=CVRP | uid=cvrp:5093 | global_index=5093 | arm=2(invit)
    outcome: reward=0.4286 | selected_cost=18.8880 | best_cost=18.0641 | regret=0.8240
    result: record_global_index=5093 | name=None | aug_score=18.8880
    arm_stats: global_pulls=4 | problem_arm_pulls=2 | avg_reward=0.4643 | problem_arm_avg_reward=0.4286
    state: history=40 | U_norm=1816.5656 | U_mean=1.002625 | U_min=1.000000 | U_max=661.695923
06:16:57 | t=40 | TRAIN | module=reward_net | trigger=warmup(<= 240)
    optimize: epochs=20 | steps=20 | batch_size=40 | replay=balanced_problem_arm | history=40 | lr=0.001
    loss: avg=0.103673 | min=0.085779 | max=0.123834 | last=0.094194
    state: U_norm=1816.5656 | U_mean=1.002625 | U_min=1.000000 | U_max=661.695923
06:17:07 | epoch=1 | TRAIN[40] | TSP | select arm=10(t2t) | reason=warm_start
     0(lehd            ): pulls=   2 | mean=+0.4901 | bonus=0.7060 | score=+1.1961 | raw=+1.1961 | p_mean_reward=0.8636
     1(elg             ): pulls=   2 | mean=+0.4901 | bonus=0.7048 | score=+1.1949 | raw=+1.1949 | p_mean_reward=0.7727
     2(invit           ): pulls=   2 | mean=+0.4895 | bonus=0.7047 | score=+1.1942 | raw=+1.1942 | p_mean_reward=0.5000
     3(icam            ): pulls=   2 | mean=+0.4926 | bonus=0.7079 | score=+1.2005 | raw=+1.2005 | p_mean_reward=0.8636
     4(dact            ): pulls=   2 | mean=+0.4916 | bonus=0.7071 | score=+1.1987 | raw=+1.1987 | p_mean_reward=0.1364
     5(lih             ): pulls=   2 | mean=+0.4898 | bonus=0.7064 | score=+1.1962 | raw=+1.1962 | p_mean_reward=0.0000
     6(udc             ): pulls=   2 | mean=+0.4905 | bonus=0.7064 | score=+1.1968 | raw=+1.1968 | p_mean_reward=0.1364
     7(omni            ): pulls=   2 | mean=+0.4897 | bonus=0.7039 | score=+1.1937 | raw=+1.1937 | p_mean_reward=0.5909
     8(pointerformer   ): pulls=   3 | mean=+0.4916 | bonus=0.7073 | score=+1.1989 | raw=+1.1989 | p_mean_reward=0.8030
     9(difusco         ): pulls=   3 | mean=+0.4930 | bonus=0.7078 | score=+1.2008 | raw=+1.2008 | p_mean_reward=0.8939
    10(t2t             ): pulls=   2 | mean=+0.4895 | bonus=0.7049 | score=+1.1944 | raw=+1.1944 | p_mean_reward=0.2273 <--
    11(glop            ): pulls=   2 | mean=+0.4919 | bonus=0.7068 | score=+1.1987 | raw=+1.1987 | p_mean_reward=0.3636
06:19:43 | t=41 | UPDATE | problem=TSP | uid=tsp:9624 | global_index=9624 | arm=10(t2t)
    outcome: reward=0.3636 | selected_cost=8.4048 | best_cost=7.5469 | regret=0.8579
    result: record_global_index=9624 | name=None | aug_score=8.4048
    arm_stats: global_pulls=3 | problem_arm_pulls=3 | avg_reward=0.2727 | problem_arm_avg_reward=0.2727
    state: history=41 | U_norm=1818.3113 | U_mean=1.002639 | U_min=1.000000 | U_max=663.969299
06:19:43 | t=41 | TRAIN | module=reward_net | trigger=warmup(<= 240)
    optimize: epochs=20 | steps=20 | batch_size=41 | replay=balanced_problem_arm | history=41 | lr=0.001
    loss: avg=0.096613 | min=0.073139 | max=0.124939 | last=0.094052
    state: U_norm=1818.3113 | U_mean=1.002639 | U_min=1.000000 | U_max=663.969299
06:19:52 | epoch=1 | TRAIN[41] | TSP | select arm=11(glop) | reason=warm_start
     0(lehd            ): pulls=   2 | mean=+0.4883 | bonus=0.6976 | score=+1.1860 | raw=+1.1860 | p_mean_reward=0.8636
     1(elg             ): pulls=   2 | mean=+0.4883 | bonus=0.6964 | score=+1.1847 | raw=+1.1847 | p_mean_reward=0.7727
     2(invit           ): pulls=   2 | mean=+0.4877 | bonus=0.6963 | score=+1.1841 | raw=+1.1841 | p_mean_reward=0.5000
     3(icam            ): pulls=   2 | mean=+0.4907 | bonus=0.6995 | score=+1.1902 | raw=+1.1902 | p_mean_reward=0.8636
     4(dact            ): pulls=   2 | mean=+0.4897 | bonus=0.6986 | score=+1.1884 | raw=+1.1884 | p_mean_reward=0.1364
     5(lih             ): pulls=   2 | mean=+0.4880 | bonus=0.6980 | score=+1.1860 | raw=+1.1860 | p_mean_reward=0.0000
     6(udc             ): pulls=   2 | mean=+0.4887 | bonus=0.6979 | score=+1.1865 | raw=+1.1865 | p_mean_reward=0.1364
     7(omni            ): pulls=   2 | mean=+0.4880 | bonus=0.6957 | score=+1.1836 | raw=+1.1836 | p_mean_reward=0.5909
     8(pointerformer   ): pulls=   3 | mean=+0.4898 | bonus=0.6988 | score=+1.1886 | raw=+1.1886 | p_mean_reward=0.8030
     9(difusco         ): pulls=   3 | mean=+0.4910 | bonus=0.6994 | score=+1.1904 | raw=+1.1904 | p_mean_reward=0.8939
    10(t2t             ): pulls=   3 | mean=+0.4877 | bonus=0.6965 | score=+1.1842 | raw=+1.1842 | p_mean_reward=0.2727
    11(glop            ): pulls=   2 | mean=+0.4900 | bonus=0.6984 | score=+1.1884 | raw=+1.1884 | p_mean_reward=0.3636 <--
06:22:13 | t=42 | UPDATE | problem=TSP | uid=tsp:5934 | global_index=5934 | arm=11(glop)
    outcome: reward=0.3636 | selected_cost=8.6264 | best_cost=7.6637 | regret=0.9626
    result: record_global_index=5934 | name=None | aug_score=8.6264
    arm_stats: global_pulls=3 | problem_arm_pulls=3 | avg_reward=0.3636 | problem_arm_avg_reward=0.3636
    state: history=42 | U_norm=1820.0001 | U_mean=1.002653 | U_min=1.000000 | U_max=666.142151
06:22:13 | t=42 | TRAIN | module=reward_net | trigger=warmup(<= 240)
    optimize: epochs=20 | steps=20 | batch_size=42 | replay=balanced_problem_arm | history=42 | lr=0.001
    loss: avg=0.108095 | min=0.085652 | max=0.129199 | last=0.125023
    state: U_norm=1820.0001 | U_mean=1.002653 | U_min=1.000000 | U_max=666.142151
06:22:27 | epoch=1 | TRAIN[42] | CVRP | select arm=5(lih) | reason=warm_start
     0(lehd            ): pulls=   2 | mean=+0.4884 | bonus=0.6911 | score=+1.1795 | raw=+1.1795 | p_mean_reward=0.7857
     1(elg             ): pulls=   2 | mean=+0.4884 | bonus=0.6902 | score=+1.1786 | raw=+1.1786 | p_mean_reward=0.7857
     2(invit           ): pulls=   2 | mean=+0.4878 | bonus=0.6899 | score=+1.1777 | raw=+1.1777 | p_mean_reward=0.4286
     3(icam            ): pulls=   2 | mean=+0.4907 | bonus=0.6929 | score=+1.1836 | raw=+1.1836 | p_mean_reward=0.9286
     4(dact            ): pulls=   2 | mean=+0.4898 | bonus=0.6922 | score=+1.1820 | raw=+1.1820 | p_mean_reward=0.1429
     5(lih             ): pulls=   1 | mean=+0.4881 | bonus=0.6915 | score=+1.1795 | raw=+1.1795 | p_mean_reward=0.2857 <--
     6(udc             ): pulls=   2 | mean=+0.4887 | bonus=0.6916 | score=+1.1803 | raw=+1.1803 | p_mean_reward=0.0000
     7(omni            ): pulls=   1 | mean=+0.4881 | bonus=0.6893 | score=+1.1774 | raw=+1.1774 | p_mean_reward=0.5714
06:25:20 | t=43 | UPDATE | problem=CVRP | uid=cvrp:256 | global_index=256 | arm=5(lih)
    outcome: reward=0.2857 | selected_cost=23.4707 | best_cost=18.4024 | regret=5.0684
    result: record_global_index=256 | name=None | aug_score=23.4707
    arm_stats: global_pulls=4 | problem_arm_pulls=2 | avg_reward=0.1429 | problem_arm_avg_reward=0.2857
    state: history=43 | U_norm=1821.6605 | U_mean=1.002666 | U_min=1.000000 | U_max=668.253906
06:25:20 | t=43 | TRAIN | module=reward_net | trigger=warmup(<= 240)
    optimize: epochs=20 | steps=20 | batch_size=43 | replay=balanced_problem_arm | history=43 | lr=0.001
    loss: avg=0.098427 | min=0.079911 | max=0.122150 | last=0.107649
    state: U_norm=1821.6605 | U_mean=1.002666 | U_min=1.000000 | U_max=668.253906
06:25:28 | epoch=1 | TRAIN[43] | TSP | select arm=7(omni) | reason=warm_start
     0(lehd            ): pulls=   2 | mean=+0.4935 | bonus=0.6878 | score=+1.1814 | raw=+1.1814 | p_mean_reward=0.8636
     1(elg             ): pulls=   2 | mean=+0.4936 | bonus=0.6868 | score=+1.1804 | raw=+1.1804 | p_mean_reward=0.7727
     2(invit           ): pulls=   2 | mean=+0.4930 | bonus=0.6867 | score=+1.1797 | raw=+1.1797 | p_mean_reward=0.5000
     3(icam            ): pulls=   2 | mean=+0.4958 | bonus=0.6896 | score=+1.1854 | raw=+1.1854 | p_mean_reward=0.8636
     4(dact            ): pulls=   2 | mean=+0.4949 | bonus=0.6888 | score=+1.1837 | raw=+1.1837 | p_mean_reward=0.1364
     5(lih             ): pulls=   2 | mean=+0.4933 | bonus=0.6881 | score=+1.1814 | raw=+1.1814 | p_mean_reward=0.0000
     6(udc             ): pulls=   2 | mean=+0.4939 | bonus=0.6881 | score=+1.1820 | raw=+1.1820 | p_mean_reward=0.1364
     7(omni            ): pulls=   2 | mean=+0.4932 | bonus=0.6861 | score=+1.1793 | raw=+1.1793 | p_mean_reward=0.5909 <--
     8(pointerformer   ): pulls=   3 | mean=+0.4950 | bonus=0.6890 | score=+1.1840 | raw=+1.1840 | p_mean_reward=0.8030
     9(difusco         ): pulls=   3 | mean=+0.4959 | bonus=0.6895 | score=+1.1855 | raw=+1.1855 | p_mean_reward=0.8939
    10(t2t             ): pulls=   3 | mean=+0.4930 | bonus=0.6868 | score=+1.1798 | raw=+1.1798 | p_mean_reward=0.2727
    11(glop            ): pulls=   3 | mean=+0.4950 | bonus=0.6886 | score=+1.1836 | raw=+1.1836 | p_mean_reward=0.3636
06:28:14 | t=44 | UPDATE | problem=TSP | uid=tsp:1744 | global_index=1744 | arm=7(omni)
    outcome: reward=0.4545 | selected_cost=7.9884 | best_cost=7.8164 | regret=0.1720
    result: record_global_index=1744 | name=None | aug_score=7.9884
    arm_stats: global_pulls=4 | problem_arm_pulls=3 | avg_reward=0.5519 | problem_arm_avg_reward=0.5455
    state: history=44 | U_norm=1823.2794 | U_mean=1.002679 | U_min=1.000000 | U_max=670.284851
06:28:14 | t=44 | TRAIN | module=reward_net | trigger=warmup(<= 240)
    optimize: epochs=20 | steps=20 | batch_size=44 | replay=balanced_problem_arm | history=44 | lr=0.001
    loss: avg=0.097460 | min=0.067895 | max=0.119610 | last=0.108778
    state: U_norm=1823.2794 | U_mean=1.002679 | U_min=1.000000 | U_max=670.284851
06:28:25 | epoch=1 | TRAIN[44] | CVRP | select arm=7(omni) | reason=warm_start
     0(lehd            ): pulls=   2 | mean=+0.4846 | bonus=0.6752 | score=+1.1599 | raw=+1.1599 | p_mean_reward=0.7857
     1(elg             ): pulls=   2 | mean=+0.4846 | bonus=0.6743 | score=+1.1589 | raw=+1.1589 | p_mean_reward=0.7857
     2(invit           ): pulls=   2 | mean=+0.4841 | bonus=0.6741 | score=+1.1582 | raw=+1.1582 | p_mean_reward=0.4286
     3(icam            ): pulls=   2 | mean=+0.4867 | bonus=0.6769 | score=+1.1636 | raw=+1.1636 | p_mean_reward=0.9286
     4(dact            ): pulls=   2 | mean=+0.4859 | bonus=0.6762 | score=+1.1621 | raw=+1.1621 | p_mean_reward=0.1429
     5(lih             ): pulls=   2 | mean=+0.4844 | bonus=0.6755 | score=+1.1598 | raw=+1.1598 | p_mean_reward=0.2857
     6(udc             ): pulls=   2 | mean=+0.4849 | bonus=0.6756 | score=+1.1605 | raw=+1.1605 | p_mean_reward=0.0000
     7(omni            ): pulls=   1 | mean=+0.4843 | bonus=0.6736 | score=+1.1580 | raw=+1.1580 | p_mean_reward=0.5714 <--
06:31:19 | t=45 | UPDATE | problem=CVRP | uid=cvrp:281 | global_index=281 | arm=7(omni)
    outcome: reward=0.5714 | selected_cost=17.4296 | best_cost=17.2739 | regret=0.1557
    result: record_global_index=281 | name=None | aug_score=17.4296
    arm_stats: global_pulls=5 | problem_arm_pulls=2 | avg_reward=0.5558 | problem_arm_avg_reward=0.5714
    state: history=45 | U_norm=1824.8473 | U_mean=1.002691 | U_min=1.000000 | U_max=672.233521
06:31:19 | t=45 | TRAIN | module=reward_net | trigger=warmup(<= 240)
    optimize: epochs=20 | steps=20 | batch_size=45 | replay=balanced_problem_arm | history=45 | lr=0.001
    loss: avg=0.106560 | min=0.078243 | max=0.126858 | last=0.113369
    state: U_norm=1824.8473 | U_mean=1.002691 | U_min=1.000000 | U_max=672.233521
06:31:29 | epoch=1 | TRAIN[45] | TSP | select arm=0(lehd) | reason=warm_start
     0(lehd            ): pulls=   2 | mean=+0.4658 | bonus=0.6601 | score=+1.1259 | raw=+1.1259 | p_mean_reward=0.8636 <--
     1(elg             ): pulls=   2 | mean=+0.4659 | bonus=0.6590 | score=+1.1248 | raw=+1.1248 | p_mean_reward=0.7727
     2(invit           ): pulls=   2 | mean=+0.4654 | bonus=0.6590 | score=+1.1243 | raw=+1.1243 | p_mean_reward=0.5000
     3(icam            ): pulls=   2 | mean=+0.4678 | bonus=0.6616 | score=+1.1294 | raw=+1.1294 | p_mean_reward=0.8636
     4(dact            ): pulls=   2 | mean=+0.4671 | bonus=0.6609 | score=+1.1279 | raw=+1.1279 | p_mean_reward=0.1364
     5(lih             ): pulls=   2 | mean=+0.4656 | bonus=0.6602 | score=+1.1259 | raw=+1.1259 | p_mean_reward=0.0000
     6(udc             ): pulls=   2 | mean=+0.4661 | bonus=0.6601 | score=+1.1263 | raw=+1.1263 | p_mean_reward=0.1364
     7(omni            ): pulls=   3 | mean=+0.4656 | bonus=0.6585 | score=+1.1240 | raw=+1.1240 | p_mean_reward=0.5455
     8(pointerformer   ): pulls=   3 | mean=+0.4671 | bonus=0.6612 | score=+1.1282 | raw=+1.1282 | p_mean_reward=0.8030
     9(difusco         ): pulls=   3 | mean=+0.4679 | bonus=0.6616 | score=+1.1295 | raw=+1.1295 | p_mean_reward=0.8939
    10(t2t             ): pulls=   3 | mean=+0.4654 | bonus=0.6591 | score=+1.1245 | raw=+1.1245 | p_mean_reward=0.2727
    11(glop            ): pulls=   3 | mean=+0.4671 | bonus=0.6608 | score=+1.1279 | raw=+1.1279 | p_mean_reward=0.3636
06:34:05 | t=46 | UPDATE | problem=TSP | uid=tsp:9047 | global_index=9047 | arm=0(lehd)
    outcome: reward=0.9545 | selected_cost=7.5343 | best_cost=7.5343 | regret=0.0000
    result: record_global_index=9047 | name=None | aug_score=7.5343
    arm_stats: global_pulls=5 | problem_arm_pulls=3 | avg_reward=0.8506 | problem_arm_avg_reward=0.8939
    state: history=46 | U_norm=1826.2935 | U_mean=1.002703 | U_min=1.000000 | U_max=674.008423
06:34:05 | t=46 | TRAIN | module=reward_net | trigger=warmup(<= 240)
    optimize: epochs=20 | steps=20 | batch_size=46 | replay=balanced_problem_arm | history=46 | lr=0.001
    loss: avg=0.102273 | min=0.085783 | max=0.118404 | last=0.097906
    state: U_norm=1826.2935 | U_mean=1.002703 | U_min=1.000000 | U_max=674.008423
06:34:08 | epoch=1 | TRAIN[46] | TSP | select arm=1(elg) | reason=warm_start
     0(lehd            ): pulls=   3 | mean=+0.4855 | bonus=0.6621 | score=+1.1475 | raw=+1.1475 | p_mean_reward=0.8939
     1(elg             ): pulls=   2 | mean=+0.4855 | bonus=0.6614 | score=+1.1468 | raw=+1.1468 | p_mean_reward=0.7727 <--
     2(invit           ): pulls=   2 | mean=+0.4850 | bonus=0.6612 | score=+1.1462 | raw=+1.1462 | p_mean_reward=0.5000
     3(icam            ): pulls=   2 | mean=+0.4874 | bonus=0.6637 | score=+1.1511 | raw=+1.1511 | p_mean_reward=0.8636
     4(dact            ): pulls=   2 | mean=+0.4867 | bonus=0.6631 | score=+1.1498 | raw=+1.1498 | p_mean_reward=0.1364
     5(lih             ): pulls=   2 | mean=+0.4852 | bonus=0.6623 | score=+1.1476 | raw=+1.1476 | p_mean_reward=0.0000
     6(udc             ): pulls=   2 | mean=+0.4857 | bonus=0.6625 | score=+1.1482 | raw=+1.1482 | p_mean_reward=0.1364
     7(omni            ): pulls=   3 | mean=+0.4852 | bonus=0.6607 | score=+1.1458 | raw=+1.1458 | p_mean_reward=0.5455
     8(pointerformer   ): pulls=   3 | mean=+0.4867 | bonus=0.6633 | score=+1.1500 | raw=+1.1500 | p_mean_reward=0.8030
     9(difusco         ): pulls=   3 | mean=+0.4874 | bonus=0.6637 | score=+1.1512 | raw=+1.1512 | p_mean_reward=0.8939
    10(t2t             ): pulls=   3 | mean=+0.4850 | bonus=0.6613 | score=+1.1463 | raw=+1.1463 | p_mean_reward=0.2727
    11(glop            ): pulls=   3 | mean=+0.4867 | bonus=0.6629 | score=+1.1496 | raw=+1.1496 | p_mean_reward=0.3636
06:37:08 | t=47 | UPDATE | problem=TSP | uid=tsp:7013 | global_index=7013 | arm=1(elg)
    outcome: reward=0.7273 | selected_cost=7.8523 | best_cost=7.8486 | regret=0.0037
    result: record_global_index=7013 | name=None | aug_score=7.8523
    arm_stats: global_pulls=5 | problem_arm_pulls=3 | avg_reward=0.7688 | problem_arm_avg_reward=0.7576
    state: history=47 | U_norm=1827.7797 | U_mean=1.002716 | U_min=1.000000 | U_max=675.805115
06:37:08 | t=47 | TRAIN | module=reward_net | trigger=warmup(<= 240)
    optimize: epochs=20 | steps=20 | batch_size=47 | replay=balanced_problem_arm | history=47 | lr=0.001
    loss: avg=0.101227 | min=0.078821 | max=0.125226 | last=0.107198
    state: U_norm=1827.7797 | U_mean=1.002716 | U_min=1.000000 | U_max=675.805115
06:37:19 | epoch=1 | TRAIN[47] | CVRP | select arm=2(invit) | reason=warm_start
     0(lehd            ): pulls=   2 | mean=+0.4896 | bonus=0.6697 | score=+1.1593 | raw=+1.1593 | p_mean_reward=0.7857
     1(elg             ): pulls=   2 | mean=+0.4896 | bonus=0.6688 | score=+1.1584 | raw=+1.1584 | p_mean_reward=0.7857
     2(invit           ): pulls=   2 | mean=+0.4891 | bonus=0.6687 | score=+1.1578 | raw=+1.1578 | p_mean_reward=0.4286 <--
     3(icam            ): pulls=   2 | mean=+0.4914 | bonus=0.6712 | score=+1.1626 | raw=+1.1626 | p_mean_reward=0.9286
     4(dact            ): pulls=   2 | mean=+0.4908 | bonus=0.6705 | score=+1.1613 | raw=+1.1613 | p_mean_reward=0.1429
     5(lih             ): pulls=   2 | mean=+0.4894 | bonus=0.6698 | score=+1.1592 | raw=+1.1592 | p_mean_reward=0.2857
     6(udc             ): pulls=   2 | mean=+0.4898 | bonus=0.6699 | score=+1.1597 | raw=+1.1597 | p_mean_reward=0.0000
     7(omni            ): pulls=   2 | mean=+0.4893 | bonus=0.6683 | score=+1.1576 | raw=+1.1576 | p_mean_reward=0.5714
06:40:31 | t=48 | UPDATE | problem=CVRP | uid=cvrp:1249 | global_index=1249 | arm=2(invit)
    outcome: reward=0.4286 | selected_cost=16.1473 | best_cost=15.3794 | regret=0.7679
    result: record_global_index=1249 | name=None | aug_score=16.1473
    arm_stats: global_pulls=5 | problem_arm_pulls=3 | avg_reward=0.4571 | problem_arm_avg_reward=0.4286
    state: history=48 | U_norm=1829.2617 | U_mean=1.002728 | U_min=1.000000 | U_max=677.579895
06:40:31 | t=48 | TRAIN | module=reward_net | trigger=warmup(<= 240)
    optimize: epochs=20 | steps=20 | batch_size=48 | replay=balanced_problem_arm | history=48 | lr=0.001
    loss: avg=0.099509 | min=0.070262 | max=0.115857 | last=0.101705
    state: U_norm=1829.2617 | U_mean=1.002728 | U_min=1.000000 | U_max=677.579895
06:40:41 | epoch=1 | TRAIN[48] | CVRP | select arm=3(icam) | reason=warm_start
     0(lehd            ): pulls=   2 | mean=+0.4707 | bonus=0.6413 | score=+1.1121 | raw=+1.1121 | p_mean_reward=0.7857
     1(elg             ): pulls=   2 | mean=+0.4708 | bonus=0.6407 | score=+1.1115 | raw=+1.1115 | p_mean_reward=0.7857
     2(invit           ): pulls=   3 | mean=+0.4703 | bonus=0.6405 | score=+1.1108 | raw=+1.1108 | p_mean_reward=0.4286
     3(icam            ): pulls=   2 | mean=+0.4725 | bonus=0.6428 | score=+1.1153 | raw=+1.1153 | p_mean_reward=0.9286 <--
     4(dact            ): pulls=   2 | mean=+0.4719 | bonus=0.6422 | score=+1.1141 | raw=+1.1141 | p_mean_reward=0.1429
     5(lih             ): pulls=   2 | mean=+0.4706 | bonus=0.6415 | score=+1.1121 | raw=+1.1121 | p_mean_reward=0.2857
     6(udc             ): pulls=   2 | mean=+0.4710 | bonus=0.6417 | score=+1.1127 | raw=+1.1127 | p_mean_reward=0.0000
     7(omni            ): pulls=   2 | mean=+0.4705 | bonus=0.6401 | score=+1.1106 | raw=+1.1106 | p_mean_reward=0.5714
06:43:40 | t=49 | UPDATE | problem=CVRP | uid=cvrp:4753 | global_index=4753 | arm=3(icam)
    outcome: reward=0.8571 | selected_cost=15.6535 | best_cost=15.6288 | regret=0.0247
    result: record_global_index=4753 | name=None | aug_score=15.6535
    arm_stats: global_pulls=5 | problem_arm_pulls=3 | avg_reward=0.8883 | problem_arm_avg_reward=0.9048
    state: history=49 | U_norm=1830.6630 | U_mean=1.002739 | U_min=1.000000 | U_max=679.234436
06:43:40 | t=49 | TRAIN | module=reward_net | trigger=warmup(<= 240)
    optimize: epochs=20 | steps=20 | batch_size=49 | replay=balanced_problem_arm | history=49 | lr=0.001
    loss: avg=0.099525 | min=0.082245 | max=0.114932 | last=0.098944
    state: U_norm=1830.6630 | U_mean=1.002739 | U_min=1.000000 | U_max=679.234436
06:43:50 | epoch=1 | TRAIN[49] | CVRP | select arm=4(dact) | reason=warm_start
     0(lehd            ): pulls=   2 | mean=+0.4807 | bonus=0.6508 | score=+1.1315 | raw=+1.1315 | p_mean_reward=0.7857
     1(elg             ): pulls=   2 | mean=+0.4808 | bonus=0.6501 | score=+1.1308 | raw=+1.1308 | p_mean_reward=0.7857
     2(invit           ): pulls=   3 | mean=+0.4803 | bonus=0.6500 | score=+1.1303 | raw=+1.1303 | p_mean_reward=0.4286
     3(icam            ): pulls=   3 | mean=+0.4824 | bonus=0.6522 | score=+1.1346 | raw=+1.1346 | p_mean_reward=0.9048
     4(dact            ): pulls=   2 | mean=+0.4819 | bonus=0.6516 | score=+1.1334 | raw=+1.1334 | p_mean_reward=0.1429 <--
     5(lih             ): pulls=   2 | mean=+0.4806 | bonus=0.6509 | score=+1.1314 | raw=+1.1314 | p_mean_reward=0.2857
     6(udc             ): pulls=   2 | mean=+0.4810 | bonus=0.6510 | score=+1.1320 | raw=+1.1320 | p_mean_reward=0.0000
     7(omni            ): pulls=   2 | mean=+0.4805 | bonus=0.6496 | score=+1.1301 | raw=+1.1301 | p_mean_reward=0.5714
06:46:29 | t=50 | UPDATE | problem=CVRP | uid=cvrp:5931 | global_index=5931 | arm=4(dact)
    outcome: reward=0.1429 | selected_cost=18.5237 | best_cost=13.6475 | regret=4.8763
    result: record_global_index=5931 | name=None | aug_score=18.5237
    arm_stats: global_pulls=5 | problem_arm_pulls=3 | avg_reward=0.1403 | problem_arm_avg_reward=0.1429
    state: history=50 | U_norm=1832.0717 | U_mean=1.002751 | U_min=1.000000 | U_max=680.877380
06:46:29 | t=50 | TRAIN | module=reward_net | trigger=warmup(<= 240)
    optimize: epochs=20 | steps=20 | batch_size=50 | replay=balanced_problem_arm | history=50 | lr=0.001
    loss: avg=0.102321 | min=0.074490 | max=0.125053 | last=0.101025
    state: U_norm=1832.0717 | U_mean=1.002751 | U_min=1.000000 | U_max=680.877380
06:46:40 | epoch=1 | TRAIN[50] | CVRP | select arm=5(lih) | reason=warm_start
     0(lehd            ): pulls=   2 | mean=+0.4804 | bonus=0.6416 | score=+1.1220 | raw=+1.1220 | p_mean_reward=0.7857
     1(elg             ): pulls=   2 | mean=+0.4804 | bonus=0.6412 | score=+1.1216 | raw=+1.1216 | p_mean_reward=0.7857
     2(invit           ): pulls=   3 | mean=+0.4800 | bonus=0.6410 | score=+1.1209 | raw=+1.1209 | p_mean_reward=0.4286
     3(icam            ): pulls=   3 | mean=+0.4820 | bonus=0.6430 | score=+1.1251 | raw=+1.1251 | p_mean_reward=0.9048
     4(dact            ): pulls=   3 | mean=+0.4815 | bonus=0.6425 | score=+1.1240 | raw=+1.1240 | p_mean_reward=0.1429
     5(lih             ): pulls=   2 | mean=+0.4802 | bonus=0.6418 | score=+1.1220 | raw=+1.1220 | p_mean_reward=0.2857 <--
     6(udc             ): pulls=   2 | mean=+0.4806 | bonus=0.6421 | score=+1.1227 | raw=+1.1227 | p_mean_reward=0.0000
     7(omni            ): pulls=   2 | mean=+0.4801 | bonus=0.6406 | score=+1.1207 | raw=+1.1207 | p_mean_reward=0.5714
06:49:39 | t=51 | UPDATE | problem=CVRP | uid=cvrp:4511 | global_index=4511 | arm=5(lih)
    outcome: reward=0.1429 | selected_cost=20.9045 | best_cost=14.8265 | regret=6.0780
    result: record_global_index=4511 | name=None | aug_score=20.9045
    arm_stats: global_pulls=5 | problem_arm_pulls=3 | avg_reward=0.1429 | problem_arm_avg_reward=0.2381
    state: history=51 | U_norm=1833.4540 | U_mean=1.002763 | U_min=1.000000 | U_max=682.473328
06:49:39 | t=51 | TRAIN | module=reward_net | trigger=warmup(<= 240)
    optimize: epochs=20 | steps=20 | batch_size=51 | replay=balanced_problem_arm | history=51 | lr=0.001
    loss: avg=0.102601 | min=0.075126 | max=0.124584 | last=0.092673
    state: U_norm=1833.4540 | U_mean=1.002763 | U_min=1.000000 | U_max=682.473328
06:49:52 | epoch=1 | TRAIN[51] | TSP | select arm=6(udc) | reason=warm_start
     0(lehd            ): pulls=   3 | mean=+0.4687 | bonus=0.6245 | score=+1.0932 | raw=+1.0932 | p_mean_reward=0.8939
     1(elg             ): pulls=   3 | mean=+0.4687 | bonus=0.6242 | score=+1.0929 | raw=+1.0929 | p_mean_reward=0.7576
     2(invit           ): pulls=   2 | mean=+0.4683 | bonus=0.6239 | score=+1.0923 | raw=+1.0923 | p_mean_reward=0.5000
     3(icam            ): pulls=   2 | mean=+0.4703 | bonus=0.6259 | score=+1.0962 | raw=+1.0962 | p_mean_reward=0.8636
     4(dact            ): pulls=   2 | mean=+0.4697 | bonus=0.6254 | score=+1.0952 | raw=+1.0952 | p_mean_reward=0.1364
     5(lih             ): pulls=   2 | mean=+0.4686 | bonus=0.6247 | score=+1.0933 | raw=+1.0933 | p_mean_reward=0.0000
     6(udc             ): pulls=   2 | mean=+0.4689 | bonus=0.6249 | score=+1.0939 | raw=+1.0939 | p_mean_reward=0.1364 <--
     7(omni            ): pulls=   3 | mean=+0.4685 | bonus=0.6235 | score=+1.0920 | raw=+1.0920 | p_mean_reward=0.5455
     8(pointerformer   ): pulls=   3 | mean=+0.4698 | bonus=0.6256 | score=+1.0954 | raw=+1.0954 | p_mean_reward=0.8030
     9(difusco         ): pulls=   3 | mean=+0.4702 | bonus=0.6260 | score=+1.0962 | raw=+1.0962 | p_mean_reward=0.8939
    10(t2t             ): pulls=   3 | mean=+0.4684 | bonus=0.6240 | score=+1.0923 | raw=+1.0923 | p_mean_reward=0.2727
    11(glop            ): pulls=   3 | mean=+0.4697 | bonus=0.6252 | score=+1.0949 | raw=+1.0949 | p_mean_reward=0.3636
06:53:07 | t=52 | UPDATE | problem=TSP | uid=tsp:2559 | global_index=2559 | arm=6(udc)
    outcome: reward=0.0909 | selected_cost=11.1853 | best_cost=7.9594 | regret=3.2259
    result: record_global_index=2559 | name=None | aug_score=11.1853
    arm_stats: global_pulls=5 | problem_arm_pulls=3 | avg_reward=0.0727 | problem_arm_avg_reward=0.1212
    state: history=52 | U_norm=1834.7657 | U_mean=1.002774 | U_min=1.000000 | U_max=683.970825
06:53:07 | t=52 | TRAIN | module=reward_net | trigger=warmup(<= 240)
    optimize: epochs=20 | steps=20 | batch_size=52 | replay=balanced_problem_arm | history=52 | lr=0.001
    loss: avg=0.107379 | min=0.087512 | max=0.139197 | last=0.107899
    state: U_norm=1834.7657 | U_mean=1.002774 | U_min=1.000000 | U_max=683.970825
06:53:10 | epoch=1 | TRAIN[52] | TSP | select arm=2(invit) | reason=warm_start
     0(lehd            ): pulls=   3 | mean=+0.4768 | bonus=0.6305 | score=+1.1073 | raw=+1.1073 | p_mean_reward=0.8939
     1(elg             ): pulls=   3 | mean=+0.4768 | bonus=0.6301 | score=+1.1068 | raw=+1.1068 | p_mean_reward=0.7576
     2(invit           ): pulls=   2 | mean=+0.4764 | bonus=0.6299 | score=+1.1063 | raw=+1.1063 | p_mean_reward=0.5000 <--
     3(icam            ): pulls=   2 | mean=+0.4783 | bonus=0.6318 | score=+1.1101 | raw=+1.1101 | p_mean_reward=0.8636
     4(dact            ): pulls=   2 | mean=+0.4778 | bonus=0.6313 | score=+1.1091 | raw=+1.1091 | p_mean_reward=0.1364
     5(lih             ): pulls=   2 | mean=+0.4766 | bonus=0.6306 | score=+1.1073 | raw=+1.1073 | p_mean_reward=0.0000
     6(udc             ): pulls=   3 | mean=+0.4770 | bonus=0.6308 | score=+1.1078 | raw=+1.1078 | p_mean_reward=0.1212
     7(omni            ): pulls=   3 | mean=+0.4765 | bonus=0.6296 | score=+1.1061 | raw=+1.1061 | p_mean_reward=0.5455
     8(pointerformer   ): pulls=   3 | mean=+0.4778 | bonus=0.6316 | score=+1.1094 | raw=+1.1094 | p_mean_reward=0.8030
     9(difusco         ): pulls=   3 | mean=+0.4782 | bonus=0.6320 | score=+1.1101 | raw=+1.1101 | p_mean_reward=0.8939
    10(t2t             ): pulls=   3 | mean=+0.4764 | bonus=0.6299 | score=+1.1064 | raw=+1.1064 | p_mean_reward=0.2727
    11(glop            ): pulls=   3 | mean=+0.4777 | bonus=0.6312 | score=+1.1089 | raw=+1.1089 | p_mean_reward=0.3636
06:56:47 | t=53 | UPDATE | problem=TSP | uid=tsp:3911 | global_index=3911 | arm=2(invit)
    outcome: reward=0.4545 | selected_cost=8.4546 | best_cost=8.1725 | regret=0.2821
    result: record_global_index=3911 | name=None | aug_score=8.4546
    arm_stats: global_pulls=6 | problem_arm_pulls=3 | avg_reward=0.4567 | problem_arm_avg_reward=0.4848
    state: history=53 | U_norm=1836.0834 | U_mean=1.002785 | U_min=1.000000 | U_max=685.457886
06:56:47 | t=53 | TRAIN | module=reward_net | trigger=warmup(<= 240)
    optimize: epochs=20 | steps=20 | batch_size=53 | replay=balanced_problem_arm | history=53 | lr=0.001
    loss: avg=0.112379 | min=0.083367 | max=0.131199 | last=0.105252
    state: U_norm=1836.0834 | U_mean=1.002785 | U_min=1.000000 | U_max=685.457886
06:56:55 | epoch=1 | TRAIN[53] | TSP | select arm=3(icam) | reason=warm_start
     0(lehd            ): pulls=   3 | mean=+0.4684 | bonus=0.6188 | score=+1.0871 | raw=+1.0871 | p_mean_reward=0.8939
     1(elg             ): pulls=   3 | mean=+0.4684 | bonus=0.6184 | score=+1.0868 | raw=+1.0868 | p_mean_reward=0.7576
     2(invit           ): pulls=   3 | mean=+0.4680 | bonus=0.6182 | score=+1.0862 | raw=+1.0862 | p_mean_reward=0.4848
     3(icam            ): pulls=   2 | mean=+0.4698 | bonus=0.6201 | score=+1.0899 | raw=+1.0899 | p_mean_reward=0.8636 <--
     4(dact            ): pulls=   2 | mean=+0.4693 | bonus=0.6196 | score=+1.0889 | raw=+1.0889 | p_mean_reward=0.1364
     5(lih             ): pulls=   2 | mean=+0.4682 | bonus=0.6189 | score=+1.0872 | raw=+1.0872 | p_mean_reward=0.0000
     6(udc             ): pulls=   3 | mean=+0.4686 | bonus=0.6191 | score=+1.0877 | raw=+1.0877 | p_mean_reward=0.1212
     7(omni            ): pulls=   3 | mean=+0.4681 | bonus=0.6179 | score=+1.0860 | raw=+1.0860 | p_mean_reward=0.5455
     8(pointerformer   ): pulls=   3 | mean=+0.4693 | bonus=0.6198 | score=+1.0892 | raw=+1.0892 | p_mean_reward=0.8030
     9(difusco         ): pulls=   3 | mean=+0.4697 | bonus=0.6202 | score=+1.0899 | raw=+1.0899 | p_mean_reward=0.8939
    10(t2t             ): pulls=   3 | mean=+0.4680 | bonus=0.6183 | score=+1.0863 | raw=+1.0863 | p_mean_reward=0.2727
    11(glop            ): pulls=   3 | mean=+0.4692 | bonus=0.6194 | score=+1.0887 | raw=+1.0887 | p_mean_reward=0.3636
06:59:40 | t=54 | UPDATE | problem=TSP | uid=tsp:7594 | global_index=7594 | arm=3(icam)
    outcome: reward=0.9545 | selected_cost=7.7487 | best_cost=7.7487 | regret=0.0000
    result: record_global_index=7594 | name=None | aug_score=7.7487
    arm_stats: global_pulls=6 | problem_arm_pulls=3 | avg_reward=0.8994 | problem_arm_avg_reward=0.8939
    state: history=54 | U_norm=1837.3607 | U_mean=1.002796 | U_min=1.000000 | U_max=686.883240
06:59:40 | t=54 | TRAIN | module=reward_net | trigger=warmup(<= 240)
    optimize: epochs=20 | steps=20 | batch_size=54 | replay=balanced_problem_arm | history=54 | lr=0.001
    loss: avg=0.103234 | min=0.083284 | max=0.122791 | last=0.104198
    state: U_norm=1837.3607 | U_mean=1.002796 | U_min=1.000000 | U_max=686.883240
06:59:49 | epoch=1 | TRAIN[54] | CVRP | select arm=0(lehd) | reason=warm_start
     0(lehd            ): pulls=   2 | mean=+0.4659 | bonus=0.6186 | score=+1.0844 | raw=+1.0844 | p_mean_reward=0.7857 <--
     1(elg             ): pulls=   2 | mean=+0.4659 | bonus=0.6181 | score=+1.0840 | raw=+1.0840 | p_mean_reward=0.7857
     2(invit           ): pulls=   3 | mean=+0.4655 | bonus=0.6180 | score=+1.0835 | raw=+1.0835 | p_mean_reward=0.4286
     3(icam            ): pulls=   3 | mean=+0.4672 | bonus=0.6198 | score=+1.0870 | raw=+1.0870 | p_mean_reward=0.9048
     4(dact            ): pulls=   3 | mean=+0.4668 | bonus=0.6193 | score=+1.0861 | raw=+1.0861 | p_mean_reward=0.1429
     5(lih             ): pulls=   3 | mean=+0.4657 | bonus=0.6187 | score=+1.0844 | raw=+1.0844 | p_mean_reward=0.2381
     6(udc             ): pulls=   2 | mean=+0.4660 | bonus=0.6189 | score=+1.0849 | raw=+1.0849 | p_mean_reward=0.0000
     7(omni            ): pulls=   2 | mean=+0.4656 | bonus=0.6177 | score=+1.0834 | raw=+1.0834 | p_mean_reward=0.5714
07:02:42 | t=55 | UPDATE | problem=CVRP | uid=cvrp:2301 | global_index=2301 | arm=0(lehd)
    outcome: reward=0.5714 | selected_cost=14.8063 | best_cost=14.5394 | regret=0.2669
    result: record_global_index=2301 | name=None | aug_score=14.8063
    arm_stats: global_pulls=6 | problem_arm_pulls=3 | avg_reward=0.8041 | problem_arm_avg_reward=0.7143
    state: history=55 | U_norm=1838.6218 | U_mean=1.002807 | U_min=1.000000 | U_max=688.279053
07:02:42 | t=55 | TRAIN | module=reward_net | trigger=warmup(<= 240)
    optimize: epochs=20 | steps=20 | batch_size=55 | replay=balanced_problem_arm | history=55 | lr=0.001
    loss: avg=0.099493 | min=0.069347 | max=0.127610 | last=0.086238
    state: U_norm=1838.6218 | U_mean=1.002807 | U_min=1.000000 | U_max=688.279053
07:02:51 | epoch=1 | TRAIN[55] | CVRP | select arm=1(elg) | reason=warm_start
     0(lehd            ): pulls=   3 | mean=+0.4717 | bonus=0.6178 | score=+1.0895 | raw=+1.0895 | p_mean_reward=0.7143
     1(elg             ): pulls=   2 | mean=+0.4717 | bonus=0.6177 | score=+1.0894 | raw=+1.0894 | p_mean_reward=0.7857 <--
     2(invit           ): pulls=   3 | mean=+0.4714 | bonus=0.6174 | score=+1.0888 | raw=+1.0888 | p_mean_reward=0.4286
     3(icam            ): pulls=   3 | mean=+0.4731 | bonus=0.6190 | score=+1.0921 | raw=+1.0921 | p_mean_reward=0.9048
     4(dact            ): pulls=   3 | mean=+0.4726 | bonus=0.6187 | score=+1.0913 | raw=+1.0913 | p_mean_reward=0.1429
     5(lih             ): pulls=   3 | mean=+0.4716 | bonus=0.6180 | score=+1.0896 | raw=+1.0896 | p_mean_reward=0.2381
     6(udc             ): pulls=   2 | mean=+0.4719 | bonus=0.6183 | score=+1.0902 | raw=+1.0902 | p_mean_reward=0.0000
     7(omni            ): pulls=   2 | mean=+0.4715 | bonus=0.6171 | score=+1.0886 | raw=+1.0886 | p_mean_reward=0.5714
07:05:55 | t=56 | UPDATE | problem=CVRP | uid=cvrp:5516 | global_index=5516 | arm=1(elg)
    outcome: reward=0.7143 | selected_cost=15.6334 | best_cost=15.5848 | regret=0.0487
    result: record_global_index=5516 | name=None | aug_score=15.6334
    arm_stats: global_pulls=6 | problem_arm_pulls=3 | avg_reward=0.7597 | problem_arm_avg_reward=0.7619
    state: history=56 | U_norm=1839.8932 | U_mean=1.002818 | U_min=1.000000 | U_max=689.673889
07:05:55 | t=56 | TRAIN | module=reward_net | trigger=warmup(<= 240)
    optimize: epochs=20 | steps=20 | batch_size=56 | replay=balanced_problem_arm | history=56 | lr=0.001
    loss: avg=0.106587 | min=0.088854 | max=0.126447 | last=0.101725
    state: U_norm=1839.8932 | U_mean=1.002818 | U_min=1.000000 | U_max=689.673889
07:06:02 | epoch=1 | TRAIN[56] | CVRP | select arm=6(udc) | reason=warm_start
     0(lehd            ): pulls=   3 | mean=+0.4741 | bonus=0.6174 | score=+1.0916 | raw=+1.0916 | p_mean_reward=0.7143
     1(elg             ): pulls=   3 | mean=+0.4741 | bonus=0.6172 | score=+1.0914 | raw=+1.0914 | p_mean_reward=0.7619
     2(invit           ): pulls=   3 | mean=+0.4738 | bonus=0.6170 | score=+1.0908 | raw=+1.0908 | p_mean_reward=0.4286
     3(icam            ): pulls=   3 | mean=+0.4754 | bonus=0.6186 | score=+1.0940 | raw=+1.0940 | p_mean_reward=0.9048
     4(dact            ): pulls=   3 | mean=+0.4750 | bonus=0.6182 | score=+1.0932 | raw=+1.0932 | p_mean_reward=0.1429
     5(lih             ): pulls=   3 | mean=+0.4740 | bonus=0.6175 | score=+1.0916 | raw=+1.0916 | p_mean_reward=0.2381
     6(udc             ): pulls=   2 | mean=+0.4743 | bonus=0.6178 | score=+1.0922 | raw=+1.0922 | p_mean_reward=0.0000 <--
     7(omni            ): pulls=   2 | mean=+0.4739 | bonus=0.6167 | score=+1.0907 | raw=+1.0907 | p_mean_reward=0.5714
07:09:16 | t=57 | UPDATE | problem=CVRP | uid=cvrp:9230 | global_index=9230 | arm=6(udc)
    outcome: reward=0.0000 | selected_cost=22.5786 | best_cost=15.5576 | regret=7.0210
    result: record_global_index=9230 | name=None | aug_score=22.5786
    arm_stats: global_pulls=6 | problem_arm_pulls=3 | avg_reward=0.0606 | problem_arm_avg_reward=0.0000
    state: history=57 | U_norm=1841.1593 | U_mean=1.002828 | U_min=1.000000 | U_max=691.048584
07:09:16 | t=57 | TRAIN | module=reward_net | trigger=warmup(<= 240)
    optimize: epochs=20 | steps=20 | batch_size=57 | replay=balanced_problem_arm | history=57 | lr=0.001
    loss: avg=0.104421 | min=0.087879 | max=0.136012 | last=0.119793
    state: U_norm=1841.1593 | U_mean=1.002828 | U_min=1.000000 | U_max=691.048584
07:09:26 | epoch=1 | TRAIN[57] | TSP | select arm=4(dact) | reason=warm_start
     0(lehd            ): pulls=   3 | mean=+0.4777 | bonus=0.6203 | score=+1.0979 | raw=+1.0979 | p_mean_reward=0.8939
     1(elg             ): pulls=   3 | mean=+0.4777 | bonus=0.6200 | score=+1.0976 | raw=+1.0976 | p_mean_reward=0.7576
     2(invit           ): pulls=   3 | mean=+0.4774 | bonus=0.6198 | score=+1.0972 | raw=+1.0972 | p_mean_reward=0.4848
     3(icam            ): pulls=   3 | mean=+0.4789 | bonus=0.6214 | score=+1.1003 | raw=+1.1003 | p_mean_reward=0.8939
     4(dact            ): pulls=   2 | mean=+0.4785 | bonus=0.6210 | score=+1.0994 | raw=+1.0994 | p_mean_reward=0.1364 <--
     5(lih             ): pulls=   2 | mean=+0.4776 | bonus=0.6203 | score=+1.0979 | raw=+1.0979 | p_mean_reward=0.0000
     6(udc             ): pulls=   3 | mean=+0.4778 | bonus=0.6205 | score=+1.0984 | raw=+1.0984 | p_mean_reward=0.1212
     7(omni            ): pulls=   3 | mean=+0.4775 | bonus=0.6196 | score=+1.0970 | raw=+1.0970 | p_mean_reward=0.5455
     8(pointerformer   ): pulls=   3 | mean=+0.4785 | bonus=0.6212 | score=+1.0997 | raw=+1.0997 | p_mean_reward=0.8030
     9(difusco         ): pulls=   3 | mean=+0.4787 | bonus=0.6216 | score=+1.1003 | raw=+1.1003 | p_mean_reward=0.8939
    10(t2t             ): pulls=   3 | mean=+0.4774 | bonus=0.6199 | score=+1.0973 | raw=+1.0973 | p_mean_reward=0.2727
    11(glop            ): pulls=   3 | mean=+0.4784 | bonus=0.6209 | score=+1.0993 | raw=+1.0993 | p_mean_reward=0.3636
07:12:49 | t=58 | UPDATE | problem=TSP | uid=tsp:6123 | global_index=6123 | arm=4(dact)
    outcome: reward=0.1818 | selected_cost=9.3239 | best_cost=7.9672 | regret=1.3567
    result: record_global_index=6123 | name=None | aug_score=9.3239
    arm_stats: global_pulls=6 | problem_arm_pulls=3 | avg_reward=0.1472 | problem_arm_avg_reward=0.1515
    state: history=58 | U_norm=1842.4126 | U_mean=1.002839 | U_min=1.000000 | U_max=692.390808
07:12:49 | t=58 | TRAIN | module=reward_net | trigger=warmup(<= 240)
    optimize: epochs=20 | steps=20 | batch_size=58 | replay=balanced_problem_arm | history=58 | lr=0.001
    loss: avg=0.101535 | min=0.071010 | max=0.128714 | last=0.107756
    state: U_norm=1842.4126 | U_mean=1.002839 | U_min=1.000000 | U_max=692.390808
07:13:01 | epoch=1 | TRAIN[58] | CVRP | select arm=7(omni) | reason=warm_start
     0(lehd            ): pulls=   3 | mean=+0.4771 | bonus=0.6176 | score=+1.0947 | raw=+1.0947 | p_mean_reward=0.7143
     1(elg             ): pulls=   3 | mean=+0.4771 | bonus=0.6174 | score=+1.0944 | raw=+1.0944 | p_mean_reward=0.7619
     2(invit           ): pulls=   3 | mean=+0.4768 | bonus=0.6172 | score=+1.0940 | raw=+1.0940 | p_mean_reward=0.4286
     3(icam            ): pulls=   3 | mean=+0.4782 | bonus=0.6187 | score=+1.0969 | raw=+1.0969 | p_mean_reward=0.9048
     4(dact            ): pulls=   3 | mean=+0.4779 | bonus=0.6183 | score=+1.0962 | raw=+1.0962 | p_mean_reward=0.1429
     5(lih             ): pulls=   3 | mean=+0.4770 | bonus=0.6177 | score=+1.0947 | raw=+1.0947 | p_mean_reward=0.2381
     6(udc             ): pulls=   3 | mean=+0.4772 | bonus=0.6179 | score=+1.0952 | raw=+1.0952 | p_mean_reward=0.0000
     7(omni            ): pulls=   2 | mean=+0.4769 | bonus=0.6170 | score=+1.0939 | raw=+1.0939 | p_mean_reward=0.5714 <--
07:16:00 | t=59 | UPDATE | problem=CVRP | uid=cvrp:4532 | global_index=4532 | arm=7(omni)
    outcome: reward=0.5714 | selected_cost=13.8635 | best_cost=13.6416 | regret=0.2218
    result: record_global_index=4532 | name=None | aug_score=13.8635
    arm_stats: global_pulls=6 | problem_arm_pulls=3 | avg_reward=0.5584 | problem_arm_avg_reward=0.5714
    state: history=59 | U_norm=1843.6628 | U_mean=1.002850 | U_min=1.000000 | U_max=693.722412
07:16:00 | t=59 | TRAIN | module=reward_net | trigger=warmup(<= 240)
    optimize: epochs=20 | steps=20 | batch_size=59 | replay=balanced_problem_arm | history=59 | lr=0.001
    loss: avg=0.102187 | min=0.087787 | max=0.133169 | last=0.087787
    state: U_norm=1843.6628 | U_mean=1.002850 | U_min=1.000000 | U_max=693.722412
07:16:11 | epoch=1 | TRAIN[59] | CVRP | select arm=5(lih) | reason=warm_start
     0(lehd            ): pulls=   3 | mean=+0.4738 | bonus=0.6116 | score=+1.0854 | raw=+1.0854 | p_mean_reward=0.7143
     1(elg             ): pulls=   3 | mean=+0.4738 | bonus=0.6114 | score=+1.0852 | raw=+1.0852 | p_mean_reward=0.7619
     2(invit           ): pulls=   3 | mean=+0.4736 | bonus=0.6112 | score=+1.0848 | raw=+1.0848 | p_mean_reward=0.4286
     3(icam            ): pulls=   3 | mean=+0.4749 | bonus=0.6126 | score=+1.0876 | raw=+1.0876 | p_mean_reward=0.9048
     4(dact            ): pulls=   3 | mean=+0.4746 | bonus=0.6123 | score=+1.0869 | raw=+1.0869 | p_mean_reward=0.1429
     5(lih             ): pulls=   3 | mean=+0.4737 | bonus=0.6117 | score=+1.0854 | raw=+1.0854 | p_mean_reward=0.2381 <--
     6(udc             ): pulls=   3 | mean=+0.4740 | bonus=0.6119 | score=+1.0859 | raw=+1.0859 | p_mean_reward=0.0000
     7(omni            ): pulls=   3 | mean=+0.4737 | bonus=0.6110 | score=+1.0847 | raw=+1.0847 | p_mean_reward=0.5714
07:19:33 | t=60 | UPDATE | problem=CVRP | uid=cvrp:4389 | global_index=4389 | arm=5(lih)
    outcome: reward=0.1429 | selected_cost=23.8614 | best_cost=18.2933 | regret=5.5681
    result: record_global_index=4389 | name=None | aug_score=23.8614
    arm_stats: global_pulls=6 | problem_arm_pulls=4 | avg_reward=0.1429 | problem_arm_avg_reward=0.2143
    state: history=60 | U_norm=1844.8927 | U_mean=1.002861 | U_min=1.000000 | U_max=695.019592
07:19:33 | t=60 | TRAIN | module=reward_net | trigger=warmup(<= 240)
    optimize: epochs=20 | steps=20 | batch_size=60 | replay=balanced_problem_arm | history=60 | lr=0.001
    loss: avg=0.104108 | min=0.080591 | max=0.121563 | last=0.095270
    state: U_norm=1844.8927 | U_mean=1.002861 | U_min=1.000000 | U_max=695.019592
07:19:45 | epoch=1 | TRAIN[60] | CVRP | select arm=0(lehd) | reason=warm_start
     0(lehd            ): pulls=   3 | mean=+0.4737 | bonus=0.6103 | score=+1.0840 | raw=+1.0840 | p_mean_reward=0.7143 <--
     1(elg             ): pulls=   3 | mean=+0.4737 | bonus=0.6100 | score=+1.0838 | raw=+1.0838 | p_mean_reward=0.7619
     2(invit           ): pulls=   3 | mean=+0.4734 | bonus=0.6099 | score=+1.0833 | raw=+1.0833 | p_mean_reward=0.4286
     3(icam            ): pulls=   3 | mean=+0.4748 | bonus=0.6113 | score=+1.0860 | raw=+1.0860 | p_mean_reward=0.9048
     4(dact            ): pulls=   3 | mean=+0.4744 | bonus=0.6109 | score=+1.0853 | raw=+1.0853 | p_mean_reward=0.1429
     5(lih             ): pulls=   4 | mean=+0.4736 | bonus=0.6103 | score=+1.0839 | raw=+1.0839 | p_mean_reward=0.2143
     6(udc             ): pulls=   3 | mean=+0.4739 | bonus=0.6105 | score=+1.0844 | raw=+1.0844 | p_mean_reward=0.0000
     7(omni            ): pulls=   3 | mean=+0.4735 | bonus=0.6097 | score=+1.0832 | raw=+1.0832 | p_mean_reward=0.5714
07:23:13 | t=61 | UPDATE | problem=CVRP | uid=cvrp:6250 | global_index=6250 | arm=0(lehd)
    outcome: reward=0.5714 | selected_cost=19.1067 | best_cost=18.5478 | regret=0.5588
    result: record_global_index=6250 | name=None | aug_score=19.1067
    arm_stats: global_pulls=7 | problem_arm_pulls=4 | avg_reward=0.7709 | problem_arm_avg_reward=0.6786
    state: history=61 | U_norm=1846.1130 | U_mean=1.002871 | U_min=1.000000 | U_max=696.295105
07:23:13 | t=61 | TRAIN | module=reward_net | trigger=warmup(<= 240)
    optimize: epochs=20 | steps=20 | batch_size=61 | replay=balanced_problem_arm | history=61 | lr=0.001
    loss: avg=0.102477 | min=0.078523 | max=0.126113 | last=0.103513
    state: U_norm=1846.1130 | U_mean=1.002871 | U_min=1.000000 | U_max=696.295105
07:23:16 | epoch=1 | TRAIN[61] | TSP | select arm=5(lih) | reason=warm_start
     0(lehd            ): pulls=   3 | mean=+0.4757 | bonus=0.6064 | score=+1.0821 | raw=+1.0821 | p_mean_reward=0.8939
     1(elg             ): pulls=   3 | mean=+0.4757 | bonus=0.6063 | score=+1.0820 | raw=+1.0820 | p_mean_reward=0.7576
     2(invit           ): pulls=   3 | mean=+0.4755 | bonus=0.6061 | score=+1.0816 | raw=+1.0816 | p_mean_reward=0.4848
     3(icam            ): pulls=   3 | mean=+0.4768 | bonus=0.6074 | score=+1.0841 | raw=+1.0841 | p_mean_reward=0.8939
     4(dact            ): pulls=   3 | mean=+0.4764 | bonus=0.6071 | score=+1.0835 | raw=+1.0835 | p_mean_reward=0.1515
     5(lih             ): pulls=   2 | mean=+0.4757 | bonus=0.6065 | score=+1.0821 | raw=+1.0821 | p_mean_reward=0.0000 <--
     6(udc             ): pulls=   3 | mean=+0.4759 | bonus=0.6067 | score=+1.0826 | raw=+1.0826 | p_mean_reward=0.1212
     7(omni            ): pulls=   3 | mean=+0.4756 | bonus=0.6059 | score=+1.0815 | raw=+1.0815 | p_mean_reward=0.5455
     8(pointerformer   ): pulls=   3 | mean=+0.4765 | bonus=0.6073 | score=+1.0837 | raw=+1.0837 | p_mean_reward=0.8030
     9(difusco         ): pulls=   3 | mean=+0.4766 | bonus=0.6076 | score=+1.0842 | raw=+1.0842 | p_mean_reward=0.8939
    10(t2t             ): pulls=   3 | mean=+0.4755 | bonus=0.6062 | score=+1.0816 | raw=+1.0816 | p_mean_reward=0.2727
    11(glop            ): pulls=   3 | mean=+0.4764 | bonus=0.6069 | score=+1.0832 | raw=+1.0832 | p_mean_reward=0.3636
07:26:44 | t=62 | UPDATE | problem=TSP | uid=tsp:27 | global_index=27 | arm=5(lih)
    outcome: reward=0.0000 | selected_cost=48.2355 | best_cost=8.0092 | regret=40.2263
    result: record_global_index=27 | name=None | aug_score=48.2355
    arm_stats: global_pulls=7 | problem_arm_pulls=3 | avg_reward=0.1224 | problem_arm_avg_reward=0.0000
    state: history=62 | U_norm=1847.3247 | U_mean=1.002882 | U_min=1.000000 | U_max=697.550781
07:26:44 | t=62 | TRAIN | module=reward_net | trigger=warmup(<= 240)
    optimize: epochs=20 | steps=20 | batch_size=62 | replay=balanced_problem_arm | history=62 | lr=0.001
    loss: avg=0.102717 | min=0.081112 | max=0.131884 | last=0.109345
    state: U_norm=1847.3247 | U_mean=1.002882 | U_min=1.000000 | U_max=697.550781
07:26:52 | epoch=1 | TRAIN[62] | TSP | select arm=8(pointerformer) | reason=warm_start
     0(lehd            ): pulls=   3 | mean=+0.4672 | bonus=0.5970 | score=+1.0642 | raw=+1.0642 | p_mean_reward=0.8939
     1(elg             ): pulls=   3 | mean=+0.4672 | bonus=0.5969 | score=+1.0641 | raw=+1.0641 | p_mean_reward=0.7576
     2(invit           ): pulls=   3 | mean=+0.4670 | bonus=0.5967 | score=+1.0637 | raw=+1.0637 | p_mean_reward=0.4848
     3(icam            ): pulls=   3 | mean=+0.4682 | bonus=0.5980 | score=+1.0662 | raw=+1.0662 | p_mean_reward=0.8939
     4(dact            ): pulls=   3 | mean=+0.4679 | bonus=0.5977 | score=+1.0655 | raw=+1.0655 | p_mean_reward=0.1515
     5(lih             ): pulls=   3 | mean=+0.4671 | bonus=0.5971 | score=+1.0642 | raw=+1.0642 | p_mean_reward=0.0000
     6(udc             ): pulls=   3 | mean=+0.4674 | bonus=0.5973 | score=+1.0647 | raw=+1.0647 | p_mean_reward=0.1212
     7(omni            ): pulls=   3 | mean=+0.4670 | bonus=0.5966 | score=+1.0636 | raw=+1.0636 | p_mean_reward=0.5455
     8(pointerformer   ): pulls=   3 | mean=+0.4679 | bonus=0.5979 | score=+1.0658 | raw=+1.0658 | p_mean_reward=0.8030 <--
     9(difusco         ): pulls=   3 | mean=+0.4681 | bonus=0.5982 | score=+1.0663 | raw=+1.0663 | p_mean_reward=0.8939
    10(t2t             ): pulls=   3 | mean=+0.4670 | bonus=0.5968 | score=+1.0638 | raw=+1.0638 | p_mean_reward=0.2727
    11(glop            ): pulls=   3 | mean=+0.4678 | bonus=0.5975 | score=+1.0653 | raw=+1.0653 | p_mean_reward=0.3636
07:30:29 | t=63 | UPDATE | problem=TSP | uid=tsp:6014 | global_index=6014 | arm=8(pointerformer)
    outcome: reward=0.9091 | selected_cost=7.3710 | best_cost=7.3703 | regret=0.0007
    result: record_global_index=6014 | name=None | aug_score=7.3710
    arm_stats: global_pulls=4 | problem_arm_pulls=4 | avg_reward=0.8295 | problem_arm_avg_reward=0.8295
    state: history=63 | U_norm=1848.5001 | U_mean=1.002892 | U_min=1.000000 | U_max=698.756592
07:30:29 | t=63 | TRAIN | module=reward_net | trigger=warmup(<= 240)
    optimize: epochs=20 | steps=20 | batch_size=63 | replay=balanced_problem_arm | history=63 | lr=0.001
    loss: avg=0.104359 | min=0.086830 | max=0.120542 | last=0.104035
    state: U_norm=1848.5001 | U_mean=1.002892 | U_min=1.000000 | U_max=698.756592
07:30:35 | epoch=1 | TRAIN[63] | CVRP | select arm=1(elg) | reason=warm_start
     0(lehd            ): pulls=   4 | mean=+0.4631 | bonus=0.5929 | score=+1.0560 | raw=+1.0560 | p_mean_reward=0.6786
     1(elg             ): pulls=   3 | mean=+0.4631 | bonus=0.5928 | score=+1.0558 | raw=+1.0558 | p_mean_reward=0.7619 <--
     2(invit           ): pulls=   3 | mean=+0.4628 | bonus=0.5926 | score=+1.0555 | raw=+1.0555 | p_mean_reward=0.4286
     3(icam            ): pulls=   3 | mean=+0.4640 | bonus=0.5938 | score=+1.0578 | raw=+1.0578 | p_mean_reward=0.9048
     4(dact            ): pulls=   3 | mean=+0.4637 | bonus=0.5935 | score=+1.0572 | raw=+1.0572 | p_mean_reward=0.1429
     5(lih             ): pulls=   4 | mean=+0.4630 | bonus=0.5930 | score=+1.0560 | raw=+1.0560 | p_mean_reward=0.2143
     6(udc             ): pulls=   3 | mean=+0.4632 | bonus=0.5932 | score=+1.0564 | raw=+1.0564 | p_mean_reward=0.0000
     7(omni            ): pulls=   3 | mean=+0.4629 | bonus=0.5925 | score=+1.0554 | raw=+1.0554 | p_mean_reward=0.5714
07:34:05 | t=64 | UPDATE | problem=CVRP | uid=cvrp:2248 | global_index=2248 | arm=1(elg)
    outcome: reward=1.0000 | selected_cost=13.8306 | best_cost=13.8306 | regret=0.0000
    result: record_global_index=2248 | name=None | aug_score=13.8306
    arm_stats: global_pulls=7 | problem_arm_pulls=4 | avg_reward=0.7941 | problem_arm_avg_reward=0.8214
    state: history=64 | U_norm=1849.6636 | U_mean=1.002902 | U_min=1.000000 | U_max=699.944092
07:34:05 | t=64 | TRAIN | module=reward_net | trigger=warmup(<= 240)
    optimize: epochs=20 | steps=20 | batch_size=64 | replay=balanced_problem_arm | history=64 | lr=0.001
    loss: avg=0.105650 | min=0.087385 | max=0.121011 | last=0.102992
    state: U_norm=1849.6636 | U_mean=1.002902 | U_min=1.000000 | U_max=699.944092
07:34:14 | epoch=1 | TRAIN[64] | CVRP | select arm=2(invit) | reason=warm_start
     0(lehd            ): pulls=   4 | mean=+0.4708 | bonus=0.6049 | score=+1.0757 | raw=+1.0757 | p_mean_reward=0.6786
     1(elg             ): pulls=   4 | mean=+0.4708 | bonus=0.6047 | score=+1.0755 | raw=+1.0755 | p_mean_reward=0.8214
     2(invit           ): pulls=   3 | mean=+0.4706 | bonus=0.6046 | score=+1.0751 | raw=+1.0751 | p_mean_reward=0.4286 <--
     3(icam            ): pulls=   3 | mean=+0.4717 | bonus=0.6058 | score=+1.0774 | raw=+1.0774 | p_mean_reward=0.9048
     4(dact            ): pulls=   3 | mean=+0.4714 | bonus=0.6054 | score=+1.0768 | raw=+1.0768 | p_mean_reward=0.1429
     5(lih             ): pulls=   4 | mean=+0.4707 | bonus=0.6049 | score=+1.0756 | raw=+1.0756 | p_mean_reward=0.2143
     6(udc             ): pulls=   3 | mean=+0.4709 | bonus=0.6051 | score=+1.0760 | raw=+1.0760 | p_mean_reward=0.0000
     7(omni            ): pulls=   3 | mean=+0.4706 | bonus=0.6044 | score=+1.0751 | raw=+1.0751 | p_mean_reward=0.5714
07:37:25 | t=65 | UPDATE | problem=CVRP | uid=cvrp:906 | global_index=906 | arm=2(invit)
    outcome: reward=0.4286 | selected_cost=15.6860 | best_cost=15.2616 | regret=0.4244
    result: record_global_index=906 | name=None | aug_score=15.6860
    arm_stats: global_pulls=7 | problem_arm_pulls=4 | avg_reward=0.4527 | problem_arm_avg_reward=0.4286
    state: history=65 | U_norm=1850.8425 | U_mean=1.002913 | U_min=1.000000 | U_max=701.134888
07:37:25 | t=65 | TRAIN | module=reward_net | trigger=warmup(<= 240)
    optimize: epochs=20 | steps=20 | batch_size=65 | replay=balanced_problem_arm | history=65 | lr=0.001
    loss: avg=0.105582 | min=0.085971 | max=0.123404 | last=0.097376
    state: U_norm=1850.8425 | U_mean=1.002913 | U_min=1.000000 | U_max=701.134888
07:37:33 | epoch=1 | TRAIN[65] | CVRP | select arm=3(icam) | reason=warm_start
     0(lehd            ): pulls=   4 | mean=+0.4574 | bonus=0.5839 | score=+1.0413 | raw=+1.0413 | p_mean_reward=0.6786
     1(elg             ): pulls=   4 | mean=+0.4574 | bonus=0.5839 | score=+1.0412 | raw=+1.0412 | p_mean_reward=0.8214
     2(invit           ): pulls=   4 | mean=+0.4571 | bonus=0.5837 | score=+1.0408 | raw=+1.0408 | p_mean_reward=0.4286
     3(icam            ): pulls=   3 | mean=+0.4582 | bonus=0.5848 | score=+1.0430 | raw=+1.0430 | p_mean_reward=0.9048 <--
     4(dact            ): pulls=   3 | mean=+0.4579 | bonus=0.5845 | score=+1.0424 | raw=+1.0424 | p_mean_reward=0.1429
     5(lih             ): pulls=   4 | mean=+0.4573 | bonus=0.5840 | score=+1.0413 | raw=+1.0413 | p_mean_reward=0.2143
     6(udc             ): pulls=   3 | mean=+0.4575 | bonus=0.5842 | score=+1.0417 | raw=+1.0417 | p_mean_reward=0.0000
     7(omni            ): pulls=   3 | mean=+0.4572 | bonus=0.5836 | score=+1.0408 | raw=+1.0408 | p_mean_reward=0.5714
07:40:43 | t=66 | UPDATE | problem=CVRP | uid=cvrp:4153 | global_index=4153 | arm=3(icam)
    outcome: reward=1.0000 | selected_cost=15.9058 | best_cost=15.9058 | regret=0.0000
    result: record_global_index=4153 | name=None | aug_score=15.9058
    arm_stats: global_pulls=7 | problem_arm_pulls=4 | avg_reward=0.9137 | problem_arm_avg_reward=0.9286
    state: history=66 | U_norm=1851.9780 | U_mean=1.002923 | U_min=1.000000 | U_max=702.275940
07:40:43 | t=66 | TRAIN | module=reward_net | trigger=warmup(<= 240)
    optimize: epochs=20 | steps=20 | batch_size=66 | replay=balanced_problem_arm | history=66 | lr=0.001
    loss: avg=0.105148 | min=0.080210 | max=0.127449 | last=0.097183
    state: U_norm=1851.9780 | U_mean=1.002923 | U_min=1.000000 | U_max=702.275940
07:40:49 | epoch=1 | TRAIN[66] | CVRP | select arm=4(dact) | reason=warm_start
     0(lehd            ): pulls=   4 | mean=+0.4603 | bonus=0.5864 | score=+1.0467 | raw=+1.0467 | p_mean_reward=0.6786
     1(elg             ): pulls=   4 | mean=+0.4603 | bonus=0.5863 | score=+1.0466 | raw=+1.0466 | p_mean_reward=0.8214
     2(invit           ): pulls=   4 | mean=+0.4601 | bonus=0.5861 | score=+1.0462 | raw=+1.0462 | p_mean_reward=0.4286
     3(icam            ): pulls=   4 | mean=+0.4611 | bonus=0.5872 | score=+1.0483 | raw=+1.0483 | p_mean_reward=0.9286
     4(dact            ): pulls=   3 | mean=+0.4608 | bonus=0.5869 | score=+1.0477 | raw=+1.0477 | p_mean_reward=0.1429 <--
     5(lih             ): pulls=   4 | mean=+0.4602 | bonus=0.5864 | score=+1.0466 | raw=+1.0466 | p_mean_reward=0.2143
     6(udc             ): pulls=   3 | mean=+0.4604 | bonus=0.5866 | score=+1.0470 | raw=+1.0470 | p_mean_reward=0.0000
     7(omni            ): pulls=   3 | mean=+0.4601 | bonus=0.5860 | score=+1.0462 | raw=+1.0462 | p_mean_reward=0.5714
07:43:58 | t=67 | UPDATE | problem=CVRP | uid=cvrp:2637 | global_index=2637 | arm=4(dact)
    outcome: reward=0.0000 | selected_cost=25.6060 | best_cost=17.6605 | regret=7.9455
    result: record_global_index=2637 | name=None | aug_score=25.6060
    arm_stats: global_pulls=7 | problem_arm_pulls=4 | avg_reward=0.1262 | problem_arm_avg_reward=0.1071
    state: history=67 | U_norm=1853.1149 | U_mean=1.002932 | U_min=1.000000 | U_max=703.407715
07:43:58 | t=67 | TRAIN | module=reward_net | trigger=warmup(<= 240)
    optimize: epochs=20 | steps=20 | batch_size=67 | replay=balanced_problem_arm | history=67 | lr=0.001
    loss: avg=0.107715 | min=0.084911 | max=0.131149 | last=0.099484
    state: U_norm=1853.1149 | U_mean=1.002932 | U_min=1.000000 | U_max=703.407715
07:44:11 | epoch=1 | TRAIN[67] | TSP | select arm=9(difusco) | reason=warm_start
     0(lehd            ): pulls=   3 | mean=+0.4652 | bonus=0.5878 | score=+1.0529 | raw=+1.0529 | p_mean_reward=0.8939
     1(elg             ): pulls=   3 | mean=+0.4652 | bonus=0.5877 | score=+1.0528 | raw=+1.0528 | p_mean_reward=0.7576
     2(invit           ): pulls=   3 | mean=+0.4650 | bonus=0.5875 | score=+1.0525 | raw=+1.0525 | p_mean_reward=0.4848
     3(icam            ): pulls=   3 | mean=+0.4659 | bonus=0.5886 | score=+1.0545 | raw=+1.0545 | p_mean_reward=0.8939
     4(dact            ): pulls=   3 | mean=+0.4657 | bonus=0.5883 | score=+1.0540 | raw=+1.0540 | p_mean_reward=0.1515
     5(lih             ): pulls=   3 | mean=+0.4651 | bonus=0.5878 | score=+1.0529 | raw=+1.0529 | p_mean_reward=0.0000
     6(udc             ): pulls=   3 | mean=+0.4653 | bonus=0.5880 | score=+1.0533 | raw=+1.0533 | p_mean_reward=0.1212
     7(omni            ): pulls=   3 | mean=+0.4650 | bonus=0.5874 | score=+1.0525 | raw=+1.0525 | p_mean_reward=0.5455
     8(pointerformer   ): pulls=   4 | mean=+0.4657 | bonus=0.5885 | score=+1.0542 | raw=+1.0542 | p_mean_reward=0.8295
     9(difusco         ): pulls=   3 | mean=+0.4658 | bonus=0.5888 | score=+1.0546 | raw=+1.0546 | p_mean_reward=0.8939 <--
    10(t2t             ): pulls=   3 | mean=+0.4650 | bonus=0.5876 | score=+1.0526 | raw=+1.0526 | p_mean_reward=0.2727
    11(glop            ): pulls=   3 | mean=+0.4656 | bonus=0.5882 | score=+1.0538 | raw=+1.0538 | p_mean_reward=0.3636
07:47:55 | t=68 | UPDATE | problem=TSP | uid=tsp:4218 | global_index=4218 | arm=9(difusco)
    outcome: reward=0.7273 | selected_cost=7.8869 | best_cost=7.8619 | regret=0.0249
    result: record_global_index=4218 | name=None | aug_score=7.8869
    arm_stats: global_pulls=4 | problem_arm_pulls=4 | avg_reward=0.8523 | problem_arm_avg_reward=0.8523
    state: history=68 | U_norm=1854.2528 | U_mean=1.002943 | U_min=1.000000 | U_max=704.530334
07:47:55 | t=68 | TRAIN | module=reward_net | trigger=warmup(<= 240)
    optimize: epochs=20 | steps=20 | batch_size=68 | replay=balanced_problem_arm | history=68 | lr=0.001
    loss: avg=0.107439 | min=0.086097 | max=0.128235 | last=0.116822
    state: U_norm=1854.2528 | U_mean=1.002943 | U_min=1.000000 | U_max=704.530334
07:48:04 | epoch=1 | TRAIN[68] | TSP | select arm=10(t2t) | reason=warm_start
     0(lehd            ): pulls=   3 | mean=+0.4620 | bonus=0.5823 | score=+1.0443 | raw=+1.0443 | p_mean_reward=0.8939
     1(elg             ): pulls=   3 | mean=+0.4620 | bonus=0.5822 | score=+1.0442 | raw=+1.0442 | p_mean_reward=0.7576
     2(invit           ): pulls=   3 | mean=+0.4618 | bonus=0.5820 | score=+1.0439 | raw=+1.0439 | p_mean_reward=0.4848
     3(icam            ): pulls=   3 | mean=+0.4628 | bonus=0.5830 | score=+1.0458 | raw=+1.0458 | p_mean_reward=0.8939
     4(dact            ): pulls=   3 | mean=+0.4625 | bonus=0.5828 | score=+1.0453 | raw=+1.0453 | p_mean_reward=0.1515
     5(lih             ): pulls=   3 | mean=+0.4620 | bonus=0.5823 | score=+1.0442 | raw=+1.0442 | p_mean_reward=0.0000
     6(udc             ): pulls=   3 | mean=+0.4621 | bonus=0.5825 | score=+1.0446 | raw=+1.0446 | p_mean_reward=0.1212
     7(omni            ): pulls=   3 | mean=+0.4619 | bonus=0.5820 | score=+1.0438 | raw=+1.0438 | p_mean_reward=0.5455
     8(pointerformer   ): pulls=   4 | mean=+0.4625 | bonus=0.5830 | score=+1.0455 | raw=+1.0455 | p_mean_reward=0.8295
     9(difusco         ): pulls=   4 | mean=+0.4627 | bonus=0.5832 | score=+1.0459 | raw=+1.0459 | p_mean_reward=0.8523
    10(t2t             ): pulls=   3 | mean=+0.4618 | bonus=0.5821 | score=+1.0440 | raw=+1.0440 | p_mean_reward=0.2727 <--
    11(glop            ): pulls=   3 | mean=+0.4624 | bonus=0.5827 | score=+1.0451 | raw=+1.0451 | p_mean_reward=0.3636
07:51:28 | t=69 | UPDATE | problem=TSP | uid=tsp:745 | global_index=745 | arm=10(t2t)
    outcome: reward=0.3636 | selected_cost=9.0928 | best_cost=8.1498 | regret=0.9431
    result: record_global_index=745 | name=None | aug_score=9.0928
    arm_stats: global_pulls=4 | problem_arm_pulls=4 | avg_reward=0.2955 | problem_arm_avg_reward=0.2955
    state: history=69 | U_norm=1855.3754 | U_mean=1.002952 | U_min=1.000000 | U_max=705.631653
07:51:28 | t=69 | TRAIN | module=reward_net | trigger=warmup(<= 240)
    optimize: epochs=20 | steps=20 | batch_size=69 | replay=balanced_problem_arm | history=69 | lr=0.001
    loss: avg=0.105538 | min=0.081549 | max=0.141083 | last=0.121655
    state: U_norm=1855.3754 | U_mean=1.002952 | U_min=1.000000 | U_max=705.631653
07:51:37 | epoch=1 | TRAIN[69] | CVRP | select arm=6(udc) | reason=warm_start
     0(lehd            ): pulls=   4 | mean=+0.4821 | bonus=0.6029 | score=+1.0850 | raw=+1.0850 | p_mean_reward=0.6786
     1(elg             ): pulls=   4 | mean=+0.4821 | bonus=0.6028 | score=+1.0850 | raw=+1.0850 | p_mean_reward=0.8214
     2(invit           ): pulls=   4 | mean=+0.4820 | bonus=0.6027 | score=+1.0846 | raw=+1.0846 | p_mean_reward=0.4286
     3(icam            ): pulls=   4 | mean=+0.4829 | bonus=0.6037 | score=+1.0865 | raw=+1.0865 | p_mean_reward=0.9286
     4(dact            ): pulls=   4 | mean=+0.4826 | bonus=0.6034 | score=+1.0860 | raw=+1.0860 | p_mean_reward=0.1071
     5(lih             ): pulls=   4 | mean=+0.4821 | bonus=0.6029 | score=+1.0850 | raw=+1.0850 | p_mean_reward=0.2143
     6(udc             ): pulls=   3 | mean=+0.4822 | bonus=0.6031 | score=+1.0853 | raw=+1.0853 | p_mean_reward=0.0000 <--
     7(omni            ): pulls=   3 | mean=+0.4820 | bonus=0.6026 | score=+1.0846 | raw=+1.0846 | p_mean_reward=0.5714
07:55:05 | t=70 | UPDATE | problem=CVRP | uid=cvrp:2405 | global_index=2405 | arm=6(udc)
    outcome: reward=0.1429 | selected_cost=26.4566 | best_cost=19.4099 | regret=7.0468
    result: record_global_index=2405 | name=None | aug_score=26.4566
    arm_stats: global_pulls=7 | problem_arm_pulls=4 | avg_reward=0.0724 | problem_arm_avg_reward=0.0357
    state: history=70 | U_norm=1856.5723 | U_mean=1.002963 | U_min=1.000000 | U_max=706.796814
07:55:05 | t=70 | TRAIN | module=reward_net | trigger=warmup(<= 240)
    optimize: epochs=20 | steps=20 | batch_size=70 | replay=balanced_problem_arm | history=70 | lr=0.001
    loss: avg=0.107066 | min=0.092858 | max=0.126113 | last=0.126113
    state: U_norm=1856.5723 | U_mean=1.002963 | U_min=1.000000 | U_max=706.796814
07:55:15 | epoch=1 | TRAIN[70] | CVRP | select arm=7(omni) | reason=warm_start
     0(lehd            ): pulls=   4 | mean=+0.4722 | bonus=0.5913 | score=+1.0635 | raw=+1.0635 | p_mean_reward=0.6786
     1(elg             ): pulls=   4 | mean=+0.4722 | bonus=0.5913 | score=+1.0635 | raw=+1.0635 | p_mean_reward=0.8214
     2(invit           ): pulls=   4 | mean=+0.4720 | bonus=0.5911 | score=+1.0632 | raw=+1.0632 | p_mean_reward=0.4286
     3(icam            ): pulls=   4 | mean=+0.4729 | bonus=0.5921 | score=+1.0649 | raw=+1.0649 | p_mean_reward=0.9286
     4(dact            ): pulls=   4 | mean=+0.4727 | bonus=0.5918 | score=+1.0645 | raw=+1.0645 | p_mean_reward=0.1071
     5(lih             ): pulls=   4 | mean=+0.4721 | bonus=0.5914 | score=+1.0635 | raw=+1.0635 | p_mean_reward=0.2143
     6(udc             ): pulls=   4 | mean=+0.4723 | bonus=0.5915 | score=+1.0638 | raw=+1.0638 | p_mean_reward=0.0357
     7(omni            ): pulls=   3 | mean=+0.4721 | bonus=0.5911 | score=+1.0631 | raw=+1.0631 | p_mean_reward=0.5714 <--
07:58:56 | t=71 | UPDATE | problem=CVRP | uid=cvrp:5342 | global_index=5342 | arm=7(omni)
    outcome: reward=0.5714 | selected_cost=15.8614 | best_cost=15.6604 | regret=0.2010
    result: record_global_index=5342 | name=None | aug_score=15.8614
    arm_stats: global_pulls=7 | problem_arm_pulls=4 | avg_reward=0.5603 | problem_arm_avg_reward=0.5714
    state: history=71 | U_norm=1857.7318 | U_mean=1.002973 | U_min=1.000000 | U_max=707.919128
07:58:56 | t=71 | TRAIN | module=reward_net | trigger=warmup(<= 240)
    optimize: epochs=20 | steps=20 | batch_size=71 | replay=balanced_problem_arm | history=71 | lr=0.001
    loss: avg=0.102755 | min=0.087453 | max=0.120670 | last=0.100078
    state: U_norm=1857.7318 | U_mean=1.002973 | U_min=1.000000 | U_max=707.919128
07:59:04 | epoch=1 | TRAIN[71] | TSP | select arm=11(glop) | reason=warm_start
     0(lehd            ): pulls=   3 | mean=+0.4591 | bonus=0.5761 | score=+1.0352 | raw=+1.0352 | p_mean_reward=0.8939
     1(elg             ): pulls=   3 | mean=+0.4591 | bonus=0.5761 | score=+1.0352 | raw=+1.0352 | p_mean_reward=0.7576
     2(invit           ): pulls=   3 | mean=+0.4589 | bonus=0.5759 | score=+1.0349 | raw=+1.0349 | p_mean_reward=0.4848
     3(icam            ): pulls=   3 | mean=+0.4597 | bonus=0.5768 | score=+1.0366 | raw=+1.0366 | p_mean_reward=0.8939
     4(dact            ): pulls=   3 | mean=+0.4595 | bonus=0.5766 | score=+1.0361 | raw=+1.0361 | p_mean_reward=0.1515
     5(lih             ): pulls=   3 | mean=+0.4591 | bonus=0.5761 | score=+1.0352 | raw=+1.0352 | p_mean_reward=0.0000
     6(udc             ): pulls=   3 | mean=+0.4592 | bonus=0.5763 | score=+1.0355 | raw=+1.0355 | p_mean_reward=0.1212
     7(omni            ): pulls=   3 | mean=+0.4590 | bonus=0.5759 | score=+1.0349 | raw=+1.0349 | p_mean_reward=0.5455
     8(pointerformer   ): pulls=   4 | mean=+0.4596 | bonus=0.5768 | score=+1.0363 | raw=+1.0363 | p_mean_reward=0.8295
     9(difusco         ): pulls=   4 | mean=+0.4597 | bonus=0.5770 | score=+1.0367 | raw=+1.0367 | p_mean_reward=0.8523
    10(t2t             ): pulls=   4 | mean=+0.4590 | bonus=0.5760 | score=+1.0350 | raw=+1.0350 | p_mean_reward=0.2955
    11(glop            ): pulls=   3 | mean=+0.4595 | bonus=0.5765 | score=+1.0360 | raw=+1.0360 | p_mean_reward=0.3636 <--
08:02:47 | t=72 | UPDATE | problem=TSP | uid=tsp:2541 | global_index=2541 | arm=11(glop)
    outcome: reward=0.3636 | selected_cost=8.6557 | best_cost=7.9970 | regret=0.6587
    result: record_global_index=2541 | name=None | aug_score=8.6557
    arm_stats: global_pulls=4 | problem_arm_pulls=4 | avg_reward=0.3636 | problem_arm_avg_reward=0.3636
    state: history=72 | U_norm=1858.8350 | U_mean=1.002983 | U_min=1.000000 | U_max=708.977051
08:02:47 | t=72 | TRAIN | module=reward_net | trigger=warmup(<= 240)
    optimize: epochs=20 | steps=20 | batch_size=72 | replay=balanced_problem_arm | history=72 | lr=0.001
    loss: avg=0.102601 | min=0.086031 | max=0.116869 | last=0.116663
    state: U_norm=1858.8350 | U_mean=1.002983 | U_min=1.000000 | U_max=708.977051
08:02:57 | epoch=1 | TRAIN[72] | CVRP | select arm=0(lehd) | reason=warm_start
     0(lehd            ): pulls=   4 | mean=+0.4666 | bonus=0.5829 | score=+1.0495 | raw=+1.0495 | p_mean_reward=0.6786 <--
     1(elg             ): pulls=   4 | mean=+0.4666 | bonus=0.5828 | score=+1.0495 | raw=+1.0495 | p_mean_reward=0.8214
     2(invit           ): pulls=   4 | mean=+0.4665 | bonus=0.5827 | score=+1.0492 | raw=+1.0492 | p_mean_reward=0.4286
     3(icam            ): pulls=   4 | mean=+0.4673 | bonus=0.5835 | score=+1.0508 | raw=+1.0508 | p_mean_reward=0.9286
     4(dact            ): pulls=   4 | mean=+0.4671 | bonus=0.5833 | score=+1.0504 | raw=+1.0504 | p_mean_reward=0.1071
     5(lih             ): pulls=   4 | mean=+0.4666 | bonus=0.5829 | score=+1.0495 | raw=+1.0495 | p_mean_reward=0.2143
     6(udc             ): pulls=   4 | mean=+0.4667 | bonus=0.5830 | score=+1.0498 | raw=+1.0498 | p_mean_reward=0.0357
     7(omni            ): pulls=   4 | mean=+0.4665 | bonus=0.5826 | score=+1.0492 | raw=+1.0492 | p_mean_reward=0.5714
08:06:43 | t=73 | UPDATE | problem=CVRP | uid=cvrp:819 | global_index=819 | arm=0(lehd)
    outcome: reward=0.5714 | selected_cost=14.9874 | best_cost=14.6857 | regret=0.3016
    result: record_global_index=819 | name=None | aug_score=14.9874
    arm_stats: global_pulls=8 | problem_arm_pulls=5 | avg_reward=0.7459 | problem_arm_avg_reward=0.6571
    state: history=73 | U_norm=1859.9708 | U_mean=1.002993 | U_min=1.000000 | U_max=710.061096
08:06:43 | t=73 | TRAIN | module=reward_net | trigger=warmup(<= 240)
    optimize: epochs=20 | steps=20 | batch_size=73 | replay=balanced_problem_arm | history=73 | lr=0.001
    loss: avg=0.104825 | min=0.080475 | max=0.127165 | last=0.121223
    state: U_norm=1859.9708 | U_mean=1.002993 | U_min=1.000000 | U_max=710.061096
08:06:53 | epoch=1 | TRAIN[73] | CVRP | select arm=1(elg) | reason=warm_start
     0(lehd            ): pulls=   5 | mean=+0.4701 | bonus=0.5884 | score=+1.0586 | raw=+1.0586 | p_mean_reward=0.6571
     1(elg             ): pulls=   4 | mean=+0.4702 | bonus=0.5883 | score=+1.0585 | raw=+1.0585 | p_mean_reward=0.8214 <--
     2(invit           ): pulls=   4 | mean=+0.4700 | bonus=0.5882 | score=+1.0582 | raw=+1.0582 | p_mean_reward=0.4286
     3(icam            ): pulls=   4 | mean=+0.4707 | bonus=0.5891 | score=+1.0598 | raw=+1.0598 | p_mean_reward=0.9286
     4(dact            ): pulls=   4 | mean=+0.4706 | bonus=0.5888 | score=+1.0594 | raw=+1.0594 | p_mean_reward=0.1071
     5(lih             ): pulls=   4 | mean=+0.4701 | bonus=0.5884 | score=+1.0585 | raw=+1.0585 | p_mean_reward=0.2143
     6(udc             ): pulls=   4 | mean=+0.4702 | bonus=0.5886 | score=+1.0588 | raw=+1.0588 | p_mean_reward=0.0357
     7(omni            ): pulls=   4 | mean=+0.4700 | bonus=0.5882 | score=+1.0582 | raw=+1.0582 | p_mean_reward=0.5714
08:10:56 | t=74 | UPDATE | problem=CVRP | uid=cvrp:4905 | global_index=4905 | arm=1(elg)
    outcome: reward=1.0000 | selected_cost=19.7950 | best_cost=19.7950 | regret=0.0000
    result: record_global_index=4905 | name=None | aug_score=19.7950
    arm_stats: global_pulls=8 | problem_arm_pulls=5 | avg_reward=0.8198 | problem_arm_avg_reward=0.8571
    state: history=74 | U_norm=1861.1134 | U_mean=1.003003 | U_min=1.000000 | U_max=711.142639
08:10:56 | t=74 | TRAIN | module=reward_net | trigger=warmup(<= 240)
    optimize: epochs=20 | steps=20 | batch_size=74 | replay=balanced_problem_arm | history=74 | lr=0.001
    loss: avg=0.111692 | min=0.091886 | max=0.146227 | last=0.120475
    state: U_norm=1861.1134 | U_mean=1.003003 | U_min=1.000000 | U_max=711.142639
08:11:03 | epoch=1 | TRAIN[74] | TSP | select arm=2(invit) | reason=warm_start
     0(lehd            ): pulls=   3 | mean=+0.4647 | bonus=0.5773 | score=+1.0420 | raw=+1.0420 | p_mean_reward=0.8939
     1(elg             ): pulls=   3 | mean=+0.4647 | bonus=0.5773 | score=+1.0420 | raw=+1.0420 | p_mean_reward=0.7576
     2(invit           ): pulls=   3 | mean=+0.4646 | bonus=0.5772 | score=+1.0417 | raw=+1.0417 | p_mean_reward=0.4848 <--
     3(icam            ): pulls=   3 | mean=+0.4653 | bonus=0.5780 | score=+1.0432 | raw=+1.0432 | p_mean_reward=0.8939
     4(dact            ): pulls=   3 | mean=+0.4651 | bonus=0.5777 | score=+1.0428 | raw=+1.0428 | p_mean_reward=0.1515
     5(lih             ): pulls=   3 | mean=+0.4647 | bonus=0.5774 | score=+1.0420 | raw=+1.0420 | p_mean_reward=0.0000
     6(udc             ): pulls=   3 | mean=+0.4648 | bonus=0.5775 | score=+1.0423 | raw=+1.0423 | p_mean_reward=0.1212
     7(omni            ): pulls=   3 | mean=+0.4646 | bonus=0.5771 | score=+1.0417 | raw=+1.0417 | p_mean_reward=0.5455
     8(pointerformer   ): pulls=   4 | mean=+0.4651 | bonus=0.5779 | score=+1.0430 | raw=+1.0430 | p_mean_reward=0.8295
     9(difusco         ): pulls=   4 | mean=+0.4652 | bonus=0.5782 | score=+1.0434 | raw=+1.0434 | p_mean_reward=0.8523
    10(t2t             ): pulls=   4 | mean=+0.4646 | bonus=0.5772 | score=+1.0418 | raw=+1.0418 | p_mean_reward=0.2955
    11(glop            ): pulls=   4 | mean=+0.4650 | bonus=0.5777 | score=+1.0427 | raw=+1.0427 | p_mean_reward=0.3636
08:15:08 | t=75 | UPDATE | problem=TSP | uid=tsp:7245 | global_index=7245 | arm=2(invit)
    outcome: reward=0.8182 | selected_cost=7.8204 | best_cost=7.7794 | regret=0.0411
    result: record_global_index=7245 | name=None | aug_score=7.8204
    arm_stats: global_pulls=8 | problem_arm_pulls=4 | avg_reward=0.4984 | problem_arm_avg_reward=0.5682
    state: history=75 | U_norm=1862.2275 | U_mean=1.003013 | U_min=1.000000 | U_max=712.190491
08:15:08 | t=75 | TRAIN | module=reward_net | trigger=warmup(<= 240)
    optimize: epochs=20 | steps=20 | batch_size=75 | replay=balanced_problem_arm | history=75 | lr=0.001
    loss: avg=0.110551 | min=0.086357 | max=0.133525 | last=0.101699
    state: U_norm=1862.2275 | U_mean=1.003013 | U_min=1.000000 | U_max=712.190491
08:15:19 | epoch=1 | TRAIN[75] | TSP | select arm=3(icam) | reason=warm_start
     0(lehd            ): pulls=   3 | mean=+0.4723 | bonus=0.5827 | score=+1.0550 | raw=+1.0550 | p_mean_reward=0.8939
     1(elg             ): pulls=   3 | mean=+0.4723 | bonus=0.5826 | score=+1.0549 | raw=+1.0549 | p_mean_reward=0.7576
     2(invit           ): pulls=   4 | mean=+0.4722 | bonus=0.5825 | score=+1.0547 | raw=+1.0547 | p_mean_reward=0.5682
     3(icam            ): pulls=   3 | mean=+0.4728 | bonus=0.5833 | score=+1.0561 | raw=+1.0561 | p_mean_reward=0.8939 <--
     4(dact            ): pulls=   3 | mean=+0.4727 | bonus=0.5831 | score=+1.0557 | raw=+1.0557 | p_mean_reward=0.1515
     5(lih             ): pulls=   3 | mean=+0.4723 | bonus=0.5827 | score=+1.0550 | raw=+1.0550 | p_mean_reward=0.0000
     6(udc             ): pulls=   3 | mean=+0.4724 | bonus=0.5828 | score=+1.0552 | raw=+1.0552 | p_mean_reward=0.1212
     7(omni            ): pulls=   3 | mean=+0.4722 | bonus=0.5825 | score=+1.0547 | raw=+1.0547 | p_mean_reward=0.5455
     8(pointerformer   ): pulls=   4 | mean=+0.4727 | bonus=0.5832 | score=+1.0559 | raw=+1.0559 | p_mean_reward=0.8295
     9(difusco         ): pulls=   4 | mean=+0.4728 | bonus=0.5835 | score=+1.0563 | raw=+1.0563 | p_mean_reward=0.8523
    10(t2t             ): pulls=   4 | mean=+0.4722 | bonus=0.5826 | score=+1.0548 | raw=+1.0548 | p_mean_reward=0.2955
    11(glop            ): pulls=   4 | mean=+0.4726 | bonus=0.5830 | score=+1.0556 | raw=+1.0556 | p_mean_reward=0.3636
08:19:12 | t=76 | UPDATE | problem=TSP | uid=tsp:5061 | global_index=5061 | arm=3(icam)
    outcome: reward=0.5455 | selected_cost=7.4548 | best_cost=7.4080 | regret=0.0467
    result: record_global_index=5061 | name=None | aug_score=7.4548
    arm_stats: global_pulls=8 | problem_arm_pulls=4 | avg_reward=0.8677 | problem_arm_avg_reward=0.8068
    state: history=76 | U_norm=1863.3680 | U_mean=1.003023 | U_min=1.000000 | U_max=713.255798
08:19:12 | t=76 | TRAIN | module=reward_net | trigger=warmup(<= 240)
    optimize: epochs=20 | steps=20 | batch_size=76 | replay=balanced_problem_arm | history=76 | lr=0.001
    loss: avg=0.106121 | min=0.089146 | max=0.122710 | last=0.092249
    state: U_norm=1863.3680 | U_mean=1.003023 | U_min=1.000000 | U_max=713.255798
08:19:21 | epoch=1 | TRAIN[76] | CVRP | select arm=4(dact) | reason=warm_start
     0(lehd            ): pulls=   5 | mean=+0.4726 | bonus=0.5834 | score=+1.0560 | raw=+1.0560 | p_mean_reward=0.6571
     1(elg             ): pulls=   5 | mean=+0.4726 | bonus=0.5833 | score=+1.0559 | raw=+1.0559 | p_mean_reward=0.8571
     2(invit           ): pulls=   4 | mean=+0.4724 | bonus=0.5832 | score=+1.0557 | raw=+1.0557 | p_mean_reward=0.4286
     3(icam            ): pulls=   4 | mean=+0.4731 | bonus=0.5840 | score=+1.0571 | raw=+1.0571 | p_mean_reward=0.9286
     4(dact            ): pulls=   4 | mean=+0.4729 | bonus=0.5838 | score=+1.0567 | raw=+1.0567 | p_mean_reward=0.1071 <--
     5(lih             ): pulls=   4 | mean=+0.4725 | bonus=0.5834 | score=+1.0559 | raw=+1.0559 | p_mean_reward=0.2143
     6(udc             ): pulls=   4 | mean=+0.4726 | bonus=0.5835 | score=+1.0562 | raw=+1.0562 | p_mean_reward=0.0357
     7(omni            ): pulls=   4 | mean=+0.4725 | bonus=0.5832 | score=+1.0557 | raw=+1.0557 | p_mean_reward=0.5714
08:22:54 | t=77 | UPDATE | problem=CVRP | uid=cvrp:2273 | global_index=2273 | arm=4(dact)
    outcome: reward=0.0000 | selected_cost=20.7306 | best_cost=14.3844 | regret=6.3463
    result: record_global_index=2273 | name=None | aug_score=20.7306
    arm_stats: global_pulls=8 | problem_arm_pulls=5 | avg_reward=0.1104 | problem_arm_avg_reward=0.0857
    state: history=77 | U_norm=1864.5170 | U_mean=1.003033 | U_min=1.000000 | U_max=714.323975
08:22:54 | t=77 | TRAIN | module=reward_net | trigger=warmup(<= 240)
    optimize: epochs=20 | steps=20 | batch_size=77 | replay=balanced_problem_arm | history=77 | lr=0.001
    loss: avg=0.105520 | min=0.092498 | max=0.122819 | last=0.097854
    state: U_norm=1864.5170 | U_mean=1.003033 | U_min=1.000000 | U_max=714.323975
08:23:03 | epoch=1 | TRAIN[77] | CVRP | select arm=5(lih) | reason=warm_start
     0(lehd            ): pulls=   5 | mean=+0.4671 | bonus=0.5763 | score=+1.0433 | raw=+1.0433 | p_mean_reward=0.6571
     1(elg             ): pulls=   5 | mean=+0.4671 | bonus=0.5762 | score=+1.0433 | raw=+1.0433 | p_mean_reward=0.8571
     2(invit           ): pulls=   4 | mean=+0.4670 | bonus=0.5761 | score=+1.0431 | raw=+1.0431 | p_mean_reward=0.4286
     3(icam            ): pulls=   4 | mean=+0.4676 | bonus=0.5768 | score=+1.0444 | raw=+1.0444 | p_mean_reward=0.9286
     4(dact            ): pulls=   5 | mean=+0.4674 | bonus=0.5766 | score=+1.0440 | raw=+1.0440 | p_mean_reward=0.0857
     5(lih             ): pulls=   4 | mean=+0.4671 | bonus=0.5763 | score=+1.0433 | raw=+1.0433 | p_mean_reward=0.2143 <--
     6(udc             ): pulls=   4 | mean=+0.4672 | bonus=0.5764 | score=+1.0436 | raw=+1.0436 | p_mean_reward=0.0357
     7(omni            ): pulls=   4 | mean=+0.4670 | bonus=0.5761 | score=+1.0431 | raw=+1.0431 | p_mean_reward=0.5714
08:26:48 | t=78 | UPDATE | problem=CVRP | uid=cvrp:2176 | global_index=2176 | arm=5(lih)
    outcome: reward=0.1429 | selected_cost=18.7358 | best_cost=14.0672 | regret=4.6686
    result: record_global_index=2176 | name=None | aug_score=18.7358
    arm_stats: global_pulls=8 | problem_arm_pulls=5 | avg_reward=0.1250 | problem_arm_avg_reward=0.2000
    state: history=78 | U_norm=1865.6459 | U_mean=1.003043 | U_min=1.000000 | U_max=715.367310
08:26:48 | t=78 | TRAIN | module=reward_net | trigger=warmup(<= 240)
    optimize: epochs=20 | steps=20 | batch_size=78 | replay=balanced_problem_arm | history=78 | lr=0.001
    loss: avg=0.107400 | min=0.087991 | max=0.122531 | last=0.116575
    state: U_norm=1865.6459 | U_mean=1.003043 | U_min=1.000000 | U_max=715.367310
08:26:54 | epoch=1 | TRAIN[78] | TSP | select arm=6(udc) | reason=warm_start
     0(lehd            ): pulls=   3 | mean=+0.4703 | bonus=0.5766 | score=+1.0469 | raw=+1.0469 | p_mean_reward=0.8939
     1(elg             ): pulls=   3 | mean=+0.4703 | bonus=0.5766 | score=+1.0469 | raw=+1.0469 | p_mean_reward=0.7576
     2(invit           ): pulls=   4 | mean=+0.4702 | bonus=0.5765 | score=+1.0467 | raw=+1.0467 | p_mean_reward=0.5682
     3(icam            ): pulls=   4 | mean=+0.4708 | bonus=0.5772 | score=+1.0480 | raw=+1.0480 | p_mean_reward=0.8068
     4(dact            ): pulls=   3 | mean=+0.4706 | bonus=0.5770 | score=+1.0476 | raw=+1.0476 | p_mean_reward=0.1515
     5(lih             ): pulls=   3 | mean=+0.4703 | bonus=0.5766 | score=+1.0469 | raw=+1.0469 | p_mean_reward=0.0000
     6(udc             ): pulls=   3 | mean=+0.4704 | bonus=0.5768 | score=+1.0471 | raw=+1.0471 | p_mean_reward=0.1212 <--
     7(omni            ): pulls=   3 | mean=+0.4702 | bonus=0.5765 | score=+1.0467 | raw=+1.0467 | p_mean_reward=0.5455
     8(pointerformer   ): pulls=   4 | mean=+0.4707 | bonus=0.5771 | score=+1.0478 | raw=+1.0478 | p_mean_reward=0.8295
     9(difusco         ): pulls=   4 | mean=+0.4707 | bonus=0.5774 | score=+1.0481 | raw=+1.0481 | p_mean_reward=0.8523
    10(t2t             ): pulls=   4 | mean=+0.4702 | bonus=0.5766 | score=+1.0468 | raw=+1.0468 | p_mean_reward=0.2955
    11(glop            ): pulls=   4 | mean=+0.4706 | bonus=0.5770 | score=+1.0475 | raw=+1.0475 | p_mean_reward=0.3636
08:30:43 | t=79 | UPDATE | problem=TSP | uid=tsp:7170 | global_index=7170 | arm=6(udc)
    outcome: reward=0.0909 | selected_cost=10.1181 | best_cost=7.4593 | regret=2.6588
    result: record_global_index=7170 | name=None | aug_score=10.1181
    arm_stats: global_pulls=8 | problem_arm_pulls=4 | avg_reward=0.0747 | problem_arm_avg_reward=0.1136
    state: history=79 | U_norm=1866.7758 | U_mean=1.003053 | U_min=1.000000 | U_max=716.403503
08:30:43 | t=79 | TRAIN | module=reward_net | trigger=warmup(<= 240)
    optimize: epochs=20 | steps=20 | batch_size=79 | replay=balanced_problem_arm | history=79 | lr=0.001
    loss: avg=0.108739 | min=0.094948 | max=0.125709 | last=0.105902
    state: U_norm=1866.7758 | U_mean=1.003053 | U_min=1.000000 | U_max=716.403503
08:30:51 | epoch=1 | TRAIN[79] | TSP | select arm=7(omni) | reason=warm_start
     0(lehd            ): pulls=   3 | mean=+0.4648 | bonus=0.5696 | score=+1.0344 | raw=+1.0344 | p_mean_reward=0.8939
     1(elg             ): pulls=   3 | mean=+0.4648 | bonus=0.5695 | score=+1.0344 | raw=+1.0344 | p_mean_reward=0.7576
     2(invit           ): pulls=   4 | mean=+0.4647 | bonus=0.5694 | score=+1.0342 | raw=+1.0342 | p_mean_reward=0.5682
     3(icam            ): pulls=   4 | mean=+0.4653 | bonus=0.5701 | score=+1.0354 | raw=+1.0354 | p_mean_reward=0.8068
     4(dact            ): pulls=   3 | mean=+0.4651 | bonus=0.5699 | score=+1.0350 | raw=+1.0350 | p_mean_reward=0.1515
     5(lih             ): pulls=   3 | mean=+0.4648 | bonus=0.5696 | score=+1.0344 | raw=+1.0344 | p_mean_reward=0.0000
     6(udc             ): pulls=   4 | mean=+0.4649 | bonus=0.5697 | score=+1.0346 | raw=+1.0346 | p_mean_reward=0.1136
     7(omni            ): pulls=   3 | mean=+0.4647 | bonus=0.5694 | score=+1.0342 | raw=+1.0342 | p_mean_reward=0.5455 <--
     8(pointerformer   ): pulls=   4 | mean=+0.4652 | bonus=0.5700 | score=+1.0352 | raw=+1.0352 | p_mean_reward=0.8295
     9(difusco         ): pulls=   4 | mean=+0.4652 | bonus=0.5703 | score=+1.0355 | raw=+1.0355 | p_mean_reward=0.8523
    10(t2t             ): pulls=   4 | mean=+0.4647 | bonus=0.5695 | score=+1.0342 | raw=+1.0342 | p_mean_reward=0.2955
    11(glop            ): pulls=   4 | mean=+0.4651 | bonus=0.5699 | score=+1.0350 | raw=+1.0350 | p_mean_reward=0.3636
08:34:56 | t=80 | UPDATE | problem=TSP | uid=tsp:3778 | global_index=3778 | arm=7(omni)
    outcome: reward=0.5455 | selected_cost=7.7205 | best_cost=7.6008 | regret=0.1197
    result: record_global_index=3778 | name=None | aug_score=7.7205
    arm_stats: global_pulls=8 | problem_arm_pulls=4 | avg_reward=0.5584 | problem_arm_avg_reward=0.5455
    state: history=80 | U_norm=1867.8867 | U_mean=1.003063 | U_min=1.000000 | U_max=717.416809
08:34:56 | t=80 | TRAIN | module=reward_net | trigger=warmup(<= 240)
    optimize: epochs=20 | steps=20 | batch_size=80 | replay=balanced_problem_arm | history=80 | lr=0.001
    loss: avg=0.107757 | min=0.093815 | max=0.130474 | last=0.113620
    state: U_norm=1867.8867 | U_mean=1.003063 | U_min=1.000000 | U_max=717.416809
08:35:04 | epoch=1 | TRAIN[80] | TSP | select arm=0(lehd) | reason=warm_start
     0(lehd            ): pulls=   3 | mean=+0.4696 | bonus=0.5733 | score=+1.0429 | raw=+1.0429 | p_mean_reward=0.8939 <--
     1(elg             ): pulls=   3 | mean=+0.4696 | bonus=0.5732 | score=+1.0429 | raw=+1.0429 | p_mean_reward=0.7576
     2(invit           ): pulls=   4 | mean=+0.4695 | bonus=0.5731 | score=+1.0427 | raw=+1.0427 | p_mean_reward=0.5682
     3(icam            ): pulls=   4 | mean=+0.4701 | bonus=0.5738 | score=+1.0438 | raw=+1.0438 | p_mean_reward=0.8068
     4(dact            ): pulls=   3 | mean=+0.4699 | bonus=0.5736 | score=+1.0435 | raw=+1.0435 | p_mean_reward=0.1515
     5(lih             ): pulls=   3 | mean=+0.4696 | bonus=0.5733 | score=+1.0429 | raw=+1.0429 | p_mean_reward=0.0000
     6(udc             ): pulls=   4 | mean=+0.4697 | bonus=0.5734 | score=+1.0431 | raw=+1.0431 | p_mean_reward=0.1136
     7(omni            ): pulls=   4 | mean=+0.4696 | bonus=0.5731 | score=+1.0427 | raw=+1.0427 | p_mean_reward=0.5455
     8(pointerformer   ): pulls=   4 | mean=+0.4700 | bonus=0.5737 | score=+1.0437 | raw=+1.0437 | p_mean_reward=0.8295
     9(difusco         ): pulls=   4 | mean=+0.4700 | bonus=0.5739 | score=+1.0440 | raw=+1.0440 | p_mean_reward=0.8523
    10(t2t             ): pulls=   4 | mean=+0.4695 | bonus=0.5732 | score=+1.0427 | raw=+1.0427 | p_mean_reward=0.2955
    11(glop            ): pulls=   4 | mean=+0.4699 | bonus=0.5735 | score=+1.0434 | raw=+1.0434 | p_mean_reward=0.3636
08:38:56 | t=81 | UPDATE | problem=TSP | uid=tsp:7184 | global_index=7184 | arm=0(lehd)
    outcome: reward=0.8636 | selected_cost=7.5209 | best_cost=7.5209 | regret=0.0000
    result: record_global_index=7184 | name=None | aug_score=7.5209
    arm_stats: global_pulls=9 | problem_arm_pulls=4 | avg_reward=0.7590 | problem_arm_avg_reward=0.8864
    state: history=81 | U_norm=1869.0131 | U_mean=1.003073 | U_min=1.000000 | U_max=718.437866
08:38:56 | t=81 | TRAIN | module=reward_net | trigger=warmup(<= 240)
    optimize: epochs=20 | steps=20 | batch_size=81 | replay=balanced_problem_arm | history=81 | lr=0.001
    loss: avg=0.107583 | min=0.090228 | max=0.124967 | last=0.103551
    state: U_norm=1869.0131 | U_mean=1.003073 | U_min=1.000000 | U_max=718.437866
08:39:05 | epoch=1 | TRAIN[81] | TSP | select arm=1(elg) | reason=warm_start
     0(lehd            ): pulls=   4 | mean=+0.4610 | bonus=0.5651 | score=+1.0262 | raw=+1.0262 | p_mean_reward=0.8864
     1(elg             ): pulls=   3 | mean=+0.4611 | bonus=0.5651 | score=+1.0262 | raw=+1.0262 | p_mean_reward=0.7576 <--
     2(invit           ): pulls=   4 | mean=+0.4610 | bonus=0.5650 | score=+1.0260 | raw=+1.0260 | p_mean_reward=0.5682
     3(icam            ): pulls=   4 | mean=+0.4615 | bonus=0.5656 | score=+1.0271 | raw=+1.0271 | p_mean_reward=0.8068
     4(dact            ): pulls=   3 | mean=+0.4613 | bonus=0.5654 | score=+1.0268 | raw=+1.0268 | p_mean_reward=0.1515
     5(lih             ): pulls=   3 | mean=+0.4610 | bonus=0.5651 | score=+1.0262 | raw=+1.0262 | p_mean_reward=0.0000
     6(udc             ): pulls=   4 | mean=+0.4611 | bonus=0.5652 | score=+1.0264 | raw=+1.0264 | p_mean_reward=0.1136
     7(omni            ): pulls=   4 | mean=+0.4610 | bonus=0.5650 | score=+1.0260 | raw=+1.0260 | p_mean_reward=0.5455
     8(pointerformer   ): pulls=   4 | mean=+0.4614 | bonus=0.5656 | score=+1.0269 | raw=+1.0269 | p_mean_reward=0.8295
     9(difusco         ): pulls=   4 | mean=+0.4614 | bonus=0.5658 | score=+1.0272 | raw=+1.0272 | p_mean_reward=0.8523
    10(t2t             ): pulls=   4 | mean=+0.4610 | bonus=0.5651 | score=+1.0261 | raw=+1.0261 | p_mean_reward=0.2955
    11(glop            ): pulls=   4 | mean=+0.4613 | bonus=0.5654 | score=+1.0267 | raw=+1.0267 | p_mean_reward=0.3636
08:43:00 | t=82 | UPDATE | problem=TSP | uid=tsp:6826 | global_index=6826 | arm=1(elg)
    outcome: reward=0.6364 | selected_cost=7.5644 | best_cost=7.5578 | regret=0.0067
    result: record_global_index=6826 | name=None | aug_score=7.5644
    arm_stats: global_pulls=9 | problem_arm_pulls=4 | avg_reward=0.7994 | problem_arm_avg_reward=0.7273
    state: history=82 | U_norm=1870.1088 | U_mean=1.003083 | U_min=1.000000 | U_max=719.424438
08:43:00 | t=82 | TRAIN | module=reward_net | trigger=warmup(<= 240)
    optimize: epochs=20 | steps=20 | batch_size=82 | replay=balanced_problem_arm | history=82 | lr=0.001
    loss: avg=0.107824 | min=0.084764 | max=0.127238 | last=0.105096
    state: U_norm=1870.1088 | U_mean=1.003083 | U_min=1.000000 | U_max=719.424438
08:43:15 | epoch=1 | TRAIN[82] | TSP | select arm=4(dact) | reason=warm_start
     0(lehd            ): pulls=   4 | mean=+0.4618 | bonus=0.5646 | score=+1.0264 | raw=+1.0264 | p_mean_reward=0.8864
     1(elg             ): pulls=   4 | mean=+0.4619 | bonus=0.5645 | score=+1.0264 | raw=+1.0264 | p_mean_reward=0.7273
     2(invit           ): pulls=   4 | mean=+0.4617 | bonus=0.5645 | score=+1.0262 | raw=+1.0262 | p_mean_reward=0.5682
     3(icam            ): pulls=   4 | mean=+0.4622 | bonus=0.5650 | score=+1.0273 | raw=+1.0273 | p_mean_reward=0.8068
     4(dact            ): pulls=   3 | mean=+0.4621 | bonus=0.5648 | score=+1.0270 | raw=+1.0270 | p_mean_reward=0.1515 <--
     5(lih             ): pulls=   3 | mean=+0.4618 | bonus=0.5646 | score=+1.0264 | raw=+1.0264 | p_mean_reward=0.0000
     6(udc             ): pulls=   4 | mean=+0.4619 | bonus=0.5647 | score=+1.0266 | raw=+1.0266 | p_mean_reward=0.1136
     7(omni            ): pulls=   4 | mean=+0.4618 | bonus=0.5644 | score=+1.0262 | raw=+1.0262 | p_mean_reward=0.5455
     8(pointerformer   ): pulls=   4 | mean=+0.4621 | bonus=0.5650 | score=+1.0271 | raw=+1.0271 | p_mean_reward=0.8295
     9(difusco         ): pulls=   4 | mean=+0.4622 | bonus=0.5652 | score=+1.0274 | raw=+1.0274 | p_mean_reward=0.8523
    10(t2t             ): pulls=   4 | mean=+0.4618 | bonus=0.5645 | score=+1.0263 | raw=+1.0263 | p_mean_reward=0.2955
    11(glop            ): pulls=   4 | mean=+0.4621 | bonus=0.5648 | score=+1.0269 | raw=+1.0269 | p_mean_reward=0.3636
08:47:14 | t=83 | UPDATE | problem=TSP | uid=tsp:2978 | global_index=2978 | arm=4(dact)
    outcome: reward=0.1818 | selected_cost=10.5537 | best_cost=7.7766 | regret=2.7771
    result: record_global_index=2978 | name=None | aug_score=10.5537
    arm_stats: global_pulls=9 | problem_arm_pulls=4 | avg_reward=0.1183 | problem_arm_avg_reward=0.1591
    state: history=83 | U_norm=1871.2081 | U_mean=1.003092 | U_min=1.000000 | U_max=720.408142
08:47:14 | t=83 | TRAIN | module=reward_net | trigger=warmup(<= 240)
    optimize: epochs=20 | steps=20 | batch_size=83 | replay=balanced_problem_arm | history=83 | lr=0.001
    loss: avg=0.105709 | min=0.082896 | max=0.129939 | last=0.108612
    state: U_norm=1871.2081 | U_mean=1.003092 | U_min=1.000000 | U_max=720.408142
08:47:21 | epoch=1 | TRAIN[83] | CVRP | select arm=2(invit) | reason=warm_start
     0(lehd            ): pulls=   5 | mean=+0.4693 | bonus=0.5706 | score=+1.0399 | raw=+1.0399 | p_mean_reward=0.6571
     1(elg             ): pulls=   5 | mean=+0.4693 | bonus=0.5706 | score=+1.0399 | raw=+1.0399 | p_mean_reward=0.8571
     2(invit           ): pulls=   4 | mean=+0.4692 | bonus=0.5705 | score=+1.0397 | raw=+1.0397 | p_mean_reward=0.4286 <--
     3(icam            ): pulls=   4 | mean=+0.4697 | bonus=0.5711 | score=+1.0407 | raw=+1.0407 | p_mean_reward=0.9286
     4(dact            ): pulls=   5 | mean=+0.4695 | bonus=0.5709 | score=+1.0404 | raw=+1.0404 | p_mean_reward=0.0857
     5(lih             ): pulls=   5 | mean=+0.4692 | bonus=0.5706 | score=+1.0399 | raw=+1.0399 | p_mean_reward=0.2000
     6(udc             ): pulls=   4 | mean=+0.4693 | bonus=0.5707 | score=+1.0400 | raw=+1.0400 | p_mean_reward=0.0357
     7(omni            ): pulls=   4 | mean=+0.4692 | bonus=0.5705 | score=+1.0397 | raw=+1.0397 | p_mean_reward=0.5714
08:51:31 | t=84 | UPDATE | problem=CVRP | uid=cvrp:416 | global_index=416 | arm=2(invit)
    outcome: reward=0.4286 | selected_cost=18.9725 | best_cost=18.1933 | regret=0.7792
    result: record_global_index=416 | name=None | aug_score=18.9725
    arm_stats: global_pulls=9 | problem_arm_pulls=5 | avg_reward=0.4906 | problem_arm_avg_reward=0.4286
    state: history=84 | U_norm=1872.3422 | U_mean=1.003102 | U_min=1.000000 | U_max=721.419800
08:51:31 | t=84 | TRAIN | module=reward_net | trigger=warmup(<= 240)
    optimize: epochs=20 | steps=20 | batch_size=84 | replay=balanced_problem_arm | history=84 | lr=0.001
    loss: avg=0.103705 | min=0.085844 | max=0.121123 | last=0.094590
    state: U_norm=1872.3422 | U_mean=1.003102 | U_min=1.000000 | U_max=721.419800
08:51:45 | epoch=1 | TRAIN[84] | TSP | select arm=5(lih) | reason=warm_start
     0(lehd            ): pulls=   4 | mean=+0.4725 | bonus=0.5696 | score=+1.0421 | raw=+1.0421 | p_mean_reward=0.8864
     1(elg             ): pulls=   4 | mean=+0.4725 | bonus=0.5696 | score=+1.0421 | raw=+1.0421 | p_mean_reward=0.7273
     2(invit           ): pulls=   4 | mean=+0.4725 | bonus=0.5695 | score=+1.0419 | raw=+1.0419 | p_mean_reward=0.5682
     3(icam            ): pulls=   4 | mean=+0.4729 | bonus=0.5700 | score=+1.0429 | raw=+1.0429 | p_mean_reward=0.8068
     4(dact            ): pulls=   4 | mean=+0.4728 | bonus=0.5698 | score=+1.0426 | raw=+1.0426 | p_mean_reward=0.1591
     5(lih             ): pulls=   3 | mean=+0.4725 | bonus=0.5696 | score=+1.0421 | raw=+1.0421 | p_mean_reward=0.0000 <--
     6(udc             ): pulls=   4 | mean=+0.4726 | bonus=0.5697 | score=+1.0423 | raw=+1.0423 | p_mean_reward=0.1136
     7(omni            ): pulls=   4 | mean=+0.4725 | bonus=0.5695 | score=+1.0419 | raw=+1.0419 | p_mean_reward=0.5455
     8(pointerformer   ): pulls=   4 | mean=+0.4728 | bonus=0.5700 | score=+1.0428 | raw=+1.0428 | p_mean_reward=0.8295
     9(difusco         ): pulls=   4 | mean=+0.4729 | bonus=0.5702 | score=+1.0431 | raw=+1.0431 | p_mean_reward=0.8523
    10(t2t             ): pulls=   4 | mean=+0.4725 | bonus=0.5695 | score=+1.0420 | raw=+1.0420 | p_mean_reward=0.2955
    11(glop            ): pulls=   4 | mean=+0.4728 | bonus=0.5698 | score=+1.0426 | raw=+1.0426 | p_mean_reward=0.3636
08:55:55 | t=85 | UPDATE | problem=TSP | uid=tsp:3213 | global_index=3213 | arm=5(lih)
    outcome: reward=0.0000 | selected_cost=50.2981 | best_cost=7.8614 | regret=42.4367
    result: record_global_index=3213 | name=None | aug_score=50.2981
    arm_stats: global_pulls=9 | problem_arm_pulls=4 | avg_reward=0.1111 | problem_arm_avg_reward=0.0000
    state: history=85 | U_norm=1873.4803 | U_mean=1.003112 | U_min=1.000000 | U_max=722.429321
08:55:55 | t=85 | TRAIN | module=reward_net | trigger=warmup(<= 240)
    optimize: epochs=20 | steps=20 | batch_size=85 | replay=balanced_problem_arm | history=85 | lr=0.001
    loss: avg=0.099904 | min=0.077091 | max=0.115970 | last=0.099803
    state: U_norm=1873.4803 | U_mean=1.003112 | U_min=1.000000 | U_max=722.429321
08:56:01 | epoch=1 | TRAIN[85] | CVRP | select arm=3(icam) | reason=warm_start
     0(lehd            ): pulls=   5 | mean=+0.4605 | bonus=0.5597 | score=+1.0202 | raw=+1.0202 | p_mean_reward=0.6571
     1(elg             ): pulls=   5 | mean=+0.4605 | bonus=0.5597 | score=+1.0202 | raw=+1.0202 | p_mean_reward=0.8571
     2(invit           ): pulls=   5 | mean=+0.4605 | bonus=0.5596 | score=+1.0201 | raw=+1.0201 | p_mean_reward=0.4286
     3(icam            ): pulls=   4 | mean=+0.4609 | bonus=0.5601 | score=+1.0210 | raw=+1.0210 | p_mean_reward=0.9286 <--
     4(dact            ): pulls=   5 | mean=+0.4608 | bonus=0.5600 | score=+1.0207 | raw=+1.0207 | p_mean_reward=0.0857
     5(lih             ): pulls=   5 | mean=+0.4605 | bonus=0.5597 | score=+1.0202 | raw=+1.0202 | p_mean_reward=0.2000
     6(udc             ): pulls=   4 | mean=+0.4606 | bonus=0.5598 | score=+1.0204 | raw=+1.0204 | p_mean_reward=0.0357
     7(omni            ): pulls=   4 | mean=+0.4605 | bonus=0.5596 | score=+1.0201 | raw=+1.0201 | p_mean_reward=0.5714
09:00:38 | t=86 | UPDATE | problem=CVRP | uid=cvrp:9622 | global_index=9622 | arm=3(icam)
    outcome: reward=1.0000 | selected_cost=16.6664 | best_cost=16.6664 | regret=0.0000
    result: record_global_index=9622 | name=None | aug_score=16.6664
    arm_stats: global_pulls=9 | problem_arm_pulls=5 | avg_reward=0.8824 | problem_arm_avg_reward=0.9429
    state: history=86 | U_norm=1874.5863 | U_mean=1.003122 | U_min=1.000000 | U_max=723.403992
09:00:38 | t=86 | TRAIN | module=reward_net | trigger=warmup(<= 240)
    optimize: epochs=20 | steps=20 | batch_size=86 | replay=balanced_problem_arm | history=86 | lr=0.001
    loss: avg=0.106171 | min=0.088332 | max=0.126989 | last=0.096943
    state: U_norm=1874.5863 | U_mean=1.003122 | U_min=1.000000 | U_max=723.403992
09:00:51 | epoch=1 | TRAIN[86] | CVRP | select arm=6(udc) | reason=warm_start
     0(lehd            ): pulls=   5 | mean=+0.4565 | bonus=0.5535 | score=+1.0099 | raw=+1.0099 | p_mean_reward=0.6571
     1(elg             ): pulls=   5 | mean=+0.4565 | bonus=0.5535 | score=+1.0100 | raw=+1.0100 | p_mean_reward=0.8571
     2(invit           ): pulls=   5 | mean=+0.4564 | bonus=0.5534 | score=+1.0098 | raw=+1.0098 | p_mean_reward=0.4286
     3(icam            ): pulls=   5 | mean=+0.4568 | bonus=0.5539 | score=+1.0107 | raw=+1.0107 | p_mean_reward=0.9429
     4(dact            ): pulls=   5 | mean=+0.4567 | bonus=0.5537 | score=+1.0104 | raw=+1.0104 | p_mean_reward=0.0857
     5(lih             ): pulls=   5 | mean=+0.4565 | bonus=0.5535 | score=+1.0099 | raw=+1.0099 | p_mean_reward=0.2000
     6(udc             ): pulls=   4 | mean=+0.4565 | bonus=0.5536 | score=+1.0101 | raw=+1.0101 | p_mean_reward=0.0357 <--
     7(omni            ): pulls=   4 | mean=+0.4564 | bonus=0.5534 | score=+1.0098 | raw=+1.0098 | p_mean_reward=0.5714
09:05:08 | t=87 | UPDATE | problem=CVRP | uid=cvrp:7139 | global_index=7139 | arm=6(udc)
    outcome: reward=0.0000 | selected_cost=20.4373 | best_cost=13.5750 | regret=6.8623
    result: record_global_index=7139 | name=None | aug_score=20.4373
    arm_stats: global_pulls=9 | problem_arm_pulls=5 | avg_reward=0.0664 | problem_arm_avg_reward=0.0286
    state: history=87 | U_norm=1875.6797 | U_mean=1.003132 | U_min=1.000000 | U_max=724.363647
09:05:08 | t=87 | TRAIN | module=reward_net | trigger=warmup(<= 240)
    optimize: epochs=20 | steps=20 | batch_size=87 | replay=balanced_problem_arm | history=87 | lr=0.001
    loss: avg=0.109326 | min=0.086441 | max=0.134161 | last=0.134161
    state: U_norm=1875.6797 | U_mean=1.003132 | U_min=1.000000 | U_max=724.363647
09:05:17 | epoch=1 | TRAIN[87] | TSP | select arm=8(pointerformer) | reason=warm_start
     0(lehd            ): pulls=   4 | mean=+0.4633 | bonus=0.5679 | score=+1.0312 | raw=+1.0312 | p_mean_reward=0.8864
     1(elg             ): pulls=   4 | mean=+0.4634 | bonus=0.5679 | score=+1.0312 | raw=+1.0312 | p_mean_reward=0.7273
     2(invit           ): pulls=   4 | mean=+0.4633 | bonus=0.5678 | score=+1.0311 | raw=+1.0311 | p_mean_reward=0.5682
     3(icam            ): pulls=   4 | mean=+0.4637 | bonus=0.5683 | score=+1.0320 | raw=+1.0320 | p_mean_reward=0.8068
     4(dact            ): pulls=   4 | mean=+0.4636 | bonus=0.5681 | score=+1.0317 | raw=+1.0317 | p_mean_reward=0.1591
     5(lih             ): pulls=   4 | mean=+0.4633 | bonus=0.5679 | score=+1.0312 | raw=+1.0312 | p_mean_reward=0.0000
     6(udc             ): pulls=   4 | mean=+0.4634 | bonus=0.5680 | score=+1.0314 | raw=+1.0314 | p_mean_reward=0.1136
     7(omni            ): pulls=   4 | mean=+0.4633 | bonus=0.5678 | score=+1.0311 | raw=+1.0311 | p_mean_reward=0.5455
     8(pointerformer   ): pulls=   4 | mean=+0.4636 | bonus=0.5682 | score=+1.0318 | raw=+1.0318 | p_mean_reward=0.8295 <--
     9(difusco         ): pulls=   4 | mean=+0.4636 | bonus=0.5684 | score=+1.0321 | raw=+1.0321 | p_mean_reward=0.8523
    10(t2t             ): pulls=   4 | mean=+0.4633 | bonus=0.5679 | score=+1.0311 | raw=+1.0311 | p_mean_reward=0.2955
    11(glop            ): pulls=   4 | mean=+0.4635 | bonus=0.5681 | score=+1.0317 | raw=+1.0317 | p_mean_reward=0.3636
09:09:33 | t=88 | UPDATE | problem=TSP | uid=tsp:1736 | global_index=1736 | arm=8(pointerformer)
    outcome: reward=0.8182 | selected_cost=8.1670 | best_cost=8.1566 | regret=0.0103
    result: record_global_index=1736 | name=None | aug_score=8.1670
    arm_stats: global_pulls=5 | problem_arm_pulls=5 | avg_reward=0.8273 | problem_arm_avg_reward=0.8273
    state: history=88 | U_norm=1876.7834 | U_mean=1.003141 | U_min=1.000000 | U_max=725.321838
09:09:33 | t=88 | TRAIN | module=reward_net | trigger=warmup(<= 240)
    optimize: epochs=20 | steps=20 | batch_size=88 | replay=balanced_problem_arm | history=88 | lr=0.001
    loss: avg=0.111319 | min=0.080579 | max=0.129277 | last=0.119616
    state: U_norm=1876.7834 | U_mean=1.003141 | U_min=1.000000 | U_max=725.321838
09:09:41 | epoch=1 | TRAIN[88] | CVRP | select arm=7(omni) | reason=warm_start
     0(lehd            ): pulls=   5 | mean=+0.4702 | bonus=0.5640 | score=+1.0341 | raw=+1.0341 | p_mean_reward=0.6571
     1(elg             ): pulls=   5 | mean=+0.4702 | bonus=0.5639 | score=+1.0341 | raw=+1.0341 | p_mean_reward=0.8571
     2(invit           ): pulls=   5 | mean=+0.4701 | bonus=0.5639 | score=+1.0340 | raw=+1.0340 | p_mean_reward=0.4286
     3(icam            ): pulls=   5 | mean=+0.4705 | bonus=0.5643 | score=+1.0348 | raw=+1.0348 | p_mean_reward=0.9429
     4(dact            ): pulls=   5 | mean=+0.4704 | bonus=0.5642 | score=+1.0346 | raw=+1.0346 | p_mean_reward=0.0857
     5(lih             ): pulls=   5 | mean=+0.4701 | bonus=0.5640 | score=+1.0341 | raw=+1.0341 | p_mean_reward=0.2000
     6(udc             ): pulls=   5 | mean=+0.4702 | bonus=0.5640 | score=+1.0342 | raw=+1.0342 | p_mean_reward=0.0286
     7(omni            ): pulls=   4 | mean=+0.4701 | bonus=0.5639 | score=+1.0340 | raw=+1.0340 | p_mean_reward=0.5714 <--
09:13:53 | t=89 | UPDATE | problem=CVRP | uid=cvrp:1818 | global_index=1818 | arm=7(omni)
    outcome: reward=0.5714 | selected_cost=17.1283 | best_cost=16.8165 | regret=0.3118
    result: record_global_index=1818 | name=None | aug_score=17.1283
    arm_stats: global_pulls=9 | problem_arm_pulls=5 | avg_reward=0.5599 | problem_arm_avg_reward=0.5714
    state: history=89 | U_norm=1877.9250 | U_mean=1.003151 | U_min=1.000000 | U_max=726.313538
09:13:53 | t=89 | TRAIN | module=reward_net | trigger=warmup(<= 240)
    optimize: epochs=20 | steps=20 | batch_size=89 | replay=balanced_problem_arm | history=89 | lr=0.001
    loss: avg=0.102678 | min=0.086713 | max=0.115914 | last=0.100830
    state: U_norm=1877.9250 | U_mean=1.003151 | U_min=1.000000 | U_max=726.313538
09:14:10 | epoch=1 | TRAIN[89] | TSP | select arm=9(difusco) | reason=warm_start
     0(lehd            ): pulls=   4 | mean=+0.4702 | bonus=0.5635 | score=+1.0337 | raw=+1.0337 | p_mean_reward=0.8864
     1(elg             ): pulls=   4 | mean=+0.4702 | bonus=0.5635 | score=+1.0337 | raw=+1.0337 | p_mean_reward=0.7273
     2(invit           ): pulls=   4 | mean=+0.4701 | bonus=0.5634 | score=+1.0336 | raw=+1.0336 | p_mean_reward=0.5682
     3(icam            ): pulls=   4 | mean=+0.4705 | bonus=0.5639 | score=+1.0344 | raw=+1.0344 | p_mean_reward=0.8068
     4(dact            ): pulls=   4 | mean=+0.4704 | bonus=0.5637 | score=+1.0341 | raw=+1.0341 | p_mean_reward=0.1591
     5(lih             ): pulls=   4 | mean=+0.4702 | bonus=0.5635 | score=+1.0337 | raw=+1.0337 | p_mean_reward=0.0000
     6(udc             ): pulls=   4 | mean=+0.4702 | bonus=0.5636 | score=+1.0338 | raw=+1.0338 | p_mean_reward=0.1136
     7(omni            ): pulls=   4 | mean=+0.4701 | bonus=0.5634 | score=+1.0336 | raw=+1.0336 | p_mean_reward=0.5455
     8(pointerformer   ): pulls=   5 | mean=+0.4704 | bonus=0.5638 | score=+1.0343 | raw=+1.0343 | p_mean_reward=0.8273
     9(difusco         ): pulls=   4 | mean=+0.4705 | bonus=0.5640 | score=+1.0345 | raw=+1.0345 | p_mean_reward=0.8523 <--
    10(t2t             ): pulls=   4 | mean=+0.4701 | bonus=0.5635 | score=+1.0336 | raw=+1.0336 | p_mean_reward=0.2955
    11(glop            ): pulls=   4 | mean=+0.4704 | bonus=0.5637 | score=+1.0341 | raw=+1.0341 | p_mean_reward=0.3636
09:18:38 | t=90 | UPDATE | problem=TSP | uid=tsp:485 | global_index=485 | arm=9(difusco)
    outcome: reward=0.8636 | selected_cost=7.8931 | best_cost=7.8931 | regret=0.0000
    result: record_global_index=485 | name=None | aug_score=7.8931
    arm_stats: global_pulls=5 | problem_arm_pulls=5 | avg_reward=0.8545 | problem_arm_avg_reward=0.8545
    state: history=90 | U_norm=1879.0581 | U_mean=1.003161 | U_min=1.000000 | U_max=727.289612
09:18:38 | t=90 | TRAIN | module=reward_net | trigger=warmup(<= 240)
    optimize: epochs=20 | steps=20 | batch_size=90 | replay=balanced_problem_arm | history=90 | lr=0.001
    loss: avg=0.107570 | min=0.084137 | max=0.117846 | last=0.096245
    state: U_norm=1879.0581 | U_mean=1.003161 | U_min=1.000000 | U_max=727.289612
09:18:53 | epoch=1 | TRAIN[90] | TSP | select arm=10(t2t) | reason=warm_start
     0(lehd            ): pulls=   4 | mean=+0.4727 | bonus=0.5612 | score=+1.0339 | raw=+1.0339 | p_mean_reward=0.8864
     1(elg             ): pulls=   4 | mean=+0.4727 | bonus=0.5612 | score=+1.0339 | raw=+1.0339 | p_mean_reward=0.7273
     2(invit           ): pulls=   4 | mean=+0.4727 | bonus=0.5611 | score=+1.0338 | raw=+1.0338 | p_mean_reward=0.5682
     3(icam            ): pulls=   4 | mean=+0.4730 | bonus=0.5616 | score=+1.0346 | raw=+1.0346 | p_mean_reward=0.8068
     4(dact            ): pulls=   4 | mean=+0.4729 | bonus=0.5614 | score=+1.0343 | raw=+1.0343 | p_mean_reward=0.1591
     5(lih             ): pulls=   4 | mean=+0.4727 | bonus=0.5612 | score=+1.0339 | raw=+1.0339 | p_mean_reward=0.0000
     6(udc             ): pulls=   4 | mean=+0.4728 | bonus=0.5613 | score=+1.0341 | raw=+1.0341 | p_mean_reward=0.1136
     7(omni            ): pulls=   4 | mean=+0.4727 | bonus=0.5611 | score=+1.0338 | raw=+1.0338 | p_mean_reward=0.5455
     8(pointerformer   ): pulls=   5 | mean=+0.4729 | bonus=0.5615 | score=+1.0345 | raw=+1.0345 | p_mean_reward=0.8273
     9(difusco         ): pulls=   5 | mean=+0.4730 | bonus=0.5617 | score=+1.0347 | raw=+1.0347 | p_mean_reward=0.8545
    10(t2t             ): pulls=   4 | mean=+0.4727 | bonus=0.5612 | score=+1.0339 | raw=+1.0339 | p_mean_reward=0.2955 <--
    11(glop            ): pulls=   4 | mean=+0.4729 | bonus=0.5614 | score=+1.0343 | raw=+1.0343 | p_mean_reward=0.3636
09:23:12 | t=91 | UPDATE | problem=TSP | uid=tsp:8428 | global_index=8428 | arm=10(t2t)
    outcome: reward=0.2727 | selected_cost=9.3059 | best_cost=7.9626 | regret=1.3433
    result: record_global_index=8428 | name=None | aug_score=9.3059
    arm_stats: global_pulls=5 | problem_arm_pulls=5 | avg_reward=0.2909 | problem_arm_avg_reward=0.2909
    state: history=91 | U_norm=1880.2035 | U_mean=1.003171 | U_min=1.000000 | U_max=728.273926
09:23:12 | t=91 | TRAIN | module=reward_net | trigger=warmup(<= 240)
    optimize: epochs=20 | steps=20 | batch_size=91 | replay=balanced_problem_arm | history=91 | lr=0.001
    loss: avg=0.107988 | min=0.091848 | max=0.129477 | last=0.110516
    state: U_norm=1880.2035 | U_mean=1.003171 | U_min=1.000000 | U_max=728.273926
09:23:20 | epoch=1 | TRAIN[91] | CVRP | select arm=0(lehd) | reason=warm_start
     0(lehd            ): pulls=   5 | mean=+0.4762 | bonus=0.5657 | score=+1.0420 | raw=+1.0420 | p_mean_reward=0.6571 <--
     1(elg             ): pulls=   5 | mean=+0.4763 | bonus=0.5657 | score=+1.0420 | raw=+1.0420 | p_mean_reward=0.8571
     2(invit           ): pulls=   5 | mean=+0.4762 | bonus=0.5657 | score=+1.0418 | raw=+1.0418 | p_mean_reward=0.4286
     3(icam            ): pulls=   5 | mean=+0.4765 | bonus=0.5661 | score=+1.0426 | raw=+1.0426 | p_mean_reward=0.9429
     4(dact            ): pulls=   5 | mean=+0.4764 | bonus=0.5659 | score=+1.0424 | raw=+1.0424 | p_mean_reward=0.0857
     5(lih             ): pulls=   5 | mean=+0.4762 | bonus=0.5657 | score=+1.0420 | raw=+1.0420 | p_mean_reward=0.2000
     6(udc             ): pulls=   5 | mean=+0.4763 | bonus=0.5658 | score=+1.0421 | raw=+1.0421 | p_mean_reward=0.0286
     7(omni            ): pulls=   5 | mean=+0.4762 | bonus=0.5657 | score=+1.0419 | raw=+1.0419 | p_mean_reward=0.5714
09:27:45 | t=92 | UPDATE | problem=CVRP | uid=cvrp:401 | global_index=401 | arm=0(lehd)
    outcome: reward=1.0000 | selected_cost=16.7988 | best_cost=16.7988 | regret=0.0000
    result: record_global_index=401 | name=None | aug_score=16.7988
    arm_stats: global_pulls=10 | problem_arm_pulls=6 | avg_reward=0.7831 | problem_arm_avg_reward=0.7143
    state: history=92 | U_norm=1881.3716 | U_mean=1.003182 | U_min=1.000000 | U_max=729.272644
09:27:45 | t=92 | TRAIN | module=reward_net | trigger=warmup(<= 240)
    optimize: epochs=20 | steps=20 | batch_size=92 | replay=balanced_problem_arm | history=92 | lr=0.001
    loss: avg=0.106099 | min=0.090307 | max=0.114946 | last=0.105190
    state: U_norm=1881.3716 | U_mean=1.003182 | U_min=1.000000 | U_max=729.272644
09:27:54 | epoch=1 | TRAIN[92] | TSP | select arm=11(glop) | reason=warm_start
     0(lehd            ): pulls=   4 | mean=+0.4669 | bonus=0.5553 | score=+1.0222 | raw=+1.0222 | p_mean_reward=0.8864
     1(elg             ): pulls=   4 | mean=+0.4670 | bonus=0.5553 | score=+1.0222 | raw=+1.0222 | p_mean_reward=0.7273
     2(invit           ): pulls=   4 | mean=+0.4669 | bonus=0.5552 | score=+1.0221 | raw=+1.0221 | p_mean_reward=0.5682
     3(icam            ): pulls=   4 | mean=+0.4672 | bonus=0.5556 | score=+1.0228 | raw=+1.0228 | p_mean_reward=0.8068
     4(dact            ): pulls=   4 | mean=+0.4671 | bonus=0.5554 | score=+1.0226 | raw=+1.0226 | p_mean_reward=0.1591
     5(lih             ): pulls=   4 | mean=+0.4669 | bonus=0.5553 | score=+1.0222 | raw=+1.0222 | p_mean_reward=0.0000
     6(udc             ): pulls=   4 | mean=+0.4670 | bonus=0.5553 | score=+1.0223 | raw=+1.0223 | p_mean_reward=0.1136
     7(omni            ): pulls=   4 | mean=+0.4669 | bonus=0.5552 | score=+1.0221 | raw=+1.0221 | p_mean_reward=0.5455
     8(pointerformer   ): pulls=   5 | mean=+0.4671 | bonus=0.5555 | score=+1.0227 | raw=+1.0227 | p_mean_reward=0.8273
     9(difusco         ): pulls=   5 | mean=+0.4672 | bonus=0.5557 | score=+1.0229 | raw=+1.0229 | p_mean_reward=0.8545
    10(t2t             ): pulls=   5 | mean=+0.4669 | bonus=0.5552 | score=+1.0221 | raw=+1.0221 | p_mean_reward=0.2909
    11(glop            ): pulls=   4 | mean=+0.4671 | bonus=0.5555 | score=+1.0226 | raw=+1.0226 | p_mean_reward=0.3636 <--
09:32:18 | t=93 | UPDATE | problem=TSP | uid=tsp:3049 | global_index=3049 | arm=11(glop)
    outcome: reward=0.3636 | selected_cost=8.4380 | best_cost=7.9013 | regret=0.5368
    result: record_global_index=3049 | name=None | aug_score=8.4380
    arm_stats: global_pulls=5 | problem_arm_pulls=5 | avg_reward=0.3636 | problem_arm_avg_reward=0.3636
    state: history=93 | U_norm=1882.4991 | U_mean=1.003191 | U_min=1.000000 | U_max=730.229492
09:32:18 | t=93 | TRAIN | module=reward_net | trigger=warmup(<= 240)
    optimize: epochs=20 | steps=20 | batch_size=93 | replay=balanced_problem_arm | history=93 | lr=0.001
    loss: avg=0.108747 | min=0.091999 | max=0.125323 | last=0.100886
    state: U_norm=1882.4991 | U_mean=1.003191 | U_min=1.000000 | U_max=730.229492
09:32:20 | epoch=1 | TRAIN[93] | TSP | select arm=1(elg) | reason=warm_start
     0(lehd            ): pulls=   4 | mean=+0.4597 | bonus=0.5481 | score=+1.0078 | raw=+1.0078 | p_mean_reward=0.8864
     1(elg             ): pulls=   4 | mean=+0.4597 | bonus=0.5481 | score=+1.0078 | raw=+1.0078 | p_mean_reward=0.7273 <--
     2(invit           ): pulls=   4 | mean=+0.4597 | bonus=0.5480 | score=+1.0077 | raw=+1.0077 | p_mean_reward=0.5682
     3(icam            ): pulls=   4 | mean=+0.4600 | bonus=0.5484 | score=+1.0084 | raw=+1.0084 | p_mean_reward=0.8068
     4(dact            ): pulls=   4 | mean=+0.4599 | bonus=0.5483 | score=+1.0082 | raw=+1.0082 | p_mean_reward=0.1591
     5(lih             ): pulls=   4 | mean=+0.4597 | bonus=0.5481 | score=+1.0078 | raw=+1.0078 | p_mean_reward=0.0000
     6(udc             ): pulls=   4 | mean=+0.4598 | bonus=0.5482 | score=+1.0079 | raw=+1.0079 | p_mean_reward=0.1136
     7(omni            ): pulls=   4 | mean=+0.4597 | bonus=0.5480 | score=+1.0077 | raw=+1.0077 | p_mean_reward=0.5455
     8(pointerformer   ): pulls=   5 | mean=+0.4599 | bonus=0.5484 | score=+1.0083 | raw=+1.0083 | p_mean_reward=0.8273
     9(difusco         ): pulls=   5 | mean=+0.4600 | bonus=0.5485 | score=+1.0085 | raw=+1.0085 | p_mean_reward=0.8545
    10(t2t             ): pulls=   5 | mean=+0.4597 | bonus=0.5481 | score=+1.0078 | raw=+1.0078 | p_mean_reward=0.2909
    11(glop            ): pulls=   5 | mean=+0.4599 | bonus=0.5483 | score=+1.0082 | raw=+1.0082 | p_mean_reward=0.3636
09:36:38 | t=94 | UPDATE | problem=TSP | uid=tsp:6270 | global_index=6270 | arm=1(elg)
    outcome: reward=0.6364 | selected_cost=8.1515 | best_cost=8.1220 | regret=0.0295
    result: record_global_index=6270 | name=None | aug_score=8.1515
    arm_stats: global_pulls=10 | problem_arm_pulls=5 | avg_reward=0.7831 | problem_arm_avg_reward=0.7091
    state: history=94 | U_norm=1883.6021 | U_mean=1.003201 | U_min=1.000000 | U_max=731.160339
09:36:38 | t=94 | TRAIN | module=reward_net | trigger=warmup(<= 240)
    optimize: epochs=20 | steps=20 | batch_size=94 | replay=balanced_problem_arm | history=94 | lr=0.001
    loss: avg=0.107068 | min=0.092354 | max=0.121315 | last=0.117681
    state: U_norm=1883.6021 | U_mean=1.003201 | U_min=1.000000 | U_max=731.160339
09:36:48 | epoch=1 | TRAIN[94] | CVRP | select arm=2(invit) | reason=warm_start
     0(lehd            ): pulls=   6 | mean=+0.4697 | bonus=0.5553 | score=+1.0250 | raw=+1.0250 | p_mean_reward=0.7143
     1(elg             ): pulls=   5 | mean=+0.4697 | bonus=0.5553 | score=+1.0250 | raw=+1.0250 | p_mean_reward=0.8571
     2(invit           ): pulls=   5 | mean=+0.4696 | bonus=0.5553 | score=+1.0249 | raw=+1.0249 | p_mean_reward=0.4286 <--
     3(icam            ): pulls=   5 | mean=+0.4699 | bonus=0.5556 | score=+1.0255 | raw=+1.0255 | p_mean_reward=0.9429
     4(dact            ): pulls=   5 | mean=+0.4698 | bonus=0.5555 | score=+1.0253 | raw=+1.0253 | p_mean_reward=0.0857
     5(lih             ): pulls=   5 | mean=+0.4697 | bonus=0.5553 | score=+1.0250 | raw=+1.0250 | p_mean_reward=0.2000
     6(udc             ): pulls=   5 | mean=+0.4697 | bonus=0.5554 | score=+1.0251 | raw=+1.0251 | p_mean_reward=0.0286
     7(omni            ): pulls=   5 | mean=+0.4696 | bonus=0.5553 | score=+1.0249 | raw=+1.0249 | p_mean_reward=0.5714
09:41:15 | t=95 | UPDATE | problem=CVRP | uid=cvrp:1475 | global_index=1475 | arm=2(invit)
    outcome: reward=0.4286 | selected_cost=18.8142 | best_cost=18.0494 | regret=0.7648
    result: record_global_index=1475 | name=None | aug_score=18.8142
    arm_stats: global_pulls=10 | problem_arm_pulls=6 | avg_reward=0.4844 | problem_arm_avg_reward=0.4286
    state: history=95 | U_norm=1884.7527 | U_mean=1.003211 | U_min=1.000000 | U_max=732.129150
09:41:15 | t=95 | TRAIN | module=reward_net | trigger=warmup(<= 240)
    optimize: epochs=20 | steps=20 | batch_size=95 | replay=balanced_problem_arm | history=95 | lr=0.001
    loss: avg=0.104377 | min=0.089924 | max=0.123331 | last=0.108016
    state: U_norm=1884.7527 | U_mean=1.003211 | U_min=1.000000 | U_max=732.129150
09:41:28 | epoch=1 | TRAIN[95] | TSP | select arm=3(icam) | reason=warm_start
     0(lehd            ): pulls=   4 | mean=+0.4663 | bonus=0.5504 | score=+1.0167 | raw=+1.0167 | p_mean_reward=0.8864
     1(elg             ): pulls=   5 | mean=+0.4664 | bonus=0.5504 | score=+1.0167 | raw=+1.0167 | p_mean_reward=0.7091
     2(invit           ): pulls=   4 | mean=+0.4663 | bonus=0.5503 | score=+1.0166 | raw=+1.0166 | p_mean_reward=0.5682
     3(icam            ): pulls=   4 | mean=+0.4666 | bonus=0.5507 | score=+1.0173 | raw=+1.0173 | p_mean_reward=0.8068 <--
     4(dact            ): pulls=   4 | mean=+0.4665 | bonus=0.5506 | score=+1.0171 | raw=+1.0171 | p_mean_reward=0.1591
     5(lih             ): pulls=   4 | mean=+0.4663 | bonus=0.5504 | score=+1.0167 | raw=+1.0167 | p_mean_reward=0.0000
     6(udc             ): pulls=   4 | mean=+0.4664 | bonus=0.5505 | score=+1.0168 | raw=+1.0168 | p_mean_reward=0.1136
     7(omni            ): pulls=   4 | mean=+0.4663 | bonus=0.5503 | score=+1.0167 | raw=+1.0167 | p_mean_reward=0.5455
     8(pointerformer   ): pulls=   5 | mean=+0.4665 | bonus=0.5507 | score=+1.0172 | raw=+1.0172 | p_mean_reward=0.8273
     9(difusco         ): pulls=   5 | mean=+0.4666 | bonus=0.5508 | score=+1.0174 | raw=+1.0174 | p_mean_reward=0.8545
    10(t2t             ): pulls=   5 | mean=+0.4663 | bonus=0.5504 | score=+1.0167 | raw=+1.0167 | p_mean_reward=0.2909
    11(glop            ): pulls=   5 | mean=+0.4665 | bonus=0.5506 | score=+1.0171 | raw=+1.0171 | p_mean_reward=0.3636
09:45:52 | t=96 | UPDATE | problem=TSP | uid=tsp:7598 | global_index=7598 | arm=3(icam)
    outcome: reward=0.9091 | selected_cost=7.8359 | best_cost=7.8357 | regret=0.0002
    result: record_global_index=7598 | name=None | aug_score=7.8359
    arm_stats: global_pulls=10 | problem_arm_pulls=5 | avg_reward=0.8851 | problem_arm_avg_reward=0.8273
    state: history=96 | U_norm=1885.8840 | U_mean=1.003221 | U_min=1.000000 | U_max=733.075378
09:45:52 | t=96 | TRAIN | module=reward_net | trigger=warmup(<= 240)
    optimize: epochs=20 | steps=20 | batch_size=96 | replay=balanced_problem_arm | history=96 | lr=0.001
    loss: avg=0.110290 | min=0.094479 | max=0.126148 | last=0.126148
    state: U_norm=1885.8840 | U_mean=1.003221 | U_min=1.000000 | U_max=733.075378
09:46:01 | epoch=1 | TRAIN[96] | CVRP | select arm=4(dact) | reason=warm_start
     0(lehd            ): pulls=   6 | mean=+0.4720 | bonus=0.5559 | score=+1.0279 | raw=+1.0279 | p_mean_reward=0.7143
     1(elg             ): pulls=   5 | mean=+0.4720 | bonus=0.5559 | score=+1.0280 | raw=+1.0280 | p_mean_reward=0.8571
     2(invit           ): pulls=   6 | mean=+0.4720 | bonus=0.5559 | score=+1.0278 | raw=+1.0278 | p_mean_reward=0.4286
     3(icam            ): pulls=   5 | mean=+0.4723 | bonus=0.5562 | score=+1.0284 | raw=+1.0284 | p_mean_reward=0.9429
     4(dact            ): pulls=   5 | mean=+0.4722 | bonus=0.5561 | score=+1.0283 | raw=+1.0283 | p_mean_reward=0.0857 <--
     5(lih             ): pulls=   5 | mean=+0.4720 | bonus=0.5559 | score=+1.0279 | raw=+1.0279 | p_mean_reward=0.2000
     6(udc             ): pulls=   5 | mean=+0.4721 | bonus=0.5560 | score=+1.0280 | raw=+1.0280 | p_mean_reward=0.0286
     7(omni            ): pulls=   5 | mean=+0.4720 | bonus=0.5559 | score=+1.0279 | raw=+1.0279 | p_mean_reward=0.5714
09:50:49 | t=97 | UPDATE | problem=CVRP | uid=cvrp:3237 | global_index=3237 | arm=4(dact)
    outcome: reward=0.2857 | selected_cost=22.7789 | best_cost=17.3488 | regret=5.4301
    result: record_global_index=3237 | name=None | aug_score=22.7789
    arm_stats: global_pulls=10 | problem_arm_pulls=6 | avg_reward=0.1351 | problem_arm_avg_reward=0.1190
    state: history=97 | U_norm=1887.0470 | U_mean=1.003231 | U_min=1.000000 | U_max=734.044312
09:50:49 | t=97 | TRAIN | module=reward_net | trigger=warmup(<= 240)
    optimize: epochs=20 | steps=20 | batch_size=97 | replay=balanced_problem_arm | history=97 | lr=0.001
    loss: avg=0.110172 | min=0.098333 | max=0.123943 | last=0.105258
    state: U_norm=1887.0470 | U_mean=1.003231 | U_min=1.000000 | U_max=734.044312
09:50:59 | epoch=1 | TRAIN[97] | CVRP | select arm=5(lih) | reason=warm_start
     0(lehd            ): pulls=   6 | mean=+0.4814 | bonus=0.5614 | score=+1.0428 | raw=+1.0428 | p_mean_reward=0.7143
     1(elg             ): pulls=   5 | mean=+0.4814 | bonus=0.5614 | score=+1.0428 | raw=+1.0428 | p_mean_reward=0.8571
     2(invit           ): pulls=   6 | mean=+0.4814 | bonus=0.5613 | score=+1.0427 | raw=+1.0427 | p_mean_reward=0.4286
     3(icam            ): pulls=   5 | mean=+0.4816 | bonus=0.5617 | score=+1.0433 | raw=+1.0433 | p_mean_reward=0.9429
     4(dact            ): pulls=   6 | mean=+0.4816 | bonus=0.5616 | score=+1.0431 | raw=+1.0431 | p_mean_reward=0.1190
     5(lih             ): pulls=   5 | mean=+0.4814 | bonus=0.5614 | score=+1.0428 | raw=+1.0428 | p_mean_reward=0.2000 <--
     6(udc             ): pulls=   5 | mean=+0.4814 | bonus=0.5615 | score=+1.0429 | raw=+1.0429 | p_mean_reward=0.0286
     7(omni            ): pulls=   5 | mean=+0.4814 | bonus=0.5613 | score=+1.0427 | raw=+1.0427 | p_mean_reward=0.5714
09:56:00 | t=98 | UPDATE | problem=CVRP | uid=cvrp:8471 | global_index=8471 | arm=5(lih)
    outcome: reward=0.2857 | selected_cost=17.9008 | best_cost=13.6570 | regret=4.2438
    result: record_global_index=8471 | name=None | aug_score=17.9008
    arm_stats: global_pulls=10 | problem_arm_pulls=6 | avg_reward=0.1286 | problem_arm_avg_reward=0.2143
    state: history=98 | U_norm=1888.2469 | U_mean=1.003241 | U_min=1.000000 | U_max=735.041199
09:56:00 | t=98 | TRAIN | module=reward_net | trigger=warmup(<= 240)
    optimize: epochs=20 | steps=20 | batch_size=98 | replay=balanced_problem_arm | history=98 | lr=0.001
    loss: avg=0.110116 | min=0.092977 | max=0.132965 | last=0.121145
    state: U_norm=1888.2469 | U_mean=1.003241 | U_min=1.000000 | U_max=735.041199
09:56:08 | epoch=1 | TRAIN[98] | CVRP | select arm=6(udc) | reason=warm_start
     0(lehd            ): pulls=   6 | mean=+0.4791 | bonus=0.5592 | score=+1.0383 | raw=+1.0383 | p_mean_reward=0.7143
     1(elg             ): pulls=   5 | mean=+0.4791 | bonus=0.5592 | score=+1.0383 | raw=+1.0383 | p_mean_reward=0.8571
     2(invit           ): pulls=   6 | mean=+0.4791 | bonus=0.5591 | score=+1.0382 | raw=+1.0382 | p_mean_reward=0.4286
     3(icam            ): pulls=   5 | mean=+0.4793 | bonus=0.5594 | score=+1.0388 | raw=+1.0388 | p_mean_reward=0.9429
     4(dact            ): pulls=   6 | mean=+0.4793 | bonus=0.5593 | score=+1.0386 | raw=+1.0386 | p_mean_reward=0.1190
     5(lih             ): pulls=   6 | mean=+0.4791 | bonus=0.5592 | score=+1.0383 | raw=+1.0383 | p_mean_reward=0.2143
     6(udc             ): pulls=   5 | mean=+0.4792 | bonus=0.5592 | score=+1.0384 | raw=+1.0384 | p_mean_reward=0.0286 <--
     7(omni            ): pulls=   5 | mean=+0.4791 | bonus=0.5592 | score=+1.0382 | raw=+1.0382 | p_mean_reward=0.5714
10:00:29 | t=99 | UPDATE | problem=CVRP | uid=cvrp:4226 | global_index=4226 | arm=6(udc)
    outcome: reward=0.1429 | selected_cost=21.5620 | best_cost=15.0719 | regret=6.4901
    result: record_global_index=4226 | name=None | aug_score=21.5620
    arm_stats: global_pulls=10 | problem_arm_pulls=6 | avg_reward=0.0740 | problem_arm_avg_reward=0.0476
    state: history=99 | U_norm=1889.4406 | U_mean=1.003252 | U_min=1.000000 | U_max=736.026855
10:00:29 | t=99 | TRAIN | module=reward_net | trigger=warmup(<= 240)
    optimize: epochs=20 | steps=20 | batch_size=99 | replay=balanced_problem_arm | history=99 | lr=0.001
    loss: avg=0.103625 | min=0.087485 | max=0.129405 | last=0.107632
    state: U_norm=1889.4406 | U_mean=1.003252 | U_min=1.000000 | U_max=736.026855
10:00:37 | epoch=1 | TRAIN[99] | TSP | select arm=7(omni) | reason=warm_start
     0(lehd            ): pulls=   4 | mean=+0.4623 | bonus=0.5381 | score=+1.0004 | raw=+1.0004 | p_mean_reward=0.8864
     1(elg             ): pulls=   5 | mean=+0.4624 | bonus=0.5381 | score=+1.0005 | raw=+1.0005 | p_mean_reward=0.7091
     2(invit           ): pulls=   4 | mean=+0.4623 | bonus=0.5381 | score=+1.0004 | raw=+1.0004 | p_mean_reward=0.5682
     3(icam            ): pulls=   5 | mean=+0.4626 | bonus=0.5383 | score=+1.0009 | raw=+1.0009 | p_mean_reward=0.8273
     4(dact            ): pulls=   4 | mean=+0.4625 | bonus=0.5382 | score=+1.0007 | raw=+1.0007 | p_mean_reward=0.1591
     5(lih             ): pulls=   4 | mean=+0.4623 | bonus=0.5381 | score=+1.0004 | raw=+1.0004 | p_mean_reward=0.0000
     6(udc             ): pulls=   4 | mean=+0.4624 | bonus=0.5382 | score=+1.0005 | raw=+1.0005 | p_mean_reward=0.1136
     7(omni            ): pulls=   4 | mean=+0.4623 | bonus=0.5381 | score=+1.0004 | raw=+1.0004 | p_mean_reward=0.5455 <--
     8(pointerformer   ): pulls=   5 | mean=+0.4625 | bonus=0.5383 | score=+1.0008 | raw=+1.0008 | p_mean_reward=0.8273
     9(difusco         ): pulls=   5 | mean=+0.4625 | bonus=0.5384 | score=+1.0010 | raw=+1.0010 | p_mean_reward=0.8545
    10(t2t             ): pulls=   5 | mean=+0.4623 | bonus=0.5381 | score=+1.0004 | raw=+1.0004 | p_mean_reward=0.2909
    11(glop            ): pulls=   5 | mean=+0.4625 | bonus=0.5382 | score=+1.0007 | raw=+1.0007 | p_mean_reward=0.3636
10:05:13 | t=100 | UPDATE | problem=TSP | uid=tsp:6436 | global_index=6436 | arm=7(omni)
    outcome: reward=0.5455 | selected_cost=8.0196 | best_cost=7.8675 | regret=0.1521
    result: record_global_index=6436 | name=None | aug_score=8.0196
    arm_stats: global_pulls=10 | problem_arm_pulls=5 | avg_reward=0.5584 | problem_arm_avg_reward=0.5455
    state: history=100 | U_norm=1890.5714 | U_mean=1.003261 | U_min=1.000000 | U_max=736.956360
10:05:13 | t=100 | TRAIN | module=reward_net | trigger=warmup(<= 240)
    optimize: epochs=20 | steps=20 | batch_size=100 | replay=balanced_problem_arm | history=100 | lr=0.001
    loss: avg=0.101938 | min=0.092396 | max=0.113466 | last=0.099363
    state: U_norm=1890.5714 | U_mean=1.003261 | U_min=1.000000 | U_max=736.956360
10:05:24 | epoch=1 | TRAIN[100] | TSP | select arm=0(lehd) | reason=warm_start
     0(lehd            ): pulls=   4 | mean=+0.4608 | bonus=0.5380 | score=+0.9988 | raw=+0.9988 | p_mean_reward=0.8864 <--
     1(elg             ): pulls=   5 | mean=+0.4608 | bonus=0.5380 | score=+0.9988 | raw=+0.9988 | p_mean_reward=0.7091
     2(invit           ): pulls=   4 | mean=+0.4608 | bonus=0.5380 | score=+0.9987 | raw=+0.9987 | p_mean_reward=0.5682
     3(icam            ): pulls=   5 | mean=+0.4610 | bonus=0.5382 | score=+0.9992 | raw=+0.9992 | p_mean_reward=0.8273
     4(dact            ): pulls=   4 | mean=+0.4609 | bonus=0.5381 | score=+0.9991 | raw=+0.9991 | p_mean_reward=0.1591
     5(lih             ): pulls=   4 | mean=+0.4608 | bonus=0.5380 | score=+0.9988 | raw=+0.9988 | p_mean_reward=0.0000
     6(udc             ): pulls=   4 | mean=+0.4608 | bonus=0.5380 | score=+0.9989 | raw=+0.9989 | p_mean_reward=0.1136
     7(omni            ): pulls=   5 | mean=+0.4608 | bonus=0.5380 | score=+0.9987 | raw=+0.9987 | p_mean_reward=0.5455
     8(pointerformer   ): pulls=   5 | mean=+0.4610 | bonus=0.5382 | score=+0.9992 | raw=+0.9992 | p_mean_reward=0.8273
     9(difusco         ): pulls=   5 | mean=+0.4610 | bonus=0.5383 | score=+0.9993 | raw=+0.9993 | p_mean_reward=0.8545
    10(t2t             ): pulls=   5 | mean=+0.4608 | bonus=0.5380 | score=+0.9988 | raw=+0.9988 | p_mean_reward=0.2909
    11(glop            ): pulls=   5 | mean=+0.4609 | bonus=0.5381 | score=+0.9991 | raw=+0.9991 | p_mean_reward=0.3636
10:10:05 | t=101 | UPDATE | problem=TSP | uid=tsp:163 | global_index=163 | arm=0(lehd)
    outcome: reward=0.8182 | selected_cost=7.4422 | best_cost=7.4246 | regret=0.0176
    result: record_global_index=163 | name=None | aug_score=7.4422
    arm_stats: global_pulls=11 | problem_arm_pulls=5 | avg_reward=0.7863 | problem_arm_avg_reward=0.8727
    state: history=101 | U_norm=1891.6956 | U_mean=1.003271 | U_min=1.000000 | U_max=737.873901
10:10:05 | t=101 | TRAIN | module=reward_net | trigger=warmup(<= 240)
    optimize: epochs=20 | steps=20 | batch_size=101 | replay=balanced_problem_arm | history=101 | lr=0.001
    loss: avg=0.106421 | min=0.088848 | max=0.126501 | last=0.100202
    state: U_norm=1891.6956 | U_mean=1.003271 | U_min=1.000000 | U_max=737.873901
10:10:12 | epoch=1 | TRAIN[101] | TSP | select arm=2(invit) | reason=warm_start
     0(lehd            ): pulls=   5 | mean=+0.4664 | bonus=0.5396 | score=+1.0060 | raw=+1.0060 | p_mean_reward=0.8727
     1(elg             ): pulls=   5 | mean=+0.4664 | bonus=0.5396 | score=+1.0060 | raw=+1.0060 | p_mean_reward=0.7091
     2(invit           ): pulls=   4 | mean=+0.4664 | bonus=0.5396 | score=+1.0060 | raw=+1.0060 | p_mean_reward=0.5682 <--
     3(icam            ): pulls=   5 | mean=+0.4666 | bonus=0.5398 | score=+1.0064 | raw=+1.0064 | p_mean_reward=0.8273
     4(dact            ): pulls=   4 | mean=+0.4665 | bonus=0.5397 | score=+1.0063 | raw=+1.0063 | p_mean_reward=0.1591
     5(lih             ): pulls=   4 | mean=+0.4664 | bonus=0.5396 | score=+1.0060 | raw=+1.0060 | p_mean_reward=0.0000
     6(udc             ): pulls=   4 | mean=+0.4664 | bonus=0.5397 | score=+1.0061 | raw=+1.0061 | p_mean_reward=0.1136
     7(omni            ): pulls=   5 | mean=+0.4664 | bonus=0.5396 | score=+1.0060 | raw=+1.0060 | p_mean_reward=0.5455
     8(pointerformer   ): pulls=   5 | mean=+0.4666 | bonus=0.5398 | score=+1.0064 | raw=+1.0064 | p_mean_reward=0.8273
     9(difusco         ): pulls=   5 | mean=+0.4666 | bonus=0.5399 | score=+1.0065 | raw=+1.0065 | p_mean_reward=0.8545
    10(t2t             ): pulls=   5 | mean=+0.4664 | bonus=0.5396 | score=+1.0060 | raw=+1.0060 | p_mean_reward=0.2909
    11(glop            ): pulls=   5 | mean=+0.4665 | bonus=0.5398 | score=+1.0063 | raw=+1.0063 | p_mean_reward=0.3636
10:15:03 | t=102 | UPDATE | problem=TSP | uid=tsp:8370 | global_index=8370 | arm=2(invit)
    outcome: reward=0.4545 | selected_cost=8.4340 | best_cost=8.0524 | regret=0.3816
    result: record_global_index=8370 | name=None | aug_score=8.4340
    arm_stats: global_pulls=11 | problem_arm_pulls=5 | avg_reward=0.4817 | problem_arm_avg_reward=0.5455
    state: history=102 | U_norm=1892.8446 | U_mean=1.003281 | U_min=1.000000 | U_max=738.808838
10:15:03 | t=102 | TRAIN | module=reward_net | trigger=warmup(<= 240)
    optimize: epochs=20 | steps=20 | batch_size=102 | replay=balanced_problem_arm | history=102 | lr=0.001
    loss: avg=0.102340 | min=0.087999 | max=0.118050 | last=0.110941
    state: U_norm=1892.8446 | U_mean=1.003281 | U_min=1.000000 | U_max=738.808838
10:15:12 | epoch=1 | TRAIN[102] | CVRP | select arm=1(elg) | reason=warm_start
     0(lehd            ): pulls=   6 | mean=+0.4663 | bonus=0.5410 | score=+1.0073 | raw=+1.0073 | p_mean_reward=0.7143
     1(elg             ): pulls=   5 | mean=+0.4663 | bonus=0.5410 | score=+1.0073 | raw=+1.0073 | p_mean_reward=0.8571 <--
     2(invit           ): pulls=   6 | mean=+0.4663 | bonus=0.5410 | score=+1.0072 | raw=+1.0072 | p_mean_reward=0.4286
     3(icam            ): pulls=   5 | mean=+0.4665 | bonus=0.5412 | score=+1.0077 | raw=+1.0077 | p_mean_reward=0.9429
     4(dact            ): pulls=   6 | mean=+0.4664 | bonus=0.5411 | score=+1.0075 | raw=+1.0075 | p_mean_reward=0.1190
     5(lih             ): pulls=   6 | mean=+0.4663 | bonus=0.5410 | score=+1.0073 | raw=+1.0073 | p_mean_reward=0.2143
     6(udc             ): pulls=   6 | mean=+0.4663 | bonus=0.5410 | score=+1.0074 | raw=+1.0074 | p_mean_reward=0.0476
     7(omni            ): pulls=   5 | mean=+0.4663 | bonus=0.5410 | score=+1.0072 | raw=+1.0072 | p_mean_reward=0.5714
10:19:03 | t=103 | UPDATE | problem=CVRP | uid=cvrp:2713 | global_index=2713 | arm=1(elg)
    outcome: reward=0.7143 | selected_cost=17.6258 | best_cost=17.5139 | regret=0.1120
    result: record_global_index=2713 | name=None | aug_score=17.6258
    arm_stats: global_pulls=11 | problem_arm_pulls=6 | avg_reward=0.7769 | problem_arm_avg_reward=0.8333
    state: history=103 | U_norm=1894.0033 | U_mean=1.003291 | U_min=1.000000 | U_max=739.747437
10:19:03 | t=103 | TRAIN | module=reward_net | trigger=warmup(<= 240)
    optimize: epochs=20 | steps=20 | batch_size=103 | replay=balanced_problem_arm | history=103 | lr=0.001
    loss: avg=0.105307 | min=0.089872 | max=0.121300 | last=0.108104
    state: U_norm=1894.0033 | U_mean=1.003291 | U_min=1.000000 | U_max=739.747437
10:19:09 | epoch=1 | TRAIN[103] | TSP | select arm=4(dact) | reason=warm_start
     0(lehd            ): pulls=   5 | mean=+0.4663 | bonus=0.5366 | score=+1.0029 | raw=+1.0029 | p_mean_reward=0.8727
     1(elg             ): pulls=   5 | mean=+0.4664 | bonus=0.5366 | score=+1.0029 | raw=+1.0029 | p_mean_reward=0.7091
     2(invit           ): pulls=   5 | mean=+0.4663 | bonus=0.5365 | score=+1.0028 | raw=+1.0028 | p_mean_reward=0.5455
     3(icam            ): pulls=   5 | mean=+0.4665 | bonus=0.5368 | score=+1.0033 | raw=+1.0033 | p_mean_reward=0.8273
     4(dact            ): pulls=   4 | mean=+0.4665 | bonus=0.5367 | score=+1.0031 | raw=+1.0031 | p_mean_reward=0.1591 <--
     5(lih             ): pulls=   4 | mean=+0.4663 | bonus=0.5366 | score=+1.0029 | raw=+1.0029 | p_mean_reward=0.0000
     6(udc             ): pulls=   4 | mean=+0.4664 | bonus=0.5366 | score=+1.0030 | raw=+1.0030 | p_mean_reward=0.1136
     7(omni            ): pulls=   5 | mean=+0.4663 | bonus=0.5365 | score=+1.0028 | raw=+1.0028 | p_mean_reward=0.5455
     8(pointerformer   ): pulls=   5 | mean=+0.4665 | bonus=0.5367 | score=+1.0032 | raw=+1.0032 | p_mean_reward=0.8273
     9(difusco         ): pulls=   5 | mean=+0.4665 | bonus=0.5369 | score=+1.0034 | raw=+1.0034 | p_mean_reward=0.8545
    10(t2t             ): pulls=   5 | mean=+0.4663 | bonus=0.5366 | score=+1.0029 | raw=+1.0029 | p_mean_reward=0.2909
    11(glop            ): pulls=   5 | mean=+0.4664 | bonus=0.5367 | score=+1.0031 | raw=+1.0031 | p_mean_reward=0.3636
10:21:23 | t=104 | UPDATE | problem=TSP | uid=tsp:219 | global_index=219 | arm=4(dact)
    outcome: reward=0.2727 | selected_cost=8.6786 | best_cost=7.3943 | regret=1.2843
    result: record_global_index=219 | name=None | aug_score=8.6786
    arm_stats: global_pulls=11 | problem_arm_pulls=5 | avg_reward=0.1476 | problem_arm_avg_reward=0.1818
    state: history=104 | U_norm=1895.1580 | U_mean=1.003301 | U_min=1.000000 | U_max=740.678406
10:21:23 | t=104 | TRAIN | module=reward_net | trigger=warmup(<= 240)
    optimize: epochs=20 | steps=20 | batch_size=104 | replay=balanced_problem_arm | history=104 | lr=0.001
    loss: avg=0.101039 | min=0.091325 | max=0.112482 | last=0.099609
    state: U_norm=1895.1580 | U_mean=1.003301 | U_min=1.000000 | U_max=740.678406
10:21:31 | epoch=1 | TRAIN[104] | CVRP | select arm=3(icam) | reason=warm_start
     0(lehd            ): pulls=   6 | mean=+0.4698 | bonus=0.5392 | score=+1.0090 | raw=+1.0090 | p_mean_reward=0.7143
     1(elg             ): pulls=   6 | mean=+0.4698 | bonus=0.5392 | score=+1.0090 | raw=+1.0090 | p_mean_reward=0.8333
     2(invit           ): pulls=   6 | mean=+0.4698 | bonus=0.5391 | score=+1.0089 | raw=+1.0089 | p_mean_reward=0.4286
     3(icam            ): pulls=   5 | mean=+0.4700 | bonus=0.5394 | score=+1.0094 | raw=+1.0094 | p_mean_reward=0.9429 <--
     4(dact            ): pulls=   6 | mean=+0.4699 | bonus=0.5393 | score=+1.0092 | raw=+1.0092 | p_mean_reward=0.1190
     5(lih             ): pulls=   6 | mean=+0.4698 | bonus=0.5392 | score=+1.0090 | raw=+1.0090 | p_mean_reward=0.2143
     6(udc             ): pulls=   6 | mean=+0.4699 | bonus=0.5392 | score=+1.0091 | raw=+1.0091 | p_mean_reward=0.0476
     7(omni            ): pulls=   5 | mean=+0.4698 | bonus=0.5391 | score=+1.0090 | raw=+1.0090 | p_mean_reward=0.5714
10:23:45 | t=105 | UPDATE | problem=CVRP | uid=cvrp:2086 | global_index=2086 | arm=3(icam)
    outcome: reward=0.7143 | selected_cost=16.8567 | best_cost=16.4882 | regret=0.3685
    result: record_global_index=2086 | name=None | aug_score=16.8567
    arm_stats: global_pulls=11 | problem_arm_pulls=6 | avg_reward=0.8695 | problem_arm_avg_reward=0.9048
    state: history=105 | U_norm=1896.3392 | U_mean=1.003311 | U_min=1.000000 | U_max=741.628723
10:23:45 | t=105 | TRAIN | module=reward_net | trigger=warmup(<= 240)
    optimize: epochs=20 | steps=20 | batch_size=105 | replay=balanced_problem_arm | history=105 | lr=0.001
    loss: avg=0.098811 | min=0.081972 | max=0.116738 | last=0.102462
    state: U_norm=1896.3392 | U_mean=1.003311 | U_min=1.000000 | U_max=741.628723
10:23:49 | epoch=1 | TRAIN[105] | CVRP | select arm=7(omni) | reason=warm_start
     0(lehd            ): pulls=   6 | mean=+0.4735 | bonus=0.5507 | score=+1.0242 | raw=+1.0242 | p_mean_reward=0.7143
     1(elg             ): pulls=   6 | mean=+0.4735 | bonus=0.5507 | score=+1.0242 | raw=+1.0242 | p_mean_reward=0.8333
     2(invit           ): pulls=   6 | mean=+0.4734 | bonus=0.5507 | score=+1.0241 | raw=+1.0241 | p_mean_reward=0.4286
     3(icam            ): pulls=   6 | mean=+0.4736 | bonus=0.5509 | score=+1.0246 | raw=+1.0246 | p_mean_reward=0.9048
     4(dact            ): pulls=   6 | mean=+0.4736 | bonus=0.5508 | score=+1.0244 | raw=+1.0244 | p_mean_reward=0.1190
     5(lih             ): pulls=   6 | mean=+0.4735 | bonus=0.5507 | score=+1.0242 | raw=+1.0242 | p_mean_reward=0.2143
     6(udc             ): pulls=   6 | mean=+0.4735 | bonus=0.5508 | score=+1.0243 | raw=+1.0243 | p_mean_reward=0.0476
     7(omni            ): pulls=   5 | mean=+0.4735 | bonus=0.5507 | score=+1.0242 | raw=+1.0242 | p_mean_reward=0.5714 <--
10:25:56 | t=106 | UPDATE | problem=CVRP | uid=cvrp:608 | global_index=608 | arm=7(omni)
    outcome: reward=0.7143 | selected_cost=16.0428 | best_cost=16.0076 | regret=0.0352
    result: record_global_index=608 | name=None | aug_score=16.0428
    arm_stats: global_pulls=11 | problem_arm_pulls=6 | avg_reward=0.5726 | problem_arm_avg_reward=0.5952
    state: history=106 | U_norm=1897.5300 | U_mean=1.003321 | U_min=1.000000 | U_max=742.577637
10:25:56 | t=106 | TRAIN | module=reward_net | trigger=warmup(<= 240)
    optimize: epochs=20 | steps=20 | batch_size=106 | replay=balanced_problem_arm | history=106 | lr=0.001
    loss: avg=0.102669 | min=0.084951 | max=0.120998 | last=0.109756
    state: U_norm=1897.5300 | U_mean=1.003321 | U_min=1.000000 | U_max=742.577637
10:26:01 | epoch=1 | TRAIN[106] | CVRP | select arm=5(lih) | reason=warm_start
     0(lehd            ): pulls=   6 | mean=+0.4697 | bonus=0.5359 | score=+1.0056 | raw=+1.0056 | p_mean_reward=0.7143
     1(elg             ): pulls=   6 | mean=+0.4697 | bonus=0.5359 | score=+1.0056 | raw=+1.0056 | p_mean_reward=0.8333
     2(invit           ): pulls=   6 | mean=+0.4697 | bonus=0.5359 | score=+1.0056 | raw=+1.0056 | p_mean_reward=0.4286
     3(icam            ): pulls=   6 | mean=+0.4699 | bonus=0.5361 | score=+1.0060 | raw=+1.0060 | p_mean_reward=0.9048
     4(dact            ): pulls=   6 | mean=+0.4698 | bonus=0.5360 | score=+1.0058 | raw=+1.0058 | p_mean_reward=0.1190
     5(lih             ): pulls=   6 | mean=+0.4697 | bonus=0.5359 | score=+1.0056 | raw=+1.0056 | p_mean_reward=0.2143 <--
     6(udc             ): pulls=   6 | mean=+0.4697 | bonus=0.5360 | score=+1.0057 | raw=+1.0057 | p_mean_reward=0.0476
     7(omni            ): pulls=   6 | mean=+0.4697 | bonus=0.5359 | score=+1.0056 | raw=+1.0056 | p_mean_reward=0.5952
10:29:35 | t=107 | UPDATE | problem=CVRP | uid=cvrp:8553 | global_index=8553 | arm=5(lih)
    outcome: reward=0.1429 | selected_cost=21.3459 | best_cost=16.0376 | regret=5.3082
    result: record_global_index=8553 | name=None | aug_score=21.3459
    arm_stats: global_pulls=11 | problem_arm_pulls=7 | avg_reward=0.1299 | problem_arm_avg_reward=0.2041
    state: history=107 | U_norm=1898.7169 | U_mean=1.003331 | U_min=1.000000 | U_max=743.524170
10:29:35 | t=107 | TRAIN | module=reward_net | trigger=warmup(<= 240)
    optimize: epochs=20 | steps=20 | batch_size=107 | replay=balanced_problem_arm | history=107 | lr=0.001
    loss: avg=0.103323 | min=0.091067 | max=0.119049 | last=0.113990
    state: U_norm=1898.7169 | U_mean=1.003331 | U_min=1.000000 | U_max=743.524170
10:29:45 | epoch=1 | TRAIN[107] | CVRP | select arm=6(udc) | reason=warm_start
     0(lehd            ): pulls=   6 | mean=+0.4716 | bonus=0.5397 | score=+1.0114 | raw=+1.0114 | p_mean_reward=0.7143
     1(elg             ): pulls=   6 | mean=+0.4717 | bonus=0.5397 | score=+1.0114 | raw=+1.0114 | p_mean_reward=0.8333
     2(invit           ): pulls=   6 | mean=+0.4716 | bonus=0.5397 | score=+1.0113 | raw=+1.0113 | p_mean_reward=0.4286
     3(icam            ): pulls=   6 | mean=+0.4718 | bonus=0.5399 | score=+1.0117 | raw=+1.0117 | p_mean_reward=0.9048
     4(dact            ): pulls=   6 | mean=+0.4717 | bonus=0.5398 | score=+1.0116 | raw=+1.0116 | p_mean_reward=0.1190
     5(lih             ): pulls=   7 | mean=+0.4716 | bonus=0.5397 | score=+1.0114 | raw=+1.0114 | p_mean_reward=0.2041
     6(udc             ): pulls=   6 | mean=+0.4717 | bonus=0.5398 | score=+1.0114 | raw=+1.0114 | p_mean_reward=0.0476 <--
     7(omni            ): pulls=   6 | mean=+0.4716 | bonus=0.5397 | score=+1.0113 | raw=+1.0113 | p_mean_reward=0.5952
10:55:23 | t=108 | UPDATE | problem=CVRP | uid=cvrp:8361 | global_index=8361 | arm=6(udc)
    outcome: reward=0.0000 | selected_cost=20.3633 | best_cost=14.7785 | regret=5.5848
    result: record_global_index=8361 | name=None | aug_score=20.3633
    arm_stats: global_pulls=11 | problem_arm_pulls=7 | avg_reward=0.0673 | problem_arm_avg_reward=0.0408
    state: history=108 | U_norm=1899.9104 | U_mean=1.003341 | U_min=1.000000 | U_max=744.468811
10:55:23 | t=108 | TRAIN | module=reward_net | trigger=warmup(<= 240)
    optimize: epochs=20 | steps=20 | batch_size=108 | replay=balanced_problem_arm | history=108 | lr=0.001
    loss: avg=0.101294 | min=0.089819 | max=0.109221 | last=0.109221
    state: U_norm=1899.9104 | U_mean=1.003341 | U_min=1.000000 | U_max=744.468811
10:56:10 | epoch=1 | TRAIN[108] | TSP | select arm=5(lih) | reason=warm_start
     0(lehd            ): pulls=   5 | mean=+0.4629 | bonus=0.5259 | score=+0.9888 | raw=+0.9888 | p_mean_reward=0.8727
     1(elg             ): pulls=   5 | mean=+0.4629 | bonus=0.5259 | score=+0.9888 | raw=+0.9888 | p_mean_reward=0.7091
     2(invit           ): pulls=   5 | mean=+0.4629 | bonus=0.5259 | score=+0.9887 | raw=+0.9887 | p_mean_reward=0.5455
     3(icam            ): pulls=   5 | mean=+0.4631 | bonus=0.5260 | score=+0.9891 | raw=+0.9891 | p_mean_reward=0.8273
     4(dact            ): pulls=   5 | mean=+0.4630 | bonus=0.5260 | score=+0.9890 | raw=+0.9890 | p_mean_reward=0.1818
     5(lih             ): pulls=   4 | mean=+0.4629 | bonus=0.5259 | score=+0.9888 | raw=+0.9888 | p_mean_reward=0.0000 <--
     6(udc             ): pulls=   4 | mean=+0.4629 | bonus=0.5259 | score=+0.9889 | raw=+0.9889 | p_mean_reward=0.1136
     7(omni            ): pulls=   5 | mean=+0.4629 | bonus=0.5259 | score=+0.9888 | raw=+0.9888 | p_mean_reward=0.5455
     8(pointerformer   ): pulls=   5 | mean=+0.4630 | bonus=0.5260 | score=+0.9891 | raw=+0.9891 | p_mean_reward=0.8273
     9(difusco         ): pulls=   5 | mean=+0.4631 | bonus=0.5261 | score=+0.9892 | raw=+0.9892 | p_mean_reward=0.8545
    10(t2t             ): pulls=   5 | mean=+0.4629 | bonus=0.5259 | score=+0.9888 | raw=+0.9888 | p_mean_reward=0.2909
    11(glop            ): pulls=   5 | mean=+0.4630 | bonus=0.5260 | score=+0.9890 | raw=+0.9890 | p_mean_reward=0.3636
11:08:23 | t=109 | UPDATE | problem=TSP | uid=tsp:4008 | global_index=4008 | arm=5(lih)
    outcome: reward=0.0000 | selected_cost=49.2067 | best_cost=7.5844 | regret=41.6223
    result: record_global_index=4008 | name=None | aug_score=49.2067
    arm_stats: global_pulls=12 | problem_arm_pulls=5 | avg_reward=0.1190 | problem_arm_avg_reward=0.0000
    state: history=109 | U_norm=1901.0686 | U_mean=1.003351 | U_min=1.000000 | U_max=745.381775
11:08:23 | t=109 | TRAIN | module=reward_net | trigger=warmup(<= 240)
    optimize: epochs=20 | steps=20 | batch_size=109 | replay=balanced_problem_arm | history=109 | lr=0.001
    loss: avg=0.107807 | min=0.091221 | max=0.127509 | last=0.102214
    state: U_norm=1901.0686 | U_mean=1.003351 | U_min=1.000000 | U_max=745.381775
11:08:31 | epoch=1 | TRAIN[109] | CVRP | select arm=0(lehd) | reason=warm_start
     0(lehd            ): pulls=   6 | mean=+0.4711 | bonus=0.5325 | score=+1.0036 | raw=+1.0036 | p_mean_reward=0.7143 <--
     1(elg             ): pulls=   6 | mean=+0.4711 | bonus=0.5325 | score=+1.0036 | raw=+1.0036 | p_mean_reward=0.8333
     2(invit           ): pulls=   6 | mean=+0.4711 | bonus=0.5325 | score=+1.0036 | raw=+1.0036 | p_mean_reward=0.4286
     3(icam            ): pulls=   6 | mean=+0.4713 | bonus=0.5327 | score=+1.0039 | raw=+1.0039 | p_mean_reward=0.9048
     4(dact            ): pulls=   6 | mean=+0.4712 | bonus=0.5326 | score=+1.0038 | raw=+1.0038 | p_mean_reward=0.1190
     5(lih             ): pulls=   7 | mean=+0.4711 | bonus=0.5325 | score=+1.0036 | raw=+1.0036 | p_mean_reward=0.2041
     6(udc             ): pulls=   7 | mean=+0.4711 | bonus=0.5325 | score=+1.0037 | raw=+1.0037 | p_mean_reward=0.0408
     7(omni            ): pulls=   6 | mean=+0.4711 | bonus=0.5325 | score=+1.0036 | raw=+1.0036 | p_mean_reward=0.5952
11:11:29 | t=110 | UPDATE | problem=CVRP | uid=cvrp:2310 | global_index=2310 | arm=0(lehd)
    outcome: reward=0.8571 | selected_cost=15.0098 | best_cost=14.9832 | regret=0.0266
    result: record_global_index=2310 | name=None | aug_score=15.0098
    arm_stats: global_pulls=12 | problem_arm_pulls=7 | avg_reward=0.7922 | problem_arm_avg_reward=0.7347
    state: history=110 | U_norm=1902.2716 | U_mean=1.003361 | U_min=1.000000 | U_max=746.328430
11:11:29 | t=110 | TRAIN | module=reward_net | trigger=warmup(<= 240)
    optimize: epochs=20 | steps=20 | batch_size=110 | replay=balanced_problem_arm | history=110 | lr=0.001
    loss: avg=0.103060 | min=0.081618 | max=0.121510 | last=0.121510
    state: U_norm=1902.2716 | U_mean=1.003361 | U_min=1.000000 | U_max=746.328430
11:11:29 | epoch=1 | TRAIN[110] | TSP | select arm=6(udc) | reason=warm_start
     0(lehd            ): pulls=   5 | mean=+0.4741 | bonus=0.5365 | score=+1.0105 | raw=+1.0105 | p_mean_reward=0.8727
     1(elg             ): pulls=   5 | mean=+0.4741 | bonus=0.5365 | score=+1.0105 | raw=+1.0105 | p_mean_reward=0.7091
     2(invit           ): pulls=   5 | mean=+0.4741 | bonus=0.5364 | score=+1.0105 | raw=+1.0105 | p_mean_reward=0.5455
     3(icam            ): pulls=   5 | mean=+0.4742 | bonus=0.5366 | score=+1.0108 | raw=+1.0108 | p_mean_reward=0.8273
     4(dact            ): pulls=   5 | mean=+0.4742 | bonus=0.5365 | score=+1.0107 | raw=+1.0107 | p_mean_reward=0.1818
     5(lih             ): pulls=   5 | mean=+0.4741 | bonus=0.5365 | score=+1.0105 | raw=+1.0105 | p_mean_reward=0.0000
     6(udc             ): pulls=   4 | mean=+0.4741 | bonus=0.5365 | score=+1.0106 | raw=+1.0106 | p_mean_reward=0.1136 <--
     7(omni            ): pulls=   5 | mean=+0.4741 | bonus=0.5364 | score=+1.0105 | raw=+1.0105 | p_mean_reward=0.5455
     8(pointerformer   ): pulls=   5 | mean=+0.4742 | bonus=0.5366 | score=+1.0108 | raw=+1.0108 | p_mean_reward=0.8273
     9(difusco         ): pulls=   5 | mean=+0.4742 | bonus=0.5367 | score=+1.0109 | raw=+1.0109 | p_mean_reward=0.8545
    10(t2t             ): pulls=   5 | mean=+0.4741 | bonus=0.5365 | score=+1.0105 | raw=+1.0105 | p_mean_reward=0.2909
    11(glop            ): pulls=   5 | mean=+0.4742 | bonus=0.5366 | score=+1.0107 | raw=+1.0107 | p_mean_reward=0.3636
11:11:58 | t=111 | UPDATE | problem=TSP | uid=tsp:9462 | global_index=9462 | arm=6(udc)
    outcome: reward=0.1818 | selected_cost=10.6829 | best_cost=8.1297 | regret=2.5532
    result: record_global_index=9462 | name=None | aug_score=10.6829
    arm_stats: global_pulls=12 | problem_arm_pulls=5 | avg_reward=0.0768 | problem_arm_avg_reward=0.1273
    state: history=111 | U_norm=1903.4753 | U_mean=1.003371 | U_min=1.000000 | U_max=747.267822
11:11:58 | t=111 | TRAIN | module=reward_net | trigger=warmup(<= 240)
    optimize: epochs=20 | steps=20 | batch_size=111 | replay=balanced_problem_arm | history=111 | lr=0.001
    loss: avg=0.105644 | min=0.087780 | max=0.122619 | last=0.098995
    state: U_norm=1903.4753 | U_mean=1.003371 | U_min=1.000000 | U_max=747.267822
11:12:00 | epoch=1 | TRAIN[111] | CVRP | select arm=1(elg) | reason=warm_start
     0(lehd            ): pulls=   7 | mean=+0.4738 | bonus=0.5345 | score=+1.0084 | raw=+1.0084 | p_mean_reward=0.7347
     1(elg             ): pulls=   6 | mean=+0.4738 | bonus=0.5345 | score=+1.0084 | raw=+1.0084 | p_mean_reward=0.8333 <--
     2(invit           ): pulls=   6 | mean=+0.4738 | bonus=0.5345 | score=+1.0083 | raw=+1.0083 | p_mean_reward=0.4286
     3(icam            ): pulls=   6 | mean=+0.4740 | bonus=0.5347 | score=+1.0087 | raw=+1.0087 | p_mean_reward=0.9048
     4(dact            ): pulls=   6 | mean=+0.4739 | bonus=0.5346 | score=+1.0085 | raw=+1.0085 | p_mean_reward=0.1190
     5(lih             ): pulls=   7 | mean=+0.4738 | bonus=0.5345 | score=+1.0084 | raw=+1.0084 | p_mean_reward=0.2041
     6(udc             ): pulls=   7 | mean=+0.4739 | bonus=0.5346 | score=+1.0084 | raw=+1.0084 | p_mean_reward=0.0408
     7(omni            ): pulls=   6 | mean=+0.4738 | bonus=0.5345 | score=+1.0083 | raw=+1.0083 | p_mean_reward=0.5952
11:12:21 | t=112 | UPDATE | problem=CVRP | uid=cvrp:7527 | global_index=7527 | arm=1(elg)
    outcome: reward=0.7143 | selected_cost=14.5194 | best_cost=14.3803 | regret=0.1391
    result: record_global_index=7527 | name=None | aug_score=14.5194
    arm_stats: global_pulls=12 | problem_arm_pulls=7 | avg_reward=0.7716 | problem_arm_avg_reward=0.8163
    state: history=112 | U_norm=1904.6923 | U_mean=1.003381 | U_min=1.000000 | U_max=748.214783
11:12:21 | t=112 | TRAIN | module=reward_net | trigger=warmup(<= 240)
    optimize: epochs=20 | steps=20 | batch_size=112 | replay=balanced_problem_arm | history=112 | lr=0.001
    loss: avg=0.099415 | min=0.088346 | max=0.114671 | last=0.098561
    state: U_norm=1904.6923 | U_mean=1.003381 | U_min=1.000000 | U_max=748.214783
11:12:23 | epoch=1 | TRAIN[112] | CVRP | select arm=2(invit) | reason=warm_start
     0(lehd            ): pulls=   7 | mean=+0.4708 | bonus=0.5296 | score=+1.0004 | raw=+1.0004 | p_mean_reward=0.7347
     1(elg             ): pulls=   7 | mean=+0.4708 | bonus=0.5296 | score=+1.0004 | raw=+1.0004 | p_mean_reward=0.8163
     2(invit           ): pulls=   6 | mean=+0.4708 | bonus=0.5296 | score=+1.0004 | raw=+1.0004 | p_mean_reward=0.4286 <--
     3(icam            ): pulls=   6 | mean=+0.4710 | bonus=0.5297 | score=+1.0007 | raw=+1.0007 | p_mean_reward=0.9048
     4(dact            ): pulls=   6 | mean=+0.4709 | bonus=0.5297 | score=+1.0006 | raw=+1.0006 | p_mean_reward=0.1190
     5(lih             ): pulls=   7 | mean=+0.4708 | bonus=0.5296 | score=+1.0004 | raw=+1.0004 | p_mean_reward=0.2041
     6(udc             ): pulls=   7 | mean=+0.4709 | bonus=0.5296 | score=+1.0005 | raw=+1.0005 | p_mean_reward=0.0408
     7(omni            ): pulls=   6 | mean=+0.4708 | bonus=0.5296 | score=+1.0004 | raw=+1.0004 | p_mean_reward=0.5952
11:12:53 | t=113 | UPDATE | problem=CVRP | uid=cvrp:2249 | global_index=2249 | arm=2(invit)
    outcome: reward=0.4286 | selected_cost=16.0828 | best_cost=15.5299 | regret=0.5529
    result: record_global_index=2249 | name=None | aug_score=16.0828
    arm_stats: global_pulls=12 | problem_arm_pulls=7 | avg_reward=0.4773 | problem_arm_avg_reward=0.4286
    state: history=113 | U_norm=1905.9019 | U_mean=1.003392 | U_min=1.000000 | U_max=749.152344
11:12:53 | t=113 | TRAIN | module=reward_net | trigger=warmup(<= 240)
    optimize: epochs=20 | steps=20 | batch_size=113 | replay=balanced_problem_arm | history=113 | lr=0.001
    loss: avg=0.102255 | min=0.084607 | max=0.111134 | last=0.103254
    state: U_norm=1905.9019 | U_mean=1.003392 | U_min=1.000000 | U_max=749.152344
11:12:53 | epoch=1 | TRAIN[113] | TSP | select arm=8(pointerformer) | reason=warm_start
     0(lehd            ): pulls=   5 | mean=+0.4700 | bonus=0.5320 | score=+1.0020 | raw=+1.0020 | p_mean_reward=0.8727
     1(elg             ): pulls=   5 | mean=+0.4700 | bonus=0.5320 | score=+1.0020 | raw=+1.0020 | p_mean_reward=0.7091
     2(invit           ): pulls=   5 | mean=+0.4700 | bonus=0.5320 | score=+1.0020 | raw=+1.0020 | p_mean_reward=0.5455
     3(icam            ): pulls=   5 | mean=+0.4701 | bonus=0.5322 | score=+1.0023 | raw=+1.0023 | p_mean_reward=0.8273
     4(dact            ): pulls=   5 | mean=+0.4701 | bonus=0.5321 | score=+1.0022 | raw=+1.0022 | p_mean_reward=0.1818
     5(lih             ): pulls=   5 | mean=+0.4700 | bonus=0.5320 | score=+1.0020 | raw=+1.0020 | p_mean_reward=0.0000
     6(udc             ): pulls=   5 | mean=+0.4700 | bonus=0.5321 | score=+1.0021 | raw=+1.0021 | p_mean_reward=0.1273
     7(omni            ): pulls=   5 | mean=+0.4700 | bonus=0.5320 | score=+1.0020 | raw=+1.0020 | p_mean_reward=0.5455
     8(pointerformer   ): pulls=   5 | mean=+0.4701 | bonus=0.5322 | score=+1.0022 | raw=+1.0022 | p_mean_reward=0.8273 <--
     9(difusco         ): pulls=   5 | mean=+0.4701 | bonus=0.5322 | score=+1.0023 | raw=+1.0023 | p_mean_reward=0.8545
    10(t2t             ): pulls=   5 | mean=+0.4700 | bonus=0.5320 | score=+1.0020 | raw=+1.0020 | p_mean_reward=0.2909
    11(glop            ): pulls=   5 | mean=+0.4701 | bonus=0.5321 | score=+1.0022 | raw=+1.0022 | p_mean_reward=0.3636
11:13:19 | t=114 | UPDATE | problem=TSP | uid=tsp:9275 | global_index=9275 | arm=8(pointerformer)
    outcome: reward=0.6364 | selected_cost=7.5576 | best_cost=7.4962 | regret=0.0614
    result: record_global_index=9275 | name=None | aug_score=7.5576
    arm_stats: global_pulls=6 | problem_arm_pulls=6 | avg_reward=0.7955 | problem_arm_avg_reward=0.7955
    state: history=114 | U_norm=1907.1003 | U_mean=1.003402 | U_min=1.000000 | U_max=750.073547
11:13:19 | t=114 | TRAIN | module=reward_net | trigger=warmup(<= 240)
    optimize: epochs=20 | steps=20 | batch_size=114 | replay=balanced_problem_arm | history=114 | lr=0.001
    loss: avg=0.103027 | min=0.091662 | max=0.118156 | last=0.091662
    state: U_norm=1907.1003 | U_mean=1.003402 | U_min=1.000000 | U_max=750.073547
11:13:19 | epoch=1 | TRAIN[114] | TSP | select arm=9(difusco) | reason=warm_start
     0(lehd            ): pulls=   5 | mean=+0.4737 | bonus=0.5288 | score=+1.0025 | raw=+1.0025 | p_mean_reward=0.8727
     1(elg             ): pulls=   5 | mean=+0.4737 | bonus=0.5288 | score=+1.0025 | raw=+1.0025 | p_mean_reward=0.7091
     2(invit           ): pulls=   5 | mean=+0.4737 | bonus=0.5288 | score=+1.0024 | raw=+1.0024 | p_mean_reward=0.5455
     3(icam            ): pulls=   5 | mean=+0.4738 | bonus=0.5289 | score=+1.0027 | raw=+1.0027 | p_mean_reward=0.8273
     4(dact            ): pulls=   5 | mean=+0.4738 | bonus=0.5289 | score=+1.0026 | raw=+1.0026 | p_mean_reward=0.1818
     5(lih             ): pulls=   5 | mean=+0.4737 | bonus=0.5288 | score=+1.0025 | raw=+1.0025 | p_mean_reward=0.0000
     6(udc             ): pulls=   5 | mean=+0.4737 | bonus=0.5288 | score=+1.0025 | raw=+1.0025 | p_mean_reward=0.1273
     7(omni            ): pulls=   5 | mean=+0.4737 | bonus=0.5288 | score=+1.0025 | raw=+1.0025 | p_mean_reward=0.5455
     8(pointerformer   ): pulls=   6 | mean=+0.4738 | bonus=0.5289 | score=+1.0027 | raw=+1.0027 | p_mean_reward=0.7955
     9(difusco         ): pulls=   5 | mean=+0.4738 | bonus=0.5290 | score=+1.0028 | raw=+1.0028 | p_mean_reward=0.8545 <--
    10(t2t             ): pulls=   5 | mean=+0.4737 | bonus=0.5288 | score=+1.0025 | raw=+1.0025 | p_mean_reward=0.2909
    11(glop            ): pulls=   5 | mean=+0.4738 | bonus=0.5289 | score=+1.0026 | raw=+1.0026 | p_mean_reward=0.3636
11:13:48 | t=115 | UPDATE | problem=TSP | uid=tsp:6478 | global_index=6478 | arm=9(difusco)
    outcome: reward=0.9091 | selected_cost=7.8866 | best_cost=7.8767 | regret=0.0099
    result: record_global_index=6478 | name=None | aug_score=7.8866
    arm_stats: global_pulls=6 | problem_arm_pulls=6 | avg_reward=0.8636 | problem_arm_avg_reward=0.8636
    state: history=115 | U_norm=1908.3187 | U_mean=1.003412 | U_min=1.000000 | U_max=751.008423
11:13:48 | t=115 | TRAIN | module=reward_net | trigger=warmup(<= 240)
    optimize: epochs=20 | steps=20 | batch_size=115 | replay=balanced_problem_arm | history=115 | lr=0.001
    loss: avg=0.100301 | min=0.085768 | max=0.113756 | last=0.103472
    state: U_norm=1908.3187 | U_mean=1.003412 | U_min=1.000000 | U_max=751.008423
11:13:48 | epoch=1 | TRAIN[115] | TSP | select arm=10(t2t) | reason=warm_start
     0(lehd            ): pulls=   5 | mean=+0.4672 | bonus=0.5184 | score=+0.9856 | raw=+0.9856 | p_mean_reward=0.8727
     1(elg             ): pulls=   5 | mean=+0.4673 | bonus=0.5184 | score=+0.9856 | raw=+0.9856 | p_mean_reward=0.7091
     2(invit           ): pulls=   5 | mean=+0.4672 | bonus=0.5184 | score=+0.9856 | raw=+0.9856 | p_mean_reward=0.5455
     3(icam            ): pulls=   5 | mean=+0.4674 | bonus=0.5185 | score=+0.9859 | raw=+0.9859 | p_mean_reward=0.8273
     4(dact            ): pulls=   5 | mean=+0.4673 | bonus=0.5185 | score=+0.9858 | raw=+0.9858 | p_mean_reward=0.1818
     5(lih             ): pulls=   5 | mean=+0.4672 | bonus=0.5184 | score=+0.9856 | raw=+0.9856 | p_mean_reward=0.0000
     6(udc             ): pulls=   5 | mean=+0.4673 | bonus=0.5184 | score=+0.9857 | raw=+0.9857 | p_mean_reward=0.1273
     7(omni            ): pulls=   5 | mean=+0.4672 | bonus=0.5184 | score=+0.9856 | raw=+0.9856 | p_mean_reward=0.5455
     8(pointerformer   ): pulls=   6 | mean=+0.4673 | bonus=0.5185 | score=+0.9858 | raw=+0.9858 | p_mean_reward=0.7955
     9(difusco         ): pulls=   6 | mean=+0.4674 | bonus=0.5186 | score=+0.9859 | raw=+0.9859 | p_mean_reward=0.8636
    10(t2t             ): pulls=   5 | mean=+0.4672 | bonus=0.5184 | score=+0.9856 | raw=+0.9856 | p_mean_reward=0.2909 <--
    11(glop            ): pulls=   5 | mean=+0.4673 | bonus=0.5185 | score=+0.9858 | raw=+0.9858 | p_mean_reward=0.3636
11:14:19 | t=116 | UPDATE | problem=TSP | uid=tsp:5379 | global_index=5379 | arm=10(t2t)
    outcome: reward=0.2727 | selected_cost=9.0882 | best_cost=7.7539 | regret=1.3343
    result: record_global_index=5379 | name=None | aug_score=9.0882
    arm_stats: global_pulls=6 | problem_arm_pulls=6 | avg_reward=0.2879 | problem_arm_avg_reward=0.2879
    state: history=116 | U_norm=1909.5197 | U_mean=1.003422 | U_min=1.000000 | U_max=751.927490
11:14:19 | t=116 | TRAIN | module=reward_net | trigger=warmup(<= 240)
    optimize: epochs=20 | steps=20 | batch_size=116 | replay=balanced_problem_arm | history=116 | lr=0.001
    loss: avg=0.100763 | min=0.085591 | max=0.112701 | last=0.100106
    state: U_norm=1909.5197 | U_mean=1.003422 | U_min=1.000000 | U_max=751.927490
11:14:22 | epoch=1 | TRAIN[116] | CVRP | select arm=3(icam) | reason=warm_start
     0(lehd            ): pulls=   7 | mean=+0.4666 | bonus=0.5185 | score=+0.9852 | raw=+0.9852 | p_mean_reward=0.7347
     1(elg             ): pulls=   7 | mean=+0.4666 | bonus=0.5186 | score=+0.9852 | raw=+0.9852 | p_mean_reward=0.8163
     2(invit           ): pulls=   7 | mean=+0.4666 | bonus=0.5185 | score=+0.9851 | raw=+0.9851 | p_mean_reward=0.4286
     3(icam            ): pulls=   6 | mean=+0.4667 | bonus=0.5187 | score=+0.9854 | raw=+0.9854 | p_mean_reward=0.9048 <--
     4(dact            ): pulls=   6 | mean=+0.4667 | bonus=0.5186 | score=+0.9853 | raw=+0.9853 | p_mean_reward=0.1190
     5(lih             ): pulls=   7 | mean=+0.4666 | bonus=0.5186 | score=+0.9852 | raw=+0.9852 | p_mean_reward=0.2041
     6(udc             ): pulls=   7 | mean=+0.4666 | bonus=0.5186 | score=+0.9852 | raw=+0.9852 | p_mean_reward=0.0408
     7(omni            ): pulls=   6 | mean=+0.4666 | bonus=0.5185 | score=+0.9851 | raw=+0.9851 | p_mean_reward=0.5952
11:14:46 | t=117 | UPDATE | problem=CVRP | uid=cvrp:5839 | global_index=5839 | arm=3(icam)
    outcome: reward=1.0000 | selected_cost=17.7848 | best_cost=17.7848 | regret=0.0000
    result: record_global_index=5839 | name=None | aug_score=17.7848
    arm_stats: global_pulls=12 | problem_arm_pulls=7 | avg_reward=0.8804 | problem_arm_avg_reward=0.9184
    state: history=117 | U_norm=1910.7301 | U_mean=1.003432 | U_min=1.000000 | U_max=752.850281
11:14:46 | t=117 | TRAIN | module=reward_net | trigger=warmup(<= 240)
    optimize: epochs=20 | steps=20 | batch_size=117 | replay=balanced_problem_arm | history=117 | lr=0.001
    loss: avg=0.105627 | min=0.088452 | max=0.122730 | last=0.097249
    state: U_norm=1910.7301 | U_mean=1.003432 | U_min=1.000000 | U_max=752.850281
11:14:49 | epoch=1 | TRAIN[117] | CVRP | select arm=4(dact) | reason=warm_start
     0(lehd            ): pulls=   7 | mean=+0.4690 | bonus=0.5181 | score=+0.9871 | raw=+0.9871 | p_mean_reward=0.7347
     1(elg             ): pulls=   7 | mean=+0.4690 | bonus=0.5181 | score=+0.9871 | raw=+0.9871 | p_mean_reward=0.8163
     2(invit           ): pulls=   7 | mean=+0.4689 | bonus=0.5181 | score=+0.9871 | raw=+0.9871 | p_mean_reward=0.4286
     3(icam            ): pulls=   7 | mean=+0.4691 | bonus=0.5182 | score=+0.9873 | raw=+0.9873 | p_mean_reward=0.9184
     4(dact            ): pulls=   6 | mean=+0.4690 | bonus=0.5182 | score=+0.9872 | raw=+0.9872 | p_mean_reward=0.1190 <--
     5(lih             ): pulls=   7 | mean=+0.4690 | bonus=0.5181 | score=+0.9871 | raw=+0.9871 | p_mean_reward=0.2041
     6(udc             ): pulls=   7 | mean=+0.4690 | bonus=0.5182 | score=+0.9871 | raw=+0.9871 | p_mean_reward=0.0408
     7(omni            ): pulls=   6 | mean=+0.4690 | bonus=0.5181 | score=+0.9871 | raw=+0.9871 | p_mean_reward=0.5952
11:15:12 | t=118 | UPDATE | problem=CVRP | uid=cvrp:158 | global_index=158 | arm=4(dact)
    outcome: reward=0.1429 | selected_cost=18.0281 | best_cost=14.0790 | regret=3.9491
    result: record_global_index=158 | name=None | aug_score=18.0281
    arm_stats: global_pulls=12 | problem_arm_pulls=7 | avg_reward=0.1472 | problem_arm_avg_reward=0.1224
    state: history=118 | U_norm=1911.9556 | U_mean=1.003442 | U_min=1.000000 | U_max=753.781982
11:15:12 | t=118 | TRAIN | module=reward_net | trigger=warmup(<= 240)
    optimize: epochs=20 | steps=20 | batch_size=118 | replay=balanced_problem_arm | history=118 | lr=0.001
    loss: avg=0.102505 | min=0.084452 | max=0.123131 | last=0.102060
    state: U_norm=1911.9556 | U_mean=1.003442 | U_min=1.000000 | U_max=753.781982
11:15:16 | epoch=1 | TRAIN[118] | CVRP | select arm=7(omni) | reason=warm_start
     0(lehd            ): pulls=   7 | mean=+0.4665 | bonus=0.5147 | score=+0.9812 | raw=+0.9812 | p_mean_reward=0.7347
     1(elg             ): pulls=   7 | mean=+0.4665 | bonus=0.5147 | score=+0.9812 | raw=+0.9812 | p_mean_reward=0.8163
     2(invit           ): pulls=   7 | mean=+0.4665 | bonus=0.5146 | score=+0.9811 | raw=+0.9811 | p_mean_reward=0.4286
     3(icam            ): pulls=   7 | mean=+0.4666 | bonus=0.5148 | score=+0.9814 | raw=+0.9814 | p_mean_reward=0.9184
     4(dact            ): pulls=   7 | mean=+0.4666 | bonus=0.5147 | score=+0.9813 | raw=+0.9813 | p_mean_reward=0.1224
     5(lih             ): pulls=   7 | mean=+0.4665 | bonus=0.5147 | score=+0.9812 | raw=+0.9812 | p_mean_reward=0.2041
     6(udc             ): pulls=   7 | mean=+0.4665 | bonus=0.5147 | score=+0.9812 | raw=+0.9812 | p_mean_reward=0.0408
     7(omni            ): pulls=   6 | mean=+0.4665 | bonus=0.5147 | score=+0.9812 | raw=+0.9812 | p_mean_reward=0.5952 <--
11:15:39 | t=119 | UPDATE | problem=CVRP | uid=cvrp:7896 | global_index=7896 | arm=7(omni)
    outcome: reward=0.7143 | selected_cost=12.7779 | best_cost=12.6800 | regret=0.0979
    result: record_global_index=7896 | name=None | aug_score=12.7779
    arm_stats: global_pulls=12 | problem_arm_pulls=7 | avg_reward=0.5844 | problem_arm_avg_reward=0.6122
    state: history=119 | U_norm=1913.1746 | U_mean=1.003452 | U_min=1.000000 | U_max=754.704590
11:15:39 | t=119 | TRAIN | module=reward_net | trigger=warmup(<= 240)
    optimize: epochs=20 | steps=20 | batch_size=119 | replay=balanced_problem_arm | history=119 | lr=0.001
    loss: avg=0.106184 | min=0.094691 | max=0.122084 | last=0.107564
    state: U_norm=1913.1746 | U_mean=1.003452 | U_min=1.000000 | U_max=754.704590
11:15:40 | epoch=1 | TRAIN[119] | CVRP | select arm=0(lehd) | reason=warm_start
     0(lehd            ): pulls=   7 | mean=+0.4702 | bonus=0.5190 | score=+0.9892 | raw=+0.9892 | p_mean_reward=0.7347 <--
     1(elg             ): pulls=   7 | mean=+0.4703 | bonus=0.5190 | score=+0.9892 | raw=+0.9892 | p_mean_reward=0.8163
     2(invit           ): pulls=   7 | mean=+0.4702 | bonus=0.5189 | score=+0.9892 | raw=+0.9892 | p_mean_reward=0.4286
     3(icam            ): pulls=   7 | mean=+0.4703 | bonus=0.5191 | score=+0.9894 | raw=+0.9894 | p_mean_reward=0.9184
     4(dact            ): pulls=   7 | mean=+0.4703 | bonus=0.5190 | score=+0.9893 | raw=+0.9893 | p_mean_reward=0.1224
     5(lih             ): pulls=   7 | mean=+0.4702 | bonus=0.5190 | score=+0.9892 | raw=+0.9892 | p_mean_reward=0.2041
     6(udc             ): pulls=   7 | mean=+0.4703 | bonus=0.5190 | score=+0.9892 | raw=+0.9892 | p_mean_reward=0.0408
     7(omni            ): pulls=   7 | mean=+0.4702 | bonus=0.5189 | score=+0.9892 | raw=+0.9892 | p_mean_reward=0.6122
11:16:09 | t=120 | UPDATE | problem=CVRP | uid=cvrp:8841 | global_index=8841 | arm=0(lehd)
    outcome: reward=1.0000 | selected_cost=16.4107 | best_cost=16.4107 | regret=0.0000
    result: record_global_index=8841 | name=None | aug_score=16.4107
    arm_stats: global_pulls=13 | problem_arm_pulls=8 | avg_reward=0.8082 | problem_arm_avg_reward=0.7679
    state: history=120 | U_norm=1914.4091 | U_mean=1.003462 | U_min=1.000000 | U_max=755.633179
11:16:09 | t=120 | TRAIN | module=reward_net | trigger=warmup(<= 240)
    optimize: epochs=20 | steps=20 | batch_size=120 | replay=balanced_problem_arm | history=120 | lr=0.001
    loss: avg=0.104524 | min=0.086928 | max=0.115589 | last=0.102274
    state: U_norm=1914.4091 | U_mean=1.003462 | U_min=1.000000 | U_max=755.633179
11:16:13 | epoch=1 | TRAIN[120] | CVRP | select arm=1(elg) | reason=warm_start
     0(lehd            ): pulls=   8 | mean=+0.4680 | bonus=0.5147 | score=+0.9827 | raw=+0.9827 | p_mean_reward=0.7679
     1(elg             ): pulls=   7 | mean=+0.4680 | bonus=0.5147 | score=+0.9827 | raw=+0.9827 | p_mean_reward=0.8163 <--
     2(invit           ): pulls=   7 | mean=+0.4680 | bonus=0.5147 | score=+0.9827 | raw=+0.9827 | p_mean_reward=0.4286
     3(icam            ): pulls=   7 | mean=+0.4681 | bonus=0.5148 | score=+0.9829 | raw=+0.9829 | p_mean_reward=0.9184
     4(dact            ): pulls=   7 | mean=+0.4681 | bonus=0.5148 | score=+0.9828 | raw=+0.9828 | p_mean_reward=0.1224
     5(lih             ): pulls=   7 | mean=+0.4680 | bonus=0.5147 | score=+0.9827 | raw=+0.9827 | p_mean_reward=0.2041
     6(udc             ): pulls=   7 | mean=+0.4680 | bonus=0.5147 | score=+0.9827 | raw=+0.9827 | p_mean_reward=0.0408
     7(omni            ): pulls=   7 | mean=+0.4680 | bonus=0.5147 | score=+0.9827 | raw=+0.9827 | p_mean_reward=0.6122
11:16:36 | t=121 | UPDATE | problem=CVRP | uid=cvrp:8070 | global_index=8070 | arm=1(elg)
    outcome: reward=0.8571 | selected_cost=16.3008 | best_cost=16.2262 | regret=0.0746
    result: record_global_index=8070 | name=None | aug_score=16.3008
    arm_stats: global_pulls=13 | problem_arm_pulls=8 | avg_reward=0.7782 | problem_arm_avg_reward=0.8214
    state: history=121 | U_norm=1915.6398 | U_mean=1.003472 | U_min=1.000000 | U_max=756.555237
11:16:36 | t=121 | TRAIN | module=reward_net | trigger=warmup(<= 240)
    optimize: epochs=20 | steps=20 | batch_size=121 | replay=balanced_problem_arm | history=121 | lr=0.001
    loss: avg=0.103748 | min=0.091499 | max=0.128701 | last=0.105963
    state: U_norm=1915.6398 | U_mean=1.003472 | U_min=1.000000 | U_max=756.555237
11:16:38 | epoch=1 | TRAIN[121] | TSP | select arm=11(glop) | reason=warm_start
     0(lehd            ): pulls=   5 | mean=+0.4630 | bonus=0.5080 | score=+0.9710 | raw=+0.9710 | p_mean_reward=0.8727
     1(elg             ): pulls=   5 | mean=+0.4630 | bonus=0.5080 | score=+0.9710 | raw=+0.9710 | p_mean_reward=0.7091
     2(invit           ): pulls=   5 | mean=+0.4630 | bonus=0.5079 | score=+0.9709 | raw=+0.9709 | p_mean_reward=0.5455
     3(icam            ): pulls=   5 | mean=+0.4631 | bonus=0.5081 | score=+0.9712 | raw=+0.9712 | p_mean_reward=0.8273
     4(dact            ): pulls=   5 | mean=+0.4631 | bonus=0.5080 | score=+0.9711 | raw=+0.9711 | p_mean_reward=0.1818
     5(lih             ): pulls=   5 | mean=+0.4630 | bonus=0.5080 | score=+0.9710 | raw=+0.9710 | p_mean_reward=0.0000
     6(udc             ): pulls=   5 | mean=+0.4630 | bonus=0.5080 | score=+0.9710 | raw=+0.9710 | p_mean_reward=0.1273
     7(omni            ): pulls=   5 | mean=+0.4630 | bonus=0.5080 | score=+0.9710 | raw=+0.9710 | p_mean_reward=0.5455
     8(pointerformer   ): pulls=   6 | mean=+0.4631 | bonus=0.5081 | score=+0.9711 | raw=+0.9711 | p_mean_reward=0.7955
     9(difusco         ): pulls=   6 | mean=+0.4631 | bonus=0.5081 | score=+0.9712 | raw=+0.9712 | p_mean_reward=0.8636
    10(t2t             ): pulls=   6 | mean=+0.4630 | bonus=0.5080 | score=+0.9710 | raw=+0.9710 | p_mean_reward=0.2879
    11(glop            ): pulls=   5 | mean=+0.4631 | bonus=0.5080 | score=+0.9711 | raw=+0.9711 | p_mean_reward=0.3636 <--
11:17:06 | t=122 | UPDATE | problem=TSP | uid=tsp:7603 | global_index=7603 | arm=11(glop)
    outcome: reward=0.3636 | selected_cost=8.7315 | best_cost=7.5077 | regret=1.2238
    result: record_global_index=7603 | name=None | aug_score=8.7315
    arm_stats: global_pulls=6 | problem_arm_pulls=6 | avg_reward=0.3636 | problem_arm_avg_reward=0.3636
    state: history=122 | U_norm=1916.8457 | U_mean=1.003482 | U_min=1.000000 | U_max=757.453613
11:17:06 | t=122 | TRAIN | module=reward_net | trigger=warmup(<= 240)
    optimize: epochs=20 | steps=20 | batch_size=122 | replay=balanced_problem_arm | history=122 | lr=0.001
    loss: avg=0.102648 | min=0.084896 | max=0.117016 | last=0.092626
    state: U_norm=1916.8457 | U_mean=1.003482 | U_min=1.000000 | U_max=757.453613
11:17:09 | epoch=1 | TRAIN[122] | CVRP | select arm=2(invit) | reason=warm_start
     0(lehd            ): pulls=   8 | mean=+0.4727 | bonus=0.5156 | score=+0.9883 | raw=+0.9883 | p_mean_reward=0.7679
     1(elg             ): pulls=   8 | mean=+0.4727 | bonus=0.5156 | score=+0.9883 | raw=+0.9883 | p_mean_reward=0.8214
     2(invit           ): pulls=   7 | mean=+0.4727 | bonus=0.5155 | score=+0.9883 | raw=+0.9883 | p_mean_reward=0.4286 <--
     3(icam            ): pulls=   7 | mean=+0.4728 | bonus=0.5157 | score=+0.9885 | raw=+0.9885 | p_mean_reward=0.9184
     4(dact            ): pulls=   7 | mean=+0.4728 | bonus=0.5156 | score=+0.9884 | raw=+0.9884 | p_mean_reward=0.1224
     5(lih             ): pulls=   7 | mean=+0.4727 | bonus=0.5156 | score=+0.9883 | raw=+0.9883 | p_mean_reward=0.2041
     6(udc             ): pulls=   7 | mean=+0.4727 | bonus=0.5156 | score=+0.9883 | raw=+0.9883 | p_mean_reward=0.0408
     7(omni            ): pulls=   7 | mean=+0.4727 | bonus=0.5156 | score=+0.9883 | raw=+0.9883 | p_mean_reward=0.6122
11:17:40 | t=123 | UPDATE | problem=CVRP | uid=cvrp:5521 | global_index=5521 | arm=2(invit)
    outcome: reward=0.4286 | selected_cost=14.1289 | best_cost=13.8024 | regret=0.3265
    result: record_global_index=5521 | name=None | aug_score=14.1289
    arm_stats: global_pulls=13 | problem_arm_pulls=8 | avg_reward=0.4735 | problem_arm_avg_reward=0.4286
    state: history=123 | U_norm=1918.1029 | U_mean=1.003492 | U_min=1.000000 | U_max=758.388550
11:17:40 | t=123 | TRAIN | module=reward_net | trigger=warmup(<= 240)
    optimize: epochs=20 | steps=20 | batch_size=123 | replay=balanced_problem_arm | history=123 | lr=0.001
    loss: avg=0.103140 | min=0.089941 | max=0.118653 | last=0.103076
    state: U_norm=1918.1029 | U_mean=1.003492 | U_min=1.000000 | U_max=758.388550
11:17:41 | epoch=1 | TRAIN[123] | TSP | select arm=3(icam) | reason=warm_start
     0(lehd            ): pulls=   5 | mean=+0.4699 | bonus=0.5077 | score=+0.9776 | raw=+0.9776 | p_mean_reward=0.8727
     1(elg             ): pulls=   5 | mean=+0.4699 | bonus=0.5077 | score=+0.9776 | raw=+0.9776 | p_mean_reward=0.7091
     2(invit           ): pulls=   5 | mean=+0.4699 | bonus=0.5077 | score=+0.9775 | raw=+0.9775 | p_mean_reward=0.5455
     3(icam            ): pulls=   5 | mean=+0.4700 | bonus=0.5078 | score=+0.9777 | raw=+0.9777 | p_mean_reward=0.8273 <--
     4(dact            ): pulls=   5 | mean=+0.4699 | bonus=0.5077 | score=+0.9777 | raw=+0.9777 | p_mean_reward=0.1818
     5(lih             ): pulls=   5 | mean=+0.4699 | bonus=0.5077 | score=+0.9776 | raw=+0.9776 | p_mean_reward=0.0000
     6(udc             ): pulls=   5 | mean=+0.4699 | bonus=0.5077 | score=+0.9776 | raw=+0.9776 | p_mean_reward=0.1273
     7(omni            ): pulls=   5 | mean=+0.4699 | bonus=0.5077 | score=+0.9776 | raw=+0.9776 | p_mean_reward=0.5455
     8(pointerformer   ): pulls=   6 | mean=+0.4699 | bonus=0.5078 | score=+0.9777 | raw=+0.9777 | p_mean_reward=0.7955
     9(difusco         ): pulls=   6 | mean=+0.4700 | bonus=0.5078 | score=+0.9778 | raw=+0.9778 | p_mean_reward=0.8636
    10(t2t             ): pulls=   6 | mean=+0.4699 | bonus=0.5077 | score=+0.9776 | raw=+0.9776 | p_mean_reward=0.2879
    11(glop            ): pulls=   6 | mean=+0.4699 | bonus=0.5078 | score=+0.9777 | raw=+0.9777 | p_mean_reward=0.3636
11:18:11 | t=124 | UPDATE | problem=TSP | uid=tsp:727 | global_index=727 | arm=3(icam)
    outcome: reward=1.0000 | selected_cost=7.8979 | best_cost=7.8979 | regret=0.0000
    result: record_global_index=727 | name=None | aug_score=7.8979
    arm_stats: global_pulls=13 | problem_arm_pulls=6 | avg_reward=0.8896 | problem_arm_avg_reward=0.8561
    state: history=124 | U_norm=1919.3478 | U_mean=1.003503 | U_min=1.000000 | U_max=759.311829
11:18:11 | t=124 | TRAIN | module=reward_net | trigger=warmup(<= 240)
    optimize: epochs=20 | steps=20 | batch_size=124 | replay=balanced_problem_arm | history=124 | lr=0.001
    loss: avg=0.103530 | min=0.087952 | max=0.124248 | last=0.096672
    state: U_norm=1919.3478 | U_mean=1.003503 | U_min=1.000000 | U_max=759.311829
11:18:14 | epoch=1 | TRAIN[124] | CVRP | select arm=4(dact) | reason=warm_start
     0(lehd            ): pulls=   8 | mean=+0.4724 | bonus=0.5109 | score=+0.9833 | raw=+0.9833 | p_mean_reward=0.7679
     1(elg             ): pulls=   8 | mean=+0.4724 | bonus=0.5109 | score=+0.9833 | raw=+0.9833 | p_mean_reward=0.8214
     2(invit           ): pulls=   8 | mean=+0.4723 | bonus=0.5109 | score=+0.9832 | raw=+0.9832 | p_mean_reward=0.4286
     3(icam            ): pulls=   7 | mean=+0.4724 | bonus=0.5110 | score=+0.9834 | raw=+0.9834 | p_mean_reward=0.9184
     4(dact            ): pulls=   7 | mean=+0.4724 | bonus=0.5110 | score=+0.9834 | raw=+0.9834 | p_mean_reward=0.1224 <--
     5(lih             ): pulls=   7 | mean=+0.4723 | bonus=0.5109 | score=+0.9833 | raw=+0.9833 | p_mean_reward=0.2041
     6(udc             ): pulls=   7 | mean=+0.4724 | bonus=0.5109 | score=+0.9833 | raw=+0.9833 | p_mean_reward=0.0408
     7(omni            ): pulls=   7 | mean=+0.4723 | bonus=0.5109 | score=+0.9833 | raw=+0.9833 | p_mean_reward=0.6122
11:19:40 | t=125 | UPDATE | problem=CVRP | uid=cvrp:8224 | global_index=8224 | arm=4(dact)
    outcome: reward=0.1429 | selected_cost=18.6808 | best_cost=13.0866 | regret=5.5943
    result: record_global_index=8224 | name=None | aug_score=18.6808
    arm_stats: global_pulls=13 | problem_arm_pulls=8 | avg_reward=0.1469 | problem_arm_avg_reward=0.1250
    state: history=125 | U_norm=1920.6134 | U_mean=1.003513 | U_min=1.000000 | U_max=760.246521
11:19:40 | t=125 | TRAIN | module=reward_net | trigger=warmup(<= 240)
    optimize: epochs=20 | steps=20 | batch_size=125 | replay=balanced_problem_arm | history=125 | lr=0.001
    loss: avg=0.104385 | min=0.091340 | max=0.117264 | last=0.108769
    state: U_norm=1920.6134 | U_mean=1.003513 | U_min=1.000000 | U_max=760.246521
11:19:41 | epoch=1 | TRAIN[125] | TSP | select arm=5(lih) | reason=warm_start
     0(lehd            ): pulls=   5 | mean=+0.4696 | bonus=0.5053 | score=+0.9749 | raw=+0.9749 | p_mean_reward=0.8727
     1(elg             ): pulls=   5 | mean=+0.4696 | bonus=0.5053 | score=+0.9749 | raw=+0.9749 | p_mean_reward=0.7091
     2(invit           ): pulls=   5 | mean=+0.4696 | bonus=0.5052 | score=+0.9748 | raw=+0.9748 | p_mean_reward=0.5455
     3(icam            ): pulls=   6 | mean=+0.4697 | bonus=0.5053 | score=+0.9750 | raw=+0.9750 | p_mean_reward=0.8561
     4(dact            ): pulls=   5 | mean=+0.4697 | bonus=0.5053 | score=+0.9750 | raw=+0.9750 | p_mean_reward=0.1818
     5(lih             ): pulls=   5 | mean=+0.4696 | bonus=0.5053 | score=+0.9749 | raw=+0.9749 | p_mean_reward=0.0000 <--
     6(udc             ): pulls=   5 | mean=+0.4696 | bonus=0.5053 | score=+0.9749 | raw=+0.9749 | p_mean_reward=0.1273
     7(omni            ): pulls=   5 | mean=+0.4696 | bonus=0.5053 | score=+0.9749 | raw=+0.9749 | p_mean_reward=0.5455
     8(pointerformer   ): pulls=   6 | mean=+0.4697 | bonus=0.5053 | score=+0.9750 | raw=+0.9750 | p_mean_reward=0.7955
     9(difusco         ): pulls=   6 | mean=+0.4697 | bonus=0.5054 | score=+0.9751 | raw=+0.9751 | p_mean_reward=0.8636
    10(t2t             ): pulls=   6 | mean=+0.4696 | bonus=0.5053 | score=+0.9749 | raw=+0.9749 | p_mean_reward=0.2879
    11(glop            ): pulls=   6 | mean=+0.4697 | bonus=0.5053 | score=+0.9750 | raw=+0.9750 | p_mean_reward=0.3636
11:22:38 | t=126 | UPDATE | problem=TSP | uid=tsp:6229 | global_index=6229 | arm=5(lih)
    outcome: reward=0.0000 | selected_cost=48.3209 | best_cost=7.6275 | regret=40.6933
    result: record_global_index=6229 | name=None | aug_score=48.3209
    arm_stats: global_pulls=13 | problem_arm_pulls=6 | avg_reward=0.1099 | problem_arm_avg_reward=0.0000
    state: history=126 | U_norm=1921.8638 | U_mean=1.003523 | U_min=1.000000 | U_max=761.165100
11:22:38 | t=126 | TRAIN | module=reward_net | trigger=warmup(<= 240)
    optimize: epochs=20 | steps=20 | batch_size=126 | replay=balanced_problem_arm | history=126 | lr=0.001
    loss: avg=0.102959 | min=0.090381 | max=0.113811 | last=0.108204
    state: U_norm=1921.8638 | U_mean=1.003523 | U_min=1.000000 | U_max=761.165100
11:22:43 | epoch=1 | TRAIN[126] | CVRP | select arm=6(udc) | reason=warm_start
     0(lehd            ): pulls=   8 | mean=+0.4842 | bonus=0.5180 | score=+1.0022 | raw=+1.0022 | p_mean_reward=0.7679
     1(elg             ): pulls=   8 | mean=+0.4842 | bonus=0.5180 | score=+1.0022 | raw=+1.0022 | p_mean_reward=0.8214
     2(invit           ): pulls=   8 | mean=+0.4842 | bonus=0.5180 | score=+1.0022 | raw=+1.0022 | p_mean_reward=0.4286
     3(icam            ): pulls=   7 | mean=+0.4843 | bonus=0.5181 | score=+1.0024 | raw=+1.0024 | p_mean_reward=0.9184
     4(dact            ): pulls=   8 | mean=+0.4842 | bonus=0.5181 | score=+1.0023 | raw=+1.0023 | p_mean_reward=0.1250
     5(lih             ): pulls=   7 | mean=+0.4842 | bonus=0.5180 | score=+1.0022 | raw=+1.0022 | p_mean_reward=0.2041
     6(udc             ): pulls=   7 | mean=+0.4842 | bonus=0.5180 | score=+1.0022 | raw=+1.0022 | p_mean_reward=0.0408 <--
     7(omni            ): pulls=   7 | mean=+0.4842 | bonus=0.5180 | score=+1.0022 | raw=+1.0022 | p_mean_reward=0.6122
11:25:28 | t=127 | UPDATE | problem=CVRP | uid=cvrp:2575 | global_index=2575 | arm=6(udc)
    outcome: reward=0.0000 | selected_cost=22.4997 | best_cost=16.9841 | regret=5.5156
    result: record_global_index=2575 | name=None | aug_score=22.4997
    arm_stats: global_pulls=13 | problem_arm_pulls=8 | avg_reward=0.0709 | problem_arm_avg_reward=0.0357
    state: history=127 | U_norm=1923.1851 | U_mean=1.003534 | U_min=1.000000 | U_max=762.133606
11:25:28 | t=127 | TRAIN | module=reward_net | trigger=warmup(<= 240)
    optimize: epochs=20 | steps=20 | batch_size=127 | replay=balanced_problem_arm | history=127 | lr=0.001
    loss: avg=0.105984 | min=0.089172 | max=0.114632 | last=0.110365
    state: U_norm=1923.1851 | U_mean=1.003534 | U_min=1.000000 | U_max=762.133606
11:25:34 | epoch=1 | TRAIN[127] | CVRP | select arm=7(omni) | reason=warm_start
     0(lehd            ): pulls=   8 | mean=+0.4740 | bonus=0.5096 | score=+0.9836 | raw=+0.9836 | p_mean_reward=0.7679
     1(elg             ): pulls=   8 | mean=+0.4740 | bonus=0.5096 | score=+0.9836 | raw=+0.9836 | p_mean_reward=0.8214
     2(invit           ): pulls=   8 | mean=+0.4740 | bonus=0.5096 | score=+0.9836 | raw=+0.9836 | p_mean_reward=0.4286
     3(icam            ): pulls=   7 | mean=+0.4741 | bonus=0.5097 | score=+0.9837 | raw=+0.9837 | p_mean_reward=0.9184
     4(dact            ): pulls=   8 | mean=+0.4740 | bonus=0.5096 | score=+0.9837 | raw=+0.9837 | p_mean_reward=0.1250
     5(lih             ): pulls=   7 | mean=+0.4740 | bonus=0.5096 | score=+0.9836 | raw=+0.9836 | p_mean_reward=0.2041
     6(udc             ): pulls=   8 | mean=+0.4740 | bonus=0.5096 | score=+0.9836 | raw=+0.9836 | p_mean_reward=0.0357
     7(omni            ): pulls=   7 | mean=+0.4740 | bonus=0.5096 | score=+0.9836 | raw=+0.9836 | p_mean_reward=0.6122 <--
11:28:29 | t=128 | UPDATE | problem=CVRP | uid=cvrp:6356 | global_index=6356 | arm=7(omni)
    outcome: reward=0.5714 | selected_cost=15.1862 | best_cost=14.8371 | regret=0.3491
    result: record_global_index=6356 | name=None | aug_score=15.1862
    arm_stats: global_pulls=13 | problem_arm_pulls=8 | avg_reward=0.5834 | problem_arm_avg_reward=0.6071
    state: history=128 | U_norm=1924.4692 | U_mean=1.003544 | U_min=1.000000 | U_max=763.069031
11:28:29 | t=128 | TRAIN | module=reward_net | trigger=warmup(<= 240)
    optimize: epochs=20 | steps=20 | batch_size=128 | replay=balanced_problem_arm | history=128 | lr=0.001
    loss: avg=0.104476 | min=0.088115 | max=0.116929 | last=0.111086
    state: U_norm=1924.4692 | U_mean=1.003544 | U_min=1.000000 | U_max=763.069031
11:28:31 | epoch=1 | TRAIN[128] | TSP | select arm=0(lehd) | reason=warm_start
     0(lehd            ): pulls=   5 | mean=+0.4669 | bonus=0.4996 | score=+0.9666 | raw=+0.9666 | p_mean_reward=0.8727 <--
     1(elg             ): pulls=   5 | mean=+0.4670 | bonus=0.4996 | score=+0.9666 | raw=+0.9666 | p_mean_reward=0.7091
     2(invit           ): pulls=   5 | mean=+0.4669 | bonus=0.4996 | score=+0.9666 | raw=+0.9666 | p_mean_reward=0.5455
     3(icam            ): pulls=   6 | mean=+0.4670 | bonus=0.4997 | score=+0.9667 | raw=+0.9667 | p_mean_reward=0.8561
     4(dact            ): pulls=   5 | mean=+0.4670 | bonus=0.4997 | score=+0.9667 | raw=+0.9667 | p_mean_reward=0.1818
     5(lih             ): pulls=   6 | mean=+0.4669 | bonus=0.4996 | score=+0.9666 | raw=+0.9666 | p_mean_reward=0.0000
     6(udc             ): pulls=   5 | mean=+0.4670 | bonus=0.4997 | score=+0.9666 | raw=+0.9666 | p_mean_reward=0.1273
     7(omni            ): pulls=   5 | mean=+0.4669 | bonus=0.4996 | score=+0.9666 | raw=+0.9666 | p_mean_reward=0.5455
     8(pointerformer   ): pulls=   6 | mean=+0.4670 | bonus=0.4997 | score=+0.9667 | raw=+0.9667 | p_mean_reward=0.7955
     9(difusco         ): pulls=   6 | mean=+0.4670 | bonus=0.4998 | score=+0.9668 | raw=+0.9668 | p_mean_reward=0.8636
    10(t2t             ): pulls=   6 | mean=+0.4669 | bonus=0.4996 | score=+0.9666 | raw=+0.9666 | p_mean_reward=0.2879
    11(glop            ): pulls=   6 | mean=+0.4670 | bonus=0.4997 | score=+0.9667 | raw=+0.9667 | p_mean_reward=0.3636
11:31:58 | t=129 | UPDATE | problem=TSP | uid=tsp:3278 | global_index=3278 | arm=0(lehd)
    outcome: reward=0.7727 | selected_cost=7.8067 | best_cost=7.8067 | regret=0.0000
    result: record_global_index=3278 | name=None | aug_score=7.8067
    arm_stats: global_pulls=14 | problem_arm_pulls=6 | avg_reward=0.8057 | problem_arm_avg_reward=0.8561
    state: history=129 | U_norm=1925.7213 | U_mean=1.003554 | U_min=1.000000 | U_max=763.976685
11:31:58 | t=129 | TRAIN | module=reward_net | trigger=warmup(<= 240)
    optimize: epochs=20 | steps=20 | batch_size=129 | replay=balanced_problem_arm | history=129 | lr=0.001
    loss: avg=0.104289 | min=0.085302 | max=0.124851 | last=0.105386
    state: U_norm=1925.7213 | U_mean=1.003554 | U_min=1.000000 | U_max=763.976685
11:32:06 | epoch=1 | TRAIN[129] | CVRP | select arm=3(icam) | reason=warm_start
     0(lehd            ): pulls=   8 | mean=+0.4766 | bonus=0.5070 | score=+0.9836 | raw=+0.9836 | p_mean_reward=0.7679
     1(elg             ): pulls=   8 | mean=+0.4766 | bonus=0.5070 | score=+0.9836 | raw=+0.9836 | p_mean_reward=0.8214
     2(invit           ): pulls=   8 | mean=+0.4765 | bonus=0.5070 | score=+0.9836 | raw=+0.9836 | p_mean_reward=0.4286
     3(icam            ): pulls=   7 | mean=+0.4766 | bonus=0.5071 | score=+0.9837 | raw=+0.9837 | p_mean_reward=0.9184 <--
     4(dact            ): pulls=   8 | mean=+0.4766 | bonus=0.5071 | score=+0.9837 | raw=+0.9837 | p_mean_reward=0.1250
     5(lih             ): pulls=   7 | mean=+0.4765 | bonus=0.5070 | score=+0.9836 | raw=+0.9836 | p_mean_reward=0.2041
     6(udc             ): pulls=   8 | mean=+0.4766 | bonus=0.5071 | score=+0.9836 | raw=+0.9836 | p_mean_reward=0.0357
     7(omni            ): pulls=   8 | mean=+0.4765 | bonus=0.5070 | score=+0.9836 | raw=+0.9836 | p_mean_reward=0.6071
11:35:32 | t=130 | UPDATE | problem=CVRP | uid=cvrp:6096 | global_index=6096 | arm=3(icam)
    outcome: reward=1.0000 | selected_cost=18.1796 | best_cost=18.1796 | regret=0.0000
    result: record_global_index=6096 | name=None | aug_score=18.1796
    arm_stats: global_pulls=14 | problem_arm_pulls=8 | avg_reward=0.8975 | problem_arm_avg_reward=0.9286
    state: history=130 | U_norm=1927.0260 | U_mean=1.003564 | U_min=1.000000 | U_max=764.920959
11:35:32 | t=130 | TRAIN | module=reward_net | trigger=warmup(<= 240)
    optimize: epochs=20 | steps=20 | batch_size=130 | replay=balanced_problem_arm | history=130 | lr=0.001
    loss: avg=0.108267 | min=0.091425 | max=0.122118 | last=0.104910
    state: U_norm=1927.0260 | U_mean=1.003564 | U_min=1.000000 | U_max=764.920959
11:35:33 | epoch=1 | TRAIN[130] | TSP | select arm=1(elg) | reason=warm_start
     0(lehd            ): pulls=   6 | mean=+0.4707 | bonus=0.4996 | score=+0.9704 | raw=+0.9704 | p_mean_reward=0.8561
     1(elg             ): pulls=   5 | mean=+0.4707 | bonus=0.4996 | score=+0.9704 | raw=+0.9704 | p_mean_reward=0.7091 <--
     2(invit           ): pulls=   5 | mean=+0.4707 | bonus=0.4996 | score=+0.9703 | raw=+0.9703 | p_mean_reward=0.5455
     3(icam            ): pulls=   6 | mean=+0.4708 | bonus=0.4997 | score=+0.9705 | raw=+0.9705 | p_mean_reward=0.8561
     4(dact            ): pulls=   5 | mean=+0.4708 | bonus=0.4997 | score=+0.9704 | raw=+0.9704 | p_mean_reward=0.1818
     5(lih             ): pulls=   6 | mean=+0.4707 | bonus=0.4996 | score=+0.9704 | raw=+0.9704 | p_mean_reward=0.0000
     6(udc             ): pulls=   5 | mean=+0.4707 | bonus=0.4997 | score=+0.9704 | raw=+0.9704 | p_mean_reward=0.1273
     7(omni            ): pulls=   5 | mean=+0.4707 | bonus=0.4996 | score=+0.9703 | raw=+0.9703 | p_mean_reward=0.5455
     8(pointerformer   ): pulls=   6 | mean=+0.4708 | bonus=0.4997 | score=+0.9705 | raw=+0.9705 | p_mean_reward=0.7955
     9(difusco         ): pulls=   6 | mean=+0.4708 | bonus=0.4997 | score=+0.9705 | raw=+0.9705 | p_mean_reward=0.8636
    10(t2t             ): pulls=   6 | mean=+0.4707 | bonus=0.4996 | score=+0.9704 | raw=+0.9704 | p_mean_reward=0.2879
    11(glop            ): pulls=   6 | mean=+0.4708 | bonus=0.4997 | score=+0.9704 | raw=+0.9704 | p_mean_reward=0.3636
11:38:57 | t=131 | UPDATE | problem=TSP | uid=tsp:7191 | global_index=7191 | arm=1(elg)
    outcome: reward=0.7273 | selected_cost=8.1956 | best_cost=8.1721 | regret=0.0236
    result: record_global_index=7191 | name=None | aug_score=8.1956
    arm_stats: global_pulls=14 | problem_arm_pulls=6 | avg_reward=0.7746 | problem_arm_avg_reward=0.7121
    state: history=131 | U_norm=1928.3020 | U_mean=1.003575 | U_min=1.000000 | U_max=765.839172
11:38:57 | t=131 | TRAIN | module=reward_net | trigger=warmup(<= 240)
    optimize: epochs=20 | steps=20 | batch_size=131 | replay=balanced_problem_arm | history=131 | lr=0.001
    loss: avg=0.102935 | min=0.091168 | max=0.117450 | last=0.093438
    state: U_norm=1928.3020 | U_mean=1.003575 | U_min=1.000000 | U_max=765.839172
11:38:58 | epoch=1 | TRAIN[131] | TSP | select arm=2(invit) | reason=warm_start
     0(lehd            ): pulls=   6 | mean=+0.4746 | bonus=0.5021 | score=+0.9767 | raw=+0.9767 | p_mean_reward=0.8561
     1(elg             ): pulls=   6 | mean=+0.4746 | bonus=0.5021 | score=+0.9767 | raw=+0.9767 | p_mean_reward=0.7121
     2(invit           ): pulls=   5 | mean=+0.4746 | bonus=0.5021 | score=+0.9767 | raw=+0.9767 | p_mean_reward=0.5455 <--
     3(icam            ): pulls=   6 | mean=+0.4747 | bonus=0.5022 | score=+0.9769 | raw=+0.9769 | p_mean_reward=0.8561
     4(dact            ): pulls=   5 | mean=+0.4747 | bonus=0.5021 | score=+0.9768 | raw=+0.9768 | p_mean_reward=0.1818
     5(lih             ): pulls=   6 | mean=+0.4746 | bonus=0.5021 | score=+0.9767 | raw=+0.9767 | p_mean_reward=0.0000
     6(udc             ): pulls=   5 | mean=+0.4747 | bonus=0.5021 | score=+0.9768 | raw=+0.9768 | p_mean_reward=0.1273
     7(omni            ): pulls=   5 | mean=+0.4746 | bonus=0.5021 | score=+0.9767 | raw=+0.9767 | p_mean_reward=0.5455
     8(pointerformer   ): pulls=   6 | mean=+0.4747 | bonus=0.5022 | score=+0.9768 | raw=+0.9768 | p_mean_reward=0.7955
     9(difusco         ): pulls=   6 | mean=+0.4747 | bonus=0.5022 | score=+0.9769 | raw=+0.9769 | p_mean_reward=0.8636
    10(t2t             ): pulls=   6 | mean=+0.4746 | bonus=0.5021 | score=+0.9767 | raw=+0.9767 | p_mean_reward=0.2879
    11(glop            ): pulls=   6 | mean=+0.4747 | bonus=0.5021 | score=+0.9768 | raw=+0.9768 | p_mean_reward=0.3636
11:41:50 | t=132 | UPDATE | problem=TSP | uid=tsp:2671 | global_index=2671 | arm=2(invit)
    outcome: reward=0.4545 | selected_cost=8.4577 | best_cost=8.0399 | regret=0.4178
    result: record_global_index=2671 | name=None | aug_score=8.4577
    arm_stats: global_pulls=14 | problem_arm_pulls=6 | avg_reward=0.4722 | problem_arm_avg_reward=0.5303
    state: history=132 | U_norm=1929.5975 | U_mean=1.003585 | U_min=1.000000 | U_max=766.767883
11:41:50 | t=132 | TRAIN | module=reward_net | trigger=warmup(<= 240)
    optimize: epochs=20 | steps=20 | batch_size=132 | replay=balanced_problem_arm | history=132 | lr=0.001
    loss: avg=0.102706 | min=0.086692 | max=0.122023 | last=0.099732
    state: U_norm=1929.5975 | U_mean=1.003585 | U_min=1.000000 | U_max=766.767883
11:41:54 | epoch=1 | TRAIN[132] | TSP | select arm=4(dact) | reason=warm_start
     0(lehd            ): pulls=   6 | mean=+0.4667 | bonus=0.4962 | score=+0.9629 | raw=+0.9629 | p_mean_reward=0.8561
     1(elg             ): pulls=   6 | mean=+0.4667 | bonus=0.4962 | score=+0.9629 | raw=+0.9629 | p_mean_reward=0.7121
     2(invit           ): pulls=   6 | mean=+0.4667 | bonus=0.4962 | score=+0.9628 | raw=+0.9628 | p_mean_reward=0.5303
     3(icam            ): pulls=   6 | mean=+0.4668 | bonus=0.4962 | score=+0.9630 | raw=+0.9630 | p_mean_reward=0.8561
     4(dact            ): pulls=   5 | mean=+0.4667 | bonus=0.4962 | score=+0.9629 | raw=+0.9629 | p_mean_reward=0.1818 <--
     5(lih             ): pulls=   6 | mean=+0.4667 | bonus=0.4962 | score=+0.9629 | raw=+0.9629 | p_mean_reward=0.0000
     6(udc             ): pulls=   5 | mean=+0.4667 | bonus=0.4962 | score=+0.9629 | raw=+0.9629 | p_mean_reward=0.1273
     7(omni            ): pulls=   5 | mean=+0.4667 | bonus=0.4962 | score=+0.9629 | raw=+0.9629 | p_mean_reward=0.5455
     8(pointerformer   ): pulls=   6 | mean=+0.4667 | bonus=0.4962 | score=+0.9630 | raw=+0.9630 | p_mean_reward=0.7955
     9(difusco         ): pulls=   6 | mean=+0.4668 | bonus=0.4963 | score=+0.9630 | raw=+0.9630 | p_mean_reward=0.8636
    10(t2t             ): pulls=   6 | mean=+0.4667 | bonus=0.4962 | score=+0.9629 | raw=+0.9629 | p_mean_reward=0.2879
    11(glop            ): pulls=   6 | mean=+0.4667 | bonus=0.4962 | score=+0.9629 | raw=+0.9629 | p_mean_reward=0.3636
11:45:36 | t=133 | UPDATE | problem=TSP | uid=tsp:8059 | global_index=8059 | arm=4(dact)
    outcome: reward=0.1818 | selected_cost=9.5883 | best_cost=7.9785 | regret=1.6098
    result: record_global_index=8059 | name=None | aug_score=9.5883
    arm_stats: global_pulls=14 | problem_arm_pulls=6 | avg_reward=0.1494 | problem_arm_avg_reward=0.1818
    state: history=133 | U_norm=1930.8652 | U_mean=1.003595 | U_min=1.000000 | U_max=767.670959
11:45:36 | t=133 | TRAIN | module=reward_net | trigger=warmup(<= 240)
    optimize: epochs=20 | steps=20 | batch_size=133 | replay=balanced_problem_arm | history=133 | lr=0.001
    loss: avg=0.103803 | min=0.090501 | max=0.116768 | last=0.108101
    state: U_norm=1930.8652 | U_mean=1.003595 | U_min=1.000000 | U_max=767.670959
11:45:42 | epoch=1 | TRAIN[133] | CVRP | select arm=5(lih) | reason=warm_start
     0(lehd            ): pulls=   8 | mean=+0.4717 | bonus=0.4985 | score=+0.9702 | raw=+0.9702 | p_mean_reward=0.7679
     1(elg             ): pulls=   8 | mean=+0.4717 | bonus=0.4985 | score=+0.9702 | raw=+0.9702 | p_mean_reward=0.8214
     2(invit           ): pulls=   8 | mean=+0.4717 | bonus=0.4985 | score=+0.9702 | raw=+0.9702 | p_mean_reward=0.4286
     3(icam            ): pulls=   8 | mean=+0.4718 | bonus=0.4985 | score=+0.9703 | raw=+0.9703 | p_mean_reward=0.9286
     4(dact            ): pulls=   8 | mean=+0.4718 | bonus=0.4985 | score=+0.9703 | raw=+0.9703 | p_mean_reward=0.1250
     5(lih             ): pulls=   7 | mean=+0.4717 | bonus=0.4985 | score=+0.9702 | raw=+0.9702 | p_mean_reward=0.2041 <--
     6(udc             ): pulls=   8 | mean=+0.4717 | bonus=0.4985 | score=+0.9702 | raw=+0.9702 | p_mean_reward=0.0357
     7(omni            ): pulls=   8 | mean=+0.4717 | bonus=0.4985 | score=+0.9702 | raw=+0.9702 | p_mean_reward=0.6071
11:49:09 | t=134 | UPDATE | problem=CVRP | uid=cvrp:7989 | global_index=7989 | arm=5(lih)
    outcome: reward=0.2857 | selected_cost=23.8282 | best_cost=18.3441 | regret=5.4841
    result: record_global_index=7989 | name=None | aug_score=23.8282
    arm_stats: global_pulls=14 | problem_arm_pulls=8 | avg_reward=0.1224 | problem_arm_avg_reward=0.2143
    state: history=134 | U_norm=1932.1674 | U_mean=1.003605 | U_min=1.000000 | U_max=768.597717
11:49:09 | t=134 | TRAIN | module=reward_net | trigger=warmup(<= 240)
    optimize: epochs=20 | steps=20 | batch_size=134 | replay=balanced_problem_arm | history=134 | lr=0.001
    loss: avg=0.104877 | min=0.093071 | max=0.120918 | last=0.097994
    state: U_norm=1932.1674 | U_mean=1.003605 | U_min=1.000000 | U_max=768.597717
11:49:15 | epoch=1 | TRAIN[134] | CVRP | select arm=6(udc) | reason=warm_start
     0(lehd            ): pulls=   8 | mean=+0.4736 | bonus=0.4963 | score=+0.9699 | raw=+0.9699 | p_mean_reward=0.7679
     1(elg             ): pulls=   8 | mean=+0.4736 | bonus=0.4963 | score=+0.9699 | raw=+0.9699 | p_mean_reward=0.8214
     2(invit           ): pulls=   8 | mean=+0.4736 | bonus=0.4963 | score=+0.9699 | raw=+0.9699 | p_mean_reward=0.4286
     3(icam            ): pulls=   8 | mean=+0.4736 | bonus=0.4964 | score=+0.9700 | raw=+0.9700 | p_mean_reward=0.9286
     4(dact            ): pulls=   8 | mean=+0.4736 | bonus=0.4964 | score=+0.9700 | raw=+0.9700 | p_mean_reward=0.1250
     5(lih             ): pulls=   8 | mean=+0.4736 | bonus=0.4963 | score=+0.9699 | raw=+0.9699 | p_mean_reward=0.2143
     6(udc             ): pulls=   8 | mean=+0.4736 | bonus=0.4964 | score=+0.9699 | raw=+0.9699 | p_mean_reward=0.0357 <--
     7(omni            ): pulls=   8 | mean=+0.4736 | bonus=0.4963 | score=+0.9699 | raw=+0.9699 | p_mean_reward=0.6071
11:52:26 | t=135 | UPDATE | problem=CVRP | uid=cvrp:1383 | global_index=1383 | arm=6(udc)
    outcome: reward=0.0000 | selected_cost=23.9700 | best_cost=17.2103 | regret=6.7597
    result: record_global_index=1383 | name=None | aug_score=23.9700
    arm_stats: global_pulls=14 | problem_arm_pulls=9 | avg_reward=0.0659 | problem_arm_avg_reward=0.0317
    state: history=135 | U_norm=1933.4840 | U_mean=1.003616 | U_min=1.000000 | U_max=769.532593
11:52:26 | t=135 | TRAIN | module=reward_net | trigger=warmup(<= 240)
    optimize: epochs=20 | steps=20 | batch_size=135 | replay=balanced_problem_arm | history=135 | lr=0.001
    loss: avg=0.103243 | min=0.091867 | max=0.116218 | last=0.091867
    state: U_norm=1933.4840 | U_mean=1.003616 | U_min=1.000000 | U_max=769.532593
11:52:33 | epoch=1 | TRAIN[135] | CVRP | select arm=7(omni) | reason=warm_start
     0(lehd            ): pulls=   8 | mean=+0.4790 | bonus=0.4997 | score=+0.9787 | raw=+0.9787 | p_mean_reward=0.7679
     1(elg             ): pulls=   8 | mean=+0.4790 | bonus=0.4997 | score=+0.9787 | raw=+0.9787 | p_mean_reward=0.8214
     2(invit           ): pulls=   8 | mean=+0.4790 | bonus=0.4997 | score=+0.9787 | raw=+0.9787 | p_mean_reward=0.4286
     3(icam            ): pulls=   8 | mean=+0.4791 | bonus=0.4997 | score=+0.9788 | raw=+0.9788 | p_mean_reward=0.9286
     4(dact            ): pulls=   8 | mean=+0.4791 | bonus=0.4997 | score=+0.9787 | raw=+0.9787 | p_mean_reward=0.1250
     5(lih             ): pulls=   8 | mean=+0.4790 | bonus=0.4997 | score=+0.9787 | raw=+0.9787 | p_mean_reward=0.2143
     6(udc             ): pulls=   9 | mean=+0.4790 | bonus=0.4997 | score=+0.9787 | raw=+0.9787 | p_mean_reward=0.0317
     7(omni            ): pulls=   8 | mean=+0.4790 | bonus=0.4997 | score=+0.9787 | raw=+0.9787 | p_mean_reward=0.6071 <--
11:55:45 | t=136 | UPDATE | problem=CVRP | uid=cvrp:3687 | global_index=3687 | arm=7(omni)
    outcome: reward=0.4286 | selected_cost=18.6873 | best_cost=18.4612 | regret=0.2261
    result: record_global_index=3687 | name=None | aug_score=18.6873
    arm_stats: global_pulls=14 | problem_arm_pulls=9 | avg_reward=0.5724 | problem_arm_avg_reward=0.5873
    state: history=136 | U_norm=1934.8268 | U_mean=1.003626 | U_min=1.000000 | U_max=770.482605
11:55:45 | t=136 | TRAIN | module=reward_net | trigger=warmup(<= 240)
    optimize: epochs=20 | steps=20 | batch_size=136 | replay=balanced_problem_arm | history=136 | lr=0.001
    loss: avg=0.103465 | min=0.088752 | max=0.116946 | last=0.099340
    state: U_norm=1934.8268 | U_mean=1.003626 | U_min=1.000000 | U_max=770.482605
11:55:53 | epoch=1 | TRAIN[136] | CVRP | select arm=0(lehd) | reason=warm_start
     0(lehd            ): pulls=   8 | mean=+0.4728 | bonus=0.4922 | score=+0.9649 | raw=+0.9649 | p_mean_reward=0.7679 <--
     1(elg             ): pulls=   8 | mean=+0.4728 | bonus=0.4922 | score=+0.9649 | raw=+0.9649 | p_mean_reward=0.8214
     2(invit           ): pulls=   8 | mean=+0.4728 | bonus=0.4922 | score=+0.9649 | raw=+0.9649 | p_mean_reward=0.4286
     3(icam            ): pulls=   8 | mean=+0.4728 | bonus=0.4922 | score=+0.9650 | raw=+0.9650 | p_mean_reward=0.9286
     4(dact            ): pulls=   8 | mean=+0.4728 | bonus=0.4922 | score=+0.9650 | raw=+0.9650 | p_mean_reward=0.1250
     5(lih             ): pulls=   8 | mean=+0.4728 | bonus=0.4922 | score=+0.9649 | raw=+0.9649 | p_mean_reward=0.2143
     6(udc             ): pulls=   9 | mean=+0.4728 | bonus=0.4922 | score=+0.9650 | raw=+0.9650 | p_mean_reward=0.0317
     7(omni            ): pulls=   9 | mean=+0.4728 | bonus=0.4922 | score=+0.9649 | raw=+0.9649 | p_mean_reward=0.5873
11:58:52 | t=137 | UPDATE | problem=CVRP | uid=cvrp:7262 | global_index=7262 | arm=0(lehd)
    outcome: reward=0.8571 | selected_cost=17.6056 | best_cost=17.5099 | regret=0.0957
    result: record_global_index=7262 | name=None | aug_score=17.6056
    arm_stats: global_pulls=15 | problem_arm_pulls=9 | avg_reward=0.8091 | problem_arm_avg_reward=0.7778
    state: history=137 | U_norm=1936.1500 | U_mean=1.003636 | U_min=1.000000 | U_max=771.415466
11:58:52 | t=137 | TRAIN | module=reward_net | trigger=warmup(<= 240)
    optimize: epochs=20 | steps=20 | batch_size=137 | replay=balanced_problem_arm | history=137 | lr=0.001
    loss: avg=0.106347 | min=0.094042 | max=0.119827 | last=0.102158
    state: U_norm=1936.1500 | U_mean=1.003636 | U_min=1.000000 | U_max=771.415466
11:58:58 | epoch=1 | TRAIN[137] | CVRP | select arm=1(elg) | reason=warm_start
     0(lehd            ): pulls=   9 | mean=+0.4705 | bonus=0.4934 | score=+0.9639 | raw=+0.9639 | p_mean_reward=0.7778
     1(elg             ): pulls=   8 | mean=+0.4705 | bonus=0.4934 | score=+0.9639 | raw=+0.9639 | p_mean_reward=0.8214 <--
     2(invit           ): pulls=   8 | mean=+0.4705 | bonus=0.4934 | score=+0.9639 | raw=+0.9639 | p_mean_reward=0.4286
     3(icam            ): pulls=   8 | mean=+0.4706 | bonus=0.4934 | score=+0.9640 | raw=+0.9640 | p_mean_reward=0.9286
     4(dact            ): pulls=   8 | mean=+0.4706 | bonus=0.4934 | score=+0.9640 | raw=+0.9640 | p_mean_reward=0.1250
     5(lih             ): pulls=   8 | mean=+0.4705 | bonus=0.4934 | score=+0.9639 | raw=+0.9639 | p_mean_reward=0.2143
     6(udc             ): pulls=   9 | mean=+0.4705 | bonus=0.4934 | score=+0.9639 | raw=+0.9639 | p_mean_reward=0.0317
     7(omni            ): pulls=   9 | mean=+0.4705 | bonus=0.4934 | score=+0.9639 | raw=+0.9639 | p_mean_reward=0.5873
12:01:50 | t=138 | UPDATE | problem=CVRP | uid=cvrp:5587 | global_index=5587 | arm=1(elg)
    outcome: reward=0.8571 | selected_cost=16.7143 | best_cost=16.6801 | regret=0.0342
    result: record_global_index=5587 | name=None | aug_score=16.7143
    arm_stats: global_pulls=15 | problem_arm_pulls=9 | avg_reward=0.7801 | problem_arm_avg_reward=0.8254
    state: history=138 | U_norm=1937.4655 | U_mean=1.003647 | U_min=1.000000 | U_max=772.335876
12:01:50 | t=138 | TRAIN | module=reward_net | trigger=warmup(<= 240)
    optimize: epochs=20 | steps=20 | batch_size=138 | replay=balanced_problem_arm | history=138 | lr=0.001
    loss: avg=0.105517 | min=0.091408 | max=0.125736 | last=0.114964
    state: U_norm=1937.4655 | U_mean=1.003647 | U_min=1.000000 | U_max=772.335876
12:01:57 | epoch=1 | TRAIN[138] | CVRP | select arm=2(invit) | reason=warm_start
     0(lehd            ): pulls=   9 | mean=+0.4762 | bonus=0.4928 | score=+0.9691 | raw=+0.9691 | p_mean_reward=0.7778
     1(elg             ): pulls=   9 | mean=+0.4762 | bonus=0.4928 | score=+0.9691 | raw=+0.9691 | p_mean_reward=0.8254
     2(invit           ): pulls=   8 | mean=+0.4762 | bonus=0.4928 | score=+0.9691 | raw=+0.9691 | p_mean_reward=0.4286 <--
     3(icam            ): pulls=   8 | mean=+0.4763 | bonus=0.4929 | score=+0.9692 | raw=+0.9692 | p_mean_reward=0.9286
     4(dact            ): pulls=   8 | mean=+0.4763 | bonus=0.4929 | score=+0.9691 | raw=+0.9691 | p_mean_reward=0.1250
     5(lih             ): pulls=   8 | mean=+0.4762 | bonus=0.4928 | score=+0.9691 | raw=+0.9691 | p_mean_reward=0.2143
     6(udc             ): pulls=   9 | mean=+0.4762 | bonus=0.4929 | score=+0.9691 | raw=+0.9691 | p_mean_reward=0.0317
     7(omni            ): pulls=   9 | mean=+0.4762 | bonus=0.4928 | score=+0.9691 | raw=+0.9691 | p_mean_reward=0.5873
12:05:14 | t=139 | UPDATE | problem=CVRP | uid=cvrp:7615 | global_index=7615 | arm=2(invit)
    outcome: reward=0.4286 | selected_cost=17.1745 | best_cost=16.6005 | regret=0.5740
    result: record_global_index=7615 | name=None | aug_score=17.1745
    arm_stats: global_pulls=15 | problem_arm_pulls=9 | avg_reward=0.4693 | problem_arm_avg_reward=0.4286
    state: history=139 | U_norm=1938.8114 | U_mean=1.003657 | U_min=1.000000 | U_max=773.276917
12:05:14 | t=139 | TRAIN | module=reward_net | trigger=warmup(<= 240)
    optimize: epochs=20 | steps=20 | batch_size=139 | replay=balanced_problem_arm | history=139 | lr=0.001
    loss: avg=0.102692 | min=0.088908 | max=0.119005 | last=0.110524
    state: U_norm=1938.8114 | U_mean=1.003657 | U_min=1.000000 | U_max=773.276917
12:05:21 | epoch=1 | TRAIN[139] | CVRP | select arm=3(icam) | reason=warm_start
     0(lehd            ): pulls=   9 | mean=+0.4800 | bonus=0.5034 | score=+0.9834 | raw=+0.9834 | p_mean_reward=0.7778
     1(elg             ): pulls=   9 | mean=+0.4800 | bonus=0.5034 | score=+0.9834 | raw=+0.9834 | p_mean_reward=0.8254
     2(invit           ): pulls=   9 | mean=+0.4800 | bonus=0.5034 | score=+0.9834 | raw=+0.9834 | p_mean_reward=0.4286
     3(icam            ): pulls=   8 | mean=+0.4801 | bonus=0.5035 | score=+0.9835 | raw=+0.9835 | p_mean_reward=0.9286 <--
     4(dact            ): pulls=   8 | mean=+0.4800 | bonus=0.5034 | score=+0.9835 | raw=+0.9835 | p_mean_reward=0.1250
     5(lih             ): pulls=   8 | mean=+0.4800 | bonus=0.5034 | score=+0.9834 | raw=+0.9834 | p_mean_reward=0.2143
     6(udc             ): pulls=   9 | mean=+0.4800 | bonus=0.5034 | score=+0.9834 | raw=+0.9834 | p_mean_reward=0.0317
     7(omni            ): pulls=   9 | mean=+0.4800 | bonus=0.5034 | score=+0.9834 | raw=+0.9834 | p_mean_reward=0.5873
12:08:14 | t=140 | UPDATE | problem=CVRP | uid=cvrp:1453 | global_index=1453 | arm=3(icam)
    outcome: reward=0.7143 | selected_cost=13.4421 | best_cost=13.1682 | regret=0.2739
    result: record_global_index=1453 | name=None | aug_score=13.4421
    arm_stats: global_pulls=15 | problem_arm_pulls=9 | avg_reward=0.8853 | problem_arm_avg_reward=0.9048
    state: history=140 | U_norm=1940.1731 | U_mean=1.003668 | U_min=1.000000 | U_max=774.221619
12:08:14 | t=140 | TRAIN | module=reward_net | trigger=warmup(<= 240)
    optimize: epochs=20 | steps=20 | batch_size=140 | replay=balanced_problem_arm | history=140 | lr=0.001
    loss: avg=0.103807 | min=0.089565 | max=0.120579 | last=0.094535
    state: U_norm=1940.1731 | U_mean=1.003668 | U_min=1.000000 | U_max=774.221619
12:08:22 | epoch=1 | TRAIN[140] | CVRP | select arm=4(dact) | reason=warm_start
     0(lehd            ): pulls=   9 | mean=+0.4718 | bonus=0.4887 | score=+0.9605 | raw=+0.9605 | p_mean_reward=0.7778
     1(elg             ): pulls=   9 | mean=+0.4718 | bonus=0.4887 | score=+0.9605 | raw=+0.9605 | p_mean_reward=0.8254
     2(invit           ): pulls=   9 | mean=+0.4718 | bonus=0.4887 | score=+0.9605 | raw=+0.9605 | p_mean_reward=0.4286
     3(icam            ): pulls=   9 | mean=+0.4718 | bonus=0.4888 | score=+0.9606 | raw=+0.9606 | p_mean_reward=0.9048
     4(dact            ): pulls=   8 | mean=+0.4718 | bonus=0.4888 | score=+0.9606 | raw=+0.9606 | p_mean_reward=0.1250 <--
     5(lih             ): pulls=   8 | mean=+0.4718 | bonus=0.4887 | score=+0.9605 | raw=+0.9605 | p_mean_reward=0.2143
     6(udc             ): pulls=   9 | mean=+0.4718 | bonus=0.4887 | score=+0.9605 | raw=+0.9605 | p_mean_reward=0.0317
     7(omni            ): pulls=   9 | mean=+0.4718 | bonus=0.4887 | score=+0.9605 | raw=+0.9605 | p_mean_reward=0.5873
12:11:19 | t=141 | UPDATE | problem=CVRP | uid=cvrp:9205 | global_index=9205 | arm=4(dact)
    outcome: reward=0.1429 | selected_cost=22.4013 | best_cost=15.9553 | regret=6.4460
    result: record_global_index=9205 | name=None | aug_score=22.4013
    arm_stats: global_pulls=15 | problem_arm_pulls=9 | avg_reward=0.1489 | problem_arm_avg_reward=0.1270
    state: history=141 | U_norm=1941.5084 | U_mean=1.003678 | U_min=1.000000 | U_max=775.146301
12:11:19 | t=141 | TRAIN | module=reward_net | trigger=warmup(<= 240)
    optimize: epochs=20 | steps=20 | batch_size=141 | replay=balanced_problem_arm | history=141 | lr=0.001
    loss: avg=0.102010 | min=0.089453 | max=0.112335 | last=0.110907
    state: U_norm=1941.5084 | U_mean=1.003678 | U_min=1.000000 | U_max=775.146301
12:11:24 | epoch=1 | TRAIN[141] | TSP | select arm=6(udc) | reason=warm_start
     0(lehd            ): pulls=   6 | mean=+0.4657 | bonus=0.4818 | score=+0.9475 | raw=+0.9475 | p_mean_reward=0.8561
     1(elg             ): pulls=   6 | mean=+0.4657 | bonus=0.4818 | score=+0.9476 | raw=+0.9476 | p_mean_reward=0.7121
     2(invit           ): pulls=   6 | mean=+0.4657 | bonus=0.4818 | score=+0.9475 | raw=+0.9475 | p_mean_reward=0.5303
     3(icam            ): pulls=   6 | mean=+0.4658 | bonus=0.4819 | score=+0.9476 | raw=+0.9476 | p_mean_reward=0.8561
     4(dact            ): pulls=   6 | mean=+0.4658 | bonus=0.4818 | score=+0.9476 | raw=+0.9476 | p_mean_reward=0.1818
     5(lih             ): pulls=   6 | mean=+0.4657 | bonus=0.4818 | score=+0.9475 | raw=+0.9475 | p_mean_reward=0.0000
     6(udc             ): pulls=   5 | mean=+0.4657 | bonus=0.4818 | score=+0.9476 | raw=+0.9476 | p_mean_reward=0.1273 <--
     7(omni            ): pulls=   5 | mean=+0.4657 | bonus=0.4818 | score=+0.9475 | raw=+0.9475 | p_mean_reward=0.5455
     8(pointerformer   ): pulls=   6 | mean=+0.4658 | bonus=0.4819 | score=+0.9476 | raw=+0.9476 | p_mean_reward=0.7955
     9(difusco         ): pulls=   6 | mean=+0.4658 | bonus=0.4819 | score=+0.9477 | raw=+0.9477 | p_mean_reward=0.8636
    10(t2t             ): pulls=   6 | mean=+0.4657 | bonus=0.4818 | score=+0.9475 | raw=+0.9475 | p_mean_reward=0.2879
    11(glop            ): pulls=   6 | mean=+0.4658 | bonus=0.4818 | score=+0.9476 | raw=+0.9476 | p_mean_reward=0.3636
12:14:22 | t=142 | UPDATE | problem=TSP | uid=tsp:8422 | global_index=8422 | arm=6(udc)
    outcome: reward=0.0909 | selected_cost=11.3384 | best_cost=7.9554 | regret=3.3831
    result: record_global_index=8422 | name=None | aug_score=11.3384
    arm_stats: global_pulls=15 | problem_arm_pulls=6 | avg_reward=0.0675 | problem_arm_avg_reward=0.1212
    state: history=142 | U_norm=1942.8135 | U_mean=1.003688 | U_min=1.000000 | U_max=776.044861
12:14:22 | t=142 | TRAIN | module=reward_net | trigger=warmup(<= 240)
    optimize: epochs=20 | steps=20 | batch_size=142 | replay=balanced_problem_arm | history=142 | lr=0.001
    loss: avg=0.103740 | min=0.086591 | max=0.117104 | last=0.108218
    state: U_norm=1942.8135 | U_mean=1.003688 | U_min=1.000000 | U_max=776.044861
12:14:24 | epoch=1 | TRAIN[142] | TSP | select arm=7(omni) | reason=warm_start
     0(lehd            ): pulls=   6 | mean=+0.4589 | bonus=0.4699 | score=+0.9288 | raw=+0.9288 | p_mean_reward=0.8561
     1(elg             ): pulls=   6 | mean=+0.4589 | bonus=0.4699 | score=+0.9288 | raw=+0.9288 | p_mean_reward=0.7121
     2(invit           ): pulls=   6 | mean=+0.4589 | bonus=0.4699 | score=+0.9288 | raw=+0.9288 | p_mean_reward=0.5303
     3(icam            ): pulls=   6 | mean=+0.4589 | bonus=0.4700 | score=+0.9289 | raw=+0.9289 | p_mean_reward=0.8561
     4(dact            ): pulls=   6 | mean=+0.4589 | bonus=0.4700 | score=+0.9289 | raw=+0.9289 | p_mean_reward=0.1818
     5(lih             ): pulls=   6 | mean=+0.4589 | bonus=0.4699 | score=+0.9288 | raw=+0.9288 | p_mean_reward=0.0000
     6(udc             ): pulls=   6 | mean=+0.4589 | bonus=0.4699 | score=+0.9288 | raw=+0.9288 | p_mean_reward=0.1212
     7(omni            ): pulls=   5 | mean=+0.4589 | bonus=0.4699 | score=+0.9288 | raw=+0.9288 | p_mean_reward=0.5455 <--
     8(pointerformer   ): pulls=   6 | mean=+0.4589 | bonus=0.4700 | score=+0.9289 | raw=+0.9289 | p_mean_reward=0.7955
     9(difusco         ): pulls=   6 | mean=+0.4589 | bonus=0.4700 | score=+0.9289 | raw=+0.9289 | p_mean_reward=0.8636
    10(t2t             ): pulls=   6 | mean=+0.4589 | bonus=0.4699 | score=+0.9288 | raw=+0.9288 | p_mean_reward=0.2879
    11(glop            ): pulls=   6 | mean=+0.4589 | bonus=0.4700 | score=+0.9289 | raw=+0.9289 | p_mean_reward=0.3636
12:17:59 | t=143 | UPDATE | problem=TSP | uid=tsp:8895 | global_index=8895 | arm=7(omni)
    outcome: reward=0.4545 | selected_cost=7.7857 | best_cost=7.5842 | regret=0.2015
    result: record_global_index=8895 | name=None | aug_score=7.7857
    arm_stats: global_pulls=15 | problem_arm_pulls=6 | avg_reward=0.5645 | problem_arm_avg_reward=0.5303
    state: history=143 | U_norm=1944.0996 | U_mean=1.003698 | U_min=1.000000 | U_max=776.930237
12:17:59 | t=143 | TRAIN | module=reward_net | trigger=warmup(<= 240)
    optimize: epochs=20 | steps=20 | batch_size=143 | replay=balanced_problem_arm | history=143 | lr=0.001
    loss: avg=0.105723 | min=0.089974 | max=0.117893 | last=0.114282
    state: U_norm=1944.0996 | U_mean=1.003698 | U_min=1.000000 | U_max=776.930237
12:18:03 | epoch=1 | TRAIN[143] | TSP | select arm=8(pointerformer) | reason=warm_start
     0(lehd            ): pulls=   6 | mean=+0.4693 | bonus=0.4789 | score=+0.9482 | raw=+0.9482 | p_mean_reward=0.8561
     1(elg             ): pulls=   6 | mean=+0.4693 | bonus=0.4789 | score=+0.9482 | raw=+0.9482 | p_mean_reward=0.7121
     2(invit           ): pulls=   6 | mean=+0.4693 | bonus=0.4789 | score=+0.9482 | raw=+0.9482 | p_mean_reward=0.5303
     3(icam            ): pulls=   6 | mean=+0.4694 | bonus=0.4789 | score=+0.9483 | raw=+0.9483 | p_mean_reward=0.8561
     4(dact            ): pulls=   6 | mean=+0.4694 | bonus=0.4789 | score=+0.9482 | raw=+0.9482 | p_mean_reward=0.1818
     5(lih             ): pulls=   6 | mean=+0.4693 | bonus=0.4789 | score=+0.9482 | raw=+0.9482 | p_mean_reward=0.0000
     6(udc             ): pulls=   6 | mean=+0.4693 | bonus=0.4789 | score=+0.9482 | raw=+0.9482 | p_mean_reward=0.1212
     7(omni            ): pulls=   6 | mean=+0.4693 | bonus=0.4789 | score=+0.9482 | raw=+0.9482 | p_mean_reward=0.5303
     8(pointerformer   ): pulls=   6 | mean=+0.4694 | bonus=0.4789 | score=+0.9483 | raw=+0.9483 | p_mean_reward=0.7955 <--
     9(difusco         ): pulls=   6 | mean=+0.4694 | bonus=0.4789 | score=+0.9483 | raw=+0.9483 | p_mean_reward=0.8636
    10(t2t             ): pulls=   6 | mean=+0.4693 | bonus=0.4789 | score=+0.9482 | raw=+0.9482 | p_mean_reward=0.2879
    11(glop            ): pulls=   6 | mean=+0.4693 | bonus=0.4789 | score=+0.9482 | raw=+0.9482 | p_mean_reward=0.3636
12:21:19 | t=144 | UPDATE | problem=TSP | uid=tsp:5037 | global_index=5037 | arm=8(pointerformer)
    outcome: reward=0.8182 | selected_cost=7.7468 | best_cost=7.7424 | regret=0.0043
    result: record_global_index=5037 | name=None | aug_score=7.7468
    arm_stats: global_pulls=7 | problem_arm_pulls=7 | avg_reward=0.7987 | problem_arm_avg_reward=0.7987
    state: history=144 | U_norm=1945.4304 | U_mean=1.003708 | U_min=1.000000 | U_max=777.841919
12:21:19 | t=144 | TRAIN | module=reward_net | trigger=warmup(<= 240)
    optimize: epochs=20 | steps=20 | batch_size=144 | replay=balanced_problem_arm | history=144 | lr=0.001
    loss: avg=0.103899 | min=0.092603 | max=0.120237 | last=0.096627
    state: U_norm=1945.4304 | U_mean=1.003708 | U_min=1.000000 | U_max=777.841919
12:21:26 | epoch=1 | TRAIN[144] | CVRP | select arm=5(lih) | reason=warm_start
     0(lehd            ): pulls=   9 | mean=+0.4648 | bonus=0.4744 | score=+0.9391 | raw=+0.9391 | p_mean_reward=0.7778
     1(elg             ): pulls=   9 | mean=+0.4648 | bonus=0.4744 | score=+0.9391 | raw=+0.9391 | p_mean_reward=0.8254
     2(invit           ): pulls=   9 | mean=+0.4648 | bonus=0.4744 | score=+0.9391 | raw=+0.9391 | p_mean_reward=0.4286
     3(icam            ): pulls=   9 | mean=+0.4648 | bonus=0.4744 | score=+0.9392 | raw=+0.9392 | p_mean_reward=0.9048
     4(dact            ): pulls=   9 | mean=+0.4648 | bonus=0.4744 | score=+0.9392 | raw=+0.9392 | p_mean_reward=0.1270
     5(lih             ): pulls=   8 | mean=+0.4648 | bonus=0.4744 | score=+0.9391 | raw=+0.9391 | p_mean_reward=0.2143 <--
     6(udc             ): pulls=   9 | mean=+0.4648 | bonus=0.4744 | score=+0.9391 | raw=+0.9391 | p_mean_reward=0.0317
     7(omni            ): pulls=   9 | mean=+0.4648 | bonus=0.4744 | score=+0.9391 | raw=+0.9391 | p_mean_reward=0.5873
12:24:59 | t=145 | UPDATE | problem=CVRP | uid=cvrp:3423 | global_index=3423 | arm=5(lih)
    outcome: reward=0.2857 | selected_cost=17.6519 | best_cost=13.7926 | regret=3.8594
    result: record_global_index=3423 | name=None | aug_score=17.6519
    arm_stats: global_pulls=15 | problem_arm_pulls=9 | avg_reward=0.1333 | problem_arm_avg_reward=0.2222
    state: history=145 | U_norm=1946.7573 | U_mean=1.003718 | U_min=1.000000 | U_max=778.748779
12:24:59 | t=145 | TRAIN | module=reward_net | trigger=warmup(<= 240)
    optimize: epochs=20 | steps=20 | batch_size=145 | replay=balanced_problem_arm | history=145 | lr=0.001
    loss: avg=0.101340 | min=0.086976 | max=0.112274 | last=0.098539
    state: U_norm=1946.7573 | U_mean=1.003718 | U_min=1.000000 | U_max=778.748779
12:25:01 | epoch=1 | TRAIN[145] | TSP | select arm=9(difusco) | reason=warm_start
     0(lehd            ): pulls=   6 | mean=+0.4681 | bonus=0.4750 | score=+0.9431 | raw=+0.9431 | p_mean_reward=0.8561
     1(elg             ): pulls=   6 | mean=+0.4681 | bonus=0.4750 | score=+0.9431 | raw=+0.9431 | p_mean_reward=0.7121
     2(invit           ): pulls=   6 | mean=+0.4681 | bonus=0.4750 | score=+0.9431 | raw=+0.9431 | p_mean_reward=0.5303
     3(icam            ): pulls=   6 | mean=+0.4681 | bonus=0.4750 | score=+0.9431 | raw=+0.9431 | p_mean_reward=0.8561
     4(dact            ): pulls=   6 | mean=+0.4681 | bonus=0.4750 | score=+0.9431 | raw=+0.9431 | p_mean_reward=0.1818
     5(lih             ): pulls=   6 | mean=+0.4681 | bonus=0.4750 | score=+0.9431 | raw=+0.9431 | p_mean_reward=0.0000
     6(udc             ): pulls=   6 | mean=+0.4681 | bonus=0.4750 | score=+0.9431 | raw=+0.9431 | p_mean_reward=0.1212
     7(omni            ): pulls=   6 | mean=+0.4681 | bonus=0.4750 | score=+0.9431 | raw=+0.9431 | p_mean_reward=0.5303
     8(pointerformer   ): pulls=   7 | mean=+0.4681 | bonus=0.4750 | score=+0.9431 | raw=+0.9431 | p_mean_reward=0.7987
     9(difusco         ): pulls=   6 | mean=+0.4681 | bonus=0.4750 | score=+0.9432 | raw=+0.9432 | p_mean_reward=0.8636 <--
    10(t2t             ): pulls=   6 | mean=+0.4681 | bonus=0.4750 | score=+0.9431 | raw=+0.9431 | p_mean_reward=0.2879
    11(glop            ): pulls=   6 | mean=+0.4681 | bonus=0.4750 | score=+0.9431 | raw=+0.9431 | p_mean_reward=0.3636
12:28:07 | t=146 | UPDATE | problem=TSP | uid=tsp:3771 | global_index=3771 | arm=9(difusco)
    outcome: reward=0.6364 | selected_cost=7.9952 | best_cost=7.9542 | regret=0.0410
    result: record_global_index=3771 | name=None | aug_score=7.9952
    arm_stats: global_pulls=7 | problem_arm_pulls=7 | avg_reward=0.8312 | problem_arm_avg_reward=0.8312
    state: history=146 | U_norm=1948.0928 | U_mean=1.003729 | U_min=1.000000 | U_max=779.656616
12:28:07 | t=146 | TRAIN | module=reward_net | trigger=warmup(<= 240)
    optimize: epochs=20 | steps=20 | batch_size=146 | replay=balanced_problem_arm | history=146 | lr=0.001
    loss: avg=0.099053 | min=0.087875 | max=0.113457 | last=0.107989
    state: U_norm=1948.0928 | U_mean=1.003729 | U_min=1.000000 | U_max=779.656616
12:28:14 | epoch=1 | TRAIN[146] | CVRP | select arm=0(lehd) | reason=warm_start
     0(lehd            ): pulls=   9 | mean=+0.4709 | bonus=0.4758 | score=+0.9467 | raw=+0.9467 | p_mean_reward=0.7778 <--
     1(elg             ): pulls=   9 | mean=+0.4709 | bonus=0.4758 | score=+0.9467 | raw=+0.9467 | p_mean_reward=0.8254
     2(invit           ): pulls=   9 | mean=+0.4709 | bonus=0.4758 | score=+0.9467 | raw=+0.9467 | p_mean_reward=0.4286
     3(icam            ): pulls=   9 | mean=+0.4710 | bonus=0.4758 | score=+0.9468 | raw=+0.9468 | p_mean_reward=0.9048
     4(dact            ): pulls=   9 | mean=+0.4709 | bonus=0.4758 | score=+0.9467 | raw=+0.9467 | p_mean_reward=0.1270
     5(lih             ): pulls=   9 | mean=+0.4709 | bonus=0.4758 | score=+0.9467 | raw=+0.9467 | p_mean_reward=0.2222
     6(udc             ): pulls=   9 | mean=+0.4709 | bonus=0.4758 | score=+0.9467 | raw=+0.9467 | p_mean_reward=0.0317
     7(omni            ): pulls=   9 | mean=+0.4709 | bonus=0.4758 | score=+0.9467 | raw=+0.9467 | p_mean_reward=0.5873
12:31:32 | t=147 | UPDATE | problem=CVRP | uid=cvrp:9570 | global_index=9570 | arm=0(lehd)
    outcome: reward=1.0000 | selected_cost=16.1618 | best_cost=16.1618 | regret=0.0000
    result: record_global_index=9570 | name=None | aug_score=16.1618
    arm_stats: global_pulls=16 | problem_arm_pulls=10 | avg_reward=0.8210 | problem_arm_avg_reward=0.8000
    state: history=147 | U_norm=1949.4561 | U_mean=1.003739 | U_min=1.000000 | U_max=780.582642
12:31:32 | t=147 | TRAIN | module=reward_net | trigger=warmup(<= 240)
    optimize: epochs=20 | steps=20 | batch_size=147 | replay=balanced_problem_arm | history=147 | lr=0.001
    loss: avg=0.103295 | min=0.087163 | max=0.117022 | last=0.099704
    state: U_norm=1949.4561 | U_mean=1.003739 | U_min=1.000000 | U_max=780.582642
12:31:41 | epoch=1 | TRAIN[147] | CVRP | select arm=1(elg) | reason=warm_start
     0(lehd            ): pulls=  10 | mean=+0.4738 | bonus=0.4765 | score=+0.9503 | raw=+0.9503 | p_mean_reward=0.8000
     1(elg             ): pulls=   9 | mean=+0.4738 | bonus=0.4765 | score=+0.9503 | raw=+0.9503 | p_mean_reward=0.8254 <--
     2(invit           ): pulls=   9 | mean=+0.4738 | bonus=0.4765 | score=+0.9502 | raw=+0.9502 | p_mean_reward=0.4286
     3(icam            ): pulls=   9 | mean=+0.4738 | bonus=0.4765 | score=+0.9503 | raw=+0.9503 | p_mean_reward=0.9048
     4(dact            ): pulls=   9 | mean=+0.4738 | bonus=0.4765 | score=+0.9503 | raw=+0.9503 | p_mean_reward=0.1270
     5(lih             ): pulls=   9 | mean=+0.4738 | bonus=0.4765 | score=+0.9503 | raw=+0.9503 | p_mean_reward=0.2222
     6(udc             ): pulls=   9 | mean=+0.4738 | bonus=0.4765 | score=+0.9503 | raw=+0.9503 | p_mean_reward=0.0317
     7(omni            ): pulls=   9 | mean=+0.4738 | bonus=0.4765 | score=+0.9503 | raw=+0.9503 | p_mean_reward=0.5873
12:34:46 | t=148 | UPDATE | problem=CVRP | uid=cvrp:9434 | global_index=9434 | arm=1(elg)
    outcome: reward=0.7143 | selected_cost=13.2874 | best_cost=13.1614 | regret=0.1260
    result: record_global_index=9434 | name=None | aug_score=13.2874
    arm_stats: global_pulls=16 | problem_arm_pulls=10 | avg_reward=0.7760 | problem_arm_avg_reward=0.8143
    state: history=148 | U_norm=1950.8361 | U_mean=1.003749 | U_min=1.000000 | U_max=781.517212
12:34:46 | t=148 | TRAIN | module=reward_net | trigger=warmup(<= 240)
    optimize: epochs=20 | steps=20 | batch_size=148 | replay=balanced_problem_arm | history=148 | lr=0.001
    loss: avg=0.099577 | min=0.083471 | max=0.113417 | last=0.104117
    state: U_norm=1950.8361 | U_mean=1.003749 | U_min=1.000000 | U_max=781.517212
12:34:54 | epoch=1 | TRAIN[148] | CVRP | select arm=2(invit) | reason=warm_start
     0(lehd            ): pulls=  10 | mean=+0.4774 | bonus=0.4850 | score=+0.9625 | raw=+0.9625 | p_mean_reward=0.8000
     1(elg             ): pulls=  10 | mean=+0.4774 | bonus=0.4850 | score=+0.9625 | raw=+0.9625 | p_mean_reward=0.8143
     2(invit           ): pulls=   9 | mean=+0.4774 | bonus=0.4850 | score=+0.9624 | raw=+0.9624 | p_mean_reward=0.4286 <--
     3(icam            ): pulls=   9 | mean=+0.4775 | bonus=0.4851 | score=+0.9625 | raw=+0.9625 | p_mean_reward=0.9048
     4(dact            ): pulls=   9 | mean=+0.4774 | bonus=0.4850 | score=+0.9625 | raw=+0.9625 | p_mean_reward=0.1270
     5(lih             ): pulls=   9 | mean=+0.4774 | bonus=0.4850 | score=+0.9625 | raw=+0.9625 | p_mean_reward=0.2222
     6(udc             ): pulls=   9 | mean=+0.4774 | bonus=0.4850 | score=+0.9625 | raw=+0.9625 | p_mean_reward=0.0317
     7(omni            ): pulls=   9 | mean=+0.4774 | bonus=0.4850 | score=+0.9625 | raw=+0.9625 | p_mean_reward=0.5873
12:38:21 | t=149 | UPDATE | problem=CVRP | uid=cvrp:662 | global_index=662 | arm=2(invit)
    outcome: reward=0.4286 | selected_cost=15.6254 | best_cost=15.1938 | regret=0.4316
    result: record_global_index=662 | name=None | aug_score=15.6254
    arm_stats: global_pulls=16 | problem_arm_pulls=10 | avg_reward=0.4667 | problem_arm_avg_reward=0.4286
    state: history=149 | U_norm=1952.2319 | U_mean=1.003760 | U_min=1.000000 | U_max=782.455200
12:38:21 | t=149 | TRAIN | module=reward_net | trigger=warmup(<= 240)
    optimize: epochs=20 | steps=20 | batch_size=149 | replay=balanced_problem_arm | history=149 | lr=0.001
    loss: avg=0.104944 | min=0.091897 | max=0.121758 | last=0.091897
    state: U_norm=1952.2319 | U_mean=1.003760 | U_min=1.000000 | U_max=782.455200
12:38:22 | epoch=1 | TRAIN[149] | TSP | select arm=10(t2t) | reason=warm_start
     0(lehd            ): pulls=   6 | mean=+0.4704 | bonus=0.4689 | score=+0.9393 | raw=+0.9393 | p_mean_reward=0.8561
     1(elg             ): pulls=   6 | mean=+0.4704 | bonus=0.4689 | score=+0.9393 | raw=+0.9393 | p_mean_reward=0.7121
     2(invit           ): pulls=   6 | mean=+0.4704 | bonus=0.4689 | score=+0.9393 | raw=+0.9393 | p_mean_reward=0.5303
     3(icam            ): pulls=   6 | mean=+0.4704 | bonus=0.4689 | score=+0.9394 | raw=+0.9394 | p_mean_reward=0.8561
     4(dact            ): pulls=   6 | mean=+0.4704 | bonus=0.4689 | score=+0.9394 | raw=+0.9394 | p_mean_reward=0.1818
     5(lih             ): pulls=   6 | mean=+0.4704 | bonus=0.4689 | score=+0.9393 | raw=+0.9393 | p_mean_reward=0.0000
     6(udc             ): pulls=   6 | mean=+0.4704 | bonus=0.4689 | score=+0.9393 | raw=+0.9393 | p_mean_reward=0.1212
     7(omni            ): pulls=   6 | mean=+0.4704 | bonus=0.4689 | score=+0.9393 | raw=+0.9393 | p_mean_reward=0.5303
     8(pointerformer   ): pulls=   7 | mean=+0.4704 | bonus=0.4689 | score=+0.9394 | raw=+0.9394 | p_mean_reward=0.7987
     9(difusco         ): pulls=   7 | mean=+0.4704 | bonus=0.4690 | score=+0.9394 | raw=+0.9394 | p_mean_reward=0.8312
    10(t2t             ): pulls=   6 | mean=+0.4704 | bonus=0.4689 | score=+0.9393 | raw=+0.9393 | p_mean_reward=0.2879 <--
    11(glop            ): pulls=   6 | mean=+0.4704 | bonus=0.4689 | score=+0.9394 | raw=+0.9394 | p_mean_reward=0.3636
12:42:04 | t=150 | UPDATE | problem=TSP | uid=tsp:9926 | global_index=9926 | arm=10(t2t)
    outcome: reward=0.2727 | selected_cost=8.7312 | best_cost=7.5835 | regret=1.1477
    result: record_global_index=9926 | name=None | aug_score=8.7312
    arm_stats: global_pulls=7 | problem_arm_pulls=7 | avg_reward=0.2857 | problem_arm_avg_reward=0.2857
    state: history=150 | U_norm=1953.5988 | U_mean=1.003770 | U_min=1.000000 | U_max=783.373596
12:42:04 | t=150 | TRAIN | module=reward_net | trigger=warmup(<= 240)
    optimize: epochs=20 | steps=20 | batch_size=150 | replay=balanced_problem_arm | history=150 | lr=0.001
    loss: avg=0.103993 | min=0.088497 | max=0.118958 | last=0.102698
    state: U_norm=1953.5988 | U_mean=1.003770 | U_min=1.000000 | U_max=783.373596
12:42:12 | epoch=1 | TRAIN[150] | CVRP | select arm=3(icam) | reason=warm_start
     0(lehd            ): pulls=  10 | mean=+0.4705 | bonus=0.4701 | score=+0.9406 | raw=+0.9406 | p_mean_reward=0.8000
     1(elg             ): pulls=  10 | mean=+0.4705 | bonus=0.4701 | score=+0.9406 | raw=+0.9406 | p_mean_reward=0.8143
     2(invit           ): pulls=  10 | mean=+0.4705 | bonus=0.4701 | score=+0.9406 | raw=+0.9406 | p_mean_reward=0.4286
     3(icam            ): pulls=   9 | mean=+0.4705 | bonus=0.4701 | score=+0.9406 | raw=+0.9406 | p_mean_reward=0.9048 <--
     4(dact            ): pulls=   9 | mean=+0.4705 | bonus=0.4701 | score=+0.9406 | raw=+0.9406 | p_mean_reward=0.1270
     5(lih             ): pulls=   9 | mean=+0.4705 | bonus=0.4701 | score=+0.9406 | raw=+0.9406 | p_mean_reward=0.2222
     6(udc             ): pulls=   9 | mean=+0.4705 | bonus=0.4701 | score=+0.9406 | raw=+0.9406 | p_mean_reward=0.0317
     7(omni            ): pulls=   9 | mean=+0.4705 | bonus=0.4701 | score=+0.9406 | raw=+0.9406 | p_mean_reward=0.5873
12:45:56 | t=151 | UPDATE | problem=CVRP | uid=cvrp:8685 | global_index=8685 | arm=3(icam)
    outcome: reward=1.0000 | selected_cost=15.6230 | best_cost=15.6230 | regret=0.0000
    result: record_global_index=8685 | name=None | aug_score=15.6230
    arm_stats: global_pulls=16 | problem_arm_pulls=10 | avg_reward=0.8925 | problem_arm_avg_reward=0.9143
    state: history=151 | U_norm=1954.9795 | U_mean=1.003781 | U_min=1.000000 | U_max=784.297485
12:45:56 | t=151 | TRAIN | module=reward_net | trigger=warmup(<= 240)
    optimize: epochs=20 | steps=20 | batch_size=151 | replay=balanced_problem_arm | history=151 | lr=0.001
    loss: avg=0.105896 | min=0.092032 | max=0.122445 | last=0.109050
    state: U_norm=1954.9795 | U_mean=1.003781 | U_min=1.000000 | U_max=784.297485
12:45:59 | epoch=1 | TRAIN[151] | TSP | select arm=11(glop) | reason=warm_start
     0(lehd            ): pulls=   6 | mean=+0.4716 | bonus=0.4720 | score=+0.9435 | raw=+0.9435 | p_mean_reward=0.8561
     1(elg             ): pulls=   6 | mean=+0.4716 | bonus=0.4720 | score=+0.9436 | raw=+0.9436 | p_mean_reward=0.7121
     2(invit           ): pulls=   6 | mean=+0.4716 | bonus=0.4720 | score=+0.9435 | raw=+0.9435 | p_mean_reward=0.5303
     3(icam            ): pulls=   6 | mean=+0.4716 | bonus=0.4720 | score=+0.9436 | raw=+0.9436 | p_mean_reward=0.8561
     4(dact            ): pulls=   6 | mean=+0.4716 | bonus=0.4720 | score=+0.9436 | raw=+0.9436 | p_mean_reward=0.1818
     5(lih             ): pulls=   6 | mean=+0.4716 | bonus=0.4720 | score=+0.9435 | raw=+0.9435 | p_mean_reward=0.0000
     6(udc             ): pulls=   6 | mean=+0.4716 | bonus=0.4720 | score=+0.9436 | raw=+0.9436 | p_mean_reward=0.1212
     7(omni            ): pulls=   6 | mean=+0.4716 | bonus=0.4720 | score=+0.9435 | raw=+0.9435 | p_mean_reward=0.5303
     8(pointerformer   ): pulls=   7 | mean=+0.4716 | bonus=0.4720 | score=+0.9436 | raw=+0.9436 | p_mean_reward=0.7987
     9(difusco         ): pulls=   7 | mean=+0.4716 | bonus=0.4720 | score=+0.9436 | raw=+0.9436 | p_mean_reward=0.8312
    10(t2t             ): pulls=   7 | mean=+0.4716 | bonus=0.4720 | score=+0.9435 | raw=+0.9435 | p_mean_reward=0.2857
    11(glop            ): pulls=   6 | mean=+0.4716 | bonus=0.4720 | score=+0.9436 | raw=+0.9436 | p_mean_reward=0.3636 <--
12:49:50 | t=152 | UPDATE | problem=TSP | uid=tsp:4781 | global_index=4781 | arm=11(glop)
    outcome: reward=0.3636 | selected_cost=8.8484 | best_cost=7.9201 | regret=0.9283
    result: record_global_index=4781 | name=None | aug_score=8.8484
    arm_stats: global_pulls=7 | problem_arm_pulls=7 | avg_reward=0.3636 | problem_arm_avg_reward=0.3636
    state: history=152 | U_norm=1956.3569 | U_mean=1.003791 | U_min=1.000000 | U_max=785.212891
12:49:50 | t=152 | TRAIN | module=reward_net | trigger=warmup(<= 240)
    optimize: epochs=20 | steps=20 | batch_size=152 | replay=balanced_problem_arm | history=152 | lr=0.001
    loss: avg=0.104132 | min=0.088276 | max=0.121866 | last=0.100948
    state: U_norm=1956.3569 | U_mean=1.003791 | U_min=1.000000 | U_max=785.212891
12:49:51 | epoch=1 | TRAIN[152] | TSP | select arm=4(dact) | reason=warm_start
     0(lehd            ): pulls=   6 | mean=+0.4732 | bonus=0.4717 | score=+0.9449 | raw=+0.9449 | p_mean_reward=0.8561
     1(elg             ): pulls=   6 | mean=+0.4732 | bonus=0.4717 | score=+0.9449 | raw=+0.9449 | p_mean_reward=0.7121
     2(invit           ): pulls=   6 | mean=+0.4732 | bonus=0.4717 | score=+0.9449 | raw=+0.9449 | p_mean_reward=0.5303
     3(icam            ): pulls=   6 | mean=+0.4732 | bonus=0.4717 | score=+0.9449 | raw=+0.9449 | p_mean_reward=0.8561
     4(dact            ): pulls=   6 | mean=+0.4732 | bonus=0.4717 | score=+0.9449 | raw=+0.9449 | p_mean_reward=0.1818 <--
     5(lih             ): pulls=   6 | mean=+0.4732 | bonus=0.4717 | score=+0.9449 | raw=+0.9449 | p_mean_reward=0.0000
     6(udc             ): pulls=   6 | mean=+0.4732 | bonus=0.4717 | score=+0.9449 | raw=+0.9449 | p_mean_reward=0.1212
     7(omni            ): pulls=   6 | mean=+0.4732 | bonus=0.4717 | score=+0.9449 | raw=+0.9449 | p_mean_reward=0.5303
     8(pointerformer   ): pulls=   7 | mean=+0.4732 | bonus=0.4717 | score=+0.9449 | raw=+0.9449 | p_mean_reward=0.7987
     9(difusco         ): pulls=   7 | mean=+0.4732 | bonus=0.4718 | score=+0.9450 | raw=+0.9450 | p_mean_reward=0.8312
    10(t2t             ): pulls=   7 | mean=+0.4732 | bonus=0.4717 | score=+0.9449 | raw=+0.9449 | p_mean_reward=0.2857
    11(glop            ): pulls=   7 | mean=+0.4732 | bonus=0.4717 | score=+0.9449 | raw=+0.9449 | p_mean_reward=0.3636
12:53:21 | t=153 | UPDATE | problem=TSP | uid=tsp:6307 | global_index=6307 | arm=4(dact)
    outcome: reward=0.0909 | selected_cost=10.9435 | best_cost=7.8954 | regret=3.0481
    result: record_global_index=6307 | name=None | aug_score=10.9435
    arm_stats: global_pulls=16 | problem_arm_pulls=7 | avg_reward=0.1453 | problem_arm_avg_reward=0.1688
    state: history=153 | U_norm=1957.7458 | U_mean=1.003801 | U_min=1.000000 | U_max=786.132935
12:53:21 | t=153 | TRAIN | module=reward_net | trigger=warmup(<= 240)
    optimize: epochs=20 | steps=20 | batch_size=153 | replay=balanced_problem_arm | history=153 | lr=0.001
    loss: avg=0.103167 | min=0.089288 | max=0.115316 | last=0.101033
    state: U_norm=1957.7458 | U_mean=1.003801 | U_min=1.000000 | U_max=786.132935
12:53:23 | epoch=1 | TRAIN[153] | TSP | select arm=5(lih) | reason=warm_start
     0(lehd            ): pulls=   6 | mean=+0.4641 | bonus=0.4592 | score=+0.9233 | raw=+0.9233 | p_mean_reward=0.8561
     1(elg             ): pulls=   6 | mean=+0.4641 | bonus=0.4592 | score=+0.9233 | raw=+0.9233 | p_mean_reward=0.7121
     2(invit           ): pulls=   6 | mean=+0.4640 | bonus=0.4592 | score=+0.9233 | raw=+0.9233 | p_mean_reward=0.5303
     3(icam            ): pulls=   6 | mean=+0.4641 | bonus=0.4592 | score=+0.9233 | raw=+0.9233 | p_mean_reward=0.8561
     4(dact            ): pulls=   7 | mean=+0.4641 | bonus=0.4592 | score=+0.9233 | raw=+0.9233 | p_mean_reward=0.1688
     5(lih             ): pulls=   6 | mean=+0.4641 | bonus=0.4592 | score=+0.9233 | raw=+0.9233 | p_mean_reward=0.0000 <--
     6(udc             ): pulls=   6 | mean=+0.4641 | bonus=0.4592 | score=+0.9233 | raw=+0.9233 | p_mean_reward=0.1212
     7(omni            ): pulls=   6 | mean=+0.4641 | bonus=0.4592 | score=+0.9233 | raw=+0.9233 | p_mean_reward=0.5303
     8(pointerformer   ): pulls=   7 | mean=+0.4641 | bonus=0.4592 | score=+0.9233 | raw=+0.9233 | p_mean_reward=0.7987
     9(difusco         ): pulls=   7 | mean=+0.4641 | bonus=0.4593 | score=+0.9233 | raw=+0.9233 | p_mean_reward=0.8312
    10(t2t             ): pulls=   7 | mean=+0.4641 | bonus=0.4592 | score=+0.9233 | raw=+0.9233 | p_mean_reward=0.2857
    11(glop            ): pulls=   7 | mean=+0.4641 | bonus=0.4592 | score=+0.9233 | raw=+0.9233 | p_mean_reward=0.3636
12:57:32 | t=154 | UPDATE | problem=TSP | uid=tsp:5769 | global_index=5769 | arm=5(lih)
    outcome: reward=0.0000 | selected_cost=50.9255 | best_cost=7.9899 | regret=42.9356
    result: record_global_index=5769 | name=None | aug_score=50.9255
    arm_stats: global_pulls=16 | problem_arm_pulls=7 | avg_reward=0.1250 | problem_arm_avg_reward=0.0000
    state: history=154 | U_norm=1959.1038 | U_mean=1.003811 | U_min=1.000000 | U_max=787.030579
12:57:32 | t=154 | TRAIN | module=reward_net | trigger=warmup(<= 240)
    optimize: epochs=20 | steps=20 | batch_size=154 | replay=balanced_problem_arm | history=154 | lr=0.001
    loss: avg=0.103504 | min=0.086416 | max=0.121068 | last=0.101736
    state: U_norm=1959.1038 | U_mean=1.003811 | U_min=1.000000 | U_max=787.030579
12:57:39 | epoch=1 | TRAIN[154] | CVRP | select arm=6(udc) | reason=warm_start
     0(lehd            ): pulls=  10 | mean=+0.4696 | bonus=0.4630 | score=+0.9325 | raw=+0.9325 | p_mean_reward=0.8000
     1(elg             ): pulls=  10 | mean=+0.4696 | bonus=0.4630 | score=+0.9325 | raw=+0.9325 | p_mean_reward=0.8143
     2(invit           ): pulls=  10 | mean=+0.4696 | bonus=0.4630 | score=+0.9325 | raw=+0.9325 | p_mean_reward=0.4286
     3(icam            ): pulls=  10 | mean=+0.4696 | bonus=0.4630 | score=+0.9326 | raw=+0.9326 | p_mean_reward=0.9143
     4(dact            ): pulls=   9 | mean=+0.4696 | bonus=0.4630 | score=+0.9326 | raw=+0.9326 | p_mean_reward=0.1270
     5(lih             ): pulls=   9 | mean=+0.4696 | bonus=0.4630 | score=+0.9325 | raw=+0.9325 | p_mean_reward=0.2222
     6(udc             ): pulls=   9 | mean=+0.4696 | bonus=0.4630 | score=+0.9325 | raw=+0.9325 | p_mean_reward=0.0317 <--
     7(omni            ): pulls=   9 | mean=+0.4696 | bonus=0.4630 | score=+0.9325 | raw=+0.9325 | p_mean_reward=0.5873
13:01:08 | t=155 | UPDATE | problem=CVRP | uid=cvrp:9609 | global_index=9609 | arm=6(udc)
    outcome: reward=0.1429 | selected_cost=18.4654 | best_cost=13.2302 | regret=5.2352
    result: record_global_index=9609 | name=None | aug_score=18.4654
    arm_stats: global_pulls=16 | problem_arm_pulls=10 | avg_reward=0.0722 | problem_arm_avg_reward=0.0429
    state: history=155 | U_norm=1960.5010 | U_mean=1.003822 | U_min=1.000000 | U_max=787.953430
13:01:08 | t=155 | TRAIN | module=reward_net | trigger=warmup(<= 240)
    optimize: epochs=20 | steps=20 | batch_size=155 | replay=balanced_problem_arm | history=155 | lr=0.001
    loss: avg=0.102724 | min=0.090079 | max=0.111020 | last=0.096296
    state: U_norm=1960.5010 | U_mean=1.003822 | U_min=1.000000 | U_max=787.953430
13:01:09 | epoch=1 | TRAIN[155] | TSP | select arm=7(omni) | reason=warm_start
     0(lehd            ): pulls=   6 | mean=+0.4735 | bonus=0.4691 | score=+0.9426 | raw=+0.9426 | p_mean_reward=0.8561
     1(elg             ): pulls=   6 | mean=+0.4736 | bonus=0.4691 | score=+0.9426 | raw=+0.9426 | p_mean_reward=0.7121
     2(invit           ): pulls=   6 | mean=+0.4735 | bonus=0.4691 | score=+0.9426 | raw=+0.9426 | p_mean_reward=0.5303
     3(icam            ): pulls=   6 | mean=+0.4736 | bonus=0.4691 | score=+0.9427 | raw=+0.9427 | p_mean_reward=0.8561
     4(dact            ): pulls=   7 | mean=+0.4736 | bonus=0.4691 | score=+0.9426 | raw=+0.9426 | p_mean_reward=0.1688
     5(lih             ): pulls=   7 | mean=+0.4735 | bonus=0.4691 | score=+0.9426 | raw=+0.9426 | p_mean_reward=0.0000
     6(udc             ): pulls=   6 | mean=+0.4736 | bonus=0.4691 | score=+0.9426 | raw=+0.9426 | p_mean_reward=0.1212
     7(omni            ): pulls=   6 | mean=+0.4735 | bonus=0.4691 | score=+0.9426 | raw=+0.9426 | p_mean_reward=0.5303 <--
     8(pointerformer   ): pulls=   7 | mean=+0.4736 | bonus=0.4691 | score=+0.9427 | raw=+0.9427 | p_mean_reward=0.7987
     9(difusco         ): pulls=   7 | mean=+0.4736 | bonus=0.4691 | score=+0.9427 | raw=+0.9427 | p_mean_reward=0.8312
    10(t2t             ): pulls=   7 | mean=+0.4735 | bonus=0.4691 | score=+0.9426 | raw=+0.9426 | p_mean_reward=0.2857
    11(glop            ): pulls=   7 | mean=+0.4736 | bonus=0.4691 | score=+0.9426 | raw=+0.9426 | p_mean_reward=0.3636
13:04:13 | t=156 | UPDATE | problem=TSP | uid=tsp:5705 | global_index=5705 | arm=7(omni)
    outcome: reward=0.5455 | selected_cost=8.0522 | best_cost=7.9817 | regret=0.0706
    result: record_global_index=5705 | name=None | aug_score=8.0522
    arm_stats: global_pulls=16 | problem_arm_pulls=7 | avg_reward=0.5633 | problem_arm_avg_reward=0.5325
    state: history=156 | U_norm=1961.9056 | U_mean=1.003832 | U_min=1.000000 | U_max=788.873718
13:04:13 | t=156 | TRAIN | module=reward_net | trigger=warmup(<= 240)
    optimize: epochs=20 | steps=20 | batch_size=156 | replay=balanced_problem_arm | history=156 | lr=0.001
    loss: avg=0.100644 | min=0.089054 | max=0.112874 | last=0.097570
    state: U_norm=1961.9056 | U_mean=1.003832 | U_min=1.000000 | U_max=788.873718
13:04:19 | epoch=1 | TRAIN[156] | CVRP | select arm=4(dact) | reason=warm_start
     0(lehd            ): pulls=  10 | mean=+0.4736 | bonus=0.4634 | score=+0.9370 | raw=+0.9370 | p_mean_reward=0.8000
     1(elg             ): pulls=  10 | mean=+0.4736 | bonus=0.4634 | score=+0.9370 | raw=+0.9370 | p_mean_reward=0.8143
     2(invit           ): pulls=  10 | mean=+0.4736 | bonus=0.4634 | score=+0.9370 | raw=+0.9370 | p_mean_reward=0.4286
     3(icam            ): pulls=  10 | mean=+0.4736 | bonus=0.4634 | score=+0.9370 | raw=+0.9370 | p_mean_reward=0.9143
     4(dact            ): pulls=   9 | mean=+0.4736 | bonus=0.4634 | score=+0.9370 | raw=+0.9370 | p_mean_reward=0.1270 <--
     5(lih             ): pulls=   9 | mean=+0.4736 | bonus=0.4634 | score=+0.9370 | raw=+0.9370 | p_mean_reward=0.2222
     6(udc             ): pulls=  10 | mean=+0.4736 | bonus=0.4634 | score=+0.9370 | raw=+0.9370 | p_mean_reward=0.0429
     7(omni            ): pulls=   9 | mean=+0.4736 | bonus=0.4634 | score=+0.9370 | raw=+0.9370 | p_mean_reward=0.5873
13:07:58 | t=157 | UPDATE | problem=CVRP | uid=cvrp:7753 | global_index=7753 | arm=4(dact)
    outcome: reward=0.2857 | selected_cost=19.1169 | best_cost=15.5921 | regret=3.5248
    result: record_global_index=7753 | name=None | aug_score=19.1169
    arm_stats: global_pulls=17 | problem_arm_pulls=10 | avg_reward=0.1536 | problem_arm_avg_reward=0.1429
    state: history=157 | U_norm=1963.3295 | U_mean=1.003843 | U_min=1.000000 | U_max=789.807617
13:07:58 | t=157 | TRAIN | module=reward_net | trigger=warmup(<= 240)
    optimize: epochs=20 | steps=20 | batch_size=157 | replay=balanced_problem_arm | history=157 | lr=0.001
    loss: avg=0.102195 | min=0.089394 | max=0.114047 | last=0.109522
    state: U_norm=1963.3295 | U_mean=1.003843 | U_min=1.000000 | U_max=789.807617
13:08:05 | epoch=1 | TRAIN[157] | CVRP | select arm=5(lih) | reason=warm_start
     0(lehd            ): pulls=  10 | mean=+0.4813 | bonus=0.4677 | score=+0.9489 | raw=+0.9489 | p_mean_reward=0.8000
     1(elg             ): pulls=  10 | mean=+0.4813 | bonus=0.4677 | score=+0.9489 | raw=+0.9489 | p_mean_reward=0.8143
     2(invit           ): pulls=  10 | mean=+0.4813 | bonus=0.4677 | score=+0.9489 | raw=+0.9489 | p_mean_reward=0.4286
     3(icam            ): pulls=  10 | mean=+0.4813 | bonus=0.4677 | score=+0.9490 | raw=+0.9490 | p_mean_reward=0.9143
     4(dact            ): pulls=  10 | mean=+0.4813 | bonus=0.4677 | score=+0.9490 | raw=+0.9490 | p_mean_reward=0.1429
     5(lih             ): pulls=   9 | mean=+0.4813 | bonus=0.4677 | score=+0.9489 | raw=+0.9489 | p_mean_reward=0.2222 <--
     6(udc             ): pulls=  10 | mean=+0.4813 | bonus=0.4677 | score=+0.9489 | raw=+0.9489 | p_mean_reward=0.0429
     7(omni            ): pulls=   9 | mean=+0.4813 | bonus=0.4677 | score=+0.9489 | raw=+0.9489 | p_mean_reward=0.5873
13:11:24 | t=158 | UPDATE | problem=CVRP | uid=cvrp:2875 | global_index=2875 | arm=5(lih)
    outcome: reward=0.2857 | selected_cost=19.7717 | best_cost=14.6204 | regret=5.1512
    result: record_global_index=2875 | name=None | aug_score=19.7717
    arm_stats: global_pulls=17 | problem_arm_pulls=10 | avg_reward=0.1345 | problem_arm_avg_reward=0.2286
    state: history=158 | U_norm=1964.7928 | U_mean=1.003853 | U_min=1.000000 | U_max=790.764709
13:11:24 | t=158 | TRAIN | module=reward_net | trigger=warmup(<= 240)
    optimize: epochs=20 | steps=20 | batch_size=158 | replay=balanced_problem_arm | history=158 | lr=0.001
    loss: avg=0.103008 | min=0.090840 | max=0.118527 | last=0.104884
    state: U_norm=1964.7928 | U_mean=1.003853 | U_min=1.000000 | U_max=790.764709
13:11:30 | epoch=1 | TRAIN[158] | CVRP | select arm=7(omni) | reason=warm_start
     0(lehd            ): pulls=  10 | mean=+0.4773 | bonus=0.4643 | score=+0.9416 | raw=+0.9416 | p_mean_reward=0.8000
     1(elg             ): pulls=  10 | mean=+0.4773 | bonus=0.4643 | score=+0.9416 | raw=+0.9416 | p_mean_reward=0.8143
     2(invit           ): pulls=  10 | mean=+0.4773 | bonus=0.4643 | score=+0.9416 | raw=+0.9416 | p_mean_reward=0.4286
     3(icam            ): pulls=  10 | mean=+0.4773 | bonus=0.4644 | score=+0.9417 | raw=+0.9417 | p_mean_reward=0.9143
     4(dact            ): pulls=  10 | mean=+0.4773 | bonus=0.4644 | score=+0.9417 | raw=+0.9417 | p_mean_reward=0.1429
     5(lih             ): pulls=  10 | mean=+0.4773 | bonus=0.4643 | score=+0.9416 | raw=+0.9416 | p_mean_reward=0.2286
     6(udc             ): pulls=  10 | mean=+0.4773 | bonus=0.4644 | score=+0.9416 | raw=+0.9416 | p_mean_reward=0.0429
     7(omni            ): pulls=   9 | mean=+0.4773 | bonus=0.4643 | score=+0.9416 | raw=+0.9416 | p_mean_reward=0.5873 <--
13:15:07 | t=159 | UPDATE | problem=CVRP | uid=cvrp:4061 | global_index=4061 | arm=7(omni)
    outcome: reward=0.7143 | selected_cost=14.6940 | best_cost=14.6627 | regret=0.0313
    result: record_global_index=4061 | name=None | aug_score=14.6940
    arm_stats: global_pulls=17 | problem_arm_pulls=10 | avg_reward=0.5722 | problem_arm_avg_reward=0.6000
    state: history=159 | U_norm=1966.2424 | U_mean=1.003864 | U_min=1.000000 | U_max=791.708069
13:15:07 | t=159 | TRAIN | module=reward_net | trigger=warmup(<= 240)
    optimize: epochs=20 | steps=20 | batch_size=159 | replay=balanced_problem_arm | history=159 | lr=0.001
    loss: avg=0.100491 | min=0.081857 | max=0.115632 | last=0.087970
    state: U_norm=1966.2424 | U_mean=1.003864 | U_min=1.000000 | U_max=791.708069
13:15:12 | epoch=1 | TRAIN[159] | TSP | select arm=0(lehd) | reason=warm_start
     0(lehd            ): pulls=   6 | mean=+0.4776 | bonus=0.4603 | score=+0.9379 | raw=+0.9379 | p_mean_reward=0.8561 <--
     1(elg             ): pulls=   6 | mean=+0.4776 | bonus=0.4603 | score=+0.9379 | raw=+0.9379 | p_mean_reward=0.7121
     2(invit           ): pulls=   6 | mean=+0.4775 | bonus=0.4603 | score=+0.9379 | raw=+0.9379 | p_mean_reward=0.5303
     3(icam            ): pulls=   6 | mean=+0.4776 | bonus=0.4604 | score=+0.9379 | raw=+0.9379 | p_mean_reward=0.8561
     4(dact            ): pulls=   7 | mean=+0.4776 | bonus=0.4604 | score=+0.9379 | raw=+0.9379 | p_mean_reward=0.1688
     5(lih             ): pulls=   7 | mean=+0.4776 | bonus=0.4603 | score=+0.9379 | raw=+0.9379 | p_mean_reward=0.0000
     6(udc             ): pulls=   6 | mean=+0.4776 | bonus=0.4603 | score=+0.9379 | raw=+0.9379 | p_mean_reward=0.1212
     7(omni            ): pulls=   7 | mean=+0.4776 | bonus=0.4603 | score=+0.9379 | raw=+0.9379 | p_mean_reward=0.5325
     8(pointerformer   ): pulls=   7 | mean=+0.4776 | bonus=0.4604 | score=+0.9379 | raw=+0.9379 | p_mean_reward=0.7987
     9(difusco         ): pulls=   7 | mean=+0.4776 | bonus=0.4604 | score=+0.9379 | raw=+0.9379 | p_mean_reward=0.8312
    10(t2t             ): pulls=   7 | mean=+0.4776 | bonus=0.4603 | score=+0.9379 | raw=+0.9379 | p_mean_reward=0.2857
    11(glop            ): pulls=   7 | mean=+0.4776 | bonus=0.4604 | score=+0.9379 | raw=+0.9379 | p_mean_reward=0.3636
13:18:59 | t=160 | UPDATE | problem=TSP | uid=tsp:2637 | global_index=2637 | arm=0(lehd)
    outcome: reward=1.0000 | selected_cost=7.4386 | best_cost=7.4386 | regret=0.0000
    result: record_global_index=2637 | name=None | aug_score=7.4386
    arm_stats: global_pulls=17 | problem_arm_pulls=7 | avg_reward=0.8316 | problem_arm_avg_reward=0.8766
    state: history=160 | U_norm=1967.6896 | U_mean=1.003874 | U_min=1.000000 | U_max=792.647095
13:18:59 | t=160 | TRAIN | module=reward_net | trigger=warmup(<= 240)
    optimize: epochs=20 | steps=20 | batch_size=160 | replay=balanced_problem_arm | history=160 | lr=0.001
    loss: avg=0.104600 | min=0.097793 | max=0.114493 | last=0.108866
    state: U_norm=1967.6896 | U_mean=1.003874 | U_min=1.000000 | U_max=792.647095
13:19:00 | VAL[0] | CVRP | select arm=1(elg) | reason=warm_start
     0(lehd            ): pulls=  10 | mean=+0.4757 | bonus=None | score=+0.4757 | raw=+0.4757 | p_mean_reward=0.8000
     1(elg             ): pulls=  10 | mean=+0.4757 | bonus=None | score=+0.4757 | raw=+0.4757 | p_mean_reward=0.8143 <--
     2(invit           ): pulls=  10 | mean=+0.4757 | bonus=None | score=+0.4757 | raw=+0.4757 | p_mean_reward=0.4286
     3(icam            ): pulls=  10 | mean=+0.4757 | bonus=None | score=+0.4757 | raw=+0.4757 | p_mean_reward=0.9143
     4(dact            ): pulls=  10 | mean=+0.4757 | bonus=None | score=+0.4757 | raw=+0.4757 | p_mean_reward=0.1429
     5(lih             ): pulls=  10 | mean=+0.4757 | bonus=None | score=+0.4757 | raw=+0.4757 | p_mean_reward=0.2286
     6(udc             ): pulls=  10 | mean=+0.4757 | bonus=None | score=+0.4757 | raw=+0.4757 | p_mean_reward=0.0429
     7(omni            ): pulls=  10 | mean=+0.4757 | bonus=None | score=+0.4757 | raw=+0.4757 | p_mean_reward=0.6000
13:19:00 | VAL[1] | CVRP | select arm=1(elg) | reason=warm_start
     0(lehd            ): pulls=  10 | mean=+0.4770 | bonus=None | score=+0.4770 | raw=+0.4770 | p_mean_reward=0.8000
     1(elg             ): pulls=  10 | mean=+0.4770 | bonus=None | score=+0.4770 | raw=+0.4770 | p_mean_reward=0.8143 <--
     2(invit           ): pulls=  10 | mean=+0.4770 | bonus=None | score=+0.4770 | raw=+0.4770 | p_mean_reward=0.4286
     3(icam            ): pulls=  10 | mean=+0.4770 | bonus=None | score=+0.4770 | raw=+0.4770 | p_mean_reward=0.9143
     4(dact            ): pulls=  10 | mean=+0.4770 | bonus=None | score=+0.4770 | raw=+0.4770 | p_mean_reward=0.1429
     5(lih             ): pulls=  10 | mean=+0.4770 | bonus=None | score=+0.4770 | raw=+0.4770 | p_mean_reward=0.2286
     6(udc             ): pulls=  10 | mean=+0.4770 | bonus=None | score=+0.4770 | raw=+0.4770 | p_mean_reward=0.0429
     7(omni            ): pulls=  10 | mean=+0.4770 | bonus=None | score=+0.4770 | raw=+0.4770 | p_mean_reward=0.6000
13:19:01 | VAL[2] | CVRP | select arm=1(elg) | reason=warm_start
     0(lehd            ): pulls=  10 | mean=+0.4774 | bonus=None | score=+0.4774 | raw=+0.4774 | p_mean_reward=0.8000
     1(elg             ): pulls=  10 | mean=+0.4774 | bonus=None | score=+0.4774 | raw=+0.4774 | p_mean_reward=0.8143 <--
     2(invit           ): pulls=  10 | mean=+0.4774 | bonus=None | score=+0.4774 | raw=+0.4774 | p_mean_reward=0.4286
     3(icam            ): pulls=  10 | mean=+0.4774 | bonus=None | score=+0.4774 | raw=+0.4774 | p_mean_reward=0.9143
     4(dact            ): pulls=  10 | mean=+0.4774 | bonus=None | score=+0.4774 | raw=+0.4774 | p_mean_reward=0.1429
     5(lih             ): pulls=  10 | mean=+0.4774 | bonus=None | score=+0.4774 | raw=+0.4774 | p_mean_reward=0.2286
     6(udc             ): pulls=  10 | mean=+0.4774 | bonus=None | score=+0.4774 | raw=+0.4774 | p_mean_reward=0.0429
     7(omni            ): pulls=  10 | mean=+0.4774 | bonus=None | score=+0.4774 | raw=+0.4774 | p_mean_reward=0.6000
13:19:01 | VAL[3] | CVRP | select arm=1(elg) | reason=warm_start
     0(lehd            ): pulls=  10 | mean=+0.4757 | bonus=None | score=+0.4757 | raw=+0.4757 | p_mean_reward=0.8000
     1(elg             ): pulls=  10 | mean=+0.4757 | bonus=None | score=+0.4757 | raw=+0.4757 | p_mean_reward=0.8143 <--
     2(invit           ): pulls=  10 | mean=+0.4757 | bonus=None | score=+0.4757 | raw=+0.4757 | p_mean_reward=0.4286
     3(icam            ): pulls=  10 | mean=+0.4757 | bonus=None | score=+0.4757 | raw=+0.4757 | p_mean_reward=0.9143
     4(dact            ): pulls=  10 | mean=+0.4757 | bonus=None | score=+0.4757 | raw=+0.4757 | p_mean_reward=0.1429
     5(lih             ): pulls=  10 | mean=+0.4757 | bonus=None | score=+0.4757 | raw=+0.4757 | p_mean_reward=0.2286
     6(udc             ): pulls=  10 | mean=+0.4757 | bonus=None | score=+0.4757 | raw=+0.4757 | p_mean_reward=0.0429
     7(omni            ): pulls=  10 | mean=+0.4757 | bonus=None | score=+0.4757 | raw=+0.4757 | p_mean_reward=0.6000
13:19:02 | VAL[4] | CVRP | select arm=1(elg) | reason=warm_start
     0(lehd            ): pulls=  10 | mean=+0.4778 | bonus=None | score=+0.4778 | raw=+0.4778 | p_mean_reward=0.8000
     1(elg             ): pulls=  10 | mean=+0.4778 | bonus=None | score=+0.4778 | raw=+0.4778 | p_mean_reward=0.8143 <--
     2(invit           ): pulls=  10 | mean=+0.4778 | bonus=None | score=+0.4778 | raw=+0.4778 | p_mean_reward=0.4286
     3(icam            ): pulls=  10 | mean=+0.4778 | bonus=None | score=+0.4778 | raw=+0.4778 | p_mean_reward=0.9143
     4(dact            ): pulls=  10 | mean=+0.4778 | bonus=None | score=+0.4778 | raw=+0.4778 | p_mean_reward=0.1429
     5(lih             ): pulls=  10 | mean=+0.4778 | bonus=None | score=+0.4778 | raw=+0.4778 | p_mean_reward=0.2286
     6(udc             ): pulls=  10 | mean=+0.4778 | bonus=None | score=+0.4778 | raw=+0.4778 | p_mean_reward=0.0429
     7(omni            ): pulls=  10 | mean=+0.4778 | bonus=None | score=+0.4778 | raw=+0.4778 | p_mean_reward=0.6000
13:19:02 | VAL[5] | CVRP | select arm=1(elg) | reason=warm_start
     0(lehd            ): pulls=  10 | mean=+0.4782 | bonus=None | score=+0.4782 | raw=+0.4782 | p_mean_reward=0.8000
     1(elg             ): pulls=  10 | mean=+0.4782 | bonus=None | score=+0.4782 | raw=+0.4782 | p_mean_reward=0.8143 <--
     2(invit           ): pulls=  10 | mean=+0.4782 | bonus=None | score=+0.4782 | raw=+0.4782 | p_mean_reward=0.4286
     3(icam            ): pulls=  10 | mean=+0.4782 | bonus=None | score=+0.4782 | raw=+0.4782 | p_mean_reward=0.9143
     4(dact            ): pulls=  10 | mean=+0.4782 | bonus=None | score=+0.4782 | raw=+0.4782 | p_mean_reward=0.1429
     5(lih             ): pulls=  10 | mean=+0.4782 | bonus=None | score=+0.4782 | raw=+0.4782 | p_mean_reward=0.2286
     6(udc             ): pulls=  10 | mean=+0.4782 | bonus=None | score=+0.4782 | raw=+0.4782 | p_mean_reward=0.0429
     7(omni            ): pulls=  10 | mean=+0.4782 | bonus=None | score=+0.4782 | raw=+0.4782 | p_mean_reward=0.6000
13:19:03 | VAL[6] | CVRP | select arm=1(elg) | reason=warm_start
     0(lehd            ): pulls=  10 | mean=+0.4778 | bonus=None | score=+0.4778 | raw=+0.4778 | p_mean_reward=0.8000
     1(elg             ): pulls=  10 | mean=+0.4778 | bonus=None | score=+0.4778 | raw=+0.4778 | p_mean_reward=0.8143 <--
     2(invit           ): pulls=  10 | mean=+0.4778 | bonus=None | score=+0.4778 | raw=+0.4778 | p_mean_reward=0.4286
     3(icam            ): pulls=  10 | mean=+0.4778 | bonus=None | score=+0.4778 | raw=+0.4778 | p_mean_reward=0.9143
     4(dact            ): pulls=  10 | mean=+0.4778 | bonus=None | score=+0.4778 | raw=+0.4778 | p_mean_reward=0.1429
     5(lih             ): pulls=  10 | mean=+0.4778 | bonus=None | score=+0.4778 | raw=+0.4778 | p_mean_reward=0.2286
     6(udc             ): pulls=  10 | mean=+0.4778 | bonus=None | score=+0.4778 | raw=+0.4778 | p_mean_reward=0.0429
     7(omni            ): pulls=  10 | mean=+0.4778 | bonus=None | score=+0.4778 | raw=+0.4778 | p_mean_reward=0.6000
13:19:04 | VAL[7] | CVRP | select arm=1(elg) | reason=warm_start
     0(lehd            ): pulls=  10 | mean=+0.4761 | bonus=None | score=+0.4761 | raw=+0.4761 | p_mean_reward=0.8000
     1(elg             ): pulls=  10 | mean=+0.4761 | bonus=None | score=+0.4761 | raw=+0.4761 | p_mean_reward=0.8143 <--
     2(invit           ): pulls=  10 | mean=+0.4761 | bonus=None | score=+0.4761 | raw=+0.4761 | p_mean_reward=0.4286
     3(icam            ): pulls=  10 | mean=+0.4761 | bonus=None | score=+0.4761 | raw=+0.4761 | p_mean_reward=0.9143
     4(dact            ): pulls=  10 | mean=+0.4761 | bonus=None | score=+0.4761 | raw=+0.4761 | p_mean_reward=0.1429
     5(lih             ): pulls=  10 | mean=+0.4761 | bonus=None | score=+0.4761 | raw=+0.4761 | p_mean_reward=0.2286
     6(udc             ): pulls=  10 | mean=+0.4761 | bonus=None | score=+0.4761 | raw=+0.4761 | p_mean_reward=0.0429
     7(omni            ): pulls=  10 | mean=+0.4761 | bonus=None | score=+0.4761 | raw=+0.4761 | p_mean_reward=0.6000
13:19:04 | VAL[8] | CVRP | select arm=1(elg) | reason=warm_start
     0(lehd            ): pulls=  10 | mean=+0.4799 | bonus=None | score=+0.4799 | raw=+0.4799 | p_mean_reward=0.8000
     1(elg             ): pulls=  10 | mean=+0.4799 | bonus=None | score=+0.4799 | raw=+0.4799 | p_mean_reward=0.8143 <--
     2(invit           ): pulls=  10 | mean=+0.4799 | bonus=None | score=+0.4799 | raw=+0.4799 | p_mean_reward=0.4286
     3(icam            ): pulls=  10 | mean=+0.4799 | bonus=None | score=+0.4799 | raw=+0.4799 | p_mean_reward=0.9143
     4(dact            ): pulls=  10 | mean=+0.4799 | bonus=None | score=+0.4799 | raw=+0.4799 | p_mean_reward=0.1429
     5(lih             ): pulls=  10 | mean=+0.4799 | bonus=None | score=+0.4799 | raw=+0.4799 | p_mean_reward=0.2286
     6(udc             ): pulls=  10 | mean=+0.4799 | bonus=None | score=+0.4799 | raw=+0.4799 | p_mean_reward=0.0429
     7(omni            ): pulls=  10 | mean=+0.4799 | bonus=None | score=+0.4799 | raw=+0.4799 | p_mean_reward=0.6000
13:19:05 | VAL[9] | CVRP | select arm=1(elg) | reason=warm_start
     0(lehd            ): pulls=  10 | mean=+0.4761 | bonus=None | score=+0.4761 | raw=+0.4761 | p_mean_reward=0.8000
     1(elg             ): pulls=  10 | mean=+0.4761 | bonus=None | score=+0.4761 | raw=+0.4761 | p_mean_reward=0.8143 <--
     2(invit           ): pulls=  10 | mean=+0.4761 | bonus=None | score=+0.4761 | raw=+0.4761 | p_mean_reward=0.4286
     3(icam            ): pulls=  10 | mean=+0.4761 | bonus=None | score=+0.4761 | raw=+0.4761 | p_mean_reward=0.9143
     4(dact            ): pulls=  10 | mean=+0.4761 | bonus=None | score=+0.4761 | raw=+0.4761 | p_mean_reward=0.1429
     5(lih             ): pulls=  10 | mean=+0.4761 | bonus=None | score=+0.4761 | raw=+0.4761 | p_mean_reward=0.2286
     6(udc             ): pulls=  10 | mean=+0.4761 | bonus=None | score=+0.4761 | raw=+0.4761 | p_mean_reward=0.0429
     7(omni            ): pulls=  10 | mean=+0.4761 | bonus=None | score=+0.4761 | raw=+0.4761 | p_mean_reward=0.6000
13:19:05 | VAL[10] | TSP | select arm=1(elg) | reason=warm_start
     0(lehd            ): pulls=   7 | mean=+0.4725 | bonus=None | score=+0.4725 | raw=+0.4725 | p_mean_reward=0.8766
     1(elg             ): pulls=   6 | mean=+0.4725 | bonus=None | score=+0.4725 | raw=+0.4725 | p_mean_reward=0.7121 <--
     2(invit           ): pulls=   6 | mean=+0.4725 | bonus=None | score=+0.4725 | raw=+0.4725 | p_mean_reward=0.5303
     3(icam            ): pulls=   6 | mean=+0.4726 | bonus=None | score=+0.4726 | raw=+0.4726 | p_mean_reward=0.8561
     4(dact            ): pulls=   7 | mean=+0.4725 | bonus=None | score=+0.4725 | raw=+0.4725 | p_mean_reward=0.1688
     5(lih             ): pulls=   7 | mean=+0.4725 | bonus=None | score=+0.4725 | raw=+0.4725 | p_mean_reward=0.0000
     6(udc             ): pulls=   6 | mean=+0.4725 | bonus=None | score=+0.4725 | raw=+0.4725 | p_mean_reward=0.1212
     7(omni            ): pulls=   7 | mean=+0.4725 | bonus=None | score=+0.4725 | raw=+0.4725 | p_mean_reward=0.5325
     8(pointerformer   ): pulls=   7 | mean=+0.4726 | bonus=None | score=+0.4726 | raw=+0.4726 | p_mean_reward=0.7987
     9(difusco         ): pulls=   7 | mean=+0.4726 | bonus=None | score=+0.4726 | raw=+0.4726 | p_mean_reward=0.8312
    10(t2t             ): pulls=   7 | mean=+0.4725 | bonus=None | score=+0.4725 | raw=+0.4725 | p_mean_reward=0.2857
    11(glop            ): pulls=   7 | mean=+0.4725 | bonus=None | score=+0.4725 | raw=+0.4725 | p_mean_reward=0.3636
13:19:05 | VAL[11] | TSP | select arm=1(elg) | reason=warm_start
     0(lehd            ): pulls=   7 | mean=+0.4717 | bonus=None | score=+0.4717 | raw=+0.4717 | p_mean_reward=0.8766
     1(elg             ): pulls=   6 | mean=+0.4717 | bonus=None | score=+0.4717 | raw=+0.4717 | p_mean_reward=0.7121 <--
     2(invit           ): pulls=   6 | mean=+0.4717 | bonus=None | score=+0.4717 | raw=+0.4717 | p_mean_reward=0.5303
     3(icam            ): pulls=   6 | mean=+0.4717 | bonus=None | score=+0.4717 | raw=+0.4717 | p_mean_reward=0.8561
     4(dact            ): pulls=   7 | mean=+0.4717 | bonus=None | score=+0.4717 | raw=+0.4717 | p_mean_reward=0.1688
     5(lih             ): pulls=   7 | mean=+0.4717 | bonus=None | score=+0.4717 | raw=+0.4717 | p_mean_reward=0.0000
     6(udc             ): pulls=   6 | mean=+0.4717 | bonus=None | score=+0.4717 | raw=+0.4717 | p_mean_reward=0.1212
     7(omni            ): pulls=   7 | mean=+0.4717 | bonus=None | score=+0.4717 | raw=+0.4717 | p_mean_reward=0.5325
     8(pointerformer   ): pulls=   7 | mean=+0.4717 | bonus=None | score=+0.4717 | raw=+0.4717 | p_mean_reward=0.7987
     9(difusco         ): pulls=   7 | mean=+0.4717 | bonus=None | score=+0.4717 | raw=+0.4717 | p_mean_reward=0.8312
    10(t2t             ): pulls=   7 | mean=+0.4717 | bonus=None | score=+0.4717 | raw=+0.4717 | p_mean_reward=0.2857
    11(glop            ): pulls=   7 | mean=+0.4717 | bonus=None | score=+0.4717 | raw=+0.4717 | p_mean_reward=0.3636
13:19:05 | VAL[12] | TSP | select arm=1(elg) | reason=warm_start
     0(lehd            ): pulls=   7 | mean=+0.4721 | bonus=None | score=+0.4721 | raw=+0.4721 | p_mean_reward=0.8766
     1(elg             ): pulls=   6 | mean=+0.4721 | bonus=None | score=+0.4721 | raw=+0.4721 | p_mean_reward=0.7121 <--
     2(invit           ): pulls=   6 | mean=+0.4721 | bonus=None | score=+0.4721 | raw=+0.4721 | p_mean_reward=0.5303
     3(icam            ): pulls=   6 | mean=+0.4721 | bonus=None | score=+0.4721 | raw=+0.4721 | p_mean_reward=0.8561
     4(dact            ): pulls=   7 | mean=+0.4721 | bonus=None | score=+0.4721 | raw=+0.4721 | p_mean_reward=0.1688
     5(lih             ): pulls=   7 | mean=+0.4721 | bonus=None | score=+0.4721 | raw=+0.4721 | p_mean_reward=0.0000
     6(udc             ): pulls=   6 | mean=+0.4721 | bonus=None | score=+0.4721 | raw=+0.4721 | p_mean_reward=0.1212
     7(omni            ): pulls=   7 | mean=+0.4721 | bonus=None | score=+0.4721 | raw=+0.4721 | p_mean_reward=0.5325
     8(pointerformer   ): pulls=   7 | mean=+0.4721 | bonus=None | score=+0.4721 | raw=+0.4721 | p_mean_reward=0.7987
     9(difusco         ): pulls=   7 | mean=+0.4721 | bonus=None | score=+0.4721 | raw=+0.4721 | p_mean_reward=0.8312
    10(t2t             ): pulls=   7 | mean=+0.4721 | bonus=None | score=+0.4721 | raw=+0.4721 | p_mean_reward=0.2857
    11(glop            ): pulls=   7 | mean=+0.4721 | bonus=None | score=+0.4721 | raw=+0.4721 | p_mean_reward=0.3636
13:19:05 | VAL[13] | TSP | select arm=1(elg) | reason=warm_start
     0(lehd            ): pulls=   7 | mean=+0.4709 | bonus=None | score=+0.4709 | raw=+0.4709 | p_mean_reward=0.8766
     1(elg             ): pulls=   6 | mean=+0.4709 | bonus=None | score=+0.4709 | raw=+0.4709 | p_mean_reward=0.7121 <--
     2(invit           ): pulls=   6 | mean=+0.4709 | bonus=None | score=+0.4709 | raw=+0.4709 | p_mean_reward=0.5303
     3(icam            ): pulls=   6 | mean=+0.4709 | bonus=None | score=+0.4709 | raw=+0.4709 | p_mean_reward=0.8561
     4(dact            ): pulls=   7 | mean=+0.4709 | bonus=None | score=+0.4709 | raw=+0.4709 | p_mean_reward=0.1688
     5(lih             ): pulls=   7 | mean=+0.4709 | bonus=None | score=+0.4709 | raw=+0.4709 | p_mean_reward=0.0000
     6(udc             ): pulls=   6 | mean=+0.4709 | bonus=None | score=+0.4709 | raw=+0.4709 | p_mean_reward=0.1212
     7(omni            ): pulls=   7 | mean=+0.4709 | bonus=None | score=+0.4709 | raw=+0.4709 | p_mean_reward=0.5325
     8(pointerformer   ): pulls=   7 | mean=+0.4709 | bonus=None | score=+0.4709 | raw=+0.4709 | p_mean_reward=0.7987
     9(difusco         ): pulls=   7 | mean=+0.4709 | bonus=None | score=+0.4709 | raw=+0.4709 | p_mean_reward=0.8312
    10(t2t             ): pulls=   7 | mean=+0.4709 | bonus=None | score=+0.4709 | raw=+0.4709 | p_mean_reward=0.2857
    11(glop            ): pulls=   7 | mean=+0.4709 | bonus=None | score=+0.4709 | raw=+0.4709 | p_mean_reward=0.3636
13:19:05 | VAL[14] | TSP | select arm=1(elg) | reason=warm_start
     0(lehd            ): pulls=   7 | mean=+0.4751 | bonus=None | score=+0.4751 | raw=+0.4751 | p_mean_reward=0.8766
     1(elg             ): pulls=   6 | mean=+0.4751 | bonus=None | score=+0.4751 | raw=+0.4751 | p_mean_reward=0.7121 <--
     2(invit           ): pulls=   6 | mean=+0.4751 | bonus=None | score=+0.4751 | raw=+0.4751 | p_mean_reward=0.5303
     3(icam            ): pulls=   6 | mean=+0.4751 | bonus=None | score=+0.4751 | raw=+0.4751 | p_mean_reward=0.8561
     4(dact            ): pulls=   7 | mean=+0.4751 | bonus=None | score=+0.4751 | raw=+0.4751 | p_mean_reward=0.1688
     5(lih             ): pulls=   7 | mean=+0.4751 | bonus=None | score=+0.4751 | raw=+0.4751 | p_mean_reward=0.0000
     6(udc             ): pulls=   6 | mean=+0.4751 | bonus=None | score=+0.4751 | raw=+0.4751 | p_mean_reward=0.1212
     7(omni            ): pulls=   7 | mean=+0.4751 | bonus=None | score=+0.4751 | raw=+0.4751 | p_mean_reward=0.5325
     8(pointerformer   ): pulls=   7 | mean=+0.4751 | bonus=None | score=+0.4751 | raw=+0.4751 | p_mean_reward=0.7987
     9(difusco         ): pulls=   7 | mean=+0.4751 | bonus=None | score=+0.4751 | raw=+0.4751 | p_mean_reward=0.8312
    10(t2t             ): pulls=   7 | mean=+0.4751 | bonus=None | score=+0.4751 | raw=+0.4751 | p_mean_reward=0.2857
    11(glop            ): pulls=   7 | mean=+0.4751 | bonus=None | score=+0.4751 | raw=+0.4751 | p_mean_reward=0.3636
13:19:05 | VAL[15] | TSP | select arm=1(elg) | reason=warm_start
     0(lehd            ): pulls=   7 | mean=+0.4742 | bonus=None | score=+0.4742 | raw=+0.4742 | p_mean_reward=0.8766
     1(elg             ): pulls=   6 | mean=+0.4742 | bonus=None | score=+0.4742 | raw=+0.4742 | p_mean_reward=0.7121 <--
     2(invit           ): pulls=   6 | mean=+0.4742 | bonus=None | score=+0.4742 | raw=+0.4742 | p_mean_reward=0.5303
     3(icam            ): pulls=   6 | mean=+0.4742 | bonus=None | score=+0.4742 | raw=+0.4742 | p_mean_reward=0.8561
     4(dact            ): pulls=   7 | mean=+0.4742 | bonus=None | score=+0.4742 | raw=+0.4742 | p_mean_reward=0.1688
     5(lih             ): pulls=   7 | mean=+0.4742 | bonus=None | score=+0.4742 | raw=+0.4742 | p_mean_reward=0.0000
     6(udc             ): pulls=   6 | mean=+0.4742 | bonus=None | score=+0.4742 | raw=+0.4742 | p_mean_reward=0.1212
     7(omni            ): pulls=   7 | mean=+0.4742 | bonus=None | score=+0.4742 | raw=+0.4742 | p_mean_reward=0.5325
     8(pointerformer   ): pulls=   7 | mean=+0.4742 | bonus=None | score=+0.4742 | raw=+0.4742 | p_mean_reward=0.7987
     9(difusco         ): pulls=   7 | mean=+0.4742 | bonus=None | score=+0.4742 | raw=+0.4742 | p_mean_reward=0.8312
    10(t2t             ): pulls=   7 | mean=+0.4742 | bonus=None | score=+0.4742 | raw=+0.4742 | p_mean_reward=0.2857
    11(glop            ): pulls=   7 | mean=+0.4742 | bonus=None | score=+0.4742 | raw=+0.4742 | p_mean_reward=0.3636
13:19:05 | VAL[16] | TSP | select arm=1(elg) | reason=warm_start
     0(lehd            ): pulls=   7 | mean=+0.4717 | bonus=None | score=+0.4717 | raw=+0.4717 | p_mean_reward=0.8766
     1(elg             ): pulls=   6 | mean=+0.4717 | bonus=None | score=+0.4717 | raw=+0.4717 | p_mean_reward=0.7121 <--
     2(invit           ): pulls=   6 | mean=+0.4717 | bonus=None | score=+0.4717 | raw=+0.4717 | p_mean_reward=0.5303
     3(icam            ): pulls=   6 | mean=+0.4717 | bonus=None | score=+0.4717 | raw=+0.4717 | p_mean_reward=0.8561
     4(dact            ): pulls=   7 | mean=+0.4717 | bonus=None | score=+0.4717 | raw=+0.4717 | p_mean_reward=0.1688
     5(lih             ): pulls=   7 | mean=+0.4717 | bonus=None | score=+0.4717 | raw=+0.4717 | p_mean_reward=0.0000
     6(udc             ): pulls=   6 | mean=+0.4717 | bonus=None | score=+0.4717 | raw=+0.4717 | p_mean_reward=0.1212
     7(omni            ): pulls=   7 | mean=+0.4717 | bonus=None | score=+0.4717 | raw=+0.4717 | p_mean_reward=0.5325
     8(pointerformer   ): pulls=   7 | mean=+0.4717 | bonus=None | score=+0.4717 | raw=+0.4717 | p_mean_reward=0.7987
     9(difusco         ): pulls=   7 | mean=+0.4717 | bonus=None | score=+0.4717 | raw=+0.4717 | p_mean_reward=0.8312
    10(t2t             ): pulls=   7 | mean=+0.4717 | bonus=None | score=+0.4717 | raw=+0.4717 | p_mean_reward=0.2857
    11(glop            ): pulls=   7 | mean=+0.4717 | bonus=None | score=+0.4717 | raw=+0.4717 | p_mean_reward=0.3636
13:19:05 | VAL[17] | TSP | select arm=1(elg) | reason=warm_start
     0(lehd            ): pulls=   7 | mean=+0.4738 | bonus=None | score=+0.4738 | raw=+0.4738 | p_mean_reward=0.8766
     1(elg             ): pulls=   6 | mean=+0.4738 | bonus=None | score=+0.4738 | raw=+0.4738 | p_mean_reward=0.7121 <--
     2(invit           ): pulls=   6 | mean=+0.4738 | bonus=None | score=+0.4738 | raw=+0.4738 | p_mean_reward=0.5303
     3(icam            ): pulls=   6 | mean=+0.4738 | bonus=None | score=+0.4738 | raw=+0.4738 | p_mean_reward=0.8561
     4(dact            ): pulls=   7 | mean=+0.4738 | bonus=None | score=+0.4738 | raw=+0.4738 | p_mean_reward=0.1688
     5(lih             ): pulls=   7 | mean=+0.4738 | bonus=None | score=+0.4738 | raw=+0.4738 | p_mean_reward=0.0000
     6(udc             ): pulls=   6 | mean=+0.4738 | bonus=None | score=+0.4738 | raw=+0.4738 | p_mean_reward=0.1212
     7(omni            ): pulls=   7 | mean=+0.4738 | bonus=None | score=+0.4738 | raw=+0.4738 | p_mean_reward=0.5325
     8(pointerformer   ): pulls=   7 | mean=+0.4738 | bonus=None | score=+0.4738 | raw=+0.4738 | p_mean_reward=0.7987
     9(difusco         ): pulls=   7 | mean=+0.4738 | bonus=None | score=+0.4738 | raw=+0.4738 | p_mean_reward=0.8312
    10(t2t             ): pulls=   7 | mean=+0.4738 | bonus=None | score=+0.4738 | raw=+0.4738 | p_mean_reward=0.2857
    11(glop            ): pulls=   7 | mean=+0.4738 | bonus=None | score=+0.4738 | raw=+0.4738 | p_mean_reward=0.3636
13:19:05 | VAL[18] | TSP | select arm=1(elg) | reason=warm_start
     0(lehd            ): pulls=   7 | mean=+0.4713 | bonus=None | score=+0.4713 | raw=+0.4713 | p_mean_reward=0.8766
     1(elg             ): pulls=   6 | mean=+0.4713 | bonus=None | score=+0.4713 | raw=+0.4713 | p_mean_reward=0.7121 <--
     2(invit           ): pulls=   6 | mean=+0.4713 | bonus=None | score=+0.4713 | raw=+0.4713 | p_mean_reward=0.5303
     3(icam            ): pulls=   6 | mean=+0.4713 | bonus=None | score=+0.4713 | raw=+0.4713 | p_mean_reward=0.8561
     4(dact            ): pulls=   7 | mean=+0.4713 | bonus=None | score=+0.4713 | raw=+0.4713 | p_mean_reward=0.1688
     5(lih             ): pulls=   7 | mean=+0.4713 | bonus=None | score=+0.4713 | raw=+0.4713 | p_mean_reward=0.0000
     6(udc             ): pulls=   6 | mean=+0.4713 | bonus=None | score=+0.4713 | raw=+0.4713 | p_mean_reward=0.1212
     7(omni            ): pulls=   7 | mean=+0.4713 | bonus=None | score=+0.4713 | raw=+0.4713 | p_mean_reward=0.5325
     8(pointerformer   ): pulls=   7 | mean=+0.4713 | bonus=None | score=+0.4713 | raw=+0.4713 | p_mean_reward=0.7987
     9(difusco         ): pulls=   7 | mean=+0.4713 | bonus=None | score=+0.4713 | raw=+0.4713 | p_mean_reward=0.8312
    10(t2t             ): pulls=   7 | mean=+0.4713 | bonus=None | score=+0.4713 | raw=+0.4713 | p_mean_reward=0.2857
    11(glop            ): pulls=   7 | mean=+0.4713 | bonus=None | score=+0.4713 | raw=+0.4713 | p_mean_reward=0.3636
13:19:05 | VAL[19] | TSP | select arm=1(elg) | reason=warm_start
     0(lehd            ): pulls=   7 | mean=+0.4738 | bonus=None | score=+0.4738 | raw=+0.4738 | p_mean_reward=0.8766
     1(elg             ): pulls=   6 | mean=+0.4738 | bonus=None | score=+0.4738 | raw=+0.4738 | p_mean_reward=0.7121 <--
     2(invit           ): pulls=   6 | mean=+0.4738 | bonus=None | score=+0.4738 | raw=+0.4738 | p_mean_reward=0.5303
     3(icam            ): pulls=   6 | mean=+0.4738 | bonus=None | score=+0.4738 | raw=+0.4738 | p_mean_reward=0.8561
     4(dact            ): pulls=   7 | mean=+0.4738 | bonus=None | score=+0.4738 | raw=+0.4738 | p_mean_reward=0.1688
     5(lih             ): pulls=   7 | mean=+0.4738 | bonus=None | score=+0.4738 | raw=+0.4738 | p_mean_reward=0.0000
     6(udc             ): pulls=   6 | mean=+0.4738 | bonus=None | score=+0.4738 | raw=+0.4738 | p_mean_reward=0.1212
     7(omni            ): pulls=   7 | mean=+0.4738 | bonus=None | score=+0.4738 | raw=+0.4738 | p_mean_reward=0.5325
     8(pointerformer   ): pulls=   7 | mean=+0.4738 | bonus=None | score=+0.4738 | raw=+0.4738 | p_mean_reward=0.7987
     9(difusco         ): pulls=   7 | mean=+0.4738 | bonus=None | score=+0.4738 | raw=+0.4738 | p_mean_reward=0.8312
    10(t2t             ): pulls=   7 | mean=+0.4738 | bonus=None | score=+0.4738 | raw=+0.4738 | p_mean_reward=0.2857
    11(glop            ): pulls=   7 | mean=+0.4738 | bonus=None | score=+0.4738 | raw=+0.4738 | p_mean_reward=0.3636
13:19:06 | TEST[0] | CVRP | select arm=1(elg) | reason=warm_start
     0(lehd            ): pulls=  10 | mean=+0.4761 | bonus=None | score=+0.4761 | raw=+0.4761 | p_mean_reward=0.8000
     1(elg             ): pulls=  10 | mean=+0.4761 | bonus=None | score=+0.4761 | raw=+0.4761 | p_mean_reward=0.8143 <--
     2(invit           ): pulls=  10 | mean=+0.4761 | bonus=None | score=+0.4761 | raw=+0.4761 | p_mean_reward=0.4286
     3(icam            ): pulls=  10 | mean=+0.4761 | bonus=None | score=+0.4761 | raw=+0.4761 | p_mean_reward=0.9143
     4(dact            ): pulls=  10 | mean=+0.4761 | bonus=None | score=+0.4761 | raw=+0.4761 | p_mean_reward=0.1429
     5(lih             ): pulls=  10 | mean=+0.4761 | bonus=None | score=+0.4761 | raw=+0.4761 | p_mean_reward=0.2286
     6(udc             ): pulls=  10 | mean=+0.4761 | bonus=None | score=+0.4761 | raw=+0.4761 | p_mean_reward=0.0429
     7(omni            ): pulls=  10 | mean=+0.4761 | bonus=None | score=+0.4761 | raw=+0.4761 | p_mean_reward=0.6000
13:19:07 | TEST[1] | CVRP | select arm=1(elg) | reason=warm_start
     0(lehd            ): pulls=  10 | mean=+0.4799 | bonus=None | score=+0.4799 | raw=+0.4799 | p_mean_reward=0.8000
     1(elg             ): pulls=  10 | mean=+0.4799 | bonus=None | score=+0.4799 | raw=+0.4799 | p_mean_reward=0.8143 <--
     2(invit           ): pulls=  10 | mean=+0.4799 | bonus=None | score=+0.4799 | raw=+0.4799 | p_mean_reward=0.4286
     3(icam            ): pulls=  10 | mean=+0.4799 | bonus=None | score=+0.4799 | raw=+0.4799 | p_mean_reward=0.9143
     4(dact            ): pulls=  10 | mean=+0.4799 | bonus=None | score=+0.4799 | raw=+0.4799 | p_mean_reward=0.1429
     5(lih             ): pulls=  10 | mean=+0.4799 | bonus=None | score=+0.4799 | raw=+0.4799 | p_mean_reward=0.2286
     6(udc             ): pulls=  10 | mean=+0.4799 | bonus=None | score=+0.4799 | raw=+0.4799 | p_mean_reward=0.0429
     7(omni            ): pulls=  10 | mean=+0.4799 | bonus=None | score=+0.4799 | raw=+0.4799 | p_mean_reward=0.6000
13:19:07 | TEST[2] | CVRP | select arm=1(elg) | reason=warm_start
     0(lehd            ): pulls=  10 | mean=+0.4774 | bonus=None | score=+0.4774 | raw=+0.4774 | p_mean_reward=0.8000
     1(elg             ): pulls=  10 | mean=+0.4774 | bonus=None | score=+0.4774 | raw=+0.4774 | p_mean_reward=0.8143 <--
     2(invit           ): pulls=  10 | mean=+0.4774 | bonus=None | score=+0.4774 | raw=+0.4774 | p_mean_reward=0.4286
     3(icam            ): pulls=  10 | mean=+0.4774 | bonus=None | score=+0.4774 | raw=+0.4774 | p_mean_reward=0.9143
     4(dact            ): pulls=  10 | mean=+0.4774 | bonus=None | score=+0.4774 | raw=+0.4774 | p_mean_reward=0.1429
     5(lih             ): pulls=  10 | mean=+0.4774 | bonus=None | score=+0.4774 | raw=+0.4774 | p_mean_reward=0.2286
     6(udc             ): pulls=  10 | mean=+0.4774 | bonus=None | score=+0.4774 | raw=+0.4774 | p_mean_reward=0.0429
     7(omni            ): pulls=  10 | mean=+0.4774 | bonus=None | score=+0.4774 | raw=+0.4774 | p_mean_reward=0.6000
13:19:07 | TEST[3] | CVRP | select arm=1(elg) | reason=warm_start
     0(lehd            ): pulls=  10 | mean=+0.4765 | bonus=None | score=+0.4765 | raw=+0.4765 | p_mean_reward=0.8000
     1(elg             ): pulls=  10 | mean=+0.4765 | bonus=None | score=+0.4765 | raw=+0.4765 | p_mean_reward=0.8143 <--
     2(invit           ): pulls=  10 | mean=+0.4765 | bonus=None | score=+0.4765 | raw=+0.4765 | p_mean_reward=0.4286
     3(icam            ): pulls=  10 | mean=+0.4765 | bonus=None | score=+0.4765 | raw=+0.4765 | p_mean_reward=0.9143
     4(dact            ): pulls=  10 | mean=+0.4765 | bonus=None | score=+0.4765 | raw=+0.4765 | p_mean_reward=0.1429
     5(lih             ): pulls=  10 | mean=+0.4765 | bonus=None | score=+0.4765 | raw=+0.4765 | p_mean_reward=0.2286
     6(udc             ): pulls=  10 | mean=+0.4765 | bonus=None | score=+0.4765 | raw=+0.4765 | p_mean_reward=0.0429
     7(omni            ): pulls=  10 | mean=+0.4765 | bonus=None | score=+0.4765 | raw=+0.4765 | p_mean_reward=0.6000
13:19:08 | TEST[4] | CVRP | select arm=1(elg) | reason=warm_start
     0(lehd            ): pulls=  10 | mean=+0.4757 | bonus=None | score=+0.4757 | raw=+0.4757 | p_mean_reward=0.8000
     1(elg             ): pulls=  10 | mean=+0.4757 | bonus=None | score=+0.4757 | raw=+0.4757 | p_mean_reward=0.8143 <--
     2(invit           ): pulls=  10 | mean=+0.4757 | bonus=None | score=+0.4757 | raw=+0.4757 | p_mean_reward=0.4286
     3(icam            ): pulls=  10 | mean=+0.4757 | bonus=None | score=+0.4757 | raw=+0.4757 | p_mean_reward=0.9143
     4(dact            ): pulls=  10 | mean=+0.4757 | bonus=None | score=+0.4757 | raw=+0.4757 | p_mean_reward=0.1429
     5(lih             ): pulls=  10 | mean=+0.4757 | bonus=None | score=+0.4757 | raw=+0.4757 | p_mean_reward=0.2286
     6(udc             ): pulls=  10 | mean=+0.4757 | bonus=None | score=+0.4757 | raw=+0.4757 | p_mean_reward=0.0429
     7(omni            ): pulls=  10 | mean=+0.4757 | bonus=None | score=+0.4757 | raw=+0.4757 | p_mean_reward=0.6000
13:19:08 | TEST[5] | CVRP | select arm=1(elg) | reason=warm_start
     0(lehd            ): pulls=  10 | mean=+0.4774 | bonus=None | score=+0.4774 | raw=+0.4774 | p_mean_reward=0.8000
     1(elg             ): pulls=  10 | mean=+0.4774 | bonus=None | score=+0.4774 | raw=+0.4774 | p_mean_reward=0.8143 <--
     2(invit           ): pulls=  10 | mean=+0.4774 | bonus=None | score=+0.4774 | raw=+0.4774 | p_mean_reward=0.4286
     3(icam            ): pulls=  10 | mean=+0.4774 | bonus=None | score=+0.4774 | raw=+0.4774 | p_mean_reward=0.9143
     4(dact            ): pulls=  10 | mean=+0.4774 | bonus=None | score=+0.4774 | raw=+0.4774 | p_mean_reward=0.1429
     5(lih             ): pulls=  10 | mean=+0.4774 | bonus=None | score=+0.4774 | raw=+0.4774 | p_mean_reward=0.2286
     6(udc             ): pulls=  10 | mean=+0.4774 | bonus=None | score=+0.4774 | raw=+0.4774 | p_mean_reward=0.0429
     7(omni            ): pulls=  10 | mean=+0.4774 | bonus=None | score=+0.4774 | raw=+0.4774 | p_mean_reward=0.6000
13:19:09 | TEST[6] | CVRP | select arm=1(elg) | reason=warm_start
     0(lehd            ): pulls=  10 | mean=+0.4769 | bonus=None | score=+0.4769 | raw=+0.4769 | p_mean_reward=0.8000
     1(elg             ): pulls=  10 | mean=+0.4769 | bonus=None | score=+0.4769 | raw=+0.4769 | p_mean_reward=0.8143 <--
     2(invit           ): pulls=  10 | mean=+0.4769 | bonus=None | score=+0.4769 | raw=+0.4769 | p_mean_reward=0.4286
     3(icam            ): pulls=  10 | mean=+0.4770 | bonus=None | score=+0.4770 | raw=+0.4770 | p_mean_reward=0.9143
     4(dact            ): pulls=  10 | mean=+0.4770 | bonus=None | score=+0.4770 | raw=+0.4770 | p_mean_reward=0.1429
     5(lih             ): pulls=  10 | mean=+0.4769 | bonus=None | score=+0.4769 | raw=+0.4769 | p_mean_reward=0.2286
     6(udc             ): pulls=  10 | mean=+0.4769 | bonus=None | score=+0.4769 | raw=+0.4769 | p_mean_reward=0.0429
     7(omni            ): pulls=  10 | mean=+0.4769 | bonus=None | score=+0.4769 | raw=+0.4769 | p_mean_reward=0.6000
13:19:10 | TEST[7] | CVRP | select arm=1(elg) | reason=warm_start
     0(lehd            ): pulls=  10 | mean=+0.4757 | bonus=None | score=+0.4757 | raw=+0.4757 | p_mean_reward=0.8000
     1(elg             ): pulls=  10 | mean=+0.4757 | bonus=None | score=+0.4757 | raw=+0.4757 | p_mean_reward=0.8143 <--
     2(invit           ): pulls=  10 | mean=+0.4757 | bonus=None | score=+0.4757 | raw=+0.4757 | p_mean_reward=0.4286
     3(icam            ): pulls=  10 | mean=+0.4757 | bonus=None | score=+0.4757 | raw=+0.4757 | p_mean_reward=0.9143
     4(dact            ): pulls=  10 | mean=+0.4757 | bonus=None | score=+0.4757 | raw=+0.4757 | p_mean_reward=0.1429
     5(lih             ): pulls=  10 | mean=+0.4757 | bonus=None | score=+0.4757 | raw=+0.4757 | p_mean_reward=0.2286
     6(udc             ): pulls=  10 | mean=+0.4757 | bonus=None | score=+0.4757 | raw=+0.4757 | p_mean_reward=0.0429
     7(omni            ): pulls=  10 | mean=+0.4757 | bonus=None | score=+0.4757 | raw=+0.4757 | p_mean_reward=0.6000
13:19:10 | TEST[8] | CVRP | select arm=1(elg) | reason=warm_start
     0(lehd            ): pulls=  10 | mean=+0.4761 | bonus=None | score=+0.4761 | raw=+0.4761 | p_mean_reward=0.8000
     1(elg             ): pulls=  10 | mean=+0.4761 | bonus=None | score=+0.4761 | raw=+0.4761 | p_mean_reward=0.8143 <--
     2(invit           ): pulls=  10 | mean=+0.4761 | bonus=None | score=+0.4761 | raw=+0.4761 | p_mean_reward=0.4286
     3(icam            ): pulls=  10 | mean=+0.4761 | bonus=None | score=+0.4761 | raw=+0.4761 | p_mean_reward=0.9143
     4(dact            ): pulls=  10 | mean=+0.4761 | bonus=None | score=+0.4761 | raw=+0.4761 | p_mean_reward=0.1429
     5(lih             ): pulls=  10 | mean=+0.4761 | bonus=None | score=+0.4761 | raw=+0.4761 | p_mean_reward=0.2286
     6(udc             ): pulls=  10 | mean=+0.4761 | bonus=None | score=+0.4761 | raw=+0.4761 | p_mean_reward=0.0429
     7(omni            ): pulls=  10 | mean=+0.4761 | bonus=None | score=+0.4761 | raw=+0.4761 | p_mean_reward=0.6000
13:19:11 | TEST[9] | CVRP | select arm=1(elg) | reason=warm_start
     0(lehd            ): pulls=  10 | mean=+0.4765 | bonus=None | score=+0.4765 | raw=+0.4765 | p_mean_reward=0.8000
     1(elg             ): pulls=  10 | mean=+0.4765 | bonus=None | score=+0.4765 | raw=+0.4765 | p_mean_reward=0.8143 <--
     2(invit           ): pulls=  10 | mean=+0.4765 | bonus=None | score=+0.4765 | raw=+0.4765 | p_mean_reward=0.4286
     3(icam            ): pulls=  10 | mean=+0.4765 | bonus=None | score=+0.4765 | raw=+0.4765 | p_mean_reward=0.9143
     4(dact            ): pulls=  10 | mean=+0.4765 | bonus=None | score=+0.4765 | raw=+0.4765 | p_mean_reward=0.1429
     5(lih             ): pulls=  10 | mean=+0.4765 | bonus=None | score=+0.4765 | raw=+0.4765 | p_mean_reward=0.2286
     6(udc             ): pulls=  10 | mean=+0.4765 | bonus=None | score=+0.4765 | raw=+0.4765 | p_mean_reward=0.0429
     7(omni            ): pulls=  10 | mean=+0.4765 | bonus=None | score=+0.4765 | raw=+0.4765 | p_mean_reward=0.6000
13:19:11 | TEST[10] | TSP | select arm=1(elg) | reason=warm_start
     0(lehd            ): pulls=   7 | mean=+0.4721 | bonus=None | score=+0.4721 | raw=+0.4721 | p_mean_reward=0.8766
     1(elg             ): pulls=   6 | mean=+0.4721 | bonus=None | score=+0.4721 | raw=+0.4721 | p_mean_reward=0.7121 <--
     2(invit           ): pulls=   6 | mean=+0.4721 | bonus=None | score=+0.4721 | raw=+0.4721 | p_mean_reward=0.5303
     3(icam            ): pulls=   6 | mean=+0.4721 | bonus=None | score=+0.4721 | raw=+0.4721 | p_mean_reward=0.8561
     4(dact            ): pulls=   7 | mean=+0.4721 | bonus=None | score=+0.4721 | raw=+0.4721 | p_mean_reward=0.1688
     5(lih             ): pulls=   7 | mean=+0.4721 | bonus=None | score=+0.4721 | raw=+0.4721 | p_mean_reward=0.0000
     6(udc             ): pulls=   6 | mean=+0.4721 | bonus=None | score=+0.4721 | raw=+0.4721 | p_mean_reward=0.1212
     7(omni            ): pulls=   7 | mean=+0.4721 | bonus=None | score=+0.4721 | raw=+0.4721 | p_mean_reward=0.5325
     8(pointerformer   ): pulls=   7 | mean=+0.4721 | bonus=None | score=+0.4721 | raw=+0.4721 | p_mean_reward=0.7987
     9(difusco         ): pulls=   7 | mean=+0.4721 | bonus=None | score=+0.4721 | raw=+0.4721 | p_mean_reward=0.8312
    10(t2t             ): pulls=   7 | mean=+0.4721 | bonus=None | score=+0.4721 | raw=+0.4721 | p_mean_reward=0.2857
    11(glop            ): pulls=   7 | mean=+0.4721 | bonus=None | score=+0.4721 | raw=+0.4721 | p_mean_reward=0.3636
13:19:11 | TEST[11] | TSP | select arm=1(elg) | reason=warm_start
     0(lehd            ): pulls=   7 | mean=+0.4730 | bonus=None | score=+0.4730 | raw=+0.4730 | p_mean_reward=0.8766
     1(elg             ): pulls=   6 | mean=+0.4730 | bonus=None | score=+0.4730 | raw=+0.4730 | p_mean_reward=0.7121 <--
     2(invit           ): pulls=   6 | mean=+0.4730 | bonus=None | score=+0.4730 | raw=+0.4730 | p_mean_reward=0.5303
     3(icam            ): pulls=   6 | mean=+0.4730 | bonus=None | score=+0.4730 | raw=+0.4730 | p_mean_reward=0.8561
     4(dact            ): pulls=   7 | mean=+0.4730 | bonus=None | score=+0.4730 | raw=+0.4730 | p_mean_reward=0.1688
     5(lih             ): pulls=   7 | mean=+0.4730 | bonus=None | score=+0.4730 | raw=+0.4730 | p_mean_reward=0.0000
     6(udc             ): pulls=   6 | mean=+0.4730 | bonus=None | score=+0.4730 | raw=+0.4730 | p_mean_reward=0.1212
     7(omni            ): pulls=   7 | mean=+0.4730 | bonus=None | score=+0.4730 | raw=+0.4730 | p_mean_reward=0.5325
     8(pointerformer   ): pulls=   7 | mean=+0.4730 | bonus=None | score=+0.4730 | raw=+0.4730 | p_mean_reward=0.7987
     9(difusco         ): pulls=   7 | mean=+0.4730 | bonus=None | score=+0.4730 | raw=+0.4730 | p_mean_reward=0.8312
    10(t2t             ): pulls=   7 | mean=+0.4730 | bonus=None | score=+0.4730 | raw=+0.4730 | p_mean_reward=0.2857
    11(glop            ): pulls=   7 | mean=+0.4730 | bonus=None | score=+0.4730 | raw=+0.4730 | p_mean_reward=0.3636
13:19:12 | TEST[12] | TSP | select arm=1(elg) | reason=warm_start
     0(lehd            ): pulls=   7 | mean=+0.4713 | bonus=None | score=+0.4713 | raw=+0.4713 | p_mean_reward=0.8766
     1(elg             ): pulls=   6 | mean=+0.4713 | bonus=None | score=+0.4713 | raw=+0.4713 | p_mean_reward=0.7121 <--
     2(invit           ): pulls=   6 | mean=+0.4713 | bonus=None | score=+0.4713 | raw=+0.4713 | p_mean_reward=0.5303
     3(icam            ): pulls=   6 | mean=+0.4713 | bonus=None | score=+0.4713 | raw=+0.4713 | p_mean_reward=0.8561
     4(dact            ): pulls=   7 | mean=+0.4713 | bonus=None | score=+0.4713 | raw=+0.4713 | p_mean_reward=0.1688
     5(lih             ): pulls=   7 | mean=+0.4713 | bonus=None | score=+0.4713 | raw=+0.4713 | p_mean_reward=0.0000
     6(udc             ): pulls=   6 | mean=+0.4713 | bonus=None | score=+0.4713 | raw=+0.4713 | p_mean_reward=0.1212
     7(omni            ): pulls=   7 | mean=+0.4713 | bonus=None | score=+0.4713 | raw=+0.4713 | p_mean_reward=0.5325
     8(pointerformer   ): pulls=   7 | mean=+0.4713 | bonus=None | score=+0.4713 | raw=+0.4713 | p_mean_reward=0.7987
     9(difusco         ): pulls=   7 | mean=+0.4713 | bonus=None | score=+0.4713 | raw=+0.4713 | p_mean_reward=0.8312
    10(t2t             ): pulls=   7 | mean=+0.4713 | bonus=None | score=+0.4713 | raw=+0.4713 | p_mean_reward=0.2857
    11(glop            ): pulls=   7 | mean=+0.4713 | bonus=None | score=+0.4713 | raw=+0.4713 | p_mean_reward=0.3636
13:19:12 | TEST[13] | TSP | select arm=1(elg) | reason=warm_start
     0(lehd            ): pulls=   7 | mean=+0.4713 | bonus=None | score=+0.4713 | raw=+0.4713 | p_mean_reward=0.8766
     1(elg             ): pulls=   6 | mean=+0.4713 | bonus=None | score=+0.4713 | raw=+0.4713 | p_mean_reward=0.7121 <--
     2(invit           ): pulls=   6 | mean=+0.4713 | bonus=None | score=+0.4713 | raw=+0.4713 | p_mean_reward=0.5303
     3(icam            ): pulls=   6 | mean=+0.4713 | bonus=None | score=+0.4713 | raw=+0.4713 | p_mean_reward=0.8561
     4(dact            ): pulls=   7 | mean=+0.4713 | bonus=None | score=+0.4713 | raw=+0.4713 | p_mean_reward=0.1688
     5(lih             ): pulls=   7 | mean=+0.4713 | bonus=None | score=+0.4713 | raw=+0.4713 | p_mean_reward=0.0000
     6(udc             ): pulls=   6 | mean=+0.4713 | bonus=None | score=+0.4713 | raw=+0.4713 | p_mean_reward=0.1212
     7(omni            ): pulls=   7 | mean=+0.4713 | bonus=None | score=+0.4713 | raw=+0.4713 | p_mean_reward=0.5325
     8(pointerformer   ): pulls=   7 | mean=+0.4713 | bonus=None | score=+0.4713 | raw=+0.4713 | p_mean_reward=0.7987
     9(difusco         ): pulls=   7 | mean=+0.4713 | bonus=None | score=+0.4713 | raw=+0.4713 | p_mean_reward=0.8312
    10(t2t             ): pulls=   7 | mean=+0.4713 | bonus=None | score=+0.4713 | raw=+0.4713 | p_mean_reward=0.2857
    11(glop            ): pulls=   7 | mean=+0.4713 | bonus=None | score=+0.4713 | raw=+0.4713 | p_mean_reward=0.3636
13:19:12 | TEST[14] | TSP | select arm=1(elg) | reason=warm_start
     0(lehd            ): pulls=   7 | mean=+0.4738 | bonus=None | score=+0.4738 | raw=+0.4738 | p_mean_reward=0.8766
     1(elg             ): pulls=   6 | mean=+0.4738 | bonus=None | score=+0.4738 | raw=+0.4738 | p_mean_reward=0.7121 <--
     2(invit           ): pulls=   6 | mean=+0.4738 | bonus=None | score=+0.4738 | raw=+0.4738 | p_mean_reward=0.5303
     3(icam            ): pulls=   6 | mean=+0.4738 | bonus=None | score=+0.4738 | raw=+0.4738 | p_mean_reward=0.8561
     4(dact            ): pulls=   7 | mean=+0.4738 | bonus=None | score=+0.4738 | raw=+0.4738 | p_mean_reward=0.1688
     5(lih             ): pulls=   7 | mean=+0.4738 | bonus=None | score=+0.4738 | raw=+0.4738 | p_mean_reward=0.0000
     6(udc             ): pulls=   6 | mean=+0.4738 | bonus=None | score=+0.4738 | raw=+0.4738 | p_mean_reward=0.1212
     7(omni            ): pulls=   7 | mean=+0.4738 | bonus=None | score=+0.4738 | raw=+0.4738 | p_mean_reward=0.5325
     8(pointerformer   ): pulls=   7 | mean=+0.4738 | bonus=None | score=+0.4738 | raw=+0.4738 | p_mean_reward=0.7987
     9(difusco         ): pulls=   7 | mean=+0.4738 | bonus=None | score=+0.4738 | raw=+0.4738 | p_mean_reward=0.8312
    10(t2t             ): pulls=   7 | mean=+0.4738 | bonus=None | score=+0.4738 | raw=+0.4738 | p_mean_reward=0.2857
    11(glop            ): pulls=   7 | mean=+0.4738 | bonus=None | score=+0.4738 | raw=+0.4738 | p_mean_reward=0.3636
13:19:12 | TEST[15] | TSP | select arm=1(elg) | reason=warm_start
     0(lehd            ): pulls=   7 | mean=+0.4717 | bonus=None | score=+0.4717 | raw=+0.4717 | p_mean_reward=0.8766
     1(elg             ): pulls=   6 | mean=+0.4717 | bonus=None | score=+0.4717 | raw=+0.4717 | p_mean_reward=0.7121 <--
     2(invit           ): pulls=   6 | mean=+0.4717 | bonus=None | score=+0.4717 | raw=+0.4717 | p_mean_reward=0.5303
     3(icam            ): pulls=   6 | mean=+0.4717 | bonus=None | score=+0.4717 | raw=+0.4717 | p_mean_reward=0.8561
     4(dact            ): pulls=   7 | mean=+0.4717 | bonus=None | score=+0.4717 | raw=+0.4717 | p_mean_reward=0.1688
     5(lih             ): pulls=   7 | mean=+0.4717 | bonus=None | score=+0.4717 | raw=+0.4717 | p_mean_reward=0.0000
     6(udc             ): pulls=   6 | mean=+0.4717 | bonus=None | score=+0.4717 | raw=+0.4717 | p_mean_reward=0.1212
     7(omni            ): pulls=   7 | mean=+0.4717 | bonus=None | score=+0.4717 | raw=+0.4717 | p_mean_reward=0.5325
     8(pointerformer   ): pulls=   7 | mean=+0.4717 | bonus=None | score=+0.4717 | raw=+0.4717 | p_mean_reward=0.7987
     9(difusco         ): pulls=   7 | mean=+0.4717 | bonus=None | score=+0.4717 | raw=+0.4717 | p_mean_reward=0.8312
    10(t2t             ): pulls=   7 | mean=+0.4717 | bonus=None | score=+0.4717 | raw=+0.4717 | p_mean_reward=0.2857
    11(glop            ): pulls=   7 | mean=+0.4717 | bonus=None | score=+0.4717 | raw=+0.4717 | p_mean_reward=0.3636
13:19:12 | TEST[16] | TSP | select arm=1(elg) | reason=warm_start
     0(lehd            ): pulls=   7 | mean=+0.4725 | bonus=None | score=+0.4725 | raw=+0.4725 | p_mean_reward=0.8766
     1(elg             ): pulls=   6 | mean=+0.4725 | bonus=None | score=+0.4725 | raw=+0.4725 | p_mean_reward=0.7121 <--
     2(invit           ): pulls=   6 | mean=+0.4725 | bonus=None | score=+0.4725 | raw=+0.4725 | p_mean_reward=0.5303
     3(icam            ): pulls=   6 | mean=+0.4726 | bonus=None | score=+0.4726 | raw=+0.4726 | p_mean_reward=0.8561
     4(dact            ): pulls=   7 | mean=+0.4726 | bonus=None | score=+0.4726 | raw=+0.4726 | p_mean_reward=0.1688
     5(lih             ): pulls=   7 | mean=+0.4725 | bonus=None | score=+0.4725 | raw=+0.4725 | p_mean_reward=0.0000
     6(udc             ): pulls=   6 | mean=+0.4725 | bonus=None | score=+0.4725 | raw=+0.4725 | p_mean_reward=0.1212
     7(omni            ): pulls=   7 | mean=+0.4725 | bonus=None | score=+0.4725 | raw=+0.4725 | p_mean_reward=0.5325
     8(pointerformer   ): pulls=   7 | mean=+0.4726 | bonus=None | score=+0.4726 | raw=+0.4726 | p_mean_reward=0.7987
     9(difusco         ): pulls=   7 | mean=+0.4726 | bonus=None | score=+0.4726 | raw=+0.4726 | p_mean_reward=0.8312
    10(t2t             ): pulls=   7 | mean=+0.4725 | bonus=None | score=+0.4725 | raw=+0.4725 | p_mean_reward=0.2857
    11(glop            ): pulls=   7 | mean=+0.4726 | bonus=None | score=+0.4726 | raw=+0.4726 | p_mean_reward=0.3636
13:19:12 | TEST[17] | TSP | select arm=1(elg) | reason=warm_start
     0(lehd            ): pulls=   7 | mean=+0.4738 | bonus=None | score=+0.4738 | raw=+0.4738 | p_mean_reward=0.8766
     1(elg             ): pulls=   6 | mean=+0.4738 | bonus=None | score=+0.4738 | raw=+0.4738 | p_mean_reward=0.7121 <--
     2(invit           ): pulls=   6 | mean=+0.4738 | bonus=None | score=+0.4738 | raw=+0.4738 | p_mean_reward=0.5303
     3(icam            ): pulls=   6 | mean=+0.4738 | bonus=None | score=+0.4738 | raw=+0.4738 | p_mean_reward=0.8561
     4(dact            ): pulls=   7 | mean=+0.4738 | bonus=None | score=+0.4738 | raw=+0.4738 | p_mean_reward=0.1688
     5(lih             ): pulls=   7 | mean=+0.4738 | bonus=None | score=+0.4738 | raw=+0.4738 | p_mean_reward=0.0000
     6(udc             ): pulls=   6 | mean=+0.4738 | bonus=None | score=+0.4738 | raw=+0.4738 | p_mean_reward=0.1212
     7(omni            ): pulls=   7 | mean=+0.4738 | bonus=None | score=+0.4738 | raw=+0.4738 | p_mean_reward=0.5325
     8(pointerformer   ): pulls=   7 | mean=+0.4738 | bonus=None | score=+0.4738 | raw=+0.4738 | p_mean_reward=0.7987
     9(difusco         ): pulls=   7 | mean=+0.4738 | bonus=None | score=+0.4738 | raw=+0.4738 | p_mean_reward=0.8312
    10(t2t             ): pulls=   7 | mean=+0.4738 | bonus=None | score=+0.4738 | raw=+0.4738 | p_mean_reward=0.2857
    11(glop            ): pulls=   7 | mean=+0.4738 | bonus=None | score=+0.4738 | raw=+0.4738 | p_mean_reward=0.3636
13:19:12 | TEST[18] | TSP | select arm=1(elg) | reason=warm_start
     0(lehd            ): pulls=   7 | mean=+0.4721 | bonus=None | score=+0.4721 | raw=+0.4721 | p_mean_reward=0.8766
     1(elg             ): pulls=   6 | mean=+0.4721 | bonus=None | score=+0.4721 | raw=+0.4721 | p_mean_reward=0.7121 <--
     2(invit           ): pulls=   6 | mean=+0.4721 | bonus=None | score=+0.4721 | raw=+0.4721 | p_mean_reward=0.5303
     3(icam            ): pulls=   6 | mean=+0.4721 | bonus=None | score=+0.4721 | raw=+0.4721 | p_mean_reward=0.8561
     4(dact            ): pulls=   7 | mean=+0.4721 | bonus=None | score=+0.4721 | raw=+0.4721 | p_mean_reward=0.1688
     5(lih             ): pulls=   7 | mean=+0.4721 | bonus=None | score=+0.4721 | raw=+0.4721 | p_mean_reward=0.0000
     6(udc             ): pulls=   6 | mean=+0.4721 | bonus=None | score=+0.4721 | raw=+0.4721 | p_mean_reward=0.1212
     7(omni            ): pulls=   7 | mean=+0.4721 | bonus=None | score=+0.4721 | raw=+0.4721 | p_mean_reward=0.5325
     8(pointerformer   ): pulls=   7 | mean=+0.4721 | bonus=None | score=+0.4721 | raw=+0.4721 | p_mean_reward=0.7987
     9(difusco         ): pulls=   7 | mean=+0.4721 | bonus=None | score=+0.4721 | raw=+0.4721 | p_mean_reward=0.8312
    10(t2t             ): pulls=   7 | mean=+0.4721 | bonus=None | score=+0.4721 | raw=+0.4721 | p_mean_reward=0.2857
    11(glop            ): pulls=   7 | mean=+0.4721 | bonus=None | score=+0.4721 | raw=+0.4721 | p_mean_reward=0.3636
13:19:12 | TEST[19] | TSP | select arm=1(elg) | reason=warm_start
     0(lehd            ): pulls=   7 | mean=+0.4704 | bonus=None | score=+0.4704 | raw=+0.4704 | p_mean_reward=0.8766
     1(elg             ): pulls=   6 | mean=+0.4704 | bonus=None | score=+0.4704 | raw=+0.4704 | p_mean_reward=0.7121 <--
     2(invit           ): pulls=   6 | mean=+0.4704 | bonus=None | score=+0.4704 | raw=+0.4704 | p_mean_reward=0.5303
     3(icam            ): pulls=   6 | mean=+0.4704 | bonus=None | score=+0.4704 | raw=+0.4704 | p_mean_reward=0.8561
     4(dact            ): pulls=   7 | mean=+0.4704 | bonus=None | score=+0.4704 | raw=+0.4704 | p_mean_reward=0.1688
     5(lih             ): pulls=   7 | mean=+0.4704 | bonus=None | score=+0.4704 | raw=+0.4704 | p_mean_reward=0.0000
     6(udc             ): pulls=   6 | mean=+0.4704 | bonus=None | score=+0.4704 | raw=+0.4704 | p_mean_reward=0.1212
     7(omni            ): pulls=   7 | mean=+0.4704 | bonus=None | score=+0.4704 | raw=+0.4704 | p_mean_reward=0.5325
     8(pointerformer   ): pulls=   7 | mean=+0.4704 | bonus=None | score=+0.4704 | raw=+0.4704 | p_mean_reward=0.7987
     9(difusco         ): pulls=   7 | mean=+0.4705 | bonus=None | score=+0.4705 | raw=+0.4705 | p_mean_reward=0.8312
    10(t2t             ): pulls=   7 | mean=+0.4704 | bonus=None | score=+0.4704 | raw=+0.4704 | p_mean_reward=0.2857
    11(glop            ): pulls=   7 | mean=+0.4704 | bonus=None | score=+0.4704 | raw=+0.4704 | p_mean_reward=0.3636
13:19:19 | VAL[0] | CVRP | select arm=1(elg) | reason=warm_start
     0(lehd            ): pulls=  10 | mean=+0.4757 | bonus=0.4590 | score=+0.9347 | raw=+0.9347 | p_mean_reward=0.8000
     1(elg             ): pulls=  10 | mean=+0.4757 | bonus=0.4590 | score=+0.9347 | raw=+0.9347 | p_mean_reward=0.8143 <--
     2(invit           ): pulls=  10 | mean=+0.4757 | bonus=0.4590 | score=+0.9347 | raw=+0.9347 | p_mean_reward=0.4286
     3(icam            ): pulls=  10 | mean=+0.4757 | bonus=0.4591 | score=+0.9348 | raw=+0.9348 | p_mean_reward=0.9143
     4(dact            ): pulls=  10 | mean=+0.4757 | bonus=0.4590 | score=+0.9347 | raw=+0.9347 | p_mean_reward=0.1429
     5(lih             ): pulls=  10 | mean=+0.4757 | bonus=0.4590 | score=+0.9347 | raw=+0.9347 | p_mean_reward=0.2286
     6(udc             ): pulls=  10 | mean=+0.4757 | bonus=0.4590 | score=+0.9347 | raw=+0.9347 | p_mean_reward=0.0429
     7(omni            ): pulls=  10 | mean=+0.4757 | bonus=0.4590 | score=+0.9347 | raw=+0.9347 | p_mean_reward=0.6000
13:19:24 | VAL[1] | CVRP | select arm=1(elg) | reason=warm_start
     0(lehd            ): pulls=  10 | mean=+0.4770 | bonus=0.4613 | score=+0.9383 | raw=+0.9383 | p_mean_reward=0.8000
     1(elg             ): pulls=  10 | mean=+0.4770 | bonus=0.4613 | score=+0.9383 | raw=+0.9383 | p_mean_reward=0.8143 <--
     2(invit           ): pulls=  10 | mean=+0.4770 | bonus=0.4613 | score=+0.9383 | raw=+0.9383 | p_mean_reward=0.4286
     3(icam            ): pulls=  10 | mean=+0.4770 | bonus=0.4613 | score=+0.9383 | raw=+0.9383 | p_mean_reward=0.9143
     4(dact            ): pulls=  10 | mean=+0.4770 | bonus=0.4613 | score=+0.9383 | raw=+0.9383 | p_mean_reward=0.1429
     5(lih             ): pulls=  10 | mean=+0.4770 | bonus=0.4613 | score=+0.9383 | raw=+0.9383 | p_mean_reward=0.2286
     6(udc             ): pulls=  10 | mean=+0.4770 | bonus=0.4613 | score=+0.9383 | raw=+0.9383 | p_mean_reward=0.0429
     7(omni            ): pulls=  10 | mean=+0.4770 | bonus=0.4613 | score=+0.9383 | raw=+0.9383 | p_mean_reward=0.6000
13:19:32 | VAL[2] | CVRP | select arm=1(elg) | reason=warm_start
     0(lehd            ): pulls=  10 | mean=+0.4774 | bonus=0.4623 | score=+0.9397 | raw=+0.9397 | p_mean_reward=0.8000
     1(elg             ): pulls=  10 | mean=+0.4774 | bonus=0.4623 | score=+0.9397 | raw=+0.9397 | p_mean_reward=0.8143 <--
     2(invit           ): pulls=  10 | mean=+0.4774 | bonus=0.4623 | score=+0.9397 | raw=+0.9397 | p_mean_reward=0.4286
     3(icam            ): pulls=  10 | mean=+0.4774 | bonus=0.4624 | score=+0.9398 | raw=+0.9398 | p_mean_reward=0.9143
     4(dact            ): pulls=  10 | mean=+0.4774 | bonus=0.4623 | score=+0.9397 | raw=+0.9397 | p_mean_reward=0.1429
     5(lih             ): pulls=  10 | mean=+0.4774 | bonus=0.4623 | score=+0.9397 | raw=+0.9397 | p_mean_reward=0.2286
     6(udc             ): pulls=  10 | mean=+0.4774 | bonus=0.4623 | score=+0.9397 | raw=+0.9397 | p_mean_reward=0.0429
     7(omni            ): pulls=  10 | mean=+0.4774 | bonus=0.4623 | score=+0.9397 | raw=+0.9397 | p_mean_reward=0.6000
13:19:37 | VAL[3] | CVRP | select arm=1(elg) | reason=warm_start
     0(lehd            ): pulls=  10 | mean=+0.4757 | bonus=0.4590 | score=+0.9347 | raw=+0.9347 | p_mean_reward=0.8000
     1(elg             ): pulls=  10 | mean=+0.4757 | bonus=0.4590 | score=+0.9347 | raw=+0.9347 | p_mean_reward=0.8143 <--
     2(invit           ): pulls=  10 | mean=+0.4757 | bonus=0.4590 | score=+0.9347 | raw=+0.9347 | p_mean_reward=0.4286
     3(icam            ): pulls=  10 | mean=+0.4757 | bonus=0.4590 | score=+0.9347 | raw=+0.9347 | p_mean_reward=0.9143
     4(dact            ): pulls=  10 | mean=+0.4757 | bonus=0.4590 | score=+0.9347 | raw=+0.9347 | p_mean_reward=0.1429
     5(lih             ): pulls=  10 | mean=+0.4757 | bonus=0.4590 | score=+0.9347 | raw=+0.9347 | p_mean_reward=0.2286
     6(udc             ): pulls=  10 | mean=+0.4757 | bonus=0.4590 | score=+0.9347 | raw=+0.9347 | p_mean_reward=0.0429
     7(omni            ): pulls=  10 | mean=+0.4757 | bonus=0.4590 | score=+0.9347 | raw=+0.9347 | p_mean_reward=0.6000
13:19:43 | VAL[4] | CVRP | select arm=1(elg) | reason=warm_start
     0(lehd            ): pulls=  10 | mean=+0.4778 | bonus=0.4635 | score=+0.9413 | raw=+0.9413 | p_mean_reward=0.8000
     1(elg             ): pulls=  10 | mean=+0.4778 | bonus=0.4635 | score=+0.9413 | raw=+0.9413 | p_mean_reward=0.8143 <--
     2(invit           ): pulls=  10 | mean=+0.4778 | bonus=0.4635 | score=+0.9413 | raw=+0.9413 | p_mean_reward=0.4286
     3(icam            ): pulls=  10 | mean=+0.4778 | bonus=0.4635 | score=+0.9413 | raw=+0.9413 | p_mean_reward=0.9143
     4(dact            ): pulls=  10 | mean=+0.4778 | bonus=0.4635 | score=+0.9413 | raw=+0.9413 | p_mean_reward=0.1429
     5(lih             ): pulls=  10 | mean=+0.4778 | bonus=0.4635 | score=+0.9413 | raw=+0.9413 | p_mean_reward=0.2286
     6(udc             ): pulls=  10 | mean=+0.4778 | bonus=0.4635 | score=+0.9413 | raw=+0.9413 | p_mean_reward=0.0429
     7(omni            ): pulls=  10 | mean=+0.4778 | bonus=0.4635 | score=+0.9413 | raw=+0.9413 | p_mean_reward=0.6000
13:19:50 | VAL[5] | CVRP | select arm=1(elg) | reason=warm_start
     0(lehd            ): pulls=  10 | mean=+0.4782 | bonus=0.4648 | score=+0.9430 | raw=+0.9430 | p_mean_reward=0.8000
     1(elg             ): pulls=  10 | mean=+0.4782 | bonus=0.4648 | score=+0.9430 | raw=+0.9430 | p_mean_reward=0.8143 <--
     2(invit           ): pulls=  10 | mean=+0.4782 | bonus=0.4648 | score=+0.9430 | raw=+0.9430 | p_mean_reward=0.4286
     3(icam            ): pulls=  10 | mean=+0.4782 | bonus=0.4648 | score=+0.9431 | raw=+0.9431 | p_mean_reward=0.9143
     4(dact            ): pulls=  10 | mean=+0.4782 | bonus=0.4648 | score=+0.9431 | raw=+0.9431 | p_mean_reward=0.1429
     5(lih             ): pulls=  10 | mean=+0.4782 | bonus=0.4648 | score=+0.9430 | raw=+0.9430 | p_mean_reward=0.2286
     6(udc             ): pulls=  10 | mean=+0.4782 | bonus=0.4648 | score=+0.9430 | raw=+0.9430 | p_mean_reward=0.0429
     7(omni            ): pulls=  10 | mean=+0.4782 | bonus=0.4648 | score=+0.9430 | raw=+0.9430 | p_mean_reward=0.6000
13:19:56 | VAL[6] | CVRP | select arm=1(elg) | reason=warm_start
     0(lehd            ): pulls=  10 | mean=+0.4778 | bonus=0.4635 | score=+0.9413 | raw=+0.9413 | p_mean_reward=0.8000
     1(elg             ): pulls=  10 | mean=+0.4778 | bonus=0.4635 | score=+0.9413 | raw=+0.9413 | p_mean_reward=0.8143 <--
     2(invit           ): pulls=  10 | mean=+0.4778 | bonus=0.4635 | score=+0.9413 | raw=+0.9413 | p_mean_reward=0.4286
     3(icam            ): pulls=  10 | mean=+0.4778 | bonus=0.4635 | score=+0.9413 | raw=+0.9413 | p_mean_reward=0.9143
     4(dact            ): pulls=  10 | mean=+0.4778 | bonus=0.4635 | score=+0.9413 | raw=+0.9413 | p_mean_reward=0.1429
     5(lih             ): pulls=  10 | mean=+0.4778 | bonus=0.4635 | score=+0.9413 | raw=+0.9413 | p_mean_reward=0.2286
     6(udc             ): pulls=  10 | mean=+0.4778 | bonus=0.4635 | score=+0.9413 | raw=+0.9413 | p_mean_reward=0.0429
     7(omni            ): pulls=  10 | mean=+0.4778 | bonus=0.4635 | score=+0.9413 | raw=+0.9413 | p_mean_reward=0.6000
13:20:02 | VAL[7] | CVRP | select arm=1(elg) | reason=warm_start
     0(lehd            ): pulls=  10 | mean=+0.4761 | bonus=0.4596 | score=+0.9357 | raw=+0.9357 | p_mean_reward=0.8000
     1(elg             ): pulls=  10 | mean=+0.4761 | bonus=0.4596 | score=+0.9357 | raw=+0.9357 | p_mean_reward=0.8143 <--
     2(invit           ): pulls=  10 | mean=+0.4761 | bonus=0.4596 | score=+0.9357 | raw=+0.9357 | p_mean_reward=0.4286
     3(icam            ): pulls=  10 | mean=+0.4761 | bonus=0.4597 | score=+0.9358 | raw=+0.9358 | p_mean_reward=0.9143
     4(dact            ): pulls=  10 | mean=+0.4761 | bonus=0.4596 | score=+0.9358 | raw=+0.9358 | p_mean_reward=0.1429
     5(lih             ): pulls=  10 | mean=+0.4761 | bonus=0.4596 | score=+0.9357 | raw=+0.9357 | p_mean_reward=0.2286
     6(udc             ): pulls=  10 | mean=+0.4761 | bonus=0.4596 | score=+0.9357 | raw=+0.9357 | p_mean_reward=0.0429
     7(omni            ): pulls=  10 | mean=+0.4761 | bonus=0.4596 | score=+0.9357 | raw=+0.9357 | p_mean_reward=0.6000
13:20:09 | VAL[8] | CVRP | select arm=1(elg) | reason=warm_start
     0(lehd            ): pulls=  10 | mean=+0.4799 | bonus=0.4713 | score=+0.9513 | raw=+0.9513 | p_mean_reward=0.8000
     1(elg             ): pulls=  10 | mean=+0.4799 | bonus=0.4713 | score=+0.9513 | raw=+0.9513 | p_mean_reward=0.8143 <--
     2(invit           ): pulls=  10 | mean=+0.4799 | bonus=0.4713 | score=+0.9512 | raw=+0.9512 | p_mean_reward=0.4286
     3(icam            ): pulls=  10 | mean=+0.4799 | bonus=0.4714 | score=+0.9513 | raw=+0.9513 | p_mean_reward=0.9143
     4(dact            ): pulls=  10 | mean=+0.4799 | bonus=0.4714 | score=+0.9513 | raw=+0.9513 | p_mean_reward=0.1429
     5(lih             ): pulls=  10 | mean=+0.4799 | bonus=0.4713 | score=+0.9512 | raw=+0.9512 | p_mean_reward=0.2286
     6(udc             ): pulls=  10 | mean=+0.4799 | bonus=0.4713 | score=+0.9513 | raw=+0.9513 | p_mean_reward=0.0429
     7(omni            ): pulls=  10 | mean=+0.4799 | bonus=0.4713 | score=+0.9512 | raw=+0.9512 | p_mean_reward=0.6000
13:20:15 | VAL[9] | CVRP | select arm=1(elg) | reason=warm_start
     0(lehd            ): pulls=  10 | mean=+0.4761 | bonus=0.4596 | score=+0.9357 | raw=+0.9357 | p_mean_reward=0.8000
     1(elg             ): pulls=  10 | mean=+0.4761 | bonus=0.4596 | score=+0.9357 | raw=+0.9357 | p_mean_reward=0.8143 <--
     2(invit           ): pulls=  10 | mean=+0.4761 | bonus=0.4596 | score=+0.9357 | raw=+0.9357 | p_mean_reward=0.4286
     3(icam            ): pulls=  10 | mean=+0.4761 | bonus=0.4597 | score=+0.9358 | raw=+0.9358 | p_mean_reward=0.9143
     4(dact            ): pulls=  10 | mean=+0.4761 | bonus=0.4597 | score=+0.9358 | raw=+0.9358 | p_mean_reward=0.1429
     5(lih             ): pulls=  10 | mean=+0.4761 | bonus=0.4596 | score=+0.9357 | raw=+0.9357 | p_mean_reward=0.2286
     6(udc             ): pulls=  10 | mean=+0.4761 | bonus=0.4596 | score=+0.9358 | raw=+0.9358 | p_mean_reward=0.0429
     7(omni            ): pulls=  10 | mean=+0.4761 | bonus=0.4596 | score=+0.9357 | raw=+0.9357 | p_mean_reward=0.6000
13:20:21 | VAL[10] | TSP | select arm=1(elg) | reason=warm_start
     0(lehd            ): pulls=   7 | mean=+0.4725 | bonus=0.4580 | score=+0.9305 | raw=+0.9305 | p_mean_reward=0.8766
     1(elg             ): pulls=   6 | mean=+0.4725 | bonus=0.4580 | score=+0.9305 | raw=+0.9305 | p_mean_reward=0.7121 <--
     2(invit           ): pulls=   6 | mean=+0.4725 | bonus=0.4579 | score=+0.9305 | raw=+0.9305 | p_mean_reward=0.5303
     3(icam            ): pulls=   6 | mean=+0.4726 | bonus=0.4580 | score=+0.9305 | raw=+0.9305 | p_mean_reward=0.8561
     4(dact            ): pulls=   7 | mean=+0.4725 | bonus=0.4580 | score=+0.9305 | raw=+0.9305 | p_mean_reward=0.1688
     5(lih             ): pulls=   7 | mean=+0.4725 | bonus=0.4580 | score=+0.9305 | raw=+0.9305 | p_mean_reward=0.0000
     6(udc             ): pulls=   6 | mean=+0.4725 | bonus=0.4580 | score=+0.9305 | raw=+0.9305 | p_mean_reward=0.1212
     7(omni            ): pulls=   7 | mean=+0.4725 | bonus=0.4579 | score=+0.9305 | raw=+0.9305 | p_mean_reward=0.5325
     8(pointerformer   ): pulls=   7 | mean=+0.4726 | bonus=0.4580 | score=+0.9305 | raw=+0.9305 | p_mean_reward=0.7987
     9(difusco         ): pulls=   7 | mean=+0.4726 | bonus=0.4580 | score=+0.9305 | raw=+0.9305 | p_mean_reward=0.8312
    10(t2t             ): pulls=   7 | mean=+0.4725 | bonus=0.4580 | score=+0.9305 | raw=+0.9305 | p_mean_reward=0.2857
    11(glop            ): pulls=   7 | mean=+0.4725 | bonus=0.4580 | score=+0.9305 | raw=+0.9305 | p_mean_reward=0.3636
13:20:24 | VAL[11] | TSP | select arm=1(elg) | reason=warm_start
     0(lehd            ): pulls=   7 | mean=+0.4717 | bonus=0.4557 | score=+0.9274 | raw=+0.9274 | p_mean_reward=0.8766
     1(elg             ): pulls=   6 | mean=+0.4717 | bonus=0.4557 | score=+0.9274 | raw=+0.9274 | p_mean_reward=0.7121 <--
     2(invit           ): pulls=   6 | mean=+0.4717 | bonus=0.4557 | score=+0.9274 | raw=+0.9274 | p_mean_reward=0.5303
     3(icam            ): pulls=   6 | mean=+0.4717 | bonus=0.4558 | score=+0.9275 | raw=+0.9275 | p_mean_reward=0.8561
     4(dact            ): pulls=   7 | mean=+0.4717 | bonus=0.4558 | score=+0.9275 | raw=+0.9275 | p_mean_reward=0.1688
     5(lih             ): pulls=   7 | mean=+0.4717 | bonus=0.4557 | score=+0.9274 | raw=+0.9274 | p_mean_reward=0.0000
     6(udc             ): pulls=   6 | mean=+0.4717 | bonus=0.4557 | score=+0.9274 | raw=+0.9274 | p_mean_reward=0.1212
     7(omni            ): pulls=   7 | mean=+0.4717 | bonus=0.4557 | score=+0.9274 | raw=+0.9274 | p_mean_reward=0.5325
     8(pointerformer   ): pulls=   7 | mean=+0.4717 | bonus=0.4558 | score=+0.9275 | raw=+0.9275 | p_mean_reward=0.7987
     9(difusco         ): pulls=   7 | mean=+0.4717 | bonus=0.4558 | score=+0.9275 | raw=+0.9275 | p_mean_reward=0.8312
    10(t2t             ): pulls=   7 | mean=+0.4717 | bonus=0.4557 | score=+0.9274 | raw=+0.9274 | p_mean_reward=0.2857
    11(glop            ): pulls=   7 | mean=+0.4717 | bonus=0.4558 | score=+0.9275 | raw=+0.9275 | p_mean_reward=0.3636
13:20:26 | VAL[12] | TSP | select arm=1(elg) | reason=warm_start
     0(lehd            ): pulls=   7 | mean=+0.4721 | bonus=0.4568 | score=+0.9289 | raw=+0.9289 | p_mean_reward=0.8766
     1(elg             ): pulls=   6 | mean=+0.4721 | bonus=0.4568 | score=+0.9289 | raw=+0.9289 | p_mean_reward=0.7121 <--
     2(invit           ): pulls=   6 | mean=+0.4721 | bonus=0.4568 | score=+0.9289 | raw=+0.9289 | p_mean_reward=0.5303
     3(icam            ): pulls=   6 | mean=+0.4721 | bonus=0.4568 | score=+0.9289 | raw=+0.9289 | p_mean_reward=0.8561
     4(dact            ): pulls=   7 | mean=+0.4721 | bonus=0.4568 | score=+0.9289 | raw=+0.9289 | p_mean_reward=0.1688
     5(lih             ): pulls=   7 | mean=+0.4721 | bonus=0.4568 | score=+0.9289 | raw=+0.9289 | p_mean_reward=0.0000
     6(udc             ): pulls=   6 | mean=+0.4721 | bonus=0.4568 | score=+0.9289 | raw=+0.9289 | p_mean_reward=0.1212
     7(omni            ): pulls=   7 | mean=+0.4721 | bonus=0.4568 | score=+0.9289 | raw=+0.9289 | p_mean_reward=0.5325
     8(pointerformer   ): pulls=   7 | mean=+0.4721 | bonus=0.4568 | score=+0.9289 | raw=+0.9289 | p_mean_reward=0.7987
     9(difusco         ): pulls=   7 | mean=+0.4721 | bonus=0.4568 | score=+0.9289 | raw=+0.9289 | p_mean_reward=0.8312
    10(t2t             ): pulls=   7 | mean=+0.4721 | bonus=0.4568 | score=+0.9289 | raw=+0.9289 | p_mean_reward=0.2857
    11(glop            ): pulls=   7 | mean=+0.4721 | bonus=0.4568 | score=+0.9289 | raw=+0.9289 | p_mean_reward=0.3636
13:20:27 | VAL[13] | TSP | select arm=1(elg) | reason=warm_start
     0(lehd            ): pulls=   7 | mean=+0.4709 | bonus=0.4541 | score=+0.9249 | raw=+0.9249 | p_mean_reward=0.8766
     1(elg             ): pulls=   6 | mean=+0.4709 | bonus=0.4541 | score=+0.9249 | raw=+0.9249 | p_mean_reward=0.7121 <--
     2(invit           ): pulls=   6 | mean=+0.4709 | bonus=0.4541 | score=+0.9249 | raw=+0.9249 | p_mean_reward=0.5303
     3(icam            ): pulls=   6 | mean=+0.4709 | bonus=0.4541 | score=+0.9250 | raw=+0.9250 | p_mean_reward=0.8561
     4(dact            ): pulls=   7 | mean=+0.4709 | bonus=0.4541 | score=+0.9250 | raw=+0.9250 | p_mean_reward=0.1688
     5(lih             ): pulls=   7 | mean=+0.4709 | bonus=0.4541 | score=+0.9249 | raw=+0.9249 | p_mean_reward=0.0000
     6(udc             ): pulls=   6 | mean=+0.4709 | bonus=0.4541 | score=+0.9249 | raw=+0.9249 | p_mean_reward=0.1212
     7(omni            ): pulls=   7 | mean=+0.4709 | bonus=0.4541 | score=+0.9249 | raw=+0.9249 | p_mean_reward=0.5325
     8(pointerformer   ): pulls=   7 | mean=+0.4709 | bonus=0.4541 | score=+0.9250 | raw=+0.9250 | p_mean_reward=0.7987
     9(difusco         ): pulls=   7 | mean=+0.4709 | bonus=0.4541 | score=+0.9250 | raw=+0.9250 | p_mean_reward=0.8312
    10(t2t             ): pulls=   7 | mean=+0.4709 | bonus=0.4541 | score=+0.9249 | raw=+0.9249 | p_mean_reward=0.2857
    11(glop            ): pulls=   7 | mean=+0.4709 | bonus=0.4541 | score=+0.9250 | raw=+0.9250 | p_mean_reward=0.3636
13:20:29 | VAL[14] | TSP | select arm=1(elg) | reason=warm_start
     0(lehd            ): pulls=   7 | mean=+0.4751 | bonus=0.4678 | score=+0.9429 | raw=+0.9429 | p_mean_reward=0.8766
     1(elg             ): pulls=   6 | mean=+0.4751 | bonus=0.4678 | score=+0.9429 | raw=+0.9429 | p_mean_reward=0.7121 <--
     2(invit           ): pulls=   6 | mean=+0.4751 | bonus=0.4678 | score=+0.9429 | raw=+0.9429 | p_mean_reward=0.5303
     3(icam            ): pulls=   6 | mean=+0.4751 | bonus=0.4678 | score=+0.9429 | raw=+0.9429 | p_mean_reward=0.8561
     4(dact            ): pulls=   7 | mean=+0.4751 | bonus=0.4678 | score=+0.9429 | raw=+0.9429 | p_mean_reward=0.1688
     5(lih             ): pulls=   7 | mean=+0.4751 | bonus=0.4678 | score=+0.9429 | raw=+0.9429 | p_mean_reward=0.0000
     6(udc             ): pulls=   6 | mean=+0.4751 | bonus=0.4678 | score=+0.9429 | raw=+0.9429 | p_mean_reward=0.1212
     7(omni            ): pulls=   7 | mean=+0.4751 | bonus=0.4678 | score=+0.9429 | raw=+0.9429 | p_mean_reward=0.5325
     8(pointerformer   ): pulls=   7 | mean=+0.4751 | bonus=0.4678 | score=+0.9429 | raw=+0.9429 | p_mean_reward=0.7987
     9(difusco         ): pulls=   7 | mean=+0.4751 | bonus=0.4679 | score=+0.9429 | raw=+0.9429 | p_mean_reward=0.8312
    10(t2t             ): pulls=   7 | mean=+0.4751 | bonus=0.4678 | score=+0.9429 | raw=+0.9429 | p_mean_reward=0.2857
    11(glop            ): pulls=   7 | mean=+0.4751 | bonus=0.4678 | score=+0.9429 | raw=+0.9429 | p_mean_reward=0.3636
13:20:34 | VAL[15] | TSP | select arm=1(elg) | reason=warm_start
     0(lehd            ): pulls=   7 | mean=+0.4742 | bonus=0.4640 | score=+0.9382 | raw=+0.9382 | p_mean_reward=0.8766
     1(elg             ): pulls=   6 | mean=+0.4742 | bonus=0.4640 | score=+0.9382 | raw=+0.9382 | p_mean_reward=0.7121 <--
     2(invit           ): pulls=   6 | mean=+0.4742 | bonus=0.4640 | score=+0.9382 | raw=+0.9382 | p_mean_reward=0.5303
     3(icam            ): pulls=   6 | mean=+0.4742 | bonus=0.4640 | score=+0.9383 | raw=+0.9383 | p_mean_reward=0.8561
     4(dact            ): pulls=   7 | mean=+0.4742 | bonus=0.4640 | score=+0.9383 | raw=+0.9383 | p_mean_reward=0.1688
     5(lih             ): pulls=   7 | mean=+0.4742 | bonus=0.4640 | score=+0.9382 | raw=+0.9382 | p_mean_reward=0.0000
     6(udc             ): pulls=   6 | mean=+0.4742 | bonus=0.4640 | score=+0.9382 | raw=+0.9382 | p_mean_reward=0.1212
     7(omni            ): pulls=   7 | mean=+0.4742 | bonus=0.4640 | score=+0.9382 | raw=+0.9382 | p_mean_reward=0.5325
     8(pointerformer   ): pulls=   7 | mean=+0.4742 | bonus=0.4640 | score=+0.9383 | raw=+0.9383 | p_mean_reward=0.7987
     9(difusco         ): pulls=   7 | mean=+0.4742 | bonus=0.4640 | score=+0.9383 | raw=+0.9383 | p_mean_reward=0.8312
    10(t2t             ): pulls=   7 | mean=+0.4742 | bonus=0.4640 | score=+0.9382 | raw=+0.9382 | p_mean_reward=0.2857
    11(glop            ): pulls=   7 | mean=+0.4742 | bonus=0.4640 | score=+0.9383 | raw=+0.9383 | p_mean_reward=0.3636
13:20:39 | VAL[16] | TSP | select arm=1(elg) | reason=warm_start
     0(lehd            ): pulls=   7 | mean=+0.4717 | bonus=0.4557 | score=+0.9274 | raw=+0.9274 | p_mean_reward=0.8766
     1(elg             ): pulls=   6 | mean=+0.4717 | bonus=0.4557 | score=+0.9274 | raw=+0.9274 | p_mean_reward=0.7121 <--
     2(invit           ): pulls=   6 | mean=+0.4717 | bonus=0.4557 | score=+0.9274 | raw=+0.9274 | p_mean_reward=0.5303
     3(icam            ): pulls=   6 | mean=+0.4717 | bonus=0.4558 | score=+0.9275 | raw=+0.9275 | p_mean_reward=0.8561
     4(dact            ): pulls=   7 | mean=+0.4717 | bonus=0.4558 | score=+0.9275 | raw=+0.9275 | p_mean_reward=0.1688
     5(lih             ): pulls=   7 | mean=+0.4717 | bonus=0.4557 | score=+0.9274 | raw=+0.9274 | p_mean_reward=0.0000
     6(udc             ): pulls=   6 | mean=+0.4717 | bonus=0.4557 | score=+0.9274 | raw=+0.9274 | p_mean_reward=0.1212
     7(omni            ): pulls=   7 | mean=+0.4717 | bonus=0.4557 | score=+0.9274 | raw=+0.9274 | p_mean_reward=0.5325
     8(pointerformer   ): pulls=   7 | mean=+0.4717 | bonus=0.4558 | score=+0.9275 | raw=+0.9275 | p_mean_reward=0.7987
     9(difusco         ): pulls=   7 | mean=+0.4717 | bonus=0.4558 | score=+0.9275 | raw=+0.9275 | p_mean_reward=0.8312
    10(t2t             ): pulls=   7 | mean=+0.4717 | bonus=0.4557 | score=+0.9274 | raw=+0.9274 | p_mean_reward=0.2857
    11(glop            ): pulls=   7 | mean=+0.4717 | bonus=0.4558 | score=+0.9275 | raw=+0.9275 | p_mean_reward=0.3636
13:20:45 | VAL[17] | TSP | select arm=1(elg) | reason=warm_start
     0(lehd            ): pulls=   7 | mean=+0.4738 | bonus=0.4623 | score=+0.9361 | raw=+0.9361 | p_mean_reward=0.8766
     1(elg             ): pulls=   6 | mean=+0.4738 | bonus=0.4623 | score=+0.9361 | raw=+0.9361 | p_mean_reward=0.7121 <--
     2(invit           ): pulls=   6 | mean=+0.4738 | bonus=0.4623 | score=+0.9361 | raw=+0.9361 | p_mean_reward=0.5303
     3(icam            ): pulls=   6 | mean=+0.4738 | bonus=0.4623 | score=+0.9361 | raw=+0.9361 | p_mean_reward=0.8561
     4(dact            ): pulls=   7 | mean=+0.4738 | bonus=0.4623 | score=+0.9361 | raw=+0.9361 | p_mean_reward=0.1688
     5(lih             ): pulls=   7 | mean=+0.4738 | bonus=0.4623 | score=+0.9361 | raw=+0.9361 | p_mean_reward=0.0000
     6(udc             ): pulls=   6 | mean=+0.4738 | bonus=0.4623 | score=+0.9361 | raw=+0.9361 | p_mean_reward=0.1212
     7(omni            ): pulls=   7 | mean=+0.4738 | bonus=0.4623 | score=+0.9361 | raw=+0.9361 | p_mean_reward=0.5325
     8(pointerformer   ): pulls=   7 | mean=+0.4738 | bonus=0.4623 | score=+0.9361 | raw=+0.9361 | p_mean_reward=0.7987
     9(difusco         ): pulls=   7 | mean=+0.4738 | bonus=0.4623 | score=+0.9362 | raw=+0.9362 | p_mean_reward=0.8312
    10(t2t             ): pulls=   7 | mean=+0.4738 | bonus=0.4623 | score=+0.9361 | raw=+0.9361 | p_mean_reward=0.2857
    11(glop            ): pulls=   7 | mean=+0.4738 | bonus=0.4623 | score=+0.9361 | raw=+0.9361 | p_mean_reward=0.3636
13:20:51 | VAL[18] | TSP | select arm=1(elg) | reason=warm_start
     0(lehd            ): pulls=   7 | mean=+0.4713 | bonus=0.4549 | score=+0.9261 | raw=+0.9261 | p_mean_reward=0.8766
     1(elg             ): pulls=   6 | mean=+0.4713 | bonus=0.4549 | score=+0.9261 | raw=+0.9261 | p_mean_reward=0.7121 <--
     2(invit           ): pulls=   6 | mean=+0.4713 | bonus=0.4548 | score=+0.9261 | raw=+0.9261 | p_mean_reward=0.5303
     3(icam            ): pulls=   6 | mean=+0.4713 | bonus=0.4549 | score=+0.9262 | raw=+0.9262 | p_mean_reward=0.8561
     4(dact            ): pulls=   7 | mean=+0.4713 | bonus=0.4549 | score=+0.9261 | raw=+0.9261 | p_mean_reward=0.1688
     5(lih             ): pulls=   7 | mean=+0.4713 | bonus=0.4549 | score=+0.9261 | raw=+0.9261 | p_mean_reward=0.0000
     6(udc             ): pulls=   6 | mean=+0.4713 | bonus=0.4549 | score=+0.9261 | raw=+0.9261 | p_mean_reward=0.1212
     7(omni            ): pulls=   7 | mean=+0.4713 | bonus=0.4548 | score=+0.9261 | raw=+0.9261 | p_mean_reward=0.5325
     8(pointerformer   ): pulls=   7 | mean=+0.4713 | bonus=0.4549 | score=+0.9262 | raw=+0.9262 | p_mean_reward=0.7987
     9(difusco         ): pulls=   7 | mean=+0.4713 | bonus=0.4549 | score=+0.9262 | raw=+0.9262 | p_mean_reward=0.8312
    10(t2t             ): pulls=   7 | mean=+0.4713 | bonus=0.4549 | score=+0.9261 | raw=+0.9261 | p_mean_reward=0.2857
    11(glop            ): pulls=   7 | mean=+0.4713 | bonus=0.4549 | score=+0.9262 | raw=+0.9262 | p_mean_reward=0.3636
13:20:51 | VAL[19] | TSP | select arm=1(elg) | reason=warm_start
     0(lehd            ): pulls=   7 | mean=+0.4738 | bonus=0.4623 | score=+0.9361 | raw=+0.9361 | p_mean_reward=0.8766
     1(elg             ): pulls=   6 | mean=+0.4738 | bonus=0.4623 | score=+0.9361 | raw=+0.9361 | p_mean_reward=0.7121 <--
     2(invit           ): pulls=   6 | mean=+0.4738 | bonus=0.4623 | score=+0.9361 | raw=+0.9361 | p_mean_reward=0.5303
     3(icam            ): pulls=   6 | mean=+0.4738 | bonus=0.4623 | score=+0.9361 | raw=+0.9361 | p_mean_reward=0.8561
     4(dact            ): pulls=   7 | mean=+0.4738 | bonus=0.4623 | score=+0.9361 | raw=+0.9361 | p_mean_reward=0.1688
     5(lih             ): pulls=   7 | mean=+0.4738 | bonus=0.4623 | score=+0.9361 | raw=+0.9361 | p_mean_reward=0.0000
     6(udc             ): pulls=   6 | mean=+0.4738 | bonus=0.4623 | score=+0.9361 | raw=+0.9361 | p_mean_reward=0.1212
     7(omni            ): pulls=   7 | mean=+0.4738 | bonus=0.4623 | score=+0.9361 | raw=+0.9361 | p_mean_reward=0.5325
     8(pointerformer   ): pulls=   7 | mean=+0.4738 | bonus=0.4623 | score=+0.9361 | raw=+0.9361 | p_mean_reward=0.7987
     9(difusco         ): pulls=   7 | mean=+0.4738 | bonus=0.4623 | score=+0.9362 | raw=+0.9362 | p_mean_reward=0.8312
    10(t2t             ): pulls=   7 | mean=+0.4738 | bonus=0.4623 | score=+0.9361 | raw=+0.9361 | p_mean_reward=0.2857
    11(glop            ): pulls=   7 | mean=+0.4738 | bonus=0.4623 | score=+0.9361 | raw=+0.9361 | p_mean_reward=0.3636
13:21:00 | TEST[0] | CVRP | select arm=1(elg) | reason=warm_start
     0(lehd            ): pulls=  10 | mean=+0.4761 | bonus=0.4596 | score=+0.9357 | raw=+0.9357 | p_mean_reward=0.8000
     1(elg             ): pulls=  10 | mean=+0.4761 | bonus=0.4596 | score=+0.9357 | raw=+0.9357 | p_mean_reward=0.8143 <--
     2(invit           ): pulls=  10 | mean=+0.4761 | bonus=0.4596 | score=+0.9357 | raw=+0.9357 | p_mean_reward=0.4286
     3(icam            ): pulls=  10 | mean=+0.4761 | bonus=0.4597 | score=+0.9358 | raw=+0.9358 | p_mean_reward=0.9143
     4(dact            ): pulls=  10 | mean=+0.4761 | bonus=0.4597 | score=+0.9358 | raw=+0.9358 | p_mean_reward=0.1429
     5(lih             ): pulls=  10 | mean=+0.4761 | bonus=0.4596 | score=+0.9357 | raw=+0.9357 | p_mean_reward=0.2286
     6(udc             ): pulls=  10 | mean=+0.4761 | bonus=0.4596 | score=+0.9357 | raw=+0.9357 | p_mean_reward=0.0429
     7(omni            ): pulls=  10 | mean=+0.4761 | bonus=0.4596 | score=+0.9357 | raw=+0.9357 | p_mean_reward=0.6000
13:21:06 | TEST[1] | CVRP | select arm=1(elg) | reason=warm_start
     0(lehd            ): pulls=  10 | mean=+0.4799 | bonus=0.4713 | score=+0.9513 | raw=+0.9513 | p_mean_reward=0.8000
     1(elg             ): pulls=  10 | mean=+0.4799 | bonus=0.4714 | score=+0.9513 | raw=+0.9513 | p_mean_reward=0.8143 <--
     2(invit           ): pulls=  10 | mean=+0.4799 | bonus=0.4713 | score=+0.9513 | raw=+0.9513 | p_mean_reward=0.4286
     3(icam            ): pulls=  10 | mean=+0.4799 | bonus=0.4714 | score=+0.9513 | raw=+0.9513 | p_mean_reward=0.9143
     4(dact            ): pulls=  10 | mean=+0.4799 | bonus=0.4714 | score=+0.9513 | raw=+0.9513 | p_mean_reward=0.1429
     5(lih             ): pulls=  10 | mean=+0.4799 | bonus=0.4713 | score=+0.9513 | raw=+0.9513 | p_mean_reward=0.2286
     6(udc             ): pulls=  10 | mean=+0.4799 | bonus=0.4714 | score=+0.9513 | raw=+0.9513 | p_mean_reward=0.0429
     7(omni            ): pulls=  10 | mean=+0.4799 | bonus=0.4713 | score=+0.9513 | raw=+0.9513 | p_mean_reward=0.6000
13:21:10 | TEST[2] | CVRP | select arm=1(elg) | reason=warm_start
     0(lehd            ): pulls=  10 | mean=+0.4774 | bonus=0.4623 | score=+0.9397 | raw=+0.9397 | p_mean_reward=0.8000
     1(elg             ): pulls=  10 | mean=+0.4774 | bonus=0.4623 | score=+0.9397 | raw=+0.9397 | p_mean_reward=0.8143 <--
     2(invit           ): pulls=  10 | mean=+0.4774 | bonus=0.4623 | score=+0.9397 | raw=+0.9397 | p_mean_reward=0.4286
     3(icam            ): pulls=  10 | mean=+0.4774 | bonus=0.4624 | score=+0.9397 | raw=+0.9397 | p_mean_reward=0.9143
     4(dact            ): pulls=  10 | mean=+0.4774 | bonus=0.4623 | score=+0.9397 | raw=+0.9397 | p_mean_reward=0.1429
     5(lih             ): pulls=  10 | mean=+0.4774 | bonus=0.4623 | score=+0.9397 | raw=+0.9397 | p_mean_reward=0.2286
     6(udc             ): pulls=  10 | mean=+0.4774 | bonus=0.4623 | score=+0.9397 | raw=+0.9397 | p_mean_reward=0.0429
     7(omni            ): pulls=  10 | mean=+0.4774 | bonus=0.4623 | score=+0.9397 | raw=+0.9397 | p_mean_reward=0.6000
13:21:17 | TEST[3] | CVRP | select arm=1(elg) | reason=warm_start
     0(lehd            ): pulls=  10 | mean=+0.4765 | bonus=0.4604 | score=+0.9369 | raw=+0.9369 | p_mean_reward=0.8000
     1(elg             ): pulls=  10 | mean=+0.4765 | bonus=0.4604 | score=+0.9369 | raw=+0.9369 | p_mean_reward=0.8143 <--
     2(invit           ): pulls=  10 | mean=+0.4765 | bonus=0.4604 | score=+0.9369 | raw=+0.9369 | p_mean_reward=0.4286
     3(icam            ): pulls=  10 | mean=+0.4765 | bonus=0.4604 | score=+0.9370 | raw=+0.9370 | p_mean_reward=0.9143
     4(dact            ): pulls=  10 | mean=+0.4765 | bonus=0.4604 | score=+0.9370 | raw=+0.9370 | p_mean_reward=0.1429
     5(lih             ): pulls=  10 | mean=+0.4765 | bonus=0.4604 | score=+0.9369 | raw=+0.9369 | p_mean_reward=0.2286
     6(udc             ): pulls=  10 | mean=+0.4765 | bonus=0.4604 | score=+0.9369 | raw=+0.9369 | p_mean_reward=0.0429
     7(omni            ): pulls=  10 | mean=+0.4765 | bonus=0.4604 | score=+0.9369 | raw=+0.9369 | p_mean_reward=0.6000
13:21:24 | TEST[4] | CVRP | select arm=1(elg) | reason=warm_start
     0(lehd            ): pulls=  10 | mean=+0.4757 | bonus=0.4590 | score=+0.9347 | raw=+0.9347 | p_mean_reward=0.8000
     1(elg             ): pulls=  10 | mean=+0.4757 | bonus=0.4590 | score=+0.9347 | raw=+0.9347 | p_mean_reward=0.8143 <--
     2(invit           ): pulls=  10 | mean=+0.4757 | bonus=0.4590 | score=+0.9347 | raw=+0.9347 | p_mean_reward=0.4286
     3(icam            ): pulls=  10 | mean=+0.4757 | bonus=0.4590 | score=+0.9347 | raw=+0.9347 | p_mean_reward=0.9143
     4(dact            ): pulls=  10 | mean=+0.4757 | bonus=0.4590 | score=+0.9347 | raw=+0.9347 | p_mean_reward=0.1429
     5(lih             ): pulls=  10 | mean=+0.4757 | bonus=0.4590 | score=+0.9347 | raw=+0.9347 | p_mean_reward=0.2286
     6(udc             ): pulls=  10 | mean=+0.4757 | bonus=0.4590 | score=+0.9347 | raw=+0.9347 | p_mean_reward=0.0429
     7(omni            ): pulls=  10 | mean=+0.4757 | bonus=0.4590 | score=+0.9347 | raw=+0.9347 | p_mean_reward=0.6000
13:21:30 | TEST[5] | CVRP | select arm=1(elg) | reason=warm_start
     0(lehd            ): pulls=  10 | mean=+0.4774 | bonus=0.4623 | score=+0.9397 | raw=+0.9397 | p_mean_reward=0.8000
     1(elg             ): pulls=  10 | mean=+0.4774 | bonus=0.4623 | score=+0.9397 | raw=+0.9397 | p_mean_reward=0.8143 <--
     2(invit           ): pulls=  10 | mean=+0.4774 | bonus=0.4623 | score=+0.9397 | raw=+0.9397 | p_mean_reward=0.4286
     3(icam            ): pulls=  10 | mean=+0.4774 | bonus=0.4624 | score=+0.9397 | raw=+0.9397 | p_mean_reward=0.9143
     4(dact            ): pulls=  10 | mean=+0.4774 | bonus=0.4623 | score=+0.9397 | raw=+0.9397 | p_mean_reward=0.1429
     5(lih             ): pulls=  10 | mean=+0.4774 | bonus=0.4623 | score=+0.9397 | raw=+0.9397 | p_mean_reward=0.2286
     6(udc             ): pulls=  10 | mean=+0.4774 | bonus=0.4623 | score=+0.9397 | raw=+0.9397 | p_mean_reward=0.0429
     7(omni            ): pulls=  10 | mean=+0.4774 | bonus=0.4623 | score=+0.9397 | raw=+0.9397 | p_mean_reward=0.6000
13:21:37 | TEST[6] | CVRP | select arm=1(elg) | reason=warm_start
     0(lehd            ): pulls=  10 | mean=+0.4769 | bonus=0.4613 | score=+0.9382 | raw=+0.9382 | p_mean_reward=0.8000
     1(elg             ): pulls=  10 | mean=+0.4769 | bonus=0.4613 | score=+0.9383 | raw=+0.9383 | p_mean_reward=0.8143 <--
     2(invit           ): pulls=  10 | mean=+0.4769 | bonus=0.4613 | score=+0.9382 | raw=+0.9382 | p_mean_reward=0.4286
     3(icam            ): pulls=  10 | mean=+0.4770 | bonus=0.4613 | score=+0.9383 | raw=+0.9383 | p_mean_reward=0.9143
     4(dact            ): pulls=  10 | mean=+0.4770 | bonus=0.4613 | score=+0.9383 | raw=+0.9383 | p_mean_reward=0.1429
     5(lih             ): pulls=  10 | mean=+0.4769 | bonus=0.4613 | score=+0.9382 | raw=+0.9382 | p_mean_reward=0.2286
     6(udc             ): pulls=  10 | mean=+0.4769 | bonus=0.4613 | score=+0.9383 | raw=+0.9383 | p_mean_reward=0.0429
     7(omni            ): pulls=  10 | mean=+0.4769 | bonus=0.4613 | score=+0.9382 | raw=+0.9382 | p_mean_reward=0.6000
13:21:43 | TEST[7] | CVRP | select arm=1(elg) | reason=warm_start
     0(lehd            ): pulls=  10 | mean=+0.4757 | bonus=0.4590 | score=+0.9347 | raw=+0.9347 | p_mean_reward=0.8000
     1(elg             ): pulls=  10 | mean=+0.4757 | bonus=0.4590 | score=+0.9347 | raw=+0.9347 | p_mean_reward=0.8143 <--
     2(invit           ): pulls=  10 | mean=+0.4757 | bonus=0.4590 | score=+0.9347 | raw=+0.9347 | p_mean_reward=0.4286
     3(icam            ): pulls=  10 | mean=+0.4757 | bonus=0.4590 | score=+0.9347 | raw=+0.9347 | p_mean_reward=0.9143
     4(dact            ): pulls=  10 | mean=+0.4757 | bonus=0.4590 | score=+0.9347 | raw=+0.9347 | p_mean_reward=0.1429
     5(lih             ): pulls=  10 | mean=+0.4757 | bonus=0.4590 | score=+0.9347 | raw=+0.9347 | p_mean_reward=0.2286
     6(udc             ): pulls=  10 | mean=+0.4757 | bonus=0.4590 | score=+0.9347 | raw=+0.9347 | p_mean_reward=0.0429
     7(omni            ): pulls=  10 | mean=+0.4757 | bonus=0.4590 | score=+0.9347 | raw=+0.9347 | p_mean_reward=0.6000
13:21:48 | TEST[8] | CVRP | select arm=1(elg) | reason=warm_start
     0(lehd            ): pulls=  10 | mean=+0.4761 | bonus=0.4596 | score=+0.9357 | raw=+0.9357 | p_mean_reward=0.8000
     1(elg             ): pulls=  10 | mean=+0.4761 | bonus=0.4596 | score=+0.9357 | raw=+0.9357 | p_mean_reward=0.8143 <--
     2(invit           ): pulls=  10 | mean=+0.4761 | bonus=0.4596 | score=+0.9357 | raw=+0.9357 | p_mean_reward=0.4286
     3(icam            ): pulls=  10 | mean=+0.4761 | bonus=0.4597 | score=+0.9358 | raw=+0.9358 | p_mean_reward=0.9143
     4(dact            ): pulls=  10 | mean=+0.4761 | bonus=0.4597 | score=+0.9358 | raw=+0.9358 | p_mean_reward=0.1429
     5(lih             ): pulls=  10 | mean=+0.4761 | bonus=0.4596 | score=+0.9357 | raw=+0.9357 | p_mean_reward=0.2286
     6(udc             ): pulls=  10 | mean=+0.4761 | bonus=0.4596 | score=+0.9357 | raw=+0.9357 | p_mean_reward=0.0429
     7(omni            ): pulls=  10 | mean=+0.4761 | bonus=0.4596 | score=+0.9357 | raw=+0.9357 | p_mean_reward=0.6000
13:21:55 | TEST[9] | CVRP | select arm=1(elg) | reason=warm_start
     0(lehd            ): pulls=  10 | mean=+0.4765 | bonus=0.4604 | score=+0.9369 | raw=+0.9369 | p_mean_reward=0.8000
     1(elg             ): pulls=  10 | mean=+0.4765 | bonus=0.4604 | score=+0.9369 | raw=+0.9369 | p_mean_reward=0.8143 <--
     2(invit           ): pulls=  10 | mean=+0.4765 | bonus=0.4604 | score=+0.9369 | raw=+0.9369 | p_mean_reward=0.4286
     3(icam            ): pulls=  10 | mean=+0.4765 | bonus=0.4604 | score=+0.9370 | raw=+0.9370 | p_mean_reward=0.9143
     4(dact            ): pulls=  10 | mean=+0.4765 | bonus=0.4604 | score=+0.9369 | raw=+0.9369 | p_mean_reward=0.1429
     5(lih             ): pulls=  10 | mean=+0.4765 | bonus=0.4604 | score=+0.9369 | raw=+0.9369 | p_mean_reward=0.2286
     6(udc             ): pulls=  10 | mean=+0.4765 | bonus=0.4604 | score=+0.9369 | raw=+0.9369 | p_mean_reward=0.0429
     7(omni            ): pulls=  10 | mean=+0.4765 | bonus=0.4604 | score=+0.9369 | raw=+0.9369 | p_mean_reward=0.6000
13:22:01 | TEST[10] | TSP | select arm=1(elg) | reason=warm_start
     0(lehd            ): pulls=   7 | mean=+0.4721 | bonus=0.4568 | score=+0.9289 | raw=+0.9289 | p_mean_reward=0.8766
     1(elg             ): pulls=   6 | mean=+0.4721 | bonus=0.4568 | score=+0.9289 | raw=+0.9289 | p_mean_reward=0.7121 <--
     2(invit           ): pulls=   6 | mean=+0.4721 | bonus=0.4568 | score=+0.9289 | raw=+0.9289 | p_mean_reward=0.5303
     3(icam            ): pulls=   6 | mean=+0.4721 | bonus=0.4568 | score=+0.9289 | raw=+0.9289 | p_mean_reward=0.8561
     4(dact            ): pulls=   7 | mean=+0.4721 | bonus=0.4568 | score=+0.9289 | raw=+0.9289 | p_mean_reward=0.1688
     5(lih             ): pulls=   7 | mean=+0.4721 | bonus=0.4568 | score=+0.9289 | raw=+0.9289 | p_mean_reward=0.0000
     6(udc             ): pulls=   6 | mean=+0.4721 | bonus=0.4568 | score=+0.9289 | raw=+0.9289 | p_mean_reward=0.1212
     7(omni            ): pulls=   7 | mean=+0.4721 | bonus=0.4568 | score=+0.9289 | raw=+0.9289 | p_mean_reward=0.5325
     8(pointerformer   ): pulls=   7 | mean=+0.4721 | bonus=0.4568 | score=+0.9289 | raw=+0.9289 | p_mean_reward=0.7987
     9(difusco         ): pulls=   7 | mean=+0.4721 | bonus=0.4568 | score=+0.9289 | raw=+0.9289 | p_mean_reward=0.8312
    10(t2t             ): pulls=   7 | mean=+0.4721 | bonus=0.4568 | score=+0.9289 | raw=+0.9289 | p_mean_reward=0.2857
    11(glop            ): pulls=   7 | mean=+0.4721 | bonus=0.4568 | score=+0.9289 | raw=+0.9289 | p_mean_reward=0.3636
13:22:09 | TEST[11] | TSP | select arm=1(elg) | reason=warm_start
     0(lehd            ): pulls=   7 | mean=+0.4730 | bonus=0.4593 | score=+0.9322 | raw=+0.9322 | p_mean_reward=0.8766
     1(elg             ): pulls=   6 | mean=+0.4730 | bonus=0.4593 | score=+0.9322 | raw=+0.9322 | p_mean_reward=0.7121 <--
     2(invit           ): pulls=   6 | mean=+0.4730 | bonus=0.4593 | score=+0.9322 | raw=+0.9322 | p_mean_reward=0.5303
     3(icam            ): pulls=   6 | mean=+0.4730 | bonus=0.4593 | score=+0.9323 | raw=+0.9323 | p_mean_reward=0.8561
     4(dact            ): pulls=   7 | mean=+0.4730 | bonus=0.4593 | score=+0.9323 | raw=+0.9323 | p_mean_reward=0.1688
     5(lih             ): pulls=   7 | mean=+0.4730 | bonus=0.4593 | score=+0.9322 | raw=+0.9322 | p_mean_reward=0.0000
     6(udc             ): pulls=   6 | mean=+0.4730 | bonus=0.4593 | score=+0.9322 | raw=+0.9322 | p_mean_reward=0.1212
     7(omni            ): pulls=   7 | mean=+0.4730 | bonus=0.4593 | score=+0.9322 | raw=+0.9322 | p_mean_reward=0.5325
     8(pointerformer   ): pulls=   7 | mean=+0.4730 | bonus=0.4593 | score=+0.9323 | raw=+0.9323 | p_mean_reward=0.7987
     9(difusco         ): pulls=   7 | mean=+0.4730 | bonus=0.4593 | score=+0.9323 | raw=+0.9323 | p_mean_reward=0.8312
    10(t2t             ): pulls=   7 | mean=+0.4730 | bonus=0.4593 | score=+0.9322 | raw=+0.9322 | p_mean_reward=0.2857
    11(glop            ): pulls=   7 | mean=+0.4730 | bonus=0.4593 | score=+0.9323 | raw=+0.9323 | p_mean_reward=0.3636
13:22:10 | TEST[12] | TSP | select arm=1(elg) | reason=warm_start
     0(lehd            ): pulls=   7 | mean=+0.4713 | bonus=0.4548 | score=+0.9261 | raw=+0.9261 | p_mean_reward=0.8766
     1(elg             ): pulls=   6 | mean=+0.4713 | bonus=0.4548 | score=+0.9261 | raw=+0.9261 | p_mean_reward=0.7121 <--
     2(invit           ): pulls=   6 | mean=+0.4713 | bonus=0.4548 | score=+0.9261 | raw=+0.9261 | p_mean_reward=0.5303
     3(icam            ): pulls=   6 | mean=+0.4713 | bonus=0.4549 | score=+0.9262 | raw=+0.9262 | p_mean_reward=0.8561
     4(dact            ): pulls=   7 | mean=+0.4713 | bonus=0.4549 | score=+0.9261 | raw=+0.9261 | p_mean_reward=0.1688
     5(lih             ): pulls=   7 | mean=+0.4713 | bonus=0.4548 | score=+0.9261 | raw=+0.9261 | p_mean_reward=0.0000
     6(udc             ): pulls=   6 | mean=+0.4713 | bonus=0.4548 | score=+0.9261 | raw=+0.9261 | p_mean_reward=0.1212
     7(omni            ): pulls=   7 | mean=+0.4713 | bonus=0.4548 | score=+0.9261 | raw=+0.9261 | p_mean_reward=0.5325
     8(pointerformer   ): pulls=   7 | mean=+0.4713 | bonus=0.4549 | score=+0.9261 | raw=+0.9261 | p_mean_reward=0.7987
     9(difusco         ): pulls=   7 | mean=+0.4713 | bonus=0.4549 | score=+0.9262 | raw=+0.9262 | p_mean_reward=0.8312
    10(t2t             ): pulls=   7 | mean=+0.4713 | bonus=0.4548 | score=+0.9261 | raw=+0.9261 | p_mean_reward=0.2857
    11(glop            ): pulls=   7 | mean=+0.4713 | bonus=0.4549 | score=+0.9261 | raw=+0.9261 | p_mean_reward=0.3636
13:22:12 | TEST[13] | TSP | select arm=1(elg) | reason=warm_start
     0(lehd            ): pulls=   7 | mean=+0.4713 | bonus=0.4548 | score=+0.9261 | raw=+0.9261 | p_mean_reward=0.8766
     1(elg             ): pulls=   6 | mean=+0.4713 | bonus=0.4548 | score=+0.9261 | raw=+0.9261 | p_mean_reward=0.7121 <--
     2(invit           ): pulls=   6 | mean=+0.4713 | bonus=0.4548 | score=+0.9261 | raw=+0.9261 | p_mean_reward=0.5303
     3(icam            ): pulls=   6 | mean=+0.4713 | bonus=0.4549 | score=+0.9262 | raw=+0.9262 | p_mean_reward=0.8561
     4(dact            ): pulls=   7 | mean=+0.4713 | bonus=0.4548 | score=+0.9261 | raw=+0.9261 | p_mean_reward=0.1688
     5(lih             ): pulls=   7 | mean=+0.4713 | bonus=0.4548 | score=+0.9261 | raw=+0.9261 | p_mean_reward=0.0000
     6(udc             ): pulls=   6 | mean=+0.4713 | bonus=0.4548 | score=+0.9261 | raw=+0.9261 | p_mean_reward=0.1212
     7(omni            ): pulls=   7 | mean=+0.4713 | bonus=0.4548 | score=+0.9261 | raw=+0.9261 | p_mean_reward=0.5325
     8(pointerformer   ): pulls=   7 | mean=+0.4713 | bonus=0.4549 | score=+0.9261 | raw=+0.9261 | p_mean_reward=0.7987
     9(difusco         ): pulls=   7 | mean=+0.4713 | bonus=0.4549 | score=+0.9262 | raw=+0.9262 | p_mean_reward=0.8312
    10(t2t             ): pulls=   7 | mean=+0.4713 | bonus=0.4548 | score=+0.9261 | raw=+0.9261 | p_mean_reward=0.2857
    11(glop            ): pulls=   7 | mean=+0.4713 | bonus=0.4549 | score=+0.9261 | raw=+0.9261 | p_mean_reward=0.3636
13:22:13 | TEST[14] | TSP | select arm=1(elg) | reason=warm_start
     0(lehd            ): pulls=   7 | mean=+0.4738 | bonus=0.4623 | score=+0.9361 | raw=+0.9361 | p_mean_reward=0.8766
     1(elg             ): pulls=   6 | mean=+0.4738 | bonus=0.4623 | score=+0.9361 | raw=+0.9361 | p_mean_reward=0.7121 <--
     2(invit           ): pulls=   6 | mean=+0.4738 | bonus=0.4623 | score=+0.9361 | raw=+0.9361 | p_mean_reward=0.5303
     3(icam            ): pulls=   6 | mean=+0.4738 | bonus=0.4623 | score=+0.9361 | raw=+0.9361 | p_mean_reward=0.8561
     4(dact            ): pulls=   7 | mean=+0.4738 | bonus=0.4623 | score=+0.9361 | raw=+0.9361 | p_mean_reward=0.1688
     5(lih             ): pulls=   7 | mean=+0.4738 | bonus=0.4623 | score=+0.9361 | raw=+0.9361 | p_mean_reward=0.0000
     6(udc             ): pulls=   6 | mean=+0.4738 | bonus=0.4623 | score=+0.9361 | raw=+0.9361 | p_mean_reward=0.1212
     7(omni            ): pulls=   7 | mean=+0.4738 | bonus=0.4623 | score=+0.9361 | raw=+0.9361 | p_mean_reward=0.5325
     8(pointerformer   ): pulls=   7 | mean=+0.4738 | bonus=0.4623 | score=+0.9361 | raw=+0.9361 | p_mean_reward=0.7987
     9(difusco         ): pulls=   7 | mean=+0.4738 | bonus=0.4623 | score=+0.9362 | raw=+0.9362 | p_mean_reward=0.8312
    10(t2t             ): pulls=   7 | mean=+0.4738 | bonus=0.4623 | score=+0.9361 | raw=+0.9361 | p_mean_reward=0.2857
    11(glop            ): pulls=   7 | mean=+0.4738 | bonus=0.4623 | score=+0.9361 | raw=+0.9361 | p_mean_reward=0.3636
13:22:16 | TEST[15] | TSP | select arm=1(elg) | reason=warm_start
     0(lehd            ): pulls=   7 | mean=+0.4717 | bonus=0.4557 | score=+0.9274 | raw=+0.9274 | p_mean_reward=0.8766
     1(elg             ): pulls=   6 | mean=+0.4717 | bonus=0.4557 | score=+0.9274 | raw=+0.9274 | p_mean_reward=0.7121 <--
     2(invit           ): pulls=   6 | mean=+0.4717 | bonus=0.4557 | score=+0.9274 | raw=+0.9274 | p_mean_reward=0.5303
     3(icam            ): pulls=   6 | mean=+0.4717 | bonus=0.4558 | score=+0.9275 | raw=+0.9275 | p_mean_reward=0.8561
     4(dact            ): pulls=   7 | mean=+0.4717 | bonus=0.4558 | score=+0.9275 | raw=+0.9275 | p_mean_reward=0.1688
     5(lih             ): pulls=   7 | mean=+0.4717 | bonus=0.4557 | score=+0.9274 | raw=+0.9274 | p_mean_reward=0.0000
     6(udc             ): pulls=   6 | mean=+0.4717 | bonus=0.4557 | score=+0.9274 | raw=+0.9274 | p_mean_reward=0.1212
     7(omni            ): pulls=   7 | mean=+0.4717 | bonus=0.4557 | score=+0.9274 | raw=+0.9274 | p_mean_reward=0.5325
     8(pointerformer   ): pulls=   7 | mean=+0.4717 | bonus=0.4558 | score=+0.9275 | raw=+0.9275 | p_mean_reward=0.7987
     9(difusco         ): pulls=   7 | mean=+0.4717 | bonus=0.4558 | score=+0.9275 | raw=+0.9275 | p_mean_reward=0.8312
    10(t2t             ): pulls=   7 | mean=+0.4717 | bonus=0.4557 | score=+0.9274 | raw=+0.9274 | p_mean_reward=0.2857
    11(glop            ): pulls=   7 | mean=+0.4717 | bonus=0.4558 | score=+0.9275 | raw=+0.9275 | p_mean_reward=0.3636
13:22:18 | TEST[16] | TSP | select arm=1(elg) | reason=warm_start
     0(lehd            ): pulls=   7 | mean=+0.4725 | bonus=0.4580 | score=+0.9305 | raw=+0.9305 | p_mean_reward=0.8766
     1(elg             ): pulls=   6 | mean=+0.4725 | bonus=0.4580 | score=+0.9305 | raw=+0.9305 | p_mean_reward=0.7121 <--
     2(invit           ): pulls=   6 | mean=+0.4725 | bonus=0.4580 | score=+0.9305 | raw=+0.9305 | p_mean_reward=0.5303
     3(icam            ): pulls=   6 | mean=+0.4726 | bonus=0.4580 | score=+0.9305 | raw=+0.9305 | p_mean_reward=0.8561
     4(dact            ): pulls=   7 | mean=+0.4726 | bonus=0.4580 | score=+0.9305 | raw=+0.9305 | p_mean_reward=0.1688
     5(lih             ): pulls=   7 | mean=+0.4725 | bonus=0.4580 | score=+0.9305 | raw=+0.9305 | p_mean_reward=0.0000
     6(udc             ): pulls=   6 | mean=+0.4725 | bonus=0.4580 | score=+0.9305 | raw=+0.9305 | p_mean_reward=0.1212
     7(omni            ): pulls=   7 | mean=+0.4725 | bonus=0.4580 | score=+0.9305 | raw=+0.9305 | p_mean_reward=0.5325
     8(pointerformer   ): pulls=   7 | mean=+0.4726 | bonus=0.4580 | score=+0.9305 | raw=+0.9305 | p_mean_reward=0.7987
     9(difusco         ): pulls=   7 | mean=+0.4726 | bonus=0.4580 | score=+0.9306 | raw=+0.9306 | p_mean_reward=0.8312
    10(t2t             ): pulls=   7 | mean=+0.4725 | bonus=0.4580 | score=+0.9305 | raw=+0.9305 | p_mean_reward=0.2857
    11(glop            ): pulls=   7 | mean=+0.4726 | bonus=0.4580 | score=+0.9305 | raw=+0.9305 | p_mean_reward=0.3636
13:22:23 | TEST[17] | TSP | select arm=1(elg) | reason=warm_start
     0(lehd            ): pulls=   7 | mean=+0.4738 | bonus=0.4623 | score=+0.9361 | raw=+0.9361 | p_mean_reward=0.8766
     1(elg             ): pulls=   6 | mean=+0.4738 | bonus=0.4623 | score=+0.9361 | raw=+0.9361 | p_mean_reward=0.7121 <--
     2(invit           ): pulls=   6 | mean=+0.4738 | bonus=0.4623 | score=+0.9361 | raw=+0.9361 | p_mean_reward=0.5303
     3(icam            ): pulls=   6 | mean=+0.4738 | bonus=0.4623 | score=+0.9361 | raw=+0.9361 | p_mean_reward=0.8561
     4(dact            ): pulls=   7 | mean=+0.4738 | bonus=0.4623 | score=+0.9361 | raw=+0.9361 | p_mean_reward=0.1688
     5(lih             ): pulls=   7 | mean=+0.4738 | bonus=0.4623 | score=+0.9361 | raw=+0.9361 | p_mean_reward=0.0000
     6(udc             ): pulls=   6 | mean=+0.4738 | bonus=0.4623 | score=+0.9361 | raw=+0.9361 | p_mean_reward=0.1212
     7(omni            ): pulls=   7 | mean=+0.4738 | bonus=0.4623 | score=+0.9361 | raw=+0.9361 | p_mean_reward=0.5325
     8(pointerformer   ): pulls=   7 | mean=+0.4738 | bonus=0.4623 | score=+0.9361 | raw=+0.9361 | p_mean_reward=0.7987
     9(difusco         ): pulls=   7 | mean=+0.4738 | bonus=0.4623 | score=+0.9362 | raw=+0.9362 | p_mean_reward=0.8312
    10(t2t             ): pulls=   7 | mean=+0.4738 | bonus=0.4623 | score=+0.9361 | raw=+0.9361 | p_mean_reward=0.2857
    11(glop            ): pulls=   7 | mean=+0.4738 | bonus=0.4623 | score=+0.9361 | raw=+0.9361 | p_mean_reward=0.3636
13:22:34 | TEST[18] | TSP | select arm=1(elg) | reason=warm_start
     0(lehd            ): pulls=   7 | mean=+0.4721 | bonus=0.4568 | score=+0.9289 | raw=+0.9289 | p_mean_reward=0.8766
     1(elg             ): pulls=   6 | mean=+0.4721 | bonus=0.4568 | score=+0.9289 | raw=+0.9289 | p_mean_reward=0.7121 <--
     2(invit           ): pulls=   6 | mean=+0.4721 | bonus=0.4568 | score=+0.9289 | raw=+0.9289 | p_mean_reward=0.5303
     3(icam            ): pulls=   6 | mean=+0.4721 | bonus=0.4568 | score=+0.9289 | raw=+0.9289 | p_mean_reward=0.8561
     4(dact            ): pulls=   7 | mean=+0.4721 | bonus=0.4568 | score=+0.9289 | raw=+0.9289 | p_mean_reward=0.1688
     5(lih             ): pulls=   7 | mean=+0.4721 | bonus=0.4568 | score=+0.9289 | raw=+0.9289 | p_mean_reward=0.0000
     6(udc             ): pulls=   6 | mean=+0.4721 | bonus=0.4568 | score=+0.9289 | raw=+0.9289 | p_mean_reward=0.1212
     7(omni            ): pulls=   7 | mean=+0.4721 | bonus=0.4568 | score=+0.9289 | raw=+0.9289 | p_mean_reward=0.5325
     8(pointerformer   ): pulls=   7 | mean=+0.4721 | bonus=0.4568 | score=+0.9289 | raw=+0.9289 | p_mean_reward=0.7987
     9(difusco         ): pulls=   7 | mean=+0.4721 | bonus=0.4568 | score=+0.9289 | raw=+0.9289 | p_mean_reward=0.8312
    10(t2t             ): pulls=   7 | mean=+0.4721 | bonus=0.4568 | score=+0.9289 | raw=+0.9289 | p_mean_reward=0.2857
    11(glop            ): pulls=   7 | mean=+0.4721 | bonus=0.4568 | score=+0.9289 | raw=+0.9289 | p_mean_reward=0.3636
13:22:36 | TEST[19] | TSP | select arm=1(elg) | reason=warm_start
     0(lehd            ): pulls=   7 | mean=+0.4704 | bonus=0.4535 | score=+0.9239 | raw=+0.9239 | p_mean_reward=0.8766
     1(elg             ): pulls=   6 | mean=+0.4704 | bonus=0.4535 | score=+0.9239 | raw=+0.9239 | p_mean_reward=0.7121 <--
     2(invit           ): pulls=   6 | mean=+0.4704 | bonus=0.4535 | score=+0.9239 | raw=+0.9239 | p_mean_reward=0.5303
     3(icam            ): pulls=   6 | mean=+0.4704 | bonus=0.4535 | score=+0.9239 | raw=+0.9239 | p_mean_reward=0.8561
     4(dact            ): pulls=   7 | mean=+0.4704 | bonus=0.4535 | score=+0.9239 | raw=+0.9239 | p_mean_reward=0.1688
     5(lih             ): pulls=   7 | mean=+0.4704 | bonus=0.4535 | score=+0.9239 | raw=+0.9239 | p_mean_reward=0.0000
     6(udc             ): pulls=   6 | mean=+0.4704 | bonus=0.4535 | score=+0.9239 | raw=+0.9239 | p_mean_reward=0.1212
     7(omni            ): pulls=   7 | mean=+0.4704 | bonus=0.4535 | score=+0.9239 | raw=+0.9239 | p_mean_reward=0.5325
     8(pointerformer   ): pulls=   7 | mean=+0.4704 | bonus=0.4535 | score=+0.9239 | raw=+0.9239 | p_mean_reward=0.7987
     9(difusco         ): pulls=   7 | mean=+0.4705 | bonus=0.4535 | score=+0.9239 | raw=+0.9239 | p_mean_reward=0.8312
    10(t2t             ): pulls=   7 | mean=+0.4704 | bonus=0.4535 | score=+0.9239 | raw=+0.9239 | p_mean_reward=0.2857
    11(glop            ): pulls=   7 | mean=+0.4704 | bonus=0.4535 | score=+0.9239 | raw=+0.9239 | p_mean_reward=0.3636
