/public/home/shiys/0selection2/code/V4/train.py:726: FutureWarning: `torch.cuda.amp.GradScaler(args...)` is deprecated. Please use `torch.amp.GradScaler('cuda', args...)` instead.
  scaler = torch.cuda.amp.GradScaler(enabled=args.amp)
[cache] TSP/train: 10000 instances, 45.0 MiB on cuda:0
[cache] CVRP/train: 10000 instances, 83.3 MiB on cuda:0
[cache] ATSP/train: 10000 instances, 384.5 MiB on cuda:0
[cache] OVRP/train: 10000 instances, 33.9 MiB on cuda:0
[cache] VRPB/train: 10000 instances, 33.9 MiB on cuda:0
[cache] VRPL/train: 10000 instances, 33.9 MiB on cuda:0
[cache] VRPTW/train: 10000 instances, 33.9 MiB on cuda:0
[cache] OVRPTW/train: 10000 instances, 33.9 MiB on cuda:0
[cache] OVRPB/train: 10000 instances, 33.9 MiB on cuda:0
[cache] OVRPL/train: 10000 instances, 33.9 MiB on cuda:0
[cache] VRPBL/train: 10000 instances, 33.9 MiB on cuda:0
[cache] VRPBTW/train: 10000 instances, 33.9 MiB on cuda:0
[cache] VRPLTW/train: 10000 instances, 33.9 MiB on cuda:0
[cache] OVRPBL/train: 10000 instances, 33.9 MiB on cuda:0
[cache] OVRPBTW/train: 10000 instances, 33.9 MiB on cuda:0
[cache] OVRPLTW/train: 10000 instances, 33.9 MiB on cuda:0
[cache] VRPBLTW/train: 10000 instances, 33.9 MiB on cuda:0
[cache] OVRPBLTW/train: 10000 instances, 33.9 MiB on cuda:0
[train] V4 dual-stream joint encoder + instance-query solver decoder (logits only)
[train] problems=['TSP', 'CVRP', 'ATSP', 'OVRP', 'VRPB', 'VRPL', 'VRPTW', 'OVRPTW', 'OVRPB', 'OVRPL', 'VRPBL', 'VRPBTW', 'VRPLTW', 'OVRPBL', 'OVRPBTW', 'OVRPLTW', 'VRPBLTW', 'OVRPBLTW']
[train] model_params={'embedding_dim': 128, 'head_num': 4, 'qkv_dim': 32, 'ff_hidden_dim': 512, 'head_hidden_dim': 256, 'encoder_layer_num': 4, 'solver_set_layer_num': 2, 'query_num': 4, 'dropout': 0.1, 'stats_dim': 12, 'rezero': False, 'gap_score_weight': 0.0, 'pre_score_weight': 0.0, 'support_branch': False, 'support_generators': 0, 'support_hidden': 128, 'support_score_weight': 0.0, 'support_score_mode': 'g0', 'support_g0_as_main': False, 'support_feature_to_token': True, 'support_main_utility_weight': 0.0, 'support_main_pre_weight': 0.0, 'support_main_gap_weight': 0.0, 'solver_feature_spec': {'feature_dim': 34, 'index_base': 0, 'feature_order': ['构造式', '扩散式', '坐标与节点属性', '成本矩阵', '图与边', 'MHA／Transformer', 'GNN', '矩阵双流注意力', '静态编码复用', '动态状态更新', '动态局部更新', '迭代去噪', '实例条件', '属性条件', '约束条件', '元学习任务条件', 'FFN 专家', 'LoRA 专家', '监督学习', '强化学习', '扩散训练', '单任务', '多任务', '元学习', '子问题重编码', '重解码器', '梯度引导搜索', '全局—局部双策略', '近邻成本输入', '伪 one-hot 输入', '统一矩阵表示', '全局分区与局部重构', '解码器 FFN 残差', '全局属性嵌入'], 'solver_active_indices': {'BQ': [0, 2, 5, 9, 18, 21, 24], 'LEHD': [0, 2, 5, 9, 18, 21, 25], 'DIFUSCO': [1, 4, 6, 11, 20, 21], 'DIFUSCO500': [1, 4, 6, 11, 20, 21], 'T2T': [1, 4, 6, 11, 20, 21, 26], 'T2T500': [1, 4, 6, 11, 20, 21, 26], 'ELG': [0, 2, 5, 8, 10, 19, 21, 27], 'OMNI': [0, 2, 5, 8, 15, 19, 23], 'ICAM': [0, 2, 5, 8, 12, 19, 21], 'ICAM_ATSP': [0, 3, 7, 8, 12, 19, 21, 28], 'MATNET': [0, 3, 7, 8, 19, 21], 'MATPOENET': [0, 3, 7, 8, 19, 21, 29], 'UNICO_MatPOENet': [0, 3, 7, 8, 19, 22, 29, 30], 'GLOP': [0, 3, 4, 6, 7, 19, 31], 'MTPOMO': [0, 2, 5, 8, 13, 19, 22], 'MVMOE': [0, 2, 5, 8, 13, 16, 19, 22], 'RELD_CVRP': [0, 2, 5, 8, 19, 21, 32], 'RELD_MTL': [0, 2, 5, 8, 13, 19, 22, 32], 'RELD_MOEL': [0, 2, 5, 8, 13, 16, 19, 22, 32], 'RouteFinder': [0, 2, 5, 8, 13, 19, 22, 33], 'MoSES_RF': [0, 2, 5, 8, 13, 17, 22, 33], 'MoSES_CaDA': [0, 2, 5, 8, 14, 17, 22]}, 'solver_names': ['BQ', 'DIFUSCO', 'DIFUSCO500', 'ELG', 'GLOP', 'ICAM', 'ICAM_ATSP', 'LEHD', 'MATNET', 'MATPOENET', 'MTPOMO', 'MVMOE', 'MoSES_CaDA', 'MoSES_RF', 'OMNI', 'RELD_CVRP', 'RELD_MOEL', 'RELD_MTL', 'RouteFinder', 'T2T', 'T2T500', 'UNICO_MatPOENet']}, 'solver_feature_weight': 1.0, 'solver_feature_hidden': 128, 'sdpa': True, 'architecture': 'dual_stream', 'joint_layer_num': 2, 'ignore_coord_dist': True, 'native_winner': True}
wandb: Tracking run with wandb version 0.19.11
wandb: W&B syncing is set to `offline` in this directory. Run `wandb online` or set WANDB_MODE=online to enable cloud syncing.
/public/home/shiys/0selection2/code/V4/train.py:861: FutureWarning: `torch.cuda.amp.autocast(args...)` is deprecated. Please use `torch.amp.autocast('cuda', args...)` instead.
  with torch.cuda.amp.autocast(enabled=args.amp, dtype=amp_dtype):
ep000 step000050 loss=1.0057 ce=1.7443 pair=1.9732 risk=9.8925 samples/s=6495 peak_GiB=17.27 time=0.1m
ep000 step000100 loss=0.9300 ce=1.7104 pair=1.7795 risk=7.6718 samples/s=7385 peak_GiB=17.27 time=0.2m
ep000 step000150 loss=0.9092 ce=1.7244 pair=1.7256 risk=6.6579 samples/s=8753 peak_GiB=17.27 time=0.2m
ep000 step000200 loss=0.8936 ce=1.7253 pair=1.6801 risk=6.0837 samples/s=6859 peak_GiB=17.27 time=0.3m
ep000 step000250 loss=0.8804 ce=1.7175 pair=1.6477 risk=5.7250 samples/s=9639 peak_GiB=17.27 time=0.3m
[epoch done 0] loss=0.87928 lr=6.7e-05 updates=270 skipped=0 grad=1.2389808893203735
[cache] TSP/val: 1000 instances, 4.5 MiB on cuda:0
[cache] CVRP/val: 1000 instances, 8.3 MiB on cuda:0
[cache] ATSP/val: 1000 instances, 38.4 MiB on cuda:0
[cache] OVRP/val: 1000 instances, 3.4 MiB on cuda:0
[cache] VRPB/val: 1000 instances, 3.4 MiB on cuda:0
[cache] VRPL/val: 1000 instances, 3.4 MiB on cuda:0
[cache] VRPTW/val: 1000 instances, 3.4 MiB on cuda:0
[cache] OVRPTW/val: 1000 instances, 3.4 MiB on cuda:0
[cache] OVRPB/val: 1000 instances, 3.4 MiB on cuda:0
[cache] OVRPL/val: 1000 instances, 3.4 MiB on cuda:0
[cache] VRPBL/val: 1000 instances, 3.4 MiB on cuda:0
[cache] VRPBTW/val: 1000 instances, 3.4 MiB on cuda:0
[cache] VRPLTW/val: 1000 instances, 3.4 MiB on cuda:0
[cache] OVRPBL/val: 1000 instances, 3.4 MiB on cuda:0
[cache] OVRPBTW/val: 1000 instances, 3.4 MiB on cuda:0
[cache] OVRPLTW/val: 1000 instances, 3.4 MiB on cuda:0
[cache] VRPBLTW/val: 1000 instances, 3.4 MiB on cuda:0
[cache] OVRPBLTW/val: 1000 instances, 3.4 MiB on cuda:0
[eval epoch 0] macro_top1=0.3618 top2=0.6573 top3=0.7636 vs_sbs=+0.355% vbs_closed=-39.06%
       TSP: top1=0.297 mean_cost=7.9953 (sbs=7.9578) vs_sbs=+0.47%
      CVRP: top1=0.219 mean_cost=18.2943 (sbs=18.2943) vs_sbs=-0.00%
      ATSP: top1=0.480 mean_cost=1.6735 (sbs=1.6735) vs_sbs=-0.00%
      OVRP: top1=0.085 mean_cost=7.5915 (sbs=7.4617) vs_sbs=+1.74%
      VRPB: top1=0.504 mean_cost=9.3403 (sbs=9.3403) vs_sbs=+0.00%
      VRPL: top1=0.117 mean_cost=12.5087 (sbs=12.4072) vs_sbs=+0.82%
     VRPTW: top1=0.236 mean_cost=18.8505 (sbs=18.6571) vs_sbs=+1.04%
    OVRPTW: top1=0.476 mean_cost=10.0484 (sbs=10.0484) vs_sbs=+0.00%
     OVRPB: top1=0.545 mean_cost=6.3220 (sbs=6.3220) vs_sbs=+0.00%
     OVRPL: top1=0.068 mean_cost=7.5832 (sbs=7.4376) vs_sbs=+1.96%
     VRPBL: top1=0.528 mean_cost=9.3593 (sbs=9.3593) vs_sbs=+0.00%
    VRPBTW: top1=0.372 mean_cost=19.6697 (sbs=19.6697) vs_sbs=+0.00%
    VRPLTW: top1=0.257 mean_cost=18.5770 (sbs=18.5091) vs_sbs=+0.37%
    OVRPBL: top1=0.555 mean_cost=6.3103 (sbs=6.3103) vs_sbs=+0.00%
   OVRPBTW: top1=0.461 mean_cost=10.5068 (sbs=10.5068) vs_sbs=-0.00%
   OVRPLTW: top1=0.494 mean_cost=10.1272 (sbs=10.1272) vs_sbs=-0.00%
   VRPBLTW: top1=0.347 mean_cost=19.5198 (sbs=19.5198) vs_sbs=-0.00%
  OVRPBLTW: top1=0.471 mean_cost=10.5412 (sbs=10.5412) vs_sbs=-0.00%
[save] best.pt epoch=0 score=0.2730
[save] best_top1.pt epoch=0 top1=0.3618
[save] best_top3_safe.pt epoch=0 score=0.6748
[save] best_cost.pt epoch=0 vs_sbs=+0.355%
ep001 step000300 loss=0.8379 ce=1.7124 pair=1.5260 risk=4.2954 samples/s=3190 peak_GiB=17.37 time=0.5m
ep001 step000350 loss=0.8225 ce=1.6650 pair=1.4913 risk=4.5318 samples/s=7999 peak_GiB=17.37 time=0.6m
ep001 step000400 loss=0.8132 ce=1.6533 pair=1.4701 risk=4.3753 samples/s=8751 peak_GiB=17.37 time=0.6m
ep001 step000450 loss=0.7889 ce=1.6144 pair=1.4005 risk=4.1917 samples/s=8737 peak_GiB=17.37 time=0.7m
ep001 step000500 loss=0.7578 ce=1.5591 pair=1.3161 risk=4.0274 samples/s=8745 peak_GiB=17.37 time=0.8m
[epoch done 1] loss=0.73965 lr=0.00013 updates=540 skipped=0 grad=0.9061975479125977
[eval epoch 1] macro_top1=0.4105 top2=0.7408 top3=0.8555 vs_sbs=-0.009% vbs_closed=-0.01%
       TSP: top1=0.297 mean_cost=7.9953 (sbs=7.9578) vs_sbs=+0.47%
      CVRP: top1=0.219 mean_cost=18.2943 (sbs=18.2943) vs_sbs=-0.00%
      ATSP: top1=0.708 mean_cost=1.6375 (sbs=1.6735) vs_sbs=-2.15%
      OVRP: top1=0.302 mean_cost=7.4616 (sbs=7.4617) vs_sbs=-0.00%
      VRPB: top1=0.504 mean_cost=9.3403 (sbs=9.3403) vs_sbs=+0.00%
      VRPL: top1=0.284 mean_cost=12.4072 (sbs=12.4072) vs_sbs=-0.00%
     VRPTW: top1=0.236 mean_cost=18.8505 (sbs=18.6571) vs_sbs=+1.04%
    OVRPTW: top1=0.476 mean_cost=10.0484 (sbs=10.0484) vs_sbs=+0.00%
     OVRPB: top1=0.545 mean_cost=6.3220 (sbs=6.3220) vs_sbs=+0.00%
     OVRPL: top1=0.333 mean_cost=7.4458 (sbs=7.4376) vs_sbs=+0.11%
     VRPBL: top1=0.528 mean_cost=9.3593 (sbs=9.3593) vs_sbs=+0.00%
    VRPBTW: top1=0.372 mean_cost=19.6697 (sbs=19.6697) vs_sbs=+0.00%
    VRPLTW: top1=0.257 mean_cost=18.5770 (sbs=18.5091) vs_sbs=+0.37%
    OVRPBL: top1=0.555 mean_cost=6.3103 (sbs=6.3103) vs_sbs=+0.00%
   OVRPBTW: top1=0.461 mean_cost=10.5068 (sbs=10.5068) vs_sbs=-0.00%
   OVRPLTW: top1=0.494 mean_cost=10.1272 (sbs=10.1272) vs_sbs=-0.00%
   VRPBLTW: top1=0.347 mean_cost=19.5198 (sbs=19.5198) vs_sbs=-0.00%
  OVRPBLTW: top1=0.471 mean_cost=10.5412 (sbs=10.5412) vs_sbs=-0.00%
[save] best.pt epoch=1 score=0.4105
[save] best_top1.pt epoch=1 top1=0.4105
[save] best_top3_safe.pt epoch=1 score=0.8555
[save] best_cost.pt epoch=1 vs_sbs=-0.009%
ep002 step000550 loss=0.5943 ce=1.3503 pair=0.7507 risk=2.3297 samples/s=5535 peak_GiB=17.37 time=0.9m
ep002 step000600 loss=0.6598 ce=1.3835 pair=1.0584 risk=3.4887 samples/s=8750 peak_GiB=17.37 time=0.9m
ep002 step000650 loss=0.6532 ce=1.3774 pair=1.0265 risk=3.4248 samples/s=8747 peak_GiB=17.37 time=1.0m
ep002 step000700 loss=0.6417 ce=1.3595 pair=0.9947 risk=3.3205 samples/s=9629 peak_GiB=17.37 time=1.0m
ep002 step000750 loss=0.6443 ce=1.3672 pair=0.9956 risk=3.3090 samples/s=7384 peak_GiB=17.37 time=1.1m
ep002 step000800 loss=0.6414 ce=1.3648 pair=0.9853 risk=3.2603 samples/s=8006 peak_GiB=17.37 time=1.2m
[epoch done 2] loss=0.63994 lr=0.0002 updates=810 skipped=0 grad=0.6226863265037537
[eval epoch 2] macro_top1=0.4129 top2=0.7421 top3=0.8584 vs_sbs=+0.029% vbs_closed=-2.97%
       TSP: top1=0.297 mean_cost=7.9953 (sbs=7.9578) vs_sbs=+0.47%
      CVRP: top1=0.297 mean_cost=18.4006 (sbs=18.2943) vs_sbs=+0.58%
      ATSP: top1=0.644 mean_cost=1.6413 (sbs=1.6735) vs_sbs=-1.92%
      OVRP: top1=0.301 mean_cost=7.4617 (sbs=7.4617) vs_sbs=+0.00%
      VRPB: top1=0.504 mean_cost=9.3403 (sbs=9.3403) vs_sbs=+0.00%
      VRPL: top1=0.276 mean_cost=12.4085 (sbs=12.4072) vs_sbs=+0.01%
     VRPTW: top1=0.236 mean_cost=18.8505 (sbs=18.6571) vs_sbs=+1.04%
    OVRPTW: top1=0.505 mean_cost=10.0449 (sbs=10.0484) vs_sbs=-0.03%
     OVRPB: top1=0.545 mean_cost=6.3220 (sbs=6.3220) vs_sbs=+0.00%
     OVRPL: top1=0.334 mean_cost=7.4376 (sbs=7.4376) vs_sbs=+0.00%
     VRPBL: top1=0.528 mean_cost=9.3593 (sbs=9.3593) vs_sbs=+0.00%
    VRPBTW: top1=0.372 mean_cost=19.6697 (sbs=19.6697) vs_sbs=+0.00%
    VRPLTW: top1=0.257 mean_cost=18.5770 (sbs=18.5091) vs_sbs=+0.37%
    OVRPBL: top1=0.555 mean_cost=6.3103 (sbs=6.3103) vs_sbs=+0.00%
   OVRPBTW: top1=0.484 mean_cost=10.5014 (sbs=10.5068) vs_sbs=-0.05%
   OVRPLTW: top1=0.479 mean_cost=10.1320 (sbs=10.1272) vs_sbs=+0.05%
   VRPBLTW: top1=0.347 mean_cost=19.5198 (sbs=19.5198) vs_sbs=-0.00%
  OVRPBLTW: top1=0.471 mean_cost=10.5433 (sbs=10.5412) vs_sbs=+0.02%
[save] best_top1.pt epoch=2 top1=0.4129
ep003 step000850 loss=0.6061 ce=1.3033 pair=0.8900 risk=3.0475 samples/s=6662 peak_GiB=17.37 time=1.3m
ep003 step000900 loss=0.6173 ce=1.3267 pair=0.9247 risk=3.0222 samples/s=8008 peak_GiB=17.37 time=1.3m
ep003 step000950 loss=0.6160 ce=1.3257 pair=0.9117 risk=3.0437 samples/s=8012 peak_GiB=17.37 time=1.4m
ep003 step001000 loss=0.6173 ce=1.3269 pair=0.9175 risk=3.0573 samples/s=8745 peak_GiB=17.37 time=1.5m
ep003 step001050 loss=0.6199 ce=1.3282 pair=0.9289 risk=3.1074 samples/s=8002 peak_GiB=17.37 time=1.5m
[epoch done 3] loss=0.61464 lr=0.0002 updates=1080 skipped=0 grad=0.4623091220855713
[eval epoch 3] macro_top1=0.4114 top2=0.7403 top3=0.8681 vs_sbs=+0.167% vbs_closed=-6.77%
       TSP: top1=0.297 mean_cost=7.9953 (sbs=7.9578) vs_sbs=+0.47%
      CVRP: top1=0.305 mean_cost=18.3250 (sbs=18.2943) vs_sbs=+0.17%
      ATSP: top1=0.675 mean_cost=1.6394 (sbs=1.6735) vs_sbs=-2.04%
      OVRP: top1=0.302 mean_cost=7.4617 (sbs=7.4617) vs_sbs=+0.00%
      VRPB: top1=0.524 mean_cost=9.3488 (sbs=9.3403) vs_sbs=+0.09%
      VRPL: top1=0.276 mean_cost=12.4085 (sbs=12.4072) vs_sbs=+0.01%
     VRPTW: top1=0.263 mean_cost=18.4860 (sbs=18.6571) vs_sbs=-0.92%
    OVRPTW: top1=0.509 mean_cost=10.0444 (sbs=10.0484) vs_sbs=-0.04%
     OVRPB: top1=0.545 mean_cost=6.3272 (sbs=6.3220) vs_sbs=+0.08%
     OVRPL: top1=0.333 mean_cost=7.4377 (sbs=7.4376) vs_sbs=+0.00%
     VRPBL: top1=0.463 mean_cost=9.3962 (sbs=9.3593) vs_sbs=+0.40%
    VRPBTW: top1=0.382 mean_cost=19.5234 (sbs=19.6697) vs_sbs=-0.74%
    VRPLTW: top1=0.200 mean_cost=19.6141 (sbs=18.5091) vs_sbs=+5.97%
    OVRPBL: top1=0.510 mean_cost=6.3194 (sbs=6.3103) vs_sbs=+0.14%
   OVRPBTW: top1=0.495 mean_cost=10.5072 (sbs=10.5068) vs_sbs=+0.00%
   OVRPLTW: top1=0.486 mean_cost=10.1285 (sbs=10.1272) vs_sbs=+0.01%
   VRPBLTW: top1=0.359 mean_cost=19.3940 (sbs=19.5198) vs_sbs=-0.64%
  OVRPBLTW: top1=0.481 mean_cost=10.5454 (sbs=10.5412) vs_sbs=+0.04%
ep004 step001100 loss=0.6035 ce=1.2924 pair=0.8964 risk=3.0758 samples/s=6783 peak_GiB=17.37 time=1.6m
ep004 step001150 loss=0.5973 ce=1.2974 pair=0.8578 risk=2.8725 samples/s=8014 peak_GiB=17.37 time=1.7m
ep004 step001200 loss=0.5970 ce=1.2963 pair=0.8625 risk=2.8546 samples/s=8744 peak_GiB=17.37 time=1.7m
ep004 step001250 loss=0.5937 ce=1.2893 pair=0.8561 risk=2.8402 samples/s=8751 peak_GiB=17.37 time=1.8m
ep004 step001300 loss=0.5939 ce=1.2919 pair=0.8538 risk=2.8157 samples/s=7382 peak_GiB=17.37 time=1.9m
ep004 step001350 loss=0.5880 ce=1.2833 pair=0.8390 risk=2.7483 samples/s=8749 peak_GiB=17.37 time=1.9m
[epoch done 4] loss=0.58802 lr=0.0002 updates=1350 skipped=0 grad=0.5096549987792969
[eval epoch 4] macro_top1=0.4212 top2=0.7623 top3=0.8831 vs_sbs=-0.464% vbs_closed=+8.57%
       TSP: top1=0.326 mean_cost=7.9598 (sbs=7.9578) vs_sbs=+0.03%
      CVRP: top1=0.299 mean_cost=18.3916 (sbs=18.2943) vs_sbs=+0.53%
      ATSP: top1=0.613 mean_cost=1.6437 (sbs=1.6735) vs_sbs=-1.78%
      OVRP: top1=0.302 mean_cost=7.4617 (sbs=7.4617) vs_sbs=+0.00%
      VRPB: top1=0.522 mean_cost=9.3373 (sbs=9.3403) vs_sbs=-0.03%
      VRPL: top1=0.284 mean_cost=12.4066 (sbs=12.4072) vs_sbs=-0.00%
     VRPTW: top1=0.294 mean_cost=18.3280 (sbs=18.6571) vs_sbs=-1.76%
    OVRPTW: top1=0.491 mean_cost=10.0437 (sbs=10.0484) vs_sbs=-0.05%
     OVRPB: top1=0.524 mean_cost=6.3260 (sbs=6.3220) vs_sbs=+0.06%
     OVRPL: top1=0.334 mean_cost=7.4376 (sbs=7.4376) vs_sbs=+0.00%
     VRPBL: top1=0.528 mean_cost=9.3593 (sbs=9.3593) vs_sbs=+0.00%
    VRPBTW: top1=0.392 mean_cost=19.3072 (sbs=19.6697) vs_sbs=-1.84%
    VRPLTW: top1=0.301 mean_cost=18.0804 (sbs=18.5091) vs_sbs=-2.32%
    OVRPBL: top1=0.555 mean_cost=6.3103 (sbs=6.3103) vs_sbs=+0.00%
   OVRPBTW: top1=0.479 mean_cost=10.5077 (sbs=10.5068) vs_sbs=+0.01%
   OVRPLTW: top1=0.498 mean_cost=10.1268 (sbs=10.1272) vs_sbs=-0.00%
   VRPBLTW: top1=0.368 mean_cost=19.2856 (sbs=19.5198) vs_sbs=-1.20%
  OVRPBLTW: top1=0.472 mean_cost=10.5417 (sbs=10.5412) vs_sbs=+0.01%
[save] best.pt epoch=4 score=0.4212
[save] best_top1.pt epoch=4 top1=0.4212
[save] best_top3_safe.pt epoch=4 score=0.8831
[save] best_cost.pt epoch=4 vs_sbs=-0.464%
[train_eval epoch 4] macro_top1=0.4192 top2=0.7580 top3=0.8822 vs_sbs=-0.420% vbs_closed=+7.09%
       TSP: top1=0.340 mean_cost=8.0486 (sbs=8.0483) vs_sbs=+0.00%
      CVRP: top1=0.274 mean_cost=18.1858 (sbs=18.0705) vs_sbs=+0.64%
      ATSP: top1=0.606 mean_cost=1.6502 (sbs=1.6795) vs_sbs=-1.74%
      OVRP: top1=0.324 mean_cost=7.4591 (sbs=7.4591) vs_sbs=+0.00%
      VRPB: top1=0.517 mean_cost=9.3158 (sbs=9.3165) vs_sbs=-0.01%
      VRPL: top1=0.293 mean_cost=12.3951 (sbs=12.3957) vs_sbs=-0.01%
     VRPTW: top1=0.288 mean_cost=18.3270 (sbs=18.5949) vs_sbs=-1.44%
    OVRPTW: top1=0.488 mean_cost=10.1026 (sbs=10.1037) vs_sbs=-0.01%
     OVRPB: top1=0.548 mean_cost=6.3207 (sbs=6.3216) vs_sbs=-0.01%
     OVRPL: top1=0.323 mean_cost=7.4526 (sbs=7.4526) vs_sbs=+0.00%
     VRPBL: top1=0.501 mean_cost=9.3209 (sbs=9.3209) vs_sbs=-0.00%
    VRPBTW: top1=0.375 mean_cost=19.4204 (sbs=19.6924) vs_sbs=-1.38%
    VRPLTW: top1=0.308 mean_cost=18.2233 (sbs=18.6720) vs_sbs=-2.40%
    OVRPBL: top1=0.541 mean_cost=6.3079 (sbs=6.3079) vs_sbs=-0.00%
   OVRPBTW: top1=0.481 mean_cost=10.5891 (sbs=10.5894) vs_sbs=-0.00%
   OVRPLTW: top1=0.475 mean_cost=10.1142 (sbs=10.1136) vs_sbs=+0.01%
   VRPBLTW: top1=0.379 mean_cost=19.4314 (sbs=19.6661) vs_sbs=-1.19%
  OVRPBLTW: top1=0.486 mean_cost=10.5475 (sbs=10.5476) vs_sbs=-0.00%
/public/home/shiys/0selection2/code/V4/train.py:861: FutureWarning: `torch.cuda.amp.autocast(args...)` is deprecated. Please use `torch.amp.autocast('cuda', args...)` instead.
  with torch.cuda.amp.autocast(enabled=args.amp, dtype=amp_dtype):
ep005 step001400 loss=0.5845 ce=1.2909 pair=0.8231 risk=2.5155 samples/s=2042 peak_GiB=17.37 time=2.2m
ep005 step001450 loss=0.5697 ce=1.2589 pair=0.7981 risk=2.4623 samples/s=9620 peak_GiB=17.37 time=2.2m
ep005 step001500 loss=0.5675 ce=1.2558 pair=0.7891 risk=2.4528 samples/s=8003 peak_GiB=17.37 time=2.3m
ep005 step001550 loss=0.5719 ce=1.2654 pair=0.8036 risk=2.4344 samples/s=8010 peak_GiB=17.37 time=2.4m
ep005 step001600 loss=0.5745 ce=1.2710 pair=0.8081 risk=2.4443 samples/s=8006 peak_GiB=17.37 time=2.4m
[epoch done 5] loss=0.57360 lr=0.0002 updates=1620 skipped=0 grad=0.6577240824699402
[eval epoch 5] macro_top1=0.4286 top2=0.7811 top3=0.8929 vs_sbs=-0.657% vbs_closed=+14.26%
       TSP: top1=0.313 mean_cost=7.9538 (sbs=7.9578) vs_sbs=-0.05%
      CVRP: top1=0.286 mean_cost=18.2873 (sbs=18.2943) vs_sbs=-0.04%
      ATSP: top1=0.706 mean_cost=1.6377 (sbs=1.6735) vs_sbs=-2.14%
      OVRP: top1=0.330 mean_cost=7.4658 (sbs=7.4617) vs_sbs=+0.06%
      VRPB: top1=0.504 mean_cost=9.3403 (sbs=9.3403) vs_sbs=+0.00%
      VRPL: top1=0.286 mean_cost=12.4069 (sbs=12.4072) vs_sbs=-0.00%
     VRPTW: top1=0.324 mean_cost=18.0990 (sbs=18.6571) vs_sbs=-2.99%
    OVRPTW: top1=0.476 mean_cost=10.0484 (sbs=10.0484) vs_sbs=+0.00%
     OVRPB: top1=0.545 mean_cost=6.3220 (sbs=6.3220) vs_sbs=+0.00%
     OVRPL: top1=0.325 mean_cost=7.4470 (sbs=7.4376) vs_sbs=+0.13%
     VRPBL: top1=0.528 mean_cost=9.3593 (sbs=9.3593) vs_sbs=+0.00%
    VRPBTW: top1=0.410 mean_cost=19.2638 (sbs=19.6697) vs_sbs=-2.06%
    VRPLTW: top1=0.314 mean_cost=17.9630 (sbs=18.5091) vs_sbs=-2.95%
    OVRPBL: top1=0.555 mean_cost=6.3103 (sbs=6.3103) vs_sbs=+0.00%
   OVRPBTW: top1=0.461 mean_cost=10.5068 (sbs=10.5068) vs_sbs=-0.00%
   OVRPLTW: top1=0.494 mean_cost=10.1272 (sbs=10.1272) vs_sbs=-0.00%
   VRPBLTW: top1=0.387 mean_cost=19.1743 (sbs=19.5198) vs_sbs=-1.77%
  OVRPBLTW: top1=0.471 mean_cost=10.5412 (sbs=10.5412) vs_sbs=-0.00%
[save] best.pt epoch=5 score=0.4286
[save] best_top1.pt epoch=5 top1=0.4286
[save] best_top3_safe.pt epoch=5 score=0.8929
[save] best_cost.pt epoch=5 vs_sbs=-0.657%
ep006 step001650 loss=0.5419 ce=1.2196 pair=0.7180 risk=2.1612 samples/s=6355 peak_GiB=17.37 time=2.5m
ep006 step001700 loss=0.5493 ce=1.2306 pair=0.7311 risk=2.2743 samples/s=8018 peak_GiB=17.37 time=2.6m
ep006 step001750 loss=0.5544 ce=1.2450 pair=0.7391 risk=2.2342 samples/s=7389 peak_GiB=17.37 time=2.7m
ep006 step001800 loss=0.5521 ce=1.2376 pair=0.7405 risk=2.2452 samples/s=9626 peak_GiB=17.37 time=2.7m
ep006 step001850 loss=0.5505 ce=1.2326 pair=0.7407 risk=2.2506 samples/s=9609 peak_GiB=17.37 time=2.8m
[epoch done 6] loss=0.55198 lr=0.0002 updates=1890 skipped=0 grad=0.6459825038909912
[eval epoch 6] macro_top1=0.4377 top2=0.7847 top3=0.8992 vs_sbs=-0.722% vbs_closed=+14.81%
       TSP: top1=0.321 mean_cost=7.9470 (sbs=7.9578) vs_sbs=-0.14%
      CVRP: top1=0.299 mean_cost=18.3839 (sbs=18.2943) vs_sbs=+0.49%
      ATSP: top1=0.691 mean_cost=1.6384 (sbs=1.6735) vs_sbs=-2.10%
      OVRP: top1=0.310 mean_cost=7.4623 (sbs=7.4617) vs_sbs=+0.01%
      VRPB: top1=0.504 mean_cost=9.3403 (sbs=9.3403) vs_sbs=+0.00%
      VRPL: top1=0.280 mean_cost=12.4080 (sbs=12.4072) vs_sbs=+0.01%
     VRPTW: top1=0.334 mean_cost=18.0904 (sbs=18.6571) vs_sbs=-3.04%
    OVRPTW: top1=0.497 mean_cost=10.0446 (sbs=10.0484) vs_sbs=-0.04%
     OVRPB: top1=0.545 mean_cost=6.3220 (sbs=6.3220) vs_sbs=+0.00%
     OVRPL: top1=0.348 mean_cost=7.4363 (sbs=7.4376) vs_sbs=-0.02%
     VRPBL: top1=0.529 mean_cost=9.3591 (sbs=9.3593) vs_sbs=-0.00%
    VRPBTW: top1=0.401 mean_cost=19.1734 (sbs=19.6697) vs_sbs=-2.52%
    VRPLTW: top1=0.371 mean_cost=17.8261 (sbs=18.5091) vs_sbs=-3.69%
    OVRPBL: top1=0.555 mean_cost=6.3103 (sbs=6.3103) vs_sbs=+0.00%
   OVRPBTW: top1=0.495 mean_cost=10.5064 (sbs=10.5068) vs_sbs=-0.00%
   OVRPLTW: top1=0.488 mean_cost=10.1279 (sbs=10.1272) vs_sbs=+0.01%
   VRPBLTW: top1=0.413 mean_cost=19.1456 (sbs=19.5198) vs_sbs=-1.92%
  OVRPBLTW: top1=0.497 mean_cost=10.5372 (sbs=10.5412) vs_sbs=-0.04%
[save] best.pt epoch=6 score=0.4377
[save] best_top1.pt epoch=6 top1=0.4377
[save] best_top3_safe.pt epoch=6 score=0.8992
[save] best_cost.pt epoch=6 vs_sbs=-0.722%
ep007 step001900 loss=0.5437 ce=1.2535 pair=0.6684 risk=1.9082 samples/s=5511 peak_GiB=17.37 time=2.9m
ep007 step001950 loss=0.5507 ce=1.2305 pair=0.7506 risk=2.2490 samples/s=8747 peak_GiB=17.37 time=2.9m
ep007 step002000 loss=0.5456 ce=1.2291 pair=0.7223 risk=2.1578 samples/s=8005 peak_GiB=17.37 time=3.0m
ep007 step002050 loss=0.5454 ce=1.2271 pair=0.7265 risk=2.1653 samples/s=8003 peak_GiB=17.37 time=3.1m
ep007 step002100 loss=0.5495 ce=1.2337 pair=0.7455 risk=2.1558 samples/s=8732 peak_GiB=17.37 time=3.1m
ep007 step002150 loss=0.5520 ce=1.2403 pair=0.7511 risk=2.1422 samples/s=7999 peak_GiB=17.37 time=3.2m
[epoch done 7] loss=0.55201 lr=0.0002 updates=2159 skipped=1 grad=0.6534839868545532
[eval epoch 7] macro_top1=0.4372 top2=0.7768 top3=0.9019 vs_sbs=-0.750% vbs_closed=+18.80%
       TSP: top1=0.308 mean_cost=7.9365 (sbs=7.9578) vs_sbs=-0.27%
      CVRP: top1=0.302 mean_cost=18.2727 (sbs=18.2943) vs_sbs=-0.12%
      ATSP: top1=0.564 mean_cost=1.6488 (sbs=1.6735) vs_sbs=-1.48%
      OVRP: top1=0.324 mean_cost=7.4608 (sbs=7.4617) vs_sbs=-0.01%
      VRPB: top1=0.552 mean_cost=9.3351 (sbs=9.3403) vs_sbs=-0.06%
      VRPL: top1=0.298 mean_cost=12.4052 (sbs=12.4072) vs_sbs=-0.02%
     VRPTW: top1=0.372 mean_cost=18.0373 (sbs=18.6571) vs_sbs=-3.32%
    OVRPTW: top1=0.483 mean_cost=10.0458 (sbs=10.0484) vs_sbs=-0.03%
     OVRPB: top1=0.550 mean_cost=6.3221 (sbs=6.3220) vs_sbs=+0.00%
     OVRPL: top1=0.363 mean_cost=7.4367 (sbs=7.4376) vs_sbs=-0.01%
     VRPBL: top1=0.541 mean_cost=9.3554 (sbs=9.3593) vs_sbs=-0.04%
    VRPBTW: top1=0.427 mean_cost=19.1354 (sbs=19.6697) vs_sbs=-2.72%
    VRPLTW: top1=0.401 mean_cost=17.9091 (sbs=18.5091) vs_sbs=-3.24%
    OVRPBL: top1=0.528 mean_cost=6.3113 (sbs=6.3103) vs_sbs=+0.02%
   OVRPBTW: top1=0.494 mean_cost=10.5034 (sbs=10.5068) vs_sbs=-0.03%
   OVRPLTW: top1=0.488 mean_cost=10.1269 (sbs=10.1272) vs_sbs=-0.00%
   VRPBLTW: top1=0.387 mean_cost=19.0941 (sbs=19.5198) vs_sbs=-2.18%
  OVRPBLTW: top1=0.487 mean_cost=10.5414 (sbs=10.5412) vs_sbs=+0.00%
[save] best_top3_safe.pt epoch=7 score=0.9019
[save] best_cost.pt epoch=7 vs_sbs=-0.750%
ep008 step002200 loss=0.5625 ce=1.2468 pair=0.7895 risk=2.3606 samples/s=6564 peak_GiB=17.37 time=3.3m
ep008 step002250 loss=0.5527 ce=1.2387 pair=0.7470 risk=2.2227 samples/s=8000 peak_GiB=17.37 time=3.3m
ep008 step002300 loss=0.5495 ce=1.2379 pair=0.7359 risk=2.1330 samples/s=8003 peak_GiB=17.37 time=3.4m
ep008 step002350 loss=0.5477 ce=1.2342 pair=0.7329 risk=2.1203 samples/s=7999 peak_GiB=17.37 time=3.5m
ep008 step002400 loss=0.5512 ce=1.2403 pair=0.7429 risk=2.1416 samples/s=9620 peak_GiB=17.37 time=3.5m
[epoch done 8] loss=0.54990 lr=0.0002 updates=2429 skipped=0 grad=0.6659325361251831
[eval epoch 8] macro_top1=0.4443 top2=0.7897 top3=0.9024 vs_sbs=-0.818% vbs_closed=+20.77%
       TSP: top1=0.343 mean_cost=7.9308 (sbs=7.9578) vs_sbs=-0.34%
      CVRP: top1=0.303 mean_cost=18.2857 (sbs=18.2943) vs_sbs=-0.05%
      ATSP: top1=0.695 mean_cost=1.6383 (sbs=1.6735) vs_sbs=-2.10%
      OVRP: top1=0.316 mean_cost=7.4613 (sbs=7.4617) vs_sbs=-0.00%
      VRPB: top1=0.550 mean_cost=9.3342 (sbs=9.3403) vs_sbs=-0.06%
      VRPL: top1=0.279 mean_cost=12.4079 (sbs=12.4072) vs_sbs=+0.01%
     VRPTW: top1=0.380 mean_cost=18.1055 (sbs=18.6571) vs_sbs=-2.96%
    OVRPTW: top1=0.488 mean_cost=10.0445 (sbs=10.0484) vs_sbs=-0.04%
     OVRPB: top1=0.551 mean_cost=6.3196 (sbs=6.3220) vs_sbs=-0.04%
     OVRPL: top1=0.363 mean_cost=7.4363 (sbs=7.4376) vs_sbs=-0.02%
     VRPBL: top1=0.544 mean_cost=9.3548 (sbs=9.3593) vs_sbs=-0.05%
    VRPBTW: top1=0.403 mean_cost=19.1494 (sbs=19.6697) vs_sbs=-2.65%
    VRPLTW: top1=0.394 mean_cost=17.7742 (sbs=18.5091) vs_sbs=-3.97%
    OVRPBL: top1=0.518 mean_cost=6.3124 (sbs=6.3103) vs_sbs=+0.03%
   OVRPBTW: top1=0.487 mean_cost=10.5029 (sbs=10.5068) vs_sbs=-0.04%
   OVRPLTW: top1=0.492 mean_cost=10.1272 (sbs=10.1272) vs_sbs=-0.00%
   VRPBLTW: top1=0.406 mean_cost=19.0410 (sbs=19.5198) vs_sbs=-2.45%
  OVRPBLTW: top1=0.485 mean_cost=10.5410 (sbs=10.5412) vs_sbs=-0.00%
[save] best.pt epoch=8 score=0.4443
[save] best_top1.pt epoch=8 top1=0.4443
[save] best_top3_safe.pt epoch=8 score=0.9024
[save] best_cost.pt epoch=8 vs_sbs=-0.818%
ep009 step002450 loss=0.5096 ce=1.1624 pair=0.6367 risk=1.9558 samples/s=5950 peak_GiB=17.37 time=3.6m
ep009 step002500 loss=0.5197 ce=1.1893 pair=0.6541 risk=1.9013 samples/s=8749 peak_GiB=17.37 time=3.7m
ep009 step002550 loss=0.5202 ce=1.1891 pair=0.6584 risk=1.9078 samples/s=8000 peak_GiB=17.37 time=3.7m
ep009 step002600 loss=0.5231 ce=1.1942 pair=0.6651 risk=1.9292 samples/s=7999 peak_GiB=17.37 time=3.8m
ep009 step002650 loss=0.5234 ce=1.1969 pair=0.6624 risk=1.9094 samples/s=8726 peak_GiB=17.37 time=3.9m
ep009 step002700 loss=0.5222 ce=1.1946 pair=0.6611 risk=1.8991 samples/s=7991 peak_GiB=17.37 time=3.9m
[epoch done 9] loss=0.52221 lr=0.0002 updates=2699 skipped=0 grad=0.5121340155601501
[eval epoch 9] macro_top1=0.4414 top2=0.7823 top3=0.8902 vs_sbs=-0.767% vbs_closed=+18.94%
       TSP: top1=0.335 mean_cost=7.9479 (sbs=7.9578) vs_sbs=-0.12%
      CVRP: top1=0.340 mean_cost=18.3009 (sbs=18.2943) vs_sbs=+0.04%
      ATSP: top1=0.681 mean_cost=1.6391 (sbs=1.6735) vs_sbs=-2.06%
      OVRP: top1=0.315 mean_cost=7.4610 (sbs=7.4617) vs_sbs=-0.01%
      VRPB: top1=0.543 mean_cost=9.3350 (sbs=9.3403) vs_sbs=-0.06%
      VRPL: top1=0.278 mean_cost=12.4070 (sbs=12.4072) vs_sbs=-0.00%
     VRPTW: top1=0.316 mean_cost=18.1289 (sbs=18.6571) vs_sbs=-2.83%
    OVRPTW: top1=0.488 mean_cost=10.0456 (sbs=10.0484) vs_sbs=-0.03%
     OVRPB: top1=0.564 mean_cost=6.3195 (sbs=6.3220) vs_sbs=-0.04%
     OVRPL: top1=0.352 mean_cost=7.4355 (sbs=7.4376) vs_sbs=-0.03%
     VRPBL: top1=0.546 mean_cost=9.3537 (sbs=9.3593) vs_sbs=-0.06%
    VRPBTW: top1=0.425 mean_cost=19.1343 (sbs=19.6697) vs_sbs=-2.72%
    VRPLTW: top1=0.343 mean_cost=17.8961 (sbs=18.5091) vs_sbs=-3.31%
    OVRPBL: top1=0.526 mean_cost=6.3116 (sbs=6.3103) vs_sbs=+0.02%
   OVRPBTW: top1=0.497 mean_cost=10.5006 (sbs=10.5068) vs_sbs=-0.06%
   OVRPLTW: top1=0.488 mean_cost=10.1282 (sbs=10.1272) vs_sbs=+0.01%
   VRPBLTW: top1=0.410 mean_cost=19.0295 (sbs=19.5198) vs_sbs=-2.51%
  OVRPBLTW: top1=0.498 mean_cost=10.5381 (sbs=10.5412) vs_sbs=-0.03%
[train_eval epoch 9] macro_top1=0.4406 top2=0.7795 top3=0.8909 vs_sbs=-0.801% vbs_closed=+19.34%
       TSP: top1=0.346 mean_cost=8.0397 (sbs=8.0483) vs_sbs=-0.11%
      CVRP: top1=0.309 mean_cost=18.0887 (sbs=18.0705) vs_sbs=+0.10%
      ATSP: top1=0.672 mean_cost=1.6453 (sbs=1.6795) vs_sbs=-2.03%
      OVRP: top1=0.342 mean_cost=7.4561 (sbs=7.4591) vs_sbs=-0.04%
      VRPB: top1=0.544 mean_cost=9.3105 (sbs=9.3165) vs_sbs=-0.06%
      VRPL: top1=0.297 mean_cost=12.3939 (sbs=12.3957) vs_sbs=-0.01%
     VRPTW: top1=0.331 mean_cost=18.0153 (sbs=18.5949) vs_sbs=-3.12%
    OVRPTW: top1=0.491 mean_cost=10.1002 (sbs=10.1037) vs_sbs=-0.03%
     OVRPB: top1=0.556 mean_cost=6.3201 (sbs=6.3216) vs_sbs=-0.02%
     OVRPL: top1=0.334 mean_cost=7.4510 (sbs=7.4526) vs_sbs=-0.02%
     VRPBL: top1=0.531 mean_cost=9.3172 (sbs=9.3209) vs_sbs=-0.04%
    VRPBTW: top1=0.422 mean_cost=19.1319 (sbs=19.6924) vs_sbs=-2.85%
    VRPLTW: top1=0.320 mean_cost=18.0392 (sbs=18.6720) vs_sbs=-3.39%
    OVRPBL: top1=0.541 mean_cost=6.3077 (sbs=6.3079) vs_sbs=-0.00%
   OVRPBTW: top1=0.480 mean_cost=10.5869 (sbs=10.5894) vs_sbs=-0.02%
   OVRPLTW: top1=0.497 mean_cost=10.1091 (sbs=10.1136) vs_sbs=-0.04%
   VRPBLTW: top1=0.422 mean_cost=19.1382 (sbs=19.6661) vs_sbs=-2.68%
  OVRPBLTW: top1=0.495 mean_cost=10.5449 (sbs=10.5476) vs_sbs=-0.03%
ep010 step002750 loss=0.5434 ce=1.2262 pair=0.7237 risk=2.0942 samples/s=2183 peak_GiB=17.37 time=4.2m
ep010 step002800 loss=0.5381 ce=1.2136 pair=0.7121 risk=2.1049 samples/s=8003 peak_GiB=17.37 time=4.2m
ep010 step002850 loss=0.5285 ce=1.2001 pair=0.6839 risk=2.0028 samples/s=8749 peak_GiB=17.37 time=4.3m
ep010 step002900 loss=0.5281 ce=1.2034 pair=0.6774 risk=1.9595 samples/s=7993 peak_GiB=17.37 time=4.4m
ep010 step002950 loss=0.5297 ce=1.2063 pair=0.6828 risk=1.9606 samples/s=8006 peak_GiB=17.37 time=4.4m
[epoch done 10] loss=0.52706 lr=0.0002 updates=2969 skipped=0 grad=0.5599654316902161
[eval epoch 10] macro_top1=0.4546 top2=0.7941 top3=0.9086 vs_sbs=-0.819% vbs_closed=+21.68%
       TSP: top1=0.343 mean_cost=7.9234 (sbs=7.9578) vs_sbs=-0.43%
      CVRP: top1=0.332 mean_cost=18.2973 (sbs=18.2943) vs_sbs=+0.02%
      ATSP: top1=0.716 mean_cost=1.6376 (sbs=1.6735) vs_sbs=-2.15%
      OVRP: top1=0.320 mean_cost=7.4605 (sbs=7.4617) vs_sbs=-0.02%
      VRPB: top1=0.544 mean_cost=9.3350 (sbs=9.3403) vs_sbs=-0.06%
      VRPL: top1=0.300 mean_cost=12.4058 (sbs=12.4072) vs_sbs=-0.01%
     VRPTW: top1=0.407 mean_cost=18.0541 (sbs=18.6571) vs_sbs=-3.23%
    OVRPTW: top1=0.484 mean_cost=10.0472 (sbs=10.0484) vs_sbs=-0.01%
     OVRPB: top1=0.555 mean_cost=6.3205 (sbs=6.3220) vs_sbs=-0.02%
     OVRPL: top1=0.364 mean_cost=7.4379 (sbs=7.4376) vs_sbs=+0.00%
     VRPBL: top1=0.552 mean_cost=9.3529 (sbs=9.3593) vs_sbs=-0.07%
    VRPBTW: top1=0.448 mean_cost=19.0777 (sbs=19.6697) vs_sbs=-3.01%
    VRPLTW: top1=0.386 mean_cost=17.9622 (sbs=18.5091) vs_sbs=-2.96%
    OVRPBL: top1=0.533 mean_cost=6.3097 (sbs=6.3103) vs_sbs=-0.01%
   OVRPBTW: top1=0.494 mean_cost=10.5019 (sbs=10.5068) vs_sbs=-0.05%
   OVRPLTW: top1=0.506 mean_cost=10.1247 (sbs=10.1272) vs_sbs=-0.02%
   VRPBLTW: top1=0.394 mean_cost=19.0065 (sbs=19.5198) vs_sbs=-2.63%
  OVRPBLTW: top1=0.504 mean_cost=10.5328 (sbs=10.5412) vs_sbs=-0.08%
[save] best.pt epoch=10 score=0.4546
[save] best_top1.pt epoch=10 top1=0.4546
[save] best_top3_safe.pt epoch=10 score=0.9086
[save] best_cost.pt epoch=10 vs_sbs=-0.819%
ep011 step003000 loss=0.5089 ce=1.1756 pair=0.6215 risk=1.7638 samples/s=5951 peak_GiB=17.37 time=4.5m
ep011 step003050 loss=0.5148 ce=1.1871 pair=0.6347 risk=1.7937 samples/s=8732 peak_GiB=17.37 time=4.6m
ep011 step003100 loss=0.5134 ce=1.1841 pair=0.6319 risk=1.7895 samples/s=7996 peak_GiB=17.37 time=4.7m
ep011 step003150 loss=0.5124 ce=1.1806 pair=0.6331 risk=1.7913 samples/s=8731 peak_GiB=17.37 time=4.7m
ep011 step003200 loss=0.5146 ce=1.1827 pair=0.6418 risk=1.8235 samples/s=8008 peak_GiB=17.37 time=4.8m
[epoch done 11] loss=0.51693 lr=0.0002 updates=3239 skipped=0 grad=0.5280634164810181
[eval epoch 11] macro_top1=0.4545 top2=0.7984 top3=0.9127 vs_sbs=-0.864% vbs_closed=+20.42%
       TSP: top1=0.350 mean_cost=7.9448 (sbs=7.9578) vs_sbs=-0.16%
      CVRP: top1=0.341 mean_cost=18.2970 (sbs=18.2943) vs_sbs=+0.01%
      ATSP: top1=0.663 mean_cost=1.6403 (sbs=1.6735) vs_sbs=-1.99%
      OVRP: top1=0.314 mean_cost=7.4676 (sbs=7.4617) vs_sbs=+0.08%
      VRPB: top1=0.550 mean_cost=9.3342 (sbs=9.3403) vs_sbs=-0.06%
      VRPL: top1=0.293 mean_cost=12.4061 (sbs=12.4072) vs_sbs=-0.01%
     VRPTW: top1=0.419 mean_cost=18.0232 (sbs=18.6571) vs_sbs=-3.40%
    OVRPTW: top1=0.492 mean_cost=10.0454 (sbs=10.0484) vs_sbs=-0.03%
     OVRPB: top1=0.562 mean_cost=6.3183 (sbs=6.3220) vs_sbs=-0.06%
     OVRPL: top1=0.370 mean_cost=7.4412 (sbs=7.4376) vs_sbs=+0.05%
     VRPBL: top1=0.541 mean_cost=9.3550 (sbs=9.3593) vs_sbs=-0.05%
    VRPBTW: top1=0.428 mean_cost=19.0886 (sbs=19.6697) vs_sbs=-2.95%
    VRPLTW: top1=0.415 mean_cost=17.7547 (sbs=18.5091) vs_sbs=-4.08%
    OVRPBL: top1=0.535 mean_cost=6.3089 (sbs=6.3103) vs_sbs=-0.02%
   OVRPBTW: top1=0.491 mean_cost=10.5029 (sbs=10.5068) vs_sbs=-0.04%
   OVRPLTW: top1=0.495 mean_cost=10.1262 (sbs=10.1272) vs_sbs=-0.01%
   VRPBLTW: top1=0.423 mean_cost=18.9773 (sbs=19.5198) vs_sbs=-2.78%
  OVRPBLTW: top1=0.499 mean_cost=10.5342 (sbs=10.5412) vs_sbs=-0.07%
[save] best_top3_safe.pt epoch=11 score=0.9127
[save] best_cost.pt epoch=11 vs_sbs=-0.864%
ep012 step003250 loss=0.5019 ce=1.1529 pair=0.6427 risk=1.7084 samples/s=7035 peak_GiB=17.37 time=4.9m
ep012 step003300 loss=0.5064 ce=1.1694 pair=0.6182 risk=1.7651 samples/s=7386 peak_GiB=17.37 time=4.9m
ep012 step003350 loss=0.5221 ce=1.1945 pair=0.6658 risk=1.8735 samples/s=8004 peak_GiB=17.37 time=5.0m
ep012 step003400 loss=0.5200 ce=1.1912 pair=0.6583 risk=1.8626 samples/s=8741 peak_GiB=17.37 time=5.1m
ep012 step003450 loss=0.5177 ce=1.1892 pair=0.6482 risk=1.8321 samples/s=8003 peak_GiB=17.37 time=5.1m
ep012 step003500 loss=0.5154 ce=1.1837 pair=0.6451 risk=1.8295 samples/s=8731 peak_GiB=17.37 time=5.2m
[epoch done 12] loss=0.51566 lr=0.0002 updates=3509 skipped=0 grad=0.5099099278450012
[eval epoch 12] macro_top1=0.4559 top2=0.7966 top3=0.9071 vs_sbs=-0.880% vbs_closed=+21.97%
       TSP: top1=0.352 mean_cost=7.9337 (sbs=7.9578) vs_sbs=-0.30%
      CVRP: top1=0.330 mean_cost=18.2911 (sbs=18.2943) vs_sbs=-0.02%
      ATSP: top1=0.734 mean_cost=1.6413 (sbs=1.6735) vs_sbs=-1.93%
      OVRP: top1=0.320 mean_cost=7.4594 (sbs=7.4617) vs_sbs=-0.03%
      VRPB: top1=0.545 mean_cost=9.3352 (sbs=9.3403) vs_sbs=-0.05%
      VRPL: top1=0.309 mean_cost=12.4044 (sbs=12.4072) vs_sbs=-0.02%
     VRPTW: top1=0.381 mean_cost=18.0021 (sbs=18.6571) vs_sbs=-3.51%
    OVRPTW: top1=0.483 mean_cost=10.0463 (sbs=10.0484) vs_sbs=-0.02%
     OVRPB: top1=0.554 mean_cost=6.3202 (sbs=6.3220) vs_sbs=-0.03%
     OVRPL: top1=0.379 mean_cost=7.4399 (sbs=7.4376) vs_sbs=+0.03%
     VRPBL: top1=0.554 mean_cost=9.3533 (sbs=9.3593) vs_sbs=-0.06%
    VRPBTW: top1=0.433 mean_cost=19.0841 (sbs=19.6697) vs_sbs=-2.98%
    VRPLTW: top1=0.417 mean_cost=17.7536 (sbs=18.5091) vs_sbs=-4.08%
    OVRPBL: top1=0.531 mean_cost=6.3104 (sbs=6.3103) vs_sbs=+0.00%
   OVRPBTW: top1=0.498 mean_cost=10.5003 (sbs=10.5068) vs_sbs=-0.06%
   OVRPLTW: top1=0.489 mean_cost=10.1267 (sbs=10.1272) vs_sbs=-0.00%
   VRPBLTW: top1=0.403 mean_cost=18.9858 (sbs=19.5198) vs_sbs=-2.74%
  OVRPBLTW: top1=0.495 mean_cost=10.5368 (sbs=10.5412) vs_sbs=-0.04%
[save] best.pt epoch=12 score=0.4559
[save] best_top1.pt epoch=12 top1=0.4559
[save] best_cost.pt epoch=12 vs_sbs=-0.880%
ep013 step003550 loss=0.5023 ce=1.1652 pair=0.6073 risk=1.6868 samples/s=6444 peak_GiB=17.37 time=5.3m
ep013 step003600 loss=0.5116 ce=1.1809 pair=0.6316 risk=1.7552 samples/s=8004 peak_GiB=17.37 time=5.3m
ep013 step003650 loss=0.5121 ce=1.1829 pair=0.6294 risk=1.7576 samples/s=7997 peak_GiB=17.37 time=5.4m
ep013 step003700 loss=0.5109 ce=1.1773 pair=0.6309 risk=1.7856 samples/s=8730 peak_GiB=17.37 time=5.5m
ep013 step003750 loss=0.5155 ce=1.1835 pair=0.6497 risk=1.8122 samples/s=8739 peak_GiB=17.37 time=5.5m
[epoch done 13] loss=0.51556 lr=0.0002 updates=3779 skipped=0 grad=0.5705308318138123
[eval epoch 13] macro_top1=0.4546 top2=0.7997 top3=0.9118 vs_sbs=-0.928% vbs_closed=+23.00%
       TSP: top1=0.356 mean_cost=7.9309 (sbs=7.9578) vs_sbs=-0.34%
      CVRP: top1=0.316 mean_cost=18.2970 (sbs=18.2943) vs_sbs=+0.01%
      ATSP: top1=0.718 mean_cost=1.6373 (sbs=1.6735) vs_sbs=-2.16%
      OVRP: top1=0.317 mean_cost=7.4598 (sbs=7.4617) vs_sbs=-0.03%
      VRPB: top1=0.547 mean_cost=9.3351 (sbs=9.3403) vs_sbs=-0.06%
      VRPL: top1=0.288 mean_cost=12.4062 (sbs=12.4072) vs_sbs=-0.01%
     VRPTW: top1=0.423 mean_cost=17.9465 (sbs=18.6571) vs_sbs=-3.81%
    OVRPTW: top1=0.488 mean_cost=10.0449 (sbs=10.0484) vs_sbs=-0.03%
     OVRPB: top1=0.553 mean_cost=6.3220 (sbs=6.3220) vs_sbs=-0.00%
     OVRPL: top1=0.352 mean_cost=7.4376 (sbs=7.4376) vs_sbs=+0.00%
     VRPBL: top1=0.542 mean_cost=9.3538 (sbs=9.3593) vs_sbs=-0.06%
    VRPBTW: top1=0.427 mean_cost=19.0853 (sbs=19.6697) vs_sbs=-2.97%
    VRPLTW: top1=0.423 mean_cost=17.6984 (sbs=18.5091) vs_sbs=-4.38%
    OVRPBL: top1=0.531 mean_cost=6.3084 (sbs=6.3103) vs_sbs=-0.03%
   OVRPBTW: top1=0.496 mean_cost=10.5011 (sbs=10.5068) vs_sbs=-0.05%
   OVRPLTW: top1=0.486 mean_cost=10.1282 (sbs=10.1272) vs_sbs=+0.01%
   VRPBLTW: top1=0.426 mean_cost=18.9791 (sbs=19.5198) vs_sbs=-2.77%
  OVRPBLTW: top1=0.493 mean_cost=10.5384 (sbs=10.5412) vs_sbs=-0.03%
[save] best_cost.pt epoch=13 vs_sbs=-0.928%
ep014 step003800 loss=0.4947 ce=1.1483 pair=0.5935 risk=1.6735 samples/s=6218 peak_GiB=17.37 time=5.6m
ep014 step003850 loss=0.4993 ce=1.1579 pair=0.5976 risk=1.7140 samples/s=8002 peak_GiB=17.37 time=5.7m
ep014 step003900 loss=0.5001 ce=1.1599 pair=0.5999 risk=1.7054 samples/s=8738 peak_GiB=17.37 time=5.7m
ep014 step003950 loss=0.5050 ce=1.1717 pair=0.6073 risk=1.7068 samples/s=8011 peak_GiB=17.37 time=5.8m
ep014 step004000 loss=0.5067 ce=1.1713 pair=0.6209 risk=1.7328 samples/s=8008 peak_GiB=17.37 time=5.9m
ep014 step004050 loss=0.5073 ce=1.1728 pair=0.6219 risk=1.7303 samples/s=8751 peak_GiB=17.37 time=5.9m
[epoch done 14] loss=0.50729 lr=0.0002 updates=4049 skipped=0 grad=0.5142072439193726
[eval epoch 14] macro_top1=0.4599 top2=0.8000 top3=0.9112 vs_sbs=-0.928% vbs_closed=+22.57%
       TSP: top1=0.352 mean_cost=7.9333 (sbs=7.9578) vs_sbs=-0.31%
      CVRP: top1=0.352 mean_cost=18.2879 (sbs=18.2943) vs_sbs=-0.04%
      ATSP: top1=0.748 mean_cost=1.6408 (sbs=1.6735) vs_sbs=-1.96%
      OVRP: top1=0.304 mean_cost=7.4624 (sbs=7.4617) vs_sbs=+0.01%
      VRPB: top1=0.548 mean_cost=9.3349 (sbs=9.3403) vs_sbs=-0.06%
      VRPL: top1=0.314 mean_cost=12.4042 (sbs=12.4072) vs_sbs=-0.02%
     VRPTW: top1=0.429 mean_cost=17.9233 (sbs=18.6571) vs_sbs=-3.93%
    OVRPTW: top1=0.491 mean_cost=10.0449 (sbs=10.0484) vs_sbs=-0.03%
     OVRPB: top1=0.548 mean_cost=6.3217 (sbs=6.3220) vs_sbs=-0.00%
     OVRPL: top1=0.361 mean_cost=7.4403 (sbs=7.4376) vs_sbs=+0.04%
     VRPBL: top1=0.548 mean_cost=9.3529 (sbs=9.3593) vs_sbs=-0.07%
    VRPBTW: top1=0.432 mean_cost=19.0737 (sbs=19.6697) vs_sbs=-3.03%
    VRPLTW: top1=0.410 mean_cost=17.6980 (sbs=18.5091) vs_sbs=-4.38%
    OVRPBL: top1=0.529 mean_cost=6.3115 (sbs=6.3103) vs_sbs=+0.02%
   OVRPBTW: top1=0.500 mean_cost=10.5037 (sbs=10.5068) vs_sbs=-0.03%
   OVRPLTW: top1=0.488 mean_cost=10.1263 (sbs=10.1272) vs_sbs=-0.01%
   VRPBLTW: top1=0.439 mean_cost=18.9636 (sbs=19.5198) vs_sbs=-2.85%
  OVRPBLTW: top1=0.486 mean_cost=10.5369 (sbs=10.5412) vs_sbs=-0.04%
[save] best.pt epoch=14 score=0.4599
[save] best_top1.pt epoch=14 top1=0.4599
[train_eval epoch 14] macro_top1=0.4592 top2=0.7991 top3=0.9120 vs_sbs=-0.947% vbs_closed=+22.40%
       TSP: top1=0.367 mean_cost=8.0277 (sbs=8.0483) vs_sbs=-0.26%
      CVRP: top1=0.326 mean_cost=18.0766 (sbs=18.0705) vs_sbs=+0.03%
      ATSP: top1=0.728 mean_cost=1.6477 (sbs=1.6795) vs_sbs=-1.89%
      OVRP: top1=0.345 mean_cost=7.4585 (sbs=7.4591) vs_sbs=-0.01%
      VRPB: top1=0.544 mean_cost=9.3111 (sbs=9.3165) vs_sbs=-0.06%
      VRPL: top1=0.301 mean_cost=12.3937 (sbs=12.3957) vs_sbs=-0.02%
     VRPTW: top1=0.417 mean_cost=17.8460 (sbs=18.5949) vs_sbs=-4.03%
    OVRPTW: top1=0.506 mean_cost=10.0977 (sbs=10.1037) vs_sbs=-0.06%
     OVRPB: top1=0.552 mean_cost=6.3209 (sbs=6.3216) vs_sbs=-0.01%
     OVRPL: top1=0.347 mean_cost=7.4560 (sbs=7.4526) vs_sbs=+0.04%
     VRPBL: top1=0.531 mean_cost=9.3167 (sbs=9.3209) vs_sbs=-0.05%
    VRPBTW: top1=0.433 mean_cost=19.0753 (sbs=19.6924) vs_sbs=-3.13%
    VRPLTW: top1=0.401 mean_cost=17.8440 (sbs=18.6720) vs_sbs=-4.43%
    OVRPBL: top1=0.548 mean_cost=6.3073 (sbs=6.3079) vs_sbs=-0.01%
   OVRPBTW: top1=0.480 mean_cost=10.5863 (sbs=10.5894) vs_sbs=-0.03%
   OVRPLTW: top1=0.493 mean_cost=10.1089 (sbs=10.1136) vs_sbs=-0.05%
   VRPBLTW: top1=0.444 mean_cost=19.0661 (sbs=19.6661) vs_sbs=-3.05%
  OVRPBLTW: top1=0.501 mean_cost=10.5434 (sbs=10.5476) vs_sbs=-0.04%
ep015 step004100 loss=0.4975 ce=1.1550 pair=0.5926 risk=1.6993 samples/s=2105 peak_GiB=17.37 time=6.2m
ep015 step004150 loss=0.5010 ce=1.1637 pair=0.5987 risk=1.6905 samples/s=8016 peak_GiB=17.37 time=6.3m
ep015 step004200 loss=0.5062 ce=1.1709 pair=0.6184 risk=1.7276 samples/s=8749 peak_GiB=17.37 time=6.3m
ep015 step004250 loss=0.5046 ce=1.1688 pair=0.6120 risk=1.7166 samples/s=8739 peak_GiB=17.37 time=6.4m
ep015 step004300 loss=0.5057 ce=1.1704 pair=0.6153 risk=1.7242 samples/s=8007 peak_GiB=17.37 time=6.4m
[epoch done 15] loss=0.50635 lr=0.0002 updates=4318 skipped=1 grad=0.510132372379303
[eval epoch 15] macro_top1=0.4494 top2=0.7868 top3=0.9014 vs_sbs=-0.828% vbs_closed=+19.89%
       TSP: top1=0.338 mean_cost=7.9323 (sbs=7.9578) vs_sbs=-0.32%
      CVRP: top1=0.352 mean_cost=18.3014 (sbs=18.2943) vs_sbs=+0.04%
      ATSP: top1=0.757 mean_cost=1.6364 (sbs=1.6735) vs_sbs=-2.22%
      OVRP: top1=0.318 mean_cost=7.4602 (sbs=7.4617) vs_sbs=-0.02%
      VRPB: top1=0.553 mean_cost=9.3353 (sbs=9.3403) vs_sbs=-0.05%
      VRPL: top1=0.277 mean_cost=12.4081 (sbs=12.4072) vs_sbs=+0.01%
     VRPTW: top1=0.360 mean_cost=18.0338 (sbs=18.6571) vs_sbs=-3.34%
    OVRPTW: top1=0.482 mean_cost=10.0530 (sbs=10.0484) vs_sbs=+0.05%
     OVRPB: top1=0.549 mean_cost=6.3228 (sbs=6.3220) vs_sbs=+0.01%
     OVRPL: top1=0.351 mean_cost=7.4355 (sbs=7.4376) vs_sbs=-0.03%
     VRPBL: top1=0.525 mean_cost=9.3568 (sbs=9.3593) vs_sbs=-0.03%
    VRPBTW: top1=0.408 mean_cost=19.1465 (sbs=19.6697) vs_sbs=-2.66%
    VRPLTW: top1=0.369 mean_cost=17.7851 (sbs=18.5091) vs_sbs=-3.91%
    OVRPBL: top1=0.529 mean_cost=6.3101 (sbs=6.3103) vs_sbs=-0.00%
   OVRPBTW: top1=0.494 mean_cost=10.5082 (sbs=10.5068) vs_sbs=+0.01%
   OVRPLTW: top1=0.507 mean_cost=10.1281 (sbs=10.1272) vs_sbs=+0.01%
   VRPBLTW: top1=0.421 mean_cost=19.0452 (sbs=19.5198) vs_sbs=-2.43%
  OVRPBLTW: top1=0.500 mean_cost=10.5393 (sbs=10.5412) vs_sbs=-0.02%
ep016 step004350 loss=0.5008 ce=1.1567 pair=0.6067 risk=1.7649 samples/s=6769 peak_GiB=17.37 time=6.5m
ep016 step004400 loss=0.5049 ce=1.1696 pair=0.6119 risk=1.7204 samples/s=8011 peak_GiB=17.37 time=6.6m
ep016 step004450 loss=0.5011 ce=1.1612 pair=0.6040 risk=1.7118 samples/s=8741 peak_GiB=17.37 time=6.7m
ep016 step004500 loss=0.5014 ce=1.1627 pair=0.6053 risk=1.6996 samples/s=8003 peak_GiB=17.37 time=6.7m
ep016 step004550 loss=0.5038 ce=1.1660 pair=0.6119 risk=1.7251 samples/s=8734 peak_GiB=17.37 time=6.8m
[epoch done 16] loss=0.50470 lr=0.0002 updates=4588 skipped=0 grad=0.5184246897697449
[eval epoch 16] macro_top1=0.4532 top2=0.7946 top3=0.9066 vs_sbs=-0.873% vbs_closed=+22.07%
       TSP: top1=0.350 mean_cost=7.9286 (sbs=7.9578) vs_sbs=-0.37%
      CVRP: top1=0.339 mean_cost=18.2845 (sbs=18.2943) vs_sbs=-0.05%
      ATSP: top1=0.734 mean_cost=1.6367 (sbs=1.6735) vs_sbs=-2.20%
      OVRP: top1=0.309 mean_cost=7.4618 (sbs=7.4617) vs_sbs=+0.00%
      VRPB: top1=0.521 mean_cost=9.3367 (sbs=9.3403) vs_sbs=-0.04%
      VRPL: top1=0.284 mean_cost=12.4110 (sbs=12.4072) vs_sbs=+0.03%
     VRPTW: top1=0.423 mean_cost=17.9490 (sbs=18.6571) vs_sbs=-3.80%
    OVRPTW: top1=0.490 mean_cost=10.0442 (sbs=10.0484) vs_sbs=-0.04%
     OVRPB: top1=0.567 mean_cost=6.3183 (sbs=6.3220) vs_sbs=-0.06%
     OVRPL: top1=0.369 mean_cost=7.4382 (sbs=7.4376) vs_sbs=+0.01%
     VRPBL: top1=0.551 mean_cost=9.3549 (sbs=9.3593) vs_sbs=-0.05%
    VRPBTW: top1=0.420 mean_cost=19.1453 (sbs=19.6697) vs_sbs=-2.67%
    VRPLTW: top1=0.371 mean_cost=17.7947 (sbs=18.5091) vs_sbs=-3.86%
    OVRPBL: top1=0.551 mean_cost=6.3091 (sbs=6.3103) vs_sbs=-0.02%
   OVRPBTW: top1=0.492 mean_cost=10.5005 (sbs=10.5068) vs_sbs=-0.06%
   OVRPLTW: top1=0.488 mean_cost=10.1259 (sbs=10.1272) vs_sbs=-0.01%
   VRPBLTW: top1=0.406 mean_cost=19.0324 (sbs=19.5198) vs_sbs=-2.50%
  OVRPBLTW: top1=0.493 mean_cost=10.5369 (sbs=10.5412) vs_sbs=-0.04%
ep017 step004600 loss=0.5345 ce=1.2708 pair=0.6062 risk=1.4562 samples/s=5920 peak_GiB=17.37 time=6.9m
ep017 step004650 loss=0.4972 ce=1.1572 pair=0.5898 risk=1.6586 samples/s=8742 peak_GiB=17.37 time=6.9m
ep017 step004700 loss=0.4982 ce=1.1599 pair=0.5921 risk=1.6521 samples/s=8738 peak_GiB=17.37 time=7.0m
ep017 step004750 loss=0.4959 ce=1.1537 pair=0.5903 risk=1.6548 samples/s=8001 peak_GiB=17.37 time=7.1m
ep017 step004800 loss=0.5004 ce=1.1629 pair=0.5998 risk=1.6690 samples/s=8001 peak_GiB=17.37 time=7.1m
ep017 step004850 loss=0.5032 ce=1.1667 pair=0.6091 risk=1.6953 samples/s=8002 peak_GiB=17.37 time=7.2m
[epoch done 17] loss=0.50295 lr=0.0002 updates=4858 skipped=0 grad=0.4891008734703064
[eval epoch 17] macro_top1=0.4518 top2=0.7937 top3=0.9044 vs_sbs=-0.880% vbs_closed=+20.84%
       TSP: top1=0.355 mean_cost=7.9232 (sbs=7.9578) vs_sbs=-0.44%
      CVRP: top1=0.336 mean_cost=18.3353 (sbs=18.2943) vs_sbs=+0.22%
      ATSP: top1=0.711 mean_cost=1.6375 (sbs=1.6735) vs_sbs=-2.15%
      OVRP: top1=0.306 mean_cost=7.4609 (sbs=7.4617) vs_sbs=-0.01%
      VRPB: top1=0.541 mean_cost=9.3345 (sbs=9.3403) vs_sbs=-0.06%
      VRPL: top1=0.245 mean_cost=12.4256 (sbs=12.4072) vs_sbs=+0.15%
     VRPTW: top1=0.396 mean_cost=18.0942 (sbs=18.6571) vs_sbs=-3.02%
    OVRPTW: top1=0.509 mean_cost=10.0403 (sbs=10.0484) vs_sbs=-0.08%
     OVRPB: top1=0.556 mean_cost=6.3213 (sbs=6.3220) vs_sbs=-0.01%
     OVRPL: top1=0.351 mean_cost=7.4348 (sbs=7.4376) vs_sbs=-0.04%
     VRPBL: top1=0.551 mean_cost=9.3529 (sbs=9.3593) vs_sbs=-0.07%
    VRPBTW: top1=0.445 mean_cost=19.0775 (sbs=19.6697) vs_sbs=-3.01%
    VRPLTW: top1=0.389 mean_cost=17.7198 (sbs=18.5091) vs_sbs=-4.26%
    OVRPBL: top1=0.529 mean_cost=6.3101 (sbs=6.3103) vs_sbs=-0.00%
   OVRPBTW: top1=0.490 mean_cost=10.5019 (sbs=10.5068) vs_sbs=-0.05%
   OVRPLTW: top1=0.502 mean_cost=10.1235 (sbs=10.1272) vs_sbs=-0.04%
   VRPBLTW: top1=0.424 mean_cost=18.9530 (sbs=19.5198) vs_sbs=-2.90%
  OVRPBLTW: top1=0.497 mean_cost=10.5330 (sbs=10.5412) vs_sbs=-0.08%
ep018 step004900 loss=0.4906 ce=1.1411 pair=0.5803 risk=1.6588 samples/s=7283 peak_GiB=17.37 time=7.3m
ep018 step004950 loss=0.5041 ce=1.1657 pair=0.6121 risk=1.7442 samples/s=8006 peak_GiB=17.37 time=7.3m
ep018 step005000 loss=0.5025 ce=1.1652 pair=0.6046 risk=1.7091 samples/s=8006 peak_GiB=17.37 time=7.4m
ep018 step005050 loss=0.5037 ce=1.1671 pair=0.6098 risk=1.7110 samples/s=8735 peak_GiB=17.37 time=7.5m
ep018 step005100 loss=0.5031 ce=1.1659 pair=0.6086 risk=1.7065 samples/s=8002 peak_GiB=17.37 time=7.5m
[epoch done 18] loss=0.50364 lr=0.0002 updates=5128 skipped=0 grad=0.45561718940734863
[eval epoch 18] macro_top1=0.4627 top2=0.8021 top3=0.9110 vs_sbs=-0.951% vbs_closed=+24.71%
       TSP: top1=0.354 mean_cost=7.9193 (sbs=7.9578) vs_sbs=-0.48%
      CVRP: top1=0.329 mean_cost=18.2961 (sbs=18.2943) vs_sbs=+0.01%
      ATSP: top1=0.767 mean_cost=1.6379 (sbs=1.6735) vs_sbs=-2.13%
      OVRP: top1=0.313 mean_cost=7.4600 (sbs=7.4617) vs_sbs=-0.02%
      VRPB: top1=0.550 mean_cost=9.3349 (sbs=9.3403) vs_sbs=-0.06%
      VRPL: top1=0.288 mean_cost=12.4059 (sbs=12.4072) vs_sbs=-0.01%
     VRPTW: top1=0.451 mean_cost=17.8996 (sbs=18.6571) vs_sbs=-4.06%
    OVRPTW: top1=0.498 mean_cost=10.0417 (sbs=10.0484) vs_sbs=-0.07%
     OVRPB: top1=0.564 mean_cost=6.3174 (sbs=6.3220) vs_sbs=-0.07%
     OVRPL: top1=0.345 mean_cost=7.4355 (sbs=7.4376) vs_sbs=-0.03%
     VRPBL: top1=0.534 mean_cost=9.3580 (sbs=9.3593) vs_sbs=-0.01%
    VRPBTW: top1=0.451 mean_cost=19.0495 (sbs=19.6697) vs_sbs=-3.15%
    VRPLTW: top1=0.429 mean_cost=17.7652 (sbs=18.5091) vs_sbs=-4.02%
    OVRPBL: top1=0.557 mean_cost=6.3097 (sbs=6.3103) vs_sbs=-0.01%
   OVRPBTW: top1=0.497 mean_cost=10.4960 (sbs=10.5068) vs_sbs=-0.10%
   OVRPLTW: top1=0.486 mean_cost=10.1285 (sbs=10.1272) vs_sbs=+0.01%
   VRPBLTW: top1=0.417 mean_cost=18.9651 (sbs=19.5198) vs_sbs=-2.84%
  OVRPBLTW: top1=0.498 mean_cost=10.5341 (sbs=10.5412) vs_sbs=-0.07%
[save] best.pt epoch=18 score=0.4627
[save] best_top1.pt epoch=18 top1=0.4627
[save] best_cost.pt epoch=18 vs_sbs=-0.951%
ep019 step005150 loss=0.5104 ce=1.1985 pair=0.5919 risk=1.5868 samples/s=6440 peak_GiB=17.37 time=7.6m
ep019 step005200 loss=0.5032 ce=1.1643 pair=0.6140 risk=1.7153 samples/s=8007 peak_GiB=17.37 time=7.7m
ep019 step005250 loss=0.5009 ce=1.1615 pair=0.6056 risk=1.6922 samples/s=8006 peak_GiB=17.37 time=7.7m
ep019 step005300 loss=0.4946 ce=1.1492 pair=0.5917 risk=1.6607 samples/s=8735 peak_GiB=17.37 time=7.8m
ep019 step005350 loss=0.4961 ce=1.1538 pair=0.5919 risk=1.6537 samples/s=8740 peak_GiB=17.37 time=7.9m
ep019 step005400 loss=0.4963 ce=1.1542 pair=0.5925 risk=1.6535 samples/s=7998 peak_GiB=17.37 time=7.9m
[epoch done 19] loss=0.49628 lr=0.0002 updates=5398 skipped=0 grad=0.4517589211463928
[eval epoch 19] macro_top1=0.4594 top2=0.7937 top3=0.9024 vs_sbs=-0.840% vbs_closed=+21.95%
       TSP: top1=0.371 mean_cost=7.9222 (sbs=7.9578) vs_sbs=-0.45%
      CVRP: top1=0.370 mean_cost=18.2975 (sbs=18.2943) vs_sbs=+0.02%
      ATSP: top1=0.752 mean_cost=1.6383 (sbs=1.6735) vs_sbs=-2.11%
      OVRP: top1=0.317 mean_cost=7.4606 (sbs=7.4617) vs_sbs=-0.01%
      VRPB: top1=0.549 mean_cost=9.3342 (sbs=9.3403) vs_sbs=-0.07%
      VRPL: top1=0.300 mean_cost=12.4048 (sbs=12.4072) vs_sbs=-0.02%
     VRPTW: top1=0.398 mean_cost=17.9813 (sbs=18.6571) vs_sbs=-3.62%
    OVRPTW: top1=0.503 mean_cost=10.0443 (sbs=10.0484) vs_sbs=-0.04%
     OVRPB: top1=0.564 mean_cost=6.3194 (sbs=6.3220) vs_sbs=-0.04%
     OVRPL: top1=0.354 mean_cost=7.4386 (sbs=7.4376) vs_sbs=+0.01%
     VRPBL: top1=0.552 mean_cost=9.3525 (sbs=9.3593) vs_sbs=-0.07%
    VRPBTW: top1=0.413 mean_cost=19.1309 (sbs=19.6697) vs_sbs=-2.74%
    VRPLTW: top1=0.418 mean_cost=17.8054 (sbs=18.5091) vs_sbs=-3.80%
    OVRPBL: top1=0.555 mean_cost=6.3073 (sbs=6.3103) vs_sbs=-0.05%
   OVRPBTW: top1=0.499 mean_cost=10.5026 (sbs=10.5068) vs_sbs=-0.04%
   OVRPLTW: top1=0.483 mean_cost=10.1295 (sbs=10.1272) vs_sbs=+0.02%
   VRPBLTW: top1=0.375 mean_cost=19.1143 (sbs=19.5198) vs_sbs=-2.08%
  OVRPBLTW: top1=0.496 mean_cost=10.5364 (sbs=10.5412) vs_sbs=-0.05%
[train_eval epoch 19] macro_top1=0.4588 top2=0.7934 top3=0.9031 vs_sbs=-0.864% vbs_closed=+22.33%
       TSP: top1=0.381 mean_cost=8.0125 (sbs=8.0483) vs_sbs=-0.44%
      CVRP: top1=0.343 mean_cost=18.0883 (sbs=18.0705) vs_sbs=+0.10%
      ATSP: top1=0.739 mean_cost=1.6443 (sbs=1.6795) vs_sbs=-2.10%
      OVRP: top1=0.353 mean_cost=7.4549 (sbs=7.4591) vs_sbs=-0.06%
      VRPB: top1=0.544 mean_cost=9.3112 (sbs=9.3165) vs_sbs=-0.06%
      VRPL: top1=0.307 mean_cost=12.3935 (sbs=12.3957) vs_sbs=-0.02%
     VRPTW: top1=0.401 mean_cost=17.8941 (sbs=18.5949) vs_sbs=-3.77%
    OVRPTW: top1=0.507 mean_cost=10.0970 (sbs=10.1037) vs_sbs=-0.07%
     OVRPB: top1=0.563 mean_cost=6.3183 (sbs=6.3216) vs_sbs=-0.05%
     OVRPL: top1=0.350 mean_cost=7.4510 (sbs=7.4526) vs_sbs=-0.02%
     VRPBL: top1=0.529 mean_cost=9.3169 (sbs=9.3209) vs_sbs=-0.04%
    VRPBTW: top1=0.412 mean_cost=19.1406 (sbs=19.6924) vs_sbs=-2.80%
    VRPLTW: top1=0.389 mean_cost=17.9766 (sbs=18.6720) vs_sbs=-3.72%
    OVRPBL: top1=0.552 mean_cost=6.3058 (sbs=6.3079) vs_sbs=-0.03%
   OVRPBTW: top1=0.482 mean_cost=10.5847 (sbs=10.5894) vs_sbs=-0.04%
   OVRPLTW: top1=0.499 mean_cost=10.1116 (sbs=10.1136) vs_sbs=-0.02%
   VRPBLTW: top1=0.410 mean_cost=19.1993 (sbs=19.6661) vs_sbs=-2.37%
  OVRPBLTW: top1=0.497 mean_cost=10.5439 (sbs=10.5476) vs_sbs=-0.04%
ep020 step005450 loss=0.5111 ce=1.1793 pair=0.6339 risk=1.7500 samples/s=2108 peak_GiB=17.37 time=8.2m
ep020 step005500 loss=0.5022 ce=1.1626 pair=0.6086 risk=1.7195 samples/s=8001 peak_GiB=17.37 time=8.2m
ep020 step005550 loss=0.4998 ce=1.1600 pair=0.6015 risk=1.6803 samples/s=8739 peak_GiB=17.37 time=8.3m
ep020 step005600 loss=0.4972 ce=1.1547 pair=0.5962 risk=1.6707 samples/s=8733 peak_GiB=17.37 time=8.4m
ep020 step005650 loss=0.4981 ce=1.1572 pair=0.5986 risk=1.6626 samples/s=8746 peak_GiB=17.37 time=8.4m
[epoch done 20] loss=0.50094 lr=0.0002 updates=5668 skipped=0 grad=0.49953708052635193
[eval epoch 20] macro_top1=0.4471 top2=0.7923 top3=0.9040 vs_sbs=-0.772% vbs_closed=+18.25%
       TSP: top1=0.353 mean_cost=7.9355 (sbs=7.9578) vs_sbs=-0.28%
      CVRP: top1=0.339 mean_cost=18.3359 (sbs=18.2943) vs_sbs=+0.23%
      ATSP: top1=0.705 mean_cost=1.6381 (sbs=1.6735) vs_sbs=-2.12%
      OVRP: top1=0.317 mean_cost=7.4601 (sbs=7.4617) vs_sbs=-0.02%
      VRPB: top1=0.543 mean_cost=9.3329 (sbs=9.3403) vs_sbs=-0.08%
      VRPL: top1=0.311 mean_cost=12.4046 (sbs=12.4072) vs_sbs=-0.02%
     VRPTW: top1=0.330 mean_cost=18.2460 (sbs=18.6571) vs_sbs=-2.20%
    OVRPTW: top1=0.477 mean_cost=10.0463 (sbs=10.0484) vs_sbs=-0.02%
     OVRPB: top1=0.548 mean_cost=6.3215 (sbs=6.3220) vs_sbs=-0.01%
     OVRPL: top1=0.338 mean_cost=7.4448 (sbs=7.4376) vs_sbs=+0.10%
     VRPBL: top1=0.547 mean_cost=9.3564 (sbs=9.3593) vs_sbs=-0.03%
    VRPBTW: top1=0.439 mean_cost=19.1082 (sbs=19.6697) vs_sbs=-2.85%
    VRPLTW: top1=0.394 mean_cost=17.7888 (sbs=18.5091) vs_sbs=-3.89%
    OVRPBL: top1=0.555 mean_cost=6.3103 (sbs=6.3103) vs_sbs=+0.00%
   OVRPBTW: top1=0.471 mean_cost=10.5004 (sbs=10.5068) vs_sbs=-0.06%
   OVRPLTW: top1=0.497 mean_cost=10.1263 (sbs=10.1272) vs_sbs=-0.01%
   VRPBLTW: top1=0.408 mean_cost=19.0102 (sbs=19.5198) vs_sbs=-2.61%
  OVRPBLTW: top1=0.476 mean_cost=10.5401 (sbs=10.5412) vs_sbs=-0.01%
ep021 step005700 loss=0.5053 ce=1.1733 pair=0.6002 risk=1.7294 samples/s=5921 peak_GiB=17.37 time=8.5m
ep021 step005750 loss=0.5054 ce=1.1705 pair=0.6139 risk=1.7158 samples/s=8736 peak_GiB=17.37 time=8.6m
ep021 step005800 loss=0.5035 ce=1.1677 pair=0.6093 risk=1.6965 samples/s=8741 peak_GiB=17.37 time=8.6m
ep021 step005850 loss=0.5008 ce=1.1610 pair=0.6062 risk=1.6915 samples/s=8007 peak_GiB=17.37 time=8.7m
ep021 step005900 loss=0.5011 ce=1.1615 pair=0.6078 risk=1.6920 samples/s=8735 peak_GiB=17.37 time=8.8m
[epoch done 21] loss=0.50057 lr=0.0002 updates=5938 skipped=0 grad=0.5128391981124878
[eval epoch 21] macro_top1=0.4557 top2=0.8037 top3=0.9144 vs_sbs=-0.936% vbs_closed=+23.27%
       TSP: top1=0.350 mean_cost=7.9304 (sbs=7.9578) vs_sbs=-0.34%
      CVRP: top1=0.350 mean_cost=18.2652 (sbs=18.2943) vs_sbs=-0.16%
      ATSP: top1=0.736 mean_cost=1.6422 (sbs=1.6735) vs_sbs=-1.87%
      OVRP: top1=0.305 mean_cost=7.4610 (sbs=7.4617) vs_sbs=-0.01%
      VRPB: top1=0.553 mean_cost=9.3337 (sbs=9.3403) vs_sbs=-0.07%
      VRPL: top1=0.280 mean_cost=12.4072 (sbs=12.4072) vs_sbs=-0.00%
     VRPTW: top1=0.427 mean_cost=17.9209 (sbs=18.6571) vs_sbs=-3.95%
    OVRPTW: top1=0.492 mean_cost=10.0449 (sbs=10.0484) vs_sbs=-0.04%
     OVRPB: top1=0.555 mean_cost=6.3216 (sbs=6.3220) vs_sbs=-0.01%
     OVRPL: top1=0.326 mean_cost=7.4397 (sbs=7.4376) vs_sbs=+0.03%
     VRPBL: top1=0.546 mean_cost=9.3553 (sbs=9.3593) vs_sbs=-0.04%
    VRPBTW: top1=0.427 mean_cost=19.0714 (sbs=19.6697) vs_sbs=-3.04%
    VRPLTW: top1=0.419 mean_cost=17.6850 (sbs=18.5091) vs_sbs=-4.45%
    OVRPBL: top1=0.547 mean_cost=6.3091 (sbs=6.3103) vs_sbs=-0.02%
   OVRPBTW: top1=0.483 mean_cost=10.5046 (sbs=10.5068) vs_sbs=-0.02%
   OVRPLTW: top1=0.497 mean_cost=10.1270 (sbs=10.1272) vs_sbs=-0.00%
   VRPBLTW: top1=0.417 mean_cost=18.9676 (sbs=19.5198) vs_sbs=-2.83%
  OVRPBLTW: top1=0.492 mean_cost=10.5378 (sbs=10.5412) vs_sbs=-0.03%
[save] best_top3_safe.pt epoch=21 score=0.9144
ep022 step005950 loss=0.5444 ce=1.2751 pair=0.6370 risk=1.7217 samples/s=5836 peak_GiB=17.37 time=8.9m
ep022 step006000 loss=0.4925 ce=1.1439 pair=0.5902 risk=1.6540 samples/s=9618 peak_GiB=17.37 time=8.9m
ep022 step006050 loss=0.4922 ce=1.1468 pair=0.5809 risk=1.6348 samples/s=7998 peak_GiB=17.37 time=9.0m
ep022 step006100 loss=0.4921 ce=1.1455 pair=0.5848 risk=1.6366 samples/s=8001 peak_GiB=17.37 time=9.1m
ep022 step006150 loss=0.4925 ce=1.1458 pair=0.5852 risk=1.6483 samples/s=9619 peak_GiB=17.37 time=9.1m
ep022 step006200 loss=0.4938 ce=1.1496 pair=0.5864 risk=1.6410 samples/s=7380 peak_GiB=17.37 time=9.2m
[epoch done 22] loss=0.49417 lr=0.0002 updates=6208 skipped=0 grad=0.45134463906288147
[eval epoch 22] macro_top1=0.4633 top2=0.8043 top3=0.9159 vs_sbs=-0.961% vbs_closed=+24.48%
       TSP: top1=0.365 mean_cost=7.9194 (sbs=7.9578) vs_sbs=-0.48%
      CVRP: top1=0.371 mean_cost=18.2868 (sbs=18.2943) vs_sbs=-0.04%
      ATSP: top1=0.733 mean_cost=1.6369 (sbs=1.6735) vs_sbs=-2.19%
      OVRP: top1=0.305 mean_cost=7.4608 (sbs=7.4617) vs_sbs=-0.01%
      VRPB: top1=0.556 mean_cost=9.3351 (sbs=9.3403) vs_sbs=-0.06%
      VRPL: top1=0.292 mean_cost=12.4063 (sbs=12.4072) vs_sbs=-0.01%
     VRPTW: top1=0.448 mean_cost=17.9422 (sbs=18.6571) vs_sbs=-3.83%
    OVRPTW: top1=0.491 mean_cost=10.0448 (sbs=10.0484) vs_sbs=-0.04%
     OVRPB: top1=0.556 mean_cost=6.3245 (sbs=6.3220) vs_sbs=+0.04%
     OVRPL: top1=0.344 mean_cost=7.4393 (sbs=7.4376) vs_sbs=+0.02%
     VRPBL: top1=0.532 mean_cost=9.3571 (sbs=9.3593) vs_sbs=-0.02%
    VRPBTW: top1=0.443 mean_cost=19.0526 (sbs=19.6697) vs_sbs=-3.14%
    VRPLTW: top1=0.429 mean_cost=17.6792 (sbs=18.5091) vs_sbs=-4.48%
    OVRPBL: top1=0.554 mean_cost=6.3044 (sbs=6.3103) vs_sbs=-0.09%
   OVRPBTW: top1=0.510 mean_cost=10.5000 (sbs=10.5068) vs_sbs=-0.06%
   OVRPLTW: top1=0.499 mean_cost=10.1251 (sbs=10.1272) vs_sbs=-0.02%
   VRPBLTW: top1=0.414 mean_cost=18.9673 (sbs=19.5198) vs_sbs=-2.83%
  OVRPBLTW: top1=0.497 mean_cost=10.5351 (sbs=10.5412) vs_sbs=-0.06%
[save] best.pt epoch=22 score=0.4633
[save] best_top1.pt epoch=22 top1=0.4633
[save] best_top3_safe.pt epoch=22 score=0.9159
[save] best_cost.pt epoch=22 vs_sbs=-0.961%
ep023 step006250 loss=0.4841 ce=1.1244 pair=0.5734 risk=1.6620 samples/s=6343 peak_GiB=17.37 time=9.3m
ep023 step006300 loss=0.5013 ce=1.1609 pair=0.6059 risk=1.7203 samples/s=8006 peak_GiB=17.37 time=9.3m
ep023 step006350 loss=0.5011 ce=1.1611 pair=0.6059 risk=1.7067 samples/s=8004 peak_GiB=17.37 time=9.4m
ep023 step006400 loss=0.5005 ce=1.1607 pair=0.6038 risk=1.6946 samples/s=8739 peak_GiB=17.37 time=9.5m
ep023 step006450 loss=0.4988 ce=1.1564 pair=0.6017 risk=1.6959 samples/s=8764 peak_GiB=17.37 time=9.5m
[epoch done 23] loss=0.49891 lr=0.0002 updates=6477 skipped=1 grad=0.4879772663116455
[eval epoch 23] macro_top1=0.4596 top2=0.8027 top3=0.9124 vs_sbs=-0.956% vbs_closed=+24.87%
       TSP: top1=0.341 mean_cost=7.9263 (sbs=7.9578) vs_sbs=-0.40%
      CVRP: top1=0.342 mean_cost=18.2693 (sbs=18.2943) vs_sbs=-0.14%
      ATSP: top1=0.743 mean_cost=1.6400 (sbs=1.6735) vs_sbs=-2.01%
      OVRP: top1=0.318 mean_cost=7.4605 (sbs=7.4617) vs_sbs=-0.02%
      VRPB: top1=0.547 mean_cost=9.3351 (sbs=9.3403) vs_sbs=-0.06%
      VRPL: top1=0.298 mean_cost=12.4043 (sbs=12.4072) vs_sbs=-0.02%
     VRPTW: top1=0.416 mean_cost=17.9275 (sbs=18.6571) vs_sbs=-3.91%
    OVRPTW: top1=0.489 mean_cost=10.0455 (sbs=10.0484) vs_sbs=-0.03%
     OVRPB: top1=0.561 mean_cost=6.3193 (sbs=6.3220) vs_sbs=-0.04%
     OVRPL: top1=0.369 mean_cost=7.4379 (sbs=7.4376) vs_sbs=+0.01%
     VRPBL: top1=0.548 mean_cost=9.3539 (sbs=9.3593) vs_sbs=-0.06%
    VRPBTW: top1=0.427 mean_cost=19.0661 (sbs=19.6697) vs_sbs=-3.07%
    VRPLTW: top1=0.425 mean_cost=17.6790 (sbs=18.5091) vs_sbs=-4.49%
    OVRPBL: top1=0.547 mean_cost=6.3065 (sbs=6.3103) vs_sbs=-0.06%
   OVRPBTW: top1=0.500 mean_cost=10.5006 (sbs=10.5068) vs_sbs=-0.06%
   OVRPLTW: top1=0.499 mean_cost=10.1235 (sbs=10.1272) vs_sbs=-0.04%
   VRPBLTW: top1=0.412 mean_cost=18.9716 (sbs=19.5198) vs_sbs=-2.81%
  OVRPBLTW: top1=0.491 mean_cost=10.5392 (sbs=10.5412) vs_sbs=-0.02%
ep024 step006500 loss=0.4918 ce=1.1343 pair=0.6043 risk=1.7169 samples/s=6312 peak_GiB=17.37 time=9.6m
ep024 step006550 loss=0.4856 ce=1.1352 pair=0.5677 risk=1.5757 samples/s=8001 peak_GiB=17.37 time=9.7m
ep024 step006600 loss=0.4827 ce=1.1295 pair=0.5621 risk=1.5586 samples/s=9618 peak_GiB=17.37 time=9.7m
ep024 step006650 loss=0.4812 ce=1.1257 pair=0.5591 risk=1.5659 samples/s=8004 peak_GiB=17.37 time=9.8m
ep024 step006700 loss=0.4815 ce=1.1273 pair=0.5568 risk=1.5621 samples/s=7999 peak_GiB=17.37 time=9.9m
ep024 step006750 loss=0.4814 ce=1.1281 pair=0.5553 risk=1.5522 samples/s=8001 peak_GiB=17.37 time=9.9m
[epoch done 24] loss=0.48142 lr=0.0001 updates=6747 skipped=0 grad=0.35961276292800903
[eval epoch 24] macro_top1=0.4677 top2=0.8081 top3=0.9183 vs_sbs=-0.977% vbs_closed=+25.37%
       TSP: top1=0.377 mean_cost=7.9209 (sbs=7.9578) vs_sbs=-0.46%
      CVRP: top1=0.348 mean_cost=18.2830 (sbs=18.2943) vs_sbs=-0.06%
      ATSP: top1=0.768 mean_cost=1.6359 (sbs=1.6735) vs_sbs=-2.25%
      OVRP: top1=0.312 mean_cost=7.4602 (sbs=7.4617) vs_sbs=-0.02%
      VRPB: top1=0.562 mean_cost=9.3340 (sbs=9.3403) vs_sbs=-0.07%
      VRPL: top1=0.321 mean_cost=12.4033 (sbs=12.4072) vs_sbs=-0.03%
     VRPTW: top1=0.437 mean_cost=17.9069 (sbs=18.6571) vs_sbs=-4.02%
    OVRPTW: top1=0.479 mean_cost=10.0467 (sbs=10.0484) vs_sbs=-0.02%
     OVRPB: top1=0.552 mean_cost=6.3211 (sbs=6.3220) vs_sbs=-0.01%
     OVRPL: top1=0.367 mean_cost=7.4340 (sbs=7.4376) vs_sbs=-0.05%
     VRPBL: top1=0.528 mean_cost=9.3591 (sbs=9.3593) vs_sbs=-0.00%
    VRPBTW: top1=0.451 mean_cost=19.0516 (sbs=19.6697) vs_sbs=-3.14%
    VRPLTW: top1=0.439 mean_cost=17.6975 (sbs=18.5091) vs_sbs=-4.39%
    OVRPBL: top1=0.549 mean_cost=6.3068 (sbs=6.3103) vs_sbs=-0.05%
   OVRPBTW: top1=0.510 mean_cost=10.4988 (sbs=10.5068) vs_sbs=-0.08%
   OVRPLTW: top1=0.496 mean_cost=10.1275 (sbs=10.1272) vs_sbs=+0.00%
   VRPBLTW: top1=0.430 mean_cost=18.9551 (sbs=19.5198) vs_sbs=-2.89%
  OVRPBLTW: top1=0.492 mean_cost=10.5373 (sbs=10.5412) vs_sbs=-0.04%
[save] best.pt epoch=24 score=0.4677
[save] best_top1.pt epoch=24 top1=0.4677
[save] best_top3_safe.pt epoch=24 score=0.9183
[save] best_cost.pt epoch=24 vs_sbs=-0.977%
[train_eval epoch 24] macro_top1=0.4718 top2=0.8067 top3=0.9188 vs_sbs=-1.002% vbs_closed=+26.03%
       TSP: top1=0.384 mean_cost=8.0159 (sbs=8.0483) vs_sbs=-0.40%
      CVRP: top1=0.338 mean_cost=18.0660 (sbs=18.0705) vs_sbs=-0.02%
      ATSP: top1=0.750 mean_cost=1.6423 (sbs=1.6795) vs_sbs=-2.21%
      OVRP: top1=0.363 mean_cost=7.4545 (sbs=7.4591) vs_sbs=-0.06%
      VRPB: top1=0.552 mean_cost=9.3097 (sbs=9.3165) vs_sbs=-0.07%
      VRPL: top1=0.308 mean_cost=12.3941 (sbs=12.3957) vs_sbs=-0.01%
     VRPTW: top1=0.444 mean_cost=17.8225 (sbs=18.5949) vs_sbs=-4.15%
    OVRPTW: top1=0.510 mean_cost=10.0974 (sbs=10.1037) vs_sbs=-0.06%
     OVRPB: top1=0.568 mean_cost=6.3177 (sbs=6.3216) vs_sbs=-0.06%
     OVRPL: top1=0.357 mean_cost=7.4490 (sbs=7.4526) vs_sbs=-0.05%
     VRPBL: top1=0.538 mean_cost=9.3169 (sbs=9.3209) vs_sbs=-0.04%
    VRPBTW: top1=0.435 mean_cost=19.0687 (sbs=19.6924) vs_sbs=-3.17%
    VRPLTW: top1=0.443 mean_cost=17.8466 (sbs=18.6720) vs_sbs=-4.42%
    OVRPBL: top1=0.556 mean_cost=6.3054 (sbs=6.3079) vs_sbs=-0.04%
   OVRPBTW: top1=0.488 mean_cost=10.5834 (sbs=10.5894) vs_sbs=-0.06%
   OVRPLTW: top1=0.503 mean_cost=10.1102 (sbs=10.1136) vs_sbs=-0.03%
   VRPBLTW: top1=0.449 mean_cost=19.0581 (sbs=19.6661) vs_sbs=-3.09%
  OVRPBLTW: top1=0.504 mean_cost=10.5414 (sbs=10.5476) vs_sbs=-0.06%
ep025 step006800 loss=0.4798 ce=1.1247 pair=0.5532 risk=1.5434 samples/s=2088 peak_GiB=17.37 time=10.2m
ep025 step006850 loss=0.4770 ce=1.1175 pair=0.5510 risk=1.5377 samples/s=8731 peak_GiB=17.37 time=10.2m
ep025 step006900 loss=0.4796 ce=1.1245 pair=0.5513 risk=1.5448 samples/s=7988 peak_GiB=17.37 time=10.3m
ep025 step006950 loss=0.4791 ce=1.1237 pair=0.5500 risk=1.5425 samples/s=8727 peak_GiB=17.37 time=10.4m
ep025 step007000 loss=0.4810 ce=1.1283 pair=0.5521 risk=1.5423 samples/s=7996 peak_GiB=17.37 time=10.4m
[epoch done 25] loss=0.47999 lr=0.0001 updates=7017 skipped=0 grad=0.38874173164367676
[eval epoch 25] macro_top1=0.4711 top2=0.8079 top3=0.9182 vs_sbs=-0.982% vbs_closed=+26.27%
       TSP: top1=0.369 mean_cost=7.9219 (sbs=7.9578) vs_sbs=-0.45%
      CVRP: top1=0.405 mean_cost=18.2638 (sbs=18.2943) vs_sbs=-0.17%
      ATSP: top1=0.770 mean_cost=1.6353 (sbs=1.6735) vs_sbs=-2.28%
      OVRP: top1=0.307 mean_cost=7.4611 (sbs=7.4617) vs_sbs=-0.01%
      VRPB: top1=0.561 mean_cost=9.3328 (sbs=9.3403) vs_sbs=-0.08%
      VRPL: top1=0.311 mean_cost=12.4034 (sbs=12.4072) vs_sbs=-0.03%
     VRPTW: top1=0.423 mean_cost=17.9407 (sbs=18.6571) vs_sbs=-3.84%
    OVRPTW: top1=0.494 mean_cost=10.0441 (sbs=10.0484) vs_sbs=-0.04%
     OVRPB: top1=0.565 mean_cost=6.3195 (sbs=6.3220) vs_sbs=-0.04%
     OVRPL: top1=0.368 mean_cost=7.4388 (sbs=7.4376) vs_sbs=+0.02%
     VRPBL: top1=0.537 mean_cost=9.3556 (sbs=9.3593) vs_sbs=-0.04%
    VRPBTW: top1=0.444 mean_cost=19.0588 (sbs=19.6697) vs_sbs=-3.11%
    VRPLTW: top1=0.432 mean_cost=17.6775 (sbs=18.5091) vs_sbs=-4.49%
    OVRPBL: top1=0.568 mean_cost=6.3037 (sbs=6.3103) vs_sbs=-0.10%
   OVRPBTW: top1=0.504 mean_cost=10.5005 (sbs=10.5068) vs_sbs=-0.06%
   OVRPLTW: top1=0.499 mean_cost=10.1265 (sbs=10.1272) vs_sbs=-0.01%
   VRPBLTW: top1=0.425 mean_cost=18.9559 (sbs=19.5198) vs_sbs=-2.89%
  OVRPBLTW: top1=0.497 mean_cost=10.5353 (sbs=10.5412) vs_sbs=-0.06%
[save] best.pt epoch=25 score=0.4711
[save] best_top1.pt epoch=25 top1=0.4711
[save] best_cost.pt epoch=25 vs_sbs=-0.982%
ep026 step007050 loss=0.4835 ce=1.1408 pair=0.5408 risk=1.5057 samples/s=6034 peak_GiB=17.37 time=10.5m
ep026 step007100 loss=0.4813 ce=1.1342 pair=0.5429 risk=1.5031 samples/s=8732 peak_GiB=17.37 time=10.6m
ep026 step007150 loss=0.4791 ce=1.1249 pair=0.5471 risk=1.5337 samples/s=8755 peak_GiB=17.37 time=10.6m
ep026 step007200 loss=0.4801 ce=1.1263 pair=0.5499 risk=1.5439 samples/s=8001 peak_GiB=17.37 time=10.7m
ep026 step007250 loss=0.4807 ce=1.1288 pair=0.5489 risk=1.5373 samples/s=8011 peak_GiB=17.37 time=10.8m
[epoch done 26] loss=0.47985 lr=0.0001 updates=7287 skipped=0 grad=0.4882121682167053
[eval epoch 26] macro_top1=0.4711 top2=0.8071 top3=0.9144 vs_sbs=-0.886% vbs_closed=+25.80%
       TSP: top1=0.366 mean_cost=7.9195 (sbs=7.9578) vs_sbs=-0.48%
      CVRP: top1=0.402 mean_cost=18.2491 (sbs=18.2943) vs_sbs=-0.25%
      ATSP: top1=0.773 mean_cost=1.6358 (sbs=1.6735) vs_sbs=-2.26%
      OVRP: top1=0.307 mean_cost=7.4610 (sbs=7.4617) vs_sbs=-0.01%
      VRPB: top1=0.559 mean_cost=9.3316 (sbs=9.3403) vs_sbs=-0.09%
      VRPL: top1=0.318 mean_cost=12.4033 (sbs=12.4072) vs_sbs=-0.03%
     VRPTW: top1=0.403 mean_cost=18.1015 (sbs=18.6571) vs_sbs=-2.98%
    OVRPTW: top1=0.500 mean_cost=10.0426 (sbs=10.0484) vs_sbs=-0.06%
     OVRPB: top1=0.568 mean_cost=6.3182 (sbs=6.3220) vs_sbs=-0.06%
     OVRPL: top1=0.366 mean_cost=7.4367 (sbs=7.4376) vs_sbs=-0.01%
     VRPBL: top1=0.542 mean_cost=9.3535 (sbs=9.3593) vs_sbs=-0.06%
    VRPBTW: top1=0.443 mean_cost=19.0460 (sbs=19.6697) vs_sbs=-3.17%
    VRPLTW: top1=0.433 mean_cost=17.8577 (sbs=18.5091) vs_sbs=-3.52%
    OVRPBL: top1=0.593 mean_cost=6.3007 (sbs=6.3103) vs_sbs=-0.15%
   OVRPBTW: top1=0.510 mean_cost=10.4981 (sbs=10.5068) vs_sbs=-0.08%
   OVRPLTW: top1=0.494 mean_cost=10.1254 (sbs=10.1272) vs_sbs=-0.02%
   VRPBLTW: top1=0.409 mean_cost=18.9944 (sbs=19.5198) vs_sbs=-2.69%
  OVRPBLTW: top1=0.493 mean_cost=10.5383 (sbs=10.5412) vs_sbs=-0.03%
ep027 step007300 loss=0.4358 ce=1.0220 pair=0.4783 risk=1.5154 samples/s=6762 peak_GiB=17.37 time=10.9m
ep027 step007350 loss=0.4827 ce=1.1358 pair=0.5468 risk=1.5217 samples/s=7383 peak_GiB=17.37 time=10.9m
ep027 step007400 loss=0.4803 ce=1.1283 pair=0.5482 risk=1.5273 samples/s=9581 peak_GiB=17.37 time=11.0m
ep027 step007450 loss=0.4755 ce=1.1181 pair=0.5397 risk=1.5108 samples/s=8733 peak_GiB=17.37 time=11.0m
ep027 step007500 loss=0.4780 ce=1.1222 pair=0.5463 risk=1.5273 samples/s=8741 peak_GiB=17.37 time=11.1m
ep027 step007550 loss=0.4781 ce=1.1229 pair=0.5456 risk=1.5283 samples/s=6850 peak_GiB=17.37 time=11.2m
[epoch done 27] loss=0.47821 lr=0.0001 updates=7557 skipped=0 grad=0.4550870954990387
[eval epoch 27] macro_top1=0.4735 top2=0.8093 top3=0.9187 vs_sbs=-1.019% vbs_closed=+28.13%
       TSP: top1=0.374 mean_cost=7.9225 (sbs=7.9578) vs_sbs=-0.44%
      CVRP: top1=0.410 mean_cost=18.2462 (sbs=18.2943) vs_sbs=-0.26%
      ATSP: top1=0.764 mean_cost=1.6354 (sbs=1.6735) vs_sbs=-2.28%
      OVRP: top1=0.310 mean_cost=7.4591 (sbs=7.4617) vs_sbs=-0.03%
      VRPB: top1=0.556 mean_cost=9.3341 (sbs=9.3403) vs_sbs=-0.07%
      VRPL: top1=0.305 mean_cost=12.4051 (sbs=12.4072) vs_sbs=-0.02%
     VRPTW: top1=0.432 mean_cost=17.9128 (sbs=18.6571) vs_sbs=-3.99%
    OVRPTW: top1=0.504 mean_cost=10.0422 (sbs=10.0484) vs_sbs=-0.06%
     OVRPB: top1=0.564 mean_cost=6.3200 (sbs=6.3220) vs_sbs=-0.03%
     OVRPL: top1=0.382 mean_cost=7.4335 (sbs=7.4376) vs_sbs=-0.05%
     VRPBL: top1=0.535 mean_cost=9.3564 (sbs=9.3593) vs_sbs=-0.03%
    VRPBTW: top1=0.439 mean_cost=19.0393 (sbs=19.6697) vs_sbs=-3.21%
    VRPLTW: top1=0.442 mean_cost=17.6576 (sbs=18.5091) vs_sbs=-4.60%
    OVRPBL: top1=0.573 mean_cost=6.3025 (sbs=6.3103) vs_sbs=-0.12%
   OVRPBTW: top1=0.508 mean_cost=10.4961 (sbs=10.5068) vs_sbs=-0.10%
   OVRPLTW: top1=0.496 mean_cost=10.1248 (sbs=10.1272) vs_sbs=-0.02%
   VRPBLTW: top1=0.429 mean_cost=18.9471 (sbs=19.5198) vs_sbs=-2.93%
  OVRPBLTW: top1=0.500 mean_cost=10.5336 (sbs=10.5412) vs_sbs=-0.07%
[save] best.pt epoch=27 score=0.4735
[save] best_top1.pt epoch=27 top1=0.4735
[save] best_top3_safe.pt epoch=27 score=0.9187
[save] best_cost.pt epoch=27 vs_sbs=-1.019%
ep028 step007600 loss=0.4849 ce=1.1408 pair=0.5537 risk=1.5100 samples/s=6340 peak_GiB=17.37 time=11.3m
ep028 step007650 loss=0.4783 ce=1.1247 pair=0.5440 risk=1.5120 samples/s=8731 peak_GiB=17.37 time=11.3m
ep028 step007700 loss=0.4845 ce=1.1353 pair=0.5611 risk=1.5545 samples/s=8001 peak_GiB=17.37 time=11.4m
ep028 step007750 loss=0.4829 ce=1.1316 pair=0.5576 risk=1.5526 samples/s=8733 peak_GiB=17.37 time=11.5m
ep028 step007800 loss=0.4840 ce=1.1349 pair=0.5579 risk=1.5487 samples/s=8000 peak_GiB=17.37 time=11.5m
[epoch done 28] loss=0.48186 lr=0.0001 updates=7827 skipped=0 grad=0.5164992809295654
[eval epoch 28] macro_top1=0.4721 top2=0.8089 top3=0.9188 vs_sbs=-1.012% vbs_closed=+27.35%
       TSP: top1=0.369 mean_cost=7.9198 (sbs=7.9578) vs_sbs=-0.48%
      CVRP: top1=0.376 mean_cost=18.2589 (sbs=18.2943) vs_sbs=-0.19%
      ATSP: top1=0.767 mean_cost=1.6357 (sbs=1.6735) vs_sbs=-2.26%
      OVRP: top1=0.315 mean_cost=7.4597 (sbs=7.4617) vs_sbs=-0.03%
      VRPB: top1=0.562 mean_cost=9.3315 (sbs=9.3403) vs_sbs=-0.09%
      VRPL: top1=0.292 mean_cost=12.4057 (sbs=12.4072) vs_sbs=-0.01%
     VRPTW: top1=0.466 mean_cost=17.8858 (sbs=18.6571) vs_sbs=-4.13%
    OVRPTW: top1=0.493 mean_cost=10.0452 (sbs=10.0484) vs_sbs=-0.03%
     OVRPB: top1=0.560 mean_cost=6.3204 (sbs=6.3220) vs_sbs=-0.03%
     OVRPL: top1=0.376 mean_cost=7.4334 (sbs=7.4376) vs_sbs=-0.06%
     VRPBL: top1=0.541 mean_cost=9.3562 (sbs=9.3593) vs_sbs=-0.03%
    VRPBTW: top1=0.452 mean_cost=19.0465 (sbs=19.6697) vs_sbs=-3.17%
    VRPLTW: top1=0.440 mean_cost=17.6597 (sbs=18.5091) vs_sbs=-4.59%
    OVRPBL: top1=0.553 mean_cost=6.3048 (sbs=6.3103) vs_sbs=-0.09%
   OVRPBTW: top1=0.492 mean_cost=10.5059 (sbs=10.5068) vs_sbs=-0.01%
   OVRPLTW: top1=0.511 mean_cost=10.1221 (sbs=10.1272) vs_sbs=-0.05%
   VRPBLTW: top1=0.431 mean_cost=18.9538 (sbs=19.5198) vs_sbs=-2.90%
  OVRPBLTW: top1=0.502 mean_cost=10.5336 (sbs=10.5412) vs_sbs=-0.07%
[save] best_top3_safe.pt epoch=28 score=0.9188
ep029 step007850 loss=0.4701 ce=1.1011 pair=0.5368 risk=1.5518 samples/s=6644 peak_GiB=17.37 time=11.6m
ep029 step007900 loss=0.4699 ce=1.1042 pair=0.5315 risk=1.5129 samples/s=8733 peak_GiB=17.37 time=11.7m
ep029 step007950 loss=0.4727 ce=1.1119 pair=0.5334 risk=1.5099 samples/s=7371 peak_GiB=17.37 time=11.7m
ep029 step008000 loss=0.4781 ce=1.1257 pair=0.5404 risk=1.5057 samples/s=7993 peak_GiB=17.37 time=11.8m
ep029 step008050 loss=0.4768 ce=1.1223 pair=0.5409 risk=1.4961 samples/s=8742 peak_GiB=17.37 time=11.9m
ep029 step008100 loss=0.4766 ce=1.1210 pair=0.5415 risk=1.5074 samples/s=8735 peak_GiB=17.37 time=11.9m
[epoch done 29] loss=0.47665 lr=0.0001 updates=8097 skipped=0 grad=0.5367592573165894
[eval epoch 29] macro_top1=0.4713 top2=0.8096 top3=0.9195 vs_sbs=-1.015% vbs_closed=+27.70%
       TSP: top1=0.364 mean_cost=7.9196 (sbs=7.9578) vs_sbs=-0.48%
      CVRP: top1=0.355 mean_cost=18.2622 (sbs=18.2943) vs_sbs=-0.18%
      ATSP: top1=0.771 mean_cost=1.6360 (sbs=1.6735) vs_sbs=-2.24%
      OVRP: top1=0.306 mean_cost=7.4606 (sbs=7.4617) vs_sbs=-0.01%
      VRPB: top1=0.558 mean_cost=9.3340 (sbs=9.3403) vs_sbs=-0.07%
      VRPL: top1=0.326 mean_cost=12.4023 (sbs=12.4072) vs_sbs=-0.04%
     VRPTW: top1=0.439 mean_cost=17.9152 (sbs=18.6571) vs_sbs=-3.98%
    OVRPTW: top1=0.489 mean_cost=10.0452 (sbs=10.0484) vs_sbs=-0.03%
     OVRPB: top1=0.571 mean_cost=6.3171 (sbs=6.3220) vs_sbs=-0.08%
     OVRPL: top1=0.368 mean_cost=7.4355 (sbs=7.4376) vs_sbs=-0.03%
     VRPBL: top1=0.532 mean_cost=9.3566 (sbs=9.3593) vs_sbs=-0.03%
    VRPBTW: top1=0.447 mean_cost=19.0449 (sbs=19.6697) vs_sbs=-3.18%
    VRPLTW: top1=0.444 mean_cost=17.6396 (sbs=18.5091) vs_sbs=-4.70%
    OVRPBL: top1=0.576 mean_cost=6.3045 (sbs=6.3103) vs_sbs=-0.09%
   OVRPBTW: top1=0.509 mean_cost=10.4948 (sbs=10.5068) vs_sbs=-0.11%
   OVRPLTW: top1=0.504 mean_cost=10.1232 (sbs=10.1272) vs_sbs=-0.04%
   VRPBLTW: top1=0.431 mean_cost=18.9498 (sbs=19.5198) vs_sbs=-2.92%
  OVRPBLTW: top1=0.494 mean_cost=10.5346 (sbs=10.5412) vs_sbs=-0.06%
[save] best_top3_safe.pt epoch=29 score=0.9195
[train_eval epoch 29] macro_top1=0.4761 top2=0.8122 top3=0.9230 vs_sbs=-1.039% vbs_closed=+28.13%
       TSP: top1=0.387 mean_cost=8.0101 (sbs=8.0483) vs_sbs=-0.47%
      CVRP: top1=0.345 mean_cost=18.0492 (sbs=18.0705) vs_sbs=-0.12%
      ATSP: top1=0.750 mean_cost=1.6427 (sbs=1.6795) vs_sbs=-2.19%
      OVRP: top1=0.363 mean_cost=7.4542 (sbs=7.4591) vs_sbs=-0.07%
      VRPB: top1=0.551 mean_cost=9.3091 (sbs=9.3165) vs_sbs=-0.08%
      VRPL: top1=0.319 mean_cost=12.3920 (sbs=12.3957) vs_sbs=-0.03%
     VRPTW: top1=0.440 mean_cost=17.8238 (sbs=18.5949) vs_sbs=-4.15%
    OVRPTW: top1=0.512 mean_cost=10.0967 (sbs=10.1037) vs_sbs=-0.07%
     OVRPB: top1=0.571 mean_cost=6.3168 (sbs=6.3216) vs_sbs=-0.08%
     OVRPL: top1=0.367 mean_cost=7.4478 (sbs=7.4526) vs_sbs=-0.07%
     VRPBL: top1=0.538 mean_cost=9.3158 (sbs=9.3209) vs_sbs=-0.05%
    VRPBTW: top1=0.447 mean_cost=19.0581 (sbs=19.6924) vs_sbs=-3.22%
    VRPLTW: top1=0.460 mean_cost=17.7879 (sbs=18.6720) vs_sbs=-4.74%
    OVRPBL: top1=0.560 mean_cost=6.3046 (sbs=6.3079) vs_sbs=-0.05%
   OVRPBTW: top1=0.495 mean_cost=10.5819 (sbs=10.5894) vs_sbs=-0.07%
   OVRPLTW: top1=0.500 mean_cost=10.1089 (sbs=10.1136) vs_sbs=-0.05%
   VRPBLTW: top1=0.456 mean_cost=19.0496 (sbs=19.6661) vs_sbs=-3.13%
  OVRPBLTW: top1=0.508 mean_cost=10.5394 (sbs=10.5476) vs_sbs=-0.08%
ep030 step008150 loss=0.4763 ce=1.1201 pair=0.5397 risk=1.5122 samples/s=2115 peak_GiB=17.37 time=12.2m
ep030 step008200 loss=0.4731 ce=1.1137 pair=0.5319 risk=1.5057 samples/s=7992 peak_GiB=17.37 time=12.2m
ep030 step008250 loss=0.4731 ce=1.1135 pair=0.5335 risk=1.4990 samples/s=9606 peak_GiB=17.37 time=12.3m
ep030 step008300 loss=0.4761 ce=1.1188 pair=0.5408 risk=1.5197 samples/s=7996 peak_GiB=17.37 time=12.4m
ep030 step008350 loss=0.4769 ce=1.1218 pair=0.5395 risk=1.5149 samples/s=8003 peak_GiB=17.37 time=12.4m
[epoch done 30] loss=0.47643 lr=0.0001 updates=8367 skipped=0 grad=0.5620805025100708
[eval epoch 30] macro_top1=0.4738 top2=0.8132 top3=0.9202 vs_sbs=-1.022% vbs_closed=+27.72%
       TSP: top1=0.363 mean_cost=7.9188 (sbs=7.9578) vs_sbs=-0.49%
      CVRP: top1=0.424 mean_cost=18.2385 (sbs=18.2943) vs_sbs=-0.30%
      ATSP: top1=0.770 mean_cost=1.6373 (sbs=1.6735) vs_sbs=-2.17%
      OVRP: top1=0.304 mean_cost=7.4608 (sbs=7.4617) vs_sbs=-0.01%
      VRPB: top1=0.564 mean_cost=9.3342 (sbs=9.3403) vs_sbs=-0.06%
      VRPL: top1=0.292 mean_cost=12.4046 (sbs=12.4072) vs_sbs=-0.02%
     VRPTW: top1=0.458 mean_cost=17.8853 (sbs=18.6571) vs_sbs=-4.14%
    OVRPTW: top1=0.495 mean_cost=10.0443 (sbs=10.0484) vs_sbs=-0.04%
     OVRPB: top1=0.564 mean_cost=6.3197 (sbs=6.3220) vs_sbs=-0.04%
     OVRPL: top1=0.373 mean_cost=7.4346 (sbs=7.4376) vs_sbs=-0.04%
     VRPBL: top1=0.520 mean_cost=9.3614 (sbs=9.3593) vs_sbs=+0.02%
    VRPBTW: top1=0.444 mean_cost=19.0388 (sbs=19.6697) vs_sbs=-3.21%
    VRPLTW: top1=0.446 mean_cost=17.6497 (sbs=18.5091) vs_sbs=-4.64%
    OVRPBL: top1=0.573 mean_cost=6.3041 (sbs=6.3103) vs_sbs=-0.10%
   OVRPBTW: top1=0.518 mean_cost=10.4959 (sbs=10.5068) vs_sbs=-0.10%
   OVRPLTW: top1=0.486 mean_cost=10.1260 (sbs=10.1272) vs_sbs=-0.01%
   VRPBLTW: top1=0.432 mean_cost=18.9441 (sbs=19.5198) vs_sbs=-2.95%
  OVRPBLTW: top1=0.502 mean_cost=10.5319 (sbs=10.5412) vs_sbs=-0.09%
[save] best.pt epoch=30 score=0.4738
[save] best_top1.pt epoch=30 top1=0.4738
[save] best_top3_safe.pt epoch=30 score=0.9202
[save] best_cost.pt epoch=30 vs_sbs=-1.022%
ep031 step008400 loss=0.4765 ce=1.1253 pair=0.5241 risk=1.5141 samples/s=5946 peak_GiB=17.37 time=12.5m
ep031 step008450 loss=0.4723 ce=1.1109 pair=0.5325 risk=1.5098 samples/s=8733 peak_GiB=17.37 time=12.6m
ep031 step008500 loss=0.4749 ce=1.1149 pair=0.5423 risk=1.5246 samples/s=8727 peak_GiB=17.37 time=12.6m
ep031 step008550 loss=0.4770 ce=1.1205 pair=0.5434 risk=1.5257 samples/s=8002 peak_GiB=17.37 time=12.7m
ep031 step008600 loss=0.4769 ce=1.1199 pair=0.5435 risk=1.5283 samples/s=8002 peak_GiB=17.37 time=12.8m
[epoch done 31] loss=0.47972 lr=0.0001 updates=8636 skipped=1 grad=0.5728850960731506
[eval epoch 31] macro_top1=0.4719 top2=0.8105 top3=0.9204 vs_sbs=-1.003% vbs_closed=+26.89%
       TSP: top1=0.364 mean_cost=7.9227 (sbs=7.9578) vs_sbs=-0.44%
      CVRP: top1=0.402 mean_cost=18.2498 (sbs=18.2943) vs_sbs=-0.24%
      ATSP: top1=0.774 mean_cost=1.6363 (sbs=1.6735) vs_sbs=-2.23%
      OVRP: top1=0.313 mean_cost=7.4595 (sbs=7.4617) vs_sbs=-0.03%
      VRPB: top1=0.563 mean_cost=9.3323 (sbs=9.3403) vs_sbs=-0.09%
      VRPL: top1=0.305 mean_cost=12.4042 (sbs=12.4072) vs_sbs=-0.02%
     VRPTW: top1=0.454 mean_cost=17.8917 (sbs=18.6571) vs_sbs=-4.10%
    OVRPTW: top1=0.493 mean_cost=10.0450 (sbs=10.0484) vs_sbs=-0.03%
     OVRPB: top1=0.559 mean_cost=6.3222 (sbs=6.3220) vs_sbs=+0.00%
     OVRPL: top1=0.369 mean_cost=7.4329 (sbs=7.4376) vs_sbs=-0.06%
     VRPBL: top1=0.527 mean_cost=9.3571 (sbs=9.3593) vs_sbs=-0.02%
    VRPBTW: top1=0.438 mean_cost=19.0522 (sbs=19.6697) vs_sbs=-3.14%
    VRPLTW: top1=0.443 mean_cost=17.6629 (sbs=18.5091) vs_sbs=-4.57%
    OVRPBL: top1=0.565 mean_cost=6.3052 (sbs=6.3103) vs_sbs=-0.08%
   OVRPBTW: top1=0.501 mean_cost=10.5034 (sbs=10.5068) vs_sbs=-0.03%
   OVRPLTW: top1=0.493 mean_cost=10.1280 (sbs=10.1272) vs_sbs=+0.01%
   VRPBLTW: top1=0.429 mean_cost=18.9521 (sbs=19.5198) vs_sbs=-2.91%
  OVRPBLTW: top1=0.502 mean_cost=10.5346 (sbs=10.5412) vs_sbs=-0.06%
[save] best_top3_safe.pt epoch=31 score=0.9204
ep032 step008650 loss=0.4581 ce=1.0791 pair=0.5107 risk=1.4662 samples/s=6645 peak_GiB=17.37 time=12.9m
ep032 step008700 loss=0.4831 ce=1.1388 pair=0.5442 risk=1.5037 samples/s=7997 peak_GiB=17.37 time=12.9m
ep032 step008750 loss=0.4762 ce=1.1211 pair=0.5381 risk=1.5013 samples/s=8738 peak_GiB=17.37 time=13.0m
ep032 step008800 loss=0.4745 ce=1.1161 pair=0.5372 risk=1.5081 samples/s=8733 peak_GiB=17.37 time=13.1m
ep032 step008850 loss=0.4752 ce=1.1171 pair=0.5396 risk=1.5121 samples/s=7996 peak_GiB=17.37 time=13.1m
ep032 step008900 loss=0.4757 ce=1.1194 pair=0.5381 risk=1.5078 samples/s=8008 peak_GiB=17.37 time=13.2m
[epoch done 32] loss=0.47558 lr=0.0001 updates=8906 skipped=0 grad=0.5854385495185852
[eval epoch 32] macro_top1=0.4768 top2=0.8116 top3=0.9199 vs_sbs=-1.022% vbs_closed=+28.21%
       TSP: top1=0.372 mean_cost=7.9182 (sbs=7.9578) vs_sbs=-0.50%
      CVRP: top1=0.435 mean_cost=18.2312 (sbs=18.2943) vs_sbs=-0.35%
      ATSP: top1=0.776 mean_cost=1.6359 (sbs=1.6735) vs_sbs=-2.25%
      OVRP: top1=0.313 mean_cost=7.4607 (sbs=7.4617) vs_sbs=-0.01%
      VRPB: top1=0.559 mean_cost=9.3344 (sbs=9.3403) vs_sbs=-0.06%
      VRPL: top1=0.289 mean_cost=12.4067 (sbs=12.4072) vs_sbs=-0.00%
     VRPTW: top1=0.459 mean_cost=17.8939 (sbs=18.6571) vs_sbs=-4.09%
    OVRPTW: top1=0.500 mean_cost=10.0435 (sbs=10.0484) vs_sbs=-0.05%
     OVRPB: top1=0.576 mean_cost=6.3180 (sbs=6.3220) vs_sbs=-0.06%
     OVRPL: top1=0.368 mean_cost=7.4337 (sbs=7.4376) vs_sbs=-0.05%
     VRPBL: top1=0.533 mean_cost=9.3560 (sbs=9.3593) vs_sbs=-0.04%
    VRPBTW: top1=0.449 mean_cost=19.0376 (sbs=19.6697) vs_sbs=-3.21%
    VRPLTW: top1=0.437 mean_cost=17.6654 (sbs=18.5091) vs_sbs=-4.56%
    OVRPBL: top1=0.589 mean_cost=6.3016 (sbs=6.3103) vs_sbs=-0.14%
   OVRPBTW: top1=0.505 mean_cost=10.5054 (sbs=10.5068) vs_sbs=-0.01%
   OVRPLTW: top1=0.494 mean_cost=10.1243 (sbs=10.1272) vs_sbs=-0.03%
   VRPBLTW: top1=0.438 mean_cost=18.9467 (sbs=19.5198) vs_sbs=-2.94%
  OVRPBLTW: top1=0.490 mean_cost=10.5375 (sbs=10.5412) vs_sbs=-0.03%
[save] best.pt epoch=32 score=0.4768
[save] best_top1.pt epoch=32 top1=0.4768
ep033 step008950 loss=0.4716 ce=1.1151 pair=0.5202 risk=1.4661 samples/s=5989 peak_GiB=17.37 time=13.3m
ep033 step009000 loss=0.4709 ce=1.1093 pair=0.5289 risk=1.4909 samples/s=8739 peak_GiB=17.37 time=13.3m
ep033 step009050 loss=0.4710 ce=1.1093 pair=0.5299 risk=1.4849 samples/s=8744 peak_GiB=17.37 time=13.4m
ep033 step009100 loss=0.4726 ce=1.1135 pair=0.5315 risk=1.4853 samples/s=7994 peak_GiB=17.37 time=13.5m
ep033 step009150 loss=0.4731 ce=1.1143 pair=0.5328 risk=1.4922 samples/s=8738 peak_GiB=17.37 time=13.5m
[epoch done 33] loss=0.47200 lr=0.0001 updates=9176 skipped=0 grad=0.5170326232910156
[eval epoch 33] macro_top1=0.4725 top2=0.8091 top3=0.9197 vs_sbs=-1.007% vbs_closed=+26.35%
       TSP: top1=0.371 mean_cost=7.9206 (sbs=7.9578) vs_sbs=-0.47%
      CVRP: top1=0.357 mean_cost=18.3079 (sbs=18.2943) vs_sbs=+0.07%
      ATSP: top1=0.769 mean_cost=1.6353 (sbs=1.6735) vs_sbs=-2.29%
      OVRP: top1=0.321 mean_cost=7.4589 (sbs=7.4617) vs_sbs=-0.04%
      VRPB: top1=0.560 mean_cost=9.3327 (sbs=9.3403) vs_sbs=-0.08%
      VRPL: top1=0.311 mean_cost=12.4037 (sbs=12.4072) vs_sbs=-0.03%
     VRPTW: top1=0.459 mean_cost=17.8991 (sbs=18.6571) vs_sbs=-4.06%
    OVRPTW: top1=0.495 mean_cost=10.0438 (sbs=10.0484) vs_sbs=-0.05%
     OVRPB: top1=0.557 mean_cost=6.3200 (sbs=6.3220) vs_sbs=-0.03%
     OVRPL: top1=0.367 mean_cost=7.4344 (sbs=7.4376) vs_sbs=-0.04%
     VRPBL: top1=0.533 mean_cost=9.3559 (sbs=9.3593) vs_sbs=-0.04%
    VRPBTW: top1=0.444 mean_cost=19.0399 (sbs=19.6697) vs_sbs=-3.20%
    VRPLTW: top1=0.466 mean_cost=17.6372 (sbs=18.5091) vs_sbs=-4.71%
    OVRPBL: top1=0.588 mean_cost=6.3003 (sbs=6.3103) vs_sbs=-0.16%
   OVRPBTW: top1=0.494 mean_cost=10.5053 (sbs=10.5068) vs_sbs=-0.01%
   OVRPLTW: top1=0.497 mean_cost=10.1257 (sbs=10.1272) vs_sbs=-0.02%
   VRPBLTW: top1=0.420 mean_cost=18.9526 (sbs=19.5198) vs_sbs=-2.91%
  OVRPBLTW: top1=0.496 mean_cost=10.5341 (sbs=10.5412) vs_sbs=-0.07%
ep034 step009200 loss=0.4724 ce=1.1081 pair=0.5415 risk=1.5217 samples/s=6312 peak_GiB=17.37 time=13.6m
ep034 step009250 loss=0.4745 ce=1.1195 pair=0.5313 risk=1.4787 samples/s=7998 peak_GiB=17.37 time=13.7m
ep034 step009300 loss=0.4748 ce=1.1172 pair=0.5378 risk=1.5005 samples/s=7997 peak_GiB=17.37 time=13.7m
ep034 step009350 loss=0.4749 ce=1.1176 pair=0.5371 risk=1.5013 samples/s=9623 peak_GiB=17.37 time=13.8m
ep034 step009400 loss=0.4716 ce=1.1106 pair=0.5313 risk=1.4871 samples/s=7998 peak_GiB=17.37 time=13.9m
ep034 step009450 loss=0.4735 ce=1.1150 pair=0.5342 risk=1.4910 samples/s=8003 peak_GiB=17.37 time=13.9m
[epoch done 34] loss=0.47348 lr=0.0001 updates=9446 skipped=0 grad=0.5856276750564575
[eval epoch 34] macro_top1=0.4708 top2=0.8066 top3=0.9158 vs_sbs=-0.994% vbs_closed=+26.92%
       TSP: top1=0.371 mean_cost=7.9198 (sbs=7.9578) vs_sbs=-0.48%
      CVRP: top1=0.354 mean_cost=18.3110 (sbs=18.2943) vs_sbs=+0.09%
      ATSP: top1=0.769 mean_cost=1.6355 (sbs=1.6735) vs_sbs=-2.27%
      OVRP: top1=0.315 mean_cost=7.4599 (sbs=7.4617) vs_sbs=-0.02%
      VRPB: top1=0.558 mean_cost=9.3312 (sbs=9.3403) vs_sbs=-0.10%
      VRPL: top1=0.314 mean_cost=12.4023 (sbs=12.4072) vs_sbs=-0.04%
     VRPTW: top1=0.451 mean_cost=17.9123 (sbs=18.6571) vs_sbs=-3.99%
    OVRPTW: top1=0.508 mean_cost=10.0399 (sbs=10.0484) vs_sbs=-0.08%
     OVRPB: top1=0.577 mean_cost=6.3170 (sbs=6.3220) vs_sbs=-0.08%
     OVRPL: top1=0.357 mean_cost=7.4364 (sbs=7.4376) vs_sbs=-0.02%
     VRPBL: top1=0.545 mean_cost=9.3526 (sbs=9.3593) vs_sbs=-0.07%
    VRPBTW: top1=0.422 mean_cost=19.0677 (sbs=19.6697) vs_sbs=-3.06%
    VRPLTW: top1=0.446 mean_cost=17.6706 (sbs=18.5091) vs_sbs=-4.53%
    OVRPBL: top1=0.580 mean_cost=6.3021 (sbs=6.3103) vs_sbs=-0.13%
   OVRPBTW: top1=0.490 mean_cost=10.4971 (sbs=10.5068) vs_sbs=-0.09%
   OVRPLTW: top1=0.494 mean_cost=10.1256 (sbs=10.1272) vs_sbs=-0.02%
   VRPBLTW: top1=0.429 mean_cost=18.9509 (sbs=19.5198) vs_sbs=-2.91%
  OVRPBLTW: top1=0.495 mean_cost=10.5310 (sbs=10.5412) vs_sbs=-0.10%
[train_eval epoch 34] macro_top1=0.4750 top2=0.8079 top3=0.9190 vs_sbs=-1.014% vbs_closed=+26.38%
       TSP: top1=0.390 mean_cost=8.0125 (sbs=8.0483) vs_sbs=-0.44%
      CVRP: top1=0.331 mean_cost=18.0997 (sbs=18.0705) vs_sbs=+0.16%
      ATSP: top1=0.744 mean_cost=1.6421 (sbs=1.6795) vs_sbs=-2.23%
      OVRP: top1=0.369 mean_cost=7.4538 (sbs=7.4591) vs_sbs=-0.07%
      VRPB: top1=0.548 mean_cost=9.3094 (sbs=9.3165) vs_sbs=-0.08%
      VRPL: top1=0.326 mean_cost=12.3911 (sbs=12.3957) vs_sbs=-0.04%
     VRPTW: top1=0.448 mean_cost=17.8208 (sbs=18.5949) vs_sbs=-4.16%
    OVRPTW: top1=0.509 mean_cost=10.0965 (sbs=10.1037) vs_sbs=-0.07%
     OVRPB: top1=0.568 mean_cost=6.3161 (sbs=6.3216) vs_sbs=-0.09%
     OVRPL: top1=0.357 mean_cost=7.4499 (sbs=7.4526) vs_sbs=-0.04%
     VRPBL: top1=0.545 mean_cost=9.3146 (sbs=9.3209) vs_sbs=-0.07%
    VRPBTW: top1=0.438 mean_cost=19.0758 (sbs=19.6924) vs_sbs=-3.13%
    VRPLTW: top1=0.458 mean_cost=17.8105 (sbs=18.6720) vs_sbs=-4.61%
    OVRPBL: top1=0.560 mean_cost=6.3043 (sbs=6.3079) vs_sbs=-0.06%
   OVRPBTW: top1=0.493 mean_cost=10.5816 (sbs=10.5894) vs_sbs=-0.07%
   OVRPLTW: top1=0.503 mean_cost=10.1085 (sbs=10.1136) vs_sbs=-0.05%
   VRPBLTW: top1=0.454 mean_cost=19.0506 (sbs=19.6661) vs_sbs=-3.13%
  OVRPBLTW: top1=0.509 mean_cost=10.5398 (sbs=10.5476) vs_sbs=-0.07%
ep035 step009500 loss=0.4741 ce=1.1111 pair=0.5468 risk=1.5253 samples/s=2172 peak_GiB=17.37 time=14.2m
ep035 step009550 loss=0.4751 ce=1.1198 pair=0.5334 risk=1.4922 samples/s=7996 peak_GiB=17.37 time=14.2m
ep035 step009600 loss=0.4740 ce=1.1155 pair=0.5357 risk=1.5029 samples/s=8732 peak_GiB=17.37 time=14.3m
ep035 step009650 loss=0.4755 ce=1.1193 pair=0.5372 risk=1.5016 samples/s=7375 peak_GiB=17.37 time=14.4m
ep035 step009700 loss=0.4755 ce=1.1180 pair=0.5391 risk=1.5135 samples/s=8729 peak_GiB=17.37 time=14.4m
[epoch done 35] loss=0.47482 lr=0.0001 updates=9715 skipped=1 grad=0.6534521579742432
[eval epoch 35] macro_top1=0.4734 top2=0.8082 top3=0.9201 vs_sbs=-0.993% vbs_closed=+27.56%
       TSP: top1=0.374 mean_cost=7.9212 (sbs=7.9578) vs_sbs=-0.46%
      CVRP: top1=0.405 mean_cost=18.2615 (sbs=18.2943) vs_sbs=-0.18%
      ATSP: top1=0.773 mean_cost=1.6358 (sbs=1.6735) vs_sbs=-2.25%
      OVRP: top1=0.314 mean_cost=7.4600 (sbs=7.4617) vs_sbs=-0.02%
      VRPB: top1=0.563 mean_cost=9.3315 (sbs=9.3403) vs_sbs=-0.09%
      VRPL: top1=0.317 mean_cost=12.4023 (sbs=12.4072) vs_sbs=-0.04%
     VRPTW: top1=0.423 mean_cost=17.9737 (sbs=18.6571) vs_sbs=-3.66%
    OVRPTW: top1=0.502 mean_cost=10.0419 (sbs=10.0484) vs_sbs=-0.07%
     OVRPB: top1=0.581 mean_cost=6.3171 (sbs=6.3220) vs_sbs=-0.08%
     OVRPL: top1=0.361 mean_cost=7.4348 (sbs=7.4376) vs_sbs=-0.04%
     VRPBL: top1=0.533 mean_cost=9.3575 (sbs=9.3593) vs_sbs=-0.02%
    VRPBTW: top1=0.455 mean_cost=19.0344 (sbs=19.6697) vs_sbs=-3.23%
    VRPLTW: top1=0.444 mean_cost=17.6671 (sbs=18.5091) vs_sbs=-4.55%
    OVRPBL: top1=0.584 mean_cost=6.3025 (sbs=6.3103) vs_sbs=-0.12%
   OVRPBTW: top1=0.499 mean_cost=10.4959 (sbs=10.5068) vs_sbs=-0.10%
   OVRPLTW: top1=0.490 mean_cost=10.1253 (sbs=10.1272) vs_sbs=-0.02%
   VRPBLTW: top1=0.422 mean_cost=18.9524 (sbs=19.5198) vs_sbs=-2.91%
  OVRPBLTW: top1=0.482 mean_cost=10.5373 (sbs=10.5412) vs_sbs=-0.04%
ep036 step009750 loss=0.4686 ce=1.1093 pair=0.5146 risk=1.4452 samples/s=6761 peak_GiB=17.37 time=14.5m
ep036 step009800 loss=0.4740 ce=1.1191 pair=0.5277 risk=1.4767 samples/s=8008 peak_GiB=17.37 time=14.6m
ep036 step009850 loss=0.4718 ce=1.1132 pair=0.5261 risk=1.4780 samples/s=7999 peak_GiB=17.37 time=14.6m
ep036 step009900 loss=0.4706 ce=1.1104 pair=0.5253 risk=1.4748 samples/s=8742 peak_GiB=17.37 time=14.7m
ep036 step009950 loss=0.4704 ce=1.1100 pair=0.5243 risk=1.4724 samples/s=7992 peak_GiB=17.37 time=14.8m
[epoch done 36] loss=0.47041 lr=0.0001 updates=9985 skipped=0 grad=0.6070320010185242
[eval epoch 36] macro_top1=0.4787 top2=0.8137 top3=0.9232 vs_sbs=-1.034% vbs_closed=+29.22%
       TSP: top1=0.357 mean_cost=7.9190 (sbs=7.9578) vs_sbs=-0.49%
      CVRP: top1=0.468 mean_cost=18.2105 (sbs=18.2943) vs_sbs=-0.46%
      ATSP: top1=0.775 mean_cost=1.6361 (sbs=1.6735) vs_sbs=-2.24%
      OVRP: top1=0.299 mean_cost=7.4608 (sbs=7.4617) vs_sbs=-0.01%
      VRPB: top1=0.565 mean_cost=9.3323 (sbs=9.3403) vs_sbs=-0.09%
      VRPL: top1=0.323 mean_cost=12.4011 (sbs=12.4072) vs_sbs=-0.05%
     VRPTW: top1=0.462 mean_cost=17.8937 (sbs=18.6571) vs_sbs=-4.09%
    OVRPTW: top1=0.495 mean_cost=10.0433 (sbs=10.0484) vs_sbs=-0.05%
     OVRPB: top1=0.575 mean_cost=6.3177 (sbs=6.3220) vs_sbs=-0.07%
     OVRPL: top1=0.365 mean_cost=7.4348 (sbs=7.4376) vs_sbs=-0.04%
     VRPBL: top1=0.523 mean_cost=9.3578 (sbs=9.3593) vs_sbs=-0.02%
    VRPBTW: top1=0.453 mean_cost=19.0328 (sbs=19.6697) vs_sbs=-3.24%
    VRPLTW: top1=0.459 mean_cost=17.6525 (sbs=18.5091) vs_sbs=-4.63%
    OVRPBL: top1=0.572 mean_cost=6.3029 (sbs=6.3103) vs_sbs=-0.12%
   OVRPBTW: top1=0.503 mean_cost=10.5025 (sbs=10.5068) vs_sbs=-0.04%
   OVRPLTW: top1=0.498 mean_cost=10.1261 (sbs=10.1272) vs_sbs=-0.01%
   VRPBLTW: top1=0.430 mean_cost=18.9442 (sbs=19.5198) vs_sbs=-2.95%
  OVRPBLTW: top1=0.495 mean_cost=10.5365 (sbs=10.5412) vs_sbs=-0.04%
[save] best.pt epoch=36 score=0.4787
[save] best_top1.pt epoch=36 top1=0.4787
[save] best_top3_safe.pt epoch=36 score=0.9232
[save] best_cost.pt epoch=36 vs_sbs=-1.034%
ep037 step010000 loss=0.4778 ce=1.1146 pair=0.5477 risk=1.6470 samples/s=6354 peak_GiB=17.37 time=14.9m
ep037 step010050 loss=0.4763 ce=1.1268 pair=0.5290 risk=1.4506 samples/s=8006 peak_GiB=17.37 time=14.9m
ep037 step010100 loss=0.4723 ce=1.1152 pair=0.5271 risk=1.4640 samples/s=8000 peak_GiB=17.37 time=15.0m
ep037 step010150 loss=0.4724 ce=1.1146 pair=0.5290 risk=1.4700 samples/s=8730 peak_GiB=17.37 time=15.1m
ep037 step010200 loss=0.4714 ce=1.1113 pair=0.5289 risk=1.4773 samples/s=7994 peak_GiB=17.37 time=15.1m
ep037 step010250 loss=0.4733 ce=1.1164 pair=0.5304 risk=1.4764 samples/s=8000 peak_GiB=17.37 time=15.2m
[epoch done 37] loss=0.47189 lr=0.0001 updates=10255 skipped=0 grad=0.6509048342704773
[eval epoch 37] macro_top1=0.4756 top2=0.8096 top3=0.9184 vs_sbs=-1.002% vbs_closed=+27.86%
       TSP: top1=0.346 mean_cost=7.9178 (sbs=7.9578) vs_sbs=-0.50%
      CVRP: top1=0.427 mean_cost=18.2362 (sbs=18.2943) vs_sbs=-0.32%
      ATSP: top1=0.771 mean_cost=1.6369 (sbs=1.6735) vs_sbs=-2.19%
      OVRP: top1=0.311 mean_cost=7.4588 (sbs=7.4617) vs_sbs=-0.04%
      VRPB: top1=0.566 mean_cost=9.3325 (sbs=9.3403) vs_sbs=-0.08%
      VRPL: top1=0.308 mean_cost=12.4049 (sbs=12.4072) vs_sbs=-0.02%
     VRPTW: top1=0.459 mean_cost=17.9187 (sbs=18.6571) vs_sbs=-3.96%
    OVRPTW: top1=0.491 mean_cost=10.0444 (sbs=10.0484) vs_sbs=-0.04%
     OVRPB: top1=0.573 mean_cost=6.3186 (sbs=6.3220) vs_sbs=-0.05%
     OVRPL: top1=0.371 mean_cost=7.4352 (sbs=7.4376) vs_sbs=-0.03%
     VRPBL: top1=0.527 mean_cost=9.3592 (sbs=9.3593) vs_sbs=-0.00%
    VRPBTW: top1=0.441 mean_cost=19.0423 (sbs=19.6697) vs_sbs=-3.19%
    VRPLTW: top1=0.456 mean_cost=17.6915 (sbs=18.5091) vs_sbs=-4.42%
    OVRPBL: top1=0.581 mean_cost=6.3038 (sbs=6.3103) vs_sbs=-0.10%
   OVRPBTW: top1=0.504 mean_cost=10.5001 (sbs=10.5068) vs_sbs=-0.06%
   OVRPLTW: top1=0.501 mean_cost=10.1242 (sbs=10.1272) vs_sbs=-0.03%
   VRPBLTW: top1=0.430 mean_cost=18.9475 (sbs=19.5198) vs_sbs=-2.93%
  OVRPBLTW: top1=0.498 mean_cost=10.5329 (sbs=10.5412) vs_sbs=-0.08%
ep038 step010300 loss=0.4726 ce=1.1180 pair=0.5216 risk=1.4557 samples/s=7274 peak_GiB=17.37 time=15.3m
ep038 step010350 loss=0.4704 ce=1.1087 pair=0.5270 risk=1.4826 samples/s=8005 peak_GiB=17.37 time=15.3m
ep038 step010400 loss=0.4723 ce=1.1130 pair=0.5300 risk=1.4910 samples/s=8003 peak_GiB=17.37 time=15.4m
ep038 step010450 loss=0.4740 ce=1.1175 pair=0.5315 risk=1.4873 samples/s=8002 peak_GiB=17.37 time=15.5m
ep038 step010500 loss=0.4688 ce=1.1043 pair=0.5247 risk=1.4882 samples/s=9609 peak_GiB=17.37 time=15.5m
[epoch done 38] loss=0.47061 lr=0.0001 updates=10525 skipped=0 grad=0.6631038188934326
[eval epoch 38] macro_top1=0.4778 top2=0.8144 top3=0.9236 vs_sbs=-1.013% vbs_closed=+28.34%
       TSP: top1=0.368 mean_cost=7.9227 (sbs=7.9578) vs_sbs=-0.44%
      CVRP: top1=0.465 mean_cost=18.2141 (sbs=18.2943) vs_sbs=-0.44%
      ATSP: top1=0.775 mean_cost=1.6366 (sbs=1.6735) vs_sbs=-2.20%
      OVRP: top1=0.313 mean_cost=7.4590 (sbs=7.4617) vs_sbs=-0.04%
      VRPB: top1=0.564 mean_cost=9.3321 (sbs=9.3403) vs_sbs=-0.09%
      VRPL: top1=0.315 mean_cost=12.4053 (sbs=12.4072) vs_sbs=-0.02%
     VRPTW: top1=0.472 mean_cost=17.8883 (sbs=18.6571) vs_sbs=-4.12%
    OVRPTW: top1=0.486 mean_cost=10.0464 (sbs=10.0484) vs_sbs=-0.02%
     OVRPB: top1=0.562 mean_cost=6.3203 (sbs=6.3220) vs_sbs=-0.03%
     OVRPL: top1=0.374 mean_cost=7.4349 (sbs=7.4376) vs_sbs=-0.04%
     VRPBL: top1=0.534 mean_cost=9.3560 (sbs=9.3593) vs_sbs=-0.04%
    VRPBTW: top1=0.434 mean_cost=19.0491 (sbs=19.6697) vs_sbs=-3.16%
    VRPLTW: top1=0.432 mean_cost=17.6820 (sbs=18.5091) vs_sbs=-4.47%
    OVRPBL: top1=0.586 mean_cost=6.3013 (sbs=6.3103) vs_sbs=-0.14%
   OVRPBTW: top1=0.510 mean_cost=10.4980 (sbs=10.5068) vs_sbs=-0.08%
   OVRPLTW: top1=0.494 mean_cost=10.1259 (sbs=10.1272) vs_sbs=-0.01%
   VRPBLTW: top1=0.429 mean_cost=18.9581 (sbs=19.5198) vs_sbs=-2.88%
  OVRPBLTW: top1=0.487 mean_cost=10.5374 (sbs=10.5412) vs_sbs=-0.04%
[save] best_top3_safe.pt epoch=38 score=0.9236
ep039 step010550 loss=0.4570 ce=1.0780 pair=0.5050 risk=1.4597 samples/s=6218 peak_GiB=17.37 time=15.6m
ep039 step010600 loss=0.4679 ce=1.1068 pair=0.5143 risk=1.4551 samples/s=8004 peak_GiB=17.37 time=15.7m
ep039 step010650 loss=0.4718 ce=1.1150 pair=0.5246 risk=1.4554 samples/s=7997 peak_GiB=17.37 time=15.7m
ep039 step010700 loss=0.4700 ce=1.1076 pair=0.5278 risk=1.4785 samples/s=9610 peak_GiB=17.37 time=15.8m
ep039 step010750 loss=0.4746 ce=1.1195 pair=0.5320 risk=1.4780 samples/s=7382 peak_GiB=17.37 time=15.9m
ep039 step010800 loss=0.4724 ce=1.1138 pair=0.5298 risk=1.4802 samples/s=8735 peak_GiB=17.37 time=15.9m
[epoch done 39] loss=0.47241 lr=0.0001 updates=10795 skipped=0 grad=0.7149624824523926
[eval epoch 39] macro_top1=0.4769 top2=0.8144 top3=0.9223 vs_sbs=-1.016% vbs_closed=+28.73%
       TSP: top1=0.363 mean_cost=7.9185 (sbs=7.9578) vs_sbs=-0.49%
      CVRP: top1=0.449 mean_cost=18.2205 (sbs=18.2943) vs_sbs=-0.40%
      ATSP: top1=0.772 mean_cost=1.6372 (sbs=1.6735) vs_sbs=-2.17%
      OVRP: top1=0.321 mean_cost=7.4584 (sbs=7.4617) vs_sbs=-0.04%
      VRPB: top1=0.571 mean_cost=9.3306 (sbs=9.3403) vs_sbs=-0.10%
      VRPL: top1=0.319 mean_cost=12.4016 (sbs=12.4072) vs_sbs=-0.05%
     VRPTW: top1=0.466 mean_cost=17.8894 (sbs=18.6571) vs_sbs=-4.11%
    OVRPTW: top1=0.492 mean_cost=10.0455 (sbs=10.0484) vs_sbs=-0.03%
     OVRPB: top1=0.570 mean_cost=6.3186 (sbs=6.3220) vs_sbs=-0.05%
     OVRPL: top1=0.381 mean_cost=7.4347 (sbs=7.4376) vs_sbs=-0.04%
     VRPBL: top1=0.534 mean_cost=9.3576 (sbs=9.3593) vs_sbs=-0.02%
    VRPBTW: top1=0.434 mean_cost=19.0527 (sbs=19.6697) vs_sbs=-3.14%
    VRPLTW: top1=0.431 mean_cost=17.6736 (sbs=18.5091) vs_sbs=-4.51%
    OVRPBL: top1=0.556 mean_cost=6.3041 (sbs=6.3103) vs_sbs=-0.10%
   OVRPBTW: top1=0.505 mean_cost=10.4985 (sbs=10.5068) vs_sbs=-0.08%
   OVRPLTW: top1=0.499 mean_cost=10.1268 (sbs=10.1272) vs_sbs=-0.00%
   VRPBLTW: top1=0.432 mean_cost=18.9536 (sbs=19.5198) vs_sbs=-2.90%
  OVRPBLTW: top1=0.490 mean_cost=10.5362 (sbs=10.5412) vs_sbs=-0.05%
[train_eval epoch 39] macro_top1=0.4844 top2=0.8162 top3=0.9260 vs_sbs=-1.060% vbs_closed=+29.87%
       TSP: top1=0.389 mean_cost=8.0090 (sbs=8.0483) vs_sbs=-0.49%
      CVRP: top1=0.434 mean_cost=18.0086 (sbs=18.0705) vs_sbs=-0.34%
      ATSP: top1=0.747 mean_cost=1.6439 (sbs=1.6795) vs_sbs=-2.12%
      OVRP: top1=0.368 mean_cost=7.4541 (sbs=7.4591) vs_sbs=-0.07%
      VRPB: top1=0.557 mean_cost=9.3084 (sbs=9.3165) vs_sbs=-0.09%
      VRPL: top1=0.333 mean_cost=12.3902 (sbs=12.3957) vs_sbs=-0.04%
     VRPTW: top1=0.452 mean_cost=17.8056 (sbs=18.5949) vs_sbs=-4.24%
    OVRPTW: top1=0.514 mean_cost=10.0959 (sbs=10.1037) vs_sbs=-0.08%
     OVRPB: top1=0.575 mean_cost=6.3164 (sbs=6.3216) vs_sbs=-0.08%
     OVRPL: top1=0.369 mean_cost=7.4484 (sbs=7.4526) vs_sbs=-0.06%
     VRPBL: top1=0.542 mean_cost=9.3142 (sbs=9.3209) vs_sbs=-0.07%
    VRPBTW: top1=0.452 mean_cost=19.0502 (sbs=19.6924) vs_sbs=-3.26%
    VRPLTW: top1=0.454 mean_cost=17.7895 (sbs=18.6720) vs_sbs=-4.73%
    OVRPBL: top1=0.563 mean_cost=6.3044 (sbs=6.3079) vs_sbs=-0.06%
   OVRPBTW: top1=0.495 mean_cost=10.5819 (sbs=10.5894) vs_sbs=-0.07%
   OVRPLTW: top1=0.512 mean_cost=10.1079 (sbs=10.1136) vs_sbs=-0.06%
   VRPBLTW: top1=0.462 mean_cost=19.0430 (sbs=19.6661) vs_sbs=-3.17%
  OVRPBLTW: top1=0.502 mean_cost=10.5406 (sbs=10.5476) vs_sbs=-0.07%
ep040 step010850 loss=0.4716 ce=1.1098 pair=0.5347 risk=1.4834 samples/s=2171 peak_GiB=17.37 time=16.2m
ep040 step010900 loss=0.4735 ce=1.1145 pair=0.5335 risk=1.5030 samples/s=8003 peak_GiB=17.37 time=16.2m
ep040 step010950 loss=0.4720 ce=1.1108 pair=0.5329 risk=1.4974 samples/s=7997 peak_GiB=17.37 time=16.3m
ep040 step011000 loss=0.4727 ce=1.1148 pair=0.5297 risk=1.4781 samples/s=8725 peak_GiB=17.37 time=16.4m
ep040 step011050 loss=0.4727 ce=1.1141 pair=0.5313 risk=1.4822 samples/s=7992 peak_GiB=17.37 time=16.4m
[epoch done 40] loss=0.47137 lr=0.0001 updates=11065 skipped=0 grad=0.6466792225837708
[eval epoch 40] macro_top1=0.4753 top2=0.8107 top3=0.9156 vs_sbs=-0.971% vbs_closed=+28.05%
       TSP: top1=0.373 mean_cost=7.9211 (sbs=7.9578) vs_sbs=-0.46%
      CVRP: top1=0.467 mean_cost=18.2115 (sbs=18.2943) vs_sbs=-0.45%
      ATSP: top1=0.785 mean_cost=1.6354 (sbs=1.6735) vs_sbs=-2.28%
      OVRP: top1=0.317 mean_cost=7.4587 (sbs=7.4617) vs_sbs=-0.04%
      VRPB: top1=0.561 mean_cost=9.3336 (sbs=9.3403) vs_sbs=-0.07%
      VRPL: top1=0.334 mean_cost=12.3999 (sbs=12.4072) vs_sbs=-0.06%
     VRPTW: top1=0.434 mean_cost=17.9332 (sbs=18.6571) vs_sbs=-3.88%
    OVRPTW: top1=0.491 mean_cost=10.0449 (sbs=10.0484) vs_sbs=-0.04%
     OVRPB: top1=0.569 mean_cost=6.3197 (sbs=6.3220) vs_sbs=-0.04%
     OVRPL: top1=0.376 mean_cost=7.4335 (sbs=7.4376) vs_sbs=-0.05%
     VRPBL: top1=0.538 mean_cost=9.3560 (sbs=9.3593) vs_sbs=-0.04%
    VRPBTW: top1=0.424 mean_cost=19.0976 (sbs=19.6697) vs_sbs=-2.91%
    VRPLTW: top1=0.394 mean_cost=17.7088 (sbs=18.5091) vs_sbs=-4.32%
    OVRPBL: top1=0.583 mean_cost=6.3018 (sbs=6.3103) vs_sbs=-0.13%
   OVRPBTW: top1=0.505 mean_cost=10.5034 (sbs=10.5068) vs_sbs=-0.03%
   OVRPLTW: top1=0.502 mean_cost=10.1262 (sbs=10.1272) vs_sbs=-0.01%
   VRPBLTW: top1=0.410 mean_cost=19.0032 (sbs=19.5198) vs_sbs=-2.65%
  OVRPBLTW: top1=0.492 mean_cost=10.5384 (sbs=10.5412) vs_sbs=-0.03%
ep041 step011100 loss=0.4701 ce=1.0972 pair=0.5485 risk=1.5610 samples/s=6759 peak_GiB=17.37 time=16.5m
ep041 step011150 loss=0.4765 ce=1.1194 pair=0.5441 risk=1.5167 samples/s=8001 peak_GiB=17.37 time=16.6m
ep041 step011200 loss=0.4743 ce=1.1148 pair=0.5414 risk=1.5013 samples/s=8728 peak_GiB=17.37 time=16.6m
ep041 step011250 loss=0.4744 ce=1.1154 pair=0.5397 risk=1.5009 samples/s=8000 peak_GiB=17.37 time=16.7m
ep041 step011300 loss=0.4732 ce=1.1136 pair=0.5355 risk=1.4923 samples/s=8728 peak_GiB=17.37 time=16.8m
[epoch done 41] loss=0.47198 lr=0.0001 updates=11335 skipped=0 grad=0.6609777212142944
[eval epoch 41] macro_top1=0.4759 top2=0.8113 top3=0.9226 vs_sbs=-1.017% vbs_closed=+27.91%
       TSP: top1=0.371 mean_cost=7.9191 (sbs=7.9578) vs_sbs=-0.49%
      CVRP: top1=0.453 mean_cost=18.2239 (sbs=18.2943) vs_sbs=-0.39%
      ATSP: top1=0.784 mean_cost=1.6352 (sbs=1.6735) vs_sbs=-2.29%
      OVRP: top1=0.294 mean_cost=7.4632 (sbs=7.4617) vs_sbs=+0.02%
      VRPB: top1=0.567 mean_cost=9.3325 (sbs=9.3403) vs_sbs=-0.08%
      VRPL: top1=0.318 mean_cost=12.4043 (sbs=12.4072) vs_sbs=-0.02%
     VRPTW: top1=0.452 mean_cost=17.8967 (sbs=18.6571) vs_sbs=-4.08%
    OVRPTW: top1=0.496 mean_cost=10.0440 (sbs=10.0484) vs_sbs=-0.04%
     OVRPB: top1=0.571 mean_cost=6.3189 (sbs=6.3220) vs_sbs=-0.05%
     OVRPL: top1=0.358 mean_cost=7.4352 (sbs=7.4376) vs_sbs=-0.03%
     VRPBL: top1=0.534 mean_cost=9.3567 (sbs=9.3593) vs_sbs=-0.03%
    VRPBTW: top1=0.446 mean_cost=19.0495 (sbs=19.6697) vs_sbs=-3.15%
    VRPLTW: top1=0.437 mean_cost=17.6703 (sbs=18.5091) vs_sbs=-4.53%
    OVRPBL: top1=0.560 mean_cost=6.3052 (sbs=6.3103) vs_sbs=-0.08%
   OVRPBTW: top1=0.504 mean_cost=10.4985 (sbs=10.5068) vs_sbs=-0.08%
   OVRPLTW: top1=0.491 mean_cost=10.1284 (sbs=10.1272) vs_sbs=+0.01%
   VRPBLTW: top1=0.440 mean_cost=18.9427 (sbs=19.5198) vs_sbs=-2.96%
  OVRPBLTW: top1=0.491 mean_cost=10.5372 (sbs=10.5412) vs_sbs=-0.04%
ep042 step011350 loss=0.4888 ce=1.1726 pair=0.5118 risk=1.3581 samples/s=5920 peak_GiB=17.37 time=16.9m
ep042 step011400 loss=0.4626 ce=1.0960 pair=0.5053 risk=1.4223 samples/s=9616 peak_GiB=17.37 time=16.9m
ep042 step011450 loss=0.4584 ce=1.0861 pair=0.4997 risk=1.4165 samples/s=8002 peak_GiB=17.37 time=17.0m
ep042 step011500 loss=0.4601 ce=1.0889 pair=0.5050 risk=1.4216 samples/s=8739 peak_GiB=17.37 time=17.0m
ep042 step011550 loss=0.4575 ce=1.0837 pair=0.4992 risk=1.4152 samples/s=8721 peak_GiB=17.37 time=17.1m
ep042 step011600 loss=0.4601 ce=1.0895 pair=0.5034 risk=1.4219 samples/s=6840 peak_GiB=17.37 time=17.2m
[epoch done 42] loss=0.46093 lr=5e-05 updates=11605 skipped=0 grad=0.439873605966568
[eval epoch 42] macro_top1=0.4824 top2=0.8164 top3=0.9245 vs_sbs=-1.052% vbs_closed=+30.38%
       TSP: top1=0.373 mean_cost=7.9182 (sbs=7.9578) vs_sbs=-0.50%
      CVRP: top1=0.470 mean_cost=18.2133 (sbs=18.2943) vs_sbs=-0.44%
      ATSP: top1=0.773 mean_cost=1.6351 (sbs=1.6735) vs_sbs=-2.30%
      OVRP: top1=0.321 mean_cost=7.4592 (sbs=7.4617) vs_sbs=-0.03%
      VRPB: top1=0.566 mean_cost=9.3307 (sbs=9.3403) vs_sbs=-0.10%
      VRPL: top1=0.321 mean_cost=12.4018 (sbs=12.4072) vs_sbs=-0.04%
     VRPTW: top1=0.470 mean_cost=17.8868 (sbs=18.6571) vs_sbs=-4.13%
    OVRPTW: top1=0.496 mean_cost=10.0434 (sbs=10.0484) vs_sbs=-0.05%
     OVRPB: top1=0.576 mean_cost=6.3183 (sbs=6.3220) vs_sbs=-0.06%
     OVRPL: top1=0.382 mean_cost=7.4325 (sbs=7.4376) vs_sbs=-0.07%
     VRPBL: top1=0.541 mean_cost=9.3560 (sbs=9.3593) vs_sbs=-0.03%
    VRPBTW: top1=0.440 mean_cost=19.0406 (sbs=19.6697) vs_sbs=-3.20%
    VRPLTW: top1=0.456 mean_cost=17.6333 (sbs=18.5091) vs_sbs=-4.73%
    OVRPBL: top1=0.587 mean_cost=6.3023 (sbs=6.3103) vs_sbs=-0.13%
   OVRPBTW: top1=0.490 mean_cost=10.4975 (sbs=10.5068) vs_sbs=-0.09%
   OVRPLTW: top1=0.504 mean_cost=10.1255 (sbs=10.1272) vs_sbs=-0.02%
   VRPBLTW: top1=0.429 mean_cost=18.9467 (sbs=19.5198) vs_sbs=-2.94%
  OVRPBLTW: top1=0.489 mean_cost=10.5328 (sbs=10.5412) vs_sbs=-0.08%
[save] best.pt epoch=42 score=0.4824
[save] best_top1.pt epoch=42 top1=0.4824
[save] best_top3_safe.pt epoch=42 score=0.9245
[save] best_cost.pt epoch=42 vs_sbs=-1.052%
ep043 step011650 loss=0.4620 ce=1.0912 pair=0.5119 risk=1.4442 samples/s=6801 peak_GiB=17.37 time=17.3m
ep043 step011700 loss=0.4607 ce=1.0907 pair=0.5052 risk=1.4215 samples/s=7991 peak_GiB=17.37 time=17.3m
ep043 step011750 loss=0.4626 ce=1.0947 pair=0.5082 risk=1.4324 samples/s=8736 peak_GiB=17.37 time=17.4m
ep043 step011800 loss=0.4600 ce=1.0887 pair=0.5038 risk=1.4289 samples/s=7999 peak_GiB=17.37 time=17.5m
ep043 step011850 loss=0.4607 ce=1.0903 pair=0.5051 risk=1.4304 samples/s=7993 peak_GiB=17.37 time=17.5m
[epoch done 43] loss=0.46049 lr=5e-05 updates=11875 skipped=0 grad=0.48446688055992126
[eval epoch 43] macro_top1=0.4801 top2=0.8171 top3=0.9247 vs_sbs=-1.046% vbs_closed=+29.93%
       TSP: top1=0.363 mean_cost=7.9203 (sbs=7.9578) vs_sbs=-0.47%
      CVRP: top1=0.468 mean_cost=18.2175 (sbs=18.2943) vs_sbs=-0.42%
      ATSP: top1=0.774 mean_cost=1.6351 (sbs=1.6735) vs_sbs=-2.30%
      OVRP: top1=0.324 mean_cost=7.4572 (sbs=7.4617) vs_sbs=-0.06%
      VRPB: top1=0.561 mean_cost=9.3317 (sbs=9.3403) vs_sbs=-0.09%
      VRPL: top1=0.309 mean_cost=12.4045 (sbs=12.4072) vs_sbs=-0.02%
     VRPTW: top1=0.467 mean_cost=17.8925 (sbs=18.6571) vs_sbs=-4.10%
    OVRPTW: top1=0.497 mean_cost=10.0432 (sbs=10.0484) vs_sbs=-0.05%
     OVRPB: top1=0.580 mean_cost=6.3164 (sbs=6.3220) vs_sbs=-0.09%
     OVRPL: top1=0.381 mean_cost=7.4328 (sbs=7.4376) vs_sbs=-0.06%
     VRPBL: top1=0.534 mean_cost=9.3585 (sbs=9.3593) vs_sbs=-0.01%
    VRPBTW: top1=0.442 mean_cost=19.0417 (sbs=19.6697) vs_sbs=-3.19%
    VRPLTW: top1=0.447 mean_cost=17.6322 (sbs=18.5091) vs_sbs=-4.74%
    OVRPBL: top1=0.586 mean_cost=6.3015 (sbs=6.3103) vs_sbs=-0.14%
   OVRPBTW: top1=0.502 mean_cost=10.4975 (sbs=10.5068) vs_sbs=-0.09%
   OVRPLTW: top1=0.501 mean_cost=10.1246 (sbs=10.1272) vs_sbs=-0.03%
   VRPBLTW: top1=0.419 mean_cost=18.9525 (sbs=19.5198) vs_sbs=-2.91%
  OVRPBLTW: top1=0.487 mean_cost=10.5350 (sbs=10.5412) vs_sbs=-0.06%
[save] best_top3_safe.pt epoch=43 score=0.9247
ep044 step011900 loss=0.4737 ce=1.1332 pair=0.5007 risk=1.3499 samples/s=6653 peak_GiB=17.37 time=17.6m
ep044 step011950 loss=0.4559 ce=1.0800 pair=0.4957 risk=1.4159 samples/s=8005 peak_GiB=17.37 time=17.7m
ep044 step012000 loss=0.4576 ce=1.0847 pair=0.4964 risk=1.4147 samples/s=8729 peak_GiB=17.37 time=17.7m
ep044 step012050 loss=0.4580 ce=1.0850 pair=0.4987 risk=1.4159 samples/s=8728 peak_GiB=17.37 time=17.8m
ep044 step012100 loss=0.4593 ce=1.0881 pair=0.5011 risk=1.4159 samples/s=7376 peak_GiB=17.37 time=17.9m
ep044 step012150 loss=0.4593 ce=1.0880 pair=0.5012 risk=1.4165 samples/s=8729 peak_GiB=17.37 time=17.9m
[epoch done 44] loss=0.45926 lr=5e-05 updates=12145 skipped=0 grad=0.43689337372779846
[eval epoch 44] macro_top1=0.4822 top2=0.8173 top3=0.9254 vs_sbs=-1.032% vbs_closed=+29.67%
       TSP: top1=0.362 mean_cost=7.9191 (sbs=7.9578) vs_sbs=-0.49%
      CVRP: top1=0.477 mean_cost=18.2048 (sbs=18.2943) vs_sbs=-0.49%
      ATSP: top1=0.777 mean_cost=1.6357 (sbs=1.6735) vs_sbs=-2.26%
      OVRP: top1=0.322 mean_cost=7.4578 (sbs=7.4617) vs_sbs=-0.05%
      VRPB: top1=0.561 mean_cost=9.3321 (sbs=9.3403) vs_sbs=-0.09%
      VRPL: top1=0.323 mean_cost=12.4016 (sbs=12.4072) vs_sbs=-0.05%
     VRPTW: top1=0.450 mean_cost=17.9202 (sbs=18.6571) vs_sbs=-3.95%
    OVRPTW: top1=0.498 mean_cost=10.0458 (sbs=10.0484) vs_sbs=-0.03%
     OVRPB: top1=0.570 mean_cost=6.3187 (sbs=6.3220) vs_sbs=-0.05%
     OVRPL: top1=0.382 mean_cost=7.4321 (sbs=7.4376) vs_sbs=-0.07%
     VRPBL: top1=0.526 mean_cost=9.3596 (sbs=9.3593) vs_sbs=+0.00%
    VRPBTW: top1=0.447 mean_cost=19.0386 (sbs=19.6697) vs_sbs=-3.21%
    VRPLTW: top1=0.471 mean_cost=17.6511 (sbs=18.5091) vs_sbs=-4.64%
    OVRPBL: top1=0.590 mean_cost=6.3011 (sbs=6.3103) vs_sbs=-0.15%
   OVRPBTW: top1=0.509 mean_cost=10.4979 (sbs=10.5068) vs_sbs=-0.08%
   OVRPLTW: top1=0.485 mean_cost=10.1291 (sbs=10.1272) vs_sbs=+0.02%
   VRPBLTW: top1=0.431 mean_cost=18.9471 (sbs=19.5198) vs_sbs=-2.93%
  OVRPBLTW: top1=0.499 mean_cost=10.5338 (sbs=10.5412) vs_sbs=-0.07%
[save] best_top3_safe.pt epoch=44 score=0.9254
[train_eval epoch 44] macro_top1=0.4915 top2=0.8226 top3=0.9300 vs_sbs=-1.077% vbs_closed=+31.18%
       TSP: top1=0.393 mean_cost=8.0090 (sbs=8.0483) vs_sbs=-0.49%
      CVRP: top1=0.453 mean_cost=17.9958 (sbs=18.0705) vs_sbs=-0.41%
      ATSP: top1=0.755 mean_cost=1.6425 (sbs=1.6795) vs_sbs=-2.20%
      OVRP: top1=0.371 mean_cost=7.4535 (sbs=7.4591) vs_sbs=-0.07%
      VRPB: top1=0.560 mean_cost=9.3071 (sbs=9.3165) vs_sbs=-0.10%
      VRPL: top1=0.336 mean_cost=12.3900 (sbs=12.3957) vs_sbs=-0.05%
     VRPTW: top1=0.468 mean_cost=17.8178 (sbs=18.5949) vs_sbs=-4.18%
    OVRPTW: top1=0.515 mean_cost=10.0957 (sbs=10.1037) vs_sbs=-0.08%
     OVRPB: top1=0.576 mean_cost=6.3157 (sbs=6.3216) vs_sbs=-0.09%
     OVRPL: top1=0.377 mean_cost=7.4461 (sbs=7.4526) vs_sbs=-0.09%
     VRPBL: top1=0.546 mean_cost=9.3137 (sbs=9.3209) vs_sbs=-0.08%
    VRPBTW: top1=0.459 mean_cost=19.0428 (sbs=19.6924) vs_sbs=-3.30%
    VRPLTW: top1=0.480 mean_cost=17.7912 (sbs=18.6720) vs_sbs=-4.72%
    OVRPBL: top1=0.565 mean_cost=6.3035 (sbs=6.3079) vs_sbs=-0.07%
   OVRPBTW: top1=0.499 mean_cost=10.5809 (sbs=10.5894) vs_sbs=-0.08%
   OVRPLTW: top1=0.515 mean_cost=10.1079 (sbs=10.1136) vs_sbs=-0.06%
   VRPBLTW: top1=0.469 mean_cost=19.0309 (sbs=19.6661) vs_sbs=-3.23%
  OVRPBLTW: top1=0.507 mean_cost=10.5392 (sbs=10.5476) vs_sbs=-0.08%
ep045 step012200 loss=0.4652 ce=1.1042 pair=0.5058 risk=1.4090 samples/s=2120 peak_GiB=17.37 time=18.2m
ep045 step012250 loss=0.4591 ce=1.0865 pair=0.5021 risk=1.4294 samples/s=8735 peak_GiB=17.37 time=18.2m
ep045 step012300 loss=0.4601 ce=1.0899 pair=0.5025 risk=1.4193 samples/s=7783 peak_GiB=17.37 time=18.3m
ep045 step012350 loss=0.4578 ce=1.0853 pair=0.4976 risk=1.4077 samples/s=8726 peak_GiB=17.37 time=18.4m
ep045 step012400 loss=0.4589 ce=1.0870 pair=0.5007 risk=1.4177 samples/s=8733 peak_GiB=17.37 time=18.4m
[epoch done 45] loss=0.45995 lr=5e-05 updates=12415 skipped=0 grad=0.5254402756690979
[eval epoch 45] macro_top1=0.4795 top2=0.8153 top3=0.9248 vs_sbs=-1.031% vbs_closed=+29.30%
       TSP: top1=0.368 mean_cost=7.9181 (sbs=7.9578) vs_sbs=-0.50%
      CVRP: top1=0.467 mean_cost=18.2117 (sbs=18.2943) vs_sbs=-0.45%
      ATSP: top1=0.783 mean_cost=1.6351 (sbs=1.6735) vs_sbs=-2.30%
      OVRP: top1=0.331 mean_cost=7.4570 (sbs=7.4617) vs_sbs=-0.06%
      VRPB: top1=0.562 mean_cost=9.3306 (sbs=9.3403) vs_sbs=-0.10%
      VRPL: top1=0.295 mean_cost=12.4077 (sbs=12.4072) vs_sbs=+0.00%
     VRPTW: top1=0.449 mean_cost=17.8967 (sbs=18.6571) vs_sbs=-4.08%
    OVRPTW: top1=0.498 mean_cost=10.0448 (sbs=10.0484) vs_sbs=-0.04%
     OVRPB: top1=0.583 mean_cost=6.3170 (sbs=6.3220) vs_sbs=-0.08%
     OVRPL: top1=0.370 mean_cost=7.4347 (sbs=7.4376) vs_sbs=-0.04%
     VRPBL: top1=0.532 mean_cost=9.3579 (sbs=9.3593) vs_sbs=-0.01%
    VRPBTW: top1=0.432 mean_cost=19.0495 (sbs=19.6697) vs_sbs=-3.15%
    VRPLTW: top1=0.444 mean_cost=17.6662 (sbs=18.5091) vs_sbs=-4.55%
    OVRPBL: top1=0.597 mean_cost=6.2998 (sbs=6.3103) vs_sbs=-0.17%
   OVRPBTW: top1=0.508 mean_cost=10.4975 (sbs=10.5068) vs_sbs=-0.09%
   OVRPLTW: top1=0.490 mean_cost=10.1282 (sbs=10.1272) vs_sbs=+0.01%
   VRPBLTW: top1=0.432 mean_cost=18.9454 (sbs=19.5198) vs_sbs=-2.94%
  OVRPBLTW: top1=0.490 mean_cost=10.5393 (sbs=10.5412) vs_sbs=-0.02%
ep046 step012450 loss=0.4551 ce=1.0779 pair=0.4924 risk=1.4273 samples/s=6311 peak_GiB=17.37 time=18.5m
ep046 step012500 loss=0.4598 ce=1.0918 pair=0.4986 risk=1.3907 samples/s=8741 peak_GiB=17.37 time=18.6m
ep046 step012550 loss=0.4569 ce=1.0830 pair=0.4969 risk=1.4082 samples/s=8016 peak_GiB=17.37 time=18.6m
ep046 step012600 loss=0.4578 ce=1.0857 pair=0.4976 risk=1.4043 samples/s=7997 peak_GiB=17.37 time=18.7m
ep046 step012650 loss=0.4595 ce=1.0895 pair=0.4997 risk=1.4084 samples/s=8000 peak_GiB=17.37 time=18.8m
[epoch done 46] loss=0.45901 lr=5e-05 updates=12685 skipped=0 grad=0.5056614279747009
[eval epoch 46] macro_top1=0.4812 top2=0.8177 top3=0.9248 vs_sbs=-1.043% vbs_closed=+29.94%
       TSP: top1=0.372 mean_cost=7.9180 (sbs=7.9578) vs_sbs=-0.50%
      CVRP: top1=0.460 mean_cost=18.2198 (sbs=18.2943) vs_sbs=-0.41%
      ATSP: top1=0.783 mean_cost=1.6350 (sbs=1.6735) vs_sbs=-2.30%
      OVRP: top1=0.340 mean_cost=7.4569 (sbs=7.4617) vs_sbs=-0.06%
      VRPB: top1=0.556 mean_cost=9.3328 (sbs=9.3403) vs_sbs=-0.08%
      VRPL: top1=0.331 mean_cost=12.4006 (sbs=12.4072) vs_sbs=-0.05%
     VRPTW: top1=0.461 mean_cost=17.8914 (sbs=18.6571) vs_sbs=-4.10%
    OVRPTW: top1=0.488 mean_cost=10.0457 (sbs=10.0484) vs_sbs=-0.03%
     OVRPB: top1=0.582 mean_cost=6.3163 (sbs=6.3220) vs_sbs=-0.09%
     OVRPL: top1=0.373 mean_cost=7.4330 (sbs=7.4376) vs_sbs=-0.06%
     VRPBL: top1=0.536 mean_cost=9.3567 (sbs=9.3593) vs_sbs=-0.03%
    VRPBTW: top1=0.430 mean_cost=19.0523 (sbs=19.6697) vs_sbs=-3.14%
    VRPLTW: top1=0.452 mean_cost=17.6378 (sbs=18.5091) vs_sbs=-4.71%
    OVRPBL: top1=0.580 mean_cost=6.3024 (sbs=6.3103) vs_sbs=-0.12%
   OVRPBTW: top1=0.495 mean_cost=10.5016 (sbs=10.5068) vs_sbs=-0.05%
   OVRPLTW: top1=0.501 mean_cost=10.1248 (sbs=10.1272) vs_sbs=-0.02%
   VRPBLTW: top1=0.424 mean_cost=18.9425 (sbs=19.5198) vs_sbs=-2.96%
  OVRPBLTW: top1=0.497 mean_cost=10.5355 (sbs=10.5412) vs_sbs=-0.05%
ep047 step012700 loss=0.4230 ce=0.9770 pair=0.5052 risk=1.5242 samples/s=7284 peak_GiB=17.37 time=18.8m
ep047 step012750 loss=0.4542 ce=1.0767 pair=0.4912 risk=1.4101 samples/s=7378 peak_GiB=17.37 time=18.9m
ep047 step012800 loss=0.4592 ce=1.0896 pair=0.4975 risk=1.4061 samples/s=7997 peak_GiB=17.37 time=19.0m
ep047 step012850 loss=0.4581 ce=1.0862 pair=0.4978 risk=1.4082 samples/s=8742 peak_GiB=17.37 time=19.0m
ep047 step012900 loss=0.4579 ce=1.0858 pair=0.4975 risk=1.4056 samples/s=8001 peak_GiB=17.37 time=19.1m
ep047 step012950 loss=0.4595 ce=1.0897 pair=0.4997 risk=1.4052 samples/s=8000 peak_GiB=17.37 time=19.2m
[epoch done 47] loss=0.45810 lr=5e-05 updates=12955 skipped=0 grad=0.4730919897556305
[eval epoch 47] macro_top1=0.4821 top2=0.8179 top3=0.9251 vs_sbs=-1.046% vbs_closed=+30.92%
       TSP: top1=0.367 mean_cost=7.9190 (sbs=7.9578) vs_sbs=-0.49%
      CVRP: top1=0.471 mean_cost=18.2127 (sbs=18.2943) vs_sbs=-0.45%
      ATSP: top1=0.779 mean_cost=1.6351 (sbs=1.6735) vs_sbs=-2.30%
      OVRP: top1=0.337 mean_cost=7.4564 (sbs=7.4617) vs_sbs=-0.07%
      VRPB: top1=0.561 mean_cost=9.3301 (sbs=9.3403) vs_sbs=-0.11%
      VRPL: top1=0.315 mean_cost=12.4001 (sbs=12.4072) vs_sbs=-0.06%
     VRPTW: top1=0.448 mean_cost=17.9173 (sbs=18.6571) vs_sbs=-3.97%
    OVRPTW: top1=0.494 mean_cost=10.0461 (sbs=10.0484) vs_sbs=-0.02%
     OVRPB: top1=0.585 mean_cost=6.3150 (sbs=6.3220) vs_sbs=-0.11%
     OVRPL: top1=0.397 mean_cost=7.4301 (sbs=7.4376) vs_sbs=-0.10%
     VRPBL: top1=0.537 mean_cost=9.3574 (sbs=9.3593) vs_sbs=-0.02%
    VRPBTW: top1=0.436 mean_cost=19.0430 (sbs=19.6697) vs_sbs=-3.19%
    VRPLTW: top1=0.437 mean_cost=17.6413 (sbs=18.5091) vs_sbs=-4.69%
    OVRPBL: top1=0.585 mean_cost=6.3024 (sbs=6.3103) vs_sbs=-0.13%
   OVRPBTW: top1=0.504 mean_cost=10.4995 (sbs=10.5068) vs_sbs=-0.07%
   OVRPLTW: top1=0.500 mean_cost=10.1250 (sbs=10.1272) vs_sbs=-0.02%
   VRPBLTW: top1=0.426 mean_cost=18.9435 (sbs=19.5198) vs_sbs=-2.95%
  OVRPBLTW: top1=0.499 mean_cost=10.5302 (sbs=10.5412) vs_sbs=-0.10%
ep048 step013000 loss=0.4546 ce=1.0774 pair=0.4913 risk=1.4190 samples/s=6763 peak_GiB=17.37 time=19.3m
ep048 step013050 loss=0.4552 ce=1.0807 pair=0.4912 risk=1.3924 samples/s=8738 peak_GiB=17.37 time=19.3m
ep048 step013100 loss=0.4572 ce=1.0868 pair=0.4906 risk=1.3883 samples/s=7999 peak_GiB=17.37 time=19.4m
ep048 step013150 loss=0.4565 ce=1.0840 pair=0.4914 risk=1.3952 samples/s=7996 peak_GiB=17.37 time=19.4m
ep048 step013200 loss=0.4553 ce=1.0816 pair=0.4894 risk=1.3884 samples/s=8730 peak_GiB=17.37 time=19.5m
[epoch done 48] loss=0.45500 lr=2.5e-05 updates=13225 skipped=0 grad=0.36428302526474
[eval epoch 48] macro_top1=0.4822 top2=0.8179 top3=0.9252 vs_sbs=-1.043% vbs_closed=+30.42%
       TSP: top1=0.365 mean_cost=7.9182 (sbs=7.9578) vs_sbs=-0.50%
      CVRP: top1=0.474 mean_cost=18.2057 (sbs=18.2943) vs_sbs=-0.48%
      ATSP: top1=0.774 mean_cost=1.6351 (sbs=1.6735) vs_sbs=-2.29%
      OVRP: top1=0.336 mean_cost=7.4567 (sbs=7.4617) vs_sbs=-0.07%
      VRPB: top1=0.561 mean_cost=9.3304 (sbs=9.3403) vs_sbs=-0.11%
      VRPL: top1=0.321 mean_cost=12.4002 (sbs=12.4072) vs_sbs=-0.06%
     VRPTW: top1=0.450 mean_cost=17.9032 (sbs=18.6571) vs_sbs=-4.04%
    OVRPTW: top1=0.496 mean_cost=10.0463 (sbs=10.0484) vs_sbs=-0.02%
     OVRPB: top1=0.582 mean_cost=6.3156 (sbs=6.3220) vs_sbs=-0.10%
     OVRPL: top1=0.399 mean_cost=7.4304 (sbs=7.4376) vs_sbs=-0.10%
     VRPBL: top1=0.525 mean_cost=9.3589 (sbs=9.3593) vs_sbs=-0.00%
    VRPBTW: top1=0.436 mean_cost=19.0551 (sbs=19.6697) vs_sbs=-3.12%
    VRPLTW: top1=0.459 mean_cost=17.6300 (sbs=18.5091) vs_sbs=-4.75%
    OVRPBL: top1=0.583 mean_cost=6.3012 (sbs=6.3103) vs_sbs=-0.14%
   OVRPBTW: top1=0.501 mean_cost=10.5022 (sbs=10.5068) vs_sbs=-0.04%
   OVRPLTW: top1=0.498 mean_cost=10.1285 (sbs=10.1272) vs_sbs=+0.01%
   VRPBLTW: top1=0.431 mean_cost=18.9499 (sbs=19.5198) vs_sbs=-2.92%
  OVRPBLTW: top1=0.488 mean_cost=10.5363 (sbs=10.5412) vs_sbs=-0.05%
ep049 step013250 loss=0.4572 ce=1.0772 pair=0.5115 risk=1.4506 samples/s=6759 peak_GiB=17.37 time=19.6m
ep049 step013300 loss=0.4546 ce=1.0800 pair=0.4888 risk=1.3877 samples/s=8002 peak_GiB=17.37 time=19.7m
ep049 step013350 loss=0.4529 ce=1.0744 pair=0.4911 risk=1.3889 samples/s=8729 peak_GiB=17.37 time=19.7m
ep049 step013400 loss=0.4529 ce=1.0761 pair=0.4871 risk=1.3757 samples/s=8006 peak_GiB=17.37 time=19.8m
ep049 step013450 loss=0.4533 ce=1.0769 pair=0.4873 risk=1.3848 samples/s=8730 peak_GiB=17.37 time=19.8m
ep049 step013500 loss=0.4545 ce=1.0792 pair=0.4899 risk=1.3876 samples/s=8004 peak_GiB=17.37 time=19.9m
[epoch done 49] loss=0.45446 lr=2.5e-05 updates=13495 skipped=0 grad=0.38922426104545593
[eval epoch 49] macro_top1=0.4847 top2=0.8173 top3=0.9256 vs_sbs=-1.054% vbs_closed=+31.24%
       TSP: top1=0.363 mean_cost=7.9180 (sbs=7.9578) vs_sbs=-0.50%
      CVRP: top1=0.475 mean_cost=18.2045 (sbs=18.2943) vs_sbs=-0.49%
      ATSP: top1=0.775 mean_cost=1.6354 (sbs=1.6735) vs_sbs=-2.28%
      OVRP: top1=0.356 mean_cost=7.4558 (sbs=7.4617) vs_sbs=-0.08%
      VRPB: top1=0.564 mean_cost=9.3297 (sbs=9.3403) vs_sbs=-0.11%
      VRPL: top1=0.331 mean_cost=12.4007 (sbs=12.4072) vs_sbs=-0.05%
     VRPTW: top1=0.468 mean_cost=17.8891 (sbs=18.6571) vs_sbs=-4.12%
    OVRPTW: top1=0.496 mean_cost=10.0427 (sbs=10.0484) vs_sbs=-0.06%
     OVRPB: top1=0.580 mean_cost=6.3152 (sbs=6.3220) vs_sbs=-0.11%
     OVRPL: top1=0.386 mean_cost=7.4313 (sbs=7.4376) vs_sbs=-0.08%
     VRPBL: top1=0.532 mean_cost=9.3578 (sbs=9.3593) vs_sbs=-0.02%
    VRPBTW: top1=0.437 mean_cost=19.0527 (sbs=19.6697) vs_sbs=-3.14%
    VRPLTW: top1=0.453 mean_cost=17.6347 (sbs=18.5091) vs_sbs=-4.72%
    OVRPBL: top1=0.584 mean_cost=6.3032 (sbs=6.3103) vs_sbs=-0.11%
   OVRPBTW: top1=0.497 mean_cost=10.4990 (sbs=10.5068) vs_sbs=-0.07%
   OVRPLTW: top1=0.495 mean_cost=10.1251 (sbs=10.1272) vs_sbs=-0.02%
   VRPBLTW: top1=0.429 mean_cost=18.9480 (sbs=19.5198) vs_sbs=-2.93%
  OVRPBLTW: top1=0.503 mean_cost=10.5315 (sbs=10.5412) vs_sbs=-0.09%
[save] best.pt epoch=49 score=0.4847
[save] best_top1.pt epoch=49 top1=0.4847
[save] best_top3_safe.pt epoch=49 score=0.9256
[save] best_cost.pt epoch=49 vs_sbs=-1.054%
[train_eval epoch 49] macro_top1=0.4943 top2=0.8247 top3=0.9312 vs_sbs=-1.100% vbs_closed=+32.37%
       TSP: top1=0.393 mean_cost=8.0083 (sbs=8.0483) vs_sbs=-0.50%
      CVRP: top1=0.459 mean_cost=17.9916 (sbs=18.0705) vs_sbs=-0.44%
      ATSP: top1=0.758 mean_cost=1.6419 (sbs=1.6795) vs_sbs=-2.24%
      OVRP: top1=0.373 mean_cost=7.4526 (sbs=7.4591) vs_sbs=-0.09%
      VRPB: top1=0.562 mean_cost=9.3064 (sbs=9.3165) vs_sbs=-0.11%
      VRPL: top1=0.336 mean_cost=12.3889 (sbs=12.3957) vs_sbs=-0.06%
     VRPTW: top1=0.474 mean_cost=17.7973 (sbs=18.5949) vs_sbs=-4.29%
    OVRPTW: top1=0.519 mean_cost=10.0943 (sbs=10.1037) vs_sbs=-0.09%
     OVRPB: top1=0.576 mean_cost=6.3155 (sbs=6.3216) vs_sbs=-0.10%
     OVRPL: top1=0.383 mean_cost=7.4459 (sbs=7.4526) vs_sbs=-0.09%
     VRPBL: top1=0.547 mean_cost=9.3124 (sbs=9.3209) vs_sbs=-0.09%
    VRPBTW: top1=0.465 mean_cost=19.0397 (sbs=19.6924) vs_sbs=-3.31%
    VRPLTW: top1=0.483 mean_cost=17.7755 (sbs=18.6720) vs_sbs=-4.80%
    OVRPBL: top1=0.565 mean_cost=6.3035 (sbs=6.3079) vs_sbs=-0.07%
   OVRPBTW: top1=0.503 mean_cost=10.5790 (sbs=10.5894) vs_sbs=-0.10%
   OVRPLTW: top1=0.513 mean_cost=10.1067 (sbs=10.1136) vs_sbs=-0.07%
   VRPBLTW: top1=0.473 mean_cost=19.0235 (sbs=19.6661) vs_sbs=-3.27%
  OVRPBLTW: top1=0.515 mean_cost=10.5371 (sbs=10.5476) vs_sbs=-0.10%
ep050 step013550 loss=0.4527 ce=1.0725 pair=0.4924 risk=1.4038 samples/s=2085 peak_GiB=17.37 time=20.2m
ep050 step013600 loss=0.4543 ce=1.0787 pair=0.4898 risk=1.3880 samples/s=8725 peak_GiB=17.37 time=20.2m
ep050 step013650 loss=0.4541 ce=1.0787 pair=0.4887 risk=1.3834 samples/s=7997 peak_GiB=17.37 time=20.3m
ep050 step013700 loss=0.4542 ce=1.0786 pair=0.4898 risk=1.3873 samples/s=7990 peak_GiB=17.37 time=20.4m
ep050 step013750 loss=0.4543 ce=1.0786 pair=0.4903 risk=1.3886 samples/s=8738 peak_GiB=17.37 time=20.4m
[epoch done 50] loss=0.45450 lr=2.5e-05 updates=13765 skipped=0 grad=0.3906418979167938
[eval epoch 50] macro_top1=0.4828 top2=0.8184 top3=0.9249 vs_sbs=-1.044% vbs_closed=+30.36%
       TSP: top1=0.363 mean_cost=7.9181 (sbs=7.9578) vs_sbs=-0.50%
      CVRP: top1=0.480 mean_cost=18.2055 (sbs=18.2943) vs_sbs=-0.49%
      ATSP: top1=0.779 mean_cost=1.6354 (sbs=1.6735) vs_sbs=-2.28%
      OVRP: top1=0.337 mean_cost=7.4569 (sbs=7.4617) vs_sbs=-0.06%
      VRPB: top1=0.561 mean_cost=9.3301 (sbs=9.3403) vs_sbs=-0.11%
      VRPL: top1=0.323 mean_cost=12.4014 (sbs=12.4072) vs_sbs=-0.05%
     VRPTW: top1=0.457 mean_cost=17.9027 (sbs=18.6571) vs_sbs=-4.04%
    OVRPTW: top1=0.504 mean_cost=10.0422 (sbs=10.0484) vs_sbs=-0.06%
     OVRPB: top1=0.571 mean_cost=6.3189 (sbs=6.3220) vs_sbs=-0.05%
     OVRPL: top1=0.404 mean_cost=7.4299 (sbs=7.4376) vs_sbs=-0.10%
     VRPBL: top1=0.527 mean_cost=9.3578 (sbs=9.3593) vs_sbs=-0.02%
    VRPBTW: top1=0.435 mean_cost=19.0515 (sbs=19.6697) vs_sbs=-3.14%
    VRPLTW: top1=0.458 mean_cost=17.6321 (sbs=18.5091) vs_sbs=-4.74%
    OVRPBL: top1=0.576 mean_cost=6.3038 (sbs=6.3103) vs_sbs=-0.10%
   OVRPBTW: top1=0.500 mean_cost=10.5014 (sbs=10.5068) vs_sbs=-0.05%
   OVRPLTW: top1=0.487 mean_cost=10.1287 (sbs=10.1272) vs_sbs=+0.01%
   VRPBLTW: top1=0.429 mean_cost=18.9471 (sbs=19.5198) vs_sbs=-2.93%
  OVRPBLTW: top1=0.500 mean_cost=10.5331 (sbs=10.5412) vs_sbs=-0.08%
ep051 step013800 loss=0.4456 ce=1.0542 pair=0.4818 risk=1.4233 samples/s=6765 peak_GiB=17.37 time=20.5m
ep051 step013850 loss=0.4542 ce=1.0790 pair=0.4884 risk=1.3871 samples/s=8004 peak_GiB=17.37 time=20.6m
ep051 step013900 loss=0.4536 ce=1.0763 pair=0.4904 risk=1.3946 samples/s=8746 peak_GiB=17.37 time=20.6m
ep051 step013950 loss=0.4554 ce=1.0809 pair=0.4922 risk=1.3928 samples/s=7998 peak_GiB=17.37 time=20.7m
ep051 step014000 loss=0.4543 ce=1.0788 pair=0.4893 risk=1.3898 samples/s=8737 peak_GiB=17.37 time=20.8m
[epoch done 51] loss=0.45408 lr=2.5e-05 updates=14035 skipped=0 grad=0.43234625458717346
[eval epoch 51] macro_top1=0.4837 top2=0.8186 top3=0.9253 vs_sbs=-1.051% vbs_closed=+30.79%
       TSP: top1=0.361 mean_cost=7.9191 (sbs=7.9578) vs_sbs=-0.49%
      CVRP: top1=0.477 mean_cost=18.2028 (sbs=18.2943) vs_sbs=-0.50%
      ATSP: top1=0.769 mean_cost=1.6365 (sbs=1.6735) vs_sbs=-2.21%
      OVRP: top1=0.350 mean_cost=7.4553 (sbs=7.4617) vs_sbs=-0.09%
      VRPB: top1=0.555 mean_cost=9.3315 (sbs=9.3403) vs_sbs=-0.09%
      VRPL: top1=0.323 mean_cost=12.4011 (sbs=12.4072) vs_sbs=-0.05%
     VRPTW: top1=0.455 mean_cost=17.8988 (sbs=18.6571) vs_sbs=-4.06%
    OVRPTW: top1=0.502 mean_cost=10.0427 (sbs=10.0484) vs_sbs=-0.06%
     OVRPB: top1=0.581 mean_cost=6.3162 (sbs=6.3220) vs_sbs=-0.09%
     OVRPL: top1=0.394 mean_cost=7.4309 (sbs=7.4376) vs_sbs=-0.09%
     VRPBL: top1=0.529 mean_cost=9.3589 (sbs=9.3593) vs_sbs=-0.00%
    VRPBTW: top1=0.445 mean_cost=19.0433 (sbs=19.6697) vs_sbs=-3.18%
    VRPLTW: top1=0.452 mean_cost=17.6254 (sbs=18.5091) vs_sbs=-4.77%
    OVRPBL: top1=0.590 mean_cost=6.3020 (sbs=6.3103) vs_sbs=-0.13%
   OVRPBTW: top1=0.506 mean_cost=10.4992 (sbs=10.5068) vs_sbs=-0.07%
   OVRPLTW: top1=0.490 mean_cost=10.1275 (sbs=10.1272) vs_sbs=+0.00%
   VRPBLTW: top1=0.436 mean_cost=18.9428 (sbs=19.5198) vs_sbs=-2.96%
  OVRPBLTW: top1=0.492 mean_cost=10.5333 (sbs=10.5412) vs_sbs=-0.07%
ep052 step014050 loss=0.4478 ce=1.0584 pair=0.4895 risk=1.4189 samples/s=5915 peak_GiB=17.37 time=20.8m
ep052 step014100 loss=0.4543 ce=1.0809 pair=0.4843 risk=1.3778 samples/s=8755 peak_GiB=17.37 time=20.9m
ep052 step014150 loss=0.4526 ce=1.0756 pair=0.4851 risk=1.3823 samples/s=8742 peak_GiB=17.37 time=21.0m
ep052 step014200 loss=0.4552 ce=1.0816 pair=0.4895 risk=1.3845 samples/s=8001 peak_GiB=17.37 time=21.0m
ep052 step014250 loss=0.4540 ce=1.0791 pair=0.4870 risk=1.3792 samples/s=8003 peak_GiB=17.37 time=21.1m
ep052 step014300 loss=0.4554 ce=1.0817 pair=0.4905 risk=1.3861 samples/s=8723 peak_GiB=17.37 time=21.2m
[epoch done 52] loss=0.45392 lr=2.5e-05 updates=14304 skipped=1 grad=0.41067245602607727
[eval epoch 52] macro_top1=0.4829 top2=0.8176 top3=0.9259 vs_sbs=-1.042% vbs_closed=+30.20%
       TSP: top1=0.365 mean_cost=7.9181 (sbs=7.9578) vs_sbs=-0.50%
      CVRP: top1=0.477 mean_cost=18.2044 (sbs=18.2943) vs_sbs=-0.49%
      ATSP: top1=0.781 mean_cost=1.6349 (sbs=1.6735) vs_sbs=-2.31%
      OVRP: top1=0.333 mean_cost=7.4577 (sbs=7.4617) vs_sbs=-0.05%
      VRPB: top1=0.562 mean_cost=9.3301 (sbs=9.3403) vs_sbs=-0.11%
      VRPL: top1=0.329 mean_cost=12.4022 (sbs=12.4072) vs_sbs=-0.04%
     VRPTW: top1=0.444 mean_cost=17.9057 (sbs=18.6571) vs_sbs=-4.03%
    OVRPTW: top1=0.499 mean_cost=10.0435 (sbs=10.0484) vs_sbs=-0.05%
     OVRPB: top1=0.574 mean_cost=6.3185 (sbs=6.3220) vs_sbs=-0.06%
     OVRPL: top1=0.394 mean_cost=7.4310 (sbs=7.4376) vs_sbs=-0.09%
     VRPBL: top1=0.526 mean_cost=9.3571 (sbs=9.3593) vs_sbs=-0.02%
    VRPBTW: top1=0.444 mean_cost=19.0460 (sbs=19.6697) vs_sbs=-3.17%
    VRPLTW: top1=0.461 mean_cost=17.6369 (sbs=18.5091) vs_sbs=-4.71%
    OVRPBL: top1=0.582 mean_cost=6.3022 (sbs=6.3103) vs_sbs=-0.13%
   OVRPBTW: top1=0.504 mean_cost=10.5012 (sbs=10.5068) vs_sbs=-0.05%
   OVRPLTW: top1=0.499 mean_cost=10.1275 (sbs=10.1272) vs_sbs=+0.00%
   VRPBLTW: top1=0.431 mean_cost=18.9524 (sbs=19.5198) vs_sbs=-2.91%
  OVRPBLTW: top1=0.488 mean_cost=10.5372 (sbs=10.5412) vs_sbs=-0.04%
[save] best_top3_safe.pt epoch=52 score=0.9259
ep053 step014350 loss=0.4519 ce=1.0718 pair=0.4905 risk=1.3871 samples/s=6210 peak_GiB=17.37 time=21.2m
ep053 step014400 loss=0.4547 ce=1.0789 pair=0.4914 risk=1.3946 samples/s=8737 peak_GiB=17.37 time=21.3m
ep053 step014450 loss=0.4517 ce=1.0720 pair=0.4868 risk=1.3900 samples/s=8729 peak_GiB=17.37 time=21.4m
ep053 step014500 loss=0.4527 ce=1.0752 pair=0.4876 risk=1.3832 samples/s=8008 peak_GiB=17.37 time=21.4m
ep053 step014550 loss=0.4532 ce=1.0768 pair=0.4874 risk=1.3780 samples/s=8727 peak_GiB=17.37 time=21.5m
[epoch done 53] loss=0.45336 lr=2.5e-05 updates=14574 skipped=0 grad=0.4355233907699585
[eval epoch 53] macro_top1=0.4822 top2=0.8194 top3=0.9248 vs_sbs=-1.049% vbs_closed=+30.42%
       TSP: top1=0.364 mean_cost=7.9193 (sbs=7.9578) vs_sbs=-0.48%
      CVRP: top1=0.477 mean_cost=18.2038 (sbs=18.2943) vs_sbs=-0.50%
      ATSP: top1=0.774 mean_cost=1.6352 (sbs=1.6735) vs_sbs=-2.29%
      OVRP: top1=0.349 mean_cost=7.4560 (sbs=7.4617) vs_sbs=-0.08%
      VRPB: top1=0.559 mean_cost=9.3309 (sbs=9.3403) vs_sbs=-0.10%
      VRPL: top1=0.320 mean_cost=12.4032 (sbs=12.4072) vs_sbs=-0.03%
     VRPTW: top1=0.455 mean_cost=17.8950 (sbs=18.6571) vs_sbs=-4.08%
    OVRPTW: top1=0.492 mean_cost=10.0441 (sbs=10.0484) vs_sbs=-0.04%
     OVRPB: top1=0.576 mean_cost=6.3171 (sbs=6.3220) vs_sbs=-0.08%
     OVRPL: top1=0.387 mean_cost=7.4317 (sbs=7.4376) vs_sbs=-0.08%
     VRPBL: top1=0.532 mean_cost=9.3569 (sbs=9.3593) vs_sbs=-0.03%
    VRPBTW: top1=0.436 mean_cost=19.0484 (sbs=19.6697) vs_sbs=-3.16%
    VRPLTW: top1=0.457 mean_cost=17.6354 (sbs=18.5091) vs_sbs=-4.72%
    OVRPBL: top1=0.587 mean_cost=6.3017 (sbs=6.3103) vs_sbs=-0.14%
   OVRPBTW: top1=0.494 mean_cost=10.5036 (sbs=10.5068) vs_sbs=-0.03%
   OVRPLTW: top1=0.488 mean_cost=10.1276 (sbs=10.1272) vs_sbs=+0.00%
   VRPBLTW: top1=0.433 mean_cost=18.9385 (sbs=19.5198) vs_sbs=-2.98%
  OVRPBLTW: top1=0.499 mean_cost=10.5326 (sbs=10.5412) vs_sbs=-0.08%
ep054 step014600 loss=0.4545 ce=1.0825 pair=0.4845 risk=1.3592 samples/s=5921 peak_GiB=17.37 time=21.6m
ep054 step014650 loss=0.4517 ce=1.0748 pair=0.4826 risk=1.3629 samples/s=8727 peak_GiB=17.37 time=21.6m
ep054 step014700 loss=0.4525 ce=1.0743 pair=0.4866 risk=1.3897 samples/s=8750 peak_GiB=17.37 time=21.7m
ep054 step014750 loss=0.4551 ce=1.0820 pair=0.4877 risk=1.3793 samples/s=7994 peak_GiB=17.37 time=21.8m
ep054 step014800 loss=0.4534 ce=1.0782 pair=0.4849 risk=1.3755 samples/s=7997 peak_GiB=17.37 time=21.8m
ep054 step014850 loss=0.4530 ce=1.0763 pair=0.4866 risk=1.3798 samples/s=8733 peak_GiB=17.37 time=21.9m
[epoch done 54] loss=0.45295 lr=2.5e-05 updates=14844 skipped=0 grad=0.4155334532260895
[eval epoch 54] macro_top1=0.4829 top2=0.8196 top3=0.9246 vs_sbs=-1.043% vbs_closed=+30.18%
       TSP: top1=0.366 mean_cost=7.9214 (sbs=7.9578) vs_sbs=-0.46%
      CVRP: top1=0.477 mean_cost=18.2036 (sbs=18.2943) vs_sbs=-0.50%
      ATSP: top1=0.774 mean_cost=1.6355 (sbs=1.6735) vs_sbs=-2.27%
      OVRP: top1=0.349 mean_cost=7.4555 (sbs=7.4617) vs_sbs=-0.08%
      VRPB: top1=0.559 mean_cost=9.3313 (sbs=9.3403) vs_sbs=-0.10%
      VRPL: top1=0.321 mean_cost=12.4014 (sbs=12.4072) vs_sbs=-0.05%
     VRPTW: top1=0.456 mean_cost=17.8921 (sbs=18.6571) vs_sbs=-4.10%
    OVRPTW: top1=0.496 mean_cost=10.0444 (sbs=10.0484) vs_sbs=-0.04%
     OVRPB: top1=0.570 mean_cost=6.3185 (sbs=6.3220) vs_sbs=-0.06%
     OVRPL: top1=0.395 mean_cost=7.4308 (sbs=7.4376) vs_sbs=-0.09%
     VRPBL: top1=0.530 mean_cost=9.3570 (sbs=9.3593) vs_sbs=-0.02%
    VRPBTW: top1=0.447 mean_cost=19.0516 (sbs=19.6697) vs_sbs=-3.14%
    VRPLTW: top1=0.448 mean_cost=17.6358 (sbs=18.5091) vs_sbs=-4.72%
    OVRPBL: top1=0.582 mean_cost=6.3021 (sbs=6.3103) vs_sbs=-0.13%
   OVRPBTW: top1=0.505 mean_cost=10.5002 (sbs=10.5068) vs_sbs=-0.06%
   OVRPLTW: top1=0.496 mean_cost=10.1288 (sbs=10.1272) vs_sbs=+0.02%
   VRPBLTW: top1=0.432 mean_cost=18.9460 (sbs=19.5198) vs_sbs=-2.94%
  OVRPBLTW: top1=0.489 mean_cost=10.5368 (sbs=10.5412) vs_sbs=-0.04%
[train_eval epoch 54] macro_top1=0.4950 top2=0.8245 top3=0.9306 vs_sbs=-1.098% vbs_closed=+32.10%
       TSP: top1=0.393 mean_cost=8.0122 (sbs=8.0483) vs_sbs=-0.45%
      CVRP: top1=0.460 mean_cost=17.9913 (sbs=18.0705) vs_sbs=-0.44%
      ATSP: top1=0.758 mean_cost=1.6420 (sbs=1.6795) vs_sbs=-2.23%
      OVRP: top1=0.381 mean_cost=7.4517 (sbs=7.4591) vs_sbs=-0.10%
      VRPB: top1=0.562 mean_cost=9.3068 (sbs=9.3165) vs_sbs=-0.10%
      VRPL: top1=0.341 mean_cost=12.3884 (sbs=12.3957) vs_sbs=-0.06%
     VRPTW: top1=0.472 mean_cost=17.7898 (sbs=18.5949) vs_sbs=-4.33%
    OVRPTW: top1=0.519 mean_cost=10.0952 (sbs=10.1037) vs_sbs=-0.08%
     OVRPB: top1=0.579 mean_cost=6.3157 (sbs=6.3216) vs_sbs=-0.09%
     OVRPL: top1=0.385 mean_cost=7.4456 (sbs=7.4526) vs_sbs=-0.09%
     VRPBL: top1=0.551 mean_cost=9.3122 (sbs=9.3209) vs_sbs=-0.09%
    VRPBTW: top1=0.461 mean_cost=19.0426 (sbs=19.6924) vs_sbs=-3.30%
    VRPLTW: top1=0.480 mean_cost=17.7685 (sbs=18.6720) vs_sbs=-4.84%
    OVRPBL: top1=0.565 mean_cost=6.3039 (sbs=6.3079) vs_sbs=-0.06%
   OVRPBTW: top1=0.507 mean_cost=10.5793 (sbs=10.5894) vs_sbs=-0.10%
   OVRPLTW: top1=0.518 mean_cost=10.1068 (sbs=10.1136) vs_sbs=-0.07%
   VRPBLTW: top1=0.470 mean_cost=19.0312 (sbs=19.6661) vs_sbs=-3.23%
  OVRPBLTW: top1=0.509 mean_cost=10.5382 (sbs=10.5476) vs_sbs=-0.09%
ep055 step014900 loss=0.4561 ce=1.0856 pair=0.4892 risk=1.3600 samples/s=2128 peak_GiB=17.37 time=22.2m
ep055 step014950 loss=0.4539 ce=1.0801 pair=0.4847 risk=1.3701 samples/s=8000 peak_GiB=17.37 time=22.2m
ep055 step015000 loss=0.4522 ce=1.0754 pair=0.4832 risk=1.3734 samples/s=8729 peak_GiB=17.37 time=22.3m
ep055 step015050 loss=0.4514 ce=1.0734 pair=0.4831 risk=1.3709 samples/s=7995 peak_GiB=17.37 time=22.4m
ep055 step015100 loss=0.4506 ce=1.0715 pair=0.4816 risk=1.3690 samples/s=8743 peak_GiB=17.37 time=22.4m
[epoch done 55] loss=0.45132 lr=1.3e-05 updates=15114 skipped=0 grad=0.3354673683643341
[eval epoch 55] macro_top1=0.4838 top2=0.8187 top3=0.9258 vs_sbs=-1.051% vbs_closed=+30.28%
       TSP: top1=0.365 mean_cost=7.9193 (sbs=7.9578) vs_sbs=-0.48%
      CVRP: top1=0.480 mean_cost=18.2058 (sbs=18.2943) vs_sbs=-0.48%
      ATSP: top1=0.782 mean_cost=1.6349 (sbs=1.6735) vs_sbs=-2.31%
      OVRP: top1=0.350 mean_cost=7.4560 (sbs=7.4617) vs_sbs=-0.08%
      VRPB: top1=0.555 mean_cost=9.3309 (sbs=9.3403) vs_sbs=-0.10%
      VRPL: top1=0.327 mean_cost=12.4013 (sbs=12.4072) vs_sbs=-0.05%
     VRPTW: top1=0.456 mean_cost=17.8961 (sbs=18.6571) vs_sbs=-4.08%
    OVRPTW: top1=0.500 mean_cost=10.0443 (sbs=10.0484) vs_sbs=-0.04%
     OVRPB: top1=0.575 mean_cost=6.3185 (sbs=6.3220) vs_sbs=-0.05%
     OVRPL: top1=0.388 mean_cost=7.4318 (sbs=7.4376) vs_sbs=-0.08%
     VRPBL: top1=0.524 mean_cost=9.3584 (sbs=9.3593) vs_sbs=-0.01%
    VRPBTW: top1=0.440 mean_cost=19.0455 (sbs=19.6697) vs_sbs=-3.17%
    VRPLTW: top1=0.464 mean_cost=17.6265 (sbs=18.5091) vs_sbs=-4.77%
    OVRPBL: top1=0.579 mean_cost=6.3028 (sbs=6.3103) vs_sbs=-0.12%
   OVRPBTW: top1=0.500 mean_cost=10.5017 (sbs=10.5068) vs_sbs=-0.05%
   OVRPLTW: top1=0.492 mean_cost=10.1289 (sbs=10.1272) vs_sbs=+0.02%
   VRPBLTW: top1=0.434 mean_cost=18.9385 (sbs=19.5198) vs_sbs=-2.98%
  OVRPBLTW: top1=0.498 mean_cost=10.5326 (sbs=10.5412) vs_sbs=-0.08%
ep056 step015150 loss=0.4495 ce=1.0739 pair=0.4698 risk=1.3314 samples/s=6764 peak_GiB=17.37 time=22.5m
ep056 step015200 loss=0.4504 ce=1.0702 pair=0.4836 risk=1.3728 samples/s=8007 peak_GiB=17.37 time=22.6m
ep056 step015250 loss=0.4507 ce=1.0701 pair=0.4848 risk=1.3833 samples/s=8748 peak_GiB=17.37 time=22.6m
ep056 step015300 loss=0.4524 ce=1.0756 pair=0.4846 risk=1.3740 samples/s=8004 peak_GiB=17.37 time=22.7m
ep056 step015350 loss=0.4508 ce=1.0714 pair=0.4832 risk=1.3743 samples/s=8006 peak_GiB=17.37 time=22.8m
[epoch done 56] loss=0.45142 lr=1.3e-05 updates=15384 skipped=0 grad=0.3230571448802948
[eval epoch 56] macro_top1=0.4833 top2=0.8179 top3=0.9259 vs_sbs=-1.052% vbs_closed=+30.45%
       TSP: top1=0.369 mean_cost=7.9184 (sbs=7.9578) vs_sbs=-0.50%
      CVRP: top1=0.482 mean_cost=18.2025 (sbs=18.2943) vs_sbs=-0.50%
      ATSP: top1=0.781 mean_cost=1.6350 (sbs=1.6735) vs_sbs=-2.30%
      OVRP: top1=0.349 mean_cost=7.4558 (sbs=7.4617) vs_sbs=-0.08%
      VRPB: top1=0.551 mean_cost=9.3315 (sbs=9.3403) vs_sbs=-0.09%
      VRPL: top1=0.324 mean_cost=12.4023 (sbs=12.4072) vs_sbs=-0.04%
     VRPTW: top1=0.461 mean_cost=17.8903 (sbs=18.6571) vs_sbs=-4.11%
    OVRPTW: top1=0.495 mean_cost=10.0452 (sbs=10.0484) vs_sbs=-0.03%
     OVRPB: top1=0.569 mean_cost=6.3187 (sbs=6.3220) vs_sbs=-0.05%
     OVRPL: top1=0.394 mean_cost=7.4307 (sbs=7.4376) vs_sbs=-0.09%
     VRPBL: top1=0.526 mean_cost=9.3582 (sbs=9.3593) vs_sbs=-0.01%
    VRPBTW: top1=0.440 mean_cost=19.0468 (sbs=19.6697) vs_sbs=-3.17%
    VRPLTW: top1=0.456 mean_cost=17.6334 (sbs=18.5091) vs_sbs=-4.73%
    OVRPBL: top1=0.582 mean_cost=6.3032 (sbs=6.3103) vs_sbs=-0.11%
   OVRPBTW: top1=0.498 mean_cost=10.5025 (sbs=10.5068) vs_sbs=-0.04%
   OVRPLTW: top1=0.491 mean_cost=10.1270 (sbs=10.1272) vs_sbs=-0.00%
   VRPBLTW: top1=0.430 mean_cost=18.9398 (sbs=19.5198) vs_sbs=-2.97%
  OVRPBLTW: top1=0.501 mean_cost=10.5310 (sbs=10.5412) vs_sbs=-0.10%
[save] best_top3_safe.pt epoch=56 score=0.9259
ep057 step015400 loss=0.4868 ce=1.1851 pair=0.4735 risk=1.2315 samples/s=6217 peak_GiB=17.37 time=22.8m
ep057 step015450 loss=0.4489 ce=1.0671 pair=0.4800 risk=1.3705 samples/s=8738 peak_GiB=17.37 time=22.9m
ep057 step015500 loss=0.4520 ce=1.0765 pair=0.4806 risk=1.3575 samples/s=8004 peak_GiB=17.37 time=23.0m
ep057 step015550 loss=0.4535 ce=1.0784 pair=0.4860 risk=1.3758 samples/s=8747 peak_GiB=17.37 time=23.0m
ep057 step015600 loss=0.4507 ce=1.0716 pair=0.4827 risk=1.3705 samples/s=8742 peak_GiB=17.37 time=23.1m
ep057 step015650 loss=0.4515 ce=1.0741 pair=0.4819 risk=1.3670 samples/s=7996 peak_GiB=17.37 time=23.2m
[epoch done 57] loss=0.45124 lr=1.3e-05 updates=15654 skipped=0 grad=0.3320433497428894
[eval epoch 57] macro_top1=0.4831 top2=0.8186 top3=0.9263 vs_sbs=-1.049% vbs_closed=+30.53%
       TSP: top1=0.366 mean_cost=7.9192 (sbs=7.9578) vs_sbs=-0.49%
      CVRP: top1=0.484 mean_cost=18.2021 (sbs=18.2943) vs_sbs=-0.50%
      ATSP: top1=0.777 mean_cost=1.6351 (sbs=1.6735) vs_sbs=-2.30%
      OVRP: top1=0.361 mean_cost=7.4549 (sbs=7.4617) vs_sbs=-0.09%
      VRPB: top1=0.556 mean_cost=9.3307 (sbs=9.3403) vs_sbs=-0.10%
      VRPL: top1=0.322 mean_cost=12.4011 (sbs=12.4072) vs_sbs=-0.05%
     VRPTW: top1=0.455 mean_cost=17.9010 (sbs=18.6571) vs_sbs=-4.05%
    OVRPTW: top1=0.499 mean_cost=10.0436 (sbs=10.0484) vs_sbs=-0.05%
     OVRPB: top1=0.567 mean_cost=6.3196 (sbs=6.3220) vs_sbs=-0.04%
     OVRPL: top1=0.388 mean_cost=7.4314 (sbs=7.4376) vs_sbs=-0.08%
     VRPBL: top1=0.525 mean_cost=9.3584 (sbs=9.3593) vs_sbs=-0.01%
    VRPBTW: top1=0.439 mean_cost=19.0511 (sbs=19.6697) vs_sbs=-3.15%
    VRPLTW: top1=0.462 mean_cost=17.6265 (sbs=18.5091) vs_sbs=-4.77%
    OVRPBL: top1=0.579 mean_cost=6.3031 (sbs=6.3103) vs_sbs=-0.11%
   OVRPBTW: top1=0.496 mean_cost=10.5021 (sbs=10.5068) vs_sbs=-0.04%
   OVRPLTW: top1=0.494 mean_cost=10.1264 (sbs=10.1272) vs_sbs=-0.01%
   VRPBLTW: top1=0.427 mean_cost=18.9441 (sbs=19.5198) vs_sbs=-2.95%
  OVRPBLTW: top1=0.499 mean_cost=10.5319 (sbs=10.5412) vs_sbs=-0.09%
[save] best_top3_safe.pt epoch=57 score=0.9263
ep058 step015700 loss=0.4407 ce=1.0470 pair=0.4692 risk=1.3680 samples/s=6648 peak_GiB=17.37 time=23.2m
ep058 step015750 loss=0.4515 ce=1.0742 pair=0.4811 risk=1.3720 samples/s=8000 peak_GiB=17.37 time=23.3m
ep058 step015800 loss=0.4529 ce=1.0778 pair=0.4824 risk=1.3698 samples/s=7996 peak_GiB=17.37 time=23.4m
ep058 step015850 loss=0.4505 ce=1.0706 pair=0.4829 risk=1.3746 samples/s=9615 peak_GiB=17.37 time=23.4m
ep058 step015900 loss=0.4505 ce=1.0714 pair=0.4808 risk=1.3694 samples/s=8000 peak_GiB=17.37 time=23.5m
[epoch done 58] loss=0.45152 lr=1.3e-05 updates=15924 skipped=0 grad=0.3655267655849457
[eval epoch 58] macro_top1=0.4833 top2=0.8183 top3=0.9258 vs_sbs=-1.050% vbs_closed=+30.60%
       TSP: top1=0.367 mean_cost=7.9182 (sbs=7.9578) vs_sbs=-0.50%
      CVRP: top1=0.484 mean_cost=18.2027 (sbs=18.2943) vs_sbs=-0.50%
      ATSP: top1=0.776 mean_cost=1.6357 (sbs=1.6735) vs_sbs=-2.26%
      OVRP: top1=0.347 mean_cost=7.4556 (sbs=7.4617) vs_sbs=-0.08%
      VRPB: top1=0.562 mean_cost=9.3301 (sbs=9.3403) vs_sbs=-0.11%
      VRPL: top1=0.322 mean_cost=12.4013 (sbs=12.4072) vs_sbs=-0.05%
     VRPTW: top1=0.452 mean_cost=17.8928 (sbs=18.6571) vs_sbs=-4.10%
    OVRPTW: top1=0.494 mean_cost=10.0456 (sbs=10.0484) vs_sbs=-0.03%
     OVRPB: top1=0.577 mean_cost=6.3168 (sbs=6.3220) vs_sbs=-0.08%
     OVRPL: top1=0.393 mean_cost=7.4311 (sbs=7.4376) vs_sbs=-0.09%
     VRPBL: top1=0.530 mean_cost=9.3583 (sbs=9.3593) vs_sbs=-0.01%
    VRPBTW: top1=0.433 mean_cost=19.0580 (sbs=19.6697) vs_sbs=-3.11%
    VRPLTW: top1=0.457 mean_cost=17.6253 (sbs=18.5091) vs_sbs=-4.78%
    OVRPBL: top1=0.583 mean_cost=6.3029 (sbs=6.3103) vs_sbs=-0.12%
   OVRPBTW: top1=0.499 mean_cost=10.5023 (sbs=10.5068) vs_sbs=-0.04%
   OVRPLTW: top1=0.496 mean_cost=10.1275 (sbs=10.1272) vs_sbs=+0.00%
   VRPBLTW: top1=0.427 mean_cost=18.9413 (sbs=19.5198) vs_sbs=-2.96%
  OVRPBLTW: top1=0.501 mean_cost=10.5317 (sbs=10.5412) vs_sbs=-0.09%
ep059 step015950 loss=0.4547 ce=1.0834 pair=0.4853 risk=1.3484 samples/s=6310 peak_GiB=17.37 time=23.6m
ep059 step016000 loss=0.4505 ce=1.0709 pair=0.4825 risk=1.3710 samples/s=8586 peak_GiB=17.37 time=23.6m
ep059 step016050 loss=0.4515 ce=1.0748 pair=0.4808 risk=1.3644 samples/s=7377 peak_GiB=17.37 time=23.7m
ep059 step016100 loss=0.4513 ce=1.0716 pair=0.4859 risk=1.3829 samples/s=8734 peak_GiB=17.37 time=23.8m
ep059 step016150 loss=0.4515 ce=1.0742 pair=0.4817 risk=1.3660 samples/s=8000 peak_GiB=17.37 time=23.8m
ep059 step016200 loss=0.4511 ce=1.0728 pair=0.4825 risk=1.3701 samples/s=8729 peak_GiB=17.37 time=23.9m
[epoch done 59] loss=0.45113 lr=1.3e-05 updates=16194 skipped=0 grad=0.3621286451816559
[eval epoch 59] macro_top1=0.4840 top2=0.8203 top3=0.9258 vs_sbs=-1.053% vbs_closed=+30.85%
       TSP: top1=0.366 mean_cost=7.9186 (sbs=7.9578) vs_sbs=-0.49%
      CVRP: top1=0.480 mean_cost=18.2040 (sbs=18.2943) vs_sbs=-0.49%
      ATSP: top1=0.780 mean_cost=1.6350 (sbs=1.6735) vs_sbs=-2.30%
      OVRP: top1=0.359 mean_cost=7.4547 (sbs=7.4617) vs_sbs=-0.09%
      VRPB: top1=0.565 mean_cost=9.3304 (sbs=9.3403) vs_sbs=-0.11%
      VRPL: top1=0.325 mean_cost=12.4001 (sbs=12.4072) vs_sbs=-0.06%
     VRPTW: top1=0.463 mean_cost=17.8879 (sbs=18.6571) vs_sbs=-4.12%
    OVRPTW: top1=0.487 mean_cost=10.0462 (sbs=10.0484) vs_sbs=-0.02%
     OVRPB: top1=0.576 mean_cost=6.3167 (sbs=6.3220) vs_sbs=-0.08%
     OVRPL: top1=0.399 mean_cost=7.4307 (sbs=7.4376) vs_sbs=-0.09%
     VRPBL: top1=0.532 mean_cost=9.3576 (sbs=9.3593) vs_sbs=-0.02%
    VRPBTW: top1=0.435 mean_cost=19.0481 (sbs=19.6697) vs_sbs=-3.16%
    VRPLTW: top1=0.446 mean_cost=17.6354 (sbs=18.5091) vs_sbs=-4.72%
    OVRPBL: top1=0.580 mean_cost=6.3031 (sbs=6.3103) vs_sbs=-0.11%
   OVRPBTW: top1=0.496 mean_cost=10.5025 (sbs=10.5068) vs_sbs=-0.04%
   OVRPLTW: top1=0.496 mean_cost=10.1276 (sbs=10.1272) vs_sbs=+0.00%
   VRPBLTW: top1=0.430 mean_cost=18.9435 (sbs=19.5198) vs_sbs=-2.95%
  OVRPBLTW: top1=0.497 mean_cost=10.5315 (sbs=10.5412) vs_sbs=-0.09%
[train_eval epoch 59] macro_top1=0.4972 top2=0.8260 top3=0.9318 vs_sbs=-1.113% vbs_closed=+32.69%
       TSP: top1=0.395 mean_cost=8.0100 (sbs=8.0483) vs_sbs=-0.48%
      CVRP: top1=0.459 mean_cost=17.9910 (sbs=18.0705) vs_sbs=-0.44%
      ATSP: top1=0.764 mean_cost=1.6413 (sbs=1.6795) vs_sbs=-2.27%
      OVRP: top1=0.382 mean_cost=7.4516 (sbs=7.4591) vs_sbs=-0.10%
      VRPB: top1=0.561 mean_cost=9.3066 (sbs=9.3165) vs_sbs=-0.11%
      VRPL: top1=0.341 mean_cost=12.3884 (sbs=12.3957) vs_sbs=-0.06%
     VRPTW: top1=0.475 mean_cost=17.7881 (sbs=18.5949) vs_sbs=-4.34%
    OVRPTW: top1=0.519 mean_cost=10.0943 (sbs=10.1037) vs_sbs=-0.09%
     OVRPB: top1=0.577 mean_cost=6.3155 (sbs=6.3216) vs_sbs=-0.10%
     OVRPL: top1=0.384 mean_cost=7.4459 (sbs=7.4526) vs_sbs=-0.09%
     VRPBL: top1=0.549 mean_cost=9.3124 (sbs=9.3209) vs_sbs=-0.09%
    VRPBTW: top1=0.472 mean_cost=19.0307 (sbs=19.6924) vs_sbs=-3.36%
    VRPLTW: top1=0.492 mean_cost=17.7608 (sbs=18.6720) vs_sbs=-4.88%
    OVRPBL: top1=0.565 mean_cost=6.3037 (sbs=6.3079) vs_sbs=-0.07%
   OVRPBTW: top1=0.507 mean_cost=10.5784 (sbs=10.5894) vs_sbs=-0.10%
   OVRPLTW: top1=0.517 mean_cost=10.1064 (sbs=10.1136) vs_sbs=-0.07%
   VRPBLTW: top1=0.475 mean_cost=19.0204 (sbs=19.6661) vs_sbs=-3.28%
  OVRPBLTW: top1=0.514 mean_cost=10.5373 (sbs=10.5476) vs_sbs=-0.10%
[early stop] epoch=59 stale_evals=10 successful_updates=16194
[done] validation-selected checkpoints saved; test deferred until experiment selection
wandb:                                                                                
wandb: 
wandb: Run history:
wandb:                                  epoch ▁▁▁▁▁▁▂▂▂▂▃▃▃▃▄▄▄▄▄▄▄▄▄▄▅▅▅▆▆▆▆▆▆▆▇▇▇▇▇█
wandb:                         epoch_train/ce █▄▃▃▃▂▂▂▂▂▂▂▂▂▂▂▂▂▂▂▂▁▁▁▁▁▁▁▁▁▁▁▁▁▁▁▁▁▁▁
wandb:                  epoch_train/grad_norm █▅▃▂▂▃▄▄▂▃▂▃▂▂▂▂▂▂▃▃▃▂▄▃▄▃▄▂▂▃▂▁▂▂▂▂▂▁▁▁
wandb:                       epoch_train/loss █▆▄▄▃▃▃▃▂▂▂▂▂▂▂▂▂▂▁▂▁▁▁▁▁▁▁▁▁▁▁▁▁▁▁▁▁▁▁▁
wandb:                       epoch_train/pair █▆▄▃▃▃▂▂▂▂▂▂▂▂▂▂▂▂▁▁▁▁▁▁▁▁▁▁▁▁▁▁▁▁▁▁▁▁▁▁
wandb:                       epoch_train/risk █▅▄▃▃▂▂▂▂▂▂▁▂▂▁▁▁▁▁▁▁▁▁▁▁▁▁▁▁▁▁▁▁▁▁▁▁▁▁▁
wandb:            epoch_train/skipped_updates ▁▁▁▁▁▁▁▁▁▁▁█▁▁▁▁▁▁▁▁▁█▁▁▁▁▁▁▁▁▁▁▁▁▁▁▁▁▁▁
wandb:                    gpu/peak_memory_gib ▁▇██████████████████████████████████████
wandb:                  speed/samples_per_sec ▆▃▆█▁▆▆▅▅▂▆▅▆▅▆▅█▅▅▆▃▆▆▆▆▂▅▅▆▆▄▆▆▅▅▅▆▁▅▅
wandb:                        train/amp_scale ▃▃▃▃▃▃▃▃▃▃▃▃▃▃▃▃▃▃▃▃▃▃▃▁▁▁▁▁▁▃▃▃▃▃█▃▃▃▃█
wandb:                               train/ce █▄▃▄▃▃▃▃▃▂▂▂▂▃▂▂▂▂▂▂▂▂▂▂▁▁▁▁▁▁▁▁▁▁▁▁▁▁▁▁
wandb:                             train/loss █▃▂▂▂▂▂▂▂▂▂▂▂▂▂▂▂▂▁▁▁▁▁▁▁▁▁▁▁▁▁▁▁▁▁▁▁▁▁▁
wandb:                               train/lr ▃██████████████▄▄▄▄▄▄▄▄▄▄▄▄▄▄▂▂▂▁▁▁▁▁▁▁▁
wandb:                             train/pair █▆▃▂▂▂▂▂▂▂▂▂▂▂▂▁▁▁▁▁▁▁▁▁▁▁▁▁▁▁▁▁▁▁▁▁▁▁▁▁
wandb:                             train/risk █▆▆▅▃▂▂▂▂▂▂▂▂▂▂▂▂▁▁▁▁▁▁▁▁▁▁▁▁▁▁▁▁▁▁▁▁▁▁▁
wandb:               train/successful_updates ▁▁▁▁▁▂▂▂▂▂▃▃▃▃▃▃▄▄▄▄▅▅▅▅▅▅▆▆▆▆▆▆▇▇▇▇████
wandb:                     train_eval/ATSP/ce █▃▂▂▁▂▂▂▁▁▁▁
wandb:              train_eval/ATSP/mean_cost █▄▆▃▂▂▂▃▂▂▂▁
wandb:                      train_eval/ATSP/n ▁▁▁▁▁▁▁▁▁▁▁▁
wandb:                    train_eval/ATSP/sbs ▁▁▁▁▁▁▁▁▁▁▁▁
wandb:              train_eval/ATSP/std_final ▁▃▃▄▅▆▅▇▇███
wandb:                   train_eval/ATSP/top1 ▁▄▆▇▇▇▇▇████
wandb:         train_eval/ATSP/top1_tie_aware ▁▄▆▇▇▇▇▇████
wandb:                   train_eval/ATSP/top2 ▁▇██████████
wandb:                   train_eval/ATSP/top3 ▁▆▆▇▇█▇█████
wandb:                    train_eval/ATSP/vbs ▁▁▁▁▁▁▁▁▁▁▁▁
wandb:     train_eval/ATSP/vbs_gap_closed_pct ▁▅▃▆▇▇▇▆▇▇▇█
wandb:             train_eval/ATSP/vs_sbs_pct █▄▆▃▂▂▂▃▂▂▂▁
wandb:                     train_eval/CVRP/ce █▇▆▅▅▄█▂▁▁▁▁
wandb:              train_eval/CVRP/mean_cost █▅▄▄▄▃▅▂▁▁▁▁
wandb:                      train_eval/CVRP/n ▁▁▁▁▁▁▁▁▁▁▁▁
wandb:                    train_eval/CVRP/sbs ▁▁▁▁▁▁▁▁▁▁▁▁
wandb:              train_eval/CVRP/std_final ▁▅▅▄▇▆▅▇▇▇██
wandb:                   train_eval/CVRP/top1 ▁▂▃▄▃▄▃▇████
wandb:         train_eval/CVRP/top1_tie_aware ▁▂▃▄▃▄▃▇████
wandb:                   train_eval/CVRP/top2 ▁▂▃▄▄▄▃▇████
wandb:                   train_eval/CVRP/top3 ▁▃▄▄▄▅▃▇████
wandb:                    train_eval/CVRP/vbs ▁▁▁▁▁▁▁▁▁▁▁▁
wandb:     train_eval/CVRP/vbs_gap_closed_pct ▁▄▅▅▅▆▄▇████
wandb:             train_eval/CVRP/vs_sbs_pct █▅▄▄▄▃▅▂▁▁▁▁
wandb:                     train_eval/OVRP/ce █▆▅▄▂▂▂▂▂▂▁▁
wandb:              train_eval/OVRP/mean_cost █▅▇▄▄▃▃▃▃▂▁▁
wandb:                      train_eval/OVRP/n ▁▁▁▁▁▁▁▁▁▁▁▁
wandb:                    train_eval/OVRP/sbs ▁▁▁▁▁▁▁▁▁▁▁▁
wandb:              train_eval/OVRP/std_final ▁▄▃▄▄▅▅▅▇▇██
wandb:                   train_eval/OVRP/top1 ▁▃▄▅▆▆▆▆▇▇██
wandb:         train_eval/OVRP/top1_tie_aware ▁▃▄▅▆▆▆▆▇▇██
wandb:                   train_eval/OVRP/top2 ▁▁▁▄▃▆▅▅▆▆██
wandb:                   train_eval/OVRP/top3 ▂▁▃▃▃▄▄▄▆▆▇█
wandb:                    train_eval/OVRP/vbs ▁▁▁▁▁▁▁▁▁▁▁▁
wandb:     train_eval/OVRP/vbs_gap_closed_pct ▁▄▂▅▅▆▆▆▆▇██
wandb:             train_eval/OVRP/vs_sbs_pct █▅▇▄▄▃▃▃▃▂▁▁
wandb:                    train_eval/OVRPB/ce ██▆▅▅▄▄▂▂▂▁▁
wandb:             train_eval/OVRPB/mean_cost █▇█▅▄▃▂▂▁▁▁▁
wandb:                     train_eval/OVRPB/n ▁▁▁▁▁▁▁▁▁▁▁▁
wandb:                   train_eval/OVRPB/sbs ▁▁▁▁▁▁▁▁▁▁▁▁
wandb:             train_eval/OVRPB/std_final ▁▅▄▂▅▅▄▆▆▇██
wandb:                  train_eval/OVRPB/top1 ▁▃▂▄▆▆▅▇▇▇██
wandb:        train_eval/OVRPB/top1_tie_aware ▁▃▂▄▆▆▅▇▇▇██
wandb:                  train_eval/OVRPB/top2 ▂▂▂▂▂▂▁▃▅▅▅█
wandb:                  train_eval/OVRPB/top3 ▁▄▃▁▆▆▆▇▇▇██
wandb:                   train_eval/OVRPB/vbs ▁▁▁▁▁▁▁▁▁▁▁▁
wandb:    train_eval/OVRPB/vbs_gap_closed_pct ▁▂▁▄▅▆▇▇████
wandb:            train_eval/OVRPB/vs_sbs_pct █▇█▅▄▃▂▂▁▁▁▁
wandb:                   train_eval/OVRPBL/ce █▆▄▄▄▃▃▂▂▁▁▁
wandb:            train_eval/OVRPBL/mean_cost ██▇▅▄▃▂▂▁▁▂▁
wandb:                    train_eval/OVRPBL/n ▁▁▁▁▁▁▁▁▁▁▁▁
wandb:                  train_eval/OVRPBL/sbs ▁▁▁▁▁▁▁▁▁▁▁▁
wandb:            train_eval/OVRPBL/std_final ▁▅▅▁▅▄▄▇▆▇██
wandb:                 train_eval/OVRPBL/top1 ▁▁▃▄▅▆▆▇████
wandb:       train_eval/OVRPBL/top1_tie_aware ▁▁▃▄▅▆▆▇████
wandb:                 train_eval/OVRPBL/top2 ▅▅▅▅▅▅▁▅▅█▅▅
wandb:                 train_eval/OVRPBL/top3 ▄▄▄▁▅▇▇▇████
wandb:                  train_eval/OVRPBL/vbs ▁▁▁▁▁▁▁▁▁▁▁▁
wandb:   train_eval/OVRPBL/vbs_gap_closed_pct ▁▁▂▄▅▆▇▇██▇█
wandb:           train_eval/OVRPBL/vs_sbs_pct ██▇▅▄▃▂▂▁▁▂▁
wandb:                 train_eval/OVRPBLTW/ce ██▅▆▄▃▃▂▂▂▁▁
wandb:          train_eval/OVRPBLTW/mean_cost █▆▅▆▄▃▃▃▂▁▂▁
wandb:                  train_eval/OVRPBLTW/n ▁▁▁▁▁▁▁▁▁▁▁▁
wandb:                train_eval/OVRPBLTW/sbs ▁▁▁▁▁▁▁▁▁▁▁▁
wandb:          train_eval/OVRPBLTW/std_final ▂▄▄▁▄▄▅▆▆▇██
wandb:               train_eval/OVRPBLTW/top1 ▁▃▅▄▅▆▇▅▆█▇█
wandb:     train_eval/OVRPBLTW/top1_tie_aware ▁▃▅▄▅▆▇▅▆█▇█
wandb:               train_eval/OVRPBLTW/top2 ▂▂▂▂▂▂▁▂▃▄▄█
wandb:               train_eval/OVRPBLTW/top3 ▄▄▄▁▆▆▆▆█▇█▇
wandb:                train_eval/OVRPBLTW/vbs ▁▁▁▁▁▁▁▁▁▁▁▁
wandb: train_eval/OVRPBLTW/vbs_gap_closed_pct ▁▃▄▃▅▆▆▆▇█▇█
wandb:         train_eval/OVRPBLTW/vs_sbs_pct █▆▅▆▄▃▃▃▂▁▂▁
wandb:                  train_eval/OVRPBTW/ce ▇█▅▄▃▃▃▂▂▂▁▁
wandb:           train_eval/OVRPBTW/mean_cost █▇▆▅▄▃▃▃▃▁▂▁
wandb:                   train_eval/OVRPBTW/n ▁▁▁▁▁▁▁▁▁▁▁▁
wandb:                 train_eval/OVRPBTW/sbs ▁▁▁▁▁▁▁▁▁▁▁▁
wandb:           train_eval/OVRPBTW/std_final ▁▃▃▁▃▄▅▆▅▇██
wandb:                train_eval/OVRPBTW/top1 ▁▁▁▂▃▅▅▅▆▇██
wandb:      train_eval/OVRPBTW/top1_tie_aware ▁▁▁▂▃▅▄▅▆▇██
wandb:                train_eval/OVRPBTW/top2 ▁▁▁▁▁▁▁▁▄▇▄█
wandb:                train_eval/OVRPBTW/top3 ▁▁▂▃▃▃▄▆▅▇▇█
wandb:                 train_eval/OVRPBTW/vbs ▁▁▁▁▁▁▁▁▁▁▁▁
wandb:  train_eval/OVRPBTW/vbs_gap_closed_pct ▁▂▃▄▅▆▆▆▆█▇█
wandb:          train_eval/OVRPBTW/vs_sbs_pct █▇▆▅▄▃▃▃▃▁▂▁
wandb:                    train_eval/OVRPL/ce ▇▅▅█▃▂▄▂▁▂▁▁
wandb:             train_eval/OVRPL/mean_cost ▆▅█▅▃▂▄▃▁▁▁▁
wandb:                     train_eval/OVRPL/n ▁▁▁▁▁▁▁▁▁▁▁▁
wandb:                   train_eval/OVRPL/sbs ▁▁▁▁▁▁▁▁▁▁▁▁
wandb:             train_eval/OVRPL/std_final ▂▂▁▇▂▄▇▅▇▇██
wandb:                  train_eval/OVRPL/top1 ▁▂▄▄▅▆▅▆▇███
wandb:        train_eval/OVRPL/top1_tie_aware ▁▂▄▄▅▆▅▆▇███
wandb:                  train_eval/OVRPL/top2 ▂▂▂▁▂▅▃▅▇███
wandb:                  train_eval/OVRPL/top3 ▁▁▂▃▁▁▂▅▇▅▆█
wandb:                   train_eval/OVRPL/vbs ▁▁▁▁▁▁▁▁▁▁▁▁
wandb:    train_eval/OVRPL/vbs_gap_closed_pct ▃▄▁▄▆▇▅▆████
wandb:            train_eval/OVRPL/vs_sbs_pct ▆▅█▅▃▂▄▃▁▁▁▁
wandb:                  train_eval/OVRPLTW/ce █▇▅▅▃▃▃▂▂▂▁▁
wandb:           train_eval/OVRPLTW/mean_cost █▃▃▆▄▃▃▂▂▁▁▁
wandb:                   train_eval/OVRPLTW/n ▁▁▁▁▁▁▁▁▁▁▁▁
wandb:                 train_eval/OVRPLTW/sbs ▁▁▁▁▁▁▁▁▁▁▁▁
wandb:           train_eval/OVRPLTW/std_final ▂▄▄▁▄▄▅▆▆▇██
wandb:                train_eval/OVRPLTW/top1 ▁▅▄▅▆▅▆▇█▇██
wandb:      train_eval/OVRPLTW/top1_tie_aware ▁▅▄▅▆▅▆▇█▇██
wandb:                train_eval/OVRPLTW/top2 ▁▁▁▁▁▁▁▁▁▄▄█
wandb:                train_eval/OVRPLTW/top3 ▂▂▁▆▆▆▇▇▇▇▇█
wandb:                 train_eval/OVRPLTW/vbs ▁▁▁▁▁▁▁▁▁▁▁▁
wandb:  train_eval/OVRPLTW/vbs_gap_closed_pct ▁▆▆▃▅▆▆▇▇███
wandb:          train_eval/OVRPLTW/vs_sbs_pct █▃▃▆▄▃▃▂▂▁▁▁
wandb:                   train_eval/OVRPTW/ce ██▅▄▄▃▃▂▂▁▁▁
wandb:            train_eval/OVRPTW/mean_cost █▆▄▃▄▃▃▂▂▁▂▁
wandb:                    train_eval/OVRPTW/n ▁▁▁▁▁▁▁▁▁▁▁▁
wandb:                  train_eval/OVRPTW/sbs ▁▁▁▁▁▁▁▁▁▁▁▁
wandb:            train_eval/OVRPTW/std_final ▁▃▃▁▄▄▅▆▆▇██
wandb:                 train_eval/OVRPTW/top1 ▁▂▅▅▆▆▆▇▇███
wandb:       train_eval/OVRPTW/top1_tie_aware ▁▂▅▅▆▆▆▇▇███
wandb:                 train_eval/OVRPTW/top2 ▁▁▁▁▁▁▁▁▁▁▁▁
wandb:                 train_eval/OVRPTW/top3 ▁▂▁▅▂▇▇▇████
wandb:                  train_eval/OVRPTW/vbs ▁▁▁▁▁▁▁▁▁▁▁▁
wandb:   train_eval/OVRPTW/vbs_gap_closed_pct ▁▃▅▆▅▆▆▇▇█▇█
wandb:           train_eval/OVRPTW/vs_sbs_pct █▆▄▃▄▃▃▂▂▁▂▁
wandb:                      train_eval/TSP/ce █▇▅▃▃▂▂▂▁▁▁▁
wandb:               train_eval/TSP/mean_cost █▆▄▂▂▁▂▁▁▁▂▁
wandb:                       train_eval/TSP/n ▁▁▁▁▁▁▁▁▁▁▁▁
wandb:                     train_eval/TSP/sbs ▁▁▁▁▁▁▁▁▁▁▁▁
wandb:               train_eval/TSP/std_final ▁▄▄▄▆▆▅▇▇███
wandb:                    train_eval/TSP/top1 ▁▂▄▆▇▇▇▇████
wandb:          train_eval/TSP/top1_tie_aware ▁▁▄▆▇▇▇▇████
wandb:                    train_eval/TSP/top2 ▁▃▅▆▇▇▇▇████
wandb:                    train_eval/TSP/top3 ▁▁▅▆▆▇▇▇████
wandb:                     train_eval/TSP/vbs ▁▁▁▁▁▁▁▁▁▁▁▁
wandb:      train_eval/TSP/vbs_gap_closed_pct ▁▃▅▇▇█▇███▇█
wandb:              train_eval/TSP/vs_sbs_pct █▆▄▂▂▁▂▁▁▁▂▁
wandb:                     train_eval/VRPB/ce █▆▅▄▄▃▃▂▂▁▁▁
wandb:              train_eval/VRPB/mean_cost █▄▄▅▃▃▃▂▂▁▁▁
wandb:                      train_eval/VRPB/n ▁▁▁▁▁▁▁▁▁▁▁▁
wandb:                    train_eval/VRPB/sbs ▁▁▁▁▁▁▁▁▁▁▁▁
wandb:              train_eval/VRPB/std_final ▁▄▄▃▅▅▅▇▇▇██
wandb:                   train_eval/VRPB/top1 ▁▅▅▅▆▆▆▇████
wandb:         train_eval/VRPB/top1_tie_aware ▁▅▅▅▆▆▆▇████
wandb:                   train_eval/VRPB/top2 ▁▁▁▁▁▁▁▁▁▃▄█
wandb:                   train_eval/VRPB/top3 ▁▃▄▂▅▆▆▆▇███
wandb:                    train_eval/VRPB/vbs ▁▁▁▁▁▁▁▁▁▁▁▁
wandb:     train_eval/VRPB/vbs_gap_closed_pct ▁▅▅▄▆▆▆▇▇███
wandb:             train_eval/VRPB/vs_sbs_pct █▄▄▅▃▃▃▂▂▁▁▁
wandb:                    train_eval/VRPBL/ce █▆▅▇▄▃▃▂▂▁▁▁
wandb:             train_eval/VRPBL/mean_cost █▅▅▅▅▄▃▃▂▁▁▁
wandb:                     train_eval/VRPBL/n ▁▁▁▁▁▁▁▁▁▁▁▁
wandb:                   train_eval/VRPBL/sbs ▁▁▁▁▁▁▁▁▁▁▁▁
wandb:             train_eval/VRPBL/std_final ▁▄▄▁▅▅▆▇▇▇██
wandb:                  train_eval/VRPBL/top1 ▁▅▅▅▆▆▇▇▇███
wandb:        train_eval/VRPBL/top1_tie_aware ▁▅▅▅▆▆▇▇▇███
wandb:                  train_eval/VRPBL/top2 ▁▁▁▁▁▁▃▃▃▃▆█
wandb:                  train_eval/VRPBL/top3 ▅▆▆▁▇▇██████
wandb:                   train_eval/VRPBL/vbs ▁▁▁▁▁▁▁▁▁▁▁▁
wandb:    train_eval/VRPBL/vbs_gap_closed_pct ▁▄▄▄▄▅▆▆▇███
wandb:            train_eval/VRPBL/vs_sbs_pct █▅▅▅▅▄▃▃▂▁▁▁
wandb:                  train_eval/VRPBLTW/ce █▆▅▆▂▂▂▂▁▁▁▁
wandb:           train_eval/VRPBLTW/mean_cost █▃▂▄▂▁▂▁▁▁▁▁
wandb:                   train_eval/VRPBLTW/n ▁▁▁▁▁▁▁▁▁▁▁▁
wandb:                 train_eval/VRPBLTW/sbs ▁▁▁▁▁▁▁▁▁▁▁▁
wandb:           train_eval/VRPBLTW/std_final ▁▃▃▁▃▄▅▅▆▇██
wandb:                train_eval/VRPBLTW/top1 ▁▄▆▃▆▇▆▇████
wandb:      train_eval/VRPBLTW/top1_tie_aware ▁▄▆▃▆▇▆▇████
wandb:                train_eval/VRPBLTW/top2 ▁▄▆▂▆▇▇▇██▇█
wandb:                train_eval/VRPBLTW/top3 ▁▄▅▂▇▇▇▇████
wandb:                 train_eval/VRPBLTW/vbs ▁▁▁▁▁▁▁▁▁▁▁▁
wandb:  train_eval/VRPBLTW/vbs_gap_closed_pct ▁▆▇▅▇█▇█████
wandb:          train_eval/VRPBLTW/vs_sbs_pct █▃▂▄▂▁▂▁▁▁▁▁
wandb:                   train_eval/VRPBTW/ce █▅▃▄▂▂▃▂▁▁▁▁
wandb:            train_eval/VRPBTW/mean_cost █▃▂▃▂▁▂▁▁▁▁▁
wandb:                    train_eval/VRPBTW/n ▁▁▁▁▁▁▁▁▁▁▁▁
wandb:                  train_eval/VRPBTW/sbs ▁▁▁▁▁▁▁▁▁▁▁▁
wandb:            train_eval/VRPBTW/std_final ▁▃▃▂▄▄▅▆▆▇██
wandb:                 train_eval/VRPBTW/top1 ▁▄▅▄▅▆▆▇▇▇▇█
wandb:       train_eval/VRPBTW/top1_tie_aware ▁▄▅▄▅▆▆▇▇▇▇█
wandb:                 train_eval/VRPBTW/top2 ▁▅▆▄▇▇▆▇████
wandb:                 train_eval/VRPBTW/top3 ▁▅▆▅▇▇▇▇████
wandb:                  train_eval/VRPBTW/vbs ▁▁▁▁▁▁▁▁▁▁▁▁
wandb:   train_eval/VRPBTW/vbs_gap_closed_pct ▁▆▇▆▇█▇█████
wandb:           train_eval/VRPBTW/vs_sbs_pct █▃▂▃▂▁▂▁▁▁▁▁
wandb:                     train_eval/VRPL/ce █▆▅▆▄▃▃▂▁▂▁▁
wandb:              train_eval/VRPL/mean_cost █▇▇▆▇▅▄▃▃▁▁▁
wandb:                      train_eval/VRPL/n ▁▁▁▁▁▁▁▁▁▁▁▁
wandb:                    train_eval/VRPL/sbs ▁▁▁▁▁▁▁▁▁▁▁▁
wandb:              train_eval/VRPL/std_final ▁▃▁▅▃▅▇▄▆▇█▇
wandb:                   train_eval/VRPL/top1 ▁▂▂▃▃▅▆▇▇▇██
wandb:         train_eval/VRPL/top1_tie_aware ▁▂▂▃▃▅▆▇▇▇██
wandb:                   train_eval/VRPL/top2 ▁▁▁▁▂▃▄▆█▇██
wandb:                   train_eval/VRPL/top3 ▁▂▂▁▄▅▅▇▇▇▇█
wandb:                    train_eval/VRPL/vbs ▁▁▁▁▁▁▁▁▁▁▁▁
wandb:     train_eval/VRPL/vbs_gap_closed_pct ▁▂▂▃▂▄▅▆▆███
wandb:             train_eval/VRPL/vs_sbs_pct █▇▇▆▇▅▄▃▃▁▁▁
wandb:                   train_eval/VRPLTW/ce ▆█▃▅▂▂▂▂▁▁▁▁
wandb:            train_eval/VRPLTW/mean_cost █▅▂▄▂▁▂▁▁▁▁▁
wandb:                    train_eval/VRPLTW/n ▁▁▁▁▁▁▁▁▁▁▁▁
wandb:                  train_eval/VRPLTW/sbs ▁▁▁▁▁▁▁▁▁▁▁▁
wandb:            train_eval/VRPLTW/std_final ▁▃▃▂▃▄▅▆▆▇██
wandb:                 train_eval/VRPLTW/top1 ▁▁▅▄▆▇▇▇████
wandb:       train_eval/VRPLTW/top1_tie_aware ▁▁▅▄▆▇▇▇████
wandb:                 train_eval/VRPLTW/top2 ▁▂▅▄▇▇▇▇████
wandb:                 train_eval/VRPLTW/top3 ▁▁▆▄▇▇▇▇████
wandb:                  train_eval/VRPLTW/vbs ▁▁▁▁▁▁▁▁▁▁▁▁
wandb:   train_eval/VRPLTW/vbs_gap_closed_pct ▁▄▇▅▇█▇█████
wandb:           train_eval/VRPLTW/vs_sbs_pct █▅▂▄▂▁▂▁▁▁▁▁
wandb:                    train_eval/VRPTW/ce ▆█▃▃▂▂▂▂▁▁▁▁
wandb:             train_eval/VRPTW/mean_cost █▄▂▂▁▁▁▁▁▁▁▁
wandb:                     train_eval/VRPTW/n ▁▁▁▁▁▁▁▁▁▁▁▁
wandb:                   train_eval/VRPTW/sbs ▁▁▁▁▁▁▁▁▁▁▁▁
wandb:             train_eval/VRPTW/std_final ▁▃▂▂▄▅▅▆▆▇██
wandb:                  train_eval/VRPTW/top1 ▁▃▆▅▇▇▇▇████
wandb:        train_eval/VRPTW/top1_tie_aware ▁▃▆▅▇▇▇▇████
wandb:                  train_eval/VRPTW/top2 ▁▂▆▆▇▇▇▇████
wandb:                  train_eval/VRPTW/top3 ▁▁▆▆▇▇▇▇████
wandb:                   train_eval/VRPTW/vbs ▁▁▁▁▁▁▁▁▁▁▁▁
wandb:    train_eval/VRPTW/vbs_gap_closed_pct ▁▅▇▇████████
wandb:            train_eval/VRPTW/vs_sbs_pct █▄▂▂▁▁▁▁▁▁▁▁
wandb:                    train_eval/macro_ce █▇▄▅▃▂▃▂▁▁▁▁
wandb:                  train_eval/macro_top1 ▁▃▅▅▆▆▆▇▇███
wandb:        train_eval/macro_top1_tie_aware ▁▃▅▅▆▆▆▇▇███
wandb:                  train_eval/macro_top2 ▁▃▅▅▆▇▆▇████
wandb:                  train_eval/macro_top3 ▁▂▅▄▆▇▆▇████
wandb:    train_eval/macro_vbs_gap_closed_pct ▁▄▅▅▆▇▆▇████
wandb:            train_eval/macro_vs_sbs_pct █▄▃▄▂▂▂▂▁▁▁▁
wandb:                            val/ATSP/ce █▆▆▆▆▃▇▂▂▃▂▂▁▁▂▁▁▁▁▁▁▁▁▁▁▁▁▁▁▁▁▁▁▁▁▁▁▁▁▁
wandb:                     val/ATSP/mean_cost █▂▂▃▂▂▂▁▂▂▂▁▁▁▂▂▂▁▁▁▁▁▁▁▁▁▁▁▁▁▁▁▁▁▁▁▁▁▁▁
wandb:                             val/ATSP/n ▁▁▁▁▁▁▁▁▁▁▁▁▁▁▁▁▁▁▁▁▁▁▁▁▁▁▁▁▁▁▁▁▁▁▁▁▁▁▁▁
wandb:                           val/ATSP/sbs ▁▁▁▁▁▁▁▁▁▁▁▁▁▁▁▁▁▁▁▁▁▁▁▁▁▁▁▁▁▁▁▁▁▁▁▁▁▁▁▁
wandb:                     val/ATSP/std_final ▁▂▃▅▄▄▅▆▅▅▆▆▆▆▆▆▇▇▇▇▇▇▇▇▇█▇▇▇███████████
wandb:                          val/ATSP/top1 ▁▆▅▅▆▆▆▅▆▇▇▆█▇▆▇████████████████████████
wandb:                val/ATSP/top1_tie_aware ▁▆▅▆▆▆▅▇▆▇▆█▇▆▇█████████████████████████
wandb:                          val/ATSP/top2 ▁▁▁▁█▇▇█▇█████▇█████████████████████████
wandb:                          val/ATSP/top3 ▁▆▇█▇█▇█████████████████████████████████
wandb:                           val/ATSP/vbs ▁▁▁▁▁▁▁▁▁▁▁▁▁▁▁▁▁▁▁▁▁▁▁▁▁▁▁▁▁▁▁▁▁▁▁▁▁▁▁▁
wandb:            val/ATSP/vbs_gap_closed_pct ▁█▇▇▆▅▇█▇▇██▇▇▇▇████████████████████████
wandb:                    val/ATSP/vs_sbs_pct █▁▂▂▃▄▂▁▂▁▁▁▂▂▂▁▁▁▁▁▁▁▁▁▁▁▁▁▁▁▁▁▁▁▁▁▁▁▁▁
wandb:                            val/CVRP/ce █▆▇▅▄▄▄▄▄▄▄▄▄▄▄▄▃▃▄▃▃▃▃▂▄▂▂▁▂▂▁▁▁▁▁▁▁▁▁▁
wandb:                     val/CVRP/mean_cost ▄▄█▅█▃▄▄▄▄▅▆▄▄▆▄▃▃▃▃▃▂▅▅▃▂▁▂▁▁▁▁▁▁▁▁▁▁▁▁
wandb:                             val/CVRP/n ▁▁▁▁▁▁▁▁▁▁▁▁▁▁▁▁▁▁▁▁▁▁▁▁▁▁▁▁▁▁▁▁▁▁▁▁▁▁▁▁
wandb:                           val/CVRP/sbs ▁▁▁▁▁▁▁▁▁▁▁▁▁▁▁▁▁▁▁▁▁▁▁▁▁▁▁▁▁▁▁▁▁▁▁▁▁▁▁▁
wandb:                     val/CVRP/std_final ▁▂▄▄▃▄▄▄▆▆▆▆▆▆▄▅▆▆▆▇▇▇▇█▆▇▇▇▇▇▇█▇█▇█████
wandb:                          val/CVRP/top1 ▁▃▃▃▃▃▄▄▄▅▄▄▅▄▄▄▄▆▆▆▅▇▅▅▆▆▇▇█▇▇█████████
wandb:                val/CVRP/top1_tie_aware ▁▃▃▃▃▃▄▄▄▅▄▄▅▄▄▄▆▆▆▅▆▆▇▅▆▆▇█▇██▇████████
wandb:                          val/CVRP/top2 ▁▄▄▅▅▅▅▅▅▆▅▆▅▆▆▆▆▆▆▇▇▅▆▇▇▇▇█▇███████████
wandb:                          val/CVRP/top3 ▂▁▂▂▂▄▄▄▄▄▃▄▄▃▄▄▅▆▆▅▆▄▃▆▇█▇█████████████
wandb:                           val/CVRP/vbs ▁▁▁▁▁▁▁▁▁▁▁▁▁▁▁▁▁▁▁▁▁▁▁▁▁▁▁▁▁▁▁▁▁▁▁▁▁▁▁▁
wandb:            val/CVRP/vbs_gap_closed_pct ▅▅▁▄▁▂▆▅▅▅▅▅▅▅▃▃▆▅▆▆▆▇▆▄▄█▇█▇█▇█████████
wandb:                    val/CVRP/vs_sbs_pct ▄▄█▅▄▄▄▄▄▄▅▄▆▄▄▃▄▃▃▃▃▂▅▃▁▂▁▂▂▁▂▁▁▁▁▁▁▁▁▁
wandb:                            val/OVRP/ce █▁▁▁▁▁▁▁▁▁▁▁▁▁▁▁▁▁▁▁▁▁▁▁▁▁▁▁▁▁▁▁▁▁▁▁▁▁▁▁
wandb:                     val/OVRP/mean_cost █▁▁▂▁▁▁▁▂▁▁▁▁▁▁▁▁▁▁▁▁▁▁▁▁▁▁▁▁▁▁▁▁▁▁▁▁▁▁▁
wandb:                             val/OVRP/n ▁▁▁▁▁▁▁▁▁▁▁▁▁▁▁▁▁▁▁▁▁▁▁▁▁▁▁▁▁▁▁▁▁▁▁▁▁▁▁▁
wandb:                           val/OVRP/sbs ▁▁▁▁▁▁▁▁▁▁▁▁▁▁▁▁▁▁▁▁▁▁▁▁▁▁▁▁▁▁▁▁▁▁▁▁▁▁▁▁
wandb:                     val/OVRP/std_final ▁▁▂▄▃▄▅▅▅▄▅▆▄▄▆▅▇▄▅▆▆▆▆▅▆▇██▆▇▇▇██▇▇████
wandb:                          val/OVRP/top1 ▁▇▇▇▇▇▇▇▇▇▇▇▇▇▇▇▇▇▇▇▇▇▇▇▇▇▆▇▇▇▇▇▇█▇█▇▇██
wandb:                val/OVRP/top1_tie_aware ▁▇▇▇▇▇▇▇▇▇▇▇▇▇▇▇▇▇▇▇▇▆▇▇▇▇▇▇▇▇▇█▇█▇█████
wandb:                          val/OVRP/top2 ▁███████████████████████████████████████
wandb:                          val/OVRP/top3 ▆▆▆▆▆███▆▄█▆▁▆█▆▃▆▆▆▆▃▁▄▄▁▄▄▆▄▁▃▆▆▃▃▆▃▆▆
wandb:                           val/OVRP/vbs ▁▁▁▁▁▁▁▁▁▁▁▁▁▁▁▁▁▁▁▁▁▁▁▁▁▁▁▁▁▁▁▁▁▁▁▁▁▁▁▁
wandb:            val/OVRP/vbs_gap_closed_pct ▁███▇███████████████████████████████████
wandb:                    val/OVRP/vs_sbs_pct █▁▁▁▁▁▁▁▂▁▁▁▁▁▁▁▁▁▁▁▁▁▁▁▁▁▁▁▁▁▁▁▁▁▁▁▁▁▁▁
wandb:                           val/OVRPB/ce █▄▆▄▄▄▄▄▄▃▄▄▂▃▃▂▂▂▂▂▂▂▂▂▁▁▂▁▁▁▁▁▁▁▁▁▁▁▁▁
wandb:                    val/OVRPB/mean_cost ▅▅█▇▅▄▄▃▄▅▅▂▄▅▅▃▅▄▄▄▄▅▃▂▃▄▃▃▃▂▁▁▁▃▂▂▃▃▃▂
wandb:                            val/OVRPB/n ▁▁▁▁▁▁▁▁▁▁▁▁▁▁▁▁▁▁▁▁▁▁▁▁▁▁▁▁▁▁▁▁▁▁▁▁▁▁▁▁
wandb:                          val/OVRPB/sbs ▁▁▁▁▁▁▁▁▁▁▁▁▁▁▁▁▁▁▁▁▁▁▁▁▁▁▁▁▁▁▁▁▁▁▁▁▁▁▁▁
wandb:                    val/OVRPB/std_final ▁▃▄▄▅▄▅▆▆▆▅▆▆▆▇▆▆▆▆▇▇▆▆▇▆▇▇▇▇▇▇▇▇█▇█████
wandb:                         val/OVRPB/top1 ▃▃▃▁▃▄▆▅▆▅▄▆▅▄▅▄▆▆▆▅▅▇▅▇█▇▆▆▇▇▆████▇▆▆▆▇
wandb:               val/OVRPB/top1_tie_aware ▁▁▁▁▂▅▄▃▃▂▅▃▅▅▃▅▅▄▆▅▇▇█▆▄▆▆▇▆███▆█▆▆▇▆▅▇
wandb:                         val/OVRPB/top2 ▁▁▁▁▁▁▁▁▁▁▁▁▁▁▁▁▁▁▁▁▁▁▁▁▁▁▁▁▁▁▁▁▁▁▁▁▁▁▁▁
wandb:                         val/OVRPB/top3 ▁▆▆██▇▇█▇██▇▇▇▆▇▇█▇▇▆█▆▆▆▅█▇▇▆▇▇▆▇▇▆▆▆▆▆
wandb:                          val/OVRPB/vbs ▁▁▁▁▁▁▁▁▁▁▁▁▁▁▁▁▁▁▁▁▁▁▁▁▁▁▁▁▁▁▁▁▁▁▁▁▁▁▁▁
wandb:           val/OVRPB/vbs_gap_closed_pct ▄▄▄▁▄▄▅▅▆▅▄▆▄▇▄▆▄▅▆▅▇▅▄▅▇▆▅▆▅▆▇███▆▆▆▆▅▇
wandb:                   val/OVRPB/vs_sbs_pct ▅▅▅█▇▅▅▄▄▄▄▅▅▅▃▂▄▅▆▃▄▃▄▅▃▂▃▃▄▃▃▃▂▃▁▂▃▂▃▂
wandb:                          val/OVRPBL/ce █▅▄▂▂▂▂▂▂▂▂▂▂▁▁▁▂▁▁▁▁▁▁▁▂▁▁▁▁▁▁▁▁▂▁▁▂▂▂▂
wandb:                   val/OVRPBL/mean_cost ▅▅▅█▅▅▅▅▅▄▅▄▃▅▂▃▂▁▃▂▂▂▂▂▁▁▃▂▁▁▂▁▂▂▁▁▂▂▂▂
wandb:                           val/OVRPBL/n ▁▁▁▁▁▁▁▁▁▁▁▁▁▁▁▁▁▁▁▁▁▁▁▁▁▁▁▁▁▁▁▁▁▁▁▁▁▁▁▁
wandb:                         val/OVRPBL/sbs ▁▁▁▁▁▁▁▁▁▁▁▁▁▁▁▁▁▁▁▁▁▁▁▁▁▁▁▁▁▁▁▁▁▁▁▁▁▁▁▁
wandb:                   val/OVRPBL/std_final ▁▃▂▃▂▂▅▄▅▅▅▆▅▄▃▆▅▅▅▆▆▆▆▅▆▇▇▆▇▇▇▇▇▇▇█████
wandb:                        val/OVRPBL/top1 ▅▅▅▁▅▅▂▂▃▃▄▃▅▅▅▄▆█▆▄▆▅▇▆▇▅▇▅▇▇█▇▇▇▆▇▇▇▇▇
wandb:              val/OVRPBL/top1_tie_aware ▅▁▅▅▂▃▃▃▃▄▅▅▅▄▄▆▆▆▅▇▇▆▇▇▅▅▇▇█▇▇▇▆▇▇▇▇▇▇▇
wandb:                        val/OVRPBL/top2 ███████████████████████████████▁█▁▁▁▁▁▁▁
wandb:                        val/OVRPBL/top3 ▁▅▅▆▇▆▇▇█▇█▇▇▆▇██▇███▇██████▇█▇█████████
wandb:                         val/OVRPBL/vbs ▁▁▁▁▁▁▁▁▁▁▁▁▁▁▁▁▁▁▁▁▁▁▁▁▁▁▁▁▁▁▁▁▁▁▁▁▁▁▁▁
wandb:          val/OVRPBL/vbs_gap_closed_pct ▄▄▁▄▄▄▄▄▅▄▄▄▅▄▅▆▆▇█▇▆▇██▇▇▇▇▆▇█▇▇█▇▇▇▇▇▇
wandb:                  val/OVRPBL/vs_sbs_pct ▅▅▅█▅▅▅▄▅▅▄▅▅▄▅▃▃▂▁▃▂▁▂▂▂▂▂▃▂▂▁▂▂▁▂▂▂▂▂▂
wandb:                        val/OVRPBLTW/ce █▄▃▂▃▂▂▁▂▁▁▂▁▁▂▁▁▁▁▁▁▁▁▁▁▁▁▁▁▁▁▁▁▁▁▁▁▁▁▁
wandb:                 val/OVRPBLTW/mean_cost ▇▇█▇▇▇▂▅▅▆▃▃▄▆▅▆▄▅▃▃▅▃▄▂▅▅▅▂▄▆▁▄▂▃▃▅▂▁▂▂
wandb:                         val/OVRPBLTW/n ▁▁▁▁▁▁▁▁▁▁▁▁▁▁▁▁▁▁▁▁▁▁▁▁▁▁▁▁▁▁▁▁▁▁▁▁▁▁▁▁
wandb:                       val/OVRPBLTW/sbs ▁▁▁▁▁▁▁▁▁▁▁▁▁▁▁▁▁▁▁▁▁▁▁▁▁▁▁▁▁▁▁▁▁▁▁▁▁▁▁▁
wandb:                 val/OVRPBLTW/std_final ▁▃▄▄▅▅▄▆▅▅▆▅▅▅▄▆▆▆▆▆▇▇▇▇▇▇▇▇▇▇▇▇▇█▇█████
wandb:                      val/OVRPBLTW/top1 ▁▁▁▃▁▇▄▄▇█▆▆▄▆▇▂▅▅▇▆██▅▆▃▇▄▅▅▅▅▇▅▇▅▇▅▇▇▇
wandb:            val/OVRPBLTW/top1_tie_aware ▁▁▃▁▇▄▇█▇▇▇▆▂▇▅▆▇█▆█▅▆▆▆▇▅▅▅▅▇▅█▇▅▅▅▇▇▇▇
wandb:                      val/OVRPBLTW/top2 ████████████▁██████████████████████▁█▁▁▁
wandb:                      val/OVRPBLTW/top3 ▁▁▁▁▁▁▁▁▁▁▁▁▁▁█▁▁▁▁▁▁▁▁▁▁▁▁▁▁▁▁▁▁▁▁▁▁▁▁▁
wandb:                       val/OVRPBLTW/vbs ▁▁▁▁▁▁▁▁▁▁▁▁▁▁▁▁▁▁▁▁▁▁▁▁▁▁▁▁▁▁▁▁▁▁▁▁▁▁▁▁
wandb:        val/OVRPBLTW/vbs_gap_closed_pct ▃▃▂▁▃▅▃▄▇▆▄▄▅▇▆▄▄▅▆▄▆▆▇▅▆▅▇▅▄▅▆█▅▇▇▅▇▅▇▇
wandb:                val/OVRPBLTW/vs_sbs_pct ▆█▆▆▆▂▃▄▅▄▄▂▃▄▆▃▅▄▃▃▃▂▃▃▁▂▄▄▅▄▃▅▁▄▂▄▂▄▂▂
wandb:                         val/OVRPBTW/ce █▅▄▄▇▃▄▂▃▃▂▃▂▅▂▁▁▁▁▁▁▁▂▁▁▂▁▁▁▁▂▂▂▁▂▂▂▂▂▂
wandb:                  val/OVRPBTW/mean_cost ▇▇▇█▇▅▄▅▅█▄▁▅▄▆▄▃▄▂▁▁▆▆▂▁▃▂▂▅▂▂▂▄▃▃▃▅▃▄▅
wandb:                          val/OVRPBTW/n ▁▁▁▁▁▁▁▁▁▁▁▁▁▁▁▁▁▁▁▁▁▁▁▁▁▁▁▁▁▁▁▁▁▁▁▁▁▁▁▁
wandb:                        val/OVRPBTW/sbs ▁▁▁▁▁▁▁▁▁▁▁▁▁▁▁▁▁▁▁▁▁▁▁▁▁▁▁▁▁▁▁▁▁▁▁▁▁▁▁▁
wandb:                  val/OVRPBTW/std_final ▁▃▄▄▅▅▅▄▆▅▆▆▅▅▅▅▆▅▆▆▇▇▇▆▇▇▇▇▇▇▇▇▇▇██████
wandb:                       val/OVRPBTW/top1 ▅▃▁▅▅▅▅▅▆▅▅▅▅▆▂▇▆▇▇▅█▆▅▅▆▆▆▆▆▇▅▆▅▆▇▅▆▆▆▆
wandb:             val/OVRPBTW/top1_tie_aware ▁▁▄▆▄▆▆▅▆▆▆▇▆▆▆▇██▅█▇▇▆▅▆▇█▇▇▇▇██▆▇▇▇▆▆▆
wandb:                       val/OVRPBTW/top2 ▁▁▁▁▁▁▁▁▁▁▁▁▁▁▁▁▁▁▁▁▁▁▁▁▁▁▁▁▁▁▁▁▁▁▁▁▁▁▁▁
wandb:                       val/OVRPBTW/top3 ████████████████████▁▁█▁█▁▁▁▁▁▁▁▁▁▁▁▁▁▁▁
wandb:                        val/OVRPBTW/vbs ▁▁▁▁▁▁▁▁▁▁▁▁▁▁▁▁▁▁▁▁▁▁▁▁▁▁▁▁▁▁▁▁▁▁▁▁▁▁▁▁
wandb:         val/OVRPBTW/vbs_gap_closed_pct ▂▂▅▂▂▄▅▄▆▁▅█▄▅▃▅▅▇█▂█▄▃▃▇▄▇▇▄▇▇▅▆▅▆▆▅▄▄▄
wandb:                 val/OVRPBTW/vs_sbs_pct ▇▇▄▇█▇▅▄▄▅▄█▄▄▅▆▃▄▃▄▁▇▅▆▆▁▅▃▂▂▂▂▄▃▃▃▄▅▅▅
wandb:                           val/OVRPL/ce █▁▁▁▁▁▁▁▁▁▁▁▁▁▁▁▁▁▁▁▁▁▁▁▁▁▁▁▁▁▁▁▁▁▁▁▁▁▁▁
wandb:                    val/OVRPL/mean_cost █▂▁▁▁▁▁▁▁▁▁▁▁▁▁▁▁▁▁▁▁▁▁▁▁▁▁▁▁▁▁▁▁▁▁▁▁▁▁▁
wandb:                            val/OVRPL/n ▁▁▁▁▁▁▁▁▁▁▁▁▁▁▁▁▁▁▁▁▁▁▁▁▁▁▁▁▁▁▁▁▁▁▁▁▁▁▁▁
wandb:                          val/OVRPL/sbs ▁▁▁▁▁▁▁▁▁▁▁▁▁▁▁▁▁▁▁▁▁▁▁▁▁▁▁▁▁▁▁▁▁▁▁▁▁▁▁▁
wandb:                    val/OVRPL/std_final ▁▃▄▃▅▂▅▄▄▃▃▅▃▄▇▄▅▆▆▆▆▆▅▆▇▇▇▆▇▇▇▇▇▇█▇▇███
wandb:                         val/OVRPL/top1 ▁▇▇▇▆▇▇▇▇▇▇▇▇▇▆▇▇▇▇█▇▇▇▇▇▇█▇▇██▇████████
wandb:               val/OVRPL/top1_tie_aware ▁▇▇▇▇▇▇▇▇█▇▇▇▇▇▇▇▇▇▇█▇▇▇▇▇▇▇█▇█▇▇███████
wandb:                         val/OVRPL/top2 ▂▂▂▂▂▂▂▂▂▂▁▂▂▂▁▂▂▂▂▃▅▅▃▃▃▅▇▅▇▆▇▇▆█▇▆▇▆▆▇
wandb:                         val/OVRPL/top3 ▁███████████████████████████████████████
wandb:                          val/OVRPL/vbs ▁▁▁▁▁▁▁▁▁▁▁▁▁▁▁▁▁▁▁▁▁▁▁▁▁▁▁▁▁▁▁▁▁▁▁▁▁▁▁▁
wandb:           val/OVRPL/vbs_gap_closed_pct ▁▇██████▇███████████████████████████████
wandb:                   val/OVRPL/vs_sbs_pct █▂▁▁▁▁▁▁▁▁▁▁▁▁▁▁▁▂▁▁▁▁▁▁▁▁▁▁▁▁▁▁▁▁▁▁▁▁▁▁
wandb:                         val/OVRPLTW/ce █▂▂▂▂▂▂▁▂▁▂▁▃▁▁▁▁▁▁▁▂▁▁▁▁▁▁▁▁▁▁▁▁▁▁▁▁▁▁▁
wandb:                  val/OVRPLTW/mean_cost ▅█▄▅▅▅▃▄▄▅▂▆▆▄▃▅▃▃▁▄▃▄▄▃▄▄▄▅▃▃▃▃▆▃▅▅▆▆▄▅
wandb:                          val/OVRPLTW/n ▁▁▁▁▁▁▁▁▁▁▁▁▁▁▁▁▁▁▁▁▁▁▁▁▁▁▁▁▁▁▁▁▁▁▁▁▁▁▁▁
wandb:                        val/OVRPLTW/sbs ▁▁▁▁▁▁▁▁▁▁▁▁▁▁▁▁▁▁▁▁▁▁▁▁▁▁▁▁▁▁▁▁▁▁▁▁▁▁▁▁
wandb:                  val/OVRPLTW/std_final ▁▃▄▅▅▅▆▆▅▆▅▄▅▆▆▆▆▆▆▆▇▆▆▆▇▇▇▇▇▇▇▇▇▇█▇████
wandb:                       val/OVRPLTW/top1 ▄▄▁▃▅▃▃▃▇▅▃▆▂▅▅▅▅▅▄█▄▄▅▃▅▄▅▆▄▆▃▆▆▅▅▅▃▅▄▅
wandb:             val/OVRPLTW/top1_tie_aware ▅▁▃▅▅▃▄▃▅▃▃▆▂▅▅▅▅▄▅█▃▄▅▄▃▄▅▆▆▆▃▆▆▅▅▅▃▅▄▅
wandb:                       val/OVRPLTW/top2 ▁▁▁▁▁▁▁▁▁▁▁▁▁▁▁▁▁▁▁▁▁▁▁▁▁▁▁▁▁▁▁▁▁▁▁▁▁▁▁▁
wandb:                       val/OVRPLTW/top3 ▅▅▅▅▅███▅█▁▅█▅▅███▅█████████████▅█████▅▅
wandb:                        val/OVRPLTW/vbs ▁▁▁▁▁▁▁▁▁▁▁▁▁▁▁▁▁▁▁▁▁▁▁▁▁▁▁▁▁▁▁▁▁▁▁▁▁▁▁▁
wandb:         val/OVRPLTW/vbs_gap_closed_pct ▃▂▃▂▃▂▅▄▄▄▄▇▁▄▃▇▃▄▅█▂▆▅▅▅▄▄▄▂▅▂▅▅▂▂▃▃▂▂▃
wandb:                 val/OVRPLTW/vs_sbs_pct ▄█▅▄▄▄▄▅▂▃▅▅▃▁▅▄▄▄▄▃▁▃▂▃▃▃▂▃▄▃▂▆▂▅▃▄▄▅▅▄
wandb:                          val/OVRPTW/ce █▃▂▂▃▁▁▁▁▁▂▁▁▁▁▁▁▁▁▁▁▁▁▁▂▂▁▁▁▁▂▂▂▂▂▂▂▂▂▂
wandb:                   val/OVRPTW/mean_cost █▅▅▆▅▇▅▆▅▅▄▁▄▆▅▄▃▃▅▄▄▅▆▅▅▄▃▆▅▆▆▃▃▃▄▅▄▅▄▆
wandb:                           val/OVRPTW/n ▁▁▁▁▁▁▁▁▁▁▁▁▁▁▁▁▁▁▁▁▁▁▁▁▁▁▁▁▁▁▁▁▁▁▁▁▁▁▁▁
wandb:                         val/OVRPTW/sbs ▁▁▁▁▁▁▁▁▁▁▁▁▁▁▁▁▁▁▁▁▁▁▁▁▁▁▁▁▁▁▁▁▁▁▁▁▁▁▁▁
wandb:                   val/OVRPTW/std_final ▁▃▄▄▄▄▅▅▅▆▅▅▅▄▅▅▅▅▆▆▆▆▆▆▆▆▆▇▇▇▇▇▇▇▇▇████
wandb:                        val/OVRPTW/top1 ▁▁█▄▅▄▃▄▄▂█▆▇▁▄▂▆▇▅▅▅█▇▅▄▄▄▅▅▅▄▅▅▅▇▄▆▅▆▃
wandb:              val/OVRPTW/top1_tie_aware ▁▁▇█▁▂▄▄▃▄▂▄█▇▄▄▂▅▆▇▄▅▅▆▅▇▅▄▃▄▅▆▆▅▇▆▄▅▅▅
wandb:                        val/OVRPTW/top2 ▁▁▁▁▁▁▁▁▁▁▁▁▁▁▁▁▁▁▁▁▁▁▁▁▁▁▁▁▁▁▁▁▁▁▁▁▁▁▁▁
wandb:                        val/OVRPTW/top3 ▁▁▁▁▁▁▁▁▁▁▁▁▁█▁▁▁▁▁▁▁█▁██▁▁████████▁▁███
wandb:                         val/OVRPTW/vbs ▁▁▁▁▁▁▁▁▁▁▁▁▁▁▁▁▁▁▁▁▁▁▁▁▁▁▁▁▁▁▁▁▁▁▁▁▁▁▁▁
wandb:          val/OVRPTW/vbs_gap_closed_pct ▁▁▄▄▅▃▂▄▄▄▅█▇▅▃▄▄▃▅▆▄▄▅▇▅▃▄▅▅▆▄▃▃▆▆▅▄▅▅▃
wandb:                  val/OVRPTW/vs_sbs_pct ▅▅▄▃▅▄▃▄▅▄▄█▃▁▂▄▄▃▄▅▂▄▄▃▄▃▃▃▄▄▃▄▃▄▂▃▃▃▃▃
wandb:                             val/TSP/ce █▇▅▄▄▃▃▃▂▂▂▂▃▃▂▂▂▁▂▂▁▂▁▁▁▃▁▁▁▁▁▁▁▁▁▁▁▁▁▁
wandb:                      val/TSP/mean_cost ███▅▄▂▃▂▂▂▂▁▃▂▁▁▁▁▁▁▁▁▁▁▁▁▁▁▁▁▁▁▁▁▁▁▁▁▁▁
wandb:                              val/TSP/n ▁▁▁▁▁▁▁▁▁▁▁▁▁▁▁▁▁▁▁▁▁▁▁▁▁▁▁▁▁▁▁▁▁▁▁▁▁▁▁▁
wandb:                            val/TSP/sbs ▁▁▁▁▁▁▁▁▁▁▁▁▁▁▁▁▁▁▁▁▁▁▁▁▁▁▁▁▁▁▁▁▁▁▁▁▁▁▁▁
wandb:                      val/TSP/std_final ▁▁▃▃▃▄▄▆▆▆▆▄▅▅▄▆▇▇▆▇▇█▇▇▆▇▇▇▇███████████
wandb:                           val/TSP/top1 ▁▁▁▁▄▃▂▄▆▆▆▆▆▆▇▆█▇▇▇▇▇▇█▆▇▇██▇█▇▇▇▇▇▇▇▇▇
wandb:                 val/TSP/top1_tie_aware ▁▁▁▄▃▂▅▅▆▆▅▆▆▆█▆▇▅█▇▇▇▇███▇▅▇█▇▇█▇▇▇▇▇▇▇
wandb:                           val/TSP/top2 ▁▁▄▃▄▄▅▆▆▆▇▇▅▇▆▆▆██▇▇█▇███▇▅█▇█████▇████
wandb:                           val/TSP/top3 ▃▁▄▅▅▆▆▆▆▇▆▇▄▇▆▇▆▇▇▇▇▇█▇▇▅███▇▇▇▇▇█▇████
wandb:                            val/TSP/vbs ▁▁▁▁▁▁▁▁▁▁▁▁▁▁▁▁▁▁▁▁▁▁▁▁▁▁▁▁▁▁▁▁▁▁▁▁▁▁▁▁
wandb:             val/TSP/vbs_gap_closed_pct ▁▁▁▁▅▆▇▅█▆▇█▆▇██████████████████████████
wandb:                     val/TSP/vs_sbs_pct ███▄▄▄▂▃▂▂▂▁▁▁▃▁▂▁▁▁▁▁▁▁▁▁▁▁▁▁▁▁▁▁▁▁▁▁▁▁
wandb:                            val/VRPB/ce █▇▅▄▄▃▃▂▃▂▂▃▂▂▂▂▂▂▁▁▁▁▁▁▁▁▂▁▁▁▁▂▁▁▁▁▁▁▁▁
wandb:                     val/VRPB/mean_cost ▅▅█▄▅▃▃▃▃▃▃▃▃▃▂▃▃▃▂▂▂▃▂▂▂▂▂▁▂▂▂▂▁▁▁▁▂▁▂▁
wandb:                             val/VRPB/n ▁▁▁▁▁▁▁▁▁▁▁▁▁▁▁▁▁▁▁▁▁▁▁▁▁▁▁▁▁▁▁▁▁▁▁▁▁▁▁▁
wandb:                           val/VRPB/sbs ▁▁▁▁▁▁▁▁▁▁▁▁▁▁▁▁▁▁▁▁▁▁▁▁▁▁▁▁▁▁▁▁▁▁▁▁▁▁▁▁
wandb:                     val/VRPB/std_final ▁▃▃▃▃▄▅▅▅▆▅▅▅▅▆▅▆▆▆▆▆▇▇▆▇▇▇▇▇▇▇▇▇▇▇█████
wandb:                          val/VRPB/top1 ▁▁▃▃▁▆▅▆▅▅▃▆▆▅▆▅▇▇▇▆▇▇▇▇▇▇▇█▇█▇▇▇▇▇▇▆▆▆▇
wandb:                val/VRPB/top1_tie_aware ▁▁▁▃▃▁▆▆▅▅▆▆▅▆▆▆▆▇▇▇█▇▇▇███▇██▇▇▇▇▇▇▇▇▇█
wandb:                          val/VRPB/top2 ▁▁▁▁▁▁▁▁▁▁▁▁▁▁▁▁▁▁▁▁▁▁▁▁▁▁▁▁▁▁▁▁██▁▁▁▁▁█
wandb:                          val/VRPB/top3 ▁▂▃▄▃▅▅▆▃▆▃▅▆▆▅▇▆▅▇█▆▆█▆█▇▇█▇██▇▇▇▇███▇█
wandb:                           val/VRPB/vbs ▁▁▁▁▁▁▁▁▁▁▁▁▁▁▁▁▁▁▁▁▁▁▁▁▁▁▁▁▁▁▁▁▁▁▁▁▁▁▁▁
wandb:            val/VRPB/vbs_gap_closed_pct ▄▄▄▁▄▆▆▆▆▆▆▆▅▆▆▇▆▆▇▇▆▇▆▇▇▇█▇▇█████▇█▇█▇█
wandb:                    val/VRPB/vs_sbs_pct ▅▅█▄▅▃▃▃▃▃▃▃▃▂▃▂▂▃▂▂▂▃▂▁▂▂▂▁▂▂▁▂▁▁▁▁▁▁▂▁
wandb:                           val/VRPBL/ce █▆▃▃▂▂▂▂▂▁▁▂▂▃▃▂▂▁▁▁▁▂▁▁▁▂▁▂▁▁▂▂▂▂▂▂▂▂▂▂
wandb:                    val/VRPBL/mean_cost ▂▂█▂▂▁▁▁▁▁▂▁▁▂▂▂▁▁▂▂▂▂▁▂▂▂▂▂▂▂▂▂▂▂▂▂▂▂▂▂
wandb:                            val/VRPBL/n ▁▁▁▁▁▁▁▁▁▁▁▁▁▁▁▁▁▁▁▁▁▁▁▁▁▁▁▁▁▁▁▁▁▁▁▁▁▁▁▁
wandb:                          val/VRPBL/sbs ▁▁▁▁▁▁▁▁▁▁▁▁▁▁▁▁▁▁▁▁▁▁▁▁▁▁▁▁▁▁▁▁▁▁▁▁▁▁▁▁
wandb:                    val/VRPBL/std_final ▁▃▃▃▄▄▆▆▆▆▅▄▆▅▆▆▆▆▇▆▇▇▇▇▇▇▇▇▇▇▇▇▇▇██████
wandb:                         val/VRPBL/top1 ▆▆▁▆▆▇██▇▇██▇██▆█▆▇▇▇▆▅▆▇▆▆▇▇▇▆▆▆▆▆▆▆▆▆▆
wandb:               val/VRPBL/top1_tie_aware ▆▆▆▁▆▇▇▇████▆█▇▆▇▇▇▇▅▆▆▆▇▆▆▆▆▇▆▇▇▆▆▆▆▆▆▆
wandb:                         val/VRPBL/top2 ▄▄▄▄▄▄▄▄▄▄▄▄▄▄▄▄▄▄▄▄▄▄█▄██▄█▄█▁▄▄▄▄▁▁▄▁▄
wandb:                         val/VRPBL/top3 ▁▇▇▇▇▇▇▇▇▇█▇▇▇▇▇████▇███████████████████
wandb:                          val/VRPBL/vbs ▁▁▁▁▁▁▁▁▁▁▁▁▁▁▁▁▁▁▁▁▁▁▁▁▁▁▁▁▁▁▁▁▁▁▁▁▁▁▁▁
wandb:           val/VRPBL/vbs_gap_closed_pct ▇▇▇▁▇██████▇█▇██▇█▇█▇▇▇▇▇▇▇▇▇▇▇▇▇▇▇▇▇▇▇▇
wandb:                   val/VRPBL/vs_sbs_pct ▂▂█▂▂▁▁▁▁▁▁▁▂▁▂▂▁▁▂▂▂▂▂▂▂▂▂▂▂▂▂▂▂▂▂▂▂▂▂▂
wandb:                         val/VRPBLTW/ce █▆▇▅▄▃▄▄▂▂▃▃▃▂▂▂▂▂▁▁▂▁▁▂▁▁▁▁▁▁▁▁▁▁▁▁▁▁▁▁
wandb:                  val/VRPBLTW/mean_cost ██▆▄▃▂▂▁▁▂▁▃▂▁▁▁▂▁▁▁▁▁▁▁▁▂▁▁▁▁▁▁▁▁▁▁▁▁▁▁
wandb:                          val/VRPBLTW/n ▁▁▁▁▁▁▁▁▁▁▁▁▁▁▁▁▁▁▁▁▁▁▁▁▁▁▁▁▁▁▁▁▁▁▁▁▁▁▁▁
wandb:                        val/VRPBLTW/sbs ▁▁▁▁▁▁▁▁▁▁▁▁▁▁▁▁▁▁▁▁▁▁▁▁▁▁▁▁▁▁▁▁▁▁▁▁▁▁▁▁
wandb:                  val/VRPBLTW/std_final ▁▂▂▃▄▄▂▅▄▅▅▅▅▄▄▄▄▆▆▅▆▅▇▆▆▆▆▆▇▇▇▇▇▇▇▇▇███
wandb:                       val/VRPBLTW/top1 ▁▁▁▂▃▄▅▆▅▇▇█▅▇▆▆▇▇▆▇█▇▇▇▇▇▆█▇▇▇▇▇▇█▇▇█▇▇
wandb:             val/VRPBLTW/top1_tie_aware ▁▁▁▃▄▆▅▇▅▇▇▅▃▆▆▇▇▇▇▇▇█▆▇▇▇▆█▇▆▇▇▇▇▇▇▇▇█▇
wandb:                       val/VRPBLTW/top2 ▁▁▂▅▅▅▅▆▆▆▇▄▆▇▇▆▇▇▇▇▇██▇███▆▇███▇▇▇█████
wandb:                       val/VRPBLTW/top3 ▁▃▃▄▆▆▇▇▇▇▆▇▇▅▇▇▇▇███████▇█▇████████▇███
wandb:                        val/VRPBLTW/vbs ▁▁▁▁▁▁▁▁▁▁▁▁▁▁▁▁▁▁▁▁▁▁▁▁▁▁▁▁▁▁▁▁▁▁▁▁▁▁▁▁
wandb:         val/VRPBLTW/vbs_gap_closed_pct ▁▁▁▃▄▇▇▇███▆▇████▇██████████████████████
wandb:                 val/VRPBLTW/vs_sbs_pct ██▆▅▃▂▂▁▂▁▂▂▁▁▃▁▁▁▁▁▁▁▁▁▁▁▁▁▁▁▁▁▁▁▁▁▁▁▁▁
wandb:                          val/VRPBTW/ce █▆▇▅▅▃▃▂▂▃▂▂▂▂▁▁▂▁▁▁▁▁▂▁▁▁▁▁▁▁▁▁▁▁▁▁▁▁▁▁
wandb:                   val/VRPBTW/mean_cost ███▆▄▂▂▁▂▂▁▂▂▁▁▁▁▁▁▁▁▁▁▁▁▁▁▂▁▁▁▁▁▁▁▁▁▁▁▁
wandb:                           val/VRPBTW/n ▁▁▁▁▁▁▁▁▁▁▁▁▁▁▁▁▁▁▁▁▁▁▁▁▁▁▁▁▁▁▁▁▁▁▁▁▁▁▁▁
wandb:                         val/VRPBTW/sbs ▁▁▁▁▁▁▁▁▁▁▁▁▁▁▁▁▁▁▁▁▁▁▁▁▁▁▁▁▁▁▁▁▁▁▁▁▁▁▁▁
wandb:                   val/VRPBTW/std_final ▁▂▂▃▄▄▂▄▄▅▅▅▄▄▅▆▆▅▆▆▆▆▇▆▅▆▇▇▇▇▇▇▇▇▇█▇███
wandb:                        val/VRPBTW/top1 ▁▁▂▃▄▆▆▆▆▆▄▅▇▅▇▇▇▇█▇▇█▇▅█▆▆▅▇▇▆▆▇▇▆▇▇▇▇▆
wandb:              val/VRPBTW/top1_tie_aware ▁▁▃▆▄▇▆▆▆▆▅▇█▄▇▇▆█▇▇▇▇▇▇▇██▇▆▅▇▇▆▆▆▇▇▇▇▇
wandb:                        val/VRPBTW/top2 ▁▁▂▃▅▆▆▆▇▇▅▇█▅▇█▇▇████▇▇███████▇▇████▇██
wandb:                        val/VRPBTW/top3 ▁▃▅▄▆▇▆▇▇▆▇▇▆▆▇▇▇▇▇▇▇▇███▇▇█████████████
wandb:                         val/VRPBTW/vbs ▁▁▁▁▁▁▁▁▁▁▁▁▁▁▁▁▁▁▁▁▁▁▁▁▁▁▁▁▁▁▁▁▁▁▁▁▁▁▁▁
wandb:          val/VRPBTW/vbs_gap_closed_pct ▁▁▁▃▅▆▇▇▇█▇▇█▇▇▇██████████████▇█████████
wandb:                  val/VRPBTW/vs_sbs_pct ███▆▄▃▂▂▂▂▁▂▂▁▁▂▁▁▁▁▁▁▁▁▁▁▁▁▂▁▁▁▁▁▁▁▁▁▁▁
wandb:                            val/VRPL/ce █▂▂▁▁▁▁▁▁▁▁▁▁▁▁▁▁▁▁▁▁▁▁▁▁▁▁▁▁▁▁▁▁▁▁▁▁▁▁▁
wandb:                     val/VRPL/mean_cost █▁▂▁▂▁▁▁▁▁▃▁▁▁▁▁▁▁▁▁▁▁▁▁▁▁▁▁▁▁▁▁▁▁▁▁▁▁▁▁
wandb:                             val/VRPL/n ▁▁▁▁▁▁▁▁▁▁▁▁▁▁▁▁▁▁▁▁▁▁▁▁▁▁▁▁▁▁▁▁▁▁▁▁▁▁▁▁
wandb:                           val/VRPL/sbs ▁▁▁▁▁▁▁▁▁▁▁▁▁▁▁▁▁▁▁▁▁▁▁▁▁▁▁▁▁▁▁▁▁▁▁▁▁▁▁▁
wandb:                     val/VRPL/std_final ▄▄▃▃▁▄▄▃▄▃▃▄▄▄▆▄▅▆▅▅▅▆▅▆▅▆▆▆▆█▆▆▇▇▇▇▇▇▇▇
wandb:                          val/VRPL/top1 ▁▆▆▆▆▆▆▆▇▇▆▆▇▇▆█▇▇▇▇▇▇▇▇█▇██▇███▇███████
wandb:                val/VRPL/top1_tie_aware ▁▆▆▆▆▇▆▇▇▇▆▅▇▇▇▇▇█▇▇▇▇▇▇▇█▇█▇█▇█████████
wandb:                          val/VRPL/top2 ▁█████████▇▆███████▇████████████████████
wandb:                          val/VRPL/top3 ██▆▆█▆▅▇█▆▇▄▆▁██▆▇▇▇▇▇▆▇█▇▇▇▆▇▇██▇▇▇▇▇▇█
wandb:                           val/VRPL/vbs ▁▁▁▁▁▁▁▁▁▁▁▁▁▁▁▁▁▁▁▁▁▁▁▁▁▁▁▁▁▁▁▁▁▁▁▁▁▁▁▁
wandb:            val/VRPL/vbs_gap_closed_pct ▁██▇█████▇▆█████████████████████████████
wandb:                    val/VRPL/vs_sbs_pct █▁▂▁▁▂▁▁▁▁▃▁▁▁▁▁▁▁▁▁▁▁▁▁▁▁▁▁▁▁▁▂▁▁▁▁▁▁▁▁
wandb:                          val/VRPLTW/ce █▅▅▅▃▃▅▂▂▂▂▃▃▂▃▂▂▂▁▂▁▁▁▁▁▁▁▂▁▁▁▁▁▁▁▁▁▁▁▁
wandb:                   val/VRPLTW/mean_cost ▄▄▄█▃▂▂▂▁▁▂▂▁▁▂▁▁▁▁▁▁▁▁▁▁▁▁▁▁▁▁▁▁▁▁▁▁▁▁▁
wandb:                           val/VRPLTW/n ▁▁▁▁▁▁▁▁▁▁▁▁▁▁▁▁▁▁▁▁▁▁▁▁▁▁▁▁▁▁▁▁▁▁▁▁▁▁▁▁
wandb:                         val/VRPLTW/sbs ▁▁▁▁▁▁▁▁▁▁▁▁▁▁▁▁▁▁▁▁▁▁▁▁▁▁▁▁▁▁▁▁▁▁▁▁▁▁▁▁
wandb:                   val/VRPLTW/std_final ▁▂▄▄▃▃▅▄▄▅▅▅▄▄▅▅▅▆▅▆▇▇▆▆▇▆▇▇▇▇▇▇▇▇██████
wandb:                        val/VRPLTW/top1 ▁▁▂▃▅▆▄▅▆▆▆▅▅▆▆▇▇▇▇▇▇█▇▇█▇▆▇█▇▇█▇██████▇
wandb:              val/VRPLTW/top1_tie_aware ▂▂▂▁▄▅▅▆▇▇▅▆▇▇▆▇▇▇▇▇▇▇█▇█▇▇▆▇██▇███▇███▇
wandb:                        val/VRPLTW/top2 ▁▁▁▃▄▅▆▄▆▆▅▆▇▅▆▇▇▇▇▇▇█▇█▇▆▇█▇███████████
wandb:                        val/VRPLTW/top3 ▁▂▁▅▅▇▅▇▇▇▇▇▆▇▇█████████████████████████
wandb:                         val/VRPLTW/vbs ▁▁▁▁▁▁▁▁▁▁▁▁▁▁▁▁▁▁▁▁▁▁▁▁▁▁▁▁▁▁▁▁▁▁▁▁▁▁▁▁
wandb:          val/VRPLTW/vbs_gap_closed_pct ▁▁▅▆▆▆▇▇▇▇▇▇▇▇█▇████████████████████████
wandb:                  val/VRPLTW/vs_sbs_pct ██▄▃▂▂▃▃▂▂▂▂▂▂▂▁▁▂▁▃▁▁▁▁▁▁▁▁▁▁▁▁▁▁▁▁▁▁▁▁
wandb:                           val/VRPTW/ce █▅▅▃▃▅▂▂▃▂▂▂▁▂▂▁▂▂▂▁▁▁▁▁▁▁▁▁▂▁▁▁▁▁▁▁▁▁▁▁
wandb:                    val/VRPTW/mean_cost ███▅▄▂▂▂▂▁▁▃▂▄▁▁▃▁▁▁▁▁▂▁▁▁▁▁▁▁▁▁▁▁▁▁▁▁▁▁
wandb:                            val/VRPTW/n ▁▁▁▁▁▁▁▁▁▁▁▁▁▁▁▁▁▁▁▁▁▁▁▁▁▁▁▁▁▁▁▁▁▁▁▁▁▁▁▁
wandb:                          val/VRPTW/sbs ▁▁▁▁▁▁▁▁▁▁▁▁▁▁▁▁▁▁▁▁▁▁▁▁▁▁▁▁▁▁▁▁▁▁▁▁▁▁▁▁
wandb:                    val/VRPTW/std_final ▁▂▁▂▄▄▃▄▅▅▅▅▅▄▅▅▅▆▅▇▆▆▆▇▆▆▆▇▇▇▇▇▇▇▇▇████
wandb:                         val/VRPTW/top1 ▁▁▁▂▃▄▅▅▃▆▅▇▅▇▆▆▄▇▇▆▇▇██████▇█▇█▇▇██▇███
wandb:               val/VRPTW/top1_tie_aware ▁▁▂▃▄▅▃▆▆▅▇▆▇▄▇▆▇▆█▇██▇▇███▇▇█▇█▇██▇▇█▇█
wandb:                         val/VRPTW/top2 ▁▂▃▄▅▆▄▆▇▆▇▆▇▇▆▇▇▇▇▇███▇▇███▇███████████
wandb:                         val/VRPTW/top3 ▁▁▃▄▆▆▆▄▇▆▇▆▇▇█▇█▇█▇▇███████████████████
wandb:                          val/VRPTW/vbs ▁▁▁▁▁▁▁▁▁▁▁▁▁▁▁▁▁▁▁▁▁▁▁▁▁▁▁▁▁▁▁▁▁▁▁▁▁▁▁▁
wandb:           val/VRPTW/vbs_gap_closed_pct ▁▄▅▇▇▆▇▇▇██▆█▇▅████▆█████▇██████████████
wandb:                   val/VRPTW/vs_sbs_pct ███▅▄▂▃▃▂▂▁▃▁▂▄▁▁▁▁▁▁▁▁▁▂▁▁▁▁▁▁▁▁▁▁▁▁▁▁▁
wandb:                           val/macro_ce █▇▆▅▄▄▅▃▃▃▄▃▃▃▃▂▂▂▂▂▂▁▂▁▂▂▁▂▁▁▁▁▁▁▁▁▁▁▁▁
wandb:                         val/macro_top1 ▁▁▂▃▄▄▅▅▅▅▅▅▆▄▅▆▆▇▇▇▇▇▇▇▇▇▇▇████████████
wandb:               val/macro_top1_tie_aware ▁▄▄▄▅▅▆▆▆▆▆▇▆▆▆▆▇▇▇▇▇▇▇▇█▇██████████████
wandb:                         val/macro_top2 ▁▅▅▅▆▆▆▇▇▇▇▇▇▇▇▇▇▇█▇████████████████████
wandb:                         val/macro_top3 ▁▅▅▆▆▇▇▇▆▇▇▇▇▇▇█████████████████████████
wandb:           val/macro_vbs_gap_closed_pct ▁▅▄▆▆▇▇▇▇▇▇▇▇▇▇▇▇█▇█████████████████████
wandb:                   val/macro_vs_sbs_pct █▆▇▄▃▃▂▂▂▂▂▂▂▂▂▁▁▁▁▁▁▁▁▁▁▁▁▁▁▁▁▁▁▁▁▁▁▁▁▁
wandb: 
wandb: Run summary:
wandb:                                  epoch 59
wandb:                         epoch_train/ce 1.07278
wandb:                  epoch_train/grad_norm 0.36213
wandb:                       epoch_train/loss 0.45113
wandb:                       epoch_train/pair 0.48252
wandb:                       epoch_train/risk 1.37008
wandb:            epoch_train/skipped_updates 0
wandb:                    gpu/peak_memory_gib 17.36815
wandb:                  speed/samples_per_sec 8729.15299
wandb:                        train/amp_scale 131072
wandb:                               train/ce 1.07278
wandb:                             train/loss 0.45113
wandb:                               train/lr 1e-05
wandb:                             train/pair 0.48252
wandb:                             train/risk 1.37008
wandb:               train/successful_updates 16194
wandb:                     train_eval/ATSP/ce 0.62066
wandb:              train_eval/ATSP/mean_cost 1.64128
wandb:                      train_eval/ATSP/n 10000
wandb:                    train_eval/ATSP/sbs 1.67948
wandb:              train_eval/ATSP/std_final 4.2724
wandb:                   train_eval/ATSP/top1 0.7643
wandb:         train_eval/ATSP/top1_tie_aware 0.7753
wandb:                   train_eval/ATSP/top2 0.9597
wandb:                   train_eval/ATSP/top3 0.9938
wandb:                    train_eval/ATSP/vbs 1.63505
wandb:     train_eval/ATSP/vbs_gap_closed_pct 85.98546
wandb:             train_eval/ATSP/vs_sbs_pct -2.27451
wandb:                     train_eval/CVRP/ce 1.39105
wandb:              train_eval/CVRP/mean_cost 17.99102
wandb:                      train_eval/CVRP/n 10000
wandb:                    train_eval/CVRP/sbs 18.07046
wandb:              train_eval/CVRP/std_final 3.13412
wandb:                   train_eval/CVRP/top1 0.4594
wandb:         train_eval/CVRP/top1_tie_aware 0.4594
wandb:                   train_eval/CVRP/top2 0.6792
wandb:                   train_eval/CVRP/top3 0.8185
wandb:                    train_eval/CVRP/vbs 17.89093
wandb:     train_eval/CVRP/vbs_gap_closed_pct 44.24757
wandb:             train_eval/CVRP/vs_sbs_pct -0.43959
wandb:                     train_eval/OVRP/ce 1.42047
wandb:              train_eval/OVRP/mean_cost 7.45157
wandb:                      train_eval/OVRP/n 10000
wandb:                    train_eval/OVRP/sbs 7.45905
wandb:              train_eval/OVRP/std_final 2.84673
wandb:                   train_eval/OVRP/top1 0.382
wandb:         train_eval/OVRP/top1_tie_aware 0.382
wandb:                   train_eval/OVRP/top2 0.6763
wandb:                   train_eval/OVRP/top3 0.8628
wandb:                    train_eval/OVRP/vbs 7.40009
wandb:     train_eval/OVRP/vbs_gap_closed_pct 12.69418
wandb:             train_eval/OVRP/vs_sbs_pct -0.10035
wandb:                    train_eval/OVRPB/ce 0.79671
wandb:             train_eval/OVRPB/mean_cost 6.31554
wandb:                     train_eval/OVRPB/n 10000
wandb:                   train_eval/OVRPB/sbs 6.32163
wandb:             train_eval/OVRPB/std_final 4.5732
wandb:                  train_eval/OVRPB/top1 0.5772
wandb:        train_eval/OVRPB/top1_tie_aware 0.5772
wandb:                  train_eval/OVRPB/top2 0.9642
wandb:                  train_eval/OVRPB/top3 0.9889
wandb:                   train_eval/OVRPB/vbs 6.25692
wandb:    train_eval/OVRPB/vbs_gap_closed_pct 9.41121
wandb:            train_eval/OVRPB/vs_sbs_pct -0.09634
wandb:                   train_eval/OVRPBL/ce 0.81651
wandb:            train_eval/OVRPBL/mean_cost 6.30374
wandb:                    train_eval/OVRPBL/n 10000
wandb:                  train_eval/OVRPBL/sbs 6.30789
wandb:            train_eval/OVRPBL/std_final 4.53022
wandb:                 train_eval/OVRPBL/top1 0.5647
wandb:       train_eval/OVRPBL/top1_tie_aware 0.5647
wandb:                 train_eval/OVRPBL/top2 0.9594
wandb:                 train_eval/OVRPBL/top3 0.9877
wandb:                  train_eval/OVRPBL/vbs 6.24259
wandb:   train_eval/OVRPBL/vbs_gap_closed_pct 6.34712
wandb:           train_eval/OVRPBL/vs_sbs_pct -0.06571
wandb:                 train_eval/OVRPBLTW/ce 0.86817
wandb:          train_eval/OVRPBLTW/mean_cost 10.53728
wandb:                  train_eval/OVRPBLTW/n 10000
wandb:                train_eval/OVRPBLTW/sbs 10.54764
wandb:          train_eval/OVRPBLTW/std_final 5.99892
wandb:               train_eval/OVRPBLTW/top1 0.5143
wandb:     train_eval/OVRPBLTW/top1_tie_aware 0.5143
wandb:               train_eval/OVRPBLTW/top2 0.9154
wandb:               train_eval/OVRPBLTW/top3 0.9994
wandb:                train_eval/OVRPBLTW/vbs 10.42119
wandb: train_eval/OVRPBLTW/vbs_gap_closed_pct 8.19151
wandb:         train_eval/OVRPBLTW/vs_sbs_pct -0.0982
wandb:                  train_eval/OVRPBTW/ce 0.88448
wandb:           train_eval/OVRPBTW/mean_cost 10.57835
wandb:                   train_eval/OVRPBTW/n 10000
wandb:                 train_eval/OVRPBTW/sbs 10.58939
wandb:           train_eval/OVRPBTW/std_final 6.02665
wandb:                train_eval/OVRPBTW/top1 0.5068
wandb:      train_eval/OVRPBTW/top1_tie_aware 0.5069
wandb:                train_eval/OVRPBTW/top2 0.9102
wandb:                train_eval/OVRPBTW/top3 0.9988
wandb:                 train_eval/OVRPBTW/vbs 10.46026
wandb:  train_eval/OVRPBTW/vbs_gap_closed_pct 8.5426
wandb:          train_eval/OVRPBTW/vs_sbs_pct -0.10417
wandb:                    train_eval/OVRPL/ce 1.4182
wandb:             train_eval/OVRPL/mean_cost 7.4459
wandb:                     train_eval/OVRPL/n 10000
wandb:                   train_eval/OVRPL/sbs 7.45265
wandb:             train_eval/OVRPL/std_final 2.67813
wandb:                  train_eval/OVRPL/top1 0.3842
wandb:        train_eval/OVRPL/top1_tie_aware 0.3844
wandb:                  train_eval/OVRPL/top2 0.683
wandb:                  train_eval/OVRPL/top3 0.8615
wandb:                   train_eval/OVRPL/vbs 7.39432
wandb:    train_eval/OVRPL/vbs_gap_closed_pct 11.55905
wandb:            train_eval/OVRPL/vs_sbs_pct -0.09047
wandb:                  train_eval/OVRPLTW/ce 0.86095
wandb:           train_eval/OVRPLTW/mean_cost 10.10644
wandb:                   train_eval/OVRPLTW/n 10000
wandb:                 train_eval/OVRPLTW/sbs 10.11358
wandb:           train_eval/OVRPLTW/std_final 5.89479
wandb:                train_eval/OVRPLTW/top1 0.5173
wandb:      train_eval/OVRPLTW/top1_tie_aware 0.5174
wandb:                train_eval/OVRPLTW/top2 0.9224
wandb:                train_eval/OVRPLTW/top3 0.9996
wandb:                 train_eval/OVRPLTW/vbs 10.02461
wandb:  train_eval/OVRPLTW/vbs_gap_closed_pct 8.02607
wandb:          train_eval/OVRPLTW/vs_sbs_pct -0.07061
wandb:                   train_eval/OVRPTW/ce 0.85778
wandb:            train_eval/OVRPTW/mean_cost 10.09432
wandb:                    train_eval/OVRPTW/n 10000
wandb:                  train_eval/OVRPTW/sbs 10.10368
wandb:            train_eval/OVRPTW/std_final 6.4261
wandb:                 train_eval/OVRPTW/top1 0.5187
wandb:       train_eval/OVRPTW/top1_tie_aware 0.5187
wandb:                 train_eval/OVRPTW/top2 0.9241
wandb:                 train_eval/OVRPTW/top3 0.9996
wandb:                  train_eval/OVRPTW/vbs 10.01429
wandb:   train_eval/OVRPTW/vbs_gap_closed_pct 10.47409
wandb:           train_eval/OVRPTW/vs_sbs_pct -0.09266
wandb:                      train_eval/TSP/ce 1.5303
wandb:               train_eval/TSP/mean_cost 8.01
wandb:                       train_eval/TSP/n 10000
wandb:                     train_eval/TSP/sbs 8.0483
wandb:               train_eval/TSP/std_final 2.60448
wandb:                    train_eval/TSP/top1 0.3952
wandb:          train_eval/TSP/top1_tie_aware 0.4023
wandb:                    train_eval/TSP/top2 0.6347
wandb:                    train_eval/TSP/top3 0.7735
wandb:                     train_eval/TSP/vbs 7.95896
wandb:      train_eval/TSP/vbs_gap_closed_pct 42.86688
wandb:              train_eval/TSP/vs_sbs_pct -0.47582
wandb:                     train_eval/VRPB/ce 0.8637
wandb:              train_eval/VRPB/mean_cost 9.30665
wandb:                      train_eval/VRPB/n 10000
wandb:                    train_eval/VRPB/sbs 9.31654
wandb:              train_eval/VRPB/std_final 5.46252
wandb:                   train_eval/VRPB/top1 0.561
wandb:         train_eval/VRPB/top1_tie_aware 0.561
wandb:                   train_eval/VRPB/top2 0.9239
wandb:                   train_eval/VRPB/top3 0.991
wandb:                    train_eval/VRPB/vbs 9.24174
wandb:     train_eval/VRPB/vbs_gap_closed_pct 13.23101
wandb:             train_eval/VRPB/vs_sbs_pct -0.10623
wandb:                    train_eval/VRPBL/ce 0.88743
wandb:             train_eval/VRPBL/mean_cost 9.31238
wandb:                     train_eval/VRPBL/n 10000
wandb:                   train_eval/VRPBL/sbs 9.32092
wandb:             train_eval/VRPBL/std_final 5.43533
wandb:                  train_eval/VRPBL/top1 0.5492
wandb:        train_eval/VRPBL/top1_tie_aware 0.5492
wandb:                  train_eval/VRPBL/top2 0.9129
wandb:                  train_eval/VRPBL/top3 0.9891
wandb:                   train_eval/VRPBL/vbs 9.24372
wandb:    train_eval/VRPBL/vbs_gap_closed_pct 11.06471
wandb:            train_eval/VRPBL/vs_sbs_pct -0.09163
wandb:                  train_eval/VRPBLTW/ce 1.0908
wandb:           train_eval/VRPBLTW/mean_cost 19.02041
wandb:                   train_eval/VRPBLTW/n 10000
wandb:                 train_eval/VRPBLTW/sbs 19.66608
wandb:           train_eval/VRPBLTW/std_final 4.67077
wandb:                train_eval/VRPBLTW/top1 0.4755
wandb:      train_eval/VRPBLTW/top1_tie_aware 0.4757
wandb:                train_eval/VRPBLTW/top2 0.8128
wandb:                train_eval/VRPBLTW/top3 0.9458
wandb:                 train_eval/VRPBLTW/vbs 18.75818
wandb:  train_eval/VRPBLTW/vbs_gap_closed_pct 71.11726
wandb:          train_eval/VRPBLTW/vs_sbs_pct -3.28318
wandb:                   train_eval/VRPBTW/ce 1.08597
wandb:            train_eval/VRPBTW/mean_cost 19.03075
wandb:                    train_eval/VRPBTW/n 10000
wandb:                  train_eval/VRPBTW/sbs 19.69239
wandb:            train_eval/VRPBTW/std_final 4.79514
wandb:                 train_eval/VRPBTW/top1 0.4719
wandb:       train_eval/VRPBTW/top1_tie_aware 0.4719
wandb:                 train_eval/VRPBTW/top2 0.8144
wandb:                 train_eval/VRPBTW/top3 0.9471
wandb:                  train_eval/VRPBTW/vbs 18.76512
wandb:   train_eval/VRPBTW/vbs_gap_closed_pct 71.35351
wandb:           train_eval/VRPBTW/vs_sbs_pct -3.35988
wandb:                     train_eval/VRPL/ce 1.59763
wandb:              train_eval/VRPL/mean_cost 12.38842
wandb:                      train_eval/VRPL/n 10000
wandb:                    train_eval/VRPL/sbs 12.39572
wandb:              train_eval/VRPL/std_final 2.01483
wandb:                   train_eval/VRPL/top1 0.341
wandb:         train_eval/VRPL/top1_tie_aware 0.341
wandb:                   train_eval/VRPL/top2 0.5763
wandb:                   train_eval/VRPL/top3 0.7432
wandb:                    train_eval/VRPL/vbs 12.33346
wandb:     train_eval/VRPL/vbs_gap_closed_pct 11.73528
wandb:             train_eval/VRPL/vs_sbs_pct -0.05895
wandb:                   train_eval/VRPLTW/ce 1.11653
wandb:            train_eval/VRPLTW/mean_cost 17.76079
wandb:                    train_eval/VRPLTW/n 10000
wandb:                  train_eval/VRPLTW/sbs 18.67201
wandb:            train_eval/VRPLTW/std_final 4.734
wandb:                 train_eval/VRPLTW/top1 0.4922
wandb:       train_eval/VRPLTW/top1_tie_aware 0.4925
wandb:                 train_eval/VRPLTW/top2 0.7983
wandb:                 train_eval/VRPLTW/top3 0.9364
wandb:                  train_eval/VRPLTW/vbs 17.5621
wandb:   train_eval/VRPLTW/vbs_gap_closed_pct 82.09922
wandb:           train_eval/VRPLTW/vs_sbs_pct -4.88018
wandb:                    train_eval/VRPTW/ce 1.10627
wandb:             train_eval/VRPTW/mean_cost 17.78812
wandb:                     train_eval/VRPTW/n 10000
wandb:                   train_eval/VRPTW/sbs 18.59486
wandb:             train_eval/VRPTW/std_final 4.88171
wandb:                  train_eval/VRPTW/top1 0.4749
wandb:        train_eval/VRPTW/top1_tie_aware 0.475
wandb:                  train_eval/VRPTW/top2 0.8011
wandb:                  train_eval/VRPTW/top3 0.9365
wandb:                   train_eval/VRPTW/vbs 17.58012
wandb:    train_eval/VRPTW/vbs_gap_closed_pct 79.50236
wandb:            train_eval/VRPTW/vs_sbs_pct -4.33853
wandb:                    train_eval/macro_ce 1.06742
wandb:                  train_eval/macro_top1 0.49721
wandb:        train_eval/macro_top1_tie_aware 0.49827
wandb:                  train_eval/macro_top2 0.82602
wandb:                  train_eval/macro_top3 0.93184
wandb:    train_eval/macro_vbs_gap_closed_pct 32.69162
wandb:            train_eval/macro_vs_sbs_pct -1.11261
wandb:                            val/ATSP/ce 0.59031
wandb:                     val/ATSP/mean_cost 1.63497
wandb:                             val/ATSP/n 1000
wandb:                           val/ATSP/sbs 1.67352
wandb:                     val/ATSP/std_final 4.31391
wandb:                          val/ATSP/top1 0.78
wandb:                val/ATSP/top1_tie_aware 0.789
wandb:                          val/ATSP/top2 0.969
wandb:                          val/ATSP/top3 0.994
wandb:                           val/ATSP/vbs 1.62958
wandb:            val/ATSP/vbs_gap_closed_pct 87.73383
wandb:                    val/ATSP/vs_sbs_pct -2.3036
wandb:                            val/CVRP/ce 1.36048
wandb:                     val/CVRP/mean_cost 18.20401
wandb:                             val/CVRP/n 1000
wandb:                           val/CVRP/sbs 18.29433
wandb:                     val/CVRP/std_final 3.16093
wandb:                          val/CVRP/top1 0.48
wandb:                val/CVRP/top1_tie_aware 0.48
wandb:                          val/CVRP/top2 0.681
wandb:                          val/CVRP/top3 0.823
wandb:                           val/CVRP/vbs 18.10996
wandb:            val/CVRP/vbs_gap_closed_pct 48.9918
wandb:                    val/CVRP/vs_sbs_pct -0.49375
wandb:                            val/OVRP/ce 1.50358
wandb:                     val/OVRP/mean_cost 7.4547
wandb:                             val/OVRP/n 1000
wandb:                           val/OVRP/sbs 7.46166
wandb:                     val/OVRP/std_final 2.72146
wandb:                          val/OVRP/top1 0.359
wandb:                val/OVRP/top1_tie_aware 0.359
wandb:                          val/OVRP/top2 0.652
wandb:                          val/OVRP/top3 0.841
wandb:                           val/OVRP/vbs 7.40346
wandb:            val/OVRP/vbs_gap_closed_pct 11.94452
wandb:                    val/OVRP/vs_sbs_pct -0.09316
wandb:                           val/OVRPB/ce 0.79108
wandb:                    val/OVRPB/mean_cost 6.31667
wandb:                            val/OVRPB/n 1000
wandb:                          val/OVRPB/sbs 6.32198
wandb:                    val/OVRPB/std_final 4.63445
wandb:                         val/OVRPB/top1 0.576
wandb:               val/OVRPB/top1_tie_aware 0.576
wandb:                         val/OVRPB/top2 0.968
wandb:                         val/OVRPB/top3 0.984
wandb:                          val/OVRPB/vbs 6.26069
wandb:           val/OVRPB/vbs_gap_closed_pct 8.67027
wandb:                   val/OVRPB/vs_sbs_pct -0.08406
wandb:                          val/OVRPBL/ce 0.85271
wandb:                   val/OVRPBL/mean_cost 6.30315
wandb:                           val/OVRPBL/n 1000
wandb:                         val/OVRPBL/sbs 6.31026
wandb:                   val/OVRPBL/std_final 4.68626
wandb:                        val/OVRPBL/top1 0.58
wandb:              val/OVRPBL/top1_tie_aware 0.58
wandb:                        val/OVRPBL/top2 0.954
wandb:                        val/OVRPBL/top3 0.987
wandb:                         val/OVRPBL/vbs 6.24593
wandb:          val/OVRPBL/vbs_gap_closed_pct 11.05196
wandb:                  val/OVRPBL/vs_sbs_pct -0.11267
wandb:                        val/OVRPBLTW/ce 0.88906
wandb:                 val/OVRPBLTW/mean_cost 10.53154
wandb:                         val/OVRPBLTW/n 1000
wandb:                       val/OVRPBLTW/sbs 10.54118
wandb:                 val/OVRPBLTW/std_final 6.12504
wandb:                      val/OVRPBLTW/top1 0.497
wandb:            val/OVRPBLTW/top1_tie_aware 0.497
wandb:                      val/OVRPBLTW/top2 0.919
wandb:                      val/OVRPBLTW/top3 0.999
wandb:                       val/OVRPBLTW/vbs 10.41123
wandb:        val/OVRPBLTW/vbs_gap_closed_pct 7.4169
wandb:                val/OVRPBLTW/vs_sbs_pct -0.09143
wandb:                         val/OVRPBTW/ce 0.89579
wandb:                  val/OVRPBTW/mean_cost 10.50248
wandb:                          val/OVRPBTW/n 1000
wandb:                        val/OVRPBTW/sbs 10.50678
wandb:                  val/OVRPBTW/std_final 6.15386
wandb:                       val/OVRPBTW/top1 0.496
wandb:             val/OVRPBTW/top1_tie_aware 0.496
wandb:                       val/OVRPBTW/top2 0.913
wandb:                       val/OVRPBTW/top3 0.998
wandb:                        val/OVRPBTW/vbs 10.3798
wandb:         val/OVRPBTW/vbs_gap_closed_pct 3.38317
wandb:                 val/OVRPBTW/vs_sbs_pct -0.04089
wandb:                           val/OVRPL/ce 1.41939
wandb:                    val/OVRPL/mean_cost 7.43072
wandb:                            val/OVRPL/n 1000
wandb:                          val/OVRPL/sbs 7.43756
wandb:                    val/OVRPL/std_final 2.58678
wandb:                         val/OVRPL/top1 0.399
wandb:               val/OVRPL/top1_tie_aware 0.399
wandb:                         val/OVRPL/top2 0.695
wandb:                         val/OVRPL/top3 0.86
wandb:                          val/OVRPL/vbs 7.37957
wandb:           val/OVRPL/vbs_gap_closed_pct 11.78793
wandb:                   val/OVRPL/vs_sbs_pct -0.09191
wandb:                         val/OVRPLTW/ce 0.87752
wandb:                  val/OVRPLTW/mean_cost 10.1276
wandb:                          val/OVRPLTW/n 1000
wandb:                        val/OVRPLTW/sbs 10.12721
wandb:                  val/OVRPLTW/std_final 6.00283
wandb:                       val/OVRPLTW/top1 0.496
wandb:             val/OVRPLTW/top1_tie_aware 0.496
wandb:                       val/OVRPLTW/top2 0.927
wandb:                       val/OVRPLTW/top3 0.999
wandb:                        val/OVRPLTW/vbs 10.03984
wandb:         val/OVRPLTW/vbs_gap_closed_pct -0.44733
wandb:                 val/OVRPLTW/vs_sbs_pct 0.00386
wandb:                          val/OVRPTW/ce 0.88419
wandb:                   val/OVRPTW/mean_cost 10.04618
wandb:                           val/OVRPTW/n 1000
wandb:                         val/OVRPTW/sbs 10.04843
wandb:                   val/OVRPTW/std_final 6.57396
wandb:                        val/OVRPTW/top1 0.487
wandb:              val/OVRPTW/top1_tie_aware 0.487
wandb:                        val/OVRPTW/top2 0.933
wandb:                        val/OVRPTW/top3 1
wandb:                         val/OVRPTW/vbs 9.95852
wandb:          val/OVRPTW/vbs_gap_closed_pct 2.50317
wandb:                  val/OVRPTW/vs_sbs_pct -0.0224
wandb:                             val/TSP/ce 1.65999
wandb:                      val/TSP/mean_cost 7.91861
wandb:                              val/TSP/n 1000
wandb:                            val/TSP/sbs 7.9578
wandb:                      val/TSP/std_final 2.59042
wandb:                           val/TSP/top1 0.366
wandb:                 val/TSP/top1_tie_aware 0.373
wandb:                           val/TSP/top2 0.601
wandb:                           val/TSP/top3 0.759
wandb:                            val/TSP/vbs 7.86948
wandb:             val/TSP/vbs_gap_closed_pct 44.3737
wandb:                     val/TSP/vs_sbs_pct -0.49248
wandb:                            val/VRPB/ce 0.88558
wandb:                     val/VRPB/mean_cost 9.3304
wandb:                             val/VRPB/n 1000
wandb:                           val/VRPB/sbs 9.34027
wandb:                     val/VRPB/std_final 5.56959
wandb:                          val/VRPB/top1 0.565
wandb:                val/VRPB/top1_tie_aware 0.565
wandb:                          val/VRPB/top2 0.918
wandb:                          val/VRPB/top3 0.996
wandb:                           val/VRPB/vbs 9.26825
wandb:            val/VRPB/vbs_gap_closed_pct 13.69693
wandb:                    val/VRPB/vs_sbs_pct -0.10561
wandb:                           val/VRPBL/ce 0.91715
wandb:                    val/VRPBL/mean_cost 9.35764
wandb:                            val/VRPBL/n 1000
wandb:                          val/VRPBL/sbs 9.35926
wandb:                    val/VRPBL/std_final 5.5194
wandb:                         val/VRPBL/top1 0.532
wandb:               val/VRPBL/top1_tie_aware 0.532
wandb:                         val/VRPBL/top2 0.914
wandb:                         val/VRPBL/top3 0.988
wandb:                          val/VRPBL/vbs 9.28459
wandb:           val/VRPBL/vbs_gap_closed_pct 2.17961
wandb:                   val/VRPBL/vs_sbs_pct -0.01739
wandb:                         val/VRPBLTW/ce 1.18749
wandb:                  val/VRPBLTW/mean_cost 18.94355
wandb:                          val/VRPBLTW/n 1000
wandb:                        val/VRPBLTW/sbs 19.51978
wandb:                  val/VRPBLTW/std_final 4.83549
wandb:                       val/VRPBLTW/top1 0.43
wandb:             val/VRPBLTW/top1_tie_aware 0.43
wandb:                       val/VRPBLTW/top2 0.78
wandb:                       val/VRPBLTW/top3 0.931
wandb:                        val/VRPBLTW/vbs 18.65153
wandb:         val/VRPBLTW/vbs_gap_closed_pct 66.36751
wandb:                 val/VRPBLTW/vs_sbs_pct -2.95207
wandb:                          val/VRPBTW/ce 1.18002
wandb:                   val/VRPBTW/mean_cost 19.04807
wandb:                           val/VRPBTW/n 1000
wandb:                         val/VRPBTW/sbs 19.66974
wandb:                   val/VRPBTW/std_final 4.98033
wandb:                        val/VRPBTW/top1 0.435
wandb:              val/VRPBTW/top1_tie_aware 0.435
wandb:                        val/VRPBTW/top2 0.795
wandb:                        val/VRPBTW/top3 0.933
wandb:                         val/VRPBTW/vbs 18.74439
wandb:          val/VRPBTW/vbs_gap_closed_pct 67.1816
wandb:                  val/VRPBTW/vs_sbs_pct -3.16052
wandb:                            val/VRPL/ce 1.61822
wandb:                     val/VRPL/mean_cost 12.40014
wandb:                             val/VRPL/n 1000
wandb:                           val/VRPL/sbs 12.40722
wandb:                     val/VRPL/std_final 2.03109
wandb:                          val/VRPL/top1 0.325
wandb:                val/VRPL/top1_tie_aware 0.325
wandb:                          val/VRPL/top2 0.565
wandb:                          val/VRPL/top3 0.727
wandb:                           val/VRPL/vbs 12.34403
wandb:            val/VRPL/vbs_gap_closed_pct 11.19708
wandb:                    val/VRPL/vs_sbs_pct -0.05703
wandb:                          val/VRPLTW/ce 1.157
wandb:                   val/VRPLTW/mean_cost 17.63542
wandb:                           val/VRPLTW/n 1000
wandb:                         val/VRPLTW/sbs 18.50915
wandb:                   val/VRPLTW/std_final 4.86178
wandb:                        val/VRPLTW/top1 0.446
wandb:              val/VRPLTW/top1_tie_aware 0.446
wandb:                        val/VRPLTW/top2 0.806
wandb:                        val/VRPLTW/top3 0.925
wandb:                         val/VRPLTW/vbs 17.41942
wandb:          val/VRPLTW/vbs_gap_closed_pct 80.17885
wandb:                  val/VRPLTW/vs_sbs_pct -4.72051
wandb:                           val/VRPTW/ce 1.1964
wandb:                    val/VRPTW/mean_cost 17.8879
wandb:                            val/VRPTW/n 1000
wandb:                          val/VRPTW/sbs 18.65708
wandb:                    val/VRPTW/std_final 4.96095
wandb:                         val/VRPTW/top1 0.463
wandb:               val/VRPTW/top1_tie_aware 0.463
wandb:                         val/VRPTW/top2 0.775
wandb:                         val/VRPTW/top3 0.921
wandb:                          val/VRPTW/vbs 17.66025
wandb:           val/VRPTW/vbs_gap_closed_pct 77.16249
wandb:                   val/VRPTW/vs_sbs_pct -4.12271
wandb:                           val/macro_ce 1.10366
wandb:                         val/macro_top1 0.484
wandb:               val/macro_top1_tie_aware 0.48489
wandb:                         val/macro_top2 0.82028
wandb:                         val/macro_top3 0.92583
wandb:           val/macro_vbs_gap_closed_pct 30.85411
wandb:                   val/macro_vs_sbs_pct -1.05324
wandb: 
wandb: You can sync this run to the cloud by running:
wandb: wandb sync code/V4/runs/R34_winner_cost_seed2_4090/wandb/offline-run-20260930_030222-xs1ia7qr
wandb: Find logs at: code/V4/runs/R34_winner_cost_seed2_4090/wandb/offline-run-20260930_030222-xs1ia7qr/logs
