10:30:29 | epoch=1 | TRAIN[0] | TSP | select arm=0(bq) | reason=warm_start
     0(bq              ): pulls=   0 | mean=+0.0000 | bonus=10.7781 | score=+10.7781 <--
     1(elg             ): pulls=   0 | mean=+0.0000 | bonus=10.5347 | score=+10.5347
     2(lehd            ): pulls=   0 | mean=+0.0000 | bonus=10.6784 | score=+10.6784
     3(t2t             ): pulls=   0 | mean=+0.0000 | bonus=10.6065 | score=+10.6065
     4(t2t500          ): pulls=   0 | mean=+0.0000 | bonus=10.6245 | score=+10.6245
     5(difusco         ): pulls=   0 | mean=+0.0000 | bonus=10.5378 | score=+10.5378
     6(difusco500      ): pulls=   0 | mean=+0.0000 | bonus=10.6366 | score=+10.6366
10:30:31 | t=1 | UPDATE | problem=TSP | head=TSP | uid=tsp:train:6320 | global_index=6320 | arm=0(bq)
    outcome: reward=0.5833 | selected_cost=5.1813 | best_cost=5.1810 | regret=0.0003
    result: record_global_index=6320 | name=None | score=5.1813
    arm_stats: problem_pulls=1 | problem_avg_reward=0.5833 | global_pulls=1 | global_avg_reward=0.5833
    state: rep_history=1/5000 | linear_history=1/10000 | head_mode=problem_specific | theta_norm=0.0537 | A_inv_diag_mean=0.984508 | A_inv_diag_min=0.873824 | A_inv_diag_max=0.999997
10:30:35 | epoch=1 | TRAIN[1] | CVRP | select arm=1(elg) | reason=warm_start
     0(bq              ): pulls=   0 | mean=+0.0000 | bonus=42.0873 | score=+42.0873
     1(elg             ): pulls=   0 | mean=+0.0000 | bonus=41.8516 | score=+41.8516 <--
     2(lehd            ): pulls=   0 | mean=+0.0000 | bonus=42.0152 | score=+42.0152
     7(omni            ): pulls=   0 | mean=+0.0000 | bonus=41.9665 | score=+41.9665
     8(mvmoe           ): pulls=   0 | mean=+0.0000 | bonus=41.9248 | score=+41.9248
10:30:39 | t=2 | UPDATE | problem=CVRP | head=CVRP | uid=cvrp:train:4025 | global_index=4025 | arm=1(elg)
    outcome: reward=0.5000 | selected_cost=27.5213 | best_cost=26.7729 | regret=0.7484
    result: record_global_index=4025 | name=None | score=27.5213
    arm_stats: problem_pulls=1 | problem_avg_reward=0.5000 | global_pulls=1 | global_avg_reward=0.5000
    state: rep_history=2/5000 | linear_history=2/10000 | head_mode=problem_specific | theta_norm=0.0119 | A_inv_diag_mean=0.984384 | A_inv_diag_min=0.861505 | A_inv_diag_max=1.000000
10:30:41 | epoch=1 | TRAIN[2] | TSP | select arm=2(lehd) | reason=warm_start
     0(bq              ): pulls=   1 | mean=+1.5142 | bonus=3.5497 | score=+5.0639
     1(elg             ): pulls=   0 | mean=+1.4986 | bonus=3.8714 | score=+5.3700
     2(lehd            ): pulls=   0 | mean=+1.5077 | bonus=3.8891 | score=+5.3968 <--
     3(t2t             ): pulls=   0 | mean=+1.5031 | bonus=3.9090 | score=+5.4122
     4(t2t500          ): pulls=   0 | mean=+1.5029 | bonus=4.0048 | score=+5.5077
     5(difusco         ): pulls=   0 | mean=+1.4988 | bonus=4.0072 | score=+5.5060
     6(difusco500      ): pulls=   0 | mean=+1.5050 | bonus=3.7669 | score=+5.2718
10:30:44 | t=3 | UPDATE | problem=TSP | head=TSP | uid=tsp:train:2693 | global_index=2693 | arm=2(lehd)
    outcome: reward=0.1667 | selected_cost=6.7536 | best_cost=6.6083 | regret=0.1453
    result: record_global_index=2693 | name=None | score=6.7536
    arm_stats: problem_pulls=1 | problem_avg_reward=0.1667 | global_pulls=1 | global_avg_reward=0.1667
    state: rep_history=3/5000 | linear_history=3/10000 | head_mode=problem_specific | theta_norm=0.2432 | A_inv_diag_mean=0.976325 | A_inv_diag_min=0.864305 | A_inv_diag_max=0.999602
10:30:47 | epoch=1 | TRAIN[3] | CVRP | select arm=7(omni) | reason=warm_start
     0(bq              ): pulls=   0 | mean=+0.6069 | bonus=1.4558 | score=+2.0627
     1(elg             ): pulls=   1 | mean=+0.6042 | bonus=1.2305 | score=+1.8347
     2(lehd            ): pulls=   0 | mean=+0.6060 | bonus=1.3925 | score=+1.9985
     7(omni            ): pulls=   0 | mean=+0.6055 | bonus=1.3137 | score=+1.9192 <--
     8(mvmoe           ): pulls=   0 | mean=+0.6050 | bonus=1.3296 | score=+1.9346
10:30:51 | t=4 | UPDATE | problem=CVRP | head=CVRP | uid=cvrp:train:2570 | global_index=2570 | arm=7(omni)
    outcome: reward=1.0000 | selected_cost=23.7910 | best_cost=23.7910 | regret=0.0000
    result: record_global_index=2570 | name=None | score=23.7910
    arm_stats: problem_pulls=1 | problem_avg_reward=1.0000 | global_pulls=1 | global_avg_reward=1.0000
    state: rep_history=4/5000 | linear_history=4/10000 | head_mode=problem_specific | theta_norm=0.0753 | A_inv_diag_mean=0.982897 | A_inv_diag_min=0.861086 | A_inv_diag_max=0.999970
10:30:54 | epoch=1 | TRAIN[4] | CVRP | select arm=8(mvmoe) | reason=warm_start
     0(bq              ): pulls=   0 | mean=+0.7881 | bonus=1.7343 | score=+2.5224
     1(elg             ): pulls=   1 | mean=+0.7660 | bonus=1.4640 | score=+2.2301
     2(lehd            ): pulls=   0 | mean=+0.7739 | bonus=1.6266 | score=+2.4006
     7(omni            ): pulls=   1 | mean=+0.7953 | bonus=1.5236 | score=+2.3189
     8(mvmoe           ): pulls=   0 | mean=+0.7740 | bonus=1.6378 | score=+2.4118 <--
10:30:57 | t=5 | UPDATE | problem=CVRP | head=CVRP | uid=cvrp:train:1240 | global_index=1240 | arm=8(mvmoe)
    outcome: reward=0.0000 | selected_cost=24.3341 | best_cost=22.1899 | regret=2.1441
    result: record_global_index=1240 | name=None | score=24.3341
    arm_stats: problem_pulls=1 | problem_avg_reward=0.0000 | global_pulls=1 | global_avg_reward=0.0000
    state: rep_history=5/5000 | linear_history=5/10000 | head_mode=problem_specific | theta_norm=0.2972 | A_inv_diag_mean=0.973549 | A_inv_diag_min=0.845031 | A_inv_diag_max=0.998455
10:31:00 | epoch=1 | TRAIN[5] | TSP | select arm=3(t2t) | reason=warm_start
     0(bq              ): pulls=   1 | mean=+0.4089 | bonus=1.8651 | score=+2.2740
     1(elg             ): pulls=   0 | mean=+0.2882 | bonus=2.0577 | score=+2.3459
     2(lehd            ): pulls=   1 | mean=+0.2753 | bonus=1.8656 | score=+2.1409
     3(t2t             ): pulls=   0 | mean=+0.2815 | bonus=2.0246 | score=+2.3061 <--
     4(t2t500          ): pulls=   0 | mean=+0.2475 | bonus=2.0390 | score=+2.2864
     5(difusco         ): pulls=   0 | mean=+0.2453 | bonus=1.9819 | score=+2.2272
     6(difusco500      ): pulls=   0 | mean=+0.3305 | bonus=1.9768 | score=+2.3073
10:31:04 | t=6 | UPDATE | problem=TSP | head=TSP | uid=tsp:train:751 | global_index=751 | arm=3(t2t)
    outcome: reward=0.5000 | selected_cost=8.7088 | best_cost=8.6007 | regret=0.1081
    result: record_global_index=751 | name=None | score=8.7088
    arm_stats: problem_pulls=1 | problem_avg_reward=0.5000 | global_pulls=1 | global_avg_reward=0.5000
    state: rep_history=6/5000 | linear_history=6/10000 | head_mode=problem_specific | theta_norm=0.2302 | A_inv_diag_mean=0.970610 | A_inv_diag_min=0.850173 | A_inv_diag_max=0.998214
10:31:07 | epoch=1 | TRAIN[6] | TSP | select arm=4(t2t500) | reason=warm_start
     0(bq              ): pulls=   1 | mean=+0.5045 | bonus=0.8478 | score=+1.3523
     1(elg             ): pulls=   0 | mean=+0.4042 | bonus=0.8181 | score=+1.2224
     2(lehd            ): pulls=   1 | mean=+0.3712 | bonus=0.7834 | score=+1.1546
     3(t2t             ): pulls=   1 | mean=+0.4005 | bonus=0.7268 | score=+1.1273
     4(t2t500          ): pulls=   0 | mean=+0.3608 | bonus=0.8436 | score=+1.2044 <--
     5(difusco         ): pulls=   0 | mean=+0.3556 | bonus=0.8261 | score=+1.1816
     6(difusco500      ): pulls=   0 | mean=+0.4389 | bonus=0.8270 | score=+1.2659
10:31:10 | t=7 | UPDATE | problem=TSP | head=TSP | uid=tsp:train:1750 | global_index=1750 | arm=4(t2t500)
    outcome: reward=0.8333 | selected_cost=10.6303 | best_cost=10.5559 | regret=0.0744
    result: record_global_index=1750 | name=None | score=10.6303
    arm_stats: problem_pulls=1 | problem_avg_reward=0.8333 | global_pulls=1 | global_avg_reward=0.8333
    state: rep_history=7/5000 | linear_history=7/10000 | head_mode=problem_specific | theta_norm=0.2386 | A_inv_diag_mean=0.968452 | A_inv_diag_min=0.848570 | A_inv_diag_max=0.998170
10:31:13 | epoch=1 | TRAIN[7] | CVRP | select arm=0(bq) | reason=warm_start
     0(bq              ): pulls=   0 | mean=+0.4480 | bonus=0.9182 | score=+1.3662 <--
     1(elg             ): pulls=   1 | mean=+0.4652 | bonus=0.5318 | score=+0.9969
     2(lehd            ): pulls=   0 | mean=+0.4234 | bonus=0.8112 | score=+1.2346
     7(omni            ): pulls=   1 | mean=+0.4871 | bonus=0.5680 | score=+1.0550
     8(mvmoe           ): pulls=   1 | mean=+0.3931 | bonus=0.6076 | score=+1.0007
10:31:17 | t=8 | UPDATE | problem=CVRP | head=CVRP | uid=cvrp:train:6854 | global_index=6854 | arm=0(bq)
    outcome: reward=1.0000 | selected_cost=12.5363 | best_cost=12.5363 | regret=0.0000
    result: record_global_index=6854 | name=None | score=12.5363
    arm_stats: problem_pulls=1 | problem_avg_reward=1.0000 | global_pulls=2 | global_avg_reward=0.7917
    state: rep_history=8/5000 | linear_history=8/10000 | head_mode=problem_specific | theta_norm=0.4001 | A_inv_diag_mean=0.968070 | A_inv_diag_min=0.844658 | A_inv_diag_max=0.998157
10:31:20 | epoch=1 | TRAIN[8] | TSP | select arm=5(difusco) | reason=warm_start
     0(bq              ): pulls=   1 | mean=+0.7749 | bonus=1.0381 | score=+1.8131
     1(elg             ): pulls=   0 | mean=+0.7242 | bonus=1.0037 | score=+1.7278
     2(lehd            ): pulls=   1 | mean=+0.6661 | bonus=0.9955 | score=+1.6616
     3(t2t             ): pulls=   1 | mean=+0.6897 | bonus=0.9151 | score=+1.6048
     4(t2t500          ): pulls=   1 | mean=+0.7176 | bonus=0.9359 | score=+1.6536
     5(difusco         ): pulls=   0 | mean=+0.6772 | bonus=0.9331 | score=+1.6103 <--
     6(difusco500      ): pulls=   0 | mean=+0.7365 | bonus=1.0079 | score=+1.7445
10:31:24 | t=9 | UPDATE | problem=TSP | head=TSP | uid=tsp:train:9350 | global_index=9350 | arm=5(difusco)
    outcome: reward=0.1667 | selected_cost=9.1076 | best_cost=8.8990 | regret=0.2086
    result: record_global_index=9350 | name=None | score=9.1076
    arm_stats: problem_pulls=1 | problem_avg_reward=0.1667 | global_pulls=1 | global_avg_reward=0.1667
    state: rep_history=9/5000 | linear_history=9/10000 | head_mode=problem_specific | theta_norm=0.2944 | A_inv_diag_mean=0.966833 | A_inv_diag_min=0.841533 | A_inv_diag_max=0.998095
10:31:28 | epoch=1 | TRAIN[9] | TSP | select arm=6(difusco500) | reason=warm_start
     0(bq              ): pulls=   1 | mean=+0.5888 | bonus=0.8664 | score=+1.4552
     1(elg             ): pulls=   0 | mean=+0.5034 | bonus=0.7757 | score=+1.2792
     2(lehd            ): pulls=   1 | mean=+0.4545 | bonus=0.7873 | score=+1.2419
     3(t2t             ): pulls=   1 | mean=+0.4714 | bonus=0.6717 | score=+1.1431
     4(t2t500          ): pulls=   1 | mean=+0.4966 | bonus=0.7065 | score=+1.2031
     5(difusco         ): pulls=   1 | mean=+0.4266 | bonus=0.6473 | score=+1.0739
     6(difusco500      ): pulls=   0 | mean=+0.5330 | bonus=0.8036 | score=+1.3366 <--
10:31:31 | t=10 | UPDATE | problem=TSP | head=TSP | uid=tsp:train:409 | global_index=409 | arm=6(difusco500)
    outcome: reward=0.3333 | selected_cost=8.9885 | best_cost=8.7986 | regret=0.1899
    result: record_global_index=409 | name=None | score=8.9885
    arm_stats: problem_pulls=1 | problem_avg_reward=0.3333 | global_pulls=1 | global_avg_reward=0.3333
    state: rep_history=10/5000 | linear_history=10/10000 | head_mode=problem_specific | theta_norm=0.2935 | A_inv_diag_mean=0.963971 | A_inv_diag_min=0.840804 | A_inv_diag_max=0.997825
10:32:54 | t=10 | TRAIN | module=representation | trigger=train_every(10)
    optimize: epochs=1 | opt_steps=2 | batch_size=8 | lr=0.001
    buffers: rep_history=10/5000 | linear_history=10/10000
    sampling: balance_mode=problem_arm | power=0.500 | loss_reweight=True | groups=10 | group_count_min=1 | group_count_max=1
    heads: mode=problem_specific | active=CVRP,TSP
    loss: avg=0.622986 | min=0.387380 | max=0.858592 | last=0.387380
10:32:58 | epoch=1 | TRAIN[10] | TSP | select arm=1(elg) | reason=warm_start
     0(bq              ): pulls=   1 | mean=+0.4966 | bonus=0.7306 | score=+1.2272
     1(elg             ): pulls=   0 | mean=+0.4298 | bonus=0.6031 | score=+1.0329 <--
     2(lehd            ): pulls=   1 | mean=+0.3907 | bonus=0.6590 | score=+1.0497
     3(t2t             ): pulls=   1 | mean=+0.4036 | bonus=0.5333 | score=+0.9369
     4(t2t500          ): pulls=   1 | mean=+0.4289 | bonus=0.5799 | score=+1.0088
     5(difusco         ): pulls=   1 | mean=+0.3764 | bonus=0.5487 | score=+0.9251
     6(difusco500      ): pulls=   1 | mean=+0.4271 | bonus=0.5730 | score=+1.0001
10:33:01 | t=11 | UPDATE | problem=TSP | head=TSP | uid=tsp:train:6062 | global_index=6062 | arm=1(elg)
    outcome: reward=0.0000 | selected_cost=7.5305 | best_cost=7.2677 | regret=0.2628
    result: record_global_index=6062 | name=None | score=7.5305
    arm_stats: problem_pulls=1 | problem_avg_reward=0.0000 | global_pulls=2 | global_avg_reward=0.2500
    state: rep_history=11/5000 | linear_history=11/10000 | head_mode=problem_specific | theta_norm=0.2982 | A_inv_diag_mean=0.962947 | A_inv_diag_min=0.827381 | A_inv_diag_max=0.998841
10:33:04 | epoch=1 | TRAIN[11] | CVRP | select arm=2(lehd) | reason=warm_start
     0(bq              ): pulls=   1 | mean=+0.5652 | bonus=0.7353 | score=+1.3005
     1(elg             ): pulls=   1 | mean=+0.3879 | bonus=0.5669 | score=+0.9548
     2(lehd            ): pulls=   0 | mean=+0.4298 | bonus=0.8150 | score=+1.2449 <--
     7(omni            ): pulls=   1 | mean=+0.4458 | bonus=0.5287 | score=+0.9745
     8(mvmoe           ): pulls=   1 | mean=+0.3193 | bonus=0.6607 | score=+0.9800
10:33:06 | t=12 | UPDATE | problem=CVRP | head=CVRP | uid=cvrp:train:282 | global_index=282 | arm=2(lehd)
    outcome: reward=0.0000 | selected_cost=17.6183 | best_cost=16.9074 | regret=0.7109
    result: record_global_index=282 | name=None | score=17.6183
    arm_stats: problem_pulls=1 | problem_avg_reward=0.0000 | global_pulls=2 | global_avg_reward=0.0833
    state: rep_history=12/5000 | linear_history=12/10000 | head_mode=problem_specific | theta_norm=0.4255 | A_inv_diag_mean=0.962488 | A_inv_diag_min=0.825907 | A_inv_diag_max=0.997994
10:33:09 | epoch=1 | TRAIN[12] | CVRP | select arm=7(omni) | reason=warm_start
     0(bq              ): pulls=   1 | mean=+0.2443 | bonus=0.8218 | score=+1.0661
     1(elg             ): pulls=   1 | mean=+0.0777 | bonus=0.6855 | score=+0.7631
     2(lehd            ): pulls=   1 | mean=+0.0319 | bonus=0.7507 | score=+0.7827
     7(omni            ): pulls=   1 | mean=+0.1503 | bonus=0.6779 | score=+0.8282 <--
     8(mvmoe           ): pulls=   1 | mean=-0.0204 | bonus=0.7152 | score=+0.6948
10:33:11 | t=13 | UPDATE | problem=CVRP | head=CVRP | uid=cvrp:train:53 | global_index=53 | arm=7(omni)
    outcome: reward=0.5000 | selected_cost=15.6843 | best_cost=15.5953 | regret=0.0891
    result: record_global_index=53 | name=None | score=15.6843
    arm_stats: problem_pulls=2 | problem_avg_reward=0.7500 | global_pulls=2 | global_avg_reward=0.7500
    state: rep_history=13/5000 | linear_history=13/10000 | head_mode=problem_specific | theta_norm=0.4414 | A_inv_diag_mean=0.958231 | A_inv_diag_min=0.825811 | A_inv_diag_max=0.996343
10:33:13 | epoch=1 | TRAIN[13] | CVRP | select arm=8(mvmoe) | reason=warm_start
     0(bq              ): pulls=   1 | mean=+0.5224 | bonus=0.6522 | score=+1.1746
     1(elg             ): pulls=   1 | mean=+0.3476 | bonus=0.4769 | score=+0.8245
     2(lehd            ): pulls=   1 | mean=+0.2903 | bonus=0.6134 | score=+0.9037
     7(omni            ): pulls=   2 | mean=+0.4390 | bonus=0.4387 | score=+0.8777
     8(mvmoe           ): pulls=   1 | mean=+0.2396 | bonus=0.5512 | score=+0.7908 <--
10:33:15 | t=14 | UPDATE | problem=CVRP | head=CVRP | uid=cvrp:train:3834 | global_index=3834 | arm=8(mvmoe)
    outcome: reward=0.0000 | selected_cost=15.7428 | best_cost=15.1575 | regret=0.5853
    result: record_global_index=3834 | name=None | score=15.7428
    arm_stats: problem_pulls=2 | problem_avg_reward=0.0000 | global_pulls=2 | global_avg_reward=0.0000
    state: rep_history=14/5000 | linear_history=14/10000 | head_mode=problem_specific | theta_norm=0.4807 | A_inv_diag_mean=0.956274 | A_inv_diag_min=0.825749 | A_inv_diag_max=0.994307
10:33:18 | epoch=1 | TRAIN[14] | CVRP | select arm=0(bq) | reason=warm_start
     0(bq              ): pulls=   1 | mean=+0.5251 | bonus=0.6564 | score=+1.1815 <--
     1(elg             ): pulls=   1 | mean=+0.3315 | bonus=0.5259 | score=+0.8574
     2(lehd            ): pulls=   1 | mean=+0.2659 | bonus=0.6368 | score=+0.9027
     7(omni            ): pulls=   2 | mean=+0.4364 | bonus=0.4734 | score=+0.9097
     8(mvmoe           ): pulls=   2 | mean=+0.2036 | bonus=0.5564 | score=+0.7600
10:33:20 | t=15 | UPDATE | problem=CVRP | head=CVRP | uid=cvrp:train:4218 | global_index=4218 | arm=0(bq)
    outcome: reward=0.7500 | selected_cost=15.3072 | best_cost=15.2719 | regret=0.0353
    result: record_global_index=4218 | name=None | score=15.3072
    arm_stats: problem_pulls=2 | problem_avg_reward=0.8750 | global_pulls=3 | global_avg_reward=0.7778
    state: rep_history=15/5000 | linear_history=15/10000 | head_mode=problem_specific | theta_norm=0.5243 | A_inv_diag_mean=0.954044 | A_inv_diag_min=0.825743 | A_inv_diag_max=0.994218
10:33:22 | epoch=1 | TRAIN[15] | CVRP | select arm=1(elg) | reason=warm_start
     0(bq              ): pulls=   2 | mean=+0.3543 | bonus=0.7725 | score=+1.1268
     1(elg             ): pulls=   1 | mean=+0.1165 | bonus=0.5983 | score=+0.7148 <--
     2(lehd            ): pulls=   1 | mean=+0.0654 | bonus=0.6662 | score=+0.7316
     7(omni            ): pulls=   2 | mean=+0.2265 | bonus=0.6176 | score=+0.8440
     8(mvmoe           ): pulls=   2 | mean=-0.0121 | bonus=0.6088 | score=+0.5968
10:33:25 | t=16 | UPDATE | problem=CVRP | head=CVRP | uid=cvrp:train:5249 | global_index=5249 | arm=1(elg)
    outcome: reward=0.2500 | selected_cost=12.7668 | best_cost=12.6262 | regret=0.1406
    result: record_global_index=5249 | name=None | score=12.7668
    arm_stats: problem_pulls=2 | problem_avg_reward=0.3750 | global_pulls=3 | global_avg_reward=0.2500
    state: rep_history=16/5000 | linear_history=16/10000 | head_mode=problem_specific | theta_norm=0.5187 | A_inv_diag_mean=0.951611 | A_inv_diag_min=0.824705 | A_inv_diag_max=0.994215
10:33:28 | epoch=1 | TRAIN[16] | CVRP | select arm=2(lehd) | reason=warm_start
     0(bq              ): pulls=   2 | mean=+1.0746 | bonus=0.8677 | score=+1.9423
     1(elg             ): pulls=   2 | mean=+0.8498 | bonus=0.8665 | score=+1.7163
     2(lehd            ): pulls=   1 | mean=+0.7828 | bonus=0.8543 | score=+1.6371 <--
     7(omni            ): pulls=   2 | mean=+0.9504 | bonus=0.8681 | score=+1.8185
     8(mvmoe           ): pulls=   2 | mean=+0.7109 | bonus=0.8259 | score=+1.5368
10:33:32 | t=17 | UPDATE | problem=CVRP | head=CVRP | uid=cvrp:train:9501 | global_index=9501 | arm=2(lehd)
    outcome: reward=1.0000 | selected_cost=11.9816 | best_cost=11.9816 | regret=0.0000
    result: record_global_index=9501 | name=None | score=11.9816
    arm_stats: problem_pulls=2 | problem_avg_reward=0.5000 | global_pulls=3 | global_avg_reward=0.3889
    state: rep_history=17/5000 | linear_history=17/10000 | head_mode=problem_specific | theta_norm=0.5077 | A_inv_diag_mean=0.949555 | A_inv_diag_min=0.824622 | A_inv_diag_max=0.993619
10:33:35 | epoch=1 | TRAIN[17] | CVRP | select arm=0(bq) | reason=epsilon_random
     0(bq              ): pulls=   2 | mean=+1.1075 | bonus=0.7084 | score=+1.8159 <--
     1(elg             ): pulls=   2 | mean=+0.8867 | bonus=0.7182 | score=+1.6050
     2(lehd            ): pulls=   2 | mean=+0.8364 | bonus=0.6385 | score=+1.4748
     7(omni            ): pulls=   2 | mean=+0.9851 | bonus=0.7254 | score=+1.7105
     8(mvmoe           ): pulls=   2 | mean=+0.7498 | bonus=0.6827 | score=+1.4325
10:33:38 | t=18 | UPDATE | problem=CVRP | head=CVRP | uid=cvrp:train:9805 | global_index=9805 | arm=0(bq)
    outcome: reward=0.7500 | selected_cost=20.2695 | best_cost=19.7877 | regret=0.4818
    result: record_global_index=9805 | name=None | score=20.2695
    arm_stats: problem_pulls=3 | problem_avg_reward=0.8333 | global_pulls=4 | global_avg_reward=0.7708
    state: rep_history=18/5000 | linear_history=18/10000 | head_mode=problem_specific | theta_norm=0.4547 | A_inv_diag_mean=0.948067 | A_inv_diag_min=0.824349 | A_inv_diag_max=0.992600
10:33:41 | epoch=1 | TRAIN[18] | TSP | select arm=3(t2t) | reason=warm_start
     0(bq              ): pulls=   1 | mean=+0.4166 | bonus=0.6776 | score=+1.0942
     1(elg             ): pulls=   1 | mean=+0.3011 | bonus=0.4841 | score=+0.7852
     2(lehd            ): pulls=   1 | mean=+0.3094 | bonus=0.5663 | score=+0.8757
     3(t2t             ): pulls=   1 | mean=+0.3294 | bonus=0.5045 | score=+0.8339 <--
     4(t2t500          ): pulls=   1 | mean=+0.3360 | bonus=0.4947 | score=+0.8308
     5(difusco         ): pulls=   1 | mean=+0.3051 | bonus=0.5507 | score=+0.8559
     6(difusco500      ): pulls=   1 | mean=+0.3385 | bonus=0.5332 | score=+0.8717
10:33:44 | t=19 | UPDATE | problem=TSP | head=TSP | uid=tsp:train:9120 | global_index=9120 | arm=3(t2t)
    outcome: reward=0.3333 | selected_cost=6.6849 | best_cost=6.5640 | regret=0.1209
    result: record_global_index=9120 | name=None | score=6.6849
    arm_stats: problem_pulls=2 | problem_avg_reward=0.4167 | global_pulls=2 | global_avg_reward=0.4167
    state: rep_history=19/5000 | linear_history=19/10000 | head_mode=problem_specific | theta_norm=0.2986 | A_inv_diag_mean=0.961197 | A_inv_diag_min=0.827226 | A_inv_diag_max=0.995874
10:33:47 | epoch=1 | TRAIN[19] | TSP | select arm=4(t2t500) | reason=warm_start
     0(bq              ): pulls=   1 | mean=+0.4241 | bonus=0.7335 | score=+1.1576
     1(elg             ): pulls=   1 | mean=+0.3114 | bonus=0.5246 | score=+0.8360
     2(lehd            ): pulls=   1 | mean=+0.3204 | bonus=0.6576 | score=+0.9780
     3(t2t             ): pulls=   2 | mean=+0.3393 | bonus=0.4959 | score=+0.8352
     4(t2t500          ): pulls=   1 | mean=+0.3463 | bonus=0.5399 | score=+0.8862 <--
     5(difusco         ): pulls=   1 | mean=+0.3154 | bonus=0.5122 | score=+0.8276
     6(difusco500      ): pulls=   1 | mean=+0.3485 | bonus=0.5573 | score=+0.9058
10:33:51 | t=20 | UPDATE | problem=TSP | head=TSP | uid=tsp:train:165 | global_index=165 | arm=4(t2t500)
    outcome: reward=0.1667 | selected_cost=10.2278 | best_cost=9.9526 | regret=0.2752
    result: record_global_index=165 | name=None | score=10.2278
    arm_stats: problem_pulls=2 | problem_avg_reward=0.5000 | global_pulls=2 | global_avg_reward=0.5000
    state: rep_history=20/5000 | linear_history=20/10000 | head_mode=problem_specific | theta_norm=0.2942 | A_inv_diag_mean=0.959906 | A_inv_diag_min=0.826847 | A_inv_diag_max=0.994831
10:37:01 | t=20 | TRAIN | module=representation | trigger=train_every(10)
    optimize: epochs=1 | opt_steps=3 | batch_size=8 | lr=0.001
    buffers: rep_history=20/5000 | linear_history=20/10000
    sampling: balance_mode=problem_arm | power=0.500 | loss_reweight=True | groups=12 | group_count_min=1 | group_count_max=3
    heads: mode=problem_specific | active=CVRP,TSP
    loss: avg=0.672643 | min=0.357776 | max=0.985082 | last=0.675072
10:44:50 | epoch=1 | TRAIN[20] | CVRP | select arm=0(bq) | reason=score
     0(bq              ): pulls=   3 | mean=+0.1831 | bonus=0.9117 | score=+1.0948 <--
     1(elg             ): pulls=   2 | mean=-0.0039 | bonus=0.7222 | score=+0.7183
     2(lehd            ): pulls=   2 | mean=-0.0220 | bonus=0.8150 | score=+0.7930
     7(omni            ): pulls=   2 | mean=+0.1008 | bonus=0.7647 | score=+0.8655
     8(mvmoe           ): pulls=   2 | mean=-0.1157 | bonus=0.7032 | score=+0.5875
10:44:52 | t=21 | UPDATE | problem=CVRP | head=CVRP | uid=cvrp:train:82 | global_index=82 | arm=0(bq)
    outcome: reward=0.2500 | selected_cost=8.0193 | best_cost=7.7455 | regret=0.2738
    result: record_global_index=82 | name=None | score=8.0193
    arm_stats: problem_pulls=4 | problem_avg_reward=0.6875 | global_pulls=5 | global_avg_reward=0.6667
    state: rep_history=21/5000 | linear_history=21/10000 | head_mode=problem_specific | theta_norm=0.4620 | A_inv_diag_mean=0.943443 | A_inv_diag_min=0.807299 | A_inv_diag_max=0.991949
10:44:56 | epoch=1 | TRAIN[21] | CVRP | select arm=0(bq) | reason=score
     0(bq              ): pulls=   4 | mean=+0.3191 | bonus=0.5388 | score=+0.8579 <--
     1(elg             ): pulls=   2 | mean=+0.1196 | bonus=0.5328 | score=+0.6525
     2(lehd            ): pulls=   2 | mean=+0.1097 | bonus=0.5829 | score=+0.6926
     7(omni            ): pulls=   2 | mean=+0.2280 | bonus=0.5191 | score=+0.7472
     8(mvmoe           ): pulls=   2 | mean=+0.0125 | bonus=0.5746 | score=+0.5871
10:44:59 | t=22 | UPDATE | problem=CVRP | head=CVRP | uid=cvrp:train:7634 | global_index=7634 | arm=0(bq)
    outcome: reward=1.0000 | selected_cost=7.8634 | best_cost=7.8634 | regret=0.0000
    result: record_global_index=7634 | name=None | score=7.8634
    arm_stats: problem_pulls=5 | problem_avg_reward=0.7500 | global_pulls=6 | global_avg_reward=0.7222
    state: rep_history=22/5000 | linear_history=22/10000 | head_mode=problem_specific | theta_norm=0.5397 | A_inv_diag_mean=0.942452 | A_inv_diag_min=0.806317 | A_inv_diag_max=0.991569
10:45:03 | epoch=1 | TRAIN[22] | TSP | select arm=5(difusco) | reason=warm_start
     0(bq              ): pulls=   1 | mean=+0.4197 | bonus=0.6801 | score=+1.0997
     1(elg             ): pulls=   1 | mean=+0.2914 | bonus=0.4719 | score=+0.7633
     2(lehd            ): pulls=   1 | mean=+0.3145 | bonus=0.5662 | score=+0.8807
     3(t2t             ): pulls=   2 | mean=+0.3377 | bonus=0.4720 | score=+0.8096
     4(t2t500          ): pulls=   2 | mean=+0.3112 | bonus=0.4418 | score=+0.7530
     5(difusco         ): pulls=   1 | mean=+0.3068 | bonus=0.5213 | score=+0.8281 <--
     6(difusco500      ): pulls=   1 | mean=+0.3351 | bonus=0.5325 | score=+0.8676
10:45:08 | t=23 | UPDATE | problem=TSP | head=TSP | uid=tsp:train:5598 | global_index=5598 | arm=5(difusco)
    outcome: reward=0.3333 | selected_cost=13.1388 | best_cost=12.8783 | regret=0.2605
    result: record_global_index=5598 | name=None | score=13.1388
    arm_stats: problem_pulls=2 | problem_avg_reward=0.2500 | global_pulls=2 | global_avg_reward=0.2500
    state: rep_history=23/5000 | linear_history=23/10000 | head_mode=problem_specific | theta_norm=0.2937 | A_inv_diag_mean=0.958535 | A_inv_diag_min=0.809738 | A_inv_diag_max=0.993130
10:45:10 | epoch=1 | TRAIN[23] | TSP | select arm=6(difusco500) | reason=warm_start
     0(bq              ): pulls=   1 | mean=+0.3653 | bonus=1.0052 | score=+1.3705
     1(elg             ): pulls=   1 | mean=+0.2566 | bonus=0.9947 | score=+1.2513
     2(lehd            ): pulls=   1 | mean=+0.2735 | bonus=0.9081 | score=+1.1817
     3(t2t             ): pulls=   2 | mean=+0.3006 | bonus=1.0048 | score=+1.3053
     4(t2t500          ): pulls=   2 | mean=+0.2759 | bonus=0.9574 | score=+1.2333
     5(difusco         ): pulls=   2 | mean=+0.2797 | bonus=1.0832 | score=+1.3629
     6(difusco500      ): pulls=   1 | mean=+0.2965 | bonus=1.0199 | score=+1.3164 <--
10:45:13 | t=24 | UPDATE | problem=TSP | head=TSP | uid=tsp:train:5032 | global_index=5032 | arm=6(difusco500)
    outcome: reward=0.5000 | selected_cost=5.3570 | best_cost=5.3241 | regret=0.0329
    result: record_global_index=5032 | name=None | score=5.3570
    arm_stats: problem_pulls=2 | problem_avg_reward=0.4167 | global_pulls=2 | global_avg_reward=0.4167
    state: rep_history=24/5000 | linear_history=24/10000 | head_mode=problem_specific | theta_norm=0.3346 | A_inv_diag_mean=0.952671 | A_inv_diag_min=0.808791 | A_inv_diag_max=0.993116
10:45:15 | epoch=1 | TRAIN[24] | CVRP | select arm=0(bq) | reason=score
     0(bq              ): pulls=   5 | mean=+0.5241 | bonus=0.6601 | score=+1.1842 <--
     1(elg             ): pulls=   2 | mean=+0.2405 | bonus=0.7491 | score=+0.9897
     2(lehd            ): pulls=   2 | mean=+0.2567 | bonus=0.8079 | score=+1.0646
     7(omni            ): pulls=   2 | mean=+0.3665 | bonus=0.7051 | score=+1.0716
     8(mvmoe           ): pulls=   2 | mean=+0.1312 | bonus=0.7970 | score=+0.9282
10:45:17 | t=25 | UPDATE | problem=CVRP | head=CVRP | uid=cvrp:train:6464 | global_index=6464 | arm=0(bq)
    outcome: reward=0.5000 | selected_cost=10.3779 | best_cost=10.2621 | regret=0.1158
    result: record_global_index=6464 | name=None | score=10.3779
    arm_stats: problem_pulls=6 | problem_avg_reward=0.7083 | global_pulls=7 | global_avg_reward=0.6905
    state: rep_history=25/5000 | linear_history=25/10000 | head_mode=problem_specific | theta_norm=0.5367 | A_inv_diag_mean=0.940410 | A_inv_diag_min=0.804805 | A_inv_diag_max=0.991563
10:45:22 | epoch=1 | TRAIN[25] | CVRP | select arm=0(bq) | reason=score
     0(bq              ): pulls=   6 | mean=+0.9174 | bonus=0.5468 | score=+1.4641 <--
     1(elg             ): pulls=   2 | mean=+0.6489 | bonus=0.5453 | score=+1.1941
     2(lehd            ): pulls=   2 | mean=+0.6548 | bonus=0.5290 | score=+1.1838
     7(omni            ): pulls=   2 | mean=+0.7647 | bonus=0.5699 | score=+1.3346
     8(mvmoe           ): pulls=   2 | mean=+0.5389 | bonus=0.5313 | score=+1.0702
10:45:27 | t=26 | UPDATE | problem=CVRP | head=CVRP | uid=cvrp:train:3794 | global_index=3794 | arm=0(bq)
    outcome: reward=0.7500 | selected_cost=19.7087 | best_cost=19.5917 | regret=0.1170
    result: record_global_index=3794 | name=None | score=19.7087
    arm_stats: problem_pulls=7 | problem_avg_reward=0.7143 | global_pulls=8 | global_avg_reward=0.6979
    state: rep_history=26/5000 | linear_history=26/10000 | head_mode=problem_specific | theta_norm=0.5239 | A_inv_diag_mean=0.939639 | A_inv_diag_min=0.804225 | A_inv_diag_max=0.991396
10:45:33 | epoch=1 | TRAIN[26] | TSP | select arm=1(elg) | reason=warm_start
     0(bq              ): pulls=   1 | mean=+0.4303 | bonus=0.9011 | score=+1.3314
     1(elg             ): pulls=   1 | mean=+0.3100 | bonus=0.6884 | score=+0.9984 <--
     2(lehd            ): pulls=   1 | mean=+0.3190 | bonus=0.7373 | score=+1.0563
     3(t2t             ): pulls=   2 | mean=+0.3551 | bonus=0.6790 | score=+1.0340
     4(t2t500          ): pulls=   2 | mean=+0.3222 | bonus=0.6754 | score=+0.9976
     5(difusco         ): pulls=   2 | mean=+0.3287 | bonus=0.6368 | score=+0.9655
     6(difusco500      ): pulls=   2 | mean=+0.3645 | bonus=0.7283 | score=+1.0929
10:45:37 | t=27 | UPDATE | problem=TSP | head=TSP | uid=tsp:train:9702 | global_index=9702 | arm=1(elg)
    outcome: reward=0.1667 | selected_cost=9.7763 | best_cost=9.2832 | regret=0.4931
    result: record_global_index=9702 | name=None | score=9.7763
    arm_stats: problem_pulls=2 | problem_avg_reward=0.0833 | global_pulls=4 | global_avg_reward=0.2292
    state: rep_history=27/5000 | linear_history=27/10000 | head_mode=problem_specific | theta_norm=0.3542 | A_inv_diag_mean=0.951004 | A_inv_diag_min=0.804614 | A_inv_diag_max=0.991986
10:45:43 | epoch=1 | TRAIN[27] | CVRP | select arm=0(bq) | reason=score
     0(bq              ): pulls=   7 | mean=+0.7649 | bonus=0.4507 | score=+1.2156 <--
     1(elg             ): pulls=   2 | mean=+0.5123 | bonus=0.4363 | score=+0.9486
     2(lehd            ): pulls=   2 | mean=+0.5186 | bonus=0.4678 | score=+0.9864
     7(omni            ): pulls=   2 | mean=+0.6228 | bonus=0.4509 | score=+1.0737
     8(mvmoe           ): pulls=   2 | mean=+0.4050 | bonus=0.4227 | score=+0.8277
10:45:48 | t=28 | UPDATE | problem=CVRP | head=CVRP | uid=cvrp:train:8046 | global_index=8046 | arm=0(bq)
    outcome: reward=0.7500 | selected_cost=9.2849 | best_cost=8.9840 | regret=0.3009
    result: record_global_index=8046 | name=None | score=9.2849
    arm_stats: problem_pulls=8 | problem_avg_reward=0.7188 | global_pulls=9 | global_avg_reward=0.7037
    state: rep_history=28/5000 | linear_history=28/10000 | head_mode=problem_specific | theta_norm=0.5228 | A_inv_diag_mean=0.938744 | A_inv_diag_min=0.803989 | A_inv_diag_max=0.991373
10:45:50 | epoch=1 | TRAIN[28] | TSP | select arm=2(lehd) | reason=warm_start
     0(bq              ): pulls=   1 | mean=+0.4568 | bonus=0.7846 | score=+1.2415
     1(elg             ): pulls=   2 | mean=+0.3490 | bonus=0.7656 | score=+1.1146
     2(lehd            ): pulls=   1 | mean=+0.3595 | bonus=0.7758 | score=+1.1353 <--
     3(t2t             ): pulls=   2 | mean=+0.4017 | bonus=0.7548 | score=+1.1565
     4(t2t500          ): pulls=   2 | mean=+0.3666 | bonus=0.7685 | score=+1.1352
     5(difusco         ): pulls=   2 | mean=+0.3848 | bonus=0.8667 | score=+1.2515
     6(difusco500      ): pulls=   2 | mean=+0.4087 | bonus=0.7109 | score=+1.1196
10:45:52 | t=29 | UPDATE | problem=TSP | head=TSP | uid=tsp:train:5435 | global_index=5435 | arm=2(lehd)
    outcome: reward=0.0000 | selected_cost=5.1111 | best_cost=4.4330 | regret=0.6781
    result: record_global_index=5435 | name=None | score=5.1111
    arm_stats: problem_pulls=2 | problem_avg_reward=0.0833 | global_pulls=4 | global_avg_reward=0.2917
    state: rep_history=29/5000 | linear_history=29/10000 | head_mode=problem_specific | theta_norm=0.3450 | A_inv_diag_mean=0.948043 | A_inv_diag_min=0.804536 | A_inv_diag_max=0.991950
10:45:55 | epoch=1 | TRAIN[29] | TSP | select arm=0(bq) | reason=warm_start
     0(bq              ): pulls=   1 | mean=+0.3723 | bonus=0.6717 | score=+1.0439 <--
     1(elg             ): pulls=   2 | mean=+0.2414 | bonus=0.5956 | score=+0.8370
     2(lehd            ): pulls=   2 | mean=+0.2265 | bonus=0.6308 | score=+0.8573
     3(t2t             ): pulls=   2 | mean=+0.3056 | bonus=0.5755 | score=+0.8811
     4(t2t500          ): pulls=   2 | mean=+0.2618 | bonus=0.5723 | score=+0.8341
     5(difusco         ): pulls=   2 | mean=+0.2639 | bonus=0.5983 | score=+0.8622
     6(difusco500      ): pulls=   2 | mean=+0.3134 | bonus=0.5743 | score=+0.8877
10:45:59 | t=30 | UPDATE | problem=TSP | head=TSP | uid=tsp:train:8490 | global_index=8490 | arm=0(bq)
    outcome: reward=1.0000 | selected_cost=6.4205 | best_cost=6.4205 | regret=0.0000
    result: record_global_index=8490 | name=None | score=6.4205
    arm_stats: problem_pulls=2 | problem_avg_reward=0.7917 | global_pulls=10 | global_avg_reward=0.7333
    state: rep_history=30/5000 | linear_history=30/10000 | head_mode=problem_specific | theta_norm=0.4756 | A_inv_diag_mean=0.945617 | A_inv_diag_min=0.804509 | A_inv_diag_max=0.991674
10:50:50 | t=30 | TRAIN | module=representation | trigger=train_every(10)
    optimize: epochs=1 | opt_steps=4 | batch_size=8 | lr=0.001
    buffers: rep_history=30/5000 | linear_history=30/10000
    sampling: balance_mode=problem_arm | power=0.500 | loss_reweight=True | groups=12 | group_count_min=2 | group_count_max=8
    heads: mode=problem_specific | active=CVRP,TSP
    loss: avg=0.423471 | min=0.194184 | max=0.771056 | last=0.288555
10:50:53 | epoch=1 | TRAIN[30] | TSP | select arm=0(bq) | reason=score
     0(bq              ): pulls=   2 | mean=+0.5211 | bonus=0.7237 | score=+1.2449 <--
     1(elg             ): pulls=   2 | mean=+0.2892 | bonus=0.4569 | score=+0.7462
     2(lehd            ): pulls=   2 | mean=+0.2566 | bonus=0.5345 | score=+0.7911
     3(t2t             ): pulls=   2 | mean=+0.3624 | bonus=0.5141 | score=+0.8765
     4(t2t500          ): pulls=   2 | mean=+0.3048 | bonus=0.4818 | score=+0.7866
     5(difusco         ): pulls=   2 | mean=+0.2808 | bonus=0.5049 | score=+0.7857
     6(difusco500      ): pulls=   2 | mean=+0.3864 | bonus=0.5498 | score=+0.9362
10:50:55 | t=31 | UPDATE | problem=TSP | head=TSP | uid=tsp:train:6488 | global_index=6488 | arm=0(bq)
    outcome: reward=0.8333 | selected_cost=9.6446 | best_cost=9.5867 | regret=0.0578
    result: record_global_index=6488 | name=None | score=9.6446
    arm_stats: problem_pulls=3 | problem_avg_reward=0.8056 | global_pulls=11 | global_avg_reward=0.7424
    state: rep_history=31/5000 | linear_history=31/10000 | head_mode=problem_specific | theta_norm=0.4980 | A_inv_diag_mean=0.939897 | A_inv_diag_min=0.829383 | A_inv_diag_max=0.994309
10:50:59 | epoch=1 | TRAIN[31] | TSP | select arm=0(bq) | reason=score
     0(bq              ): pulls=   3 | mean=+0.5939 | bonus=0.5393 | score=+1.1332 <--
     1(elg             ): pulls=   2 | mean=+0.2914 | bonus=0.4273 | score=+0.7186
     2(lehd            ): pulls=   2 | mean=+0.2700 | bonus=0.5684 | score=+0.8384
     3(t2t             ): pulls=   2 | mean=+0.3733 | bonus=0.4270 | score=+0.8003
     4(t2t500          ): pulls=   2 | mean=+0.3062 | bonus=0.4201 | score=+0.7263
     5(difusco         ): pulls=   2 | mean=+0.2755 | bonus=0.4342 | score=+0.7097
     6(difusco500      ): pulls=   2 | mean=+0.4089 | bonus=0.4643 | score=+0.8732
10:51:03 | t=32 | UPDATE | problem=TSP | head=TSP | uid=tsp:train:6358 | global_index=6358 | arm=0(bq)
    outcome: reward=0.5000 | selected_cost=7.8557 | best_cost=7.7469 | regret=0.1088
    result: record_global_index=6358 | name=None | score=7.8557
    arm_stats: problem_pulls=4 | problem_avg_reward=0.7292 | global_pulls=12 | global_avg_reward=0.7222
    state: rep_history=32/5000 | linear_history=32/10000 | head_mode=problem_specific | theta_norm=0.4883 | A_inv_diag_mean=0.938540 | A_inv_diag_min=0.828442 | A_inv_diag_max=0.994286
10:51:07 | epoch=1 | TRAIN[32] | TSP | select arm=0(bq) | reason=score
     0(bq              ): pulls=   4 | mean=+0.5506 | bonus=0.6232 | score=+1.1738 <--
     1(elg             ): pulls=   2 | mean=+0.2664 | bonus=0.5143 | score=+0.7807
     2(lehd            ): pulls=   2 | mean=+0.2418 | bonus=0.6321 | score=+0.8739
     3(t2t             ): pulls=   2 | mean=+0.3471 | bonus=0.5366 | score=+0.8837
     4(t2t500          ): pulls=   2 | mean=+0.2832 | bonus=0.5318 | score=+0.8149
     5(difusco         ): pulls=   2 | mean=+0.2542 | bonus=0.5422 | score=+0.7965
     6(difusco500      ): pulls=   2 | mean=+0.3783 | bonus=0.5704 | score=+0.9487
10:51:11 | t=33 | UPDATE | problem=TSP | head=TSP | uid=tsp:train:5102 | global_index=5102 | arm=0(bq)
    outcome: reward=1.0000 | selected_cost=10.1158 | best_cost=10.1158 | regret=0.0000
    result: record_global_index=5102 | name=None | score=10.1158
    arm_stats: problem_pulls=5 | problem_avg_reward=0.7833 | global_pulls=13 | global_avg_reward=0.7436
    state: rep_history=33/5000 | linear_history=33/10000 | head_mode=problem_specific | theta_norm=0.5268 | A_inv_diag_mean=0.936866 | A_inv_diag_min=0.826341 | A_inv_diag_max=0.994231
10:51:14 | epoch=1 | TRAIN[33] | CVRP | select arm=0(bq) | reason=score
     0(bq              ): pulls=   8 | mean=+0.6362 | bonus=0.4583 | score=+1.0945 <--
     1(elg             ): pulls=   2 | mean=+0.3669 | bonus=0.4306 | score=+0.7976
     2(lehd            ): pulls=   2 | mean=+0.3332 | bonus=0.5050 | score=+0.8382
     7(omni            ): pulls=   2 | mean=+0.4829 | bonus=0.4564 | score=+0.9394
     8(mvmoe           ): pulls=   2 | mean=+0.2514 | bonus=0.4746 | score=+0.7261
10:51:16 | t=34 | UPDATE | problem=CVRP | head=CVRP | uid=cvrp:train:9967 | global_index=9967 | arm=0(bq)
    outcome: reward=0.2500 | selected_cost=13.2842 | best_cost=12.4037 | regret=0.8806
    result: record_global_index=9967 | name=None | score=13.2842
    arm_stats: problem_pulls=9 | problem_avg_reward=0.6667 | global_pulls=14 | global_avg_reward=0.7083
    state: rep_history=34/5000 | linear_history=34/10000 | head_mode=problem_specific | theta_norm=0.5419 | A_inv_diag_mean=0.939104 | A_inv_diag_min=0.827100 | A_inv_diag_max=0.989519
10:51:19 | epoch=1 | TRAIN[34] | TSP | select arm=0(bq) | reason=score
     0(bq              ): pulls=   5 | mean=+0.6745 | bonus=0.4036 | score=+1.0781 <--
     1(elg             ): pulls=   2 | mean=+0.3192 | bonus=0.3795 | score=+0.6986
     2(lehd            ): pulls=   2 | mean=+0.3119 | bonus=0.4737 | score=+0.7855
     3(t2t             ): pulls=   2 | mean=+0.4071 | bonus=0.4053 | score=+0.8124
     4(t2t500          ): pulls=   2 | mean=+0.3336 | bonus=0.3918 | score=+0.7254
     5(difusco         ): pulls=   2 | mean=+0.2980 | bonus=0.4223 | score=+0.7203
     6(difusco500      ): pulls=   2 | mean=+0.4545 | bonus=0.4141 | score=+0.8686
10:51:22 | t=35 | UPDATE | problem=TSP | head=TSP | uid=tsp:train:3073 | global_index=3073 | arm=0(bq)
    outcome: reward=0.6667 | selected_cost=7.9748 | best_cost=7.9164 | regret=0.0584
    result: record_global_index=3073 | name=None | score=7.9748
    arm_stats: problem_pulls=6 | problem_avg_reward=0.7639 | global_pulls=15 | global_avg_reward=0.7056
    state: rep_history=35/5000 | linear_history=35/10000 | head_mode=problem_specific | theta_norm=0.5258 | A_inv_diag_mean=0.936334 | A_inv_diag_min=0.826128 | A_inv_diag_max=0.994214
10:51:24 | epoch=1 | TRAIN[35] | TSP | select arm=0(bq) | reason=score
     0(bq              ): pulls=   6 | mean=+0.5965 | bonus=0.5324 | score=+1.1289 <--
     1(elg             ): pulls=   2 | mean=+0.2678 | bonus=0.6243 | score=+0.8921
     2(lehd            ): pulls=   2 | mean=+0.2543 | bonus=0.5858 | score=+0.8401
     3(t2t             ): pulls=   2 | mean=+0.3536 | bonus=0.5988 | score=+0.9524
     4(t2t500          ): pulls=   2 | mean=+0.2813 | bonus=0.5825 | score=+0.8638
     5(difusco         ): pulls=   2 | mean=+0.2521 | bonus=0.6205 | score=+0.8726
     6(difusco500      ): pulls=   2 | mean=+0.3956 | bonus=0.5804 | score=+0.9761
10:51:27 | t=36 | UPDATE | problem=TSP | head=TSP | uid=tsp:train:7292 | global_index=7292 | arm=0(bq)
    outcome: reward=0.1667 | selected_cost=5.7586 | best_cost=5.5863 | regret=0.1723
    result: record_global_index=7292 | name=None | score=5.7586
    arm_stats: problem_pulls=7 | problem_avg_reward=0.6786 | global_pulls=16 | global_avg_reward=0.6719
    state: rep_history=36/5000 | linear_history=36/10000 | head_mode=problem_specific | theta_norm=0.4928 | A_inv_diag_mean=0.935375 | A_inv_diag_min=0.826095 | A_inv_diag_max=0.994185
10:51:30 | epoch=1 | TRAIN[36] | CVRP | select arm=0(bq) | reason=score
     0(bq              ): pulls=   9 | mean=+0.8078 | bonus=0.3758 | score=+1.1836 <--
     1(elg             ): pulls=   2 | mean=+0.5846 | bonus=0.4807 | score=+1.0653
     2(lehd            ): pulls=   2 | mean=+0.5407 | bonus=0.4878 | score=+1.0285
     7(omni            ): pulls=   2 | mean=+0.6869 | bonus=0.4593 | score=+1.1462
     8(mvmoe           ): pulls=   2 | mean=+0.4667 | bonus=0.4744 | score=+0.9411
10:51:34 | t=37 | UPDATE | problem=CVRP | head=CVRP | uid=cvrp:train:4606 | global_index=4606 | arm=0(bq)
    outcome: reward=0.2500 | selected_cost=27.4627 | best_cost=26.9484 | regret=0.5144
    result: record_global_index=4606 | name=None | score=27.4627
    arm_stats: problem_pulls=10 | problem_avg_reward=0.6250 | global_pulls=17 | global_avg_reward=0.6471
    state: rep_history=37/5000 | linear_history=37/10000 | head_mode=problem_specific | theta_norm=0.5053 | A_inv_diag_mean=0.938827 | A_inv_diag_min=0.827098 | A_inv_diag_max=0.989519
10:51:38 | epoch=1 | TRAIN[37] | CVRP | select arm=7(omni) | reason=score
     0(bq              ): pulls=  10 | mean=+0.7461 | bonus=0.4941 | score=+1.2402
     1(elg             ): pulls=   2 | mean=+0.5565 | bonus=0.5668 | score=+1.1233
     2(lehd            ): pulls=   2 | mean=+0.5156 | bonus=0.5733 | score=+1.0890
     7(omni            ): pulls=   2 | mean=+0.6549 | bonus=0.5966 | score=+1.2515 <--
     8(mvmoe           ): pulls=   2 | mean=+0.4471 | bonus=0.5608 | score=+1.0079
10:51:42 | t=38 | UPDATE | problem=CVRP | head=CVRP | uid=cvrp:train:6697 | global_index=6697 | arm=7(omni)
    outcome: reward=0.2500 | selected_cost=12.1169 | best_cost=11.6255 | regret=0.4914
    result: record_global_index=6697 | name=None | score=12.1169
    arm_stats: problem_pulls=3 | problem_avg_reward=0.5833 | global_pulls=3 | global_avg_reward=0.5833
    state: rep_history=38/5000 | linear_history=38/10000 | head_mode=problem_specific | theta_norm=0.5120 | A_inv_diag_mean=0.937430 | A_inv_diag_min=0.826731 | A_inv_diag_max=0.989519
10:51:44 | epoch=1 | TRAIN[38] | TSP | select arm=0(bq) | reason=score
     0(bq              ): pulls=   7 | mean=+0.6075 | bonus=0.3738 | score=+0.9813 <--
     1(elg             ): pulls=   2 | mean=+0.2755 | bonus=0.4179 | score=+0.6933
     2(lehd            ): pulls=   2 | mean=+0.2774 | bonus=0.5099 | score=+0.7873
     3(t2t             ): pulls=   2 | mean=+0.3704 | bonus=0.4179 | score=+0.7884
     4(t2t500          ): pulls=   2 | mean=+0.3061 | bonus=0.4501 | score=+0.7562
     5(difusco         ): pulls=   2 | mean=+0.2703 | bonus=0.4537 | score=+0.7240
     6(difusco500      ): pulls=   2 | mean=+0.4095 | bonus=0.4210 | score=+0.8305
10:51:48 | t=39 | UPDATE | problem=TSP | head=TSP | uid=tsp:train:8124 | global_index=8124 | arm=0(bq)
    outcome: reward=0.8333 | selected_cost=7.8069 | best_cost=7.7943 | regret=0.0127
    result: record_global_index=8124 | name=None | score=7.8069
    arm_stats: problem_pulls=8 | problem_avg_reward=0.6979 | global_pulls=18 | global_avg_reward=0.6574
    state: rep_history=39/5000 | linear_history=39/10000 | head_mode=problem_specific | theta_norm=0.5139 | A_inv_diag_mean=0.934875 | A_inv_diag_min=0.825994 | A_inv_diag_max=0.994141
10:51:51 | epoch=1 | TRAIN[39] | CVRP | select arm=0(bq) | reason=score
     0(bq              ): pulls=  10 | mean=+0.4889 | bonus=0.5353 | score=+1.0242 <--
     1(elg             ): pulls=   2 | mean=+0.2787 | bonus=0.5318 | score=+0.8106
     2(lehd            ): pulls=   2 | mean=+0.2627 | bonus=0.6319 | score=+0.8946
     7(omni            ): pulls=   3 | mean=+0.3517 | bonus=0.5310 | score=+0.8827
     8(mvmoe           ): pulls=   2 | mean=+0.1822 | bonus=0.5847 | score=+0.7668
10:51:55 | t=40 | UPDATE | problem=CVRP | head=CVRP | uid=cvrp:train:6148 | global_index=6148 | arm=0(bq)
    outcome: reward=0.7500 | selected_cost=13.4684 | best_cost=13.4616 | regret=0.0068
    result: record_global_index=6148 | name=None | score=13.4684
    arm_stats: problem_pulls=11 | problem_avg_reward=0.6364 | global_pulls=19 | global_avg_reward=0.6623
    state: rep_history=40/5000 | linear_history=40/10000 | head_mode=problem_specific | theta_norm=0.4957 | A_inv_diag_mean=0.936345 | A_inv_diag_min=0.826149 | A_inv_diag_max=0.989372
10:56:36 | t=40 | TRAIN | module=representation | trigger=train_every(10)
    optimize: epochs=1 | opt_steps=5 | batch_size=8 | lr=0.001
    buffers: rep_history=40/5000 | linear_history=40/10000
    sampling: balance_mode=problem_arm | power=0.500 | loss_reweight=True | groups=12 | group_count_min=2 | group_count_max=11
    heads: mode=problem_specific | active=CVRP,TSP
    loss: avg=0.345670 | min=0.142838 | max=0.520639 | last=0.142838
11:00:23 | VAL[0] | TSP | select arm=0(bq) | reason=score
     0(bq              ): pulls=   8 | mean=+0.6510 | bonus=0.3470 | score=+0.6510 <--
     1(elg             ): pulls=   2 | mean=+0.2818 | bonus=0.4200 | score=+0.2818
     2(lehd            ): pulls=   2 | mean=+0.2721 | bonus=0.4851 | score=+0.2721
     3(t2t             ): pulls=   2 | mean=+0.3883 | bonus=0.4126 | score=+0.3883
     4(t2t500          ): pulls=   2 | mean=+0.3155 | bonus=0.4132 | score=+0.3155
     5(difusco         ): pulls=   2 | mean=+0.2613 | bonus=0.4244 | score=+0.2613
     6(difusco500      ): pulls=   2 | mean=+0.4452 | bonus=0.4519 | score=+0.4452
11:00:26 | VAL[1] | TSP | select arm=0(bq) | reason=score
     0(bq              ): pulls=   8 | mean=+0.6993 | bonus=0.5334 | score=+0.6993 <--
     1(elg             ): pulls=   2 | mean=+0.3418 | bonus=0.5458 | score=+0.3418
     2(lehd            ): pulls=   2 | mean=+0.3300 | bonus=0.6686 | score=+0.3300
     3(t2t             ): pulls=   2 | mean=+0.4455 | bonus=0.5372 | score=+0.4455
     4(t2t500          ): pulls=   2 | mean=+0.3757 | bonus=0.5423 | score=+0.3757
     5(difusco         ): pulls=   2 | mean=+0.3185 | bonus=0.5721 | score=+0.3185
     6(difusco500      ): pulls=   2 | mean=+0.5006 | bonus=0.5439 | score=+0.5006
11:00:30 | VAL[2] | TSP | select arm=0(bq) | reason=score
     0(bq              ): pulls=   8 | mean=+0.6575 | bonus=0.3719 | score=+0.6575 <--
     1(elg             ): pulls=   2 | mean=+0.2946 | bonus=0.4308 | score=+0.2946
     2(lehd            ): pulls=   2 | mean=+0.2832 | bonus=0.5453 | score=+0.2832
     3(t2t             ): pulls=   2 | mean=+0.4000 | bonus=0.4241 | score=+0.4000
     4(t2t500          ): pulls=   2 | mean=+0.3281 | bonus=0.4417 | score=+0.3281
     5(difusco         ): pulls=   2 | mean=+0.2718 | bonus=0.4560 | score=+0.2718
     6(difusco500      ): pulls=   2 | mean=+0.4557 | bonus=0.4316 | score=+0.4557
11:00:33 | VAL[3] | TSP | select arm=0(bq) | reason=score
     0(bq              ): pulls=   8 | mean=+0.6630 | bonus=0.4131 | score=+0.6630 <--
     1(elg             ): pulls=   2 | mean=+0.3026 | bonus=0.4538 | score=+0.3026
     2(lehd            ): pulls=   2 | mean=+0.2911 | bonus=0.5699 | score=+0.2911
     3(t2t             ): pulls=   2 | mean=+0.4074 | bonus=0.4382 | score=+0.4074
     4(t2t500          ): pulls=   2 | mean=+0.3365 | bonus=0.4541 | score=+0.3365
     5(difusco         ): pulls=   2 | mean=+0.2795 | bonus=0.4726 | score=+0.2795
     6(difusco500      ): pulls=   2 | mean=+0.4624 | bonus=0.4534 | score=+0.4624
11:00:36 | VAL[4] | TSP | select arm=0(bq) | reason=score
     0(bq              ): pulls=   8 | mean=+0.6813 | bonus=0.5608 | score=+0.6813 <--
     1(elg             ): pulls=   2 | mean=+0.3243 | bonus=0.5695 | score=+0.3243
     2(lehd            ): pulls=   2 | mean=+0.3124 | bonus=0.7106 | score=+0.3124
     3(t2t             ): pulls=   2 | mean=+0.4276 | bonus=0.5630 | score=+0.4276
     4(t2t500          ): pulls=   2 | mean=+0.3581 | bonus=0.5790 | score=+0.3581
     5(difusco         ): pulls=   2 | mean=+0.3009 | bonus=0.6098 | score=+0.3009
     6(difusco500      ): pulls=   2 | mean=+0.4828 | bonus=0.5662 | score=+0.4828
11:00:40 | VAL[5] | TSP | select arm=0(bq) | reason=score
     0(bq              ): pulls=   8 | mean=+0.6916 | bonus=0.5027 | score=+0.6916 <--
     1(elg             ): pulls=   2 | mean=+0.3339 | bonus=0.5210 | score=+0.3339
     2(lehd            ): pulls=   2 | mean=+0.3222 | bonus=0.6347 | score=+0.3222
     3(t2t             ): pulls=   2 | mean=+0.4376 | bonus=0.5163 | score=+0.4376
     4(t2t500          ): pulls=   2 | mean=+0.3678 | bonus=0.5412 | score=+0.3678
     5(difusco         ): pulls=   2 | mean=+0.3105 | bonus=0.5600 | score=+0.3105
     6(difusco500      ): pulls=   2 | mean=+0.4926 | bonus=0.5177 | score=+0.4926
11:00:43 | VAL[6] | TSP | select arm=0(bq) | reason=score
     0(bq              ): pulls=   8 | mean=+0.6907 | bonus=0.3697 | score=+0.6907 <--
     1(elg             ): pulls=   2 | mean=+0.3264 | bonus=0.3900 | score=+0.3264
     2(lehd            ): pulls=   2 | mean=+0.3153 | bonus=0.4903 | score=+0.3153
     3(t2t             ): pulls=   2 | mean=+0.4320 | bonus=0.4120 | score=+0.4320
     4(t2t500          ): pulls=   2 | mean=+0.3598 | bonus=0.4072 | score=+0.3598
     5(difusco         ): pulls=   2 | mean=+0.3039 | bonus=0.4365 | score=+0.3039
     6(difusco500      ): pulls=   2 | mean=+0.4886 | bonus=0.4185 | score=+0.4886
11:00:47 | VAL[7] | TSP | select arm=0(bq) | reason=score
     0(bq              ): pulls=   8 | mean=+0.7328 | bonus=0.4720 | score=+0.7328 <--
     1(elg             ): pulls=   2 | mean=+0.3678 | bonus=0.4495 | score=+0.3678
     2(lehd            ): pulls=   2 | mean=+0.3573 | bonus=0.5188 | score=+0.3573
     3(t2t             ): pulls=   2 | mean=+0.4735 | bonus=0.4921 | score=+0.4735
     4(t2t500          ): pulls=   2 | mean=+0.4013 | bonus=0.4598 | score=+0.4013
     5(difusco         ): pulls=   2 | mean=+0.3455 | bonus=0.5020 | score=+0.3455
     6(difusco500      ): pulls=   2 | mean=+0.5308 | bonus=0.4990 | score=+0.5308
11:00:48 | VAL[8] | TSP | select arm=0(bq) | reason=score
     0(bq              ): pulls=   8 | mean=+0.5321 | bonus=0.4702 | score=+0.5321 <--
     1(elg             ): pulls=   2 | mean=+0.2061 | bonus=0.5882 | score=+0.2061
     2(lehd            ): pulls=   2 | mean=+0.1712 | bonus=0.4991 | score=+0.1712
     3(t2t             ): pulls=   2 | mean=+0.3032 | bonus=0.5611 | score=+0.3032
     4(t2t500          ): pulls=   2 | mean=+0.2401 | bonus=0.5889 | score=+0.2401
     5(difusco         ): pulls=   2 | mean=+0.1844 | bonus=0.6142 | score=+0.1844
     6(difusco500      ): pulls=   2 | mean=+0.3485 | bonus=0.5172 | score=+0.3485
11:00:50 | VAL[9] | TSP | select arm=0(bq) | reason=score
     0(bq              ): pulls=   8 | mean=+0.6564 | bonus=0.3687 | score=+0.6564 <--
     1(elg             ): pulls=   2 | mean=+0.2885 | bonus=0.4217 | score=+0.2885
     2(lehd            ): pulls=   2 | mean=+0.2771 | bonus=0.4681 | score=+0.2771
     3(t2t             ): pulls=   2 | mean=+0.3947 | bonus=0.4435 | score=+0.3947
     4(t2t500          ): pulls=   2 | mean=+0.3224 | bonus=0.4394 | score=+0.3224
     5(difusco         ): pulls=   2 | mean=+0.2688 | bonus=0.4620 | score=+0.2688
     6(difusco500      ): pulls=   2 | mean=+0.4500 | bonus=0.4684 | score=+0.4500
11:00:53 | VAL[10] | TSP | select arm=0(bq) | reason=score
     0(bq              ): pulls=   8 | mean=+0.6271 | bonus=0.4182 | score=+0.6271 <--
     1(elg             ): pulls=   2 | mean=+0.2714 | bonus=0.5139 | score=+0.2714
     2(lehd            ): pulls=   2 | mean=+0.2556 | bonus=0.4658 | score=+0.2556
     3(t2t             ): pulls=   2 | mean=+0.3766 | bonus=0.5212 | score=+0.3766
     4(t2t500          ): pulls=   2 | mean=+0.3079 | bonus=0.5258 | score=+0.3079
     5(difusco         ): pulls=   2 | mean=+0.2536 | bonus=0.5397 | score=+0.2536
     6(difusco500      ): pulls=   2 | mean=+0.4243 | bonus=0.5112 | score=+0.4243
11:00:56 | VAL[11] | TSP | select arm=0(bq) | reason=score
     0(bq              ): pulls=   8 | mean=+0.6533 | bonus=0.4080 | score=+0.6533 <--
     1(elg             ): pulls=   2 | mean=+0.2922 | bonus=0.4588 | score=+0.2922
     2(lehd            ): pulls=   2 | mean=+0.2808 | bonus=0.5867 | score=+0.2808
     3(t2t             ): pulls=   2 | mean=+0.3973 | bonus=0.4353 | score=+0.3973
     4(t2t500          ): pulls=   2 | mean=+0.3260 | bonus=0.4406 | score=+0.3260
     5(difusco         ): pulls=   2 | mean=+0.2693 | bonus=0.4632 | score=+0.2693
     6(difusco500      ): pulls=   2 | mean=+0.4525 | bonus=0.4589 | score=+0.4525
11:00:58 | VAL[12] | TSP | select arm=0(bq) | reason=score
     0(bq              ): pulls=   8 | mean=+0.6419 | bonus=0.3786 | score=+0.6419 <--
     1(elg             ): pulls=   2 | mean=+0.2723 | bonus=0.4675 | score=+0.2723
     2(lehd            ): pulls=   2 | mean=+0.2627 | bonus=0.5018 | score=+0.2627
     3(t2t             ): pulls=   2 | mean=+0.3790 | bonus=0.4567 | score=+0.3790
     4(t2t500          ): pulls=   2 | mean=+0.3060 | bonus=0.4726 | score=+0.3060
     5(difusco         ): pulls=   2 | mean=+0.2523 | bonus=0.4706 | score=+0.2523
     6(difusco500      ): pulls=   2 | mean=+0.4352 | bonus=0.4863 | score=+0.4352
11:01:01 | VAL[13] | TSP | select arm=0(bq) | reason=score
     0(bq              ): pulls=   8 | mean=+0.6809 | bonus=0.4503 | score=+0.6809 <--
     1(elg             ): pulls=   2 | mean=+0.3212 | bonus=0.4653 | score=+0.3212
     2(lehd            ): pulls=   2 | mean=+0.3096 | bonus=0.5712 | score=+0.3096
     3(t2t             ): pulls=   2 | mean=+0.4258 | bonus=0.4599 | score=+0.4258
     4(t2t500          ): pulls=   2 | mean=+0.3551 | bonus=0.4742 | score=+0.3551
     5(difusco         ): pulls=   2 | mean=+0.2980 | bonus=0.4969 | score=+0.2980
     6(difusco500      ): pulls=   2 | mean=+0.4808 | bonus=0.4705 | score=+0.4808
11:01:04 | VAL[14] | TSP | select arm=0(bq) | reason=score
     0(bq              ): pulls=   8 | mean=+0.6823 | bonus=0.3631 | score=+0.6823 <--
     1(elg             ): pulls=   2 | mean=+0.3152 | bonus=0.3918 | score=+0.3152
     2(lehd            ): pulls=   2 | mean=+0.3051 | bonus=0.4406 | score=+0.3051
     3(t2t             ): pulls=   2 | mean=+0.4213 | bonus=0.4058 | score=+0.4213
     4(t2t500          ): pulls=   2 | mean=+0.3489 | bonus=0.4138 | score=+0.3489
     5(difusco         ): pulls=   2 | mean=+0.2935 | bonus=0.4265 | score=+0.2935
     6(difusco500      ): pulls=   2 | mean=+0.4780 | bonus=0.4239 | score=+0.4780
11:01:06 | VAL[15] | TSP | select arm=0(bq) | reason=score
     0(bq              ): pulls=   8 | mean=+0.6197 | bonus=0.4180 | score=+0.6197 <--
     1(elg             ): pulls=   2 | mean=+0.2540 | bonus=0.5185 | score=+0.2540
     2(lehd            ): pulls=   2 | mean=+0.2428 | bonus=0.5115 | score=+0.2428
     3(t2t             ): pulls=   2 | mean=+0.3604 | bonus=0.5074 | score=+0.3604
     4(t2t500          ): pulls=   2 | mean=+0.2886 | bonus=0.5192 | score=+0.2886
     5(difusco         ): pulls=   2 | mean=+0.2352 | bonus=0.5209 | score=+0.2352
     6(difusco500      ): pulls=   2 | mean=+0.4133 | bonus=0.5292 | score=+0.4133
11:01:09 | VAL[16] | TSP | select arm=0(bq) | reason=score
     0(bq              ): pulls=   8 | mean=+0.6031 | bonus=0.4565 | score=+0.6031 <--
     1(elg             ): pulls=   2 | mean=+0.2445 | bonus=0.5692 | score=+0.2445
     2(lehd            ): pulls=   2 | mean=+0.2309 | bonus=0.5368 | score=+0.2309
     3(t2t             ): pulls=   2 | mean=+0.3505 | bonus=0.5506 | score=+0.3505
     4(t2t500          ): pulls=   2 | mean=+0.2804 | bonus=0.5723 | score=+0.2804
     5(difusco         ): pulls=   2 | mean=+0.2268 | bonus=0.5645 | score=+0.2268
     6(difusco500      ): pulls=   2 | mean=+0.3998 | bonus=0.5627 | score=+0.3998
11:01:12 | VAL[17] | TSP | select arm=0(bq) | reason=score
     0(bq              ): pulls=   8 | mean=+0.6584 | bonus=0.3521 | score=+0.6584 <--
     1(elg             ): pulls=   2 | mean=+0.2921 | bonus=0.4159 | score=+0.2921
     2(lehd            ): pulls=   2 | mean=+0.2815 | bonus=0.4823 | score=+0.2815
     3(t2t             ): pulls=   2 | mean=+0.3984 | bonus=0.4129 | score=+0.3984
     4(t2t500          ): pulls=   2 | mean=+0.3256 | bonus=0.4415 | score=+0.3256
     5(difusco         ): pulls=   2 | mean=+0.2702 | bonus=0.4391 | score=+0.2702
     6(difusco500      ): pulls=   2 | mean=+0.4543 | bonus=0.4255 | score=+0.4543
11:01:14 | VAL[18] | TSP | select arm=0(bq) | reason=score
     0(bq              ): pulls=   8 | mean=+0.6646 | bonus=0.3360 | score=+0.6646 <--
     1(elg             ): pulls=   2 | mean=+0.2970 | bonus=0.4006 | score=+0.2970
     2(lehd            ): pulls=   2 | mean=+0.2867 | bonus=0.4781 | score=+0.2867
     3(t2t             ): pulls=   2 | mean=+0.4032 | bonus=0.4056 | score=+0.4032
     4(t2t500          ): pulls=   2 | mean=+0.3304 | bonus=0.4118 | score=+0.3304
     5(difusco         ): pulls=   2 | mean=+0.2755 | bonus=0.4245 | score=+0.2755
     6(difusco500      ): pulls=   2 | mean=+0.4603 | bonus=0.4281 | score=+0.4603
11:01:18 | VAL[19] | TSP | select arm=0(bq) | reason=score
     0(bq              ): pulls=   8 | mean=+0.6655 | bonus=0.4404 | score=+0.6655 <--
     1(elg             ): pulls=   2 | mean=+0.3061 | bonus=0.4759 | score=+0.3061
     2(lehd            ): pulls=   2 | mean=+0.2945 | bonus=0.6051 | score=+0.2945
     3(t2t             ): pulls=   2 | mean=+0.4106 | bonus=0.4585 | score=+0.4106
     4(t2t500          ): pulls=   2 | mean=+0.3400 | bonus=0.4717 | score=+0.3400
     5(difusco         ): pulls=   2 | mean=+0.2829 | bonus=0.4936 | score=+0.2829
     6(difusco500      ): pulls=   2 | mean=+0.4656 | bonus=0.4751 | score=+0.4656
11:01:19 | VAL[20] | CVRP | select arm=0(bq) | reason=score
     0(bq              ): pulls=  11 | mean=+0.4623 | bonus=0.4033 | score=+0.4623 <--
     1(elg             ): pulls=   2 | mean=+0.2305 | bonus=0.4593 | score=+0.2305
     2(lehd            ): pulls=   2 | mean=+0.1658 | bonus=0.4536 | score=+0.1658
     7(omni            ): pulls=   3 | mean=+0.3245 | bonus=0.4664 | score=+0.3245
     8(mvmoe           ): pulls=   2 | mean=+0.1051 | bonus=0.4898 | score=+0.1051
11:01:21 | VAL[21] | CVRP | select arm=0(bq) | reason=score
     0(bq              ): pulls=  11 | mean=+0.1928 | bonus=1.0888 | score=+0.1928 <--
     1(elg             ): pulls=   2 | mean=-0.0358 | bonus=1.0684 | score=-0.0358
     2(lehd            ): pulls=   2 | mean=-0.0861 | bonus=1.1219 | score=-0.0861
     7(omni            ): pulls=   3 | mean=+0.0604 | bonus=1.0808 | score=+0.0604
     8(mvmoe           ): pulls=   2 | mean=-0.1571 | bonus=1.1170 | score=-0.1571
11:01:24 | VAL[22] | CVRP | select arm=0(bq) | reason=score
     0(bq              ): pulls=  11 | mean=+0.7181 | bonus=0.3217 | score=+0.7181 <--
     1(elg             ): pulls=   2 | mean=+0.4923 | bonus=0.4319 | score=+0.4923
     2(lehd            ): pulls=   2 | mean=+0.4382 | bonus=0.4715 | score=+0.4382
     7(omni            ): pulls=   3 | mean=+0.5818 | bonus=0.4050 | score=+0.5818
     8(mvmoe           ): pulls=   2 | mean=+0.3701 | bonus=0.4484 | score=+0.3701
11:01:25 | VAL[23] | CVRP | select arm=0(bq) | reason=score
     0(bq              ): pulls=  11 | mean=+0.4478 | bonus=0.4336 | score=+0.4478 <--
     1(elg             ): pulls=   2 | mean=+0.2105 | bonus=0.4721 | score=+0.2105
     2(lehd            ): pulls=   2 | mean=+0.1426 | bonus=0.4819 | score=+0.1426
     7(omni            ): pulls=   3 | mean=+0.3055 | bonus=0.4920 | score=+0.3055
     8(mvmoe           ): pulls=   2 | mean=+0.0814 | bonus=0.5171 | score=+0.0814
11:01:28 | VAL[24] | CVRP | select arm=0(bq) | reason=score
     0(bq              ): pulls=  11 | mean=+0.7125 | bonus=0.3273 | score=+0.7125 <--
     1(elg             ): pulls=   2 | mean=+0.4868 | bonus=0.4456 | score=+0.4868
     2(lehd            ): pulls=   2 | mean=+0.4328 | bonus=0.4803 | score=+0.4328
     7(omni            ): pulls=   3 | mean=+0.5765 | bonus=0.4067 | score=+0.5765
     8(mvmoe           ): pulls=   2 | mean=+0.3646 | bonus=0.4611 | score=+0.3646
11:01:32 | VAL[25] | CVRP | select arm=0(bq) | reason=score
     0(bq              ): pulls=  11 | mean=+0.6672 | bonus=0.3705 | score=+0.6672 <--
     1(elg             ): pulls=   2 | mean=+0.4411 | bonus=0.4616 | score=+0.4411
     2(lehd            ): pulls=   2 | mean=+0.3870 | bonus=0.5164 | score=+0.3870
     7(omni            ): pulls=   3 | mean=+0.5314 | bonus=0.4302 | score=+0.5314
     8(mvmoe           ): pulls=   2 | mean=+0.3186 | bonus=0.4913 | score=+0.3186
11:01:34 | VAL[26] | CVRP | select arm=0(bq) | reason=score
     0(bq              ): pulls=  11 | mean=+0.5205 | bonus=0.3843 | score=+0.5205 <--
     1(elg             ): pulls=   2 | mean=+0.2896 | bonus=0.4573 | score=+0.2896
     2(lehd            ): pulls=   2 | mean=+0.2316 | bonus=0.4543 | score=+0.2316
     7(omni            ): pulls=   3 | mean=+0.3843 | bonus=0.4572 | score=+0.3843
     8(mvmoe           ): pulls=   2 | mean=+0.1684 | bonus=0.4824 | score=+0.1684
11:01:36 | VAL[27] | CVRP | select arm=0(bq) | reason=score
     0(bq              ): pulls=  11 | mean=+0.3708 | bonus=0.4977 | score=+0.3708 <--
     1(elg             ): pulls=   2 | mean=+0.1442 | bonus=0.5245 | score=+0.1442
     2(lehd            ): pulls=   2 | mean=+0.0846 | bonus=0.5588 | score=+0.0846
     7(omni            ): pulls=   3 | mean=+0.2384 | bonus=0.5256 | score=+0.2384
     8(mvmoe           ): pulls=   2 | mean=+0.0208 | bonus=0.5630 | score=+0.0208
11:01:38 | VAL[28] | CVRP | select arm=0(bq) | reason=score
     0(bq              ): pulls=  11 | mean=+0.4780 | bonus=0.3910 | score=+0.4780 <--
     1(elg             ): pulls=   2 | mean=+0.2461 | bonus=0.4263 | score=+0.2461
     2(lehd            ): pulls=   2 | mean=+0.1904 | bonus=0.4652 | score=+0.1904
     7(omni            ): pulls=   3 | mean=+0.3414 | bonus=0.4365 | score=+0.3414
     8(mvmoe           ): pulls=   2 | mean=+0.1242 | bonus=0.4739 | score=+0.1242
11:01:41 | VAL[29] | CVRP | select arm=0(bq) | reason=score
     0(bq              ): pulls=  11 | mean=+0.5158 | bonus=0.3720 | score=+0.5158 <--
     1(elg             ): pulls=   2 | mean=+0.2831 | bonus=0.3980 | score=+0.2831
     2(lehd            ): pulls=   2 | mean=+0.2280 | bonus=0.4550 | score=+0.2280
     7(omni            ): pulls=   3 | mean=+0.3781 | bonus=0.4107 | score=+0.3781
     8(mvmoe           ): pulls=   2 | mean=+0.1613 | bonus=0.4464 | score=+0.1613
11:01:43 | VAL[30] | CVRP | select arm=0(bq) | reason=score
     0(bq              ): pulls=  11 | mean=+0.5018 | bonus=0.4618 | score=+0.5018 <--
     1(elg             ): pulls=   2 | mean=+0.2718 | bonus=0.4715 | score=+0.2718
     2(lehd            ): pulls=   2 | mean=+0.2191 | bonus=0.5559 | score=+0.2191
     7(omni            ): pulls=   3 | mean=+0.3645 | bonus=0.4643 | score=+0.3645
     8(mvmoe           ): pulls=   2 | mean=+0.1496 | bonus=0.5307 | score=+0.1496
11:01:46 | VAL[31] | CVRP | select arm=0(bq) | reason=score
     0(bq              ): pulls=  11 | mean=+0.8428 | bonus=0.4408 | score=+0.8428 <--
     1(elg             ): pulls=   2 | mean=+0.6186 | bonus=0.5846 | score=+0.6186
     2(lehd            ): pulls=   2 | mean=+0.5649 | bonus=0.5766 | score=+0.5649
     7(omni            ): pulls=   3 | mean=+0.7078 | bonus=0.5458 | score=+0.7078
     8(mvmoe           ): pulls=   2 | mean=+0.4970 | bonus=0.5746 | score=+0.4970
11:01:49 | VAL[32] | CVRP | select arm=0(bq) | reason=score
     0(bq              ): pulls=  11 | mean=+0.8139 | bonus=0.4054 | score=+0.8139 <--
     1(elg             ): pulls=   2 | mean=+0.5894 | bonus=0.5365 | score=+0.5894
     2(lehd            ): pulls=   2 | mean=+0.5358 | bonus=0.5491 | score=+0.5358
     7(omni            ): pulls=   3 | mean=+0.6785 | bonus=0.4927 | score=+0.6785
     8(mvmoe           ): pulls=   2 | mean=+0.4678 | bonus=0.5263 | score=+0.4678
11:01:52 | VAL[33] | CVRP | select arm=0(bq) | reason=score
     0(bq              ): pulls=  11 | mean=+0.7042 | bonus=0.3440 | score=+0.7042 <--
     1(elg             ): pulls=   2 | mean=+0.4788 | bonus=0.4541 | score=+0.4788
     2(lehd            ): pulls=   2 | mean=+0.4250 | bonus=0.4823 | score=+0.4250
     7(omni            ): pulls=   3 | mean=+0.5683 | bonus=0.4170 | score=+0.5683
     8(mvmoe           ): pulls=   2 | mean=+0.3568 | bonus=0.4658 | score=+0.3568
11:01:54 | VAL[34] | CVRP | select arm=0(bq) | reason=score
     0(bq              ): pulls=  11 | mean=+0.6684 | bonus=0.3003 | score=+0.6684 <--
     1(elg             ): pulls=   2 | mean=+0.4407 | bonus=0.3972 | score=+0.4407
     2(lehd            ): pulls=   2 | mean=+0.3863 | bonus=0.4462 | score=+0.3863
     7(omni            ): pulls=   3 | mean=+0.5308 | bonus=0.3713 | score=+0.5308
     8(mvmoe           ): pulls=   2 | mean=+0.3184 | bonus=0.4188 | score=+0.3184
11:01:57 | VAL[35] | CVRP | select arm=0(bq) | reason=score
     0(bq              ): pulls=  11 | mean=+0.5866 | bonus=0.3265 | score=+0.5866 <--
     1(elg             ): pulls=   2 | mean=+0.3558 | bonus=0.3659 | score=+0.3558
     2(lehd            ): pulls=   2 | mean=+0.3015 | bonus=0.4367 | score=+0.3015
     7(omni            ): pulls=   3 | mean=+0.4483 | bonus=0.3606 | score=+0.4483
     8(mvmoe           ): pulls=   2 | mean=+0.2337 | bonus=0.4112 | score=+0.2337
11:01:59 | VAL[36] | CVRP | select arm=0(bq) | reason=score
     0(bq              ): pulls=  11 | mean=+0.6029 | bonus=0.3457 | score=+0.6029 <--
     1(elg             ): pulls=   2 | mean=+0.3715 | bonus=0.3798 | score=+0.3715
     2(lehd            ): pulls=   2 | mean=+0.3161 | bonus=0.4337 | score=+0.3161
     7(omni            ): pulls=   3 | mean=+0.4641 | bonus=0.3949 | score=+0.4641
     8(mvmoe           ): pulls=   2 | mean=+0.2496 | bonus=0.4220 | score=+0.2496
11:02:01 | VAL[37] | CVRP | select arm=0(bq) | reason=score
     0(bq              ): pulls=  11 | mean=+0.4287 | bonus=0.4091 | score=+0.4287 <--
     1(elg             ): pulls=   2 | mean=+0.1989 | bonus=0.4612 | score=+0.1989
     2(lehd            ): pulls=   2 | mean=+0.1347 | bonus=0.4753 | score=+0.1347
     7(omni            ): pulls=   3 | mean=+0.2938 | bonus=0.4715 | score=+0.2938
     8(mvmoe           ): pulls=   2 | mean=+0.0739 | bonus=0.4967 | score=+0.0739
11:02:03 | VAL[38] | CVRP | select arm=0(bq) | reason=score
     0(bq              ): pulls=  11 | mean=+0.5478 | bonus=0.3656 | score=+0.5478 <--
     1(elg             ): pulls=   2 | mean=+0.3178 | bonus=0.3903 | score=+0.3178
     2(lehd            ): pulls=   2 | mean=+0.2644 | bonus=0.4721 | score=+0.2644
     7(omni            ): pulls=   3 | mean=+0.4102 | bonus=0.3898 | score=+0.4102
     8(mvmoe           ): pulls=   2 | mean=+0.1956 | bonus=0.4513 | score=+0.1956
11:02:06 | VAL[39] | CVRP | select arm=0(bq) | reason=score
     0(bq              ): pulls=  11 | mean=+0.7547 | bonus=0.3694 | score=+0.7547 <--
     1(elg             ): pulls=   2 | mean=+0.5298 | bonus=0.4803 | score=+0.5298
     2(lehd            ): pulls=   2 | mean=+0.4762 | bonus=0.5075 | score=+0.4762
     7(omni            ): pulls=   3 | mean=+0.6191 | bonus=0.4485 | score=+0.6191
     8(mvmoe           ): pulls=   2 | mean=+0.4080 | bonus=0.4776 | score=+0.4080
11:02:09 | TEST[0] | TSP | select arm=0(bq) | reason=score
     0(bq              ): pulls=   8 | mean=+0.7272 | bonus=0.6086 | score=+0.7272 <--
     1(elg             ): pulls=   2 | mean=+0.3698 | bonus=0.5853 | score=+0.3698
     2(lehd            ): pulls=   2 | mean=+0.3578 | bonus=0.7147 | score=+0.3578
     3(t2t             ): pulls=   2 | mean=+0.4734 | bonus=0.6017 | score=+0.4734
     4(t2t500          ): pulls=   2 | mean=+0.4035 | bonus=0.6005 | score=+0.4035
     5(difusco         ): pulls=   2 | mean=+0.3465 | bonus=0.6421 | score=+0.3465
     6(difusco500      ): pulls=   2 | mean=+0.5288 | bonus=0.6012 | score=+0.5288
11:02:12 | TEST[1] | TSP | select arm=0(bq) | reason=score
     0(bq              ): pulls=   8 | mean=+0.6243 | bonus=0.4062 | score=+0.6243 <--
     1(elg             ): pulls=   2 | mean=+0.2566 | bonus=0.4932 | score=+0.2566
     2(lehd            ): pulls=   2 | mean=+0.2454 | bonus=0.5272 | score=+0.2454
     3(t2t             ): pulls=   2 | mean=+0.3630 | bonus=0.4905 | score=+0.3630
     4(t2t500          ): pulls=   2 | mean=+0.2904 | bonus=0.5082 | score=+0.2904
     5(difusco         ): pulls=   2 | mean=+0.2371 | bonus=0.5105 | score=+0.2371
     6(difusco500      ): pulls=   2 | mean=+0.4175 | bonus=0.5151 | score=+0.4175
11:02:15 | TEST[2] | TSP | select arm=0(bq) | reason=score
     0(bq              ): pulls=   8 | mean=+0.6459 | bonus=0.3588 | score=+0.6459 <--
     1(elg             ): pulls=   2 | mean=+0.2770 | bonus=0.4418 | score=+0.2770
     2(lehd            ): pulls=   2 | mean=+0.2674 | bonus=0.4951 | score=+0.2674
     3(t2t             ): pulls=   2 | mean=+0.3837 | bonus=0.4315 | score=+0.3837
     4(t2t500          ): pulls=   2 | mean=+0.3107 | bonus=0.4451 | score=+0.3107
     5(difusco         ): pulls=   2 | mean=+0.2563 | bonus=0.4442 | score=+0.2563
     6(difusco500      ): pulls=   2 | mean=+0.4400 | bonus=0.4589 | score=+0.4400
11:02:17 | TEST[3] | TSP | select arm=0(bq) | reason=score
     0(bq              ): pulls=   8 | mean=+0.6440 | bonus=0.4107 | score=+0.6440 <--
     1(elg             ): pulls=   2 | mean=+0.2827 | bonus=0.5000 | score=+0.2827
     2(lehd            ): pulls=   2 | mean=+0.2695 | bonus=0.4701 | score=+0.2695
     3(t2t             ): pulls=   2 | mean=+0.3884 | bonus=0.5061 | score=+0.3884
     4(t2t500          ): pulls=   2 | mean=+0.3184 | bonus=0.5089 | score=+0.3184
     5(difusco         ): pulls=   2 | mean=+0.2645 | bonus=0.5172 | score=+0.2645
     6(difusco500      ): pulls=   2 | mean=+0.4388 | bonus=0.5119 | score=+0.4388
11:02:20 | TEST[4] | TSP | select arm=0(bq) | reason=score
     0(bq              ): pulls=   8 | mean=+0.6695 | bonus=0.3587 | score=+0.6695 <--
     1(elg             ): pulls=   2 | mean=+0.3029 | bonus=0.3902 | score=+0.3029
     2(lehd            ): pulls=   2 | mean=+0.2920 | bonus=0.4816 | score=+0.2920
     3(t2t             ): pulls=   2 | mean=+0.4089 | bonus=0.4233 | score=+0.4089
     4(t2t500          ): pulls=   2 | mean=+0.3359 | bonus=0.4584 | score=+0.3359
     5(difusco         ): pulls=   2 | mean=+0.2808 | bonus=0.4675 | score=+0.2808
     6(difusco500      ): pulls=   2 | mean=+0.4658 | bonus=0.4156 | score=+0.4658
11:02:24 | TEST[5] | TSP | select arm=0(bq) | reason=score
     0(bq              ): pulls=   8 | mean=+0.7603 | bonus=0.5986 | score=+0.7603 <--
     1(elg             ): pulls=   2 | mean=+0.3959 | bonus=0.5447 | score=+0.3959
     2(lehd            ): pulls=   2 | mean=+0.3854 | bonus=0.6040 | score=+0.3854
     3(t2t             ): pulls=   2 | mean=+0.5015 | bonus=0.6031 | score=+0.5015
     4(t2t500          ): pulls=   2 | mean=+0.4293 | bonus=0.5655 | score=+0.4293
     5(difusco         ): pulls=   2 | mean=+0.3735 | bonus=0.6148 | score=+0.3735
     6(difusco500      ): pulls=   2 | mean=+0.5589 | bonus=0.5995 | score=+0.5589
11:02:27 | TEST[6] | TSP | select arm=0(bq) | reason=score
     0(bq              ): pulls=   8 | mean=+0.6699 | bonus=0.3577 | score=+0.6699 <--
     1(elg             ): pulls=   2 | mean=+0.3057 | bonus=0.4055 | score=+0.3057
     2(lehd            ): pulls=   2 | mean=+0.2947 | bonus=0.4913 | score=+0.2947
     3(t2t             ): pulls=   2 | mean=+0.4115 | bonus=0.4017 | score=+0.4115
     4(t2t500          ): pulls=   2 | mean=+0.3394 | bonus=0.4065 | score=+0.3394
     5(difusco         ): pulls=   2 | mean=+0.2833 | bonus=0.4233 | score=+0.2833
     6(difusco500      ): pulls=   2 | mean=+0.4672 | bonus=0.4167 | score=+0.4672
11:02:30 | TEST[7] | TSP | select arm=0(bq) | reason=score
     0(bq              ): pulls=   8 | mean=+0.6864 | bonus=0.5163 | score=+0.6864 <--
     1(elg             ): pulls=   2 | mean=+0.3289 | bonus=0.5481 | score=+0.3289
     2(lehd            ): pulls=   2 | mean=+0.3172 | bonus=0.6704 | score=+0.3172
     3(t2t             ): pulls=   2 | mean=+0.4326 | bonus=0.5270 | score=+0.4326
     4(t2t500          ): pulls=   2 | mean=+0.3629 | bonus=0.5370 | score=+0.3629
     5(difusco         ): pulls=   2 | mean=+0.3056 | bonus=0.5604 | score=+0.3056
     6(difusco500      ): pulls=   2 | mean=+0.4876 | bonus=0.5389 | score=+0.4876
11:02:33 | TEST[8] | TSP | select arm=0(bq) | reason=score
     0(bq              ): pulls=   8 | mean=+0.6126 | bonus=0.7706 | score=+0.6126 <--
     1(elg             ): pulls=   2 | mean=+0.2961 | bonus=0.7794 | score=+0.2961
     2(lehd            ): pulls=   2 | mean=+0.2590 | bonus=0.6901 | score=+0.2590
     3(t2t             ): pulls=   2 | mean=+0.3874 | bonus=0.8221 | score=+0.3874
     4(t2t500          ): pulls=   2 | mean=+0.3336 | bonus=0.8007 | score=+0.3336
     5(difusco         ): pulls=   2 | mean=+0.2759 | bonus=0.8622 | score=+0.2759
     6(difusco500      ): pulls=   2 | mean=+0.4264 | bonus=0.7573 | score=+0.4264
11:02:35 | TEST[9] | TSP | select arm=0(bq) | reason=score
     0(bq              ): pulls=   8 | mean=+0.6240 | bonus=0.4072 | score=+0.6240 <--
     1(elg             ): pulls=   2 | mean=+0.2608 | bonus=0.5053 | score=+0.2608
     2(lehd            ): pulls=   2 | mean=+0.2484 | bonus=0.4999 | score=+0.2484
     3(t2t             ): pulls=   2 | mean=+0.3668 | bonus=0.4913 | score=+0.3668
     4(t2t500          ): pulls=   2 | mean=+0.2963 | bonus=0.5009 | score=+0.2963
     5(difusco         ): pulls=   2 | mean=+0.2424 | bonus=0.5020 | score=+0.2424
     6(difusco500      ): pulls=   2 | mean=+0.4186 | bonus=0.5201 | score=+0.4186
11:02:38 | TEST[10] | TSP | select arm=0(bq) | reason=score
     0(bq              ): pulls=   8 | mean=+0.6299 | bonus=0.4661 | score=+0.6299 <--
     1(elg             ): pulls=   2 | mean=+0.2878 | bonus=0.5346 | score=+0.2878
     2(lehd            ): pulls=   2 | mean=+0.2641 | bonus=0.4571 | score=+0.2641
     3(t2t             ): pulls=   2 | mean=+0.3901 | bonus=0.5701 | score=+0.3901
     4(t2t500          ): pulls=   2 | mean=+0.3255 | bonus=0.5901 | score=+0.3255
     5(difusco         ): pulls=   2 | mean=+0.2699 | bonus=0.6075 | score=+0.2699
     6(difusco500      ): pulls=   2 | mean=+0.4326 | bonus=0.5212 | score=+0.4326
11:02:41 | TEST[11] | TSP | select arm=0(bq) | reason=score
     0(bq              ): pulls=   8 | mean=+0.6969 | bonus=0.5236 | score=+0.6969 <--
     1(elg             ): pulls=   2 | mean=+0.3392 | bonus=0.5266 | score=+0.3392
     2(lehd            ): pulls=   2 | mean=+0.3274 | bonus=0.6509 | score=+0.3274
     3(t2t             ): pulls=   2 | mean=+0.4429 | bonus=0.5299 | score=+0.4429
     4(t2t500          ): pulls=   2 | mean=+0.3730 | bonus=0.5400 | score=+0.3730
     5(difusco         ): pulls=   2 | mean=+0.3158 | bonus=0.5726 | score=+0.3158
     6(difusco500      ): pulls=   2 | mean=+0.4981 | bonus=0.5307 | score=+0.4981
11:02:45 | TEST[12] | TSP | select arm=0(bq) | reason=score
     0(bq              ): pulls=   8 | mean=+0.7302 | bonus=0.5749 | score=+0.7302 <--
     1(elg             ): pulls=   2 | mean=+0.3697 | bonus=0.5344 | score=+0.3697
     2(lehd            ): pulls=   2 | mean=+0.3579 | bonus=0.6509 | score=+0.3579
     3(t2t             ): pulls=   2 | mean=+0.4743 | bonus=0.5722 | score=+0.4743
     4(t2t500          ): pulls=   2 | mean=+0.4030 | bonus=0.5534 | score=+0.4030
     5(difusco         ): pulls=   2 | mean=+0.3465 | bonus=0.6070 | score=+0.3465
     6(difusco500      ): pulls=   2 | mean=+0.5307 | bonus=0.5688 | score=+0.5307
11:02:47 | TEST[13] | TSP | select arm=0(bq) | reason=score
     0(bq              ): pulls=   8 | mean=+0.6631 | bonus=0.5458 | score=+0.6631 <--
     1(elg             ): pulls=   2 | mean=+0.3178 | bonus=0.5969 | score=+0.3178
     2(lehd            ): pulls=   2 | mean=+0.2993 | bonus=0.4859 | score=+0.2993
     3(t2t             ): pulls=   2 | mean=+0.4195 | bonus=0.6186 | score=+0.4195
     4(t2t500          ): pulls=   2 | mean=+0.3576 | bonus=0.5983 | score=+0.3576
     5(difusco         ): pulls=   2 | mean=+0.3015 | bonus=0.6308 | score=+0.3015
     6(difusco500      ): pulls=   2 | mean=+0.4643 | bonus=0.5871 | score=+0.4643
11:02:50 | TEST[14] | TSP | select arm=0(bq) | reason=score
     0(bq              ): pulls=   8 | mean=+0.6310 | bonus=0.3880 | score=+0.6310 <--
     1(elg             ): pulls=   2 | mean=+0.2637 | bonus=0.4740 | score=+0.2637
     2(lehd            ): pulls=   2 | mean=+0.2532 | bonus=0.4838 | score=+0.2532
     3(t2t             ): pulls=   2 | mean=+0.3698 | bonus=0.4629 | score=+0.3698
     4(t2t500          ): pulls=   2 | mean=+0.2983 | bonus=0.4734 | score=+0.2983
     5(difusco         ): pulls=   2 | mean=+0.2447 | bonus=0.4793 | score=+0.2447
     6(difusco500      ): pulls=   2 | mean=+0.4241 | bonus=0.4952 | score=+0.4241
11:02:53 | TEST[15] | TSP | select arm=0(bq) | reason=score
     0(bq              ): pulls=   8 | mean=+0.6775 | bonus=0.4599 | score=+0.6775 <--
     1(elg             ): pulls=   2 | mean=+0.3187 | bonus=0.4968 | score=+0.3187
     2(lehd            ): pulls=   2 | mean=+0.3070 | bonus=0.6205 | score=+0.3070
     3(t2t             ): pulls=   2 | mean=+0.4229 | bonus=0.4834 | score=+0.4229
     4(t2t500          ): pulls=   2 | mean=+0.3526 | bonus=0.4969 | score=+0.3526
     5(difusco         ): pulls=   2 | mean=+0.2954 | bonus=0.5215 | score=+0.2954
     6(difusco500      ): pulls=   2 | mean=+0.4780 | bonus=0.4901 | score=+0.4780
11:02:56 | TEST[16] | TSP | select arm=0(bq) | reason=score
     0(bq              ): pulls=   8 | mean=+0.5972 | bonus=0.4553 | score=+0.5972 <--
     1(elg             ): pulls=   2 | mean=+0.2389 | bonus=0.5743 | score=+0.2389
     2(lehd            ): pulls=   2 | mean=+0.2264 | bonus=0.5112 | score=+0.2264
     3(t2t             ): pulls=   2 | mean=+0.3445 | bonus=0.5467 | score=+0.3445
     4(t2t500          ): pulls=   2 | mean=+0.2753 | bonus=0.5715 | score=+0.2753
     5(difusco         ): pulls=   2 | mean=+0.2214 | bonus=0.5620 | score=+0.2214
     6(difusco500      ): pulls=   2 | mean=+0.3945 | bonus=0.5588 | score=+0.3945
11:02:57 | TEST[17] | TSP | select arm=0(bq) | reason=score
     0(bq              ): pulls=   8 | mean=+0.4891 | bonus=0.5505 | score=+0.4891 <--
     1(elg             ): pulls=   2 | mean=+0.1571 | bonus=0.6670 | score=+0.1571
     2(lehd            ): pulls=   2 | mean=+0.1238 | bonus=0.6141 | score=+0.1238
     3(t2t             ): pulls=   2 | mean=+0.2540 | bonus=0.6166 | score=+0.2540
     4(t2t500          ): pulls=   2 | mean=+0.1879 | bonus=0.6675 | score=+0.1879
     5(difusco         ): pulls=   2 | mean=+0.1324 | bonus=0.6597 | score=+0.1324
     6(difusco500      ): pulls=   2 | mean=+0.3056 | bonus=0.5973 | score=+0.3056
11:02:59 | TEST[18] | TSP | select arm=0(bq) | reason=score
     0(bq              ): pulls=   8 | mean=+0.6524 | bonus=0.3910 | score=+0.6524 <--
     1(elg             ): pulls=   2 | mean=+0.2850 | bonus=0.4763 | score=+0.2850
     2(lehd            ): pulls=   2 | mean=+0.2738 | bonus=0.4779 | score=+0.2738
     3(t2t             ): pulls=   2 | mean=+0.3912 | bonus=0.4822 | score=+0.3912
     4(t2t500          ): pulls=   2 | mean=+0.3190 | bonus=0.4930 | score=+0.3190
     5(difusco         ): pulls=   2 | mean=+0.2656 | bonus=0.4947 | score=+0.2656
     6(difusco500      ): pulls=   2 | mean=+0.4458 | bonus=0.5010 | score=+0.4458
11:03:02 | TEST[19] | TSP | select arm=0(bq) | reason=score
     0(bq              ): pulls=   8 | mean=+0.7695 | bonus=0.6086 | score=+0.7695 <--
     1(elg             ): pulls=   2 | mean=+0.4057 | bonus=0.5626 | score=+0.4057
     2(lehd            ): pulls=   2 | mean=+0.3949 | bonus=0.6165 | score=+0.3949
     3(t2t             ): pulls=   2 | mean=+0.5113 | bonus=0.6137 | score=+0.5113
     4(t2t500          ): pulls=   2 | mean=+0.4391 | bonus=0.5734 | score=+0.4391
     5(difusco         ): pulls=   2 | mean=+0.3832 | bonus=0.6260 | score=+0.3832
     6(difusco500      ): pulls=   2 | mean=+0.5686 | bonus=0.6099 | score=+0.5686
11:03:05 | TEST[20] | CVRP | select arm=0(bq) | reason=score
     0(bq              ): pulls=  11 | mean=+0.6467 | bonus=0.3004 | score=+0.6467 <--
     1(elg             ): pulls=   2 | mean=+0.4190 | bonus=0.3809 | score=+0.4190
     2(lehd            ): pulls=   2 | mean=+0.3646 | bonus=0.4341 | score=+0.3646
     7(omni            ): pulls=   3 | mean=+0.5092 | bonus=0.3709 | score=+0.5092
     8(mvmoe           ): pulls=   2 | mean=+0.2968 | bonus=0.4197 | score=+0.2968
11:03:07 | TEST[21] | CVRP | select arm=0(bq) | reason=score
     0(bq              ): pulls=  11 | mean=+0.5936 | bonus=0.3733 | score=+0.5936 <--
     1(elg             ): pulls=   2 | mean=+0.3609 | bonus=0.4349 | score=+0.3609
     2(lehd            ): pulls=   2 | mean=+0.3048 | bonus=0.4661 | score=+0.3048
     7(omni            ): pulls=   3 | mean=+0.4547 | bonus=0.4278 | score=+0.4547
     8(mvmoe           ): pulls=   2 | mean=+0.2390 | bonus=0.4744 | score=+0.2390
11:03:11 | TEST[22] | CVRP | select arm=0(bq) | reason=score
     0(bq              ): pulls=  11 | mean=+0.7835 | bonus=0.3772 | score=+0.7835 <--
     1(elg             ): pulls=   2 | mean=+0.5586 | bonus=0.5085 | score=+0.5586
     2(lehd            ): pulls=   2 | mean=+0.5048 | bonus=0.5305 | score=+0.5048
     7(omni            ): pulls=   3 | mean=+0.6480 | bonus=0.4629 | score=+0.6480
     8(mvmoe           ): pulls=   2 | mean=+0.4367 | bonus=0.5015 | score=+0.4367
11:03:14 | TEST[23] | CVRP | select arm=0(bq) | reason=score
     0(bq              ): pulls=  11 | mean=+0.5421 | bonus=0.3947 | score=+0.5421 <--
     1(elg             ): pulls=   2 | mean=+0.3104 | bonus=0.4725 | score=+0.3104
     2(lehd            ): pulls=   2 | mean=+0.2527 | bonus=0.4663 | score=+0.2527
     7(omni            ): pulls=   3 | mean=+0.4051 | bonus=0.4666 | score=+0.4051
     8(mvmoe           ): pulls=   2 | mean=+0.1893 | bonus=0.4990 | score=+0.1893
11:03:17 | TEST[24] | CVRP | select arm=0(bq) | reason=score
     0(bq              ): pulls=  11 | mean=+0.4653 | bonus=0.3884 | score=+0.4653 <--
     1(elg             ): pulls=   2 | mean=+0.2366 | bonus=0.4494 | score=+0.2366
     2(lehd            ): pulls=   2 | mean=+0.1760 | bonus=0.4367 | score=+0.1760
     7(omni            ): pulls=   3 | mean=+0.3301 | bonus=0.4558 | score=+0.3301
     8(mvmoe           ): pulls=   2 | mean=+0.1143 | bonus=0.4792 | score=+0.1143
11:03:20 | TEST[25] | CVRP | select arm=0(bq) | reason=score
     0(bq              ): pulls=  11 | mean=+0.8060 | bonus=0.3913 | score=+0.8060 <--
     1(elg             ): pulls=   2 | mean=+0.5815 | bonus=0.5256 | score=+0.5815
     2(lehd            ): pulls=   2 | mean=+0.5279 | bonus=0.5283 | score=+0.5279
     7(omni            ): pulls=   3 | mean=+0.6704 | bonus=0.4860 | score=+0.6704
     8(mvmoe           ): pulls=   2 | mean=+0.4599 | bonus=0.5112 | score=+0.4599
11:03:22 | TEST[26] | CVRP | select arm=0(bq) | reason=score
     0(bq              ): pulls=  11 | mean=+0.6248 | bonus=0.3707 | score=+0.6248 <--
     1(elg             ): pulls=   2 | mean=+0.3932 | bonus=0.4344 | score=+0.3932
     2(lehd            ): pulls=   2 | mean=+0.3371 | bonus=0.4652 | score=+0.3371
     7(omni            ): pulls=   3 | mean=+0.4857 | bonus=0.4264 | score=+0.4857
     8(mvmoe           ): pulls=   2 | mean=+0.2713 | bonus=0.4750 | score=+0.2713
11:03:26 | TEST[27] | CVRP | select arm=0(bq) | reason=score
     0(bq              ): pulls=  11 | mean=+0.7938 | bonus=0.4198 | score=+0.7938 <--
     1(elg             ): pulls=   2 | mean=+0.5694 | bonus=0.5372 | score=+0.5694
     2(lehd            ): pulls=   2 | mean=+0.5158 | bonus=0.5586 | score=+0.5158
     7(omni            ): pulls=   3 | mean=+0.6588 | bonus=0.5042 | score=+0.6588
     8(mvmoe           ): pulls=   2 | mean=+0.4478 | bonus=0.5362 | score=+0.4478
11:03:28 | TEST[28] | CVRP | select arm=0(bq) | reason=score
     0(bq              ): pulls=  11 | mean=+0.6718 | bonus=0.3188 | score=+0.6718 <--
     1(elg             ): pulls=   2 | mean=+0.4439 | bonus=0.4173 | score=+0.4439
     2(lehd            ): pulls=   2 | mean=+0.3892 | bonus=0.4546 | score=+0.3892
     7(omni            ): pulls=   3 | mean=+0.5341 | bonus=0.3877 | score=+0.5341
     8(mvmoe           ): pulls=   2 | mean=+0.3216 | bonus=0.4503 | score=+0.3216
11:03:30 | TEST[29] | CVRP | select arm=0(bq) | reason=score
     0(bq              ): pulls=  11 | mean=+0.5714 | bonus=0.4087 | score=+0.5714 <--
     1(elg             ): pulls=   2 | mean=+0.3391 | bonus=0.4727 | score=+0.3391
     2(lehd            ): pulls=   2 | mean=+0.2818 | bonus=0.4830 | score=+0.2818
     7(omni            ): pulls=   3 | mean=+0.4335 | bonus=0.4722 | score=+0.4335
     8(mvmoe           ): pulls=   2 | mean=+0.2182 | bonus=0.4990 | score=+0.2182
11:03:34 | TEST[30] | CVRP | select arm=0(bq) | reason=score
     0(bq              ): pulls=  11 | mean=+0.7659 | bonus=0.3623 | score=+0.7659 <--
     1(elg             ): pulls=   2 | mean=+0.5411 | bonus=0.4856 | score=+0.5411
     2(lehd            ): pulls=   2 | mean=+0.4873 | bonus=0.5171 | score=+0.4873
     7(omni            ): pulls=   3 | mean=+0.6304 | bonus=0.4541 | score=+0.6304
     8(mvmoe           ): pulls=   2 | mean=+0.4192 | bonus=0.4890 | score=+0.4192
11:03:37 | TEST[31] | CVRP | select arm=0(bq) | reason=score
     0(bq              ): pulls=  11 | mean=+0.3984 | bonus=0.4631 | score=+0.3984 <--
     1(elg             ): pulls=   2 | mean=+0.1699 | bonus=0.4955 | score=+0.1699
     2(lehd            ): pulls=   2 | mean=+0.1120 | bonus=0.5218 | score=+0.1120
     7(omni            ): pulls=   3 | mean=+0.2648 | bonus=0.5021 | score=+0.2648
     8(mvmoe           ): pulls=   2 | mean=+0.0471 | bonus=0.5383 | score=+0.0471
11:03:40 | TEST[32] | CVRP | select arm=0(bq) | reason=score
     0(bq              ): pulls=  11 | mean=+0.8276 | bonus=0.4114 | score=+0.8276 <--
     1(elg             ): pulls=   2 | mean=+0.6034 | bonus=0.5471 | score=+0.6034
     2(lehd            ): pulls=   2 | mean=+0.5498 | bonus=0.5471 | score=+0.5498
     7(omni            ): pulls=   3 | mean=+0.6922 | bonus=0.5130 | score=+0.6922
     8(mvmoe           ): pulls=   2 | mean=+0.4819 | bonus=0.5343 | score=+0.4819
11:03:42 | TEST[33] | CVRP | select arm=0(bq) | reason=score
     0(bq              ): pulls=  11 | mean=+0.6008 | bonus=0.3564 | score=+0.6008 <--
     1(elg             ): pulls=   2 | mean=+0.3692 | bonus=0.3841 | score=+0.3692
     2(lehd            ): pulls=   2 | mean=+0.3135 | bonus=0.4322 | score=+0.3135
     7(omni            ): pulls=   3 | mean=+0.4621 | bonus=0.4070 | score=+0.4621
     8(mvmoe           ): pulls=   2 | mean=+0.2475 | bonus=0.4208 | score=+0.2475
11:03:45 | TEST[34] | CVRP | select arm=0(bq) | reason=score
     0(bq              ): pulls=  11 | mean=+0.4920 | bonus=0.4000 | score=+0.4920 <--
     1(elg             ): pulls=   2 | mean=+0.2597 | bonus=0.4035 | score=+0.2597
     2(lehd            ): pulls=   2 | mean=+0.2056 | bonus=0.4739 | score=+0.2056
     7(omni            ): pulls=   3 | mean=+0.3544 | bonus=0.4347 | score=+0.3544
     8(mvmoe           ): pulls=   2 | mean=+0.1377 | bonus=0.4695 | score=+0.1377
11:03:48 | TEST[35] | CVRP | select arm=0(bq) | reason=score
     0(bq              ): pulls=  11 | mean=+0.7595 | bonus=0.3594 | score=+0.7595 <--
     1(elg             ): pulls=   2 | mean=+0.5347 | bonus=0.4716 | score=+0.5347
     2(lehd            ): pulls=   2 | mean=+0.4810 | bonus=0.4985 | score=+0.4810
     7(omni            ): pulls=   3 | mean=+0.6238 | bonus=0.4491 | score=+0.6238
     8(mvmoe           ): pulls=   2 | mean=+0.4130 | bonus=0.4694 | score=+0.4130
11:03:50 | TEST[36] | CVRP | select arm=0(bq) | reason=score
     0(bq              ): pulls=  11 | mean=+0.4648 | bonus=0.3942 | score=+0.4648 <--
     1(elg             ): pulls=   2 | mean=+0.2354 | bonus=0.4580 | score=+0.2354
     2(lehd            ): pulls=   2 | mean=+0.1741 | bonus=0.4603 | score=+0.1741
     7(omni            ): pulls=   3 | mean=+0.3304 | bonus=0.4554 | score=+0.3304
     8(mvmoe           ): pulls=   2 | mean=+0.1125 | bonus=0.4801 | score=+0.1125
11:03:53 | TEST[37] | CVRP | select arm=0(bq) | reason=score
     0(bq              ): pulls=  11 | mean=+0.7322 | bonus=0.3417 | score=+0.7322 <--
     1(elg             ): pulls=   2 | mean=+0.5060 | bonus=0.4474 | score=+0.5060
     2(lehd            ): pulls=   2 | mean=+0.4516 | bonus=0.4689 | score=+0.4516
     7(omni            ): pulls=   3 | mean=+0.5950 | bonus=0.4197 | score=+0.5950
     8(mvmoe           ): pulls=   2 | mean=+0.3841 | bonus=0.4482 | score=+0.3841
11:03:55 | TEST[38] | CVRP | select arm=0(bq) | reason=score
     0(bq              ): pulls=  11 | mean=+0.6509 | bonus=0.3612 | score=+0.6509 <--
     1(elg             ): pulls=   2 | mean=+0.4207 | bonus=0.4411 | score=+0.4207
     2(lehd            ): pulls=   2 | mean=+0.3651 | bonus=0.4659 | score=+0.3651
     7(omni            ): pulls=   3 | mean=+0.5121 | bonus=0.4141 | score=+0.5121
     8(mvmoe           ): pulls=   2 | mean=+0.2986 | bonus=0.4664 | score=+0.2986
11:03:58 | TEST[39] | CVRP | select arm=0(bq) | reason=score
     0(bq              ): pulls=  11 | mean=+0.7026 | bonus=0.3410 | score=+0.7026 <--
     1(elg             ): pulls=   2 | mean=+0.4771 | bonus=0.4341 | score=+0.4771
     2(lehd            ): pulls=   2 | mean=+0.4233 | bonus=0.4895 | score=+0.4233
     7(omni            ): pulls=   3 | mean=+0.5666 | bonus=0.4134 | score=+0.5666
     8(mvmoe           ): pulls=   2 | mean=+0.3550 | bonus=0.4540 | score=+0.3550
11:04:01 | VAL[0] | TSP | select arm=0(bq) | reason=score
     0(bq              ): pulls=   8 | mean=+0.6510 | bonus=0.3470 | score=+0.9980 <--
     1(elg             ): pulls=   2 | mean=+0.2818 | bonus=0.4200 | score=+0.7018
     2(lehd            ): pulls=   2 | mean=+0.2721 | bonus=0.4851 | score=+0.7572
     3(t2t             ): pulls=   2 | mean=+0.3883 | bonus=0.4126 | score=+0.8009
     4(t2t500          ): pulls=   2 | mean=+0.3155 | bonus=0.4132 | score=+0.7287
     5(difusco         ): pulls=   2 | mean=+0.2613 | bonus=0.4244 | score=+0.6857
     6(difusco500      ): pulls=   2 | mean=+0.4452 | bonus=0.4519 | score=+0.8971
11:04:05 | VAL[1] | TSP | select arm=0(bq) | reason=score
     0(bq              ): pulls=   8 | mean=+0.6993 | bonus=0.5334 | score=+1.2327 <--
     1(elg             ): pulls=   2 | mean=+0.3418 | bonus=0.5458 | score=+0.8876
     2(lehd            ): pulls=   2 | mean=+0.3300 | bonus=0.6686 | score=+0.9985
     3(t2t             ): pulls=   2 | mean=+0.4455 | bonus=0.5372 | score=+0.9828
     4(t2t500          ): pulls=   2 | mean=+0.3757 | bonus=0.5423 | score=+0.9180
     5(difusco         ): pulls=   2 | mean=+0.3185 | bonus=0.5721 | score=+0.8906
     6(difusco500      ): pulls=   2 | mean=+0.5006 | bonus=0.5439 | score=+1.0446
11:04:07 | VAL[2] | TSP | select arm=0(bq) | reason=score
     0(bq              ): pulls=   8 | mean=+0.6575 | bonus=0.3719 | score=+1.0294 <--
     1(elg             ): pulls=   2 | mean=+0.2946 | bonus=0.4308 | score=+0.7254
     2(lehd            ): pulls=   2 | mean=+0.2832 | bonus=0.5453 | score=+0.8284
     3(t2t             ): pulls=   2 | mean=+0.4000 | bonus=0.4241 | score=+0.8241
     4(t2t500          ): pulls=   2 | mean=+0.3281 | bonus=0.4417 | score=+0.7698
     5(difusco         ): pulls=   2 | mean=+0.2718 | bonus=0.4560 | score=+0.7279
     6(difusco500      ): pulls=   2 | mean=+0.4557 | bonus=0.4316 | score=+0.8873
11:04:10 | VAL[3] | TSP | select arm=0(bq) | reason=score
     0(bq              ): pulls=   8 | mean=+0.6630 | bonus=0.4131 | score=+1.0760 <--
     1(elg             ): pulls=   2 | mean=+0.3026 | bonus=0.4538 | score=+0.7565
     2(lehd            ): pulls=   2 | mean=+0.2911 | bonus=0.5699 | score=+0.8610
     3(t2t             ): pulls=   2 | mean=+0.4074 | bonus=0.4382 | score=+0.8456
     4(t2t500          ): pulls=   2 | mean=+0.3365 | bonus=0.4541 | score=+0.7906
     5(difusco         ): pulls=   2 | mean=+0.2795 | bonus=0.4726 | score=+0.7521
     6(difusco500      ): pulls=   2 | mean=+0.4624 | bonus=0.4534 | score=+0.9158
11:04:14 | VAL[4] | TSP | select arm=0(bq) | reason=score
     0(bq              ): pulls=   8 | mean=+0.6813 | bonus=0.5608 | score=+1.2420 <--
     1(elg             ): pulls=   2 | mean=+0.3243 | bonus=0.5695 | score=+0.8938
     2(lehd            ): pulls=   2 | mean=+0.3124 | bonus=0.7106 | score=+1.0230
     3(t2t             ): pulls=   2 | mean=+0.4276 | bonus=0.5630 | score=+0.9906
     4(t2t500          ): pulls=   2 | mean=+0.3581 | bonus=0.5790 | score=+0.9371
     5(difusco         ): pulls=   2 | mean=+0.3009 | bonus=0.6098 | score=+0.9107
     6(difusco500      ): pulls=   2 | mean=+0.4828 | bonus=0.5662 | score=+1.0490
11:04:17 | VAL[5] | TSP | select arm=0(bq) | reason=score
     0(bq              ): pulls=   8 | mean=+0.6916 | bonus=0.5027 | score=+1.1943 <--
     1(elg             ): pulls=   2 | mean=+0.3339 | bonus=0.5210 | score=+0.8549
     2(lehd            ): pulls=   2 | mean=+0.3222 | bonus=0.6347 | score=+0.9569
     3(t2t             ): pulls=   2 | mean=+0.4376 | bonus=0.5163 | score=+0.9539
     4(t2t500          ): pulls=   2 | mean=+0.3678 | bonus=0.5412 | score=+0.9090
     5(difusco         ): pulls=   2 | mean=+0.3105 | bonus=0.5600 | score=+0.8705
     6(difusco500      ): pulls=   2 | mean=+0.4926 | bonus=0.5177 | score=+1.0103
11:04:20 | VAL[6] | TSP | select arm=0(bq) | reason=score
     0(bq              ): pulls=   8 | mean=+0.6907 | bonus=0.3697 | score=+1.0604 <--
     1(elg             ): pulls=   2 | mean=+0.3264 | bonus=0.3900 | score=+0.7164
     2(lehd            ): pulls=   2 | mean=+0.3153 | bonus=0.4903 | score=+0.8056
     3(t2t             ): pulls=   2 | mean=+0.4320 | bonus=0.4120 | score=+0.8440
     4(t2t500          ): pulls=   2 | mean=+0.3598 | bonus=0.4072 | score=+0.7670
     5(difusco         ): pulls=   2 | mean=+0.3039 | bonus=0.4365 | score=+0.7403
     6(difusco500      ): pulls=   2 | mean=+0.4886 | bonus=0.4185 | score=+0.9071
11:04:24 | VAL[7] | TSP | select arm=0(bq) | reason=score
     0(bq              ): pulls=   8 | mean=+0.7328 | bonus=0.4720 | score=+1.2048 <--
     1(elg             ): pulls=   2 | mean=+0.3678 | bonus=0.4495 | score=+0.8173
     2(lehd            ): pulls=   2 | mean=+0.3573 | bonus=0.5188 | score=+0.8760
     3(t2t             ): pulls=   2 | mean=+0.4735 | bonus=0.4921 | score=+0.9656
     4(t2t500          ): pulls=   2 | mean=+0.4013 | bonus=0.4598 | score=+0.8611
     5(difusco         ): pulls=   2 | mean=+0.3455 | bonus=0.5020 | score=+0.8475
     6(difusco500      ): pulls=   2 | mean=+0.5308 | bonus=0.4990 | score=+1.0299
11:04:26 | VAL[8] | TSP | select arm=0(bq) | reason=score
     0(bq              ): pulls=   8 | mean=+0.5321 | bonus=0.4702 | score=+1.0023 <--
     1(elg             ): pulls=   2 | mean=+0.2061 | bonus=0.5882 | score=+0.7943
     2(lehd            ): pulls=   2 | mean=+0.1712 | bonus=0.4991 | score=+0.6704
     3(t2t             ): pulls=   2 | mean=+0.3032 | bonus=0.5611 | score=+0.8643
     4(t2t500          ): pulls=   2 | mean=+0.2401 | bonus=0.5889 | score=+0.8290
     5(difusco         ): pulls=   2 | mean=+0.1844 | bonus=0.6142 | score=+0.7985
     6(difusco500      ): pulls=   2 | mean=+0.3485 | bonus=0.5172 | score=+0.8657
11:04:28 | VAL[9] | TSP | select arm=0(bq) | reason=score
     0(bq              ): pulls=   8 | mean=+0.6564 | bonus=0.3687 | score=+1.0252 <--
     1(elg             ): pulls=   2 | mean=+0.2885 | bonus=0.4217 | score=+0.7103
     2(lehd            ): pulls=   2 | mean=+0.2771 | bonus=0.4681 | score=+0.7452
     3(t2t             ): pulls=   2 | mean=+0.3947 | bonus=0.4435 | score=+0.8381
     4(t2t500          ): pulls=   2 | mean=+0.3224 | bonus=0.4394 | score=+0.7619
     5(difusco         ): pulls=   2 | mean=+0.2688 | bonus=0.4620 | score=+0.7308
     6(difusco500      ): pulls=   2 | mean=+0.4500 | bonus=0.4684 | score=+0.9184
11:04:31 | VAL[10] | TSP | select arm=0(bq) | reason=score
     0(bq              ): pulls=   8 | mean=+0.6271 | bonus=0.4182 | score=+1.0453 <--
     1(elg             ): pulls=   2 | mean=+0.2714 | bonus=0.5139 | score=+0.7853
     2(lehd            ): pulls=   2 | mean=+0.2556 | bonus=0.4658 | score=+0.7214
     3(t2t             ): pulls=   2 | mean=+0.3766 | bonus=0.5212 | score=+0.8978
     4(t2t500          ): pulls=   2 | mean=+0.3079 | bonus=0.5258 | score=+0.8337
     5(difusco         ): pulls=   2 | mean=+0.2536 | bonus=0.5397 | score=+0.7933
     6(difusco500      ): pulls=   2 | mean=+0.4243 | bonus=0.5112 | score=+0.9355
11:04:34 | VAL[11] | TSP | select arm=0(bq) | reason=score
     0(bq              ): pulls=   8 | mean=+0.6533 | bonus=0.4080 | score=+1.0612 <--
     1(elg             ): pulls=   2 | mean=+0.2922 | bonus=0.4588 | score=+0.7510
     2(lehd            ): pulls=   2 | mean=+0.2808 | bonus=0.5867 | score=+0.8674
     3(t2t             ): pulls=   2 | mean=+0.3973 | bonus=0.4353 | score=+0.8326
     4(t2t500          ): pulls=   2 | mean=+0.3260 | bonus=0.4406 | score=+0.7666
     5(difusco         ): pulls=   2 | mean=+0.2693 | bonus=0.4632 | score=+0.7325
     6(difusco500      ): pulls=   2 | mean=+0.4525 | bonus=0.4589 | score=+0.9114
11:04:37 | VAL[12] | TSP | select arm=0(bq) | reason=score
     0(bq              ): pulls=   8 | mean=+0.6419 | bonus=0.3786 | score=+1.0204 <--
     1(elg             ): pulls=   2 | mean=+0.2723 | bonus=0.4675 | score=+0.7399
     2(lehd            ): pulls=   2 | mean=+0.2627 | bonus=0.5018 | score=+0.7645
     3(t2t             ): pulls=   2 | mean=+0.3790 | bonus=0.4567 | score=+0.8357
     4(t2t500          ): pulls=   2 | mean=+0.3060 | bonus=0.4726 | score=+0.7787
     5(difusco         ): pulls=   2 | mean=+0.2523 | bonus=0.4706 | score=+0.7229
     6(difusco500      ): pulls=   2 | mean=+0.4352 | bonus=0.4863 | score=+0.9215
11:04:40 | VAL[13] | TSP | select arm=0(bq) | reason=score
     0(bq              ): pulls=   8 | mean=+0.6809 | bonus=0.4503 | score=+1.1312 <--
     1(elg             ): pulls=   2 | mean=+0.3212 | bonus=0.4653 | score=+0.7865
     2(lehd            ): pulls=   2 | mean=+0.3096 | bonus=0.5712 | score=+0.8808
     3(t2t             ): pulls=   2 | mean=+0.4258 | bonus=0.4599 | score=+0.8857
     4(t2t500          ): pulls=   2 | mean=+0.3551 | bonus=0.4742 | score=+0.8293
     5(difusco         ): pulls=   2 | mean=+0.2980 | bonus=0.4969 | score=+0.7948
     6(difusco500      ): pulls=   2 | mean=+0.4808 | bonus=0.4705 | score=+0.9513
11:04:42 | VAL[14] | TSP | select arm=0(bq) | reason=score
     0(bq              ): pulls=   8 | mean=+0.6823 | bonus=0.3631 | score=+1.0454 <--
     1(elg             ): pulls=   2 | mean=+0.3152 | bonus=0.3918 | score=+0.7070
     2(lehd            ): pulls=   2 | mean=+0.3051 | bonus=0.4406 | score=+0.7457
     3(t2t             ): pulls=   2 | mean=+0.4213 | bonus=0.4058 | score=+0.8271
     4(t2t500          ): pulls=   2 | mean=+0.3489 | bonus=0.4138 | score=+0.7627
     5(difusco         ): pulls=   2 | mean=+0.2935 | bonus=0.4265 | score=+0.7200
     6(difusco500      ): pulls=   2 | mean=+0.4780 | bonus=0.4239 | score=+0.9019
11:04:44 | VAL[15] | TSP | select arm=0(bq) | reason=score
     0(bq              ): pulls=   8 | mean=+0.6197 | bonus=0.4180 | score=+1.0377 <--
     1(elg             ): pulls=   2 | mean=+0.2540 | bonus=0.5185 | score=+0.7725
     2(lehd            ): pulls=   2 | mean=+0.2428 | bonus=0.5115 | score=+0.7544
     3(t2t             ): pulls=   2 | mean=+0.3604 | bonus=0.5074 | score=+0.8678
     4(t2t500          ): pulls=   2 | mean=+0.2886 | bonus=0.5192 | score=+0.8078
     5(difusco         ): pulls=   2 | mean=+0.2352 | bonus=0.5209 | score=+0.7561
     6(difusco500      ): pulls=   2 | mean=+0.4133 | bonus=0.5292 | score=+0.9425
11:04:47 | VAL[16] | TSP | select arm=0(bq) | reason=score
     0(bq              ): pulls=   8 | mean=+0.6031 | bonus=0.4565 | score=+1.0596 <--
     1(elg             ): pulls=   2 | mean=+0.2445 | bonus=0.5692 | score=+0.8137
     2(lehd            ): pulls=   2 | mean=+0.2309 | bonus=0.5368 | score=+0.7677
     3(t2t             ): pulls=   2 | mean=+0.3505 | bonus=0.5506 | score=+0.9011
     4(t2t500          ): pulls=   2 | mean=+0.2804 | bonus=0.5723 | score=+0.8528
     5(difusco         ): pulls=   2 | mean=+0.2268 | bonus=0.5645 | score=+0.7913
     6(difusco500      ): pulls=   2 | mean=+0.3998 | bonus=0.5627 | score=+0.9624
11:04:50 | VAL[17] | TSP | select arm=0(bq) | reason=score
     0(bq              ): pulls=   8 | mean=+0.6584 | bonus=0.3521 | score=+1.0106 <--
     1(elg             ): pulls=   2 | mean=+0.2921 | bonus=0.4159 | score=+0.7080
     2(lehd            ): pulls=   2 | mean=+0.2815 | bonus=0.4823 | score=+0.7638
     3(t2t             ): pulls=   2 | mean=+0.3984 | bonus=0.4129 | score=+0.8113
     4(t2t500          ): pulls=   2 | mean=+0.3256 | bonus=0.4415 | score=+0.7671
     5(difusco         ): pulls=   2 | mean=+0.2702 | bonus=0.4391 | score=+0.7092
     6(difusco500      ): pulls=   2 | mean=+0.4543 | bonus=0.4255 | score=+0.8798
11:04:52 | VAL[18] | TSP | select arm=0(bq) | reason=score
     0(bq              ): pulls=   8 | mean=+0.6646 | bonus=0.3360 | score=+1.0006 <--
     1(elg             ): pulls=   2 | mean=+0.2970 | bonus=0.4006 | score=+0.6976
     2(lehd            ): pulls=   2 | mean=+0.2867 | bonus=0.4781 | score=+0.7648
     3(t2t             ): pulls=   2 | mean=+0.4032 | bonus=0.4056 | score=+0.8088
     4(t2t500          ): pulls=   2 | mean=+0.3304 | bonus=0.4118 | score=+0.7422
     5(difusco         ): pulls=   2 | mean=+0.2755 | bonus=0.4245 | score=+0.7000
     6(difusco500      ): pulls=   2 | mean=+0.4603 | bonus=0.4281 | score=+0.8884
11:04:55 | VAL[19] | TSP | select arm=0(bq) | reason=score
     0(bq              ): pulls=   8 | mean=+0.6655 | bonus=0.4404 | score=+1.1060 <--
     1(elg             ): pulls=   2 | mean=+0.3061 | bonus=0.4759 | score=+0.7820
     2(lehd            ): pulls=   2 | mean=+0.2945 | bonus=0.6051 | score=+0.8996
     3(t2t             ): pulls=   2 | mean=+0.4106 | bonus=0.4585 | score=+0.8691
     4(t2t500          ): pulls=   2 | mean=+0.3400 | bonus=0.4717 | score=+0.8117
     5(difusco         ): pulls=   2 | mean=+0.2829 | bonus=0.4936 | score=+0.7765
     6(difusco500      ): pulls=   2 | mean=+0.4656 | bonus=0.4751 | score=+0.9407
11:04:57 | VAL[20] | CVRP | select arm=0(bq) | reason=score
     0(bq              ): pulls=  11 | mean=+0.4623 | bonus=0.4033 | score=+0.8656 <--
     1(elg             ): pulls=   2 | mean=+0.2305 | bonus=0.4593 | score=+0.6898
     2(lehd            ): pulls=   2 | mean=+0.1658 | bonus=0.4536 | score=+0.6193
     7(omni            ): pulls=   3 | mean=+0.3245 | bonus=0.4664 | score=+0.7910
     8(mvmoe           ): pulls=   2 | mean=+0.1051 | bonus=0.4898 | score=+0.5949
11:05:00 | VAL[21] | CVRP | select arm=0(bq) | reason=score
     0(bq              ): pulls=  11 | mean=+0.1928 | bonus=1.0888 | score=+1.2816 <--
     1(elg             ): pulls=   2 | mean=-0.0358 | bonus=1.0684 | score=+1.0326
     2(lehd            ): pulls=   2 | mean=-0.0861 | bonus=1.1219 | score=+1.0358
     7(omni            ): pulls=   3 | mean=+0.0604 | bonus=1.0808 | score=+1.1412
     8(mvmoe           ): pulls=   2 | mean=-0.1571 | bonus=1.1170 | score=+0.9599
11:05:03 | VAL[22] | CVRP | select arm=0(bq) | reason=score
     0(bq              ): pulls=  11 | mean=+0.7181 | bonus=0.3217 | score=+1.0398 <--
     1(elg             ): pulls=   2 | mean=+0.4923 | bonus=0.4319 | score=+0.9242
     2(lehd            ): pulls=   2 | mean=+0.4382 | bonus=0.4715 | score=+0.9097
     7(omni            ): pulls=   3 | mean=+0.5818 | bonus=0.4050 | score=+0.9868
     8(mvmoe           ): pulls=   2 | mean=+0.3701 | bonus=0.4484 | score=+0.8185
11:05:04 | VAL[23] | CVRP | select arm=0(bq) | reason=score
     0(bq              ): pulls=  11 | mean=+0.4478 | bonus=0.4336 | score=+0.8814 <--
     1(elg             ): pulls=   2 | mean=+0.2105 | bonus=0.4721 | score=+0.6826
     2(lehd            ): pulls=   2 | mean=+0.1426 | bonus=0.4819 | score=+0.6245
     7(omni            ): pulls=   3 | mean=+0.3055 | bonus=0.4920 | score=+0.7974
     8(mvmoe           ): pulls=   2 | mean=+0.0814 | bonus=0.5171 | score=+0.5985
11:05:08 | VAL[24] | CVRP | select arm=0(bq) | reason=score
     0(bq              ): pulls=  11 | mean=+0.7125 | bonus=0.3273 | score=+1.0397 <--
     1(elg             ): pulls=   2 | mean=+0.4868 | bonus=0.4456 | score=+0.9324
     2(lehd            ): pulls=   2 | mean=+0.4328 | bonus=0.4803 | score=+0.9131
     7(omni            ): pulls=   3 | mean=+0.5765 | bonus=0.4067 | score=+0.9832
     8(mvmoe           ): pulls=   2 | mean=+0.3646 | bonus=0.4611 | score=+0.8257
11:05:11 | VAL[25] | CVRP | select arm=0(bq) | reason=score
     0(bq              ): pulls=  11 | mean=+0.6672 | bonus=0.3705 | score=+1.0376 <--
     1(elg             ): pulls=   2 | mean=+0.4411 | bonus=0.4616 | score=+0.9026
     2(lehd            ): pulls=   2 | mean=+0.3870 | bonus=0.5164 | score=+0.9034
     7(omni            ): pulls=   3 | mean=+0.5314 | bonus=0.4302 | score=+0.9616
     8(mvmoe           ): pulls=   2 | mean=+0.3186 | bonus=0.4913 | score=+0.8099
11:05:13 | VAL[26] | CVRP | select arm=0(bq) | reason=score
     0(bq              ): pulls=  11 | mean=+0.5205 | bonus=0.3843 | score=+0.9048 <--
     1(elg             ): pulls=   2 | mean=+0.2896 | bonus=0.4573 | score=+0.7469
     2(lehd            ): pulls=   2 | mean=+0.2316 | bonus=0.4543 | score=+0.6858
     7(omni            ): pulls=   3 | mean=+0.3843 | bonus=0.4572 | score=+0.8415
     8(mvmoe           ): pulls=   2 | mean=+0.1684 | bonus=0.4824 | score=+0.6508
11:05:15 | VAL[27] | CVRP | select arm=0(bq) | reason=score
     0(bq              ): pulls=  11 | mean=+0.3708 | bonus=0.4977 | score=+0.8685 <--
     1(elg             ): pulls=   2 | mean=+0.1442 | bonus=0.5245 | score=+0.6687
     2(lehd            ): pulls=   2 | mean=+0.0846 | bonus=0.5588 | score=+0.6434
     7(omni            ): pulls=   3 | mean=+0.2384 | bonus=0.5256 | score=+0.7640
     8(mvmoe           ): pulls=   2 | mean=+0.0208 | bonus=0.5630 | score=+0.5838
11:05:17 | VAL[28] | CVRP | select arm=0(bq) | reason=score
     0(bq              ): pulls=  11 | mean=+0.4780 | bonus=0.3910 | score=+0.8690 <--
     1(elg             ): pulls=   2 | mean=+0.2461 | bonus=0.4263 | score=+0.6725
     2(lehd            ): pulls=   2 | mean=+0.1904 | bonus=0.4652 | score=+0.6556
     7(omni            ): pulls=   3 | mean=+0.3414 | bonus=0.4365 | score=+0.7779
     8(mvmoe           ): pulls=   2 | mean=+0.1242 | bonus=0.4739 | score=+0.5981
11:05:20 | VAL[29] | CVRP | select arm=0(bq) | reason=score
     0(bq              ): pulls=  11 | mean=+0.5158 | bonus=0.3720 | score=+0.8878 <--
     1(elg             ): pulls=   2 | mean=+0.2831 | bonus=0.3980 | score=+0.6811
     2(lehd            ): pulls=   2 | mean=+0.2280 | bonus=0.4550 | score=+0.6830
     7(omni            ): pulls=   3 | mean=+0.3781 | bonus=0.4107 | score=+0.7889
     8(mvmoe           ): pulls=   2 | mean=+0.1613 | bonus=0.4464 | score=+0.6077
11:05:23 | VAL[30] | CVRP | select arm=0(bq) | reason=score
     0(bq              ): pulls=  11 | mean=+0.5018 | bonus=0.4618 | score=+0.9636 <--
     1(elg             ): pulls=   2 | mean=+0.2718 | bonus=0.4715 | score=+0.7433
     2(lehd            ): pulls=   2 | mean=+0.2191 | bonus=0.5559 | score=+0.7750
     7(omni            ): pulls=   3 | mean=+0.3645 | bonus=0.4643 | score=+0.8287
     8(mvmoe           ): pulls=   2 | mean=+0.1496 | bonus=0.5307 | score=+0.6803
11:05:26 | VAL[31] | CVRP | select arm=0(bq) | reason=score
     0(bq              ): pulls=  11 | mean=+0.8428 | bonus=0.4408 | score=+1.2836 <--
     1(elg             ): pulls=   2 | mean=+0.6186 | bonus=0.5846 | score=+1.2031
     2(lehd            ): pulls=   2 | mean=+0.5649 | bonus=0.5766 | score=+1.1415
     7(omni            ): pulls=   3 | mean=+0.7078 | bonus=0.5458 | score=+1.2537
     8(mvmoe           ): pulls=   2 | mean=+0.4970 | bonus=0.5746 | score=+1.0716
11:05:29 | VAL[32] | CVRP | select arm=0(bq) | reason=score
     0(bq              ): pulls=  11 | mean=+0.8139 | bonus=0.4054 | score=+1.2193 <--
     1(elg             ): pulls=   2 | mean=+0.5894 | bonus=0.5365 | score=+1.1259
     2(lehd            ): pulls=   2 | mean=+0.5358 | bonus=0.5491 | score=+1.0849
     7(omni            ): pulls=   3 | mean=+0.6785 | bonus=0.4927 | score=+1.1712
     8(mvmoe           ): pulls=   2 | mean=+0.4678 | bonus=0.5263 | score=+0.9940
11:05:32 | VAL[33] | CVRP | select arm=0(bq) | reason=score
     0(bq              ): pulls=  11 | mean=+0.7042 | bonus=0.3440 | score=+1.0482 <--
     1(elg             ): pulls=   2 | mean=+0.4788 | bonus=0.4541 | score=+0.9329
     2(lehd            ): pulls=   2 | mean=+0.4250 | bonus=0.4823 | score=+0.9072
     7(omni            ): pulls=   3 | mean=+0.5683 | bonus=0.4170 | score=+0.9853
     8(mvmoe           ): pulls=   2 | mean=+0.3568 | bonus=0.4658 | score=+0.8225
11:05:35 | VAL[34] | CVRP | select arm=0(bq) | reason=score
     0(bq              ): pulls=  11 | mean=+0.6684 | bonus=0.3003 | score=+0.9686 <--
     1(elg             ): pulls=   2 | mean=+0.4407 | bonus=0.3972 | score=+0.8379
     2(lehd            ): pulls=   2 | mean=+0.3863 | bonus=0.4462 | score=+0.8325
     7(omni            ): pulls=   3 | mean=+0.5308 | bonus=0.3713 | score=+0.9021
     8(mvmoe           ): pulls=   2 | mean=+0.3184 | bonus=0.4188 | score=+0.7372
11:05:37 | VAL[35] | CVRP | select arm=0(bq) | reason=score
     0(bq              ): pulls=  11 | mean=+0.5866 | bonus=0.3265 | score=+0.9132 <--
     1(elg             ): pulls=   2 | mean=+0.3558 | bonus=0.3659 | score=+0.7216
     2(lehd            ): pulls=   2 | mean=+0.3015 | bonus=0.4367 | score=+0.7382
     7(omni            ): pulls=   3 | mean=+0.4483 | bonus=0.3606 | score=+0.8089
     8(mvmoe           ): pulls=   2 | mean=+0.2337 | bonus=0.4112 | score=+0.6449
11:05:40 | VAL[36] | CVRP | select arm=0(bq) | reason=score
     0(bq              ): pulls=  11 | mean=+0.6029 | bonus=0.3457 | score=+0.9486 <--
     1(elg             ): pulls=   2 | mean=+0.3715 | bonus=0.3798 | score=+0.7513
     2(lehd            ): pulls=   2 | mean=+0.3161 | bonus=0.4337 | score=+0.7498
     7(omni            ): pulls=   3 | mean=+0.4641 | bonus=0.3949 | score=+0.8590
     8(mvmoe           ): pulls=   2 | mean=+0.2496 | bonus=0.4220 | score=+0.6716
11:05:41 | VAL[37] | CVRP | select arm=0(bq) | reason=score
     0(bq              ): pulls=  11 | mean=+0.4287 | bonus=0.4091 | score=+0.8378 <--
     1(elg             ): pulls=   2 | mean=+0.1989 | bonus=0.4612 | score=+0.6601
     2(lehd            ): pulls=   2 | mean=+0.1347 | bonus=0.4753 | score=+0.6100
     7(omni            ): pulls=   3 | mean=+0.2938 | bonus=0.4715 | score=+0.7653
     8(mvmoe           ): pulls=   2 | mean=+0.0739 | bonus=0.4967 | score=+0.5705
11:05:44 | VAL[38] | CVRP | select arm=0(bq) | reason=score
     0(bq              ): pulls=  11 | mean=+0.5478 | bonus=0.3656 | score=+0.9135 <--
     1(elg             ): pulls=   2 | mean=+0.3178 | bonus=0.3903 | score=+0.7081
     2(lehd            ): pulls=   2 | mean=+0.2644 | bonus=0.4721 | score=+0.7365
     7(omni            ): pulls=   3 | mean=+0.4102 | bonus=0.3898 | score=+0.8000
     8(mvmoe           ): pulls=   2 | mean=+0.1956 | bonus=0.4513 | score=+0.6468
11:05:47 | VAL[39] | CVRP | select arm=0(bq) | reason=score
     0(bq              ): pulls=  11 | mean=+0.7547 | bonus=0.3694 | score=+1.1241 <--
     1(elg             ): pulls=   2 | mean=+0.5298 | bonus=0.4803 | score=+1.0101
     2(lehd            ): pulls=   2 | mean=+0.4762 | bonus=0.5075 | score=+0.9836
     7(omni            ): pulls=   3 | mean=+0.6191 | bonus=0.4485 | score=+1.0676
     8(mvmoe           ): pulls=   2 | mean=+0.4080 | bonus=0.4776 | score=+0.8857
11:05:51 | TEST[0] | TSP | select arm=0(bq) | reason=score
     0(bq              ): pulls=   8 | mean=+0.7272 | bonus=0.6086 | score=+1.3358 <--
     1(elg             ): pulls=   2 | mean=+0.3698 | bonus=0.5853 | score=+0.9550
     2(lehd            ): pulls=   2 | mean=+0.3578 | bonus=0.7147 | score=+1.0725
     3(t2t             ): pulls=   2 | mean=+0.4734 | bonus=0.6017 | score=+1.0751
     4(t2t500          ): pulls=   2 | mean=+0.4035 | bonus=0.6005 | score=+1.0040
     5(difusco         ): pulls=   2 | mean=+0.3465 | bonus=0.6421 | score=+0.9886
     6(difusco500      ): pulls=   2 | mean=+0.5288 | bonus=0.6012 | score=+1.1299
11:05:53 | TEST[1] | TSP | select arm=0(bq) | reason=score
     0(bq              ): pulls=   8 | mean=+0.6243 | bonus=0.4062 | score=+1.0305 <--
     1(elg             ): pulls=   2 | mean=+0.2566 | bonus=0.4932 | score=+0.7498
     2(lehd            ): pulls=   2 | mean=+0.2454 | bonus=0.5272 | score=+0.7726
     3(t2t             ): pulls=   2 | mean=+0.3630 | bonus=0.4905 | score=+0.8535
     4(t2t500          ): pulls=   2 | mean=+0.2904 | bonus=0.5082 | score=+0.7986
     5(difusco         ): pulls=   2 | mean=+0.2371 | bonus=0.5105 | score=+0.7476
     6(difusco500      ): pulls=   2 | mean=+0.4175 | bonus=0.5151 | score=+0.9325
11:05:55 | TEST[2] | TSP | select arm=0(bq) | reason=score
     0(bq              ): pulls=   8 | mean=+0.6459 | bonus=0.3588 | score=+1.0047 <--
     1(elg             ): pulls=   2 | mean=+0.2770 | bonus=0.4418 | score=+0.7188
     2(lehd            ): pulls=   2 | mean=+0.2674 | bonus=0.4951 | score=+0.7626
     3(t2t             ): pulls=   2 | mean=+0.3837 | bonus=0.4315 | score=+0.8152
     4(t2t500          ): pulls=   2 | mean=+0.3107 | bonus=0.4451 | score=+0.7558
     5(difusco         ): pulls=   2 | mean=+0.2563 | bonus=0.4442 | score=+0.7005
     6(difusco500      ): pulls=   2 | mean=+0.4400 | bonus=0.4589 | score=+0.8989
11:05:57 | TEST[3] | TSP | select arm=0(bq) | reason=score
     0(bq              ): pulls=   8 | mean=+0.6440 | bonus=0.4107 | score=+1.0548 <--
     1(elg             ): pulls=   2 | mean=+0.2827 | bonus=0.5000 | score=+0.7827
     2(lehd            ): pulls=   2 | mean=+0.2695 | bonus=0.4701 | score=+0.7396
     3(t2t             ): pulls=   2 | mean=+0.3884 | bonus=0.5061 | score=+0.8945
     4(t2t500          ): pulls=   2 | mean=+0.3184 | bonus=0.5089 | score=+0.8274
     5(difusco         ): pulls=   2 | mean=+0.2645 | bonus=0.5172 | score=+0.7817
     6(difusco500      ): pulls=   2 | mean=+0.4388 | bonus=0.5119 | score=+0.9507
11:06:00 | TEST[4] | TSP | select arm=0(bq) | reason=score
     0(bq              ): pulls=   8 | mean=+0.6695 | bonus=0.3587 | score=+1.0283 <--
     1(elg             ): pulls=   2 | mean=+0.3029 | bonus=0.3902 | score=+0.6931
     2(lehd            ): pulls=   2 | mean=+0.2920 | bonus=0.4816 | score=+0.7735
     3(t2t             ): pulls=   2 | mean=+0.4089 | bonus=0.4233 | score=+0.8322
     4(t2t500          ): pulls=   2 | mean=+0.3359 | bonus=0.4584 | score=+0.7943
     5(difusco         ): pulls=   2 | mean=+0.2808 | bonus=0.4675 | score=+0.7483
     6(difusco500      ): pulls=   2 | mean=+0.4658 | bonus=0.4156 | score=+0.8813
11:06:03 | TEST[5] | TSP | select arm=0(bq) | reason=score
     0(bq              ): pulls=   8 | mean=+0.7603 | bonus=0.5986 | score=+1.3589 <--
     1(elg             ): pulls=   2 | mean=+0.3959 | bonus=0.5447 | score=+0.9406
     2(lehd            ): pulls=   2 | mean=+0.3854 | bonus=0.6040 | score=+0.9894
     3(t2t             ): pulls=   2 | mean=+0.5015 | bonus=0.6031 | score=+1.1046
     4(t2t500          ): pulls=   2 | mean=+0.4293 | bonus=0.5655 | score=+0.9948
     5(difusco         ): pulls=   2 | mean=+0.3735 | bonus=0.6148 | score=+0.9882
     6(difusco500      ): pulls=   2 | mean=+0.5589 | bonus=0.5995 | score=+1.1585
11:06:07 | TEST[6] | TSP | select arm=0(bq) | reason=score
     0(bq              ): pulls=   8 | mean=+0.6699 | bonus=0.3577 | score=+1.0276 <--
     1(elg             ): pulls=   2 | mean=+0.3057 | bonus=0.4055 | score=+0.7112
     2(lehd            ): pulls=   2 | mean=+0.2947 | bonus=0.4913 | score=+0.7860
     3(t2t             ): pulls=   2 | mean=+0.4115 | bonus=0.4017 | score=+0.8132
     4(t2t500          ): pulls=   2 | mean=+0.3394 | bonus=0.4065 | score=+0.7459
     5(difusco         ): pulls=   2 | mean=+0.2833 | bonus=0.4233 | score=+0.7066
     6(difusco500      ): pulls=   2 | mean=+0.4672 | bonus=0.4167 | score=+0.8840
11:06:11 | TEST[7] | TSP | select arm=0(bq) | reason=score
     0(bq              ): pulls=   8 | mean=+0.6864 | bonus=0.5163 | score=+1.2028 <--
     1(elg             ): pulls=   2 | mean=+0.3289 | bonus=0.5481 | score=+0.8770
     2(lehd            ): pulls=   2 | mean=+0.3172 | bonus=0.6704 | score=+0.9877
     3(t2t             ): pulls=   2 | mean=+0.4326 | bonus=0.5270 | score=+0.9596
     4(t2t500          ): pulls=   2 | mean=+0.3629 | bonus=0.5370 | score=+0.8999
     5(difusco         ): pulls=   2 | mean=+0.3056 | bonus=0.5604 | score=+0.8661
     6(difusco500      ): pulls=   2 | mean=+0.4876 | bonus=0.5389 | score=+1.0265
11:06:13 | TEST[8] | TSP | select arm=0(bq) | reason=score
     0(bq              ): pulls=   8 | mean=+0.6126 | bonus=0.7706 | score=+1.3832 <--
     1(elg             ): pulls=   2 | mean=+0.2961 | bonus=0.7794 | score=+1.0755
     2(lehd            ): pulls=   2 | mean=+0.2590 | bonus=0.6901 | score=+0.9491
     3(t2t             ): pulls=   2 | mean=+0.3874 | bonus=0.8221 | score=+1.2095
     4(t2t500          ): pulls=   2 | mean=+0.3336 | bonus=0.8007 | score=+1.1344
     5(difusco         ): pulls=   2 | mean=+0.2759 | bonus=0.8622 | score=+1.1381
     6(difusco500      ): pulls=   2 | mean=+0.4264 | bonus=0.7573 | score=+1.1837
11:06:15 | TEST[9] | TSP | select arm=0(bq) | reason=score
     0(bq              ): pulls=   8 | mean=+0.6240 | bonus=0.4072 | score=+1.0312 <--
     1(elg             ): pulls=   2 | mean=+0.2608 | bonus=0.5053 | score=+0.7661
     2(lehd            ): pulls=   2 | mean=+0.2484 | bonus=0.4999 | score=+0.7483
     3(t2t             ): pulls=   2 | mean=+0.3668 | bonus=0.4913 | score=+0.8581
     4(t2t500          ): pulls=   2 | mean=+0.2963 | bonus=0.5009 | score=+0.7972
     5(difusco         ): pulls=   2 | mean=+0.2424 | bonus=0.5020 | score=+0.7444
     6(difusco500      ): pulls=   2 | mean=+0.4186 | bonus=0.5201 | score=+0.9387
11:06:18 | TEST[10] | TSP | select arm=0(bq) | reason=score
     0(bq              ): pulls=   8 | mean=+0.6299 | bonus=0.4661 | score=+1.0960 <--
     1(elg             ): pulls=   2 | mean=+0.2878 | bonus=0.5346 | score=+0.8224
     2(lehd            ): pulls=   2 | mean=+0.2641 | bonus=0.4571 | score=+0.7212
     3(t2t             ): pulls=   2 | mean=+0.3901 | bonus=0.5701 | score=+0.9602
     4(t2t500          ): pulls=   2 | mean=+0.3255 | bonus=0.5901 | score=+0.9156
     5(difusco         ): pulls=   2 | mean=+0.2699 | bonus=0.6075 | score=+0.8774
     6(difusco500      ): pulls=   2 | mean=+0.4326 | bonus=0.5212 | score=+0.9538
11:06:21 | TEST[11] | TSP | select arm=0(bq) | reason=score
     0(bq              ): pulls=   8 | mean=+0.6969 | bonus=0.5236 | score=+1.2205 <--
     1(elg             ): pulls=   2 | mean=+0.3392 | bonus=0.5266 | score=+0.8658
     2(lehd            ): pulls=   2 | mean=+0.3274 | bonus=0.6509 | score=+0.9783
     3(t2t             ): pulls=   2 | mean=+0.4429 | bonus=0.5299 | score=+0.9728
     4(t2t500          ): pulls=   2 | mean=+0.3730 | bonus=0.5400 | score=+0.9130
     5(difusco         ): pulls=   2 | mean=+0.3158 | bonus=0.5726 | score=+0.8884
     6(difusco500      ): pulls=   2 | mean=+0.4981 | bonus=0.5307 | score=+1.0287
11:06:24 | TEST[12] | TSP | select arm=0(bq) | reason=score
     0(bq              ): pulls=   8 | mean=+0.7302 | bonus=0.5749 | score=+1.3051 <--
     1(elg             ): pulls=   2 | mean=+0.3697 | bonus=0.5344 | score=+0.9041
     2(lehd            ): pulls=   2 | mean=+0.3579 | bonus=0.6509 | score=+1.0089
     3(t2t             ): pulls=   2 | mean=+0.4743 | bonus=0.5722 | score=+1.0465
     4(t2t500          ): pulls=   2 | mean=+0.4030 | bonus=0.5534 | score=+0.9564
     5(difusco         ): pulls=   2 | mean=+0.3465 | bonus=0.6070 | score=+0.9535
     6(difusco500      ): pulls=   2 | mean=+0.5307 | bonus=0.5688 | score=+1.0994
11:06:27 | TEST[13] | TSP | select arm=0(bq) | reason=score
     0(bq              ): pulls=   8 | mean=+0.6631 | bonus=0.5458 | score=+1.2089 <--
     1(elg             ): pulls=   2 | mean=+0.3178 | bonus=0.5969 | score=+0.9147
     2(lehd            ): pulls=   2 | mean=+0.2993 | bonus=0.4859 | score=+0.7852
     3(t2t             ): pulls=   2 | mean=+0.4195 | bonus=0.6186 | score=+1.0381
     4(t2t500          ): pulls=   2 | mean=+0.3576 | bonus=0.5983 | score=+0.9559
     5(difusco         ): pulls=   2 | mean=+0.3015 | bonus=0.6308 | score=+0.9323
     6(difusco500      ): pulls=   2 | mean=+0.4643 | bonus=0.5871 | score=+1.0514
11:06:29 | TEST[14] | TSP | select arm=0(bq) | reason=score
     0(bq              ): pulls=   8 | mean=+0.6310 | bonus=0.3880 | score=+1.0190 <--
     1(elg             ): pulls=   2 | mean=+0.2637 | bonus=0.4740 | score=+0.7377
     2(lehd            ): pulls=   2 | mean=+0.2532 | bonus=0.4838 | score=+0.7370
     3(t2t             ): pulls=   2 | mean=+0.3698 | bonus=0.4629 | score=+0.8327
     4(t2t500          ): pulls=   2 | mean=+0.2983 | bonus=0.4734 | score=+0.7716
     5(difusco         ): pulls=   2 | mean=+0.2447 | bonus=0.4793 | score=+0.7240
     6(difusco500      ): pulls=   2 | mean=+0.4241 | bonus=0.4952 | score=+0.9192
11:06:32 | TEST[15] | TSP | select arm=0(bq) | reason=score
     0(bq              ): pulls=   8 | mean=+0.6775 | bonus=0.4599 | score=+1.1373 <--
     1(elg             ): pulls=   2 | mean=+0.3187 | bonus=0.4968 | score=+0.8155
     2(lehd            ): pulls=   2 | mean=+0.3070 | bonus=0.6205 | score=+0.9274
     3(t2t             ): pulls=   2 | mean=+0.4229 | bonus=0.4834 | score=+0.9063
     4(t2t500          ): pulls=   2 | mean=+0.3526 | bonus=0.4969 | score=+0.8495
     5(difusco         ): pulls=   2 | mean=+0.2954 | bonus=0.5215 | score=+0.8169
     6(difusco500      ): pulls=   2 | mean=+0.4780 | bonus=0.4901 | score=+0.9681
11:06:34 | TEST[16] | TSP | select arm=0(bq) | reason=score
     0(bq              ): pulls=   8 | mean=+0.5972 | bonus=0.4553 | score=+1.0525 <--
     1(elg             ): pulls=   2 | mean=+0.2389 | bonus=0.5743 | score=+0.8131
     2(lehd            ): pulls=   2 | mean=+0.2264 | bonus=0.5112 | score=+0.7376
     3(t2t             ): pulls=   2 | mean=+0.3445 | bonus=0.5467 | score=+0.8911
     4(t2t500          ): pulls=   2 | mean=+0.2753 | bonus=0.5715 | score=+0.8468
     5(difusco         ): pulls=   2 | mean=+0.2214 | bonus=0.5620 | score=+0.7834
     6(difusco500      ): pulls=   2 | mean=+0.3945 | bonus=0.5588 | score=+0.9533
11:06:36 | TEST[17] | TSP | select arm=0(bq) | reason=score
     0(bq              ): pulls=   8 | mean=+0.4891 | bonus=0.5505 | score=+1.0395 <--
     1(elg             ): pulls=   2 | mean=+0.1571 | bonus=0.6670 | score=+0.8241
     2(lehd            ): pulls=   2 | mean=+0.1238 | bonus=0.6141 | score=+0.7379
     3(t2t             ): pulls=   2 | mean=+0.2540 | bonus=0.6166 | score=+0.8707
     4(t2t500          ): pulls=   2 | mean=+0.1879 | bonus=0.6675 | score=+0.8553
     5(difusco         ): pulls=   2 | mean=+0.1324 | bonus=0.6597 | score=+0.7921
     6(difusco500      ): pulls=   2 | mean=+0.3056 | bonus=0.5973 | score=+0.9029
11:06:38 | TEST[18] | TSP | select arm=0(bq) | reason=score
     0(bq              ): pulls=   8 | mean=+0.6524 | bonus=0.3910 | score=+1.0434 <--
     1(elg             ): pulls=   2 | mean=+0.2850 | bonus=0.4763 | score=+0.7613
     2(lehd            ): pulls=   2 | mean=+0.2738 | bonus=0.4779 | score=+0.7517
     3(t2t             ): pulls=   2 | mean=+0.3912 | bonus=0.4822 | score=+0.8734
     4(t2t500          ): pulls=   2 | mean=+0.3190 | bonus=0.4930 | score=+0.8121
     5(difusco         ): pulls=   2 | mean=+0.2656 | bonus=0.4947 | score=+0.7603
     6(difusco500      ): pulls=   2 | mean=+0.4458 | bonus=0.5010 | score=+0.9468
11:06:42 | TEST[19] | TSP | select arm=0(bq) | reason=score
     0(bq              ): pulls=   8 | mean=+0.7695 | bonus=0.6086 | score=+1.3781 <--
     1(elg             ): pulls=   2 | mean=+0.4057 | bonus=0.5626 | score=+0.9683
     2(lehd            ): pulls=   2 | mean=+0.3949 | bonus=0.6165 | score=+1.0113
     3(t2t             ): pulls=   2 | mean=+0.5113 | bonus=0.6137 | score=+1.1251
     4(t2t500          ): pulls=   2 | mean=+0.4391 | bonus=0.5734 | score=+1.0125
     5(difusco         ): pulls=   2 | mean=+0.3832 | bonus=0.6260 | score=+1.0092
     6(difusco500      ): pulls=   2 | mean=+0.5686 | bonus=0.6099 | score=+1.1785
11:06:44 | TEST[20] | CVRP | select arm=0(bq) | reason=score
     0(bq              ): pulls=  11 | mean=+0.6467 | bonus=0.3004 | score=+0.9471 <--
     1(elg             ): pulls=   2 | mean=+0.4190 | bonus=0.3809 | score=+0.7999
     2(lehd            ): pulls=   2 | mean=+0.3646 | bonus=0.4341 | score=+0.7987
     7(omni            ): pulls=   3 | mean=+0.5092 | bonus=0.3709 | score=+0.8801
     8(mvmoe           ): pulls=   2 | mean=+0.2968 | bonus=0.4197 | score=+0.7165
11:06:47 | TEST[21] | CVRP | select arm=0(bq) | reason=score
     0(bq              ): pulls=  11 | mean=+0.5936 | bonus=0.3733 | score=+0.9670 <--
     1(elg             ): pulls=   2 | mean=+0.3609 | bonus=0.4349 | score=+0.7957
     2(lehd            ): pulls=   2 | mean=+0.3048 | bonus=0.4661 | score=+0.7710
     7(omni            ): pulls=   3 | mean=+0.4547 | bonus=0.4278 | score=+0.8826
     8(mvmoe           ): pulls=   2 | mean=+0.2390 | bonus=0.4744 | score=+0.7134
11:06:50 | TEST[22] | CVRP | select arm=0(bq) | reason=score
     0(bq              ): pulls=  11 | mean=+0.7835 | bonus=0.3772 | score=+1.1607 <--
     1(elg             ): pulls=   2 | mean=+0.5586 | bonus=0.5085 | score=+1.0672
     2(lehd            ): pulls=   2 | mean=+0.5048 | bonus=0.5305 | score=+1.0354
     7(omni            ): pulls=   3 | mean=+0.6480 | bonus=0.4629 | score=+1.1109
     8(mvmoe           ): pulls=   2 | mean=+0.4367 | bonus=0.5015 | score=+0.9382
11:06:53 | TEST[23] | CVRP | select arm=0(bq) | reason=score
     0(bq              ): pulls=  11 | mean=+0.5421 | bonus=0.3947 | score=+0.9368 <--
     1(elg             ): pulls=   2 | mean=+0.3104 | bonus=0.4725 | score=+0.7829
     2(lehd            ): pulls=   2 | mean=+0.2527 | bonus=0.4663 | score=+0.7190
     7(omni            ): pulls=   3 | mean=+0.4051 | bonus=0.4666 | score=+0.8717
     8(mvmoe           ): pulls=   2 | mean=+0.1893 | bonus=0.4990 | score=+0.6883
11:06:54 | TEST[24] | CVRP | select arm=0(bq) | reason=score
     0(bq              ): pulls=  11 | mean=+0.4653 | bonus=0.3884 | score=+0.8537 <--
     1(elg             ): pulls=   2 | mean=+0.2366 | bonus=0.4494 | score=+0.6860
     2(lehd            ): pulls=   2 | mean=+0.1760 | bonus=0.4367 | score=+0.6127
     7(omni            ): pulls=   3 | mean=+0.3301 | bonus=0.4558 | score=+0.7858
     8(mvmoe           ): pulls=   2 | mean=+0.1143 | bonus=0.4792 | score=+0.5935
11:06:58 | TEST[25] | CVRP | select arm=0(bq) | reason=score
     0(bq              ): pulls=  11 | mean=+0.8060 | bonus=0.3913 | score=+1.1973 <--
     1(elg             ): pulls=   2 | mean=+0.5815 | bonus=0.5256 | score=+1.1071
     2(lehd            ): pulls=   2 | mean=+0.5279 | bonus=0.5283 | score=+1.0562
     7(omni            ): pulls=   3 | mean=+0.6704 | bonus=0.4860 | score=+1.1563
     8(mvmoe           ): pulls=   2 | mean=+0.4599 | bonus=0.5112 | score=+0.9711
11:07:00 | TEST[26] | CVRP | select arm=0(bq) | reason=score
     0(bq              ): pulls=  11 | mean=+0.6248 | bonus=0.3707 | score=+0.9955 <--
     1(elg             ): pulls=   2 | mean=+0.3932 | bonus=0.4344 | score=+0.8276
     2(lehd            ): pulls=   2 | mean=+0.3371 | bonus=0.4652 | score=+0.8022
     7(omni            ): pulls=   3 | mean=+0.4857 | bonus=0.4264 | score=+0.9121
     8(mvmoe           ): pulls=   2 | mean=+0.2713 | bonus=0.4750 | score=+0.7463
11:07:04 | TEST[27] | CVRP | select arm=0(bq) | reason=score
     0(bq              ): pulls=  11 | mean=+0.7938 | bonus=0.4198 | score=+1.2136 <--
     1(elg             ): pulls=   2 | mean=+0.5694 | bonus=0.5372 | score=+1.1066
     2(lehd            ): pulls=   2 | mean=+0.5158 | bonus=0.5586 | score=+1.0744
     7(omni            ): pulls=   3 | mean=+0.6588 | bonus=0.5042 | score=+1.1630
     8(mvmoe           ): pulls=   2 | mean=+0.4478 | bonus=0.5362 | score=+0.9840
11:07:07 | TEST[28] | CVRP | select arm=0(bq) | reason=score
     0(bq              ): pulls=  11 | mean=+0.6718 | bonus=0.3188 | score=+0.9905 <--
     1(elg             ): pulls=   2 | mean=+0.4439 | bonus=0.4173 | score=+0.8612
     2(lehd            ): pulls=   2 | mean=+0.3892 | bonus=0.4546 | score=+0.8439
     7(omni            ): pulls=   3 | mean=+0.5341 | bonus=0.3877 | score=+0.9218
     8(mvmoe           ): pulls=   2 | mean=+0.3216 | bonus=0.4503 | score=+0.7719
11:07:09 | TEST[29] | CVRP | select arm=0(bq) | reason=score
     0(bq              ): pulls=  11 | mean=+0.5714 | bonus=0.4087 | score=+0.9801 <--
     1(elg             ): pulls=   2 | mean=+0.3391 | bonus=0.4727 | score=+0.8118
     2(lehd            ): pulls=   2 | mean=+0.2818 | bonus=0.4830 | score=+0.7648
     7(omni            ): pulls=   3 | mean=+0.4335 | bonus=0.4722 | score=+0.9058
     8(mvmoe           ): pulls=   2 | mean=+0.2182 | bonus=0.4990 | score=+0.7172
11:07:12 | TEST[30] | CVRP | select arm=0(bq) | reason=score
     0(bq              ): pulls=  11 | mean=+0.7659 | bonus=0.3623 | score=+1.1283 <--
     1(elg             ): pulls=   2 | mean=+0.5411 | bonus=0.4856 | score=+1.0267
     2(lehd            ): pulls=   2 | mean=+0.4873 | bonus=0.5171 | score=+1.0044
     7(omni            ): pulls=   3 | mean=+0.6304 | bonus=0.4541 | score=+1.0845
     8(mvmoe           ): pulls=   2 | mean=+0.4192 | bonus=0.4890 | score=+0.9082
11:07:14 | TEST[31] | CVRP | select arm=0(bq) | reason=score
     0(bq              ): pulls=  11 | mean=+0.3984 | bonus=0.4631 | score=+0.8615 <--
     1(elg             ): pulls=   2 | mean=+0.1699 | bonus=0.4955 | score=+0.6654
     2(lehd            ): pulls=   2 | mean=+0.1120 | bonus=0.5218 | score=+0.6339
     7(omni            ): pulls=   3 | mean=+0.2648 | bonus=0.5021 | score=+0.7669
     8(mvmoe           ): pulls=   2 | mean=+0.0471 | bonus=0.5383 | score=+0.5854
11:07:18 | TEST[32] | CVRP | select arm=0(bq) | reason=score
     0(bq              ): pulls=  11 | mean=+0.8276 | bonus=0.4114 | score=+1.2389 <--
     1(elg             ): pulls=   2 | mean=+0.6034 | bonus=0.5471 | score=+1.1504
     2(lehd            ): pulls=   2 | mean=+0.5498 | bonus=0.5471 | score=+1.0968
     7(omni            ): pulls=   3 | mean=+0.6922 | bonus=0.5130 | score=+1.2052
     8(mvmoe           ): pulls=   2 | mean=+0.4819 | bonus=0.5343 | score=+1.0161
11:07:20 | TEST[33] | CVRP | select arm=0(bq) | reason=score
     0(bq              ): pulls=  11 | mean=+0.6008 | bonus=0.3564 | score=+0.9572 <--
     1(elg             ): pulls=   2 | mean=+0.3692 | bonus=0.3841 | score=+0.7533
     2(lehd            ): pulls=   2 | mean=+0.3135 | bonus=0.4322 | score=+0.7457
     7(omni            ): pulls=   3 | mean=+0.4621 | bonus=0.4070 | score=+0.8690
     8(mvmoe           ): pulls=   2 | mean=+0.2475 | bonus=0.4208 | score=+0.6683
11:07:22 | TEST[34] | CVRP | select arm=0(bq) | reason=score
     0(bq              ): pulls=  11 | mean=+0.4920 | bonus=0.4000 | score=+0.8920 <--
     1(elg             ): pulls=   2 | mean=+0.2597 | bonus=0.4035 | score=+0.6632
     2(lehd            ): pulls=   2 | mean=+0.2056 | bonus=0.4739 | score=+0.6796
     7(omni            ): pulls=   3 | mean=+0.3544 | bonus=0.4347 | score=+0.7891
     8(mvmoe           ): pulls=   2 | mean=+0.1377 | bonus=0.4695 | score=+0.6072
11:07:25 | TEST[35] | CVRP | select arm=0(bq) | reason=score
     0(bq              ): pulls=  11 | mean=+0.7595 | bonus=0.3594 | score=+1.1189 <--
     1(elg             ): pulls=   2 | mean=+0.5347 | bonus=0.4716 | score=+1.0063
     2(lehd            ): pulls=   2 | mean=+0.4810 | bonus=0.4985 | score=+0.9795
     7(omni            ): pulls=   3 | mean=+0.6238 | bonus=0.4491 | score=+1.0729
     8(mvmoe           ): pulls=   2 | mean=+0.4130 | bonus=0.4694 | score=+0.8824
11:07:27 | TEST[36] | CVRP | select arm=0(bq) | reason=score
     0(bq              ): pulls=  11 | mean=+0.4648 | bonus=0.3942 | score=+0.8590 <--
     1(elg             ): pulls=   2 | mean=+0.2354 | bonus=0.4580 | score=+0.6934
     2(lehd            ): pulls=   2 | mean=+0.1741 | bonus=0.4603 | score=+0.6344
     7(omni            ): pulls=   3 | mean=+0.3304 | bonus=0.4554 | score=+0.7857
     8(mvmoe           ): pulls=   2 | mean=+0.1125 | bonus=0.4801 | score=+0.5926
11:07:30 | TEST[37] | CVRP | select arm=0(bq) | reason=score
     0(bq              ): pulls=  11 | mean=+0.7322 | bonus=0.3417 | score=+1.0739 <--
     1(elg             ): pulls=   2 | mean=+0.5060 | bonus=0.4474 | score=+0.9534
     2(lehd            ): pulls=   2 | mean=+0.4516 | bonus=0.4689 | score=+0.9205
     7(omni            ): pulls=   3 | mean=+0.5950 | bonus=0.4197 | score=+1.0147
     8(mvmoe           ): pulls=   2 | mean=+0.3841 | bonus=0.4482 | score=+0.8323
11:07:33 | TEST[38] | CVRP | select arm=0(bq) | reason=score
     0(bq              ): pulls=  11 | mean=+0.6509 | bonus=0.3612 | score=+1.0122 <--
     1(elg             ): pulls=   2 | mean=+0.4207 | bonus=0.4411 | score=+0.8618
     2(lehd            ): pulls=   2 | mean=+0.3651 | bonus=0.4659 | score=+0.8310
     7(omni            ): pulls=   3 | mean=+0.5121 | bonus=0.4141 | score=+0.9263
     8(mvmoe           ): pulls=   2 | mean=+0.2986 | bonus=0.4664 | score=+0.7650
11:07:37 | TEST[39] | CVRP | select arm=0(bq) | reason=score
     0(bq              ): pulls=  11 | mean=+0.7026 | bonus=0.3410 | score=+1.0436 <--
     1(elg             ): pulls=   2 | mean=+0.4771 | bonus=0.4341 | score=+0.9113
     2(lehd            ): pulls=   2 | mean=+0.4233 | bonus=0.4895 | score=+0.9128
     7(omni            ): pulls=   3 | mean=+0.5666 | bonus=0.4134 | score=+0.9800
     8(mvmoe           ): pulls=   2 | mean=+0.3550 | bonus=0.4540 | score=+0.8090
