[cache] TSP/train: 10000 instances, 45.0 MiB on cuda:0
[cache] CVRP/train: 10000 instances, 83.3 MiB on cuda:0
[cache] ATSP/train: 10000 instances, 384.5 MiB on cuda:0
[cache] OVRP/train: 10000 instances, 33.9 MiB on cuda:0
[cache] VRPB/train: 10000 instances, 33.9 MiB on cuda:0
[cache] VRPL/train: 10000 instances, 33.9 MiB on cuda:0
[cache] VRPTW/train: 10000 instances, 33.9 MiB on cuda:0
[cache] OVRPTW/train: 10000 instances, 33.9 MiB on cuda:0
[cache] OVRPB/train: 10000 instances, 33.9 MiB on cuda:0
[cache] OVRPL/train: 10000 instances, 33.9 MiB on cuda:0
[cache] VRPBL/train: 10000 instances, 33.9 MiB on cuda:0
[cache] VRPBTW/train: 10000 instances, 33.9 MiB on cuda:0
[cache] VRPLTW/train: 10000 instances, 33.9 MiB on cuda:0
[cache] OVRPBL/train: 10000 instances, 33.9 MiB on cuda:0
[cache] OVRPBTW/train: 10000 instances, 33.9 MiB on cuda:0
[cache] OVRPLTW/train: 10000 instances, 33.9 MiB on cuda:0
[cache] VRPBLTW/train: 10000 instances, 33.9 MiB on cuda:0
[cache] OVRPBLTW/train: 10000 instances, 33.9 MiB on cuda:0
[cache] TSP/val: 1000 instances, 4.5 MiB on cuda:0
[cache] CVRP/val: 1000 instances, 8.3 MiB on cuda:0
[cache] ATSP/val: 1000 instances, 38.4 MiB on cuda:0
[cache] OVRP/val: 1000 instances, 3.4 MiB on cuda:0
[cache] VRPB/val: 1000 instances, 3.4 MiB on cuda:0
[cache] VRPL/val: 1000 instances, 3.4 MiB on cuda:0
[cache] VRPTW/val: 1000 instances, 3.4 MiB on cuda:0
[cache] OVRPTW/val: 1000 instances, 3.4 MiB on cuda:0
[cache] OVRPB/val: 1000 instances, 3.4 MiB on cuda:0
[cache] OVRPL/val: 1000 instances, 3.4 MiB on cuda:0
[cache] VRPBL/val: 1000 instances, 3.4 MiB on cuda:0
[cache] VRPBTW/val: 1000 instances, 3.4 MiB on cuda:0
[cache] VRPLTW/val: 1000 instances, 3.4 MiB on cuda:0
[cache] OVRPBL/val: 1000 instances, 3.4 MiB on cuda:0
[cache] OVRPBTW/val: 1000 instances, 3.4 MiB on cuda:0
[cache] OVRPLTW/val: 1000 instances, 3.4 MiB on cuda:0
[cache] VRPBLTW/val: 1000 instances, 3.4 MiB on cuda:0
[cache] OVRPBLTW/val: 1000 instances, 3.4 MiB on cuda:0
wandb: Tracking run with wandb version 0.19.11
wandb: W&B syncing is set to `offline` in this directory. Run `wandb online` or set WANDB_MODE=online to enable cloud syncing.
[initial val] macro_top1=0.0664 top2=0.3549 top3=0.4546 vs_sbs=+14.507% vbs_closed=-1487.86%
       TSP: top1=0.297 mean_cost=7.9953 (sbs=7.9578) vs_sbs=+0.47%
      CVRP: top1=0.018 mean_cost=19.6954 (sbs=18.2943) vs_sbs=+7.66%
      ATSP: top1=0.076 mean_cost=1.7221 (sbs=1.6735) vs_sbs=+2.91%
      OVRP: top1=0.005 mean_cost=9.0993 (sbs=7.4617) vs_sbs=+21.95%
      VRPB: top1=0.066 mean_cost=11.8032 (sbs=9.3403) vs_sbs=+26.37%
      VRPL: top1=0.022 mean_cost=14.3601 (sbs=12.4072) vs_sbs=+15.74%
     VRPTW: top1=0.071 mean_cost=20.5224 (sbs=18.6571) vs_sbs=+10.00%
    OVRPTW: top1=0.066 mean_cost=11.3809 (sbs=10.0484) vs_sbs=+13.26%
     OVRPB: top1=0.015 mean_cost=8.2158 (sbs=6.3220) vs_sbs=+29.96%
     OVRPL: top1=0.007 mean_cost=9.0451 (sbs=7.4376) vs_sbs=+21.61%
     VRPBL: top1=0.065 mean_cost=11.3213 (sbs=9.3593) vs_sbs=+20.96%
    VRPBTW: top1=0.077 mean_cost=21.6196 (sbs=19.6697) vs_sbs=+9.91%
    VRPLTW: top1=0.063 mean_cost=20.2740 (sbs=18.5091) vs_sbs=+9.54%
    OVRPBL: top1=0.019 mean_cost=7.8488 (sbs=6.3103) vs_sbs=+24.38%
   OVRPBTW: top1=0.086 mean_cost=11.8041 (sbs=10.5068) vs_sbs=+12.35%
   OVRPLTW: top1=0.072 mean_cost=11.3596 (sbs=10.1272) vs_sbs=+12.17%
   VRPBLTW: top1=0.092 mean_cost=21.4708 (sbs=19.5198) vs_sbs=+10.00%
  OVRPBLTW: top1=0.079 mean_cost=11.7955 (sbs=10.5412) vs_sbs=+11.90%
[train epoch 1] update=180/1422 global=180 loss=1.17288 KL=0.00168 lr=4.2e-06 samples/s=1931
[train epoch 1] update=360/1422 global=360 loss=1.11751 KL=0.00204 lr=8.4e-06 samples/s=1963
[train epoch 1] update=540/1422 global=540 loss=1.04579 KL=0.00297 lr=1.3e-05 samples/s=1970
[train epoch 1] update=720/1422 global=720 loss=0.99465 KL=0.00423 lr=1.7e-05 samples/s=1975
[train epoch 1] update=900/1422 global=900 loss=0.96493 KL=0.00527 lr=2.1e-05 samples/s=1978
[train epoch 1] update=1080/1422 global=1080 loss=0.94227 KL=0.00593 lr=2.5e-05 samples/s=1982
[train epoch 1] update=1260/1422 global=1260 loss=0.91508 KL=0.00650 lr=3e-05 samples/s=1984
[train epoch 1] update=1422/1422 global=1422 loss=0.88907 KL=0.00711 lr=3.3e-05 samples/s=1965
[eval epoch 1] macro_top1=0.4016 top2=0.7174 top3=0.8435 vs_sbs=+0.072% vbs_closed=-10.15%
       TSP: top1=0.297 mean_cost=7.9953 (sbs=7.9578) vs_sbs=+0.47%
      CVRP: top1=0.219 mean_cost=18.2943 (sbs=18.2943) vs_sbs=-0.00%
      ATSP: top1=0.696 mean_cost=1.6393 (sbs=1.6735) vs_sbs=-2.05%
      OVRP: top1=0.161 mean_cost=7.5486 (sbs=7.4617) vs_sbs=+1.16%
      VRPB: top1=0.543 mean_cost=9.3361 (sbs=9.3403) vs_sbs=-0.04%
      VRPL: top1=0.283 mean_cost=12.4072 (sbs=12.4072) vs_sbs=+0.00%
     VRPTW: top1=0.236 mean_cost=18.8505 (sbs=18.6571) vs_sbs=+1.04%
    OVRPTW: top1=0.488 mean_cost=10.0460 (sbs=10.0484) vs_sbs=-0.02%
     OVRPB: top1=0.547 mean_cost=6.3226 (sbs=6.3220) vs_sbs=+0.01%
     OVRPL: top1=0.333 mean_cost=7.4458 (sbs=7.4376) vs_sbs=+0.11%
     VRPBL: top1=0.459 mean_cost=9.3941 (sbs=9.3593) vs_sbs=+0.37%
    VRPBTW: top1=0.372 mean_cost=19.6697 (sbs=19.6697) vs_sbs=+0.00%
    VRPLTW: top1=0.257 mean_cost=18.5770 (sbs=18.5091) vs_sbs=+0.37%
    OVRPBL: top1=0.523 mean_cost=6.3100 (sbs=6.3103) vs_sbs=-0.00%
   OVRPBTW: top1=0.483 mean_cost=10.5018 (sbs=10.5068) vs_sbs=-0.05%
   OVRPLTW: top1=0.495 mean_cost=10.1259 (sbs=10.1272) vs_sbs=-0.01%
   VRPBLTW: top1=0.347 mean_cost=19.5198 (sbs=19.5198) vs_sbs=-0.00%
  OVRPBLTW: top1=0.490 mean_cost=10.5358 (sbs=10.5412) vs_sbs=-0.05%
[train_eval epoch 1] top1=0.40424 CE=1.32814 actual_regret=1.97535%
[best] epoch=1 vs_sbs=+0.072226% top1=0.40161
[train epoch 2] update=180/1422 global=1602 loss=0.61090 KL=0.01540 lr=3.8e-05 samples/s=1983
[train epoch 2] update=360/1422 global=1782 loss=0.60558 KL=0.01535 lr=4.2e-05 samples/s=1986
[train epoch 2] update=540/1422 global=1962 loss=0.60022 KL=0.01522 lr=4.6e-05 samples/s=1986
[AMP retry] same batch, lower scale=32768.0
[train epoch 2] update=720/1422 global=2142 loss=0.59860 KL=0.01494 lr=5e-05 samples/s=1984
[train epoch 2] update=900/1422 global=2322 loss=0.59221 KL=0.01459 lr=5.4e-05 samples/s=1986
[train epoch 2] update=1080/1422 global=2502 loss=0.58872 KL=0.01423 lr=5.9e-05 samples/s=1986
[train epoch 2] update=1260/1422 global=2682 loss=0.58537 KL=0.01390 lr=6.3e-05 samples/s=1986
[train epoch 2] update=1422/1422 global=2844 loss=0.58183 KL=0.01367 lr=6.7e-05 samples/s=1968
[eval epoch 2] macro_top1=0.4302 top2=0.7777 top3=0.8913 vs_sbs=-0.763% vbs_closed=+17.94%
       TSP: top1=0.313 mean_cost=7.9393 (sbs=7.9578) vs_sbs=-0.23%
      CVRP: top1=0.318 mean_cost=18.3027 (sbs=18.2943) vs_sbs=+0.05%
      ATSP: top1=0.689 mean_cost=1.6396 (sbs=1.6735) vs_sbs=-2.02%
      OVRP: top1=0.302 mean_cost=7.4617 (sbs=7.4617) vs_sbs=+0.00%
      VRPB: top1=0.512 mean_cost=9.3401 (sbs=9.3403) vs_sbs=-0.00%
      VRPL: top1=0.282 mean_cost=12.4078 (sbs=12.4072) vs_sbs=+0.00%
     VRPTW: top1=0.297 mean_cost=18.1033 (sbs=18.6571) vs_sbs=-2.97%
    OVRPTW: top1=0.481 mean_cost=10.0460 (sbs=10.0484) vs_sbs=-0.02%
     OVRPB: top1=0.543 mean_cost=6.3229 (sbs=6.3220) vs_sbs=+0.02%
     OVRPL: top1=0.334 mean_cost=7.4376 (sbs=7.4376) vs_sbs=+0.00%
     VRPBL: top1=0.533 mean_cost=9.3584 (sbs=9.3593) vs_sbs=-0.01%
    VRPBTW: top1=0.399 mean_cost=19.2089 (sbs=19.6697) vs_sbs=-2.34%
    VRPLTW: top1=0.332 mean_cost=17.8151 (sbs=18.5091) vs_sbs=-3.75%
    OVRPBL: top1=0.555 mean_cost=6.3103 (sbs=6.3103) vs_sbs=+0.00%
   OVRPBTW: top1=0.491 mean_cost=10.5010 (sbs=10.5068) vs_sbs=-0.06%
   OVRPLTW: top1=0.483 mean_cost=10.1278 (sbs=10.1272) vs_sbs=+0.01%
   VRPBLTW: top1=0.398 mean_cost=19.0552 (sbs=19.5198) vs_sbs=-2.38%
  OVRPBLTW: top1=0.482 mean_cost=10.5396 (sbs=10.5412) vs_sbs=-0.02%
[train_eval epoch 2] top1=0.42956 CE=1.22243 actual_regret=1.28149%
[best] epoch=2 vs_sbs=-0.762936% top1=0.43022
[train epoch 3] update=180/1422 global=3024 loss=0.55735 KL=0.01130 lr=7.1e-05 samples/s=1983
[train epoch 3] update=360/1422 global=3204 loss=0.55579 KL=0.01123 lr=7.5e-05 samples/s=1983
[train epoch 3] update=540/1422 global=3384 loss=0.55752 KL=0.01090 lr=7.9e-05 samples/s=1983
[train epoch 3] update=720/1422 global=3564 loss=0.55463 KL=0.01067 lr=8.4e-05 samples/s=1986
[train epoch 3] update=900/1422 global=3744 loss=0.55289 KL=0.01055 lr=8.8e-05 samples/s=1985
[train epoch 3] update=1080/1422 global=3924 loss=0.55046 KL=0.01034 lr=9.2e-05 samples/s=1985
[train epoch 3] update=1260/1422 global=4104 loss=0.54877 KL=0.01013 lr=9.6e-05 samples/s=1985
[AMP retry] same batch, lower scale=32768.0
[train epoch 3] update=1422/1422 global=4266 loss=0.54748 KL=0.01000 lr=0.0001 samples/s=1966
[eval epoch 3] macro_top1=0.4304 top2=0.7706 top3=0.8808 vs_sbs=-0.494% vbs_closed=+10.13%
       TSP: top1=0.341 mean_cost=7.9448 (sbs=7.9578) vs_sbs=-0.16%
      CVRP: top1=0.306 mean_cost=18.3521 (sbs=18.2943) vs_sbs=+0.32%
      ATSP: top1=0.712 mean_cost=1.6459 (sbs=1.6735) vs_sbs=-1.65%
      OVRP: top1=0.323 mean_cost=7.4651 (sbs=7.4617) vs_sbs=+0.05%
      VRPB: top1=0.504 mean_cost=9.3403 (sbs=9.3403) vs_sbs=-0.00%
      VRPL: top1=0.290 mean_cost=12.4067 (sbs=12.4072) vs_sbs=-0.00%
     VRPTW: top1=0.312 mean_cost=18.1657 (sbs=18.6571) vs_sbs=-2.63%
    OVRPTW: top1=0.482 mean_cost=10.0471 (sbs=10.0484) vs_sbs=-0.01%
     OVRPB: top1=0.545 mean_cost=6.3220 (sbs=6.3220) vs_sbs=-0.00%
     OVRPL: top1=0.348 mean_cost=7.4437 (sbs=7.4376) vs_sbs=+0.08%
     VRPBL: top1=0.528 mean_cost=9.3593 (sbs=9.3593) vs_sbs=+0.00%
    VRPBTW: top1=0.396 mean_cost=19.3620 (sbs=19.6697) vs_sbs=-1.56%
    VRPLTW: top1=0.284 mean_cost=18.2278 (sbs=18.5091) vs_sbs=-1.52%
    OVRPBL: top1=0.555 mean_cost=6.3103 (sbs=6.3103) vs_sbs=+0.00%
   OVRPBTW: top1=0.461 mean_cost=10.5068 (sbs=10.5068) vs_sbs=+0.00%
   OVRPLTW: top1=0.498 mean_cost=10.1264 (sbs=10.1272) vs_sbs=-0.01%
   VRPBLTW: top1=0.385 mean_cost=19.1756 (sbs=19.5198) vs_sbs=-1.76%
  OVRPBLTW: top1=0.478 mean_cost=10.5392 (sbs=10.5412) vs_sbs=-0.02%
[train_eval epoch 3] top1=0.42790 CE=1.24467 actual_regret=1.51481%
[train epoch 4] update=180/1422 global=4446 loss=0.54685 KL=0.00808 lr=0.0001 samples/s=1990
[train epoch 4] update=360/1422 global=4626 loss=0.54901 KL=0.00779 lr=0.0001 samples/s=1987
[train epoch 4] update=540/1422 global=4806 loss=0.54234 KL=0.00770 lr=0.0001 samples/s=1990
[train epoch 4] update=720/1422 global=4986 loss=0.54024 KL=0.00774 lr=0.0001 samples/s=1991
[train epoch 4] update=900/1422 global=5166 loss=0.53687 KL=0.00770 lr=0.0001 samples/s=1990
[train epoch 4] update=1080/1422 global=5346 loss=0.53487 KL=0.00766 lr=0.0001 samples/s=1989
[train epoch 4] update=1260/1422 global=5526 loss=0.53413 KL=0.00756 lr=0.0001 samples/s=1990
[train epoch 4] update=1422/1422 global=5688 loss=0.53323 KL=0.00754 lr=0.0001 samples/s=1972
[eval epoch 4] macro_top1=0.4488 top2=0.7989 top3=0.9093 vs_sbs=-0.831% vbs_closed=+17.98%
       TSP: top1=0.359 mean_cost=7.9317 (sbs=7.9578) vs_sbs=-0.33%
      CVRP: top1=0.351 mean_cost=18.2794 (sbs=18.2943) vs_sbs=-0.08%
      ATSP: top1=0.759 mean_cost=1.6360 (sbs=1.6735) vs_sbs=-2.24%
      OVRP: top1=0.302 mean_cost=7.4612 (sbs=7.4617) vs_sbs=-0.01%
      VRPB: top1=0.547 mean_cost=9.3431 (sbs=9.3403) vs_sbs=+0.03%
      VRPL: top1=0.282 mean_cost=12.4078 (sbs=12.4072) vs_sbs=+0.00%
     VRPTW: top1=0.372 mean_cost=17.9834 (sbs=18.6571) vs_sbs=-3.61%
    OVRPTW: top1=0.490 mean_cost=10.0564 (sbs=10.0484) vs_sbs=+0.08%
     OVRPB: top1=0.551 mean_cost=6.3236 (sbs=6.3220) vs_sbs=+0.03%
     OVRPL: top1=0.339 mean_cost=7.4373 (sbs=7.4376) vs_sbs=-0.00%
     VRPBL: top1=0.543 mean_cost=9.3571 (sbs=9.3593) vs_sbs=-0.02%
    VRPBTW: top1=0.401 mean_cost=19.1505 (sbs=19.6697) vs_sbs=-2.64%
    VRPLTW: top1=0.396 mean_cost=17.7900 (sbs=18.5091) vs_sbs=-3.89%
    OVRPBL: top1=0.523 mean_cost=6.3116 (sbs=6.3103) vs_sbs=+0.02%
   OVRPBTW: top1=0.477 mean_cost=10.5205 (sbs=10.5068) vs_sbs=+0.13%
   OVRPLTW: top1=0.464 mean_cost=10.1439 (sbs=10.1272) vs_sbs=+0.17%
   VRPBLTW: top1=0.432 mean_cost=19.0007 (sbs=19.5198) vs_sbs=-2.66%
  OVRPBLTW: top1=0.491 mean_cost=10.5476 (sbs=10.5412) vs_sbs=+0.06%
[train_eval epoch 4] top1=0.44623 CE=1.16265 actual_regret=1.19446%
[best] epoch=4 vs_sbs=-0.831407% top1=0.44883
[train epoch 5] update=180/1422 global=5868 loss=0.51183 KL=0.00735 lr=0.0001 samples/s=1986
[train epoch 5] update=360/1422 global=6048 loss=0.51227 KL=0.00729 lr=0.0001 samples/s=1986
[train epoch 5] update=540/1422 global=6228 loss=0.51349 KL=0.00725 lr=0.0001 samples/s=1985
[train epoch 5] update=720/1422 global=6408 loss=0.51563 KL=0.00708 lr=0.0001 samples/s=1984
[train epoch 5] update=900/1422 global=6588 loss=0.51713 KL=0.00698 lr=0.0001 samples/s=1985
[train epoch 5] update=1080/1422 global=6768 loss=0.51565 KL=0.00695 lr=0.0001 samples/s=1985
[AMP retry] same batch, lower scale=32768.0
[train epoch 5] update=1260/1422 global=6948 loss=0.51500 KL=0.00692 lr=0.0001 samples/s=1984
[train epoch 5] update=1422/1422 global=7110 loss=0.51404 KL=0.00689 lr=0.0001 samples/s=1966
[eval epoch 5] macro_top1=0.4387 top2=0.7931 top3=0.9044 vs_sbs=-0.844% vbs_closed=+19.33%
       TSP: top1=0.320 mean_cost=7.9337 (sbs=7.9578) vs_sbs=-0.30%
      CVRP: top1=0.326 mean_cost=18.2730 (sbs=18.2943) vs_sbs=-0.12%
      ATSP: top1=0.682 mean_cost=1.6389 (sbs=1.6735) vs_sbs=-2.07%
      OVRP: top1=0.336 mean_cost=7.4648 (sbs=7.4617) vs_sbs=+0.04%
      VRPB: top1=0.504 mean_cost=9.3403 (sbs=9.3403) vs_sbs=-0.00%
      VRPL: top1=0.279 mean_cost=12.4073 (sbs=12.4072) vs_sbs=+0.00%
     VRPTW: top1=0.381 mean_cost=17.9667 (sbs=18.6571) vs_sbs=-3.70%
    OVRPTW: top1=0.476 mean_cost=10.0484 (sbs=10.0484) vs_sbs=-0.00%
     OVRPB: top1=0.545 mean_cost=6.3220 (sbs=6.3220) vs_sbs=-0.00%
     OVRPL: top1=0.333 mean_cost=7.4455 (sbs=7.4376) vs_sbs=+0.11%
     VRPBL: top1=0.529 mean_cost=9.3592 (sbs=9.3593) vs_sbs=-0.00%
    VRPBTW: top1=0.428 mean_cost=19.1371 (sbs=19.6697) vs_sbs=-2.71%
    VRPLTW: top1=0.380 mean_cost=17.7609 (sbs=18.5091) vs_sbs=-4.04%
    OVRPBL: top1=0.555 mean_cost=6.3103 (sbs=6.3103) vs_sbs=+0.00%
   OVRPBTW: top1=0.461 mean_cost=10.5068 (sbs=10.5068) vs_sbs=+0.00%
   OVRPLTW: top1=0.494 mean_cost=10.1272 (sbs=10.1272) vs_sbs=+0.00%
   VRPBLTW: top1=0.396 mean_cost=19.0510 (sbs=19.5198) vs_sbs=-2.40%
  OVRPBLTW: top1=0.471 mean_cost=10.5412 (sbs=10.5412) vs_sbs=-0.00%
[train_eval epoch 5] top1=0.43782 CE=1.19957 actual_regret=1.15454%
[best] epoch=5 vs_sbs=-0.843856% top1=0.43867
[train epoch 6] update=180/1422 global=7290 loss=0.51264 KL=0.00660 lr=0.0001 samples/s=1982
[train epoch 6] update=360/1422 global=7470 loss=0.51318 KL=0.00631 lr=0.0001 samples/s=1981
[train epoch 6] update=540/1422 global=7650 loss=0.51412 KL=0.00624 lr=0.0001 samples/s=1980
[train epoch 6] update=720/1422 global=7830 loss=0.51330 KL=0.00625 lr=0.0001 samples/s=1980
[train epoch 6] update=900/1422 global=8010 loss=0.51130 KL=0.00629 lr=0.0001 samples/s=1980
[train epoch 6] update=1080/1422 global=8190 loss=0.51037 KL=0.00629 lr=0.0001 samples/s=1981
[train epoch 6] update=1260/1422 global=8370 loss=0.50974 KL=0.00629 lr=0.0001 samples/s=1982
[train epoch 6] update=1422/1422 global=8532 loss=0.51059 KL=0.00627 lr=0.0001 samples/s=1963
[eval epoch 6] macro_top1=0.4524 top2=0.7968 top3=0.9079 vs_sbs=-0.930% vbs_closed=+22.83%
       TSP: top1=0.361 mean_cost=7.9221 (sbs=7.9578) vs_sbs=-0.45%
      CVRP: top1=0.271 mean_cost=18.2806 (sbs=18.2943) vs_sbs=-0.07%
      ATSP: top1=0.757 mean_cost=1.6360 (sbs=1.6735) vs_sbs=-2.24%
      OVRP: top1=0.333 mean_cost=7.4648 (sbs=7.4617) vs_sbs=+0.04%
      VRPB: top1=0.550 mean_cost=9.3349 (sbs=9.3403) vs_sbs=-0.06%
      VRPL: top1=0.282 mean_cost=12.4079 (sbs=12.4072) vs_sbs=+0.01%
     VRPTW: top1=0.383 mean_cost=17.9544 (sbs=18.6571) vs_sbs=-3.77%
    OVRPTW: top1=0.508 mean_cost=10.0402 (sbs=10.0484) vs_sbs=-0.08%
     OVRPB: top1=0.547 mean_cost=6.3216 (sbs=6.3220) vs_sbs=-0.01%
     OVRPL: top1=0.334 mean_cost=7.4451 (sbs=7.4376) vs_sbs=+0.10%
     VRPBL: top1=0.547 mean_cost=9.3550 (sbs=9.3593) vs_sbs=-0.05%
    VRPBTW: top1=0.431 mean_cost=19.0768 (sbs=19.6697) vs_sbs=-3.01%
    VRPLTW: top1=0.426 mean_cost=17.7150 (sbs=18.5091) vs_sbs=-4.29%
    OVRPBL: top1=0.555 mean_cost=6.3103 (sbs=6.3103) vs_sbs=+0.00%
   OVRPBTW: top1=0.459 mean_cost=10.5065 (sbs=10.5068) vs_sbs=-0.00%
   OVRPLTW: top1=0.495 mean_cost=10.1279 (sbs=10.1272) vs_sbs=+0.01%
   VRPBLTW: top1=0.416 mean_cost=18.9700 (sbs=19.5198) vs_sbs=-2.82%
  OVRPBLTW: top1=0.488 mean_cost=10.5364 (sbs=10.5412) vs_sbs=-0.05%
[train_eval epoch 6] top1=0.45136 CE=1.16892 actual_regret=1.07259%
[best] epoch=6 vs_sbs=-0.929969% top1=0.45239
[train epoch 7] update=180/1422 global=8712 loss=0.50331 KL=0.00633 lr=0.0001 samples/s=1990
[train epoch 7] update=360/1422 global=8892 loss=0.49916 KL=0.00642 lr=0.0001 samples/s=1986
[train epoch 7] update=540/1422 global=9072 loss=0.50046 KL=0.00633 lr=0.0001 samples/s=1985
[AMP retry] same batch, lower scale=32768.0
[train epoch 7] update=720/1422 global=9252 loss=0.50085 KL=0.00634 lr=0.0001 samples/s=1982
[train epoch 7] update=900/1422 global=9432 loss=0.50115 KL=0.00631 lr=0.0001 samples/s=1985
[train epoch 7] update=1080/1422 global=9612 loss=0.50131 KL=0.00625 lr=0.0001 samples/s=1987
[train epoch 7] update=1260/1422 global=9792 loss=0.50081 KL=0.00621 lr=0.0001 samples/s=1986
[train epoch 7] update=1422/1422 global=9954 loss=0.50088 KL=0.00620 lr=0.0001 samples/s=1969
[eval epoch 7] macro_top1=0.4534 top2=0.8014 top3=0.9116 vs_sbs=-0.903% vbs_closed=+22.08%
       TSP: top1=0.354 mean_cost=7.9330 (sbs=7.9578) vs_sbs=-0.31%
      CVRP: top1=0.413 mean_cost=18.2343 (sbs=18.2943) vs_sbs=-0.33%
      ATSP: top1=0.764 mean_cost=1.6359 (sbs=1.6735) vs_sbs=-2.25%
      OVRP: top1=0.302 mean_cost=7.4619 (sbs=7.4617) vs_sbs=+0.00%
      VRPB: top1=0.503 mean_cost=9.3404 (sbs=9.3403) vs_sbs=+0.00%
      VRPL: top1=0.292 mean_cost=12.4068 (sbs=12.4072) vs_sbs=-0.00%
     VRPTW: top1=0.396 mean_cost=17.9844 (sbs=18.6571) vs_sbs=-3.61%
    OVRPTW: top1=0.478 mean_cost=10.0473 (sbs=10.0484) vs_sbs=-0.01%
     OVRPB: top1=0.545 mean_cost=6.3220 (sbs=6.3220) vs_sbs=-0.00%
     OVRPL: top1=0.342 mean_cost=7.4437 (sbs=7.4376) vs_sbs=+0.08%
     VRPBL: top1=0.528 mean_cost=9.3593 (sbs=9.3593) vs_sbs=+0.00%
    VRPBTW: top1=0.426 mean_cost=19.1307 (sbs=19.6697) vs_sbs=-2.74%
    VRPLTW: top1=0.434 mean_cost=17.6860 (sbs=18.5091) vs_sbs=-4.45%
    OVRPBL: top1=0.555 mean_cost=6.3103 (sbs=6.3103) vs_sbs=+0.00%
   OVRPBTW: top1=0.459 mean_cost=10.5072 (sbs=10.5068) vs_sbs=+0.00%
   OVRPLTW: top1=0.494 mean_cost=10.1272 (sbs=10.1272) vs_sbs=+0.00%
   VRPBLTW: top1=0.405 mean_cost=19.0005 (sbs=19.5198) vs_sbs=-2.66%
  OVRPBLTW: top1=0.471 mean_cost=10.5412 (sbs=10.5412) vs_sbs=-0.00%
[train_eval epoch 7] top1=0.45522 CE=1.16094 actual_regret=1.09726%
[train epoch 8] update=180/1422 global=10134 loss=0.49959 KL=0.00605 lr=0.0001 samples/s=1983
[train epoch 8] update=360/1422 global=10314 loss=0.49821 KL=0.00611 lr=0.0001 samples/s=1986
[train epoch 8] update=540/1422 global=10494 loss=0.49774 KL=0.00605 lr=0.0001 samples/s=1985
[train epoch 8] update=720/1422 global=10674 loss=0.49674 KL=0.00606 lr=0.0001 samples/s=1985
[train epoch 8] update=900/1422 global=10854 loss=0.49701 KL=0.00603 lr=0.0001 samples/s=1984
[train epoch 8] update=1080/1422 global=11034 loss=0.49658 KL=0.00606 lr=0.0001 samples/s=1983
[train epoch 8] update=1260/1422 global=11214 loss=0.49711 KL=0.00599 lr=0.0001 samples/s=1984
[train epoch 8] update=1422/1422 global=11376 loss=0.49653 KL=0.00596 lr=0.0001 samples/s=1967
[eval epoch 8] macro_top1=0.4523 top2=0.7938 top3=0.9066 vs_sbs=-0.913% vbs_closed=+23.00%
       TSP: top1=0.362 mean_cost=7.9295 (sbs=7.9578) vs_sbs=-0.36%
      CVRP: top1=0.218 mean_cost=18.3035 (sbs=18.2943) vs_sbs=+0.05%
      ATSP: top1=0.762 mean_cost=1.6357 (sbs=1.6735) vs_sbs=-2.26%
      OVRP: top1=0.305 mean_cost=7.4622 (sbs=7.4617) vs_sbs=+0.01%
      VRPB: top1=0.547 mean_cost=9.3344 (sbs=9.3403) vs_sbs=-0.06%
      VRPL: top1=0.308 mean_cost=12.4049 (sbs=12.4072) vs_sbs=-0.02%
     VRPTW: top1=0.409 mean_cost=17.9664 (sbs=18.6571) vs_sbs=-3.70%
    OVRPTW: top1=0.489 mean_cost=10.0449 (sbs=10.0484) vs_sbs=-0.04%
     OVRPB: top1=0.560 mean_cost=6.3203 (sbs=6.3220) vs_sbs=-0.03%
     OVRPL: top1=0.374 mean_cost=7.4360 (sbs=7.4376) vs_sbs=-0.02%
     VRPBL: top1=0.550 mean_cost=9.3549 (sbs=9.3593) vs_sbs=-0.05%
    VRPBTW: top1=0.425 mean_cost=19.0862 (sbs=19.6697) vs_sbs=-2.97%
    VRPLTW: top1=0.408 mean_cost=17.7132 (sbs=18.5091) vs_sbs=-4.30%
    OVRPBL: top1=0.531 mean_cost=6.3082 (sbs=6.3103) vs_sbs=-0.03%
   OVRPBTW: top1=0.502 mean_cost=10.4983 (sbs=10.5068) vs_sbs=-0.08%
   OVRPLTW: top1=0.479 mean_cost=10.1296 (sbs=10.1272) vs_sbs=+0.02%
   VRPBLTW: top1=0.418 mean_cost=19.0244 (sbs=19.5198) vs_sbs=-2.54%
  OVRPBLTW: top1=0.494 mean_cost=10.5345 (sbs=10.5412) vs_sbs=-0.06%
[train_eval epoch 8] top1=0.45489 CE=1.18986 actual_regret=1.07652%
[train epoch 9] update=180/1422 global=11556 loss=0.49891 KL=0.00579 lr=0.0001 samples/s=1987
[AMP retry] same batch, lower scale=32768.0
[train epoch 9] update=360/1422 global=11736 loss=0.49471 KL=0.00595 lr=0.0001 samples/s=1975
[train epoch 9] update=540/1422 global=11916 loss=0.49290 KL=0.00595 lr=0.0001 samples/s=1979
[train epoch 9] update=720/1422 global=12096 loss=0.49176 KL=0.00593 lr=0.0001 samples/s=1979
[train epoch 9] update=900/1422 global=12276 loss=0.49195 KL=0.00591 lr=0.0001 samples/s=1980
[train epoch 9] update=1080/1422 global=12456 loss=0.49140 KL=0.00590 lr=0.0001 samples/s=1980
[train epoch 9] update=1260/1422 global=12636 loss=0.49178 KL=0.00587 lr=0.0001 samples/s=1979
[train epoch 9] update=1422/1422 global=12798 loss=0.49134 KL=0.00587 lr=0.0001 samples/s=1962
[eval epoch 9] macro_top1=0.4535 top2=0.7904 top3=0.9010 vs_sbs=-0.891% vbs_closed=+22.20%
       TSP: top1=0.336 mean_cost=7.9255 (sbs=7.9578) vs_sbs=-0.41%
      CVRP: top1=0.257 mean_cost=18.2888 (sbs=18.2943) vs_sbs=-0.03%
      ATSP: top1=0.762 mean_cost=1.6357 (sbs=1.6735) vs_sbs=-2.26%
      OVRP: top1=0.319 mean_cost=7.4591 (sbs=7.4617) vs_sbs=-0.03%
      VRPB: top1=0.547 mean_cost=9.3348 (sbs=9.3403) vs_sbs=-0.06%
      VRPL: top1=0.295 mean_cost=12.4090 (sbs=12.4072) vs_sbs=+0.01%
     VRPTW: top1=0.423 mean_cost=17.9684 (sbs=18.6571) vs_sbs=-3.69%
    OVRPTW: top1=0.511 mean_cost=10.0445 (sbs=10.0484) vs_sbs=-0.04%
     OVRPB: top1=0.554 mean_cost=6.3235 (sbs=6.3220) vs_sbs=+0.02%
     OVRPL: top1=0.355 mean_cost=7.4368 (sbs=7.4376) vs_sbs=-0.01%
     VRPBL: top1=0.548 mean_cost=9.3555 (sbs=9.3593) vs_sbs=-0.04%
    VRPBTW: top1=0.417 mean_cost=19.1151 (sbs=19.6697) vs_sbs=-2.82%
    VRPLTW: top1=0.426 mean_cost=17.6997 (sbs=18.5091) vs_sbs=-4.37%
    OVRPBL: top1=0.526 mean_cost=6.3107 (sbs=6.3103) vs_sbs=+0.01%
   OVRPBTW: top1=0.513 mean_cost=10.4959 (sbs=10.5068) vs_sbs=-0.10%
   OVRPLTW: top1=0.479 mean_cost=10.1359 (sbs=10.1272) vs_sbs=+0.09%
   VRPBLTW: top1=0.398 mean_cost=19.0809 (sbs=19.5198) vs_sbs=-2.25%
  OVRPBLTW: top1=0.497 mean_cost=10.5350 (sbs=10.5412) vs_sbs=-0.06%
[train_eval epoch 9] top1=0.45357 CE=1.17148 actual_regret=1.09223%
[schedule] validation plateau: next lr=5e-05
[train epoch 10] update=180/1422 global=12978 loss=0.48124 KL=0.00585 lr=5e-05 samples/s=1979
[train epoch 10] update=360/1422 global=13158 loss=0.47944 KL=0.00595 lr=5e-05 samples/s=1978
[train epoch 10] update=540/1422 global=13338 loss=0.47866 KL=0.00607 lr=5e-05 samples/s=1979
[train epoch 10] update=720/1422 global=13518 loss=0.47858 KL=0.00610 lr=5e-05 samples/s=1978
[train epoch 10] update=900/1422 global=13698 loss=0.47767 KL=0.00615 lr=5e-05 samples/s=1981
[AMP retry] same batch, lower scale=32768.0
[train epoch 10] update=1080/1422 global=13878 loss=0.47756 KL=0.00615 lr=5e-05 samples/s=1977
[train epoch 10] update=1260/1422 global=14058 loss=0.47765 KL=0.00617 lr=5e-05 samples/s=1979
[train epoch 10] update=1422/1422 global=14220 loss=0.47792 KL=0.00618 lr=5e-05 samples/s=1961
[eval epoch 10] macro_top1=0.4562 top2=0.7963 top3=0.9083 vs_sbs=-0.933% vbs_closed=+23.68%
       TSP: top1=0.367 mean_cost=7.9170 (sbs=7.9578) vs_sbs=-0.51%
      CVRP: top1=0.312 mean_cost=18.2693 (sbs=18.2943) vs_sbs=-0.14%
      ATSP: top1=0.757 mean_cost=1.6403 (sbs=1.6735) vs_sbs=-1.99%
      OVRP: top1=0.317 mean_cost=7.4620 (sbs=7.4617) vs_sbs=+0.00%
      VRPB: top1=0.533 mean_cost=9.3360 (sbs=9.3403) vs_sbs=-0.05%
      VRPL: top1=0.284 mean_cost=12.4097 (sbs=12.4072) vs_sbs=+0.02%
     VRPTW: top1=0.385 mean_cost=17.9540 (sbs=18.6571) vs_sbs=-3.77%
    OVRPTW: top1=0.507 mean_cost=10.0451 (sbs=10.0484) vs_sbs=-0.03%
     OVRPB: top1=0.574 mean_cost=6.3157 (sbs=6.3220) vs_sbs=-0.10%
     OVRPL: top1=0.332 mean_cost=7.4407 (sbs=7.4376) vs_sbs=+0.04%
     VRPBL: top1=0.542 mean_cost=9.3570 (sbs=9.3593) vs_sbs=-0.02%
    VRPBTW: top1=0.418 mean_cost=19.1150 (sbs=19.6697) vs_sbs=-2.82%
    VRPLTW: top1=0.429 mean_cost=17.6786 (sbs=18.5091) vs_sbs=-4.49%
    OVRPBL: top1=0.557 mean_cost=6.3081 (sbs=6.3103) vs_sbs=-0.03%
   OVRPBTW: top1=0.503 mean_cost=10.4959 (sbs=10.5068) vs_sbs=-0.10%
   OVRPLTW: top1=0.482 mean_cost=10.1326 (sbs=10.1272) vs_sbs=+0.05%
   VRPBLTW: top1=0.411 mean_cost=18.9627 (sbs=19.5198) vs_sbs=-2.85%
  OVRPBLTW: top1=0.502 mean_cost=10.5394 (sbs=10.5412) vs_sbs=-0.02%
[train_eval epoch 10] top1=0.46074 CE=1.16107 actual_regret=1.06127%
[best] epoch=10 vs_sbs=-0.933443% top1=0.45622
[train epoch 11] update=180/1422 global=14400 loss=0.47580 KL=0.00618 lr=5e-05 samples/s=1978
[train epoch 11] update=360/1422 global=14580 loss=0.47497 KL=0.00630 lr=5e-05 samples/s=1980
[train epoch 11] update=540/1422 global=14760 loss=0.47685 KL=0.00623 lr=5e-05 samples/s=1979
[train epoch 11] update=720/1422 global=14940 loss=0.47604 KL=0.00628 lr=5e-05 samples/s=1981
[train epoch 11] update=900/1422 global=15120 loss=0.47614 KL=0.00631 lr=5e-05 samples/s=1982
[train epoch 11] update=1080/1422 global=15300 loss=0.47523 KL=0.00636 lr=5e-05 samples/s=1982
[train epoch 11] update=1260/1422 global=15480 loss=0.47564 KL=0.00632 lr=5e-05 samples/s=1982
[train epoch 11] update=1422/1422 global=15642 loss=0.47572 KL=0.00630 lr=5e-05 samples/s=1965
[eval epoch 11] macro_top1=0.4721 top2=0.8124 top3=0.9174 vs_sbs=-1.008% vbs_closed=+28.64%
       TSP: top1=0.367 mean_cost=7.9175 (sbs=7.9578) vs_sbs=-0.51%
      CVRP: top1=0.448 mean_cost=18.2142 (sbs=18.2943) vs_sbs=-0.44%
      ATSP: top1=0.776 mean_cost=1.6353 (sbs=1.6735) vs_sbs=-2.28%
      OVRP: top1=0.315 mean_cost=7.4593 (sbs=7.4617) vs_sbs=-0.03%
      VRPB: top1=0.546 mean_cost=9.3344 (sbs=9.3403) vs_sbs=-0.06%
      VRPL: top1=0.314 mean_cost=12.4038 (sbs=12.4072) vs_sbs=-0.03%
     VRPTW: top1=0.414 mean_cost=17.9185 (sbs=18.6571) vs_sbs=-3.96%
    OVRPTW: top1=0.498 mean_cost=10.0421 (sbs=10.0484) vs_sbs=-0.06%
     OVRPB: top1=0.565 mean_cost=6.3183 (sbs=6.3220) vs_sbs=-0.06%
     OVRPL: top1=0.368 mean_cost=7.4336 (sbs=7.4376) vs_sbs=-0.05%
     VRPBL: top1=0.534 mean_cost=9.3567 (sbs=9.3593) vs_sbs=-0.03%
    VRPBTW: top1=0.446 mean_cost=19.0767 (sbs=19.6697) vs_sbs=-3.01%
    VRPLTW: top1=0.441 mean_cost=17.6567 (sbs=18.5091) vs_sbs=-4.61%
    OVRPBL: top1=0.555 mean_cost=6.3076 (sbs=6.3103) vs_sbs=-0.04%
   OVRPBTW: top1=0.494 mean_cost=10.4975 (sbs=10.5068) vs_sbs=-0.09%
   OVRPLTW: top1=0.510 mean_cost=10.1252 (sbs=10.1272) vs_sbs=-0.02%
   VRPBLTW: top1=0.408 mean_cost=18.9758 (sbs=19.5198) vs_sbs=-2.79%
  OVRPBLTW: top1=0.498 mean_cost=10.5338 (sbs=10.5412) vs_sbs=-0.07%
[train_eval epoch 11] top1=0.47594 CE=1.12735 actual_regret=0.98001%
[best] epoch=11 vs_sbs=-1.007623% top1=0.47206
[train epoch 12] update=180/1422 global=15822 loss=0.47294 KL=0.00622 lr=5e-05 samples/s=1984
[train epoch 12] update=360/1422 global=16002 loss=0.47249 KL=0.00626 lr=5e-05 samples/s=1989
[train epoch 12] update=540/1422 global=16182 loss=0.47262 KL=0.00630 lr=5e-05 samples/s=1989
[AMP retry] same batch, lower scale=32768.0
[train epoch 12] update=720/1422 global=16362 loss=0.47342 KL=0.00629 lr=5e-05 samples/s=1980
[train epoch 12] update=900/1422 global=16542 loss=0.47311 KL=0.00629 lr=5e-05 samples/s=1980
[train epoch 12] update=1080/1422 global=16722 loss=0.47337 KL=0.00631 lr=5e-05 samples/s=1982
[train epoch 12] update=1260/1422 global=16902 loss=0.47359 KL=0.00632 lr=5e-05 samples/s=1982
[train epoch 12] update=1422/1422 global=17064 loss=0.47376 KL=0.00632 lr=5e-05 samples/s=1963
[eval epoch 12] macro_top1=0.4718 top2=0.8128 top3=0.9222 vs_sbs=-1.024% vbs_closed=+28.75%
       TSP: top1=0.375 mean_cost=7.9181 (sbs=7.9578) vs_sbs=-0.50%
      CVRP: top1=0.455 mean_cost=18.2101 (sbs=18.2943) vs_sbs=-0.46%
      ATSP: top1=0.769 mean_cost=1.6352 (sbs=1.6735) vs_sbs=-2.29%
      OVRP: top1=0.317 mean_cost=7.4598 (sbs=7.4617) vs_sbs=-0.03%
      VRPB: top1=0.538 mean_cost=9.3349 (sbs=9.3403) vs_sbs=-0.06%
      VRPL: top1=0.304 mean_cost=12.4055 (sbs=12.4072) vs_sbs=-0.01%
     VRPTW: top1=0.425 mean_cost=17.9036 (sbs=18.6571) vs_sbs=-4.04%
    OVRPTW: top1=0.490 mean_cost=10.0449 (sbs=10.0484) vs_sbs=-0.04%
     OVRPB: top1=0.573 mean_cost=6.3159 (sbs=6.3220) vs_sbs=-0.10%
     OVRPL: top1=0.371 mean_cost=7.4354 (sbs=7.4376) vs_sbs=-0.03%
     VRPBL: top1=0.546 mean_cost=9.3550 (sbs=9.3593) vs_sbs=-0.05%
    VRPBTW: top1=0.459 mean_cost=19.0358 (sbs=19.6697) vs_sbs=-3.22%
    VRPLTW: top1=0.413 mean_cost=17.6700 (sbs=18.5091) vs_sbs=-4.53%
    OVRPBL: top1=0.551 mean_cost=6.3080 (sbs=6.3103) vs_sbs=-0.04%
   OVRPBTW: top1=0.483 mean_cost=10.5010 (sbs=10.5068) vs_sbs=-0.06%
   OVRPLTW: top1=0.505 mean_cost=10.1252 (sbs=10.1272) vs_sbs=-0.02%
   VRPBLTW: top1=0.421 mean_cost=18.9556 (sbs=19.5198) vs_sbs=-2.89%
  OVRPBLTW: top1=0.498 mean_cost=10.5324 (sbs=10.5412) vs_sbs=-0.08%
[train_eval epoch 12] top1=0.47608 CE=1.12134 actual_regret=0.96920%
[best] epoch=12 vs_sbs=-1.023869% top1=0.47183
[train epoch 13] update=180/1422 global=17244 loss=0.47434 KL=0.00628 lr=5e-05 samples/s=1995
[train epoch 13] update=360/1422 global=17424 loss=0.47355 KL=0.00625 lr=5e-05 samples/s=1985
[train epoch 13] update=540/1422 global=17604 loss=0.47273 KL=0.00628 lr=5e-05 samples/s=1989
[train epoch 13] update=720/1422 global=17784 loss=0.47279 KL=0.00628 lr=5e-05 samples/s=1989
[train epoch 13] update=900/1422 global=17964 loss=0.47294 KL=0.00627 lr=5e-05 samples/s=1988
[train epoch 13] update=1080/1422 global=18144 loss=0.47260 KL=0.00631 lr=5e-05 samples/s=1986
[AMP retry] same batch, lower scale=32768.0
[train epoch 13] update=1260/1422 global=18324 loss=0.47262 KL=0.00631 lr=5e-05 samples/s=1982
[train epoch 13] update=1422/1422 global=18486 loss=0.47250 KL=0.00629 lr=5e-05 samples/s=1965
[eval epoch 13] macro_top1=0.4692 top2=0.8105 top3=0.9166 vs_sbs=-1.005% vbs_closed=+27.41%
       TSP: top1=0.322 mean_cost=7.9221 (sbs=7.9578) vs_sbs=-0.45%
      CVRP: top1=0.440 mean_cost=18.2238 (sbs=18.2943) vs_sbs=-0.39%
      ATSP: top1=0.776 mean_cost=1.6356 (sbs=1.6735) vs_sbs=-2.26%
      OVRP: top1=0.320 mean_cost=7.4595 (sbs=7.4617) vs_sbs=-0.03%
      VRPB: top1=0.549 mean_cost=9.3342 (sbs=9.3403) vs_sbs=-0.07%
      VRPL: top1=0.295 mean_cost=12.4061 (sbs=12.4072) vs_sbs=-0.01%
     VRPTW: top1=0.430 mean_cost=17.9154 (sbs=18.6571) vs_sbs=-3.98%
    OVRPTW: top1=0.493 mean_cost=10.0458 (sbs=10.0484) vs_sbs=-0.03%
     OVRPB: top1=0.568 mean_cost=6.3174 (sbs=6.3220) vs_sbs=-0.07%
     OVRPL: top1=0.348 mean_cost=7.4379 (sbs=7.4376) vs_sbs=+0.01%
     VRPBL: top1=0.541 mean_cost=9.3550 (sbs=9.3593) vs_sbs=-0.05%
    VRPBTW: top1=0.426 mean_cost=19.0752 (sbs=19.6697) vs_sbs=-3.02%
    VRPLTW: top1=0.446 mean_cost=17.6453 (sbs=18.5091) vs_sbs=-4.67%
    OVRPBL: top1=0.560 mean_cost=6.3078 (sbs=6.3103) vs_sbs=-0.04%
   OVRPBTW: top1=0.517 mean_cost=10.4956 (sbs=10.5068) vs_sbs=-0.11%
   OVRPLTW: top1=0.488 mean_cost=10.1302 (sbs=10.1272) vs_sbs=+0.03%
   VRPBLTW: top1=0.417 mean_cost=18.9585 (sbs=19.5198) vs_sbs=-2.88%
  OVRPBLTW: top1=0.510 mean_cost=10.5319 (sbs=10.5412) vs_sbs=-0.09%
[train_eval epoch 13] top1=0.47492 CE=1.13385 actual_regret=0.97848%
[train epoch 14] update=180/1422 global=18666 loss=0.47485 KL=0.00642 lr=5e-05 samples/s=1982
[train epoch 14] update=360/1422 global=18846 loss=0.47211 KL=0.00628 lr=5e-05 samples/s=1979
[train epoch 14] update=540/1422 global=19026 loss=0.47329 KL=0.00635 lr=5e-05 samples/s=1979
[train epoch 14] update=720/1422 global=19206 loss=0.47287 KL=0.00630 lr=5e-05 samples/s=1980
[train epoch 14] update=900/1422 global=19386 loss=0.47183 KL=0.00636 lr=5e-05 samples/s=1980
[train epoch 14] update=1080/1422 global=19566 loss=0.47203 KL=0.00637 lr=5e-05 samples/s=1980
[train epoch 14] update=1260/1422 global=19746 loss=0.47172 KL=0.00638 lr=5e-05 samples/s=1981
[train epoch 14] update=1422/1422 global=19908 loss=0.47197 KL=0.00637 lr=5e-05 samples/s=1963
[eval epoch 14] macro_top1=0.4783 top2=0.8142 top3=0.9207 vs_sbs=-1.021% vbs_closed=+29.04%
       TSP: top1=0.369 mean_cost=7.9199 (sbs=7.9578) vs_sbs=-0.48%
      CVRP: top1=0.479 mean_cost=18.2028 (sbs=18.2943) vs_sbs=-0.50%
      ATSP: top1=0.777 mean_cost=1.6355 (sbs=1.6735) vs_sbs=-2.27%
      OVRP: top1=0.356 mean_cost=7.4544 (sbs=7.4617) vs_sbs=-0.10%
      VRPB: top1=0.548 mean_cost=9.3348 (sbs=9.3403) vs_sbs=-0.06%
      VRPL: top1=0.291 mean_cost=12.4073 (sbs=12.4072) vs_sbs=+0.00%
     VRPTW: top1=0.445 mean_cost=17.9111 (sbs=18.6571) vs_sbs=-4.00%
    OVRPTW: top1=0.503 mean_cost=10.0433 (sbs=10.0484) vs_sbs=-0.05%
     OVRPB: top1=0.558 mean_cost=6.3203 (sbs=6.3220) vs_sbs=-0.03%
     OVRPL: top1=0.393 mean_cost=7.4322 (sbs=7.4376) vs_sbs=-0.07%
     VRPBL: top1=0.541 mean_cost=9.3564 (sbs=9.3593) vs_sbs=-0.03%
    VRPBTW: top1=0.432 mean_cost=19.0579 (sbs=19.6697) vs_sbs=-3.11%
    VRPLTW: top1=0.435 mean_cost=17.6605 (sbs=18.5091) vs_sbs=-4.58%
    OVRPBL: top1=0.543 mean_cost=6.3072 (sbs=6.3103) vs_sbs=-0.05%
   OVRPBTW: top1=0.512 mean_cost=10.4957 (sbs=10.5068) vs_sbs=-0.11%
   OVRPLTW: top1=0.497 mean_cost=10.1268 (sbs=10.1272) vs_sbs=-0.00%
   VRPBLTW: top1=0.428 mean_cost=18.9567 (sbs=19.5198) vs_sbs=-2.88%
  OVRPBLTW: top1=0.502 mean_cost=10.5356 (sbs=10.5412) vs_sbs=-0.05%
[train_eval epoch 14] top1=0.47977 CE=1.10920 actual_regret=0.97636%
[train epoch 15] update=180/1422 global=20088 loss=0.47043 KL=0.00640 lr=5e-05 samples/s=1984
[train epoch 15] update=360/1422 global=20268 loss=0.46870 KL=0.00642 lr=5e-05 samples/s=1985
[AMP retry] same batch, lower scale=32768.0
[train epoch 15] update=540/1422 global=20448 loss=0.46959 KL=0.00637 lr=5e-05 samples/s=1980
[train epoch 15] update=720/1422 global=20628 loss=0.46962 KL=0.00633 lr=5e-05 samples/s=1981
[train epoch 15] update=900/1422 global=20808 loss=0.46956 KL=0.00629 lr=5e-05 samples/s=1982
[train epoch 15] update=1080/1422 global=20988 loss=0.47025 KL=0.00631 lr=5e-05 samples/s=1984
[train epoch 15] update=1260/1422 global=21168 loss=0.47034 KL=0.00631 lr=5e-05 samples/s=1984
[train epoch 15] update=1422/1422 global=21330 loss=0.47086 KL=0.00627 lr=5e-05 samples/s=1967
[eval epoch 15] macro_top1=0.4723 top2=0.8108 top3=0.9176 vs_sbs=-1.010% vbs_closed=+28.03%
       TSP: top1=0.382 mean_cost=7.9155 (sbs=7.9578) vs_sbs=-0.53%
      CVRP: top1=0.433 mean_cost=18.2273 (sbs=18.2943) vs_sbs=-0.37%
      ATSP: top1=0.681 mean_cost=1.6389 (sbs=1.6735) vs_sbs=-2.07%
      OVRP: top1=0.339 mean_cost=7.4550 (sbs=7.4617) vs_sbs=-0.09%
      VRPB: top1=0.547 mean_cost=9.3346 (sbs=9.3403) vs_sbs=-0.06%
      VRPL: top1=0.302 mean_cost=12.4056 (sbs=12.4072) vs_sbs=-0.01%
     VRPTW: top1=0.444 mean_cost=17.9085 (sbs=18.6571) vs_sbs=-4.01%
    OVRPTW: top1=0.503 mean_cost=10.0451 (sbs=10.0484) vs_sbs=-0.03%
     OVRPB: top1=0.563 mean_cost=6.3195 (sbs=6.3220) vs_sbs=-0.04%
     OVRPL: top1=0.357 mean_cost=7.4388 (sbs=7.4376) vs_sbs=+0.02%
     VRPBL: top1=0.551 mean_cost=9.3540 (sbs=9.3593) vs_sbs=-0.06%
    VRPBTW: top1=0.450 mean_cost=19.0475 (sbs=19.6697) vs_sbs=-3.16%
    VRPLTW: top1=0.451 mean_cost=17.6518 (sbs=18.5091) vs_sbs=-4.63%
    OVRPBL: top1=0.540 mean_cost=6.3093 (sbs=6.3103) vs_sbs=-0.01%
   OVRPBTW: top1=0.511 mean_cost=10.4937 (sbs=10.5068) vs_sbs=-0.12%
   OVRPLTW: top1=0.504 mean_cost=10.1263 (sbs=10.1272) vs_sbs=-0.01%
   VRPBLTW: top1=0.433 mean_cost=18.9582 (sbs=19.5198) vs_sbs=-2.88%
  OVRPBLTW: top1=0.510 mean_cost=10.5302 (sbs=10.5412) vs_sbs=-0.10%
[train_eval epoch 15] top1=0.47127 CE=1.13042 actual_regret=0.98467%
[schedule] validation plateau: next lr=2.5e-05
[train epoch 16] update=180/1422 global=21510 loss=0.46688 KL=0.00638 lr=2.5e-05 samples/s=1981
[train epoch 16] update=360/1422 global=21690 loss=0.46557 KL=0.00641 lr=2.5e-05 samples/s=1988
[train epoch 16] update=540/1422 global=21870 loss=0.46572 KL=0.00642 lr=2.5e-05 samples/s=1988
[train epoch 16] update=720/1422 global=22050 loss=0.46519 KL=0.00648 lr=2.5e-05 samples/s=1988
[train epoch 16] update=900/1422 global=22230 loss=0.46573 KL=0.00648 lr=2.5e-05 samples/s=1988
[train epoch 16] update=1080/1422 global=22410 loss=0.46542 KL=0.00650 lr=2.5e-05 samples/s=1987
[train epoch 16] update=1260/1422 global=22590 loss=0.46477 KL=0.00654 lr=2.5e-05 samples/s=1985
[train epoch 16] update=1422/1422 global=22752 loss=0.46461 KL=0.00656 lr=2.5e-05 samples/s=1967
[eval epoch 16] macro_top1=0.4788 top2=0.8169 top3=0.9225 vs_sbs=-1.046% vbs_closed=+30.33%
       TSP: top1=0.365 mean_cost=7.9192 (sbs=7.9578) vs_sbs=-0.49%
      CVRP: top1=0.476 mean_cost=18.2080 (sbs=18.2943) vs_sbs=-0.47%
      ATSP: top1=0.777 mean_cost=1.6351 (sbs=1.6735) vs_sbs=-2.30%
      OVRP: top1=0.331 mean_cost=7.4564 (sbs=7.4617) vs_sbs=-0.07%
      VRPB: top1=0.534 mean_cost=9.3345 (sbs=9.3403) vs_sbs=-0.06%
      VRPL: top1=0.316 mean_cost=12.4034 (sbs=12.4072) vs_sbs=-0.03%
     VRPTW: top1=0.427 mean_cost=17.9041 (sbs=18.6571) vs_sbs=-4.04%
    OVRPTW: top1=0.510 mean_cost=10.0400 (sbs=10.0484) vs_sbs=-0.08%
     OVRPB: top1=0.574 mean_cost=6.3150 (sbs=6.3220) vs_sbs=-0.11%
     OVRPL: top1=0.384 mean_cost=7.4315 (sbs=7.4376) vs_sbs=-0.08%
     VRPBL: top1=0.548 mean_cost=9.3539 (sbs=9.3593) vs_sbs=-0.06%
    VRPBTW: top1=0.447 mean_cost=19.0377 (sbs=19.6697) vs_sbs=-3.21%
    VRPLTW: top1=0.454 mean_cost=17.6384 (sbs=18.5091) vs_sbs=-4.70%
    OVRPBL: top1=0.561 mean_cost=6.3075 (sbs=6.3103) vs_sbs=-0.04%
   OVRPBTW: top1=0.488 mean_cost=10.4992 (sbs=10.5068) vs_sbs=-0.07%
   OVRPLTW: top1=0.514 mean_cost=10.1254 (sbs=10.1272) vs_sbs=-0.02%
   VRPBLTW: top1=0.421 mean_cost=18.9461 (sbs=19.5198) vs_sbs=-2.94%
  OVRPBLTW: top1=0.492 mean_cost=10.5354 (sbs=10.5412) vs_sbs=-0.05%
[train_eval epoch 16] top1=0.48134 CE=1.09670 actual_regret=0.94306%
[best] epoch=16 vs_sbs=-1.046170% top1=0.47883
[AMP retry] same batch, lower scale=32768.0
[train epoch 17] update=180/1422 global=22932 loss=0.46510 KL=0.00673 lr=2.5e-05 samples/s=1950
[train epoch 17] update=360/1422 global=23112 loss=0.46497 KL=0.00665 lr=2.5e-05 samples/s=1964
[train epoch 17] update=540/1422 global=23292 loss=0.46319 KL=0.00666 lr=2.5e-05 samples/s=1970
[train epoch 17] update=720/1422 global=23472 loss=0.46308 KL=0.00670 lr=2.5e-05 samples/s=1972
[train epoch 17] update=900/1422 global=23652 loss=0.46335 KL=0.00671 lr=2.5e-05 samples/s=1973
[train epoch 17] update=1080/1422 global=23832 loss=0.46341 KL=0.00675 lr=2.5e-05 samples/s=1975
[train epoch 17] update=1260/1422 global=24012 loss=0.46339 KL=0.00679 lr=2.5e-05 samples/s=1976
[train epoch 17] update=1422/1422 global=24174 loss=0.46343 KL=0.00679 lr=2.5e-05 samples/s=1958
[eval epoch 17] macro_top1=0.4797 top2=0.8167 top3=0.9225 vs_sbs=-1.012% vbs_closed=+28.99%
       TSP: top1=0.380 mean_cost=7.9155 (sbs=7.9578) vs_sbs=-0.53%
      CVRP: top1=0.469 mean_cost=18.2026 (sbs=18.2943) vs_sbs=-0.50%
      ATSP: top1=0.778 mean_cost=1.6354 (sbs=1.6735) vs_sbs=-2.28%
      OVRP: top1=0.341 mean_cost=7.4554 (sbs=7.4617) vs_sbs=-0.08%
      VRPB: top1=0.549 mean_cost=9.3338 (sbs=9.3403) vs_sbs=-0.07%
      VRPL: top1=0.299 mean_cost=12.4067 (sbs=12.4072) vs_sbs=-0.00%
     VRPTW: top1=0.448 mean_cost=17.9446 (sbs=18.6571) vs_sbs=-3.82%
    OVRPTW: top1=0.508 mean_cost=10.0419 (sbs=10.0484) vs_sbs=-0.07%
     OVRPB: top1=0.557 mean_cost=6.3217 (sbs=6.3220) vs_sbs=-0.01%
     OVRPL: top1=0.376 mean_cost=7.4342 (sbs=7.4376) vs_sbs=-0.05%
     VRPBL: top1=0.546 mean_cost=9.3559 (sbs=9.3593) vs_sbs=-0.04%
    VRPBTW: top1=0.442 mean_cost=19.0542 (sbs=19.6697) vs_sbs=-3.13%
    VRPLTW: top1=0.453 mean_cost=17.6842 (sbs=18.5091) vs_sbs=-4.46%
    OVRPBL: top1=0.547 mean_cost=6.3068 (sbs=6.3103) vs_sbs=-0.05%
   OVRPBTW: top1=0.511 mean_cost=10.4953 (sbs=10.5068) vs_sbs=-0.11%
   OVRPLTW: top1=0.497 mean_cost=10.1286 (sbs=10.1272) vs_sbs=+0.01%
   VRPBLTW: top1=0.429 mean_cost=18.9405 (sbs=19.5198) vs_sbs=-2.97%
  OVRPBLTW: top1=0.505 mean_cost=10.5337 (sbs=10.5412) vs_sbs=-0.07%
[train_eval epoch 17] top1=0.48311 CE=1.09603 actual_regret=0.96694%
[train epoch 18] update=180/1422 global=24354 loss=0.46203 KL=0.00668 lr=2.5e-05 samples/s=1979
[train epoch 18] update=360/1422 global=24534 loss=0.46293 KL=0.00683 lr=2.5e-05 samples/s=1983
[train epoch 18] update=540/1422 global=24714 loss=0.46394 KL=0.00684 lr=2.5e-05 samples/s=1984
[train epoch 18] update=720/1422 global=24894 loss=0.46346 KL=0.00679 lr=2.5e-05 samples/s=1983
[train epoch 18] update=900/1422 global=25074 loss=0.46295 KL=0.00678 lr=2.5e-05 samples/s=1984
[train epoch 18] update=1080/1422 global=25254 loss=0.46280 KL=0.00677 lr=2.5e-05 samples/s=1984
[train epoch 18] update=1260/1422 global=25434 loss=0.46272 KL=0.00678 lr=2.5e-05 samples/s=1982
[train epoch 18] update=1422/1422 global=25596 loss=0.46283 KL=0.00681 lr=2.5e-05 samples/s=1964
[eval epoch 18] macro_top1=0.4804 top2=0.8162 top3=0.9235 vs_sbs=-1.037% vbs_closed=+29.78%
       TSP: top1=0.354 mean_cost=7.9162 (sbs=7.9578) vs_sbs=-0.52%
      CVRP: top1=0.476 mean_cost=18.2015 (sbs=18.2943) vs_sbs=-0.51%
      ATSP: top1=0.780 mean_cost=1.6353 (sbs=1.6735) vs_sbs=-2.28%
      OVRP: top1=0.322 mean_cost=7.4578 (sbs=7.4617) vs_sbs=-0.05%
      VRPB: top1=0.544 mean_cost=9.3347 (sbs=9.3403) vs_sbs=-0.06%
      VRPL: top1=0.307 mean_cost=12.4038 (sbs=12.4072) vs_sbs=-0.03%
     VRPTW: top1=0.459 mean_cost=17.9187 (sbs=18.6571) vs_sbs=-3.96%
    OVRPTW: top1=0.504 mean_cost=10.0426 (sbs=10.0484) vs_sbs=-0.06%
     OVRPB: top1=0.565 mean_cost=6.3190 (sbs=6.3220) vs_sbs=-0.05%
     OVRPL: top1=0.371 mean_cost=7.4334 (sbs=7.4376) vs_sbs=-0.06%
     VRPBL: top1=0.544 mean_cost=9.3554 (sbs=9.3593) vs_sbs=-0.04%
    VRPBTW: top1=0.436 mean_cost=19.0442 (sbs=19.6697) vs_sbs=-3.18%
    VRPLTW: top1=0.454 mean_cost=17.6422 (sbs=18.5091) vs_sbs=-4.68%
    OVRPBL: top1=0.562 mean_cost=6.3057 (sbs=6.3103) vs_sbs=-0.07%
   OVRPBTW: top1=0.525 mean_cost=10.4964 (sbs=10.5068) vs_sbs=-0.10%
   OVRPLTW: top1=0.506 mean_cost=10.1258 (sbs=10.1272) vs_sbs=-0.01%
   VRPBLTW: top1=0.439 mean_cost=18.9407 (sbs=19.5198) vs_sbs=-2.97%
  OVRPBLTW: top1=0.499 mean_cost=10.5371 (sbs=10.5412) vs_sbs=-0.04%
[train_eval epoch 18] top1=0.48286 CE=1.08945 actual_regret=0.95448%
[train epoch 19] update=180/1422 global=25776 loss=0.45993 KL=0.00696 lr=2.5e-05 samples/s=1979
[train epoch 19] update=360/1422 global=25956 loss=0.46169 KL=0.00698 lr=2.5e-05 samples/s=1977
[train epoch 19] update=540/1422 global=26136 loss=0.46181 KL=0.00703 lr=2.5e-05 samples/s=1977
[train epoch 19] update=720/1422 global=26316 loss=0.46204 KL=0.00702 lr=2.5e-05 samples/s=1980
[train epoch 19] update=900/1422 global=26496 loss=0.46221 KL=0.00701 lr=2.5e-05 samples/s=1978
[train epoch 19] update=1080/1422 global=26676 loss=0.46205 KL=0.00702 lr=2.5e-05 samples/s=1979
[train epoch 19] update=1260/1422 global=26856 loss=0.46194 KL=0.00698 lr=2.5e-05 samples/s=1979
[AMP retry] same batch, lower scale=65536.0
[AMP retry] same batch, lower scale=32768.0
[train epoch 19] update=1422/1422 global=27018 loss=0.46189 KL=0.00696 lr=2.5e-05 samples/s=1959
[eval epoch 19] macro_top1=0.4795 top2=0.8179 top3=0.9232 vs_sbs=-1.032% vbs_closed=+28.97%
       TSP: top1=0.372 mean_cost=7.9163 (sbs=7.9578) vs_sbs=-0.52%
      CVRP: top1=0.470 mean_cost=18.2096 (sbs=18.2943) vs_sbs=-0.46%
      ATSP: top1=0.767 mean_cost=1.6360 (sbs=1.6735) vs_sbs=-2.24%
      OVRP: top1=0.315 mean_cost=7.4578 (sbs=7.4617) vs_sbs=-0.05%
      VRPB: top1=0.554 mean_cost=9.3340 (sbs=9.3403) vs_sbs=-0.07%
      VRPL: top1=0.287 mean_cost=12.4070 (sbs=12.4072) vs_sbs=-0.00%
     VRPTW: top1=0.465 mean_cost=17.8980 (sbs=18.6571) vs_sbs=-4.07%
    OVRPTW: top1=0.519 mean_cost=10.0372 (sbs=10.0484) vs_sbs=-0.11%
     OVRPB: top1=0.557 mean_cost=6.3222 (sbs=6.3220) vs_sbs=+0.00%
     OVRPL: top1=0.372 mean_cost=7.4356 (sbs=7.4376) vs_sbs=-0.03%
     VRPBL: top1=0.540 mean_cost=9.3568 (sbs=9.3593) vs_sbs=-0.03%
    VRPBTW: top1=0.443 mean_cost=19.0507 (sbs=19.6697) vs_sbs=-3.15%
    VRPLTW: top1=0.461 mean_cost=17.6470 (sbs=18.5091) vs_sbs=-4.66%
    OVRPBL: top1=0.552 mean_cost=6.3069 (sbs=6.3103) vs_sbs=-0.05%
   OVRPBTW: top1=0.518 mean_cost=10.4952 (sbs=10.5068) vs_sbs=-0.11%
   OVRPLTW: top1=0.501 mean_cost=10.1265 (sbs=10.1272) vs_sbs=-0.01%
   VRPBLTW: top1=0.437 mean_cost=18.9435 (sbs=19.5198) vs_sbs=-2.95%
  OVRPBLTW: top1=0.501 mean_cost=10.5346 (sbs=10.5412) vs_sbs=-0.06%
[train_eval epoch 19] top1=0.48410 CE=1.08931 actual_regret=0.94421%
[schedule] validation plateau: next lr=1.3e-05
[train epoch 20] update=180/1422 global=27198 loss=0.45901 KL=0.00715 lr=1.3e-05 samples/s=1982
[train epoch 20] update=360/1422 global=27378 loss=0.45967 KL=0.00710 lr=1.3e-05 samples/s=1983
[train epoch 20] update=540/1422 global=27558 loss=0.46038 KL=0.00701 lr=1.3e-05 samples/s=1981
[train epoch 20] update=720/1422 global=27738 loss=0.45939 KL=0.00708 lr=1.3e-05 samples/s=1981
[train epoch 20] update=900/1422 global=27918 loss=0.45942 KL=0.00708 lr=1.3e-05 samples/s=1983
[train epoch 20] update=1080/1422 global=28098 loss=0.45966 KL=0.00711 lr=1.3e-05 samples/s=1985
[train epoch 20] update=1260/1422 global=28278 loss=0.45974 KL=0.00710 lr=1.3e-05 samples/s=1984
[train epoch 20] update=1422/1422 global=28440 loss=0.45948 KL=0.00710 lr=1.3e-05 samples/s=1966
[eval epoch 20] macro_top1=0.4814 top2=0.8183 top3=0.9257 vs_sbs=-1.053% vbs_closed=+30.16%
       TSP: top1=0.366 mean_cost=7.9152 (sbs=7.9578) vs_sbs=-0.54%
      CVRP: top1=0.478 mean_cost=18.2012 (sbs=18.2943) vs_sbs=-0.51%
      ATSP: top1=0.779 mean_cost=1.6347 (sbs=1.6735) vs_sbs=-2.32%
      OVRP: top1=0.343 mean_cost=7.4555 (sbs=7.4617) vs_sbs=-0.08%
      VRPB: top1=0.551 mean_cost=9.3335 (sbs=9.3403) vs_sbs=-0.07%
      VRPL: top1=0.291 mean_cost=12.4070 (sbs=12.4072) vs_sbs=-0.00%
     VRPTW: top1=0.454 mean_cost=17.9011 (sbs=18.6571) vs_sbs=-4.05%
    OVRPTW: top1=0.512 mean_cost=10.0410 (sbs=10.0484) vs_sbs=-0.07%
     OVRPB: top1=0.566 mean_cost=6.3188 (sbs=6.3220) vs_sbs=-0.05%
     OVRPL: top1=0.366 mean_cost=7.4367 (sbs=7.4376) vs_sbs=-0.01%
     VRPBL: top1=0.543 mean_cost=9.3553 (sbs=9.3593) vs_sbs=-0.04%
    VRPBTW: top1=0.437 mean_cost=19.0441 (sbs=19.6697) vs_sbs=-3.18%
    VRPLTW: top1=0.468 mean_cost=17.6159 (sbs=18.5091) vs_sbs=-4.83%
    OVRPBL: top1=0.565 mean_cost=6.3051 (sbs=6.3103) vs_sbs=-0.08%
   OVRPBTW: top1=0.528 mean_cost=10.4913 (sbs=10.5068) vs_sbs=-0.15%
   OVRPLTW: top1=0.498 mean_cost=10.1284 (sbs=10.1272) vs_sbs=+0.01%
   VRPBLTW: top1=0.421 mean_cost=18.9499 (sbs=19.5198) vs_sbs=-2.92%
  OVRPBLTW: top1=0.500 mean_cost=10.5342 (sbs=10.5412) vs_sbs=-0.07%
[train_eval epoch 20] top1=0.48581 CE=1.08851 actual_regret=0.92928%
[best] epoch=20 vs_sbs=-1.053278% top1=0.48144
[train epoch 21] update=180/1422 global=28620 loss=0.45839 KL=0.00697 lr=1.3e-05 samples/s=1972
[train epoch 21] update=360/1422 global=28800 loss=0.45872 KL=0.00709 lr=1.3e-05 samples/s=1973
[train epoch 21] update=540/1422 global=28980 loss=0.45943 KL=0.00710 lr=1.3e-05 samples/s=1974
[train epoch 21] update=720/1422 global=29160 loss=0.45885 KL=0.00713 lr=1.3e-05 samples/s=1976
[train epoch 21] update=900/1422 global=29340 loss=0.45820 KL=0.00713 lr=1.3e-05 samples/s=1978
[train epoch 21] update=1080/1422 global=29520 loss=0.45790 KL=0.00715 lr=1.3e-05 samples/s=1978
[train epoch 21] update=1260/1422 global=29700 loss=0.45866 KL=0.00716 lr=1.3e-05 samples/s=1980
[train epoch 21] update=1422/1422 global=29862 loss=0.45881 KL=0.00717 lr=1.3e-05 samples/s=1962
[eval epoch 21] macro_top1=0.4836 top2=0.8187 top3=0.9249 vs_sbs=-1.055% vbs_closed=+30.58%
       TSP: top1=0.369 mean_cost=7.9156 (sbs=7.9578) vs_sbs=-0.53%
      CVRP: top1=0.484 mean_cost=18.2022 (sbs=18.2943) vs_sbs=-0.50%
      ATSP: top1=0.784 mean_cost=1.6349 (sbs=1.6735) vs_sbs=-2.31%
      OVRP: top1=0.343 mean_cost=7.4556 (sbs=7.4617) vs_sbs=-0.08%
      VRPB: top1=0.549 mean_cost=9.3340 (sbs=9.3403) vs_sbs=-0.07%
      VRPL: top1=0.318 mean_cost=12.4027 (sbs=12.4072) vs_sbs=-0.04%
     VRPTW: top1=0.446 mean_cost=17.9096 (sbs=18.6571) vs_sbs=-4.01%
    OVRPTW: top1=0.509 mean_cost=10.0393 (sbs=10.0484) vs_sbs=-0.09%
     OVRPB: top1=0.564 mean_cost=6.3198 (sbs=6.3220) vs_sbs=-0.03%
     OVRPL: top1=0.385 mean_cost=7.4341 (sbs=7.4376) vs_sbs=-0.05%
     VRPBL: top1=0.548 mean_cost=9.3547 (sbs=9.3593) vs_sbs=-0.05%
    VRPBTW: top1=0.450 mean_cost=19.0343 (sbs=19.6697) vs_sbs=-3.23%
    VRPLTW: top1=0.456 mean_cost=17.6192 (sbs=18.5091) vs_sbs=-4.81%
    OVRPBL: top1=0.564 mean_cost=6.3053 (sbs=6.3103) vs_sbs=-0.08%
   OVRPBTW: top1=0.504 mean_cost=10.4990 (sbs=10.5068) vs_sbs=-0.07%
   OVRPLTW: top1=0.502 mean_cost=10.1283 (sbs=10.1272) vs_sbs=+0.01%
   VRPBLTW: top1=0.428 mean_cost=18.9433 (sbs=19.5198) vs_sbs=-2.95%
  OVRPBLTW: top1=0.501 mean_cost=10.5305 (sbs=10.5412) vs_sbs=-0.10%
[train_eval epoch 21] top1=0.48718 CE=1.07853 actual_regret=0.92501%
[best] epoch=21 vs_sbs=-1.055125% top1=0.48356
[train epoch 22] update=180/1422 global=30042 loss=0.46079 KL=0.00718 lr=1.3e-05 samples/s=1982
[train epoch 22] update=360/1422 global=30222 loss=0.45995 KL=0.00725 lr=1.3e-05 samples/s=1983
[train epoch 22] update=540/1422 global=30402 loss=0.45915 KL=0.00725 lr=1.3e-05 samples/s=1984
[train epoch 22] update=720/1422 global=30582 loss=0.45830 KL=0.00726 lr=1.3e-05 samples/s=1982
[train epoch 22] update=900/1422 global=30762 loss=0.45800 KL=0.00725 lr=1.3e-05 samples/s=1983
[train epoch 22] update=1080/1422 global=30942 loss=0.45797 KL=0.00726 lr=1.3e-05 samples/s=1985
[train epoch 22] update=1260/1422 global=31122 loss=0.45796 KL=0.00728 lr=1.3e-05 samples/s=1984
[AMP retry] same batch, lower scale=65536.0
[train epoch 22] update=1422/1422 global=31284 loss=0.45826 KL=0.00728 lr=1.3e-05 samples/s=1964
[eval epoch 22] macro_top1=0.4847 top2=0.8196 top3=0.9238 vs_sbs=-1.063% vbs_closed=+30.75%
       TSP: top1=0.373 mean_cost=7.9152 (sbs=7.9578) vs_sbs=-0.54%
      CVRP: top1=0.470 mean_cost=18.2037 (sbs=18.2943) vs_sbs=-0.50%
      ATSP: top1=0.780 mean_cost=1.6348 (sbs=1.6735) vs_sbs=-2.31%
      OVRP: top1=0.350 mean_cost=7.4542 (sbs=7.4617) vs_sbs=-0.10%
      VRPB: top1=0.548 mean_cost=9.3336 (sbs=9.3403) vs_sbs=-0.07%
      VRPL: top1=0.303 mean_cost=12.4058 (sbs=12.4072) vs_sbs=-0.01%
     VRPTW: top1=0.461 mean_cost=17.8887 (sbs=18.6571) vs_sbs=-4.12%
    OVRPTW: top1=0.505 mean_cost=10.0413 (sbs=10.0484) vs_sbs=-0.07%
     OVRPB: top1=0.557 mean_cost=6.3200 (sbs=6.3220) vs_sbs=-0.03%
     OVRPL: top1=0.383 mean_cost=7.4345 (sbs=7.4376) vs_sbs=-0.04%
     VRPBL: top1=0.547 mean_cost=9.3548 (sbs=9.3593) vs_sbs=-0.05%
    VRPBTW: top1=0.443 mean_cost=19.0357 (sbs=19.6697) vs_sbs=-3.22%
    VRPLTW: top1=0.453 mean_cost=17.6250 (sbs=18.5091) vs_sbs=-4.78%
    OVRPBL: top1=0.570 mean_cost=6.3060 (sbs=6.3103) vs_sbs=-0.07%
   OVRPBTW: top1=0.526 mean_cost=10.4923 (sbs=10.5068) vs_sbs=-0.14%
   OVRPLTW: top1=0.514 mean_cost=10.1241 (sbs=10.1272) vs_sbs=-0.03%
   VRPBLTW: top1=0.436 mean_cost=18.9374 (sbs=19.5198) vs_sbs=-2.98%
  OVRPBLTW: top1=0.506 mean_cost=10.5337 (sbs=10.5412) vs_sbs=-0.07%
[train_eval epoch 22] top1=0.48645 CE=1.08141 actual_regret=0.92678%
[best] epoch=22 vs_sbs=-1.062592% top1=0.48472
[train epoch 23] update=180/1422 global=31464 loss=0.45572 KL=0.00712 lr=1.3e-05 samples/s=1971
[train epoch 23] update=360/1422 global=31644 loss=0.45696 KL=0.00726 lr=1.3e-05 samples/s=1970
[train epoch 23] update=540/1422 global=31824 loss=0.45732 KL=0.00726 lr=1.3e-05 samples/s=1974
[train epoch 23] update=720/1422 global=32004 loss=0.45809 KL=0.00729 lr=1.3e-05 samples/s=1975
[train epoch 23] update=900/1422 global=32184 loss=0.45749 KL=0.00731 lr=1.3e-05 samples/s=1979
[train epoch 23] update=1080/1422 global=32364 loss=0.45792 KL=0.00730 lr=1.3e-05 samples/s=1980
[train epoch 23] update=1260/1422 global=32544 loss=0.45833 KL=0.00734 lr=1.3e-05 samples/s=1982
[train epoch 23] update=1422/1422 global=32706 loss=0.45818 KL=0.00735 lr=1.3e-05 samples/s=1963
[eval epoch 23] macro_top1=0.4841 top2=0.8212 top3=0.9251 vs_sbs=-1.054% vbs_closed=+30.66%
       TSP: top1=0.370 mean_cost=7.9162 (sbs=7.9578) vs_sbs=-0.52%
      CVRP: top1=0.481 mean_cost=18.2035 (sbs=18.2943) vs_sbs=-0.50%
      ATSP: top1=0.779 mean_cost=1.6352 (sbs=1.6735) vs_sbs=-2.29%
      OVRP: top1=0.337 mean_cost=7.4558 (sbs=7.4617) vs_sbs=-0.08%
      VRPB: top1=0.550 mean_cost=9.3344 (sbs=9.3403) vs_sbs=-0.06%
      VRPL: top1=0.319 mean_cost=12.4012 (sbs=12.4072) vs_sbs=-0.05%
     VRPTW: top1=0.457 mean_cost=17.8929 (sbs=18.6571) vs_sbs=-4.10%
    OVRPTW: top1=0.504 mean_cost=10.0408 (sbs=10.0484) vs_sbs=-0.08%
     OVRPB: top1=0.555 mean_cost=6.3214 (sbs=6.3220) vs_sbs=-0.01%
     OVRPL: top1=0.394 mean_cost=7.4325 (sbs=7.4376) vs_sbs=-0.07%
     VRPBL: top1=0.548 mean_cost=9.3548 (sbs=9.3593) vs_sbs=-0.05%
    VRPBTW: top1=0.433 mean_cost=19.0398 (sbs=19.6697) vs_sbs=-3.20%
    VRPLTW: top1=0.457 mean_cost=17.6344 (sbs=18.5091) vs_sbs=-4.73%
    OVRPBL: top1=0.557 mean_cost=6.3061 (sbs=6.3103) vs_sbs=-0.07%
   OVRPBTW: top1=0.531 mean_cost=10.4905 (sbs=10.5068) vs_sbs=-0.16%
   OVRPLTW: top1=0.507 mean_cost=10.1260 (sbs=10.1272) vs_sbs=-0.01%
   VRPBLTW: top1=0.432 mean_cost=18.9439 (sbs=19.5198) vs_sbs=-2.95%
  OVRPBLTW: top1=0.502 mean_cost=10.5355 (sbs=10.5412) vs_sbs=-0.05%
[train_eval epoch 23] top1=0.48697 CE=1.07742 actual_regret=0.92596%
[train epoch 24] update=180/1422 global=32886 loss=0.45903 KL=0.00744 lr=1.3e-05 samples/s=1983
[train epoch 24] update=360/1422 global=33066 loss=0.45764 KL=0.00752 lr=1.3e-05 samples/s=1985
[train epoch 24] update=540/1422 global=33246 loss=0.45720 KL=0.00754 lr=1.3e-05 samples/s=1984
[train epoch 24] update=720/1422 global=33426 loss=0.45762 KL=0.00754 lr=1.3e-05 samples/s=1984
[train epoch 24] update=900/1422 global=33606 loss=0.45769 KL=0.00751 lr=1.3e-05 samples/s=1984
[train epoch 24] update=1080/1422 global=33786 loss=0.45765 KL=0.00752 lr=1.3e-05 samples/s=1982
[train epoch 24] update=1260/1422 global=33966 loss=0.45736 KL=0.00752 lr=1.3e-05 samples/s=1983
[AMP retry] same batch, lower scale=65536.0
[train epoch 24] update=1422/1422 global=34128 loss=0.45776 KL=0.00748 lr=1.3e-05 samples/s=1961
[eval epoch 24] macro_top1=0.4839 top2=0.8203 top3=0.9259 vs_sbs=-1.052% vbs_closed=+30.43%
       TSP: top1=0.375 mean_cost=7.9153 (sbs=7.9578) vs_sbs=-0.53%
      CVRP: top1=0.479 mean_cost=18.2030 (sbs=18.2943) vs_sbs=-0.50%
      ATSP: top1=0.774 mean_cost=1.6353 (sbs=1.6735) vs_sbs=-2.28%
      OVRP: top1=0.321 mean_cost=7.4575 (sbs=7.4617) vs_sbs=-0.06%
      VRPB: top1=0.543 mean_cost=9.3366 (sbs=9.3403) vs_sbs=-0.04%
      VRPL: top1=0.319 mean_cost=12.4022 (sbs=12.4072) vs_sbs=-0.04%
     VRPTW: top1=0.452 mean_cost=17.9090 (sbs=18.6571) vs_sbs=-4.01%
    OVRPTW: top1=0.513 mean_cost=10.0366 (sbs=10.0484) vs_sbs=-0.12%
     OVRPB: top1=0.559 mean_cost=6.3193 (sbs=6.3220) vs_sbs=-0.04%
     OVRPL: top1=0.400 mean_cost=7.4322 (sbs=7.4376) vs_sbs=-0.07%
     VRPBL: top1=0.548 mean_cost=9.3552 (sbs=9.3593) vs_sbs=-0.04%
    VRPBTW: top1=0.444 mean_cost=19.0403 (sbs=19.6697) vs_sbs=-3.20%
    VRPLTW: top1=0.470 mean_cost=17.6255 (sbs=18.5091) vs_sbs=-4.77%
    OVRPBL: top1=0.562 mean_cost=6.3069 (sbs=6.3103) vs_sbs=-0.05%
   OVRPBTW: top1=0.517 mean_cost=10.4949 (sbs=10.5068) vs_sbs=-0.11%
   OVRPLTW: top1=0.500 mean_cost=10.1291 (sbs=10.1272) vs_sbs=+0.02%
   VRPBLTW: top1=0.437 mean_cost=18.9347 (sbs=19.5198) vs_sbs=-3.00%
  OVRPBLTW: top1=0.498 mean_cost=10.5323 (sbs=10.5412) vs_sbs=-0.08%
[train_eval epoch 24] top1=0.48854 CE=1.07574 actual_regret=0.92726%
[train epoch 25] update=180/1422 global=34308 loss=0.45552 KL=0.00722 lr=1.3e-05 samples/s=1985
[train epoch 25] update=360/1422 global=34488 loss=0.45719 KL=0.00724 lr=1.3e-05 samples/s=1985
[train epoch 25] update=540/1422 global=34668 loss=0.45773 KL=0.00729 lr=1.3e-05 samples/s=1986
[train epoch 25] update=720/1422 global=34848 loss=0.45714 KL=0.00737 lr=1.3e-05 samples/s=1987
[train epoch 25] update=900/1422 global=35028 loss=0.45723 KL=0.00741 lr=1.3e-05 samples/s=1988
[train epoch 25] update=1080/1422 global=35208 loss=0.45760 KL=0.00739 lr=1.3e-05 samples/s=1990
[train epoch 25] update=1260/1422 global=35388 loss=0.45734 KL=0.00744 lr=1.3e-05 samples/s=1992
[train epoch 25] update=1422/1422 global=35550 loss=0.45748 KL=0.00745 lr=1.3e-05 samples/s=1973
[eval epoch 25] macro_top1=0.4853 top2=0.8208 top3=0.9248 vs_sbs=-1.037% vbs_closed=+30.05%
       TSP: top1=0.380 mean_cost=7.9153 (sbs=7.9578) vs_sbs=-0.53%
      CVRP: top1=0.466 mean_cost=18.2174 (sbs=18.2943) vs_sbs=-0.42%
      ATSP: top1=0.788 mean_cost=1.6349 (sbs=1.6735) vs_sbs=-2.31%
      OVRP: top1=0.346 mean_cost=7.4554 (sbs=7.4617) vs_sbs=-0.08%
      VRPB: top1=0.546 mean_cost=9.3351 (sbs=9.3403) vs_sbs=-0.06%
      VRPL: top1=0.313 mean_cost=12.4037 (sbs=12.4072) vs_sbs=-0.03%
     VRPTW: top1=0.446 mean_cost=17.9395 (sbs=18.6571) vs_sbs=-3.85%
    OVRPTW: top1=0.507 mean_cost=10.0387 (sbs=10.0484) vs_sbs=-0.10%
     OVRPB: top1=0.566 mean_cost=6.3194 (sbs=6.3220) vs_sbs=-0.04%
     OVRPL: top1=0.399 mean_cost=7.4318 (sbs=7.4376) vs_sbs=-0.08%
     VRPBL: top1=0.546 mean_cost=9.3551 (sbs=9.3593) vs_sbs=-0.04%
    VRPBTW: top1=0.453 mean_cost=19.0325 (sbs=19.6697) vs_sbs=-3.24%
    VRPLTW: top1=0.468 mean_cost=17.6390 (sbs=18.5091) vs_sbs=-4.70%
    OVRPBL: top1=0.561 mean_cost=6.3075 (sbs=6.3103) vs_sbs=-0.04%
   OVRPBTW: top1=0.514 mean_cost=10.4942 (sbs=10.5068) vs_sbs=-0.12%
   OVRPLTW: top1=0.514 mean_cost=10.1249 (sbs=10.1272) vs_sbs=-0.02%
   VRPBLTW: top1=0.422 mean_cost=18.9476 (sbs=19.5198) vs_sbs=-2.93%
  OVRPBLTW: top1=0.500 mean_cost=10.5335 (sbs=10.5412) vs_sbs=-0.07%
[train_eval epoch 25] top1=0.48908 CE=1.07921 actual_regret=0.93445%
[schedule] validation plateau: next lr=6.3e-06
[train epoch 26] update=180/1422 global=35730 loss=0.45787 KL=0.00767 lr=6.3e-06 samples/s=1983
[train epoch 26] update=360/1422 global=35910 loss=0.45563 KL=0.00763 lr=6.3e-06 samples/s=1980
[train epoch 26] update=540/1422 global=36090 loss=0.45600 KL=0.00761 lr=6.3e-06 samples/s=1978
[train epoch 26] update=720/1422 global=36270 loss=0.45582 KL=0.00758 lr=6.3e-06 samples/s=1978
[train epoch 26] update=900/1422 global=36450 loss=0.45615 KL=0.00758 lr=6.3e-06 samples/s=1978
[train epoch 26] update=1080/1422 global=36630 loss=0.45559 KL=0.00757 lr=6.3e-06 samples/s=1979
[train epoch 26] update=1260/1422 global=36810 loss=0.45580 KL=0.00758 lr=6.3e-06 samples/s=1979
[AMP retry] same batch, lower scale=65536.0
[train epoch 26] update=1422/1422 global=36972 loss=0.45605 KL=0.00757 lr=6.3e-06 samples/s=1960
[eval epoch 26] macro_top1=0.4838 top2=0.8201 top3=0.9261 vs_sbs=-1.049% vbs_closed=+29.78%
       TSP: top1=0.378 mean_cost=7.9156 (sbs=7.9578) vs_sbs=-0.53%
      CVRP: top1=0.474 mean_cost=18.2008 (sbs=18.2943) vs_sbs=-0.51%
      ATSP: top1=0.780 mean_cost=1.6348 (sbs=1.6735) vs_sbs=-2.31%
      OVRP: top1=0.343 mean_cost=7.4551 (sbs=7.4617) vs_sbs=-0.09%
      VRPB: top1=0.551 mean_cost=9.3362 (sbs=9.3403) vs_sbs=-0.04%
      VRPL: top1=0.299 mean_cost=12.4042 (sbs=12.4072) vs_sbs=-0.02%
     VRPTW: top1=0.467 mean_cost=17.9032 (sbs=18.6571) vs_sbs=-4.04%
    OVRPTW: top1=0.509 mean_cost=10.0426 (sbs=10.0484) vs_sbs=-0.06%
     OVRPB: top1=0.559 mean_cost=6.3223 (sbs=6.3220) vs_sbs=+0.00%
     OVRPL: top1=0.379 mean_cost=7.4333 (sbs=7.4376) vs_sbs=-0.06%
     VRPBL: top1=0.546 mean_cost=9.3556 (sbs=9.3593) vs_sbs=-0.04%
    VRPBTW: top1=0.435 mean_cost=19.0429 (sbs=19.6697) vs_sbs=-3.19%
    VRPLTW: top1=0.468 mean_cost=17.6156 (sbs=18.5091) vs_sbs=-4.83%
    OVRPBL: top1=0.560 mean_cost=6.3063 (sbs=6.3103) vs_sbs=-0.06%
   OVRPBTW: top1=0.518 mean_cost=10.4980 (sbs=10.5068) vs_sbs=-0.08%
   OVRPLTW: top1=0.499 mean_cost=10.1270 (sbs=10.1272) vs_sbs=-0.00%
   VRPBLTW: top1=0.441 mean_cost=18.9386 (sbs=19.5198) vs_sbs=-2.98%
  OVRPBLTW: top1=0.503 mean_cost=10.5361 (sbs=10.5412) vs_sbs=-0.05%
[train_eval epoch 26] top1=0.48980 CE=1.07218 actual_regret=0.92172%
[train epoch 27] update=180/1422 global=37152 loss=0.45600 KL=0.00759 lr=6.3e-06 samples/s=1986
[train epoch 27] update=360/1422 global=37332 loss=0.45572 KL=0.00761 lr=6.3e-06 samples/s=1986
[train epoch 27] update=540/1422 global=37512 loss=0.45534 KL=0.00756 lr=6.3e-06 samples/s=1984
[train epoch 27] update=720/1422 global=37692 loss=0.45566 KL=0.00758 lr=6.3e-06 samples/s=1983
[train epoch 27] update=900/1422 global=37872 loss=0.45564 KL=0.00760 lr=6.3e-06 samples/s=1983
[train epoch 27] update=1080/1422 global=38052 loss=0.45560 KL=0.00763 lr=6.3e-06 samples/s=1983
[train epoch 27] update=1260/1422 global=38232 loss=0.45563 KL=0.00763 lr=6.3e-06 samples/s=1982
[train epoch 27] update=1422/1422 global=38394 loss=0.45558 KL=0.00764 lr=6.3e-06 samples/s=1964
[eval epoch 27] macro_top1=0.4826 top2=0.8205 top3=0.9256 vs_sbs=-1.053% vbs_closed=+30.58%
       TSP: top1=0.376 mean_cost=7.9151 (sbs=7.9578) vs_sbs=-0.54%
      CVRP: top1=0.469 mean_cost=18.2055 (sbs=18.2943) vs_sbs=-0.49%
      ATSP: top1=0.780 mean_cost=1.6347 (sbs=1.6735) vs_sbs=-2.32%
      OVRP: top1=0.347 mean_cost=7.4545 (sbs=7.4617) vs_sbs=-0.10%
      VRPB: top1=0.553 mean_cost=9.3343 (sbs=9.3403) vs_sbs=-0.06%
      VRPL: top1=0.317 mean_cost=12.4023 (sbs=12.4072) vs_sbs=-0.04%
     VRPTW: top1=0.455 mean_cost=17.8991 (sbs=18.6571) vs_sbs=-4.06%
    OVRPTW: top1=0.503 mean_cost=10.0419 (sbs=10.0484) vs_sbs=-0.06%
     OVRPB: top1=0.554 mean_cost=6.3218 (sbs=6.3220) vs_sbs=-0.00%
     OVRPL: top1=0.395 mean_cost=7.4320 (sbs=7.4376) vs_sbs=-0.08%
     VRPBL: top1=0.545 mean_cost=9.3551 (sbs=9.3593) vs_sbs=-0.04%
    VRPBTW: top1=0.426 mean_cost=19.0460 (sbs=19.6697) vs_sbs=-3.17%
    VRPLTW: top1=0.456 mean_cost=17.6244 (sbs=18.5091) vs_sbs=-4.78%
    OVRPBL: top1=0.559 mean_cost=6.3055 (sbs=6.3103) vs_sbs=-0.08%
   OVRPBTW: top1=0.524 mean_cost=10.4939 (sbs=10.5068) vs_sbs=-0.12%
   OVRPLTW: top1=0.501 mean_cost=10.1261 (sbs=10.1272) vs_sbs=-0.01%
   VRPBLTW: top1=0.430 mean_cost=18.9453 (sbs=19.5198) vs_sbs=-2.94%
  OVRPBLTW: top1=0.497 mean_cost=10.5350 (sbs=10.5412) vs_sbs=-0.06%
[train_eval epoch 27] top1=0.48886 CE=1.07802 actual_regret=0.92412%
[train epoch 28] update=180/1422 global=38574 loss=0.45892 KL=0.00771 lr=6.3e-06 samples/s=1979
[train epoch 28] update=360/1422 global=38754 loss=0.45790 KL=0.00770 lr=6.3e-06 samples/s=1977
[train epoch 28] update=540/1422 global=38934 loss=0.45665 KL=0.00772 lr=6.3e-06 samples/s=1978
[train epoch 28] update=720/1422 global=39114 loss=0.45684 KL=0.00775 lr=6.3e-06 samples/s=1980
[train epoch 28] update=900/1422 global=39294 loss=0.45611 KL=0.00773 lr=6.3e-06 samples/s=1980
[train epoch 28] update=1080/1422 global=39474 loss=0.45589 KL=0.00770 lr=6.3e-06 samples/s=1979
[train epoch 28] update=1260/1422 global=39654 loss=0.45546 KL=0.00770 lr=6.3e-06 samples/s=1978
[train epoch 28] update=1422/1422 global=39816 loss=0.45561 KL=0.00771 lr=6.3e-06 samples/s=1960
[eval epoch 28] macro_top1=0.4867 top2=0.8202 top3=0.9253 vs_sbs=-1.061% vbs_closed=+31.41%
       TSP: top1=0.371 mean_cost=7.9149 (sbs=7.9578) vs_sbs=-0.54%
      CVRP: top1=0.481 mean_cost=18.2002 (sbs=18.2943) vs_sbs=-0.51%
      ATSP: top1=0.786 mean_cost=1.6344 (sbs=1.6735) vs_sbs=-2.34%
      OVRP: top1=0.354 mean_cost=7.4537 (sbs=7.4617) vs_sbs=-0.11%
      VRPB: top1=0.552 mean_cost=9.3339 (sbs=9.3403) vs_sbs=-0.07%
      VRPL: top1=0.311 mean_cost=12.4043 (sbs=12.4072) vs_sbs=-0.02%
     VRPTW: top1=0.453 mean_cost=17.9032 (sbs=18.6571) vs_sbs=-4.04%
    OVRPTW: top1=0.512 mean_cost=10.0370 (sbs=10.0484) vs_sbs=-0.11%
     OVRPB: top1=0.567 mean_cost=6.3189 (sbs=6.3220) vs_sbs=-0.05%
     OVRPL: top1=0.402 mean_cost=7.4316 (sbs=7.4376) vs_sbs=-0.08%
     VRPBL: top1=0.545 mean_cost=9.3551 (sbs=9.3593) vs_sbs=-0.04%
    VRPBTW: top1=0.447 mean_cost=19.0347 (sbs=19.6697) vs_sbs=-3.23%
    VRPLTW: top1=0.458 mean_cost=17.6338 (sbs=18.5091) vs_sbs=-4.73%
    OVRPBL: top1=0.561 mean_cost=6.3067 (sbs=6.3103) vs_sbs=-0.06%
   OVRPBTW: top1=0.518 mean_cost=10.4932 (sbs=10.5068) vs_sbs=-0.13%
   OVRPLTW: top1=0.505 mean_cost=10.1253 (sbs=10.1272) vs_sbs=-0.02%
   VRPBLTW: top1=0.428 mean_cost=18.9467 (sbs=19.5198) vs_sbs=-2.94%
  OVRPBLTW: top1=0.510 mean_cost=10.5318 (sbs=10.5412) vs_sbs=-0.09%
[train_eval epoch 28] top1=0.48930 CE=1.07465 actual_regret=0.92221%
[schedule] validation plateau: next lr=3.1e-06
[train epoch 29] update=180/1422 global=39996 loss=0.45709 KL=0.00785 lr=3.1e-06 samples/s=1985
[train epoch 29] update=360/1422 global=40176 loss=0.45770 KL=0.00779 lr=3.1e-06 samples/s=1980
[train epoch 29] update=540/1422 global=40356 loss=0.45549 KL=0.00779 lr=3.1e-06 samples/s=1981
[train epoch 29] update=720/1422 global=40536 loss=0.45505 KL=0.00781 lr=3.1e-06 samples/s=1981
[train epoch 29] update=900/1422 global=40716 loss=0.45481 KL=0.00783 lr=3.1e-06 samples/s=1980
[train epoch 29] update=1080/1422 global=40896 loss=0.45465 KL=0.00783 lr=3.1e-06 samples/s=1981
[AMP retry] same batch, lower scale=131072.0
[train epoch 29] update=1260/1422 global=41076 loss=0.45456 KL=0.00784 lr=3.1e-06 samples/s=1978
[train epoch 29] update=1422/1422 global=41238 loss=0.45484 KL=0.00785 lr=3.1e-06 samples/s=1961
[eval epoch 29] macro_top1=0.4844 top2=0.8209 top3=0.9261 vs_sbs=-1.057% vbs_closed=+30.78%
       TSP: top1=0.383 mean_cost=7.9152 (sbs=7.9578) vs_sbs=-0.54%
      CVRP: top1=0.483 mean_cost=18.1993 (sbs=18.2943) vs_sbs=-0.52%
      ATSP: top1=0.784 mean_cost=1.6349 (sbs=1.6735) vs_sbs=-2.31%
      OVRP: top1=0.350 mean_cost=7.4541 (sbs=7.4617) vs_sbs=-0.10%
      VRPB: top1=0.550 mean_cost=9.3358 (sbs=9.3403) vs_sbs=-0.05%
      VRPL: top1=0.316 mean_cost=12.4028 (sbs=12.4072) vs_sbs=-0.04%
     VRPTW: top1=0.452 mean_cost=17.9043 (sbs=18.6571) vs_sbs=-4.03%
    OVRPTW: top1=0.501 mean_cost=10.0423 (sbs=10.0484) vs_sbs=-0.06%
     OVRPB: top1=0.554 mean_cost=6.3216 (sbs=6.3220) vs_sbs=-0.01%
     OVRPL: top1=0.389 mean_cost=7.4312 (sbs=7.4376) vs_sbs=-0.09%
     VRPBL: top1=0.543 mean_cost=9.3556 (sbs=9.3593) vs_sbs=-0.04%
    VRPBTW: top1=0.434 mean_cost=19.0382 (sbs=19.6697) vs_sbs=-3.21%
    VRPLTW: top1=0.456 mean_cost=17.6215 (sbs=18.5091) vs_sbs=-4.80%
    OVRPBL: top1=0.558 mean_cost=6.3058 (sbs=6.3103) vs_sbs=-0.07%
   OVRPBTW: top1=0.526 mean_cost=10.4920 (sbs=10.5068) vs_sbs=-0.14%
   OVRPLTW: top1=0.509 mean_cost=10.1246 (sbs=10.1272) vs_sbs=-0.03%
   VRPBLTW: top1=0.432 mean_cost=18.9407 (sbs=19.5198) vs_sbs=-2.97%
  OVRPBLTW: top1=0.499 mean_cost=10.5368 (sbs=10.5412) vs_sbs=-0.04%
[train_eval epoch 29] top1=0.49027 CE=1.07321 actual_regret=0.91588%
[train epoch 30] update=180/1422 global=41418 loss=0.45222 KL=0.00772 lr=3.1e-06 samples/s=1995
[train epoch 30] update=360/1422 global=41598 loss=0.45357 KL=0.00781 lr=3.1e-06 samples/s=1988
[train epoch 30] update=540/1422 global=41778 loss=0.45520 KL=0.00784 lr=3.1e-06 samples/s=1986
[train epoch 30] update=720/1422 global=41958 loss=0.45506 KL=0.00786 lr=3.1e-06 samples/s=1984
[train epoch 30] update=900/1422 global=42138 loss=0.45520 KL=0.00787 lr=3.1e-06 samples/s=1985
[train epoch 30] update=1080/1422 global=42318 loss=0.45497 KL=0.00789 lr=3.1e-06 samples/s=1986
[train epoch 30] update=1260/1422 global=42498 loss=0.45504 KL=0.00791 lr=3.1e-06 samples/s=1986
[train epoch 30] update=1422/1422 global=42660 loss=0.45475 KL=0.00793 lr=3.1e-06 samples/s=1968
[eval epoch 30] macro_top1=0.4849 top2=0.8211 top3=0.9255 vs_sbs=-1.057% vbs_closed=+30.77%
       TSP: top1=0.372 mean_cost=7.9144 (sbs=7.9578) vs_sbs=-0.54%
      CVRP: top1=0.481 mean_cost=18.1988 (sbs=18.2943) vs_sbs=-0.52%
      ATSP: top1=0.783 mean_cost=1.6347 (sbs=1.6735) vs_sbs=-2.32%
      OVRP: top1=0.350 mean_cost=7.4545 (sbs=7.4617) vs_sbs=-0.10%
      VRPB: top1=0.553 mean_cost=9.3351 (sbs=9.3403) vs_sbs=-0.06%
      VRPL: top1=0.316 mean_cost=12.4023 (sbs=12.4072) vs_sbs=-0.04%
     VRPTW: top1=0.454 mean_cost=17.9093 (sbs=18.6571) vs_sbs=-4.01%
    OVRPTW: top1=0.505 mean_cost=10.0417 (sbs=10.0484) vs_sbs=-0.07%
     OVRPB: top1=0.555 mean_cost=6.3218 (sbs=6.3220) vs_sbs=-0.00%
     OVRPL: top1=0.389 mean_cost=7.4320 (sbs=7.4376) vs_sbs=-0.07%
     VRPBL: top1=0.544 mean_cost=9.3557 (sbs=9.3593) vs_sbs=-0.04%
    VRPBTW: top1=0.435 mean_cost=19.0384 (sbs=19.6697) vs_sbs=-3.21%
    VRPLTW: top1=0.464 mean_cost=17.6192 (sbs=18.5091) vs_sbs=-4.81%
    OVRPBL: top1=0.562 mean_cost=6.3056 (sbs=6.3103) vs_sbs=-0.07%
   OVRPBTW: top1=0.522 mean_cost=10.4948 (sbs=10.5068) vs_sbs=-0.11%
   OVRPLTW: top1=0.510 mean_cost=10.1244 (sbs=10.1272) vs_sbs=-0.03%
   VRPBLTW: top1=0.437 mean_cost=18.9385 (sbs=19.5198) vs_sbs=-2.98%
  OVRPBLTW: top1=0.496 mean_cost=10.5369 (sbs=10.5412) vs_sbs=-0.04%
[train_eval epoch 30] top1=0.49110 CE=1.07138 actual_regret=0.91345%
[early stop] epoch=30: 8 epochs without effective cost improvement
wandb:                                                                                
wandb: 
wandb: Run history:
wandb:                                    epoch ▁▁▁▂▂▂▂▃▃▃▃▄▄▄▄▅▅▅▅▆▆▆▆▇▇▇▇███
wandb:                      gpu/peak_memory_gib ▁▁████████████████████████████
wandb:                 optimization/amp_skipped ▁▁▂▂▂▂▃▃▃▄▄▄▅▅▅▅▅▅▆▆▆▇▇▇▇█████
wandb:                          optimization/ce █▃▃▃▂▂▂▂▂▂▁▁▁▁▁▁▁▁▁▁▁▁▁▁▁▁▁▁▁▁
wandb:          optimization/consistency_weight ▁▅████████████████████████████
wandb:                          optimization/kl ▂█▅▂▂▁▁▁▁▁▁▁▁▁▁▂▂▂▂▂▂▂▂▂▂▃▃▃▃▃
wandb:                        optimization/loss █▃▂▂▂▂▂▂▂▁▁▁▁▁▁▁▁▁▁▁▁▁▁▁▁▁▁▁▁▁
wandb:                          optimization/lr ▃▆███████▄▄▄▄▄▄▃▃▃▃▂▂▂▂▂▂▁▁▁▁▁
wandb:                        optimization/pair █▃▂▂▂▂▂▂▂▁▁▁▁▁▁▁▁▁▁▁▁▁▁▁▁▁▁▁▁▁
wandb:                        optimization/risk █▂▂▂▂▁▁▁▁▁▁▁▁▁▁▁▁▁▁▁▁▁▁▁▁▁▁▁▁▁
wandb:                     optimization/samples ▁▁▁▁▁▁▁▁▁▁▁▁▁▁▁▁▁▁▁▁▁▁▁▁▁▁▁▁▁▁
wandb:                     optimization/seconds ▅▃▄▁▄▆▃▄▆▇▅▅▅▆▄▄█▅█▄▆▅▆▇▁▇▅▇▇▃
wandb:                       successful_updates ▁▁▁▂▂▂▂▃▃▃▃▄▄▄▄▅▅▅▅▆▆▆▆▇▇▇▇███
wandb:  train_eval/ATSP/macro_actual_regret_pct ▃▄█▂▄▂▂▂▂▅▂▁▂▂▃▁▂▂▂▁▁▁▁▁▁▁▁▁▁▁
wandb:                 train_eval/ATSP/macro_ce █▄▄▂▆▂▂▂▂▂▁▂▁▁▅▁▁▁▂▁▁▁▁▁▁▁▁▁▁▁
wandb:          train_eval/ATSP/macro_mean_cost ▃▄█▂▄▂▂▂▂▅▂▂▂▂▃▁▂▂▂▁▁▁▁▁▁▁▁▁▁▁
wandb:               train_eval/ATSP/macro_top1 ▂▂▃▅▁▆▆▆▅▅▇▇▇▇▁▇▇▇▆▇█▇▇▇██████
wandb:     train_eval/ATSP/macro_top1_tie_aware ▂▂▃▅▁▆▆▆▅▅▇▇▇▇▁▇▇▇▆▇█▇▇▇██████
wandb:               train_eval/ATSP/macro_top2 ▁▇▇███████████▇███████████████
wandb:               train_eval/ATSP/macro_top3 ▇▅▁▇▆▇▇▇▇▇▆▇▇▇▄▇▇█▇▇█▇▇▇▇▇▇▇▇▇
wandb: train_eval/ATSP/macro_vbs_gap_closed_pct ▆▅▁▇▅▇▇▇▇▄▇▇▇▇▆█▇▇▇███████████
wandb:      train_eval/ATSP/macro_vs_oracle_pct ▃▄█▂▄▂▂▂▂▅▂▂▂▂▃▁▂▂▂▁▁▁▁▁▁▁▁▁▁▁
wandb:         train_eval/ATSP/macro_vs_sbs_pct ▃▄█▂▄▂▂▂▂▅▂▂▂▂▃▁▂▂▂▁▁▁▁▁▁▁▁▁▁▁
wandb:  train_eval/CVRP/macro_actual_regret_pct ▃▆█▅▃▃▂▄▃▃▂▁▂▁▂▁▁▁▁▁▁▁▁▁▁▁▁▁▁▁
wandb:                 train_eval/CVRP/macro_ce ▇▅▄▃▄▄▂█▆▄▂▂▂▁▂▁▁▁▁▁▁▁▁▁▁▁▁▁▁▁
wandb:          train_eval/CVRP/macro_mean_cost ▅▆█▅▄▄▃▅▅▄▂▂▂▁▂▂▁▁▁▁▁▁▁▁▂▁▁▁▁▁
wandb:               train_eval/CVRP/macro_top1 ▁▃▃▅▄▂▆▁▂▄▇▇▇█▇█████████▇█████
wandb:     train_eval/CVRP/macro_top1_tie_aware ▁▃▃▅▄▂▆▁▂▄▇▇▇█▇█████████▇█████
wandb:               train_eval/CVRP/macro_top2 ▁▄▅▅▅▄▇▂▄▅▇▇▇█▇███████████████
wandb:               train_eval/CVRP/macro_top3 ▁▄▅▆▅▄▇▃▄▅▇▇▇█▇███████████████
wandb: train_eval/CVRP/macro_vbs_gap_closed_pct ▄▃▁▄▅▅▆▄▄▅▇▇▇█▇▇████████▇█████
wandb:      train_eval/CVRP/macro_vs_oracle_pct ▅▆█▅▄▄▃▅▅▄▂▂▂▁▂▂▁▁▁▁▁▁▁▁▂▁▁▁▁▁
wandb:         train_eval/CVRP/macro_vs_sbs_pct ▅▆█▅▄▄▃▅▅▄▂▂▂▁▂▂▁▁▁▁▁▁▁▁▂▁▁▁▁▁
wandb:  train_eval/MVRP/macro_actual_regret_pct █▃▄▃▂▂▂▂▂▂▁▁▁▁▁▁▁▁▁▁▁▁▁▁▁▁▁▁▁▁
wandb:                 train_eval/MVRP/macro_ce █▅▆▄▄▄▄▄▃▄▃▃▃▂▂▂▂▂▂▂▁▁▁▁▁▁▁▁▁▁
wandb:          train_eval/MVRP/macro_mean_cost █▃▄▂▂▂▂▂▂▂▁▁▁▁▁▁▁▁▁▁▁▁▁▁▁▁▁▁▁▁
wandb:               train_eval/MVRP/macro_top1 ▁▃▃▄▄▅▅▆▆▆▇▇▇▇▇▇▇▇▇███████████
wandb:     train_eval/MVRP/macro_top1_tie_aware ▁▃▃▄▄▅▅▆▅▆▇▇▇▇▇▇▇▇▇███████████
wandb:               train_eval/MVRP/macro_top2 ▁▅▄▆▆▆▆▆▆▆▇▇▇▇▇█▇█████████████
wandb:               train_eval/MVRP/macro_top3 ▁▅▄▆▆▇▇▇▇▆▇▇▇▇▇███████████████
wandb: train_eval/MVRP/macro_vbs_gap_closed_pct ▁▆▅▆▆▆▇▇▇▇█▇██▇███████████████
wandb:      train_eval/MVRP/macro_vs_oracle_pct █▃▄▂▂▂▂▂▂▂▁▁▁▁▁▁▁▁▁▁▁▁▁▁▁▁▁▁▁▁
wandb:         train_eval/MVRP/macro_vs_sbs_pct █▃▄▂▂▂▂▂▂▂▁▁▁▁▁▁▁▁▁▁▁▁▁▁▁▁▁▁▁▁
wandb:   train_eval/TSP/macro_actual_regret_pct █▄▄▃▂▂▃▂▂▁▁▁▁▂▁▁▁▁▁▁▁▁▁▁▁▁▁▁▁▁
wandb:                  train_eval/TSP/macro_ce █▆▄▃▃▃▄▃▃▂▂▂▃▂▂▂▁▂▁▁▁▁▁▁▁▁▁▁▁▁
wandb:           train_eval/TSP/macro_mean_cost █▄▄▃▃▂▃▂▂▁▁▂▂▂▁▁▁▁▁▁▁▁▁▁▁▁▁▁▁▁
wandb:                train_eval/TSP/macro_top1 ▁▁▅▆▄▇▅▇▅▇▇▇▄▇█▇█▇████████████
wandb:      train_eval/TSP/macro_top1_tie_aware ▁▁▅▆▅▇▆▇▅▇▇█▅▇█▇█▇████████████
wandb:                train_eval/TSP/macro_top2 ▁▃▆▆▆▇▆▇▆▇▇▇▆▇█▇█▇████████████
wandb:                train_eval/TSP/macro_top3 ▁▃▅▆▆▇▆▇▆▇▇▇▆▇█▇█▇████████████
wandb:  train_eval/TSP/macro_vbs_gap_closed_pct ▁▅▅▆▆▇▆▇▇██▇▇▇████████████████
wandb:       train_eval/TSP/macro_vs_oracle_pct █▄▄▃▃▂▃▂▂▁▁▂▂▂▁▁▁▁▁▁▁▁▁▁▁▁▁▁▁▁
wandb:          train_eval/TSP/macro_vs_sbs_pct █▄▄▃▃▂▃▂▂▁▁▂▂▂▁▁▁▁▁▁▁▁▁▁▁▁▁▁▁▁
wandb:       train_eval/macro_actual_regret_pct █▃▅▃▃▂▂▂▂▂▁▁▁▁▁▁▁▁▁▁▁▁▁▁▁▁▁▁▁▁
wandb:                      train_eval/macro_ce █▅▆▃▄▄▃▄▄▃▃▂▃▂▃▂▂▁▁▁▁▁▁▁▁▁▁▁▁▁
wandb:               train_eval/macro_mean_cost █▃▄▂▂▂▂▂▂▂▁▁▁▁▁▁▁▁▁▁▁▁▁▁▁▁▁▁▁▁
wandb:                    train_eval/macro_top1 ▁▃▃▄▄▅▅▅▅▆▇▇▇▇▆▇▇▇▇███████████
wandb:          train_eval/macro_top1_tie_aware ▁▃▃▄▄▅▅▅▅▆▇▇▇▇▆▇▇▇▇███████████
wandb:                    train_eval/macro_top2 ▁▅▄▆▆▆▆▆▆▆▇▇▇▇▇███████████████
wandb:                    train_eval/macro_top3 ▁▅▄▆▆▆▇▆▆▆▇▇▇▇▇███████████████
wandb:      train_eval/macro_vbs_gap_closed_pct ▁▆▄▆▆▆▆▆▆▇▇▇▇▇▇███████████████
wandb:           train_eval/macro_vs_oracle_pct █▃▅▃▂▂▂▂▂▂▁▁▁▁▁▁▁▁▁▁▁▁▁▁▁▁▁▁▁▁
wandb:              train_eval/macro_vs_sbs_pct █▃▅▃▂▂▂▂▂▂▁▁▁▁▁▁▁▁▁▁▁▁▁▁▁▁▁▁▁▁
wandb:         val/ATSP/macro_actual_regret_pct ▄▄█▂▄▂▂▂▂▅▂▁▂▂▄▁▂▁▂▁▁▁▁▂▁▁▁▁▁▁
wandb:                        val/ATSP/macro_ce █▃▄▂▆▂▂▂▂▂▁▁▁▁▅▁▁▁▂▁▁▁▁▁▁▁▁▁▁▁
wandb:                 val/ATSP/macro_mean_cost ▄▄█▂▄▂▂▂▂▅▂▁▂▂▄▁▂▂▂▁▁▁▁▂▁▁▁▁▁▁
wandb:                      val/ATSP/macro_top1 ▂▂▃▆▁▆▆▆▆▆▇▇▇▇▁▇▇▇▇▇█▇▇▇█▇▇███
wandb:            val/ATSP/macro_top1_tie_aware ▂▁▃▆▁▆▆▆▆▆▇▇▇▇▁▇▇▇▇▇█▇▇▇█▇▇███
wandb:                      val/ATSP/macro_top2 ▁▇▆██▇████████▇███████████████
wandb:                      val/ATSP/macro_top3 █▃▁█▄█▆▄▆▇▇█▇█▃▆▆▇▃▆▇▆▆▄▆▆▆▇▇▆
wandb:        val/ATSP/macro_vbs_gap_closed_pct ▅▅▁▇▅▇▇▇▇▄▇█▇▇▅█▇▇▇████▇██████
wandb:             val/ATSP/macro_vs_oracle_pct ▄▄█▂▄▂▂▂▂▅▂▁▂▂▄▁▂▂▂▁▁▁▁▂▁▁▁▁▁▁
wandb:                val/ATSP/macro_vs_sbs_pct ▄▄█▂▄▂▂▂▂▅▂▁▂▂▄▁▂▂▂▁▁▁▁▂▁▁▁▁▁▁
wandb:         val/CVRP/macro_actual_regret_pct ▄▅█▅▄▃▂▄▄▃▂▁▂▁▂▁▁▁▁▁▁▁▁▁▁▁▁▁▁▁
wandb:                        val/CVRP/macro_ce ▇▅▄▃▄▄▃█▆▄▂▂▂▁▂▁▁▁▁▁▁▁▁▁▁▁▁▁▁▁
wandb:                 val/CVRP/macro_mean_cost ▅▆█▅▄▅▃▆▅▄▂▂▂▁▂▁▁▁▁▁▁▁▁▁▂▁▁▁▁▁
wandb:                      val/CVRP/macro_top1 ▁▄▃▅▄▂▆▁▂▃▇▇▇█▇███████████████
wandb:            val/CVRP/macro_top1_tie_aware ▁▄▃▅▄▂▆▁▂▃▇▇▇█▇███████████████
wandb:                      val/CVRP/macro_top2 ▁▄▅▅▅▄▆▂▃▅▇▇▇█▇▇████████▇█████
wandb:                      val/CVRP/macro_top3 ▁▄▅▆▅▄▆▃▄▅▇█▇█▇███████████████
wandb:        val/CVRP/macro_vbs_gap_closed_pct ▄▃▁▄▅▄▆▃▄▅▇▇▇█▇█████████▇█████
wandb:             val/CVRP/macro_vs_oracle_pct ▅▆█▅▄▅▃▆▅▄▂▂▂▁▂▁▁▁▁▁▁▁▁▁▂▁▁▁▁▁
wandb:                val/CVRP/macro_vs_sbs_pct ▅▆█▅▄▅▃▆▅▄▂▂▂▁▂▁▁▁▁▁▁▁▁▁▂▁▁▁▁▁
wandb:         val/MVRP/macro_actual_regret_pct █▃▄▃▂▂▂▂▂▂▁▁▁▁▁▁▁▁▁▁▁▁▁▁▁▁▁▁▁▁
wandb:                        val/MVRP/macro_ce █▅▆▃▄▃▃▃▃▃▂▂▃▂▂▂▂▁▁▁▁▁▁▁▁▁▁▁▁▁
wandb:                 val/MVRP/macro_mean_cost █▃▄▂▂▂▂▂▂▂▁▁▁▁▁▁▁▁▁▁▁▁▁▁▁▁▁▁▁▁
wandb:                      val/MVRP/macro_top1 ▁▄▃▅▄▆▅▆▆▆▇▇▇▇▇▇▇▇▇▇██████████
wandb:            val/MVRP/macro_top1_tie_aware ▁▄▃▅▄▆▅▆▆▆▇▇▇▇▇▇▇▇▇▇██████████
wandb:                      val/MVRP/macro_top2 ▁▅▄▆▆▇▇▇▆▆▇▇▇▇▇█▇█████████████
wandb:                      val/MVRP/macro_top3 ▁▆▄▇▆▇▇▇▇▇▇█▇▇▇███████████████
wandb:        val/MVRP/macro_vbs_gap_closed_pct ▁▆▅▆▆▇▇▇▇▇██▇█████████████████
wandb:             val/MVRP/macro_vs_oracle_pct █▃▄▂▂▂▂▂▂▂▁▁▁▁▁▁▁▁▁▁▁▁▁▁▁▁▁▁▁▁
wandb:                val/MVRP/macro_vs_sbs_pct █▃▄▂▂▂▂▂▂▂▁▁▁▁▁▁▁▁▁▁▁▁▁▁▁▁▁▁▁▁
wandb:          val/TSP/macro_actual_regret_pct █▃▄▃▂▂▂▂▂▁▁▁▂▁▁▁▁▁▁▁▁▁▁▁▁▁▁▁▁▁
wandb:                         val/TSP/macro_ce █▆▃▂▃▂▅▃▄▂▂▂▃▂▁▂▁▂▁▂▁▁▂▂▂▁▁▁▁▁
wandb:                  val/TSP/macro_mean_cost █▃▄▂▃▂▃▂▂▁▁▁▂▁▁▁▁▁▁▁▁▁▁▁▁▁▁▁▁▁
wandb:                       val/TSP/macro_top1 ▁▂▅▆▃▆▆▆▄▇▇▇▃▇█▇█▆▇▇▇▇▇▇██▇▇█▇
wandb:             val/TSP/macro_top1_tie_aware ▁▂▅▆▃▆▆▆▄▇▇▇▃▇█▇█▆▇▇▇▇▇▇██▇▇█▇
wandb:                       val/TSP/macro_top2 ▁▃▅▇▆▇▅▇▆▇▇█▆▇▇▇█▇▇█▇▇▇██▇██▇█
wandb:                       val/TSP/macro_top3 ▁▃▅▇▅▇▆▇▆▇▇█▆█▇▇█▇▇█▇▇▇███████
wandb:         val/TSP/macro_vbs_gap_closed_pct ▁▆▅▇▆▇▆▇▇███▇█████████████████
wandb:              val/TSP/macro_vs_oracle_pct █▃▄▂▃▂▃▂▂▁▁▁▂▁▁▁▁▁▁▁▁▁▁▁▁▁▁▁▁▁
wandb:                 val/TSP/macro_vs_sbs_pct █▃▄▂▃▂▃▂▂▁▁▁▂▁▁▁▁▁▁▁▁▁▁▁▁▁▁▁▁▁
wandb:              val/macro_actual_regret_pct █▃▅▃▂▂▂▂▂▂▁▁▁▁▁▁▁▁▁▁▁▁▁▁▁▁▁▁▁▁
wandb:                             val/macro_ce █▅▆▃▄▃▃▄▃▃▂▂▂▂▃▂▁▁▁▁▁▁▁▁▁▁▁▁▁▁
wandb:                      val/macro_mean_cost █▃▄▂▂▂▂▂▂▂▁▁▁▁▁▁▁▁▁▁▁▁▁▁▁▁▁▁▁▁
wandb:                           val/macro_top1 ▁▃▃▅▄▅▅▅▅▅▇▇▇▇▇▇▇▇▇███████████
wandb:                 val/macro_top1_tie_aware ▁▃▃▅▄▅▅▅▅▆▇▇▇▇▇▇▇▇▇███████████
wandb:                           val/macro_top2 ▁▅▅▆▆▆▇▆▆▆▇▇▇█▇███████████████
wandb:                           val/macro_top3 ▁▅▄▇▆▆▇▆▆▆▇█▇█▇███████████████
wandb:             val/macro_vbs_gap_closed_pct ▁▆▄▆▆▇▆▇▆▇██▇█▇███████████████
wandb:                  val/macro_vs_oracle_pct █▃▅▂▂▂▂▂▂▂▁▁▁▁▁▁▁▁▁▁▁▁▁▁▁▁▁▁▁▁
wandb:                     val/macro_vs_sbs_pct █▃▅▂▂▂▂▂▂▂▁▁▁▁▁▁▁▁▁▁▁▁▁▁▁▁▁▁▁▁
wandb: 
wandb: Run summary:
wandb:                                    epoch 30
wandb:                      gpu/peak_memory_gib 8.85562
wandb:                 optimization/amp_skipped 16
wandb:                          optimization/ce 1.07479
wandb:          optimization/consistency_weight 0.35
wandb:                          optimization/kl 0.00793
wandb:                        optimization/loss 0.45475
wandb:                          optimization/lr 0.0
wandb:                        optimization/pair 0.48381
wandb:                        optimization/risk 1.37107
wandb:                     optimization/samples 180000
wandb:                     optimization/seconds 91.4426
wandb:                       successful_updates 42660
wandb:  train_eval/ATSP/macro_actual_regret_pct 0.35956
wandb:                 train_eval/ATSP/macro_ce 0.61232
wandb:          train_eval/ATSP/macro_mean_cost 1.64091
wandb:               train_eval/ATSP/macro_top1 0.7709
wandb:     train_eval/ATSP/macro_top1_tie_aware 0.7819
wandb:               train_eval/ATSP/macro_top2 0.9597
wandb:               train_eval/ATSP/macro_top3 0.9935
wandb: train_eval/ATSP/macro_vbs_gap_closed_pct 86.80363
wandb:      train_eval/ATSP/macro_vs_oracle_pct 0.35857
wandb:         train_eval/ATSP/macro_vs_sbs_pct -2.29624
wandb:  train_eval/CVRP/macro_actual_regret_pct 0.63882
wandb:                 train_eval/CVRP/macro_ce 1.38761
wandb:          train_eval/CVRP/macro_mean_cost 17.98593
wandb:               train_eval/CVRP/macro_top1 0.4588
wandb:     train_eval/CVRP/macro_top1_tie_aware 0.4589
wandb:               train_eval/CVRP/macro_top2 0.6784
wandb:               train_eval/CVRP/macro_top3 0.8184
wandb: train_eval/CVRP/macro_vbs_gap_closed_pct 47.0818
wandb:      train_eval/CVRP/macro_vs_oracle_pct 0.53099
wandb:         train_eval/CVRP/macro_vs_sbs_pct -0.46773
wandb:  train_eval/MVRP/macro_actual_regret_pct 0.98992
wandb:                 train_eval/MVRP/macro_ce 1.05038
wandb:          train_eval/MVRP/macro_mean_cost 11.56515
wandb:               train_eval/MVRP/macro_top1 0.48102
wandb:     train_eval/MVRP/macro_top1_tie_aware 0.48109
wandb:               train_eval/MVRP/macro_top2 0.83865
wandb:               train_eval/MVRP/macro_top3 0.94497
wandb: train_eval/MVRP/macro_vbs_gap_closed_pct 26.44548
wandb:      train_eval/MVRP/macro_vs_oracle_pct 0.9643
wandb:         train_eval/MVRP/macro_vs_sbs_pct -1.1045
wandb:   train_eval/TSP/macro_actual_regret_pct 0.59477
wandb:                  train_eval/TSP/macro_ce 1.52914
wandb:           train_eval/TSP/macro_mean_cost 8.00578
wandb:                train_eval/TSP/macro_top1 0.3948
wandb:      train_eval/TSP/macro_top1_tie_aware 0.399
wandb:                train_eval/TSP/macro_top2 0.6371
wandb:                train_eval/TSP/macro_top3 0.7785
wandb:  train_eval/TSP/macro_vbs_gap_closed_pct 47.58636
wandb:       train_eval/TSP/macro_vs_oracle_pct 0.58823
wandb:          train_eval/TSP/macro_vs_sbs_pct -0.52813
wandb:       train_eval/macro_actual_regret_pct 0.91345
wandb:                      train_eval/macro_ce 1.07138
wandb:               train_eval/macro_mean_cost 11.17277
wandb:                    train_eval/macro_top1 0.4911
wandb:          train_eval/macro_top1_tie_aware 0.49201
wandb:                    train_eval/macro_top2 0.82527
wandb:                    train_eval/macro_top3 0.93138
wandb:      train_eval/macro_vbs_gap_closed_pct 32.11967
wandb:           train_eval/macro_vs_oracle_pct 0.88568
wandb:              train_eval/macro_vs_sbs_pct -1.10331
wandb:         val/ATSP/macro_actual_regret_pct 0.30839
wandb:                        val/ATSP/macro_ce 0.58661
wandb:                 val/ATSP/macro_mean_cost 1.63466
wandb:                      val/ATSP/macro_top1 0.783
wandb:            val/ATSP/macro_top1_tie_aware 0.792
wandb:                      val/ATSP/macro_top2 0.968
wandb:                      val/ATSP/macro_top3 0.993
wandb:        val/ATSP/macro_vbs_gap_closed_pct 88.436
wandb:             val/ATSP/macro_vs_oracle_pct 0.31182
wandb:                val/ATSP/macro_vs_sbs_pct -2.32201
wandb:         val/CVRP/macro_actual_regret_pct 0.60907
wandb:                        val/CVRP/macro_ce 1.35309
wandb:                 val/CVRP/macro_mean_cost 18.1988
wandb:                      val/CVRP/macro_top1 0.481
wandb:            val/CVRP/macro_top1_tie_aware 0.481
wandb:                      val/CVRP/macro_top2 0.694
wandb:                      val/CVRP/macro_top3 0.816
wandb:        val/CVRP/macro_vbs_gap_closed_pct 51.81703
wandb:             val/CVRP/macro_vs_oracle_pct 0.49054
wandb:                val/CVRP/macro_vs_sbs_pct -0.52222
wandb:         val/MVRP/macro_actual_regret_pct 1.02251
wandb:                        val/MVRP/macro_ce 1.07177
wandb:                 val/MVRP/macro_mean_cost 11.55401
wandb:                      val/MVRP/macro_top1 0.4728
wandb:            val/MVRP/macro_top1_tie_aware 0.4728
wandb:                      val/MVRP/macro_top2 0.8344
wandb:                      val/MVRP/macro_top3 0.94007
wandb:        val/MVRP/macro_vbs_gap_closed_pct 24.29567
wandb:             val/MVRP/macro_vs_oracle_pct 0.99652
wandb:                val/MVRP/macro_vs_sbs_pct -1.04221
wandb:          val/TSP/macro_actual_regret_pct 0.56918
wandb:                         val/TSP/macro_ce 1.66246
wandb:                  val/TSP/macro_mean_cost 7.91444
wandb:                       val/TSP/macro_top1 0.372
wandb:             val/TSP/macro_top1_tie_aware 0.378
wandb:                       val/TSP/macro_top2 0.602
wandb:                       val/TSP/macro_top3 0.749
wandb:         val/TSP/macro_vbs_gap_closed_pct 49.09645
wandb:              val/TSP/macro_vs_oracle_pct 0.57132
wandb:                 val/TSP/macro_vs_sbs_pct -0.54492
wandb:              val/macro_actual_regret_pct 0.93468
wandb:                             val/macro_ce 1.09326
wandb:                      val/macro_mean_cost 11.1699
wandb:                           val/macro_top1 0.48489
wandb:                 val/macro_top1_tie_aware 0.48572
wandb:                           val/macro_top2 0.82111
wandb:                           val/macro_top3 0.9255
wandb:             val/macro_vbs_gap_closed_pct 30.76581
wandb:                  val/macro_vs_oracle_pct 0.90675
wandb:                     val/macro_vs_sbs_pct -1.0568
wandb: 
wandb: You can sync this run to the cloud by running:
wandb: wandb sync code/V4/runs/R42_relation_query/dual_stream_rdrop_seed2/wandb/offline-run-20261001_022657-wmkxehin
wandb: Find logs at: code/V4/runs/R42_relation_query/dual_stream_rdrop_seed2/wandb/offline-run-20261001_022657-wmkxehin/logs
[complete A] epochs=30 best_epoch=22 test_read=False
[cache] TSP/train: 10000 instances, 45.0 MiB on cuda:0
[cache] CVRP/train: 10000 instances, 83.3 MiB on cuda:0
[cache] ATSP/train: 10000 instances, 384.5 MiB on cuda:0
[cache] OVRP/train: 10000 instances, 33.9 MiB on cuda:0
[cache] VRPB/train: 10000 instances, 33.9 MiB on cuda:0
[cache] VRPL/train: 10000 instances, 33.9 MiB on cuda:0
[cache] VRPTW/train: 10000 instances, 33.9 MiB on cuda:0
[cache] OVRPTW/train: 10000 instances, 33.9 MiB on cuda:0
[cache] OVRPB/train: 10000 instances, 33.9 MiB on cuda:0
[cache] OVRPL/train: 10000 instances, 33.9 MiB on cuda:0
[cache] VRPBL/train: 10000 instances, 33.9 MiB on cuda:0
[cache] VRPBTW/train: 10000 instances, 33.9 MiB on cuda:0
[cache] VRPLTW/train: 10000 instances, 33.9 MiB on cuda:0
[cache] OVRPBL/train: 10000 instances, 33.9 MiB on cuda:0
[cache] OVRPBTW/train: 10000 instances, 33.9 MiB on cuda:0
[cache] OVRPLTW/train: 10000 instances, 33.9 MiB on cuda:0
[cache] VRPBLTW/train: 10000 instances, 33.9 MiB on cuda:0
[cache] OVRPBLTW/train: 10000 instances, 33.9 MiB on cuda:0
[cache] TSP/val: 1000 instances, 4.5 MiB on cuda:0
[cache] CVRP/val: 1000 instances, 8.3 MiB on cuda:0
[cache] ATSP/val: 1000 instances, 38.4 MiB on cuda:0
[cache] OVRP/val: 1000 instances, 3.4 MiB on cuda:0
[cache] VRPB/val: 1000 instances, 3.4 MiB on cuda:0
[cache] VRPL/val: 1000 instances, 3.4 MiB on cuda:0
[cache] VRPTW/val: 1000 instances, 3.4 MiB on cuda:0
[cache] OVRPTW/val: 1000 instances, 3.4 MiB on cuda:0
[cache] OVRPB/val: 1000 instances, 3.4 MiB on cuda:0
[cache] OVRPL/val: 1000 instances, 3.4 MiB on cuda:0
[cache] VRPBL/val: 1000 instances, 3.4 MiB on cuda:0
[cache] VRPBTW/val: 1000 instances, 3.4 MiB on cuda:0
[cache] VRPLTW/val: 1000 instances, 3.4 MiB on cuda:0
[cache] OVRPBL/val: 1000 instances, 3.4 MiB on cuda:0
[cache] OVRPBTW/val: 1000 instances, 3.4 MiB on cuda:0
[cache] OVRPLTW/val: 1000 instances, 3.4 MiB on cuda:0
[cache] VRPBLTW/val: 1000 instances, 3.4 MiB on cuda:0
[cache] OVRPBLTW/val: 1000 instances, 3.4 MiB on cuda:0
wandb: Tracking run with wandb version 0.19.11
wandb: W&B syncing is set to `offline` in this directory. Run `wandb online` or set WANDB_MODE=online to enable cloud syncing.
[initial val] macro_top1=0.3263 top2=0.4973 top3=0.7291 vs_sbs=+2.557% vbs_closed=-125.95%
       TSP: top1=0.116 mean_cost=7.9580 (sbs=7.9578) vs_sbs=+0.00%
      CVRP: top1=0.102 mean_cost=18.5300 (sbs=18.2943) vs_sbs=+1.29%
      ATSP: top1=0.139 mean_cost=2.3231 (sbs=1.6735) vs_sbs=+38.82%
      OVRP: top1=0.085 mean_cost=7.5915 (sbs=7.4617) vs_sbs=+1.74%
      VRPB: top1=0.504 mean_cost=9.3403 (sbs=9.3403) vs_sbs=-0.00%
      VRPL: top1=0.117 mean_cost=12.5087 (sbs=12.4072) vs_sbs=+0.82%
     VRPTW: top1=0.236 mean_cost=18.8505 (sbs=18.6571) vs_sbs=+1.04%
    OVRPTW: top1=0.476 mean_cost=10.0484 (sbs=10.0484) vs_sbs=-0.00%
     OVRPB: top1=0.545 mean_cost=6.3220 (sbs=6.3220) vs_sbs=-0.00%
     OVRPL: top1=0.068 mean_cost=7.5832 (sbs=7.4376) vs_sbs=+1.96%
     VRPBL: top1=0.528 mean_cost=9.3593 (sbs=9.3593) vs_sbs=+0.00%
    VRPBTW: top1=0.372 mean_cost=19.6697 (sbs=19.6697) vs_sbs=+0.00%
    VRPLTW: top1=0.257 mean_cost=18.5770 (sbs=18.5091) vs_sbs=+0.37%
    OVRPBL: top1=0.555 mean_cost=6.3103 (sbs=6.3103) vs_sbs=+0.00%
   OVRPBTW: top1=0.461 mean_cost=10.5068 (sbs=10.5068) vs_sbs=+0.00%
   OVRPLTW: top1=0.494 mean_cost=10.1272 (sbs=10.1272) vs_sbs=+0.00%
   VRPBLTW: top1=0.347 mean_cost=19.5198 (sbs=19.5198) vs_sbs=-0.00%
  OVRPBLTW: top1=0.471 mean_cost=10.5412 (sbs=10.5412) vs_sbs=-0.00%
[train epoch 1] update=180/1422 global=180 loss=1.12700 KL=0.00430 lr=4.2e-06 samples/s=1423
[train epoch 1] update=360/1422 global=360 loss=1.03696 KL=0.00491 lr=8.4e-06 samples/s=1437
[train epoch 1] update=540/1422 global=540 loss=0.96754 KL=0.00583 lr=1.3e-05 samples/s=1437
[train epoch 1] update=720/1422 global=720 loss=0.91050 KL=0.00675 lr=1.7e-05 samples/s=1438
[train epoch 1] update=900/1422 global=900 loss=0.85826 KL=0.00746 lr=2.1e-05 samples/s=1440
[train epoch 1] update=1080/1422 global=1080 loss=0.81894 KL=0.00796 lr=2.5e-05 samples/s=1441
[train epoch 1] update=1260/1422 global=1260 loss=0.78954 KL=0.00827 lr=3e-05 samples/s=1441
[train epoch 1] update=1422/1422 global=1422 loss=0.77020 KL=0.00846 lr=3.3e-05 samples/s=1429
[eval epoch 1] macro_top1=0.4142 top2=0.7525 top3=0.8713 vs_sbs=-0.455% vbs_closed=+3.31%
       TSP: top1=0.297 mean_cost=7.9953 (sbs=7.9578) vs_sbs=+0.47%
      CVRP: top1=0.290 mean_cost=18.4266 (sbs=18.2943) vs_sbs=+0.72%
      ATSP: top1=0.480 mean_cost=1.6735 (sbs=1.6735) vs_sbs=+0.00%
      OVRP: top1=0.326 mean_cost=7.4664 (sbs=7.4617) vs_sbs=+0.06%
      VRPB: top1=0.513 mean_cost=9.3378 (sbs=9.3403) vs_sbs=-0.03%
      VRPL: top1=0.283 mean_cost=12.4072 (sbs=12.4072) vs_sbs=+0.00%
     VRPTW: top1=0.297 mean_cost=18.1252 (sbs=18.6571) vs_sbs=-2.85%
    OVRPTW: top1=0.479 mean_cost=10.0464 (sbs=10.0484) vs_sbs=-0.02%
     OVRPB: top1=0.548 mean_cost=6.3227 (sbs=6.3220) vs_sbs=+0.01%
     OVRPL: top1=0.333 mean_cost=7.4458 (sbs=7.4376) vs_sbs=+0.11%
     VRPBL: top1=0.538 mean_cost=9.3563 (sbs=9.3593) vs_sbs=-0.03%
    VRPBTW: top1=0.407 mean_cost=19.2232 (sbs=19.6697) vs_sbs=-2.27%
    VRPLTW: top1=0.320 mean_cost=18.0028 (sbs=18.5091) vs_sbs=-2.74%
    OVRPBL: top1=0.538 mean_cost=6.3081 (sbs=6.3103) vs_sbs=-0.03%
   OVRPBTW: top1=0.460 mean_cost=10.5069 (sbs=10.5068) vs_sbs=+0.00%
   OVRPLTW: top1=0.494 mean_cost=10.1272 (sbs=10.1272) vs_sbs=+0.00%
   VRPBLTW: top1=0.382 mean_cost=19.2070 (sbs=19.5198) vs_sbs=-1.60%
  OVRPBLTW: top1=0.471 mean_cost=10.5412 (sbs=10.5412) vs_sbs=-0.00%
[train_eval epoch 1] top1=0.41223 CE=1.29367 actual_regret=1.61630%
[best] epoch=1 vs_sbs=-0.455177% top1=0.41422
[train epoch 2] update=180/1422 global=1602 loss=0.59883 KL=0.00899 lr=3.8e-05 samples/s=1441
[train epoch 2] update=360/1422 global=1782 loss=0.60393 KL=0.00851 lr=4.2e-05 samples/s=1442
[train epoch 2] update=540/1422 global=1962 loss=0.59892 KL=0.00810 lr=4.6e-05 samples/s=1443
[AMP retry] same batch, lower scale=65536.0
[train epoch 2] update=720/1422 global=2142 loss=0.59468 KL=0.00777 lr=5e-05 samples/s=1443
[train epoch 2] update=900/1422 global=2322 loss=0.59116 KL=0.00736 lr=5.4e-05 samples/s=1440
[train epoch 2] update=1080/1422 global=2502 loss=0.58837 KL=0.00703 lr=5.9e-05 samples/s=1441
[AMP retry] same batch, lower scale=32768.0
[train epoch 2] update=1260/1422 global=2682 loss=0.58832 KL=0.00669 lr=6.3e-05 samples/s=1441
[train epoch 2] update=1422/1422 global=2844 loss=0.58759 KL=0.00642 lr=6.7e-05 samples/s=1428
[eval epoch 2] macro_top1=0.4156 top2=0.7554 top3=0.8769 vs_sbs=-0.674% vbs_closed=+13.22%
       TSP: top1=0.221 mean_cost=7.9382 (sbs=7.9578) vs_sbs=-0.25%
      CVRP: top1=0.308 mean_cost=18.3520 (sbs=18.2943) vs_sbs=+0.31%
      ATSP: top1=0.487 mean_cost=1.6659 (sbs=1.6735) vs_sbs=-0.45%
      OVRP: top1=0.302 mean_cost=7.4617 (sbs=7.4617) vs_sbs=+0.00%
      VRPB: top1=0.545 mean_cost=9.3347 (sbs=9.3403) vs_sbs=-0.06%
      VRPL: top1=0.247 mean_cost=12.4202 (sbs=12.4072) vs_sbs=+0.10%
     VRPTW: top1=0.273 mean_cost=18.1655 (sbs=18.6571) vs_sbs=-2.63%
    OVRPTW: top1=0.490 mean_cost=10.0447 (sbs=10.0484) vs_sbs=-0.04%
     OVRPB: top1=0.545 mean_cost=6.3220 (sbs=6.3220) vs_sbs=-0.00%
     OVRPL: top1=0.334 mean_cost=7.4376 (sbs=7.4376) vs_sbs=+0.00%
     VRPBL: top1=0.548 mean_cost=9.3547 (sbs=9.3593) vs_sbs=-0.05%
    VRPBTW: top1=0.402 mean_cost=19.1452 (sbs=19.6697) vs_sbs=-2.67%
    VRPLTW: top1=0.360 mean_cost=17.8222 (sbs=18.5091) vs_sbs=-3.71%
    OVRPBL: top1=0.555 mean_cost=6.3103 (sbs=6.3103) vs_sbs=+0.00%
   OVRPBTW: top1=0.487 mean_cost=10.5011 (sbs=10.5068) vs_sbs=-0.05%
   OVRPLTW: top1=0.472 mean_cost=10.1302 (sbs=10.1272) vs_sbs=+0.03%
   VRPBLTW: top1=0.416 mean_cost=19.0074 (sbs=19.5198) vs_sbs=-2.62%
  OVRPBLTW: top1=0.489 mean_cost=10.5370 (sbs=10.5412) vs_sbs=-0.04%
[train_eval epoch 2] top1=0.41698 CE=1.28012 actual_regret=1.36083%
[best] epoch=2 vs_sbs=-0.673791% top1=0.41561
[train epoch 3] update=180/1422 global=3024 loss=0.57164 KL=0.00402 lr=7.1e-05 samples/s=1437
[train epoch 3] update=360/1422 global=3204 loss=0.56945 KL=0.00392 lr=7.5e-05 samples/s=1440
[train epoch 3] update=540/1422 global=3384 loss=0.56826 KL=0.00385 lr=7.9e-05 samples/s=1444
[train epoch 3] update=720/1422 global=3564 loss=0.56380 KL=0.00383 lr=8.4e-05 samples/s=1444
[train epoch 3] update=900/1422 global=3744 loss=0.56257 KL=0.00376 lr=8.8e-05 samples/s=1444
[train epoch 3] update=1080/1422 global=3924 loss=0.56328 KL=0.00369 lr=9.2e-05 samples/s=1446
[train epoch 3] update=1260/1422 global=4104 loss=0.56278 KL=0.00362 lr=9.6e-05 samples/s=1445
[train epoch 3] update=1422/1422 global=4266 loss=0.56133 KL=0.00361 lr=0.0001 samples/s=1433
[eval epoch 3] macro_top1=0.4328 top2=0.7794 top3=0.8963 vs_sbs=-0.754% vbs_closed=+12.33%
       TSP: top1=0.307 mean_cost=7.9858 (sbs=7.9578) vs_sbs=+0.35%
      CVRP: top1=0.292 mean_cost=18.3669 (sbs=18.2943) vs_sbs=+0.40%
      ATSP: top1=0.580 mean_cost=1.6526 (sbs=1.6735) vs_sbs=-1.25%
      OVRP: top1=0.336 mean_cost=7.4650 (sbs=7.4617) vs_sbs=+0.05%
      VRPB: top1=0.504 mean_cost=9.3403 (sbs=9.3403) vs_sbs=-0.00%
      VRPL: top1=0.313 mean_cost=12.4050 (sbs=12.4072) vs_sbs=-0.02%
     VRPTW: top1=0.351 mean_cost=18.0036 (sbs=18.6571) vs_sbs=-3.50%
    OVRPTW: top1=0.478 mean_cost=10.0474 (sbs=10.0484) vs_sbs=-0.01%
     OVRPB: top1=0.545 mean_cost=6.3220 (sbs=6.3220) vs_sbs=-0.00%
     OVRPL: top1=0.352 mean_cost=7.4440 (sbs=7.4376) vs_sbs=+0.09%
     VRPBL: top1=0.528 mean_cost=9.3593 (sbs=9.3593) vs_sbs=+0.00%
    VRPBTW: top1=0.414 mean_cost=19.1389 (sbs=19.6697) vs_sbs=-2.70%
    VRPLTW: top1=0.386 mean_cost=17.7292 (sbs=18.5091) vs_sbs=-4.21%
    OVRPBL: top1=0.555 mean_cost=6.3103 (sbs=6.3103) vs_sbs=+0.00%
   OVRPBTW: top1=0.463 mean_cost=10.5063 (sbs=10.5068) vs_sbs=-0.00%
   OVRPLTW: top1=0.504 mean_cost=10.1264 (sbs=10.1272) vs_sbs=-0.01%
   VRPBLTW: top1=0.411 mean_cost=18.9817 (sbs=19.5198) vs_sbs=-2.76%
  OVRPBLTW: top1=0.471 mean_cost=10.5412 (sbs=10.5412) vs_sbs=-0.00%
[train_eval epoch 3] top1=0.42924 CE=1.20990 actual_regret=1.28900%
[best] epoch=3 vs_sbs=-0.754453% top1=0.43278
[train epoch 4] update=180/1422 global=4446 loss=0.55146 KL=0.00332 lr=0.0001 samples/s=1446
[train epoch 4] update=360/1422 global=4626 loss=0.55220 KL=0.00325 lr=0.0001 samples/s=1444
[AMP retry] same batch, lower scale=32768.0
[train epoch 4] update=540/1422 global=4806 loss=0.54729 KL=0.00332 lr=0.0001 samples/s=1442
[train epoch 4] update=720/1422 global=4986 loss=0.54707 KL=0.00330 lr=0.0001 samples/s=1442
[train epoch 4] update=900/1422 global=5166 loss=0.54374 KL=0.00329 lr=0.0001 samples/s=1442
[train epoch 4] update=1080/1422 global=5346 loss=0.54273 KL=0.00328 lr=0.0001 samples/s=1443
[train epoch 4] update=1260/1422 global=5526 loss=0.54110 KL=0.00324 lr=0.0001 samples/s=1443
[train epoch 4] update=1422/1422 global=5688 loss=0.54022 KL=0.00321 lr=0.0001 samples/s=1431
[eval epoch 4] macro_top1=0.4363 top2=0.7947 top3=0.9070 vs_sbs=-0.781% vbs_closed=+13.94%
       TSP: top1=0.344 mean_cost=7.9210 (sbs=7.9578) vs_sbs=-0.46%
      CVRP: top1=0.323 mean_cost=18.3278 (sbs=18.2943) vs_sbs=+0.18%
      ATSP: top1=0.665 mean_cost=1.6401 (sbs=1.6735) vs_sbs=-2.00%
      OVRP: top1=0.310 mean_cost=7.4606 (sbs=7.4617) vs_sbs=-0.01%
      VRPB: top1=0.519 mean_cost=9.3588 (sbs=9.3403) vs_sbs=+0.20%
      VRPL: top1=0.271 mean_cost=12.4083 (sbs=12.4072) vs_sbs=+0.01%
     VRPTW: top1=0.370 mean_cost=17.9887 (sbs=18.6571) vs_sbs=-3.58%
    OVRPTW: top1=0.465 mean_cost=10.0639 (sbs=10.0484) vs_sbs=+0.15%
     OVRPB: top1=0.549 mean_cost=6.3240 (sbs=6.3220) vs_sbs=+0.03%
     OVRPL: top1=0.342 mean_cost=7.4369 (sbs=7.4376) vs_sbs=-0.01%
     VRPBL: top1=0.539 mean_cost=9.3600 (sbs=9.3593) vs_sbs=+0.01%
    VRPBTW: top1=0.397 mean_cost=19.1696 (sbs=19.6697) vs_sbs=-2.54%
    VRPLTW: top1=0.421 mean_cost=17.7756 (sbs=18.5091) vs_sbs=-3.96%
    OVRPBL: top1=0.520 mean_cost=6.3140 (sbs=6.3103) vs_sbs=+0.06%
   OVRPBTW: top1=0.477 mean_cost=10.5243 (sbs=10.5068) vs_sbs=+0.17%
   OVRPLTW: top1=0.464 mean_cost=10.1418 (sbs=10.1272) vs_sbs=+0.14%
   VRPBLTW: top1=0.414 mean_cost=19.0121 (sbs=19.5198) vs_sbs=-2.60%
  OVRPBLTW: top1=0.464 mean_cost=10.5588 (sbs=10.5412) vs_sbs=+0.17%
[train_eval epoch 4] top1=0.43598 CE=1.18672 actual_regret=1.23968%
[best] epoch=4 vs_sbs=-0.780848% top1=0.43633
[train epoch 5] update=180/1422 global=5868 loss=0.51889 KL=0.00330 lr=0.0001 samples/s=1444
[train epoch 5] update=360/1422 global=6048 loss=0.52251 KL=0.00331 lr=0.0001 samples/s=1438
[train epoch 5] update=540/1422 global=6228 loss=0.52372 KL=0.00333 lr=0.0001 samples/s=1437
[train epoch 5] update=720/1422 global=6408 loss=0.52380 KL=0.00333 lr=0.0001 samples/s=1436
[train epoch 5] update=900/1422 global=6588 loss=0.52392 KL=0.00329 lr=0.0001 samples/s=1437
[train epoch 5] update=1080/1422 global=6768 loss=0.52191 KL=0.00327 lr=0.0001 samples/s=1437
[train epoch 5] update=1260/1422 global=6948 loss=0.52221 KL=0.00326 lr=0.0001 samples/s=1436
[AMP retry] same batch, lower scale=32768.0
[train epoch 5] update=1422/1422 global=7110 loss=0.52191 KL=0.00325 lr=0.0001 samples/s=1423
[eval epoch 5] macro_top1=0.4150 top2=0.7514 top3=0.8844 vs_sbs=-0.304% vbs_closed=+5.68%
       TSP: top1=0.263 mean_cost=7.9305 (sbs=7.9578) vs_sbs=-0.34%
      CVRP: top1=0.324 mean_cost=18.3522 (sbs=18.2943) vs_sbs=+0.32%
      ATSP: top1=0.480 mean_cost=1.6735 (sbs=1.6735) vs_sbs=+0.00%
      OVRP: top1=0.326 mean_cost=7.4664 (sbs=7.4617) vs_sbs=+0.06%
      VRPB: top1=0.504 mean_cost=9.3403 (sbs=9.3403) vs_sbs=-0.00%
      VRPL: top1=0.280 mean_cost=12.4069 (sbs=12.4072) vs_sbs=-0.00%
     VRPTW: top1=0.319 mean_cost=18.3716 (sbs=18.6571) vs_sbs=-1.53%
    OVRPTW: top1=0.476 mean_cost=10.0484 (sbs=10.0484) vs_sbs=-0.00%
     OVRPB: top1=0.545 mean_cost=6.3220 (sbs=6.3220) vs_sbs=-0.00%
     OVRPL: top1=0.333 mean_cost=7.4458 (sbs=7.4376) vs_sbs=+0.11%
     VRPBL: top1=0.528 mean_cost=9.3593 (sbs=9.3593) vs_sbs=+0.00%
    VRPBTW: top1=0.417 mean_cost=19.1332 (sbs=19.6697) vs_sbs=-2.73%
    VRPLTW: top1=0.293 mean_cost=18.7650 (sbs=18.5091) vs_sbs=+1.38%
    OVRPBL: top1=0.555 mean_cost=6.3103 (sbs=6.3103) vs_sbs=+0.00%
   OVRPBTW: top1=0.461 mean_cost=10.5068 (sbs=10.5068) vs_sbs=+0.00%
   OVRPLTW: top1=0.493 mean_cost=10.1276 (sbs=10.1272) vs_sbs=+0.00%
   VRPBLTW: top1=0.402 mean_cost=18.9840 (sbs=19.5198) vs_sbs=-2.74%
  OVRPBLTW: top1=0.471 mean_cost=10.5412 (sbs=10.5412) vs_sbs=-0.00%
[train_eval epoch 5] top1=0.41456 CE=1.34853 actual_regret=1.68458%
[train epoch 6] update=180/1422 global=7290 loss=0.51658 KL=0.00310 lr=0.0001 samples/s=1443
[train epoch 6] update=360/1422 global=7470 loss=0.51973 KL=0.00307 lr=0.0001 samples/s=1443
[train epoch 6] update=540/1422 global=7650 loss=0.51998 KL=0.00312 lr=0.0001 samples/s=1443
[train epoch 6] update=720/1422 global=7830 loss=0.52000 KL=0.00315 lr=0.0001 samples/s=1444
[train epoch 6] update=900/1422 global=8010 loss=0.51982 KL=0.00313 lr=0.0001 samples/s=1444
[train epoch 6] update=1080/1422 global=8190 loss=0.51915 KL=0.00311 lr=0.0001 samples/s=1445
[train epoch 6] update=1260/1422 global=8370 loss=0.51788 KL=0.00309 lr=0.0001 samples/s=1445
[train epoch 6] update=1422/1422 global=8532 loss=0.51818 KL=0.00308 lr=0.0001 samples/s=1432
[eval epoch 6] macro_top1=0.4416 top2=0.7917 top3=0.9043 vs_sbs=-0.874% vbs_closed=+18.60%
       TSP: top1=0.336 mean_cost=7.9484 (sbs=7.9578) vs_sbs=-0.12%
      CVRP: top1=0.324 mean_cost=18.2881 (sbs=18.2943) vs_sbs=-0.03%
      ATSP: top1=0.688 mean_cost=1.6391 (sbs=1.6735) vs_sbs=-2.06%
      OVRP: top1=0.341 mean_cost=7.4637 (sbs=7.4617) vs_sbs=+0.03%
      VRPB: top1=0.501 mean_cost=9.3440 (sbs=9.3403) vs_sbs=+0.04%
      VRPL: top1=0.283 mean_cost=12.4068 (sbs=12.4072) vs_sbs=-0.00%
     VRPTW: top1=0.379 mean_cost=17.9554 (sbs=18.6571) vs_sbs=-3.76%
    OVRPTW: top1=0.481 mean_cost=10.0486 (sbs=10.0484) vs_sbs=+0.00%
     OVRPB: top1=0.550 mean_cost=6.3232 (sbs=6.3220) vs_sbs=+0.02%
     OVRPL: top1=0.346 mean_cost=7.4450 (sbs=7.4376) vs_sbs=+0.10%
     VRPBL: top1=0.534 mean_cost=9.3570 (sbs=9.3593) vs_sbs=-0.02%
    VRPBTW: top1=0.431 mean_cost=19.0887 (sbs=19.6697) vs_sbs=-2.95%
    VRPLTW: top1=0.392 mean_cost=17.7204 (sbs=18.5091) vs_sbs=-4.26%
    OVRPBL: top1=0.539 mean_cost=6.3109 (sbs=6.3103) vs_sbs=+0.01%
   OVRPBTW: top1=0.453 mean_cost=10.5097 (sbs=10.5068) vs_sbs=+0.03%
   OVRPLTW: top1=0.494 mean_cost=10.1274 (sbs=10.1272) vs_sbs=+0.00%
   VRPBLTW: top1=0.414 mean_cost=18.9787 (sbs=19.5198) vs_sbs=-2.77%
  OVRPBLTW: top1=0.463 mean_cost=10.5440 (sbs=10.5412) vs_sbs=+0.03%
[train_eval epoch 6] top1=0.44250 CE=1.18332 actual_regret=1.15140%
[best] epoch=6 vs_sbs=-0.874085% top1=0.44161
[train epoch 7] update=180/1422 global=8712 loss=0.50848 KL=0.00300 lr=0.0001 samples/s=1448
[train epoch 7] update=360/1422 global=8892 loss=0.50901 KL=0.00301 lr=0.0001 samples/s=1442
[AMP retry] same batch, lower scale=32768.0
[train epoch 7] update=540/1422 global=9072 loss=0.51211 KL=0.00294 lr=0.0001 samples/s=1442
[train epoch 7] update=720/1422 global=9252 loss=0.51292 KL=0.00294 lr=0.0001 samples/s=1440
[train epoch 7] update=900/1422 global=9432 loss=0.51213 KL=0.00294 lr=0.0001 samples/s=1440
[train epoch 7] update=1080/1422 global=9612 loss=0.51144 KL=0.00293 lr=0.0001 samples/s=1439
[train epoch 7] update=1260/1422 global=9792 loss=0.51098 KL=0.00294 lr=0.0001 samples/s=1438
[train epoch 7] update=1422/1422 global=9954 loss=0.51029 KL=0.00293 lr=0.0001 samples/s=1427
[eval epoch 7] macro_top1=0.4482 top2=0.8010 top3=0.9122 vs_sbs=-0.819% vbs_closed=+17.62%
       TSP: top1=0.358 mean_cost=7.9338 (sbs=7.9578) vs_sbs=-0.30%
      CVRP: top1=0.349 mean_cost=18.3328 (sbs=18.2943) vs_sbs=+0.21%
      ATSP: top1=0.634 mean_cost=1.6609 (sbs=1.6735) vs_sbs=-0.75%
      OVRP: top1=0.345 mean_cost=7.4565 (sbs=7.4617) vs_sbs=-0.07%
      VRPB: top1=0.504 mean_cost=9.3403 (sbs=9.3403) vs_sbs=-0.00%
      VRPL: top1=0.298 mean_cost=12.4056 (sbs=12.4072) vs_sbs=-0.01%
     VRPTW: top1=0.399 mean_cost=17.9624 (sbs=18.6571) vs_sbs=-3.72%
    OVRPTW: top1=0.477 mean_cost=10.0484 (sbs=10.0484) vs_sbs=-0.00%
     OVRPB: top1=0.545 mean_cost=6.3220 (sbs=6.3220) vs_sbs=-0.00%
     OVRPL: top1=0.357 mean_cost=7.4370 (sbs=7.4376) vs_sbs=-0.01%
     VRPBL: top1=0.528 mean_cost=9.3593 (sbs=9.3593) vs_sbs=+0.00%
    VRPBTW: top1=0.439 mean_cost=19.0839 (sbs=19.6697) vs_sbs=-2.98%
    VRPLTW: top1=0.435 mean_cost=17.7329 (sbs=18.5091) vs_sbs=-4.19%
    OVRPBL: top1=0.555 mean_cost=6.3103 (sbs=6.3103) vs_sbs=+0.00%
   OVRPBTW: top1=0.461 mean_cost=10.5068 (sbs=10.5068) vs_sbs=+0.00%
   OVRPLTW: top1=0.494 mean_cost=10.1272 (sbs=10.1272) vs_sbs=+0.00%
   VRPBLTW: top1=0.418 mean_cost=18.9535 (sbs=19.5198) vs_sbs=-2.90%
  OVRPBLTW: top1=0.471 mean_cost=10.5412 (sbs=10.5412) vs_sbs=-0.00%
[train_eval epoch 7] top1=0.44772 CE=1.18041 actual_regret=1.21356%
[train epoch 8] update=180/1422 global=10134 loss=0.51160 KL=0.00287 lr=0.0001 samples/s=1443
[train epoch 8] update=360/1422 global=10314 loss=0.50604 KL=0.00294 lr=0.0001 samples/s=1444
[train epoch 8] update=540/1422 global=10494 loss=0.50739 KL=0.00292 lr=0.0001 samples/s=1445
[train epoch 8] update=720/1422 global=10674 loss=0.50775 KL=0.00286 lr=0.0001 samples/s=1445
[train epoch 8] update=900/1422 global=10854 loss=0.50671 KL=0.00286 lr=0.0001 samples/s=1444
[train epoch 8] update=1080/1422 global=11034 loss=0.50522 KL=0.00286 lr=0.0001 samples/s=1444
[AMP retry] same batch, lower scale=32768.0
[train epoch 8] update=1260/1422 global=11214 loss=0.50577 KL=0.00284 lr=0.0001 samples/s=1443
[train epoch 8] update=1422/1422 global=11376 loss=0.50524 KL=0.00284 lr=0.0001 samples/s=1431
[eval epoch 8] macro_top1=0.4311 top2=0.7698 top3=0.9053 vs_sbs=-0.822% vbs_closed=+18.97%
       TSP: top1=0.351 mean_cost=7.9404 (sbs=7.9578) vs_sbs=-0.22%
      CVRP: top1=0.267 mean_cost=18.2869 (sbs=18.2943) vs_sbs=-0.04%
      ATSP: top1=0.507 mean_cost=1.6573 (sbs=1.6735) vs_sbs=-0.97%
      OVRP: top1=0.322 mean_cost=7.4591 (sbs=7.4617) vs_sbs=-0.03%
      VRPB: top1=0.545 mean_cost=9.3375 (sbs=9.3403) vs_sbs=-0.03%
      VRPL: top1=0.300 mean_cost=12.4047 (sbs=12.4072) vs_sbs=-0.02%
     VRPTW: top1=0.382 mean_cost=17.9547 (sbs=18.6571) vs_sbs=-3.76%
    OVRPTW: top1=0.500 mean_cost=10.0446 (sbs=10.0484) vs_sbs=-0.04%
     OVRPB: top1=0.556 mean_cost=6.3214 (sbs=6.3220) vs_sbs=-0.01%
     OVRPL: top1=0.357 mean_cost=7.4354 (sbs=7.4376) vs_sbs=-0.03%
     VRPBL: top1=0.545 mean_cost=9.3558 (sbs=9.3593) vs_sbs=-0.04%
    VRPBTW: top1=0.396 mean_cost=19.1088 (sbs=19.6697) vs_sbs=-2.85%
    VRPLTW: top1=0.379 mean_cost=17.7411 (sbs=18.5091) vs_sbs=-4.15%
    OVRPBL: top1=0.531 mean_cost=6.3077 (sbs=6.3103) vs_sbs=-0.04%
   OVRPBTW: top1=0.484 mean_cost=10.5011 (sbs=10.5068) vs_sbs=-0.05%
   OVRPLTW: top1=0.487 mean_cost=10.1277 (sbs=10.1272) vs_sbs=+0.01%
   VRPBLTW: top1=0.400 mean_cost=18.9933 (sbs=19.5198) vs_sbs=-2.70%
  OVRPBLTW: top1=0.451 mean_cost=10.5609 (sbs=10.5412) vs_sbs=+0.19%
[train_eval epoch 8] top1=0.43279 CE=1.25390 actual_regret=1.18751%
[train epoch 9] update=180/1422 global=11556 loss=0.51558 KL=0.00290 lr=0.0001 samples/s=1443
[train epoch 9] update=360/1422 global=11736 loss=0.51396 KL=0.00286 lr=0.0001 samples/s=1444
[train epoch 9] update=540/1422 global=11916 loss=0.50906 KL=0.00283 lr=0.0001 samples/s=1444
[train epoch 9] update=720/1422 global=12096 loss=0.50625 KL=0.00281 lr=0.0001 samples/s=1445
[train epoch 9] update=900/1422 global=12276 loss=0.50495 KL=0.00277 lr=0.0001 samples/s=1446
[train epoch 9] update=1080/1422 global=12456 loss=0.50401 KL=0.00275 lr=0.0001 samples/s=1447
[train epoch 9] update=1260/1422 global=12636 loss=0.50428 KL=0.00274 lr=0.0001 samples/s=1446
[train epoch 9] update=1422/1422 global=12798 loss=0.50300 KL=0.00274 lr=0.0001 samples/s=1433
[eval epoch 9] macro_top1=0.4401 top2=0.7927 top3=0.9074 vs_sbs=-0.850% vbs_closed=+16.82%
       TSP: top1=0.347 mean_cost=7.9315 (sbs=7.9578) vs_sbs=-0.33%
      CVRP: top1=0.300 mean_cost=18.3011 (sbs=18.2943) vs_sbs=+0.04%
      ATSP: top1=0.642 mean_cost=1.6416 (sbs=1.6735) vs_sbs=-1.91%
      OVRP: top1=0.320 mean_cost=7.4600 (sbs=7.4617) vs_sbs=-0.02%
      VRPB: top1=0.538 mean_cost=9.3381 (sbs=9.3403) vs_sbs=-0.02%
      VRPL: top1=0.279 mean_cost=12.4133 (sbs=12.4072) vs_sbs=+0.05%
     VRPTW: top1=0.390 mean_cost=17.9535 (sbs=18.6571) vs_sbs=-3.77%
    OVRPTW: top1=0.492 mean_cost=10.0515 (sbs=10.0484) vs_sbs=+0.03%
     OVRPB: top1=0.531 mean_cost=6.3322 (sbs=6.3220) vs_sbs=+0.16%
     OVRPL: top1=0.333 mean_cost=7.4402 (sbs=7.4376) vs_sbs=+0.04%
     VRPBL: top1=0.522 mean_cost=9.3645 (sbs=9.3593) vs_sbs=+0.06%
    VRPBTW: top1=0.430 mean_cost=19.1251 (sbs=19.6697) vs_sbs=-2.77%
    VRPLTW: top1=0.406 mean_cost=17.7134 (sbs=18.5091) vs_sbs=-4.30%
    OVRPBL: top1=0.514 mean_cost=6.3180 (sbs=6.3103) vs_sbs=+0.12%
   OVRPBTW: top1=0.488 mean_cost=10.5171 (sbs=10.5068) vs_sbs=+0.10%
   OVRPLTW: top1=0.472 mean_cost=10.1356 (sbs=10.1272) vs_sbs=+0.08%
   VRPBLTW: top1=0.422 mean_cost=18.9726 (sbs=19.5198) vs_sbs=-2.80%
  OVRPBLTW: top1=0.496 mean_cost=10.5368 (sbs=10.5412) vs_sbs=-0.04%
[train_eval epoch 9] top1=0.44193 CE=1.17440 actual_regret=1.15196%
[schedule] validation plateau: next lr=5e-05
[train epoch 10] update=180/1422 global=12978 loss=0.48573 KL=0.00277 lr=5e-05 samples/s=1438
[train epoch 10] update=360/1422 global=13158 loss=0.48530 KL=0.00281 lr=5e-05 samples/s=1439
[train epoch 10] update=540/1422 global=13338 loss=0.48394 KL=0.00288 lr=5e-05 samples/s=1436
[train epoch 10] update=720/1422 global=13518 loss=0.48449 KL=0.00287 lr=5e-05 samples/s=1437
[train epoch 10] update=900/1422 global=13698 loss=0.48398 KL=0.00289 lr=5e-05 samples/s=1438
[train epoch 10] update=1080/1422 global=13878 loss=0.48423 KL=0.00289 lr=5e-05 samples/s=1438
[AMP retry] same batch, lower scale=32768.0
[train epoch 10] update=1260/1422 global=14058 loss=0.48423 KL=0.00289 lr=5e-05 samples/s=1437
[train epoch 10] update=1422/1422 global=14220 loss=0.48428 KL=0.00289 lr=5e-05 samples/s=1426
[eval epoch 10] macro_top1=0.4641 top2=0.8047 top3=0.9141 vs_sbs=-0.983% vbs_closed=+25.54%
       TSP: top1=0.355 mean_cost=7.9195 (sbs=7.9578) vs_sbs=-0.48%
      CVRP: top1=0.386 mean_cost=18.2614 (sbs=18.2943) vs_sbs=-0.18%
      ATSP: top1=0.773 mean_cost=1.6351 (sbs=1.6735) vs_sbs=-2.30%
      OVRP: top1=0.343 mean_cost=7.4574 (sbs=7.4617) vs_sbs=-0.06%
      VRPB: top1=0.533 mean_cost=9.3362 (sbs=9.3403) vs_sbs=-0.04%
      VRPL: top1=0.300 mean_cost=12.4058 (sbs=12.4072) vs_sbs=-0.01%
     VRPTW: top1=0.413 mean_cost=17.9324 (sbs=18.6571) vs_sbs=-3.88%
    OVRPTW: top1=0.499 mean_cost=10.0453 (sbs=10.0484) vs_sbs=-0.03%
     OVRPB: top1=0.563 mean_cost=6.3180 (sbs=6.3220) vs_sbs=-0.06%
     OVRPL: top1=0.321 mean_cost=7.4439 (sbs=7.4376) vs_sbs=+0.09%
     VRPBL: top1=0.549 mean_cost=9.3552 (sbs=9.3593) vs_sbs=-0.04%
    VRPBTW: top1=0.447 mean_cost=19.0679 (sbs=19.6697) vs_sbs=-3.06%
    VRPLTW: top1=0.434 mean_cost=17.6612 (sbs=18.5091) vs_sbs=-4.58%
    OVRPBL: top1=0.554 mean_cost=6.3077 (sbs=6.3103) vs_sbs=-0.04%
   OVRPBTW: top1=0.485 mean_cost=10.5022 (sbs=10.5068) vs_sbs=-0.04%
   OVRPLTW: top1=0.482 mean_cost=10.1279 (sbs=10.1272) vs_sbs=+0.01%
   VRPBLTW: top1=0.420 mean_cost=18.9471 (sbs=19.5198) vs_sbs=-2.93%
  OVRPBLTW: top1=0.496 mean_cost=10.5373 (sbs=10.5412) vs_sbs=-0.04%
[train_eval epoch 10] top1=0.46511 CE=1.14837 actual_regret=1.03284%
[best] epoch=10 vs_sbs=-0.983227% top1=0.46406
[train epoch 11] update=180/1422 global=14400 loss=0.48191 KL=0.00281 lr=5e-05 samples/s=1447
[train epoch 11] update=360/1422 global=14580 loss=0.48191 KL=0.00284 lr=5e-05 samples/s=1448
[train epoch 11] update=540/1422 global=14760 loss=0.48383 KL=0.00284 lr=5e-05 samples/s=1446
[train epoch 11] update=720/1422 global=14940 loss=0.48244 KL=0.00287 lr=5e-05 samples/s=1447
[train epoch 11] update=900/1422 global=15120 loss=0.48271 KL=0.00289 lr=5e-05 samples/s=1446
[train epoch 11] update=1080/1422 global=15300 loss=0.48198 KL=0.00289 lr=5e-05 samples/s=1445
[AMP retry] same batch, lower scale=16384.0
[train epoch 11] update=1260/1422 global=15480 loss=0.48193 KL=0.00288 lr=5e-05 samples/s=1442
[train epoch 11] update=1422/1422 global=15642 loss=0.48195 KL=0.00288 lr=5e-05 samples/s=1430
[eval epoch 11] macro_top1=0.4674 top2=0.8072 top3=0.9158 vs_sbs=-0.987% vbs_closed=+26.06%
       TSP: top1=0.353 mean_cost=7.9178 (sbs=7.9578) vs_sbs=-0.50%
      CVRP: top1=0.381 mean_cost=18.2985 (sbs=18.2943) vs_sbs=+0.02%
      ATSP: top1=0.727 mean_cost=1.6371 (sbs=1.6735) vs_sbs=-2.18%
      OVRP: top1=0.327 mean_cost=7.4568 (sbs=7.4617) vs_sbs=-0.06%
      VRPB: top1=0.540 mean_cost=9.3349 (sbs=9.3403) vs_sbs=-0.06%
      VRPL: top1=0.316 mean_cost=12.4033 (sbs=12.4072) vs_sbs=-0.03%
     VRPTW: top1=0.436 mean_cost=17.9407 (sbs=18.6571) vs_sbs=-3.84%
    OVRPTW: top1=0.503 mean_cost=10.0431 (sbs=10.0484) vs_sbs=-0.05%
     OVRPB: top1=0.557 mean_cost=6.3183 (sbs=6.3220) vs_sbs=-0.06%
     OVRPL: top1=0.376 mean_cost=7.4341 (sbs=7.4376) vs_sbs=-0.05%
     VRPBL: top1=0.565 mean_cost=9.3525 (sbs=9.3593) vs_sbs=-0.07%
    VRPBTW: top1=0.447 mean_cost=19.0508 (sbs=19.6697) vs_sbs=-3.15%
    VRPLTW: top1=0.449 mean_cost=17.6444 (sbs=18.5091) vs_sbs=-4.67%
    OVRPBL: top1=0.552 mean_cost=6.3088 (sbs=6.3103) vs_sbs=-0.02%
   OVRPBTW: top1=0.490 mean_cost=10.4992 (sbs=10.5068) vs_sbs=-0.07%
   OVRPLTW: top1=0.480 mean_cost=10.1296 (sbs=10.1272) vs_sbs=+0.02%
   VRPBLTW: top1=0.419 mean_cost=18.9464 (sbs=19.5198) vs_sbs=-2.94%
  OVRPBLTW: top1=0.496 mean_cost=10.5349 (sbs=10.5412) vs_sbs=-0.06%
[train_eval epoch 11] top1=0.46781 CE=1.13868 actual_regret=1.03528%
[best] epoch=11 vs_sbs=-0.986991% top1=0.46744
[train epoch 12] update=180/1422 global=15822 loss=0.47767 KL=0.00284 lr=5e-05 samples/s=1440
[train epoch 12] update=360/1422 global=16002 loss=0.47752 KL=0.00286 lr=5e-05 samples/s=1442
[train epoch 12] update=540/1422 global=16182 loss=0.47787 KL=0.00287 lr=5e-05 samples/s=1442
[train epoch 12] update=720/1422 global=16362 loss=0.47867 KL=0.00288 lr=5e-05 samples/s=1441
[AMP retry] same batch, lower scale=8192.0
[train epoch 12] update=900/1422 global=16542 loss=0.47850 KL=0.00289 lr=5e-05 samples/s=1437
[train epoch 12] update=1080/1422 global=16722 loss=0.47904 KL=0.00290 lr=5e-05 samples/s=1437
[train epoch 12] update=1260/1422 global=16902 loss=0.47904 KL=0.00290 lr=5e-05 samples/s=1438
[train epoch 12] update=1422/1422 global=17064 loss=0.47915 KL=0.00291 lr=5e-05 samples/s=1426
[eval epoch 12] macro_top1=0.4674 top2=0.8118 top3=0.9212 vs_sbs=-1.006% vbs_closed=+27.40%
       TSP: top1=0.375 mean_cost=7.9232 (sbs=7.9578) vs_sbs=-0.43%
      CVRP: top1=0.448 mean_cost=18.2186 (sbs=18.2943) vs_sbs=-0.41%
      ATSP: top1=0.700 mean_cost=1.6386 (sbs=1.6735) vs_sbs=-2.09%
      OVRP: top1=0.333 mean_cost=7.4575 (sbs=7.4617) vs_sbs=-0.06%
      VRPB: top1=0.514 mean_cost=9.3399 (sbs=9.3403) vs_sbs=-0.00%
      VRPL: top1=0.305 mean_cost=12.4053 (sbs=12.4072) vs_sbs=-0.02%
     VRPTW: top1=0.431 mean_cost=17.9121 (sbs=18.6571) vs_sbs=-3.99%
    OVRPTW: top1=0.506 mean_cost=10.0406 (sbs=10.0484) vs_sbs=-0.08%
     OVRPB: top1=0.550 mean_cost=6.3195 (sbs=6.3220) vs_sbs=-0.04%
     OVRPL: top1=0.366 mean_cost=7.4371 (sbs=7.4376) vs_sbs=-0.01%
     VRPBL: top1=0.548 mean_cost=9.3544 (sbs=9.3593) vs_sbs=-0.05%
    VRPBTW: top1=0.447 mean_cost=19.0408 (sbs=19.6697) vs_sbs=-3.20%
    VRPLTW: top1=0.450 mean_cost=17.6512 (sbs=18.5091) vs_sbs=-4.64%
    OVRPBL: top1=0.547 mean_cost=6.3070 (sbs=6.3103) vs_sbs=-0.05%
   OVRPBTW: top1=0.470 mean_cost=10.5045 (sbs=10.5068) vs_sbs=-0.02%
   OVRPLTW: top1=0.500 mean_cost=10.1262 (sbs=10.1272) vs_sbs=-0.01%
   VRPBLTW: top1=0.421 mean_cost=18.9480 (sbs=19.5198) vs_sbs=-2.93%
  OVRPBLTW: top1=0.503 mean_cost=10.5316 (sbs=10.5412) vs_sbs=-0.09%
[train_eval epoch 12] top1=0.47123 CE=1.13299 actual_regret=1.00032%
[best] epoch=12 vs_sbs=-1.006421% top1=0.46744
[train epoch 13] update=180/1422 global=17244 loss=0.47846 KL=0.00287 lr=5e-05 samples/s=1443
[train epoch 13] update=360/1422 global=17424 loss=0.47807 KL=0.00289 lr=5e-05 samples/s=1445
[train epoch 13] update=540/1422 global=17604 loss=0.47706 KL=0.00293 lr=5e-05 samples/s=1445
[train epoch 13] update=720/1422 global=17784 loss=0.47684 KL=0.00290 lr=5e-05 samples/s=1444
[train epoch 13] update=900/1422 global=17964 loss=0.47681 KL=0.00291 lr=5e-05 samples/s=1444
[train epoch 13] update=1080/1422 global=18144 loss=0.47641 KL=0.00289 lr=5e-05 samples/s=1443
[train epoch 13] update=1260/1422 global=18324 loss=0.47637 KL=0.00289 lr=5e-05 samples/s=1444
[train epoch 13] update=1422/1422 global=18486 loss=0.47623 KL=0.00289 lr=5e-05 samples/s=1431
[eval epoch 13] macro_top1=0.4664 top2=0.8086 top3=0.9168 vs_sbs=-0.949% vbs_closed=+24.48%
       TSP: top1=0.334 mean_cost=7.9205 (sbs=7.9578) vs_sbs=-0.47%
      CVRP: top1=0.384 mean_cost=18.2776 (sbs=18.2943) vs_sbs=-0.09%
      ATSP: top1=0.712 mean_cost=1.6503 (sbs=1.6735) vs_sbs=-1.39%
      OVRP: top1=0.338 mean_cost=7.4576 (sbs=7.4617) vs_sbs=-0.05%
      VRPB: top1=0.543 mean_cost=9.3358 (sbs=9.3403) vs_sbs=-0.05%
      VRPL: top1=0.303 mean_cost=12.4043 (sbs=12.4072) vs_sbs=-0.02%
     VRPTW: top1=0.459 mean_cost=17.8953 (sbs=18.6571) vs_sbs=-4.08%
    OVRPTW: top1=0.497 mean_cost=10.0454 (sbs=10.0484) vs_sbs=-0.03%
     OVRPB: top1=0.562 mean_cost=6.3177 (sbs=6.3220) vs_sbs=-0.07%
     OVRPL: top1=0.359 mean_cost=7.4377 (sbs=7.4376) vs_sbs=+0.00%
     VRPBL: top1=0.558 mean_cost=9.3544 (sbs=9.3593) vs_sbs=-0.05%
    VRPBTW: top1=0.416 mean_cost=19.0855 (sbs=19.6697) vs_sbs=-2.97%
    VRPLTW: top1=0.463 mean_cost=17.6396 (sbs=18.5091) vs_sbs=-4.70%
    OVRPBL: top1=0.555 mean_cost=6.3075 (sbs=6.3103) vs_sbs=-0.04%
   OVRPBTW: top1=0.503 mean_cost=10.4976 (sbs=10.5068) vs_sbs=-0.09%
   OVRPLTW: top1=0.488 mean_cost=10.1270 (sbs=10.1272) vs_sbs=-0.00%
   VRPBLTW: top1=0.419 mean_cost=18.9526 (sbs=19.5198) vs_sbs=-2.91%
  OVRPBLTW: top1=0.502 mean_cost=10.5339 (sbs=10.5412) vs_sbs=-0.07%
[train_eval epoch 13] top1=0.46632 CE=1.15747 actual_regret=1.05824%
[AMP retry] same batch, lower scale=8192.0
[AMP retry] same batch, lower scale=4096.0
[train epoch 14] update=180/1422 global=18666 loss=0.47913 KL=0.00282 lr=5e-05 samples/s=1394
[train epoch 14] update=360/1422 global=18846 loss=0.47467 KL=0.00291 lr=5e-05 samples/s=1414
[train epoch 14] update=540/1422 global=19026 loss=0.47621 KL=0.00294 lr=5e-05 samples/s=1422
[train epoch 14] update=720/1422 global=19206 loss=0.47585 KL=0.00291 lr=5e-05 samples/s=1428
[train epoch 14] update=900/1422 global=19386 loss=0.47487 KL=0.00290 lr=5e-05 samples/s=1430
[train epoch 14] update=1080/1422 global=19566 loss=0.47552 KL=0.00290 lr=5e-05 samples/s=1432
[train epoch 14] update=1260/1422 global=19746 loss=0.47525 KL=0.00290 lr=5e-05 samples/s=1434
[train epoch 14] update=1422/1422 global=19908 loss=0.47579 KL=0.00290 lr=5e-05 samples/s=1422
[eval epoch 14] macro_top1=0.4701 top2=0.8084 top3=0.9175 vs_sbs=-0.965% vbs_closed=+25.43%
       TSP: top1=0.353 mean_cost=7.9242 (sbs=7.9578) vs_sbs=-0.42%
      CVRP: top1=0.396 mean_cost=18.2593 (sbs=18.2943) vs_sbs=-0.19%
      ATSP: top1=0.757 mean_cost=1.6395 (sbs=1.6735) vs_sbs=-2.03%
      OVRP: top1=0.355 mean_cost=7.4554 (sbs=7.4617) vs_sbs=-0.08%
      VRPB: top1=0.545 mean_cost=9.3358 (sbs=9.3403) vs_sbs=-0.05%
      VRPL: top1=0.297 mean_cost=12.4090 (sbs=12.4072) vs_sbs=+0.01%
     VRPTW: top1=0.444 mean_cost=17.9499 (sbs=18.6571) vs_sbs=-3.79%
    OVRPTW: top1=0.484 mean_cost=10.0475 (sbs=10.0484) vs_sbs=-0.01%
     OVRPB: top1=0.568 mean_cost=6.3181 (sbs=6.3220) vs_sbs=-0.06%
     OVRPL: top1=0.376 mean_cost=7.4352 (sbs=7.4376) vs_sbs=-0.03%
     VRPBL: top1=0.557 mean_cost=9.3509 (sbs=9.3593) vs_sbs=-0.09%
    VRPBTW: top1=0.404 mean_cost=19.0801 (sbs=19.6697) vs_sbs=-3.00%
    VRPLTW: top1=0.470 mean_cost=17.6417 (sbs=18.5091) vs_sbs=-4.69%
    OVRPBL: top1=0.543 mean_cost=6.3080 (sbs=6.3103) vs_sbs=-0.04%
   OVRPBTW: top1=0.498 mean_cost=10.4995 (sbs=10.5068) vs_sbs=-0.07%
   OVRPLTW: top1=0.491 mean_cost=10.1305 (sbs=10.1272) vs_sbs=+0.03%
   VRPBLTW: top1=0.426 mean_cost=18.9702 (sbs=19.5198) vs_sbs=-2.82%
  OVRPBLTW: top1=0.497 mean_cost=10.5364 (sbs=10.5412) vs_sbs=-0.05%
[train_eval epoch 14] top1=0.47114 CE=1.13371 actual_regret=1.02476%
[train epoch 15] update=180/1422 global=20088 loss=0.47234 KL=0.00291 lr=5e-05 samples/s=1444
[train epoch 15] update=360/1422 global=20268 loss=0.47227 KL=0.00292 lr=5e-05 samples/s=1443
[train epoch 15] update=540/1422 global=20448 loss=0.47305 KL=0.00287 lr=5e-05 samples/s=1444
[train epoch 15] update=720/1422 global=20628 loss=0.47296 KL=0.00287 lr=5e-05 samples/s=1443
[AMP retry] same batch, lower scale=4096.0
[train epoch 15] update=900/1422 global=20808 loss=0.47341 KL=0.00287 lr=5e-05 samples/s=1439
[train epoch 15] update=1080/1422 global=20988 loss=0.47433 KL=0.00286 lr=5e-05 samples/s=1440
[train epoch 15] update=1260/1422 global=21168 loss=0.47436 KL=0.00287 lr=5e-05 samples/s=1441
[train epoch 15] update=1422/1422 global=21330 loss=0.47479 KL=0.00286 lr=5e-05 samples/s=1428
[eval epoch 15] macro_top1=0.4747 top2=0.8133 top3=0.9209 vs_sbs=-1.024% vbs_closed=+28.75%
       TSP: top1=0.377 mean_cost=7.9166 (sbs=7.9578) vs_sbs=-0.52%
      CVRP: top1=0.476 mean_cost=18.2026 (sbs=18.2943) vs_sbs=-0.50%
      ATSP: top1=0.723 mean_cost=1.6371 (sbs=1.6735) vs_sbs=-2.17%
      OVRP: top1=0.358 mean_cost=7.4545 (sbs=7.4617) vs_sbs=-0.10%
      VRPB: top1=0.545 mean_cost=9.3361 (sbs=9.3403) vs_sbs=-0.04%
      VRPL: top1=0.312 mean_cost=12.4056 (sbs=12.4072) vs_sbs=-0.01%
     VRPTW: top1=0.420 mean_cost=17.9116 (sbs=18.6571) vs_sbs=-4.00%
    OVRPTW: top1=0.489 mean_cost=10.0472 (sbs=10.0484) vs_sbs=-0.01%
     OVRPB: top1=0.562 mean_cost=6.3201 (sbs=6.3220) vs_sbs=-0.03%
     OVRPL: top1=0.375 mean_cost=7.4371 (sbs=7.4376) vs_sbs=-0.01%
     VRPBL: top1=0.560 mean_cost=9.3514 (sbs=9.3593) vs_sbs=-0.08%
    VRPBTW: top1=0.444 mean_cost=19.0399 (sbs=19.6697) vs_sbs=-3.20%
    VRPLTW: top1=0.448 mean_cost=17.6452 (sbs=18.5091) vs_sbs=-4.67%
    OVRPBL: top1=0.540 mean_cost=6.3069 (sbs=6.3103) vs_sbs=-0.05%
   OVRPBTW: top1=0.505 mean_cost=10.4985 (sbs=10.5068) vs_sbs=-0.08%
   OVRPLTW: top1=0.483 mean_cost=10.1315 (sbs=10.1272) vs_sbs=+0.04%
   VRPBLTW: top1=0.430 mean_cost=18.9543 (sbs=19.5198) vs_sbs=-2.90%
  OVRPBLTW: top1=0.498 mean_cost=10.5310 (sbs=10.5412) vs_sbs=-0.10%
[train_eval epoch 15] top1=0.47406 CE=1.12704 actual_regret=0.97774%
[best] epoch=15 vs_sbs=-1.023747% top1=0.47472
[train epoch 16] update=180/1422 global=21510 loss=0.47358 KL=0.00296 lr=5e-05 samples/s=1436
[train epoch 16] update=360/1422 global=21690 loss=0.47323 KL=0.00290 lr=5e-05 samples/s=1439
[train epoch 16] update=540/1422 global=21870 loss=0.47350 KL=0.00288 lr=5e-05 samples/s=1438
[train epoch 16] update=720/1422 global=22050 loss=0.47359 KL=0.00286 lr=5e-05 samples/s=1439
[train epoch 16] update=900/1422 global=22230 loss=0.47455 KL=0.00285 lr=5e-05 samples/s=1440
[train epoch 16] update=1080/1422 global=22410 loss=0.47434 KL=0.00283 lr=5e-05 samples/s=1440
[train epoch 16] update=1260/1422 global=22590 loss=0.47373 KL=0.00283 lr=5e-05 samples/s=1439
[train epoch 16] update=1422/1422 global=22752 loss=0.47342 KL=0.00284 lr=5e-05 samples/s=1427
[eval epoch 16] macro_top1=0.4729 top2=0.8097 top3=0.9200 vs_sbs=-1.012% vbs_closed=+27.86%
       TSP: top1=0.345 mean_cost=7.9188 (sbs=7.9578) vs_sbs=-0.49%
      CVRP: top1=0.445 mean_cost=18.2346 (sbs=18.2943) vs_sbs=-0.33%
      ATSP: top1=0.774 mean_cost=1.6357 (sbs=1.6735) vs_sbs=-2.26%
      OVRP: top1=0.354 mean_cost=7.4566 (sbs=7.4617) vs_sbs=-0.07%
      VRPB: top1=0.529 mean_cost=9.3374 (sbs=9.3403) vs_sbs=-0.03%
      VRPL: top1=0.296 mean_cost=12.4062 (sbs=12.4072) vs_sbs=-0.01%
     VRPTW: top1=0.426 mean_cost=17.9244 (sbs=18.6571) vs_sbs=-3.93%
    OVRPTW: top1=0.496 mean_cost=10.0431 (sbs=10.0484) vs_sbs=-0.05%
     OVRPB: top1=0.556 mean_cost=6.3199 (sbs=6.3220) vs_sbs=-0.03%
     OVRPL: top1=0.379 mean_cost=7.4342 (sbs=7.4376) vs_sbs=-0.05%
     VRPBL: top1=0.565 mean_cost=9.3525 (sbs=9.3593) vs_sbs=-0.07%
    VRPBTW: top1=0.452 mean_cost=19.0424 (sbs=19.6697) vs_sbs=-3.19%
    VRPLTW: top1=0.446 mean_cost=17.6490 (sbs=18.5091) vs_sbs=-4.65%
    OVRPBL: top1=0.558 mean_cost=6.3069 (sbs=6.3103) vs_sbs=-0.05%
   OVRPBTW: top1=0.475 mean_cost=10.5042 (sbs=10.5068) vs_sbs=-0.02%
   OVRPLTW: top1=0.499 mean_cost=10.1255 (sbs=10.1272) vs_sbs=-0.02%
   VRPBLTW: top1=0.422 mean_cost=18.9550 (sbs=19.5198) vs_sbs=-2.89%
  OVRPBLTW: top1=0.495 mean_cost=10.5335 (sbs=10.5412) vs_sbs=-0.07%
[train_eval epoch 16] top1=0.47122 CE=1.12320 actual_regret=0.99075%
[train epoch 17] update=180/1422 global=22932 loss=0.47118 KL=0.00280 lr=5e-05 samples/s=1435
[AMP retry] same batch, lower scale=4096.0
[train epoch 17] update=360/1422 global=23112 loss=0.47216 KL=0.00283 lr=5e-05 samples/s=1425
[train epoch 17] update=540/1422 global=23292 loss=0.47126 KL=0.00283 lr=5e-05 samples/s=1429
[train epoch 17] update=720/1422 global=23472 loss=0.47164 KL=0.00282 lr=5e-05 samples/s=1430
[train epoch 17] update=900/1422 global=23652 loss=0.47171 KL=0.00280 lr=5e-05 samples/s=1430
[train epoch 17] update=1080/1422 global=23832 loss=0.47185 KL=0.00281 lr=5e-05 samples/s=1431
[train epoch 17] update=1260/1422 global=24012 loss=0.47205 KL=0.00281 lr=5e-05 samples/s=1432
[train epoch 17] update=1422/1422 global=24174 loss=0.47215 KL=0.00280 lr=5e-05 samples/s=1421
[eval epoch 17] macro_top1=0.4638 top2=0.8033 top3=0.9202 vs_sbs=-0.805% vbs_closed=+22.54%
       TSP: top1=0.377 mean_cost=7.9142 (sbs=7.9578) vs_sbs=-0.55%
      CVRP: top1=0.466 mean_cost=18.2079 (sbs=18.2943) vs_sbs=-0.47%
      ATSP: top1=0.680 mean_cost=1.6545 (sbs=1.6735) vs_sbs=-1.13%
      OVRP: top1=0.320 mean_cost=7.4614 (sbs=7.4617) vs_sbs=-0.00%
      VRPB: top1=0.550 mean_cost=9.3351 (sbs=9.3403) vs_sbs=-0.05%
      VRPL: top1=0.309 mean_cost=12.4067 (sbs=12.4072) vs_sbs=-0.00%
     VRPTW: top1=0.399 mean_cost=18.1121 (sbs=18.6571) vs_sbs=-2.92%
    OVRPTW: top1=0.482 mean_cost=10.0512 (sbs=10.0484) vs_sbs=+0.03%
     OVRPB: top1=0.563 mean_cost=6.3206 (sbs=6.3220) vs_sbs=-0.02%
     OVRPL: top1=0.338 mean_cost=7.4405 (sbs=7.4376) vs_sbs=+0.04%
     VRPBL: top1=0.554 mean_cost=9.3537 (sbs=9.3593) vs_sbs=-0.06%
    VRPBTW: top1=0.425 mean_cost=19.0558 (sbs=19.6697) vs_sbs=-3.12%
    VRPLTW: top1=0.415 mean_cost=17.9310 (sbs=18.5091) vs_sbs=-3.12%
    OVRPBL: top1=0.545 mean_cost=6.3062 (sbs=6.3103) vs_sbs=-0.06%
   OVRPBTW: top1=0.506 mean_cost=10.4969 (sbs=10.5068) vs_sbs=-0.09%
   OVRPLTW: top1=0.489 mean_cost=10.1277 (sbs=10.1272) vs_sbs=+0.00%
   VRPBLTW: top1=0.433 mean_cost=18.9525 (sbs=19.5198) vs_sbs=-2.91%
  OVRPBLTW: top1=0.497 mean_cost=10.5370 (sbs=10.5412) vs_sbs=-0.04%
[train_eval epoch 17] top1=0.46593 CE=1.13994 actual_regret=1.18495%
[train epoch 18] update=180/1422 global=24354 loss=0.47097 KL=0.00276 lr=5e-05 samples/s=1436
[train epoch 18] update=360/1422 global=24534 loss=0.47177 KL=0.00279 lr=5e-05 samples/s=1437
[train epoch 18] update=540/1422 global=24714 loss=0.47296 KL=0.00278 lr=5e-05 samples/s=1440
[train epoch 18] update=720/1422 global=24894 loss=0.47259 KL=0.00280 lr=5e-05 samples/s=1442
[train epoch 18] update=900/1422 global=25074 loss=0.47155 KL=0.00281 lr=5e-05 samples/s=1441
[train epoch 18] update=1080/1422 global=25254 loss=0.47162 KL=0.00282 lr=5e-05 samples/s=1442
[train epoch 18] update=1260/1422 global=25434 loss=0.47126 KL=0.00281 lr=5e-05 samples/s=1442
[AMP retry] same batch, lower scale=4096.0
[train epoch 18] update=1422/1422 global=25596 loss=0.47126 KL=0.00281 lr=5e-05 samples/s=1427
[eval epoch 18] macro_top1=0.4680 top2=0.8068 top3=0.9213 vs_sbs=-0.995% vbs_closed=+27.91%
       TSP: top1=0.341 mean_cost=7.9249 (sbs=7.9578) vs_sbs=-0.41%
      CVRP: top1=0.471 mean_cost=18.2102 (sbs=18.2943) vs_sbs=-0.46%
      ATSP: top1=0.760 mean_cost=1.6359 (sbs=1.6735) vs_sbs=-2.25%
      OVRP: top1=0.325 mean_cost=7.4557 (sbs=7.4617) vs_sbs=-0.08%
      VRPB: top1=0.549 mean_cost=9.3338 (sbs=9.3403) vs_sbs=-0.07%
      VRPL: top1=0.291 mean_cost=12.4092 (sbs=12.4072) vs_sbs=+0.02%
     VRPTW: top1=0.436 mean_cost=17.9153 (sbs=18.6571) vs_sbs=-3.98%
    OVRPTW: top1=0.499 mean_cost=10.0446 (sbs=10.0484) vs_sbs=-0.04%
     OVRPB: top1=0.567 mean_cost=6.3177 (sbs=6.3220) vs_sbs=-0.07%
     OVRPL: top1=0.350 mean_cost=7.4358 (sbs=7.4376) vs_sbs=-0.02%
     VRPBL: top1=0.547 mean_cost=9.3530 (sbs=9.3593) vs_sbs=-0.07%
    VRPBTW: top1=0.405 mean_cost=19.0820 (sbs=19.6697) vs_sbs=-2.99%
    VRPLTW: top1=0.425 mean_cost=17.6617 (sbs=18.5091) vs_sbs=-4.58%
    OVRPBL: top1=0.546 mean_cost=6.3076 (sbs=6.3103) vs_sbs=-0.04%
   OVRPBTW: top1=0.519 mean_cost=10.4948 (sbs=10.5068) vs_sbs=-0.11%
   OVRPLTW: top1=0.488 mean_cost=10.1262 (sbs=10.1272) vs_sbs=-0.01%
   VRPBLTW: top1=0.401 mean_cost=18.9902 (sbs=19.5198) vs_sbs=-2.71%
  OVRPBLTW: top1=0.504 mean_cost=10.5366 (sbs=10.5412) vs_sbs=-0.04%
[train_eval epoch 18] top1=0.47085 CE=1.12249 actual_regret=0.99006%
[schedule] validation plateau: next lr=2.5e-05
[train epoch 19] update=180/1422 global=25776 loss=0.46660 KL=0.00280 lr=2.5e-05 samples/s=1428
[train epoch 19] update=360/1422 global=25956 loss=0.46618 KL=0.00287 lr=2.5e-05 samples/s=1435
[train epoch 19] update=540/1422 global=26136 loss=0.46593 KL=0.00287 lr=2.5e-05 samples/s=1434
[train epoch 19] update=720/1422 global=26316 loss=0.46565 KL=0.00289 lr=2.5e-05 samples/s=1434
[train epoch 19] update=900/1422 global=26496 loss=0.46540 KL=0.00290 lr=2.5e-05 samples/s=1434
[train epoch 19] update=1080/1422 global=26676 loss=0.46499 KL=0.00292 lr=2.5e-05 samples/s=1435
[train epoch 19] update=1260/1422 global=26856 loss=0.46463 KL=0.00293 lr=2.5e-05 samples/s=1436
[train epoch 19] update=1422/1422 global=27018 loss=0.46456 KL=0.00293 lr=2.5e-05 samples/s=1424
[eval epoch 19] macro_top1=0.4770 top2=0.8146 top3=0.9252 vs_sbs=-0.998% vbs_closed=+28.13%
       TSP: top1=0.367 mean_cost=7.9165 (sbs=7.9578) vs_sbs=-0.52%
      CVRP: top1=0.469 mean_cost=18.2056 (sbs=18.2943) vs_sbs=-0.48%
      ATSP: top1=0.763 mean_cost=1.6354 (sbs=1.6735) vs_sbs=-2.28%
      OVRP: top1=0.371 mean_cost=7.4544 (sbs=7.4617) vs_sbs=-0.10%
      VRPB: top1=0.546 mean_cost=9.3362 (sbs=9.3403) vs_sbs=-0.04%
      VRPL: top1=0.313 mean_cost=12.4060 (sbs=12.4072) vs_sbs=-0.01%
     VRPTW: top1=0.424 mean_cost=17.9122 (sbs=18.6571) vs_sbs=-3.99%
    OVRPTW: top1=0.492 mean_cost=10.0470 (sbs=10.0484) vs_sbs=-0.01%
     OVRPB: top1=0.560 mean_cost=6.3201 (sbs=6.3220) vs_sbs=-0.03%
     OVRPL: top1=0.390 mean_cost=7.4348 (sbs=7.4376) vs_sbs=-0.04%
     VRPBL: top1=0.553 mean_cost=9.3537 (sbs=9.3593) vs_sbs=-0.06%
    VRPBTW: top1=0.429 mean_cost=19.0596 (sbs=19.6697) vs_sbs=-3.10%
    VRPLTW: top1=0.459 mean_cost=17.7156 (sbs=18.5091) vs_sbs=-4.29%
    OVRPBL: top1=0.546 mean_cost=6.3059 (sbs=6.3103) vs_sbs=-0.07%
   OVRPBTW: top1=0.494 mean_cost=10.5036 (sbs=10.5068) vs_sbs=-0.03%
   OVRPLTW: top1=0.481 mean_cost=10.1293 (sbs=10.1272) vs_sbs=+0.02%
   VRPBLTW: top1=0.431 mean_cost=18.9511 (sbs=19.5198) vs_sbs=-2.91%
  OVRPBLTW: top1=0.498 mean_cost=10.5387 (sbs=10.5412) vs_sbs=-0.02%
[train_eval epoch 19] top1=0.48117 CE=1.10019 actual_regret=0.98006%
[train epoch 20] update=180/1422 global=27198 loss=0.46286 KL=0.00300 lr=2.5e-05 samples/s=1447
[train epoch 20] update=360/1422 global=27378 loss=0.46376 KL=0.00299 lr=2.5e-05 samples/s=1443
[train epoch 20] update=540/1422 global=27558 loss=0.46448 KL=0.00298 lr=2.5e-05 samples/s=1442
[train epoch 20] update=720/1422 global=27738 loss=0.46358 KL=0.00301 lr=2.5e-05 samples/s=1442
[train epoch 20] update=900/1422 global=27918 loss=0.46355 KL=0.00301 lr=2.5e-05 samples/s=1443
[train epoch 20] update=1080/1422 global=28098 loss=0.46387 KL=0.00302 lr=2.5e-05 samples/s=1444
[train epoch 20] update=1260/1422 global=28278 loss=0.46407 KL=0.00302 lr=2.5e-05 samples/s=1444
[train epoch 20] update=1422/1422 global=28440 loss=0.46390 KL=0.00303 lr=2.5e-05 samples/s=1431
[eval epoch 20] macro_top1=0.4759 top2=0.8117 top3=0.9231 vs_sbs=-1.007% vbs_closed=+28.09%
       TSP: top1=0.370 mean_cost=7.9166 (sbs=7.9578) vs_sbs=-0.52%
      CVRP: top1=0.468 mean_cost=18.2137 (sbs=18.2943) vs_sbs=-0.44%
      ATSP: top1=0.773 mean_cost=1.6350 (sbs=1.6735) vs_sbs=-2.30%
      OVRP: top1=0.352 mean_cost=7.4591 (sbs=7.4617) vs_sbs=-0.03%
      VRPB: top1=0.548 mean_cost=9.3344 (sbs=9.3403) vs_sbs=-0.06%
      VRPL: top1=0.300 mean_cost=12.4053 (sbs=12.4072) vs_sbs=-0.02%
     VRPTW: top1=0.453 mean_cost=17.9054 (sbs=18.6571) vs_sbs=-4.03%
    OVRPTW: top1=0.503 mean_cost=10.0445 (sbs=10.0484) vs_sbs=-0.04%
     OVRPB: top1=0.566 mean_cost=6.3172 (sbs=6.3220) vs_sbs=-0.08%
     OVRPL: top1=0.351 mean_cost=7.4396 (sbs=7.4376) vs_sbs=+0.03%
     VRPBL: top1=0.553 mean_cost=9.3546 (sbs=9.3593) vs_sbs=-0.05%
    VRPBTW: top1=0.400 mean_cost=19.0799 (sbs=19.6697) vs_sbs=-3.00%
    VRPLTW: top1=0.453 mean_cost=17.6564 (sbs=18.5091) vs_sbs=-4.61%
    OVRPBL: top1=0.557 mean_cost=6.3070 (sbs=6.3103) vs_sbs=-0.05%
   OVRPBTW: top1=0.512 mean_cost=10.4980 (sbs=10.5068) vs_sbs=-0.08%
   OVRPLTW: top1=0.492 mean_cost=10.1266 (sbs=10.1272) vs_sbs=-0.01%
   VRPBLTW: top1=0.411 mean_cost=18.9734 (sbs=19.5198) vs_sbs=-2.80%
  OVRPBLTW: top1=0.505 mean_cost=10.5363 (sbs=10.5412) vs_sbs=-0.05%
[train_eval epoch 20] top1=0.47974 CE=1.11513 actual_regret=0.97356%
[train epoch 21] update=180/1422 global=28620 loss=0.46328 KL=0.00297 lr=2.5e-05 samples/s=1435
[train epoch 21] update=360/1422 global=28800 loss=0.46313 KL=0.00306 lr=2.5e-05 samples/s=1439
[train epoch 21] update=540/1422 global=28980 loss=0.46403 KL=0.00304 lr=2.5e-05 samples/s=1438
[train epoch 21] update=720/1422 global=29160 loss=0.46359 KL=0.00302 lr=2.5e-05 samples/s=1440
[train epoch 21] update=900/1422 global=29340 loss=0.46277 KL=0.00303 lr=2.5e-05 samples/s=1440
[train epoch 21] update=1080/1422 global=29520 loss=0.46253 KL=0.00303 lr=2.5e-05 samples/s=1440
[train epoch 21] update=1260/1422 global=29700 loss=0.46334 KL=0.00305 lr=2.5e-05 samples/s=1441
[train epoch 21] update=1422/1422 global=29862 loss=0.46350 KL=0.00306 lr=2.5e-05 samples/s=1428
[eval epoch 21] macro_top1=0.4755 top2=0.8104 top3=0.9211 vs_sbs=-1.012% vbs_closed=+28.62%
       TSP: top1=0.362 mean_cost=7.9167 (sbs=7.9578) vs_sbs=-0.52%
      CVRP: top1=0.474 mean_cost=18.2117 (sbs=18.2943) vs_sbs=-0.45%
      ATSP: top1=0.749 mean_cost=1.6360 (sbs=1.6735) vs_sbs=-2.24%
      OVRP: top1=0.362 mean_cost=7.4554 (sbs=7.4617) vs_sbs=-0.08%
      VRPB: top1=0.544 mean_cost=9.3344 (sbs=9.3403) vs_sbs=-0.06%
      VRPL: top1=0.299 mean_cost=12.4050 (sbs=12.4072) vs_sbs=-0.02%
     VRPTW: top1=0.440 mean_cost=17.9273 (sbs=18.6571) vs_sbs=-3.91%
    OVRPTW: top1=0.488 mean_cost=10.0472 (sbs=10.0484) vs_sbs=-0.01%
     OVRPB: top1=0.568 mean_cost=6.3177 (sbs=6.3220) vs_sbs=-0.07%
     OVRPL: top1=0.372 mean_cost=7.4368 (sbs=7.4376) vs_sbs=-0.01%
     VRPBL: top1=0.566 mean_cost=9.3520 (sbs=9.3593) vs_sbs=-0.08%
    VRPBTW: top1=0.427 mean_cost=19.0670 (sbs=19.6697) vs_sbs=-3.06%
    VRPLTW: top1=0.458 mean_cost=17.6453 (sbs=18.5091) vs_sbs=-4.67%
    OVRPBL: top1=0.550 mean_cost=6.3070 (sbs=6.3103) vs_sbs=-0.05%
   OVRPBTW: top1=0.502 mean_cost=10.4993 (sbs=10.5068) vs_sbs=-0.07%
   OVRPLTW: top1=0.486 mean_cost=10.1283 (sbs=10.1272) vs_sbs=+0.01%
   VRPBLTW: top1=0.421 mean_cost=18.9647 (sbs=19.5198) vs_sbs=-2.84%
  OVRPBLTW: top1=0.491 mean_cost=10.5342 (sbs=10.5412) vs_sbs=-0.07%
[train_eval epoch 21] top1=0.47811 CE=1.10767 actual_regret=0.97973%
[schedule] validation plateau: next lr=1.3e-05
[train epoch 22] update=180/1422 global=30042 loss=0.46323 KL=0.00302 lr=1.3e-05 samples/s=1437
[train epoch 22] update=360/1422 global=30222 loss=0.46271 KL=0.00307 lr=1.3e-05 samples/s=1436
[train epoch 22] update=540/1422 global=30402 loss=0.46194 KL=0.00303 lr=1.3e-05 samples/s=1436
[train epoch 22] update=720/1422 global=30582 loss=0.46101 KL=0.00305 lr=1.3e-05 samples/s=1437
[train epoch 22] update=900/1422 global=30762 loss=0.46052 KL=0.00306 lr=1.3e-05 samples/s=1436
[train epoch 22] update=1080/1422 global=30942 loss=0.46031 KL=0.00307 lr=1.3e-05 samples/s=1437
[train epoch 22] update=1260/1422 global=31122 loss=0.46015 KL=0.00309 lr=1.3e-05 samples/s=1437
[train epoch 22] update=1422/1422 global=31284 loss=0.46043 KL=0.00310 lr=1.3e-05 samples/s=1425
[eval epoch 22] macro_top1=0.4803 top2=0.8164 top3=0.9243 vs_sbs=-1.036% vbs_closed=+29.34%
       TSP: top1=0.366 mean_cost=7.9166 (sbs=7.9578) vs_sbs=-0.52%
      CVRP: top1=0.472 mean_cost=18.2094 (sbs=18.2943) vs_sbs=-0.46%
      ATSP: top1=0.749 mean_cost=1.6360 (sbs=1.6735) vs_sbs=-2.24%
      OVRP: top1=0.381 mean_cost=7.4531 (sbs=7.4617) vs_sbs=-0.11%
      VRPB: top1=0.548 mean_cost=9.3352 (sbs=9.3403) vs_sbs=-0.05%
      VRPL: top1=0.304 mean_cost=12.4061 (sbs=12.4072) vs_sbs=-0.01%
     VRPTW: top1=0.455 mean_cost=17.9004 (sbs=18.6571) vs_sbs=-4.06%
    OVRPTW: top1=0.497 mean_cost=10.0490 (sbs=10.0484) vs_sbs=+0.01%
     OVRPB: top1=0.565 mean_cost=6.3176 (sbs=6.3220) vs_sbs=-0.07%
     OVRPL: top1=0.381 mean_cost=7.4347 (sbs=7.4376) vs_sbs=-0.04%
     VRPBL: top1=0.554 mean_cost=9.3544 (sbs=9.3593) vs_sbs=-0.05%
    VRPBTW: top1=0.413 mean_cost=19.0546 (sbs=19.6697) vs_sbs=-3.13%
    VRPLTW: top1=0.454 mean_cost=17.6334 (sbs=18.5091) vs_sbs=-4.73%
    OVRPBL: top1=0.550 mean_cost=6.3068 (sbs=6.3103) vs_sbs=-0.05%
   OVRPBTW: top1=0.524 mean_cost=10.4925 (sbs=10.5068) vs_sbs=-0.14%
   OVRPLTW: top1=0.486 mean_cost=10.1284 (sbs=10.1272) vs_sbs=+0.01%
   VRPBLTW: top1=0.432 mean_cost=18.9442 (sbs=19.5198) vs_sbs=-2.95%
  OVRPBLTW: top1=0.514 mean_cost=10.5355 (sbs=10.5412) vs_sbs=-0.05%
[train_eval epoch 22] top1=0.48193 CE=1.09429 actual_regret=0.95264%
[best] epoch=22 vs_sbs=-1.036151% top1=0.48028
[train epoch 23] update=180/1422 global=31464 loss=0.45844 KL=0.00307 lr=1.3e-05 samples/s=1432
[train epoch 23] update=360/1422 global=31644 loss=0.45872 KL=0.00314 lr=1.3e-05 samples/s=1434
[train epoch 23] update=540/1422 global=31824 loss=0.45924 KL=0.00316 lr=1.3e-05 samples/s=1433
[train epoch 23] update=720/1422 global=32004 loss=0.46004 KL=0.00317 lr=1.3e-05 samples/s=1434
[train epoch 23] update=900/1422 global=32184 loss=0.45936 KL=0.00319 lr=1.3e-05 samples/s=1435
[train epoch 23] update=1080/1422 global=32364 loss=0.45975 KL=0.00319 lr=1.3e-05 samples/s=1435
[train epoch 23] update=1260/1422 global=32544 loss=0.46014 KL=0.00321 lr=1.3e-05 samples/s=1436
[AMP retry] same batch, lower scale=16384.0
[train epoch 23] update=1422/1422 global=32706 loss=0.46002 KL=0.00321 lr=1.3e-05 samples/s=1421
[eval epoch 23] macro_top1=0.4817 top2=0.8199 top3=0.9268 vs_sbs=-1.045% vbs_closed=+30.09%
       TSP: top1=0.367 mean_cost=7.9172 (sbs=7.9578) vs_sbs=-0.51%
      CVRP: top1=0.489 mean_cost=18.2011 (sbs=18.2943) vs_sbs=-0.51%
      ATSP: top1=0.772 mean_cost=1.6352 (sbs=1.6735) vs_sbs=-2.29%
      OVRP: top1=0.359 mean_cost=7.4544 (sbs=7.4617) vs_sbs=-0.10%
      VRPB: top1=0.549 mean_cost=9.3343 (sbs=9.3403) vs_sbs=-0.06%
      VRPL: top1=0.323 mean_cost=12.4015 (sbs=12.4072) vs_sbs=-0.05%
     VRPTW: top1=0.431 mean_cost=17.8978 (sbs=18.6571) vs_sbs=-4.07%
    OVRPTW: top1=0.491 mean_cost=10.0476 (sbs=10.0484) vs_sbs=-0.01%
     OVRPB: top1=0.563 mean_cost=6.3191 (sbs=6.3220) vs_sbs=-0.05%
     OVRPL: top1=0.402 mean_cost=7.4329 (sbs=7.4376) vs_sbs=-0.06%
     VRPBL: top1=0.554 mean_cost=9.3531 (sbs=9.3593) vs_sbs=-0.07%
    VRPBTW: top1=0.444 mean_cost=19.0341 (sbs=19.6697) vs_sbs=-3.23%
    VRPLTW: top1=0.465 mean_cost=17.6377 (sbs=18.5091) vs_sbs=-4.71%
    OVRPBL: top1=0.537 mean_cost=6.3075 (sbs=6.3103) vs_sbs=-0.04%
   OVRPBTW: top1=0.509 mean_cost=10.5005 (sbs=10.5068) vs_sbs=-0.06%
   OVRPLTW: top1=0.488 mean_cost=10.1260 (sbs=10.1272) vs_sbs=-0.01%
   VRPBLTW: top1=0.425 mean_cost=18.9484 (sbs=19.5198) vs_sbs=-2.93%
  OVRPBLTW: top1=0.502 mean_cost=10.5353 (sbs=10.5412) vs_sbs=-0.06%
[train_eval epoch 23] top1=0.48387 CE=1.08815 actual_regret=0.94413%
[best] epoch=23 vs_sbs=-1.045139% top1=0.48167
[train epoch 24] update=180/1422 global=32886 loss=0.46084 KL=0.00322 lr=1.3e-05 samples/s=1444
[train epoch 24] update=360/1422 global=33066 loss=0.45934 KL=0.00325 lr=1.3e-05 samples/s=1443
[train epoch 24] update=540/1422 global=33246 loss=0.45881 KL=0.00330 lr=1.3e-05 samples/s=1442
[train epoch 24] update=720/1422 global=33426 loss=0.45949 KL=0.00331 lr=1.3e-05 samples/s=1441
[train epoch 24] update=900/1422 global=33606 loss=0.45977 KL=0.00329 lr=1.3e-05 samples/s=1440
[train epoch 24] update=1080/1422 global=33786 loss=0.45967 KL=0.00329 lr=1.3e-05 samples/s=1440
[train epoch 24] update=1260/1422 global=33966 loss=0.45934 KL=0.00328 lr=1.3e-05 samples/s=1440
[train epoch 24] update=1422/1422 global=34128 loss=0.45962 KL=0.00327 lr=1.3e-05 samples/s=1428
[eval epoch 24] macro_top1=0.4841 top2=0.8195 top3=0.9267 vs_sbs=-1.057% vbs_closed=+30.35%
       TSP: top1=0.374 mean_cost=7.9176 (sbs=7.9578) vs_sbs=-0.51%
      CVRP: top1=0.481 mean_cost=18.2090 (sbs=18.2943) vs_sbs=-0.47%
      ATSP: top1=0.778 mean_cost=1.6350 (sbs=1.6735) vs_sbs=-2.30%
      OVRP: top1=0.355 mean_cost=7.4550 (sbs=7.4617) vs_sbs=-0.09%
      VRPB: top1=0.537 mean_cost=9.3374 (sbs=9.3403) vs_sbs=-0.03%
      VRPL: top1=0.326 mean_cost=12.4025 (sbs=12.4072) vs_sbs=-0.04%
     VRPTW: top1=0.437 mean_cost=17.8975 (sbs=18.6571) vs_sbs=-4.07%
    OVRPTW: top1=0.493 mean_cost=10.0447 (sbs=10.0484) vs_sbs=-0.04%
     OVRPB: top1=0.567 mean_cost=6.3177 (sbs=6.3220) vs_sbs=-0.07%
     OVRPL: top1=0.414 mean_cost=7.4313 (sbs=7.4376) vs_sbs=-0.08%
     VRPBL: top1=0.560 mean_cost=9.3528 (sbs=9.3593) vs_sbs=-0.07%
    VRPBTW: top1=0.439 mean_cost=19.0350 (sbs=19.6697) vs_sbs=-3.23%
    VRPLTW: top1=0.475 mean_cost=17.6217 (sbs=18.5091) vs_sbs=-4.79%
    OVRPBL: top1=0.545 mean_cost=6.3054 (sbs=6.3103) vs_sbs=-0.08%
   OVRPBTW: top1=0.507 mean_cost=10.4986 (sbs=10.5068) vs_sbs=-0.08%
   OVRPLTW: top1=0.482 mean_cost=10.1293 (sbs=10.1272) vs_sbs=+0.02%
   VRPBLTW: top1=0.433 mean_cost=18.9323 (sbs=19.5198) vs_sbs=-3.01%
  OVRPBLTW: top1=0.510 mean_cost=10.5311 (sbs=10.5412) vs_sbs=-0.10%
[train_eval epoch 24] top1=0.48546 CE=1.08739 actual_regret=0.93905%
[best] epoch=24 vs_sbs=-1.056842% top1=0.48406
[train epoch 25] update=180/1422 global=34308 loss=0.45707 KL=0.00316 lr=1.3e-05 samples/s=1435
[train epoch 25] update=360/1422 global=34488 loss=0.45925 KL=0.00317 lr=1.3e-05 samples/s=1438
[train epoch 25] update=540/1422 global=34668 loss=0.45954 KL=0.00318 lr=1.3e-05 samples/s=1439
[train epoch 25] update=720/1422 global=34848 loss=0.45921 KL=0.00324 lr=1.3e-05 samples/s=1439
[train epoch 25] update=900/1422 global=35028 loss=0.45935 KL=0.00326 lr=1.3e-05 samples/s=1438
[AMP retry] same batch, lower scale=16384.0
[train epoch 25] update=1080/1422 global=35208 loss=0.45948 KL=0.00325 lr=1.3e-05 samples/s=1435
[train epoch 25] update=1260/1422 global=35388 loss=0.45924 KL=0.00326 lr=1.3e-05 samples/s=1436
[train epoch 25] update=1422/1422 global=35550 loss=0.45950 KL=0.00328 lr=1.3e-05 samples/s=1424
[eval epoch 25] macro_top1=0.4820 top2=0.8162 top3=0.9245 vs_sbs=-1.008% vbs_closed=+29.34%
       TSP: top1=0.360 mean_cost=7.9174 (sbs=7.9578) vs_sbs=-0.51%
      CVRP: top1=0.483 mean_cost=18.2110 (sbs=18.2943) vs_sbs=-0.46%
      ATSP: top1=0.773 mean_cost=1.6350 (sbs=1.6735) vs_sbs=-2.30%
      OVRP: top1=0.376 mean_cost=7.4535 (sbs=7.4617) vs_sbs=-0.11%
      VRPB: top1=0.550 mean_cost=9.3337 (sbs=9.3403) vs_sbs=-0.07%
      VRPL: top1=0.310 mean_cost=12.4039 (sbs=12.4072) vs_sbs=-0.03%
     VRPTW: top1=0.417 mean_cost=18.0238 (sbs=18.6571) vs_sbs=-3.39%
    OVRPTW: top1=0.509 mean_cost=10.0419 (sbs=10.0484) vs_sbs=-0.06%
     OVRPB: top1=0.564 mean_cost=6.3185 (sbs=6.3220) vs_sbs=-0.05%
     OVRPL: top1=0.408 mean_cost=7.4328 (sbs=7.4376) vs_sbs=-0.06%
     VRPBL: top1=0.551 mean_cost=9.3541 (sbs=9.3593) vs_sbs=-0.06%
    VRPBTW: top1=0.429 mean_cost=19.0403 (sbs=19.6697) vs_sbs=-3.20%
    VRPLTW: top1=0.472 mean_cost=17.6396 (sbs=18.5091) vs_sbs=-4.70%
    OVRPBL: top1=0.546 mean_cost=6.3065 (sbs=6.3103) vs_sbs=-0.06%
   OVRPBTW: top1=0.511 mean_cost=10.4978 (sbs=10.5068) vs_sbs=-0.09%
   OVRPLTW: top1=0.486 mean_cost=10.1277 (sbs=10.1272) vs_sbs=+0.00%
   VRPBLTW: top1=0.428 mean_cost=18.9406 (sbs=19.5198) vs_sbs=-2.97%
  OVRPBLTW: top1=0.503 mean_cost=10.5374 (sbs=10.5412) vs_sbs=-0.04%
[train_eval epoch 25] top1=0.48439 CE=1.09364 actual_regret=0.97132%
[train epoch 26] update=180/1422 global=35730 loss=0.46125 KL=0.00323 lr=1.3e-05 samples/s=1446
[train epoch 26] update=360/1422 global=35910 loss=0.45889 KL=0.00326 lr=1.3e-05 samples/s=1443
[train epoch 26] update=540/1422 global=36090 loss=0.45929 KL=0.00327 lr=1.3e-05 samples/s=1442
[train epoch 26] update=720/1422 global=36270 loss=0.45912 KL=0.00328 lr=1.3e-05 samples/s=1442
[train epoch 26] update=900/1422 global=36450 loss=0.45923 KL=0.00329 lr=1.3e-05 samples/s=1441
[train epoch 26] update=1080/1422 global=36630 loss=0.45878 KL=0.00330 lr=1.3e-05 samples/s=1442
[train epoch 26] update=1260/1422 global=36810 loss=0.45913 KL=0.00329 lr=1.3e-05 samples/s=1442
[train epoch 26] update=1422/1422 global=36972 loss=0.45931 KL=0.00329 lr=1.3e-05 samples/s=1429
[eval epoch 26] macro_top1=0.4828 top2=0.8169 top3=0.9267 vs_sbs=-1.043% vbs_closed=+29.36%
       TSP: top1=0.374 mean_cost=7.9166 (sbs=7.9578) vs_sbs=-0.52%
      CVRP: top1=0.484 mean_cost=18.2031 (sbs=18.2943) vs_sbs=-0.50%
      ATSP: top1=0.767 mean_cost=1.6352 (sbs=1.6735) vs_sbs=-2.29%
      OVRP: top1=0.374 mean_cost=7.4539 (sbs=7.4617) vs_sbs=-0.10%
      VRPB: top1=0.550 mean_cost=9.3357 (sbs=9.3403) vs_sbs=-0.05%
      VRPL: top1=0.305 mean_cost=12.4063 (sbs=12.4072) vs_sbs=-0.01%
     VRPTW: top1=0.430 mean_cost=17.9061 (sbs=18.6571) vs_sbs=-4.03%
    OVRPTW: top1=0.500 mean_cost=10.0482 (sbs=10.0484) vs_sbs=-0.00%
     OVRPB: top1=0.571 mean_cost=6.3175 (sbs=6.3220) vs_sbs=-0.07%
     OVRPL: top1=0.414 mean_cost=7.4328 (sbs=7.4376) vs_sbs=-0.06%
     VRPBL: top1=0.538 mean_cost=9.3562 (sbs=9.3593) vs_sbs=-0.03%
    VRPBTW: top1=0.418 mean_cost=19.0526 (sbs=19.6697) vs_sbs=-3.14%
    VRPLTW: top1=0.479 mean_cost=17.6123 (sbs=18.5091) vs_sbs=-4.85%
    OVRPBL: top1=0.537 mean_cost=6.3069 (sbs=6.3103) vs_sbs=-0.05%
   OVRPBTW: top1=0.517 mean_cost=10.4954 (sbs=10.5068) vs_sbs=-0.11%
   OVRPLTW: top1=0.484 mean_cost=10.1314 (sbs=10.1272) vs_sbs=+0.04%
   VRPBLTW: top1=0.436 mean_cost=18.9413 (sbs=19.5198) vs_sbs=-2.96%
  OVRPBLTW: top1=0.512 mean_cost=10.5365 (sbs=10.5412) vs_sbs=-0.04%
[train_eval epoch 26] top1=0.48435 CE=1.08817 actual_regret=0.94440%
[train epoch 27] update=180/1422 global=37152 loss=0.45915 KL=0.00331 lr=1.3e-05 samples/s=1434
[train epoch 27] update=360/1422 global=37332 loss=0.45866 KL=0.00329 lr=1.3e-05 samples/s=1437
[train epoch 27] update=540/1422 global=37512 loss=0.45826 KL=0.00332 lr=1.3e-05 samples/s=1441
[train epoch 27] update=720/1422 global=37692 loss=0.45857 KL=0.00334 lr=1.3e-05 samples/s=1441
[train epoch 27] update=900/1422 global=37872 loss=0.45851 KL=0.00334 lr=1.3e-05 samples/s=1442
[train epoch 27] update=1080/1422 global=38052 loss=0.45859 KL=0.00335 lr=1.3e-05 samples/s=1441
[train epoch 27] update=1260/1422 global=38232 loss=0.45863 KL=0.00335 lr=1.3e-05 samples/s=1441
[AMP retry] same batch, lower scale=16384.0
[train epoch 27] update=1422/1422 global=38394 loss=0.45866 KL=0.00335 lr=1.3e-05 samples/s=1428
[eval epoch 27] macro_top1=0.4813 top2=0.8181 top3=0.9248 vs_sbs=-1.037% vbs_closed=+29.41%
       TSP: top1=0.378 mean_cost=7.9179 (sbs=7.9578) vs_sbs=-0.50%
      CVRP: top1=0.478 mean_cost=18.2103 (sbs=18.2943) vs_sbs=-0.46%
      ATSP: top1=0.766 mean_cost=1.6352 (sbs=1.6735) vs_sbs=-2.29%
      OVRP: top1=0.362 mean_cost=7.4540 (sbs=7.4617) vs_sbs=-0.10%
      VRPB: top1=0.544 mean_cost=9.3361 (sbs=9.3403) vs_sbs=-0.04%
      VRPL: top1=0.318 mean_cost=12.4028 (sbs=12.4072) vs_sbs=-0.04%
     VRPTW: top1=0.427 mean_cost=17.9021 (sbs=18.6571) vs_sbs=-4.05%
    OVRPTW: top1=0.491 mean_cost=10.0472 (sbs=10.0484) vs_sbs=-0.01%
     OVRPB: top1=0.559 mean_cost=6.3193 (sbs=6.3220) vs_sbs=-0.04%
     OVRPL: top1=0.409 mean_cost=7.4327 (sbs=7.4376) vs_sbs=-0.07%
     VRPBL: top1=0.547 mean_cost=9.3546 (sbs=9.3593) vs_sbs=-0.05%
    VRPBTW: top1=0.431 mean_cost=19.0519 (sbs=19.6697) vs_sbs=-3.14%
    VRPLTW: top1=0.483 mean_cost=17.6217 (sbs=18.5091) vs_sbs=-4.79%
    OVRPBL: top1=0.539 mean_cost=6.3074 (sbs=6.3103) vs_sbs=-0.05%
   OVRPBTW: top1=0.508 mean_cost=10.4968 (sbs=10.5068) vs_sbs=-0.10%
   OVRPLTW: top1=0.491 mean_cost=10.1272 (sbs=10.1272) vs_sbs=+0.00%
   VRPBLTW: top1=0.432 mean_cost=18.9525 (sbs=19.5198) vs_sbs=-2.91%
  OVRPBLTW: top1=0.500 mean_cost=10.5367 (sbs=10.5412) vs_sbs=-0.04%
[train_eval epoch 27] top1=0.48318 CE=1.09698 actual_regret=0.94833%
[schedule] validation plateau: next lr=6.3e-06
[train epoch 28] update=180/1422 global=38574 loss=0.46104 KL=0.00333 lr=6.3e-06 samples/s=1436
[train epoch 28] update=360/1422 global=38754 loss=0.46034 KL=0.00335 lr=6.3e-06 samples/s=1436
[train epoch 28] update=540/1422 global=38934 loss=0.45878 KL=0.00333 lr=6.3e-06 samples/s=1436
[train epoch 28] update=720/1422 global=39114 loss=0.45876 KL=0.00334 lr=6.3e-06 samples/s=1437
[train epoch 28] update=900/1422 global=39294 loss=0.45796 KL=0.00335 lr=6.3e-06 samples/s=1437
[train epoch 28] update=1080/1422 global=39474 loss=0.45783 KL=0.00334 lr=6.3e-06 samples/s=1437
[train epoch 28] update=1260/1422 global=39654 loss=0.45735 KL=0.00334 lr=6.3e-06 samples/s=1438
[train epoch 28] update=1422/1422 global=39816 loss=0.45752 KL=0.00335 lr=6.3e-06 samples/s=1426
[eval epoch 28] macro_top1=0.4836 top2=0.8193 top3=0.9266 vs_sbs=-1.045% vbs_closed=+30.17%
       TSP: top1=0.368 mean_cost=7.9158 (sbs=7.9578) vs_sbs=-0.53%
      CVRP: top1=0.487 mean_cost=18.2057 (sbs=18.2943) vs_sbs=-0.48%
      ATSP: top1=0.766 mean_cost=1.6353 (sbs=1.6735) vs_sbs=-2.29%
      OVRP: top1=0.374 mean_cost=7.4533 (sbs=7.4617) vs_sbs=-0.11%
      VRPB: top1=0.545 mean_cost=9.3349 (sbs=9.3403) vs_sbs=-0.06%
      VRPL: top1=0.320 mean_cost=12.4024 (sbs=12.4072) vs_sbs=-0.04%
     VRPTW: top1=0.437 mean_cost=17.9212 (sbs=18.6571) vs_sbs=-3.94%
    OVRPTW: top1=0.497 mean_cost=10.0462 (sbs=10.0484) vs_sbs=-0.02%
     OVRPB: top1=0.567 mean_cost=6.3176 (sbs=6.3220) vs_sbs=-0.07%
     OVRPL: top1=0.410 mean_cost=7.4321 (sbs=7.4376) vs_sbs=-0.07%
     VRPBL: top1=0.548 mean_cost=9.3549 (sbs=9.3593) vs_sbs=-0.05%
    VRPBTW: top1=0.441 mean_cost=19.0424 (sbs=19.6697) vs_sbs=-3.19%
    VRPLTW: top1=0.481 mean_cost=17.6189 (sbs=18.5091) vs_sbs=-4.81%
    OVRPBL: top1=0.543 mean_cost=6.3070 (sbs=6.3103) vs_sbs=-0.05%
   OVRPBTW: top1=0.503 mean_cost=10.4997 (sbs=10.5068) vs_sbs=-0.07%
   OVRPLTW: top1=0.491 mean_cost=10.1261 (sbs=10.1272) vs_sbs=-0.01%
   VRPBLTW: top1=0.423 mean_cost=18.9400 (sbs=19.5198) vs_sbs=-2.97%
  OVRPBLTW: top1=0.503 mean_cost=10.5360 (sbs=10.5412) vs_sbs=-0.05%
[train_eval epoch 28] top1=0.48648 CE=1.08792 actual_regret=0.94389%
[train epoch 29] update=180/1422 global=39996 loss=0.45890 KL=0.00353 lr=6.3e-06 samples/s=1438
[train epoch 29] update=360/1422 global=40176 loss=0.45977 KL=0.00344 lr=6.3e-06 samples/s=1444
[train epoch 29] update=540/1422 global=40356 loss=0.45737 KL=0.00343 lr=6.3e-06 samples/s=1443
[train epoch 29] update=720/1422 global=40536 loss=0.45694 KL=0.00345 lr=6.3e-06 samples/s=1442
[train epoch 29] update=900/1422 global=40716 loss=0.45686 KL=0.00345 lr=6.3e-06 samples/s=1441
[train epoch 29] update=1080/1422 global=40896 loss=0.45682 KL=0.00346 lr=6.3e-06 samples/s=1442
[train epoch 29] update=1260/1422 global=41076 loss=0.45682 KL=0.00344 lr=6.3e-06 samples/s=1442
[train epoch 29] update=1422/1422 global=41238 loss=0.45710 KL=0.00343 lr=6.3e-06 samples/s=1430
[eval epoch 29] macro_top1=0.4842 top2=0.8199 top3=0.9267 vs_sbs=-1.052% vbs_closed=+30.13%
       TSP: top1=0.366 mean_cost=7.9175 (sbs=7.9578) vs_sbs=-0.51%
      CVRP: top1=0.486 mean_cost=18.2029 (sbs=18.2943) vs_sbs=-0.50%
      ATSP: top1=0.782 mean_cost=1.6348 (sbs=1.6735) vs_sbs=-2.31%
      OVRP: top1=0.375 mean_cost=7.4532 (sbs=7.4617) vs_sbs=-0.11%
      VRPB: top1=0.547 mean_cost=9.3358 (sbs=9.3403) vs_sbs=-0.05%
      VRPL: top1=0.310 mean_cost=12.4038 (sbs=12.4072) vs_sbs=-0.03%
     VRPTW: top1=0.429 mean_cost=17.9024 (sbs=18.6571) vs_sbs=-4.04%
    OVRPTW: top1=0.500 mean_cost=10.0470 (sbs=10.0484) vs_sbs=-0.01%
     OVRPB: top1=0.564 mean_cost=6.3187 (sbs=6.3220) vs_sbs=-0.05%
     OVRPL: top1=0.417 mean_cost=7.4317 (sbs=7.4376) vs_sbs=-0.08%
     VRPBL: top1=0.544 mean_cost=9.3554 (sbs=9.3593) vs_sbs=-0.04%
    VRPBTW: top1=0.440 mean_cost=19.0297 (sbs=19.6697) vs_sbs=-3.25%
    VRPLTW: top1=0.478 mean_cost=17.6220 (sbs=18.5091) vs_sbs=-4.79%
    OVRPBL: top1=0.542 mean_cost=6.3068 (sbs=6.3103) vs_sbs=-0.06%
   OVRPBTW: top1=0.513 mean_cost=10.4976 (sbs=10.5068) vs_sbs=-0.09%
   OVRPLTW: top1=0.491 mean_cost=10.1264 (sbs=10.1272) vs_sbs=-0.01%
   VRPBLTW: top1=0.424 mean_cost=18.9472 (sbs=19.5198) vs_sbs=-2.93%
  OVRPBLTW: top1=0.508 mean_cost=10.5346 (sbs=10.5412) vs_sbs=-0.06%
[train_eval epoch 29] top1=0.48701 CE=1.08443 actual_regret=0.93507%
[train epoch 30] update=180/1422 global=41418 loss=0.45411 KL=0.00337 lr=6.3e-06 samples/s=1447
[train epoch 30] update=360/1422 global=41598 loss=0.45602 KL=0.00343 lr=6.3e-06 samples/s=1441
[train epoch 30] update=540/1422 global=41778 loss=0.45738 KL=0.00343 lr=6.3e-06 samples/s=1440
[train epoch 30] update=720/1422 global=41958 loss=0.45752 KL=0.00344 lr=6.3e-06 samples/s=1442
[train epoch 30] update=900/1422 global=42138 loss=0.45743 KL=0.00343 lr=6.3e-06 samples/s=1442
[train epoch 30] update=1080/1422 global=42318 loss=0.45714 KL=0.00343 lr=6.3e-06 samples/s=1441
[train epoch 30] update=1260/1422 global=42498 loss=0.45731 KL=0.00343 lr=6.3e-06 samples/s=1441
[AMP retry] same batch, lower scale=32768.0
[AMP retry] same batch, lower scale=16384.0
[train epoch 30] update=1422/1422 global=42660 loss=0.45701 KL=0.00343 lr=6.3e-06 samples/s=1427
[eval epoch 30] macro_top1=0.4863 top2=0.8185 top3=0.9261 vs_sbs=-1.063% vbs_closed=+30.89%
       TSP: top1=0.365 mean_cost=7.9169 (sbs=7.9578) vs_sbs=-0.51%
      CVRP: top1=0.488 mean_cost=18.2011 (sbs=18.2943) vs_sbs=-0.51%
      ATSP: top1=0.779 mean_cost=1.6349 (sbs=1.6735) vs_sbs=-2.31%
      OVRP: top1=0.368 mean_cost=7.4529 (sbs=7.4617) vs_sbs=-0.12%
      VRPB: top1=0.550 mean_cost=9.3339 (sbs=9.3403) vs_sbs=-0.07%
      VRPL: top1=0.322 mean_cost=12.4023 (sbs=12.4072) vs_sbs=-0.04%
     VRPTW: top1=0.442 mean_cost=17.8967 (sbs=18.6571) vs_sbs=-4.08%
    OVRPTW: top1=0.495 mean_cost=10.0472 (sbs=10.0484) vs_sbs=-0.01%
     OVRPB: top1=0.570 mean_cost=6.3168 (sbs=6.3220) vs_sbs=-0.08%
     OVRPL: top1=0.411 mean_cost=7.4323 (sbs=7.4376) vs_sbs=-0.07%
     VRPBL: top1=0.541 mean_cost=9.3564 (sbs=9.3593) vs_sbs=-0.03%
    VRPBTW: top1=0.445 mean_cost=19.0289 (sbs=19.6697) vs_sbs=-3.26%
    VRPLTW: top1=0.482 mean_cost=17.6197 (sbs=18.5091) vs_sbs=-4.81%
    OVRPBL: top1=0.555 mean_cost=6.3057 (sbs=6.3103) vs_sbs=-0.07%
   OVRPBTW: top1=0.512 mean_cost=10.4964 (sbs=10.5068) vs_sbs=-0.10%
   OVRPLTW: top1=0.494 mean_cost=10.1253 (sbs=10.1272) vs_sbs=-0.02%
   VRPBLTW: top1=0.427 mean_cost=18.9339 (sbs=19.5198) vs_sbs=-3.00%
  OVRPBLTW: top1=0.507 mean_cost=10.5348 (sbs=10.5412) vs_sbs=-0.06%
[train_eval epoch 30] top1=0.48576 CE=1.08744 actual_regret=0.93955%
[best] epoch=30 vs_sbs=-1.063450% top1=0.48628
[train epoch 31] update=180/1422 global=42840 loss=0.45411 KL=0.00352 lr=6.3e-06 samples/s=1447
[train epoch 31] update=360/1422 global=43020 loss=0.45637 KL=0.00352 lr=6.3e-06 samples/s=1450
[train epoch 31] update=540/1422 global=43200 loss=0.45745 KL=0.00348 lr=6.3e-06 samples/s=1449
[train epoch 31] update=720/1422 global=43380 loss=0.45648 KL=0.00347 lr=6.3e-06 samples/s=1448
[train epoch 31] update=900/1422 global=43560 loss=0.45696 KL=0.00347 lr=6.3e-06 samples/s=1447
[train epoch 31] update=1080/1422 global=43740 loss=0.45733 KL=0.00348 lr=6.3e-06 samples/s=1446
[train epoch 31] update=1260/1422 global=43920 loss=0.45703 KL=0.00348 lr=6.3e-06 samples/s=1446
[train epoch 31] update=1422/1422 global=44082 loss=0.45698 KL=0.00348 lr=6.3e-06 samples/s=1434
[eval epoch 31] macro_top1=0.4823 top2=0.8205 top3=0.9280 vs_sbs=-1.050% vbs_closed=+30.21%
       TSP: top1=0.371 mean_cost=7.9165 (sbs=7.9578) vs_sbs=-0.52%
      CVRP: top1=0.495 mean_cost=18.2052 (sbs=18.2943) vs_sbs=-0.49%
      ATSP: top1=0.778 mean_cost=1.6350 (sbs=1.6735) vs_sbs=-2.30%
      OVRP: top1=0.362 mean_cost=7.4532 (sbs=7.4617) vs_sbs=-0.11%
      VRPB: top1=0.545 mean_cost=9.3354 (sbs=9.3403) vs_sbs=-0.05%
      VRPL: top1=0.315 mean_cost=12.4027 (sbs=12.4072) vs_sbs=-0.04%
     VRPTW: top1=0.438 mean_cost=17.8984 (sbs=18.6571) vs_sbs=-4.07%
    OVRPTW: top1=0.495 mean_cost=10.0468 (sbs=10.0484) vs_sbs=-0.02%
     OVRPB: top1=0.561 mean_cost=6.3180 (sbs=6.3220) vs_sbs=-0.06%
     OVRPL: top1=0.417 mean_cost=7.4316 (sbs=7.4376) vs_sbs=-0.08%
     VRPBL: top1=0.548 mean_cost=9.3550 (sbs=9.3593) vs_sbs=-0.05%
    VRPBTW: top1=0.423 mean_cost=19.0441 (sbs=19.6697) vs_sbs=-3.18%
    VRPLTW: top1=0.466 mean_cost=17.6177 (sbs=18.5091) vs_sbs=-4.82%
    OVRPBL: top1=0.545 mean_cost=6.3068 (sbs=6.3103) vs_sbs=-0.05%
   OVRPBTW: top1=0.503 mean_cost=10.4991 (sbs=10.5068) vs_sbs=-0.07%
   OVRPLTW: top1=0.495 mean_cost=10.1248 (sbs=10.1272) vs_sbs=-0.02%
   VRPBLTW: top1=0.424 mean_cost=18.9476 (sbs=19.5198) vs_sbs=-2.93%
  OVRPBLTW: top1=0.501 mean_cost=10.5376 (sbs=10.5412) vs_sbs=-0.03%
[train_eval epoch 31] top1=0.48679 CE=1.08333 actual_regret=0.93495%
[train epoch 32] update=180/1422 global=44262 loss=0.45822 KL=0.00351 lr=6.3e-06 samples/s=1415
[train epoch 32] update=360/1422 global=44442 loss=0.45678 KL=0.00348 lr=6.3e-06 samples/s=1426
[train epoch 32] update=540/1422 global=44622 loss=0.45603 KL=0.00346 lr=6.3e-06 samples/s=1431
[train epoch 32] update=720/1422 global=44802 loss=0.45600 KL=0.00346 lr=6.3e-06 samples/s=1434
[train epoch 32] update=900/1422 global=44982 loss=0.45559 KL=0.00348 lr=6.3e-06 samples/s=1435
[train epoch 32] update=1080/1422 global=45162 loss=0.45599 KL=0.00349 lr=6.3e-06 samples/s=1437
[train epoch 32] update=1260/1422 global=45342 loss=0.45629 KL=0.00351 lr=6.3e-06 samples/s=1438
[train epoch 32] update=1422/1422 global=45504 loss=0.45672 KL=0.00351 lr=6.3e-06 samples/s=1426
[eval epoch 32] macro_top1=0.4824 top2=0.8192 top3=0.9269 vs_sbs=-1.050% vbs_closed=+30.43%
       TSP: top1=0.374 mean_cost=7.9163 (sbs=7.9578) vs_sbs=-0.52%
      CVRP: top1=0.489 mean_cost=18.2008 (sbs=18.2943) vs_sbs=-0.51%
      ATSP: top1=0.753 mean_cost=1.6359 (sbs=1.6735) vs_sbs=-2.25%
      OVRP: top1=0.372 mean_cost=7.4520 (sbs=7.4617) vs_sbs=-0.13%
      VRPB: top1=0.544 mean_cost=9.3357 (sbs=9.3403) vs_sbs=-0.05%
      VRPL: top1=0.319 mean_cost=12.4021 (sbs=12.4072) vs_sbs=-0.04%
     VRPTW: top1=0.436 mean_cost=17.9021 (sbs=18.6571) vs_sbs=-4.05%
    OVRPTW: top1=0.494 mean_cost=10.0472 (sbs=10.0484) vs_sbs=-0.01%
     OVRPB: top1=0.559 mean_cost=6.3183 (sbs=6.3220) vs_sbs=-0.06%
     OVRPL: top1=0.420 mean_cost=7.4321 (sbs=7.4376) vs_sbs=-0.07%
     VRPBL: top1=0.551 mean_cost=9.3546 (sbs=9.3593) vs_sbs=-0.05%
    VRPBTW: top1=0.424 mean_cost=19.0398 (sbs=19.6697) vs_sbs=-3.20%
    VRPLTW: top1=0.465 mean_cost=17.6217 (sbs=18.5091) vs_sbs=-4.79%
    OVRPBL: top1=0.541 mean_cost=6.3074 (sbs=6.3103) vs_sbs=-0.04%
   OVRPBTW: top1=0.511 mean_cost=10.4950 (sbs=10.5068) vs_sbs=-0.11%
   OVRPLTW: top1=0.496 mean_cost=10.1261 (sbs=10.1272) vs_sbs=-0.01%
   VRPBLTW: top1=0.432 mean_cost=18.9427 (sbs=19.5198) vs_sbs=-2.96%
  OVRPBLTW: top1=0.504 mean_cost=10.5363 (sbs=10.5412) vs_sbs=-0.05%
[train_eval epoch 32] top1=0.48607 CE=1.08522 actual_regret=0.93701%
[AMP retry] same batch, lower scale=16384.0
[train epoch 33] update=180/1422 global=45684 loss=0.45582 KL=0.00353 lr=6.3e-06 samples/s=1420
[train epoch 33] update=360/1422 global=45864 loss=0.45548 KL=0.00354 lr=6.3e-06 samples/s=1431
[train epoch 33] update=540/1422 global=46044 loss=0.45549 KL=0.00354 lr=6.3e-06 samples/s=1436
[train epoch 33] update=720/1422 global=46224 loss=0.45666 KL=0.00351 lr=6.3e-06 samples/s=1430
[train epoch 33] update=900/1422 global=46404 loss=0.45599 KL=0.00353 lr=6.3e-06 samples/s=1427
[train epoch 33] update=1080/1422 global=46584 loss=0.45633 KL=0.00351 lr=6.3e-06 samples/s=1428
[train epoch 33] update=1260/1422 global=46764 loss=0.45645 KL=0.00351 lr=6.3e-06 samples/s=1428
[train epoch 33] update=1422/1422 global=46926 loss=0.45662 KL=0.00351 lr=6.3e-06 samples/s=1411
[eval epoch 33] macro_top1=0.4821 top2=0.8192 top3=0.9267 vs_sbs=-1.046% vbs_closed=+30.29%
       TSP: top1=0.368 mean_cost=7.9171 (sbs=7.9578) vs_sbs=-0.51%
      CVRP: top1=0.489 mean_cost=18.2006 (sbs=18.2943) vs_sbs=-0.51%
      ATSP: top1=0.781 mean_cost=1.6349 (sbs=1.6735) vs_sbs=-2.31%
      OVRP: top1=0.367 mean_cost=7.4523 (sbs=7.4617) vs_sbs=-0.13%
      VRPB: top1=0.545 mean_cost=9.3361 (sbs=9.3403) vs_sbs=-0.04%
      VRPL: top1=0.326 mean_cost=12.4013 (sbs=12.4072) vs_sbs=-0.05%
     VRPTW: top1=0.433 mean_cost=17.9111 (sbs=18.6571) vs_sbs=-4.00%
    OVRPTW: top1=0.495 mean_cost=10.0476 (sbs=10.0484) vs_sbs=-0.01%
     OVRPB: top1=0.562 mean_cost=6.3184 (sbs=6.3220) vs_sbs=-0.06%
     OVRPL: top1=0.408 mean_cost=7.4322 (sbs=7.4376) vs_sbs=-0.07%
     VRPBL: top1=0.544 mean_cost=9.3551 (sbs=9.3593) vs_sbs=-0.04%
    VRPBTW: top1=0.420 mean_cost=19.0541 (sbs=19.6697) vs_sbs=-3.13%
    VRPLTW: top1=0.463 mean_cost=17.6188 (sbs=18.5091) vs_sbs=-4.81%
    OVRPBL: top1=0.540 mean_cost=6.3076 (sbs=6.3103) vs_sbs=-0.04%
   OVRPBTW: top1=0.510 mean_cost=10.4968 (sbs=10.5068) vs_sbs=-0.09%
   OVRPLTW: top1=0.494 mean_cost=10.1250 (sbs=10.1272) vs_sbs=-0.02%
   VRPBLTW: top1=0.429 mean_cost=18.9413 (sbs=19.5198) vs_sbs=-2.96%
  OVRPBLTW: top1=0.503 mean_cost=10.5369 (sbs=10.5412) vs_sbs=-0.04%
[train_eval epoch 33] top1=0.48667 CE=1.08309 actual_regret=0.93478%
[schedule] validation plateau: next lr=3.1e-06
[train epoch 34] update=180/1422 global=47106 loss=0.45429 KL=0.00358 lr=3.1e-06 samples/s=1427
[train epoch 34] update=360/1422 global=47286 loss=0.45566 KL=0.00357 lr=3.1e-06 samples/s=1423
[train epoch 34] update=540/1422 global=47466 loss=0.45638 KL=0.00357 lr=3.1e-06 samples/s=1426
[train epoch 34] update=720/1422 global=47646 loss=0.45529 KL=0.00357 lr=3.1e-06 samples/s=1415
[train epoch 34] update=900/1422 global=47826 loss=0.45583 KL=0.00357 lr=3.1e-06 samples/s=1418
[train epoch 34] update=1080/1422 global=48006 loss=0.45600 KL=0.00357 lr=3.1e-06 samples/s=1421
[train epoch 34] update=1260/1422 global=48186 loss=0.45582 KL=0.00356 lr=3.1e-06 samples/s=1423
[AMP retry] same batch, lower scale=16384.0
[train epoch 34] update=1422/1422 global=48348 loss=0.45592 KL=0.00355 lr=3.1e-06 samples/s=1411
[eval epoch 34] macro_top1=0.4842 top2=0.8202 top3=0.9270 vs_sbs=-1.052% vbs_closed=+30.44%
       TSP: top1=0.367 mean_cost=7.9173 (sbs=7.9578) vs_sbs=-0.51%
      CVRP: top1=0.488 mean_cost=18.2015 (sbs=18.2943) vs_sbs=-0.51%
      ATSP: top1=0.781 mean_cost=1.6349 (sbs=1.6735) vs_sbs=-2.31%
      OVRP: top1=0.366 mean_cost=7.4518 (sbs=7.4617) vs_sbs=-0.13%
      VRPB: top1=0.546 mean_cost=9.3354 (sbs=9.3403) vs_sbs=-0.05%
      VRPL: top1=0.322 mean_cost=12.4019 (sbs=12.4072) vs_sbs=-0.04%
     VRPTW: top1=0.424 mean_cost=17.9085 (sbs=18.6571) vs_sbs=-4.01%
    OVRPTW: top1=0.497 mean_cost=10.0470 (sbs=10.0484) vs_sbs=-0.01%
     OVRPB: top1=0.562 mean_cost=6.3185 (sbs=6.3220) vs_sbs=-0.05%
     OVRPL: top1=0.425 mean_cost=7.4319 (sbs=7.4376) vs_sbs=-0.08%
     VRPBL: top1=0.542 mean_cost=9.3559 (sbs=9.3593) vs_sbs=-0.04%
    VRPBTW: top1=0.436 mean_cost=19.0383 (sbs=19.6697) vs_sbs=-3.21%
    VRPLTW: top1=0.477 mean_cost=17.6206 (sbs=18.5091) vs_sbs=-4.80%
    OVRPBL: top1=0.540 mean_cost=6.3071 (sbs=6.3103) vs_sbs=-0.05%
   OVRPBTW: top1=0.505 mean_cost=10.4993 (sbs=10.5068) vs_sbs=-0.07%
   OVRPLTW: top1=0.499 mean_cost=10.1252 (sbs=10.1272) vs_sbs=-0.02%
   VRPBLTW: top1=0.435 mean_cost=18.9377 (sbs=19.5198) vs_sbs=-2.98%
  OVRPBLTW: top1=0.504 mean_cost=10.5346 (sbs=10.5412) vs_sbs=-0.06%
[train_eval epoch 34] top1=0.48788 CE=1.08130 actual_regret=0.93383%
[train epoch 35] update=180/1422 global=48528 loss=0.45433 KL=0.00352 lr=3.1e-06 samples/s=1453
[train epoch 35] update=360/1422 global=48708 loss=0.45644 KL=0.00351 lr=3.1e-06 samples/s=1447
[train epoch 35] update=540/1422 global=48888 loss=0.45677 KL=0.00352 lr=3.1e-06 samples/s=1446
[train epoch 35] update=720/1422 global=49068 loss=0.45653 KL=0.00351 lr=3.1e-06 samples/s=1445
[train epoch 35] update=900/1422 global=49248 loss=0.45575 KL=0.00352 lr=3.1e-06 samples/s=1444
[train epoch 35] update=1080/1422 global=49428 loss=0.45568 KL=0.00353 lr=3.1e-06 samples/s=1441
[train epoch 35] update=1260/1422 global=49608 loss=0.45589 KL=0.00354 lr=3.1e-06 samples/s=1441
[train epoch 35] update=1422/1422 global=49770 loss=0.45577 KL=0.00355 lr=3.1e-06 samples/s=1429
[eval epoch 35] macro_top1=0.4845 top2=0.8195 top3=0.9273 vs_sbs=-1.058% vbs_closed=+30.64%
       TSP: top1=0.372 mean_cost=7.9163 (sbs=7.9578) vs_sbs=-0.52%
      CVRP: top1=0.491 mean_cost=18.2024 (sbs=18.2943) vs_sbs=-0.50%
      ATSP: top1=0.780 mean_cost=1.6349 (sbs=1.6735) vs_sbs=-2.31%
      OVRP: top1=0.368 mean_cost=7.4520 (sbs=7.4617) vs_sbs=-0.13%
      VRPB: top1=0.545 mean_cost=9.3345 (sbs=9.3403) vs_sbs=-0.06%
      VRPL: top1=0.324 mean_cost=12.4016 (sbs=12.4072) vs_sbs=-0.05%
     VRPTW: top1=0.424 mean_cost=17.9065 (sbs=18.6571) vs_sbs=-4.02%
    OVRPTW: top1=0.494 mean_cost=10.0478 (sbs=10.0484) vs_sbs=-0.01%
     OVRPB: top1=0.560 mean_cost=6.3180 (sbs=6.3220) vs_sbs=-0.06%
     OVRPL: top1=0.426 mean_cost=7.4315 (sbs=7.4376) vs_sbs=-0.08%
     VRPBL: top1=0.547 mean_cost=9.3553 (sbs=9.3593) vs_sbs=-0.04%
    VRPBTW: top1=0.442 mean_cost=19.0240 (sbs=19.6697) vs_sbs=-3.28%
    VRPLTW: top1=0.473 mean_cost=17.6176 (sbs=18.5091) vs_sbs=-4.82%
    OVRPBL: top1=0.542 mean_cost=6.3077 (sbs=6.3103) vs_sbs=-0.04%
   OVRPBTW: top1=0.506 mean_cost=10.4990 (sbs=10.5068) vs_sbs=-0.07%
   OVRPLTW: top1=0.491 mean_cost=10.1270 (sbs=10.1272) vs_sbs=-0.00%
   VRPBLTW: top1=0.429 mean_cost=18.9405 (sbs=19.5198) vs_sbs=-2.97%
  OVRPBLTW: top1=0.507 mean_cost=10.5327 (sbs=10.5412) vs_sbs=-0.08%
[train_eval epoch 35] top1=0.48746 CE=1.08267 actual_regret=0.92973%
[train epoch 36] update=180/1422 global=49950 loss=0.45709 KL=0.00369 lr=3.1e-06 samples/s=1445
[train epoch 36] update=360/1422 global=50130 loss=0.45488 KL=0.00365 lr=3.1e-06 samples/s=1443
[train epoch 36] update=540/1422 global=50310 loss=0.45326 KL=0.00368 lr=3.1e-06 samples/s=1443
[train epoch 36] update=720/1422 global=50490 loss=0.45423 KL=0.00365 lr=3.1e-06 samples/s=1443
[train epoch 36] update=900/1422 global=50670 loss=0.45450 KL=0.00363 lr=3.1e-06 samples/s=1442
[train epoch 36] update=1080/1422 global=50850 loss=0.45523 KL=0.00363 lr=3.1e-06 samples/s=1441
[train epoch 36] update=1260/1422 global=51030 loss=0.45589 KL=0.00361 lr=3.1e-06 samples/s=1441
[train epoch 36] update=1422/1422 global=51192 loss=0.45570 KL=0.00361 lr=3.1e-06 samples/s=1429
[eval epoch 36] macro_top1=0.4849 top2=0.8198 top3=0.9266 vs_sbs=-1.055% vbs_closed=+30.47%
       TSP: top1=0.368 mean_cost=7.9166 (sbs=7.9578) vs_sbs=-0.52%
      CVRP: top1=0.490 mean_cost=18.2022 (sbs=18.2943) vs_sbs=-0.50%
      ATSP: top1=0.780 mean_cost=1.6349 (sbs=1.6735) vs_sbs=-2.31%
      OVRP: top1=0.356 mean_cost=7.4526 (sbs=7.4617) vs_sbs=-0.12%
      VRPB: top1=0.543 mean_cost=9.3356 (sbs=9.3403) vs_sbs=-0.05%
      VRPL: top1=0.319 mean_cost=12.4027 (sbs=12.4072) vs_sbs=-0.04%
     VRPTW: top1=0.435 mean_cost=17.9009 (sbs=18.6571) vs_sbs=-4.05%
    OVRPTW: top1=0.492 mean_cost=10.0475 (sbs=10.0484) vs_sbs=-0.01%
     OVRPB: top1=0.563 mean_cost=6.3183 (sbs=6.3220) vs_sbs=-0.06%
     OVRPL: top1=0.430 mean_cost=7.4312 (sbs=7.4376) vs_sbs=-0.09%
     VRPBL: top1=0.548 mean_cost=9.3547 (sbs=9.3593) vs_sbs=-0.05%
    VRPBTW: top1=0.447 mean_cost=19.0276 (sbs=19.6697) vs_sbs=-3.26%
    VRPLTW: top1=0.475 mean_cost=17.6269 (sbs=18.5091) vs_sbs=-4.77%
    OVRPBL: top1=0.545 mean_cost=6.3073 (sbs=6.3103) vs_sbs=-0.05%
   OVRPBTW: top1=0.505 mean_cost=10.4992 (sbs=10.5068) vs_sbs=-0.07%
   OVRPLTW: top1=0.495 mean_cost=10.1262 (sbs=10.1272) vs_sbs=-0.01%
   VRPBLTW: top1=0.431 mean_cost=18.9409 (sbs=19.5198) vs_sbs=-2.97%
  OVRPBLTW: top1=0.507 mean_cost=10.5332 (sbs=10.5412) vs_sbs=-0.08%
[train_eval epoch 36] top1=0.48729 CE=1.08286 actual_regret=0.93541%
[schedule] validation plateau: next lr=1.6e-06
[train epoch 37] update=180/1422 global=51372 loss=0.45692 KL=0.00350 lr=1.6e-06 samples/s=1444
[train epoch 37] update=360/1422 global=51552 loss=0.45560 KL=0.00354 lr=1.6e-06 samples/s=1446
[train epoch 37] update=540/1422 global=51732 loss=0.45460 KL=0.00356 lr=1.6e-06 samples/s=1444
[train epoch 37] update=720/1422 global=51912 loss=0.45557 KL=0.00356 lr=1.6e-06 samples/s=1443
[train epoch 37] update=900/1422 global=52092 loss=0.45500 KL=0.00358 lr=1.6e-06 samples/s=1443
[train epoch 37] update=1080/1422 global=52272 loss=0.45506 KL=0.00359 lr=1.6e-06 samples/s=1441
[AMP retry] same batch, lower scale=32768.0
[train epoch 37] update=1260/1422 global=52452 loss=0.45535 KL=0.00358 lr=1.6e-06 samples/s=1433
[train epoch 37] update=1422/1422 global=52614 loss=0.45541 KL=0.00358 lr=1.6e-06 samples/s=1416
[eval epoch 37] macro_top1=0.4834 top2=0.8197 top3=0.9266 vs_sbs=-1.050% vbs_closed=+30.34%
       TSP: top1=0.369 mean_cost=7.9170 (sbs=7.9578) vs_sbs=-0.51%
      CVRP: top1=0.490 mean_cost=18.2018 (sbs=18.2943) vs_sbs=-0.51%
      ATSP: top1=0.776 mean_cost=1.6352 (sbs=1.6735) vs_sbs=-2.29%
      OVRP: top1=0.361 mean_cost=7.4527 (sbs=7.4617) vs_sbs=-0.12%
      VRPB: top1=0.546 mean_cost=9.3350 (sbs=9.3403) vs_sbs=-0.06%
      VRPL: top1=0.319 mean_cost=12.4023 (sbs=12.4072) vs_sbs=-0.04%
     VRPTW: top1=0.424 mean_cost=17.9169 (sbs=18.6571) vs_sbs=-3.97%
    OVRPTW: top1=0.498 mean_cost=10.0472 (sbs=10.0484) vs_sbs=-0.01%
     OVRPB: top1=0.562 mean_cost=6.3179 (sbs=6.3220) vs_sbs=-0.06%
     OVRPL: top1=0.427 mean_cost=7.4314 (sbs=7.4376) vs_sbs=-0.08%
     VRPBL: top1=0.541 mean_cost=9.3563 (sbs=9.3593) vs_sbs=-0.03%
    VRPBTW: top1=0.437 mean_cost=19.0327 (sbs=19.6697) vs_sbs=-3.24%
    VRPLTW: top1=0.469 mean_cost=17.6208 (sbs=18.5091) vs_sbs=-4.80%
    OVRPBL: top1=0.544 mean_cost=6.3074 (sbs=6.3103) vs_sbs=-0.04%
   OVRPBTW: top1=0.507 mean_cost=10.4977 (sbs=10.5068) vs_sbs=-0.09%
   OVRPLTW: top1=0.494 mean_cost=10.1262 (sbs=10.1272) vs_sbs=-0.01%
   VRPBLTW: top1=0.431 mean_cost=18.9379 (sbs=19.5198) vs_sbs=-2.98%
  OVRPBLTW: top1=0.507 mean_cost=10.5349 (sbs=10.5412) vs_sbs=-0.06%
[train_eval epoch 37] top1=0.48811 CE=1.08207 actual_regret=0.93696%
[train epoch 38] update=180/1422 global=52794 loss=0.45583 KL=0.00352 lr=1.6e-06 samples/s=1396
[train epoch 38] update=360/1422 global=52974 loss=0.45587 KL=0.00357 lr=1.6e-06 samples/s=1395
[train epoch 38] update=540/1422 global=53154 loss=0.45468 KL=0.00359 lr=1.6e-06 samples/s=1396
[train epoch 38] update=720/1422 global=53334 loss=0.45531 KL=0.00360 lr=1.6e-06 samples/s=1394
[train epoch 38] update=900/1422 global=53514 loss=0.45559 KL=0.00359 lr=1.6e-06 samples/s=1395
[train epoch 38] update=1080/1422 global=53694 loss=0.45531 KL=0.00359 lr=1.6e-06 samples/s=1395
[train epoch 38] update=1260/1422 global=53874 loss=0.45543 KL=0.00359 lr=1.6e-06 samples/s=1394
[train epoch 38] update=1422/1422 global=54036 loss=0.45524 KL=0.00360 lr=1.6e-06 samples/s=1382
[eval epoch 38] macro_top1=0.4831 top2=0.8197 top3=0.9271 vs_sbs=-1.050% vbs_closed=+30.17%
       TSP: top1=0.368 mean_cost=7.9171 (sbs=7.9578) vs_sbs=-0.51%
      CVRP: top1=0.487 mean_cost=18.2050 (sbs=18.2943) vs_sbs=-0.49%
      ATSP: top1=0.771 mean_cost=1.6350 (sbs=1.6735) vs_sbs=-2.30%
      OVRP: top1=0.364 mean_cost=7.4530 (sbs=7.4617) vs_sbs=-0.12%
      VRPB: top1=0.545 mean_cost=9.3351 (sbs=9.3403) vs_sbs=-0.05%
      VRPL: top1=0.318 mean_cost=12.4026 (sbs=12.4072) vs_sbs=-0.04%
     VRPTW: top1=0.426 mean_cost=17.9104 (sbs=18.6571) vs_sbs=-4.00%
    OVRPTW: top1=0.493 mean_cost=10.0477 (sbs=10.0484) vs_sbs=-0.01%
     OVRPB: top1=0.567 mean_cost=6.3175 (sbs=6.3220) vs_sbs=-0.07%
     OVRPL: top1=0.419 mean_cost=7.4318 (sbs=7.4376) vs_sbs=-0.08%
     VRPBL: top1=0.543 mean_cost=9.3551 (sbs=9.3593) vs_sbs=-0.04%
    VRPBTW: top1=0.444 mean_cost=19.0352 (sbs=19.6697) vs_sbs=-3.23%
    VRPLTW: top1=0.470 mean_cost=17.6223 (sbs=18.5091) vs_sbs=-4.79%
    OVRPBL: top1=0.543 mean_cost=6.3076 (sbs=6.3103) vs_sbs=-0.04%
   OVRPBTW: top1=0.506 mean_cost=10.4992 (sbs=10.5068) vs_sbs=-0.07%
   OVRPLTW: top1=0.493 mean_cost=10.1266 (sbs=10.1272) vs_sbs=-0.01%
   VRPBLTW: top1=0.432 mean_cost=18.9350 (sbs=19.5198) vs_sbs=-3.00%
  OVRPBLTW: top1=0.507 mean_cost=10.5346 (sbs=10.5412) vs_sbs=-0.06%
[train_eval epoch 38] top1=0.48806 CE=1.08330 actual_regret=0.93656%
[early stop] epoch=38: 8 epochs without effective cost improvement
wandb:                                                                                
wandb: 
wandb: Run history:
wandb:                                    epoch ▁▁▁▂▂▂▂▂▃▃▃▃▃▃▄▄▄▄▄▅▅▅▅▅▆▆▆▆▆▆▇▇▇▇▇███
wandb:                      gpu/peak_memory_gib ▁▁▁▁▁▁▁▁▁▁▁▁▁▁▁▁▁█████████████████████
wandb:                 optimization/amp_skipped ▁▂▂▂▂▂▃▃▃▃▄▄▄▅▅▅▅▅▅▅▅▅▆▆▆▆▆▆▆▇▇▇▇█████
wandb:                          optimization/ce █▄▄▃▃▃▃▂▂▂▂▂▂▂▂▂▂▁▁▁▁▁▁▁▁▁▁▁▁▁▁▁▁▁▁▁▁▁
wandb:          optimization/consistency_weight ▁▅████████████████████████████████████
wandb:                          optimization/kl █▆▂▂▂▁▁▁▁▁▁▁▁▁▁▁▁▁▁▁▁▁▂▂▂▂▂▂▂▂▂▂▂▂▂▂▂▂
wandb:                        optimization/loss █▄▃▃▂▂▂▂▂▂▂▂▁▁▁▁▁▁▁▁▁▁▁▁▁▁▁▁▁▁▁▁▁▁▁▁▁▁
wandb:                          optimization/lr ▃▆███████▄▄▄▄▄▄▄▄▄▃▃▃▂▂▂▂▂▂▁▁▁▁▁▁▁▁▁▁▁
wandb:                        optimization/pair █▄▃▃▂▂▂▂▂▂▂▁▁▁▁▁▁▁▁▁▁▁▁▁▁▁▁▁▁▁▁▁▁▁▁▁▁▁
wandb:                        optimization/risk █▃▂▂▂▂▂▂▂▁▁▁▁▁▁▁▁▁▁▁▁▁▁▁▁▁▁▁▁▁▁▁▁▁▁▁▁▁
wandb:                     optimization/samples ▁▁▁▁▁▁▁▁▁▁▁▁▁▁▁▁▁▁▁▁▁▁▁▁▁▁▁▁▁▁▁▁▁▁▁▁▁▁
wandb:                     optimization/seconds ▂▂▁▁▂▁▂▁▁▂▂▂▁▃▂▂▃▂▂▁▂▂▃▂▂▂▂▂▁▂▁▂▄▄▂▂▃█
wandb:                       successful_updates ▁▁▁▂▂▂▂▂▃▃▃▃▃▃▄▄▄▄▄▅▅▅▅▅▆▆▆▆▆▆▇▇▇▇▇███
wandb:  train_eval/ATSP/macro_actual_regret_pct █▇▄▂█▂▆▅▂▁▁▂▄▂▁▁▅▁▁▁▁▁▁▁▁▁▁▁▁▁▁▁▁▁▁▁▁▁
wandb:                 train_eval/ATSP/macro_ce ▃▃▂▁█▁▂▄▂▁▁▂▁▁▁▁▂▁▁▁▁▁▁▁▁▁▁▁▁▁▁▁▁▁▁▁▁▁
wandb:          train_eval/ATSP/macro_mean_cost █▇▄▂█▂▆▅▂▁▁▂▄▂▁▁▅▁▁▁▁▁▁▁▁▁▁▁▁▁▁▁▁▁▁▁▁▁
wandb:               train_eval/ATSP/macro_top1 ▁▁▄▆▁▆▅▂▅█▇▆▆█▇█▆█████████████████████
wandb:     train_eval/ATSP/macro_top1_tie_aware ▁▁▄▆▁▆▅▂▅█▇▆▆█▇█▆█████████████████████
wandb:               train_eval/ATSP/macro_top2 ▄▄▅█▁█▇▅██████████████████████████████
wandb:               train_eval/ATSP/macro_top3 ▁▆▆█▁█▇▅██████████████████████████████
wandb: train_eval/ATSP/macro_vbs_gap_closed_pct ▁▂▅▇▁▇▃▄▇██▇▅▇██▄█████████████████████
wandb:      train_eval/ATSP/macro_vs_oracle_pct █▇▄▂█▂▆▅▂▁▁▂▄▂▁▁▅▁▁▁▁▁▁▁▁▁▁▁▁▁▁▁▁▁▁▁▁▁
wandb:         train_eval/ATSP/macro_vs_sbs_pct █▇▄▂█▂▆▅▂▁▁▂▄▂▁▁▅▁▁▁▁▁▁▁▁▁▁▁▁▁▁▁▁▁▁▁▁▁
wandb:  train_eval/CVRP/macro_actual_regret_pct █▅▆▅▆▄▆▂▃▃▄▁▃▃▁▂▁▁▁▁▁▁▁▁▁▁▁▁▁▁▁▁▁▁▁▁▁▁
wandb:                 train_eval/CVRP/macro_ce █▇▅▅▅▅▅▆▅▃▄▂▅▄▂▂▂▂▁▁▁▁▁▁▁▁▁▁▁▁▁▁▁▁▁▁▁▁
wandb:          train_eval/CVRP/macro_mean_cost █▆▆▅▆▄▅▃▄▃▄▁▃▃▁▂▁▁▁▁▁▁▁▁▁▁▁▁▁▁▁▁▁▁▁▁▁▁
wandb:               train_eval/CVRP/macro_top1 ▁▂▁▃▂▂▃▁▂▅▄▇▅▅▇▆▇▇▇█▇███▇█████████████
wandb:     train_eval/CVRP/macro_top1_tie_aware ▁▂▁▃▂▂▃▁▂▅▄▇▅▅▇▆▇▇▇█▇███▇█████████████
wandb:               train_eval/CVRP/macro_top2 ▁▃▃▄▄▄▄▄▃▆▅▇▆▆█▇██████████████████████
wandb:               train_eval/CVRP/macro_top3 ▁▁▂▄▃▃▃▃▃▅▄▇▅▅▇▇▇▇█▇████▇█████████████
wandb: train_eval/CVRP/macro_vbs_gap_closed_pct ▁▃▃▄▃▅▄▆▅▆▅█▆▆█▇██████████████████████
wandb:      train_eval/CVRP/macro_vs_oracle_pct █▆▆▅▆▄▅▃▄▃▄▁▃▃▁▂▁▁▁▁▁▁▁▁▁▁▁▁▁▁▁▁▁▁▁▁▁▁
wandb:         train_eval/CVRP/macro_vs_sbs_pct █▆▆▅▆▄▅▃▄▃▄▁▃▃▁▂▁▁▁▁▁▁▁▁▁▁▁▁▁▁▁▁▁▁▁▁▁▁
wandb:  train_eval/MVRP/macro_actual_regret_pct ▆▄▃▄█▃▂▃▃▂▂▂▂▂▂▂▃▂▂▂▂▁▁▁▂▁▁▁▁▁▁▁▁▁▁▁▁▁
wandb:                 train_eval/MVRP/macro_ce ██▅▅▇▅▄▅▄▄▃▃▄▃▃▃▃▃▂▃▂▁▁▁▁▁▂▁▁▁▁▁▁▁▁▁▁▁
wandb:          train_eval/MVRP/macro_mean_cost ▅▄▃▃█▂▂▃▂▂▂▁▁▂▁▁▃▂▂▁▂▁▁▁▁▁▁▁▁▁▁▁▁▁▁▁▁▁
wandb:               train_eval/MVRP/macro_top1 ▁▂▃▂▁▃▄▃▃▅▆▆▆▆▆▆▆▆▇▇▇▇▇███▇███████████
wandb:     train_eval/MVRP/macro_top1_tie_aware ▁▂▃▂▁▃▄▃▃▅▆▆▆▆▆▆▆▆▇▇▇▇▇██▇▇███████████
wandb:               train_eval/MVRP/macro_top2 ▁▁▄▅▂▅▆▂▅▆▇▇▇▇▇▇▆▆▇▇▇█████████████████
wandb:               train_eval/MVRP/macro_top3 ▁▂▅▅▄▅▆▅▆▆▇▇▇▇▇▇▇▇█▇▇█████▇███████████
wandb: train_eval/MVRP/macro_vbs_gap_closed_pct ▃▄▄▃▁▅▆▆▄▆▇▇▇▇▇▇▅▇▇▇▇█████████████████
wandb:      train_eval/MVRP/macro_vs_oracle_pct ▅▄▃▄█▃▂▃▃▂▂▂▂▂▁▂▃▂▂▂▂▁▁▁▁▁▁▁▁▁▁▁▁▁▁▁▁▁
wandb:         train_eval/MVRP/macro_vs_sbs_pct ▆▄▃▄█▃▂▃▃▂▂▂▂▂▁▂▃▂▂▂▂▁▁▁▁▁▁▁▁▁▁▁▁▁▁▁▁▁
wandb:   train_eval/TSP/macro_actual_regret_pct █▂▇▁▂▄▃▃▂▂▁▂▁▂▁▁▁▂▁▁▁▁▁▁▁▁▁▁▁▁▁▁▁▁▁▁▁▁
wandb:                  train_eval/TSP/macro_ce ▇▇█▃▇▆▃▅▄▂▂▃▃▃▂▂▁▃▁▁▂▁▁▁▁▁▁▁▁▁▁▁▁▁▁▁▁▁
wandb:           train_eval/TSP/macro_mean_cost █▃▇▂▂▄▃▃▃▂▂▂▂▂▁▂▁▂▁▁▁▁▁▁▁▁▁▁▁▁▁▁▁▁▁▁▁▁
wandb:                train_eval/TSP/macro_top1 ▄▁▄▆▂▆▇▇▇▇▇█▆▇█▇█▆████████████████████
wandb:      train_eval/TSP/macro_top1_tie_aware ▃▁▄▆▃▆▇▇▇▇▇█▆▇█▇█▆████████████████████
wandb:                train_eval/TSP/macro_top2 ▂▁▄▆▂▅▇▇▆▇▇█▇▇▇▇█▇████████████████████
wandb:                train_eval/TSP/macro_top3 ▂▁▃▆▃▅▇▆▆▇▇▇▇▇█▇█▇████████████████████
wandb:  train_eval/TSP/macro_vbs_gap_closed_pct ▁▆▂▇▇▅▆▆▆▇▇▇▇▇█▇█▇████████████████████
wandb:       train_eval/TSP/macro_vs_oracle_pct █▃▇▂▂▄▃▃▃▂▂▂▂▂▁▂▁▂▁▁▁▁▁▁▁▁▁▁▁▁▁▁▁▁▁▁▁▁
wandb:          train_eval/TSP/macro_vs_sbs_pct █▃▇▂▂▄▃▃▃▂▂▂▂▂▁▂▁▂▁▁▁▁▁▁▁▁▁▁▁▁▁▁▁▁▁▁▁▁
wandb:       train_eval/macro_actual_regret_pct ▇▅▄▄█▃▄▃▃▂▂▂▂▂▁▂▃▂▁▁▁▁▁▁▁▁▁▁▁▁▁▁▁▁▁▁▁▁
wandb:                      train_eval/macro_ce ▇▆▄▄█▄▄▆▃▃▃▂▃▂▂▂▃▂▁▂▂▁▁▁▁▁▁▁▁▁▁▁▁▁▁▁▁▁
wandb:               train_eval/macro_mean_cost ▆▄▃▄█▃▃▃▃▂▂▂▂▂▁▂▃▂▂▁▂▁▁▁▁▁▁▁▁▁▁▁▁▁▁▁▁▁
wandb:                    train_eval/macro_top1 ▁▁▃▃▁▄▄▃▄▆▆▆▆▆▇▆▆▆▇▇▇▇████████████████
wandb:          train_eval/macro_top1_tie_aware ▁▁▃▃▁▄▄▃▄▆▆▆▆▆▇▆▆▆▇▇▇▇████████████████
wandb:                    train_eval/macro_top2 ▁▁▄▅▁▅▆▃▅▆▇▇▇▇▇▇▇▇▇▇▇█████████████████
wandb:                    train_eval/macro_top3 ▁▂▄▅▃▅▆▅▆▆▇▇▇▇▇▇▇▇█▇▇█████████████████
wandb:      train_eval/macro_vbs_gap_closed_pct ▁▄▃▄▂▅▅▅▅▇▇▇▆▇▇▇▆▇█▇▇█████████████████
wandb:           train_eval/macro_vs_oracle_pct ▇▅▄▃█▃▃▃▃▂▂▂▂▂▁▂▃▂▂▁▁▁▁▁▁▁▁▁▁▁▁▁▁▁▁▁▁▁
wandb:              train_eval/macro_vs_sbs_pct ▇▅▄▄█▃▃▃▃▂▂▂▂▂▁▂▃▂▂▁▁▁▁▁▁▁▁▁▁▁▁▁▁▁▁▁▁▁
wandb:         val/ATSP/macro_actual_regret_pct █▇▄▂█▂▆▅▂▁▁▂▄▂▁▁▅▁▁▁▁▁▁▁▁▁▁▁▁▁▁▁▁▁▁▁▁▁
wandb:                        val/ATSP/macro_ce ▃▃▂▁█▁▂▄▂▁▁▂▁▁▁▁▂▁▁▁▁▁▁▁▁▁▁▁▁▁▁▁▁▁▁▁▁▁
wandb:                 val/ATSP/macro_mean_cost █▇▄▂█▂▆▅▂▁▁▂▄▂▁▁▅▁▁▁▁▁▁▁▁▁▁▁▁▁▁▁▁▁▁▁▁▁
wandb:                      val/ATSP/macro_top1 ▁▁▃▅▁▆▅▂▅█▇▆▆▇▇█▆▇██▇▇█████████▇██████
wandb:            val/ATSP/macro_top1_tie_aware ▁▁▃▅▁▆▅▂▅█▇▆▆▇▇█▆▇██▇▇█████████▇██████
wandb:                      val/ATSP/macro_top2 ▄▄▅█▁▇▇▅██████████████████████████████
wandb:                      val/ATSP/macro_top3 ▁▆▆█▁█▇▅██████████████████████████████
wandb:        val/ATSP/macro_vbs_gap_closed_pct ▁▂▅▇▁▇▃▄▇██▇▅▇██▄█████████████████████
wandb:             val/ATSP/macro_vs_oracle_pct █▇▄▂█▂▆▅▂▁▁▂▄▂▁▁▅▁▁▁▁▁▁▁▁▁▁▁▁▁▁▁▁▁▁▁▁▁
wandb:                val/ATSP/macro_vs_sbs_pct █▇▄▂█▂▆▅▂▁▁▂▄▂▁▁▅▁▁▁▁▁▁▁▁▁▁▁▁▁▁▁▁▁▁▁▁▁
wandb:         val/CVRP/macro_actual_regret_pct █▆▆▅▆▄▆▃▄▃▄▂▃▃▁▂▁▁▁▁▁▁▁▁▁▁▁▁▁▁▁▁▁▁▁▁▁▁
wandb:                        val/CVRP/macro_ce █▆▅▅▅▅▄▆▅▃▄▂▄▄▂▂▂▂▁▁▁▁▁▁▁▁▁▁▁▁▁▁▁▁▁▁▁▁
wandb:                 val/CVRP/macro_mean_cost █▆▆▅▆▄▅▄▄▃▄▂▃▃▁▂▁▁▁▁▁▁▁▁▁▁▁▁▁▁▁▁▁▁▁▁▁▁
wandb:                      val/CVRP/macro_top1 ▂▂▂▃▃▃▄▁▂▅▅▇▅▅▇▆▇▇▇▇▇▇████▇███████████
wandb:            val/CVRP/macro_top1_tie_aware ▂▂▂▃▃▃▄▁▂▅▅▇▅▅▇▆▇▇▇▇▇▇████▇███████████
wandb:                      val/CVRP/macro_top2 ▁▃▃▄▄▄▄▄▃▆▅▇▆▅█▇▇▇███▇████████████████
wandb:                      val/CVRP/macro_top3 ▁▁▂▃▃▃▃▄▂▅▄▇▅▅▇▇▇▇█▇█▇████████████████
wandb:        val/CVRP/macro_vbs_gap_closed_pct ▁▃▃▄▃▅▄▅▅▆▅▇▆▆█▇██████████████████████
wandb:             val/CVRP/macro_vs_oracle_pct █▆▆▅▆▄▅▄▄▃▄▂▃▃▁▂▁▁▁▁▁▁▁▁▁▁▁▁▁▁▁▁▁▁▁▁▁▁
wandb:                val/CVRP/macro_vs_sbs_pct █▆▆▅▆▄▅▄▄▃▄▂▃▃▁▂▁▁▁▁▁▁▁▁▁▁▁▁▁▁▁▁▁▁▁▁▁▁
wandb:         val/MVRP/macro_actual_regret_pct ▆▄▃▄█▃▂▃▃▂▂▁▁▂▁▂▃▂▂▂▂▁▁▁▂▁▁▁▁▁▁▁▁▁▁▁▁▁
wandb:                        val/MVRP/macro_ce ██▄▄▇▄▄▅▄▄▂▂▃▂▃▃▃▃▁▂▂▁▁▁▁▁▂▁▁▁▁▁▁▁▁▁▁▁
wandb:                 val/MVRP/macro_mean_cost ▅▄▃▃█▂▂▂▂▂▁▁▁▂▁▁▃▂▂▂▂▁▁▁▂▁▁▁▁▁▁▁▁▁▁▁▁▁
wandb:                      val/MVRP/macro_top1 ▁▂▃▂▁▃▄▃▃▅▆▆▇▆▇▆▅▅▇▆▇▇▇█▇▇▇███▇▇▇███▇█
wandb:            val/MVRP/macro_top1_tie_aware ▁▂▃▂▁▃▄▃▃▅▆▆▇▆▇▆▅▅▇▆▇▇▇█▇▇▇███▇▇▇███▇█
wandb:                      val/MVRP/macro_top2 ▁▁▅▅▂▅▇▂▅▆▇▇▇▇▇▆▅▆▇▆▆███▇▇████████████
wandb:                      val/MVRP/macro_top3 ▁▂▅▆▄▅▇▅▆▆▇▇▇▇▇▇▇▇█▇▇███▇█▇███████████
wandb:        val/MVRP/macro_vbs_gap_closed_pct ▃▄▅▂▁▅▆▆▄▆▇▇▇▇▇▇▅▇▇▇▇▇██▇▇▇███████████
wandb:             val/MVRP/macro_vs_oracle_pct ▅▄▃▄█▃▂▃▃▂▁▁▁▂▁▁▃▂▂▂▂▁▁▁▂▁▁▁▁▁▁▁▁▁▁▁▁▁
wandb:                val/MVRP/macro_vs_sbs_pct ▅▄▃▄█▃▂▃▃▂▁▁▁▂▁▁▃▂▂▂▂▁▁▁▂▁▁▁▁▁▁▁▁▁▁▁▁▁
wandb:          val/TSP/macro_actual_regret_pct █▃▇▁▂▄▃▃▂▁▁▂▁▂▁▁▁▂▁▁▁▁▁▁▁▁▁▁▁▁▁▁▁▁▁▁▁▁
wandb:                         val/TSP/macro_ce ▆▇█▃▇▆▄▆▄▂▂▄▄▃▁▂▁▄▁▂▂▁▁▁▂▁▁▁▁▁▁▁▁▁▁▁▁▁
wandb:                  val/TSP/macro_mean_cost █▃▇▂▂▄▃▃▂▁▁▂▂▂▁▁▁▂▁▁▁▁▁▁▁▁▁▁▁▁▁▁▁▁▁▁▁▁
wandb:                       val/TSP/macro_top1 ▄▁▅▆▃▆▇▇▇▇▇█▆▇█▇█▆██▇▇██▇███▇▇████████
wandb:             val/TSP/macro_top1_tie_aware ▄▁▅▆▃▆▇▇▇▇▇█▆▇█▇█▆██▇▇██▇███▇▇████████
wandb:                       val/TSP/macro_top2 ▃▁▄▆▁▆██▇▇▇█▆▇▇▇▇▇▇█▇▇██▇█████████████
wandb:                       val/TSP/macro_top3 ▃▁▃▆▂▆▇▇▆▇▆█▆▇▇▇██▇▇▇▇████████████████
wandb:         val/TSP/macro_vbs_gap_closed_pct ▁▆▂▇▇▅▆▆▇██▇▇▇███▇████████████████████
wandb:              val/TSP/macro_vs_oracle_pct █▃▇▂▂▄▃▃▂▁▁▂▂▂▁▁▁▂▁▁▁▁▁▁▁▁▁▁▁▁▁▁▁▁▁▁▁▁
wandb:                 val/TSP/macro_vs_sbs_pct █▃▇▂▂▄▃▃▂▁▁▂▂▂▁▁▁▂▁▁▁▁▁▁▁▁▁▁▁▁▁▁▁▁▁▁▁▁
wandb:              val/macro_actual_regret_pct ▇▅▄▄█▃▄▃▃▂▂▂▂▂▁▂▃▂▂▂▁▁▁▁▁▁▁▁▁▁▁▁▁▁▁▁▁▁
wandb:                             val/macro_ce ▆▆▄▃█▃▃▅▃▃▂▂▃▂▂▂▂▂▁▂▂▁▁▁▁▁▁▁▁▁▁▁▁▁▁▁▁▁
wandb:                      val/macro_mean_cost ▆▄▃▄█▃▃▃▃▂▂▁▂▂▁▁▃▂▂▂▂▁▁▁▂▁▁▁▁▁▁▁▁▁▁▁▁▁
wandb:                           val/macro_top1 ▁▁▃▃▁▄▄▃▄▆▆▆▆▆▇▇▆▆▇▇▇▇████████████████
wandb:                 val/macro_top1_tie_aware ▁▁▃▃▁▄▄▃▄▆▆▆▆▆▇▇▆▆▇▇▇▇████████████████
wandb:                           val/macro_top2 ▁▁▄▅▁▅▆▃▅▆▇▇▇▇▇▇▆▇▇▇▇█████████████████
wandb:                           val/macro_top3 ▁▂▄▅▃▅▆▅▅▆▆▇▇▇▇▇▇▇█▇▇█████████████████
wandb:             val/macro_vbs_gap_closed_pct ▁▄▃▄▂▅▅▅▄▇▇▇▆▇▇▇▆▇▇▇▇█████████████████
wandb:                  val/macro_vs_oracle_pct ▇▅▄▄█▃▃▃▃▂▂▂▂▂▁▁▃▂▂▂▁▁▁▁▂▁▁▁▁▁▁▁▁▁▁▁▁▁
wandb:                     val/macro_vs_sbs_pct ▇▅▄▄█▃▃▃▃▂▂▂▂▂▁▁▃▂▂▂▁▁▁▁▂▁▁▁▁▁▁▁▁▁▁▁▁▁
wandb: 
wandb: Run summary:
wandb:                                    epoch 38
wandb:                      gpu/peak_memory_gib 13.22019
wandb:                 optimization/amp_skipped 22
wandb:                          optimization/ce 1.07919
wandb:          optimization/consistency_weight 0.35
wandb:                          optimization/kl 0.0036
wandb:                        optimization/loss 0.45524
wandb:                          optimization/lr 0.0
wandb:                        optimization/pair 0.48696
wandb:                        optimization/risk 1.37858
wandb:                     optimization/samples 180000
wandb:                     optimization/seconds 130.25028
wandb:                       successful_updates 54036
wandb:  train_eval/ATSP/macro_actual_regret_pct 0.40471
wandb:                 train_eval/ATSP/macro_ce 0.6564
wandb:          train_eval/ATSP/macro_mean_cost 1.6416
wandb:               train_eval/ATSP/macro_top1 0.7561
wandb:     train_eval/ATSP/macro_top1_tie_aware 0.7671
wandb:               train_eval/ATSP/macro_top2 0.9573
wandb:               train_eval/ATSP/macro_top3 0.9934
wandb: train_eval/ATSP/macro_vbs_gap_closed_pct 85.26774
wandb:      train_eval/ATSP/macro_vs_oracle_pct 0.40031
wandb:         train_eval/ATSP/macro_vs_sbs_pct -2.25561
wandb:  train_eval/CVRP/macro_actual_regret_pct 0.65974
wandb:                 train_eval/CVRP/macro_ce 1.3981
wandb:          train_eval/CVRP/macro_mean_cost 17.98909
wandb:               train_eval/CVRP/macro_top1 0.4616
wandb:     train_eval/CVRP/macro_top1_tie_aware 0.4617
wandb:               train_eval/CVRP/macro_top2 0.6759
wandb:               train_eval/CVRP/macro_top3 0.8198
wandb: train_eval/CVRP/macro_vbs_gap_closed_pct 45.32535
wandb:      train_eval/CVRP/macro_vs_oracle_pct 0.54861
wandb:         train_eval/CVRP/macro_vs_sbs_pct -0.45028
wandb:  train_eval/MVRP/macro_actual_regret_pct 1.01077
wandb:                 train_eval/MVRP/macro_ce 1.05942
wandb:          train_eval/MVRP/macro_mean_cost 11.56823
wandb:               train_eval/MVRP/macro_top1 0.47864
wandb:     train_eval/MVRP/macro_top1_tie_aware 0.47871
wandb:               train_eval/MVRP/macro_top2 0.83589
wandb:               train_eval/MVRP/macro_top3 0.94369
wandb: train_eval/MVRP/macro_vbs_gap_closed_pct 25.40867
wandb:      train_eval/MVRP/macro_vs_oracle_pct 0.98601
wandb:         train_eval/MVRP/macro_vs_sbs_pct -1.08366
wandb:   train_eval/TSP/macro_actual_regret_pct 0.632
wandb:                  train_eval/TSP/macro_ce 1.55354
wandb:           train_eval/TSP/macro_mean_cost 8.00823
wandb:                train_eval/TSP/macro_top1 0.3878
wandb:      train_eval/TSP/macro_top1_tie_aware 0.3921
wandb:                train_eval/TSP/macro_top2 0.6262
wandb:                train_eval/TSP/macro_top3 0.7691
wandb:  train_eval/TSP/macro_vbs_gap_closed_pct 44.84434
wandb:       train_eval/TSP/macro_vs_oracle_pct 0.619
wandb:          train_eval/TSP/macro_vs_sbs_pct -0.4977
wandb:       train_eval/macro_actual_regret_pct 0.93656
wandb:                      train_eval/macro_ce 1.0833
wandb:               train_eval/macro_mean_cost 11.17569
wandb:                    train_eval/macro_top1 0.48806
wandb:          train_eval/macro_top1_tie_aware 0.48897
wandb:                    train_eval/macro_top2 0.82209
wandb:                    train_eval/macro_top3 0.92987
wandb:      train_eval/macro_vbs_gap_closed_pct 30.92041
wandb:           train_eval/macro_vs_oracle_pct 0.90879
wandb:              train_eval/macro_vs_sbs_pct -1.08103
wandb:         val/ATSP/macro_actual_regret_pct 0.33206
wandb:                        val/ATSP/macro_ce 0.62004
wandb:                 val/ATSP/macro_mean_cost 1.63502
wandb:                      val/ATSP/macro_top1 0.771
wandb:            val/ATSP/macro_top1_tie_aware 0.78
wandb:                      val/ATSP/macro_top2 0.969
wandb:                      val/ATSP/macro_top3 0.994
wandb:        val/ATSP/macro_vbs_gap_closed_pct 87.63673
wandb:             val/ATSP/macro_vs_oracle_pct 0.33337
wandb:                val/ATSP/macro_vs_sbs_pct -2.30102
wandb:         val/CVRP/macro_actual_regret_pct 0.68164
wandb:                        val/CVRP/macro_ce 1.35348
wandb:                 val/CVRP/macro_mean_cost 18.20499
wandb:                      val/CVRP/macro_top1 0.487
wandb:            val/CVRP/macro_top1_tie_aware 0.487
wandb:                      val/CVRP/macro_top2 0.69
wandb:                      val/CVRP/macro_top3 0.823
wandb:        val/CVRP/macro_vbs_gap_closed_pct 48.45846
wandb:             val/CVRP/macro_vs_oracle_pct 0.52473
wandb:                val/CVRP/macro_vs_sbs_pct -0.48837
wandb:         val/MVRP/macro_actual_regret_pct 1.02871
wandb:                        val/MVRP/macro_ce 1.07611
wandb:                 val/MVRP/macro_mean_cost 11.55425
wandb:                      val/MVRP/macro_top1 0.47133
wandb:            val/MVRP/macro_top1_tie_aware 0.47133
wandb:                      val/MVRP/macro_top2 0.8334
wandb:                      val/MVRP/macro_top3 0.94093
wandb:        val/MVRP/macro_vbs_gap_closed_pct 24.06315
wandb:             val/MVRP/macro_vs_oracle_pct 0.99834
wandb:                val/MVRP/macro_vs_sbs_pct -1.0404
wandb:          val/TSP/macro_actual_regret_pct 0.60143
wandb:                         val/TSP/macro_ce 1.66508
wandb:                  val/TSP/macro_mean_cost 7.91711
wandb:                       val/TSP/macro_top1 0.368
wandb:             val/TSP/macro_top1_tie_aware 0.374
wandb:                       val/TSP/macro_top2 0.595
wandb:                       val/TSP/macro_top3 0.757
wandb:         val/TSP/macro_vbs_gap_closed_pct 46.07227
wandb:              val/TSP/macro_vs_oracle_pct 0.60526
wandb:                 val/TSP/macro_vs_sbs_pct -0.51136
wandb:              val/macro_actual_regret_pct 0.94699
wandb:                             val/macro_ce 1.0989
wandb:                      val/macro_mean_cost 11.1706
wandb:                           val/macro_top1 0.48311
wandb:                 val/macro_top1_tie_aware 0.48394
wandb:                           val/macro_top2 0.81972
wandb:                           val/macro_top3 0.92711
wandb:             val/macro_vbs_gap_closed_pct 30.17304
wandb:                  val/macro_vs_oracle_pct 0.91325
wandb:                     val/macro_vs_sbs_pct -1.05038
wandb: 
wandb: You can sync this run to the cloud by running:
wandb: wandb sync code/V4/runs/R42_relation_query/relation_query_rdrop_seed2/wandb/offline-run-20261001_032404-0kuwgisj
wandb: Find logs at: code/V4/runs/R42_relation_query/relation_query_rdrop_seed2/wandb/offline-run-20261001_032404-0kuwgisj/logs
[complete B] epochs=38 best_epoch=30 test_read=False
[cache] TSP/test: 1000 instances, 4.5 MiB on cuda:0
[cache] CVRP/test: 1000 instances, 8.3 MiB on cuda:0
[cache] ATSP/test: 1000 instances, 38.4 MiB on cuda:0
[cache] OVRP/test: 1000 instances, 3.4 MiB on cuda:0
[cache] VRPB/test: 1000 instances, 3.4 MiB on cuda:0
[cache] VRPL/test: 1000 instances, 3.4 MiB on cuda:0
[cache] VRPTW/test: 1000 instances, 3.4 MiB on cuda:0
[cache] OVRPTW/test: 1000 instances, 3.4 MiB on cuda:0
[cache] OVRPB/test: 1000 instances, 3.4 MiB on cuda:0
[cache] OVRPL/test: 1000 instances, 3.4 MiB on cuda:0
[cache] VRPBL/test: 1000 instances, 3.4 MiB on cuda:0
[cache] VRPBTW/test: 1000 instances, 3.4 MiB on cuda:0
[cache] VRPLTW/test: 1000 instances, 3.4 MiB on cuda:0
[cache] OVRPBL/test: 1000 instances, 3.4 MiB on cuda:0
[cache] OVRPBTW/test: 1000 instances, 3.4 MiB on cuda:0
[cache] OVRPLTW/test: 1000 instances, 3.4 MiB on cuda:0
[cache] VRPBLTW/test: 1000 instances, 3.4 MiB on cuda:0
[cache] OVRPBLTW/test: 1000 instances, 3.4 MiB on cuda:0
[test R42A epoch 22] macro_top1=0.4735 top2=0.8137 top3=0.9224 vs_sbs=-1.000% vbs_closed=+27.77%
       TSP: top1=0.372 mean_cost=8.0423 (sbs=8.0829) vs_sbs=-0.50%
      CVRP: top1=0.436 mean_cost=18.2659 (sbs=18.3323) vs_sbs=-0.36%
      ATSP: top1=0.767 mean_cost=1.6302 (sbs=1.6697) vs_sbs=-2.36%
      OVRP: top1=0.346 mean_cost=7.4660 (sbs=7.4695) vs_sbs=-0.05%
      VRPB: top1=0.494 mean_cost=9.2908 (sbs=9.2951) vs_sbs=-0.05%
      VRPL: top1=0.303 mean_cost=12.3554 (sbs=12.3607) vs_sbs=-0.04%
     VRPTW: top1=0.436 mean_cost=17.6562 (sbs=18.4357) vs_sbs=-4.23%
    OVRPTW: top1=0.475 mean_cost=10.1176 (sbs=10.1233) vs_sbs=-0.06%
     OVRPB: top1=0.559 mean_cost=6.2953 (sbs=6.2963) vs_sbs=-0.02%
     OVRPL: top1=0.366 mean_cost=7.4467 (sbs=7.4537) vs_sbs=-0.09%
     VRPBL: top1=0.569 mean_cost=9.2458 (sbs=9.2492) vs_sbs=-0.04%
    VRPBTW: top1=0.456 mean_cost=18.9771 (sbs=19.5263) vs_sbs=-2.81%
    VRPLTW: top1=0.457 mean_cost=17.6248 (sbs=18.4269) vs_sbs=-4.35%
    OVRPBL: top1=0.561 mean_cost=6.3044 (sbs=6.3068) vs_sbs=-0.04%
   OVRPBTW: top1=0.510 mean_cost=10.6083 (sbs=10.6090) vs_sbs=-0.01%
   OVRPLTW: top1=0.482 mean_cost=10.1045 (sbs=10.1036) vs_sbs=+0.01%
   VRPBLTW: top1=0.465 mean_cost=19.0735 (sbs=19.6770) vs_sbs=-3.07%
  OVRPBLTW: top1=0.469 mean_cost=10.5994 (sbs=10.5928) vs_sbs=+0.06%
[test R42B epoch 30] macro_top1=0.4722 top2=0.8138 top3=0.9227 vs_sbs=-1.000% vbs_closed=+27.71%
       TSP: top1=0.361 mean_cost=8.0443 (sbs=8.0829) vs_sbs=-0.48%
      CVRP: top1=0.459 mean_cost=18.2622 (sbs=18.3323) vs_sbs=-0.38%
      ATSP: top1=0.760 mean_cost=1.6310 (sbs=1.6697) vs_sbs=-2.31%
      OVRP: top1=0.355 mean_cost=7.4661 (sbs=7.4695) vs_sbs=-0.05%
      VRPB: top1=0.495 mean_cost=9.2898 (sbs=9.2951) vs_sbs=-0.06%
      VRPL: top1=0.299 mean_cost=12.3554 (sbs=12.3607) vs_sbs=-0.04%
     VRPTW: top1=0.446 mean_cost=17.6533 (sbs=18.4357) vs_sbs=-4.24%
    OVRPTW: top1=0.464 mean_cost=10.1180 (sbs=10.1233) vs_sbs=-0.05%
     OVRPB: top1=0.550 mean_cost=6.2964 (sbs=6.2963) vs_sbs=+0.00%
     OVRPL: top1=0.366 mean_cost=7.4457 (sbs=7.4537) vs_sbs=-0.11%
     VRPBL: top1=0.551 mean_cost=9.2479 (sbs=9.2492) vs_sbs=-0.01%
    VRPBTW: top1=0.444 mean_cost=18.9802 (sbs=19.5263) vs_sbs=-2.80%
    VRPLTW: top1=0.468 mean_cost=17.6160 (sbs=18.4269) vs_sbs=-4.40%
    OVRPBL: top1=0.547 mean_cost=6.3054 (sbs=6.3068) vs_sbs=-0.02%
   OVRPBTW: top1=0.513 mean_cost=10.6075 (sbs=10.6090) vs_sbs=-0.01%
   OVRPLTW: top1=0.489 mean_cost=10.1024 (sbs=10.1036) vs_sbs=-0.01%
   VRPBLTW: top1=0.455 mean_cost=19.0719 (sbs=19.6770) vs_sbs=-3.07%
  OVRPBLTW: top1=0.478 mean_cost=10.5983 (sbs=10.5928) vs_sbs=+0.05%
