t,opt_steps,avg_loss,min_loss,max_loss,last_loss
1,20,0.172022,4e-06,3.065901,6e-06
2,20,0.001324,2e-06,0.004636,0.000171
3,20,0.081442,7.6e-05,0.195387,0.068216
4,20,0.061818,5.7e-05,0.161183,0.054141
5,20,0.17911,0.001659,0.588947,0.237219
6,20,0.142019,0.00285,0.501648,0.025364
7,20,0.187904,0.023005,0.457111,0.292138
8,20,0.093599,0.00166,0.267233,0.05026
9,20,0.114327,0.003693,0.485446,0.011613
10,20,0.119066,0.00033,0.3438,0.127787
11,20,0.104628,0.002405,0.264606,0.166512
12,20,0.09903,0.001021,0.315349,0.112991
13,20,0.109162,0.000594,0.399148,0.18571
14,20,0.086874,0.000235,0.200161,0.000235
15,20,0.112964,0.001071,0.313905,0.05276
16,20,0.065289,0.0,0.343551,0.004476
17,20,0.064048,7.9e-05,0.250962,0.178845
18,20,0.106256,0.000386,0.229066,0.14412
19,20,0.074136,1.8e-05,0.254216,1.8e-05
20,20,0.08505,0.003368,0.29614,0.052274
21,20,0.095316,0.000197,0.273107,0.037294
22,20,0.073456,0.002295,0.244081,0.125071
23,20,0.063941,0.000423,0.307312,0.00216
24,20,0.048326,0.001003,0.410167,0.410167
25,20,0.041218,3.5e-05,0.155676,0.019922
26,20,0.05378,0.00025,0.233536,0.233536
27,20,0.057632,5e-06,0.320527,0.002629
28,20,0.096884,4e-06,0.364689,0.364689
29,20,0.033846,0.0,0.187288,0.006764
30,20,0.071447,4e-05,0.318024,0.139078
31,20,0.065413,1.4e-05,0.176486,0.001538
32,20,0.067219,3.3e-05,0.223685,0.223685
33,20,0.067433,1e-06,0.316977,0.153893
34,20,0.051648,3e-06,0.176304,0.005956
35,20,0.046144,0.00023,0.408718,0.032462
36,20,0.065728,0.000359,0.291877,0.107043
37,20,0.049615,2.7e-05,0.392404,0.392404
38,20,0.033527,0.0,0.205061,0.013308
39,20,0.046592,0.001404,0.172494,0.134752
40,20,0.102044,0.001175,0.221128,0.036643
41,20,0.060122,0.000756,0.429965,0.006001
42,20,0.0481,7e-05,0.253045,0.02216
43,20,0.044774,0.000187,0.131916,0.000187
44,20,0.072619,0.002268,0.506314,0.09675
45,20,0.065988,0.001047,0.269736,0.112139
46,20,0.065818,0.000847,0.337611,0.032989
47,20,0.047064,0.000616,0.287498,0.008167
48,20,0.061922,1e-06,0.345166,0.000829
49,20,0.029231,0.001129,0.102469,0.014658
50,20,0.084197,0.001022,0.46378,0.006401
51,20,0.057481,0.000106,0.293284,0.103187
52,20,0.019363,1.4e-05,0.079694,0.001007
53,20,0.036355,0.001044,0.163596,0.003696
54,20,0.031329,1e-06,0.105451,0.037545
55,20,0.04139,0.000286,0.355374,0.00674
56,20,0.074426,0.00027,0.411181,0.008533
57,20,0.079279,0.002656,0.283112,0.002656
58,20,0.076823,7.9e-05,0.374113,0.015444
59,20,0.09441,4.6e-05,0.341418,0.216696
60,20,0.065773,8.6e-05,0.368943,0.024345
61,20,0.063241,3e-06,0.518171,0.039014
62,20,0.05043,0.001406,0.418924,0.054912
63,20,0.05651,0.000286,0.330525,0.012536
64,20,0.046371,0.000822,0.313428,0.004021
65,20,0.034379,0.002356,0.143088,0.075058
66,20,0.082517,4.4e-05,0.474451,0.125939
67,20,0.036783,0.001718,0.107151,0.023628
68,20,0.046663,0.0,0.306,0.101186
69,20,0.042626,1e-06,0.202455,0.031422
70,20,0.050204,0.000503,0.32522,0.002013
71,20,0.049463,0.000537,0.325372,0.019935
72,20,0.030345,0.000512,0.330019,0.005067
73,20,0.052092,5e-06,0.15738,0.071025
74,20,0.02138,8.5e-05,0.066116,0.031366
75,20,0.032333,0.000737,0.228313,0.000753
76,20,0.045606,0.00013,0.372158,0.00013
77,20,0.057048,8.9e-05,0.51059,0.007613
78,20,0.027682,3e-06,0.088277,0.034106
79,20,0.036163,0.000132,0.237567,0.237567
80,20,0.022983,0.000193,0.085363,0.014326
81,20,0.090015,0.00265,0.56495,0.02314
82,20,0.034097,4.3e-05,0.101244,0.000357
83,20,0.07193,0.0,0.588054,0.014204
84,20,0.042361,3.1e-05,0.095757,0.022691
85,20,0.044626,3.4e-05,0.170609,3.4e-05
86,20,0.028047,8.8e-05,0.111698,0.001068
87,20,0.043126,2.4e-05,0.32721,0.000631
88,20,0.066333,0.00103,0.309541,0.002485
89,20,0.041609,0.000614,0.140507,0.04387
90,20,0.036745,9.5e-05,0.157155,0.061911
91,20,0.085416,8.2e-05,0.424474,0.36438
92,20,0.057571,0.000109,0.137484,0.12342
93,20,0.032862,0.000546,0.088854,0.026648
94,20,0.026636,0.0,0.081776,0.007723
95,20,0.02412,4.4e-05,0.039455,4.4e-05
96,20,0.060048,0.000418,0.56231,0.095199
97,20,0.022317,4e-06,0.073357,0.001129
98,20,0.017532,1.1e-05,0.054216,0.001163
99,20,0.030473,0.0002,0.093492,0.0002
100,20,0.034389,5.3e-05,0.187545,0.029169
101,20,0.028212,0.001667,0.091786,0.037765
102,20,0.033936,1e-06,0.096807,0.037866
103,20,0.062674,0.003869,0.34693,0.05316
104,20,0.054142,0.001228,0.188378,0.020102
105,20,0.034295,0.0,0.126092,0.019929
106,20,0.030842,0.000309,0.079005,0.02336
107,20,0.040335,1e-06,0.13199,0.000258
108,20,0.032533,5.5e-05,0.07122,0.002738
109,20,0.057805,0.000522,0.533282,0.09481
110,20,0.048775,5e-06,0.346216,0.010488
111,20,0.034652,1.3e-05,0.128901,0.093422
112,20,0.038359,0.00365,0.162199,0.046451
113,20,0.043661,0.001597,0.280757,0.011456
114,20,0.070381,0.005162,0.274724,0.034048
115,20,0.028978,0.002018,0.076216,0.005114
116,20,0.061708,0.000298,0.305971,0.003135
117,20,0.061221,3e-05,0.602286,0.037126
118,20,0.032493,1.2e-05,0.294548,0.00166
119,20,0.032911,1e-06,0.100955,0.023858
120,20,0.043034,0.000432,0.180497,0.053435
121,20,0.040162,6e-05,0.160188,0.02007
122,20,0.025048,3.9e-05,0.081539,0.014731
123,20,0.067247,0.002743,0.288552,0.148745
124,20,0.063596,0.0,0.246172,0.00119
125,20,0.031265,3e-06,0.127994,0.005373
126,20,0.027977,0.000197,0.120034,0.047868
127,20,0.042421,2e-06,0.246548,0.002692
128,20,0.038695,3e-06,0.13,0.026687
129,20,0.025408,0.00015,0.103979,0.012943
130,20,0.048416,0.000328,0.21786,0.028621
131,20,0.030092,0.003309,0.080766,0.047859
132,20,0.024376,0.000681,0.109952,0.012012
133,20,0.038025,3e-06,0.113413,0.029381
134,20,0.076024,2.9e-05,0.443222,0.034348
135,20,0.028463,2.9e-05,0.085044,0.080496
136,20,0.04165,2e-06,0.325388,0.000321
137,20,0.019881,0.000442,0.084845,0.031359
138,20,0.028669,0.000229,0.107397,0.006376
139,20,0.070223,0.000612,0.337888,0.049416
140,20,0.036013,1.6e-05,0.23787,0.011863
141,20,0.018638,2.2e-05,0.067783,0.021798
142,20,0.04053,0.002574,0.173527,0.002574
143,20,0.07158,1.1e-05,0.574307,0.093507
144,20,0.038647,0.000283,0.189922,0.066865
145,20,0.02977,7.1e-05,0.091191,0.008701
146,20,0.025643,0.002125,0.071274,0.053572
147,20,0.040497,0.000129,0.298548,0.055015
148,20,0.059458,0.000217,0.622207,0.075498
149,20,0.055678,0.000358,0.632655,0.022405
150,20,0.057147,1e-06,0.559779,0.042758
151,20,0.043777,1.3e-05,0.308328,0.006865
152,20,0.025655,6.1e-05,0.124599,0.028708
153,20,0.035609,0.0,0.10358,0.070206
154,20,0.036938,4e-06,0.230259,0.001154
155,20,0.038462,0.001145,0.095303,0.002233
156,20,0.04723,6.6e-05,0.19493,0.0674
157,20,0.033049,2e-06,0.110141,0.021943
158,20,0.029415,7.9e-05,0.107115,7.9e-05
159,20,0.046784,0.001604,0.324127,0.002307
160,20,0.034077,0.000299,0.104731,0.008917
161,20,0.046571,8e-06,0.40453,0.020349
162,20,0.028398,0.00049,0.169849,0.019111
163,20,0.067111,0.0002,0.520497,0.023564
164,20,0.03402,0.0,0.16044,0.018907
165,20,0.042713,3.9e-05,0.192174,0.045067
166,20,0.028799,3e-06,0.177097,0.011511
167,20,0.052809,8.2e-05,0.337665,0.000618
168,20,0.061069,0.000191,0.383176,0.018572
169,20,0.048091,2.2e-05,0.278465,0.000306
170,20,0.029935,8e-05,0.074951,0.000449
171,20,0.03357,0.0,0.138254,0.00025
172,20,0.033308,2e-06,0.186327,0.186327
173,20,0.022597,0.000649,0.079517,0.028666
174,20,0.021918,1.1e-05,0.083284,0.015063
175,20,0.062804,9.9e-05,0.260836,0.000357
176,20,0.049791,0.001504,0.265378,0.010301
177,20,0.035465,0.002161,0.147858,0.013472
178,20,0.049949,0.00864,0.187185,0.034399
179,20,0.056636,0.000493,0.492667,0.00466
180,20,0.048476,0.000202,0.207492,0.011599
181,20,0.022213,0.0,0.094006,0.021621
182,20,0.022375,8.2e-05,0.108946,0.022221
183,20,0.039178,8.1e-05,0.346288,0.019748
184,20,0.031911,0.000891,0.116537,0.053489
185,20,0.021063,0.001413,0.13261,0.083896
186,20,0.035272,0.000329,0.103676,0.026843
187,20,0.041902,4e-06,0.210107,0.021557
188,20,0.032873,5.6e-05,0.095882,0.023345
189,20,0.044679,0.001056,0.318438,0.021568
190,20,0.025163,7.9e-05,0.058432,7.9e-05
191,20,0.037482,0.000201,0.192518,0.009078
192,20,0.027388,0.001092,0.059091,0.032704
193,20,0.043352,0.000141,0.197232,0.084045
194,20,0.019634,1e-06,0.143948,0.010845
195,20,0.025711,0.001028,0.098832,0.010413
196,20,0.029906,8.6e-05,0.120419,8.6e-05
197,20,0.034937,5e-06,0.183548,0.037757
198,20,0.027666,1e-06,0.082228,1e-06
199,20,0.029589,5.9e-05,0.06461,0.004484
200,20,0.017092,0.0,0.075875,0.000376
201,20,0.025896,0.000573,0.095644,0.040224
202,20,0.021406,0.000747,0.072103,0.017275
203,20,0.058758,0.001212,0.563918,0.034138
204,20,0.036208,5e-06,0.198782,0.059006
205,20,0.021118,1e-06,0.098193,0.000159
206,20,0.025257,8.4e-05,0.081387,0.000361
207,20,0.070825,0.001673,0.692855,0.025897
208,20,0.021332,2.2e-05,0.086141,0.086141
209,20,0.034468,0.000761,0.135865,0.005928
210,20,0.027323,0.000221,0.081536,0.005981
211,20,0.039279,3e-06,0.40159,0.02612
212,20,0.028401,0.000225,0.084924,0.001652
213,20,0.030057,2e-06,0.094591,0.000372
214,20,0.035305,2e-06,0.13092,0.026072
215,20,0.026704,0.00015,0.096179,0.021371
216,20,0.024879,8.1e-05,0.090953,0.00937
217,20,0.032109,5e-06,0.103299,0.072856
218,20,0.035288,0.002632,0.096847,0.058347
219,20,0.01397,8e-06,0.049964,0.001007
220,20,0.033156,1.2e-05,0.105148,0.058102
221,20,0.06948,0.0,0.35165,0.000689
222,20,0.032493,0.000893,0.125438,0.082003
223,20,0.047762,2.4e-05,0.324981,0.030649
224,20,0.033321,1.7e-05,0.170538,0.030327
225,20,0.025047,0.001103,0.06309,0.06309
226,20,0.037824,1e-06,0.248801,0.000372
227,20,0.026312,0.000139,0.07708,0.049335
228,20,0.027061,8.1e-05,0.060626,8.1e-05
229,20,0.030226,1e-06,0.230717,8.3e-05
230,20,0.048774,0.00118,0.519432,0.017454
231,20,0.031914,0.000339,0.09279,0.001582
232,20,0.023125,4e-05,0.063019,0.000659
233,20,0.022209,3.8e-05,0.045943,3.8e-05
234,20,0.025058,3.1e-05,0.092887,0.000166
235,20,0.019647,0.0,0.080616,0.020598
236,20,0.029484,0.000334,0.077211,0.05607
237,20,0.023704,0.001187,0.056076,0.001187
238,20,0.020228,0.00046,0.07833,0.005371
239,20,0.051705,1.8e-05,0.574244,0.00738
240,20,0.03235,0.00104,0.092776,0.092776
241,20,0.023924,0.005981,0.068208,0.028658
242,20,0.025147,0.000163,0.088923,0.035967
243,20,0.06929,0.000107,0.612998,0.035605
244,20,0.038527,0.000957,0.131212,0.027327
245,20,0.029291,0.00053,0.263993,0.011198
246,20,0.02905,0.00082,0.084247,0.084247
247,20,0.016129,4.1e-05,0.075286,0.006596
248,20,0.020086,4.2e-05,0.073193,0.010251
249,20,0.019833,1.3e-05,0.073394,0.004232
250,20,0.049062,0.003527,0.366038,0.366038
251,20,0.036313,0.000186,0.171512,0.038252
252,20,0.0171,0.001389,0.118662,0.002358
253,20,0.024565,4e-06,0.110803,0.029531
254,20,0.017058,0.0,0.042764,0.024266
255,20,0.03031,1.6e-05,0.097748,0.097748
256,20,0.033689,3.6e-05,0.185233,0.026282
257,20,0.022764,1.2e-05,0.046901,0.038554
258,20,0.050301,8.2e-05,0.388086,0.00584
259,20,0.037064,7.1e-05,0.321251,0.054103
260,20,0.034152,8e-05,0.197476,0.019428
261,20,0.022583,3.5e-05,0.070683,3.5e-05
262,20,0.043259,9e-06,0.333403,0.042598
263,20,0.018411,0.000418,0.054799,0.002737
264,20,0.055754,0.000224,0.685799,0.001414
265,20,0.046538,0.001362,0.362291,0.02614
266,20,0.019872,1.4e-05,0.105606,0.016619
267,20,0.027046,0.000193,0.092046,0.049496
268,20,0.02937,0.001211,0.060989,0.055964
269,20,0.027932,0.000875,0.063428,0.028391
270,20,0.04421,0.000101,0.382101,0.00576
271,20,0.021354,7.9e-05,0.072037,0.00381
272,20,0.023008,0.000746,0.056527,0.023799
273,20,0.03993,1.2e-05,0.361956,0.022825
274,20,0.034477,1.4e-05,0.370222,0.001083
275,20,0.037362,0.000727,0.088823,0.002542
276,20,0.029971,2.7e-05,0.098706,0.075034
277,20,0.020842,0.001043,0.06296,0.002412
278,20,0.033568,1e-06,0.313299,0.06221
279,20,0.019727,6e-06,0.103997,0.017968
280,20,0.034236,0.000284,0.097786,0.082135
281,20,0.023644,2.1e-05,0.079271,0.023262
282,20,0.058499,0.001693,0.572211,0.040189
283,20,0.059824,0.001074,0.504142,0.031223
284,20,0.027977,1.5e-05,0.088903,0.02479
285,20,0.04811,4e-06,0.331981,0.047548
286,20,0.018385,6e-06,0.090715,0.01458
287,20,0.023317,0.000461,0.064855,0.000461
288,20,0.019175,0.001168,0.05027,0.013779
289,20,0.02416,1e-06,0.063161,0.050957
290,20,0.03211,0.002418,0.079489,0.034375
291,20,0.02764,5.2e-05,0.075571,0.035147
292,20,0.029545,9e-06,0.17,0.001189
293,20,0.021306,0.000482,0.069659,0.033094
294,20,0.028094,0.000295,0.080306,0.042027
295,20,0.02463,1.9e-05,0.084193,0.015431
296,20,0.02987,2e-06,0.088796,0.027342
297,20,0.021582,0.000107,0.063105,0.013416
298,20,0.02229,2e-06,0.072952,0.023525
299,20,0.025237,3e-06,0.08897,0.031222
300,20,0.028594,3.3e-05,0.077292,0.047228
301,20,0.025179,5e-06,0.058824,0.017908
302,20,0.024118,0.000623,0.06501,0.005739
303,20,0.022077,7e-06,0.118476,0.000635
304,20,0.028393,1e-06,0.088655,0.02895
305,20,0.030612,0.00025,0.191607,0.060614
306,20,0.027638,0.000373,0.080568,0.037392
307,20,0.034243,2.9e-05,0.184977,0.083913
308,20,0.038042,1e-06,0.478465,0.004328
309,20,0.034665,4e-06,0.13755,0.052056
310,20,0.022209,0.000678,0.103789,0.000909
311,20,0.020537,0.000308,0.072004,0.009516
312,20,0.031953,0.001087,0.068433,0.007651
313,20,0.03651,2e-06,0.364179,0.000677
314,20,0.029057,0.0,0.115187,0.00028
315,20,0.045751,2.5e-05,0.312406,0.194198
316,20,0.017859,1e-06,0.053684,0.000664
317,20,0.048735,5.2e-05,0.502734,0.045118
318,20,0.027638,3e-06,0.12082,0.012519
319,20,0.032924,0.000469,0.066847,0.004182
320,20,0.036688,0.0,0.231381,0.00542
321,20,0.037792,0.000255,0.095725,0.017736
322,20,0.020664,0.0,0.073797,0.006087
323,20,0.009066,1e-06,0.078276,0.078276
324,20,0.029683,4.3e-05,0.089274,0.059301
325,20,0.03279,2.1e-05,0.246538,0.026714
326,20,0.02829,2e-06,0.085176,0.007775
327,20,0.026151,4e-06,0.069791,0.002624
328,20,0.027105,0.0,0.072833,0.028637
329,20,0.028005,3.4e-05,0.149397,0.039764
330,20,0.033315,2e-05,0.075798,0.036412
331,20,0.022235,9.7e-05,0.081895,0.008008
332,20,0.020313,0.001009,0.068209,0.005158
333,20,0.03895,0.000106,0.202618,0.001531
334,20,0.050746,0.000146,0.384929,0.012026
335,20,0.025869,4.5e-05,0.077808,0.02597
336,20,0.033082,0.000219,0.110487,0.110487
337,20,0.023101,1e-05,0.071514,0.046204
338,20,0.028744,0.00039,0.068308,0.026967
339,20,0.029397,0.001496,0.070774,0.053424
340,20,0.027833,5e-06,0.072962,0.00178
341,20,0.043017,0.000706,0.38955,0.041091
342,20,0.047274,0.000587,0.465883,0.002056
343,20,0.020249,0.000289,0.073214,0.06454
344,20,0.036017,0.000664,0.105833,0.044605
345,20,0.0275,0.000141,0.082501,0.002722
346,20,0.019322,0.0,0.050819,0.007945
347,20,0.026754,0.00054,0.070351,0.026203
348,20,0.027157,0.000456,0.074417,0.000475
349,20,0.018387,6.6e-05,0.069154,0.001737
350,20,0.046326,4e-06,0.21389,4.1e-05
351,20,0.022992,9.2e-05,0.058645,0.037886
352,20,0.024408,0.000605,0.055261,0.037572
353,20,0.02323,0.000274,0.064197,0.001559
354,20,0.025589,0.0,0.070306,0.037593
355,20,0.021407,4.1e-05,0.077882,0.025302
356,20,0.045663,0.000112,0.388566,0.388566
357,20,0.028722,3.4e-05,0.070227,0.000639
358,20,0.034761,0.0,0.150625,0.006846
359,20,0.04375,0.001078,0.442213,0.037192
360,20,0.028389,2e-06,0.070436,0.006118
361,20,0.020266,0.000124,0.074557,0.005757
362,20,0.056661,0.0,0.37709,0.092978
363,20,0.022965,3.2e-05,0.08933,0.000227
364,20,0.017365,0.001004,0.052509,0.016556
365,20,0.027738,0.001412,0.082244,0.029245
366,20,0.027336,0.000195,0.076051,0.024402
367,20,0.012852,5.7e-05,0.039156,0.020241
368,20,0.023222,8.3e-05,0.089521,0.004503
369,20,0.026905,3e-06,0.099234,0.000239
370,20,0.026201,1e-06,0.080308,0.010007
371,20,0.056655,0.002571,0.486171,0.193428
372,20,0.029813,0.0,0.154313,0.02214
373,20,0.032084,6.3e-05,0.096042,6.3e-05
374,20,0.024534,3.4e-05,0.090404,0.019328
375,20,0.039357,0.000566,0.202787,0.00385
376,20,0.021878,0.000394,0.085305,0.077678
377,20,0.039241,0.000951,0.117699,0.041688
378,20,0.051126,0.001197,0.532739,0.001197
379,20,0.036207,3e-05,0.291673,0.001329
380,20,0.044849,0.000289,0.315059,0.080904
381,20,0.030506,2e-05,0.082166,0.062204
382,20,0.051218,0.000113,0.40649,0.002269
383,20,0.041756,7.2e-05,0.172149,0.071384
384,20,0.029306,3.6e-05,0.094678,0.005679
385,20,0.034979,4.4e-05,0.209362,0.05478
386,20,0.0213,2e-06,0.08263,0.017427
387,20,0.017077,0.00015,0.071559,0.034458
388,20,0.043522,0.000208,0.425112,0.002768
389,20,0.019925,1.2e-05,0.074733,0.074733
390,20,0.057094,0.000572,0.43445,0.075354
391,20,0.028676,2e-06,0.092158,0.01709
392,20,0.023849,0.0,0.105408,5e-06
393,20,0.064154,3e-05,0.394453,0.000708
394,20,0.084559,0.000101,0.548052,0.000305
395,20,0.042608,7.9e-05,0.298357,0.033385
396,20,0.028698,2e-06,0.097281,0.058113
397,20,0.04221,0.000151,0.381447,0.087091
398,20,0.023067,9.2e-05,0.092921,9.2e-05
399,20,0.037133,0.000217,0.123935,0.03033
400,20,0.036942,1.8e-05,0.176947,0.002183
401,20,0.047532,0.000518,0.247034,0.021814
402,20,0.05309,1e-06,0.475201,0.001784
403,20,0.026521,7.7e-05,0.099718,0.033507
404,20,0.023469,2e-06,0.093596,0.037813
405,20,0.017692,2.1e-05,0.074363,0.023658
406,20,0.032735,7e-06,0.081879,0.035028
407,20,0.026346,2e-06,0.102023,0.102023
408,20,0.044006,0.000432,0.376252,0.122113
409,20,0.038953,0.000234,0.306927,0.00143
410,20,0.02611,0.001172,0.084125,0.039056
411,20,0.018573,4.3e-05,0.073446,0.004306
412,20,0.075945,0.00062,0.530979,0.016381
413,20,0.023257,0.000126,0.125297,0.057379
414,20,0.035153,0.001145,0.070933,0.04388
415,20,0.035877,0.000933,0.262749,0.066308
416,20,0.023973,0.000517,0.069906,0.006306
417,20,0.040282,0.000634,0.378733,0.016064
418,20,0.041069,0.000832,0.297757,0.005267
419,20,0.027053,0.000656,0.116079,0.004131
420,20,0.015787,0.000447,0.067235,0.000554
421,20,0.064182,0.000794,0.481132,0.032301
422,20,0.021553,0.000243,0.062554,0.049635
423,20,0.028493,0.000823,0.096321,0.02083
424,20,0.026212,4.5e-05,0.171996,0.030723
425,20,0.022824,4.7e-05,0.078838,0.004734
426,20,0.042189,0.001433,0.448548,0.014739
427,20,0.043335,0.000162,0.360179,0.053524
428,20,0.023241,0.0,0.05827,0.010676
429,20,0.02223,5e-06,0.082676,0.003143
430,20,0.025908,0.00099,0.072367,0.047583
431,20,0.026571,4e-06,0.236739,4e-06
432,20,0.040919,1.5e-05,0.401725,0.401725
433,20,0.059361,0.0,0.467505,0.010361
434,20,0.03297,0.000732,0.081106,0.042672
435,20,0.031608,3.5e-05,0.082938,0.009972
436,20,0.044482,0.001086,0.517547,0.005445
437,20,0.057522,0.000205,0.28405,0.050882
438,20,0.027804,6.1e-05,0.119738,0.017679
439,20,0.051322,2e-06,0.545568,0.001256
440,20,0.031325,7e-06,0.106528,0.025239
441,20,0.030388,0.000346,0.097269,0.024774
442,20,0.027124,1.6e-05,0.083281,0.000281
443,20,0.025836,6e-05,0.086798,0.036607
444,20,0.040264,0.000325,0.235382,0.09275
445,20,0.042276,0.000123,0.340095,0.074765
446,20,0.024858,9.2e-05,0.077905,0.031956
447,20,0.041401,1.3e-05,0.408607,0.01732
448,20,0.022855,0.000148,0.074218,0.007918
449,20,0.022151,4.3e-05,0.070444,0.000164
450,20,0.05503,0.000481,0.310264,0.001306
451,20,0.065737,0.00155,0.356636,0.005312
452,20,0.049395,0.0,0.175043,0.031137
453,20,0.051768,1e-06,0.478829,0.020096
454,20,0.026216,0.003503,0.066405,0.02888
455,20,0.02744,1e-06,0.168463,0.000485
456,20,0.044613,5e-06,0.333842,0.006558
457,20,0.041694,0.000245,0.096538,0.042057
458,20,0.042428,2.3e-05,0.317972,0.020805
459,20,0.030875,0.001317,0.114421,0.015435
460,20,0.031769,0.002257,0.127891,0.063103
461,20,0.043679,0.000119,0.286256,0.0049
462,20,0.027184,0.000349,0.077428,0.005791
463,20,0.025862,0.000144,0.102313,0.000564
464,20,0.048516,3.1e-05,0.362328,0.000951
465,20,0.045033,2.6e-05,0.408102,2.6e-05
466,20,0.067799,0.002796,0.402725,0.033611
467,20,0.044532,0.000229,0.474205,0.000517
468,20,0.025976,0.000477,0.063104,0.00115
469,20,0.040349,7e-05,0.226854,0.01158
470,20,0.040059,4e-06,0.185177,4e-06
471,20,0.049498,0.013279,0.13113,0.015943
472,20,0.044257,0.000176,0.320676,0.001215
473,20,0.026711,0.000388,0.068447,0.011595
474,20,0.030097,0.000299,0.269796,0.027071
475,20,0.089824,9e-06,0.393301,0.061309
476,20,0.034931,0.001867,0.147174,0.012827
477,20,0.027184,5.5e-05,0.094689,0.002719
478,20,0.031219,0.001647,0.081279,0.060597
479,20,0.037557,0.001042,0.224547,0.001504
480,20,0.029242,0.002214,0.073942,0.040344
481,20,0.026113,0.000408,0.074008,0.016124
482,20,0.018554,1.2e-05,0.058748,0.00498
483,20,0.026546,0.001125,0.122803,0.005837
484,20,0.054616,0.000117,0.335229,0.002086
485,20,0.042035,6e-05,0.188785,0.003307
486,20,0.062642,3e-05,0.289054,0.030932
487,20,0.037492,6.3e-05,0.093798,0.053679
488,20,0.023414,0.00053,0.071943,0.01455
489,20,0.029847,3.3e-05,0.103917,3.3e-05
490,20,0.069072,0.000126,0.641383,0.055084
491,20,0.024153,0.000705,0.05874,0.004421
492,20,0.025216,0.000365,0.058573,0.031872
493,20,0.028255,2e-06,0.086392,0.004335
494,20,0.021248,0.000259,0.064246,0.03348
495,20,0.053044,0.000212,0.635657,0.635657
496,20,0.068541,0.000772,0.422191,0.004376
497,20,0.044504,0.002689,0.122027,0.038857
498,20,0.043475,0.00036,0.420858,0.000424
499,20,0.03158,2.6e-05,0.084519,0.01027
500,20,0.023178,2.5e-05,0.061805,0.005015
501,20,0.059166,3e-06,0.559022,0.015805
502,20,0.055248,0.000206,0.272595,0.114131
503,20,0.034485,1e-06,0.097269,0.068291
504,20,0.050899,4.3e-05,0.26781,0.028999
505,20,0.045444,8.5e-05,0.334049,0.006434
506,20,0.043626,0.001009,0.393325,0.393325
507,20,0.054886,3.2e-05,0.571989,0.054107
508,20,0.016567,6.1e-05,0.076369,0.076369
509,20,0.031653,0.000117,0.192508,0.001151
510,20,0.027199,0.000481,0.081651,0.001354
511,20,0.029845,0.00107,0.090506,0.090506
512,20,0.028915,2.1e-05,0.084059,2.6e-05
513,20,0.04853,2.7e-05,0.425184,0.036533
514,20,0.018004,0.000289,0.044366,0.01195
515,20,0.020019,0.000127,0.084912,0.005127
516,20,0.01899,4.8e-05,0.043366,0.012363
517,20,0.041714,0.000268,0.311724,0.036118
518,20,0.024612,7.4e-05,0.069689,0.005214
519,20,0.084266,0.000108,0.533724,0.035794
520,20,0.02075,6.4e-05,0.09619,0.025717
521,20,0.05101,4.1e-05,0.402349,0.020939
522,20,0.062537,4.1e-05,0.358254,0.044354
523,20,0.021731,1.5e-05,0.086286,0.06425
524,20,0.020338,3.2e-05,0.060024,0.039594
525,20,0.029295,0.000223,0.254957,0.000776
526,20,0.043202,3.7e-05,0.249537,0.016601
527,20,0.053936,0.00208,0.422324,0.018518
528,20,0.068995,7.2e-05,0.473518,0.065863
529,20,0.027693,0.000156,0.062219,0.031725
530,20,0.050308,0.0,0.437661,0.019875
531,20,0.022316,0.0,0.072408,0.000306
532,20,0.02705,5.7e-05,0.081272,0.018067
533,20,0.02081,0.001233,0.060941,0.009456
534,20,0.014905,9e-06,0.053383,0.000736
535,20,0.019934,0.000109,0.050677,0.004031
536,20,0.019704,0.001237,0.069802,0.018587
537,20,0.045216,2.3e-05,0.348495,0.072796
538,20,0.025901,4.8e-05,0.085961,0.059861
539,20,0.053192,3e-05,0.637888,0.002726
540,20,0.020737,2.9e-05,0.07734,0.000237
541,20,0.025956,0.000515,0.079162,0.026449
542,20,0.02165,0.000312,0.057795,0.025005
543,20,0.044757,1e-06,0.318525,0.15764
544,20,0.041819,0.000325,0.125253,0.040775
545,20,0.020982,0.000255,0.06537,0.003076
546,20,0.03842,0.000633,0.312602,0.312602
547,20,0.037514,0.000438,0.261237,0.040666
548,20,0.030432,0.000717,0.100377,0.00623
549,20,0.031737,0.001109,0.076913,0.064724
550,20,0.065542,2e-05,0.629674,0.629674
551,20,0.062825,0.000132,0.631597,0.056536
552,20,0.067377,0.000817,0.336559,0.03702
553,20,0.045288,4.9e-05,0.445634,0.002901
554,20,0.053102,4.7e-05,0.457487,0.079292
555,20,0.027617,6e-05,0.171262,0.008538
556,20,0.052646,0.00027,0.73171,0.021929
557,20,0.026493,5e-06,0.065019,0.020583
558,20,0.044048,2.1e-05,0.310543,0.012011
559,20,0.035718,0.000254,0.164366,0.036311
560,20,0.032486,7e-05,0.260393,0.012491
561,20,0.049697,6.7e-05,0.415822,0.0002
562,20,0.025879,0.000314,0.064883,0.045307
563,20,0.024104,0.000452,0.067057,0.003839
564,20,0.061443,7.2e-05,0.366281,0.095095
565,20,0.022326,0.000125,0.089761,0.000307
566,20,0.031441,0.000582,0.265637,0.008838
567,20,0.03278,6e-06,0.093331,0.040032
568,20,0.025149,4.6e-05,0.075806,0.038584
569,20,0.058587,0.000119,0.394136,0.004302
570,20,0.025593,0.000478,0.10614,0.000557
571,20,0.017275,0.000279,0.057233,0.007986
572,20,0.032853,0.00015,0.133921,0.024151
573,20,0.025173,0.000624,0.133648,0.044253
574,20,0.05039,0.0,0.43721,0.005285
575,20,0.022631,6e-06,0.057123,0.013779
576,20,0.038195,9.2e-05,0.176432,0.049983
577,20,0.018258,0.001464,0.056474,0.00343
578,20,0.020704,2e-06,0.06429,0.011822
579,20,0.051078,0.0,0.333391,0.003346
580,20,0.049457,6.6e-05,0.555143,0.080616
581,20,0.030479,0.00071,0.064486,0.004002
582,20,0.021839,1.8e-05,0.084196,0.010565
583,20,0.042108,0.000284,0.299636,0.003179
584,20,0.018083,0.000584,0.068886,0.0025
585,20,0.032241,0.003021,0.113971,0.003021
586,20,0.027554,0.000314,0.069057,0.049457
587,20,0.036432,6.2e-05,0.191382,0.106056
588,20,0.031016,0.000276,0.085816,0.03205
589,20,0.068415,4.7e-05,0.61379,7.9e-05
590,20,0.023451,0.000103,0.066261,0.020184
591,20,0.022696,6.6e-05,0.093709,0.000884
592,20,0.017587,4e-05,0.073913,0.003621
593,20,0.047528,0.000515,0.338654,0.004481
594,20,0.056211,0.000345,0.343596,0.028053
595,20,0.031602,2e-05,0.130086,0.013966
596,20,0.026221,0.000171,0.06353,0.004871
597,20,0.021977,0.000226,0.071751,0.014247
598,20,0.041722,0.001726,0.344627,0.01684
599,20,0.044988,0.003011,0.386988,0.020249
600,20,0.020831,1.4e-05,0.093334,0.027455
601,20,0.025995,1.9e-05,0.081692,0.010928
602,20,0.048285,1e-06,0.323414,0.003014
603,20,0.020401,9.2e-05,0.09394,0.004533
604,20,0.028349,0.000123,0.136501,0.028632
605,20,0.0309,0.000885,0.07211,0.07211
606,20,0.055389,2e-05,0.681763,0.026042
607,20,0.029094,6.3e-05,0.106514,0.027731
608,20,0.030137,0.001719,0.083293,0.059938
609,20,0.046486,2.5e-05,0.375156,0.019283
610,20,0.029893,0.000863,0.084491,0.003617
611,20,0.047656,0.0,0.48836,0.008134
612,20,0.036086,0.000141,0.112895,0.001902
613,20,0.027897,0.001911,0.062579,0.005694
614,20,0.04708,8.2e-05,0.248589,0.008518
615,20,0.024512,3.6e-05,0.079629,0.024099
616,20,0.046514,0.000386,0.49081,0.009626
617,20,0.029774,1.7e-05,0.109342,1.7e-05
618,20,0.013643,0.000167,0.082653,0.015941
619,20,0.016817,0.00014,0.071368,0.019643
620,20,0.05394,0.001581,0.653463,0.653463
621,20,0.055469,1e-06,0.372106,0.009547
622,20,0.074594,0.000252,0.540538,0.000252
623,20,0.033578,1e-06,0.109249,0.000854
624,20,0.038303,0.000315,0.074659,0.050331
625,20,0.032177,0.002871,0.121334,0.01127
626,20,0.03506,5.5e-05,0.192161,0.0256
627,20,0.048104,5.2e-05,0.355407,0.004353
628,20,0.049471,0.000283,0.429187,0.007202
629,20,0.035618,1e-06,0.194157,0.032269
630,20,0.024269,0.000487,0.087186,0.047706
631,20,0.014807,0.000719,0.045259,0.007015
632,20,0.058034,9.8e-05,0.319461,0.010672
633,20,0.052588,0.0,0.495218,0.071482
634,20,0.023801,3.8e-05,0.079634,0.02754
635,20,0.040622,6e-05,0.151483,0.064181
636,20,0.025442,0.002726,0.082166,0.067744
637,20,0.046879,0.00073,0.419873,0.005451
638,20,0.044842,2.7e-05,0.454105,0.024709
639,20,0.042514,2.2e-05,0.446936,0.053199
640,20,0.052294,6e-06,0.364796,0.019553
641,20,0.055393,2e-06,0.349101,2e-06
642,20,0.027896,4.1e-05,0.075735,0.000421
643,20,0.047577,0.000234,0.388086,0.046243
644,20,0.054995,0.000196,0.313153,0.005253
645,20,0.025164,0.002247,0.080417,0.04589
646,20,0.028911,0.001774,0.125448,0.015977
647,20,0.05906,0.000598,0.384583,0.026731
648,20,0.02666,0.001183,0.067914,0.061048
649,20,0.034348,0.002458,0.140339,0.051463
650,20,0.04312,0.000403,0.270369,0.001029
651,20,0.057254,2.3e-05,0.462003,0.014507
652,20,0.028177,5.5e-05,0.062991,0.001593
653,20,0.026013,0.000316,0.087944,0.009241
654,20,0.04006,2.1e-05,0.277526,0.003757
655,20,0.02487,0.001334,0.090856,0.002517
656,20,0.079868,0.000117,0.591338,0.000117
657,20,0.030717,0.0,0.075035,0.025759
658,20,0.024437,0.000552,0.070676,0.070543
659,20,0.068687,0.00055,0.619002,0.007358
660,20,0.020792,7.6e-05,0.061356,0.04199
661,20,0.061285,0.000995,0.35052,0.013785
662,20,0.032845,0.000466,0.0964,0.06706
663,20,0.033299,0.001131,0.125707,0.014146
664,20,0.03255,0.003388,0.194998,0.003388
665,20,0.06184,0.000423,0.654369,0.025807
666,20,0.03619,0.001024,0.068596,0.065617
667,20,0.021137,3e-06,0.069158,0.00141
668,20,0.018658,1.6e-05,0.063925,0.007904
669,20,0.037794,0.0,0.225111,0.010963
670,20,0.024496,1e-05,0.099305,0.099305
671,20,0.037415,0.000315,0.097829,0.001926
672,20,0.02546,7e-06,0.08702,0.006226
673,20,0.050301,6.3e-05,0.361217,0.013929
674,20,0.051685,0.000673,0.406538,0.055439
675,20,0.033937,0.000436,0.117543,0.037007
676,20,0.019881,0.000459,0.135574,0.001529
677,20,0.023951,0.000194,0.128545,0.024232
678,20,0.021057,0.00015,0.072945,0.001515
679,20,0.027714,0.000344,0.062882,0.056564
680,20,0.02961,0.002706,0.105163,0.023424
681,20,0.022288,0.000399,0.073116,0.003464
682,20,0.023932,2.7e-05,0.074117,0.074117
683,20,0.074901,0.000631,0.699914,0.00629
684,20,0.029625,0.002014,0.065957,0.052804
685,20,0.022974,8.6e-05,0.068974,0.001276
686,20,0.026265,7.9e-05,0.078106,0.005463
687,20,0.05816,2e-06,0.42832,0.050673
688,20,0.02935,0.00171,0.113916,0.012109
689,20,0.0507,0.000201,0.42326,0.000904
690,20,0.055892,0.003585,0.436888,0.112867
691,20,0.032006,0.000104,0.104092,0.000104
692,20,0.031293,0.0,0.155808,0.004223
693,20,0.024852,0.003167,0.054434,0.048239
694,20,0.035347,0.005405,0.222757,0.060212
695,20,0.043049,1.4e-05,0.230094,0.108469
696,20,0.025423,0.0,0.063366,9e-06
697,20,0.037373,0.001649,0.134259,0.066237
698,20,0.062094,0.000112,0.599114,0.000188
699,20,0.052114,0.000605,0.420712,0.016992
700,20,0.030193,3.5e-05,0.193698,0.000882
701,20,0.031238,3.3e-05,0.137996,0.00347
702,20,0.034138,3.2e-05,0.181215,0.044113
703,20,0.041495,1.9e-05,0.45536,0.001101
704,20,0.017851,6e-06,0.055497,0.001341
705,20,0.049048,3e-05,0.486526,0.070159
706,20,0.031323,8.3e-05,0.137691,8.3e-05
707,20,0.042259,0.0,0.096774,0.009314
708,20,0.034662,0.000905,0.071095,0.058484
709,20,0.043326,0.000117,0.424006,0.424006
710,20,0.02595,3.1e-05,0.097553,0.001737
711,20,0.038955,0.002383,0.093342,0.06013
712,20,0.024852,6.9e-05,0.054757,0.031367
713,20,0.079436,0.000241,0.642382,0.034542
714,20,0.04425,0.000445,0.371332,0.000445
715,20,0.057418,0.00022,0.572237,0.017396
716,20,0.021419,0.000849,0.069286,0.015776
717,20,0.032822,0.000677,0.078887,0.004725
718,20,0.023208,2.7e-05,0.06777,0.06777
719,20,0.026844,0.000738,0.068184,0.04576
720,20,0.043142,1.3e-05,0.245301,0.011331
721,20,0.022031,1.2e-05,0.078601,0.078601
722,20,0.057396,0.000386,0.440232,0.005884
723,20,0.019161,0.000354,0.078824,0.004653
724,20,0.013909,3.4e-05,0.056164,0.008553
725,20,0.028771,0.000492,0.066763,0.012274
726,20,0.025532,0.0,0.145247,0.009354
727,20,0.039282,0.000884,0.331406,0.003635
728,20,0.018779,0.000148,0.058786,0.005761
729,20,0.026068,0.000312,0.108463,0.015778
730,20,0.027102,0.000913,0.080975,0.080975
731,20,0.043533,0.000123,0.306045,0.065828
732,20,0.030695,0.000656,0.070255,0.044262
733,20,0.019955,6e-05,0.064927,0.010675
734,20,0.045025,0.000388,0.260596,0.014021
735,20,0.040904,0.000482,0.402976,0.008877
736,20,0.032943,0.001327,0.097179,0.017146
737,20,0.02249,0.000228,0.070797,0.062807
738,20,0.031962,8e-06,0.100633,0.011315
739,20,0.038201,0.009086,0.250229,0.059845
740,20,0.036219,0.000131,0.217535,0.000131
741,20,0.019888,0.000386,0.072269,0.062368
742,20,0.034638,0.001482,0.132064,0.00566
743,20,0.021291,1.7e-05,0.092995,0.022666
744,20,0.020736,0.0,0.070777,0.011948
745,20,0.032094,2.2e-05,0.147091,0.147091
746,20,0.024258,9e-06,0.081079,0.057526
747,20,0.037308,0.000478,0.134484,0.01629
748,20,0.025368,0.001205,0.075309,0.052721
749,20,0.046909,0.001049,0.459967,0.035166
750,20,0.033866,3.2e-05,0.398843,0.034331
751,20,0.048852,0.000267,0.20877,0.018152
752,20,0.037931,0.000277,0.104546,0.075669
753,20,0.030688,0.000483,0.107365,0.028282
754,20,0.028556,9e-06,0.096079,0.070901
755,20,0.015041,0.000372,0.061929,0.003217
756,20,0.01575,9.4e-05,0.056111,0.02869
757,20,0.089311,0.004296,0.487141,0.020454
758,20,0.03282,0.000368,0.083591,0.040728
759,20,0.027648,0.000317,0.118309,0.084697
760,20,0.02573,0.000299,0.099684,0.000299
761,20,0.027461,3.2e-05,0.083486,0.004607
762,20,0.027853,0.000939,0.066902,0.046082
763,20,0.047533,0.000621,0.379976,0.060186
764,20,0.046988,0.001435,0.495174,0.001862
765,20,0.037274,0.001086,0.310954,0.001463
766,20,0.032783,0.000225,0.23382,0.015486
767,20,0.022674,0.000633,0.075372,0.067592
768,20,0.033833,0.000169,0.117684,0.052269
769,20,0.054402,0.000128,0.682555,0.051732
770,20,0.030197,0.002167,0.130749,0.052331
771,20,0.039598,0.000152,0.222253,0.028694
772,20,0.036263,8.1e-05,0.079396,0.00123
773,20,0.030088,3e-06,0.080747,0.080747
774,20,0.01883,0.000278,0.057783,0.002712
775,20,0.042398,0.00019,0.348281,0.012498
776,20,0.044631,0.000144,0.446663,0.000732
777,20,0.018854,4e-06,0.102101,4e-06
778,20,0.019618,0.000381,0.068575,0.000381
779,20,0.046492,4e-06,0.466515,0.000865
780,20,0.038209,0.000686,0.396106,0.021533
781,20,0.041218,0.000146,0.233603,0.013885
782,20,0.033025,1e-06,0.106015,0.082029
783,20,0.046894,0.000573,0.315187,0.015672
784,20,0.037927,3e-06,0.34943,0.062304
785,20,0.055917,0.000201,0.55579,0.032751
786,20,0.039104,0.000122,0.126562,0.000122
787,20,0.017321,0.000946,0.062371,0.009067
788,20,0.048422,7.3e-05,0.487643,0.019555
789,20,0.029302,0.001401,0.142016,0.054259
790,20,0.022737,0.000359,0.058489,0.019183
791,20,0.029925,1.4e-05,0.118748,0.00398
792,20,0.058037,0.000792,0.256998,0.002512
793,20,0.029259,0.000348,0.127642,0.000348
794,20,0.038942,6.1e-05,0.449971,6.1e-05
795,20,0.03403,0.000114,0.099845,0.037222
796,20,0.029731,0.000246,0.116824,0.033042
797,20,0.025536,0.00019,0.124622,0.124622
798,20,0.022765,0.0,0.072812,0.072812
799,20,0.029685,6.2e-05,0.083992,0.000699
800,20,0.032079,7.1e-05,0.093474,0.020414
801,20,0.023411,0.000573,0.053977,0.053977
802,20,0.060455,0.000197,0.627882,0.000197
803,20,0.025081,0.000234,0.075491,0.046825
804,20,0.029664,0.001736,0.063832,0.047466
805,20,0.028078,2e-06,0.180299,0.003588
806,20,0.030502,0.003165,0.060142,0.017079
807,20,0.038661,0.000943,0.130557,0.038018
808,20,0.031002,5.3e-05,0.125397,0.049951
809,20,0.017618,6.8e-05,0.050523,0.047057
810,20,0.025543,0.000832,0.083313,0.025494
811,20,0.043201,0.0,0.377978,0.006153
812,20,0.031386,0.001292,0.166107,0.037583
813,20,0.053521,9.7e-05,0.429868,0.101012
814,20,0.03065,4.6e-05,0.195906,0.04854
815,20,0.03263,5.8e-05,0.238342,5.8e-05
816,20,0.018036,2.8e-05,0.091875,0.017718
817,20,0.029697,4e-06,0.095328,0.006741
818,20,0.032438,0.001068,0.064633,0.00662
819,20,0.040202,1.6e-05,0.337249,0.078344
820,20,0.023526,0.000319,0.09032,0.000319
821,20,0.024353,4e-06,0.073973,0.013484
822,20,0.022918,0.000102,0.123456,0.000102
823,20,0.03369,0.000295,0.105108,0.003012
824,20,0.046097,7.3e-05,0.412024,0.01421
825,20,0.060964,8.1e-05,0.523638,8.1e-05
826,20,0.014778,3.9e-05,0.045272,0.027956
827,20,0.034262,0.000444,0.130585,0.017519
828,20,0.028717,0.000298,0.070804,0.015808
829,20,0.018891,0.000246,0.098947,0.039669
830,20,0.022812,0.0,0.09996,0.013417
831,20,0.028243,3e-06,0.072218,0.044282
832,20,0.027718,3.3e-05,0.075236,0.045066
833,20,0.035866,0.000821,0.060816,0.060816
834,20,0.027887,0.002812,0.073355,0.04431
835,20,0.028759,1.3e-05,0.094855,0.034927
836,20,0.057128,0.000277,0.356667,0.033813
837,20,0.03211,0.00046,0.064659,0.043259
838,20,0.027747,0.000108,0.23293,0.23293
839,20,0.021279,0.000212,0.079686,0.001334
840,20,0.029824,1.5e-05,0.071953,0.010898
841,20,0.035872,0.000763,0.161195,0.030993
842,20,0.054708,0.00028,0.463478,0.045516
843,20,0.041501,6.1e-05,0.299437,0.003303
844,20,0.030891,0.004009,0.072565,0.004009
845,20,0.039795,0.001771,0.090213,0.090213
846,20,0.021083,0.000129,0.113447,0.000129
847,20,0.026396,5e-06,0.096008,0.043467
848,20,0.025937,0.0,0.110661,0.072371
849,20,0.04573,3e-06,0.332073,4.4e-05
850,20,0.031111,3.9e-05,0.100164,0.066634
851,20,0.032533,0.000105,0.094329,0.041239
852,20,0.022746,0.001124,0.075285,0.003609
853,20,0.0213,0.000183,0.054606,0.020641
854,20,0.027563,0.001328,0.08682,0.001328
855,20,0.038238,2.8e-05,0.278882,0.014143
856,20,0.029762,0.00053,0.121026,0.009783
857,20,0.033719,0.00038,0.103179,0.00963
858,20,0.03397,0.000786,0.121304,0.000786
859,20,0.025786,4.1e-05,0.095637,0.00305
860,20,0.052475,0.000978,0.409664,0.060123
861,20,0.022856,0.000625,0.064696,0.000625
862,20,0.043852,0.000267,0.34742,0.002775
863,20,0.056972,1.7e-05,0.472574,0.066409
864,20,0.025384,0.00044,0.069056,0.011858
865,20,0.026314,8.9e-05,0.131148,0.131148
866,20,0.029262,1e-06,0.094982,0.057624
867,20,0.034734,2.6e-05,0.133381,0.001137
868,20,0.035079,0.0,0.199545,0.00847
869,20,0.043659,0.000213,0.126085,0.010954
870,20,0.031199,1.9e-05,0.086445,0.074063
871,20,0.029993,0.000445,0.083589,0.017054
872,20,0.032312,2.5e-05,0.174941,0.051766
873,20,0.038759,0.000434,0.141004,0.046287
874,20,0.032531,0.000683,0.147402,0.053991
875,20,0.042585,0.001832,0.429257,0.014663
876,20,0.034804,0.000543,0.113271,0.065934
877,20,0.024352,0.00028,0.069926,0.000713
878,20,0.020762,4.5e-05,0.069939,0.017335
879,20,0.029926,1.6e-05,0.076164,0.059992
880,20,0.022193,2.1e-05,0.084858,0.013138
881,20,0.024157,0.001027,0.131093,0.023636
882,20,0.025096,2e-05,0.073488,0.037548
883,20,0.028081,0.000914,0.071835,0.036278
884,20,0.034856,0.000147,0.221029,0.001524
885,20,0.038411,9.6e-05,0.359848,0.006018
886,20,0.022924,0.002484,0.066592,0.007401
887,20,0.021235,9.4e-05,0.062221,9.4e-05
888,20,0.0296,1e-05,0.077097,0.062339
889,20,0.018931,3e-06,0.082382,0.000783
890,20,0.05864,1e-06,0.670763,0.050386
891,20,0.023572,1.4e-05,0.085431,0.011244
892,20,0.03287,0.001666,0.089304,0.002103
893,20,0.032876,0.000191,0.175292,0.043525
894,20,0.018406,0.0,0.056912,0.026293
895,20,0.025056,3.4e-05,0.095346,0.05748
896,20,0.032421,0.00023,0.247455,0.005273
897,20,0.020087,0.001062,0.074814,0.003074
898,20,0.025225,0.000572,0.081921,0.001194
899,20,0.033649,0.002403,0.148502,0.016144
900,20,0.024646,0.001043,0.069102,0.038303
901,20,0.02426,0.001726,0.079114,0.039353
902,20,0.024041,2.6e-05,0.08109,0.001204
903,20,0.034282,9.2e-05,0.071199,0.002521
904,20,0.025369,0.000749,0.116185,0.012927
905,20,0.039568,0.000719,0.239089,0.030893
906,20,0.026927,0.001148,0.064585,0.045728
907,20,0.027359,9.3e-05,0.147836,0.002947
908,20,0.015114,0.00011,0.047911,0.001318
909,20,0.049441,0.001421,0.39108,0.069213
910,20,0.035069,2e-05,0.084335,0.066312
911,20,0.023146,0.001247,0.101177,0.101177
912,20,0.040593,0.002418,0.287607,0.057239
913,20,0.020352,4e-06,0.066141,0.004469
914,20,0.033881,2e-06,0.11813,0.070683
915,20,0.022132,0.000362,0.069223,0.015101
916,20,0.036628,0.000813,0.339113,0.082163
917,20,0.02991,0.000274,0.091262,0.053387
918,20,0.024868,0.004109,0.063779,0.019878
919,20,0.036456,0.000256,0.166054,0.059476
920,20,0.06358,0.001437,0.381142,0.361658
921,20,0.034068,3e-06,0.123313,0.029898
922,20,0.018475,0.000916,0.067569,0.023191
923,20,0.035178,1e-06,0.11617,0.028066
924,20,0.06073,0.000194,0.56662,0.000194
925,20,0.020903,0.001076,0.05805,0.029398
926,20,0.044399,0.000164,0.432411,0.063547
927,20,0.027195,0.001538,0.063096,0.031443
928,20,0.057806,1e-06,0.610377,0.034218
929,20,0.030714,0.000152,0.136242,0.012834
930,20,0.052951,0.000178,0.422828,0.095728
931,20,0.026927,5.2e-05,0.082599,0.039145
932,20,0.02952,0.00064,0.135338,0.009312
933,20,0.015688,0.0,0.069677,0.012436
934,20,0.032987,7.6e-05,0.246683,0.246683
935,20,0.017884,0.001555,0.059389,0.006116
936,20,0.034581,0.001224,0.250727,0.011774
937,20,0.02531,0.000462,0.063325,0.005517
938,20,0.051276,1.1e-05,0.408983,0.006573
939,20,0.028535,3e-05,0.079935,0.026995
940,20,0.055148,0.001723,0.4512,0.008091
941,20,0.0354,0.001638,0.156983,0.038949
942,20,0.019547,0.00115,0.069342,0.001937
943,20,0.028542,3.6e-05,0.137892,0.013519
944,20,0.026884,0.000385,0.10192,0.054239
945,20,0.075972,0.000321,0.572788,0.010262
946,20,0.0591,3.2e-05,0.403881,0.014059
947,20,0.052662,0.002158,0.251351,0.028596
948,20,0.050907,0.001489,0.345457,0.064627
949,20,0.033686,0.000928,0.126487,0.000928
950,20,0.031344,0.000264,0.155967,0.155967
951,20,0.015551,0.000394,0.059588,0.052192
952,20,0.029158,0.000251,0.135615,0.011231
953,20,0.023008,7.6e-05,0.064525,0.064525
954,20,0.023523,0.000451,0.068051,0.058094
955,20,0.031468,0.001982,0.115554,0.046971
956,20,0.042324,0.000984,0.217679,0.061276
957,20,0.041351,2.7e-05,0.396341,0.022844
958,20,0.025424,2.8e-05,0.079631,0.039956
959,20,0.024592,3.9e-05,0.0897,0.035083
960,20,0.067683,0.000293,0.753862,0.027655
961,20,0.037827,4e-06,0.399403,0.013162
962,20,0.028787,0.000585,0.061895,0.054168
963,20,0.019295,0.000737,0.064152,0.004756
964,20,0.065435,0.000715,0.548368,0.030723
965,20,0.03512,2.3e-05,0.085684,0.001732
966,20,0.018806,0.000159,0.060897,0.002073
967,20,0.05875,0.000402,0.372693,0.0305
968,20,0.043452,7e-06,0.355347,0.00293
969,20,0.033177,0.000272,0.140649,0.029697
970,20,0.02635,1e-06,0.080869,0.04943
971,20,0.042267,0.000347,0.27752,0.048211
972,20,0.025738,0.001876,0.06901,0.061477
973,20,0.023108,0.001048,0.06338,0.051242
974,20,0.031964,0.000605,0.130307,0.057506
975,20,0.023966,0.0,0.076667,0.043645
976,20,0.060978,0.001121,0.410663,0.086939
977,20,0.024341,0.000765,0.069292,0.008047
978,20,0.033737,9.9e-05,0.123475,0.01312
979,20,0.025254,8e-06,0.111344,8e-06
980,20,0.028948,3.2e-05,0.097132,0.045011
981,20,0.030636,0.001056,0.117644,0.02883
982,20,0.018922,3e-06,0.080424,0.022643
983,20,0.026798,2e-06,0.107355,0.051967
984,20,0.039936,4.1e-05,0.140825,0.053818
985,20,0.028214,0.001344,0.065546,0.007382
986,20,0.016901,0.000868,0.04618,0.000868
987,20,0.022276,4.6e-05,0.084668,0.010651
988,20,0.027069,5.5e-05,0.060875,0.001821
989,20,0.053971,0.000442,0.486166,0.000988
990,20,0.024136,2.4e-05,0.066143,0.030482
991,20,0.057179,0.002594,0.331424,0.072896
992,20,0.031227,0.001336,0.070572,0.002935
993,20,0.02954,0.000391,0.122786,0.122786
994,20,0.020431,0.0,0.0742,0.03396
995,20,0.033335,8.8e-05,0.095669,0.002267
996,20,0.032126,1.9e-05,0.10635,0.10635
997,20,0.025279,7.7e-05,0.08237,0.042348
998,20,0.02869,0.000635,0.149531,0.149531
999,20,0.019146,0.000119,0.059011,0.036187
1000,20,0.022249,1.2e-05,0.087434,0.014459
1001,20,0.020023,0.0,0.070436,0.037313
1002,20,0.022137,3e-05,0.073717,0.027054
1003,20,0.028304,0.000147,0.126767,0.017672
1004,20,0.030805,0.001048,0.096867,0.026288
1005,20,0.028452,2.6e-05,0.116135,0.008648
1006,20,0.02751,0.000211,0.088037,0.059988
1007,20,0.030886,0.000204,0.223183,0.020189
1008,20,0.068315,1e-05,0.259744,0.017491
1009,20,0.036496,7e-05,0.108994,0.006954
1010,20,0.023064,0.000824,0.070413,0.021209
1011,20,0.024644,7e-05,0.054171,0.000251
1012,20,0.020266,0.00014,0.061266,0.001662
1013,20,0.041222,3.6e-05,0.473512,0.007216
1014,20,0.040432,9.2e-05,0.439489,0.000231
1015,20,0.043455,0.000943,0.213061,0.052586
1016,20,0.061441,0.003351,0.443187,0.117345
1017,20,0.052464,3.6e-05,0.227151,0.102969
1018,20,0.018495,9.7e-05,0.080123,0.002635
1019,20,0.023677,0.00314,0.059302,0.021619
1020,20,0.031953,0.001099,0.124228,0.028831
1021,20,0.079512,0.000269,0.50652,0.050882
1022,20,0.04945,0.002208,0.407724,0.019456
1023,20,0.03659,8.9e-05,0.100122,0.083409
1024,20,0.048427,0.0,0.347382,0.070354
1025,20,0.022604,0.000207,0.078827,0.023896
1026,20,0.032124,0.003641,0.066662,0.050029
1027,20,0.028451,0.000201,0.138077,0.006286
1028,20,0.030679,0.00184,0.075953,0.011783
1029,20,0.062959,0.0,0.254431,0.0
1030,20,0.022178,6.4e-05,0.083989,0.006056
1031,20,0.023209,0.000677,0.060518,0.001487
1032,20,0.020717,0.001402,0.062311,0.014212
1033,20,0.045381,0.000447,0.315884,0.043401
1034,20,0.042496,3e-06,0.402705,0.000509
1035,20,0.021174,0.000442,0.082721,0.008693
1036,20,0.020138,0.00078,0.072403,0.037583
1037,20,0.026993,0.000221,0.14044,0.006014
1038,20,0.027323,0.000353,0.063481,0.063481
1039,20,0.025651,0.000387,0.071039,0.003186
1040,20,0.028491,0.000231,0.080757,0.072613
1041,20,0.034247,0.000761,0.125775,0.074769
1042,20,0.028272,1e-06,0.095656,0.031161
1043,20,0.016011,0.0,0.046554,0.001314
1044,20,0.024218,0.000175,0.069156,0.01019
1045,20,0.031328,4.5e-05,0.168927,0.017158
1046,20,0.040416,0.000946,0.142666,0.031035
1047,20,0.036993,5.1e-05,0.239759,0.024984
1048,20,0.03702,0.0,0.376757,0.029617
1049,20,0.043754,1.6e-05,0.122306,0.017476
1050,20,0.053549,5e-06,0.563094,0.000615
1051,20,0.04148,0.000434,0.153181,0.153181
1052,20,0.042343,0.000216,0.364341,0.000267
1053,20,0.031926,0.000279,0.08208,0.022574
1054,20,0.062806,0.000442,0.457549,0.064642
1055,20,0.016562,0.000321,0.056,0.001986
1056,20,0.018887,6e-06,0.058899,0.005924
1057,20,0.02574,0.000416,0.065007,0.006423
1058,20,0.025994,0.000519,0.15296,0.001479
1059,20,0.034165,0.000568,0.099852,0.054786
1060,20,0.020301,0.000458,0.059537,0.00172
1061,20,0.032815,0.000437,0.082162,0.039954
1062,20,0.061702,0.000851,0.378548,0.08555
1063,20,0.044477,0.000245,0.113277,0.000695
1064,20,0.057589,2.8e-05,0.425939,0.071682
1065,20,0.020583,4.5e-05,0.112128,0.031114
1066,20,0.035158,0.004691,0.070765,0.027625
1067,20,0.033318,4.1e-05,0.136939,0.011402
1068,20,0.01892,2e-05,0.075932,0.019379
1069,20,0.023176,0.000188,0.090759,0.090759
1070,20,0.022439,4.7e-05,0.078307,0.00655
1071,20,0.02299,0.000358,0.097276,0.025118
1072,20,0.050215,9.7e-05,0.334158,0.074043
1073,20,0.041489,2.2e-05,0.131002,0.049525
1074,20,0.044887,0.000441,0.229189,0.049833
1075,20,0.026744,0.002257,0.061748,0.016836
1076,20,0.030633,0.000538,0.160562,0.036308
1077,20,0.033436,4e-06,0.140446,0.065767
1078,20,0.026656,4.9e-05,0.087366,0.087366
1079,20,0.025056,0.002087,0.073778,0.044805
1080,20,0.029469,0.000948,0.125663,0.021377
1081,20,0.034497,0.000496,0.11561,0.11561
1082,20,0.028247,0.00045,0.073825,0.044035
1083,20,0.029577,0.0,0.083118,0.083118
1084,20,0.030384,0.00055,0.065083,0.064636
1085,20,0.013275,2e-05,0.052568,0.001032
1086,20,0.030961,0.000121,0.142063,0.058891
1087,20,0.032066,0.001152,0.138049,0.056867
1088,20,0.044537,1e-06,0.252234,0.063554
1089,20,0.05127,0.000152,0.425301,0.092841
1090,20,0.053784,7.2e-05,0.343394,7.2e-05
1091,20,0.034571,4e-05,0.091687,0.046363
1092,20,0.032504,0.000635,0.120376,0.006372
1093,20,0.030789,0.0,0.307017,3.8e-05
1094,20,0.02136,0.0,0.072914,0.000307
1095,20,0.029792,2e-06,0.079719,0.000484
1096,20,0.03094,4.6e-05,0.161809,0.005287
1097,20,0.029259,2.8e-05,0.083056,0.070092
1098,20,0.040448,1.1e-05,0.354894,0.001081
1099,20,0.037226,0.000258,0.093278,0.071094
1100,20,0.018774,0.000373,0.055782,0.041448
1101,20,0.024007,0.000964,0.186707,0.009117
1102,20,0.018514,0.000187,0.065956,0.012286
1103,20,0.020311,0.00421,0.073149,0.051288
1104,20,0.027156,1.5e-05,0.052486,0.017618
1105,20,0.023627,0.000226,0.071089,0.042231
1106,20,0.029332,0.000726,0.066405,0.007879
1107,20,0.019695,6.6e-05,0.061092,0.055809
1108,20,0.050393,0.000539,0.25326,0.02871
1109,20,0.027087,5.7e-05,0.078615,0.005203
1110,20,0.025673,4.1e-05,0.080591,0.041165
1111,20,0.033101,5.7e-05,0.280644,0.00043
1112,20,0.021873,2e-06,0.090683,0.008583
1113,20,0.034987,0.000866,0.150815,0.001956
1114,20,0.030669,0.000306,0.13301,0.009269
1115,20,0.024658,0.000137,0.067016,0.000438
1116,20,0.026933,1e-05,0.078828,0.045972
1117,20,0.035173,0.000185,0.252752,0.040041
1118,20,0.037371,0.000195,0.329891,0.017214
1119,20,0.019522,6.9e-05,0.065357,0.001331
1120,20,0.023087,2.4e-05,0.066466,0.012271
1121,20,0.029084,3.6e-05,0.150277,0.022161
1122,20,0.044772,0.000312,0.283926,0.014713
1123,20,0.01939,0.000354,0.066382,0.000933
1124,20,0.02481,0.002334,0.065181,0.008679
1125,20,0.054316,1.2e-05,0.605498,0.016551
1126,20,0.029192,1.3e-05,0.099998,0.0095
1127,20,0.031867,8.4e-05,0.123702,0.013708
1128,20,0.035807,0.001048,0.096391,0.014168
1129,20,0.048883,8e-05,0.517217,0.019325
1130,20,0.025801,0.000318,0.078794,0.048322
1131,20,0.037291,0.001381,0.06753,0.036798
1132,20,0.031225,0.000689,0.155929,0.060763
1133,20,0.031833,0.000336,0.109203,0.03066
1134,20,0.029867,2e-06,0.097272,0.007583
1135,20,0.02256,0.000624,0.070957,0.018755
1136,20,0.019776,1.8e-05,0.050806,0.040657
1137,20,0.031702,1.8e-05,0.158252,1.8e-05
1138,20,0.061353,5e-06,0.547662,0.040367
1139,20,0.040861,2e-05,0.10432,0.000164
1140,20,0.024469,1e-06,0.095705,0.062042
1141,20,0.028399,0.000341,0.141547,0.003153
1142,20,0.028119,1.8e-05,0.062862,0.05153
1143,20,0.044016,0.000163,0.432621,0.034124
1144,20,0.013882,0.000126,0.062238,0.002922
1145,20,0.022854,0.000673,0.069208,0.000988
1146,20,0.028616,0.00021,0.138911,0.011068
1147,20,0.038301,5.7e-05,0.175266,0.053186
1148,20,0.051798,0.000521,0.405485,0.00486
1149,20,0.046147,0.0,0.240856,0.05372
1150,20,0.030326,0.000403,0.073704,0.014164
1151,20,0.027989,0.001045,0.068453,0.026266
1152,20,0.020647,0.000109,0.062296,0.048238
1153,20,0.027028,0.001387,0.076797,0.002405
1154,20,0.031418,1e-06,0.142996,0.016034
1155,20,0.045505,1.8e-05,0.372494,0.043066
1156,20,0.020518,0.00053,0.065624,0.014644
1157,20,0.022163,0.000935,0.058061,0.033345
1158,20,0.021803,0.0,0.074273,0.074273
1159,20,0.06981,8.9e-05,0.589858,0.000365
1160,20,0.034536,0.000258,0.083119,0.03028
1161,20,0.026952,0.000221,0.083372,0.019319
1162,20,0.027156,1.9e-05,0.060498,1.9e-05
1163,20,0.026732,0.000765,0.138629,0.005657
1164,20,0.022703,1e-06,0.144493,0.000113
1165,20,0.018648,2.7e-05,0.047422,0.013744
1166,20,0.041265,1.4e-05,0.443525,0.002688
1167,20,0.026311,5.3e-05,0.076896,0.008102
1168,20,0.030903,5e-06,0.114462,0.003558
1169,20,0.019183,0.000401,0.051693,0.033954
1170,20,0.047921,0.000419,0.471658,0.047649
1171,20,0.048272,0.001621,0.462793,0.016087
1172,20,0.035889,1e-06,0.104922,0.085326
1173,20,0.042915,0.000402,0.150287,0.035342
1174,20,0.039332,1e-06,0.227325,0.000504
1175,20,0.028927,4.3e-05,0.083111,0.050666
1176,20,0.063721,3e-06,0.373386,0.05259
1177,20,0.026559,0.000514,0.067581,0.000514
1178,20,0.023849,8e-05,0.073888,0.058965
1179,20,0.016119,0.000363,0.056309,0.001975
1180,20,0.029387,0.00105,0.064307,0.046032
1181,20,0.026115,0.000449,0.168041,0.003716
1182,20,0.019883,0.000348,0.073552,0.000348
1183,20,0.05654,5.9e-05,0.390248,0.088997
1184,20,0.028144,3e-06,0.0867,0.071665
1185,20,0.025787,0.001677,0.064249,0.037937
1186,20,0.034169,1.1e-05,0.213062,0.027839
1187,20,0.026314,7.9e-05,0.192896,0.013751
1188,20,0.017687,6.8e-05,0.054014,0.002858
1189,20,0.032931,0.000738,0.065581,0.010636
1190,20,0.027648,0.000156,0.148298,0.002101
1191,20,0.035852,0.000275,0.127789,0.034997
1192,20,0.020971,4.6e-05,0.078787,0.072141
1193,20,0.020565,1e-06,0.064601,0.00041
1194,20,0.058539,0.001327,0.279715,0.012647
1195,20,0.029043,2.5e-05,0.105936,0.032103
1196,20,0.027138,5e-05,0.140453,0.008532
1197,20,0.029187,9e-06,0.084821,0.040896
1198,20,0.025388,5e-06,0.065279,0.002162
1199,20,0.018482,0.000247,0.078403,0.001099
1200,20,0.026526,0.000243,0.072828,0.005461
1201,20,0.067608,0.000228,0.604392,0.006686
1202,20,0.027495,9e-06,0.071904,0.040615
1203,20,0.024227,4.2e-05,0.058453,0.017089
1204,20,0.025225,0.0,0.077952,0.010375
1205,20,0.048202,0.002059,0.496367,0.004547
1206,20,0.019579,0.000221,0.074469,0.002143
1207,20,0.012456,6e-05,0.06532,0.005176
1208,20,0.028797,0.001835,0.068444,0.025489
1209,20,0.022282,0.001338,0.061793,0.013912
1210,20,0.039027,0.002429,0.164002,0.051458
1211,20,0.042607,0.000101,0.093499,0.065069
1212,20,0.02571,0.000297,0.086487,0.005652
1213,20,0.027076,0.000283,0.075389,0.050979
1214,20,0.023802,3.7e-05,0.055367,0.001885
1215,20,0.024501,0.000157,0.059622,0.049704
1216,20,0.022457,0.000105,0.091555,0.043633
1217,20,0.024618,0.000397,0.074301,0.074301
1218,20,0.030983,1.9e-05,0.076012,0.002587
1219,20,0.01908,6.6e-05,0.060164,0.003944
1220,20,0.029636,0.000502,0.119595,0.021134
1221,20,0.041798,0.001291,0.456478,0.060439
1222,20,0.025822,0.00027,0.069819,0.069819
1223,20,0.023819,0.000794,0.074988,0.059278
1224,20,0.035083,0.001208,0.265415,0.015592
1225,20,0.026027,1e-06,0.080418,0.074615
1226,20,0.104114,1.2e-05,0.511519,0.111528
1227,20,0.032741,0.001017,0.134574,0.056151
1228,20,0.034645,8.6e-05,0.077672,0.024191
1229,20,0.033761,6e-05,0.124848,0.006665
1230,20,0.025012,0.000184,0.089565,0.013406
1231,20,0.035036,0.000199,0.120071,0.000482
1232,20,0.021928,6e-06,0.078087,0.003947
1233,20,0.020222,0.000181,0.061741,0.056826
1234,20,0.024056,0.00017,0.127551,0.00924
1235,20,0.022185,0.0,0.083441,0.0
1236,20,0.022114,2e-06,0.081187,0.006285
1237,20,0.027786,0.001295,0.076797,0.024645
1238,20,0.014536,2.1e-05,0.082111,0.00041
1239,20,0.035778,0.0,0.153286,0.003969
1240,20,0.025905,0.002649,0.063131,0.044428
1241,20,0.0307,0.001191,0.127292,0.127292
1242,20,0.052444,0.000605,0.448722,0.000605
1243,20,0.026189,2.4e-05,0.066198,2.4e-05
1244,20,0.024646,9e-05,0.061317,9e-05
1245,20,0.027825,0.001108,0.070989,0.038923
1246,20,0.024484,1.4e-05,0.07297,0.007176
1247,20,0.028646,0.0002,0.150672,0.011395
1248,20,0.055896,3.3e-05,0.674881,0.002541
1249,20,0.034906,6.2e-05,0.102788,0.022338
1250,20,0.023891,0.000703,0.151484,0.002645
1251,20,0.0235,0.002115,0.051615,0.025614
1252,20,0.020036,0.000308,0.069376,0.003253
1253,20,0.034588,0.000335,0.110665,0.005653
1254,20,0.024804,0.000289,0.070824,0.052026
1255,20,0.034351,0.000206,0.162093,0.062646
1256,20,0.030698,0.00028,0.082767,0.008831
1257,20,0.047966,4.3e-05,0.623537,0.000527
1258,20,0.030276,0.00091,0.071388,0.025253
1259,20,0.037389,0.001827,0.224735,0.053467
1260,20,0.026525,0.0,0.106684,0.006896
1261,20,0.021111,0.000326,0.146128,0.000326
1262,20,0.031747,0.001774,0.11559,0.046276
1263,20,0.041939,0.000377,0.156743,0.003504
1264,20,0.016542,5.1e-05,0.03603,0.019042
1265,20,0.020655,0.000382,0.081593,0.020932
1266,20,0.054223,1e-06,0.306103,0.080554
1267,20,0.016904,1e-06,0.077808,0.000778
1268,20,0.049819,0.00155,0.416807,0.02358
1269,20,0.018927,0.00219,0.0716,0.00219
1270,20,0.024176,0.000101,0.058927,0.037388
1271,20,0.023839,4.8e-05,0.137335,4.8e-05
1272,20,0.04457,9.2e-05,0.42829,9.2e-05
1273,20,0.022157,8e-06,0.069493,3.5e-05
1274,20,0.025004,9.7e-05,0.084397,0.030386
1275,20,0.027587,0.000154,0.07147,0.057834
1276,20,0.06959,0.001566,0.633351,0.014531
1277,20,0.031922,0.003337,0.059335,0.029497
1278,20,0.018155,2e-05,0.077562,0.005843
1279,20,0.025878,0.000158,0.06494,0.023051
1280,20,0.018614,1e-05,0.051834,0.04348
1281,20,0.031478,0.000319,0.152171,0.050552
1282,20,0.033164,6.6e-05,0.165811,0.050395
1283,20,0.029825,0.000572,0.119902,0.028778
1284,20,0.033484,0.000503,0.076189,0.003648
1285,20,0.022338,1.9e-05,0.075474,0.020145
1286,20,0.026697,9.7e-05,0.083201,0.041078
1287,20,0.042432,1.8e-05,0.217404,0.043522
1288,20,0.026596,0.000299,0.076267,0.000299
1289,20,0.017103,0.000697,0.067948,0.011484
1290,20,0.050826,0.000482,0.531129,0.041519
1291,20,0.060248,0.000202,0.619065,0.053307
1292,20,0.024557,1.5e-05,0.081041,0.042788
1293,20,0.016759,0.000609,0.057378,0.003464
1294,20,0.027563,1.3e-05,0.153184,0.003264
1295,20,0.033374,0.000315,0.076781,0.014794
1296,20,0.02734,0.000503,0.079517,0.019449
1297,20,0.019894,0.000969,0.078519,0.003206
1298,20,0.034234,0.002355,0.0578,0.057731
1299,20,0.03369,5.5e-05,0.113083,0.028201
1300,20,0.033263,0.003059,0.087224,0.00476
1301,20,0.036702,0.001276,0.10781,0.10781
1302,20,0.027801,0.000744,0.07618,0.015759
1303,20,0.036927,2.8e-05,0.393204,3.1e-05
1304,20,0.026007,6.1e-05,0.101875,0.011716
1305,20,0.026644,0.000349,0.074582,0.035509
1306,20,0.024556,0.001529,0.136606,0.136606
1307,20,0.033216,4e-06,0.080807,0.064264
1308,20,0.0268,0.00111,0.128466,0.052712
1309,20,0.024983,0.000147,0.112722,0.00326
1310,20,0.031884,0.000244,0.096023,0.054398
1311,20,0.037433,0.000505,0.077131,0.037243
1312,20,0.019474,0.000393,0.055671,0.001821
1313,20,0.023916,9e-06,0.084724,0.004262
1314,20,0.022183,0.000156,0.064054,0.005994
1315,20,0.026832,0.000235,0.064758,0.005992
1316,20,0.028193,2.2e-05,0.111858,0.001812
1317,20,0.03069,0.002852,0.127964,0.037571
1318,20,0.033808,0.000724,0.149058,0.00139
1319,20,0.029107,0.000226,0.078714,0.078714
1320,20,0.031346,0.000421,0.127345,0.101868
1321,20,0.027514,0.0,0.10777,0.000112
1322,20,0.03538,0.000412,0.172944,0.067857
1323,20,0.023067,0.000578,0.061242,0.056786
1324,20,0.053545,0.000932,0.493432,0.000932
1325,20,0.060511,0.001112,0.717949,0.03879
1326,20,0.042316,0.000167,0.254335,0.011498
1327,20,0.019503,3.9e-05,0.060892,3.9e-05
1328,20,0.053992,4.3e-05,0.407971,0.064626
1329,20,0.033627,2.7e-05,0.065375,0.049391
1330,20,0.024218,0.000114,0.069908,0.04165
1331,20,0.024127,0.001119,0.090204,0.043204
1332,20,0.023704,0.000792,0.065467,0.041158
1333,20,0.029193,0.00036,0.065889,0.055148
1334,20,0.027099,0.001868,0.155885,0.008426
1335,20,0.034582,0.001329,0.069734,0.02168
1336,20,0.022596,9e-06,0.091704,0.005398
1337,20,0.028734,0.000689,0.134093,0.027119
1338,20,0.029196,0.000803,0.074919,0.074919
1339,20,0.025737,0.00018,0.117654,0.023189
1340,20,0.031362,0.000443,0.068877,0.019574
1341,20,0.027978,0.000646,0.125143,0.007666
1342,20,0.022114,0.000837,0.070201,0.013512
1343,20,0.030012,0.000615,0.220093,0.220093
1344,20,0.038164,0.000606,0.155026,0.014193
1345,20,0.022956,0.0,0.083519,0.009526
1346,20,0.016337,0.000369,0.060561,0.045856
1347,20,0.022214,0.0,0.067125,0.039531
1348,20,0.02999,5e-05,0.076268,0.06629
1349,20,0.038295,8.7e-05,0.26881,0.002419
1350,20,0.022138,0.001969,0.072466,0.007729
1351,20,0.024657,0.000219,0.128636,0.004944
1352,20,0.024027,0.000854,0.058697,0.007936
1353,20,0.028595,0.00025,0.096531,0.004609
1354,20,0.031494,0.002383,0.072461,0.031406
1355,20,0.033558,0.004965,0.147598,0.055474
1356,20,0.024114,0.00051,0.059851,0.003238
1357,20,0.028913,4.2e-05,0.068098,0.0101
1358,20,0.023581,0.000246,0.071934,0.016729
1359,20,0.042951,0.000306,0.273668,0.002049
1360,20,0.026958,0.000385,0.060876,0.029725
1361,20,0.023876,0.00095,0.089311,0.00095
1362,20,0.038356,1e-06,0.229065,0.024159
1363,20,0.024871,7e-06,0.116442,0.024772
1364,20,0.028995,1e-06,0.089415,0.049381
1365,20,0.02158,0.0,0.06011,2.2e-05
1366,20,0.028117,3.7e-05,0.138565,0.028167
1367,20,0.02261,0.000459,0.072471,0.049963
1368,20,0.039668,0.000469,0.296408,0.053988
1369,20,0.016459,4e-06,0.050434,0.042548
1370,20,0.031654,0.000618,0.068779,0.045343
1371,20,0.043784,0.000458,0.143287,0.036333
1372,20,0.040234,0.000365,0.3129,0.006169
1373,20,0.028183,0.000113,0.199551,0.006029
1374,20,0.05305,0.000999,0.43795,0.034424
1375,20,0.033259,0.0,0.120853,0.120853
1376,20,0.039046,6.1e-05,0.124434,0.003791
1377,20,0.029206,0.0,0.130626,0.007382
1378,20,0.024865,0.000927,0.061152,0.014206
1379,20,0.043173,1.2e-05,0.377739,0.377739
1380,20,0.023432,0.000104,0.070653,0.003042
1381,20,0.019404,2.2e-05,0.073568,0.000516
1382,20,0.020131,2.8e-05,0.070098,0.017237
1383,20,0.032139,3.1e-05,0.169544,4.2e-05
1384,20,0.024243,0.000281,0.062741,0.010615
1385,20,0.032112,0.000564,0.15951,0.03728
1386,20,0.051266,0.000984,0.451956,0.009263
1387,20,0.031162,0.000134,0.119527,0.008327
1388,20,0.028615,5.1e-05,0.085171,0.005116
1389,20,0.02856,0.001823,0.061957,0.009646
1390,20,0.035293,0.000378,0.096109,0.006427
1391,20,0.016471,0.00045,0.056475,0.008498
1392,20,0.037597,0.000753,0.167168,0.042018
1393,20,0.026843,5.8e-05,0.078826,0.004023
1394,20,0.026009,0.000226,0.0729,0.026742
1395,20,0.026489,0.000155,0.074012,0.033637
1396,20,0.028251,0.001942,0.069679,0.02188
1397,20,0.021635,7.7e-05,0.063077,0.01436
1398,20,0.038403,0.000751,0.165026,0.028832
1399,20,0.032923,0.003986,0.067435,0.049451
1400,20,0.045321,2.4e-05,0.448727,0.00223
1401,20,0.02059,0.000297,0.055487,0.00068
1402,20,0.020172,5.4e-05,0.064378,0.000964
1403,20,0.024292,0.000386,0.095278,0.027143
1404,20,0.027551,5e-06,0.078462,0.030581
1405,20,0.048712,2e-06,0.448507,0.021587
1406,20,0.026576,0.000366,0.135456,0.009896
1407,20,0.037977,0.0,0.291133,0.030932
1408,20,0.020046,0.000973,0.06315,0.007881
1409,20,0.026049,0.000232,0.065759,0.037141
1410,20,0.025533,0.000365,0.070934,0.039175
1411,20,0.028641,3.4e-05,0.082912,0.036846
1412,20,0.031224,0.000139,0.178879,0.032672
1413,20,0.066263,2.1e-05,0.435588,0.085809
1414,20,0.02692,7.1e-05,0.082038,0.005293
1415,20,0.055436,0.000107,0.442342,0.027106
1416,20,0.028751,5e-06,0.071705,0.02292
1417,20,0.025512,0.000179,0.135483,0.000788
1418,20,0.028736,0.000194,0.062494,0.0025
1419,20,0.026485,4.4e-05,0.09071,0.066511
1420,20,0.044448,0.0,0.440176,0.00066
1421,20,0.021114,0.001016,0.060163,0.060163
1422,20,0.023982,0.002243,0.070057,0.009667
1423,20,0.019906,0.000232,0.069009,0.000232
1424,20,0.03386,0.000871,0.074554,0.048879
1425,20,0.016043,7.7e-05,0.06741,0.032965
1426,20,0.02267,0.00044,0.134518,0.002494
1427,20,0.03064,1.1e-05,0.136396,0.043489
1428,20,0.028557,0.000715,0.061166,0.013563
1429,20,0.021818,9e-05,0.06212,0.045158
1430,20,0.030935,5.4e-05,0.158184,0.031203
1431,20,0.034873,4.1e-05,0.144815,4.1e-05
1432,20,0.028551,0.003641,0.119097,0.019863
1433,20,0.038141,0.000835,0.083087,0.009931
1434,20,0.034302,0.000912,0.169812,0.002128
1435,20,0.029877,7e-06,0.078541,0.031748
1436,20,0.030935,6e-06,0.075234,0.041415
1437,20,0.019496,0.000697,0.051548,0.030652
1438,20,0.027941,0.001658,0.165675,0.016581
1439,20,0.022405,0.001339,0.072633,0.032084
1440,20,0.029946,2e-06,0.168702,0.03163
1441,20,0.029973,0.004618,0.085953,0.006837
1442,20,0.026004,0.000367,0.109146,0.007567
1443,20,0.026772,1e-06,0.15618,0.024405
1444,20,0.036279,4.1e-05,0.14196,0.01384
1445,20,0.022271,0.00011,0.063222,0.000308
1446,20,0.027817,0.000762,0.073411,0.073411
1447,20,0.031978,0.000228,0.104428,0.042342
1448,20,0.030087,3e-06,0.124592,0.030136
1449,20,0.03173,1.3e-05,0.162253,0.009413
1450,20,0.04729,0.001005,0.135525,0.135525
1451,20,0.022519,0.000492,0.061361,0.006507
1452,20,0.03615,0.0,0.13232,0.0
1453,20,0.023721,6e-06,0.069736,0.001777
1454,20,0.05234,0.000116,0.50148,0.000153
1455,20,0.027672,1e-06,0.089208,0.051931
1456,20,0.059213,0.001517,0.266847,0.046313
1457,20,0.043437,8e-05,0.375888,0.375888
1458,20,0.040688,0.000103,0.385052,0.002125
1459,20,0.025437,0.000125,0.064925,0.000447
1460,20,0.029812,1e-06,0.080825,0.058737
1461,20,0.018735,4e-06,0.057636,0.00633
1462,20,0.03031,0.001166,0.087336,0.068482
1463,20,0.03637,0.002189,0.140431,0.022507
1464,20,0.023778,0.000528,0.067223,0.027657
1465,20,0.029255,2.1e-05,0.146243,0.0569
1466,20,0.024144,9e-06,0.114014,0.027065
1467,20,0.029526,9e-06,0.103237,9e-06
1468,20,0.041886,5.3e-05,0.495045,0.032628
1469,20,0.038961,2e-06,0.230316,0.068346
1470,20,0.031156,0.000825,0.118137,0.005653
1471,20,0.018708,1.8e-05,0.06154,0.000118
1472,20,0.031872,0.001888,0.066163,0.001967
1473,20,0.028516,7.1e-05,0.093532,0.048755
1474,20,0.020294,0.0,0.074805,0.013533
1475,20,0.020563,0.000445,0.064286,0.003432
1476,20,0.0237,4e-06,0.059207,0.05532
1477,20,0.018524,6e-06,0.075345,0.032564
1478,20,0.034201,0.000432,0.159716,0.004914
1479,20,0.030126,0.000515,0.066697,0.000515
1480,20,0.027671,0.000507,0.062906,0.062254
1481,20,0.023643,0.000132,0.070421,0.003092
1482,20,0.022486,6e-06,0.055205,0.003709
1483,20,0.026804,0.001186,0.068731,0.042463
1484,20,0.016704,9.5e-05,0.06487,0.001902
1485,20,0.027851,0.000854,0.16192,0.065133
1486,20,0.018237,9.4e-05,0.073917,0.000166
1487,20,0.041594,0.0,0.422963,0.017429
1488,20,0.023952,0.000809,0.05999,0.007687
1489,20,0.043423,0.000196,0.348152,0.000196
1490,20,0.035896,0.000132,0.090237,0.000132
1491,20,0.047804,0.001107,0.404701,0.012354
1492,20,0.046488,2.7e-05,0.498992,0.498992
1493,20,0.036172,0.004231,0.133503,0.024916
1494,20,0.023104,0.000312,0.070128,0.044714
1495,20,0.02802,0.001212,0.071136,0.003204
1496,20,0.017642,1.8e-05,0.067005,0.002455
1497,20,0.022722,7.5e-05,0.16816,0.005664
1498,20,0.021208,0.000721,0.056931,0.003199
1499,20,0.03022,0.001099,0.086094,0.046162
1500,20,0.030016,8.4e-05,0.074853,0.002067
1501,20,0.022234,1e-06,0.07955,2.7e-05
1502,20,0.022804,0.001593,0.088143,0.002289
1503,20,0.029003,0.002072,0.068676,0.00769
1504,20,0.033549,0.000616,0.147717,0.045683
1505,20,0.023149,0.000262,0.074161,0.074161
1506,20,0.020831,7e-06,0.056525,0.027076
1507,20,0.0181,1.5e-05,0.084062,1.5e-05
1508,20,0.041947,8e-05,0.378787,0.001552
1509,20,0.016025,0.000109,0.073012,0.017931
1510,20,0.026403,8.3e-05,0.081922,0.046267
1511,20,0.028964,0.0,0.117265,0.008978
1512,20,0.034497,0.000155,0.076437,0.038005
1513,20,0.022604,4.5e-05,0.079306,0.004036
1514,20,0.072844,1e-06,0.706486,0.706486
1515,20,0.030059,0.000118,0.066709,0.036351
1516,20,0.032825,7.8e-05,0.082636,0.060676
1517,20,0.049107,0.00016,0.420805,0.005942
1518,20,0.016259,0.000567,0.051134,0.011943
1519,20,0.024211,0.0,0.093351,0.001237
1520,20,0.024072,0.000887,0.056103,0.045912
1521,20,0.027322,0.000462,0.078589,0.033676
1522,20,0.022841,3.3e-05,0.08233,0.013722
1523,20,0.023342,0.00012,0.070087,0.054739
1524,20,0.023245,2.9e-05,0.097467,0.000623
1525,20,0.035171,0.000304,0.093827,0.029433
1526,20,0.029195,0.003646,0.066771,0.044306
1527,20,0.032064,0.001628,0.082589,0.030565
1528,20,0.048746,9e-06,0.464626,0.053387
1529,20,0.021926,0.000106,0.074724,0.009102
1530,20,0.031354,0.000232,0.056844,0.007261
1531,20,0.029568,0.0,0.100968,0.073417
1532,20,0.027993,0.000127,0.06248,0.004221
1533,20,0.026016,0.001306,0.066216,0.044693
1534,20,0.039971,3e-06,0.142936,0.142936
1535,20,0.027681,0.00072,0.069239,0.027769
1536,20,0.024683,0.000157,0.104776,0.017796
1537,20,0.033973,2e-06,0.193882,0.043481
1538,20,0.026364,0.0,0.078011,0.014712
1539,20,0.029549,8.7e-05,0.123548,0.009983
1540,20,0.042254,0.002083,0.124245,0.014863
1541,20,0.025524,0.000704,0.070163,0.000704
1542,20,0.046103,1.6e-05,0.406836,0.012196
1543,20,0.034328,6.6e-05,0.156412,6.6e-05
1544,20,0.036253,0.007124,0.105617,0.024975
1545,20,0.02587,1.2e-05,0.07004,0.046187
1546,20,0.018234,0.000168,0.043882,0.011553
1547,20,0.031802,0.003044,0.16583,0.005445
1548,20,0.03554,0.000197,0.130778,0.001181
1549,20,0.026538,0.001466,0.07663,0.001466
1550,20,0.030666,0.002633,0.056672,0.013438
1551,20,0.025704,0.000181,0.13939,0.036065
1552,20,0.033686,0.000707,0.092545,0.020006
1553,20,0.022967,0.000352,0.076541,0.05084
1554,20,0.050604,0.000755,0.57858,0.0535
1555,20,0.040648,0.000814,0.242883,0.001143
1556,20,0.032721,5.2e-05,0.092486,0.014174
1557,20,0.031548,0.001354,0.068125,0.050534
1558,20,0.026862,0.000437,0.067597,0.030271
1559,20,0.031609,0.0,0.098606,0.016671
1560,20,0.027513,3.4e-05,0.070255,0.01654
1561,20,0.050683,0.00154,0.287875,0.057287
1562,20,0.02692,0.002474,0.064021,0.002474
1563,20,0.030377,0.002938,0.063894,0.004553
1564,20,0.023803,0.001548,0.05931,0.003903
1565,20,0.041151,5e-05,0.392695,0.091092
1566,20,0.023876,0.000962,0.072437,0.006949
1567,20,0.027409,2e-06,0.114429,0.011813
1568,20,0.014337,0.000245,0.042837,0.001101
1569,20,0.017254,9e-06,0.095734,0.000182
1570,20,0.037111,0.000172,0.137636,0.074056
1571,20,0.01506,0.0,0.041096,0.041096
1572,20,0.047403,0.0,0.551783,0.072989
1573,20,0.02034,1e-06,0.076495,0.005536
1574,20,0.036521,0.0,0.137361,0.00156
1575,20,0.033593,0.000562,0.076287,0.022718
1576,20,0.021224,0.000227,0.062253,0.03966
1577,20,0.032929,0.00037,0.131383,0.044233
1578,20,0.039018,0.000202,0.078819,0.043096
1579,20,0.019399,2.1e-05,0.057871,0.000456
1580,20,0.028674,0.002511,0.058891,0.025753
1581,20,0.042149,1e-06,0.228378,0.039859
1582,20,0.03259,1.7e-05,0.163809,0.064826
1583,20,0.035765,0.001109,0.13449,0.052367
1584,20,0.021511,0.000546,0.06509,0.006539
1585,20,0.025738,0.000442,0.070976,0.044111
1586,20,0.033543,0.000138,0.136872,0.086752
1587,20,0.030529,1e-05,0.1676,0.033162
1588,20,0.031231,0.001803,0.082969,0.081376
1589,20,0.02471,9.9e-05,0.071464,0.021567
1590,20,0.057291,0.000359,0.566571,0.042498
1591,20,0.057923,3.1e-05,0.549379,0.062478
1592,20,0.026574,0.0,0.11698,0.018055
1593,20,0.016001,0.000127,0.054171,0.001476
1594,20,0.023176,0.000525,0.096864,0.021589
1595,20,0.021852,3.5e-05,0.071024,0.014926
1596,20,0.055909,2e-06,0.426564,0.009582
1597,20,0.024045,0.000821,0.090941,0.010797
1598,20,0.04001,0.000151,0.293183,0.029958
1599,20,0.035582,0.000313,0.123085,0.030704
1600,20,0.02402,0.001078,0.078503,0.015004
1601,20,0.030364,1.8e-05,0.152992,0.000596
1602,20,0.032434,0.000745,0.125091,0.038084
1603,20,0.024532,0.000142,0.065635,0.024551
1604,20,0.054266,0.002208,0.631104,0.08244
1605,20,0.028532,0.000142,0.065384,0.054685
1606,20,0.020796,0.000107,0.069284,0.011897
1607,20,0.029698,0.001496,0.126861,0.002547
1608,20,0.023567,0.000346,0.086814,0.005268
1609,20,0.023896,0.00011,0.053708,0.013676
1610,20,0.01735,0.000518,0.047496,0.000654
1611,20,0.032683,0.001315,0.086092,0.028396
1612,20,0.029756,0.001087,0.059568,0.001087
1613,20,0.019555,4.6e-05,0.089142,0.037611
1614,20,0.027981,0.000343,0.104661,0.008594
1615,20,0.036842,0.001613,0.110405,0.045296
1616,20,0.034165,3.3e-05,0.082565,0.062998
1617,20,0.024965,0.000139,0.070725,0.058065
1618,20,0.022703,0.001767,0.065986,0.065986
1619,20,0.021521,0.00096,0.061783,0.003151
1620,20,0.023944,0.001376,0.058342,0.052752
1621,20,0.039444,0.001607,0.376329,0.001607
1622,20,0.036609,8.1e-05,0.117887,8.1e-05
1623,20,0.047249,0.000822,0.15255,0.055228
1624,20,0.035006,0.001448,0.114509,0.07878
1625,20,0.0244,0.000262,0.066916,0.003768
1626,20,0.027087,0.000985,0.054541,0.045816
1627,20,0.016921,6.6e-05,0.058923,0.011282
1628,20,0.020643,0.000459,0.063898,0.004077
1629,20,0.026168,0.000313,0.062974,0.015888
1630,20,0.028689,0.000299,0.119421,0.043049
1631,20,0.024426,1.9e-05,0.086145,0.004433
1632,20,0.021622,0.000109,0.070959,0.000109
1633,20,0.025319,3e-06,0.066857,0.008534
1634,20,0.042673,1.6e-05,0.246394,0.081305
1635,20,0.039797,0.000182,0.103555,0.000721
1636,20,0.035922,0.00043,0.146082,0.007274
1637,20,0.030435,4.5e-05,0.072631,0.020673
1638,20,0.029653,0.0,0.104817,0.0
1639,20,0.041464,0.000905,0.282239,0.006963
1640,20,0.051968,2.3e-05,0.4139,0.003757
1641,20,0.033824,7e-06,0.233319,0.041262
1642,20,0.036317,4.5e-05,0.257817,0.06267
1643,20,0.029081,0.001506,0.078526,0.0112
1644,20,0.049789,8.4e-05,0.453982,0.002856
1645,20,0.026188,0.00128,0.074749,0.008383
1646,20,0.030752,0.001328,0.154296,0.002735
1647,20,0.02234,0.000399,0.073079,0.006164
1648,20,0.051607,0.000141,0.439988,0.439988
1649,20,0.066497,1e-05,0.691501,0.03587
1650,20,0.031996,4.3e-05,0.077201,0.036958
1651,20,0.020119,6.9e-05,0.075831,0.000818
1652,20,0.030913,0.001551,0.088559,0.011054
1653,20,0.027048,2.5e-05,0.111744,0.012038
1654,20,0.032855,0.000259,0.079592,0.007811
1655,20,0.037478,8e-05,0.146658,0.027781
1656,20,0.035905,0.000363,0.0777,0.001262
1657,20,0.03982,3.9e-05,0.11841,0.053744
1658,20,0.038677,0.000973,0.135948,0.066071
1659,20,0.033052,0.002295,0.11549,0.008086
1660,20,0.017431,3.8e-05,0.052433,0.000843
1661,20,0.01708,9.5e-05,0.11274,0.024205
1662,20,0.029118,0.00019,0.098108,0.050413
1663,20,0.021984,0.001258,0.067886,0.02831
1664,20,0.024122,0.000107,0.163866,0.046306
1665,20,0.0321,9.1e-05,0.085344,0.030825
1666,20,0.018998,0.000766,0.061559,0.033781
1667,20,0.028287,2.3e-05,0.067967,0.006647
1668,20,0.033316,0.000532,0.142144,0.026183
1669,20,0.025563,0.000362,0.080472,0.03486
1670,20,0.02836,4e-05,0.079487,0.000102
1671,20,0.02309,0.000234,0.072424,0.000709
1672,20,0.01531,1e-05,0.052936,0.030357
1673,20,0.019326,5.9e-05,0.059223,0.040484
1674,20,0.014761,4e-06,0.033633,0.014516
1675,20,0.023712,0.000144,0.071655,0.050824
1676,20,0.023873,0.001618,0.065242,0.019861
1677,20,0.021696,0.000256,0.05701,0.009268
1678,20,0.020514,0.000174,0.057963,0.000485
1679,20,0.038984,0.002922,0.081132,0.023447
1680,20,0.030733,0.002185,0.136036,0.017706
1681,20,0.029619,0.004016,0.061497,0.036863
1682,20,0.032576,6.8e-05,0.073117,0.013954
1683,20,0.030151,0.00023,0.066523,0.059511
1684,20,0.017159,5.8e-05,0.053633,0.00255
1685,20,0.022307,1.1e-05,0.065406,0.009646
1686,20,0.02387,0.000932,0.055991,0.012647
1687,20,0.033986,0.000355,0.07698,0.064761
1688,20,0.032502,0.0,0.067544,0.051881
1689,20,0.020727,0.000489,0.060076,0.016454
1690,20,0.049277,0.000185,0.410473,0.09848
1691,20,0.028374,0.000324,0.067967,0.019573
1692,20,0.022179,4.9e-05,0.067698,0.001817
1693,20,0.01673,2.5e-05,0.042106,0.012751
1694,20,0.017404,4.9e-05,0.062198,0.000115
1695,20,0.017196,1.7e-05,0.080927,0.080927
1696,20,0.023996,2.1e-05,0.070215,2.1e-05
1697,20,0.012898,0.000619,0.059693,0.000619
1698,20,0.028002,1e-06,0.064371,0.012715
1699,20,0.016533,0.000541,0.112953,0.010541
1700,20,0.017283,0.000452,0.087867,0.012828
1701,20,0.023044,8e-06,0.058126,0.057055
1702,20,0.028199,2.6e-05,0.119493,0.012957
1703,20,0.027304,0.001025,0.060535,0.030023
1704,20,0.025284,4.6e-05,0.150216,0.038506
1705,20,0.025779,3.3e-05,0.152,0.058847
1706,20,0.030162,0.001458,0.167418,0.009302
1707,20,0.018394,0.002192,0.056378,0.056378
1708,20,0.025039,0.002897,0.066238,0.049676
1709,20,0.022939,0.001196,0.058064,0.010503
1710,20,0.025854,0.00262,0.06451,0.006034
1711,20,0.02699,0.000245,0.055447,0.004218
1712,20,0.024135,2.7e-05,0.065219,0.050431
1713,20,0.019849,7e-06,0.075847,0.001646
1714,20,0.024641,0.000223,0.078687,0.009895
1715,20,0.021724,1e-06,0.060754,0.008721
1716,20,0.034436,7e-06,0.069273,0.000279
1717,20,0.045763,5e-05,0.433676,0.016987
1718,20,0.033352,0.001366,0.078072,0.024633
1719,20,0.020163,0.000176,0.066233,0.048143
1720,20,0.031779,0.001488,0.168859,0.006389
1721,20,0.02626,3e-05,0.096832,0.034237
1722,20,0.047102,0.000198,0.320654,0.032739
1723,20,0.029548,0.003018,0.061967,0.032877
1724,20,0.059346,9.9e-05,0.64537,0.014532
1725,20,0.033563,7.9e-05,0.252441,0.023153
1726,20,0.04071,3.2e-05,0.228491,0.03585
1727,20,0.032387,0.000741,0.063276,0.007094
1728,20,0.032656,0.002214,0.065731,0.01769
1729,20,0.028213,3e-05,0.082381,0.010992
1730,20,0.033311,0.001509,0.27493,0.00709
1731,20,0.021012,1.1e-05,0.067206,0.055508
1732,20,0.024509,4.7e-05,0.075273,0.04326
1733,20,0.043648,0.00046,0.1622,0.022746
1734,20,0.018449,0.000331,0.056592,0.008922
1735,20,0.018823,0.000126,0.058536,0.002408
1736,20,0.022021,1.3e-05,0.0624,0.033519
1737,20,0.023243,0.000167,0.069817,0.041206
1738,20,0.030144,2e-06,0.063882,0.045964
1739,20,0.017949,0.000306,0.0379,0.027429
1740,20,0.023477,4.6e-05,0.085847,0.002681
1741,20,0.050213,1.6e-05,0.48021,0.057286
1742,20,0.068055,0.000116,0.434077,0.00013
1743,20,0.037953,0.00107,0.13788,0.046942
1744,20,0.023904,0.00022,0.07233,0.053791
1745,20,0.016958,8.7e-05,0.073182,0.006557
1746,20,0.028919,1.4e-05,0.086152,0.062283
1747,20,0.024479,0.000329,0.081095,0.00818
1748,20,0.026568,2.6e-05,0.158002,0.001648
1749,20,0.023646,1.2e-05,0.092517,0.004435
1750,20,0.023759,0.000473,0.071599,0.008289
1751,20,0.028555,1e-06,0.176589,0.031092
1752,20,0.033642,0.000934,0.071632,0.038921
1753,20,0.025795,3.2e-05,0.065189,0.041349
1754,20,0.019726,0.000146,0.050363,0.004515
1755,20,0.048573,0.000598,0.507842,0.003794
1756,20,0.034376,0.001061,0.16431,0.013302
1757,20,0.022389,0.000101,0.061193,0.018386
1758,20,0.034376,0.0,0.126905,0.052445
1759,20,0.037756,0.000176,0.295209,0.01855
1760,20,0.02297,0.00012,0.066491,0.049689
1761,20,0.023579,0.000351,0.16975,0.005295
1762,20,0.023523,0.000716,0.065175,0.008765
1763,20,0.019603,0.000953,0.054615,0.014291
1764,20,0.015571,0.000429,0.04282,0.00628
1765,20,0.034772,0.001897,0.079363,0.051802
1766,20,0.030052,0.002375,0.071488,0.030679
1767,20,0.028061,0.000261,0.072664,0.020035
1768,20,0.065147,2e-06,0.643714,0.003856
1769,20,0.027238,0.000844,0.078262,0.028939
1770,20,0.030868,2e-06,0.184632,7e-06
1771,20,0.035276,0.000478,0.090391,0.004765
1772,20,0.021212,0.000251,0.056829,0.028614
1773,20,0.023845,0.000596,0.078949,0.032593
1774,20,0.022778,0.000286,0.077339,0.055622
1775,20,0.05145,0.00154,0.363895,0.114178
1776,20,0.061641,0.003869,0.466285,0.020768
1777,20,0.025792,0.000121,0.076692,0.000457
1778,20,0.026755,0.000245,0.073016,0.046022
1779,20,0.01857,1.4e-05,0.073853,0.00092
1780,20,0.023451,0.001249,0.063206,0.006595
1781,20,0.029732,3.2e-05,0.071972,0.004587
1782,20,0.040962,0.000598,0.136088,0.04163
1783,20,0.040496,0.000315,0.423447,0.018
1784,20,0.022172,6.6e-05,0.090178,0.021304
1785,20,0.019702,4e-06,0.06445,0.000166
1786,20,0.025327,6e-06,0.063166,0.025642
1787,20,0.022794,3.2e-05,0.092231,0.005633
1788,20,0.056717,6.3e-05,0.426345,0.024651
1789,20,0.016323,2.5e-05,0.052436,0.052436
1790,20,0.020398,0.000165,0.086348,0.011306
1791,20,0.027263,0.000192,0.060416,0.025091
1792,20,0.019633,0.0,0.060926,0.003503
1793,20,0.016365,0.000212,0.094113,0.015985
1794,20,0.025126,0.000211,0.131531,0.051048
1795,20,0.046025,0.000185,0.552298,0.058999
1796,20,0.017445,2.9e-05,0.074543,0.001517
1797,20,0.025979,0.000175,0.062083,0.05226
1798,20,0.024349,0.000473,0.064705,0.028835
1799,20,0.024371,0.000143,0.070326,0.01528
1800,20,0.026001,5.8e-05,0.084338,0.04213
1801,20,0.034564,0.000299,0.093305,0.075229
1802,20,0.023863,0.000291,0.072813,0.000291
1803,20,0.024313,9.6e-05,0.066545,0.039134
1804,20,0.06021,0.00077,0.551292,0.050344
1805,20,0.049167,5.5e-05,0.402218,0.028074
1806,20,0.0152,0.0,0.037392,0.037392
1807,20,0.029606,0.001935,0.069887,0.005076
1808,20,0.026286,4e-06,0.07814,0.032324
1809,20,0.024959,0.001444,0.076375,0.003744
1810,20,0.032836,0.00176,0.059989,0.016334
1811,20,0.023367,0.00066,0.075761,0.004649
1812,20,0.025595,5.7e-05,0.076687,0.033458
1813,20,0.045317,1e-06,0.347046,0.008483
1814,20,0.031,0.000532,0.07063,0.051456
1815,20,0.033708,0.002388,0.077458,0.054843
1816,20,0.022486,1e-06,0.072315,0.001836
1817,20,0.022687,8.4e-05,0.081151,0.004406
1818,20,0.023346,0.000324,0.081816,0.021706
1819,20,0.035624,0.000131,0.08148,0.041075
1820,20,0.027101,0.000126,0.05865,0.010503
1821,20,0.065039,6e-06,0.666737,0.062856
1822,20,0.022883,3e-06,0.071303,0.000178
1823,20,0.028523,0.001208,0.065425,0.016737
1824,20,0.027332,0.001015,0.080502,0.0125
1825,20,0.029312,0.001522,0.058274,0.05037
1826,20,0.039004,0.003125,0.141491,0.012726
1827,20,0.055021,1e-06,0.465532,0.08194
1828,20,0.025267,0.000783,0.087393,0.037287
1829,20,0.040163,0.0002,0.419675,0.021242
1830,20,0.028954,0.001247,0.079064,0.017547
1831,20,0.026944,0.000546,0.188194,0.000546
1832,20,0.026441,0.000402,0.064324,0.047419
1833,20,0.032715,0.000857,0.165514,0.064955
1834,20,0.023081,0.000557,0.067342,0.001439
1835,20,0.032112,2.1e-05,0.058942,0.006298
1836,20,0.052294,0.000847,0.436053,0.043652
1837,20,0.029008,0.003773,0.070792,0.016552
1838,20,0.062394,0.001733,0.530055,0.072811
1839,20,0.041331,0.000721,0.122959,0.031542
1840,20,0.031674,0.000865,0.082665,0.042014
1841,20,0.021357,0.001303,0.053849,0.040633
1842,20,0.052076,4e-06,0.399585,0.004226
1843,20,0.026484,4e-05,0.071731,0.038044
1844,20,0.043291,0.000144,0.216652,0.055607
1845,20,0.030468,4e-05,0.062233,0.025247
1846,20,0.039242,0.000352,0.108161,0.059291
1847,20,0.026865,2e-06,0.073108,0.036272
1848,20,0.028692,0.002268,0.078831,0.002584
1849,20,0.028868,5e-06,0.15031,0.020996
1850,20,0.023364,0.000369,0.072092,0.005956
1851,20,0.035129,8e-05,0.098804,0.042285
1852,20,0.019778,1.3e-05,0.058637,0.032909
1853,20,0.032017,0.001856,0.074259,0.039444
1854,20,0.038572,0.000159,0.152881,0.061752
1855,20,0.019975,0.00068,0.055392,0.00068
1856,20,0.038671,0.000775,0.106666,0.001302
1857,20,0.013305,0.000927,0.05235,0.037718
1858,20,0.030453,0.00071,0.077938,0.077938
1859,20,0.032727,1.8e-05,0.152906,1.8e-05
1860,20,0.026561,0.001511,0.079059,0.017125
1861,20,0.025221,3.6e-05,0.068851,0.029618
1862,20,0.018458,9e-06,0.062819,0.013722
1863,20,0.042349,5.4e-05,0.12499,0.048506
1864,20,0.020685,0.002759,0.059871,0.003224
1865,20,0.027774,0.000155,0.083707,0.040435
1866,20,0.031612,8.6e-05,0.062193,8.6e-05
1867,20,0.031575,5.2e-05,0.291474,0.051888
1868,20,0.026228,0.0,0.05813,0.026311
1869,20,0.03203,9e-06,0.111547,0.004871
1870,20,0.02585,0.001451,0.065014,0.037966
1871,20,0.020134,0.000335,0.06109,0.006772
1872,20,0.063412,0.000377,0.599896,0.00139
1873,20,0.019655,3.3e-05,0.070564,0.014258
1874,20,0.023837,0.000929,0.16365,0.010023
1875,20,0.02531,9e-06,0.076119,0.012473
1876,20,0.026736,0.000318,0.070846,0.003303
1877,20,0.020378,2.7e-05,0.057009,0.001979
1878,20,0.028895,2e-06,0.072363,0.039023
1879,20,0.040797,0.000479,0.132608,0.05847
1880,20,0.022303,0.000561,0.084949,0.001411
1881,20,0.043756,0.000192,0.424944,0.028913
1882,20,0.025718,6e-06,0.086295,0.021305
1883,20,0.030234,0.000455,0.070352,0.018954
1884,20,0.021133,3e-06,0.07989,0.067267
1885,20,0.023678,0.000199,0.068039,0.037969
1886,20,0.026823,4.2e-05,0.08139,0.000856
1887,20,0.021375,1e-05,0.059352,0.055081
1888,20,0.036739,3e-05,0.422653,0.019209
1889,20,0.038125,0.000247,0.150679,0.012032
1890,20,0.035389,0.000901,0.260596,0.054128
1891,20,0.01648,3.4e-05,0.041537,3.4e-05
1892,20,0.02379,7e-06,0.075326,0.017117
1893,20,0.021391,4.7e-05,0.069407,0.006303
1894,20,0.063832,1e-06,0.437155,0.076977
1895,20,0.030817,6.9e-05,0.091202,0.039414
1896,20,0.023671,1.5e-05,0.075215,0.034469
1897,20,0.035368,2.9e-05,0.129291,0.00616
1898,20,0.025716,0.00063,0.068494,0.052134
1899,20,0.042872,0.0001,0.240619,0.00892
1900,20,0.027603,0.000349,0.077315,0.04012
1901,20,0.025459,0.000204,0.064564,0.006437
1902,20,0.030468,0.000919,0.137005,0.043637
1903,20,0.021476,0.001863,0.056664,0.026855
1904,20,0.021607,0.000539,0.067366,0.006298
1905,20,0.03104,0.000362,0.150876,0.069289
1906,20,0.022186,0.00048,0.096412,0.041138
1907,20,0.037806,8e-06,0.123019,0.097141
1908,20,0.03097,0.00157,0.078273,0.006978
1909,20,0.050233,0.001531,0.382585,0.008014
1910,20,0.021272,1e-06,0.085742,0.008988
1911,20,0.044193,0.000502,0.160549,0.036455
1912,20,0.022309,0.001632,0.063982,0.003398
1913,20,0.030945,0.000735,0.086648,0.032427
1914,20,0.017144,3.9e-05,0.058732,0.006908
1915,20,0.028947,0.000278,0.067349,0.00408
1916,20,0.030217,0.002578,0.058617,0.027508
1917,20,0.03157,0.002086,0.14697,0.023696
1918,20,0.029071,0.000314,0.07397,0.030305
1919,20,0.024851,2e-05,0.082297,0.082297
1920,20,0.070283,0.000283,0.58247,0.036449
1921,20,0.027013,0.000379,0.066916,0.007032
1922,20,0.033632,1.8e-05,0.094557,0.060315
1923,20,0.016721,0.000153,0.046382,0.000979
1924,20,0.024119,1.3e-05,0.069056,0.029904
1925,20,0.020835,3e-06,0.081762,0.029929
1926,20,0.02589,1e-05,0.098577,1.9e-05
1927,20,0.024334,0.001148,0.139891,0.014092
1928,20,0.035322,4.2e-05,0.068651,0.005801
1929,20,0.031853,0.000187,0.138062,0.015397
1930,20,0.028644,0.000535,0.064351,0.027649
1931,20,0.026427,9e-05,0.070216,0.030495
1932,20,0.046892,0.001666,0.386882,0.011651
1933,20,0.024011,1e-06,0.071441,0.009961
1934,20,0.02984,0.000774,0.071889,0.000774
1935,20,0.017664,0.001619,0.066729,0.045851
1936,20,0.024948,4e-06,0.082661,0.029266
1937,20,0.01872,0.000103,0.068369,0.003839
1938,20,0.02992,1.7e-05,0.119969,0.119969
1939,20,0.049008,7e-06,0.323712,0.057676
1940,20,0.044458,0.000358,0.488811,0.000358
1941,20,0.055057,0.001786,0.565739,0.004542
1942,20,0.024018,0.000343,0.062129,0.007943
1943,20,0.028469,0.001849,0.129808,0.028181
1944,20,0.035727,0.004363,0.147408,0.048885
1945,20,0.060691,0.000106,0.396934,0.396934
1946,20,0.0335,0.000168,0.075344,0.043993
1947,20,0.025425,0.001161,0.063126,0.05355
1948,20,0.023989,0.001036,0.054987,0.021946
1949,20,0.047244,8.8e-05,0.441836,0.029343
1950,20,0.058177,0.000489,0.569234,0.059176
1951,20,0.025148,9e-06,0.076135,0.008316
1952,20,0.028363,0.001935,0.07894,0.029233
1953,20,0.025138,0.000582,0.061225,0.04238
1954,20,0.023314,0.000384,0.062435,0.003862
1955,20,0.02617,0.000798,0.074333,0.004232
1956,20,0.021584,0.000415,0.060816,0.05081
1957,20,0.026983,0.001121,0.065738,0.001121
1958,20,0.026807,0.0,0.065129,0.01786
1959,20,0.0259,0.000205,0.166231,0.166231
1960,20,0.02596,0.001632,0.142469,0.008412
1961,20,0.06244,0.000109,0.560748,0.001362
1962,20,0.02792,0.000384,0.077081,0.015645
1963,20,0.0192,0.000172,0.064267,0.032037
1964,20,0.024234,0.002074,0.065327,0.039716
1965,20,0.016244,0.00037,0.061587,0.037875
1966,20,0.029419,1.8e-05,0.076358,0.00768
1967,20,0.029191,0.002424,0.067289,0.032393
1968,20,0.036946,0.000725,0.201614,0.142642
1969,20,0.037659,0.001475,0.137323,0.026573
1970,20,0.02855,0.00218,0.072585,0.005149
1971,20,0.021061,0.000275,0.109329,0.024713
1972,20,0.025185,0.000386,0.078614,0.005011
1973,20,0.035051,7.5e-05,0.148544,0.121745
1974,20,0.02758,1.8e-05,0.081285,0.052069
1975,20,0.024989,0.000202,0.157703,0.018344
1976,20,0.033178,0.002729,0.067532,0.04973
1977,20,0.030179,0.003216,0.125912,0.009699
1978,20,0.027756,0.001116,0.080115,0.034941
1979,20,0.017841,5.7e-05,0.069723,0.008586
1980,20,0.020602,0.0,0.082353,0.005684
1981,20,0.02145,1.5e-05,0.105132,0.041649
1982,20,0.028597,0.006258,0.079904,0.050669
1983,20,0.023531,0.000137,0.087822,0.059728
1984,20,0.030536,0.00017,0.068546,0.006457
1985,20,0.031528,8e-06,0.132638,0.029229
1986,20,0.029624,3.9e-05,0.168485,0.082815
1987,20,0.027623,0.000366,0.072278,0.002166
1988,20,0.024293,0.000657,0.068663,0.02479
1989,20,0.032496,0.000175,0.074336,0.058207
1990,20,0.023614,5e-06,0.078564,0.03059
1991,20,0.02512,1.4e-05,0.088665,0.023027
1992,20,0.049833,0.001129,0.517645,0.004818
1993,20,0.025638,5e-06,0.09725,0.01116
1994,20,0.023806,0.0,0.075925,0.007048
1995,20,0.035653,0.000185,0.065909,0.003171
1996,20,0.025649,0.001177,0.080993,0.04174
1997,20,0.027007,4e-06,0.073164,0.014625
1998,20,0.019983,1.5e-05,0.072515,0.000124
1999,20,0.016533,0.0,0.083741,0.007747
2000,20,0.033862,1e-06,0.097939,0.025718
2001,20,0.022258,6e-06,0.082643,0.069412
2002,20,0.023162,7.7e-05,0.087895,0.002335
2003,20,0.030181,0.000171,0.072476,0.033251
2004,20,0.03217,2e-06,0.137545,0.041224
2005,20,0.025139,0.000303,0.057368,0.041089
2006,20,0.022407,1e-06,0.061632,0.021978
2007,20,0.030502,0.000903,0.079745,0.03076
2008,20,0.025684,0.00057,0.072337,0.021951
2009,20,0.050143,0.000175,0.521402,0.025597
2010,20,0.06216,1.7e-05,0.644719,0.039428
2011,20,0.029989,0.000468,0.153415,0.040408
2012,20,0.026381,4.6e-05,0.079329,0.002928
2013,20,0.033743,0.000332,0.069117,0.047664
2014,20,0.031099,1.6e-05,0.087974,0.029018
2015,20,0.029412,0.000132,0.212419,0.027525
2016,20,0.01943,5.9e-05,0.067107,0.004083
2017,20,0.038672,3e-06,0.182222,0.078963
2018,20,0.031127,0.000856,0.072072,0.072072
2019,20,0.034578,0.001201,0.316371,0.001201
2020,20,0.027441,0.0002,0.111294,0.045662
2021,20,0.045423,1.6e-05,0.440631,0.008724
2022,20,0.021382,0.000196,0.073293,0.003942
2023,20,0.030461,0.000891,0.160945,0.008969
2024,20,0.027563,0.000579,0.178124,0.002493
2025,20,0.029226,0.002373,0.066343,0.046794
2026,20,0.025641,4.8e-05,0.154696,0.000695
2027,20,0.032097,9.6e-05,0.125942,9.6e-05
2028,20,0.01507,2e-06,0.054975,0.019569
2029,20,0.027497,0.000308,0.080697,0.03204
2030,20,0.043987,0.004804,0.115434,0.011396
2031,20,0.026325,0.000372,0.09026,0.009016
2032,20,0.031672,0.000162,0.065154,0.028338
2033,20,0.026941,0.002265,0.062207,0.006502
2034,20,0.023865,0.001156,0.070133,0.00799
2035,20,0.021389,0.001843,0.063772,0.024718
2036,20,0.028213,0.000478,0.072364,0.033415
2037,20,0.023518,3.8e-05,0.208763,0.024706
2038,20,0.021621,9e-06,0.068337,0.000271
2039,20,0.027775,3.3e-05,0.068272,0.015436
2040,20,0.028785,0.000834,0.088727,0.035144
2041,20,0.034822,0.002852,0.074826,0.021711
2042,20,0.034754,0.000977,0.174831,0.042801
2043,20,0.050631,0.0,0.476612,0.004876
2044,20,0.029455,0.000191,0.062441,0.021201
2045,20,0.031524,0.001607,0.125475,0.004291
2046,20,0.029271,0.000102,0.060744,0.010196
2047,20,0.022293,0.00095,0.060711,0.007212
2048,20,0.046021,0.001205,0.439765,0.055771
2049,20,0.043434,0.000301,0.270409,0.006003
2050,20,0.028812,0.0,0.08458,0.006044
2051,20,0.032179,0.00221,0.067157,0.046475
2052,20,0.021804,0.001323,0.17305,0.013266
2053,20,0.03343,0.001867,0.058812,0.042468
2054,20,0.024563,4.8e-05,0.054157,0.045269
2055,20,0.025587,0.001491,0.071153,0.058018
2056,20,0.035957,0.002112,0.143779,0.054358
2057,20,0.028206,9.5e-05,0.118288,0.031711
2058,20,0.013076,0.0,0.038274,0.025532
2059,20,0.016978,2.4e-05,0.084651,0.084651
2060,20,0.02109,1e-06,0.062956,0.000431
2061,20,0.035084,0.000804,0.141022,0.054044
2062,20,0.020929,0.000977,0.070747,0.059994
2063,20,0.034434,4e-06,0.133174,4e-06
2064,20,0.018512,9e-05,0.048594,0.01048
2065,20,0.026389,6.3e-05,0.066955,0.066955
2066,20,0.021576,0.000828,0.061732,0.002263
2067,20,0.026287,0.000206,0.068958,0.033857
2068,20,0.022126,0.000117,0.059782,0.016777
2069,20,0.019843,1e-06,0.123291,0.020542
2070,20,0.027738,1e-06,0.076254,0.063275
2071,20,0.016637,0.000125,0.044717,0.000671
2072,20,0.030701,4.8e-05,0.076444,0.076444
2073,20,0.043172,0.000538,0.149203,0.011674
2074,20,0.057635,0.000209,0.553587,0.040774
2075,20,0.044108,0.00012,0.298377,0.039088
2076,20,0.04048,0.000376,0.099515,0.063885
2077,20,0.022452,0.000142,0.06205,0.008747
2078,20,0.021913,1.3e-05,0.054869,0.02858
2079,20,0.027154,0.000137,0.084634,0.037391
2080,20,0.048908,2e-06,0.398419,0.050255
2081,20,0.029022,3e-05,0.073873,0.018882
2082,20,0.027631,4.3e-05,0.075628,0.010796
2083,20,0.026375,0.000587,0.090812,0.024324
2084,20,0.033357,0.000958,0.13887,0.053389
2085,20,0.017716,0.000103,0.061006,0.022719
2086,20,0.024402,5.4e-05,0.126692,0.126692
2087,20,0.024183,4.5e-05,0.060344,0.04575
2088,20,0.028161,0.000703,0.144395,0.022704
2089,20,0.01561,7.2e-05,0.048885,0.000248
2090,20,0.015263,0.000899,0.063421,0.024108
2091,20,0.017278,0.001646,0.060674,0.00394
2092,20,0.032321,0.004768,0.069474,0.01804
2093,20,0.037993,0.000366,0.158761,0.029405
2094,20,0.024041,3.5e-05,0.089124,3.5e-05
2095,20,0.045479,0.000119,0.476048,0.045469
2096,20,0.026137,0.000333,0.067336,0.019559
2097,20,0.022709,0.000721,0.059135,0.059135
2098,20,0.020046,0.000169,0.056172,0.003878
2099,20,0.029578,0.0,0.123092,0.060755
2100,20,0.021167,3.3e-05,0.079172,0.032992
2101,20,0.018564,8.4e-05,0.034908,0.030857
2102,20,0.036891,0.00012,0.314814,0.03439
2103,20,0.02693,0.000454,0.072542,0.005835
2104,20,0.016519,0.000295,0.043926,0.034265
2105,20,0.020831,0.000125,0.125391,0.047769
2106,20,0.023375,0.000143,0.060226,0.018789
2107,20,0.020786,7.6e-05,0.084246,7.6e-05
2108,20,0.031722,1.1e-05,0.165053,0.000762
2109,20,0.02925,3.3e-05,0.076052,0.075172
2110,20,0.016133,4e-05,0.066819,0.000315
2111,20,0.039685,0.001095,0.294014,0.006045
2112,20,0.023509,0.000351,0.069049,0.000351
2113,20,0.062301,7.6e-05,0.487696,0.076151
2114,20,0.032161,0.000486,0.063205,0.000486
2115,20,0.022318,9.9e-05,0.100497,0.008132
2116,20,0.016119,0.000421,0.032014,0.000421
2117,20,0.030596,0.007335,0.091507,0.00754
2118,20,0.015504,0.000265,0.041719,0.022536
2119,20,0.026671,0.000881,0.08677,0.000881
2120,20,0.02265,1.5e-05,0.058562,0.00153
2121,20,0.021587,0.001065,0.060615,0.001065
2122,20,0.021962,8e-05,0.065882,0.000111
2123,20,0.026555,9e-06,0.070262,0.070262
2124,20,0.026091,0.000725,0.091066,0.091066
2125,20,0.028277,1.1e-05,0.14084,0.000859
2126,20,0.0241,0.001942,0.052315,0.028094
2127,20,0.025788,0.00022,0.176156,0.00022
2128,20,0.023547,0.0,0.063261,0.057963
2129,20,0.025315,0.000184,0.064083,0.063307
2130,20,0.025274,0.000506,0.106986,0.065048
2131,20,0.032781,5.1e-05,0.172969,0.011016
2132,20,0.0212,0.000175,0.039533,0.01259
2133,20,0.040046,0.000459,0.164854,0.007492
2134,20,0.04949,2.6e-05,0.48078,0.038039
2135,20,0.051811,0.001404,0.664961,0.011383
2136,20,0.037953,0.000224,0.14848,0.000224
2137,20,0.013687,3.3e-05,0.046043,0.004039
2138,20,0.025905,2.7e-05,0.075929,0.075929
2139,20,0.018405,0.000305,0.084364,0.008472
2140,20,0.032853,0.000187,0.134585,0.029345
2141,20,0.02586,7e-06,0.085166,0.051466
2142,20,0.022395,0.000427,0.055647,0.001106
2143,20,0.044097,0.000454,0.373509,0.0291
2144,20,0.023646,0.000756,0.076232,0.017139
2145,20,0.04948,0.003136,0.509343,0.012485
2146,20,0.041348,0.001804,0.205201,0.016271
2147,20,0.021165,7.6e-05,0.060545,0.021684
2148,20,0.047318,1.5e-05,0.566164,0.006346
2149,20,0.026176,0.001705,0.13508,0.04326
2150,20,0.020546,0.000464,0.051734,0.00897
2151,20,0.018823,1e-06,0.067963,1e-06
2152,20,0.028052,0.001558,0.063587,0.007641
2153,20,0.030238,3e-06,0.155859,0.008947
2154,20,0.039279,0.001173,0.135402,0.014029
2155,20,0.031634,0.001373,0.131467,0.025343
2156,20,0.018296,0.000215,0.063362,0.015709
2157,20,0.020224,0.001413,0.063567,0.059195
2158,20,0.032683,0.001376,0.065826,0.016682
2159,20,0.029916,0.002261,0.060584,0.020025
2160,20,0.032954,8.9e-05,0.095812,0.008538
2161,20,0.029493,0.000161,0.115928,0.070466
2162,20,0.032293,0.002314,0.06584,0.040077
2163,20,0.050239,3.3e-05,0.588265,3.3e-05
2164,20,0.034809,1.3e-05,0.297543,0.297543
2165,20,0.02359,3e-06,0.085891,0.032152
2166,20,0.016662,2.7e-05,0.092235,0.032786
2167,20,0.026982,7e-06,0.112557,2.5e-05
2168,20,0.022653,5.3e-05,0.066929,0.066929
2169,20,0.023374,0.000641,0.071391,0.000641
2170,20,0.026394,0.000421,0.116242,0.013955
2171,20,0.037848,1e-06,0.239402,1e-06
2172,20,0.026742,9.9e-05,0.075782,0.036606
2173,20,0.02163,0.000954,0.056052,0.03954
2174,20,0.046152,0.002392,0.306954,0.016103
2175,20,0.032333,0.000408,0.219662,0.043686
2176,20,0.017942,2e-05,0.049327,0.034987
2177,20,0.023362,0.000652,0.053688,0.015133
2178,20,0.064652,0.000548,0.406904,0.052786
2179,20,0.030573,0.001091,0.06951,0.052015
2180,20,0.057007,8e-06,0.685517,0.013047
2181,20,0.029224,0.000458,0.078302,0.014248
2182,20,0.024683,4e-06,0.148625,0.00031
2183,20,0.019895,6.2e-05,0.082098,0.082098
2184,20,0.020996,0.000252,0.084184,0.015043
2185,20,0.021775,1.1e-05,0.059949,0.001224
2186,20,0.040955,9e-05,0.159054,0.002231
2187,20,0.034176,2e-06,0.39504,0.000858
2188,20,0.026136,0.001014,0.064702,0.001198
2189,20,0.047093,0.000818,0.288659,0.031993
2190,20,0.032497,5.2e-05,0.088414,0.054099
2191,20,0.020809,0.000944,0.06106,0.000944
2192,20,0.018784,0.000201,0.06365,0.046283
2193,20,0.053309,0.00024,0.557845,0.09123
2194,20,0.0274,2e-06,0.087334,0.012767
2195,20,0.033551,0.001982,0.059474,0.043402
2196,20,0.028965,0.002676,0.066021,0.054605
2197,20,0.042657,0.000193,0.42715,0.42715
2198,20,0.028118,0.000373,0.140124,0.001096
2199,20,0.028021,0.000145,0.068499,0.01082
2200,20,0.026501,0.000192,0.089337,0.033693
2201,20,0.030378,0.0,0.182582,0.065324
2202,20,0.026727,0.002183,0.065614,0.003183
2203,20,0.047141,7e-06,0.462662,0.00022
2204,20,0.036899,0.000375,0.212216,0.006703
2205,20,0.023437,6e-06,0.076245,0.013735
2206,20,0.032397,0.000117,0.093368,0.000117
2207,20,0.024966,0.001133,0.079981,0.022551
2208,20,0.026521,0.000106,0.160206,0.000106
2209,20,0.029864,3e-05,0.159556,0.075325
2210,20,0.03659,0.000397,0.131571,0.000397
2211,20,0.026004,1e-06,0.070563,0.00586
2212,20,0.038349,0.001897,0.186737,0.059883
2213,20,0.039123,5.5e-05,0.23014,0.055602
2214,20,0.027695,4e-06,0.144474,0.073214
2215,20,0.022541,0.000685,0.057994,0.024872
2216,20,0.041412,0.000193,0.497246,0.003373
2217,20,0.056716,0.004724,0.480224,0.052573
2218,20,0.020698,0.000281,0.063816,0.000281
2219,20,0.027175,6e-06,0.092178,0.003744
2220,20,0.018719,5e-06,0.062462,0.027669
2221,20,0.050883,0.000895,0.507376,0.023094
2222,20,0.014268,0.000263,0.046809,0.000824
2223,20,0.036947,8.9e-05,0.076125,0.010021
2224,20,0.02178,0.000391,0.055408,0.031026
2225,20,0.015166,8e-06,0.046609,0.009855
2226,20,0.025997,1.6e-05,0.103942,0.006259
2227,20,0.055748,0.000959,0.633817,0.012426
2228,20,0.034434,6.7e-05,0.117773,0.022355
2229,20,0.028955,0.000835,0.103782,0.015476
2230,20,0.022546,8.5e-05,0.075291,0.001731
2231,20,0.024242,0.000325,0.156732,0.00189
2232,20,0.023422,7e-06,0.067877,6.4e-05
2233,20,0.050307,0.001015,0.42372,0.01099
2234,20,0.025672,0.003271,0.056337,0.050306
2235,20,0.021612,0.000237,0.060095,0.016761
2236,20,0.023109,0.00087,0.069923,0.027314
2237,20,0.018546,3.7e-05,0.056804,0.020187
2238,20,0.028048,7.8e-05,0.087976,0.007223
2239,20,0.018504,0.000148,0.057434,0.043899
2240,20,0.024444,5.7e-05,0.064826,0.003577
2241,20,0.030423,0.000436,0.099975,0.043493
2242,20,0.020755,0.000217,0.094873,0.006058
2243,20,0.03663,4.9e-05,0.145459,0.035607
2244,20,0.028436,0.000289,0.085227,0.012822
2245,20,0.044161,5.1e-05,0.192749,0.051465
2246,20,0.013459,3e-06,0.059233,0.009076
2247,20,0.014402,0.000429,0.054078,0.005082
2248,20,0.03504,0.003973,0.061565,0.051517
2249,20,0.023756,3e-05,0.087891,0.044686
2250,20,0.02277,2e-06,0.062881,8.3e-05
2251,20,0.053089,0.003999,0.49768,0.047347
2252,20,0.055288,0.0,0.458414,0.060151
2253,20,0.026532,2.9e-05,0.091875,0.056134
2254,20,0.047723,0.002017,0.40472,0.023822
2255,20,0.024596,0.001582,0.057074,0.031227
2256,20,0.037373,1e-05,0.118606,0.11487
2257,20,0.021111,5.1e-05,0.070803,0.003784
2258,20,0.022875,0.00029,0.074803,0.044203
2259,20,0.02515,2.5e-05,0.165347,0.005492
2260,20,0.02799,2.8e-05,0.18256,0.012475
2261,20,0.017693,7.5e-05,0.060111,0.026641
2262,20,0.08217,0.000865,0.526607,0.099611
2263,20,0.035376,4.9e-05,0.140111,0.005248
2264,20,0.019605,0.00055,0.060781,0.002307
2265,20,0.064979,0.0,0.784219,0.027575
2266,20,0.022816,0.000109,0.069718,0.008386
2267,20,0.021217,0.000118,0.074587,0.009484
2268,20,0.024053,0.000175,0.061167,0.01147
2269,20,0.029557,1.3e-05,0.080375,0.00241
2270,20,0.016034,0.000104,0.061386,0.048153
2271,20,0.025998,0.000928,0.067697,0.047808
2272,20,0.026186,0.000148,0.064539,0.000638
2273,20,0.024429,2.8e-05,0.077198,0.06293
2274,20,0.03987,0.0,0.122815,0.073641
2275,20,0.03543,0.000496,0.104017,0.026204
2276,20,0.028729,2.4e-05,0.080827,0.000948
2277,20,0.029217,0.001742,0.164265,0.0034
2278,20,0.039025,0.000343,0.326244,0.326244
2279,20,0.035325,0.001753,0.169529,0.063219
2280,20,0.024559,1.1e-05,0.071275,0.012726
2281,20,0.031698,0.001918,0.077125,0.001918
2282,20,0.046113,0.000756,0.481903,0.007535
2283,20,0.027422,0.000407,0.138769,0.032889
2284,20,0.02162,0.000664,0.073481,0.026985
2285,20,0.051125,1.9e-05,0.498742,0.038395
2286,20,0.035372,0.000199,0.16562,0.014304
2287,20,0.016377,8.9e-05,0.071053,0.012435
2288,20,0.026073,0.001217,0.154293,0.008961
2289,20,0.026425,0.000248,0.073305,0.038724
2290,20,0.033543,0.0021,0.071103,0.041405
2291,20,0.015095,2e-06,0.077811,0.011506
2292,20,0.03035,3e-06,0.178948,0.048302
2293,20,0.023336,0.000106,0.071507,0.030416
2294,20,0.019233,6.1e-05,0.083418,0.03343
2295,20,0.025296,0.000553,0.067712,0.043287
2296,20,0.029909,7.3e-05,0.148284,0.148284
2297,20,0.04494,7e-06,0.356399,7e-06
2298,20,0.021083,0.000726,0.080937,0.012596
2299,20,0.02507,0.000125,0.071852,0.032031
2300,20,0.047584,0.000109,0.436916,0.050305
2301,20,0.023876,0.000286,0.089195,0.003525
2302,20,0.022433,3.6e-05,0.066009,0.022173
2303,20,0.028727,4.6e-05,0.156295,0.025549
2304,20,0.02481,0.001317,0.064796,0.006572
2305,20,0.032544,0.000663,0.079366,0.006031
2306,20,0.021438,0.001847,0.055415,0.003174
2307,20,0.028295,0.000811,0.205575,0.00134
2308,20,0.033612,5e-06,0.146124,5e-06
2309,20,0.033815,1.1e-05,0.128942,0.055015
2310,20,0.048959,3.5e-05,0.275095,0.060084
2311,20,0.026913,0.000809,0.121385,0.005761
2312,20,0.018683,0.000134,0.058724,0.029954
2313,20,0.023794,6.5e-05,0.163153,0.007315
2314,20,0.025226,0.000276,0.085215,0.000276
2315,20,0.029303,5.9e-05,0.071342,0.038625
2316,20,0.023353,0.000239,0.082203,0.000275
2317,20,0.027829,0.000158,0.066889,0.017798
2318,20,0.024944,0.000385,0.069107,0.017319
2319,20,0.027244,0.000997,0.061964,0.015304
2320,20,0.053462,5.4e-05,0.590372,0.020829
2321,20,0.030256,4.5e-05,0.091018,0.053991
2322,20,0.032794,0.000774,0.190755,0.028568
2323,20,0.023177,0.001695,0.061662,0.043376
2324,20,0.027795,0.000355,0.132589,0.029835
2325,20,0.023767,0.001309,0.05505,0.041987
2326,20,0.017133,0.000298,0.064322,0.004237
2327,20,0.025402,0.0,0.07087,0.013757
2328,20,0.019779,8e-06,0.051643,8e-06
2329,20,0.032339,0.00129,0.156275,0.007633
2330,20,0.019358,0.000346,0.084229,0.014929
2331,20,0.021966,7.4e-05,0.071757,0.00161
2332,20,0.032217,0.000339,0.147023,0.051127
2333,20,0.024988,0.000529,0.066723,0.000529
2334,20,0.028592,0.001746,0.097279,0.019616
2335,20,0.017862,0.000196,0.073382,0.00311
2336,20,0.027414,0.001173,0.065082,0.007926
2337,20,0.034183,7e-06,0.375629,0.008616
2338,20,0.046349,0.000645,0.1192,0.050797
2339,20,0.037022,0.001677,0.162544,0.048693
2340,20,0.027452,0.000231,0.094218,0.006366
2341,20,0.044324,2e-06,0.123738,0.015241
2342,20,0.028083,0.000468,0.075834,0.029995
2343,20,0.036983,7.4e-05,0.123536,0.000737
2344,20,0.055738,0.000167,0.359688,0.022002
2345,20,0.032005,2e-06,0.117333,0.007468
2346,20,0.031536,0.000395,0.089315,0.040356
2347,20,0.020155,0.0,0.069327,0.0
2348,20,0.024043,8.2e-05,0.075642,8.2e-05
2349,20,0.023136,0.001191,0.161892,0.021457
2350,20,0.032866,0.000269,0.195267,0.003971
2351,20,0.016023,7.2e-05,0.050747,0.003252
2352,20,0.024974,1.8e-05,0.095797,0.040862
2353,20,0.027467,0.0,0.144053,0.014834
2354,20,0.035836,0.000686,0.143938,0.052864
2355,20,0.028127,0.000992,0.06073,0.057796
2356,20,0.03102,0.000946,0.179843,0.017241
2357,20,0.029894,0.00111,0.071694,0.060675
2358,20,0.031443,0.000326,0.067572,0.058986
2359,20,0.02349,2e-06,0.06387,0.039998
2360,20,0.025425,0.001853,0.079198,0.004532
2361,20,0.035529,0.00231,0.142684,0.0131
2362,20,0.041693,8.9e-05,0.123523,0.050012
2363,20,0.020859,1.5e-05,0.063958,0.036723
2364,20,0.033045,9.1e-05,0.128536,0.047782
2365,20,0.020498,8e-06,0.086869,0.044617
2366,20,0.024058,0.0,0.079125,0.003741
2367,20,0.028042,7.3e-05,0.065957,0.000746
2368,20,0.026419,7e-06,0.093498,0.035681
2369,20,0.022748,0.000242,0.098623,0.012442
2370,20,0.023647,0.000134,0.077784,0.004496
2371,20,0.025616,0.000121,0.087287,0.049794
2372,20,0.016556,7.6e-05,0.053308,0.051162
2373,20,0.025229,1e-06,0.081869,0.000178
2374,20,0.033313,0.000523,0.159785,0.050904
2375,20,0.031362,6e-06,0.132452,0.00538
2376,20,0.019807,0.000495,0.047835,0.001164
2377,20,0.042061,0.000738,0.406308,0.406308
2378,20,0.026267,4e-06,0.078356,0.063373
2379,20,0.033326,0.000595,0.123225,0.066363
2380,20,0.031491,0.00162,0.138539,0.031202
2381,20,0.023447,0.000127,0.067073,0.015706
2382,20,0.029041,4e-05,0.095414,0.076153
2383,20,0.028042,0.002649,0.071108,0.044018
2384,20,0.025302,0.001234,0.063586,0.039529
2385,20,0.019903,0.00029,0.048848,0.001662
2386,20,0.024659,5.6e-05,0.070464,0.00246
2387,20,0.034173,4.9e-05,0.12732,0.070639
2388,20,0.015558,0.000242,0.063305,0.003795
2389,20,0.030928,4e-06,0.08323,0.002593
2390,20,0.020228,8.6e-05,0.076437,0.000191
2391,20,0.028166,0.000198,0.062047,0.01998
2392,20,0.023481,5.2e-05,0.069592,0.003728
2393,20,0.030865,0.000114,0.060941,0.001919
2394,20,0.046579,7.9e-05,0.17707,0.064458
2395,20,0.018183,0.002095,0.050147,0.003194
2396,20,0.022439,0.000389,0.074076,0.009079
2397,20,0.015699,7.9e-05,0.041629,0.028714
2398,20,0.041096,0.000215,0.169174,0.004561
2399,20,0.019706,2.5e-05,0.098137,0.001286
2400,20,0.028882,2.7e-05,0.071061,0.03503
2401,20,0.023412,0.000566,0.073685,0.073685
2402,20,0.035424,0.0004,0.155092,0.013486
2403,20,0.020967,0.000395,0.053391,0.031078
2404,20,0.028022,6.3e-05,0.08681,6.3e-05
2405,20,0.028097,9.8e-05,0.160702,0.000173
2406,20,0.053245,0.000488,0.586549,0.074997
2407,20,0.022136,0.0,0.050844,0.020293
2408,20,0.016515,0.000618,0.067345,0.00464
2409,20,0.027334,0.000117,0.068412,0.052827
2410,20,0.033113,0.001762,0.077759,0.022128
2411,20,0.0229,0.0,0.070055,0.029596
2412,20,0.021516,5.5e-05,0.10864,5.5e-05
2413,20,0.016972,3.8e-05,0.073322,0.000274
2414,20,0.028088,0.00254,0.071566,0.040301
2415,20,0.030735,0.002345,0.11604,0.050339
2416,20,0.019886,0.000147,0.04723,0.027432
2417,20,0.026258,0.00104,0.065644,0.006516
2418,20,0.02062,9.7e-05,0.063159,0.003886
2419,20,0.026826,7.7e-05,0.074926,0.034469
2420,20,0.068888,0.000846,0.71372,0.05555
2421,20,0.025573,0.001817,0.061272,0.003363
2422,20,0.03122,0.002969,0.065598,0.007669
2423,20,0.025388,0.000237,0.08224,0.015046
2424,20,0.015797,9e-06,0.044787,0.032896
2425,20,0.023384,0.000297,0.079986,0.025947
2426,20,0.01912,5.8e-05,0.049689,0.032093
2427,20,0.018534,3.7e-05,0.066427,3.7e-05
2428,20,0.019693,1.9e-05,0.064295,0.024139
2429,20,0.03059,0.000628,0.062179,0.058068
2430,20,0.032375,0.001489,0.138952,0.023385
2431,20,0.021872,2.9e-05,0.050079,0.016838
2432,20,0.027529,0.000408,0.074158,0.015596
2433,20,0.037761,0.000851,0.167679,0.054436
2434,20,0.017686,2.5e-05,0.045775,0.02342
2435,20,0.033178,0.000151,0.093706,0.005279
2436,20,0.020438,1.1e-05,0.062333,0.047433
2437,20,0.034804,0.000444,0.075271,0.031425
2438,20,0.033538,0.001765,0.186293,0.005148
2439,20,0.029518,0.00051,0.066008,0.028335
2440,20,0.020622,0.000281,0.077377,0.077377
2441,20,0.014894,0.000109,0.071597,0.004692
2442,20,0.023057,0.000147,0.053095,0.026411
2443,20,0.030003,1e-05,0.081139,0.026226
2444,20,0.041076,0.000871,0.265815,0.032315
2445,20,0.033662,1.5e-05,0.068421,0.048319
2446,20,0.036834,0.000253,0.131076,0.036422
2447,20,0.041927,2e-06,0.158986,0.003851
2448,20,0.035868,0.000787,0.255988,0.010702
2449,20,0.041269,4.5e-05,0.252256,0.048068
2450,20,0.026883,0.000624,0.066445,0.055109
2451,20,0.02435,0.000199,0.075261,0.013354
2452,20,0.044147,0.000138,0.460556,0.075496
2453,20,0.03088,0.00284,0.06422,0.058925
2454,20,0.022349,4.4e-05,0.058842,0.058842
2455,20,0.019001,5e-06,0.066229,0.012647
2456,20,0.058936,0.000204,0.648376,0.050038
2457,20,0.021959,0.000446,0.073584,0.009191
2458,20,0.036562,5e-06,0.172085,0.047062
2459,20,0.029457,0.001039,0.201407,0.002537
2460,20,0.023996,0.000403,0.06774,0.034082
2461,20,0.020227,1.6e-05,0.072452,0.002529
2462,20,0.025265,0.0,0.063802,0.063802
2463,20,0.022723,0.000959,0.062496,0.002893
2464,20,0.029784,0.004008,0.061238,0.005374
2465,20,0.029424,8.6e-05,0.129732,0.052053
2466,20,0.024794,0.00017,0.059467,0.05825
2467,20,0.026171,3e-05,0.095573,0.027956
2468,20,0.02296,4.2e-05,0.084309,0.03555
2469,20,0.023361,7e-06,0.071752,0.071752
2470,20,0.035082,0.001585,0.132176,0.007012
2471,20,0.01841,8e-06,0.070071,0.070071
2472,20,0.023621,0.000223,0.073499,0.01311
2473,20,0.02892,0.000557,0.138224,0.042649
2474,20,0.047341,0.0,0.496251,0.003846
2475,20,0.017668,0.00135,0.058309,0.00135
2476,20,0.022183,1.7e-05,0.06318,0.048532
2477,20,0.026055,0.000362,0.062895,0.039802
2478,20,0.031465,0.000116,0.075137,0.00029
2479,20,0.023966,0.001357,0.073504,0.004638
2480,20,0.023011,0.000777,0.072393,0.072393
2481,20,0.031878,0.000394,0.177242,0.034642
2482,20,0.017787,7e-06,0.093471,0.061685
2483,20,0.051353,0.000668,0.495626,0.006568
2484,20,0.023267,1e-06,0.109695,0.062758
2485,20,0.030873,0.000391,0.139879,0.139879
2486,20,0.049717,0.001223,0.281649,0.007748
2487,20,0.028934,0.0008,0.16061,0.000852
2488,20,0.027081,0.002618,0.067832,0.050855
2489,20,0.01548,0.000564,0.052187,0.007801
2490,20,0.036724,0.000444,0.242499,0.031772
2491,20,0.029441,0.000212,0.184873,0.040153
2492,20,0.056957,8.8e-05,0.390588,0.0053
2493,20,0.023683,7.1e-05,0.061943,0.055695
2494,20,0.027932,0.000708,0.082963,0.039916
2495,20,0.020463,1e-06,0.056335,0.006037
2496,20,0.023308,0.000423,0.039367,0.000486
2497,20,0.040562,0.000313,0.325189,0.000313
2498,20,0.026351,0.000223,0.074111,0.003845
2499,20,0.036113,0.000765,0.130743,0.130743
2500,20,0.031376,0.000309,0.083272,0.083272
2501,20,0.028641,0.000621,0.096106,0.031978
2502,20,0.027883,2e-06,0.138445,0.033071
2503,20,0.026181,1.7e-05,0.160774,0.005478
2504,20,0.035425,0.000835,0.269533,0.06921
2505,20,0.017765,1.1e-05,0.058471,0.014744
2506,20,0.013169,1.2e-05,0.040836,0.004578
2507,20,0.022032,1e-06,0.079749,0.00151
2508,20,0.017252,6.6e-05,0.0753,0.019106
2509,20,0.023962,6.4e-05,0.078995,0.020293
2510,20,0.019946,2e-06,0.06534,0.003144
2511,20,0.031328,0.000591,0.136486,0.06045
2512,20,0.028234,2.1e-05,0.172251,0.01834
2513,20,0.042703,2.5e-05,0.452145,0.011193
2514,20,0.028714,0.00064,0.067664,0.030344
2515,20,0.025808,0.000461,0.067618,0.045474
2516,20,0.028106,2e-05,0.085259,0.035488
2517,20,0.027961,0.00018,0.072668,0.024798
2518,20,0.037474,0.000419,0.151604,0.007965
2519,20,0.034462,0.001612,0.157845,0.017068
2520,20,0.040674,0.000692,0.219,0.058606
2521,20,0.037595,0.001334,0.283074,0.036284
2522,20,0.040782,0.004481,0.0836,0.004481
2523,20,0.030117,1e-06,0.148369,0.050531
2524,20,0.022126,6e-06,0.064027,0.01154
2525,20,0.043497,0.00187,0.401998,0.007422
2526,20,0.027335,2e-05,0.16577,0.008081
2527,20,0.035707,0.000728,0.106465,0.045251
2528,20,0.027273,0.002506,0.07292,0.025539
2529,20,0.041639,0.000773,0.06817,0.000773
2530,20,0.026395,3.5e-05,0.077132,0.047269
2531,20,0.02817,5e-06,0.074838,0.07019
2532,20,0.037143,0.000213,0.188175,0.078495
2533,20,0.036902,4e-06,0.110958,0.011003
2534,20,0.052026,5.2e-05,0.476717,0.058931
2535,20,0.027038,0.002018,0.082869,0.007242
2536,20,0.035653,0.002615,0.193148,0.028744
2537,20,0.027707,0.006782,0.102784,0.02312
2538,20,0.055135,0.000231,0.624485,0.000845
2539,20,0.034824,3e-06,0.080367,0.028379
2540,20,0.020235,0.001124,0.073251,0.008219
2541,20,0.034646,0.00012,0.084658,0.063542
2542,20,0.023505,0.000403,0.054352,0.054352
2543,20,0.021045,0.001583,0.058676,0.04858
2544,20,0.046574,0.000916,0.261578,0.054533
2545,20,0.049907,0.000477,0.365537,0.008579
2546,20,0.024732,0.001024,0.067719,0.031494
2547,20,0.026492,5.4e-05,0.160288,0.004423
2548,20,0.031582,0.001028,0.11987,0.009603
2549,20,0.038911,0.000204,0.304878,0.010119
2550,20,0.029495,0.000157,0.069948,0.030041
2551,20,0.026169,0.000427,0.06655,0.006132
2552,20,0.019715,0.000603,0.068433,0.03956
2553,20,0.025899,4e-06,0.067565,0.000415
2554,20,0.030866,0.000154,0.204555,0.0272
2555,20,0.012305,1e-06,0.074168,0.008239
2556,20,0.028158,3e-05,0.082913,0.004313
2557,20,0.024204,0.000256,0.060249,0.00156
2558,20,0.026137,0.000418,0.07491,0.068965
2559,20,0.026801,2.4e-05,0.078977,0.032955
2560,20,0.013855,0.0,0.034652,0.000363
2561,20,0.029945,0.000274,0.057265,0.048607
2562,20,0.045421,7.6e-05,0.411925,0.004222
2563,20,0.024636,0.000156,0.069051,0.058125
2564,20,0.029208,0.000394,0.067876,0.025388
2565,20,0.025796,0.002708,0.056137,0.044792
2566,20,0.030035,0.000327,0.165775,0.009982
2567,20,0.027657,0.001283,0.067501,0.001283
2568,20,0.025933,2e-05,0.074666,0.011321
2569,20,0.017747,3e-06,0.091241,0.0227
2570,20,0.035636,0.000922,0.105796,0.017682
2571,20,0.031082,0.001784,0.153483,0.007945
2572,20,0.018377,2.8e-05,0.088643,0.010975
2573,20,0.02435,9e-06,0.058192,0.007982
2574,20,0.027018,0.001559,0.074582,0.005315
2575,20,0.02346,0.000121,0.056021,0.012641
2576,20,0.018565,0.000153,0.050773,0.00059
2577,20,0.024134,1.7e-05,0.222201,0.000857
2578,20,0.016308,2.1e-05,0.085025,0.022028
2579,20,0.018027,4.5e-05,0.091416,4.5e-05
2580,20,0.033363,0.001855,0.083344,0.014657
2581,20,0.057531,0.0,0.464388,0.046764
2582,20,0.019761,0.000369,0.067273,0.042827
2583,20,0.025179,0.0,0.078621,0.004808
2584,20,0.028691,0.000265,0.061805,0.031007
2585,20,0.060359,5e-06,0.66396,0.002903
2586,20,0.024814,0.000153,0.066875,0.038435
2587,20,0.02674,0.001165,0.054004,0.025118
2588,20,0.041861,5.7e-05,0.409069,0.004288
2589,20,0.030598,0.001539,0.069526,0.0082
2590,20,0.023527,0.000366,0.064761,0.031706
2591,20,0.02745,0.001593,0.074892,0.012764
2592,20,0.028146,0.000112,0.076919,0.067892
2593,20,0.020357,1.3e-05,0.040207,0.030157
2594,20,0.023301,3.3e-05,0.077866,0.025398
2595,20,0.027414,6.1e-05,0.057603,0.045275
2596,20,0.027406,4.1e-05,0.075683,0.034661
2597,20,0.026408,0.000552,0.075875,0.000552
2598,20,0.036535,5.3e-05,0.281919,0.281919
2599,20,0.04317,7e-06,0.36353,0.007392
2600,20,0.023134,1e-06,0.056023,0.055353
2601,20,0.030388,0.0,0.069111,0.012367
2602,20,0.023418,0.000117,0.066734,0.003037
2603,20,0.026907,0.000113,0.065619,0.000113
2604,20,0.025545,2e-06,0.078537,0.010239
2605,20,0.024683,0.0,0.073165,0.04492
2606,20,0.054372,0.000562,0.554042,0.042582
2607,20,0.02229,9e-06,0.082565,0.032534
2608,20,0.023954,0.000899,0.188395,0.026072
2609,20,0.022098,2.4e-05,0.141357,0.006566
2610,20,0.017166,0.000169,0.05734,0.001905
2611,20,0.020155,2e-05,0.061489,0.047826
2612,20,0.027181,0.000862,0.073446,0.008649
2613,20,0.032334,0.000181,0.090793,0.036297
2614,20,0.020953,3.6e-05,0.071929,0.062287
2615,20,0.034035,0.002157,0.067613,0.041902
2616,20,0.023599,2e-06,0.075721,0.005063
2617,20,0.030925,0.001527,0.067854,0.035317
2618,20,0.01965,0.0,0.058495,0.057894
2619,20,0.031696,0.000207,0.066039,0.066039
2620,20,0.040528,0.000125,0.170859,0.057329
2621,20,0.02827,0.000119,0.081154,0.005502
2622,20,0.028822,0.002145,0.137695,0.002597
2623,20,0.035053,0.001431,0.122293,0.051667
2624,20,0.017225,3e-06,0.067552,0.000577
2625,20,0.042661,1.6e-05,0.108123,0.04866
2626,20,0.01994,8e-06,0.082382,0.028342
2627,20,0.062562,3.2e-05,0.639095,0.017836
2628,20,0.02659,0.000133,0.116382,0.04973
2629,20,0.031583,0.000231,0.071556,0.048743
2630,20,0.021154,2.2e-05,0.070105,0.015927
2631,20,0.044634,1e-06,0.439713,0.001133
2632,20,0.025538,4.3e-05,0.088564,0.009296
2633,20,0.022814,0.000321,0.130146,0.000402
2634,20,0.030166,0.00099,0.067228,0.05492
2635,20,0.017645,0.000148,0.058164,0.001534
2636,20,0.032805,0.000591,0.118994,0.000591
2637,20,0.015031,6.4e-05,0.054877,0.02623
2638,20,0.025606,1.6e-05,0.156196,0.026741
2639,20,0.027796,3e-06,0.089095,0.078674
2640,20,0.026682,3.5e-05,0.143525,0.004188
2641,20,0.019441,5.3e-05,0.043234,0.00086
2642,20,0.025879,9e-06,0.081196,0.002404
2643,20,0.04559,0.001384,0.139013,0.038539
2644,20,0.032048,0.001126,0.128746,0.008153
2645,20,0.029898,2e-06,0.078347,0.078347
2646,20,0.023479,2.5e-05,0.084721,0.019823
2647,20,0.032272,0.000181,0.193353,0.017655
2648,20,0.049128,0.002325,0.40364,0.048745
2649,20,0.022656,0.000309,0.0638,0.056856
2650,20,0.029548,0.001118,0.065235,0.014228
2651,20,0.029944,2.8e-05,0.100973,0.033887
2652,20,0.020023,0.000115,0.074629,0.026946
2653,20,0.030481,0.003197,0.085861,0.004717
2654,20,0.053842,2.7e-05,0.418749,0.076064
2655,20,0.027516,0.000754,0.066492,0.001148
2656,20,0.026265,0.002047,0.113865,0.017406
2657,20,0.020783,0.000442,0.098136,0.020237
2658,20,0.019622,0.000227,0.107984,0.038521
2659,20,0.042242,0.000139,0.352147,0.00341
2660,20,0.057544,7.9e-05,0.396808,0.016394
2661,20,0.045876,0.000673,0.351269,0.002745
2662,20,0.020618,1.4e-05,0.080066,0.000798
2663,20,0.019351,5.4e-05,0.062798,0.025578
2664,20,0.024286,3.3e-05,0.167882,3.3e-05
2665,20,0.017953,0.000329,0.073697,0.002395
2666,20,0.020454,0.000214,0.091364,0.038651
2667,20,0.031384,0.000545,0.142375,0.032134
2668,20,0.023408,0.000338,0.086255,0.031173
2669,20,0.022144,6e-06,0.070969,0.005878
2670,20,0.025244,0.000103,0.076036,0.008814
2671,20,0.048118,5e-05,0.365701,0.038899
2672,20,0.020877,2e-06,0.074265,0.038407
2673,20,0.034726,1.5e-05,0.11394,0.024695
2674,20,0.014805,0.000233,0.063932,0.012061
2675,20,0.025324,0.000274,0.071508,0.007483
2676,20,0.018919,0.000292,0.072808,0.009049
2677,20,0.027138,0.000718,0.08549,0.035315
2678,20,0.025919,0.000261,0.133848,0.044363
2679,20,0.019399,3.2e-05,0.063408,0.008189
2680,20,0.020894,5e-05,0.082222,0.017047
2681,20,0.030493,0.000134,0.294874,0.008718
2682,20,0.030363,0.000826,0.066636,0.005245
2683,20,0.023258,0.000185,0.120496,0.002327
2684,20,0.021307,6e-06,0.071232,0.061343
2685,20,0.061265,0.002073,0.602111,0.028993
2686,20,0.029016,0.000283,0.127558,0.003565
2687,20,0.074334,0.000253,0.529314,0.040535
2688,20,0.050394,7.8e-05,0.597701,0.001546
2689,20,0.022793,0.0,0.081478,0.009149
2690,20,0.019242,0.000121,0.093632,0.000121
2691,20,0.031347,0.001382,0.088223,0.072272
2692,20,0.031395,0.001407,0.067326,0.059971
2693,20,0.02109,5e-06,0.085705,0.000489
2694,20,0.032417,1e-06,0.08151,0.000825
2695,20,0.028801,2e-06,0.081573,0.012721
2696,20,0.01641,2e-06,0.040304,0.020477
2697,20,0.023297,2.1e-05,0.083847,0.038007
2698,20,0.033889,0.000439,0.100386,0.046789
2699,20,0.015441,0.000344,0.051718,0.000467
2700,20,0.023932,2e-05,0.075302,0.001745
2701,20,0.044622,6.2e-05,0.417807,0.023998
2702,20,0.024386,0.000125,0.062185,0.013523
2703,20,0.032999,0.00147,0.142448,0.021739
2704,20,0.039182,0.000994,0.120267,0.008634
2705,20,0.04406,0.003075,0.168714,0.003567
2706,20,0.021994,0.0,0.064255,0.004861
2707,20,0.040379,0.000677,0.083442,0.018554
2708,20,0.024964,4.8e-05,0.068871,0.002005
2709,20,0.015796,5.5e-05,0.048307,5.5e-05
2710,20,0.013948,1e-06,0.047084,0.009882
2711,20,0.019283,0.001526,0.065414,0.001544
2712,20,0.023988,0.000137,0.063445,0.048735
2713,20,0.05044,1.1e-05,0.502341,0.000101
2714,20,0.014018,3.5e-05,0.056432,0.056432
2715,20,0.031815,0.001237,0.179754,0.00493
2716,20,0.048437,7e-06,0.554454,0.005686
2717,20,0.039118,9.9e-05,0.331238,0.331238
2718,20,0.014196,0.000117,0.056277,0.00421
2719,20,0.01833,8.2e-05,0.043131,0.015217
2720,20,0.022431,8e-06,0.064319,0.005416
2721,20,0.030046,0.003604,0.068885,0.010443
2722,20,0.050925,0.00014,0.385457,0.067847
2723,20,0.02498,0.00027,0.068117,0.002861
2724,20,0.048851,0.000875,0.46382,0.008131
2725,20,0.024654,0.000675,0.080962,0.059373
2726,20,0.024508,0.000118,0.082777,0.025149
2727,20,0.016194,1e-06,0.082566,0.0478
2728,20,0.025825,0.000242,0.168485,0.030951
2729,20,0.024766,0.001402,0.056405,0.017291
2730,20,0.023468,0.000278,0.15796,0.007875
2731,20,0.015903,5e-06,0.040748,1.9e-05
2732,20,0.029611,2.7e-05,0.089572,0.01403
2733,20,0.016005,0.000775,0.0399,0.015995
2734,20,0.035078,0.000592,0.105642,0.065336
2735,20,0.012427,0.000168,0.066682,0.013942
2736,20,0.019447,0.0,0.072418,0.022261
2737,20,0.028856,0.001109,0.064749,0.00293
2738,20,0.028123,0.000858,0.065374,0.062915
2739,20,0.025651,0.001003,0.059943,0.002935
2740,20,0.035269,5e-06,0.111245,0.029175
2741,20,0.023361,0.002177,0.079782,0.003049
2742,20,0.032462,5.7e-05,0.151526,0.001809
2743,20,0.033065,0.000746,0.119581,0.014148
2744,20,0.020354,1.4e-05,0.076221,0.053261
2745,20,0.026121,0.0,0.057517,0.031452
2746,20,0.025637,0.000219,0.073343,0.063991
2747,20,0.027043,3.8e-05,0.082747,0.025232
2748,20,0.031687,4.6e-05,0.182284,0.065182
2749,20,0.022544,0.001032,0.060657,0.045501
2750,20,0.019079,2.1e-05,0.06472,0.007351
2751,20,0.041094,5e-06,0.283751,0.001707
2752,20,0.031309,2e-06,0.082305,0.082305
2753,20,0.035424,0.000415,0.137797,0.000629
2754,20,0.028764,0.000603,0.139347,0.049321
2755,20,0.018621,0.001284,0.058912,0.053264
2756,20,0.033294,0.000596,0.135115,0.000694
2757,20,0.019349,4e-05,0.058183,0.007119
2758,20,0.031047,0.000632,0.069863,0.004154
2759,20,0.024293,0.00114,0.105263,0.052213
2760,20,0.033347,0.001424,0.144098,0.002338
2761,20,0.025097,1e-05,0.174155,0.043334
2762,20,0.037781,1.7e-05,0.178308,0.010205
2763,20,0.032925,0.004883,0.064282,0.026985
2764,20,0.022702,0.001067,0.063462,0.020568
2765,20,0.026796,7e-06,0.15549,3.2e-05
2766,20,0.031642,6.5e-05,0.078158,0.078158
2767,20,0.023302,4.2e-05,0.094924,0.008398
2768,20,0.038349,9.2e-05,0.272634,0.006996
2769,20,0.029025,0.000542,0.122767,0.004256
2770,20,0.028332,0.000543,0.090889,0.013674
2771,20,0.030805,0.001577,0.126637,0.002449
2772,20,0.025842,0.000105,0.07011,0.000105
2773,20,0.029285,3e-06,0.085175,0.050836
2774,20,0.03787,4e-05,0.141757,0.055982
2775,20,0.042884,0.003437,0.153204,0.016773
2776,20,0.028081,6e-06,0.178283,0.01048
2777,20,0.026257,0.0,0.112089,0.059282
2778,20,0.022778,0.000412,0.057137,0.047315
2779,20,0.022463,0.0,0.067866,0.052339
2780,20,0.026978,7e-06,0.075025,0.07017
2781,20,0.011647,3.4e-05,0.058409,0.010016
2782,20,0.03886,0.001081,0.10654,0.003173
2783,20,0.02639,0.000212,0.159387,0.007278
2784,20,0.03636,0.001166,0.151147,0.034085
2785,20,0.037165,0.000199,0.13581,0.024562
2786,20,0.037307,1e-06,0.294311,0.000958
2787,20,0.023163,0.000102,0.069442,0.002119
2788,20,0.035107,0.000916,0.125867,0.004303
2789,20,0.02804,0.000347,0.068372,0.030423
2790,20,0.024898,0.001429,0.100698,0.001957
2791,20,0.024576,0.00011,0.070426,0.00269
2792,20,0.02112,2.6e-05,0.06081,0.027424
2793,20,0.026619,0.0012,0.077166,0.03532
2794,20,0.025422,0.000112,0.071206,0.016209
2795,20,0.034124,0.002382,0.064637,0.022287
2796,20,0.046218,4.4e-05,0.353719,0.024601
2797,20,0.034543,9.1e-05,0.082651,0.022652
2798,20,0.020511,0.000232,0.066322,0.000232
2799,20,0.053195,0.000406,0.409258,0.059229
2800,20,0.018962,2.3e-05,0.071222,0.03455
2801,20,0.029411,0.000396,0.120133,0.027203
2802,20,0.030787,0.004628,0.096354,0.02782
2803,20,0.040665,1e-06,0.325607,0.001434
2804,20,0.027551,6.6e-05,0.071454,0.029312
2805,20,0.02392,0.000122,0.082163,0.027139
2806,20,0.019096,4.2e-05,0.064703,0.003642
2807,20,0.069568,5.4e-05,0.487725,0.061941
2808,20,0.030574,5.2e-05,0.160574,0.160574
2809,20,0.029914,0.000132,0.151466,0.024538
2810,20,0.033531,4.8e-05,0.153414,0.049165
2811,20,0.028409,0.001235,0.071217,0.066086
2812,20,0.030881,0.000643,0.076555,0.000737
2813,20,0.032397,0.000447,0.128098,0.019121
2814,20,0.033546,0.00078,0.166078,0.041912
2815,20,0.036285,0.000701,0.17626,0.007324
2816,20,0.039472,3.4e-05,0.320614,0.017151
2817,20,0.024765,3e-06,0.094197,0.030438
2818,20,0.024839,1.5e-05,0.107472,1.5e-05
2819,20,0.019331,0.000162,0.062789,0.000591
2820,20,0.021053,0.000144,0.056401,0.044717
2821,20,0.026219,4e-06,0.068433,0.02404
2822,20,0.02942,0.001281,0.087211,0.003476
2823,20,0.026148,0.001124,0.057254,0.011024
2824,20,0.026404,6.1e-05,0.080749,0.01634
2825,20,0.020885,0.001551,0.069465,0.003985
2826,20,0.020742,0.000197,0.075542,0.006707
2827,20,0.030973,0.001207,0.083772,0.053674
2828,20,0.018033,0.0,0.083282,0.0
2829,20,0.026196,5e-06,0.133851,0.004743
2830,20,0.045807,2e-05,0.599674,0.002589
2831,20,0.012502,1.4e-05,0.029449,0.007593
2832,20,0.032343,0.001656,0.196064,0.066964
2833,20,0.027386,0.000389,0.13224,0.045939
2834,20,0.022891,7.6e-05,0.071387,0.013917
2835,20,0.020155,0.000137,0.040147,0.028633
2836,20,0.020385,0.0,0.078082,0.001782
2837,20,0.036673,0.001383,0.074171,0.05031
2838,20,0.052839,0.000125,0.420416,0.042069
2839,20,0.024948,2.4e-05,0.068905,0.01955
2840,20,0.024312,0.001459,0.05945,0.055442
2841,20,0.015055,0.001279,0.068997,0.006639
2842,20,0.026843,0.001062,0.073146,0.017284
2843,20,0.022303,0.000285,0.079555,0.040602
2844,20,0.034408,2.5e-05,0.136215,0.136215
2845,20,0.027406,0.000306,0.064278,0.002531
2846,20,0.026882,7.7e-05,0.128302,0.013483
2847,20,0.028359,0.001865,0.088048,0.003052
2848,20,0.032237,0.000696,0.133393,0.013654
2849,20,0.0225,0.000359,0.078076,0.043429
2850,20,0.029067,0.000417,0.058647,0.050532
2851,20,0.02352,7e-06,0.059611,0.014238
2852,20,0.016195,0.000146,0.069691,0.031176
2853,20,0.017853,0.0,0.062984,0.017249
2854,20,0.035163,0.000848,0.080164,0.049131
2855,20,0.040012,0.00244,0.14565,0.14565
2856,20,0.020024,7.2e-05,0.04422,0.000871
2857,20,0.025715,0.000935,0.054218,0.004517
2858,20,0.024154,0.000312,0.089985,0.021775
2859,20,0.031382,0.000213,0.093024,0.032301
2860,20,0.032821,4.8e-05,0.096099,0.018891
2861,20,0.030622,0.000208,0.086383,0.055097
2862,20,0.025853,0.000771,0.060575,0.005011
2863,20,0.023171,1e-06,0.058612,0.012722
2864,20,0.033869,0.00165,0.110713,0.066515
2865,20,0.027992,0.000695,0.065157,0.008848
2866,20,0.059258,0.000889,0.51006,0.018773
2867,20,0.015244,4.9e-05,0.056079,5.4e-05
2868,20,0.023984,0.0,0.066097,0.0
2869,20,0.041469,9.1e-05,0.258863,9.1e-05
2870,20,0.025571,0.000241,0.074117,0.04964
2871,20,0.028611,0.002862,0.069176,0.025225
2872,20,0.031132,0.000972,0.075647,0.023109
2873,20,0.032123,0.000138,0.155589,0.001942
2874,20,0.022567,9e-06,0.076675,0.001683
2875,20,0.012908,2.6e-05,0.033404,0.01377
2876,20,0.032045,0.000239,0.078206,0.026282
2877,20,0.024169,2e-06,0.088859,0.074173
2878,20,0.030354,0.000256,0.172261,0.040961
2879,20,0.03118,1.8e-05,0.163634,0.042149
2880,20,0.024689,1.1e-05,0.090749,0.033878
2881,20,0.01344,8e-06,0.054276,0.000764
2882,20,0.023699,0.000879,0.067979,0.001645
2883,20,0.028487,0.000747,0.08424,0.059353
2884,20,0.032889,0.000366,0.068558,0.011038
2885,20,0.019839,1.3e-05,0.082048,0.082048
2886,20,0.022484,7e-05,0.073774,0.005083
2887,20,0.0291,0.002567,0.0649,0.061583
2888,20,0.020225,5.5e-05,0.072644,0.068326
2889,20,0.024523,0.000134,0.068158,0.052765
2890,20,0.020872,1.3e-05,0.076831,1.3e-05
2891,20,0.02798,0.000144,0.076936,0.024924
2892,20,0.018482,0.000232,0.062975,0.003947
2893,20,0.025702,0.000667,0.131549,0.022083
2894,20,0.034213,0.00044,0.182842,0.012326
2895,20,0.035694,0.000214,0.114562,0.051263
2896,20,0.024238,0.0,0.072805,0.008614
2897,20,0.025817,0.000478,0.064104,0.006182
2898,20,0.024654,1.4e-05,0.074808,0.00703
2899,20,0.019218,1.6e-05,0.065541,0.004074
2900,20,0.03159,0.00017,0.1034,0.006252
2901,20,0.020054,1.3e-05,0.070504,0.038706
2902,20,0.014689,0.000763,0.066818,0.003989
2903,20,0.030578,2e-06,0.149245,0.027538
2904,20,0.030691,0.000165,0.070572,0.055488
2905,20,0.022557,2e-06,0.073119,0.007686
2906,20,0.020654,6e-06,0.073987,0.073987
2907,20,0.060935,0.000648,0.542125,0.014599
2908,20,0.036889,0.000322,0.099631,0.022089
2909,20,0.027942,1.2e-05,0.088888,0.043358
2910,20,0.037131,0.000384,0.171417,0.171417
2911,20,0.022888,0.000129,0.161238,0.002864
2912,20,0.054335,7.1e-05,0.397728,0.116193
2913,20,0.029919,0.001977,0.066415,0.015992
2914,20,0.017086,0.000174,0.052547,0.048195
2915,20,0.015676,0.000207,0.040007,0.000406
2916,20,0.024541,0.000357,0.086384,0.004791
2917,20,0.029533,0.000534,0.1128,0.011472
2918,20,0.026203,0.001844,0.126636,0.026861
2919,20,0.02184,0.000175,0.067096,0.000175
2920,20,0.025137,0.001574,0.0678,0.037751
2921,20,0.035217,0.000392,0.134225,0.000808
2922,20,0.038867,0.000177,0.333133,0.005106
2923,20,0.021177,0.000832,0.070796,0.014085
2924,20,0.026592,0.000195,0.104695,0.008765
2925,20,0.050896,0.001764,0.367283,0.367283
2926,20,0.028066,4.3e-05,0.076444,0.034343
2927,20,0.018226,7e-05,0.074888,0.0067
2928,20,0.027424,0.000656,0.096297,0.018334
2929,20,0.037709,7e-05,0.142547,0.041539
2930,20,0.028555,0.003155,0.145665,0.042194
2931,20,0.017015,6e-06,0.041294,0.005337
2932,20,0.04882,0.000125,0.285177,0.055747
2933,20,0.029223,0.000351,0.087684,0.000351
2934,20,0.029953,0.000386,0.135329,0.017794
2935,20,0.030511,0.00011,0.114213,0.042262
2936,20,0.023249,1.7e-05,0.082651,0.003606
2937,20,0.02098,4.2e-05,0.07461,0.00092
2938,20,0.015967,1.6e-05,0.071058,1.6e-05
2939,20,0.032993,0.002079,0.087613,0.042716
2940,20,0.024441,0.000101,0.080246,0.013867
2941,20,0.037569,0.000202,0.213716,0.004566
2942,20,0.029046,1.9e-05,0.13388,0.000817
2943,20,0.028426,0.000746,0.139162,0.041697
2944,20,0.030494,1.3e-05,0.192875,7.7e-05
2945,20,0.02572,2.7e-05,0.067969,0.030842
2946,20,0.01902,5.1e-05,0.076409,0.033238
2947,20,0.016245,0.0,0.082233,0.004647
2948,20,0.026664,0.00027,0.065252,0.001039
2949,20,0.026921,3e-06,0.079375,0.034074
2950,20,0.023628,0.001138,0.043018,0.001517
2951,20,0.023052,0.001008,0.103664,0.006455
2952,20,0.027641,0.001363,0.12361,0.064909
2953,20,0.025445,0.000716,0.062538,0.055933
2954,20,0.025229,0.0001,0.063331,0.001947
2955,20,0.020562,4.3e-05,0.074348,0.055076
2956,20,0.024432,0.001974,0.057546,0.046055
2957,20,0.023838,6.5e-05,0.066658,0.066658
2958,20,0.023399,5.8e-05,0.054932,8.6e-05
2959,20,0.02139,7.6e-05,0.079823,0.009301
2960,20,0.030929,0.000593,0.153597,0.006108
2961,20,0.027133,2.2e-05,0.069016,0.003829
2962,20,0.038224,0.001084,0.154993,0.002459
2963,20,0.029523,0.000662,0.141384,0.055645
2964,20,0.027751,0.000596,0.0671,0.004004
2965,20,0.027851,6e-05,0.082431,0.046255
2966,20,0.027171,0.001752,0.061151,0.057116
2967,20,0.020898,0.000914,0.064145,0.001277
2968,20,0.012673,1e-06,0.086593,0.013177
2969,20,0.021432,3.5e-05,0.065196,0.017727
2970,20,0.010932,0.0,0.042699,0.000513
2971,20,0.013739,0.000421,0.053786,0.053786
2972,20,0.035518,0.000491,0.07556,0.029154
2973,20,0.02578,3e-06,0.07293,3e-06
2974,20,0.031167,0.000599,0.068624,0.053268
2975,20,0.028209,0.00015,0.067141,0.041995
2976,20,0.019379,8.7e-05,0.075534,0.030286
2977,20,0.028721,0.003278,0.07255,0.01396
2978,20,0.017766,3.3e-05,0.067312,0.010887
2979,20,0.031651,0.000177,0.187747,0.03181
2980,20,0.028521,0.003247,0.168175,0.003247
2981,20,0.018687,2.3e-05,0.051112,0.008385
2982,20,0.035364,0.000106,0.093298,0.047302
2983,20,0.016785,0.000148,0.055709,0.011305
2984,20,0.021504,2.3e-05,0.055984,0.010768
2985,20,0.032196,0.002599,0.07138,0.019121
2986,20,0.013628,4e-05,0.079152,0.0463
2987,20,0.021236,1.9e-05,0.064018,0.009667
2988,20,0.019152,1e-06,0.051146,0.019081
2989,20,0.022482,1e-06,0.10646,0.031098
2990,20,0.027113,0.0,0.079704,0.046682
2991,20,0.026114,6.6e-05,0.149963,0.003561
2992,20,0.048312,0.000318,0.405238,0.005843
2993,20,0.026883,0.000456,0.130029,0.013452
2994,20,0.052696,0.000254,0.360844,0.005392
2995,20,0.020867,9.6e-05,0.069526,9.6e-05
2996,20,0.027144,3.6e-05,0.187753,0.006494
2997,20,0.021466,0.000598,0.058103,0.003367
2998,20,0.026962,0.001357,0.12859,0.038154
2999,20,0.01898,0.000211,0.065498,0.00031
3000,20,0.021159,0.000658,0.064192,0.036522
3001,20,0.024157,2.4e-05,0.225031,0.000119
3002,20,0.03427,0.0,0.160813,0.000753
3003,20,0.026712,0.00083,0.065649,0.050688
3004,20,0.026506,7e-06,0.063989,0.056626
3005,20,0.037727,7.2e-05,0.494914,0.011625
3006,20,0.02444,3e-06,0.112421,0.01463
3007,20,0.031733,1.6e-05,0.077838,0.037342
3008,20,0.027335,0.000371,0.178366,0.031955
3009,20,0.042324,1.3e-05,0.436734,0.003969
3010,20,0.023193,0.001314,0.067378,0.049198
3011,20,0.027756,9.2e-05,0.077084,0.022371
3012,20,0.02155,2.5e-05,0.07022,0.002464
3013,20,0.041795,0.000815,0.401329,0.003801
3014,20,0.017621,0.000196,0.097272,0.008087
3015,20,0.025907,0.001433,0.0693,0.005727
3016,20,0.020302,0.001326,0.053669,0.012853
3017,20,0.029659,0.000168,0.174725,0.007201
3018,20,0.026781,0.002758,0.076384,0.027809
3019,20,0.019791,7.2e-05,0.081928,0.01688
3020,20,0.015682,0.000621,0.047225,0.013562
3021,20,0.032107,1.2e-05,0.180184,0.025162
3022,20,0.045179,8.8e-05,0.359758,0.010594
3023,20,0.027491,0.000568,0.074543,0.027365
3024,20,0.02375,2e-06,0.061059,0.019668
3025,20,0.021878,2.8e-05,0.101642,0.032201
3026,20,0.037571,7e-05,0.183309,0.059433
3027,20,0.023619,0.0,0.069625,0.006601
3028,20,0.028944,0.002689,0.064883,0.004285
3029,20,0.022293,0.000211,0.073319,0.008102
3030,20,0.038908,0.000667,0.162824,0.001551
3031,20,0.027385,4.1e-05,0.176264,0.046008
3032,20,0.028715,9e-05,0.096796,0.090932
3033,20,0.017902,4.2e-05,0.063136,0.021228
3034,20,0.018855,1.3e-05,0.062199,0.044613
3035,20,0.029649,0.000304,0.078749,0.001336
3036,20,0.023166,4.3e-05,0.079259,0.026292
3037,20,0.030492,1.1e-05,0.196814,0.008874
3038,20,0.02345,0.000302,0.093203,0.003507
3039,20,0.029333,5.7e-05,0.057193,0.039379
3040,20,0.017465,0.000157,0.05844,0.01459
3041,20,0.033236,3.3e-05,0.12341,0.020266
3042,20,0.027039,1.2e-05,0.099874,0.000677
3043,20,0.016378,6.3e-05,0.067503,0.006532
3044,20,0.020745,0.0,0.07086,0.000174
3045,20,0.021873,0.000131,0.093372,0.037212
3046,20,0.022538,0.002225,0.057907,0.01538
3047,20,0.025603,0.000139,0.061481,0.051767
3048,20,0.027732,0.001056,0.062453,0.041219
3049,20,0.023635,3.1e-05,0.075865,0.000355
3050,20,0.016511,0.000312,0.053589,0.037439
3051,20,0.023963,0.000383,0.068716,0.031968
3052,20,0.021141,9.3e-05,0.058035,0.011072
3053,20,0.035139,0.001363,0.066609,0.056126
3054,20,0.036566,9.7e-05,0.14715,9.7e-05
3055,20,0.026223,0.000671,0.090625,0.059323
3056,20,0.021955,0.0,0.059888,0.035521
3057,20,0.026677,0.000154,0.142854,0.008455
3058,20,0.039191,2.4e-05,0.440284,0.003657
3059,20,0.035837,0.000154,0.170932,0.060606
3060,20,0.044192,0.000509,0.373269,0.000581
3061,20,0.015495,0.000914,0.044966,0.035534
3062,20,0.022634,9.1e-05,0.089376,0.03258
3063,20,0.027489,0.000125,0.141837,0.002825
3064,20,0.028731,0.000301,0.223265,0.052572
3065,20,0.027547,0.001604,0.146847,0.016023
3066,20,0.022233,0.001833,0.070809,0.001833
3067,20,0.021047,3.6e-05,0.062609,0.026484
3068,20,0.036848,0.002586,0.094409,0.019744
3069,20,0.032238,0.002715,0.137689,0.031751
3070,20,0.024523,2e-06,0.068197,0.002013
3071,20,0.040399,2e-05,0.149042,0.060396
3072,20,0.024634,0.000578,0.06717,0.006057
3073,20,0.015139,0.0,0.047454,0.014293
3074,20,0.036127,6.9e-05,0.116681,0.058503
3075,20,0.050073,0.002253,0.401334,0.027355
3076,20,0.030251,0.000972,0.060886,0.002711
3077,20,0.02976,0.000431,0.079648,0.003078
3078,20,0.01727,1.1e-05,0.046626,0.037482
3079,20,0.029664,8.8e-05,0.067648,0.032088
3080,20,0.046825,4.4e-05,0.173411,0.001259
3081,20,0.018738,7.4e-05,0.067552,0.054585
3082,20,0.021109,0.000228,0.073353,0.001092
3083,20,0.03074,0.00031,0.156742,0.016269
3084,20,0.034227,0.000399,0.085813,0.034696
3085,20,0.014452,5.8e-05,0.059802,0.014308
3086,20,0.023449,0.0,0.079474,0.023579
3087,20,0.027706,0.002077,0.074363,0.074363
3088,20,0.021229,6e-06,0.057594,0.003922
3089,20,0.022729,0.000174,0.095505,0.009124
3090,20,0.025612,0.001942,0.060787,0.055942
3091,20,0.028128,9.1e-05,0.064493,0.027577
3092,20,0.065912,0.000275,0.371831,0.016436
3093,20,0.034198,0.00104,0.134152,0.005163
3094,20,0.039223,4e-06,0.095216,0.03588
3095,20,0.028491,0.000378,0.070336,0.037856
3096,20,0.026679,1.2e-05,0.155699,0.021271
3097,20,0.026897,0.000259,0.095902,0.000259
3098,20,0.02172,0.000524,0.06988,0.000996
3099,20,0.018665,3e-06,0.066442,5.8e-05
3100,20,0.025165,6e-06,0.063289,0.044756
3101,20,0.027686,8e-06,0.072055,0.039403
3102,20,0.036167,2.4e-05,0.165307,0.007548
3103,20,0.038545,0.000456,0.320412,0.027264
3104,20,0.027581,0.000415,0.103247,0.071067
3105,20,0.042308,0.000129,0.300389,0.002593
3106,20,0.030891,2e-06,0.181056,0.027294
3107,20,0.022772,0.000277,0.073353,0.019371
3108,20,0.030154,5e-06,0.070662,0.013485
3109,20,0.032423,0.000476,0.11436,0.050191
3110,20,0.044641,0.00077,0.501733,0.055175
3111,20,0.024892,0.000577,0.063095,0.035558
3112,20,0.030153,0.000491,0.078351,0.076275
3113,20,0.023679,1.8e-05,0.162255,1.8e-05
3114,20,0.026532,2e-06,0.102084,0.000291
3115,20,0.025161,0.001202,0.065813,0.015584
3116,20,0.031239,0.001458,0.120193,0.001458
3117,20,0.014872,0.000246,0.071272,0.000246
3118,20,0.018457,0.0,0.069977,0.037334
3119,20,0.028985,3.6e-05,0.185361,0.008907
3120,20,0.037446,0.00037,0.139198,0.050268
3121,20,0.026356,0.000234,0.128709,0.004298
3122,20,0.032853,0.000999,0.065776,0.036255
3123,20,0.013665,1e-06,0.069896,0.004257
3124,20,0.031369,3e-06,0.077114,0.006433
3125,20,0.029134,0.000133,0.084026,0.000777
3126,20,0.029051,2.7e-05,0.099219,0.043199
3127,20,0.018911,0.000157,0.06178,0.014069
3128,20,0.055877,6.4e-05,0.46598,0.076234
3129,20,0.026153,0.00032,0.08361,0.030195
3130,20,0.013417,0.000117,0.070954,0.000242
3131,20,0.023343,3.7e-05,0.09682,0.037768
3132,20,0.029035,0.000236,0.067712,0.002968
3133,20,0.028643,0.002465,0.070181,0.017566
3134,20,0.026796,0.000359,0.119709,0.008125
3135,20,0.032212,0.001345,0.197174,0.011911
3136,20,0.037508,0.001242,0.117107,0.006166
3137,20,0.035798,0.000566,0.126953,0.020674
3138,20,0.019715,8.1e-05,0.056131,0.000644
3139,20,0.033151,0.001739,0.067384,0.038851
3140,20,0.023704,0.000508,0.169017,0.045674
3141,20,0.028961,1.4e-05,0.063884,0.05608
3142,20,0.023107,0.001335,0.058951,0.019201
3143,20,0.022179,1e-05,0.099753,0.000271
3144,20,0.023692,5e-06,0.110914,0.022122
3145,20,0.020982,0.000417,0.091866,0.026828
3146,20,0.043963,7e-06,0.257469,0.054073
3147,20,0.02087,0.001331,0.078948,0.051119
3148,20,0.025982,0.000161,0.079701,0.021712
3149,20,0.027361,5e-06,0.067882,0.02725
3150,20,0.050215,9e-06,0.563496,0.009537
3151,20,0.02446,5.5e-05,0.082,5.5e-05
3152,20,0.034033,7.3e-05,0.067543,0.040243
3153,20,0.027846,0.002054,0.060939,0.009543
3154,20,0.022661,0.000108,0.085325,0.028609
3155,20,0.029465,0.0,0.127825,0.127825
3156,20,0.036223,0.001096,0.144471,0.004803
3157,20,0.029442,0.000664,0.068179,0.001943
3158,20,0.025276,0.0,0.056892,0.000104
3159,20,0.022954,2.8e-05,0.089971,0.036108
3160,20,0.016977,2.1e-05,0.049391,0.013393
3161,20,0.02328,1.6e-05,0.113844,0.000399
3162,20,0.030096,0.000955,0.064611,0.041185
3163,20,0.02415,1.3e-05,0.152475,0.005146
3164,20,0.02888,0.000681,0.071055,0.059025
3165,20,0.02474,0.00015,0.08784,0.000827
3166,20,0.02376,2.7e-05,0.08082,0.024587
3167,20,0.036452,0.000301,0.41683,0.000864
3168,20,0.032957,0.0,0.073691,0.038735
3169,20,0.032426,3.2e-05,0.374894,0.013394
3170,20,0.008868,0.0,0.034485,0.029289
3171,20,0.018204,1.1e-05,0.059333,0.003329
3172,20,0.034653,0.00014,0.131483,0.010172
3173,20,0.02543,0.000694,0.157671,0.001401
3174,20,0.02623,0.001304,0.07225,0.07225
3175,20,0.02719,3.5e-05,0.063286,0.055144
3176,20,0.025323,0.000398,0.068982,0.059243
3177,20,0.027965,0.002381,0.062238,0.051793
3178,20,0.022753,0.0,0.083241,0.051932
3179,20,0.024698,0.000598,0.063813,0.005038
3180,20,0.024092,0.00148,0.080615,0.006004
3181,20,0.026946,0.000732,0.152512,0.015644
3182,20,0.03752,0.001263,0.126153,0.056394
3183,20,0.031173,0.002976,0.063731,0.041671
3184,20,0.025769,7.7e-05,0.08783,0.002375
3185,20,0.0257,0.000797,0.092129,0.009751
3186,20,0.039469,0.000201,0.202985,0.011784
3187,20,0.01974,5e-06,0.067977,0.028797
3188,20,0.028672,4e-06,0.082015,0.032553
3189,20,0.029555,0.000348,0.073977,0.00934
3190,20,0.060414,0.000191,0.446675,0.016266
3191,20,0.02336,0.000204,0.076403,0.076403
3192,20,0.030358,0.000633,0.123819,0.003515
3193,20,0.038705,2e-06,0.269569,0.036359
3194,20,0.030716,0.00228,0.07102,0.029666
3195,20,0.018968,1e-06,0.09141,7.4e-05
3196,20,0.036264,0.000136,0.165584,0.014623
3197,20,0.035827,0.004509,0.066467,0.036887
3198,20,0.025803,0.000644,0.075255,0.02422
3199,20,0.029549,0.00129,0.09519,0.038783
3200,20,0.031472,8.3e-05,0.169078,0.048506
3201,20,0.017967,3.5e-05,0.061922,7.2e-05
3202,20,0.045289,0.000553,0.474471,0.003542
3203,20,0.020549,0.0,0.089164,0.089164
3204,20,0.026258,0.0002,0.064114,0.021732
3205,20,0.016223,0.0,0.069311,0.002577
3206,20,0.042159,0.000695,0.103115,0.057653
3207,20,0.028783,5.4e-05,0.090393,0.02591
3208,20,0.037852,0.00107,0.292442,0.052413
3209,20,0.024901,0.000681,0.084183,0.005207
3210,20,0.050439,3.7e-05,0.269118,0.004608
3211,20,0.028135,2.5e-05,0.071067,0.002348
3212,20,0.023384,0.000123,0.087862,0.031056
3213,20,0.032984,0.000104,0.194126,0.008574
3214,20,0.022879,0.000474,0.059263,0.035296
3215,20,0.024546,6.1e-05,0.111027,0.03848
3216,20,0.025087,1.4e-05,0.072489,0.009063
3217,20,0.020958,0.000179,0.070698,0.03903
3218,20,0.023805,0.000108,0.07418,0.008642
3219,20,0.022764,3e-06,0.073475,0.069899
3220,20,0.034476,7e-06,0.171064,7e-06
3221,20,0.026361,0.000357,0.06332,0.057119
3222,20,0.048992,0.001053,0.27485,0.27485
3223,20,0.031013,0.000173,0.111357,0.07619
3224,20,0.027865,2.1e-05,0.069711,0.034681
3225,20,0.014216,0.000252,0.095195,0.095195
3226,20,0.033429,0.0,0.083143,0.048831
3227,20,0.0277,0.000303,0.063259,0.047331
3228,20,0.020874,0.001538,0.052991,0.005169
3229,20,0.027205,0.0,0.073242,0.005837
3230,20,0.02471,0.00015,0.068974,0.016332
3231,20,0.032442,9.2e-05,0.122651,0.015719
3232,20,0.021902,5.3e-05,0.057917,0.02252
3233,20,0.021594,0.000586,0.055369,0.01343
3234,20,0.022264,3.5e-05,0.077342,0.017271
3235,20,0.044874,0.000387,0.532994,0.01713
3236,20,0.02996,0.000838,0.076698,0.023852
3237,20,0.016261,0.000582,0.090333,0.002374
3238,20,0.021307,7.6e-05,0.069266,7.6e-05
3239,20,0.058498,7.1e-05,0.691921,0.002072
3240,20,0.032949,0.001262,0.121068,0.063617
3241,20,0.025851,0.000135,0.147735,0.013372
3242,20,0.02078,0.000372,0.071088,0.037329
3243,20,0.015207,0.0,0.038775,0.002032
3244,20,0.028303,0.000267,0.141162,0.003242
3245,20,0.026942,2.7e-05,0.069305,0.005961
3246,20,0.017436,0.000133,0.069823,0.027172
3247,20,0.040159,0.001112,0.150653,0.001112
3248,20,0.025759,2.6e-05,0.075373,0.053051
3249,20,0.019625,0.000545,0.051172,0.010071
3250,20,0.023585,0.000676,0.081166,0.028161
3251,20,0.021295,0.001659,0.071467,0.015482
3252,20,0.023233,1.5e-05,0.086434,4.8e-05
3253,20,0.023702,0.000429,0.089825,0.00107
3254,20,0.029716,0.0,0.151119,0.017166
3255,20,0.018217,8.3e-05,0.072232,0.006991
3256,20,0.026886,1e-06,0.086355,0.086355
3257,20,0.040947,4.3e-05,0.129679,0.066158
3258,20,0.034926,0.000199,0.133122,0.036406
3259,20,0.029705,0.000161,0.083654,0.058605
3260,20,0.02723,1.9e-05,0.065875,0.004524
3261,20,0.05362,7.9e-05,0.453245,0.453245
3262,20,0.027238,1.6e-05,0.08088,1.6e-05
3263,20,0.02349,0.002565,0.079174,0.005941
3264,20,0.027648,3e-06,0.124232,0.012935
3265,20,0.032793,0.00045,0.096483,0.00045
3266,20,0.02877,0.000334,0.182963,0.00996
3267,20,0.01945,0.000144,0.063112,0.001217
3268,20,0.030273,0.000294,0.070166,0.005038
3269,20,0.028992,2.4e-05,0.087286,0.034574
3270,20,0.022112,0.000106,0.066223,0.027739
3271,20,0.020463,0.0001,0.046578,0.000183
3272,20,0.030118,0.001193,0.069746,0.017082
3273,20,0.021167,0.001728,0.059837,0.008044
3274,20,0.019419,0.0,0.084744,0.0017
3275,20,0.029585,8e-06,0.090282,0.047509
3276,20,0.027583,0.002129,0.053718,0.029499
3277,20,0.025064,0.000443,0.073808,0.035896
3278,20,0.024633,0.000162,0.074126,0.005576
3279,20,0.024535,0.000427,0.069579,0.000785
3280,20,0.02231,0.000533,0.054871,0.045645
3281,20,0.021649,0.000285,0.065117,0.001153
3282,20,0.01978,0.000105,0.06732,0.001025
3283,20,0.036914,0.000929,0.142704,0.023799
3284,20,0.043569,0.000184,0.27437,0.000217
3285,20,0.026497,4.5e-05,0.075447,0.032143
3286,20,0.02696,7.6e-05,0.075368,0.027732
3287,20,0.03487,0.00021,0.088154,0.006901
3288,20,0.023718,0.00032,0.083512,0.083512
3289,20,0.032764,0.000509,0.082897,0.002337
3290,20,0.025056,0.000933,0.073453,0.004396
3291,20,0.017327,8e-06,0.075503,0.006967
3292,20,0.026377,0.000724,0.077004,0.046047
3293,20,0.02909,0.00196,0.07475,0.010877
3294,20,0.02124,3.2e-05,0.063588,0.008923
3295,20,0.015349,1.1e-05,0.069376,0.000548
3296,20,0.029843,1.4e-05,0.141976,0.013556
3297,20,0.024892,3e-06,0.063694,0.030705
3298,20,0.018072,0.000657,0.056826,0.002945
3299,20,0.024067,0.001009,0.094618,0.005813
3300,20,0.026759,0.00045,0.06627,0.043273
3301,20,0.040079,0.004654,0.164406,0.004654
3302,20,0.02417,0.000178,0.058025,0.006751
3303,20,0.017568,0.000149,0.065811,0.000149
3304,20,0.035228,0.006763,0.066961,0.009553
3305,20,0.024067,1e-06,0.058769,0.058769
3306,20,0.034441,0.000473,0.072117,0.033549
3307,20,0.037559,2e-06,0.137164,2e-06
3308,20,0.030338,1.9e-05,0.083385,0.00682
3309,20,0.019005,2.4e-05,0.038345,0.030207
3310,20,0.023412,3e-05,0.176349,0.007354
3311,20,0.023437,0.000923,0.062982,0.051037
3312,20,0.022057,0.000147,0.104843,0.02448
3313,20,0.04691,3.8e-05,0.382905,0.01525
3314,20,0.034643,0.000522,0.095003,0.048117
3315,20,0.026866,0.00123,0.061657,0.038489
3316,20,0.019316,0.001024,0.063504,0.044847
3317,20,0.029688,0.003941,0.066613,0.01815
3318,20,0.030685,0.000109,0.145224,0.001923
3319,20,0.036024,0.000239,0.121646,0.051304
3320,20,0.021906,1.8e-05,0.057978,0.005237
3321,20,0.025434,0.000103,0.077766,0.000103
3322,20,0.032325,5.7e-05,0.185364,5.9e-05
3323,20,0.017431,0.000509,0.061188,0.060967
3324,20,0.048568,0.000637,0.435498,0.067169
3325,20,0.023288,0.000464,0.058924,0.053243
3326,20,0.026662,0.000124,0.101902,0.000717
3327,20,0.038142,5.7e-05,0.076968,0.009227
3328,20,0.032349,0.000604,0.079032,0.06757
3329,20,0.023683,0.00063,0.076712,0.007994
3330,20,0.03711,0.000113,0.181514,0.116947
3331,20,0.029734,0.0,0.086415,0.022811
3332,20,0.056709,0.001328,0.493739,0.008531
3333,20,0.017794,5e-06,0.059368,8.5e-05
3334,20,0.021858,0.000159,0.075127,0.002107
3335,20,0.02714,0.000346,0.072738,0.000877
3336,20,0.027694,0.001426,0.146769,0.008058
3337,20,0.026238,0.000136,0.075402,0.005627
3338,20,0.029204,1.6e-05,0.083111,1.6e-05
3339,20,0.022787,9.1e-05,0.103726,0.004685
3340,20,0.015069,6.1e-05,0.044657,0.008701
3341,20,0.04024,5e-05,0.079336,0.060569
3342,20,0.051451,0.001736,0.436639,0.037241
3343,20,0.035109,1.9e-05,0.12171,0.040571
3344,20,0.041798,0.0,0.313327,0.028422
3345,20,0.032808,0.000893,0.077795,0.040482
3346,20,0.030504,0.0,0.112963,0.001521
3347,20,0.03755,0.002402,0.164219,0.038978
3348,20,0.024318,0.000299,0.064842,0.01957
3349,20,0.050863,0.000167,0.47026,0.048363
3350,20,0.023246,0.00186,0.057902,0.003213
3351,20,0.021081,4.7e-05,0.066996,0.000783
3352,20,0.03179,7e-06,0.131409,0.000818
3353,20,0.028792,0.003154,0.061342,0.046449
3354,20,0.02636,9e-06,0.152922,0.038366
3355,20,0.026868,6.1e-05,0.099486,0.025606
3356,20,0.034579,4.1e-05,0.164025,0.164025
3357,20,0.027263,0.002308,0.054783,0.04103
3358,20,0.025444,0.000404,0.06474,0.060545
3359,20,0.018877,0.001695,0.059166,0.003028
3360,20,0.042908,0.000184,0.363206,0.0083
3361,20,0.020713,2e-06,0.067635,0.013624
3362,20,0.032823,4.7e-05,0.116541,0.004154
3363,20,0.036261,0.000288,0.131299,0.062476
3364,20,0.03423,0.000849,0.111538,0.015491
3365,20,0.016328,4e-06,0.078797,0.019036
3366,20,0.019352,0.000493,0.075441,0.039947
3367,20,0.044402,0.011183,0.142035,0.011183
3368,20,0.02478,3e-06,0.085068,0.000224
3369,20,0.02752,0.000205,0.167343,0.032371
3370,20,0.030275,0.000149,0.058076,0.000865
3371,20,0.026383,0.001743,0.056152,0.053571
3372,20,0.03271,0.000332,0.114473,0.066637
3373,20,0.025688,0.000201,0.075598,0.015915
3374,20,0.023249,1e-06,0.074787,0.002384
3375,20,0.027205,0.003052,0.062688,0.019199
3376,20,0.021928,3.9e-05,0.056968,0.043096
3377,20,0.027839,0.000609,0.070103,0.039142
3378,20,0.016579,7e-06,0.059814,0.00806
3379,20,0.028438,0.000193,0.104372,0.089206
3380,20,0.02381,0.000401,0.07502,0.00452
3381,20,0.026756,2.2e-05,0.062685,0.005406
3382,20,0.030648,1.7e-05,0.187993,0.048807
3383,20,0.026536,0.00204,0.126598,0.006822
3384,20,0.032527,0.000151,0.165291,0.017706
3385,20,0.018811,2e-06,0.066497,0.032224
3386,20,0.025252,0.001019,0.07499,0.021439
3387,20,0.032558,0.000414,0.090812,0.062488
3388,20,0.03052,0.000149,0.082646,0.033917
3389,20,0.014926,2.3e-05,0.062982,0.000568
3390,20,0.020031,8e-06,0.089298,0.022968
3391,20,0.018095,1.1e-05,0.081014,0.000755
3392,20,0.029743,0.0,0.181775,0.006194
3393,20,0.018883,8e-06,0.066783,0.014207
3394,20,0.044556,0.0,0.390118,0.004469
3395,20,0.034142,2e-06,0.106264,0.07273
3396,20,0.02575,0.000553,0.066906,0.030783
3397,20,0.029364,3.9e-05,0.075718,0.056688
3398,20,0.051224,0.001604,0.509283,0.005364
3399,20,0.030345,0.000933,0.067812,0.037757
3400,20,0.030566,0.001032,0.073591,0.052084
3401,20,0.017131,0.000644,0.056998,0.028172
3402,20,0.027766,0.000234,0.093277,0.079989
3403,20,0.023261,8e-06,0.07041,0.017346
3404,20,0.027213,0.00028,0.068516,0.042664
3405,20,0.016998,1.9e-05,0.067732,0.020119
3406,20,0.040872,3e-06,0.442248,0.03339
3407,20,0.021123,0.00184,0.058673,0.006555
3408,20,0.045775,0.002223,0.311079,0.050457
3409,20,0.022703,0.000133,0.102752,0.009633
3410,20,0.021761,5e-06,0.081573,0.013129
3411,20,0.047874,3.1e-05,0.530651,0.026715
3412,20,0.02253,6.1e-05,0.071986,0.011408
3413,20,0.022772,1.2e-05,0.062841,1.2e-05
3414,20,0.027717,0.001227,0.141193,0.002514
3415,20,0.023511,0.002199,0.061781,0.002588
3416,20,0.02531,0.000267,0.153734,0.004729
3417,20,0.018993,0.000259,0.055909,0.039312
3418,20,0.028323,3.2e-05,0.16224,0.04
3419,20,0.030615,0.001464,0.061376,0.061376
3420,20,0.034056,6.1e-05,0.083282,0.001485
3421,20,0.032923,0.000225,0.109798,0.000225
3422,20,0.030725,1.6e-05,0.098473,0.025261
3423,20,0.030851,8.7e-05,0.142617,0.019787
3424,20,0.026957,0.000263,0.07646,0.016798
3425,20,0.025753,3.7e-05,0.063841,0.004705
3426,20,0.049344,7.3e-05,0.390499,0.067539
3427,20,0.029942,6.3e-05,0.070327,0.05665
3428,20,0.018487,0.000343,0.051954,0.012614
3429,20,0.048902,7.8e-05,0.512305,0.512305
3430,20,0.02564,0.000681,0.071005,0.048382
3431,20,0.029305,4.4e-05,0.08428,0.079398
3432,20,0.03119,0.000437,0.066681,0.03577
3433,20,0.031633,0.000636,0.164495,0.033637
3434,20,0.022876,5.7e-05,0.102981,0.01662
3435,20,0.053631,0.000624,0.484636,0.096166
3436,20,0.035307,0.0,0.095161,0.011151
3437,20,0.035202,4.4e-05,0.145909,0.077592
3438,20,0.032276,0.000264,0.06109,0.007554
3439,20,0.014654,0.000607,0.06707,0.000607
3440,20,0.025398,0.001575,0.064031,0.046841
3441,20,0.029206,3.9e-05,0.18305,0.037018
3442,20,0.021951,0.000273,0.081772,0.015832
3443,20,0.029943,1.8e-05,0.141336,0.029724
3444,20,0.037558,0.000111,0.116358,0.046295
3445,20,0.02865,3.1e-05,0.067502,0.006658
3446,20,0.052776,8.8e-05,0.380606,0.063754
3447,20,0.024778,0.001322,0.067581,0.001322
3448,20,0.025974,0.000164,0.063601,0.011384
3449,20,0.03907,5.8e-05,0.122624,0.021906
3450,20,0.022627,1e-06,0.069999,1e-06
3451,20,0.035412,6.9e-05,0.169813,0.003051
3452,20,0.021118,0.000205,0.111102,0.005999
3453,20,0.019946,0.0,0.053301,1e-06
3454,20,0.022159,1.6e-05,0.08142,0.009225
3455,20,0.026688,1.5e-05,0.078095,0.029801
3456,20,0.028822,0.00235,0.096875,0.03606
3457,20,0.036708,0.000598,0.241921,0.005309
3458,20,0.029527,3e-06,0.087248,0.000267
3459,20,0.037989,0.000257,0.47225,0.0048
3460,20,0.017294,0.000309,0.078417,0.011148
3461,20,0.047205,0.000258,0.53209,0.019265
3462,20,0.026093,0.001639,0.071795,0.005816
3463,20,0.02615,0.000102,0.164291,0.164291
3464,20,0.022893,0.0,0.097935,5.2e-05
3465,20,0.048037,0.000979,0.509213,0.057223
3466,20,0.021291,1.8e-05,0.077077,0.033275
3467,20,0.02121,4.8e-05,0.069916,0.030805
3468,20,0.031099,0.0003,0.174567,0.00643
3469,20,0.032304,0.001003,0.133403,0.037267
3470,20,0.041972,0.001238,0.112771,0.058712
3471,20,0.017509,6.4e-05,0.075166,0.023925
3472,20,0.028851,4.2e-05,0.059034,0.044121
3473,20,0.042908,0.000429,0.399571,0.016495
3474,20,0.027466,3e-06,0.065868,0.0351
3475,20,0.027833,0.000399,0.081395,0.024224
3476,20,0.021945,1.6e-05,0.12855,0.12855
3477,20,0.024785,0.000373,0.060295,0.015232
3478,20,0.029703,0.001299,0.069736,0.003257
3479,20,0.043912,0.000536,0.144415,0.103937
3480,20,0.032125,0.001303,0.078519,0.03164
3481,20,0.032867,8e-06,0.08112,0.032927
3482,20,0.026717,0.000175,0.065375,0.05514
3483,20,0.030292,0.000538,0.078236,0.045253
3484,20,0.028832,0.000226,0.105255,0.011162
3485,20,0.029911,1.3e-05,0.085006,0.001849
3486,20,0.024623,0.000638,0.065405,0.039805
3487,20,0.0326,7.5e-05,0.081885,0.050105
3488,20,0.020785,7e-06,0.065212,0.058131
3489,20,0.031188,1.9e-05,0.141627,0.013418
3490,20,0.028768,0.00139,0.063344,0.057982
3491,20,0.053892,0.002332,0.432612,0.041556
3492,20,0.030185,0.000485,0.132072,0.033874
3493,20,0.02959,0.000938,0.070327,0.029637
3494,20,0.022691,0.000312,0.075037,0.01401
3495,20,0.022601,0.001715,0.08624,0.030483
3496,20,0.030074,0.002185,0.088515,0.048894
3497,20,0.018688,0.000586,0.068414,0.002851
3498,20,0.018411,1e-06,0.058989,0.001156
3499,20,0.026744,7.4e-05,0.134917,0.000473
3500,20,0.043591,0.00082,0.174475,0.00082
3501,20,0.019881,0.000147,0.086817,0.02203
3502,20,0.030288,0.000756,0.117323,0.060226
3503,20,0.020437,0.000103,0.057299,0.000103
3504,20,0.023891,6e-06,0.077218,0.055123
3505,20,0.017695,0.000576,0.067634,0.001972
3506,20,0.031018,0.002919,0.089051,0.004174
3507,20,0.02013,3.6e-05,0.064961,3.6e-05
3508,20,0.030633,0.001101,0.079334,0.020499
3509,20,0.019457,0.000113,0.074343,0.006444
3510,20,0.024395,0.000926,0.061886,0.0481
3511,20,0.026444,0.001986,0.066054,0.033732
3512,20,0.017378,0.000183,0.081318,0.007562
3513,20,0.027438,0.000977,0.054508,0.000977
3514,20,0.033641,8e-06,0.177316,0.003752
3515,20,0.018083,1.2e-05,0.063085,0.010668
3516,20,0.022187,6.1e-05,0.067307,0.067307
3517,20,0.027345,0.000244,0.073377,0.027019
3518,20,0.025941,1e-05,0.100603,0.001534
3519,20,0.018877,7e-05,0.107206,0.000976
3520,20,0.015653,1e-05,0.073197,0.026017
3521,20,0.03702,0.000584,0.148063,0.000762
3522,20,0.022662,0.000491,0.071739,0.023581
3523,20,0.036388,0.002578,0.188607,0.038651
3524,20,0.028862,3.7e-05,0.086955,0.022316
3525,20,0.050567,0.000595,0.351359,0.041226
3526,20,0.017541,0.000659,0.060154,0.012305
3527,20,0.024826,9.8e-05,0.06159,0.027081
3528,20,0.038161,0.000668,0.496578,0.008081
3529,20,0.029471,0.000704,0.073478,0.048123
3530,20,0.018492,0.000298,0.067769,0.02226
3531,20,0.03799,0.000493,0.155093,0.033031
3532,20,0.019074,0.000477,0.044162,0.023628
3533,20,0.021455,1e-06,0.052236,0.016562
3534,20,0.021844,2e-06,0.085125,3e-06
3535,20,0.026566,1.9e-05,0.156819,0.042379
3536,20,0.041601,3e-06,0.404315,0.013461
3537,20,0.024851,1.3e-05,0.103436,0.075991
3538,20,0.028375,0.000288,0.064901,0.064901
3539,20,0.02353,0.000417,0.066858,0.034859
3540,20,0.024961,0.002639,0.058417,0.038554
3541,20,0.021362,0.0,0.053737,0.004253
3542,20,0.031534,0.00036,0.100475,0.011814
3543,20,0.040165,0.000628,0.111035,0.00784
3544,20,0.033172,7e-06,0.082375,0.014763
3545,20,0.027102,0.002792,0.068878,0.038174
3546,20,0.039208,0.000923,0.264472,0.001961
3547,20,0.02173,0.001422,0.066378,0.053818
3548,20,0.028458,0.001436,0.079299,0.038522
3549,20,0.023593,0.000702,0.137077,0.000702
3550,20,0.031576,1.1e-05,0.112196,0.059566
3551,20,0.020127,0.001905,0.059595,0.029944
3552,20,0.04104,0.000527,0.186771,0.002376
3553,20,0.020342,0.0,0.063278,0.029194
3554,20,0.031984,0.000384,0.068986,0.046308
3555,20,0.018548,9e-06,0.046121,0.016172
3556,20,0.016944,0.0,0.068804,0.028364
3557,20,0.026797,0.000429,0.087127,0.017123
3558,20,0.028296,1e-06,0.076045,0.05233
3559,20,0.018565,0.002387,0.043859,0.010657
3560,20,0.022655,0.000497,0.090593,0.090593
3561,20,0.02479,0.000399,0.199486,0.038687
3562,20,0.027267,1.3e-05,0.064218,0.048336
3563,20,0.02595,0.000354,0.067922,0.065735
3564,20,0.024518,0.000167,0.063263,0.011005
3565,20,0.0207,0.000384,0.078064,0.008528
3566,20,0.026282,0.000256,0.117985,0.013554
3567,20,0.02005,0.000189,0.069473,0.002351
3568,20,0.022251,9.9e-05,0.065209,0.053463
3569,20,0.029238,0.001031,0.067403,0.050566
3570,20,0.027923,0.000391,0.059212,0.031153
3571,20,0.039076,0.00041,0.121924,0.008902
3572,20,0.032955,0.008988,0.086886,0.046116
3573,20,0.022723,0.000763,0.073212,0.030098
3574,20,0.030822,0.000157,0.0834,0.027476
3575,20,0.033521,0.001209,0.077372,0.040001
3576,20,0.021263,1e-06,0.119246,0.008584
3577,20,0.02756,3.1e-05,0.085216,0.030357
3578,20,0.020222,3.5e-05,0.076704,0.004709
3579,20,0.027243,0.001027,0.057499,0.041366
3580,20,0.015638,0.000127,0.040333,0.016959
3581,20,0.029809,1.4e-05,0.168995,0.168995
3582,20,0.019352,3.2e-05,0.044112,0.009764
3583,20,0.016883,3e-06,0.051411,0.035141
3584,20,0.03423,0.000597,0.136609,0.039194
3585,20,0.03452,0.000816,0.304492,0.056352
3586,20,0.021078,0.002481,0.060457,0.022038
3587,20,0.034208,0.000457,0.090993,0.026046
3588,20,0.023071,6.1e-05,0.128135,0.030007
3589,20,0.022874,0.000566,0.068391,0.006171
3590,20,0.021484,0.000344,0.062316,0.003407
3591,20,0.02516,7.3e-05,0.060291,0.013572
3592,20,0.02832,0.000552,0.06777,0.062582
3593,20,0.028369,8e-06,0.069179,0.002144
3594,20,0.021629,1.8e-05,0.069977,0.069977
3595,20,0.022365,1.3e-05,0.079786,0.010196
3596,20,0.01314,0.0002,0.055835,0.009383
3597,20,0.016063,0.001012,0.051029,0.006811
3598,20,0.029672,1e-05,0.089682,0.001329
3599,20,0.029551,6.6e-05,0.064563,0.019419
3600,20,0.01916,0.000103,0.070353,0.019777
3601,20,0.034001,9.5e-05,0.139795,0.065344
3602,20,0.028706,3.8e-05,0.151575,0.028816
3603,20,0.021778,0.001413,0.075437,0.011034
3604,20,0.027662,0.0,0.148026,0.007773
3605,20,0.03491,0.000184,0.278633,0.000277
3606,20,0.024612,5.8e-05,0.072296,0.063439
3607,20,0.029997,0.002109,0.060614,0.04875
3608,20,0.029674,2e-06,0.071624,0.043265
3609,20,0.030261,0.000926,0.071663,0.044441
3610,20,0.029582,6.8e-05,0.146945,0.005285
3611,20,0.022957,9e-06,0.057028,9e-06
3612,20,0.019632,1.6e-05,0.050262,0.042885
3613,20,0.025124,0.000271,0.117347,0.000767
3614,20,0.02515,1e-06,0.061774,0.015779
3615,20,0.032997,0.000181,0.060452,0.051811
3616,20,0.029743,0.000145,0.085078,0.010247
3617,20,0.032244,0.000569,0.067949,0.024859
3618,20,0.043908,0.0,0.550363,0.027772
3619,20,0.025823,0.000158,0.072002,0.018989
3620,20,0.028237,6e-06,0.077383,0.020109
3621,20,0.031183,0.000624,0.06234,0.054461
3622,20,0.019878,1e-06,0.085986,0.028027
3623,20,0.025293,0.003933,0.060007,0.02165
3624,20,0.03376,0.003615,0.143003,0.050505
3625,20,0.023978,0.001611,0.074193,0.074193
3626,20,0.03294,0.005096,0.131454,0.045335
3627,20,0.035724,2.2e-05,0.081946,0.038694
3628,20,0.048039,4.5e-05,0.612838,0.000854
3629,20,0.044563,2.8e-05,0.349298,0.003442
3630,20,0.026197,0.000388,0.06728,0.043777
3631,20,0.033066,0.002509,0.067228,0.035236
3632,20,0.024094,0.000365,0.089905,0.015782
3633,20,0.02723,0.000334,0.072003,0.050707
3634,20,0.029784,0.000595,0.166156,0.029076
3635,20,0.063331,1e-06,0.59652,0.006804
3636,20,0.031311,0.001133,0.077758,0.040226
3637,20,0.02199,8.5e-05,0.067929,0.001334
3638,20,0.016543,7.3e-05,0.149216,0.004944
3639,20,0.023832,1e-06,0.079045,0.010979
3640,20,0.032281,0.000368,0.102384,0.015635
3641,20,0.016631,0.001164,0.05717,0.001164
3642,20,0.027621,0.001504,0.06869,0.001997
3643,20,0.03076,0.000647,0.061785,0.033844
3644,20,0.025908,3.5e-05,0.052401,0.001831
3645,20,0.032762,0.000647,0.06162,0.001961
3646,20,0.025854,0.000956,0.047994,0.027172
3647,20,0.015639,8.7e-05,0.079723,0.006243
3648,20,0.026798,6.2e-05,0.087139,0.006921
3649,20,0.030615,0.000348,0.148026,0.000348
3650,20,0.02066,0.000386,0.071688,0.035789
3651,20,0.027804,3.1e-05,0.272823,0.000263
3652,20,0.029706,0.000195,0.150908,0.002773
3653,20,0.017835,0.000165,0.068781,0.007815
3654,20,0.023133,2.6e-05,0.061373,0.037911
3655,20,0.029779,2.7e-05,0.078166,0.020876
3656,20,0.021753,0.000111,0.080834,0.006712
3657,20,0.019992,0.000172,0.070358,0.070358
3658,20,0.036188,0.001014,0.127675,0.001014
3659,20,0.015152,2e-06,0.042084,0.002817
3660,20,0.019158,9e-06,0.085748,0.010409
3661,20,0.029786,9.6e-05,0.17771,0.051266
3662,20,0.029287,0.000149,0.087575,0.007832
3663,20,0.018389,0.000297,0.061194,0.030528
3664,20,0.024001,0.000148,0.082292,0.002759
3665,20,0.030487,0.000523,0.178956,0.03409
3666,20,0.019674,0.0,0.086951,0.041943
3667,20,0.02129,0.000102,0.150805,0.000177
3668,20,0.031547,0.001626,0.147091,0.022881
3669,20,0.022592,1e-05,0.077243,0.024736
3670,20,0.038582,2.1e-05,0.083104,0.047609
3671,20,0.023849,2.2e-05,0.081749,0.000926
3672,20,0.02414,8e-06,0.085689,0.035818
3673,20,0.01529,2e-06,0.045329,0.045329
3674,20,0.039631,0.004475,0.14179,0.013123
3675,20,0.025647,0.002084,0.060272,0.006146
3676,20,0.022336,0.001861,0.072239,0.013522
3677,20,0.027968,0.001917,0.076467,0.043566
3678,20,0.029603,0.00305,0.074408,0.039188
3679,20,0.028164,0.000108,0.186841,0.011445
3680,20,0.034967,0.000917,0.13107,0.067748
3681,20,0.025172,0.000513,0.056164,0.028421
3682,20,0.033785,0.000207,0.187307,0.021839
3683,20,0.020445,0.0,0.057414,0.030833
3684,20,0.027365,0.000387,0.087758,0.018081
3685,20,0.025526,2.2e-05,0.067096,0.040248
3686,20,0.029509,5.5e-05,0.071932,0.071932
3687,20,0.026649,0.000792,0.065471,0.023436
3688,20,0.02579,9e-06,0.072902,0.001098
3689,20,0.01884,5.8e-05,0.047139,0.001056
3690,20,0.022755,0.000429,0.054306,0.029339
3691,20,0.021112,2e-06,0.064238,0.002661
3692,20,0.020944,6.1e-05,0.070252,6.1e-05
3693,20,0.01944,1e-05,0.073333,0.01323
3694,20,0.016061,1.6e-05,0.072285,0.003393
3695,20,0.022936,1.1e-05,0.078069,0.065982
3696,20,0.020184,0.000238,0.063152,0.017642
3697,20,0.024252,0.0,0.095793,0.017326
3698,20,0.025824,0.004164,0.075047,0.007001
3699,20,0.018161,7.4e-05,0.066819,7.4e-05
3700,20,0.025724,0.002186,0.141544,0.030197
3701,20,0.042618,0.000615,0.171336,0.021244
3702,20,0.026016,1e-06,0.080671,0.012179
3703,20,0.03719,0.001116,0.067622,0.014269
3704,20,0.034537,0.000627,0.084278,0.014326
3705,20,0.027054,0.001932,0.073085,0.001932
3706,20,0.030878,0.000561,0.120886,0.006294
3707,20,0.022518,4.1e-05,0.053947,0.001797
3708,20,0.038346,0.000936,0.167951,0.033985
3709,20,0.043324,2e-06,0.459524,0.040166
3710,20,0.023741,0.000132,0.132104,0.044435
3711,20,0.037596,3.3e-05,0.144973,0.007212
3712,20,0.035592,0.001352,0.081813,0.00293
3713,20,0.014841,0.000356,0.056177,0.004537
3714,20,0.028139,0.000909,0.073836,0.011386
3715,20,0.018507,0.000189,0.080137,0.001429
3716,20,0.049031,4e-06,0.41463,0.05011
3717,20,0.019164,1.2e-05,0.061244,0.004686
3718,20,0.023373,0.000919,0.058652,0.000919
3719,20,0.022846,0.000848,0.153571,0.014894
3720,20,0.031881,0.000184,0.130182,0.055359
3721,20,0.029181,0.000282,0.127429,0.047872
3722,20,0.018025,6.1e-05,0.045155,0.032721
3723,20,0.019882,9.9e-05,0.077204,0.009219
3724,20,0.037009,0.002238,0.079878,0.018774
3725,20,0.033445,0.000394,0.12546,0.04452
3726,20,0.024868,0.000486,0.057888,0.00065
3727,20,0.023114,9e-05,0.07891,0.041151
3728,20,0.027058,0.000332,0.073676,0.001924
3729,20,0.022504,0.00012,0.08348,0.008212
3730,20,0.028343,0.000573,0.092737,0.036175
3731,20,0.035567,0.001288,0.164067,0.001658
3732,20,0.050923,0.008998,0.229571,0.013463
3733,20,0.015684,0.0,0.085068,0.009737
3734,20,0.027085,0.000721,0.07019,0.020272
3735,20,0.022488,5.1e-05,0.065241,0.065241
3736,20,0.023252,1e-06,0.074833,0.003039
3737,20,0.024658,0.000182,0.060414,0.040694
3738,20,0.036504,0.000562,0.081761,0.000562
3739,20,0.016552,0.00012,0.053114,0.053114
3740,20,0.053681,0.000869,0.536386,0.031381
3741,20,0.024435,2.9e-05,0.071615,0.029285
3742,20,0.026001,1e-06,0.086325,0.086325
3743,20,0.021894,0.000198,0.077127,0.066831
3744,20,0.048693,5e-05,0.501996,0.019523
3745,20,0.016463,8.8e-05,0.072555,0.005928
3746,20,0.0229,7e-06,0.121186,0.007841
3747,20,0.01827,7.9e-05,0.056378,0.027796
3748,20,0.034231,0.000196,0.146626,0.040246
3749,20,0.021296,0.00046,0.104333,0.038956
3750,20,0.026417,0.002539,0.080446,0.080446
3751,20,0.024994,2e-06,0.126639,0.032349
3752,20,0.020573,0.000152,0.073041,0.000248
3753,20,0.017202,0.000231,0.052953,0.008416
3754,20,0.027095,0.000979,0.074549,0.026564
3755,20,0.034486,3.3e-05,0.16933,0.002299
3756,20,0.029528,0.001326,0.068824,0.001349
3757,20,0.024855,6.9e-05,0.087115,0.04014
3758,20,0.026527,5.8e-05,0.092024,0.020646
3759,20,0.029198,0.000571,0.088559,0.069432
3760,20,0.030524,1.1e-05,0.156558,0.006922
3761,20,0.030851,2e-06,0.249272,0.017423
3762,20,0.036807,0.001034,0.069637,0.047387
3763,20,0.038839,0.00082,0.177414,0.061767
3764,20,0.021822,1e-05,0.168612,0.011191
3765,20,0.027171,0.00011,0.133456,0.008752
3766,20,0.028165,0.000107,0.10469,0.015941
3767,20,0.021986,3e-06,0.173927,0.029188
3768,20,0.019743,9.7e-05,0.058142,0.002405
3769,20,0.061365,0.000425,0.239537,0.033923
3770,20,0.027831,0.00046,0.068507,0.00046
3771,20,0.02778,0.001831,0.141199,0.003346
3772,20,0.04956,0.000287,0.461066,0.000287
3773,20,0.024341,6e-06,0.073821,0.059291
3774,20,0.015826,0.001271,0.050694,0.019703
3775,20,0.038244,2.1e-05,0.114972,0.066679
3776,20,0.025497,0.000669,0.066707,0.013078
3777,20,0.054938,0.000413,0.645904,0.001316
3778,20,0.025994,3.3e-05,0.068682,0.042272
3779,20,0.020716,0.000536,0.061419,0.004133
3780,20,0.023485,2.7e-05,0.053549,0.008675
3781,20,0.037419,0.0,0.111369,0.000256
3782,20,0.041054,0.000301,0.114505,0.064113
3783,20,0.029329,2e-06,0.080818,0.009105
3784,20,0.020311,2e-05,0.069317,0.037847
3785,20,0.025488,2.8e-05,0.075426,0.062894
3786,20,0.02477,0.000226,0.1613,0.010633
3787,20,0.020691,0.000153,0.057671,0.043998
3788,20,0.030024,0.002621,0.082823,0.011497
3789,20,0.026344,0.003159,0.059257,0.019594
3790,20,0.027566,0.0,0.068848,0.017235
3791,20,0.030909,0.000158,0.118528,0.009769
3792,20,0.028869,1.8e-05,0.082746,0.04696
3793,20,0.019377,0.000175,0.044043,0.028137
3794,20,0.026072,1e-05,0.095949,0.047434
3795,20,0.043534,1.5e-05,0.263897,0.098216
3796,20,0.022671,0.000273,0.074573,0.021123
3797,20,0.045425,3.7e-05,0.399795,0.018585
3798,20,0.025508,0.000212,0.07,0.005638
3799,20,0.030891,0.001371,0.099733,0.031733
3800,20,0.040661,0.000147,0.152463,0.038413
3801,20,0.031607,0.000393,0.068478,0.034381
3802,20,0.015109,8.7e-05,0.059465,0.012585
3803,20,0.030586,0.000219,0.129696,0.02115
3804,20,0.023642,0.000773,0.089081,0.036514
3805,20,0.030474,0.000494,0.069178,0.008903
3806,20,0.01452,0.00049,0.056939,0.048566
3807,20,0.022452,9.3e-05,0.061869,9.3e-05
3808,20,0.016993,0.000339,0.087636,0.037848
3809,20,0.028326,2e-06,0.181513,0.031397
3810,20,0.029829,0.000357,0.075011,0.075011
3811,20,0.022786,3e-06,0.13262,0.009251
3812,20,0.022807,8.9e-05,0.053852,0.016
3813,20,0.029587,0.000585,0.182051,0.007643
3814,20,0.02538,0.00034,0.070488,0.037233
3815,20,0.028405,8e-06,0.073802,0.016407
3816,20,0.019334,3.4e-05,0.0849,0.002312
3817,20,0.035221,4.7e-05,0.169588,0.013787
3818,20,0.035155,0.00056,0.151523,0.008721
3819,20,0.029194,0.000354,0.168832,0.034368
3820,20,0.030862,4e-06,0.079012,0.000242
3821,20,0.019559,0.000337,0.063094,0.052381
3822,20,0.024511,0.000685,0.075569,0.02272
3823,20,0.023517,4e-06,0.191673,0.030984
3824,20,0.032127,9.7e-05,0.112935,0.047983
3825,20,0.023411,3.6e-05,0.300947,0.012667
3826,20,0.02227,0.000278,0.067246,0.004528
3827,20,0.022936,0.000167,0.065962,0.002541
3828,20,0.027139,0.000491,0.070278,0.010676
3829,20,0.02159,0.001297,0.057858,0.016744
3830,20,0.017067,3e-06,0.042848,0.023036
3831,20,0.022437,6e-05,0.081159,0.016968
3832,20,0.027827,2.6e-05,0.062562,0.018173
3833,20,0.031291,0.000345,0.133514,0.029146
3834,20,0.028601,1e-05,0.096512,0.089912
3835,20,0.024169,1.7e-05,0.075205,0.026217
3836,20,0.0215,8.8e-05,0.070727,0.005882
3837,20,0.017286,1.1e-05,0.048977,0.021133
3838,20,0.030088,1.1e-05,0.174846,0.005506
3839,20,0.01845,4.6e-05,0.150087,0.044883
3840,20,0.038171,0.000567,0.136401,0.000761
3841,20,0.02537,0.000797,0.05829,0.015075
3842,20,0.023397,5.9e-05,0.077571,0.062708
3843,20,0.026019,0.0,0.06937,0.0
3844,20,0.01883,7.4e-05,0.093251,0.020917
3845,20,0.018145,0.000312,0.073102,0.004922
3846,20,0.011035,1.2e-05,0.027725,0.002447
3847,20,0.018264,0.000181,0.04496,0.000903
3848,20,0.023876,3.2e-05,0.088033,0.000708
3849,20,0.018466,0.00013,0.054025,0.054025
3850,20,0.022324,0.000208,0.073105,0.00654
3851,20,0.026892,9.4e-05,0.079465,0.027203
3852,20,0.028943,0.000348,0.090353,0.053709
3853,20,0.030426,0.000141,0.066181,0.047843
3854,20,0.026947,0.000401,0.073733,0.073733
3855,20,0.020293,0.000977,0.063992,0.041099
3856,20,0.025303,0.000286,0.068677,0.009865
3857,20,0.026752,4.2e-05,0.087814,0.00087
3858,20,0.028516,0.000169,0.146528,0.024542
3859,20,0.01992,5.6e-05,0.063914,0.063914
3860,20,0.021705,1.7e-05,0.059771,0.004825
3861,20,0.032451,0.000741,0.151326,0.000741
3862,20,0.022989,0.000107,0.053076,0.022726
3863,20,0.02742,0.001284,0.060137,0.008906
3864,20,0.025657,1.7e-05,0.173618,0.010709
3865,20,0.020777,0.001089,0.069492,0.004706
3866,20,0.023949,4.5e-05,0.062722,0.003639
3867,20,0.02248,0.001157,0.073714,0.042325
3868,20,0.034229,0.001244,0.130602,0.066333
3869,20,0.020811,0.000307,0.067911,0.000307
3870,20,0.027949,0.001607,0.103677,0.012479
3871,20,0.03282,9e-06,0.085742,0.058986
3872,20,0.018938,1.3e-05,0.052213,0.00709
3873,20,0.067064,7e-06,0.588106,0.019838
3874,20,0.036907,0.000115,0.093836,0.04804
3875,20,0.018611,1e-06,0.066073,0.002909
3876,20,0.027367,0.001043,0.077811,0.029238
3877,20,0.063439,7.6e-05,0.699226,0.051496
3878,20,0.017682,0.000382,0.054057,0.0173
3879,20,0.020703,3.3e-05,0.05685,0.037341
3880,20,0.034471,8.2e-05,0.126732,8.2e-05
3881,20,0.018232,2.7e-05,0.039692,0.007204
3882,20,0.025913,7e-05,0.118969,0.002069
3883,20,0.026902,0.000957,0.06146,0.048169
3884,20,0.02322,4e-06,0.15878,0.008371
3885,20,0.038113,0.003592,0.064456,0.038158
3886,20,0.032467,0.000502,0.184456,0.0633
3887,20,0.027671,1.6e-05,0.074447,0.051136
3888,20,0.031749,0.000327,0.114803,0.063815
3889,20,0.02581,2.1e-05,0.139906,0.050933
3890,20,0.02863,6.4e-05,0.096406,0.018599
3891,20,0.019211,2e-06,0.074444,0.022377
3892,20,0.026828,6e-06,0.141186,0.004881
3893,20,0.025609,0.002175,0.055067,0.036248
3894,20,0.024777,0.002399,0.073363,0.046537
3895,20,0.025471,0.000722,0.061984,0.00333
3896,20,0.027395,0.000132,0.086012,0.086012
3897,20,0.026212,0.000275,0.066029,0.042122
3898,20,0.023676,0.001234,0.053519,0.009649
3899,20,0.0269,0.000442,0.063579,0.035091
3900,20,0.030133,8e-05,0.150098,0.065164
3901,20,0.020452,3.5e-05,0.064285,0.023266
3902,20,0.031194,0.001335,0.066197,0.018626
3903,20,0.034978,0.00011,0.114838,0.064782
3904,20,0.028424,0.001527,0.077633,0.031481
3905,20,0.020588,0.000376,0.072951,0.016363
3906,20,0.021964,0.000284,0.079224,0.020867
3907,20,0.023014,0.000589,0.103486,0.001363
3908,20,0.014496,1.5e-05,0.046144,0.0003
3909,20,0.031805,1.4e-05,0.133429,0.061519
3910,20,0.025303,0.001797,0.060918,0.045789
3911,20,0.023843,3.5e-05,0.058235,0.012725
3912,20,0.033473,0.002175,0.066652,0.01393
3913,20,0.023807,0.0,0.083483,0.011
3914,20,0.027797,1e-06,0.139296,0.00728
3915,20,0.063512,0.000222,0.686213,0.044542
3916,20,0.024843,0.001277,0.071954,0.04825
3917,20,0.031854,0.001109,0.072908,0.012806
3918,20,0.031546,4.7e-05,0.126553,0.024405
3919,20,0.023587,6.5e-05,0.071992,0.005885
3920,20,0.056586,4.6e-05,0.727474,0.055839
3921,20,0.018573,1.6e-05,0.053174,0.001548
3922,20,0.028883,2e-06,0.100971,0.010384
3923,20,0.034674,0.000655,0.075039,0.047698
3924,20,0.053547,0.000178,0.432568,0.033356
3925,20,0.046592,1.3e-05,0.495442,0.016391
3926,20,0.023945,1e-06,0.073753,0.011754
3927,20,0.025587,0.000242,0.159415,0.01012
3928,20,0.024188,1.9e-05,0.100724,0.005806
3929,20,0.022999,0.000671,0.058885,0.000671
3930,20,0.027941,0.000896,0.066726,0.030993
3931,20,0.020296,0.001626,0.067027,0.005669
3932,20,0.024185,2e-06,0.082291,0.002006
3933,20,0.021875,0.000566,0.090882,0.000823
3934,20,0.033511,1e-06,0.17042,0.002439
3935,20,0.020951,6e-05,0.04426,0.029824
3936,20,0.023948,0.000165,0.057715,0.001054
3937,20,0.023136,3.6e-05,0.067166,0.02639
3938,20,0.020656,0.000386,0.068511,0.014535
3939,20,0.034099,9e-05,0.075254,0.037892
3940,20,0.033478,5e-06,0.130097,0.000214
3941,20,0.026884,9.4e-05,0.063319,0.063319
3942,20,0.030351,0.00028,0.089185,0.036431
3943,20,0.033858,0.001584,0.062815,0.038107
3944,20,0.018527,7.1e-05,0.064863,0.020226
3945,20,0.031216,0.00018,0.137402,0.004675
3946,20,0.031832,2.9e-05,0.157885,0.063321
3947,20,0.015515,0.000185,0.058958,0.014357
3948,20,0.016932,0.000111,0.057443,0.004217
3949,20,0.015261,0.0,0.105638,0.0
3950,20,0.018163,9.1e-05,0.085386,0.030383
3951,20,0.03501,4.5e-05,0.15641,4.5e-05
3952,20,0.038359,0.001138,0.137615,0.128469
3953,20,0.024815,3.4e-05,0.075515,0.000128
3954,20,0.027926,0.0,0.095488,0.02395
3955,20,0.032771,0.000522,0.102451,0.033299
3956,20,0.051964,0.000142,0.453367,0.001553
3957,20,0.02519,0.000117,0.073645,0.00272
3958,20,0.065147,2.8e-05,0.412993,0.054576
3959,20,0.057854,0.000127,0.406951,0.061701
3960,20,0.023388,0.000109,0.062767,0.008893
3961,20,0.020456,1e-05,0.070152,0.026086
3962,20,0.056519,0.000114,0.635354,0.041623
3963,20,0.031062,0.00298,0.057506,0.026148
3964,20,0.016392,0.000211,0.052373,0.002563
3965,20,0.023742,0.0,0.087795,0.008381
3966,20,0.018403,7e-06,0.070905,0.043025
3967,20,0.024038,0.00011,0.068046,0.040551
3968,20,0.025284,4.8e-05,0.13771,0.009812
3969,20,0.028936,0.000829,0.065625,0.065625
3970,20,0.015156,0.000146,0.040023,0.000829
3971,20,0.029616,0.000257,0.055026,0.033879
3972,20,0.027564,0.000262,0.062925,0.031024
3973,20,0.030965,5.2e-05,0.168138,0.008672
3974,20,0.01964,2e-06,0.08238,0.012739
3975,20,0.021783,0.0,0.082379,0.069716
3976,20,0.029869,0.0,0.160435,0.030815
3977,20,0.018954,2.8e-05,0.068294,0.014542
3978,20,0.016085,2.5e-05,0.034701,0.015007
3979,20,0.022487,4e-06,0.066198,0.032607
3980,20,0.02057,0.0,0.094141,0.001161
3981,20,0.015158,5.1e-05,0.054232,0.013039
3982,20,0.031122,0.000453,0.070214,0.004783
3983,20,0.023976,0.000123,0.069981,0.000147
3984,20,0.031612,0.00174,0.071449,0.057593
3985,20,0.03002,0.000135,0.09687,0.038467
3986,20,0.025686,9.6e-05,0.088106,0.059422
3987,20,0.019115,0.000201,0.058056,0.02669
3988,20,0.02472,0.000346,0.198477,0.005077
3989,20,0.01778,0.000135,0.060752,0.060752
3990,20,0.026233,0.000608,0.069678,0.025466
3991,20,0.016314,1.9e-05,0.112119,0.030779
3992,20,0.024911,0.000417,0.078081,0.024148
3993,20,0.017738,1.6e-05,0.060587,0.054842
3994,20,0.021681,0.000168,0.055426,0.055426
3995,20,0.024938,0.000483,0.071914,0.008778
3996,20,0.032054,0.00069,0.149249,0.021826
3997,20,0.02757,8.5e-05,0.136169,0.000483
3998,20,0.019504,0.000207,0.066661,0.066661
3999,20,0.020315,1e-06,0.088809,0.005696
4000,20,0.019602,0.000651,0.056077,0.031369
4001,20,0.031222,0.000305,0.069794,0.041156
4002,20,0.047358,0.001056,0.14227,0.05748
4003,20,0.020607,0.000179,0.080497,0.063942
4004,20,0.051497,0.001904,0.382405,0.008912
4005,20,0.026918,0.000368,0.073667,0.027713
4006,20,0.014773,0.000464,0.056433,0.021522
4007,20,0.023096,0.000538,0.055445,0.049265
4008,20,0.028182,0.000767,0.069376,0.021503
4009,20,0.040708,6.5e-05,0.449976,0.009833
4010,20,0.02727,0.000185,0.073977,0.068066
4011,20,0.02045,0.000249,0.143054,0.018282
4012,20,0.027344,4.5e-05,0.069808,4.5e-05
4013,20,0.024442,0.001763,0.074251,0.016668
4014,20,0.023594,5.4e-05,0.080949,0.022526
4015,20,0.033086,0.000397,0.118325,0.000397
4016,20,0.030111,6.9e-05,0.141315,0.000111
4017,20,0.032293,4.8e-05,0.083138,0.023611
4018,20,0.029571,2e-06,0.124377,0.039327
4019,20,0.026211,0.00158,0.064745,0.017246
4020,20,0.027199,5e-05,0.094847,0.01928
4021,20,0.031694,0.000418,0.090983,0.056447
4022,20,0.040315,0.000398,0.458177,0.006212
4023,20,0.024101,9.4e-05,0.07667,0.000109
4024,20,0.021041,0.000852,0.069051,0.039567
4025,20,0.021463,0.000184,0.081889,0.011228
4026,20,0.028925,0.001729,0.061878,0.058158
4027,20,0.02264,0.000244,0.063613,0.046086
4028,20,0.025218,2e-06,0.099456,0.029226
4029,20,0.02407,0.000517,0.075115,0.033786
4030,20,0.028071,0.001726,0.069386,0.059002
4031,20,0.022153,0.000339,0.06159,0.00996
4032,20,0.061742,8.7e-05,0.552172,0.097963
4033,20,0.022355,2.4e-05,0.066358,0.000119
4034,20,0.033341,0.000264,0.165456,0.038839
4035,20,0.020722,3.9e-05,0.057263,0.038993
4036,20,0.023225,8.5e-05,0.068606,0.002505
4037,20,0.017274,0.0,0.068343,0.05336
4038,20,0.017926,1.6e-05,0.065461,0.003946
4039,20,0.013746,5.2e-05,0.059335,0.047224
4040,20,0.031727,0.000986,0.068233,0.020576
4041,20,0.037191,0.001136,0.149746,0.047244
4042,20,0.022912,0.000955,0.059208,0.001297
4043,20,0.043799,0.000112,0.280021,0.002492
4044,20,0.053644,0.001327,0.484669,0.013556
4045,20,0.028595,0.0,0.072837,0.049087
4046,20,0.02721,0.000217,0.063867,0.009306
4047,20,0.019935,3.2e-05,0.086015,0.001097
4048,20,0.019902,1e-06,0.067605,0.03327
4049,20,0.033423,3.1e-05,0.148444,0.052835
4050,20,0.038001,3.8e-05,0.140676,0.066133
4051,20,0.031655,0.002083,0.09054,0.025503
4052,20,0.024549,0.000561,0.075599,0.002195
4053,20,0.018961,0.000646,0.055212,0.001298
4054,20,0.024038,5.4e-05,0.080747,0.039283
4055,20,0.021669,2e-06,0.061076,2e-06
4056,20,0.025682,0.000171,0.063581,0.01115
4057,20,0.033564,0.000253,0.090083,0.07085
4058,20,0.017682,0.000581,0.059783,0.038602
4059,20,0.022933,0.00048,0.079409,0.033467
4060,20,0.017817,1e-05,0.080029,0.029812
4061,20,0.022536,0.001059,0.079019,0.021902
4062,20,0.02262,0.000371,0.100051,0.000379
4063,20,0.01534,0.0,0.040839,0.001378
4064,20,0.025837,1.3e-05,0.08813,0.079578
4065,20,0.023104,2.4e-05,0.076194,0.055641
4066,20,0.031394,6.2e-05,0.158355,0.000628
4067,20,0.028058,0.000384,0.075978,0.010873
4068,20,0.029863,0.00057,0.068884,0.000798
4069,20,0.034851,0.001502,0.082827,0.029743
4070,20,0.022775,0.000292,0.082314,0.032265
4071,20,0.040821,0.002901,0.375093,0.016238
4072,20,0.03239,0.000206,0.15235,0.054587
4073,20,0.021006,1.5e-05,0.063509,0.000408
4074,20,0.027121,0.0,0.072475,0.023381
4075,20,0.013704,0.000192,0.033457,0.033457
4076,20,0.031822,0.00054,0.159318,0.0054
4077,20,0.017943,0.000166,0.068177,0.004907
4078,20,0.036659,0.005325,0.18381,0.005325
4079,20,0.017595,0.000195,0.066403,0.005411
4080,20,0.030496,1.9e-05,0.088398,0.041224
4081,20,0.028112,0.001117,0.112965,0.001603
4082,20,0.021476,0.001226,0.067891,0.007378
4083,20,0.036289,0.002804,0.073961,0.006102
4084,20,0.015029,1.3e-05,0.046898,0.01745
4085,20,0.010461,3.5e-05,0.031517,0.011525
4086,20,0.03113,0.000124,0.234214,0.065817
4087,20,0.022427,0.000275,0.077313,0.001844
4088,20,0.043401,0.000486,0.173524,0.173524
4089,20,0.045695,0.000768,0.34972,0.058947
4090,20,0.022701,3.1e-05,0.074221,0.002136
4091,20,0.015535,3.7e-05,0.040303,3.9e-05
4092,20,0.030504,0.000415,0.105772,0.000623
4093,20,0.019302,6e-06,0.039649,0.000558
4094,20,0.031456,3.4e-05,0.200979,0.034794
4095,20,0.033973,0.001196,0.137412,0.137412
4096,20,0.026754,0.00015,0.075257,0.035333
4097,20,0.027509,0.0,0.085608,0.043013
4098,20,0.018809,1.6e-05,0.059315,0.004575
4099,20,0.027032,6.2e-05,0.139417,6.2e-05
4100,20,0.014476,1.3e-05,0.044918,0.000179
4101,20,0.028224,0.000273,0.176922,0.033403
4102,20,0.022237,0.004119,0.04686,0.024863
4103,20,0.039946,1e-06,0.106176,0.060415
4104,20,0.026832,0.002098,0.060441,0.059777
4105,20,0.03052,0.000173,0.079669,0.036564
4106,20,0.026699,0.000331,0.081833,0.00376
4107,20,0.024425,1.3e-05,0.06091,0.002193
4108,20,0.029541,0.000176,0.082682,0.004111
4109,20,0.020266,1e-06,0.066964,0.019613
4110,20,0.014587,8.2e-05,0.078928,0.007284
4111,20,0.020835,0.001405,0.054873,0.017533
4112,20,0.045276,0.000146,0.2146,0.046954
4113,20,0.023934,4e-06,0.078657,0.023415
4114,20,0.022061,6e-06,0.07684,0.00054
4115,20,0.018579,5e-06,0.081057,0.037117
4116,20,0.018179,0.001226,0.065341,0.03526
4117,20,0.028104,3e-05,0.082011,0.000434
4118,20,0.032402,7e-06,0.070911,0.026562
4119,20,0.021115,0.001646,0.056516,0.018703
4120,20,0.024253,0.000149,0.089525,0.007515
4121,20,0.030054,1e-06,0.066639,0.047669
4122,20,0.022054,0.000453,0.140339,0.020726
4123,20,0.024097,1.7e-05,0.074387,0.025414
4124,20,0.022896,0.000112,0.087357,0.000112
4125,20,0.020768,2e-06,0.089583,0.003673
4126,20,0.025846,2e-06,0.087498,2e-06
4127,20,0.020577,0.000199,0.041525,0.039881
4128,20,0.028044,2e-06,0.063931,0.028023
4129,20,0.020453,1.5e-05,0.076173,0.045263
4130,20,0.022613,1.5e-05,0.09405,0.000935
4131,20,0.041507,3.1e-05,0.287396,0.033898
4132,20,0.019467,8.3e-05,0.058081,0.025289
4133,20,0.028706,0.0,0.064336,0.042483
4134,20,0.017596,1e-06,0.043307,0.019992
4135,20,0.032049,6e-06,0.111673,0.023781
4136,20,0.03729,0.00042,0.178411,0.070167
4137,20,0.018716,0.000168,0.077423,0.037308
4138,20,0.047936,1e-06,0.496299,0.026076
4139,20,0.023991,0.000324,0.061841,0.037725
4140,20,0.019483,1e-06,0.055384,0.039842
4141,20,0.033446,0.00142,0.152033,0.038193
4142,20,0.027305,0.001368,0.075563,0.043301
4143,20,0.017226,1e-06,0.05363,0.019636
4144,20,0.023096,2.4e-05,0.078232,0.006719
4145,20,0.029688,0.000456,0.065684,0.051802
4146,20,0.021372,5.8e-05,0.063402,0.001323
4147,20,0.019153,0.000189,0.083468,0.028725
4148,20,0.022776,1e-06,0.079198,1e-06
4149,20,0.027164,6.7e-05,0.083346,0.005877
4150,20,0.024581,0.000218,0.066007,0.010921
4151,20,0.017887,3.2e-05,0.079414,0.017044
4152,20,0.045421,1.1e-05,0.458428,0.024905
4153,20,0.018953,0.000163,0.054841,0.046067
4154,20,0.021366,2e-05,0.057935,0.036626
4155,20,0.020581,0.000481,0.075714,0.002718
4156,20,0.02943,0.001066,0.059987,0.018835
4157,20,0.027414,1.8e-05,0.095969,0.022158
4158,20,0.030227,0.001169,0.097829,0.022033
4159,20,0.025344,0.000944,0.078498,0.023613
4160,20,0.024651,3.8e-05,0.087883,0.055099
4161,20,0.02419,6.2e-05,0.050903,0.033595
4162,20,0.018211,0.000312,0.050005,0.007845
4163,20,0.029092,2.5e-05,0.079799,0.079799
4164,20,0.023448,1e-06,0.089922,0.019288
4165,20,0.020638,0.000193,0.084785,0.033993
4166,20,0.027041,0.000364,0.072097,0.040881
4167,20,0.03662,0.000126,0.146167,0.015262
4168,20,0.028271,1.4e-05,0.086008,0.001178
4169,20,0.033748,4.5e-05,0.06711,0.001572
4170,20,0.027526,0.000141,0.075353,0.016402
4171,20,0.021706,5.7e-05,0.06701,0.013978
4172,20,0.020356,0.000102,0.077975,0.001605
4173,20,0.031902,0.001232,0.154765,0.035256
4174,20,0.026289,0.0006,0.061481,0.056337
4175,20,0.028914,0.001162,0.069296,0.012804
4176,20,0.02335,0.000123,0.106859,0.012393
4177,20,0.022729,0.00028,0.077655,0.000955
4178,20,0.036166,1.7e-05,0.073972,0.000135
4179,20,0.031486,2.6e-05,0.082648,0.031705
4180,20,0.014856,0.000236,0.096998,0.001341
4181,20,0.03321,8.4e-05,0.156369,0.030953
4182,20,0.019324,0.00077,0.073628,0.010577
4183,20,0.022313,5e-05,0.083755,0.066435
4184,20,0.023924,0.000107,0.061799,0.029654
4185,20,0.033205,0.000143,0.124886,0.04432
4186,20,0.024378,6e-06,0.058796,0.049266
4187,20,0.02249,6.4e-05,0.175076,0.004036
4188,20,0.022152,6e-06,0.070631,0.000192
4189,20,0.027958,2.7e-05,0.159398,0.002828
4190,20,0.019087,6.6e-05,0.078272,0.027966
4191,20,0.026822,2e-06,0.067142,0.039715
4192,20,0.031699,0.002017,0.068652,0.002017
4193,20,0.025143,0.001321,0.088525,0.027818
4194,20,0.048689,2e-06,0.50047,0.01677
4195,20,0.03773,0.002977,0.07878,0.07878
4196,20,0.027052,0.000187,0.206899,0.000819
4197,20,0.022094,5e-06,0.054752,0.054752
4198,20,0.018314,0.0,0.042935,0.023535
4199,20,0.024975,5e-05,0.092014,0.064093
4200,20,0.018237,2e-06,0.056108,3.3e-05
4201,20,0.026088,6e-05,0.073786,6e-05
4202,20,0.027058,0.000455,0.077713,0.017346
4203,20,0.020741,0.0002,0.091296,0.078303
4204,20,0.024467,1.8e-05,0.065811,1.8e-05
4205,20,0.019268,0.000437,0.070382,0.052405
4206,20,0.026796,2.5e-05,0.067757,0.001497
4207,20,0.024507,0.000155,0.069535,0.000155
4208,20,0.019153,1e-06,0.091347,1e-06
4209,20,0.037703,0.001458,0.215763,0.00371
4210,20,0.037449,0.00127,0.080919,0.017183
4211,20,0.023082,1e-06,0.063701,1e-05
4212,20,0.024866,0.000389,0.066681,0.003541
4213,20,0.011326,0.001286,0.054404,0.054404
4214,20,0.018346,0.0,0.046852,0.009401
4215,20,0.024659,2e-06,0.084845,0.048194
4216,20,0.027422,2.3e-05,0.151501,0.005875
4217,20,0.025158,0.001537,0.071494,0.063468
4218,20,0.033455,0.004701,0.057706,0.0273
4219,20,0.023847,7.1e-05,0.069529,0.00018
4220,20,0.035688,8.1e-05,0.178425,0.0647
4221,20,0.020693,1.6e-05,0.051961,0.025078
4222,20,0.03185,0.000115,0.171584,0.035381
4223,20,0.016508,5.5e-05,0.074122,0.000397
4224,20,0.018862,2e-06,0.086434,0.025168
4225,20,0.023257,0.00027,0.073667,0.013796
4226,20,0.021731,0.002168,0.083634,0.002168
4227,20,0.017568,5.7e-05,0.075643,0.003573
4228,20,0.021534,0.000161,0.059385,0.04117
4229,20,0.026259,0.000566,0.06708,0.049233
4230,20,0.027203,0.000454,0.054443,0.040806
4231,20,0.02386,0.000216,0.058181,0.015003
4232,20,0.03235,0.000371,0.187248,0.001231
4233,20,0.032561,4e-06,0.108124,0.029209
4234,20,0.028111,6.3e-05,0.077323,0.039077
4235,20,0.040091,0.002745,0.118673,0.012866
4236,20,0.021525,0.000185,0.047747,0.041104
4237,20,0.023959,0.000441,0.084897,0.007756
4238,20,0.017974,1e-06,0.072553,0.072553
4239,20,0.027603,0.000276,0.12183,0.12183
4240,20,0.02591,0.000229,0.071826,0.036309
4241,20,0.025062,0.001175,0.078742,0.034279
4242,20,0.017456,1.5e-05,0.052638,0.028552
4243,20,0.019136,0.000139,0.083507,0.009988
4244,20,0.021858,8e-06,0.062691,0.047066
4245,20,0.018072,0.000805,0.074304,0.005435
4246,20,0.026872,0.000375,0.08707,0.026209
4247,20,0.034371,4.7e-05,0.174822,0.002206
4248,20,0.029088,0.000754,0.079416,0.000754
4249,20,0.02302,2.5e-05,0.085243,0.038192
4250,20,0.036877,0.000122,0.129406,0.00052
4251,20,0.015663,4e-06,0.049391,0.002748
4252,20,0.019159,1.5e-05,0.089687,1.5e-05
4253,20,0.02006,5e-05,0.067919,0.015476
4254,20,0.023573,7.6e-05,0.066432,0.00448
4255,20,0.025365,4e-06,0.090445,0.002401
4256,20,0.024825,0.000676,0.064605,0.054331
4257,20,0.031214,9.2e-05,0.136371,0.028162
4258,20,0.029138,0.000238,0.081161,0.001635
4259,20,0.028705,8.2e-05,0.063301,0.017557
4260,20,0.020036,5e-06,0.079457,0.079457
4261,20,0.023465,3e-06,0.06597,0.02597
4262,20,0.017959,5.4e-05,0.053603,0.028766
4263,20,0.040667,0.001145,0.362504,0.014736
4264,20,0.019539,0.000698,0.10444,0.003008
4265,20,0.022596,5.3e-05,0.062334,0.033345
4266,20,0.021698,1e-06,0.069032,0.046136
4267,20,0.030357,0.000194,0.077468,0.042811
4268,20,0.029012,0.000579,0.070751,0.061838
4269,20,0.031445,0.000264,0.093128,0.000374
4270,20,0.025941,0.000113,0.208599,0.01478
4271,20,0.032612,0.000559,0.199951,0.199951
4272,20,0.020812,6e-06,0.062232,0.001045
4273,20,0.032114,5.4e-05,0.18176,0.002612
4274,20,0.02104,5.9e-05,0.069859,0.00576
4275,20,0.022215,0.001369,0.058416,0.006225
4276,20,0.036401,0.001249,0.179687,0.001249
4277,20,0.033322,0.001862,0.149516,0.019319
4278,20,0.028574,0.00175,0.06906,0.019421
4279,20,0.018046,4.4e-05,0.074363,0.00999
4280,20,0.027943,0.00041,0.097061,0.042371
4281,20,0.036655,0.000736,0.257004,0.031339
4282,20,0.025497,0.000502,0.0702,0.000618
4283,20,0.028773,0.0,0.076694,0.039674
4284,20,0.018706,0.000135,0.0667,0.02439
4285,20,0.032616,3.2e-05,0.062514,0.033138
4286,20,0.022433,6e-06,0.074043,0.033675
4287,20,0.058393,0.000244,0.263885,0.001978
4288,20,0.041577,0.002364,0.319027,0.026454
4289,20,0.016187,0.000465,0.045476,0.026037
4290,20,0.020928,0.000126,0.071032,0.010376
4291,20,0.023117,0.000406,0.073165,0.018641
4292,20,0.019946,1e-06,0.090396,1e-06
4293,20,0.02976,0.000716,0.073452,0.021314
4294,20,0.016243,5.8e-05,0.039272,0.039272
4295,20,0.01244,8e-06,0.033045,0.002613
4296,20,0.024661,0.000236,0.091193,0.013636
4297,20,0.018827,2e-06,0.03804,0.017132
4298,20,0.039542,0.000114,0.257517,0.257517
4299,20,0.015363,0.000115,0.063379,0.012594
4300,20,0.027133,0.000838,0.065935,0.000838
4301,20,0.023153,0.000203,0.057946,0.022957
4302,20,0.026755,0.000665,0.065334,0.043481
4303,20,0.032684,0.000311,0.064541,0.064541
4304,20,0.024527,0.000249,0.059002,0.001063
4305,20,0.032146,0.001717,0.13871,0.052654
4306,20,0.023028,1.4e-05,0.077254,0.005098
4307,20,0.021941,0.000392,0.055133,0.000993
4308,20,0.025759,0.000238,0.058589,0.019242
4309,20,0.026046,0.000144,0.147019,0.048004
4310,20,0.022051,0.000421,0.071371,0.010541
4311,20,0.029988,7e-06,0.144711,0.020229
4312,20,0.020788,6e-06,0.067743,0.014134
4313,20,0.032722,7.2e-05,0.089163,7.2e-05
4314,20,0.018832,0.000182,0.063614,0.055846
4315,20,0.021406,0.0,0.059723,0.048009
4316,20,0.029957,0.000164,0.070424,0.007082
4317,20,0.019569,1e-06,0.056933,1e-06
4318,20,0.024574,0.000346,0.078225,0.040385
4319,20,0.020868,2.4e-05,0.056703,0.003606
4320,20,0.026335,2e-06,0.078101,0.047009
4321,20,0.02223,9.5e-05,0.07815,0.014774
4322,20,0.022972,0.000295,0.071482,0.003627
4323,20,0.026265,0.000504,0.076353,0.016903
4324,20,0.025635,0.00127,0.080862,0.008838
4325,20,0.014473,3e-06,0.052372,0.052372
4326,20,0.028408,0.00084,0.073212,0.020029
4327,20,0.022733,0.001575,0.107375,0.034877
4328,20,0.024725,0.0,0.080266,0.001608
4329,20,0.019166,6e-06,0.097601,0.070777
4330,20,0.022975,8.6e-05,0.08435,0.000812
4331,20,0.026713,0.002007,0.092144,0.004716
4332,20,0.02273,0.000218,0.060524,0.022255
4333,20,0.029625,0.00108,0.104392,0.061176
4334,20,0.036804,0.0,0.396156,0.060782
4335,20,0.031995,1.3e-05,0.154561,0.044274
4336,20,0.023262,0.000567,0.083259,0.031492
4337,20,0.025884,0.000166,0.071189,0.002891
4338,20,0.022017,0.000334,0.059655,0.059655
4339,20,0.032184,0.000567,0.130741,0.03599
4340,20,0.037096,0.002783,0.158053,0.014707
4341,20,0.01954,3.1e-05,0.056297,0.026812
4342,20,0.027271,1.8e-05,0.084189,0.035035
4343,20,0.024206,0.001508,0.066128,0.008059
4344,20,0.023462,2e-06,0.202524,0.019593
4345,20,0.025758,0.00015,0.093168,0.070628
4346,20,0.024957,4.5e-05,0.076848,0.001379
4347,20,0.021581,0.000112,0.077055,0.00176
4348,20,0.02878,6.3e-05,0.104451,0.038036
4349,20,0.026923,9.6e-05,0.136247,0.041648
4350,20,0.02603,5.6e-05,0.089415,0.01336
4351,20,0.022415,0.001691,0.064844,0.03554
4352,20,0.022854,0.000667,0.102542,0.000667
4353,20,0.02549,8.7e-05,0.067768,0.001063
4354,20,0.018867,2e-06,0.058362,2e-06
4355,20,0.021585,0.000797,0.067311,0.008115
4356,20,0.025723,8e-06,0.062041,0.020026
4357,20,0.01547,0.000168,0.071344,0.010501
4358,20,0.020457,0.000262,0.071139,0.009582
4359,20,0.025805,2e-06,0.086691,0.007155
4360,20,0.020715,0.000329,0.062397,0.02835
4361,20,0.02915,0.000343,0.176028,0.008154
4362,20,0.033507,0.000255,0.113294,0.000255
4363,20,0.0133,9.1e-05,0.041011,0.014637
4364,20,0.015872,2.7e-05,0.040316,0.031305
4365,20,0.01694,6.1e-05,0.090823,0.000666
4366,20,0.020489,0.000183,0.06565,0.039421
4367,20,0.021632,3.5e-05,0.070392,0.025061
4368,20,0.024498,3e-06,0.085403,0.011991
4369,20,0.021139,0.000979,0.076573,0.021419
4370,20,0.020246,1.1e-05,0.095814,0.008459
4371,20,0.017975,0.0,0.056977,0.011106
4372,20,0.02669,6e-06,0.177888,0.000212
4373,20,0.023192,1e-06,0.175359,0.023844
4374,20,0.019123,3e-06,0.081549,0.012083
4375,20,0.028113,0.000208,0.116479,0.020933
4376,20,0.021538,0.000108,0.066765,0.035477
4377,20,0.022281,3.8e-05,0.076829,0.024457
4378,20,0.026757,0.001631,0.067347,0.010738
4379,20,0.015435,0.000673,0.066404,0.008804
4380,20,0.026367,7.2e-05,0.083524,0.006656
4381,20,0.03388,0.000401,0.077123,0.02854
4382,20,0.022841,5.3e-05,0.071066,0.006351
4383,20,0.025802,0.001239,0.086195,0.086195
4384,20,0.023022,0.000181,0.061396,0.029101
4385,20,0.025043,0.000176,0.16065,0.001495
4386,20,0.01859,2.1e-05,0.066415,0.000983
4387,20,0.020319,0.000146,0.058311,0.020496
4388,20,0.025333,0.000235,0.074765,0.000377
4389,20,0.02642,0.00064,0.063261,0.063261
4390,20,0.041868,8e-06,0.19324,0.19324
4391,20,0.028757,1.7e-05,0.085832,0.010179
4392,20,0.026468,0.000253,0.076945,0.000253
4393,20,0.033681,0.000776,0.155719,0.02764
4394,20,0.028142,2.1e-05,0.16458,0.01511
4395,20,0.043586,0.000115,0.170229,0.00245
4396,20,0.028423,5.4e-05,0.067548,5.4e-05
4397,20,0.022784,0.000274,0.071258,0.056486
4398,20,0.03488,8.8e-05,0.128576,0.003592
4399,20,0.019814,0.000291,0.059259,0.008924
4400,20,0.029035,0.000205,0.159837,0.010399
4401,20,0.025049,0.000532,0.068689,0.027551
4402,20,0.020026,5e-05,0.088259,0.007009
4403,20,0.052179,0.001093,0.524659,0.059696
4404,20,0.026152,0.00138,0.061394,0.007904
4405,20,0.041827,0.000439,0.118453,0.07169
4406,20,0.04583,4.7e-05,0.397256,0.084656
4407,20,0.024191,1.1e-05,0.073755,0.01623
4408,20,0.007438,0.000241,0.039053,0.039053
4409,20,0.033239,0.001557,0.158044,0.041726
4410,20,0.039474,0.000694,0.288067,0.020259
4411,20,0.020222,0.0,0.052187,0.008939
4412,20,0.020221,2e-06,0.057161,0.001245
4413,20,0.020823,0.000944,0.064283,0.02792
4414,20,0.047294,0.002279,0.251148,0.049886
4415,20,0.015614,1.5e-05,0.047189,0.04641
4416,20,0.024323,4.1e-05,0.078512,0.002274
4417,20,0.024666,0.000161,0.061129,0.00615
4418,20,0.020269,0.00198,0.050453,0.008734
4419,20,0.026961,0.00037,0.096726,0.096726
4420,20,0.03069,0.001463,0.076664,0.030947
4421,20,0.022002,0.0,0.181093,0.008364
4422,20,0.02638,4.7e-05,0.08876,0.008826
4423,20,0.0327,0.000306,0.168996,0.03897
4424,20,0.032474,0.0,0.087942,0.009306
4425,20,0.01842,3.5e-05,0.054984,0.00127
4426,20,0.031052,2e-06,0.082882,0.016225
4427,20,0.020206,1e-06,0.08533,6.9e-05
4428,20,0.01259,9e-06,0.035302,0.010764
4429,20,0.014331,0.000119,0.027498,0.013506
4430,20,0.029388,0.000259,0.069553,0.053808
4431,20,0.021371,0.000716,0.073536,0.003046
4432,20,0.021148,7e-06,0.053577,0.000155
4433,20,0.025882,0.000205,0.089493,0.022102
4434,20,0.02687,4.4e-05,0.14707,0.041111
4435,20,0.025443,0.000111,0.069299,0.00039
4436,20,0.023975,4.5e-05,0.073933,0.039028
4437,20,0.04618,0.001239,0.419822,0.038791
4438,20,0.030622,0.000899,0.08323,0.003622
4439,20,0.016719,0.000606,0.057993,0.000606
4440,20,0.02608,0.002896,0.066917,0.061277
4441,20,0.023495,0.001184,0.055645,0.013273
4442,20,0.029037,0.002834,0.073721,0.039863
4443,20,0.022342,0.000629,0.067574,0.051739
4444,20,0.028562,0.001236,0.083869,0.064888
4445,20,0.020633,0.000363,0.057425,0.014207
4446,20,0.018856,0.0,0.064145,0.016071
4447,20,0.025304,0.0,0.170697,0.004263
4448,20,0.036955,6.3e-05,0.25363,0.031991
4449,20,0.01592,5e-06,0.05053,0.015096
4450,20,0.02385,6e-06,0.0884,6e-06
4451,20,0.023749,7e-05,0.0648,0.00048
4452,20,0.061655,0.000926,0.491688,0.118977
4453,20,0.049318,0.000399,0.425673,0.425673
4454,20,0.034256,0.001176,0.092128,0.062077
4455,20,0.02559,0.001573,0.066067,0.066067
4456,20,0.02247,5.7e-05,0.132846,0.009331
4457,20,0.0344,0.002217,0.121538,0.067497
4458,20,0.021247,5.5e-05,0.072196,0.047199
4459,20,0.023055,6.8e-05,0.084295,0.031562
4460,20,0.027315,0.000476,0.195555,0.012289
4461,20,0.021002,0.000971,0.059863,0.025946
4462,20,0.043392,1.3e-05,0.16238,0.01002
4463,20,0.026694,0.000898,0.110512,0.049113
4464,20,0.059699,0.0037,0.449017,0.055126
4465,20,0.028272,0.0001,0.092153,0.043912
4466,20,0.048738,0.000192,0.453998,0.02853
4467,20,0.019771,0.0,0.072323,0.010665
4468,20,0.027384,1.6e-05,0.074092,0.027403
4469,20,0.021162,5.6e-05,0.082973,0.000306
4470,20,0.019302,0.003851,0.072023,0.011984
4471,20,0.027905,0.001936,0.064017,0.032576
4472,20,0.024539,0.000775,0.102541,0.03463
4473,20,0.015813,2.7e-05,0.066546,0.026309
4474,20,0.018195,9e-06,0.090995,0.034381
4475,20,0.023882,0.000536,0.067529,0.052942
4476,20,0.0277,8.4e-05,0.158638,0.00559
4477,20,0.044828,0.001572,0.415963,0.415963
4478,20,0.034209,0.003687,0.076162,0.056296
4479,20,0.027019,1.2e-05,0.179523,0.007895
4480,20,0.019561,7.8e-05,0.075568,0.023403
4481,20,0.025164,0.002308,0.071433,0.019709
4482,20,0.02256,9e-06,0.090415,0.008787
4483,20,0.051608,8e-06,0.634383,0.09077
4484,20,0.030137,0.000272,0.07439,0.027208
4485,20,0.02139,1e-06,0.108694,1.7e-05
4486,20,0.019924,5.2e-05,0.067871,0.030216
4487,20,0.027663,0.000104,0.070124,0.047731
4488,20,0.024503,0.001908,0.047017,0.038591
4489,20,0.028296,0.000346,0.083552,0.021851
4490,20,0.028466,0.000128,0.113,0.074647
4491,20,0.027071,0.001559,0.057416,0.001559
4492,20,0.08556,0.00145,0.629763,0.033343
4493,20,0.030154,0.000347,0.073764,0.004011
4494,20,0.024302,1e-06,0.056636,0.005099
4495,20,0.021,0.000205,0.056706,0.023729
4496,20,0.023741,0.0,0.173446,0.043992
4497,20,0.029054,0.000303,0.070153,0.032125
4498,20,0.014969,1.9e-05,0.038427,0.020009
4499,20,0.031035,3e-06,0.150696,0.003909
4500,20,0.035953,0.001634,0.06663,0.045723
4501,20,0.020838,0.000175,0.063377,0.047621
4502,20,0.021198,0.000427,0.053297,0.048861
4503,20,0.028765,0.000153,0.0735,0.015432
4504,20,0.040585,0.000792,0.219218,0.048753
4505,20,0.015756,0.000158,0.054584,0.000177
4506,20,0.034245,0.000384,0.165606,0.010565
4507,20,0.061059,1e-06,0.677623,0.080048
4508,20,0.035295,0.000339,0.097229,0.003079
4509,20,0.020775,0.0,0.058837,0.026188
4510,20,0.021242,0.0,0.079376,0.007789
4511,20,0.019711,6.2e-05,0.059575,0.049638
4512,20,0.029283,0.000219,0.141524,0.038662
4513,20,0.040073,0.00031,0.143966,0.05527
4514,20,0.024989,0.002813,0.060488,0.006937
4515,20,0.040055,0.004395,0.155722,0.07
4516,20,0.030432,0.000167,0.06854,0.003056
4517,20,0.02501,0.000331,0.098742,0.015344
4518,20,0.019952,0.000235,0.061021,0.031284
4519,20,0.029194,7e-06,0.068433,0.044583
4520,20,0.027334,7.3e-05,0.066748,0.032105
4521,20,0.020324,5e-06,0.095195,0.017059
4522,20,0.034365,0.000273,0.203612,0.048018
4523,20,0.043303,1.2e-05,0.530707,0.530707
4524,20,0.022874,5.1e-05,0.072564,5.1e-05
4525,20,0.023979,0.00042,0.095053,0.001047
4526,20,0.016801,9.3e-05,0.063063,0.059022
4527,20,0.030978,0.001176,0.072295,0.051606
4528,20,0.033822,0.000349,0.065496,0.000349
4529,20,0.02575,7e-06,0.083602,0.083602
4530,20,0.029085,3e-05,0.080725,0.036664
4531,20,0.024496,0.000798,0.150475,0.037861
4532,20,0.024071,1e-06,0.079835,0.000982
4533,20,0.05221,0.00025,0.686346,0.061184
4534,20,0.027938,0.000837,0.137982,0.004467
4535,20,0.038131,0.002588,0.147879,0.011861
4536,20,0.024873,1.4e-05,0.078961,1.8e-05
4537,20,0.022261,0.001565,0.093306,0.007248
4538,20,0.027359,0.000992,0.077094,0.000992
4539,20,0.023997,0.000103,0.065033,0.044788
4540,20,0.030742,4.3e-05,0.109513,0.002929
4541,20,0.016839,5.8e-05,0.094052,0.013575
4542,20,0.022735,5.9e-05,0.093467,0.005774
4543,20,0.026548,0.001683,0.065593,0.015858
4544,20,0.027905,4.8e-05,0.081316,0.047086
4545,20,0.021226,2.8e-05,0.089621,0.089621
4546,20,0.035141,9e-06,0.1601,0.053933
4547,20,0.030647,0.001872,0.110321,0.009471
4548,20,0.026356,0.000326,0.066023,0.007654
4549,20,0.021493,0.000402,0.070139,0.04208
4550,20,0.030999,2e-06,0.065101,0.063482
4551,20,0.021289,0.000761,0.070249,0.001732
4552,20,0.02749,0.000125,0.186775,0.027982
4553,20,0.016964,2.2e-05,0.055715,9e-05
4554,20,0.027898,1e-06,0.095091,0.078671
4555,20,0.024845,0.001155,0.119846,0.077788
4556,20,0.016363,0.000312,0.064396,0.010077
4557,20,0.019816,0.00023,0.040316,0.02666
4558,20,0.023259,0.001027,0.06443,0.029002
4559,20,0.031765,0.000621,0.125721,0.000621
4560,20,0.041893,0.001326,0.319288,0.022823
4561,20,0.04155,0.000243,0.500898,0.000871
4562,20,0.024967,0.000153,0.075136,0.03811
4563,20,0.02524,8.9e-05,0.081404,0.007484
4564,20,0.031122,9e-05,0.069194,0.026946
4565,20,0.024358,3e-05,0.103925,0.103925
4566,20,0.048323,1e-06,0.393279,0.033077
4567,20,0.032741,0.004326,0.083914,0.053956
4568,20,0.025163,0.000669,0.066321,0.027681
4569,20,0.01793,8.3e-05,0.085488,0.034534
4570,20,0.01738,1.7e-05,0.064891,0.000534
4571,20,0.05461,0.000105,0.649127,0.024165
4572,20,0.019705,0.002175,0.054676,0.018054
4573,20,0.02577,1.1e-05,0.204634,0.004374
4574,20,0.025155,0.001452,0.074207,0.01304
4575,20,0.021676,0.000167,0.092342,0.000741
4576,20,0.015742,0.0,0.044695,0.021939
4577,20,0.02128,3.9e-05,0.087595,0.038179
4578,20,0.029957,0.001312,0.146109,0.004915
4579,20,0.031966,0.000147,0.108318,0.015379
4580,20,0.032806,0.004974,0.069903,0.047515
4581,20,0.027684,0.000283,0.067107,0.029283
4582,20,0.043079,0.000993,0.287216,0.003749
4583,20,0.019375,1.6e-05,0.062617,0.014445
4584,20,0.028287,4e-05,0.179052,0.007228
4585,20,0.019873,1e-06,0.049087,0.035113
4586,20,0.027344,1.2e-05,0.156379,0.01988
4587,20,0.018486,0.0,0.057964,0.00121
4588,20,0.016567,4.2e-05,0.064055,0.002019
4589,20,0.020059,0.0,0.079805,0.00166
4590,20,0.024215,8.1e-05,0.064681,0.064681
4591,20,0.028036,0.002129,0.065334,0.003587
4592,20,0.015571,0.0,0.073491,0.021319
4593,20,0.014079,1e-06,0.092974,0.092974
4594,20,0.046788,2.9e-05,0.496339,0.006828
4595,20,0.02626,7e-06,0.069318,0.003981
4596,20,0.030766,2e-06,0.071261,0.012278
4597,20,0.020831,0.00104,0.06962,0.003339
4598,20,0.035719,0.000589,0.155846,0.003189
4599,20,0.021387,0.000154,0.056883,0.000791
4600,20,0.015965,0.000117,0.048748,0.023591
4601,20,0.028853,0.000268,0.162442,0.00193
4602,20,0.022526,4.1e-05,0.071638,0.021114
4603,20,0.033229,3e-06,0.160504,0.043495
4604,20,0.020477,0.000618,0.077826,0.011522
4605,20,0.021853,0.000265,0.079696,0.005089
4606,20,0.034741,0.002065,0.068118,0.004426
4607,20,0.049987,0.000898,0.396641,0.05205
4608,20,0.028923,0.0006,0.193489,0.036547
4609,20,0.035442,1e-06,0.25761,0.034556
4610,20,0.029992,2e-06,0.08759,0.009415
4611,20,0.020543,0.001018,0.064057,0.051708
4612,20,0.030075,0.000177,0.072995,0.052131
4613,20,0.021581,7.1e-05,0.087713,0.051743
4614,20,0.028985,8.7e-05,0.070216,0.059301
4615,20,0.024942,0.00233,0.0756,0.015533
4616,20,0.023017,0.000391,0.106197,0.106197
4617,20,0.042618,0.000144,0.444276,0.000564
4618,20,0.028629,0.00044,0.064352,0.001161
4619,20,0.023692,0.001858,0.073377,0.011132
4620,20,0.046794,0.000147,0.406268,0.001993
4621,20,0.025862,0.000483,0.066261,0.042993
4622,20,0.035115,6.1e-05,0.067554,0.03448
4623,20,0.028704,1e-06,0.083082,0.005319
4624,20,0.027679,0.000196,0.087728,0.014136
4625,20,0.01643,3.3e-05,0.03966,0.009181
4626,20,0.029608,6e-05,0.072973,0.010774
4627,20,0.028405,0.000132,0.085431,0.009928
4628,20,0.019667,0.000212,0.039907,0.003163
4629,20,0.035855,0.000152,0.175487,0.000152
4630,20,0.013998,0.000355,0.043856,0.014772
4631,20,0.031695,0.000114,0.137545,0.005726
4632,20,0.017549,3.9e-05,0.044025,0.018321
4633,20,0.017435,0.00017,0.112333,0.02311
4634,20,0.023754,5.3e-05,0.088503,0.00419
4635,20,0.042019,0.001599,0.129739,0.047254
4636,20,0.0441,2e-06,0.23933,0.023695
4637,20,0.032998,3.7e-05,0.084459,0.001806
4638,20,0.047158,0.000167,0.453416,0.041495
4639,20,0.015832,0.000355,0.04397,0.029967
4640,20,0.027351,4.3e-05,0.079015,0.008989
4641,20,0.024939,0.000671,0.070636,0.006244
4642,20,0.039704,0.000882,0.130134,0.023173
4643,20,0.026858,5.1e-05,0.078375,0.029108
4644,20,0.025745,0.000642,0.07848,0.001209
4645,20,0.037662,0.001398,0.139518,0.139518
4646,20,0.02447,0.000912,0.064045,0.008327
4647,20,0.024025,0.000363,0.057849,0.005036
4648,20,0.026957,6.3e-05,0.065736,0.006308
4649,20,0.029389,0.000749,0.071044,0.008215
4650,20,0.025074,0.000776,0.139184,0.006356
4651,20,0.03649,0.000488,0.112041,0.036661
4652,20,0.022003,0.001625,0.059743,0.037678
4653,20,0.032164,0.000969,0.06471,0.039063
4654,20,0.027097,1e-06,0.073117,0.001176
4655,20,0.025108,6e-06,0.076867,0.051416
4656,20,0.025008,3e-06,0.080277,0.001344
4657,20,0.015301,1e-06,0.057444,1.4e-05
4658,20,0.013977,0.000118,0.04643,0.003214
4659,20,0.0189,8.2e-05,0.075892,0.032784
4660,20,0.019254,8e-06,0.081424,0.036577
4661,20,0.013403,5e-05,0.040279,0.006483
4662,20,0.039916,0.000121,0.222765,0.006689
4663,20,0.019419,0.000326,0.068723,0.000326
4664,20,0.064213,3e-06,0.697345,0.012706
4665,20,0.029246,3.4e-05,0.110943,6.7e-05
4666,20,0.026556,2.8e-05,0.095446,0.002428
4667,20,0.019862,7.5e-05,0.049226,0.013097
4668,20,0.026852,5.4e-05,0.179743,0.005276
4669,20,0.027983,0.000318,0.209168,0.000318
4670,20,0.033341,0.000236,0.147161,0.000838
4671,20,0.038544,1.2e-05,0.157823,0.011004
4672,20,0.013985,2e-06,0.032618,0.000521
4673,20,0.025473,0.000313,0.062275,0.036226
4674,20,0.027177,0.000265,0.06944,0.000265
4675,20,0.029837,2.8e-05,0.177433,0.025731
4676,20,0.023416,7.1e-05,0.046084,0.035174
4677,20,0.036704,0.005543,0.068212,0.058672
4678,20,0.01896,0.000323,0.055291,0.055291
4679,20,0.030043,0.000718,0.128268,0.001732
4680,20,0.030507,0.001907,0.063027,0.005327
4681,20,0.01801,1e-06,0.052615,0.022005
4682,20,0.017851,8e-06,0.081571,0.030272
4683,20,0.032161,9.3e-05,0.087911,0.087095
4684,20,0.024361,0.000114,0.081596,0.078816
4685,20,0.025996,7.2e-05,0.084764,0.043091
4686,20,0.02336,8e-06,0.13613,0.13613
4687,20,0.018948,0.0,0.05203,0.041171
4688,20,0.026514,5e-06,0.073103,0.00559
4689,20,0.018112,3.4e-05,0.060762,0.052258
4690,20,0.047188,0.00104,0.448997,0.003976
4691,20,0.028475,0.000134,0.076603,0.051107
4692,20,0.020278,0.000734,0.050603,0.049864
4693,20,0.028339,0.000318,0.066407,0.002856
4694,20,0.021443,2e-06,0.075479,0.00087
4695,20,0.0191,0.000264,0.06949,0.026663
4696,20,0.030703,0.001874,0.060169,0.057852
4697,20,0.027904,8e-05,0.061971,0.005232
4698,20,0.018472,0.001025,0.058403,0.003846
4699,20,0.023213,0.000135,0.06432,0.037684
4700,20,0.028395,0.0,0.082634,0.008525
4701,20,0.041501,0.001484,0.423981,0.013477
4702,20,0.02896,1.5e-05,0.079533,0.018324
4703,20,0.035683,3.1e-05,0.0744,0.003501
4704,20,0.038749,2.5e-05,0.107018,0.048957
4705,20,0.017757,0.001645,0.063832,0.056369
4706,20,0.039559,9.6e-05,0.143935,0.027324
4707,20,0.016813,3.4e-05,0.071252,3.4e-05
4708,20,0.030004,0.001075,0.145396,0.010136
4709,20,0.039867,0.000379,0.116171,0.018844
4710,20,0.018482,0.001115,0.078944,0.00189
4711,20,0.022429,0.000173,0.072149,0.001597
4712,20,0.026593,0.000174,0.076545,0.034828
4713,20,0.021553,4.9e-05,0.068999,0.024835
4714,20,0.020103,0.0,0.065913,0.065913
4715,20,0.038011,0.000896,0.186147,0.000896
4716,20,0.031518,1.3e-05,0.125202,0.048961
4717,20,0.023967,0.000318,0.142269,0.031344
4718,20,0.051122,0.000355,0.427982,0.002846
4719,20,0.022089,5e-06,0.05423,3.5e-05
4720,20,0.025896,0.000543,0.074829,0.041583
4721,20,0.033359,0.000153,0.135365,0.0125
4722,20,0.022727,2.5e-05,0.069641,2.5e-05
4723,20,0.035001,0.000382,0.191855,0.023853
4724,20,0.021015,1e-06,0.084228,0.00096
4725,20,0.030364,1e-06,0.159392,0.027177
4726,20,0.02087,0.000959,0.069633,0.060805
4727,20,0.027285,2.4e-05,0.1605,0.019949
4728,20,0.04927,0.001786,0.427179,0.066303
4729,20,0.025574,0.000505,0.059881,0.000505
4730,20,0.032704,0.007238,0.06294,0.027505
4731,20,0.022095,0.00082,0.060026,0.00357
4732,20,0.021897,0.000229,0.073452,0.019254
4733,20,0.019886,0.000154,0.057999,0.043582
4734,20,0.024508,3.7e-05,0.136054,0.007579
4735,20,0.026508,8.3e-05,0.125513,0.001922
4736,20,0.020687,0.001736,0.051541,0.013751
4737,20,0.017723,5.6e-05,0.100234,0.00015
4738,20,0.024724,0.000803,0.079683,0.000803
4739,20,0.023204,1e-06,0.078914,0.043625
4740,20,0.032943,0.000705,0.141435,0.014124
4741,20,0.029545,0.001664,0.083674,0.025637
4742,20,0.030078,0.000893,0.188717,0.008881
4743,20,0.013253,1.6e-05,0.089744,0.005588
4744,20,0.020536,9.1e-05,0.083957,0.002926
4745,20,0.023352,0.000222,0.063685,0.003188
4746,20,0.020253,2.9e-05,0.103291,0.000393
4747,20,0.028253,0.000198,0.100007,0.008116
4748,20,0.024342,7.5e-05,0.080333,0.030403
4749,20,0.033281,3.6e-05,0.138768,0.062716
4750,20,0.022552,0.000918,0.057678,0.007726
4751,20,0.04781,0.000331,0.373418,0.057977
4752,20,0.019621,5.2e-05,0.049899,0.016262
4753,20,0.028007,2.5e-05,0.084518,0.027018
4754,20,0.021171,0.002627,0.103066,0.030002
4755,20,0.022717,0.000158,0.07712,0.008788
4756,20,0.019179,8.4e-05,0.074473,0.011178
4757,20,0.024533,0.000567,0.100469,0.01756
4758,20,0.046316,0.001987,0.154686,0.058203
4759,20,0.02429,4.5e-05,0.113413,0.040424
4760,20,0.025758,6e-06,0.079728,0.016061
4761,20,0.03185,0.000718,0.182764,0.018583
4762,20,0.036976,0.000829,0.080388,0.056019
4763,20,0.022361,1.4e-05,0.067705,0.00385
4764,20,0.036687,0.0,0.309136,0.040951
4765,20,0.025802,5.3e-05,0.066748,0.028397
4766,20,0.017615,1e-05,0.088467,1e-05
4767,20,0.013099,5e-06,0.041491,0.019724
4768,20,0.022793,0.000106,0.082435,0.007132
4769,20,0.026878,4.5e-05,0.077042,0.016403
4770,20,0.02685,0.000706,0.066763,0.002161
4771,20,0.024146,0.0,0.079552,0.022898
4772,20,0.037294,0.002227,0.156958,0.058042
4773,20,0.020123,0.000253,0.071309,0.04344
4774,20,0.022765,2.6e-05,0.080249,0.080249
4775,20,0.021195,1.9e-05,0.056551,0.001751
4776,20,0.034976,5.1e-05,0.084157,0.041875
4777,20,0.016642,2e-06,0.070553,0.024451
4778,20,0.016949,0.000163,0.057325,0.000253
4779,20,0.022544,1e-06,0.083077,0.004222
4780,20,0.044485,0.001616,0.164379,0.164379
4781,20,0.035513,0.002065,0.069647,0.010737
4782,20,0.02512,0.000169,0.076487,0.075976
4783,20,0.022026,0.00037,0.082594,0.008351
4784,20,0.024108,1e-06,0.077741,1.1e-05
4785,20,0.017681,1.8e-05,0.078419,0.001921
4786,20,0.021649,0.000168,0.052986,0.000168
4787,20,0.034527,0.000291,0.082445,0.034424
4788,20,0.058708,0.000216,0.730142,0.076762
4789,20,0.01939,6e-06,0.081162,0.017496
4790,20,0.019897,0.000131,0.06017,0.043044
4791,20,0.036782,0.001397,0.128381,0.027326
4792,20,0.02502,7e-06,0.156586,0.012
4793,20,0.027851,0.00063,0.134716,0.069552
4794,20,0.028291,9e-06,0.068443,0.009938
4795,20,0.016006,0.000124,0.052213,0.023749
4796,20,0.026971,0.000757,0.185952,0.019241
4797,20,0.023637,0.000266,0.060187,0.043874
4798,20,0.039746,0.00211,0.143047,0.006393
4799,20,0.022643,0.000252,0.062396,0.026031
4800,20,0.01827,2e-06,0.052916,0.001289
4801,20,0.011496,1.6e-05,0.028132,0.008595
4802,20,0.030381,0.001298,0.072218,0.037818
4803,20,0.01686,1e-06,0.058459,0.000816
4804,20,0.016581,0.000154,0.040812,0.007969
4805,20,0.023166,0.002782,0.080703,0.055698
4806,20,0.026366,0.0,0.134532,0.047684
4807,20,0.029767,0.000119,0.114816,0.014142
4808,20,0.023798,0.000657,0.086121,0.013894
4809,20,0.023385,7.2e-05,0.075641,0.014576
4810,20,0.025176,0.000805,0.139846,0.006999
4811,20,0.017635,0.000595,0.045474,0.002463
4812,20,0.021352,0.000309,0.058233,0.024533
4813,20,0.026339,0.000291,0.083237,0.016644
4814,20,0.017332,0.0,0.079197,0.028518
4815,20,0.01825,7.3e-05,0.102715,0.013295
4816,20,0.031378,0.000108,0.214078,0.022202
4817,20,0.021197,3e-06,0.083601,0.010001
4818,20,0.031167,0.000956,0.061983,0.052605
4819,20,0.026034,4e-06,0.060909,0.044844
4820,20,0.015704,6.3e-05,0.087345,0.087345
4821,20,0.027362,0.000311,0.086726,0.004272
4822,20,0.048732,0.000446,0.373913,0.373913
4823,20,0.024521,0.000617,0.069714,0.038139
4824,20,0.034605,0.003834,0.065726,0.005354
4825,20,0.027044,0.000135,0.082505,0.032692
4826,20,0.022549,2.1e-05,0.081009,0.010894
4827,20,0.0196,0.001163,0.0617,0.009371
4828,20,0.030184,8e-06,0.085105,8e-06
4829,20,0.02639,1.2e-05,0.094448,0.026932
4830,20,0.027606,2.3e-05,0.146159,2.3e-05
4831,20,0.019574,6.3e-05,0.082191,0.035639
4832,20,0.026043,0.0,0.140383,0.030861
4833,20,0.026316,1e-06,0.071871,0.026479
4834,20,0.032555,0.000111,0.152891,0.001914
4835,20,0.03006,0.002589,0.137469,0.017017
4836,20,0.023603,0.000244,0.071235,0.000388
4837,20,0.019058,0.00018,0.048019,0.03873
4838,20,0.024961,9.6e-05,0.143623,0.059039
4839,20,0.031492,1e-06,0.148,0.002678
4840,20,0.022022,0.000226,0.079332,0.001654
4841,20,0.03202,0.002029,0.07852,0.07852
4842,20,0.020904,1.7e-05,0.063556,0.000366
4843,20,0.019601,1.3e-05,0.055661,0.002189
4844,20,0.021019,0.000205,0.077899,0.010742
4845,20,0.024322,0.000233,0.076385,0.012009
4846,20,0.020144,0.0,0.077893,0.008217
4847,20,0.032767,0.000557,0.061682,0.050471
4848,20,0.023432,8.4e-05,0.053651,0.030985
4849,20,0.027298,5.5e-05,0.151807,0.007398
4850,20,0.026605,0.000157,0.090316,0.013595
4851,20,0.029592,1e-05,0.194998,0.037315
4852,20,0.022207,0.000916,0.062455,0.003477
4853,20,0.042238,0.005436,0.132879,0.021768
4854,20,0.030468,1.4e-05,0.068847,0.068847
4855,20,0.024066,4e-06,0.057702,0.02554
4856,20,0.020266,0.00015,0.085604,0.006669
4857,20,0.034616,0.000164,0.125834,0.032909
4858,20,0.030068,7.3e-05,0.182298,0.001335
4859,20,0.019909,0.001007,0.052628,0.004467
4860,20,0.021741,0.002163,0.05641,0.05641
4861,20,0.03681,1.7e-05,0.100399,0.001243
4862,20,0.030518,0.000464,0.174176,0.054226
4863,20,0.024042,0.00024,0.066054,0.000757
4864,20,0.021347,5.1e-05,0.06667,5.1e-05
4865,20,0.031813,6e-06,0.091152,0.044731
4866,20,0.030128,0.000668,0.152961,0.038722
4867,20,0.029141,0.00027,0.078561,0.040672
4868,20,0.023112,0.000224,0.161092,0.035596
4869,20,0.022411,0.000855,0.072302,0.001534
4870,20,0.030799,9.6e-05,0.074127,0.021917
4871,20,0.020878,2.9e-05,0.165237,0.165237
4872,20,0.019939,1.3e-05,0.073047,0.012853
4873,20,0.026936,0.000128,0.075508,0.028321
4874,20,0.031053,0.00011,0.146044,0.046581
4875,20,0.015091,0.000379,0.066477,0.026763
4876,20,0.059175,0.000919,0.478675,0.025457
4877,20,0.02588,6.4e-05,0.078884,0.010023
4878,20,0.025303,8.4e-05,0.065499,0.036087
4879,20,0.023081,1e-06,0.109002,0.052116
4880,20,0.023417,0.000123,0.093669,0.001643
4881,20,0.019966,4.6e-05,0.058704,0.000753
4882,20,0.041269,0.00053,0.146674,0.028871
4883,20,0.029683,0.000647,0.086776,0.001029
4884,20,0.03083,0.000198,0.060653,0.000198
4885,20,0.025201,0.000441,0.078894,0.006307
4886,20,0.023595,0.000316,0.061595,0.025427
4887,20,0.010555,9e-06,0.03304,9e-06
4888,20,0.016776,0.000165,0.109778,0.014741
4889,20,0.014524,1.2e-05,0.031968,0.000224
4890,20,0.027492,3e-06,0.096664,0.029054
4891,20,0.039058,0.001798,0.178571,0.037626
4892,20,0.034232,0.000147,0.1616,0.003017
4893,20,0.029649,3e-05,0.084058,0.065818
4894,20,0.021401,0.000147,0.063094,0.063094
4895,20,0.026407,0.000554,0.076788,0.019095
4896,20,0.030025,0.001289,0.061577,0.0244
4897,20,0.026013,9.4e-05,0.08809,9.4e-05
4898,20,0.017579,0.0,0.092917,0.000404
4899,20,0.028504,0.000139,0.157285,0.018808
4900,20,0.019388,8.8e-05,0.096911,0.029152
4901,20,0.033579,2e-06,0.089713,0.04237
4902,20,0.018518,3e-06,0.095478,0.00293
4903,20,0.02699,0.001643,0.078435,0.053056
4904,20,0.024479,8.6e-05,0.077091,0.010589
4905,20,0.024283,0.000986,0.076014,0.05157
4906,20,0.032499,0.002215,0.06182,0.007861
4907,20,0.022646,7.7e-05,0.055299,0.023775
4908,20,0.030915,0.000532,0.093327,0.034267
4909,20,0.028714,2e-06,0.057864,0.027574
4910,20,0.033585,0.000106,0.100655,0.06047
4911,20,0.036126,9.7e-05,0.108272,0.070288
4912,20,0.027837,0.000316,0.070247,0.003711
4913,20,0.01969,0.000297,0.054091,0.045471
4914,20,0.021009,0.000658,0.067094,0.037793
4915,20,0.016009,2e-06,0.061211,0.041899
4916,20,0.022535,2.6e-05,0.141247,0.008251
4917,20,0.027416,0.001926,0.063218,0.006756
4918,20,0.031126,0.000436,0.063926,0.00388
4919,20,0.024811,0.00022,0.079005,0.063575
4920,20,0.016129,0.000257,0.048097,0.000518
4921,20,0.034901,0.003032,0.060837,0.060837
4922,20,0.024281,0.000851,0.062886,0.047393
4923,20,0.019641,0.000383,0.065209,0.018832
4924,20,0.023765,0.0,0.053125,0.040451
4925,20,0.017073,0.000406,0.046009,0.007799
4926,20,0.017637,1e-06,0.037072,0.024326
4927,20,0.019672,0.001123,0.080263,0.008706
4928,20,0.02566,0.000146,0.085029,0.012939
4929,20,0.023592,0.000541,0.069906,0.000541
4930,20,0.023439,0.000111,0.093565,0.001145
4931,20,0.03222,0.000701,0.089269,0.026869
4932,20,0.037726,1.9e-05,0.337864,0.079347
4933,20,0.01615,8e-06,0.072955,0.029794
4934,20,0.030621,0.000357,0.092093,0.01068
4935,20,0.025812,0.0,0.097251,0.005496
4936,20,0.027524,4.9e-05,0.175274,0.000117
4937,20,0.021771,1.3e-05,0.080224,1.3e-05
4938,20,0.016871,1.5e-05,0.046192,1.5e-05
4939,20,0.027435,0.00014,0.077788,0.036999
4940,20,0.026646,0.000515,0.056783,0.000751
4941,20,0.011867,1.7e-05,0.048952,0.000418
4942,20,0.032039,6e-05,0.199243,0.02883
4943,20,0.02766,2e-05,0.188079,0.015202
4944,20,0.026307,1e-06,0.061757,0.017445
4945,20,0.024508,0.000215,0.065117,0.018921
4946,20,0.030761,0.000433,0.141707,0.141707
4947,20,0.023724,1e-06,0.057396,1e-06
4948,20,0.020299,2.7e-05,0.085851,0.023259
4949,20,0.026048,0.000774,0.087973,0.060179
4950,20,0.029631,1.6e-05,0.07648,0.009271
4951,20,0.033256,0.000415,0.067748,0.00717
4952,20,0.023864,0.000507,0.05759,0.036727
4953,20,0.030197,2.6e-05,0.102268,0.000145
4954,20,0.030211,9e-06,0.095552,0.002837
4955,20,0.023403,0.000533,0.061362,0.054139
4956,20,0.027773,0.000245,0.067143,0.000245
4957,20,0.025505,0.000127,0.096421,0.016921
4958,20,0.048814,0.00043,0.394344,0.002654
4959,20,0.031457,0.000709,0.066403,0.035
4960,20,0.031468,0.000927,0.123032,0.057238
4961,20,0.036544,0.001549,0.134018,0.029601
4962,20,0.025202,0.000621,0.089012,0.035745
4963,20,0.035398,0.000955,0.077653,0.05298
4964,20,0.023128,4.1e-05,0.053597,5.4e-05
4965,20,0.050863,7.2e-05,0.583832,0.026967
4966,20,0.023804,8.3e-05,0.088081,0.088081
4967,20,0.026442,0.000367,0.179884,0.019107
4968,20,0.021282,0.000571,0.06345,0.045304
4969,20,0.024976,0.000144,0.063232,0.011841
4970,20,0.019109,5.8e-05,0.067542,0.050049
4971,20,0.023408,0.000137,0.073614,0.00141
4972,20,0.016213,3e-05,0.0625,0.011899
4973,20,0.022766,8e-06,0.102961,0.073444
4974,20,0.027003,9.8e-05,0.068624,0.020516
4975,20,0.026945,0.000294,0.062043,0.012046
4976,20,0.022959,0.000754,0.074762,0.003032
4977,20,0.032404,0.003439,0.075085,0.043358
4978,20,0.055206,0.000752,0.236909,0.059231
4979,20,0.038701,0.000348,0.111213,0.074927
4980,20,0.02562,0.002423,0.061213,0.007273
4981,20,0.037041,0.000357,0.168626,0.001358
4982,20,0.016081,0.0,0.037516,0.037516
4983,20,0.02483,0.001254,0.077944,0.002533
4984,20,0.023946,0.000233,0.097562,0.001701
4985,20,0.027579,8.4e-05,0.067865,0.006969
4986,20,0.027397,0.003592,0.068976,0.011177
4987,20,0.031216,7.9e-05,0.128113,0.011055
4988,20,0.038701,0.001486,0.151606,0.019643
4989,20,0.029616,3.8e-05,0.164092,0.055632
4990,20,0.02969,6.3e-05,0.066377,6.3e-05
4991,20,0.027303,0.0,0.168757,0.046906
4992,20,0.029671,1e-06,0.179964,0.006521
4993,20,0.018276,2.7e-05,0.04825,0.028253
4994,20,0.021384,0.000119,0.050814,0.000119
4995,20,0.018336,0.0,0.155601,0.041216
4996,20,0.008437,1e-06,0.028558,0.017092
4997,20,0.037481,0.000411,0.365395,0.003323
4998,20,0.054043,0.000102,0.392887,0.392887
4999,20,0.029078,3e-06,0.121387,0.043051
5000,20,0.02369,0.000159,0.059506,0.009883
5001,20,0.029489,0.000421,0.069714,0.054544
5002,20,0.021191,0.000302,0.064463,0.000302
5003,20,0.029839,0.000239,0.080633,0.029986
5004,20,0.029573,6e-06,0.104798,0.002576
5005,20,0.017485,1e-05,0.053226,0.002131
5006,20,0.034718,0.000133,0.164448,0.023848
5007,20,0.029532,0.002174,0.083929,0.04899
5008,20,0.025041,0.000146,0.080297,0.02363
5009,20,0.02568,0.000169,0.152137,0.000169
5010,20,0.015966,0.000463,0.048338,0.011482
5011,20,0.019567,0.000822,0.056529,0.000822
5012,20,0.034854,4.6e-05,0.170563,0.025801
5013,20,0.01838,5.7e-05,0.11004,0.026438
5014,20,0.020381,0.000658,0.054659,0.040057
5015,20,0.023856,0.000167,0.073235,0.025953
5016,20,0.02574,0.000441,0.057793,0.00054
5017,20,0.033246,0.000298,0.174566,0.011366
5018,20,0.021448,0.000151,0.099366,0.009654
5019,20,0.024721,0.0,0.13682,2e-06
5020,20,0.028422,0.003888,0.063321,0.033958
5021,20,0.017323,0.0,0.079124,0.000454
5022,20,0.009986,0.0,0.054824,0.000764
5023,20,0.023516,0.000344,0.091362,0.001772
5024,20,0.00923,1.4e-05,0.047465,1.4e-05
5025,20,0.024732,0.000771,0.078076,0.003809
5026,20,0.022245,2.2e-05,0.077673,0.075826
5027,20,0.017277,0.000154,0.085566,0.001527
5028,20,0.075598,0.0,0.518395,0.051249
5029,20,0.017436,5.8e-05,0.063766,0.040916
5030,20,0.02503,0.000203,0.0796,0.051489
5031,20,0.033101,0.000603,0.138927,0.011873
5032,20,0.034164,0.001209,0.095539,0.056213
5033,20,0.025441,1.3e-05,0.096263,0.022164
5034,20,0.029844,6e-05,0.207458,0.014542
5035,20,0.024703,0.000565,0.164356,0.011473
5036,20,0.027904,0.000437,0.141431,0.005234
5037,20,0.036439,0.000121,0.156572,0.000606
5038,20,0.020373,0.00013,0.070114,0.034002
5039,20,0.031303,0.000236,0.071086,0.066015
5040,20,0.025797,0.000703,0.066107,0.000703
5041,20,0.023225,0.000379,0.147213,0.002497
5042,20,0.027638,0.0,0.127901,0.03064
5043,20,0.03954,0.000723,0.16486,0.05215
5044,20,0.029439,0.000194,0.135789,0.042859
5045,20,0.025363,2.4e-05,0.073339,0.067143
5046,20,0.022691,5.9e-05,0.085526,0.018497
5047,20,0.025473,6.1e-05,0.084336,0.004627
5048,20,0.029951,7e-06,0.063986,7e-06
5049,20,0.014594,0.000295,0.046244,0.008882
5050,20,0.020123,0.000156,0.061576,0.029916
5051,20,0.03079,9.7e-05,0.075528,0.00796
5052,20,0.01812,3.3e-05,0.060922,0.01576
5053,20,0.020997,0.0,0.084941,0.001039
5054,20,0.019381,0.000147,0.087864,0.032386
5055,20,0.0302,0.000422,0.187546,0.028792
5056,20,0.03062,2.3e-05,0.073584,2.3e-05
5057,20,0.018305,9e-06,0.08942,9e-06
5058,20,0.036012,0.000744,0.141596,0.000744
5059,20,0.031216,0.002415,0.086488,0.024821
5060,20,0.020192,0.000132,0.089595,0.03615
5061,20,0.013524,9e-05,0.045154,0.016194
5062,20,0.026796,0.000168,0.069853,0.069853
5063,20,0.024228,0.000321,0.071893,0.014925
5064,20,0.02052,0.000874,0.064979,0.039134
5065,20,0.025377,2.5e-05,0.072624,2.5e-05
5066,20,0.013508,3.6e-05,0.061722,0.000295
5067,20,0.027763,0.001821,0.064334,0.006496
5068,20,0.026811,0.003101,0.068086,0.04236
5069,20,0.022827,0.000168,0.063176,0.041916
5070,20,0.018795,1e-05,0.068988,0.006521
5071,20,0.02032,0.000575,0.047281,0.03273
5072,20,0.018038,3.9e-05,0.087761,0.015621
5073,20,0.027344,0.001264,0.054788,0.016685
5074,20,0.025515,0.000577,0.057276,0.042546
5075,20,0.022404,0.000445,0.094999,0.005546
5076,20,0.01818,0.000263,0.055337,0.006189
5077,20,0.02307,0.000563,0.0854,0.006217
5078,20,0.026954,0.001354,0.062734,0.023889
5079,20,0.031878,0.000183,0.098778,0.076579
5080,20,0.015369,9e-05,0.042273,0.008113
5081,20,0.024762,7.2e-05,0.06671,0.044088
5082,20,0.023655,0.000135,0.076354,0.000135
5083,20,0.018741,3e-06,0.082024,0.003576
5084,20,0.025304,0.000367,0.070977,0.035576
5085,20,0.022388,0.000206,0.063561,0.019418
5086,20,0.034542,0.000169,0.13339,0.019776
5087,20,0.025556,5.7e-05,0.082456,0.003155
5088,20,0.024756,0.000399,0.07993,0.042864
5089,20,0.027703,0.0,0.07175,0.0
5090,20,0.030004,9.5e-05,0.075949,0.06207
5091,20,0.026655,2.3e-05,0.075338,0.032891
5092,20,0.012636,2.8e-05,0.043481,0.00278
5093,20,0.043363,0.000636,0.228496,0.006825
5094,20,0.037142,0.001872,0.130876,0.014454
5095,20,0.027967,0.000388,0.145894,0.004918
5096,20,0.034392,0.00446,0.087396,0.006694
5097,20,0.020675,0.0,0.070262,0.002219
5098,20,0.028224,4.2e-05,0.062691,0.010021
5099,20,0.017687,2e-06,0.056995,0.002162
5100,20,0.017498,1.1e-05,0.0405,0.000167
5101,20,0.030366,0.000389,0.128012,0.000389
5102,20,0.030474,0.000292,0.085742,0.007778
5103,20,0.02642,0.001341,0.142236,0.057062
5104,20,0.029724,3e-06,0.13718,0.00034
5105,20,0.012896,1.5e-05,0.044912,1.5e-05
5106,20,0.013144,0.0,0.050989,0.02076
5107,20,0.026875,0.000148,0.087546,0.022072
5108,20,0.058912,8.9e-05,0.350283,0.027849
5109,20,0.032415,0.001059,0.090438,0.026585
5110,20,0.04599,0.000273,0.417181,0.045729
5111,20,0.017627,5e-06,0.052643,0.00151
5112,20,0.027622,0.000506,0.081038,0.001069
5113,20,0.023061,0.000163,0.068834,0.015264
5114,20,0.02715,0.000334,0.080643,0.021171
5115,20,0.019939,0.000205,0.083945,0.001694
5116,20,0.023598,0.000111,0.152396,0.000208
5117,20,0.018451,0.000168,0.058107,0.028039
5118,20,0.022093,0.0,0.094513,0.008222
5119,20,0.026889,2.4e-05,0.185638,0.006272
5120,20,0.028428,0.000113,0.087309,0.020776
5121,20,0.023516,0.000435,0.056242,0.002438
5122,20,0.022666,0.000329,0.064053,0.008519
5123,20,0.01981,7e-06,0.089071,9.2e-05
5124,20,0.024944,1e-06,0.081278,0.011112
5125,20,0.021849,0.000334,0.070282,0.070282
5126,20,0.021075,0.000198,0.08903,0.0008
5127,20,0.017629,9.1e-05,0.06567,0.021843
5128,20,0.015355,7.8e-05,0.114182,0.017143
5129,20,0.022815,5.2e-05,0.08551,0.032519
5130,20,0.033013,7.7e-05,0.134496,0.040528
5131,20,0.044552,9.1e-05,0.296286,0.032729
5132,20,0.027173,0.000201,0.081953,0.007636
5133,20,0.023293,0.000393,0.070088,0.070088
5134,20,0.017858,0.000215,0.062355,0.000287
5135,20,0.036372,0.001725,0.196039,0.060765
5136,20,0.020977,0.0,0.054778,0.012442
5137,20,0.014941,2.6e-05,0.103793,0.103793
5138,20,0.028318,6e-06,0.084337,0.030176
5139,20,0.0189,0.0,0.079606,0.003002
5140,20,0.036687,3.2e-05,0.106694,0.002436
5141,20,0.017624,0.000435,0.0552,0.001316
5142,20,0.027115,6.5e-05,0.138506,0.04677
5143,20,0.027504,6e-06,0.172544,0.006695
5144,20,0.024022,0.000329,0.067515,0.016647
5145,20,0.031114,0.000964,0.107211,0.059715
5146,20,0.021585,0.000832,0.055921,0.01765
5147,20,0.024954,0.0,0.090977,0.090977
5148,20,0.025075,3.2e-05,0.081046,0.013567
5149,20,0.028284,0.001102,0.148412,0.048893
5150,20,0.025605,0.000655,0.066846,0.042462
5151,20,0.018006,5.4e-05,0.089096,0.027836
5152,20,0.023941,0.000149,0.097174,0.018448
5153,20,0.021226,0.000754,0.064281,0.049484
5154,20,0.032602,1.1e-05,0.079438,0.035382
5155,20,0.019909,0.000349,0.07897,0.026962
5156,20,0.0279,0.000804,0.061251,0.000804
5157,20,0.022484,0.000619,0.153151,0.011019
5158,20,0.023904,1.7e-05,0.089597,0.066424
5159,20,0.02258,1e-06,0.05964,1e-06
5160,20,0.036011,6.3e-05,0.167581,0.068188
5161,20,0.031017,0.000839,0.087264,0.042652
5162,20,0.022875,5.5e-05,0.079884,0.000104
5163,20,0.01883,0.000389,0.072635,0.013101
5164,20,0.020566,0.000609,0.056408,0.004206
5165,20,0.030977,0.004543,0.079501,0.017229
5166,20,0.031867,8.9e-05,0.097457,0.008427
5167,20,0.023183,5.6e-05,0.075459,0.007738
5168,20,0.025833,0.000308,0.085334,0.021713
5169,20,0.036228,0.001532,0.125494,0.05123
5170,20,0.031708,4e-06,0.137159,0.137159
5171,20,0.023747,0.000355,0.052453,0.022426
5172,20,0.030737,0.000127,0.171299,0.029245
5173,20,0.026694,2.1e-05,0.138512,0.031088
5174,20,0.029988,0.001281,0.077492,0.025286
5175,20,0.027147,4e-06,0.174351,0.005088
5176,20,0.024579,0.000254,0.103664,0.007077
5177,20,0.01876,0.000378,0.053069,0.033882
5178,20,0.023022,0.000142,0.088494,0.030195
5179,20,0.029932,0.000865,0.069443,0.060696
5180,20,0.027224,0.001785,0.067017,0.067017
5181,20,0.027422,0.000186,0.074002,0.013396
5182,20,0.013367,0.0,0.040969,0.015311
5183,20,0.046134,2.6e-05,0.39952,0.007519
5184,20,0.026417,0.000639,0.068847,0.01239
5185,20,0.030699,5.7e-05,0.144664,0.00095
5186,20,0.034015,2.7e-05,0.080282,0.062733
5187,20,0.03167,0.001963,0.063792,0.052301
5188,20,0.018021,1.7e-05,0.05329,0.009042
5189,20,0.045047,0.00114,0.169222,0.05135
5190,20,0.023521,0.00024,0.067642,0.025834
5191,20,0.019442,1.3e-05,0.078661,0.015873
5192,20,0.033447,0.000986,0.071257,0.037773
5193,20,0.027693,1e-06,0.080886,0.03822
5194,20,0.01643,0.000111,0.093511,0.001891
5195,20,0.017303,1e-06,0.087725,0.009338
5196,20,0.023973,0.000307,0.150469,0.01861
5197,20,0.029186,0.000522,0.068668,0.033139
5198,20,0.020367,2.4e-05,0.047736,0.027174
5199,20,0.059235,0.001574,0.49292,0.059202
5200,20,0.026775,0.001941,0.063047,0.032329
5201,20,0.027071,1.2e-05,0.071119,0.051669
5202,20,0.025883,0.0016,0.05799,0.033564
5203,20,0.01951,2.3e-05,0.066406,0.02536
5204,20,0.016811,2.2e-05,0.080714,0.000864
5205,20,0.018012,2.2e-05,0.0735,0.000128
5206,20,0.018111,0.0,0.069457,0.001119
5207,20,0.030142,2e-06,0.090176,0.00554
5208,20,0.019821,0.000176,0.056959,0.034817
5209,20,0.0197,1.2e-05,0.05618,0.050849
5210,20,0.026929,0.000118,0.077221,0.031857
5211,20,0.025256,0.00113,0.080336,0.080336
5212,20,0.025776,0.0,0.079026,0.042176
5213,20,0.013793,0.000281,0.043836,0.013291
5214,20,0.026992,7.7e-05,0.080429,0.001182
5215,20,0.033282,2.7e-05,0.065522,0.004728
5216,20,0.029436,0.002021,0.069726,0.007155
5217,20,0.036043,0.002614,0.072067,0.00431
5218,20,0.017775,0.0001,0.051489,0.012934
5219,20,0.032718,8.2e-05,0.177406,0.00921
5220,20,0.027169,0.000206,0.080511,0.047289
5221,20,0.032877,0.000765,0.069347,0.000765
5222,20,0.032055,0.000591,0.074407,0.014462
5223,20,0.022509,0.000759,0.062825,0.036408
5224,20,0.022335,0.000882,0.073097,0.073097
5225,20,0.021892,3e-06,0.069727,0.002126
5226,20,0.024206,5.9e-05,0.08722,0.024165
5227,20,0.024266,7.9e-05,0.197874,0.021298
5228,20,0.030136,0.000496,0.152646,0.0449
5229,20,0.019603,0.001869,0.047737,0.001869
5230,20,0.0238,0.000723,0.063163,0.003979
5231,20,0.02399,2.1e-05,0.064231,0.004852
5232,20,0.03602,0.000543,0.188372,0.040411
5233,20,0.021855,0.000118,0.140457,0.022688
5234,20,0.014682,0.000354,0.051758,0.030855
5235,20,0.010156,2.4e-05,0.045086,0.00023
5236,20,0.027266,0.000366,0.085424,0.006121
5237,20,0.016898,1e-06,0.043008,0.025888
5238,20,0.061612,0.000566,0.538116,0.005482
5239,20,0.028528,0.000265,0.175046,0.175046
5240,20,0.026571,0.000405,0.085267,0.002974
5241,20,0.015593,6e-06,0.06154,0.001308
5242,20,0.021274,9e-06,0.086334,0.037938
5243,20,0.043521,0.000394,0.437676,0.060269
5244,20,0.026208,6.6e-05,0.060848,0.020155
5245,20,0.032624,1.4e-05,0.165475,0.05476
5246,20,0.027492,2e-06,0.18416,0.002607
5247,20,0.024757,0.001961,0.061691,0.028238
5248,20,0.02425,0.000388,0.064153,0.020807
5249,20,0.057857,0.00045,0.542557,0.056546
5250,20,0.04198,4e-06,0.160107,0.067861
5251,20,0.016594,0.0,0.053827,0.003621
5252,20,0.020545,0.001222,0.085785,0.010472
5253,20,0.023141,9e-06,0.072569,0.002347
5254,20,0.016317,0.000408,0.086381,0.001243
5255,20,0.030653,7.1e-05,0.141814,0.044832
5256,20,0.028926,0.002075,0.066964,0.046969
5257,20,0.026336,0.000401,0.056456,0.055851
5258,20,0.02422,3.2e-05,0.074447,0.032108
5259,20,0.018718,0.000113,0.064523,0.032337
5260,20,0.010965,7.9e-05,0.040912,0.001378
5261,20,0.023082,2e-06,0.068496,0.028299
5262,20,0.017485,0.000153,0.069048,0.000153
5263,20,0.027066,0.00029,0.073148,0.026811
5264,20,0.021574,0.001022,0.070992,0.04831
5265,20,0.020138,0.000853,0.054274,0.001397
5266,20,0.019556,0.000343,0.063848,0.053082
5267,20,0.030524,0.000709,0.117676,0.001926
5268,20,0.024228,1.7e-05,0.061444,0.012898
5269,20,0.025617,4e-06,0.095866,0.01637
5270,20,0.016125,0.000166,0.06609,0.00067
5271,20,0.025527,0.000248,0.090323,0.033412
5272,20,0.02487,5.7e-05,0.079075,0.020627
5273,20,0.02288,0.000124,0.10678,0.018061
5274,20,0.022589,3.7e-05,0.095307,0.095307
5275,20,0.026434,0.002237,0.083368,0.041088
5276,20,0.036442,7.2e-05,0.1555,0.033836
5277,20,0.016252,0.000465,0.067999,0.004322
5278,20,0.019243,2.3e-05,0.078555,0.044381
5279,20,0.033979,0.000987,0.100226,0.034755
5280,20,0.01894,3e-06,0.083296,0.000464
5281,20,0.039455,0.001134,0.13038,0.011001
5282,20,0.01564,2.4e-05,0.039648,0.014851
5283,20,0.030191,0.00021,0.076756,0.001761
5284,20,0.024385,1.1e-05,0.089435,0.043505
5285,20,0.019854,0.00135,0.06104,0.00168
5286,20,0.021874,9e-06,0.067117,0.00101
5287,20,0.029481,2e-06,0.132468,0.051851
5288,20,0.020832,3e-05,0.071468,0.00671
5289,20,0.022496,0.000146,0.075399,0.032633
5290,20,0.029257,0.000138,0.1001,0.005436
5291,20,0.033797,6.2e-05,0.168505,0.015262
5292,20,0.032083,6e-06,0.126015,6e-06
5293,20,0.037527,1.5e-05,0.067473,0.030015
5294,20,0.024271,0.001013,0.061387,0.040006
5295,20,0.028228,1e-06,0.108001,0.00779
5296,20,0.029156,3.4e-05,0.069642,0.009452
5297,20,0.02329,0.000556,0.065428,0.021611
5298,20,0.031235,0.000226,0.167281,0.040619
5299,20,0.027425,0.000166,0.058551,0.053311
5300,20,0.033,7e-06,0.173918,0.045575
5301,20,0.021622,1e-06,0.073862,0.009026
5302,20,0.031935,0.000558,0.077497,0.057292
5303,20,0.022906,3e-06,0.074699,0.06262
5304,20,0.01922,7e-05,0.060888,0.000397
5305,20,0.018473,0.00013,0.087917,0.087917
5306,20,0.019324,0.000214,0.042219,0.003212
5307,20,0.020789,0.0,0.06202,0.000501
5308,20,0.02759,8e-05,0.098717,0.07488
5309,20,0.018278,7e-06,0.056745,7e-06
5310,20,0.028278,0.000214,0.078785,0.048223
5311,20,0.025749,0.000245,0.059359,0.008958
5312,20,0.025435,9e-06,0.07516,0.019017
5313,20,0.029872,0.002188,0.100405,0.048268
5314,20,0.037606,0.001205,0.291085,0.022362
5315,20,0.035277,0.002296,0.074111,0.002296
5316,20,0.020942,0.001619,0.066667,0.016165
5317,20,0.030556,0.001496,0.144726,0.144726
5318,20,0.022715,0.000206,0.054235,0.008305
5319,20,0.029772,3e-06,0.086992,0.028269
5320,20,0.02269,7.4e-05,0.07526,0.002106
5321,20,0.019903,0.001583,0.06539,0.00328
5322,20,0.024316,0.003157,0.057664,0.021316
5323,20,0.021631,0.001615,0.070489,0.002333
5324,20,0.043018,0.000698,0.162441,0.028831
5325,20,0.022314,0.000205,0.122953,0.039087
5326,20,0.027058,0.000147,0.063395,0.006263
5327,20,0.020459,0.001306,0.057795,0.005325
5328,20,0.020762,0.000378,0.047851,0.005949
5329,20,0.024075,0.0,0.065908,0.036679
5330,20,0.022368,4.5e-05,0.082271,0.051784
5331,20,0.021798,4.2e-05,0.065959,0.007225
5332,20,0.019775,7.4e-05,0.065195,0.005269
5333,20,0.039237,0.001438,0.158655,0.013466
5334,20,0.021576,0.000372,0.049834,0.000372
5335,20,0.024586,0.000312,0.073494,0.002922
5336,20,0.021068,7e-05,0.055786,0.017844
5337,20,0.026307,0.001016,0.080345,0.009146
5338,20,0.026331,0.000144,0.12665,0.012847
5339,20,0.028014,0.000162,0.063615,0.010169
5340,20,0.019458,0.000134,0.063691,0.063691
5341,20,0.027715,0.000158,0.05992,0.044774
5342,20,0.025728,7.7e-05,0.084702,0.058671
5343,20,0.028094,0.000183,0.075284,0.036897
5344,20,0.019396,8.2e-05,0.063262,0.040821
5345,20,0.028914,0.000568,0.144235,0.047699
5346,20,0.051568,0.0,0.521678,0.042481
5347,20,0.027852,0.000216,0.065759,0.064794
5348,20,0.021178,7e-06,0.07656,0.06766
5349,20,0.018748,1e-06,0.071573,0.071573
5350,20,0.052171,0.000157,0.518555,0.002218
5351,20,0.015506,2.6e-05,0.058449,0.016011
5352,20,0.031434,0.001357,0.133722,0.008553
5353,20,0.027855,5.7e-05,0.065313,0.03364
5354,20,0.027623,0.000459,0.072538,0.036587
5355,20,0.024383,0.000105,0.073066,0.000105
5356,20,0.03307,0.003412,0.075251,0.033316
5357,20,0.019306,2.4e-05,0.074497,0.059965
5358,20,0.031428,0.004972,0.10134,0.025948
5359,20,0.022925,2.5e-05,0.078231,0.016568
5360,20,0.038437,8.7e-05,0.068557,0.068557
5361,20,0.016873,5.3e-05,0.05781,0.010881
5362,20,0.047067,0.000394,0.439494,0.049794
5363,20,0.026569,0.000493,0.137477,0.045281
5364,20,0.017243,0.000383,0.067663,0.056493
5365,20,0.018089,0.001489,0.054195,0.025835
5366,20,0.019795,0.000436,0.095764,0.001032
5367,20,0.031243,3e-05,0.176619,0.046483
5368,20,0.030975,2.4e-05,0.075816,0.046391
5369,20,0.018589,0.000103,0.076454,0.041624
5370,20,0.027961,0.000262,0.161139,0.00243
5371,20,0.028983,0.000545,0.163858,0.163858
5372,20,0.036243,0.000904,0.064655,0.030724
5373,20,0.028203,0.001888,0.07243,0.003771
5374,20,0.016617,1e-06,0.044413,0.031775
5375,20,0.022428,0.001779,0.076996,0.004895
5376,20,0.021331,0.000244,0.050064,0.031952
5377,20,0.01512,3.2e-05,0.030232,3.3e-05
5378,20,0.027676,9e-06,0.103351,0.026667
5379,20,0.040216,0.000191,0.14779,0.14779
5380,20,0.031616,0.000365,0.070906,0.063806
5381,20,0.026992,0.00033,0.046916,0.031167
5382,20,0.028913,0.005104,0.080908,0.022452
5383,20,0.0238,0.0,0.081585,0.043109
5384,20,0.018823,0.0,0.067731,0.01251
5385,20,0.026139,4.6e-05,0.083643,0.000844
5386,20,0.012493,3.4e-05,0.061873,0.003467
5387,20,0.052199,0.002167,0.265305,0.032737
5388,20,0.02593,0.000366,0.072755,0.024506
5389,20,0.025964,2e-05,0.078442,0.036858
5390,20,0.024002,3.4e-05,0.170346,0.010659
5391,20,0.022512,0.00031,0.080764,0.001245
5392,20,0.023793,8e-06,0.071792,0.015689
5393,20,0.030577,0.001928,0.096078,0.010796
5394,20,0.033742,0.000177,0.088664,0.050228
5395,20,0.031558,1e-06,0.069132,0.067159
5396,20,0.022097,2.9e-05,0.064327,0.064327
5397,20,0.022907,0.000215,0.076996,0.060871
5398,20,0.028339,0.003714,0.059779,0.056385
5399,20,0.017779,2e-06,0.047421,0.033565
5400,20,0.026432,0.000153,0.090505,0.026566
5401,20,0.018606,1.7e-05,0.071787,0.010697
5402,20,0.025103,0.0,0.069203,1.5e-05
5403,20,0.062331,2e-05,0.724065,0.000316
5404,20,0.021774,1.3e-05,0.057199,1.4e-05
5405,20,0.031354,0.000198,0.085155,0.034672
5406,20,0.029098,0.000108,0.072823,0.003597
5407,20,0.024987,0.000158,0.065304,0.007934
5408,20,0.02407,0.000192,0.070387,0.014611
5409,20,0.047097,0.000914,0.480054,0.039913
5410,20,0.033501,1.5e-05,0.097672,0.065419
5411,20,0.026628,6.6e-05,0.067839,0.018932
5412,20,0.021978,4.4e-05,0.058138,0.004405
5413,20,0.021575,1e-06,0.106254,0.089385
5414,20,0.034016,6.5e-05,0.175117,0.029426
5415,20,0.031403,0.000324,0.071666,0.038098
5416,20,0.017095,2e-06,0.065496,0.004422
5417,20,0.02551,0.001206,0.060094,0.016322
5418,20,0.025306,0.000325,0.080968,0.00047
5419,20,0.020181,1e-06,0.084235,0.011853
5420,20,0.037517,0.00011,0.184697,0.033033
5421,20,0.026666,4.6e-05,0.070509,0.006021
5422,20,0.033578,0.000961,0.106419,0.004861
5423,20,0.036239,0.00013,0.103656,0.065796
5424,20,0.023528,0.001137,0.070428,0.001137
5425,20,0.031409,0.00052,0.126326,0.00483
5426,20,0.044224,0.000188,0.381393,0.037827
5427,20,0.027531,5e-05,0.101163,0.00013
5428,20,0.031955,7.5e-05,0.170886,0.017082
5429,20,0.023501,0.002173,0.04602,0.024112
5430,20,0.033477,0.00157,0.08632,0.017639
5431,20,0.040488,2.1e-05,0.360577,0.02682
5432,20,0.032422,0.00101,0.125655,0.046604
5433,20,0.022456,1.5e-05,0.058995,0.008658
5434,20,0.026072,0.003783,0.058901,0.032012
5435,20,0.028733,0.000705,0.070521,0.04283
5436,20,0.0178,2.2e-05,0.069435,0.02227
5437,20,0.016429,5.1e-05,0.061595,0.048755
5438,20,0.019685,0.000449,0.115605,0.015992
5439,20,0.025703,0.00025,0.175727,0.009391
5440,20,0.021593,7e-06,0.085788,0.034923
5441,20,0.020089,7.3e-05,0.061011,0.001475
5442,20,0.031775,7e-06,0.077305,0.073096
5443,20,0.030068,6.7e-05,0.092925,0.005999
5444,20,0.021584,0.00078,0.052955,0.012433
5445,20,0.021493,4e-06,0.168175,0.003504
5446,20,0.027587,0.000341,0.077799,0.077799
5447,20,0.022404,0.000337,0.068745,0.055036
5448,20,0.026704,5.1e-05,0.079059,6.1e-05
5449,20,0.031642,2.9e-05,0.079026,0.00197
5450,20,0.028292,0.000617,0.059563,0.000617
5451,20,0.019034,7.1e-05,0.100752,0.018845
5452,20,0.035996,0.000857,0.091057,0.03266
5453,20,0.023816,0.000165,0.123664,0.067753
5454,20,0.031912,0.000878,0.065703,0.065703
5455,20,0.026953,7e-05,0.063856,0.009059
5456,20,0.020689,7.6e-05,0.08686,0.004972
5457,20,0.018178,7.9e-05,0.103281,0.01473
5458,20,0.029349,3e-05,0.067397,0.033587
5459,20,0.021148,0.000743,0.069513,0.035702
5460,20,0.019675,0.000353,0.052577,0.021404
5461,20,0.028335,7e-06,0.163668,0.163668
5462,20,0.030152,0.000588,0.066003,0.042084
5463,20,0.027419,0.000329,0.0725,0.026089
5464,20,0.029469,0.000229,0.15674,0.033631
5465,20,0.019788,8.9e-05,0.064194,0.001188
5466,20,0.029939,0.000805,0.081169,0.02036
5467,20,0.044211,0.000545,0.407823,0.061386
5468,20,0.03251,1.8e-05,0.113601,0.089635
5469,20,0.019207,0.001696,0.106521,0.012335
5470,20,0.017401,0.001225,0.062611,0.003549
5471,20,0.03674,0.00074,0.144804,0.03187
5472,20,0.029161,0.001046,0.090278,0.031688
5473,20,0.024322,0.001258,0.067346,0.067346
5474,20,0.024606,0.000727,0.070068,0.008245
5475,20,0.052879,0.000242,0.555277,0.0085
5476,20,0.026737,0.000138,0.116274,0.010229
5477,20,0.021231,4.6e-05,0.086939,0.020101
5478,20,0.02288,3e-06,0.084831,0.004858
5479,20,0.035728,0.000134,0.148272,0.010724
5480,20,0.01553,0.000119,0.061311,0.007707
5481,20,0.032806,0.000178,0.18219,0.058761
5482,20,0.019953,1.1e-05,0.082333,0.012403
5483,20,0.018841,1.1e-05,0.051296,0.016756
5484,20,0.025149,0.001607,0.076475,0.002091
5485,20,0.019745,6e-06,0.100144,0.005254
5486,20,0.018761,0.000233,0.047792,0.004254
5487,20,0.019486,1e-05,0.047764,0.047764
5488,20,0.029239,0.000846,0.068395,0.068395
5489,20,0.034452,0.000537,0.165726,0.026274
5490,20,0.019671,2.4e-05,0.092295,2.4e-05
5491,20,0.057111,0.000302,0.443624,0.053076
5492,20,0.021433,0.000752,0.069982,0.013348
5493,20,0.018441,0.000853,0.055828,0.002837
5494,20,0.022759,0.001052,0.05041,0.043306
5495,20,0.01505,1.4e-05,0.065497,0.001853
5496,20,0.027452,2.6e-05,0.05601,0.019377
5497,20,0.016338,0.000309,0.038667,0.023083
5498,20,0.021478,0.000698,0.069157,0.060788
5499,20,0.018379,0.000469,0.068573,0.043747
5500,20,0.02234,9.6e-05,0.071045,0.000509
5501,20,0.017136,0.000597,0.037234,0.018571
5502,20,0.014138,1.7e-05,0.05319,0.000432
5503,20,0.028793,0.000116,0.065937,0.000116
5504,20,0.020023,1e-06,0.07919,0.007696
5505,20,0.03632,0.000192,0.303212,0.303212
5506,20,0.04947,5e-06,0.472958,0.009197
5507,20,0.020641,0.0001,0.070691,0.001284
5508,20,0.020472,0.000125,0.068145,0.010932
5509,20,0.017622,8e-06,0.062119,0.054839
5510,20,0.024153,1e-05,0.092468,0.062764
5511,20,0.028832,1.3e-05,0.116232,1.3e-05
5512,20,0.030304,8e-06,0.069389,0.058791
5513,20,0.033969,0.000293,0.106327,0.073817
5514,20,0.031453,0.000263,0.070376,0.029352
5515,20,0.020679,2.6e-05,0.069323,0.024768
5516,20,0.031471,6e-05,0.094654,0.001789
5517,20,0.015566,0.00021,0.06458,0.002242
5518,20,0.020305,0.000135,0.089881,0.004089
5519,20,0.022016,0.0,0.080077,0.026619
5520,20,0.017662,5e-05,0.067828,0.004743
5521,20,0.020758,2.3e-05,0.061899,0.029306
5522,20,0.021224,0.00018,0.079134,0.016963
5523,20,0.019632,0.000622,0.043471,0.02648
5524,20,0.021621,2.2e-05,0.097071,0.034351
5525,20,0.02703,5.8e-05,0.095388,0.032896
5526,20,0.022193,0.000169,0.081122,0.000169
5527,20,0.018659,8.4e-05,0.091943,0.000365
5528,20,0.021525,5.5e-05,0.136133,0.00203
5529,20,0.023427,2.3e-05,0.074782,0.041338
5530,20,0.022357,2.9e-05,0.06875,0.002998
5531,20,0.022546,0.000446,0.190248,0.000446
5532,20,0.024786,0.000103,0.073079,0.023266
5533,20,0.030281,0.000594,0.101202,0.014615
5534,20,0.03257,5e-06,0.155588,5e-06
5535,20,0.021938,2e-06,0.076014,0.022072
5536,20,0.031632,0.003502,0.116454,0.018096
5537,20,0.022041,3.4e-05,0.081266,0.056141
5538,20,0.030458,0.00013,0.132085,0.002243
5539,20,0.025467,0.000608,0.077608,0.042866
5540,20,0.030452,2e-06,0.16443,0.000483
5541,20,0.019546,0.000377,0.081471,0.029838
5542,20,0.025549,0.000448,0.062273,0.020868
5543,20,0.023562,0.000101,0.067061,0.035333
5544,20,0.039656,0.000489,0.169509,0.035298
5545,20,0.034665,0.000985,0.070741,0.058462
5546,20,0.038209,0.001243,0.070489,0.04684
5547,20,0.029137,0.00061,0.138868,0.004998
5548,20,0.017349,0.000143,0.069564,0.017958
5549,20,0.025899,0.000891,0.059089,0.016408
5550,20,0.024994,0.000704,0.063942,0.001178
5551,20,0.017976,3.3e-05,0.056537,0.006791
5552,20,0.019538,0.000807,0.050547,0.005532
5553,20,0.02608,0.00076,0.062806,0.012209
5554,20,0.018844,5.7e-05,0.078493,0.002558
5555,20,0.022608,9.1e-05,0.089984,0.013306
5556,20,0.03061,2e-06,0.089694,0.067886
5557,20,0.020716,0.001833,0.121103,0.003823
5558,20,0.040165,0.000381,0.322687,0.00619
5559,20,0.017594,0.000814,0.053192,0.012136
5560,20,0.026565,0.001374,0.053745,0.022773
5561,20,0.036532,0.000445,0.17507,0.17507
5562,20,0.032253,0.000675,0.069267,0.057996
5563,20,0.026159,0.00031,0.071948,0.040332
5564,20,0.021139,9.9e-05,0.069876,0.00779
5565,20,0.043869,0.0,0.550182,0.007961
5566,20,0.024446,0.00015,0.073203,0.027084
5567,20,0.018627,0.000146,0.073588,0.016447
5568,20,0.013015,0.000129,0.039264,0.000154
5569,20,0.018771,1.5e-05,0.082117,0.017796
5570,20,0.020062,1e-05,0.123525,0.003778
5571,20,0.03461,1e-06,0.080189,0.002267
5572,20,0.027732,0.000142,0.069964,0.0633
5573,20,0.02352,0.0001,0.079056,0.059377
5574,20,0.028282,0.000343,0.164667,0.015817
5575,20,0.022472,2.2e-05,0.057237,0.043835
5576,20,0.038866,0.000678,0.147936,0.03514
5577,20,0.029653,5e-06,0.177789,0.018499
5578,20,0.021068,0.000179,0.058537,0.000179
5579,20,0.03855,0.000127,0.179201,0.012245
5580,20,0.023063,0.001242,0.060642,0.027322
5581,20,0.037454,0.003256,0.161867,0.029464
5582,20,0.021839,2.6e-05,0.073448,0.015464
5583,20,0.02643,3.2e-05,0.077882,0.002213
5584,20,0.034082,0.000192,0.132386,0.000466
5585,20,0.028556,1.8e-05,0.077822,0.000403
5586,20,0.018243,1e-06,0.055298,0.006806
5587,20,0.020393,0.000872,0.051401,0.004411
5588,20,0.029673,9.1e-05,0.075775,0.001373
5589,20,0.027717,0.000111,0.130774,0.000111
5590,20,0.016405,1e-06,0.093774,0.000454
5591,20,0.018553,6.7e-05,0.05809,0.003328
5592,20,0.020853,7.6e-05,0.056835,0.0024
5593,20,0.024836,0.000753,0.070149,0.049631
5594,20,0.021302,3e-05,0.085872,0.003143
5595,20,0.020499,0.000208,0.080267,0.0014
5596,20,0.0229,3e-05,0.095925,0.024285
5597,20,0.027586,1e-06,0.078746,0.012331
5598,20,0.025788,0.000189,0.066536,0.066536
5599,20,0.022449,4.1e-05,0.103548,0.103548
5600,20,0.025314,2e-06,0.072309,0.028927
5601,20,0.019066,8.2e-05,0.047446,0.000117
5602,20,0.023577,4.5e-05,0.080282,0.001166
5603,20,0.014988,2.6e-05,0.040258,0.025974
5604,20,0.028817,3.5e-05,0.085097,0.009469
5605,20,0.018619,1.7e-05,0.064758,0.002326
5606,20,0.027089,3e-06,0.188782,0.008581
5607,20,0.022145,2e-06,0.08438,4.4e-05
5608,20,0.018634,0.000219,0.071369,0.029059
5609,20,0.018176,2.1e-05,0.058621,0.008087
5610,20,0.024529,1.9e-05,0.097306,0.038944
5611,20,0.027614,0.000344,0.163297,0.03113
5612,20,0.025044,0.001791,0.079771,0.001791
5613,20,0.020471,3e-06,0.076354,0.034525
5614,20,0.032248,8.1e-05,0.07339,0.054371
5615,20,0.027701,3.7e-05,0.073552,0.023751
5616,20,0.020946,7e-06,0.098794,0.027515
5617,20,0.028053,0.001748,0.08189,0.045525
5618,20,0.023874,0.001548,0.06534,0.003847
5619,20,0.017689,0.001511,0.06066,0.037695
5620,20,0.026521,0.0,0.082211,0.004682
5621,20,0.030674,1e-05,0.165975,0.00055
5622,20,0.023658,4.9e-05,0.053866,0.05018
5623,20,0.027736,0.001098,0.066115,0.058054
5624,20,0.033666,7e-06,0.072849,0.006865
5625,20,0.046112,0.000911,0.297604,0.001884
5626,20,0.026133,0.000495,0.0729,0.034253
5627,20,0.035397,0.000236,0.168509,0.001935
5628,20,0.022527,0.001122,0.053873,0.012332
5629,20,0.026065,4.5e-05,0.108951,0.018623
5630,20,0.014962,0.0,0.047503,0.01051
5631,20,0.020132,0.000802,0.079262,0.026375
5632,20,0.017261,0.000323,0.066585,0.005175
5633,20,0.023548,0.000509,0.076122,0.004802
5634,20,0.024202,4e-06,0.060681,0.031079
5635,20,0.017545,0.00037,0.090249,0.053184
5636,20,0.017352,0.000252,0.077113,0.023886
5637,20,0.024404,8.1e-05,0.177566,0.042027
5638,20,0.024526,2.1e-05,0.062986,0.011461
5639,20,0.02568,0.000191,0.076471,0.0417
5640,20,0.020516,3.5e-05,0.158551,0.006986
5641,20,0.027944,0.000531,0.083788,0.007435
5642,20,0.039444,0.000898,0.12673,0.018977
5643,20,0.025534,7.1e-05,0.0561,0.013228
5644,20,0.015482,0.000127,0.069656,0.019213
5645,20,0.032487,0.0002,0.104859,0.023318
5646,20,0.02156,6.9e-05,0.062948,0.016544
5647,20,0.037357,0.00107,0.151425,0.003971
5648,20,0.022014,0.000205,0.093531,0.012361
5649,20,0.016395,0.0004,0.045372,0.024784
5650,20,0.027169,0.0,0.07259,0.005978
5651,20,0.028133,5.4e-05,0.186596,0.005786
5652,20,0.023645,0.001669,0.057234,0.031075
5653,20,0.014296,2e-05,0.038528,0.013886
5654,20,0.024302,4.6e-05,0.086834,0.030921
5655,20,0.014543,0.000114,0.083867,0.009035
5656,20,0.02055,4e-06,0.064429,0.024586
5657,20,0.028962,4.2e-05,0.156321,0.004609
5658,20,0.019758,0.000612,0.102615,0.010964
5659,20,0.030176,0.000292,0.11063,0.048366
5660,20,0.020501,0.000209,0.08869,0.08869
5661,20,0.02877,0.00016,0.065895,0.026521
5662,20,0.02671,4e-06,0.069191,0.035792
5663,20,0.024207,1.5e-05,0.084062,0.034656
5664,20,0.022264,8.1e-05,0.084567,0.000919
5665,20,0.022663,8.5e-05,0.078183,0.004427
5666,20,0.0254,6.4e-05,0.075036,0.004879
5667,20,0.020203,0.000484,0.062558,0.043805
5668,20,0.020374,0.000162,0.060675,0.003626
5669,20,0.024246,0.002126,0.069227,0.009028
5670,20,0.035325,6e-06,0.129444,0.062274
5671,20,0.024525,0.003183,0.069774,0.032497
5672,20,0.02852,0.003607,0.07656,0.00638
5673,20,0.023766,9.6e-05,0.061477,0.004591
5674,20,0.018357,0.00013,0.050544,0.026297
5675,20,0.011787,1.2e-05,0.029923,0.000666
5676,20,0.027492,0.000319,0.098527,0.018928
5677,20,0.02048,0.00018,0.096579,0.028679
5678,20,0.025145,0.00057,0.075152,0.02547
5679,20,0.02085,4e-06,0.165701,0.165701
5680,20,0.030545,8e-06,0.131844,0.021069
5681,20,0.016399,0.00058,0.054363,0.000887
5682,20,0.01893,5.8e-05,0.071975,0.000383
5683,20,0.030796,3e-05,0.155661,0.034683
5684,20,0.018723,0.000313,0.043906,0.000373
5685,20,0.021672,0.000213,0.066551,0.000566
5686,20,0.034643,8.4e-05,0.162676,0.002936
5687,20,0.017242,0.00011,0.044324,0.006962
5688,20,0.02688,3.1e-05,0.188409,0.043255
5689,20,0.023879,1e-06,0.066449,0.065751
5690,20,0.02287,3.1e-05,0.053469,0.008013
5691,20,0.017768,0.000285,0.055149,0.013784
5692,20,0.018822,0.000169,0.063594,0.007955
5693,20,0.026523,0.000378,0.070039,0.008421
5694,20,0.023159,0.000156,0.069451,0.006005
5695,20,0.026807,3.1e-05,0.144606,0.019555
5696,20,0.017465,5e-06,0.070411,0.002331
5697,20,0.033165,1.5e-05,0.112687,0.046777
5698,20,0.01653,0.000266,0.045688,0.000864
5699,20,0.018052,0.000108,0.096185,0.011602
5700,20,0.042575,0.001859,0.313444,0.068018
5701,20,0.022293,0.000127,0.066101,0.022722
5702,20,0.025259,0.000519,0.10214,0.006267
5703,20,0.02534,0.00066,0.064781,0.002344
5704,20,0.02627,0.000591,0.063692,0.006711
5705,20,0.017879,0.000385,0.051843,0.027677
5706,20,0.024694,2.6e-05,0.073155,0.010364
5707,20,0.030561,0.002468,0.066003,0.002468
5708,20,0.026857,0.000326,0.073149,0.000326
5709,20,0.0446,4.4e-05,0.40981,0.40981
5710,20,0.026228,0.000136,0.110077,0.006237
5711,20,0.019948,5.7e-05,0.099896,0.076075
5712,20,0.022547,0.000443,0.080068,0.023897
5713,20,0.025365,4.8e-05,0.075584,0.004493
5714,20,0.067615,0.000146,0.705672,0.038987
5715,20,0.019972,9.7e-05,0.074977,0.023762
5716,20,0.034194,0.000177,0.212993,0.002423
5717,20,0.028407,0.001515,0.12261,0.028639
5718,20,0.033318,0.001939,0.077334,0.058334
5719,20,0.027529,0.001443,0.062425,0.003976
5720,20,0.026115,8.6e-05,0.077042,0.045441
5721,20,0.027088,0.001875,0.058322,0.053142
5722,20,0.023745,0.000419,0.063044,0.005795
5723,20,0.05714,0.000164,0.461793,0.042335
5724,20,0.026962,0.000133,0.093799,0.002507
5725,20,0.060098,0.000135,0.608056,0.000135
5726,20,0.025296,0.000419,0.101802,0.000419
5727,20,0.021317,0.001095,0.07579,0.007111
5728,20,0.018296,0.000729,0.066832,0.00381
5729,20,0.024518,0.000328,0.075778,0.037409
5730,20,0.028645,0.000287,0.067853,0.000287
5731,20,0.036511,0.000354,0.249377,0.106272
5732,20,0.025582,0.000116,0.077466,0.006198
5733,20,0.025147,0.000534,0.088368,0.031215
5734,20,0.027796,0.000171,0.075329,0.022407
5735,20,0.020481,3.2e-05,0.108331,3.2e-05
5736,20,0.013922,0.000129,0.037529,0.016372
5737,20,0.028184,8.6e-05,0.072239,0.029318
5738,20,0.0221,1e-06,0.081245,0.017642
5739,20,0.029189,0.000739,0.078949,0.013904
5740,20,0.017723,0.0,0.06181,0.020445
5741,20,0.022468,1e-06,0.072531,0.00404
5742,20,0.029779,0.000199,0.13207,0.071381
5743,20,0.02855,0.000353,0.077513,0.037826
5744,20,0.031899,0.000552,0.162591,0.069268
5745,20,0.023634,3e-06,0.081012,0.01905
5746,20,0.036908,0.001128,0.168675,0.01045
5747,20,0.024568,0.004105,0.103115,0.03696
5748,20,0.045316,0.003676,0.148348,0.033828
5749,20,0.02679,0.00064,0.062195,0.014438
5750,20,0.037213,0.000561,0.08674,0.061112
5751,20,0.024714,0.001178,0.079061,0.0198
5752,20,0.027437,0.001088,0.06409,0.014459
5753,20,0.026936,1.3e-05,0.069786,0.069786
5754,20,0.027521,0.000144,0.063749,0.000954
5755,20,0.022571,3.4e-05,0.086844,0.016823
5756,20,0.024639,7.6e-05,0.076039,0.032902
5757,20,0.028817,0.000424,0.076715,0.04208
5758,20,0.017613,0.0,0.074724,0.037545
5759,20,0.022723,0.000102,0.059959,0.002929
5760,20,0.024009,0.001172,0.083292,0.040395
5761,20,0.021781,2.9e-05,0.060996,0.027385
5762,20,0.030696,0.0,0.187255,0.00317
5763,20,0.023934,0.001252,0.066337,0.020583
5764,20,0.020923,1e-05,0.062305,0.011819
5765,20,0.027798,4e-06,0.075857,0.052927
5766,20,0.03386,0.00064,0.070771,0.02172
5767,20,0.023162,4e-06,0.090168,0.009972
5768,20,0.040144,0.000377,0.139773,0.005806
5769,20,0.026915,0.001052,0.059394,0.001052
5770,20,0.024583,0.000973,0.059202,0.022449
5771,20,0.023963,7e-05,0.082839,0.039112
5772,20,0.03174,0.001243,0.063741,0.05573
5773,20,0.0246,2.6e-05,0.062171,0.037989
5774,20,0.021251,5e-06,0.06369,0.001268
5775,20,0.02483,2e-06,0.075488,0.000259
5776,20,0.060929,0.000686,0.674613,0.000686
5777,20,0.030839,1.1e-05,0.166492,0.042397
5778,20,0.029189,0.000105,0.083136,0.04021
5779,20,0.02517,0.001543,0.077164,0.036513
5780,20,0.020698,4.9e-05,0.075568,0.035999
5781,20,0.024595,1.3e-05,0.082062,0.038236
5782,20,0.023412,6e-06,0.06157,0.005163
5783,20,0.014447,0.000515,0.078844,0.039171
5784,20,0.020655,0.000138,0.173294,0.004882
5785,20,0.020908,0.000312,0.05705,0.000366
5786,20,0.035424,0.000425,0.062521,0.031998
5787,20,0.03308,0.002638,0.07888,0.033697
5788,20,0.025779,8e-06,0.069636,0.007707
5789,20,0.026873,0.000605,0.111519,0.00063
5790,20,0.025503,0.000415,0.075592,0.006555
5791,20,0.016204,0.000447,0.055262,0.002704
5792,20,0.024549,0.001501,0.09966,0.008912
5793,20,0.026717,0.000939,0.066169,0.037976
5794,20,0.019944,8e-06,0.058659,0.02505
5795,20,0.016797,3.2e-05,0.088667,0.002332
5796,20,0.021022,0.001799,0.101247,0.003733
5797,20,0.023245,0.000169,0.08693,0.033884
5798,20,0.030735,1.1e-05,0.142625,0.043072
5799,20,0.037046,0.002987,0.074933,0.043931
5800,20,0.014993,0.000128,0.040073,0.0065
5801,20,0.031413,0.000347,0.217445,0.006291
5802,20,0.029369,0.001442,0.070885,0.034271
5803,20,0.021423,2e-06,0.07644,0.034686
5804,20,0.018074,9e-05,0.14385,0.011148
5805,20,0.029279,0.000753,0.083229,0.026038
5806,20,0.033856,6e-06,0.162251,0.003291
5807,20,0.025153,0.001037,0.061417,0.054864
5808,20,0.018515,4.2e-05,0.067805,0.008798
5809,20,0.025231,0.000168,0.062496,0.012453
5810,20,0.028447,3.3e-05,0.091293,0.002683
5811,20,0.024202,0.000326,0.066874,0.066874
5812,20,0.029898,0.000673,0.077585,0.077585
5813,20,0.016513,1.4e-05,0.071794,1.4e-05
5814,20,0.026241,1e-06,0.11632,0.004487
5815,20,0.02755,2.8e-05,0.164819,0.000245
5816,20,0.020742,9e-06,0.081894,0.008934
5817,20,0.030596,0.00014,0.066078,0.020254
5818,20,0.030941,7.5e-05,0.388757,9.4e-05
5819,20,0.019961,4e-06,0.069085,0.003452
5820,20,0.020879,0.000164,0.055953,0.02068
5821,20,0.026652,0.000256,0.09155,0.049611
5822,20,0.022438,3e-06,0.077513,3e-06
5823,20,0.024343,0.000604,0.162723,0.162723
5824,20,0.02882,0.000677,0.073118,0.031827
5825,20,0.036501,0.000312,0.069946,0.025092
5826,20,0.027893,7e-05,0.17812,0.032034
5827,20,0.016059,0.000855,0.064459,0.001896
5828,20,0.013624,1.4e-05,0.043096,0.002304
5829,20,0.0197,0.000257,0.045853,0.037629
5830,20,0.052578,3.7e-05,0.491925,0.05556
5831,20,0.027855,5.4e-05,0.077624,0.010412
5832,20,0.018244,4e-05,0.043758,0.015644
5833,20,0.026976,6.3e-05,0.162965,0.000153
5834,20,0.01901,1e-06,0.071849,0.008958
5835,20,0.029019,0.002258,0.064544,0.038707
5836,20,0.028671,2.5e-05,0.066061,0.033425
5837,20,0.029407,0.005421,0.060204,0.006298
5838,20,0.025222,1.8e-05,0.061561,0.030915
5839,20,0.021897,1e-06,0.070789,0.070789
5840,20,0.02882,0.000849,0.069861,0.03911
5841,20,0.022334,1e-05,0.105647,3.2e-05
5842,20,0.029496,0.0,0.182664,0.008497
5843,20,0.015727,0.000268,0.106296,0.000268
5844,20,0.028567,0.003984,0.070564,0.013511
5845,20,0.030894,0.000694,0.054777,0.026801
5846,20,0.023755,0.001467,0.059717,0.039799
5847,20,0.019343,0.000482,0.118702,0.056851
5848,20,0.019409,0.000687,0.041627,0.021995
5849,20,0.018985,2.9e-05,0.084106,0.012834
5850,20,0.03077,4.2e-05,0.089599,0.021299
5851,20,0.022545,8.3e-05,0.082116,0.082116
5852,20,0.027681,0.000633,0.067639,0.031664
5853,20,0.033187,0.00079,0.075603,0.034628
5854,20,0.050133,0.000485,0.535679,0.056905
5855,20,0.022076,0.000151,0.07958,0.028063
5856,20,0.01764,0.0,0.090898,0.03121
5857,20,0.021786,0.000576,0.087678,0.02544
5858,20,0.021063,0.000205,0.076378,0.001881
5859,20,0.017521,0.000158,0.070386,0.003512
5860,20,0.030324,0.001082,0.152212,0.038635
5861,20,0.024219,0.000293,0.074041,0.035214
5862,20,0.032358,0.000847,0.07179,0.04198
5863,20,0.034207,5e-06,0.084073,0.025537
5864,20,0.02423,9e-06,0.078371,0.029984
5865,20,0.015553,0.000172,0.038889,0.029362
5866,20,0.019092,0.000574,0.122285,0.122285
5867,20,0.024853,0.000194,0.088391,0.044624
5868,20,0.031264,5.2e-05,0.126993,0.028181
5869,20,0.024256,0.0,0.065031,0.03652
5870,20,0.023629,3.5e-05,0.086433,0.027404
5871,20,0.022153,0.000554,0.079018,0.00089
5872,20,0.02176,0.000367,0.114686,0.010496
5873,20,0.019567,0.0,0.051864,0.029324
5874,20,0.02495,0.000185,0.0744,0.040102
5875,20,0.021478,0.000153,0.07366,0.011121
5876,20,0.038639,6e-05,0.17973,0.056517
5877,20,0.018524,0.001688,0.061639,0.009287
5878,20,0.035321,0.001331,0.074123,0.010474
5879,20,0.037066,0.000432,0.135973,0.057709
5880,20,0.031379,3.4e-05,0.081051,0.02841
5881,20,0.018399,9.1e-05,0.105408,0.03089
5882,20,0.015093,3e-06,0.103038,0.002951
5883,20,0.028614,2.4e-05,0.166378,0.011647
5884,20,0.008569,0.000718,0.026338,0.004847
5885,20,0.018561,1e-06,0.064027,0.007121
5886,20,0.027819,0.000317,0.104357,0.104357
5887,20,0.019553,6e-06,0.09926,0.007939
5888,20,0.031953,0.0,0.074902,0.074902
5889,20,0.0263,2e-05,0.061896,0.009328
5890,20,0.022328,0.0,0.076554,0.065664
5891,20,0.029763,5e-06,0.082444,0.026188
5892,20,0.02205,1.1e-05,0.077077,0.012654
5893,20,0.033771,0.000202,0.16553,0.016683
5894,20,0.026428,7.2e-05,0.08443,0.000551
5895,20,0.025744,4.8e-05,0.060726,0.000487
5896,20,0.011176,4e-06,0.030059,0.024142
5897,20,0.028474,3.9e-05,0.156248,0.001039
5898,20,0.018268,1e-05,0.049268,0.026596
5899,20,0.026863,0.000487,0.089713,0.016006
5900,20,0.034468,0.00626,0.086585,0.015343
5901,20,0.015596,1e-06,0.104169,0.011301
5902,20,0.03154,0.002844,0.074628,0.058326
5903,20,0.021733,0.000424,0.059232,0.003448
5904,20,0.023451,0.000844,0.061138,0.056686
5905,20,0.021228,1.4e-05,0.07529,0.000132
5906,20,0.029282,0.001344,0.165457,0.004647
5907,20,0.028346,0.000418,0.085931,0.06224
5908,20,0.021402,0.000143,0.06222,0.00019
5909,20,0.025396,5e-06,0.084888,0.025366
5910,20,0.013304,6e-05,0.030754,0.000721
5911,20,0.019225,1.8e-05,0.101681,0.01123
5912,20,0.020343,1e-05,0.079673,0.010299
5913,20,0.018725,2.2e-05,0.045119,0.026705
5914,20,0.036658,0.000578,0.171704,0.000578
5915,20,0.028488,0.000135,0.085482,0.036092
5916,20,0.029824,0.000174,0.091602,0.000817
5917,20,0.023058,0.000276,0.091368,0.029074
5918,20,0.01328,1e-06,0.041724,0.003419
5919,20,0.020686,4.1e-05,0.047918,0.000168
5920,20,0.01506,0.000176,0.043058,0.01952
5921,20,0.018229,1.9e-05,0.07196,0.012937
5922,20,0.020931,4.2e-05,0.069316,0.035725
5923,20,0.032158,4.5e-05,0.079394,0.00453
5924,20,0.029885,0.001454,0.065915,0.044673
5925,20,0.029445,0.001031,0.069868,0.033864
5926,20,0.015032,3.9e-05,0.083864,0.01314
5927,20,0.040524,1.2e-05,0.421755,0.031705
5928,20,0.018672,0.000583,0.086353,0.086353
5929,20,0.027021,5.8e-05,0.101546,0.033566
5930,20,0.027883,0.000121,0.074882,0.073287
5931,20,0.028948,0.000442,0.132823,0.063426
5932,20,0.017332,0.00023,0.059877,0.002571
5933,20,0.027555,0.000242,0.095783,0.005976
5934,20,0.013757,0.000389,0.049338,0.029104
5935,20,0.024915,1.2e-05,0.07151,0.000652
5936,20,0.029066,3.5e-05,0.072442,0.000117
5937,20,0.022169,0.000411,0.081773,0.012183
5938,20,0.048527,0.00057,0.436431,0.00057
5939,20,0.026406,0.000237,0.086305,0.070435
5940,20,0.024569,1.6e-05,0.087598,0.003723
5941,20,0.023473,0.000139,0.091413,0.000961
5942,20,0.02951,3.3e-05,0.135705,0.013007
5943,20,0.037617,0.000122,0.122027,0.086229
5944,20,0.030084,0.000397,0.086557,0.003742
5945,20,0.020905,0.001695,0.050492,0.011366
5946,20,0.023594,0.000151,0.074697,0.000444
5947,20,0.020316,0.000121,0.072779,0.003848
5948,20,0.020064,0.000257,0.043148,0.025062
5949,20,0.020437,1e-05,0.094701,0.007336
5950,20,0.023843,0.000179,0.090323,0.000441
5951,20,0.024787,0.0,0.064402,0.055125
5952,20,0.02343,0.00011,0.075681,0.000484
5953,20,0.019633,6e-06,0.077038,0.004753
5954,20,0.018465,2e-06,0.062929,0.000669
5955,20,0.024322,1.4e-05,0.061235,0.024273
5956,20,0.017143,0.0,0.073666,0.01227
5957,20,0.019737,0.000176,0.113297,0.026235
5958,20,0.04787,0.001051,0.481744,0.002291
5959,20,0.02546,0.00067,0.174405,0.174405
5960,20,0.020827,0.000274,0.07181,0.000324
5961,20,0.01457,2.6e-05,0.045548,0.017897
5962,20,0.022271,0.000451,0.090734,0.019826
5963,20,0.027907,2e-06,0.09919,2e-06
5964,20,0.026463,1.7e-05,0.070517,0.013362
5965,20,0.030113,0.000115,0.092343,0.03398
5966,20,0.018667,6e-06,0.071977,0.000242
5967,20,0.032003,0.000754,0.072725,0.02509
5968,20,0.032043,0.000287,0.068342,0.066148
5969,20,0.022505,0.001124,0.188278,0.007856
5970,20,0.031721,0.001091,0.063479,0.04486
5971,20,0.035994,3e-06,0.277049,0.011091
5972,20,0.024813,0.001864,0.055926,0.015088
5973,20,0.028826,9e-06,0.080879,0.043894
5974,20,0.024511,2.5e-05,0.16036,0.001476
5975,20,0.021406,4e-06,0.073566,0.037447
5976,20,0.030125,0.000484,0.071654,0.042394
5977,20,0.019128,0.000303,0.047282,0.002037
5978,20,0.031464,4e-05,0.067883,0.044583
5979,20,0.022165,0.00017,0.065531,0.011518
5980,20,0.023914,0.000142,0.083914,0.000142
5981,20,0.031134,1e-06,0.16103,0.046523
5982,20,0.049848,5e-06,0.680085,0.004609
5983,20,0.024523,2.4e-05,0.071062,0.029285
5984,20,0.020292,0.000101,0.074155,0.044589
5985,20,0.0293,6e-05,0.137179,0.037033
5986,20,0.027424,4e-06,0.071029,0.061235
5987,20,0.021022,0.000434,0.057296,0.025307
5988,20,0.026848,0.001176,0.063997,0.049942
5989,20,0.029664,1.9e-05,0.173179,0.027617
5990,20,0.029983,1.8e-05,0.157755,0.001573
5991,20,0.020368,0.00028,0.070445,0.003479
5992,20,0.020434,0.001368,0.069001,0.006699
5993,20,0.028633,6e-06,0.089626,0.048914
5994,20,0.029442,3e-05,0.072285,0.033471
5995,20,0.015201,8.4e-05,0.041382,0.002411
5996,20,0.02921,0.000435,0.080718,0.001573
5997,20,0.025609,2.5e-05,0.098601,0.023619
5998,20,0.028304,4.3e-05,0.168974,0.014388
5999,20,0.021186,3.4e-05,0.15755,0.014588
6000,20,0.028856,0.000235,0.065789,0.018682
6001,20,0.024323,1.5e-05,0.084714,0.029682
6002,20,0.037635,0.00055,0.18308,0.050768
6003,20,0.02621,0.001537,0.055347,0.031784
6004,20,0.026476,2.5e-05,0.067583,0.044331
6005,20,0.032873,0.001478,0.077933,0.001478
6006,20,0.019316,2e-06,0.048098,0.015333
6007,20,0.027576,0.000146,0.169734,0.002301
6008,20,0.023625,2.3e-05,0.131299,0.031547
6009,20,0.020635,0.00013,0.068587,0.002959
6010,20,0.027317,0.002083,0.060443,0.030928
6011,20,0.024006,1e-06,0.149562,0.010655
6012,20,0.009922,1e-06,0.040749,0.000216
6013,20,0.023432,8e-06,0.076132,0.049726
6014,20,0.045432,5.9e-05,0.208112,0.060416
6015,20,0.03591,0.00074,0.064557,0.034996
6016,20,0.020394,0.000335,0.094526,0.003679
6017,20,0.018976,5e-06,0.062981,0.043931
6018,20,0.025387,0.000337,0.079568,0.002441
6019,20,0.024915,0.000253,0.09179,0.0201
6020,20,0.021464,0.0,0.095077,0.000521
6021,20,0.0291,0.001148,0.072856,0.028714
6022,20,0.029571,2.9e-05,0.06625,0.016389
6023,20,0.022918,0.00052,0.06164,0.003001
6024,20,0.028562,0.000262,0.067094,0.060773
6025,20,0.032147,0.000928,0.070513,0.048794
6026,20,0.033911,0.000601,0.119208,0.056815
6027,20,0.018699,0.00022,0.060505,0.00022
6028,20,0.023244,5.1e-05,0.089479,0.032975
6029,20,0.023351,2.4e-05,0.064187,0.00189
6030,20,0.017264,0.00011,0.065049,0.029739
6031,20,0.048531,0.000204,0.231299,0.068509
6032,20,0.028587,0.000318,0.128677,0.001726
6033,20,0.02189,7e-06,0.061542,0.061542
6034,20,0.017686,3e-05,0.054744,0.005313
6035,20,0.030456,9.6e-05,0.138342,0.001723
6036,20,0.025794,0.001975,0.061795,0.046836
6037,20,0.025924,0.000809,0.066263,0.015904
6038,20,0.016988,4.5e-05,0.046728,0.004423
6039,20,0.020248,9.6e-05,0.078563,0.001345
6040,20,0.016387,8.2e-05,0.063452,0.00086
6041,20,0.027683,0.002355,0.08534,0.003815
6042,20,0.022747,0.001024,0.06154,0.040603
6043,20,0.038695,0.000389,0.166808,0.043237
6044,20,0.018755,0.000205,0.056717,0.005844
6045,20,0.019204,3.5e-05,0.062835,0.001067
6046,20,0.020759,4.7e-05,0.077536,0.00207
6047,20,0.028348,4e-06,0.129643,0.061978
6048,20,0.020603,0.000533,0.055335,0.054303
6049,20,0.025487,0.000168,0.109986,0.109986
6050,20,0.029353,3.2e-05,0.074003,0.004667
6051,20,0.025493,1.9e-05,0.124887,0.014043
6052,20,0.03305,0.0,0.15768,0.003732
6053,20,0.031795,0.000142,0.189284,0.030875
6054,20,0.023633,9.2e-05,0.08086,0.013579
6055,20,0.017979,8.9e-05,0.071073,0.022238
6056,20,0.031466,4.3e-05,0.17732,4.3e-05
6057,20,0.022687,0.000163,0.06937,0.016599
6058,20,0.019451,0.000214,0.087637,0.027883
6059,20,0.025191,5.7e-05,0.054037,0.029602
6060,20,0.028684,0.000309,0.189223,0.004153
6061,20,0.030354,2.1e-05,0.082465,0.082465
6062,20,0.022035,0.000541,0.057044,0.028839
6063,20,0.025976,2e-06,0.148477,0.022001
6064,20,0.026311,0.00015,0.081644,0.050574
6065,20,0.028738,6e-06,0.066456,0.028069
6066,20,0.015902,1.2e-05,0.066527,0.03537
6067,20,0.020947,0.0,0.094121,0.001565
6068,20,0.020988,6.9e-05,0.085549,0.025344
6069,20,0.028664,2e-06,0.132225,0.001785
6070,20,0.03026,6.2e-05,0.066929,0.056987
6071,20,0.02757,0.002588,0.063588,0.00665
6072,20,0.01707,8.3e-05,0.0836,0.038058
6073,20,0.03255,0.000215,0.167588,0.004501
6074,20,0.027293,0.002615,0.07232,0.003771
6075,20,0.027323,0.000252,0.095721,0.013707
6076,20,0.01735,3.4e-05,0.067263,0.004432
6077,20,0.024393,0.001276,0.071932,0.008677
6078,20,0.026852,9e-06,0.085699,0.031959
6079,20,0.026653,0.001143,0.07521,0.020179
6080,20,0.018435,5e-06,0.052383,0.000416
6081,20,0.033054,0.00011,0.179735,0.0167
6082,20,0.025968,0.001906,0.088304,0.008495
6083,20,0.027918,9.7e-05,0.060395,0.032726
6084,20,0.02638,0.001141,0.061376,0.005998
6085,20,0.028677,0.000684,0.075734,0.00702
6086,20,0.023442,5e-06,0.100776,0.023373
6087,20,0.018011,0.000754,0.081013,0.029853
6088,20,0.022259,0.001096,0.081083,0.002359
6089,20,0.024909,0.00069,0.06458,0.062665
6090,20,0.052052,2.4e-05,0.470147,0.043735
6091,20,0.026874,0.001582,0.067421,0.009463
6092,20,0.031207,0.0,0.075863,0.036209
6093,20,0.023899,0.000125,0.083159,0.009232
6094,20,0.025265,0.000182,0.071503,0.060807
6095,20,0.032013,0.000654,0.065594,0.013093
6096,20,0.024122,0.000735,0.066988,0.003933
6097,20,0.022432,0.000628,0.057403,0.049381
6098,20,0.025195,1.2e-05,0.074227,0.004435
6099,20,0.022827,1.3e-05,0.065055,0.006158
6100,20,0.024394,0.000963,0.05739,0.053878
6101,20,0.024946,1e-06,0.097205,0.011951
6102,20,0.024123,0.001448,0.152425,0.023169
6103,20,0.024685,0.00055,0.086789,0.032123
6104,20,0.052511,0.0,0.455162,0.03844
6105,20,0.025475,0.000814,0.074169,0.001075
6106,20,0.024168,2e-05,0.060248,0.041136
6107,20,0.020621,0.000669,0.069193,0.003636
6108,20,0.027902,5e-05,0.077274,0.046696
6109,20,0.034535,0.000608,0.11724,0.045735
6110,20,0.022651,4e-06,0.063942,0.021874
6111,20,0.021691,0.000329,0.090919,0.029015
6112,20,0.020307,0.000881,0.071275,0.010316
6113,20,0.029672,6.6e-05,0.075421,0.042
6114,20,0.025874,0.000179,0.077209,0.005417
6115,20,0.020102,0.000701,0.070394,0.026051
6116,20,0.022182,7e-06,0.087764,0.010153
6117,20,0.032856,0.002008,0.075509,0.059274
6118,20,0.028032,0.002206,0.066705,0.012492
6119,20,0.023752,6.1e-05,0.096059,0.000112
6120,20,0.02686,0.000476,0.085523,0.017387
6121,20,0.030832,0.0,0.111211,0.002863
6122,20,0.022101,0.0,0.094125,0.000193
6123,20,0.027431,0.000332,0.072681,0.057201
6124,20,0.022549,2.2e-05,0.075445,0.015886
6125,20,0.017035,0.000357,0.05782,0.008166
6126,20,0.020601,0.000955,0.067662,0.021668
6127,20,0.030833,0.000555,0.073917,0.054253
6128,20,0.01796,0.00014,0.081109,0.002882
6129,20,0.030475,1e-06,0.087332,0.006937
6130,20,0.018092,0.000357,0.051535,0.000357
6131,20,0.030494,0.00148,0.082326,0.082326
6132,20,0.026987,4e-06,0.090621,0.013384
6133,20,0.02132,7e-06,0.067489,0.067489
6134,20,0.026692,0.000238,0.067353,0.013727
6135,20,0.033414,0.0,0.147106,0.008969
6136,20,0.018632,0.000124,0.064433,0.056857
6137,20,0.024324,0.000555,0.056097,0.042436
6138,20,0.025696,0.00064,0.067293,0.00478
6139,20,0.02815,0.000368,0.086126,0.033
6140,20,0.030227,8.5e-05,0.074836,0.069895
6141,20,0.031542,0.000366,0.070214,0.065531
6142,20,0.015363,5.9e-05,0.071639,0.000677
6143,20,0.03244,0.007225,0.112769,0.008731
6144,20,0.038321,5e-06,0.156931,0.057715
6145,20,0.042899,0.000635,0.511626,0.006864
6146,20,0.030558,0.002665,0.064924,0.015859
6147,20,0.017228,3.1e-05,0.042682,0.005915
6148,20,0.015738,7.7e-05,0.11521,0.00179
6149,20,0.022214,0.000241,0.10058,0.068176
6150,20,0.023508,3.6e-05,0.055686,0.028742
6151,20,0.01789,2.3e-05,0.056018,0.018213
6152,20,0.036346,0.001245,0.130283,0.020607
6153,20,0.017286,6e-06,0.074275,0.000931
6154,20,0.01966,4.7e-05,0.06368,0.049155
6155,20,0.022628,6.6e-05,0.060931,0.007192
6156,20,0.023554,0.00015,0.066294,0.066294
6157,20,0.02521,0.0,0.065393,0.04384
6158,20,0.020286,0.000529,0.056673,0.00858
6159,20,0.035902,5.3e-05,0.141022,0.0059
6160,20,0.029886,0.000643,0.141974,0.141974
6161,20,0.027446,0.000375,0.057985,0.025686
6162,20,0.021968,0.000181,0.100931,0.032219
6163,20,0.021137,2e-06,0.097726,0.021452
6164,20,0.017275,0.000187,0.059502,0.02239
6165,20,0.022646,0.000393,0.068901,0.035989
6166,20,0.025066,4.2e-05,0.132184,0.028529
6167,20,0.03992,0.000454,0.169958,0.021125
6168,20,0.021964,0.000327,0.0719,0.036363
6169,20,0.035433,0.00226,0.109561,0.015398
6170,20,0.026274,0.000944,0.083185,0.001607
6171,20,0.012586,0.0,0.052614,0.000707
6172,20,0.046134,0.001331,0.402919,0.044038
6173,20,0.020545,1.1e-05,0.047388,0.034268
6174,20,0.034684,1e-06,0.170187,0.041038
6175,20,0.025735,0.000628,0.069033,0.000628
6176,20,0.060213,0.000132,0.451399,0.010105
6177,20,0.025435,0.0,0.055089,0.000115
6178,20,0.029623,6.2e-05,0.13257,0.042133
6179,20,0.053889,0.00173,0.460986,0.026774
6180,20,0.024063,1.1e-05,0.082164,1.1e-05
6181,20,0.02147,0.00137,0.066643,0.01819
6182,20,0.023637,5.3e-05,0.103651,0.000205
6183,20,0.021457,0.000379,0.057469,0.016001
6184,20,0.029985,7e-06,0.085178,0.009376
6185,20,0.015834,0.000458,0.059972,0.035787
6186,20,0.025968,1.4e-05,0.065157,0.000497
6187,20,0.017897,2.9e-05,0.072068,0.008642
6188,20,0.017754,0.000703,0.045224,0.023183
6189,20,0.023761,0.00025,0.092548,0.000977
6190,20,0.021378,2.8e-05,0.056069,0.002156
6191,20,0.022963,0.000244,0.094279,0.000244
6192,20,0.023263,0.000166,0.101216,0.00466
6193,20,0.021188,0.000541,0.056064,0.000541
6194,20,0.028785,0.000693,0.188504,0.029312
6195,20,0.0329,0.001275,0.117155,0.0609
6196,20,0.023147,0.000291,0.066953,0.066953
6197,20,0.033552,0.001007,0.154592,0.019651
6198,20,0.024366,0.000511,0.079705,0.000511
6199,20,0.013171,0.000147,0.036717,0.000147
6200,20,0.024036,2e-06,0.081088,0.043364
6201,20,0.034377,0.000562,0.150877,0.002027
6202,20,0.027916,0.000205,0.064856,0.008909
6203,20,0.019518,0.000202,0.073747,0.002972
6204,20,0.016382,0.000214,0.065472,0.008649
6205,20,0.039447,0.00026,0.170551,0.035641
6206,20,0.053349,0.00032,0.373629,0.112418
6207,20,0.029063,0.000125,0.080469,0.003407
6208,20,0.022276,0.000544,0.060527,0.05965
6209,20,0.028392,0.000482,0.073985,0.006767
6210,20,0.027526,0.000331,0.05936,0.025985
6211,20,0.020879,0.000194,0.068979,0.018601
6212,20,0.044159,0.000908,0.30741,0.30741
6213,20,0.015411,0.000786,0.048746,0.043214
6214,20,0.024627,0.000192,0.074742,0.053929
6215,20,0.024951,0.00019,0.086967,0.013834
6216,20,0.022599,0.00067,0.068095,0.006458
6217,20,0.028229,0.00079,0.136763,0.069312
6218,20,0.012925,5.5e-05,0.04891,0.004771
6219,20,0.016831,0.000106,0.059708,0.000268
6220,20,0.033711,0.001609,0.06749,0.027324
6221,20,0.03187,0.000609,0.08059,0.039326
6222,20,0.018685,0.0,0.050202,0.0
6223,20,0.027712,7.8e-05,0.070645,0.053694
6224,20,0.028054,0.0,0.082242,0.050679
6225,20,0.017881,0.0,0.071391,0.046625
6226,20,0.029405,2.7e-05,0.113462,0.019885
6227,20,0.028687,1e-06,0.066284,9.8e-05
6228,20,0.025068,7.4e-05,0.071983,0.071983
6229,20,0.032029,0.000236,0.070462,0.069624
6230,20,0.022163,0.000614,0.061556,0.033622
6231,20,0.022645,0.000125,0.074118,0.000512
6232,20,0.033683,0.00122,0.133253,0.012596
6233,20,0.018761,4.6e-05,0.071525,0.002371
6234,20,0.031697,5e-06,0.073696,0.003151
6235,20,0.014836,0.000434,0.03719,0.03719
6236,20,0.017872,9.4e-05,0.068909,0.031403
6237,20,0.021031,3.4e-05,0.056008,0.043986
6238,20,0.015664,0.000119,0.053187,0.004904
6239,20,0.02274,0.000321,0.126603,0.05343
6240,20,0.019726,0.000173,0.05051,0.05051
6241,20,0.016027,0.0,0.066979,0.000119
6242,20,0.017394,0.000222,0.060513,0.013954
6243,20,0.033613,0.003249,0.131605,0.003249
6244,20,0.035815,0.000294,0.185111,0.185111
6245,20,0.03359,9e-06,0.156096,9e-06
6246,20,0.032335,0.000132,0.172863,0.008797
6247,20,0.020201,6e-05,0.06259,0.04317
6248,20,0.036501,0.000449,0.141978,0.010196
6249,20,0.029287,0.000514,0.112783,0.02017
6250,20,0.015457,0.0,0.065129,0.001637
6251,20,0.029816,0.000589,0.131173,0.131173
6252,20,0.029609,7e-06,0.178581,0.064374
6253,20,0.019417,1e-06,0.05212,0.007487
6254,20,0.018842,5e-06,0.055085,0.051478
6255,20,0.021641,2e-06,0.071614,0.040298
6256,20,0.018561,0.001138,0.060315,0.005443
6257,20,0.026738,6e-06,0.070562,0.004242
6258,20,0.020773,0.000245,0.046917,0.020019
6259,20,0.022101,1e-06,0.08787,0.013475
6260,20,0.024722,0.000163,0.067378,0.012167
6261,20,0.032534,4.5e-05,0.111184,0.042181
6262,20,0.024669,0.000165,0.073188,0.045322
6263,20,0.052722,0.00054,0.506049,0.033905
6264,20,0.027514,5.1e-05,0.070281,5.1e-05
6265,20,0.017718,1.1e-05,0.041342,0.011416
6266,20,0.024288,0.000325,0.066526,0.028434
6267,20,0.016506,2e-06,0.073404,0.002102
6268,20,0.020821,0.000891,0.102453,0.021855
6269,20,0.028588,0.000532,0.153806,0.029927
6270,20,0.016911,3e-06,0.058439,0.025787
6271,20,0.019063,0.000821,0.079359,0.001809
6272,20,0.02694,1e-05,0.188057,0.028188
6273,20,0.024802,4.9e-05,0.171462,0.041928
6274,20,0.021969,3.6e-05,0.070957,0.031616
6275,20,0.024367,3.1e-05,0.085013,0.071795
6276,20,0.020463,2.3e-05,0.069803,0.021939
6277,20,0.021819,0.000674,0.066794,0.007247
6278,20,0.024482,0.000474,0.06008,0.06008
6279,20,0.031968,0.000658,0.152416,0.052309
6280,20,0.026655,0.000691,0.066999,0.028092
6281,20,0.017402,3e-06,0.048411,0.02946
6282,20,0.016685,2e-06,0.071274,0.00032
6283,20,0.019486,0.000115,0.097516,0.031995
6284,20,0.017538,0.000359,0.048373,0.011588
6285,20,0.026009,0.000514,0.064643,0.010592
6286,20,0.022366,0.00225,0.060794,0.003152
6287,20,0.029176,1e-06,0.100683,0.024516
6288,20,0.021321,4.1e-05,0.070248,0.03463
6289,20,0.021635,1e-06,0.084316,0.033472
6290,20,0.043815,0.000754,0.265104,0.004622
6291,20,0.019833,4.3e-05,0.078476,0.008039
6292,20,0.031455,0.000354,0.145072,0.003886
6293,20,0.02205,7.8e-05,0.076413,0.006663
6294,20,0.024766,0.000154,0.058996,0.018801
6295,20,0.030312,0.001138,0.078722,0.078722
6296,20,0.017384,0.000438,0.048942,0.019859
6297,20,0.026078,0.001541,0.086336,0.006361
6298,20,0.022735,2e-05,0.089278,0.007143
6299,20,0.025832,0.0,0.062756,0.040722
6300,20,0.03007,5.7e-05,0.071219,0.058207
6301,20,0.027986,1e-06,0.071639,0.006795
6302,20,0.021669,0.000297,0.075006,0.02058
6303,20,0.029969,3e-06,0.107565,0.015333
6304,20,0.01219,0.000208,0.066924,0.028464
6305,20,0.025549,0.00012,0.096908,0.003918
6306,20,0.030794,0.000108,0.150502,0.019858
6307,20,0.036883,0.000793,0.090685,0.054247
6308,20,0.024027,5.1e-05,0.06333,0.029189
6309,20,0.029417,0.000186,0.173366,0.000186
6310,20,0.019947,2e-06,0.098552,0.000416
6311,20,0.025507,1e-06,0.071218,0.050688
6312,20,0.017405,0.0,0.060969,1.1e-05
6313,20,0.02817,1.7e-05,0.139547,0.045433
6314,20,0.043224,7.8e-05,0.660137,0.00622
6315,20,0.0225,0.000687,0.070968,0.043544
6316,20,0.026037,0.000138,0.063027,0.031142
6317,20,0.016463,0.000145,0.066553,0.055392
6318,20,0.0256,0.000155,0.064252,0.04773
6319,20,0.033512,6e-06,0.113861,0.004388
6320,20,0.016472,2.4e-05,0.076408,0.025683
6321,20,0.0248,0.001217,0.159226,0.016319
6322,20,0.024387,3e-05,0.068985,0.032714
6323,20,0.029728,6.1e-05,0.172662,0.001969
6324,20,0.027674,0.000649,0.060362,0.027236
6325,20,0.023725,0.000283,0.137638,0.004278
6326,20,0.014058,0.000432,0.057226,0.003005
6327,20,0.029668,0.000323,0.074745,0.047458
6328,20,0.037229,0.0,0.127616,0.0
6329,20,0.024064,0.00014,0.086328,0.067841
6330,20,0.022548,0.000272,0.08351,0.035916
6331,20,0.019768,2e-05,0.077192,0.02556
6332,20,0.014764,1e-06,0.036354,0.012107
6333,20,0.020271,8.8e-05,0.071609,0.051335
6334,20,0.029814,0.001546,0.061482,0.011656
6335,20,0.027018,0.001268,0.07729,0.002945
6336,20,0.023312,0.000425,0.062586,0.005946
6337,20,0.029654,0.002213,0.141312,0.025229
6338,20,0.01758,0.000164,0.077556,0.049341
6339,20,0.026452,1e-05,0.065853,0.013981
6340,20,0.023542,4.1e-05,0.077487,0.027012
6341,20,0.03085,0.000141,0.087757,0.069685
6342,20,0.019272,0.0,0.040537,0.000146
6343,20,0.016453,6.1e-05,0.044006,0.014511
6344,20,0.027026,0.000409,0.076617,0.013905
6345,20,0.020102,5e-06,0.083596,0.066417
6346,20,0.029449,0.000381,0.070078,0.039756
6347,20,0.030797,8.6e-05,0.066903,0.035615
6348,20,0.029696,0.000535,0.068036,0.003018
6349,20,0.037365,0.003966,0.06421,0.026195
6350,20,0.01598,1.7e-05,0.047157,0.005229
6351,20,0.020238,7.6e-05,0.084419,0.000124
6352,20,0.025875,4e-06,0.075048,0.032525
6353,20,0.01926,2.8e-05,0.078376,0.02263
6354,20,0.022096,5.3e-05,0.079815,5.3e-05
6355,20,0.01826,0.000156,0.052711,0.000304
6356,20,0.021922,6e-05,0.076211,0.011834
6357,20,0.021685,6e-06,0.062078,0.062078
6358,20,0.028303,0.000493,0.060209,0.058924
6359,20,0.030174,0.000141,0.060628,0.000141
6360,20,0.017022,0.000211,0.054052,0.014591
6361,20,0.014503,0.000286,0.038901,0.014932
6362,20,0.009067,6e-06,0.031275,0.008543
6363,20,0.024402,0.000277,0.090292,0.007232
6364,20,0.045619,9.1e-05,0.457448,0.051842
6365,20,0.035876,0.000925,0.139978,0.00797
6366,20,0.015466,3.7e-05,0.042888,0.017055
6367,20,0.021421,0.000124,0.076545,0.001986
6368,20,0.026574,0.000271,0.086072,0.008375
6369,20,0.024834,0.000149,0.140985,0.007667
6370,20,0.017956,4e-06,0.049528,0.040082
6371,20,0.025492,0.000164,0.074102,0.074102
6372,20,0.02074,0.000168,0.04132,0.017615
6373,20,0.028111,0.001107,0.082349,0.051887
6374,20,0.030723,2e-06,0.082848,0.014654
6375,20,0.024172,1e-06,0.136006,0.00784
6376,20,0.026684,1.3e-05,0.06174,0.002256
6377,20,0.032221,0.001292,0.068463,0.054309
6378,20,0.020133,0.00052,0.079982,0.004383
6379,20,0.017554,0.0,0.049482,0.001957
6380,20,0.016496,1.1e-05,0.093573,0.00039
6381,20,0.02325,1e-06,0.099158,0.0077
6382,20,0.017103,0.0,0.079469,0.011064
6383,20,0.024494,1.1e-05,0.090619,0.004878
6384,20,0.034114,2e-05,0.084639,0.009847
6385,20,0.029635,0.001576,0.077489,0.037734
6386,20,0.027839,5.2e-05,0.070415,0.006408
6387,20,0.030676,6.2e-05,0.076898,0.001161
6388,20,0.023115,9.9e-05,0.096923,0.008462
6389,20,0.028454,0.000381,0.079367,0.054402
6390,20,0.02551,0.000202,0.062626,0.000803
6391,20,0.023586,0.000277,0.079599,0.005638
6392,20,0.032375,0.000944,0.113063,0.003751
6393,20,0.021032,0.000206,0.058708,0.028436
6394,20,0.03365,0.00101,0.191563,0.00953
6395,20,0.025473,0.000455,0.086202,0.008134
6396,20,0.020569,6e-06,0.082565,0.082565
6397,20,0.021351,0.0,0.087707,0.087707
6398,20,0.024682,0.000359,0.077105,0.049464
6399,20,0.016539,0.000437,0.048002,0.007813
6400,20,0.024439,0.000304,0.065984,0.004118
6401,20,0.026084,0.000273,0.054256,0.003834
6402,20,0.029127,0.00082,0.097074,0.03143
6403,20,0.038378,5.1e-05,0.278659,0.009896
6404,20,0.021633,0.000761,0.085647,0.000761
6405,20,0.021946,0.000244,0.060592,0.037841
6406,20,0.01956,0.000129,0.072276,0.009729
6407,20,0.01953,0.002653,0.056142,0.002875
6408,20,0.02413,3e-06,0.064337,0.035353
6409,20,0.02666,0.000139,0.06612,0.0531
6410,20,0.030112,0.0001,0.106058,0.0001
6411,20,0.029097,1.6e-05,0.16149,0.16149
6412,20,0.02958,0.001015,0.057291,0.038068
6413,20,0.018712,0.002913,0.097897,0.003145
6414,20,0.030607,0.000112,0.083256,0.005722
6415,20,0.010386,4.6e-05,0.028015,0.028015
6416,20,0.020245,2.3e-05,0.057848,0.003161
6417,20,0.022764,0.000385,0.082333,0.030558
6418,20,0.021598,1.4e-05,0.052262,0.041169
6419,20,0.020664,6.6e-05,0.093036,0.009915
6420,20,0.029752,0.000985,0.069016,0.022623
6421,20,0.032343,0.001292,0.065018,0.023364
6422,20,0.02895,0.000495,0.153961,0.013122
6423,20,0.019368,3.7e-05,0.066023,0.001659
6424,20,0.021856,1e-06,0.057928,0.049693
6425,20,0.026361,0.000171,0.056733,0.043514
6426,20,0.018531,1e-06,0.054395,0.024468
6427,20,0.022661,1.4e-05,0.113056,0.015741
6428,20,0.032414,0.003364,0.103532,0.016982
6429,20,0.025224,0.002414,0.072843,0.00341
6430,20,0.030062,0.001092,0.143853,0.004811
6431,20,0.029935,0.000169,0.124757,0.016315
6432,20,0.026756,6e-05,0.111939,0.002632
6433,20,0.027476,0.006716,0.088058,0.029091
6434,20,0.024378,0.000209,0.092151,0.074107
6435,20,0.018649,0.000162,0.07568,0.03831
6436,20,0.020664,1.4e-05,0.069678,0.03891
6437,20,0.015908,0.000127,0.060824,0.043211
6438,20,0.022724,0.000229,0.054942,0.01368
6439,20,0.020491,0.000209,0.09221,0.026553
6440,20,0.020323,8e-06,0.085638,0.007945
6441,20,0.025216,2e-06,0.067766,0.006659
6442,20,0.020041,0.002065,0.053474,0.042659
6443,20,0.037134,0.000395,0.133628,0.054841
6444,20,0.054513,0.000161,0.436011,0.038457
6445,20,0.030935,0.000121,0.1579,0.009561
6446,20,0.031632,0.000165,0.143926,0.070481
6447,20,0.032572,1.2e-05,0.065027,0.036513
6448,20,0.030915,0.0,0.135793,0.135793
6449,20,0.024628,3.8e-05,0.062236,0.041403
6450,20,0.029699,1.1e-05,0.0712,0.046417
6451,20,0.018884,2.9e-05,0.053255,2.9e-05
6452,20,0.028484,0.001553,0.077619,0.033634
6453,20,0.023553,3e-06,0.071561,0.045434
6454,20,0.014642,0.000117,0.036274,0.002153
6455,20,0.024408,5.9e-05,0.103271,0.024872
6456,20,0.023613,7.8e-05,0.08257,0.001174
6457,20,0.024805,4.2e-05,0.088957,0.030122
6458,20,0.02954,0.00092,0.158067,0.037245
6459,20,0.014744,0.0,0.037704,0.02296
6460,20,0.038617,0.000397,0.090353,0.047043
6461,20,0.019415,5.5e-05,0.069408,0.027072
6462,20,0.026029,0.0,0.064563,0.000615
6463,20,0.032095,0.0,0.133646,0.011762
6464,20,0.025974,4e-05,0.135317,0.0153
6465,20,0.023314,0.001634,0.068077,0.032495
6466,20,0.020446,0.000152,0.154954,0.004109
6467,20,0.031081,6.6e-05,0.083243,0.017112
6468,20,0.02539,7e-06,0.088511,0.020835
6469,20,0.02959,0.00041,0.095299,0.056952
6470,20,0.021878,0.000196,0.053366,0.033491
6471,20,0.025897,0.0,0.095953,0.050379
6472,20,0.047307,0.000651,0.415553,0.415553
6473,20,0.019306,0.000954,0.059063,0.001626
6474,20,0.024394,0.001116,0.164183,0.016282
6475,20,0.023595,0.00049,0.057621,0.019153
6476,20,0.020509,0.00014,0.079915,0.006776
6477,20,0.018466,6.1e-05,0.06385,0.003454
6478,20,0.023138,0.000166,0.062132,0.046401
6479,20,0.039198,0.000458,0.113008,0.026054
6480,20,0.025852,0.001459,0.087279,0.038455
6481,20,0.015651,3.8e-05,0.062727,0.007717
6482,20,0.027931,0.001286,0.075409,0.001286
6483,20,0.018904,0.001226,0.055722,0.008012
6484,20,0.029923,0.000477,0.080631,0.053436
6485,20,0.026304,0.001634,0.084679,0.020357
6486,20,0.02946,0.0,0.092233,0.015356
6487,20,0.022307,0.001845,0.070568,0.017409
6488,20,0.043896,0.000589,0.409514,0.000589
6489,20,0.025558,0.000267,0.066142,0.005841
6490,20,0.027181,0.000237,0.132806,0.007387
6491,20,0.062341,0.000978,0.608279,0.054429
6492,20,0.024794,0.000143,0.070977,0.000143
6493,20,0.018817,4e-06,0.067043,0.002021
6494,20,0.035134,0.000586,0.127588,0.026605
6495,20,0.031435,0.000333,0.079143,0.008259
6496,20,0.022043,0.000251,0.085674,0.070551
6497,20,0.03009,0.000469,0.073682,0.003652
6498,20,0.032116,0.001053,0.172751,0.003215
6499,20,0.039085,0.000175,0.143868,0.036188
6500,20,0.015945,5e-05,0.039993,0.004093
6501,20,0.022463,3e-06,0.092218,3e-06
6502,20,0.024174,1.1e-05,0.088749,0.088749
6503,20,0.022777,0.0003,0.083213,0.002152
6504,20,0.023055,0.002086,0.068613,0.003685
6505,20,0.02302,0.000109,0.074148,0.010677
6506,20,0.029584,0.000398,0.076002,0.036658
6507,20,0.030457,0.000881,0.075202,0.001015
6508,20,0.020839,1e-06,0.085863,1e-06
6509,20,0.036619,1.1e-05,0.186534,0.057971
6510,20,0.022865,4.4e-05,0.0741,0.004866
6511,20,0.019091,8.5e-05,0.061605,8.5e-05
6512,20,0.026999,0.001915,0.058412,0.055651
6513,20,0.030882,0.000277,0.161964,0.019161
6514,20,0.019778,9.4e-05,0.04055,0.04055
6515,20,0.059127,0.000687,0.731414,0.006439
6516,20,0.020747,8e-06,0.069139,0.000792
6517,20,0.022886,4e-06,0.071647,4e-06
6518,20,0.032081,1e-06,0.062267,0.040619
6519,20,0.017821,2.6e-05,0.059444,0.028693
6520,20,0.02466,0.000481,0.066795,0.002895
6521,20,0.051412,0.002022,0.298887,0.027738
6522,20,0.027171,0.001701,0.06007,0.046384
6523,20,0.029266,0.000297,0.069107,0.051187
6524,20,0.026475,8e-06,0.066852,0.025905
6525,20,0.015992,5e-06,0.04569,0.028713
6526,20,0.023979,0.000119,0.087784,0.001562
6527,20,0.054667,0.000553,0.560849,0.001482
6528,20,0.018054,0.0,0.049348,0.014432
6529,20,0.029827,0.000625,0.08933,0.031405
6530,20,0.025588,9.2e-05,0.072687,0.007391
6531,20,0.039519,0.000576,0.142098,0.018624
6532,20,0.027422,9.6e-05,0.080372,0.033029
6533,20,0.030806,1e-06,0.072468,1e-06
6534,20,0.027,3.6e-05,0.197225,0.197225
6535,20,0.030814,7.1e-05,0.179616,0.028842
6536,20,0.027912,0.0001,0.074888,0.0001
6537,20,0.032675,0.000106,0.091214,0.037615
6538,20,0.025358,0.000414,0.061791,0.000602
6539,20,0.024722,2e-06,0.077024,0.039748
6540,20,0.02153,0.000818,0.060335,0.005245
6541,20,0.023531,2.8e-05,0.073893,0.053983
6542,20,0.016337,0.0,0.039525,0.014799
6543,20,0.035974,0.001342,0.146052,0.015419
6544,20,0.023869,0.001839,0.062392,0.018186
6545,20,0.016975,3e-06,0.067359,0.000213
6546,20,0.031468,0.000192,0.07568,0.049289
6547,20,0.02612,0.000494,0.064411,0.01402
6548,20,0.031746,0.000511,0.151503,0.075418
6549,20,0.028648,5e-06,0.066129,0.041404
6550,20,0.020563,0.000409,0.071376,0.071044
6551,20,0.032411,0.000802,0.074173,0.035386
6552,20,0.026706,0.000212,0.072603,0.015515
6553,20,0.032394,8e-06,0.065771,0.058721
6554,20,0.025915,0.000136,0.131832,0.01585
6555,20,0.021087,0.00062,0.061675,0.000996
6556,20,0.028397,0.000337,0.089824,0.089824
6557,20,0.011107,3.2e-05,0.048549,0.008297
6558,20,0.039097,0.000302,0.07772,0.000302
6559,20,0.063377,0.001079,0.645546,0.083108
6560,20,0.026488,1e-06,0.083093,0.061607
6561,20,0.012394,0.001232,0.051023,0.001274
6562,20,0.020163,0.000247,0.058622,0.000247
6563,20,0.031018,0.000118,0.256393,0.005371
6564,20,0.024701,7.5e-05,0.068049,0.0075
6565,20,0.020309,2e-06,0.094076,0.011107
6566,20,0.018712,4e-06,0.059925,0.008926
6567,20,0.023391,9e-06,0.06026,0.011096
6568,20,0.026714,1e-06,0.142053,0.011904
6569,20,0.021906,0.000112,0.080124,0.018757
6570,20,0.022252,0.000457,0.070967,0.011525
6571,20,0.029553,0.001457,0.149657,0.043882
6572,20,0.028163,0.001127,0.096335,0.001127
6573,20,0.01876,1e-06,0.064318,0.000688
6574,20,0.027784,6e-06,0.081611,0.01257
6575,20,0.037289,0.000527,0.175289,0.021401
6576,20,0.021342,0.001642,0.053107,0.008945
6577,20,0.024106,9e-05,0.076317,0.018027
6578,20,0.026379,0.002092,0.099817,0.067497
6579,20,0.018127,3e-05,0.056964,0.001379
6580,20,0.006614,1e-06,0.025792,0.011068
6581,20,0.01591,3.9e-05,0.045662,0.021885
6582,20,0.024787,9e-06,0.084532,0.000737
6583,20,0.013181,0.000479,0.041328,0.004819
6584,20,0.023002,4.2e-05,0.188315,0.188315
6585,20,0.014469,0.0,0.038539,0.000373
6586,20,0.034228,0.001421,0.168,0.007108
6587,20,0.019765,0.000954,0.065749,0.039373
6588,20,0.016187,3.8e-05,0.101076,0.028542
6589,20,0.023985,0.000127,0.096785,0.004878
6590,20,0.023927,2.2e-05,0.076542,0.05361
6591,20,0.031548,0.001359,0.110845,0.001359
6592,20,0.022335,8e-06,0.062366,0.003539
6593,20,0.056256,0.000208,0.643995,0.008781
6594,20,0.025808,0.000678,0.073691,0.019049
6595,20,0.044326,0.001242,0.165431,0.001242
6596,20,0.033173,0.002649,0.070639,0.053216
6597,20,0.018982,3.1e-05,0.060841,0.041521
6598,20,0.017907,9e-06,0.054772,0.000148
6599,20,0.030749,3e-06,0.066584,0.00089
6600,20,0.044459,0.000187,0.256605,0.035305
6601,20,0.066847,0.00011,0.555182,0.00294
6602,20,0.023963,0.000117,0.072029,0.000436
6603,20,0.020619,1e-05,0.08115,0.000297
6604,20,0.020452,0.000745,0.080626,0.006227
6605,20,0.022698,1.3e-05,0.140262,0.002138
6606,20,0.022499,0.000176,0.09768,0.066001
6607,20,0.017689,0.00016,0.087825,0.013443
6608,20,0.027667,0.000392,0.080239,0.01275
6609,20,0.033341,7.6e-05,0.154556,0.032807
6610,20,0.027095,0.000333,0.06568,0.04632
6611,20,0.02756,0.00073,0.063341,0.033232
6612,20,0.032428,1.9e-05,0.085943,0.067628
6613,20,0.032083,3.9e-05,0.170285,0.038972
6614,20,0.047929,2e-06,0.443645,0.038717
6615,20,0.027743,2.1e-05,0.090979,0.008485
6616,20,0.029582,0.002123,0.074254,0.011031
6617,20,0.030596,0.001524,0.145932,0.00328
6618,20,0.023834,0.000396,0.062221,0.044062
6619,20,0.030878,0.000311,0.067841,0.044861
6620,20,0.019224,3e-06,0.076193,9.2e-05
6621,20,0.023504,6e-05,0.085511,0.019314
6622,20,0.025114,3e-05,0.102166,0.089462
6623,20,0.022805,3.8e-05,0.069769,0.003578
6624,20,0.029101,3.4e-05,0.056322,0.055895
6625,20,0.017432,9e-06,0.042486,0.000775
6626,20,0.013893,4.1e-05,0.088361,0.014086
6627,20,0.032374,4.6e-05,0.114686,0.003598
6628,20,0.039002,0.001476,0.303691,0.014824
6629,20,0.022438,3.7e-05,0.106236,0.092705
6630,20,0.016349,2e-06,0.067359,0.018328
6631,20,0.018816,7.5e-05,0.07532,0.010107
6632,20,0.040972,0.001474,0.177081,0.009604
6633,20,0.025668,0.000189,0.09256,0.038849
6634,20,0.055476,0.000578,0.507803,0.045671
6635,20,0.01673,0.000137,0.057866,0.000137
6636,20,0.017856,0.0,0.0878,0.0
6637,20,0.019959,0.000142,0.087151,0.009673
6638,20,0.026259,0.000829,0.058323,0.035394
6639,20,0.014681,3e-06,0.063512,0.000208
6640,20,0.019462,0.0,0.095201,0.029907
6641,20,0.033333,0.000169,0.249304,0.002062
6642,20,0.024267,0.001411,0.067355,0.003922
6643,20,0.027553,0.000485,0.137534,0.001515
6644,20,0.014087,0.0,0.045493,0.011647
6645,20,0.017637,1e-05,0.095652,0.007947
6646,20,0.025564,0.000599,0.066148,0.003638
6647,20,0.027038,0.000431,0.063271,0.063271
6648,20,0.036651,0.001492,0.156811,0.00817
6649,20,0.03609,8e-06,0.142067,0.077745
6650,20,0.018176,0.0002,0.082478,0.001966
6651,20,0.02323,0.0,0.045885,0.029939
6652,20,0.026803,8.8e-05,0.061191,0.002212
6653,20,0.018481,0.0,0.055109,0.037942
6654,20,0.025632,8e-05,0.138196,0.007879
6655,20,0.027105,2.8e-05,0.160239,0.000332
6656,20,0.020914,0.000194,0.095943,0.024369
6657,20,0.029705,5.2e-05,0.158549,0.035256
6658,20,0.018997,3e-06,0.067139,0.043111
6659,20,0.020294,0.000333,0.062936,0.041468
6660,20,0.033642,6e-06,0.072542,0.011265
6661,20,0.026631,0.001343,0.066646,0.066646
6662,20,0.024351,6.1e-05,0.056135,0.012192
6663,20,0.030973,8.9e-05,0.144561,0.057781
6664,20,0.025127,0.0,0.073741,0.004924
6665,20,0.013619,2e-06,0.047285,0.003669
6666,20,0.028196,0.000138,0.069866,0.035725
6667,20,0.028963,6.2e-05,0.077125,0.052915
6668,20,0.041546,0.003317,0.13936,0.053073
6669,20,0.031184,5.2e-05,0.147011,0.060612
6670,20,0.018376,0.000212,0.058121,0.001173
6671,20,0.02516,1.1e-05,0.175448,0.025095
6672,20,0.020593,0.00025,0.055286,0.000804
6673,20,0.026445,1.2e-05,0.16023,0.038124
6674,20,0.019167,8e-06,0.066479,0.026797
6675,20,0.019777,0.000109,0.064392,0.064392
6676,20,0.033865,3.1e-05,0.168627,0.00858
6677,20,0.015693,8.6e-05,0.047906,0.015185
6678,20,0.019387,5.9e-05,0.058356,0.003646
6679,20,0.019705,0.000566,0.060757,0.002166
6680,20,0.02252,0.000228,0.052113,0.049615
6681,20,0.033024,7.9e-05,0.145719,0.011228
6682,20,0.020076,0.0,0.0615,0.054378
6683,20,0.027116,0.000492,0.072736,0.000492
6684,20,0.022001,5e-06,0.055941,0.035038
6685,20,0.025284,0.001419,0.093215,0.044922
6686,20,0.032028,5e-06,0.137998,0.008878
6687,20,0.02813,0.002393,0.05748,0.006687
6688,20,0.023476,3e-06,0.173139,0.173139
6689,20,0.063377,0.000674,0.63047,0.000674
6690,20,0.034621,0.00039,0.079559,0.03325
6691,20,0.029662,6.5e-05,0.149034,0.002282
6692,20,0.029378,4e-06,0.063819,0.014755
6693,20,0.027568,0.000432,0.157287,0.040356
6694,20,0.02577,3.3e-05,0.172099,7.1e-05
6695,20,0.033892,7e-06,0.180041,0.027109
6696,20,0.011479,3.2e-05,0.063584,0.027675
6697,20,0.012982,0.000174,0.062546,0.002644
6698,20,0.018082,1.4e-05,0.069087,0.032669
6699,20,0.024581,4e-06,0.101587,0.000352
6700,20,0.046851,0.000106,0.54944,0.033927
6701,20,0.028022,0.000286,0.073025,0.003865
6702,20,0.035231,0.001896,0.16789,0.025189
6703,20,0.015324,2.5e-05,0.081132,0.017343
6704,20,0.030855,1.9e-05,0.112623,0.00362
6705,20,0.027451,0.000745,0.066974,0.047083
6706,20,0.029259,0.000179,0.21881,0.018912
6707,20,0.023289,6.5e-05,0.083532,0.021844
6708,20,0.024773,1.6e-05,0.090025,0.003771
6709,20,0.031131,3.3e-05,0.083365,0.027817
6710,20,0.020593,2.1e-05,0.068165,0.041163
6711,20,0.027161,0.000592,0.070364,0.005364
6712,20,0.03489,4.4e-05,0.141005,0.000995
6713,20,0.027052,1e-06,0.072235,0.03549
6714,20,0.024072,0.000967,0.082678,0.033495
6715,20,0.023294,6.1e-05,0.187824,0.005188
6716,20,0.030955,0.001761,0.14844,0.140523
6717,20,0.028091,0.000279,0.071347,0.023345
6718,20,0.021562,0.000146,0.075691,0.017366
6719,20,0.021066,1e-06,0.098136,0.008359
6720,20,0.02196,0.001919,0.069617,0.024152
6721,20,0.027053,0.000927,0.072305,0.007916
6722,20,0.043768,0.002172,0.423116,0.083006
6723,20,0.019737,2.9e-05,0.070111,0.019383
6724,20,0.039757,0.002225,0.100438,0.027018
6725,20,0.019517,0.000161,0.057253,0.007813
6726,20,0.022546,5.1e-05,0.060925,0.029198
6727,20,0.020595,2.3e-05,0.07748,0.024947
6728,20,0.033597,0.000762,0.10782,0.011749
6729,20,0.024864,2.3e-05,0.058994,0.038262
6730,20,0.023248,6.4e-05,0.050407,6.4e-05
6731,20,0.02271,4e-06,0.074065,0.032547
6732,20,0.024394,0.000185,0.056026,0.002373
6733,20,0.011458,1e-06,0.038172,0.002591
6734,20,0.020725,0.00026,0.088923,0.053974
6735,20,0.028636,0.000354,0.081351,0.080545
6736,20,0.02503,0.001559,0.094465,0.045842
6737,20,0.02974,0.001364,0.080346,0.002285
6738,20,0.027127,0.00041,0.070518,0.030757
6739,20,0.0159,5.5e-05,0.030617,0.003161
6740,20,0.018943,2.2e-05,0.084191,0.003712
6741,20,0.034077,0.001147,0.07395,0.02326
6742,20,0.037029,6e-06,0.123225,0.050489
6743,20,0.021902,4.7e-05,0.070698,0.002637
6744,20,0.014865,1e-06,0.056125,0.005354
6745,20,0.045399,0.000674,0.175331,0.048044
6746,20,0.016478,0.000502,0.042507,0.002861
6747,20,0.021997,1e-06,0.063724,0.015337
6748,20,0.015353,7.3e-05,0.02829,0.02398
6749,20,0.026148,1e-06,0.090555,1e-06
6750,20,0.041167,0.000172,0.169003,0.006646
6751,20,0.029234,0.000313,0.168861,0.021719
6752,20,0.021554,2.3e-05,0.101489,0.005026
6753,20,0.019198,0.00011,0.073855,0.005944
6754,20,0.023493,0.000309,0.068111,0.031444
6755,20,0.024941,8.8e-05,0.084305,0.046823
6756,20,0.02557,4e-06,0.063912,0.024338
6757,20,0.03606,0.000494,0.130791,0.130791
6758,20,0.029051,0.000107,0.062392,0.043762
6759,20,0.017399,0.0,0.046545,0.041989
6760,20,0.030558,0.000248,0.081097,0.002106
6761,20,0.020008,0.003876,0.058621,0.009229
6762,20,0.014479,2.5e-05,0.040534,0.001798
6763,20,0.01891,8.3e-05,0.117782,0.02586
6764,20,0.015784,0.0,0.062641,0.049637
6765,20,0.024758,2.1e-05,0.071273,0.071273
6766,20,0.03379,0.001661,0.171104,0.00434
6767,20,0.024313,0.000343,0.091622,0.091622
6768,20,0.021044,8.6e-05,0.107623,0.000345
6769,20,0.028953,0.001346,0.079161,0.025415
6770,20,0.020109,0.002986,0.069226,0.004345
6771,20,0.024809,5.3e-05,0.07854,0.018214
6772,20,0.014911,0.000219,0.0588,0.000992
6773,20,0.027886,0.002061,0.071374,0.006295
6774,20,0.028083,5e-05,0.148119,0.002619
6775,20,0.030912,0.000216,0.12912,0.036228
6776,20,0.033395,0.001339,0.074893,0.002658
6777,20,0.023198,2.6e-05,0.08336,0.051725
6778,20,0.01669,6e-06,0.049745,0.028234
6779,20,0.014896,1.8e-05,0.038701,0.028287
6780,20,0.019611,0.001072,0.098187,0.048529
6781,20,0.03038,0.00015,0.065057,0.063381
6782,20,0.014759,0.001105,0.051801,0.002949
6783,20,0.027676,1e-06,0.121987,2.2e-05
6784,20,0.015714,4.5e-05,0.068277,0.003353
6785,20,0.015716,9.2e-05,0.051852,0.051852
6786,20,0.014166,0.000199,0.073544,0.009491
6787,20,0.015819,2e-06,0.039952,0.000461
6788,20,0.025028,6.5e-05,0.09928,0.000174
6789,20,0.023825,3.6e-05,0.162229,0.039174
6790,20,0.019395,0.000839,0.061145,0.006722
6791,20,0.029324,0.001888,0.065435,0.031603
6792,20,0.027343,0.00128,0.058564,0.051474
6793,20,0.022198,0.000181,0.06763,0.000914
6794,20,0.020717,4.6e-05,0.052619,0.023855
6795,20,0.013828,2.7e-05,0.041539,2.7e-05
6796,20,0.025548,0.000458,0.099566,0.007675
6797,20,0.02073,0.000381,0.087202,0.014084
6798,20,0.028891,0.000362,0.122387,0.071292
6799,20,0.023417,7e-06,0.068981,0.012902
6800,20,0.022717,7.7e-05,0.163276,7.7e-05
6801,20,0.01976,0.000102,0.072432,0.029734
6802,20,0.03539,6e-06,0.179273,0.006334
6803,20,0.03246,2e-06,0.104103,0.012671
6804,20,0.023067,0.000232,0.068391,0.037639
6805,20,0.021737,5.8e-05,0.051078,0.033894
6806,20,0.027896,0.002435,0.067393,0.017274
6807,20,0.029639,0.000608,0.140372,0.011201
6808,20,0.019599,8e-05,0.083902,0.02104
6809,20,0.016897,5e-06,0.072206,0.019351
6810,20,0.024788,6.1e-05,0.077161,0.051963
6811,20,0.025851,0.000604,0.060169,0.000604
6812,20,0.023325,0.000498,0.103204,0.002596
6813,20,0.022691,0.000462,0.059131,0.045078
6814,20,0.017377,3e-06,0.050568,0.010674
6815,20,0.0263,4e-06,0.106275,0.00677
6816,20,0.015158,5e-06,0.051967,0.005734
6817,20,0.024676,1.3e-05,0.094334,0.020202
6818,20,0.021929,3.7e-05,0.089807,0.02178
6819,20,0.025308,2e-06,0.154366,0.001146
6820,20,0.025191,0.00041,0.064519,0.003386
6821,20,0.02414,1.2e-05,0.087425,0.025324
6822,20,0.025415,5e-05,0.09213,0.032825
6823,20,0.022312,2.4e-05,0.059166,2.4e-05
6824,20,0.021945,0.000368,0.063733,0.00459
6825,20,0.023994,0.001203,0.061381,0.011481
6826,20,0.025565,4.7e-05,0.068192,0.0343
6827,20,0.021471,0.000139,0.061806,0.016309
6828,20,0.017696,0.000797,0.055965,0.020653
6829,20,0.034417,0.00277,0.068642,0.021836
6830,20,0.019262,8.4e-05,0.042647,0.027231
6831,20,0.031142,0.002968,0.071297,0.038135
6832,20,0.032828,0.009016,0.065691,0.010829
6833,20,0.022515,0.000315,0.075065,0.008618
6834,20,0.026441,0.001995,0.074848,0.006176
6835,20,0.023735,0.00101,0.065475,0.065475
6836,20,0.024191,0.001551,0.06374,0.053016
6837,20,0.025911,0.000567,0.098362,0.010444
6838,20,0.021835,0.0,0.080028,0.0
6839,20,0.022631,0.000116,0.081476,0.005129
6840,20,0.022338,6.9e-05,0.048106,0.000869
6841,20,0.020799,0.000692,0.10986,0.10986
6842,20,0.021957,4.6e-05,0.063318,0.052477
6843,20,0.035701,2.8e-05,0.219828,0.076003
6844,20,0.031659,0.000503,0.069459,0.069242
6845,20,0.024012,0.00013,0.092034,0.024466
6846,20,0.020447,6.5e-05,0.075401,0.024504
6847,20,0.021885,2e-06,0.091276,0.001907
6848,20,0.028347,0.002961,0.061341,0.005729
6849,20,0.02461,7e-05,0.099178,0.066539
6850,20,0.018512,0.0,0.063374,0.002354
6851,20,0.021797,0.000198,0.081757,0.002865
6852,20,0.023833,0.000412,0.103237,0.052691
6853,20,0.035773,1.3e-05,0.146479,0.05565
6854,20,0.026272,0.000439,0.065154,0.032375
6855,20,0.034586,1.8e-05,0.079332,0.055503
6856,20,0.025046,0.0,0.073287,0.030978
6857,20,0.03081,0.001214,0.069355,0.001214
6858,20,0.034181,6.7e-05,0.065296,6.7e-05
6859,20,0.029085,0.004261,0.066711,0.010374
6860,20,0.021239,0.000181,0.062396,0.044731
6861,20,0.02774,7e-05,0.061969,0.046876
6862,20,0.026776,0.000166,0.066196,0.003511
6863,20,0.025565,0.000133,0.056665,0.011983
6864,20,0.031152,1.8e-05,0.060227,0.037293
6865,20,0.017933,0.0008,0.058517,0.004325
6866,20,0.033835,0.000309,0.121214,0.009362
6867,20,0.027564,0.000873,0.065322,0.003774
6868,20,0.028899,0.000942,0.067179,0.067179
6869,20,0.034291,0.000441,0.134904,0.05315
6870,20,0.019139,1e-06,0.0568,0.03852
6871,20,0.028809,0.00045,0.067062,0.020279
6872,20,0.010179,6.1e-05,0.035598,0.007353
6873,20,0.020696,0.000174,0.100233,0.037973
6874,20,0.013881,0.000287,0.048933,0.001484
6875,20,0.030281,0.000139,0.076998,0.031537
6876,20,0.018244,5.8e-05,0.043596,0.011908
6877,20,0.040591,6e-06,0.182331,0.036309
6878,20,0.029025,0.000854,0.191782,0.011321
6879,20,0.013919,0.000242,0.058999,0.005417
6880,20,0.027193,0.000324,0.085959,0.007233
6881,20,0.023604,0.000424,0.089626,0.03237
6882,20,0.044859,0.000205,0.51573,0.002759
6883,20,0.022483,7.2e-05,0.06002,0.044923
6884,20,0.014877,0.001276,0.042671,0.032654
6885,20,0.0265,0.000217,0.070211,0.049932
6886,20,0.022427,5e-06,0.07971,5.4e-05
6887,20,0.023581,0.000869,0.092331,0.092331
6888,20,0.036819,1.2e-05,0.130572,0.038174
6889,20,0.022414,2.2e-05,0.0503,0.007688
6890,20,0.025095,7e-06,0.063206,0.037485
6891,20,0.035147,0.000765,0.106856,0.034123
6892,20,0.030881,0.000259,0.168864,0.096112
6893,20,0.023056,0.000313,0.072114,0.017396
6894,20,0.026454,4.1e-05,0.1467,0.024995
6895,20,0.022919,0.000109,0.078705,0.001803
6896,20,0.040577,1.9e-05,0.441083,0.005833
6897,20,0.020404,0.000249,0.056366,0.002099
6898,20,0.028314,0.000709,0.084978,0.003132
6899,20,0.020729,0.000552,0.085861,0.010723
6900,20,0.028952,0.000372,0.177833,0.031786
6901,20,0.015369,7.5e-05,0.101123,7.5e-05
6902,20,0.031776,9e-06,0.149053,0.066743
6903,20,0.031604,2e-06,0.077635,0.000285
6904,20,0.014423,7.2e-05,0.069276,0.069276
6905,20,0.025402,3.6e-05,0.081753,0.028168
6906,20,0.032044,4e-06,0.085848,0.004559
6907,20,0.036014,0.004054,0.133871,0.065814
6908,20,0.022537,4e-06,0.170702,0.000818
6909,20,0.024688,8.1e-05,0.053077,0.051868
6910,20,0.022332,2e-06,0.067048,0.011918
6911,20,0.021576,0.000556,0.081155,0.062805
6912,20,0.017387,0.00054,0.044601,0.007469
6913,20,0.024838,0.000309,0.128403,0.020843
6914,20,0.040679,1e-06,0.160907,0.010085
6915,20,0.034982,0.001813,0.152605,0.004587
6916,20,0.018186,8.5e-05,0.042738,0.011433
6917,20,0.021409,0.001104,0.058152,0.004895
6918,20,0.04565,6.9e-05,0.363886,9.1e-05
6919,20,0.035273,0.002955,0.076419,0.063454
6920,20,0.022116,0.000635,0.066094,0.053174
6921,20,0.030284,0.000228,0.072911,0.01794
6922,20,0.032575,0.004226,0.063618,0.005588
6923,20,0.021725,0.000134,0.090398,0.027142
6924,20,0.023383,0.000348,0.062671,0.023618
6925,20,0.021864,1e-06,0.085933,1e-06
6926,20,0.029209,0.000309,0.084629,0.005665
6927,20,0.027896,0.000952,0.075474,0.006555
6928,20,0.027179,9.2e-05,0.087972,0.001278
6929,20,0.018928,0.00066,0.088956,0.054218
6930,20,0.022177,0.000227,0.080401,0.038893
6931,20,0.022483,5e-05,0.077512,0.077512
6932,20,0.024189,7.6e-05,0.076247,0.005938
6933,20,0.032923,9.2e-05,0.118168,0.093496
6934,20,0.037136,0.000237,0.091254,0.00897
6935,20,0.04937,1.9e-05,0.4178,0.026802
6936,20,0.026127,1.5e-05,0.079283,0.02459
6937,20,0.018778,1.5e-05,0.09011,0.024571
6938,20,0.031696,0.002178,0.068325,0.04493
6939,20,0.024701,0.000744,0.059445,0.049243
6940,20,0.034319,0.000653,0.122469,0.000653
6941,20,0.028949,0.000314,0.086867,0.002873
6942,20,0.028807,0.003279,0.07217,0.005176
6943,20,0.017144,1.1e-05,0.082767,0.027814
6944,20,0.019784,0.000165,0.06329,0.018113
6945,20,0.028109,1.8e-05,0.087857,0.040672
6946,20,0.021506,0.001073,0.059084,0.059084
6947,20,0.023199,0.000734,0.077241,0.026149
6948,20,0.023962,0.000538,0.100122,0.001287
6949,20,0.015437,8.6e-05,0.059713,0.003151
6950,20,0.03716,2.3e-05,0.157638,0.06973
6951,20,0.01618,3.2e-05,0.055119,0.034043
6952,20,0.019216,4e-06,0.058461,0.028471
6953,20,0.02677,3.5e-05,0.080223,0.024744
6954,20,0.027726,0.000406,0.072197,0.038156
6955,20,0.024662,0.000921,0.083218,0.028861
6956,20,0.01883,9.8e-05,0.050068,0.023669
6957,20,0.026689,0.000145,0.143944,0.005683
6958,20,0.030712,0.000975,0.062859,0.02734
6959,20,0.026108,0.000189,0.056975,0.001722
6960,20,0.024358,7e-06,0.093523,0.001855
6961,20,0.018278,0.000531,0.056873,0.017626
6962,20,0.01732,1e-06,0.098959,6.7e-05
6963,20,0.017018,0.0,0.07463,0.038174
6964,20,0.024437,0.000469,0.058232,0.030033
6965,20,0.036539,0.000692,0.149241,0.0332
6966,20,0.027056,3.2e-05,0.074034,0.049692
6967,20,0.021015,3.2e-05,0.052749,0.0447
6968,20,0.021364,0.002051,0.089253,0.045827
6969,20,0.025492,0.000279,0.13809,0.029934
6970,20,0.036414,9.6e-05,0.078074,0.046367
6971,20,0.025672,7e-05,0.079436,0.027396
6972,20,0.02075,9e-06,0.135983,0.135983
6973,20,0.029944,7.8e-05,0.210921,0.023574
6974,20,0.016877,0.000107,0.082746,0.039557
6975,20,0.030708,0.001166,0.143629,0.017424
6976,20,0.034703,0.001104,0.182031,0.039859
6977,20,0.026245,0.000207,0.091674,0.001185
6978,20,0.039254,0.001441,0.130526,0.037792
6979,20,0.057343,0.001348,0.610619,0.021619
6980,20,0.032677,2.1e-05,0.075456,0.029091
6981,20,0.020928,0.000395,0.059423,0.000781
6982,20,0.018961,0.000176,0.046376,0.042386
6983,20,0.033878,1.9e-05,0.060976,0.036569
6984,20,0.025181,8e-06,0.062743,0.028604
6985,20,0.015003,0.000932,0.058748,0.001528
6986,20,0.057254,0.001284,0.758283,0.012746
6987,20,0.026037,0.000127,0.08159,0.03356
6988,20,0.020156,0.000325,0.074889,0.000325
6989,20,0.017369,2e-05,0.066379,0.001545
6990,20,0.023746,7e-05,0.07382,0.049519
6991,20,0.023865,0.000705,0.075084,0.016181
6992,20,0.014406,0.0,0.076317,0.028058
6993,20,0.022862,0.0,0.093278,0.008933
6994,20,0.012391,0.000207,0.03293,0.000207
6995,20,0.01442,1.3e-05,0.059653,0.000434
6996,20,0.021781,0.00509,0.049442,0.039159
6997,20,0.021207,0.000138,0.098769,0.05154
6998,20,0.024365,0.000205,0.075121,0.028846
6999,20,0.028357,1e-06,0.069622,0.050978
7000,20,0.039964,0.002426,0.139881,0.052052
7001,20,0.026482,3.1e-05,0.101986,0.003613
7002,20,0.031187,0.000162,0.131039,0.003691
7003,20,0.029954,0.00023,0.155346,0.051439
7004,20,0.024888,5e-05,0.067052,0.001386
7005,20,0.018256,0.0004,0.100273,0.022977
7006,20,0.029993,8e-06,0.097739,0.041632
7007,20,0.027938,1.1e-05,0.166656,0.004857
7008,20,0.027065,3e-06,0.062166,0.030333
7009,20,0.022615,0.00078,0.082813,0.031081
7010,20,0.018966,0.001133,0.083125,0.00511
7011,20,0.024946,0.001985,0.061914,0.026261
7012,20,0.022945,0.000182,0.09524,0.000182
7013,20,0.010615,0.000389,0.032556,0.010609
7014,20,0.025228,0.000512,0.1168,0.049203
7015,20,0.025208,0.00178,0.062166,0.025199
7016,20,0.028281,0.000204,0.17939,0.005141
7017,20,0.031039,6.6e-05,0.173316,0.002657
7018,20,0.023474,0.000302,0.071824,0.007575
7019,20,0.027145,0.000915,0.063067,0.019292
7020,20,0.013857,6e-06,0.035257,0.001026
7021,20,0.028825,1e-06,0.088692,0.042025
7022,20,0.038915,0.001301,0.152777,0.039515
7023,20,0.036893,9e-06,0.133128,0.01352
7024,20,0.020735,0.000217,0.066888,0.041248
7025,20,0.019602,1.5e-05,0.072448,0.009183
7026,20,0.027395,0.000259,0.069022,0.043851
7027,20,0.051631,0.0,0.480809,0.047737
7028,20,0.026734,4e-05,0.114641,0.013674
7029,20,0.044807,0.0,0.434565,0.015409
7030,20,0.027157,1.2e-05,0.063577,0.007337
7031,20,0.031892,1e-05,0.193488,0.023206
7032,20,0.017111,0.000327,0.050775,0.005427
7033,20,0.019892,1.5e-05,0.095755,0.017044
7034,20,0.038727,0.000351,0.372774,0.007647
7035,20,0.023055,0.001218,0.076535,0.002084
7036,20,0.040295,0.000186,0.1534,0.076162
7037,20,0.026016,0.000251,0.052081,0.005833
7038,20,0.036149,0.000115,0.113012,0.010459
7039,20,0.060156,0.001525,0.592682,0.03163
7040,20,0.032703,1.1e-05,0.181693,0.041052
7041,20,0.029807,7.5e-05,0.084897,0.006181
7042,20,0.019372,6.7e-05,0.085127,6.7e-05
7043,20,0.01206,8e-06,0.055414,0.002182
7044,20,0.028671,7.9e-05,0.129341,0.00147
7045,20,0.022193,0.000214,0.0836,0.002945
7046,20,0.024286,0.000666,0.077659,0.003257
7047,20,0.025781,1e-06,0.087973,0.0371
7048,20,0.020838,0.000843,0.079796,0.021632
7049,20,0.029573,1e-06,0.085453,0.01564
7050,20,0.021505,0.0,0.085135,0.045176
7051,20,0.02702,0.001822,0.061149,0.034237
7052,20,0.022215,0.000139,0.056372,0.000249
7053,20,0.024792,0.001029,0.063373,0.022557
7054,20,0.025191,0.00119,0.085039,0.00119
7055,20,0.028063,0.000622,0.078514,0.008867
7056,20,0.036977,0.001382,0.107584,0.077051
7057,20,0.024955,6.7e-05,0.071655,0.053772
7058,20,0.026306,0.000738,0.091101,0.091101
7059,20,0.047841,0.000578,0.508802,0.038162
7060,20,0.020374,5.8e-05,0.068247,0.008255
7061,20,0.025401,0.0,0.080639,0.004687
7062,20,0.021214,0.0,0.095531,0.095531
7063,20,0.02518,0.000183,0.094006,0.025323
7064,20,0.025778,0.001432,0.084009,0.003975
7065,20,0.021908,0.00048,0.069655,0.009968
7066,20,0.031749,0.00029,0.072535,0.004874
7067,20,0.01711,4e-06,0.061785,0.018825
7068,20,0.032321,0.000484,0.162157,0.000484
7069,20,0.026307,0.0,0.089121,0.032339
7070,20,0.019806,8.3e-05,0.053174,0.021105
7071,20,0.019633,1.6e-05,0.062306,0.004059
7072,20,0.027781,0.001565,0.064837,0.033333
7073,20,0.02761,0.001565,0.084211,0.020479
7074,20,0.014544,0.0,0.123754,0.001634
7075,20,0.01975,2e-06,0.08078,0.033607
7076,20,0.024321,2.3e-05,0.088717,0.014583
7077,20,0.053301,1e-06,0.510631,0.042489
7078,20,0.029817,0.000214,0.191535,0.013703
7079,20,0.022562,0.000586,0.06384,0.005548
7080,20,0.025966,0.000404,0.080717,0.042088
7081,20,0.029501,5.5e-05,0.081844,0.000833
7082,20,0.01475,0.000909,0.051854,0.019359
7083,20,0.026756,0.0,0.080958,0.008416
7084,20,0.023375,7e-06,0.077057,0.001538
7085,20,0.048693,0.001119,0.303527,0.035992
7086,20,0.038651,3.1e-05,0.119567,0.009594
7087,20,0.027684,0.000149,0.078746,0.001195
7088,20,0.026923,0.0,0.068798,0.005582
7089,20,0.030798,0.000777,0.069641,0.030657
7090,20,0.026477,0.000369,0.112388,0.042203
7091,20,0.026954,0.000547,0.073239,0.032868
7092,20,0.017535,0.000132,0.096151,0.039134
7093,20,0.022641,0.000741,0.069514,0.020418
7094,20,0.022853,0.000475,0.077317,0.000475
7095,20,0.023215,0.000492,0.056195,0.000492
7096,20,0.029288,0.001056,0.089071,0.03678
7097,20,0.024007,0.007643,0.061192,0.013694
7098,20,0.030483,0.000873,0.172552,0.005834
7099,20,0.021885,0.000537,0.064991,0.01703
7100,20,0.018731,9.8e-05,0.065823,0.001503
7101,20,0.0172,0.000257,0.062357,0.002258
7102,20,0.020057,1.6e-05,0.076796,0.000718
7103,20,0.024399,0.000478,0.060905,0.014336
7104,20,0.020144,9.3e-05,0.062605,0.013956
7105,20,0.024523,0.00011,0.065384,0.040523
7106,20,0.022452,0.000272,0.059431,0.019133
7107,20,0.024941,4.3e-05,0.163929,0.002888
7108,20,0.022637,0.000364,0.059487,0.046066
7109,20,0.031114,0.002146,0.073487,0.031126
7110,20,0.038893,0.000137,0.390577,0.063489
7111,20,0.014853,1.5e-05,0.050676,0.005041
7112,20,0.03566,0.002482,0.061418,0.023539
7113,20,0.021659,0.00053,0.088924,0.00053
7114,20,0.036766,4e-06,0.072582,0.043237
7115,20,0.015047,0.000132,0.040536,0.033892
7116,20,0.020855,1e-06,0.087809,0.04179
7117,20,0.021103,0.000185,0.080644,0.030943
7118,20,0.012676,4e-06,0.045448,0.045448
7119,20,0.016552,9.5e-05,0.070359,0.007905
7120,20,0.023881,9.4e-05,0.062847,0.004573
7121,20,0.026532,0.000266,0.057288,0.047353
7122,20,0.021805,0.001559,0.061221,0.030862
7123,20,0.022185,0.000334,0.066296,0.000334
7124,20,0.025335,2e-06,0.076358,0.002847
7125,20,0.027238,0.000244,0.130189,0.000891
7126,20,0.027915,0.000332,0.086159,0.038779
7127,20,0.027844,0.00026,0.143517,0.057176
7128,20,0.02589,0.0002,0.071696,0.013041
7129,20,0.031343,0.000246,0.079631,0.006073
7130,20,0.021785,7.7e-05,0.074761,0.028596
7131,20,0.027974,8.3e-05,0.076892,0.041079
7132,20,0.015534,7.3e-05,0.059483,0.002732
7133,20,0.03158,0.000596,0.137273,0.017131
7134,20,0.025924,0.001003,0.095839,0.059367
7135,20,0.023754,0.000539,0.066571,0.004417
7136,20,0.019624,0.000181,0.079687,0.00056
7137,20,0.021716,0.000186,0.070298,0.04298
7138,20,0.031954,3.8e-05,0.059429,0.033156
7139,20,0.021167,0.000352,0.062072,0.009333
7140,20,0.025179,2e-06,0.071204,0.055125
7141,20,0.023907,0.000127,0.075446,0.075446
7142,20,0.031464,0.00587,0.070861,0.023994
7143,20,0.029215,5.4e-05,0.085561,0.020134
7144,20,0.017517,4e-06,0.080242,3.2e-05
7145,20,0.047335,0.000643,0.24905,0.041438
7146,20,0.023638,0.000155,0.065889,0.000895
7147,20,0.020292,0.000106,0.078244,0.008541
7148,20,0.021944,0.000451,0.070946,0.040759
7149,20,0.021366,1.1e-05,0.082349,0.006069
7150,20,0.021643,5.3e-05,0.062505,5.3e-05
7151,20,0.03719,8.6e-05,0.131281,0.006608
7152,20,0.02264,1.7e-05,0.067193,0.031462
7153,20,0.037619,0.000264,0.149615,0.043668
7154,20,0.033936,0.000258,0.118644,0.001949
7155,20,0.016311,1e-06,0.072348,0.020141
7156,20,0.014596,0.000504,0.065898,0.000547
7157,20,0.022058,1.8e-05,0.082003,0.007838
7158,20,0.020819,0.000828,0.093625,0.038189
7159,20,0.060484,0.00102,0.69684,0.00102
7160,20,0.031711,0.000785,0.074739,0.020486
7161,20,0.024555,0.000259,0.068208,0.02932
7162,20,0.02128,1.1e-05,0.079838,0.032986
7163,20,0.023204,8e-06,0.084665,0.029125
7164,20,0.015207,8e-06,0.053675,0.0139
7165,20,0.026893,0.000341,0.086507,0.010853
7166,20,0.018815,7.9e-05,0.095314,0.000234
7167,20,0.026788,0.000698,0.176425,0.176425
7168,20,0.025193,1.2e-05,0.068833,0.013676
7169,20,0.015719,4.6e-05,0.046469,0.000487
7170,20,0.033591,0.000843,0.09878,0.001136
7171,20,0.024446,0.000238,0.067606,0.062913
7172,20,0.03286,6.2e-05,0.167757,0.031605
7173,20,0.028577,0.00013,0.060469,0.014296
7174,20,0.039138,0.001248,0.156187,0.00756
7175,20,0.019894,0.001231,0.065912,0.009079
7176,20,0.049239,0.002373,0.477078,0.044008
7177,20,0.021301,0.0,0.063545,0.001754
7178,20,0.022647,6e-06,0.081222,0.081222
7179,20,0.02235,1.1e-05,0.086294,0.043647
7180,20,0.021782,0.000106,0.083367,0.035619
7181,20,0.022888,4.1e-05,0.07245,0.007695
7182,20,0.030247,3.8e-05,0.086968,0.030038
7183,20,0.033888,0.000163,0.084491,0.025675
7184,20,0.029681,0.000799,0.066152,0.043729
7185,20,0.022845,0.001177,0.071888,0.036451
7186,20,0.021632,6.9e-05,0.065073,0.001253
7187,20,0.032222,0.0,0.147573,0.012874
7188,20,0.012843,3e-05,0.039376,0.027834
7189,20,0.020267,4.8e-05,0.08253,0.005086
7190,20,0.019069,0.0,0.078616,0.023153
7191,20,0.028035,6.7e-05,0.102926,0.028514
7192,20,0.021253,0.00016,0.068556,0.00016
7193,20,0.022704,0.000335,0.078032,0.000335
7194,20,0.019553,0.000397,0.063349,0.026829
7195,20,0.026414,0.000614,0.077017,0.047168
7196,20,0.023457,0.001173,0.062875,0.041668
7197,20,0.023238,0.000691,0.073669,0.020372
7198,20,0.031549,4e-06,0.09826,0.018068
7199,20,0.032137,0.003409,0.068175,0.055712
7200,20,0.024537,0.000101,0.081525,0.009202
7201,20,0.016578,1e-06,0.055038,0.055038
7202,20,0.029173,0.00019,0.110012,0.00019
7203,20,0.018975,0.000232,0.058045,0.042595
7204,20,0.033414,0.0,0.069287,0.052447
7205,20,0.032367,9.4e-05,0.098898,0.060825
7206,20,0.015112,1e-06,0.046042,0.002369
7207,20,0.015864,7.3e-05,0.088492,0.001321
7208,20,0.034888,0.000525,0.078648,0.019578
7209,20,0.027395,7.3e-05,0.07194,0.000149
7210,20,0.029139,5.7e-05,0.088792,0.0325
7211,20,0.014371,2e-06,0.037066,0.018511
7212,20,0.024421,3.6e-05,0.106788,0.000701
7213,20,0.015023,9.2e-05,0.038732,0.00075
7214,20,0.0183,0.000107,0.067659,0.012146
7215,20,0.018578,2.8e-05,0.095086,0.0084
7216,20,0.029879,0.000384,0.065063,0.053366
7217,20,0.024926,6e-06,0.052472,0.02018
7218,20,0.020994,0.0,0.109214,0.002372
7219,20,0.024189,6.5e-05,0.099909,0.005882
7220,20,0.032504,0.001314,0.073158,0.002166
7221,20,0.024062,4e-06,0.059985,5.6e-05
7222,20,0.04244,0.000278,0.205304,0.083511
7223,20,0.027044,0.000793,0.069954,0.052968
7224,20,0.02656,0.000121,0.169314,0.006812
7225,20,0.036554,0.007979,0.096018,0.030457
7226,20,0.021343,0.000157,0.073406,0.010635
7227,20,0.032851,0.001348,0.07292,0.055103
7228,20,0.023938,0.00241,0.062325,0.03601
7229,20,0.026008,4e-06,0.081756,0.004748
7230,20,0.024099,0.000135,0.082781,0.000236
7231,20,0.014694,0.0,0.060281,0.013415
7232,20,0.032318,7.4e-05,0.177799,0.042323
7233,20,0.017429,0.000125,0.07031,0.051502
7234,20,0.026221,0.00051,0.061325,0.00051
7235,20,0.024965,1e-06,0.07085,0.025203
7236,20,0.020136,6.1e-05,0.074865,0.015982
7237,20,0.023475,6.2e-05,0.06973,0.050043
7238,20,0.027681,0.00027,0.057417,0.024172
7239,20,0.03045,0.000921,0.184101,0.045521
7240,20,0.031853,0.000609,0.073727,0.019142
7241,20,0.041042,0.004284,0.184092,0.051097
7242,20,0.020367,3.7e-05,0.046854,0.025734
7243,20,0.026189,7.1e-05,0.094052,0.020892
7244,20,0.048103,1e-06,0.308295,0.031764
7245,20,0.030874,0.000314,0.073753,0.049985
7246,20,0.016019,0.000331,0.069783,0.015182
7247,20,0.02087,0.000105,0.091705,0.000346
7248,20,0.027356,9e-06,0.06404,0.003646
7249,20,0.022228,3e-05,0.061761,0.051481
7250,20,0.021399,0.000555,0.066555,0.004657
7251,20,0.025185,0.001958,0.06034,0.045678
7252,20,0.01893,6e-06,0.065652,0.009598
7253,20,0.035119,0.001242,0.129552,0.073301
7254,20,0.025495,6e-06,0.090379,0.004917
7255,20,0.032082,0.001183,0.074717,0.006528
7256,20,0.030194,3e-06,0.156643,0.004231
7257,20,0.026833,0.000779,0.072837,0.056417
7258,20,0.026117,2e-06,0.086167,0.007428
7259,20,0.033989,0.001199,0.075581,0.055799
7260,20,0.025122,6.8e-05,0.178112,0.000946
7261,20,0.02435,0.0,0.076063,0.010009
7262,20,0.017792,8.7e-05,0.058751,0.005295
7263,20,0.016225,0.000106,0.051782,0.023229
7264,20,0.051958,0.00359,0.444374,0.031708
7265,20,0.031258,0.000792,0.079259,0.050629
7266,20,0.02891,4.9e-05,0.104338,0.00195
7267,20,0.027044,0.000673,0.061973,0.043307
7268,20,0.029697,0.001963,0.08723,0.020055
7269,20,0.021114,0.000122,0.074674,0.045031
7270,20,0.027615,0.000288,0.055778,0.009723
7271,20,0.026724,0.000501,0.069067,0.047407
7272,20,0.026735,0.000541,0.059505,0.020414
7273,20,0.025101,1.4e-05,0.09891,0.012847
7274,20,0.027881,4e-06,0.073807,0.049774
7275,20,0.034508,0.001252,0.067363,0.058559
7276,20,0.03062,0.000393,0.058937,0.054851
7277,20,0.025826,0.001222,0.06131,0.042786
7278,20,0.02647,0.000212,0.140224,0.036295
7279,20,0.023568,6e-06,0.090318,4.3e-05
7280,20,0.024948,2.5e-05,0.069311,0.006476
7281,20,0.028619,5.2e-05,0.099783,0.001814
7282,20,0.032048,1.1e-05,0.065723,0.059112
7283,20,0.022547,0.000279,0.058652,0.006025
7284,20,0.044002,0.000118,0.333791,0.040544
7285,20,0.024562,7.3e-05,0.067726,0.036574
7286,20,0.027515,0.000143,0.081129,0.006517
7287,20,0.025597,0.002137,0.066322,0.012816
7288,20,0.026348,9e-06,0.08668,0.00245
7289,20,0.019951,0.00123,0.064529,0.034831
7290,20,0.066032,0.003319,0.489116,0.022574
7291,20,0.022561,0.000514,0.067774,0.035981
7292,20,0.019577,3.6e-05,0.07808,0.001884
7293,20,0.028619,0.001969,0.065322,0.006379
7294,20,0.031522,0.002282,0.070206,0.004226
7295,20,0.031874,0.001744,0.157752,0.010395
7296,20,0.039203,4e-06,0.114242,0.00741
7297,20,0.024312,0.000346,0.079052,0.001421
7298,20,0.015535,0.000108,0.04107,0.019744
7299,20,0.027568,1e-06,0.097429,0.003099
7300,20,0.023698,8.5e-05,0.109183,0.109183
7301,20,0.023993,4.8e-05,0.084733,0.050943
7302,20,0.031129,8.1e-05,0.076154,0.043972
7303,20,0.014884,1e-05,0.035339,0.024998
7304,20,0.056871,0.001276,0.608457,0.004369
7305,20,0.023908,9e-06,0.080469,0.00171
7306,20,0.01525,4e-06,0.041889,0.015796
7307,20,0.017709,7e-06,0.106285,0.001351
7308,20,0.027784,1.2e-05,0.061825,0.035417
7309,20,0.035332,0.0,0.154716,0.038561
7310,20,0.027078,9e-06,0.091125,0.021611
7311,20,0.030713,0.000779,0.08942,0.046287
7312,20,0.039068,0.002286,0.139018,0.004708
7313,20,0.031228,0.00027,0.077732,0.017013
7314,20,0.035334,3e-05,0.333254,0.032593
7315,20,0.023102,4.2e-05,0.064308,0.00389
7316,20,0.033265,0.000177,0.069583,0.069583
7317,20,0.025431,0.002695,0.060603,0.01149
7318,20,0.022754,2.7e-05,0.14029,0.001371
7319,20,0.0205,7e-06,0.063585,0.020394
7320,20,0.034334,8.8e-05,0.288021,0.020652
7321,20,0.0199,2e-06,0.062087,0.016259
7322,20,0.021121,6.1e-05,0.082093,0.002283
7323,20,0.012538,6e-06,0.039473,6e-06
7324,20,0.027974,0.000385,0.160999,0.001521
7325,20,0.022518,1.3e-05,0.070361,0.02518
7326,20,0.018561,0.0,0.058632,5e-06
7327,20,0.018478,0.000715,0.058989,0.001538
7328,20,0.028053,4e-06,0.073633,0.039823
7329,20,0.017303,6e-06,0.039522,0.000232
7330,20,0.022748,3.6e-05,0.074398,0.005816
7331,20,0.038943,0.000293,0.151432,0.020112
7332,20,0.021299,0.000775,0.058472,0.009593
7333,20,0.030236,5.5e-05,0.063575,0.036929
7334,20,0.020344,0.000438,0.127775,0.006481
7335,20,0.02597,0.000402,0.070364,0.060122
7336,20,0.02221,0.000147,0.068689,0.019571
7337,20,0.02968,1e-06,0.074215,0.00345
7338,20,0.017592,0.000235,0.044989,0.015054
7339,20,0.035142,5e-06,0.244155,0.032095
7340,20,0.021775,0.0,0.062743,0.017049
7341,20,0.041535,8.5e-05,0.192849,0.033044
7342,20,0.027566,1e-06,0.063687,0.051217
7343,20,0.032036,0.000101,0.124908,0.063774
7344,20,0.034572,0.001637,0.143739,0.053372
7345,20,0.02306,0.0,0.06397,0.005445
7346,20,0.020522,2.6e-05,0.057155,0.017622
7347,20,0.029348,4e-06,0.084051,0.060021
7348,20,0.036494,0.000632,0.067115,0.050239
7349,20,0.021954,0.000161,0.067626,0.013372
7350,20,0.02942,2e-06,0.074525,0.013275
7351,20,0.037742,5.7e-05,0.175158,0.017061
7352,20,0.027595,9.4e-05,0.069407,0.028127
7353,20,0.026865,1.8e-05,0.091282,0.034661
7354,20,0.024774,0.0,0.072075,0.040464
7355,20,0.019733,0.001124,0.061852,0.061852
7356,20,0.020299,3.6e-05,0.085425,0.012704
7357,20,0.020352,8e-05,0.058111,0.023389
7358,20,0.036354,0.001045,0.145921,0.013403
7359,20,0.025248,0.0,0.063103,0.007296
7360,20,0.023309,3.6e-05,0.063887,3.6e-05
7361,20,0.026591,3.8e-05,0.082544,0.034625
7362,20,0.022328,0.000263,0.109233,0.011283
7363,20,0.020142,0.000389,0.067238,0.028149
7364,20,0.02518,0.000288,0.087117,0.028985
7365,20,0.021695,2e-06,0.067333,0.003958
7366,20,0.023799,0.000271,0.067099,0.011323
7367,20,0.02238,0.00019,0.06979,0.004345
7368,20,0.027502,2.2e-05,0.072549,0.037572
7369,20,0.031149,0.002337,0.17322,0.005971
7370,20,0.027032,0.002988,0.068175,0.045149
7371,20,0.04188,7.2e-05,0.453535,0.085014
7372,20,0.027628,0.000392,0.077835,0.007179
7373,20,0.032288,0.000428,0.177955,0.025762
7374,20,0.024596,0.002018,0.079035,0.019526
7375,20,0.027354,0.001535,0.152568,0.022772
7376,20,0.031644,0.001671,0.07564,0.033492
7377,20,0.030188,0.00266,0.090717,0.029282
7378,20,0.031117,1.4e-05,0.075226,0.002045
7379,20,0.026964,0.000152,0.168682,0.003698
7380,20,0.019342,0.002845,0.056039,0.040675
7381,20,0.04873,0.000253,0.528609,0.037336
7382,20,0.040371,0.000336,0.145441,0.066348
7383,20,0.018989,0.000214,0.056214,0.02657
7384,20,0.024961,4e-05,0.089209,0.015309
7385,20,0.021709,0.000172,0.080856,0.000294
7386,20,0.028236,0.00051,0.113444,0.06185
7387,20,0.021523,6e-06,0.0596,0.029447
7388,20,0.031224,0.000122,0.181014,0.000122
7389,20,0.028741,2.5e-05,0.082233,0.029656
7390,20,0.029459,7e-06,0.087564,0.008906
7391,20,0.016692,4.4e-05,0.060687,0.015497
7392,20,0.025403,0.00017,0.058328,0.003887
7393,20,0.022729,0.001921,0.085693,0.004877
7394,20,0.02873,0.001572,0.064471,0.034193
7395,20,0.027621,0.002731,0.070706,0.006245
7396,20,0.024938,8e-06,0.101791,0.055918
7397,20,0.019581,0.0,0.058808,0.0
7398,20,0.023219,1.3e-05,0.100423,0.002573
7399,20,0.024607,0.000215,0.061697,0.025739
7400,20,0.025565,5.1e-05,0.06739,0.01558
7401,20,0.025699,2.7e-05,0.100497,0.021368
7402,20,0.020495,4.8e-05,0.083977,0.033476
7403,20,0.02415,0.000111,0.097423,0.007264
7404,20,0.026405,0.0,0.179211,0.005096
7405,20,0.056007,3.2e-05,0.444292,0.444292
7406,20,0.021022,9.8e-05,0.063996,9.8e-05
7407,20,0.01986,4.4e-05,0.079897,0.017017
7408,20,0.021936,0.000292,0.059646,0.007846
7409,20,0.022139,3.5e-05,0.078329,0.020443
7410,20,0.024753,6e-06,0.075285,0.014073
7411,20,0.022305,0.000714,0.063112,0.042934
7412,20,0.024407,0.00023,0.093156,0.025048
7413,20,0.028643,5e-06,0.070102,0.051718
7414,20,0.023097,0.002063,0.064948,0.064948
7415,20,0.03166,0.001373,0.062836,0.007492
7416,20,0.018609,0.000426,0.066574,0.012022
7417,20,0.027758,0.001179,0.072914,0.010984
7418,20,0.027972,3.9e-05,0.074762,0.05511
7419,20,0.033467,0.003209,0.098815,0.017604
7420,20,0.020547,9.2e-05,0.083152,0.073021
7421,20,0.02554,0.000341,0.090953,0.034461
7422,20,0.023152,9.2e-05,0.068966,0.0359
7423,20,0.029624,0.000195,0.059179,0.035788
7424,20,0.02633,3.1e-05,0.124729,0.006186
7425,20,0.022372,4e-06,0.055201,0.007302
7426,20,0.020946,2e-06,0.082721,3e-06
7427,20,0.025211,0.000147,0.081885,0.046546
7428,20,0.04916,0.000188,0.471888,0.008348
7429,20,0.027246,1.7e-05,0.076063,0.010702
7430,20,0.035638,0.000599,0.144254,0.003915
7431,20,0.029191,4.5e-05,0.06826,0.042725
7432,20,0.022087,8.3e-05,0.075634,0.014819
7433,20,0.01691,0.0,0.049229,0.013993
7434,20,0.03067,6e-06,0.159111,0.055032
7435,20,0.016365,1e-06,0.053313,0.01784
7436,20,0.032796,0.000994,0.125337,0.00529
7437,20,0.018686,0.000978,0.057581,0.035854
7438,20,0.026258,0.000642,0.071125,0.011652
7439,20,0.03196,2.7e-05,0.143878,0.076213
7440,20,0.018752,0.001096,0.068048,0.034875
7441,20,0.021275,0.000491,0.059714,0.054145
7442,20,0.028555,0.000399,0.149627,0.000399
7443,20,0.025916,0.0,0.061708,0.003223
7444,20,0.019829,0.000205,0.058786,0.020795
7445,20,0.018862,7e-05,0.052557,0.019336
7446,20,0.016725,1.1e-05,0.085394,0.036995
7447,20,0.032075,0.000156,0.089227,0.007436
7448,20,0.047597,6.3e-05,0.438264,6.3e-05
7449,20,0.032249,0.001443,0.11745,0.00223
7450,20,0.01821,3.5e-05,0.044809,0.033674
7451,20,0.01415,0.000832,0.043139,0.03327
7452,20,0.022524,3e-06,0.165421,0.039635
7453,20,0.028643,6.6e-05,0.172951,0.025727
7454,20,0.037723,5.7e-05,0.086923,0.000319
7455,20,0.018892,0.001153,0.075474,0.04729
7456,20,0.016612,0.000282,0.059569,0.000282
7457,20,0.024964,7e-05,0.073393,7e-05
7458,20,0.026639,5.5e-05,0.067729,0.002227
7459,20,0.016467,0.000156,0.073984,0.029516
7460,20,0.025654,0.000124,0.073231,0.056304
7461,20,0.027014,0.000199,0.152189,0.047302
7462,20,0.022191,0.000143,0.055623,0.000203
7463,20,0.032123,0.000748,0.076037,0.072798
7464,20,0.016788,1e-06,0.052056,0.022791
7465,20,0.034653,0.004221,0.140053,0.008021
7466,20,0.027691,7e-06,0.082599,0.03833
7467,20,0.023145,0.000763,0.051351,0.022686
7468,20,0.029327,0.0,0.075827,0.0
7469,20,0.020206,2e-06,0.09522,0.028215
7470,20,0.028357,6e-05,0.131998,0.016259
7471,20,0.0332,0.001056,0.154447,0.023694
7472,20,0.021958,0.0,0.070585,0.021373
7473,20,0.029632,1.2e-05,0.093646,0.044224
7474,20,0.027176,5.9e-05,0.084663,0.003049
7475,20,0.01873,0.000757,0.056253,0.002473
7476,20,0.022335,6e-06,0.05554,0.017112
7477,20,0.054627,0.00027,0.48577,0.001964
7478,20,0.021857,1.8e-05,0.07489,0.005991
7479,20,0.022416,3e-06,0.091933,0.049599
7480,20,0.040486,0.000126,0.132265,0.066903
7481,20,0.031076,0.002262,0.069379,0.019878
7482,20,0.020078,3.1e-05,0.114282,0.025551
7483,20,0.017163,1.6e-05,0.09022,0.020769
7484,20,0.019096,1.5e-05,0.084525,0.003434
7485,20,0.022448,0.000701,0.060857,0.039846
7486,20,0.018056,7e-06,0.070248,6.5e-05
7487,20,0.042874,0.000317,0.389154,0.017703
7488,20,0.033512,0.000354,0.109798,0.052895
7489,20,0.020236,0.000852,0.056226,0.029198
7490,20,0.016791,6e-06,0.04497,0.031096
7491,20,0.030737,1e-06,0.102141,0.024775
7492,20,0.023796,0.00146,0.071353,0.05641
7493,20,0.014893,1e-06,0.060316,0.02592
7494,20,0.026558,0.000134,0.05586,0.023076
7495,20,0.023455,4.6e-05,0.08351,0.007155
7496,20,0.022366,0.00015,0.065092,0.036307
7497,20,0.017813,0.000864,0.066689,0.066689
7498,20,0.022468,0.001991,0.05924,0.004532
7499,20,0.036075,0.001878,0.151893,0.035826
7500,20,0.018541,1e-06,0.067996,0.039369
7501,20,0.027499,8e-06,0.07144,0.00871
7502,20,0.018604,2.3e-05,0.05351,0.05351
7503,20,0.024895,0.0001,0.110534,0.034692
7504,20,0.025035,0.000179,0.059243,0.006583
7505,20,0.014281,1.6e-05,0.047158,0.002933
7506,20,0.021092,0.001992,0.055619,0.026765
7507,20,0.018024,2e-05,0.050667,0.050667
7508,20,0.022429,0.0,0.068745,0.010579
7509,20,0.040171,0.0,0.119736,0.046966
7510,20,0.031185,0.000155,0.119164,0.028716
7511,20,0.026079,0.000302,0.06552,0.052163
7512,20,0.025762,6.9e-05,0.067664,0.008865
7513,20,0.014227,1.6e-05,0.0417,0.001557
7514,20,0.016269,0.002141,0.062595,0.002141
7515,20,0.027118,0.000589,0.135982,0.019412
7516,20,0.02581,0.001551,0.054944,0.016434
7517,20,0.031565,0.000775,0.103872,0.002453
7518,20,0.028392,0.000156,0.117512,0.063104
7519,20,0.01921,5.8e-05,0.066413,0.012297
7520,20,0.026473,0.000578,0.076382,0.035335
7521,20,0.022318,2.8e-05,0.080242,0.012947
7522,20,0.021949,0.000948,0.061416,0.026218
7523,20,0.053926,3.7e-05,0.383905,0.071276
7524,20,0.02491,0.000232,0.072883,0.000534
7525,20,0.032147,0.002217,0.086076,0.002217
7526,20,0.016729,0.000997,0.06692,0.00673
7527,20,0.027621,1.8e-05,0.068195,0.038746
7528,20,0.021011,1.4e-05,0.067284,0.020453
7529,20,0.021611,0.00013,0.076806,0.02162
7530,20,0.022148,8.1e-05,0.091989,0.009231
7531,20,0.015711,1e-06,0.090295,0.000122
7532,20,0.02012,0.000431,0.060334,0.050096
7533,20,0.037714,9e-06,0.117343,0.022713
7534,20,0.022476,0.00166,0.076125,0.038255
7535,20,0.039078,2e-05,0.083333,0.008461
7536,20,0.027334,6.5e-05,0.072729,0.003152
7537,20,0.032058,0.002084,0.070144,0.025765
7538,20,0.018442,0.000127,0.059117,0.02084
7539,20,0.024594,4.9e-05,0.083532,0.011761
7540,20,0.028522,0.001282,0.059404,0.01295
7541,20,0.031837,0.000748,0.063687,0.057233
7542,20,0.036125,0.002719,0.068633,0.055924
7543,20,0.022237,0.000118,0.074392,0.009255
7544,20,0.020641,0.000293,0.06887,0.00166
7545,20,0.015793,4.5e-05,0.038937,0.000359
7546,20,0.028195,0.000165,0.068256,0.035185
7547,20,0.029097,0.001518,0.069003,0.048802
7548,20,0.020854,0.000164,0.062744,0.003824
7549,20,0.044266,0.003592,0.286807,0.005749
7550,20,0.021618,5.1e-05,0.095399,0.016209
7551,20,0.023118,2.5e-05,0.070012,0.041072
7552,20,0.018614,1.2e-05,0.060202,0.051797
7553,20,0.028172,0.0,0.081504,0.003497
7554,20,0.019697,0.000206,0.060038,0.000311
7555,20,0.025288,1e-06,0.087967,0.030568
7556,20,0.02076,8.2e-05,0.080745,0.033961
7557,20,0.028013,4.5e-05,0.070743,0.057937
7558,20,0.031454,0.003883,0.077571,0.033002
7559,20,0.026244,2e-06,0.108297,0.048281
7560,20,0.017845,7.8e-05,0.093069,0.011443
7561,20,0.023729,2e-06,0.096854,0.000444
7562,20,0.026244,0.000399,0.090861,0.068996
7563,20,0.018101,2e-06,0.053314,0.016669
7564,20,0.018753,0.0,0.082513,0.001006
7565,20,0.031535,0.002201,0.074355,0.038109
7566,20,0.023703,0.000223,0.069948,0.010702
7567,20,0.022124,0.000105,0.079871,0.006159
7568,20,0.031337,1e-06,0.135184,0.018581
7569,20,0.03485,0.001061,0.125753,0.005082
7570,20,0.026965,0.000211,0.067275,0.013835
7571,20,0.011464,1.2e-05,0.036568,0.02372
7572,20,0.021073,0.000108,0.061537,0.026849
7573,20,0.017536,0.000843,0.041096,0.007852
7574,20,0.03733,2e-06,0.291142,0.035675
7575,20,0.032159,2e-06,0.134381,0.041059
7576,20,0.023654,0.000465,0.075073,0.008066
7577,20,0.021251,8e-06,0.079897,0.002243
7578,20,0.019959,0.00069,0.06034,0.003
7579,20,0.027784,0.000155,0.148171,0.026421
7580,20,0.030352,0.001978,0.088294,0.061473
7581,20,0.051955,0.001405,0.577698,0.577698
7582,20,0.034853,1.3e-05,0.104343,0.055874
7583,20,0.030179,0.001116,0.124225,0.004993
7584,20,0.023769,1.2e-05,0.058495,1.2e-05
7585,20,0.020197,1e-06,0.099377,0.047218
7586,20,0.016344,4.6e-05,0.063221,4.6e-05
7587,20,0.020459,0.0,0.0721,0.039419
7588,20,0.026463,1e-06,0.087796,0.001699
7589,20,0.035891,0.000266,0.221029,0.040168
7590,20,0.023434,3e-06,0.085918,0.013962
7591,20,0.024747,0.000248,0.09691,0.075564
7592,20,0.042777,0.00056,0.412154,0.00056
7593,20,0.023706,0.000672,0.071921,0.023374
7594,20,0.022758,0.000129,0.073871,0.000129
7595,20,0.022899,2.8e-05,0.085957,0.037985
7596,20,0.034257,0.000452,0.075783,0.068875
7597,20,0.01595,2e-06,0.045176,6e-06
7598,20,0.021518,1.4e-05,0.073765,0.038422
7599,20,0.024428,0.0,0.077035,0.046459
7600,20,0.028069,0.000224,0.064049,0.001781
7601,20,0.029114,1.3e-05,0.127254,0.053853
7602,20,0.026857,4e-06,0.109131,0.109131
7603,20,0.027515,1.2e-05,0.084916,0.064541
7604,20,0.020611,3.3e-05,0.073213,0.032486
7605,20,0.031273,2e-06,0.069554,0.067537
7606,20,0.0178,0.000423,0.056773,0.052773
7607,20,0.025037,0.002748,0.056293,0.020793
7608,20,0.019259,4e-06,0.083622,4e-06
7609,20,0.04505,0.000962,0.13719,0.073112
7610,20,0.033887,0.001665,0.076314,0.040591
7611,20,0.024596,8e-06,0.083665,0.071747
7612,20,0.018832,0.00117,0.066149,0.030294
7613,20,0.025956,0.002393,0.094657,0.010609
7614,20,0.026452,3e-06,0.177527,0.010545
7615,20,0.022647,0.000408,0.06442,0.019463
7616,20,0.027905,0.000657,0.058898,0.030586
7617,20,0.02359,0.000706,0.080814,0.000706
7618,20,0.033975,0.000121,0.075821,0.004534
7619,20,0.034852,0.00027,0.3085,0.3085
7620,20,0.024342,0.002658,0.063563,0.063563
7621,20,0.022373,0.001039,0.060293,0.009922
7622,20,0.026614,0.000239,0.07142,0.01966
7623,20,0.017386,4.9e-05,0.086404,0.024694
7624,20,0.024053,1.4e-05,0.104341,0.025873
7625,20,0.021098,0.000441,0.055675,0.01309
7626,20,0.026526,0.001028,0.097476,0.073319
7627,20,0.027458,1.1e-05,0.071184,0.001604
7628,20,0.024545,0.000443,0.054091,0.005629
7629,20,0.027626,6.3e-05,0.091352,0.026081
7630,20,0.023925,0.0,0.078979,0.011094
7631,20,0.020386,1.6e-05,0.09262,0.004186
7632,20,0.02088,0.000521,0.097806,0.016679
7633,20,0.016439,2e-06,0.043223,0.000494
7634,20,0.031518,0.0011,0.162877,0.039442
7635,20,0.015007,0.000424,0.051256,0.000589
7636,20,0.022047,0.0,0.083072,0.012333
7637,20,0.027023,0.000864,0.077508,0.002653
7638,20,0.029036,0.000515,0.067038,0.035522
7639,20,0.013433,3e-06,0.03046,0.000131
7640,20,0.023093,0.000457,0.070526,0.000457
7641,20,0.026175,5e-06,0.069738,5e-06
7642,20,0.030268,0.0,0.142869,0.019522
7643,20,0.025096,0.000506,0.059119,0.000506
7644,20,0.028174,1.1e-05,0.205501,0.027446
7645,20,0.023591,0.0,0.088989,0.009709
7646,20,0.017358,0.0,0.06718,0.019343
7647,20,0.023675,2e-05,0.074287,0.01131
7648,20,0.026859,0.000777,0.06445,0.045825
7649,20,0.023247,0.000201,0.065185,0.011604
7650,20,0.023433,0.000219,0.075055,0.007147
7651,20,0.022042,0.000252,0.073589,0.067153
7652,20,0.030968,5e-05,0.084481,0.01381
7653,20,0.036318,0.000141,0.097678,0.076631
7654,20,0.022063,1e-06,0.078138,0.004238
7655,20,0.020539,0.000577,0.07608,0.042977
7656,20,0.018838,0.00041,0.057036,0.004468
7657,20,0.019372,5.9e-05,0.067149,0.002007
7658,20,0.020354,0.000652,0.062734,0.019625
7659,20,0.025171,0.001595,0.069634,0.069634
7660,20,0.029176,1.1e-05,0.187682,0.052448
7661,20,0.026129,0.0,0.065948,0.041616
7662,20,0.022343,0.001384,0.076676,0.076676
7663,20,0.022027,2.3e-05,0.074218,0.027597
7664,20,0.028592,0.003247,0.071272,0.05374
7665,20,0.023853,0.000121,0.064083,0.019037
7666,20,0.019883,9.4e-05,0.062698,0.020493
7667,20,0.027093,0.000958,0.062234,0.029033
7668,20,0.014934,0.000143,0.061063,0.002777
7669,20,0.025958,0.000672,0.210348,0.000672
7670,20,0.016696,0.0,0.071047,0.012489
7671,20,0.020066,1.4e-05,0.05759,0.034505
7672,20,0.027723,9e-06,0.086493,0.003912
7673,20,0.023968,7.3e-05,0.14678,0.054394
7674,20,0.020297,9.1e-05,0.076449,0.001687
7675,20,0.028869,1.2e-05,0.095481,1.2e-05
7676,20,0.024735,3.3e-05,0.074269,0.074269
7677,20,0.021562,1.6e-05,0.087827,0.066408
7678,20,0.03471,0.00119,0.063441,0.058499
7679,20,0.035263,0.002997,0.073438,0.022188
7680,20,0.020797,0.00094,0.058304,0.004107
7681,20,0.025102,0.00012,0.074843,0.074843
7682,20,0.039692,3.7e-05,0.112269,0.058578
7683,20,0.03167,0.000953,0.150264,0.026655
7684,20,0.028033,3.7e-05,0.129435,3.7e-05
7685,20,0.029788,0.001126,0.077688,0.045554
7686,20,0.024707,0.000418,0.072606,0.072606
7687,20,0.017048,0.000254,0.05097,0.001056
7688,20,0.029063,5e-05,0.144501,0.000155
7689,20,0.029647,0.000176,0.069338,0.015215
7690,20,0.02191,0.000461,0.070256,0.013551
7691,20,0.017191,6e-06,0.038959,0.017276
7692,20,0.030936,8e-06,0.204468,0.024903
7693,20,0.024134,4.1e-05,0.074053,0.007147
7694,20,0.029172,0.000105,0.085146,0.037105
7695,20,0.035212,0.00051,0.142183,0.041896
7696,20,0.01874,4e-05,0.048865,0.02679
7697,20,0.022601,3.2e-05,0.078669,0.004766
7698,20,0.024661,0.002171,0.047946,0.018167
7699,20,0.031184,0.000201,0.084721,0.038348
7700,20,0.034001,0.001515,0.157475,0.032678
7701,20,0.029503,0.000321,0.106495,0.0052
7702,20,0.04043,0.000977,0.142574,0.010274
7703,20,0.02595,0.002156,0.060843,0.002156
7704,20,0.028339,0.000194,0.160363,0.056145
7705,20,0.028941,0.001359,0.161333,0.013798
7706,20,0.05597,0.001449,0.51043,0.058302
7707,20,0.023777,0.000199,0.063061,0.004418
7708,20,0.021997,0.000735,0.058736,0.002999
7709,20,0.024048,1.3e-05,0.074773,0.000359
7710,20,0.026769,2.2e-05,0.229985,0.003678
7711,20,0.02099,0.000226,0.068521,0.009655
7712,20,0.023917,0.000661,0.067093,0.008972
7713,20,0.028458,2e-06,0.162771,0.053744
7714,20,0.019539,0.000167,0.063446,0.010384
7715,20,0.02564,1.5e-05,0.080714,0.031152
7716,20,0.030655,1.5e-05,0.106713,0.046237
7717,20,0.023229,0.002,0.057499,0.017046
7718,20,0.025554,0.000146,0.069025,0.000442
7719,20,0.025143,8e-06,0.076585,0.02935
7720,20,0.021277,9.9e-05,0.102574,0.031188
7721,20,0.01144,4.4e-05,0.050176,0.013098
7722,20,0.035798,6e-06,0.153073,0.016196
7723,20,0.026203,0.000598,0.092252,0.006306
7724,20,0.041276,0.000135,0.112699,0.002845
7725,20,0.041763,4.7e-05,0.164812,0.037222
7726,20,0.028718,0.0,0.086012,0.000108
7727,20,0.033236,0.000662,0.267368,0.267368
7728,20,0.02867,0.0,0.081146,0.026799
7729,20,0.023424,5.5e-05,0.101098,0.037901
7730,20,0.023874,7.4e-05,0.077623,0.001461
7731,20,0.024473,0.000336,0.162472,0.049867
7732,20,0.019562,4.7e-05,0.083864,0.021985
7733,20,0.015851,0.000337,0.067752,0.009012
7734,20,0.019786,1.4e-05,0.060408,0.017701
7735,20,0.029229,1.6e-05,0.095183,0.051346
7736,20,0.024523,3e-06,0.194755,0.004838
7737,20,0.024612,0.000162,0.096055,0.000162
7738,20,0.027736,0.0,0.072817,0.037746
7739,20,0.017087,6e-05,0.062727,0.021631
7740,20,0.026725,2.9e-05,0.086256,0.081624
7741,20,0.017219,0.0,0.099766,0.02102
7742,20,0.014647,0.0,0.096511,6.3e-05
7743,20,0.028896,9.1e-05,0.083582,0.081791
7744,20,0.020239,8e-06,0.037896,0.019688
7745,20,0.013409,0.000102,0.085381,0.028903
7746,20,0.025982,0.0,0.078574,0.048619
7747,20,0.025359,0.002603,0.068137,0.006007
7748,20,0.044133,0.000105,0.38385,0.053486
7749,20,0.049341,0.000753,0.397953,0.079342
7750,20,0.025988,9e-06,0.069557,0.047759
7751,20,0.030314,0.000106,0.071204,0.000106
7752,20,0.026814,6e-06,0.080985,0.043987
7753,20,0.026462,9.8e-05,0.084743,0.029376
7754,20,0.020353,4e-05,0.084011,0.043958
7755,20,0.028435,0.00102,0.067685,0.056285
7756,20,0.024502,8e-05,0.062095,0.013613
7757,20,0.019735,0.000267,0.061699,0.008544
7758,20,0.035766,6.6e-05,0.178773,0.178773
7759,20,0.053555,0.001758,0.491144,0.044667
7760,20,0.035676,0.000929,0.159344,0.042961
7761,20,0.020988,0.000238,0.070998,0.026265
7762,20,0.026387,0.00031,0.079148,0.006285
7763,20,0.023155,0.000693,0.05838,0.036537
7764,20,0.028307,0.000204,0.072913,0.041005
7765,20,0.023544,5.2e-05,0.082005,5.2e-05
7766,20,0.015433,1.2e-05,0.101668,0.003322
7767,20,0.028838,0.000122,0.147726,0.000499
7768,20,0.023826,0.000863,0.054484,0.001294
7769,20,0.01932,0.000445,0.072979,0.008736
7770,20,0.021965,3e-05,0.06674,3e-05
7771,20,0.023635,1e-06,0.067875,0.035147
7772,20,0.028825,1.9e-05,0.077717,0.025402
7773,20,0.049392,0.000129,0.487696,0.038714
7774,20,0.029963,0.000989,0.152662,0.009835
7775,20,0.020582,1e-06,0.066118,0.00036
7776,20,0.022811,5e-06,0.070481,0.030391
7777,20,0.020563,6.7e-05,0.071728,0.037696
7778,20,0.024433,0.000494,0.089095,0.078445
7779,20,0.021767,0.000204,0.07481,0.014775
7780,20,0.031078,0.000923,0.066007,0.030429
7781,20,0.027358,2.9e-05,0.065718,0.03626
7782,20,0.021934,3.5e-05,0.086028,0.000344
7783,20,0.033433,4.4e-05,0.192454,0.006633
7784,20,0.03053,0.000149,0.063356,0.003399
7785,20,0.01939,0.000709,0.063939,0.001534
7786,20,0.020104,0.000259,0.096145,0.021465
7787,20,0.024249,4e-06,0.079585,0.000689
7788,20,0.017669,2.9e-05,0.114544,0.002362
7789,20,0.021628,2.8e-05,0.081117,0.039408
7790,20,0.019712,0.000194,0.072863,0.000306
7791,20,0.030784,0.0,0.116303,0.0028
7792,20,0.03682,3.1e-05,0.135759,0.013996
7793,20,0.028243,3.8e-05,0.108965,0.038622
7794,20,0.019617,2.2e-05,0.068751,0.023852
7795,20,0.009507,4e-06,0.039888,1.8e-05
7796,20,0.030042,0.000241,0.117311,0.005024
7797,20,0.030646,0.004603,0.06758,0.039111
7798,20,0.046441,0.00016,0.454202,0.000164
7799,20,0.020077,0.000698,0.061047,0.033763
7800,20,0.01872,0.0,0.091694,0.013645
7801,20,0.036503,0.00186,0.181038,0.058108
7802,20,0.043927,6.6e-05,0.487534,0.487534
7803,20,0.016611,2e-05,0.055803,0.001869
7804,20,0.030282,0.001463,0.10382,0.009254
7805,20,0.025246,0.000264,0.057438,0.001637
7806,20,0.020483,3.7e-05,0.079426,0.042647
7807,20,0.024799,0.002337,0.070161,0.051974
7808,20,0.027825,2.2e-05,0.087235,0.000786
7809,20,0.017206,2.9e-05,0.043303,0.035701
7810,20,0.033346,0.003693,0.072046,0.05375
7811,20,0.027488,1.6e-05,0.131418,0.008729
7812,20,0.022473,0.000391,0.054692,0.018578
7813,20,0.042886,0.00052,0.40493,0.012466
7814,20,0.020799,0.000258,0.070099,0.046382
7815,20,0.020136,0.000807,0.074327,0.007842
7816,20,0.0313,9e-05,0.162503,0.017638
7817,20,0.019875,0.000156,0.071395,0.000156
7818,20,0.024856,0.00033,0.143486,0.013856
7819,20,0.02784,7.9e-05,0.182548,0.003667
7820,20,0.025069,8e-06,0.054369,0.000956
7821,20,0.030063,0.000712,0.083522,0.029875
7822,20,0.026829,0.002819,0.080042,0.041651
7823,20,0.021529,0.000117,0.063122,0.028433
7824,20,0.02661,0.00026,0.085123,0.007068
7825,20,0.014668,0.00011,0.066881,0.003247
7826,20,0.027136,0.000755,0.070727,0.037332
7827,20,0.027368,8.4e-05,0.055374,0.050318
7828,20,0.023797,0.000724,0.078265,0.070573
7829,20,0.023017,9e-06,0.092071,0.006369
7830,20,0.021828,7e-06,0.080844,0.053545
7831,20,0.025181,0.0,0.08214,0.034098
7832,20,0.024638,0.000109,0.057041,0.022786
7833,20,0.02416,0.000119,0.106196,0.007126
7834,20,0.025442,0.000823,0.067591,0.041303
7835,20,0.022084,0.000558,0.058465,0.004433
7836,20,0.036722,7e-05,0.265497,0.028481
7837,20,0.024822,2.4e-05,0.100632,0.012286
7838,20,0.01567,9.4e-05,0.06539,0.016173
7839,20,0.022622,0.000771,0.057453,0.057453
7840,20,0.022311,0.00086,0.128833,0.014415
7841,20,0.020134,0.000694,0.067416,0.000903
7842,20,0.024157,8.9e-05,0.086683,0.022482
7843,20,0.024457,9.6e-05,0.084664,0.046881
7844,20,0.032545,0.0,0.06597,0.002736
7845,20,0.017651,3.7e-05,0.05553,0.013873
7846,20,0.022324,2e-06,0.072326,0.000333
7847,20,0.02043,8.5e-05,0.064191,0.001119
7848,20,0.021738,6e-06,0.069814,0.002152
7849,20,0.02044,1e-06,0.07971,0.046182
7850,20,0.026451,3.6e-05,0.077908,3.6e-05
7851,20,0.024724,5.4e-05,0.094048,0.086276
7852,20,0.030579,0.000138,0.082231,0.060256
7853,20,0.025169,0.000126,0.060462,0.044745
7854,20,0.035363,0.000478,0.143309,0.018144
7855,20,0.019037,7e-05,0.058586,0.03964
7856,20,0.026912,7.5e-05,0.155026,0.05779
7857,20,0.022563,1.2e-05,0.059335,0.031655
7858,20,0.024464,0.0,0.074401,0.062612
7859,20,0.033937,0.001317,0.067803,0.040935
7860,20,0.024107,9.3e-05,0.074323,0.018588
7861,20,0.027962,0.000845,0.074523,0.000845
7862,20,0.019552,0.000396,0.083063,0.032369
7863,20,0.033889,4.3e-05,0.163191,0.012191
7864,20,0.02906,0.0,0.079202,0.0
7865,20,0.026161,2.2e-05,0.073905,0.027115
7866,20,0.020314,9e-05,0.070225,0.038683
7867,20,0.029168,0.001804,0.085069,0.014415
7868,20,0.023582,8.6e-05,0.082978,0.009357
7869,20,0.03535,0.001295,0.134233,0.001295
7870,20,0.024059,8.9e-05,0.084815,0.014055
7871,20,0.019523,8e-06,0.07034,0.000896
7872,20,0.017793,5.4e-05,0.115686,0.013914
7873,20,0.036823,2e-06,0.095238,0.039773
7874,20,0.017491,3e-06,0.07582,0.07582
7875,20,0.02155,1.5e-05,0.063626,0.041787
7876,20,0.029766,0.000971,0.074876,0.043401
7877,20,0.021417,0.000349,0.076961,0.032543
7878,20,0.016492,0.000173,0.06971,0.000889
7879,20,0.024104,7.3e-05,0.082586,0.065949
7880,20,0.026314,0.000803,0.093418,0.032691
7881,20,0.022625,0.0,0.094286,0.028026
7882,20,0.025998,0.000555,0.08964,0.049553
7883,20,0.02159,0.000892,0.058883,0.042655
7884,20,0.019305,3.7e-05,0.074171,8.9e-05
7885,20,0.017163,1e-06,0.048294,0.034573
7886,20,0.022665,3e-06,0.056579,0.033997
7887,20,0.020566,0.00068,0.069642,0.009549
7888,20,0.036235,0.001454,0.112235,0.005174
7889,20,0.027822,0.000415,0.069944,0.024961
7890,20,0.025377,0.000705,0.067308,0.003973
7891,20,0.020478,0.000827,0.061618,0.006232
7892,20,0.026988,0.000239,0.144292,0.025155
7893,20,0.023506,3.9e-05,0.097423,0.015024
7894,20,0.021525,9.3e-05,0.064937,0.023791
7895,20,0.013257,4e-06,0.03941,0.014643
7896,20,0.011278,3e-06,0.036756,0.011695
7897,20,0.022412,0.000291,0.071809,0.003948
7898,20,0.01967,2.3e-05,0.057197,0.020687
7899,20,0.023159,0.000144,0.077793,0.077793
7900,20,0.032091,7e-05,0.082647,0.066047
7901,20,0.037247,0.002042,0.06612,0.054619
7902,20,0.016297,0.000652,0.048535,0.008335
7903,20,0.028596,0.000432,0.069782,0.000432
7904,20,0.025389,0.000293,0.068804,0.051209
7905,20,0.01603,8.7e-05,0.042112,0.012184
7906,20,0.026492,6.3e-05,0.07953,0.000582
7907,20,0.025648,0.000278,0.060231,0.000278
7908,20,0.046075,0.000176,0.554407,0.008801
7909,20,0.036803,0.004829,0.158232,0.158232
7910,20,0.024689,5e-06,0.064435,0.009936
7911,20,0.031685,2.5e-05,0.080088,0.01778
7912,20,0.022672,5e-06,0.078157,0.013838
7913,20,0.044684,0.000145,0.465214,0.023936
7914,20,0.025469,5e-06,0.0853,0.001821
7915,20,0.023457,4e-06,0.166796,0.011363
7916,20,0.02657,0.001368,0.077767,0.004886
7917,20,0.030376,0.000358,0.073921,0.039799
7918,20,0.025809,0.000545,0.089819,0.038525
7919,20,0.019172,0.000284,0.085681,0.005807
7920,20,0.01737,1.8e-05,0.05116,0.018497
7921,20,0.031732,0.000442,0.179054,0.179054
7922,20,0.026685,0.001084,0.086953,0.03168
7923,20,0.026145,6e-06,0.080991,0.020121
7924,20,0.02416,0.00037,0.074513,0.010362
7925,20,0.021935,0.000278,0.066313,0.015674
7926,20,0.033645,0.001417,0.122528,0.04539
7927,20,0.036222,0.001991,0.090317,0.00736
7928,20,0.034175,6.1e-05,0.134611,0.025118
7929,20,0.022741,0.000395,0.099407,0.03447
7930,20,0.019314,0.000197,0.074566,0.00259
7931,20,0.030967,1e-06,0.122751,0.048939
7932,20,0.021988,0.002061,0.066989,0.013938
7933,20,0.037538,1.7e-05,0.175601,0.019752
7934,20,0.028063,3.9e-05,0.141318,0.141318
7935,20,0.03055,0.001594,0.065015,0.010252
7936,20,0.022607,0.002471,0.05976,0.006043
7937,20,0.029903,0.000446,0.063666,0.061463
7938,20,0.02037,0.000107,0.049502,0.015708
7939,20,0.030118,0.000142,0.099348,0.074844
7940,20,0.015422,1.9e-05,0.050035,0.026996
7941,20,0.021294,0.000778,0.063379,0.029279
7942,20,0.018843,0.000267,0.056582,0.020852
7943,20,0.021796,5e-06,0.081514,0.012841
7944,20,0.023044,0.002262,0.068738,0.043081
7945,20,0.026392,3e-06,0.142505,0.001469
7946,20,0.023923,0.000112,0.074696,0.000763
7947,20,0.033307,0.002147,0.145085,0.002147
7948,20,0.024561,0.000595,0.061305,0.056155
7949,20,0.026322,0.000234,0.060426,0.000234
7950,20,0.018189,2.1e-05,0.053609,0.002001
7951,20,0.02289,2.4e-05,0.100826,0.042006
7952,20,0.018404,4e-06,0.059699,0.000504
7953,20,0.01834,3.1e-05,0.104292,0.001267
7954,20,0.013311,4e-06,0.068246,0.000665
7955,20,0.023093,1.3e-05,0.071579,0.027947
7956,20,0.029539,0.000243,0.125395,0.005927
7957,20,0.023154,2.2e-05,0.0781,0.02284
7958,20,0.024667,0.00052,0.05507,0.012424
7959,20,0.019164,1e-06,0.055644,1e-06
7960,20,0.02768,0.001504,0.152801,0.069713
7961,20,0.016825,0.00107,0.06061,0.001094
7962,20,0.019879,0.000193,0.063051,0.000193
7963,20,0.031801,0.0,0.187016,0.000466
7964,20,0.031277,0.00041,0.101032,0.028747
7965,20,0.020419,0.000577,0.055263,0.014964
7966,20,0.032562,1e-06,0.176325,0.045095
7967,20,0.015993,0.0,0.04189,0.021336
7968,20,0.023276,8.6e-05,0.10187,0.01712
7969,20,0.017417,0.001466,0.069815,0.001466
7970,20,0.020967,0.000156,0.064542,0.012871
7971,20,0.01918,0.00113,0.059542,0.01847
7972,20,0.026339,0.001014,0.0897,0.033503
7973,20,0.01971,3.5e-05,0.056567,0.056567
7974,20,0.036307,0.000373,0.114516,0.009678
7975,20,0.029379,0.000368,0.144965,0.05045
7976,20,0.027459,3.6e-05,0.073415,0.047991
7977,20,0.012029,5.3e-05,0.054807,0.000347
7978,20,0.024233,1.2e-05,0.06651,0.008453
7979,20,0.021902,1.4e-05,0.074764,0.02928
7980,20,0.029445,0.002129,0.061324,0.018994
7981,20,0.028873,0.001052,0.060449,0.001052
7982,20,0.029803,0.000885,0.088657,0.052233
7983,20,0.018799,0.0013,0.05767,0.027749
7984,20,0.022639,0.002523,0.083143,0.007991
7985,20,0.024574,0.000237,0.054486,0.022488
7986,20,0.027286,0.000109,0.152171,0.025987
7987,20,0.029465,0.000125,0.137115,0.000716
7988,20,0.028134,0.000812,0.078545,0.003949
7989,20,0.023707,7e-06,0.069938,0.002669
7990,20,0.048057,0.001245,0.43601,0.007497
7991,20,0.016642,6.7e-05,0.0403,0.018294
7992,20,0.023452,2e-06,0.087922,0.003132
7993,20,0.021876,0.005971,0.042531,0.033062
7994,20,0.023879,4e-06,0.102094,0.000903
7995,20,0.025041,0.000101,0.084924,0.006207
7996,20,0.015288,7e-06,0.037201,0.000105
7997,20,0.024265,0.000247,0.057723,0.030454
7998,20,0.017421,3.9e-05,0.109186,0.011964
7999,20,0.021416,0.0,0.099379,0.005699
8000,20,0.031489,1.7e-05,0.099209,0.05463
8001,20,0.016976,4e-06,0.045289,0.005688
8002,20,0.024542,2e-06,0.074047,0.040729
8003,20,0.016268,3.5e-05,0.063703,0.004673
8004,20,0.027724,0.001401,0.088471,0.036094
8005,20,0.020947,2.8e-05,0.076067,0.076067
8006,20,0.028257,0.001342,0.141813,0.04408
8007,20,0.0217,0.001004,0.081838,0.004319
8008,20,0.031338,6.3e-05,0.081148,0.062929
8009,20,0.037939,0.002135,0.156488,0.026324
8010,20,0.020605,1e-06,0.073931,0.007586
8011,20,0.019429,0.001572,0.049086,0.020729
8012,20,0.017823,2.9e-05,0.078369,0.005113
8013,20,0.022941,8.7e-05,0.065351,0.025956
8014,20,0.026843,0.001656,0.073473,0.013579
8015,20,0.020427,2e-06,0.069015,0.015334
8016,20,0.033227,4e-06,0.137045,0.076893
8017,20,0.026837,0.000543,0.060375,0.001133
8018,20,0.024675,0.000137,0.055646,0.000137
8019,20,0.01985,2.2e-05,0.06316,0.06316
8020,20,0.025343,0.000138,0.073585,0.000506
8021,20,0.03382,0.000685,0.069065,0.001347
8022,20,0.030814,0.000111,0.157835,0.013583
8023,20,0.02438,0.000195,0.10361,0.10361
8024,20,0.028593,0.0,0.089751,0.01166
8025,20,0.028513,5.9e-05,0.072752,0.035976
8026,20,0.02336,0.001985,0.082707,0.006878
8027,20,0.027087,6.9e-05,0.147043,0.060124
8028,20,0.023382,8.6e-05,0.06262,0.001379
8029,20,0.0211,1.4e-05,0.063146,0.004087
8030,20,0.025878,8e-06,0.143292,0.010735
8031,20,0.016935,0.000804,0.052739,0.008216
8032,20,0.022118,0.001101,0.06459,0.005064
8033,20,0.01814,4e-05,0.051624,0.010042
8034,20,0.034376,1e-06,0.182307,0.182307
8035,20,0.020202,0.000139,0.061602,0.046683
8036,20,0.012035,0.000368,0.036907,0.008138
8037,20,0.030887,8e-06,0.138264,0.053266
8038,20,0.023011,0.000173,0.057338,0.007114
8039,20,0.039985,0.00029,0.180013,0.060387
8040,20,0.021433,3.8e-05,0.05737,3.8e-05
8041,20,0.034423,0.000576,0.150846,0.04411
8042,20,0.026786,2e-06,0.080051,0.027946
8043,20,0.022594,0.0,0.100221,0.009887
8044,20,0.025674,0.000235,0.061612,0.004728
8045,20,0.032441,3.2e-05,0.106905,0.049334
8046,20,0.026831,2.6e-05,0.093513,0.046008
8047,20,0.027912,9e-05,0.150585,0.001337
8048,20,0.019959,3.6e-05,0.070618,0.001008
8049,20,0.025878,0.000409,0.100171,0.026208
8050,20,0.017658,1e-06,0.081259,0.01907
8051,20,0.026682,0.000494,0.092546,0.033765
8052,20,0.034178,0.001713,0.152383,0.007846
8053,20,0.032232,0.001224,0.081913,0.007745
8054,20,0.027889,6e-06,0.065615,0.004011
8055,20,0.023138,0.002337,0.064329,0.012989
8056,20,0.035863,0.000153,0.124849,0.053675
8057,20,0.020856,5.7e-05,0.062618,0.000521
8058,20,0.026488,0.000196,0.074839,0.010349
8059,20,0.020153,0.000235,0.107396,0.013769
8060,20,0.022324,0.000248,0.056163,0.024625
8061,20,0.021647,2.1e-05,0.080962,0.029447
8062,20,0.016701,2.7e-05,0.095035,0.095035
8063,20,0.020744,0.00017,0.073566,0.020234
8064,20,0.023859,1e-06,0.09053,0.09053
8065,20,0.020206,3e-05,0.058143,0.036104
8066,20,0.019971,3.3e-05,0.062438,0.011405
8067,20,0.018354,0.000295,0.058955,0.020963
8068,20,0.029479,0.000682,0.088361,0.006321
8069,20,0.026608,2e-06,0.063126,0.017725
8070,20,0.024084,0.000321,0.064386,0.011352
8071,20,0.031859,0.000473,0.081005,0.068386
8072,20,0.02848,0.001444,0.075625,0.049415
8073,20,0.019689,7e-06,0.069282,0.008686
8074,20,0.024903,0.000681,0.148332,0.066172
8075,20,0.031554,3.1e-05,0.073777,0.063264
8076,20,0.019854,0.001074,0.047713,0.025808
8077,20,0.036183,0.003321,0.139991,0.053425
8078,20,0.025763,0.000412,0.069284,0.018568
8079,20,0.036007,0.000754,0.085535,0.057408
8080,20,0.029955,2.6e-05,0.172976,0.002854
8081,20,0.027335,0.000125,0.065585,0.003322
8082,20,0.021539,0.000142,0.052085,0.024488
8083,20,0.019808,2e-05,0.057783,0.009939
8084,20,0.016261,0.000208,0.065896,0.007785
8085,20,0.028057,2e-06,0.136879,0.019836
8086,20,0.025611,3.8e-05,0.068336,0.009044
8087,20,0.024227,0.000524,0.085065,0.085065
8088,20,0.0174,2.2e-05,0.081129,0.028938
8089,20,0.026735,0.000202,0.058276,0.027036
8090,20,0.041783,0.0,0.439372,0.007381
8091,20,0.033708,0.000961,0.114767,0.002757
8092,20,0.022617,0.001076,0.070064,0.00546
8093,20,0.024998,9.5e-05,0.088584,0.027783
8094,20,0.03344,0.000107,0.065539,0.009835
8095,20,0.034924,0.000683,0.156419,0.004432
8096,20,0.020336,0.000471,0.057902,0.008427
8097,20,0.02556,2.2e-05,0.11329,0.009002
8098,20,0.016492,5e-06,0.041105,3.1e-05
8099,20,0.020898,0.000198,0.094693,0.083198
8100,20,0.022627,0.001203,0.058468,0.003379
8101,20,0.022666,0.000475,0.059428,0.059428
8102,20,0.019727,2e-06,0.053024,2e-06
8103,20,0.023508,1e-05,0.069284,0.019794
8104,20,0.023866,0.0,0.205938,0.011946
8105,20,0.01691,0.00083,0.05691,0.013689
8106,20,0.028084,0.000814,0.070383,0.000814
8107,20,0.053011,0.002406,0.440632,0.056913
8108,20,0.032726,0.002694,0.062749,0.025198
8109,20,0.020088,0.000178,0.095438,0.00175
8110,20,0.020978,8.3e-05,0.076489,0.000961
8111,20,0.019844,1.4e-05,0.054546,0.021452
8112,20,0.032759,0.00075,0.078694,0.052944
8113,20,0.022882,0.001117,0.05771,0.043084
8114,20,0.034286,0.00218,0.107039,0.021277
8115,20,0.021766,7e-06,0.063676,0.021512
8116,20,0.021066,3.8e-05,0.057977,0.021098
8117,20,0.044138,0.000337,0.389068,0.000337
8118,20,0.018224,8.8e-05,0.083362,0.002941
8119,20,0.026392,0.00014,0.112468,0.061384
8120,20,0.034499,0.001176,0.066251,0.021214
8121,20,0.040056,1e-06,0.495569,0.060914
8122,20,0.027767,0.000653,0.093155,0.025977
8123,20,0.027725,1e-06,0.181925,0.000102
8124,20,0.019194,5.7e-05,0.06791,5.7e-05
8125,20,0.016723,1.1e-05,0.090009,0.026336
8126,20,0.056183,0.000374,0.301537,0.022339
8127,20,0.026878,0.000366,0.124472,0.047264
8128,20,0.020595,4.3e-05,0.093997,0.026724
8129,20,0.015042,3e-06,0.04059,0.014608
8130,20,0.022189,6.1e-05,0.070848,0.024295
8131,20,0.018207,1.7e-05,0.040124,0.03268
8132,20,0.021312,5.6e-05,0.089903,0.017275
8133,20,0.02601,0.000316,0.116589,0.049186
8134,20,0.032902,0.001561,0.064399,0.037206
8135,20,0.03226,0.001928,0.155262,0.066083
8136,20,0.022624,0.000133,0.073026,0.002587
8137,20,0.020269,4.6e-05,0.068931,0.011272
8138,20,0.025154,0.000108,0.087903,0.049705
8139,20,0.032372,5e-06,0.083626,0.050556
8140,20,0.020345,0.000203,0.083823,0.002676
8141,20,0.021213,0.000318,0.072645,0.019742
8142,20,0.020137,8.7e-05,0.099139,0.037287
8143,20,0.02012,0.000939,0.069483,0.037939
8144,20,0.022421,0.000133,0.060155,0.000133
8145,20,0.029349,1e-06,0.151307,0.019696
8146,20,0.019601,0.001032,0.051671,0.015733
8147,20,0.039872,8.9e-05,0.288056,0.003505
8148,20,0.03903,8.6e-05,0.339106,0.021653
8149,20,0.023695,0.000104,0.078113,0.042973
8150,20,0.023391,0.000979,0.070123,0.018707
8151,20,0.031159,0.000186,0.098203,0.075557
8152,20,0.01262,7e-06,0.056956,0.007979
8153,20,0.026537,0.001124,0.056687,0.035655
8154,20,0.024804,9e-06,0.096698,0.000514
8155,20,0.026117,7.1e-05,0.141287,0.016336
8156,20,0.011097,0.000527,0.033075,0.000527
8157,20,0.024866,3.8e-05,0.16914,3.8e-05
8158,20,0.019136,0.000507,0.058832,0.014485
8159,20,0.030106,4.4e-05,0.068244,0.049621
8160,20,0.02886,0.000162,0.06051,0.048725
8161,20,0.03024,2.6e-05,0.177375,0.016794
8162,20,0.028281,0.001283,0.073667,0.06958
8163,20,0.030331,0.00109,0.148277,0.00109
8164,20,0.025355,0.00104,0.068695,0.04188
8165,20,0.024654,0.000418,0.082936,0.082936
8166,20,0.019981,2e-06,0.079397,0.005239
8167,20,0.029841,0.000704,0.088984,0.000704
8168,20,0.024195,0.000142,0.081627,0.001042
8169,20,0.029857,0.000898,0.090085,0.071787
8170,20,0.06749,0.000118,0.628655,0.066239
8171,20,0.029705,0.000364,0.064403,0.033154
8172,20,0.022295,0.0,0.082535,0.001705
8173,20,0.01903,0.0,0.079066,0.017022
8174,20,0.018251,0.000167,0.089046,0.004253
8175,20,0.032078,0.000734,0.066719,0.004467
8176,20,0.0215,0.000273,0.076191,0.024872
8177,20,0.020617,0.000371,0.054029,0.051261
8178,20,0.025792,0.000721,0.073076,0.008747
8179,20,0.023145,0.000354,0.065792,0.033838
8180,20,0.021087,0.000424,0.079882,0.010571
8181,20,0.024102,0.001151,0.057535,0.052205
8182,20,0.024276,0.002169,0.067423,0.012678
8183,20,0.026411,6e-05,0.077338,0.023323
8184,20,0.025609,0.001191,0.09185,0.007616
8185,20,0.019607,3e-06,0.084639,0.014188
8186,20,0.01783,0.000103,0.098956,0.000204
8187,20,0.023657,0.000637,0.110446,0.009019
8188,20,0.022366,3.9e-05,0.062929,0.014822
8189,20,0.020619,0.000491,0.080206,0.064574
8190,20,0.02653,8.3e-05,0.162971,0.001212
8191,20,0.023796,2e-06,0.089466,0.051753
8192,20,0.030074,0.000864,0.068749,0.031813
8193,20,0.033355,0.004338,0.077778,0.021124
8194,20,0.021526,0.000221,0.056679,0.010278
8195,20,0.019213,2e-06,0.073581,0.033584
8196,20,0.027912,0.000133,0.18626,0.000133
8197,20,0.019666,2.6e-05,0.086283,0.021761
8198,20,0.020155,0.001644,0.089578,0.018821
8199,20,0.02939,0.0,0.212514,0.0
8200,20,0.020288,3.4e-05,0.068589,0.068589
8201,20,0.021917,0.000437,0.075549,0.03104
8202,20,0.033149,0.000613,0.091684,0.091684
8203,20,0.023483,0.000207,0.087627,0.007168
8204,20,0.034286,0.008116,0.143788,0.015443
8205,20,0.026179,5.6e-05,0.085421,0.05281
8206,20,0.013698,1e-06,0.047735,0.00074
8207,20,0.030275,0.0,0.076987,0.010622
8208,20,0.019089,0.001325,0.038379,0.008871
8209,20,0.020271,0.000151,0.0992,0.006166
8210,20,0.019201,6e-06,0.067554,0.007216
8211,20,0.0304,0.000109,0.139713,0.006081
8212,20,0.034503,0.000128,0.082996,0.066767
8213,20,0.027244,0.000884,0.067467,0.021699
8214,20,0.025706,0.000194,0.072501,0.048094
8215,20,0.02949,0.0,0.064482,0.027533
8216,20,0.025378,0.000155,0.104164,0.006548
8217,20,0.030464,1.5e-05,0.191275,0.053275
8218,20,0.019811,5.5e-05,0.06109,0.010396
8219,20,0.020504,0.0,0.043499,0.0
8220,20,0.020866,0.000419,0.093617,0.020534
8221,20,0.019159,0.000503,0.071287,0.005748
8222,20,0.019967,0.00015,0.061605,0.021138
8223,20,0.029698,0.00093,0.071623,0.057002
8224,20,0.031368,0.000274,0.064796,0.054303
8225,20,0.029627,0.000444,0.064183,0.017347
8226,20,0.037714,0.000486,0.162008,0.05419
8227,20,0.016384,6e-05,0.048673,0.000155
8228,20,0.029177,0.002282,0.082309,0.002282
8229,20,0.020661,0.00059,0.063165,0.000851
8230,20,0.023809,7e-06,0.093524,7e-06
8231,20,0.016797,7.9e-05,0.05093,0.019584
8232,20,0.027038,2.6e-05,0.077232,0.077232
8233,20,0.01816,0.00023,0.038201,0.020777
8234,20,0.016807,0.000288,0.047749,0.01307
8235,20,0.041245,0.000147,0.146688,0.024607
8236,20,0.031667,0.001155,0.082476,0.004243
8237,20,0.034552,0.002291,0.12117,0.014036
8238,20,0.032701,0.003939,0.06599,0.025029
8239,20,0.0241,0.001189,0.04911,0.011872
8240,20,0.024895,2.5e-05,0.189148,0.034743
8241,20,0.025362,6e-06,0.078842,0.000611
8242,20,0.074756,4.3e-05,0.641076,0.042183
8243,20,0.020585,4.5e-05,0.110384,6.6e-05
8244,20,0.02724,0.00011,0.103103,0.000982
8245,20,0.018333,0.001311,0.047886,0.016189
8246,20,0.036769,0.000402,0.213511,0.077967
8247,20,0.023276,0.000946,0.07143,0.002848
8248,20,0.023504,0.0002,0.061839,0.004122
8249,20,0.025739,0.000457,0.057751,0.007982
8250,20,0.027171,0.000111,0.08365,0.020884
8251,20,0.019005,1.7e-05,0.100693,0.001922
8252,20,0.027184,0.00077,0.133134,0.004963
8253,20,0.030214,7.8e-05,0.075204,0.034115
8254,20,0.026534,1.9e-05,0.106634,0.016441
8255,20,0.058922,9.1e-05,0.344617,0.003334
8256,20,0.030848,8.6e-05,0.10241,0.072671
8257,20,0.018868,6.3e-05,0.055395,0.054588
8258,20,0.022359,0.000173,0.067098,0.001646
8259,20,0.030696,0.001055,0.072413,0.010037
8260,20,0.035943,0.000803,0.128155,0.031401
8261,20,0.01973,0.00011,0.06718,0.035278
8262,20,0.03268,0.000154,0.078288,0.035875
8263,20,0.022848,6.9e-05,0.073835,6.9e-05
8264,20,0.028848,2.4e-05,0.092454,0.005044
8265,20,0.023259,0.0,0.13217,0.052136
8266,20,0.025767,0.002113,0.059466,0.003329
8267,20,0.023419,0.000663,0.063991,0.043121
8268,20,0.015563,1.5e-05,0.041185,0.000655
8269,20,0.026257,0.001755,0.063969,0.013047
8270,20,0.036694,0.00115,0.126446,0.004745
8271,20,0.025177,0.000766,0.184803,0.00916
8272,20,0.025015,0.000171,0.061759,0.008883
8273,20,0.022517,0.000194,0.064891,0.008165
8274,20,0.026083,0.003619,0.054685,0.029197
8275,20,0.022388,0.001011,0.080709,0.002455
8276,20,0.025889,2.6e-05,0.076865,0.054257
8277,20,0.028611,4.2e-05,0.079478,0.001482
8278,20,0.031004,0.000686,0.077542,0.067692
8279,20,0.041703,0.000111,0.162721,0.043779
8280,20,0.028997,0.0,0.081449,0.049927
8281,20,0.024204,0.002705,0.065597,0.014682
8282,20,0.017253,0.000171,0.079259,0.017197
8283,20,0.013831,5e-06,0.045359,0.017775
8284,20,0.013758,0.0,0.040299,9e-05
8285,20,0.026863,0.000695,0.076637,0.056609
8286,20,0.030625,0.000261,0.065638,0.032222
8287,20,0.022078,0.000233,0.05744,0.02275
8288,20,0.019561,0.000341,0.072743,0.035862
8289,20,0.020926,4.3e-05,0.065325,0.028153
8290,20,0.018181,5.4e-05,0.083183,0.02715
8291,20,0.025606,4.3e-05,0.0785,0.059998
8292,20,0.025813,0.000151,0.073769,0.002362
8293,20,0.021375,1.9e-05,0.055354,0.013968
8294,20,0.021178,0.000119,0.07062,0.017828
8295,20,0.02537,0.000845,0.071766,0.008386
8296,20,0.0282,0.000579,0.06492,0.041993
8297,20,0.025907,0.000252,0.092951,0.010476
8298,20,0.020954,0.00048,0.066195,0.003122
8299,20,0.034165,0.002671,0.073127,0.039461
8300,20,0.025444,0.000278,0.073664,0.001277
8301,20,0.035184,1.1e-05,0.143436,0.028193
8302,20,0.022071,0.000235,0.079992,0.007148
8303,20,0.030054,0.001585,0.088392,0.0468
8304,20,0.028934,0.000928,0.06154,0.029874
8305,20,0.019971,0.000272,0.072176,0.01576
8306,20,0.030886,0.000203,0.116704,0.000648
8307,20,0.029445,0.000467,0.107274,0.000467
8308,20,0.018639,0.000321,0.056005,0.029593
8309,20,0.030604,0.000927,0.082694,0.00136
8310,20,0.026487,0.002106,0.062885,0.007372
8311,20,0.032203,0.000176,0.102982,0.075985
8312,20,0.026043,0.000315,0.06929,0.037764
8313,20,0.018908,2.3e-05,0.081145,0.022949
8314,20,0.018198,3e-05,0.079726,0.006731
8315,20,0.020304,0.00073,0.073041,0.00073
8316,20,0.023051,4.1e-05,0.057576,0.000609
8317,20,0.017629,1.3e-05,0.052795,0.041862
8318,20,0.026483,0.002298,0.0637,0.043959
8319,20,0.02777,5.7e-05,0.067509,0.000617
8320,20,0.028505,7.1e-05,0.10754,0.017086
8321,20,0.037046,1e-06,0.134839,0.044531
8322,20,0.020577,5e-06,0.079605,1.8e-05
8323,20,0.021626,0.000616,0.062659,0.031159
8324,20,0.020154,2e-06,0.082847,0.025125
8325,20,0.031677,5.8e-05,0.173234,0.013896
8326,20,0.023511,0.001369,0.061022,0.01419
8327,20,0.029077,3.6e-05,0.171224,0.007141
8328,20,0.021475,0.001907,0.052731,0.033449
8329,20,0.01238,0.00014,0.044502,0.000196
8330,20,0.02293,0.000408,0.074601,0.000408
8331,20,0.033785,0.000248,0.31458,0.004052
8332,20,0.030401,0.001669,0.058594,0.002595
8333,20,0.026663,0.000516,0.077202,0.004696
8334,20,0.021214,0.00074,0.046419,0.034817
8335,20,0.035535,0.000644,0.111482,0.048192
8336,20,0.020619,0.000362,0.05655,0.038373
8337,20,0.022693,0.000105,0.077677,0.012385
8338,20,0.049407,5.3e-05,0.516478,0.04843
8339,20,0.023411,0.001107,0.052837,0.02309
8340,20,0.024452,7.1e-05,0.092632,0.030552
8341,20,0.021564,0.000504,0.079998,0.050758
8342,20,0.021979,0.000212,0.064543,0.04136
8343,20,0.025226,0.000458,0.083766,0.00971
8344,20,0.04239,0.000134,0.284728,0.0332
8345,20,0.034093,0.000239,0.183508,0.002415
8346,20,0.030646,3e-06,0.336734,0.003907
8347,20,0.023212,3.1e-05,0.062563,0.038732
8348,20,0.01597,2.4e-05,0.052704,0.018194
8349,20,0.016075,0.000363,0.057858,0.016164
8350,20,0.021731,1e-06,0.091593,0.002823
8351,20,0.025925,0.00027,0.095795,0.01267
8352,20,0.025165,0.000273,0.087802,0.029292
8353,20,0.014896,2.1e-05,0.039031,0.009645
8354,20,0.022505,2.9e-05,0.093746,0.063956
8355,20,0.024062,0.000102,0.058678,0.016877
8356,20,0.037303,0.000382,0.08884,0.065042
8357,20,0.02725,1.4e-05,0.073425,0.060775
8358,20,0.022026,2e-06,0.08116,0.04483
8359,20,0.022886,1.6e-05,0.075719,0.013383
8360,20,0.026951,0.000805,0.075596,0.033394
8361,20,0.016085,1.3e-05,0.076768,0.023825
8362,20,0.022512,5.1e-05,0.075746,0.024239
8363,20,0.021242,7e-06,0.067048,0.00133
8364,20,0.01968,2.4e-05,0.061965,0.039226
8365,20,0.012374,5.3e-05,0.072452,0.005254
8366,20,0.033003,0.000512,0.147601,0.00178
8367,20,0.028539,0.000676,0.13841,0.018105
8368,20,0.022135,5.9e-05,0.063045,0.003615
8369,20,0.028605,1.8e-05,0.19184,0.19184
8370,20,0.028949,0.000188,0.084866,0.010067
8371,20,0.036936,0.000757,0.076081,0.020624
8372,20,0.022967,6.3e-05,0.072422,0.000607
8373,20,0.014985,6e-06,0.05072,0.000287
8374,20,0.022323,1e-06,0.079602,0.000504
8375,20,0.027443,6e-05,0.077772,0.031322
8376,20,0.016995,0.0,0.082491,0.008846
8377,20,0.025393,0.000884,0.082775,0.008234
8378,20,0.01884,2e-06,0.06093,0.06093
8379,20,0.040988,0.001075,0.110716,0.028019
8380,20,0.022744,0.000584,0.064303,0.014741
8381,20,0.013053,4e-06,0.075948,0.000107
8382,20,0.022705,4.8e-05,0.060587,0.044334
8383,20,0.021396,0.000149,0.068764,0.041924
8384,20,0.022816,4.8e-05,0.060691,0.01233
8385,20,0.034497,4.6e-05,0.118716,0.009859
8386,20,0.036244,0.003015,0.073668,0.003015
8387,20,0.016953,4.1e-05,0.065954,0.000255
8388,20,0.032574,0.000363,0.152167,0.00974
8389,20,0.025099,0.000273,0.077634,0.017071
8390,20,0.015214,0.000275,0.042899,0.038134
8391,20,0.02157,4e-06,0.08655,0.032703
8392,20,0.017354,3e-06,0.070542,0.029431
8393,20,0.010233,1e-06,0.027487,0.015718
8394,20,0.018043,6.2e-05,0.094437,0.00315
8395,20,0.019653,1.8e-05,0.083247,0.038907
8396,20,0.023937,5.3e-05,0.08334,0.001637
8397,20,0.023724,4e-06,0.09702,0.00172
8398,20,0.023896,0.000415,0.08429,0.036222
8399,20,0.01583,0.000421,0.093265,0.003974
8400,20,0.019222,0.000338,0.075461,0.002362
8401,20,0.020069,0.000834,0.078755,0.022407
8402,20,0.030033,2.7e-05,0.184448,0.184448
8403,20,0.014105,7e-06,0.055519,0.000857
8404,20,0.029957,0.000678,0.070274,0.016499
8405,20,0.024132,9e-06,0.074747,0.011199
8406,20,0.030293,7e-05,0.085152,0.065421
8407,20,0.020299,2.3e-05,0.046148,0.046148
8408,20,0.024791,0.000132,0.087887,0.087887
8409,20,0.017588,1.9e-05,0.04207,0.002263
8410,20,0.021523,7.9e-05,0.112181,0.003131
8411,20,0.02621,0.000152,0.073853,0.009629
8412,20,0.022935,0.000152,0.073773,0.000152
8413,20,0.018922,9.7e-05,0.063714,0.000484
8414,20,0.017172,2.6e-05,0.050314,0.014273
8415,20,0.035458,0.000939,0.13392,0.060884
8416,20,0.022999,0.000171,0.081145,0.006174
8417,20,0.035238,0.001921,0.10562,0.007199
8418,20,0.021997,0.000102,0.058921,0.054138
8419,20,0.030302,5.7e-05,0.138109,0.060108
8420,20,0.026618,8e-06,0.091382,0.088752
8421,20,0.062163,0.001015,0.720398,0.063414
8422,20,0.020427,0.001533,0.057075,0.033351
8423,20,0.018737,5.4e-05,0.084791,5.4e-05
8424,20,0.023943,0.000638,0.077251,0.002679
8425,20,0.030181,0.000763,0.140965,0.000763
8426,20,0.018654,1e-06,0.081168,0.004236
8427,20,0.024498,6e-06,0.07813,0.033326
8428,20,0.026443,9.9e-05,0.199426,0.030359
8429,20,0.029071,0.001994,0.064126,0.026049
8430,20,0.023941,0.000189,0.071415,0.03131
8431,20,0.023552,0.0,0.117656,5.1e-05
8432,20,0.032995,0.000268,0.102636,0.04848
8433,20,0.026453,0.000344,0.071908,0.002186
8434,20,0.016408,0.000349,0.050388,0.025169
8435,20,0.02952,1.3e-05,0.172389,0.005671
8436,20,0.024113,4e-06,0.076438,0.076438
8437,20,0.021515,0.000142,0.055693,0.015624
8438,20,0.029185,0.000953,0.169093,0.062708
8439,20,0.033831,0.001846,0.1511,0.045362
8440,20,0.045104,4.6e-05,0.408949,0.061707
8441,20,0.030209,0.0001,0.081384,0.052993
8442,20,0.022061,0.00022,0.081559,0.00676
8443,20,0.026275,0.00116,0.08318,0.02891
8444,20,0.017015,0.0,0.086834,0.006062
8445,20,0.037187,5e-06,0.113937,0.019482
8446,20,0.031968,0.000284,0.121825,0.00998
8447,20,0.026143,0.000762,0.0845,0.010443
8448,20,0.028784,0.00018,0.131399,0.010152
8449,20,0.016868,1e-06,0.040431,0.010472
8450,20,0.027385,7.2e-05,0.162206,0.013524
8451,20,0.029231,0.001813,0.06169,0.016384
8452,20,0.023474,1.1e-05,0.095096,0.00271
8453,20,0.027125,0.000756,0.064022,0.016154
8454,20,0.018707,0.000191,0.038535,0.000985
8455,20,0.022439,0.000332,0.086019,0.017504
8456,20,0.013795,0.000218,0.056493,0.033584
8457,20,0.026646,0.001129,0.072495,0.012321
8458,20,0.029009,0.000326,0.170964,0.054771
8459,20,0.029034,0.001033,0.134202,0.018768
8460,20,0.023695,0.000676,0.066232,0.006995
8461,20,0.048443,0.001043,0.427349,0.001043
8462,20,0.034084,0.000773,0.066629,0.026695
8463,20,0.020222,0.000349,0.070452,0.001083
8464,20,0.018438,0.000242,0.061515,0.008262
8465,20,0.028675,0.000135,0.072315,0.057353
8466,20,0.029613,0.001692,0.075419,0.008944
8467,20,0.014914,2.6e-05,0.05903,0.040423
8468,20,0.032928,0.000493,0.164147,0.086159
8469,20,0.028637,0.000143,0.074238,0.006273
8470,20,0.027249,0.001094,0.142012,0.006223
8471,20,0.040755,0.000228,0.140556,0.003487
8472,20,0.026449,0.000804,0.087112,0.002152
8473,20,0.032397,2e-06,0.065144,0.000153
8474,20,0.022973,7e-06,0.147279,0.017979
8475,20,0.026292,1e-05,0.07381,0.050499
8476,20,0.027885,0.001103,0.060409,0.02522
8477,20,0.017684,0.001011,0.052091,0.008514
8478,20,0.030481,7e-06,0.064044,0.007144
8479,20,0.033839,0.000731,0.079405,0.057174
8480,20,0.023895,0.001043,0.059323,0.032062
8481,20,0.033871,0.000482,0.069501,0.011828
8482,20,0.034907,0.000915,0.218035,0.002124
8483,20,0.02358,0.000129,0.075563,0.001249
8484,20,0.02885,0.002965,0.05892,0.023714
8485,20,0.034206,0.000411,0.162043,0.045304
8486,20,0.024466,0.000357,0.15582,0.052721
8487,20,0.032035,0.001981,0.107095,0.107095
8488,20,0.026484,0.0,0.161612,0.023863
8489,20,0.032622,3.2e-05,0.164444,0.007385
8490,20,0.03586,0.002007,0.209583,0.002007
8491,20,0.023403,5e-06,0.085202,0.003893
8492,20,0.034511,0.000139,0.087169,0.048283
8493,20,0.037632,0.000192,0.153473,0.00626
8494,20,0.022019,0.000578,0.058352,0.006536
8495,20,0.026924,0.000572,0.065733,0.000572
8496,20,0.022872,0.000224,0.059128,0.040101
8497,20,0.025111,0.000277,0.110867,0.110867
8498,20,0.018424,1e-05,0.088214,0.014713
8499,20,0.035276,9e-05,0.1748,0.03005
8500,20,0.018165,1e-06,0.05395,0.015087
8501,20,0.023288,0.000207,0.064188,0.000446
8502,20,0.057751,4.2e-05,0.732423,0.103097
8503,20,0.034925,1e-05,0.107482,0.08044
8504,20,0.035403,0.002217,0.071328,0.050991
8505,20,0.024244,0.002076,0.056935,0.020867
8506,20,0.024551,0.000831,0.077258,0.021069
8507,20,0.014348,0.000162,0.039123,0.021928
8508,20,0.041806,0.000121,0.311008,0.034732
8509,20,0.020929,0.000178,0.076904,0.023789
8510,20,0.016335,0.0001,0.063657,0.063657
8511,20,0.029663,1.6e-05,0.168557,0.031034
8512,20,0.028,0.000219,0.1023,0.004945
8513,20,0.020288,4.7e-05,0.083421,0.016153
8514,20,0.017089,0.000284,0.082838,0.015948
8515,20,0.020163,3e-06,0.119218,3e-06
8516,20,0.022206,0.001518,0.078051,0.004454
8517,20,0.027792,2.9e-05,0.105879,0.031896
8518,20,0.020164,1.6e-05,0.05382,0.043656
8519,20,0.029037,0.001886,0.070177,0.002918
8520,20,0.031881,0.000323,0.078687,0.020759
8521,20,0.016823,0.000102,0.054112,0.0074
8522,20,0.023926,0.000361,0.07096,0.039774
8523,20,0.025592,0.000164,0.065736,0.000241
8524,20,0.026885,6.2e-05,0.152261,0.047422
8525,20,0.027513,0.00024,0.072512,0.067972
8526,20,0.026653,0.000924,0.064147,0.038244
8527,20,0.023837,1.8e-05,0.098964,0.035214
8528,20,0.019939,0.000365,0.042241,0.024363
8529,20,0.036092,1.1e-05,0.135633,0.135633
8530,20,0.024545,0.000158,0.064077,0.003231
8531,20,0.01581,2e-06,0.043262,0.001276
8532,20,0.04361,0.002249,0.156127,0.156127
8533,20,0.029829,0.00066,0.118809,0.004478
8534,20,0.022969,0.0,0.067621,0.022392
8535,20,0.012096,0.000135,0.062224,0.000488
8536,20,0.015693,1.7e-05,0.08025,1.7e-05
8537,20,0.023895,0.000122,0.070989,0.044555
8538,20,0.018781,0.000135,0.061117,0.016287
8539,20,0.025576,5e-06,0.073283,0.049188
8540,20,0.018974,0.000587,0.087094,0.020718
8541,20,0.0311,0.002766,0.076438,0.04223
8542,20,0.026159,0.00013,0.061414,0.020682
8543,20,0.015017,0.000181,0.069257,0.016511
8544,20,0.024044,0.000734,0.072952,0.011841
8545,20,0.021862,0.000432,0.064275,0.002639
8546,20,0.021465,0.001139,0.061613,0.013742
8547,20,0.030264,0.0,0.079274,0.019751
8548,20,0.02667,0.000138,0.063629,0.062292
8549,20,0.022533,0.000169,0.057879,0.052699
8550,20,0.027572,0.000489,0.07776,0.013445
8551,20,0.014947,3e-06,0.053019,0.002626
8552,20,0.027687,8.8e-05,0.105754,0.003522
8553,20,0.018748,8.3e-05,0.063103,0.006754
8554,20,0.027808,8.2e-05,0.121978,0.025523
8555,20,0.027127,1e-06,0.086967,3.3e-05
8556,20,0.025782,2.3e-05,0.076515,2.3e-05
8557,20,0.018089,1.3e-05,0.073091,0.023081
8558,20,0.015879,6e-06,0.083731,0.003064
8559,20,0.022521,0.0,0.063024,0.021985
8560,20,0.033885,0.001584,0.064285,0.049605
8561,20,0.021979,0.000543,0.054569,0.030695
8562,20,0.023926,6.9e-05,0.076596,0.020887
8563,20,0.018812,2e-06,0.079451,0.023776
8564,20,0.025839,0.00036,0.08899,0.006488
8565,20,0.019192,0.00065,0.058109,0.00065
8566,20,0.027761,8.4e-05,0.071122,0.071122
8567,20,0.024297,0.0,0.08253,0.062982
8568,20,0.034416,0.0,0.180515,0.008635
8569,20,0.020769,2.5e-05,0.068001,0.003071
8570,20,0.018741,8e-06,0.07295,0.013635
8571,20,0.020053,0.000223,0.084968,0.010161
8572,20,0.024934,0.001139,0.073136,0.060625
8573,20,0.031972,0.000905,0.159048,0.024191
8574,20,0.02458,3.8e-05,0.081592,0.070013
8575,20,0.024514,1e-06,0.081272,0.081272
8576,20,0.034068,2.4e-05,0.154422,0.011483
8577,20,0.043428,1e-06,0.255013,0.069564
8578,20,0.011634,3e-05,0.052216,0.010807
8579,20,0.036559,0.00183,0.122919,0.005562
8580,20,0.020572,2e-06,0.090224,0.005982
8581,20,0.024663,2.2e-05,0.061923,0.019237
8582,20,0.026239,0.000283,0.070845,0.006026
8583,20,0.026715,0.00132,0.056241,0.00345
8584,20,0.026149,2.5e-05,0.064831,0.000225
8585,20,0.023868,0.00074,0.067195,0.010633
8586,20,0.021338,2.5e-05,0.043884,0.000145
8587,20,0.036836,0.000337,0.077146,0.025875
8588,20,0.016691,0.0,0.049024,0.023055
8589,20,0.02239,6.7e-05,0.0897,0.025896
8590,20,0.02538,8e-06,0.085616,0.007457
8591,20,0.02337,7.8e-05,0.077713,0.043363
8592,20,0.029919,2e-06,0.075446,0.040584
8593,20,0.019765,3.6e-05,0.188951,0.012678
8594,20,0.022424,7e-05,0.063919,0.003356
8595,20,0.021536,0.000946,0.086775,0.020126
8596,20,0.008753,6.3e-05,0.047987,0.047987
8597,20,0.020832,4.1e-05,0.081834,0.00179
8598,20,0.027521,1.8e-05,0.077728,0.048191
8599,20,0.016071,6.6e-05,0.071748,0.005439
8600,20,0.022692,2e-06,0.096299,0.027104
8601,20,0.022697,7e-06,0.081403,0.001067
8602,20,0.022003,1e-06,0.070183,0.023219
8603,20,0.022655,3.9e-05,0.088728,0.075705
8604,20,0.029721,0.000578,0.154764,0.032708
8605,20,0.030736,6e-06,0.078333,5.1e-05
8606,20,0.02787,0.00027,0.06082,0.015639
8607,20,0.024013,0.000413,0.066534,0.005438
8608,20,0.024269,1.6e-05,0.070219,0.040802
8609,20,0.017925,0.000265,0.044155,0.01813
8610,20,0.045599,3e-05,0.367026,0.100852
8611,20,0.032754,1e-06,0.067035,0.004924
8612,20,0.028194,0.002452,0.163075,0.00582
8613,20,0.018879,2.7e-05,0.040626,0.020906
8614,20,0.02386,4e-06,0.109804,0.005199
8615,20,0.029007,0.000316,0.247775,0.024285
8616,20,0.03357,0.000993,0.084356,0.043043
8617,20,0.026842,1e-06,0.118475,0.004792
8618,20,0.03674,5.1e-05,0.146221,0.026092
8619,20,0.022106,0.00034,0.079024,0.001836
8620,20,0.028236,0.000532,0.130817,0.005699
8621,20,0.027687,0.000304,0.069215,0.028968
8622,20,0.028082,0.000423,0.07361,0.005263
8623,20,0.025364,0.000201,0.090953,0.027934
8624,20,0.016746,5.8e-05,0.104931,0.003481
8625,20,0.031248,0.001037,0.073431,0.04762
8626,20,0.017895,0.001463,0.074976,0.012911
8627,20,0.02435,0.000324,0.066387,0.066387
8628,20,0.020703,0.000706,0.070438,0.057308
8629,20,0.024435,0.002872,0.110412,0.009235
8630,20,0.029127,3.2e-05,0.077648,0.052694
8631,20,0.022254,0.00055,0.155434,0.003777
8632,20,0.023212,0.00061,0.075061,0.054219
8633,20,0.053688,0.000101,0.657402,0.657402
8634,20,0.03498,6.9e-05,0.091894,0.027122
8635,20,0.023084,0.000408,0.079356,0.02994
8636,20,0.024665,0.000401,0.09187,0.007852
8637,20,0.021013,0.00023,0.099773,0.020314
8638,20,0.02501,0.000121,0.142834,0.038099
8639,20,0.049606,0.000275,0.463943,0.002586
8640,20,0.017239,0.0001,0.045153,0.003148
8641,20,0.023393,1.5e-05,0.104079,0.076111
8642,20,0.022208,0.000927,0.055542,0.013054
8643,20,0.025259,0.000222,0.083718,0.001218
8644,20,0.037942,0.000587,0.169883,0.025105
8645,20,0.021507,0.003272,0.045408,0.02038
8646,20,0.022756,0.000183,0.069462,0.050893
8647,20,0.017726,0.000548,0.053659,0.009172
8648,20,0.053373,0.001937,0.565309,0.048704
8649,20,0.021212,6.6e-05,0.066213,0.006016
8650,20,0.022529,0.0,0.062736,0.002462
8651,20,0.027565,5.7e-05,0.190387,0.002917
8652,20,0.033986,0.002574,0.064943,0.051158
8653,20,0.026682,0.001349,0.069929,0.016985
8654,20,0.021212,8.7e-05,0.084681,0.015732
8655,20,0.032949,3.9e-05,0.082864,0.061916
8656,20,0.016865,2.7e-05,0.054619,0.030253
8657,20,0.025351,1.4e-05,0.135484,0.010394
8658,20,0.02392,0.000508,0.057534,0.026033
8659,20,0.018042,0.000437,0.069377,0.019483
8660,20,0.021104,0.000134,0.077689,0.017537
8661,20,0.033292,0.001211,0.142574,0.012141
8662,20,0.020894,9.6e-05,0.058348,0.048888
8663,20,0.030599,0.00089,0.136304,0.061272
8664,20,0.029821,0.00129,0.070017,0.03765
8665,20,0.017596,8.6e-05,0.090151,0.090151
8666,20,0.034421,0.001673,0.124701,0.030001
8667,20,0.022476,0.000111,0.061494,0.041034
8668,20,0.022453,0.000163,0.064815,0.041049
8669,20,0.02517,0.000139,0.081109,0.081109
8670,20,0.030391,6e-06,0.081934,0.031988
8671,20,0.027844,6.6e-05,0.152861,0.001072
8672,20,0.039651,0.001837,0.081196,0.063252
8673,20,0.023182,9e-05,0.094203,9e-05
8674,20,0.026397,0.0,0.064675,0.064675
8675,20,0.016285,3.3e-05,0.043803,0.024209
8676,20,0.016055,0.0,0.080296,0.005298
8677,20,0.025986,2e-06,0.128054,0.064102
8678,20,0.022716,0.003274,0.05593,0.006525
8679,20,0.024811,5.8e-05,0.080267,0.036462
8680,20,0.029024,2.4e-05,0.089936,0.029711
8681,20,0.029279,3.6e-05,0.086717,0.053281
8682,20,0.025675,8.9e-05,0.06019,0.005351
8683,20,0.01828,3.9e-05,0.056929,0.015677
8684,20,0.016939,0.0,0.051148,0.01674
8685,20,0.023625,0.000359,0.08075,0.0258
8686,20,0.022035,0.000369,0.100331,0.000721
8687,20,0.010591,0.000637,0.031669,0.000637
8688,20,0.02707,4.5e-05,0.099463,0.020307
8689,20,0.033504,6.2e-05,0.225926,0.06209
8690,20,0.023327,0.000369,0.065761,0.033272
8691,20,0.016482,7.7e-05,0.066819,0.004628
8692,20,0.025769,0.000344,0.073133,0.026721
8693,20,0.020527,4.6e-05,0.083808,0.048777
8694,20,0.020458,9.7e-05,0.059258,0.017072
8695,20,0.02202,0.000186,0.074641,0.033635
8696,20,0.033044,0.000284,0.168957,0.016163
8697,20,0.028574,0.000244,0.171533,0.039385
8698,20,0.026987,3e-05,0.210094,0.000362
8699,20,0.028209,0.00024,0.063779,0.023968
8700,20,0.023456,6.3e-05,0.068337,0.017424
8701,20,0.02715,0.00025,0.124282,0.001757
8702,20,0.025044,0.000603,0.07794,0.000998
8703,20,0.027671,0.000248,0.072743,0.027337
8704,20,0.033829,0.000809,0.154889,0.054251
8705,20,0.029756,0.0001,0.123228,0.046146
8706,20,0.020704,8.5e-05,0.048399,0.031448
8707,20,0.024153,0.001737,0.054929,0.049009
8708,20,0.037948,0.000666,0.077231,0.033361
8709,20,0.020267,1.7e-05,0.06595,0.001644
8710,20,0.029648,0.000133,0.126182,0.011111
8711,20,0.034649,0.0,0.082536,0.012529
8712,20,0.019484,5.7e-05,0.075933,0.000142
8713,20,0.014745,2.5e-05,0.036784,0.003487
8714,20,0.023387,3.2e-05,0.093249,0.00721
8715,20,0.02471,0.000952,0.063852,0.048983
8716,20,0.020429,8.8e-05,0.063583,0.003126
8717,20,0.025597,0.000422,0.072619,0.017327
8718,20,0.029411,0.00119,0.136557,0.040979
8719,20,0.028901,0.000545,0.067645,0.043706
8720,20,0.033036,0.000184,0.223185,0.082819
8721,20,0.024596,0.001143,0.061471,0.018265
8722,20,0.023255,0.00128,0.056542,0.02056
8723,20,0.016002,6.4e-05,0.096745,0.00017
8724,20,0.021217,3.2e-05,0.08752,0.011507
8725,20,0.026327,0.000633,0.071779,0.000633
8726,20,0.024543,1.5e-05,0.072883,0.008618
8727,20,0.049896,5e-06,0.554047,0.026683
8728,20,0.01983,0.000515,0.050285,0.025187
8729,20,0.027179,0.000188,0.093849,0.009531
8730,20,0.022405,0.000534,0.065808,0.024522
8731,20,0.022165,3.4e-05,0.090517,0.013956
8732,20,0.02996,3.1e-05,0.17133,0.17133
8733,20,0.015381,0.000753,0.048423,0.002599
8734,20,0.018828,0.000788,0.051857,0.006291
8735,20,0.026472,0.000336,0.102878,0.02196
8736,20,0.014338,2.2e-05,0.051735,0.009045
8737,20,0.027834,0.000687,0.0765,0.035159
8738,20,0.026078,0.000158,0.07539,0.023113
8739,20,0.025326,0.0,0.074183,0.0
8740,20,0.019802,9e-06,0.078977,0.015343
8741,20,0.035415,2.4e-05,0.068869,0.056371
8742,20,0.024325,0.001434,0.194781,0.0342
8743,20,0.024919,0.001266,0.066626,0.011506
8744,20,0.027599,2.6e-05,0.074785,0.008509
8745,20,0.029569,0.000813,0.085316,0.021365
8746,20,0.022961,3e-05,0.101663,0.012589
8747,20,0.020367,0.001395,0.074445,0.059849
8748,20,0.020383,9.5e-05,0.072598,0.006771
8749,20,0.015781,1e-06,0.049197,0.013066
8750,20,0.03132,5.8e-05,0.082056,0.082056
8751,20,0.023294,0.000628,0.077509,0.011753
8752,20,0.031897,0.0,0.135704,0.03084
8753,20,0.024622,0.000308,0.071792,0.059948
8754,20,0.02751,9.5e-05,0.08569,0.031418
8755,20,0.023068,2e-06,0.118105,0.033823
8756,20,0.026415,1.3e-05,0.093945,0.025609
8757,20,0.030684,0.000252,0.194673,0.000412
8758,20,0.033245,0.000427,0.186107,0.065497
8759,20,0.015652,0.001557,0.066712,0.007971
8760,20,0.022773,0.000266,0.066958,0.00525
8761,20,0.045804,0.0,0.502733,0.062332
8762,20,0.016717,7.5e-05,0.055878,0.005472
8763,20,0.030753,1.6e-05,0.170645,0.059136
8764,20,0.029226,0.0,0.073064,0.003433
8765,20,0.021733,0.000466,0.093539,0.015747
8766,20,0.024822,0.000569,0.072858,0.001586
8767,20,0.022238,6e-06,0.10445,0.000129
8768,20,0.016749,2.5e-05,0.042618,2.5e-05
8769,20,0.016865,1.3e-05,0.081225,0.020729
8770,20,0.018768,1e-05,0.124766,0.007041
8771,20,0.020063,1.3e-05,0.091766,0.032305
8772,20,0.020522,3.2e-05,0.082629,0.013813
8773,20,0.018024,2.5e-05,0.1034,0.000471
8774,20,0.019212,8e-06,0.112345,0.010749
8775,20,0.030482,0.00025,0.073116,0.025095
8776,20,0.02891,0.000446,0.150895,0.0108
8777,20,0.024117,1.3e-05,0.069401,0.025711
8778,20,0.021363,0.000216,0.052252,0.031308
8779,20,0.027789,0.000108,0.164887,0.000764
8780,20,0.032657,0.00131,0.066474,0.042567
8781,20,0.025084,3.5e-05,0.104896,0.001266
8782,20,0.019501,9.9e-05,0.075707,0.034956
8783,20,0.029459,0.000985,0.061738,0.046517
8784,20,0.023555,0.00028,0.056629,0.004385
8785,20,0.026781,7.3e-05,0.184848,0.001929
8786,20,0.030743,0.002662,0.066012,0.013241
8787,20,0.027965,0.004154,0.062064,0.028821
8788,20,0.026192,7e-06,0.178268,0.033549
8789,20,0.031678,0.002397,0.107678,0.076598
8790,20,0.026632,0.000196,0.073127,0.001244
8791,20,0.029809,1.3e-05,0.105109,0.005332
8792,20,0.028176,5.9e-05,0.078926,0.011
8793,20,0.029329,0.00045,0.075668,0.001773
8794,20,0.033328,6.2e-05,0.084015,0.048683
8795,20,0.026797,4.7e-05,0.084823,0.03847
8796,20,0.028531,6.8e-05,0.094373,0.00928
8797,20,0.023575,3.4e-05,0.07652,0.000193
8798,20,0.021132,6e-06,0.058251,0.02099
8799,20,0.024711,0.001376,0.094759,0.022354
8800,20,0.028188,6.4e-05,0.087995,0.001402
8801,20,0.030721,1e-06,0.081328,0.007924
8802,20,0.024366,0.001329,0.060709,0.033886
8803,20,0.022173,0.0,0.062798,0.001111
8804,20,0.017154,0.000125,0.063583,0.007327
8805,20,0.028753,3e-06,0.08367,0.00414
8806,20,0.022125,0.000168,0.075288,0.00675
8807,20,0.015647,6e-05,0.046404,0.006648
8808,20,0.024532,0.000196,0.095021,0.020833
8809,20,0.022399,9e-06,0.102574,0.031492
8810,20,0.017897,1e-06,0.064915,0.028366
8811,20,0.017025,3.4e-05,0.082834,3.4e-05
8812,20,0.021479,3e-05,0.07299,0.050796
8813,20,0.023322,0.001945,0.05443,0.05443
8814,20,0.031146,0.000101,0.145086,0.020133
8815,20,0.02452,0.000137,0.070711,0.022795
8816,20,0.01412,0.0001,0.055901,0.008569
8817,20,0.025635,0.000117,0.06542,0.001388
8818,20,0.02558,1.2e-05,0.096901,7.3e-05
8819,20,0.021785,2.2e-05,0.081968,0.000206
8820,20,0.020052,5e-06,0.070661,0.025906
8821,20,0.039431,0.000339,0.166372,0.035097
8822,20,0.017063,0.0,0.04081,0.019002
8823,20,0.02887,4e-06,0.151353,0.0035
8824,20,0.037039,0.000746,0.072407,0.017899
8825,20,0.02394,4e-05,0.104606,0.015611
8826,20,0.02395,1.5e-05,0.053303,0.033623
8827,20,0.02004,5e-06,0.087846,0.006334
8828,20,0.014152,4e-05,0.03902,0.03902
8829,20,0.028898,1e-06,0.065644,0.012425
8830,20,0.02926,0.001712,0.122059,0.014527
8831,20,0.021894,0.001367,0.108685,0.011632
8832,20,0.011508,0.000533,0.034556,0.014179
8833,20,0.025051,1.1e-05,0.142866,0.002783
8834,20,0.037744,6.7e-05,0.105084,0.052567
8835,20,0.033146,0.000314,0.066562,0.041269
8836,20,0.021814,1e-06,0.075719,0.015477
8837,20,0.018439,0.001148,0.067075,0.03748
8838,20,0.021112,3.4e-05,0.06468,0.026397
8839,20,0.020747,6.6e-05,0.080632,0.023251
8840,20,0.02298,0.000242,0.092883,0.00051
8841,20,0.026971,0.000702,0.096109,0.034095
8842,20,0.026442,5.1e-05,0.079773,0.079773
8843,20,0.032169,0.002875,0.081301,0.050114
8844,20,0.034046,0.002029,0.139591,0.050286
8845,20,0.022343,3e-06,0.075695,0.048979
8846,20,0.028201,4.8e-05,0.069153,0.048875
8847,20,0.030611,0.000113,0.133423,0.133423
8848,20,0.0287,0.000657,0.068448,0.000693
8849,20,0.016573,0.0,0.107223,0.004323
8850,20,0.047494,1e-06,0.590878,0.025045
8851,20,0.02145,2e-05,0.08462,0.033829
8852,20,0.042587,0.000692,0.507981,0.041292
8853,20,0.029343,6.3e-05,0.061462,0.002746
8854,20,0.019333,4.6e-05,0.069488,0.037858
8855,20,0.024121,5e-06,0.188937,0.008743
8856,20,0.02183,0.000129,0.053274,0.000129
8857,20,0.019494,0.000123,0.058662,0.026317
8858,20,0.018868,2.4e-05,0.091662,0.022987
8859,20,0.022862,3e-06,0.075658,0.030131
8860,20,0.025363,3.2e-05,0.126381,0.126381
8861,20,0.025524,0.000928,0.123692,0.006014
8862,20,0.030936,0.001137,0.062919,0.038794
8863,20,0.019892,9.9e-05,0.071138,0.033809
8864,20,0.015994,2.7e-05,0.069355,0.031316
8865,20,0.037257,0.000752,0.102108,0.079158
8866,20,0.021474,0.000124,0.062346,0.037416
8867,20,0.028186,0.000991,0.15771,0.044506
8868,20,0.029685,3e-05,0.068967,0.068967
8869,20,0.025185,0.000205,0.073267,0.000234
8870,20,0.02574,0.00053,0.094149,0.002673
8871,20,0.033091,0.001725,0.15022,0.025332
8872,20,0.022251,8.6e-05,0.071778,0.050019
8873,20,0.02232,2e-06,0.04633,0.0432
8874,20,0.057286,0.00081,0.4086,0.001191
8875,20,0.031674,0.000819,0.154805,0.006271
8876,20,0.029927,0.000854,0.083297,0.04153
8877,20,0.025507,2e-06,0.160266,0.036662
8878,20,0.030947,4e-06,0.067755,0.001304
8879,20,0.015956,0.000354,0.080794,0.000354
8880,20,0.017871,0.000338,0.058265,0.001082
8881,20,0.028587,0.000159,0.073914,0.039561
8882,20,0.024147,9.1e-05,0.075478,0.002315
8883,20,0.017393,8.2e-05,0.054947,0.005862
8884,20,0.022133,0.000445,0.067218,0.000826
8885,20,0.019576,5e-06,0.074139,0.057492
8886,20,0.02002,3.1e-05,0.047469,0.011283
8887,20,0.032324,0.001107,0.09611,0.069567
8888,20,0.020185,1.6e-05,0.056119,0.037669
8889,20,0.024504,0.000167,0.080758,0.009225
8890,20,0.028763,1.9e-05,0.170945,0.001197
8891,20,0.032804,0.00015,0.134596,0.012345
8892,20,0.017425,0.000207,0.085264,0.012097
8893,20,0.038264,0.000847,0.107848,0.005827
8894,20,0.028744,0.000124,0.100347,0.041555
8895,20,0.038059,0.000183,0.121938,0.011034
8896,20,0.021811,0.000134,0.067142,0.006932
8897,20,0.016876,0.000259,0.046871,0.000991
8898,20,0.025127,0.000584,0.077163,0.03209
8899,20,0.027538,1e-05,0.125045,0.004872
8900,20,0.025841,0.000443,0.087267,0.033723
8901,20,0.020004,3.4e-05,0.089622,3.4e-05
8902,20,0.02321,1.5e-05,0.0822,0.00737
8903,20,0.023531,0.001235,0.054783,0.001235
8904,20,0.023162,0.002912,0.062619,0.038612
8905,20,0.022676,0.0,0.099672,0.033573
8906,20,0.034664,8e-06,0.123699,0.042186
8907,20,0.026535,1e-06,0.134819,1e-06
8908,20,0.015188,0.0,0.046886,0.027988
8909,20,0.02852,0.000513,0.165729,0.006128
8910,20,0.016817,9.7e-05,0.054025,0.028385
8911,20,0.022783,3e-06,0.083849,0.059299
8912,20,0.018656,6.9e-05,0.057139,6.9e-05
8913,20,0.024981,2.6e-05,0.159723,0.0113
8914,20,0.020167,0.000213,0.067198,0.052017
8915,20,0.023485,8.1e-05,0.061856,0.048002
8916,20,0.033632,0.000698,0.160305,0.003097
8917,20,0.037848,0.002155,0.074059,0.04888
8918,20,0.040705,0.00108,0.144767,0.01135
8919,20,0.030755,0.002538,0.06482,0.034952
8920,20,0.028776,0.000341,0.064672,0.014389
8921,20,0.023137,0.000303,0.077632,0.077632
8922,20,0.024089,9.4e-05,0.067198,0.00804
8923,20,0.025565,0.000312,0.067292,0.038096
8924,20,0.019099,0.000769,0.074274,0.004562
8925,20,0.018394,8.8e-05,0.068956,0.014566
8926,20,0.028115,0.000156,0.073298,0.001638
8927,20,0.028114,0.001086,0.062744,0.004196
8928,20,0.029619,0.000233,0.076218,0.003151
8929,20,0.026658,7.5e-05,0.167192,0.052395
8930,20,0.035742,2.8e-05,0.1296,0.018567
8931,20,0.028742,0.00121,0.133108,0.011056
8932,20,0.023734,5e-05,0.068221,0.030965
8933,20,0.028586,0.001071,0.080993,0.024233
8934,20,0.024724,7e-06,0.065093,0.008507
8935,20,0.021025,2e-06,0.079298,0.019884
8936,20,0.022917,0.000656,0.067248,0.014967
8937,20,0.020599,8e-06,0.073288,0.010033
8938,20,0.026298,8e-06,0.096848,0.096848
8939,20,0.025788,6e-06,0.079229,0.007649
8940,20,0.031645,0.003419,0.135477,0.04612
8941,20,0.026295,0.001508,0.065098,0.034298
8942,20,0.028401,0.000348,0.068174,0.002775
8943,20,0.020747,0.000465,0.051939,0.001346
8944,20,0.046052,3e-06,0.543593,0.06414
8945,20,0.023589,3.8e-05,0.057156,3.8e-05
8946,20,0.018747,8.6e-05,0.062628,0.028476
8947,20,0.020207,8e-06,0.075719,0.075719
8948,20,0.021458,0.000262,0.067709,0.041296
8949,20,0.020757,4.7e-05,0.090205,0.035941
8950,20,0.024087,0.004642,0.071613,0.011223
8951,20,0.025056,5.2e-05,0.094773,0.027369
8952,20,0.013645,3.6e-05,0.037293,0.037293
8953,20,0.023048,9e-05,0.0718,0.009004
8954,20,0.02736,0.001261,0.059125,0.00398
8955,20,0.029894,0.000123,0.068711,0.000467
8956,20,0.024334,0.001237,0.066237,0.040837
8957,20,0.064964,0.000395,0.703696,0.00523
8958,20,0.029295,0.000785,0.08691,0.011555
8959,20,0.031929,7.5e-05,0.097779,0.02555
8960,20,0.020634,4.4e-05,0.067663,0.000805
8961,20,0.032184,2e-06,0.085467,0.011435
8962,20,0.025814,0.000626,0.11092,0.064089
8963,20,0.023454,0.000282,0.058579,0.034072
8964,20,0.021477,9.5e-05,0.178389,0.000738
8965,20,0.02742,0.003085,0.064312,0.025805
8966,20,0.026132,8.3e-05,0.067821,0.041016
8967,20,0.031546,1.3e-05,0.078315,0.078315
8968,20,0.02179,9.5e-05,0.092833,0.010872
8969,20,0.020091,6.4e-05,0.065997,0.000358
8970,20,0.036714,0.000332,0.154857,0.006102
8971,20,0.016387,3.8e-05,0.07026,0.005243
8972,20,0.018603,1e-05,0.051929,0.015407
8973,20,0.022673,2.7e-05,0.062267,0.0249
8974,20,0.016946,0.000845,0.083899,0.006736
8975,20,0.025121,0.000171,0.084003,0.002255
8976,20,0.019043,2.5e-05,0.042503,0.010683
8977,20,0.034915,6.3e-05,0.158022,0.058823
8978,20,0.017751,4.9e-05,0.046671,0.022822
8979,20,0.027334,0.000263,0.089325,0.049115
8980,20,0.015523,0.001713,0.046163,0.002532
8981,20,0.026252,0.000216,0.070225,0.045651
8982,20,0.020467,0.000884,0.08229,0.019251
8983,20,0.023779,0.000101,0.072376,0.000802
8984,20,0.023019,2e-06,0.065567,0.021419
8985,20,0.025283,3.9e-05,0.081954,0.057891
8986,20,0.027966,0.001854,0.130577,0.130577
8987,20,0.028815,0.0,0.12181,0.02863
8988,20,0.024017,9.8e-05,0.08079,0.001325
8989,20,0.022208,7e-06,0.062409,0.039727
8990,20,0.022773,2.2e-05,0.054739,0.011906
8991,20,0.024869,0.000579,0.093068,0.009757
8992,20,0.02128,2e-06,0.076278,0.029793
8993,20,0.012944,2e-06,0.051354,0.00941
8994,20,0.027331,2e-05,0.104159,0.036928
8995,20,0.030393,9e-06,0.069914,0.056005
8996,20,0.02973,9e-06,0.12453,0.031347
8997,20,0.033697,0.001754,0.061281,0.007626
8998,20,0.032246,5.9e-05,0.174951,0.081973
8999,20,0.021308,0.000148,0.105312,0.012623
9000,20,0.032719,1.8e-05,0.085875,0.080674
9001,20,0.023632,0.000308,0.064522,0.037554
9002,20,0.031203,7e-06,0.080849,0.029523
9003,20,0.044929,6e-06,0.426384,0.004835
9004,20,0.02868,0.001305,0.065954,0.002829
9005,20,0.026444,0.000506,0.072897,0.005407
9006,20,0.020277,0.00018,0.055643,0.055643
9007,20,0.027285,6e-06,0.173173,0.030598
9008,20,0.029985,0.0003,0.09162,0.032607
9009,20,0.022844,0.000365,0.070645,0.013708
9010,20,0.030372,3.5e-05,0.186599,0.05078
9011,20,0.033544,7.5e-05,0.161865,0.032923
9012,20,0.026701,0.0,0.072961,0.032472
9013,20,0.026393,0.001136,0.063413,0.027799
9014,20,0.028025,0.000872,0.06746,0.012124
9015,20,0.032814,0.002001,0.072095,0.062901
9016,20,0.026427,2e-06,0.073949,0.027091
9017,20,0.022877,0.000157,0.066323,0.007562
9018,20,0.025887,9.1e-05,0.083821,0.015355
9019,20,0.0241,0.006259,0.083852,0.083852
9020,20,0.029639,0.002593,0.15682,0.031548
9021,20,0.030329,2e-06,0.119829,0.004337
9022,20,0.023239,3e-06,0.064235,0.003321
9023,20,0.026766,0.0,0.128102,0.011142
9024,20,0.026133,1e-05,0.080143,0.029367
9025,20,0.02196,9.5e-05,0.076444,0.008057
9026,20,0.056745,0.002474,0.450849,0.050142
9027,20,0.02262,0.000132,0.0846,0.005788
9028,20,0.033943,0.000155,0.218833,0.044211
9029,20,0.026151,9e-06,0.177901,0.035506
9030,20,0.028255,0.000399,0.087968,0.041283
9031,20,0.024036,0.00183,0.073581,0.009011
9032,20,0.025667,1.4e-05,0.07895,0.055111
9033,20,0.027452,5.9e-05,0.076541,0.027831
9034,20,0.017982,4.2e-05,0.082902,0.023039
9035,20,0.030708,3.9e-05,0.103443,0.008699
9036,20,0.022266,2.9e-05,0.062328,0.030576
9037,20,0.02132,0.000477,0.060353,0.021357
9038,20,0.020777,3e-05,0.099069,0.022169
9039,20,0.030335,4.8e-05,0.167704,0.014266
9040,20,0.042075,0.00103,0.075942,0.047531
9041,20,0.025756,0.000587,0.075566,0.036583
9042,20,0.038788,0.000941,0.169201,0.025045
9043,20,0.031664,7.9e-05,0.16946,0.16946
9044,20,0.023862,8.9e-05,0.151896,0.00025
9045,20,0.026189,0.000547,0.069782,0.069782
9046,20,0.022652,0.000281,0.065178,0.002227
9047,20,0.017,0.000336,0.059435,0.000336
9048,20,0.023617,0.000135,0.097157,0.000135
9049,20,0.024279,0.000194,0.183825,0.015477
9050,20,0.020158,3.3e-05,0.123038,0.002651
9051,20,0.022294,0.000315,0.074686,0.00136
9052,20,0.058503,0.000632,0.581271,0.581271
9053,20,0.033411,4.2e-05,0.101626,0.012299
9054,20,0.023701,0.001076,0.066755,0.003048
9055,20,0.027826,0.00228,0.06503,0.006526
9056,20,0.028428,0.000136,0.133961,0.012688
9057,20,0.034088,0.000381,0.144428,0.027335
9058,20,0.032841,0.00224,0.097752,0.030401
9059,20,0.034407,0.002087,0.077347,0.042628
9060,20,0.026389,7.5e-05,0.061835,0.025122
9061,20,0.0207,0.000633,0.057213,0.002919
9062,20,0.023962,0.000126,0.067581,0.002676
9063,20,0.030303,0.00218,0.068138,0.045317
9064,20,0.025047,6e-06,0.076549,0.054075
9065,20,0.025116,0.000202,0.07295,0.03557
9066,20,0.026112,2e-06,0.072846,0.002692
9067,20,0.022973,1.7e-05,0.058821,0.019261
9068,20,0.025727,0.000203,0.077442,0.034997
9069,20,0.032273,0.004242,0.075787,0.022343
9070,20,0.040912,0.003618,0.143586,0.012169
9071,20,0.03206,0.000294,0.070908,0.036643
9072,20,0.032271,0.001321,0.157214,0.043872
9073,20,0.023875,0.000578,0.085053,0.00325
9074,20,0.041216,0.00156,0.095386,0.095386
9075,20,0.029103,3.5e-05,0.080337,0.001192
9076,20,0.019568,1.9e-05,0.09389,0.01225
9077,20,0.017537,0.000496,0.052109,0.018139
9078,20,0.023803,0.000214,0.082306,0.008896
9079,20,0.027648,0.0,0.068564,0.01387
9080,20,0.032521,0.000628,0.126126,0.022534
9081,20,0.023724,0.000349,0.055015,0.01153
9082,20,0.019502,6e-06,0.052055,0.001442
9083,20,0.029922,0.000221,0.087771,0.02417
9084,20,0.017528,3.9e-05,0.081946,0.007843
9085,20,0.020593,0.000137,0.044013,0.014724
9086,20,0.022856,8.2e-05,0.072704,0.004653
9087,20,0.025711,6.9e-05,0.158207,0.045706
9088,20,0.030878,0.000268,0.06899,0.053439
9089,20,0.03564,0.003533,0.062355,0.005573
9090,20,0.025262,0.000494,0.104225,0.104225
9091,20,0.011122,8.2e-05,0.07409,0.041755
9092,20,0.017723,0.000151,0.055349,0.009273
9093,20,0.023076,4e-05,0.070363,6.7e-05
9094,20,0.022106,0.000144,0.074602,0.002864
9095,20,0.023309,1.2e-05,0.042887,0.000116
9096,20,0.024986,0.000346,0.103108,0.028694
9097,20,0.027762,0.000421,0.131245,0.026934
9098,20,0.021311,8.5e-05,0.044025,0.000588
9099,20,0.020638,9.2e-05,0.092062,0.010069
9100,20,0.025425,0.000956,0.066993,0.022329
9101,20,0.038817,2e-05,0.102256,0.052911
9102,20,0.022499,1e-06,0.095087,0.037111
9103,20,0.036507,0.000751,0.084595,0.049357
9104,20,0.015904,0.0,0.044174,0.027172
9105,20,0.021695,0.000118,0.07829,0.000486
9106,20,0.017118,8.3e-05,0.060241,0.000224
9107,20,0.017431,1.3e-05,0.043238,0.037808
9108,20,0.026712,0.001188,0.063759,0.012455
9109,20,0.025149,9.9e-05,0.067253,0.021908
9110,20,0.031631,0.0,0.165415,0.00325
9111,20,0.025381,0.000269,0.081703,0.03524
9112,20,0.029242,0.000869,0.160406,0.107732
9113,20,0.025564,0.000109,0.07562,0.021787
9114,20,0.037847,0.001256,0.165172,0.003205
9115,20,0.041147,0.002097,0.120087,0.041092
9116,20,0.029248,0.000309,0.065984,0.032729
9117,20,0.02044,5.6e-05,0.070716,0.0603
9118,20,0.024886,0.001098,0.127006,0.013994
9119,20,0.018958,4e-06,0.10341,6e-06
9120,20,0.032789,0.000616,0.131402,0.002763
9121,20,0.027729,0.000237,0.18146,0.012224
9122,20,0.025092,0.000157,0.10685,0.028519
9123,20,0.024096,0.000344,0.077076,0.002881
9124,20,0.032127,5.3e-05,0.195712,0.029283
9125,20,0.018655,0.000373,0.055406,0.034088
9126,20,0.020378,2.6e-05,0.074218,0.04201
9127,20,0.044358,1.9e-05,0.250504,0.036802
9128,20,0.021851,0.001216,0.0669,0.023482
9129,20,0.02725,3.6e-05,0.071849,3.6e-05
9130,20,0.028526,5e-06,0.080362,0.00399
9131,20,0.018899,2.4e-05,0.086034,0.005689
9132,20,0.022142,1e-06,0.175074,0.033455
9133,20,0.020507,2.5e-05,0.078811,0.059628
9134,20,0.016144,8.7e-05,0.052947,0.009158
9135,20,0.024711,4e-06,0.097584,0.067027
9136,20,0.019561,2e-06,0.079082,0.079082
9137,20,0.030687,0.000354,0.099369,0.068767
9138,20,0.021861,1e-06,0.095118,0.007204
9139,20,0.030925,0.0,0.164906,0.001233
9140,20,0.030407,0.000223,0.067502,0.031481
9141,20,0.034459,0.001283,0.166818,0.034769
9142,20,0.026487,0.001431,0.061871,0.00636
9143,20,0.01919,0.000127,0.10158,0.009791
9144,20,0.026434,0.000571,0.058406,0.031658
9145,20,0.019852,5e-06,0.104299,0.001799
9146,20,0.029225,0.000238,0.142953,0.003096
9147,20,0.022192,0.001462,0.066886,0.018296
9148,20,0.019538,8.6e-05,0.050923,0.011942
9149,20,0.022941,0.0,0.051865,0.029676
9150,20,0.025424,0.000175,0.086276,0.036179
9151,20,0.016811,0.000199,0.055285,0.019648
9152,20,0.032493,1.7e-05,0.078782,0.04538
9153,20,0.035364,5.4e-05,0.319751,0.015474
9154,20,0.032902,7e-06,0.06315,0.045357
9155,20,0.016804,0.0001,0.044628,0.020926
9156,20,0.031576,0.000728,0.075483,0.024205
9157,20,0.024695,6e-06,0.07903,0.049485
9158,20,0.025341,0.001157,0.069601,0.01466
9159,20,0.01833,0.00041,0.070103,0.008538
9160,20,0.034362,0.000576,0.149981,0.000576
9161,20,0.029817,0.001174,0.064886,0.042677
9162,20,0.026212,1e-06,0.063011,0.052124
9163,20,0.027574,0.000184,0.072724,0.010343
9164,20,0.020734,9e-06,0.102964,9e-06
9165,20,0.027532,0.000105,0.096314,0.000247
9166,20,0.025308,0.00031,0.09552,0.033168
9167,20,0.020808,0.000191,0.056539,0.006094
9168,20,0.024309,0.000611,0.079119,0.079119
9169,20,0.017675,5.7e-05,0.075766,0.034634
9170,20,0.013866,7e-06,0.073532,0.073532
9171,20,0.032122,0.000622,0.06463,0.000622
9172,20,0.030059,0.003635,0.065425,0.045086
9173,20,0.047664,1.4e-05,0.664223,0.023277
9174,20,0.031141,0.000572,0.109299,0.041065
9175,20,0.025871,4.5e-05,0.088854,0.006668
9176,20,0.01526,9.7e-05,0.035897,0.000868
9177,20,0.027845,0.001022,0.106787,0.032991
9178,20,0.033246,4.5e-05,0.132974,0.000777
9179,20,0.025877,7.9e-05,0.073365,0.072104
9180,20,0.015454,4e-06,0.046609,0.001453
9181,20,0.019708,1.2e-05,0.081845,0.033932
9182,20,0.023945,0.000243,0.067545,0.005718
9183,20,0.031527,0.002069,0.07294,0.025426
9184,20,0.022073,2e-06,0.08326,0.004791
9185,20,0.020297,0.000349,0.056414,0.001177
9186,20,0.02885,0.000886,0.075425,0.008611
9187,20,0.024396,0.000361,0.078879,0.078879
9188,20,0.021455,0.000673,0.071773,0.004317
9189,20,0.028556,4e-06,0.103609,0.021744
9190,20,0.022222,4e-06,0.079301,0.042293
9191,20,0.018918,0.000545,0.063852,0.008129
9192,20,0.016029,3e-05,0.053505,0.000594
9193,20,0.016768,0.000326,0.069536,0.004538
9194,20,0.021335,4e-06,0.086008,0.023776
9195,20,0.0245,0.00057,0.068919,0.017103
9196,20,0.033456,0.001017,0.074468,0.001017
9197,20,0.016599,1e-05,0.042412,0.019589
9198,20,0.025089,1.6e-05,0.093045,0.040533
9199,20,0.022331,3e-06,0.062351,0.004631
9200,20,0.017721,5.4e-05,0.074404,0.007168
9201,20,0.026035,0.000184,0.076148,0.033236
9202,20,0.021192,0.000902,0.067117,0.008559
9203,20,0.011964,6e-06,0.031692,0.024023
9204,20,0.014406,0.000687,0.059831,0.031898
9205,20,0.019841,2.3e-05,0.07832,0.023895
9206,20,0.022824,0.00018,0.072277,0.011431
9207,20,0.028116,2e-06,0.08022,0.000619
9208,20,0.029105,0.000267,0.115699,0.014021
9209,20,0.031053,0.003785,0.063618,0.022758
9210,20,0.030319,0.0,0.174175,0.071469
9211,20,0.020624,1.7e-05,0.056786,0.042602
9212,20,0.020714,0.000149,0.093158,0.036361
9213,20,0.033738,0.000706,0.069785,0.024768
9214,20,0.024098,0.001369,0.086798,0.001369
9215,20,0.030389,0.000121,0.107468,0.017826
9216,20,0.021904,6.3e-05,0.072744,0.023722
9217,20,0.021824,3.8e-05,0.094592,0.022133
9218,20,0.019342,0.00089,0.070878,0.000988
9219,20,0.043949,0.001793,0.108697,0.0452
9220,20,0.025279,0.000786,0.078847,0.008788
9221,20,0.032813,0.000449,0.072341,0.059225
9222,20,0.030368,0.001057,0.101514,0.003272
9223,20,0.025249,2.8e-05,0.069884,0.043076
9224,20,0.03515,0.000845,0.083259,0.008827
9225,20,0.016092,0.0,0.050905,0.000489
9226,20,0.027864,2.2e-05,0.074386,0.001919
9227,20,0.026324,2.1e-05,0.092966,0.053537
9228,20,0.025866,0.000448,0.085561,0.029498
9229,20,0.034948,0.001831,0.069438,0.038264
9230,20,0.019342,0.0,0.044951,0.028321
9231,20,0.033874,7.7e-05,0.294385,0.00245
9232,20,0.030014,0.000547,0.061688,0.053935
9233,20,0.020622,0.001352,0.067367,0.004581
9234,20,0.027775,2e-06,0.066264,0.024686
9235,20,0.017123,0.000244,0.095327,0.000916
9236,20,0.012279,5e-05,0.029332,0.002666
9237,20,0.028455,0.000174,0.166286,0.011543
9238,20,0.016259,0.000119,0.04985,0.013621
9239,20,0.037109,0.000583,0.152243,0.026971
9240,20,0.029475,0.000388,0.060536,0.055854
9241,20,0.03219,4.3e-05,0.064039,0.05453
9242,20,0.025493,0.000586,0.07117,0.026488
9243,20,0.024527,0.000443,0.081405,0.044952
9244,20,0.034866,0.001796,0.074644,0.011497
9245,20,0.01744,2e-06,0.097682,0.008026
9246,20,0.026787,2.5e-05,0.121541,0.07717
9247,20,0.017258,2e-06,0.061245,0.028796
9248,20,0.015384,2e-06,0.060995,0.060995
9249,20,0.019436,0.000135,0.063019,0.000135
9250,20,0.034797,0.000823,0.14368,0.049049
9251,20,0.025073,0.000239,0.09028,0.000239
9252,20,0.020583,0.000127,0.075483,0.029914
9253,20,0.028373,1.2e-05,0.091496,0.009238
9254,20,0.020592,7e-06,0.07106,0.029295
9255,20,0.024443,0.000978,0.106581,0.037703
9256,20,0.025081,0.000674,0.05766,0.051301
9257,20,0.015307,1.1e-05,0.041585,0.02703
9258,20,0.024872,0.0,0.069528,0.019632
9259,20,0.026805,6e-06,0.088939,0.011755
9260,20,0.051317,0.003427,0.103331,0.047856
9261,20,0.022087,0.000262,0.059679,0.000395
9262,20,0.022903,0.000814,0.078902,0.010619
9263,20,0.019421,8.8e-05,0.069238,0.021982
9264,20,0.027264,0.000267,0.092412,0.014761
9265,20,0.016404,6.9e-05,0.100717,0.018012
9266,20,0.017069,1.8e-05,0.040436,0.000126
9267,20,0.017361,4e-06,0.085289,0.016168
9268,20,0.030436,0.000174,0.079766,0.060721
9269,20,0.025494,5e-05,0.061249,0.001452
9270,20,0.027041,0.000341,0.080037,0.003343
9271,20,0.01366,5.3e-05,0.060121,0.002601
9272,20,0.036451,0.000716,0.063389,0.013266
9273,20,0.021768,6.2e-05,0.076345,0.008426
9274,20,0.025242,0.000813,0.062581,0.011376
9275,20,0.031186,0.000514,0.128071,0.038212
9276,20,0.020343,0.000182,0.165148,0.020738
9277,20,0.020721,0.000917,0.052162,0.002947
9278,20,0.033896,0.000391,0.135283,0.05012
9279,20,0.037889,0.002207,0.064136,0.058693
9280,20,0.032951,0.001734,0.140994,0.045285
9281,20,0.033846,0.000298,0.111949,0.040867
9282,20,0.022604,3e-06,0.086916,0.006856
9283,20,0.022228,0.002121,0.061748,0.02196
9284,20,0.028542,8.6e-05,0.087556,0.048082
9285,20,0.031477,0.00069,0.134331,0.046788
9286,20,0.022976,0.000716,0.064103,0.001578
9287,20,0.025601,8e-06,0.056437,0.016767
9288,20,0.022829,4e-05,0.081924,0.008141
9289,20,0.01728,8e-06,0.040594,0.011685
9290,20,0.024882,0.0,0.198117,0.198117
9291,20,0.016962,6.1e-05,0.080775,0.007828
9292,20,0.033357,0.000264,0.120303,0.035622
9293,20,0.032101,0.001775,0.0803,0.002661
9294,20,0.029788,0.000199,0.072155,0.035433
9295,20,0.027556,0.001106,0.072825,0.033449
9296,20,0.02017,7e-06,0.068453,0.020212
9297,20,0.02709,4.3e-05,0.086024,0.049886
9298,20,0.023569,0.001364,0.063154,0.046225
9299,20,0.025914,0.000143,0.070918,0.000143
9300,20,0.021707,8e-06,0.076451,0.011792
9301,20,0.022483,0.00034,0.058185,0.025013
9302,20,0.025282,0.0,0.082009,0.04706
9303,20,0.02109,2e-06,0.069057,0.000273
9304,20,0.030934,7.1e-05,0.075472,0.023658
9305,20,0.020081,0.0,0.079846,6.9e-05
9306,20,0.026553,3e-06,0.188099,0.018815
9307,20,0.016634,3e-06,0.071358,0.000426
9308,20,0.01541,1e-05,0.092402,0.007063
9309,20,0.022635,0.001682,0.061568,0.028591
9310,20,0.036359,0.0019,0.14228,0.005575
9311,20,0.021277,6.2e-05,0.078093,0.003117
9312,20,0.023432,0.001233,0.075416,0.001233
9313,20,0.023099,0.000317,0.072036,0.011935
9314,20,0.028746,6e-06,0.146518,0.05781
9315,20,0.026104,7e-06,0.056083,0.025028
9316,20,0.024611,3e-06,0.078239,0.013636
9317,20,0.027197,0.001044,0.062958,0.022484
9318,20,0.020129,0.001342,0.062232,0.016977
9319,20,0.028527,0.000189,0.067587,0.005631
9320,20,0.021358,5.5e-05,0.084686,0.000888
9321,20,0.02626,4.2e-05,0.084536,0.048543
9322,20,0.027052,0.000254,0.070943,0.01841
9323,20,0.025088,7e-06,0.062551,0.000202
9324,20,0.029939,0.000636,0.148563,0.010285
9325,20,0.029686,0.001534,0.06711,0.035909
9326,20,0.015582,4e-06,0.048275,0.010586
9327,20,0.02009,3e-06,0.061392,0.022318
9328,20,0.027127,0.000298,0.086483,0.000298
9329,20,0.053278,0.000132,0.458323,0.010591
9330,20,0.022394,0.000133,0.055013,0.000145
9331,20,0.027941,0.000487,0.104511,0.028151
9332,20,0.026209,0.0004,0.182066,0.06643
9333,20,0.023641,0.00078,0.062808,0.012566
9334,20,0.027859,7e-06,0.068189,0.011131
9335,20,0.03293,1e-05,0.082321,0.035299
9336,20,0.017544,3e-06,0.063201,0.029543
9337,20,0.031275,1e-06,0.072954,0.002358
9338,20,0.028972,0.000165,0.066041,0.066041
9339,20,0.019407,0.000108,0.055723,0.018273
9340,20,0.032063,0.000993,0.186113,0.001729
9341,20,0.026138,0.0011,0.056437,0.011304
9342,20,0.035644,8.5e-05,0.152148,0.02951
9343,20,0.021477,5e-06,0.066131,0.019545
9344,20,0.026032,0.000531,0.089582,0.037179
9345,20,0.026097,0.000714,0.092205,0.040773
9346,20,0.029456,7.7e-05,0.06688,0.054677
9347,20,0.031836,0.002903,0.061737,0.048131
9348,20,0.019244,2.5e-05,0.086626,0.034576
9349,20,0.035144,0.000985,0.187053,0.061264
9350,20,0.02125,0.000169,0.078095,0.020566
9351,20,0.011691,1e-06,0.040275,0.003575
9352,20,0.034018,5.3e-05,0.087573,0.045088
9353,20,0.030744,3.9e-05,0.118213,0.000788
9354,20,0.043756,0.000504,0.463776,0.000564
9355,20,0.027492,0.000687,0.093206,0.032007
9356,20,0.025811,8e-06,0.154404,0.032941
9357,20,0.017481,0.0,0.072009,0.001119
9358,20,0.028146,6e-06,0.138342,0.009499
9359,20,0.038156,4e-06,0.112903,0.0565
9360,20,0.027847,0.000122,0.075734,0.03877
9361,20,0.023667,5.3e-05,0.090438,0.021663
9362,20,0.026466,0.000132,0.171423,0.023113
9363,20,0.028358,6.9e-05,0.086637,0.00596
9364,20,0.023466,0.002046,0.059722,0.042482
9365,20,0.020016,8.4e-05,0.071347,0.028202
9366,20,0.022007,9e-06,0.065867,0.006111
9367,20,0.026221,3.7e-05,0.082979,0.018968
9368,20,0.023093,0.000385,0.067491,0.022881
9369,20,0.032209,0.001252,0.089521,0.021708
9370,20,0.019551,0.000412,0.053914,0.000565
9371,20,0.023916,2.9e-05,0.076738,0.021041
9372,20,0.023553,3e-06,0.049228,0.027948
9373,20,0.018906,2.4e-05,0.084795,0.046395
9374,20,0.022157,2.3e-05,0.090171,0.027193
9375,20,0.022545,9.4e-05,0.074402,0.032723
9376,20,0.034005,0.0,0.090494,0.03362
9377,20,0.029318,5.4e-05,0.130579,0.045321
9378,20,0.019137,0.000512,0.052323,0.033998
9379,20,0.018709,0.000101,0.079206,0.001706
9380,20,0.022538,0.000815,0.064447,0.055991
9381,20,0.033181,0.000238,0.112637,0.035489
9382,20,0.024802,0.000517,0.066477,0.006423
9383,20,0.043376,1.9e-05,0.512006,0.029004
9384,20,0.030921,0.000308,0.128307,0.121718
9385,20,0.035599,0.000153,0.080897,0.064308
9386,20,0.020814,6e-05,0.073541,0.073541
9387,20,0.036902,0.001258,0.238333,0.010311
9388,20,0.022747,0.000564,0.06996,0.04167
9389,20,0.034146,0.001758,0.107253,0.040293
9390,20,0.043274,0.002869,0.272994,0.011542
9391,20,0.034636,1.1e-05,0.148254,0.031059
9392,20,0.025514,0.0008,0.073225,0.02525
9393,20,0.02824,2.2e-05,0.08353,0.082501
9394,20,0.028186,8.7e-05,0.162765,0.048804
9395,20,0.022273,0.000145,0.066427,0.030228
9396,20,0.023078,0.001461,0.060925,0.017505
9397,20,0.017034,0.00011,0.067556,0.005138
9398,20,0.03052,0.000124,0.079488,0.052871
9399,20,0.027077,0.000318,0.056395,0.00975
9400,20,0.023617,0.00012,0.079824,0.00012
9401,20,0.026819,0.000796,0.07425,0.025396
9402,20,0.028912,0.000751,0.066012,0.041813
9403,20,0.02706,0.001735,0.061535,0.021584
9404,20,0.022804,0.001194,0.090399,0.054007
9405,20,0.022924,0.000305,0.063373,0.024244
9406,20,0.029252,0.001679,0.082802,0.048654
9407,20,0.026412,0.002344,0.058919,0.007234
9408,20,0.009579,0.000172,0.02605,0.000315
9409,20,0.022658,7.9e-05,0.077359,0.030447
9410,20,0.030611,0.001557,0.09071,0.003529
9411,20,0.025356,0.001546,0.057402,0.043245
9412,20,0.021856,1.5e-05,0.076039,0.000958
9413,20,0.024238,0.000388,0.071433,0.020109
9414,20,0.027512,0.000317,0.090222,0.020341
9415,20,0.030635,0.000244,0.076926,0.05379
9416,20,0.02029,2.2e-05,0.064298,0.028927
9417,20,0.024245,1e-06,0.067009,0.004155
9418,20,0.019653,8.5e-05,0.060993,0.009629
9419,20,0.024935,3.6e-05,0.078216,0.037169
9420,20,0.0253,0.000208,0.08515,0.002608
9421,20,0.02429,0.000159,0.096389,0.076203
9422,20,0.026942,4.9e-05,0.098028,0.068145
9423,20,0.020938,3.4e-05,0.063709,3.4e-05
9424,20,0.026851,4.8e-05,0.080837,0.001004
9425,20,0.021797,0.000232,0.071327,0.0053
9426,20,0.022822,0.000409,0.059285,0.036193
9427,20,0.025173,7e-06,0.063245,0.006389
9428,20,0.029104,0.001138,0.147468,0.038528
9429,20,0.032738,0.000286,0.152533,0.040823
9430,20,0.026456,1e-06,0.077984,0.011432
9431,20,0.023739,0.000489,0.058558,0.021336
9432,20,0.040014,0.002193,0.159427,0.052804
9433,20,0.02347,8.5e-05,0.102333,0.073028
9434,20,0.013686,5e-05,0.037954,0.013113
9435,20,0.023361,2.5e-05,0.093637,0.027296
9436,20,0.019558,0.000322,0.089749,0.000322
9437,20,0.01621,0.0,0.07056,0.0
9438,20,0.026264,0.000503,0.070137,0.027341
9439,20,0.03758,7e-05,0.153165,0.034958
9440,20,0.034503,0.000418,0.134744,0.043436
9441,20,0.028737,3e-06,0.088437,0.004534
9442,20,0.018572,0.003073,0.049898,0.003073
9443,20,0.019643,0.00052,0.05218,0.013258
9444,20,0.027966,1.9e-05,0.080121,0.038393
9445,20,0.031346,0.000159,0.144047,0.040067
9446,20,0.024362,0.000144,0.074327,0.005979
9447,20,0.026095,0.0,0.151815,0.032669
9448,20,0.025486,0.002263,0.052323,0.0344
9449,20,0.013624,5e-06,0.043745,0.001078
9450,20,0.013301,4.8e-05,0.030475,0.01539
9451,20,0.019158,0.0,0.069628,0.015917
9452,20,0.012647,0.000148,0.029716,0.005361
9453,20,0.009868,3e-06,0.024175,0.020375
9454,20,0.025357,1.9e-05,0.076035,0.045312
9455,20,0.034754,0.000245,0.083412,0.030411
9456,20,0.024947,0.000167,0.076316,0.065397
9457,20,0.024765,0.001609,0.064796,0.032571
9458,20,0.026423,0.001777,0.058448,0.017
9459,20,0.019027,0.000153,0.082289,0.006987
9460,20,0.025156,0.000251,0.110899,0.005392
9461,20,0.049142,0.001038,0.437628,0.437628
9462,20,0.027346,0.000382,0.072707,0.000382
9463,20,0.022871,2.4e-05,0.066063,0.019038
9464,20,0.02231,5e-06,0.062061,0.042379
9465,20,0.023599,0.000897,0.061971,0.018793
9466,20,0.042653,1e-06,0.276067,0.009212
9467,20,0.032432,1e-06,0.086044,0.011785
9468,20,0.031611,0.001156,0.081798,0.026511
9469,20,0.020761,2.8e-05,0.153089,0.005333
9470,20,0.038235,1.9e-05,0.098502,0.054131
9471,20,0.026336,0.000602,0.055688,0.045216
9472,20,0.034123,1e-06,0.109718,0.062041
9473,20,0.025618,0.000212,0.085849,0.085849
9474,20,0.023871,0.000191,0.081466,0.002968
9475,20,0.030825,2.4e-05,0.141483,0.017893
9476,20,0.018618,2.1e-05,0.151402,0.151402
9477,20,0.019934,0.000253,0.057278,0.019851
9478,20,0.021914,0.000225,0.052684,0.030796
9479,20,0.026803,0.000258,0.169816,0.002925
9480,20,0.030139,0.000363,0.060532,0.03028
9481,20,0.02091,0.001423,0.065201,0.026718
9482,20,0.021066,4.6e-05,0.067168,0.041214
9483,20,0.020293,5.2e-05,0.07518,0.07518
9484,20,0.030107,0.0,0.174507,0.008593
9485,20,0.056651,0.001196,0.468543,0.008193
9486,20,0.021514,9.5e-05,0.06562,0.009603
9487,20,0.0228,1e-06,0.079786,0.004245
9488,20,0.018582,3.5e-05,0.044582,0.026452
9489,20,0.021068,2.5e-05,0.099139,0.013555
9490,20,0.027654,8e-06,0.204533,0.013196
9491,20,0.012186,0.000163,0.045413,0.021039
9492,20,0.035008,0.000157,0.06549,0.059377
9493,20,0.022158,0.000359,0.053486,0.022651
9494,20,0.012926,3.2e-05,0.046239,0.017978
9495,20,0.014867,3.8e-05,0.034778,0.034475
9496,20,0.027698,0.000102,0.072491,0.035528
9497,20,0.030151,0.001234,0.077004,0.002748
9498,20,0.045893,4.5e-05,0.51805,0.006004
9499,20,0.03,7.9e-05,0.083424,0.001465
9500,20,0.024144,1.5e-05,0.183179,0.011413
9501,20,0.017883,8.9e-05,0.055763,0.041105
9502,20,0.025178,4e-05,0.069247,0.017708
9503,20,0.0324,0.000195,0.156328,0.000195
9504,20,0.025727,0.000851,0.126695,0.003983
9505,20,0.021439,0.002045,0.062524,0.020296
9506,20,0.019358,0.0,0.076986,0.036919
9507,20,0.019051,0.0002,0.069337,0.038937
9508,20,0.025743,2.4e-05,0.066175,0.008682
9509,20,0.038611,8e-06,0.133682,0.008104
9510,20,0.0255,0.000271,0.095753,0.000271
9511,20,0.019544,1.7e-05,0.039787,0.036885
9512,20,0.030268,0.000255,0.171696,0.000255
9513,20,0.024228,3e-05,0.071084,0.023372
9514,20,0.02092,3e-06,0.048911,0.011882
9515,20,0.025832,3e-06,0.137267,0.017626
9516,20,0.02519,9.9e-05,0.070976,0.000985
9517,20,0.025769,8e-06,0.091147,0.017383
9518,20,0.018742,0.002106,0.033296,0.026653
9519,20,0.021045,4.7e-05,0.077711,0.01308
9520,20,0.022938,0.000127,0.11208,0.000802
9521,20,0.031991,0.000713,0.15502,0.027523
9522,20,0.028103,0.000152,0.139322,0.003646
9523,20,0.024446,0.000348,0.071401,0.008398
9524,20,0.030766,0.002175,0.16748,0.006119
9525,20,0.025456,0.001307,0.06814,0.002077
9526,20,0.024179,9e-06,0.08562,0.053814
9527,20,0.051301,7.8e-05,0.560832,0.046468
9528,20,0.034594,0.00467,0.07873,0.034896
9529,20,0.02214,2.7e-05,0.078442,0.028961
9530,20,0.017768,4.1e-05,0.064495,0.021707
9531,20,0.021568,3.7e-05,0.071543,0.011053
9532,20,0.032209,0.0,0.136148,0.026019
9533,20,0.020165,1e-06,0.061699,0.009378
9534,20,0.02316,0.000562,0.086883,0.023208
9535,20,0.01683,0.000181,0.092296,0.092296
9536,20,0.032474,8e-06,0.140807,0.038554
9537,20,0.031141,2e-06,0.070241,0.039679
9538,20,0.021015,0.001228,0.059661,0.013331
9539,20,0.032013,2.1e-05,0.124255,0.027194
9540,20,0.024588,0.000352,0.054458,0.000352
9541,20,0.033495,1e-06,0.362582,0.362582
9542,20,0.037722,6.6e-05,0.150826,0.048868
9543,20,0.021304,1e-06,0.052945,1e-06
9544,20,0.0499,0.000117,0.538034,0.046096
9545,20,0.022629,3.1e-05,0.071939,0.000404
9546,20,0.022711,4.4e-05,0.07283,0.011687
9547,20,0.022596,2e-06,0.049529,0.010456
9548,20,0.018446,0.0,0.079602,0.003736
9549,20,0.01815,1.9e-05,0.118642,0.007134
9550,20,0.025817,0.00084,0.059276,0.042487
9551,20,0.030068,0.000446,0.145649,0.023992
9552,20,0.030289,0.000156,0.099713,0.040276
9553,20,0.026049,0.001986,0.09257,0.041335
9554,20,0.032737,0.0,0.152935,0.029227
9555,20,0.030471,0.00026,0.156034,0.074604
9556,20,0.038528,0.000158,0.181098,0.035324
9557,20,0.025526,0.000688,0.071587,0.043246
9558,20,0.027448,4e-06,0.093669,0.039977
9559,20,0.02899,2.3e-05,0.098094,0.098094
9560,20,0.024781,1e-06,0.085484,0.007158
9561,20,0.034133,0.004596,0.090084,0.006022
9562,20,0.019717,0.0,0.070798,0.007801
9563,20,0.021894,1e-06,0.076832,0.009428
9564,20,0.015855,1e-06,0.051847,1e-06
9565,20,0.018532,7e-06,0.071538,0.015462
9566,20,0.025905,0.000605,0.131166,0.051558
9567,20,0.030405,2.4e-05,0.144002,0.016515
9568,20,0.021732,0.000756,0.071337,0.001166
9569,20,0.025914,0.003103,0.060949,0.02582
9570,20,0.031358,0.001059,0.099925,0.02072
9571,20,0.035795,0.000112,0.101121,0.024769
9572,20,0.022866,4.3e-05,0.095321,0.05931
9573,20,0.033853,0.000535,0.061434,0.036115
9574,20,0.036832,0.001004,0.13465,0.017877
9575,20,0.025493,0.0002,0.068453,0.001777
9576,20,0.020709,5.9e-05,0.056686,0.022523
9577,20,0.020237,2e-06,0.08048,0.002321
9578,20,0.015791,0.000144,0.09717,0.000299
9579,20,0.020028,0.000113,0.101834,0.019218
9580,20,0.015554,1e-06,0.048463,1e-06
9581,20,0.013167,1e-06,0.044394,0.034761
9582,20,0.014572,3e-05,0.047414,0.000355
9583,20,0.020009,0.00012,0.067159,0.034745
9584,20,0.023849,3e-06,0.079113,0.013577
9585,20,0.029697,3e-06,0.069409,0.036431
9586,20,0.023369,1.5e-05,0.079662,0.002233
9587,20,0.03095,1.2e-05,0.168943,0.026712
9588,20,0.019609,1.3e-05,0.079589,0.001393
9589,20,0.02268,6.5e-05,0.068951,0.009774
9590,20,0.015918,0.000235,0.066894,0.002188
9591,20,0.031823,5e-06,0.148384,0.011597
9592,20,0.018785,0.000644,0.058082,0.026716
9593,20,0.014061,9e-05,0.039767,0.00156
9594,20,0.024044,5e-06,0.106832,0.00507
9595,20,0.029723,4.7e-05,0.11338,0.017884
9596,20,0.023454,0.000261,0.076449,0.076449
9597,20,0.026581,3.1e-05,0.073419,0.017568
9598,20,0.035627,0.00068,0.074418,0.012311
9599,20,0.027759,0.000902,0.091095,0.01947
9600,20,0.024962,0.000122,0.087762,0.03338
9601,20,0.023941,2.4e-05,0.074525,0.074525
9602,20,0.026469,0.000585,0.079867,0.003786
9603,20,0.024595,0.000506,0.064251,0.022549
9604,20,0.019955,0.000122,0.069335,0.016052
9605,20,0.022033,3.4e-05,0.072526,0.026483
9606,20,0.025575,8.2e-05,0.072601,0.037392
9607,20,0.020861,1.3e-05,0.084932,0.011898
9608,20,0.032669,1.6e-05,0.123567,0.050608
9609,20,0.028559,0.00038,0.096784,0.013672
9610,20,0.025137,9.5e-05,0.084338,0.007641
9611,20,0.033162,1.9e-05,0.073196,0.033985
9612,20,0.03125,2e-06,0.180362,0.007382
9613,20,0.031661,2.2e-05,0.084287,0.029199
9614,20,0.02654,0.0,0.075577,0.004825
9615,20,0.025005,6e-06,0.053241,0.04224
9616,20,0.034133,8.5e-05,0.111806,8.5e-05
9617,20,0.028276,0.000278,0.138573,0.002301
9618,20,0.02662,2e-06,0.077917,0.039859
9619,20,0.036954,1e-06,0.141982,0.025811
9620,20,0.018439,1.8e-05,0.05629,0.025212
9621,20,0.030234,8.6e-05,0.185515,0.032739
9622,20,0.028299,7.1e-05,0.097517,0.003902
9623,20,0.032301,0.001463,0.079266,0.021623
9624,20,0.026322,0.001072,0.069871,0.002429
9625,20,0.021857,0.000244,0.075344,0.019841
9626,20,0.023646,9.1e-05,0.097216,9.1e-05
9627,20,0.029453,0.00023,0.195293,0.044997
9628,20,0.022913,0.000456,0.07203,0.011288
9629,20,0.016265,0.000465,0.112594,0.014281
9630,20,0.03592,0.000699,0.094166,0.046627
9631,20,0.028008,0.0,0.063412,0.019257
9632,20,0.022874,5.2e-05,0.07917,0.011036
9633,20,0.013275,5e-06,0.07498,0.07498
9634,20,0.01595,0.000342,0.079327,0.00304
9635,20,0.014395,1e-06,0.037941,0.01214
9636,20,0.02462,2.4e-05,0.071606,0.051709
9637,20,0.027734,0.001503,0.131848,0.004476
9638,20,0.035758,0.000673,0.079056,0.048517
9639,20,0.018141,8.6e-05,0.063806,0.00518
9640,20,0.02649,7e-06,0.137421,0.000758
9641,20,0.019406,3.7e-05,0.055247,0.028141
9642,20,0.026467,1e-05,0.085577,0.030861
9643,20,0.026882,0.000371,0.069194,0.033103
9644,20,0.027762,0.000606,0.071293,0.027929
9645,20,0.02996,1.6e-05,0.172402,0.005394
9646,20,0.021268,3.2e-05,0.05143,0.00742
9647,20,0.022487,2.4e-05,0.069438,0.000714
9648,20,0.025206,0.000439,0.064305,0.032014
9649,20,0.028868,0.000135,0.19117,0.019162
9650,20,0.019059,3.1e-05,0.06171,0.009923
9651,20,0.025178,0.000205,0.126618,0.068119
9652,20,0.018429,0.002606,0.054531,0.023712
9653,20,0.023774,1e-06,0.077281,0.054045
9654,20,0.031009,0.000751,0.069125,0.042423
9655,20,0.029398,0.002375,0.062763,0.06214
9656,20,0.032253,2.6e-05,0.076111,0.070541
9657,20,0.032979,0.000687,0.152735,0.071447
9658,20,0.025021,8.3e-05,0.075882,0.003322
9659,20,0.066367,0.000303,0.640344,0.049808
9660,20,0.023791,0.000392,0.058592,0.010335
9661,20,0.033512,0.000129,0.174038,0.084068
9662,20,0.025954,0.002355,0.058738,0.01466
9663,20,0.0255,1.7e-05,0.056903,0.008509
9664,20,0.035607,0.000484,0.12965,0.12965
9665,20,0.022769,0.000377,0.073727,0.006256
9666,20,0.023752,0.000174,0.04617,0.011245
9667,20,0.030849,0.000525,0.08984,0.008791
9668,20,0.032106,0.002254,0.068327,0.007794
9669,20,0.028992,7.8e-05,0.164221,0.004112
9670,20,0.030722,0.0,0.118918,0.015068
9671,20,0.035152,4.9e-05,0.152453,0.152453
9672,20,0.029564,4.8e-05,0.063563,0.000224
9673,20,0.033555,3e-06,0.095627,3.8e-05
9674,20,0.02264,6.1e-05,0.07259,0.051974
9675,20,0.02768,1e-05,0.190762,0.062476
9676,20,0.025032,5e-06,0.114962,0.068503
9677,20,0.023795,0.000702,0.061178,0.007589
9678,20,0.027222,0.004263,0.0809,0.005616
9679,20,0.034668,0.000832,0.176513,0.044365
9680,20,0.018435,6e-06,0.093139,0.024043
9681,20,0.023211,0.000804,0.072431,0.001307
9682,20,0.026573,5.9e-05,0.084974,7.4e-05
9683,20,0.027992,0.000507,0.068874,0.000507
9684,20,0.029862,0.001759,0.069898,0.003862
9685,20,0.027455,1e-06,0.085864,0.000576
9686,20,0.014646,0.000244,0.034357,0.002897
9687,20,0.027427,0.001228,0.066232,0.002511
9688,20,0.027232,0.000746,0.078301,0.007352
9689,20,0.03004,0.000106,0.072029,0.000106
9690,20,0.022541,0.000174,0.090686,0.023986
9691,20,0.011999,1e-06,0.052746,0.005364
9692,20,0.027901,3.3e-05,0.174512,0.026978
9693,20,0.030484,0.000395,0.18312,0.018331
9694,20,0.02512,6.1e-05,0.07791,0.000676
9695,20,0.026012,1e-06,0.082874,0.076873
9696,20,0.020227,4e-06,0.072921,0.004417
9697,20,0.027128,0.001706,0.064104,0.002189
9698,20,0.016665,7e-06,0.054379,0.000197
9699,20,0.027457,3e-06,0.096819,0.076411
9700,20,0.025545,0.0,0.078102,0.034196
9701,20,0.01482,7e-06,0.030436,6.5e-05
9702,20,0.022554,1e-06,0.093472,0.018044
9703,20,0.026043,0.000425,0.071715,0.062742
9704,20,0.019972,0.00022,0.087469,0.057195
9705,20,0.022526,0.000624,0.061248,0.018143
9706,20,0.022163,4.1e-05,0.067059,0.026937
9707,20,0.031191,2e-06,0.156729,0.002789
9708,20,0.023652,0.000137,0.070174,0.070174
9709,20,0.019644,0.001049,0.047648,0.006536
9710,20,0.029055,0.000232,0.075774,0.068365
