[run] seed=2024 device=cuda:0 problem_size=100 batch_size=16 rollout_steps=20
[run] train_data=easynco:uniform size=20000 eval_data=easynco:cluster eval_size=128
[run] selector_device=cuda:0 easynco_solver_device=cuda:0 dact_solver_device=cuda:0
[run] init_zoo=lehd,elg,difusco operator_zoo=two_opt,lehd_rrc_step,dact_2opt_step
[run] output_dir=0new/operator_policy/outputs/default
[run] enabled_easynco_runtime_patches=special_selected,TSPEnv,ARInitialization,ELGInitialization,POMOInitialization,LEHDPolicy.forward,LEHDDecoder
[run] solver_zoo_ready init=3 operators=3 elapsed=2.97s
[data] building train loader...
[data] train loader ready elapsed=0.27s
[run] training started
[train:prepare] step=00001/00080 fetching batch
[train:batch] step=00001 shape=(16, 100, 2) device=cuda:0 fetch_t=0.00s
[train:init] step=00001 batch=16 n=100 device=cuda:0 select_t=0.64s init_mean_entropy=0.8387
[solver:init] name=lehd count=8 start
[solver:init] name=lehd count=8 done elapsed=0.75s
[solver:init] name=elg count=2 start
[solver:init] name=elg count=2 done elapsed=0.58s
[solver:init] name=difusco count=6 start
[solver:init] name=difusco count=6 done elapsed=2.05s
[solver:init] all done elapsed=3.38s
[train:reset] step=00001 reset_t=3.38s init_len=7.8080
[train:rollout] step=00001 iter=01/20 current=7.8068 best=7.8017 stagnation=0.56
[train:rollout] step=00001 iter=02/20 current=7.8043 best=7.8012 stagnation=1.25
[train:rollout] step=00001 iter=04/20 current=7.8091 best=7.8009 stagnation=2.88
[train:rollout] step=00001 iter=06/20 current=7.8078 best=7.7999 stagnation=4.19
[train:rollout] step=00001 iter=08/20 current=7.8073 best=7.7953 stagnation=5.56
[train:rollout] step=00001 iter=10/20 current=7.8057 best=7.7946 stagnation=6.12
[train:rollout] step=00001 iter=12/20 current=7.8038 best=7.7928 stagnation=7.75
[train:rollout] step=00001 iter=14/20 current=7.8011 best=7.7928 stagnation=8.88
[train:rollout] step=00001 iter=16/20 current=7.7891 best=7.7843 stagnation=8.81
[train:rollout] step=00001 iter=18/20 current=7.8037 best=7.7841 stagnation=9.81
[train:rollout] step=00001 iter=20/20 current=7.7980 best=7.7816 stagnation=11.31
[train:done] step=00001 total_t=16.99s rollout_t=12.61s opt_t=0.36s loss=-0.0554 init=7.8080 final=7.7816 improve=0.0264 baseline=0.0264 entropy=22.8054
[train] step=00001 loss=-0.0554 init=7.8080 final=7.7816 improve=0.0264 entropy=22.8054 baseline=0.0264 adv_mean=0.0000 total_t=16.99s
[train] step=00001 init_dist=lehd:0.50, elg:0.12, difusco:0.38
[train] step=00001 op_dist=two_opt:0.36, lehd_rrc_step:0.33, dact_2opt_step:0.31
[train] step=00001 timing select=0.64s reset=3.38s rollout=12.61s optimize=0.36s
[train:prepare] step=00002/00080 fetching batch
[train:batch] step=00002 shape=(16, 100, 2) device=cuda:0 fetch_t=0.00s
[train:init] step=00002 batch=16 n=100 device=cuda:0 select_t=0.00s init_mean_entropy=0.7324
[solver:init] name=lehd count=15 start
[solver:init] name=lehd count=15 done elapsed=0.83s
[solver:init] name=difusco count=1 start
[solver:init] name=difusco count=1 done elapsed=0.26s
[solver:init] all done elapsed=1.09s
[train:reset] step=00002 reset_t=1.09s init_len=7.7935
[train:rollout] step=00002 iter=01/20 current=7.7832 best=7.7785 stagnation=0.69
[train:rollout] step=00002 iter=02/20 current=7.7779 best=7.7779 stagnation=1.31
[train:rollout] step=00002 iter=04/20 current=7.7788 best=7.7761 stagnation=2.25
[train:rollout] step=00002 iter=06/20 current=7.7908 best=7.7761 stagnation=3.94
[train:rollout] step=00002 iter=08/20 current=7.7879 best=7.7702 stagnation=4.88
[train:rollout] step=00002 iter=10/20 current=7.7935 best=7.7700 stagnation=6.56
[train:rollout] step=00002 iter=12/20 current=7.7882 best=7.7693 stagnation=7.88
[train:rollout] step=00002 iter=14/20 current=7.7859 best=7.7693 stagnation=9.88
[train:rollout] step=00002 iter=16/20 current=7.7745 best=7.7665 stagnation=10.75
[train:rollout] step=00002 iter=18/20 current=7.7704 best=7.7643 stagnation=12.12
[train:rollout] step=00002 iter=20/20 current=7.7745 best=7.7643 stagnation=13.44
[train:done] step=00002 total_t=12.28s rollout_t=11.04s opt_t=0.14s loss=-0.0424 init=7.7935 final=7.7643 improve=0.0293 baseline=0.0293 entropy=22.7002
[train] step=00002 loss=-0.0424 init=7.7935 final=7.7643 improve=0.0293 entropy=22.7002 baseline=0.0293 adv_mean=0.0000 total_t=12.28s
[train] step=00002 init_dist=lehd:0.94, elg:0.00, difusco:0.06
[train] step=00002 op_dist=two_opt:0.30, lehd_rrc_step:0.32, dact_2opt_step:0.38
[train] step=00002 timing select=0.00s reset=1.09s rollout=11.04s optimize=0.14s
[train:prepare] step=00003/00080 fetching batch
[train:batch] step=00003 shape=(16, 100, 2) device=cuda:0 fetch_t=0.00s
[train:init] step=00003 batch=16 n=100 device=cuda:0 select_t=0.00s init_mean_entropy=0.6008
[solver:init] name=lehd count=15 start
[solver:init] name=lehd count=15 done elapsed=0.81s
[solver:init] name=elg count=1 start
[solver:init] name=elg count=1 done elapsed=0.65s
[solver:init] all done elapsed=1.45s
[train:reset] step=00003 reset_t=1.45s init_len=7.8552
[train:rollout] step=00003 iter=01/20 current=7.8531 best=7.8486 stagnation=0.62
[train:rollout] step=00003 iter=02/20 current=7.8530 best=7.8461 stagnation=1.44
[train:rollout] step=00003 iter=04/20 current=7.8557 best=7.8447 stagnation=3.25
[train:rollout] step=00003 iter=06/20 current=7.8402 best=7.8338 stagnation=3.25
[train:rollout] step=00003 iter=08/20 current=7.8550 best=7.8290 stagnation=4.88
[train:rollout] step=00003 iter=10/20 current=7.8360 best=7.8289 stagnation=5.81
[train:rollout] step=00003 iter=12/20 current=7.8403 best=7.8274 stagnation=6.25
[train:rollout] step=00003 iter=14/20 current=7.8338 best=7.8266 stagnation=8.00
[train:rollout] step=00003 iter=16/20 current=7.8282 best=7.8266 stagnation=10.00
[train:rollout] step=00003 iter=18/20 current=7.8333 best=7.8266 stagnation=12.00
[train:rollout] step=00003 iter=20/20 current=7.8380 best=7.8266 stagnation=14.00
[train:done] step=00003 total_t=13.69s rollout_t=12.07s opt_t=0.16s loss=-0.0280 init=7.8552 final=7.8266 improve=0.0285 baseline=0.0285 entropy=22.5695
[train] step=00003 loss=-0.0280 init=7.8552 final=7.8266 improve=0.0285 entropy=22.5695 baseline=0.0285 adv_mean=0.0000 total_t=13.69s
[train] step=00003 init_dist=lehd:0.94, elg:0.06, difusco:0.00
[train] step=00003 op_dist=two_opt:0.31, lehd_rrc_step:0.36, dact_2opt_step:0.33
[train] step=00003 timing select=0.00s reset=1.45s rollout=12.07s optimize=0.16s
[train:prepare] step=00004/00080 fetching batch
[train:batch] step=00004 shape=(16, 100, 2) device=cuda:0 fetch_t=0.00s
[train:init] step=00004 batch=16 n=100 device=cuda:0 select_t=0.00s init_mean_entropy=0.4818
[solver:init] name=lehd count=15 start
[solver:init] name=lehd count=15 done elapsed=1.06s
[solver:init] name=elg count=1 start
[solver:init] name=elg count=1 done elapsed=0.58s
[solver:init] all done elapsed=1.64s
[train:reset] step=00004 reset_t=1.64s init_len=7.8247
[train:rollout] step=00004 iter=01/20 current=7.8258 best=7.8189 stagnation=0.69
[train:rollout] step=00004 iter=02/20 current=7.8363 best=7.8189 stagnation=1.69
[train:rollout] step=00004 iter=04/20 current=7.8353 best=7.8152 stagnation=3.06
[train:rollout] step=00004 iter=06/20 current=7.8090 best=7.8047 stagnation=3.38
[train:rollout] step=00004 iter=08/20 current=7.8174 best=7.8047 stagnation=5.38
[train:rollout] step=00004 iter=10/20 current=7.8163 best=7.8046 stagnation=6.88
[train:rollout] step=00004 iter=12/20 current=7.8140 best=7.8044 stagnation=7.44
[train:rollout] step=00004 iter=14/20 current=7.8099 best=7.8044 stagnation=8.56
[train:rollout] step=00004 iter=16/20 current=7.8162 best=7.8041 stagnation=10.31
[train:rollout] step=00004 iter=18/20 current=7.8133 best=7.8034 stagnation=11.06
[train:rollout] step=00004 iter=20/20 current=7.8128 best=7.8033 stagnation=11.75
[train:done] step=00004 total_t=14.03s rollout_t=12.18s opt_t=0.20s loss=0.1114 init=7.8247 final=7.8033 improve=0.0214 baseline=0.0214 entropy=22.4513
[train] step=00004 loss=0.1114 init=7.8247 final=7.8033 improve=0.0214 entropy=22.4513 baseline=0.0214 adv_mean=0.0000 total_t=14.03s
[train] step=00004 init_dist=lehd:0.94, elg:0.06, difusco:0.00
[train] step=00004 op_dist=two_opt:0.35, lehd_rrc_step:0.34, dact_2opt_step:0.31
[train] step=00004 timing select=0.00s reset=1.64s rollout=12.18s optimize=0.20s
[train:prepare] step=00005/00080 fetching batch
[train:batch] step=00005 shape=(16, 100, 2) device=cuda:0 fetch_t=0.00s
[train:init] step=00005 batch=16 n=100 device=cuda:0 select_t=0.00s init_mean_entropy=0.4633
[solver:init] name=lehd count=13 start
[solver:init] name=lehd count=13 done elapsed=0.85s
[solver:init] name=elg count=2 start
[solver:init] name=elg count=2 done elapsed=0.55s
[solver:init] name=difusco count=1 start
[solver:init] name=difusco count=1 done elapsed=0.24s
[solver:init] all done elapsed=1.65s
[train:reset] step=00005 reset_t=1.65s init_len=7.7645
[train:rollout] step=00005 iter=01/20 current=7.7810 best=7.7643 stagnation=0.94
[train:rollout] step=00005 iter=02/20 current=7.7664 best=7.7581 stagnation=1.44
[train:rollout] step=00005 iter=04/20 current=7.7577 best=7.7515 stagnation=2.88
[train:rollout] step=00005 iter=06/20 current=7.7542 best=7.7488 stagnation=3.44
[train:rollout] step=00005 iter=08/20 current=7.7498 best=7.7382 stagnation=4.38
[train:rollout] step=00005 iter=10/20 current=7.7404 best=7.7380 stagnation=5.75
[train:rollout] step=00005 iter=12/20 current=7.7378 best=7.7295 stagnation=4.62
[train:rollout] step=00005 iter=14/20 current=7.7439 best=7.7295 stagnation=6.50
[train:rollout] step=00005 iter=16/20 current=7.7422 best=7.7290 stagnation=8.25
[train:rollout] step=00005 iter=18/20 current=7.7362 best=7.7283 stagnation=9.19
[train:rollout] step=00005 iter=20/20 current=7.7298 best=7.7210 stagnation=10.81
[train:done] step=00005 total_t=12.57s rollout_t=10.75s opt_t=0.16s loss=-0.0621 init=7.7645 final=7.7210 improve=0.0436 baseline=0.0436 entropy=22.4330
[train] step=00005 loss=-0.0621 init=7.7645 final=7.7210 improve=0.0436 entropy=22.4330 baseline=0.0436 adv_mean=0.0000 total_t=12.57s
[train] step=00005 init_dist=lehd:0.81, elg:0.12, difusco:0.06
[train] step=00005 op_dist=two_opt:0.34, lehd_rrc_step:0.32, dact_2opt_step:0.34
[train] step=00005 timing select=0.00s reset=1.65s rollout=10.75s optimize=0.16s
[train:prepare] step=00006/00080 fetching batch
[train:batch] step=00006 shape=(16, 100, 2) device=cuda:0 fetch_t=0.00s
[train:init] step=00006 batch=16 n=100 device=cuda:0 select_t=0.00s init_mean_entropy=0.4263
[solver:init] name=lehd count=15 start
[solver:init] name=lehd count=15 done elapsed=0.89s
[solver:init] name=elg count=1 start
[solver:init] name=elg count=1 done elapsed=0.54s
[solver:init] all done elapsed=1.44s
[train:reset] step=00006 reset_t=1.44s init_len=7.7786
[train:rollout] step=00006 iter=01/20 current=7.7891 best=7.7782 stagnation=0.81
[train:rollout] step=00006 iter=02/20 current=7.7866 best=7.7782 stagnation=1.81
[train:rollout] step=00006 iter=04/20 current=7.7919 best=7.7750 stagnation=2.88
[train:rollout] step=00006 iter=06/20 current=7.7899 best=7.7750 stagnation=4.88
[train:rollout] step=00006 iter=08/20 current=7.7825 best=7.7744 stagnation=6.00
[train:rollout] step=00006 iter=10/20 current=7.7899 best=7.7703 stagnation=6.31
[train:rollout] step=00006 iter=12/20 current=7.7725 best=7.7703 stagnation=7.56
[train:rollout] step=00006 iter=14/20 current=7.7754 best=7.7702 stagnation=8.88
[train:rollout] step=00006 iter=16/20 current=7.7885 best=7.7673 stagnation=9.00
[train:rollout] step=00006 iter=18/20 current=7.7978 best=7.7673 stagnation=11.00
[train:rollout] step=00006 iter=20/20 current=7.7819 best=7.7622 stagnation=11.50
[train:done] step=00006 total_t=11.69s rollout_t=10.08s opt_t=0.17s loss=-0.0986 init=7.7786 final=7.7622 improve=0.0164 baseline=0.0164 entropy=22.3964
[train] step=00006 loss=-0.0986 init=7.7786 final=7.7622 improve=0.0164 entropy=22.3964 baseline=0.0164 adv_mean=0.0000 total_t=11.69s
[train] step=00006 init_dist=lehd:0.94, elg:0.06, difusco:0.00
[train] step=00006 op_dist=two_opt:0.32, lehd_rrc_step:0.28, dact_2opt_step:0.39
[train] step=00006 timing select=0.00s reset=1.44s rollout=10.08s optimize=0.17s
[train:prepare] step=00007/00080 fetching batch
[train:batch] step=00007 shape=(16, 100, 2) device=cuda:0 fetch_t=0.00s
[train:init] step=00007 batch=16 n=100 device=cuda:0 select_t=0.00s init_mean_entropy=0.3750
[solver:init] name=lehd count=14 start
[solver:init] name=lehd count=14 done elapsed=1.02s
[solver:init] name=elg count=1 start
[solver:init] name=elg count=1 done elapsed=0.53s
[solver:init] name=difusco count=1 start
[solver:init] name=difusco count=1 done elapsed=0.33s
[solver:init] all done elapsed=1.88s
[train:reset] step=00007 reset_t=1.88s init_len=7.8013
[train:rollout] step=00007 iter=01/20 current=7.8035 best=7.7943 stagnation=0.75
[train:rollout] step=00007 iter=02/20 current=7.7969 best=7.7934 stagnation=1.44
[train:rollout] step=00007 iter=04/20 current=7.7858 best=7.7825 stagnation=2.56
[train:rollout] step=00007 iter=06/20 current=7.7829 best=7.7812 stagnation=3.44
[train:rollout] step=00007 iter=08/20 current=7.7908 best=7.7802 stagnation=5.06
[train:rollout] step=00007 iter=10/20 current=7.7867 best=7.7785 stagnation=5.94
[train:rollout] step=00007 iter=12/20 current=7.7846 best=7.7785 stagnation=6.62
[train:rollout] step=00007 iter=14/20 current=7.7991 best=7.7772 stagnation=8.44
[train:rollout] step=00007 iter=16/20 current=7.7956 best=7.7772 stagnation=9.50
[train:rollout] step=00007 iter=18/20 current=7.7803 best=7.7758 stagnation=9.81
[train:rollout] step=00007 iter=20/20 current=7.7794 best=7.7758 stagnation=11.81
[train:done] step=00007 total_t=16.57s rollout_t=14.49s opt_t=0.19s loss=-0.2650 init=7.8013 final=7.7758 improve=0.0254 baseline=0.0254 entropy=22.3452
[train] step=00007 loss=-0.2650 init=7.8013 final=7.7758 improve=0.0254 entropy=22.3452 baseline=0.0254 adv_mean=0.0000 total_t=16.57s
[train] step=00007 init_dist=lehd:0.88, elg:0.06, difusco:0.06
[train] step=00007 op_dist=two_opt:0.33, lehd_rrc_step:0.35, dact_2opt_step:0.32
[train] step=00007 timing select=0.00s reset=1.88s rollout=14.49s optimize=0.19s
[train:prepare] step=00008/00080 fetching batch
[train:batch] step=00008 shape=(16, 100, 2) device=cuda:0 fetch_t=0.00s
[train:init] step=00008 batch=16 n=100 device=cuda:0 select_t=0.00s init_mean_entropy=0.3178
[solver:init] name=lehd count=13 start
[solver:init] name=lehd count=13 done elapsed=0.76s
[solver:init] name=elg count=3 start
[solver:init] name=elg count=3 done elapsed=0.57s
[solver:init] all done elapsed=1.33s
[train:reset] step=00008 reset_t=1.33s init_len=7.7658
[train:rollout] step=00008 iter=01/20 current=7.7712 best=7.7641 stagnation=0.75
[train:rollout] step=00008 iter=02/20 current=7.7688 best=7.7554 stagnation=1.12
[train:rollout] step=00008 iter=04/20 current=7.7634 best=7.7526 stagnation=2.25
[train:rollout] step=00008 iter=06/20 current=7.7720 best=7.7521 stagnation=3.88
[train:rollout] step=00008 iter=08/20 current=7.7599 best=7.7496 stagnation=5.69
[train:rollout] step=00008 iter=10/20 current=7.7492 best=7.7449 stagnation=6.69
[train:rollout] step=00008 iter=12/20 current=7.7474 best=7.7414 stagnation=7.56
[train:rollout] step=00008 iter=14/20 current=7.7530 best=7.7414 stagnation=9.56
[train:rollout] step=00008 iter=16/20 current=7.7484 best=7.7414 stagnation=11.56
[train:rollout] step=00008 iter=18/20 current=7.7444 best=7.7414 stagnation=13.00
[train:rollout] step=00008 iter=20/20 current=7.7535 best=7.7414 stagnation=15.00
[train:done] step=00008 total_t=12.30s rollout_t=10.81s opt_t=0.15s loss=0.2869 init=7.7658 final=7.7414 improve=0.0244 baseline=0.0244 entropy=22.2879
[train] step=00008 loss=0.2869 init=7.7658 final=7.7414 improve=0.0244 entropy=22.2879 baseline=0.0244 adv_mean=0.0000 total_t=12.30s
[train] step=00008 init_dist=lehd:0.81, elg:0.19, difusco:0.00
[train] step=00008 op_dist=two_opt:0.35, lehd_rrc_step:0.27, dact_2opt_step:0.38
[train] step=00008 timing select=0.00s reset=1.33s rollout=10.81s optimize=0.15s
[train:prepare] step=00009/00080 fetching batch
[train:batch] step=00009 shape=(16, 100, 2) device=cuda:0 fetch_t=0.00s
[train:init] step=00009 batch=16 n=100 device=cuda:0 select_t=0.00s init_mean_entropy=0.2969
[solver:init] name=lehd count=16 start
[solver:init] name=lehd count=16 done elapsed=0.77s
[solver:init] all done elapsed=0.77s
[train:reset] step=00009 reset_t=0.77s init_len=7.8792
[train:rollout] step=00009 iter=01/20 current=7.8893 best=7.8788 stagnation=0.81
[train:rollout] step=00009 iter=02/20 current=7.8887 best=7.8787 stagnation=1.62
[train:rollout] step=00009 iter=04/20 current=7.8933 best=7.8779 stagnation=3.06
[train:rollout] step=00009 iter=06/20 current=7.8836 best=7.8730 stagnation=3.81
[train:rollout] step=00009 iter=08/20 current=7.8788 best=7.8619 stagnation=5.38
[train:rollout] step=00009 iter=10/20 current=7.8655 best=7.8610 stagnation=6.88
[train:rollout] step=00009 iter=12/20 current=7.8645 best=7.8590 stagnation=7.25
[train:rollout] step=00009 iter=14/20 current=7.8604 best=7.8523 stagnation=8.06
[train:rollout] step=00009 iter=16/20 current=7.8742 best=7.8506 stagnation=9.00
[train:rollout] step=00009 iter=18/20 current=7.8660 best=7.8493 stagnation=9.94
[train:rollout] step=00009 iter=20/20 current=7.8570 best=7.8473 stagnation=11.06
[train:done] step=00009 total_t=12.85s rollout_t=11.91s opt_t=0.17s loss=-0.0117 init=7.8792 final=7.8473 improve=0.0319 baseline=0.0319 entropy=22.2669
[train] step=00009 loss=-0.0117 init=7.8792 final=7.8473 improve=0.0319 entropy=22.2669 baseline=0.0319 adv_mean=0.0000 total_t=12.85s
[train] step=00009 init_dist=lehd:1.00, elg:0.00, difusco:0.00
[train] step=00009 op_dist=two_opt:0.32, lehd_rrc_step:0.35, dact_2opt_step:0.32
[train] step=00009 timing select=0.00s reset=0.77s rollout=11.91s optimize=0.17s
[train:prepare] step=00010/00080 fetching batch
[train:batch] step=00010 shape=(16, 100, 2) device=cuda:0 fetch_t=0.00s
[train:init] step=00010 batch=16 n=100 device=cuda:0 select_t=0.00s init_mean_entropy=0.2811
[solver:init] name=lehd count=16 start
[solver:init] name=lehd count=16 done elapsed=0.91s
[solver:init] all done elapsed=0.91s
[train:reset] step=00010 reset_t=0.91s init_len=7.7444
[train:rollout] step=00010 iter=01/20 current=7.7450 best=7.7408 stagnation=0.69
[train:rollout] step=00010 iter=02/20 current=7.7403 best=7.7391 stagnation=1.38
[train:rollout] step=00010 iter=04/20 current=7.7510 best=7.7384 stagnation=2.69
[train:rollout] step=00010 iter=06/20 current=7.7544 best=7.7384 stagnation=4.69
[train:rollout] step=00010 iter=08/20 current=7.7622 best=7.7384 stagnation=6.25
[train:rollout] step=00010 iter=10/20 current=7.7486 best=7.7382 stagnation=7.69
[train:rollout] step=00010 iter=12/20 current=7.7508 best=7.7382 stagnation=9.19
[train:rollout] step=00010 iter=14/20 current=7.7596 best=7.7376 stagnation=10.56
[train:rollout] step=00010 iter=16/20 current=7.7394 best=7.7316 stagnation=11.06
[train:rollout] step=00010 iter=18/20 current=7.7452 best=7.7271 stagnation=12.94
[train:rollout] step=00010 iter=20/20 current=7.7321 best=7.7243 stagnation=13.69
[train:done] step=00010 total_t=10.68s rollout_t=9.61s opt_t=0.16s loss=0.0098 init=7.7444 final=7.7243 improve=0.0201 baseline=0.0201 entropy=22.2511
[train] step=00010 loss=0.0098 init=7.7444 final=7.7243 improve=0.0201 entropy=22.2511 baseline=0.0201 adv_mean=0.0000 total_t=10.68s
[train] step=00010 init_dist=lehd:1.00, elg:0.00, difusco:0.00
[train] step=00010 op_dist=two_opt:0.34, lehd_rrc_step:0.34, dact_2opt_step:0.31
[train] step=00010 timing select=0.00s reset=0.91s rollout=9.61s optimize=0.16s
[train:prepare] step=00011/00080 fetching batch
[train:batch] step=00011 shape=(16, 100, 2) device=cuda:0 fetch_t=0.00s
[train:init] step=00011 batch=16 n=100 device=cuda:0 select_t=0.00s init_mean_entropy=0.2690
[solver:init] name=lehd count=15 start
[solver:init] name=lehd count=15 done elapsed=0.88s
[solver:init] name=elg count=1 start
[solver:init] name=elg count=1 done elapsed=0.66s
[solver:init] all done elapsed=1.53s
[train:reset] step=00011 reset_t=1.53s init_len=7.7957
[train:rollout] step=00011 iter=01/20 current=7.7939 best=7.7902 stagnation=0.81
[train:rollout] step=00011 iter=02/20 current=7.7952 best=7.7889 stagnation=1.19
[train:rollout] step=00011 iter=04/20 current=7.7906 best=7.7783 stagnation=2.31
[train:rollout] step=00011 iter=06/20 current=7.7842 best=7.7751 stagnation=2.94
[train:rollout] step=00011 iter=08/20 current=7.7827 best=7.7751 stagnation=4.94
[train:rollout] step=00011 iter=10/20 current=7.7911 best=7.7740 stagnation=5.88
[train:rollout] step=00011 iter=12/20 current=7.7884 best=7.7731 stagnation=6.12
[train:rollout] step=00011 iter=14/20 current=7.7801 best=7.7667 stagnation=7.00
[train:rollout] step=00011 iter=16/20 current=7.7779 best=7.7667 stagnation=9.00
[train:rollout] step=00011 iter=18/20 current=7.7780 best=7.7667 stagnation=11.00
[train:rollout] step=00011 iter=20/20 current=7.7791 best=7.7634 stagnation=12.56
[train:done] step=00011 total_t=12.25s rollout_t=10.54s opt_t=0.17s loss=-0.1575 init=7.7957 final=7.7634 improve=0.0323 baseline=0.0323 entropy=22.2390
[train] step=00011 loss=-0.1575 init=7.7957 final=7.7634 improve=0.0323 entropy=22.2390 baseline=0.0323 adv_mean=0.0000 total_t=12.25s
[train] step=00011 init_dist=lehd:0.94, elg:0.06, difusco:0.00
[train] step=00011 op_dist=two_opt:0.33, lehd_rrc_step:0.35, dact_2opt_step:0.32
[train] step=00011 timing select=0.00s reset=1.53s rollout=10.54s optimize=0.17s
[train:prepare] step=00012/00080 fetching batch
[train:batch] step=00012 shape=(16, 100, 2) device=cuda:0 fetch_t=0.00s
[train:init] step=00012 batch=16 n=100 device=cuda:0 select_t=0.00s init_mean_entropy=0.2446
[solver:init] name=lehd count=15 start
[solver:init] name=lehd count=15 done elapsed=0.89s
[solver:init] name=elg count=1 start
[solver:init] name=elg count=1 done elapsed=0.55s
[solver:init] all done elapsed=1.44s
[train:reset] step=00012 reset_t=1.44s init_len=7.8081
[train:rollout] step=00012 iter=01/20 current=7.8072 best=7.8052 stagnation=0.75
[train:rollout] step=00012 iter=02/20 current=7.8167 best=7.8052 stagnation=1.62
[train:rollout] step=00012 iter=04/20 current=7.8110 best=7.8031 stagnation=3.44
[train:rollout] step=00012 iter=06/20 current=7.8109 best=7.8031 stagnation=5.12
[train:rollout] step=00012 iter=08/20 current=7.8184 best=7.8025 stagnation=6.44
[train:rollout] step=00012 iter=10/20 current=7.8163 best=7.8021 stagnation=7.81
[train:rollout] step=00012 iter=12/20 current=7.8196 best=7.8012 stagnation=7.62
[train:rollout] step=00012 iter=14/20 current=7.8071 best=7.8003 stagnation=8.31
[train:rollout] step=00012 iter=16/20 current=7.8166 best=7.8003 stagnation=8.44
[train:rollout] step=00012 iter=18/20 current=7.8209 best=7.8003 stagnation=10.25
[train:rollout] step=00012 iter=20/20 current=7.8067 best=7.7978 stagnation=9.81
[train:done] step=00012 total_t=9.32s rollout_t=7.78s opt_t=0.10s loss=-0.0800 init=7.8081 final=7.7978 improve=0.0103 baseline=0.0103 entropy=22.2144
[train] step=00012 loss=-0.0800 init=7.8081 final=7.7978 improve=0.0103 entropy=22.2144 baseline=0.0103 adv_mean=0.0000 total_t=9.32s
[train] step=00012 init_dist=lehd:0.94, elg:0.06, difusco:0.00
[train] step=00012 op_dist=two_opt:0.36, lehd_rrc_step:0.32, dact_2opt_step:0.32
[train] step=00012 timing select=0.00s reset=1.44s rollout=7.78s optimize=0.10s
[train:prepare] step=00013/00080 fetching batch
[train:batch] step=00013 shape=(16, 100, 2) device=cuda:0 fetch_t=0.00s
[train:init] step=00013 batch=16 n=100 device=cuda:0 select_t=0.00s init_mean_entropy=0.2158
[solver:init] name=lehd count=16 start
[solver:init] name=lehd count=16 done elapsed=0.91s
[solver:init] all done elapsed=0.91s
[train:reset] step=00013 reset_t=0.91s init_len=7.6929
[train:rollout] step=00013 iter=01/20 current=7.7052 best=7.6929 stagnation=1.00
[train:rollout] step=00013 iter=02/20 current=7.7068 best=7.6914 stagnation=1.75
[train:rollout] step=00013 iter=04/20 current=7.7046 best=7.6913 stagnation=2.75
[train:rollout] step=00013 iter=06/20 current=7.6993 best=7.6910 stagnation=4.38
[train:rollout] step=00013 iter=08/20 current=7.6917 best=7.6897 stagnation=4.75
[train:rollout] step=00013 iter=10/20 current=7.6996 best=7.6891 stagnation=6.50
[train:rollout] step=00013 iter=12/20 current=7.7003 best=7.6890 stagnation=7.62
[train:rollout] step=00013 iter=14/20 current=7.7047 best=7.6881 stagnation=8.69
[train:rollout] step=00013 iter=16/20 current=7.7053 best=7.6826 stagnation=9.44
[train:rollout] step=00013 iter=18/20 current=7.6893 best=7.6787 stagnation=9.06
[train:rollout] step=00013 iter=20/20 current=7.6854 best=7.6787 stagnation=11.06
[train:done] step=00013 total_t=13.15s rollout_t=12.03s opt_t=0.21s loss=-0.0414 init=7.6929 final=7.6787 improve=0.0142 baseline=0.0142 entropy=22.1852
[train] step=00013 loss=-0.0414 init=7.6929 final=7.6787 improve=0.0142 entropy=22.1852 baseline=0.0142 adv_mean=0.0000 total_t=13.15s
[train] step=00013 init_dist=lehd:1.00, elg:0.00, difusco:0.00
[train] step=00013 op_dist=two_opt:0.34, lehd_rrc_step:0.33, dact_2opt_step:0.33
[train] step=00013 timing select=0.00s reset=0.91s rollout=12.03s optimize=0.21s
[train:prepare] step=00014/00080 fetching batch
[train:batch] step=00014 shape=(16, 100, 2) device=cuda:0 fetch_t=0.00s
[train:init] step=00014 batch=16 n=100 device=cuda:0 select_t=0.00s init_mean_entropy=0.1923
[solver:init] name=lehd count=14 start
[solver:init] name=lehd count=14 done elapsed=0.81s
[solver:init] name=elg count=2 start
[solver:init] name=elg count=2 done elapsed=0.50s
[solver:init] all done elapsed=1.30s
[train:reset] step=00014 reset_t=1.30s init_len=7.7502
[train:rollout] step=00014 iter=01/20 current=7.7593 best=7.7501 stagnation=0.88
[train:rollout] step=00014 iter=02/20 current=7.7620 best=7.7501 stagnation=1.81
[train:rollout] step=00014 iter=04/20 current=7.7515 best=7.7414 stagnation=2.56
[train:rollout] step=00014 iter=06/20 current=7.7504 best=7.7413 stagnation=4.31
[train:rollout] step=00014 iter=08/20 current=7.7511 best=7.7384 stagnation=5.31
[train:rollout] step=00014 iter=10/20 current=7.7586 best=7.7384 stagnation=6.94
[train:rollout] step=00014 iter=12/20 current=7.7513 best=7.7360 stagnation=8.38
[train:rollout] step=00014 iter=14/20 current=7.7492 best=7.7360 stagnation=9.75
[train:rollout] step=00014 iter=16/20 current=7.7460 best=7.7344 stagnation=9.56
[train:rollout] step=00014 iter=18/20 current=7.7474 best=7.7342 stagnation=10.44
[train:rollout] step=00014 iter=20/20 current=7.7422 best=7.7316 stagnation=9.81
[train:done] step=00014 total_t=10.78s rollout_t=9.38s opt_t=0.10s loss=0.4169 init=7.7502 final=7.7316 improve=0.0186 baseline=0.0186 entropy=22.1610
[train] step=00014 loss=0.4169 init=7.7502 final=7.7316 improve=0.0186 entropy=22.1610 baseline=0.0186 adv_mean=0.0000 total_t=10.78s
[train] step=00014 init_dist=lehd:0.88, elg:0.12, difusco:0.00
[train] step=00014 op_dist=two_opt:0.35, lehd_rrc_step:0.30, dact_2opt_step:0.35
[train] step=00014 timing select=0.00s reset=1.30s rollout=9.38s optimize=0.10s
[train:prepare] step=00015/00080 fetching batch
[train:batch] step=00015 shape=(16, 100, 2) device=cuda:0 fetch_t=0.00s
[train:init] step=00015 batch=16 n=100 device=cuda:0 select_t=0.01s init_mean_entropy=0.1846
[solver:init] name=lehd count=16 start
[solver:init] name=lehd count=16 done elapsed=0.89s
[solver:init] all done elapsed=0.90s
[train:reset] step=00015 reset_t=0.90s init_len=7.8571
[train:rollout] step=00015 iter=01/20 current=7.8467 best=7.8400 stagnation=0.75
[train:rollout] step=00015 iter=02/20 current=7.8408 best=7.8345 stagnation=1.31
[train:rollout] step=00015 iter=04/20 current=7.8457 best=7.8329 stagnation=1.88
[train:rollout] step=00015 iter=06/20 current=7.8372 best=7.8248 stagnation=2.75
[train:rollout] step=00015 iter=08/20 current=7.8402 best=7.8226 stagnation=3.88
[train:rollout] step=00015 iter=10/20 current=7.8343 best=7.8225 stagnation=5.69
[train:rollout] step=00015 iter=12/20 current=7.8404 best=7.8225 stagnation=7.69
[train:rollout] step=00015 iter=14/20 current=7.8392 best=7.8215 stagnation=9.00
[train:rollout] step=00015 iter=16/20 current=7.8436 best=7.8215 stagnation=11.00
[train:rollout] step=00015 iter=18/20 current=7.8406 best=7.8214 stagnation=11.19
[train:rollout] step=00015 iter=20/20 current=7.8274 best=7.8210 stagnation=12.44
[train:done] step=00015 total_t=12.55s rollout_t=11.49s opt_t=0.15s loss=-0.0052 init=7.8571 final=7.8210 improve=0.0360 baseline=0.0360 entropy=22.1521
[train] step=00015 loss=-0.0052 init=7.8571 final=7.8210 improve=0.0360 entropy=22.1521 baseline=0.0360 adv_mean=0.0000 total_t=12.55s
[train] step=00015 init_dist=lehd:1.00, elg:0.00, difusco:0.00
[train] step=00015 op_dist=two_opt:0.28, lehd_rrc_step:0.38, dact_2opt_step:0.33
[train] step=00015 timing select=0.01s reset=0.90s rollout=11.49s optimize=0.15s
[train:prepare] step=00016/00080 fetching batch
[train:batch] step=00016 shape=(16, 100, 2) device=cuda:0 fetch_t=0.00s
[train:init] step=00016 batch=16 n=100 device=cuda:0 select_t=0.00s init_mean_entropy=0.1781
[solver:init] name=lehd count=15 start
[solver:init] name=lehd count=15 done elapsed=0.89s
[solver:init] name=elg count=1 start
[solver:init] name=elg count=1 done elapsed=0.52s
[solver:init] all done elapsed=1.42s
[train:reset] step=00016 reset_t=1.42s init_len=7.7430
[train:rollout] step=00016 iter=01/20 current=7.7700 best=7.7418 stagnation=0.88
[train:rollout] step=00016 iter=02/20 current=7.7668 best=7.7410 stagnation=1.62
[train:rollout] step=00016 iter=04/20 current=7.7487 best=7.7334 stagnation=3.38
[train:rollout] step=00016 iter=06/20 current=7.7325 best=7.7296 stagnation=4.06
[train:rollout] step=00016 iter=08/20 current=7.7326 best=7.7237 stagnation=4.31
[train:rollout] step=00016 iter=10/20 current=7.7362 best=7.7232 stagnation=5.94
[train:rollout] step=00016 iter=12/20 current=7.7304 best=7.7222 stagnation=6.38
[train:rollout] step=00016 iter=14/20 current=7.7462 best=7.7218 stagnation=8.25
[train:rollout] step=00016 iter=16/20 current=7.7360 best=7.7217 stagnation=9.69
[train:rollout] step=00016 iter=18/20 current=7.7379 best=7.7217 stagnation=11.69
[train:rollout] step=00016 iter=20/20 current=7.7323 best=7.7217 stagnation=12.25
[train:done] step=00016 total_t=11.07s rollout_t=9.50s opt_t=0.15s loss=-0.1105 init=7.7430 final=7.7217 improve=0.0213 baseline=0.0213 entropy=22.1450
[train] step=00016 loss=-0.1105 init=7.7430 final=7.7217 improve=0.0213 entropy=22.1450 baseline=0.0213 adv_mean=0.0000 total_t=11.07s
[train] step=00016 init_dist=lehd:0.94, elg:0.06, difusco:0.00
[train] step=00016 op_dist=two_opt:0.36, lehd_rrc_step:0.30, dact_2opt_step:0.34
[train] step=00016 timing select=0.00s reset=1.42s rollout=9.50s optimize=0.15s
[train:prepare] step=00017/00080 fetching batch
[train:batch] step=00017 shape=(16, 100, 2) device=cuda:0 fetch_t=0.00s
[train:init] step=00017 batch=16 n=100 device=cuda:0 select_t=0.00s init_mean_entropy=0.1638
[solver:init] name=lehd count=16 start
[solver:init] name=lehd count=16 done elapsed=0.85s
[solver:init] all done elapsed=0.85s
[train:reset] step=00017 reset_t=0.85s init_len=7.8151
[train:rollout] step=00017 iter=01/20 current=7.8191 best=7.8151 stagnation=0.88
[train:rollout] step=00017 iter=02/20 current=7.8267 best=7.8144 stagnation=1.62
[train:rollout] step=00017 iter=04/20 current=7.8213 best=7.8134 stagnation=3.06
[train:rollout] step=00017 iter=06/20 current=7.8310 best=7.8099 stagnation=4.69
[train:rollout] step=00017 iter=08/20 current=7.8189 best=7.8070 stagnation=5.44
[train:rollout] step=00017 iter=10/20 current=7.8200 best=7.8070 stagnation=7.31
[train:rollout] step=00017 iter=12/20 current=7.8072 best=7.7971 stagnation=8.06
[train:rollout] step=00017 iter=14/20 current=7.8008 best=7.7971 stagnation=9.19
[train:rollout] step=00017 iter=16/20 current=7.8018 best=7.7971 stagnation=10.56
[train:rollout] step=00017 iter=18/20 current=7.8104 best=7.7970 stagnation=11.88
[train:rollout] step=00017 iter=20/20 current=7.8025 best=7.7959 stagnation=12.81
[train:done] step=00017 total_t=10.81s rollout_t=9.81s opt_t=0.14s loss=-0.0153 init=7.8151 final=7.7959 improve=0.0193 baseline=0.0193 entropy=22.1303
[train] step=00017 loss=-0.0153 init=7.8151 final=7.7959 improve=0.0193 entropy=22.1303 baseline=0.0193 adv_mean=0.0000 total_t=10.81s
[train] step=00017 init_dist=lehd:1.00, elg:0.00, difusco:0.00
[train] step=00017 op_dist=two_opt:0.40, lehd_rrc_step:0.28, dact_2opt_step:0.32
[train] step=00017 timing select=0.00s reset=0.85s rollout=9.81s optimize=0.14s
[train:prepare] step=00018/00080 fetching batch
[train:batch] step=00018 shape=(16, 100, 2) device=cuda:0 fetch_t=0.01s
[train:init] step=00018 batch=16 n=100 device=cuda:0 select_t=0.01s init_mean_entropy=0.1518
[solver:init] name=lehd count=16 start
[solver:init] name=lehd count=16 done elapsed=0.89s
[solver:init] all done elapsed=0.89s
[train:reset] step=00018 reset_t=0.89s init_len=7.7757
[train:rollout] step=00018 iter=01/20 current=7.7806 best=7.7726 stagnation=0.81
[train:rollout] step=00018 iter=02/20 current=7.7807 best=7.7669 stagnation=1.38
[train:rollout] step=00018 iter=04/20 current=7.7767 best=7.7669 stagnation=3.38
[train:rollout] step=00018 iter=06/20 current=7.7763 best=7.7662 stagnation=5.00
[train:rollout] step=00018 iter=08/20 current=7.7933 best=7.7657 stagnation=6.50
[train:rollout] step=00018 iter=10/20 current=7.7810 best=7.7629 stagnation=7.19
[train:rollout] step=00018 iter=12/20 current=7.7791 best=7.7619 stagnation=8.56
[train:rollout] step=00018 iter=14/20 current=7.7888 best=7.7619 stagnation=10.12
[train:rollout] step=00018 iter=16/20 current=7.7758 best=7.7619 stagnation=12.12
[train:rollout] step=00018 iter=18/20 current=7.7761 best=7.7594 stagnation=12.62
[train:rollout] step=00018 iter=20/20 current=7.7761 best=7.7594 stagnation=13.75
[train:done] step=00018 total_t=10.73s rollout_t=9.67s opt_t=0.16s loss=-0.0111 init=7.7757 final=7.7594 improve=0.0163 baseline=0.0163 entropy=22.1182
[train] step=00018 loss=-0.0111 init=7.7757 final=7.7594 improve=0.0163 entropy=22.1182 baseline=0.0163 adv_mean=0.0000 total_t=10.73s
[train] step=00018 init_dist=lehd:1.00, elg:0.00, difusco:0.00
[train] step=00018 op_dist=two_opt:0.38, lehd_rrc_step:0.30, dact_2opt_step:0.32
[train] step=00018 timing select=0.01s reset=0.89s rollout=9.67s optimize=0.16s
[train:prepare] step=00019/00080 fetching batch
[train:batch] step=00019 shape=(16, 100, 2) device=cuda:0 fetch_t=0.00s
[train:init] step=00019 batch=16 n=100 device=cuda:0 select_t=0.00s init_mean_entropy=0.1417
[solver:init] name=lehd count=15 start
[solver:init] name=lehd count=15 done elapsed=0.84s
[solver:init] name=elg count=1 start
[solver:init] name=elg count=1 done elapsed=0.72s
[solver:init] all done elapsed=1.56s
[train:reset] step=00019 reset_t=1.56s init_len=7.7902
[train:rollout] step=00019 iter=01/20 current=7.7831 best=7.7793 stagnation=0.62
[train:rollout] step=00019 iter=02/20 current=7.7806 best=7.7793 stagnation=1.38
[train:rollout] step=00019 iter=04/20 current=7.7839 best=7.7746 stagnation=2.50
[train:rollout] step=00019 iter=06/20 current=7.7794 best=7.7746 stagnation=4.19
[train:rollout] step=00019 iter=08/20 current=7.7776 best=7.7746 stagnation=6.19
[train:rollout] step=00019 iter=10/20 current=7.7781 best=7.7746 stagnation=8.19
[train:rollout] step=00019 iter=12/20 current=7.7782 best=7.7745 stagnation=9.50
[train:rollout] step=00019 iter=14/20 current=7.7806 best=7.7728 stagnation=10.19
[train:rollout] step=00019 iter=16/20 current=7.7824 best=7.7728 stagnation=12.19
[train:rollout] step=00019 iter=18/20 current=7.7816 best=7.7728 stagnation=12.94
[train:rollout] step=00019 iter=20/20 current=7.7693 best=7.7688 stagnation=10.88
[train:done] step=00019 total_t=14.73s rollout_t=12.97s opt_t=0.19s loss=-0.0646 init=7.7902 final=7.7688 improve=0.0214 baseline=0.0214 entropy=22.1085
[train] step=00019 loss=-0.0646 init=7.7902 final=7.7688 improve=0.0214 entropy=22.1085 baseline=0.0214 adv_mean=0.0000 total_t=14.73s
[train] step=00019 init_dist=lehd:0.94, elg:0.06, difusco:0.00
[train] step=00019 op_dist=two_opt:0.35, lehd_rrc_step:0.37, dact_2opt_step:0.28
[train] step=00019 timing select=0.00s reset=1.56s rollout=12.97s optimize=0.19s
[train:prepare] step=00020/00080 fetching batch
[train:batch] step=00020 shape=(16, 100, 2) device=cuda:0 fetch_t=0.00s
[train:init] step=00020 batch=16 n=100 device=cuda:0 select_t=0.01s init_mean_entropy=0.1310
[solver:init] name=lehd count=15 start
[solver:init] name=lehd count=15 done elapsed=0.90s
[solver:init] name=elg count=1 start
[solver:init] name=elg count=1 done elapsed=0.55s
[solver:init] all done elapsed=1.46s
[train:reset] step=00020 reset_t=1.46s init_len=7.7956
[train:rollout] step=00020 iter=01/20 current=7.8072 best=7.7952 stagnation=0.88
[train:rollout] step=00020 iter=02/20 current=7.8057 best=7.7944 stagnation=1.69
[train:rollout] step=00020 iter=04/20 current=7.8037 best=7.7917 stagnation=2.81
[train:rollout] step=00020 iter=06/20 current=7.7997 best=7.7886 stagnation=4.19
[train:rollout] step=00020 iter=08/20 current=7.7868 best=7.7741 stagnation=4.75
[train:rollout] step=00020 iter=10/20 current=7.7918 best=7.7741 stagnation=5.94
[train:rollout] step=00020 iter=12/20 current=7.7972 best=7.7720 stagnation=7.56
[train:rollout] step=00020 iter=14/20 current=7.8154 best=7.7715 stagnation=9.19
[train:rollout] step=00020 iter=16/20 current=7.7961 best=7.7707 stagnation=11.12
[train:rollout] step=00020 iter=18/20 current=7.7866 best=7.7707 stagnation=13.12
[train:rollout] step=00020 iter=20/20 current=7.7840 best=7.7707 stagnation=15.12
[train:done] step=00020 total_t=12.00s rollout_t=10.35s opt_t=0.18s loss=0.4290 init=7.7956 final=7.7707 improve=0.0250 baseline=0.0250 entropy=22.0976
[train] step=00020 loss=0.4290 init=7.7956 final=7.7707 improve=0.0250 entropy=22.0976 baseline=0.0250 adv_mean=0.0000 total_t=12.00s
[train] step=00020 init_dist=lehd:0.94, elg:0.06, difusco:0.00
[train] step=00020 op_dist=two_opt:0.37, lehd_rrc_step:0.31, dact_2opt_step:0.32
[train] step=00020 timing select=0.01s reset=1.46s rollout=10.35s optimize=0.18s
[save] wrote metrics snapshot -> 0new/operator_policy/outputs/default/latest_metrics.json
[train:prepare] step=00021/00080 fetching batch
[train:batch] step=00021 shape=(16, 100, 2) device=cuda:0 fetch_t=0.00s
[train:init] step=00021 batch=16 n=100 device=cuda:0 select_t=0.00s init_mean_entropy=0.1294
[solver:init] name=lehd count=16 start
[solver:init] name=lehd count=16 done elapsed=1.07s
[solver:init] all done elapsed=1.07s
[train:reset] step=00021 reset_t=1.07s init_len=7.8285
[train:rollout] step=00021 iter=01/20 current=7.8398 best=7.8269 stagnation=0.88
[train:rollout] step=00021 iter=02/20 current=7.8292 best=7.8249 stagnation=1.25
[train:rollout] step=00021 iter=04/20 current=7.8364 best=7.8249 stagnation=3.19
[train:rollout] step=00021 iter=06/20 current=7.8247 best=7.8208 stagnation=4.19
[train:rollout] step=00021 iter=08/20 current=7.8280 best=7.8190 stagnation=5.25
[train:rollout] step=00021 iter=10/20 current=7.8247 best=7.8172 stagnation=6.44
[train:rollout] step=00021 iter=12/20 current=7.8219 best=7.8172 stagnation=7.69
[train:rollout] step=00021 iter=14/20 current=7.8178 best=7.8155 stagnation=8.88
[train:rollout] step=00021 iter=16/20 current=7.8200 best=7.8155 stagnation=10.88
[train:rollout] step=00021 iter=18/20 current=7.8337 best=7.8153 stagnation=12.38
[train:rollout] step=00021 iter=20/20 current=7.8268 best=7.8153 stagnation=13.75
[train:done] step=00021 total_t=13.36s rollout_t=12.12s opt_t=0.16s loss=0.0147 init=7.8285 final=7.8153 improve=0.0132 baseline=0.0132 entropy=22.0960
[train] step=00021 loss=0.0147 init=7.8285 final=7.8153 improve=0.0132 entropy=22.0960 baseline=0.0132 adv_mean=0.0000 total_t=13.36s
[train] step=00021 init_dist=lehd:1.00, elg:0.00, difusco:0.00
[train] step=00021 op_dist=two_opt:0.36, lehd_rrc_step:0.34, dact_2opt_step:0.30
[train] step=00021 timing select=0.00s reset=1.07s rollout=12.12s optimize=0.16s
[train:prepare] step=00022/00080 fetching batch
[train:batch] step=00022 shape=(16, 100, 2) device=cuda:0 fetch_t=0.00s
[train:init] step=00022 batch=16 n=100 device=cuda:0 select_t=0.00s init_mean_entropy=0.1280
[solver:init] name=lehd count=14 start
[solver:init] name=lehd count=14 done elapsed=0.90s
[solver:init] name=elg count=1 start
[solver:init] name=elg count=1 done elapsed=0.63s
[solver:init] name=difusco count=1 start
[solver:init] name=difusco count=1 done elapsed=0.24s
[solver:init] all done elapsed=1.78s
[train:reset] step=00022 reset_t=1.78s init_len=7.7691
[train:rollout] step=00022 iter=01/20 current=7.7759 best=7.7644 stagnation=0.62
[train:rollout] step=00022 iter=02/20 current=7.7698 best=7.7625 stagnation=1.31
[train:rollout] step=00022 iter=04/20 current=7.7590 best=7.7585 stagnation=2.38
[train:rollout] step=00022 iter=06/20 current=7.7717 best=7.7585 stagnation=4.19
[train:rollout] step=00022 iter=08/20 current=7.7655 best=7.7568 stagnation=5.25
[train:rollout] step=00022 iter=10/20 current=7.7634 best=7.7567 stagnation=6.75
[train:rollout] step=00022 iter=12/20 current=7.7722 best=7.7567 stagnation=8.75
[train:rollout] step=00022 iter=14/20 current=7.7708 best=7.7567 stagnation=9.31
[train:rollout] step=00022 iter=16/20 current=7.7606 best=7.7566 stagnation=10.38
[train:rollout] step=00022 iter=18/20 current=7.7685 best=7.7566 stagnation=12.00
[train:rollout] step=00022 iter=20/20 current=7.7752 best=7.7563 stagnation=13.31
[train:done] step=00022 total_t=12.48s rollout_t=10.54s opt_t=0.16s loss=0.1871 init=7.7691 final=7.7563 improve=0.0128 baseline=0.0128 entropy=22.0953
[train] step=00022 loss=0.1871 init=7.7691 final=7.7563 improve=0.0128 entropy=22.0953 baseline=0.0128 adv_mean=0.0000 total_t=12.48s
[train] step=00022 init_dist=lehd:0.88, elg:0.06, difusco:0.06
[train] step=00022 op_dist=two_opt:0.37, lehd_rrc_step:0.33, dact_2opt_step:0.30
[train] step=00022 timing select=0.00s reset=1.78s rollout=10.54s optimize=0.16s
[train:prepare] step=00023/00080 fetching batch
[train:batch] step=00023 shape=(16, 100, 2) device=cuda:0 fetch_t=0.00s
[train:init] step=00023 batch=16 n=100 device=cuda:0 select_t=0.00s init_mean_entropy=0.1325
[solver:init] name=lehd count=16 start
[solver:init] name=lehd count=16 done elapsed=0.98s
[solver:init] all done elapsed=0.98s
[train:reset] step=00023 reset_t=0.98s init_len=7.7961
[train:rollout] step=00023 iter=01/20 current=7.8097 best=7.7926 stagnation=0.69
[train:rollout] step=00023 iter=02/20 current=7.8056 best=7.7914 stagnation=1.31
[train:rollout] step=00023 iter=04/20 current=7.8101 best=7.7914 stagnation=3.31
[train:rollout] step=00023 iter=06/20 current=7.8072 best=7.7914 stagnation=4.75
[train:rollout] step=00023 iter=08/20 current=7.7992 best=7.7827 stagnation=6.44
[train:rollout] step=00023 iter=10/20 current=7.8000 best=7.7817 stagnation=7.56
[train:rollout] step=00023 iter=12/20 current=7.7852 best=7.7758 stagnation=8.38
[train:rollout] step=00023 iter=14/20 current=7.7932 best=7.7757 stagnation=9.56
[train:rollout] step=00023 iter=16/20 current=7.7834 best=7.7721 stagnation=9.00
[train:rollout] step=00023 iter=18/20 current=7.7869 best=7.7720 stagnation=9.75
[train:rollout] step=00023 iter=20/20 current=7.7854 best=7.7720 stagnation=11.75
[train:done] step=00023 total_t=13.28s rollout_t=12.13s opt_t=0.16s loss=-0.0606 init=7.7961 final=7.7720 improve=0.0241 baseline=0.0241 entropy=22.0999
[train] step=00023 loss=-0.0606 init=7.7961 final=7.7720 improve=0.0241 entropy=22.0999 baseline=0.0241 adv_mean=0.0000 total_t=13.28s
[train] step=00023 init_dist=lehd:1.00, elg:0.00, difusco:0.00
[train] step=00023 op_dist=two_opt:0.36, lehd_rrc_step:0.32, dact_2opt_step:0.32
[train] step=00023 timing select=0.00s reset=0.98s rollout=12.13s optimize=0.16s
[train:prepare] step=00024/00080 fetching batch
[train:batch] step=00024 shape=(16, 100, 2) device=cuda:0 fetch_t=0.00s
[train:init] step=00024 batch=16 n=100 device=cuda:0 select_t=0.00s init_mean_entropy=0.1367
[solver:init] name=lehd count=16 start
[solver:init] name=lehd count=16 done elapsed=0.86s
[solver:init] all done elapsed=0.87s
[train:reset] step=00024 reset_t=0.87s init_len=7.7550
[train:rollout] step=00024 iter=01/20 current=7.7633 best=7.7529 stagnation=0.88
[train:rollout] step=00024 iter=02/20 current=7.7561 best=7.7492 stagnation=1.62
[train:rollout] step=00024 iter=04/20 current=7.7489 best=7.7462 stagnation=2.50
[train:rollout] step=00024 iter=06/20 current=7.7492 best=7.7462 stagnation=3.69
[train:rollout] step=00024 iter=08/20 current=7.7508 best=7.7462 stagnation=5.50
[train:rollout] step=00024 iter=10/20 current=7.7624 best=7.7462 stagnation=7.50
[train:rollout] step=00024 iter=12/20 current=7.7658 best=7.7461 stagnation=8.00
[train:rollout] step=00024 iter=14/20 current=7.7696 best=7.7460 stagnation=9.50
[train:rollout] step=00024 iter=16/20 current=7.7536 best=7.7435 stagnation=8.19
[train:rollout] step=00024 iter=18/20 current=7.7519 best=7.7411 stagnation=10.06
[train:rollout] step=00024 iter=20/20 current=7.7507 best=7.7402 stagnation=10.38
[train:done] step=00024 total_t=10.03s rollout_t=9.02s opt_t=0.14s loss=0.0065 init=7.7550 final=7.7402 improve=0.0148 baseline=0.0148 entropy=22.1041
[train] step=00024 loss=0.0065 init=7.7550 final=7.7402 improve=0.0148 entropy=22.1041 baseline=0.0148 adv_mean=0.0000 total_t=10.03s
[train] step=00024 init_dist=lehd:1.00, elg:0.00, difusco:0.00
[train] step=00024 op_dist=two_opt:0.32, lehd_rrc_step:0.34, dact_2opt_step:0.33
[train] step=00024 timing select=0.00s reset=0.87s rollout=9.02s optimize=0.14s
[train:prepare] step=00025/00080 fetching batch
[train:batch] step=00025 shape=(16, 100, 2) device=cuda:0 fetch_t=0.00s
[train:init] step=00025 batch=16 n=100 device=cuda:0 select_t=0.01s init_mean_entropy=0.1408
[solver:init] name=lehd count=16 start
[solver:init] name=lehd count=16 done elapsed=0.87s
[solver:init] all done elapsed=0.87s
[train:reset] step=00025 reset_t=0.87s init_len=7.8411
[train:rollout] step=00025 iter=01/20 current=7.8430 best=7.8256 stagnation=0.75
[train:rollout] step=00025 iter=02/20 current=7.8142 best=7.8118 stagnation=1.38
[train:rollout] step=00025 iter=04/20 current=7.8016 best=7.7896 stagnation=2.38
[train:rollout] step=00025 iter=06/20 current=7.7916 best=7.7839 stagnation=2.75
[train:rollout] step=00025 iter=08/20 current=7.7756 best=7.7726 stagnation=3.62
[train:rollout] step=00025 iter=10/20 current=7.7730 best=7.7693 stagnation=4.19
[train:rollout] step=00025 iter=12/20 current=7.7785 best=7.7690 stagnation=5.56
[train:rollout] step=00025 iter=14/20 current=7.7792 best=7.7690 stagnation=6.25
[train:rollout] step=00025 iter=16/20 current=7.7694 best=7.7574 stagnation=7.50
[train:rollout] step=00025 iter=18/20 current=7.7664 best=7.7574 stagnation=9.38
[train:rollout] step=00025 iter=20/20 current=7.7608 best=7.7485 stagnation=10.38
[train:done] step=00025 total_t=11.43s rollout_t=10.37s opt_t=0.17s loss=-0.0177 init=7.8411 final=7.7485 improve=0.0925 baseline=0.0925 entropy=22.1083
[train] step=00025 loss=-0.0177 init=7.8411 final=7.7485 improve=0.0925 entropy=22.1083 baseline=0.0925 adv_mean=-0.0000 total_t=11.43s
[train] step=00025 init_dist=lehd:1.00, elg:0.00, difusco:0.00
[train] step=00025 op_dist=two_opt:0.35, lehd_rrc_step:0.32, dact_2opt_step:0.34
[train] step=00025 timing select=0.01s reset=0.87s rollout=10.37s optimize=0.17s
[train:prepare] step=00026/00080 fetching batch
[train:batch] step=00026 shape=(16, 100, 2) device=cuda:0 fetch_t=0.00s
[train:init] step=00026 batch=16 n=100 device=cuda:0 select_t=0.00s init_mean_entropy=0.1446
[solver:init] name=lehd count=15 start
[solver:init] name=lehd count=15 done elapsed=0.91s
[solver:init] name=difusco count=1 start
[solver:init] name=difusco count=1 done elapsed=0.31s
[solver:init] all done elapsed=1.23s
[train:reset] step=00026 reset_t=1.23s init_len=7.8038
[train:rollout] step=00026 iter=01/20 current=7.8131 best=7.8029 stagnation=0.81
[train:rollout] step=00026 iter=02/20 current=7.8234 best=7.8029 stagnation=1.69
[train:rollout] step=00026 iter=04/20 current=7.8151 best=7.8024 stagnation=2.94
[train:rollout] step=00026 iter=06/20 current=7.8154 best=7.8019 stagnation=4.19
[train:rollout] step=00026 iter=08/20 current=7.8180 best=7.8019 stagnation=6.06
[train:rollout] step=00026 iter=10/20 current=7.8102 best=7.7985 stagnation=7.31
[train:rollout] step=00026 iter=12/20 current=7.8179 best=7.7985 stagnation=9.31
[train:rollout] step=00026 iter=14/20 current=7.8122 best=7.7959 stagnation=10.19
[train:rollout] step=00026 iter=16/20 current=7.8279 best=7.7959 stagnation=11.00
[train:rollout] step=00026 iter=18/20 current=7.8164 best=7.7959 stagnation=13.00
[train:rollout] step=00026 iter=20/20 current=7.8084 best=7.7959 stagnation=15.00
[train:done] step=00026 total_t=12.31s rollout_t=10.92s opt_t=0.15s loss=-0.1084 init=7.8038 final=7.7959 improve=0.0079 baseline=0.0079 entropy=22.1124
[train] step=00026 loss=-0.1084 init=7.8038 final=7.7959 improve=0.0079 entropy=22.1124 baseline=0.0079 adv_mean=0.0000 total_t=12.31s
[train] step=00026 init_dist=lehd:0.94, elg:0.00, difusco:0.06
[train] step=00026 op_dist=two_opt:0.29, lehd_rrc_step:0.36, dact_2opt_step:0.35
[train] step=00026 timing select=0.00s reset=1.23s rollout=10.92s optimize=0.15s
[train:prepare] step=00027/00080 fetching batch
[train:batch] step=00027 shape=(16, 100, 2) device=cuda:0 fetch_t=0.00s
[train:init] step=00027 batch=16 n=100 device=cuda:0 select_t=0.00s init_mean_entropy=0.1438
[solver:init] name=lehd count=16 start
[solver:init] name=lehd count=16 done elapsed=0.89s
[solver:init] all done elapsed=0.89s
[train:reset] step=00027 reset_t=0.89s init_len=7.8503
[train:rollout] step=00027 iter=01/20 current=7.8529 best=7.8503 stagnation=0.75
[train:rollout] step=00027 iter=02/20 current=7.8585 best=7.8502 stagnation=1.62
[train:rollout] step=00027 iter=04/20 current=7.8546 best=7.8486 stagnation=3.12
[train:rollout] step=00027 iter=06/20 current=7.8513 best=7.8467 stagnation=4.56
[train:rollout] step=00027 iter=08/20 current=7.8484 best=7.8428 stagnation=5.44
[train:rollout] step=00027 iter=10/20 current=7.8519 best=7.8388 stagnation=6.06
[train:rollout] step=00027 iter=12/20 current=7.8475 best=7.8361 stagnation=7.12
[train:rollout] step=00027 iter=14/20 current=7.8445 best=7.8357 stagnation=7.38
[train:rollout] step=00027 iter=16/20 current=7.8426 best=7.8357 stagnation=9.25
[train:rollout] step=00027 iter=18/20 current=7.8456 best=7.8353 stagnation=10.38
[train:rollout] step=00027 iter=20/20 current=7.8446 best=7.8351 stagnation=9.69
[train:done] step=00027 total_t=10.32s rollout_t=9.33s opt_t=0.09s loss=-0.0140 init=7.8503 final=7.8351 improve=0.0152 baseline=0.0152 entropy=22.1116
[train] step=00027 loss=-0.0140 init=7.8503 final=7.8351 improve=0.0152 entropy=22.1116 baseline=0.0152 adv_mean=0.0000 total_t=10.32s
[train] step=00027 init_dist=lehd:1.00, elg:0.00, difusco:0.00
[train] step=00027 op_dist=two_opt:0.28, lehd_rrc_step:0.36, dact_2opt_step:0.36
[train] step=00027 timing select=0.00s reset=0.89s rollout=9.33s optimize=0.09s
[train:prepare] step=00028/00080 fetching batch
[train:batch] step=00028 shape=(16, 100, 2) device=cuda:0 fetch_t=0.00s
[train:init] step=00028 batch=16 n=100 device=cuda:0 select_t=0.00s init_mean_entropy=0.1432
[solver:init] name=lehd count=16 start
[solver:init] name=lehd count=16 done elapsed=0.71s
[solver:init] all done elapsed=0.71s
[train:reset] step=00028 reset_t=0.71s init_len=7.7640
[train:rollout] step=00028 iter=01/20 current=7.7603 best=7.7568 stagnation=0.94
[train:rollout] step=00028 iter=02/20 current=7.7672 best=7.7562 stagnation=1.44
[train:rollout] step=00028 iter=04/20 current=7.7553 best=7.7535 stagnation=2.75
[train:rollout] step=00028 iter=06/20 current=7.7587 best=7.7528 stagnation=3.81
[train:rollout] step=00028 iter=08/20 current=7.7604 best=7.7459 stagnation=4.38
[train:rollout] step=00028 iter=10/20 current=7.7685 best=7.7459 stagnation=5.75
[train:rollout] step=00028 iter=12/20 current=7.7695 best=7.7455 stagnation=7.12
[train:rollout] step=00028 iter=14/20 current=7.7581 best=7.7450 stagnation=7.81
[train:rollout] step=00028 iter=16/20 current=7.7512 best=7.7450 stagnation=8.19
[train:rollout] step=00028 iter=18/20 current=7.7585 best=7.7446 stagnation=9.75
[train:rollout] step=00028 iter=20/20 current=7.7624 best=7.7435 stagnation=10.75
[train:done] step=00028 total_t=9.43s rollout_t=8.58s opt_t=0.14s loss=-0.0569 init=7.7640 final=7.7435 improve=0.0205 baseline=0.0205 entropy=22.1111
[train] step=00028 loss=-0.0569 init=7.7640 final=7.7435 improve=0.0205 entropy=22.1111 baseline=0.0205 adv_mean=0.0000 total_t=9.43s
[train] step=00028 init_dist=lehd:1.00, elg:0.00, difusco:0.00
[train] step=00028 op_dist=two_opt:0.39, lehd_rrc_step:0.31, dact_2opt_step:0.30
[train] step=00028 timing select=0.00s reset=0.71s rollout=8.58s optimize=0.14s
[train:prepare] step=00029/00080 fetching batch
[train:batch] step=00029 shape=(16, 100, 2) device=cuda:0 fetch_t=0.00s
[train:init] step=00029 batch=16 n=100 device=cuda:0 select_t=0.00s init_mean_entropy=0.1428
[solver:init] name=lehd count=15 start
[solver:init] name=lehd count=15 done elapsed=1.09s
[solver:init] name=elg count=1 start
[solver:init] name=elg count=1 done elapsed=0.52s
[solver:init] all done elapsed=1.61s
[train:reset] step=00029 reset_t=1.61s init_len=7.7508
[train:rollout] step=00029 iter=01/20 current=7.7550 best=7.7503 stagnation=0.88
[train:rollout] step=00029 iter=02/20 current=7.7517 best=7.7355 stagnation=1.25
[train:rollout] step=00029 iter=04/20 current=7.7477 best=7.7352 stagnation=2.81
[train:rollout] step=00029 iter=06/20 current=7.7386 best=7.7320 stagnation=4.25
[train:rollout] step=00029 iter=08/20 current=7.7385 best=7.7274 stagnation=5.44
[train:rollout] step=00029 iter=10/20 current=7.7308 best=7.7271 stagnation=6.56
[train:rollout] step=00029 iter=12/20 current=7.7365 best=7.7271 stagnation=8.44
[train:rollout] step=00029 iter=14/20 current=7.7334 best=7.7256 stagnation=9.94
[train:rollout] step=00029 iter=16/20 current=7.7377 best=7.7252 stagnation=10.81
[train:rollout] step=00029 iter=18/20 current=7.7356 best=7.7218 stagnation=9.94
[train:rollout] step=00029 iter=20/20 current=7.7408 best=7.7218 stagnation=11.94
[train:done] step=00029 total_t=12.53s rollout_t=10.67s opt_t=0.23s loss=-0.0123 init=7.7508 final=7.7218 improve=0.0290 baseline=0.0290 entropy=22.1107
[train] step=00029 loss=-0.0123 init=7.7508 final=7.7218 improve=0.0290 entropy=22.1107 baseline=0.0290 adv_mean=0.0000 total_t=12.53s
[train] step=00029 init_dist=lehd:0.94, elg:0.06, difusco:0.00
[train] step=00029 op_dist=two_opt:0.35, lehd_rrc_step:0.35, dact_2opt_step:0.31
[train] step=00029 timing select=0.00s reset=1.61s rollout=10.67s optimize=0.23s
[train:prepare] step=00030/00080 fetching batch
[train:batch] step=00030 shape=(16, 100, 2) device=cuda:0 fetch_t=0.01s
[train:init] step=00030 batch=16 n=100 device=cuda:0 select_t=0.00s init_mean_entropy=0.1435
[solver:init] name=lehd count=16 start
[solver:init] name=lehd count=16 done elapsed=0.89s
[solver:init] all done elapsed=0.89s
[train:reset] step=00030 reset_t=0.89s init_len=7.8165
[train:rollout] step=00030 iter=01/20 current=7.8234 best=7.8164 stagnation=0.81
[train:rollout] step=00030 iter=02/20 current=7.8197 best=7.8059 stagnation=1.31
[train:rollout] step=00030 iter=04/20 current=7.8079 best=7.7936 stagnation=2.81
[train:rollout] step=00030 iter=06/20 current=7.7969 best=7.7901 stagnation=3.94
[train:rollout] step=00030 iter=08/20 current=7.8073 best=7.7874 stagnation=5.06
[train:rollout] step=00030 iter=10/20 current=7.7729 best=7.7622 stagnation=6.25
[train:rollout] step=00030 iter=12/20 current=7.7690 best=7.7606 stagnation=6.81
[train:rollout] step=00030 iter=14/20 current=7.7637 best=7.7572 stagnation=6.88
[train:rollout] step=00030 iter=16/20 current=7.7676 best=7.7521 stagnation=8.75
[train:rollout] step=00030 iter=18/20 current=7.7668 best=7.7514 stagnation=10.44
[train:rollout] step=00030 iter=20/20 current=7.7662 best=7.7514 stagnation=12.44
[train:done] step=00030 total_t=9.95s rollout_t=8.89s opt_t=0.16s loss=-0.0254 init=7.8165 final=7.7514 improve=0.0651 baseline=0.0651 entropy=22.1109
[train] step=00030 loss=-0.0254 init=7.8165 final=7.7514 improve=0.0651 entropy=22.1109 baseline=0.0651 adv_mean=0.0000 total_t=9.95s
[train] step=00030 init_dist=lehd:1.00, elg:0.00, difusco:0.00
[train] step=00030 op_dist=two_opt:0.35, lehd_rrc_step:0.32, dact_2opt_step:0.32
[train] step=00030 timing select=0.00s reset=0.89s rollout=8.89s optimize=0.16s
[train:prepare] step=00031/00080 fetching batch
[train:batch] step=00031 shape=(16, 100, 2) device=cuda:0 fetch_t=0.00s
[train:init] step=00031 batch=16 n=100 device=cuda:0 select_t=0.00s init_mean_entropy=0.1443
[solver:init] name=lehd count=16 start
[solver:init] name=lehd count=16 done elapsed=0.82s
[solver:init] all done elapsed=0.83s
[train:reset] step=00031 reset_t=0.83s init_len=7.7226
[train:rollout] step=00031 iter=01/20 current=7.7277 best=7.7204 stagnation=0.69
[train:rollout] step=00031 iter=02/20 current=7.7286 best=7.7202 stagnation=1.62
[train:rollout] step=00031 iter=04/20 current=7.7248 best=7.7111 stagnation=3.06
[train:rollout] step=00031 iter=06/20 current=7.7242 best=7.7099 stagnation=4.75
[train:rollout] step=00031 iter=08/20 current=7.7173 best=7.7069 stagnation=5.81
[train:rollout] step=00031 iter=10/20 current=7.7145 best=7.7069 stagnation=7.81
[train:rollout] step=00031 iter=12/20 current=7.7184 best=7.7065 stagnation=8.00
[train:rollout] step=00031 iter=14/20 current=7.7130 best=7.7037 stagnation=9.56
[train:rollout] step=00031 iter=16/20 current=7.7147 best=7.7006 stagnation=10.56
[train:rollout] step=00031 iter=18/20 current=7.7158 best=7.6997 stagnation=11.75
[train:rollout] step=00031 iter=20/20 current=7.7112 best=7.6983 stagnation=12.50
[train:done] step=00031 total_t=13.44s rollout_t=12.45s opt_t=0.15s loss=-0.0107 init=7.7226 final=7.6983 improve=0.0243 baseline=0.0243 entropy=22.1112
[train] step=00031 loss=-0.0107 init=7.7226 final=7.6983 improve=0.0243 entropy=22.1112 baseline=0.0243 adv_mean=0.0000 total_t=13.44s
[train] step=00031 init_dist=lehd:1.00, elg:0.00, difusco:0.00
[train] step=00031 op_dist=two_opt:0.34, lehd_rrc_step:0.31, dact_2opt_step:0.35
[train] step=00031 timing select=0.00s reset=0.83s rollout=12.45s optimize=0.15s
[train:prepare] step=00032/00080 fetching batch
[train:batch] step=00032 shape=(16, 100, 2) device=cuda:0 fetch_t=0.00s
[train:init] step=00032 batch=16 n=100 device=cuda:0 select_t=0.01s init_mean_entropy=0.1450
[solver:init] name=lehd count=16 start
[solver:init] name=lehd count=16 done elapsed=0.98s
[solver:init] all done elapsed=0.98s
[train:reset] step=00032 reset_t=0.98s init_len=7.7204
[train:rollout] step=00032 iter=01/20 current=7.7214 best=7.7192 stagnation=0.69
[train:rollout] step=00032 iter=02/20 current=7.7209 best=7.7192 stagnation=1.44
[train:rollout] step=00032 iter=04/20 current=7.7252 best=7.7173 stagnation=3.06
[train:rollout] step=00032 iter=06/20 current=7.7259 best=7.7172 stagnation=4.69
[train:rollout] step=00032 iter=08/20 current=7.7334 best=7.7172 stagnation=6.25
[train:rollout] step=00032 iter=10/20 current=7.7259 best=7.7151 stagnation=7.00
[train:rollout] step=00032 iter=12/20 current=7.7157 best=7.7151 stagnation=8.19
[train:rollout] step=00032 iter=14/20 current=7.7256 best=7.7139 stagnation=9.31
[train:rollout] step=00032 iter=16/20 current=7.7174 best=7.7126 stagnation=11.25
[train:rollout] step=00032 iter=18/20 current=7.7188 best=7.7126 stagnation=13.25
[train:rollout] step=00032 iter=20/20 current=7.7222 best=7.7125 stagnation=14.50
[train:done] step=00032 total_t=11.91s rollout_t=10.76s opt_t=0.16s loss=-0.0434 init=7.7204 final=7.7125 improve=0.0079 baseline=0.0079 entropy=22.1114
[train] step=00032 loss=-0.0434 init=7.7204 final=7.7125 improve=0.0079 entropy=22.1114 baseline=0.0079 adv_mean=0.0000 total_t=11.91s
[train] step=00032 init_dist=lehd:1.00, elg:0.00, difusco:0.00
[train] step=00032 op_dist=two_opt:0.38, lehd_rrc_step:0.32, dact_2opt_step:0.31
[train] step=00032 timing select=0.01s reset=0.98s rollout=10.76s optimize=0.16s
[train:prepare] step=00033/00080 fetching batch
[train:batch] step=00033 shape=(16, 100, 2) device=cuda:0 fetch_t=0.00s
[train:init] step=00033 batch=16 n=100 device=cuda:0 select_t=0.00s init_mean_entropy=0.1458
[solver:init] name=lehd count=15 start
[solver:init] name=lehd count=15 done elapsed=0.92s
[solver:init] name=elg count=1 start
[solver:init] name=elg count=1 done elapsed=0.56s
[solver:init] all done elapsed=1.48s
[train:reset] step=00033 reset_t=1.48s init_len=7.7882
[train:rollout] step=00033 iter=01/20 current=7.7947 best=7.7852 stagnation=0.69
[train:rollout] step=00033 iter=02/20 current=7.7962 best=7.7845 stagnation=1.44
[train:rollout] step=00033 iter=04/20 current=7.7931 best=7.7841 stagnation=2.69
[train:rollout] step=00033 iter=06/20 current=7.7960 best=7.7841 stagnation=4.12
[train:rollout] step=00033 iter=08/20 current=7.7962 best=7.7836 stagnation=5.19
[train:rollout] step=00033 iter=10/20 current=7.7887 best=7.7836 stagnation=7.19
[train:rollout] step=00033 iter=12/20 current=7.7929 best=7.7836 stagnation=7.44
[train:rollout] step=00033 iter=14/20 current=7.7892 best=7.7798 stagnation=8.31
[train:rollout] step=00033 iter=16/20 current=7.7865 best=7.7783 stagnation=9.50
[train:rollout] step=00033 iter=18/20 current=7.7817 best=7.7728 stagnation=9.00
[train:rollout] step=00033 iter=20/20 current=7.7812 best=7.7728 stagnation=11.00
[train:done] step=00033 total_t=10.53s rollout_t=8.87s opt_t=0.17s loss=-0.0817 init=7.7882 final=7.7728 improve=0.0154 baseline=0.0154 entropy=22.1116
[train] step=00033 loss=-0.0817 init=7.7882 final=7.7728 improve=0.0154 entropy=22.1116 baseline=0.0154 adv_mean=0.0000 total_t=10.53s
[train] step=00033 init_dist=lehd:0.94, elg:0.06, difusco:0.00
[train] step=00033 op_dist=two_opt:0.33, lehd_rrc_step:0.33, dact_2opt_step:0.34
[train] step=00033 timing select=0.00s reset=1.48s rollout=8.87s optimize=0.17s
[train:prepare] step=00034/00080 fetching batch
[train:batch] step=00034 shape=(16, 100, 2) device=cuda:0 fetch_t=0.00s
[train:init] step=00034 batch=16 n=100 device=cuda:0 select_t=0.00s init_mean_entropy=0.1388
[solver:init] name=lehd count=16 start
[solver:init] name=lehd count=16 done elapsed=0.91s
[solver:init] all done elapsed=0.91s
[train:reset] step=00034 reset_t=0.91s init_len=7.9094
[train:rollout] step=00034 iter=01/20 current=7.9070 best=7.8979 stagnation=0.75
[train:rollout] step=00034 iter=02/20 current=7.8964 best=7.8901 stagnation=1.25
[train:rollout] step=00034 iter=04/20 current=7.8982 best=7.8840 stagnation=2.38
[train:rollout] step=00034 iter=06/20 current=7.9068 best=7.8840 stagnation=3.56
[train:rollout] step=00034 iter=08/20 current=7.8886 best=7.8836 stagnation=4.38
[train:rollout] step=00034 iter=10/20 current=7.8870 best=7.8836 stagnation=6.38
[train:rollout] step=00034 iter=12/20 current=7.8916 best=7.8836 stagnation=7.94
[train:rollout] step=00034 iter=14/20 current=7.8862 best=7.8835 stagnation=9.12
[train:rollout] step=00034 iter=16/20 current=7.8929 best=7.8835 stagnation=9.25
[train:rollout] step=00034 iter=18/20 current=7.9025 best=7.8835 stagnation=11.25
[train:rollout] step=00034 iter=20/20 current=7.8981 best=7.8835 stagnation=12.88
[train:done] step=00034 total_t=12.23s rollout_t=11.08s opt_t=0.24s loss=-0.0464 init=7.9094 final=7.8835 improve=0.0259 baseline=0.0259 entropy=22.1035
[train] step=00034 loss=-0.0464 init=7.9094 final=7.8835 improve=0.0259 entropy=22.1035 baseline=0.0259 adv_mean=0.0000 total_t=12.23s
[train] step=00034 init_dist=lehd:1.00, elg:0.00, difusco:0.00
[train] step=00034 op_dist=two_opt:0.37, lehd_rrc_step:0.32, dact_2opt_step:0.31
[train] step=00034 timing select=0.00s reset=0.91s rollout=11.08s optimize=0.24s
[train:prepare] step=00035/00080 fetching batch
[train:batch] step=00035 shape=(16, 100, 2) device=cuda:0 fetch_t=0.00s
[train:init] step=00035 batch=16 n=100 device=cuda:0 select_t=0.00s init_mean_entropy=0.1328
[solver:init] name=lehd count=16 start
[solver:init] name=lehd count=16 done elapsed=0.91s
[solver:init] all done elapsed=0.91s
[train:reset] step=00035 reset_t=0.91s init_len=7.8650
[train:rollout] step=00035 iter=01/20 current=7.8670 best=7.8597 stagnation=0.75
[train:rollout] step=00035 iter=02/20 current=7.8770 best=7.8596 stagnation=1.50
[train:rollout] step=00035 iter=04/20 current=7.8613 best=7.8550 stagnation=2.88
[train:rollout] step=00035 iter=06/20 current=7.8653 best=7.8538 stagnation=4.25
[train:rollout] step=00035 iter=08/20 current=7.8518 best=7.8385 stagnation=3.94
[train:rollout] step=00035 iter=10/20 current=7.8458 best=7.8384 stagnation=5.75
[train:rollout] step=00035 iter=12/20 current=7.8502 best=7.8377 stagnation=7.00
[train:rollout] step=00035 iter=14/20 current=7.8506 best=7.8370 stagnation=7.56
[train:rollout] step=00035 iter=16/20 current=7.8474 best=7.8338 stagnation=7.00
[train:rollout] step=00035 iter=18/20 current=7.8481 best=7.8305 stagnation=7.88
[train:rollout] step=00035 iter=20/20 current=7.8487 best=7.8284 stagnation=7.94
[train:done] step=00035 total_t=13.00s rollout_t=11.95s opt_t=0.14s loss=-0.0415 init=7.8650 final=7.8284 improve=0.0365 baseline=0.0365 entropy=22.0960
[train] step=00035 loss=-0.0415 init=7.8650 final=7.8284 improve=0.0365 entropy=22.0960 baseline=0.0365 adv_mean=0.0000 total_t=13.00s
[train] step=00035 init_dist=lehd:1.00, elg:0.00, difusco:0.00
[train] step=00035 op_dist=two_opt:0.35, lehd_rrc_step:0.33, dact_2opt_step:0.32
[train] step=00035 timing select=0.00s reset=0.91s rollout=11.95s optimize=0.14s
[train:prepare] step=00036/00080 fetching batch
[train:batch] step=00036 shape=(16, 100, 2) device=cuda:0 fetch_t=0.00s
[train:init] step=00036 batch=16 n=100 device=cuda:0 select_t=0.00s init_mean_entropy=0.1274
[solver:init] name=lehd count=16 start
[solver:init] name=lehd count=16 done elapsed=0.88s
[solver:init] all done elapsed=0.88s
[train:reset] step=00036 reset_t=0.88s init_len=7.7438
[train:rollout] step=00036 iter=01/20 current=7.7500 best=7.7339 stagnation=0.69
[train:rollout] step=00036 iter=02/20 current=7.7438 best=7.7339 stagnation=1.69
[train:rollout] step=00036 iter=04/20 current=7.7598 best=7.7332 stagnation=3.12
[train:rollout] step=00036 iter=06/20 current=7.7416 best=7.7281 stagnation=3.69
[train:rollout] step=00036 iter=08/20 current=7.7387 best=7.7246 stagnation=3.88
[train:rollout] step=00036 iter=10/20 current=7.7407 best=7.7246 stagnation=5.50
[train:rollout] step=00036 iter=12/20 current=7.7298 best=7.7210 stagnation=6.75
[train:rollout] step=00036 iter=14/20 current=7.7249 best=7.7184 stagnation=6.88
[train:rollout] step=00036 iter=16/20 current=7.7277 best=7.7150 stagnation=8.38
[train:rollout] step=00036 iter=18/20 current=7.7320 best=7.7150 stagnation=9.62
[train:rollout] step=00036 iter=20/20 current=7.7278 best=7.7114 stagnation=10.19
[train:done] step=00036 total_t=12.60s rollout_t=11.61s opt_t=0.10s loss=-0.0696 init=7.7438 final=7.7114 improve=0.0324 baseline=0.0324 entropy=22.0886
[train] step=00036 loss=-0.0696 init=7.7438 final=7.7114 improve=0.0324 entropy=22.0886 baseline=0.0324 adv_mean=0.0000 total_t=12.60s
[train] step=00036 init_dist=lehd:1.00, elg:0.00, difusco:0.00
[train] step=00036 op_dist=two_opt:0.37, lehd_rrc_step:0.31, dact_2opt_step:0.32
[train] step=00036 timing select=0.00s reset=0.88s rollout=11.61s optimize=0.10s
[train:prepare] step=00037/00080 fetching batch
[train:batch] step=00037 shape=(16, 100, 2) device=cuda:0 fetch_t=0.00s
[train:init] step=00037 batch=16 n=100 device=cuda:0 select_t=0.00s init_mean_entropy=0.1228
[solver:init] name=lehd count=15 start
[solver:init] name=lehd count=15 done elapsed=0.95s
[solver:init] name=elg count=1 start
[solver:init] name=elg count=1 done elapsed=0.53s
[solver:init] all done elapsed=1.48s
[train:reset] step=00037 reset_t=1.48s init_len=7.7832
[train:rollout] step=00037 iter=01/20 current=7.7817 best=7.7785 stagnation=0.62
[train:rollout] step=00037 iter=02/20 current=7.7943 best=7.7774 stagnation=1.56
[train:rollout] step=00037 iter=04/20 current=7.7828 best=7.7772 stagnation=3.38
[train:rollout] step=00037 iter=06/20 current=7.7691 best=7.7666 stagnation=3.44
[train:rollout] step=00037 iter=08/20 current=7.7750 best=7.7617 stagnation=4.75
[train:rollout] step=00037 iter=10/20 current=7.7861 best=7.7610 stagnation=6.69
[train:rollout] step=00037 iter=12/20 current=7.7716 best=7.7602 stagnation=7.94
[train:rollout] step=00037 iter=14/20 current=7.7699 best=7.7602 stagnation=8.69
[train:rollout] step=00037 iter=16/20 current=7.7682 best=7.7602 stagnation=9.75
[train:rollout] step=00037 iter=18/20 current=7.7730 best=7.7602 stagnation=11.75
[train:rollout] step=00037 iter=20/20 current=7.7692 best=7.7602 stagnation=13.75
[train:done] step=00037 total_t=14.74s rollout_t=13.09s opt_t=0.16s loss=-0.1757 init=7.7832 final=7.7602 improve=0.0230 baseline=0.0230 entropy=22.0813
[train] step=00037 loss=-0.1757 init=7.7832 final=7.7602 improve=0.0230 entropy=22.0813 baseline=0.0230 adv_mean=0.0000 total_t=14.74s
[train] step=00037 init_dist=lehd:0.94, elg:0.06, difusco:0.00
[train] step=00037 op_dist=two_opt:0.33, lehd_rrc_step:0.33, dact_2opt_step:0.34
[train] step=00037 timing select=0.00s reset=1.48s rollout=13.09s optimize=0.16s
[train:prepare] step=00038/00080 fetching batch
[train:batch] step=00038 shape=(16, 100, 2) device=cuda:0 fetch_t=0.00s
[train:init] step=00038 batch=16 n=100 device=cuda:0 select_t=0.00s init_mean_entropy=0.1126
[solver:init] name=lehd count=16 start
[solver:init] name=lehd count=16 done elapsed=0.90s
[solver:init] all done elapsed=0.91s
[train:reset] step=00038 reset_t=0.91s init_len=7.7717
[train:rollout] step=00038 iter=01/20 current=7.7818 best=7.7591 stagnation=0.88
[train:rollout] step=00038 iter=02/20 current=7.7684 best=7.7591 stagnation=1.88
[train:rollout] step=00038 iter=04/20 current=7.7656 best=7.7561 stagnation=3.62
[train:rollout] step=00038 iter=06/20 current=7.7543 best=7.7482 stagnation=3.69
[train:rollout] step=00038 iter=08/20 current=7.7500 best=7.7419 stagnation=4.69
[train:rollout] step=00038 iter=10/20 current=7.7565 best=7.7419 stagnation=6.56
[train:rollout] step=00038 iter=12/20 current=7.7356 best=7.7256 stagnation=7.25
[train:rollout] step=00038 iter=14/20 current=7.7384 best=7.7256 stagnation=8.88
[train:rollout] step=00038 iter=16/20 current=7.7334 best=7.7256 stagnation=8.94
[train:rollout] step=00038 iter=18/20 current=7.7309 best=7.7256 stagnation=10.94
[train:rollout] step=00038 iter=20/20 current=7.7353 best=7.7256 stagnation=12.12
[train:done] step=00038 total_t=13.31s rollout_t=12.29s opt_t=0.11s loss=-0.0330 init=7.7717 final=7.7256 improve=0.0461 baseline=0.0461 entropy=22.0669
[train] step=00038 loss=-0.0330 init=7.7717 final=7.7256 improve=0.0461 entropy=22.0669 baseline=0.0461 adv_mean=0.0000 total_t=13.31s
[train] step=00038 init_dist=lehd:1.00, elg:0.00, difusco:0.00
[train] step=00038 op_dist=two_opt:0.39, lehd_rrc_step:0.31, dact_2opt_step:0.30
[train] step=00038 timing select=0.00s reset=0.91s rollout=12.29s optimize=0.11s
[train:prepare] step=00039/00080 fetching batch
[train:batch] step=00039 shape=(16, 100, 2) device=cuda:0 fetch_t=0.00s
[train:init] step=00039 batch=16 n=100 device=cuda:0 select_t=0.00s init_mean_entropy=0.1039
[solver:init] name=lehd count=15 start
[solver:init] name=lehd count=15 done elapsed=0.83s
[solver:init] name=elg count=1 start
[solver:init] name=elg count=1 done elapsed=0.55s
[solver:init] all done elapsed=1.38s
[train:reset] step=00039 reset_t=1.38s init_len=7.8289
[train:rollout] step=00039 iter=01/20 current=7.8201 best=7.8193 stagnation=0.81
[train:rollout] step=00039 iter=02/20 current=7.8424 best=7.8193 stagnation=1.62
[train:rollout] step=00039 iter=04/20 current=7.8200 best=7.8162 stagnation=3.19
[train:rollout] step=00039 iter=06/20 current=7.8257 best=7.8121 stagnation=4.44
[train:rollout] step=00039 iter=08/20 current=7.8229 best=7.8069 stagnation=5.12
[train:rollout] step=00039 iter=10/20 current=7.8240 best=7.8052 stagnation=6.38
[train:rollout] step=00039 iter=12/20 current=7.8122 best=7.8034 stagnation=5.75
[train:rollout] step=00039 iter=14/20 current=7.8153 best=7.8033 stagnation=7.62
[train:rollout] step=00039 iter=16/20 current=7.8157 best=7.8033 stagnation=9.25
[train:rollout] step=00039 iter=18/20 current=7.8084 best=7.7990 stagnation=7.75
[train:rollout] step=00039 iter=20/20 current=7.7996 best=7.7931 stagnation=8.50
[train:done] step=00039 total_t=13.33s rollout_t=11.79s opt_t=0.15s loss=-0.1258 init=7.8289 final=7.7931 improve=0.0357 baseline=0.0357 entropy=22.0545
[train] step=00039 loss=-0.1258 init=7.8289 final=7.7931 improve=0.0357 entropy=22.0545 baseline=0.0357 adv_mean=0.0000 total_t=13.33s
[train] step=00039 init_dist=lehd:0.94, elg:0.06, difusco:0.00
[train] step=00039 op_dist=two_opt:0.38, lehd_rrc_step:0.33, dact_2opt_step:0.29
[train] step=00039 timing select=0.00s reset=1.38s rollout=11.79s optimize=0.15s
[train:prepare] step=00040/00080 fetching batch
[train:batch] step=00040 shape=(16, 100, 2) device=cuda:0 fetch_t=0.00s
[train:init] step=00040 batch=16 n=100 device=cuda:0 select_t=0.00s init_mean_entropy=0.0928
[solver:init] name=lehd count=16 start
[solver:init] name=lehd count=16 done elapsed=0.99s
[solver:init] all done elapsed=0.99s
[train:reset] step=00040 reset_t=0.99s init_len=7.9032
[train:rollout] step=00040 iter=01/20 current=7.9121 best=7.9032 stagnation=0.81
[train:rollout] step=00040 iter=02/20 current=7.9082 best=7.9014 stagnation=1.44
[train:rollout] step=00040 iter=04/20 current=7.9010 best=7.8966 stagnation=2.38
[train:rollout] step=00040 iter=06/20 current=7.9043 best=7.8938 stagnation=3.12
[train:rollout] step=00040 iter=08/20 current=7.9054 best=7.8938 stagnation=5.12
[train:rollout] step=00040 iter=10/20 current=7.9060 best=7.8935 stagnation=5.94
[train:rollout] step=00040 iter=12/20 current=7.8946 best=7.8887 stagnation=7.62
[train:rollout] step=00040 iter=14/20 current=7.8979 best=7.8825 stagnation=8.75
[train:rollout] step=00040 iter=16/20 current=7.8898 best=7.8773 stagnation=9.12
[train:rollout] step=00040 iter=18/20 current=7.8940 best=7.8773 stagnation=11.12
[train:rollout] step=00040 iter=20/20 current=7.8826 best=7.8771 stagnation=11.94
[train:done] step=00040 total_t=10.01s rollout_t=8.88s opt_t=0.14s loss=-0.1143 init=7.9032 final=7.8771 improve=0.0261 baseline=0.0261 entropy=22.0367
[train] step=00040 loss=-0.1143 init=7.9032 final=7.8771 improve=0.0261 entropy=22.0367 baseline=0.0261 adv_mean=0.0000 total_t=10.01s
[train] step=00040 init_dist=lehd:1.00, elg:0.00, difusco:0.00
[train] step=00040 op_dist=two_opt:0.28, lehd_rrc_step:0.37, dact_2opt_step:0.35
[train] step=00040 timing select=0.00s reset=0.99s rollout=8.88s optimize=0.14s
[save] wrote metrics snapshot -> 0new/operator_policy/outputs/default/latest_metrics.json
[train:prepare] step=00041/00080 fetching batch
[train:batch] step=00041 shape=(16, 100, 2) device=cuda:0 fetch_t=0.01s
[train:init] step=00041 batch=16 n=100 device=cuda:0 select_t=0.01s init_mean_entropy=0.0835
[solver:init] name=lehd count=16 start
[solver:init] name=lehd count=16 done elapsed=0.90s
[solver:init] all done elapsed=0.90s
[train:reset] step=00041 reset_t=0.90s init_len=7.7896
[train:rollout] step=00041 iter=01/20 current=7.7862 best=7.7858 stagnation=0.56
[train:rollout] step=00041 iter=02/20 current=7.7994 best=7.7828 stagnation=1.38
[train:rollout] step=00041 iter=04/20 current=7.7969 best=7.7798 stagnation=3.00
[train:rollout] step=00041 iter=06/20 current=7.7929 best=7.7798 stagnation=5.00
[train:rollout] step=00041 iter=08/20 current=7.7988 best=7.7783 stagnation=6.19
[train:rollout] step=00041 iter=10/20 current=7.7920 best=7.7783 stagnation=7.56
[train:rollout] step=00041 iter=12/20 current=7.7968 best=7.7782 stagnation=8.38
[train:rollout] step=00041 iter=14/20 current=7.7902 best=7.7770 stagnation=7.12
[train:rollout] step=00041 iter=16/20 current=7.7972 best=7.7762 stagnation=7.88
[train:rollout] step=00041 iter=18/20 current=7.7830 best=7.7749 stagnation=8.38
[train:rollout] step=00041 iter=20/20 current=7.7905 best=7.7749 stagnation=10.38
[train:done] step=00041 total_t=12.34s rollout_t=11.26s opt_t=0.16s loss=-0.0865 init=7.7896 final=7.7749 improve=0.0146 baseline=0.0146 entropy=22.0181
[train] step=00041 loss=-0.0865 init=7.7896 final=7.7749 improve=0.0146 entropy=22.0181 baseline=0.0146 adv_mean=0.0000 total_t=12.34s
[train] step=00041 init_dist=lehd:1.00, elg:0.00, difusco:0.00
[train] step=00041 op_dist=two_opt:0.36, lehd_rrc_step:0.34, dact_2opt_step:0.31
[train] step=00041 timing select=0.01s reset=0.90s rollout=11.26s optimize=0.16s
[train:prepare] step=00042/00080 fetching batch
[train:batch] step=00042 shape=(16, 100, 2) device=cuda:0 fetch_t=0.00s
[train:init] step=00042 batch=16 n=100 device=cuda:0 select_t=0.00s init_mean_entropy=0.0758
[solver:init] name=lehd count=16 start
[solver:init] name=lehd count=16 done elapsed=0.92s
[solver:init] all done elapsed=0.92s
[train:reset] step=00042 reset_t=0.92s init_len=7.7578
[train:rollout] step=00042 iter=01/20 current=7.7598 best=7.7572 stagnation=0.69
[train:rollout] step=00042 iter=02/20 current=7.7558 best=7.7513 stagnation=1.38
[train:rollout] step=00042 iter=04/20 current=7.7476 best=7.7476 stagnation=3.06
[train:rollout] step=00042 iter=06/20 current=7.7587 best=7.7476 stagnation=4.75
[train:rollout] step=00042 iter=08/20 current=7.7593 best=7.7476 stagnation=6.75
[train:rollout] step=00042 iter=10/20 current=7.7487 best=7.7391 stagnation=7.50
[train:rollout] step=00042 iter=12/20 current=7.7451 best=7.7390 stagnation=8.25
[train:rollout] step=00042 iter=14/20 current=7.7594 best=7.7389 stagnation=10.00
[train:rollout] step=00042 iter=16/20 current=7.7438 best=7.7389 stagnation=12.00
[train:rollout] step=00042 iter=18/20 current=7.7439 best=7.7347 stagnation=12.56
[train:rollout] step=00042 iter=20/20 current=7.7391 best=7.7339 stagnation=13.38
[train:done] step=00042 total_t=14.47s rollout_t=13.38s opt_t=0.15s loss=-0.0319 init=7.7578 final=7.7339 improve=0.0240 baseline=0.0240 entropy=21.9976
[train] step=00042 loss=-0.0319 init=7.7578 final=7.7339 improve=0.0240 entropy=21.9976 baseline=0.0240 adv_mean=0.0000 total_t=14.47s
[train] step=00042 init_dist=lehd:1.00, elg:0.00, difusco:0.00
[train] step=00042 op_dist=two_opt:0.35, lehd_rrc_step:0.37, dact_2opt_step:0.28
[train] step=00042 timing select=0.00s reset=0.92s rollout=13.38s optimize=0.15s
[train:prepare] step=00043/00080 fetching batch
[train:batch] step=00043 shape=(16, 100, 2) device=cuda:0 fetch_t=0.00s
[train:init] step=00043 batch=16 n=100 device=cuda:0 select_t=0.00s init_mean_entropy=0.0693
[solver:init] name=lehd count=16 start
[solver:init] name=lehd count=16 done elapsed=0.90s
[solver:init] all done elapsed=0.90s
[train:reset] step=00043 reset_t=0.90s init_len=7.8295
[train:rollout] step=00043 iter=01/20 current=7.8391 best=7.8292 stagnation=0.81
[train:rollout] step=00043 iter=02/20 current=7.8408 best=7.8238 stagnation=1.62
[train:rollout] step=00043 iter=04/20 current=7.8114 best=7.8046 stagnation=2.12
[train:rollout] step=00043 iter=06/20 current=7.8143 best=7.8038 stagnation=3.31
[train:rollout] step=00043 iter=08/20 current=7.8274 best=7.8038 stagnation=4.94
[train:rollout] step=00043 iter=10/20 current=7.8245 best=7.8038 stagnation=6.75
[train:rollout] step=00043 iter=12/20 current=7.8123 best=7.8002 stagnation=7.25
[train:rollout] step=00043 iter=14/20 current=7.8032 best=7.7839 stagnation=8.00
[train:rollout] step=00043 iter=16/20 current=7.8010 best=7.7838 stagnation=9.31
[train:rollout] step=00043 iter=18/20 current=7.7883 best=7.7838 stagnation=11.00
[train:rollout] step=00043 iter=20/20 current=7.8029 best=7.7838 stagnation=11.62
[train:done] step=00043 total_t=11.39s rollout_t=10.33s opt_t=0.16s loss=-0.0802 init=7.8295 final=7.7838 improve=0.0457 baseline=0.0457 entropy=21.9757
[train] step=00043 loss=-0.0802 init=7.8295 final=7.7838 improve=0.0457 entropy=21.9757 baseline=0.0457 adv_mean=0.0000 total_t=11.39s
[train] step=00043 init_dist=lehd:1.00, elg:0.00, difusco:0.00
[train] step=00043 op_dist=two_opt:0.32, lehd_rrc_step:0.38, dact_2opt_step:0.30
[train] step=00043 timing select=0.00s reset=0.90s rollout=10.33s optimize=0.16s
[train:prepare] step=00044/00080 fetching batch
[train:batch] step=00044 shape=(16, 100, 2) device=cuda:0 fetch_t=0.00s
[train:init] step=00044 batch=16 n=100 device=cuda:0 select_t=0.00s init_mean_entropy=0.0639
[solver:init] name=lehd count=16 start
[solver:init] name=lehd count=16 done elapsed=0.96s
[solver:init] all done elapsed=0.96s
[train:reset] step=00044 reset_t=0.96s init_len=7.7170
[train:rollout] step=00044 iter=01/20 current=7.7286 best=7.7149 stagnation=0.69
[train:rollout] step=00044 iter=02/20 current=7.7345 best=7.7149 stagnation=1.69
[train:rollout] step=00044 iter=04/20 current=7.7188 best=7.7111 stagnation=2.38
[train:rollout] step=00044 iter=06/20 current=7.7113 best=7.7086 stagnation=3.44
[train:rollout] step=00044 iter=08/20 current=7.7352 best=7.7077 stagnation=5.38
[train:rollout] step=00044 iter=10/20 current=7.7139 best=7.7012 stagnation=5.88
[train:rollout] step=00044 iter=12/20 current=7.7118 best=7.7006 stagnation=5.00
[train:rollout] step=00044 iter=14/20 current=7.7033 best=7.7001 stagnation=6.75
[train:rollout] step=00044 iter=16/20 current=7.7093 best=7.7001 stagnation=8.50
[train:rollout] step=00044 iter=18/20 current=7.7080 best=7.7000 stagnation=9.75
[train:rollout] step=00044 iter=20/20 current=7.7111 best=7.6996 stagnation=10.56
[train:done] step=00044 total_t=12.08s rollout_t=10.94s opt_t=0.17s loss=0.0995 init=7.7170 final=7.6996 improve=0.0173 baseline=0.0173 entropy=21.9483
[train] step=00044 loss=0.0995 init=7.7170 final=7.6996 improve=0.0173 entropy=21.9483 baseline=0.0173 adv_mean=0.0000 total_t=12.08s
[train] step=00044 init_dist=lehd:1.00, elg:0.00, difusco:0.00
[train] step=00044 op_dist=two_opt:0.35, lehd_rrc_step:0.37, dact_2opt_step:0.28
[train] step=00044 timing select=0.00s reset=0.96s rollout=10.94s optimize=0.17s
[train:prepare] step=00045/00080 fetching batch
[train:batch] step=00045 shape=(16, 100, 2) device=cuda:0 fetch_t=0.00s
[train:init] step=00045 batch=16 n=100 device=cuda:0 select_t=0.01s init_mean_entropy=0.0593
[solver:init] name=lehd count=15 start
[solver:init] name=lehd count=15 done elapsed=0.90s
[solver:init] name=elg count=1 start
[solver:init] name=elg count=1 done elapsed=0.56s
[solver:init] all done elapsed=1.46s
[train:reset] step=00045 reset_t=1.46s init_len=7.8804
[train:rollout] step=00045 iter=01/20 current=7.8778 best=7.8728 stagnation=0.69
[train:rollout] step=00045 iter=02/20 current=7.8734 best=7.8695 stagnation=1.50
[train:rollout] step=00045 iter=04/20 current=7.8802 best=7.8695 stagnation=3.50
[train:rollout] step=00045 iter=06/20 current=7.8705 best=7.8694 stagnation=4.94
[train:rollout] step=00045 iter=08/20 current=7.8886 best=7.8677 stagnation=5.62
[train:rollout] step=00045 iter=10/20 current=7.8724 best=7.8677 stagnation=7.62
[train:rollout] step=00045 iter=12/20 current=7.8773 best=7.8677 stagnation=8.88
[train:rollout] step=00045 iter=14/20 current=7.8775 best=7.8677 stagnation=10.12
[train:rollout] step=00045 iter=16/20 current=7.8748 best=7.8635 stagnation=9.62
[train:rollout] step=00045 iter=18/20 current=7.8727 best=7.8632 stagnation=10.56
[train:rollout] step=00045 iter=20/20 current=7.8744 best=7.8632 stagnation=12.56
[train:done] step=00045 total_t=12.33s rollout_t=10.66s opt_t=0.20s loss=0.2349 init=7.8804 final=7.8632 improve=0.0171 baseline=0.0171 entropy=21.9297
[train] step=00045 loss=0.2349 init=7.8804 final=7.8632 improve=0.0171 entropy=21.9297 baseline=0.0171 adv_mean=0.0000 total_t=12.33s
[train] step=00045 init_dist=lehd:0.94, elg:0.06, difusco:0.00
[train] step=00045 op_dist=two_opt:0.35, lehd_rrc_step:0.33, dact_2opt_step:0.32
[train] step=00045 timing select=0.01s reset=1.46s rollout=10.66s optimize=0.20s
[train:prepare] step=00046/00080 fetching batch
[train:batch] step=00046 shape=(16, 100, 2) device=cuda:0 fetch_t=0.00s
[train:init] step=00046 batch=16 n=100 device=cuda:0 select_t=0.00s init_mean_entropy=0.0572
[solver:init] name=lehd count=16 start
[solver:init] name=lehd count=16 done elapsed=1.06s
[solver:init] all done elapsed=1.06s
[train:reset] step=00046 reset_t=1.06s init_len=7.8526
[train:rollout] step=00046 iter=01/20 current=7.8497 best=7.8442 stagnation=0.75
[train:rollout] step=00046 iter=02/20 current=7.8451 best=7.8442 stagnation=1.69
[train:rollout] step=00046 iter=04/20 current=7.8533 best=7.8431 stagnation=3.25
[train:rollout] step=00046 iter=06/20 current=7.8575 best=7.8393 stagnation=4.12
[train:rollout] step=00046 iter=08/20 current=7.8371 best=7.8221 stagnation=5.00
[train:rollout] step=00046 iter=10/20 current=7.8252 best=7.8206 stagnation=6.19
[train:rollout] step=00046 iter=12/20 current=7.8276 best=7.8180 stagnation=6.81
[train:rollout] step=00046 iter=14/20 current=7.8286 best=7.8164 stagnation=7.62
[train:rollout] step=00046 iter=16/20 current=7.8286 best=7.8164 stagnation=9.44
[train:rollout] step=00046 iter=18/20 current=7.8247 best=7.8164 stagnation=11.19
[train:rollout] step=00046 iter=20/20 current=7.8250 best=7.8164 stagnation=13.19
[train:done] step=00046 total_t=13.05s rollout_t=11.83s opt_t=0.16s loss=-0.0215 init=7.8526 final=7.8164 improve=0.0361 baseline=0.0361 entropy=21.9178
[train] step=00046 loss=-0.0215 init=7.8526 final=7.8164 improve=0.0361 entropy=21.9178 baseline=0.0361 adv_mean=0.0000 total_t=13.05s
[train] step=00046 init_dist=lehd:1.00, elg:0.00, difusco:0.00
[train] step=00046 op_dist=two_opt:0.36, lehd_rrc_step:0.37, dact_2opt_step:0.28
[train] step=00046 timing select=0.00s reset=1.06s rollout=11.83s optimize=0.16s
[train:prepare] step=00047/00080 fetching batch
[train:batch] step=00047 shape=(16, 100, 2) device=cuda:0 fetch_t=0.00s
[train:init] step=00047 batch=16 n=100 device=cuda:0 select_t=0.00s init_mean_entropy=0.0553
[solver:init] name=lehd count=16 start
[solver:init] name=lehd count=16 done elapsed=0.91s
[solver:init] all done elapsed=0.91s
[train:reset] step=00047 reset_t=0.91s init_len=7.7989
[train:rollout] step=00047 iter=01/20 current=7.7876 best=7.7817 stagnation=0.75
[train:rollout] step=00047 iter=02/20 current=7.7906 best=7.7804 stagnation=1.62
[train:rollout] step=00047 iter=04/20 current=7.7781 best=7.7724 stagnation=2.50
[train:rollout] step=00047 iter=06/20 current=7.7982 best=7.7724 stagnation=4.50
[train:rollout] step=00047 iter=08/20 current=7.7991 best=7.7724 stagnation=6.50
[train:rollout] step=00047 iter=10/20 current=7.7917 best=7.7710 stagnation=7.94
[train:rollout] step=00047 iter=12/20 current=7.7872 best=7.7700 stagnation=8.69
[train:rollout] step=00047 iter=14/20 current=7.7773 best=7.7700 stagnation=10.69
[train:rollout] step=00047 iter=16/20 current=7.7790 best=7.7681 stagnation=10.81
[train:rollout] step=00047 iter=18/20 current=7.7780 best=7.7667 stagnation=11.31
[train:rollout] step=00047 iter=20/20 current=7.7744 best=7.7643 stagnation=13.00
[train:done] step=00047 total_t=9.98s rollout_t=8.88s opt_t=0.18s loss=-0.1649 init=7.7989 final=7.7643 improve=0.0347 baseline=0.0347 entropy=21.9081
[train] step=00047 loss=-0.1649 init=7.7989 final=7.7643 improve=0.0347 entropy=21.9081 baseline=0.0347 adv_mean=0.0000 total_t=9.98s
[train] step=00047 init_dist=lehd:1.00, elg:0.00, difusco:0.00
[train] step=00047 op_dist=two_opt:0.34, lehd_rrc_step:0.31, dact_2opt_step:0.35
[train] step=00047 timing select=0.00s reset=0.91s rollout=8.88s optimize=0.18s
[train:prepare] step=00048/00080 fetching batch
[train:batch] step=00048 shape=(16, 100, 2) device=cuda:0 fetch_t=0.00s
[train:init] step=00048 batch=16 n=100 device=cuda:0 select_t=0.00s init_mean_entropy=0.0536
[solver:init] name=lehd count=16 start
[solver:init] name=lehd count=16 done elapsed=0.92s
[solver:init] all done elapsed=0.92s
[train:reset] step=00048 reset_t=0.92s init_len=7.7710
[train:rollout] step=00048 iter=01/20 current=7.7727 best=7.7691 stagnation=0.75
[train:rollout] step=00048 iter=02/20 current=7.7869 best=7.7682 stagnation=1.44
[train:rollout] step=00048 iter=04/20 current=7.7709 best=7.7682 stagnation=3.38
[train:rollout] step=00048 iter=06/20 current=7.7745 best=7.7680 stagnation=4.94
[train:rollout] step=00048 iter=08/20 current=7.7599 best=7.7540 stagnation=4.12
[train:rollout] step=00048 iter=10/20 current=7.7675 best=7.7540 stagnation=6.00
[train:rollout] step=00048 iter=12/20 current=7.7617 best=7.7499 stagnation=5.75
[train:rollout] step=00048 iter=14/20 current=7.7799 best=7.7497 stagnation=7.62
[train:rollout] step=00048 iter=16/20 current=7.7643 best=7.7488 stagnation=8.12
[train:rollout] step=00048 iter=18/20 current=7.7539 best=7.7460 stagnation=9.31
[train:rollout] step=00048 iter=20/20 current=7.7578 best=7.7456 stagnation=11.06
[train:done] step=00048 total_t=12.81s rollout_t=11.72s opt_t=0.17s loss=-0.0189 init=7.7710 final=7.7456 improve=0.0253 baseline=0.0253 entropy=21.8893
[train] step=00048 loss=-0.0189 init=7.7710 final=7.7456 improve=0.0253 entropy=21.8893 baseline=0.0253 adv_mean=0.0000 total_t=12.81s
[train] step=00048 init_dist=lehd:1.00, elg:0.00, difusco:0.00
[train] step=00048 op_dist=two_opt:0.38, lehd_rrc_step:0.36, dact_2opt_step:0.27
[train] step=00048 timing select=0.00s reset=0.92s rollout=11.72s optimize=0.17s
[train:prepare] step=00049/00080 fetching batch
[train:batch] step=00049 shape=(16, 100, 2) device=cuda:0 fetch_t=0.00s
[train:init] step=00049 batch=16 n=100 device=cuda:0 select_t=0.00s init_mean_entropy=0.0522
[solver:init] name=lehd count=16 start
[solver:init] name=lehd count=16 done elapsed=0.90s
[solver:init] all done elapsed=0.90s
[train:reset] step=00049 reset_t=0.90s init_len=7.8021
[train:rollout] step=00049 iter=01/20 current=7.8055 best=7.7978 stagnation=0.75
[train:rollout] step=00049 iter=02/20 current=7.8020 best=7.7961 stagnation=1.38
[train:rollout] step=00049 iter=04/20 current=7.7963 best=7.7946 stagnation=2.25
[train:rollout] step=00049 iter=06/20 current=7.8018 best=7.7946 stagnation=3.69
[train:rollout] step=00049 iter=08/20 current=7.7956 best=7.7911 stagnation=4.88
[train:rollout] step=00049 iter=10/20 current=7.7927 best=7.7911 stagnation=6.25
[train:rollout] step=00049 iter=12/20 current=7.7935 best=7.7911 stagnation=7.12
[train:rollout] step=00049 iter=14/20 current=7.7943 best=7.7902 stagnation=7.81
[train:rollout] step=00049 iter=16/20 current=7.7921 best=7.7877 stagnation=7.06
[train:rollout] step=00049 iter=18/20 current=7.7923 best=7.7877 stagnation=9.06
[train:rollout] step=00049 iter=20/20 current=7.7953 best=7.7877 stagnation=10.88
[train:done] step=00049 total_t=12.24s rollout_t=11.09s opt_t=0.24s loss=-0.0228 init=7.8021 final=7.7877 improve=0.0144 baseline=0.0144 entropy=21.8704
[train] step=00049 loss=-0.0228 init=7.8021 final=7.7877 improve=0.0144 entropy=21.8704 baseline=0.0144 adv_mean=0.0000 total_t=12.24s
[train] step=00049 init_dist=lehd:1.00, elg:0.00, difusco:0.00
[train] step=00049 op_dist=two_opt:0.34, lehd_rrc_step:0.40, dact_2opt_step:0.26
[train] step=00049 timing select=0.00s reset=0.90s rollout=11.09s optimize=0.24s
[train:prepare] step=00050/00080 fetching batch
[train:batch] step=00050 shape=(16, 100, 2) device=cuda:0 fetch_t=0.00s
[train:init] step=00050 batch=16 n=100 device=cuda:0 select_t=0.00s init_mean_entropy=0.0509
[solver:init] name=lehd count=16 start
[solver:init] name=lehd count=16 done elapsed=1.10s
[solver:init] all done elapsed=1.10s
[train:reset] step=00050 reset_t=1.10s init_len=7.8549
[train:rollout] step=00050 iter=01/20 current=7.8717 best=7.8535 stagnation=0.81
[train:rollout] step=00050 iter=02/20 current=7.8613 best=7.8535 stagnation=1.81
[train:rollout] step=00050 iter=04/20 current=7.8662 best=7.8532 stagnation=3.25
[train:rollout] step=00050 iter=06/20 current=7.8680 best=7.8532 stagnation=4.56
[train:rollout] step=00050 iter=08/20 current=7.8583 best=7.8504 stagnation=5.31
[train:rollout] step=00050 iter=10/20 current=7.8645 best=7.8503 stagnation=6.62
[train:rollout] step=00050 iter=12/20 current=7.8517 best=7.8475 stagnation=6.94
[train:rollout] step=00050 iter=14/20 current=7.8609 best=7.8456 stagnation=8.06
[train:rollout] step=00050 iter=16/20 current=7.8564 best=7.8456 stagnation=9.88
[train:rollout] step=00050 iter=18/20 current=7.8539 best=7.8453 stagnation=10.81
[train:rollout] step=00050 iter=20/20 current=7.8559 best=7.8388 stagnation=10.12
[train:done] step=00050 total_t=12.87s rollout_t=11.58s opt_t=0.18s loss=0.0139 init=7.8549 final=7.8388 improve=0.0162 baseline=0.0162 entropy=21.8503
[train] step=00050 loss=0.0139 init=7.8549 final=7.8388 improve=0.0162 entropy=21.8503 baseline=0.0162 adv_mean=0.0000 total_t=12.87s
[train] step=00050 init_dist=lehd:1.00, elg:0.00, difusco:0.00
[train] step=00050 op_dist=two_opt:0.42, lehd_rrc_step:0.32, dact_2opt_step:0.26
[train] step=00050 timing select=0.00s reset=1.10s rollout=11.58s optimize=0.18s
[train:prepare] step=00051/00080 fetching batch
[train:batch] step=00051 shape=(16, 100, 2) device=cuda:0 fetch_t=0.00s
[train:init] step=00051 batch=16 n=100 device=cuda:0 select_t=0.00s init_mean_entropy=0.0498
[solver:init] name=lehd count=16 start
[solver:init] name=lehd count=16 done elapsed=1.15s
[solver:init] all done elapsed=1.15s
[train:reset] step=00051 reset_t=1.15s init_len=7.7058
[train:rollout] step=00051 iter=01/20 current=7.7104 best=7.7054 stagnation=0.75
[train:rollout] step=00051 iter=02/20 current=7.7058 best=7.7025 stagnation=1.31
[train:rollout] step=00051 iter=04/20 current=7.7066 best=7.7023 stagnation=2.44
[train:rollout] step=00051 iter=06/20 current=7.7057 best=7.7023 stagnation=4.06
[train:rollout] step=00051 iter=08/20 current=7.7021 best=7.6950 stagnation=5.25
[train:rollout] step=00051 iter=10/20 current=7.6938 best=7.6844 stagnation=5.50
[train:rollout] step=00051 iter=12/20 current=7.6849 best=7.6844 stagnation=7.44
[train:rollout] step=00051 iter=14/20 current=7.6895 best=7.6844 stagnation=9.44
[train:rollout] step=00051 iter=16/20 current=7.6917 best=7.6844 stagnation=11.44
[train:rollout] step=00051 iter=18/20 current=7.6862 best=7.6844 stagnation=13.44
[train:rollout] step=00051 iter=20/20 current=7.6883 best=7.6823 stagnation=11.94
[train:done] step=00051 total_t=11.15s rollout_t=9.83s opt_t=0.16s loss=0.0777 init=7.7058 final=7.6823 improve=0.0234 baseline=0.0234 entropy=21.8311
[train] step=00051 loss=0.0777 init=7.7058 final=7.6823 improve=0.0234 entropy=21.8311 baseline=0.0234 adv_mean=0.0000 total_t=11.15s
[train] step=00051 init_dist=lehd:1.00, elg:0.00, difusco:0.00
[train] step=00051 op_dist=two_opt:0.33, lehd_rrc_step:0.37, dact_2opt_step:0.29
[train] step=00051 timing select=0.00s reset=1.15s rollout=9.83s optimize=0.16s
[train:prepare] step=00052/00080 fetching batch
[train:batch] step=00052 shape=(16, 100, 2) device=cuda:0 fetch_t=0.00s
[train:init] step=00052 batch=16 n=100 device=cuda:0 select_t=0.00s init_mean_entropy=0.0488
[solver:init] name=lehd count=16 start
[solver:init] name=lehd count=16 done elapsed=0.98s
[solver:init] all done elapsed=0.98s
[train:reset] step=00052 reset_t=0.98s init_len=7.7570
[train:rollout] step=00052 iter=01/20 current=7.7509 best=7.7493 stagnation=0.69
[train:rollout] step=00052 iter=02/20 current=7.7537 best=7.7493 stagnation=1.25
[train:rollout] step=00052 iter=04/20 current=7.7567 best=7.7489 stagnation=2.75
[train:rollout] step=00052 iter=06/20 current=7.7489 best=7.7366 stagnation=3.06
[train:rollout] step=00052 iter=08/20 current=7.7469 best=7.7366 stagnation=4.62
[train:rollout] step=00052 iter=10/20 current=7.7597 best=7.7349 stagnation=5.69
[train:rollout] step=00052 iter=12/20 current=7.7474 best=7.7349 stagnation=7.56
[train:rollout] step=00052 iter=14/20 current=7.7523 best=7.7349 stagnation=9.56
[train:rollout] step=00052 iter=16/20 current=7.7607 best=7.7349 stagnation=11.56
[train:rollout] step=00052 iter=18/20 current=7.7588 best=7.7349 stagnation=13.56
[train:rollout] step=00052 iter=20/20 current=7.7471 best=7.7349 stagnation=15.56
[train:done] step=00052 total_t=11.41s rollout_t=10.24s opt_t=0.18s loss=-0.0129 init=7.7570 final=7.7349 improve=0.0221 baseline=0.0221 entropy=21.8172
[train] step=00052 loss=-0.0129 init=7.7570 final=7.7349 improve=0.0221 entropy=21.8172 baseline=0.0221 adv_mean=0.0000 total_t=11.41s
[train] step=00052 init_dist=lehd:1.00, elg:0.00, difusco:0.00
[train] step=00052 op_dist=two_opt:0.37, lehd_rrc_step:0.36, dact_2opt_step:0.27
[train] step=00052 timing select=0.00s reset=0.98s rollout=10.24s optimize=0.18s
[train:prepare] step=00053/00080 fetching batch
[train:batch] step=00053 shape=(16, 100, 2) device=cuda:0 fetch_t=0.00s
[train:init] step=00053 batch=16 n=100 device=cuda:0 select_t=0.00s init_mean_entropy=0.0479
[solver:init] name=lehd count=16 start
[solver:init] name=lehd count=16 done elapsed=0.94s
[solver:init] all done elapsed=0.94s
[train:reset] step=00053 reset_t=0.94s init_len=7.8309
[train:rollout] step=00053 iter=01/20 current=7.8315 best=7.8273 stagnation=0.75
[train:rollout] step=00053 iter=02/20 current=7.8323 best=7.8165 stagnation=1.19
[train:rollout] step=00053 iter=04/20 current=7.8189 best=7.8165 stagnation=2.69
[train:rollout] step=00053 iter=06/20 current=7.8132 best=7.8124 stagnation=3.81
[train:rollout] step=00053 iter=08/20 current=7.8236 best=7.8123 stagnation=5.19
[train:rollout] step=00053 iter=10/20 current=7.8161 best=7.8106 stagnation=5.81
[train:rollout] step=00053 iter=12/20 current=7.8143 best=7.8101 stagnation=7.06
[train:rollout] step=00053 iter=14/20 current=7.8218 best=7.8101 stagnation=9.00
[train:rollout] step=00053 iter=16/20 current=7.8212 best=7.8093 stagnation=9.19
[train:rollout] step=00053 iter=18/20 current=7.8107 best=7.8080 stagnation=10.62
[train:rollout] step=00053 iter=20/20 current=7.8141 best=7.8079 stagnation=11.88
[train:done] step=00053 total_t=12.37s rollout_t=11.28s opt_t=0.14s loss=0.1402 init=7.8309 final=7.8079 improve=0.0229 baseline=0.0229 entropy=21.8030
[train] step=00053 loss=0.1402 init=7.8309 final=7.8079 improve=0.0229 entropy=21.8030 baseline=0.0229 adv_mean=0.0000 total_t=12.37s
[train] step=00053 init_dist=lehd:1.00, elg:0.00, difusco:0.00
[train] step=00053 op_dist=two_opt:0.38, lehd_rrc_step:0.35, dact_2opt_step:0.27
[train] step=00053 timing select=0.00s reset=0.94s rollout=11.28s optimize=0.14s
[train:prepare] step=00054/00080 fetching batch
[train:batch] step=00054 shape=(16, 100, 2) device=cuda:0 fetch_t=0.00s
[train:init] step=00054 batch=16 n=100 device=cuda:0 select_t=0.00s init_mean_entropy=0.0471
[solver:init] name=lehd count=16 start
[solver:init] name=lehd count=16 done elapsed=0.97s
[solver:init] all done elapsed=0.97s
[train:reset] step=00054 reset_t=0.97s init_len=7.9241
[train:rollout] step=00054 iter=01/20 current=7.9328 best=7.9176 stagnation=0.69
[train:rollout] step=00054 iter=02/20 current=7.9213 best=7.9149 stagnation=1.50
[train:rollout] step=00054 iter=04/20 current=7.9098 best=7.9079 stagnation=2.62
[train:rollout] step=00054 iter=06/20 current=7.9175 best=7.9069 stagnation=3.56
[train:rollout] step=00054 iter=08/20 current=7.9073 best=7.9061 stagnation=3.88
[train:rollout] step=00054 iter=10/20 current=7.9066 best=7.9047 stagnation=5.56
[train:rollout] step=00054 iter=12/20 current=7.9065 best=7.9047 stagnation=7.56
[train:rollout] step=00054 iter=14/20 current=7.9065 best=7.9047 stagnation=9.56
[train:rollout] step=00054 iter=16/20 current=7.9117 best=7.9040 stagnation=11.12
[train:rollout] step=00054 iter=18/20 current=7.9087 best=7.9040 stagnation=13.12
[train:rollout] step=00054 iter=20/20 current=7.9136 best=7.9021 stagnation=14.19
[train:done] step=00054 total_t=12.72s rollout_t=11.58s opt_t=0.17s loss=0.0496 init=7.9241 final=7.9021 improve=0.0220 baseline=0.0220 entropy=21.8045
[train] step=00054 loss=0.0496 init=7.9241 final=7.9021 improve=0.0220 entropy=21.8045 baseline=0.0220 adv_mean=0.0000 total_t=12.72s
[train] step=00054 init_dist=lehd:1.00, elg:0.00, difusco:0.00
[train] step=00054 op_dist=two_opt:0.38, lehd_rrc_step:0.37, dact_2opt_step:0.25
[train] step=00054 timing select=0.00s reset=0.97s rollout=11.58s optimize=0.17s
[train:prepare] step=00055/00080 fetching batch
[train:batch] step=00055 shape=(16, 100, 2) device=cuda:0 fetch_t=0.00s
[train:init] step=00055 batch=16 n=100 device=cuda:0 select_t=0.01s init_mean_entropy=0.0465
[solver:init] name=lehd count=16 start
[solver:init] name=lehd count=16 done elapsed=0.90s
[solver:init] all done elapsed=0.90s
[train:reset] step=00055 reset_t=0.90s init_len=7.7620
[train:rollout] step=00055 iter=01/20 current=7.7709 best=7.7612 stagnation=0.88
[train:rollout] step=00055 iter=02/20 current=7.7670 best=7.7590 stagnation=1.81
[train:rollout] step=00055 iter=04/20 current=7.7675 best=7.7570 stagnation=2.94
[train:rollout] step=00055 iter=06/20 current=7.7652 best=7.7565 stagnation=4.25
[train:rollout] step=00055 iter=08/20 current=7.7626 best=7.7495 stagnation=4.56
[train:rollout] step=00055 iter=10/20 current=7.7445 best=7.7409 stagnation=3.69
[train:rollout] step=00055 iter=12/20 current=7.7457 best=7.7353 stagnation=4.81
[train:rollout] step=00055 iter=14/20 current=7.7467 best=7.7350 stagnation=6.75
[train:rollout] step=00055 iter=16/20 current=7.7438 best=7.7350 stagnation=8.31
[train:rollout] step=00055 iter=18/20 current=7.7445 best=7.7344 stagnation=8.38
[train:rollout] step=00055 iter=20/20 current=7.7440 best=7.7344 stagnation=10.38
[train:done] step=00055 total_t=12.31s rollout_t=11.23s opt_t=0.17s loss=-0.1923 init=7.7620 final=7.7344 improve=0.0276 baseline=0.0276 entropy=21.8146
[train] step=00055 loss=-0.1923 init=7.7620 final=7.7344 improve=0.0276 entropy=21.8146 baseline=0.0276 adv_mean=0.0000 total_t=12.31s
[train] step=00055 init_dist=lehd:1.00, elg:0.00, difusco:0.00
[train] step=00055 op_dist=two_opt:0.33, lehd_rrc_step:0.41, dact_2opt_step:0.26
[train] step=00055 timing select=0.01s reset=0.90s rollout=11.23s optimize=0.17s
[train:prepare] step=00056/00080 fetching batch
[train:batch] step=00056 shape=(16, 100, 2) device=cuda:0 fetch_t=0.01s
[train:init] step=00056 batch=16 n=100 device=cuda:0 select_t=0.00s init_mean_entropy=0.0459
[solver:init] name=lehd count=16 start
[solver:init] name=lehd count=16 done elapsed=0.91s
[solver:init] all done elapsed=0.91s
[train:reset] step=00056 reset_t=0.91s init_len=7.7806
[train:rollout] step=00056 iter=01/20 current=7.7875 best=7.7786 stagnation=0.69
[train:rollout] step=00056 iter=02/20 current=7.7816 best=7.7776 stagnation=1.12
[train:rollout] step=00056 iter=04/20 current=7.7779 best=7.7738 stagnation=2.12
[train:rollout] step=00056 iter=06/20 current=7.7726 best=7.7647 stagnation=3.19
[train:rollout] step=00056 iter=08/20 current=7.7714 best=7.7647 stagnation=4.62
[train:rollout] step=00056 iter=10/20 current=7.7799 best=7.7643 stagnation=5.62
[train:rollout] step=00056 iter=12/20 current=7.7685 best=7.7636 stagnation=6.75
[train:rollout] step=00056 iter=14/20 current=7.7634 best=7.7627 stagnation=7.06
[train:rollout] step=00056 iter=16/20 current=7.7693 best=7.7626 stagnation=8.06
[train:rollout] step=00056 iter=18/20 current=7.7736 best=7.7626 stagnation=8.81
[train:rollout] step=00056 iter=20/20 current=7.7661 best=7.7600 stagnation=8.06
[train:done] step=00056 total_t=12.06s rollout_t=10.97s opt_t=0.18s loss=-0.2109 init=7.7806 final=7.7600 improve=0.0206 baseline=0.0206 entropy=21.8080
[train] step=00056 loss=-0.2109 init=7.7806 final=7.7600 improve=0.0206 entropy=21.8080 baseline=0.0206 adv_mean=0.0000 total_t=12.06s
[train] step=00056 init_dist=lehd:1.00, elg:0.00, difusco:0.00
[train] step=00056 op_dist=two_opt:0.34, lehd_rrc_step:0.38, dact_2opt_step:0.28
[train] step=00056 timing select=0.00s reset=0.91s rollout=10.97s optimize=0.18s
[train:prepare] step=00057/00080 fetching batch
[train:batch] step=00057 shape=(16, 100, 2) device=cuda:0 fetch_t=0.00s
[train:init] step=00057 batch=16 n=100 device=cuda:0 select_t=0.00s init_mean_entropy=0.0453
[solver:init] name=lehd count=16 start
[solver:init] name=lehd count=16 done elapsed=0.92s
[solver:init] all done elapsed=0.92s
[train:reset] step=00057 reset_t=0.92s init_len=7.7925
[train:rollout] step=00057 iter=01/20 current=7.8004 best=7.7921 stagnation=0.88
[train:rollout] step=00057 iter=02/20 current=7.7939 best=7.7920 stagnation=1.56
[train:rollout] step=00057 iter=04/20 current=7.8006 best=7.7902 stagnation=2.44
[train:rollout] step=00057 iter=06/20 current=7.8017 best=7.7901 stagnation=3.94
[train:rollout] step=00057 iter=08/20 current=7.7934 best=7.7901 stagnation=5.19
[train:rollout] step=00057 iter=10/20 current=7.7902 best=7.7892 stagnation=5.75
[train:rollout] step=00057 iter=12/20 current=7.7932 best=7.7892 stagnation=7.19
[train:rollout] step=00057 iter=14/20 current=7.7890 best=7.7831 stagnation=8.31
[train:rollout] step=00057 iter=16/20 current=7.7806 best=7.7762 stagnation=9.81
[train:rollout] step=00057 iter=18/20 current=7.7866 best=7.7762 stagnation=11.50
[train:rollout] step=00057 iter=20/20 current=7.7843 best=7.7746 stagnation=12.25
[train:done] step=00057 total_t=12.70s rollout_t=11.50s opt_t=0.27s loss=-0.1536 init=7.7925 final=7.7746 improve=0.0179 baseline=0.0179 entropy=21.7879
[train] step=00057 loss=-0.1536 init=7.7925 final=7.7746 improve=0.0179 entropy=21.7879 baseline=0.0179 adv_mean=0.0000 total_t=12.70s
[train] step=00057 init_dist=lehd:1.00, elg:0.00, difusco:0.00
[train] step=00057 op_dist=two_opt:0.34, lehd_rrc_step:0.44, dact_2opt_step:0.22
[train] step=00057 timing select=0.00s reset=0.92s rollout=11.50s optimize=0.27s
[train:prepare] step=00058/00080 fetching batch
[train:batch] step=00058 shape=(16, 100, 2) device=cuda:0 fetch_t=0.00s
[train:init] step=00058 batch=16 n=100 device=cuda:0 select_t=0.00s init_mean_entropy=0.0448
[solver:init] name=lehd count=16 start
[solver:init] name=lehd count=16 done elapsed=0.85s
[solver:init] all done elapsed=0.85s
[train:reset] step=00058 reset_t=0.85s init_len=7.8019
[train:rollout] step=00058 iter=01/20 current=7.8163 best=7.7926 stagnation=0.50
[train:rollout] step=00058 iter=02/20 current=7.8083 best=7.7861 stagnation=1.00
[train:rollout] step=00058 iter=04/20 current=7.8026 best=7.7842 stagnation=2.50
[train:rollout] step=00058 iter=06/20 current=7.7879 best=7.7840 stagnation=3.56
[train:rollout] step=00058 iter=08/20 current=7.7940 best=7.7832 stagnation=5.12
[train:rollout] step=00058 iter=10/20 current=7.8005 best=7.7832 stagnation=6.50
[train:rollout] step=00058 iter=12/20 current=7.7866 best=7.7819 stagnation=6.62
[train:rollout] step=00058 iter=14/20 current=7.7938 best=7.7818 stagnation=8.00
[train:rollout] step=00058 iter=16/20 current=7.7877 best=7.7815 stagnation=9.00
[train:rollout] step=00058 iter=18/20 current=7.7861 best=7.7815 stagnation=10.81
[train:rollout] step=00058 iter=20/20 current=7.7861 best=7.7815 stagnation=12.81
[train:done] step=00058 total_t=12.21s rollout_t=11.20s opt_t=0.16s loss=-0.1668 init=7.8019 final=7.7815 improve=0.0203 baseline=0.0203 entropy=21.7495
[train] step=00058 loss=-0.1668 init=7.8019 final=7.7815 improve=0.0203 entropy=21.7495 baseline=0.0203 adv_mean=0.0000 total_t=12.21s
[train] step=00058 init_dist=lehd:1.00, elg:0.00, difusco:0.00
[train] step=00058 op_dist=two_opt:0.34, lehd_rrc_step:0.35, dact_2opt_step:0.31
[train] step=00058 timing select=0.00s reset=0.85s rollout=11.20s optimize=0.16s
[train:prepare] step=00059/00080 fetching batch
[train:batch] step=00059 shape=(16, 100, 2) device=cuda:0 fetch_t=0.00s
[train:init] step=00059 batch=16 n=100 device=cuda:0 select_t=0.00s init_mean_entropy=0.0444
[solver:init] name=lehd count=16 start
[solver:init] name=lehd count=16 done elapsed=0.90s
[solver:init] all done elapsed=0.91s
[train:reset] step=00059 reset_t=0.91s init_len=7.7066
[train:rollout] step=00059 iter=01/20 current=7.7026 best=7.7026 stagnation=0.69
[train:rollout] step=00059 iter=02/20 current=7.7062 best=7.7024 stagnation=1.56
[train:rollout] step=00059 iter=04/20 current=7.7025 best=7.7016 stagnation=2.69
[train:rollout] step=00059 iter=06/20 current=7.7005 best=7.6986 stagnation=3.94
[train:rollout] step=00059 iter=08/20 current=7.7281 best=7.6986 stagnation=5.94
[train:rollout] step=00059 iter=10/20 current=7.7185 best=7.6986 stagnation=7.56
[train:rollout] step=00059 iter=12/20 current=7.7116 best=7.6986 stagnation=9.56
[train:rollout] step=00059 iter=14/20 current=7.7056 best=7.6983 stagnation=10.88
[train:rollout] step=00059 iter=16/20 current=7.7028 best=7.6983 stagnation=12.31
[train:rollout] step=00059 iter=18/20 current=7.7033 best=7.6983 stagnation=14.31
[train:rollout] step=00059 iter=20/20 current=7.7117 best=7.6983 stagnation=16.31
[train:done] step=00059 total_t=12.91s rollout_t=11.85s opt_t=0.14s loss=-0.0385 init=7.7066 final=7.6983 improve=0.0083 baseline=0.0083 entropy=21.6941
[train] step=00059 loss=-0.0385 init=7.7066 final=7.6983 improve=0.0083 entropy=21.6941 baseline=0.0083 adv_mean=0.0000 total_t=12.91s
[train] step=00059 init_dist=lehd:1.00, elg:0.00, difusco:0.00
[train] step=00059 op_dist=two_opt:0.35, lehd_rrc_step:0.41, dact_2opt_step:0.24
[train] step=00059 timing select=0.00s reset=0.91s rollout=11.85s optimize=0.14s
[train:prepare] step=00060/00080 fetching batch
[train:batch] step=00060 shape=(16, 100, 2) device=cuda:0 fetch_t=0.00s
[train:init] step=00060 batch=16 n=100 device=cuda:0 select_t=0.00s init_mean_entropy=0.0441
[solver:init] name=lehd count=16 start
[solver:init] name=lehd count=16 done elapsed=0.91s
[solver:init] all done elapsed=0.91s
[train:reset] step=00060 reset_t=0.91s init_len=7.6705
[train:rollout] step=00060 iter=01/20 current=7.6695 best=7.6689 stagnation=0.75
[train:rollout] step=00060 iter=02/20 current=7.6751 best=7.6654 stagnation=1.56
[train:rollout] step=00060 iter=04/20 current=7.6677 best=7.6654 stagnation=3.19
[train:rollout] step=00060 iter=06/20 current=7.6818 best=7.6653 stagnation=4.12
[train:rollout] step=00060 iter=08/20 current=7.6740 best=7.6653 stagnation=5.56
[train:rollout] step=00060 iter=10/20 current=7.6933 best=7.6653 stagnation=7.00
[train:rollout] step=00060 iter=12/20 current=7.6693 best=7.6634 stagnation=8.31
[train:rollout] step=00060 iter=14/20 current=7.6698 best=7.6626 stagnation=10.12
[train:rollout] step=00060 iter=16/20 current=7.6737 best=7.6626 stagnation=12.12
[train:rollout] step=00060 iter=18/20 current=7.6848 best=7.6626 stagnation=13.00
[train:rollout] step=00060 iter=20/20 current=7.6584 best=7.6507 stagnation=13.25
[train:done] step=00060 total_t=12.47s rollout_t=11.40s opt_t=0.15s loss=-0.4115 init=7.6705 final=7.6507 improve=0.0198 baseline=0.0198 entropy=21.6292
[train] step=00060 loss=-0.4115 init=7.6705 final=7.6507 improve=0.0198 entropy=21.6292 baseline=0.0198 adv_mean=0.0000 total_t=12.47s
[train] step=00060 init_dist=lehd:1.00, elg:0.00, difusco:0.00
[train] step=00060 op_dist=two_opt:0.37, lehd_rrc_step:0.37, dact_2opt_step:0.26
[train] step=00060 timing select=0.00s reset=0.91s rollout=11.40s optimize=0.15s
[save] wrote metrics snapshot -> 0new/operator_policy/outputs/default/latest_metrics.json
[train:prepare] step=00061/00080 fetching batch
[train:batch] step=00061 shape=(16, 100, 2) device=cuda:0 fetch_t=0.00s
[train:init] step=00061 batch=16 n=100 device=cuda:0 select_t=0.00s init_mean_entropy=0.0437
[solver:init] name=lehd count=16 start
[solver:init] name=lehd count=16 done elapsed=0.90s
[solver:init] all done elapsed=0.90s
[train:reset] step=00061 reset_t=0.90s init_len=7.8629
[train:rollout] step=00061 iter=01/20 current=7.8704 best=7.8629 stagnation=0.75
[train:rollout] step=00061 iter=02/20 current=7.8844 best=7.8629 stagnation=1.75
[train:rollout] step=00061 iter=04/20 current=7.8567 best=7.8509 stagnation=2.38
[train:rollout] step=00061 iter=06/20 current=7.8564 best=7.8509 stagnation=3.69
[train:rollout] step=00061 iter=08/20 current=7.8499 best=7.8461 stagnation=4.69
[train:rollout] step=00061 iter=10/20 current=7.8576 best=7.8461 stagnation=5.88
[train:rollout] step=00061 iter=12/20 current=7.8514 best=7.8461 stagnation=7.00
[train:rollout] step=00061 iter=14/20 current=7.8613 best=7.8461 stagnation=8.44
[train:rollout] step=00061 iter=16/20 current=7.8603 best=7.8455 stagnation=9.44
[train:rollout] step=00061 iter=18/20 current=7.8529 best=7.8455 stagnation=11.44
[train:rollout] step=00061 iter=20/20 current=7.8453 best=7.8404 stagnation=12.31
[train:done] step=00061 total_t=11.73s rollout_t=10.55s opt_t=0.27s loss=0.1129 init=7.8629 final=7.8404 improve=0.0225 baseline=0.0225 entropy=21.5337
[train] step=00061 loss=0.1129 init=7.8629 final=7.8404 improve=0.0225 entropy=21.5337 baseline=0.0225 adv_mean=0.0000 total_t=11.73s
[train] step=00061 init_dist=lehd:1.00, elg:0.00, difusco:0.00
[train] step=00061 op_dist=two_opt:0.35, lehd_rrc_step:0.41, dact_2opt_step:0.24
[train] step=00061 timing select=0.00s reset=0.90s rollout=10.55s optimize=0.27s
[train:prepare] step=00062/00080 fetching batch
[train:batch] step=00062 shape=(16, 100, 2) device=cuda:0 fetch_t=0.00s
[train:init] step=00062 batch=16 n=100 device=cuda:0 select_t=0.00s init_mean_entropy=0.0434
[solver:init] name=lehd count=16 start
[solver:init] name=lehd count=16 done elapsed=0.93s
[solver:init] all done elapsed=0.93s
[train:reset] step=00062 reset_t=0.93s init_len=7.8938
[train:rollout] step=00062 iter=01/20 current=7.8705 best=7.8705 stagnation=0.38
[train:rollout] step=00062 iter=02/20 current=7.8796 best=7.8692 stagnation=1.06
[train:rollout] step=00062 iter=04/20 current=7.8595 best=7.8505 stagnation=2.75
[train:rollout] step=00062 iter=06/20 current=7.8631 best=7.8467 stagnation=3.44
[train:rollout] step=00062 iter=08/20 current=7.8591 best=7.8460 stagnation=4.88
[train:rollout] step=00062 iter=10/20 current=7.8404 best=7.8382 stagnation=4.88
[train:rollout] step=00062 iter=12/20 current=7.8488 best=7.8378 stagnation=5.88
[train:rollout] step=00062 iter=14/20 current=7.8413 best=7.8377 stagnation=7.00
[train:rollout] step=00062 iter=16/20 current=7.8424 best=7.8361 stagnation=8.19
[train:rollout] step=00062 iter=18/20 current=7.8403 best=7.8301 stagnation=9.25
[train:rollout] step=00062 iter=20/20 current=7.8435 best=7.8301 stagnation=11.25
[train:done] step=00062 total_t=14.34s rollout_t=13.17s opt_t=0.23s loss=0.0490 init=7.8938 final=7.8301 improve=0.0637 baseline=0.0637 entropy=21.4472
[train] step=00062 loss=0.0490 init=7.8938 final=7.8301 improve=0.0637 entropy=21.4472 baseline=0.0637 adv_mean=0.0000 total_t=14.34s
[train] step=00062 init_dist=lehd:1.00, elg:0.00, difusco:0.00
[train] step=00062 op_dist=two_opt:0.32, lehd_rrc_step:0.43, dact_2opt_step:0.25
[train] step=00062 timing select=0.00s reset=0.93s rollout=13.17s optimize=0.23s
[train:prepare] step=00063/00080 fetching batch
[train:batch] step=00063 shape=(16, 100, 2) device=cuda:0 fetch_t=0.00s
[train:init] step=00063 batch=16 n=100 device=cuda:0 select_t=0.00s init_mean_entropy=0.0432
[solver:init] name=lehd count=16 start
[solver:init] name=lehd count=16 done elapsed=0.89s
[solver:init] all done elapsed=0.89s
[train:reset] step=00063 reset_t=0.89s init_len=7.6216
[train:rollout] step=00063 iter=01/20 current=7.6262 best=7.6213 stagnation=0.75
[train:rollout] step=00063 iter=02/20 current=7.6101 best=7.6041 stagnation=1.25
[train:rollout] step=00063 iter=04/20 current=7.6139 best=7.6040 stagnation=2.56
[train:rollout] step=00063 iter=06/20 current=7.6047 best=7.5954 stagnation=4.19
[train:rollout] step=00063 iter=08/20 current=7.5952 best=7.5946 stagnation=5.44
[train:rollout] step=00063 iter=10/20 current=7.5941 best=7.5926 stagnation=5.94
[train:rollout] step=00063 iter=12/20 current=7.6006 best=7.5926 stagnation=7.06
[train:rollout] step=00063 iter=14/20 current=7.6003 best=7.5926 stagnation=8.50
[train:rollout] step=00063 iter=16/20 current=7.6069 best=7.5926 stagnation=10.50
[train:rollout] step=00063 iter=18/20 current=7.6083 best=7.5922 stagnation=10.56
[train:rollout] step=00063 iter=20/20 current=7.6004 best=7.5910 stagnation=11.00
[train:done] step=00063 total_t=12.22s rollout_t=11.10s opt_t=0.23s loss=0.4885 init=7.6216 final=7.5910 improve=0.0307 baseline=0.0307 entropy=21.3737
[train] step=00063 loss=0.4885 init=7.6216 final=7.5910 improve=0.0307 entropy=21.3737 baseline=0.0307 adv_mean=0.0000 total_t=12.22s
[train] step=00063 init_dist=lehd:1.00, elg:0.00, difusco:0.00
[train] step=00063 op_dist=two_opt:0.35, lehd_rrc_step:0.42, dact_2opt_step:0.24
[train] step=00063 timing select=0.00s reset=0.89s rollout=11.10s optimize=0.23s
[train:prepare] step=00064/00080 fetching batch
[train:batch] step=00064 shape=(16, 100, 2) device=cuda:0 fetch_t=0.00s
[train:init] step=00064 batch=16 n=100 device=cuda:0 select_t=0.00s init_mean_entropy=0.0429
[solver:init] name=lehd count=16 start
[solver:init] name=lehd count=16 done elapsed=0.84s
[solver:init] all done elapsed=0.84s
[train:reset] step=00064 reset_t=0.84s init_len=7.8584
[train:rollout] step=00064 iter=01/20 current=7.8575 best=7.8569 stagnation=0.69
[train:rollout] step=00064 iter=02/20 current=7.8599 best=7.8567 stagnation=1.31
[train:rollout] step=00064 iter=04/20 current=7.8561 best=7.8552 stagnation=3.00
[train:rollout] step=00064 iter=06/20 current=7.8359 best=7.8309 stagnation=3.62
[train:rollout] step=00064 iter=08/20 current=7.8283 best=7.8202 stagnation=4.62
[train:rollout] step=00064 iter=10/20 current=7.8234 best=7.8173 stagnation=5.25
[train:rollout] step=00064 iter=12/20 current=7.8306 best=7.8172 stagnation=5.69
[train:rollout] step=00064 iter=14/20 current=7.8198 best=7.8149 stagnation=5.88
[train:rollout] step=00064 iter=16/20 current=7.8390 best=7.8117 stagnation=7.44
[train:rollout] step=00064 iter=18/20 current=7.8387 best=7.8117 stagnation=9.06
[train:rollout] step=00064 iter=20/20 current=7.8216 best=7.8117 stagnation=11.06
[train:done] step=00064 total_t=11.30s rollout_t=10.27s opt_t=0.18s loss=-0.0629 init=7.8584 final=7.8117 improve=0.0467 baseline=0.0467 entropy=21.3479
[train] step=00064 loss=-0.0629 init=7.8584 final=7.8117 improve=0.0467 entropy=21.3479 baseline=0.0467 adv_mean=0.0000 total_t=11.30s
[train] step=00064 init_dist=lehd:1.00, elg:0.00, difusco:0.00
[train] step=00064 op_dist=two_opt:0.31, lehd_rrc_step:0.47, dact_2opt_step:0.22
[train] step=00064 timing select=0.00s reset=0.84s rollout=10.27s optimize=0.18s
[train:prepare] step=00065/00080 fetching batch
[train:batch] step=00065 shape=(16, 100, 2) device=cuda:0 fetch_t=0.00s
[train:init] step=00065 batch=16 n=100 device=cuda:0 select_t=0.00s init_mean_entropy=0.0427
[solver:init] name=lehd count=16 start
[solver:init] name=lehd count=16 done elapsed=1.10s
[solver:init] all done elapsed=1.10s
[train:reset] step=00065 reset_t=1.10s init_len=7.8581
[train:rollout] step=00065 iter=01/20 current=7.8583 best=7.8543 stagnation=0.75
[train:rollout] step=00065 iter=02/20 current=7.8632 best=7.8542 stagnation=1.44
[train:rollout] step=00065 iter=04/20 current=7.8547 best=7.8330 stagnation=2.44
[train:rollout] step=00065 iter=06/20 current=7.8364 best=7.8276 stagnation=4.00
[train:rollout] step=00065 iter=08/20 current=7.8320 best=7.8199 stagnation=5.00
[train:rollout] step=00065 iter=10/20 current=7.8238 best=7.8170 stagnation=6.69
[train:rollout] step=00065 iter=12/20 current=7.8230 best=7.8145 stagnation=7.75
[train:rollout] step=00065 iter=14/20 current=7.8277 best=7.8145 stagnation=8.06
[train:rollout] step=00065 iter=16/20 current=7.8224 best=7.8144 stagnation=9.31
[train:rollout] step=00065 iter=18/20 current=7.8228 best=7.8141 stagnation=10.62
[train:rollout] step=00065 iter=20/20 current=7.8302 best=7.8141 stagnation=11.62
[train:done] step=00065 total_t=12.40s rollout_t=11.12s opt_t=0.17s loss=0.1069 init=7.8581 final=7.8141 improve=0.0440 baseline=0.0440 entropy=21.3086
[train] step=00065 loss=0.1069 init=7.8581 final=7.8141 improve=0.0440 entropy=21.3086 baseline=0.0440 adv_mean=0.0000 total_t=12.40s
[train] step=00065 init_dist=lehd:1.00, elg:0.00, difusco:0.00
[train] step=00065 op_dist=two_opt:0.29, lehd_rrc_step:0.45, dact_2opt_step:0.26
[train] step=00065 timing select=0.00s reset=1.10s rollout=11.12s optimize=0.17s
[train:prepare] step=00066/00080 fetching batch
[train:batch] step=00066 shape=(16, 100, 2) device=cuda:0 fetch_t=0.00s
[train:init] step=00066 batch=16 n=100 device=cuda:0 select_t=0.00s init_mean_entropy=0.0426
[solver:init] name=lehd count=16 start
[solver:init] name=lehd count=16 done elapsed=0.91s
[solver:init] all done elapsed=0.91s
[train:reset] step=00066 reset_t=0.91s init_len=7.8047
[train:rollout] step=00066 iter=01/20 current=7.8015 best=7.7971 stagnation=0.69
[train:rollout] step=00066 iter=02/20 current=7.8060 best=7.7971 stagnation=1.62
[train:rollout] step=00066 iter=04/20 current=7.7958 best=7.7884 stagnation=2.88
[train:rollout] step=00066 iter=06/20 current=7.7913 best=7.7861 stagnation=3.25
[train:rollout] step=00066 iter=08/20 current=7.7868 best=7.7861 stagnation=5.06
[train:rollout] step=00066 iter=10/20 current=7.7970 best=7.7853 stagnation=6.50
[train:rollout] step=00066 iter=12/20 current=7.7861 best=7.7826 stagnation=7.69
[train:rollout] step=00066 iter=14/20 current=7.7763 best=7.7730 stagnation=5.88
[train:rollout] step=00066 iter=16/20 current=7.7775 best=7.7707 stagnation=6.69
[train:rollout] step=00066 iter=18/20 current=7.7769 best=7.7707 stagnation=8.69
[train:rollout] step=00066 iter=20/20 current=7.7747 best=7.7658 stagnation=10.31
[train:done] step=00066 total_t=10.50s rollout_t=9.38s opt_t=0.20s loss=-0.6649 init=7.8047 final=7.7658 improve=0.0389 baseline=0.0389 entropy=21.2891
[train] step=00066 loss=-0.6649 init=7.8047 final=7.7658 improve=0.0389 entropy=21.2891 baseline=0.0389 adv_mean=0.0000 total_t=10.50s
[train] step=00066 init_dist=lehd:1.00, elg:0.00, difusco:0.00
[train] step=00066 op_dist=two_opt:0.34, lehd_rrc_step:0.46, dact_2opt_step:0.19
[train] step=00066 timing select=0.00s reset=0.91s rollout=9.38s optimize=0.20s
[train:prepare] step=00067/00080 fetching batch
[train:batch] step=00067 shape=(16, 100, 2) device=cuda:0 fetch_t=0.00s
[train:init] step=00067 batch=16 n=100 device=cuda:0 select_t=0.00s init_mean_entropy=0.0424
[solver:init] name=lehd count=16 start
[solver:init] name=lehd count=16 done elapsed=0.82s
[solver:init] all done elapsed=0.82s
[train:reset] step=00067 reset_t=0.82s init_len=7.8893
[train:rollout] step=00067 iter=01/20 current=7.8940 best=7.8882 stagnation=0.88
[train:rollout] step=00067 iter=02/20 current=7.9007 best=7.8882 stagnation=1.75
[train:rollout] step=00067 iter=04/20 current=7.8763 best=7.8742 stagnation=2.38
[train:rollout] step=00067 iter=06/20 current=7.8746 best=7.8718 stagnation=4.31
[train:rollout] step=00067 iter=08/20 current=7.8750 best=7.8714 stagnation=5.38
[train:rollout] step=00067 iter=10/20 current=7.8896 best=7.8714 stagnation=7.38
[train:rollout] step=00067 iter=12/20 current=7.8895 best=7.8684 stagnation=8.94
[train:rollout] step=00067 iter=14/20 current=7.8762 best=7.8684 stagnation=10.12
[train:rollout] step=00067 iter=16/20 current=7.8721 best=7.8677 stagnation=11.69
[train:rollout] step=00067 iter=18/20 current=7.8728 best=7.8671 stagnation=12.56
[train:rollout] step=00067 iter=20/20 current=7.8784 best=7.8657 stagnation=13.62
[train:done] step=00067 total_t=11.92s rollout_t=10.79s opt_t=0.31s loss=0.2718 init=7.8893 final=7.8657 improve=0.0236 baseline=0.0236 entropy=21.2207
[train] step=00067 loss=0.2718 init=7.8893 final=7.8657 improve=0.0236 entropy=21.2207 baseline=0.0236 adv_mean=0.0000 total_t=11.92s
[train] step=00067 init_dist=lehd:1.00, elg:0.00, difusco:0.00
[train] step=00067 op_dist=two_opt:0.35, lehd_rrc_step:0.43, dact_2opt_step:0.22
[train] step=00067 timing select=0.00s reset=0.82s rollout=10.79s optimize=0.31s
[train:prepare] step=00068/00080 fetching batch
[train:batch] step=00068 shape=(16, 100, 2) device=cuda:0 fetch_t=0.00s
[train:init] step=00068 batch=16 n=100 device=cuda:0 select_t=0.00s init_mean_entropy=0.0423
[solver:init] name=lehd count=16 start
[solver:init] name=lehd count=16 done elapsed=0.90s
[solver:init] all done elapsed=0.90s
[train:reset] step=00068 reset_t=0.90s init_len=7.8503
[train:rollout] step=00068 iter=01/20 current=7.8530 best=7.8486 stagnation=0.62
[train:rollout] step=00068 iter=02/20 current=7.8498 best=7.8480 stagnation=1.38
[train:rollout] step=00068 iter=04/20 current=7.8382 best=7.8314 stagnation=2.62
[train:rollout] step=00068 iter=06/20 current=7.8454 best=7.8298 stagnation=3.88
[train:rollout] step=00068 iter=08/20 current=7.8310 best=7.8276 stagnation=4.62
[train:rollout] step=00068 iter=10/20 current=7.8280 best=7.8246 stagnation=6.12
[train:rollout] step=00068 iter=12/20 current=7.8318 best=7.8208 stagnation=8.06
[train:rollout] step=00068 iter=14/20 current=7.8222 best=7.8202 stagnation=7.69
[train:rollout] step=00068 iter=16/20 current=7.8326 best=7.8202 stagnation=9.69
[train:rollout] step=00068 iter=18/20 current=7.8250 best=7.8196 stagnation=10.88
[train:rollout] step=00068 iter=20/20 current=7.8243 best=7.8183 stagnation=11.06
[train:done] step=00068 total_t=10.96s rollout_t=9.78s opt_t=0.27s loss=-0.2902 init=7.8503 final=7.8183 improve=0.0320 baseline=0.0320 entropy=21.1973
[train] step=00068 loss=-0.2902 init=7.8503 final=7.8183 improve=0.0320 entropy=21.1973 baseline=0.0320 adv_mean=0.0000 total_t=10.96s
[train] step=00068 init_dist=lehd:1.00, elg:0.00, difusco:0.00
[train] step=00068 op_dist=two_opt:0.35, lehd_rrc_step:0.44, dact_2opt_step:0.21
[train] step=00068 timing select=0.00s reset=0.90s rollout=9.78s optimize=0.27s
[train:prepare] step=00069/00080 fetching batch
[train:batch] step=00069 shape=(16, 100, 2) device=cuda:0 fetch_t=0.00s
[train:init] step=00069 batch=16 n=100 device=cuda:0 select_t=0.01s init_mean_entropy=0.0421
[solver:init] name=lehd count=16 start
[solver:init] name=lehd count=16 done elapsed=1.11s
[solver:init] all done elapsed=1.11s
[train:reset] step=00069 reset_t=1.11s init_len=7.9031
[train:rollout] step=00069 iter=01/20 current=7.9014 best=7.9014 stagnation=0.75
[train:rollout] step=00069 iter=02/20 current=7.9004 best=7.8950 stagnation=1.06
[train:rollout] step=00069 iter=04/20 current=7.8937 best=7.8911 stagnation=1.88
[train:rollout] step=00069 iter=06/20 current=7.8920 best=7.8910 stagnation=3.38
[train:rollout] step=00069 iter=08/20 current=7.8941 best=7.8910 stagnation=5.38
[train:rollout] step=00069 iter=10/20 current=7.8994 best=7.8910 stagnation=7.38
[train:rollout] step=00069 iter=12/20 current=7.8955 best=7.8910 stagnation=8.69
[train:rollout] step=00069 iter=14/20 current=7.8981 best=7.8910 stagnation=10.69
[train:rollout] step=00069 iter=16/20 current=7.8877 best=7.8862 stagnation=10.44
[train:rollout] step=00069 iter=18/20 current=7.8916 best=7.8862 stagnation=11.19
[train:rollout] step=00069 iter=20/20 current=7.8974 best=7.8810 stagnation=10.81
[train:done] step=00069 total_t=13.51s rollout_t=12.23s opt_t=0.15s loss=0.2027 init=7.9031 final=7.8810 improve=0.0221 baseline=0.0221 entropy=21.1315
[train] step=00069 loss=0.2027 init=7.9031 final=7.8810 improve=0.0221 entropy=21.1315 baseline=0.0221 adv_mean=0.0000 total_t=13.51s
[train] step=00069 init_dist=lehd:1.00, elg:0.00, difusco:0.00
[train] step=00069 op_dist=two_opt:0.31, lehd_rrc_step:0.51, dact_2opt_step:0.18
[train] step=00069 timing select=0.01s reset=1.11s rollout=12.23s optimize=0.15s
[train:prepare] step=00070/00080 fetching batch
[train:batch] step=00070 shape=(16, 100, 2) device=cuda:0 fetch_t=0.00s
[train:init] step=00070 batch=16 n=100 device=cuda:0 select_t=0.00s init_mean_entropy=0.0420
[solver:init] name=lehd count=16 start
[solver:init] name=lehd count=16 done elapsed=0.97s
[solver:init] all done elapsed=0.97s
[train:reset] step=00070 reset_t=0.97s init_len=7.8944
[train:rollout] step=00070 iter=01/20 current=7.8871 best=7.8860 stagnation=0.69
[train:rollout] step=00070 iter=02/20 current=7.8936 best=7.8858 stagnation=1.38
[train:rollout] step=00070 iter=04/20 current=7.8766 best=7.8747 stagnation=3.12
[train:rollout] step=00070 iter=06/20 current=7.8785 best=7.8747 stagnation=5.12
[train:rollout] step=00070 iter=08/20 current=7.8731 best=7.8706 stagnation=5.94
[train:rollout] step=00070 iter=10/20 current=7.8709 best=7.8700 stagnation=6.81
[train:rollout] step=00070 iter=12/20 current=7.8744 best=7.8695 stagnation=7.62
[train:rollout] step=00070 iter=14/20 current=7.8739 best=7.8695 stagnation=9.62
[train:rollout] step=00070 iter=16/20 current=7.8748 best=7.8695 stagnation=11.62
[train:rollout] step=00070 iter=18/20 current=7.8705 best=7.8607 stagnation=11.62
[train:rollout] step=00070 iter=20/20 current=7.8635 best=7.8578 stagnation=12.19
[train:done] step=00070 total_t=13.55s rollout_t=12.41s opt_t=0.16s loss=-0.4548 init=7.8944 final=7.8578 improve=0.0365 baseline=0.0365 entropy=21.1154
[train] step=00070 loss=-0.4548 init=7.8944 final=7.8578 improve=0.0365 entropy=21.1154 baseline=0.0365 adv_mean=0.0000 total_t=13.55s
[train] step=00070 init_dist=lehd:1.00, elg:0.00, difusco:0.00
[train] step=00070 op_dist=two_opt:0.32, lehd_rrc_step:0.50, dact_2opt_step:0.17
[train] step=00070 timing select=0.00s reset=0.97s rollout=12.41s optimize=0.16s
[train:prepare] step=00071/00080 fetching batch
[train:batch] step=00071 shape=(16, 100, 2) device=cuda:0 fetch_t=0.00s
[train:init] step=00071 batch=16 n=100 device=cuda:0 select_t=0.00s init_mean_entropy=0.0420
[solver:init] name=lehd count=16 start
[solver:init] name=lehd count=16 done elapsed=0.89s
[solver:init] all done elapsed=0.90s
[train:reset] step=00071 reset_t=0.90s init_len=7.7363
[train:rollout] step=00071 iter=01/20 current=7.7404 best=7.7322 stagnation=0.56
[train:rollout] step=00071 iter=02/20 current=7.7363 best=7.7303 stagnation=1.12
[train:rollout] step=00071 iter=04/20 current=7.7374 best=7.7295 stagnation=2.38
[train:rollout] step=00071 iter=06/20 current=7.7322 best=7.7269 stagnation=2.88
[train:rollout] step=00071 iter=08/20 current=7.7443 best=7.7246 stagnation=4.12
[train:rollout] step=00071 iter=10/20 current=7.7240 best=7.7207 stagnation=3.88
[train:rollout] step=00071 iter=12/20 current=7.7304 best=7.7205 stagnation=5.38
[train:rollout] step=00071 iter=14/20 current=7.7231 best=7.7205 stagnation=6.62
[train:rollout] step=00071 iter=16/20 current=7.7293 best=7.7205 stagnation=7.81
[train:rollout] step=00071 iter=18/20 current=7.7253 best=7.7192 stagnation=7.81
[train:rollout] step=00071 iter=20/20 current=7.7207 best=7.7192 stagnation=9.81
[train:done] step=00071 total_t=12.32s rollout_t=11.26s opt_t=0.15s loss=0.1445 init=7.7363 final=7.7192 improve=0.0170 baseline=0.0170 entropy=21.0475
[train] step=00071 loss=0.1445 init=7.7363 final=7.7192 improve=0.0170 entropy=21.0475 baseline=0.0170 adv_mean=0.0000 total_t=12.32s
[train] step=00071 init_dist=lehd:1.00, elg:0.00, difusco:0.00
[train] step=00071 op_dist=two_opt:0.31, lehd_rrc_step:0.45, dact_2opt_step:0.24
[train] step=00071 timing select=0.00s reset=0.90s rollout=11.26s optimize=0.15s
[train:prepare] step=00072/00080 fetching batch
[train:batch] step=00072 shape=(16, 100, 2) device=cuda:0 fetch_t=0.00s
[train:init] step=00072 batch=16 n=100 device=cuda:0 select_t=0.00s init_mean_entropy=0.0419
[solver:init] name=lehd count=16 start
[solver:init] name=lehd count=16 done elapsed=0.88s
[solver:init] all done elapsed=0.88s
[train:reset] step=00072 reset_t=0.88s init_len=7.8421
[train:rollout] step=00072 iter=01/20 current=7.8626 best=7.8421 stagnation=0.88
[train:rollout] step=00072 iter=02/20 current=7.8458 best=7.8408 stagnation=1.62
[train:rollout] step=00072 iter=04/20 current=7.8525 best=7.8271 stagnation=2.56
[train:rollout] step=00072 iter=06/20 current=7.8357 best=7.8271 stagnation=4.12
[train:rollout] step=00072 iter=08/20 current=7.8458 best=7.8263 stagnation=5.38
[train:rollout] step=00072 iter=10/20 current=7.8402 best=7.8263 stagnation=7.06
[train:rollout] step=00072 iter=12/20 current=7.8403 best=7.8262 stagnation=8.31
[train:rollout] step=00072 iter=14/20 current=7.8296 best=7.8225 stagnation=8.50
[train:rollout] step=00072 iter=16/20 current=7.8372 best=7.8219 stagnation=9.56
[train:rollout] step=00072 iter=18/20 current=7.8274 best=7.8219 stagnation=11.38
[train:rollout] step=00072 iter=20/20 current=7.8257 best=7.8204 stagnation=13.00
[train:done] step=00072 total_t=13.86s rollout_t=12.82s opt_t=0.16s loss=0.7219 init=7.8421 final=7.8204 improve=0.0217 baseline=0.0217 entropy=21.0277
[train] step=00072 loss=0.7219 init=7.8421 final=7.8204 improve=0.0217 entropy=21.0277 baseline=0.0217 adv_mean=0.0000 total_t=13.86s
[train] step=00072 init_dist=lehd:1.00, elg:0.00, difusco:0.00
[train] step=00072 op_dist=two_opt:0.30, lehd_rrc_step:0.46, dact_2opt_step:0.24
[train] step=00072 timing select=0.00s reset=0.88s rollout=12.82s optimize=0.16s
[train:prepare] step=00073/00080 fetching batch
[train:batch] step=00073 shape=(16, 100, 2) device=cuda:0 fetch_t=0.00s
[train:init] step=00073 batch=16 n=100 device=cuda:0 select_t=0.00s init_mean_entropy=0.0418
[solver:init] name=lehd count=16 start
[solver:init] name=lehd count=16 done elapsed=0.89s
[solver:init] all done elapsed=0.89s
[train:reset] step=00073 reset_t=0.89s init_len=7.8122
[train:rollout] step=00073 iter=01/20 current=7.7995 best=7.7995 stagnation=0.62
[train:rollout] step=00073 iter=02/20 current=7.8053 best=7.7952 stagnation=1.38
[train:rollout] step=00073 iter=04/20 current=7.7969 best=7.7940 stagnation=2.81
[train:rollout] step=00073 iter=06/20 current=7.8036 best=7.7940 stagnation=4.69
[train:rollout] step=00073 iter=08/20 current=7.8019 best=7.7940 stagnation=6.31
[train:rollout] step=00073 iter=10/20 current=7.7957 best=7.7890 stagnation=6.56
[train:rollout] step=00073 iter=12/20 current=7.7922 best=7.7814 stagnation=7.00
[train:rollout] step=00073 iter=14/20 current=7.7883 best=7.7814 stagnation=8.12
[train:rollout] step=00073 iter=16/20 current=7.7906 best=7.7799 stagnation=7.38
[train:rollout] step=00073 iter=18/20 current=7.7897 best=7.7799 stagnation=9.00
[train:rollout] step=00073 iter=20/20 current=7.7924 best=7.7799 stagnation=10.38
[train:done] step=00073 total_t=12.12s rollout_t=11.06s opt_t=0.16s loss=-0.0038 init=7.8122 final=7.7799 improve=0.0323 baseline=0.0323 entropy=21.0636
[train] step=00073 loss=-0.0038 init=7.8122 final=7.7799 improve=0.0323 entropy=21.0636 baseline=0.0323 adv_mean=0.0000 total_t=12.12s
[train] step=00073 init_dist=lehd:1.00, elg:0.00, difusco:0.00
[train] step=00073 op_dist=two_opt:0.31, lehd_rrc_step:0.45, dact_2opt_step:0.24
[train] step=00073 timing select=0.00s reset=0.89s rollout=11.06s optimize=0.16s
[train:prepare] step=00074/00080 fetching batch
[train:batch] step=00074 shape=(16, 100, 2) device=cuda:0 fetch_t=0.01s
[train:init] step=00074 batch=16 n=100 device=cuda:0 select_t=0.01s init_mean_entropy=0.0418
[solver:init] name=lehd count=16 start
[solver:init] name=lehd count=16 done elapsed=0.93s
[solver:init] all done elapsed=0.93s
[train:reset] step=00074 reset_t=0.93s init_len=7.7813
[train:rollout] step=00074 iter=01/20 current=7.7888 best=7.7806 stagnation=0.56
[train:rollout] step=00074 iter=02/20 current=7.7807 best=7.7712 stagnation=1.25
[train:rollout] step=00074 iter=04/20 current=7.7714 best=7.7632 stagnation=1.88
[train:rollout] step=00074 iter=06/20 current=7.7643 best=7.7622 stagnation=3.56
[train:rollout] step=00074 iter=08/20 current=7.7708 best=7.7621 stagnation=4.06
[train:rollout] step=00074 iter=10/20 current=7.7692 best=7.7621 stagnation=6.06
[train:rollout] step=00074 iter=12/20 current=7.7658 best=7.7621 stagnation=6.81
[train:rollout] step=00074 iter=14/20 current=7.7613 best=7.7588 stagnation=6.56
[train:rollout] step=00074 iter=16/20 current=7.7634 best=7.7584 stagnation=7.62
[train:rollout] step=00074 iter=18/20 current=7.7638 best=7.7576 stagnation=7.19
[train:rollout] step=00074 iter=20/20 current=7.7542 best=7.7493 stagnation=7.75
[train:done] step=00074 total_t=13.14s rollout_t=12.05s opt_t=0.15s loss=0.4271 init=7.7813 final=7.7493 improve=0.0320 baseline=0.0320 entropy=21.0997
[train] step=00074 loss=0.4271 init=7.7813 final=7.7493 improve=0.0320 entropy=21.0997 baseline=0.0320 adv_mean=0.0000 total_t=13.14s
[train] step=00074 init_dist=lehd:1.00, elg:0.00, difusco:0.00
[train] step=00074 op_dist=two_opt:0.30, lehd_rrc_step:0.51, dact_2opt_step:0.19
[train] step=00074 timing select=0.01s reset=0.93s rollout=12.05s optimize=0.15s
[train:prepare] step=00075/00080 fetching batch
[train:batch] step=00075 shape=(16, 100, 2) device=cuda:0 fetch_t=0.00s
[train:init] step=00075 batch=16 n=100 device=cuda:0 select_t=0.00s init_mean_entropy=0.0417
[solver:init] name=lehd count=16 start
[solver:init] name=lehd count=16 done elapsed=0.83s
[solver:init] all done elapsed=0.83s
[train:reset] step=00075 reset_t=0.83s init_len=7.8356
[train:rollout] step=00075 iter=01/20 current=7.8413 best=7.8353 stagnation=0.94
[train:rollout] step=00075 iter=02/20 current=7.8353 best=7.8318 stagnation=1.25
[train:rollout] step=00075 iter=04/20 current=7.8426 best=7.8316 stagnation=2.44
[train:rollout] step=00075 iter=06/20 current=7.8345 best=7.8301 stagnation=3.75
[train:rollout] step=00075 iter=08/20 current=7.8456 best=7.8301 stagnation=5.31
[train:rollout] step=00075 iter=10/20 current=7.8330 best=7.8285 stagnation=6.25
[train:rollout] step=00075 iter=12/20 current=7.8333 best=7.8212 stagnation=7.12
[train:rollout] step=00075 iter=14/20 current=7.8451 best=7.8212 stagnation=9.12
[train:rollout] step=00075 iter=16/20 current=7.8252 best=7.8173 stagnation=9.62
[train:rollout] step=00075 iter=18/20 current=7.8101 best=7.8097 stagnation=7.69
[train:rollout] step=00075 iter=20/20 current=7.8145 best=7.8094 stagnation=9.50
[train:done] step=00075 total_t=11.60s rollout_t=10.62s opt_t=0.15s loss=-0.3812 init=7.8356 final=7.8094 improve=0.0262 baseline=0.0262 entropy=21.1637
[train] step=00075 loss=-0.3812 init=7.8356 final=7.8094 improve=0.0262 entropy=21.1637 baseline=0.0262 adv_mean=0.0000 total_t=11.60s
[train] step=00075 init_dist=lehd:1.00, elg:0.00, difusco:0.00
[train] step=00075 op_dist=two_opt:0.32, lehd_rrc_step:0.46, dact_2opt_step:0.22
[train] step=00075 timing select=0.00s reset=0.83s rollout=10.62s optimize=0.15s
[train:prepare] step=00076/00080 fetching batch
[train:batch] step=00076 shape=(16, 100, 2) device=cuda:0 fetch_t=0.00s
[train:init] step=00076 batch=16 n=100 device=cuda:0 select_t=0.00s init_mean_entropy=0.0417
[solver:init] name=lehd count=16 start
[solver:init] name=lehd count=16 done elapsed=0.92s
[solver:init] all done elapsed=0.92s
[train:reset] step=00076 reset_t=0.92s init_len=7.8546
[train:rollout] step=00076 iter=01/20 current=7.8480 best=7.8455 stagnation=0.69
[train:rollout] step=00076 iter=02/20 current=7.8385 best=7.8249 stagnation=1.38
[train:rollout] step=00076 iter=04/20 current=7.8209 best=7.8208 stagnation=2.38
[train:rollout] step=00076 iter=06/20 current=7.8117 best=7.8070 stagnation=3.06
[train:rollout] step=00076 iter=08/20 current=7.8020 best=7.7983 stagnation=3.19
[train:rollout] step=00076 iter=10/20 current=7.8128 best=7.7983 stagnation=4.38
[train:rollout] step=00076 iter=12/20 current=7.8084 best=7.7946 stagnation=6.12
[train:rollout] step=00076 iter=14/20 current=7.7947 best=7.7922 stagnation=6.25
[train:rollout] step=00076 iter=16/20 current=7.7957 best=7.7922 stagnation=8.25
[train:rollout] step=00076 iter=18/20 current=7.7984 best=7.7787 stagnation=8.25
[train:rollout] step=00076 iter=20/20 current=7.7810 best=7.7785 stagnation=9.62
[train:done] step=00076 total_t=12.16s rollout_t=10.96s opt_t=0.28s loss=-0.2235 init=7.8546 final=7.7785 improve=0.0761 baseline=0.0761 entropy=21.1879
[train] step=00076 loss=-0.2235 init=7.8546 final=7.7785 improve=0.0761 entropy=21.1879 baseline=0.0761 adv_mean=0.0000 total_t=12.16s
[train] step=00076 init_dist=lehd:1.00, elg:0.00, difusco:0.00
[train] step=00076 op_dist=two_opt:0.34, lehd_rrc_step:0.43, dact_2opt_step:0.22
[train] step=00076 timing select=0.00s reset=0.92s rollout=10.96s optimize=0.28s
[train:prepare] step=00077/00080 fetching batch
[train:batch] step=00077 shape=(16, 100, 2) device=cuda:0 fetch_t=0.00s
[train:init] step=00077 batch=16 n=100 device=cuda:0 select_t=0.00s init_mean_entropy=0.0416
[solver:init] name=lehd count=16 start
[solver:init] name=lehd count=16 done elapsed=0.88s
[solver:init] all done elapsed=0.88s
[train:reset] step=00077 reset_t=0.88s init_len=7.7791
[train:rollout] step=00077 iter=01/20 current=7.7724 best=7.7724 stagnation=0.38
[train:rollout] step=00077 iter=02/20 current=7.7808 best=7.7724 stagnation=1.38
[train:rollout] step=00077 iter=04/20 current=7.7835 best=7.7709 stagnation=3.12
[train:rollout] step=00077 iter=06/20 current=7.7710 best=7.7694 stagnation=4.06
[train:rollout] step=00077 iter=08/20 current=7.7718 best=7.7694 stagnation=5.50
[train:rollout] step=00077 iter=10/20 current=7.7721 best=7.7676 stagnation=6.81
[train:rollout] step=00077 iter=12/20 current=7.7695 best=7.7640 stagnation=7.06
[train:rollout] step=00077 iter=14/20 current=7.7715 best=7.7624 stagnation=7.69
[train:rollout] step=00077 iter=16/20 current=7.7601 best=7.7564 stagnation=8.81
[train:rollout] step=00077 iter=18/20 current=7.7697 best=7.7564 stagnation=10.81
[train:rollout] step=00077 iter=20/20 current=7.7712 best=7.7564 stagnation=12.81
[train:done] step=00077 total_t=13.05s rollout_t=11.96s opt_t=0.20s loss=0.3914 init=7.7791 final=7.7564 improve=0.0227 baseline=0.0227 entropy=21.1911
[train] step=00077 loss=0.3914 init=7.7791 final=7.7564 improve=0.0227 entropy=21.1911 baseline=0.0227 adv_mean=0.0000 total_t=13.05s
[train] step=00077 init_dist=lehd:1.00, elg:0.00, difusco:0.00
[train] step=00077 op_dist=two_opt:0.28, lehd_rrc_step:0.48, dact_2opt_step:0.24
[train] step=00077 timing select=0.00s reset=0.88s rollout=11.96s optimize=0.20s
[train:prepare] step=00078/00080 fetching batch
[train:batch] step=00078 shape=(16, 100, 2) device=cuda:0 fetch_t=0.00s
[train:init] step=00078 batch=16 n=100 device=cuda:0 select_t=0.00s init_mean_entropy=0.0416
[solver:init] name=lehd count=16 start
[solver:init] name=lehd count=16 done elapsed=0.88s
[solver:init] all done elapsed=0.88s
[train:reset] step=00078 reset_t=0.88s init_len=7.8613
[train:rollout] step=00078 iter=01/20 current=7.8692 best=7.8557 stagnation=0.88
[train:rollout] step=00078 iter=02/20 current=7.8716 best=7.8555 stagnation=1.38
[train:rollout] step=00078 iter=04/20 current=7.8720 best=7.8550 stagnation=3.12
[train:rollout] step=00078 iter=06/20 current=7.8752 best=7.8537 stagnation=4.12
[train:rollout] step=00078 iter=08/20 current=7.8592 best=7.8467 stagnation=4.81
[train:rollout] step=00078 iter=10/20 current=7.8701 best=7.8446 stagnation=6.12
[train:rollout] step=00078 iter=12/20 current=7.8558 best=7.8421 stagnation=6.19
[train:rollout] step=00078 iter=14/20 current=7.8488 best=7.8379 stagnation=6.50
[train:rollout] step=00078 iter=16/20 current=7.8464 best=7.8379 stagnation=8.00
[train:rollout] step=00078 iter=18/20 current=7.8382 best=7.8358 stagnation=9.56
[train:rollout] step=00078 iter=20/20 current=7.8471 best=7.8358 stagnation=11.38
[train:done] step=00078 total_t=11.76s rollout_t=10.59s opt_t=0.29s loss=0.0143 init=7.8613 final=7.8358 improve=0.0255 baseline=0.0255 entropy=21.2293
[train] step=00078 loss=0.0143 init=7.8613 final=7.8358 improve=0.0255 entropy=21.2293 baseline=0.0255 adv_mean=0.0000 total_t=11.76s
[train] step=00078 init_dist=lehd:1.00, elg:0.00, difusco:0.00
[train] step=00078 op_dist=two_opt:0.28, lehd_rrc_step:0.42, dact_2opt_step:0.31
[train] step=00078 timing select=0.00s reset=0.88s rollout=10.59s optimize=0.29s
[train:prepare] step=00079/00080 fetching batch
[train:batch] step=00079 shape=(16, 100, 2) device=cuda:0 fetch_t=0.00s
[train:init] step=00079 batch=16 n=100 device=cuda:0 select_t=0.00s init_mean_entropy=0.0416
[solver:init] name=lehd count=16 start
[solver:init] name=lehd count=16 done elapsed=0.93s
[solver:init] all done elapsed=0.93s
[train:reset] step=00079 reset_t=0.93s init_len=7.6790
[train:rollout] step=00079 iter=01/20 current=7.6684 best=7.6684 stagnation=0.62
[train:rollout] step=00079 iter=02/20 current=7.6757 best=7.6684 stagnation=1.62
[train:rollout] step=00079 iter=04/20 current=7.6632 best=7.6626 stagnation=2.75
[train:rollout] step=00079 iter=06/20 current=7.6647 best=7.6626 stagnation=3.69
[train:rollout] step=00079 iter=08/20 current=7.6707 best=7.6626 stagnation=5.25
[train:rollout] step=00079 iter=10/20 current=7.6828 best=7.6602 stagnation=5.88
[train:rollout] step=00079 iter=12/20 current=7.6815 best=7.6602 stagnation=7.31
[train:rollout] step=00079 iter=14/20 current=7.6690 best=7.6602 stagnation=8.44
[train:rollout] step=00079 iter=16/20 current=7.6718 best=7.6602 stagnation=10.44
[train:rollout] step=00079 iter=18/20 current=7.6640 best=7.6602 stagnation=12.44
[train:rollout] step=00079 iter=20/20 current=7.6700 best=7.6602 stagnation=14.44
[train:done] step=00079 total_t=12.17s rollout_t=11.14s opt_t=0.10s loss=-0.0214 init=7.6790 final=7.6602 improve=0.0188 baseline=0.0188 entropy=21.2702
[train] step=00079 loss=-0.0214 init=7.6790 final=7.6602 improve=0.0188 entropy=21.2702 baseline=0.0188 adv_mean=0.0000 total_t=12.17s
[train] step=00079 init_dist=lehd:1.00, elg:0.00, difusco:0.00
[train] step=00079 op_dist=two_opt:0.33, lehd_rrc_step:0.46, dact_2opt_step:0.21
[train] step=00079 timing select=0.00s reset=0.93s rollout=11.14s optimize=0.10s
[train:prepare] step=00080/00080 fetching batch
[train:batch] step=00080 shape=(16, 100, 2) device=cuda:0 fetch_t=0.00s
[train:init] step=00080 batch=16 n=100 device=cuda:0 select_t=0.00s init_mean_entropy=0.0416
[solver:init] name=lehd count=16 start
[solver:init] name=lehd count=16 done elapsed=0.90s
[solver:init] all done elapsed=0.90s
[train:reset] step=00080 reset_t=0.90s init_len=7.8615
[train:rollout] step=00080 iter=01/20 current=7.8585 best=7.8572 stagnation=0.62
[train:rollout] step=00080 iter=02/20 current=7.8222 best=7.8165 stagnation=0.75
[train:rollout] step=00080 iter=04/20 current=7.8204 best=7.8133 stagnation=2.31
[train:rollout] step=00080 iter=06/20 current=7.8157 best=7.8106 stagnation=3.44
[train:rollout] step=00080 iter=08/20 current=7.8215 best=7.8100 stagnation=4.94
[train:rollout] step=00080 iter=10/20 current=7.8186 best=7.8100 stagnation=6.94
[train:rollout] step=00080 iter=12/20 current=7.8276 best=7.8078 stagnation=7.75
[train:rollout] step=00080 iter=14/20 current=7.8165 best=7.8078 stagnation=9.38
[train:rollout] step=00080 iter=16/20 current=7.8221 best=7.8078 stagnation=10.38
[train:rollout] step=00080 iter=18/20 current=7.8151 best=7.8071 stagnation=11.19
[train:rollout] step=00080 iter=20/20 current=7.8170 best=7.8071 stagnation=13.06
[train:done] step=00080 total_t=12.02s rollout_t=10.96s opt_t=0.15s loss=0.3564 init=7.8615 final=7.8071 improve=0.0544 baseline=0.0544 entropy=21.3024
[train] step=00080 loss=0.3564 init=7.8615 final=7.8071 improve=0.0544 entropy=21.3024 baseline=0.0544 adv_mean=0.0000 total_t=12.02s
[train] step=00080 init_dist=lehd:1.00, elg:0.00, difusco:0.00
[train] step=00080 op_dist=two_opt:0.28, lehd_rrc_step:0.47, dact_2opt_step:0.25
[train] step=00080 timing select=0.00s reset=0.90s rollout=10.96s optimize=0.15s
[save] wrote metrics snapshot -> 0new/operator_policy/outputs/default/latest_metrics.json
[eval] step=00080 starting evaluation
[eval] step=00080 init=5.2787 final=5.1491 improve=0.1297 elapsed=90.13s
[eval] step=00080 init_dist=lehd:1.00, elg:0.00, difusco:0.00
[eval] step=00080 op_dist=two_opt:0.00, lehd_rrc_step:1.00, dact_2opt_step:0.00
[ckpt] saved 0new/operator_policy/outputs/default/selector_last.pt
[ckpt] saved new best 0new/operator_policy/outputs/default/selector_best.pt final=5.1491
[save] wrote eval snapshot -> 0new/operator_policy/outputs/default/latest_metrics.json
[run] training finished elapsed=1079.09s
